FID,OBJECTID,ULAND,UREGBEZ,UKREIS,UGEMEINDE,UJAHR,UMONAT,USTUNDE,UWOCHENTAG,UKATEGORIE,UART,UTYP1,ULICHTVERH,IstStrasse,IstRad,IstPKW,IstFuss,IstKrad,IstGkfz,IstSonstig,LINREFX,LINREFY,XGCSWGS84,YGCSWGS84
191,192,1,0,53,32,2016,1,8,5,3,8,1,0,2,0,1,0,0,0,0,5.93017E+20,5.92342E+21,1.04007E+16,5.34516E+16
192,193,1,0,59,182,2016,1,9,3,2,5,3,0,0,0,1,0,0,0,0,5.31519E+20,6.06351E+21,9.48929E+15,5.47179E+16
193,194,1,0,61,56,2016,1,12,4,3,2,2,0,0,0,1,0,0,0,1,5.31611E+20,5.97155E+21,9.48099E+15,5.38914E+16
194,195,1,0,3,0,2016,1,8,5,3,0,7,0,2,1,0,0,0,0,0,6.09874E+20,5.96915E+21,1.06706E+16,5.38592E+16
195,196,1,0,57,35,2016,1,11,1,3,8,1,0,2,0,1,0,0,0,0,6.02171E+20,6.0153E+21,1.05691E+16,5.42754E+16
196,197,1,0,61,57,2016,1,16,5,2,7,7,2,0,0,0,0,1,0,0,5.31617E+20,5.96988E+21,9.48092E+15,5.38764E+16
197,198,1,0,3,0,2016,1,18,1,3,2,6,2,1,0,1,0,0,0,0,6.09394E+20,5.97168E+21,1.06642E+16,5.3882E+16
198,199,1,0,60,4,2016,1,8,2,3,5,3,0,0,1,1,0,0,0,0,5.57601E+20,5.97526E+21,9.87712E+15,5.39225E+16
199,200,1,0,1,0,2016,1,5,4,3,6,1,2,0,1,0,1,0,0,0,5.27274E+20,6.07248E+21,9.42425E+15,5.47987E+16
200,201,1,0,62,9,2016,1,4,6,3,9,1,2,2,0,1,0,0,0,0,5.78896E+20,5.93608E+21,1.01913E+16,5.35676E+16
201,202,1,0,59,57,2016,1,4,7,3,9,7,2,1,0,1,0,0,0,0,5.31472E+20,6.04473E+21,9.48655E+15,5.45491E+16
202,203,1,0,3,0,2016,1,12,2,3,2,6,0,0,0,1,0,0,0,0,6.10905E+20,5.96909E+21,1.06863E+16,5.38584E+16
203,204,1,0,1,0,2016,1,18,5,2,6,3,2,1,0,1,1,0,0,0,5.25904E+20,6.06765E+21,9.40251E+15,5.47555E+16
204,205,1,0,2,0,2016,1,16,4,3,5,2,1,1,1,1,0,0,0,0,5.73402E+20,6.01919E+21,1.01284E+16,5.43153E+16
205,206,1,0,62,60,2016,1,1,6,3,7,7,2,1,0,1,0,0,0,0,5.84497E+20,5.93602E+21,1.02759E+16,5.35663E+16
206,207,1,0,56,41,2016,1,13,7,3,5,3,0,1,0,1,0,0,0,0,5.59398E+20,5.95324E+21,9.90023E+15,5.37244E+16
207,208,1,0,62,61,2016,1,15,5,3,2,6,0,0,0,1,0,0,0,0,5.99136E+20,5.96468E+21,1.0506E+16,5.38212E+16
208,209,1,0,55,2,2016,1,17,3,3,3,6,2,0,0,1,0,0,0,0,6.16669E+20,5.99766E+21,1.07848E+16,5.41138E+16
209,210,1,0,60,37,2016,1,7,2,3,9,1,2,1,0,1,0,0,0,0,5.5479E+20,5.96627E+21,9.83272E+15,5.3842E+16
210,211,1,0,54,73,2016,1,6,5,3,9,1,2,2,0,1,0,0,0,0,4.99788E+20,6.07698E+21,8.9967E+15,5.484E+16
211,212,1,0,62,50,2016,1,10,4,2,5,2,0,1,0,1,0,0,0,0,5.85563E+20,5.96065E+21,1.02987E+16,5.37874E+16
212,213,1,0,2,0,2016,1,1,6,3,8,1,2,1,0,1,0,0,0,0,5.72856E+20,6.01798E+21,1.01197E+16,5.43045E+16
213,214,1,0,58,46,2016,1,8,5,3,8,1,1,2,0,1,0,0,0,0,5.54815E+20,6.00505E+21,9.84009E+15,5.41906E+16
214,215,1,0,51,39,2016,1,12,7,3,4,6,0,2,0,1,0,0,0,0,5.06345E+20,5.98743E+21,9.09688E+15,5.40351E+16
215,216,1,0,53,9,2016,1,17,5,3,5,3,2,0,0,1,0,0,0,1,6.08008E+20,5.95508E+21,1.06373E+16,5.37332E+16
216,217,1,0,60,63,2016,1,16,7,3,5,2,1,1,0,1,0,0,0,0,5.65108E+20,5.95669E+21,9.98748E+15,5.37548E+16
217,218,1,0,3,0,2016,1,16,2,3,2,6,1,0,0,1,0,0,0,0,6.08558E+20,5.96945E+21,1.06507E+16,5.38622E+16
218,219,1,0,55,21,2016,1,7,3,1,6,4,2,0,0,1,1,0,0,0,6.28039E+20,6.02639E+21,1.09709E+16,5.43692E+16
219,220,1,0,56,39,2016,1,20,6,3,2,6,2,2,0,1,0,0,0,0,5.51988E+20,5.94594E+21,9.78671E+15,5.36596E+16
220,221,1,0,56,39,2016,1,22,6,3,5,2,2,1,0,1,0,1,0,0,5.52414E+20,5.94794E+21,9.79349E+15,5.36776E+16
221,222,1,0,60,44,2016,1,17,6,3,5,2,2,0,0,1,0,0,0,0,5.63866E+20,5.96361E+21,9.97008E+15,5.38171E+16
222,223,1,0,55,40,2016,1,13,4,3,2,2,0,1,0,1,0,0,0,1,6.07303E+20,5.97708E+21,1.06343E+16,5.3931E+16
223,224,1,0,60,39,2016,1,12,1,3,8,1,0,0,0,1,0,0,0,0,5.62632E+20,5.96268E+21,9.95116E+15,5.38089E+16
224,225,1,0,60,44,2016,1,16,4,2,5,2,1,1,1,1,0,0,0,0,5.63039E+20,5.96581E+21,9.95798E+15,5.3837E+16
225,226,1,0,56,41,2016,1,17,4,3,2,6,2,0,0,1,0,0,0,0,5.61952E+20,5.95268E+21,9.93882E+15,5.37191E+16
226,227,1,0,56,15,2016,1,20,2,3,0,7,2,1,1,0,0,0,0,0,5.44154E+20,5.95686E+21,9.66973E+15,5.37585E+16
227,228,1,0,54,76,2016,1,13,2,3,1,5,0,0,0,1,0,0,1,0,4.98074E+20,6.06955E+21,8.97007E+15,5.47731E+16
228,229,1,0,61,36,2016,1,14,5,2,9,7,0,1,0,1,0,0,0,0,5.4682E+20,5.98848E+21,9.71501E+15,5.40425E+16
229,230,1,0,4,0,2016,1,5,6,3,8,1,2,2,0,1,0,0,0,0,5.65484E+20,5.99107E+21,1.00005E+16,5.40637E+16
230,231,1,0,2,0,2016,1,23,7,3,8,7,2,1,0,1,0,0,0,0,5.73822E+20,6.01948E+21,1.01349E+16,5.43179E+16
231,232,1,0,2,0,2016,1,11,2,3,5,3,0,0,0,1,0,0,0,0,5.72267E+20,6.01832E+21,1.01107E+16,5.43076E+16
232,233,1,0,59,77,2016,1,12,6,3,1,5,0,1,0,1,0,0,0,0,5.3106E+20,6.04056E+21,9.47975E+15,5.45117E+16
233,234,1,0,62,4,2016,1,12,6,3,2,6,0,1,0,1,0,0,0,0,5.89448E+20,5.96238E+21,1.03582E+16,5.38022E+16
234,235,1,0,58,3,2016,1,2,6,3,9,1,2,1,0,1,0,0,0,0,5.36759E+20,6.02284E+21,9.56556E+15,5.4352E+16
235,236,1,0,62,60,2016,1,10,6,3,2,2,0,0,0,1,0,0,0,1,5.81109E+20,5.92999E+21,1.02231E+16,5.35126E+16
236,237,1,0,2,0,2016,1,15,4,3,3,6,0,0,1,1,0,0,0,0,5.72403E+20,6.02212E+21,1.01137E+16,5.43418E+16
237,238,1,0,60,44,2016,1,10,3,3,2,6,0,1,0,1,0,0,0,0,5.63582E+20,5.96591E+21,9.96624E+15,5.38379E+16
238,239,1,0,57,35,2016,1,14,3,3,8,1,0,2,0,1,0,0,0,0,6.02187E+20,6.01535E+21,1.05694E+16,5.42759E+16
239,240,1,0,58,24,2016,1,9,2,2,2,6,0,1,0,1,0,0,0,0,5.4528E+20,6.02102E+21,9.69638E+15,5.4335E+16
240,241,1,0,56,49,2016,1,18,5,3,0,2,2,1,1,1,0,0,0,0,5.4525E+20,5.9492E+21,9.68523E+15,5.36895E+16
241,242,1,0,2,0,2016,1,7,3,3,5,3,1,1,1,1,0,0,0,0,5.7288E+20,6.02003E+21,1.01205E+16,5.4323E+16
242,243,1,0,1,0,2016,1,8,5,2,6,3,1,2,0,1,1,0,0,0,5.28169E+20,6.07053E+21,9.43798E+15,5.47812E+16
243,244,1,0,55,1,2016,1,16,5,3,2,6,0,1,0,1,0,0,0,0,6.04619E+20,5.98784E+21,1.05972E+16,5.40282E+16
244,245,1,0,60,14,2016,1,14,1,3,8,1,0,2,0,1,0,0,0,0,5.71486E+20,5.97707E+21,1.00889E+16,5.39371E+16
245,246,1,0,59,187,2016,1,12,6,3,0,1,0,2,0,1,0,0,0,0,5.50345E+20,6.05165E+21,9.7795E+15,5.46098E+16
246,247,1,0,60,63,2016,1,12,3,3,5,2,0,1,0,1,0,0,0,0,5.65698E+20,5.95597E+21,9.99627E+15,5.37482E+16
247,248,1,0,58,43,2016,1,4,1,2,8,1,2,2,0,1,0,0,0,0,5.54069E+20,6.03452E+21,9.83399E+15,5.44555E+16
248,249,1,0,62,92,2016,1,10,3,3,4,1,0,1,0,1,0,0,0,0,5.87872E+20,5.96688E+21,1.03356E+16,5.3843E+16
249,250,1,0,4,0,2016,1,6,6,1,5,3,2,1,0,1,0,0,0,1,5.62377E+20,5.99738E+21,9.95438E+15,5.41207E+16
250,251,1,0,62,65,2016,1,8,5,3,8,1,0,2,0,1,0,0,0,0,5.90705E+20,5.96057E+21,1.03768E+16,5.37858E+16
251,252,1,0,54,9,2016,1,16,4,3,9,1,0,0,0,1,0,0,0,0,4.8768E+20,6.08186E+21,8.80797E+15,5.48836E+16
252,253,1,0,1,0,2016,1,9,3,3,5,3,0,2,0,1,0,0,0,0,5.27435E+20,6.07204E+21,9.42671E+15,5.47948E+16
253,254,1,0,54,88,2016,1,18,2,3,5,3,2,1,0,1,0,0,0,0,4.86316E+20,6.07423E+21,8.78705E+15,5.48151E+16
254,255,1,0,3,0,2016,1,13,4,3,5,3,0,0,1,1,0,0,0,0,6.07374E+20,5.97023E+21,1.0633E+16,5.38694E+16
255,256,1,0,59,8,2016,1,17,3,3,6,4,2,0,0,1,1,0,0,0,5.37711E+20,6.051E+21,9.58381E+15,5.46051E+16
256,257,1,0,55,35,2016,1,6,3,2,2,6,2,1,0,1,0,0,0,0,6.13934E+20,5.98107E+21,1.07368E+16,5.39654E+16
257,258,1,0,54,14,2016,1,6,5,3,8,1,2,2,0,1,0,0,0,0,4.96641E+20,6.05615E+21,8.94794E+15,5.46527E+16
258,259,1,0,56,15,2016,1,7,4,3,2,6,0,2,0,1,0,0,1,0,5.43827E+20,5.95662E+21,9.66474E+15,5.37563E+16
259,260,1,0,3,0,2016,1,8,5,2,0,7,0,2,1,0,0,0,0,0,6.09877E+20,5.96915E+21,1.06707E+16,5.38592E+16
260,261,1,0,59,113,2016,1,12,1,3,2,6,0,0,0,1,0,0,0,0,5.31783E+20,6.0749E+21,9.49465E+15,5.48203E+16
261,262,1,0,51,74,2016,1,16,5,3,2,6,1,1,0,1,0,0,1,0,5.04293E+20,5.99412E+21,9.06564E+15,5.40953E+16
262,263,1,0,61,42,2016,1,13,7,3,0,1,0,2,1,0,0,0,0,0,5.40618E+20,5.98167E+21,9.61938E+15,5.39817E+16
263,264,1,0,62,4,2016,1,19,2,3,1,5,2,1,0,1,0,0,0,0,5.89325E+20,5.96334E+21,1.03566E+16,5.38109E+16
264,265,1,0,56,18,2016,1,14,3,3,2,6,0,1,0,1,0,0,0,0,5.54532E+20,5.94201E+21,9.82452E+15,5.36241E+16
265,266,1,0,58,1,2016,1,8,7,3,9,1,0,2,0,1,0,0,0,0,5.62206E+20,6.01951E+21,9.95635E+15,5.43197E+16
266,267,1,0,3,0,2016,1,0,6,3,0,7,2,1,1,0,0,0,0,0,6.11255E+20,5.97093E+21,1.06923E+16,5.38749E+16
267,268,1,0,51,141,2016,1,11,2,2,5,3,0,1,1,1,0,0,0,0,5.09705E+20,6.00967E+21,9.14889E+15,5.42349E+16
268,269,1,0,56,42,2016,1,19,1,3,9,1,2,2,0,1,0,0,0,0,5.39397E+20,5.95465E+21,9.5973E+15,5.3739E+16
269,270,1,0,2,0,2016,1,16,4,3,3,2,1,1,1,0,0,0,0,1,5.7245E+20,6.02113E+21,1.01142E+16,5.43328E+16
270,271,1,0,60,26,2016,1,9,6,3,9,1,0,2,0,1,0,0,0,0,5.77868E+20,5.98822E+21,1.0189E+16,5.40364E+16
271,272,1,0,51,1,2016,1,13,2,3,5,3,0,0,0,1,0,0,1,0,5.17109E+20,5.99677E+21,9.26176E+15,5.41188E+16
272,273,1,0,54,63,2016,1,7,5,3,1,6,2,2,0,1,0,0,0,0,4.87743E+20,6.02066E+21,8.8115E+15,5.43337E+16
273,274,1,0,4,0,2016,1,16,4,3,3,2,1,0,1,0,0,0,0,0,5.64587E+20,5.99193E+21,9.98702E+15,5.40715E+16
274,275,1,0,59,164,2016,1,4,6,3,9,1,2,2,0,1,0,0,0,0,5.51604E+20,6.06798E+21,9.80187E+15,5.47564E+16
275,276,1,0,2,0,2016,1,10,5,3,0,3,0,0,0,0,0,0,0,1,5.71879E+20,6.02363E+21,1.0106E+16,5.43554E+16
276,277,1,0,61,34,2016,1,11,7,2,4,6,0,2,0,1,0,0,0,1,5.29608E+20,5.97686E+21,9.45103E+15,5.39392E+16
277,278,1,0,3,0,2016,1,12,5,3,2,2,0,0,1,1,0,0,0,0,6.10117E+20,5.96992E+21,1.06746E+16,5.38661E+16
278,279,1,0,3,0,2016,1,14,7,3,2,6,0,1,0,1,0,0,0,0,6.09611E+20,5.97038E+21,1.06671E+16,5.38703E+16
279,280,1,0,58,104,2016,1,7,2,3,2,6,2,0,0,1,0,0,0,0,5.67356E+20,6.01822E+21,1.00352E+16,5.43075E+16
280,281,1,0,4,0,2016,1,7,3,3,5,3,2,0,0,1,0,1,0,0,5.64197E+20,5.99202E+21,9.98108E+15,5.40724E+16
281,282,1,0,57,27,2016,1,6,6,3,4,6,1,1,0,0,0,0,0,1,6.04465E+20,6.01189E+21,1.06031E+16,5.42443E+16
282,283,1,0,56,49,2016,1,13,6,3,0,2,0,1,1,1,0,0,0,0,5.43801E+20,5.94848E+21,9.66319E+15,5.36832E+16
283,284,1,0,58,40,2016,1,9,7,3,0,2,0,0,0,1,1,0,0,0,5.62089E+20,6.04754E+21,9.96043E+15,5.45716E+16
284,285,1,0,56,5,2016,1,16,6,3,5,2,1,0,1,1,0,0,0,0,5.60103E+20,5.9466E+21,9.90963E+15,5.36647E+16
285,286,1,0,4,0,2016,1,18,4,3,2,6,2,0,0,1,0,0,0,0,5.6387E+20,5.99379E+21,9.97645E+15,5.40884E+16
286,287,1,0,1,0,2016,1,20,1,3,1,6,2,0,0,1,0,0,0,0,5.27649E+20,6.07158E+21,9.43E+15,5.47906E+16
287,288,1,0,53,90,2016,1,15,4,3,2,6,0,1,0,1,0,0,0,0,6.10902E+20,5.9426E+21,1.06767E+16,5.36204E+16
288,289,1,0,51,44,2016,1,18,3,3,5,2,2,1,0,1,0,0,0,0,5.05871E+20,6.0058E+21,9.09E+15,5.42002E+16
289,290,1,0,3,0,2016,1,11,3,3,0,7,0,0,0,1,0,0,0,0,6.08621E+20,5.97048E+21,1.06521E+16,5.38714E+16
290,291,1,0,54,56,2016,1,17,7,3,5,3,2,1,0,1,0,0,0,0,5.0346E+20,6.03751E+21,9.05341E+15,5.44852E+16
291,292,1,0,2,0,2016,1,23,2,3,4,6,2,2,0,1,0,0,0,0,5.69112E+20,6.02026E+21,1.00627E+16,5.43255E+16
292,293,1,0,56,39,2016,1,16,5,3,2,6,2,1,0,1,0,0,0,0,5.52813E+20,5.94786E+21,9.79952E+15,5.36768E+16
293,294,1,0,59,186,2016,1,9,4,3,8,1,0,2,0,0,0,0,1,0,5.46548E+20,6.07186E+21,9.72393E+15,5.47917E+16
294,295,1,0,55,28,2016,1,12,7,3,3,6,0,0,0,1,0,0,0,0,6.02033E+20,6.00461E+21,1.05634E+16,5.41794E+16
295,296,1,0,60,47,2016,1,17,4,3,5,3,2,0,1,1,0,0,0,0,5.6648E+20,5.96298E+21,1.00096E+16,5.38111E+16
296,297,1,0,59,112,2016,1,8,2,2,5,2,0,2,1,1,0,0,0,0,5.57561E+20,6.06695E+21,9.89421E+15,5.47465E+16
297,298,1,0,61,76,2016,1,5,5,3,9,1,2,2,0,0,0,0,0,1,5.27594E+20,5.98636E+21,9.42122E+15,5.40248E+16
298,299,1,0,55,12,2016,1,14,6,3,2,2,0,2,0,1,0,0,0,0,6.0664E+20,5.99857E+21,1.06318E+16,5.41242E+16
299,300,1,0,62,5,2016,1,7,3,3,2,6,2,1,0,1,0,0,0,0,5.78151E+20,5.95818E+21,1.01856E+16,5.37664E+16
300,301,1,0,3,0,2016,1,12,6,3,2,6,0,1,0,1,0,0,0,0,6.09609E+20,5.97295E+21,1.0668E+16,5.38934E+16
301,302,1,0,59,64,2016,1,22,4,2,9,1,2,2,0,1,0,0,0,0,5.16397E+20,6.02273E+21,9.25228E+15,5.43521E+16
302,303,1,0,53,32,2016,1,7,3,3,6,4,2,1,0,1,1,0,0,0,5.90279E+20,5.92317E+21,1.03594E+16,5.34498E+16
303,304,1,0,2,0,2016,1,12,3,3,2,6,0,2,0,1,0,0,0,0,5.76003E+20,6.01925E+21,1.01683E+16,5.43154E+16
304,305,1,0,57,86,2016,1,9,2,3,2,6,0,1,0,1,0,0,0,0,5.7629E+20,6.00492E+21,1.01691E+16,5.41866E+16
305,306,1,0,56,39,2016,1,12,2,3,5,2,0,2,1,1,0,0,0,0,5.52948E+20,5.94614E+21,9.80127E+15,5.36613E+16
306,307,1,0,53,10,2016,1,19,2,3,2,6,2,0,0,1,0,0,0,0,6.16041E+20,5.93302E+21,1.07508E+16,5.35332E+16
307,308,1,0,56,43,2016,1,19,5,3,6,4,2,1,0,1,1,0,0,0,5.55023E+20,5.94557E+21,9.83257E+15,5.3656E+16
308,309,1,0,58,36,2016,1,18,6,3,1,1,2,2,0,1,0,0,0,0,5.26366E+20,6.01926E+21,9.40535E+15,5.43205E+16
309,310,1,0,55,46,2016,1,9,3,3,8,1,0,1,0,1,0,0,0,0,6.43226E+20,6.03752E+21,1.12099E+16,5.44651E+16
310,311,1,0,62,4,2016,1,7,5,3,8,1,2,2,0,1,0,0,0,0,5.88363E+20,5.96287E+21,1.03419E+16,5.38069E+16
311,312,1,0,61,15,2016,1,23,3,3,8,1,2,1,0,1,0,0,0,0,5.31471E+20,5.96531E+21,9.47823E+15,5.38353E+16
312,313,1,0,56,35,2016,1,18,1,3,9,1,2,2,0,1,0,0,0,0,5.49535E+20,5.96378E+21,9.75246E+15,5.38202E+16
313,314,1,0,59,83,2016,1,15,3,3,2,6,0,2,0,1,0,0,1,0,5.48913E+20,6.05492E+21,9.75786E+15,5.46393E+16
314,315,1,0,59,62,2016,1,7,2,2,4,6,2,2,0,1,0,0,0,0,5.33735E+20,6.04632E+21,9.52172E+15,5.45633E+16
315,316,1,0,4,0,2016,1,18,4,3,5,3,2,0,0,1,0,0,0,0,5.64357E+20,5.9927E+21,9.98368E+15,5.40785E+16
316,317,1,0,2,0,2016,1,5,7,3,9,1,2,1,0,1,0,0,0,0,5.72878E+20,6.01799E+21,1.012E+16,5.43046E+16
317,318,1,0,62,11,2016,1,7,3,3,7,7,1,0,0,1,0,0,1,0,5.81625E+20,5.94166E+21,1.0234E+16,5.36174E+16
318,319,1,0,61,42,2016,1,7,2,2,0,1,2,2,0,0,0,1,0,0,5.42012E+20,5.97969E+21,9.64037E+15,5.39639E+16
319,320,1,0,54,36,2016,1,17,5,3,5,3,2,1,1,1,0,0,0,0,4.85583E+20,6.02001E+21,8.77832E+15,5.43278E+16
320,321,1,0,53,14,2016,1,13,4,3,2,6,0,1,0,1,0,0,0,0,6.08203E+20,5.94125E+21,1.06355E+16,5.36089E+16
321,322,1,0,57,68,2016,1,13,6,2,9,1,0,1,0,1,0,0,0,0,5.77634E+20,5.99215E+21,1.01864E+16,5.40717E+16
322,323,1,0,58,112,2016,1,8,5,3,9,1,0,2,0,1,0,0,0,0,5.65598E+20,6.02434E+21,1.00095E+16,5.43626E+16
323,324,1,0,54,75,2016,1,4,1,3,9,1,2,2,0,1,0,0,0,0,4.91305E+20,6.05892E+21,8.86515E+15,5.46776E+16
324,325,1,0,56,50,2016,1,23,5,3,0,1,2,2,0,1,0,0,0,0,5.48154E+20,5.93752E+21,9.72739E+15,5.35843E+16
325,326,1,0,59,171,2016,2,22,3,3,5,3,2,1,0,1,0,0,0,0,5.25485E+20,6.05683E+21,9.39505E+15,5.46582E+16
326,327,1,0,51,141,2016,2,13,7,3,5,2,0,0,0,1,0,0,0,1,5.10613E+20,6.01048E+21,9.16285E+15,5.42422E+16
327,328,1,0,3,0,2016,1,7,3,3,5,3,1,0,0,1,0,0,0,0,6.08885E+20,5.96979E+21,1.06558E+16,5.38651E+16
328,329,1,0,3,0,2016,2,7,5,3,5,3,0,1,0,1,0,0,0,0,6.10173E+20,5.97081E+21,1.06758E+16,5.3874E+16
329,330,1,0,60,30,2016,2,8,5,2,8,7,0,1,0,1,0,0,0,0,5.84789E+20,5.98129E+21,1.02927E+16,5.3973E+16
330,331,1,0,3,0,2016,1,3,1,3,8,1,2,1,0,1,0,0,0,0,6.05471E+20,5.97086E+21,1.06043E+16,5.38754E+16
331,332,1,0,56,33,2016,1,9,7,3,8,1,0,2,0,1,0,0,0,0,5.39467E+20,5.95124E+21,9.59793E+15,5.37083E+16
332,333,1,0,55,16,2016,1,10,6,3,5,3,0,0,1,1,0,0,0,0,6.27221E+20,6.00201E+21,1.0948E+16,5.41504E+16
333,334,1,0,56,18,2016,1,8,7,3,2,6,0,1,0,1,0,0,0,0,5.55378E+20,5.94314E+21,9.83752E+15,5.36342E+16
334,335,1,0,3,0,2016,1,14,7,3,5,3,0,0,0,1,0,0,0,0,6.22479E+20,5.98226E+21,1.08674E+16,5.39741E+16
335,336,1,0,1,0,2016,2,9,7,3,5,3,0,1,0,1,0,0,0,0,5.28004E+20,6.06832E+21,9.43519E+15,5.47613E+16
336,337,1,0,56,31,2016,2,19,4,3,3,6,2,1,0,1,0,0,0,0,5.46769E+20,5.95642E+21,9.70933E+15,5.37543E+16
337,338,1,0,55,27,2016,1,7,5,2,0,3,2,1,0,1,0,1,0,0,6.22796E+20,6.00915E+21,1.08832E+16,5.42157E+16
338,339,1,0,55,40,2016,2,7,2,3,4,2,0,0,0,1,0,0,0,0,6.07768E+20,5.9742E+21,1.06404E+16,5.3905E+16
339,340,1,0,61,44,2016,1,8,7,3,9,1,1,2,0,1,0,0,0,0,5.4209E+20,5.96429E+21,9.63944E+15,5.38255E+16
340,341,1,0,56,39,2016,2,12,4,3,6,3,0,0,0,1,1,0,0,0,5.52997E+20,5.9461E+21,9.80201E+15,5.3661E+16
341,342,1,0,62,60,2016,2,15,6,3,4,6,0,0,0,1,0,0,0,0,5.82712E+20,5.93192E+21,1.02478E+16,5.35297E+16
342,343,1,0,51,44,2016,2,14,6,3,5,3,0,0,1,1,0,0,0,0,5.0587E+20,6.0048E+21,9.08997E+15,5.41912E+16
343,344,1,0,4,0,2016,1,15,4,3,0,1,0,1,1,0,0,0,0,1,5.62424E+20,5.99072E+21,9.95372E+15,5.40609E+16
344,345,1,0,3,0,2016,1,11,2,3,3,2,0,1,1,1,0,0,0,0,6.10388E+20,5.968E+21,1.0678E+16,5.38488E+16
345,346,1,0,59,120,2016,2,6,5,3,2,6,2,1,0,1,0,0,0,0,5.26631E+20,6.07548E+21,9.41452E+15,5.48258E+16
346,347,1,0,60,63,2016,1,15,5,3,5,3,0,0,1,1,0,0,0,0,5.6789E+20,5.95004E+21,1.00282E+16,5.36946E+16
347,348,1,0,51,1,2016,1,10,7,3,8,7,0,1,0,0,0,0,0,1,5.16088E+20,5.99953E+21,9.24628E+15,5.41437E+16
348,349,1,0,55,12,2016,1,11,6,3,2,6,0,2,0,1,0,0,0,0,6.06484E+20,5.99867E+21,1.06294E+16,5.41251E+16
349,350,1,0,59,75,2016,2,12,5,3,5,2,0,0,1,1,0,0,0,0,5.3622E+20,6.04224E+21,9.55965E+15,5.45265E+16
350,351,1,0,60,39,2016,1,13,6,3,5,3,0,1,0,1,0,0,0,0,5.64701E+20,5.96264E+21,9.98257E+15,5.38083E+16
351,352,1,0,3,0,2016,2,9,6,3,5,3,0,1,0,1,0,0,0,0,6.11237E+20,5.97169E+21,1.06923E+16,5.38818E+16
352,353,1,0,56,15,2016,1,11,4,3,5,3,0,1,1,1,0,0,0,0,5.44826E+20,5.95651E+21,9.67987E+15,5.37553E+16
353,354,1,0,56,42,2016,2,7,3,3,0,1,0,0,1,0,0,0,0,0,5.40419E+20,5.95535E+21,9.61289E+15,5.37452E+16
354,355,1,0,2,0,2016,1,13,7,2,2,6,0,0,0,1,0,0,0,0,5.74369E+20,6.01769E+21,1.01428E+16,5.43016E+16
355,356,1,0,51,49,2016,2,22,6,3,6,4,2,1,0,1,1,0,0,0,5.10146E+20,6.01534E+21,9.15586E+15,5.42859E+16
356,357,1,0,56,2,2016,2,19,3,3,5,3,2,1,0,1,0,0,0,0,5.50595E+20,5.96085E+21,9.76808E+15,5.37938E+16
357,358,1,0,2,0,2016,1,6,5,3,2,6,2,1,0,1,0,0,1,0,5.7564E+20,6.01949E+21,1.01628E+16,5.43177E+16
358,359,1,0,56,44,2016,2,16,2,3,5,3,1,1,1,1,0,0,0,0,5.53901E+20,5.9404E+21,9.8147E+15,5.36096E+16
359,360,1,0,58,54,2016,2,14,2,2,2,6,0,0,0,1,0,0,0,0,5.39021E+20,6.0174E+21,9.59966E+15,5.4303E+16
360,361,1,0,61,115,2016,1,17,6,3,9,1,2,2,0,1,0,0,0,0,5.44613E+20,5.97632E+21,9.67952E+15,5.39333E+16
361,362,1,0,3,0,2016,2,9,4,3,6,4,0,0,0,1,1,0,0,0,6.08291E+20,5.96918E+21,1.06466E+16,5.38598E+16
362,363,1,0,3,0,2016,2,20,6,2,5,3,2,0,0,1,0,0,0,1,6.14082E+20,5.969E+21,1.07345E+16,5.38569E+16
363,364,1,0,2,0,2016,1,19,4,2,6,4,2,1,0,1,1,0,0,0,5.73574E+20,6.01919E+21,1.0131E+16,5.43152E+16
364,365,1,0,4,0,2016,1,8,2,3,3,6,0,1,0,1,0,0,0,0,5.63132E+20,5.99194E+21,9.9648E+15,5.40718E+16
365,366,1,0,1,0,2016,2,5,5,3,8,1,2,2,0,0,0,0,0,1,5.25224E+20,6.06917E+21,9.39208E+15,5.47691E+16
366,367,1,0,53,3,2016,1,15,6,3,2,6,0,0,0,1,0,0,0,0,5.87405E+20,5.93198E+21,1.03186E+16,5.35295E+16
367,368,1,0,56,18,2016,2,8,4,3,5,3,0,1,0,1,0,0,0,0,5.54533E+20,5.94201E+21,9.82453E+15,5.36241E+16
368,369,1,0,55,32,2016,2,6,3,2,2,2,2,1,0,1,0,0,1,0,6.19107E+20,5.99951E+21,1.08228E+16,5.41299E+16
369,370,1,0,2,0,2016,2,14,6,3,2,6,0,1,0,1,0,0,0,0,5.73452E+20,6.01784E+21,1.01288E+16,5.43032E+16
370,371,1,0,3,0,2016,2,17,3,3,2,6,2,1,0,1,0,0,0,0,6.06716E+20,5.96956E+21,1.06228E+16,5.38636E+16
371,372,1,0,2,0,2016,2,9,2,3,2,6,0,1,0,1,0,0,0,0,5.73035E+20,6.01973E+21,1.01229E+16,5.43202E+16
372,373,1,0,3,0,2016,2,10,1,3,5,3,0,0,1,1,0,0,0,0,6.11254E+20,5.97093E+21,1.06923E+16,5.38749E+16
373,374,1,0,2,0,2016,2,22,1,3,5,3,2,1,0,1,0,0,0,0,5.77063E+20,6.02079E+21,1.0185E+16,5.43292E+16
374,375,1,0,62,4,2016,1,14,4,3,9,1,0,1,0,1,0,0,0,0,5.86669E+20,5.9612E+21,1.03157E+16,5.37922E+16
375,376,1,0,61,29,2016,2,15,5,3,6,6,0,0,1,0,1,0,0,0,5.2763E+20,5.96043E+21,9.41942E+15,5.37918E+16
376,377,1,0,2,0,2016,2,10,4,3,2,6,0,0,0,1,0,0,0,0,5.78096E+20,6.021E+21,1.0201E+16,5.43308E+16
377,378,1,0,57,25,2016,2,17,6,3,2,6,1,1,0,1,0,0,0,1,5.78084E+20,6.02452E+21,1.02017E+16,5.43625E+16
378,379,1,0,59,68,2016,1,9,2,3,4,2,0,1,0,1,0,0,0,0,5.55215E+20,6.05563E+21,9.85564E+15,5.4645E+16
379,380,1,0,54,152,2016,1,12,1,3,5,3,0,1,0,1,0,0,0,0,5.13461E+20,6.04057E+21,9.20792E+15,5.45126E+16
380,381,1,0,3,0,2016,2,10,2,3,5,3,0,1,1,0,0,0,1,0,6.10039E+20,5.96941E+21,1.06732E+16,5.38615E+16