FID,OBJECTID,ULAND,UREGBEZ,UKREIS,UGEMEINDE,UJAHR,UMONAT,USTUNDE,UWOCHENTAG,UKATEGORIE,UART,UTYP1,ULICHTVERH,IstStrasse,IstRad,IstPKW,IstFuss,IstKrad,IstGkfz,IstSonstig,LINREFX,LINREFY,XGCSWGS84,YGCSWGS84
570,571,1,0,57,55,2016,2,12,6,2,5,3,0,0,0,1,0,1,0,0,6.01886E+20,6.01971E+21,1.05663E+16,5.43151E+16
571,572,1,0,2,0,2016,1,15,1,3,3,1,0,1,0,1,0,0,0,0,5.7292E+20,6.01796E+21,1.01207E+16,5.43043E+16
572,573,1,0,60,94,2016,2,18,4,3,4,6,2,1,0,1,0,0,0,0,5.72045E+20,5.96162E+21,1.00938E+16,5.37981E+16
573,574,1,0,55,35,2016,2,14,7,3,8,6,0,0,0,1,0,1,0,0,6.13E+20,5.97811E+21,1.07215E+16,5.3939E+16
574,575,1,0,57,41,2016,1,14,6,3,8,7,0,1,0,1,0,0,0,0,5.90274E+20,6.0272E+21,1.03901E+16,5.43846E+16
575,576,1,0,4,0,2016,2,17,4,3,5,3,2,1,0,1,0,0,0,0,5.64195E+20,5.99048E+21,9.98073E+15,5.40585E+16
576,577,1,0,62,94,2016,1,6,1,3,9,1,2,1,0,1,0,0,0,0,6.00542E+20,5.96577E+21,1.05277E+16,5.38307E+16
577,578,1,0,59,39,2016,1,16,4,3,4,6,2,1,0,1,0,0,0,0,5.24929E+20,6.03542E+21,9.38462E+15,5.44658E+16
578,579,1,0,2,0,2016,1,12,2,2,5,3,0,1,0,1,0,0,0,1,5.74064E+20,6.01832E+21,1.01383E+16,5.43074E+16
579,580,1,0,60,12,2016,2,17,5,2,8,1,2,1,0,1,0,0,0,0,5.79753E+20,5.99178E+21,1.02187E+16,5.4068E+16
580,581,1,0,57,91,2016,2,18,1,3,7,1,2,0,0,1,0,0,0,0,5.78026E+20,6.01899E+21,1.01994E+16,5.43128E+16
581,582,1,0,3,0,2016,1,18,6,3,9,6,2,1,0,1,0,0,0,1,6.11121E+20,5.972E+21,1.06906E+16,5.38846E+16
582,583,1,0,3,0,2016,2,16,4,2,2,6,0,0,0,1,0,0,0,1,6.06983E+20,5.96927E+21,1.06267E+16,5.38609E+16
583,584,1,0,58,27,2016,2,15,3,3,9,7,0,1,0,1,0,0,0,0,5.50553E+20,6.00654E+21,9.77503E+15,5.42044E+16
584,585,1,0,59,158,2016,2,3,6,3,9,1,2,1,0,1,0,0,0,0,5.13209E+20,6.0689E+21,9.2053E+15,5.47672E+16
585,586,1,0,57,85,2016,2,17,3,2,6,2,2,1,0,1,1,0,0,0,5.78962E+20,5.99673E+21,1.02079E+16,5.41127E+16
586,587,1,0,54,56,2016,2,1,2,3,9,1,2,1,0,1,0,0,0,0,5.05933E+20,6.03703E+21,9.09158E+15,5.44809E+16
587,588,1,0,59,67,2016,2,16,1,3,8,1,0,0,0,0,0,1,0,0,5.54607E+20,6.05897E+21,9.84684E+15,5.46751E+16
588,589,1,0,56,15,2016,1,16,3,3,2,6,1,0,0,1,0,0,0,0,5.44857E+20,5.95589E+21,9.68025E+15,5.37497E+16
589,590,1,0,60,44,2016,2,12,5,2,5,2,0,1,0,1,0,0,0,0,5.62915E+20,5.96589E+21,9.95611E+15,5.38377E+16
590,591,1,0,60,12,2016,2,17,6,3,2,1,2,2,0,1,0,0,0,0,5.80734E+20,5.98971E+21,1.02331E+16,5.40493E+16
591,592,1,0,60,63,2016,1,21,1,3,2,6,2,1,0,1,0,0,0,0,5.65695E+20,5.95597E+21,9.99623E+15,5.37482E+16
592,593,1,0,61,54,2016,1,12,7,3,0,3,0,1,0,0,0,0,1,0,5.29914E+20,5.96306E+21,9.45434E+15,5.38152E+16
593,594,1,0,54,168,2016,1,17,6,3,5,3,1,2,1,1,0,0,0,0,4.55913E+20,6.0847E+21,8.31238E+15,5.49074E+16
594,595,1,0,55,27,2016,1,14,1,3,9,1,0,2,0,1,0,0,0,0,6.23799E+20,6.0106E+21,1.08992E+16,5.42284E+16
595,596,1,0,56,44,2016,1,16,7,3,2,6,0,1,0,1,0,0,0,0,5.56504E+20,5.93916E+21,9.85381E+15,5.35983E+16
596,597,1,0,54,124,2016,2,19,7,3,8,6,2,0,0,1,0,0,0,0,5.02355E+20,6.06999E+21,9.03661E+15,5.47771E+16
597,598,1,0,2,0,2016,1,7,6,3,2,6,1,1,0,1,0,0,0,0,5.72115E+20,6.01917E+21,1.01086E+16,5.43153E+16
598,599,1,0,54,76,2016,2,12,4,3,2,6,0,1,0,1,0,0,1,0,4.98827E+20,6.06839E+21,8.98177E+15,5.47627E+16
599,600,1,0,3,0,2016,1,7,5,3,6,4,2,0,0,1,1,0,0,0,6.12657E+20,5.96972E+21,1.07131E+16,5.38637E+16
600,601,1,0,62,14,2016,2,13,2,3,5,7,0,0,0,1,0,0,0,1,5.82549E+20,5.95132E+21,1.02505E+16,5.37041E+16
601,602,1,0,62,4,2016,1,13,6,3,3,6,0,0,1,1,0,0,0,0,5.9137E+20,5.96237E+21,1.03874E+16,5.38018E+16
602,603,1,0,60,99,2016,2,1,6,3,8,1,2,1,0,1,0,0,0,0,5.59341E+20,5.97971E+21,9.90448E+15,5.39623E+16
603,604,1,0,54,56,2016,2,16,3,3,5,3,1,0,1,1,0,0,0,0,5.02302E+20,6.03816E+21,9.03554E+15,5.4491E+16
604,605,1,0,56,15,2016,2,12,3,3,8,7,0,0,0,1,0,0,0,0,5.47043E+20,5.95518E+21,9.7133E+15,5.37431E+16
605,606,1,0,56,21,2016,2,15,7,1,9,7,0,0,0,1,0,0,0,0,5.58787E+20,5.95032E+21,9.89042E+15,5.36983E+16
606,607,1,0,55,41,2016,1,7,3,3,4,6,2,1,0,1,0,0,0,0,6.10419E+20,5.99208E+21,1.06872E+16,5.40651E+16
607,608,1,0,3,0,2016,2,9,5,3,5,3,0,1,0,1,0,0,0,0,6.09664E+20,5.97111E+21,1.06681E+16,5.38768E+16
608,609,1,0,56,13,2016,2,10,5,3,5,3,0,1,0,1,0,0,0,0,5.59182E+20,5.94363E+21,9.89513E+15,5.36381E+16
609,610,1,0,3,0,2016,1,16,1,3,5,3,1,0,0,1,0,0,0,0,6.10299E+20,5.96993E+21,1.06774E+16,5.38661E+16
610,611,1,0,55,17,2016,1,6,7,3,3,6,2,2,0,1,0,0,0,0,6.35885E+20,6.02799E+21,1.10923E+16,5.43815E+16
611,612,1,0,59,185,2016,1,7,6,3,5,3,1,2,0,1,0,0,0,1,5.3855E+20,6.0608E+21,9.59808E+15,5.46931E+16
612,613,1,0,3,0,2016,1,15,7,3,4,2,0,1,0,1,0,0,0,0,6.13657E+20,5.9699E+21,1.07284E+16,5.38651E+16
613,614,1,0,59,75,2016,2,12,7,3,0,1,0,1,1,0,0,0,0,0,5.36062E+20,6.0409E+21,9.55704E+15,5.45144E+16
614,615,1,0,58,50,2016,2,6,4,2,3,1,2,2,0,1,0,0,0,0,5.61768E+20,6.01949E+21,9.94962E+15,5.43195E+16
615,616,1,0,58,34,2016,1,12,5,3,5,6,0,0,0,1,0,0,0,0,5.44831E+20,6.01929E+21,9.68921E+15,5.43195E+16
616,617,1,0,3,0,2016,2,14,2,3,2,6,0,0,0,1,0,1,0,0,6.12558E+20,5.97041E+21,1.07119E+16,5.38699E+16
617,618,1,0,62,4,2016,1,5,6,3,5,3,2,2,0,1,0,0,0,0,5.91022E+20,5.96301E+21,1.03823E+16,5.38076E+16
618,619,1,0,60,96,2016,2,10,4,3,9,1,0,0,0,1,0,0,0,0,5.91753E+20,5.97573E+21,1.03972E+16,5.39219E+16
619,620,1,0,62,4,2016,2,19,6,3,5,3,2,0,0,1,0,0,0,0,5.87089E+20,5.96357E+21,1.03227E+16,5.38134E+16
620,621,1,0,2,0,2016,1,18,4,3,6,2,2,1,0,1,1,0,0,0,5.73696E+20,6.02155E+21,1.01335E+16,5.43364E+16
621,622,1,0,3,0,2016,1,16,2,3,5,3,1,1,1,1,0,0,0,0,6.11102E+20,5.96881E+21,1.06892E+16,5.38559E+16
622,623,1,0,1,0,2016,2,12,5,3,3,6,0,0,0,1,0,0,0,0,5.28235E+20,6.07057E+21,9.43901E+15,5.47816E+16
623,624,1,0,4,0,2016,1,9,5,3,5,2,2,0,0,1,0,0,0,1,5.63517E+20,5.98905E+21,9.97007E+15,5.40458E+16
624,625,1,0,62,23,2016,1,15,7,3,2,6,0,1,0,1,0,0,0,0,5.85665E+20,5.94609E+21,1.02963E+16,5.36566E+16
625,626,1,0,59,131,2016,1,14,6,3,5,2,0,0,0,1,0,0,0,0,5.24008E+20,6.05644E+21,9.37212E+15,5.46548E+16
626,627,1,0,1,0,2016,2,15,5,3,2,6,0,1,0,1,0,0,0,0,5.28181E+20,6.07226E+21,9.43834E+15,5.47967E+16
627,628,1,0,59,57,2016,2,19,7,3,5,3,2,0,0,1,0,0,0,0,5.3175E+20,6.0446E+21,9.49084E+15,5.45479E+16
628,629,1,0,3,0,2016,1,19,4,3,2,6,2,0,0,1,0,0,0,0,6.10053E+20,5.97008E+21,1.06737E+16,5.38675E+16
629,630,1,0,1,0,2016,1,2,3,3,5,3,2,1,0,1,0,0,0,0,5.25903E+20,6.06765E+21,9.4025E+15,5.47555E+16
630,631,1,0,51,74,2016,1,10,2,3,5,3,0,1,0,1,0,0,0,0,5.04866E+20,5.99373E+21,9.07439E+15,5.40917E+16
631,632,1,0,58,135,2016,2,16,5,3,5,2,0,1,1,1,0,0,0,0,5.42849E+20,6.01777E+21,9.65853E+15,5.4306E+16
632,633,1,0,59,158,2016,1,15,5,3,6,4,0,0,0,1,1,0,0,0,5.11669E+20,6.06804E+21,9.18134E+15,5.47594E+16
633,634,1,0,57,43,2016,1,14,1,3,2,6,0,1,0,1,0,0,0,0,5.8023E+20,6.02841E+21,1.02358E+16,5.43971E+16
634,635,1,0,58,27,2016,1,14,7,3,9,1,0,1,0,1,0,0,0,0,5.49036E+20,6.0071E+21,9.75186E+15,5.42096E+16
635,636,1,0,58,139,2016,1,18,6,3,2,6,2,0,0,1,0,0,0,0,5.66524E+20,6.01065E+21,1.00207E+16,5.42395E+16
636,637,1,0,4,0,2016,2,11,5,3,5,3,0,1,0,1,0,0,0,0,5.65504E+20,5.99106E+21,1.00008E+16,5.40636E+16
637,638,1,0,54,99,2016,1,11,7,3,5,3,0,0,0,1,0,0,0,0,5.15316E+20,6.03492E+21,9.23628E+15,5.44617E+16
638,639,1,0,60,4,2016,2,15,6,3,2,6,0,1,0,1,0,0,0,0,5.59209E+20,5.97436E+21,9.90142E+15,5.39142E+16
639,640,1,0,53,83,2016,2,17,3,2,9,1,2,1,0,1,0,0,0,0,6.01763E+20,5.91492E+21,1.05296E+16,5.33735E+16
640,641,1,0,59,77,2016,1,9,5,3,1,6,0,0,0,1,0,0,0,0,5.32569E+20,6.04241E+21,9.50326E+15,5.45282E+16
641,642,1,0,56,49,2016,2,16,2,3,5,3,0,1,1,1,0,0,0,0,5.44527E+20,5.94813E+21,9.67413E+15,5.368E+16
642,643,1,0,4,0,2016,2,18,2,3,2,6,2,1,0,1,0,0,0,1,5.64369E+20,5.99215E+21,9.98374E+15,5.40735E+16
643,644,1,0,54,36,2016,2,0,2,3,8,1,2,0,0,1,0,0,0,0,4.84729E+20,6.02155E+21,8.76511E+15,5.43416E+16
644,645,1,0,3,0,2016,1,16,6,3,5,3,1,0,1,1,0,0,0,0,6.13204E+20,5.96971E+21,1.07214E+16,5.38635E+16
645,646,1,0,3,0,2016,2,9,4,2,5,3,0,0,0,1,0,0,0,0,6.09303E+20,5.97112E+21,1.06627E+16,5.3877E+16
646,647,1,0,3,0,2016,2,9,6,3,2,2,0,1,0,1,0,0,0,0,6.11055E+20,5.97193E+21,1.06896E+16,5.38839E+16
647,648,1,0,59,157,2016,2,20,2,2,9,1,2,1,0,1,0,0,0,0,5.38236E+20,6.07315E+21,9.59483E+15,5.48041E+16
648,649,1,0,2,0,2016,1,7,4,3,6,2,2,0,0,1,1,0,0,0,5.73381E+20,6.02063E+21,1.01284E+16,5.43282E+16
649,650,1,0,2,0,2016,1,12,2,3,0,1,0,1,0,1,0,0,0,0,5.72862E+20,6.018E+21,1.01198E+16,5.43047E+16
650,651,1,0,59,81,2016,2,6,5,3,5,3,2,1,0,1,0,0,0,0,5.34561E+20,6.04941E+21,9.53486E+15,5.4591E+16
651,652,1,0,53,129,2016,1,19,6,3,2,6,2,1,0,1,0,0,0,0,5.8257E+20,5.9274E+21,1.02445E+16,5.34891E+16
652,653,1,0,60,48,2016,2,14,4,3,5,3,0,0,0,1,0,0,0,1,5.86554E+20,5.97422E+21,1.03176E+16,5.39091E+16
653,654,1,0,3,0,2016,2,12,3,2,3,6,0,0,0,1,0,0,0,1,6.1102E+20,5.97322E+21,1.06895E+16,5.38955E+16
654,655,1,0,2,0,2016,2,11,6,3,3,6,0,1,0,1,0,0,0,1,5.73952E+20,6.01783E+21,1.01365E+16,5.4303E+16
655,656,1,0,3,0,2016,2,6,3,3,5,2,2,0,1,0,0,0,0,1,6.10698E+20,5.96828E+21,1.06828E+16,5.38512E+16
656,657,1,0,2,0,2016,2,9,2,3,0,1,0,1,0,0,0,1,0,0,5.73683E+20,6.01955E+21,1.01328E+16,5.43185E+16
657,658,1,0,4,0,2016,2,14,1,2,2,6,0,0,0,1,0,0,0,0,5.64047E+20,5.99312E+21,9.97902E+15,5.40823E+16
658,659,1,0,2,0,2016,2,15,1,3,5,3,1,1,1,1,0,0,0,0,5.7369E+20,6.0221E+21,1.01335E+16,5.43414E+16
659,660,1,0,60,64,2016,1,7,6,3,5,2,1,1,0,1,0,0,0,0,5.61443E+20,5.96715E+21,9.934E+15,5.38493E+16
660,661,1,0,58,12,2016,2,13,6,2,8,7,0,1,0,1,0,0,0,0,5.55857E+20,6.04044E+21,9.8627E+15,5.45084E+16
661,662,1,0,60,73,2016,2,12,3,3,5,3,2,0,1,1,0,0,0,0,5.64558E+20,5.97054E+21,9.98204E+15,5.38793E+16
662,663,1,0,58,99,2016,2,15,2,3,2,6,0,1,0,1,0,0,0,0,5.58004E+20,6.04284E+21,9.89632E+15,5.45298E+16
663,664,1,0,60,41,2016,2,7,1,3,8,1,1,1,0,1,0,0,0,0,5.82302E+20,5.97564E+21,1.02533E+16,5.39226E+16
664,665,1,0,53,131,2016,2,15,1,3,5,3,0,1,0,1,0,0,0,0,5.96141E+20,5.92241E+21,1.04475E+16,5.3442E+16
665,666,1,0,3,0,2016,1,7,6,3,2,6,2,1,0,1,0,0,0,1,6.11552E+20,5.96959E+21,1.06963E+16,5.38628E+16
666,667,1,0,59,171,2016,2,7,6,3,5,3,0,1,0,1,0,0,0,0,5.26418E+20,6.0564E+21,9.40947E+15,5.46543E+16
667,668,1,0,3,0,2016,2,11,4,3,2,6,0,1,0,1,0,0,0,0,6.09543E+20,5.97073E+21,1.06662E+16,5.38735E+16
668,669,1,0,58,172,2016,2,13,6,2,2,6,2,0,0,1,0,0,0,0,5.42734E+20,6.0157E+21,9.65646E+15,5.42874E+16
669,670,1,0,3,0,2016,1,8,1,3,9,1,0,1,0,1,0,0,0,0,6.15589E+20,5.97363E+21,1.07592E+16,5.38982E+16
670,671,1,0,57,80,2016,2,16,5,3,3,1,0,1,0,1,0,0,0,1,5.7961E+20,5.99828E+21,1.02182E+16,5.41265E+16
671,672,1,0,61,46,2016,2,21,7,3,2,6,2,1,0,1,0,0,0,0,5.31418E+20,5.97628E+21,9.47855E+15,5.3934E+16
672,673,1,0,4,0,2016,1,17,6,3,5,3,2,1,1,1,0,0,0,0,5.65935E+20,5.9891E+21,1.0007E+16,5.40459E+16
673,674,1,0,55,38,2016,2,7,4,3,8,7,2,1,0,1,0,0,0,0,6.13415E+20,6.00842E+21,1.07391E+16,5.42113E+16
674,675,1,0,2,0,2016,2,7,3,3,4,6,1,1,0,1,0,0,0,0,5.73219E+20,6.0183E+21,1.01253E+16,5.43073E+16
675,676,1,0,2,0,2016,2,17,3,2,6,4,2,1,1,0,1,0,0,0,5.73849E+20,6.02036E+21,1.01355E+16,5.43258E+16
676,677,1,0,59,78,2016,2,12,1,3,7,7,0,0,0,1,0,0,0,0,5.36627E+20,6.03555E+21,9.56511E+15,5.44663E+16
677,678,1,0,62,6,2016,1,0,3,3,8,1,2,1,0,1,0,0,0,0,5.85852E+20,5.95252E+21,1.03009E+16,5.37143E+16
678,679,1,0,62,53,2016,2,11,5,3,5,3,0,1,0,1,0,0,0,0,5.77353E+20,5.93322E+21,1.01673E+16,5.35422E+16
679,680,1,0,56,48,2016,2,5,5,3,2,6,2,1,0,0,0,0,1,0,5.4675E+20,5.94992E+21,9.70805E+15,5.36959E+16
680,681,1,0,53,79,2016,1,20,1,2,4,1,2,1,0,1,0,0,0,0,6.00264E+20,5.95208E+21,1.0519E+16,5.37078E+16
681,682,1,0,56,39,2016,1,14,7,3,2,6,0,1,0,1,0,0,0,0,5.53457E+20,5.94583E+21,9.80892E+15,5.36585E+16
682,683,1,0,61,44,2016,1,7,6,2,9,7,1,1,0,1,0,0,0,0,5.42743E+20,5.96376E+21,9.64929E+15,5.38206E+16
683,684,1,0,61,46,2016,1,1,7,3,0,1,2,1,0,1,0,0,0,0,5.31426E+20,5.97627E+21,9.47866E+15,5.39339E+16
684,685,1,0,62,18,2016,1,9,7,2,8,7,0,1,0,1,0,0,0,0,5.81419E+20,5.93146E+21,1.02282E+16,5.35258E+16
685,686,1,0,61,46,2016,1,11,3,3,5,3,0,0,1,1,0,0,0,0,5.33174E+20,5.97607E+21,9.50527E+15,5.39319E+16
686,687,1,0,60,85,2016,2,11,5,3,8,1,0,1,0,1,0,0,0,0,5.77891E+20,5.96559E+21,1.01836E+16,5.3833E+16
687,688,1,0,57,66,2016,2,14,4,3,8,1,0,1,0,1,0,0,0,0,5.88419E+20,6.01577E+21,1.03581E+16,5.42822E+16
688,689,1,0,1,0,2016,2,21,6,3,5,3,2,0,0,1,0,0,0,0,5.28861E+20,6.06854E+21,9.44854E+15,5.47632E+16
689,690,1,0,59,75,2016,1,7,2,3,5,2,2,1,1,1,0,0,0,0,5.35106E+20,6.04197E+21,9.54241E+15,5.45241E+16
690,691,1,0,61,48,2016,1,9,1,3,8,1,0,2,0,1,0,0,0,0,5.30174E+20,5.9859E+21,9.46055E+15,5.40205E+16
691,692,1,0,2,0,2016,2,19,7,3,5,2,2,0,0,1,0,0,0,0,5.72101E+20,6.0187E+21,1.01082E+16,5.4311E+16
692,693,1,0,2,0,2016,1,7,6,2,6,2,2,1,0,1,1,0,0,0,5.73108E+20,6.01944E+21,1.01239E+16,5.43176E+16
693,694,1,0,2,0,2016,2,15,4,3,5,3,0,0,0,1,0,0,0,1,5.72162E+20,6.02137E+21,1.01098E+16,5.4335E+16
694,695,1,0,51,62,2016,1,11,5,3,5,2,0,0,0,1,0,0,0,0,4.97698E+20,5.98162E+21,8.96489E+15,5.39829E+16
695,696,1,0,56,18,2016,2,14,2,3,2,6,0,0,0,1,0,0,0,0,5.55387E+20,5.94293E+21,9.83761E+15,5.36323E+16
696,697,1,0,60,41,2016,2,18,6,3,5,2,2,1,0,1,0,0,0,0,5.83658E+20,5.97545E+21,1.02739E+16,5.39207E+16
697,698,1,0,55,33,2016,2,23,7,2,9,1,2,1,0,1,0,0,0,0,6.19896E+20,6.01721E+21,1.0842E+16,5.42887E+16
698,699,1,0,60,7,2016,1,8,4,3,4,6,0,1,0,1,0,0,1,0,5.7652E+20,5.97529E+21,1.01652E+16,5.39204E+16
699,700,1,0,4,0,2016,1,17,3,3,5,3,2,0,1,1,0,0,0,0,5.64066E+20,5.99274E+21,9.97923E+15,5.40788E+16
700,701,1,0,59,75,2016,1,19,3,3,6,4,2,1,0,1,1,0,0,0,5.35049E+20,6.03988E+21,9.54127E+15,5.45053E+16
701,702,1,0,58,111,2016,2,1,5,3,9,1,2,2,0,1,0,0,0,0,5.45765E+20,6.02351E+21,9.70423E+15,5.43574E+16
702,703,1,0,60,95,2016,2,10,5,3,8,7,0,1,0,1,0,0,0,0,5.54952E+20,5.97197E+21,9.8362E+15,5.38933E+16
703,704,1,0,4,0,2016,1,18,1,3,2,2,2,1,0,1,0,0,0,0,5.6462E+20,5.9944E+21,9.98806E+15,5.40937E+16
704,705,1,0,58,9,2016,1,17,7,3,2,2,1,1,0,1,0,0,0,1,5.47121E+20,5.99224E+21,9.72019E+15,5.40762E+16
705,706,1,0,56,15,2016,1,10,6,3,5,3,0,1,0,1,0,0,1,0,5.47194E+20,5.95474E+21,9.71552E+15,5.37392E+16
706,707,1,0,57,62,2016,1,12,7,3,2,6,0,1,0,1,0,0,0,0,5.83314E+20,6.01051E+21,1.02783E+16,5.42357E+16
707,708,1,0,51,99,2016,2,23,6,3,6,7,2,1,0,1,1,0,0,0,5.1919E+20,5.99229E+21,9.29331E+15,5.40785E+16
708,709,1,0,60,39,2016,2,19,3,3,6,4,2,1,0,1,1,0,0,0,5.64566E+20,5.9606E+21,9.98008E+15,5.379E+16
709,710,1,0,58,43,2016,1,15,5,3,2,6,0,0,0,1,0,0,0,0,5.54319E+20,6.03502E+21,9.83795E+15,5.446E+16
710,711,1,0,61,44,2016,2,11,2,3,5,2,0,0,1,1,0,0,0,0,5.41089E+20,5.96216E+21,9.62395E+15,5.38064E+16
711,712,1,0,3,0,2016,2,15,2,3,5,3,0,0,0,1,0,0,0,0,6.12973E+20,5.9709E+21,1.07184E+16,5.38743E+16
712,713,1,0,55,46,2016,1,14,6,3,5,3,0,1,0,1,0,0,0,0,6.40555E+20,6.03528E+21,1.11676E+16,5.44458E+16
713,714,1,0,54,62,2016,2,10,7,2,4,1,0,1,0,1,0,0,0,0,4.97477E+20,6.0739E+21,8.96074E+15,5.48122E+16
714,715,1,0,55,4,2016,1,13,6,3,3,6,0,0,0,1,0,0,0,1,6.10704E+20,5.97419E+21,1.06851E+16,5.39043E+16
715,716,1,0,1,0,2016,2,20,4,3,5,3,2,1,0,1,0,0,0,0,5.30692E+20,6.07245E+21,9.47741E+15,5.47983E+16
716,717,1,0,55,46,2016,1,9,5,3,8,7,0,0,0,1,0,0,0,0,6.36032E+20,6.03792E+21,1.10992E+16,5.44707E+16
717,718,1,0,53,129,2016,2,16,2,3,2,6,0,1,0,1,0,0,0,0,5.84129E+20,5.92839E+21,1.02683E+16,5.34978E+16
718,719,1,0,55,28,2016,1,18,6,3,5,3,2,1,0,1,0,0,0,0,6.01765E+20,6.00719E+21,1.05601E+16,5.42026E+16
719,720,1,0,62,1,2016,2,7,6,3,5,3,1,1,1,1,0,0,0,0,5.81342E+20,5.94741E+21,1.02312E+16,5.36691E+16
720,721,1,0,61,3,2016,2,12,7,3,8,1,0,0,0,1,0,0,0,0,5.2844E+20,5.98739E+21,9.43422E+15,5.40339E+16
721,722,1,0,55,16,2016,1,8,4,3,8,1,0,1,0,1,0,0,0,0,6.29061E+20,6.00526E+21,1.09775E+16,5.41791E+16
722,723,1,0,62,71,2016,1,19,2,3,0,7,2,0,0,1,0,0,0,0,5.8039E+20,5.94134E+21,1.02152E+16,5.36147E+16
723,724,1,0,2,0,2016,2,11,5,3,5,2,0,1,1,1,0,0,0,0,5.73162E+20,6.0218E+21,1.01253E+16,5.43387E+16
724,725,1,0,59,68,2016,1,14,5,3,8,1,0,2,0,1,0,0,0,0,5.57266E+20,6.05626E+21,9.88753E+15,5.46505E+16
725,726,1,0,2,0,2016,1,5,1,3,9,1,2,1,0,0,0,0,0,1,5.68961E+20,6.01825E+21,1.00599E+16,5.43075E+16
726,727,1,0,59,75,2016,1,22,7,2,5,2,2,1,0,1,0,0,0,0,5.375E+20,6.04415E+21,9.57967E+15,5.45435E+16
727,728,1,0,61,112,2016,1,14,5,3,5,3,0,0,1,1,0,0,0,0,5.52734E+20,5.98511E+21,9.80472E+15,5.40116E+16
728,729,1,0,57,57,2016,2,12,5,3,5,2,0,1,0,1,0,0,0,0,5.92335E+20,6.0023E+21,1.04141E+16,5.41605E+16
729,730,1,0,62,86,2016,1,15,7,3,8,1,0,1,0,1,0,0,0,0,5.88715E+20,5.93567E+21,1.03394E+16,5.35624E+16
730,731,1,0,55,41,2016,2,12,6,3,8,7,0,1,0,1,0,0,0,0,6.05479E+20,5.99556E+21,1.0613E+16,5.40974E+16
731,732,1,0,59,53,2016,1,12,5,3,5,2,0,1,0,1,0,0,0,0,5.33013E+20,6.02943E+21,9.50867E+15,5.44115E+16
732,733,1,0,1,0,2016,2,16,4,3,5,2,0,1,1,1,0,0,0,0,5.28791E+20,6.07162E+21,9.44776E+15,5.47909E+16
733,734,1,0,53,90,2016,2,7,2,2,6,4,2,1,0,1,1,0,0,0,6.12094E+20,5.9447E+21,1.06955E+16,5.36391E+16
734,735,1,0,59,75,2016,2,20,2,3,0,3,2,1,1,1,0,0,0,0,5.36501E+20,6.04143E+21,9.56388E+15,5.45191E+16
735,736,1,0,60,44,2016,2,20,1,3,2,7,2,1,0,1,0,0,0,0,5.62235E+20,5.96587E+21,9.94577E+15,5.38376E+16
736,737,1,0,3,0,2016,1,11,6,3,2,6,0,0,0,1,0,0,0,0,6.13478E+20,5.97081E+21,1.0726E+16,5.38734E+16
737,738,1,0,55,39,2016,2,13,4,2,5,3,0,0,0,1,0,0,0,1,6.15848E+20,5.99271E+21,1.07704E+16,5.40696E+16
738,739,1,0,3,0,2016,2,12,6,3,4,6,0,0,0,1,0,0,0,0,6.13223E+20,5.96505E+21,1.072E+16,5.38216E+16
739,740,1,0,56,41,2016,2,6,2,3,2,6,2,1,0,1,0,0,0,0,5.62533E+20,5.95562E+21,9.94822E+15,5.37454E+16
740,741,1,0,59,75,2016,1,19,4,3,2,6,2,1,0,1,0,0,0,0,5.37469E+20,6.04413E+21,9.57919E+15,5.45433E+16
741,742,1,0,2,0,2016,1,8,2,3,0,1,1,1,1,1,0,0,0,0,5.73464E+20,6.02138E+21,1.01299E+16,5.4335E+16
742,743,1,0,59,183,2016,2,2,5,3,9,1,2,2,0,1,0,0,0,0,5.28457E+20,6.06513E+21,9.44193E+15,5.47326E+16
743,744,1,0,2,0,2016,2,6,1,3,5,3,2,0,0,1,0,0,1,0,5.74701E+20,6.01525E+21,1.01473E+16,5.42797E+16
744,745,1,0,62,4,2016,2,17,4,3,6,2,2,1,0,1,1,0,0,0,5.91425E+20,5.96301E+21,1.03884E+16,5.38076E+16
745,746,1,0,55,35,2016,2,5,6,2,4,6,2,1,0,1,0,0,0,0,6.12474E+20,5.98236E+21,1.0715E+16,5.39773E+16
746,747,1,0,2,0,2016,1,20,4,2,8,7,2,1,0,1,1,0,0,0,5.74349E+20,6.02805E+21,1.01451E+16,5.43948E+16
747,748,1,0,58,124,2016,1,12,2,3,4,6,0,0,0,1,0,0,0,0,5.45854E+20,6.01608E+21,9.70445E+15,5.42906E+16
748,749,1,0,1,0,2016,2,4,5,3,0,1,2,2,0,1,0,0,0,0,5.26781E+20,6.07506E+21,9.41682E+15,5.4822E+16
749,750,1,0,62,86,2016,1,19,7,3,2,6,2,1,0,1,0,0,0,0,5.8802E+20,5.93595E+21,1.0329E+16,5.3565E+16
750,751,1,0,61,113,2016,1,7,5,2,5,3,1,1,1,1,0,0,0,0,5.24802E+20,5.97522E+21,9.3777E+15,5.39248E+16
751,752,1,0,62,71,2016,2,7,5,3,0,7,1,1,0,1,0,0,0,1,5.81054E+20,5.93947E+21,1.02248E+16,5.35978E+16
752,753,1,0,3,0,2016,2,13,3,3,2,6,0,1,0,1,0,0,0,0,6.14041E+20,5.96908E+21,1.07339E+16,5.38576E+16
753,754,1,0,2,0,2016,2,14,6,3,2,6,0,1,0,1,0,0,0,0,5.72269E+20,6.02158E+21,1.01115E+16,5.43369E+16
754,755,1,0,62,90,2016,2,8,3,3,8,6,0,0,0,1,0,0,0,0,5.78366E+20,5.9502E+21,1.01869E+16,5.36946E+16
755,756,1,0,4,0,2016,2,17,2,3,6,4,1,1,0,1,1,0,0,0,5.64538E+20,5.99204E+21,9.98629E+15,5.40725E+16
756,757,1,0,60,39,2016,2,0,1,2,6,4,2,0,0,1,1,0,0,0,5.66283E+20,5.96098E+21,1.00062E+16,5.37931E+16
757,758,1,0,58,97,2016,2,12,1,2,5,3,0,0,0,1,0,0,0,0,5.32987E+20,6.02128E+21,9.50736E+15,5.43383E+16
758,759,1,0,59,113,2016,1,15,4,3,5,2,1,1,1,1,0,0,0,0,5.34505E+20,6.07567E+21,9.53709E+15,5.4827E+16