FID,OBJECTID,ULAND,UREGBEZ,UKREIS,UGEMEINDE,UJAHR,UMONAT,USTUNDE,UWOCHENTAG,UKATEGORIE,UART,UTYP1,ULICHTVERH,IstStrasse,IstRad,IstPKW,IstFuss,IstKrad,IstGkfz,IstSonstig,LINREFX,LINREFY,XGCSWGS84,YGCSWGS84
759,760,1,0,59,171,2016,2,15,6,3,3,6,0,1,0,1,0,0,0,0,5.307E+20,6.04327E+21,9.47447E+15,5.45361E+16
760,761,1,0,58,96,2016,2,17,4,3,5,3,1,1,0,1,0,0,0,0,5.60903E+20,6.02815E+21,9.93809E+15,5.43975E+16
761,762,1,0,2,0,2016,2,12,6,3,5,3,0,1,1,1,0,0,0,0,5.7337E+20,6.0226E+21,1.01287E+16,5.4346E+16
762,763,1,0,2,0,2016,1,13,1,3,3,6,0,1,0,1,0,0,0,1,5.7281E+20,6.01804E+21,1.0119E+16,5.43051E+16
763,764,1,0,56,36,2016,2,15,4,3,5,3,0,1,0,1,0,0,0,0,5.4426E+20,5.94623E+21,9.66981E+15,5.36629E+16
764,765,1,0,56,41,2016,2,10,7,3,5,3,0,1,0,1,0,0,0,1,5.62357E+20,5.9555E+21,9.94553E+15,5.37444E+16
765,766,1,0,2,0,2016,1,7,6,3,2,6,1,1,0,1,0,0,0,1,5.73454E+20,6.01784E+21,1.01288E+16,5.43032E+16
766,767,1,0,4,0,2016,2,18,4,3,6,2,2,1,0,1,1,0,0,0,5.65353E+20,5.99017E+21,9.99835E+15,5.40556E+16
767,768,1,0,54,96,2016,2,7,3,2,5,3,2,1,0,1,0,0,0,0,5.1085E+20,6.03489E+21,9.16738E+15,5.44615E+16
768,769,1,0,3,0,2016,1,18,6,3,6,7,2,1,1,0,1,0,0,0,6.10873E+20,5.96827E+21,1.06855E+16,5.38511E+16
769,770,1,0,53,90,2016,2,18,4,3,4,7,2,1,1,0,0,0,0,0,6.11118E+20,5.94231E+21,1.06799E+16,5.36178E+16
770,771,1,0,4,0,2016,2,17,3,3,5,3,2,1,1,0,0,0,0,0,5.63257E+20,5.99209E+21,9.96674E+15,5.40732E+16
771,772,1,0,54,161,2016,2,15,6,3,2,6,0,0,0,1,0,0,0,0,5.01704E+20,6.02749E+21,9.02625E+15,5.43952E+16
772,773,1,0,58,147,2016,2,15,3,2,9,1,0,0,0,1,0,0,0,0,5.56891E+20,6.00059E+21,9.87105E+15,5.41503E+16
773,774,1,0,59,132,2016,2,16,2,3,8,1,0,1,0,1,0,0,0,0,5.1749E+20,6.05203E+21,9.27084E+15,5.46154E+16
774,775,1,0,54,27,2016,2,5,1,3,8,1,2,0,0,1,0,0,0,0,4.94258E+20,6.08386E+21,8.91046E+15,5.49018E+16
775,776,1,0,51,47,2016,1,13,3,3,2,6,0,0,0,1,0,0,0,0,5.01143E+20,6.01542E+21,9.01756E+15,5.42867E+16
776,777,1,0,60,72,2016,2,21,5,3,8,1,2,2,0,1,0,0,0,0,5.83917E+20,5.99521E+21,1.02833E+16,5.40982E+16
777,778,1,0,58,104,2016,2,16,6,3,8,1,0,2,0,1,0,0,0,0,5.66159E+20,6.0184E+21,1.00169E+16,5.43092E+16
778,779,1,0,56,48,2016,1,19,1,3,1,5,2,1,0,1,0,0,0,0,5.478E+20,5.94923E+21,9.72384E+15,5.36896E+16
779,780,1,0,59,56,2016,1,22,1,3,9,1,2,2,0,1,0,0,0,0,5.38177E+20,6.03305E+21,9.5887E+15,5.44437E+16
780,781,1,0,56,39,2016,1,14,7,3,8,1,0,1,0,1,0,0,0,0,5.52404E+20,5.94659E+21,9.79311E+15,5.36654E+16
781,782,1,0,57,48,2016,2,11,7,3,8,1,0,1,0,1,0,0,0,0,6.02828E+20,6.01568E+21,1.05793E+16,5.42787E+16
782,783,1,0,54,76,2016,1,13,6,3,5,3,0,1,0,1,0,0,0,0,4.98358E+20,6.06942E+21,8.97448E+15,5.4772E+16
783,784,1,0,2,0,2016,2,18,4,3,6,2,2,1,0,1,1,0,0,0,5.71832E+20,6.02269E+21,1.01051E+16,5.4347E+16
784,785,1,0,56,15,2016,1,11,5,3,5,3,0,0,1,1,0,0,0,0,5.43804E+20,5.95677E+21,9.6644E+15,5.37577E+16
785,786,1,0,56,49,2016,2,12,2,3,2,6,0,0,0,1,0,0,0,0,5.44731E+20,5.94791E+21,9.67719E+15,5.3678E+16
786,787,1,0,3,0,2016,1,17,6,3,2,2,2,0,0,1,0,0,0,0,6.10678E+20,5.96832E+21,1.06826E+16,5.38515E+16
787,788,1,0,56,50,2016,2,6,6,2,8,1,2,1,0,1,0,0,0,0,5.47269E+20,5.93948E+21,9.71433E+15,5.3602E+16
788,789,1,0,4,0,2016,2,21,7,3,5,3,2,1,1,1,0,0,0,0,5.64556E+20,5.992E+21,9.98657E+15,5.40722E+16
789,790,1,0,53,116,2016,1,12,4,3,9,1,0,1,0,1,0,0,0,0,5.97687E+20,5.93068E+21,1.04733E+16,5.3516E+16
790,791,1,0,57,81,2016,1,12,3,3,8,7,0,0,0,0,0,0,1,0,5.88568E+20,6.02333E+21,1.03627E+16,5.43501E+16
791,792,1,0,61,46,2016,1,12,2,3,2,6,0,1,0,1,0,0,0,1,5.31817E+20,5.97337E+21,9.48432E+15,5.39078E+16
792,793,1,0,58,117,2016,2,16,5,3,2,6,1,1,0,1,0,0,0,0,5.56005E+20,6.00241E+21,9.85783E+15,5.41667E+16
793,794,1,0,1,0,2016,1,22,5,3,2,6,2,1,0,1,0,0,0,0,5.26027E+20,6.07124E+21,9.40474E+15,5.47876E+16
794,795,1,0,3,0,2016,2,19,5,3,2,6,2,1,0,1,0,0,0,0,6.11235E+20,5.96912E+21,1.06913E+16,5.38586E+16
795,796,1,0,58,121,2016,1,18,1,2,1,5,2,1,0,1,0,0,0,0,5.65526E+20,6.03172E+21,1.00101E+16,5.44289E+16
796,797,1,0,58,172,2016,1,0,7,3,9,1,2,1,0,1,0,0,0,0,5.43224E+20,6.01432E+21,9.66379E+15,5.4275E+16
797,798,1,0,4,0,2016,2,11,5,3,5,3,0,1,0,1,0,0,0,0,5.63895E+20,5.99373E+21,9.97683E+15,5.40878E+16
798,799,1,0,56,22,2016,2,18,7,2,5,3,2,1,1,1,0,0,0,0,5.53888E+20,5.95992E+21,9.8179E+15,5.37851E+16
799,800,1,0,55,40,2016,3,6,6,3,9,1,1,1,0,1,0,0,0,0,6.08165E+20,5.97666E+21,1.06473E+16,5.39271E+16
800,801,1,0,2,0,2016,3,8,5,3,2,6,0,0,0,1,0,0,0,0,5.73909E+20,6.01786E+21,1.01358E+16,5.43033E+16
801,802,1,0,53,100,2016,2,18,2,3,5,2,2,0,0,1,0,0,0,0,6.14578E+20,5.95177E+21,1.07357E+16,5.37021E+16
802,803,1,0,3,0,2016,3,16,5,1,6,4,0,0,0,1,1,0,1,1,6.09518E+20,5.97078E+21,1.06658E+16,5.38739E+16
803,804,1,0,56,32,2016,3,5,6,3,9,7,2,1,0,1,0,0,0,0,5.51498E+20,5.94988E+21,9.77995E+15,5.36951E+16
804,805,1,0,60,63,2016,2,16,2,2,6,4,0,0,0,1,1,0,0,0,5.63822E+20,5.94777E+21,9.96614E+15,5.36748E+16
805,806,1,0,1,0,2016,2,17,7,2,6,4,2,1,0,1,1,0,0,0,5.2549E+20,6.06842E+21,9.39614E+15,5.47624E+16
806,807,1,0,59,75,2016,2,23,6,3,5,3,2,0,0,1,0,0,0,0,5.36885E+20,6.04216E+21,9.56992E+15,5.45257E+16
807,808,1,0,51,81,2016,3,11,7,3,2,6,0,0,0,1,0,0,0,1,4.99188E+20,6.00276E+21,8.98757E+15,5.41729E+16
808,809,1,0,51,99,2016,2,6,6,3,2,1,2,2,0,1,0,0,1,0,5.2036E+20,5.99143E+21,9.31113E+15,5.40707E+16
809,810,1,0,58,117,2016,3,16,3,3,2,6,0,0,0,1,0,0,0,0,5.56024E+20,6.00245E+21,9.85813E+15,5.41671E+16
810,811,1,0,56,18,2016,3,18,6,3,0,7,1,0,1,0,0,0,0,0,5.55356E+20,5.94278E+21,9.83712E+15,5.36309E+16
811,812,1,0,62,23,2016,2,10,5,3,2,2,0,0,0,1,0,0,0,0,5.84546E+20,5.9444E+21,1.02789E+16,5.36415E+16
812,813,1,0,60,39,2016,3,16,4,3,2,6,0,0,0,1,0,0,0,0,5.64415E+20,5.95946E+21,9.97756E+15,5.37798E+16
813,814,1,0,54,76,2016,2,7,4,3,2,2,1,1,0,1,0,0,0,0,4.98915E+20,6.07003E+21,8.98313E+15,5.47775E+16
814,815,1,0,3,0,2016,3,13,2,3,3,7,2,0,0,1,0,0,0,0,6.10907E+20,5.97174E+21,1.06873E+16,5.38823E+16
815,816,1,0,57,51,2016,2,6,4,2,4,1,2,2,0,1,0,0,0,1,5.77781E+20,6.02328E+21,1.01967E+16,5.43514E+16
816,817,1,0,3,0,2016,3,10,4,3,5,3,0,0,1,1,0,0,0,0,6.22121E+20,5.98046E+21,1.08613E+16,5.3958E+16
817,818,1,0,53,32,2016,3,14,2,3,2,6,0,0,0,1,0,0,0,0,5.90745E+20,5.92213E+21,1.03662E+16,5.34404E+16
818,819,1,0,56,43,2016,3,17,7,3,2,6,0,0,0,1,0,0,0,0,5.54303E+20,5.94544E+21,9.82165E+15,5.36549E+16
819,820,1,0,56,15,2016,2,12,4,3,5,3,0,0,1,1,0,0,0,0,5.42465E+20,5.95642E+21,9.64405E+15,5.37547E+16
820,821,1,0,55,4,2016,3,10,7,3,2,6,0,0,0,1,0,0,0,0,6.1329E+20,5.97582E+21,1.0725E+16,5.39184E+16
821,822,1,0,56,43,2016,3,8,6,3,2,3,0,0,0,1,0,0,0,0,5.57674E+20,5.94316E+21,9.87223E+15,5.36341E+16
822,823,1,0,62,61,2016,3,8,4,3,2,6,0,1,0,1,0,0,0,0,5.97597E+20,5.9644E+21,1.04825E+16,5.3819E+16
823,824,1,0,59,183,2016,3,13,6,1,5,3,0,0,0,1,0,0,0,1,5.2317E+20,6.06415E+21,9.35974E+15,5.47241E+16
824,825,1,0,58,117,2016,3,14,4,3,2,6,0,0,0,1,0,0,0,1,5.55816E+20,6.00196E+21,9.85486E+15,5.41627E+16
825,826,1,0,60,4,2016,2,13,3,3,5,2,0,0,0,1,0,0,0,0,5.58334E+20,5.97459E+21,9.88816E+15,5.39164E+16
826,827,1,0,58,135,2016,2,17,1,3,5,2,1,1,0,1,0,0,0,0,5.42704E+20,6.0165E+21,9.65613E+15,5.42946E+16
827,828,1,0,2,0,2016,3,7,5,3,2,6,0,1,0,1,0,0,0,1,5.74129E+20,6.02704E+21,1.01415E+16,5.43857E+16
828,829,1,0,2,0,2016,2,13,2,3,2,6,0,0,0,1,0,0,1,0,5.74508E+20,6.01781E+21,1.0145E+16,5.43027E+16
829,830,1,0,3,0,2016,2,14,5,3,4,2,0,0,1,1,0,0,0,0,6.11404E+20,5.97105E+21,1.06946E+16,5.38759E+16
830,831,1,0,1,0,2016,3,17,7,3,1,6,0,0,0,1,0,0,0,0,5.26674E+20,6.07011E+21,9.4147E+15,5.47775E+16
831,832,1,0,4,0,2016,2,16,4,3,2,6,0,0,0,1,0,0,0,0,5.61108E+20,5.99478E+21,9.93444E+15,5.40976E+16
832,833,1,0,3,0,2016,3,13,3,3,2,6,0,0,0,1,0,0,0,0,6.13342E+20,5.96984E+21,1.07236E+16,5.38647E+16
833,834,1,0,54,78,2016,3,13,3,3,1,5,0,0,0,1,0,0,0,0,4.63718E+20,6.09669E+21,8.43259E+15,5.50157E+16
834,835,1,0,55,33,2016,3,14,6,3,8,1,0,1,0,1,0,0,0,0,6.21454E+20,6.01453E+21,1.08648E+16,5.42643E+16
835,836,1,0,59,10,2016,2,20,5,3,9,1,2,2,0,1,0,0,0,0,5.28907E+20,6.04932E+21,9.44735E+15,5.45905E+16
836,837,1,0,58,12,2016,3,11,4,2,4,1,0,1,0,1,0,0,1,0,5.55611E+20,6.03801E+21,9.85843E+15,5.44867E+16
837,838,1,0,61,46,2016,2,8,4,3,3,1,0,2,0,1,0,0,1,1,5.32198E+20,5.97889E+21,9.4907E+15,5.39574E+16
838,839,1,0,62,61,2016,2,7,2,3,5,2,0,0,0,1,0,0,1,0,5.99129E+20,5.96468E+21,1.05059E+16,5.38212E+16
839,840,1,0,51,34,2016,3,7,3,3,5,3,0,0,0,1,0,0,0,0,4.94953E+20,5.98062E+21,8.92306E+15,5.39739E+16
840,841,1,0,54,109,2016,3,15,3,3,5,2,0,0,0,1,0,0,0,0,4.90716E+20,6.07048E+21,8.85564E+15,5.47814E+16
841,842,1,0,60,63,2016,3,16,6,3,5,2,0,0,0,1,0,0,0,1,5.67742E+20,5.95321E+21,1.00267E+16,5.37231E+16
842,843,1,0,58,4,2016,2,19,5,2,8,1,2,1,0,1,0,0,0,1,5.56019E+20,6.03328E+21,9.86383E+15,5.44442E+16
843,844,1,0,58,43,2016,3,7,4,2,6,4,0,1,0,1,1,0,0,0,5.52461E+20,6.03781E+21,9.80977E+15,5.44852E+16
844,845,1,0,58,105,2016,2,17,4,2,9,7,2,0,0,1,0,0,0,0,5.68154E+20,6.01514E+21,1.00468E+16,5.42797E+16
845,846,1,0,1,0,2016,3,23,2,3,5,3,2,1,0,1,0,0,0,0,5.29606E+20,6.06936E+21,9.4602E+15,5.47706E+16
846,847,1,0,2,0,2016,2,5,4,2,8,1,2,2,0,1,0,0,0,0,5.69327E+20,6.01853E+21,1.00656E+16,5.431E+16
847,848,1,0,2,0,2016,3,16,4,3,2,6,0,0,0,1,0,0,0,0,5.75632E+20,6.01905E+21,1.01626E+16,5.43137E+16
848,849,1,0,4,0,2016,2,12,7,3,2,6,0,0,0,1,0,0,0,0,5.62487E+20,5.99176E+21,9.9549E+15,5.40703E+16
849,850,1,0,4,0,2016,3,16,2,3,2,6,0,0,0,1,0,0,0,0,5.63751E+20,5.98954E+21,9.97375E+15,5.40502E+16
850,851,1,0,55,44,2016,3,13,7,3,2,2,0,1,0,1,0,0,0,0,6.14779E+20,5.9884E+21,1.07524E+16,5.40311E+16
851,852,1,0,60,95,2016,2,9,4,3,1,5,0,0,0,1,0,0,1,0,5.54617E+20,5.97243E+21,9.83119E+15,5.38974E+16
852,853,1,0,57,7,2016,3,11,7,3,4,6,0,0,0,1,0,0,0,1,6.06785E+20,6.01696E+21,1.06405E+16,5.42893E+16
853,854,1,0,3,0,2016,3,9,6,3,0,7,0,0,0,0,0,1,0,0,6.18512E+20,5.97504E+21,1.08042E+16,5.39102E+16
854,855,1,0,56,39,2016,3,15,3,3,2,6,0,0,0,1,0,0,0,0,5.51524E+20,5.9457E+21,9.77966E+15,5.36575E+16
855,856,1,0,57,78,2016,3,16,4,3,2,6,0,0,0,1,0,0,0,1,5.9278E+20,6.02796E+21,1.04289E+16,5.43909E+16
856,857,1,0,3,0,2016,2,14,3,3,5,2,0,1,1,1,0,0,0,0,6.10697E+20,5.96829E+21,1.06828E+16,5.38513E+16
857,858,1,0,61,81,2016,2,15,7,3,9,1,0,1,0,1,0,0,0,0,5.33189E+20,5.99066E+21,9.50709E+15,5.40631E+16
858,859,1,0,56,5,2016,3,16,5,3,2,6,0,0,0,1,0,0,0,0,5.61768E+20,5.94637E+21,9.93477E+15,5.36624E+16
859,860,1,0,59,77,2016,2,17,5,3,1,2,0,1,0,1,0,0,0,0,5.32983E+20,6.04255E+21,9.50966E+15,5.45294E+16
860,861,1,0,62,9,2016,2,8,4,3,3,6,0,0,0,1,0,0,1,0,5.77262E+20,5.93536E+21,1.01665E+16,5.35614E+16
861,862,1,0,58,86,2016,3,12,3,2,5,2,0,0,0,1,0,0,0,0,5.42826E+20,6.0073E+21,9.65668E+15,5.42119E+16
862,863,1,0,62,1,2016,3,8,2,3,5,3,0,1,0,1,0,0,0,0,5.81979E+20,5.94812E+21,1.0241E+16,5.36754E+16
863,864,1,0,56,2,2016,3,14,5,2,5,3,0,0,0,1,0,0,0,1,5.51053E+20,5.96049E+21,9.77496E+15,5.37905E+16
864,865,1,0,59,173,2016,3,17,6,3,2,6,0,0,0,1,0,0,1,0,5.17733E+20,6.07247E+21,9.27583E+15,5.47991E+16
865,866,1,0,55,44,2016,3,12,3,3,5,3,0,0,0,1,0,0,0,0,6.15818E+20,5.98648E+21,1.07675E+16,5.40136E+16
866,867,1,0,54,119,2016,3,8,4,3,8,1,0,2,0,1,0,0,0,0,5.09259E+20,6.02428E+21,9.14251E+15,5.43663E+16
867,868,1,0,53,32,2016,2,17,1,3,5,2,0,0,0,1,0,0,0,0,5.96122E+20,5.91864E+21,1.0446E+16,5.3408E+16
868,869,1,0,61,76,2016,2,7,6,3,9,1,0,2,0,1,0,0,0,0,5.27029E+20,5.98666E+21,9.41262E+15,5.40275E+16
869,870,1,0,58,52,2016,3,12,1,3,2,6,0,0,0,1,0,0,0,0,5.45474E+20,6.03752E+21,9.7019E+15,5.44833E+16
870,871,1,0,51,88,2016,3,6,6,3,9,7,1,2,0,1,0,0,0,0,5.18249E+20,6.01459E+21,9.28028E+15,5.42789E+16
871,872,1,0,60,73,2016,3,14,5,3,2,6,0,0,0,1,0,0,0,0,5.61747E+20,5.97228E+21,9.93965E+15,5.38953E+16
872,873,1,0,54,56,2016,2,21,3,2,0,1,2,1,1,0,0,0,0,0,5.03631E+20,6.03699E+21,9.05604E+15,5.44805E+16
873,874,1,0,56,50,2016,3,16,5,3,5,3,0,1,1,1,0,0,0,0,5.46861E+20,5.93846E+21,9.70801E+15,5.35929E+16
874,875,1,0,58,34,2016,3,13,6,3,2,6,0,1,0,1,0,0,0,0,5.44417E+20,6.01898E+21,9.68281E+15,5.43168E+16
875,876,1,0,4,0,2016,3,15,6,3,2,6,0,0,0,1,0,0,0,0,5.60509E+20,5.99269E+21,9.92486E+15,5.40789E+16
876,877,1,0,55,35,2016,3,14,3,3,5,3,0,0,0,1,0,1,0,0,6.13E+20,5.97811E+21,1.07215E+16,5.3939E+16
877,878,1,0,55,35,2016,2,17,7,3,4,2,1,1,0,1,0,0,0,0,6.13978E+20,5.97569E+21,1.07354E+16,5.3917E+16
878,879,1,0,3,0,2016,2,9,6,3,5,2,0,0,1,0,0,0,0,1,6.0685E+20,5.96278E+21,1.06225E+16,5.38026E+16
879,880,1,0,60,2,2016,3,8,3,3,5,2,0,1,0,1,0,0,0,1,5.60909E+20,5.9605E+21,9.92457E+15,5.37896E+16
880,881,1,0,58,73,2016,2,13,7,3,2,6,0,0,0,0,0,0,1,1,5.50474E+20,6.01463E+21,9.77518E+15,5.42771E+16
881,882,1,0,60,25,2016,3,6,1,3,7,7,0,0,0,1,0,0,0,0,6.00832E+20,5.98895E+21,1.05397E+16,5.4039E+16
882,883,1,0,59,129,2016,3,16,7,3,8,1,0,1,0,1,0,0,0,0,5.14206E+20,6.07512E+21,9.22111E+15,5.48231E+16
883,884,1,0,58,128,2016,3,12,7,3,2,6,0,0,0,1,0,0,0,0,5.60919E+20,5.9886E+21,9.93031E+15,5.40421E+16
884,885,1,0,2,0,2016,3,12,6,3,5,3,0,0,1,1,0,0,0,0,5.73902E+20,6.01826E+21,1.01358E+16,5.43068E+16
885,886,1,0,3,0,2016,3,7,3,3,2,2,0,0,0,1,0,0,0,0,6.12907E+20,5.96637E+21,1.07157E+16,5.38336E+16
886,887,1,0,62,60,2016,2,14,6,3,2,6,0,1,0,1,0,0,0,1,5.8297E+20,5.93449E+21,1.02524E+16,5.35527E+16
887,888,1,0,1,0,2016,2,6,5,2,5,2,2,2,1,1,0,0,0,0,5.2827E+20,6.07172E+21,9.43967E+15,5.47919E+16
888,889,1,0,54,165,2016,3,11,4,3,8,6,0,0,0,1,0,0,0,0,4.87108E+20,6.06996E+21,8.79958E+15,5.47767E+16
889,890,1,0,57,80,2016,2,17,3,3,8,1,0,0,0,1,0,0,0,0,5.83447E+20,6.00158E+21,1.02778E+16,5.41555E+16
890,891,1,0,3,0,2016,3,20,4,3,6,4,2,0,0,1,1,0,0,0,6.09507E+20,5.97079E+21,1.06657E+16,5.3874E+16
891,892,1,0,60,4,2016,3,0,7,3,1,5,2,0,0,1,0,0,0,0,5.591E+20,5.97541E+21,9.89997E+15,5.39237E+16
892,893,1,0,53,9,2016,3,8,5,3,0,7,0,0,1,1,0,0,0,0,6.08564E+20,5.95521E+21,1.06458E+16,5.37342E+16
893,894,1,0,60,25,2016,2,6,4,3,9,1,2,2,0,1,0,0,0,0,6.00177E+20,5.99053E+21,1.05303E+16,5.40533E+16
894,895,1,0,61,42,2016,2,12,3,3,6,4,0,0,0,1,1,0,0,0,5.40625E+20,5.97972E+21,9.61924E+15,5.39643E+16
895,896,1,0,54,136,2016,3,7,3,2,8,1,0,1,0,1,0,0,0,0,4.95206E+20,6.07408E+21,8.9254E+15,5.48139E+16
896,897,1,0,58,172,2016,3,6,2,3,8,1,0,1,0,1,0,0,0,0,5.43428E+20,6.01319E+21,9.66676E+15,5.42648E+16
897,898,1,0,4,0,2016,3,16,5,2,5,2,0,0,1,1,0,0,0,0,5.66029E+20,5.99508E+21,1.00097E+16,5.40996E+16
898,899,1,0,61,29,2016,3,15,5,3,5,3,0,0,1,1,0,0,0,0,5.27581E+20,5.96081E+21,9.41872E+15,5.37952E+16
899,900,1,0,55,31,2016,3,18,3,3,8,1,1,1,0,1,0,0,0,0,6.30148E+20,6.02127E+21,1.10011E+16,5.43226E+16
900,901,1,0,54,46,2016,3,0,4,3,9,6,2,1,0,1,0,0,0,0,4.54237E+20,6.07136E+21,8.28835E+15,5.47874E+16
901,902,1,0,58,102,2016,2,9,1,3,5,3,0,1,0,1,0,0,0,0,5.52994E+20,6.0325E+21,9.81706E+15,5.44374E+16
902,903,1,0,60,12,2016,3,7,6,3,2,6,0,2,0,1,0,0,0,0,5.80351E+20,5.99211E+21,1.02279E+16,5.40709E+16
903,904,1,0,2,0,2016,3,23,5,3,3,6,2,1,0,1,0,0,0,1,5.73913E+20,6.01859E+21,1.01361E+16,5.43098E+16
904,905,1,0,60,46,2016,2,9,2,3,4,2,0,1,0,1,0,0,1,0,5.74314E+20,5.95644E+21,1.0127E+16,5.37512E+16
905,906,1,0,53,23,2016,3,5,5,3,9,1,2,1,0,0,0,0,0,1,5.92106E+20,5.92745E+21,1.03882E+16,5.3488E+16
906,907,1,0,62,78,2016,3,16,6,3,8,1,0,1,0,1,0,0,0,0,5.88295E+20,5.95282E+21,1.0338E+16,5.37165E+16
907,908,1,0,61,61,2016,3,6,3,3,9,1,2,2,0,1,0,0,0,1,5.36017E+20,5.97045E+21,9.5479E+15,5.38813E+16
908,909,1,0,59,45,2016,2,13,7,3,2,6,0,1,0,1,0,1,0,0,5.59389E+20,6.05772E+21,9.92072E+15,5.46633E+16
909,910,1,0,58,43,2016,2,16,6,3,2,6,0,0,0,1,0,0,0,0,5.54712E+20,6.03493E+21,9.84398E+15,5.44591E+16
910,911,1,0,54,84,2016,3,23,1,3,8,1,2,1,0,1,0,0,0,0,5.07017E+20,6.03569E+21,9.10826E+15,5.44688E+16
911,912,1,0,59,62,2016,2,13,6,3,4,2,0,0,0,1,0,0,0,0,5.32959E+20,6.04485E+21,9.50956E+15,5.45501E+16
912,913,1,0,3,0,2016,3,9,3,3,3,6,0,0,1,0,0,0,0,1,6.10578E+20,5.96871E+21,1.06812E+16,5.38551E+16
913,914,1,0,54,20,2016,3,11,7,3,1,5,0,0,0,1,0,0,0,1,4.99075E+20,6.05033E+21,8.98569E+15,5.46005E+16
914,915,1,0,53,32,2016,2,5,5,3,4,6,2,0,0,1,0,0,0,0,5.93059E+20,5.92083E+21,1.04006E+16,5.34283E+16
915,916,1,0,59,98,2016,3,13,5,2,5,3,1,0,1,1,0,0,0,0,5.38045E+20,6.04486E+21,9.58819E+15,5.45499E+16
916,917,1,0,3,0,2016,2,7,4,3,5,3,0,0,1,1,0,0,0,0,6.11239E+20,5.96911E+21,1.06914E+16,5.38585E+16
917,918,1,0,56,15,2016,2,7,3,3,5,3,0,1,0,1,0,0,0,0,5.42404E+20,5.95718E+21,9.64324E+15,5.37615E+16
918,919,1,0,60,39,2016,3,14,2,3,6,4,0,0,0,1,1,0,0,0,5.66279E+20,5.961E+21,1.00062E+16,5.37934E+16
919,920,1,0,51,34,2016,3,7,1,3,5,3,0,0,0,1,0,0,0,0,4.89893E+20,5.98671E+21,8.84571E+15,5.40286E+16
920,921,1,0,58,165,2016,2,4,4,2,9,1,2,2,0,1,0,0,0,0,5.65365E+20,6.02839E+21,1.00069E+16,5.43991E+16
921,922,1,0,60,54,2016,3,13,4,3,0,7,0,0,0,1,0,0,0,1,5.58432E+20,5.96911E+21,9.8886E+15,5.38671E+16
922,923,1,0,53,123,2016,3,8,1,3,9,1,0,0,0,1,0,0,0,0,6.20345E+20,5.9414E+21,1.0819E+16,5.36076E+16
923,924,1,0,60,44,2016,3,17,2,3,5,3,0,0,0,1,0,0,0,0,5.63985E+20,5.96575E+21,9.97234E+15,5.38364E+16
924,925,1,0,62,9,2016,3,13,7,3,5,3,0,0,0,1,0,0,0,1,5.81555E+20,5.93864E+21,1.02321E+16,5.35903E+16
925,926,1,0,3,0,2016,3,20,5,2,4,2,2,0,1,1,0,0,0,0,6.09752E+20,5.9704E+21,1.06692E+16,5.38704E+16
926,927,1,0,53,122,2016,2,7,4,3,8,1,0,2,0,1,0,0,0,0,5.96773E+20,5.95422E+21,1.04668E+16,5.37277E+16
927,928,1,0,60,58,2016,2,13,3,3,6,4,0,0,1,0,1,0,0,0,5.75143E+20,5.96134E+21,1.01408E+16,5.37952E+16
928,929,1,0,1,0,2016,3,8,3,3,5,2,0,0,0,1,0,1,0,0,5.27998E+20,6.06917E+21,9.4352E+15,5.4769E+16
929,930,1,0,54,88,2016,3,19,2,3,5,3,1,0,1,1,0,0,0,0,4.88897E+20,6.07129E+21,8.82734E+15,5.47886E+16
930,931,1,0,1,0,2016,3,21,5,3,5,2,2,0,0,1,0,0,0,0,5.26672E+20,6.07009E+21,9.41466E+15,5.47773E+16
931,932,1,0,53,46,2016,3,3,3,3,3,7,2,1,0,1,0,0,1,0,6.19217E+20,5.9319E+21,1.07983E+16,5.35225E+16
932,933,1,0,56,5,2016,3,10,7,3,0,7,0,1,1,0,0,0,0,0,5.60041E+20,5.94916E+21,9.90919E+15,5.36877E+16
933,934,1,0,57,16,2016,3,22,4,3,8,1,2,2,0,1,0,0,0,0,5.84095E+20,6.01796E+21,1.02924E+16,5.43026E+16
934,935,1,0,62,1,2016,2,11,7,3,5,3,0,0,1,1,0,0,0,0,5.82462E+20,5.94702E+21,1.02481E+16,5.36654E+16
935,936,1,0,58,43,2016,3,20,6,3,5,3,2,0,0,1,0,0,0,0,5.5376E+20,6.03607E+21,9.82951E+15,5.44694E+16
936,937,1,0,59,184,2016,3,14,5,2,8,1,0,0,0,1,0,0,0,0,5.26051E+20,6.06147E+21,9.40424E+15,5.46998E+16
937,938,1,0,55,40,2016,2,17,2,3,0,7,1,1,0,0,0,1,0,0,6.0854E+20,5.97212E+21,1.06514E+16,5.38862E+16
938,939,1,0,54,88,2016,2,13,2,3,6,4,0,0,0,1,1,0,0,0,4.8908E+20,6.07185E+21,8.83016E+15,5.47937E+16
939,940,1,0,58,92,2016,3,12,5,3,5,2,0,0,1,1,0,0,0,0,5.69821E+20,6.02134E+21,1.00738E+16,5.43351E+16
940,941,1,0,61,113,2016,3,10,5,3,5,3,0,0,1,1,0,0,0,0,5.24864E+20,5.97454E+21,9.37859E+15,5.39186E+16
941,942,1,0,58,30,2016,2,7,2,3,5,3,0,0,0,1,0,0,0,0,5.39354E+20,6.03205E+21,9.6067E+15,5.44347E+16
942,943,1,0,60,4,2016,2,15,6,3,5,3,0,0,1,1,0,0,0,0,5.56818E+20,5.97323E+21,9.86483E+15,5.39044E+16
943,944,1,0,54,93,2016,2,13,6,3,5,2,0,0,0,1,0,0,0,0,4.88299E+20,6.05753E+21,8.81859E+15,5.4665E+16
944,945,1,0,60,92,2016,3,12,7,3,6,7,0,0,0,1,1,0,0,0,5.79584E+20,5.97898E+21,1.02128E+16,5.39531E+16
945,946,1,0,58,78,2016,3,15,3,3,8,1,0,0,0,0,0,1,0,0,5.33216E+20,6.01935E+21,9.51067E+15,5.4321E+16
946,947,1,0,56,15,2016,3,10,6,3,2,2,0,0,0,1,0,0,0,0,5.44875E+20,5.95589E+21,9.68053E+15,5.37497E+16
947,948,1,0,3,0,2016,2,18,5,3,5,3,2,1,1,1,0,0,0,0,6.10125E+20,5.96992E+21,1.06747E+16,5.3866E+16