FID,OBJECTID,ULAND,UREGBEZ,UKREIS,UGEMEINDE,UJAHR,UMONAT,USTUNDE,UWOCHENTAG,UKATEGORIE,UART,UTYP1,ULICHTVERH,IstStrasse,IstRad,IstPKW,IstFuss,IstKrad,IstGkfz,IstSonstig,LINREFX,LINREFY,XGCSWGS84,YGCSWGS84
948,949,1,0,3,0,2016,3,16,4,3,5,3,0,0,1,1,0,0,0,0,6.10103E+20,5.96996E+21,1.06744E+16,5.38664E+16
949,950,1,0,60,39,2016,2,13,3,3,6,2,0,0,0,1,1,0,0,0,5.66318E+20,5.96055E+21,1.00067E+16,5.37893E+16
950,951,1,0,4,0,2016,3,10,2,3,5,3,0,0,1,1,0,0,0,0,5.65157E+20,5.9934E+21,9.99605E+15,5.40846E+16
951,952,1,0,54,41,2016,2,16,4,3,2,6,0,1,0,1,0,0,0,0,5.12032E+20,6.04966E+21,9.18621E+15,5.45943E+16
952,953,1,0,58,135,2016,3,10,4,3,3,6,0,0,0,1,0,0,1,0,5.43349E+20,6.01726E+21,9.66614E+15,5.43014E+16
953,954,1,0,3,0,2016,2,12,7,3,2,6,0,0,0,1,0,1,0,1,6.11751E+20,5.97103E+21,1.06998E+16,5.38757E+16
954,955,1,0,3,0,2016,3,13,2,3,5,3,0,0,0,1,0,0,0,0,6.10956E+20,5.96814E+21,1.06867E+16,5.38499E+16
955,956,1,0,60,39,2016,3,22,7,2,5,2,2,1,0,1,0,0,0,0,5.6342E+20,5.96306E+21,9.9632E+15,5.38122E+16
956,957,1,0,60,63,2016,2,7,4,3,5,3,0,0,1,1,0,0,0,0,5.64761E+20,5.94717E+21,9.98024E+15,5.36693E+16
957,958,1,0,58,139,2016,3,17,7,2,8,1,0,0,0,0,0,1,0,0,5.66644E+20,6.01408E+21,1.00234E+16,5.42703E+16
958,959,1,0,56,29,2016,3,16,6,3,2,6,0,0,0,1,0,0,0,0,5.42742E+20,5.95342E+21,9.64784E+15,5.37277E+16
959,960,1,0,51,11,2016,3,10,3,3,2,6,0,0,0,1,0,0,0,0,5.14702E+20,5.97464E+21,9.22385E+15,5.392E+16
960,961,1,0,58,53,2016,3,11,4,3,3,2,0,0,0,1,0,1,0,0,5.69005E+20,6.01087E+21,1.00589E+16,5.42411E+16
961,962,1,0,53,32,2016,2,14,3,3,2,6,0,1,0,1,0,0,0,0,5.89766E+20,5.9236E+21,1.03518E+16,5.34537E+16
962,963,1,0,4,0,2016,2,21,1,2,5,2,2,1,0,1,0,0,0,0,5.63345E+20,5.98868E+21,9.96736E+15,5.40425E+16
963,964,1,0,54,12,2016,3,8,5,3,5,2,0,0,1,1,0,0,0,0,5.02831E+20,6.04819E+21,9.0438E+15,5.45812E+16
964,965,1,0,57,48,2016,2,18,2,3,1,5,2,0,0,1,0,0,0,1,6.03941E+20,6.01786E+21,1.05972E+16,5.4298E+16
965,966,1,0,2,0,2016,3,7,1,3,8,1,0,1,0,1,0,0,0,0,5.7283E+20,6.01803E+21,1.01193E+16,5.4305E+16
966,967,1,0,56,5,2016,2,15,4,3,2,2,0,0,0,1,0,0,0,0,5.59956E+20,5.94557E+21,9.9072E+15,5.36554E+16
967,968,1,0,62,60,2016,3,12,7,3,2,6,0,0,0,1,0,0,0,1,5.83075E+20,5.93186E+21,1.02533E+16,5.35291E+16
968,969,1,0,54,78,2016,3,22,4,3,8,1,2,2,0,1,0,0,0,0,4.60311E+20,6.09515E+21,8.37952E+15,5.50016E+16
969,970,1,0,2,0,2016,3,7,6,3,8,1,1,1,0,1,0,0,0,0,5.7501E+20,6.01737E+21,1.01526E+16,5.42987E+16
970,971,1,0,55,15,2016,3,0,4,2,9,1,2,0,0,1,0,0,0,0,6.25731E+20,6.02509E+21,1.09349E+16,5.43581E+16
971,972,1,0,60,53,2016,2,16,3,2,6,4,0,0,0,1,1,0,0,0,5.82547E+20,5.96982E+21,1.02554E+16,5.38703E+16
972,973,1,0,57,50,2016,2,11,2,1,4,6,0,0,0,1,0,0,0,0,5.88967E+20,6.01631E+21,1.03667E+16,5.42869E+16
973,974,1,0,60,2,2016,2,13,1,3,5,2,0,1,0,1,0,0,0,0,5.57663E+20,5.96016E+21,9.87524E+15,5.37868E+16
974,975,1,0,58,34,2016,3,16,5,3,2,6,1,1,0,1,0,0,0,0,5.43748E+20,6.01866E+21,9.67248E+15,5.43139E+16
975,976,1,0,2,0,2016,2,15,2,3,5,3,0,0,1,1,0,0,0,0,5.725E+20,6.02091E+21,1.01149E+16,5.43309E+16
976,977,1,0,55,40,2016,2,15,6,3,5,3,0,1,0,1,0,1,0,0,6.08276E+20,5.97224E+21,1.06474E+16,5.38873E+16
977,978,1,0,3,0,2016,2,13,5,3,2,2,0,0,0,1,0,0,0,0,6.0698E+20,5.96928E+21,1.06267E+16,5.38609E+16
978,979,1,0,62,60,2016,3,11,7,3,1,5,0,0,0,1,0,0,0,0,5.82989E+20,5.92987E+21,1.02515E+16,5.35112E+16
979,980,1,0,53,116,2016,2,14,3,3,5,3,0,0,0,1,0,0,0,0,5.98909E+20,5.92897E+21,1.04912E+16,5.35004E+16
980,981,1,0,53,69,2016,3,17,3,3,0,1,0,0,0,0,0,1,0,0,6.01048E+20,5.94309E+21,1.0528E+16,5.36268E+16
981,982,1,0,1,0,2016,3,10,3,3,5,2,0,1,0,1,0,0,0,1,5.27744E+20,6.07215E+21,9.43152E+15,5.47957E+16
982,983,1,0,53,83,2016,3,18,6,3,2,2,1,0,1,1,0,0,0,0,6.02614E+20,5.91498E+21,1.05425E+16,5.3374E+16
983,984,1,0,1,0,2016,2,19,5,3,2,6,2,1,0,1,0,0,0,0,5.28104E+20,6.0712E+21,9.43703E+15,5.47872E+16
984,985,1,0,58,78,2016,3,8,4,3,9,1,0,2,0,1,0,0,0,0,5.32919E+20,6.01768E+21,9.50592E+15,5.4306E+16
985,986,1,0,53,100,2016,2,11,3,3,6,4,0,0,0,1,1,0,0,0,6.17079E+20,5.95156E+21,1.07734E+16,5.36996E+16
986,987,1,0,59,75,2016,3,12,2,3,2,6,0,0,0,1,0,0,0,0,5.35835E+20,6.04074E+21,9.55352E+15,5.4513E+16
987,988,1,0,56,48,2016,2,8,4,3,2,6,0,1,0,1,0,0,0,0,5.49967E+20,5.95219E+21,9.75714E+15,5.3716E+16
988,989,1,0,2,0,2016,3,14,4,3,1,5,0,0,0,1,0,0,0,1,5.73699E+20,6.02159E+21,1.01335E+16,5.43368E+16
989,990,1,0,58,135,2016,2,18,7,3,5,2,1,0,0,1,0,0,0,0,5.43402E+20,6.01685E+21,9.6669E+15,5.42977E+16
990,991,1,0,59,183,2016,3,17,2,3,9,6,1,0,0,1,0,0,0,0,5.22005E+20,6.07253E+21,9.3423E+15,5.47995E+16
991,992,1,0,58,43,2016,3,14,7,3,8,1,0,1,0,1,0,0,0,0,5.53347E+20,6.03516E+21,9.82298E+15,5.44613E+16
992,993,1,0,56,44,2016,2,10,4,3,3,6,0,0,1,0,0,0,0,0,5.55849E+20,5.9393E+21,9.84394E+15,5.35996E+16
993,994,1,0,54,140,2016,3,17,7,3,3,6,0,0,1,1,0,0,0,0,4.77195E+20,6.02129E+21,8.64923E+15,5.43389E+16
994,995,1,0,3,0,2016,3,7,6,3,5,3,0,0,1,1,0,0,0,0,6.09846E+20,5.9678E+21,1.06697E+16,5.38471E+16
995,996,1,0,60,44,2016,3,16,3,3,2,6,1,0,0,1,0,0,0,0,5.61616E+20,5.96699E+21,9.93659E+15,5.38478E+16
996,997,1,0,56,48,2016,2,9,6,3,2,6,0,1,0,1,0,0,0,0,5.47462E+20,5.95021E+21,9.71888E+15,5.36984E+16
997,998,1,0,56,43,2016,2,21,5,3,9,1,2,0,0,1,0,0,0,0,5.54156E+20,5.94606E+21,9.81953E+15,5.36605E+16
998,999,1,0,2,0,2016,3,9,4,3,2,6,0,0,0,1,0,0,0,0,5.75342E+20,6.01896E+21,1.01581E+16,5.4313E+16
999,1000,1,0,3,0,2016,2,8,3,3,5,2,0,0,1,0,0,0,0,1,6.10021E+20,5.97011E+21,1.06732E+16,5.38678E+16
1000,1001,1,0,61,46,2016,2,15,7,3,5,3,0,1,0,1,0,0,0,0,5.34671E+20,5.97508E+21,9.52795E+15,5.3923E+16
1001,1002,1,0,60,92,2016,3,17,4,3,0,3,0,1,0,1,0,1,0,0,5.78873E+20,5.97923E+21,1.0202E+16,5.39554E+16
1002,1003,1,0,60,84,2016,3,17,1,3,0,7,0,0,0,0,0,1,0,0,5.73762E+20,5.96759E+21,1.01213E+16,5.38515E+16
1003,1004,1,0,51,44,2016,3,9,5,3,5,3,0,0,1,1,0,0,0,0,5.0758E+20,6.00549E+21,9.11619E+15,5.41974E+16
1004,1005,1,0,61,116,2016,2,16,4,3,0,1,0,1,0,0,0,1,0,0,5.49403E+20,5.97609E+21,9.75244E+15,5.39309E+16
1005,1006,1,0,62,69,2016,2,20,3,3,0,7,2,0,0,1,0,0,0,0,5.8654E+20,5.94354E+21,1.03088E+16,5.36335E+16
1006,1007,1,0,2,0,2016,3,8,3,3,3,2,0,0,1,1,0,0,0,0,5.73617E+20,6.02103E+21,1.01321E+16,5.43318E+16
1007,1008,1,0,62,14,2016,3,19,2,2,5,3,2,1,0,1,0,1,0,0,5.82619E+20,5.95182E+21,1.02517E+16,5.37085E+16
1008,1009,1,0,62,60,2016,3,17,5,2,5,3,0,0,0,1,0,0,0,1,5.81125E+20,5.92998E+21,1.02234E+16,5.35125E+16
1009,1010,1,0,59,97,2016,3,6,6,2,9,1,0,1,0,1,0,0,0,0,5.42312E+20,6.04819E+21,9.65463E+15,5.45795E+16
1010,1011,1,0,3,0,2016,3,17,3,3,2,6,0,0,0,1,0,0,0,0,6.12598E+20,5.97092E+21,1.07127E+16,5.38745E+16
1011,1012,1,0,54,61,2016,3,13,4,3,5,3,0,0,1,1,0,0,0,0,4.58035E+20,6.08954E+21,8.34477E+15,5.4951E+16
1012,1013,1,0,58,59,2016,2,12,5,3,5,2,0,0,0,1,0,0,0,0,5.52919E+20,5.99652E+21,9.80954E+15,5.41141E+16
1013,1014,1,0,51,34,2016,3,16,6,2,0,7,0,0,1,0,0,0,0,0,4.93757E+20,5.98512E+21,8.90472E+15,5.40144E+16
1014,1015,1,0,53,112,2016,2,11,3,2,6,4,0,0,0,1,1,0,0,0,5.943E+20,5.94919E+21,1.04278E+16,5.36829E+16
1015,1016,1,0,55,37,2016,3,14,3,3,4,2,0,0,0,1,0,0,0,0,6.1925E+20,5.99933E+21,1.08249E+16,5.41283E+16
1016,1017,1,0,56,15,2016,3,16,3,3,2,6,0,0,0,1,0,0,0,0,5.47033E+20,5.95522E+21,9.71314E+15,5.37435E+16
1017,1018,1,0,56,43,2016,3,10,5,3,0,2,0,0,1,1,0,0,0,0,5.54785E+20,5.9453E+21,9.82892E+15,5.36536E+16
1018,1019,1,0,58,117,2016,3,9,6,2,4,2,0,0,0,1,0,0,1,0,5.55565E+20,6.00139E+21,9.85091E+15,5.41576E+16
1019,1020,1,0,54,76,2016,2,16,5,3,2,6,0,0,0,1,0,0,0,0,4.98502E+20,6.06917E+21,8.97671E+15,5.47697E+16
1020,1021,1,0,2,0,2016,3,9,4,2,6,4,0,0,0,1,1,0,0,0,5.72526E+20,6.02352E+21,1.0116E+16,5.43543E+16
1021,1022,1,0,59,183,2016,2,7,2,1,2,6,0,1,0,1,0,0,1,0,5.21927E+20,6.07051E+21,9.34093E+15,5.47813E+16
1022,1023,1,0,53,90,2016,3,13,3,3,2,6,0,0,0,0,0,0,1,0,6.12093E+20,5.94494E+21,1.06956E+16,5.36412E+16
1023,1024,1,0,51,122,2016,2,7,6,2,4,6,0,2,0,1,0,0,0,0,5.05541E+20,6.00759E+21,9.08497E+15,5.42163E+16
1024,1025,1,0,62,4,2016,3,19,1,3,5,3,2,0,0,1,0,0,0,0,5.88675E+20,5.96341E+21,1.03468E+16,5.38117E+16
1025,1026,1,0,62,4,2016,3,19,7,3,9,6,1,0,0,1,0,0,0,1,5.93694E+20,5.96085E+21,1.04222E+16,5.37878E+16
1026,1027,1,0,3,0,2016,3,23,5,3,5,3,2,1,0,1,0,0,0,0,6.09774E+20,5.97136E+21,1.06699E+16,5.38791E+16
1027,1028,1,0,59,167,2016,3,12,6,3,0,2,0,0,0,0,0,1,0,0,5.47936E+20,6.06434E+21,9.74428E+15,5.47241E+16
1028,1029,1,0,60,11,2016,3,12,6,3,0,7,0,1,0,1,0,0,0,0,5.66776E+20,5.98642E+21,1.00193E+16,5.40217E+16
1029,1030,1,0,2,0,2016,3,13,6,3,0,6,0,0,0,1,0,0,0,0,5.74067E+20,6.02078E+21,1.0139E+16,5.43295E+16
1030,1031,1,0,55,1,2016,3,12,3,3,5,3,0,0,0,1,0,0,0,1,6.03088E+20,5.98609E+21,1.05732E+16,5.40128E+16
1031,1032,1,0,55,16,2016,2,7,6,3,1,6,0,0,0,1,0,0,1,0,6.29288E+20,6.0057E+21,1.09812E+16,5.41831E+16
1032,1033,1,0,61,40,2016,3,22,3,3,9,7,2,0,0,1,0,0,0,0,5.34698E+20,5.98282E+21,9.52925E+15,5.39925E+16
1033,1034,1,0,57,85,2016,3,8,4,2,6,4,0,1,0,1,1,0,0,0,5.78907E+20,5.99704E+21,1.02071E+16,5.41154E+16
1034,1035,1,0,56,4,2016,3,14,7,3,2,6,0,0,0,1,0,0,0,1,5.57976E+20,5.95741E+21,9.87946E+15,5.37621E+16
1035,1036,1,0,53,116,2016,3,16,5,3,2,6,0,0,0,1,0,0,0,0,5.99168E+20,5.9289E+21,1.0495E+16,5.34997E+16
1036,1037,1,0,62,76,2016,2,4,4,2,8,1,1,2,0,1,0,0,0,0,5.72937E+20,5.95421E+21,1.01056E+16,5.37315E+16
1037,1038,1,0,62,60,2016,2,7,3,3,5,2,0,1,0,1,0,0,0,0,5.82008E+20,5.93402E+21,1.02378E+16,5.35487E+16
1038,1039,1,0,1,0,2016,3,4,3,3,8,1,2,1,0,1,0,0,0,0,5.31983E+20,6.06997E+21,9.49721E+15,5.4776E+16
1039,1040,1,0,54,56,2016,3,16,2,3,5,2,0,1,1,1,0,0,0,0,5.03141E+20,6.03752E+21,9.04849E+15,5.44853E+16
1040,1041,1,0,2,0,2016,3,8,5,3,5,3,0,0,1,1,0,0,0,0,5.74103E+20,6.01864E+21,1.0139E+16,5.43102E+16
1041,1042,1,0,4,0,2016,3,17,3,3,0,7,0,0,0,1,0,0,0,1,5.64236E+20,5.99205E+21,9.98168E+15,5.40727E+16
1042,1043,1,0,56,44,2016,3,12,7,3,2,6,0,0,0,1,0,0,0,0,5.56387E+20,5.93919E+21,9.85206E+15,5.35985E+16
1043,1044,1,0,51,69,2016,2,18,7,2,5,3,2,0,0,1,0,0,0,0,5.03813E+20,6.00486E+21,9.05844E+15,5.41917E+16
1044,1045,1,0,62,8,2016,3,5,6,3,8,7,2,1,0,0,0,0,0,1,5.99107E+20,5.9635E+21,1.05052E+16,5.38106E+16
1045,1046,1,0,2,0,2016,3,14,5,3,5,3,0,0,0,1,0,0,0,0,5.74045E+20,6.02278E+21,1.01391E+16,5.43475E+16
1046,1047,1,0,60,53,2016,2,9,2,3,9,1,0,1,0,1,0,0,0,0,5.81607E+20,5.9696E+21,1.02411E+16,5.38684E+16
1047,1048,1,0,62,4,2016,3,18,5,3,8,7,2,1,0,1,1,0,0,0,5.89985E+20,5.96263E+21,1.03664E+16,5.38044E+16
1048,1049,1,0,62,8,2016,3,9,6,3,2,6,0,1,0,1,0,0,0,0,5.95619E+20,5.96263E+21,1.04519E+16,5.38035E+16
1049,1050,1,0,60,23,2016,2,2,2,3,9,1,2,1,0,1,0,0,0,0,5.5857E+20,5.97659E+21,9.89213E+15,5.39344E+16
1050,1051,1,0,54,138,2016,2,21,7,3,8,1,2,1,0,1,0,0,0,0,4.9809E+20,6.02286E+21,8.97062E+15,5.43536E+16
1051,1052,1,0,3,0,2016,2,21,1,3,4,2,2,0,0,1,0,1,0,0,6.11427E+20,5.9709E+21,1.06949E+16,5.38746E+16
1052,1053,1,0,61,10,2016,2,6,6,3,8,1,2,2,0,1,0,0,0,0,5.29936E+20,5.9757E+21,9.45592E+15,5.39288E+16
1053,1054,1,0,60,47,2016,3,7,6,3,8,1,1,2,0,1,0,0,0,0,5.65826E+20,5.96333E+21,9.9998E+15,5.38143E+16
1054,1055,1,0,58,135,2016,3,16,5,3,4,2,0,0,0,1,0,0,0,0,5.42377E+20,6.01794E+21,9.65131E+15,5.43076E+16
1055,1056,1,0,59,107,2016,2,8,3,3,8,1,0,2,0,1,0,0,0,0,5.23388E+20,6.05292E+21,9.36223E+15,5.46232E+16
1056,1057,1,0,60,54,2016,3,5,5,3,9,1,2,2,0,1,0,0,0,0,5.57034E+20,5.97072E+21,9.86764E+15,5.38818E+16
1057,1058,1,0,58,34,2016,3,16,6,2,2,6,0,1,0,1,0,0,0,0,5.43976E+20,6.01877E+21,9.67601E+15,5.43149E+16
1058,1059,1,0,51,122,2016,3,7,5,2,9,1,0,1,0,1,0,0,0,0,5.06584E+20,6.01212E+21,9.10106E+15,5.4257E+16
1059,1060,1,0,4,0,2016,3,19,3,3,4,6,2,1,0,1,0,0,0,0,5.66594E+20,5.98835E+21,1.00169E+16,5.40391E+16
1060,1061,1,0,58,117,2016,2,15,7,2,5,3,0,1,1,1,0,0,0,0,5.55323E+20,6.00266E+21,9.84744E+15,5.4169E+16
1061,1062,1,0,57,41,2016,2,18,6,2,5,2,2,1,1,1,0,0,0,0,5.90673E+20,6.02662E+21,1.0396E+16,5.43793E+16
1062,1063,1,0,55,16,2016,3,11,3,3,8,1,0,0,0,1,0,0,0,0,6.29031E+20,6.00524E+21,1.09771E+16,5.4179E+16
1063,1064,1,0,2,0,2016,3,2,7,3,2,6,2,0,0,1,0,0,0,0,5.73822E+20,6.01948E+21,1.01349E+16,5.43179E+16
1064,1065,1,0,58,146,2016,3,12,5,2,5,3,0,0,0,1,0,0,0,0,5.49641E+20,6.01852E+21,9.76302E+15,5.43121E+16
1065,1066,1,0,62,81,2016,2,6,4,3,5,3,2,0,1,1,0,0,0,0,5.8643E+20,5.95571E+21,1.03105E+16,5.37428E+16
1066,1067,1,0,55,42,2016,2,14,3,3,2,6,0,0,0,1,0,0,0,0,6.20745E+20,5.98355E+21,1.08415E+16,5.39861E+16
1067,1068,1,0,56,43,2016,3,8,2,3,2,6,0,1,0,1,0,0,0,0,5.5766E+20,5.9447E+21,9.8723E+15,5.36479E+16
1068,1069,1,0,60,64,2016,3,19,2,3,2,6,2,1,0,1,0,0,1,0,5.6145E+20,5.96686E+21,9.93403E+15,5.38466E+16
1069,1070,1,0,4,0,2016,2,8,4,3,0,7,0,1,0,1,0,0,1,0,5.62703E+20,5.99088E+21,9.95803E+15,5.40623E+16
1070,1071,1,0,62,9,2016,3,16,5,2,2,6,0,0,0,1,0,0,0,0,5.8007E+20,5.93799E+21,1.02095E+16,5.35846E+16
1071,1072,1,0,61,29,2016,3,10,2,3,9,1,0,0,0,1,0,0,0,0,5.27679E+20,5.96023E+21,9.42015E+15,5.37899E+16
1072,1073,1,0,56,24,2016,2,7,4,3,5,3,1,0,1,1,0,0,0,0,5.44247E+20,5.94481E+21,9.66942E+15,5.36502E+16
1073,1074,1,0,62,76,2016,3,15,7,2,8,1,0,0,0,0,0,1,0,0,5.70758E+20,5.95751E+21,1.00734E+16,5.37614E+16
1074,1075,1,0,59,182,2016,3,16,4,3,5,3,0,1,0,1,0,0,0,0,5.30656E+20,6.06602E+21,9.47617E+15,5.47405E+16
1075,1076,1,0,4,0,2016,3,15,6,3,2,6,0,0,0,1,0,0,0,0,5.65175E+20,5.99342E+21,9.99633E+15,5.40849E+16
1076,1077,1,0,56,48,2016,3,9,4,3,5,3,0,0,1,1,0,0,0,0,5.46312E+20,5.94953E+21,9.70136E+15,5.36924E+16
1077,1078,1,0,55,29,2016,2,5,4,3,8,1,2,2,0,1,0,0,0,0,6.24019E+20,6.00921E+21,1.0902E+16,5.42159E+16
1078,1079,1,0,3,0,2016,2,16,2,3,1,5,0,0,1,1,0,0,0,0,6.09833E+20,5.96895E+21,1.067E+16,5.38574E+16
1079,1080,1,0,60,4,2016,2,8,2,2,3,6,0,1,0,1,0,0,1,0,5.6152E+20,5.9738E+21,9.9365E+15,5.39089E+16
1080,1081,1,0,58,118,2016,3,12,5,3,5,3,0,1,0,1,0,0,0,0,5.4027E+20,6.01552E+21,9.6186E+15,5.4286E+16
1081,1082,1,0,56,50,2016,3,14,5,3,1,5,0,0,0,1,0,0,0,0,5.46737E+20,5.93717E+21,9.70595E+15,5.35813E+16
1082,1083,1,0,2,0,2016,2,7,2,3,1,5,0,1,0,1,0,0,0,0,5.73291E+20,6.02228E+21,1.01274E+16,5.43431E+16
1083,1084,1,0,2,0,2016,2,16,2,3,2,6,0,0,0,1,0,0,0,0,5.73906E+20,6.01798E+21,1.01358E+16,5.43044E+16
1084,1085,1,0,62,6,2016,2,5,6,3,5,2,2,1,0,1,0,0,0,0,5.82747E+20,5.95349E+21,1.02541E+16,5.37235E+16
1085,1086,1,0,60,85,2016,2,7,5,3,2,6,1,2,0,1,0,0,0,0,5.7772E+20,5.96424E+21,1.01806E+16,5.38209E+16
1086,1087,1,0,62,76,2016,3,11,7,3,2,6,0,0,0,1,0,0,0,0,5.71415E+20,5.95457E+21,1.00826E+16,5.37349E+16
1087,1088,1,0,3,0,2016,2,17,3,2,5,3,2,0,1,1,0,0,0,0,6.11162E+20,5.96832E+21,1.06899E+16,5.38515E+16
1088,1089,1,0,2,0,2016,3,12,3,3,5,7,0,0,0,1,0,0,0,0,5.73251E+20,6.01848E+21,1.01259E+16,5.43089E+16
1089,1090,1,0,56,43,2016,3,8,6,3,5,3,0,1,1,1,0,0,0,0,5.54661E+20,5.94537E+21,9.82706E+15,5.36542E+16
1090,1091,1,0,58,159,2016,2,13,5,3,5,2,0,1,0,1,0,0,0,0,5.44058E+20,5.99498E+21,9.67377E+15,5.41011E+16
1091,1092,1,0,4,0,2016,3,13,4,3,5,2,0,0,0,1,0,1,0,0,5.64433E+20,5.99098E+21,9.98446E+15,5.4063E+16
1092,1093,1,0,55,21,2016,2,18,3,3,2,6,2,0,0,1,0,0,0,0,6.29782E+20,6.02614E+21,1.09976E+16,5.43665E+16
1093,1094,1,0,54,109,2016,2,11,6,3,5,3,0,0,0,1,0,0,0,0,4.90716E+20,6.07048E+21,8.85564E+15,5.47814E+16
1094,1095,1,0,59,159,2016,3,13,1,3,5,3,0,0,0,1,0,0,0,0,5.29031E+20,6.05757E+21,9.45009E+15,5.46647E+16
1095,1096,1,0,59,183,2016,2,15,6,3,3,6,0,0,0,1,0,0,1,0,5.2501E+20,6.06534E+21,9.38842E+15,5.47347E+16
1096,1097,1,0,58,135,2016,3,12,3,3,5,2,0,0,0,1,0,0,0,0,5.41909E+20,6.0187E+21,9.64422E+15,5.43144E+16
1097,1098,1,0,60,39,2016,3,11,6,3,2,6,0,0,0,1,0,0,0,0,5.64769E+20,5.96143E+21,9.98334E+15,5.37974E+16
1098,1099,1,0,62,60,2016,2,8,5,2,2,6,0,1,0,1,0,0,0,1,5.82573E+20,5.93431E+21,1.02464E+16,5.35512E+16
1099,1100,1,0,56,26,2016,3,7,4,3,8,7,0,0,0,1,0,0,0,0,5.52527E+20,5.95586E+21,9.79656E+15,5.37488E+16
1100,1101,1,0,55,28,2016,2,6,4,3,0,7,1,1,1,0,0,0,0,0,6.0228E+20,6.00285E+21,1.05666E+16,5.41636E+16
1101,1102,1,0,4,0,2016,2,3,3,3,3,6,2,0,1,0,0,1,0,0,5.64325E+20,5.99249E+21,9.98313E+15,5.40766E+16
1102,1103,1,0,53,111,2016,3,8,2,3,8,6,0,0,0,1,0,0,0,0,6.00848E+20,5.91527E+21,1.0516E+16,5.33769E+16
1103,1104,1,0,2,0,2016,2,7,4,3,2,6,0,2,1,1,0,0,0,0,5.73704E+20,6.02172E+21,1.01336E+16,5.4338E+16
1104,1105,1,0,3,0,2016,3,21,4,3,0,2,2,0,1,0,0,0,0,1,6.10551E+20,5.9714E+21,1.06817E+16,5.38793E+16
1105,1106,1,0,62,60,2016,3,12,2,3,5,3,0,0,0,1,0,0,0,0,5.82958E+20,5.932E+21,1.02516E+16,5.35304E+16
1106,1107,1,0,51,68,2016,3,12,7,3,5,3,0,1,0,1,0,0,0,0,5.13291E+20,6.01229E+21,9.20403E+15,5.42584E+16
1107,1108,1,0,53,27,2016,2,14,4,3,2,6,0,0,0,1,0,0,0,1,6.02094E+20,5.93433E+21,1.05409E+16,5.3548E+16
1108,1109,1,0,3,0,2016,3,15,7,3,0,2,0,0,1,1,0,0,0,0,6.09923E+20,5.97025E+21,1.06718E+16,5.3869E+16
1109,1110,1,0,59,45,2016,3,7,4,3,2,6,1,1,0,1,0,0,0,0,5.59453E+20,6.05802E+21,9.92178E+15,5.46661E+16
1110,1111,1,0,54,84,2016,3,14,6,3,2,6,0,0,0,1,0,0,0,1,5.06212E+20,6.0359E+21,9.09585E+15,5.44707E+16
1111,1112,1,0,3,0,2016,3,16,4,3,3,6,0,0,0,1,0,0,0,0,6.11225E+20,5.97193E+21,1.06922E+16,5.38839E+16
1112,1113,1,0,60,63,2016,2,16,3,3,2,6,0,0,0,1,0,0,0,0,5.67889E+20,5.94992E+21,1.00282E+16,5.36936E+16
1113,1114,1,0,3,0,2016,2,21,1,2,5,3,2,1,0,1,0,0,0,1,6.10217E+20,5.97088E+21,1.06765E+16,5.38747E+16
1114,1115,1,0,2,0,2016,3,6,5,3,3,6,1,1,0,1,0,0,0,0,5.72511E+20,6.01938E+21,1.01147E+16,5.43171E+16
1115,1116,1,0,1,0,2016,2,14,2,3,5,3,0,0,0,1,0,0,0,0,5.30906E+20,6.07322E+21,9.48082E+15,5.48052E+16
1116,1117,1,0,3,0,2016,2,7,6,3,5,3,0,0,1,1,0,0,0,0,6.09971E+20,5.97148E+21,1.06729E+16,5.38801E+16
1117,1118,1,0,3,0,2016,2,16,5,3,4,2,0,0,0,1,0,0,0,0,6.0908E+20,5.97075E+21,1.06591E+16,5.38737E+16
1118,1119,1,0,58,146,2016,3,14,7,3,5,2,0,0,0,1,0,0,0,0,5.49606E+20,6.01851E+21,9.76249E+15,5.43121E+16
1119,1120,1,0,58,34,2016,2,18,3,3,6,2,2,0,0,1,1,0,0,0,5.43726E+20,6.01865E+21,9.67214E+15,5.43139E+16
1120,1121,1,0,3,0,2016,3,10,3,3,6,2,0,0,0,1,1,0,0,0,6.10618E+20,5.96852E+21,1.06817E+16,5.38534E+16
1121,1122,1,0,59,183,2016,3,16,3,3,2,6,0,0,0,1,0,0,0,0,5.21746E+20,6.07E+21,9.33808E+15,5.47768E+16
1122,1123,1,0,55,18,2016,3,22,6,2,7,7,2,1,0,1,0,0,0,0,6.32338E+20,6.013E+21,1.10311E+16,5.42479E+16
1123,1124,1,0,54,118,2016,2,7,5,3,8,1,0,2,0,1,0,0,0,0,5.08329E+20,6.03931E+21,9.12862E+15,5.45013E+16
1124,1125,1,0,58,12,2016,3,12,4,3,1,5,0,1,0,0,0,0,1,0,5.55597E+20,6.03801E+21,9.85822E+15,5.44867E+16
1125,1126,1,0,56,30,2016,2,13,4,3,2,6,0,1,0,1,0,0,0,0,5.44002E+20,5.96268E+21,9.66825E+15,5.38109E+16
1126,1127,1,0,1,0,2016,2,15,2,3,5,3,0,0,1,0,0,0,1,0,5.25371E+20,6.07011E+21,9.39444E+15,5.47776E+16
1127,1128,1,0,59,169,2016,3,20,4,2,4,2,2,0,0,1,0,1,0,0,5.19428E+20,6.04851E+21,9.3006E+15,5.45837E+16
1128,1129,1,0,54,168,2016,2,7,7,3,0,1,0,0,1,0,0,0,0,0,4.55694E+20,6.08472E+21,8.30896E+15,5.49075E+16
1129,1130,1,0,62,89,2016,3,22,2,2,2,6,2,0,0,1,0,0,0,0,5.89159E+20,5.95471E+21,1.03516E+16,5.37334E+16
1130,1131,1,0,2,0,2016,3,13,7,3,5,2,0,1,1,1,0,0,0,0,5.76216E+20,6.01708E+21,1.01711E+16,5.4296E+16
1131,1132,1,0,58,94,2016,3,1,7,3,9,7,2,0,0,1,0,0,0,0,5.59169E+20,6.00537E+21,9.90687E+15,5.4193E+16
1132,1133,1,0,58,104,2016,3,22,6,3,8,1,2,0,0,1,0,0,0,0,5.67355E+20,6.01925E+21,1.00354E+16,5.43167E+16
1133,1134,1,0,3,0,2016,3,9,3,3,0,7,0,0,1,0,0,0,0,0,6.11346E+20,5.97183E+21,1.0694E+16,5.38829E+16
1134,1135,1,0,54,80,2016,3,11,2,3,8,1,0,1,0,1,0,0,0,0,5.01183E+20,6.05963E+21,9.01836E+15,5.4684E+16