FID,OBJECTID,ULAND,UREGBEZ,UKREIS,UGEMEINDE,UJAHR,UMONAT,USTUNDE,UWOCHENTAG,UKATEGORIE,UART,UTYP1,ULICHTVERH,IstStrasse,IstRad,IstPKW,IstFuss,IstKrad,IstGkfz,IstSonstig,LINREFX,LINREFY,XGCSWGS84,YGCSWGS84
1135,1136,1,0,54,95,2016,2,5,4,3,9,1,2,2,0,1,0,0,0,0,4.97602E+20,6.02128E+21,8.96311E+15,5.43393E+16
1136,1137,1,0,58,61,2016,3,20,4,3,8,1,2,0,0,1,0,0,0,0,5.31294E+20,5.9958E+21,9.47867E+15,5.41094E+16
1137,1138,1,0,55,42,2016,2,12,7,3,9,1,0,0,0,1,0,0,0,0,6.14584E+20,5.98358E+21,1.07476E+16,5.39878E+16
1138,1139,1,0,4,0,2016,3,20,2,3,2,6,2,0,0,1,0,0,0,0,5.66823E+20,5.9899E+21,1.00207E+16,5.4053E+16
1139,1140,1,0,55,33,2016,3,11,7,3,1,5,0,1,0,1,0,0,0,1,6.23334E+20,6.01744E+21,1.08948E+16,5.42899E+16
1140,1141,1,0,3,0,2016,2,11,4,3,2,6,0,0,0,1,0,0,0,0,6.08708E+20,5.96811E+21,1.06525E+16,5.38501E+16
1141,1142,1,0,2,0,2016,3,10,7,3,5,3,0,0,0,1,0,1,0,0,5.73313E+20,6.02267E+21,1.01278E+16,5.43466E+16
1142,1143,1,0,62,19,2016,3,20,6,3,7,7,2,0,0,1,0,0,0,0,5.84934E+20,5.96221E+21,1.02896E+16,5.38015E+16
1143,1144,1,0,51,44,2016,3,19,3,3,9,1,2,2,0,1,0,0,0,0,5.0587E+20,6.00479E+21,9.08996E+15,5.41911E+16
1144,1145,1,0,57,91,2016,3,11,4,3,2,2,0,0,0,1,0,0,0,0,5.82185E+20,6.01412E+21,1.0262E+16,5.42684E+16
1145,1146,1,0,62,1,2016,2,12,3,3,2,6,0,1,0,1,0,0,0,0,5.81566E+20,5.9476E+21,1.02346E+16,5.36708E+16
1146,1147,1,0,62,61,2016,2,17,1,3,2,6,1,1,0,1,0,0,0,0,5.9935E+20,5.96458E+21,1.05092E+16,5.38203E+16
1147,1148,1,0,56,48,2016,3,9,5,1,2,6,0,1,0,1,0,0,0,0,5.4991E+20,5.95224E+21,9.75628E+15,5.37164E+16
1148,1149,1,0,2,0,2016,2,17,3,3,3,6,2,0,0,1,0,0,0,0,5.7218E+20,6.01767E+21,1.01092E+16,5.43018E+16
1149,1150,1,0,58,77,2016,3,17,3,3,2,6,0,0,0,1,0,0,1,0,5.43509E+20,5.99308E+21,9.6651E+15,5.4084E+16
1150,1151,1,0,51,74,2016,3,12,2,3,1,5,0,0,1,1,0,0,0,0,5.04844E+20,5.99412E+21,9.07406E+15,5.40952E+16
1151,1152,1,0,56,15,2016,3,13,5,3,4,2,0,0,0,1,0,0,0,0,5.42898E+20,5.9557E+21,9.65052E+15,5.37482E+16
1152,1153,1,0,2,0,2016,3,9,6,3,1,6,0,0,0,1,0,0,0,0,5.72916E+20,6.02534E+21,1.01224E+16,5.43706E+16
1153,1154,1,0,60,27,2016,3,13,3,2,5,2,0,0,0,1,0,0,0,0,5.60459E+20,5.98262E+21,9.9221E+15,5.39884E+16
1154,1155,1,0,54,76,2016,3,11,4,3,4,2,0,0,0,1,0,1,0,0,4.98451E+20,6.06937E+21,8.97593E+15,5.47715E+16
1155,1156,1,0,60,97,2016,2,11,1,2,3,6,0,0,0,1,0,0,0,1,5.93648E+20,5.98311E+21,1.04283E+16,5.39879E+16
1156,1157,1,0,62,21,2016,3,15,3,2,4,6,0,0,0,1,0,0,1,0,5.91956E+20,5.94365E+21,1.03907E+16,5.36335E+16
1157,1158,1,0,61,91,2016,2,6,6,3,8,1,2,2,0,1,0,0,0,0,5.3773E+20,5.99277E+21,9.57672E+15,5.40817E+16
1158,1159,1,0,58,113,2016,3,3,1,2,8,1,2,1,0,1,0,0,0,0,5.40423E+20,5.99954E+21,9.6188E+15,5.41424E+16
1159,1160,1,0,51,44,2016,3,7,6,3,2,6,0,1,0,1,0,0,0,0,5.09371E+20,6.00552E+21,9.14364E+15,5.41976E+16
1160,1161,1,0,58,135,2016,3,7,5,3,0,3,0,1,0,1,0,1,0,0,5.44864E+20,6.01797E+21,9.68953E+15,5.43077E+16
1161,1162,1,0,57,35,2016,2,14,3,3,9,1,0,1,0,1,0,0,0,0,6.02182E+20,6.01533E+21,1.05693E+16,5.42757E+16
1162,1163,1,0,58,132,2016,3,15,6,3,9,6,0,0,0,1,0,0,0,0,5.48429E+20,6.01903E+21,9.74449E+15,5.43168E+16
1163,1164,1,0,53,79,2016,3,7,6,3,8,1,0,1,0,1,0,0,0,0,6.00731E+20,5.9523E+21,1.05262E+16,5.37096E+16
1164,1165,1,0,1,0,2016,3,7,6,3,0,1,0,0,1,0,0,0,0,0,5.28387E+20,6.07263E+21,9.44158E+15,5.48E+16
1165,1166,1,0,3,0,2016,3,6,3,3,8,7,1,0,0,1,0,0,0,0,6.06334E+20,5.97252E+21,1.0618E+16,5.38902E+16
1166,1167,1,0,55,27,2016,2,8,6,3,6,3,0,1,0,1,1,0,0,0,6.22949E+20,6.00982E+21,1.08858E+16,5.42216E+16
1167,1168,1,0,61,29,2016,3,9,3,3,5,3,0,1,1,1,0,0,0,0,5.27499E+20,5.96138E+21,9.41752E+15,5.38002E+16
1168,1169,1,0,2,0,2016,3,6,4,3,8,7,2,1,0,0,0,1,0,0,5.73256E+20,6.01796E+21,1.01258E+16,5.43042E+16
1169,1170,1,0,56,15,2016,3,11,7,3,8,6,0,0,0,1,0,0,0,0,5.45027E+20,5.95689E+21,9.68298E+15,5.37587E+16
1170,1171,1,0,55,12,2016,3,14,5,3,9,1,0,1,0,0,0,0,0,1,6.04171E+20,5.99757E+21,1.05937E+16,5.41157E+16
1171,1172,1,0,60,48,2016,2,8,4,3,8,1,0,2,0,1,0,0,0,0,5.88641E+20,5.97451E+21,1.03494E+16,5.39114E+16
1172,1173,1,0,2,0,2016,2,13,3,3,5,3,0,0,0,1,0,0,0,0,5.71416E+20,6.01537E+21,1.00969E+16,5.42813E+16
1173,1174,1,0,59,178,2016,3,14,3,3,0,1,0,0,1,0,0,0,0,0,5.43379E+20,6.07388E+21,9.67496E+15,5.48102E+16
1174,1175,1,0,1,0,2016,3,10,2,3,0,1,0,1,0,0,0,1,0,0,5.27939E+20,6.07142E+21,9.43449E+15,5.47892E+16
1175,1176,1,0,56,23,2016,2,13,6,3,5,3,0,0,0,1,0,0,0,1,5.45235E+20,5.95102E+21,9.68527E+15,5.37059E+16
1176,1177,1,0,54,41,2016,3,11,4,3,5,3,0,0,0,1,0,0,0,0,5.12281E+20,6.05054E+21,9.19012E+15,5.46022E+16
1177,1178,1,0,58,130,2016,2,16,3,3,3,2,0,1,1,1,0,0,0,0,5.64692E+20,6.02216E+21,9.99513E+15,5.43431E+16
1178,1179,1,0,53,111,2016,2,1,7,3,8,1,2,1,0,1,0,0,0,0,5.99977E+20,5.91626E+21,1.05032E+16,5.33859E+16
1179,1180,1,0,62,4,2016,3,5,4,3,5,3,2,1,0,1,0,0,0,0,5.92816E+20,5.96131E+21,1.0409E+16,5.37921E+16
1180,1181,1,0,2,0,2016,3,3,1,3,1,5,2,0,1,1,0,0,0,0,5.73218E+20,6.01858E+21,1.01254E+16,5.43099E+16
1181,1182,1,0,56,28,2016,3,17,5,3,2,6,0,0,0,1,0,0,0,1,5.44598E+20,5.94144E+21,9.67424E+15,5.36199E+16
1182,1183,1,0,56,32,2016,2,5,4,3,8,1,2,2,0,1,0,0,0,0,5.52011E+20,5.95072E+21,9.78787E+15,5.37026E+16
1183,1184,1,0,59,24,2016,2,9,3,3,4,6,0,0,0,1,0,0,0,0,5.2058E+20,6.0178E+21,9.31629E+15,5.43076E+16
1184,1185,1,0,2,0,2016,3,10,3,3,5,2,0,0,0,1,0,0,0,1,5.7381E+20,6.0197E+21,1.01348E+16,5.43198E+16
1185,1186,1,0,4,0,2016,3,5,2,3,5,3,2,1,0,1,0,0,0,0,5.63891E+20,5.98984E+21,9.97594E+15,5.40528E+16
1186,1187,1,0,58,37,2016,3,13,5,1,4,6,0,0,0,1,1,0,0,1,5.73973E+20,6.03134E+21,1.01402E+16,5.44244E+16
1187,1188,1,0,61,44,2016,3,8,5,3,5,3,0,0,1,1,0,0,0,0,5.41916E+20,5.96245E+21,9.63655E+15,5.38089E+16
1188,1189,1,0,3,0,2016,3,16,3,3,5,2,0,0,1,1,0,0,0,0,6.09717E+20,5.97126E+21,1.0669E+16,5.38782E+16
1189,1190,1,0,54,144,2016,3,19,4,3,9,6,1,0,0,0,0,0,0,1,5.09213E+20,6.04728E+21,9.14251E+15,5.45729E+16
1190,1191,1,0,58,135,2016,2,3,1,3,9,1,2,2,0,1,0,0,0,0,5.43412E+20,6.01491E+21,9.66678E+15,5.42802E+16
1191,1192,1,0,60,63,2016,2,9,6,3,2,6,0,1,0,1,0,0,0,0,5.64175E+20,5.94864E+21,9.97166E+15,5.36825E+16
1192,1193,1,0,60,38,2016,3,7,6,3,9,1,0,2,0,1,0,0,0,0,5.73374E+20,5.98032E+21,1.01185E+16,5.3966E+16
1193,1194,1,0,57,35,2016,3,16,5,2,4,6,0,0,0,1,0,0,0,0,6.00539E+20,6.01771E+21,1.05449E+16,5.42974E+16
1194,1195,1,0,59,45,2016,2,8,3,3,8,1,0,2,0,1,0,0,0,0,5.63171E+20,6.05756E+21,9.97932E+15,5.46614E+16
1195,1196,1,0,60,44,2016,3,13,5,3,2,6,0,1,0,1,0,0,0,1,5.63244E+20,5.96569E+21,9.96106E+15,5.38358E+16
1196,1197,1,0,54,144,2016,3,15,6,1,4,6,0,1,0,1,0,0,0,0,5.11314E+20,6.04797E+21,9.17505E+15,5.45791E+16
1197,1198,1,0,59,79,2016,3,22,3,3,9,1,2,2,0,1,0,0,0,0,5.22902E+20,6.03892E+21,9.35362E+15,5.44974E+16
1198,1199,1,0,2,0,2016,2,12,7,3,5,3,0,1,0,1,0,0,0,0,5.72435E+20,6.01789E+21,1.01132E+16,5.43038E+16
1199,1200,1,0,58,150,2016,2,18,6,2,4,6,2,0,0,1,0,0,0,1,5.72292E+20,6.03493E+21,1.01151E+16,5.44569E+16
1200,1201,1,0,55,32,2016,3,11,1,3,0,2,0,0,0,1,1,0,0,0,6.18523E+20,5.9967E+21,1.08128E+16,5.41048E+16
1201,1202,1,0,2,0,2016,2,12,6,3,2,6,0,0,0,1,0,0,0,0,5.73022E+20,6.01967E+21,1.01226E+16,5.43196E+16
1202,1203,1,0,55,18,2016,3,12,3,3,0,7,0,0,0,1,0,0,0,0,6.32716E+20,6.01124E+21,1.10361E+16,5.4232E+16
1203,1204,1,0,57,55,2016,3,10,7,3,5,3,0,0,0,1,0,0,0,0,5.99856E+20,6.02441E+21,1.05366E+16,5.43577E+16
1204,1205,1,0,60,48,2016,2,0,5,2,9,1,2,2,0,1,0,0,0,0,5.88461E+20,5.97463E+21,1.03467E+16,5.39125E+16
1205,1206,1,0,59,64,2016,3,21,5,2,8,1,2,1,0,1,0,0,0,0,5.16509E+20,6.02367E+21,9.25406E+15,5.43606E+16
1206,1207,1,0,55,16,2016,2,6,4,3,9,1,1,2,0,1,0,0,0,0,6.26324E+20,6.00164E+21,1.09341E+16,5.41473E+16
1207,1208,1,0,3,0,2016,2,8,3,3,2,6,0,0,0,1,0,0,0,0,6.06965E+20,5.96962E+21,1.06266E+16,5.3864E+16
1208,1209,1,0,60,63,2016,3,14,2,3,2,6,0,0,0,1,0,0,0,0,5.65011E+20,5.95687E+21,9.98605E+15,5.37564E+16
1209,1210,1,0,58,91,2016,3,15,2,3,2,6,0,1,0,1,0,0,0,0,5.62735E+20,5.99899E+21,9.96019E+15,5.41352E+16
1210,1211,1,0,58,43,2016,2,6,4,3,2,1,2,2,0,1,0,0,0,1,5.55225E+20,6.03422E+21,9.85177E+15,5.44526E+16
1211,1212,1,0,56,15,2016,3,11,4,3,2,6,0,0,0,1,0,0,0,0,5.46609E+20,5.95533E+21,9.70674E+15,5.37445E+16
1212,1213,1,0,62,91,2016,3,6,1,3,9,1,1,1,0,1,0,0,0,0,5.92306E+20,5.95237E+21,1.03986E+16,5.37118E+16
1213,1214,1,0,56,27,2016,3,13,2,3,4,6,0,0,0,0,0,0,1,0,5.42822E+20,5.94047E+21,9.64727E+15,5.36113E+16
1214,1215,1,0,55,28,2016,2,21,4,3,8,1,2,0,0,0,0,1,0,0,6.01788E+20,6.00314E+21,1.05591E+16,5.41663E+16
1215,1216,1,0,53,32,2016,3,13,7,3,2,2,0,0,0,1,0,0,0,0,5.88723E+20,5.92136E+21,1.03355E+16,5.34338E+16
1216,1217,1,0,59,53,2016,3,8,4,2,4,6,0,1,0,1,0,0,1,0,5.32021E+20,6.03029E+21,9.49347E+15,5.44193E+16
1217,1218,1,0,59,75,2016,3,19,5,3,2,6,2,0,0,1,0,0,0,0,5.36591E+20,6.04096E+21,9.56522E+15,5.45149E+16
1218,1219,1,0,55,35,2016,3,17,3,2,8,1,0,1,0,0,0,0,0,1,6.13628E+20,5.9827E+21,1.07327E+16,5.39801E+16
1219,1220,1,0,60,61,2016,3,15,7,3,5,2,0,0,0,1,0,0,0,1,5.90849E+20,5.97314E+21,1.03827E+16,5.38987E+16
1220,1221,1,0,56,18,2016,2,20,7,3,5,2,2,0,1,1,0,0,0,0,5.57382E+20,5.94253E+21,9.8677E+15,5.36284E+16
1221,1222,1,0,3,0,2016,3,18,6,3,9,1,2,1,0,1,0,0,0,0,6.0661E+20,5.9605E+21,1.0618E+16,5.37821E+16
1222,1223,1,0,62,8,2016,3,12,5,3,2,6,0,0,0,1,0,0,0,0,5.95591E+20,5.96261E+21,1.04515E+16,5.38033E+16
1223,1224,1,0,62,53,2016,2,18,2,3,5,2,2,1,1,1,0,0,0,0,5.77508E+20,5.93322E+21,1.01697E+16,5.35422E+16
1224,1225,1,0,58,37,2016,3,3,5,2,8,1,2,2,0,1,0,0,0,0,5.72304E+20,6.03335E+21,1.01149E+16,5.44427E+16
1225,1226,1,0,62,8,2016,3,13,6,3,2,6,0,0,0,1,0,0,0,0,5.96374E+20,5.96353E+21,1.04637E+16,5.38114E+16
1226,1227,1,0,55,7,2016,2,10,2,1,9,1,0,1,0,1,0,0,0,0,5.98845E+20,5.99485E+21,1.05113E+16,5.40923E+16
1227,1228,1,0,56,43,2016,2,18,6,3,5,3,2,1,0,1,0,0,0,0,5.57633E+20,5.94266E+21,9.87152E+15,5.36296E+16
1228,1229,1,0,59,75,2016,2,13,6,3,2,6,0,0,0,1,0,0,0,0,5.34695E+20,6.04007E+21,9.53583E+15,5.45071E+16
1229,1230,1,0,51,127,2016,3,18,7,3,8,6,1,0,0,1,0,0,0,0,4.95927E+20,6.00647E+21,8.93756E+15,5.42062E+16
1230,1231,1,0,58,94,2016,3,6,3,2,4,6,0,1,0,1,0,0,1,0,5.59864E+20,6.00658E+21,9.91777E+15,5.42037E+16
1231,1232,1,0,56,2,2016,3,14,6,2,5,2,0,0,1,1,0,0,0,0,5.49922E+20,5.95949E+21,9.75764E+15,5.37816E+16
1232,1233,1,0,55,4,2016,2,19,5,3,5,3,2,0,1,0,0,0,0,1,6.11125E+20,5.97458E+21,1.06916E+16,5.39077E+16
1233,1234,1,0,60,36,2016,3,17,4,3,5,2,0,0,0,1,0,0,0,0,5.66021E+20,5.97327E+21,1.00049E+16,5.39036E+16
1234,1235,1,0,61,46,2016,2,11,2,3,5,3,0,0,1,1,0,0,0,0,5.33571E+20,5.97515E+21,9.51122E+15,5.39237E+16
1235,1236,1,0,4,0,2016,3,8,2,3,5,2,0,0,0,1,0,0,0,0,5.64702E+20,5.99492E+21,9.98941E+15,5.40984E+16
1236,1237,1,0,54,106,2016,2,7,4,3,0,1,0,2,0,0,0,1,0,0,5.08349E+20,6.03257E+21,9.12874E+15,5.44408E+16
1237,1238,1,0,3,0,2016,3,17,4,3,0,7,0,0,0,1,0,1,0,0,6.10046E+20,5.96946E+21,1.06734E+16,5.38619E+16
1238,1239,1,0,3,0,2016,3,14,2,3,2,6,0,0,0,1,0,0,1,0,6.13003E+20,5.96979E+21,1.07184E+16,5.38643E+16
1239,1240,1,0,60,40,2016,3,10,7,3,5,3,0,1,1,0,0,0,0,1,5.55512E+20,5.97483E+21,9.84524E+15,5.39189E+16
1240,1241,1,0,3,0,2016,2,7,4,3,3,6,0,0,1,0,0,0,0,0,6.11208E+20,5.96901E+21,1.06909E+16,5.38577E+16
1241,1242,1,0,58,31,2016,3,16,7,3,2,6,0,0,0,0,0,1,0,0,5.40553E+20,6.00315E+21,9.62127E+15,5.41748E+16
1242,1243,1,0,60,5,2016,3,11,6,3,2,6,0,0,0,1,0,0,1,0,5.86052E+20,5.97686E+21,1.03107E+16,5.39329E+16
1243,1244,1,0,51,92,2016,3,21,3,3,4,1,2,2,0,1,0,0,0,0,5.02454E+20,6.01698E+21,9.03771E+15,5.43007E+16
1244,1245,1,0,58,40,2016,3,15,4,3,5,3,0,0,1,1,0,0,0,0,5.63538E+20,6.04695E+21,9.9827E+15,5.4566E+16
1245,1246,1,0,56,39,2016,2,10,3,2,0,2,0,0,1,0,0,0,0,1,5.52406E+20,5.94646E+21,9.79312E+15,5.36642E+16
1246,1247,1,0,58,99,2016,2,16,1,3,8,1,0,1,0,1,0,0,0,0,5.57699E+20,6.04245E+21,9.89154E+15,5.45263E+16
1247,1248,1,0,2,0,2016,3,11,5,3,0,7,0,0,1,0,0,0,0,0,5.69588E+20,6.01748E+21,1.00693E+16,5.43005E+16
1248,1249,1,0,1,0,2016,2,16,2,2,5,2,0,0,1,1,0,0,0,0,5.27839E+20,6.07043E+21,9.43283E+15,5.47803E+16
1249,1250,1,0,3,0,2016,2,7,5,3,6,2,0,1,0,1,1,0,0,0,6.11956E+20,5.96963E+21,1.07025E+16,5.38631E+16
1250,1251,1,0,61,42,2016,3,20,6,3,0,7,2,0,0,1,0,0,0,0,5.40574E+20,5.97941E+21,9.61841E+15,5.39615E+16
1251,1252,1,0,61,83,2016,2,20,2,3,2,6,2,0,0,1,0,0,0,1,5.32407E+20,5.97988E+21,9.494E+15,5.39663E+16
1252,1253,1,0,3,0,2016,3,15,3,3,2,6,0,0,0,1,0,0,0,1,6.10685E+20,5.96824E+21,1.06826E+16,5.38508E+16
1253,1254,1,0,55,35,2016,3,13,3,3,3,6,0,0,0,1,0,0,0,1,6.13995E+20,5.98096E+21,1.07377E+16,5.39644E+16
1254,1255,1,0,56,41,2016,3,8,5,3,2,2,0,0,0,1,0,0,0,1,5.6157E+20,5.95612E+21,9.93372E+15,5.37501E+16
1255,1256,1,0,57,90,2016,3,11,6,3,8,1,0,0,0,1,0,0,0,0,5.90534E+20,6.02037E+21,1.0392E+16,5.43232E+16
1256,1257,1,0,3,0,2016,3,13,4,3,5,3,0,0,1,1,0,0,0,0,6.22121E+20,5.98046E+21,1.08613E+16,5.39581E+16
1257,1258,1,0,56,10,2016,2,15,3,3,8,1,0,0,0,1,0,0,0,0,5.46615E+20,5.96689E+21,9.70857E+15,5.38485E+16
1258,1259,1,0,58,77,2016,2,17,2,3,2,6,0,1,0,1,0,0,0,0,5.43352E+20,5.99305E+21,9.66269E+15,5.40838E+16
1259,1260,1,0,61,63,2016,2,4,1,3,2,6,2,1,0,1,0,0,0,1,5.19215E+20,5.97409E+21,9.29254E+15,5.39148E+16
1260,1261,1,0,4,0,2016,3,13,5,3,6,4,0,0,1,0,1,0,0,0,5.6426E+20,5.99237E+21,9.98212E+15,5.40755E+16
1261,1262,1,0,62,82,2016,3,22,5,2,6,4,2,1,0,1,1,0,0,0,5.92786E+20,5.94156E+21,1.04026E+16,5.36146E+16
1262,1263,1,0,54,36,2016,2,17,2,1,5,3,0,0,1,1,0,0,0,0,4.85158E+20,6.02039E+21,8.77177E+15,5.43311E+16
1263,1264,1,0,3,0,2016,2,10,6,3,5,3,0,1,0,1,0,0,0,0,6.09626E+20,5.97038E+21,1.06673E+16,5.38703E+16
1264,1265,1,0,62,4,2016,2,12,5,3,2,2,0,1,0,1,0,0,1,0,5.89306E+20,5.96227E+21,1.0356E+16,5.38013E+16
1265,1266,1,0,53,1,2016,3,10,7,2,3,6,0,0,0,1,0,1,0,0,6.14211E+20,5.95041E+21,1.07296E+16,5.36899E+16
1266,1267,1,0,56,15,2016,2,12,2,3,5,2,0,0,0,1,0,0,0,0,5.4518E+20,5.95585E+21,9.68514E+15,5.37493E+16
1267,1268,1,0,59,86,2016,3,11,3,3,2,6,0,0,0,1,0,0,0,0,5.43995E+20,6.04639E+21,9.6804E+15,5.45631E+16
1268,1269,1,0,62,18,2016,3,20,6,2,6,4,2,0,0,1,1,0,0,0,5.80274E+20,5.93305E+21,1.02113E+16,5.35402E+16
1269,1270,1,0,2,0,2016,2,7,5,3,1,7,0,0,0,1,0,0,0,0,5.75636E+20,6.01905E+21,1.01627E+16,5.43138E+16
1270,1271,1,0,58,157,2016,3,11,4,3,8,1,0,1,0,1,0,0,0,0,5.72518E+20,6.03558E+21,1.01188E+16,5.44627E+16
1271,1272,1,0,60,2,2016,2,3,2,3,9,1,2,2,0,1,0,0,0,0,5.59111E+20,5.96329E+21,9.89781E+15,5.38148E+16
1272,1273,1,0,54,118,2016,3,17,2,3,8,1,0,1,0,1,0,0,0,0,5.08914E+20,6.0388E+21,9.13763E+15,5.44967E+16
1273,1274,1,0,58,98,2016,2,15,4,3,8,1,0,1,0,0,0,0,1,0,5.629E+20,5.99975E+21,9.96288E+15,5.41421E+16
1274,1275,1,0,57,9,2016,3,17,4,3,1,6,0,0,0,1,0,0,0,0,5.95137E+20,6.00073E+21,1.04565E+16,5.41459E+16
1275,1276,1,0,58,171,2016,2,3,7,3,9,1,2,2,0,1,0,0,0,0,5.59227E+20,6.01613E+21,9.90989E+15,5.42897E+16
1276,1277,1,0,2,0,2016,3,12,2,3,4,6,0,0,0,1,0,0,0,0,5.76856E+20,6.01941E+21,1.01815E+16,5.43168E+16
1277,1278,1,0,3,0,2016,3,14,7,3,0,3,0,1,0,0,0,1,0,1,6.18451E+20,5.97543E+21,1.08034E+16,5.39138E+16
1278,1279,1,0,4,0,2016,2,5,4,3,5,3,2,0,1,1,0,0,0,0,5.6428E+20,5.9966E+21,9.98333E+15,5.41135E+16
1279,1280,1,0,54,134,2016,3,19,7,3,9,1,2,1,0,1,0,0,0,0,4.82918E+20,6.01997E+21,8.73733E+15,5.43273E+16
1280,1281,1,0,3,0,2016,3,14,6,3,2,6,0,0,0,1,0,0,1,0,6.09416E+20,5.9715E+21,1.06645E+16,5.38804E+16
1281,1282,1,0,60,9,2016,3,8,3,2,4,6,0,1,0,1,0,0,1,0,5.63049E+20,5.97464E+21,9.95994E+15,5.39163E+16
1282,1283,1,0,56,1,2016,2,9,6,3,2,2,0,1,0,1,0,0,0,0,5.48617E+20,5.94593E+21,9.7357E+15,5.36599E+16
1283,1284,1,0,2,0,2016,3,18,4,3,2,6,0,0,0,1,0,0,0,0,5.72922E+20,6.02536E+21,1.01225E+16,5.43708E+16
1284,1285,1,0,3,0,2016,2,16,3,1,4,7,0,0,0,1,0,0,0,0,6.08016E+20,5.96819E+21,1.06421E+16,5.3851E+16
1285,1286,1,0,61,87,2016,2,14,7,3,5,3,0,1,0,1,0,0,0,0,5.33492E+20,5.99308E+21,9.51198E+15,5.40848E+16
1286,1287,1,0,56,9,2016,3,21,4,2,1,5,2,1,0,1,0,0,0,0,5.53266E+20,5.94871E+21,9.80653E+15,5.36844E+16
1287,1288,1,0,51,1,2016,2,15,4,3,4,6,0,0,0,1,0,0,0,0,5.18575E+20,6.00006E+21,9.28439E+15,5.41483E+16
1288,1289,1,0,56,15,2016,2,10,2,3,3,6,0,0,0,1,0,1,0,0,5.44693E+20,5.95583E+21,9.67775E+15,5.37492E+16
1289,1290,1,0,2,0,2016,3,0,3,3,8,1,2,0,0,1,0,0,0,0,5.76167E+20,6.01719E+21,1.01704E+16,5.42969E+16
1290,1291,1,0,62,4,2016,3,17,2,3,2,6,0,0,0,1,0,0,0,1,5.89285E+20,5.96226E+21,1.03557E+16,5.38012E+16
1291,1292,1,0,53,100,2016,3,16,5,3,2,6,0,0,0,1,0,0,0,0,6.14974E+20,5.95143E+21,1.07415E+16,5.36989E+16
1292,1293,1,0,59,75,2016,3,11,6,3,4,2,0,0,0,1,0,0,0,0,5.36298E+20,6.04208E+21,9.56083E+15,5.4525E+16
1293,1294,1,0,3,0,2016,3,15,3,3,4,2,0,1,0,1,0,0,0,0,6.12315E+20,5.97128E+21,1.07085E+16,5.38778E+16
1294,1295,1,0,59,68,2016,3,11,4,3,5,3,0,0,0,1,0,0,0,0,5.55303E+20,6.05563E+21,9.85699E+15,5.4645E+16
1295,1296,1,0,3,0,2016,2,14,1,3,2,2,0,0,0,1,0,0,0,0,6.08083E+20,5.96809E+21,1.0643E+16,5.38501E+16
1296,1297,1,0,51,97,2016,2,16,6,3,2,2,0,0,0,1,0,0,0,0,5.07714E+20,5.98282E+21,9.11766E+15,5.39936E+16
1297,1298,1,0,2,0,2016,3,2,1,3,8,1,2,0,0,1,0,0,0,0,5.75967E+20,6.01719E+21,1.01673E+16,5.4297E+16
1298,1299,1,0,56,29,2016,3,7,6,3,5,3,0,2,1,1,0,0,0,0,5.42717E+20,5.9527E+21,9.64736E+15,5.37213E+16
1299,1300,1,0,58,127,2016,3,16,5,1,4,1,0,1,0,1,0,0,0,0,5.40151E+20,6.02852E+21,9.61853E+15,5.44028E+16
1300,1301,1,0,55,27,2016,3,14,6,2,2,6,0,1,0,1,0,1,0,0,6.22712E+20,6.01216E+21,1.08831E+16,5.42427E+16
1301,1302,1,0,54,56,2016,2,11,5,3,2,6,0,1,0,1,0,0,0,0,5.06357E+20,6.03926E+21,9.09816E+15,5.4501E+16
1302,1303,1,0,57,57,2016,3,16,4,3,2,6,0,0,0,1,0,0,0,0,5.94795E+20,6.00123E+21,1.04514E+16,5.41504E+16
1303,1304,1,0,62,61,2016,2,7,2,3,3,6,1,0,0,1,0,0,0,0,5.99228E+20,5.96458E+21,1.05074E+16,5.38202E+16
1304,1305,1,0,56,2,2016,3,19,3,3,1,5,2,0,1,1,0,0,0,0,5.50177E+20,5.96039E+21,9.76165E+15,5.37897E+16
1305,1306,1,0,62,9,2016,2,18,7,3,3,6,1,0,0,1,0,0,0,1,5.79493E+20,5.93712E+21,1.02006E+16,5.35769E+16
1306,1307,1,0,62,93,2016,3,8,1,3,8,1,0,1,0,1,0,0,0,0,5.93862E+20,5.97056E+21,1.04277E+16,5.3875E+16
1307,1308,1,0,59,145,2016,3,19,7,3,5,3,2,1,0,1,0,0,0,0,5.37987E+20,6.07429E+21,9.59112E+15,5.48143E+16
1308,1309,1,0,2,0,2016,2,13,4,2,4,1,0,0,0,1,0,0,0,0,5.74348E+20,6.02317E+21,1.01439E+16,5.43509E+16
1309,1310,1,0,59,161,2016,3,11,6,3,5,3,0,1,0,1,0,0,0,0,5.43411E+20,6.06424E+21,9.67401E+15,5.47236E+16
1310,1311,1,0,61,104,2016,3,4,6,2,9,1,2,1,0,1,0,0,0,0,5.34572E+20,5.96456E+21,9.52526E+15,5.38284E+16
1311,1312,1,0,57,30,2016,3,11,6,2,4,6,0,0,0,1,0,0,0,0,6.04845E+20,6.01691E+21,1.06107E+16,5.42893E+16
1312,1313,1,0,3,0,2016,3,19,3,3,4,6,2,1,0,1,0,0,0,1,6.1176E+20,5.97209E+21,1.07004E+16,5.38852E+16
1313,1314,1,0,3,0,2016,2,14,6,3,2,6,0,1,0,1,0,0,0,0,6.09509E+20,5.97102E+21,1.06658E+16,5.38761E+16
1314,1315,1,0,56,30,2016,3,17,4,3,2,6,0,0,0,1,0,0,0,0,5.46172E+20,5.96017E+21,9.70083E+15,5.37881E+16
1315,1316,1,0,2,0,2016,3,17,4,3,5,2,1,1,0,1,0,0,0,0,5.74076E+20,6.01821E+21,1.01385E+16,5.43064E+16
1316,1317,1,0,60,28,2016,3,17,7,3,5,3,0,0,1,1,0,0,0,0,5.72958E+20,5.98669E+21,1.01137E+16,5.40233E+16
1317,1318,1,0,62,36,2016,3,6,5,3,5,3,1,0,0,1,0,0,0,0,5.80631E+20,5.95235E+21,1.02217E+16,5.37136E+16
1318,1319,1,0,56,36,2016,2,14,4,3,2,2,0,0,0,1,0,0,0,0,5.44731E+20,5.94787E+21,9.67718E+15,5.36777E+16
1319,1320,1,0,56,41,2016,2,6,2,3,2,6,1,1,0,1,0,0,0,0,5.58384E+20,5.95598E+21,9.88539E+15,5.37492E+16