FID,OBJECTID,ULAND,UREGBEZ,UKREIS,UGEMEINDE,UJAHR,UMONAT,USTUNDE,UWOCHENTAG,UKATEGORIE,UART,UTYP1,ULICHTVERH,IstStrasse,IstRad,IstPKW,IstFuss,IstKrad,IstGkfz,IstSonstig,LINREFX,LINREFY,XGCSWGS84,YGCSWGS84
1320,1321,1,0,54,132,2016,3,16,3,3,2,6,0,0,0,1,0,0,0,0,5.0312E+20,6.03181E+21,9.04811E+15,5.4434E+16
1321,1322,1,0,57,78,2016,3,14,2,2,5,3,0,0,0,1,0,0,0,1,5.92285E+20,6.02838E+21,1.04214E+16,5.43948E+16
1322,1323,1,0,2,0,2016,3,14,5,2,0,1,0,0,0,0,0,1,0,0,5.77258E+20,6.02026E+21,1.01879E+16,5.43243E+16
1323,1324,1,0,4,0,2016,3,16,3,3,5,2,0,0,1,1,0,0,0,0,5.64238E+20,5.9924E+21,9.98178E+15,5.40758E+16
1324,1325,1,0,51,129,2016,3,12,7,3,5,2,0,0,0,1,0,0,0,0,4.91195E+20,6.01069E+21,8.86488E+15,5.42441E+16
1325,1326,1,0,54,42,2016,2,0,1,3,9,1,2,1,0,1,0,0,0,0,5.019E+20,6.04166E+21,9.02935E+15,5.45225E+16
1326,1327,1,0,62,60,2016,3,10,6,3,2,6,0,0,0,1,0,0,0,1,5.82998E+20,5.93186E+21,1.02521E+16,5.35291E+16
1327,1328,1,0,2,0,2016,3,14,5,3,1,5,0,0,1,1,0,0,0,0,5.74374E+20,6.02052E+21,1.01436E+16,5.43271E+16
1328,1329,1,0,60,63,2016,2,13,2,3,2,6,0,0,0,0,0,0,1,0,5.6572E+20,5.94847E+21,9.99502E+15,5.36808E+16
1329,1330,1,0,53,32,2016,3,12,5,3,5,2,0,0,0,1,0,0,0,0,5.91238E+20,5.92171E+21,1.03734E+16,5.34365E+16
1330,1331,1,0,62,4,2016,3,15,6,3,2,6,0,1,0,1,0,0,0,0,5.93733E+20,5.9609E+21,1.04228E+16,5.37882E+16
1331,1332,1,0,56,15,2016,2,14,2,3,5,3,0,0,0,1,0,0,0,0,5.43269E+20,5.9565E+21,9.65626E+15,5.37553E+16
1332,1333,1,0,1,0,2016,2,11,7,3,5,3,0,1,0,1,0,0,0,0,5.2642E+20,6.07209E+21,9.41093E+15,5.47953E+16
1333,1334,1,0,59,183,2016,2,17,6,3,8,1,1,1,0,1,0,0,0,0,5.2685E+20,6.06651E+21,9.4171E+15,5.47451E+16
1334,1335,1,0,1,0,2016,3,14,1,3,4,2,0,0,0,1,0,0,0,0,5.28202E+20,6.07187E+21,9.43862E+15,5.47932E+16
1335,1336,1,0,54,134,2016,2,5,6,3,9,1,2,2,0,1,0,0,0,0,4.81333E+20,6.01992E+21,8.71297E+15,5.43268E+16
1336,1337,1,0,3,0,2016,3,17,3,3,5,2,0,0,0,1,0,1,0,0,6.16541E+20,5.97139E+21,1.07728E+16,5.38779E+16
1337,1338,1,0,51,128,2016,3,7,6,2,9,1,0,1,0,1,0,0,0,0,4.96717E+20,6.00436E+21,8.94968E+15,5.41872E+16
1338,1339,1,0,53,41,2016,2,12,5,3,5,3,0,0,0,1,0,0,0,1,6.14349E+20,5.96439E+21,1.07369E+16,5.38155E+16
1339,1340,1,0,59,64,2016,2,6,3,3,9,1,1,2,0,1,0,0,0,0,5.16054E+20,6.02326E+21,9.24704E+15,5.43569E+16
1340,1341,1,0,56,15,2016,3,7,5,3,0,7,1,1,1,0,0,0,0,0,5.44538E+20,5.95741E+21,9.67563E+15,5.37634E+16
1341,1342,1,0,58,12,2016,3,15,6,2,8,1,0,1,0,1,0,0,0,0,5.58319E+20,6.03968E+21,9.90056E+15,5.45013E+16
1342,1343,1,0,62,62,2016,3,15,6,3,3,6,0,0,0,1,0,0,0,1,5.95728E+20,5.96276E+21,1.04536E+16,5.38046E+16
1343,1344,1,0,58,92,2016,3,10,3,3,5,3,0,0,0,1,0,0,0,0,5.69841E+20,6.02117E+21,1.00741E+16,5.43336E+16
1344,1345,1,0,55,40,2016,2,23,7,2,9,1,2,1,0,1,0,0,0,0,6.07604E+20,5.97624E+21,1.06386E+16,5.39234E+16
1345,1346,1,0,58,85,2016,2,7,6,3,9,1,0,2,0,1,0,0,0,0,5.41764E+20,5.98997E+21,9.638E+15,5.40563E+16
1346,1347,1,0,62,60,2016,3,16,3,3,5,3,0,0,0,1,0,0,1,0,5.81126E+20,5.92998E+21,1.02234E+16,5.35125E+16
1347,1348,1,0,3,0,2016,3,17,7,3,4,2,0,0,0,1,0,0,0,0,6.09078E+20,5.97074E+21,1.06591E+16,5.38737E+16
1348,1349,1,0,3,0,2016,3,12,5,3,5,2,0,0,1,1,0,0,0,0,6.11916E+20,5.96842E+21,1.07014E+16,5.38522E+16
1349,1350,1,0,62,53,2016,2,16,4,3,5,2,0,0,0,1,0,0,0,1,5.77545E+20,5.93323E+21,1.01702E+16,5.35423E+16
1350,1351,1,0,60,46,2016,2,15,2,3,5,2,0,1,0,1,0,0,0,0,5.74312E+20,5.95643E+21,1.0127E+16,5.37512E+16
1351,1352,1,0,51,1,2016,3,12,2,3,5,3,0,0,0,1,0,1,0,0,5.18597E+20,5.99961E+21,9.28469E+15,5.41443E+16
1352,1353,1,0,54,168,2016,3,18,2,3,1,6,0,0,0,1,0,0,0,0,4.57069E+20,6.08411E+21,8.3305E+15,5.49022E+16
1353,1354,1,0,58,135,2016,2,7,4,3,0,1,0,2,0,0,0,1,0,0,5.43163E+20,6.01643E+21,9.66317E+15,5.4294E+16
1354,1355,1,0,58,146,2016,3,23,5,3,8,7,2,1,0,1,0,0,0,0,5.51411E+20,6.01858E+21,9.79025E+15,5.43125E+16
1355,1356,1,0,51,11,2016,3,6,2,3,2,6,2,1,0,1,0,0,0,0,5.13812E+20,5.97334E+21,9.21025E+15,5.39083E+16
1356,1357,1,0,56,17,2016,3,17,7,3,1,5,0,0,0,1,0,0,0,0,5.48178E+20,5.96362E+21,9.73182E+15,5.38189E+16
1357,1358,1,0,54,76,2016,3,15,4,3,6,4,0,1,0,1,1,0,0,0,4.98228E+20,6.06955E+21,8.97245E+15,5.47731E+16
1358,1359,1,0,4,0,2016,3,12,6,2,5,3,0,0,0,1,0,0,0,0,5.64496E+20,5.99488E+21,9.98626E+15,5.40981E+16
1359,1360,1,0,60,39,2016,3,13,4,3,5,3,0,0,1,1,0,0,0,0,5.64484E+20,5.95879E+21,9.97846E+15,5.37737E+16
1360,1361,1,0,55,6,2016,2,6,4,3,9,1,2,2,0,1,0,0,0,0,6.23752E+20,6.00674E+21,1.08968E+16,5.41937E+16
1361,1362,1,0,55,1,2016,2,14,2,3,2,6,0,0,0,1,0,0,0,0,6.02985E+20,5.98646E+21,1.05718E+16,5.40161E+16
1362,1363,1,0,59,176,2016,2,10,2,3,9,1,0,1,0,1,0,0,0,0,5.35006E+20,6.07497E+21,9.54481E+15,5.48206E+16
1363,1364,1,0,58,105,2016,3,20,5,3,1,5,2,1,0,1,0,0,1,0,5.6759E+20,6.01568E+21,1.00382E+16,5.42845E+16
1364,1365,1,0,56,1,2016,3,21,5,3,0,7,2,1,1,0,0,0,0,0,5.48775E+20,5.94598E+21,9.7381E+15,5.36603E+16
1365,1366,1,0,58,70,2016,2,19,2,3,3,6,2,0,1,0,0,1,0,0,5.32321E+20,6.00858E+21,9.49575E+15,5.42242E+16
1366,1367,1,0,60,63,2016,2,7,6,3,5,3,1,1,1,1,0,0,0,0,5.68171E+20,5.94869E+21,1.00322E+16,5.36825E+16
1367,1368,1,0,55,11,2016,2,16,6,3,2,6,0,0,0,1,0,0,0,0,6.23204E+20,6.01208E+21,1.08906E+16,5.42418E+16
1368,1369,1,0,56,41,2016,3,2,7,2,8,1,2,0,0,1,0,0,0,0,5.59995E+20,5.95539E+21,9.90969E+15,5.37437E+16
1369,1370,1,0,58,72,2016,3,14,3,2,4,2,0,0,0,1,0,0,0,0,5.27116E+20,5.99771E+21,9.41493E+15,5.41268E+16
1370,1371,1,0,56,44,2016,3,18,6,3,2,6,1,0,0,1,0,1,0,0,5.565E+20,5.93917E+21,9.85375E+15,5.35983E+16
1371,1372,1,0,58,140,2016,2,18,5,3,0,7,0,0,1,0,0,0,0,0,5.46901E+20,6.01869E+21,9.72094E+15,5.43139E+16
1372,1373,1,0,3,0,2016,3,17,4,3,2,6,0,0,0,1,0,0,0,0,6.10503E+20,5.9681E+21,1.06798E+16,5.38496E+16
1373,1374,1,0,62,18,2016,2,17,2,2,2,6,2,0,0,1,0,0,0,0,5.80707E+20,5.9334E+21,1.0218E+16,5.35433E+16
1374,1375,1,0,60,80,2016,3,20,2,2,9,1,2,0,0,1,0,0,0,0,5.89765E+20,6.00189E+21,1.03746E+16,5.41572E+16
1375,1376,1,0,1,0,2016,2,21,4,3,0,1,2,0,1,0,0,0,0,0,5.282E+20,6.07023E+21,9.43843E+15,5.47785E+16
1376,1377,1,0,4,0,2016,3,15,4,3,2,6,0,0,0,1,0,0,0,0,5.64054E+20,5.99303E+21,9.97912E+15,5.40815E+16
1377,1378,1,0,55,22,2016,2,9,7,3,0,7,0,1,0,0,0,1,0,0,6.30582E+20,6.01917E+21,1.10069E+16,5.43037E+16
1378,1379,1,0,58,127,2016,3,15,2,3,5,3,0,0,0,1,0,0,0,0,5.38609E+20,6.02704E+21,9.59458E+15,5.43896E+16
1379,1380,1,0,53,129,2016,3,16,7,3,6,4,0,1,1,0,1,0,0,0,5.82682E+20,5.92741E+21,1.02462E+16,5.34892E+16
1380,1381,1,0,2,0,2016,2,18,4,3,3,6,2,0,0,1,0,0,0,0,5.73272E+20,6.01855E+21,1.01262E+16,5.43095E+16
1381,1382,1,0,58,58,2016,3,15,7,3,6,3,0,0,0,1,1,0,0,0,5.63138E+20,6.02942E+21,9.97278E+15,5.44086E+16
1382,1383,1,0,59,183,2016,3,22,5,2,2,6,2,0,0,0,0,0,1,0,5.24333E+20,6.06664E+21,9.37801E+15,5.47464E+16
1383,1384,1,0,3,0,2016,2,8,4,3,2,6,0,0,0,1,0,0,0,0,6.11273E+20,5.96911E+21,1.06919E+16,5.38586E+16
1384,1385,1,0,53,32,2016,2,2,2,3,9,1,2,2,0,1,0,0,0,0,5.90491E+20,5.92263E+21,1.03625E+16,5.34449E+16
1385,1386,1,0,62,89,2016,3,7,2,3,9,6,0,1,0,1,0,0,0,1,5.8973E+20,5.95405E+21,1.03601E+16,5.37274E+16
1386,1387,1,0,2,0,2016,2,7,4,3,8,1,1,2,0,0,0,0,0,1,5.73572E+20,6.02338E+21,1.0132E+16,5.43529E+16
1387,1388,1,0,62,4,2016,3,8,4,3,6,7,0,0,1,0,1,0,0,0,5.90164E+20,5.96308E+21,1.03693E+16,5.38084E+16
1388,1389,1,0,62,71,2016,3,16,2,3,2,6,0,0,0,1,0,0,0,0,5.81345E+20,5.94144E+21,1.02297E+16,5.36154E+16
1389,1390,1,0,59,161,2016,3,15,1,2,5,3,0,0,0,1,0,1,0,0,5.41259E+20,6.06721E+21,9.64102E+15,5.47504E+16
1390,1391,1,0,1,0,2016,2,18,4,3,5,2,2,0,1,1,0,0,0,0,5.28029E+20,6.07046E+21,9.43579E+15,5.47806E+16
1391,1392,1,0,55,41,2016,3,11,7,3,2,6,0,0,0,1,0,0,0,0,6.08661E+20,5.99681E+21,1.06621E+16,5.41079E+16
1392,1393,1,0,54,88,2016,3,7,4,3,5,3,1,1,1,1,0,0,0,0,4.8911E+20,6.07196E+21,8.83063E+15,5.47947E+16
1393,1394,1,0,2,0,2016,3,13,6,3,0,6,0,0,0,1,0,0,0,1,5.73647E+20,6.02114E+21,1.01326E+16,5.43328E+16
1394,1395,1,0,55,4,2016,3,14,4,3,2,6,0,0,0,1,0,0,0,0,6.11167E+20,5.97473E+21,1.06923E+16,5.39091E+16
1395,1396,1,0,56,43,2016,2,7,3,3,4,6,1,1,0,1,0,0,0,0,5.53756E+20,5.94565E+21,9.81342E+15,5.36568E+16
1396,1397,1,0,3,0,2016,2,16,1,3,5,3,0,1,1,1,0,0,0,0,6.11239E+20,5.9691E+21,1.06914E+16,5.38585E+16
1397,1398,1,0,58,64,2016,3,0,5,2,8,1,2,2,0,0,0,0,0,1,5.70091E+20,6.00277E+21,1.00736E+16,5.41682E+16
1398,1399,1,0,59,49,2016,2,21,2,2,9,1,2,0,0,1,0,0,0,0,5.34702E+20,6.05319E+21,9.53749E+15,5.4625E+16
1399,1400,1,0,3,0,2016,2,15,6,3,5,3,0,1,0,1,0,0,0,0,6.11399E+20,5.97093E+21,1.06945E+16,5.38749E+16
1400,1401,1,0,3,0,2016,2,15,5,3,2,6,0,1,0,1,0,0,0,0,6.14421E+20,5.96832E+21,1.07394E+16,5.38508E+16
1401,1402,1,0,55,2,2016,3,15,7,3,5,3,0,0,0,1,0,0,0,0,6.19096E+20,6.00066E+21,1.08231E+16,5.41403E+16
1402,1403,1,0,3,0,2016,2,15,2,3,5,3,0,0,0,1,0,0,0,0,6.09842E+20,5.9678E+21,1.06697E+16,5.38471E+16
1403,1404,1,0,3,0,2016,3,8,3,3,2,6,0,0,0,1,0,0,0,0,6.13104E+20,5.96977E+21,1.072E+16,5.38641E+16
1404,1405,1,0,59,103,2016,3,7,3,3,2,6,0,0,0,1,0,0,0,0,5.36416E+20,6.06414E+21,9.5654E+15,5.47233E+16
1405,1406,1,0,62,60,2016,3,9,6,3,6,2,0,0,0,1,1,0,0,0,5.83007E+20,5.92968E+21,1.02517E+16,5.35095E+16
1406,1407,1,0,54,18,2016,2,15,5,3,2,2,0,1,0,1,0,0,0,0,5.04891E+20,6.0799E+21,9.07621E+15,5.48661E+16
1407,1408,1,0,58,3,2016,3,15,4,3,0,3,0,0,0,0,0,1,0,0,5.41943E+20,6.02376E+21,9.64545E+15,5.43599E+16
1408,1409,1,0,56,15,2016,2,12,4,3,2,6,0,1,0,1,0,0,0,0,5.46996E+20,5.95535E+21,9.71261E+15,5.37447E+16
1409,1410,1,0,2,0,2016,2,20,2,3,0,7,2,0,1,0,0,0,0,0,5.76232E+20,6.02027E+21,1.01721E+16,5.43246E+16
1410,1411,1,0,59,98,2016,3,5,4,3,8,1,2,1,0,1,0,0,0,0,5.35465E+20,6.04495E+21,9.5483E+15,5.45509E+16
1411,1412,1,0,57,91,2016,2,17,7,3,9,1,0,1,0,1,0,0,0,0,5.79711E+20,6.0164E+21,1.02246E+16,5.42893E+16
1412,1413,1,0,59,19,2016,3,12,2,2,8,1,0,1,0,1,0,0,0,0,5.31935E+20,6.03593E+21,9.49276E+15,5.447E+16
1413,1414,1,0,58,34,2016,3,19,7,3,2,6,2,0,0,1,0,0,0,0,5.4444E+20,6.019E+21,9.68316E+15,5.43169E+16
1414,1415,1,0,59,45,2016,2,8,4,3,1,2,0,1,0,1,0,0,0,0,5.59486E+20,6.05738E+21,9.92216E+15,5.46603E+16
1415,1416,1,0,59,143,2016,3,2,7,3,8,1,2,1,0,1,0,0,0,0,5.10509E+20,6.0741E+21,9.16353E+15,5.4814E+16
1416,1417,1,0,3,0,2016,3,15,6,3,2,6,0,0,0,1,0,0,0,0,6.09556E+20,5.96766E+21,1.06653E+16,5.38459E+16
1417,1418,1,0,53,32,2016,3,9,3,3,0,7,0,0,1,0,0,0,0,0,5.90269E+20,5.92318E+21,1.03593E+16,5.34499E+16
1418,1419,1,0,56,22,2016,2,10,6,3,2,6,0,1,0,1,0,1,0,0,5.5386E+20,5.95862E+21,9.81725E+15,5.37734E+16
1419,1420,1,0,54,161,2016,3,13,4,3,2,6,0,0,0,1,0,0,0,1,5.01292E+20,6.02728E+21,9.0199E+15,5.43933E+16
1420,1421,1,0,4,0,2016,2,13,3,2,5,3,0,1,1,1,0,0,0,0,5.63305E+20,5.99356E+21,9.96778E+15,5.40863E+16
1421,1422,1,0,53,116,2016,2,12,7,3,9,1,0,1,0,1,0,0,0,0,5.96776E+20,5.93035E+21,1.04595E+16,5.35132E+16
1422,1423,1,0,62,71,2016,3,17,4,3,2,6,0,1,0,1,0,0,0,0,5.80423E+20,5.94136E+21,1.02157E+16,5.36148E+16
1423,1424,1,0,60,44,2016,3,16,1,3,5,3,0,0,1,1,0,0,0,0,5.61686E+20,5.96532E+21,9.93733E+15,5.38328E+16
1424,1425,1,0,60,25,2016,3,13,5,3,5,2,0,0,0,1,0,1,0,0,5.99744E+20,5.99112E+21,1.05239E+16,5.40586E+16
1425,1426,1,0,53,83,2016,3,21,6,3,2,6,2,0,0,1,0,0,0,0,6.0528E+20,5.91536E+21,1.05826E+16,5.33769E+16
1426,1427,1,0,51,82,2016,3,21,3,3,8,1,2,2,0,1,0,0,0,0,5.11386E+20,6.0023E+21,9.17441E+15,5.41686E+16
1427,1428,1,0,2,0,2016,3,7,4,3,2,6,0,0,0,1,0,0,1,0,5.71631E+20,6.02081E+21,1.01015E+16,5.43301E+16
1428,1429,1,0,62,1,2016,2,15,3,3,1,6,0,0,0,1,0,0,0,0,5.82471E+20,5.94831E+21,1.02485E+16,5.3677E+16
1429,1430,1,0,1,0,2016,2,20,1,2,6,4,2,1,0,1,1,0,0,0,5.27101E+20,6.07405E+21,9.4217E+15,5.48129E+16
1430,1431,1,0,1,0,2016,3,10,5,3,0,3,0,1,0,1,0,1,0,0,5.26296E+20,6.06999E+21,9.40881E+15,5.47764E+16
1431,1432,1,0,4,0,2016,2,7,5,3,5,2,1,1,1,1,0,0,0,0,5.65123E+20,5.99053E+21,9.99491E+15,5.40589E+16
1432,1433,1,0,51,34,2016,3,12,6,3,8,2,0,0,0,1,0,0,0,0,4.94947E+20,5.98064E+21,8.92297E+15,5.3974E+16
1433,1434,1,0,4,0,2016,2,5,2,3,8,7,1,1,0,1,0,0,0,0,5.62739E+20,5.9971E+21,9.95986E+15,5.41182E+16
1434,1435,1,0,58,58,2016,3,15,3,3,5,3,0,0,1,1,0,0,0,0,5.63172E+20,6.02866E+21,9.97314E+15,5.44017E+16
1435,1436,1,0,51,74,2016,3,7,2,3,5,3,0,1,1,1,0,0,0,0,5.06102E+20,5.99345E+21,9.09329E+15,5.40892E+16
1436,1437,1,0,60,63,2016,3,13,5,3,5,3,0,0,0,1,0,0,0,0,5.66142E+20,5.94868E+21,1.00014E+16,5.36826E+16
1437,1438,1,0,2,0,2016,3,7,6,3,0,1,0,1,1,0,0,0,0,0,5.69576E+20,6.01748E+21,1.00692E+16,5.43005E+16
1438,1439,1,0,61,46,2016,3,12,3,3,5,3,0,0,0,1,0,0,0,0,5.33552E+20,5.97569E+21,9.51098E+15,5.39285E+16
1439,1440,1,0,59,138,2016,3,12,4,3,5,3,0,0,0,1,0,1,0,0,5.25074E+20,6.05201E+21,9.38826E+15,5.46149E+16
1440,1441,1,0,60,63,2016,2,19,1,3,2,3,2,0,0,1,0,0,0,0,5.67751E+20,5.95141E+21,1.00264E+16,5.3707E+16
1441,1442,1,0,62,91,2016,3,11,3,3,9,1,0,1,0,1,0,0,0,0,5.92283E+20,5.95236E+21,1.03982E+16,5.37118E+16
1442,1443,1,0,51,6,2016,2,8,6,3,8,1,0,2,0,1,0,0,0,0,5.03361E+20,5.98348E+21,9.05127E+15,5.39996E+16
1443,1444,1,0,58,124,2016,3,14,1,3,0,3,0,0,0,1,1,0,0,0,5.44671E+20,6.01575E+21,9.68622E+15,5.42877E+16
1444,1445,1,0,59,77,2016,3,19,7,3,8,1,2,1,0,1,0,0,0,0,5.31735E+20,6.04169E+21,9.4903E+15,5.45218E+16
1445,1446,1,0,3,0,2016,3,7,5,3,2,6,0,0,0,1,0,0,0,0,6.11227E+20,5.96585E+21,1.069E+16,5.38293E+16
1446,1447,1,0,2,0,2016,2,14,3,3,6,4,0,0,0,1,1,0,0,0,5.76167E+20,6.02816E+21,1.01731E+16,5.43955E+16
1447,1448,1,0,54,19,2016,3,12,6,3,5,2,0,0,1,1,0,0,0,0,4.97812E+20,6.05207E+21,8.96611E+15,5.46161E+16
1448,1449,1,0,56,1,2016,3,12,6,3,9,1,0,1,0,1,0,0,0,0,5.50577E+20,5.94402E+21,9.76505E+15,5.36425E+16
1449,1450,1,0,59,161,2016,3,12,6,3,6,4,0,0,0,1,1,0,0,0,5.43094E+20,6.06352E+21,9.66899E+15,5.47171E+16
1450,1451,1,0,3,0,2016,3,22,3,3,5,3,2,0,1,1,0,0,0,0,6.13534E+20,5.96987E+21,1.07265E+16,5.38649E+16
1451,1452,1,0,55,38,2016,2,20,6,2,0,1,2,1,0,1,0,0,0,0,6.1441E+20,6.00613E+21,1.07535E+16,5.41904E+16
1452,1453,1,0,51,44,2016,3,13,3,3,6,4,0,0,0,1,1,0,0,0,5.05697E+20,6.00526E+21,9.08732E+15,5.41953E+16
1453,1454,1,0,2,0,2016,3,17,4,3,0,1,0,1,1,0,0,0,0,0,5.73216E+20,6.01827E+21,1.01253E+16,5.43071E+16
1454,1455,1,0,60,92,2016,3,18,7,3,2,6,1,0,1,1,0,0,0,0,5.79309E+20,5.97905E+21,1.02086E+16,5.39537E+16
1455,1456,1,0,3,0,2016,3,19,5,2,6,2,2,0,0,0,1,0,0,1,6.08934E+20,5.97066E+21,1.06569E+16,5.3873E+16
1456,1457,1,0,60,63,2016,2,6,4,3,8,1,2,2,0,1,0,0,0,0,5.65062E+20,5.94505E+21,9.98434E+15,5.36502E+16
1457,1458,1,0,4,0,2016,2,15,2,3,5,3,0,0,1,1,0,0,0,0,5.65095E+20,5.99249E+21,9.99491E+15,5.40765E+16
1458,1459,1,0,59,75,2016,3,12,3,3,5,3,0,0,1,1,0,0,0,0,5.35156E+20,6.0393E+21,9.54285E+15,5.45001E+16
1459,1460,1,0,1,0,2016,3,11,2,3,5,3,0,0,0,1,0,1,0,0,5.27555E+20,6.0716E+21,9.42853E+15,5.47908E+16
1460,1461,1,0,54,113,2016,3,10,5,3,0,7,0,0,1,0,0,0,0,1,4.74361E+20,6.02058E+21,8.60571E+15,5.43324E+16
1461,1462,1,0,59,112,2016,3,7,3,3,8,1,0,1,0,0,0,0,0,1,5.60069E+20,6.06592E+21,9.93296E+15,5.47369E+16
1462,1463,1,0,60,58,2016,3,12,7,3,2,6,0,0,0,1,0,0,0,0,5.74929E+20,5.96087E+21,1.01374E+16,5.3791E+16
1463,1464,1,0,60,19,2016,2,5,4,2,8,1,2,2,0,1,0,0,0,0,5.59731E+20,5.9585E+21,9.90629E+15,5.37717E+16
1464,1465,1,0,4,0,2016,2,18,2,3,1,1,2,0,0,1,0,0,0,0,5.64708E+20,5.99497E+21,9.98953E+15,5.40988E+16
1465,1466,1,0,57,62,2016,3,16,3,3,2,6,0,0,0,1,0,0,0,0,5.84131E+20,6.01199E+21,1.02912E+16,5.42489E+16
1466,1467,1,0,58,107,2016,3,13,2,3,5,3,0,0,1,1,0,0,0,0,5.7034E+20,6.01542E+21,1.00804E+16,5.42819E+16
1467,1468,1,0,58,43,2016,3,13,5,3,2,6,0,0,0,1,0,0,0,1,5.55222E+20,6.03422E+21,9.85173E+15,5.44527E+16
1468,1469,1,0,62,8,2016,3,13,6,3,2,6,0,0,0,1,0,0,0,0,5.95628E+20,5.96264E+21,1.04521E+16,5.38035E+16
1469,1470,1,0,3,0,2016,3,11,3,2,5,3,0,0,0,1,0,1,0,0,6.09764E+20,5.96776E+21,1.06685E+16,5.38468E+16
1470,1471,1,0,59,75,2016,3,6,4,3,0,2,0,2,1,0,0,0,0,0,5.35411E+20,6.04069E+21,9.54696E+15,5.45126E+16
1471,1472,1,0,55,38,2016,2,14,1,2,9,1,0,0,0,1,0,0,0,0,6.15853E+20,6.00463E+21,1.0775E+16,5.41766E+16
1472,1473,1,0,61,107,2016,2,6,6,3,9,1,2,2,0,1,0,0,0,0,5.26453E+20,5.98642E+21,9.40381E+15,5.40254E+16
1473,1474,1,0,60,85,2016,3,16,6,3,5,2,0,0,0,1,0,0,0,0,5.807E+20,5.96226E+21,1.02254E+16,5.38027E+16
1474,1475,1,0,2,0,2016,3,20,5,3,5,3,2,1,1,1,0,0,0,0,5.72599E+20,6.02045E+21,1.01163E+16,5.43267E+16
1475,1476,1,0,59,57,2016,2,20,3,2,9,1,2,1,0,1,0,0,0,0,5.33453E+20,6.04427E+21,9.51713E+15,5.45449E+16
1476,1477,1,0,60,28,2016,3,6,5,3,8,1,2,2,0,1,0,0,0,0,5.6973E+20,5.98797E+21,1.00647E+16,5.40353E+16
1477,1478,1,0,2,0,2016,3,15,6,3,5,2,0,1,0,1,0,0,0,0,5.72589E+20,6.0199E+21,1.0116E+16,5.43218E+16
1478,1479,1,0,4,0,2016,3,19,3,3,6,7,2,1,0,1,1,0,0,0,5.63663E+20,5.99189E+21,9.9729E+15,5.40713E+16
1479,1480,1,0,58,135,2016,2,17,7,3,4,1,1,1,0,1,0,0,0,0,5.40577E+20,6.02044E+21,9.62399E+15,5.43302E+16
1480,1481,1,0,57,63,2016,2,9,6,3,5,3,0,1,0,1,0,0,0,0,5.81485E+20,6.0265E+21,1.02546E+16,5.43797E+16
1481,1482,1,0,3,0,2016,3,14,3,3,5,2,0,0,1,1,0,0,0,0,6.11928E+20,5.96841E+21,1.07016E+16,5.38521E+16
1482,1483,1,0,57,91,2016,3,12,7,3,2,6,0,0,0,1,0,0,0,0,5.80141E+20,6.0162E+21,1.02311E+16,5.42874E+16
1483,1484,1,0,58,146,2016,2,14,6,3,8,1,0,2,0,1,0,0,0,0,5.47788E+20,6.01701E+21,9.7343E+15,5.42987E+16
1484,1485,1,0,59,176,2016,3,18,5,3,2,6,2,0,0,1,0,0,0,0,5.326E+20,6.07322E+21,9.50717E+15,5.48051E+16
1485,1486,1,0,53,61,2016,2,5,4,3,9,1,2,2,0,1,0,0,0,0,6.02424E+20,5.95669E+21,1.05533E+16,5.37488E+16
1486,1487,1,0,2,0,2016,2,10,2,3,5,3,0,0,0,1,0,0,0,0,5.74047E+20,6.02068E+21,1.01386E+16,5.43286E+16
1487,1488,1,0,56,48,2016,3,13,2,3,4,6,0,0,1,1,0,0,0,0,5.46535E+20,5.94974E+21,9.70477E+15,5.36942E+16
1488,1489,1,0,62,9,2016,3,7,2,3,2,6,0,1,0,1,0,0,0,1,5.78159E+20,5.93524E+21,1.018E+16,5.35602E+16
1489,1490,1,0,58,135,2016,2,14,4,3,6,2,0,1,0,1,1,0,0,0,5.42573E+20,6.01791E+21,9.65431E+15,5.43073E+16
1490,1491,1,0,51,72,2016,3,8,4,3,6,7,0,0,1,0,1,0,0,0,5.00578E+20,5.97803E+21,9.00881E+15,5.39506E+16
1491,1492,1,0,56,2,2016,3,9,1,3,2,6,0,0,0,1,0,0,0,0,5.49877E+20,5.95976E+21,9.75699E+15,5.37841E+16
1492,1493,1,0,60,63,2016,3,6,2,3,5,3,1,0,0,1,0,0,0,0,5.68294E+20,5.94895E+21,1.00341E+16,5.36848E+16
1493,1494,1,0,54,5,2016,2,7,4,3,5,3,0,2,0,1,0,0,0,1,4.66675E+20,6.06399E+21,8.4826E+15,5.47221E+16
1494,1495,1,0,62,1,2016,3,11,7,3,5,3,0,0,1,0,0,0,0,0,5.81621E+20,5.94847E+21,1.02357E+16,5.36786E+16
1495,1496,1,0,59,53,2016,3,19,4,3,5,3,2,1,1,1,0,0,0,0,5.32978E+20,6.02961E+21,9.50815E+15,5.44132E+16
1496,1497,1,0,2,0,2016,3,6,6,3,5,2,1,1,0,1,0,0,0,0,5.74551E+20,6.01456E+21,1.01449E+16,5.42735E+16
1497,1498,1,0,55,40,2016,3,14,4,2,9,1,0,0,0,0,0,0,0,1,6.08418E+20,5.97648E+21,1.06511E+16,5.39254E+16
1498,1499,1,0,51,139,2016,2,10,3,3,3,6,0,0,0,1,0,0,1,0,5.22253E+20,6.00796E+21,9.34128E+15,5.42191E+16
1499,1500,1,0,58,3,2016,2,17,2,2,2,6,0,1,0,1,0,0,0,0,5.37121E+20,6.02163E+21,9.57099E+15,5.43411E+16
1500,1501,1,0,51,36,2016,2,19,1,3,5,3,2,1,0,1,0,0,0,0,5.13869E+20,6.01394E+21,9.21298E+15,5.42732E+16
1501,1502,1,0,58,4,2016,3,4,5,3,8,1,2,2,0,1,0,0,0,0,5.59505E+20,6.03308E+21,9.91754E+15,5.44419E+16
1502,1503,1,0,56,39,2016,3,12,5,3,5,3,0,0,0,1,0,0,0,0,5.53312E+20,5.94591E+21,9.80674E+15,5.36592E+16
1503,1504,1,0,59,113,2016,2,16,2,3,7,1,0,0,0,1,0,0,0,0,5.32212E+20,6.07519E+21,9.50136E+15,5.48228E+16
1504,1505,1,0,2,0,2016,2,10,2,3,5,3,0,0,1,1,0,0,0,0,5.69794E+20,6.01953E+21,1.0073E+16,5.43188E+16