FID,OBJECTID,ULAND,UREGBEZ,UKREIS,UGEMEINDE,UJAHR,UMONAT,USTUNDE,UWOCHENTAG,UKATEGORIE,UART,UTYP1,ULICHTVERH,IstStrasse,IstRad,IstPKW,IstFuss,IstKrad,IstGkfz,IstSonstig,LINREFX,LINREFY,XGCSWGS84,YGCSWGS84
1505,1506,1,0,55,40,2016,2,17,6,3,2,2,1,1,0,1,0,0,1,0,6.0833E+20,5.97222E+21,1.06483E+16,5.38871E+16
1506,1507,1,0,53,116,2016,2,7,5,3,2,2,0,2,0,1,0,0,0,0,5.9843E+20,5.92909E+21,1.0484E+16,5.35015E+16
1507,1508,1,0,62,69,2016,3,14,7,3,1,6,0,0,0,1,0,0,0,0,5.84999E+20,5.94439E+21,1.02857E+16,5.36414E+16
1508,1509,1,0,59,184,2016,4,14,6,3,2,6,0,0,0,1,0,0,0,0,5.25754E+20,6.06326E+21,9.39979E+15,5.4716E+16
1509,1510,1,0,61,46,2016,4,7,4,3,5,2,0,0,1,1,0,0,0,0,5.33969E+20,5.97601E+21,9.51736E+15,5.39314E+16
1510,1511,1,0,3,0,2016,5,19,2,3,2,6,0,0,0,1,0,1,0,0,6.08402E+20,5.9681E+21,1.06479E+16,5.38501E+16
1511,1512,1,0,60,54,2016,4,0,6,3,8,1,2,0,0,1,0,0,0,0,5.60358E+20,5.9713E+21,9.91832E+15,5.38866E+16
1512,1513,1,0,3,0,2016,5,18,4,3,0,1,0,1,0,0,0,1,0,0,6.09292E+20,5.97024E+21,1.06622E+16,5.38691E+16
1513,1514,1,0,3,0,2016,4,11,3,3,3,6,0,1,1,0,0,0,0,0,6.11975E+20,5.96963E+21,1.07027E+16,5.38631E+16
1514,1515,1,0,4,0,2016,4,6,3,3,5,3,0,1,1,1,0,0,0,0,5.65353E+20,5.99017E+21,9.99835E+15,5.40556E+16
1515,1516,1,0,62,69,2016,4,13,1,3,8,7,0,0,0,1,0,0,0,0,5.82853E+20,5.94331E+21,1.0253E+16,5.3632E+16
1516,1517,1,0,1,0,2016,3,23,5,3,5,3,2,1,1,1,0,0,0,0,5.28211E+20,6.07084E+21,9.43866E+15,5.4784E+16
1517,1518,1,0,51,139,2016,5,13,6,3,5,2,0,0,0,1,0,0,0,0,5.23184E+20,6.00824E+21,9.35558E+15,5.42216E+16
1518,1519,1,0,60,44,2016,3,13,4,3,5,3,0,0,0,1,0,1,0,0,5.64896E+20,5.96436E+21,9.98589E+15,5.38237E+16
1519,1520,1,0,60,64,2016,3,21,3,2,3,6,2,1,0,1,0,0,0,1,5.62231E+20,5.96908E+21,9.94637E+15,5.38665E+16
1520,1521,1,0,54,56,2016,4,8,4,2,5,3,0,0,1,1,0,0,0,0,5.03439E+20,6.03752E+21,9.05309E+15,5.44853E+16
1521,1522,1,0,55,39,2016,5,6,1,2,8,1,0,1,0,1,0,0,0,0,6.13665E+20,5.99494E+21,1.07379E+16,5.40901E+16
1522,1523,1,0,54,52,2016,5,15,5,2,5,3,0,0,1,0,0,1,0,0,5.03259E+20,6.04E+21,9.05033E+15,5.45076E+16
1523,1524,1,0,58,172,2016,5,18,1,2,5,2,0,0,1,0,0,1,0,0,5.41989E+20,6.01491E+21,9.64491E+15,5.42804E+16
1524,1525,1,0,54,42,2016,5,19,1,3,2,2,0,0,0,1,0,1,0,0,5.0249E+20,6.04024E+21,9.03847E+15,5.45098E+16
1525,1526,1,0,3,0,2016,5,18,4,3,6,4,0,0,0,1,1,0,0,0,6.09279E+20,5.97086E+21,1.06622E+16,5.38747E+16
1526,1527,1,0,3,0,2016,4,6,2,3,0,1,0,1,0,0,0,1,0,0,6.05708E+20,5.97063E+21,1.06078E+16,5.38734E+16
1527,1528,1,0,61,63,2016,4,3,3,2,8,1,2,0,0,1,0,0,0,0,5.16372E+20,5.97534E+21,9.24932E+15,5.39262E+16
1528,1529,1,0,60,49,2016,5,11,5,3,2,6,0,0,0,1,0,0,0,1,5.86248E+20,5.97953E+21,1.03144E+16,5.39569E+16
1529,1530,1,0,56,39,2016,4,19,7,3,3,2,0,0,0,1,0,0,0,0,5.52414E+20,5.94636E+21,9.79323E+15,5.36633E+16
1530,1531,1,0,3,0,2016,5,17,2,3,4,2,0,0,1,1,0,0,0,0,6.18457E+20,5.97544E+21,1.08035E+16,5.39138E+16
1531,1532,1,0,3,0,2016,4,17,5,3,3,2,0,0,1,1,0,0,0,0,6.10532E+20,5.96886E+21,1.06805E+16,5.38565E+16
1532,1533,1,0,62,62,2016,4,9,2,3,3,1,0,0,0,1,0,0,1,0,5.95329E+20,5.9624E+21,1.04475E+16,5.38014E+16
1533,1534,1,0,56,1,2016,5,17,6,3,2,6,0,0,1,0,0,0,0,1,5.50339E+20,5.94358E+21,9.76138E+15,5.36386E+16
1534,1535,1,0,56,39,2016,4,21,1,3,5,3,2,0,0,1,0,0,0,0,5.52637E+20,5.94628E+21,9.79659E+15,5.36626E+16
1535,1536,1,0,1,0,2016,4,17,4,3,2,2,0,0,0,1,0,0,0,0,5.2651E+20,6.07203E+21,9.41233E+15,5.47947E+16
1536,1537,1,0,4,0,2016,5,16,3,3,0,7,0,0,0,0,0,0,0,1,5.63788E+20,5.994E+21,9.97525E+15,5.40902E+16
1537,1538,1,0,56,15,2016,4,7,6,3,5,3,0,0,1,1,0,0,0,0,5.45505E+20,5.95577E+21,9.69006E+15,5.37486E+16
1538,1539,1,0,56,50,2016,4,17,5,3,6,4,0,0,1,0,1,0,0,0,5.46808E+20,5.93719E+21,9.70701E+15,5.35814E+16
1539,1540,1,0,59,53,2016,3,0,4,3,5,3,2,1,0,1,0,0,0,0,5.34642E+20,6.02883E+21,9.53369E+15,5.44061E+16
1540,1541,1,0,2,0,2016,5,16,1,3,2,7,0,0,0,1,0,0,0,0,5.72955E+20,6.02544E+21,1.0123E+16,5.43716E+16
1541,1542,1,0,2,0,2016,5,18,5,3,5,2,0,0,1,1,0,0,0,0,5.71894E+20,6.01713E+21,1.01047E+16,5.4297E+16
1542,1543,1,0,61,42,2016,4,17,4,3,5,3,0,1,0,1,0,0,0,0,5.40092E+20,5.9789E+21,9.61099E+15,5.39569E+16
1543,1544,1,0,62,9,2016,4,12,7,2,3,2,0,0,0,1,0,1,0,0,5.82425E+20,5.9374E+21,1.02449E+16,5.3579E+16
1544,1545,1,0,1,0,2016,4,14,2,3,5,2,0,0,1,0,0,0,0,1,5.2559E+20,6.06919E+21,9.39776E+15,5.47693E+16
1545,1546,1,0,58,146,2016,5,7,6,3,2,6,0,0,0,1,0,0,0,0,5.49376E+20,6.01791E+21,9.75885E+15,5.43067E+16
1546,1547,1,0,53,100,2016,4,7,4,3,4,6,0,1,0,1,0,0,0,0,6.17037E+20,5.94937E+21,1.0772E+16,5.368E+16
1547,1548,1,0,2,0,2016,5,17,2,3,6,4,0,0,1,0,1,0,0,0,5.74122E+20,6.01873E+21,1.01393E+16,5.43111E+16
1548,1549,1,0,61,46,2016,4,19,7,3,2,6,0,0,0,1,0,0,0,0,5.33577E+20,5.97516E+21,9.51131E+15,5.39237E+16
1549,1550,1,0,2,0,2016,4,11,6,3,2,6,0,0,0,1,0,0,0,0,5.73747E+20,6.01922E+21,1.01337E+16,5.43155E+16
1550,1551,1,0,1,0,2016,5,18,4,3,2,6,0,0,0,1,0,0,0,0,5.26667E+20,6.07009E+21,9.41459E+15,5.47774E+16
1551,1552,1,0,54,94,2016,4,6,3,3,5,3,0,1,0,1,0,0,0,0,4.71038E+20,6.06485E+21,8.55026E+15,5.47301E+16
1552,1553,1,0,60,92,2016,3,13,1,3,5,2,0,1,1,1,0,0,0,0,5.80171E+20,5.97933E+21,1.02218E+16,5.39561E+16
1553,1554,1,0,58,129,2016,5,22,6,3,7,7,2,0,0,0,0,1,0,0,5.2944E+20,6.0084E+21,9.45154E+15,5.42228E+16
1554,1555,1,0,2,0,2016,3,16,4,3,2,6,0,0,0,1,0,0,0,0,5.7311E+20,6.01791E+21,1.01236E+16,5.43039E+16
1555,1556,1,0,60,12,2016,3,17,3,3,2,1,0,2,0,1,0,0,0,1,5.80272E+20,5.99067E+21,1.02263E+16,5.4058E+16
1556,1557,1,0,2,0,2016,5,17,3,2,6,4,0,0,0,1,1,0,0,0,5.7827E+20,6.02103E+21,1.02037E+16,5.43311E+16
1557,1558,1,0,58,43,2016,4,7,6,3,5,3,0,0,0,1,0,0,0,0,5.54295E+20,6.03536E+21,9.83763E+15,5.4463E+16
1558,1559,1,0,54,118,2016,4,6,3,3,8,1,0,0,0,1,0,0,0,0,5.08625E+20,6.03827E+21,9.13316E+15,5.4492E+16
1559,1560,1,0,55,16,2016,4,10,7,3,2,6,0,0,0,1,0,0,0,0,6.28244E+20,6.00317E+21,1.09641E+16,5.41606E+16
1560,1561,1,0,3,0,2016,5,15,7,2,6,3,0,0,0,1,1,0,0,0,6.09347E+20,5.97024E+21,1.0663E+16,5.38691E+16
1561,1562,1,0,2,0,2016,5,7,4,3,5,3,0,0,1,1,0,0,0,0,5.75E+20,6.0183E+21,1.01527E+16,5.43071E+16
1562,1563,1,0,58,135,2016,4,17,2,3,5,2,0,0,0,1,0,0,0,0,5.42375E+20,6.01794E+21,9.65127E+15,5.43076E+16
1563,1564,1,0,3,0,2016,4,11,3,3,0,7,0,0,1,0,0,0,0,0,6.16418E+20,5.97448E+21,1.07721E+16,5.39057E+16
1564,1565,1,0,55,28,2016,5,17,5,2,9,1,0,0,0,0,0,1,0,0,6.07119E+20,6.00726E+21,1.06422E+16,5.42021E+16
1565,1566,1,0,2,0,2016,4,6,6,3,2,6,0,0,0,1,0,0,0,0,5.75641E+20,6.01906E+21,1.01627E+16,5.43138E+16
1566,1567,1,0,58,117,2016,4,10,7,3,5,3,0,0,1,1,0,0,0,0,5.56138E+20,6.00268E+21,9.85992E+15,5.41691E+16
1567,1568,1,0,59,45,2016,5,17,2,3,5,2,0,0,1,1,0,0,0,0,5.57879E+20,6.05696E+21,9.89718E+15,5.46567E+16
1568,1569,1,0,60,27,2016,5,18,5,3,2,2,0,0,0,1,0,0,0,0,5.6128E+20,5.98433E+21,9.93496E+15,5.40036E+16
1569,1570,1,0,62,4,2016,4,8,5,3,5,3,0,0,1,1,0,0,0,0,5.89992E+20,5.96262E+21,1.03665E+16,5.38044E+16
1570,1571,1,0,3,0,2016,5,14,6,3,5,3,0,0,1,1,0,0,0,0,6.14222E+20,5.97054E+21,1.07372E+16,5.38708E+16
1571,1572,1,0,58,135,2016,4,11,1,3,0,7,0,0,1,0,0,0,0,0,5.43179E+20,6.0163E+21,9.6634E+15,5.42927E+16
1572,1573,1,0,51,114,2016,4,12,6,3,2,6,0,0,0,1,0,0,0,0,5.19346E+20,6.00597E+21,9.29656E+15,5.42014E+16
1573,1574,1,0,58,43,2016,4,14,3,3,2,6,0,0,0,1,0,0,0,0,5.53013E+20,6.03256E+21,9.81736E+15,5.4438E+16
1574,1575,1,0,51,44,2016,5,14,2,3,5,2,0,0,0,1,0,0,0,0,5.06584E+20,6.00528E+21,9.10092E+15,5.41955E+16
1575,1576,1,0,56,39,2016,5,18,4,3,5,3,0,0,0,1,0,0,0,1,5.52017E+20,5.94587E+21,9.78714E+15,5.3659E+16
1576,1577,1,0,58,128,2016,5,4,1,2,9,7,2,0,0,1,0,0,0,0,5.61051E+20,5.98619E+21,9.93183E+15,5.40204E+16
1577,1578,1,0,61,118,2016,5,10,7,2,5,2,0,0,0,1,0,0,0,1,5.31388E+20,5.95662E+21,9.47608E+15,5.37573E+16
1578,1579,1,0,58,43,2016,5,18,4,3,2,6,0,0,0,1,0,0,0,0,5.54155E+20,6.0345E+21,9.83531E+15,5.44553E+16
1579,1580,1,0,3,0,2016,4,7,2,3,3,6,0,0,1,0,0,0,0,0,6.11219E+20,5.96915E+21,1.06911E+16,5.38589E+16
1580,1581,1,0,60,76,2016,4,19,3,3,6,6,0,1,0,1,1,0,0,0,5.76248E+20,5.96748E+21,1.01591E+16,5.38502E+16
1581,1582,1,0,53,12,2016,5,19,5,2,5,3,0,0,0,1,0,1,0,0,5.85053E+20,5.92738E+21,1.02819E+16,5.34885E+16
1582,1583,1,0,4,0,2016,4,16,6,3,2,6,0,1,0,1,0,0,0,0,5.64839E+20,5.99364E+21,9.99124E+15,5.40868E+16
1583,1584,1,0,55,12,2016,4,11,7,3,0,7,0,0,1,0,0,0,0,0,6.06063E+20,6.00545E+21,1.06254E+16,5.41862E+16
1584,1585,1,0,2,0,2016,5,14,2,3,5,3,0,0,0,1,0,1,0,0,5.7552E+20,6.019E+21,1.01609E+16,5.43133E+16
1585,1586,1,0,54,56,2016,4,18,5,3,5,2,0,0,1,1,0,0,0,0,5.02358E+20,6.03809E+21,9.0364E+15,5.44905E+16
1586,1587,1,0,61,31,2016,4,19,5,3,8,1,0,0,0,0,0,1,0,0,5.22002E+20,5.98514E+21,9.33577E+15,5.40141E+16
1587,1588,1,0,57,65,2016,4,13,1,3,9,1,0,0,0,0,0,1,0,0,5.98808E+20,6.01191E+21,1.05164E+16,5.42456E+16
1588,1589,1,0,53,81,2016,5,18,6,3,8,1,0,1,0,0,0,1,0,0,6.11306E+20,5.94781E+21,1.06847E+16,5.36672E+16
1589,1590,1,0,53,116,2016,4,15,1,3,0,1,0,0,1,0,0,0,0,0,5.99762E+20,5.9286E+21,1.05039E+16,5.34969E+16
1590,1591,1,0,3,0,2016,4,7,3,3,5,3,0,0,1,1,0,0,0,0,6.11403E+20,5.97105E+21,1.06946E+16,5.38759E+16
1591,1592,1,0,2,0,2016,5,12,3,3,4,6,0,0,1,0,0,0,0,0,5.71052E+20,6.01749E+21,1.00918E+16,5.43004E+16
1592,1593,1,0,53,135,2016,4,22,5,3,8,1,2,1,0,1,0,0,0,0,5.93672E+20,5.92531E+21,1.04111E+16,5.34685E+16
1593,1594,1,0,53,131,2016,4,13,6,3,5,3,0,1,0,1,0,0,0,1,5.9533E+20,5.92259E+21,1.04353E+16,5.34437E+16
1594,1595,1,0,53,97,2016,4,16,5,3,6,6,0,0,0,1,1,0,0,0,6.05788E+20,5.94568E+21,1.06005E+16,5.36492E+16
1595,1596,1,0,2,0,2016,3,17,4,3,2,6,0,0,0,1,0,0,0,0,5.71413E+20,6.01914E+21,1.00978E+16,5.43152E+16
1596,1597,1,0,51,61,2016,5,15,7,3,5,3,0,0,1,0,0,0,0,0,5.01836E+20,6.01901E+21,9.02822E+15,5.43189E+16
1597,1598,1,0,58,98,2016,5,4,1,3,8,7,2,0,0,1,0,0,0,0,5.62869E+20,5.99968E+21,9.96238E+15,5.41414E+16
1598,1599,1,0,1,0,2016,5,14,5,2,5,3,0,0,1,1,0,0,0,0,5.29095E+20,6.07239E+21,9.45255E+15,5.47979E+16
1599,1600,1,0,53,112,2016,4,14,4,3,8,1,0,1,0,1,0,0,0,0,5.93588E+20,5.95212E+21,1.04179E+16,5.37094E+16
1600,1601,1,0,58,117,2016,4,11,7,3,5,3,0,0,0,1,0,1,0,0,5.55785E+20,6.00189E+21,9.85436E+15,5.41621E+16
1601,1602,1,0,58,38,2016,4,12,2,2,2,6,0,0,0,1,0,0,0,0,5.62628E+20,6.00461E+21,9.95971E+15,5.41857E+16
1602,1603,1,0,58,98,2016,5,4,2,3,9,1,1,0,0,1,0,0,0,0,5.60974E+20,5.99997E+21,9.93345E+15,5.41443E+16
1603,1604,1,0,62,4,2016,5,11,2,3,3,6,0,0,0,1,0,0,1,0,5.93801E+20,5.96101E+21,1.04239E+16,5.37892E+16
1604,1605,1,0,53,90,2016,4,12,7,3,2,6,0,0,0,1,0,0,0,0,6.1105E+20,5.94252E+21,1.06789E+16,5.36197E+16
1605,1606,1,0,59,176,2016,4,15,6,3,2,6,0,0,0,1,0,0,0,0,5.32536E+20,6.07322E+21,9.50617E+15,5.48051E+16
1606,1607,1,0,1,0,2016,5,11,4,3,3,2,0,0,1,1,0,0,0,0,5.27889E+20,6.07041E+21,9.43361E+15,5.47801E+16
1607,1608,1,0,60,39,2016,4,8,2,3,2,6,0,0,0,1,0,0,0,0,5.64595E+20,5.96067E+21,9.98053E+15,5.37906E+16
1608,1609,1,0,2,0,2016,5,12,6,3,2,6,0,0,0,1,0,0,0,0,5.72112E+20,6.02141E+21,1.01091E+16,5.43354E+16
1609,1610,1,0,2,0,2016,5,11,3,3,5,2,0,0,1,1,0,0,0,0,5.73439E+20,6.02569E+21,1.01305E+16,5.43737E+16
1610,1611,1,0,4,0,2016,4,13,3,3,5,7,0,1,0,1,0,0,0,0,5.63905E+20,5.99368E+21,9.97697E+15,5.40873E+16
1611,1612,1,0,59,75,2016,4,18,6,3,2,6,0,0,0,1,0,0,0,0,5.3515E+20,6.04193E+21,9.54308E+15,5.45238E+16
1612,1613,1,0,56,43,2016,4,17,2,3,5,3,0,0,1,1,0,0,0,0,5.59095E+20,5.9437E+21,9.89383E+15,5.36387E+16
1613,1614,1,0,2,0,2016,4,17,7,2,9,1,0,1,0,1,0,0,0,0,5.74326E+20,6.01771E+21,1.01422E+16,5.43018E+16
1614,1615,1,0,58,11,2016,5,14,7,3,2,6,0,0,0,0,0,1,0,1,5.5156E+20,6.00233E+21,9.78975E+15,5.41665E+16
1615,1616,1,0,56,39,2016,4,17,4,3,5,3,0,0,1,1,0,0,0,0,5.51688E+20,5.9457E+21,9.78213E+15,5.36575E+16
1616,1617,1,0,3,0,2016,5,5,4,3,7,7,0,0,0,1,0,0,0,0,6.06685E+20,5.96128E+21,1.06194E+16,5.37891E+16
1617,1618,1,0,54,7,2016,4,16,2,3,2,6,0,1,0,1,0,0,0,1,5.05131E+20,6.04417E+21,9.07932E+15,5.4545E+16
1618,1619,1,0,3,0,2016,4,21,7,3,2,2,2,1,0,1,0,0,0,0,6.08404E+20,5.9681E+21,1.06479E+16,5.38501E+16
1619,1620,1,0,54,84,2016,4,16,6,3,5,2,0,1,1,1,0,0,0,0,5.06457E+20,6.03468E+21,9.0996E+15,5.44597E+16
1620,1621,1,0,1,0,2016,4,22,7,2,6,7,2,1,0,1,1,0,0,0,5.25736E+20,6.0679E+21,9.39992E+15,5.47577E+16
1621,1622,1,0,54,9,2016,5,10,2,2,5,3,0,0,0,1,0,0,0,0,4.8771E+20,6.0814E+21,8.80844E+15,5.48795E+16
1622,1623,1,0,56,20,2016,5,18,5,3,8,6,0,0,1,0,0,0,0,1,5.38111E+20,5.94369E+21,9.57646E+15,5.36406E+16
1623,1624,1,0,3,0,2016,4,16,5,3,0,7,0,1,0,0,0,1,0,0,6.07678E+20,5.96852E+21,1.0637E+16,5.3854E+16
1624,1625,1,0,2,0,2016,5,14,6,3,5,3,0,0,0,1,0,0,0,0,5.7401E+20,6.01972E+21,1.01378E+16,5.432E+16
1625,1626,1,0,62,14,2016,4,18,6,2,5,2,0,0,1,1,0,0,0,0,5.82024E+20,5.9504E+21,1.02423E+16,5.36959E+16
1626,1627,1,0,56,15,2016,5,11,2,3,2,6,0,0,1,1,0,0,0,1,5.43355E+20,5.95694E+21,9.65762E+15,5.37592E+16
1627,1628,1,0,59,9,2016,4,16,5,3,5,2,0,1,0,1,0,0,0,0,5.24107E+20,6.03038E+21,9.37152E+15,5.44206E+16
1628,1629,1,0,2,0,2016,4,16,6,3,2,6,0,0,0,1,0,0,0,1,5.72089E+20,6.01876E+21,1.01081E+16,5.43116E+16
1629,1630,1,0,2,0,2016,4,10,5,3,0,7,0,0,1,0,0,0,0,0,5.73701E+20,6.01824E+21,1.01327E+16,5.43068E+16
1630,1631,1,0,53,20,2016,5,8,2,3,5,3,0,0,0,1,0,0,0,0,6.06726E+20,5.92778E+21,1.06086E+16,5.34882E+16
1631,1632,1,0,55,4,2016,5,18,7,3,2,6,0,0,1,0,0,0,0,0,6.0954E+20,5.97606E+21,1.0668E+16,5.39213E+16
1632,1633,1,0,2,0,2016,4,17,7,3,2,6,0,0,0,1,0,0,0,0,5.72607E+20,6.02111E+21,1.01166E+16,5.43326E+16
1633,1634,1,0,60,4,2016,5,8,4,3,9,7,0,0,0,1,0,0,0,0,5.60562E+20,5.97333E+21,9.92182E+15,5.39048E+16
1634,1635,1,0,58,135,2016,4,19,4,3,2,6,1,1,0,1,0,0,0,0,5.41907E+20,6.01869E+21,9.64418E+15,5.43143E+16
1635,1636,1,0,56,41,2016,4,7,3,3,5,3,0,1,0,1,0,0,0,1,5.58875E+20,5.95408E+21,9.89246E+15,5.3732E+16
1636,1637,1,0,59,183,2016,4,13,7,3,2,6,0,0,0,1,0,0,0,0,5.22264E+20,6.06236E+21,9.34554E+15,5.47081E+16
1637,1638,1,0,55,12,2016,4,4,1,2,8,7,2,0,0,1,0,0,0,0,6.04789E+20,6.00156E+21,1.06045E+16,5.41514E+16
1638,1639,1,0,60,63,2016,3,17,5,3,5,2,0,0,1,1,0,0,0,0,5.65252E+20,5.94784E+21,9.9878E+15,5.36752E+16
1639,1640,1,0,1,0,2016,5,16,7,3,8,1,0,0,0,1,0,0,0,0,5.26302E+20,6.07194E+21,9.40908E+15,5.47939E+16
1640,1641,1,0,3,0,2016,4,8,4,3,0,7,0,0,1,0,0,0,0,0,6.10777E+20,5.96782E+21,1.06839E+16,5.3847E+16
1641,1642,1,0,62,23,2016,5,13,2,3,2,7,0,0,0,1,0,0,0,0,5.85812E+20,5.94646E+21,1.02986E+16,5.36598E+16
1642,1643,1,0,4,0,2016,5,6,5,2,8,6,0,0,0,1,0,0,0,0,5.6369E+20,5.99452E+21,9.97387E+15,5.40949E+16
1643,1644,1,0,62,21,2016,5,3,1,3,6,1,2,0,0,1,1,0,0,0,5.93037E+20,5.9448E+21,1.04074E+16,5.36437E+16
1644,1645,1,0,58,54,2016,4,8,5,3,5,3,0,0,0,1,0,1,0,0,5.3777E+20,6.01775E+21,9.58048E+15,5.43062E+16
1645,1646,1,0,3,0,2016,4,11,6,3,5,3,0,1,1,1,0,0,0,0,6.09263E+20,5.97022E+21,1.06617E+16,5.38689E+16
1646,1647,1,0,55,31,2016,4,11,5,3,5,3,0,0,1,1,0,0,0,0,6.30933E+20,6.0215E+21,1.10133E+16,5.43246E+16
1647,1648,1,0,53,105,2016,5,11,7,3,8,7,0,0,0,1,0,0,0,0,5.94405E+20,5.93318E+21,1.04246E+16,5.3539E+16
1648,1649,1,0,56,39,2016,5,8,4,3,2,6,0,0,0,1,0,1,0,0,5.5097E+20,5.94585E+21,9.77129E+15,5.36589E+16
1649,1650,1,0,59,173,2016,4,7,4,3,5,2,0,1,0,1,0,0,1,0,5.15388E+20,6.0695E+21,9.2392E+15,5.47724E+16
1650,1651,1,0,2,0,2016,4,15,7,3,2,6,0,0,0,1,0,0,0,0,5.74748E+20,6.01826E+21,1.01488E+16,5.43068E+16
1651,1652,1,0,60,34,2016,4,10,1,1,8,1,0,0,0,1,0,0,0,0,5.7144E+20,5.97351E+21,1.00874E+16,5.39051E+16
1652,1653,1,0,2,0,2016,5,19,7,3,2,6,0,0,0,1,0,0,0,0,5.73958E+20,6.02071E+21,1.01373E+16,5.43288E+16
1653,1654,1,0,56,15,2016,4,10,4,3,0,7,0,0,1,0,0,0,0,0,5.4452E+20,5.95642E+21,9.67522E+15,5.37545E+16
1654,1655,1,0,57,30,2016,5,11,2,3,2,6,0,0,0,1,0,0,0,0,6.0467E+20,6.01698E+21,1.06081E+16,5.429E+16
1655,1656,1,0,59,126,2016,3,10,3,2,4,7,0,0,0,1,0,0,0,0,5.34923E+20,6.06768E+21,9.54264E+15,5.47552E+16
1656,1657,1,0,60,7,2016,5,19,1,3,2,6,0,0,0,1,0,0,0,0,5.73725E+20,5.97506E+21,1.01226E+16,5.39187E+16
1657,1658,1,0,4,0,2016,4,13,7,3,1,5,0,0,1,1,0,0,0,0,5.64114E+20,5.99198E+21,9.97981E+15,5.40721E+16
1658,1659,1,0,60,39,2016,5,15,3,3,3,6,0,0,0,1,0,1,0,0,5.64606E+20,5.9607E+21,9.98071E+15,5.37908E+16
1659,1660,1,0,3,0,2016,4,11,2,3,3,6,0,0,1,0,0,0,0,0,6.1118E+20,5.96896E+21,1.06904E+16,5.38572E+16
1660,1661,1,0,56,15,2016,4,11,3,1,8,1,0,0,0,1,0,0,0,0,5.47107E+20,5.95499E+21,9.71423E+15,5.37414E+16
1661,1662,1,0,59,112,2016,5,11,6,3,5,3,0,0,1,1,0,0,0,0,5.5754E+20,6.06696E+21,9.89389E+15,5.47466E+16
1662,1663,1,0,2,0,2016,4,13,1,3,2,6,0,0,0,1,0,0,0,0,5.75881E+20,6.01983E+21,1.01666E+16,5.43207E+16
1663,1664,1,0,59,176,2016,5,21,3,3,2,6,1,0,0,1,0,0,0,0,5.33668E+20,6.07457E+21,9.52395E+15,5.48172E+16
1664,1665,1,0,59,179,2016,4,13,3,2,5,3,0,1,0,1,0,0,1,0,5.13018E+20,6.06017E+21,9.20195E+15,5.46887E+16
1665,1666,1,0,56,5,2016,4,7,5,3,5,3,0,0,0,1,0,0,0,1,5.60389E+20,5.94667E+21,9.91397E+15,5.36653E+16
1666,1667,1,0,3,0,2016,4,13,2,3,4,2,0,0,0,1,0,0,0,0,6.10248E+20,5.97093E+21,1.0677E+16,5.38751E+16
1667,1668,1,0,59,45,2016,4,20,7,3,3,2,0,0,0,1,0,1,0,0,5.60057E+20,6.05848E+21,9.93123E+15,5.46701E+16
1668,1669,1,0,1,0,2016,5,17,7,3,2,6,0,0,0,1,0,0,0,0,5.28143E+20,6.07118E+21,9.43763E+15,5.4787E+16
1669,1670,1,0,60,96,2016,4,12,4,3,8,1,0,0,0,1,0,0,0,0,5.88059E+20,5.97501E+21,1.03407E+16,5.3916E+16
1670,1671,1,0,56,44,2016,5,6,3,3,7,7,0,0,0,0,0,1,0,0,5.54466E+20,5.93781E+21,9.82279E+15,5.35863E+16
1671,1672,1,0,60,99,2016,4,6,1,3,5,3,0,1,0,1,0,0,0,1,5.59359E+20,5.97921E+21,9.90466E+15,5.39578E+16
1672,1673,1,0,57,79,2016,4,18,7,3,5,3,0,0,0,1,0,0,0,0,5.82357E+20,6.03041E+21,1.02691E+16,5.44147E+16
1673,1674,1,0,56,44,2016,4,19,6,3,5,3,1,0,1,1,0,0,0,0,5.56036E+20,5.93926E+21,9.84676E+15,5.35992E+16
1674,1675,1,0,56,15,2016,5,20,1,3,2,6,1,0,0,1,0,0,0,0,5.43161E+20,5.95645E+21,9.65462E+15,5.37549E+16
1675,1676,1,0,62,1,2016,5,9,5,3,2,6,0,0,0,1,0,0,0,0,5.83887E+20,5.94451E+21,1.02689E+16,5.36426E+16
1676,1677,1,0,58,135,2016,4,14,5,2,0,7,0,1,0,0,0,1,0,0,5.45131E+20,6.0181E+21,9.69365E+15,5.43088E+16
1677,1678,1,0,2,0,2016,5,12,6,3,0,1,0,0,1,0,0,0,0,0,5.7573E+20,6.01956E+21,1.01642E+16,5.43183E+16
1678,1679,1,0,54,84,2016,4,18,6,3,5,3,0,0,0,1,0,0,0,0,5.07142E+20,6.03695E+21,9.11023E+15,5.44801E+16
1679,1680,1,0,59,75,2016,4,12,5,3,5,3,0,0,1,1,0,0,0,0,5.36483E+20,6.04168E+21,9.56365E+15,5.45214E+16
1680,1681,1,0,55,32,2016,5,14,2,2,3,6,0,0,1,0,0,0,0,0,6.18436E+20,5.99682E+21,1.08115E+16,5.41059E+16
1681,1682,1,0,58,111,2016,5,12,7,3,5,2,0,0,0,1,0,0,0,1,5.4575E+20,6.02437E+21,9.70413E+15,5.43651E+16
1682,1683,1,0,62,62,2016,4,11,7,3,2,6,0,0,0,1,0,0,0,0,5.95145E+20,5.96221E+21,1.04446E+16,5.37998E+16
1683,1684,1,0,62,4,2016,5,19,4,3,5,3,0,0,0,1,0,0,0,1,5.86802E+20,5.96138E+21,1.03177E+16,5.37937E+16
1684,1685,1,0,51,35,2016,4,18,3,3,2,6,0,0,0,1,0,0,0,1,5.14267E+20,6.00531E+21,9.21868E+15,5.41956E+16
1685,1686,1,0,4,0,2016,4,12,3,3,5,2,0,1,0,1,0,0,0,0,5.65003E+20,5.99688E+21,9.99444E+15,5.4116E+16
1686,1687,1,0,58,169,2016,4,14,1,3,2,6,0,0,0,1,0,0,0,0,5.56415E+20,5.99184E+21,9.86213E+15,5.40716E+16
1687,1688,1,0,57,1,2016,3,21,5,3,8,7,2,0,0,1,0,0,0,0,5.87209E+20,5.99991E+21,1.03349E+16,5.41399E+16
1688,1689,1,0,62,23,2016,5,12,7,3,2,6,0,0,0,1,0,0,0,0,5.8576E+20,5.94633E+21,1.02978E+16,5.36587E+16
1689,1690,1,0,60,39,2016,3,15,4,3,5,3,0,1,1,1,0,0,0,0,5.64531E+20,5.96036E+21,9.97951E+15,5.37879E+16
1690,1691,1,0,51,140,2016,3,4,2,3,8,1,2,1,0,1,0,0,0,0,4.98392E+20,6.00708E+21,8.97535E+15,5.42117E+16