FID,OBJECTID,ULAND,UREGBEZ,UKREIS,UGEMEINDE,UJAHR,UMONAT,USTUNDE,UWOCHENTAG,UKATEGORIE,UART,UTYP1,ULICHTVERH,IstStrasse,IstRad,IstPKW,IstFuss,IstKrad,IstGkfz,IstSonstig,LINREFX,LINREFY,XGCSWGS84,YGCSWGS84
1691,1692,1,0,2,0,2016,4,17,4,3,5,3,0,0,1,1,0,0,0,0,5.77046E+20,6.01713E+21,1.01838E+16,5.42963E+16
1692,1693,1,0,62,60,2016,5,12,1,3,0,1,0,1,1,0,0,0,0,0,5.83181E+20,5.93022E+21,1.02544E+16,5.35144E+16
1693,1694,1,0,2,0,2016,5,15,5,3,2,6,0,0,0,1,0,0,0,0,5.74808E+20,6.01837E+21,1.01498E+16,5.43078E+16
1694,1695,1,0,3,0,2016,5,19,1,3,1,5,0,0,1,1,0,0,0,0,6.09618E+20,5.97058E+21,1.06673E+16,5.38721E+16
1695,1696,1,0,58,117,2016,5,17,1,3,8,1,0,1,0,1,0,0,0,0,5.53286E+20,6.00415E+21,9.8165E+15,5.41826E+16
1696,1697,1,0,3,0,2016,5,20,4,3,2,6,1,0,0,1,0,1,0,0,6.11266E+20,5.96911E+21,1.06918E+16,5.38585E+16
1697,1698,1,0,62,76,2016,4,13,2,3,5,2,0,1,0,1,0,0,0,0,5.72559E+20,5.95381E+21,1.00998E+16,5.37279E+16
1698,1699,1,0,54,164,2016,4,15,4,3,5,3,0,0,1,1,0,0,0,0,4.71468E+20,6.06096E+21,8.55731E+15,5.46952E+16
1699,1700,1,0,61,30,2016,5,14,5,2,9,7,0,0,0,1,0,0,0,0,5.3357E+20,5.96607E+21,9.51021E+15,5.3842E+16
1700,1701,1,0,62,86,2016,4,16,1,3,3,6,0,2,0,1,0,0,0,0,5.88118E+20,5.93591E+21,1.03305E+16,5.35647E+16
1701,1702,1,0,62,60,2016,5,14,2,3,6,4,0,0,0,1,1,0,0,0,5.81106E+20,5.92996E+21,1.02231E+16,5.35123E+16
1702,1703,1,0,53,90,2016,4,11,2,2,5,3,0,0,1,1,0,0,0,0,6.11848E+20,5.94422E+21,1.06916E+16,5.36348E+16
1703,1704,1,0,3,0,2016,4,9,5,3,5,3,0,0,1,1,0,0,0,0,6.09343E+20,5.96849E+21,1.06623E+16,5.38534E+16
1704,1705,1,0,55,35,2016,4,10,2,3,8,7,0,0,0,1,0,0,0,0,6.1368E+20,5.98189E+21,1.07332E+16,5.39728E+16
1705,1706,1,0,53,126,2016,4,17,6,3,8,6,0,0,0,1,0,0,0,1,6.05922E+20,5.93686E+21,1.05995E+16,5.35699E+16
1706,1707,1,0,61,17,2016,5,7,6,3,5,3,0,0,1,1,0,0,0,0,5.334E+20,5.97319E+21,9.5084E+15,5.39061E+16
1707,1708,1,0,2,0,2016,4,12,2,3,2,6,0,0,0,1,0,0,0,0,5.73256E+20,6.01784E+21,1.01258E+16,5.43032E+16
1708,1709,1,0,2,0,2016,4,16,4,3,5,2,0,0,1,1,0,0,0,0,5.73161E+20,6.0218E+21,1.01253E+16,5.43388E+16
1709,1710,1,0,55,32,2016,5,16,3,3,2,6,0,1,0,1,0,0,0,0,6.18596E+20,5.99674E+21,1.08139E+16,5.41052E+16
1710,1711,1,0,56,39,2016,4,11,7,2,6,2,0,1,0,1,1,0,0,0,5.53398E+20,5.94586E+21,9.80803E+15,5.36588E+16
1711,1712,1,0,62,89,2016,4,6,7,3,2,6,0,0,0,0,0,0,1,1,5.89736E+20,5.95582E+21,1.03607E+16,5.37432E+16
1712,1713,1,0,60,39,2016,5,17,3,3,5,3,0,0,0,1,0,0,0,0,5.64511E+20,5.95858E+21,9.97883E+15,5.37718E+16
1713,1714,1,0,51,24,2016,4,12,2,3,9,1,0,1,0,1,0,0,0,0,5.11248E+20,5.97918E+21,9.17144E+15,5.39609E+16
1714,1715,1,0,51,137,2016,5,15,5,2,2,2,0,0,0,1,0,1,0,0,5.0402E+20,5.9944E+21,9.06147E+15,5.40978E+16
1715,1716,1,0,53,126,2016,4,18,1,2,2,6,0,1,0,1,0,1,0,0,6.05597E+20,5.93533E+21,1.05941E+16,5.35562E+16
1716,1717,1,0,56,21,2016,5,14,2,3,2,6,0,0,0,1,0,0,0,0,5.60198E+20,5.94983E+21,9.91169E+15,5.36937E+16
1717,1718,1,0,60,41,2016,4,18,2,3,5,2,0,0,0,1,0,0,0,0,5.83632E+20,5.97541E+21,1.02735E+16,5.39204E+16
1718,1719,1,0,60,35,2016,4,8,5,3,0,7,0,0,1,0,0,0,0,0,5.55666E+20,5.98219E+21,9.84892E+15,5.3985E+16
1719,1720,1,0,2,0,2016,4,17,2,3,0,3,0,0,1,0,0,0,0,1,5.75185E+20,6.02208E+21,1.01565E+16,5.4341E+16
1720,1721,1,0,60,63,2016,4,8,6,3,0,7,0,0,0,1,0,0,0,1,5.68505E+20,5.94935E+21,1.00374E+16,5.36884E+16
1721,1722,1,0,60,59,2016,5,17,7,3,8,1,0,2,0,1,0,0,0,0,5.81482E+20,5.98313E+21,1.02428E+16,5.39901E+16
1722,1723,1,0,3,0,2016,4,15,4,3,3,2,0,0,1,1,0,0,0,0,6.11239E+20,5.96911E+21,1.06914E+16,5.38585E+16
1723,1724,1,0,3,0,2016,5,16,3,3,5,2,0,1,1,1,0,0,0,0,6.12034E+20,5.97097E+21,1.07041E+16,5.38751E+16
1724,1725,1,0,54,6,2016,4,9,7,2,2,6,0,1,0,1,0,0,0,0,4.99997E+20,6.0473E+21,8.99996E+15,5.45732E+16
1725,1726,1,0,53,83,2016,5,2,1,3,9,7,2,0,0,1,0,0,0,0,6.02884E+20,5.91533E+21,1.05466E+16,5.3377E+16
1726,1727,1,0,3,0,2016,5,23,5,3,2,6,2,0,0,1,0,1,0,0,6.11283E+20,5.96912E+21,1.0692E+16,5.38586E+16
1727,1728,1,0,57,57,2016,4,11,5,2,2,6,0,0,0,1,0,0,0,0,5.91482E+20,6.00101E+21,1.04007E+16,5.41491E+16
1728,1729,1,0,2,0,2016,4,23,2,3,3,6,2,0,0,1,0,0,1,0,5.72978E+20,6.01795E+21,1.01215E+16,5.43042E+16
1729,1730,1,0,1,0,2016,5,13,6,3,5,2,0,0,0,1,0,0,0,0,5.27347E+20,6.06946E+21,9.42509E+15,5.47716E+16
1730,1731,1,0,58,18,2016,4,15,6,3,3,6,0,0,0,1,0,0,0,0,5.66221E+20,6.00949E+21,1.00158E+16,5.42292E+16
1731,1732,1,0,60,53,2016,4,8,4,3,5,3,0,0,0,1,1,0,1,0,5.82302E+20,5.9693E+21,1.02516E+16,5.38657E+16
1732,1733,1,0,3,0,2016,5,19,2,3,5,3,0,0,0,1,0,0,0,1,6.11043E+20,5.97332E+21,1.06899E+16,5.38964E+16
1733,1734,1,0,60,39,2016,4,21,6,2,5,3,2,0,0,1,0,0,0,0,5.64591E+20,5.96066E+21,9.98048E+15,5.37905E+16
1734,1735,1,0,55,35,2016,4,19,6,3,2,2,0,0,0,1,0,0,0,0,6.12962E+20,5.97769E+21,1.07207E+16,5.39352E+16
1735,1736,1,0,58,135,2016,5,14,4,3,0,7,0,1,0,0,0,1,0,1,5.43531E+20,6.01724E+21,9.66894E+15,5.43012E+16
1736,1737,1,0,55,12,2016,4,21,3,3,9,7,2,0,0,1,0,0,0,0,6.01795E+20,5.99932E+21,1.05579E+16,5.41319E+16
1737,1738,1,0,57,68,2016,4,17,3,3,4,1,0,2,0,1,0,0,0,0,5.72202E+20,5.99109E+21,1.01032E+16,5.4063E+16
1738,1739,1,0,56,2,2016,4,9,7,1,5,7,0,0,1,1,0,0,0,0,5.51051E+20,5.9605E+21,9.77494E+15,5.37905E+16
1739,1740,1,0,54,118,2016,3,17,5,1,4,6,0,0,0,1,0,0,0,0,5.09822E+20,6.03952E+21,9.15168E+15,5.45032E+16
1740,1741,1,0,62,14,2016,5,19,6,3,0,7,0,0,1,0,0,0,0,0,5.82209E+20,5.95073E+21,1.02452E+16,5.36988E+16
1741,1742,1,0,62,60,2016,3,7,4,3,5,2,0,1,0,1,0,0,0,0,5.81931E+20,5.93398E+21,1.02366E+16,5.35483E+16
1742,1743,1,0,51,105,2016,3,20,2,3,8,7,2,1,0,1,0,0,0,0,4.95438E+20,6.00953E+21,8.93E+15,5.42338E+16
1743,1744,1,0,3,0,2016,5,16,3,3,6,4,0,0,1,0,1,0,0,0,6.07862E+20,5.96875E+21,1.06399E+16,5.38561E+16
1744,1745,1,0,60,27,2016,5,17,4,2,5,2,0,0,0,1,0,1,0,0,5.62009E+20,5.98587E+21,9.9464E+15,5.40173E+16
1745,1746,1,0,2,0,2016,5,21,1,3,0,1,1,0,1,0,0,0,0,0,5.71634E+20,6.01778E+21,1.01008E+16,5.43029E+16
1746,1747,1,0,62,4,2016,5,18,1,3,8,1,0,1,0,1,0,0,0,0,5.92706E+20,5.95953E+21,1.04068E+16,5.37761E+16
1747,1748,1,0,58,43,2016,5,18,4,3,5,3,0,0,0,1,0,0,0,0,5.5409E+20,6.03565E+21,9.83453E+15,5.44656E+16
1748,1749,1,0,55,22,2016,4,7,2,3,8,1,0,2,0,0,0,0,0,1,6.30523E+20,6.01925E+21,1.1006E+16,5.43045E+16
1749,1750,1,0,51,74,2016,4,13,3,3,5,3,0,1,0,1,0,0,1,0,5.04481E+20,5.99386E+21,9.06851E+15,5.40929E+16
1750,1751,1,0,56,15,2016,5,17,5,2,0,7,0,0,1,0,0,0,0,0,5.44788E+20,5.95772E+21,9.67948E+15,5.37661E+16
1751,1752,1,0,3,0,2016,4,12,6,3,0,7,0,0,0,1,0,0,0,0,6.13335E+20,5.97084E+21,1.07239E+16,5.38736E+16
1752,1753,1,0,62,93,2016,4,14,7,3,8,7,0,0,0,1,0,0,0,0,5.95348E+20,5.96467E+21,1.04485E+16,5.38218E+16
1753,1754,1,0,2,0,2016,5,7,2,2,2,6,0,0,0,1,0,0,0,1,5.68135E+20,6.01917E+21,1.00474E+16,5.43158E+16
1754,1755,1,0,57,91,2016,4,16,5,3,2,6,0,0,0,1,0,0,0,0,5.8023E+20,6.01616E+21,1.02325E+16,5.4287E+16
1755,1756,1,0,60,58,2016,4,15,1,3,4,6,0,0,0,1,0,0,0,0,5.74999E+20,5.96103E+21,1.01385E+16,5.37924E+16
1756,1757,1,0,60,44,2016,5,9,6,3,5,3,0,0,0,1,0,0,1,0,5.62169E+20,5.96606E+21,9.94481E+15,5.38394E+16
1757,1758,1,0,60,44,2016,4,18,1,3,5,2,0,0,0,1,0,0,0,0,5.62393E+20,5.96622E+21,9.94824E+15,5.38408E+16
1758,1759,1,0,51,49,2016,4,9,3,3,9,1,0,0,0,1,0,0,0,0,5.10761E+20,6.01434E+21,9.16526E+15,5.42768E+16
1759,1760,1,0,60,12,2016,5,23,3,3,8,1,2,0,0,1,0,0,0,0,5.79475E+20,5.99227E+21,1.02146E+16,5.40725E+16
1760,1761,1,0,60,69,2016,4,17,5,3,5,3,0,1,0,1,0,0,0,0,5.90646E+20,5.98146E+21,1.0382E+16,5.39735E+16
1761,1762,1,0,53,100,2016,4,14,6,3,2,6,0,1,0,1,0,0,0,0,6.1795E+20,5.95096E+21,1.07864E+16,5.3694E+16
1762,1763,1,0,56,2,2016,4,7,5,3,2,6,0,0,0,1,0,0,0,0,5.51534E+20,5.95997E+21,9.78218E+15,5.37858E+16
1763,1764,1,0,60,63,2016,3,18,4,3,2,6,0,1,0,1,0,0,0,0,5.62193E+20,5.94753E+21,9.94144E+15,5.36728E+16
1764,1765,1,0,59,75,2016,5,15,1,2,3,6,0,0,0,1,0,1,0,0,5.36737E+20,6.04367E+21,9.56781E+15,5.45393E+16
1765,1766,1,0,2,0,2016,5,18,5,2,3,3,0,0,1,1,0,0,0,0,5.71891E+20,6.01713E+21,1.01046E+16,5.4297E+16
1766,1767,1,0,51,11,2016,4,16,4,3,8,1,0,1,0,1,0,0,0,0,5.06568E+20,5.97202E+21,9.09995E+15,5.38966E+16
1767,1768,1,0,55,32,2016,4,13,7,3,0,2,0,0,0,1,0,1,0,0,6.18577E+20,5.99673E+21,1.08136E+16,5.41051E+16
1768,1769,1,0,54,33,2016,4,10,2,3,2,6,0,0,0,1,0,0,0,0,5.04895E+20,6.02561E+21,9.07537E+15,5.43782E+16
1769,1770,1,0,61,46,2016,5,15,5,3,5,2,0,0,1,1,0,0,0,0,5.31829E+20,5.9762E+21,9.48479E+15,5.39332E+16
1770,1771,1,0,1,0,2016,5,16,2,3,2,6,0,0,0,1,0,1,0,0,5.27207E+20,6.07329E+21,9.42328E+15,5.4806E+16
1771,1772,1,0,61,49,2016,4,12,7,3,6,6,0,0,1,0,1,0,0,0,5.47705E+20,5.98076E+21,9.72731E+15,5.39729E+16
1772,1773,1,0,2,0,2016,4,10,6,3,5,3,0,0,1,1,0,0,0,0,5.75889E+20,6.0306E+21,1.01695E+16,5.44175E+16
1773,1774,1,0,59,184,2016,5,17,4,2,5,3,0,0,0,1,0,1,0,0,5.27837E+20,6.06077E+21,9.43189E+15,5.46935E+16
1774,1775,1,0,59,19,2016,4,16,3,3,4,6,0,0,0,1,0,0,0,0,5.34288E+20,6.03694E+21,9.52919E+15,5.4479E+16
1775,1776,1,0,53,136,2016,3,6,1,2,9,1,0,0,0,1,0,0,0,0,6.20638E+20,5.95204E+21,1.08275E+16,5.37031E+16
1776,1777,1,0,59,75,2016,4,11,6,3,5,3,0,0,0,1,0,0,0,0,5.35652E+20,6.04176E+21,9.55081E+15,5.45221E+16
1777,1778,1,0,51,28,2016,3,22,3,1,9,1,2,1,0,1,0,0,0,0,5.0398E+20,5.99574E+21,9.06088E+15,5.41098E+16
1778,1779,1,0,58,150,2016,5,15,1,3,5,2,0,0,0,1,0,1,0,0,5.74587E+20,6.03633E+21,1.01509E+16,5.44692E+16
1779,1780,1,0,2,0,2016,5,19,5,3,5,2,0,0,1,1,0,0,0,0,5.73205E+20,6.01806E+21,1.01251E+16,5.43052E+16
1780,1781,1,0,1,0,2016,4,13,5,3,2,6,0,0,0,1,0,0,0,0,5.29601E+20,6.06938E+21,9.46012E+15,5.47707E+16
1781,1782,1,0,59,144,2016,4,17,2,3,8,1,0,0,0,0,0,0,0,1,5.14833E+20,6.06646E+21,9.23042E+15,5.47452E+16
1782,1783,1,0,58,30,2016,5,11,6,3,2,6,0,0,0,1,0,0,0,0,5.38895E+20,6.03113E+21,9.59951E+15,5.44264E+16
1783,1784,1,0,56,40,2016,4,12,4,3,5,3,0,0,1,1,0,0,0,0,5.49874E+20,5.94829E+21,9.7551E+15,5.3681E+16
1784,1785,1,0,58,43,2016,5,19,2,3,0,1,0,0,1,0,0,0,0,0,5.54257E+20,6.03478E+21,9.83694E+15,5.44578E+16
1785,1786,1,0,62,61,2016,4,15,1,3,2,6,0,0,0,1,0,0,0,0,5.99079E+20,5.96457E+21,1.05051E+16,5.38202E+16
1786,1787,1,0,55,11,2016,4,19,6,3,5,3,0,0,0,1,0,0,0,0,6.24305E+20,6.01224E+21,1.09076E+16,5.4243E+16
1787,1788,1,0,58,81,2016,4,16,6,3,2,2,0,0,0,1,0,0,0,0,5.4599E+20,6.02602E+21,9.70808E+15,5.43799E+16
1788,1789,1,0,2,0,2016,5,21,4,3,6,3,2,0,0,1,1,0,0,0,5.75623E+20,6.02879E+21,1.01649E+16,5.44012E+16
1789,1790,1,0,2,0,2016,4,8,3,3,5,3,0,0,1,1,0,0,0,0,5.71794E+20,6.02274E+21,1.01045E+16,5.43474E+16
1790,1791,1,0,53,100,2016,3,4,1,2,8,1,2,0,0,1,0,0,0,0,6.18088E+20,5.95194E+21,1.07889E+16,5.37027E+16
1791,1792,1,0,51,134,2016,3,18,4,3,4,6,0,0,1,0,0,0,0,0,5.06032E+20,5.98801E+21,9.09211E+15,5.40403E+16
1792,1793,1,0,4,0,2016,5,11,6,3,5,3,0,0,1,1,0,0,0,0,5.64659E+20,5.99161E+21,9.98806E+15,5.40687E+16
1793,1794,1,0,4,0,2016,3,5,4,3,5,3,2,1,0,1,0,0,0,0,5.64683E+20,5.99173E+21,9.98845E+15,5.40697E+16
1794,1795,1,0,51,1,2016,3,22,2,3,9,1,2,1,0,1,0,0,0,0,5.17041E+20,6.00064E+21,9.26093E+15,5.41536E+16
1795,1796,1,0,55,4,2016,5,7,3,3,5,3,0,0,1,1,0,0,0,0,6.11042E+20,5.976E+21,1.06909E+16,5.39205E+16
1796,1797,1,0,62,6,2016,4,15,6,2,5,3,0,0,0,1,0,0,0,0,5.83835E+20,5.95337E+21,1.02706E+16,5.37222E+16
1797,1798,1,0,54,86,2016,4,16,3,3,3,7,0,0,0,1,0,0,0,0,4.84096E+20,6.07968E+21,8.75222E+15,5.48639E+16
1798,1799,1,0,61,46,2016,4,10,7,3,2,6,0,1,0,1,0,0,0,0,5.32719E+20,5.97367E+21,9.49808E+15,5.39104E+16
1799,1800,1,0,56,50,2016,5,9,7,2,5,2,0,0,1,1,0,0,0,0,5.45341E+20,5.93846E+21,9.68505E+15,5.3593E+16
1800,1801,1,0,58,150,2016,5,20,4,3,5,3,0,0,0,1,0,0,0,0,5.72579E+20,6.03741E+21,1.01202E+16,5.44791E+16
1801,1802,1,0,58,165,2016,4,15,2,3,2,6,0,2,0,1,0,0,0,0,5.65447E+20,6.02828E+21,1.00081E+16,5.43981E+16
1802,1803,1,0,56,48,2016,4,18,3,3,5,3,0,1,1,1,0,0,0,0,5.47559E+20,5.95026E+21,9.72036E+15,5.36989E+16
1803,1804,1,0,62,4,2016,5,17,5,3,2,6,0,0,0,1,0,0,0,0,5.88073E+20,5.96287E+21,1.03375E+16,5.38069E+16
1804,1805,1,0,58,104,2016,4,14,6,3,5,3,0,1,0,1,0,0,0,0,5.67338E+20,6.01778E+21,1.00348E+16,5.43034E+16
1805,1806,1,0,55,43,2016,4,14,7,3,0,7,0,0,0,0,0,1,0,0,6.13746E+20,6.01422E+21,1.07464E+16,5.42633E+16
1806,1807,1,0,59,57,2016,5,12,2,3,2,6,0,0,0,1,0,0,0,0,5.33154E+20,6.04264E+21,9.51233E+15,5.45302E+16
1807,1808,1,0,1,0,2016,4,16,5,3,5,3,0,0,0,1,0,0,0,0,5.282E+20,6.07022E+21,9.43842E+15,5.47784E+16
1808,1809,1,0,56,15,2016,4,14,5,3,6,4,0,0,1,0,1,0,0,0,5.43323E+20,5.95639E+21,9.65707E+15,5.37543E+16
1809,1810,1,0,59,173,2016,4,12,1,3,9,2,0,0,0,1,0,0,0,1,5.14319E+20,6.06941E+21,9.22259E+15,5.47717E+16
1810,1811,1,0,62,60,2016,5,19,6,3,2,6,0,1,0,1,0,0,0,0,5.83402E+20,5.93162E+21,1.02582E+16,5.35269E+16
1811,1812,1,0,55,46,2016,4,17,1,3,5,3,0,0,0,1,0,0,0,0,6.4278E+20,6.03424E+21,1.12014E+16,5.44358E+16
1812,1813,1,0,55,1,2016,4,15,3,3,2,2,0,0,0,1,0,1,0,0,6.02369E+20,5.99066E+21,1.05638E+16,5.4054E+16
1813,1814,1,0,59,112,2016,5,21,3,3,9,1,1,0,1,0,0,0,0,0,5.58124E+20,6.06684E+21,9.90295E+15,5.47454E+16
1814,1815,1,0,55,40,2016,4,15,5,3,0,7,0,0,1,1,0,0,0,0,6.08891E+20,5.9736E+21,1.06573E+16,5.38994E+16
1815,1816,1,0,55,4,2016,4,15,6,3,2,7,0,0,0,1,0,0,0,0,6.11083E+20,5.97441E+21,1.06909E+16,5.39062E+16
1816,1817,1,0,53,129,2016,4,13,5,3,8,1,0,0,0,1,0,0,0,0,5.85088E+20,5.92957E+21,1.0283E+16,5.35081E+16
1817,1818,1,0,53,111,2016,3,9,3,3,8,1,0,1,0,1,0,0,0,0,6.00381E+20,5.91572E+21,1.05091E+16,5.33811E+16
1818,1819,1,0,60,63,2016,5,0,7,3,2,6,2,0,0,0,0,1,0,0,5.64233E+20,5.94872E+21,9.97256E+15,5.36832E+16
1819,1820,1,0,56,15,2016,5,18,1,2,7,6,0,0,0,1,0,0,0,0,5.47144E+20,5.95489E+21,9.71478E+15,5.37406E+16
1820,1821,1,0,59,185,2016,5,21,5,3,8,6,1,0,0,1,0,0,0,0,5.38288E+20,6.05624E+21,9.59342E+15,5.46521E+16
1821,1822,1,0,58,124,2016,4,8,4,2,5,2,0,1,0,1,0,0,0,0,5.44065E+20,6.01575E+21,9.67692E+15,5.42877E+16
1822,1823,1,0,58,128,2016,4,20,7,3,8,1,2,0,0,1,0,0,0,0,5.60086E+20,5.9897E+21,9.9178E+15,5.4052E+16
1823,1824,1,0,61,49,2016,4,18,1,3,5,3,0,0,1,1,0,0,0,0,5.47671E+20,5.97801E+21,9.72635E+15,5.39483E+16
1824,1825,1,0,56,50,2016,4,14,4,3,2,6,0,0,0,1,0,0,0,0,5.48779E+20,5.93762E+21,9.73686E+15,5.35852E+16
1825,1826,1,0,2,0,2016,5,12,2,3,0,1,0,0,1,0,1,0,0,0,5.70997E+20,6.02041E+21,1.00917E+16,5.43266E+16
1826,1827,1,0,59,173,2016,3,19,3,2,0,1,0,0,1,0,0,0,0,0,5.14273E+20,6.06939E+21,9.22187E+15,5.47715E+16
1827,1828,1,0,51,44,2016,5,12,1,3,5,3,0,0,0,1,0,0,0,0,5.05871E+20,6.0058E+21,9.09E+15,5.42002E+16
1828,1829,1,0,55,1,2016,4,11,7,3,5,3,0,0,0,1,0,0,0,0,6.03005E+20,5.98647E+21,1.05721E+16,5.40163E+16
1829,1830,1,0,56,21,2016,4,13,6,3,2,6,0,0,0,1,0,0,0,0,5.62253E+20,5.95073E+21,9.94298E+15,5.37016E+16
1830,1831,1,0,61,48,2016,5,13,3,2,4,6,0,0,0,1,0,0,0,0,5.31155E+20,5.98623E+21,9.47556E+15,5.40234E+16
1831,1832,1,0,62,61,2016,4,12,2,3,5,3,0,0,0,1,0,0,0,0,5.96952E+20,5.96468E+21,1.04728E+16,5.38216E+16
1832,1833,1,0,59,171,2016,4,16,3,2,2,2,0,0,0,1,0,0,0,0,5.24779E+20,6.05872E+21,9.38426E+15,5.46753E+16
1833,1834,1,0,59,107,2016,5,12,6,3,5,3,0,0,0,1,0,1,0,0,5.23518E+20,6.05241E+21,9.3642E+15,5.46186E+16
1834,1835,1,0,55,46,2016,4,6,1,3,9,1,0,2,0,1,0,0,0,0,6.46567E+20,6.03407E+21,1.12597E+16,5.44332E+16
1835,1836,1,0,54,110,2016,5,7,3,3,6,6,0,0,0,1,1,0,0,0,4.79621E+20,6.08205E+21,8.68233E+15,5.48851E+16
1836,1837,1,0,2,0,2016,4,14,3,3,5,3,0,1,1,1,0,0,0,0,5.69437E+20,6.0202E+21,1.00677E+16,5.43249E+16
1837,1838,1,0,59,183,2016,4,14,6,3,2,6,0,0,0,1,0,0,0,0,5.21201E+20,6.07007E+21,9.3296E+15,5.47774E+16
1838,1839,1,0,56,39,2016,4,17,2,3,2,6,0,0,1,1,0,0,0,0,5.51385E+20,5.94718E+21,9.77779E+15,5.36708E+16
1839,1840,1,0,2,0,2016,4,8,7,3,2,6,0,0,0,1,0,0,0,0,5.73329E+20,6.01697E+21,1.01267E+16,5.42953E+16
1840,1841,1,0,2,0,2016,5,17,7,3,3,6,0,1,0,1,0,0,0,0,5.72711E+20,6.02059E+21,1.01181E+16,5.43279E+16
1841,1842,1,0,60,63,2016,4,9,4,3,2,6,0,0,0,1,0,0,0,1,5.67082E+20,5.95082E+21,1.00161E+16,5.37017E+16
1842,1843,1,0,58,91,2016,5,15,4,3,2,6,0,0,0,1,0,0,0,0,5.61719E+20,5.99617E+21,9.94407E+15,5.411E+16
1843,1844,1,0,59,183,2016,4,19,2,3,8,1,0,2,0,1,0,0,0,0,5.25137E+20,6.06513E+21,9.39037E+15,5.47328E+16
1844,1845,1,0,4,0,2016,4,13,7,2,8,1,0,0,0,1,0,0,0,0,5.6211E+20,5.98874E+21,9.94853E+15,5.40432E+16
1845,1846,1,0,51,4,2016,4,7,6,2,2,6,0,0,0,1,0,0,0,1,5.12347E+20,5.99493E+21,9.18883E+15,5.41024E+16
1846,1847,1,0,4,0,2016,5,13,6,3,3,6,0,0,0,1,0,0,0,0,5.65351E+20,5.99148E+21,9.9986E+15,5.40674E+16
1847,1848,1,0,2,0,2016,3,6,4,3,5,2,1,1,0,1,0,0,1,0,5.74552E+20,6.01455E+21,1.01449E+16,5.42735E+16
1848,1849,1,0,56,15,2016,3,17,2,3,2,6,0,0,0,1,0,0,0,0,5.42816E+20,5.9561E+21,9.64934E+15,5.37518E+16
1849,1850,1,0,2,0,2016,5,18,3,3,4,6,0,0,1,0,0,0,0,0,5.76038E+20,6.02012E+21,1.01691E+16,5.43233E+16
1850,1851,1,0,57,88,2016,4,9,6,3,5,3,0,0,0,1,0,0,0,0,5.85821E+20,6.0322E+21,1.0323E+16,5.44303E+16
1851,1852,1,0,3,0,2016,4,17,3,3,9,7,0,1,0,1,0,0,0,0,6.09514E+20,5.97202E+21,1.06662E+16,5.38851E+16
1852,1853,1,0,4,0,2016,4,11,7,3,2,2,0,1,0,1,0,0,0,0,5.65398E+20,5.99111E+21,9.99923E+15,5.40641E+16
1853,1854,1,0,4,0,2016,5,13,7,3,6,4,0,1,0,1,1,0,0,0,5.64404E+20,5.993E+21,9.98446E+15,5.40811E+16
1854,1855,1,0,54,5,2016,4,12,5,3,5,3,0,0,0,1,0,0,0,0,4.68509E+20,6.06243E+21,8.51125E+15,5.47082E+16
1855,1856,1,0,59,183,2016,5,19,4,3,2,6,0,0,0,1,0,0,0,0,5.21633E+20,6.07002E+21,9.33632E+15,5.47769E+16
1856,1857,1,0,57,9,2016,4,7,2,2,2,6,0,0,0,1,0,0,0,0,5.9485E+20,6.00115E+21,1.04523E+16,5.41497E+16
1857,1858,1,0,55,35,2016,4,14,3,3,2,2,0,1,0,1,0,0,0,0,6.12714E+20,5.98036E+21,1.07179E+16,5.39593E+16
1858,1859,1,0,2,0,2016,4,15,6,3,6,4,0,1,0,1,1,0,0,0,5.69173E+20,6.02025E+21,1.00636E+16,5.43254E+16
1859,1860,1,0,54,167,2016,4,17,7,2,6,4,0,0,0,0,1,1,0,0,4.96714E+20,6.06536E+21,8.94896E+15,5.47355E+16
1860,1861,1,0,59,187,2016,5,12,2,3,5,3,0,0,0,1,0,0,0,1,5.50447E+20,6.05121E+21,9.78099E+15,5.46058E+16
1861,1862,1,0,60,39,2016,5,11,5,3,5,3,0,0,1,1,0,0,0,0,5.64484E+20,5.95879E+21,9.97846E+15,5.37737E+16
1862,1863,1,0,3,0,2016,4,17,5,3,2,6,0,0,0,1,0,0,0,0,6.09227E+20,5.97019E+21,1.06612E+16,5.38687E+16
1863,1864,1,0,3,0,2016,5,13,6,3,3,2,0,0,1,1,0,0,0,0,6.09487E+20,5.96761E+21,1.06642E+16,5.38454E+16
1864,1865,1,0,60,4,2016,4,14,6,3,5,2,0,0,0,1,0,0,0,0,5.58131E+20,5.97455E+21,9.88506E+15,5.39161E+16
1865,1866,1,0,58,150,2016,4,6,3,3,8,7,1,1,0,1,0,0,0,0,5.71101E+20,6.03489E+21,1.00968E+16,5.44567E+16
1866,1867,1,0,56,15,2016,5,9,2,3,2,6,0,0,0,1,0,0,0,0,5.42627E+20,5.95438E+21,9.64623E+15,5.37363E+16
1867,1868,1,0,2,0,2016,4,19,5,3,5,2,0,1,1,1,0,0,0,0,5.69131E+20,6.02026E+21,1.0063E+16,5.43255E+16
1868,1869,1,0,4,0,2016,4,9,6,3,5,3,0,1,1,1,0,0,0,0,5.6449E+20,5.99488E+21,9.98617E+15,5.40981E+16
1869,1870,1,0,3,0,2016,4,15,5,3,5,3,0,0,0,1,0,0,0,1,6.11958E+20,5.96963E+21,1.07025E+16,5.38631E+16
1870,1871,1,0,60,10,2016,5,11,2,3,2,6,0,0,0,1,1,0,0,0,5.86146E+20,5.98501E+21,1.03144E+16,5.40062E+16
1871,1872,1,0,62,48,2016,5,14,7,3,9,1,0,0,0,0,0,1,0,0,6.03333E+20,5.97343E+21,1.05727E+16,5.3899E+16
1872,1873,1,0,60,63,2016,5,10,4,3,5,2,0,0,1,1,0,0,0,0,5.67457E+20,5.95532E+21,1.00228E+16,5.37422E+16
1873,1874,1,0,55,46,2016,4,5,4,3,7,7,1,0,0,0,0,1,0,0,6.43238E+20,6.03679E+21,1.12097E+16,5.44585E+16
1874,1875,1,0,61,47,2016,4,14,4,3,5,3,0,1,0,1,0,0,1,0,5.31406E+20,5.9842E+21,9.47918E+15,5.40052E+16
1875,1876,1,0,1,0,2016,4,9,7,3,5,3,0,0,0,1,0,1,0,0,5.27249E+20,6.07307E+21,9.42391E+15,5.48041E+16