FID,OBJECTID,ULAND,UREGBEZ,UKREIS,UGEMEINDE,UJAHR,UMONAT,USTUNDE,UWOCHENTAG,UKATEGORIE,UART,UTYP1,ULICHTVERH,IstStrasse,IstRad,IstPKW,IstFuss,IstKrad,IstGkfz,IstSonstig,LINREFX,LINREFY,XGCSWGS84,YGCSWGS84
1876,1877,1,0,53,116,2016,4,14,1,3,5,2,0,0,0,1,0,0,0,1,5.9973E+20,5.92862E+21,1.05034E+16,5.34971E+16
1877,1878,1,0,2,0,2016,5,19,7,3,0,7,1,0,1,0,0,0,0,0,5.73624E+20,6.01934E+21,1.01318E+16,5.43166E+16
1878,1879,1,0,56,39,2016,4,10,4,3,2,2,0,0,0,1,0,0,0,1,5.51906E+20,5.94581E+21,9.78545E+15,5.36585E+16
1879,1880,1,0,60,96,2016,5,21,2,3,9,7,2,0,0,1,0,0,0,0,5.93019E+20,5.97541E+21,1.04164E+16,5.39188E+16
1880,1881,1,0,3,0,2016,5,11,5,3,1,1,0,0,0,0,0,1,0,0,6.15597E+20,5.97363E+21,1.07593E+16,5.38982E+16
1881,1882,1,0,60,19,2016,5,10,1,3,2,6,0,0,1,0,0,0,0,0,5.60022E+20,5.95716E+21,9.91045E+15,5.37596E+16
1882,1883,1,0,60,63,2016,5,23,3,3,9,1,2,0,0,1,0,0,0,1,5.65524E+20,5.95595E+21,9.99363E+15,5.3748E+16
1883,1884,1,0,55,46,2016,4,20,2,3,7,7,1,0,0,0,0,1,0,0,6.38985E+20,6.03304E+21,1.11424E+16,5.44261E+16
1884,1885,1,0,53,56,2016,4,18,3,3,9,1,0,2,0,1,0,0,0,0,6.08581E+20,5.9349E+21,1.0639E+16,5.35517E+16
1885,1886,1,0,59,73,2016,5,14,6,2,2,2,0,0,0,1,0,1,0,0,5.40094E+20,6.04363E+21,9.61969E+15,5.45386E+16
1886,1887,1,0,61,44,2016,4,15,1,3,2,6,0,2,0,1,0,0,0,0,5.42535E+20,5.96393E+21,9.64616E+15,5.38222E+16
1887,1888,1,0,59,182,2016,5,17,3,3,2,6,0,0,0,1,0,0,0,0,5.31134E+20,6.06524E+21,9.48351E+15,5.47335E+16
1888,1889,1,0,61,56,2016,4,18,2,3,5,3,0,1,1,1,0,0,0,0,5.31512E+20,5.97042E+21,9.47938E+15,5.38813E+16
1889,1890,1,0,56,39,2016,4,19,5,3,5,3,0,0,0,1,0,0,0,0,5.52843E+20,5.94175E+21,9.79893E+15,5.36219E+16
1890,1891,1,0,58,86,2016,4,17,2,3,8,7,0,0,0,1,0,0,0,0,5.43043E+20,6.00793E+21,9.66011E+15,5.42176E+16
1891,1892,1,0,58,1,2016,4,4,7,3,9,7,2,1,0,1,0,0,0,0,5.66766E+20,6.01814E+21,1.00261E+16,5.43068E+16
1892,1893,1,0,54,126,2016,5,2,7,3,7,7,2,0,0,1,0,0,0,0,4.93378E+20,6.06734E+21,8.89712E+15,5.47532E+16
1893,1894,1,0,62,82,2016,4,12,4,3,5,3,0,0,1,1,0,0,0,0,5.92038E+20,5.94244E+21,1.03916E+16,5.36227E+16
1894,1895,1,0,53,3,2016,5,6,3,3,5,3,0,0,1,0,0,0,0,1,5.888E+20,5.93128E+21,1.03395E+16,5.3523E+16
1895,1896,1,0,2,0,2016,4,16,7,3,6,7,0,0,1,0,1,0,0,0,5.72638E+20,6.01801E+21,1.01163E+16,5.43048E+16
1896,1897,1,0,60,101,2016,5,15,1,3,0,7,0,0,1,0,1,0,0,0,5.8043E+20,5.97604E+21,1.02249E+16,5.39265E+16
1897,1898,1,0,3,0,2016,5,15,5,3,5,3,0,0,1,1,0,0,0,0,6.13282E+20,5.96543E+21,1.07211E+16,5.38251E+16
1898,1899,1,0,57,77,2016,4,16,5,3,6,6,0,1,0,1,1,0,0,0,5.93311E+20,6.01644E+21,1.04335E+16,5.42874E+16
1899,1900,1,0,2,0,2016,5,11,6,3,6,4,0,0,0,0,1,1,0,0,5.73804E+20,6.01809E+21,1.01343E+16,5.43054E+16
1900,1901,1,0,53,7,2016,4,14,6,3,2,6,0,0,0,1,0,0,0,0,5.98977E+20,5.93653E+21,1.04946E+16,5.35683E+16
1901,1902,1,0,51,11,2016,4,16,4,3,2,6,0,0,0,1,0,0,0,0,5.08495E+20,5.97216E+21,9.12929E+15,5.38978E+16
1902,1903,1,0,55,35,2016,5,19,2,3,1,5,0,0,0,1,0,1,0,0,6.13771E+20,5.97889E+21,1.07335E+16,5.39459E+16
1903,1904,1,0,62,76,2016,4,8,6,3,1,6,0,0,0,1,0,0,0,1,5.69999E+20,5.95564E+21,1.00614E+16,5.37447E+16
1904,1905,1,0,55,46,2016,5,14,4,3,5,2,0,0,0,1,0,0,0,0,6.41946E+20,6.03485E+21,1.11889E+16,5.44415E+16
1905,1906,1,0,3,0,2016,4,15,3,3,2,6,0,0,0,1,0,0,0,1,6.06851E+20,5.96942E+21,1.06248E+16,5.38622E+16
1906,1907,1,0,4,0,2016,4,15,3,3,0,7,0,1,1,0,0,0,0,0,5.64636E+20,5.9918E+21,9.98774E+15,5.40704E+16
1907,1908,1,0,1,0,2016,4,17,1,3,1,6,0,0,0,1,0,1,0,0,5.27424E+20,6.07257E+21,9.42658E+15,5.47996E+16
1908,1909,1,0,2,0,2016,3,13,5,3,5,3,0,0,1,1,0,0,0,0,5.73677E+20,6.02365E+21,1.01337E+16,5.43553E+16
1909,1910,1,0,51,81,2016,5,11,6,2,8,1,0,0,0,1,0,0,0,0,5.03554E+20,6.00479E+21,9.05447E+15,5.41912E+16
1910,1911,1,0,62,89,2016,5,7,2,2,2,6,0,0,0,1,0,0,1,0,5.89081E+20,5.95455E+21,1.03504E+16,5.3732E+16
1911,1912,1,0,53,100,2016,5,17,5,3,2,7,0,0,0,1,0,0,0,0,6.1697E+20,5.9515E+21,1.07718E+16,5.36991E+16
1912,1913,1,0,58,43,2016,4,17,5,3,5,2,0,0,0,1,0,0,0,0,5.53528E+20,6.03638E+21,9.82599E+15,5.44723E+16
1913,1914,1,0,2,0,2016,5,10,6,3,5,3,0,0,1,1,0,0,0,0,5.76208E+20,6.01706E+21,1.01709E+16,5.42958E+16
1914,1915,1,0,58,18,2016,4,16,6,2,2,6,0,0,0,1,0,0,0,0,5.66678E+20,6.00996E+21,1.0023E+16,5.42333E+16
1915,1916,1,0,59,120,2016,4,20,5,3,1,6,2,1,0,1,0,0,0,0,5.24916E+20,6.07162E+21,9.3875E+15,5.47912E+16
1916,1917,1,0,59,184,2016,4,17,5,3,1,6,0,0,0,1,0,0,0,0,5.28437E+20,6.06305E+21,9.44142E+15,5.4714E+16
1917,1918,1,0,53,27,2016,5,9,2,3,8,1,0,0,0,1,0,0,1,0,6.02507E+20,5.93488E+21,1.05473E+16,5.35528E+16
1918,1919,1,0,3,0,2016,5,14,7,3,5,3,0,0,1,1,0,0,0,0,6.22122E+20,5.98046E+21,1.08613E+16,5.3958E+16
1919,1920,1,0,59,53,2016,4,14,7,3,5,3,0,0,0,1,0,1,0,0,5.33006E+20,6.02947E+21,9.50856E+15,5.44119E+16
1920,1921,1,0,62,60,2016,5,9,4,3,5,3,0,0,1,1,0,0,0,0,5.83467E+20,5.93203E+21,1.02593E+16,5.35306E+16
1921,1922,1,0,58,107,2016,4,7,4,3,5,3,0,0,1,1,0,0,0,0,5.70231E+20,6.01503E+21,1.00786E+16,5.42783E+16
1922,1923,1,0,62,71,2016,4,18,3,3,5,2,0,1,0,1,0,0,0,0,5.8085E+20,5.94141E+21,1.02222E+16,5.36152E+16
1923,1924,1,0,62,9,2016,4,12,7,3,2,6,0,0,0,1,0,0,0,0,5.80374E+20,5.93845E+21,1.02142E+16,5.35887E+16
1924,1925,1,0,55,7,2016,4,10,1,2,0,7,0,0,0,0,0,1,0,0,5.95723E+20,5.99229E+21,1.04628E+16,5.40699E+16
1925,1926,1,0,62,9,2016,3,16,5,3,4,6,0,0,0,1,0,0,0,1,5.81431E+20,5.93518E+21,1.02294E+16,5.35592E+16
1926,1927,1,0,59,21,2016,5,10,7,3,2,2,0,0,0,1,0,0,0,0,5.52216E+20,6.05533E+21,9.80912E+15,5.46427E+16
1927,1928,1,0,58,72,2016,4,4,4,3,0,1,2,1,0,0,0,1,0,0,5.25315E+20,5.99736E+21,9.38735E+15,5.41237E+16
1928,1929,1,0,61,46,2016,5,20,1,3,9,7,0,0,0,1,0,0,0,0,5.3386E+20,5.97442E+21,9.51553E+15,5.39171E+16
1929,1930,1,0,57,8,2016,5,15,5,3,7,7,0,0,0,0,0,1,0,0,5.70052E+20,5.99168E+21,1.00705E+16,5.40686E+16
1930,1931,1,0,62,21,2016,5,3,1,3,0,1,2,0,1,0,0,0,0,0,5.93E+20,5.94454E+21,1.04068E+16,5.36414E+16
1931,1932,1,0,58,86,2016,5,17,1,3,8,1,0,1,0,1,0,0,0,0,5.44117E+20,6.00911E+21,9.67674E+15,5.42281E+16
1932,1933,1,0,62,1,2016,5,7,3,3,5,2,0,0,1,0,0,0,0,1,5.81707E+20,5.94816E+21,1.02369E+16,5.36758E+16
1933,1934,1,0,53,3,2016,5,11,4,2,4,6,0,0,0,1,0,0,0,0,5.86451E+20,5.93152E+21,1.03041E+16,5.35255E+16
1934,1935,1,0,60,63,2016,4,9,2,3,0,1,0,1,0,0,0,1,0,0,5.64911E+20,5.95704E+21,9.98457E+15,5.3758E+16
1935,1936,1,0,51,81,2016,5,12,5,3,2,6,0,0,0,1,0,0,0,0,5.0124E+20,6.00402E+21,9.019E+15,5.41842E+16
1936,1937,1,0,58,146,2016,4,14,1,3,2,6,0,0,0,1,0,0,1,0,5.49584E+20,6.01661E+21,9.76183E+15,5.4295E+16
1937,1938,1,0,60,63,2016,5,9,2,3,3,6,0,0,1,0,0,0,0,0,5.65327E+20,5.94794E+21,9.98896E+15,5.36761E+16
1938,1939,1,0,60,87,2016,4,16,2,2,8,1,0,0,0,1,0,0,0,0,5.86083E+20,5.98851E+21,1.03145E+16,5.40376E+16
1939,1940,1,0,62,71,2016,4,7,5,3,2,6,0,0,0,1,0,0,0,1,5.81228E+20,5.94143E+21,1.02279E+16,5.36154E+16
1940,1941,1,0,59,176,2016,4,13,2,3,5,2,0,0,0,1,0,0,0,1,5.34606E+20,6.07296E+21,9.53835E+15,5.48027E+16
1941,1942,1,0,53,19,2016,4,12,6,3,7,7,0,0,1,0,0,0,0,0,6.03666E+20,5.91619E+21,1.05586E+16,5.33846E+16
1942,1943,1,0,62,27,2016,5,1,7,3,2,6,2,0,0,1,0,0,0,0,5.88121E+20,5.95258E+21,1.03353E+16,5.37145E+16
1943,1944,1,0,55,4,2016,4,12,2,3,0,7,0,1,0,1,0,1,0,0,6.11438E+20,5.976E+21,1.06969E+16,5.39204E+16
1944,1945,1,0,55,28,2016,4,7,4,2,4,6,0,0,0,1,0,0,0,0,5.99728E+20,6.0039E+21,1.05278E+16,5.41735E+16
1945,1946,1,0,3,0,2016,5,13,3,3,2,1,0,1,0,1,0,0,1,0,6.10968E+20,5.96829E+21,1.0687E+16,5.38512E+16
1946,1947,1,0,1,0,2016,4,12,7,3,3,6,0,1,0,0,0,1,0,1,5.28169E+20,6.07105E+21,9.43803E+15,5.47858E+16
1947,1948,1,0,62,56,2016,3,20,3,2,2,6,2,1,1,0,0,0,0,1,5.90571E+20,5.95969E+21,1.03744E+16,5.37779E+16
1948,1949,1,0,53,30,2016,5,16,1,3,5,3,0,0,0,1,0,0,0,1,6.13137E+20,5.94643E+21,1.07119E+16,5.36544E+16
1949,1950,1,0,58,34,2016,5,9,5,3,4,6,0,0,1,0,0,0,0,0,5.44308E+20,6.01893E+21,9.68112E+15,5.43163E+16
1950,1951,1,0,59,53,2016,4,10,5,2,8,1,0,0,0,1,0,0,0,0,5.33268E+20,6.02537E+21,9.51214E+15,5.4375E+16
1951,1952,1,0,2,0,2016,4,13,2,3,2,6,0,0,0,1,0,0,0,0,5.74737E+20,6.02107E+21,1.01494E+16,5.4332E+16
1952,1953,1,0,54,24,2016,5,11,6,3,5,3,0,0,0,1,0,0,0,0,5.02275E+20,6.0499E+21,9.03521E+15,5.45966E+16
1953,1954,1,0,60,68,2016,4,10,4,3,5,3,0,0,0,1,0,0,0,0,5.77853E+20,5.98269E+21,1.01873E+16,5.39867E+16
1954,1955,1,0,58,92,2016,5,17,2,3,2,6,0,0,0,1,0,0,0,0,5.71142E+20,6.02068E+21,1.0094E+16,5.4329E+16
1955,1956,1,0,59,14,2016,4,15,1,3,2,6,0,0,0,1,0,1,0,0,5.46891E+20,6.0541E+21,9.72642E+15,5.46321E+16
1956,1957,1,0,62,6,2016,4,16,6,3,5,3,0,0,0,1,0,0,0,0,5.8306E+20,5.95321E+21,1.02588E+16,5.3721E+16
1957,1958,1,0,58,170,2016,4,17,6,2,5,3,0,0,0,1,0,0,0,0,5.68903E+20,6.00398E+21,1.00557E+16,5.41793E+16
1958,1959,1,0,4,0,2016,5,16,4,3,0,3,0,0,0,1,0,1,0,0,5.63954E+20,5.9939E+21,9.97777E+15,5.40893E+16
1959,1960,1,0,58,18,2016,4,14,3,3,0,7,0,0,1,0,1,0,0,0,5.64279E+20,6.00946E+21,9.98605E+15,5.42291E+16
1960,1961,1,0,54,101,2016,4,11,3,3,9,1,0,2,0,1,0,0,0,0,5.17518E+20,6.04048E+21,9.27057E+15,5.45116E+16
1961,1962,1,0,55,27,2016,3,22,1,3,5,3,2,0,0,1,0,0,0,0,6.22795E+20,6.00959E+21,1.08833E+16,5.42196E+16
1962,1963,1,0,56,47,2016,4,11,7,3,4,6,0,0,0,1,0,0,0,0,5.5696E+20,5.94955E+21,9.86261E+15,5.36915E+16
1963,1964,1,0,51,48,2016,3,14,5,3,3,6,0,0,0,1,0,0,1,0,5.0555E+20,6.00238E+21,9.08502E+15,5.41695E+16
1964,1965,1,0,53,49,2016,5,12,6,2,8,1,0,0,0,1,0,0,0,0,5.96469E+20,5.93962E+21,1.04577E+16,5.35965E+16
1965,1966,1,0,3,0,2016,3,8,4,3,0,7,0,1,1,0,0,0,0,0,6.10096E+20,5.96998E+21,1.06743E+16,5.38666E+16
1966,1967,1,0,60,63,2016,3,19,2,3,2,6,0,0,0,1,0,0,0,0,5.68522E+20,5.9494E+21,1.00376E+16,5.36888E+16
1967,1968,1,0,55,12,2016,5,14,3,3,2,6,0,0,0,1,0,0,0,0,6.06249E+20,5.99903E+21,1.0626E+16,5.41284E+16
1968,1969,1,0,62,4,2016,4,7,6,3,5,3,0,0,0,1,0,1,0,0,5.89738E+20,5.96344E+21,1.03629E+16,5.38118E+16
1969,1970,1,0,56,2,2016,5,14,4,3,2,6,0,0,0,1,0,0,0,0,5.51869E+20,5.95983E+21,9.78724E+15,5.37844E+16
1970,1971,1,0,55,44,2016,5,0,1,2,2,6,2,0,0,1,0,1,0,0,6.13503E+20,5.99074E+21,1.07338E+16,5.40524E+16
1971,1972,1,0,59,183,2016,5,11,1,3,3,1,0,1,0,1,0,0,0,0,5.24878E+20,6.06556E+21,9.38638E+15,5.47367E+16
1972,1973,1,0,58,43,2016,5,11,4,3,5,3,0,0,1,1,0,0,0,0,5.54106E+20,6.0344E+21,9.83454E+15,5.44544E+16
1973,1974,1,0,3,0,2016,4,18,2,3,3,6,0,1,0,1,0,0,0,0,6.12588E+20,5.97024E+21,1.07123E+16,5.38684E+16
1974,1975,1,0,56,39,2016,4,18,3,3,5,3,0,1,1,1,0,0,0,0,5.52422E+20,5.94638E+21,9.79336E+15,5.36635E+16
1975,1976,1,0,56,49,2016,5,19,5,3,0,7,0,0,1,0,0,0,0,0,5.44882E+20,5.9482E+21,9.67952E+15,5.36806E+16
1976,1977,1,0,58,129,2016,4,9,6,3,8,1,0,0,0,1,0,0,0,0,5.30412E+20,6.00832E+21,9.46645E+15,5.4222E+16
1977,1978,1,0,3,0,2016,4,7,7,3,2,6,0,0,0,1,0,0,0,1,6.12329E+20,5.97203E+21,1.0709E+16,5.38845E+16
1978,1979,1,0,2,0,2016,5,16,2,3,5,3,0,0,1,1,0,0,0,0,5.74349E+20,6.02003E+21,1.01431E+16,5.43227E+16
1979,1980,1,0,57,33,2016,4,8,5,3,2,6,0,0,0,1,0,0,0,1,5.74914E+20,6.00783E+21,1.01488E+16,5.4213E+16
1980,1981,1,0,51,15,2016,4,17,5,3,5,2,0,0,0,1,0,0,0,1,5.19805E+20,6.00163E+21,9.30332E+15,5.41624E+16
1981,1982,1,0,56,41,2016,3,15,4,2,8,7,0,0,0,1,0,0,0,0,5.58407E+20,5.95592E+21,9.88571E+15,5.37486E+16
1982,1983,1,0,55,35,2016,3,14,2,3,5,3,0,1,0,1,0,0,0,0,6.1489E+20,5.97949E+21,1.07507E+16,5.3951E+16
1983,1984,1,0,1,0,2016,4,14,4,3,2,6,0,1,0,1,0,0,0,0,5.28138E+20,6.07116E+21,9.43755E+15,5.47868E+16
1984,1985,1,0,3,0,2016,5,14,1,3,0,1,0,0,1,0,0,0,0,0,6.22135E+20,5.98345E+21,1.08627E+16,5.3985E+16
1985,1986,1,0,54,68,2016,5,19,5,2,2,6,0,0,0,1,0,0,0,1,4.92602E+20,6.07388E+21,8.88488E+15,5.4812E+16
1986,1987,1,0,58,34,2016,5,12,1,3,5,2,0,0,1,1,0,0,0,0,5.44406E+20,6.01898E+21,9.68264E+15,5.43168E+16
1987,1988,1,0,59,75,2016,5,16,1,3,5,3,0,1,0,1,0,0,0,0,5.35732E+20,6.03922E+21,9.55175E+15,5.44993E+16
1988,1989,1,0,3,0,2016,5,15,4,3,5,3,0,0,1,1,0,0,0,0,6.18477E+20,5.97545E+21,1.08038E+16,5.39139E+16
1989,1990,1,0,62,1,2016,4,16,2,3,2,6,0,1,0,1,0,0,0,0,5.82257E+20,5.94806E+21,1.02452E+16,5.36748E+16
1990,1991,1,0,58,139,2016,4,22,4,3,2,6,2,1,0,1,0,0,0,0,5.67451E+20,6.01266E+21,1.00354E+16,5.42575E+16
1991,1992,1,0,60,39,2016,5,15,5,3,4,6,0,0,1,0,0,0,0,0,5.65587E+20,5.95999E+21,9.99545E+15,5.37844E+16
1992,1993,1,0,61,97,2016,4,12,7,3,2,6,0,0,0,1,0,0,0,0,5.31527E+20,5.98875E+21,9.4815E+15,5.40461E+16
1993,1994,1,0,62,71,2016,5,21,2,3,5,2,1,0,0,1,0,0,0,0,5.81378E+20,5.94144E+21,1.02302E+16,5.36155E+16
1994,1995,1,0,3,0,2016,4,9,2,3,8,7,0,0,0,1,0,0,0,0,6.10943E+20,5.96122E+21,1.0684E+16,5.37877E+16
1995,1996,1,0,55,32,2016,4,15,5,3,2,6,0,0,0,1,0,0,0,0,6.179E+20,5.99663E+21,1.08032E+16,5.41043E+16
1996,1997,1,0,62,27,2016,4,17,2,3,3,6,0,0,0,1,0,0,1,0,5.87891E+20,5.95285E+21,1.03318E+16,5.37169E+16
1997,1998,1,0,51,132,2016,5,14,6,2,4,6,0,0,0,1,0,0,0,1,4.91972E+20,6.00003E+21,8.87709E+15,5.41483E+16
1998,1999,1,0,54,95,2016,4,7,2,3,4,2,0,1,0,1,0,0,1,0,4.97707E+20,6.02144E+21,8.96474E+15,5.43408E+16
1999,2000,1,0,2,0,2016,4,12,4,3,5,3,0,0,0,1,0,0,0,0,5.74008E+20,6.01784E+21,1.01373E+16,5.43031E+16
2000,2001,1,0,4,0,2016,5,19,3,3,6,4,0,0,0,1,1,0,0,0,5.64074E+20,5.9927E+21,9.97935E+15,5.40785E+16
2001,2002,1,0,61,29,2016,4,10,6,3,5,3,0,1,1,1,0,0,0,0,5.28338E+20,5.95984E+21,9.43011E+15,5.37864E+16
2002,2003,1,0,61,46,2016,4,22,5,2,9,1,2,0,0,0,0,1,0,0,5.34276E+20,5.97323E+21,9.52173E+15,5.39063E+16
2003,2004,1,0,53,100,2016,3,10,3,3,6,4,0,0,0,1,1,0,0,0,6.17175E+20,5.95152E+21,1.07749E+16,5.36992E+16
2004,2005,1,0,58,76,2016,5,14,1,3,2,6,0,0,0,1,0,0,0,0,5.63327E+20,6.00438E+21,9.97038E+15,5.41836E+16
2005,2006,1,0,2,0,2016,5,12,5,3,0,2,0,0,1,1,0,0,0,0,5.73019E+20,6.02127E+21,1.0123E+16,5.43341E+16
2006,2007,1,0,51,138,2016,4,17,5,3,8,1,0,0,0,1,0,0,0,0,5.16678E+20,5.99774E+21,9.25522E+15,5.41275E+16
2007,2008,1,0,59,10,2016,4,17,2,2,8,1,0,0,0,0,0,1,0,0,5.29333E+20,6.04915E+21,9.45392E+15,5.4589E+16
2008,2009,1,0,60,96,2016,5,15,6,3,2,6,0,0,0,1,0,0,0,0,5.88996E+20,5.97541E+21,1.03551E+16,5.39195E+16
2009,2010,1,0,62,60,2016,4,14,4,1,4,1,0,0,0,1,0,0,1,0,5.81821E+20,5.93279E+21,1.02346E+16,5.35376E+16
2010,2011,1,0,2,0,2016,5,16,2,3,5,2,0,0,1,1,0,0,0,0,5.73312E+20,6.02014E+21,1.01272E+16,5.43239E+16
2011,2012,1,0,61,46,2016,4,14,7,3,2,6,0,0,0,1,0,0,0,0,5.33548E+20,5.97569E+21,9.51092E+15,5.39286E+16
2012,2013,1,0,57,57,2016,4,10,6,3,2,6,0,0,0,1,0,0,0,0,5.94083E+20,6.00195E+21,1.04408E+16,5.4157E+16
2013,2014,1,0,59,45,2016,5,16,4,3,2,6,0,0,0,1,0,0,0,0,5.6018E+20,6.05928E+21,9.93331E+15,5.46773E+16
2014,2015,1,0,59,8,2016,4,21,3,3,5,2,2,0,1,1,0,0,0,0,5.37739E+20,6.05056E+21,9.58419E+15,5.46011E+16
2015,2016,1,0,3,0,2016,3,12,1,3,1,5,0,1,1,1,0,0,0,0,6.10866E+20,5.9679E+21,1.06853E+16,5.38478E+16
2016,2017,1,0,60,39,2016,3,15,4,3,4,6,0,1,0,1,0,0,0,0,5.64373E+20,5.95961E+21,9.97694E+15,5.37811E+16
2017,2018,1,0,58,116,2016,5,14,6,2,8,7,0,0,0,1,0,0,0,0,5.63351E+20,6.03503E+21,9.97726E+15,5.4459E+16
2018,2019,1,0,2,0,2016,3,15,4,3,2,6,0,0,0,1,0,0,0,0,5.71568E+20,6.01941E+21,1.01002E+16,5.43175E+16
2019,2020,1,0,58,69,2016,3,16,2,3,8,1,0,1,0,1,0,0,0,0,5.53587E+20,6.02964E+21,9.82568E+15,5.44117E+16
2020,2021,1,0,57,41,2016,5,19,3,3,8,1,0,0,1,0,0,0,0,0,5.90661E+20,6.02664E+21,1.03959E+16,5.43795E+16
2021,2022,1,0,55,44,2016,4,10,6,3,5,3,0,0,1,1,0,0,0,0,6.10359E+20,5.9872E+21,1.06845E+16,5.40213E+16
2022,2023,1,0,1,0,2016,4,11,3,2,6,7,0,0,0,1,1,0,0,0,5.28468E+20,6.07011E+21,9.44259E+15,5.47774E+16
2023,2024,1,0,62,89,2016,4,18,7,3,9,1,0,1,0,1,0,0,0,0,5.89313E+20,5.95396E+21,1.03537E+16,5.37267E+16
2024,2025,1,0,53,41,2016,5,22,7,3,5,3,2,1,1,1,0,0,0,0,6.13496E+20,5.96509E+21,1.07242E+16,5.38219E+16
2025,2026,1,0,4,0,2016,5,15,4,2,6,4,0,0,0,1,1,0,0,0,5.64622E+20,5.99138E+21,9.98744E+15,5.40666E+16
2026,2027,1,0,4,0,2016,4,7,2,3,3,6,0,1,0,1,0,0,0,0,5.65284E+20,5.99229E+21,9.99774E+15,5.40747E+16
2027,2028,1,0,62,9,2016,4,15,3,3,5,3,0,0,0,1,0,0,1,0,5.82545E+20,5.93826E+21,1.0247E+16,5.35867E+16
2028,2029,1,0,3,0,2016,5,18,5,3,5,3,0,0,0,1,0,1,0,0,6.10333E+20,5.97117E+21,1.06783E+16,5.38772E+16
2029,2030,1,0,57,7,2016,4,15,6,3,5,3,0,0,0,1,0,0,0,0,6.09236E+20,6.01762E+21,1.06784E+16,5.42948E+16
2030,2031,1,0,4,0,2016,4,14,7,3,2,6,0,0,0,1,0,0,0,0,5.66548E+20,5.98947E+21,1.00164E+16,5.40492E+16
2031,2032,1,0,59,182,2016,5,9,2,2,8,1,0,0,0,0,0,0,1,0,5.31984E+20,6.06386E+21,9.49656E+15,5.4721E+16
2032,2033,1,0,51,34,2016,5,13,5,2,8,1,0,0,0,0,0,1,0,0,4.95632E+20,5.98353E+21,8.93336E+15,5.4E+16
2033,2034,1,0,62,27,2016,4,18,5,3,2,2,0,0,0,1,0,0,0,0,5.8855E+20,5.95288E+21,1.03418E+16,5.37171E+16
2034,2035,1,0,53,129,2016,5,12,6,3,0,1,0,0,1,0,0,0,0,0,5.84143E+20,5.92839E+21,1.02685E+16,5.34977E+16
2035,2036,1,0,58,80,2016,4,17,1,2,4,1,0,0,0,1,0,1,0,0,5.57833E+20,6.03066E+21,9.89129E+15,5.44204E+16
2036,2037,1,0,51,44,2016,4,12,6,3,5,3,0,0,0,1,0,0,0,0,5.06984E+20,6.00538E+21,9.10705E+15,5.41964E+16
2037,2038,1,0,58,135,2016,4,8,3,3,5,3,0,0,1,1,0,0,0,0,5.42179E+20,6.01811E+21,9.64829E+15,5.43091E+16
2038,2039,1,0,56,41,2016,5,15,3,3,3,6,0,0,0,1,0,0,0,0,5.62545E+20,5.95555E+21,9.94838E+15,5.37448E+16
2039,2040,1,0,58,150,2016,4,12,5,3,8,1,0,0,0,0,0,1,0,0,5.70416E+20,6.03664E+21,1.00866E+16,5.44726E+16
2040,2041,1,0,3,0,2016,4,17,6,3,4,2,0,1,0,1,0,0,0,1,6.07756E+20,5.96861E+21,1.06383E+16,5.38548E+16
2041,2042,1,0,3,0,2016,4,10,5,3,2,6,0,0,0,1,0,0,0,0,6.09406E+20,5.96755E+21,1.0663E+16,5.38449E+16
2042,2043,1,0,60,11,2016,5,11,7,3,5,3,0,0,0,1,0,0,0,0,5.67679E+20,5.985E+21,1.00327E+16,5.40089E+16
2043,2044,1,0,51,74,2016,5,22,7,3,8,1,2,0,0,0,0,1,0,0,5.0342E+20,5.99397E+21,9.05229E+15,5.40939E+16
2044,2045,1,0,61,84,2016,5,14,4,3,5,2,0,0,0,1,0,0,0,1,5.38773E+20,5.98592E+21,9.5918E+15,5.40201E+16
2045,2046,1,0,59,97,2016,4,14,4,3,2,6,0,1,0,1,0,0,0,1,5.44116E+20,6.05088E+21,9.68294E+15,5.46035E+16
2046,2047,1,0,57,8,2016,4,14,7,2,5,2,0,0,0,1,0,1,0,0,5.71147E+20,5.99471E+21,1.00879E+16,5.40957E+16
2047,2048,1,0,56,39,2016,4,13,1,3,2,6,0,0,0,1,0,0,0,0,5.524E+20,5.9446E+21,9.79272E+15,5.36476E+16
2048,2049,1,0,4,0,2016,5,10,7,3,0,7,0,0,0,0,0,0,0,1,5.64951E+20,5.99181E+21,9.99255E+15,5.40704E+16
2049,2050,1,0,58,26,2016,4,23,1,3,8,1,2,1,0,1,0,0,0,0,5.53852E+20,6.02186E+21,9.82836E+15,5.43417E+16
2050,2051,1,0,62,60,2016,5,14,6,3,2,6,0,0,0,1,0,0,0,0,5.83294E+20,5.9307E+21,1.02563E+16,5.35186E+16
2051,2052,1,0,56,2,2016,4,16,1,3,2,6,0,0,0,1,0,1,0,0,5.50504E+20,5.95862E+21,9.76633E+15,5.37737E+16
2052,2053,1,0,53,116,2016,4,16,3,3,2,6,0,0,0,1,0,0,0,1,5.97587E+20,5.92906E+21,1.04713E+16,5.35015E+16
2053,2054,1,0,2,0,2016,5,8,3,3,3,6,0,0,0,1,0,0,0,1,5.73755E+20,6.02375E+21,1.01349E+16,5.43562E+16
2054,2055,1,0,62,60,2016,4,16,5,3,2,6,0,0,0,1,1,0,0,0,5.82448E+20,5.92984E+21,1.02433E+16,5.35111E+16
2055,2056,1,0,53,32,2016,4,16,6,3,0,1,0,1,1,0,0,0,0,0,5.91147E+20,5.92249E+21,1.03723E+16,5.34435E+16
2056,2057,1,0,62,71,2016,4,10,5,3,2,6,0,0,0,1,0,1,0,0,5.80212E+20,5.94028E+21,1.02123E+16,5.36052E+16
2057,2058,1,0,3,0,2016,3,0,3,2,5,2,2,0,0,1,0,1,0,0,6.10245E+20,5.97092E+21,1.06769E+16,5.3875E+16
2058,2059,1,0,62,69,2016,5,11,1,3,2,6,0,0,0,1,0,0,0,0,5.83516E+20,5.944E+21,1.02632E+16,5.36381E+16
2059,2060,1,0,54,84,2016,5,7,5,3,0,7,0,0,1,0,0,0,0,0,5.06389E+20,6.03634E+21,9.0986E+15,5.44747E+16
2060,2061,1,0,53,30,2016,4,17,4,2,8,1,0,1,0,1,0,0,0,0,6.13943E+20,5.94849E+21,1.07249E+16,5.36727E+16