FID,OBJECTID,ULAND,UREGBEZ,UKREIS,UGEMEINDE,UJAHR,UMONAT,USTUNDE,UWOCHENTAG,UKATEGORIE,UART,UTYP1,ULICHTVERH,IstStrasse,IstRad,IstPKW,IstFuss,IstKrad,IstGkfz,IstSonstig,LINREFX,LINREFY,XGCSWGS84,YGCSWGS84
2061,2062,1,0,55,1,2016,4,14,7,3,2,6,0,0,0,1,0,0,0,0,5.97521E+20,5.98438E+21,1.04877E+16,5.39985E+16
2062,2063,1,0,62,48,2016,4,17,2,3,9,1,0,0,0,1,0,0,0,0,6.02543E+20,5.97443E+21,1.0561E+16,5.39081E+16
2063,2064,1,0,54,118,2016,5,11,2,3,5,3,0,0,0,1,0,0,0,0,5.09061E+20,6.03908E+21,9.1399E+15,5.44992E+16
2064,2065,1,0,60,50,2016,4,8,7,2,8,1,0,0,0,1,0,0,0,0,5.87888E+20,5.98385E+21,1.03407E+16,5.39955E+16
2065,2066,1,0,59,171,2016,4,4,6,3,9,1,2,0,0,1,0,0,0,0,5.24775E+20,6.05966E+21,9.38429E+15,5.46837E+16
2066,2067,1,0,1,0,2016,5,17,4,3,6,4,0,0,0,1,1,0,0,0,5.27996E+20,6.07135E+21,9.43536E+15,5.47886E+16
2067,2068,1,0,51,44,2016,4,19,2,3,5,3,0,0,1,1,0,0,0,0,5.05906E+20,6.00545E+21,9.09053E+15,5.4197E+16
2068,2069,1,0,2,0,2016,5,14,6,3,8,1,0,0,0,1,0,0,0,0,5.7835E+20,6.02151E+21,1.0205E+16,5.43354E+16
2069,2070,1,0,2,0,2016,5,15,3,3,3,2,0,0,0,1,0,1,0,0,5.71643E+20,6.01961E+21,1.01014E+16,5.43193E+16
2070,2071,1,0,54,109,2016,4,16,6,3,5,2,0,0,0,1,0,0,0,0,4.90953E+20,6.06939E+21,8.85938E+15,5.47716E+16
2071,2072,1,0,56,48,2016,4,19,3,3,3,6,0,0,0,1,0,0,1,0,5.50909E+20,5.95103E+21,9.77122E+15,5.37055E+16
2072,2073,1,0,2,0,2016,4,15,7,3,5,3,0,1,0,1,0,0,0,0,5.73496E+20,6.01786E+21,1.01295E+16,5.43033E+16
2073,2074,1,0,58,77,2016,5,15,7,3,2,2,0,1,0,1,0,1,0,0,5.42593E+20,5.99249E+21,9.65102E+15,5.40788E+16
2074,2075,1,0,62,8,2016,4,17,5,2,2,6,0,0,0,1,0,0,0,1,5.95638E+20,5.96265E+21,1.04522E+16,5.38036E+16
2075,2076,1,0,59,176,2016,5,16,4,3,8,1,0,0,1,0,0,0,0,0,5.35196E+20,6.07446E+21,9.5477E+15,5.48161E+16
2076,2077,1,0,2,0,2016,4,8,2,3,3,2,0,0,1,1,0,0,0,0,5.7353E+20,6.02349E+21,1.01314E+16,5.4354E+16
2077,2078,1,0,62,23,2016,4,13,7,3,5,3,0,0,0,1,0,0,0,1,5.83063E+20,5.94661E+21,1.0257E+16,5.36617E+16
2078,2079,1,0,54,76,2016,4,13,6,3,5,2,0,1,1,1,0,0,0,0,4.98603E+20,6.06881E+21,8.97829E+15,5.47665E+16
2079,2080,1,0,59,121,2016,4,20,7,3,9,7,1,0,0,1,0,0,0,0,5.60931E+20,6.06254E+21,9.94564E+15,5.47065E+16
2080,2081,1,0,59,75,2016,5,17,2,2,5,2,0,0,0,1,0,0,0,0,5.3405E+20,6.04276E+21,9.52617E+15,5.45312E+16
2081,2082,1,0,56,43,2016,5,14,5,3,5,2,0,0,0,1,0,1,0,0,5.5589E+20,5.94517E+21,9.84561E+15,5.36523E+16
2082,2083,1,0,55,37,2016,4,10,5,3,1,7,0,1,0,0,0,1,0,1,6.2344E+20,5.99928E+21,1.0889E+16,5.41268E+16
2083,2084,1,0,58,66,2016,5,14,6,3,8,1,0,0,0,1,0,0,0,0,5.51141E+20,6.0296E+21,9.78799E+15,5.44115E+16
2084,2085,1,0,60,7,2016,4,12,6,3,2,2,0,0,0,1,0,0,0,0,5.74806E+20,5.97519E+21,1.0139E+16,5.39197E+16
2085,2086,1,0,57,48,2016,4,14,3,3,2,6,0,0,0,1,1,0,0,0,6.03093E+20,6.01766E+21,1.05841E+16,5.42964E+16
2086,2087,1,0,60,54,2016,5,20,2,3,0,6,0,0,1,0,0,0,0,0,5.58073E+20,5.97261E+21,9.88381E+15,5.38987E+16
2087,2088,1,0,1,0,2016,4,23,5,3,5,2,2,1,0,1,0,0,0,0,5.29228E+20,6.07266E+21,9.45465E+15,5.48002E+16
2088,2089,1,0,58,159,2016,4,16,6,3,8,7,0,1,0,0,0,0,0,1,5.45111E+20,5.99598E+21,9.69003E+15,5.411E+16
2089,2090,1,0,2,0,2016,4,15,5,3,5,3,0,0,1,1,0,0,0,0,5.72726E+20,6.01807E+21,1.01177E+16,5.43053E+16
2090,2091,1,0,53,11,2016,5,5,2,2,0,1,1,0,0,0,0,1,0,0,6.06519E+20,5.95986E+21,1.06164E+16,5.37765E+16
2091,2092,1,0,55,28,2016,5,10,7,2,5,3,0,0,0,1,0,0,0,0,6.0212E+20,6.00467E+21,1.05647E+16,5.41799E+16
2092,2093,1,0,2,0,2016,4,15,7,3,2,6,0,0,1,0,0,0,0,0,5.73527E+20,6.01911E+21,1.01303E+16,5.43146E+16
2093,2094,1,0,60,44,2016,5,7,4,3,0,7,0,0,1,0,0,0,0,1,5.62738E+20,5.96562E+21,9.95337E+15,5.38353E+16
2094,2095,1,0,3,0,2016,4,8,4,3,6,2,0,1,0,1,1,0,0,0,6.22123E+20,5.98045E+21,1.08613E+16,5.3958E+16
2095,2096,1,0,56,42,2016,4,16,3,3,2,2,0,1,0,1,0,0,0,0,5.40329E+20,5.95527E+21,9.61151E+15,5.37445E+16
2096,2097,1,0,54,56,2016,4,10,7,3,5,3,0,0,0,1,0,0,0,0,5.04218E+20,6.03659E+21,9.06509E+15,5.44769E+16
2097,2098,1,0,62,27,2016,4,16,1,3,0,1,0,0,1,0,0,0,0,0,5.86578E+20,5.95248E+21,1.03119E+16,5.37138E+16
2098,2099,1,0,59,58,2016,5,16,7,3,0,1,0,0,1,0,0,0,0,0,5.2583E+20,6.0193E+21,9.39711E+15,5.43209E+16
2099,2100,1,0,62,1,2016,4,10,4,3,5,3,0,0,0,1,0,0,0,0,5.823E+20,5.94725E+21,1.02457E+16,5.36675E+16
2100,2101,1,0,55,35,2016,5,15,2,3,2,7,0,0,0,1,0,0,0,0,6.13524E+20,5.97713E+21,1.07291E+16,5.39301E+16
2101,2102,1,0,58,173,2016,5,10,5,3,1,6,0,0,0,1,0,0,0,0,5.48806E+20,6.03844E+21,9.75347E+15,5.44912E+16
2102,2103,1,0,62,1,2016,5,17,1,3,2,6,0,0,1,1,0,0,0,0,5.79231E+20,5.94449E+21,1.01985E+16,5.36432E+16
2103,2104,1,0,60,5,2016,5,19,3,2,0,7,0,0,1,0,0,0,0,0,5.85275E+20,5.97719E+21,1.0299E+16,5.39361E+16
2104,2105,1,0,58,77,2016,4,19,2,2,8,1,0,0,0,0,0,1,0,0,5.42521E+20,5.99492E+21,9.65025E+15,5.41007E+16
2105,2106,1,0,51,13,2016,4,8,2,3,5,3,0,1,0,1,0,0,0,0,4.90786E+20,5.99858E+21,8.85898E+15,5.41353E+16
2106,2107,1,0,61,12,2016,5,17,5,2,5,2,0,0,0,1,0,1,0,0,5.42748E+20,5.95141E+21,9.64765E+15,5.37096E+16
2107,2108,1,0,58,25,2016,4,6,1,3,9,1,0,2,0,1,0,0,0,0,5.2057E+20,5.99137E+21,9.31434E+15,5.40702E+16
2108,2109,1,0,56,9,2016,5,12,2,3,0,6,0,0,0,0,0,1,0,0,5.52972E+20,5.94833E+21,9.80201E+15,5.3681E+16
2109,2110,1,0,56,15,2016,4,11,2,3,2,6,0,0,0,1,0,0,0,0,5.44681E+20,5.95756E+21,9.67783E+15,5.37647E+16
2110,2111,1,0,56,44,2016,4,10,5,3,5,2,0,0,1,0,0,0,0,1,5.55731E+20,5.93932E+21,9.84217E+15,5.35997E+16
2111,2112,1,0,58,80,2016,4,7,2,3,8,6,0,1,0,1,0,0,0,1,5.56984E+20,6.02966E+21,9.87802E+15,5.44115E+16
2112,2113,1,0,61,17,2016,4,17,6,3,2,6,0,0,0,1,0,0,0,0,5.33563E+20,5.97259E+21,9.51081E+15,5.39006E+16
2113,2114,1,0,58,38,2016,5,6,7,3,9,7,0,0,0,1,0,0,0,0,5.62457E+20,6.00368E+21,9.95691E+15,5.41774E+16
2114,2115,1,0,56,43,2016,4,16,4,2,5,2,0,0,1,0,0,0,1,0,5.53733E+20,5.94566E+21,9.81307E+15,5.3657E+16
2115,2116,1,0,2,0,2016,5,19,2,2,5,3,0,0,1,1,0,0,0,0,5.74379E+20,6.02046E+21,1.01437E+16,5.43266E+16
2116,2117,1,0,60,34,2016,5,13,1,2,8,1,0,0,0,0,0,1,0,0,5.68028E+20,5.97572E+21,1.0036E+16,5.39254E+16
2117,2118,1,0,55,4,2016,4,16,7,3,4,2,0,0,0,1,0,0,0,0,6.11438E+20,5.976E+21,1.06969E+16,5.39204E+16
2118,2119,1,0,51,128,2016,3,13,5,3,2,6,0,0,0,1,0,0,0,0,4.9659E+20,6.00473E+21,8.94774E+15,5.41906E+16
2119,2120,1,0,60,59,2016,5,16,3,3,8,6,0,0,0,0,0,1,0,1,5.82604E+20,5.98245E+21,1.02597E+16,5.39837E+16
2120,2121,1,0,62,61,2016,4,10,2,3,5,3,0,0,0,1,0,0,0,0,5.98066E+20,5.96503E+21,1.04898E+16,5.38245E+16
2121,2122,1,0,56,15,2016,4,0,3,3,9,1,2,2,0,1,0,0,0,0,5.47107E+20,5.95498E+21,9.71424E+15,5.37414E+16
2122,2123,1,0,59,126,2016,5,16,6,3,9,7,0,0,0,0,0,1,0,0,5.34057E+20,6.06516E+21,9.52889E+15,5.47325E+16
2123,2124,1,0,2,0,2016,4,14,1,3,8,7,0,0,0,0,0,0,0,1,5.77052E+20,6.01709E+21,1.01839E+16,5.42959E+16
2124,2125,1,0,54,154,2016,5,18,3,2,5,2,0,0,1,1,0,0,0,0,5.00094E+20,6.07791E+21,9.00146E+15,5.48483E+16
2125,2126,1,0,54,168,2016,4,16,3,3,5,3,0,1,1,1,0,0,0,0,4.55714E+20,6.0843E+21,8.30934E+15,5.49038E+16
2126,2127,1,0,51,82,2016,4,18,5,3,2,6,0,0,0,1,0,0,0,0,5.14009E+20,6.0021E+21,9.21457E+15,5.41668E+16
2127,2128,1,0,55,44,2016,4,12,2,3,5,3,0,0,0,0,0,0,1,1,6.10016E+20,5.98954E+21,1.06802E+16,5.40423E+16
2128,2129,1,0,54,42,2016,4,20,7,3,0,1,0,0,1,0,0,0,0,0,5.01919E+20,6.04171E+21,9.02965E+15,5.45229E+16
2129,2130,1,0,54,106,2016,5,12,7,2,2,6,0,0,0,1,0,0,0,1,5.08403E+20,6.03546E+21,9.12965E+15,5.44667E+16
2130,2131,1,0,60,63,2016,4,8,4,3,5,2,0,0,0,1,0,1,0,0,5.65209E+20,5.94778E+21,9.98714E+15,5.36747E+16
2131,2132,1,0,61,42,2016,5,17,3,3,2,6,0,0,0,1,0,0,0,0,5.37212E+20,5.98004E+21,9.56725E+15,5.39674E+16
2132,2133,1,0,51,137,2016,4,14,1,3,2,6,0,1,0,1,0,0,0,0,5.04027E+20,5.9944E+21,9.06158E+15,5.40977E+16
2133,2134,1,0,2,0,2016,4,14,7,3,2,6,0,0,0,1,0,0,0,0,5.71401E+20,6.01988E+21,1.00978E+16,5.43218E+16
2134,2135,1,0,60,57,2016,4,10,6,2,8,1,0,0,0,1,0,0,0,0,5.8301E+20,5.97313E+21,1.02634E+16,5.39E+16
2135,2136,1,0,56,39,2016,5,17,1,3,5,3,0,0,0,1,0,1,0,0,5.5223E+20,5.94541E+21,9.79028E+15,5.36548E+16
2136,2137,1,0,53,83,2016,5,18,5,3,2,6,0,0,0,1,0,0,0,0,6.02928E+20,5.915E+21,1.05472E+16,5.33741E+16
2137,2138,1,0,58,102,2016,4,4,5,3,7,7,1,1,0,1,0,0,0,0,5.53029E+20,6.03263E+21,9.81762E+15,5.44386E+16
2138,2139,1,0,2,0,2016,5,10,6,3,2,6,0,0,0,1,0,0,0,0,5.69803E+20,6.02013E+21,1.00733E+16,5.43242E+16
2139,2140,1,0,59,161,2016,4,15,6,3,5,3,0,0,0,1,0,0,0,0,5.43402E+20,6.06424E+21,9.67387E+15,5.47236E+16
2140,2141,1,0,58,91,2016,4,9,5,3,2,6,0,0,0,1,0,0,0,0,5.62673E+20,5.99866E+21,9.95917E+15,5.41322E+16
2141,2142,1,0,1,0,2016,4,14,5,3,0,1,0,0,1,0,0,0,0,0,5.28043E+20,6.07045E+21,9.43601E+15,5.47804E+16
2142,2143,1,0,62,61,2016,5,11,2,3,5,3,0,0,0,1,0,1,0,0,5.96947E+20,5.96468E+21,1.04728E+16,5.38216E+16
2143,2144,1,0,58,43,2016,5,12,7,3,5,2,0,0,1,1,0,0,0,0,5.54081E+20,6.03435E+21,9.83416E+15,5.4454E+16
2144,2145,1,0,58,105,2016,4,19,7,3,8,7,0,0,0,1,0,0,0,0,5.68143E+20,6.01601E+21,1.00468E+16,5.42875E+16
2145,2146,1,0,62,60,2016,5,14,4,3,0,1,0,0,1,0,0,0,0,0,5.82948E+20,5.92949E+21,1.02508E+16,5.35078E+16
2146,2147,1,0,59,77,2016,4,14,4,3,2,6,0,0,0,1,0,0,0,0,5.27132E+20,6.04095E+21,9.4191E+15,5.45154E+16
2147,2148,1,0,3,0,2016,4,15,3,3,5,3,0,0,1,1,0,0,0,0,6.09662E+20,5.97111E+21,1.06681E+16,5.38768E+16
2148,2149,1,0,4,0,2016,4,10,1,2,4,6,0,0,0,1,0,0,0,0,5.68319E+20,5.98731E+21,1.0043E+16,5.40295E+16
2149,2150,1,0,58,94,2016,3,20,5,2,8,1,2,0,0,1,0,0,0,0,5.62645E+20,6.0089E+21,9.96088E+15,5.42243E+16
2150,2151,1,0,1,0,2016,5,14,7,3,2,6,0,0,0,1,0,0,0,0,5.30662E+20,6.07242E+21,9.47694E+15,5.4798E+16
2151,2152,1,0,56,30,2016,3,12,4,3,8,1,0,0,0,0,0,0,1,0,5.45638E+20,5.96183E+21,9.69297E+15,5.38031E+16
2152,2153,1,0,57,1,2016,3,12,2,2,2,6,0,0,0,1,0,1,0,0,5.87685E+20,6.00079E+21,1.03425E+16,5.41478E+16
2153,2154,1,0,58,9,2016,4,13,4,3,2,6,0,0,0,1,0,0,0,0,5.50302E+20,5.99138E+21,9.76866E+15,5.40682E+16
2154,2155,1,0,53,99,2016,5,12,1,1,8,1,0,1,0,1,0,0,0,0,6.0306E+20,5.94484E+21,1.0559E+16,5.36422E+16
2155,2156,1,0,2,0,2016,5,12,5,3,5,3,0,0,1,1,0,0,0,0,5.72583E+20,6.02111E+21,1.01162E+16,5.43327E+16
2156,2157,1,0,3,0,2016,5,19,1,3,0,7,0,0,1,0,0,0,0,0,6.09637E+20,5.97055E+21,1.06675E+16,5.38718E+16
2157,2158,1,0,58,135,2016,5,18,1,3,8,1,1,1,0,1,0,0,0,0,5.43499E+20,6.01753E+21,9.66848E+15,5.43038E+16
2158,2159,1,0,62,22,2016,5,23,4,3,9,5,2,0,0,1,0,0,0,0,5.88547E+20,5.94153E+21,1.03386E+16,5.3615E+16
2159,2160,1,0,60,63,2016,4,14,2,3,2,6,0,1,0,1,0,0,0,0,5.67749E+20,5.95141E+21,1.00264E+16,5.37069E+16
2160,2161,1,0,1,0,2016,4,11,4,3,0,7,0,1,0,1,0,1,0,0,5.29859E+20,6.07415E+21,9.46462E+15,5.48136E+16
2161,2162,1,0,61,102,2016,5,11,5,2,8,1,0,0,0,0,0,1,0,0,5.27975E+20,5.97417E+21,9.42592E+15,5.39152E+16
2162,2163,1,0,51,138,2016,4,11,1,3,2,6,0,2,0,1,0,0,0,0,5.16306E+20,5.99906E+21,9.2496E+15,5.41394E+16
2163,2164,1,0,56,15,2016,5,8,2,3,5,3,0,0,1,1,0,0,0,0,5.4322E+20,5.95648E+21,9.65552E+15,5.37552E+16
2164,2165,1,0,62,4,2016,4,14,2,3,0,7,0,0,1,0,0,0,0,0,5.9099E+20,5.96319E+21,1.03818E+16,5.38093E+16
2165,2166,1,0,3,0,2016,4,15,5,3,3,2,0,0,1,1,0,0,0,0,6.13362E+20,5.96523E+21,1.07222E+16,5.38232E+16
2166,2167,1,0,54,84,2016,4,7,2,3,6,7,0,0,0,0,1,0,1,0,5.06077E+20,6.03509E+21,9.09376E+15,5.44634E+16
2167,2168,1,0,62,92,2016,4,13,6,3,6,3,0,0,0,1,1,0,0,0,5.88239E+20,5.96567E+21,1.03408E+16,5.3832E+16
2168,2169,1,0,51,44,2016,5,9,6,3,5,3,0,0,1,1,0,0,0,0,5.07065E+20,6.00652E+21,9.10832E+15,5.42066E+16
2169,2170,1,0,4,0,2016,4,13,2,3,7,7,0,0,0,0,1,1,0,0,5.64405E+20,5.99301E+21,9.98448E+15,5.40812E+16
2170,2171,1,0,4,0,2016,4,17,4,3,2,6,0,0,0,1,0,0,0,0,5.63855E+20,5.99383E+21,9.97625E+15,5.40887E+16
2171,2172,1,0,55,4,2016,5,15,3,3,5,3,0,0,0,1,0,0,0,0,6.11463E+20,5.97611E+21,1.06973E+16,5.39214E+16
2172,2173,1,0,61,46,2016,4,19,1,2,2,6,0,0,0,1,0,0,0,0,5.3221E+20,5.97897E+21,9.4909E+15,5.39581E+16
2173,2174,1,0,56,48,2016,4,15,7,3,3,6,0,0,0,1,0,0,0,0,5.49845E+20,5.95232E+21,9.75531E+15,5.37171E+16
2174,2175,1,0,3,0,2016,3,13,3,3,2,6,0,0,0,1,0,0,0,0,6.11169E+20,5.97133E+21,1.06911E+16,5.38785E+16
2175,2176,1,0,3,0,2016,5,13,1,3,3,2,0,0,0,1,0,1,0,0,6.10117E+20,5.96992E+21,1.06746E+16,5.38661E+16
2176,2177,1,0,4,0,2016,5,16,5,3,5,2,0,0,0,1,0,1,0,0,5.61496E+20,5.9916E+21,9.93973E+15,5.40689E+16
2177,2178,1,0,54,56,2016,4,17,5,3,6,6,0,0,1,0,1,0,0,0,5.03859E+20,6.03679E+21,9.05955E+15,5.44787E+16
2178,2179,1,0,1,0,2016,4,17,2,3,5,2,0,0,1,1,0,0,0,0,5.26673E+20,6.0702E+21,9.41469E+15,5.47783E+16
2179,2180,1,0,59,57,2016,5,13,6,3,2,6,0,0,0,1,0,0,0,0,5.30227E+20,6.04533E+21,9.46736E+15,5.45546E+16
2180,2181,1,0,53,19,2016,4,15,4,3,9,1,0,0,1,0,0,0,0,0,6.03772E+20,5.91618E+21,1.05602E+16,5.33845E+16
2181,2182,1,0,55,1,2016,5,11,3,1,4,1,0,1,0,1,0,0,0,0,5.97967E+20,5.98449E+21,1.04946E+16,5.39994E+16
2182,2183,1,0,59,45,2016,4,13,7,3,2,1,0,0,0,1,0,0,0,1,5.6039E+20,6.0573E+21,9.93616E+15,5.46594E+16
2183,2184,1,0,53,29,2016,5,17,1,2,9,1,0,0,0,0,0,1,0,0,6.11149E+20,5.92881E+21,1.06756E+16,5.34965E+16
2184,2185,1,0,3,0,2016,5,9,5,3,3,7,0,0,0,1,0,0,0,0,6.10905E+20,5.968E+21,1.06859E+16,5.38486E+16
2185,2186,1,0,2,0,2016,4,8,5,3,5,3,0,0,1,1,0,0,0,0,5.68118E+20,6.01918E+21,1.00471E+16,5.43159E+16
2186,2187,1,0,54,144,2016,5,12,6,2,3,2,0,0,0,1,0,1,0,0,5.10919E+20,6.04646E+21,9.16888E+15,5.45656E+16
2187,2188,1,0,55,32,2016,4,8,6,3,9,6,0,0,0,1,0,0,0,1,6.19172E+20,5.99917E+21,1.08237E+16,5.41268E+16
2188,2189,1,0,51,1,2016,4,16,4,3,5,3,0,0,0,1,0,0,0,0,5.18889E+20,5.99799E+21,9.28906E+15,5.41296E+16
2189,2190,1,0,3,0,2016,5,8,2,3,4,1,0,0,1,0,0,0,0,0,6.10935E+20,5.96808E+21,1.06864E+16,5.38494E+16
2190,2191,1,0,56,49,2016,4,6,6,2,5,3,0,0,0,1,0,1,0,0,5.44466E+20,5.94916E+21,9.67336E+15,5.36893E+16
2191,2192,1,0,58,172,2016,5,13,4,2,2,6,0,0,0,1,0,0,1,0,5.43403E+20,6.01317E+21,9.66638E+15,5.42646E+16
2192,2193,1,0,3,0,2016,4,16,3,2,0,7,0,0,0,1,0,0,0,1,6.10092E+20,5.97066E+21,1.06745E+16,5.38727E+16
2193,2194,1,0,57,3,2016,4,14,3,2,8,7,0,0,0,1,0,0,0,0,5.85776E+20,6.02929E+21,1.03214E+16,5.44041E+16
2194,2195,1,0,62,9,2016,4,15,1,2,2,6,0,0,0,1,0,0,0,1,5.83027E+20,5.93565E+21,1.02536E+16,5.35631E+16
2195,2196,1,0,54,88,2016,3,20,5,3,0,1,2,0,1,0,0,0,0,0,4.88808E+20,6.07064E+21,8.82597E+15,5.47828E+16
2196,2197,1,0,51,83,2016,5,10,6,2,8,1,0,0,0,1,0,0,0,0,5.1246E+20,6.00025E+21,9.19077E+15,5.41502E+16
2197,2198,1,0,62,82,2016,3,18,4,2,6,4,0,0,0,1,1,0,0,0,5.92634E+20,5.94166E+21,1.04004E+16,5.36155E+16
2198,2199,1,0,2,0,2016,3,20,2,3,0,4,2,1,0,1,1,0,0,0,5.7366E+20,6.02244E+21,1.01331E+16,5.43444E+16
2199,2200,1,0,62,90,2016,5,7,3,3,5,3,0,0,0,1,0,1,0,0,5.7788E+20,5.95021E+21,1.01795E+16,5.36948E+16
2200,2201,1,0,61,15,2016,5,15,4,3,2,6,0,0,0,1,0,1,0,0,5.28766E+20,5.96358E+21,9.43697E+15,5.38199E+16
2201,2202,1,0,58,64,2016,5,5,1,2,8,1,1,1,0,1,0,0,0,0,5.70474E+20,6.00226E+21,1.00794E+16,5.41635E+16
2202,2203,1,0,54,138,2016,5,12,1,3,5,3,0,0,0,1,0,0,0,1,4.91601E+20,6.01872E+21,8.87089E+15,5.43163E+16
2203,2204,1,0,55,40,2016,5,13,4,3,2,6,0,0,0,1,0,0,0,0,6.06322E+20,5.97278E+21,1.06179E+16,5.38925E+16
2204,2205,1,0,3,0,2016,4,7,2,3,2,6,0,0,0,1,0,0,0,0,6.09612E+20,5.97113E+21,1.06674E+16,5.38771E+16
2205,2206,1,0,61,104,2016,4,6,3,2,5,2,1,0,0,1,0,1,0,0,5.37833E+20,5.96629E+21,9.57501E+15,5.38437E+16
2206,2207,1,0,62,76,2016,5,13,5,3,5,3,0,0,1,1,0,0,0,0,5.70916E+20,5.95475E+21,1.00751E+16,5.37366E+16
2207,2208,1,0,3,0,2016,4,12,6,3,3,6,0,0,1,0,0,0,0,0,6.11232E+20,5.96912E+21,1.06913E+16,5.38587E+16
2208,2209,1,0,56,50,2016,4,10,7,3,2,6,0,0,0,1,0,0,0,0,5.4538E+20,5.9384E+21,9.68562E+15,5.35925E+16
2209,2210,1,0,58,135,2016,5,16,2,3,0,7,0,0,1,0,0,0,0,0,5.4599E+20,6.01809E+21,9.70686E+15,5.43086E+16
2210,2211,1,0,4,0,2016,4,6,5,3,6,4,0,0,1,0,1,0,0,0,5.64327E+20,5.9923E+21,9.98313E+15,5.40749E+16
2211,2212,1,0,56,43,2016,4,19,1,3,5,2,0,0,0,1,0,0,0,0,5.55472E+20,5.94396E+21,9.83907E+15,5.36415E+16
2212,2213,1,0,60,63,2016,5,16,6,3,5,2,0,0,1,1,0,0,0,0,5.64234E+20,5.94872E+21,9.97258E+15,5.36832E+16
2213,2214,1,0,56,42,2016,4,17,1,3,5,3,0,0,0,1,0,1,0,0,5.4149E+20,5.95752E+21,9.62941E+15,5.37646E+16
2214,2215,1,0,59,183,2016,4,10,4,3,2,6,0,0,0,1,0,0,0,0,5.20482E+20,6.07012E+21,9.31844E+15,5.47778E+16
2215,2216,1,0,58,102,2016,5,18,3,2,5,3,0,0,0,1,0,0,0,0,5.52423E+20,6.03152E+21,9.80808E+15,5.44287E+16
2216,2217,1,0,60,75,2016,4,7,6,2,9,1,0,0,0,1,0,0,0,0,5.93524E+20,5.98838E+21,1.0428E+16,5.40352E+16
2217,2218,1,0,56,15,2016,4,12,5,3,2,6,0,0,0,1,0,0,1,0,5.42918E+20,5.95572E+21,9.65082E+15,5.37483E+16
2218,2219,1,0,3,0,2016,3,11,3,3,2,6,0,0,1,0,0,0,0,0,6.10601E+20,5.96861E+21,1.06815E+16,5.38542E+16
2219,2220,1,0,59,184,2016,5,15,1,3,9,1,0,0,0,0,0,1,0,0,5.30619E+20,6.06331E+21,9.4753E+15,5.47162E+16
2220,2221,1,0,2,0,2016,5,13,5,3,5,2,0,0,1,1,0,0,0,0,5.73381E+20,6.02063E+21,1.01284E+16,5.43282E+16
2221,2222,1,0,51,24,2016,4,15,4,3,0,1,0,1,0,0,0,1,0,0,5.09071E+20,5.97744E+21,9.13821E+15,5.39452E+16
2222,2223,1,0,55,28,2016,4,9,7,2,8,1,0,0,1,0,0,0,0,0,6.0191E+20,6.00446E+21,1.05614E+16,5.4178E+16
2223,2224,1,0,1,0,2016,4,13,2,3,0,3,0,0,0,1,0,1,0,0,5.2698E+20,6.07222E+21,9.41965E+15,5.47964E+16
2224,2225,1,0,62,9,2016,5,7,6,3,3,6,0,0,0,1,0,0,1,0,5.78218E+20,5.93559E+21,1.0181E+16,5.35634E+16
2225,2226,1,0,2,0,2016,5,18,2,3,6,4,0,0,0,1,1,0,0,0,5.73399E+20,6.01919E+21,1.01283E+16,5.43153E+16
2226,2227,1,0,51,110,2016,4,21,7,2,8,1,2,0,0,0,0,1,0,0,5.13946E+20,5.98744E+21,9.21293E+15,5.4035E+16
2227,2228,1,0,57,48,2016,4,15,6,2,5,3,0,0,0,1,0,0,0,0,6.04224E+20,6.01703E+21,1.06012E+16,5.42905E+16
2228,2229,1,0,54,142,2016,5,14,4,2,0,1,0,0,0,0,0,1,0,0,4.89832E+20,6.07776E+21,8.84165E+15,5.48468E+16
2229,2230,1,0,54,138,2016,4,7,3,3,8,1,0,0,0,1,0,0,0,0,4.97077E+20,6.01938E+21,8.95506E+15,5.43223E+16
2230,2231,1,0,59,53,2016,3,13,1,1,8,1,0,1,0,1,0,0,0,0,5.33425E+20,6.02633E+21,9.51466E+15,5.43837E+16
2231,2232,1,0,58,12,2016,5,12,6,3,0,1,0,0,1,0,0,0,0,0,5.56738E+20,6.03862E+21,9.87594E+15,5.4492E+16
2232,2233,1,0,2,0,2016,3,16,4,3,0,7,0,0,0,0,0,0,0,1,5.74151E+20,6.01985E+21,1.014E+16,5.43211E+16
2233,2234,1,0,54,61,2016,3,1,2,2,9,1,2,1,0,1,0,0,0,0,4.59354E+20,6.09346E+21,8.3648E+15,5.49864E+16
2234,2235,1,0,2,0,2016,5,20,3,3,2,6,0,0,0,1,0,1,0,0,5.69055E+20,6.02027E+21,1.00618E+16,5.43256E+16
2235,2236,1,0,58,82,2016,4,12,6,1,4,6,0,0,0,1,0,0,0,0,5.60767E+20,6.04647E+21,9.93975E+15,5.45621E+16
2236,2237,1,0,54,56,2016,4,17,3,3,5,3,0,0,1,1,0,0,0,0,5.05255E+20,6.03606E+21,9.08109E+15,5.44722E+16
2237,2238,1,0,58,12,2016,4,15,7,3,9,1,0,0,0,1,0,0,0,0,5.58286E+20,6.03966E+21,9.90004E+15,5.45012E+16
2238,2239,1,0,3,0,2016,5,18,7,3,5,2,0,1,1,1,0,0,0,0,6.10125E+20,5.96996E+21,1.06747E+16,5.38664E+16
2239,2240,1,0,59,75,2016,4,13,5,3,5,2,0,0,1,1,0,0,0,0,5.338E+20,6.03996E+21,9.522E+15,5.45061E+16
2240,2241,1,0,57,78,2016,5,14,4,3,8,1,0,0,0,1,0,0,0,0,5.9288E+20,6.02715E+21,1.04302E+16,5.43836E+16
2241,2242,1,0,56,29,2016,4,13,4,3,2,6,0,0,0,1,0,0,0,0,5.42744E+20,5.95196E+21,9.64766E+15,5.37145E+16
2242,2243,1,0,58,134,2016,5,6,2,2,9,6,0,0,0,1,0,0,0,1,5.42306E+20,5.99846E+21,9.64747E+15,5.41325E+16
2243,2244,1,0,2,0,2016,4,9,1,3,9,1,0,0,0,1,0,0,0,0,5.6863E+20,6.01906E+21,1.0055E+16,5.43148E+16
2244,2245,1,0,3,0,2016,4,10,6,3,5,3,0,0,1,1,0,0,0,0,6.11384E+20,5.96902E+21,1.06935E+16,5.38577E+16
2245,2246,1,0,58,12,2016,4,13,6,3,8,6,0,0,0,1,0,1,0,0,5.57063E+20,6.03872E+21,9.88099E+15,5.44929E+16