FID,OBJECTID,ULAND,UREGBEZ,UKREIS,UGEMEINDE,UJAHR,UMONAT,USTUNDE,UWOCHENTAG,UKATEGORIE,UART,UTYP1,ULICHTVERH,IstStrasse,IstRad,IstPKW,IstFuss,IstKrad,IstGkfz,IstSonstig,LINREFX,LINREFY,XGCSWGS84,YGCSWGS84
2246,2247,1,0,2,0,2016,5,18,4,3,2,6,0,0,0,1,0,0,0,0,5.72055E+20,6.01807E+21,1.01074E+16,5.43055E+16
2247,2248,1,0,2,0,2016,4,14,3,3,5,3,0,0,0,1,0,0,0,0,5.73562E+20,6.01645E+21,1.01301E+16,5.42907E+16
2248,2249,1,0,1,0,2016,4,8,3,3,5,3,0,1,0,1,0,0,1,0,5.26237E+20,6.06805E+21,9.40771E+15,5.4759E+16
2249,2250,1,0,59,183,2016,3,11,1,3,0,1,0,1,0,0,0,1,0,0,5.25214E+20,6.06532E+21,9.39158E+15,5.47345E+16
2250,2251,1,0,61,44,2016,3,17,4,3,2,6,0,0,0,1,0,0,0,0,5.41543E+20,5.96124E+21,9.63071E+15,5.3798E+16
2251,2252,1,0,55,17,2016,5,13,6,3,2,6,0,0,0,1,0,0,0,1,6.34635E+20,6.02601E+21,1.10722E+16,5.4364E+16
2252,2253,1,0,58,127,2016,3,16,4,3,5,3,0,1,0,1,0,0,0,1,5.41314E+20,6.0283E+21,9.63641E+15,5.44008E+16
2253,2254,1,0,59,116,2016,3,17,2,3,8,1,0,1,0,1,0,0,0,0,5.3329E+20,6.05931E+21,9.51631E+15,5.46801E+16
2254,2255,1,0,3,0,2016,5,8,3,3,2,6,0,0,0,1,0,0,0,0,6.11554E+20,5.96834E+21,1.06959E+16,5.38516E+16
2255,2256,1,0,62,90,2016,4,15,6,2,5,3,0,0,0,1,0,0,0,0,5.77882E+20,5.95021E+21,1.01796E+16,5.36948E+16
2256,2257,1,0,62,78,2016,5,5,1,3,9,7,0,0,0,1,0,0,0,0,5.87663E+20,5.95129E+21,1.03279E+16,5.37029E+16
2257,2258,1,0,61,113,2016,5,14,7,3,5,2,0,0,0,1,0,0,0,0,5.24898E+20,5.97515E+21,9.37915E+15,5.39242E+16
2258,2259,1,0,4,0,2016,5,13,4,3,0,7,0,0,1,0,0,0,0,0,5.63676E+20,5.99186E+21,9.97309E+15,5.4071E+16
2259,2260,1,0,58,135,2016,4,16,2,3,5,3,0,1,0,0,0,0,0,1,5.43184E+20,6.01571E+21,9.66339E+15,5.42875E+16
2260,2261,1,0,60,44,2016,4,19,3,3,5,3,1,1,0,1,0,0,0,0,5.63333E+20,5.96562E+21,9.9624E+15,5.38353E+16
2261,2262,1,0,53,100,2016,5,13,5,3,4,2,0,0,0,1,0,1,0,0,6.17675E+20,5.95137E+21,1.07824E+16,5.36978E+16
2262,2263,1,0,58,135,2016,4,6,6,3,0,1,0,0,1,0,0,0,0,0,5.43256E+20,6.01485E+21,9.66436E+15,5.42797E+16
2263,2264,1,0,55,46,2016,4,16,7,3,0,7,0,0,0,0,0,1,0,0,6.40084E+20,6.03466E+21,1.11601E+16,5.44403E+16
2264,2265,1,0,2,0,2016,5,11,2,2,5,2,0,0,1,1,0,0,0,0,5.72288E+20,6.01982E+21,1.01114E+16,5.43211E+16
2265,2266,1,0,54,144,2016,4,16,5,3,0,1,0,0,0,0,0,1,0,0,5.11006E+20,6.04698E+21,9.17024E+15,5.45702E+16
2266,2267,1,0,61,29,2016,4,18,5,3,5,3,0,0,0,1,0,0,1,0,5.28094E+20,5.9627E+21,9.42667E+15,5.38121E+16
2267,2268,1,0,54,146,2016,4,6,1,2,4,1,0,0,0,1,0,0,0,0,5.02006E+20,6.05237E+21,9.03106E+15,5.46188E+16
2268,2269,1,0,53,83,2016,5,7,6,3,3,6,0,0,1,0,0,0,0,0,6.03038E+20,5.915E+21,1.05488E+16,5.3374E+16
2269,2270,1,0,53,14,2016,4,10,1,3,9,1,0,0,0,1,0,0,0,0,6.0786E+20,5.94099E+21,1.06302E+16,5.36066E+16
2270,2271,1,0,3,0,2016,4,14,3,3,2,6,0,0,0,1,0,0,0,0,6.09398E+20,5.97097E+21,1.0664E+16,5.38756E+16
2271,2272,1,0,59,116,2016,5,22,3,3,7,7,2,0,0,1,0,0,0,0,5.32631E+20,6.06261E+21,9.50645E+15,5.47097E+16
2272,2273,1,0,3,0,2016,4,11,5,3,0,2,0,0,0,1,0,0,0,1,6.10075E+20,5.96963E+21,1.06739E+16,5.38634E+16
2273,2274,1,0,55,44,2016,4,10,6,3,0,7,0,1,0,1,0,1,0,0,6.14877E+20,5.98846E+21,1.07539E+16,5.40316E+16
2274,2275,1,0,53,79,2016,4,11,5,3,5,3,0,0,0,1,0,0,0,0,6.00725E+20,5.95234E+21,1.05261E+16,5.371E+16
2275,2276,1,0,55,37,2016,3,11,3,3,5,3,0,0,0,1,0,0,0,0,6.22373E+20,5.9986E+21,1.08724E+16,5.4121E+16
2276,2277,1,0,51,129,2016,5,10,7,3,2,6,0,0,0,1,0,0,0,0,4.90409E+20,6.01115E+21,8.8528E+15,5.42483E+16
2277,2278,1,0,3,0,2016,5,17,1,2,8,7,0,0,0,1,0,0,0,0,6.06957E+20,5.96961E+21,1.06265E+16,5.38639E+16
2278,2279,1,0,59,161,2016,5,12,5,3,5,3,0,0,0,1,0,0,0,0,5.41261E+20,6.0672E+21,9.64105E+15,5.47504E+16
2279,2280,1,0,55,4,2016,4,22,4,3,2,6,2,1,0,1,0,0,0,0,6.10979E+20,5.97445E+21,1.06893E+16,5.39066E+16
2280,2281,1,0,4,0,2016,4,18,7,3,5,3,0,0,1,1,0,0,0,0,5.64015E+20,5.991E+21,9.97809E+15,5.40632E+16
2281,2282,1,0,51,1,2016,4,14,1,2,5,2,0,0,0,1,0,1,0,0,5.18891E+20,5.99798E+21,9.28909E+15,5.41296E+16
2282,2283,1,0,51,100,2016,4,20,4,3,0,1,2,1,1,0,0,0,0,0,5.1775E+20,6.00935E+21,9.27231E+15,5.42319E+16
2283,2284,1,0,58,43,2016,5,19,2,2,0,1,0,0,0,0,0,1,0,0,5.5388E+20,6.03402E+21,9.83099E+15,5.4451E+16
2284,2285,1,0,53,126,2016,5,16,2,2,2,6,0,0,0,1,0,0,0,1,6.05978E+20,5.93529E+21,1.05998E+16,5.35558E+16
2285,2286,1,0,62,71,2016,4,12,7,3,2,6,0,0,0,1,0,0,0,0,5.79547E+20,5.94028E+21,1.02022E+16,5.36053E+16
2286,2287,1,0,62,4,2016,4,18,6,3,2,6,0,0,0,1,0,0,0,0,5.95285E+20,5.96234E+21,1.04468E+16,5.38009E+16
2287,2288,1,0,62,61,2016,5,14,4,3,9,1,0,0,0,0,0,1,0,0,5.99195E+20,5.96443E+21,1.05068E+16,5.38189E+16
2288,2289,1,0,60,5,2016,4,7,2,3,8,1,0,0,0,1,0,0,0,0,5.84294E+20,5.97661E+21,1.02839E+16,5.3931E+16
2289,2290,1,0,2,0,2016,5,16,6,3,0,7,0,0,1,0,0,0,0,0,5.73808E+20,6.01944E+21,1.01347E+16,5.43175E+16
2290,2291,1,0,2,0,2016,5,8,3,3,0,2,0,0,1,1,0,0,0,0,5.745E+20,6.02052E+21,1.01456E+16,5.4327E+16
2291,2292,1,0,58,140,2016,4,19,3,3,2,6,1,1,0,1,0,0,0,0,5.46701E+20,6.01862E+21,9.71786E+15,5.43133E+16
2292,2293,1,0,59,45,2016,4,16,6,2,5,3,0,0,1,1,0,0,0,0,5.60054E+20,6.05848E+21,9.93119E+15,5.46701E+16
2293,2294,1,0,56,39,2016,4,15,2,3,6,7,0,0,0,0,1,0,0,1,5.52266E+20,5.94525E+21,9.7908E+15,5.36534E+16
2294,2295,1,0,2,0,2016,4,16,7,3,8,7,0,1,0,1,0,0,0,0,5.74822E+20,6.02836E+21,1.01525E+16,5.43975E+16
2295,2296,1,0,58,151,2016,5,23,7,3,4,1,2,1,0,1,0,0,0,0,5.32629E+20,5.994E+21,9.4989E+15,5.40932E+16
2296,2297,1,0,60,63,2016,4,7,4,3,2,6,0,0,0,1,0,0,0,0,5.66979E+20,5.95073E+21,1.00146E+16,5.37009E+16
2297,2298,1,0,62,8,2016,5,18,4,3,2,6,0,0,0,1,0,0,0,0,5.96035E+20,5.96309E+21,1.04584E+16,5.38075E+16
2298,2299,1,0,59,45,2016,4,16,2,3,5,3,0,1,0,1,0,0,0,0,5.59927E+20,6.05727E+21,9.92898E+15,5.46592E+16
2299,2300,1,0,3,0,2016,4,10,7,2,5,3,0,0,0,1,0,0,0,0,6.09954E+20,5.97036E+21,1.06723E+16,5.38701E+16
2300,2301,1,0,1,0,2016,4,15,7,3,2,6,0,1,0,1,0,0,0,0,5.27427E+20,6.06986E+21,9.42638E+15,5.47752E+16
2301,2302,1,0,1,0,2016,5,17,2,3,5,3,0,0,1,1,0,0,0,0,5.24996E+20,6.06793E+21,9.38842E+15,5.4758E+16
2302,2303,1,0,56,15,2016,5,17,5,3,0,3,0,0,1,1,0,0,0,0,5.4261E+20,5.95546E+21,9.64612E+15,5.3746E+16
2303,2304,1,0,55,37,2016,4,10,5,3,8,1,0,1,0,0,0,1,0,0,6.23438E+20,5.99928E+21,1.0889E+16,5.41268E+16
2304,2305,1,0,2,0,2016,5,7,6,3,5,2,0,0,1,1,0,0,0,0,5.72972E+20,6.01996E+21,1.01219E+16,5.43223E+16
2305,2306,1,0,58,3,2016,4,15,6,2,3,6,0,0,1,0,0,0,1,0,5.36841E+20,6.02126E+21,9.56663E+15,5.43378E+16
2306,2307,1,0,56,39,2016,5,18,2,3,5,2,0,0,1,1,0,0,0,0,5.52461E+20,5.94728E+21,9.7941E+15,5.36716E+16
2307,2308,1,0,54,101,2016,4,11,5,3,4,6,0,0,0,1,0,0,0,0,5.15068E+20,6.04083E+21,9.23275E+15,5.45148E+16
2308,2309,1,0,2,0,2016,4,14,6,3,2,6,0,0,0,1,0,0,0,0,5.72784E+20,6.0201E+21,1.01191E+16,5.43236E+16
2309,2310,1,0,57,25,2016,4,18,5,3,2,6,0,0,0,1,0,0,0,0,5.78172E+20,6.02487E+21,1.02032E+16,5.43656E+16
2310,2311,1,0,53,25,2016,5,13,2,2,8,1,0,0,0,1,0,0,0,0,6.03536E+20,5.95071E+21,1.05681E+16,5.36948E+16
2311,2312,1,0,2,0,2016,4,7,2,3,3,6,0,0,0,1,0,1,0,0,5.6829E+20,6.01931E+21,1.00498E+16,5.43171E+16
2312,2313,1,0,3,0,2016,4,18,3,3,5,2,0,0,0,1,0,0,0,0,6.10141E+20,5.96993E+21,1.0675E+16,5.38662E+16
2313,2314,1,0,2,0,2016,4,17,6,3,5,3,0,1,0,1,0,0,0,0,5.71794E+20,6.02274E+21,1.01045E+16,5.43475E+16
2314,2315,1,0,2,0,2016,4,10,7,3,2,6,0,0,0,1,0,0,0,0,5.728E+20,6.02069E+21,1.01195E+16,5.43289E+16
2315,2316,1,0,54,88,2016,5,15,2,3,5,3,0,0,0,1,0,0,0,0,4.89299E+20,6.07253E+21,8.83355E+15,5.47998E+16
2316,2317,1,0,56,15,2016,5,17,5,3,5,2,0,0,1,1,0,0,0,0,5.43078E+20,5.95642E+21,9.65335E+15,5.37547E+16
2317,2318,1,0,62,23,2016,4,18,5,3,2,6,0,0,0,1,0,0,0,0,5.83178E+20,5.94757E+21,1.0259E+16,5.36703E+16
2318,2319,1,0,3,0,2016,5,7,6,3,3,6,0,0,0,1,0,0,1,0,6.12544E+20,5.96968E+21,1.07114E+16,5.38634E+16
2319,2320,1,0,60,28,2016,4,8,6,3,4,6,0,1,0,1,0,0,0,0,5.74619E+20,5.98623E+21,1.01389E+16,5.4019E+16
2320,2321,1,0,4,0,2016,4,7,3,3,5,2,0,0,0,1,0,1,0,0,5.63734E+20,5.99377E+21,9.97438E+15,5.40882E+16
2321,2322,1,0,61,46,2016,5,21,2,3,0,7,2,0,0,0,0,1,0,0,5.3279E+20,5.97607E+21,9.49942E+15,5.3932E+16
2322,2323,1,0,57,21,2016,4,7,5,3,2,6,0,0,0,1,0,0,0,0,5.98651E+20,6.01716E+21,1.05157E+16,5.42928E+16
2323,2324,1,0,3,0,2016,4,13,6,3,3,6,0,1,0,1,0,0,0,1,6.09688E+20,5.96773E+21,1.06673E+16,5.38465E+16
2324,2325,1,0,55,22,2016,4,7,5,3,1,6,0,0,0,1,0,0,1,0,6.31465E+20,6.01685E+21,1.10194E+16,5.42826E+16
2325,2326,1,0,3,0,2016,3,7,3,3,5,3,0,0,1,1,0,0,0,0,6.10103E+20,5.96995E+21,1.06744E+16,5.38664E+16
2326,2327,1,0,62,11,2016,5,15,7,2,5,2,0,0,0,1,0,1,0,0,5.82649E+20,5.94094E+21,1.02493E+16,5.36107E+16
2327,2328,1,0,60,39,2016,5,16,4,3,2,6,0,0,0,1,0,0,0,0,5.64628E+20,5.96076E+21,9.98105E+15,5.37914E+16
2328,2329,1,0,3,0,2016,4,17,4,3,2,6,0,0,1,0,0,0,0,0,6.1193E+20,5.96963E+21,1.07021E+16,5.38631E+16
2329,2330,1,0,62,9,2016,4,14,4,3,3,6,0,1,0,1,0,0,1,0,5.76775E+20,5.93522E+21,1.01591E+16,5.35603E+16
2330,2331,1,0,59,45,2016,4,13,7,3,5,3,0,0,0,1,0,0,0,0,5.60055E+20,6.05848E+21,9.93121E+15,5.46701E+16
2331,2332,1,0,60,63,2016,4,17,1,2,5,3,0,0,0,1,0,0,0,0,5.67749E+20,5.95141E+21,1.00264E+16,5.37069E+16
2332,2333,1,0,57,21,2016,5,9,7,3,2,6,0,0,0,1,0,0,0,0,6.00456E+20,6.01405E+21,1.05424E+16,5.42645E+16
2333,2334,1,0,56,39,2016,4,9,4,3,0,7,0,0,1,0,0,0,0,0,5.524E+20,5.94636E+21,9.79301E+15,5.36634E+16
2334,2335,1,0,54,52,2016,5,17,2,3,5,3,0,0,0,1,0,0,0,1,5.03259E+20,6.04E+21,9.05033E+15,5.45076E+16
2335,2336,1,0,3,0,2016,5,19,5,3,5,2,0,0,1,1,0,0,0,0,6.10027E+20,5.9701E+21,1.06733E+16,5.38677E+16
2336,2337,1,0,56,47,2016,5,14,1,2,2,6,0,0,0,1,0,1,0,0,5.55526E+20,5.94755E+21,9.84053E+15,5.36738E+16
2337,2338,1,0,56,15,2016,5,19,3,3,8,1,0,0,1,0,0,0,0,0,5.44749E+20,5.95747E+21,9.67885E+15,5.3764E+16
2338,2339,1,0,3,0,2016,4,7,2,3,5,3,0,0,1,1,0,0,0,0,6.12516E+20,5.97056E+21,1.07113E+16,5.38713E+16
2339,2340,1,0,51,138,2016,4,8,3,3,2,1,0,2,0,1,0,0,1,0,5.16641E+20,5.99789E+21,9.25466E+15,5.41289E+16
2340,2341,1,0,59,115,2016,5,14,6,3,5,3,0,0,0,1,0,0,0,0,5.15521E+20,6.06007E+21,9.24078E+15,5.46878E+16
2341,2342,1,0,2,0,2016,4,5,1,3,9,1,0,2,0,1,0,0,0,0,5.7295E+20,6.02534E+21,1.01229E+16,5.43706E+16
2342,2343,1,0,1,0,2016,5,18,3,3,5,2,0,0,0,1,0,1,0,0,5.26902E+20,6.07459E+21,9.41866E+15,5.48178E+16
2343,2344,1,0,56,43,2016,4,17,3,3,2,6,0,0,0,1,0,0,0,0,5.55641E+20,5.94368E+21,9.84158E+15,5.36389E+16
2344,2345,1,0,56,14,2016,4,19,5,3,5,2,0,0,0,1,0,1,0,0,5.50873E+20,5.95445E+21,9.77124E+15,5.37362E+16
2345,2346,1,0,58,43,2016,4,15,2,3,5,2,0,0,1,1,0,0,0,0,5.54795E+20,6.03433E+21,9.84515E+15,5.44537E+16
2346,2347,1,0,3,0,2016,4,3,7,3,8,7,2,0,0,1,0,0,0,0,6.16727E+20,5.97492E+21,1.0777E+16,5.39095E+16
2347,2348,1,0,59,159,2016,5,16,7,3,0,1,0,0,1,0,0,0,0,0,5.28213E+20,6.0589E+21,9.43754E+15,5.46767E+16
2348,2349,1,0,62,82,2016,4,14,4,3,2,6,0,0,0,1,0,0,0,0,5.92106E+20,5.94224E+21,1.03925E+16,5.36208E+16
2349,2350,1,0,62,45,2016,5,13,3,2,5,3,0,1,1,1,0,0,0,0,5.91112E+20,5.94366E+21,1.0378E+16,5.36338E+16
2350,2351,1,0,2,0,2016,4,15,7,3,2,6,0,0,0,1,0,0,0,0,5.73597E+20,6.01875E+21,1.01313E+16,5.43113E+16
2351,2352,1,0,60,63,2016,5,9,1,3,0,7,0,0,0,1,0,0,0,0,5.67632E+20,5.95129E+21,1.00246E+16,5.37059E+16
2352,2353,1,0,3,0,2016,5,10,5,3,6,4,0,0,0,1,1,1,0,0,6.10635E+20,5.96754E+21,1.06816E+16,5.38445E+16
2353,2354,1,0,58,53,2016,4,10,5,3,2,6,0,0,0,1,0,0,0,0,5.68766E+20,6.01083E+21,1.00552E+16,5.42408E+16
2354,2355,1,0,2,0,2016,5,7,6,3,5,2,0,0,1,1,0,0,0,0,5.77403E+20,6.02077E+21,1.01903E+16,5.43289E+16
2355,2356,1,0,1,0,2016,4,17,6,3,2,6,0,0,0,1,0,0,0,0,5.28E+20,6.06877E+21,9.43518E+15,5.47654E+16
2356,2357,1,0,54,152,2016,4,7,5,3,5,3,0,1,0,1,0,0,0,0,5.13458E+20,6.04057E+21,9.20788E+15,5.45126E+16
2357,2358,1,0,3,0,2016,5,7,2,3,2,6,0,0,0,1,0,0,0,0,6.10975E+20,5.97392E+21,1.06891E+16,5.39018E+16
2358,2359,1,0,58,135,2016,5,13,7,3,2,6,0,0,0,1,0,0,0,0,5.40316E+20,6.01815E+21,9.61966E+15,5.43097E+16
2359,2360,1,0,62,9,2016,4,23,7,3,3,6,2,0,0,1,0,0,0,0,5.78903E+20,5.93626E+21,1.01915E+16,5.35693E+16
2360,2361,1,0,3,0,2016,5,6,4,3,5,3,0,0,1,1,0,0,0,0,6.11352E+20,5.97101E+21,1.06938E+16,5.38756E+16
2361,2362,1,0,62,90,2016,4,13,3,3,2,2,0,0,0,1,0,0,0,0,5.76764E+20,5.94954E+21,1.01625E+16,5.3689E+16
2362,2363,1,0,4,0,2016,4,5,3,3,2,6,1,2,0,1,0,0,0,0,5.63845E+20,5.99385E+21,9.97609E+15,5.40889E+16
2363,2364,1,0,57,7,2016,4,14,1,3,5,3,0,0,0,1,0,0,0,0,6.09432E+20,6.01558E+21,1.06807E+16,5.42764E+16
2364,2365,1,0,2,0,2016,3,18,5,3,5,3,0,0,0,1,0,0,0,0,5.72232E+20,6.0192E+21,1.01104E+16,5.43155E+16
2365,2366,1,0,62,11,2016,5,11,7,3,2,1,0,0,0,1,0,0,0,0,5.81638E+20,5.94171E+21,1.02342E+16,5.36178E+16
2366,2367,1,0,60,5,2016,3,13,4,3,2,6,0,0,0,1,0,0,0,0,5.84779E+20,5.97743E+21,1.02915E+16,5.39383E+16
2367,2368,1,0,59,159,2016,3,17,2,3,8,3,0,1,0,1,0,0,0,0,5.29007E+20,6.05757E+21,9.44972E+15,5.46647E+16
2368,2369,1,0,57,57,2016,4,16,4,3,2,6,0,0,0,1,0,1,0,0,5.95413E+20,6.00071E+21,1.04607E+16,5.41457E+16
2369,2370,1,0,55,4,2016,5,1,1,3,8,1,2,1,0,1,0,0,0,0,6.11252E+20,5.97516E+21,1.06938E+16,5.39129E+16
2370,2371,1,0,1,0,2016,5,16,5,3,0,1,0,0,1,0,0,0,0,0,5.25941E+20,6.06757E+21,9.40307E+15,5.47547E+16
2371,2372,1,0,58,76,2016,5,14,1,3,8,7,0,0,0,1,0,0,0,0,5.65365E+20,6.00469E+21,1.00017E+16,5.41861E+16
2372,2373,1,0,2,0,2016,5,1,1,3,3,6,2,1,0,1,0,0,0,0,5.77274E+20,6.02033E+21,1.01882E+16,5.4325E+16
2373,2374,1,0,3,0,2016,5,9,4,2,5,3,0,0,1,1,0,0,0,0,6.10147E+20,5.96993E+21,1.06751E+16,5.38662E+16
2374,2375,1,0,62,1,2016,4,15,2,3,2,6,0,1,0,1,0,0,1,0,5.82507E+20,5.94835E+21,1.02491E+16,5.36774E+16
2375,2376,1,0,53,10,2016,4,0,4,3,9,1,2,1,0,1,0,0,0,0,6.14594E+20,5.93358E+21,1.07292E+16,5.35386E+16
2376,2377,1,0,60,4,2016,5,11,5,3,2,6,0,0,0,1,0,0,0,0,5.58713E+20,5.97455E+21,9.89391E+15,5.39161E+16
2377,2378,1,0,3,0,2016,5,13,7,3,2,6,0,0,1,0,1,0,0,0,6.09617E+20,5.97059E+21,1.06672E+16,5.38722E+16
2378,2379,1,0,54,95,2016,4,8,7,3,0,3,0,0,0,1,0,0,0,1,4.97705E+20,6.02143E+21,8.9647E+15,5.43407E+16
2379,2380,1,0,62,45,2016,5,23,4,3,5,3,2,0,0,1,0,0,0,0,5.89991E+20,5.94486E+21,1.03613E+16,5.36448E+16
2380,2381,1,0,58,135,2016,4,11,4,3,3,6,0,0,0,1,0,0,0,0,5.43451E+20,6.01762E+21,9.66776E+15,5.43046E+16
2381,2382,1,0,56,39,2016,4,18,3,3,5,3,0,0,1,1,0,0,0,0,5.51903E+20,5.94581E+21,9.78541E+15,5.36585E+16
2382,2383,1,0,1,0,2016,4,16,7,2,5,3,0,0,0,1,0,1,0,0,5.27074E+20,6.07452E+21,9.42132E+15,5.48171E+16
2383,2384,1,0,55,28,2016,4,17,1,2,4,6,0,0,0,1,0,1,0,0,6.07125E+20,6.00621E+21,1.06419E+16,5.41927E+16
2384,2385,1,0,53,72,2016,3,7,5,3,5,3,0,1,0,1,0,0,0,0,5.87397E+20,5.92778E+21,1.03173E+16,5.34917E+16
2385,2386,1,0,54,46,2016,5,14,7,2,3,6,0,0,1,0,0,0,0,0,4.53993E+20,6.07008E+21,8.28476E+15,5.47758E+16
2386,2387,1,0,55,32,2016,4,14,4,3,5,3,0,0,0,1,0,0,0,1,6.1924E+20,5.99935E+21,1.08248E+16,5.41284E+16
2387,2388,1,0,62,9,2016,5,6,2,3,3,6,0,0,0,1,0,0,0,0,5.7914E+20,5.93662E+21,1.01951E+16,5.35724E+16
2388,2389,1,0,58,139,2016,5,14,5,3,8,1,0,0,0,0,0,1,0,0,5.66671E+20,6.01405E+21,1.00238E+16,5.42701E+16
2389,2390,1,0,53,110,2016,5,0,1,3,9,1,2,0,0,1,0,0,0,0,6.16692E+20,5.94766E+21,1.07661E+16,5.36646E+16
2390,2391,1,0,62,60,2016,5,11,3,3,4,6,0,0,0,1,0,0,0,0,5.83708E+20,5.9325E+21,1.0263E+16,5.35348E+16
2391,2392,1,0,62,90,2016,5,19,4,3,5,2,0,0,1,1,0,0,0,0,5.75681E+20,5.94832E+21,1.01458E+16,5.36781E+16
2392,2393,1,0,62,76,2016,4,14,2,3,2,2,0,1,0,1,0,0,0,0,5.73376E+20,5.953E+21,1.0112E+16,5.37205E+16
2393,2394,1,0,61,6,2016,5,19,5,3,8,1,0,0,0,0,0,1,0,0,5.28897E+20,5.96867E+21,9.43942E+15,5.38657E+16
2394,2395,1,0,53,126,2016,4,18,1,3,2,6,0,1,0,1,0,0,0,0,6.05247E+20,5.93538E+21,1.05888E+16,5.35567E+16
2395,2396,1,0,56,2,2016,5,15,2,2,5,3,0,0,0,1,0,1,0,0,5.50149E+20,5.95893E+21,9.761E+15,5.37765E+16
2396,2397,1,0,60,4,2016,4,15,2,3,0,4,0,0,0,1,1,1,0,0,5.58017E+20,5.97512E+21,9.88344E+15,5.39212E+16
2397,2398,1,0,62,61,2016,4,10,5,3,4,2,0,0,0,1,0,0,0,0,5.98619E+20,5.9652E+21,1.04983E+16,5.3826E+16
2398,2399,1,0,1,0,2016,4,10,2,3,0,1,0,0,1,0,0,0,0,0,5.28842E+20,6.07189E+21,9.44858E+15,5.47933E+16
2399,2400,1,0,56,50,2016,4,17,6,3,5,3,0,1,1,1,0,0,0,0,5.46983E+20,5.93723E+21,9.70967E+15,5.35818E+16
2400,2401,1,0,56,39,2016,5,17,7,3,9,1,0,1,0,1,0,0,0,0,5.54539E+20,5.94469E+21,9.82509E+15,5.36481E+16
2401,2402,1,0,3,0,2016,4,16,2,3,2,6,0,0,0,1,0,0,0,0,6.13827E+20,5.96998E+21,1.0731E+16,5.38658E+16
2402,2403,1,0,3,0,2016,4,16,4,3,3,2,0,0,0,1,0,0,0,0,6.10141E+20,5.96993E+21,1.0675E+16,5.38662E+16
2403,2404,1,0,3,0,2016,5,14,3,3,2,6,0,0,0,1,0,0,0,0,6.10725E+20,5.96805E+21,1.06832E+16,5.38491E+16
2404,2405,1,0,59,113,2016,4,16,7,3,8,1,0,0,0,1,0,0,0,0,5.33639E+20,6.07665E+21,9.52373E+15,5.48358E+16
2405,2406,1,0,53,129,2016,5,16,1,2,6,4,0,0,0,1,1,0,0,0,5.83735E+20,5.92729E+21,1.0262E+16,5.34879E+16
2406,2407,1,0,4,0,2016,5,10,5,2,0,1,0,0,0,0,0,1,0,0,5.6581E+20,5.98945E+21,1.00052E+16,5.4049E+16
2407,2408,1,0,54,128,2016,4,17,5,2,5,3,0,0,1,1,0,0,0,0,4.99662E+20,6.04901E+21,8.99477E+15,5.45886E+16
2408,2409,1,0,2,0,2016,4,17,2,3,0,6,0,0,0,1,0,1,0,0,5.7326E+20,6.0185E+21,1.0126E+16,5.43091E+16
2409,2410,1,0,54,33,2016,5,17,6,3,5,3,0,0,1,1,0,0,0,0,5.06291E+20,6.0248E+21,9.09684E+15,5.4371E+16
2410,2411,1,0,56,48,2016,4,15,4,3,2,6,0,0,0,1,0,0,0,0,5.47833E+20,5.94916E+21,9.72434E+15,5.3689E+16
2411,2412,1,0,58,161,2016,5,15,2,3,4,6,0,0,0,1,0,1,0,1,5.27501E+20,5.99543E+21,9.42061E+15,5.41063E+16
2412,2413,1,0,2,0,2016,4,16,1,3,0,1,0,0,0,0,0,1,0,0,5.73325E+20,6.0178E+21,1.01268E+16,5.43028E+16
2413,2414,1,0,62,45,2016,4,10,6,3,5,3,0,0,0,1,0,0,0,0,5.92694E+20,5.94747E+21,1.0403E+16,5.36677E+16
2414,2415,1,0,3,0,2016,4,16,6,3,2,6,0,0,0,1,0,1,0,0,6.06473E+20,5.96974E+21,1.06192E+16,5.38652E+16
2415,2416,1,0,58,53,2016,5,11,4,2,0,1,0,0,0,0,0,0,0,1,5.68332E+20,6.011E+21,1.00486E+16,5.42424E+16
2416,2417,1,0,3,0,2016,4,14,3,3,3,6,0,0,0,1,0,0,0,0,6.13186E+20,5.96982E+21,1.07212E+16,5.38645E+16
2417,2418,1,0,2,0,2016,4,8,3,3,2,6,0,1,0,1,0,0,0,0,5.7379E+20,6.01813E+21,1.01341E+16,5.43057E+16
2418,2419,1,0,56,36,2016,4,14,7,2,8,3,0,0,0,0,0,1,0,1,5.39954E+20,5.94697E+21,9.60475E+15,5.367E+16
2419,2420,1,0,59,75,2016,3,17,5,3,2,6,0,0,0,1,0,0,0,0,5.35757E+20,6.04072E+21,9.55231E+15,5.45128E+16
2420,2421,1,0,62,6,2016,5,15,6,3,2,6,0,0,0,1,0,0,0,0,5.82575E+20,5.95304E+21,1.02514E+16,5.37195E+16
2421,2422,1,0,55,44,2016,3,16,4,3,2,2,0,1,0,1,0,0,0,0,6.15915E+20,5.98627E+21,1.07689E+16,5.40117E+16
2422,2423,1,0,54,24,2016,3,19,2,1,8,1,1,0,0,1,0,0,0,0,5.03719E+20,6.05094E+21,9.05757E+15,5.46059E+16
2423,2424,1,0,55,41,2016,5,7,3,3,2,6,0,0,0,1,0,0,0,0,6.08498E+20,5.99717E+21,1.06597E+16,5.41113E+16
2424,2425,1,0,60,5,2016,5,16,4,3,2,6,0,0,0,1,0,0,0,0,5.84374E+20,5.97669E+21,1.02851E+16,5.39317E+16
2425,2426,1,0,57,1,2016,5,3,1,2,8,1,2,1,0,0,0,1,0,0,5.87242E+20,5.99996E+21,1.03355E+16,5.41403E+16
2426,2427,1,0,62,86,2016,5,13,1,3,8,1,0,1,0,1,0,0,0,0,5.88513E+20,5.93576E+21,1.03364E+16,5.35632E+16
2427,2428,1,0,4,0,2016,5,19,4,3,5,3,0,0,1,1,0,0,0,0,5.61704E+20,5.99163E+21,9.94292E+15,5.40692E+16
2428,2429,1,0,3,0,2016,4,12,2,3,6,6,0,0,1,0,1,0,0,0,6.10021E+20,5.97011E+21,1.06732E+16,5.38678E+16
2429,2430,1,0,51,44,2016,4,11,3,1,9,1,0,1,1,1,0,0,0,0,5.12421E+20,6.00519E+21,9.19038E+15,5.41946E+16
2430,2431,1,0,60,17,2016,5,13,5,2,8,6,0,0,0,0,0,1,0,0,5.86368E+20,5.99175E+21,1.03198E+16,5.40667E+16