FID,OBJECTID,ULAND,UREGBEZ,UKREIS,UGEMEINDE,UJAHR,UMONAT,USTUNDE,UWOCHENTAG,UKATEGORIE,UART,UTYP1,ULICHTVERH,IstStrasse,IstRad,IstPKW,IstFuss,IstKrad,IstGkfz,IstSonstig,LINREFX,LINREFY,XGCSWGS84,YGCSWGS84
2617,2618,1,0,62,18,2016,4,12,6,3,5,3,0,0,1,1,0,0,0,0,5.81825E+20,5.93394E+21,1.0235E+16,5.3548E+16
2618,2619,1,0,61,20,2016,5,8,6,3,3,6,0,0,0,1,0,0,0,1,5.15225E+20,5.97457E+21,9.23182E+15,5.39193E+16
2619,2620,1,0,3,0,2016,4,19,2,3,6,4,1,0,1,0,1,0,0,0,6.12483E+20,5.96698E+21,1.07095E+16,5.38391E+16
2620,2621,1,0,3,0,2016,4,12,4,3,5,3,0,0,0,1,0,0,0,0,6.11174E+20,5.96895E+21,1.06903E+16,5.38571E+16
2621,2622,1,0,3,0,2016,5,7,3,3,2,6,0,0,0,1,0,0,0,0,6.13784E+20,5.96994E+21,1.07304E+16,5.38655E+16
2622,2623,1,0,59,182,2016,4,8,1,3,9,1,0,0,0,1,0,0,0,0,5.30238E+20,6.06664E+21,9.46975E+15,5.47461E+16
2623,2624,1,0,3,0,2016,4,13,7,2,3,6,0,0,0,1,0,0,0,0,6.10492E+20,5.96249E+21,1.06776E+16,5.37992E+16
2624,2625,1,0,59,98,2016,3,17,3,3,0,3,0,1,0,1,0,1,0,0,5.36033E+20,6.04522E+21,9.55712E+15,5.45532E+16
2625,2626,1,0,62,53,2016,5,22,1,3,0,7,2,0,1,0,0,0,0,0,5.76645E+20,5.93322E+21,1.01566E+16,5.35423E+16
2626,2627,1,0,58,54,2016,5,14,5,3,5,3,0,0,0,1,0,0,0,0,5.36803E+20,6.02023E+21,9.56592E+15,5.43286E+16
2627,2628,1,0,59,137,2016,4,13,5,3,5,3,0,1,0,1,0,0,0,0,5.40473E+20,6.0725E+21,9.62955E+15,5.47981E+16
2628,2629,1,0,2,0,2016,4,17,2,3,6,4,0,0,1,0,1,0,0,0,5.73769E+20,6.01963E+21,1.01341E+16,5.43192E+16
2629,2630,1,0,62,9,2016,5,17,6,3,2,6,0,0,0,1,0,0,0,0,5.76372E+20,5.9355E+21,1.01531E+16,5.35628E+16
2630,2631,1,0,56,48,2016,4,15,4,3,2,6,0,0,0,1,0,0,0,0,5.47829E+20,5.94917E+21,9.72428E+15,5.36891E+16
2631,2632,1,0,4,0,2016,5,7,2,2,5,3,0,0,0,1,0,0,0,0,5.65363E+20,5.99187E+21,9.99886E+15,5.40709E+16
2632,2633,1,0,59,79,2016,4,6,1,2,4,6,0,0,0,1,0,0,0,0,5.2413E+20,6.0413E+21,9.37277E+15,5.45187E+16
2633,2634,1,0,53,32,2016,4,8,6,3,5,2,0,0,0,1,0,0,0,0,5.92647E+20,5.92101E+21,1.03945E+16,5.343E+16
2634,2635,1,0,58,12,2016,4,11,6,2,5,2,0,0,0,1,0,0,0,0,5.55831E+20,6.04041E+21,9.86229E+15,5.45082E+16
2635,2636,1,0,58,86,2016,5,14,4,2,5,3,0,0,0,1,0,0,0,0,5.43619E+20,6.00957E+21,9.66916E+15,5.42322E+16
2636,2637,1,0,58,22,2016,4,7,3,3,5,3,0,1,1,0,0,0,0,1,5.66982E+20,6.00339E+21,1.00262E+16,5.41742E+16
2637,2638,1,0,1,0,2016,4,15,3,3,2,6,0,1,0,1,0,0,0,0,5.28549E+20,6.07121E+21,9.44396E+15,5.47873E+16
2638,2639,1,0,61,52,2016,3,9,7,3,5,3,0,0,0,1,0,0,0,0,5.27154E+20,5.97901E+21,9.41384E+15,5.39588E+16
2639,2640,1,0,62,9,2016,4,12,7,3,5,3,0,0,0,1,0,0,1,0,5.81231E+20,5.93553E+21,1.02264E+16,5.35623E+16
2640,2641,1,0,62,9,2016,3,15,5,2,2,6,0,0,0,1,0,0,0,0,5.79756E+20,5.93751E+21,1.02047E+16,5.35804E+16
2641,2642,1,0,53,3,2016,5,12,6,3,5,3,0,0,1,1,0,0,0,0,5.888E+20,5.93128E+21,1.03395E+16,5.3523E+16
2642,2643,1,0,55,12,2016,3,15,4,3,4,6,0,1,0,1,0,0,0,0,6.05934E+20,6.00466E+21,1.06231E+16,5.41791E+16
2643,2644,1,0,55,41,2016,5,7,3,3,2,6,0,0,0,1,0,0,0,0,6.0859E+20,5.99698E+21,1.0661E+16,5.41095E+16
2644,2645,1,0,53,2,2016,4,22,6,3,5,3,2,0,0,1,0,0,0,1,6.10533E+20,5.94269E+21,1.06712E+16,5.36214E+16
2645,2646,1,0,2,0,2016,5,12,6,3,5,3,0,0,1,1,0,0,0,0,5.73332E+20,6.02109E+21,1.01277E+16,5.43324E+16
2646,2647,1,0,62,53,2016,6,14,5,3,9,1,0,1,0,1,0,0,0,0,5.7746E+20,5.93272E+21,1.01688E+16,5.35377E+16
2647,2648,1,0,62,86,2016,7,14,1,3,5,3,0,0,1,1,0,0,0,0,5.88602E+20,5.93625E+21,1.03379E+16,5.35676E+16
2648,2649,1,0,62,14,2016,5,7,3,3,5,3,0,0,1,0,0,0,0,0,5.82505E+20,5.95219E+21,1.02501E+16,5.37119E+16
2649,2650,1,0,58,43,2016,6,9,5,3,2,6,0,0,0,0,0,1,0,0,5.54732E+20,6.03491E+21,9.8443E+15,5.44589E+16
2650,2651,1,0,58,124,2016,7,5,7,2,8,1,0,1,0,1,0,0,0,0,5.45349E+20,6.0158E+21,9.69665E+15,5.42881E+16
2651,2652,1,0,1,0,2016,5,9,2,3,9,1,0,1,0,1,0,0,0,0,5.27583E+20,6.06822E+21,9.42865E+15,5.47604E+16
2652,2653,1,0,62,71,2016,6,6,1,3,9,7,0,0,0,1,0,0,0,0,5.80458E+20,5.94137E+21,1.02163E+16,5.36149E+16
2653,2654,1,0,62,11,2016,5,7,3,3,3,6,0,0,0,1,0,0,1,0,5.81844E+20,5.94214E+21,1.02374E+16,5.36216E+16
2654,2655,1,0,58,43,2016,6,15,4,3,3,6,0,0,0,1,0,0,1,0,5.54059E+20,6.03568E+21,9.83405E+15,5.44659E+16
2655,2656,1,0,59,65,2016,5,11,7,3,5,3,0,0,0,1,0,0,0,0,5.49652E+20,6.05264E+21,9.76893E+15,5.46187E+16
2656,2657,1,0,58,92,2016,5,9,7,3,5,2,0,0,1,1,0,0,0,0,5.69819E+20,6.02135E+21,1.00738E+16,5.43352E+16
2657,2658,1,0,61,46,2016,7,9,4,3,2,6,0,1,0,1,0,0,0,0,5.33539E+20,5.9757E+21,9.51078E+15,5.39286E+16
2658,2659,1,0,60,85,2016,6,10,2,3,9,1,0,1,0,1,0,0,0,0,5.79618E+20,5.96276E+21,1.02091E+16,5.38073E+16
2659,2660,1,0,56,36,2016,5,7,6,3,2,6,0,0,0,1,0,0,0,0,5.44266E+20,5.94624E+21,9.66991E+15,5.3663E+16
2660,2661,1,0,56,18,2016,5,13,4,3,2,6,0,0,0,1,0,0,1,0,5.54156E+20,5.94126E+21,9.81871E+15,5.36174E+16
2661,2662,1,0,3,0,2016,6,8,4,3,0,3,0,1,1,0,0,0,0,1,6.10698E+20,5.96829E+21,1.06828E+16,5.38513E+16
2662,2663,1,0,62,4,2016,7,15,7,3,2,6,0,0,0,1,0,0,0,0,5.94104E+20,5.96128E+21,1.04285E+16,5.37916E+16
2663,2664,1,0,51,113,2016,6,9,3,3,5,3,0,0,0,1,0,0,0,1,5.02166E+20,6.00209E+21,9.03318E+15,5.41669E+16
2664,2665,1,0,57,85,2016,6,13,4,2,1,5,0,0,1,1,0,0,0,0,5.79228E+20,5.99657E+21,1.02119E+16,5.41111E+16
2665,2666,1,0,58,38,2016,7,9,6,3,0,7,0,0,0,0,0,1,0,0,5.61397E+20,6.00448E+21,9.94083E+15,5.41847E+16
2666,2667,1,0,56,36,2016,6,16,7,3,5,3,0,0,0,1,0,0,0,0,5.44256E+20,5.94622E+21,9.66976E+15,5.36629E+16
2667,2668,1,0,3,0,2016,6,9,3,3,5,3,0,0,1,1,0,0,0,0,6.09459E+20,5.96759E+21,1.06638E+16,5.38453E+16
2668,2669,1,0,58,34,2016,7,12,3,3,2,6,0,0,0,1,0,0,0,0,5.44373E+20,6.01896E+21,9.68212E+15,5.43166E+16
2669,2670,1,0,55,42,2016,6,14,3,2,8,6,0,0,1,1,0,0,0,0,6.20756E+20,5.98354E+21,1.08417E+16,5.3986E+16
2670,2671,1,0,53,28,2016,5,16,4,2,5,3,0,0,0,1,0,1,0,0,5.87372E+20,5.92453E+21,1.0316E+16,5.34625E+16
2671,2672,1,0,56,15,2016,7,8,3,3,5,3,0,0,0,1,0,0,0,0,5.44459E+20,5.9564E+21,9.67429E+15,5.37544E+16
2672,2673,1,0,62,82,2016,6,12,1,3,9,1,0,1,0,1,0,0,0,0,5.93115E+20,5.941E+21,1.04074E+16,5.36095E+16
2673,2674,1,0,2,0,2016,6,17,2,3,0,1,0,1,0,0,0,1,0,0,5.74208E+20,6.01771E+21,1.01404E+16,5.43019E+16
2674,2675,1,0,3,0,2016,6,10,6,3,5,2,0,0,1,1,0,0,0,0,6.14791E+20,5.97073E+21,1.0746E+16,5.38723E+16
2675,2676,1,0,53,32,2016,7,19,4,3,2,2,0,0,0,1,0,0,0,0,5.92053E+20,5.92164E+21,1.03857E+16,5.34358E+16
2676,2677,1,0,61,42,2016,5,20,5,2,0,1,1,0,0,0,0,1,0,0,5.41384E+20,5.98043E+21,9.6309E+15,5.39706E+16
2677,2678,1,0,59,21,2016,6,18,6,3,5,2,0,0,0,1,0,1,0,0,5.51671E+20,6.05517E+21,9.80064E+15,5.46413E+16
2678,2679,1,0,56,50,2016,6,6,6,3,2,6,0,1,0,1,0,0,0,1,5.47471E+20,5.93735E+21,9.71706E+15,5.35828E+16
2679,2680,1,0,54,109,2016,5,17,3,3,2,2,0,0,0,1,0,0,0,0,4.90932E+20,6.06938E+21,8.85904E+15,5.47715E+16
2680,2681,1,0,60,39,2016,6,11,7,2,5,3,0,0,0,1,0,1,0,0,5.69978E+20,5.96066E+21,1.00622E+16,5.37899E+16
2681,2682,1,0,55,40,2016,6,11,2,2,8,7,0,0,0,0,0,1,0,0,6.08507E+20,5.97295E+21,1.06512E+16,5.38936E+16
2682,2683,1,0,2,0,2016,7,17,6,3,5,2,0,1,1,0,0,0,0,1,5.72969E+20,6.02104E+21,1.01222E+16,5.4332E+16
2683,2684,1,0,3,0,2016,7,12,2,3,2,6,0,0,0,1,0,1,0,0,6.16687E+20,5.9712E+21,1.0775E+16,5.38761E+16
2684,2685,1,0,54,76,2016,6,20,5,3,4,2,0,0,0,1,0,1,0,0,4.98395E+20,6.0694E+21,8.97505E+15,5.47718E+16
2685,2686,1,0,62,86,2016,6,8,4,3,0,3,0,0,1,0,0,0,0,1,5.88602E+20,5.93625E+21,1.03379E+16,5.35676E+16
2686,2687,1,0,2,0,2016,5,17,4,3,2,6,0,0,0,1,0,0,0,0,5.72793E+20,6.01807E+21,1.01187E+16,5.43053E+16
2687,2688,1,0,53,121,2016,7,13,1,2,5,3,0,0,0,1,0,1,0,0,6.00031E+20,5.94695E+21,1.05138E+16,5.36617E+16
2688,2689,1,0,58,169,2016,6,16,5,3,2,6,0,0,0,1,0,0,0,0,5.5932E+20,5.99167E+21,9.9065E+15,5.40699E+16
2689,2690,1,0,55,1,2016,6,23,2,3,0,7,2,1,0,1,0,0,0,0,6.01047E+20,5.98482E+21,1.05417E+16,5.40018E+16
2690,2691,1,0,2,0,2016,6,15,5,3,5,2,0,0,1,1,0,0,0,0,5.73164E+20,6.02179E+21,1.01253E+16,5.43387E+16
2691,2692,1,0,53,35,2016,6,17,5,3,2,6,0,0,0,1,0,0,0,1,6.13851E+20,5.93385E+21,1.07181E+16,5.35412E+16
2692,2693,1,0,54,56,2016,5,11,1,3,0,7,0,0,0,1,0,0,0,0,5.04802E+20,6.03635E+21,9.07411E+15,5.44748E+16
2693,2694,1,0,60,63,2016,6,9,5,3,2,6,0,0,0,1,0,0,0,0,5.65087E+20,5.95673E+21,9.98718E+15,5.37551E+16
2694,2695,1,0,57,91,2016,6,17,5,3,2,6,0,0,0,1,0,0,0,0,5.81657E+20,6.01449E+21,1.0254E+16,5.42718E+16
2695,2696,1,0,57,27,2016,7,22,1,3,7,7,1,0,0,0,0,0,1,0,6.0657E+20,6.01127E+21,1.06352E+16,5.42383E+16
2696,2697,1,0,58,135,2016,5,15,3,3,4,6,0,0,1,0,0,0,0,0,5.42663E+20,6.01792E+21,9.6557E+15,5.43073E+16
2697,2698,1,0,54,131,2016,6,13,5,3,5,3,0,0,1,1,0,0,0,0,4.94236E+20,6.08012E+21,8.91019E+15,5.48681E+16
2698,2699,1,0,60,82,2016,7,16,6,3,9,1,0,1,0,1,0,0,0,0,5.68166E+20,5.96912E+21,1.00366E+16,5.38661E+16
2699,2700,1,0,55,14,2016,5,22,2,3,0,7,2,1,0,1,0,0,0,0,6.27579E+20,6.01618E+21,1.09595E+16,5.42776E+16
2700,2701,1,0,55,46,2016,5,14,1,2,8,1,0,0,0,0,0,1,0,0,6.41252E+20,6.04126E+21,1.11812E+16,5.44993E+16
2701,2702,1,0,53,2,2016,6,11,7,3,2,6,0,0,0,1,0,0,0,0,6.10545E+20,5.94269E+21,1.06714E+16,5.36213E+16
2702,2703,1,0,2,0,2016,5,7,2,3,2,6,0,0,0,1,0,1,0,0,5.71405E+20,6.02022E+21,1.00979E+16,5.43248E+16
2703,2704,1,0,3,0,2016,5,12,3,3,1,6,0,0,0,1,0,0,0,0,6.09113E+20,5.96734E+21,1.06584E+16,5.38431E+16
2704,2705,1,0,59,94,2016,7,11,4,3,5,3,0,0,0,1,0,0,0,0,5.50466E+20,6.04924E+21,9.78094E+15,5.45881E+16
2705,2706,1,0,55,36,2016,7,10,4,3,8,7,0,0,0,1,0,0,0,0,6.29115E+20,6.00999E+21,1.09804E+16,5.42216E+16
2706,2707,1,0,57,1,2016,6,15,2,3,5,3,0,0,1,1,0,0,0,0,5.87698E+20,6.00081E+21,1.03427E+16,5.41479E+16
2707,2708,1,0,54,168,2016,5,13,6,2,3,2,0,0,1,0,0,0,1,0,4.55751E+20,6.08434E+21,8.30991E+15,5.49041E+16
2708,2709,1,0,53,36,2016,6,17,7,3,0,7,0,0,1,1,0,0,0,0,5.99679E+20,5.93126E+21,1.05035E+16,5.35208E+16
2709,2710,1,0,51,114,2016,5,19,5,3,0,7,0,0,1,0,0,0,0,0,5.19031E+20,6.00824E+21,9.29188E+15,5.42218E+16
2710,2711,1,0,58,146,2016,6,11,7,3,2,6,0,0,0,1,0,0,0,0,5.5007E+20,6.01545E+21,9.76911E+15,5.42845E+16
2711,2712,1,0,54,144,2016,6,7,4,3,2,2,0,1,0,1,0,0,0,0,5.11262E+20,6.04778E+21,9.17423E+15,5.45774E+16
2712,2713,1,0,62,6,2016,7,9,5,3,5,2,0,0,1,0,0,0,0,1,5.84003E+20,5.95438E+21,1.02734E+16,5.37313E+16
2713,2714,1,0,55,1,2016,6,19,7,2,8,7,0,1,0,1,0,0,0,0,6.01621E+20,5.98215E+21,1.05495E+16,5.39777E+16
2714,2715,1,0,54,87,2016,6,19,3,3,0,7,0,0,1,0,0,0,0,0,4.65663E+20,6.06097E+21,8.46725E+15,5.46949E+16
2715,2716,1,0,2,0,2016,7,7,3,3,5,2,0,0,1,1,0,0,0,0,5.73646E+20,6.02114E+21,1.01326E+16,5.43328E+16
2716,2717,1,0,59,159,2016,6,12,3,3,4,1,0,0,0,1,0,0,0,1,5.30854E+20,6.05807E+21,9.4784E+15,5.4669E+16
2717,2718,1,0,2,0,2016,5,17,4,2,3,6,0,0,0,1,0,0,1,0,5.72856E+20,6.018E+21,1.01197E+16,5.43047E+16
2718,2719,1,0,3,0,2016,7,16,3,3,3,2,0,1,0,1,0,0,0,0,6.11419E+20,5.97091E+21,1.06948E+16,5.38747E+16
2719,2720,1,0,54,42,2016,6,5,1,3,8,1,0,1,0,1,0,0,0,0,5.03634E+20,6.04182E+21,9.05615E+15,5.45239E+16
2720,2721,1,0,1,0,2016,6,17,6,3,5,3,0,0,1,0,0,0,0,0,5.28279E+20,6.07059E+21,9.43969E+15,5.47818E+16
2721,2722,1,0,62,94,2016,6,23,2,3,2,6,2,0,0,0,0,0,1,1,6.02576E+20,5.96614E+21,1.05587E+16,5.38336E+16
2722,2723,1,0,57,57,2016,6,7,6,3,4,6,0,0,0,1,0,1,0,0,5.91631E+20,6.00132E+21,1.0403E+16,5.41518E+16
2723,2724,1,0,57,25,2016,6,7,3,2,9,1,0,1,0,1,0,0,0,0,5.79012E+20,6.02328E+21,1.02157E+16,5.43513E+16
2724,2725,1,0,61,91,2016,6,16,5,2,8,1,0,0,0,1,0,0,0,0,5.37611E+20,5.99316E+21,9.57495E+15,5.40853E+16
2725,2726,1,0,55,46,2016,6,16,6,2,5,3,0,0,1,1,0,0,0,0,6.40723E+20,6.03525E+21,1.11702E+16,5.44454E+16
2726,2727,1,0,60,23,2016,5,19,2,3,5,3,0,1,0,1,0,0,0,1,5.58202E+20,5.97761E+21,9.88672E+15,5.39436E+16
2727,2728,1,0,60,98,2016,5,6,6,3,5,3,1,1,0,1,0,0,0,1,5.96293E+20,5.97677E+21,1.04666E+16,5.39304E+16
2728,2729,1,0,57,28,2016,6,23,7,3,2,6,2,0,1,0,0,0,0,0,5.89058E+20,6.02664E+21,1.03712E+16,5.43798E+16
2729,2730,1,0,54,19,2016,6,16,2,3,5,3,0,1,0,1,0,0,0,0,4.98163E+20,6.05241E+21,8.97154E+15,5.46192E+16
2730,2731,1,0,60,49,2016,6,7,3,3,5,3,0,0,1,1,0,0,0,0,5.86967E+20,5.98028E+21,1.03256E+16,5.39636E+16
2731,2732,1,0,2,0,2016,6,16,4,3,3,6,0,0,1,0,1,0,0,0,5.75211E+20,6.02179E+21,1.01568E+16,5.43384E+16
2732,2733,1,0,56,41,2016,7,16,5,3,2,6,0,0,0,1,0,0,0,0,5.58386E+20,5.95598E+21,9.88541E+15,5.37492E+16
2733,2734,1,0,62,60,2016,6,23,7,3,9,6,2,1,0,1,0,0,0,1,5.81693E+20,5.93466E+21,1.02332E+16,5.35545E+16
2734,2735,1,0,58,122,2016,6,14,3,3,7,7,0,0,1,0,0,0,0,0,5.49775E+20,6.01825E+21,9.76505E+15,5.43097E+16
2735,2736,1,0,58,54,2016,7,17,3,3,8,1,0,0,0,1,0,0,0,0,5.38392E+20,6.01677E+21,9.58991E+15,5.42974E+16
2736,2737,1,0,2,0,2016,6,18,3,2,5,2,0,0,1,1,0,0,0,0,5.72432E+20,6.02024E+21,1.01137E+16,5.43248E+16
2737,2738,1,0,3,0,2016,5,7,4,3,5,3,0,0,1,1,0,0,0,0,6.12157E+20,5.97094E+21,1.0706E+16,5.38748E+16
2738,2739,1,0,3,0,2016,7,16,3,3,3,2,0,1,1,1,0,0,0,0,6.11265E+20,5.96908E+21,1.06918E+16,5.38583E+16
2739,2740,1,0,2,0,2016,6,19,1,3,2,6,0,0,0,1,0,0,0,0,5.78053E+20,6.02097E+21,1.02003E+16,5.43306E+16
2740,2741,1,0,2,0,2016,6,18,6,3,0,7,0,0,1,0,0,0,0,0,5.74816E+20,6.02128E+21,1.01506E+16,5.43338E+16
2741,2742,1,0,54,56,2016,6,9,2,3,5,2,0,0,1,1,0,0,0,0,5.03677E+20,6.03675E+21,9.05675E+15,5.44783E+16
2742,2743,1,0,2,0,2016,6,14,6,3,6,7,0,0,0,0,1,0,0,1,5.74142E+20,6.01887E+21,1.01396E+16,5.43123E+16
2743,2744,1,0,3,0,2016,7,8,4,3,5,3,0,1,1,1,0,0,0,0,6.11908E+20,5.96845E+21,1.07013E+16,5.38525E+16
2744,2745,1,0,61,105,2016,5,7,5,2,6,4,0,0,0,0,1,0,0,1,5.24884E+20,5.98342E+21,9.3796E+15,5.39985E+16
2745,2746,1,0,62,9,2016,6,16,6,3,3,6,0,0,0,1,0,0,1,0,5.78217E+20,5.93559E+21,1.01809E+16,5.35634E+16
2746,2747,1,0,59,75,2016,6,12,6,3,0,7,0,0,1,0,0,0,0,0,5.36343E+20,6.04093E+21,9.56139E+15,5.45146E+16
2747,2748,1,0,53,100,2016,6,11,6,3,2,6,0,1,0,1,0,0,1,0,6.16783E+20,5.95152E+21,1.0769E+16,5.36993E+16
2748,2749,1,0,61,44,2016,5,8,3,3,8,1,0,1,0,1,0,0,0,0,5.44672E+20,5.96213E+21,9.67835E+15,5.38058E+16
2749,2750,1,0,3,0,2016,6,12,7,3,4,6,0,0,1,0,0,0,0,0,6.12545E+20,5.96969E+21,1.07114E+16,5.38635E+16
2750,2751,1,0,2,0,2016,6,10,2,3,5,3,0,0,1,1,0,0,0,0,5.76709E+20,6.01954E+21,1.01793E+16,5.43179E+16
2751,2752,1,0,54,38,2016,7,23,6,3,0,1,2,1,1,0,0,0,0,0,5.06983E+20,6.05904E+21,9.1083E+15,5.46787E+16
2752,2753,1,0,55,39,2016,5,13,6,3,8,7,0,0,0,1,0,0,0,0,6.15062E+20,5.9931E+21,1.07585E+16,5.40732E+16
2753,2754,1,0,55,16,2016,7,0,2,3,0,1,2,0,1,0,0,0,0,0,6.27356E+20,6.00215E+21,1.09501E+16,5.41516E+16
2754,2755,1,0,59,185,2016,6,17,5,3,0,7,0,0,1,1,0,0,0,0,5.3836E+20,6.06086E+21,9.59515E+15,5.46936E+16
2755,2756,1,0,3,0,2016,6,6,4,3,2,2,0,0,0,1,0,0,0,0,6.18231E+20,5.97377E+21,1.07994E+16,5.38989E+16
2756,2757,1,0,57,77,2016,5,17,4,3,4,6,0,0,1,0,0,1,0,0,5.93385E+20,6.01676E+21,1.04347E+16,5.42902E+16
2757,2758,1,0,55,16,2016,7,15,1,3,5,3,0,0,1,1,0,0,0,0,6.32013E+20,6.00741E+21,1.10237E+16,5.41977E+16
2758,2759,1,0,1,0,2016,6,16,4,3,2,6,0,1,0,1,0,0,0,0,5.26346E+20,6.07E+21,9.40959E+15,5.47765E+16
2759,2760,1,0,57,62,2016,6,17,5,3,5,3,0,0,0,1,0,0,0,0,5.84128E+20,6.01198E+21,1.02912E+16,5.42489E+16
2760,2761,1,0,3,0,2016,6,14,2,3,3,6,0,0,1,0,0,0,0,0,6.11594E+20,5.96965E+21,1.0697E+16,5.38633E+16
2761,2762,1,0,54,168,2016,6,19,5,2,3,6,0,0,1,0,0,0,0,0,4.54905E+20,6.08144E+21,8.29717E+15,5.4878E+16
2762,2763,1,0,56,49,2016,6,10,4,3,0,3,0,0,0,0,0,1,0,1,5.44467E+20,5.94916E+21,9.67337E+15,5.36893E+16
2763,2764,1,0,51,128,2016,5,21,7,2,9,1,1,0,0,1,0,0,0,0,4.96782E+20,6.00425E+21,8.95068E+15,5.41863E+16
2764,2765,1,0,59,14,2016,6,12,5,3,2,6,0,1,0,1,0,0,0,0,5.47712E+20,6.05491E+21,9.73926E+15,5.46394E+16
2765,2766,1,0,62,25,2016,7,3,1,3,2,7,2,0,0,1,0,0,0,1,6.02716E+20,5.96626E+21,1.05609E+16,5.38347E+16
2766,2767,1,0,55,39,2016,6,21,5,3,3,6,0,0,0,1,0,0,0,0,6.14528E+20,5.992E+21,1.07499E+16,5.40635E+16
2767,2768,1,0,53,83,2016,7,12,6,3,5,3,0,1,0,1,0,0,0,0,6.02875E+20,5.91537E+21,1.05465E+16,5.33774E+16
2768,2769,1,0,2,0,2016,5,7,2,3,2,6,0,1,0,1,0,0,0,0,5.7489E+20,6.01743E+21,1.01508E+16,5.42992E+16
2769,2770,1,0,2,0,2016,5,16,1,3,0,7,0,0,0,0,0,1,0,0,5.74367E+20,6.02037E+21,1.01435E+16,5.43257E+16
2770,2771,1,0,3,0,2016,6,19,7,3,8,7,0,0,0,1,0,0,0,0,6.10252E+20,5.97093E+21,1.0677E+16,5.38751E+16
2771,2772,1,0,2,0,2016,5,7,2,2,3,6,0,0,0,1,0,0,1,0,5.71294E+20,6.01915E+21,1.0096E+16,5.43153E+16
2772,2773,1,0,54,108,2016,7,14,4,3,5,3,0,0,1,0,0,1,0,0,4.96553E+20,6.04717E+21,8.94668E+15,5.4572E+16
2773,2774,1,0,58,47,2016,7,9,4,3,2,6,0,1,0,1,0,0,0,0,5.37282E+20,6.01452E+21,9.57257E+15,5.42773E+16
2774,2775,1,0,60,62,2016,6,15,2,3,3,6,0,0,0,1,0,0,0,0,5.85953E+20,5.96904E+21,1.0307E+16,5.38627E+16
2775,2776,1,0,58,117,2016,6,8,7,3,0,1,0,0,1,0,0,0,0,0,5.56026E+20,6.00246E+21,9.85817E+15,5.41671E+16
2776,2777,1,0,54,88,2016,5,23,4,2,8,1,2,0,0,1,0,0,0,0,4.89066E+20,6.0712E+21,8.82998E+15,5.47879E+16
2777,2778,1,0,61,95,2016,5,7,5,3,3,6,0,0,0,1,0,1,0,0,5.19538E+20,5.97173E+21,9.29732E+15,5.38937E+16
2778,2779,1,0,60,58,2016,6,14,6,3,5,3,0,0,1,1,0,0,0,0,5.75101E+20,5.96125E+21,1.01401E+16,5.37944E+16
2779,2780,1,0,60,66,2016,6,10,3,3,5,3,0,1,0,1,0,0,0,0,5.6563E+20,5.96674E+21,9.99755E+15,5.3845E+16
2780,2781,1,0,55,39,2016,7,3,5,3,9,7,1,0,0,1,0,0,0,0,6.15475E+20,5.99536E+21,1.07657E+16,5.40934E+16
2781,2782,1,0,58,140,2016,6,14,7,3,4,6,0,1,0,1,0,0,0,0,5.46514E+20,6.01818E+21,9.71492E+15,5.43094E+16
2782,2783,1,0,55,40,2016,6,5,1,3,9,7,0,0,0,0,0,1,0,0,6.08517E+20,5.97302E+21,1.06514E+16,5.38943E+16
2783,2784,1,0,59,24,2016,6,10,3,1,5,3,0,0,1,1,0,0,0,0,5.20675E+20,6.01751E+21,9.31774E+15,5.43051E+16
2784,2785,1,0,60,9,2016,7,2,3,2,2,6,2,0,0,1,0,0,0,0,5.6161E+20,5.97477E+21,9.93806E+15,5.39176E+16
2785,2786,1,0,59,183,2016,6,13,3,3,1,5,0,0,0,1,0,0,0,1,5.1818E+20,6.0723E+21,9.28278E+15,5.47976E+16
2786,2787,1,0,53,91,2016,7,19,6,3,9,7,0,1,0,1,0,0,0,0,5.99475E+20,5.9391E+21,1.05029E+16,5.35913E+16
2787,2788,1,0,58,135,2016,7,8,3,3,5,2,0,0,1,1,0,0,0,0,5.43171E+20,6.01655E+21,9.6633E+15,5.4295E+16
2788,2789,1,0,56,15,2016,6,15,5,3,3,6,0,0,0,1,0,0,0,0,5.44979E+20,5.95588E+21,9.68209E+15,5.37496E+16
2789,2790,1,0,1,0,2016,6,13,6,3,2,6,0,1,0,1,0,0,0,0,5.31188E+20,6.07287E+21,9.48517E+15,5.4802E+16
2790,2791,1,0,61,104,2016,6,15,1,3,8,1,0,0,0,0,0,1,0,0,5.37895E+20,5.96626E+21,9.57595E+15,5.38435E+16
2791,2792,1,0,2,0,2016,7,12,2,3,5,2,0,0,1,1,0,0,0,0,5.73344E+20,6.02042E+21,1.01278E+16,5.43263E+16
2792,2793,1,0,51,44,2016,6,15,5,3,4,6,0,0,0,1,0,0,0,0,5.11143E+20,6.00395E+21,9.17074E+15,5.41835E+16
2793,2794,1,0,1,0,2016,6,19,3,3,5,3,0,0,0,1,0,0,0,0,5.26709E+20,6.0725E+21,9.41547E+15,5.47989E+16
2794,2795,1,0,56,5,2016,6,7,5,3,3,2,0,0,0,1,0,1,0,0,5.59371E+20,5.94638E+21,9.89851E+15,5.36628E+16
2795,2796,1,0,2,0,2016,6,9,6,3,5,2,0,0,0,1,0,0,0,1,5.73994E+20,6.01859E+21,1.01373E+16,5.43098E+16
2796,2797,1,0,53,129,2016,5,8,6,3,0,7,0,1,1,1,0,0,0,0,5.83081E+20,5.92872E+21,1.02526E+16,5.35009E+16
2797,2798,1,0,51,90,2016,6,12,1,3,0,6,0,0,0,0,0,1,0,1,5.05738E+20,5.97628E+21,9.0874E+15,5.39349E+16
2798,2799,1,0,51,48,2016,6,17,5,3,2,6,0,0,0,1,0,0,0,0,5.04699E+20,5.99989E+21,9.07193E+15,5.41471E+16
2799,2800,1,0,60,63,2016,5,14,5,3,4,6,0,1,0,1,0,0,0,0,5.62432E+20,5.94642E+21,9.94484E+15,5.36628E+16
2800,2801,1,0,54,144,2016,7,7,2,3,2,6,0,0,0,1,0,0,0,0,5.09331E+20,6.04721E+21,9.14434E+15,5.45723E+16
2801,2802,1,0,56,15,2016,6,16,4,3,5,3,0,0,1,1,0,0,0,0,5.44728E+20,5.95648E+21,9.67838E+15,5.37551E+16