FID,OBJECTID,ULAND,UREGBEZ,UKREIS,UGEMEINDE,UJAHR,UMONAT,USTUNDE,UWOCHENTAG,UKATEGORIE,UART,UTYP1,ULICHTVERH,IstStrasse,IstRad,IstPKW,IstFuss,IstKrad,IstGkfz,IstSonstig,LINREFX,LINREFY,XGCSWGS84,YGCSWGS84
2802,2803,1,0,55,4,2016,6,9,4,3,3,6,0,0,0,1,0,0,1,0,6.12065E+20,5.9753E+21,1.07062E+16,5.39139E+16
2803,2804,1,0,62,45,2016,6,4,5,3,8,7,0,0,0,1,0,0,0,0,5.9189E+20,5.94663E+21,1.03906E+16,5.36603E+16
2804,2805,1,0,60,39,2016,7,16,7,3,6,4,0,0,0,1,1,0,0,0,5.66322E+20,5.96068E+21,1.00067E+16,5.37905E+16
2805,2806,1,0,55,41,2016,6,8,3,2,8,1,0,1,0,1,0,0,0,0,6.07113E+20,5.99258E+21,1.06369E+16,5.40703E+16
2806,2807,1,0,2,0,2016,5,8,2,3,5,3,0,1,1,1,0,0,0,0,5.74049E+20,6.02275E+21,1.01392E+16,5.43472E+16
2807,2808,1,0,1,0,2016,6,17,2,3,5,3,0,1,0,1,0,0,0,0,5.2802E+20,6.06808E+21,9.43543E+15,5.47592E+16
2808,2809,1,0,2,0,2016,5,13,3,3,6,4,0,0,1,0,1,0,0,0,5.74121E+20,6.01873E+21,1.01393E+16,5.4311E+16
2809,2810,1,0,53,9,2016,6,13,4,3,5,3,0,0,1,1,0,0,0,0,6.07959E+20,5.95496E+21,1.06366E+16,5.37321E+16
2810,2811,1,0,58,58,2016,6,13,4,2,5,2,0,0,1,0,0,0,0,0,5.63166E+20,6.0283E+21,9.97296E+15,5.43985E+16
2811,2812,1,0,3,0,2016,5,17,7,3,0,5,0,0,1,1,0,0,0,0,6.08016E+20,5.97025E+21,1.06428E+16,5.38695E+16
2812,2813,1,0,62,71,2016,5,15,1,3,3,6,0,0,0,1,0,0,0,1,5.81447E+20,5.9407E+21,1.0231E+16,5.36088E+16
2813,2814,1,0,59,45,2016,7,13,5,3,5,3,0,0,0,0,0,1,0,1,5.59927E+20,6.05726E+21,9.92898E+15,5.46591E+16
2814,2815,1,0,54,19,2016,6,17,3,3,0,7,0,1,1,0,0,0,0,0,4.97871E+20,6.05201E+21,8.96703E+15,5.46155E+16
2815,2816,1,0,57,28,2016,5,18,5,2,5,2,0,0,0,1,0,0,0,0,5.88949E+20,6.024E+21,1.03687E+16,5.4356E+16
2816,2817,1,0,61,41,2016,6,9,4,3,5,2,0,1,0,1,0,0,0,0,5.39304E+20,5.96629E+21,9.59737E+15,5.38436E+16
2817,2818,1,0,4,0,2016,7,13,7,3,5,3,0,1,0,1,0,1,0,0,5.61409E+20,5.99159E+21,9.9384E+15,5.40688E+16
2818,2819,1,0,2,0,2016,6,10,4,3,5,2,0,0,1,1,0,0,0,0,5.71409E+20,6.01961E+21,1.00978E+16,5.43194E+16
2819,2820,1,0,56,15,2016,6,17,4,3,6,6,0,0,1,0,1,0,0,0,5.43606E+20,5.95707E+21,9.66144E+15,5.37604E+16
2820,2821,1,0,2,0,2016,7,11,6,3,0,1,0,0,0,0,0,0,0,1,5.72177E+20,6.01897E+21,1.01095E+16,5.43135E+16
2821,2822,1,0,60,27,2016,7,2,6,1,9,1,2,0,0,0,0,0,1,0,5.61085E+20,5.98533E+21,9.93218E+15,5.40127E+16
2822,2823,1,0,60,63,2016,5,10,5,3,2,6,0,1,0,1,0,0,0,0,5.65678E+20,5.95597E+21,9.99597E+15,5.37482E+16
2823,2824,1,0,2,0,2016,7,13,2,3,8,2,0,0,0,0,0,1,0,0,5.72236E+20,6.01922E+21,1.01104E+16,5.43157E+16
2824,2825,1,0,51,44,2016,6,18,4,3,5,3,0,0,1,1,0,0,0,0,5.05888E+20,6.00391E+21,9.09023E+15,5.41832E+16
2825,2826,1,0,57,13,2016,6,6,4,2,9,1,0,1,0,1,0,0,0,0,6.01624E+20,6.01143E+21,1.05594E+16,5.42407E+16
2826,2827,1,0,54,168,2016,7,14,1,3,4,6,0,0,1,0,0,0,0,0,4.58918E+20,6.08637E+21,8.359E+15,5.49226E+16
2827,2828,1,0,56,41,2016,6,18,3,3,5,3,0,1,1,1,0,0,0,0,5.59523E+20,5.95434E+21,9.90234E+15,5.37343E+16
2828,2829,1,0,2,0,2016,6,13,2,3,5,3,0,0,1,1,0,0,0,0,5.76864E+20,6.0194E+21,1.01816E+16,5.43167E+16
2829,2830,1,0,60,20,2016,6,17,4,3,0,1,0,0,0,0,0,1,0,0,5.82512E+20,5.97771E+21,1.0257E+16,5.39412E+16
2830,2831,1,0,3,0,2016,6,8,4,3,4,2,0,0,1,1,0,0,0,0,6.09421E+20,5.97094E+21,1.06644E+16,5.38754E+16
2831,2832,1,0,60,69,2016,5,14,7,3,2,1,0,0,0,1,0,1,0,0,5.91371E+20,5.9819E+21,1.03932E+16,5.39773E+16
2832,2833,1,0,57,56,2016,7,5,5,3,8,7,0,0,0,1,0,0,0,0,5.86694E+20,6.02536E+21,1.03344E+16,5.43687E+16
2833,2834,1,0,2,0,2016,6,13,3,2,9,1,0,1,1,0,0,0,0,0,5.75446E+20,6.01935E+21,1.01598E+16,5.43164E+16
2834,2835,1,0,58,53,2016,5,7,5,3,3,6,0,0,1,0,0,0,0,0,5.68244E+20,6.01114E+21,1.00472E+16,5.42436E+16
2835,2836,1,0,61,110,2016,6,14,4,3,0,1,0,0,1,0,0,0,0,0,5.24937E+20,5.96513E+21,9.37892E+15,5.38341E+16
2836,2837,1,0,56,48,2016,7,17,7,2,0,7,0,1,0,0,0,1,0,1,5.46972E+20,5.95006E+21,9.71144E+15,5.36971E+16
2837,2838,1,0,3,0,2016,5,15,3,3,5,2,0,0,1,1,0,0,0,0,6.11043E+20,5.9719E+21,1.06894E+16,5.38837E+16
2838,2839,1,0,60,63,2016,6,18,4,3,1,3,0,0,1,1,0,0,0,0,5.67654E+20,5.95131E+21,1.00249E+16,5.37061E+16
2839,2840,1,0,3,0,2016,7,15,6,3,5,3,0,1,0,1,0,1,0,0,6.11787E+20,5.96963E+21,1.06999E+16,5.38631E+16
2840,2841,1,0,2,0,2016,5,14,2,3,5,3,0,0,1,1,0,0,0,0,5.74348E+20,6.02003E+21,1.01431E+16,5.43227E+16
2841,2842,1,0,58,146,2016,6,6,7,3,8,7,0,0,0,1,0,0,0,0,5.50769E+20,6.0184E+21,9.78035E+15,5.43109E+16
2842,2843,1,0,53,30,2016,5,23,1,3,9,1,2,0,0,1,0,0,0,0,6.13427E+20,5.94734E+21,1.07166E+16,5.36625E+16
2843,2844,1,0,56,39,2016,7,15,3,3,2,2,0,0,0,1,0,0,0,0,5.52365E+20,5.94842E+21,9.79284E+15,5.36819E+16
2844,2845,1,0,54,113,2016,6,9,4,3,5,3,0,0,0,1,0,0,0,0,4.76582E+20,6.02005E+21,8.63991E+15,5.43277E+16
2845,2846,1,0,59,174,2016,7,14,4,3,2,6,0,0,0,1,0,0,0,0,5.21588E+20,6.06102E+21,9.33495E+15,5.4696E+16
2846,2847,1,0,61,38,2016,6,14,1,3,8,1,0,1,0,1,0,0,0,0,5.48429E+20,5.97211E+21,9.73697E+15,5.38952E+16
2847,2848,1,0,56,36,2016,6,19,2,3,5,2,0,0,0,1,0,1,0,0,5.44519E+20,5.94716E+21,9.67388E+15,5.36712E+16
2848,2849,1,0,51,72,2016,6,17,6,3,5,2,0,0,1,1,0,0,0,0,5.00567E+20,5.97809E+21,9.00864E+15,5.39512E+16
2849,2850,1,0,62,9,2016,5,10,4,3,2,6,0,0,0,1,0,0,0,0,5.76584E+20,5.93545E+21,1.01563E+16,5.35624E+16
2850,2851,1,0,56,41,2016,5,16,5,3,1,5,0,0,0,1,0,0,0,0,5.59375E+20,5.95329E+21,9.8999E+15,5.37249E+16
2851,2852,1,0,60,85,2016,6,15,6,3,4,6,0,0,0,0,0,1,0,1,5.81057E+20,5.96206E+21,1.02307E+16,5.38008E+16
2852,2853,1,0,62,71,2016,6,8,3,3,0,7,0,0,0,0,0,1,0,0,5.8064E+20,5.94027E+21,1.02187E+16,5.36051E+16
2853,2854,1,0,58,37,2016,7,14,5,3,5,2,0,0,1,1,0,0,0,0,5.73468E+20,6.03103E+21,1.01323E+16,5.44217E+16
2854,2855,1,0,59,103,2016,6,18,7,3,9,3,0,1,0,1,0,0,0,0,5.36195E+20,6.06449E+21,9.56201E+15,5.47264E+16
2855,2856,1,0,58,5,2016,6,16,1,3,8,1,0,0,1,0,0,0,0,0,5.73635E+20,6.02638E+21,1.01337E+16,5.43799E+16
2856,2857,1,0,56,10,2016,6,11,2,3,5,3,0,0,1,1,0,0,0,0,5.4619E+20,5.9675E+21,9.70221E+15,5.38539E+16
2857,2858,1,0,56,15,2016,7,10,2,3,5,3,0,0,0,1,0,0,0,0,5.43518E+20,5.95703E+21,9.66011E+15,5.37601E+16
2858,2859,1,0,56,17,2016,6,9,2,3,5,3,0,0,0,1,0,0,0,1,5.48205E+20,5.96349E+21,9.73221E+15,5.38177E+16
2859,2860,1,0,3,0,2016,7,18,6,3,5,2,0,1,1,1,0,0,0,0,6.10298E+20,5.97151E+21,1.06779E+16,5.38803E+16
2860,2861,1,0,1,0,2016,7,16,3,3,5,2,0,1,1,1,0,0,0,0,5.28033E+20,6.06747E+21,9.43557E+15,5.47537E+16
2861,2862,1,0,4,0,2016,6,22,5,3,0,5,2,0,0,1,0,0,0,0,5.66047E+20,5.99266E+21,1.00095E+16,5.40779E+16
2862,2863,1,0,62,45,2016,6,1,1,2,0,7,2,0,1,0,0,0,0,0,5.89629E+20,5.94473E+21,1.03558E+16,5.36437E+16
2863,2864,1,0,56,48,2016,7,22,2,3,8,7,1,0,0,1,0,0,0,0,5.51184E+20,5.95052E+21,9.7753E+15,5.37008E+16
2864,2865,1,0,60,85,2016,6,7,5,3,8,6,0,0,1,0,0,0,1,0,5.79305E+20,5.96329E+21,1.02045E+16,5.38121E+16
2865,2866,1,0,61,85,2016,6,9,2,2,5,3,0,0,0,1,0,1,0,0,5.33405E+20,5.98922E+21,9.51023E+15,5.40501E+16
2866,2867,1,0,55,28,2016,6,11,5,2,4,6,0,0,0,1,0,0,0,0,6.03486E+20,6.00264E+21,1.0585E+16,5.41614E+16
2867,2868,1,0,59,183,2016,6,6,6,3,5,3,0,0,1,1,0,0,0,0,5.20885E+20,6.06915E+21,9.32463E+15,5.47691E+16
2868,2869,1,0,4,0,2016,5,13,6,3,8,1,0,0,0,1,0,0,0,0,5.64676E+20,5.99476E+21,9.98899E+15,5.40969E+16
2869,2870,1,0,56,28,2016,6,14,5,3,4,6,0,0,0,1,0,0,0,1,5.44651E+20,5.94105E+21,9.67499E+15,5.36164E+16
2870,2871,1,0,56,2,2016,7,5,1,3,6,7,1,0,0,1,1,0,0,0,5.49165E+20,5.96013E+21,9.74625E+15,5.37875E+16
2871,2872,1,0,60,43,2016,5,15,3,3,5,3,0,0,1,1,0,0,0,0,5.76686E+20,5.96317E+21,1.01647E+16,5.38114E+16
2872,2873,1,0,55,35,2016,6,10,5,3,5,3,0,0,0,1,0,0,1,0,6.14343E+20,5.97916E+21,1.07423E+16,5.39481E+16
2873,2874,1,0,3,0,2016,7,23,7,3,1,5,2,1,1,1,0,0,0,0,6.09949E+20,5.97034E+21,1.06722E+16,5.38699E+16
2874,2875,1,0,2,0,2016,6,16,3,3,6,4,0,1,0,1,1,0,0,0,5.73654E+20,6.02266E+21,1.01331E+16,5.43464E+16
2875,2876,1,0,59,83,2016,5,11,2,3,6,4,0,0,0,1,1,0,0,0,5.49927E+20,6.05448E+21,9.7735E+15,5.46353E+16
2876,2877,1,0,61,29,2016,6,13,1,2,4,6,0,0,0,1,0,0,0,0,5.29397E+20,5.95832E+21,9.44604E+15,5.37727E+16
2877,2878,1,0,59,183,2016,5,15,3,3,5,2,0,0,1,1,0,0,0,0,5.21192E+20,6.07007E+21,9.32946E+15,5.47774E+16
2878,2879,1,0,55,28,2016,6,19,4,3,5,3,0,0,0,1,0,0,0,0,6.0152E+20,6.0037E+21,1.05552E+16,5.41713E+16
2879,2880,1,0,57,26,2016,5,16,7,2,2,6,0,0,0,0,0,1,0,0,6.03836E+20,6.01699E+21,1.05953E+16,5.42903E+16
2880,2881,1,0,3,0,2016,5,20,7,3,1,1,1,0,1,1,0,0,0,0,6.11463E+20,5.97043E+21,1.06952E+16,5.38704E+16
2881,2882,1,0,60,67,2016,7,15,5,2,8,6,0,0,0,1,0,0,0,0,5.99162E+20,5.97523E+21,1.05098E+16,5.3916E+16
2882,2883,1,0,51,99,2016,6,13,3,3,9,1,0,1,0,1,0,0,0,0,5.17895E+20,5.99235E+21,9.27352E+15,5.4079E+16
2883,2884,1,0,62,23,2016,5,10,7,3,2,6,0,0,0,1,0,0,0,0,5.8498E+20,5.94505E+21,1.02856E+16,5.36473E+16
2884,2885,1,0,54,84,2016,5,8,5,3,8,1,0,0,0,1,0,0,0,0,5.0647E+20,6.03468E+21,9.0998E+15,5.44597E+16
2885,2886,1,0,53,115,2016,6,14,4,3,9,6,0,0,0,1,0,0,0,0,6.02485E+20,5.92492E+21,1.05437E+16,5.34633E+16
2886,2887,1,0,57,46,2016,7,8,7,2,8,1,0,1,0,1,0,0,0,0,5.87999E+20,6.00816E+21,1.03494E+16,5.42139E+16
2887,2888,1,0,1,0,2016,6,19,4,2,0,7,0,0,1,0,0,0,0,0,5.27252E+20,6.06944E+21,9.42362E+15,5.47714E+16
2888,2889,1,0,59,45,2016,6,10,4,3,5,3,0,0,1,1,0,0,0,0,5.61214E+20,6.05652E+21,9.94877E+15,5.46524E+16
2889,2890,1,0,56,30,2016,7,6,6,3,2,6,0,0,0,1,0,0,1,0,5.45313E+20,5.96145E+21,9.68799E+15,5.37997E+16
2890,2891,1,0,54,14,2016,6,15,1,2,9,7,0,0,0,1,0,0,0,0,4.92715E+20,6.05612E+21,8.88709E+15,5.46524E+16
2891,2892,1,0,55,4,2016,6,20,3,3,5,2,0,0,1,1,0,0,0,0,6.11664E+20,5.97653E+21,1.07005E+16,5.39251E+16
2892,2893,1,0,55,40,2016,7,16,3,3,2,6,0,0,0,1,0,0,0,0,6.05946E+20,5.97265E+21,1.06121E+16,5.38914E+16
2893,2894,1,0,62,71,2016,6,16,3,3,2,6,0,1,0,1,0,0,0,0,5.80337E+20,5.94132E+21,1.02144E+16,5.36146E+16
2894,2895,1,0,60,54,2016,5,19,4,3,0,7,0,0,1,0,0,0,0,0,5.58325E+20,5.97059E+21,9.88726E+15,5.38805E+16
2895,2896,1,0,60,28,2016,7,16,3,2,8,1,0,1,0,1,0,0,0,0,5.71281E+20,5.98711E+21,1.00882E+16,5.40273E+16
2896,2897,1,0,60,73,2016,6,13,1,3,8,1,0,1,0,1,0,0,0,0,5.64079E+20,5.96863E+21,9.97437E+15,5.38622E+16
2897,2898,1,0,58,135,2016,6,10,2,3,0,7,0,0,1,0,0,0,0,0,5.43554E+20,6.01697E+21,9.66924E+15,5.42988E+16
2898,2899,1,0,55,21,2016,6,12,6,3,5,3,0,0,0,1,0,0,0,0,6.28152E+20,6.02662E+21,1.09728E+16,5.43712E+16
2899,2900,1,0,3,0,2016,5,18,3,3,3,6,0,0,0,1,0,0,0,0,6.10964E+20,5.9718E+21,1.06882E+16,5.38827E+16
2900,2901,1,0,56,1,2016,7,7,4,3,2,6,0,0,0,1,0,0,0,0,5.49647E+20,5.9431E+21,9.75084E+15,5.36344E+16
2901,2902,1,0,60,5,2016,5,14,5,3,0,7,0,0,0,0,0,0,0,1,5.85264E+20,5.97731E+21,1.02988E+16,5.39371E+16
2902,2903,1,0,2,0,2016,6,15,6,2,6,4,0,0,0,1,1,0,0,0,5.73112E+20,6.01943E+21,1.0124E+16,5.43175E+16
2903,2904,1,0,2,0,2016,6,12,3,3,6,4,0,0,0,1,1,0,0,0,5.7439E+20,6.02012E+21,1.01438E+16,5.43235E+16
2904,2905,1,0,51,96,2016,6,7,6,3,8,1,0,0,0,0,0,1,0,0,5.0617E+20,6.02343E+21,9.09494E+15,5.43586E+16
2905,2906,1,0,57,57,2016,5,9,3,3,2,6,0,1,0,1,0,0,0,0,5.9363E+20,6.00217E+21,1.04339E+16,5.41591E+16
2906,2907,1,0,61,104,2016,6,22,7,3,3,6,2,0,1,0,0,0,0,0,5.34338E+20,5.96304E+21,9.52154E+15,5.38148E+16
2907,2908,1,0,53,32,2016,6,7,2,3,2,6,0,1,0,1,0,0,0,0,5.90258E+20,5.9232E+21,1.03591E+16,5.34501E+16
2908,2909,1,0,60,67,2016,6,12,6,3,8,7,0,0,0,1,0,0,0,0,5.98471E+20,5.97559E+21,1.04994E+16,5.39193E+16
2909,2910,1,0,58,9,2016,7,18,6,3,4,2,0,0,0,1,0,0,0,0,5.51555E+20,5.9932E+21,9.78811E+15,5.40844E+16
2910,2911,1,0,62,60,2016,7,17,2,2,2,6,0,0,0,1,0,0,0,0,5.81595E+20,5.93216E+21,1.0231E+16,5.3532E+16
2911,2912,1,0,2,0,2016,6,17,5,3,5,2,0,0,1,1,0,0,0,0,5.70909E+20,6.01741E+21,1.00896E+16,5.42997E+16
2912,2913,1,0,56,43,2016,6,12,6,3,5,3,0,1,1,1,0,0,0,0,5.56794E+20,5.94483E+21,9.85923E+15,5.36492E+16
2913,2914,1,0,53,32,2016,7,16,3,3,0,7,0,0,1,0,0,0,0,0,5.9224E+20,5.92193E+21,1.03886E+16,5.34384E+16
2914,2915,1,0,62,94,2016,6,14,4,3,0,6,0,0,0,1,0,1,0,0,6.00339E+20,5.96466E+21,1.05243E+16,5.38208E+16
2915,2916,1,0,59,83,2016,7,16,4,2,6,7,0,0,0,0,1,0,1,0,5.50019E+20,6.0545E+21,9.77494E+15,5.46355E+16
2916,2917,1,0,56,43,2016,6,10,1,3,8,1,0,1,0,1,0,0,0,0,5.57533E+20,5.94503E+21,9.87045E+15,5.36508E+16
2917,2918,1,0,55,1,2016,6,14,2,3,5,3,0,0,0,1,0,0,0,0,6.03007E+20,5.98648E+21,1.05721E+16,5.40163E+16
2918,2919,1,0,56,43,2016,6,17,6,2,5,3,0,0,0,1,0,1,0,0,5.57644E+20,5.94456E+21,9.87204E+15,5.36466E+16
2919,2920,1,0,56,2,2016,5,8,3,3,5,3,0,1,0,1,0,0,0,0,5.50957E+20,5.9597E+21,9.77337E+15,5.37834E+16
2920,2921,1,0,60,20,2016,5,16,5,3,0,1,0,0,1,0,0,0,0,0,5.82185E+20,5.97808E+21,1.02522E+16,5.39445E+16
2921,2922,1,0,3,0,2016,6,13,6,3,2,6,0,0,1,0,0,0,0,0,6.10067E+20,5.9694E+21,1.06737E+16,5.38614E+16
2922,2923,1,0,3,0,2016,6,16,3,3,5,2,0,0,1,1,0,0,0,0,6.10651E+20,5.96828E+21,1.06821E+16,5.38512E+16
2923,2924,1,0,59,127,2016,6,11,7,3,9,1,0,1,0,1,0,0,0,0,5.39266E+20,6.06857E+21,9.61025E+15,5.47629E+16
2924,2925,1,0,62,27,2016,6,22,1,3,3,6,2,0,0,1,0,0,0,0,5.88164E+20,5.95272E+21,1.03359E+16,5.37157E+16
2925,2926,1,0,62,82,2016,6,20,2,2,5,2,0,0,0,1,0,1,0,0,5.92785E+20,5.94167E+21,1.04027E+16,5.36156E+16
2926,2927,1,0,55,21,2016,7,13,2,3,5,2,0,0,0,1,0,0,0,0,6.30577E+20,6.02568E+21,1.10097E+16,5.43622E+16
2927,2928,1,0,55,46,2016,7,13,6,3,2,6,0,0,0,1,0,0,0,0,6.37103E+20,6.03021E+21,1.11121E+16,5.44012E+16
2928,2929,1,0,51,44,2016,7,17,2,2,5,2,0,0,1,0,0,0,0,1,5.08101E+20,6.00553E+21,9.12418E+15,5.41977E+16
2929,2930,1,0,2,0,2016,6,16,5,3,5,7,0,0,0,1,0,1,0,0,5.73906E+20,6.01826E+21,1.01359E+16,5.43068E+16
2930,2931,1,0,60,44,2016,7,1,1,2,9,1,2,1,0,1,0,0,0,0,5.63643E+20,5.96757E+21,9.96752E+15,5.38528E+16
2931,2932,1,0,53,83,2016,6,14,5,3,0,1,0,0,1,0,0,0,0,0,6.04692E+20,5.9152E+21,1.05737E+16,5.33756E+16
2932,2933,1,0,62,1,2016,6,9,2,3,2,6,0,0,0,1,0,0,0,0,5.82151E+20,5.94854E+21,1.02437E+16,5.36791E+16
2933,2934,1,0,4,0,2016,6,20,5,2,4,6,0,0,1,0,0,0,0,0,5.63188E+20,5.99236E+21,9.96574E+15,5.40755E+16
2934,2935,1,0,55,46,2016,5,7,1,3,4,6,0,0,0,1,0,0,0,0,6.33629E+20,6.03965E+21,1.10629E+16,5.44868E+16
2935,2936,1,0,54,84,2016,6,21,6,3,5,3,1,1,1,1,0,0,0,0,5.05809E+20,6.03512E+21,9.08962E+15,5.44637E+16
2936,2937,1,0,57,57,2016,5,16,6,3,0,2,0,0,0,1,0,1,0,0,5.9321E+20,6.00248E+21,1.04276E+16,5.4162E+16
2937,2938,1,0,55,4,2016,6,8,5,3,5,3,0,0,1,1,0,0,0,0,6.11049E+20,5.97428E+21,1.06904E+16,5.39051E+16
2938,2939,1,0,3,0,2016,7,13,1,1,9,1,0,0,0,1,0,0,0,0,6.07574E+20,5.96804E+21,1.06353E+16,5.38497E+16
2939,2940,1,0,3,0,2016,5,10,3,3,2,6,0,0,0,1,0,0,0,0,6.1098E+20,5.97386E+21,1.06891E+16,5.39013E+16
2940,2941,1,0,2,0,2016,6,23,5,3,6,4,2,0,1,0,1,0,0,0,5.73337E+20,6.01869E+21,1.01272E+16,5.43109E+16
2941,2942,1,0,57,59,2016,7,14,7,3,8,1,0,0,0,0,0,1,0,0,5.7908E+20,6.00763E+21,1.02126E+16,5.42106E+16
2942,2943,1,0,62,56,2016,5,5,2,3,9,1,1,1,0,1,0,0,0,0,5.91281E+20,5.95819E+21,1.03848E+16,5.37643E+16
2943,2944,1,0,51,74,2016,5,14,1,3,5,3,0,0,1,1,0,0,0,0,5.045E+20,5.9932E+21,9.06879E+15,5.40869E+16
2944,2945,1,0,3,0,2016,6,13,1,2,0,7,0,0,1,0,0,0,0,0,6.11868E+20,5.96849E+21,1.07007E+16,5.38529E+16
2945,2946,1,0,61,46,2016,5,10,2,3,5,3,0,0,0,1,0,0,0,0,5.3361E+20,5.97562E+21,9.51186E+15,5.39279E+16
2946,2947,1,0,2,0,2016,6,10,4,3,2,6,0,0,0,1,0,0,0,0,5.76024E+20,6.01926E+21,1.01687E+16,5.43155E+16
2947,2948,1,0,1,0,2016,5,14,7,3,2,6,0,0,0,1,0,0,0,0,5.28249E+20,6.0706E+21,9.43922E+15,5.47818E+16
2948,2949,1,0,2,0,2016,5,13,7,3,2,6,0,0,0,1,0,0,0,0,5.74892E+20,6.01337E+21,1.01498E+16,5.42627E+16
2949,2950,1,0,56,5,2016,7,18,4,3,9,2,0,0,0,1,0,1,0,0,5.59807E+20,5.9465E+21,9.90513E+15,5.36638E+16
2950,2951,1,0,53,90,2016,6,15,2,3,5,2,0,0,0,1,0,0,0,0,6.10973E+20,5.94107E+21,1.06773E+16,5.36067E+16
2951,2952,1,0,53,100,2016,5,19,6,3,6,4,0,0,0,1,1,0,0,0,6.17297E+20,5.95151E+21,1.07767E+16,5.36991E+16
2952,2953,1,0,61,91,2016,6,13,7,1,8,1,0,0,0,0,0,1,0,0,5.37958E+20,5.99214E+21,9.58014E+15,5.40761E+16
2953,2954,1,0,51,44,2016,7,15,6,3,0,7,0,0,1,0,0,0,0,0,5.06318E+20,6.00531E+21,9.09684E+15,5.41958E+16
2954,2955,1,0,51,78,2016,6,11,3,2,8,1,0,0,0,1,0,0,0,0,5.07477E+20,5.99318E+21,9.1143E+15,5.40868E+16
2955,2956,1,0,2,0,2016,6,3,4,3,8,1,2,0,0,1,0,0,0,0,5.76801E+20,6.02036E+21,1.01809E+16,5.43253E+16
2956,2957,1,0,61,46,2016,7,19,5,3,2,6,0,0,0,1,0,0,0,0,5.33461E+20,5.97579E+21,9.50961E+15,5.39294E+16
2957,2958,1,0,60,49,2016,6,10,7,2,5,3,0,1,0,1,0,0,0,0,5.87528E+20,5.98046E+21,1.03342E+16,5.39651E+16
2958,2959,1,0,3,0,2016,6,19,3,3,4,6,1,0,1,0,0,0,0,0,6.10636E+20,5.96845E+21,1.0682E+16,5.38527E+16
2959,2960,1,0,58,43,2016,7,18,3,2,5,2,0,0,0,1,0,1,0,0,5.5353E+20,6.03638E+21,9.82602E+15,5.44723E+16
2960,2961,1,0,58,92,2016,6,8,3,3,4,6,0,0,1,0,0,0,0,0,5.69849E+20,6.02103E+21,1.00742E+16,5.43323E+16
2961,2962,1,0,62,71,2016,5,17,4,3,2,6,0,1,0,1,0,0,0,0,5.80774E+20,5.94045E+21,1.02208E+16,5.36067E+16
2962,2963,1,0,53,83,2016,7,17,3,3,2,2,0,0,0,1,0,0,0,0,6.03603E+20,5.9151E+21,1.05573E+16,5.33749E+16
2963,2964,1,0,55,15,2016,6,3,1,3,8,7,1,0,1,0,0,0,0,0,6.22987E+20,6.02278E+21,1.08917E+16,5.4338E+16
2964,2965,1,0,3,0,2016,6,0,6,3,3,6,2,0,1,0,0,0,0,0,6.09189E+20,5.97055E+21,1.06607E+16,5.38719E+16
2965,2966,1,0,2,0,2016,6,7,2,3,6,4,0,0,0,1,1,0,0,0,5.73383E+20,6.01872E+21,1.0128E+16,5.43111E+16
2966,2967,1,0,58,43,2016,6,14,6,3,0,7,0,0,1,0,0,0,0,0,5.5499E+20,6.03454E+21,9.8482E+15,5.44555E+16
2967,2968,1,0,62,26,2016,7,17,4,3,0,7,0,0,1,0,0,0,0,0,5.95452E+20,5.94044E+21,1.04426E+16,5.36041E+16
2968,2969,1,0,56,15,2016,5,22,5,3,3,6,2,0,1,0,0,0,0,0,5.42786E+20,5.95369E+21,9.64855E+15,5.37302E+16
2969,2970,1,0,1,0,2016,6,6,6,3,0,1,0,0,1,0,0,0,0,0,5.27726E+20,6.07158E+21,9.43119E+15,5.47906E+16
2970,2971,1,0,56,21,2016,6,7,6,3,5,3,0,1,1,1,0,0,0,0,5.60202E+20,5.94989E+21,9.91177E+15,5.36943E+16
2971,2972,1,0,1,0,2016,5,11,3,3,0,6,0,1,0,0,0,1,0,0,5.28454E+20,6.07012E+21,9.44236E+15,5.47775E+16
2972,2973,1,0,55,41,2016,6,0,7,3,8,1,2,0,0,0,0,0,0,1,6.09305E+20,5.99694E+21,1.0672E+16,5.4109E+16
2973,2974,1,0,58,138,2016,6,13,2,3,9,7,0,0,0,1,0,0,0,0,5.6637E+20,6.01422E+21,1.00192E+16,5.42716E+16
2974,2975,1,0,57,62,2016,7,12,6,3,1,7,0,0,0,1,0,0,1,0,5.82995E+20,6.00884E+21,1.02729E+16,5.42208E+16
2975,2976,1,0,2,0,2016,5,14,6,3,2,7,0,0,0,1,0,0,0,0,5.74129E+20,6.02766E+21,1.01416E+16,5.43913E+16
2976,2977,1,0,55,4,2016,7,10,2,3,2,6,0,0,0,1,0,0,0,0,6.11948E+20,5.97677E+21,1.07049E+16,5.39272E+16
2977,2978,1,0,59,75,2016,6,12,5,3,2,6,0,0,0,1,0,0,0,0,5.35394E+20,6.04086E+21,9.54672E+15,5.45141E+16
2978,2979,1,0,3,0,2016,6,15,4,2,0,7,0,0,0,0,0,0,0,1,6.11952E+20,5.96838E+21,1.07019E+16,5.38518E+16
2979,2980,1,0,2,0,2016,5,8,4,3,5,2,0,0,1,1,0,0,0,0,5.73233E+20,6.01846E+21,1.01256E+16,5.43087E+16
2980,2981,1,0,55,41,2016,7,18,1,2,5,3,0,0,0,1,0,0,0,0,6.11147E+20,5.99403E+21,1.06991E+16,5.40824E+16
2981,2982,1,0,4,0,2016,6,11,5,3,4,6,0,0,1,0,0,0,0,0,5.64738E+20,5.9914E+21,9.98921E+15,5.40668E+16
2982,2983,1,0,3,0,2016,6,13,2,3,5,3,0,0,1,1,0,0,0,0,6.11778E+20,5.9686E+21,1.06994E+16,5.38539E+16
2983,2984,1,0,59,171,2016,6,10,5,3,5,2,0,0,0,0,0,1,0,1,5.26059E+20,6.0575E+21,9.40401E+15,5.46642E+16
2984,2985,1,0,58,144,2016,6,13,5,3,2,6,0,0,0,1,0,0,0,0,5.62899E+20,6.00198E+21,9.96332E+15,5.4162E+16
2985,2986,1,0,58,38,2016,5,18,1,3,8,7,0,0,0,1,0,0,0,0,5.61028E+20,6.00475E+21,9.93524E+15,5.41872E+16
2986,2987,1,0,56,15,2016,6,22,5,3,0,1,1,1,0,0,0,1,0,0,5.4352E+20,5.95703E+21,9.66013E+15,5.376E+16