FID,OBJECTID,ULAND,UREGBEZ,UKREIS,UGEMEINDE,UJAHR,UMONAT,USTUNDE,UWOCHENTAG,UKATEGORIE,UART,UTYP1,ULICHTVERH,IstStrasse,IstRad,IstPKW,IstFuss,IstKrad,IstGkfz,IstSonstig,LINREFX,LINREFY,XGCSWGS84,YGCSWGS84
2987,2988,1,0,1,0,2016,6,7,5,3,0,1,0,1,1,0,0,0,0,0,5.28007E+20,6.07035E+21,9.43544E+15,5.47796E+16
2988,2989,1,0,54,88,2016,7,13,1,3,0,1,0,0,1,0,0,0,0,0,4.87975E+20,6.07E+21,8.81305E+15,5.47771E+16
2989,2990,1,0,62,8,2016,6,16,5,3,2,6,0,0,0,1,0,0,0,0,5.99603E+20,5.96459E+21,1.05131E+16,5.38203E+16
2990,2991,1,0,56,41,2016,7,15,6,3,5,3,0,1,0,1,0,0,0,0,5.59982E+20,5.952E+21,9.90884E+15,5.37133E+16
2991,2992,1,0,58,24,2016,5,8,2,3,5,3,0,1,0,1,0,0,0,0,5.45281E+20,6.02103E+21,9.6964E+15,5.43351E+16
2992,2993,1,0,55,1,2016,5,8,1,2,9,7,0,0,0,1,0,0,0,0,6.03317E+20,5.99187E+21,1.05787E+16,5.40647E+16
2993,2994,1,0,62,1,2016,6,17,7,3,0,3,0,0,0,1,0,1,0,0,5.80257E+20,5.9464E+21,1.02145E+16,5.36602E+16
2994,2995,1,0,2,0,2016,5,13,2,3,2,6,0,0,0,1,0,0,0,0,5.72838E+20,6.01804E+21,1.01194E+16,5.43051E+16
2995,2996,1,0,4,0,2016,5,19,3,2,4,6,0,0,0,1,0,0,0,0,5.64747E+20,5.99522E+21,9.99017E+15,5.41011E+16
2996,2997,1,0,56,39,2016,6,18,4,3,2,6,0,0,0,1,0,0,0,0,5.51902E+20,5.94581E+21,9.78539E+15,5.36585E+16
2997,2998,1,0,57,73,2016,5,12,4,2,8,1,0,0,0,1,0,0,0,0,5.88528E+20,6.02928E+21,1.03638E+16,5.44036E+16
2998,2999,1,0,56,2,2016,7,12,1,3,0,3,0,0,1,1,0,0,0,0,5.50151E+20,5.95893E+21,9.76102E+15,5.37765E+16
2999,3000,1,0,4,0,2016,6,9,5,3,5,7,0,0,1,1,0,0,0,0,5.6441E+20,5.99304E+21,9.98456E+15,5.40815E+16
3000,3001,1,0,55,22,2016,6,6,2,2,8,1,0,0,0,1,0,0,0,0,6.30885E+20,6.01989E+21,1.10118E+16,5.43101E+16
3001,3002,1,0,2,0,2016,6,9,5,3,5,3,0,0,1,1,0,0,0,0,5.74414E+20,6.01766E+21,1.01435E+16,5.43014E+16
3002,3003,1,0,58,72,2016,5,18,1,3,0,1,0,0,1,0,0,0,0,0,5.26824E+20,5.99781E+21,9.41048E+15,5.41278E+16
3003,3004,1,0,60,27,2016,6,8,6,3,2,6,0,0,0,1,0,0,0,0,5.61156E+20,5.98433E+21,9.93307E+15,5.40037E+16
3004,3005,1,0,2,0,2016,6,10,5,3,5,3,0,0,0,1,0,0,0,0,5.73505E+20,6.01903E+21,1.01299E+16,5.43139E+16
3005,3006,1,0,58,94,2016,7,12,1,3,9,1,0,1,0,0,0,1,0,0,5.59366E+20,6.01008E+21,9.91082E+15,5.42352E+16
3006,3007,1,0,3,0,2016,5,17,3,3,2,6,0,1,0,1,0,0,0,0,6.12885E+20,5.96977E+21,1.07166E+16,5.38641E+16
3007,3008,1,0,2,0,2016,6,14,5,2,5,3,0,0,1,0,0,0,0,0,5.71402E+20,6.01961E+21,1.00977E+16,5.43194E+16
3008,3009,1,0,58,128,2016,7,2,7,3,9,1,2,1,0,1,0,0,0,0,5.60892E+20,5.98859E+21,9.9299E+15,5.40419E+16
3009,3010,1,0,56,17,2016,5,10,2,3,5,3,0,0,0,1,0,0,1,0,5.48204E+20,5.9635E+21,9.7322E+15,5.38178E+16
3010,3011,1,0,62,89,2016,5,10,2,3,3,6,0,0,0,1,0,0,1,0,5.9043E+20,5.95701E+21,1.03715E+16,5.37538E+16
3011,3012,1,0,53,100,2016,5,16,1,3,2,6,0,0,0,1,0,0,0,1,6.14448E+20,5.95227E+21,1.07339E+16,5.37065E+16
3012,3013,1,0,58,132,2016,6,15,1,3,2,6,0,0,0,1,0,0,0,0,5.48132E+20,6.01949E+21,9.74E+15,5.4321E+16
3013,3014,1,0,58,24,2016,5,17,2,3,4,1,0,0,0,1,0,1,0,0,5.4528E+20,6.02102E+21,9.69638E+15,5.4335E+16
3014,3015,1,0,58,69,2016,5,17,3,2,9,1,0,0,0,1,0,0,0,0,5.53604E+20,6.02993E+21,9.826E+15,5.44143E+16
3015,3016,1,0,58,64,2016,7,16,4,3,2,6,0,1,0,1,0,0,0,0,5.72711E+20,6.00189E+21,1.01135E+16,5.41599E+16
3016,3017,1,0,59,106,2016,5,20,7,1,4,1,0,0,0,1,0,0,0,0,5.4382E+20,6.07011E+21,9.68125E+15,5.47763E+16
3017,3018,1,0,53,14,2016,7,5,4,3,2,6,0,1,0,1,0,0,0,1,6.0783E+20,5.94085E+21,1.06297E+16,5.36053E+16
3018,3019,1,0,3,0,2016,6,14,2,3,3,6,0,0,1,0,0,0,0,0,6.18632E+20,5.97559E+21,1.08062E+16,5.39152E+16
3019,3020,1,0,58,78,2016,5,11,6,3,8,1,0,0,0,1,0,0,0,0,5.34406E+20,6.01745E+21,9.52875E+15,5.43038E+16
3020,3021,1,0,56,41,2016,6,12,7,2,2,6,0,0,0,1,0,1,0,0,5.59858E+20,5.95512E+21,9.90756E+15,5.37413E+16
3021,3022,1,0,56,48,2016,7,10,6,3,2,6,0,0,0,1,0,0,0,0,5.47442E+20,5.9502E+21,9.71857E+15,5.36983E+16
3022,3023,1,0,60,4,2016,5,12,5,2,5,3,0,0,1,1,0,0,0,0,5.58326E+20,5.97521E+21,9.88815E+15,5.3922E+16
3023,3024,1,0,59,45,2016,6,0,7,2,9,1,2,0,0,1,0,0,0,0,5.59302E+20,6.05727E+21,9.91929E+15,5.46594E+16
3024,3025,1,0,54,38,2016,6,7,4,3,2,6,0,1,0,1,0,0,0,0,5.07133E+20,6.05902E+21,9.11063E+15,5.46785E+16
3025,3026,1,0,56,49,2016,7,11,5,3,5,3,0,0,1,1,0,0,0,0,5.43501E+20,5.94852E+21,9.65866E+15,5.36836E+16
3026,3027,1,0,55,1,2016,6,18,7,2,2,2,0,1,0,1,0,0,0,1,6.04087E+20,5.98248E+21,1.05872E+16,5.39801E+16
3027,3028,1,0,57,57,2016,6,10,3,3,2,6,0,0,0,1,0,0,0,0,5.93613E+20,6.00218E+21,1.04336E+16,5.41592E+16
3028,3029,1,0,57,29,2016,7,9,3,2,4,6,0,0,1,0,0,0,0,0,5.97993E+20,6.02576E+21,1.05084E+16,5.43702E+16
3029,3030,1,0,2,0,2016,6,8,3,3,2,6,0,0,0,1,0,0,0,0,5.72157E+20,6.01866E+21,1.01091E+16,5.43107E+16
3030,3031,1,0,58,54,2016,5,12,4,2,5,3,0,0,0,0,0,1,0,1,5.39185E+20,6.02156E+21,9.60273E+15,5.43403E+16
3031,3032,1,0,3,0,2016,7,8,3,3,3,2,0,0,1,1,0,0,0,0,6.11032E+20,5.96843E+21,1.0688E+16,5.38524E+16
3032,3033,1,0,2,0,2016,6,12,1,3,9,1,0,1,0,1,0,0,0,0,5.74339E+20,6.01772E+21,1.01424E+16,5.43019E+16
3033,3034,1,0,2,0,2016,6,19,6,3,0,6,0,0,0,1,0,1,0,0,5.72439E+20,6.02026E+21,1.01138E+16,5.43251E+16
3034,3035,1,0,1,0,2016,6,14,2,3,9,1,0,0,1,0,0,0,0,0,5.29648E+20,6.07379E+21,9.4613E+15,5.48104E+16
3035,3036,1,0,2,0,2016,6,13,6,2,5,3,0,0,1,1,0,0,0,0,5.73664E+20,6.0163E+21,1.01317E+16,5.42893E+16
3036,3037,1,0,58,135,2016,7,18,4,2,3,6,0,0,0,1,0,0,1,0,5.40973E+20,6.01799E+21,9.62973E+15,5.43082E+16
3037,3038,1,0,56,43,2016,5,16,5,3,5,3,0,0,1,1,0,0,0,0,5.54834E+20,5.94501E+21,9.82961E+15,5.36509E+16
3038,3039,1,0,51,44,2016,6,16,5,3,5,2,0,0,1,1,0,0,0,0,5.07273E+20,6.00544E+21,9.11148E+15,5.41969E+16
3039,3040,1,0,54,152,2016,6,17,6,3,5,3,0,0,0,1,0,0,0,0,5.13466E+20,6.04058E+21,9.20799E+15,5.45126E+16
3040,3041,1,0,62,1,2016,6,22,6,3,0,1,2,1,0,0,0,1,0,0,5.81493E+20,5.94894E+21,1.02339E+16,5.36828E+16
3041,3042,1,0,58,122,2016,5,16,3,2,8,7,0,0,0,1,0,0,0,0,5.49832E+20,6.01808E+21,9.76589E+15,5.43082E+16
3042,3043,1,0,55,18,2016,6,22,7,2,7,7,2,0,0,0,0,1,0,0,6.33189E+20,6.0151E+21,1.10451E+16,5.42665E+16
3043,3044,1,0,54,160,2016,6,12,2,3,0,2,0,1,1,0,0,0,0,1,4.58613E+20,6.05402E+21,8.35886E+15,5.46319E+16
3044,3045,1,0,59,75,2016,7,13,6,3,0,1,0,1,1,0,0,0,0,0,5.35686E+20,6.04181E+21,9.55134E+15,5.45226E+16
3045,3046,1,0,62,9,2016,5,15,6,3,2,6,0,0,0,1,0,0,0,0,5.81407E+20,5.93523E+21,1.0229E+16,5.35596E+16
3046,3047,1,0,58,104,2016,7,11,2,2,5,3,0,1,0,1,0,0,0,0,5.67332E+20,6.01778E+21,1.00348E+16,5.43034E+16
3047,3048,1,0,58,146,2016,6,16,5,3,2,6,0,0,0,1,0,0,1,0,5.48868E+20,6.01824E+21,9.7511E+15,5.43097E+16
3048,3049,1,0,58,107,2016,6,0,4,3,1,5,2,0,0,1,0,0,0,0,5.6962E+20,6.0155E+21,1.00694E+16,5.42826E+16
3049,3050,1,0,59,75,2016,5,13,4,3,2,6,0,0,0,1,0,0,1,0,5.35148E+20,6.04194E+21,9.54304E+15,5.45238E+16
3050,3051,1,0,54,116,2016,7,6,1,3,8,1,0,1,0,1,0,0,0,0,5.13159E+20,6.02723E+21,9.20266E+15,5.43927E+16
3051,3052,1,0,61,92,2016,6,14,3,3,2,6,0,1,0,1,0,0,0,0,5.3912E+20,5.96784E+21,9.59478E+15,5.38576E+16
3052,3053,1,0,59,83,2016,6,11,5,3,5,3,0,0,1,1,0,0,0,0,5.50716E+20,6.05475E+21,9.78576E+15,5.46376E+16
3053,3054,1,0,58,58,2016,6,10,2,3,2,6,0,0,0,1,0,0,0,0,5.62983E+20,6.02957E+21,9.97042E+15,5.441E+16
3054,3055,1,0,61,46,2016,6,8,4,3,2,2,0,0,0,1,0,0,0,0,5.33713E+20,5.97592E+21,9.51346E+15,5.39306E+16
3055,3056,1,0,60,63,2016,6,18,4,3,0,7,0,0,1,1,0,0,0,0,5.68355E+20,5.9491E+21,1.0035E+16,5.36862E+16
3056,3057,1,0,56,39,2016,5,23,7,2,0,1,2,0,0,0,0,1,0,0,5.5096E+20,5.94421E+21,9.77087E+15,5.36442E+16
3057,3058,1,0,58,127,2016,7,10,5,3,8,1,0,0,0,1,0,0,0,0,5.40094E+20,6.02852E+21,9.61765E+15,5.44028E+16
3058,3059,1,0,55,4,2016,5,22,5,2,5,3,2,1,1,1,0,0,0,0,6.11343E+20,5.97592E+21,1.06954E+16,5.39197E+16
3059,3060,1,0,59,93,2016,6,14,5,3,8,6,0,1,0,1,0,0,0,0,5.38442E+20,6.05295E+21,9.59538E+15,5.46225E+16
3060,3061,1,0,51,44,2016,7,6,7,3,7,7,0,1,0,0,0,0,0,1,5.0813E+20,6.00552E+21,9.12462E+15,5.41977E+16
3061,3062,1,0,55,35,2016,5,9,3,3,1,7,0,0,0,1,0,0,0,0,6.13884E+20,5.9791E+21,1.07353E+16,5.39477E+16
3062,3063,1,0,51,49,2016,6,12,4,2,5,3,0,0,0,1,0,1,0,0,5.1101E+20,6.0152E+21,9.16911E+15,5.42846E+16
3063,3064,1,0,53,23,2016,7,14,6,3,2,6,0,0,0,1,0,0,0,0,5.90427E+20,5.92755E+21,1.03629E+16,5.34892E+16
3064,3065,1,0,2,0,2016,5,17,2,3,8,1,0,0,0,1,0,0,0,0,5.72707E+20,6.02349E+21,1.01187E+16,5.4354E+16
3065,3066,1,0,57,80,2016,5,11,1,2,8,1,0,0,0,0,0,1,0,0,5.82962E+20,6.00187E+21,1.02705E+16,5.41582E+16
3066,3067,1,0,1,0,2016,6,10,7,3,5,3,0,0,1,1,0,0,0,0,5.2818E+20,6.07034E+21,9.43814E+15,5.47795E+16
3067,3068,1,0,51,44,2016,5,18,1,3,5,2,0,1,0,1,0,0,0,0,5.08133E+20,6.00552E+21,9.12467E+15,5.41977E+16
3068,3069,1,0,61,3,2016,7,21,3,3,8,1,1,1,0,0,0,1,0,0,5.28942E+20,5.98682E+21,9.44184E+15,5.40289E+16
3069,3070,1,0,2,0,2016,6,13,4,3,1,5,0,0,0,1,0,0,0,0,5.72991E+20,6.02115E+21,1.01225E+16,5.43329E+16
3070,3071,1,0,2,0,2016,7,13,4,3,6,4,0,0,0,1,1,0,0,0,5.73674E+20,6.02125E+21,1.01331E+16,5.43338E+16
3071,3072,1,0,62,11,2016,6,5,2,2,8,7,0,1,0,1,0,0,0,0,5.81775E+20,5.94204E+21,1.02363E+16,5.36208E+16
3072,3073,1,0,60,7,2016,6,20,2,3,6,7,0,0,0,1,0,0,0,1,5.74971E+20,5.97526E+21,1.01416E+16,5.39203E+16
3073,3074,1,0,4,0,2016,6,4,7,3,8,7,1,0,0,1,0,0,0,0,5.60831E+20,5.99398E+21,9.93004E+15,5.40904E+16
3074,3075,1,0,1,0,2016,5,7,4,3,2,6,0,1,0,1,0,1,0,0,5.26212E+20,6.06802E+21,9.40732E+15,5.47587E+16
3075,3076,1,0,60,4,2016,5,5,5,3,5,3,0,0,0,1,0,0,0,0,5.59216E+20,5.97438E+21,9.90154E+15,5.39144E+16
3076,3077,1,0,56,15,2016,6,19,6,3,0,7,0,0,1,0,0,0,0,0,5.43002E+20,5.9564E+21,9.65219E+15,5.37545E+16
3077,3078,1,0,60,4,2016,6,16,3,3,5,2,0,0,0,1,0,0,0,0,5.61431E+20,5.97329E+21,9.93504E+15,5.39044E+16
3078,3079,1,0,3,0,2016,7,11,5,2,5,3,0,0,1,1,0,0,0,0,6.11243E+20,5.9717E+21,1.06924E+16,5.38818E+16
3079,3080,1,0,2,0,2016,6,1,7,3,5,3,2,0,0,1,0,0,0,0,5.72471E+20,6.02112E+21,1.01145E+16,5.43328E+16
3080,3081,1,0,58,53,2016,6,18,1,3,1,5,0,0,0,1,0,0,0,0,5.68488E+20,6.01085E+21,1.00509E+16,5.4241E+16
3081,3082,1,0,58,169,2016,6,23,3,3,9,7,2,0,0,1,0,0,0,0,5.60385E+20,5.99176E+21,9.92278E+15,5.40705E+16
3082,3083,1,0,51,4,2016,7,12,2,2,2,6,0,0,0,1,0,0,0,0,5.11191E+20,5.9944E+21,9.17113E+15,5.40977E+16
3083,3084,1,0,62,23,2016,6,22,3,3,2,7,2,0,0,1,0,0,0,0,5.85496E+20,5.94573E+21,1.02936E+16,5.36533E+16
3084,3085,1,0,3,0,2016,7,11,6,3,1,5,0,0,1,1,0,0,0,0,6.10915E+20,5.9729E+21,1.06878E+16,5.38927E+16
3085,3086,1,0,4,0,2016,7,16,3,3,5,3,0,1,0,1,0,0,0,0,5.63504E+20,5.98988E+21,9.97004E+15,5.40533E+16
3086,3087,1,0,53,100,2016,6,21,5,3,0,7,1,0,1,0,0,0,0,0,6.16031E+20,5.95155E+21,1.07576E+16,5.36998E+16
3087,3088,1,0,56,24,2016,6,15,1,3,6,7,0,0,1,0,1,0,0,0,5.4426E+20,5.94435E+21,9.66955E+15,5.3646E+16
3088,3089,1,0,57,57,2016,7,12,2,3,3,6,0,0,1,0,0,0,0,0,5.91941E+20,6.00169E+21,1.04079E+16,5.4155E+16
3089,3090,1,0,59,161,2016,7,20,4,3,5,3,0,0,0,1,0,0,0,0,5.43095E+20,6.06338E+21,9.66898E+15,5.47159E+16
3090,3091,1,0,3,0,2016,7,7,4,3,2,6,0,1,0,1,0,0,0,1,6.12324E+20,5.97209E+21,1.07089E+16,5.38851E+16
3091,3092,1,0,1,0,2016,6,6,2,3,5,3,0,1,0,1,0,0,0,0,5.2491E+20,6.06519E+21,9.38686E+15,5.47334E+16
3092,3093,1,0,3,0,2016,5,19,6,3,9,6,0,1,0,0,0,1,0,1,6.0641E+20,5.96625E+21,1.0617E+16,5.38338E+16
3093,3094,1,0,62,6,2016,6,15,7,2,0,1,0,0,1,0,0,0,0,0,5.82587E+20,5.95309E+21,1.02516E+16,5.37199E+16
3094,3095,1,0,55,40,2016,5,16,5,3,9,7,0,0,0,1,0,0,0,0,6.07764E+20,5.9748E+21,1.06406E+16,5.39104E+16
3095,3096,1,0,61,116,2016,6,10,6,3,5,3,0,0,1,0,0,0,1,0,5.49286E+20,5.97608E+21,9.75066E+15,5.39308E+16
3096,3097,1,0,56,41,2016,6,15,4,3,2,6,0,0,0,1,0,0,0,1,5.62537E+20,5.95564E+21,9.94828E+15,5.37456E+16
3097,3098,1,0,62,16,2016,7,13,5,3,5,3,0,0,0,1,0,0,0,0,5.83277E+20,5.95815E+21,1.02634E+16,5.37653E+16
3098,3099,1,0,55,35,2016,6,10,7,3,8,1,0,1,0,1,0,0,0,0,6.13E+20,5.97811E+21,1.07215E+16,5.3939E+16
3099,3100,1,0,53,128,2016,6,22,1,3,8,1,1,0,0,0,0,1,0,0,6.03438E+20,5.92437E+21,1.05579E+16,5.34581E+16
3100,3101,1,0,59,112,2016,6,8,3,3,1,5,0,0,1,1,0,0,0,0,5.57832E+20,6.06714E+21,9.89846E+15,5.47482E+16
3101,3102,1,0,54,45,2016,7,6,3,3,5,3,0,0,0,1,0,0,1,0,5.04012E+20,6.05515E+21,9.06217E+15,5.46438E+16
3102,3103,1,0,59,159,2016,6,7,3,3,2,6,0,0,0,1,0,0,0,0,5.28605E+20,6.0579E+21,9.44352E+15,5.46677E+16
3103,3104,1,0,2,0,2016,5,16,4,3,2,6,0,0,0,1,0,0,0,0,5.72618E+20,6.018E+21,1.0116E+16,5.43047E+16
3104,3105,1,0,55,32,2016,7,10,3,3,2,6,0,0,0,1,0,0,0,0,6.19658E+20,5.99666E+21,1.08301E+16,5.41042E+16
3105,3106,1,0,1,0,2016,6,13,6,3,5,3,0,1,1,1,0,0,0,0,5.27648E+20,6.07214E+21,9.43003E+15,5.47957E+16
3106,3107,1,0,55,35,2016,6,20,2,2,3,6,0,0,0,1,0,0,0,0,6.13915E+20,5.98115E+21,1.07365E+16,5.39661E+16
3107,3108,1,0,59,120,2016,6,10,6,3,5,3,0,0,0,1,0,0,0,0,5.23886E+20,6.07135E+21,9.37146E+15,5.47888E+16
3108,3109,1,0,2,0,2016,6,15,3,3,2,6,0,0,0,1,0,0,0,0,5.73069E+20,6.02103E+21,1.01237E+16,5.43319E+16
3109,3110,1,0,60,39,2016,6,15,5,3,5,3,0,0,1,1,0,0,0,0,5.64613E+20,5.96071E+21,9.98083E+15,5.3791E+16
3110,3111,1,0,4,0,2016,6,14,6,3,5,3,0,0,1,1,0,0,0,0,5.63668E+20,5.99064E+21,9.97271E+15,5.40601E+16
3111,3112,1,0,56,39,2016,5,12,6,3,4,7,0,0,0,1,0,0,0,0,5.51029E+20,5.94407E+21,9.7719E+15,5.36429E+16
3112,3113,1,0,59,45,2016,6,10,7,3,0,7,0,0,1,0,0,0,0,0,5.63328E+20,6.06208E+21,9.98273E+15,5.47021E+16
3113,3114,1,0,55,35,2016,6,19,2,3,0,1,0,0,0,0,0,1,0,0,6.14678E+20,5.97962E+21,1.07476E+16,5.39522E+16
3114,3115,1,0,58,98,2016,7,19,6,3,2,6,0,1,0,1,0,0,0,0,5.62896E+20,5.99987E+21,9.96284E+15,5.41431E+16
3115,3116,1,0,60,4,2016,5,8,5,3,5,3,0,1,0,1,0,0,0,0,5.57898E+20,5.97408E+21,9.88141E+15,5.39119E+16
3116,3117,1,0,54,128,2016,7,5,2,3,2,6,0,0,0,1,0,0,1,0,4.9963E+20,6.04909E+21,8.99428E+15,5.45893E+16
3117,3118,1,0,56,41,2016,6,13,4,3,0,7,0,0,1,0,0,0,0,0,5.5902E+20,5.95413E+21,9.89467E+15,5.37325E+16
3118,3119,1,0,54,164,2016,6,11,4,3,2,6,0,0,0,1,0,0,0,0,4.70942E+20,6.06088E+21,8.54916E+15,5.46944E+16
3119,3120,1,0,60,85,2016,6,20,5,3,0,6,0,0,0,1,0,0,0,1,5.78315E+20,5.96455E+21,1.01897E+16,5.38236E+16
3120,3121,1,0,60,44,2016,7,14,7,3,8,1,0,0,0,0,0,1,0,0,5.63286E+20,5.96711E+21,9.96199E+15,5.38486E+16
3121,3122,1,0,53,41,2016,6,16,3,3,5,2,0,0,1,1,0,0,0,0,6.14654E+20,5.96413E+21,1.07414E+16,5.38131E+16
3122,3123,1,0,59,83,2016,6,21,2,3,5,3,1,1,0,1,0,1,0,0,5.49593E+20,6.05462E+21,9.76835E+15,5.46365E+16
3123,3124,1,0,4,0,2016,5,7,3,3,5,3,0,0,1,0,0,0,0,1,5.63802E+20,5.99157E+21,9.97496E+15,5.40684E+16
3124,3125,1,0,60,63,2016,6,9,4,3,0,2,0,0,0,1,0,0,0,1,5.68294E+20,5.94895E+21,1.00341E+16,5.36848E+16
3125,3126,1,0,55,33,2016,6,0,4,3,0,7,2,0,1,0,0,0,0,0,6.21765E+20,6.01799E+21,1.0871E+16,5.42953E+16
3126,3127,1,0,55,32,2016,5,14,7,3,5,3,0,0,0,1,0,1,0,0,6.17241E+20,5.99608E+21,1.0793E+16,5.40995E+16
3127,3128,1,0,2,0,2016,7,20,5,3,1,5,0,0,1,1,0,0,0,0,5.73668E+20,6.02123E+21,1.0133E+16,5.43336E+16
3128,3129,1,0,2,0,2016,6,18,3,3,2,6,0,0,0,1,0,0,0,0,5.72481E+20,6.02205E+21,1.01149E+16,5.43411E+16
3129,3130,1,0,4,0,2016,5,9,5,3,0,7,0,0,0,0,0,0,0,1,5.61311E+20,5.99158E+21,9.93689E+15,5.40687E+16
3130,3131,1,0,60,5,2016,6,10,4,3,1,7,0,0,0,0,0,0,1,1,5.85992E+20,5.97691E+21,1.03098E+16,5.39334E+16
3131,3132,1,0,3,0,2016,7,16,7,3,2,6,0,1,0,1,0,0,0,0,6.10831E+20,5.96784E+21,1.06847E+16,5.38473E+16
3132,3133,1,0,2,0,2016,6,21,4,3,8,6,1,1,0,1,0,0,1,0,5.74815E+20,6.01278E+21,1.01485E+16,5.42575E+16
3133,3134,1,0,60,4,2016,6,12,4,3,5,2,0,0,0,1,0,0,0,0,5.59219E+20,5.97439E+21,9.90158E+15,5.39145E+16
3134,3135,1,0,4,0,2016,7,14,6,3,0,6,0,1,0,1,0,1,0,0,5.65768E+20,5.9925E+21,1.00052E+16,5.40765E+16
3135,3136,1,0,51,54,2016,6,16,6,3,9,7,0,1,0,1,0,0,0,0,5.19479E+20,6.00456E+21,9.29851E+15,5.41887E+16
3136,3137,1,0,53,136,2016,5,13,1,2,0,7,0,0,0,0,0,1,0,0,6.19435E+20,5.95076E+21,1.08088E+16,5.36919E+16
3137,3138,1,0,53,100,2016,7,15,3,3,2,6,0,1,0,1,0,0,0,0,6.15299E+20,5.95148E+21,1.07465E+16,5.36992E+16
3138,3139,1,0,1,0,2016,6,17,4,3,5,2,0,0,1,1,0,0,0,0,5.28007E+20,6.07035E+21,9.43544E+15,5.47796E+16
3139,3140,1,0,54,56,2016,7,7,4,3,2,6,0,0,0,1,0,0,0,0,5.03062E+20,6.03754E+21,9.04726E+15,5.44854E+16
3140,3141,1,0,61,27,2016,6,13,1,3,0,1,0,0,1,0,0,0,0,0,5.30467E+20,5.95819E+21,9.46227E+15,5.37715E+16
3141,3142,1,0,62,1,2016,6,17,2,3,5,3,0,0,1,0,0,0,0,0,5.81707E+20,5.94816E+21,1.02369E+16,5.36758E+16
3142,3143,1,0,60,9,2016,6,16,6,2,5,3,0,0,1,1,0,0,0,0,5.62609E+20,5.97686E+21,9.95369E+15,5.39364E+16
3143,3144,1,0,56,15,2016,5,18,3,3,5,3,0,0,1,1,0,0,0,0,5.4433E+20,5.95726E+21,9.67246E+15,5.37621E+16
3144,3145,1,0,3,0,2016,5,12,5,3,3,6,0,0,0,1,0,0,0,0,6.0952E+20,5.97133E+21,1.0666E+16,5.38789E+16
3145,3146,1,0,62,27,2016,6,7,6,3,2,2,0,0,0,1,0,0,0,0,5.88552E+20,5.95288E+21,1.03419E+16,5.37171E+16
3146,3147,1,0,55,21,2016,6,17,3,3,5,3,0,0,0,1,0,0,0,0,6.27765E+20,6.02589E+21,1.09665E+16,5.43648E+16
3147,3148,1,0,59,75,2016,6,22,7,2,5,3,2,1,0,1,0,0,0,1,5.36366E+20,6.04189E+21,9.56186E+15,5.45233E+16
3148,3149,1,0,54,56,2016,6,13,1,3,5,3,0,0,1,1,0,0,0,0,4.99715E+20,6.04086E+21,8.9956E+15,5.45153E+16
3149,3150,1,0,56,18,2016,6,16,2,3,6,6,0,0,1,0,1,0,0,0,5.55339E+20,5.94275E+21,9.83685E+15,5.36306E+16
3150,3151,1,0,60,7,2016,7,14,2,3,5,3,0,0,0,1,0,0,0,0,5.71705E+20,5.97519E+21,1.00918E+16,5.39202E+16
3151,3152,1,0,3,0,2016,7,15,6,3,2,2,0,0,0,1,0,0,1,0,6.09074E+20,5.97074E+21,1.0659E+16,5.38737E+16
3152,3153,1,0,58,139,2016,7,16,3,2,2,6,0,1,0,1,0,0,0,0,5.67858E+20,6.0134E+21,1.00418E+16,5.42641E+16
3153,3154,1,0,58,124,2016,6,18,5,3,3,6,0,0,0,1,0,0,0,1,5.45888E+20,6.0161E+21,9.70498E+15,5.42907E+16
3154,3155,1,0,3,0,2016,7,10,2,3,2,1,0,0,0,1,0,0,0,0,6.09772E+20,5.9632E+21,1.0667E+16,5.38057E+16
3155,3156,1,0,56,50,2016,6,10,5,3,5,3,0,0,0,1,0,1,0,0,5.47045E+20,5.93724E+21,9.71061E+15,5.35819E+16
3156,3157,1,0,61,118,2016,6,15,2,2,2,6,0,0,0,1,0,0,0,0,5.31432E+20,5.95677E+21,9.47677E+15,5.37586E+16
3157,3158,1,0,3,0,2016,6,10,5,3,3,2,0,0,1,1,0,0,0,0,6.12337E+20,5.97078E+21,1.07087E+16,5.38733E+16
3158,3159,1,0,59,183,2016,6,8,6,3,5,3,0,0,1,1,0,0,0,0,5.20911E+20,6.06902E+21,9.32502E+15,5.4768E+16
3159,3160,1,0,2,0,2016,5,11,6,3,5,2,0,0,0,1,0,0,0,0,5.70862E+20,6.02343E+21,1.00903E+16,5.43538E+16
3160,3161,1,0,62,6,2016,6,23,5,3,7,7,2,0,1,0,0,0,0,0,5.83684E+20,5.95401E+21,1.02684E+16,5.3728E+16
3161,3162,1,0,60,84,2016,7,18,1,3,8,1,0,0,0,0,0,1,0,0,5.74767E+20,5.96985E+21,1.01371E+16,5.38718E+16
3162,3163,1,0,60,44,2016,5,16,3,2,0,7,0,0,0,1,0,1,0,0,5.62209E+20,5.96639E+21,9.94549E+15,5.38423E+16
3163,3164,1,0,4,0,2016,6,16,5,3,0,7,0,0,0,0,0,1,0,0,5.65772E+20,5.98941E+21,1.00046E+16,5.40487E+16
3164,3165,1,0,4,0,2016,7,10,7,3,5,3,0,0,1,1,0,0,0,0,5.64085E+20,5.99025E+21,9.979E+15,5.40565E+16
3165,3166,1,0,54,131,2016,5,9,2,3,8,1,0,1,0,1,0,0,0,0,4.9479E+20,6.07966E+21,8.91883E+15,5.4864E+16
3166,3167,1,0,56,15,2016,6,15,1,3,2,6,0,0,0,1,0,0,0,1,5.45538E+20,5.95576E+21,9.69056E+15,5.37484E+16
3167,3168,1,0,59,10,2016,5,8,3,2,3,6,0,0,0,1,0,0,1,0,5.30051E+20,6.04873E+21,9.46499E+15,5.45851E+16
3168,3169,1,0,58,4,2016,6,18,4,3,0,1,0,1,1,0,0,0,0,0,5.56583E+20,6.03364E+21,9.8726E+15,5.44473E+16
3169,3170,1,0,1,0,2016,5,16,7,3,2,6,0,0,0,1,0,1,0,0,5.26877E+20,6.07189E+21,9.41801E+15,5.47934E+16
3170,3171,1,0,58,77,2016,5,15,7,3,2,1,0,0,0,1,0,0,0,0,5.42512E+20,5.99474E+21,9.65009E+15,5.4099E+16
3171,3172,1,0,62,23,2016,7,6,5,3,3,6,0,0,0,1,0,0,0,1,5.86478E+20,5.94814E+21,1.03091E+16,5.36748E+16