FID,OBJECTID,ULAND,UREGBEZ,UKREIS,UGEMEINDE,UJAHR,UMONAT,USTUNDE,UWOCHENTAG,UKATEGORIE,UART,UTYP1,ULICHTVERH,IstStrasse,IstRad,IstPKW,IstFuss,IstKrad,IstGkfz,IstSonstig,LINREFX,LINREFY,XGCSWGS84,YGCSWGS84
3172,3173,1,0,60,67,2016,6,13,2,3,8,1,0,1,0,1,0,0,0,0,6.00775E+20,5.97714E+21,1.0535E+16,5.39328E+16
3173,3174,1,0,61,33,2016,6,11,5,2,5,3,0,0,1,1,0,0,0,0,5.30305E+20,5.987E+21,9.46266E+15,5.40304E+16
3174,3175,1,0,53,7,2016,6,15,3,3,2,6,0,0,0,1,0,0,0,0,5.98675E+20,5.93646E+21,1.049E+16,5.35677E+16
3175,3176,1,0,55,32,2016,6,17,5,3,3,2,0,0,1,1,0,0,0,0,6.18098E+20,5.99679E+21,1.08063E+16,5.41057E+16
3176,3177,1,0,2,0,2016,6,15,6,3,0,1,0,0,1,0,0,0,0,0,5.7363E+20,6.0208E+21,1.01323E+16,5.43298E+16
3177,3178,1,0,53,20,2016,5,13,6,3,6,6,0,0,1,0,1,0,0,0,6.07214E+20,5.92741E+21,1.06158E+16,5.34847E+16
3178,3179,1,0,60,36,2016,6,11,5,2,9,7,0,0,0,1,0,0,0,0,5.63849E+20,5.97291E+21,9.97175E+15,5.39007E+16
3179,3180,1,0,62,91,2016,5,19,5,3,8,1,0,1,0,1,0,0,0,0,5.92021E+20,5.95211E+21,1.03942E+16,5.37095E+16
3180,3181,1,0,3,0,2016,7,16,2,3,3,6,0,0,0,1,0,0,0,0,6.16672E+20,5.97492E+21,1.07761E+16,5.39095E+16
3181,3182,1,0,60,40,2016,5,8,3,3,8,7,0,0,0,0,0,1,0,0,5.5525E+20,5.97657E+21,9.84156E+15,5.39346E+16
3182,3183,1,0,53,75,2016,6,18,5,3,5,3,0,0,1,1,0,0,0,0,6.08304E+20,5.96021E+21,1.06436E+16,5.37792E+16
3183,3184,1,0,62,53,2016,7,9,7,2,0,7,0,0,0,0,0,0,0,1,5.7888E+20,5.93313E+21,1.01903E+16,5.35411E+16
3184,3185,1,0,58,43,2016,7,16,5,3,9,1,0,0,1,0,0,0,0,0,5.53178E+20,6.03708E+21,9.82072E+15,5.44786E+16
3185,3186,1,0,3,0,2016,6,14,3,3,2,6,0,1,0,0,0,1,0,1,6.10268E+20,5.96798E+21,1.06762E+16,5.38486E+16
3186,3187,1,0,59,183,2016,5,13,2,3,1,6,0,0,0,1,0,0,1,0,5.22227E+20,6.06997E+21,9.34555E+15,5.47764E+16
3187,3188,1,0,59,144,2016,6,17,2,3,8,7,0,1,0,1,0,0,0,0,5.13296E+20,6.06765E+21,9.2066E+15,5.47559E+16
3188,3189,1,0,59,77,2016,5,16,3,3,5,3,0,0,0,1,0,1,0,0,5.31521E+20,6.04181E+21,9.48699E+15,5.45229E+16
3189,3190,1,0,3,0,2016,6,14,4,3,5,3,0,0,1,1,0,0,0,0,6.0956E+20,5.97038E+21,1.06663E+16,5.38703E+16
3190,3191,1,0,2,0,2016,6,7,4,3,0,1,0,0,1,0,0,0,0,0,5.73696E+20,6.02154E+21,1.01335E+16,5.43363E+16
3191,3192,1,0,58,143,2016,5,2,7,3,8,1,2,0,0,1,0,0,0,0,5.66986E+20,6.00572E+21,1.00267E+16,5.41951E+16
3192,3193,1,0,56,41,2016,5,2,7,3,8,7,2,0,0,1,0,0,0,0,5.58505E+20,5.95562E+21,9.88715E+15,5.37459E+16
3193,3194,1,0,59,120,2016,7,13,5,2,8,1,0,0,0,0,0,1,0,0,5.26019E+20,6.07698E+21,9.40513E+15,5.48393E+16
3194,3195,1,0,3,0,2016,6,3,3,3,2,6,2,1,0,1,0,0,0,1,6.09495E+20,5.96394E+21,1.0663E+16,5.38125E+16
3195,3196,1,0,1,0,2016,5,14,5,3,6,4,0,1,0,1,1,0,0,0,5.27684E+20,6.07038E+21,9.43042E+15,5.47799E+16
3196,3197,1,0,62,18,2016,6,9,4,3,2,6,0,0,0,1,0,0,0,0,5.80606E+20,5.93252E+21,1.02162E+16,5.35354E+16
3197,3198,1,0,58,135,2016,7,17,7,3,5,3,0,1,0,1,0,0,0,0,5.41592E+20,6.01906E+21,9.63939E+15,5.43177E+16
3198,3199,1,0,57,7,2016,6,16,4,3,5,3,0,0,0,1,0,0,0,0,6.09235E+20,6.01762E+21,1.06784E+16,5.42948E+16
3199,3200,1,0,55,35,2016,6,9,4,3,2,6,0,0,0,1,0,0,0,0,6.13972E+20,5.97566E+21,1.07353E+16,5.39168E+16
3200,3201,1,0,2,0,2016,7,11,6,2,5,3,0,0,0,1,0,0,0,1,5.77132E+20,6.01706E+21,1.01851E+16,5.42956E+16
3201,3202,1,0,58,137,2016,6,14,1,3,0,1,0,0,1,0,0,0,0,0,5.54002E+20,6.04236E+21,9.8344E+15,5.4526E+16
3202,3203,1,0,62,9,2016,6,14,6,3,6,4,0,1,0,1,1,0,0,0,5.80407E+20,5.9358E+21,1.02141E+16,5.35649E+16
3203,3204,1,0,53,83,2016,6,13,3,3,2,6,0,0,0,1,0,0,1,0,6.04453E+20,5.91489E+21,1.057E+16,5.33728E+16
3204,3205,1,0,55,41,2016,7,19,3,3,9,1,0,0,0,1,0,0,0,0,6.12455E+20,5.99436E+21,1.07192E+16,5.40852E+16
3205,3206,1,0,58,50,2016,6,15,4,3,8,1,0,0,0,1,0,0,0,0,5.63017E+20,6.01954E+21,9.96882E+15,5.43198E+16
3206,3207,1,0,51,136,2016,7,17,3,3,5,2,0,0,0,1,0,0,0,0,5.24858E+20,6.00771E+21,9.38121E+15,5.42168E+16
3207,3208,1,0,56,50,2016,6,0,1,3,1,5,2,0,0,1,0,0,0,1,5.47466E+20,5.93735E+21,9.71698E+15,5.35828E+16
3208,3209,1,0,3,0,2016,6,7,2,3,4,6,0,0,1,0,0,0,0,0,6.09061E+20,5.97201E+21,1.06593E+16,5.3885E+16
3209,3210,1,0,53,32,2016,6,23,6,3,2,6,2,0,0,1,0,0,0,0,5.88879E+20,5.92129E+21,1.03378E+16,5.34331E+16
3210,3211,1,0,60,47,2016,5,19,3,2,5,2,0,0,0,1,0,0,0,0,5.65574E+20,5.96232E+21,9.99575E+15,5.38053E+16
3211,3212,1,0,59,8,2016,7,13,5,3,2,6,0,1,0,1,0,0,0,0,5.37744E+20,6.05045E+21,9.58424E+15,5.46001E+16
3212,3213,1,0,3,0,2016,5,9,5,3,0,2,0,0,1,0,0,1,0,0,6.10149E+20,5.97077E+21,1.06754E+16,5.38737E+16
3213,3214,1,0,58,8,2016,6,18,6,3,5,3,0,0,1,1,0,0,0,0,5.4564E+20,6.03159E+21,9.70354E+15,5.44299E+16
3214,3215,1,0,4,0,2016,6,10,3,3,5,3,0,0,0,1,0,0,0,0,5.64766E+20,5.99534E+21,9.99049E+15,5.41022E+16
3215,3216,1,0,60,96,2016,6,21,7,3,9,1,1,1,0,1,0,0,0,0,5.90561E+20,5.97532E+21,1.03789E+16,5.39184E+16
3216,3217,1,0,3,0,2016,5,11,3,3,2,2,0,0,0,1,0,0,0,0,6.10066E+20,5.96958E+21,1.06737E+16,5.3863E+16
3217,3218,1,0,62,25,2016,6,16,1,3,2,6,0,0,0,1,0,0,0,0,6.02267E+20,5.96585E+21,1.05539E+16,5.38311E+16
3218,3219,1,0,62,45,2016,6,7,2,3,2,1,0,0,0,1,0,0,0,0,5.92694E+20,5.94747E+21,1.0403E+16,5.36677E+16
3219,3220,1,0,58,13,2016,7,16,6,3,3,6,0,1,0,1,0,0,0,0,5.23396E+20,5.997E+21,9.35795E+15,5.41206E+16
3220,3221,1,0,60,63,2016,7,10,2,2,5,3,0,0,1,1,0,0,0,0,5.654E+20,5.95594E+21,9.99176E+15,5.3748E+16
3221,3222,1,0,57,7,2016,6,16,5,2,8,1,0,0,0,1,0,0,0,0,6.0613E+20,6.01705E+21,1.06305E+16,5.42904E+16
3222,3223,1,0,1,0,2016,5,13,4,3,2,6,0,0,0,1,0,1,0,0,5.28209E+20,6.0712E+21,9.43867E+15,5.47872E+16
3223,3224,1,0,60,46,2016,7,14,1,2,0,6,0,0,0,0,0,1,0,0,5.74357E+20,5.95664E+21,1.01277E+16,5.37531E+16
3224,3225,1,0,55,28,2016,6,18,5,3,0,7,0,0,1,0,0,0,0,0,6.01854E+20,6.00308E+21,1.05601E+16,5.41657E+16
3225,3226,1,0,53,13,2016,6,22,2,3,9,1,1,1,0,1,0,0,0,0,6.0452E+20,5.94144E+21,1.05799E+16,5.36113E+16
3226,3227,1,0,2,0,2016,6,16,5,2,2,6,0,0,0,1,0,0,0,1,5.73225E+20,6.0185E+21,1.01255E+16,5.43091E+16
3227,3228,1,0,3,0,2016,5,11,1,3,8,1,0,0,0,1,0,0,0,0,6.09438E+20,5.9709E+21,1.06646E+16,5.3875E+16
3228,3229,1,0,62,32,2016,6,5,6,2,8,7,0,1,0,0,0,0,0,1,6.02833E+20,5.97247E+21,1.05647E+16,5.38904E+16
3229,3230,1,0,3,0,2016,6,16,5,3,2,6,0,0,0,1,0,0,0,0,6.08356E+20,5.96925E+21,1.06476E+16,5.38604E+16
3230,3231,1,0,3,0,2016,7,20,1,3,2,6,0,0,0,1,0,1,0,0,6.10072E+20,5.96961E+21,1.06738E+16,5.38633E+16
3231,3232,1,0,3,0,2016,5,13,3,2,5,3,0,0,1,1,0,0,0,0,6.15034E+20,5.97341E+21,1.07507E+16,5.38963E+16
3232,3233,1,0,2,0,2016,6,18,5,3,0,6,0,0,0,1,0,0,0,1,5.73614E+20,6.01929E+21,1.01316E+16,5.43161E+16
3233,3234,1,0,59,93,2016,7,17,7,3,5,3,0,0,0,1,0,0,0,0,5.38981E+20,6.05403E+21,9.60386E+15,5.46322E+16
3234,3235,1,0,56,8,2016,5,8,2,3,5,3,0,1,1,1,0,0,0,0,5.48289E+20,5.96015E+21,9.73296E+15,5.37877E+16
3235,3236,1,0,56,41,2016,5,14,2,2,2,6,0,0,0,1,0,0,1,0,5.61936E+20,5.9526E+21,9.93857E+15,5.37184E+16
3236,3237,1,0,60,95,2016,5,10,1,3,5,3,0,0,0,1,0,0,0,0,5.54689E+20,5.97326E+21,9.83243E+15,5.39049E+16
3237,3238,1,0,3,0,2016,6,14,1,3,4,6,0,0,0,1,0,0,0,0,6.10047E+20,5.96686E+21,1.06724E+16,5.38386E+16
3238,3239,1,0,60,5,2016,5,14,2,3,2,6,0,0,0,1,0,0,1,0,5.86594E+20,5.97636E+21,1.03188E+16,5.39284E+16
3239,3240,1,0,2,0,2016,6,17,4,3,0,3,0,1,1,0,0,0,0,1,5.74041E+20,6.01859E+21,1.0138E+16,5.43098E+16
3240,3241,1,0,2,0,2016,5,6,3,3,5,2,0,0,1,1,0,0,0,0,5.73294E+20,6.01857E+21,1.01265E+16,5.43097E+16
3241,3242,1,0,61,11,2016,5,14,6,3,8,1,0,0,0,1,0,0,0,0,5.23521E+20,5.99027E+21,9.35934E+15,5.40601E+16
3242,3243,1,0,2,0,2016,5,14,7,3,6,4,0,0,1,0,1,0,0,0,5.7395E+20,6.01993E+21,1.0137E+16,5.43219E+16
3243,3244,1,0,56,49,2016,7,17,4,3,5,3,0,0,1,1,0,0,0,0,5.45769E+20,5.94924E+21,9.69311E+15,5.36898E+16
3244,3245,1,0,62,18,2016,6,17,2,3,2,6,0,0,0,1,0,1,0,0,5.79223E+20,5.93307E+21,1.01955E+16,5.35405E+16
3245,3246,1,0,3,0,2016,5,9,6,3,4,6,0,0,1,0,0,0,0,0,6.10573E+20,5.96744E+21,1.06806E+16,5.38437E+16
3246,3247,1,0,56,49,2016,6,9,7,3,5,3,0,0,1,1,0,0,0,0,5.44279E+20,5.94896E+21,9.67049E+15,5.36875E+16
3247,3248,1,0,51,44,2016,7,10,6,3,5,3,0,1,1,1,0,0,0,0,5.06003E+20,6.00328E+21,9.09196E+15,5.41775E+16
3248,3249,1,0,3,0,2016,5,10,5,3,5,3,0,0,1,0,0,0,0,0,6.1071E+20,5.96828E+21,1.0683E+16,5.38512E+16
3249,3250,1,0,60,68,2016,6,14,3,3,5,3,0,0,0,1,0,0,0,0,5.77846E+20,5.98269E+21,1.01872E+16,5.39867E+16
3250,3251,1,0,2,0,2016,6,18,4,2,5,3,0,0,1,1,0,0,0,0,5.72255E+20,6.0192E+21,1.01107E+16,5.43156E+16
3251,3252,1,0,56,28,2016,7,12,5,2,4,1,0,0,1,0,0,0,0,0,5.4757E+20,5.94265E+21,9.71936E+15,5.36304E+16
3252,3253,1,0,62,22,2016,6,0,7,3,9,7,2,1,0,1,0,0,0,0,5.89495E+20,5.94104E+21,1.03527E+16,5.36105E+16
3253,3254,1,0,58,34,2016,6,7,3,3,2,6,0,1,0,1,0,0,0,1,5.44698E+20,6.01919E+21,9.68716E+15,5.43187E+16
3254,3255,1,0,58,43,2016,7,16,3,3,2,6,0,0,0,1,0,0,0,0,5.56814E+20,6.03359E+21,9.87615E+15,5.44468E+16
3255,3256,1,0,57,16,2016,6,7,3,3,5,3,0,0,0,1,0,0,0,0,5.83614E+20,6.01966E+21,1.02854E+16,5.43179E+16
3256,3257,1,0,55,43,2016,5,16,4,3,9,1,0,0,1,0,0,0,0,0,6.12134E+20,6.01771E+21,1.0723E+16,5.4295E+16
3257,3258,1,0,53,110,2016,7,11,3,3,5,3,0,0,0,1,0,0,0,0,6.15518E+20,5.94688E+21,1.07481E+16,5.36579E+16
3258,3259,1,0,55,12,2016,6,17,1,2,8,1,0,0,0,1,0,0,0,0,6.02481E+20,5.99911E+21,1.05684E+16,5.41299E+16
3259,3260,1,0,57,66,2016,6,20,6,2,8,1,0,0,0,1,0,0,0,0,5.88245E+20,6.01567E+21,1.03554E+16,5.42813E+16
3260,3261,1,0,2,0,2016,6,15,2,3,5,2,0,0,1,1,0,0,0,0,5.73338E+20,6.02036E+21,1.01277E+16,5.43258E+16
3261,3262,1,0,58,33,2016,6,7,6,2,2,6,0,0,0,1,0,0,0,0,5.70067E+20,6.0028E+21,1.00733E+16,5.41685E+16
3262,3263,1,0,3,0,2016,7,14,4,3,0,7,0,1,0,1,0,1,0,0,6.10482E+20,5.9689E+21,1.06798E+16,5.38568E+16
3263,3264,1,0,58,135,2016,5,11,5,3,4,6,0,0,1,0,0,0,0,0,5.44135E+20,6.01761E+21,9.67827E+15,5.43044E+16
3264,3265,1,0,58,50,2016,6,13,6,3,8,7,0,1,0,1,0,0,0,0,5.61719E+20,6.01947E+21,9.94886E+15,5.43194E+16
3265,3266,1,0,60,44,2016,5,9,6,2,6,3,0,0,0,1,1,0,0,0,5.63121E+20,5.96576E+21,9.95921E+15,5.38365E+16
3266,3267,1,0,56,48,2016,5,6,5,3,2,6,0,1,0,1,0,0,0,0,5.50166E+20,5.95203E+21,9.76013E+15,5.37146E+16
3267,3268,1,0,3,0,2016,6,20,4,3,5,3,0,0,0,1,0,0,0,1,6.094E+20,5.97152E+21,1.06643E+16,5.38806E+16
3268,3269,1,0,59,83,2016,7,17,7,3,5,3,0,1,0,1,0,0,0,0,5.50179E+20,6.05452E+21,9.7774E+15,5.46356E+16
3269,3270,1,0,61,6,2016,6,13,3,3,5,2,0,0,0,1,0,1,0,0,5.31876E+20,5.96799E+21,9.48465E+15,5.38594E+16
3270,3271,1,0,58,168,2016,6,16,4,3,9,1,0,0,1,0,0,0,0,0,5.56659E+20,6.00747E+21,9.8688E+15,5.42121E+16
3271,3272,1,0,58,24,2016,7,8,6,1,6,4,0,0,0,0,1,0,1,0,5.45589E+20,6.0223E+21,9.70133E+15,5.43465E+16
3272,3273,1,0,60,44,2016,6,12,7,3,2,6,0,1,0,1,0,0,0,0,5.63217E+20,5.9657E+21,9.96066E+15,5.3836E+16
3273,3274,1,0,3,0,2016,6,17,3,3,2,6,0,0,0,1,0,0,0,0,6.09128E+20,5.96822E+21,1.0659E+16,5.3851E+16
3274,3275,1,0,55,32,2016,7,13,3,3,5,3,0,0,1,1,0,0,0,0,6.19674E+20,5.99666E+21,1.08304E+16,5.41042E+16
3275,3276,1,0,55,4,2016,6,13,3,3,2,6,0,0,0,1,0,1,0,0,6.1197E+20,5.97678E+21,1.07053E+16,5.39273E+16
3276,3277,1,0,53,32,2016,5,10,4,3,5,3,0,0,0,1,0,0,0,1,5.90516E+20,5.92255E+21,1.03628E+16,5.34442E+16
3277,3278,1,0,56,49,2016,7,15,3,3,5,3,0,1,1,1,0,0,0,0,5.44476E+20,5.94815E+21,9.67336E+15,5.36802E+16
3278,3279,1,0,53,43,2016,6,13,1,3,0,1,0,1,0,0,0,1,0,0,6.15713E+20,5.962E+21,1.07567E+16,5.37937E+16
3279,3280,1,0,4,0,2016,6,8,2,3,1,5,0,0,0,1,0,0,0,0,5.64412E+20,5.99614E+21,9.98525E+15,5.41094E+16
3280,3281,1,0,3,0,2016,6,17,6,3,5,3,0,0,1,1,0,0,0,0,6.08462E+20,5.96808E+21,1.06488E+16,5.38499E+16
3281,3282,1,0,3,0,2016,5,10,3,3,2,6,0,0,0,1,0,0,0,0,6.07729E+20,5.96863E+21,1.06378E+16,5.38549E+16
3282,3283,1,0,62,9,2016,7,17,4,3,2,6,0,0,0,1,0,0,0,1,5.81431E+20,5.93518E+21,1.02294E+16,5.35592E+16
3283,3284,1,0,57,91,2016,5,11,5,3,2,6,0,0,0,1,0,0,0,1,5.82801E+20,6.0133E+21,1.02712E+16,5.4261E+16
3284,3285,1,0,54,88,2016,6,7,6,3,2,6,0,0,1,0,0,0,0,0,4.88946E+20,6.07052E+21,8.82812E+15,5.47817E+16
3285,3286,1,0,56,41,2016,6,15,6,3,2,6,0,0,0,1,0,0,0,1,5.60821E+20,5.9561E+21,9.92236E+15,5.375E+16
3286,3287,1,0,57,1,2016,5,7,3,3,5,7,0,1,0,1,0,0,0,0,5.88672E+20,6.00146E+21,1.03578E+16,5.41536E+16
3287,3288,1,0,60,68,2016,6,12,7,2,0,6,0,0,0,0,0,1,0,1,5.77627E+20,5.9876E+21,1.01852E+16,5.40308E+16
3288,3289,1,0,55,1,2016,6,17,2,3,5,3,0,0,0,1,0,0,0,0,6.03083E+20,5.98593E+21,1.05731E+16,5.40114E+16
3289,3290,1,0,58,27,2016,7,19,6,3,8,1,0,1,0,0,0,1,0,0,5.47759E+20,6.00768E+21,9.73237E+15,5.42149E+16
3290,3291,1,0,3,0,2016,7,15,2,3,5,3,0,0,0,1,0,0,0,0,6.22131E+20,5.98057E+21,1.08615E+16,5.3959E+16
3291,3292,1,0,2,0,2016,6,15,5,3,0,7,0,0,0,0,0,0,0,1,5.73922E+20,6.01996E+21,1.01365E+16,5.43221E+16
3292,3293,1,0,62,60,2016,6,15,4,3,2,6,0,0,0,1,0,0,1,0,5.81194E+20,5.93036E+21,1.02245E+16,5.35159E+16
3293,3294,1,0,54,87,2016,5,12,4,3,8,1,0,0,1,0,0,0,0,0,4.68648E+20,6.05991E+21,8.51367E+15,5.46856E+16
3294,3295,1,0,62,22,2016,7,16,1,2,0,1,0,0,1,0,0,0,0,0,5.87004E+20,5.94125E+21,1.03152E+16,5.36129E+16
3295,3296,1,0,58,74,2016,6,16,5,3,8,1,0,0,0,1,0,0,1,0,5.49607E+20,5.99713E+21,9.75898E+15,5.41199E+16
3296,3297,1,0,3,0,2016,6,17,2,3,3,2,0,0,0,1,0,0,0,0,6.09631E+20,5.97115E+21,1.06677E+16,5.38773E+16
3297,3298,1,0,2,0,2016,6,20,5,3,0,1,0,1,0,0,0,1,0,0,5.73639E+20,6.01828E+21,1.01318E+16,5.43071E+16
3298,3299,1,0,54,91,2016,5,7,1,3,8,7,0,0,0,1,0,0,0,0,4.96043E+20,6.03947E+21,8.93889E+15,5.45028E+16
3299,3300,1,0,51,44,2016,6,7,5,3,5,2,0,0,1,1,0,0,0,0,5.07037E+20,6.00539E+21,9.10786E+15,5.41965E+16
3300,3301,1,0,57,48,2016,6,21,5,3,8,1,1,1,0,1,0,0,0,0,6.01971E+20,6.01506E+21,1.0566E+16,5.42733E+16
3301,3302,1,0,2,0,2016,7,15,1,3,5,3,0,0,1,1,0,0,0,0,5.72143E+20,6.0204E+21,1.01093E+16,5.43264E+16
3302,3303,1,0,55,41,2016,5,10,3,3,0,1,0,0,0,0,0,1,0,0,6.10795E+20,5.99373E+21,1.06936E+16,5.40798E+16
3303,3304,1,0,59,183,2016,6,20,5,3,5,3,0,1,0,1,0,0,0,0,5.26055E+20,6.06728E+21,9.40482E+15,5.47521E+16
3304,3305,1,0,60,27,2016,7,10,7,3,2,6,0,0,0,1,0,0,0,1,5.61492E+20,5.98317E+21,9.93796E+15,5.39932E+16
3305,3306,1,0,3,0,2016,5,11,2,3,2,2,0,0,0,1,0,0,1,0,6.08406E+20,5.9681E+21,1.0648E+16,5.38501E+16
3306,3307,1,0,3,0,2016,5,23,1,3,4,6,2,0,1,1,0,0,0,0,6.10914E+20,5.9729E+21,1.06878E+16,5.38927E+16
3307,3308,1,0,53,43,2016,6,17,7,2,0,6,0,0,1,0,0,0,0,0,6.15695E+20,5.96127E+21,1.07561E+16,5.37872E+16
3308,3309,1,0,2,0,2016,5,20,2,2,5,3,0,0,1,1,0,0,0,0,5.73008E+20,6.02011E+21,1.01225E+16,5.43236E+16
3309,3310,1,0,59,167,2016,5,12,3,3,8,1,0,0,0,1,0,0,0,0,5.49518E+20,6.0627E+21,9.76855E+15,5.47092E+16
3310,3311,1,0,2,0,2016,7,7,4,3,9,1,0,0,1,0,0,0,0,1,5.70146E+20,6.01746E+21,1.00779E+16,5.43002E+16
3311,3312,1,0,59,75,2016,5,9,7,3,5,3,0,0,0,1,0,0,0,0,5.3628E+20,6.04092E+21,9.56041E+15,5.45146E+16
3312,3313,1,0,62,4,2016,7,11,4,3,5,7,0,0,1,0,0,0,0,1,5.91266E+20,5.96239E+21,1.03858E+16,5.38021E+16
3313,3314,1,0,4,0,2016,6,5,2,3,0,1,0,1,0,0,0,1,1,0,5.65753E+20,5.98823E+21,1.0004E+16,5.40381E+16
3314,3315,1,0,54,146,2016,5,21,6,1,8,1,1,0,0,1,0,0,0,0,5.02394E+20,6.0543E+21,9.03709E+15,5.46361E+16
3315,3316,1,0,60,63,2016,6,12,7,3,2,6,0,0,0,1,0,0,0,0,5.67969E+20,5.95188E+21,1.00298E+16,5.37112E+16
3316,3317,1,0,2,0,2016,5,11,5,3,2,6,0,0,0,1,0,0,0,0,5.73694E+20,6.01824E+21,1.01326E+16,5.43067E+16
3317,3318,1,0,53,126,2016,6,14,7,3,2,1,0,0,0,1,0,0,0,0,6.06089E+20,5.93529E+21,1.06015E+16,5.35558E+16
3318,3319,1,0,59,53,2016,6,18,4,3,2,6,0,0,0,1,0,0,0,0,5.32033E+20,6.03023E+21,9.49366E+15,5.44188E+16
3319,3320,1,0,60,30,2016,7,20,5,3,8,1,0,0,0,0,0,1,0,0,5.85924E+20,5.98126E+21,1.031E+16,5.39726E+16
3320,3321,1,0,55,1,2016,6,16,7,2,5,3,0,1,0,1,0,0,0,0,6.03684E+20,5.98601E+21,1.05823E+16,5.4012E+16
3321,3322,1,0,2,0,2016,6,3,3,3,3,6,1,0,0,1,0,0,1,0,5.73063E+20,6.01794E+21,1.01228E+16,5.43041E+16
3322,3323,1,0,2,0,2016,7,7,3,3,2,6,0,0,0,1,0,0,0,1,5.72348E+20,6.0217E+21,1.01128E+16,5.4338E+16
3323,3324,1,0,1,0,2016,6,11,3,3,2,6,0,0,0,1,0,1,0,0,5.28528E+20,6.07078E+21,9.44359E+15,5.47834E+16
3324,3325,1,0,2,0,2016,5,8,4,3,5,2,0,0,1,1,0,0,0,0,5.7407E+20,6.02078E+21,1.0139E+16,5.43295E+16
3325,3326,1,0,3,0,2016,7,18,3,2,2,6,0,1,0,1,0,1,0,0,6.10949E+20,5.97301E+21,1.06884E+16,5.38936E+16
3326,3327,1,0,54,1,2016,6,19,1,3,5,3,0,0,0,1,0,1,0,0,5.01279E+20,6.07117E+21,9.01989E+15,5.47877E+16
3327,3328,1,0,54,165,2016,6,12,6,3,0,7,0,0,1,0,0,0,0,0,4.87975E+20,6.0677E+21,8.81314E+15,5.47564E+16
3328,3329,1,0,59,75,2016,6,13,2,2,0,7,0,0,1,0,0,0,0,0,5.36043E+20,6.04268E+21,9.55697E+15,5.45304E+16
3329,3330,1,0,2,0,2016,6,16,6,3,5,3,0,0,1,1,0,0,0,0,5.7407E+20,6.01844E+21,1.01384E+16,5.43085E+16
3330,3331,1,0,57,2,2016,6,9,3,2,2,6,0,0,0,1,0,0,0,0,5.75242E+20,6.00651E+21,1.01535E+16,5.42011E+16
3331,3332,1,0,4,0,2016,7,8,4,3,1,5,0,0,0,1,0,1,0,0,5.64745E+20,5.9928E+21,9.98962E+15,5.40793E+16
3332,3333,1,0,58,72,2016,6,16,5,3,2,2,0,0,0,1,0,0,0,0,5.26893E+20,5.99778E+21,9.41153E+15,5.41274E+16
3333,3334,1,0,3,0,2016,6,16,6,3,6,4,0,0,1,0,1,0,0,0,6.12407E+20,5.96713E+21,1.07084E+16,5.38405E+16
3334,3335,1,0,60,47,2016,5,7,2,3,0,6,0,0,1,1,0,0,0,0,5.66381E+20,5.96277E+21,1.00081E+16,5.38093E+16
3335,3336,1,0,51,11,2016,5,12,6,3,5,3,0,0,0,1,0,1,0,0,5.0961E+20,5.97226E+21,9.14625E+15,5.38986E+16
3336,3337,1,0,55,46,2016,6,4,7,2,1,1,1,0,0,1,0,0,0,1,6.42459E+20,6.03736E+21,1.1198E+16,5.44639E+16
3337,3338,1,0,1,0,2016,6,10,2,3,5,3,0,1,1,1,0,0,0,0,5.27998E+20,6.06925E+21,9.43519E+15,5.47697E+16
3338,3339,1,0,1,0,2016,7,12,6,3,2,6,0,1,0,1,0,0,0,0,5.26194E+20,6.07028E+21,9.40725E+15,5.47791E+16
3339,3340,1,0,56,15,2016,5,17,5,3,2,2,0,1,0,1,0,1,0,0,5.42513E+20,5.95692E+21,9.64484E+15,5.37592E+16
3340,3341,1,0,2,0,2016,7,9,2,3,2,6,0,1,0,1,0,0,1,0,5.74737E+20,6.01419E+21,1.01476E+16,5.42702E+16
3341,3342,1,0,62,23,2016,6,16,5,3,2,6,0,0,0,1,0,0,0,0,5.85252E+20,5.9454E+21,1.02898E+16,5.36504E+16
3342,3343,1,0,2,0,2016,6,7,4,3,6,4,0,1,1,0,1,0,0,0,5.68333E+20,6.01962E+21,1.00506E+16,5.43199E+16
3343,3344,1,0,54,14,2016,7,23,1,3,0,1,2,1,1,0,0,0,0,0,4.9636E+20,6.05377E+21,8.94361E+15,5.46313E+16
3344,3345,1,0,56,50,2016,6,8,3,3,2,6,0,0,1,0,0,0,0,0,5.48095E+20,5.9375E+21,9.72651E+15,5.35842E+16
3345,3346,1,0,1,0,2016,6,14,5,2,6,6,0,0,1,0,1,0,0,0,5.28143E+20,6.07117E+21,9.43763E+15,5.47869E+16
3346,3347,1,0,2,0,2016,6,10,2,3,5,3,0,0,0,1,0,0,0,0,5.7366E+20,6.02245E+21,1.01331E+16,5.43445E+16
3347,3348,1,0,56,15,2016,6,11,4,3,2,7,0,0,0,1,0,0,0,0,5.43215E+20,5.95612E+21,9.65538E+15,5.37519E+16
3348,3349,1,0,56,39,2016,6,18,4,3,5,2,0,0,1,1,0,0,0,0,5.52296E+20,5.94516E+21,9.79124E+15,5.36525E+16
3349,3350,1,0,56,36,2016,5,12,7,3,2,6,0,0,0,1,0,1,0,0,5.44436E+20,5.94666E+21,9.67254E+15,5.36667E+16
3350,3351,1,0,2,0,2016,7,14,5,3,5,2,0,0,1,1,0,0,0,0,5.70994E+20,6.02299E+21,1.00923E+16,5.43498E+16
3351,3352,1,0,2,0,2016,6,15,3,2,5,3,0,1,0,1,0,1,0,0,5.73232E+20,6.01846E+21,1.01256E+16,5.43088E+16
3352,3353,1,0,54,75,2016,6,9,6,3,2,6,0,0,0,1,0,0,0,0,4.96609E+20,6.0598E+21,8.9474E+15,5.46855E+16
3353,3354,1,0,56,21,2016,6,11,6,3,5,2,0,1,0,1,0,0,0,0,5.60148E+20,5.94951E+21,9.91087E+15,5.36908E+16
3354,3355,1,0,55,33,2016,5,16,3,2,8,1,0,0,0,0,0,1,0,0,6.22651E+20,6.01569E+21,1.08836E+16,5.42744E+16
3355,3356,1,0,55,46,2016,6,18,7,3,3,6,0,0,1,0,0,0,0,1,6.34044E+20,6.03873E+21,1.10689E+16,5.44785E+16
3356,3357,1,0,57,91,2016,6,15,2,3,2,6,0,0,0,1,0,0,0,1,5.78487E+20,6.01672E+21,1.02059E+16,5.42923E+16
3357,3358,1,0,54,11,2016,7,8,6,3,8,6,0,1,0,1,0,1,0,0,5.13457E+20,6.04656E+21,9.20813E+15,5.45664E+16