FID,OBJECTID,ULAND,UREGBEZ,UKREIS,UGEMEINDE,UJAHR,UMONAT,USTUNDE,UWOCHENTAG,UKATEGORIE,UART,UTYP1,ULICHTVERH,IstStrasse,IstRad,IstPKW,IstFuss,IstKrad,IstGkfz,IstSonstig,LINREFX,LINREFY,XGCSWGS84,YGCSWGS84
3358,3359,1,0,54,18,2016,5,18,6,3,5,3,0,0,0,1,0,0,0,0,5.04908E+20,6.0799E+21,9.07647E+15,5.48661E+16
3359,3360,1,0,3,0,2016,7,14,2,3,0,3,0,1,1,1,0,0,0,0,6.0803E+20,5.96451E+21,1.0641E+16,5.38179E+16
3360,3361,1,0,59,183,2016,6,7,5,3,5,3,0,0,0,1,0,0,0,0,5.22936E+20,6.0637E+21,9.35608E+15,5.47201E+16
3361,3362,1,0,3,0,2016,6,15,4,2,3,6,0,0,1,0,0,0,0,0,6.10064E+20,5.97004E+21,1.06739E+16,5.38672E+16
3362,3363,1,0,54,106,2016,5,16,4,1,5,2,0,0,0,0,0,1,0,1,5.10264E+20,6.03483E+21,9.15834E+15,5.44611E+16
3363,3364,1,0,3,0,2016,7,18,1,3,8,7,0,0,0,1,0,0,0,0,6.21653E+20,5.97951E+21,1.08538E+16,5.39497E+16
3364,3365,1,0,2,0,2016,6,19,5,3,0,1,0,0,1,0,0,0,0,0,5.73743E+20,6.0238E+21,1.01347E+16,5.43566E+16
3365,3366,1,0,3,0,2016,6,7,2,3,3,6,0,0,0,1,0,0,0,0,6.12536E+20,5.96961E+21,1.07113E+16,5.38628E+16
3366,3367,1,0,54,68,2016,6,7,5,2,5,2,0,1,0,1,0,0,0,0,4.91413E+20,6.07224E+21,8.86644E+15,5.47973E+16
3367,3368,1,0,61,34,2016,6,16,4,3,5,2,0,0,1,1,0,0,0,0,5.30801E+20,5.97632E+21,9.46915E+15,5.39344E+16
3368,3369,1,0,61,44,2016,5,15,7,2,5,3,0,0,0,1,0,1,0,0,5.4182E+20,5.95994E+21,9.63475E+15,5.37864E+16
3369,3370,1,0,54,10,2016,6,14,5,3,5,2,0,0,0,1,0,0,0,0,5.00887E+20,6.0598E+21,9.01376E+15,5.46856E+16
3370,3371,1,0,2,0,2016,7,16,1,3,9,1,0,0,0,0,0,1,0,0,5.71809E+20,6.01911E+21,1.01039E+16,5.43148E+16
3371,3372,1,0,62,8,2016,6,14,5,3,2,6,0,0,0,1,0,0,0,0,5.96323E+20,5.96346E+21,1.04629E+16,5.38108E+16
3372,3373,1,0,56,24,2016,7,15,6,3,2,1,0,1,0,1,0,0,0,0,5.44332E+20,5.9435E+21,9.67052E+15,5.36384E+16
3373,3374,1,0,4,0,2016,5,14,2,3,5,2,0,0,1,0,0,0,0,0,5.64353E+20,5.99227E+21,9.98353E+15,5.40746E+16
3374,3375,1,0,2,0,2016,5,16,1,3,4,6,0,0,1,0,0,0,0,0,5.73534E+20,6.02453E+21,1.01317E+16,5.43633E+16
3375,3376,1,0,55,42,2016,6,18,7,3,5,3,0,0,0,1,0,1,0,0,6.20209E+20,5.98364E+21,1.08334E+16,5.39871E+16
3376,3377,1,0,54,168,2016,5,13,2,2,2,6,0,0,1,0,0,0,0,0,4.5716E+20,6.08408E+21,8.33192E+15,5.49019E+16
3377,3378,1,0,54,88,2016,7,14,4,3,0,1,0,0,1,0,0,0,0,0,4.88924E+20,6.07053E+21,8.82779E+15,5.47819E+16
3378,3379,1,0,58,78,2016,7,6,4,3,2,6,0,1,0,1,0,0,0,0,5.326E+20,6.0168E+21,9.50092E+15,5.4298E+16
3379,3380,1,0,54,56,2016,6,5,2,3,2,6,0,1,0,1,0,0,0,1,5.03704E+20,6.03676E+21,9.05717E+15,5.44785E+16
3380,3381,1,0,58,24,2016,6,15,7,3,5,2,0,0,0,1,0,0,0,0,5.4721E+20,6.02214E+21,9.72623E+15,5.43449E+16
3381,3382,1,0,2,0,2016,5,11,5,3,5,2,0,0,0,1,0,0,0,0,5.73779E+20,6.01819E+21,1.01339E+16,5.43062E+16
3382,3383,1,0,60,39,2016,6,13,6,3,5,3,0,0,0,1,0,0,0,0,5.64157E+20,5.95961E+21,9.97366E+15,5.37812E+16
3383,3384,1,0,51,114,2016,6,16,3,2,2,6,0,0,0,1,0,0,0,1,5.17692E+20,6.00714E+21,9.27129E+15,5.4212E+16
3384,3385,1,0,53,111,2016,7,12,5,3,5,3,0,0,0,1,0,0,0,0,5.99845E+20,5.91635E+21,1.05013E+16,5.33868E+16
3385,3386,1,0,4,0,2016,6,19,7,3,5,2,0,1,1,0,0,0,0,0,5.64416E+20,5.9922E+21,9.98447E+15,5.4074E+16
3386,3387,1,0,55,44,2016,6,0,1,2,9,1,2,0,0,0,0,1,0,0,6.14525E+20,5.98813E+21,1.07484E+16,5.40287E+16
3387,3388,1,0,59,105,2016,6,16,3,3,8,1,0,0,0,0,0,1,0,0,5.11656E+20,6.07746E+21,9.18152E+15,5.48441E+16
3388,3389,1,0,55,37,2016,7,23,3,3,8,6,2,0,0,1,0,0,0,0,6.21897E+20,6.00315E+21,1.0867E+16,5.4162E+16
3389,3390,1,0,59,10,2016,6,15,3,3,5,3,0,0,0,1,0,1,0,0,5.3086E+20,6.04772E+21,9.47741E+15,5.4576E+16
3390,3391,1,0,58,117,2016,7,17,3,3,2,2,0,1,0,1,0,0,0,0,5.55505E+20,6.00126E+21,9.84996E+15,5.41564E+16
3391,3392,1,0,61,97,2016,6,20,5,2,5,3,0,0,1,1,0,0,0,0,5.31652E+20,5.98878E+21,9.4834E+15,5.40463E+16
3392,3393,1,0,59,127,2016,6,9,6,3,5,3,0,0,0,1,0,0,0,1,5.37085E+20,6.06883E+21,9.57639E+15,5.47653E+16
3393,3394,1,0,61,73,2016,6,5,1,3,6,7,0,0,0,1,1,0,0,0,5.35117E+20,5.96826E+21,9.53397E+15,5.38616E+16
3394,3395,1,0,58,5,2016,7,15,2,2,5,2,0,0,1,0,0,0,0,0,5.73825E+20,6.02998E+21,1.01375E+16,5.44122E+16
3395,3396,1,0,58,98,2016,6,17,6,3,2,6,0,0,0,1,0,0,0,0,5.62714E+20,5.9989E+21,9.95985E+15,5.41344E+16
3396,3397,1,0,59,75,2016,6,7,3,3,6,6,0,0,0,1,1,0,0,0,5.35121E+20,6.03929E+21,9.54231E+15,5.45E+16
3397,3398,1,0,60,44,2016,6,18,5,3,5,3,0,0,1,1,0,0,0,0,5.5806E+20,5.96404E+21,9.88199E+15,5.38217E+16
3398,3399,1,0,58,162,2016,6,10,6,2,5,3,0,0,0,1,0,0,0,0,5.62035E+20,6.04777E+21,9.95965E+15,5.45737E+16
3399,3400,1,0,62,91,2016,5,16,6,3,5,7,0,0,1,0,0,0,0,1,5.92756E+20,5.95339E+21,1.04057E+16,5.37209E+16
3400,3401,1,0,54,94,2016,6,10,7,3,0,1,0,0,1,0,0,0,0,0,4.69961E+20,6.06238E+21,8.53379E+15,5.47078E+16
3401,3402,1,0,3,0,2016,6,17,2,2,8,7,0,0,0,0,0,1,0,0,6.08277E+20,5.96603E+21,1.06453E+16,5.38315E+16
3402,3403,1,0,51,119,2016,6,20,5,2,8,1,0,1,0,1,0,0,0,0,5.05074E+20,5.98034E+21,9.07735E+15,5.39714E+16
3403,3404,1,0,56,28,2016,5,15,5,2,5,3,0,1,1,1,0,0,0,0,5.44224E+20,5.94156E+21,9.66862E+15,5.3621E+16
3404,3405,1,0,1,0,2016,7,13,2,3,5,2,0,0,1,1,0,0,0,0,5.26308E+20,6.06999E+21,9.409E+15,5.47765E+16
3405,3406,1,0,62,76,2016,6,14,4,3,5,3,0,0,0,1,0,0,0,1,5.76333E+20,5.95499E+21,1.01573E+16,5.3738E+16
3406,3407,1,0,1,0,2016,6,15,4,3,6,3,0,0,0,1,1,0,0,0,5.28003E+20,6.06834E+21,9.43519E+15,5.47615E+16
3407,3408,1,0,60,45,2016,6,14,5,2,5,2,0,0,0,1,0,1,0,0,5.67378E+20,5.96888E+21,1.00246E+16,5.3864E+16
3408,3409,1,0,62,76,2016,7,16,7,3,2,6,0,0,0,1,0,1,0,0,5.73379E+20,5.95299E+21,1.0112E+16,5.37205E+16
3409,3410,1,0,55,33,2016,6,15,3,3,2,6,0,0,0,1,0,0,0,1,6.22744E+20,6.01733E+21,1.08857E+16,5.42892E+16
3410,3411,1,0,2,0,2016,5,13,2,3,2,6,0,0,0,1,0,0,0,0,5.76138E+20,6.01718E+21,1.01699E+16,5.42968E+16
3411,3412,1,0,54,144,2016,6,16,2,3,2,6,0,1,0,1,0,0,0,0,5.10526E+20,6.04549E+21,9.16276E+15,5.45568E+16
3412,3413,1,0,2,0,2016,5,6,3,3,2,6,0,0,0,1,0,0,0,0,5.77415E+20,6.02074E+21,1.01904E+16,5.43287E+16
3413,3414,1,0,53,72,2016,6,19,4,3,5,3,0,1,0,1,0,0,0,0,5.87293E+20,5.92744E+21,1.03157E+16,5.34887E+16
3414,3415,1,0,4,0,2016,6,7,4,3,4,6,0,0,1,0,0,0,0,1,5.65629E+20,5.991E+21,1.00028E+16,5.4063E+16
3415,3416,1,0,3,0,2016,5,11,7,3,2,6,0,0,0,1,0,0,0,0,6.10374E+20,5.96964E+21,1.06784E+16,5.38635E+16
3416,3417,1,0,54,84,2016,7,15,5,3,5,3,0,0,0,1,1,0,0,0,5.06056E+20,6.03561E+21,9.09343E+15,5.44681E+16
3417,3418,1,0,59,159,2016,6,15,3,3,0,7,0,0,0,1,0,0,0,0,5.30126E+20,6.05762E+21,9.46706E+15,5.46651E+16
3418,3419,1,0,58,52,2016,5,16,5,3,5,3,0,1,1,0,0,0,0,1,5.44967E+20,6.03741E+21,9.69406E+15,5.44823E+16
3419,3420,1,0,60,63,2016,6,17,4,3,2,6,0,0,0,1,0,0,0,0,5.67752E+20,5.95141E+21,1.00264E+16,5.3707E+16
3420,3421,1,0,55,40,2016,7,12,7,3,4,2,0,0,0,1,0,0,0,0,6.08095E+20,5.9723E+21,1.06447E+16,5.38879E+16
3421,3422,1,0,57,66,2016,6,16,4,3,2,2,0,1,0,1,0,0,0,1,5.88813E+20,6.01616E+21,1.03643E+16,5.42856E+16
3422,3423,1,0,62,76,2016,6,16,4,3,5,3,0,0,0,0,0,1,0,1,5.70358E+20,5.95577E+21,1.00669E+16,5.37458E+16
3423,3424,1,0,58,22,2016,7,17,6,3,5,2,0,1,0,1,0,0,0,0,5.66985E+20,6.00354E+21,1.00262E+16,5.41756E+16
3424,3425,1,0,60,96,2016,6,9,6,2,8,7,0,1,0,1,0,0,0,0,5.93136E+20,5.97577E+21,1.04182E+16,5.39219E+16
3425,3426,1,0,55,37,2016,5,12,1,3,9,1,0,0,0,0,0,1,0,0,6.21928E+20,6.00304E+21,1.08674E+16,5.41609E+16
3426,3427,1,0,62,61,2016,7,19,3,2,5,3,0,0,0,1,0,0,0,0,5.96948E+20,5.96468E+21,1.04728E+16,5.38216E+16
3427,3428,1,0,61,47,2016,6,23,4,3,3,6,2,0,0,1,0,0,0,1,5.32163E+20,5.98206E+21,9.4905E+15,5.39859E+16
3428,3429,1,0,59,44,2016,7,6,4,3,4,3,1,0,0,1,0,0,0,0,5.25186E+20,6.0455E+21,9.38944E+15,5.45564E+16
3429,3430,1,0,56,15,2016,6,23,1,3,5,2,2,0,0,1,0,0,0,0,5.43496E+20,5.95581E+21,9.65961E+15,5.37491E+16
3430,3431,1,0,55,4,2016,6,14,2,3,0,7,0,0,0,0,0,0,0,1,6.11367E+20,5.9755E+21,1.06956E+16,5.39159E+16
3431,3432,1,0,56,24,2016,6,14,6,3,5,2,0,0,0,1,0,0,0,0,5.43998E+20,5.94523E+21,9.66571E+15,5.3654E+16
3432,3433,1,0,56,36,2016,5,15,3,3,5,2,0,0,1,1,0,0,0,0,5.44535E+20,5.94721E+21,9.67413E+15,5.36717E+16
3433,3434,1,0,54,56,2016,5,12,5,3,5,3,0,0,1,1,0,0,0,0,5.05254E+20,6.03606E+21,9.08107E+15,5.44722E+16
3434,3435,1,0,3,0,2016,6,18,6,3,4,6,0,0,1,0,0,0,0,0,6.10478E+20,5.96729E+21,1.06792E+16,5.38423E+16
3435,3436,1,0,55,4,2016,6,17,3,3,4,2,0,0,1,1,0,0,0,0,6.12299E+20,5.97693E+21,1.07104E+16,5.39286E+16
3436,3437,1,0,54,78,2016,6,14,7,3,6,6,0,1,0,1,1,0,0,0,4.62968E+20,6.09638E+21,8.4209E+15,5.50129E+16
3437,3438,1,0,4,0,2016,5,18,5,3,5,2,0,1,0,1,0,0,0,0,5.6764E+20,5.98894E+21,1.0033E+16,5.40443E+16
3438,3439,1,0,62,61,2016,6,9,5,3,2,6,0,0,0,1,0,0,0,0,5.98991E+20,5.96457E+21,1.05038E+16,5.38202E+16
3439,3440,1,0,56,39,2016,7,17,7,3,2,6,0,1,0,1,0,0,0,0,5.52389E+20,5.94638E+21,9.79285E+15,5.36636E+16
3440,3441,1,0,60,61,2016,6,22,4,3,6,1,2,0,1,0,1,0,0,0,5.90304E+20,5.97305E+21,1.03743E+16,5.3898E+16
3441,3442,1,0,3,0,2016,7,12,6,3,5,2,0,0,1,0,0,0,0,1,6.11416E+20,5.9709E+21,1.06947E+16,5.38746E+16
3442,3443,1,0,2,0,2016,5,18,2,3,5,3,0,1,0,1,0,0,0,0,5.74688E+20,6.01808E+21,1.01479E+16,5.43052E+16
3443,3444,1,0,59,87,2016,5,18,1,2,9,7,0,0,0,1,0,0,0,0,5.33161E+20,6.02441E+21,9.51039E+15,5.43664E+16
3444,3445,1,0,54,99,2016,6,6,7,3,2,6,0,1,0,1,0,1,0,0,5.12931E+20,6.03494E+21,9.19948E+15,5.44619E+16
3445,3446,1,0,60,4,2016,5,17,1,3,0,1,0,0,0,1,0,0,0,0,5.58006E+20,5.97449E+21,9.88314E+15,5.39156E+16
3446,3447,1,0,60,7,2016,7,16,3,2,4,6,0,0,0,1,0,0,1,0,5.72637E+20,5.97509E+21,1.0106E+16,5.39191E+16
3447,3448,1,0,2,0,2016,6,15,4,2,5,3,0,0,0,1,0,0,0,0,5.75788E+20,6.01535E+21,1.01641E+16,5.42805E+16
3448,3449,1,0,59,92,2016,7,19,4,3,5,2,0,0,1,1,0,0,0,0,5.19795E+20,6.04068E+21,9.30575E+15,5.45134E+16
3449,3450,1,0,58,98,2016,6,16,2,3,2,6,0,0,0,1,0,0,0,0,5.62977E+20,6.00135E+21,9.96438E+15,5.41564E+16
3450,3451,1,0,60,39,2016,6,8,2,3,2,6,0,0,0,1,0,0,0,0,5.64718E+20,5.96114E+21,9.9825E+15,5.37948E+16
3451,3452,1,0,61,29,2016,6,15,6,3,8,1,0,0,0,0,0,0,0,1,5.28317E+20,5.95927E+21,9.42975E+15,5.37813E+16
3452,3453,1,0,2,0,2016,5,17,4,3,2,1,0,0,0,1,0,0,0,1,5.71077E+20,6.01915E+21,1.00926E+16,5.43153E+16
3453,3454,1,0,59,183,2016,5,19,5,3,8,1,0,0,0,1,0,0,0,0,5.26708E+20,6.06624E+21,9.41487E+15,5.47427E+16
3454,3455,1,0,56,29,2016,6,15,6,3,2,6,0,0,0,1,0,0,0,0,5.42747E+20,5.95202E+21,9.64772E+15,5.37151E+16
3455,3456,1,0,62,82,2016,6,23,3,3,0,1,2,0,1,0,0,0,0,0,5.92941E+20,5.94056E+21,1.04047E+16,5.36056E+16
3456,3457,1,0,55,16,2016,7,10,5,3,4,6,0,0,0,1,0,0,0,0,6.32403E+20,6.00785E+21,1.10298E+16,5.42016E+16
3457,3458,1,0,54,138,2016,6,13,7,3,5,3,0,1,0,1,0,0,0,0,4.91596E+20,6.01872E+21,8.87081E+15,5.43163E+16
3458,3459,1,0,58,96,2016,6,14,1,2,2,6,0,0,0,0,0,1,0,1,5.5936E+20,6.02741E+21,9.91418E+15,5.4391E+16
3459,3460,1,0,51,11,2016,6,17,2,3,2,2,0,1,0,1,0,0,0,0,5.07855E+20,5.97181E+21,9.11953E+15,5.38947E+16
3460,3461,1,0,56,48,2016,7,18,2,3,1,6,1,0,1,1,0,0,0,0,5.48389E+20,5.94858E+21,9.73267E+15,5.36837E+16
3461,3462,1,0,56,15,2016,6,7,2,3,6,6,0,0,1,0,1,0,0,0,5.434E+20,5.95625E+21,9.6582E+15,5.3753E+16
3462,3463,1,0,55,33,2016,7,0,6,1,9,1,2,0,0,1,0,0,0,0,6.19781E+20,6.01886E+21,1.08409E+16,5.43035E+16
3463,3464,1,0,2,0,2016,7,18,3,3,5,3,0,1,1,1,0,0,0,0,5.77393E+20,6.02162E+21,1.01903E+16,5.43365E+16
3464,3465,1,0,55,1,2016,6,8,5,2,8,6,0,1,0,0,0,1,0,0,6.00395E+20,5.98449E+21,1.05316E+16,5.3999E+16
3465,3466,1,0,56,28,2016,6,15,1,3,4,6,0,0,1,0,0,0,0,0,5.48129E+20,5.94167E+21,9.72767E+15,5.36216E+16
3466,3467,1,0,54,141,2016,7,17,2,3,5,3,0,1,1,1,0,0,0,0,4.97845E+20,6.03009E+21,8.96679E+15,5.44185E+16
3467,3468,1,0,60,39,2016,6,17,5,3,3,6,0,0,0,1,0,0,0,0,5.64662E+20,5.96092E+21,9.98161E+15,5.37928E+16
3468,3469,1,0,55,32,2016,6,7,3,3,8,1,0,1,0,1,0,0,0,0,6.1934E+20,5.99938E+21,1.08263E+16,5.41287E+16
3469,3470,1,0,3,0,2016,6,18,5,3,3,2,0,0,0,1,0,1,0,0,6.11238E+20,5.96911E+21,1.06914E+16,5.38586E+16
3470,3471,1,0,59,75,2016,6,20,6,3,8,1,0,1,0,1,0,0,0,0,5.35775E+20,6.0393E+21,9.55242E+15,5.45E+16
3471,3472,1,0,3,0,2016,5,5,6,3,2,2,0,0,0,1,0,0,0,0,6.0793E+20,5.96834E+21,1.06408E+16,5.38523E+16
3472,3473,1,0,60,63,2016,6,21,5,3,5,2,0,0,1,0,0,0,0,0,5.64654E+20,5.94871E+21,9.97892E+15,5.36831E+16
3473,3474,1,0,55,16,2016,5,11,5,3,2,6,0,1,0,1,0,0,0,0,6.32136E+20,6.00745E+21,1.10256E+16,5.41981E+16
3474,3475,1,0,60,64,2016,7,18,2,3,2,6,0,0,0,1,0,1,0,0,5.61259E+20,5.96643E+21,9.93105E+15,5.38428E+16
3475,3476,1,0,56,27,2016,5,19,3,3,5,2,0,0,0,1,0,0,0,0,5.42078E+20,5.94005E+21,9.63596E+15,5.36076E+16
3476,3477,1,0,55,1,2016,6,15,5,2,4,6,0,0,0,1,0,0,1,0,6.02425E+20,5.98598E+21,1.05631E+16,5.40119E+16
3477,3478,1,0,3,0,2016,7,18,7,3,5,2,0,0,0,1,0,0,0,0,6.09769E+20,5.97135E+21,1.06698E+16,5.3879E+16
3478,3479,1,0,58,58,2016,7,12,5,2,4,6,0,0,0,1,0,1,0,0,5.64847E+20,6.02953E+21,9.99912E+15,5.44094E+16
3479,3480,1,0,4,0,2016,6,7,3,3,0,1,0,1,1,0,0,0,0,1,5.64833E+20,5.99822E+21,9.99214E+15,5.4128E+16
3480,3481,1,0,54,168,2016,5,14,2,3,5,3,0,1,1,1,0,0,0,0,4.55675E+20,6.08417E+21,8.30876E+15,5.49025E+16
3481,3482,1,0,58,124,2016,6,7,2,3,2,6,0,0,0,1,0,0,0,0,5.46133E+20,6.01656E+21,9.70881E+15,5.42948E+16
3482,3483,1,0,54,9,2016,5,15,3,3,8,7,0,0,1,0,0,0,0,0,4.84983E+20,6.08276E+21,8.76588E+15,5.48917E+16
3483,3484,1,0,55,1,2016,6,15,4,3,0,6,0,0,1,1,0,0,0,0,6.03072E+20,5.98626E+21,1.0573E+16,5.40143E+16
3484,3485,1,0,2,0,2016,5,15,7,3,0,1,0,0,1,0,0,0,0,0,5.73468E+20,6.02414E+21,1.01306E+16,5.43598E+16
3485,3486,1,0,55,35,2016,5,23,7,3,9,7,2,0,0,1,0,0,0,0,6.16218E+20,5.979E+21,1.07708E+16,5.39463E+16
3486,3487,1,0,58,24,2016,7,16,5,3,2,6,0,0,0,1,0,0,0,1,5.4622E+20,6.02171E+21,9.71094E+15,5.43411E+16
3487,3488,1,0,55,44,2016,6,7,3,3,8,1,0,1,0,1,0,0,0,0,6.13336E+20,5.9886E+21,1.07305E+16,5.40332E+16
3488,3489,1,0,62,8,2016,5,10,7,3,2,6,0,0,0,1,0,0,0,0,5.95628E+20,5.96264E+21,1.04521E+16,5.38035E+16
3489,3490,1,0,54,56,2016,5,17,5,3,5,3,0,1,0,1,0,0,0,0,5.06112E+20,6.03759E+21,9.09435E+15,5.44859E+16
3490,3491,1,0,53,100,2016,6,7,4,3,6,7,0,1,0,0,1,0,0,1,6.17119E+20,5.9515E+21,1.0774E+16,5.3699E+16
3491,3492,1,0,2,0,2016,7,14,7,3,0,1,0,1,0,1,0,0,0,0,5.73114E+20,6.02556E+21,1.01255E+16,5.43726E+16
3492,3493,1,0,1,0,2016,6,8,4,3,2,6,0,1,0,1,0,0,0,0,5.26235E+20,6.06804E+21,9.40768E+15,5.47589E+16
3493,3494,1,0,58,117,2016,6,15,4,3,5,3,0,0,1,1,0,0,0,0,5.55819E+20,6.00197E+21,9.8549E+15,5.41628E+16
3494,3495,1,0,59,106,2016,7,15,6,3,4,6,0,1,0,1,0,0,0,1,5.43274E+20,6.0709E+21,9.67288E+15,5.47835E+16
3495,3496,1,0,59,176,2016,6,17,1,3,5,2,0,0,0,1,0,0,0,0,5.3253E+20,6.07322E+21,9.50608E+15,5.48051E+16
3496,3497,1,0,53,111,2016,6,20,3,3,0,7,0,0,1,0,0,0,0,0,5.9995E+20,5.91629E+21,1.05028E+16,5.33862E+16
3497,3498,1,0,55,21,2016,7,13,3,3,5,3,0,1,0,1,0,0,0,0,6.27763E+20,6.02589E+21,1.09665E+16,5.43647E+16
3498,3499,1,0,62,1,2016,6,14,3,3,2,6,0,0,0,1,0,0,0,0,5.8118E+20,5.94727E+21,1.02287E+16,5.36678E+16
3499,3500,1,0,60,58,2016,5,17,4,3,4,1,0,0,0,1,0,0,0,0,5.74087E+20,5.95893E+21,1.01242E+16,5.37737E+16
3500,3501,1,0,60,63,2016,7,15,3,3,2,6,0,1,0,1,0,0,0,0,5.6642E+20,5.94944E+21,1.00058E+16,5.36894E+16
3501,3502,1,0,60,101,2016,6,14,1,3,0,1,0,1,0,0,0,1,0,0,5.80153E+20,5.97585E+21,1.02206E+16,5.39248E+16
3502,3503,1,0,3,0,2016,6,16,2,3,5,3,0,0,1,0,0,0,0,0,6.10478E+20,5.96728E+21,1.06791E+16,5.38423E+16
3503,3504,1,0,55,4,2016,6,12,6,2,4,2,0,0,0,1,0,1,0,0,6.11101E+20,5.97448E+21,1.06912E+16,5.39068E+16
3504,3505,1,0,3,0,2016,5,17,3,3,5,2,0,0,1,1,0,0,0,0,6.12797E+20,5.96975E+21,1.07153E+16,5.3864E+16
3505,3506,1,0,56,18,2016,7,15,4,3,4,6,0,1,1,0,0,0,0,0,5.55226E+20,5.94252E+21,9.8351E+15,5.36286E+16
3506,3507,1,0,59,57,2016,5,12,5,3,5,3,0,0,0,1,0,0,0,0,5.31748E+20,6.0446E+21,9.4908E+15,5.45479E+16
3507,3508,1,0,58,54,2016,6,16,6,3,5,3,0,0,1,0,0,0,0,1,5.38955E+20,6.01876E+21,9.59882E+15,5.43152E+16
3508,3509,1,0,2,0,2016,6,18,3,3,9,6,0,0,0,1,0,0,0,0,5.74757E+20,6.0183E+21,1.0149E+16,5.43071E+16
3509,3510,1,0,55,44,2016,6,17,7,2,3,1,0,1,0,1,0,0,0,0,6.13307E+20,5.98652E+21,1.07293E+16,5.40146E+16
3510,3511,1,0,58,3,2016,5,15,3,3,0,1,0,0,1,0,0,0,0,0,5.41135E+20,6.02406E+21,9.63307E+15,5.43627E+16
3511,3512,1,0,62,8,2016,6,17,1,3,2,6,0,0,0,1,0,0,0,0,6.00022E+20,5.96462E+21,1.05194E+16,5.38205E+16
3512,3513,1,0,53,9,2016,6,13,2,3,0,7,0,0,1,0,0,0,0,0,6.08536E+20,5.95522E+21,1.06454E+16,5.37343E+16
3513,3514,1,0,62,9,2016,6,10,6,3,3,6,0,0,0,1,0,0,1,0,5.78333E+20,5.93566E+21,1.01827E+16,5.3564E+16
3514,3515,1,0,58,162,2016,7,15,6,1,4,6,0,1,0,1,0,0,1,0,5.61719E+20,6.04745E+21,9.95469E+15,5.45708E+16
3515,3516,1,0,62,76,2016,7,9,2,3,5,3,0,0,0,1,0,0,0,1,5.7356E+20,5.95488E+21,1.01152E+16,5.37374E+16
3516,3517,1,0,2,0,2016,6,13,5,3,2,6,0,0,0,0,0,1,1,0,5.73331E+20,6.01787E+21,1.01269E+16,5.43035E+16
3517,3518,1,0,62,27,2016,5,18,4,3,2,7,0,0,0,1,0,0,1,0,5.88542E+20,5.95343E+21,1.03419E+16,5.3722E+16
3518,3519,1,0,60,4,2016,7,4,1,3,8,1,1,1,0,1,0,0,0,0,5.59937E+20,5.9734E+21,9.91233E+15,5.39055E+16
3519,3520,1,0,3,0,2016,6,9,5,3,5,3,0,0,1,1,0,0,0,0,6.12373E+20,5.96766E+21,1.07081E+16,5.38452E+16
3520,3521,1,0,3,0,2016,6,12,2,3,2,6,0,0,0,1,0,0,0,0,6.11239E+20,5.96908E+21,1.06914E+16,5.38583E+16
3521,3522,1,0,57,68,2016,6,14,5,2,9,7,0,0,0,1,0,0,0,0,5.74888E+20,5.99137E+21,1.01443E+16,5.40651E+16
3522,3523,1,0,58,137,2016,5,14,1,3,0,1,0,0,1,0,0,0,0,0,5.53023E+20,6.04871E+21,9.82042E+15,5.45831E+16
3523,3524,1,0,56,32,2016,6,2,6,3,9,1,2,1,0,0,0,0,0,1,5.51798E+20,5.94936E+21,9.7844E+15,5.36904E+16
3524,3525,1,0,2,0,2016,6,23,5,3,0,1,2,1,1,0,0,0,0,0,5.743E+20,6.01995E+21,1.01423E+16,5.4322E+16
3525,3526,1,0,4,0,2016,7,13,1,3,2,6,0,1,0,1,0,0,0,0,5.6497E+20,5.99313E+21,9.99314E+15,5.40822E+16
3526,3527,1,0,59,113,2016,6,17,1,3,5,3,0,0,0,1,0,1,0,0,5.34128E+20,6.07662E+21,9.53134E+15,5.48355E+16
3527,3528,1,0,56,33,2016,6,19,2,3,8,1,0,1,0,1,0,0,0,0,5.41285E+20,5.95281E+21,9.62568E+15,5.37223E+16
3528,3529,1,0,62,60,2016,7,6,2,2,5,3,0,0,0,0,0,1,0,0,5.83338E+20,5.93091E+21,1.0257E+16,5.35205E+16
3529,3530,1,0,3,0,2016,7,16,6,3,3,2,0,0,1,1,0,0,0,0,6.09686E+20,5.97119E+21,1.06685E+16,5.38775E+16
3530,3531,1,0,51,54,2016,7,19,2,2,5,3,0,0,1,1,0,0,0,0,5.19562E+20,6.00379E+21,9.29974E+15,5.41818E+16
3531,3532,1,0,4,0,2016,6,15,5,3,6,4,0,0,0,1,1,0,0,0,5.64079E+20,5.99265E+21,9.97941E+15,5.40781E+16
3532,3533,1,0,56,41,2016,7,18,1,3,4,3,0,0,0,1,0,1,0,0,5.59028E+20,5.95412E+21,9.89479E+15,5.37324E+16
3533,3534,1,0,62,60,2016,6,7,5,3,5,2,0,0,1,1,0,0,0,0,5.82047E+20,5.93201E+21,1.02378E+16,5.35306E+16
3534,3535,1,0,56,39,2016,6,8,2,3,5,3,0,0,1,1,0,0,0,0,5.52798E+20,5.94629E+21,9.79904E+15,5.36627E+16
3535,3536,1,0,58,92,2016,6,6,5,3,5,3,0,0,1,1,0,0,0,0,5.71618E+20,6.02207E+21,1.01016E+16,5.43414E+16
3536,3537,1,0,59,185,2016,6,13,6,3,0,7,0,0,0,1,0,0,0,0,5.38129E+20,6.06095E+21,9.59158E+15,5.46945E+16
3537,3538,1,0,2,0,2016,5,6,6,3,5,3,0,1,1,0,0,1,0,0,5.7649E+20,6.01714E+21,1.01753E+16,5.42965E+16
3538,3539,1,0,62,4,2016,6,8,5,3,2,6,0,0,0,1,0,0,0,0,5.90867E+20,5.96334E+21,1.038E+16,5.38107E+16
3539,3540,1,0,62,4,2016,7,14,1,3,5,3,0,0,0,1,0,0,0,0,5.87679E+20,5.96293E+21,1.03315E+16,5.38075E+16
3540,3541,1,0,3,0,2016,5,12,3,3,0,7,2,0,1,0,0,0,0,0,6.10108E+20,5.96993E+21,1.06745E+16,5.38661E+16
3541,3542,1,0,58,53,2016,6,16,5,3,0,1,0,0,0,0,0,0,0,1,5.69121E+20,6.01083E+21,1.00606E+16,5.42408E+16
3542,3543,1,0,57,7,2016,7,7,7,3,5,3,0,0,0,1,0,0,0,0,6.09232E+20,6.01762E+21,1.06784E+16,5.42948E+16