FID,OBJECTID,ULAND,UREGBEZ,UKREIS,UGEMEINDE,UJAHR,UMONAT,USTUNDE,UWOCHENTAG,UKATEGORIE,UART,UTYP1,ULICHTVERH,IstStrasse,IstRad,IstPKW,IstFuss,IstKrad,IstGkfz,IstSonstig,LINREFX,LINREFY,XGCSWGS84,YGCSWGS84
3543,3544,1,0,62,9,2016,5,7,2,3,2,6,0,0,0,0,0,0,1,0,5.81299E+20,5.93515E+21,1.02274E+16,5.3559E+16
3544,3545,1,0,55,4,2016,6,3,1,3,5,3,2,0,0,1,0,0,0,0,6.09671E+20,5.97419E+21,1.06694E+16,5.39046E+16
3545,3546,1,0,61,104,2016,5,20,2,3,5,2,0,0,0,1,0,0,0,0,5.37843E+20,5.96628E+21,9.57517E+15,5.38437E+16
3546,3547,1,0,2,0,2016,6,10,4,3,2,6,0,0,0,1,0,1,0,0,5.7608E+20,6.02014E+21,1.01698E+16,5.43235E+16
3547,3548,1,0,54,20,2016,5,10,7,3,2,6,0,0,0,1,0,0,0,1,4.98841E+20,6.05087E+21,8.98205E+15,5.46052E+16
3548,3549,1,0,58,53,2016,5,2,7,3,0,7,2,1,0,1,0,0,0,0,5.70976E+20,6.00983E+21,1.00889E+16,5.42315E+16
3549,3550,1,0,56,41,2016,7,13,4,3,6,4,0,0,0,1,1,0,0,0,5.5922E+20,5.95377E+21,9.89763E+15,5.37293E+16
3550,3551,1,0,60,46,2016,6,7,2,2,4,6,0,1,0,1,0,0,0,0,5.7408E+20,5.95871E+21,1.0124E+16,5.37717E+16
3551,3552,1,0,53,116,2016,5,18,6,3,5,3,0,0,1,1,0,0,0,0,5.96963E+20,5.92889E+21,1.04618E+16,5.35E+16
3552,3553,1,0,62,62,2016,6,10,1,3,2,6,0,1,0,1,0,0,0,0,5.95447E+20,5.96248E+21,1.04493E+16,5.38021E+16
3553,3554,1,0,58,98,2016,7,13,7,3,2,6,0,0,0,1,0,0,0,0,5.62871E+20,5.99969E+21,9.96241E+15,5.41415E+16
3554,3555,1,0,51,72,2016,6,15,3,3,5,2,0,0,0,1,0,1,0,0,5.0058E+20,5.97806E+21,9.00885E+15,5.39509E+16
3555,3556,1,0,57,91,2016,6,19,4,3,2,6,0,0,0,1,0,0,0,0,5.80997E+20,6.01553E+21,1.02441E+16,5.42813E+16
3556,3557,1,0,61,113,2016,7,16,5,3,5,3,0,0,1,1,0,0,0,0,5.24802E+20,5.97522E+21,9.3777E+15,5.39248E+16
3557,3558,1,0,60,44,2016,6,17,7,3,8,1,0,1,0,1,0,0,0,0,5.63187E+20,5.96696E+21,9.96046E+15,5.38473E+16
3558,3559,1,0,55,46,2016,6,9,3,2,5,3,0,0,0,1,0,1,0,0,6.42756E+20,6.03425E+21,1.12011E+16,5.44358E+16
3559,3560,1,0,58,4,2016,7,15,3,2,2,6,0,0,0,1,0,0,0,0,5.56703E+20,6.03361E+21,9.87445E+15,5.4447E+16
3560,3561,1,0,58,78,2016,6,7,3,3,2,6,0,0,0,1,0,0,0,0,5.36352E+20,6.01918E+21,9.55886E+15,5.43192E+16
3561,3562,1,0,53,32,2016,5,6,4,2,5,3,0,0,1,0,0,0,0,1,5.91205E+20,5.92185E+21,1.0373E+16,5.34378E+16
3562,3563,1,0,53,105,2016,7,14,3,3,2,6,0,0,0,1,0,1,0,0,5.88345E+20,5.93148E+21,1.03327E+16,5.35248E+16
3563,3564,1,0,55,17,2016,6,5,1,3,7,1,0,0,0,1,0,0,0,0,6.34809E+20,6.02603E+21,1.10749E+16,5.43642E+16
3564,3565,1,0,3,0,2016,6,12,6,3,5,3,0,0,0,1,0,0,0,1,6.12547E+20,5.96971E+21,1.07115E+16,5.38636E+16
3565,3566,1,0,2,0,2016,6,12,2,3,5,3,0,0,1,1,0,0,0,0,5.7243E+20,6.02113E+21,1.01139E+16,5.43328E+16
3566,3567,1,0,58,50,2016,6,19,6,3,3,6,0,0,0,1,0,0,0,0,5.62023E+20,6.01935E+21,9.95351E+15,5.43182E+16
3567,3568,1,0,62,5,2016,7,8,4,3,2,2,0,1,0,1,0,0,1,0,5.78179E+20,5.95819E+21,1.01861E+16,5.37664E+16
3568,3569,1,0,51,74,2016,5,16,4,2,6,4,0,0,0,0,1,0,0,1,5.04495E+20,5.99348E+21,9.06871E+15,5.40895E+16
3569,3570,1,0,1,0,2016,6,12,6,3,0,1,0,0,1,0,0,0,0,0,5.28104E+20,6.07048E+21,9.43697E+15,5.47807E+16
3570,3571,1,0,56,5,2016,6,17,6,3,0,7,0,0,1,0,0,0,0,0,5.59642E+20,5.94722E+21,9.90276E+15,5.36703E+16
3571,3572,1,0,59,75,2016,5,12,3,3,2,6,0,0,0,1,0,0,0,0,5.3648E+20,6.04094E+21,9.56351E+15,5.45148E+16
3572,3573,1,0,53,136,2016,6,14,7,2,5,3,0,0,0,1,0,1,0,0,6.22195E+20,5.95097E+21,1.08507E+16,5.36931E+16
3573,3574,1,0,4,0,2016,6,11,2,3,5,2,0,0,1,0,0,0,0,1,5.64574E+20,5.99128E+21,9.98669E+15,5.40657E+16
3574,3575,1,0,57,21,2016,7,7,6,2,5,3,0,0,0,1,0,0,0,1,5.98657E+20,6.01717E+21,1.05158E+16,5.42929E+16
3575,3576,1,0,55,17,2016,7,10,2,3,0,7,0,0,1,0,0,0,0,0,6.35444E+20,6.02739E+21,1.10853E+16,5.43763E+16
3576,3577,1,0,1,0,2016,6,17,5,3,2,6,0,0,0,1,0,0,0,0,5.28162E+20,6.07053E+21,9.43787E+15,5.47812E+16
3577,3578,1,0,62,1,2016,6,7,4,3,2,6,0,0,0,1,0,0,0,0,5.81952E+20,5.94922E+21,1.02409E+16,5.36853E+16
3578,3579,1,0,61,71,2016,5,13,3,3,4,6,0,0,0,1,0,0,0,1,5.44216E+20,5.97878E+21,9.67382E+15,5.39555E+16
3579,3580,1,0,62,4,2016,7,12,1,3,2,6,0,0,1,1,0,0,0,0,5.86435E+20,5.96112E+21,1.03121E+16,5.37914E+16
3580,3581,1,0,4,0,2016,6,18,5,3,2,6,0,0,0,1,0,0,0,0,5.62483E+20,5.99176E+21,9.95484E+15,5.40703E+16
3581,3582,1,0,55,1,2016,6,7,2,2,9,1,0,0,0,0,0,1,0,0,6.04994E+20,5.9881E+21,1.0603E+16,5.40305E+16
3582,3583,1,0,2,0,2016,6,7,5,3,3,6,0,0,0,1,0,0,1,0,5.73168E+20,6.01787E+21,1.01244E+16,5.43035E+16
3583,3584,1,0,3,0,2016,6,7,5,2,8,6,0,0,0,1,0,0,1,0,6.05422E+20,5.96849E+21,1.06027E+16,5.38542E+16
3584,3585,1,0,59,112,2016,5,15,1,1,4,1,0,0,0,1,0,1,0,0,5.56191E+20,6.06662E+21,9.87287E+15,5.47437E+16
3585,3586,1,0,56,39,2016,6,11,5,3,2,6,0,0,0,1,0,0,0,0,5.52562E+20,5.94628E+21,9.79546E+15,5.36626E+16
3586,3587,1,0,2,0,2016,6,15,5,3,5,3,0,1,0,1,0,0,0,0,5.72974E+20,6.02104E+21,1.01222E+16,5.4332E+16
3587,3588,1,0,59,186,2016,7,9,1,2,9,1,0,1,0,1,0,0,0,0,5.45685E+20,6.06936E+21,9.71012E+15,5.47693E+16
3588,3589,1,0,1,0,2016,6,18,5,3,2,6,0,0,0,1,0,0,0,0,5.30601E+20,6.07235E+21,9.47599E+15,5.47974E+16
3589,3590,1,0,60,66,2016,7,18,6,2,8,1,0,1,0,1,0,0,0,0,5.65631E+20,5.96675E+21,9.99756E+15,5.38451E+16
3590,3591,1,0,3,0,2016,5,0,2,3,5,3,2,1,1,1,0,0,0,0,6.10108E+20,5.96993E+21,1.06745E+16,5.38661E+16
3591,3592,1,0,3,0,2016,5,12,1,3,2,6,0,0,0,1,0,0,0,0,6.08301E+20,5.96919E+21,1.06468E+16,5.38599E+16
3592,3593,1,0,62,45,2016,6,20,7,3,5,3,0,0,0,1,0,0,0,0,5.90592E+20,5.94435E+21,1.03703E+16,5.36401E+16
3593,3594,1,0,2,0,2016,5,16,2,3,2,6,0,0,0,1,0,0,0,0,5.72655E+20,6.02229E+21,1.01176E+16,5.43433E+16
3594,3595,1,0,59,68,2016,5,11,3,3,5,3,0,0,0,0,0,1,0,1,5.57003E+20,6.05597E+21,9.8834E+15,5.46479E+16
3595,3596,1,0,59,116,2016,7,8,4,3,8,1,0,0,0,0,0,0,0,1,5.3117E+20,6.05877E+21,9.48338E+15,5.46753E+16
3596,3597,1,0,3,0,2016,7,6,4,3,1,6,0,1,0,1,0,1,0,0,6.09585E+20,5.97064E+21,1.06668E+16,5.38726E+16
3597,3598,1,0,59,57,2016,6,17,2,3,8,6,0,1,0,1,0,0,0,0,5.32269E+20,6.0454E+21,9.49895E+15,5.45551E+16
3598,3599,1,0,62,25,2016,5,15,6,2,3,6,0,0,0,1,0,1,0,1,6.04341E+20,5.96833E+21,1.05863E+16,5.3853E+16
3599,3600,1,0,53,120,2016,6,15,7,3,3,6,0,0,0,1,0,1,0,0,6.05181E+20,5.95567E+21,1.05947E+16,5.37391E+16
3600,3601,1,0,60,44,2016,5,8,4,2,5,3,0,0,0,1,0,0,0,0,5.6435E+20,5.96397E+21,9.97751E+15,5.38203E+16
3601,3602,1,0,61,12,2016,6,18,6,3,0,1,0,0,0,0,0,1,0,0,5.30261E+20,5.9624E+21,9.45956E+15,5.38093E+16
3602,3603,1,0,1,0,2016,6,7,4,3,5,2,0,1,1,0,0,0,0,1,5.27957E+20,6.07039E+21,9.43467E+15,5.478E+16
3603,3604,1,0,62,4,2016,7,8,5,3,2,6,0,0,0,1,0,0,0,0,5.90126E+20,5.96345E+21,1.03688E+16,5.38118E+16
3604,3605,1,0,55,1,2016,6,13,7,3,6,4,0,0,1,0,1,0,0,0,6.02671E+20,5.98619E+21,1.05669E+16,5.40138E+16
3605,3606,1,0,62,4,2016,6,8,1,3,5,3,0,0,0,1,0,0,0,0,5.91143E+20,5.96242E+21,1.03839E+16,5.38024E+16
3606,3607,1,0,54,134,2016,6,14,3,2,9,1,0,0,0,1,0,0,0,0,4.81111E+20,6.01979E+21,8.70956E+15,5.43256E+16
3607,3608,1,0,55,32,2016,5,7,3,3,2,6,0,0,0,1,0,0,0,0,6.18431E+20,5.99683E+21,1.08114E+16,5.4106E+16
3608,3609,1,0,2,0,2016,6,18,5,3,5,2,0,0,1,0,0,0,0,0,5.71944E+20,6.02255E+21,1.01068E+16,5.43457E+16
3609,3610,1,0,58,24,2016,7,12,7,3,2,6,0,0,0,1,0,0,0,1,5.45914E+20,6.02199E+21,9.70629E+15,5.43437E+16
3610,3611,1,0,60,39,2016,5,7,2,3,5,2,0,1,1,1,0,0,0,0,5.64518E+20,5.95808E+21,9.97883E+15,5.37673E+16
3611,3612,1,0,62,9,2016,5,7,2,3,1,6,0,1,0,1,0,0,0,0,5.77824E+20,5.93546E+21,1.0175E+16,5.35623E+16
3612,3613,1,0,53,2,2016,5,15,1,3,0,3,0,0,0,1,0,1,0,0,6.09936E+20,5.94274E+21,1.06622E+16,5.36219E+16
3613,3614,1,0,57,4,2016,6,13,1,2,8,1,0,0,0,0,0,1,0,0,6.04169E+20,6.02242E+21,1.06023E+16,5.4339E+16
3614,3615,1,0,53,81,2016,5,13,2,2,6,4,0,0,0,1,1,0,0,0,6.08154E+20,5.94838E+21,1.06372E+16,5.36729E+16
3615,3616,1,0,54,75,2016,6,17,4,3,0,7,0,0,1,1,0,0,0,0,4.97191E+20,6.06E+21,8.95643E+15,5.46874E+16
3616,3617,1,0,56,5,2016,5,19,3,3,2,6,0,0,0,1,0,0,0,0,5.6168E+20,5.94611E+21,9.93339E+15,5.36601E+16
3617,3618,1,0,4,0,2016,7,8,4,2,5,2,0,1,1,1,0,0,0,0,5.65934E+20,5.9891E+21,1.0007E+16,5.40459E+16
3618,3619,1,0,54,20,2016,5,11,7,3,1,6,0,0,0,1,0,0,0,0,4.99979E+20,6.0482E+21,8.99967E+15,5.45813E+16
3619,3620,1,0,56,15,2016,7,17,4,3,5,3,0,0,1,0,0,0,0,1,5.45009E+20,5.95694E+21,9.68271E+15,5.37591E+16
3620,3621,1,0,55,33,2016,6,16,2,3,2,6,0,0,1,0,0,0,0,0,6.22765E+20,6.02E+21,1.08872E+16,5.43131E+16
3621,3622,1,0,55,1,2016,5,19,6,3,5,3,0,0,0,1,0,1,0,0,6.05418E+20,5.98052E+21,1.06068E+16,5.39623E+16
3622,3623,1,0,60,63,2016,6,12,7,2,5,2,0,0,0,1,0,0,0,0,5.67751E+20,5.95141E+21,1.00264E+16,5.3707E+16
3623,3624,1,0,60,39,2016,7,15,6,3,2,6,0,0,0,1,0,0,0,0,5.65893E+20,5.96036E+21,1.00002E+16,5.37876E+16
3624,3625,1,0,60,24,2016,5,17,4,3,6,4,0,0,0,1,1,0,0,0,5.94393E+20,5.97572E+21,1.04374E+16,5.39213E+16
3625,3626,1,0,2,0,2016,6,14,4,3,5,3,0,0,0,1,0,0,0,0,5.71775E+20,6.0179E+21,1.0103E+16,5.43039E+16
3626,3627,1,0,60,64,2016,7,19,5,3,5,2,0,0,0,1,0,0,0,0,5.61442E+20,5.96716E+21,9.93398E+15,5.38493E+16
3627,3628,1,0,62,18,2016,6,16,7,3,2,6,0,1,0,1,0,0,0,0,5.81401E+20,5.93121E+21,1.02279E+16,5.35235E+16
3628,3629,1,0,57,48,2016,6,7,3,3,2,6,0,0,0,1,0,0,0,1,6.02789E+20,6.0162E+21,1.05789E+16,5.42834E+16
3629,3630,1,0,57,9,2016,7,11,3,3,2,6,0,1,0,1,0,1,0,0,5.9891E+20,5.99943E+21,1.05138E+16,5.41334E+16
3630,3631,1,0,2,0,2016,6,13,3,3,0,6,0,0,0,1,0,0,0,1,5.7364E+20,6.01862E+21,1.01319E+16,5.43101E+16
3631,3632,1,0,4,0,2016,5,8,4,3,5,3,0,0,1,1,0,0,0,0,5.66211E+20,5.98946E+21,1.00113E+16,5.40491E+16
3632,3633,1,0,3,0,2016,7,16,3,3,3,6,0,1,0,1,0,0,0,0,6.16874E+20,5.97431E+21,1.0779E+16,5.39041E+16
3633,3634,1,0,2,0,2016,6,17,1,3,3,6,0,0,0,1,0,0,1,0,5.77316E+20,6.02042E+21,1.01888E+16,5.43257E+16
3634,3635,1,0,2,0,2016,6,18,6,3,6,4,0,0,1,0,1,0,0,0,5.73556E+20,6.01914E+21,1.01307E+16,5.43149E+16
3635,3636,1,0,1,0,2016,6,20,2,3,5,3,0,0,0,1,0,0,0,0,5.30441E+20,6.07061E+21,9.47331E+15,5.47818E+16
3636,3637,1,0,2,0,2016,6,17,6,3,3,6,0,0,1,1,0,0,0,1,5.74093E+20,6.02234E+21,1.01398E+16,5.43435E+16
3637,3638,1,0,55,46,2016,7,7,4,3,5,2,0,0,1,1,0,0,0,0,6.39104E+20,6.03592E+21,1.11456E+16,5.44519E+16
3638,3639,1,0,60,4,2016,5,10,4,3,5,3,0,0,0,1,0,1,0,0,5.57855E+20,5.97511E+21,9.88097E+15,5.39211E+16
3639,3640,1,0,55,4,2016,6,15,6,2,4,1,0,1,0,1,0,0,0,0,6.13301E+20,5.97588E+21,1.07252E+16,5.39189E+16
3640,3641,1,0,59,75,2016,6,17,6,3,0,2,0,0,1,1,0,0,0,0,5.34706E+20,6.04229E+21,9.53626E+15,5.4527E+16
3641,3642,1,0,53,30,2016,6,14,6,3,2,6,0,0,0,1,0,0,0,0,6.13674E+20,5.94806E+21,1.07206E+16,5.36689E+16
3642,3643,1,0,59,19,2016,5,0,3,3,2,6,2,0,0,1,0,0,1,0,5.34243E+20,6.03787E+21,9.52859E+15,5.44873E+16
3643,3644,1,0,55,46,2016,6,12,7,3,3,1,0,0,0,1,0,0,0,1,6.40472E+20,6.03504E+21,1.11663E+16,5.44436E+16
3644,3645,1,0,2,0,2016,6,17,2,3,5,2,1,1,1,1,0,0,0,0,5.7371E+20,6.02185E+21,1.01338E+16,5.43392E+16
3645,3646,1,0,59,18,2016,7,16,6,3,2,6,0,1,0,1,0,0,0,0,5.36379E+20,6.03938E+21,9.56174E+15,5.45007E+16
3646,3647,1,0,4,0,2016,5,17,6,3,9,7,0,0,0,1,0,0,0,0,5.61161E+20,5.99487E+21,9.93528E+15,5.40984E+16
3647,3648,1,0,3,0,2016,7,8,2,3,8,7,0,0,1,0,0,0,0,0,6.09478E+20,5.9676E+21,1.06641E+16,5.38454E+16
3648,3649,1,0,62,4,2016,6,9,5,3,8,1,0,1,0,1,0,0,0,0,5.93759E+20,5.96096E+21,1.04232E+16,5.37888E+16
3649,3650,1,0,3,0,2016,6,18,4,3,6,4,0,0,0,1,1,0,0,0,6.1151E+20,5.96982E+21,1.06958E+16,5.38649E+16
3650,3651,1,0,61,44,2016,5,10,3,3,4,6,0,1,0,1,0,0,0,0,5.42204E+20,5.95888E+21,9.64044E+15,5.37768E+16
3651,3652,1,0,4,0,2016,7,16,1,3,5,2,0,0,0,1,0,0,0,0,5.67639E+20,5.98894E+21,1.0033E+16,5.40443E+16
3652,3653,1,0,55,44,2016,6,16,4,3,3,1,0,1,0,1,0,0,0,0,6.13302E+20,5.98649E+21,1.07292E+16,5.40142E+16
3653,3654,1,0,57,74,2016,6,16,5,3,5,3,0,0,1,1,0,0,0,0,5.78393E+20,6.02105E+21,1.02056E+16,5.43312E+16
3654,3655,1,0,58,9,2016,6,14,2,3,2,6,0,0,0,0,0,0,0,1,5.47121E+20,5.99224E+21,9.72019E+15,5.40762E+16
3655,3656,1,0,55,4,2016,6,16,5,3,3,6,0,0,0,1,0,0,1,0,6.11832E+20,5.97519E+21,1.07026E+16,5.39131E+16
3656,3657,1,0,56,2,2016,6,19,4,3,0,3,0,0,0,1,0,1,0,0,5.50917E+20,5.96056E+21,9.77291E+15,5.37912E+16
3657,3658,1,0,60,73,2016,5,9,7,3,5,3,0,0,0,1,0,0,0,1,5.66028E+20,5.96962E+21,1.00042E+16,5.38708E+16
3658,3659,1,0,3,0,2016,5,17,5,2,2,6,0,1,0,1,0,0,0,0,6.07875E+20,5.96843E+21,1.064E+16,5.38532E+16
3659,3660,1,0,59,75,2016,6,13,5,3,0,1,0,1,1,0,0,0,0,0,5.35031E+20,6.04204E+21,9.54126E+15,5.45247E+16
3660,3661,1,0,2,0,2016,7,12,1,3,8,1,0,0,0,1,0,0,0,0,5.71806E+20,6.01918E+21,1.01038E+16,5.43155E+16
3661,3662,1,0,51,32,2016,6,16,4,3,8,1,0,0,0,0,0,1,0,0,5.10599E+20,5.98661E+21,9.1618E+15,5.40276E+16
3662,3663,1,0,53,83,2016,7,21,6,2,4,6,1,1,0,1,0,0,0,0,6.0417E+20,5.91483E+21,1.05658E+16,5.33723E+16
3663,3664,1,0,57,45,2016,5,7,2,2,5,3,0,1,0,1,0,0,0,1,5.92838E+20,6.0084E+21,1.04237E+16,5.42151E+16
3664,3665,1,0,57,9,2016,5,13,1,3,2,6,0,0,0,1,0,0,0,0,5.98061E+20,5.99955E+21,1.05009E+16,5.41347E+16
3665,3666,1,0,2,0,2016,6,18,7,3,0,6,0,0,1,1,0,0,0,0,5.73769E+20,6.0206E+21,1.01343E+16,5.43279E+16
3666,3667,1,0,61,46,2016,5,15,1,3,4,1,0,1,0,1,0,0,0,0,5.33661E+20,5.97549E+21,9.51262E+15,5.39267E+16
3667,3668,1,0,60,8,2016,7,1,4,3,9,7,2,0,0,1,0,0,0,0,5.86159E+20,5.97034E+21,1.03105E+16,5.38744E+16
3668,3669,1,0,2,0,2016,7,6,4,3,5,2,0,1,1,1,0,0,0,0,5.73216E+20,6.01876E+21,1.01254E+16,5.43114E+16
3669,3670,1,0,62,71,2016,6,11,2,3,2,6,0,0,0,1,0,0,0,0,5.81412E+20,5.94048E+21,1.02305E+16,5.36068E+16
3670,3671,1,0,58,43,2016,6,16,7,3,4,6,0,0,0,1,0,1,0,0,5.56098E+20,6.0329E+21,9.86499E+15,5.44407E+16
3671,3672,1,0,59,183,2016,5,10,4,3,5,3,0,1,0,1,0,0,0,0,5.26021E+20,6.06737E+21,9.4043E+15,5.47529E+16
3672,3673,1,0,56,39,2016,5,11,4,3,4,6,0,0,1,0,0,0,0,0,5.51682E+20,5.9457E+21,9.78204E+15,5.36575E+16
3673,3674,1,0,56,5,2016,6,13,6,3,2,6,0,0,0,1,0,1,0,0,5.59638E+20,5.94715E+21,9.90269E+15,5.36696E+16
3674,3675,1,0,56,2,2016,6,14,3,2,5,2,0,0,1,1,0,0,0,0,5.49922E+20,5.95949E+21,9.75764E+15,5.37816E+16
3675,3676,1,0,3,0,2016,7,15,5,3,4,2,0,0,0,1,0,1,0,0,6.09712E+20,5.97125E+21,1.06689E+16,5.38781E+16
3676,3677,1,0,2,0,2016,6,0,7,3,1,5,2,0,1,1,0,0,0,0,5.73858E+20,6.0202E+21,1.01356E+16,5.43243E+16
3677,3678,1,0,4,0,2016,6,22,1,3,5,3,2,0,0,1,0,0,0,0,5.64702E+20,5.99492E+21,9.98941E+15,5.40984E+16
3678,3679,1,0,1,0,2016,6,8,3,3,6,1,0,0,0,0,1,0,0,1,5.27581E+20,6.07159E+21,9.42893E+15,5.47907E+16
3679,3680,1,0,61,46,2016,7,14,2,3,2,2,0,0,0,1,0,0,0,0,5.34836E+20,5.9759E+21,9.53056E+15,5.39303E+16
3680,3681,1,0,1,0,2016,6,18,3,3,0,1,0,0,1,0,0,0,0,0,5.27343E+20,6.07263E+21,9.42533E+15,5.48001E+16
3681,3682,1,0,62,1,2016,7,17,6,3,2,6,0,1,0,1,0,0,0,0,5.81565E+20,5.9476E+21,1.02346E+16,5.36708E+16
3682,3683,1,0,58,137,2016,7,23,3,3,8,6,2,1,0,1,0,0,0,0,5.54247E+20,6.04164E+21,9.83806E+15,5.45194E+16
3683,3684,1,0,62,56,2016,6,19,5,1,8,1,0,0,0,0,0,1,0,0,5.91399E+20,5.95793E+21,1.03865E+16,5.3762E+16
3684,3685,1,0,56,41,2016,6,16,1,2,2,6,0,1,0,1,0,1,0,0,5.58396E+20,5.95595E+21,9.88556E+15,5.37489E+16
3685,3686,1,0,57,77,2016,7,9,2,3,5,3,0,0,1,1,0,0,0,0,5.9314E+20,6.01672E+21,1.04309E+16,5.42899E+16
3686,3687,1,0,51,1,2016,6,16,5,3,2,6,0,0,0,1,0,0,0,0,5.18573E+20,6.00006E+21,9.28436E+15,5.41483E+16
3687,3688,1,0,54,42,2016,6,17,3,2,5,2,0,0,0,1,0,1,0,0,5.02491E+20,6.04024E+21,9.03847E+15,5.45098E+16
3688,3689,1,0,56,50,2016,6,10,5,3,2,6,0,0,0,1,0,0,0,0,5.46548E+20,5.93719E+21,9.70309E+15,5.35815E+16
3689,3690,1,0,2,0,2016,6,21,6,3,5,2,1,1,1,1,0,0,0,0,5.73781E+20,6.02057E+21,1.01345E+16,5.43276E+16
3690,3691,1,0,62,18,2016,5,14,6,3,4,6,0,0,0,1,0,0,0,0,5.81835E+20,5.93392E+21,1.02351E+16,5.35478E+16
3691,3692,1,0,56,48,2016,6,16,1,3,2,6,0,0,0,1,0,0,0,0,5.48856E+20,5.95136E+21,9.74018E+15,5.37086E+16
3692,3693,1,0,61,46,2016,6,11,5,3,5,2,0,1,1,1,0,0,0,0,5.3359E+20,5.97565E+21,9.51156E+15,5.39281E+16
3693,3694,1,0,53,37,2016,5,22,5,2,8,1,2,1,0,1,0,0,0,0,6.11184E+20,5.93858E+21,1.06796E+16,5.35843E+16
3694,3695,1,0,54,88,2016,7,14,2,3,2,6,0,0,0,1,0,0,0,0,4.90589E+20,6.0717E+21,8.85364E+15,5.47924E+16
3695,3696,1,0,56,48,2016,6,8,4,3,0,7,0,0,1,0,0,0,0,0,5.46678E+20,5.95065E+21,9.70708E+15,5.37025E+16
3696,3697,1,0,60,2,2016,6,17,4,3,2,6,0,0,0,1,0,0,0,0,5.61837E+20,5.96014E+21,9.93857E+15,5.37862E+16
3697,3698,1,0,62,60,2016,6,12,5,3,4,6,0,0,1,0,0,0,0,0,5.83014E+20,5.92977E+21,1.02518E+16,5.35103E+16
3698,3699,1,0,62,60,2016,7,10,7,3,2,6,0,0,0,1,0,0,0,0,5.86519E+20,5.93581E+21,1.03063E+16,5.3564E+16
3699,3700,1,0,54,164,2016,7,10,3,3,9,1,0,0,1,0,0,0,0,0,4.71521E+20,6.06104E+21,8.55813E+15,5.46959E+16
3700,3701,1,0,54,94,2016,6,10,3,3,8,1,0,0,0,1,0,0,0,0,4.69473E+20,6.06309E+21,8.52614E+15,5.47142E+16
3701,3702,1,0,2,0,2016,5,16,4,3,5,2,0,0,1,1,0,0,0,0,5.72782E+20,6.01806E+21,1.01185E+16,5.43052E+16
3702,3703,1,0,3,0,2016,7,13,3,3,2,6,0,1,0,1,0,1,0,0,6.10397E+20,5.96955E+21,1.06787E+16,5.38627E+16
3703,3704,1,0,54,56,2016,6,22,6,3,6,3,2,0,0,1,1,0,0,0,5.03676E+20,6.03675E+21,9.05673E+15,5.44784E+16
3704,3705,1,0,62,9,2016,6,9,2,3,2,6,0,0,0,1,0,0,0,0,5.79701E+20,5.93746E+21,1.02038E+16,5.358E+16
3705,3706,1,0,1,0,2016,6,7,6,3,5,3,0,0,1,1,0,0,0,0,5.31318E+20,6.07303E+21,9.48721E+15,5.48035E+16
3706,3707,1,0,2,0,2016,6,17,3,3,2,6,0,0,0,1,0,0,0,0,5.70867E+20,6.02032E+21,1.00897E+16,5.43258E+16
3707,3708,1,0,60,101,2016,6,12,5,3,2,6,0,0,0,1,0,0,0,0,5.80201E+20,5.97591E+21,1.02214E+16,5.39254E+16
3708,3709,1,0,3,0,2016,6,13,6,3,0,6,0,0,1,0,0,0,0,0,6.1327E+20,5.96983E+21,1.07225E+16,5.38646E+16
3709,3710,1,0,60,16,2016,5,10,6,3,2,2,0,1,0,0,0,1,0,0,5.81563E+20,5.98618E+21,1.02448E+16,5.40174E+16
3710,3711,1,0,54,61,2016,6,13,7,3,0,1,0,0,0,0,0,1,0,0,4.58618E+20,6.09191E+21,8.35353E+15,5.49724E+16
3711,3712,1,0,59,75,2016,6,17,2,3,2,6,0,1,0,1,0,1,0,0,5.35268E+20,6.04119E+21,9.54482E+15,5.45171E+16
3712,3713,1,0,4,0,2016,7,16,6,3,2,6,0,1,0,1,0,0,0,0,5.62286E+20,5.99757E+21,9.95302E+15,5.41225E+16
3713,3714,1,0,60,54,2016,5,7,5,3,2,6,0,1,0,1,0,0,0,0,5.58593E+20,5.9691E+21,9.89104E+15,5.38671E+16
3714,3715,1,0,57,62,2016,7,7,2,3,2,6,0,0,0,1,0,0,0,0,5.84252E+20,6.01224E+21,1.02932E+16,5.42511E+16
3715,3716,1,0,56,5,2016,6,10,4,3,0,6,0,0,0,1,0,0,0,1,5.6079E+20,5.94654E+21,9.92001E+15,5.36641E+16
3716,3717,1,0,57,69,2016,6,16,4,3,5,3,0,0,1,1,0,0,0,0,5.79816E+20,5.99419E+21,1.02203E+16,5.40897E+16
3717,3718,1,0,56,3,2016,5,10,3,3,8,1,0,0,0,0,0,1,0,0,5.49858E+20,5.95666E+21,9.75621E+15,5.37562E+16
3718,3719,1,0,61,83,2016,7,22,1,3,8,7,2,0,0,1,0,0,0,0,5.32255E+20,5.98073E+21,9.49176E+15,5.39739E+16
3719,3720,1,0,56,5,2016,6,7,3,3,4,6,0,1,1,0,0,0,0,0,5.59645E+20,5.94724E+21,9.90282E+15,5.36705E+16
3720,3721,1,0,2,0,2016,6,15,2,3,4,6,0,0,1,0,0,1,0,0,5.75895E+20,6.03056E+21,1.01696E+16,5.44171E+16
3721,3722,1,0,58,61,2016,5,17,3,2,5,3,0,0,0,1,0,0,0,0,5.30459E+20,5.99643E+21,9.46596E+15,5.41152E+16
3722,3723,1,0,60,44,2016,6,12,4,3,2,6,0,0,0,1,0,0,0,0,5.63811E+20,5.96533E+21,9.96961E+15,5.38326E+16
3723,3724,1,0,3,0,2016,6,16,4,3,2,6,0,0,0,1,0,0,0,0,6.11008E+20,5.9683E+21,1.06876E+16,5.38513E+16
3724,3725,1,0,62,6,2016,5,19,7,2,5,3,0,0,0,1,0,0,0,0,5.83222E+20,5.95418E+21,1.02615E+16,5.37296E+16
3725,3726,1,0,57,57,2016,7,7,5,2,2,6,0,0,0,1,0,0,0,0,5.92246E+20,6.00199E+21,1.04127E+16,5.41577E+16
3726,3727,1,0,2,0,2016,6,18,3,3,6,4,0,0,0,1,1,0,0,0,5.76255E+20,6.02801E+21,1.01745E+16,5.43942E+16
3727,3728,1,0,58,113,2016,5,11,5,2,8,1,0,1,0,0,0,0,1,0,5.39289E+20,5.99845E+21,9.6013E+15,5.41327E+16
3728,3729,1,0,61,52,2016,6,12,4,3,5,3,0,0,0,1,0,0,0,0,5.27154E+20,5.97901E+21,9.41384E+15,5.39588E+16