FID,OBJECTID,ULAND,UREGBEZ,UKREIS,UGEMEINDE,UJAHR,UMONAT,USTUNDE,UWOCHENTAG,UKATEGORIE,UART,UTYP1,ULICHTVERH,IstStrasse,IstRad,IstPKW,IstFuss,IstKrad,IstGkfz,IstSonstig,LINREFX,LINREFY,XGCSWGS84,YGCSWGS84
3729,3730,1,0,53,98,2016,7,16,7,3,2,6,0,1,0,1,0,0,0,0,6.14109E+20,5.95623E+21,1.07302E+16,5.37422E+16
3730,3731,1,0,58,92,2016,6,9,4,3,5,3,0,0,1,1,0,0,0,0,5.71638E+20,6.02206E+21,1.01019E+16,5.43413E+16
3731,3732,1,0,60,44,2016,6,15,4,3,5,3,0,0,0,1,0,1,0,0,5.63144E+20,5.96651E+21,9.95972E+15,5.38433E+16
3732,3733,1,0,58,54,2016,7,15,6,3,5,3,0,1,0,1,0,0,1,0,5.3777E+20,6.01775E+21,9.58048E+15,5.43062E+16
3733,3734,1,0,61,46,2016,6,11,6,3,6,4,0,1,0,1,1,0,0,0,5.33614E+20,5.97545E+21,9.5119E+15,5.39263E+16
3734,3735,1,0,53,60,2016,5,17,1,1,4,6,0,0,0,1,0,0,0,0,5.93481E+20,5.93524E+21,1.04112E+16,5.35577E+16
3735,3736,1,0,53,3,2016,7,17,3,3,2,6,0,1,0,1,0,0,0,0,5.87269E+20,5.9321E+21,1.03166E+16,5.35305E+16
3736,3737,1,0,54,134,2016,6,18,4,3,2,2,0,0,0,1,0,0,0,0,4.81053E+20,6.01716E+21,8.70884E+15,5.4302E+16
3737,3738,1,0,59,184,2016,7,16,4,3,4,6,0,0,0,1,0,0,0,0,5.27941E+20,6.06111E+21,9.43352E+15,5.46965E+16
3738,3739,1,0,51,35,2016,6,14,1,3,8,7,0,1,0,1,0,0,0,0,5.14338E+20,6.00528E+21,9.21976E+15,5.41954E+16
3739,3740,1,0,62,23,2016,6,16,2,3,5,3,0,0,0,1,0,0,0,0,5.8335E+20,5.94683E+21,1.02614E+16,5.36635E+16
3740,3741,1,0,60,94,2016,6,18,6,3,8,1,0,0,0,0,0,0,0,1,5.71958E+20,5.96234E+21,1.00927E+16,5.38046E+16
3741,3742,1,0,61,29,2016,5,11,3,2,9,1,0,0,0,0,0,1,0,0,5.2808E+20,5.95977E+21,9.4262E+15,5.37857E+16
3742,3743,1,0,56,24,2016,5,12,4,2,1,5,0,0,1,1,0,0,0,0,5.44212E+20,5.94529E+21,9.66896E+15,5.36545E+16
3743,3744,1,0,62,90,2016,6,17,6,3,5,3,0,0,1,1,0,0,0,0,5.76423E+20,5.949E+21,1.01572E+16,5.36841E+16
3744,3745,1,0,53,23,2016,6,9,3,3,0,1,0,1,0,0,0,1,0,0,5.9045E+20,5.92805E+21,1.03634E+16,5.34937E+16
3745,3746,1,0,58,99,2016,7,8,5,3,5,2,0,0,0,1,0,0,0,0,5.57463E+20,6.04222E+21,9.88784E+15,5.45243E+16
3746,3747,1,0,59,107,2016,6,14,7,3,9,1,0,0,0,1,0,0,0,0,5.23219E+20,6.05169E+21,9.35951E+15,5.46121E+16
3747,3748,1,0,54,168,2016,6,15,1,3,5,3,0,0,1,1,0,0,0,0,4.54891E+20,6.08165E+21,8.29693E+15,5.48799E+16
3748,3749,1,0,56,15,2016,6,17,2,3,2,6,0,1,0,1,0,0,0,0,5.44225E+20,5.95558E+21,9.67063E+15,5.3747E+16
3749,3750,1,0,56,41,2016,7,23,2,3,5,3,2,0,0,1,1,0,0,0,5.62619E+20,5.95545E+21,9.94948E+15,5.3744E+16
3750,3751,1,0,55,46,2016,7,11,6,2,0,1,0,0,1,0,0,0,0,0,6.4607E+20,6.03299E+21,1.12515E+16,5.44236E+16
3751,3752,1,0,58,127,2016,7,12,3,3,3,1,0,1,0,1,0,0,1,0,5.41416E+20,6.0284E+21,9.63798E+15,5.44017E+16
3752,3753,1,0,58,135,2016,6,16,5,3,5,2,0,0,1,1,0,0,0,0,5.43284E+20,6.01686E+21,9.66508E+15,5.42978E+16
3753,3754,1,0,2,0,2016,7,13,2,3,9,1,0,0,0,1,0,0,0,0,5.66494E+20,6.0105E+21,1.00203E+16,5.42381E+16
3754,3755,1,0,56,24,2016,6,9,5,3,5,2,0,0,0,1,0,0,0,0,5.43019E+20,5.94553E+21,9.65094E+15,5.36568E+16
3755,3756,1,0,51,11,2016,6,16,2,3,2,6,0,1,0,1,0,0,0,0,5.0853E+20,5.97215E+21,9.12981E+15,5.38977E+16
3756,3757,1,0,55,38,2016,6,17,5,3,2,6,0,0,0,1,0,0,0,0,6.13815E+20,6.01021E+21,1.07459E+16,5.42272E+16
3757,3758,1,0,54,141,2016,6,19,6,2,9,1,0,0,0,1,0,0,0,0,4.97819E+20,6.03036E+21,8.96639E+15,5.44209E+16
3758,3759,1,0,4,0,2016,5,12,6,3,5,3,0,0,0,1,0,1,0,0,5.6346E+20,5.99363E+21,9.97017E+15,5.40869E+16
3759,3760,1,0,53,3,2016,6,18,5,3,2,6,0,0,0,1,0,0,0,1,5.95974E+20,5.93137E+21,1.04477E+16,5.35225E+16
3760,3761,1,0,56,43,2016,7,15,1,3,5,3,0,1,0,1,0,0,1,0,5.57702E+20,5.94286E+21,9.8726E+15,5.36313E+16
3761,3762,1,0,60,44,2016,5,5,3,3,5,2,0,0,0,1,0,0,0,0,5.61444E+20,5.96715E+21,9.934E+15,5.38493E+16
3762,3763,1,0,3,0,2016,6,9,5,3,5,3,0,0,0,1,0,0,0,0,6.09965E+20,5.97148E+21,1.06728E+16,5.38801E+16
3763,3764,1,0,55,27,2016,7,9,7,3,2,6,0,0,0,1,0,0,0,0,6.21877E+20,6.00914E+21,1.08691E+16,5.42158E+16
3764,3765,1,0,2,0,2016,6,13,3,3,4,6,0,0,0,1,0,0,0,0,5.73415E+20,6.02124E+21,1.01291E+16,5.43338E+16
3765,3766,1,0,59,97,2016,5,17,2,2,4,6,0,0,0,1,0,0,0,0,5.44031E+20,6.05082E+21,9.68162E+15,5.46029E+16
3766,3767,1,0,60,2,2016,6,16,1,2,1,5,0,0,1,1,0,0,0,0,5.60004E+20,5.96018E+21,9.91076E+15,5.37867E+16
3767,3768,1,0,60,73,2016,5,13,3,2,1,6,0,0,0,0,0,0,1,1,5.6186E+20,5.97194E+21,9.94129E+15,5.38922E+16
3768,3769,1,0,4,0,2016,6,21,4,3,8,1,0,1,0,1,0,0,0,0,5.64488E+20,5.99589E+21,9.98636E+15,5.41071E+16
3769,3770,1,0,57,62,2016,5,13,7,3,5,2,0,0,0,1,0,1,0,0,5.83334E+20,6.01119E+21,1.02788E+16,5.42419E+16
3770,3771,1,0,55,1,2016,5,10,7,3,5,3,0,0,0,1,0,0,0,0,6.03436E+20,5.98383E+21,1.05778E+16,5.39924E+16
3771,3772,1,0,58,94,2016,7,9,5,3,2,6,0,0,0,1,0,0,0,0,5.59961E+20,6.00521E+21,9.91898E+15,5.41914E+16
3772,3773,1,0,51,114,2016,6,18,2,2,8,1,0,0,1,0,0,0,0,0,5.19329E+20,6.00947E+21,9.29653E+15,5.42328E+16
3773,3774,1,0,61,19,2016,5,16,6,3,5,3,0,1,1,1,0,0,0,0,5.53973E+20,5.98267E+21,9.8232E+15,5.39895E+16
3774,3775,1,0,58,169,2016,5,20,5,2,3,1,0,1,0,1,0,0,0,1,5.60404E+20,5.99178E+21,9.92308E+15,5.40707E+16
3775,3776,1,0,55,40,2016,6,15,4,3,5,3,0,0,1,1,0,0,0,0,6.08622E+20,5.97326E+21,1.06531E+16,5.38964E+16
3776,3777,1,0,54,95,2016,7,18,7,2,4,1,0,0,0,1,0,0,0,0,4.98609E+20,6.02441E+21,8.97858E+15,5.43675E+16
3777,3778,1,0,59,57,2016,6,21,4,3,8,7,0,0,0,1,0,0,0,0,5.30318E+20,6.04647E+21,9.4689E+15,5.45648E+16
3778,3779,1,0,58,49,2016,6,19,4,2,4,6,0,0,1,0,0,0,0,0,5.55013E+20,6.00916E+21,9.84387E+15,5.42275E+16
3779,3780,1,0,56,39,2016,7,18,6,3,9,1,0,1,0,0,0,1,0,0,5.5453E+20,5.94474E+21,9.82497E+15,5.36486E+16
3780,3781,1,0,55,44,2016,6,1,1,3,8,1,2,1,0,1,0,0,0,0,6.13589E+20,5.99091E+21,1.07352E+16,5.40539E+16
3781,3782,1,0,3,0,2016,6,13,3,3,3,6,0,0,1,0,0,0,0,0,6.11164E+20,5.96893E+21,1.06902E+16,5.38569E+16
3782,3783,1,0,55,41,2016,7,4,3,3,8,7,0,0,0,1,0,0,0,0,6.12246E+20,5.99189E+21,1.07151E+16,5.4063E+16
3783,3784,1,0,55,33,2016,6,13,3,2,1,6,0,0,1,0,0,0,0,0,6.23653E+20,6.01757E+21,1.08998E+16,5.42911E+16
3784,3785,1,0,62,60,2016,5,15,4,3,5,2,0,0,0,1,0,0,0,0,5.82287E+20,5.92981E+21,1.02409E+16,5.35107E+16
3785,3786,1,0,56,1,2016,7,7,3,3,5,3,0,0,1,0,0,0,0,1,5.49063E+20,5.94591E+21,9.74245E+15,5.36596E+16
3786,3787,1,0,53,100,2016,6,15,1,3,2,6,0,1,0,1,0,0,0,0,6.1626E+20,5.95153E+21,1.0761E+16,5.36995E+16
3787,3788,1,0,58,5,2016,7,10,5,3,5,3,0,0,0,1,0,1,0,0,5.70943E+20,6.03016E+21,1.00932E+16,5.44142E+16
3788,3789,1,0,3,0,2016,6,16,3,3,5,3,0,1,0,1,0,1,0,0,6.107E+20,5.9683E+21,1.06829E+16,5.38514E+16
3789,3790,1,0,2,0,2016,5,15,2,3,5,2,0,0,1,1,0,0,0,0,5.72727E+20,6.0206E+21,1.01183E+16,5.43281E+16
3790,3791,1,0,54,76,2016,6,11,2,3,6,3,0,0,0,1,1,0,0,0,4.98144E+20,6.06951E+21,8.97115E+15,5.47728E+16
3791,3792,1,0,2,0,2016,5,10,3,3,6,4,0,0,1,0,1,0,0,0,5.73613E+20,6.02094E+21,1.0132E+16,5.4331E+16
3792,3793,1,0,55,4,2016,6,16,4,3,4,2,0,0,0,1,0,0,0,1,6.11453E+20,5.97605E+21,1.06972E+16,5.39208E+16
3793,3794,1,0,58,43,2016,6,13,4,3,3,6,0,0,0,0,0,1,0,0,5.54681E+20,6.03339E+21,9.84322E+15,5.44452E+16
3794,3795,1,0,54,23,2016,5,10,7,3,4,6,0,0,1,0,0,1,0,0,5.09291E+20,6.02428E+21,9.14299E+15,5.43663E+16
3795,3796,1,0,56,39,2016,5,16,7,3,2,6,0,0,0,1,0,0,0,0,5.52664E+20,5.9443E+21,9.79667E+15,5.36448E+16
3796,3797,1,0,54,98,2016,7,17,5,2,4,2,0,0,0,1,0,1,0,0,4.64217E+20,6.0648E+21,8.44435E+15,5.47292E+16
3797,3798,1,0,62,25,2016,6,7,3,3,9,1,0,1,0,1,0,0,0,0,6.04743E+20,5.96785E+21,1.05922E+16,5.38486E+16
3798,3799,1,0,2,0,2016,5,17,5,3,0,5,0,0,1,0,0,1,0,0,5.73598E+20,6.02302E+21,1.01323E+16,5.43497E+16
3799,3800,1,0,62,76,2016,6,19,4,3,5,3,0,0,0,1,0,0,0,0,5.72556E+20,5.95381E+21,1.00997E+16,5.37279E+16
3800,3801,1,0,4,0,2016,7,11,7,3,2,6,0,0,0,1,0,0,0,0,5.6506E+20,5.99258E+21,9.9944E+15,5.40773E+16
3801,3802,1,0,57,9,2016,6,16,4,3,8,1,0,1,0,1,0,0,0,0,5.95333E+20,6.00073E+21,1.04595E+16,5.41458E+16
3802,3803,1,0,53,116,2016,6,17,4,3,0,7,0,0,1,1,0,0,0,0,5.98478E+20,5.92907E+21,1.04847E+16,5.35014E+16
3803,3804,1,0,2,0,2016,7,16,6,3,2,6,0,1,0,1,0,0,0,0,5.71495E+20,6.01952E+21,1.00991E+16,5.43185E+16
3804,3805,1,0,56,39,2016,6,16,6,3,3,6,0,1,0,1,0,0,1,0,5.50935E+20,5.94421E+21,9.77049E+15,5.36442E+16
3805,3806,1,0,60,40,2016,6,21,3,2,8,1,0,0,0,1,0,0,0,0,5.57253E+20,5.9766E+21,9.87207E+15,5.39346E+16
3806,3807,1,0,53,116,2016,7,13,3,3,2,6,0,0,0,1,0,0,0,0,5.96809E+20,5.93033E+21,1.04599E+16,5.3513E+16
3807,3808,1,0,62,23,2016,6,21,4,3,8,7,1,0,0,1,0,0,0,0,5.86315E+20,5.94773E+21,1.03065E+16,5.36711E+16
3808,3809,1,0,59,127,2016,7,5,4,3,2,6,0,0,0,1,0,0,1,0,5.35541E+20,6.06745E+21,9.55222E+15,5.4753E+16
3809,3810,1,0,60,28,2016,6,16,1,2,5,3,0,1,0,1,0,1,0,0,5.70031E+20,5.98937E+21,1.00696E+16,5.40478E+16
3810,3811,1,0,55,46,2016,6,14,2,3,2,6,0,0,0,1,0,0,0,0,6.4164E+20,6.03494E+21,1.11842E+16,5.44424E+16
3811,3812,1,0,62,1,2016,6,14,6,3,5,2,0,0,1,1,0,0,0,0,5.80082E+20,5.94612E+21,1.02118E+16,5.36577E+16
3812,3813,1,0,60,12,2016,5,22,3,3,8,1,2,1,0,0,0,1,0,0,5.80393E+20,5.99249E+21,1.02287E+16,5.40743E+16
3813,3814,1,0,59,171,2016,7,8,5,3,3,6,0,0,0,0,0,1,0,1,5.26899E+20,6.05881E+21,9.41715E+15,5.46759E+16
3814,3815,1,0,60,27,2016,5,9,4,3,5,2,0,0,1,1,0,0,0,0,5.60775E+20,5.98328E+21,9.92704E+15,5.39942E+16
3815,3816,1,0,3,0,2016,6,15,6,3,2,6,0,0,0,1,0,1,0,0,6.10268E+20,5.96798E+21,1.06762E+16,5.38486E+16
3816,3817,1,0,55,12,2016,6,15,3,3,5,3,0,0,0,1,0,1,0,0,6.05093E+20,6.00202E+21,1.06093E+16,5.41555E+16
3817,3818,1,0,3,0,2016,6,16,7,3,9,1,0,1,0,1,0,0,0,0,6.09806E+20,5.97291E+21,1.06709E+16,5.3893E+16
3818,3819,1,0,3,0,2016,5,7,3,3,3,6,0,1,1,0,0,0,0,1,6.1125E+20,5.96911E+21,1.06915E+16,5.38585E+16
3819,3820,1,0,53,37,2016,6,18,1,3,2,6,0,0,0,1,0,0,0,0,6.12836E+20,5.93439E+21,1.0703E+16,5.35463E+16
3820,3821,1,0,62,53,2016,6,14,2,3,2,6,0,0,0,1,0,0,0,0,5.77485E+20,5.93135E+21,1.01689E+16,5.35253E+16
3821,3822,1,0,58,102,2016,7,14,6,3,5,3,0,0,0,1,0,1,0,0,5.52958E+20,6.0324E+21,9.81648E+15,5.44365E+16
3822,3823,1,0,60,63,2016,7,13,2,3,5,3,0,0,1,1,0,0,0,0,5.65116E+20,5.94765E+21,9.98571E+15,5.36736E+16
3823,3824,1,0,2,0,2016,6,11,5,3,5,3,0,0,1,1,0,0,0,0,5.73148E+20,6.02282E+21,1.01254E+16,5.43479E+16
3824,3825,1,0,60,85,2016,7,12,1,3,1,5,0,0,1,1,0,0,0,0,5.81057E+20,5.96186E+21,1.02307E+16,5.37989E+16
3825,3826,1,0,62,1,2016,6,18,5,3,2,6,0,0,0,1,0,0,0,0,5.81726E+20,5.94764E+21,1.02371E+16,5.36711E+16
3826,3827,1,0,62,4,2016,6,13,2,3,0,7,0,0,0,1,0,0,0,1,5.91002E+20,5.96345E+21,1.03821E+16,5.38116E+16
3827,3828,1,0,4,0,2016,6,19,5,3,0,7,0,0,1,0,0,0,0,0,5.63152E+20,5.99196E+21,9.96511E+15,5.4072E+16
3828,3829,1,0,3,0,2016,5,2,1,3,6,2,2,0,0,1,1,0,0,0,6.09985E+20,5.97016E+21,1.06727E+16,5.38682E+16
3829,3830,1,0,59,187,2016,6,17,6,2,0,1,0,0,1,0,0,0,0,0,5.52996E+20,6.04875E+21,9.82E+15,5.45835E+16
3830,3831,1,0,55,40,2016,6,16,5,3,2,6,0,1,0,1,0,0,0,1,6.08379E+20,5.97219E+21,1.0649E+16,5.38869E+16
3831,3832,1,0,55,46,2016,7,14,1,3,2,6,0,1,0,1,0,0,0,0,6.37443E+20,6.0312E+21,1.11178E+16,5.44099E+16
3832,3833,1,0,55,12,2016,5,16,3,2,4,2,0,0,0,1,0,1,0,0,6.04725E+20,6.00192E+21,1.06037E+16,5.41546E+16
3833,3834,1,0,57,91,2016,6,6,5,3,4,6,0,0,0,1,0,0,1,0,5.77612E+20,6.01913E+21,1.01931E+16,5.43141E+16
3834,3835,1,0,59,185,2016,7,22,7,2,5,3,1,0,0,1,0,0,0,0,5.41403E+20,6.05964E+21,9.64218E+15,5.46824E+16
3835,3836,1,0,60,5,2016,5,15,2,3,5,2,0,0,1,1,0,0,0,0,5.84163E+20,5.97724E+21,1.0282E+16,5.39367E+16
3836,3837,1,0,51,138,2016,5,5,2,2,8,1,0,1,0,1,0,0,0,0,5.16634E+20,5.99792E+21,9.25455E+15,5.41291E+16
3837,3838,1,0,60,96,2016,5,11,1,2,5,2,0,0,0,1,0,1,0,0,5.88815E+20,5.97624E+21,1.03526E+16,5.39269E+16
3838,3839,1,0,55,32,2016,6,16,1,3,0,7,0,0,1,0,0,0,0,0,6.18669E+20,5.99677E+21,1.08151E+16,5.41054E+16
3839,3840,1,0,61,118,2016,5,6,2,2,6,4,0,0,0,1,1,0,0,0,5.34559E+20,5.95483E+21,9.52398E+15,5.3741E+16
3840,3841,1,0,57,91,2016,6,8,4,3,2,6,0,0,0,1,0,0,0,0,5.80236E+20,6.01616E+21,1.02326E+16,5.4287E+16
3841,3842,1,0,56,48,2016,5,13,7,3,2,6,0,0,0,1,0,0,0,0,5.50386E+20,5.95178E+21,9.76342E+15,5.37123E+16
3842,3843,1,0,2,0,2016,5,12,7,3,5,3,0,0,0,1,0,0,0,0,5.71411E+20,6.01537E+21,1.00968E+16,5.42812E+16
3843,3844,1,0,60,64,2016,7,7,4,3,2,6,0,1,0,1,0,0,0,0,5.61454E+20,5.96714E+21,9.93415E+15,5.38492E+16
3844,3845,1,0,62,71,2016,6,10,2,3,8,1,0,1,0,1,0,0,0,0,5.80898E+20,5.93949E+21,1.02224E+16,5.3598E+16
3845,3846,1,0,3,0,2016,5,9,6,2,5,3,0,0,0,1,0,0,0,0,6.0829E+20,5.96918E+21,1.06466E+16,5.38598E+16
3846,3847,1,0,56,15,2016,6,17,7,2,5,3,0,0,0,1,0,1,0,0,5.42494E+20,5.95534E+21,9.64435E+15,5.3745E+16
3847,3848,1,0,51,4,2016,7,15,6,3,2,2,0,1,0,1,0,0,0,0,5.112E+20,5.99441E+21,9.17126E+15,5.40977E+16
3848,3849,1,0,61,44,2016,6,16,3,3,5,3,0,0,0,1,0,0,0,0,5.42149E+20,5.95936E+21,9.63967E+15,5.37811E+16
3849,3850,1,0,2,0,2016,6,6,4,2,3,6,0,0,0,1,0,0,0,1,5.72791E+20,6.02262E+21,1.01198E+16,5.43462E+16
3850,3851,1,0,60,85,2016,7,12,5,2,4,1,0,0,0,1,0,0,0,0,5.8165E+20,5.96034E+21,1.02393E+16,5.37853E+16
3851,3852,1,0,62,1,2016,6,12,7,3,5,3,0,1,1,1,0,0,0,0,5.81522E+20,5.94869E+21,1.02343E+16,5.36806E+16
3852,3853,1,0,58,51,2016,6,19,3,2,5,2,0,0,0,1,0,0,0,0,5.68744E+20,6.0256E+21,1.00582E+16,5.43736E+16
3853,3854,1,0,4,0,2016,7,17,3,3,5,3,0,0,1,1,0,0,0,0,5.63686E+20,5.99186E+21,9.97324E+15,5.4071E+16
3854,3855,1,0,2,0,2016,6,16,3,3,0,6,0,0,0,1,0,0,0,1,5.73258E+20,6.02435E+21,1.01274E+16,5.43617E+16
3855,3856,1,0,55,37,2016,5,14,4,3,5,2,0,0,1,1,0,0,0,0,6.25367E+20,6.00023E+21,1.09189E+16,5.41349E+16
3856,3857,1,0,62,6,2016,7,15,3,3,5,3,0,1,0,1,0,0,0,0,5.83837E+20,5.95336E+21,1.02706E+16,5.37222E+16
3857,3858,1,0,3,0,2016,6,13,1,2,2,6,0,1,0,0,0,1,0,0,6.11585E+20,5.96882E+21,1.06965E+16,5.38559E+16
3858,3859,1,0,57,44,2016,6,17,6,3,4,6,0,1,0,1,0,0,0,0,5.95712E+20,6.01583E+21,1.04701E+16,5.42814E+16
3859,3860,1,0,2,0,2016,6,7,2,3,0,2,0,0,1,1,0,0,0,0,5.73989E+20,6.0199E+21,1.01376E+16,5.43216E+16
3860,3861,1,0,4,0,2016,6,14,6,3,5,6,0,0,0,1,0,0,1,0,5.64938E+20,5.99091E+21,9.99217E+15,5.40623E+16
3861,3862,1,0,3,0,2016,7,8,4,3,0,1,0,1,0,1,0,1,0,0,6.12313E+20,5.97116E+21,1.07084E+16,5.38767E+16
3862,3863,1,0,60,63,2016,5,12,4,3,5,3,0,0,0,1,0,1,0,0,5.69326E+20,5.95036E+21,1.005E+16,5.36973E+16
3863,3864,1,0,59,75,2016,6,14,6,3,2,6,0,1,0,1,0,0,0,0,5.36613E+20,6.04214E+21,9.56571E+15,5.45255E+16
3864,3865,1,0,54,131,2016,6,9,6,3,5,3,0,0,0,1,0,0,0,0,4.94131E+20,6.08217E+21,8.90851E+15,5.48865E+16
3865,3866,1,0,56,41,2016,6,14,6,3,2,6,0,0,0,1,0,0,0,0,5.59563E+20,5.95293E+21,9.90267E+15,5.37216E+16
3866,3867,1,0,59,167,2016,5,17,3,3,9,1,0,0,1,0,0,0,0,0,5.46618E+20,6.0647E+21,9.72388E+15,5.47274E+16
3867,3868,1,0,3,0,2016,6,12,7,2,0,7,0,0,1,0,0,0,0,0,6.09114E+20,5.97136E+21,1.06599E+16,5.38793E+16
3868,3869,1,0,4,0,2016,6,6,2,3,0,7,0,0,1,0,0,0,0,0,5.64896E+20,5.99358E+21,9.99211E+15,5.40863E+16
3869,3870,1,0,57,68,2016,7,8,6,3,8,1,0,0,0,1,0,0,0,0,5.77633E+20,5.99215E+21,1.01864E+16,5.40717E+16
3870,3871,1,0,54,118,2016,5,19,6,3,5,2,0,0,0,1,0,0,0,0,5.08001E+20,6.03787E+21,9.12351E+15,5.44884E+16
3871,3872,1,0,55,4,2016,7,15,2,3,4,6,0,0,1,0,0,0,0,0,6.11085E+20,5.97442E+21,1.0691E+16,5.39063E+16
3872,3873,1,0,54,19,2016,6,10,5,3,2,1,0,0,0,1,0,0,0,0,4.98177E+20,6.05221E+21,8.97178E+15,5.46173E+16
3873,3874,1,0,55,16,2016,6,20,4,3,2,6,0,0,0,1,0,0,0,0,6.26555E+20,6.00908E+21,1.09408E+16,5.42141E+16
3874,3875,1,0,56,15,2016,5,8,3,3,5,3,0,1,0,1,0,0,0,1,5.426E+20,5.95448E+21,9.64584E+15,5.37373E+16
3875,3876,1,0,55,44,2016,7,16,1,3,0,1,0,0,1,0,0,0,0,0,6.14142E+20,5.98872E+21,1.07428E+16,5.40341E+16
3876,3877,1,0,2,0,2016,6,12,5,3,5,3,0,0,0,1,0,0,0,0,5.77377E+20,6.0205E+21,1.01898E+16,5.43265E+16
3877,3878,1,0,3,0,2016,6,22,2,3,6,4,2,1,0,1,1,0,0,0,6.09451E+20,5.96946E+21,1.06643E+16,5.3862E+16
3878,3879,1,0,59,75,2016,6,16,5,3,3,6,0,1,0,1,0,1,0,0,5.35379E+20,6.04048E+21,9.54644E+15,5.45107E+16
3879,3880,1,0,58,50,2016,6,18,2,2,5,1,0,0,1,1,0,0,0,0,5.61037E+20,6.01779E+21,9.93802E+15,5.43044E+16
3880,3881,1,0,55,7,2016,6,12,6,3,4,7,0,0,1,1,0,0,0,0,5.93486E+20,5.99607E+21,1.04298E+16,5.41043E+16
3881,3882,1,0,55,33,2016,5,11,3,3,5,3,0,0,0,1,0,0,0,0,6.22328E+20,6.01697E+21,1.08792E+16,5.4286E+16
3882,3883,1,0,53,32,2016,7,22,4,3,5,3,2,0,1,1,0,0,0,0,5.92355E+20,5.92214E+21,1.03904E+16,5.34402E+16
3883,3884,1,0,53,90,2016,5,8,4,3,2,2,0,0,0,1,0,0,0,0,6.11068E+20,5.94251E+21,1.06792E+16,5.36196E+16
3884,3885,1,0,2,0,2016,6,18,6,3,6,4,0,0,1,1,1,0,0,0,5.73657E+20,6.02118E+21,1.01328E+16,5.43332E+16
3885,3886,1,0,61,57,2016,6,1,6,3,1,5,2,1,0,1,0,0,1,0,5.31635E+20,5.96977E+21,9.48118E+15,5.38755E+16
3886,3887,1,0,57,54,2016,5,17,3,3,2,6,0,0,0,1,0,0,0,0,5.77187E+20,6.0032E+21,1.01824E+16,5.41711E+16
3887,3888,1,0,56,49,2016,6,15,7,3,5,3,0,0,1,1,0,0,0,0,5.43921E+20,5.9483E+21,9.66498E+15,5.36816E+16
3888,3889,1,0,3,0,2016,6,10,2,3,2,6,0,0,0,1,0,0,0,0,6.1036E+20,5.97146E+21,1.06789E+16,5.38799E+16
3889,3890,1,0,58,169,2016,7,13,6,2,5,2,0,0,0,1,0,0,0,0,5.58559E+20,5.9915E+21,9.89483E+15,5.40684E+16
3890,3891,1,0,62,1,2016,7,16,2,3,5,2,0,0,0,1,0,0,0,0,5.82134E+20,5.94798E+21,1.02433E+16,5.36741E+16
3891,3892,1,0,2,0,2016,6,18,5,3,2,6,0,0,0,1,0,1,0,0,5.74524E+20,6.01464E+21,1.01445E+16,5.42743E+16
3892,3893,1,0,53,128,2016,6,22,4,3,0,1,2,1,0,0,0,1,0,0,6.03462E+20,5.9231E+21,1.05579E+16,5.34467E+16
3893,3894,1,0,56,39,2016,5,16,3,3,5,3,0,0,1,1,0,0,0,0,5.51902E+20,5.94581E+21,9.78539E+15,5.36585E+16
3894,3895,1,0,60,44,2016,7,1,1,3,1,1,2,1,1,1,0,0,0,0,5.63627E+20,5.96592E+21,9.96693E+15,5.38379E+16
3895,3896,1,0,4,0,2016,6,19,5,3,5,3,0,0,1,1,0,0,0,0,5.66938E+20,5.98988E+21,1.00225E+16,5.40528E+16
3896,3897,1,0,3,0,2016,6,12,2,3,5,3,0,0,1,1,0,0,0,0,6.12304E+20,5.97104E+21,1.07083E+16,5.38757E+16
3897,3898,1,0,57,25,2016,6,8,5,3,5,3,0,0,1,1,0,0,0,0,5.78171E+20,6.02489E+21,1.02031E+16,5.43658E+16
3898,3899,1,0,2,0,2016,5,1,1,3,3,6,2,0,0,1,0,0,0,0,5.74927E+20,6.01741E+21,1.01513E+16,5.42991E+16
3899,3900,1,0,55,35,2016,6,15,6,3,2,6,0,0,0,1,0,0,0,0,6.14468E+20,5.9802E+21,1.07446E+16,5.39575E+16
3900,3901,1,0,2,0,2016,6,11,5,3,8,1,0,0,0,1,0,0,0,0,5.73679E+20,6.02647E+21,1.01344E+16,5.43806E+16
3901,3902,1,0,2,0,2016,7,1,1,3,7,7,2,0,1,0,0,0,0,0,5.70891E+20,6.0174E+21,1.00893E+16,5.42996E+16
3902,3903,1,0,55,35,2016,5,19,3,3,9,1,0,1,0,1,0,0,0,0,6.12611E+20,5.98443E+21,1.07179E+16,5.39959E+16
3903,3904,1,0,2,0,2016,6,9,5,3,5,3,0,0,0,1,0,0,0,0,5.71794E+20,6.02275E+21,1.01045E+16,5.43475E+16
3904,3905,1,0,56,30,2016,7,14,7,3,8,7,0,0,0,1,0,0,0,0,5.45895E+20,5.96066E+21,9.6967E+15,5.37925E+16
3905,3906,1,0,3,0,2016,5,9,2,3,2,6,0,0,0,1,0,0,1,0,6.09811E+20,5.9714E+21,1.06705E+16,5.38795E+16
3906,3907,1,0,55,46,2016,5,18,1,3,2,6,0,0,0,1,0,0,0,1,6.40718E+20,6.03524E+21,1.11701E+16,5.44453E+16
3907,3908,1,0,51,140,2016,6,14,7,3,9,1,0,0,0,1,0,0,0,0,4.96836E+20,6.0089E+21,8.95146E+15,5.42281E+16
3908,3909,1,0,2,0,2016,5,10,2,3,2,6,0,0,0,1,0,0,0,0,5.72721E+20,6.0206E+21,1.01182E+16,5.43281E+16
3909,3910,1,0,56,41,2016,5,18,2,3,9,1,0,0,0,0,0,1,0,0,5.62496E+20,5.95526E+21,9.94758E+15,5.37422E+16
3910,3911,1,0,4,0,2016,7,8,4,3,5,2,0,0,1,1,0,0,0,0,5.65219E+20,5.99127E+21,9.99653E+15,5.40655E+16
3911,3912,1,0,54,119,2016,5,12,7,2,8,1,0,0,0,1,0,0,0,0,5.09492E+20,6.02428E+21,9.1461E+15,5.43662E+16
3912,3913,1,0,62,53,2016,7,14,4,3,2,6,0,0,0,1,0,0,0,0,5.78414E+20,5.93324E+21,1.01833E+16,5.35422E+16
3913,3914,1,0,4,0,2016,6,5,2,3,5,3,0,1,0,1,0,0,0,1,5.63844E+20,5.99383E+21,9.97608E+15,5.40887E+16