FID,OBJECTID,ULAND,UREGBEZ,UKREIS,UGEMEINDE,UJAHR,UMONAT,USTUNDE,UWOCHENTAG,UKATEGORIE,UART,UTYP1,ULICHTVERH,IstStrasse,IstRad,IstPKW,IstFuss,IstKrad,IstGkfz,IstSonstig,LINREFX,LINREFY,XGCSWGS84,YGCSWGS84
4099,4100,1,0,3,0,2016,6,8,6,3,6,7,0,0,0,1,1,0,0,0,6.10061E+20,5.96955E+21,1.06736E+16,5.38627E+16
4100,4101,1,0,53,3,2016,5,17,3,3,8,1,0,0,0,1,0,0,0,0,5.94187E+20,5.93363E+21,1.04214E+16,5.35431E+16
4101,4102,1,0,51,44,2016,7,11,4,3,2,6,0,0,0,1,0,0,0,1,5.0763E+20,6.0055E+21,9.11696E+15,5.41975E+16
4102,4103,1,0,59,187,2016,5,13,4,3,0,1,0,0,1,0,0,0,0,0,5.53005E+20,6.04874E+21,9.82015E+15,5.45834E+16
4103,4104,1,0,58,24,2016,6,17,6,3,0,1,0,0,0,0,0,1,0,0,5.45571E+20,6.0225E+21,9.70109E+15,5.43483E+16
4104,4105,1,0,58,77,2016,6,16,3,2,5,3,0,0,0,1,0,0,1,0,5.42439E+20,5.99386E+21,9.64886E+15,5.40912E+16
4105,4106,1,0,58,128,2016,6,5,7,3,3,6,0,0,0,1,0,0,0,0,5.60936E+20,5.98852E+21,9.93055E+15,5.40414E+16
4106,4107,1,0,58,117,2016,5,17,3,2,4,6,0,0,0,1,0,0,0,0,5.55362E+20,6.00119E+21,9.84775E+15,5.41558E+16
4107,4108,1,0,55,37,2016,6,7,1,3,8,7,0,0,0,1,0,0,0,0,6.21328E+20,6.00253E+21,1.0858E+16,5.41565E+16
4108,4109,1,0,53,83,2016,6,18,2,3,2,6,0,0,0,1,0,0,1,0,6.03882E+20,5.91418E+21,1.05612E+16,5.33665E+16
4109,4110,1,0,1,0,2016,6,23,6,3,6,3,2,0,0,1,1,0,0,0,5.26398E+20,6.07248E+21,9.41063E+15,5.47988E+16
4110,4111,1,0,58,12,2016,7,11,6,3,5,3,0,1,0,1,0,0,0,1,5.55701E+20,6.03803E+21,9.85984E+15,5.44868E+16
4111,4112,1,0,56,18,2016,7,16,2,3,5,3,0,0,1,1,0,0,0,0,5.54155E+20,5.94126E+21,9.81868E+15,5.36174E+16
4112,4113,1,0,2,0,2016,6,16,5,3,2,6,0,0,0,1,0,0,0,1,5.73557E+20,6.01785E+21,1.01304E+16,5.43032E+16
4113,4114,1,0,53,90,2016,5,16,3,3,2,6,0,0,0,1,0,0,0,0,6.10202E+20,5.94277E+21,1.06662E+16,5.36221E+16
4114,4115,1,0,56,14,2016,7,16,1,3,8,1,0,0,0,1,0,0,0,0,5.49345E+20,5.95339E+21,9.74791E+15,5.37268E+16
4115,4116,1,0,55,37,2016,6,10,5,3,5,3,0,0,0,1,0,0,0,1,6.20729E+20,5.99944E+21,1.08476E+16,5.41289E+16
4116,4117,1,0,53,107,2016,6,10,2,3,4,6,0,0,0,1,0,0,0,0,6.18753E+20,5.94725E+21,1.07972E+16,5.36605E+16
4117,4118,1,0,2,0,2016,6,10,5,2,5,2,0,0,0,1,0,1,0,0,5.74E+20,6.0183E+21,1.01373E+16,5.43072E+16
4118,4119,1,0,3,0,2016,5,13,1,3,5,2,0,0,1,1,0,0,0,0,6.11246E+20,5.96911E+21,1.06915E+16,5.38585E+16
4119,4120,1,0,62,89,2016,6,20,6,3,8,1,0,1,0,1,0,0,0,0,5.89355E+20,5.9551E+21,1.03547E+16,5.37369E+16
4120,4121,1,0,4,0,2016,6,14,5,3,5,3,0,1,0,1,0,1,0,0,5.62859E+20,5.99284E+21,9.96081E+15,5.40799E+16
4121,4122,1,0,58,135,2016,7,20,1,2,8,1,0,0,0,0,0,1,0,0,5.42977E+20,6.01802E+21,9.66053E+15,5.43082E+16
4122,4123,1,0,55,33,2016,5,14,3,3,5,2,0,0,1,1,0,0,0,0,6.2283E+20,6.01746E+21,1.08871E+16,5.42903E+16
4123,4124,1,0,2,0,2016,6,9,5,3,0,2,0,0,1,0,0,0,0,1,5.70471E+20,6.02376E+21,1.00844E+16,5.43568E+16
4124,4125,1,0,59,127,2016,7,18,7,3,8,2,0,0,0,1,0,0,0,1,5.38686E+20,6.06875E+21,9.60125E+15,5.47645E+16
4125,4126,1,0,56,17,2016,5,14,2,1,4,6,0,0,0,1,0,0,0,1,5.48301E+20,5.96315E+21,9.73361E+15,5.38146E+16
4126,4127,1,0,55,4,2016,5,15,2,3,2,6,0,0,0,1,0,0,0,0,6.11092E+20,5.97458E+21,1.06911E+16,5.39077E+16
4127,4128,1,0,53,28,2016,5,9,1,3,2,6,0,0,0,1,0,1,0,0,5.888E+20,5.92409E+21,1.03374E+16,5.34583E+16
4128,4129,1,0,57,47,2016,6,18,1,3,4,6,0,0,0,1,0,0,0,0,5.78705E+20,6.00301E+21,1.02056E+16,5.41691E+16
4129,4130,1,0,62,92,2016,5,12,2,3,2,6,0,0,0,1,0,1,0,0,5.87647E+20,5.96758E+21,1.03323E+16,5.38493E+16
4130,4131,1,0,2,0,2016,6,10,4,3,0,1,0,0,1,0,0,0,0,0,5.73299E+20,6.02004E+21,1.0127E+16,5.43229E+16
4131,4132,1,0,56,24,2016,5,17,2,3,5,3,0,0,1,1,0,0,0,0,5.44219E+20,5.94521E+21,9.66905E+15,5.36538E+16
4132,4133,1,0,51,118,2016,5,16,6,3,5,2,0,0,0,1,0,0,0,0,4.99788E+20,5.9839E+21,8.99676E+15,5.40034E+16
4133,4134,1,0,57,10,2016,5,10,7,2,2,6,0,0,0,1,0,0,0,0,5.74817E+20,6.01219E+21,1.01484E+16,5.42522E+16
4134,4135,1,0,56,15,2016,7,11,4,3,2,6,0,1,0,1,0,0,0,0,5.44702E+20,5.9576E+21,9.67814E+15,5.37651E+16
4135,4136,1,0,55,35,2016,6,16,2,3,5,3,0,0,1,1,0,0,0,0,6.1302E+20,5.97833E+21,1.07218E+16,5.3941E+16
4136,4137,1,0,55,40,2016,5,11,6,3,4,2,0,0,0,1,0,0,0,0,6.07597E+20,5.97257E+21,1.06372E+16,5.38904E+16
4137,4138,1,0,60,99,2016,6,17,7,2,2,2,0,0,0,1,0,1,0,0,5.58902E+20,5.97781E+21,9.89743E+15,5.39453E+16
4138,4139,1,0,56,49,2016,7,9,6,3,5,2,0,0,0,1,0,0,0,0,5.46321E+20,5.94954E+21,9.7015E+15,5.36925E+16
4139,4140,1,0,53,32,2016,9,7,4,3,5,2,0,0,1,1,0,0,0,0,5.91679E+20,5.92166E+21,1.03801E+16,5.3436E+16
4140,4141,1,0,54,96,2016,8,18,6,1,5,3,0,0,0,1,0,1,0,0,5.104E+20,6.03273E+21,9.16037E+15,5.44422E+16
4141,4142,1,0,51,76,2016,9,16,4,3,5,3,0,0,0,1,0,0,0,0,5.0319E+20,5.9744E+21,9.04857E+15,5.3918E+16
4142,4143,1,0,60,44,2016,7,18,4,3,2,6,0,0,0,1,0,0,0,0,5.6108E+20,5.966E+21,9.92825E+15,5.3839E+16
4143,4144,1,0,1,0,2016,9,11,3,3,2,6,0,0,0,1,0,0,0,0,5.2965E+20,6.07378E+21,9.46134E+15,5.48103E+16
4144,4145,1,0,56,39,2016,8,15,4,3,4,2,0,0,0,1,0,1,0,0,5.52739E+20,5.9443E+21,9.79779E+15,5.36448E+16
4145,4146,1,0,55,35,2016,7,18,3,3,2,6,0,0,0,1,0,0,0,0,6.12865E+20,5.97738E+21,1.07191E+16,5.39325E+16
4146,4147,1,0,55,42,2016,8,12,4,3,0,7,0,0,1,0,0,0,0,0,6.16228E+20,5.98196E+21,1.07721E+16,5.39729E+16
4147,4148,1,0,56,43,2016,9,11,7,3,5,3,0,0,1,1,0,0,0,0,5.56335E+20,5.94502E+21,9.85232E+15,5.36509E+16
4148,4149,1,0,60,39,2016,7,16,6,3,2,6,0,0,0,1,0,1,0,0,5.62881E+20,5.95938E+21,9.95426E+15,5.37793E+16
4149,4150,1,0,55,37,2016,8,12,7,3,3,6,0,0,0,1,0,0,0,0,6.20232E+20,5.99851E+21,1.08396E+16,5.41206E+16
4150,4151,1,0,51,48,2016,7,13,2,3,5,3,0,0,0,1,0,0,0,0,5.03596E+20,5.99957E+21,9.05505E+15,5.41442E+16
4151,4152,1,0,58,24,2016,8,17,4,3,9,1,0,1,0,1,0,0,0,0,5.45514E+20,6.02235E+21,9.70019E+15,5.43469E+16
4152,4153,1,0,4,0,2016,9,4,6,3,5,3,2,0,0,1,0,0,1,0,5.62304E+20,5.98648E+21,9.95103E+15,5.40229E+16
4153,4154,1,0,57,7,2016,7,14,1,1,4,1,0,0,0,1,0,1,0,0,6.07338E+20,6.01655E+21,1.06489E+16,5.42856E+16
4154,4155,1,0,54,128,2016,9,16,1,3,2,6,0,0,0,1,0,0,0,0,4.99978E+20,6.0482E+21,8.99966E+15,5.45813E+16
4155,4156,1,0,62,90,2016,7,16,5,3,6,7,0,0,1,0,1,0,0,0,5.76414E+20,5.94898E+21,1.0157E+16,5.3684E+16
4156,4157,1,0,55,29,2016,7,9,4,3,3,6,0,0,0,1,0,0,0,1,6.2397E+20,6.0087E+21,1.0901E+16,5.42113E+16
4157,4158,1,0,57,91,2016,8,5,2,3,2,6,0,0,0,1,0,0,1,0,5.8101E+20,6.01552E+21,1.02443E+16,5.42812E+16
4158,4159,1,0,55,27,2016,9,18,4,3,2,6,0,0,0,1,0,0,0,0,6.22125E+20,6.01345E+21,1.08746E+16,5.42544E+16
4159,4160,1,0,58,146,2016,8,15,2,3,2,6,0,0,0,1,0,0,1,0,5.51098E+20,6.0185E+21,9.78542E+15,5.43118E+16
4160,4161,1,0,1,0,2016,9,16,6,3,2,6,0,0,0,1,0,0,0,0,5.29814E+20,6.07058E+21,9.46355E+15,5.47815E+16
4161,4162,1,0,55,43,2016,9,20,1,3,9,7,2,1,0,1,0,0,0,0,6.15677E+20,6.01897E+21,1.07779E+16,5.43055E+16
4162,4163,1,0,2,0,2016,7,10,5,3,5,3,0,0,0,1,0,0,0,0,5.71402E+20,6.01961E+21,1.00977E+16,5.43194E+16
4163,4164,1,0,59,159,2016,8,15,5,3,2,6,0,0,0,1,0,0,0,0,5.28024E+20,6.05642E+21,9.43437E+15,5.46544E+16
4164,4165,1,0,55,4,2016,9,7,4,3,9,7,0,0,0,1,0,0,0,0,6.13005E+20,5.97559E+21,1.07206E+16,5.39164E+16
4165,4166,1,0,61,34,2016,7,18,3,3,1,5,0,0,0,1,0,1,0,0,5.31192E+20,5.97616E+21,9.47509E+15,5.39329E+16
4166,4167,1,0,62,8,2016,8,9,6,3,2,6,0,0,0,1,0,0,0,0,5.96289E+20,5.96342E+21,1.04624E+16,5.38104E+16
4167,4168,1,0,56,15,2016,8,10,3,3,5,2,0,0,0,1,0,0,0,0,5.4261E+20,5.95545E+21,9.64612E+15,5.37459E+16
4168,4169,1,0,59,68,2016,8,15,4,3,2,6,0,0,0,1,0,1,0,0,5.57881E+20,6.05696E+21,9.89721E+15,5.46567E+16
4169,4170,1,0,58,53,2016,9,15,5,2,5,2,0,0,0,1,0,1,0,0,5.70054E+20,6.01084E+21,1.00749E+16,5.42407E+16
4170,4171,1,0,53,11,2016,8,12,2,2,8,1,0,0,0,0,0,1,0,0,6.06512E+20,5.95985E+21,1.06163E+16,5.37764E+16
4171,4172,1,0,53,90,2016,8,16,5,3,8,1,0,1,0,0,0,1,0,1,6.11144E+20,5.94253E+21,1.06804E+16,5.36197E+16
4172,4173,1,0,59,18,2016,9,20,7,3,8,1,2,0,0,0,0,1,0,0,5.35426E+20,6.03717E+21,9.54677E+15,5.44809E+16
4173,4174,1,0,61,10,2016,7,15,3,3,2,6,0,0,0,1,0,0,0,1,5.28401E+20,5.97589E+21,9.43256E+15,5.39307E+16
4174,4175,1,0,2,0,2016,8,16,1,3,8,1,0,0,0,1,0,0,0,0,5.74012E+20,6.02355E+21,1.01388E+16,5.43544E+16
4175,4176,1,0,62,1,2016,9,18,2,3,5,2,0,0,1,1,0,0,0,0,5.80203E+20,5.94636E+21,1.02137E+16,5.36598E+16
4176,4177,1,0,53,100,2016,8,19,7,3,1,1,1,0,0,1,0,0,0,0,6.15903E+20,5.95158E+21,1.07557E+16,5.37001E+16
4177,4178,1,0,57,31,2016,9,5,5,2,9,1,2,0,0,0,0,1,0,0,5.77428E+20,6.00958E+21,1.01878E+16,5.42284E+16
4178,4179,1,0,54,134,2016,8,11,4,2,5,3,0,0,1,1,0,0,1,0,4.79207E+20,6.01959E+21,8.68031E+15,5.43237E+16
4179,4180,1,0,54,76,2016,9,12,7,3,2,6,0,0,0,1,0,0,0,0,4.98366E+20,6.06942E+21,8.97459E+15,5.4772E+16
4180,4181,1,0,56,3,2016,8,13,6,3,5,3,0,1,0,1,0,0,0,0,5.48799E+20,5.9567E+21,9.74015E+15,5.37567E+16
4181,4182,1,0,62,1,2016,9,16,2,3,2,2,0,0,0,1,0,0,0,0,5.82719E+20,5.94678E+21,1.02519E+16,5.36632E+16
4182,4183,1,0,54,56,2016,8,8,2,3,5,3,0,0,0,1,0,0,1,0,5.05753E+20,6.03745E+21,9.08879E+15,5.44846E+16
4183,4184,1,0,58,28,2016,7,10,6,3,0,1,0,1,0,0,0,1,0,0,5.55597E+20,6.01924E+21,9.85471E+15,5.4318E+16
4184,4185,1,0,3,0,2016,8,15,2,2,5,2,0,0,1,1,0,0,0,0,6.08933E+20,5.9717E+21,1.06572E+16,5.38823E+16
4185,4186,1,0,51,129,2016,7,14,7,2,4,6,0,0,0,1,0,0,0,0,4.93725E+20,6.00849E+21,8.90376E+15,5.42244E+16
4186,4187,1,0,62,53,2016,8,12,4,2,2,2,0,0,0,1,0,0,0,0,5.77431E+20,5.93238E+21,1.01683E+16,5.35347E+16
4187,4188,1,0,53,125,2016,9,22,5,3,9,7,2,0,0,1,0,0,0,0,6.03714E+20,5.93701E+21,1.05662E+16,5.35717E+16
4188,4189,1,0,56,43,2016,8,23,7,2,8,7,2,0,0,1,0,0,0,0,5.54278E+20,5.94548E+21,9.82129E+15,5.36552E+16
4189,4190,1,0,60,46,2016,7,16,3,3,0,1,0,0,0,0,0,1,0,0,5.74313E+20,5.95643E+21,1.0127E+16,5.37512E+16
4190,4191,1,0,58,43,2016,7,19,5,2,5,3,0,0,0,1,0,0,0,0,5.53607E+20,6.03507E+21,9.82698E+15,5.44605E+16
4191,4192,1,0,58,110,2016,9,16,1,3,2,6,0,0,0,1,0,0,0,0,5.62326E+20,6.03127E+21,9.96065E+15,5.44253E+16
4192,4193,1,0,59,132,2016,9,21,4,3,3,6,1,0,0,1,0,0,0,0,5.16783E+20,6.05407E+21,9.25999E+15,5.46338E+16
4193,4194,1,0,60,19,2016,9,6,5,3,3,6,0,0,0,1,0,0,0,1,5.61556E+20,5.95795E+21,9.93388E+15,5.37665E+16
4194,4195,1,0,60,5,2016,7,19,4,3,5,3,0,1,0,1,0,0,1,0,5.86591E+20,5.97636E+21,1.03188E+16,5.39284E+16
4195,4196,1,0,62,6,2016,7,19,4,3,6,7,0,0,1,0,1,0,0,0,5.82672E+20,5.95338E+21,1.02529E+16,5.37225E+16
4196,4197,1,0,2,0,2016,8,5,5,3,8,1,0,1,0,0,0,0,0,1,5.75212E+20,6.02188E+21,1.01569E+16,5.43392E+16
4197,4198,1,0,3,0,2016,9,14,1,3,4,6,0,0,0,1,0,0,0,0,6.09465E+20,5.96944E+21,1.06645E+16,5.38619E+16
4198,4199,1,0,56,1,2016,8,3,1,3,9,1,2,1,0,1,0,0,0,0,5.4782E+20,5.94568E+21,9.72361E+15,5.36577E+16
4199,4200,1,0,60,47,2016,8,10,4,3,2,6,0,1,0,1,0,0,0,0,5.65566E+20,5.96232E+21,9.99562E+15,5.38053E+16
4200,4201,1,0,4,0,2016,9,18,7,3,2,6,0,0,0,1,0,1,0,0,5.64974E+20,5.99313E+21,9.9932E+15,5.40823E+16
4201,4202,1,0,61,105,2016,7,16,1,3,5,3,0,0,0,1,0,0,0,0,5.24408E+20,5.98352E+21,9.37235E+15,5.39994E+16
4202,4203,1,0,56,43,2016,9,15,1,2,6,4,0,0,0,1,1,0,0,0,5.56287E+20,5.94505E+21,9.8516E+15,5.36512E+16
4203,4204,1,0,62,4,2016,8,13,1,3,3,6,0,0,0,1,0,0,0,0,5.93592E+20,5.96071E+21,1.04206E+16,5.37865E+16
4204,4205,1,0,61,73,2016,8,18,5,2,6,4,0,0,0,1,1,0,0,0,5.36858E+20,5.96846E+21,9.56046E+15,5.38633E+16
4205,4206,1,0,3,0,2016,9,14,4,3,5,3,0,0,0,1,0,0,0,0,6.12139E+20,5.97227E+21,1.07062E+16,5.38867E+16
4206,4207,1,0,60,63,2016,7,18,3,3,4,2,0,0,1,1,0,0,0,0,5.63961E+20,5.94782E+21,9.96826E+15,5.36752E+16
4207,4208,1,0,61,37,2016,9,3,2,2,8,1,2,1,0,1,0,0,0,0,5.34651E+20,5.95489E+21,9.52538E+15,5.37415E+16
4208,4209,1,0,2,0,2016,8,17,4,2,6,4,0,0,0,1,1,0,0,0,5.73802E+20,6.01948E+21,1.01346E+16,5.43178E+16
4209,4210,1,0,4,0,2016,7,8,3,3,0,7,0,0,1,0,0,0,0,0,5.65871E+20,5.98945E+21,1.00061E+16,5.40491E+16
4210,4211,1,0,58,92,2016,8,10,4,3,5,2,0,0,1,1,0,0,0,0,5.71279E+20,6.02257E+21,1.00965E+16,5.43459E+16
4211,4212,1,0,62,6,2016,7,15,7,3,5,3,0,0,0,1,0,0,0,0,5.83079E+20,5.95404E+21,1.02593E+16,5.37284E+16
4212,4213,1,0,3,0,2016,9,11,7,3,2,6,0,0,0,1,0,0,0,0,6.1087E+20,5.96737E+21,1.06851E+16,5.3843E+16
4213,4214,1,0,4,0,2016,7,12,6,3,5,3,0,0,0,1,0,0,0,0,5.64702E+20,5.99492E+21,9.98941E+15,5.40984E+16
4214,4215,1,0,54,2,2016,8,13,7,3,5,2,0,0,0,1,0,0,0,0,5.05285E+20,6.0452E+21,9.08171E+15,5.45543E+16
4215,4216,1,0,53,56,2016,7,10,2,2,5,2,0,0,0,1,0,0,0,1,6.08873E+20,5.93477E+21,1.06433E+16,5.35505E+16
4216,4217,1,0,1,0,2016,9,19,6,3,5,3,2,1,1,1,0,0,0,0,5.28226E+20,6.07131E+21,9.43894E+15,5.47881E+16
4217,4218,1,0,2,0,2016,7,15,4,3,3,6,0,0,1,0,0,0,0,0,5.72758E+20,6.01811E+21,1.01182E+16,5.43056E+16
4218,4219,1,0,53,12,2016,9,8,2,3,5,3,0,0,0,1,0,1,0,0,5.85474E+20,5.92723E+21,1.02882E+16,5.34871E+16
4219,4220,1,0,62,35,2016,8,20,3,3,8,1,2,0,0,1,0,0,0,0,5.87128E+20,5.9451E+21,1.03181E+16,5.36474E+16
4220,4221,1,0,56,49,2016,9,7,7,3,5,2,0,0,0,1,0,0,0,0,5.4524E+20,5.9492E+21,9.68508E+15,5.36895E+16
4221,4222,1,0,62,61,2016,7,7,3,3,2,6,0,0,0,1,0,1,0,0,5.97241E+20,5.96527E+21,1.04774E+16,5.38269E+16
4222,4223,1,0,59,56,2016,8,20,2,3,3,6,1,1,0,1,0,0,0,1,5.38248E+20,6.03285E+21,9.58977E+15,5.44419E+16
4223,4224,1,0,61,46,2016,9,17,3,3,0,7,0,0,1,0,0,0,0,0,5.35047E+20,5.97591E+21,9.53377E+15,5.39304E+16
4224,4225,1,0,62,5,2016,8,13,1,3,2,2,0,0,0,1,0,0,0,0,5.76108E+20,5.95732E+21,1.01544E+16,5.3759E+16
4225,4226,1,0,62,60,2016,9,15,6,3,3,6,0,0,0,1,0,0,0,0,5.82868E+20,5.93444E+21,1.02508E+16,5.35523E+16
4226,4227,1,0,1,0,2016,9,3,1,3,6,7,2,1,0,1,1,0,0,0,5.27665E+20,6.07216E+21,9.43029E+15,5.47958E+16
4227,4228,1,0,60,39,2016,7,10,4,3,5,3,0,0,1,0,0,0,0,0,5.65954E+20,5.96034E+21,1.00011E+16,5.37875E+16
4228,4229,1,0,55,17,2016,8,22,7,3,8,1,2,0,0,1,0,0,0,0,6.31109E+20,6.02427E+21,1.10172E+16,5.43493E+16
4229,4230,1,0,62,25,2016,9,7,3,3,5,3,0,0,0,1,0,0,0,0,6.03941E+20,5.96669E+21,1.05796E+16,5.38383E+16
4230,4231,1,0,2,0,2016,8,18,3,3,3,3,0,0,1,0,0,0,0,0,5.73271E+20,6.01795E+21,1.0126E+16,5.43041E+16
4231,4232,1,0,2,0,2016,7,6,7,2,9,1,0,1,0,1,0,0,0,0,5.76252E+20,6.02031E+21,1.01725E+16,5.43249E+16
4232,4233,1,0,4,0,2016,8,12,3,3,4,6,0,0,0,0,0,0,1,0,5.65392E+20,5.98836E+21,9.99855E+15,5.40393E+16
4233,4234,1,0,60,43,2016,8,15,3,3,4,6,0,0,0,1,0,0,1,0,5.76643E+20,5.96312E+21,1.0164E+16,5.3811E+16
4234,4235,1,0,1,0,2016,9,2,5,3,0,1,2,0,1,0,0,0,0,0,5.29454E+20,6.07326E+21,9.45823E+15,5.48056E+16
4235,4236,1,0,4,0,2016,8,17,5,3,2,1,0,0,1,0,0,0,0,0,5.6419E+20,5.9972E+21,9.98207E+15,5.41189E+16
4236,4237,1,0,62,9,2016,9,17,6,3,5,2,0,0,0,1,0,0,0,0,5.80878E+20,5.93608E+21,1.02212E+16,5.35674E+16
4237,4238,1,0,62,71,2016,7,11,3,2,5,2,0,0,0,0,0,1,1,0,5.79691E+20,5.94028E+21,1.02044E+16,5.36053E+16
4238,4239,1,0,56,10,2016,8,9,7,3,0,7,0,0,1,0,0,0,0,0,5.46615E+20,5.96689E+21,9.70858E+15,5.38484E+16
4239,4240,1,0,2,0,2016,8,16,6,3,2,6,0,1,0,1,0,0,0,0,5.74882E+20,6.01851E+21,1.01509E+16,5.4309E+16
4240,4241,1,0,4,0,2016,9,18,2,3,8,1,0,0,0,0,0,1,0,0,5.6342E+20,5.98884E+21,9.96855E+15,5.40439E+16
4241,4242,1,0,54,89,2016,8,0,7,2,0,7,2,0,0,0,0,1,0,0,4.57107E+20,6.05833E+21,8.3349E+15,5.46705E+16
4242,4243,1,0,61,67,2016,9,18,4,3,9,1,0,0,0,1,0,0,0,0,5.29104E+20,5.98325E+21,9.44397E+15,5.39967E+16
4243,4244,1,0,56,39,2016,8,16,3,3,5,3,0,0,1,1,0,0,0,0,5.52447E+20,5.94634E+21,9.79373E+15,5.36632E+16
4244,4245,1,0,61,46,2016,9,10,6,3,4,6,0,0,0,1,0,0,0,0,5.33596E+20,5.9751E+21,9.51159E+15,5.39232E+16
4245,4246,1,0,57,9,2016,8,0,6,3,8,1,2,1,0,1,0,0,0,0,5.95582E+20,6.00063E+21,1.04633E+16,5.41448E+16
4246,4247,1,0,3,0,2016,9,14,2,3,5,3,0,0,1,1,0,0,0,0,6.11359E+20,5.97099E+21,1.06939E+16,5.38755E+16
4247,4248,1,0,53,83,2016,8,16,2,3,2,6,0,0,0,1,0,0,0,0,6.04234E+20,5.91483E+21,1.05667E+16,5.33723E+16
4248,4249,1,0,62,76,2016,8,17,5,2,2,6,0,1,0,1,0,1,0,0,5.72185E+20,5.95341E+21,1.0094E+16,5.37244E+16
4249,4250,1,0,62,16,2016,9,9,2,3,3,6,0,1,0,1,0,0,0,1,5.83644E+20,5.95888E+21,1.02691E+16,5.37718E+16
4250,4251,1,0,2,0,2016,8,17,2,3,6,2,0,0,0,1,1,0,0,0,5.7361E+20,6.01961E+21,1.01317E+16,5.4319E+16
4251,4252,1,0,58,23,2016,7,15,7,3,2,6,0,0,0,1,0,0,0,0,5.56899E+20,6.00306E+21,9.87164E+15,5.41725E+16
4252,4253,1,0,55,42,2016,8,8,4,3,5,3,0,0,0,1,0,0,0,0,6.20205E+20,5.9837E+21,1.08334E+16,5.39876E+16
4253,4254,1,0,56,50,2016,8,8,5,3,2,6,0,0,0,1,0,0,0,0,5.4695E+20,5.93722E+21,9.70916E+15,5.35817E+16
4254,4255,1,0,3,0,2016,8,10,3,3,2,6,0,0,0,1,0,0,0,0,6.11022E+20,5.96831E+21,1.06878E+16,5.38514E+16
4255,4256,1,0,53,28,2016,8,18,4,3,2,6,0,0,0,1,0,0,0,0,5.86682E+20,5.92395E+21,1.03055E+16,5.34574E+16
4256,4257,1,0,2,0,2016,9,16,5,3,6,4,0,0,0,0,1,1,0,0,5.73742E+20,6.01958E+21,1.01337E+16,5.43188E+16
4257,4258,1,0,2,0,2016,8,12,2,2,4,2,0,1,1,1,0,0,0,0,5.72443E+20,6.02025E+21,1.01139E+16,5.4325E+16
4258,4259,1,0,55,33,2016,8,17,5,1,0,1,0,0,0,1,0,0,0,0,6.21853E+20,6.01794E+21,1.08723E+16,5.42948E+16
4259,4260,1,0,60,68,2016,9,16,6,2,3,2,0,1,0,1,0,0,0,0,5.75866E+20,5.98226E+21,1.01569E+16,5.39831E+16
4260,4261,1,0,53,115,2016,7,17,3,3,4,6,0,0,0,1,0,0,0,0,6.03891E+20,5.92558E+21,1.05651E+16,5.34689E+16
4261,4262,1,0,56,48,2016,8,12,1,3,2,6,0,0,0,1,0,0,0,0,5.48897E+20,5.9529E+21,9.74104E+15,5.37225E+16
4262,4263,1,0,4,0,2016,8,14,6,3,2,6,0,1,0,1,0,0,0,0,5.66355E+20,5.99058E+21,1.00137E+16,5.40592E+16
4263,4264,1,0,3,0,2016,9,13,2,3,5,3,0,0,1,0,0,0,0,0,6.10536E+20,5.97347E+21,1.06823E+16,5.38979E+16
4264,4265,1,0,3,0,2016,8,17,7,3,0,7,0,0,1,0,0,0,0,0,6.10131E+20,5.96996E+21,1.06748E+16,5.38664E+16
4265,4266,1,0,51,138,2016,9,17,5,3,8,1,0,0,0,1,0,0,0,0,5.17095E+20,5.99601E+21,9.2615E+15,5.41119E+16
4266,4267,1,0,53,28,2016,8,16,4,3,3,6,0,1,0,0,0,1,0,1,5.88156E+20,5.92391E+21,1.03277E+16,5.34568E+16
4267,4268,1,0,59,68,2016,9,15,7,3,2,6,0,0,0,1,0,0,0,0,5.56697E+20,6.05576E+21,9.87862E+15,5.4646E+16
4268,4269,1,0,3,0,2016,8,19,6,3,2,6,0,0,0,1,0,0,1,0,6.10331E+20,5.97133E+21,1.06784E+16,5.38787E+16
4269,4270,1,0,55,4,2016,9,14,2,3,5,3,0,0,1,1,0,0,0,0,6.09671E+20,5.97419E+21,1.06694E+16,5.39046E+16
4270,4271,1,0,54,118,2016,8,11,2,3,2,6,0,0,0,1,0,0,0,0,5.07231E+20,6.03769E+21,9.11161E+15,5.44868E+16
4271,4272,1,0,51,58,2016,8,4,5,3,9,1,2,1,0,0,0,1,0,0,4.97362E+20,6.01776E+21,8.95945E+15,5.43077E+16
4272,4273,1,0,2,0,2016,7,12,6,3,5,2,0,1,0,1,0,0,0,0,5.7322E+20,6.0183E+21,1.01254E+16,5.43074E+16
4273,4274,1,0,60,59,2016,9,5,3,3,8,7,2,0,0,1,0,0,0,0,5.8151E+20,5.98318E+21,1.02432E+16,5.39905E+16
4274,4275,1,0,4,0,2016,8,16,2,3,5,2,0,0,1,1,0,0,0,0,5.64034E+20,5.99129E+21,9.97844E+15,5.40659E+16
4275,4276,1,0,62,1,2016,7,11,7,3,9,1,0,1,0,0,0,1,0,0,5.8269E+20,5.94683E+21,1.02514E+16,5.36637E+16
4276,4277,1,0,55,32,2016,8,15,4,3,8,1,0,0,0,1,0,0,0,0,6.1936E+20,5.99915E+21,1.08266E+16,5.41266E+16
4277,4278,1,0,3,0,2016,9,20,5,3,5,3,1,0,1,1,0,0,0,0,6.11023E+20,5.9683E+21,1.06878E+16,5.38513E+16
4278,4279,1,0,56,36,2016,8,6,6,3,5,2,0,0,1,1,0,0,0,0,5.44727E+20,5.94771E+21,9.6771E+15,5.36762E+16
4279,4280,1,0,3,0,2016,7,16,3,3,5,2,0,0,1,1,0,0,0,0,6.09346E+20,5.96749E+21,1.0662E+16,5.38444E+16
4280,4281,1,0,2,0,2016,7,14,5,3,2,6,0,0,0,1,0,0,0,0,5.73372E+20,6.02085E+21,1.01283E+16,5.43302E+16
4281,4282,1,0,56,43,2016,9,6,1,2,6,4,2,0,0,1,1,0,0,0,5.56026E+20,5.9434E+21,9.84735E+15,5.36364E+16
4282,4283,1,0,51,44,2016,9,7,3,3,2,6,0,0,0,1,0,1,0,0,5.07167E+20,6.00674E+21,9.10988E+15,5.42086E+16
4283,4284,1,0,55,32,2016,9,10,5,3,5,2,0,0,1,1,0,0,0,0,6.18523E+20,5.9967E+21,1.08128E+16,5.41048E+16
4284,4285,1,0,3,0,2016,7,15,4,2,5,3,0,0,1,1,0,0,0,0,6.10033E+20,5.97009E+21,1.06734E+16,5.38676E+16