FID,OBJECTID,ULAND,UREGBEZ,UKREIS,UGEMEINDE,UJAHR,UMONAT,USTUNDE,UWOCHENTAG,UKATEGORIE,UART,UTYP1,ULICHTVERH,IstStrasse,IstRad,IstPKW,IstFuss,IstKrad,IstGkfz,IstSonstig,LINREFX,LINREFY,XGCSWGS84,YGCSWGS84
4285,4286,1,0,62,71,2016,7,17,4,3,5,2,0,0,0,1,0,0,0,0,5.80852E+20,5.94141E+21,1.02222E+16,5.36152E+16
4286,4287,1,0,53,46,2016,8,17,3,3,4,1,0,1,0,1,0,0,0,0,6.16383E+20,5.9353E+21,1.07568E+16,5.35537E+16
4287,4288,1,0,1,0,2016,8,15,5,3,0,7,0,1,1,0,0,0,0,0,5.28229E+20,6.07082E+21,9.43894E+15,5.47837E+16
4288,4289,1,0,58,47,2016,9,16,1,3,9,6,0,0,0,1,0,1,0,0,5.36126E+20,6.01349E+21,9.5547E+15,5.42681E+16
4289,4290,1,0,55,16,2016,8,6,1,3,8,7,0,0,0,1,0,0,0,0,6.26039E+20,6.00089E+21,1.09294E+16,5.41406E+16
4290,4291,1,0,55,32,2016,8,16,4,2,4,6,0,0,1,0,0,0,0,0,6.20154E+20,5.9981E+21,1.08383E+16,5.4117E+16
4291,4292,1,0,59,53,2016,9,15,7,3,2,6,0,0,0,1,0,0,0,0,5.35699E+20,6.02783E+21,9.54986E+15,5.43969E+16
4292,4293,1,0,60,30,2016,7,15,1,3,8,1,0,0,0,0,0,1,0,0,5.85964E+20,5.98125E+21,1.03106E+16,5.39725E+16
4293,4294,1,0,60,12,2016,9,19,1,3,4,3,1,0,0,1,0,1,0,0,5.79487E+20,5.99063E+21,1.02143E+16,5.40577E+16
4294,4295,1,0,53,32,2016,9,10,6,3,2,6,0,0,0,1,0,1,0,0,5.91169E+20,5.92202E+21,1.03725E+16,5.34393E+16
4295,4296,1,0,60,46,2016,8,11,5,3,9,6,0,0,0,0,0,1,1,0,5.74316E+20,5.95645E+21,1.01271E+16,5.37514E+16
4296,4297,1,0,4,0,2016,9,21,4,3,2,2,2,0,0,1,0,0,0,0,5.64123E+20,5.99257E+21,9.98006E+15,5.40774E+16
4297,4298,1,0,55,44,2016,7,15,3,3,4,6,0,0,1,0,0,0,0,0,6.15547E+20,5.98701E+21,1.07636E+16,5.40184E+16
4298,4299,1,0,60,58,2016,9,18,2,2,5,2,0,0,0,1,0,0,0,1,5.75448E+20,5.96179E+21,1.01455E+16,5.37992E+16
4299,4300,1,0,57,80,2016,8,16,4,3,8,7,0,0,0,1,0,0,0,0,5.79508E+20,5.99765E+21,1.02165E+16,5.41208E+16
4300,4301,1,0,2,0,2016,8,10,4,3,5,3,0,0,0,1,0,0,0,0,5.73972E+20,6.01785E+21,1.01368E+16,5.43031E+16
4301,4302,1,0,55,7,2016,7,12,7,3,0,1,0,0,1,0,0,0,0,0,5.93423E+20,5.9947E+21,1.04284E+16,5.4092E+16
4302,4303,1,0,59,79,2016,9,15,7,3,0,1,0,0,1,0,0,0,0,0,5.23283E+20,6.0394E+21,9.35954E+15,5.45017E+16
4303,4304,1,0,2,0,2016,7,14,6,3,3,6,0,0,0,1,0,0,0,0,5.73025E+20,6.01966E+21,1.01227E+16,5.43195E+16
4304,4305,1,0,54,20,2016,8,15,7,2,4,7,0,0,1,1,0,0,0,0,4.98966E+20,6.05058E+21,8.98399E+15,5.46027E+16
4305,4306,1,0,3,0,2016,7,16,2,3,5,3,0,0,1,1,0,0,0,0,6.12099E+20,5.97095E+21,1.07051E+16,5.38749E+16
4306,4307,1,0,61,104,2016,9,18,5,3,1,5,0,0,0,1,0,0,0,0,5.3749E+20,5.96627E+21,9.56981E+15,5.38436E+16
4307,4308,1,0,55,44,2016,9,7,2,2,3,6,0,1,0,1,0,0,0,0,6.10154E+20,5.98859E+21,1.06819E+16,5.40338E+16
4308,4309,1,0,3,0,2016,8,19,3,3,5,3,0,0,0,1,0,1,0,0,6.07905E+20,5.96838E+21,1.06404E+16,5.38527E+16
4309,4310,1,0,53,32,2016,9,12,7,3,5,3,0,0,0,1,0,0,0,0,5.88712E+20,5.92094E+21,1.03352E+16,5.343E+16
4310,4311,1,0,55,42,2016,7,15,3,2,6,4,0,0,0,1,1,0,0,0,6.15777E+20,5.98503E+21,1.07664E+16,5.40006E+16
4311,4312,1,0,60,5,2016,8,11,1,3,0,7,0,1,0,0,0,1,0,0,5.84717E+20,5.97702E+21,1.02904E+16,5.39346E+16
4312,4313,1,0,55,40,2016,9,15,3,3,3,2,0,0,0,1,0,1,0,0,6.06737E+20,5.97887E+21,1.06264E+16,5.39472E+16
4313,4314,1,0,55,35,2016,8,16,1,3,5,2,0,1,1,1,0,0,0,0,6.12893E+20,5.98492E+21,1.07223E+16,5.40002E+16
4314,4315,1,0,61,37,2016,9,14,5,3,4,6,0,0,0,1,0,0,0,0,5.32997E+20,5.9608E+21,9.50093E+15,5.37947E+16
4315,4316,1,0,51,48,2016,9,11,7,3,5,3,0,0,1,1,0,0,0,0,5.04708E+20,5.99991E+21,9.07208E+15,5.41473E+16
4316,4317,1,0,1,0,2016,8,15,7,3,2,6,0,1,0,1,0,0,0,0,5.26673E+20,6.07008E+21,9.41468E+15,5.47773E+16
4317,4318,1,0,2,0,2016,9,17,3,3,0,2,0,0,1,0,0,0,0,1,5.73225E+20,6.0185E+21,1.01255E+16,5.43091E+16
4318,4319,1,0,54,99,2016,8,18,3,3,5,3,0,0,0,1,0,0,0,0,5.14968E+20,6.03505E+21,9.23091E+15,5.44629E+16
4319,4320,1,0,59,116,2016,7,15,7,3,8,1,0,0,1,0,0,0,0,0,5.32644E+20,6.06252E+21,9.50665E+15,5.47089E+16
4320,4321,1,0,2,0,2016,8,16,3,3,2,6,0,0,0,1,0,0,0,0,5.71275E+20,6.02362E+21,1.00967E+16,5.43554E+16
4321,4322,1,0,4,0,2016,8,12,3,3,2,2,0,0,0,1,0,0,0,0,5.63776E+20,5.99078E+21,9.97439E+15,5.40613E+16
4322,4323,1,0,56,47,2016,7,10,1,3,8,1,0,1,0,1,0,0,0,0,5.57348E+20,5.94984E+21,9.86853E+15,5.36942E+16
4323,4324,1,0,59,137,2016,8,14,5,3,4,3,0,0,0,1,0,0,0,0,5.40948E+20,6.07239E+21,9.63691E+15,5.4797E+16
4324,4325,1,0,3,0,2016,9,12,6,3,3,2,0,0,1,0,0,0,1,0,6.10547E+20,5.9714E+21,1.06817E+16,5.38793E+16
4325,4326,1,0,60,10,2016,8,23,7,3,2,6,2,1,0,1,0,0,0,0,5.86698E+20,5.98501E+21,1.03229E+16,5.40061E+16
4326,4327,1,0,55,37,2016,7,15,3,3,4,6,0,0,1,0,0,0,0,0,6.20832E+20,5.99886E+21,1.08489E+16,5.41236E+16
4327,4328,1,0,54,33,2016,7,11,6,3,2,6,0,0,0,1,0,0,0,0,5.05429E+20,6.02522E+21,9.08357E+15,5.43747E+16
4328,4329,1,0,59,159,2016,8,12,6,3,2,1,0,0,0,1,0,0,0,0,5.27524E+20,6.05817E+21,9.42679E+15,5.46702E+16
4329,4330,1,0,59,103,2016,9,7,2,3,4,1,0,0,0,1,0,0,0,0,5.36925E+20,6.06426E+21,9.57332E+15,5.47243E+16
4330,4331,1,0,3,0,2016,8,11,7,2,2,6,0,0,0,1,0,0,0,0,6.09801E+20,5.97285E+21,1.06709E+16,5.38924E+16
4331,4332,1,0,3,0,2016,9,9,4,3,5,3,0,0,1,1,0,0,0,0,6.13029E+20,5.96982E+21,1.07188E+16,5.38645E+16
4332,4333,1,0,3,0,2016,8,13,3,3,5,2,0,0,1,1,0,0,0,0,6.10026E+20,5.9701E+21,1.06733E+16,5.38677E+16
4333,4334,1,0,60,58,2016,9,10,6,3,8,7,0,0,0,1,0,0,0,0,5.74377E+20,5.9598E+21,1.01288E+16,5.37814E+16
4334,4335,1,0,54,136,2016,8,21,6,2,9,1,2,1,0,1,0,0,0,0,4.95446E+20,6.07381E+21,8.92914E+15,5.48114E+16
4335,4336,1,0,58,59,2016,9,6,2,3,4,6,2,0,0,1,0,1,0,0,5.54867E+20,5.99976E+21,9.83991E+15,5.4143E+16
4336,4337,1,0,4,0,2016,8,13,2,2,5,3,0,0,0,1,0,1,0,0,5.65495E+20,5.98995E+21,1.00005E+16,5.40536E+16
4337,4338,1,0,55,32,2016,8,22,5,3,4,1,2,1,0,1,0,0,0,0,6.1843E+20,5.99674E+21,1.08114E+16,5.41052E+16
4338,4339,1,0,3,0,2016,9,7,2,3,5,2,0,0,0,0,0,1,0,1,6.10141E+20,5.96993E+21,1.0675E+16,5.38662E+16
4339,4340,1,0,60,14,2016,8,18,1,3,5,3,0,1,0,1,0,1,0,0,5.71706E+20,5.97519E+21,1.00919E+16,5.39202E+16
4340,4341,1,0,2,0,2016,8,7,4,3,2,6,0,0,0,1,0,0,0,1,5.72728E+20,6.02107E+21,1.01185E+16,5.43323E+16
4341,4342,1,0,54,56,2016,9,14,5,2,5,3,0,0,1,1,0,0,0,0,5.05256E+20,6.03606E+21,9.0811E+15,5.44722E+16
4342,4343,1,0,55,4,2016,8,18,6,3,0,2,0,0,0,1,0,1,0,0,6.10945E+20,5.97446E+21,1.06888E+16,5.39067E+16
4343,4344,1,0,3,0,2016,7,7,3,3,5,3,0,0,1,1,0,0,0,0,6.06667E+20,5.9703E+21,1.06223E+16,5.38702E+16
4344,4345,1,0,51,33,2016,7,8,4,3,5,2,0,0,0,1,0,0,0,1,4.96245E+20,6.00082E+21,8.94251E+15,5.41555E+16
4345,4346,1,0,3,0,2016,9,7,3,3,5,2,0,0,1,0,0,0,0,1,6.14553E+20,5.97068E+21,1.07423E+16,5.3872E+16
4346,4347,1,0,59,186,2016,9,9,5,2,5,3,0,0,1,1,0,0,0,0,5.48772E+20,6.06776E+21,9.75783E+15,5.47547E+16
4347,4348,1,0,62,61,2016,7,17,4,3,2,6,0,0,0,1,0,0,0,0,5.97785E+20,5.96444E+21,1.04854E+16,5.38193E+16
4348,4349,1,0,56,15,2016,8,22,4,1,5,3,2,0,0,1,0,1,0,0,5.43685E+20,5.95878E+21,9.66289E+15,5.37757E+16
4349,4350,1,0,56,43,2016,8,6,3,3,2,6,0,1,0,0,0,0,0,1,5.54421E+20,5.94482E+21,9.82333E+15,5.36493E+16
4350,4351,1,0,51,114,2016,9,15,7,3,8,1,0,0,0,0,0,0,1,0,5.18528E+20,6.00772E+21,9.28414E+15,5.42171E+16
4351,4352,1,0,54,109,2016,7,11,7,3,5,3,0,0,0,1,0,0,0,0,4.90716E+20,6.07048E+21,8.85564E+15,5.47815E+16
4352,4353,1,0,1,0,2016,8,10,1,3,5,3,0,0,1,1,0,0,0,0,5.26475E+20,6.07249E+21,9.41182E+15,5.47989E+16
4353,4354,1,0,2,0,2016,7,14,3,3,0,1,0,0,1,0,0,0,0,0,5.72665E+20,6.02193E+21,1.01177E+16,5.434E+16
4354,4355,1,0,57,35,2016,8,15,4,3,2,6,0,0,0,1,0,0,0,0,6.02879E+20,6.01627E+21,1.05803E+16,5.4284E+16
4355,4356,1,0,53,32,2016,9,15,6,3,4,6,0,0,0,1,0,0,0,0,5.89723E+20,5.92363E+21,1.03512E+16,5.3454E+16
4356,4357,1,0,55,33,2016,7,12,1,3,2,6,0,0,0,1,0,0,0,1,6.2185E+20,6.01707E+21,1.08719E+16,5.4287E+16
4357,4358,1,0,2,0,2016,9,12,1,3,2,6,0,0,0,1,0,0,0,0,5.77405E+20,6.02066E+21,1.01903E+16,5.43279E+16
4358,4359,1,0,59,159,2016,7,18,6,3,5,6,0,1,0,1,0,0,0,0,5.28562E+20,6.05811E+21,9.44287E+15,5.46696E+16
4359,4360,1,0,3,0,2016,7,11,3,3,5,2,0,0,1,1,0,0,0,0,6.12798E+20,5.96975E+21,1.07153E+16,5.3864E+16
4360,4361,1,0,55,32,2016,8,14,2,3,2,6,0,0,0,1,0,0,0,1,6.18426E+20,5.99684E+21,1.08114E+16,5.41061E+16
4361,4362,1,0,2,0,2016,8,8,2,2,0,1,0,1,1,0,0,0,0,0,5.73851E+20,6.02039E+21,1.01356E+16,5.4326E+16
4362,4363,1,0,2,0,2016,9,7,6,3,5,3,0,0,1,1,0,0,0,0,5.73599E+20,6.01862E+21,1.01313E+16,5.43101E+16
4363,4364,1,0,59,176,2016,9,20,2,3,5,3,2,0,1,0,0,0,0,0,5.32724E+20,6.0732E+21,9.5091E+15,5.48049E+16
4364,4365,1,0,58,43,2016,8,14,5,3,5,3,0,0,0,1,0,0,0,0,5.54146E+20,6.0356E+21,9.83538E+15,5.44652E+16
4365,4366,1,0,59,18,2016,9,8,4,3,2,6,0,0,0,1,0,0,0,0,5.35854E+20,6.03943E+21,9.55365E+15,5.45012E+16
4366,4367,1,0,58,5,2016,7,22,3,3,0,1,2,0,1,0,0,0,0,0,5.72993E+20,6.02933E+21,1.01246E+16,5.44065E+16
4367,4368,1,0,54,88,2016,8,6,6,3,9,1,0,0,0,1,0,0,0,0,4.88607E+20,6.06964E+21,8.82289E+15,5.47739E+16
4368,4369,1,0,56,8,2016,8,16,4,2,3,6,0,0,0,1,0,0,0,0,5.4655E+20,5.95889E+21,9.70638E+15,5.37766E+16
4369,4370,1,0,4,0,2016,9,8,5,3,2,6,0,0,0,1,0,0,0,0,5.65253E+20,5.99124E+21,9.99705E+15,5.40652E+16
4370,4371,1,0,62,92,2016,8,14,6,3,4,1,0,0,0,0,0,1,1,0,5.87572E+20,5.96982E+21,1.03318E+16,5.38694E+16
4371,4372,1,0,57,21,2016,7,15,3,3,5,3,0,1,0,1,0,1,0,0,5.98651E+20,6.01715E+21,1.05157E+16,5.42927E+16
4372,4373,1,0,54,128,2016,7,15,5,2,4,6,0,0,0,1,0,0,0,0,4.99719E+20,6.04889E+21,8.99565E+15,5.45875E+16
4373,4374,1,0,62,18,2016,9,9,7,3,6,3,0,1,0,0,1,0,0,1,5.80518E+20,5.93334E+21,1.02151E+16,5.35428E+16
4374,4375,1,0,56,1,2016,9,16,3,3,2,6,0,0,0,1,0,0,0,0,5.48866E+20,5.94595E+21,9.73948E+15,5.366E+16
4375,4376,1,0,2,0,2016,9,6,5,2,5,3,0,0,1,1,0,0,0,0,5.76654E+20,6.0196E+21,1.01784E+16,5.43185E+16
4376,4377,1,0,55,33,2016,7,10,4,3,5,3,0,0,0,1,0,0,0,0,6.22182E+20,6.01702E+21,1.0877E+16,5.42864E+16
4377,4378,1,0,2,0,2016,8,13,3,3,5,3,0,0,0,1,0,0,0,0,5.7335E+20,6.01874E+21,1.01275E+16,5.43112E+16
4378,4379,1,0,54,161,2016,9,11,1,3,5,3,0,0,0,1,0,0,0,0,4.99545E+20,6.0268E+21,8.99299E+15,5.43889E+16
4379,4380,1,0,2,0,2016,8,11,1,3,5,3,0,0,0,1,0,0,0,0,5.73398E+20,6.01919E+21,1.01283E+16,5.43153E+16
4380,4381,1,0,3,0,2016,8,9,4,3,5,2,0,0,1,1,0,0,0,0,6.13329E+20,5.96519E+21,1.07217E+16,5.38229E+16
4381,4382,1,0,51,137,2016,9,8,6,3,5,3,0,0,1,1,0,0,0,0,5.04025E+20,5.9944E+21,9.06154E+15,5.40977E+16
4382,4383,1,0,53,32,2016,7,14,1,2,9,1,0,0,0,1,0,1,0,0,5.88828E+20,5.92148E+21,1.03371E+16,5.34349E+16
4383,4384,1,0,53,14,2016,9,18,1,2,0,6,1,0,0,1,0,1,0,0,6.0687E+20,5.94013E+21,1.06149E+16,5.35991E+16
4384,4385,1,0,2,0,2016,7,21,3,3,6,7,0,0,1,0,1,0,0,0,5.74819E+20,6.02129E+21,1.01507E+16,5.4334E+16
4385,4386,1,0,56,15,2016,8,5,2,3,5,3,0,0,0,1,0,0,0,0,5.4376E+20,5.9569E+21,9.66376E+15,5.37589E+16
4386,4387,1,0,4,0,2016,9,17,6,3,6,2,0,0,0,1,1,0,0,0,5.64299E+20,5.99233E+21,9.98272E+15,5.40752E+16
4387,4388,1,0,56,15,2016,8,20,5,3,3,6,0,0,0,1,0,0,0,1,5.44731E+20,5.95586E+21,9.67835E+15,5.37494E+16
4388,4389,1,0,2,0,2016,9,16,4,3,2,6,0,0,0,1,0,0,0,0,5.72339E+20,6.01843E+21,1.01118E+16,5.43087E+16
4389,4390,1,0,54,168,2016,7,18,3,3,5,2,0,0,1,1,0,0,0,0,4.56431E+20,6.08433E+21,8.32051E+15,5.49041E+16
4390,4391,1,0,51,97,2016,8,18,3,3,5,2,0,0,0,1,0,0,0,0,5.07606E+20,5.98154E+21,9.11598E+15,5.39821E+16
4391,4392,1,0,2,0,2016,7,18,4,3,2,6,0,0,0,1,0,0,0,0,5.73373E+20,6.02093E+21,1.01283E+16,5.43309E+16
4392,4393,1,0,1,0,2016,8,13,4,3,0,7,0,0,1,0,1,0,0,0,5.29624E+20,6.07371E+21,9.46093E+15,5.48097E+16
4393,4394,1,0,54,161,2016,7,8,7,2,2,6,0,0,0,1,0,0,0,0,5.02543E+20,6.02908E+21,9.03918E+15,5.44095E+16
4394,4395,1,0,56,2,2016,9,9,6,3,5,3,0,0,1,0,0,0,0,0,5.4992E+20,5.96007E+21,9.7577E+15,5.37868E+16
4395,4396,1,0,60,27,2016,8,13,7,3,2,6,0,0,0,1,0,0,0,0,5.61065E+20,5.98538E+21,9.93189E+15,5.40131E+16
4396,4397,1,0,58,135,2016,7,15,2,3,5,3,0,0,1,0,0,0,0,1,5.43771E+20,6.01752E+21,9.67266E+15,5.43037E+16
4397,4398,1,0,60,39,2016,9,21,5,2,5,2,1,0,0,1,0,0,0,0,5.6188E+20,5.96232E+21,9.93966E+15,5.38057E+16
4398,4399,1,0,58,77,2016,9,19,2,3,6,4,0,0,0,0,1,0,0,1,5.43401E+20,5.99399E+21,9.66359E+15,5.40923E+16
4399,4400,1,0,2,0,2016,8,9,3,3,1,5,0,0,0,1,0,0,0,0,5.75902E+20,6.03046E+21,1.01697E+16,5.44162E+16
4400,4401,1,0,55,39,2016,9,12,7,3,5,3,0,0,1,1,0,0,0,0,6.1621E+20,5.99329E+21,1.07761E+16,5.40746E+16
4401,4402,1,0,59,137,2016,7,17,3,2,5,3,0,0,1,0,0,1,0,0,5.40958E+20,6.07265E+21,9.63712E+15,5.47994E+16
4402,4403,1,0,3,0,2016,8,10,1,3,0,1,0,1,1,0,0,0,0,0,6.10673E+20,5.96832E+21,1.06825E+16,5.38516E+16
4403,4404,1,0,57,62,2016,9,7,3,3,5,3,0,0,0,0,0,0,1,1,5.83618E+20,6.01065E+21,1.0283E+16,5.4237E+16
4404,4405,1,0,59,45,2016,8,16,1,2,5,3,0,1,0,1,0,0,0,0,5.60057E+20,6.05848E+21,9.93124E+15,5.46701E+16
4405,4406,1,0,53,32,2016,9,17,5,3,5,2,0,0,0,0,0,1,0,1,5.91238E+20,5.92171E+21,1.03734E+16,5.34365E+16
4406,4407,1,0,55,31,2016,8,15,4,3,5,3,0,1,0,1,0,0,0,0,6.32097E+20,6.02177E+21,1.10313E+16,5.43267E+16
4407,4408,1,0,53,116,2016,9,11,7,3,2,6,0,1,0,1,0,1,0,0,5.98866E+20,5.9303E+21,1.04909E+16,5.35123E+16
4408,4409,1,0,58,49,2016,8,17,7,2,2,6,0,0,0,1,0,0,0,0,5.5456E+20,6.00942E+21,9.83697E+15,5.42299E+16
4409,4410,1,0,54,132,2016,9,15,3,3,2,6,0,0,0,1,0,0,0,1,5.03438E+20,6.03149E+21,9.05299E+15,5.44311E+16
4410,4411,1,0,60,54,2016,8,7,2,3,8,1,0,1,0,1,0,0,0,0,5.60075E+20,5.97136E+21,9.91402E+15,5.38872E+16
4411,4412,1,0,56,18,2016,7,19,7,3,2,6,0,0,0,1,0,0,0,0,5.54787E+20,5.94447E+21,9.82881E+15,5.36461E+16
4412,4413,1,0,59,142,2016,8,16,3,2,2,6,0,0,1,0,0,0,0,0,5.6345E+20,6.06206E+21,9.98462E+15,5.47018E+16
4413,4414,1,0,2,0,2016,8,9,3,3,5,3,0,0,1,1,0,0,0,0,5.71414E+20,6.01761E+21,1.00974E+16,5.43014E+16
4414,4415,1,0,62,60,2016,7,16,1,3,8,1,0,0,1,0,0,0,0,1,5.8534E+20,5.9354E+21,1.02884E+16,5.35605E+16
4415,4416,1,0,59,113,2016,8,15,5,3,6,4,0,0,0,1,1,0,0,0,5.35319E+20,6.07666E+21,9.54988E+15,5.48358E+16
4416,4417,1,0,58,135,2016,9,10,6,3,2,6,0,1,0,1,0,0,0,0,5.41645E+20,6.01805E+21,9.64008E+15,5.43086E+16
4417,4418,1,0,53,133,2016,8,8,7,3,5,6,0,1,0,1,0,1,0,0,5.84426E+20,5.93104E+21,1.02734E+16,5.35215E+16
4418,4419,1,0,1,0,2016,7,13,3,3,5,3,0,0,1,1,0,0,0,0,5.28537E+20,6.07081E+21,9.44373E+15,5.47837E+16
4419,4420,1,0,54,76,2016,7,13,6,2,5,2,0,0,0,1,0,0,1,0,4.98915E+20,6.07003E+21,8.98313E+15,5.47775E+16
4420,4421,1,0,61,116,2016,9,14,1,2,0,1,0,0,1,0,0,0,0,0,5.49408E+20,5.97609E+21,9.75251E+15,5.39309E+16
4421,4422,1,0,56,15,2016,8,13,6,3,2,6,0,0,0,1,0,0,0,0,5.44536E+20,5.95643E+21,9.67547E+15,5.37546E+16
4422,4423,1,0,58,43,2016,9,15,4,3,0,3,0,0,1,1,0,0,0,0,5.54079E+20,6.03435E+21,9.83413E+15,5.44539E+16
4423,4424,1,0,3,0,2016,8,17,3,3,5,3,0,0,0,1,0,1,0,0,6.11366E+20,5.96924E+21,1.06934E+16,5.38597E+16
4424,4425,1,0,3,0,2016,9,14,6,3,1,5,0,0,0,1,0,0,0,0,6.08009E+20,5.9689E+21,1.06422E+16,5.38573E+16
4425,4426,1,0,56,44,2016,8,13,5,3,2,7,0,0,0,1,0,1,0,0,5.5628E+20,5.93921E+21,9.85045E+15,5.35987E+16
4426,4427,1,0,54,165,2016,9,10,2,1,8,1,0,0,0,1,0,0,0,0,4.84039E+20,6.06819E+21,8.75197E+15,5.47607E+16
4427,4428,1,0,2,0,2016,8,7,2,3,5,2,0,0,0,1,0,1,0,0,5.74215E+20,6.01988E+21,1.0141E+16,5.43214E+16
4428,4429,1,0,58,165,2016,8,21,5,2,3,6,2,1,0,1,0,0,0,0,5.67012E+20,6.02697E+21,1.00319E+16,5.43861E+16
4429,4430,1,0,2,0,2016,9,16,2,3,6,5,0,0,0,1,1,0,0,0,5.75977E+20,6.02843E+21,1.01703E+16,5.4398E+16
4430,4431,1,0,3,0,2016,8,13,1,3,5,3,0,0,1,1,0,0,0,0,6.09084E+20,5.97143E+21,1.06594E+16,5.38798E+16
4431,4432,1,0,56,50,2016,9,15,4,3,8,7,0,0,0,1,0,0,0,1,5.4717E+20,5.93921E+21,9.71279E+15,5.35996E+16
4432,4433,1,0,58,53,2016,8,18,6,2,0,1,0,0,1,0,0,0,0,0,5.68289E+20,6.01107E+21,1.00479E+16,5.4243E+16
4433,4434,1,0,54,118,2016,7,15,3,3,2,6,0,0,0,1,0,0,0,0,5.07785E+20,6.04088E+21,9.12026E+15,5.45155E+16
4434,4435,1,0,2,0,2016,9,14,3,3,4,2,0,0,0,1,0,1,0,0,5.72432E+20,6.02024E+21,1.01137E+16,5.43249E+16
4435,4436,1,0,61,118,2016,8,21,4,3,8,1,2,0,0,0,0,1,0,0,5.31452E+20,5.95389E+21,9.47678E+15,5.37327E+16
4436,4437,1,0,61,46,2016,7,6,3,3,9,7,0,0,0,0,0,0,0,1,5.33669E+20,5.97494E+21,9.51269E+15,5.39218E+16
4437,4438,1,0,62,23,2016,8,15,4,3,0,1,0,0,0,0,0,1,0,0,5.84821E+20,5.94677E+21,1.02837E+16,5.36628E+16
4438,4439,1,0,61,46,2016,8,11,2,3,2,6,0,1,0,1,0,0,0,0,5.32365E+20,5.97911E+21,9.49327E+15,5.39593E+16
4439,4440,1,0,56,15,2016,9,5,7,3,5,3,2,0,0,1,0,0,0,0,5.42964E+20,5.95609E+21,9.65158E+15,5.37517E+16
4440,4441,1,0,56,41,2016,7,10,6,3,5,3,0,0,1,1,0,0,0,0,5.5945E+20,5.95429E+21,9.90123E+15,5.37339E+16
4441,4442,1,0,53,75,2016,8,15,7,2,4,1,0,0,0,0,0,1,0,1,6.07E+20,5.95981E+21,1.06237E+16,5.37758E+16
4442,4443,1,0,53,105,2016,7,7,3,3,2,6,0,0,0,1,0,0,1,0,5.88901E+20,5.9356E+21,1.03422E+16,5.35617E+16
4443,4444,1,0,54,109,2016,8,11,4,2,4,2,0,0,0,1,0,0,0,0,4.92001E+20,6.06826E+21,8.8757E+15,5.47616E+16
4444,4445,1,0,3,0,2016,9,14,6,3,5,3,0,0,1,0,0,0,0,0,6.12409E+20,5.96711E+21,1.07084E+16,5.38403E+16
4445,4446,1,0,58,127,2016,7,16,1,2,5,3,0,0,0,1,0,0,0,0,5.41519E+20,6.02852E+21,9.63959E+15,5.44027E+16
4446,4447,1,0,1,0,2016,9,16,1,3,0,7,0,0,1,0,0,0,0,0,5.27878E+20,6.07182E+21,9.43357E+15,5.47928E+16
4447,4448,1,0,56,49,2016,7,19,5,3,2,6,0,0,0,0,0,0,1,1,5.44724E+20,5.94811E+21,9.67711E+15,5.36798E+16
4448,4449,1,0,54,35,2016,7,11,3,3,2,6,0,0,0,1,0,0,0,0,4.84406E+20,6.02005E+21,8.76022E+15,5.43281E+16
4449,4450,1,0,57,57,2016,8,7,2,2,5,3,0,0,0,1,0,0,0,0,5.9232E+20,6.00229E+21,1.04139E+16,5.41604E+16
4450,4451,1,0,54,56,2016,8,16,2,3,5,3,0,0,0,1,0,1,0,0,5.02876E+20,6.03933E+21,9.04441E+15,5.45015E+16
4451,4452,1,0,57,11,2016,9,4,6,2,5,3,2,0,0,1,0,0,0,0,5.7386E+20,6.0021E+21,1.01312E+16,5.41616E+16
4452,4453,1,0,55,38,2016,9,0,1,3,5,3,2,1,0,1,0,0,0,0,6.14508E+20,6.0069E+21,1.07553E+16,5.41974E+16
4453,4454,1,0,4,0,2016,7,10,5,3,0,7,0,0,1,0,0,0,0,0,5.64829E+20,5.99292E+21,9.99093E+15,5.40804E+16
4454,4455,1,0,59,57,2016,8,10,5,3,0,7,0,0,1,0,0,0,0,0,5.33509E+20,6.04409E+21,9.51797E+15,5.45433E+16
4455,4456,1,0,59,145,2016,9,8,4,3,5,2,0,0,0,1,0,0,0,0,5.3573E+20,6.07321E+21,9.55586E+15,5.48048E+16
4456,4457,1,0,59,77,2016,7,9,3,1,0,7,0,0,0,1,0,0,0,1,5.33141E+20,6.04214E+21,9.51206E+15,5.45258E+16
4457,4458,1,0,62,9,2016,8,15,6,3,2,6,0,0,0,1,0,0,0,0,5.78164E+20,5.93556E+21,1.01802E+16,5.35631E+16
4458,4459,1,0,62,76,2016,8,18,3,3,2,6,0,0,0,1,0,0,0,0,5.72553E+20,5.95383E+21,1.00997E+16,5.37281E+16
4459,4460,1,0,1,0,2016,8,15,4,3,2,6,0,0,0,1,0,0,0,1,5.28557E+20,6.07121E+21,9.44408E+15,5.47873E+16
4460,4461,1,0,55,16,2016,9,11,5,3,5,3,0,0,0,0,0,1,0,1,6.2491E+20,6.00313E+21,1.09131E+16,5.4161E+16
4461,4462,1,0,60,63,2016,8,17,2,3,2,6,0,0,0,1,0,0,0,0,5.66329E+20,5.94868E+21,1.00043E+16,5.36827E+16
4462,4463,1,0,53,27,2016,8,11,5,3,0,3,0,0,1,1,0,0,0,0,6.00584E+20,5.93236E+21,1.05175E+16,5.35305E+16
4463,4464,1,0,2,0,2016,9,1,7,3,9,1,2,0,0,1,0,0,0,0,5.76163E+20,6.01713E+21,1.01703E+16,5.42964E+16
4464,4465,1,0,59,126,2016,7,13,3,2,5,3,0,0,0,1,0,0,0,0,5.33388E+20,6.06774E+21,9.51879E+15,5.47558E+16
4465,4466,1,0,57,74,2016,8,13,1,2,5,2,0,0,0,1,0,1,0,0,5.8013E+20,6.02223E+21,1.02326E+16,5.43416E+16
4466,4467,1,0,56,15,2016,9,7,2,3,9,6,0,0,0,1,0,0,0,1,5.43462E+20,5.95617E+21,9.65914E+15,5.37523E+16
4467,4468,1,0,56,23,2016,8,11,7,3,2,6,0,0,0,1,0,1,0,0,5.45242E+20,5.95102E+21,9.68538E+15,5.37059E+16
4468,4469,1,0,58,46,2016,9,14,5,2,0,1,0,0,0,1,0,0,0,1,5.53398E+20,6.00731E+21,9.81878E+15,5.4211E+16
4469,4470,1,0,2,0,2016,8,16,4,3,0,1,0,1,0,0,0,1,0,0,5.73961E+20,6.01783E+21,1.01366E+16,5.4303E+16