FID,OBJECTID,ULAND,UREGBEZ,UKREIS,UGEMEINDE,UJAHR,UMONAT,USTUNDE,UWOCHENTAG,UKATEGORIE,UART,UTYP1,ULICHTVERH,IstStrasse,IstRad,IstPKW,IstFuss,IstKrad,IstGkfz,IstSonstig,LINREFX,LINREFY,XGCSWGS84,YGCSWGS84
4470,4471,1,0,2,0,2016,9,3,7,3,2,1,2,1,0,1,0,1,0,0,5.72976E+20,6.01996E+21,1.0122E+16,5.43223E+16
4471,4472,1,0,56,49,2016,8,18,6,3,5,2,0,0,1,1,0,0,0,0,5.4442E+20,5.94817E+21,9.67251E+15,5.36803E+16
4472,4473,1,0,56,39,2016,9,8,2,3,0,7,0,0,1,0,0,0,0,0,5.52377E+20,5.94481E+21,9.79241E+15,5.36495E+16
4473,4474,1,0,57,66,2016,8,19,2,2,8,1,0,0,0,1,0,0,0,0,5.85723E+20,6.01656E+21,1.0317E+16,5.42897E+16
4474,4475,1,0,62,4,2016,7,14,6,3,2,6,0,0,0,1,0,0,0,1,5.89747E+20,5.96268E+21,1.03628E+16,5.38049E+16
4475,4476,1,0,56,43,2016,8,15,2,3,5,3,0,0,1,1,0,0,0,0,5.57995E+20,5.94451E+21,9.87733E+15,5.36461E+16
4476,4477,1,0,62,45,2016,8,22,2,3,1,5,2,1,0,1,0,0,0,0,5.90254E+20,5.94589E+21,1.03656E+16,5.3654E+16
4477,4478,1,0,58,24,2016,7,6,1,3,2,6,0,1,0,1,0,0,0,0,5.45902E+20,6.022E+21,9.7061E+15,5.43438E+16
4478,4479,1,0,62,91,2016,8,20,4,3,9,1,0,0,0,0,0,1,0,0,5.90704E+20,5.9536E+21,1.03747E+16,5.37232E+16
4479,4480,1,0,2,0,2016,7,14,6,3,0,2,0,0,0,0,0,1,0,0,5.77033E+20,6.02005E+21,1.01844E+16,5.43225E+16
4480,4481,1,0,56,36,2016,9,15,5,3,0,1,0,0,1,0,0,0,0,0,5.44611E+20,5.94747E+21,9.67531E+15,5.3674E+16
4481,4482,1,0,59,154,2016,8,2,7,3,0,6,2,1,0,1,0,1,0,0,5.60888E+20,6.06048E+21,9.94454E+15,5.46879E+16
4482,4483,1,0,60,2,2016,7,11,3,2,8,7,0,0,0,1,0,1,0,0,5.61455E+20,5.96129E+21,9.933E+15,5.37965E+16
4483,4484,1,0,62,4,2016,7,17,5,3,2,6,0,0,0,1,0,0,0,1,5.91537E+20,5.96364E+21,1.03903E+16,5.38133E+16
4484,4485,1,0,60,63,2016,9,5,6,3,5,2,2,0,0,1,0,0,0,0,5.67662E+20,5.95131E+21,1.0025E+16,5.37061E+16
4485,4486,1,0,56,15,2016,8,13,6,3,5,3,0,1,0,1,0,0,0,0,5.4352E+20,5.95703E+21,9.66014E+15,5.37601E+16
4486,4487,1,0,62,4,2016,9,17,5,3,5,3,0,0,1,1,0,0,0,0,5.89993E+20,5.96262E+21,1.03665E+16,5.38044E+16
4487,4488,1,0,54,131,2016,9,17,2,3,5,3,0,0,0,1,0,1,0,0,4.90277E+20,6.08221E+21,8.84843E+15,5.48868E+16
4488,4489,1,0,55,35,2016,8,8,3,3,3,6,0,0,0,1,0,0,0,0,6.13006E+20,5.97571E+21,1.07207E+16,5.39175E+16
4489,4490,1,0,4,0,2016,9,10,7,3,2,6,0,0,0,1,0,0,0,0,5.64769E+20,5.99179E+21,9.98977E+15,5.40702E+16
4490,4491,1,0,55,33,2016,7,14,3,3,8,7,0,0,0,0,0,0,1,0,6.23708E+20,6.01917E+21,1.09013E+16,5.43054E+16
4491,4492,1,0,3,0,2016,8,20,1,3,6,4,1,0,0,1,1,0,0,0,6.13855E+20,5.96924E+21,1.07312E+16,5.38592E+16
4492,4493,1,0,3,0,2016,9,17,3,2,2,6,0,0,0,1,0,0,1,0,6.06142E+20,5.96908E+21,1.06139E+16,5.38593E+16
4493,4494,1,0,54,108,2016,8,3,1,3,8,1,2,1,0,0,0,1,0,0,4.98151E+20,6.04711E+21,8.9714E+15,5.45715E+16
4494,4495,1,0,3,0,2016,9,11,5,3,2,6,0,0,0,1,0,0,0,0,6.13496E+20,5.97081E+21,1.07263E+16,5.38733E+16
4495,4496,1,0,3,0,2016,8,12,4,3,5,3,0,1,0,1,0,0,0,0,6.0987E+20,5.97029E+21,1.0671E+16,5.38694E+16
4496,4497,1,0,53,9,2016,9,16,7,3,0,1,0,0,1,0,0,0,0,0,6.08296E+20,5.95524E+21,1.06418E+16,5.37345E+16
4497,4498,1,0,51,63,2016,8,19,6,3,5,2,0,0,0,1,0,0,0,1,5.11344E+20,5.99135E+21,9.17335E+15,5.40703E+16
4498,4499,1,0,53,43,2016,9,22,3,3,3,6,2,0,0,1,0,0,0,0,6.16198E+20,5.96247E+21,1.07642E+16,5.37978E+16
4499,4500,1,0,3,0,2016,8,8,2,3,5,3,0,0,1,1,0,0,0,0,6.14441E+20,5.9683E+21,1.07397E+16,5.38506E+16
4500,4501,1,0,56,39,2016,7,18,6,3,5,3,0,0,1,1,0,0,0,0,5.5096E+20,5.94421E+21,9.77088E+15,5.36442E+16
4501,4502,1,0,56,18,2016,8,8,3,2,5,3,0,0,0,1,0,0,1,1,5.55284E+20,5.94394E+21,9.83622E+15,5.36413E+16
4502,4503,1,0,1,0,2016,8,21,3,3,5,2,2,0,0,1,0,0,0,0,5.30158E+20,6.07198E+21,9.46905E+15,5.47941E+16
4503,4504,1,0,53,81,2016,7,11,1,2,4,1,0,1,0,1,0,1,0,0,6.07997E+20,5.94977E+21,1.06353E+16,5.36855E+16
4504,4505,1,0,62,27,2016,8,10,5,3,2,6,0,0,0,1,0,0,0,0,5.88141E+20,5.95262E+21,1.03356E+16,5.37148E+16
4505,4506,1,0,62,3,2016,9,11,6,3,2,6,0,0,0,1,0,0,0,1,6.03558E+20,5.96899E+21,1.05746E+16,5.38591E+16
4506,4507,1,0,4,0,2016,8,15,7,3,0,3,0,0,0,1,0,1,0,0,5.64062E+20,5.99286E+21,9.97919E+15,5.408E+16
4507,4508,1,0,61,29,2016,7,21,2,2,3,6,1,0,1,1,0,0,0,0,5.27757E+20,5.96015E+21,9.42132E+15,5.37892E+16
4508,4509,1,0,56,33,2016,7,7,5,3,8,1,0,0,0,0,0,1,0,0,5.40335E+20,5.95131E+21,9.61108E+15,5.37089E+16
4509,4510,1,0,56,15,2016,9,20,1,3,5,3,2,0,1,1,0,0,0,0,5.42635E+20,5.95663E+21,9.64666E+15,5.37565E+16
4510,4511,1,0,53,91,2016,8,13,6,2,0,7,0,0,1,0,0,0,0,0,5.97994E+20,5.93919E+21,1.04806E+16,5.35924E+16
4511,4512,1,0,2,0,2016,9,10,4,3,5,2,0,0,1,1,0,0,0,0,5.77403E+20,6.02077E+21,1.01903E+16,5.43289E+16
4512,4513,1,0,58,100,2016,9,15,6,3,5,3,0,0,0,1,0,0,0,0,5.30999E+20,5.99746E+21,9.47433E+15,5.41243E+16
4513,4514,1,0,62,4,2016,8,21,5,3,0,1,2,0,1,0,0,0,0,0,5.91748E+20,5.96302E+21,1.03933E+16,5.38077E+16
4514,4515,1,0,61,34,2016,9,4,1,3,3,6,2,0,1,0,0,0,0,0,5.30754E+20,5.97717E+21,9.46853E+15,5.3942E+16
4515,4516,1,0,62,4,2016,8,16,2,3,2,6,0,0,0,1,0,0,0,0,5.92909E+20,5.95978E+21,1.041E+16,5.37783E+16
4516,4517,1,0,2,0,2016,8,23,5,3,8,1,2,1,0,1,0,0,0,0,5.68705E+20,6.01798E+21,1.00559E+16,5.43051E+16
4517,4518,1,0,59,73,2016,7,13,2,3,1,7,0,1,0,1,0,0,0,1,5.40421E+20,6.04556E+21,9.62501E+15,5.45559E+16
4518,4519,1,0,54,168,2016,9,10,2,3,2,6,0,0,0,1,0,0,0,0,4.57327E+20,6.08858E+21,8.33386E+15,5.49424E+16
4519,4520,1,0,2,0,2016,8,0,1,3,5,3,2,1,0,1,0,0,0,0,5.73352E+20,6.02094E+21,1.0128E+16,5.4331E+16
4520,4521,1,0,59,75,2016,8,13,6,3,5,3,0,0,1,1,0,0,0,0,5.35809E+20,6.03942E+21,9.55295E+15,5.45012E+16
4521,4522,1,0,56,15,2016,9,16,4,3,5,3,0,0,1,1,0,0,0,0,5.424E+20,5.95642E+21,9.64306E+15,5.37547E+16
4522,4523,1,0,61,46,2016,7,12,2,2,5,3,0,0,1,0,0,0,1,0,5.33142E+20,5.97606E+21,9.50478E+15,5.39318E+16
4523,4524,1,0,54,20,2016,9,19,3,2,6,4,0,0,0,1,1,0,0,0,4.99161E+20,6.05014E+21,8.98702E+15,5.45987E+16
4524,4525,1,0,53,125,2016,8,5,4,3,7,7,0,0,0,0,0,1,0,0,6.03477E+20,5.93628E+21,1.05624E+16,5.35652E+16
4525,4526,1,0,55,32,2016,7,11,3,3,2,6,0,0,0,1,0,0,0,1,6.17848E+20,5.99658E+21,1.08024E+16,5.41039E+16
4526,4527,1,0,55,32,2016,8,14,4,3,0,2,0,0,1,1,0,0,0,0,6.17314E+20,5.99612E+21,1.07941E+16,5.40999E+16
4527,4528,1,0,60,88,2016,9,14,7,3,0,7,0,0,1,0,0,0,0,0,5.77409E+20,5.97253E+21,1.0178E+16,5.38954E+16
4528,4529,1,0,60,7,2016,7,14,6,3,2,6,0,0,0,1,0,0,0,0,5.77041E+20,5.97532E+21,1.01731E+16,5.39206E+16
4529,4530,1,0,3,0,2016,7,12,6,3,2,6,0,0,0,1,0,0,0,0,6.11556E+20,5.9696E+21,1.06964E+16,5.38628E+16
4530,4531,1,0,3,0,2016,8,16,7,3,2,6,0,0,0,1,0,1,0,0,6.09901E+20,5.97146E+21,1.06719E+16,5.38799E+16
4531,4532,1,0,60,39,2016,7,18,2,2,8,7,0,0,0,0,0,1,0,0,5.65128E+20,5.9606E+21,9.98861E+15,5.37899E+16
4532,4533,1,0,56,48,2016,8,5,4,3,2,6,1,1,0,1,0,0,0,1,5.49878E+20,5.95226E+21,9.7558E+15,5.37166E+16
4533,4534,1,0,2,0,2016,9,8,6,3,5,2,0,0,1,1,0,0,0,0,5.7066E+20,6.01741E+21,1.00858E+16,5.42997E+16
4534,4535,1,0,54,138,2016,7,13,1,3,2,1,0,0,0,1,0,0,0,0,4.89941E+20,6.01318E+21,8.84556E+15,5.42664E+16
4535,4536,1,0,54,168,2016,9,14,1,3,0,7,0,0,1,0,0,0,0,0,4.59291E+20,6.08377E+21,8.36519E+15,5.48993E+16
4536,4537,1,0,62,5,2016,7,7,5,3,4,6,0,0,0,1,0,0,0,0,5.78334E+20,5.95749E+21,1.01882E+16,5.37602E+16
4537,4538,1,0,61,70,2016,7,8,2,3,9,7,0,0,0,1,0,0,0,0,5.26993E+20,5.97898E+21,9.41139E+15,5.39585E+16
4538,4539,1,0,2,0,2016,8,19,2,2,5,2,0,0,1,1,0,0,0,0,5.74339E+20,6.02691E+21,1.01447E+16,5.43845E+16
4539,4540,1,0,2,0,2016,9,16,4,3,2,6,0,0,0,1,0,0,0,0,5.72624E+20,6.02223E+21,1.01171E+16,5.43428E+16
4540,4541,1,0,56,15,2016,8,18,1,3,2,6,0,0,0,1,0,0,0,0,5.43475E+20,5.95581E+21,9.65928E+15,5.37491E+16
4541,4542,1,0,59,37,2016,9,14,6,3,5,2,0,0,0,1,0,0,0,0,5.33432E+20,6.05878E+21,9.51845E+15,5.46753E+16
4542,4543,1,0,4,0,2016,9,22,1,2,6,1,2,1,0,1,1,0,0,0,5.64529E+20,5.99242E+21,9.98624E+15,5.40759E+16
4543,4544,1,0,1,0,2016,7,17,5,3,5,2,0,0,1,1,0,0,0,0,5.264E+20,6.07248E+21,9.41066E+15,5.47988E+16
4544,4545,1,0,62,16,2016,8,11,7,3,5,2,0,1,0,1,0,0,0,0,5.83572E+20,5.95874E+21,1.0268E+16,5.37705E+16
4545,4546,1,0,62,4,2016,9,16,4,3,8,1,0,0,0,1,0,0,0,0,5.86611E+20,5.96215E+21,1.03151E+16,5.38007E+16
4546,4547,1,0,60,95,2016,7,21,2,2,2,6,0,0,0,1,0,0,0,1,5.54446E+20,5.97176E+21,9.82847E+15,5.38914E+16
4547,4548,1,0,51,137,2016,8,15,5,3,2,2,0,0,0,1,0,0,0,0,5.02494E+20,5.99407E+21,9.03814E+15,5.40948E+16
4548,4549,1,0,60,64,2016,8,15,3,3,5,2,0,0,0,1,0,0,0,0,5.61446E+20,5.96715E+21,9.93403E+15,5.38492E+16
4549,4550,1,0,1,0,2016,8,17,4,3,2,3,0,0,0,1,0,0,0,1,5.26325E+20,6.07E+21,9.40926E+15,5.47765E+16
4550,4551,1,0,58,54,2016,9,17,5,3,5,3,0,0,0,1,0,1,0,0,5.36799E+20,6.02022E+21,9.56587E+15,5.43285E+16
4551,4552,1,0,3,0,2016,8,10,2,3,5,2,0,0,0,1,0,1,0,1,6.10124E+20,5.96996E+21,1.06747E+16,5.38665E+16
4552,4553,1,0,55,12,2016,8,11,5,2,8,1,0,0,1,0,0,0,0,0,6.07211E+20,5.99997E+21,1.0641E+16,5.41367E+16
4553,4554,1,0,51,30,2016,9,20,6,3,5,2,1,0,0,1,0,0,0,0,5.08601E+20,6.01496E+21,9.13211E+15,5.42825E+16
4554,4555,1,0,56,2,2016,7,21,2,2,0,7,1,0,1,0,0,0,0,0,5.48571E+20,5.9602E+21,9.73724E+15,5.37881E+16
4555,4556,1,0,54,109,2016,8,5,1,3,8,1,1,0,0,1,0,0,0,0,4.90716E+20,6.07049E+21,8.85564E+15,5.47815E+16
4556,4557,1,0,3,0,2016,8,5,6,3,5,3,0,1,0,1,0,0,0,0,6.07601E+20,5.96873E+21,1.06359E+16,5.38559E+16
4557,4558,1,0,3,0,2016,9,13,2,3,5,2,0,0,1,1,0,0,0,0,6.10117E+20,5.96992E+21,1.06746E+16,5.38661E+16
4558,4559,1,0,62,4,2016,8,14,7,3,5,3,0,0,1,1,0,0,0,0,5.89446E+20,5.96237E+21,1.03582E+16,5.38022E+16
4559,4560,1,0,54,149,2016,9,16,5,3,0,7,0,0,1,1,0,0,0,0,4.57336E+20,6.0886E+21,8.334E+15,5.49426E+16
4560,4561,1,0,59,75,2016,8,15,4,3,5,2,0,1,0,1,0,0,0,0,5.35655E+20,6.04176E+21,9.55085E+15,5.45221E+16
4561,4562,1,0,54,121,2016,9,3,7,3,9,1,2,1,0,1,0,0,0,0,5.0015E+20,6.05338E+21,9.00233E+15,5.46278E+16
4562,4563,1,0,62,45,2016,8,13,6,3,3,2,0,0,0,1,0,1,0,0,5.92696E+20,5.94747E+21,1.0403E+16,5.36677E+16
4563,4564,1,0,53,27,2016,9,6,2,3,2,6,0,0,0,1,0,0,0,1,6.00931E+20,5.93274E+21,1.05229E+16,5.35339E+16
4564,4565,1,0,54,33,2016,8,15,2,3,2,6,0,0,0,1,0,0,0,0,5.05433E+20,6.02521E+21,9.08364E+15,5.43747E+16
4565,4566,1,0,4,0,2016,7,14,6,3,2,6,0,0,0,1,0,0,0,0,5.6553E+20,5.98988E+21,1.0001E+16,5.4053E+16
4566,4567,1,0,59,109,2016,9,15,3,2,5,3,0,0,0,1,0,0,0,0,5.51593E+20,6.06551E+21,9.80125E+15,5.47342E+16
4567,4568,1,0,55,1,2016,8,10,2,3,5,3,0,0,0,1,0,0,0,1,6.03685E+20,5.98601E+21,1.05823E+16,5.4012E+16
4568,4569,1,0,60,63,2016,7,23,7,3,0,7,2,0,0,0,0,1,0,0,5.65407E+20,5.95592E+21,9.99186E+15,5.37478E+16
4569,4570,1,0,3,0,2016,8,11,4,3,5,3,0,0,0,1,0,0,0,1,6.0904E+20,5.96728E+21,1.06573E+16,5.38425E+16
4570,4571,1,0,62,82,2016,9,5,5,3,1,5,2,0,0,1,0,0,0,0,5.92152E+20,5.94002E+21,1.03926E+16,5.36009E+16
4571,4572,1,0,51,72,2016,8,11,6,3,0,5,0,0,0,1,0,0,0,0,5.0024E+20,5.978E+21,9.00366E+15,5.39504E+16
4572,4573,1,0,62,86,2016,7,17,2,2,5,3,0,0,1,1,0,0,0,0,5.88599E+20,5.93625E+21,1.03378E+16,5.35676E+16
4573,4574,1,0,58,92,2016,7,11,5,3,5,2,0,0,0,1,0,1,0,0,5.71339E+20,6.02246E+21,1.00974E+16,5.4345E+16
4574,4575,1,0,1,0,2016,9,1,1,2,9,1,2,0,0,1,0,0,0,0,5.27796E+20,6.06796E+21,9.43193E+15,5.47581E+16
4575,4576,1,0,62,78,2016,9,16,4,3,9,1,0,0,0,1,0,0,0,1,5.86984E+20,5.94942E+21,1.03171E+16,5.36862E+16
4576,4577,1,0,56,21,2016,9,7,5,2,4,6,0,0,0,1,0,0,0,0,5.60167E+20,5.95116E+21,9.91148E+15,5.37056E+16
4577,4578,1,0,60,34,2016,7,15,4,3,9,1,0,0,0,1,0,0,0,0,5.71737E+20,5.97508E+21,1.00923E+16,5.39192E+16
4578,4579,1,0,53,107,2016,7,9,4,3,0,6,0,0,1,0,0,0,1,0,6.21768E+20,5.94744E+21,1.08428E+16,5.36615E+16
4579,4580,1,0,2,0,2016,8,1,5,3,5,3,2,1,0,0,0,1,0,1,5.74705E+20,6.01525E+21,1.01474E+16,5.42797E+16
4580,4581,1,0,55,1,2016,9,16,1,3,8,6,0,0,0,1,0,1,0,0,6.04726E+20,5.98409E+21,1.05975E+16,5.39945E+16
4581,4582,1,0,53,90,2016,8,10,6,3,2,7,0,0,0,1,0,0,0,0,6.11934E+20,5.94396E+21,1.06928E+16,5.36324E+16
4582,4583,1,0,62,9,2016,8,12,4,3,2,6,0,1,0,1,0,0,0,0,5.80878E+20,5.93608E+21,1.02212E+16,5.35674E+16
4583,4584,1,0,2,0,2016,9,11,7,3,5,3,0,0,0,1,0,1,0,0,5.73355E+20,6.01874E+21,1.01275E+16,5.43112E+16
4584,4585,1,0,60,63,2016,7,19,1,3,5,2,0,1,0,1,0,0,0,0,5.6766E+20,5.95131E+21,1.0025E+16,5.37061E+16
4585,4586,1,0,56,30,2016,9,17,1,2,0,1,0,0,0,0,0,1,0,0,5.45203E+20,5.95945E+21,9.68602E+15,5.37817E+16
4586,4587,1,0,51,33,2016,8,8,7,3,9,1,0,0,0,1,0,0,0,0,4.97127E+20,6.00114E+21,8.956E+15,5.41583E+16
4587,4588,1,0,60,54,2016,9,6,6,3,6,4,1,0,0,1,1,0,0,0,5.58427E+20,5.96958E+21,9.88861E+15,5.38714E+16
4588,4589,1,0,51,49,2016,8,14,5,3,8,6,0,0,0,1,0,0,0,1,5.11003E+20,6.01364E+21,9.16895E+15,5.42705E+16
4589,4590,1,0,3,0,2016,9,9,4,3,5,3,0,0,1,1,0,0,0,0,6.18513E+20,5.97505E+21,1.08042E+16,5.39103E+16
4590,4591,1,0,53,20,2016,7,5,2,3,4,6,1,0,0,1,0,0,0,0,6.05506E+20,5.92803E+21,1.05903E+16,5.34906E+16
4591,4592,1,0,60,27,2016,9,8,2,3,5,3,0,1,0,1,0,0,0,0,5.63952E+20,5.98143E+21,9.97511E+15,5.39773E+16
4592,4593,1,0,54,43,2016,8,16,4,2,5,2,0,0,0,1,0,1,0,0,5.0099E+20,6.04341E+21,9.0153E+15,5.45382E+16
4593,4594,1,0,2,0,2016,8,12,4,3,0,2,0,0,1,1,0,0,0,0,5.72753E+20,6.02108E+21,1.01188E+16,5.43324E+16
4594,4595,1,0,62,35,2016,7,16,7,3,2,6,0,0,0,1,0,0,0,0,5.87738E+20,5.94574E+21,1.03275E+16,5.36531E+16
4595,4596,1,0,60,12,2016,9,13,7,3,5,3,0,0,1,1,0,0,0,0,5.80351E+20,5.99211E+21,1.02279E+16,5.40709E+16
4596,4597,1,0,57,28,2016,7,10,6,2,5,3,0,0,0,1,0,1,0,0,5.89015E+20,6.0261E+21,1.03704E+16,5.43749E+16
4597,4598,1,0,59,107,2016,8,21,7,3,0,1,2,1,1,0,0,0,0,0,5.24549E+20,6.05403E+21,9.38031E+15,5.46331E+16
4598,4599,1,0,3,0,2016,7,13,2,3,5,3,0,0,0,1,0,0,0,0,6.0929E+20,5.97258E+21,1.0663E+16,5.38901E+16
4599,4600,1,0,54,123,2016,9,8,6,3,3,6,0,0,0,1,0,0,0,0,5.14813E+20,6.05204E+21,9.22938E+15,5.46156E+16
4600,4601,1,0,2,0,2016,7,15,4,3,5,2,0,0,0,1,0,0,0,0,5.73402E+20,6.01919E+21,1.01284E+16,5.43153E+16
4601,4602,1,0,55,40,2016,9,15,2,3,0,3,0,0,1,1,0,0,0,0,6.08449E+20,5.97259E+21,1.06502E+16,5.38904E+16
4602,4603,1,0,3,0,2016,8,17,3,3,5,3,0,0,0,1,0,1,0,0,6.1094E+20,5.96909E+21,1.06868E+16,5.38584E+16
4603,4604,1,0,3,0,2016,9,3,1,3,0,1,2,0,0,0,0,1,0,0,6.08577E+20,5.96627E+21,1.06499E+16,5.38336E+16
4604,4605,1,0,58,126,2016,8,13,6,1,9,1,0,0,0,1,0,0,0,0,5.67786E+20,6.02098E+21,1.00424E+16,5.43322E+16
4605,4606,1,0,54,87,2016,9,12,4,3,3,2,0,0,1,1,0,0,0,0,4.67232E+20,6.06067E+21,8.49163E+15,5.46923E+16
4606,4607,1,0,51,22,2016,9,14,5,3,5,3,0,0,0,1,0,0,0,1,5.08575E+20,5.97938E+21,9.13069E+15,5.39627E+16
4607,4608,1,0,56,39,2016,7,14,4,3,5,3,0,0,1,1,0,0,0,0,5.52431E+20,5.94693E+21,9.79358E+15,5.36685E+16
4608,4609,1,0,53,136,2016,7,8,4,2,5,3,0,0,0,1,0,1,0,0,6.19424E+20,5.95067E+21,1.08086E+16,5.3691E+16
4609,4610,1,0,58,28,2016,8,12,5,3,5,3,0,0,0,1,0,0,0,0,5.58122E+20,6.01952E+21,9.89356E+15,5.43202E+16
4610,4611,1,0,53,100,2016,9,16,1,3,9,1,0,0,0,0,0,1,0,0,6.14344E+20,5.95181E+21,1.07321E+16,5.37024E+16
4611,4612,1,0,60,2,2016,8,16,2,3,8,7,0,0,0,1,0,0,0,0,5.62015E+20,5.95953E+21,9.94115E+15,5.37806E+16
4612,4613,1,0,56,44,2016,8,11,4,3,2,2,0,0,0,1,0,0,0,0,5.56376E+20,5.93919E+21,9.85188E+15,5.35985E+16
4613,4614,1,0,62,4,2016,7,16,2,3,9,1,0,1,0,1,0,0,0,0,5.87013E+20,5.96077E+21,1.03208E+16,5.37882E+16
4614,4615,1,0,60,62,2016,9,15,2,3,9,7,0,0,0,0,0,0,0,1,5.86154E+20,5.9697E+21,1.03102E+16,5.38686E+16
4615,4616,1,0,54,144,2016,8,17,1,2,8,1,0,0,0,1,0,0,0,0,5.06634E+20,6.04513E+21,9.10258E+15,5.45537E+16
4616,4617,1,0,62,56,2016,8,10,6,3,8,7,0,0,0,1,0,0,0,0,5.91288E+20,5.95817E+21,1.03849E+16,5.37641E+16
4617,4618,1,0,53,81,2016,9,3,4,3,8,7,2,0,0,1,0,0,0,0,6.08276E+20,5.94836E+21,1.06391E+16,5.36727E+16
4618,4619,1,0,62,22,2016,7,16,2,2,0,7,0,0,0,0,0,1,0,0,5.88837E+20,5.94109E+21,1.03428E+16,5.36111E+16
4619,4620,1,0,60,27,2016,9,7,3,3,3,6,0,0,0,1,0,0,1,0,5.61353E+20,5.98364E+21,9.93594E+15,5.39974E+16
4620,4621,1,0,4,0,2016,8,12,4,3,5,3,0,0,1,1,0,0,0,0,5.63658E+20,5.9919E+21,9.97282E+15,5.40714E+16
4621,4622,1,0,3,0,2016,7,15,3,3,5,3,0,0,1,1,0,0,0,0,6.13235E+20,5.96969E+21,1.07219E+16,5.38633E+16
4622,4623,1,0,58,101,2016,8,7,4,3,6,4,0,0,0,0,0,1,0,1,5.45592E+20,6.0023E+21,9.69834E+15,5.41667E+16
4623,4624,1,0,61,46,2016,7,0,7,3,5,2,2,0,0,1,0,0,0,0,5.33861E+20,5.97397E+21,9.5155E+15,5.3913E+16
4624,4625,1,0,53,100,2016,9,14,7,3,8,1,0,0,1,1,0,0,0,0,6.17742E+20,5.95134E+21,1.07834E+16,5.36975E+16
4625,4626,1,0,55,32,2016,7,15,6,3,2,6,0,0,0,1,0,1,0,0,6.17848E+20,5.99658E+21,1.08024E+16,5.41039E+16
4626,4627,1,0,4,0,2016,7,12,6,2,2,6,0,0,0,1,0,0,0,0,5.62126E+20,5.9917E+21,9.94938E+15,5.40698E+16
4627,4628,1,0,57,73,2016,8,15,7,3,2,6,0,0,0,1,0,0,0,0,5.90848E+20,6.03096E+21,1.04001E+16,5.44183E+16
4628,4629,1,0,62,27,2016,7,15,2,3,2,6,0,0,0,1,0,0,1,0,5.88503E+20,5.9527E+21,1.03411E+16,5.37154E+16
4629,4630,1,0,59,187,2016,9,15,6,3,0,1,0,0,1,0,0,0,0,0,5.52979E+20,6.04878E+21,9.81975E+15,5.45838E+16
4630,4631,1,0,2,0,2016,7,16,4,3,3,6,0,0,1,0,0,0,0,0,5.75876E+20,6.01989E+21,1.01666E+16,5.43212E+16
4631,4632,1,0,62,56,2016,9,17,2,3,0,1,0,0,1,0,0,0,0,0,5.9358E+20,5.95638E+21,1.04191E+16,5.37477E+16
4632,4633,1,0,61,71,2016,9,15,7,3,5,3,0,0,0,1,0,1,0,0,5.42133E+20,5.97933E+21,9.64217E+15,5.39606E+16
4633,4634,1,0,55,46,2016,7,13,5,1,2,6,0,0,0,1,0,1,0,1,6.38348E+20,6.03647E+21,1.11342E+16,5.4457E+16
4634,4635,1,0,62,61,2016,7,15,2,3,8,7,0,0,0,1,0,0,0,0,5.9614E+20,5.96445E+21,1.04604E+16,5.38197E+16
4635,4636,1,0,54,46,2016,8,17,2,3,0,1,0,1,1,0,0,0,0,0,4.54056E+20,6.06974E+21,8.2858E+15,5.47727E+16
4636,4637,1,0,51,1,2016,9,16,3,3,4,6,0,0,0,1,0,0,0,0,5.18623E+20,5.9979E+21,9.28499E+15,5.41289E+16
4637,4638,1,0,60,5,2016,8,20,1,3,2,6,2,1,0,1,0,0,0,0,5.84222E+20,5.97713E+21,1.02829E+16,5.39357E+16
4638,4639,1,0,62,9,2016,9,17,6,3,2,6,0,0,0,1,0,1,0,0,5.80131E+20,5.93808E+21,1.02105E+16,5.35854E+16
4639,4640,1,0,54,164,2016,9,3,1,3,8,1,2,1,0,1,0,0,0,0,4.71594E+20,6.06108E+21,8.55925E+15,5.46963E+16
4640,4641,1,0,51,16,2016,7,17,4,2,4,2,0,0,0,0,0,1,0,1,5.159E+20,5.98256E+21,9.24251E+15,5.39911E+16
4641,4642,1,0,55,18,2016,8,2,7,3,6,6,2,0,1,0,1,0,0,0,6.33283E+20,6.01112E+21,1.10448E+16,5.42307E+16
4642,4643,1,0,56,15,2016,9,16,3,3,5,3,0,0,1,1,0,0,0,1,5.42832E+20,5.95635E+21,9.6496E+15,5.3754E+16
4643,4644,1,0,62,82,2016,7,7,2,3,5,3,0,1,1,1,0,0,0,0,5.9215E+20,5.9416E+21,1.0393E+16,5.36151E+16
4644,4645,1,0,2,0,2016,8,12,3,3,2,6,0,0,0,1,0,0,0,0,5.73384E+20,6.01872E+21,1.0128E+16,5.43111E+16
4645,4646,1,0,58,58,2016,7,10,7,3,6,2,0,1,0,1,1,0,0,0,5.6321E+20,6.02927E+21,9.97385E+15,5.44073E+16
4646,4647,1,0,3,0,2016,8,16,3,3,2,6,0,0,0,1,0,0,0,0,6.10805E+20,5.96781E+21,1.06843E+16,5.38469E+16
4647,4648,1,0,51,98,2016,8,5,3,3,0,1,2,1,0,0,0,1,0,0,5.12485E+20,5.99563E+21,9.19096E+15,5.41086E+16
4648,4649,1,0,2,0,2016,9,16,5,2,1,5,0,0,1,1,0,0,0,0,5.73371E+20,6.01911E+21,1.01279E+16,5.43146E+16
4649,4650,1,0,58,80,2016,8,14,5,3,4,6,0,0,1,0,0,0,0,0,5.53581E+20,6.03038E+21,9.82572E+15,5.44183E+16
4650,4651,1,0,60,64,2016,9,6,6,3,2,6,2,0,0,1,0,0,0,0,5.60728E+20,5.96787E+21,9.92327E+15,5.38557E+16
4651,4652,1,0,3,0,2016,7,5,2,3,5,3,0,0,1,1,0,0,0,0,6.11095E+20,5.96879E+21,1.06891E+16,5.38557E+16
4652,4653,1,0,60,27,2016,8,4,1,3,8,7,2,0,0,1,0,0,0,0,5.61102E+20,5.98491E+21,9.93236E+15,5.40089E+16
4653,4654,1,0,58,135,2016,8,11,6,3,2,6,0,1,0,1,0,0,0,0,5.43173E+20,6.01656E+21,9.66333E+15,5.42951E+16
4654,4655,1,0,58,43,2016,9,10,2,3,5,3,0,0,1,1,0,0,0,0,5.54717E+20,6.0336E+21,9.84382E+15,5.44471E+16