FID,OBJECTID,ULAND,UREGBEZ,UKREIS,UGEMEINDE,UJAHR,UMONAT,USTUNDE,UWOCHENTAG,UKATEGORIE,UART,UTYP1,ULICHTVERH,IstStrasse,IstRad,IstPKW,IstFuss,IstKrad,IstGkfz,IstSonstig,LINREFX,LINREFY,XGCSWGS84,YGCSWGS84
4655,4656,1,0,58,77,2016,8,17,7,3,5,2,0,0,0,1,0,0,0,1,5.4335E+20,5.99349E+21,9.66273E+15,5.40878E+16
4656,4657,1,0,58,98,2016,9,13,5,3,2,6,0,0,0,1,0,0,0,1,5.62903E+20,5.99977E+21,9.96292E+15,5.41422E+16
4657,4658,1,0,51,44,2016,8,15,3,3,5,2,0,0,0,1,0,0,0,0,5.06838E+20,6.00535E+21,9.10481E+15,5.41961E+16
4658,4659,1,0,4,0,2016,9,14,7,3,2,6,0,0,0,1,0,0,0,0,5.62056E+20,5.99694E+21,9.94937E+15,5.41169E+16
4659,4660,1,0,3,0,2016,8,21,6,3,5,3,1,0,0,1,0,0,0,0,6.09758E+20,5.9704E+21,1.06693E+16,5.38705E+16
4660,4661,1,0,3,0,2016,9,18,2,3,5,3,0,0,1,1,0,0,0,0,6.11042E+20,5.97355E+21,1.069E+16,5.38985E+16
4661,4662,1,0,62,8,2016,8,19,2,3,3,6,0,1,0,1,0,0,1,0,5.99619E+20,5.96458E+21,1.05133E+16,5.38202E+16
4662,4663,1,0,61,46,2016,8,14,5,3,8,1,0,1,0,1,0,0,0,0,5.33664E+20,5.9755E+21,9.51268E+15,5.39268E+16
4663,4664,1,0,2,0,2016,7,13,6,3,5,7,0,0,1,1,0,0,0,0,5.73462E+20,6.02137E+21,1.01298E+16,5.43349E+16
4664,4665,1,0,61,10,2016,9,6,2,3,4,6,1,0,0,1,0,0,0,0,5.29086E+20,5.9767E+21,9.44306E+15,5.39378E+16
4665,4666,1,0,4,0,2016,8,19,2,3,4,6,0,1,0,1,0,0,1,0,5.61477E+20,5.98881E+21,9.93887E+15,5.40438E+16
4666,4667,1,0,3,0,2016,7,2,7,3,4,1,2,1,1,0,0,1,0,0,6.21836E+20,5.98029E+21,1.08569E+16,5.39566E+16
4667,4668,1,0,55,28,2016,8,14,4,3,0,1,0,0,1,0,0,0,0,0,6.01571E+20,6.00381E+21,1.0556E+16,5.41723E+16
4668,4669,1,0,58,56,2016,9,16,5,2,8,6,0,0,0,0,0,1,1,0,5.27107E+20,6.01857E+21,9.41667E+15,5.43142E+16
4669,4670,1,0,60,68,2016,8,15,6,3,0,1,0,0,0,0,0,1,0,0,5.77789E+20,5.98463E+21,1.01869E+16,5.40041E+16
4670,4671,1,0,55,41,2016,7,8,2,3,3,2,0,0,0,1,0,1,0,0,6.1079E+20,5.99363E+21,1.06935E+16,5.40789E+16
4671,4672,1,0,2,0,2016,7,17,5,3,5,2,0,0,1,1,0,0,0,0,5.72474E+20,6.02112E+21,1.01146E+16,5.43328E+16
4672,4673,1,0,56,15,2016,9,10,7,3,5,2,0,1,1,1,0,0,0,0,5.42968E+20,5.95576E+21,9.65159E+15,5.37487E+16
4673,4674,1,0,56,32,2016,9,15,3,3,9,1,0,0,1,0,0,0,0,0,5.52218E+20,5.94964E+21,9.79082E+15,5.36928E+16
4674,4675,1,0,58,135,2016,9,21,5,3,5,2,2,0,0,1,0,0,0,0,5.4169E+20,6.01893E+21,9.64089E+15,5.43165E+16
4675,4676,1,0,3,0,2016,7,15,4,3,4,7,0,0,0,1,0,0,0,1,6.1849E+20,5.97482E+21,1.08038E+16,5.39082E+16
4676,4677,1,0,55,33,2016,7,12,4,3,8,6,0,0,0,1,0,0,0,0,6.22095E+20,6.0155E+21,1.0875E+16,5.42728E+16
4677,4678,1,0,3,0,2016,8,12,3,3,0,1,0,1,0,0,0,1,0,0,6.11218E+20,5.97194E+21,1.06921E+16,5.38839E+16
4678,4679,1,0,59,62,2016,8,9,5,3,9,7,0,0,0,1,0,0,0,0,5.34799E+20,6.04452E+21,9.53796E+15,5.4547E+16
4679,4680,1,0,2,0,2016,9,19,1,3,6,6,1,0,1,0,1,0,0,0,5.73969E+20,6.01965E+21,1.01372E+16,5.43194E+16
4680,4681,1,0,58,43,2016,8,22,1,3,0,1,2,1,1,0,0,0,0,0,5.54757E+20,6.03489E+21,9.84468E+15,5.44587E+16
4681,4682,1,0,55,32,2016,8,13,4,3,2,6,0,0,0,1,0,0,0,0,6.1938E+20,5.99912E+21,1.08268E+16,5.41264E+16
4682,4683,1,0,62,4,2016,9,5,7,3,9,1,2,1,0,1,0,0,0,0,5.93951E+20,5.96117E+21,1.04262E+16,5.37906E+16
4683,4684,1,0,60,36,2016,7,11,1,3,5,3,0,0,1,1,0,0,0,0,5.65244E+20,5.97291E+21,9.99298E+15,5.39005E+16
4684,4685,1,0,62,4,2016,9,2,1,3,0,1,2,0,1,0,0,0,0,0,5.90128E+20,5.96315E+21,1.03688E+16,5.38091E+16
4685,4686,1,0,55,15,2016,7,8,2,3,9,1,0,0,0,1,0,0,0,0,6.26063E+20,6.01987E+21,1.09378E+16,5.43112E+16
4686,4687,1,0,58,110,2016,9,15,6,3,2,6,0,0,0,1,0,0,0,0,5.60285E+20,6.03263E+21,9.92948E+15,5.44378E+16
4687,4688,1,0,60,63,2016,8,11,5,3,4,2,0,0,0,1,0,0,0,0,5.64818E+20,5.94861E+21,9.9814E+15,5.36822E+16
4688,4689,1,0,58,43,2016,9,12,4,3,6,3,0,0,0,1,1,0,0,0,5.54138E+20,6.03446E+21,9.83505E+15,5.4455E+16
4689,4690,1,0,3,0,2016,7,14,2,3,1,5,0,0,1,0,0,0,1,0,6.12669E+20,5.97014E+21,1.07135E+16,5.38675E+16
4690,4691,1,0,51,38,2016,8,13,3,3,9,1,0,0,0,1,0,0,0,0,5.00016E+20,6.01857E+21,9.00024E+15,5.4315E+16
4691,4692,1,0,2,0,2016,7,19,4,3,5,3,0,0,0,1,0,1,0,0,5.75154E+20,6.01884E+21,1.01552E+16,5.43119E+16
4692,4693,1,0,2,0,2016,8,8,4,3,5,2,0,0,0,1,0,0,0,0,5.73469E+20,6.02422E+21,1.01306E+16,5.43605E+16
4693,4694,1,0,55,4,2016,7,20,7,3,2,6,0,0,0,1,0,0,0,0,6.1105E+20,5.97429E+21,1.06904E+16,5.39051E+16
4694,4695,1,0,61,12,2016,9,14,6,3,0,1,0,0,1,0,0,0,0,0,5.27047E+20,5.96175E+21,9.41069E+15,5.38036E+16
4695,4696,1,0,54,19,2016,7,7,6,3,5,2,0,0,0,1,0,0,0,1,4.97812E+20,6.05207E+21,8.96611E+15,5.46161E+16
4696,4697,1,0,55,44,2016,8,16,7,3,9,7,0,0,0,0,0,0,0,1,6.13331E+20,5.98661E+21,1.07296E+16,5.40153E+16
4697,4698,1,0,58,135,2016,7,16,2,3,3,6,0,0,0,1,0,0,0,1,5.4328E+20,6.01678E+21,9.66501E+15,5.42971E+16
4698,4699,1,0,61,30,2016,9,7,5,3,2,6,0,0,0,1,0,0,0,0,5.36067E+20,5.96607E+21,9.54815E+15,5.38419E+16
4699,4700,1,0,4,0,2016,9,16,2,3,0,6,0,0,0,0,0,1,0,1,5.64568E+20,5.99198E+21,9.98674E+15,5.40719E+16
4700,4701,1,0,3,0,2016,8,12,3,3,6,6,0,0,1,0,1,0,0,0,6.14682E+20,5.97071E+21,1.07443E+16,5.38722E+16
4701,4702,1,0,3,0,2016,9,14,7,3,5,3,0,0,1,1,0,0,0,0,6.14341E+20,5.97525E+21,1.07408E+16,5.39131E+16
4702,4703,1,0,58,127,2016,7,17,2,2,0,1,0,0,1,0,0,0,0,0,5.38922E+20,6.02635E+21,9.5993E+15,5.43835E+16
4703,4704,1,0,60,41,2016,8,12,1,3,2,6,0,0,0,1,0,0,0,0,5.83457E+20,5.97515E+21,1.02707E+16,5.3918E+16
4704,4705,1,0,2,0,2016,9,18,3,2,5,3,0,0,1,0,0,0,0,0,5.73318E+20,6.02357E+21,1.01282E+16,5.43547E+16
4705,4706,1,0,2,0,2016,8,16,1,2,6,7,0,1,0,1,1,0,0,0,5.74574E+20,6.0207E+21,1.01467E+16,5.43287E+16
4706,4707,1,0,56,36,2016,9,12,5,3,5,3,0,0,1,1,0,0,0,0,5.44535E+20,5.94721E+21,9.67413E+15,5.36717E+16
4707,4708,1,0,56,41,2016,8,17,4,3,3,6,0,1,0,1,0,0,0,0,5.62619E+20,5.95545E+21,9.94948E+15,5.3744E+16
4708,4709,1,0,61,119,2016,9,12,7,3,5,3,0,0,0,1,0,1,0,0,5.21057E+20,5.97837E+21,9.32089E+15,5.39533E+16
4709,4710,1,0,54,116,2016,8,17,7,2,8,1,0,0,0,0,0,1,0,0,5.12551E+20,6.02918E+21,9.19338E+15,5.44102E+16
4710,4711,1,0,2,0,2016,9,12,3,3,0,2,0,0,0,1,0,0,0,1,5.7388E+20,6.02002E+21,1.01359E+16,5.43227E+16
4711,4712,1,0,61,118,2016,8,17,2,3,3,2,0,0,1,1,0,0,0,0,5.34187E+20,5.95701E+21,9.51858E+15,5.37606E+16
4712,4713,1,0,54,119,2016,7,4,7,3,8,6,1,1,0,1,0,0,0,0,5.09389E+20,6.02428E+21,9.14451E+15,5.43662E+16
4713,4714,1,0,2,0,2016,8,16,3,3,0,1,0,0,1,0,0,0,0,0,5.7736E+20,6.02058E+21,1.01896E+16,5.43272E+16
4714,4715,1,0,58,29,2016,8,21,3,2,4,6,2,0,0,1,0,0,0,0,5.37003E+20,6.00696E+21,9.56736E+15,5.42093E+16
4715,4716,1,0,62,82,2016,7,12,1,2,0,1,0,1,1,0,0,0,0,0,5.92409E+20,5.94008E+21,1.03965E+16,5.36014E+16
4716,4717,1,0,54,96,2016,8,10,5,3,8,1,0,0,0,1,0,0,0,0,5.10562E+20,6.03421E+21,9.16291E+15,5.44555E+16
4717,4718,1,0,58,135,2016,9,7,6,2,0,1,0,1,0,0,0,1,0,0,5.40217E+20,6.01883E+21,9.61822E+15,5.43158E+16
4718,4719,1,0,56,43,2016,8,19,7,3,2,6,0,1,0,1,0,0,0,0,5.54817E+20,5.94525E+21,9.8294E+15,5.36531E+16
4719,4720,1,0,4,0,2016,7,21,2,3,1,5,0,0,0,1,0,0,0,0,5.62863E+20,5.99098E+21,9.96049E+15,5.40632E+16
4720,4721,1,0,54,95,2016,7,14,6,3,9,7,0,1,0,1,0,0,0,0,4.969E+20,6.02364E+21,8.95229E+15,5.43606E+16
4721,4722,1,0,3,0,2016,9,14,2,2,8,7,0,0,0,0,0,1,0,0,6.15216E+20,5.97532E+21,1.07541E+16,5.39134E+16
4722,4723,1,0,61,113,2016,8,9,6,3,2,2,0,0,0,1,0,0,0,1,5.25106E+20,5.97515E+21,9.38232E+15,5.39241E+16
4723,4724,1,0,3,0,2016,9,15,4,3,3,6,0,0,0,1,0,0,0,0,6.06901E+20,5.96936E+21,1.06255E+16,5.38617E+16
4724,4725,1,0,3,0,2016,8,16,3,3,3,6,0,0,1,1,0,0,0,0,6.11181E+20,5.9715E+21,1.06913E+16,5.388E+16
4725,4726,1,0,62,87,2016,9,11,6,2,6,7,0,0,1,0,1,0,0,0,5.98967E+20,5.96942E+21,1.05049E+16,5.38638E+16
4726,4727,1,0,56,31,2016,9,18,7,3,5,3,0,0,1,1,0,0,0,0,5.45325E+20,5.95662E+21,9.68746E+15,5.37562E+16
4727,4728,1,0,2,0,2016,7,8,2,3,3,6,0,0,0,0,0,0,1,1,5.73598E+20,6.01784E+21,1.0131E+16,5.43031E+16
4728,4729,1,0,61,11,2016,8,13,1,3,2,6,0,0,0,1,0,0,0,0,5.23694E+20,5.98999E+21,9.36197E+15,5.40576E+16
4729,4730,1,0,53,116,2016,9,8,3,3,5,3,0,0,1,0,0,0,0,0,5.97777E+20,5.92912E+21,1.04742E+16,5.35019E+16
4730,4731,1,0,53,116,2016,8,13,1,2,4,2,0,0,0,1,0,1,0,0,5.98899E+20,5.92897E+21,1.0491E+16,5.35004E+16
4731,4732,1,0,51,102,2016,9,15,5,3,5,3,0,0,0,1,0,1,0,0,5.06333E+20,6.01782E+21,9.09733E+15,5.43082E+16
4732,4733,1,0,4,0,2016,9,14,1,3,8,7,0,0,0,1,0,0,0,1,5.61914E+20,5.99662E+21,9.94714E+15,5.4114E+16
4733,4734,1,0,60,36,2016,7,5,4,3,7,7,1,0,0,1,0,0,0,0,5.6533E+20,5.97292E+21,9.99429E+15,5.39006E+16
4734,4735,1,0,3,0,2016,8,14,7,3,1,6,0,0,0,1,0,0,0,0,6.09941E+20,5.96914E+21,1.06716E+16,5.38591E+16
4735,4736,1,0,3,0,2016,9,21,3,3,5,7,2,0,0,1,0,0,0,0,6.09762E+20,5.97039E+21,1.06694E+16,5.38704E+16
4736,4737,1,0,57,21,2016,8,19,3,2,3,6,0,0,0,1,0,1,0,0,6.00526E+20,6.01412E+21,1.05435E+16,5.42652E+16
4737,4738,1,0,57,70,2016,7,17,7,2,8,1,0,0,0,0,0,1,0,0,5.85724E+20,6.01078E+21,1.03153E+16,5.42379E+16
4738,4739,1,0,58,135,2016,8,15,3,3,5,3,0,0,0,1,0,1,0,0,5.44786E+20,6.01792E+21,9.68832E+15,5.43072E+16
4739,4740,1,0,62,60,2016,8,15,3,3,5,2,0,0,0,1,0,0,0,0,5.81437E+20,5.93E+21,1.02281E+16,5.35126E+16
4740,4741,1,0,51,110,2016,7,19,1,3,8,7,0,0,0,1,0,0,0,0,5.14943E+20,5.98907E+21,9.22823E+15,5.40497E+16
4741,4742,1,0,54,76,2016,9,16,5,3,2,2,0,0,1,0,0,0,0,0,4.98251E+20,6.06947E+21,8.97282E+15,5.47724E+16
4742,4743,1,0,4,0,2016,8,16,5,3,5,3,0,0,0,1,0,0,0,0,5.64794E+20,5.99128E+21,9.99004E+15,5.40657E+16
4743,4744,1,0,55,40,2016,9,14,6,3,5,2,0,0,0,1,0,0,0,0,6.07768E+20,5.9742E+21,1.06404E+16,5.3905E+16
4744,4745,1,0,2,0,2016,7,18,2,3,5,3,0,0,1,0,0,0,0,1,5.7414E+20,6.01773E+21,1.01393E+16,5.43021E+16
4745,4746,1,0,59,42,2016,8,13,6,3,5,3,0,1,0,1,0,0,0,0,5.31037E+20,6.04772E+21,9.48015E+15,5.45761E+16
4746,4747,1,0,2,0,2016,9,12,2,3,5,3,0,0,1,1,0,0,0,0,5.7366E+20,6.02244E+21,1.01331E+16,5.43445E+16
4747,4748,1,0,54,93,2016,8,10,7,3,5,2,0,0,0,1,0,0,0,1,4.90087E+20,6.05753E+21,8.84632E+15,5.46651E+16
4748,4749,1,0,56,39,2016,9,15,4,3,4,6,0,0,0,1,0,1,0,1,5.51124E+20,5.94384E+21,9.77329E+15,5.36409E+16
4749,4750,1,0,60,44,2016,8,7,3,3,5,3,0,0,0,1,0,0,0,0,5.63148E+20,5.96651E+21,9.95977E+15,5.38432E+16
4750,4751,1,0,56,41,2016,9,10,6,2,4,6,0,0,0,1,0,0,0,1,5.60159E+20,5.95568E+21,9.91224E+15,5.37463E+16
4751,4752,1,0,2,0,2016,8,23,6,3,0,1,2,0,1,0,0,0,0,0,5.73727E+20,6.0207E+21,1.01337E+16,5.43288E+16
4752,4753,1,0,4,0,2016,9,7,2,3,5,2,0,0,0,1,0,1,0,0,5.65356E+20,5.99016E+21,9.9984E+15,5.40556E+16
4753,4754,1,0,55,28,2016,8,15,2,2,0,1,0,0,1,0,0,0,0,0,6.03739E+20,6.00834E+21,1.05908E+16,5.42126E+16
4754,4755,1,0,62,71,2016,8,15,5,3,5,3,0,1,0,1,0,0,1,0,5.80854E+20,5.94141E+21,1.02223E+16,5.36152E+16
4755,4756,1,0,53,32,2016,9,20,2,2,0,1,2,1,0,0,0,1,0,0,5.93236E+20,5.92265E+21,1.04038E+16,5.34446E+16
4756,4757,1,0,57,21,2016,8,21,2,2,9,1,2,1,0,1,0,0,0,0,5.98175E+20,6.02E+21,1.05093E+16,5.43184E+16
4757,4758,1,0,4,0,2016,7,18,7,3,0,7,0,0,1,0,0,0,0,0,5.64296E+20,5.99772E+21,9.9838E+15,5.41236E+16
4758,4759,1,0,58,139,2016,8,12,4,3,5,3,0,0,1,1,0,0,0,0,5.66736E+20,6.0124E+21,1.00244E+16,5.42552E+16
4759,4760,1,0,57,28,2016,9,6,5,3,5,3,0,0,0,1,0,0,0,0,5.89148E+20,6.02607E+21,1.03724E+16,5.43746E+16
4760,4761,1,0,3,0,2016,8,1,6,3,0,1,2,0,0,0,0,0,1,0,6.12396E+20,5.96721E+21,1.07083E+16,5.38412E+16
4761,4762,1,0,57,66,2016,7,12,2,3,2,7,0,0,0,1,0,0,0,0,5.84223E+20,6.01519E+21,1.02935E+16,5.42777E+16
4762,4763,1,0,56,43,2016,7,6,5,2,2,6,0,0,0,1,0,0,0,0,5.57656E+20,5.94255E+21,9.87185E+15,5.36286E+16
4763,4764,1,0,62,6,2016,9,11,7,3,2,6,0,0,0,1,0,0,0,0,5.83248E+20,5.95524E+21,1.02621E+16,5.37391E+16
4764,4765,1,0,62,60,2016,9,16,3,3,5,3,0,0,1,1,0,0,0,0,5.846E+20,5.93511E+21,1.02772E+16,5.3558E+16
4765,4766,1,0,2,0,2016,9,15,5,3,4,6,0,0,1,0,0,0,0,0,5.73027E+20,6.01971E+21,1.01227E+16,5.432E+16
4766,4767,1,0,4,0,2016,7,9,4,3,2,6,0,0,0,1,0,0,0,1,5.6439E+20,5.99089E+21,9.98379E+15,5.40622E+16
4767,4768,1,0,61,49,2016,8,23,4,3,5,3,2,0,0,1,0,0,0,0,5.46429E+20,5.97762E+21,9.70737E+15,5.39449E+16
4768,4769,1,0,54,168,2016,8,8,3,3,5,3,0,0,0,1,0,0,0,0,4.56584E+20,6.08573E+21,8.3227E+15,5.49167E+16
4769,4770,1,0,59,10,2016,9,16,1,3,2,6,0,0,0,1,0,0,0,0,5.2929E+20,6.05043E+21,9.45339E+15,5.46005E+16
4770,4771,1,0,2,0,2016,8,6,1,3,7,7,0,0,1,0,0,0,0,0,5.73424E+20,6.01977E+21,1.01288E+16,5.43205E+16
4771,4772,1,0,2,0,2016,7,13,3,3,2,6,0,0,0,1,0,0,0,0,5.7141E+20,6.02065E+21,1.00981E+16,5.43287E+16
4772,4773,1,0,58,117,2016,8,13,4,3,2,6,0,0,0,1,0,0,0,0,5.55528E+20,6.00124E+21,9.85031E+15,5.41562E+16
4773,4774,1,0,60,63,2016,9,17,6,3,2,6,0,0,0,1,0,0,0,1,5.65723E+20,5.94847E+21,9.99507E+15,5.36809E+16
4774,4775,1,0,3,0,2016,7,15,1,3,5,3,0,0,1,1,0,1,0,0,6.12598E+20,5.9702E+21,1.07124E+16,5.38681E+16
4775,4776,1,0,3,0,2016,9,16,1,3,6,4,0,0,0,1,1,0,0,0,6.18603E+20,5.97558E+21,1.08058E+16,5.3915E+16
4776,4777,1,0,57,9,2016,7,10,2,2,2,6,0,0,0,1,0,0,0,0,5.94944E+20,6.00091E+21,1.04536E+16,5.41475E+16
4777,4778,1,0,62,60,2016,8,13,2,3,5,2,0,0,0,1,0,0,0,1,5.82959E+20,5.93448E+21,1.02522E+16,5.35527E+16
4778,4779,1,0,58,40,2016,9,19,6,2,0,1,0,0,0,0,0,1,0,0,5.62039E+20,6.04775E+21,9.9597E+15,5.45735E+16
4779,4780,1,0,53,116,2016,8,20,5,3,5,3,0,0,0,1,0,0,0,0,5.9884E+20,5.93025E+21,1.04905E+16,5.35119E+16
4780,4781,1,0,2,0,2016,9,7,4,3,5,3,0,0,1,1,0,0,0,0,5.72752E+20,6.02108E+21,1.01188E+16,5.43324E+16
4781,4782,1,0,2,0,2016,7,15,2,3,2,6,0,0,0,1,0,0,0,0,5.74384E+20,6.02052E+21,1.01438E+16,5.43271E+16
4782,4783,1,0,2,0,2016,8,18,6,3,0,7,0,0,1,0,0,0,0,0,5.73851E+20,6.02039E+21,1.01356E+16,5.4326E+16
4783,4784,1,0,59,183,2016,8,16,4,3,5,2,0,0,0,1,0,0,0,0,5.2145E+20,6.07004E+21,9.33347E+15,5.47771E+16
4784,4785,1,0,56,14,2016,9,6,6,3,8,7,1,0,0,0,0,1,0,0,5.51414E+20,5.95146E+21,9.77894E+15,5.37093E+16
4785,4786,1,0,59,10,2016,8,11,7,3,2,6,0,0,0,1,0,0,0,0,5.29218E+20,6.05058E+21,9.45229E+15,5.46018E+16
4786,4787,1,0,2,0,2016,7,22,2,3,0,2,2,0,1,0,0,1,0,0,5.73775E+20,6.02368E+21,1.01352E+16,5.43555E+16
4787,4788,1,0,60,14,2016,9,18,5,2,4,6,0,0,0,0,0,1,0,1,5.7417E+20,5.9796E+21,1.01304E+16,5.39594E+16
4788,4789,1,0,2,0,2016,9,9,2,3,5,2,0,1,1,1,0,0,0,0,5.73814E+20,6.02049E+21,1.0135E+16,5.43269E+16
4789,4790,1,0,59,68,2016,8,11,3,3,4,6,0,0,0,1,0,0,0,0,5.55631E+20,6.05544E+21,9.86205E+15,5.46433E+16
4790,4791,1,0,3,0,2016,9,15,7,3,2,1,0,0,0,1,0,1,0,0,6.10141E+20,5.96993E+21,1.0675E+16,5.38662E+16
4791,4792,1,0,54,87,2016,7,10,2,2,3,2,0,0,0,1,0,0,0,0,4.68767E+20,6.0607E+21,8.51544E+15,5.46926E+16
4792,4793,1,0,55,37,2016,8,13,1,3,5,3,0,0,0,1,0,1,0,0,6.24337E+20,5.9998E+21,1.09029E+16,5.41313E+16
4793,4794,1,0,59,118,2016,9,18,3,3,4,6,0,0,1,0,0,0,0,0,5.40855E+20,6.06842E+21,9.63492E+15,5.47613E+16
4794,4795,1,0,59,176,2016,8,14,1,3,8,7,0,1,0,1,0,0,0,0,5.35001E+20,6.07499E+21,9.54474E+15,5.48208E+16
4795,4796,1,0,53,96,2016,9,17,5,3,0,1,0,0,0,0,0,1,0,0,6.04246E+20,5.94674E+21,1.05775E+16,5.3659E+16
4796,4797,1,0,55,35,2016,8,19,4,3,2,6,0,1,0,1,0,0,0,0,6.13742E+20,5.9788E+21,1.0733E+16,5.39451E+16
4797,4798,1,0,62,62,2016,9,3,7,3,9,1,2,1,0,1,0,0,0,0,5.94703E+20,5.95801E+21,1.04366E+16,5.37621E+16
4798,4799,1,0,59,10,2016,8,11,7,3,2,6,0,1,0,1,0,0,0,0,5.29544E+20,6.04988E+21,9.45726E+15,5.45955E+16
4799,4800,1,0,59,45,2016,9,11,3,1,5,1,0,0,0,0,0,0,0,1,5.60728E+20,6.05731E+21,9.94141E+15,5.46595E+16
4800,4801,1,0,53,32,2016,8,13,2,3,2,6,0,0,0,1,0,0,1,0,5.92041E+20,5.92164E+21,1.03855E+16,5.34358E+16
4801,4802,1,0,61,116,2016,7,15,6,3,2,6,0,0,0,1,0,0,0,0,5.4928E+20,5.97608E+21,9.75056E+15,5.39308E+16
4802,4803,1,0,59,67,2016,8,16,3,2,8,1,0,0,0,1,0,0,0,0,5.54435E+20,6.0589E+21,9.84415E+15,5.46745E+16
4803,4804,1,0,59,187,2016,8,11,3,3,0,6,0,0,1,0,0,0,0,0,5.52944E+20,6.04886E+21,9.81922E+15,5.45844E+16
4804,4805,1,0,53,32,2016,7,11,1,2,7,1,0,1,1,0,0,0,0,0,5.87724E+20,5.9216E+21,1.03205E+16,5.34362E+16
4805,4806,1,0,54,61,2016,8,14,5,3,2,6,0,0,0,1,0,0,0,0,4.57886E+20,6.09002E+21,8.34238E+15,5.49553E+16
4806,4807,1,0,59,184,2016,9,12,6,2,5,3,0,0,1,1,0,0,0,0,5.28222E+20,6.06214E+21,9.43798E+15,5.47057E+16
4807,4808,1,0,3,0,2016,8,7,7,3,0,7,0,1,0,0,0,1,0,0,6.12744E+20,5.97231E+21,1.07154E+16,5.3887E+16
4808,4809,1,0,54,68,2016,7,14,2,3,5,3,0,0,1,1,0,0,0,0,4.92517E+20,6.07322E+21,8.88359E+15,5.48061E+16
4809,4810,1,0,58,128,2016,7,14,6,3,2,6,0,0,0,1,0,0,0,1,5.6075E+20,5.98927E+21,9.92787E+15,5.40481E+16
4810,4811,1,0,51,35,2016,9,7,1,2,9,1,0,0,0,1,0,0,0,0,5.1353E+20,6.00536E+21,9.20738E+15,5.41961E+16
4811,4812,1,0,56,15,2016,8,6,6,3,0,6,0,0,1,0,0,0,0,0,5.42573E+20,5.95678E+21,9.64574E+15,5.37579E+16
4812,4813,1,0,58,52,2016,9,13,4,2,8,1,0,0,0,0,0,0,1,0,5.45741E+20,6.03769E+21,9.70604E+15,5.44847E+16
4813,4814,1,0,3,0,2016,9,20,6,3,5,3,1,0,1,1,0,0,0,0,6.10049E+20,5.9694E+21,1.06734E+16,5.38614E+16
4814,4815,1,0,60,63,2016,8,19,5,3,5,3,0,0,0,1,0,0,0,0,5.65805E+20,5.94858E+21,9.99632E+15,5.36818E+16
4815,4816,1,0,55,35,2016,9,7,2,2,8,7,0,0,0,0,0,0,0,1,6.13681E+20,5.98339E+21,1.07338E+16,5.39863E+16
4816,4817,1,0,54,56,2016,8,15,2,3,0,7,0,0,1,1,0,0,0,0,5.03682E+20,6.03633E+21,9.05682E+15,5.44746E+16
4817,4818,1,0,2,0,2016,8,13,5,3,2,6,0,0,0,1,0,0,0,0,5.73665E+20,6.01786E+21,1.01321E+16,5.43033E+16
4818,4819,1,0,2,0,2016,9,13,2,3,5,2,0,0,1,1,0,0,0,0,5.73985E+20,6.01989E+21,1.01375E+16,5.43215E+16
4819,4820,1,0,58,99,2016,8,11,1,3,2,6,0,0,0,1,0,0,0,0,5.57468E+20,6.04222E+21,9.88792E+15,5.45243E+16
4820,4821,1,0,60,23,2016,9,17,4,3,5,3,0,0,1,0,0,0,0,1,5.58594E+20,5.97667E+21,9.89252E+15,5.39351E+16
4821,4822,1,0,54,149,2016,8,15,6,3,2,6,0,0,0,1,0,0,0,1,4.57268E+20,6.08843E+21,8.33296E+15,5.4941E+16
4822,4823,1,0,61,40,2016,9,16,4,3,0,1,0,0,1,0,0,0,0,0,5.34614E+20,5.98241E+21,9.52792E+15,5.39889E+16
4823,4824,1,0,54,168,2016,7,12,2,3,8,1,0,0,1,0,0,0,0,0,4.54476E+20,6.07609E+21,8.29132E+15,5.48299E+16
4824,4825,1,0,54,149,2016,9,16,3,3,2,6,0,0,0,1,0,0,0,0,4.58395E+20,6.08749E+21,8.35068E+15,5.49327E+16
4825,4826,1,0,60,38,2016,8,15,4,2,5,3,0,0,0,1,0,1,0,0,5.71432E+20,5.97733E+21,1.00882E+16,5.39394E+16
4826,4827,1,0,62,36,2016,7,0,3,3,8,1,2,0,0,1,0,0,0,0,5.80982E+20,5.95266E+21,1.02271E+16,5.37163E+16
4827,4828,1,0,3,0,2016,8,16,4,3,2,6,0,0,0,1,0,0,0,0,6.11226E+20,5.97193E+21,1.06922E+16,5.38839E+16
4828,4829,1,0,56,43,2016,9,17,7,2,5,3,0,0,1,1,0,0,0,0,5.5529E+20,5.945E+21,9.83651E+15,5.36508E+16
4829,4830,1,0,60,49,2016,7,12,6,3,2,6,0,0,0,1,0,1,0,0,5.86824E+20,5.98019E+21,1.03234E+16,5.39628E+16
4830,4831,1,0,3,0,2016,8,22,7,3,0,3,2,1,0,1,0,1,0,0,6.07982E+20,5.96739E+21,1.06413E+16,5.38438E+16
4831,4832,1,0,51,81,2016,7,16,2,3,2,6,0,0,0,1,0,0,0,0,5.01469E+20,6.00409E+21,9.02251E+15,5.41849E+16
4832,4833,1,0,58,144,2016,8,14,4,3,2,6,0,0,0,1,0,0,0,0,5.62899E+20,6.00198E+21,9.96333E+15,5.4162E+16
4833,4834,1,0,4,0,2016,9,14,6,3,1,5,0,0,0,1,0,0,1,0,5.64423E+20,5.99542E+21,9.98527E+15,5.41029E+16
4834,4835,1,0,58,54,2016,7,13,1,3,2,6,0,0,0,1,0,0,0,0,5.39262E+20,6.01726E+21,9.60334E+15,5.43017E+16
4835,4836,1,0,1,0,2016,9,17,1,3,0,2,0,0,1,1,0,0,0,0,5.27886E+20,6.07159E+21,9.43368E+15,5.47908E+16
4836,4837,1,0,53,112,2016,7,17,5,3,2,6,0,0,0,1,0,0,0,0,5.93279E+20,5.94986E+21,1.04126E+16,5.36891E+16
4837,4838,1,0,59,24,2016,7,21,2,1,8,7,0,0,0,1,0,0,0,0,5.23694E+20,6.01844E+21,9.36421E+15,5.43133E+16
4838,4839,1,0,2,0,2016,8,17,2,3,2,6,0,1,0,1,0,0,1,0,5.78118E+20,6.021E+21,1.02013E+16,5.43308E+16
4839,4840,1,0,54,163,2016,8,17,6,3,3,6,0,0,1,0,0,0,0,0,4.70154E+20,6.06197E+21,8.53683E+15,5.47042E+16