FID,OBJECTID,ULAND,UREGBEZ,UKREIS,UGEMEINDE,UJAHR,UMONAT,USTUNDE,UWOCHENTAG,UKATEGORIE,UART,UTYP1,ULICHTVERH,IstStrasse,IstRad,IstPKW,IstFuss,IstKrad,IstGkfz,IstSonstig,LINREFX,LINREFY,XGCSWGS84,YGCSWGS84
4840,4841,1,0,2,0,2016,9,16,2,3,2,6,0,0,0,1,0,0,1,0,5.74539E+20,6.01459E+21,1.01447E+16,5.42738E+16
4841,4842,1,0,4,0,2016,8,16,2,3,8,1,0,0,1,0,0,0,0,0,5.65193E+20,5.98976E+21,9.99582E+15,5.40519E+16
4842,4843,1,0,3,0,2016,8,16,5,3,5,2,0,0,1,1,0,0,0,0,6.09424E+20,5.97096E+21,1.06644E+16,5.38755E+16
4843,4844,1,0,58,104,2016,9,19,2,3,5,3,2,0,0,1,0,0,0,0,5.67364E+20,6.01925E+21,1.00356E+16,5.43167E+16
4844,4845,1,0,56,31,2016,8,22,1,3,5,3,2,0,1,1,0,0,0,0,5.46372E+20,5.95667E+21,9.70335E+15,5.37566E+16
4845,4846,1,0,59,112,2016,9,9,5,3,1,7,0,0,1,1,0,0,0,0,5.57815E+20,6.06707E+21,9.89818E+15,5.47476E+16
4846,4847,1,0,4,0,2016,8,11,6,2,0,1,0,0,0,0,0,1,0,0,5.6568E+20,5.99187E+21,1.00037E+16,5.40709E+16
4847,4848,1,0,55,35,2016,7,16,2,2,8,1,0,0,0,0,0,0,0,1,6.13861E+20,5.98123E+21,1.07357E+16,5.39669E+16
4848,4849,1,0,2,0,2016,9,11,3,3,6,4,0,0,1,0,1,0,0,0,5.73016E+20,6.02103E+21,1.01229E+16,5.43319E+16
4849,4850,1,0,2,0,2016,9,13,5,3,8,1,0,1,0,1,0,0,0,0,5.71786E+20,6.01914E+21,1.01035E+16,5.43151E+16
4850,4851,1,0,60,70,2016,7,10,4,3,2,6,0,0,0,1,0,0,0,0,5.83718E+20,5.9786E+21,1.02756E+16,5.3949E+16
4851,4852,1,0,62,16,2016,8,8,4,3,3,6,0,0,0,1,0,0,1,0,5.82658E+20,5.95827E+21,1.0254E+16,5.37665E+16
4852,4853,1,0,56,41,2016,7,11,2,3,8,1,0,0,0,0,0,0,1,0,5.62367E+20,5.95485E+21,9.94555E+15,5.37385E+16
4853,4854,1,0,61,104,2016,8,16,2,3,2,6,0,0,0,1,0,0,0,1,5.37836E+20,5.9663E+21,9.57506E+15,5.38438E+16
4854,4855,1,0,56,15,2016,9,11,7,3,2,6,0,0,0,1,0,0,0,0,5.42754E+20,5.95648E+21,9.64844E+15,5.37552E+16
4855,4856,1,0,60,64,2016,7,15,7,3,2,6,0,0,0,1,0,0,0,0,5.61484E+20,5.96695E+21,9.93457E+15,5.38474E+16
4856,4857,1,0,58,3,2016,8,20,1,3,2,6,0,0,0,1,0,0,0,0,5.44041E+20,6.02377E+21,9.67774E+15,5.43598E+16
4857,4858,1,0,54,161,2016,7,12,3,3,2,6,0,0,0,1,0,0,0,1,5.03576E+20,6.03098E+21,9.05512E+15,5.44266E+16
4858,4859,1,0,54,118,2016,8,23,4,3,8,7,2,1,0,1,0,0,0,0,5.08941E+20,6.03885E+21,9.13805E+15,5.44972E+16
4859,4860,1,0,3,0,2016,9,5,6,2,5,3,2,0,1,1,0,0,0,0,6.10698E+20,5.96829E+21,1.06828E+16,5.38513E+16
4860,4861,1,0,4,0,2016,7,11,1,3,3,6,0,0,0,1,0,0,0,0,5.64554E+20,5.99095E+21,9.98632E+15,5.40627E+16
4861,4862,1,0,57,57,2016,9,12,1,3,2,6,0,0,0,1,0,0,0,0,5.91384E+20,6.00275E+21,1.03997E+16,5.41647E+16
4862,4863,1,0,62,89,2016,7,12,6,3,2,6,0,0,0,1,0,0,0,0,5.89124E+20,5.95459E+21,1.0351E+16,5.37323E+16
4863,4864,1,0,60,28,2016,7,17,1,3,9,7,0,0,0,1,0,0,0,0,5.72621E+20,5.98585E+21,1.01083E+16,5.40158E+16
4864,4865,1,0,55,33,2016,8,15,2,3,4,6,0,0,1,0,0,0,0,0,6.23522E+20,6.01751E+21,1.08978E+16,5.42906E+16
4865,4866,1,0,57,25,2016,8,6,2,3,0,1,0,1,0,0,0,1,0,0,5.79707E+20,6.02536E+21,1.02269E+16,5.43698E+16
4866,4867,1,0,57,91,2016,9,21,6,3,3,6,2,0,0,1,0,0,0,1,5.81524E+20,6.01473E+21,1.0252E+16,5.4274E+16
4867,4868,1,0,60,53,2016,9,19,1,3,2,6,0,1,0,1,0,0,0,0,5.82551E+20,5.96982E+21,1.02555E+16,5.38703E+16
4868,4869,1,0,2,0,2016,8,13,5,3,5,2,0,0,1,1,0,0,0,0,5.73775E+20,6.02058E+21,1.01344E+16,5.43277E+16
4869,4870,1,0,54,56,2016,9,7,4,3,0,1,0,1,0,0,0,1,0,0,5.0288E+20,6.03933E+21,9.04447E+15,5.45015E+16
4870,4871,1,0,56,41,2016,7,17,1,3,9,1,0,0,0,0,0,1,0,0,5.58053E+20,5.95589E+21,9.88034E+15,5.37484E+16
4871,4872,1,0,54,76,2016,8,2,6,3,8,7,2,0,1,0,0,0,0,0,4.97733E+20,6.06963E+21,8.96475E+15,5.47738E+16
4872,4873,1,0,61,44,2016,8,9,3,3,5,2,0,0,1,1,0,0,0,0,5.40975E+20,5.96237E+21,9.62225E+15,5.38083E+16
4873,4874,1,0,59,51,2016,8,15,4,3,9,1,0,0,0,0,0,0,1,0,5.30897E+20,6.03328E+21,9.47647E+15,5.44462E+16
4874,4875,1,0,60,5,2016,9,13,6,3,5,3,0,0,1,1,0,0,0,0,5.84129E+20,5.97645E+21,1.02813E+16,5.39296E+16
4875,4876,1,0,53,3,2016,8,13,6,3,2,2,0,1,0,1,0,0,0,0,5.87168E+20,5.93209E+21,1.03151E+16,5.35305E+16
4876,4877,1,0,55,32,2016,9,13,5,3,0,7,0,0,1,0,0,0,0,0,6.18198E+20,5.99685E+21,1.08079E+16,5.41062E+16
4877,4878,1,0,54,168,2016,9,17,2,2,4,6,0,0,1,0,0,0,0,0,4.59046E+20,6.08448E+21,8.36127E+15,5.49057E+16
4878,4879,1,0,62,76,2016,8,16,2,3,5,2,0,0,0,1,0,0,0,0,5.72558E+20,5.95381E+21,1.00998E+16,5.37279E+16
4879,4880,1,0,62,5,2016,8,7,5,3,5,2,0,0,0,1,0,1,0,0,5.77897E+20,5.95804E+21,1.01818E+16,5.37652E+16
4880,4881,1,0,58,135,2016,9,17,7,3,5,3,0,0,0,1,0,0,0,0,5.40932E+20,6.0182E+21,9.62913E+15,5.43101E+16
4881,4882,1,0,56,48,2016,7,18,1,2,2,6,0,0,0,1,0,0,0,0,5.49672E+20,5.9521E+21,9.75265E+15,5.37152E+16
4882,4883,1,0,3,0,2016,8,14,1,3,5,2,0,0,1,0,0,0,0,1,6.10123E+20,5.96991E+21,1.06747E+16,5.38659E+16
4883,4884,1,0,56,44,2016,9,16,2,3,2,6,0,0,0,1,0,0,0,0,5.56288E+20,5.93921E+21,9.85056E+15,5.35987E+16
4884,4885,1,0,55,4,2016,8,11,1,3,2,6,0,0,0,1,0,0,0,0,6.12196E+20,5.97532E+21,1.07082E+16,5.39141E+16
4885,4886,1,0,3,0,2016,9,17,5,3,3,6,0,0,1,0,0,0,0,1,6.10183E+20,5.96994E+21,1.06756E+16,5.38662E+16
4886,4887,1,0,58,173,2016,8,8,4,2,4,6,0,0,0,1,0,0,0,1,5.51552E+20,6.03516E+21,9.79529E+15,5.44614E+16
4887,4888,1,0,58,162,2016,9,10,7,3,3,6,0,0,0,1,0,0,0,0,5.61816E+20,6.0478E+21,9.95625E+15,5.45739E+16
4888,4889,1,0,60,58,2016,8,16,6,3,2,6,0,0,0,1,0,0,0,0,5.74978E+20,5.96152E+21,1.01383E+16,5.37968E+16
4889,4890,1,0,61,26,2016,9,16,2,3,5,2,0,0,0,1,0,0,0,0,5.33543E+20,5.9632E+21,9.50947E+15,5.38163E+16
4890,4891,1,0,2,0,2016,8,11,2,3,0,7,0,1,1,0,0,0,0,0,5.73694E+20,6.02207E+21,1.01336E+16,5.43412E+16
4891,4892,1,0,60,63,2016,7,7,6,3,5,3,0,0,0,1,0,0,0,0,5.68169E+20,5.94868E+21,1.00321E+16,5.36824E+16
4892,4893,1,0,51,44,2016,8,12,2,3,5,3,0,0,1,1,0,0,0,0,5.07656E+20,6.0055E+21,9.11735E+15,5.41975E+16
4893,4894,1,0,61,46,2016,8,11,2,3,3,6,0,0,0,1,0,0,0,1,5.33638E+20,5.97503E+21,9.51222E+15,5.39226E+16
4894,4895,1,0,2,0,2016,7,15,1,3,1,1,0,0,0,0,0,1,0,1,5.73045E+20,6.0196E+21,1.0123E+16,5.43191E+16
4895,4896,1,0,60,63,2016,8,15,4,3,2,6,0,0,0,1,0,0,0,0,5.67734E+20,5.95324E+21,1.00266E+16,5.37235E+16
4896,4897,1,0,61,102,2016,9,6,5,2,5,3,1,0,0,1,0,0,0,0,5.28204E+20,5.97587E+21,9.42955E+15,5.39305E+16
4897,4898,1,0,57,16,2016,8,11,7,3,5,2,0,0,0,1,0,0,0,0,5.86153E+20,6.01859E+21,1.03241E+16,5.43079E+16
4898,4899,1,0,53,100,2016,7,11,1,3,2,7,0,0,0,1,0,0,0,0,6.16419E+20,5.95152E+21,1.07634E+16,5.36994E+16
4899,4900,1,0,56,32,2016,7,6,5,3,3,6,0,0,0,1,0,1,0,0,5.5203E+20,5.95063E+21,9.78814E+15,5.37017E+16
4900,4901,1,0,62,69,2016,9,0,1,3,8,1,2,0,0,1,0,0,0,0,5.8652E+20,5.94354E+21,1.03085E+16,5.36335E+16
4901,4902,1,0,3,0,2016,8,13,6,3,2,6,0,0,0,1,0,0,0,0,6.10047E+20,5.96939E+21,1.06734E+16,5.38614E+16
4902,4903,1,0,2,0,2016,9,18,4,3,5,3,0,0,1,1,0,0,0,0,5.73395E+20,6.02068E+21,1.01286E+16,5.43286E+16
4903,4904,1,0,54,168,2016,9,18,6,3,5,2,0,1,1,1,0,0,0,0,4.55914E+20,6.0847E+21,8.31239E+15,5.49074E+16
4904,4905,1,0,3,0,2016,7,16,4,3,5,2,0,0,0,1,0,1,0,0,6.12395E+20,5.97072E+21,1.07095E+16,5.38728E+16
4905,4906,1,0,3,0,2016,8,10,5,3,2,6,0,0,1,0,0,0,0,0,6.101E+20,5.96997E+21,1.06744E+16,5.38665E+16
4906,4907,1,0,60,29,2016,9,17,1,3,4,6,0,0,0,1,0,0,0,0,5.80838E+20,5.96638E+21,1.02285E+16,5.38397E+16
4907,4908,1,0,53,60,2016,8,17,2,3,2,6,0,0,0,1,0,0,0,0,5.94308E+20,5.93545E+21,1.04238E+16,5.35595E+16
4908,4909,1,0,51,44,2016,8,18,4,3,2,6,0,0,0,1,0,0,0,0,5.07185E+20,6.00678E+21,9.11016E+15,5.42089E+16
4909,4910,1,0,53,56,2016,7,12,2,2,2,6,0,0,0,0,0,0,1,0,6.08581E+20,5.93488E+21,1.0639E+16,5.35516E+16
4910,4911,1,0,54,76,2016,9,17,2,3,5,3,0,0,1,1,0,0,0,0,4.97558E+20,6.06974E+21,8.96204E+15,5.47749E+16
4911,4912,1,0,1,0,2016,8,13,1,3,5,3,0,0,0,1,0,0,0,0,5.26908E+20,6.07372E+21,9.41868E+15,5.48099E+16
4912,4913,1,0,59,159,2016,8,14,6,3,2,6,0,0,0,1,0,0,0,0,5.29022E+20,6.05757E+21,9.44995E+15,5.46647E+16
4913,4914,1,0,56,15,2016,9,22,4,3,6,2,2,0,0,1,1,0,0,0,5.43657E+20,5.95579E+21,9.66205E+15,5.37489E+16
4914,4915,1,0,53,14,2016,7,15,1,2,2,6,0,0,0,1,0,0,0,0,6.07808E+20,5.94086E+21,1.06294E+16,5.36054E+16
4915,4916,1,0,59,75,2016,9,10,3,3,5,2,0,0,1,1,0,0,0,0,5.35085E+20,6.04024E+21,9.54188E+15,5.45085E+16
4916,4917,1,0,55,21,2016,8,11,4,3,0,3,0,0,0,1,0,1,0,0,6.28987E+20,6.0267E+21,1.09856E+16,5.43718E+16
4917,4918,1,0,3,0,2016,7,13,3,3,5,3,0,0,1,0,0,1,0,0,6.10861E+20,5.97274E+21,1.06869E+16,5.38913E+16
4918,4919,1,0,58,117,2016,8,14,4,3,2,2,0,0,0,1,0,0,0,0,5.56017E+20,6.00244E+21,9.85802E+15,5.41669E+16
4919,4920,1,0,56,43,2016,7,19,1,3,2,6,0,0,0,1,0,0,0,0,5.54281E+20,5.94528E+21,9.8213E+15,5.36535E+16
4920,4921,1,0,61,44,2016,9,17,7,3,5,3,0,0,0,1,0,0,0,1,5.41095E+20,5.96215E+21,9.62403E+15,5.38063E+16
4921,4922,1,0,56,36,2016,7,12,6,3,5,3,0,0,1,0,0,0,0,1,5.44598E+20,5.94742E+21,9.6751E+15,5.36736E+16
4922,4923,1,0,3,0,2016,7,7,6,3,5,3,0,0,0,1,0,0,0,0,6.1341E+20,5.96957E+21,1.07245E+16,5.38622E+16
4923,4924,1,0,3,0,2016,8,19,7,3,8,1,0,1,0,1,0,0,0,0,6.11159E+20,5.97198E+21,1.06912E+16,5.38843E+16
4924,4925,1,0,56,5,2016,7,15,2,2,0,1,0,1,0,0,0,1,0,0,5.59719E+20,5.94767E+21,9.90402E+15,5.36743E+16
4925,4926,1,0,60,39,2016,8,10,3,2,4,2,0,0,1,1,0,0,0,0,5.64526E+20,5.95848E+21,9.97904E+15,5.37709E+16
4926,4927,1,0,54,113,2016,9,16,6,3,5,3,0,1,0,1,0,0,0,0,4.76588E+20,6.02004E+21,8.64E+15,5.43277E+16
4927,4928,1,0,54,41,2016,7,8,4,3,2,6,0,0,0,1,0,0,0,0,5.12015E+20,6.04964E+21,9.18596E+15,5.45941E+16
4928,4929,1,0,60,47,2016,9,21,2,3,4,2,2,0,0,1,0,0,0,0,5.63894E+20,5.96329E+21,9.97044E+15,5.38142E+16
4929,4930,1,0,54,35,2016,7,10,1,3,2,6,0,0,0,1,0,0,0,0,4.87189E+20,6.02053E+21,8.80298E+15,5.43325E+16
4930,4931,1,0,62,9,2016,9,15,1,3,0,6,0,0,0,1,0,0,0,0,5.7752E+20,5.9354E+21,1.01704E+16,5.35617E+16
4931,4932,1,0,3,0,2016,7,9,5,3,3,6,0,0,0,1,0,0,1,0,6.12544E+20,5.96968E+21,1.07114E+16,5.38633E+16
4932,4933,1,0,55,41,2016,7,9,1,3,2,6,0,0,0,1,0,1,0,0,6.08692E+20,5.99674E+21,1.06625E+16,5.41073E+16
4933,4934,1,0,54,168,2016,8,12,2,3,0,7,0,0,1,0,0,0,0,0,4.54891E+20,6.08166E+21,8.29691E+15,5.488E+16
4934,4935,1,0,2,0,2016,9,18,4,2,5,3,0,0,1,1,0,0,0,0,5.74112E+20,6.02786E+21,1.01414E+16,5.43931E+16
4935,4936,1,0,60,64,2016,8,5,1,2,6,4,2,1,0,1,1,0,0,0,5.60722E+20,5.96787E+21,9.92318E+15,5.38558E+16
4936,4937,1,0,1,0,2016,9,7,6,3,5,3,0,0,0,1,0,0,0,0,5.28685E+20,6.07141E+21,9.44608E+15,5.47891E+16
4937,4938,1,0,57,25,2016,9,9,1,3,2,6,0,1,0,1,0,0,0,0,5.78106E+20,6.02529E+21,1.02023E+16,5.43694E+16
4938,4939,1,0,59,186,2016,7,16,5,3,2,6,0,0,0,1,0,1,0,0,5.45196E+20,6.06939E+21,9.70252E+15,5.47697E+16
4939,4940,1,0,3,0,2016,8,20,7,3,2,6,0,0,0,1,0,1,0,0,6.1501E+20,5.96791E+21,1.07482E+16,5.3847E+16
4940,4941,1,0,61,46,2016,9,16,3,3,4,1,0,0,1,0,0,0,1,0,5.34612E+20,5.97599E+21,9.52717E+15,5.39311E+16
4941,4942,1,0,55,41,2016,7,5,1,3,8,7,0,0,0,1,0,0,0,0,6.08263E+20,5.99757E+21,1.06563E+16,5.41149E+16
4942,4943,1,0,58,175,2016,8,15,3,3,2,6,0,0,0,1,0,0,0,0,5.43265E+20,6.02831E+21,9.66646E+15,5.44007E+16
4943,4944,1,0,60,63,2016,8,16,5,2,4,7,0,0,0,1,0,0,0,0,5.6786E+20,5.95093E+21,1.0028E+16,5.37027E+16
4944,4945,1,0,55,46,2016,8,14,3,3,0,1,0,0,1,0,0,0,0,0,6.42853E+20,6.03421E+21,1.12025E+16,5.44355E+16
4945,4946,1,0,61,83,2016,8,16,4,3,2,1,0,0,0,1,0,0,0,1,5.32277E+20,5.98E+21,9.49202E+15,5.39673E+16
4946,4947,1,0,58,34,2016,9,23,5,3,5,3,2,0,1,0,0,0,0,0,5.43931E+20,6.01875E+21,9.6753E+15,5.43147E+16
4947,4948,1,0,57,8,2016,8,14,2,2,8,1,0,0,0,0,0,1,0,0,5.68222E+20,5.9919E+21,1.00426E+16,5.40708E+16
4948,4949,1,0,3,0,2016,8,14,5,2,0,1,0,0,1,0,0,0,0,0,6.06701E+20,5.96799E+21,1.0622E+16,5.38495E+16
4949,4950,1,0,56,41,2016,9,13,6,2,4,1,0,0,0,0,0,1,0,1,5.58067E+20,5.95587E+21,9.88055E+15,5.37483E+16
4950,4951,1,0,4,0,2016,7,10,1,2,5,2,0,0,0,1,0,1,0,0,5.63775E+20,5.99078E+21,9.97437E+15,5.40613E+16
4951,4952,1,0,58,169,2016,8,1,1,3,3,6,2,0,0,1,0,0,0,0,5.60573E+20,5.99309E+21,9.92593E+15,5.40824E+16
4952,4953,1,0,58,127,2016,8,7,6,2,9,1,0,1,0,1,0,0,0,0,5.40047E+20,6.02851E+21,9.61692E+15,5.44028E+16
4953,4954,1,0,3,0,2016,9,7,2,3,4,6,0,0,1,0,0,0,0,0,6.1058E+20,5.9687E+21,1.06812E+16,5.3855E+16
4954,4955,1,0,3,0,2016,8,19,7,2,5,3,0,0,1,1,0,0,0,0,6.0966E+20,5.9711E+21,1.06681E+16,5.38768E+16
4955,4956,1,0,59,10,2016,9,15,5,2,4,6,0,0,0,0,0,1,0,1,5.3101E+20,6.04783E+21,9.47974E+15,5.45771E+16
4956,4957,1,0,4,0,2016,8,10,4,2,2,6,0,1,0,1,0,0,0,1,5.60941E+20,5.99433E+21,9.93179E+15,5.40936E+16
4957,4958,1,0,54,128,2016,9,16,7,2,4,6,0,0,0,1,0,0,0,0,4.99981E+20,6.04814E+21,8.99971E+15,5.45807E+16
4958,4959,1,0,55,4,2016,8,5,6,3,2,7,1,0,0,1,0,0,0,0,6.10651E+20,5.97451E+21,1.06844E+16,5.39072E+16
4959,4960,1,0,53,2,2016,9,12,2,3,0,3,0,0,0,1,0,1,0,0,6.10072E+20,5.94275E+21,1.06642E+16,5.3622E+16
4960,4961,1,0,54,56,2016,8,11,2,3,2,6,0,0,0,1,0,0,0,0,5.0373E+20,6.03676E+21,9.05757E+15,5.44785E+16
4961,4962,1,0,61,46,2016,8,13,5,3,2,6,0,1,0,1,0,0,0,0,5.33185E+20,5.97605E+21,9.50544E+15,5.39317E+16
4962,4963,1,0,3,0,2016,9,23,4,3,0,1,2,0,1,0,0,0,0,0,6.09766E+20,5.9666E+21,1.06681E+16,5.38363E+16
4963,4964,1,0,62,25,2016,8,11,2,3,3,6,0,0,0,1,0,0,1,0,6.05693E+20,5.9673E+21,1.06065E+16,5.38435E+16
4964,4965,1,0,1,0,2016,9,15,6,3,2,6,0,0,0,1,0,0,0,0,5.25931E+20,6.06769E+21,9.40292E+15,5.47557E+16
4965,4966,1,0,3,0,2016,9,19,1,3,5,3,0,0,0,1,0,0,0,0,6.09378E+20,5.97092E+21,1.06637E+16,5.38752E+16
4966,4967,1,0,57,59,2016,7,8,5,3,8,1,0,1,0,1,0,0,0,0,5.79185E+20,6.00875E+21,1.02145E+16,5.42207E+16
4967,4968,1,0,59,145,2016,8,7,5,3,5,3,0,0,1,0,0,1,0,0,5.37127E+20,6.07513E+21,9.57784E+15,5.4822E+16
4968,4969,1,0,59,73,2016,9,10,4,3,3,6,0,0,0,1,0,1,0,0,5.42433E+20,6.0434E+21,9.65581E+15,5.45364E+16
4969,4970,1,0,2,0,2016,7,15,1,3,5,3,0,1,0,1,0,0,0,0,5.73604E+20,6.01962E+21,1.01316E+16,5.43191E+16
4970,4971,1,0,62,71,2016,8,15,6,3,2,6,0,0,0,1,0,0,0,0,5.80954E+20,5.93932E+21,1.02232E+16,5.35964E+16
4971,4972,1,0,56,48,2016,8,18,3,2,2,6,0,0,0,1,0,1,0,0,5.46557E+20,5.95085E+21,9.70527E+15,5.37043E+16
4972,4973,1,0,59,112,2016,8,16,4,3,8,7,0,0,0,1,0,0,0,0,5.59799E+20,6.066E+21,9.92878E+15,5.47377E+16
4973,4974,1,0,4,0,2016,9,13,5,3,5,2,0,0,0,1,0,0,0,0,5.65313E+20,5.99119E+21,9.99796E+15,5.40647E+16
4974,4975,1,0,53,32,2016,8,9,2,3,5,3,0,1,0,1,0,0,0,1,5.9111E+20,5.92241E+21,1.03717E+16,5.34428E+16
4975,4976,1,0,62,65,2016,8,12,5,3,0,1,0,0,1,0,0,0,0,0,5.87551E+20,5.95957E+21,1.03286E+16,5.37774E+16
4976,4977,1,0,59,183,2016,9,15,7,3,2,6,0,0,0,1,0,1,0,0,5.21936E+20,6.06961E+21,9.341E+15,5.47732E+16
4977,4978,1,0,54,109,2016,7,10,1,3,2,6,0,0,0,1,0,0,0,1,4.91699E+20,6.06856E+21,8.87098E+15,5.47642E+16
4978,4979,1,0,2,0,2016,8,8,1,3,9,1,0,1,0,1,0,0,0,0,5.75047E+20,6.01925E+21,1.01537E+16,5.43156E+16
4979,4980,1,0,56,24,2016,9,8,2,3,4,6,0,0,0,1,0,1,0,0,5.43038E+20,5.94552E+21,9.65123E+15,5.36567E+16
4980,4981,1,0,53,32,2016,8,14,7,3,2,6,0,0,0,1,0,0,0,0,5.90884E+20,5.92183E+21,1.03682E+16,5.34376E+16
4981,4982,1,0,2,0,2016,9,21,5,3,2,6,1,0,0,1,0,0,0,1,5.74324E+20,6.01773E+21,1.01422E+16,5.4302E+16
4982,4983,1,0,59,75,2016,8,14,4,3,6,4,0,1,0,1,1,0,0,0,5.35073E+20,6.03974E+21,9.54164E+15,5.45041E+16
4983,4984,1,0,2,0,2016,9,13,7,3,0,1,0,0,1,0,0,0,0,0,5.73709E+20,6.02183E+21,1.01337E+16,5.43389E+16
4984,4985,1,0,60,5,2016,8,13,6,3,2,6,0,0,0,1,0,0,0,0,5.84624E+20,5.97693E+21,1.0289E+16,5.39338E+16
4985,4986,1,0,53,6,2016,9,7,2,3,2,2,0,0,0,1,0,0,0,0,6.05054E+20,5.92025E+21,1.05809E+16,5.34208E+16
4986,4987,1,0,57,74,2016,8,8,2,3,0,3,0,0,1,1,0,0,0,0,5.78481E+20,6.02114E+21,1.02069E+16,5.4332E+16
4987,4988,1,0,3,0,2016,7,13,6,3,5,3,0,0,1,0,0,0,0,1,6.10656E+20,5.96833E+21,1.06822E+16,5.38517E+16
4988,4989,1,0,3,0,2016,8,13,2,3,5,3,0,1,1,0,0,0,0,0,6.11423E+20,5.96991E+21,1.06945E+16,5.38657E+16
4989,4990,1,0,51,21,2016,7,11,7,3,5,3,0,0,0,1,0,0,0,0,5.01833E+20,5.97659E+21,9.02792E+15,5.39377E+16
4990,4991,1,0,53,115,2016,8,18,4,3,4,6,0,0,0,1,0,0,0,0,6.01574E+20,5.92661E+21,1.05306E+16,5.34787E+16
4991,4992,1,0,60,63,2016,9,16,5,3,2,6,0,0,0,1,0,0,0,0,5.65935E+20,5.94866E+21,9.99832E+15,5.36825E+16
4992,4993,1,0,59,186,2016,8,10,7,3,0,7,0,0,1,0,0,0,0,0,5.4892E+20,6.06777E+21,9.76013E+15,5.47547E+16
4993,4994,1,0,54,132,2016,7,12,1,3,2,6,0,0,0,1,0,0,0,0,5.02884E+20,6.03235E+21,9.04446E+15,5.44388E+16
4994,4995,1,0,58,135,2016,7,12,5,3,5,2,0,0,0,1,0,0,0,0,5.42235E+20,6.01796E+21,9.64912E+15,5.43078E+16
4995,4996,1,0,58,92,2016,9,13,1,3,0,1,0,0,1,0,0,0,0,0,5.70479E+20,6.02095E+21,1.00838E+16,5.43316E+16
4996,4997,1,0,57,3,2016,8,14,6,3,2,6,0,0,0,1,0,0,0,0,5.85749E+20,6.02929E+21,1.0321E+16,5.44041E+16
4997,4998,1,0,1,0,2016,9,17,4,3,5,2,0,0,1,1,0,0,0,0,5.27938E+20,6.07142E+21,9.43448E+15,5.47892E+16
4998,4999,1,0,60,22,2016,9,13,5,3,4,2,0,0,0,1,0,0,0,0,5.79037E+20,5.97031E+21,1.02022E+16,5.38752E+16
4999,5000,1,0,60,63,2016,7,17,4,2,8,1,0,1,0,1,0,0,0,0,5.64318E+20,5.94672E+21,9.97343E+15,5.36652E+16
5000,5001,1,0,55,39,2016,7,11,4,3,0,1,0,0,1,0,0,0,0,0,6.14544E+20,5.99515E+21,1.07514E+16,5.40918E+16
5001,5002,1,0,57,62,2016,8,14,5,3,5,3,0,0,1,1,0,0,0,0,5.83734E+20,6.01048E+21,1.02847E+16,5.42355E+16
5002,5003,1,0,62,92,2016,9,17,1,1,2,3,0,0,0,0,0,1,0,1,5.87704E+20,5.96745E+21,1.03332E+16,5.38482E+16
5003,5004,1,0,51,74,2016,8,15,1,2,8,1,0,0,0,0,0,1,0,0,5.03441E+20,5.99397E+21,9.05261E+15,5.40939E+16
5004,5005,1,0,60,5,2016,8,17,4,3,5,3,0,0,0,1,0,0,0,0,5.85969E+20,5.97693E+21,1.03095E+16,5.39336E+16
5005,5006,1,0,61,43,2016,7,11,1,2,5,3,0,0,0,1,0,1,0,0,5.21685E+20,5.99029E+21,9.3313E+15,5.40604E+16
5006,5007,1,0,62,76,2016,9,17,1,2,5,3,0,0,0,1,0,1,0,0,5.72555E+20,5.95381E+21,1.00997E+16,5.37279E+16
5007,5008,1,0,54,88,2016,8,17,1,2,9,1,0,0,0,1,0,0,0,0,4.8804E+20,6.07423E+21,8.81389E+15,5.48151E+16
5008,5009,1,0,51,11,2016,8,18,5,3,5,3,0,0,0,1,0,0,0,0,5.08997E+20,5.97206E+21,9.13692E+15,5.38969E+16
5009,5010,1,0,55,35,2016,9,16,4,3,5,3,0,0,0,1,0,0,0,1,6.13269E+20,5.97585E+21,1.07247E+16,5.39186E+16
5010,5011,1,0,1,0,2016,7,14,1,3,2,6,0,1,0,1,0,0,0,0,5.30141E+20,6.07197E+21,9.46879E+15,5.4794E+16
5011,5012,1,0,51,68,2016,9,16,2,2,5,3,0,0,0,1,0,1,0,0,5.14979E+20,6.01184E+21,9.22992E+15,5.42543E+16
5012,5013,1,0,57,91,2016,8,10,4,1,2,6,0,0,0,1,0,1,0,0,5.83089E+20,6.01216E+21,1.02753E+16,5.42507E+16
5013,5014,1,0,58,30,2016,7,8,3,3,5,3,0,0,0,1,0,0,0,0,5.40817E+20,6.0306E+21,9.62907E+15,5.44215E+16
5014,5015,1,0,58,70,2016,8,14,4,3,5,3,0,0,0,1,0,0,0,0,5.33865E+20,6.00945E+21,9.51953E+15,5.42319E+16
5015,5016,1,0,60,59,2016,7,11,7,2,5,3,0,0,1,1,0,0,0,0,5.82174E+20,5.98185E+21,1.0253E+16,5.39784E+16
5016,5017,1,0,3,0,2016,9,13,7,3,0,3,0,0,1,0,0,0,0,0,6.12245E+20,5.96879E+21,1.07065E+16,5.38555E+16
5017,5018,1,0,58,82,2016,7,18,6,2,2,6,0,1,0,0,0,1,0,0,5.58824E+20,6.04586E+21,9.9096E+15,5.45569E+16
5018,5019,1,0,54,144,2016,8,9,7,3,8,1,0,0,0,1,0,0,0,0,5.07646E+20,6.04587E+21,9.11824E+15,5.45603E+16
5019,5020,1,0,53,12,2016,7,22,2,2,0,1,2,1,0,0,0,1,0,0,5.85513E+20,5.92723E+21,1.02888E+16,5.34871E+16
5020,5021,1,0,54,168,2016,9,21,6,2,0,1,2,1,1,0,0,0,0,0,4.55944E+20,6.08464E+21,8.31287E+15,5.49068E+16
5021,5022,1,0,59,112,2016,7,8,4,3,5,3,0,0,1,1,0,0,0,0,5.57672E+20,6.06694E+21,9.89593E+15,5.47464E+16
5022,5023,1,0,62,60,2016,9,16,2,3,2,2,0,0,0,1,0,0,0,0,5.84696E+20,5.93514E+21,1.02786E+16,5.35583E+16
5023,5024,1,0,60,27,2016,8,12,3,3,8,1,0,0,0,0,0,0,0,1,5.62537E+20,5.9817E+21,9.95359E+15,5.39798E+16
5024,5025,1,0,61,3,2016,9,11,7,3,2,6,0,0,0,1,0,0,0,0,5.29131E+20,5.98705E+21,9.44475E+15,5.40309E+16