FID,OBJECTID,ULAND,UREGBEZ,UKREIS,UGEMEINDE,UJAHR,UMONAT,USTUNDE,UWOCHENTAG,UKATEGORIE,UART,UTYP1,ULICHTVERH,IstStrasse,IstRad,IstPKW,IstFuss,IstKrad,IstGkfz,IstSonstig,LINREFX,LINREFY,XGCSWGS84,YGCSWGS84
5025,5026,1,0,3,0,2016,7,12,5,3,5,3,0,0,1,1,0,0,0,0,6.13076E+20,5.97089E+21,1.07199E+16,5.38741E+16
5026,5027,1,0,60,70,2016,7,13,1,2,3,6,0,0,0,1,0,0,0,0,5.8199E+20,5.98059E+21,1.02499E+16,5.39672E+16
5027,5028,1,0,56,18,2016,8,12,2,3,5,3,0,0,0,1,0,0,1,0,5.55296E+20,5.94392E+21,9.8364E+15,5.36412E+16
5028,5029,1,0,51,33,2016,9,12,3,3,2,6,0,0,0,0,0,1,1,1,4.97291E+20,6.00113E+21,8.95852E+15,5.41583E+16
5029,5030,1,0,53,116,2016,8,18,1,3,5,3,1,1,0,1,0,0,0,0,5.98222E+20,5.92914E+21,1.04809E+16,5.3502E+16
5030,5031,1,0,58,98,2016,9,11,6,3,2,6,0,0,0,1,0,1,0,0,5.62991E+20,6.00086E+21,9.9645E+15,5.4152E+16
5031,5032,1,0,54,109,2016,9,18,1,3,4,6,0,0,0,1,0,0,0,0,4.90714E+20,6.07012E+21,8.85564E+15,5.47782E+16
5032,5033,1,0,60,39,2016,7,8,4,3,0,3,0,0,0,1,0,0,0,1,5.66315E+20,5.96077E+21,1.00067E+16,5.37913E+16
5033,5034,1,0,55,32,2016,8,13,7,3,5,3,0,0,1,1,0,0,0,0,6.1765E+20,5.99641E+21,1.07993E+16,5.41024E+16
5034,5035,1,0,60,95,2016,9,12,3,3,3,6,0,0,0,1,0,1,0,0,5.5476E+20,5.97251E+21,9.83337E+15,5.38981E+16
5035,5036,1,0,57,30,2016,8,20,3,3,7,7,1,0,0,1,0,0,0,0,6.05093E+20,6.01678E+21,1.06145E+16,5.42881E+16
5036,5037,1,0,2,0,2016,7,18,7,3,5,2,0,0,0,1,0,0,0,0,5.73153E+20,6.02103E+21,1.0125E+16,5.43318E+16
5037,5038,1,0,3,0,2016,8,9,3,3,5,3,0,0,1,1,0,0,0,0,6.08808E+20,5.97059E+21,1.0655E+16,5.38724E+16
5038,5039,1,0,60,76,2016,8,18,3,3,4,6,0,0,0,1,0,1,0,0,5.77294E+20,5.96693E+21,1.01748E+16,5.38451E+16
5039,5040,1,0,54,24,2016,9,7,5,3,8,1,0,0,0,0,0,0,0,1,5.01521E+20,6.05089E+21,9.02354E+15,5.46055E+16
5040,5041,1,0,58,135,2016,8,16,5,2,0,3,0,0,1,0,0,0,0,0,5.40779E+20,6.0191E+21,9.6269E+15,5.43182E+16
5041,5042,1,0,62,71,2016,9,14,6,3,2,6,0,0,0,1,0,0,0,1,5.80875E+20,5.94141E+21,1.02226E+16,5.36152E+16
5042,5043,1,0,55,37,2016,7,14,1,3,8,7,0,0,0,1,0,0,0,0,6.21674E+20,6.00291E+21,1.08635E+16,5.41599E+16
5043,5044,1,0,56,43,2016,8,10,7,3,2,6,0,0,0,1,0,0,0,0,5.56301E+20,5.94504E+21,9.85181E+15,5.36511E+16
5044,5045,1,0,2,0,2016,8,11,6,3,3,6,0,1,0,1,0,0,1,0,5.71855E+20,6.01906E+21,1.01046E+16,5.43144E+16
5045,5046,1,0,4,0,2016,9,17,2,3,5,2,0,0,1,1,0,0,0,0,5.65501E+20,5.99106E+21,1.00008E+16,5.40636E+16
5046,5047,1,0,57,15,2016,8,16,7,2,5,2,0,0,0,1,0,1,0,0,5.88046E+20,5.99654E+21,1.03468E+16,5.41095E+16
5047,5048,1,0,51,68,2016,9,14,4,3,8,3,0,0,0,1,0,1,0,0,5.11769E+20,6.01191E+21,9.18064E+15,5.4255E+16
5048,5049,1,0,56,39,2016,8,16,3,3,5,2,0,0,0,0,0,1,0,1,5.51537E+20,5.94709E+21,9.78007E+15,5.367E+16
5049,5050,1,0,61,104,2016,9,15,6,3,2,2,0,0,0,1,0,0,0,0,5.37137E+20,5.96615E+21,9.56442E+15,5.38426E+16
5050,5051,1,0,58,29,2016,8,17,6,3,0,7,0,0,1,0,0,0,0,0,5.34339E+20,6.00675E+21,9.52648E+15,5.42076E+16
5051,5052,1,0,55,7,2016,9,16,2,3,3,6,0,0,0,1,0,1,0,0,6.03687E+20,5.99635E+21,1.05859E+16,5.41049E+16
5052,5053,1,0,56,50,2016,8,11,2,3,5,3,0,0,1,0,0,0,0,0,5.47466E+20,5.93735E+21,9.71698E+15,5.35828E+16
5053,5054,1,0,56,3,2016,8,8,5,3,9,1,0,1,0,1,0,0,0,0,5.49787E+20,5.95666E+21,9.75513E+15,5.37562E+16
5054,5055,1,0,60,97,2016,9,12,2,2,3,6,0,0,1,1,0,0,0,0,5.92941E+20,5.98457E+21,1.0418E+16,5.4001E+16
5055,5056,1,0,2,0,2016,8,11,2,3,6,4,0,0,0,1,1,0,0,0,5.73482E+20,6.02365E+21,1.01307E+16,5.43553E+16
5056,5057,1,0,58,135,2016,7,1,7,3,0,1,2,1,0,0,0,1,0,0,5.40958E+20,6.01988E+21,9.62976E+15,5.43251E+16
5057,5058,1,0,55,33,2016,8,14,4,3,8,1,0,0,0,1,0,1,0,0,6.20331E+20,6.01429E+21,1.08475E+16,5.42624E+16
5058,5059,1,0,58,124,2016,9,6,5,3,5,3,2,0,1,1,0,0,0,0,5.45281E+20,6.01606E+21,9.69564E+15,5.42905E+16
5059,5060,1,0,53,100,2016,8,9,6,3,3,6,0,0,0,1,0,0,0,0,6.16473E+20,5.95152E+21,1.07643E+16,5.36993E+16
5060,5061,1,0,60,8,2016,7,18,1,3,0,7,0,0,0,0,0,1,0,0,5.85714E+20,5.97171E+21,1.03041E+16,5.38867E+16
5061,5062,1,0,59,120,2016,7,13,5,3,2,3,0,0,0,1,0,0,0,0,5.26457E+20,6.07656E+21,9.41191E+15,5.48354E+16
5062,5063,1,0,60,65,2016,9,8,7,3,4,6,0,1,0,1,0,0,0,0,5.74179E+20,5.96521E+21,1.01271E+16,5.38301E+16
5063,5064,1,0,56,28,2016,9,14,3,2,8,7,0,0,0,1,0,0,0,0,5.46166E+20,5.94219E+21,9.69806E+15,5.36264E+16
5064,5065,1,0,58,43,2016,9,17,5,3,5,2,0,0,1,0,0,1,0,0,5.5558E+20,6.03386E+21,9.85717E+15,5.44494E+16
5065,5066,1,0,3,0,2016,7,16,4,3,2,6,0,0,0,1,0,0,0,0,6.08002E+20,5.96767E+21,1.06417E+16,5.38463E+16
5066,5067,1,0,2,0,2016,8,17,3,3,0,2,0,1,0,1,0,1,0,0,5.74435E+20,6.02029E+21,1.01445E+16,5.4325E+16
5067,5068,1,0,51,11,2016,8,8,4,3,8,1,0,1,0,0,0,0,0,1,5.06596E+20,5.97202E+21,9.10038E+15,5.38966E+16
5068,5069,1,0,54,78,2016,9,15,1,3,9,6,0,0,1,0,0,0,0,0,4.62646E+20,6.09611E+21,8.4159E+15,5.50105E+16
5069,5070,1,0,2,0,2016,8,11,1,3,5,3,0,0,1,1,0,0,0,0,5.73922E+20,6.02071E+21,1.01367E+16,5.43289E+16
5070,5071,1,0,3,0,2016,8,18,4,3,5,3,0,0,1,1,0,0,0,0,6.13282E+20,5.96543E+21,1.07211E+16,5.38251E+16
5071,5072,1,0,51,34,2016,9,23,6,2,6,6,2,0,0,1,1,0,0,0,4.92619E+20,5.9846E+21,8.88737E+15,5.40097E+16
5072,5073,1,0,62,71,2016,7,16,1,1,4,6,0,0,0,1,0,0,0,0,5.80012E+20,5.94121E+21,1.02095E+16,5.36136E+16
5073,5074,1,0,53,71,2016,9,10,1,3,5,2,0,0,0,1,0,1,0,0,5.96854E+20,5.92471E+21,1.04589E+16,5.34625E+16
5074,5075,1,0,61,101,2016,7,14,7,3,5,3,0,0,0,1,0,0,0,0,5.35229E+20,5.96206E+21,9.53496E+15,5.38059E+16
5075,5076,1,0,56,26,2016,8,13,2,2,9,1,0,0,0,1,0,0,0,0,5.56144E+20,5.95794E+21,9.85178E+15,5.37671E+16
5076,5077,1,0,4,0,2016,9,13,6,3,0,4,0,0,0,0,1,1,0,1,5.65179E+20,5.99802E+21,9.99738E+15,5.41261E+16
5077,5078,1,0,58,5,2016,7,8,6,3,5,3,0,0,0,1,0,0,0,0,5.73868E+20,6.02707E+21,1.01375E+16,5.43861E+16
5078,5079,1,0,54,95,2016,9,14,3,3,2,6,0,0,0,1,0,0,0,0,4.97116E+20,6.01909E+21,8.95566E+15,5.43197E+16
5079,5080,1,0,3,0,2016,8,17,2,3,2,6,0,0,0,1,0,0,0,0,6.09147E+20,5.97078E+21,1.06602E+16,5.3874E+16
5080,5081,1,0,53,83,2016,7,15,7,3,0,1,0,1,1,0,0,0,0,0,6.03174E+20,5.91499E+21,1.05509E+16,5.33739E+16
5081,5082,1,0,55,28,2016,8,12,4,3,2,6,0,0,0,1,0,0,0,0,6.01779E+20,6.00406E+21,1.05593E+16,5.41745E+16
5082,5083,1,0,3,0,2016,9,14,5,3,2,6,0,0,0,1,0,0,0,0,6.07712E+20,5.96864E+21,1.06376E+16,5.38551E+16
5083,5084,1,0,61,49,2016,8,8,6,3,0,7,0,0,0,0,0,1,0,1,5.45611E+20,5.97864E+21,9.69506E+15,5.39541E+16
5084,5085,1,0,56,1,2016,7,18,7,2,4,1,0,1,0,1,0,0,0,0,5.50557E+20,5.944E+21,9.76475E+15,5.36424E+16
5085,5086,1,0,2,0,2016,7,11,5,2,0,1,0,0,1,0,0,0,0,0,5.76589E+20,6.0181E+21,1.01771E+16,5.43051E+16
5086,5087,1,0,54,86,2016,9,23,1,3,8,1,2,0,0,1,0,0,0,0,4.80547E+20,6.07922E+21,8.69696E+15,5.48597E+16
5087,5088,1,0,51,46,2016,9,14,3,2,6,4,0,0,0,0,1,1,0,0,4.99387E+20,5.97916E+21,8.99065E+15,5.39608E+16
5088,5089,1,0,3,0,2016,9,9,5,3,5,3,0,0,0,1,0,0,1,0,6.09024E+20,5.97151E+21,1.06586E+16,5.38806E+16
5089,5090,1,0,3,0,2016,7,15,4,3,5,3,0,0,1,1,0,0,0,0,6.10651E+20,5.9683E+21,1.06821E+16,5.38514E+16
5090,5091,1,0,3,0,2016,7,12,4,3,3,6,1,0,0,1,0,0,0,0,6.10867E+20,5.97276E+21,1.0687E+16,5.38914E+16
5091,5092,1,0,54,76,2016,8,14,5,3,0,1,0,1,0,0,0,1,0,0,4.98369E+20,6.06941E+21,8.97464E+15,5.47719E+16
5092,5093,1,0,58,147,2016,9,19,1,3,0,1,0,0,1,0,0,0,0,0,5.573E+20,6.00203E+21,9.87759E+15,5.41631E+16
5093,5094,1,0,3,0,2016,8,9,1,3,0,7,0,0,1,0,0,0,0,0,6.11912E+20,5.96843E+21,1.07014E+16,5.38523E+16
5094,5095,1,0,53,112,2016,8,8,4,3,2,2,0,0,0,1,0,0,0,0,5.94508E+20,5.9483E+21,1.04307E+16,5.36749E+16
5095,5096,1,0,54,126,2016,9,7,7,2,4,6,0,0,0,1,0,0,0,0,4.95848E+20,6.06562E+21,8.93552E+15,5.47378E+16
5096,5097,1,0,56,18,2016,7,14,1,3,4,2,0,0,0,1,0,0,0,0,5.55402E+20,5.9434E+21,9.83792E+15,5.36365E+16
5097,5098,1,0,56,50,2016,9,16,1,3,6,4,0,0,1,0,1,0,0,0,5.47755E+20,5.93742E+21,9.72135E+15,5.35835E+16
5098,5099,1,0,62,82,2016,9,5,6,3,2,6,2,0,0,1,0,0,0,0,5.91277E+20,5.94167E+21,1.03799E+16,5.36159E+16
5099,5100,1,0,56,22,2016,8,17,5,3,0,2,0,0,0,1,0,0,0,0,5.53095E+20,5.95891E+21,9.80569E+15,5.37761E+16
5100,5101,1,0,4,0,2016,9,15,4,3,2,6,0,0,0,1,0,0,0,0,5.64217E+20,5.99115E+21,9.9812E+15,5.40645E+16
5101,5102,1,0,56,43,2016,7,12,7,3,5,3,0,0,1,1,0,0,0,0,5.54201E+20,5.94546E+21,9.82011E+15,5.36551E+16
5102,5103,1,0,56,1,2016,9,19,2,3,8,1,1,1,0,1,0,0,0,0,5.50251E+20,5.94592E+21,9.76043E+15,5.36596E+16
5103,5104,1,0,55,4,2016,8,13,4,3,3,6,0,0,0,1,0,0,1,0,6.11534E+20,5.97496E+21,1.0698E+16,5.39111E+16
5104,5105,1,0,57,26,2016,8,12,4,2,5,3,0,0,0,1,0,0,0,0,6.0422E+20,6.01703E+21,1.06012E+16,5.42905E+16
5105,5106,1,0,3,0,2016,7,17,7,3,5,3,0,0,1,1,0,0,0,0,6.09759E+20,5.97039E+21,1.06693E+16,5.38704E+16
5106,5107,1,0,59,68,2016,9,16,7,2,4,6,0,0,0,1,0,0,0,0,5.57342E+20,6.05644E+21,9.88875E+15,5.46521E+16
5107,5108,1,0,57,45,2016,7,13,6,2,8,1,0,0,0,1,0,0,0,0,5.93865E+20,6.00827E+21,1.04394E+16,5.42139E+16
5108,5109,1,0,59,123,2016,8,12,7,2,8,1,0,0,0,1,0,0,0,0,5.05508E+20,6.06696E+21,9.08558E+15,5.47499E+16
5109,5110,1,0,55,21,2016,7,11,2,3,6,6,0,0,0,0,1,0,0,1,6.29268E+20,6.02643E+21,1.09898E+16,5.43692E+16
5110,5111,1,0,51,74,2016,9,17,5,3,0,2,0,0,0,1,0,1,0,0,5.05813E+20,5.99342E+21,9.08887E+15,5.40889E+16
5111,5112,1,0,55,1,2016,9,19,2,3,0,7,0,0,1,0,0,0,0,0,6.02125E+20,5.98948E+21,1.05597E+16,5.40435E+16
5112,5113,1,0,3,0,2016,8,17,3,3,2,2,0,0,0,1,0,0,0,0,6.09118E+20,5.97214E+21,1.06602E+16,5.38862E+16
5113,5114,1,0,56,47,2016,9,10,7,3,5,3,0,0,1,1,0,0,0,0,5.56974E+20,5.94957E+21,9.86282E+15,5.36917E+16
5114,5115,1,0,62,16,2016,7,9,7,3,6,4,0,0,0,0,1,0,1,0,5.83107E+20,5.95818E+21,1.02608E+16,5.37656E+16
5115,5116,1,0,60,72,2016,8,4,1,3,6,6,1,0,0,1,1,0,0,0,5.83089E+20,5.99303E+21,1.027E+16,5.40787E+16
5116,5117,1,0,3,0,2016,9,16,3,2,5,7,0,0,0,1,0,1,0,0,6.1654E+20,5.97437E+21,1.07739E+16,5.39046E+16
5117,5118,1,0,55,41,2016,8,14,1,3,8,6,0,0,0,0,0,1,0,1,6.10021E+20,5.9972E+21,1.0683E+16,5.41112E+16
5118,5119,1,0,51,11,2016,9,10,5,2,5,3,0,0,0,1,0,1,0,0,5.05893E+20,5.97313E+21,9.08971E+15,5.39066E+16
5119,5120,1,0,59,183,2016,9,15,1,3,8,1,0,1,0,1,0,0,0,0,5.24525E+20,6.06625E+21,9.38097E+15,5.47429E+16
5120,5121,1,0,2,0,2016,8,21,7,3,5,3,1,0,0,1,0,0,0,0,5.75623E+20,6.01577E+21,1.01616E+16,5.42842E+16
5121,5122,1,0,58,135,2016,9,13,3,3,3,6,0,0,0,1,0,0,1,0,5.40836E+20,6.01818E+21,9.62766E+15,5.43099E+16
5122,5123,1,0,54,20,2016,8,18,3,3,8,1,0,0,1,0,0,0,0,0,4.98391E+20,6.05138E+21,8.97509E+15,5.46099E+16
5123,5124,1,0,54,78,2016,7,14,7,3,0,1,0,0,1,0,1,0,0,0,4.6352E+20,6.09667E+21,8.42949E+15,5.50155E+16
5124,5125,1,0,2,0,2016,8,8,3,3,5,2,0,0,1,1,0,0,0,0,5.74367E+20,6.02045E+21,1.01435E+16,5.43265E+16
5125,5126,1,0,55,32,2016,8,6,3,3,2,6,0,0,0,1,0,0,0,0,6.17954E+20,5.99667E+21,1.08041E+16,5.41047E+16
5126,5127,1,0,51,132,2016,7,14,1,2,4,6,0,1,0,1,0,0,0,0,4.92225E+20,6.00093E+21,8.88094E+15,5.41564E+16
5127,5128,1,0,61,42,2016,9,10,4,3,5,3,0,0,0,1,0,0,0,0,5.41263E+20,5.98064E+21,9.62908E+15,5.39724E+16
5128,5129,1,0,57,48,2016,8,14,5,3,5,6,0,0,0,1,0,0,0,0,6.03162E+20,6.01673E+21,1.05848E+16,5.4288E+16
5129,5130,1,0,3,0,2016,9,18,6,3,2,6,0,0,0,1,0,0,0,0,6.11058E+20,5.96914E+21,1.06886E+16,5.38589E+16
5130,5131,1,0,53,32,2016,7,13,7,3,6,7,0,0,1,1,1,0,0,0,5.91105E+20,5.9224E+21,1.03716E+16,5.34427E+16
5131,5132,1,0,57,43,2016,7,21,6,3,9,1,1,0,0,0,0,1,0,0,5.80825E+20,6.02708E+21,1.02446E+16,5.43851E+16
5132,5133,1,0,55,39,2016,8,9,6,3,9,7,0,0,0,1,0,0,0,0,6.16401E+20,5.99624E+21,1.07802E+16,5.41011E+16
5133,5134,1,0,54,113,2016,9,14,2,3,4,2,0,0,0,1,0,0,0,0,4.76336E+20,6.01776E+21,8.63631E+15,5.43072E+16
5134,5135,1,0,59,57,2016,8,21,7,3,4,2,2,0,0,1,0,0,0,0,5.33166E+20,6.04262E+21,9.5125E+15,5.45301E+16
5135,5136,1,0,55,39,2016,9,15,4,3,4,6,0,0,0,1,0,1,0,0,6.14459E+20,5.99665E+21,1.07506E+16,5.41052E+16
5136,5137,1,0,53,100,2016,8,22,3,3,5,3,2,0,0,1,0,0,0,0,6.14423E+20,5.9517E+21,1.07333E+16,5.37015E+16
5137,5138,1,0,56,50,2016,9,12,6,3,5,3,0,0,1,1,0,0,0,0,5.46775E+20,5.93718E+21,9.70652E+15,5.35814E+16
5138,5139,1,0,59,128,2016,8,6,6,3,8,1,0,1,0,1,0,0,0,0,5.18627E+20,6.05618E+21,9.2887E+15,5.46526E+16
5139,5140,1,0,58,86,2016,9,19,2,2,4,3,0,0,0,1,0,0,0,0,5.43394E+20,6.01088E+21,9.66591E+15,5.4244E+16
5140,5141,1,0,55,10,2016,8,18,2,2,5,3,0,0,1,1,0,0,0,0,6.33052E+20,6.00847E+21,1.10401E+16,5.4207E+16
5141,5142,1,0,3,0,2016,8,11,5,3,2,6,0,1,0,1,0,0,0,0,6.08608E+20,5.96629E+21,1.06504E+16,5.38338E+16
5142,5143,1,0,3,0,2016,9,14,2,3,2,6,0,0,0,1,0,0,0,0,6.06636E+20,5.97027E+21,1.06218E+16,5.387E+16
5143,5144,1,0,51,47,2016,8,16,1,3,8,7,0,0,0,1,0,0,0,0,5.02376E+20,6.01206E+21,9.03648E+15,5.42565E+16
5144,5145,1,0,58,135,2016,7,15,7,3,5,3,0,0,0,1,0,0,0,0,5.42709E+20,6.0165E+21,9.6562E+15,5.42946E+16
5145,5146,1,0,2,0,2016,8,14,4,3,5,3,0,0,1,0,0,0,0,1,5.73793E+20,6.01811E+21,1.01341E+16,5.43055E+16
5146,5147,1,0,54,78,2016,9,17,5,3,8,1,0,0,0,0,0,1,0,0,4.61318E+20,6.09906E+21,8.39473E+15,5.50369E+16
5147,5148,1,0,3,0,2016,8,12,6,3,2,2,0,0,0,1,0,0,0,0,6.0887E+20,5.96975E+21,1.06556E+16,5.38648E+16
5148,5149,1,0,3,0,2016,7,11,7,3,2,6,0,0,0,1,0,0,0,0,6.11042E+20,5.97357E+21,1.069E+16,5.38987E+16
5149,5150,1,0,51,122,2016,7,14,4,3,5,2,0,0,1,1,0,0,0,0,5.03199E+20,6.00928E+21,9.04908E+15,5.42315E+16
5150,5151,1,0,3,0,2016,9,19,3,3,8,1,1,0,0,1,0,0,0,0,6.20385E+20,5.98093E+21,1.0835E+16,5.39627E+16
5151,5152,1,0,59,75,2016,9,11,5,3,0,1,0,0,1,0,0,0,0,0,5.35663E+20,6.03921E+21,9.55067E+15,5.44992E+16
5152,5153,1,0,59,129,2016,7,13,4,2,5,3,0,0,0,1,0,0,0,0,5.12876E+20,6.07784E+21,9.20053E+15,5.48475E+16
5153,5154,1,0,56,11,2016,8,5,4,3,0,1,1,1,0,1,0,0,0,0,5.49171E+20,5.95743E+21,9.74591E+15,5.37631E+16
5154,5155,1,0,58,144,2016,8,11,3,3,3,6,0,0,0,1,0,0,0,0,5.62784E+20,6.00248E+21,9.96166E+15,5.41665E+16
5155,5156,1,0,51,24,2016,9,10,7,2,5,2,0,0,0,1,0,0,0,0,5.1001E+20,5.97913E+21,9.15256E+15,5.39604E+16
5156,5157,1,0,54,146,2016,7,12,7,3,8,1,0,0,0,0,0,1,0,0,5.01735E+20,6.05408E+21,9.02687E+15,5.46341E+16
5157,5158,1,0,59,143,2016,8,16,1,3,0,1,0,0,1,0,0,0,0,0,5.10693E+20,6.07408E+21,9.1664E+15,5.48138E+16
5158,5159,1,0,57,57,2016,7,10,3,3,9,1,0,0,0,1,0,0,0,0,5.94232E+20,6.00422E+21,1.04438E+16,5.41773E+16
5159,5160,1,0,2,0,2016,8,16,4,3,8,1,0,0,0,1,0,0,0,0,5.78343E+20,6.02172E+21,1.0205E+16,5.43373E+16
5160,5161,1,0,56,9,2016,9,15,6,3,2,6,0,1,0,1,0,0,0,0,5.52754E+20,5.94814E+21,9.79868E+15,5.36793E+16
5161,5162,1,0,55,4,2016,7,10,1,3,5,3,0,0,1,1,0,0,0,0,6.11049E+20,5.97429E+21,1.06904E+16,5.39051E+16
5162,5163,1,0,2,0,2016,9,12,1,3,3,6,0,0,1,1,0,0,0,0,5.77374E+20,6.02183E+21,1.01901E+16,5.43384E+16
5163,5164,1,0,3,0,2016,7,13,7,3,3,6,0,0,0,1,0,0,1,0,6.07816E+20,5.96853E+21,1.06391E+16,5.38541E+16
5164,5165,1,0,3,0,2016,8,13,2,3,5,3,0,1,0,1,0,1,0,0,6.14591E+20,5.96817E+21,1.0742E+16,5.38494E+16
5165,5166,1,0,2,0,2016,8,18,2,3,1,5,0,0,0,1,0,1,0,0,5.75913E+20,6.01505E+21,1.01659E+16,5.42777E+16
5166,5167,1,0,57,11,2016,9,14,6,3,2,6,0,0,0,1,0,0,0,0,5.73851E+20,6.00209E+21,1.0131E+16,5.41616E+16
5167,5168,1,0,59,45,2016,9,16,2,3,0,7,0,1,0,0,0,1,0,1,5.60294E+20,6.05729E+21,9.93467E+15,5.46594E+16
5168,5169,1,0,55,35,2016,8,7,5,3,5,3,0,0,0,1,0,0,0,0,6.13978E+20,5.97569E+21,1.07354E+16,5.3917E+16
5169,5170,1,0,2,0,2016,9,14,4,3,2,6,0,0,0,1,0,0,0,0,5.7702E+20,6.02007E+21,1.01842E+16,5.43227E+16
5170,5171,1,0,3,0,2016,7,20,7,3,5,2,0,1,1,1,0,0,0,0,6.09353E+20,5.97029E+21,1.06631E+16,5.38695E+16
5171,5172,1,0,57,77,2016,8,10,6,3,8,1,0,0,0,0,0,1,0,0,5.9322E+20,6.01648E+21,1.04321E+16,5.42877E+16
5172,5173,1,0,53,31,2016,8,17,4,3,2,6,0,0,0,1,0,0,0,0,6.01137E+20,5.9365E+21,1.05272E+16,5.35676E+16
5173,5174,1,0,56,43,2016,9,15,6,3,5,3,0,0,0,1,0,1,0,0,5.57944E+20,5.9422E+21,9.87613E+15,5.36254E+16
5174,5175,1,0,61,95,2016,8,13,6,3,2,6,0,1,0,0,0,0,0,1,5.16894E+20,5.9733E+21,9.25716E+15,5.39079E+16
5175,5176,1,0,57,43,2016,7,11,2,3,4,6,0,0,1,0,0,0,0,0,5.8038E+20,6.02815E+21,1.0238E+16,5.43948E+16
5176,5177,1,0,62,22,2016,9,14,5,3,5,2,0,0,0,1,0,0,0,0,5.88357E+20,5.9422E+21,1.03359E+16,5.36211E+16
5177,5178,1,0,2,0,2016,9,9,2,3,2,6,0,1,0,1,0,0,0,0,5.74208E+20,6.02733E+21,1.01428E+16,5.43883E+16
5178,5179,1,0,54,5,2016,8,11,3,3,4,6,0,0,1,0,0,0,0,0,4.67041E+20,6.06376E+21,8.48832E+15,5.472E+16
5179,5180,1,0,55,35,2016,9,23,7,3,0,1,2,0,1,0,0,0,0,0,6.13838E+20,5.97798E+21,1.07342E+16,5.39377E+16
5180,5181,1,0,3,0,2016,7,15,7,3,0,2,0,0,0,1,0,0,0,1,6.1014E+20,5.96993E+21,1.0675E+16,5.38662E+16
5181,5182,1,0,55,44,2016,8,17,1,3,6,7,0,0,1,0,1,0,0,0,6.1565E+20,5.98681E+21,1.07651E+16,5.40166E+16
5182,5183,1,0,54,36,2016,9,16,3,3,5,3,0,0,0,1,0,1,0,0,4.85148E+20,6.02001E+21,8.77163E+15,5.43278E+16
5183,5184,1,0,59,112,2016,8,4,1,3,0,1,2,1,1,0,0,0,0,0,5.59544E+20,6.06607E+21,9.92484E+15,5.47384E+16
5184,5185,1,0,55,44,2016,9,17,5,3,2,6,0,0,0,1,0,0,0,0,6.13181E+20,5.99122E+21,1.07291E+16,5.40567E+16
5185,5186,1,0,3,0,2016,8,0,4,3,1,5,2,0,0,1,0,0,0,0,6.09957E+20,5.96918E+21,1.06719E+16,5.38594E+16
5186,5187,1,0,62,14,2016,9,14,7,3,4,7,0,0,0,1,0,0,0,0,5.8262E+20,5.95181E+21,1.02517E+16,5.37085E+16
5187,5188,1,0,51,137,2016,8,1,6,2,9,1,2,1,0,1,0,0,0,0,5.01162E+20,5.99713E+21,9.01778E+15,5.41224E+16
5188,5189,1,0,59,171,2016,9,7,3,3,3,6,0,0,1,0,0,0,0,0,5.26095E+20,6.05719E+21,9.40454E+15,5.46614E+16
5189,5190,1,0,55,46,2016,8,16,2,2,8,1,0,0,0,0,0,1,0,0,6.40439E+20,6.0418E+21,1.1169E+16,5.45044E+16
5190,5191,1,0,60,27,2016,7,12,6,2,9,1,0,0,0,1,0,0,0,0,5.61231E+20,5.98245E+21,9.93383E+15,5.39868E+16
5191,5192,1,0,61,61,2016,8,11,3,2,2,6,0,0,0,1,0,0,1,0,5.36763E+20,5.96948E+21,9.55915E+15,5.38725E+16
5192,5193,1,0,1,0,2016,8,18,3,3,1,6,0,0,0,1,0,0,0,0,5.31961E+20,6.07315E+21,9.49723E+15,5.48045E+16
5193,5194,1,0,60,17,2016,8,19,5,3,0,7,0,1,0,0,0,1,0,0,5.86282E+20,5.99173E+21,1.03184E+16,5.40665E+16
5194,5195,1,0,58,135,2016,9,14,4,3,2,6,0,0,0,1,0,1,0,0,5.44573E+20,6.01782E+21,9.68504E+15,5.43063E+16
5195,5196,1,0,55,46,2016,7,8,7,3,2,6,0,0,0,1,0,0,0,1,6.37174E+20,6.03042E+21,1.11133E+16,5.4403E+16
5196,5197,1,0,51,84,2016,8,7,3,3,7,1,0,0,0,1,0,0,0,0,4.93088E+20,6.00123E+21,8.89415E+15,5.41591E+16
5197,5198,1,0,1,0,2016,8,8,4,3,5,3,0,0,0,1,0,0,0,0,5.29013E+20,6.06834E+21,9.45089E+15,5.47615E+16
5198,5199,1,0,2,0,2016,7,18,7,3,2,2,0,0,0,1,0,1,0,0,5.74771E+20,6.01828E+21,1.01492E+16,5.43069E+16
5199,5200,1,0,51,72,2016,9,13,6,3,5,3,0,0,1,0,0,0,0,0,5.0059E+20,5.97798E+21,9.009E+15,5.39502E+16
5200,5201,1,0,1,0,2016,7,9,6,3,6,2,0,0,0,1,1,0,0,0,5.28527E+20,6.07075E+21,9.44357E+15,5.47832E+16
5201,5202,1,0,62,27,2016,8,6,7,3,8,1,0,1,0,1,0,0,0,0,5.88434E+20,5.95326E+21,1.03402E+16,5.37205E+16
5202,5203,1,0,58,137,2016,7,14,2,3,2,6,0,1,1,0,0,0,0,0,5.53013E+20,6.04873E+21,9.82026E+15,5.45832E+16
5203,5204,1,0,56,50,2016,9,15,5,3,5,3,0,0,1,1,0,0,0,0,5.47296E+20,5.93962E+21,9.71476E+15,5.36032E+16
5204,5205,1,0,58,78,2016,9,17,2,2,5,3,0,0,0,1,0,0,0,0,5.33297E+20,6.01879E+21,9.51185E+15,5.43159E+16
5205,5206,1,0,2,0,2016,8,6,3,3,2,2,0,0,0,1,0,0,0,0,5.76214E+20,6.01708E+21,1.0171E+16,5.42959E+16
5206,5207,1,0,3,0,2016,9,10,7,3,2,2,0,0,0,1,0,0,0,0,6.11189E+20,5.97108E+21,1.06913E+16,5.38762E+16
5207,5208,1,0,3,0,2016,7,12,7,3,3,6,0,0,1,1,0,0,0,0,6.09934E+20,5.97029E+21,1.0672E+16,5.38694E+16
5208,5209,1,0,53,14,2016,8,10,1,2,4,6,0,0,0,1,0,1,0,0,6.079E+20,5.94103E+21,1.06308E+16,5.3607E+16
5209,5210,1,0,2,0,2016,9,11,3,3,5,3,0,0,1,1,0,0,0,0,5.68241E+20,6.01921E+21,1.00491E+16,5.43162E+16