FID,OBJECTID,ULAND,UREGBEZ,UKREIS,UGEMEINDE,UJAHR,UMONAT,USTUNDE,UWOCHENTAG,UKATEGORIE,UART,UTYP1,ULICHTVERH,IstStrasse,IstRad,IstPKW,IstFuss,IstKrad,IstGkfz,IstSonstig,LINREFX,LINREFY,XGCSWGS84,YGCSWGS84
5210,5211,1,0,2,0,2016,8,16,1,3,1,5,0,1,0,1,0,0,0,0,5.7297E+20,6.01795E+21,1.01214E+16,5.43042E+16
5211,5212,1,0,56,49,2016,9,8,5,3,0,7,0,0,1,0,0,0,0,1,5.43757E+20,5.94868E+21,9.66255E+15,5.3685E+16
5212,5213,1,0,56,47,2016,8,15,4,3,5,2,0,1,0,1,0,0,0,0,5.57324E+20,5.94983E+21,9.86818E+15,5.36941E+16
5213,5214,1,0,53,3,2016,9,1,7,3,9,1,2,0,0,1,0,0,0,0,5.89529E+20,5.93069E+21,1.03503E+16,5.35175E+16
5214,5215,1,0,54,17,2016,8,18,7,1,5,3,0,0,0,1,0,1,0,0,4.9572E+20,6.07834E+21,8.93333E+15,5.48521E+16
5215,5216,1,0,59,75,2016,9,5,3,3,5,3,2,0,0,1,0,1,0,0,5.36633E+20,6.04112E+21,9.56589E+15,5.45163E+16
5216,5217,1,0,60,44,2016,8,9,2,3,5,2,0,1,0,1,0,1,0,0,5.61448E+20,5.96715E+21,9.93407E+15,5.38492E+16
5217,5218,1,0,59,179,2016,7,15,7,3,5,3,0,0,0,1,0,0,0,0,5.13029E+20,6.06018E+21,9.20211E+15,5.46888E+16
5218,5219,1,0,59,45,2016,8,13,3,3,5,2,0,0,0,1,0,0,0,0,5.59388E+20,6.05772E+21,9.92072E+15,5.46633E+16
5219,5220,1,0,2,0,2016,8,8,3,3,8,1,0,1,0,0,0,0,0,1,5.72724E+20,6.02317E+21,1.01189E+16,5.43512E+16
5220,5221,1,0,53,32,2016,7,17,1,3,1,5,0,0,0,1,0,1,0,0,5.90886E+20,5.92182E+21,1.03682E+16,5.34376E+16
5221,5222,1,0,54,20,2016,8,17,5,3,2,6,0,0,0,1,0,1,0,0,4.98763E+20,6.05104E+21,8.98085E+15,5.46068E+16
5222,5223,1,0,4,0,2016,9,13,6,3,5,3,0,0,1,0,0,0,0,0,5.66086E+20,5.99081E+21,1.00097E+16,5.40612E+16
5223,5224,1,0,62,6,2016,8,17,7,3,5,3,0,0,0,1,0,1,0,0,5.83541E+20,5.95343E+21,1.02661E+16,5.37229E+16
5224,5225,1,0,4,0,2016,7,16,7,3,5,2,0,0,1,1,0,0,0,0,5.65391E+20,5.99178E+21,9.99928E+15,5.40701E+16
5225,5226,1,0,54,161,2016,7,13,6,2,4,6,0,0,0,1,0,0,1,0,5.0165E+20,6.02746E+21,9.02541E+15,5.43949E+16
5226,5227,1,0,51,74,2016,9,15,1,3,5,3,0,0,1,1,0,0,0,0,5.04888E+20,5.99374E+21,9.07474E+15,5.40918E+16
5227,5228,1,0,61,46,2016,8,11,6,3,5,3,0,0,1,1,0,0,0,0,5.33628E+20,5.9756E+21,9.51213E+15,5.39277E+16
5228,5229,1,0,3,0,2016,9,9,4,3,6,4,0,0,1,0,1,0,0,0,6.12127E+20,5.97094E+21,1.07055E+16,5.38748E+16
5229,5230,1,0,3,0,2016,8,11,3,2,6,4,0,0,0,1,1,0,0,0,6.10419E+20,5.96944E+21,1.0679E+16,5.38617E+16
5230,5231,1,0,3,0,2016,9,13,6,3,2,6,0,0,0,1,0,0,0,1,6.09478E+20,5.96858E+21,1.06644E+16,5.38542E+16
5231,5232,1,0,61,46,2016,8,9,5,1,4,6,0,0,0,1,0,0,0,0,5.33744E+20,5.97367E+21,9.51368E+15,5.39103E+16
5232,5233,1,0,57,91,2016,9,18,2,2,2,6,0,0,0,1,0,0,0,0,5.82882E+20,6.01311E+21,1.02724E+16,5.42592E+16
5233,5234,1,0,2,0,2016,8,17,2,2,5,3,0,0,1,1,0,0,0,0,5.72502E+20,6.0209E+21,1.01149E+16,5.43308E+16
5234,5235,1,0,58,135,2016,8,9,5,3,5,3,0,1,1,1,0,0,0,0,5.4077E+20,6.01935E+21,9.62681E+15,5.43204E+16
5235,5236,1,0,58,111,2016,9,6,2,2,0,7,2,1,1,0,0,0,0,0,5.45792E+20,6.02376E+21,9.70468E+15,5.43596E+16
5236,5237,1,0,62,61,2016,8,19,1,3,5,2,0,0,0,1,0,0,0,0,5.99001E+20,5.96529E+21,1.05041E+16,5.38267E+16
5237,5238,1,0,61,46,2016,9,16,4,3,1,6,0,0,0,1,0,0,0,0,5.33748E+20,5.97394E+21,9.51377E+15,5.39128E+16
5238,5239,1,0,58,11,2016,8,1,6,2,8,1,2,0,0,1,0,0,0,0,5.50224E+20,6.00185E+21,9.7692E+15,5.41623E+16
5239,5240,1,0,2,0,2016,7,18,7,3,5,2,0,1,0,1,0,0,0,0,5.74746E+20,6.01828E+21,1.01488E+16,5.43069E+16
5240,5241,1,0,2,0,2016,9,14,3,3,2,6,0,0,0,1,0,0,0,0,5.71016E+20,6.02295E+21,1.00926E+16,5.43494E+16
5241,5242,1,0,51,74,2016,8,12,4,3,5,3,0,0,0,1,0,0,0,0,5.04892E+20,5.99372E+21,9.07479E+15,5.40916E+16
5242,5243,1,0,51,138,2016,7,16,4,3,9,1,0,1,0,1,0,0,0,0,5.17395E+20,5.99438E+21,9.266E+15,5.40973E+16
5243,5244,1,0,62,71,2016,8,19,4,2,2,6,0,0,1,1,0,0,0,0,5.79207E+20,5.94028E+21,1.01971E+16,5.36054E+16
5244,5245,1,0,1,0,2016,7,12,7,3,5,3,0,1,1,1,0,0,0,0,5.25382E+20,6.06976E+21,9.39458E+15,5.47744E+16
5245,5246,1,0,61,46,2016,8,9,2,3,5,2,0,0,1,1,0,0,0,0,5.3315E+20,5.97606E+21,9.5049E+15,5.39318E+16
5246,5247,1,0,56,19,2016,9,9,7,3,5,3,0,0,0,1,0,0,0,0,5.40761E+20,5.94551E+21,9.61677E+15,5.36568E+16
5247,5248,1,0,61,116,2016,7,18,6,3,5,3,0,1,0,1,0,0,0,0,5.4929E+20,5.97608E+21,9.75071E+15,5.39308E+16
5248,5249,1,0,56,15,2016,8,20,7,3,8,1,1,1,0,1,0,0,0,0,5.41478E+20,5.95618E+21,9.62905E+15,5.37526E+16
5249,5250,1,0,58,24,2016,7,16,3,2,3,3,0,0,0,1,0,0,1,0,5.45544E+20,6.02232E+21,9.70065E+15,5.43466E+16
5250,5251,1,0,59,53,2016,8,16,4,3,5,3,0,0,1,1,0,0,0,0,5.33416E+20,6.02944E+21,9.51487E+15,5.44116E+16
5251,5252,1,0,55,27,2016,9,6,6,3,7,7,1,1,0,1,0,0,0,0,6.22442E+20,6.01262E+21,1.08792E+16,5.42468E+16
5252,5253,1,0,58,126,2016,7,2,1,3,3,6,2,0,1,0,0,0,0,0,5.67755E+20,6.02186E+21,1.00422E+16,5.43401E+16
5253,5254,1,0,2,0,2016,9,17,1,3,6,4,0,0,0,1,1,0,0,0,5.72121E+20,6.01816E+21,1.01084E+16,5.43063E+16
5254,5255,1,0,51,16,2016,7,11,5,3,5,7,0,0,1,1,0,0,0,0,5.16536E+20,5.9841E+21,9.25229E+15,5.40049E+16
5255,5256,1,0,59,183,2016,7,14,7,3,5,3,0,1,1,0,0,0,0,1,5.20896E+20,6.06888E+21,9.32478E+15,5.47667E+16
5256,5257,1,0,2,0,2016,8,9,2,3,5,2,0,1,1,1,0,0,0,0,5.73503E+20,6.01903E+21,1.01299E+16,5.43138E+16
5257,5258,1,0,54,161,2016,8,6,2,2,2,6,0,0,0,1,0,0,0,0,5.03362E+20,6.03157E+21,9.05182E+15,5.44318E+16
5258,5259,1,0,2,0,2016,9,13,6,3,1,5,0,0,1,1,0,0,0,0,5.72673E+20,6.02193E+21,1.01178E+16,5.434E+16
5259,5260,1,0,62,82,2016,9,4,1,2,1,5,2,1,0,1,0,1,0,0,5.92981E+20,5.94063E+21,1.04053E+16,5.36062E+16
5260,5261,1,0,58,43,2016,7,13,5,3,2,6,0,0,0,1,0,0,0,0,5.55211E+20,6.03424E+21,9.85156E+15,5.44528E+16
5261,5262,1,0,59,57,2016,8,16,5,2,5,3,0,0,0,1,0,1,0,0,5.31749E+20,6.0446E+21,9.49082E+15,5.45479E+16
5262,5263,1,0,1,0,2016,9,22,4,3,5,3,2,0,0,1,0,0,0,0,5.29283E+20,6.06928E+21,9.45517E+15,5.47699E+16
5263,5264,1,0,59,174,2016,7,13,7,2,8,1,0,1,0,1,0,0,0,0,5.23074E+20,6.06027E+21,9.35795E+15,5.46892E+16
5264,5265,1,0,54,100,2016,8,11,6,2,0,1,0,0,0,0,0,1,0,0,4.84272E+20,6.02761E+21,8.75775E+15,5.4396E+16
5265,5266,1,0,60,44,2016,8,6,3,3,5,3,0,0,1,0,0,1,0,0,5.64007E+20,5.96429E+21,9.97237E+15,5.38232E+16
5266,5267,1,0,54,168,2016,8,11,4,3,5,3,0,0,1,1,0,0,0,0,4.54564E+20,6.07843E+21,8.29232E+15,5.48509E+16
5267,5268,1,0,3,0,2016,9,9,5,3,2,6,0,0,0,1,0,0,0,0,6.11449E+20,5.97047E+21,1.0695E+16,5.38707E+16
5268,5269,1,0,60,28,2016,8,12,2,3,8,1,0,0,0,1,0,0,0,0,5.69647E+20,5.98658E+21,1.00631E+16,5.40228E+16
5269,5270,1,0,53,90,2016,8,12,5,3,5,2,0,0,0,1,0,1,0,0,6.10976E+20,5.94104E+21,1.06773E+16,5.36064E+16
5270,5271,1,0,57,62,2016,9,22,7,3,2,6,2,0,0,1,0,0,0,0,5.83036E+20,6.00895E+21,1.02736E+16,5.42218E+16
5271,5272,1,0,59,161,2016,7,11,7,3,6,6,0,0,0,1,1,0,0,0,5.43135E+20,6.06353E+21,9.66962E+15,5.47172E+16
5272,5273,1,0,2,0,2016,8,12,1,2,5,2,0,0,1,1,0,0,0,0,5.73738E+20,6.02388E+21,1.01347E+16,5.43574E+16
5273,5274,1,0,60,5,2016,9,7,2,3,2,6,0,0,0,1,0,0,0,0,5.8615E+20,5.97675E+21,1.03122E+16,5.3932E+16
5274,5275,1,0,56,48,2016,8,18,7,3,2,6,0,0,0,1,0,0,0,0,5.4741E+20,5.95018E+21,9.71809E+15,5.36982E+16
5275,5276,1,0,4,0,2016,9,13,5,2,1,7,0,0,0,1,0,0,0,0,5.64613E+20,5.99435E+21,9.98794E+15,5.40933E+16
5276,5277,1,0,57,9,2016,8,0,4,3,0,7,2,0,1,0,0,0,0,0,5.94978E+20,6.00082E+21,1.04541E+16,5.41467E+16
5277,5278,1,0,2,0,2016,9,21,7,3,5,3,2,1,0,1,0,0,0,0,5.73295E+20,6.01924E+21,1.01267E+16,5.43158E+16
5278,5279,1,0,60,64,2016,8,13,6,3,2,6,0,0,0,1,0,0,0,0,5.61427E+20,5.96717E+21,9.93375E+15,5.38494E+16
5279,5280,1,0,61,42,2016,9,7,2,3,1,5,0,0,0,1,0,0,0,0,5.40319E+20,5.97989E+21,9.6146E+15,5.39658E+16
5280,5281,1,0,2,0,2016,8,4,2,3,7,7,1,0,0,1,0,0,0,0,5.76971E+20,6.02005E+21,1.01834E+16,5.43225E+16
5281,5282,1,0,62,1,2016,7,14,6,2,3,6,0,0,0,1,0,1,0,0,5.82498E+20,5.94834E+21,1.0249E+16,5.36773E+16
5282,5283,1,0,56,18,2016,8,7,2,3,6,4,0,0,0,1,1,0,0,0,5.55237E+20,5.94254E+21,9.83527E+15,5.36287E+16
5283,5284,1,0,60,54,2016,8,20,2,3,9,1,2,1,0,1,0,0,0,0,5.58301E+20,5.97078E+21,9.88693E+15,5.38822E+16
5284,5285,1,0,58,1,2016,7,12,1,3,0,1,0,1,0,0,0,1,0,1,5.67391E+20,6.0181E+21,1.00357E+16,5.43063E+16
5285,5286,1,0,56,50,2016,8,14,4,2,6,7,0,0,0,0,1,1,0,0,5.46836E+20,5.93794E+21,9.70755E+15,5.35882E+16
5286,5287,1,0,2,0,2016,7,17,6,3,2,6,0,0,0,1,0,0,0,0,5.75503E+20,6.01939E+21,1.01607E+16,5.43168E+16
5287,5288,1,0,56,39,2016,9,13,5,3,6,6,0,0,1,0,1,0,0,0,5.5082E+20,5.94588E+21,9.76904E+15,5.36592E+16
5288,5289,1,0,57,7,2016,8,14,7,3,0,1,0,0,1,0,0,0,0,0,6.09791E+20,6.01792E+21,1.06871E+16,5.42973E+16
5289,5290,1,0,61,44,2016,7,7,7,3,3,6,0,0,0,1,0,0,0,0,5.42953E+20,5.96356E+21,9.65245E+15,5.38188E+16
5290,5291,1,0,53,22,2016,7,18,5,3,2,6,0,0,1,1,0,0,0,0,6.06118E+20,5.92108E+21,1.05971E+16,5.34281E+16
5291,5292,1,0,55,28,2016,9,12,1,3,0,1,0,1,0,0,0,1,0,0,6.01724E+20,6.00396E+21,1.05584E+16,5.41736E+16
5292,5293,1,0,58,92,2016,8,18,6,3,1,3,0,0,1,1,0,0,0,0,5.71581E+20,6.02212E+21,1.01011E+16,5.43419E+16
5293,5294,1,0,1,0,2016,9,10,4,3,0,1,0,0,1,0,0,0,0,0,5.27808E+20,6.07207E+21,9.43252E+15,5.4795E+16
5294,5295,1,0,56,48,2016,9,21,6,1,0,6,2,1,0,1,0,0,0,0,5.50348E+20,5.95184E+21,9.76285E+15,5.37128E+16
5295,5296,1,0,55,35,2016,7,9,4,3,0,6,0,0,1,0,0,0,0,0,6.17086E+20,5.97789E+21,1.07836E+16,5.39362E+16
5296,5297,1,0,58,172,2016,8,6,5,3,5,2,0,1,0,0,0,1,1,0,5.4325E+20,6.01495E+21,9.66428E+15,5.42806E+16
5297,5298,1,0,62,92,2016,9,18,1,3,0,6,0,0,0,1,0,0,0,1,5.87355E+20,5.96882E+21,1.03283E+16,5.38605E+16
5298,5299,1,0,62,8,2016,8,15,2,3,2,1,0,0,0,1,0,0,0,0,5.95573E+20,5.96259E+21,1.04512E+16,5.38031E+16
5299,5300,1,0,56,39,2016,8,12,4,3,0,3,0,1,0,0,0,1,0,1,5.52362E+20,5.94106E+21,9.79155E+15,5.36157E+16
5300,5301,1,0,53,31,2016,7,3,2,3,8,7,2,0,0,1,0,0,1,0,6.01994E+20,5.93621E+21,1.054E+16,5.35648E+16
5301,5302,1,0,2,0,2016,9,7,2,2,8,1,1,1,0,1,0,0,0,0,5.71612E+20,6.01913E+21,1.01008E+16,5.4315E+16
5302,5303,1,0,59,187,2016,8,13,1,3,0,1,0,0,1,0,0,0,0,0,5.52985E+20,6.04877E+21,9.81984E+15,5.45837E+16
5303,5304,1,0,62,56,2016,8,16,6,3,9,1,0,0,0,1,0,0,0,0,5.91326E+20,5.9582E+21,1.03855E+16,5.37644E+16
5304,5305,1,0,62,91,2016,9,19,4,3,8,6,0,0,0,1,0,0,0,1,5.91144E+20,5.94914E+21,1.038E+16,5.3683E+16
5305,5306,1,0,58,111,2016,7,11,7,3,2,6,0,0,0,1,0,0,0,0,5.44574E+20,6.02321E+21,9.68586E+15,5.43548E+16
5306,5307,1,0,53,28,2016,7,4,1,2,7,7,2,0,1,0,0,0,0,0,5.87223E+20,5.92604E+21,1.03142E+16,5.34761E+16
5307,5308,1,0,51,99,2016,8,1,5,3,9,7,2,0,0,1,0,0,0,0,5.1772E+20,5.99258E+21,9.27086E+15,5.40811E+16
5308,5309,1,0,54,76,2016,9,14,6,3,5,3,0,0,1,1,0,0,0,0,4.98535E+20,6.06904E+21,8.97723E+15,5.47686E+16
5309,5310,1,0,55,39,2016,8,19,7,3,0,7,0,0,1,0,0,0,0,0,6.1621E+20,5.99329E+21,1.07761E+16,5.40747E+16
5310,5311,1,0,56,32,2016,7,3,7,2,2,6,2,0,0,1,0,0,0,0,5.51865E+20,5.94925E+21,9.7854E+15,5.36894E+16
5311,5312,1,0,56,15,2016,7,17,5,2,2,6,0,0,0,1,0,0,0,0,5.44416E+20,5.95562E+21,9.67353E+15,5.37473E+16
5312,5313,1,0,56,49,2016,9,10,1,3,1,5,0,0,0,1,0,0,0,0,5.44233E+20,5.9489E+21,9.6698E+15,5.3687E+16
5313,5314,1,0,53,107,2016,8,18,6,2,6,7,0,0,0,1,1,0,0,0,6.21565E+20,5.94637E+21,1.08393E+16,5.36519E+16
5314,5315,1,0,2,0,2016,9,16,4,3,5,2,0,0,1,1,0,0,0,0,5.72202E+20,6.02129E+21,1.01104E+16,5.43343E+16
5315,5316,1,0,58,88,2016,9,9,6,2,9,7,0,0,0,1,0,0,0,0,5.48173E+20,6.02811E+21,9.74203E+15,5.43984E+16
5316,5317,1,0,62,4,2016,8,15,5,3,5,2,0,0,0,1,0,1,0,0,5.89968E+20,5.9633E+21,1.03664E+16,5.38105E+16
5317,5318,1,0,62,94,2016,9,17,2,3,8,6,0,0,0,1,0,0,0,0,6.01678E+20,5.96538E+21,1.05448E+16,5.3827E+16
5318,5319,1,0,54,113,2016,8,11,2,3,2,6,0,0,0,1,0,0,0,0,4.77122E+20,6.01746E+21,8.64841E+15,5.43045E+16
5319,5320,1,0,60,2,2016,8,11,5,3,2,6,0,0,0,1,0,0,1,1,5.61681E+20,5.96058E+21,9.93629E+15,5.37901E+16
5320,5321,1,0,54,45,2016,9,13,2,3,0,1,0,0,0,0,0,1,0,0,5.05372E+20,6.0566E+21,9.08326E+15,5.46567E+16
5321,5322,1,0,2,0,2016,8,14,1,3,4,2,0,0,0,1,0,1,0,0,5.71802E+20,6.02183E+21,1.01044E+16,5.43392E+16
5322,5323,1,0,3,0,2016,9,6,4,3,3,6,0,0,1,0,0,0,0,0,6.12593E+20,5.97022E+21,1.07124E+16,5.38682E+16
5323,5324,1,0,59,183,2016,8,12,6,3,4,2,0,0,0,1,0,0,0,0,5.24912E+20,6.06519E+21,9.38687E+15,5.47334E+16
5324,5325,1,0,56,43,2016,9,7,4,3,2,6,0,0,0,1,0,1,0,0,5.57983E+20,5.94217E+21,9.87672E+15,5.36251E+16
5325,5326,1,0,56,43,2016,7,12,7,3,3,6,0,0,0,1,0,0,0,0,5.57413E+20,5.94267E+21,9.86819E+15,5.36297E+16
5326,5327,1,0,59,75,2016,9,17,3,3,3,6,0,0,0,1,0,0,1,0,5.34232E+20,6.04261E+21,9.52897E+15,5.45299E+16
5327,5328,1,0,60,63,2016,8,18,4,3,2,6,0,0,0,1,0,0,0,0,5.64323E+20,5.94672E+21,9.97351E+15,5.36653E+16
5328,5329,1,0,55,15,2016,7,12,3,3,0,1,0,0,1,0,0,0,0,0,6.23498E+20,6.02338E+21,1.08998E+16,5.43432E+16
5329,5330,1,0,3,0,2016,8,16,4,3,2,6,0,0,0,1,0,0,0,0,6.11659E+20,5.96979E+21,1.0698E+16,5.38646E+16
5330,5331,1,0,56,44,2016,9,14,7,3,5,3,0,0,1,1,0,0,0,0,5.56517E+20,5.93917E+21,9.85402E+15,5.35983E+16
5331,5332,1,0,56,44,2016,7,11,6,3,5,2,0,0,1,1,0,0,0,0,5.56004E+20,5.93927E+21,9.84628E+15,5.35993E+16
5332,5333,1,0,55,17,2016,8,8,7,3,4,6,0,0,0,1,0,0,0,0,6.33418E+20,6.02592E+21,1.10535E+16,5.43636E+16
5333,5334,1,0,60,91,2016,7,19,2,2,9,1,0,0,0,1,0,0,0,0,5.86242E+20,5.97358E+21,1.03127E+16,5.39035E+16
5334,5335,1,0,58,91,2016,8,12,4,3,2,6,0,0,0,1,0,0,1,1,5.61443E+20,5.99558E+21,9.93972E+15,5.41047E+16
5335,5336,1,0,4,0,2016,9,8,6,3,5,3,0,0,1,0,0,0,0,1,5.6468E+20,5.9915E+21,9.98835E+15,5.40676E+16
5336,5337,1,0,54,113,2016,7,20,1,3,2,6,0,0,0,1,0,0,0,0,4.77231E+20,6.0172E+21,8.65011E+15,5.43022E+16
5337,5338,1,0,1,0,2016,9,13,1,3,5,3,0,0,0,1,0,1,0,0,5.27997E+20,6.06936E+21,9.4352E+15,5.47707E+16
5338,5339,1,0,62,9,2016,7,6,5,3,5,2,0,0,0,1,0,0,0,0,5.82217E+20,5.93633E+21,1.02415E+16,5.35694E+16
5339,5340,1,0,53,46,2016,7,10,7,3,3,6,0,0,0,1,0,0,0,0,6.1318E+20,5.9342E+21,1.07081E+16,5.35445E+16
5340,5341,1,0,2,0,2016,8,8,2,3,0,3,0,1,1,0,0,0,0,1,5.73989E+20,6.0199E+21,1.01376E+16,5.43216E+16
5341,5342,1,0,2,0,2016,9,13,4,3,5,3,0,0,0,1,0,0,0,0,5.73509E+20,6.01904E+21,1.013E+16,5.43139E+16
5342,5343,1,0,51,99,2016,8,9,1,2,2,6,0,0,0,0,0,1,0,0,5.19188E+20,5.99253E+21,9.29329E+15,5.40806E+16
5343,5344,1,0,59,126,2016,9,17,6,3,4,6,0,0,0,1,0,0,0,1,5.34336E+20,6.06772E+21,9.53352E+15,5.47555E+16
5344,5345,1,0,3,0,2016,9,14,1,3,2,6,0,1,0,1,0,0,0,0,6.10042E+20,5.9701E+21,1.06735E+16,5.38677E+16
5345,5346,1,0,1,0,2016,7,7,5,3,6,6,0,1,1,0,1,0,0,0,5.28E+20,6.06987E+21,9.43529E+15,5.47753E+16
5346,5347,1,0,62,90,2016,8,14,7,3,2,6,0,0,0,1,0,0,0,0,5.76036E+20,5.94854E+21,1.01512E+16,5.36801E+16
5347,5348,1,0,55,33,2016,9,16,4,3,9,7,0,0,0,1,0,0,0,0,6.21789E+20,6.01755E+21,1.08712E+16,5.42913E+16
5348,5349,1,0,51,139,2016,7,12,6,3,8,3,0,1,0,1,0,0,0,1,5.23195E+20,6.00824E+21,9.35574E+15,5.42216E+16
5349,5350,1,0,61,30,2016,8,17,5,3,5,2,0,0,0,1,0,0,0,1,5.34313E+20,5.96609E+21,9.5215E+15,5.38422E+16
5350,5351,1,0,62,76,2016,8,17,3,3,2,6,0,0,0,1,0,1,0,0,5.72585E+20,5.95378E+21,1.01002E+16,5.37276E+16
5351,5352,1,0,59,53,2016,8,2,4,3,8,6,1,0,0,1,0,0,0,0,5.333E+20,6.02796E+21,9.51292E+15,5.43983E+16
5352,5353,1,0,4,0,2016,9,11,5,3,0,7,0,0,1,0,0,0,0,0,5.65148E+20,5.99338E+21,9.9959E+15,5.40845E+16
5353,5354,1,0,62,18,2016,8,10,2,3,8,1,0,1,0,1,0,0,0,0,5.81475E+20,5.93183E+21,1.02292E+16,5.3529E+16
5354,5355,1,0,55,42,2016,8,18,5,3,2,6,0,0,0,1,0,0,0,0,6.16612E+20,5.9841E+21,1.07787E+16,5.39921E+16
5355,5356,1,0,2,0,2016,9,6,7,2,8,1,2,0,0,1,0,0,0,0,5.68552E+20,6.01767E+21,1.00535E+16,5.43023E+16
5356,5357,1,0,51,122,2016,7,10,6,3,5,2,0,0,0,1,0,0,0,1,5.05639E+20,6.01004E+21,9.08652E+15,5.42383E+16
5357,5358,1,0,54,113,2016,8,16,1,3,5,3,0,0,1,1,0,0,0,0,4.7732E+20,6.01721E+21,8.65148E+15,5.43023E+16
5358,5359,1,0,53,44,2016,8,13,6,2,5,3,0,1,1,1,0,0,0,0,6.04412E+20,5.96232E+21,1.05853E+16,5.37989E+16
5359,5360,1,0,62,61,2016,9,17,1,3,5,3,0,0,0,1,0,1,0,0,5.9695E+20,5.96468E+21,1.04728E+16,5.38216E+16
5360,5361,1,0,62,20,2016,8,17,7,3,2,6,0,0,0,1,0,1,0,0,5.91816E+20,5.93769E+21,1.03868E+16,5.358E+16
5361,5362,1,0,2,0,2016,9,18,5,3,1,5,0,0,1,1,0,0,0,0,5.73679E+20,6.02128E+21,1.01331E+16,5.4334E+16
5362,5363,1,0,54,56,2016,8,16,4,3,0,1,0,1,0,0,0,1,0,0,5.03456E+20,6.03753E+21,9.05334E+15,5.44853E+16
5363,5364,1,0,54,57,2016,9,13,7,3,5,3,0,0,0,0,0,1,0,1,5.09516E+20,6.04316E+21,9.14707E+15,5.45359E+16
5364,5365,1,0,62,53,2016,8,18,6,3,4,6,0,0,1,0,0,1,0,0,5.76525E+20,5.93324E+21,1.01548E+16,5.35425E+16
5365,5366,1,0,62,60,2016,9,15,2,3,0,7,0,0,0,1,0,0,0,0,5.8115E+20,5.92998E+21,1.02238E+16,5.35125E+16
5366,5367,1,0,54,88,2016,8,10,2,2,5,2,0,0,0,1,0,0,0,0,4.86316E+20,6.07423E+21,8.78705E+15,5.48151E+16
5367,5368,1,0,58,117,2016,7,19,6,3,2,6,0,1,0,1,0,0,0,0,5.55467E+20,6.0028E+21,9.84966E+15,5.41703E+16
5368,5369,1,0,54,76,2016,9,16,3,2,2,2,0,0,0,1,0,0,0,0,4.97777E+20,6.0669E+21,8.96546E+15,5.47494E+16
5369,5370,1,0,3,0,2016,8,5,2,3,5,3,1,0,1,1,0,0,0,0,6.07925E+20,5.96726E+21,1.06403E+16,5.38426E+16
5370,5371,1,0,56,18,2016,7,20,7,3,5,2,0,0,0,1,0,0,0,0,5.57382E+20,5.94253E+21,9.8677E+15,5.36284E+16
5371,5372,1,0,3,0,2016,8,7,4,2,1,1,0,0,0,1,0,0,0,0,6.12469E+20,5.96969E+21,1.07103E+16,5.38635E+16
5372,5373,1,0,53,100,2016,9,15,5,3,6,4,0,0,0,1,1,0,0,0,6.17734E+20,5.95127E+21,1.07833E+16,5.36969E+16
5373,5374,1,0,58,168,2016,8,5,7,2,2,7,1,1,0,1,0,0,0,1,5.57192E+20,6.00642E+21,9.87677E+15,5.42026E+16
5374,5375,1,0,56,18,2016,7,14,6,2,1,6,0,0,0,1,0,0,0,0,5.54419E+20,5.94169E+21,9.82276E+15,5.36212E+16
5375,5376,1,0,58,140,2016,7,9,5,3,2,6,0,0,0,1,0,1,0,0,5.46915E+20,6.0187E+21,9.72115E+15,5.4314E+16
5376,5377,1,0,59,184,2016,9,14,1,3,2,1,0,0,0,1,0,0,0,0,5.2806E+20,6.0615E+21,9.43541E+15,5.47E+16
5377,5378,1,0,60,96,2016,9,8,4,3,2,6,0,0,0,1,0,0,0,0,5.88389E+20,5.97552E+21,1.03459E+16,5.39205E+16
5378,5379,1,0,56,21,2016,9,17,5,2,3,2,0,0,1,0,0,0,1,0,5.60148E+20,5.94951E+21,9.91088E+15,5.36908E+16
5379,5380,1,0,60,24,2016,7,14,4,2,8,1,0,0,0,1,0,0,0,0,5.93877E+20,5.97571E+21,1.04295E+16,5.39213E+16
5380,5381,1,0,3,0,2016,7,18,4,3,6,7,0,0,1,0,1,0,0,0,6.10331E+20,5.97133E+21,1.06784E+16,5.38787E+16
5381,5382,1,0,2,0,2016,8,11,5,2,0,1,0,1,1,0,0,0,0,0,5.73849E+20,6.0204E+21,1.01355E+16,5.43261E+16
5382,5383,1,0,3,0,2016,9,13,1,3,5,2,0,0,1,0,0,0,0,1,6.0943E+20,5.97091E+21,1.06645E+16,5.38751E+16
5383,5384,1,0,62,14,2016,8,9,1,3,5,2,0,0,0,1,0,1,0,0,5.82461E+20,5.95117E+21,1.02491E+16,5.37027E+16
5384,5385,1,0,60,21,2016,8,11,4,3,1,7,0,0,0,1,0,0,0,0,5.52561E+20,5.97594E+21,9.80051E+15,5.39292E+16
5385,5386,1,0,4,0,2016,9,1,7,2,5,3,2,1,0,1,0,0,0,0,5.63775E+20,5.99078E+21,9.97437E+15,5.40613E+16
5386,5387,1,0,56,49,2016,7,15,1,3,5,2,0,0,1,1,0,0,0,0,5.44168E+20,5.94825E+21,9.66871E+15,5.36811E+16
5387,5388,1,0,60,67,2016,9,11,1,3,8,6,0,0,0,0,0,1,0,0,5.98381E+20,5.98013E+21,1.04995E+16,5.39602E+16
5388,5389,1,0,60,4,2016,8,15,1,3,8,1,0,1,0,1,0,0,0,0,5.61546E+20,5.97347E+21,9.93682E+15,5.3906E+16
5389,5390,1,0,51,44,2016,8,16,5,3,5,3,0,0,1,1,0,0,0,0,5.05888E+20,6.00391E+21,9.09023E+15,5.41832E+16
5390,5391,1,0,55,17,2016,9,12,4,3,2,6,0,0,0,1,0,0,0,0,6.33925E+20,6.02687E+21,1.10617E+16,5.4372E+16
5391,5392,1,0,60,45,2016,7,6,6,3,5,2,0,0,0,1,0,1,0,0,5.67608E+20,5.96635E+21,1.00275E+16,5.38412E+16
5392,5393,1,0,51,74,2016,9,8,2,3,0,1,0,0,1,0,0,0,0,0,5.04505E+20,5.99322E+21,9.06887E+15,5.40871E+16
5393,5394,1,0,59,174,2016,8,17,4,2,0,1,0,0,1,0,0,0,0,0,5.21569E+20,6.06098E+21,9.33465E+15,5.46957E+16
5394,5395,1,0,2,0,2016,8,17,4,2,3,6,0,0,1,0,0,0,0,0,5.75825E+20,6.01967E+21,1.01657E+16,5.43193E+16