FID,OBJECTID,ULAND,UREGBEZ,UKREIS,UGEMEINDE,UJAHR,UMONAT,USTUNDE,UWOCHENTAG,UKATEGORIE,UART,UTYP1,ULICHTVERH,IstStrasse,IstRad,IstPKW,IstFuss,IstKrad,IstGkfz,IstSonstig,LINREFX,LINREFY,XGCSWGS84,YGCSWGS84
5395,5396,1,0,53,43,2016,7,17,7,3,5,3,0,0,0,1,0,0,0,0,6.15702E+20,5.96132E+21,1.07563E+16,5.37876E+16
5396,5397,1,0,58,152,2016,9,19,7,3,2,6,1,0,0,0,0,1,0,0,5.5313E+20,6.02489E+21,9.81779E+15,5.4369E+16
5397,5398,1,0,2,0,2016,7,18,6,3,0,1,0,1,1,0,0,0,0,0,5.73624E+20,6.02106E+21,1.01322E+16,5.43321E+16
5398,5399,1,0,54,95,2016,8,11,7,3,9,1,0,1,0,1,0,0,0,0,4.95243E+20,6.02199E+21,8.92683E+15,5.43457E+16
5399,5400,1,0,55,42,2016,7,17,2,3,4,6,0,0,0,1,0,0,0,0,6.16251E+20,5.98229E+21,1.07725E+16,5.39759E+16
5400,5401,1,0,59,183,2016,9,4,6,3,9,7,2,0,0,1,0,0,0,0,5.22828E+20,6.06349E+21,9.35439E+15,5.47182E+16
5401,5402,1,0,59,143,2016,7,20,4,2,8,1,0,0,0,1,0,0,0,0,5.11293E+20,6.07288E+21,9.17568E+15,5.4803E+16
5402,5403,1,0,3,0,2016,9,17,2,3,4,2,0,0,0,1,0,0,0,0,6.11043E+20,5.97353E+21,1.069E+16,5.38983E+16
5403,5404,1,0,3,0,2016,8,6,3,3,5,3,0,0,1,1,0,0,0,0,6.1831E+20,5.97543E+21,1.08013E+16,5.39137E+16
5404,5405,1,0,56,4,2016,9,16,7,2,2,6,0,0,0,1,0,1,0,0,5.57749E+20,5.95834E+21,9.8762E+15,5.37705E+16
5405,5406,1,0,56,41,2016,7,18,6,3,5,3,0,0,0,1,0,0,0,0,5.59983E+20,5.952E+21,9.90886E+15,5.37132E+16
5406,5407,1,0,59,183,2016,8,9,2,3,2,6,0,1,0,0,0,0,1,0,5.21854E+20,6.07073E+21,9.33981E+15,5.47833E+16
5407,5408,1,0,56,9,2016,9,13,3,3,8,1,0,0,0,1,0,0,0,0,5.55215E+20,5.95132E+21,9.8365E+15,5.37076E+16
5408,5409,1,0,53,129,2016,8,21,1,3,0,1,2,1,1,0,0,0,0,0,5.82986E+20,5.92925E+21,1.02513E+16,5.35057E+16
5409,5410,1,0,51,44,2016,9,13,5,3,5,2,0,0,1,1,0,0,0,0,5.07347E+20,6.00545E+21,9.11262E+15,5.41971E+16
5410,5411,1,0,59,183,2016,9,12,1,3,2,6,0,1,0,1,0,0,0,0,5.21273E+20,6.07263E+21,9.33091E+15,5.48004E+16
5411,5412,1,0,56,20,2016,7,14,4,3,5,2,0,0,0,1,0,1,0,0,5.3958E+20,5.94311E+21,9.5986E+15,5.36353E+16
5412,5413,1,0,55,46,2016,8,18,7,3,8,6,0,0,0,1,0,0,0,1,6.37363E+20,6.03708E+21,1.11193E+16,5.44628E+16
5413,5414,1,0,3,0,2016,9,11,3,3,2,6,0,0,1,1,0,0,0,0,6.10625E+20,5.9685E+21,1.06818E+16,5.38532E+16
5414,5415,1,0,58,107,2016,8,6,3,3,5,3,0,0,1,1,0,0,0,0,5.70657E+20,6.01595E+21,1.00854E+16,5.42866E+16
5415,5416,1,0,2,0,2016,7,13,7,3,5,2,0,1,1,1,0,0,0,0,5.74145E+20,6.02063E+21,1.01401E+16,5.43282E+16
5416,5417,1,0,58,5,2016,8,6,3,3,3,6,0,0,1,1,0,0,0,0,5.70729E+20,6.02675E+21,1.00891E+16,5.43836E+16
5417,5418,1,0,60,95,2016,8,15,3,3,4,6,0,0,0,0,0,1,1,0,5.54675E+20,5.97271E+21,9.83212E+15,5.38999E+16
5418,5419,1,0,56,39,2016,8,12,2,3,2,6,0,0,0,1,0,0,0,0,5.53233E+20,5.9473E+21,9.80578E+15,5.36718E+16
5419,5420,1,0,54,126,2016,9,19,5,3,1,7,0,0,1,1,0,0,0,0,4.94614E+20,6.06572E+21,8.91635E+15,5.47387E+16
5420,5421,1,0,4,0,2016,8,15,5,3,5,2,0,0,0,1,0,0,0,0,5.63816E+20,5.99157E+21,9.97517E+15,5.40684E+16
5421,5422,1,0,4,0,2016,9,7,3,3,4,6,0,0,0,1,0,0,0,1,5.62298E+20,5.99751E+21,9.9532E+15,5.41219E+16
5422,5423,1,0,58,171,2016,8,10,4,3,5,3,0,0,0,1,0,1,0,0,5.58826E+20,6.01557E+21,9.90362E+15,5.42847E+16
5423,5424,1,0,55,17,2016,7,16,3,3,2,6,0,0,0,1,0,0,0,0,6.34427E+20,6.02709E+21,1.10695E+16,5.43738E+16
5424,5425,1,0,4,0,2016,8,8,4,3,6,4,0,0,1,0,1,0,0,0,5.64311E+20,5.99241E+21,9.98291E+15,5.40758E+16
5425,5426,1,0,61,7,2016,7,12,7,2,8,1,0,0,1,0,0,0,0,0,5.27161E+20,5.9704E+21,9.41318E+15,5.38814E+16
5426,5427,1,0,53,12,2016,9,21,7,3,0,1,2,0,0,1,0,0,0,0,5.84269E+20,5.9254E+21,1.02696E+16,5.34709E+16
5427,5428,1,0,55,32,2016,7,11,6,3,5,2,0,0,0,0,0,1,0,1,6.19056E+20,5.99679E+21,1.0821E+16,5.41055E+16
5428,5429,1,0,58,87,2016,7,14,6,3,9,1,0,0,1,0,0,0,0,0,5.6313E+20,6.0534E+21,9.97779E+15,5.46241E+16
5429,5430,1,0,58,1,2016,8,18,7,2,7,7,0,1,0,0,0,1,0,0,5.67151E+20,6.0178E+21,1.0032E+16,5.43036E+16
5430,5431,1,0,60,64,2016,7,0,2,2,8,1,2,0,0,1,0,0,0,0,5.60931E+20,5.96776E+21,9.92634E+15,5.38548E+16
5431,5432,1,0,60,11,2016,8,16,3,3,5,3,0,0,1,1,0,0,0,0,5.66311E+20,5.98485E+21,1.00118E+16,5.40077E+16
5432,5433,1,0,1,0,2016,9,15,6,3,1,6,0,0,0,1,0,0,0,0,5.26674E+20,6.07011E+21,9.41469E+15,5.47775E+16
5433,5434,1,0,60,5,2016,7,16,4,3,3,3,0,0,0,1,0,0,1,0,5.83662E+20,5.97506E+21,1.02738E+16,5.39172E+16
5434,5435,1,0,53,129,2016,9,17,2,3,2,6,0,0,0,1,0,0,0,0,5.8257E+20,5.9274E+21,1.02445E+16,5.34891E+16
5435,5436,1,0,61,71,2016,9,15,7,3,2,6,0,0,0,1,0,0,0,1,5.42037E+20,5.9793E+21,9.6407E+15,5.39604E+16
5436,5437,1,0,3,0,2016,7,17,5,3,5,2,0,0,1,1,0,0,0,0,6.09538E+20,5.97104E+21,1.06662E+16,5.38763E+16
5437,5438,1,0,53,32,2016,7,14,6,3,4,6,0,0,0,1,0,0,0,0,5.9512E+20,5.92009E+21,1.04314E+16,5.34213E+16
5438,5439,1,0,59,75,2016,8,21,2,3,5,3,1,1,0,1,0,0,0,0,5.35401E+20,6.04078E+21,9.54682E+15,5.45134E+16
5439,5440,1,0,54,131,2016,9,9,4,3,3,6,0,0,0,1,0,0,0,0,4.95132E+20,6.08228E+21,8.92412E+15,5.48875E+16
5440,5441,1,0,60,63,2016,8,17,1,3,5,3,0,1,0,1,0,0,0,0,5.67752E+20,5.95141E+21,1.00264E+16,5.3707E+16
5441,5442,1,0,4,0,2016,9,12,6,2,0,1,0,0,0,0,0,1,0,0,5.62368E+20,5.99771E+21,9.95431E+15,5.41237E+16
5442,5443,1,0,1,0,2016,9,22,1,3,4,2,2,1,0,1,0,0,0,0,5.26674E+20,6.07009E+21,9.41469E+15,5.47773E+16
5443,5444,1,0,51,118,2016,7,19,4,3,9,1,0,0,1,0,0,0,0,0,4.99833E+20,5.98412E+21,8.99746E+15,5.40054E+16
5444,5445,1,0,3,0,2016,8,18,7,2,5,2,0,0,1,1,0,0,0,0,6.1124E+20,5.96908E+21,1.06914E+16,5.38583E+16
5445,5446,1,0,51,113,2016,9,11,3,3,2,6,0,0,0,1,0,0,0,0,4.99165E+20,6.00275E+21,8.98722E+15,5.41728E+16
5446,5447,1,0,53,30,2016,7,18,6,3,2,7,0,0,0,1,0,0,0,0,6.13961E+20,5.94851E+21,1.07251E+16,5.36729E+16
5447,5448,1,0,58,54,2016,8,6,3,3,5,3,0,0,1,1,0,0,0,0,5.38954E+20,6.01876E+21,9.5988E+15,5.43152E+16
5448,5449,1,0,55,44,2016,8,17,3,3,5,3,0,0,1,1,0,0,0,0,6.14121E+20,5.98871E+21,1.07425E+16,5.40341E+16
5449,5450,1,0,61,27,2016,8,17,3,2,5,3,0,0,1,1,0,0,0,0,5.31333E+20,5.96005E+21,9.47559E+15,5.3788E+16
5450,5451,1,0,57,24,2016,9,17,5,3,9,1,0,0,0,1,0,0,0,0,5.70238E+20,5.99773E+21,1.00747E+16,5.41229E+16
5451,5452,1,0,2,0,2016,8,8,2,3,5,3,0,0,1,1,0,0,0,0,5.75514E+20,6.019E+21,1.01608E+16,5.43133E+16
5452,5453,1,0,55,35,2016,8,20,5,3,2,1,1,0,0,0,0,1,0,0,6.13019E+20,5.97633E+21,1.07211E+16,5.3923E+16
5453,5454,1,0,56,15,2016,9,13,6,3,2,6,0,0,0,1,0,0,0,0,5.45171E+20,5.95818E+21,9.68535E+15,5.37702E+16
5454,5455,1,0,62,60,2016,7,11,6,3,5,2,0,1,0,1,0,0,0,0,5.82998E+20,5.93185E+21,1.02521E+16,5.3529E+16
5455,5456,1,0,62,8,2016,8,15,1,3,2,6,0,0,0,1,0,0,0,0,5.95509E+20,5.96254E+21,1.04503E+16,5.38026E+16
5456,5457,1,0,4,0,2016,8,5,6,3,5,3,1,1,1,1,0,0,0,0,5.66878E+20,5.9897E+21,1.00215E+16,5.40512E+16
5457,5458,1,0,58,43,2016,9,15,2,3,5,3,0,0,1,1,0,0,0,0,5.53622E+20,6.03502E+21,9.82719E+15,5.446E+16
5458,5459,1,0,55,46,2016,8,3,7,3,0,1,2,0,1,0,0,0,0,0,6.4205E+20,6.03483E+21,1.11905E+16,5.44413E+16
5459,5460,1,0,60,9,2016,9,16,5,2,0,7,0,0,0,1,0,0,1,1,5.61747E+20,5.97538E+21,9.94026E+15,5.39231E+16
5460,5461,1,0,51,99,2016,8,9,4,2,8,1,0,1,0,1,0,0,0,0,5.17424E+20,5.99365E+21,9.2664E+15,5.40908E+16
5461,5462,1,0,54,167,2016,9,13,7,3,5,6,0,0,0,1,0,0,0,1,4.97188E+20,6.06325E+21,8.95635E+15,5.47165E+16
5462,5463,1,0,55,28,2016,8,14,6,3,2,6,0,0,1,1,0,0,0,0,6.01805E+20,6.00703E+21,1.05607E+16,5.42011E+16
5463,5464,1,0,55,33,2016,9,14,2,3,2,6,0,0,0,1,0,0,0,0,6.22507E+20,6.01683E+21,1.08819E+16,5.42847E+16
5464,5465,1,0,59,113,2016,8,17,2,3,5,3,0,0,0,1,0,1,0,0,5.34618E+20,6.07608E+21,9.53891E+15,5.48307E+16
5465,5466,1,0,51,74,2016,8,13,5,3,5,2,0,1,1,1,0,0,0,0,5.04303E+20,5.9929E+21,9.06577E+15,5.40843E+16
5466,5467,1,0,2,0,2016,7,18,6,3,0,1,0,1,0,1,0,0,0,0,5.73982E+20,6.01783E+21,1.01369E+16,5.4303E+16
5467,5468,1,0,51,46,2016,9,18,2,3,8,7,0,0,0,1,0,0,0,0,5.00512E+20,5.97968E+21,9.00781E+15,5.39655E+16
5468,5469,1,0,58,43,2016,8,12,2,2,5,2,0,0,1,1,0,0,0,0,5.53556E+20,6.03638E+21,9.82642E+15,5.44723E+16
5469,5470,1,0,3,0,2016,7,11,7,3,5,2,0,0,0,1,0,0,0,0,6.12101E+20,5.9682E+21,1.07041E+16,5.38502E+16
5470,5471,1,0,3,0,2016,8,12,4,3,2,2,0,0,0,1,0,0,1,0,6.09408E+20,5.97151E+21,1.06644E+16,5.38805E+16
5471,5472,1,0,3,0,2016,9,16,5,3,4,6,0,0,1,0,0,0,0,0,6.14089E+20,5.97033E+21,1.07351E+16,5.38689E+16
5472,5473,1,0,56,3,2016,8,15,6,3,8,7,0,0,0,1,0,0,0,0,5.5043E+20,5.95674E+21,9.7649E+15,5.37569E+16
5473,5474,1,0,53,83,2016,7,12,6,3,5,3,0,1,0,1,0,0,0,0,6.02876E+20,5.91537E+21,1.05465E+16,5.33774E+16
5474,5475,1,0,2,0,2016,7,17,5,3,2,6,0,0,0,1,0,0,0,0,5.72873E+20,6.02037E+21,1.01205E+16,5.4326E+16
5475,5476,1,0,51,44,2016,9,1,7,3,9,1,2,1,0,1,0,0,0,0,5.07031E+20,6.00645E+21,9.1078E+15,5.4206E+16
5476,5477,1,0,61,104,2016,9,14,3,3,0,1,0,0,1,0,0,0,0,0,5.36869E+20,5.96607E+21,9.56034E+15,5.38418E+16
5477,5478,1,0,58,172,2016,9,11,5,3,2,6,0,0,0,1,0,0,0,0,5.41923E+20,6.01493E+21,9.64391E+15,5.42805E+16
5478,5479,1,0,55,35,2016,7,16,4,3,2,6,0,0,0,1,0,0,0,0,6.13974E+20,5.97565E+21,1.07354E+16,5.39167E+16
5479,5480,1,0,4,0,2016,7,15,4,2,2,6,0,0,0,1,0,0,1,0,5.67027E+20,5.9884E+21,1.00235E+16,5.40395E+16
5480,5481,1,0,62,56,2016,8,19,3,2,8,1,0,0,0,0,0,1,0,0,5.91401E+20,5.95792E+21,1.03865E+16,5.37618E+16
5481,5482,1,0,59,82,2016,8,13,5,2,9,7,0,1,1,0,0,0,0,0,5.42252E+20,6.05401E+21,9.65454E+15,5.46318E+16
5482,5483,1,0,57,12,2016,9,16,1,3,2,6,0,0,0,0,0,1,0,1,5.80624E+20,6.02761E+21,1.02416E+16,5.43899E+16
5483,5484,1,0,55,38,2016,8,3,1,3,8,7,2,1,0,0,0,0,0,1,6.14074E+20,6.0075E+21,1.07489E+16,5.42028E+16
5484,5485,1,0,55,35,2016,8,15,4,3,2,1,0,1,0,1,0,0,1,0,6.12866E+20,5.97738E+21,1.07191E+16,5.39325E+16
5485,5486,1,0,59,53,2016,9,20,7,3,4,6,2,0,0,1,0,0,0,0,5.34188E+20,6.02951E+21,9.52678E+15,5.44122E+16
5486,5487,1,0,60,60,2016,7,14,1,2,4,1,0,0,0,1,0,1,0,0,5.88938E+20,5.98674E+21,1.03575E+16,5.40212E+16
5487,5488,1,0,62,16,2016,9,14,1,3,4,6,0,0,1,0,0,0,0,0,5.83199E+20,5.95687E+21,1.02619E+16,5.37538E+16
5488,5489,1,0,55,46,2016,9,12,6,3,0,1,0,0,1,0,0,0,0,0,6.42103E+20,6.03481E+21,1.11913E+16,5.44411E+16
5489,5490,1,0,56,44,2016,8,16,5,3,9,1,0,0,0,0,0,1,0,0,5.55222E+20,5.93958E+21,9.83451E+15,5.36021E+16
5490,5491,1,0,58,65,2016,9,19,4,3,8,1,2,0,0,1,0,0,0,0,5.56522E+20,6.00968E+21,9.86711E+15,5.4232E+16
5491,5492,1,0,62,60,2016,7,16,6,3,2,6,0,1,0,1,0,0,0,0,5.8208E+20,5.932E+21,1.02383E+16,5.35305E+16
5492,5493,1,0,51,1,2016,8,17,3,3,5,3,0,0,0,1,0,1,0,0,5.1883E+20,5.99894E+21,9.28822E+15,5.41382E+16
5493,5494,1,0,57,48,2016,8,11,4,3,4,6,0,0,0,1,0,0,0,0,6.03005E+20,6.01773E+21,1.05828E+16,5.42971E+16
5494,5495,1,0,3,0,2016,7,13,7,3,5,2,0,0,0,1,0,0,0,1,6.10145E+20,5.96993E+21,1.0675E+16,5.38662E+16
5495,5496,1,0,54,131,2016,9,13,7,2,8,7,0,0,0,0,0,1,0,0,4.90365E+20,6.08166E+21,8.84982E+15,5.48819E+16
5496,5497,1,0,59,112,2016,7,15,6,2,5,3,0,0,0,1,0,0,0,0,5.6036E+20,6.06575E+21,9.93744E+15,5.47354E+16
5497,5498,1,0,62,11,2016,8,12,7,3,8,7,0,0,0,1,0,0,0,0,5.82359E+20,5.94273E+21,1.02454E+16,5.36269E+16
5498,5499,1,0,3,0,2016,7,11,2,3,3,7,0,0,0,1,0,0,0,0,6.11623E+20,5.96877E+21,1.06971E+16,5.38554E+16
5499,5500,1,0,61,46,2016,9,8,5,3,3,6,0,0,0,1,0,0,1,0,5.34912E+20,5.97588E+21,9.53172E+15,5.39302E+16
5500,5501,1,0,58,104,2016,9,17,2,3,0,1,0,0,1,0,0,0,0,0,5.6707E+20,6.01941E+21,1.00311E+16,5.43182E+16
5501,5502,1,0,55,40,2016,8,17,3,3,0,7,0,0,0,0,0,1,0,0,6.05556E+20,5.97677E+21,1.06076E+16,5.39285E+16
5502,5503,1,0,62,60,2016,9,20,7,2,0,7,2,0,1,0,0,0,0,0,5.82313E+20,5.92982E+21,1.02413E+16,5.35108E+16
5503,5504,1,0,62,18,2016,7,15,6,3,5,3,0,0,1,1,0,0,0,0,5.81836E+20,5.93395E+21,1.02351E+16,5.3548E+16
5504,5505,1,0,60,44,2016,8,13,1,3,5,2,0,0,1,1,0,0,0,0,5.63581E+20,5.96591E+21,9.96623E+15,5.38379E+16
5505,5506,1,0,58,92,2016,9,12,3,3,2,6,0,0,0,1,0,0,0,0,5.71473E+20,6.02228E+21,1.00995E+16,5.43434E+16
5506,5507,1,0,58,135,2016,8,17,1,3,0,7,0,0,1,0,0,0,0,0,5.44783E+20,6.01792E+21,9.68827E+15,5.43072E+16
5507,5508,1,0,56,3,2016,9,19,5,3,5,3,1,0,0,1,0,0,0,0,5.50835E+20,5.95661E+21,9.77102E+15,5.37556E+16
5508,5509,1,0,51,13,2016,9,10,7,3,5,2,0,0,1,1,0,0,0,0,4.91518E+20,5.99775E+21,8.8702E+15,5.41278E+16
5509,5510,1,0,54,168,2016,8,22,7,3,4,6,1,0,0,1,0,0,0,0,4.54523E+20,6.07691E+21,8.29193E+15,5.48373E+16
5510,5511,1,0,2,0,2016,9,7,3,3,5,3,0,0,1,1,0,0,0,0,5.73168E+20,6.02181E+21,1.01254E+16,5.43389E+16
5511,5512,1,0,60,81,2016,8,0,3,3,8,7,2,0,0,1,0,0,0,0,5.98626E+20,5.97546E+21,1.05017E+16,5.39182E+16
5512,5513,1,0,59,121,2016,7,13,7,2,0,7,0,0,1,0,0,0,0,0,5.61629E+20,6.06265E+21,9.9565E+15,5.47074E+16
5513,5514,1,0,2,0,2016,8,13,3,3,1,5,2,0,1,1,0,0,0,0,5.72581E+20,6.02042E+21,1.0116E+16,5.43265E+16
5514,5515,1,0,4,0,2016,8,11,3,3,5,2,0,0,1,0,0,1,0,0,5.64218E+20,5.99242E+21,9.98148E+15,5.4076E+16
5515,5516,1,0,53,100,2016,7,12,1,3,0,7,0,1,1,0,0,0,0,0,6.16816E+20,5.95151E+21,1.07695E+16,5.36992E+16
5516,5517,1,0,59,187,2016,8,17,5,2,8,1,0,0,1,0,0,0,0,0,5.52472E+20,6.05187E+21,9.81246E+15,5.46115E+16
5517,5518,1,0,55,40,2016,9,7,6,3,3,6,0,0,0,1,0,1,0,0,6.081E+20,5.9723E+21,1.06448E+16,5.38879E+16
5518,5519,1,0,60,82,2016,8,15,7,3,5,3,0,0,1,1,0,0,0,0,5.67494E+20,5.96903E+21,1.00264E+16,5.38653E+16
5519,5520,1,0,53,87,2016,7,13,6,3,5,3,0,0,0,1,0,0,0,0,6.0288E+20,5.92165E+21,1.05486E+16,5.34338E+16
5520,5521,1,0,59,120,2016,7,18,6,3,2,6,0,0,0,1,0,0,0,0,5.25682E+20,6.07203E+21,9.39945E+15,5.47948E+16
5521,5522,1,0,61,92,2016,9,10,2,2,3,6,0,0,0,1,0,0,1,1,5.38269E+20,5.96737E+21,9.58177E+15,5.38534E+16
5522,5523,1,0,62,9,2016,8,14,7,2,2,6,0,0,0,1,0,0,1,0,5.7855E+20,5.93585E+21,1.0186E+16,5.35656E+16
5523,5524,1,0,3,0,2016,9,13,4,3,5,3,0,0,1,1,0,0,0,0,6.07601E+20,5.96873E+21,1.06359E+16,5.38559E+16
5524,5525,1,0,3,0,2016,8,16,3,3,3,2,0,0,1,1,0,0,0,0,6.12211E+20,5.97198E+21,1.07072E+16,5.38841E+16
5525,5526,1,0,62,53,2016,9,6,6,3,4,6,0,0,0,1,0,0,0,0,5.78995E+20,5.9331E+21,1.01921E+16,5.35408E+16
5526,5527,1,0,54,36,2016,8,13,6,3,5,3,0,0,1,1,0,0,0,0,4.85653E+20,6.02002E+21,8.7794E+15,5.43278E+16
5527,5528,1,0,2,0,2016,9,17,2,3,1,6,0,0,1,0,0,0,0,0,5.72529E+20,6.02018E+21,1.01152E+16,5.43244E+16
5528,5529,1,0,58,90,2016,8,13,2,3,2,6,0,0,0,1,0,0,0,0,5.48439E+20,6.03845E+21,9.7478E+15,5.44914E+16
5529,5530,1,0,55,1,2016,8,11,5,3,5,3,0,0,0,1,0,0,0,0,6.03688E+20,5.98602E+21,1.05823E+16,5.4012E+16
5530,5531,1,0,58,34,2016,9,7,2,3,5,3,0,1,0,1,0,0,0,0,5.45008E+20,6.0195E+21,9.69197E+15,5.43214E+16
5531,5532,1,0,56,5,2016,8,17,1,3,0,1,0,0,1,0,0,0,0,0,5.59832E+20,5.94651E+21,9.9055E+15,5.36639E+16
5532,5533,1,0,2,0,2016,8,16,4,3,2,6,0,0,0,1,0,0,0,0,5.75741E+20,6.0191E+21,1.01643E+16,5.43142E+16
5533,5534,1,0,59,107,2016,9,7,5,3,3,2,0,0,1,1,0,0,0,0,5.24484E+20,6.05259E+21,9.37917E+15,5.46202E+16
5534,5535,1,0,4,0,2016,8,12,6,3,5,2,0,0,1,0,0,0,0,1,5.64123E+20,5.99257E+21,9.98006E+15,5.40774E+16
5535,5536,1,0,55,46,2016,7,11,6,3,5,3,0,0,0,1,0,0,0,0,6.39104E+20,6.03592E+21,1.11456E+16,5.44519E+16
5536,5537,1,0,51,125,2016,7,5,4,3,8,6,0,0,0,1,0,0,1,0,5.1705E+20,6.0064E+21,9.2614E+15,5.42054E+16
5537,5538,1,0,3,0,2016,9,10,3,3,3,3,0,0,0,1,0,0,0,0,6.1014E+20,5.96993E+21,1.0675E+16,5.38662E+16
5538,5539,1,0,58,146,2016,9,18,5,3,2,6,0,0,0,1,0,0,0,0,5.48324E+20,6.01735E+21,9.7426E+15,5.43017E+16
5539,5540,1,0,56,21,2016,7,13,4,3,2,6,0,0,0,1,0,0,0,0,5.62292E+20,5.95057E+21,9.94355E+15,5.37001E+16
5540,5541,1,0,62,76,2016,8,15,4,2,2,6,0,0,1,0,0,0,0,0,5.72296E+20,5.95399E+21,1.00959E+16,5.37296E+16
5541,5542,1,0,53,12,2016,9,14,6,3,2,6,0,0,0,1,0,0,0,0,5.84928E+20,5.92523E+21,1.02794E+16,5.34692E+16
5542,5543,1,0,3,0,2016,7,15,6,3,5,3,0,0,0,1,0,0,0,0,6.08886E+20,5.97064E+21,1.06561E+16,5.38727E+16
5543,5544,1,0,2,0,2016,8,9,6,3,3,1,0,1,0,1,0,0,0,0,5.72799E+20,6.02284E+21,1.012E+16,5.43482E+16
5544,5545,1,0,58,9,2016,9,20,2,3,7,7,2,0,0,1,0,0,0,0,5.46652E+20,5.99249E+21,9.71305E+15,5.40785E+16
5545,5546,1,0,59,138,2016,8,15,7,3,2,6,0,0,1,1,0,0,0,0,5.25553E+20,6.05339E+21,9.39581E+15,5.46273E+16
5546,5547,1,0,56,15,2016,9,15,4,3,2,6,0,0,0,1,0,0,0,0,5.44248E+20,5.95558E+21,9.67097E+15,5.3747E+16
5547,5548,1,0,60,41,2016,8,14,3,3,2,6,0,0,0,1,0,0,0,0,5.83551E+20,5.97529E+21,1.02722E+16,5.39193E+16
5548,5549,1,0,60,11,2016,9,16,6,3,5,3,0,0,0,1,0,0,0,0,5.66594E+20,5.98556E+21,1.00163E+16,5.4014E+16
5549,5550,1,0,2,0,2016,8,16,6,2,5,3,0,0,0,1,0,1,0,0,5.69801E+20,6.02013E+21,1.00732E+16,5.43242E+16
5550,5551,1,0,58,23,2016,9,15,2,3,2,6,0,0,0,1,0,0,0,0,5.5745E+20,6.00389E+21,9.88024E+15,5.41799E+16
5551,5552,1,0,55,32,2016,8,9,2,3,5,3,0,0,1,1,0,0,0,0,6.1765E+20,5.99641E+21,1.07993E+16,5.41024E+16
5552,5553,1,0,56,3,2016,8,16,5,2,5,3,1,1,0,1,0,0,0,0,5.48796E+20,5.9567E+21,9.74011E+15,5.37567E+16
5553,5554,1,0,62,1,2016,9,9,2,3,2,6,0,0,0,1,0,0,0,0,5.8272E+20,5.94682E+21,1.02519E+16,5.36635E+16
5554,5555,1,0,57,30,2016,8,18,2,3,0,3,0,1,1,1,0,0,0,0,6.07495E+20,6.02032E+21,1.06526E+16,5.43194E+16
5555,5556,1,0,4,0,2016,7,8,7,3,5,2,0,0,0,1,0,1,0,0,5.64102E+20,5.99028E+21,9.97926E+15,5.40568E+16
5556,5557,1,0,58,59,2016,8,10,4,1,9,1,0,0,0,1,0,0,0,0,5.53148E+20,5.99722E+21,9.81316E+15,5.41204E+16
5557,5558,1,0,2,0,2016,9,6,5,3,0,1,2,0,1,0,0,0,0,0,5.77299E+20,6.02037E+21,1.01886E+16,5.43253E+16
5558,5559,1,0,53,32,2016,8,16,6,2,5,3,0,0,0,1,0,0,0,0,5.91235E+20,5.9208E+21,1.03731E+16,5.34283E+16
5559,5560,1,0,3,0,2016,7,21,6,3,6,4,2,0,1,0,1,0,0,0,6.21585E+20,5.97932E+21,1.08526E+16,5.39479E+16
5560,5561,1,0,59,113,2016,7,20,5,3,9,1,0,0,0,0,0,1,0,0,5.3393E+20,6.07523E+21,9.52809E+15,5.48231E+16
5561,5562,1,0,53,27,2016,9,11,7,3,7,7,0,0,0,1,0,0,0,0,6.03015E+20,5.93556E+21,1.05552E+16,5.35588E+16
5562,5563,1,0,56,15,2016,9,8,3,3,5,3,0,0,1,1,0,0,0,0,5.4308E+20,5.95642E+21,9.65339E+15,5.37547E+16
5563,5564,1,0,57,16,2016,9,14,5,3,4,6,0,1,0,1,0,1,0,0,5.83705E+20,6.0194E+21,1.02868E+16,5.43156E+16
5564,5565,1,0,4,0,2016,7,11,4,3,5,3,0,0,1,1,0,0,0,0,5.64335E+20,5.99077E+21,9.98292E+15,5.40612E+16
5565,5566,1,0,4,0,2016,7,9,4,3,5,3,0,0,1,1,0,0,0,0,5.64106E+20,5.99123E+21,9.97953E+15,5.40653E+16
5566,5567,1,0,59,8,2016,8,7,3,3,9,1,0,1,0,1,0,0,0,0,5.38098E+20,6.05212E+21,9.58994E+15,5.46151E+16
5567,5568,1,0,59,183,2016,9,14,1,3,1,6,0,0,0,1,0,0,0,0,5.21164E+20,6.07209E+21,9.32918E+15,5.47955E+16
5568,5569,1,0,2,0,2016,8,17,1,3,2,6,0,0,0,1,0,0,0,0,5.73239E+20,6.01843E+21,1.01257E+16,5.43085E+16
5569,5570,1,0,4,0,2016,7,9,3,3,3,6,0,0,0,1,0,0,1,0,5.62331E+20,5.9974E+21,9.95368E+15,5.4121E+16
5570,5571,1,0,58,92,2016,8,17,4,3,5,2,0,0,1,1,0,0,0,0,5.71403E+20,6.02238E+21,1.00984E+16,5.43443E+16
5571,5572,1,0,60,39,2016,9,18,6,3,2,6,0,1,0,1,0,1,0,0,5.64763E+20,5.96219E+21,9.98341E+15,5.38042E+16
5572,5573,1,0,55,21,2016,7,17,1,3,2,6,0,0,0,1,0,0,0,0,6.30057E+20,6.02602E+21,1.10018E+16,5.43654E+16
5573,5574,1,0,3,0,2016,9,2,1,3,6,7,2,0,0,1,1,0,0,0,6.13143E+20,5.96981E+21,1.07206E+16,5.38645E+16
5574,5575,1,0,3,0,2016,7,14,6,3,5,3,0,1,0,1,0,1,0,0,6.10092E+20,5.97066E+21,1.06745E+16,5.38727E+16
5575,5576,1,0,62,4,2016,8,15,2,3,6,4,0,0,1,0,1,0,0,0,5.89278E+20,5.96226E+21,1.03556E+16,5.38012E+16
5576,5577,1,0,58,90,2016,9,8,6,3,5,3,0,0,0,1,0,0,0,0,5.48846E+20,6.04003E+21,9.75435E+15,5.45055E+16
5577,5578,1,0,53,53,2016,8,3,5,3,7,7,2,0,0,0,0,1,0,0,5.90586E+20,5.92664E+21,1.03651E+16,5.34809E+16
5578,5579,1,0,2,0,2016,9,12,4,3,5,2,0,0,1,1,0,0,0,0,5.72773E+20,6.01807E+21,1.01184E+16,5.43053E+16
5579,5580,1,0,57,25,2016,7,18,6,2,5,2,0,0,0,1,0,1,0,0,5.78172E+20,6.02488E+21,1.02032E+16,5.43657E+16
5580,5581,1,0,2,0,2016,8,21,6,3,2,7,2,0,0,1,0,0,0,0,5.73323E+20,6.01772E+21,1.01268E+16,5.43021E+16