FID,OBJECTID,ULAND,UREGBEZ,UKREIS,UGEMEINDE,UJAHR,UMONAT,USTUNDE,UWOCHENTAG,UKATEGORIE,UART,UTYP1,ULICHTVERH,IstStrasse,IstRad,IstPKW,IstFuss,IstKrad,IstGkfz,IstSonstig,LINREFX,LINREFY,XGCSWGS84,YGCSWGS84
5581,5582,1,0,59,183,2016,8,17,4,3,5,2,0,0,0,1,0,0,0,0,5.21185E+20,6.07007E+21,9.32936E+15,5.47774E+16
5582,5583,1,0,60,44,2016,9,14,6,3,5,3,0,0,1,1,0,0,0,0,5.62495E+20,5.96528E+21,9.9496E+15,5.38323E+16
5583,5584,1,0,58,24,2016,8,15,7,3,2,6,0,1,0,1,0,0,0,0,5.45495E+20,6.02236E+21,9.69989E+15,5.4347E+16
5584,5585,1,0,58,81,2016,7,11,2,3,2,6,0,0,0,1,0,0,0,0,5.46002E+20,6.02604E+21,9.70827E+15,5.438E+16
5585,5586,1,0,56,30,2016,9,7,5,3,4,6,0,0,1,0,0,0,0,0,5.45162E+20,5.95911E+21,9.68535E+15,5.37786E+16
5586,5587,1,0,2,0,2016,9,19,2,3,5,3,0,0,1,1,0,0,0,0,5.74117E+20,6.02155E+21,1.01399E+16,5.43364E+16
5587,5588,1,0,54,142,2016,8,10,3,3,5,3,0,0,0,1,0,0,0,1,4.88354E+20,6.0771E+21,8.81865E+15,5.48409E+16
5588,5589,1,0,3,0,2016,9,22,7,2,5,3,2,0,1,1,0,0,0,0,6.1004E+20,5.96941E+21,1.06732E+16,5.38615E+16
5589,5590,1,0,2,0,2016,7,13,6,3,0,1,0,0,0,0,0,1,0,0,5.73465E+20,6.02422E+21,1.01306E+16,5.43605E+16
5590,5591,1,0,3,0,2016,8,13,1,3,1,5,0,0,0,1,0,0,0,0,6.10355E+20,5.9736E+21,1.06796E+16,5.38991E+16
5591,5592,1,0,59,19,2016,9,12,3,3,9,1,0,0,0,1,0,0,0,0,5.31792E+20,6.03566E+21,9.49052E+15,5.44676E+16
5592,5593,1,0,59,96,2016,8,22,1,3,9,1,2,1,0,1,0,0,0,0,5.18845E+20,6.02751E+21,9.29024E+15,5.4395E+16
5593,5594,1,0,62,60,2016,9,20,5,3,6,6,1,0,1,0,1,0,0,0,5.82971E+20,5.92977E+21,1.02512E+16,5.35103E+16
5594,5595,1,0,3,0,2016,8,15,4,3,3,7,0,1,0,0,0,1,0,1,6.12188E+20,5.96812E+21,1.07054E+16,5.38495E+16
5595,5596,1,0,62,25,2016,9,18,7,2,9,1,0,1,0,0,0,1,0,0,6.0586E+20,5.96753E+21,1.06091E+16,5.38454E+16
5596,5597,1,0,56,43,2016,8,19,7,3,2,6,0,0,0,1,0,0,0,0,5.54266E+20,5.94563E+21,9.82113E+15,5.36566E+16
5597,5598,1,0,59,18,2016,9,16,3,3,4,6,0,0,0,0,0,0,1,1,5.35616E+20,6.03754E+21,9.54975E+15,5.44842E+16
5598,5599,1,0,62,76,2016,8,8,2,3,9,1,0,1,0,1,0,0,0,0,5.73039E+20,5.95333E+21,1.0107E+16,5.37236E+16
5599,5600,1,0,58,73,2016,7,15,7,3,2,6,0,0,0,1,0,0,0,0,5.5088E+20,6.01407E+21,9.78132E+15,5.4272E+16
5600,5601,1,0,59,116,2016,8,14,3,3,8,6,0,0,0,0,0,1,0,0,5.36653E+20,6.06367E+21,9.56902E+15,5.4719E+16
5601,5602,1,0,59,57,2016,8,5,3,3,4,6,1,0,0,1,0,0,1,1,5.31698E+20,6.04294E+21,9.48986E+15,5.4533E+16
5602,5603,1,0,62,18,2016,7,11,1,3,2,6,0,1,0,1,0,0,0,0,5.81401E+20,5.93122E+21,1.02279E+16,5.35236E+16
5603,5604,1,0,54,19,2016,8,16,5,3,4,2,0,0,1,1,0,0,0,0,4.98516E+20,6.05145E+21,8.97702E+15,5.46105E+16
5604,5605,1,0,2,0,2016,9,15,6,3,5,3,0,0,1,1,0,0,0,0,5.70771E+20,6.02337E+21,1.00889E+16,5.43532E+16
5605,5606,1,0,53,92,2016,8,12,7,3,5,2,0,0,0,1,0,0,0,0,6.03576E+20,5.92918E+21,1.05616E+16,5.35013E+16
5606,5607,1,0,2,0,2016,7,13,6,3,5,2,0,0,1,1,0,0,0,0,5.72931E+20,6.02024E+21,1.01214E+16,5.43248E+16
5607,5608,1,0,55,44,2016,7,11,6,3,3,6,0,0,0,1,0,0,0,1,6.13382E+20,5.98696E+21,1.07306E+16,5.40185E+16
5608,5609,1,0,61,46,2016,9,15,1,3,2,6,0,0,1,0,0,0,0,0,5.34512E+20,5.97548E+21,9.52559E+15,5.39266E+16
5609,5610,1,0,56,15,2016,8,18,6,3,4,1,0,0,0,1,0,0,0,0,5.42721E+20,5.95631E+21,9.64793E+15,5.37537E+16
5610,5611,1,0,58,92,2016,9,17,4,3,5,3,0,0,1,1,0,0,0,0,5.71394E+20,6.02238E+21,1.00983E+16,5.43443E+16
5611,5612,1,0,55,4,2016,9,9,6,3,5,2,0,0,1,1,0,0,0,0,6.11337E+20,5.97591E+21,1.06953E+16,5.39196E+16
5612,5613,1,0,60,44,2016,8,21,5,3,2,6,1,0,0,1,0,0,0,0,5.62355E+20,5.96626E+21,9.94768E+15,5.38411E+16
5613,5614,1,0,59,16,2016,9,16,2,3,8,1,0,0,0,0,0,0,1,0,5.45555E+20,6.04498E+21,9.7043E+15,5.45503E+16
5614,5615,1,0,2,0,2016,8,13,2,3,5,3,0,0,1,1,0,0,0,0,5.73281E+20,6.01995E+21,1.01267E+16,5.43221E+16
5615,5616,1,0,2,0,2016,8,13,5,3,2,6,0,0,0,1,0,0,1,0,5.70798E+20,6.02333E+21,1.00893E+16,5.43529E+16
5616,5617,1,0,2,0,2016,9,7,2,3,2,6,0,1,0,1,0,0,0,1,5.69978E+20,6.02504E+21,1.00771E+16,5.43683E+16
5617,5618,1,0,3,0,2016,8,13,1,3,6,4,0,0,0,1,1,0,0,0,6.22105E+20,5.98022E+21,1.08609E+16,5.39559E+16
5618,5619,1,0,60,36,2016,9,12,4,3,5,3,0,0,0,1,0,1,0,0,5.67844E+20,5.97412E+21,1.00328E+16,5.39111E+16
5619,5620,1,0,58,121,2016,8,14,6,3,5,3,0,0,0,1,0,0,0,0,5.65926E+20,6.03102E+21,1.00161E+16,5.44226E+16
5620,5621,1,0,2,0,2016,7,17,6,3,5,3,0,0,1,1,0,0,0,0,5.73347E+20,6.02044E+21,1.01278E+16,5.43266E+16
5621,5622,1,0,59,120,2016,9,18,3,2,8,1,0,0,0,0,0,1,0,0,5.26594E+20,6.07609E+21,9.414E+15,5.48312E+16
5622,5623,1,0,51,100,2016,8,12,4,2,2,2,0,0,0,1,0,1,0,0,5.15861E+20,6.01156E+21,9.24344E+15,5.42518E+16
5623,5624,1,0,56,43,2016,7,15,3,3,5,3,0,0,1,1,0,0,0,0,5.5701E+20,5.94484E+21,9.8625E+15,5.36492E+16
5624,5625,1,0,62,25,2016,8,8,4,3,1,5,0,0,0,1,0,0,1,0,6.04088E+20,5.9667E+21,1.05819E+16,5.38384E+16
5625,5626,1,0,60,63,2016,8,15,2,3,5,3,0,0,0,1,0,0,0,0,5.65801E+20,5.94858E+21,9.99627E+15,5.36818E+16
5626,5627,1,0,60,85,2016,9,12,7,3,5,3,0,0,0,1,0,0,0,0,5.8182E+20,5.96259E+21,1.02425E+16,5.38054E+16
5627,5628,1,0,60,81,2016,7,20,6,3,8,7,0,0,0,1,0,0,0,0,5.97505E+20,5.97594E+21,1.04848E+16,5.39227E+16
5628,5629,1,0,53,105,2016,8,16,7,3,8,1,0,0,0,1,0,0,0,0,5.87462E+20,5.93189E+21,1.03195E+16,5.35287E+16
5629,5630,1,0,61,48,2016,7,8,2,3,5,2,0,0,0,1,0,0,0,1,5.31642E+20,5.98476E+21,9.48283E+15,5.40102E+16
5630,5631,1,0,58,50,2016,8,7,4,3,2,6,0,1,0,1,0,0,0,0,5.62033E+20,6.0195E+21,9.95369E+15,5.43196E+16
5631,5632,1,0,58,43,2016,9,12,6,3,5,3,0,0,0,1,0,0,0,0,5.51354E+20,6.03818E+21,9.79275E+15,5.44886E+16
5632,5633,1,0,58,67,2016,7,13,1,3,5,2,0,0,0,1,0,1,0,0,5.42981E+20,6.03457E+21,9.66299E+15,5.4457E+16
5633,5634,1,0,59,10,2016,9,18,1,3,8,3,0,1,0,1,0,1,0,0,5.26283E+20,6.04769E+21,9.4066E+15,5.4576E+16
5634,5635,1,0,60,63,2016,7,7,5,3,5,3,0,0,1,1,0,0,0,0,5.67476E+20,5.94898E+21,1.00217E+16,5.36852E+16
5635,5636,1,0,2,0,2016,7,15,6,3,0,7,0,0,1,0,0,0,0,0,5.7375E+20,6.02367E+21,1.01348E+16,5.43555E+16
5636,5637,1,0,2,0,2016,8,15,2,2,0,6,0,0,0,0,0,1,0,1,5.73476E+20,6.01901E+21,1.01295E+16,5.43136E+16
5637,5638,1,0,59,131,2016,8,11,2,3,4,6,0,0,0,1,0,0,0,0,5.25228E+20,6.05524E+21,9.39093E+15,5.4644E+16
5638,5639,1,0,59,79,2016,9,15,6,3,0,1,0,0,0,0,0,0,1,0,5.23613E+20,6.04114E+21,9.36477E+15,5.45173E+16
5639,5640,1,0,3,0,2016,9,12,1,3,5,3,0,1,1,1,0,0,0,0,6.21588E+20,5.97932E+21,1.08527E+16,5.3948E+16
5640,5641,1,0,2,0,2016,7,10,5,3,6,7,0,0,0,1,1,0,0,0,5.73678E+20,6.02127E+21,1.01331E+16,5.43339E+16
5641,5642,1,0,59,79,2016,8,7,5,2,9,1,0,0,0,1,0,0,1,0,5.26066E+20,6.04302E+21,9.40283E+15,5.45341E+16
5642,5643,1,0,59,75,2016,9,15,4,3,2,6,0,0,0,1,0,0,0,0,5.35174E+20,6.04038E+21,9.54327E+15,5.45098E+16
5643,5644,1,0,54,75,2016,7,18,6,3,9,1,0,0,0,1,0,0,0,0,4.9774E+20,6.06031E+21,8.96494E+15,5.46901E+16
5644,5645,1,0,53,46,2016,8,15,6,2,3,6,0,0,0,1,0,1,0,0,6.20478E+20,5.93139E+21,1.08171E+16,5.35176E+16
5645,5646,1,0,56,1,2016,8,10,3,3,5,3,0,0,0,1,0,0,0,0,5.50031E+20,5.94424E+21,9.75684E+15,5.36446E+16
5646,5647,1,0,59,161,2016,8,8,4,3,4,2,0,0,0,1,0,0,0,1,5.41968E+20,6.06388E+21,9.65156E+15,5.47205E+16
5647,5648,1,0,58,99,2016,9,12,5,3,2,6,0,0,0,1,0,0,1,0,5.58052E+20,6.04297E+21,9.89708E+15,5.4531E+16
5648,5649,1,0,56,2,2016,8,18,2,3,0,1,0,0,0,0,0,1,0,0,5.49889E+20,5.95968E+21,9.75717E+15,5.37834E+16
5649,5650,1,0,62,21,2016,8,20,5,2,7,7,0,0,0,0,0,1,0,0,5.92966E+20,5.94709E+21,1.0407E+16,5.36643E+16
5650,5651,1,0,59,87,2016,9,3,7,3,2,6,2,0,0,1,0,1,0,0,5.33252E+20,6.02525E+21,9.51189E+15,5.43739E+16
5651,5652,1,0,1,0,2016,7,15,6,2,3,6,0,1,0,1,0,0,0,0,5.25295E+20,6.0699E+21,9.39324E+15,5.47756E+16
5652,5653,1,0,57,63,2016,8,18,1,3,2,6,0,0,0,0,0,1,0,0,5.82711E+20,6.0236E+21,1.02726E+16,5.43535E+16
5653,5654,1,0,1,0,2016,7,13,6,3,3,6,0,0,1,1,0,0,0,0,5.30066E+20,6.07346E+21,9.46777E+15,5.48074E+16
5654,5655,1,0,58,98,2016,8,15,3,3,2,6,0,0,0,1,0,0,0,1,5.62889E+20,5.99968E+21,9.96268E+15,5.41414E+16
5655,5656,1,0,60,73,2016,9,9,7,3,5,2,0,0,0,1,0,0,0,0,5.64657E+20,5.9703E+21,9.98351E+15,5.38771E+16
5656,5657,1,0,54,103,2016,7,10,7,2,4,6,0,0,0,1,0,0,0,1,4.76477E+20,6.04344E+21,8.63644E+15,5.4538E+16
5657,5658,1,0,58,132,2016,8,13,1,3,2,6,0,1,0,1,0,0,0,0,5.47561E+20,6.02026E+21,9.73134E+15,5.43279E+16
5658,5659,1,0,59,10,2016,7,16,3,3,2,6,0,0,0,1,0,0,0,0,5.30856E+20,6.04772E+21,9.47734E+15,5.4576E+16
5659,5660,1,0,54,76,2016,8,16,4,3,2,6,0,0,0,1,0,1,0,0,4.98355E+20,6.06942E+21,8.97443E+15,5.4772E+16
5660,5661,1,0,3,0,2016,9,13,6,3,5,3,0,0,1,1,0,0,0,0,6.22061E+20,5.98081E+21,1.08605E+16,5.39613E+16
5661,5662,1,0,55,41,2016,7,19,1,2,5,3,0,0,0,1,0,0,0,0,6.11147E+20,5.99403E+21,1.06991E+16,5.40824E+16
5662,5663,1,0,57,43,2016,9,16,1,3,5,2,0,0,0,1,0,0,0,0,5.8023E+20,6.02842E+21,1.02358E+16,5.43972E+16
5663,5664,1,0,59,77,2016,7,9,6,3,2,6,0,0,0,1,0,0,0,0,5.27513E+20,6.04093E+21,9.425E+15,5.45152E+16
5664,5665,1,0,54,144,2016,7,17,6,3,5,3,0,0,1,1,0,0,0,0,5.11822E+20,6.0469E+21,9.18285E+15,5.45695E+16
5665,5666,1,0,3,0,2016,8,12,2,3,0,1,0,1,0,0,0,1,0,0,6.11898E+20,5.96845E+21,1.07011E+16,5.38525E+16
5666,5667,1,0,2,0,2016,8,17,2,3,5,3,0,0,1,1,0,0,0,0,5.7371E+20,6.02185E+21,1.01338E+16,5.43392E+16
5667,5668,1,0,2,0,2016,9,11,6,3,5,2,0,0,0,1,0,1,0,0,5.75501E+20,6.01939E+21,1.01607E+16,5.43168E+16
5668,5669,1,0,59,113,2016,9,19,2,3,5,3,0,0,1,1,0,0,0,0,5.35725E+20,6.07322E+21,9.55578E+15,5.48049E+16
5669,5670,1,0,2,0,2016,8,22,5,3,0,7,2,0,1,0,0,0,0,0,5.74909E+20,6.02267E+21,1.01524E+16,5.43463E+16
5670,5671,1,0,54,95,2016,9,9,4,3,5,3,0,0,0,1,0,0,0,1,4.9861E+20,6.02441E+21,8.9786E+15,5.43675E+16
5671,5672,1,0,59,179,2016,7,23,6,3,7,1,2,0,0,1,0,0,0,0,5.15048E+20,6.0564E+21,9.23325E+15,5.46548E+16
5672,5673,1,0,59,81,2016,8,14,6,2,1,6,0,0,0,1,0,1,0,0,5.34763E+20,6.04984E+21,9.53803E+15,5.45949E+16
5673,5674,1,0,56,46,2016,8,14,4,2,9,7,0,0,0,1,0,0,0,0,5.48711E+20,5.95303E+21,9.73824E+15,5.37237E+16
5674,5675,1,0,56,3,2016,9,6,6,3,5,3,0,0,0,1,0,0,0,0,5.50836E+20,5.95661E+21,9.77104E+15,5.37557E+16
5675,5676,1,0,56,44,2016,8,16,6,3,2,6,0,0,0,1,0,0,0,0,5.56457E+20,5.93917E+21,9.8531E+15,5.35983E+16
5676,5677,1,0,53,32,2016,9,13,5,3,2,6,0,0,0,1,0,0,0,0,5.90423E+20,5.92283E+21,1.03615E+16,5.34467E+16
5677,5678,1,0,59,79,2016,9,17,2,3,5,3,0,0,0,1,0,0,0,0,5.22204E+20,6.04543E+21,9.34332E+15,5.45559E+16
5678,5679,1,0,56,39,2016,8,7,3,3,2,7,0,0,0,1,0,1,1,0,5.5453E+20,5.94473E+21,9.82496E+15,5.36485E+16
5679,5680,1,0,53,136,2016,8,17,5,3,1,6,0,0,0,1,0,0,0,0,6.22354E+20,5.95099E+21,1.08531E+16,5.36933E+16
5680,5681,1,0,4,0,2016,9,12,7,2,5,2,0,0,0,1,0,0,0,0,5.65977E+20,5.99951E+21,1.00099E+16,5.41395E+16
5681,5682,1,0,59,26,2016,7,12,6,3,2,6,0,0,0,1,0,0,0,0,5.40903E+20,6.03837E+21,9.63147E+15,5.44913E+16
5682,5683,1,0,55,21,2016,8,16,1,3,6,4,0,0,0,1,1,0,0,0,6.29635E+20,6.02619E+21,1.09954E+16,5.4367E+16
5683,5684,1,0,51,87,2016,9,7,2,2,4,7,0,0,0,1,0,0,0,0,5.0883E+20,6.00856E+21,9.13543E+15,5.4225E+16
5684,5685,1,0,60,64,2016,8,13,1,3,2,6,0,0,0,1,0,0,0,0,5.62188E+20,5.96881E+21,9.94565E+15,5.3864E+16
5685,5686,1,0,3,0,2016,9,7,5,3,3,2,0,0,1,1,0,0,0,0,6.11354E+20,5.97101E+21,1.06938E+16,5.38756E+16
5686,5687,1,0,3,0,2016,8,16,4,3,5,3,0,1,1,1,0,0,0,0,6.09341E+20,5.97025E+21,1.06629E+16,5.38692E+16
5687,5688,1,0,3,0,2016,9,12,7,3,8,1,0,0,0,0,0,1,0,0,6.06297E+20,5.97246E+21,1.06174E+16,5.38897E+16
5688,5689,1,0,60,92,2016,8,11,6,2,5,3,0,0,0,1,0,0,0,0,5.79455E+20,5.97901E+21,1.02108E+16,5.39533E+16
5689,5690,1,0,58,146,2016,9,13,3,2,9,7,0,0,0,1,0,0,0,0,5.47878E+20,6.01705E+21,9.7357E+15,5.42991E+16
5690,5691,1,0,2,0,2016,8,19,2,3,2,6,0,0,0,1,0,0,0,0,5.75241E+20,6.01892E+21,1.01566E+16,5.43126E+16
5691,5692,1,0,56,44,2016,7,10,6,3,0,7,0,0,1,0,0,0,0,0,5.56514E+20,5.93917E+21,9.85397E+15,5.35983E+16
5692,5693,1,0,61,41,2016,8,12,3,1,2,1,0,0,0,1,0,0,1,0,5.38707E+20,5.9669E+21,9.58837E+15,5.38492E+16
5693,5694,1,0,53,60,2016,8,17,3,2,2,6,0,0,0,1,0,0,1,0,5.93288E+20,5.93555E+21,1.04084E+16,5.35605E+16
5694,5695,1,0,3,0,2016,7,12,1,3,0,1,0,1,1,0,0,0,0,0,6.11411E+20,5.96982E+21,1.06942E+16,5.38649E+16
5695,5696,1,0,51,44,2016,8,8,4,3,8,1,0,0,0,1,0,0,0,0,5.08715E+20,6.0055E+21,9.13358E+15,5.41974E+16
5696,5697,1,0,51,113,2016,9,23,5,1,8,1,2,0,0,1,0,0,0,0,5.01047E+20,6.00037E+21,9.01604E+15,5.41514E+16
5697,5698,1,0,58,46,2016,8,23,7,3,8,1,2,1,0,1,0,0,0,0,5.54811E+20,6.00516E+21,9.84005E+15,5.41915E+16
5698,5699,1,0,59,75,2016,7,10,6,3,5,3,0,0,0,1,0,0,0,0,5.36636E+20,6.04112E+21,9.56593E+15,5.45163E+16
5699,5700,1,0,60,68,2016,7,19,5,1,4,6,0,0,0,1,0,0,1,0,5.77332E+20,5.98459E+21,1.01799E+16,5.40038E+16
5700,5701,1,0,60,63,2016,9,12,1,3,2,6,0,0,0,1,0,1,0,0,5.69329E+20,5.95036E+21,1.00501E+16,5.36973E+16
5701,5702,1,0,62,1,2016,8,10,6,3,2,6,0,0,0,1,0,0,0,0,5.81899E+20,5.94759E+21,1.02397E+16,5.36706E+16
5702,5703,1,0,2,0,2016,9,8,4,3,2,6,0,0,0,1,0,0,0,0,5.71031E+20,6.02396E+21,1.00931E+16,5.43585E+16
5703,5704,1,0,54,116,2016,9,17,6,3,8,1,0,0,0,0,0,1,0,0,5.11592E+20,6.02701E+21,9.17852E+15,5.43908E+16
5704,5705,1,0,3,0,2016,8,12,5,3,3,2,0,0,0,1,0,0,0,1,6.10141E+20,5.96993E+21,1.0675E+16,5.38662E+16
5705,5706,1,0,60,44,2016,9,15,1,3,1,6,0,0,0,1,0,0,0,0,5.62141E+20,5.96646E+21,9.94446E+15,5.3843E+16
5706,5707,1,0,60,44,2016,8,19,2,2,8,7,0,0,0,0,0,0,1,0,5.60842E+20,5.96511E+21,9.92446E+15,5.3831E+16
5707,5708,1,0,51,88,2016,8,8,4,3,5,2,0,0,0,1,0,0,1,0,5.19265E+20,6.01332E+21,9.29579E+15,5.42675E+16
5708,5709,1,0,59,115,2016,7,22,2,3,9,1,2,1,0,0,0,1,0,0,5.15473E+20,6.06072E+21,9.24007E+15,5.46936E+16
5709,5710,1,0,1,0,2016,9,7,2,3,5,3,1,0,0,1,0,1,0,0,5.2667E+20,6.07041E+21,9.41465E+15,5.47801E+16
5710,5711,1,0,54,118,2016,8,11,1,3,5,7,0,0,0,1,0,0,0,0,5.0879E+20,6.03914E+21,9.13573E+15,5.44998E+16
5711,5712,1,0,59,67,2016,8,14,6,3,0,1,0,0,0,0,0,1,0,0,5.55727E+20,6.05891E+21,9.8642E+15,5.46745E+16
5712,5713,1,0,56,15,2016,9,0,4,3,8,7,2,0,1,0,0,0,0,0,5.45243E+20,5.95831E+21,9.68647E+15,5.37714E+16
5713,5714,1,0,58,38,2016,7,14,6,3,2,6,0,0,0,1,0,0,0,0,5.61033E+20,6.00473E+21,9.93531E+15,5.4187E+16
5714,5715,1,0,54,52,2016,9,14,3,2,9,1,0,0,0,1,0,0,0,0,5.04644E+20,6.04054E+21,9.07173E+15,5.45125E+16
5715,5716,1,0,3,0,2016,8,20,4,3,0,7,2,0,1,0,0,0,0,0,6.1146E+20,5.97001E+21,1.06951E+16,5.38666E+16
5716,5717,1,0,3,0,2016,7,20,3,3,5,3,0,0,1,1,0,0,0,0,6.14441E+20,5.9683E+21,1.07397E+16,5.38506E+16
5717,5718,1,0,55,27,2016,8,15,4,3,2,6,0,0,0,1,0,0,1,0,6.24165E+20,6.00927E+21,1.09042E+16,5.42163E+16
5718,5719,1,0,59,43,2016,7,8,1,3,8,7,0,0,0,1,0,0,0,0,5.34849E+20,6.03706E+21,9.53785E+15,5.448E+16
5719,5720,1,0,56,5,2016,9,19,7,3,5,3,1,0,1,1,0,0,0,0,5.59654E+20,5.9473E+21,9.90297E+15,5.3671E+16
5720,5721,1,0,56,15,2016,7,10,6,2,3,2,0,0,1,0,0,0,1,0,5.42718E+20,5.95633E+21,9.64788E+15,5.37539E+16
5721,5722,1,0,3,0,2016,7,16,6,3,5,2,0,0,1,1,0,0,0,0,6.09196E+20,5.96712E+21,1.06596E+16,5.38411E+16
5722,5723,1,0,3,0,2016,8,16,7,3,6,4,0,0,0,1,1,0,0,0,6.10701E+20,5.97227E+21,1.06843E+16,5.38871E+16
5723,5724,1,0,56,26,2016,7,17,2,3,2,6,0,0,0,1,0,0,0,0,5.56384E+20,5.95794E+21,9.85542E+15,5.3767E+16
5724,5725,1,0,56,39,2016,8,7,3,2,0,1,0,0,0,0,0,0,1,0,5.50927E+20,5.94424E+21,9.77039E+15,5.36444E+16
5725,5726,1,0,2,0,2016,9,12,6,3,3,6,0,0,0,1,0,0,1,0,5.77587E+20,6.02076E+21,1.01931E+16,5.43288E+16
5726,5727,1,0,56,42,2016,9,7,2,3,9,1,0,1,0,1,0,0,0,0,5.3921E+20,5.95459E+21,9.59446E+15,5.37385E+16
5727,5728,1,0,59,90,2016,7,14,1,3,8,7,0,1,0,1,0,0,0,1,5.40917E+20,6.04855E+21,9.6331E+15,5.45828E+16
5728,5729,1,0,60,70,2016,9,15,1,3,9,1,0,0,0,1,0,0,0,0,5.81837E+20,5.98072E+21,1.02476E+16,5.39683E+16
5729,5730,1,0,3,0,2016,7,12,5,3,6,4,0,0,1,0,1,0,0,0,6.12318E+20,5.96791E+21,1.07073E+16,5.38475E+16
5730,5731,1,0,60,5,2016,7,16,5,3,5,3,0,0,1,1,0,0,0,0,5.85676E+20,5.97713E+21,1.03051E+16,5.39355E+16
5731,5732,1,0,57,57,2016,8,11,2,3,2,6,0,0,0,1,0,0,0,0,5.95192E+20,6.00073E+21,1.04574E+16,5.41459E+16
5732,5733,1,0,2,0,2016,9,16,4,3,2,6,0,0,0,1,0,0,0,0,5.72293E+20,6.02159E+21,1.01119E+16,5.4337E+16
5733,5734,1,0,60,9,2016,8,14,1,3,5,3,0,0,1,1,0,0,0,0,5.62822E+20,5.97677E+21,9.95692E+15,5.39355E+16
5734,5735,1,0,54,55,2016,9,15,6,3,5,3,0,0,0,1,0,0,0,0,4.88321E+20,6.07926E+21,8.81806E+15,5.48603E+16
5735,5736,1,0,57,41,2016,9,23,1,2,8,1,2,1,0,1,0,0,0,0,5.90186E+20,6.02737E+21,1.03888E+16,5.43861E+16
5736,5737,1,0,59,148,2016,7,18,5,3,0,1,0,0,0,0,0,1,0,0,5.55278E+20,6.06718E+21,9.8588E+15,5.47488E+16
5737,5738,1,0,3,0,2016,8,15,7,3,0,1,0,0,1,0,0,0,0,0,6.10566E+20,5.9714E+21,1.0682E+16,5.38793E+16
5738,5739,1,0,51,51,2016,9,8,3,3,1,7,0,0,0,1,0,0,0,0,5.18252E+20,5.98638E+21,9.27861E+15,5.40253E+16
5739,5740,1,0,60,46,2016,7,18,5,3,5,3,0,1,0,1,0,0,0,0,5.74505E+20,5.95731E+21,1.01301E+16,5.3759E+16
5740,5741,1,0,56,39,2016,8,10,5,3,5,3,0,0,1,1,0,0,0,0,5.52887E+20,5.94622E+21,9.80036E+15,5.3662E+16
5741,5742,1,0,62,71,2016,8,16,3,3,2,2,0,0,0,1,0,1,0,0,5.80772E+20,5.94045E+21,1.02208E+16,5.36067E+16
5742,5743,1,0,60,2,2016,8,8,4,3,3,7,0,0,0,1,0,0,1,0,5.62037E+20,5.95945E+21,9.94147E+15,5.378E+16
5743,5744,1,0,2,0,2016,9,11,5,3,4,6,0,0,1,0,0,0,0,0,5.73984E+20,6.02778E+21,1.01394E+16,5.43924E+16
5744,5745,1,0,55,32,2016,8,17,2,3,5,2,0,0,1,1,0,0,0,0,6.17412E+20,5.99621E+21,1.07956E+16,5.41006E+16
5745,5746,1,0,55,15,2016,8,16,5,3,4,6,0,0,0,1,0,0,0,1,6.25168E+20,6.01955E+21,1.09239E+16,5.43085E+16
5746,5747,1,0,56,20,2016,9,2,6,2,7,7,2,0,0,1,0,0,0,0,5.4088E+20,5.94266E+21,9.61821E+15,5.36311E+16
5747,5748,1,0,62,18,2016,7,18,5,3,2,6,0,1,0,1,0,0,0,0,5.81438E+20,5.93214E+21,1.02287E+16,5.35318E+16
5748,5749,1,0,59,16,2016,8,15,1,3,5,3,0,0,1,1,0,0,0,0,5.45274E+20,6.04348E+21,9.69973E+15,5.45369E+16
5749,5750,1,0,55,16,2016,8,7,6,3,8,3,0,1,0,1,0,0,0,0,6.24914E+20,6.00313E+21,1.09131E+16,5.4161E+16
5750,5751,1,0,3,0,2016,9,5,2,3,5,2,2,0,1,1,0,0,0,0,6.16879E+20,5.97418E+21,1.0779E+16,5.39029E+16
5751,5752,1,0,62,9,2016,8,19,7,3,5,2,0,0,0,1,0,0,0,0,5.76278E+20,5.9359E+21,1.01517E+16,5.35664E+16
5752,5753,1,0,59,53,2016,9,15,5,3,5,3,0,0,0,1,0,0,0,0,5.32033E+20,6.03023E+21,9.49366E+15,5.44188E+16
5753,5754,1,0,59,72,2016,8,14,4,2,3,6,0,1,0,1,0,1,0,0,5.50648E+20,6.0599E+21,9.78561E+15,5.46839E+16
5754,5755,1,0,59,65,2016,9,19,7,3,9,1,0,0,0,1,0,0,0,0,5.49619E+20,6.05259E+21,9.76841E+15,5.46183E+16
5755,5756,1,0,53,106,2016,8,10,6,3,1,5,0,0,0,1,0,0,0,1,6.017E+20,5.93162E+21,1.05341E+16,5.35237E+16
5756,5757,1,0,53,90,2016,9,8,2,2,8,1,0,0,1,0,0,0,0,0,6.12954E+20,5.9407E+21,1.07071E+16,5.36029E+16
5757,5758,1,0,59,19,2016,8,6,2,3,9,3,0,1,0,1,0,0,0,0,5.33004E+20,6.03701E+21,9.50937E+15,5.44796E+16
5758,5759,1,0,62,61,2016,8,5,6,3,2,6,2,1,0,1,0,0,1,0,5.99558E+20,5.9646E+21,1.05124E+16,5.38204E+16
5759,5760,1,0,4,0,2016,7,11,6,3,5,2,0,1,1,1,0,0,0,0,5.643E+20,5.99234E+21,9.98273E+15,5.40753E+16
5760,5761,1,0,1,0,2016,9,7,3,3,5,3,0,0,1,1,0,0,0,0,5.26673E+20,6.0701E+21,9.41468E+15,5.47774E+16
5761,5762,1,0,55,44,2016,8,18,2,3,2,6,0,0,0,1,0,0,0,0,6.13945E+20,5.99089E+21,1.07406E+16,5.40537E+16
5762,5763,1,0,56,39,2016,7,23,7,2,5,2,2,0,0,1,0,1,0,0,5.53405E+20,5.94586E+21,9.80815E+15,5.36587E+16
5763,5764,1,0,55,12,2016,8,23,4,3,5,2,2,0,0,1,0,0,0,0,6.05541E+20,5.99778E+21,1.06147E+16,5.41174E+16
5764,5765,1,0,3,0,2016,9,3,5,3,6,7,2,0,0,1,1,0,0,0,6.11664E+20,5.96982E+21,1.06981E+16,5.38648E+16
5765,5766,1,0,51,64,2016,8,15,6,3,8,1,0,0,1,0,0,0,0,0,5.12654E+20,5.97988E+21,9.1929E+15,5.39671E+16