FID,OBJECTID,ULAND,UREGBEZ,UKREIS,UGEMEINDE,UJAHR,UMONAT,USTUNDE,UWOCHENTAG,UKATEGORIE,UART,UTYP1,ULICHTVERH,IstStrasse,IstRad,IstPKW,IstFuss,IstKrad,IstGkfz,IstSonstig,LINREFX,LINREFY,XGCSWGS84,YGCSWGS84
5766,5767,1,0,62,36,2016,7,18,5,3,0,1,0,0,1,0,0,0,0,0,5.80173E+20,5.95192E+21,1.02147E+16,5.37098E+16
5767,5768,1,0,4,0,2016,7,17,5,3,2,6,0,0,0,1,0,0,0,0,5.65012E+20,5.99319E+21,9.99379E+15,5.40828E+16
5768,5769,1,0,59,49,2016,9,0,1,2,9,1,2,0,0,1,0,0,0,0,5.34581E+20,6.0534E+21,9.53564E+15,5.46268E+16
5769,5770,1,0,51,99,2016,9,17,3,1,9,1,0,0,0,1,0,0,0,0,5.19179E+20,5.99372E+21,9.29323E+15,5.40913E+16
5770,5771,1,0,3,0,2016,9,7,5,3,2,6,0,0,0,1,0,0,0,0,6.09627E+20,5.97056E+21,1.06674E+16,5.38719E+16
5771,5772,1,0,55,37,2016,7,16,4,2,4,6,0,0,1,0,0,0,0,0,6.20748E+20,5.99977E+21,1.0848E+16,5.41319E+16
5772,5773,1,0,4,0,2016,7,21,4,3,5,7,0,0,1,1,0,0,0,0,5.645E+20,5.99363E+21,9.98606E+15,5.40868E+16
5773,5774,1,0,54,87,2016,8,18,5,3,4,2,0,0,1,1,0,0,0,0,4.65779E+20,6.06078E+21,8.46908E+15,5.46932E+16
5774,5775,1,0,58,43,2016,9,14,1,3,2,6,0,0,0,1,0,0,0,0,5.55218E+20,6.03422E+21,9.85166E+15,5.44526E+16
5775,5776,1,0,62,90,2016,8,10,1,3,0,7,0,0,1,0,0,0,0,0,5.7802E+20,5.95036E+21,1.01817E+16,5.36961E+16
5776,5777,1,0,62,91,2016,8,19,4,2,4,6,0,0,0,1,0,1,0,0,5.90744E+20,5.95382E+21,1.03754E+16,5.37252E+16
5777,5778,1,0,54,32,2016,9,3,7,3,7,7,2,1,1,0,0,0,0,0,5.15912E+20,6.02625E+21,9.245E+15,5.43838E+16
5778,5779,1,0,56,40,2016,9,11,2,3,5,3,0,0,1,1,0,0,0,0,5.50025E+20,5.94808E+21,9.75735E+15,5.3679E+16
5779,5780,1,0,62,9,2016,8,14,7,2,8,1,0,0,1,0,0,0,0,0,5.79528E+20,5.93677E+21,1.0201E+16,5.35738E+16
5780,5781,1,0,4,0,2016,9,12,5,3,5,3,0,0,1,1,0,0,0,0,5.64766E+20,5.99534E+21,9.99049E+15,5.41022E+16
5781,5782,1,0,2,0,2016,8,17,4,3,5,3,0,1,1,1,0,0,0,0,5.73755E+20,6.01924E+21,1.01338E+16,5.43157E+16
5782,5783,1,0,2,0,2016,9,10,7,3,6,6,0,0,1,0,1,0,0,0,5.77435E+20,6.02144E+21,1.01909E+16,5.43349E+16
5783,5784,1,0,56,6,2016,8,10,6,2,8,7,0,0,0,1,0,0,0,0,5.48459E+20,5.97155E+21,9.73734E+15,5.38902E+16
5784,5785,1,0,56,15,2016,9,17,2,3,5,3,0,0,1,0,0,0,0,0,5.44467E+20,5.95641E+21,9.67441E+15,5.37544E+16
5785,5786,1,0,2,0,2016,8,12,2,3,0,1,0,1,0,0,0,1,0,0,5.7212E+20,6.01871E+21,1.01085E+16,5.43112E+16
5786,5787,1,0,62,82,2016,7,23,6,3,0,1,2,1,1,0,0,0,0,0,5.92847E+20,5.94134E+21,1.04035E+16,5.36126E+16
5787,5788,1,0,53,100,2016,8,14,2,3,6,6,0,0,1,0,1,0,0,0,6.17961E+20,5.95095E+21,1.07866E+16,5.36939E+16
5788,5789,1,0,51,97,2016,7,10,7,3,5,2,0,0,0,1,0,0,0,0,5.07389E+20,5.98266E+21,9.11271E+15,5.39922E+16
5789,5790,1,0,62,4,2016,8,20,4,3,6,4,1,0,0,0,1,0,0,1,5.89608E+20,5.96339E+21,1.03609E+16,5.38114E+16
5790,5791,1,0,60,27,2016,9,7,5,2,5,3,0,0,0,1,0,0,0,0,5.61017E+20,5.98379E+21,9.93083E+15,5.39988E+16
5791,5792,1,0,54,168,2016,8,12,7,3,2,6,0,0,0,1,0,0,0,0,4.57294E+20,6.08404E+21,8.33402E+15,5.49016E+16
5792,5793,1,0,62,6,2016,7,12,5,3,1,7,0,0,1,1,0,0,0,0,5.83182E+20,5.95414E+21,1.02609E+16,5.37293E+16
5793,5794,1,0,3,0,2016,7,10,5,2,5,2,0,0,1,1,0,0,0,0,6.13076E+20,5.97089E+21,1.07199E+16,5.38741E+16
5794,5795,1,0,55,33,2016,9,14,1,3,4,6,0,0,0,1,0,0,0,0,6.20002E+20,6.01722E+21,1.08436E+16,5.42888E+16
5795,5796,1,0,58,135,2016,8,12,6,3,5,2,0,0,1,1,0,0,0,0,5.41905E+20,6.01868E+21,9.64415E+15,5.43143E+16
5796,5797,1,0,59,183,2016,9,19,4,3,5,1,0,0,0,1,0,0,0,0,5.19383E+20,6.07206E+21,9.30147E+15,5.47954E+16
5797,5798,1,0,60,5,2016,9,20,5,3,5,3,2,0,0,1,0,0,0,0,5.85264E+20,5.97731E+21,1.02988E+16,5.39371E+16
5798,5799,1,0,60,37,2016,7,6,4,3,9,1,0,0,0,1,0,0,0,0,5.54469E+20,5.96711E+21,9.82799E+15,5.38497E+16
5799,5800,1,0,4,0,2016,7,11,4,3,5,3,0,0,0,1,0,1,0,0,5.65136E+20,5.99842E+21,9.99681E+15,5.41298E+16
5800,5801,1,0,2,0,2016,8,15,5,3,1,5,0,0,1,1,0,0,0,0,5.7362E+20,6.02294E+21,1.01326E+16,5.4349E+16
5801,5802,1,0,53,83,2016,9,12,1,3,3,6,0,0,0,1,0,1,0,0,6.03586E+20,5.91503E+21,1.05571E+16,5.33742E+16
5802,5803,1,0,51,84,2016,8,13,1,3,0,7,0,0,1,0,0,0,0,1,4.92545E+20,6.00111E+21,8.88584E+15,5.4158E+16
5803,5804,1,0,60,39,2016,8,18,4,3,5,3,0,1,1,1,0,0,0,0,5.64403E+20,5.96012E+21,9.97751E+15,5.37857E+16
5804,5805,1,0,51,13,2016,7,15,1,3,3,6,0,0,0,1,0,1,0,0,4.91444E+20,5.99831E+21,8.86905E+15,5.41329E+16
5805,5806,1,0,61,79,2016,9,16,1,3,9,1,0,0,0,0,0,1,0,0,5.37027E+20,5.97416E+21,9.56372E+15,5.39145E+16
5806,5807,1,0,59,19,2016,8,7,1,3,8,1,0,0,0,1,0,0,0,0,5.31883E+20,6.03646E+21,9.49202E+15,5.44748E+16
5807,5808,1,0,53,7,2016,8,17,6,3,2,6,0,0,0,1,0,0,0,0,6.00021E+20,5.93666E+21,1.05104E+16,5.35693E+16
5808,5809,1,0,55,4,2016,9,19,4,3,9,1,0,0,0,0,0,1,0,0,6.08307E+20,5.97655E+21,1.06494E+16,5.3926E+16
5809,5810,1,0,53,119,2016,7,21,5,1,8,7,0,1,0,1,0,0,0,0,6.07219E+20,5.93118E+21,1.06172E+16,5.35186E+16
5810,5811,1,0,51,74,2016,9,15,2,2,5,3,0,0,1,1,0,0,0,0,5.04415E+20,5.9938E+21,9.0675E+15,5.40923E+16
5811,5812,1,0,58,43,2016,8,10,4,3,0,1,0,0,1,0,0,0,0,0,5.54967E+20,6.03457E+21,9.84786E+15,5.44558E+16
5812,5813,1,0,58,146,2016,7,18,3,3,8,1,0,0,0,1,0,0,0,0,5.47976E+20,6.0147E+21,9.73683E+15,5.4278E+16
5813,5814,1,0,4,0,2016,8,14,4,3,4,6,0,0,1,0,0,0,0,0,5.64313E+20,5.99242E+21,9.98293E+15,5.40759E+16
5814,5815,1,0,61,79,2016,7,14,7,3,8,7,0,0,0,0,0,1,0,0,5.35417E+20,5.97413E+21,9.5392E+15,5.39144E+16
5815,5816,1,0,62,86,2016,9,13,7,3,2,6,0,0,0,1,0,0,0,0,5.87311E+20,5.93594E+21,1.03183E+16,5.35651E+16
5816,5817,1,0,58,3,2016,7,14,6,2,4,6,0,0,0,1,0,0,1,0,5.36337E+20,6.02308E+21,9.55911E+15,5.43542E+16
5817,5818,1,0,59,171,2016,8,11,7,3,5,3,0,0,0,1,0,1,0,0,5.25602E+20,6.05706E+21,9.39689E+15,5.46603E+16
5818,5819,1,0,53,32,2016,7,11,2,3,5,2,0,0,0,1,0,0,0,0,5.92395E+20,5.92206E+21,1.0391E+16,5.34395E+16
5819,5820,1,0,59,75,2016,9,12,6,3,2,1,0,0,0,1,0,0,0,1,5.36282E+20,6.04092E+21,9.56044E+15,5.45146E+16
5820,5821,1,0,53,46,2016,7,12,4,3,2,6,0,0,0,1,0,0,0,1,6.19782E+20,5.93166E+21,1.08067E+16,5.35202E+16
5821,5822,1,0,62,1,2016,9,17,2,3,1,5,0,0,1,1,0,0,0,0,5.81695E+20,5.94834E+21,1.02368E+16,5.36774E+16
5822,5823,1,0,56,18,2016,8,10,3,3,2,6,0,0,0,1,0,0,0,0,5.54257E+20,5.94141E+21,9.82026E+15,5.36187E+16
5823,5824,1,0,51,74,2016,9,19,7,3,2,6,1,0,0,1,0,0,0,0,5.046E+20,5.99286E+21,9.07031E+15,5.40839E+16
5824,5825,1,0,3,0,2016,7,10,5,3,5,3,0,0,1,1,0,0,0,0,6.11584E+20,5.96882E+21,1.06965E+16,5.38559E+16
5825,5826,1,0,62,36,2016,7,9,5,2,5,2,0,0,0,1,0,1,0,0,5.80631E+20,5.95235E+21,1.02217E+16,5.37136E+16
5826,5827,1,0,1,0,2016,8,10,2,3,2,6,0,0,0,1,0,0,0,1,5.28886E+20,6.07205E+21,9.44928E+15,5.47948E+16
5827,5828,1,0,61,101,2016,9,6,3,3,5,3,0,0,0,1,0,0,0,1,5.35227E+20,5.96206E+21,9.53493E+15,5.38059E+16
5828,5829,1,0,53,95,2016,8,18,1,3,5,3,0,1,0,1,0,0,0,0,6.05654E+20,5.93943E+21,1.05963E+16,5.3593E+16
5829,5830,1,0,58,146,2016,9,8,6,3,2,6,0,0,0,1,0,0,1,1,5.4892E+20,6.01816E+21,9.75189E+15,5.43089E+16
5830,5831,1,0,59,50,2016,9,13,1,3,8,1,0,1,0,1,0,0,0,0,5.3198E+20,6.02845E+21,9.49264E+15,5.44028E+16
5831,5832,1,0,56,22,2016,7,8,4,3,2,6,0,0,0,1,0,0,0,0,5.54009E+20,5.95856E+21,9.8195E+15,5.37729E+16
5832,5833,1,0,55,12,2016,8,19,7,2,0,1,0,0,0,0,0,1,0,0,6.05884E+20,5.99948E+21,1.06205E+16,5.41326E+16
5833,5834,1,0,60,39,2016,9,13,3,3,4,6,0,0,0,1,0,0,0,0,5.65392E+20,5.9591E+21,9.99231E+15,5.37764E+16
5834,5835,1,0,62,14,2016,7,12,5,3,2,6,0,0,0,1,0,0,0,0,5.82504E+20,5.95231E+21,1.02501E+16,5.37129E+16
5835,5836,1,0,57,41,2016,8,6,3,2,9,7,0,0,0,1,0,0,0,0,5.9023E+20,6.02637E+21,1.03891E+16,5.43771E+16
5836,5837,1,0,2,0,2016,7,10,7,3,0,1,0,1,1,0,0,0,0,0,5.73299E+20,6.02004E+21,1.0127E+16,5.43229E+16
5837,5838,1,0,55,46,2016,8,10,3,3,5,3,0,0,1,1,0,0,0,0,6.41978E+20,6.03484E+21,1.11894E+16,5.44414E+16
5838,5839,1,0,51,13,2016,8,9,3,3,5,3,0,0,0,1,0,0,0,0,4.91759E+20,5.99901E+21,8.87386E+15,5.41392E+16
5839,5840,1,0,57,54,2016,9,12,5,3,2,6,0,0,0,1,0,0,0,0,5.78171E+20,6.00432E+21,1.01978E+16,5.4181E+16
5840,5841,1,0,58,171,2016,8,13,5,2,5,2,0,0,0,1,0,1,0,0,5.59345E+20,6.01623E+21,9.91171E+15,5.42906E+16
5841,5842,1,0,60,63,2016,9,17,6,2,5,2,0,0,0,1,0,1,0,0,5.69606E+20,5.95066E+21,1.00543E+16,5.37E+16
5842,5843,1,0,53,53,2016,7,15,5,2,2,6,0,0,0,1,0,1,0,0,5.90796E+20,5.92515E+21,1.03678E+16,5.34675E+16
5843,5844,1,0,51,34,2016,8,10,7,3,8,1,0,0,0,1,0,0,0,0,4.95431E+20,5.9795E+21,8.93036E+15,5.39638E+16
5844,5845,1,0,2,0,2016,8,7,6,3,5,2,0,1,1,1,0,0,0,0,5.71536E+20,6.02061E+21,1.01E+16,5.43284E+16
5845,5846,1,0,58,34,2016,9,13,2,3,5,2,0,0,0,1,0,0,0,0,5.44433E+20,6.01899E+21,9.68305E+15,5.43169E+16
5846,5847,1,0,2,0,2016,8,7,7,3,5,3,0,0,0,1,0,0,0,1,5.73324E+20,6.01777E+21,1.01268E+16,5.43026E+16
5847,5848,1,0,58,24,2016,9,23,5,3,2,6,2,0,0,0,0,0,1,0,5.45878E+20,6.02202E+21,9.70574E+15,5.4344E+16
5848,5849,1,0,61,91,2016,8,12,3,2,8,1,0,0,0,1,0,0,0,0,5.38017E+20,5.98986E+21,9.58075E+15,5.40556E+16
5849,5850,1,0,51,84,2016,9,13,6,3,0,6,0,0,0,1,0,0,0,0,4.93157E+20,6.00124E+21,8.89521E+15,5.41592E+16
5850,5851,1,0,58,49,2016,8,15,6,1,8,1,0,0,0,0,0,1,0,0,5.50758E+20,6.01247E+21,9.77918E+15,5.42577E+16
5851,5852,1,0,3,0,2016,9,11,2,3,2,6,0,0,0,1,0,0,0,0,6.11333E+20,5.97185E+21,1.06938E+16,5.38832E+16
5852,5853,1,0,56,9,2016,8,13,5,3,5,3,0,1,0,1,0,0,0,0,5.5443E+20,5.95024E+21,9.82442E+15,5.3698E+16
5853,5854,1,0,56,15,2016,9,11,2,2,5,3,0,0,0,1,0,0,0,0,5.42573E+20,5.95678E+21,9.64574E+15,5.37579E+16
5854,5855,1,0,58,68,2016,8,5,2,3,4,6,2,1,0,1,0,0,1,0,5.36973E+20,6.00312E+21,9.56642E+15,5.41748E+16
5855,5856,1,0,55,16,2016,7,14,7,3,2,6,0,0,0,1,0,0,0,1,6.31102E+20,6.00721E+21,1.10096E+16,5.41962E+16
5856,5857,1,0,55,42,2016,8,10,4,3,5,3,0,0,1,1,0,0,0,0,6.20204E+20,5.9837E+21,1.08333E+16,5.39876E+16
5857,5858,1,0,58,54,2016,9,17,5,2,5,3,0,0,0,1,0,1,0,0,5.39406E+20,6.01701E+21,9.60551E+15,5.42994E+16
5858,5859,1,0,53,100,2016,8,17,6,3,2,6,0,0,0,1,0,0,0,0,6.18059E+20,5.95082E+21,1.0788E+16,5.36927E+16
5859,5860,1,0,53,129,2016,7,17,5,3,5,3,0,1,0,1,0,0,0,0,5.84129E+20,5.9284E+21,1.02683E+16,5.34978E+16
5860,5861,1,0,2,0,2016,7,17,5,3,2,6,0,0,0,1,0,0,0,0,5.74978E+20,6.02842E+21,1.01549E+16,5.4398E+16
5861,5862,1,0,56,1,2016,9,9,7,3,0,1,0,1,0,0,0,1,0,0,5.50483E+20,5.94389E+21,9.76361E+15,5.36413E+16
5862,5863,1,0,56,10,2016,9,18,3,3,2,6,0,0,0,1,0,1,0,0,5.46389E+20,5.96762E+21,9.70525E+15,5.3855E+16
5863,5864,1,0,58,34,2016,9,19,5,3,2,6,0,0,0,1,0,0,0,0,5.43483E+20,6.01857E+21,9.66839E+15,5.43131E+16
5864,5865,1,0,3,0,2016,7,10,4,2,6,4,0,0,1,0,1,0,0,0,6.12465E+20,5.967E+21,1.07092E+16,5.38393E+16
5865,5866,1,0,58,51,2016,7,13,4,2,9,7,0,0,0,0,0,0,0,1,5.66687E+20,6.03028E+21,1.00276E+16,5.44159E+16
5866,5867,1,0,3,0,2016,8,13,3,3,2,3,0,0,0,1,0,0,1,0,6.09052E+20,5.97147E+21,1.0659E+16,5.38802E+16
5867,5868,1,0,56,15,2016,8,22,5,3,9,7,2,0,0,1,0,0,0,0,5.47E+20,5.95539E+21,9.71268E+15,5.3745E+16
5868,5869,1,0,57,91,2016,9,14,1,2,0,3,0,0,0,1,0,1,0,0,5.81267E+20,6.01536E+21,1.02482E+16,5.42797E+16
5869,5870,1,0,58,137,2016,8,12,1,2,5,2,0,0,0,1,0,1,0,0,5.5411E+20,6.04707E+21,9.83693E+15,5.45682E+16
5870,5871,1,0,3,0,2016,8,19,4,2,6,4,0,1,0,1,1,0,0,0,6.22433E+20,5.98023E+21,1.08659E+16,5.39559E+16
5871,5872,1,0,56,43,2016,9,15,7,3,3,6,0,0,0,1,0,0,0,0,5.54345E+20,5.94497E+21,9.82221E+15,5.36507E+16
5872,5873,1,0,60,5,2016,7,16,1,3,0,1,0,1,0,0,0,1,0,0,5.85066E+20,5.97721E+21,1.02958E+16,5.39363E+16
5873,5874,1,0,53,108,2016,9,15,1,3,8,1,0,0,0,0,0,1,0,0,5.99843E+20,5.95136E+21,1.05124E+16,5.37013E+16
5874,5875,1,0,3,0,2016,7,18,5,3,5,3,0,1,1,1,0,0,0,0,6.07936E+20,5.96833E+21,1.06409E+16,5.38522E+16
5875,5876,1,0,58,71,2016,9,12,6,2,5,2,0,0,0,1,0,0,0,1,5.41707E+20,6.00449E+21,9.63914E+15,5.41868E+16
5876,5877,1,0,60,5,2016,8,6,5,3,3,6,0,0,0,1,0,0,1,0,5.84259E+20,5.97716E+21,1.02835E+16,5.3936E+16
5877,5878,1,0,58,54,2016,9,15,4,2,5,3,0,0,0,0,0,1,1,0,5.37766E+20,6.01775E+21,9.58042E+15,5.43062E+16
5878,5879,1,0,3,0,2016,7,13,5,3,5,2,0,0,0,1,0,0,0,0,6.07876E+20,5.96877E+21,1.06401E+16,5.38562E+16
5879,5880,1,0,61,49,2016,8,16,3,3,5,3,0,0,0,1,0,1,0,0,5.45618E+20,5.97863E+21,9.69517E+15,5.3954E+16
5880,5881,1,0,59,107,2016,8,17,4,3,2,6,0,0,0,1,0,0,0,0,5.24682E+20,6.05244E+21,9.38222E+15,5.46188E+16
5881,5882,1,0,58,83,2016,7,18,7,2,4,6,0,1,0,1,0,1,0,0,5.45758E+20,6.03359E+21,9.70567E+15,5.4448E+16
5882,5883,1,0,51,108,2016,9,18,6,3,9,1,0,0,0,0,0,1,0,0,4.98253E+20,6.01213E+21,8.97318E+15,5.42572E+16
5883,5884,1,0,59,79,2016,7,14,6,3,2,2,0,0,0,0,0,1,0,1,5.21779E+20,6.04458E+21,9.3367E+15,5.45483E+16
5884,5885,1,0,60,64,2016,8,11,7,3,2,6,0,0,0,1,0,0,0,0,5.61441E+20,5.96681E+21,9.93389E+15,5.38461E+16
5885,5886,1,0,4,0,2016,7,8,2,3,2,6,0,0,0,1,0,0,0,0,5.65985E+20,5.99196E+21,1.00084E+16,5.40716E+16
5886,5887,1,0,60,2,2016,9,14,5,3,8,7,0,0,0,1,0,0,0,0,5.59784E+20,5.95988E+21,9.90736E+15,5.3784E+16
5887,5888,1,0,58,34,2016,9,16,2,3,5,3,0,0,1,0,0,0,0,0,5.43166E+20,6.01822E+21,9.66348E+15,5.431E+16
5888,5889,1,0,4,0,2016,8,14,3,3,1,6,0,0,0,1,0,0,0,0,5.64733E+20,5.9938E+21,9.98966E+15,5.40884E+16
5889,5890,1,0,3,0,2016,9,18,7,3,5,3,1,0,0,1,0,0,0,0,6.0875E+20,5.97191E+21,1.06545E+16,5.38842E+16
5890,5891,1,0,3,0,2016,7,17,5,2,6,2,0,1,0,1,1,0,0,0,6.22024E+20,5.98034E+21,1.08597E+16,5.3957E+16
5891,5892,1,0,62,71,2016,8,14,1,3,2,6,0,0,0,0,0,1,0,1,5.8077E+20,5.94046E+21,1.02208E+16,5.36067E+16
5892,5893,1,0,2,0,2016,9,15,3,3,0,6,0,0,0,1,0,0,0,0,5.76514E+20,6.02039E+21,1.01765E+16,5.43256E+16
5893,5894,1,0,2,0,2016,8,12,1,3,5,2,0,0,1,1,0,0,0,0,5.72388E+20,6.01787E+21,1.01125E+16,5.43036E+16
5894,5895,1,0,60,85,2016,9,10,5,3,5,3,0,0,0,1,0,1,0,0,5.81822E+20,5.96259E+21,1.02425E+16,5.38054E+16
5895,5896,1,0,60,4,2016,8,13,4,3,5,3,0,1,0,1,0,0,0,0,5.58127E+20,5.97455E+21,9.885E+15,5.39161E+16
5896,5897,1,0,60,68,2016,9,13,7,3,9,7,0,0,0,1,0,0,0,0,5.78226E+20,5.98252E+21,1.0193E+16,5.39851E+16
5897,5898,1,0,60,9,2016,7,5,1,2,9,1,0,0,0,1,0,0,0,0,5.61347E+20,5.97661E+21,9.93443E+15,5.39343E+16
5898,5899,1,0,60,58,2016,9,13,1,3,2,6,0,0,0,1,0,1,0,0,5.74503E+20,5.96006E+21,1.01308E+16,5.37838E+16
5899,5900,1,0,62,22,2016,9,18,6,3,8,1,0,0,1,0,0,0,0,0,5.87705E+20,5.94131E+21,1.03258E+16,5.36133E+16
5900,5901,1,0,60,58,2016,8,13,5,3,8,7,0,0,0,0,0,0,1,0,5.74776E+20,5.96055E+21,1.0135E+16,5.37882E+16
5901,5902,1,0,3,0,2016,9,14,4,3,5,3,0,0,1,1,0,0,0,0,6.18507E+20,5.97498E+21,1.08041E+16,5.39097E+16
5902,5903,1,0,55,22,2016,7,15,5,3,5,3,0,0,1,1,0,0,0,0,6.30829E+20,6.01887E+21,1.10105E+16,5.43009E+16
5903,5904,1,0,60,75,2016,9,6,2,3,7,7,1,1,0,1,0,0,0,0,5.969E+20,5.99046E+21,1.04802E+16,5.40533E+16
5904,5905,1,0,59,80,2016,8,18,4,3,5,3,0,0,0,1,0,0,0,1,5.48315E+20,6.0506E+21,9.74788E+15,5.46006E+16
5905,5906,1,0,2,0,2016,8,12,4,3,7,7,0,0,1,0,1,0,0,0,5.73164E+20,6.02179E+21,1.01253E+16,5.43387E+16
5906,5907,1,0,62,60,2016,7,10,7,3,2,6,0,0,0,1,0,0,0,0,5.81107E+20,5.92997E+21,1.02231E+16,5.35124E+16
5907,5908,1,0,2,0,2016,9,2,7,2,8,1,2,0,0,1,0,0,0,0,5.73769E+20,6.01858E+21,1.01338E+16,5.43098E+16
5908,5909,1,0,2,0,2016,7,15,6,3,2,6,0,0,0,1,0,0,0,0,5.73684E+20,6.01825E+21,1.01325E+16,5.43068E+16
5909,5910,1,0,54,87,2016,8,23,7,3,7,7,2,0,0,0,0,1,0,0,4.68244E+20,6.06069E+21,8.50732E+15,5.46925E+16
5910,5911,1,0,55,35,2016,7,19,2,3,0,7,0,0,1,0,0,0,0,0,6.12279E+20,5.98306E+21,1.07123E+16,5.39837E+16
5911,5912,1,0,51,32,2016,9,15,5,3,8,1,0,0,0,0,0,1,0,0,5.12728E+20,5.9871E+21,9.19432E+15,5.4032E+16
5912,5913,1,0,3,0,2016,9,12,2,3,0,7,0,0,1,1,0,0,0,0,6.125E+20,5.96937E+21,1.07106E+16,5.38607E+16
5913,5914,1,0,3,0,2016,8,21,3,3,5,2,2,0,1,1,0,0,0,0,6.11926E+20,5.96841E+21,1.07016E+16,5.38522E+16
5914,5915,1,0,60,39,2016,9,11,7,3,5,3,0,0,0,1,0,0,0,1,5.64762E+20,5.9622E+21,9.9834E+15,5.38043E+16
5915,5916,1,0,3,0,2016,7,14,5,3,1,5,0,0,1,1,0,0,0,0,6.23244E+20,5.98003E+21,1.08782E+16,5.3954E+16
5916,5917,1,0,61,29,2016,8,11,1,3,5,7,0,0,0,1,0,0,0,0,5.27288E+20,5.96165E+21,9.41435E+15,5.38027E+16
5917,5918,1,0,62,1,2016,9,18,3,2,0,7,0,0,0,0,0,1,0,0,5.8364E+20,5.94456E+21,1.02652E+16,5.36431E+16
5918,5919,1,0,53,12,2016,8,18,1,2,3,6,0,1,0,1,0,1,0,0,5.85552E+20,5.9243E+21,1.02886E+16,5.34608E+16
5919,5920,1,0,61,46,2016,9,7,5,2,5,3,0,0,1,0,0,0,1,0,5.35342E+20,5.97602E+21,9.53829E+15,5.39313E+16
5920,5921,1,0,56,39,2016,9,18,1,3,8,1,0,1,0,1,0,0,0,0,5.53355E+20,5.94718E+21,9.80761E+15,5.36706E+16
5921,5922,1,0,60,63,2016,7,12,4,3,3,6,0,0,0,1,0,1,0,0,5.64407E+20,5.9468E+21,9.9748E+15,5.3666E+16
5922,5923,1,0,58,107,2016,8,11,7,3,0,2,0,1,0,0,0,1,0,0,5.70012E+20,6.01459E+21,1.00752E+16,5.42745E+16
5923,5924,1,0,3,0,2016,9,14,3,3,3,2,0,0,0,1,0,0,1,0,6.12139E+20,5.97227E+21,1.07062E+16,5.38867E+16
5924,5925,1,0,1,0,2016,8,6,3,3,5,2,0,1,0,1,0,1,0,0,5.2964E+20,6.07375E+21,9.46118E+15,5.48101E+16
5925,5926,1,0,59,93,2016,7,22,7,3,9,1,1,0,0,0,0,1,0,0,5.38194E+20,6.05606E+21,9.59194E+15,5.46505E+16
5926,5927,1,0,57,73,2016,8,8,3,3,8,1,0,0,1,0,0,0,0,0,5.89831E+20,6.02757E+21,1.03834E+16,5.4388E+16
5927,5928,1,0,62,83,2016,8,19,3,3,9,7,0,0,0,1,0,0,0,0,5.98453E+20,5.9609E+21,1.04944E+16,5.37874E+16
5928,5929,1,0,51,114,2016,7,0,1,3,9,7,2,0,0,0,0,1,0,0,5.19315E+20,6.00862E+21,9.29627E+15,5.42252E+16
5929,5930,1,0,61,46,2016,9,17,5,2,8,1,0,0,0,1,0,0,0,0,5.32227E+20,5.97923E+21,9.49119E+15,5.39605E+16
5930,5931,1,0,57,54,2016,8,17,5,3,9,6,0,0,0,1,0,0,0,1,5.76705E+20,6.00311E+21,1.0175E+16,5.41703E+16
5931,5932,1,0,55,46,2016,9,16,6,3,2,6,0,0,0,1,0,0,0,0,6.39558E+20,6.03566E+21,1.11525E+16,5.44494E+16
5932,5933,1,0,3,0,2016,7,20,5,3,0,7,0,1,1,1,0,0,0,0,6.05592E+20,5.97074E+21,1.06061E+16,5.38744E+16
5933,5934,1,0,2,0,2016,7,20,6,2,0,3,0,1,1,1,0,0,0,0,5.7388E+20,6.0207E+21,1.01361E+16,5.43288E+16
5934,5935,1,0,1,0,2016,8,12,6,3,2,6,0,1,0,1,0,1,0,0,5.27683E+20,6.07038E+21,9.43041E+15,5.47798E+16
5935,5936,1,0,59,186,2016,9,12,2,2,0,7,0,0,1,0,0,0,0,0,5.48053E+20,6.06881E+21,9.74683E+15,5.47642E+16
5936,5937,1,0,59,26,2016,8,12,7,3,2,6,0,0,0,1,0,0,0,1,5.40261E+20,6.03861E+21,9.62159E+15,5.44935E+16
5937,5938,1,0,56,3,2016,9,6,4,3,3,2,0,0,1,1,0,0,0,0,5.50896E+20,5.95674E+21,9.77196E+15,5.37568E+16
5938,5939,1,0,53,32,2016,8,8,3,3,2,6,0,1,0,1,0,0,0,0,5.909E+20,5.92323E+21,1.03688E+16,5.34503E+16
5939,5940,1,0,56,15,2016,9,21,6,3,0,7,2,0,1,0,0,0,0,0,5.42294E+20,5.95756E+21,9.64162E+15,5.37649E+16
5940,5941,1,0,54,109,2016,8,6,6,3,5,3,0,1,0,1,0,0,0,0,4.90958E+20,6.06939E+21,8.85945E+15,5.47716E+16
5941,5942,1,0,4,0,2016,9,7,2,3,5,3,0,0,0,1,0,0,0,1,5.63639E+20,5.9906E+21,9.97226E+15,5.40597E+16
5942,5943,1,0,55,16,2016,8,17,2,3,2,2,0,0,0,1,0,0,0,0,6.28259E+20,6.00778E+21,1.09663E+16,5.4202E+16
5943,5944,1,0,53,83,2016,8,8,5,3,6,4,0,0,0,1,1,0,0,0,6.03881E+20,5.91507E+21,1.05615E+16,5.33745E+16
5944,5945,1,0,3,0,2016,9,11,2,3,2,6,0,1,0,1,0,0,0,0,6.12474E+20,5.96969E+21,1.07103E+16,5.38635E+16
5945,5946,1,0,1,0,2016,8,22,2,3,5,3,2,1,0,1,0,0,0,0,5.28024E+20,6.06807E+21,9.43549E+15,5.47591E+16
5946,5947,1,0,58,135,2016,7,12,7,3,3,6,0,0,0,1,0,0,1,0,5.40983E+20,6.01796E+21,9.62988E+15,5.43079E+16
5947,5948,1,0,58,103,2016,8,7,4,3,8,1,0,0,0,1,0,0,0,0,5.44703E+20,5.99068E+21,9.683E+15,5.40624E+16
5948,5949,1,0,2,0,2016,9,13,5,3,2,2,0,0,0,1,0,0,0,0,5.76124E+20,6.01732E+21,1.01697E+16,5.42981E+16
5949,5950,1,0,3,0,2016,8,11,6,3,5,2,0,0,0,1,0,0,0,1,6.11866E+20,5.96963E+21,1.07011E+16,5.38631E+16
5950,5951,1,0,58,92,2016,7,11,5,3,5,3,0,0,1,1,0,0,0,0,5.70107E+20,6.021E+21,1.00781E+16,5.43321E+16