FID,OBJECTID,ULAND,UREGBEZ,UKREIS,UGEMEINDE,UJAHR,UMONAT,USTUNDE,UWOCHENTAG,UKATEGORIE,UART,UTYP1,ULICHTVERH,IstStrasse,IstRad,IstPKW,IstFuss,IstKrad,IstGkfz,IstSonstig,LINREFX,LINREFY,XGCSWGS84,YGCSWGS84
5951,5952,1,0,62,4,2016,7,23,5,3,9,1,2,1,0,1,0,0,0,0,5.92817E+20,5.95966E+21,1.04085E+16,5.37773E+16
5952,5953,1,0,62,4,2016,9,12,3,3,1,6,0,0,0,1,0,0,1,0,5.91938E+20,5.96379E+21,1.03964E+16,5.38146E+16
5953,5954,1,0,2,0,2016,9,12,5,3,1,7,0,0,0,1,0,0,0,0,5.73464E+20,6.02382E+21,1.01305E+16,5.43569E+16
5954,5955,1,0,57,74,2016,7,16,4,3,5,2,0,0,0,1,0,0,0,0,5.80674E+20,6.02245E+21,1.0241E+16,5.43435E+16
5955,5956,1,0,61,118,2016,8,16,4,3,3,6,0,0,0,1,0,1,0,0,5.29051E+20,5.95707E+21,9.44068E+15,5.37615E+16
5956,5957,1,0,1,0,2016,8,14,3,3,0,2,0,0,1,1,0,0,0,0,5.27194E+20,6.07336E+21,9.42308E+15,5.48067E+16
5957,5958,1,0,56,46,2016,9,9,1,2,3,6,0,0,0,1,0,0,0,0,5.4729E+20,5.95455E+21,9.71694E+15,5.37375E+16
5958,5959,1,0,59,113,2016,7,21,7,3,7,7,1,0,0,0,0,1,0,0,5.33257E+20,6.07632E+21,9.51776E+15,5.48329E+16
5959,5960,1,0,54,168,2016,8,15,1,3,2,6,0,0,1,0,0,0,0,0,4.54924E+20,6.08116E+21,8.2975E+15,5.48754E+16
5960,5961,1,0,2,0,2016,7,11,3,3,5,3,0,0,0,1,0,1,0,0,5.72761E+20,6.01811E+21,1.01183E+16,5.43057E+16
5961,5962,1,0,2,0,2016,8,16,4,3,6,4,0,0,0,1,1,0,0,0,5.73619E+20,6.0209E+21,1.01321E+16,5.43306E+16
5962,5963,1,0,60,54,2016,9,14,6,3,2,6,0,1,0,1,0,0,1,0,5.58739E+20,5.96907E+21,9.89326E+15,5.38668E+16
5963,5964,1,0,55,18,2016,7,15,1,3,1,5,0,0,1,1,0,0,0,0,6.32237E+20,6.01091E+21,1.10286E+16,5.42291E+16
5964,5965,1,0,58,24,2016,9,12,1,2,2,6,0,0,0,1,0,1,0,0,5.45323E+20,6.02132E+21,9.69709E+15,5.43377E+16
5965,5966,1,0,58,124,2016,7,17,5,3,8,1,0,1,1,0,0,0,0,0,5.45315E+20,6.01614E+21,9.69618E+15,5.42912E+16
5966,5967,1,0,55,12,2016,8,15,2,2,3,3,0,0,0,1,0,0,0,1,6.02865E+20,5.99899E+21,1.05742E+16,5.41288E+16
5967,5968,1,0,4,0,2016,9,20,6,2,5,2,2,0,0,1,0,1,0,0,5.63434E+20,5.99182E+21,9.96938E+15,5.40707E+16
5968,5969,1,0,55,21,2016,8,16,5,3,5,3,0,0,0,1,0,1,0,0,6.29071E+20,6.02665E+21,1.09869E+16,5.43713E+16
5969,5970,1,0,2,0,2016,9,8,4,1,6,1,0,0,1,0,1,0,0,0,5.73373E+20,6.02426E+21,1.01292E+16,5.43609E+16
5970,5971,1,0,58,80,2016,7,5,5,3,7,7,0,0,0,0,0,1,0,0,5.56913E+20,6.02839E+21,9.87668E+15,5.44E+16
5971,5972,1,0,2,0,2016,8,18,6,3,5,3,0,0,1,1,0,0,0,0,5.71278E+20,6.02064E+21,1.00961E+16,5.43286E+16
5972,5973,1,0,59,81,2016,8,14,4,3,0,1,0,0,0,1,0,1,0,0,5.35348E+20,6.05026E+21,9.54713E+15,5.45986E+16
5973,5974,1,0,60,63,2016,9,15,6,3,2,6,0,0,0,1,0,0,0,0,5.67869E+20,5.95261E+21,1.00285E+16,5.37177E+16
5974,5975,1,0,61,104,2016,8,7,6,3,5,2,0,1,0,1,0,0,0,0,5.37832E+20,5.96629E+21,9.575E+15,5.38437E+16
5975,5976,1,0,2,0,2016,7,15,2,3,2,6,0,0,0,1,0,0,0,0,5.75988E+20,6.01923E+21,1.01681E+16,5.43153E+16
5976,5977,1,0,53,27,2016,9,14,5,2,0,1,0,0,0,0,0,0,0,1,6.0296E+20,5.93548E+21,1.05544E+16,5.35581E+16
5977,5978,1,0,2,0,2016,9,6,2,3,0,1,0,1,1,0,0,0,0,0,5.76112E+20,6.01666E+21,1.01694E+16,5.42921E+16
5978,5979,1,0,59,14,2016,8,16,3,3,5,3,0,0,0,1,0,0,0,0,5.47765E+20,6.05495E+21,9.74008E+15,5.46397E+16
5979,5980,1,0,3,0,2016,9,17,7,3,2,6,0,0,0,1,0,1,0,0,6.11619E+20,5.96983E+21,1.06974E+16,5.38649E+16
5980,5981,1,0,2,0,2016,7,7,5,3,4,6,0,0,1,0,0,0,0,0,5.69827E+20,6.01955E+21,1.00735E+16,5.4319E+16
5981,5982,1,0,55,35,2016,8,21,1,2,8,1,1,0,0,1,0,0,0,0,6.15366E+20,5.97949E+21,1.0758E+16,5.39509E+16
5982,5983,1,0,59,185,2016,9,18,3,3,2,6,0,0,0,1,0,0,0,0,5.38343E+20,6.06086E+21,9.59488E+15,5.46936E+16
5983,5984,1,0,1,0,2016,8,19,1,3,0,7,0,0,1,0,0,0,0,0,5.29291E+20,6.07293E+21,9.45567E+15,5.48027E+16
5984,5985,1,0,3,0,2016,9,10,5,3,2,3,0,0,1,1,0,0,0,0,6.09918E+20,5.97025E+21,1.06717E+16,5.38691E+16
5985,5986,1,0,3,0,2016,8,17,4,3,5,3,0,1,0,1,0,0,0,0,6.10909E+20,5.96827E+21,1.06861E+16,5.38511E+16
5986,5987,1,0,62,91,2016,9,5,7,3,7,7,2,0,0,1,0,0,0,0,5.90868E+20,5.95141E+21,1.03765E+16,5.37035E+16
5987,5988,1,0,55,44,2016,8,19,7,3,5,2,0,0,0,1,0,0,0,0,6.0864E+20,5.98955E+21,1.06591E+16,5.40427E+16
5988,5989,1,0,54,116,2016,9,15,3,2,8,1,0,0,0,0,0,1,0,0,5.12472E+20,6.02861E+21,9.19213E+15,5.44051E+16
5989,5990,1,0,53,41,2016,8,12,2,3,8,3,0,0,0,1,0,0,0,1,6.14496E+20,5.96426E+21,1.07391E+16,5.38143E+16
5990,5991,1,0,51,48,2016,7,18,6,3,2,6,0,0,0,1,0,0,0,0,5.05943E+20,6.00252E+21,9.09104E+15,5.41707E+16
5991,5992,1,0,1,0,2016,8,17,3,3,0,3,0,0,1,1,0,0,0,0,5.25919E+20,6.06767E+21,9.40274E+15,5.47556E+16
5992,5993,1,0,1,0,2016,8,18,3,3,5,3,0,0,0,1,0,0,0,0,5.24435E+20,6.07033E+21,9.3799E+15,5.47795E+16
5993,5994,1,0,62,88,2016,7,13,1,3,8,1,0,0,0,1,0,0,0,0,5.82869E+20,5.93919E+21,1.02521E+16,5.3595E+16
5994,5995,1,0,62,27,2016,8,13,5,3,3,6,0,0,0,1,0,0,0,0,5.88213E+20,5.95277E+21,1.03367E+16,5.37161E+16
5995,5996,1,0,54,1,2016,9,18,6,3,5,3,1,0,1,1,0,0,0,0,5.0222E+20,6.07129E+21,9.03452E+15,5.47888E+16
5996,5997,1,0,3,0,2016,8,12,7,3,2,6,0,0,1,1,0,0,0,0,6.10134E+20,5.96992E+21,1.06749E+16,5.38661E+16
5997,5998,1,0,2,0,2016,7,10,5,3,2,6,0,0,0,1,0,0,1,0,5.74864E+20,6.01316E+21,1.01493E+16,5.42609E+16
5998,5999,1,0,62,61,2016,7,11,6,3,2,6,0,0,0,1,0,0,0,1,5.97933E+20,5.96447E+21,1.04877E+16,5.38195E+16
5999,6000,1,0,60,54,2016,9,15,1,2,4,7,0,0,0,1,1,0,0,0,5.58105E+20,5.97235E+21,9.88425E+15,5.38963E+16
6000,6001,1,0,62,16,2016,8,12,6,3,1,5,0,0,0,1,0,0,0,0,5.83101E+20,5.95777E+21,1.02606E+16,5.37619E+16
6001,6002,1,0,57,68,2016,9,15,4,2,4,1,0,0,0,1,0,1,0,0,5.74635E+20,5.99386E+21,1.0141E+16,5.40875E+16
6002,6003,1,0,58,50,2016,9,12,6,3,3,6,0,0,1,0,0,0,0,0,5.60814E+20,6.0174E+21,9.93452E+15,5.43009E+16
6003,6004,1,0,56,41,2016,8,13,5,3,5,3,0,0,1,1,0,0,0,0,5.59108E+20,5.95397E+21,9.89598E+15,5.37311E+16
6004,6005,1,0,61,46,2016,9,5,2,3,3,6,2,0,0,1,0,0,0,0,5.3153E+20,5.9758E+21,9.4802E+15,5.39297E+16
6005,6006,1,0,54,168,2016,8,16,2,3,4,6,0,0,1,0,0,0,0,0,4.54946E+20,6.08085E+21,8.2979E+15,5.48727E+16
6006,6007,1,0,56,39,2016,8,12,5,3,2,6,0,1,0,1,0,0,0,1,5.53202E+20,5.94734E+21,9.80532E+15,5.36721E+16
6007,6008,1,0,59,137,2016,9,10,2,3,5,3,0,0,0,1,0,0,0,0,5.40473E+20,6.0725E+21,9.62955E+15,5.47981E+16
6008,6009,1,0,4,0,2016,8,17,1,3,5,2,0,0,0,1,0,0,0,0,5.63593E+20,5.99201E+21,9.97186E+15,5.40724E+16
6009,6010,1,0,54,56,2016,8,14,7,3,5,2,0,0,1,0,0,0,0,0,5.04108E+20,6.03659E+21,9.0634E+15,5.44769E+16
6010,6011,1,0,2,0,2016,9,19,3,3,5,3,0,0,1,1,0,0,0,0,5.73027E+20,6.02131E+21,1.01231E+16,5.43344E+16
6011,6012,1,0,51,23,2016,8,15,2,3,5,3,0,0,0,1,0,0,0,0,5.19651E+20,6.01164E+21,9.30161E+15,5.42524E+16
6012,6013,1,0,54,24,2016,7,9,7,3,4,2,0,0,0,1,0,0,0,0,5.04973E+20,6.05072E+21,9.07699E+15,5.46039E+16
6013,6014,1,0,57,77,2016,8,17,3,3,8,1,0,0,0,1,0,0,0,0,5.91661E+20,6.01659E+21,1.04082E+16,5.4289E+16
6014,6015,1,0,58,172,2016,8,17,3,2,2,6,0,0,0,1,0,0,0,1,5.42422E+20,6.01477E+21,9.65155E+15,5.42791E+16
6015,6016,1,0,62,1,2016,7,17,1,3,5,3,0,0,0,1,0,0,0,0,5.81873E+20,5.94761E+21,1.02393E+16,5.36708E+16
6016,6017,1,0,1,0,2016,8,1,5,3,9,1,2,0,0,0,0,0,0,1,5.29562E+20,6.06769E+21,9.45935E+15,5.47556E+16
6017,6018,1,0,58,47,2016,9,12,6,2,4,6,0,1,0,1,0,0,0,0,5.36966E+20,6.01408E+21,9.56766E+15,5.42733E+16
6018,6019,1,0,62,60,2016,8,18,7,3,2,6,1,0,0,1,0,0,0,0,5.81575E+20,5.93213E+21,1.02307E+16,5.35317E+16
6019,6020,1,0,2,0,2016,7,8,5,3,5,2,0,0,0,1,0,1,0,0,5.76678E+20,6.01957E+21,1.01788E+16,5.43182E+16
6020,6021,1,0,59,62,2016,7,16,6,3,5,3,0,0,0,1,0,0,0,0,5.32952E+20,6.04483E+21,9.50944E+15,5.45499E+16
6021,6022,1,0,51,113,2016,9,14,1,3,0,7,0,1,0,0,0,1,0,0,4.99078E+20,6.00266E+21,8.98587E+15,5.4172E+16
6022,6023,1,0,61,42,2016,8,9,6,2,5,3,0,0,0,1,0,1,0,0,5.40498E+20,5.97933E+21,9.61725E+15,5.39607E+16
6023,6024,1,0,3,0,2016,9,14,4,3,2,6,0,0,0,1,0,0,0,0,6.1444E+20,5.9683E+21,1.07397E+16,5.38506E+16
6024,6025,1,0,3,0,2016,8,15,3,3,5,3,0,0,1,0,0,0,1,0,6.16887E+20,5.97418E+21,1.07791E+16,5.39029E+16
6025,6026,1,0,3,0,2016,9,18,6,3,0,1,0,0,1,0,0,0,0,0,6.09875E+20,5.97029E+21,1.06711E+16,5.38694E+16
6026,6027,1,0,62,8,2016,8,10,6,3,2,6,0,0,0,1,0,0,0,0,5.95282E+20,5.96233E+21,1.04467E+16,5.38008E+16
6027,6028,1,0,2,0,2016,9,14,2,3,5,3,0,0,1,1,0,0,0,0,5.74157E+20,6.01773E+21,1.01396E+16,5.4302E+16
6028,6029,1,0,58,137,2016,8,12,2,3,0,7,0,0,1,1,0,0,0,0,5.53034E+20,6.04869E+21,9.82058E+15,5.45829E+16
6029,6030,1,0,58,65,2016,8,14,5,3,5,2,0,1,0,1,0,0,0,0,5.57331E+20,6.01111E+21,9.87981E+15,5.42447E+16
6030,6031,1,0,58,172,2016,9,9,2,3,5,2,0,0,1,1,0,0,0,0,5.42206E+20,6.01488E+21,9.64824E+15,5.42801E+16
6031,6032,1,0,53,100,2016,8,17,1,3,6,4,0,0,0,1,1,0,0,0,6.14984E+20,5.95143E+21,1.07417E+16,5.36989E+16
6032,6033,1,0,62,1,2016,9,17,5,3,2,6,0,0,0,1,0,0,0,0,5.8411E+20,5.9443E+21,1.02723E+16,5.36407E+16
6033,6034,1,0,4,0,2016,8,12,6,3,2,6,0,0,0,1,0,0,0,0,5.62379E+20,5.99739E+21,9.95441E+15,5.41208E+16
6034,6035,1,0,2,0,2016,7,16,5,3,1,5,0,1,1,1,0,0,0,0,5.73695E+20,6.02152E+21,1.01334E+16,5.43362E+16
6035,6036,1,0,57,91,2016,9,7,3,3,2,6,0,0,0,1,0,0,1,0,5.81E+20,6.01553E+21,1.02441E+16,5.42813E+16
6036,6037,1,0,61,46,2016,8,10,4,2,9,1,0,0,0,1,0,0,0,0,5.33846E+20,5.97446E+21,9.51533E+15,5.39174E+16
6037,6038,1,0,55,21,2016,7,18,4,2,9,7,0,0,0,1,0,0,0,0,6.30752E+20,6.02582E+21,1.10124E+16,5.43634E+16
6038,6039,1,0,53,83,2016,8,6,4,3,2,6,0,0,0,1,0,1,0,0,6.05302E+20,5.91535E+21,1.0583E+16,5.33768E+16
6039,6040,1,0,2,0,2016,7,16,5,3,5,3,0,1,1,1,0,0,0,0,5.72896E+20,6.01799E+21,1.01203E+16,5.43046E+16
6040,6041,1,0,51,110,2016,8,18,2,3,5,6,0,1,0,1,0,0,0,1,5.12404E+20,5.9903E+21,9.1895E+15,5.40608E+16
6041,6042,1,0,56,43,2016,9,16,7,3,2,6,0,0,0,1,0,0,0,0,5.57878E+20,5.94226E+21,9.87516E+15,5.3626E+16
6042,6043,1,0,3,0,2016,7,11,7,3,2,6,0,0,0,1,0,0,0,0,6.08276E+20,5.96591E+21,1.06452E+16,5.38304E+16
6043,6044,1,0,51,44,2016,8,16,7,3,6,2,0,1,0,1,1,0,0,0,5.05876E+20,6.00449E+21,9.09004E+15,5.41884E+16
6044,6045,1,0,59,184,2016,7,11,3,2,3,6,0,0,0,1,0,0,1,0,5.26625E+20,6.06011E+21,9.41302E+15,5.46876E+16
6045,6046,1,0,59,75,2016,8,10,4,3,2,6,0,1,0,1,0,0,0,1,5.3614E+20,6.04243E+21,9.55844E+15,5.45282E+16
6046,6047,1,0,3,0,2016,9,16,6,3,4,6,0,0,1,0,0,0,0,0,6.09619E+20,5.97059E+21,1.06673E+16,5.38722E+16
6047,6048,1,0,58,92,2016,7,2,1,3,8,1,2,0,1,0,0,0,0,0,5.70621E+20,6.02094E+21,1.0086E+16,5.43314E+16
6048,6049,1,0,2,0,2016,9,14,1,3,5,2,0,0,0,1,0,0,0,0,5.75883E+20,6.03064E+21,1.01694E+16,5.44178E+16
6049,6050,1,0,51,44,2016,7,4,5,3,5,3,1,0,0,1,0,1,0,0,5.06901E+20,6.00623E+21,9.1058E+15,5.42041E+16
6050,6051,1,0,59,8,2016,7,13,5,3,0,3,0,1,0,1,0,0,0,0,5.38045E+20,6.05056E+21,9.58892E+15,5.46011E+16
6051,6052,1,0,58,140,2016,8,10,2,3,6,4,0,0,0,1,0,0,0,1,5.46694E+20,6.01862E+21,9.71776E+15,5.43133E+16
6052,6053,1,0,2,0,2016,8,17,2,3,4,6,0,0,1,0,0,0,0,0,5.74081E+20,6.01854E+21,1.01386E+16,5.43094E+16
6053,6054,1,0,2,0,2016,9,6,6,3,5,3,1,0,1,1,0,0,0,0,5.7351E+20,6.02439E+21,1.01313E+16,5.4362E+16
6054,6055,1,0,56,48,2016,9,11,1,3,0,1,0,1,0,0,0,1,0,0,5.49982E+20,5.9524E+21,9.7574E+15,5.37179E+16
6055,6056,1,0,2,0,2016,8,17,5,3,5,3,0,0,1,1,0,0,0,0,5.68451E+20,6.01772E+21,1.00519E+16,5.43027E+16
6056,6057,1,0,59,186,2016,9,12,4,2,9,1,0,0,1,0,0,0,0,0,5.46659E+20,6.0691E+21,9.72522E+15,5.4767E+16
6057,6058,1,0,54,168,2016,7,0,5,2,8,1,2,0,0,1,0,0,0,0,4.58937E+20,6.08348E+21,8.35972E+15,5.48966E+16
6058,6059,1,0,54,128,2016,8,17,6,2,8,1,0,0,0,0,0,1,0,0,4.99705E+20,6.04834E+21,8.99543E+15,5.45826E+16
6059,6060,1,0,61,19,2016,8,23,3,2,9,1,2,0,0,1,0,0,0,0,5.53411E+20,5.98403E+21,9.81486E+15,5.40018E+16
6060,6061,1,0,54,168,2016,8,18,4,3,0,7,0,0,1,0,0,0,0,0,4.54875E+20,6.08189E+21,8.29664E+15,5.4882E+16
6061,6062,1,0,55,33,2016,9,11,5,3,8,7,0,0,1,0,0,0,0,0,6.22346E+20,6.01492E+21,1.08786E+16,5.42676E+16
6062,6063,1,0,60,92,2016,8,18,2,3,5,2,0,0,0,1,0,0,0,0,5.80101E+20,5.97828E+21,1.02205E+16,5.39466E+16
6063,6064,1,0,62,82,2016,8,20,5,3,0,6,0,0,0,1,0,0,0,0,5.92161E+20,5.94002E+21,1.03927E+16,5.36009E+16
6064,6065,1,0,57,37,2016,9,20,7,3,2,6,2,0,0,1,0,0,0,1,5.74727E+20,6.0093E+21,1.01463E+16,5.42263E+16
6065,6066,1,0,1,0,2016,7,15,5,3,2,6,0,0,0,1,0,0,0,0,5.26424E+20,6.07209E+21,9.411E+15,5.47953E+16
6066,6067,1,0,58,12,2016,8,15,1,3,0,1,0,0,0,0,0,1,0,0,5.55865E+20,6.03819E+21,9.86239E+15,5.44882E+16
6067,6068,1,0,60,44,2016,9,14,2,3,5,3,0,0,0,1,0,0,0,0,5.62338E+20,5.9651E+21,9.94718E+15,5.38306E+16
6068,6069,1,0,51,113,2016,8,12,7,3,5,3,0,0,0,1,0,0,0,0,4.97907E+20,6.00116E+21,8.96795E+15,5.41585E+16
6069,6070,1,0,58,150,2016,9,18,5,2,4,7,0,0,0,1,0,1,0,1,5.68662E+20,6.03202E+21,1.00585E+16,5.44313E+16
6070,6071,1,0,2,0,2016,8,16,4,3,3,6,0,1,0,1,0,0,1,0,5.72115E+20,6.02132E+21,1.01091E+16,5.43346E+16
6071,6072,1,0,4,0,2016,9,11,7,3,5,3,0,0,0,1,0,0,0,0,5.62331E+20,5.99741E+21,9.95369E+15,5.41211E+16
6072,6073,1,0,60,44,2016,8,17,6,2,2,6,0,0,0,1,0,1,0,0,5.61025E+20,5.96367E+21,9.92695E+15,5.3818E+16
6073,6074,1,0,51,72,2016,9,11,2,3,5,2,0,0,1,1,0,0,0,0,5.00543E+20,5.97858E+21,9.00827E+15,5.39556E+16
6074,6075,1,0,2,0,2016,8,17,2,3,5,3,0,0,1,1,0,0,0,0,5.74513E+20,6.02952E+21,1.0148E+16,5.44079E+16
6075,6076,1,0,60,68,2016,7,10,6,3,5,3,0,0,0,1,0,0,0,1,5.77855E+20,5.98269E+21,1.01874E+16,5.39867E+16
6076,6077,1,0,51,74,2016,8,23,2,2,8,1,2,0,1,0,0,0,0,0,5.05489E+20,5.99351E+21,9.08392E+15,5.40898E+16
6077,6078,1,0,62,76,2016,8,7,2,3,2,6,0,0,0,1,0,0,0,0,5.72567E+20,5.95382E+21,1.00999E+16,5.3728E+16
6078,6079,1,0,59,121,2016,7,16,1,3,5,3,0,0,1,0,0,0,0,1,5.63309E+20,6.06209E+21,9.98244E+15,5.47021E+16
6079,6080,1,0,60,39,2016,8,20,4,3,5,3,0,0,1,1,0,0,0,0,5.64481E+20,5.95891E+21,9.97844E+15,5.37748E+16
6080,6081,1,0,2,0,2016,7,9,6,3,2,6,0,0,0,1,0,0,0,0,5.73215E+20,6.01983E+21,1.01256E+16,5.4321E+16
6081,6082,1,0,56,50,2016,9,12,5,3,2,6,0,0,0,1,0,0,0,0,5.47248E+20,5.9373E+21,9.71368E+15,5.35824E+16
6082,6083,1,0,2,0,2016,8,10,7,3,5,3,0,0,0,1,0,0,0,0,5.73395E+20,6.0192E+21,1.01283E+16,5.43154E+16
6083,6084,1,0,59,75,2016,7,16,5,3,5,3,0,0,0,1,0,0,0,0,5.37294E+20,6.04269E+21,9.5763E+15,5.45304E+16
6084,6085,1,0,60,63,2016,7,17,5,3,5,2,0,0,0,1,0,1,0,1,5.65436E+20,5.94854E+21,9.99073E+15,5.36815E+16
6085,6086,1,0,55,41,2016,9,14,1,1,5,3,0,0,0,1,0,1,0,0,6.11147E+20,5.99403E+21,1.06991E+16,5.40824E+16
6086,6087,1,0,3,0,2016,8,14,6,3,0,1,0,0,0,0,0,1,0,0,6.11358E+20,5.97184E+21,1.06942E+16,5.38831E+16
6087,6088,1,0,54,168,2016,9,18,4,3,8,7,0,0,1,0,0,0,0,0,4.54915E+20,6.08129E+21,8.29734E+15,5.48767E+16
6088,6089,1,0,59,116,2016,9,5,6,3,4,7,2,0,1,0,0,0,0,1,5.3546E+20,6.06126E+21,9.55021E+15,5.46974E+16
6089,6090,1,0,2,0,2016,7,7,4,3,0,6,0,0,1,0,0,0,0,1,5.73336E+20,6.02035E+21,1.01276E+16,5.43257E+16
6090,6091,1,0,55,46,2016,8,16,5,3,2,6,0,0,0,1,0,0,0,0,6.41674E+20,6.03493E+21,1.11847E+16,5.44423E+16
6091,6092,1,0,56,48,2016,9,15,1,3,5,3,0,0,1,1,0,0,0,0,5.46553E+20,5.95086E+21,9.70522E+15,5.37043E+16
6092,6093,1,0,62,62,2016,8,16,2,3,2,6,0,0,0,0,0,0,1,0,5.9538E+20,5.96242E+21,1.04483E+16,5.38016E+16
6093,6094,1,0,51,102,2016,8,4,4,3,0,7,1,1,0,1,0,0,0,0,5.07139E+20,6.01779E+21,9.10972E+15,5.43079E+16
6094,6095,1,0,56,43,2016,7,16,2,3,2,6,0,0,0,1,0,0,1,0,5.57288E+20,5.94273E+21,9.86632E+15,5.36302E+16
6095,6096,1,0,3,0,2016,9,11,2,2,0,1,0,1,0,1,0,1,0,0,6.06975E+20,5.96967E+21,1.06268E+16,5.38644E+16
6096,6097,1,0,59,92,2016,8,16,1,3,4,7,0,0,0,1,0,0,0,0,5.21335E+20,6.04251E+21,9.32968E+15,5.45297E+16
6097,6098,1,0,59,75,2016,8,9,6,3,6,1,0,0,0,0,1,1,0,0,5.36528E+20,6.04157E+21,9.56432E+15,5.45204E+16
6098,6099,1,0,60,39,2016,9,17,4,3,2,6,0,0,0,1,0,0,0,0,5.61883E+20,5.96232E+21,9.93971E+15,5.38057E+16
6099,6100,1,0,59,183,2016,7,7,5,3,5,2,0,0,0,1,0,0,0,1,5.18925E+20,6.06783E+21,9.29408E+15,5.47574E+16
6100,6101,1,0,54,56,2016,9,10,3,3,5,3,0,0,1,1,0,0,0,0,5.05021E+20,6.03681E+21,9.07749E+15,5.44789E+16
6101,6102,1,0,58,12,2016,8,16,4,3,0,1,0,0,1,0,0,0,0,0,5.55799E+20,6.03814E+21,9.86137E+15,5.44878E+16
6102,6103,1,0,3,0,2016,7,14,3,3,5,3,0,0,1,0,0,0,0,0,6.08182E+20,5.96907E+21,1.06449E+16,5.38588E+16
6103,6104,1,0,4,0,2016,8,18,4,3,6,7,0,0,1,0,1,0,0,0,5.64692E+20,5.99153E+21,9.98854E+15,5.4068E+16
6104,6105,1,0,51,72,2016,7,10,7,3,5,2,0,0,1,1,0,0,0,0,5.00711E+20,5.97814E+21,9.01084E+15,5.39516E+16
6105,6106,1,0,62,92,2016,9,13,7,2,8,1,0,0,0,0,0,1,0,0,5.87721E+20,5.96742E+21,1.03334E+16,5.38479E+16
6106,6107,1,0,62,87,2016,7,14,6,3,5,3,0,0,1,1,0,0,0,0,6.00092E+20,5.96982E+21,1.05222E+16,5.38672E+16
6107,6108,1,0,55,46,2016,7,11,6,3,1,7,0,0,1,0,0,0,0,0,6.44671E+20,6.0335E+21,1.12302E+16,5.44286E+16
6108,6109,1,0,58,80,2016,8,20,7,3,9,1,0,1,0,1,0,0,0,0,5.56932E+20,6.02962E+21,9.87722E+15,5.44111E+16
6109,6110,1,0,56,49,2016,7,11,2,3,2,6,0,0,0,1,0,0,0,0,5.46121E+20,5.94784E+21,9.69822E+15,5.36773E+16
6110,6111,1,0,56,39,2016,8,12,3,3,5,3,0,1,1,0,0,0,0,1,5.52755E+20,5.94814E+21,9.79869E+15,5.36793E+16
6111,6112,1,0,59,183,2016,9,22,6,3,5,3,2,0,0,1,0,0,1,0,5.21444E+20,6.07004E+21,9.33339E+15,5.47771E+16
6112,6113,1,0,60,4,2016,7,16,4,2,8,1,0,0,0,0,0,0,0,1,5.61718E+20,5.97245E+21,9.93925E+15,5.38968E+16
6113,6114,1,0,53,100,2016,9,3,2,3,8,1,2,1,0,1,0,0,0,0,6.14353E+20,5.9518E+21,1.07323E+16,5.37023E+16
6114,6115,1,0,3,0,2016,7,12,1,2,2,6,0,0,0,1,0,0,0,0,6.06533E+20,5.96933E+21,1.06199E+16,5.38615E+16
6115,6116,1,0,61,112,2016,9,14,7,1,4,6,0,0,0,1,0,1,0,0,5.51072E+20,5.98498E+21,9.77934E+15,5.40106E+16
6116,6117,1,0,3,0,2016,7,19,5,3,1,5,0,0,1,1,0,0,0,0,6.07107E+20,5.9631E+21,1.06265E+16,5.38054E+16
6117,6118,1,0,1,0,2016,7,13,5,3,5,3,0,0,1,1,0,0,0,0,5.27098E+20,6.074E+21,9.42164E+15,5.48124E+16
6118,6119,1,0,59,115,2016,8,14,2,3,5,3,0,0,0,1,0,0,1,0,5.15683E+20,6.06088E+21,9.24332E+15,5.4695E+16
6119,6120,1,0,59,37,2016,9,16,4,3,5,3,0,0,0,1,0,0,0,1,5.33469E+20,6.05653E+21,9.51877E+15,5.46551E+16
6120,6121,1,0,56,13,2016,8,11,1,3,5,3,0,0,0,1,0,0,0,0,5.59187E+20,5.94363E+21,9.8952E+15,5.36381E+16
6121,6122,1,0,1,0,2016,9,16,6,3,2,6,0,0,0,1,0,0,0,0,5.26726E+20,6.07009E+21,9.41551E+15,5.47773E+16
6122,6123,1,0,2,0,2016,9,2,1,3,2,6,2,1,0,1,0,0,0,0,5.73936E+20,6.0179E+21,1.01363E+16,5.43036E+16
6123,6124,1,0,51,44,2016,7,8,4,3,2,2,0,0,0,1,0,0,0,1,5.07069E+20,6.0054E+21,9.10835E+15,5.41966E+16
6124,6125,1,0,55,46,2016,8,13,7,3,5,3,0,1,0,1,0,0,0,0,6.38426E+20,6.03305E+21,1.11338E+16,5.44263E+16
6125,6126,1,0,51,28,2016,9,8,3,3,0,6,0,0,1,0,0,1,0,0,5.03834E+20,5.99505E+21,9.05864E+15,5.41036E+16
6126,6127,1,0,4,0,2016,8,14,3,3,2,6,0,0,0,1,0,0,0,0,5.65679E+20,5.98959E+21,1.00032E+16,5.40504E+16
6127,6128,1,0,59,112,2016,12,12,4,3,0,1,0,1,1,0,0,0,0,0,5.5788E+20,6.06743E+21,9.89927E+15,5.47508E+16
6128,6129,1,0,58,92,2016,11,14,2,3,2,6,0,1,0,1,0,0,0,0,5.71449E+20,6.02232E+21,1.00991E+16,5.43437E+16
6129,6130,1,0,2,0,2016,12,9,2,3,2,6,0,0,0,1,0,0,1,0,5.7406E+20,6.01778E+21,1.01381E+16,5.43025E+16
6130,6131,1,0,62,61,2016,12,8,6,2,8,6,0,2,0,1,0,0,0,0,5.97393E+20,5.96432E+21,1.04794E+16,5.38183E+16
6131,6132,2,7,9,710,2016,2,16,4,3,2,2,0,0,0,1,0,1,0,0,5.64235E+20,5.92278E+21,9.96726E+15,5.34501E+16
6132,6133,1,0,2,0,2016,11,8,4,3,2,6,0,1,0,1,0,0,0,0,5.70558E+20,6.02017E+21,1.00849E+16,5.43245E+16
6133,6134,1,0,62,60,2016,10,7,2,3,2,6,0,0,0,1,0,0,0,0,5.81802E+20,5.92977E+21,1.02336E+16,5.35105E+16
6134,6135,2,1,19,140,2016,4,11,7,3,2,6,0,0,0,1,0,0,0,1,5.61096E+20,5.93029E+21,9.92146E+15,5.3518E+16
6135,6136,1,0,62,6,2016,11,17,1,3,5,7,2,1,1,1,0,0,0,0,5.83729E+20,5.95425E+21,1.02692E+16,5.37302E+16