FID,OBJECTID,ULAND,UREGBEZ,UKREIS,UGEMEINDE,UJAHR,UMONAT,USTUNDE,UWOCHENTAG,UKATEGORIE,UART,UTYP1,ULICHTVERH,IstStrasse,IstRad,IstPKW,IstFuss,IstKrad,IstGkfz,IstSonstig,LINREFX,LINREFY,XGCSWGS84,YGCSWGS84
6136,6137,1,0,53,60,2016,12,17,7,3,5,2,2,1,0,1,0,0,0,0,5.93319E+20,5.93561E+21,1.04089E+16,5.35611E+16
6137,6138,1,0,2,0,2016,11,11,3,3,2,6,0,2,0,1,0,0,0,0,5.74875E+20,6.01325E+21,1.01495E+16,5.42617E+16
6138,6139,1,0,60,47,2016,10,13,7,2,8,1,0,0,0,0,0,1,0,0,5.65815E+20,5.96335E+21,9.99963E+15,5.38145E+16
6139,6140,1,0,60,63,2016,11,11,2,3,1,6,0,0,0,1,0,0,0,0,5.65016E+20,5.95686E+21,9.98612E+15,5.37563E+16
6140,6141,1,0,2,0,2016,11,18,6,3,2,6,2,1,0,1,0,0,0,0,5.72643E+20,6.0205E+21,1.0117E+16,5.43272E+16
6141,6142,1,0,55,28,2016,12,7,6,3,2,6,1,0,0,1,0,0,0,0,6.01738E+20,6.00368E+21,1.05585E+16,5.41711E+16
6142,6143,1,0,56,18,2016,10,15,1,3,2,6,0,1,0,1,0,0,0,0,5.55424E+20,5.94356E+21,9.83828E+15,5.36379E+16
6143,6144,1,0,60,97,2016,11,13,4,3,9,7,0,0,0,1,0,0,0,0,5.93761E+20,5.98317E+21,1.043E+16,5.39884E+16
6144,6145,1,0,2,0,2016,12,16,5,2,2,6,2,1,0,1,0,0,0,0,5.70529E+20,6.02015E+21,1.00844E+16,5.43244E+16
6145,6146,1,0,58,9,2016,10,10,6,3,1,5,0,0,0,1,0,0,0,0,5.51777E+20,5.9935E+21,9.79155E+15,5.40871E+16
6146,6147,2,6,9,610,2016,1,13,2,2,6,4,0,0,0,1,1,0,0,0,5.75365E+20,5.9267E+21,1.01358E+16,5.34839E+16
6147,6148,2,1,1,102,2016,3,16,7,2,2,6,0,0,0,1,0,1,0,1,5.65846E+20,5.93362E+21,9.99379E+15,5.35473E+16
6148,6149,1,0,58,92,2016,9,15,6,3,5,3,0,1,1,1,0,0,0,0,5.70924E+20,6.02075E+21,1.00907E+16,5.43296E+16
6149,6150,1,0,58,9,2016,11,5,3,3,6,2,2,1,0,1,1,0,0,0,5.5129E+20,5.99299E+21,9.78403E+15,5.40826E+16
6150,6151,1,0,56,15,2016,12,0,1,3,4,6,2,1,0,1,0,0,0,0,5.43637E+20,5.9558E+21,9.66174E+15,5.3749E+16
6151,6152,1,0,3,0,2016,10,14,1,3,5,2,0,0,1,1,0,0,0,0,6.18458E+20,5.97544E+21,1.08035E+16,5.39138E+16
6152,6153,1,0,59,56,2016,9,14,6,3,2,6,0,1,0,1,0,0,0,0,5.38295E+20,6.03272E+21,9.59048E+15,5.44407E+16
6153,6154,1,0,3,0,2016,10,9,3,3,6,4,0,0,0,1,1,0,0,0,6.11512E+20,5.96954E+21,1.06957E+16,5.38623E+16
6154,6155,2,3,5,317,2016,2,18,1,3,9,1,2,0,0,1,0,0,0,0,5.63732E+20,5.93953E+21,9.9631E+15,5.36007E+16
6155,6156,1,0,3,0,2016,11,15,2,3,2,6,0,1,0,1,0,0,0,0,6.10374E+20,5.96712E+21,1.06775E+16,5.38409E+16
6156,6157,1,0,3,0,2016,12,10,6,2,6,2,0,0,0,1,1,0,0,0,6.08896E+20,5.96992E+21,1.0656E+16,5.38664E+16
6157,6158,1,0,56,50,2016,11,13,6,3,5,2,0,0,1,1,0,0,0,0,5.46876E+20,5.93808E+21,9.70817E+15,5.35894E+16
6158,6159,1,0,62,39,2016,11,12,1,3,0,6,0,0,0,1,0,0,0,0,6.02507E+20,5.96408E+21,1.0557E+16,5.38151E+16
6159,6160,1,0,54,128,2016,11,15,2,3,9,7,0,0,0,1,0,0,0,0,5E+20,6.04716E+21,9E+15,5.4572E+16
6160,6161,1,0,56,18,2016,11,17,5,3,2,6,2,0,0,1,0,0,0,0,5.54745E+20,5.94453E+21,9.82818E+15,5.36466E+16
6161,6162,1,0,3,0,2016,12,6,4,3,4,2,2,1,0,1,0,1,0,0,6.0904E+20,5.96728E+21,1.06573E+16,5.38426E+16
6162,6163,1,0,55,21,2016,10,17,2,2,9,1,0,1,0,1,0,0,0,0,6.27415E+20,6.02527E+21,1.09608E+16,5.43593E+16
6163,6164,1,0,55,21,2016,12,6,4,3,3,6,2,0,0,1,0,0,1,0,6.30662E+20,6.02577E+21,1.1011E+16,5.43629E+16
6164,6165,2,1,6,117,2016,1,21,4,3,5,3,2,1,0,1,0,0,0,0,5.68007E+20,5.93411E+21,1.00265E+16,5.35515E+16
6165,6166,2,3,9,321,2016,3,15,7,3,4,2,0,1,0,1,0,0,0,0,5.61462E+20,5.93856E+21,9.9286E+15,5.35923E+16
6166,6167,1,0,3,0,2016,10,14,2,3,2,6,0,0,0,1,0,0,0,0,6.06466E+20,5.96974E+21,1.0619E+16,5.38652E+16
6167,6168,1,0,56,18,2016,10,19,6,2,4,3,2,1,0,1,0,0,0,0,5.5751E+20,5.94247E+21,9.86962E+15,5.36278E+16
6168,6169,1,0,62,86,2016,10,6,3,3,5,3,1,1,0,1,0,0,1,0,5.87913E+20,5.93607E+21,1.03274E+16,5.35662E+16
6169,6170,1,0,56,44,2016,10,14,2,3,5,3,0,0,0,1,0,0,0,1,5.54512E+20,5.93843E+21,9.82359E+15,5.35919E+16
6170,6171,1,0,59,83,2016,12,20,5,3,0,1,2,0,1,0,0,0,0,0,5.50662E+20,6.05474E+21,9.78493E+15,5.46375E+16
6171,6172,1,0,2,0,2016,10,22,5,3,2,6,2,1,0,1,0,0,0,0,5.72993E+20,6.01969E+21,1.01222E+16,5.43199E+16
6172,6173,1,0,4,0,2016,9,17,5,3,2,6,1,1,0,1,0,0,0,0,5.64976E+20,5.99301E+21,9.9932E+15,5.40812E+16
6173,6174,1,0,53,100,2016,11,18,1,2,9,1,2,1,0,1,0,0,0,0,6.14184E+20,5.94967E+21,1.07289E+16,5.36832E+16
6174,6175,1,0,4,0,2016,12,17,5,3,5,3,2,1,0,1,0,0,0,0,5.64622E+20,5.99441E+21,9.98808E+15,5.40938E+16
6175,6176,1,0,51,44,2016,10,7,4,3,6,2,2,1,0,1,1,0,0,0,5.05699E+20,6.00526E+21,9.08735E+15,5.41954E+16
6176,6177,1,0,57,62,2016,11,0,7,3,1,5,2,1,0,1,0,0,0,0,5.83216E+20,6.0094E+21,1.02765E+16,5.42258E+16
6177,6178,1,0,58,135,2016,10,10,3,3,2,6,0,0,0,1,0,0,0,0,5.43759E+20,6.01502E+21,9.67211E+15,5.42812E+16
6178,6179,1,0,55,32,2016,11,18,3,3,2,6,2,0,0,1,0,0,0,0,6.18235E+20,5.99686E+21,1.08084E+16,5.41063E+16
6179,6180,1,0,2,0,2016,12,11,3,3,5,3,0,0,0,1,0,0,0,0,5.72747E+20,6.01993E+21,1.01185E+16,5.4322E+16
6180,6181,1,0,60,41,2016,10,2,7,3,9,1,2,0,0,1,0,0,0,0,5.8364E+20,5.97542E+21,1.02736E+16,5.39205E+16
6181,6182,1,0,62,93,2016,12,8,6,3,9,1,0,2,0,1,0,0,0,0,5.95417E+20,5.96629E+21,1.045E+16,5.38363E+16
6182,6183,2,4,5,411,2016,2,11,4,3,2,6,0,1,0,1,0,0,0,0,5.67487E+20,5.93756E+21,1.00194E+16,5.35825E+16
6183,6184,1,0,58,132,2016,10,15,6,3,3,6,0,1,0,1,0,0,1,0,5.47264E+20,6.02062E+21,9.72683E+15,5.43313E+16
6184,6185,1,0,57,65,2016,11,6,5,3,7,7,2,1,0,1,0,0,0,0,5.99798E+20,6.01284E+21,1.05319E+16,5.42538E+16
6185,6186,1,0,56,43,2016,10,10,3,3,5,3,0,1,1,1,0,0,0,0,5.54835E+20,5.945E+21,9.82963E+15,5.36508E+16
6186,6187,1,0,2,0,2016,10,11,7,3,2,6,0,1,0,1,0,0,0,0,5.7819E+20,6.02104E+21,1.02024E+16,5.43312E+16
6187,6188,1,0,2,0,2016,10,8,3,3,4,6,0,1,1,0,0,0,0,0,5.73826E+20,6.01949E+21,1.0135E+16,5.4318E+16
6188,6189,2,6,2,603,2016,4,15,2,3,5,2,0,0,1,1,0,0,0,0,5.82353E+20,5.92614E+21,1.02409E+16,5.34778E+16
6189,6190,1,0,60,47,2016,9,14,3,3,8,1,0,0,0,0,0,1,0,0,5.71171E+20,5.96309E+21,1.00809E+16,5.38115E+16
6190,6191,1,0,2,0,2016,12,10,2,3,8,1,0,0,0,1,0,0,0,0,5.72794E+20,6.02477E+21,1.01204E+16,5.43655E+16
6191,6192,1,0,62,9,2016,10,9,7,3,2,6,0,0,0,1,0,0,0,0,5.81293E+20,5.93543E+21,1.02273E+16,5.35614E+16
6192,6193,1,0,62,4,2016,11,8,4,3,3,6,0,0,0,1,0,0,1,0,5.93049E+20,5.96001E+21,1.04121E+16,5.37803E+16
6193,6194,1,0,58,144,2016,11,8,4,3,2,6,0,0,0,1,0,0,0,1,5.62859E+20,6.00217E+21,9.96276E+15,5.41638E+16
6194,6195,1,0,61,30,2016,11,14,6,3,2,6,0,1,0,1,0,0,1,0,5.36058E+20,5.96607E+21,9.54802E+15,5.38419E+16
6195,6196,1,0,2,0,2016,12,9,1,3,5,2,0,1,0,1,0,0,0,0,5.7445E+20,6.01768E+21,1.01441E+16,5.43016E+16
6196,6197,1,0,54,109,2016,12,18,3,3,5,3,2,1,0,1,0,1,0,0,4.92E+20,6.06827E+21,8.87568E+15,5.47616E+16
6197,6198,1,0,59,183,2016,11,12,6,3,3,1,0,1,0,1,0,0,1,0,5.2506E+20,6.06521E+21,9.38918E+15,5.47335E+16
6198,6199,1,0,58,47,2016,12,16,6,2,6,4,1,1,0,1,1,0,0,0,5.3481E+20,6.01226E+21,9.53435E+15,5.42571E+16
6199,6200,1,0,54,20,2016,10,10,7,3,5,3,0,0,1,1,0,0,0,0,4.98869E+20,6.05081E+21,8.98248E+15,5.46047E+16
6200,6201,2,1,1,101,2016,1,3,7,3,4,6,2,2,0,1,0,0,0,0,5.66365E+20,5.93365E+21,1.00016E+16,5.35475E+16
6201,6202,1,0,1,0,2016,11,11,6,3,2,3,0,1,1,1,0,0,0,0,5.28787E+20,6.07163E+21,9.44769E+15,5.4791E+16
6202,6203,1,0,59,171,2016,12,11,3,3,5,3,0,0,0,1,0,0,0,0,5.26188E+20,6.05753E+21,9.406E+15,5.46645E+16
6203,6204,1,0,3,0,2016,12,19,1,3,5,3,2,1,1,1,0,0,0,0,6.09345E+20,5.97025E+21,1.0663E+16,5.38692E+16
6204,6205,1,0,2,0,2016,12,17,5,2,6,4,2,0,0,0,1,0,0,1,5.72964E+20,6.01817E+21,1.01214E+16,5.43062E+16
6205,6206,2,1,6,115,2016,2,7,7,3,5,3,0,0,0,1,0,0,0,0,5.67748E+20,5.93319E+21,1.00224E+16,5.35432E+16
6206,6207,1,0,56,1,2016,11,7,3,3,5,3,1,1,0,1,0,0,0,0,5.49063E+20,5.94591E+21,9.74245E+15,5.36596E+16
6207,6208,1,0,58,86,2016,10,7,2,2,5,3,0,1,0,1,0,1,0,0,5.44129E+20,6.00907E+21,9.67692E+15,5.42277E+16
6208,6209,2,3,7,319,2016,3,16,4,3,2,6,0,1,0,1,0,0,0,0,5.61218E+20,5.94305E+21,9.9258E+15,5.36327E+16
6209,6210,1,0,51,74,2016,11,13,7,2,4,6,0,1,0,1,0,0,0,0,5.03542E+20,5.99239E+21,9.05414E+15,5.40797E+16
6210,6211,1,0,56,39,2016,10,0,1,3,5,3,2,0,0,1,0,0,0,0,5.51152E+20,5.94577E+21,9.77404E+15,5.36582E+16
6211,6212,1,0,3,0,2016,11,8,2,2,9,7,0,0,0,1,0,0,0,0,6.11792E+20,5.96312E+21,1.06976E+16,5.38046E+16
6212,6213,1,0,61,29,2016,9,9,6,3,5,3,0,0,1,1,0,0,0,0,5.28664E+20,5.95861E+21,9.43494E+15,5.37753E+16
6213,6214,1,0,4,0,2016,11,17,2,3,3,6,2,0,0,1,0,0,0,0,5.65478E+20,5.99107E+21,1.00005E+16,5.40637E+16
6214,6215,1,0,51,1,2016,11,7,5,3,5,2,1,0,0,1,0,0,0,0,5.1889E+20,5.99798E+21,9.28908E+15,5.41296E+16
6215,6216,1,0,55,7,2016,12,16,5,3,9,7,2,0,0,1,0,0,0,0,6.04087E+20,5.99316E+21,1.05909E+16,5.40761E+16
6216,6217,1,0,57,62,2016,10,13,1,3,2,6,0,0,0,1,0,0,0,0,5.83193E+20,6.01048E+21,1.02764E+16,5.42355E+16
6217,6218,1,0,3,0,2016,9,8,3,3,2,6,0,0,0,1,0,0,0,0,6.06824E+20,5.96945E+21,1.06244E+16,5.38625E+16
6218,6219,1,0,56,26,2016,12,14,4,3,5,3,0,1,0,1,0,0,0,0,5.55996E+20,5.95789E+21,9.84952E+15,5.37666E+16
6219,6220,2,4,7,417,2016,1,17,5,3,2,6,2,0,0,1,0,0,0,0,5.67956E+20,5.93493E+21,1.00259E+16,5.35589E+16
6220,6221,2,2,7,219,2016,3,16,7,2,5,3,0,0,0,1,0,1,0,0,5.59431E+20,5.93439E+21,9.89712E+15,5.3555E+16
6221,6222,1,0,59,167,2016,11,19,3,3,0,3,2,0,0,1,0,1,0,0,5.47456E+20,6.06481E+21,9.73691E+15,5.47284E+16
6222,6223,1,0,60,68,2016,12,12,7,3,2,2,0,1,0,1,0,0,0,0,5.76466E+20,5.98591E+21,1.0167E+16,5.40158E+16
6223,6224,1,0,61,39,2016,10,15,7,3,0,1,0,1,0,0,0,1,0,0,5.28422E+20,5.97219E+21,9.43253E+15,5.38974E+16
6224,6225,1,0,3,0,2016,9,18,5,3,5,2,0,0,1,1,0,0,0,0,6.11243E+20,5.96907E+21,1.06914E+16,5.38582E+16
6225,6226,2,3,6,318,2016,2,9,3,3,1,6,0,0,0,1,0,0,0,0,5.62615E+20,5.94156E+21,9.94662E+15,5.36191E+16
6226,6227,1,0,56,50,2016,10,16,4,3,2,6,0,0,0,1,0,0,0,0,5.48465E+20,5.93759E+21,9.7321E+15,5.35849E+16
6227,6228,1,0,57,91,2016,12,13,6,3,2,2,0,0,0,1,0,0,0,0,5.81993E+20,6.01548E+21,1.02594E+16,5.42806E+16
6228,6229,1,0,58,135,2016,9,17,5,3,5,2,0,1,0,1,0,0,0,0,5.4271E+20,6.0165E+21,9.65621E+15,5.42946E+16
6229,6230,1,0,58,58,2016,10,10,6,2,5,3,0,0,1,1,0,0,0,0,5.63171E+20,6.02921E+21,9.97324E+15,5.44067E+16
6230,6231,1,0,4,0,2016,11,18,6,3,2,6,2,0,0,1,0,0,0,0,5.65339E+20,5.99116E+21,9.99835E+15,5.40645E+16
6231,6232,1,0,60,89,2016,11,6,7,3,8,1,1,2,0,1,0,0,0,0,5.77921E+20,5.98828E+21,1.01898E+16,5.40369E+16
6232,6233,1,0,55,37,2016,11,9,4,3,9,1,0,1,0,1,0,0,0,0,6.20827E+20,5.99882E+21,1.08489E+16,5.41233E+16
6233,6234,1,0,2,0,2016,12,10,4,3,3,6,0,1,0,1,0,0,1,0,5.72978E+20,6.01796E+21,1.01215E+16,5.43043E+16
6234,6235,1,0,3,0,2016,12,16,3,3,5,3,2,1,0,1,0,0,0,1,6.08661E+20,5.97204E+21,1.06532E+16,5.38854E+16
6235,6236,1,0,60,39,2016,12,11,7,3,2,6,0,1,0,1,0,0,0,0,5.64599E+20,5.96068E+21,9.98061E+15,5.37907E+16
6236,6237,2,1,19,140,2016,3,7,4,2,2,6,0,1,0,0,0,0,1,0,5.6123E+20,5.93269E+21,9.92395E+15,5.35396E+16
6237,6238,1,0,56,15,2016,10,12,2,3,8,6,0,1,0,1,0,0,0,0,5.46973E+20,5.95521E+21,9.71224E+15,5.37434E+16
6238,6239,1,0,60,68,2016,11,15,7,3,6,6,0,1,0,1,1,0,0,0,5.78941E+20,5.98494E+21,1.02045E+16,5.40067E+16
6239,6240,1,0,2,0,2016,10,6,6,3,4,6,2,1,1,0,0,0,0,0,5.73038E+20,6.0213E+21,1.01233E+16,5.43343E+16
6240,6241,1,0,61,29,2016,10,19,2,3,5,3,2,0,0,1,0,1,0,0,5.28077E+20,5.95978E+21,9.42615E+15,5.37858E+16
6241,6242,1,0,58,3,2016,10,15,2,3,8,1,0,0,0,1,0,0,0,0,5.43593E+20,6.02653E+21,9.67124E+15,5.43847E+16
6242,6243,1,0,62,82,2016,11,15,4,3,2,6,0,1,0,1,0,0,0,0,5.91909E+20,5.94158E+21,1.03894E+16,5.36149E+16
6243,6244,1,0,2,0,2016,11,17,5,3,3,6,2,0,0,1,0,0,0,1,5.73607E+20,6.0208E+21,1.01319E+16,5.43297E+16
6244,6245,1,0,53,32,2016,10,22,4,2,8,1,2,0,0,0,0,1,0,0,5.94019E+20,5.92042E+21,1.04149E+16,5.34245E+16
6245,6246,1,0,61,101,2016,11,17,7,1,8,1,2,1,0,1,0,0,0,0,5.33228E+20,5.96073E+21,9.50442E+15,5.37941E+16
6246,6247,1,0,58,49,2016,12,14,5,2,2,6,0,1,0,1,0,0,0,0,5.53262E+20,6.01093E+21,9.81734E+15,5.42436E+16
6247,6248,1,0,51,114,2016,11,18,6,3,5,3,2,1,0,1,0,1,0,0,5.19701E+20,6.00515E+21,9.30195E+15,5.4194E+16
6248,6249,2,1,6,115,2016,2,12,2,3,2,6,0,1,0,1,0,0,0,0,5.67698E+20,5.93322E+21,1.00216E+16,5.35435E+16
6249,6250,1,0,56,15,2016,11,5,6,3,5,3,2,1,1,1,0,0,0,0,5.44665E+20,5.95581E+21,9.67734E+15,5.3749E+16
6250,6251,1,0,54,62,2016,10,10,3,3,4,1,0,0,0,1,0,0,0,1,4.99392E+20,6.07376E+21,8.99054E+15,5.4811E+16
6251,6252,1,0,60,63,2016,12,11,4,3,5,2,0,0,0,1,0,0,0,0,5.67751E+20,5.95141E+21,1.00264E+16,5.3707E+16
6252,6253,1,0,51,48,2016,11,17,2,3,2,6,2,1,0,1,0,0,0,0,5.05941E+20,6.00249E+21,9.091E+15,5.41705E+16
6253,6254,1,0,60,5,2016,12,12,2,3,2,6,0,0,0,1,0,0,1,0,5.85554E+20,5.97712E+21,1.03032E+16,5.39354E+16
6254,6255,1,0,54,109,2016,10,14,7,2,5,3,0,0,0,1,0,0,0,1,4.9175E+20,6.06851E+21,8.87178E+15,5.47638E+16
6255,6256,1,0,3,0,2016,11,16,6,3,2,6,1,0,0,1,0,0,0,0,6.08903E+20,5.96815E+21,1.06555E+16,5.38504E+16
6256,6257,1,0,59,10,2016,11,17,1,3,2,6,2,1,0,1,0,0,0,0,5.28607E+20,6.05237E+21,9.443E+15,5.46179E+16
6257,6258,1,0,60,28,2016,11,16,1,3,8,7,2,0,0,1,0,0,0,0,5.72993E+20,5.98668E+21,1.01142E+16,5.40232E+16
6258,6259,1,0,60,88,2016,11,17,4,3,1,5,2,1,0,0,0,0,0,1,5.75305E+20,5.97033E+21,1.01454E+16,5.38759E+16
6259,6260,1,0,58,22,2016,12,16,4,3,5,2,2,0,0,1,0,0,0,1,5.66985E+20,6.00355E+21,1.00262E+16,5.41756E+16
6260,6261,1,0,60,44,2016,12,17,3,1,6,4,2,0,0,1,1,0,0,0,5.6219E+20,5.96601E+21,9.94511E+15,5.38388E+16
6261,6262,2,4,2,405,2016,1,19,1,3,2,7,2,1,0,1,0,0,0,0,5.65115E+20,5.93922E+21,9.98392E+15,5.35977E+16
6262,6263,2,3,9,321,2016,3,9,6,3,5,3,0,1,0,1,0,0,0,0,5.61423E+20,5.93862E+21,9.92803E+15,5.35928E+16
6263,6264,1,0,2,0,2016,10,16,2,3,5,2,0,0,0,1,0,0,0,0,5.7269E+20,6.02109E+21,1.01179E+16,5.43325E+16
6264,6265,1,0,60,2,2016,11,0,1,3,2,6,2,1,0,1,0,0,0,0,5.622E+20,5.95891E+21,9.94383E+15,5.37751E+16
6265,6266,1,0,4,0,2016,10,6,6,3,5,3,2,0,1,1,0,0,0,0,5.63403E+20,5.98987E+21,9.9685E+15,5.40531E+16
6266,6267,1,0,2,0,2016,10,7,3,3,2,6,0,1,0,1,0,0,0,0,5.73679E+20,6.01627E+21,1.01319E+16,5.4289E+16
6267,6268,1,0,56,49,2016,10,15,2,3,6,6,0,0,1,0,1,0,0,0,5.44586E+20,5.94891E+21,9.67514E+15,5.3687E+16
6268,6269,1,0,60,59,2016,11,8,4,3,9,1,0,2,0,1,0,0,0,0,5.82897E+20,5.98237E+21,1.02642E+16,5.3983E+16
6269,6270,1,0,58,132,2016,10,21,5,3,2,6,2,1,0,1,0,0,0,0,5.48139E+20,6.01948E+21,9.7401E+15,5.43209E+16
6270,6271,1,0,2,0,2016,9,13,5,3,2,6,0,0,0,1,0,0,0,1,5.73261E+20,6.01795E+21,1.01259E+16,5.43042E+16
6271,6272,1,0,3,0,2016,11,14,1,3,2,6,0,0,0,1,0,0,0,0,6.0803E+20,5.96797E+21,1.06422E+16,5.3849E+16
6272,6273,1,0,57,58,2016,12,5,5,3,9,1,2,1,0,1,0,0,0,0,5.80606E+20,6.01063E+21,1.02368E+16,5.42373E+16
6273,6274,1,0,54,42,2016,11,22,7,2,9,1,2,1,0,1,0,0,0,0,5.019E+20,6.04166E+21,9.02936E+15,5.45226E+16
6274,6275,1,0,56,1,2016,10,8,4,2,5,2,0,0,1,1,0,0,0,0,5.49081E+20,5.94592E+21,9.74273E+15,5.36597E+16
6275,6276,1,0,59,19,2016,11,7,7,3,8,1,1,2,0,1,0,0,0,0,5.32272E+20,6.03679E+21,9.49806E+15,5.44777E+16
6276,6277,1,0,57,33,2016,10,15,3,3,2,6,0,0,0,1,0,0,0,0,5.74918E+20,6.00781E+21,1.01488E+16,5.42128E+16
6277,6278,1,0,54,128,2016,11,7,3,3,4,6,1,1,0,1,0,0,0,1,4.99312E+20,6.04777E+21,8.98935E+15,5.45774E+16
6278,6279,1,0,61,46,2016,12,17,2,2,5,3,2,0,1,1,0,0,0,0,5.33357E+20,5.97381E+21,9.5078E+15,5.39116E+16
6279,6280,1,0,55,28,2016,10,15,7,3,5,3,0,0,0,1,0,0,0,0,6.00926E+20,6.00255E+21,1.05457E+16,5.41611E+16
6280,6281,1,0,3,0,2016,12,11,6,3,6,4,0,0,0,1,1,0,0,0,6.09505E+20,5.97037E+21,1.06655E+16,5.38702E+16
6281,6282,2,2,12,225,2016,2,12,3,3,2,7,0,0,0,1,0,0,0,0,5.55384E+20,5.93645E+21,9.83641E+15,5.3574E+16
6282,6283,1,0,3,0,2016,10,15,5,3,5,3,0,1,0,1,0,0,0,0,6.11787E+20,5.96963E+21,1.06999E+16,5.38631E+16
6283,6284,1,0,56,15,2016,10,20,5,3,2,6,2,1,0,1,0,0,0,0,5.44724E+20,5.95585E+21,9.67823E+15,5.37494E+16
6284,6285,1,0,55,4,2016,11,17,5,3,5,3,2,1,0,1,0,0,1,0,6.10701E+20,5.97425E+21,1.0685E+16,5.39048E+16
6285,6286,1,0,53,116,2016,10,9,4,3,5,2,0,0,0,1,0,1,0,0,5.98167E+20,5.92915E+21,1.048E+16,5.35021E+16
6286,6287,1,0,53,116,2016,10,9,3,3,2,7,0,1,0,1,0,0,1,0,5.97714E+20,5.92909E+21,1.04732E+16,5.35017E+16
6287,6288,1,0,53,60,2016,10,9,7,3,2,6,0,1,0,1,0,0,0,0,5.95072E+20,5.93553E+21,1.04353E+16,5.35601E+16
6288,6289,1,0,1,0,2016,10,21,3,3,5,3,2,0,0,1,0,0,0,0,5.26935E+20,6.0725E+21,9.41897E+15,5.4799E+16
6289,6290,2,7,14,715,2016,4,12,7,3,2,6,0,0,0,1,0,0,0,0,5.56277E+20,5.9252E+21,9.84787E+15,5.34728E+16
6290,6291,1,0,60,12,2016,9,13,3,3,5,3,0,0,1,1,0,0,0,0,5.79485E+20,5.99063E+21,1.02143E+16,5.40577E+16
6291,6292,1,0,59,159,2016,12,15,2,3,4,6,0,0,0,1,0,0,0,0,5.30847E+20,6.05805E+21,9.47829E+15,5.46689E+16
6292,6293,1,0,62,4,2016,11,7,4,3,2,6,0,1,1,0,0,0,0,0,5.89847E+20,5.96301E+21,1.03644E+16,5.38079E+16
6293,6294,1,0,3,0,2016,10,15,7,3,5,3,0,1,1,1,0,0,0,0,6.09758E+20,5.9704E+21,1.06693E+16,5.38705E+16
6294,6295,1,0,60,44,2016,11,17,3,2,6,2,2,1,0,1,1,0,0,0,5.6333E+20,5.96563E+21,9.96236E+15,5.38353E+16
6295,6296,1,0,60,63,2016,11,12,3,3,2,6,0,1,0,1,0,0,0,0,5.68356E+20,5.94911E+21,1.00351E+16,5.36862E+16
6296,6297,1,0,62,60,2016,11,9,6,3,2,6,0,2,0,1,0,0,0,0,5.81755E+20,5.9298E+21,1.02328E+16,5.35108E+16
6297,6298,1,0,58,50,2016,12,21,1,3,9,1,2,0,0,1,0,0,0,0,5.60869E+20,6.01937E+21,9.93577E+15,5.43186E+16
6298,6299,1,0,51,16,2016,12,15,2,3,6,4,0,1,0,1,1,0,0,0,5.17113E+20,5.98342E+21,9.26107E+15,5.39988E+16
6299,6300,1,0,62,76,2016,11,16,5,3,5,3,1,0,0,1,0,0,0,0,5.73968E+20,5.95571E+21,1.01216E+16,5.37448E+16
6300,6301,1,0,59,159,2016,12,14,6,2,4,6,0,1,0,1,0,0,0,0,5.28829E+20,6.05596E+21,9.44679E+15,5.46502E+16
6301,6302,1,0,60,5,2016,10,7,6,3,9,6,1,1,0,1,0,0,0,0,5.86254E+20,5.97665E+21,1.03137E+16,5.39311E+16
6302,6303,2,3,7,319,2016,1,5,6,3,2,6,2,0,0,1,0,0,0,0,5.61028E+20,5.94303E+21,9.92292E+15,5.36325E+16
6303,6304,2,1,16,136,2016,3,11,6,3,2,6,0,1,0,1,0,0,0,0,5.68762E+20,5.92805E+21,1.00366E+16,5.34969E+16
6304,6305,1,0,62,4,2016,12,17,2,3,2,6,2,1,0,1,0,0,0,0,5.90817E+20,5.96343E+21,1.03793E+16,5.38115E+16
6305,6306,1,0,54,109,2016,12,10,1,3,5,3,0,1,0,1,0,0,0,0,4.90716E+20,6.07049E+21,8.85564E+15,5.47815E+16
6306,6307,2,7,10,711,2016,2,13,5,3,1,6,0,0,0,1,0,0,0,0,5.62272E+20,5.92508E+21,9.93816E+15,5.3471E+16
6307,6308,1,0,4,0,2016,11,10,3,3,2,2,0,1,0,1,0,0,0,0,5.6519E+20,5.98976E+21,9.99577E+15,5.40519E+16
6308,6309,1,0,58,153,2016,12,19,7,3,9,1,2,2,0,1,0,0,0,0,5.64675E+20,6.00751E+21,9.99171E+15,5.42115E+16
6309,6310,2,3,4,316,2016,3,16,3,3,6,2,0,1,0,0,1,0,0,1,5.64177E+20,5.93771E+21,9.96944E+15,5.35843E+16
6310,6311,1,0,62,9,2016,11,13,7,3,3,6,0,1,0,1,0,0,0,0,5.80878E+20,5.93608E+21,1.02212E+16,5.35674E+16
6311,6312,1,0,3,0,2016,10,20,1,3,5,3,2,1,1,1,0,0,0,0,6.1127E+20,5.96911E+21,1.06918E+16,5.38585E+16
6312,6313,1,0,3,0,2016,11,17,2,3,2,6,2,0,0,1,0,0,0,0,6.12329E+20,5.97203E+21,1.0709E+16,5.38845E+16
6313,6314,1,0,53,116,2016,9,13,6,3,2,6,0,0,0,1,0,0,0,0,5.98338E+20,5.92978E+21,1.04828E+16,5.35077E+16
6314,6315,1,0,54,75,2016,11,7,2,3,2,6,0,1,0,1,0,0,0,0,4.9725E+20,6.06017E+21,8.95734E+15,5.46888E+16
6315,6316,1,0,60,63,2016,11,17,5,3,2,6,2,0,0,1,0,0,0,0,5.67808E+20,5.9491E+21,1.00268E+16,5.36862E+16
6316,6317,1,0,57,91,2016,12,15,5,3,5,3,0,0,0,1,0,0,0,1,5.81275E+20,6.01536E+21,1.02483E+16,5.42797E+16
6317,6318,1,0,53,37,2016,10,15,1,3,8,1,0,1,0,1,0,0,0,0,6.12393E+20,5.93458E+21,1.06964E+16,5.3548E+16
6318,6319,1,0,62,76,2016,12,15,4,3,2,6,0,1,0,1,0,0,0,0,5.7338E+20,5.95299E+21,1.0112E+16,5.37204E+16
6319,6320,2,3,7,319,2016,1,10,3,3,8,1,0,1,0,0,0,0,0,1,5.61494E+20,5.94494E+21,9.93035E+15,5.36496E+16