FID,OBJECTID,ULAND,UREGBEZ,UKREIS,UGEMEINDE,UJAHR,UMONAT,USTUNDE,UWOCHENTAG,UKATEGORIE,UART,UTYP1,ULICHTVERH,IstStrasse,IstRad,IstPKW,IstFuss,IstKrad,IstGkfz,IstSonstig,LINREFX,LINREFY,XGCSWGS84,YGCSWGS84
6320,6321,2,7,13,714,2016,3,6,4,3,5,3,1,2,0,1,0,0,0,1,5.58269E+20,5.92513E+21,9.87788E+15,5.3472E+16
6321,6322,1,0,53,7,2016,11,20,3,2,3,7,2,0,0,1,0,0,0,1,5.99743E+20,5.93665E+21,1.05062E+16,5.35692E+16
6322,6323,1,0,55,7,2016,12,8,7,3,8,1,0,1,0,1,0,0,0,0,5.98363E+20,5.9948E+21,1.0504E+16,5.4092E+16
6323,6324,1,0,62,82,2016,10,11,7,3,2,6,0,1,0,1,1,0,0,0,5.93454E+20,5.94039E+21,1.04124E+16,5.3604E+16
6324,6325,1,0,2,0,2016,10,15,4,3,0,1,0,0,1,0,0,0,0,0,5.68318E+20,6.01958E+21,1.00503E+16,5.43195E+16
6325,6326,1,0,62,23,2016,12,13,6,3,2,6,0,0,0,1,0,0,0,0,5.85774E+20,5.94631E+21,1.0298E+16,5.36585E+16
6326,6327,1,0,2,0,2016,9,12,5,3,6,7,0,0,1,0,1,0,0,0,5.76117E+20,6.02016E+21,1.01703E+16,5.43236E+16
6327,6328,1,0,3,0,2016,12,14,6,3,0,7,0,0,0,0,0,0,0,1,6.10813E+20,5.96782E+21,1.06844E+16,5.3847E+16
6328,6329,1,0,51,1,2016,10,18,6,3,3,6,1,0,0,1,0,0,0,1,5.17312E+20,5.99509E+21,9.26476E+15,5.41036E+16
6329,6330,1,0,59,75,2016,11,14,6,3,3,6,0,0,1,1,0,0,0,0,5.35105E+20,6.04198E+21,9.54239E+15,5.45241E+16
6330,6331,1,0,60,20,2016,11,16,7,3,2,6,0,0,0,1,0,0,0,0,5.82305E+20,5.97789E+21,1.02539E+16,5.39428E+16
6331,6332,1,0,59,75,2016,11,10,4,3,0,1,0,1,1,0,0,0,0,0,5.35395E+20,6.04085E+21,9.54673E+15,5.4514E+16
6332,6333,1,0,54,109,2016,12,12,4,3,5,3,0,0,0,1,0,0,0,0,4.90963E+20,6.06938E+21,8.85952E+15,5.47716E+16
6333,6334,1,0,62,4,2016,10,16,1,2,5,3,0,1,1,1,0,0,0,0,5.87897E+20,5.9635E+21,1.0335E+16,5.38126E+16
6334,6335,1,0,2,0,2016,10,7,6,3,5,2,1,1,1,1,0,0,0,0,5.71736E+20,6.02193E+21,1.01034E+16,5.43401E+16
6335,6336,1,0,4,0,2016,12,17,3,2,5,3,2,0,0,1,0,0,0,1,5.66294E+20,5.99507E+21,1.00138E+16,5.40995E+16
6336,6337,1,0,2,0,2016,12,7,7,3,0,7,2,1,1,0,0,0,0,0,5.74923E+20,6.02265E+21,1.01526E+16,5.43461E+16
6337,6338,2,2,3,209,2016,3,13,3,3,3,6,0,0,0,1,0,0,1,0,5.62584E+20,5.93532E+21,9.9449E+15,5.35631E+16
6338,6339,1,0,51,12,2016,11,18,5,3,1,5,2,0,0,1,0,0,0,0,5.14973E+20,5.98218E+21,9.22835E+15,5.39878E+16
6339,6340,1,0,58,135,2016,10,12,4,3,5,3,0,1,1,1,0,0,0,0,5.43701E+20,6.01749E+21,9.67158E+15,5.43034E+16
6340,6341,1,0,55,40,2016,11,18,7,3,7,7,2,0,0,1,0,0,0,0,6.07637E+20,5.97613E+21,1.06391E+16,5.39224E+16
6341,6342,1,0,1,0,2016,10,14,6,3,5,3,0,0,0,1,0,0,0,0,5.26098E+20,6.06989E+21,9.40572E+15,5.47756E+16
6342,6343,1,0,4,0,2016,10,5,2,3,5,3,2,0,0,1,0,0,0,0,5.65393E+20,5.99179E+21,9.99931E+15,5.40702E+16
6343,6344,1,0,54,101,2016,10,19,2,3,7,7,2,0,0,1,0,0,1,0,5.17049E+20,6.04057E+21,9.26334E+15,5.45124E+16
6344,6345,1,0,3,0,2016,11,18,4,2,6,2,2,1,0,1,1,0,0,0,6.11664E+20,5.96982E+21,1.06981E+16,5.38648E+16
6345,6346,1,0,53,10,2016,11,13,5,3,2,6,0,1,0,1,0,0,0,1,6.15651E+20,5.93312E+21,1.0745E+16,5.35343E+16
6346,6347,1,0,3,0,2016,10,16,4,3,2,6,0,0,0,1,0,0,0,0,6.08952E+20,5.97174E+21,1.06575E+16,5.38826E+16
6347,6348,1,0,55,1,2016,11,9,7,3,9,7,0,1,0,1,0,0,0,0,6.06356E+20,5.98689E+21,1.06234E+16,5.40193E+16
6348,6349,1,0,58,43,2016,12,22,4,2,8,1,2,0,0,1,0,0,0,0,5.55429E+20,6.03807E+21,9.85564E+15,5.44872E+16
6349,6350,1,0,53,11,2016,11,15,6,2,4,6,0,0,0,1,0,0,0,0,6.04914E+20,5.95758E+21,1.05913E+16,5.37563E+16
6350,6351,2,2,7,219,2016,1,12,7,3,2,6,0,1,0,1,0,0,0,0,5.59446E+20,5.93461E+21,9.8974E+15,5.3557E+16
6351,6352,1,0,60,63,2016,11,7,6,3,6,4,1,1,0,1,1,0,0,0,5.65625E+20,5.94857E+21,9.9936E+15,5.36817E+16
6352,6353,1,0,53,129,2016,12,15,4,2,6,4,0,0,0,1,1,0,0,0,5.83077E+20,5.92732E+21,1.02521E+16,5.34883E+16
6353,6354,1,0,62,60,2016,11,17,2,3,5,2,2,0,0,1,0,0,0,0,5.82445E+20,5.92985E+21,1.02433E+16,5.35111E+16
6354,6355,1,0,3,0,2016,12,13,2,3,5,3,0,0,1,1,0,0,0,0,6.09661E+20,5.97111E+21,1.06681E+16,5.38768E+16
6355,6356,1,0,57,9,2016,12,5,6,3,9,1,2,2,0,1,0,0,0,0,5.98349E+20,5.99943E+21,1.05052E+16,5.41336E+16
6356,6357,2,3,1,306,2016,2,15,7,3,2,6,0,1,0,1,0,0,0,0,5.63377E+20,5.93627E+21,9.95707E+15,5.35715E+16
6357,6358,1,0,54,91,2016,10,6,5,3,8,6,2,0,0,1,0,0,1,0,4.89958E+20,6.03883E+21,8.84495E+15,5.4497E+16
6358,6359,1,0,3,0,2016,11,21,4,2,5,2,2,1,0,1,0,0,0,0,6.09527E+20,5.97076E+21,1.06659E+16,5.38737E+16
6359,6360,1,0,2,0,2016,10,13,4,3,2,6,0,0,0,1,0,0,1,0,5.73749E+20,6.01926E+21,1.01337E+16,5.43159E+16
6360,6361,1,0,4,0,2016,10,9,3,3,3,6,0,1,0,1,0,0,0,0,5.65643E+20,5.99099E+21,1.0003E+16,5.4063E+16
6361,6362,1,0,62,23,2016,10,1,6,2,8,1,2,0,0,1,0,0,0,0,5.83142E+20,5.94713E+21,1.02584E+16,5.36663E+16
6362,6363,1,0,62,78,2016,10,14,3,3,8,7,0,1,0,1,0,0,0,0,5.88087E+20,5.95256E+21,1.03347E+16,5.37143E+16
6363,6364,2,2,9,221,2016,4,14,3,3,1,6,0,1,0,1,0,0,1,0,5.57259E+20,5.93621E+21,9.86468E+15,5.35716E+16
6364,6365,1,0,58,43,2016,11,17,2,2,5,2,2,1,0,1,0,0,0,0,5.53762E+20,6.03606E+21,9.82954E+15,5.44694E+16
6365,6366,1,0,54,168,2016,12,18,1,2,4,6,2,1,1,1,0,0,0,0,4.55737E+20,6.08463E+21,8.30964E+15,5.49067E+16
6366,6367,1,0,2,0,2016,11,15,4,3,2,6,0,0,0,1,0,0,0,0,5.76001E+20,6.01925E+21,1.01683E+16,5.43154E+16
6367,6368,1,0,58,135,2016,11,5,3,2,0,7,2,2,0,1,0,0,0,0,5.43433E+20,6.01369E+21,9.66692E+15,5.42693E+16
6368,6369,1,0,2,0,2016,10,13,1,3,2,2,0,0,0,1,0,0,0,0,5.74685E+20,6.02097E+21,1.01485E+16,5.43311E+16
6369,6370,1,0,57,1,2016,11,19,3,2,5,2,2,0,1,1,0,0,0,0,5.87628E+20,6.00074E+21,1.03416E+16,5.41473E+16
6370,6371,1,0,58,43,2016,11,7,6,3,8,1,1,2,0,1,0,0,0,0,5.54428E+20,6.03247E+21,9.83915E+15,5.4437E+16
6371,6372,1,0,2,0,2016,12,13,7,3,3,6,0,0,0,1,0,0,1,0,5.73134E+20,6.01791E+21,1.01239E+16,5.43039E+16
6372,6373,1,0,55,38,2016,12,11,2,3,9,1,0,1,0,1,0,0,0,0,6.16025E+20,6.00442E+21,1.07776E+16,5.41747E+16
6373,6374,1,0,59,45,2016,10,8,2,3,2,6,0,1,0,1,0,0,0,0,5.58908E+20,6.05714E+21,9.91315E+15,5.46582E+16
6374,6375,1,0,55,35,2016,11,8,5,3,2,6,0,0,0,1,0,0,0,0,6.12353E+20,5.98279E+21,1.07133E+16,5.39812E+16
6375,6376,1,0,3,0,2016,12,15,5,3,5,3,0,1,0,1,0,0,0,0,6.12148E+20,5.96191E+21,1.07026E+16,5.37937E+16
6376,6377,1,0,53,27,2016,10,15,6,3,0,7,0,1,0,1,0,0,0,0,6.03309E+20,5.93599E+21,1.05598E+16,5.35626E+16
6377,6378,2,1,6,115,2016,1,9,3,3,2,6,0,0,0,1,0,0,0,0,5.66749E+20,5.93369E+21,1.00074E+16,5.35478E+16
6378,6379,2,3,8,320,2016,3,14,3,3,3,6,0,0,0,1,0,0,1,0,5.6068E+20,5.94056E+21,9.91717E+15,5.36104E+16
6379,6380,1,0,3,0,2016,9,9,6,3,2,6,0,0,0,1,0,0,0,0,6.12512E+20,5.96945E+21,1.07108E+16,5.38614E+16
6380,6381,1,0,3,0,2016,11,8,3,3,2,6,0,1,0,1,0,0,0,0,6.11239E+20,5.96907E+21,1.06914E+16,5.38582E+16
6381,6382,1,0,55,15,2016,12,19,2,3,2,6,2,2,0,1,0,0,0,0,6.25169E+20,6.02087E+21,1.09245E+16,5.43203E+16
6382,6383,1,0,51,113,2016,10,14,1,3,2,6,0,0,0,1,0,0,0,0,4.99132E+20,6.00272E+21,8.98671E+15,5.41726E+16
6383,6384,1,0,55,21,2016,12,17,7,3,3,6,2,0,0,1,0,0,1,0,6.31289E+20,6.02585E+21,1.10207E+16,5.43635E+16
6384,6385,1,0,56,15,2016,10,7,3,3,2,6,1,1,0,1,0,0,0,0,5.4558E+20,5.9559E+21,9.69122E+15,5.37497E+16
6385,6386,2,2,3,209,2016,2,18,3,3,1,6,2,1,0,1,0,0,0,0,5.62582E+20,5.93532E+21,9.94487E+15,5.35631E+16
6386,6387,1,0,58,26,2016,11,5,3,3,8,1,2,1,0,0,0,0,0,1,5.5304E+20,6.01902E+21,9.81536E+15,5.43163E+16
6387,6388,1,0,60,39,2016,12,15,6,3,0,7,0,0,1,0,0,0,0,0,5.64595E+20,5.96067E+21,9.98053E+15,5.37906E+16
6388,6389,1,0,55,4,2016,11,18,7,3,9,1,2,2,0,1,0,0,0,0,6.13137E+20,5.97563E+21,1.07226E+16,5.39167E+16
6389,6390,1,0,55,40,2016,12,9,6,3,4,6,0,2,0,1,0,0,0,0,6.07202E+20,5.97756E+21,1.0633E+16,5.39353E+16
6390,6391,2,2,5,217,2016,2,7,2,3,3,6,0,1,0,1,0,0,1,1,5.58717E+20,5.93585E+21,9.88662E+15,5.35683E+16
6391,6392,1,0,2,0,2016,10,12,5,3,0,6,0,0,0,1,0,0,0,1,5.73807E+20,6.01968E+21,1.01347E+16,5.43196E+16
6392,6393,1,0,61,117,2016,11,17,4,3,2,6,2,1,1,0,0,0,0,1,5.47978E+20,5.97379E+21,9.73038E+15,5.39103E+16
6393,6394,1,0,3,0,2016,10,7,4,3,5,3,0,0,1,0,0,0,0,1,6.11354E+20,5.97101E+21,1.06938E+16,5.38756E+16
6394,6395,1,0,55,32,2016,10,7,3,3,2,6,0,1,0,1,0,0,0,0,6.1855E+20,5.99672E+21,1.08132E+16,5.41049E+16
6395,6396,1,0,60,5,2016,10,18,6,3,2,6,2,1,0,1,0,0,0,0,5.86446E+20,5.97649E+21,1.03166E+16,5.39296E+16
6396,6397,1,0,54,128,2016,10,7,3,2,5,3,1,1,1,1,0,0,0,0,4.99685E+20,6.04896E+21,8.99513E+15,5.45881E+16
6397,6398,2,1,16,136,2016,4,18,5,3,2,6,0,1,0,1,0,0,0,0,5.68279E+20,5.92705E+21,1.00291E+16,5.3488E+16
6398,6399,1,0,56,3,2016,12,10,1,3,4,6,0,1,0,1,0,0,0,1,5.50737E+20,5.95571E+21,9.76939E+15,5.37476E+16
6399,6400,1,0,58,5,2016,11,11,4,3,5,3,0,0,1,0,0,0,1,0,5.73093E+20,6.02981E+21,1.01262E+16,5.44108E+16
6400,6401,1,0,3,0,2016,11,10,3,3,2,6,0,0,0,1,0,0,0,0,6.10698E+20,5.96829E+21,1.06828E+16,5.38513E+16
6401,6402,1,0,3,0,2016,11,13,3,3,5,3,0,1,1,1,0,0,0,0,6.10835E+20,5.96785E+21,1.06848E+16,5.38473E+16
6402,6403,1,0,55,35,2016,11,12,6,3,2,6,0,1,0,1,0,0,0,1,6.12589E+20,5.98431E+21,1.07175E+16,5.39948E+16
6403,6404,1,0,3,0,2016,12,12,7,3,9,7,0,0,0,1,0,0,0,0,6.11204E+20,5.96833E+21,1.06905E+16,5.38516E+16
6404,6405,1,0,53,32,2016,12,10,2,3,7,7,0,0,0,1,0,0,0,0,5.90946E+20,5.92177E+21,1.03691E+16,5.34371E+16
6405,6406,1,0,62,86,2016,11,18,5,3,1,6,2,1,0,1,0,0,0,0,5.88289E+20,5.93618E+21,1.03331E+16,5.3567E+16
6406,6407,1,0,56,48,2016,12,15,6,2,8,1,1,1,0,1,0,0,0,0,5.49672E+20,5.9523E+21,9.75269E+15,5.3717E+16
6407,6408,1,0,53,100,2016,10,16,6,3,5,7,0,1,1,1,0,0,0,0,6.17804E+20,5.95034E+21,1.0784E+16,5.36885E+16
6408,6409,2,3,7,319,2016,1,14,4,3,2,6,0,1,0,1,0,0,0,0,5.61063E+20,5.94313E+21,9.92347E+15,5.36334E+16
6409,6410,2,2,5,216,2016,3,21,5,3,2,6,2,0,0,1,0,0,0,0,5.59555E+20,5.93528E+21,9.89918E+15,5.3563E+16
6410,6411,1,0,56,43,2016,11,15,3,3,6,4,0,1,0,1,1,0,0,0,5.57702E+20,5.94287E+21,9.87261E+15,5.36315E+16
6411,6412,1,0,2,0,2016,12,22,2,3,5,7,2,1,0,1,0,0,1,0,5.74566E+20,6.01789E+21,1.01459E+16,5.43034E+16
6412,6413,1,0,51,82,2016,12,20,1,2,2,6,2,1,0,1,0,0,0,0,5.11493E+20,6.00178E+21,9.17602E+15,5.4164E+16
6413,6414,1,0,51,114,2016,10,19,3,2,0,1,2,0,1,0,0,0,0,0,5.18259E+20,6.00803E+21,9.28002E+15,5.42199E+16
6414,6415,2,2,6,218,2016,2,14,5,3,2,7,0,1,0,1,0,0,0,0,5.57729E+20,5.93616E+21,9.87177E+15,5.35711E+16
6415,6416,1,0,54,148,2016,11,7,3,3,8,3,0,1,0,0,0,1,0,1,4.87042E+20,6.01687E+21,8.80088E+15,5.42996E+16
6416,6417,1,0,51,1,2016,12,12,6,3,2,6,0,0,0,1,0,0,0,0,5.18574E+20,5.99971E+21,9.28435E+15,5.41452E+16
6417,6418,2,1,16,137,2016,3,16,7,3,2,6,0,0,0,1,0,0,0,0,5.66255E+20,5.92809E+21,9.99879E+15,5.34976E+16
6418,6419,1,0,59,45,2016,9,15,3,3,2,6,0,0,0,1,0,0,0,0,5.59379E+20,6.05784E+21,9.9206E+15,5.46644E+16
6419,6420,1,0,2,0,2016,11,16,7,3,2,6,1,1,0,1,0,0,0,0,5.7691E+20,6.01711E+21,1.01817E+16,5.42961E+16
6420,6421,1,0,4,0,2016,10,18,1,3,2,6,2,1,0,1,0,0,0,0,5.62124E+20,5.99749E+21,9.95053E+15,5.41218E+16
6421,6422,1,0,58,173,2016,11,16,2,3,2,6,2,0,0,1,0,0,0,0,5.53185E+20,6.03526E+21,9.82049E+15,5.44622E+16
6422,6423,1,0,62,9,2016,11,8,2,3,2,6,0,1,0,1,0,0,0,1,5.81887E+20,5.93532E+21,1.02363E+16,5.35604E+16
6423,6424,1,0,3,0,2016,11,8,5,3,5,2,0,0,1,1,0,0,0,0,6.10373E+20,5.97174E+21,1.06792E+16,5.38824E+16
6424,6425,1,0,59,43,2016,12,18,5,3,5,3,2,0,0,1,0,0,0,0,5.34927E+20,6.03455E+21,9.53876E+15,5.44574E+16
6425,6426,1,0,60,39,2016,10,17,2,3,0,7,0,1,0,0,0,1,0,0,5.62881E+20,5.95938E+21,9.95426E+15,5.37793E+16
6426,6427,1,0,53,72,2016,10,10,7,3,0,7,0,1,0,0,0,1,0,0,5.87297E+20,5.92727E+21,1.03157E+16,5.34871E+16
6427,6428,1,0,3,0,2016,12,18,4,3,3,6,2,1,0,1,0,0,0,0,6.10689E+20,5.97224E+21,1.06841E+16,5.38868E+16
6428,6429,2,7,13,714,2016,1,6,7,3,9,1,2,2,0,1,0,0,0,0,5.59729E+20,5.92507E+21,9.89985E+15,5.34712E+16
6429,6430,2,1,3,106,2016,3,8,4,3,5,3,0,1,0,1,0,0,0,1,5.64484E+20,5.93387E+21,9.97329E+15,5.35498E+16
6430,6431,1,0,56,13,2016,10,11,2,3,2,6,0,1,0,1,0,0,0,0,5.59189E+20,5.94363E+21,9.89523E+15,5.36381E+16
6431,6432,1,0,58,50,2016,12,14,7,3,8,1,0,1,0,1,0,0,0,0,5.60785E+20,6.01937E+21,9.93448E+15,5.43186E+16
6432,6433,1,0,58,135,2016,10,12,7,3,5,2,0,0,1,1,0,0,0,0,5.40767E+20,6.01928E+21,9.62674E+15,5.43197E+16
6433,6434,1,0,2,0,2016,10,8,4,2,5,3,0,1,0,1,0,1,0,0,5.73676E+20,6.02365E+21,1.01337E+16,5.43553E+16
6434,6435,1,0,56,37,2016,10,14,3,3,4,1,0,0,0,1,0,0,0,0,5.38112E+20,5.94893E+21,9.57711E+15,5.36877E+16
6435,6436,1,0,60,73,2016,12,13,5,3,2,2,0,0,0,1,0,0,0,0,5.64661E+20,5.97162E+21,9.98384E+15,5.3889E+16
6436,6437,1,0,54,118,2016,9,18,5,3,8,1,1,1,0,1,0,0,0,0,5.08914E+20,6.0388E+21,9.13764E+15,5.44967E+16
6437,6438,1,0,57,77,2016,12,11,6,3,6,4,0,0,0,1,1,0,0,0,5.9284E+20,6.01678E+21,1.04263E+16,5.42905E+16
6438,6439,1,0,53,62,2016,10,14,5,3,5,3,0,0,1,0,0,0,0,1,6.24013E+20,5.94767E+21,1.08769E+16,5.3663E+16
6439,6440,1,0,61,46,2016,11,11,5,3,5,2,0,0,1,1,0,0,0,0,5.33471E+20,5.97578E+21,9.50976E+15,5.39293E+16
6440,6441,1,0,55,21,2016,11,8,7,3,8,1,0,2,0,1,0,0,0,0,6.30259E+20,6.026E+21,1.10049E+16,5.43652E+16
6441,6442,1,0,61,41,2016,11,7,3,3,2,6,1,0,0,1,0,0,0,0,5.39612E+20,5.96634E+21,9.60206E+15,5.3844E+16
6442,6443,1,0,53,90,2016,12,17,3,3,6,2,2,1,0,1,1,0,0,0,6.11129E+20,5.94253E+21,1.06801E+16,5.36198E+16
6443,6444,1,0,58,162,2016,10,13,1,3,8,1,0,0,0,1,0,0,0,0,5.58804E+20,6.04982E+21,9.91007E+15,5.45924E+16
6444,6445,1,0,54,156,2016,10,7,6,3,8,1,1,0,0,1,0,0,0,0,5.11928E+20,6.03261E+21,9.18392E+15,5.44411E+16
6445,6446,1,0,2,0,2016,12,14,3,3,5,3,0,1,0,1,0,0,0,0,5.77404E+20,6.02076E+21,1.01903E+16,5.43289E+16
6446,6447,1,0,59,158,2016,12,13,7,3,8,1,0,1,0,1,0,0,0,0,5.13892E+20,6.0692E+21,9.21593E+15,5.47698E+16
6447,6448,2,1,16,136,2016,2,15,6,3,2,6,0,0,0,1,0,0,0,0,5.68798E+20,5.92914E+21,1.00374E+16,5.35067E+16
6448,6449,1,0,62,5,2016,11,8,5,3,5,3,0,1,0,1,0,0,1,0,5.78376E+20,5.9582E+21,1.01891E+16,5.37665E+16
6449,6450,1,0,1,0,2016,10,10,4,3,2,6,0,1,0,1,0,0,1,0,5.29912E+20,6.07108E+21,9.46513E+15,5.4786E+16
6450,6451,1,0,61,46,2016,10,19,5,3,5,2,2,0,1,1,0,0,0,0,5.33176E+20,5.97606E+21,9.5053E+15,5.39319E+16
6451,6452,1,0,57,28,2016,10,8,2,3,5,2,0,1,1,1,0,0,0,0,5.89024E+20,6.02609E+21,1.03705E+16,5.43748E+16
6452,6453,1,0,56,41,2016,12,19,2,3,1,5,2,0,0,1,0,0,1,0,5.58852E+20,5.95459E+21,9.89221E+15,5.37366E+16
6453,6454,1,0,51,54,2016,10,16,1,3,8,1,0,0,0,1,0,0,0,0,5.19545E+20,6.00302E+21,9.29943E+15,5.41749E+16
6454,6455,1,0,4,0,2016,11,7,4,2,0,7,2,2,1,0,0,0,0,0,5.65344E+20,5.99367E+21,9.99896E+15,5.40871E+16
6455,6456,1,0,3,0,2016,11,15,4,3,2,6,0,1,0,1,0,0,0,0,6.13129E+20,5.96981E+21,1.07203E+16,5.38644E+16
6456,6457,1,0,58,43,2016,11,11,7,3,5,3,0,0,1,1,0,0,0,0,5.51765E+20,6.03809E+21,9.79909E+15,5.44878E+16
6457,6458,1,0,1,0,2016,12,14,4,3,3,6,0,0,0,1,0,0,0,0,5.29563E+20,6.07356E+21,9.45996E+15,5.48083E+16
6458,6459,1,0,2,0,2016,11,7,6,3,2,2,0,1,0,1,0,0,0,0,5.70792E+20,6.02338E+21,1.00892E+16,5.43534E+16
6459,6460,1,0,56,39,2016,12,8,6,3,0,1,2,1,1,0,0,0,0,0,5.52451E+20,5.94741E+21,9.79397E+15,5.36728E+16
6460,6461,2,4,3,406,2016,1,15,5,3,5,3,0,0,0,1,0,0,0,0,5.65309E+20,5.93986E+21,9.98698E+15,5.36035E+16
6461,6462,1,0,53,130,2016,11,16,6,3,0,1,2,1,0,0,0,1,0,0,5.97241E+20,5.94769E+21,1.04719E+16,5.36689E+16
6462,6463,1,0,2,0,2016,12,12,4,2,5,3,0,1,1,0,0,0,0,0,5.73332E+20,6.0211E+21,1.01277E+16,5.43325E+16
6463,6464,1,0,55,7,2016,11,17,2,3,2,6,2,0,0,1,0,0,0,0,6.03841E+20,5.99359E+21,1.05873E+16,5.40801E+16
6464,6465,1,0,2,0,2016,12,9,2,3,6,2,0,1,0,1,1,0,0,0,5.74049E+20,6.02069E+21,1.01387E+16,5.43287E+16
6465,6466,1,0,54,167,2016,12,12,6,2,5,2,0,1,0,1,0,0,0,0,4.96642E+20,6.06535E+21,8.94785E+15,5.47354E+16
6466,6467,2,1,6,115,2016,2,18,5,3,2,6,2,0,0,1,0,0,0,0,5.67665E+20,5.93324E+21,1.00211E+16,5.35437E+16
6467,6468,1,0,61,112,2016,10,17,4,3,5,3,0,0,1,1,0,0,0,0,5.52647E+20,5.98532E+21,9.80343E+15,5.40134E+16
6468,6469,1,0,58,23,2016,11,14,4,3,2,6,0,1,0,1,0,0,0,0,5.57377E+20,6.00372E+21,9.87909E+15,5.41783E+16
6469,6470,1,0,56,23,2016,10,16,2,3,5,6,0,1,0,1,0,0,0,1,5.43667E+20,5.9514E+21,9.66158E+15,5.37095E+16
6470,6471,2,1,3,107,2016,4,21,2,2,6,4,2,0,0,1,1,0,0,0,5.64873E+20,5.93382E+21,9.97915E+15,5.35492E+16
6471,6472,1,0,54,56,2016,11,16,2,3,5,2,2,1,0,1,0,0,0,0,5.05717E+20,6.03876E+21,9.08827E+15,5.44964E+16
6472,6473,1,0,60,56,2016,12,10,7,3,8,1,0,2,0,1,0,0,0,0,5.50315E+20,5.97306E+21,9.76582E+15,5.39035E+16
6473,6474,1,0,61,41,2016,11,17,3,3,2,2,2,1,0,1,0,0,0,0,5.39623E+20,5.96634E+21,9.60223E+15,5.38441E+16
6474,6475,1,0,57,21,2016,11,14,3,3,6,6,0,0,0,1,1,0,0,0,5.96417E+20,6.02112E+21,1.04827E+16,5.43288E+16
6475,6476,1,0,58,153,2016,10,0,1,3,2,7,2,0,0,1,0,0,0,1,5.63839E+20,6.00667E+21,9.97872E+15,5.4204E+16
6476,6477,1,0,59,158,2016,11,13,3,2,9,1,0,0,0,1,0,0,0,0,5.10635E+20,6.07016E+21,9.16535E+15,5.47785E+16
6477,6478,1,0,2,0,2016,11,23,6,3,8,1,2,1,0,0,0,1,0,0,5.73801E+20,6.0153E+21,1.01335E+16,5.42803E+16
6478,6479,1,0,62,6,2016,12,17,6,2,0,7,1,0,0,1,0,0,0,0,5.8306E+20,5.95402E+21,1.0259E+16,5.37282E+16
6479,6480,1,0,54,84,2016,12,17,2,3,7,7,2,0,0,1,0,0,0,0,5.06084E+20,6.03701E+21,9.09391E+15,5.44807E+16
6480,6481,1,0,59,168,2016,10,18,2,3,9,1,1,1,0,1,0,0,0,0,5.56321E+20,6.05891E+21,9.8734E+15,5.46744E+16
6481,6482,1,0,59,185,2016,11,12,5,2,5,3,0,0,0,1,0,0,0,0,5.41402E+20,6.05964E+21,9.64216E+15,5.46824E+16
6482,6483,1,0,57,57,2016,12,17,5,3,5,3,2,1,0,1,0,0,0,0,5.90138E+20,6.00418E+21,1.0381E+16,5.41778E+16
6483,6484,1,0,3,0,2016,10,9,6,3,5,2,0,1,1,0,0,0,0,1,6.11276E+20,5.96912E+21,1.06919E+16,5.38586E+16
6484,6485,2,7,13,714,2016,1,17,2,3,2,2,1,0,0,1,0,0,0,0,5.59845E+20,5.92504E+21,9.90159E+15,5.3471E+16
6485,6486,2,1,12,130,2016,3,4,7,3,5,3,2,0,0,1,0,0,0,0,5.75223E+20,5.93147E+21,1.01348E+16,5.35267E+16
6486,6487,1,0,4,0,2016,9,17,6,3,7,1,0,0,0,1,0,0,0,0,5.62379E+20,5.99738E+21,9.95441E+15,5.41207E+16
6487,6488,1,0,3,0,2016,11,5,3,3,5,3,2,1,1,0,0,0,1,0,6.10106E+20,5.96993E+21,1.06744E+16,5.38662E+16
6488,6489,1,0,61,27,2016,12,16,1,3,8,1,2,1,0,1,0,0,0,0,5.31652E+20,5.9601E+21,9.48044E+15,5.37885E+16
6489,6490,1,0,55,16,2016,10,18,1,3,0,1,2,1,0,0,0,1,0,0,6.27304E+20,6.00208E+21,1.09493E+16,5.4151E+16
6490,6491,1,0,57,57,2016,12,16,7,2,5,3,2,1,0,1,0,1,0,0,5.93441E+20,6.00233E+21,1.04311E+16,5.41606E+16
6491,6492,1,0,54,56,2016,9,13,6,3,9,1,0,1,0,1,0,0,0,0,5.04732E+20,6.03549E+21,9.073E+15,5.4467E+16
6492,6493,1,0,55,4,2016,10,20,3,2,5,3,2,1,0,1,0,1,0,0,6.11308E+20,5.97581E+21,1.06949E+16,5.39187E+16
6493,6494,2,2,5,217,2016,2,17,2,3,2,6,2,0,0,1,0,0,0,0,5.57667E+20,5.93616E+21,9.87084E+15,5.35711E+16
6494,6495,1,0,56,27,2016,11,18,2,2,9,1,2,1,0,1,0,0,0,0,5.42917E+20,5.94053E+21,9.64872E+15,5.36118E+16
6495,6496,1,0,53,129,2016,12,19,6,3,6,2,2,0,0,1,1,0,0,0,5.84347E+20,5.92759E+21,1.02713E+16,5.34905E+16
6496,6497,1,0,60,68,2016,11,12,6,3,5,3,0,1,1,1,0,0,0,0,5.76669E+20,5.9841E+21,1.01696E+16,5.39995E+16
6497,6498,1,0,56,48,2016,11,15,1,3,2,6,0,1,0,1,0,0,0,0,5.48941E+20,5.9514E+21,9.74147E+15,5.3709E+16
6498,6499,1,0,59,60,2016,11,1,2,3,8,1,2,0,0,0,0,0,0,1,5.45545E+20,6.05741E+21,9.70608E+15,5.4662E+16
6499,6500,1,0,1,0,2016,11,12,5,3,5,3,0,0,1,1,0,0,0,0,5.25925E+20,6.06768E+21,9.40284E+15,5.47557E+16
6500,6501,1,0,56,30,2016,12,7,4,3,5,2,2,1,0,1,0,0,0,1,5.44377E+20,5.9622E+21,9.67388E+15,5.38064E+16
6501,6502,1,0,1,0,2016,10,17,2,3,0,1,0,0,1,0,0,0,0,0,5.27659E+20,6.07045E+21,9.43005E+15,5.47805E+16
6502,6503,1,0,57,21,2016,12,19,4,3,2,6,2,1,0,1,0,0,0,0,5.98013E+20,6.01875E+21,1.05064E+16,5.43072E+16
6503,6504,2,3,5,317,2016,1,16,5,3,5,2,2,0,0,1,0,0,0,1,5.63663E+20,5.9398E+21,9.9621E+15,5.36032E+16