FID,OBJECTID,ULAND,UREGBEZ,UKREIS,UGEMEINDE,UJAHR,UMONAT,USTUNDE,UWOCHENTAG,UKATEGORIE,UART,UTYP1,ULICHTVERH,IstStrasse,IstRad,IstPKW,IstFuss,IstKrad,IstGkfz,IstSonstig,LINREFX,LINREFY,XGCSWGS84,YGCSWGS84
6504,6505,2,7,1,702,2016,3,23,7,3,2,6,2,1,0,1,0,0,0,0,5.66021E+20,5.92509E+21,9.99463E+15,5.34707E+16
6505,6506,1,0,55,32,2016,10,10,2,3,0,1,0,1,0,0,0,1,0,0,6.1849E+20,5.99669E+21,1.08123E+16,5.41047E+16
6506,6507,1,0,56,39,2016,10,7,6,3,2,6,1,1,0,1,0,0,0,0,5.53488E+20,5.94581E+21,9.80939E+15,5.36583E+16
6507,6508,1,0,56,41,2016,10,20,3,3,5,3,2,1,0,1,0,0,0,0,5.5915E+20,5.95415E+21,9.89665E+15,5.37327E+16
6508,6509,1,0,2,0,2016,10,7,3,3,2,6,0,0,0,1,0,0,0,0,5.73E+20,6.0197E+21,1.01223E+16,5.43199E+16
6509,6510,1,0,2,0,2016,12,10,5,3,5,3,0,0,1,1,0,0,0,0,5.72689E+20,6.01804E+21,1.01171E+16,5.43051E+16
6510,6511,1,0,1,0,2016,9,18,5,3,0,7,1,0,1,0,0,0,0,0,5.28221E+20,6.07085E+21,9.43882E+15,5.4784E+16
6511,6512,1,0,60,27,2016,11,17,1,3,2,6,2,0,0,1,0,0,0,0,5.61152E+20,5.98406E+21,9.93295E+15,5.40013E+16
6512,6513,1,0,56,32,2016,12,21,6,2,8,1,2,0,0,1,0,0,0,0,5.51423E+20,5.94999E+21,9.77884E+15,5.36961E+16
6513,6514,1,0,2,0,2016,10,17,5,3,2,6,1,0,0,1,0,0,0,0,5.73523E+20,6.01784E+21,1.01299E+16,5.43032E+16
6514,6515,1,0,4,0,2016,11,10,5,3,2,6,0,1,0,1,0,0,0,0,5.65953E+20,5.98906E+21,1.00073E+16,5.40456E+16
6515,6516,1,0,57,58,2016,11,7,7,3,8,1,0,2,0,1,0,0,0,0,5.81863E+20,6.01108E+21,1.02562E+16,5.42411E+16
6516,6517,1,0,3,0,2016,10,12,3,3,2,6,0,0,0,1,0,0,0,0,6.11576E+20,5.96962E+21,1.06967E+16,5.38631E+16
6517,6518,1,0,62,78,2016,11,13,3,3,2,6,0,0,0,1,0,0,0,0,5.88765E+20,5.9525E+21,1.0345E+16,5.37136E+16
6518,6519,1,0,4,0,2016,12,8,3,3,5,2,0,1,1,1,0,0,0,0,5.64085E+20,5.99025E+21,9.979E+15,5.40565E+16
6519,6520,1,0,62,61,2016,10,16,1,3,9,7,0,0,0,1,0,0,0,0,5.9942E+20,5.9646E+21,1.05103E+16,5.38205E+16
6520,6521,1,0,3,0,2016,10,19,5,3,5,3,2,1,1,1,0,0,0,0,6.11358E+20,5.971E+21,1.06939E+16,5.38755E+16
6521,6522,1,0,3,0,2016,10,15,4,2,4,6,0,0,1,0,0,0,0,0,6.10936E+20,5.96809E+21,1.06864E+16,5.38494E+16
6522,6523,1,0,62,18,2016,12,9,6,3,5,2,0,0,1,1,0,0,0,0,5.80389E+20,5.93332E+21,1.02132E+16,5.35426E+16
6523,6524,2,6,2,603,2016,2,12,4,3,6,2,0,0,0,1,1,0,0,0,5.81499E+20,5.92727E+21,1.02283E+16,5.34881E+16
6524,6525,1,0,59,167,2016,10,13,6,3,1,6,0,0,0,1,0,0,0,0,5.47339E+20,6.06479E+21,9.73508E+15,5.47282E+16
6525,6526,1,0,4,0,2016,11,16,5,3,3,6,2,1,1,1,0,0,0,0,5.67152E+20,5.98984E+21,1.00258E+16,5.40524E+16
6526,6527,1,0,56,50,2016,10,18,3,3,2,6,2,0,0,1,0,0,0,0,5.46135E+20,5.93748E+21,9.69689E+15,5.35841E+16
6527,6528,1,0,2,0,2016,11,16,2,3,0,7,2,0,1,0,0,0,0,0,5.72691E+20,6.02011E+21,1.01177E+16,5.43237E+16
6528,6529,1,0,56,41,2016,11,12,1,3,4,6,0,0,0,1,0,0,0,0,5.61422E+20,5.95626E+21,9.9315E+15,5.37514E+16
6529,6530,1,0,57,81,2016,11,6,5,3,4,7,2,0,0,0,0,0,1,0,5.86839E+20,6.02081E+21,1.03353E+16,5.43277E+16
6530,6531,1,0,56,39,2016,12,5,4,3,5,2,2,1,0,1,0,0,0,0,5.5116E+20,5.94577E+21,9.77416E+15,5.36582E+16
6531,6532,1,0,55,46,2016,10,15,2,3,1,5,0,1,0,1,0,0,0,0,6.42307E+20,6.03475E+21,1.11944E+16,5.44405E+16
6532,6533,1,0,58,99,2016,12,9,4,3,8,6,0,1,0,1,0,0,0,1,5.55872E+20,6.04045E+21,9.86292E+15,5.45086E+16
6533,6534,2,7,10,711,2016,1,18,5,3,3,6,2,1,0,1,0,0,0,0,5.64544E+20,5.92462E+21,9.97229E+15,5.34666E+16
6534,6535,2,7,10,711,2016,3,17,2,3,2,6,0,0,0,1,0,0,0,0,5.62732E+20,5.92509E+21,9.94508E+15,5.34711E+16
6535,6536,1,0,62,23,2016,10,12,2,2,4,1,0,1,0,1,0,0,0,0,5.82993E+20,5.94673E+21,1.0256E+16,5.36627E+16
6536,6537,1,0,53,89,2016,12,15,7,3,9,1,0,2,0,1,0,0,0,0,5.95463E+20,5.93561E+21,1.04413E+16,5.35607E+16
6537,6538,1,0,62,25,2016,10,11,7,3,2,6,0,0,0,1,0,0,0,0,6.04811E+20,5.96806E+21,1.05933E+16,5.38504E+16
6538,6539,1,0,59,184,2016,10,18,4,3,1,5,2,1,0,1,0,0,0,0,5.27564E+20,6.06107E+21,9.42768E+15,5.46962E+16
6539,6540,1,0,3,0,2016,10,6,3,3,3,2,2,0,1,0,0,0,1,0,6.12397E+20,5.97072E+21,1.07095E+16,5.38727E+16
6540,6541,1,0,4,0,2016,12,13,5,3,5,3,0,1,0,1,0,1,0,0,5.64576E+20,5.99411E+21,9.98732E+15,5.40911E+16
6541,6542,1,0,54,56,2016,9,16,5,3,5,3,0,1,0,1,0,0,0,0,5.03254E+20,6.03751E+21,9.05022E+15,5.44852E+16
6542,6543,1,0,60,27,2016,12,6,6,3,8,1,2,0,0,1,0,0,0,0,5.61782E+20,5.98226E+21,9.94219E+15,5.39849E+16
6543,6544,1,0,58,135,2016,10,0,5,3,9,1,2,1,0,1,0,0,0,0,5.44373E+20,6.01764E+21,9.68193E+15,5.43047E+16
6544,6545,1,0,62,9,2016,11,7,5,3,5,3,0,1,0,1,0,0,0,0,5.79286E+20,5.93616E+21,1.01972E+16,5.35683E+16
6545,6546,1,0,4,0,2016,11,13,7,3,2,2,0,0,0,1,0,1,0,0,5.63753E+20,5.9941E+21,9.97474E+15,5.40912E+16
6546,6547,1,0,56,29,2016,11,19,3,2,5,2,2,0,0,1,0,0,0,1,5.42724E+20,5.9526E+21,9.64746E+15,5.37203E+16
6547,6548,1,0,3,0,2016,12,11,3,3,1,5,0,0,0,1,0,0,0,0,6.07994E+20,5.96888E+21,1.0642E+16,5.38572E+16
6548,6549,1,0,54,86,2016,10,17,1,3,0,7,0,1,1,0,0,0,0,0,4.82769E+20,6.07971E+21,8.73154E+15,5.48642E+16
6549,6550,1,0,56,41,2016,10,16,5,3,0,2,0,1,0,1,0,1,0,0,5.59125E+20,5.95394E+21,9.89623E+15,5.37308E+16
6550,6551,1,0,59,137,2016,12,8,3,3,5,2,1,1,0,1,0,0,1,0,5.40952E+20,6.07239E+21,9.63698E+15,5.4797E+16
6551,6552,1,0,51,58,2016,12,1,6,2,8,1,2,2,0,1,0,0,0,0,4.98234E+20,6.01647E+21,8.97286E+15,5.42962E+16
6552,6553,2,4,6,415,2016,2,4,5,2,6,4,2,1,0,1,1,0,0,0,5.68253E+20,5.93589E+21,1.00306E+16,5.35674E+16
6553,6554,1,0,55,32,2016,10,11,6,2,5,2,0,0,1,1,0,0,0,0,6.19068E+20,5.99679E+21,1.08212E+16,5.41055E+16
6554,6555,1,0,55,40,2016,11,13,5,3,5,2,0,0,0,1,0,1,0,0,6.08381E+20,5.97219E+21,1.0649E+16,5.38869E+16
6555,6556,1,0,61,46,2016,10,14,3,3,5,3,0,1,1,1,0,0,0,0,5.33352E+20,5.97381E+21,9.50774E+15,5.39116E+16
6556,6557,1,0,56,41,2016,10,13,5,3,2,3,0,1,1,1,0,0,0,0,5.59534E+20,5.95297E+21,9.90224E+15,5.3722E+16
6557,6558,1,0,3,0,2016,12,12,2,3,0,5,0,1,1,0,0,0,0,1,6.12373E+20,5.96766E+21,1.07081E+16,5.38453E+16
6558,6559,1,0,54,118,2016,10,20,1,3,5,3,2,0,0,1,0,0,0,1,5.09063E+20,6.03908E+21,9.13995E+15,5.44993E+16
6559,6560,1,0,2,0,2016,11,16,4,3,5,2,2,1,0,1,0,0,0,0,5.7388E+20,6.01958E+21,1.01358E+16,5.43187E+16
6560,6561,1,0,57,7,2016,11,9,4,3,8,1,0,2,0,0,0,0,1,0,6.07415E+20,6.01654E+21,1.06501E+16,5.42855E+16
6561,6562,1,0,2,0,2016,11,18,7,2,5,2,2,1,0,1,0,0,0,0,5.73401E+20,6.01919E+21,1.01284E+16,5.43153E+16
6562,6563,1,0,60,92,2016,12,15,3,3,5,3,1,0,1,1,0,0,0,0,5.79506E+20,5.979E+21,1.02116E+16,5.39532E+16
6563,6564,1,0,54,76,2016,11,7,6,3,5,3,1,1,1,1,0,0,0,0,4.9808E+20,6.06961E+21,8.97015E+15,5.47737E+16
6564,6565,1,0,53,43,2016,12,7,6,3,8,7,2,1,0,0,0,0,0,1,6.13395E+20,5.95962E+21,1.07206E+16,5.37729E+16
6565,6566,1,0,58,54,2016,10,21,7,3,2,6,2,1,0,1,0,0,0,0,5.38494E+20,6.01751E+21,9.59157E+15,5.43041E+16
6566,6567,2,7,2,703,2016,1,9,3,1,2,6,0,0,0,0,0,0,1,0,5.68144E+20,5.92402E+21,1.00264E+16,5.34608E+16
6567,6568,1,0,58,31,2016,11,15,6,3,5,3,0,1,0,1,0,0,0,0,5.41039E+20,6.00158E+21,9.6285E+15,5.41606E+16
6568,6569,1,0,62,76,2016,12,15,3,3,5,3,0,1,0,1,0,0,0,0,5.71106E+20,5.95453E+21,1.00779E+16,5.37346E+16
6569,6570,1,0,54,99,2016,11,7,2,3,6,7,2,1,0,1,1,0,0,0,5.1291E+20,6.03494E+21,9.19917E+15,5.44619E+16
6570,6571,1,0,59,45,2016,12,13,2,3,3,6,0,1,0,1,0,0,1,0,5.60421E+20,6.05731E+21,9.93664E+15,5.46596E+16
6571,6572,1,0,56,43,2016,12,17,5,2,6,7,2,0,0,1,1,0,0,0,5.54823E+20,5.94517E+21,9.82948E+15,5.36524E+16
6572,6573,2,4,2,405,2016,2,15,4,3,5,2,0,0,1,1,0,0,0,0,5.65114E+20,5.93926E+21,9.98392E+15,5.35981E+16
6573,6574,1,0,58,98,2016,11,12,4,3,2,6,0,1,0,1,0,0,1,1,5.62991E+20,6.00103E+21,9.96453E+15,5.41535E+16
6574,6575,1,0,3,0,2016,10,13,2,3,0,1,0,0,0,0,0,0,0,1,6.11893E+20,5.96846E+21,1.07011E+16,5.38526E+16
6575,6576,2,1,16,136,2016,4,14,6,3,1,6,0,0,0,1,0,0,0,0,5.6868E+20,5.92788E+21,1.00353E+16,5.34954E+16
6576,6577,1,0,3,0,2016,11,8,1,2,5,3,0,1,1,1,0,0,0,0,6.10691E+20,5.9683E+21,1.06828E+16,5.38514E+16
6577,6578,1,0,3,0,2016,12,10,7,3,4,1,0,2,0,1,0,0,0,0,6.06331E+20,5.97251E+21,1.0618E+16,5.38902E+16
6578,6579,1,0,54,113,2016,11,22,3,2,8,1,2,1,0,1,0,0,0,0,4.79551E+20,6.01683E+21,8.68578E+15,5.4299E+16
6579,6580,1,0,56,20,2016,10,19,7,3,0,1,1,0,1,0,0,0,0,0,5.4227E+20,5.94579E+21,9.63964E+15,5.36592E+16
6580,6581,1,0,3,0,2016,10,14,7,3,2,6,0,0,0,1,0,0,0,0,6.10546E+20,5.9674E+21,1.06802E+16,5.38433E+16
6581,6582,1,0,62,82,2016,11,15,2,3,8,1,0,1,0,1,0,0,0,0,5.9164E+20,5.94287E+21,1.03857E+16,5.36266E+16
6582,6583,1,0,54,106,2016,11,6,6,3,8,1,2,2,0,1,0,0,0,0,5.08321E+20,6.03352E+21,9.12832E+15,5.44493E+16
6583,6584,1,0,58,127,2016,12,8,6,2,8,1,0,0,0,1,0,0,0,0,5.40121E+20,6.02852E+21,9.61806E+15,5.44029E+16
6584,6585,1,0,53,6,2016,10,16,1,3,2,7,0,1,0,1,0,0,0,0,6.0423E+20,5.92055E+21,1.05686E+16,5.34237E+16
6585,6586,1,0,60,63,2016,11,17,4,3,5,3,1,1,0,1,0,0,1,0,5.65696E+20,5.95597E+21,9.99625E+15,5.37482E+16
6586,6587,1,0,59,18,2016,12,7,5,3,2,6,2,1,0,1,0,0,0,1,5.35351E+20,6.03667E+21,9.54555E+15,5.44765E+16
6587,6588,1,0,58,58,2016,10,9,6,3,2,6,0,0,0,1,0,0,0,1,5.64196E+20,6.03013E+21,9.98922E+15,5.44148E+16
6588,6589,2,2,5,216,2016,1,7,1,3,2,6,1,2,0,1,0,0,0,0,5.59619E+20,5.93549E+21,9.90018E+15,5.35649E+16
6589,6590,2,4,8,418,2016,3,14,6,3,6,7,0,0,1,0,1,0,0,0,5.67468E+20,5.93726E+21,1.0019E+16,5.35798E+16
6590,6591,1,0,2,0,2016,9,22,6,3,5,2,2,1,1,1,0,0,0,0,5.72978E+20,6.02103E+21,1.01223E+16,5.43319E+16
6591,6592,1,0,58,140,2016,11,16,3,3,2,6,0,0,0,1,0,0,0,1,5.46687E+20,6.01682E+21,9.71736E+15,5.42972E+16
6592,6593,1,0,53,90,2016,12,11,1,3,4,6,0,1,0,1,0,0,0,0,6.12747E+20,5.94458E+21,1.07053E+16,5.36378E+16
6593,6594,1,0,58,83,2016,10,14,1,3,4,6,0,0,0,1,0,1,0,0,5.45763E+20,6.03359E+21,9.70574E+15,5.44479E+16
6594,6595,1,0,51,62,2016,9,21,5,3,9,1,2,1,0,1,0,0,0,0,4.97684E+20,5.98201E+21,8.96468E+15,5.39864E+16
6595,6596,2,3,9,321,2016,2,15,6,3,0,7,0,0,0,0,0,1,0,0,5.61359E+20,5.93868E+21,9.92706E+15,5.35933E+16
6596,6597,1,0,2,0,2016,10,12,5,3,2,6,0,1,0,1,0,0,0,0,5.73926E+20,6.02786E+21,1.01386E+16,5.43931E+16
6597,6598,1,0,3,0,2016,12,15,6,3,5,2,0,0,1,1,0,0,0,0,6.10124E+20,5.96991E+21,1.06747E+16,5.3866E+16
6598,6599,1,0,62,16,2016,11,12,6,3,8,1,0,1,0,1,0,0,0,0,5.81885E+20,5.95981E+21,1.02427E+16,5.37805E+16
6599,6600,1,0,58,43,2016,11,5,1,3,9,1,2,2,0,1,0,0,0,0,5.52728E+20,6.03762E+21,9.81386E+15,5.44835E+16
6600,6601,1,0,59,10,2016,11,9,2,3,2,6,0,0,0,1,0,0,1,0,5.30313E+20,6.04766E+21,9.46894E+15,5.45755E+16
6601,6602,1,0,61,18,2016,11,20,4,3,1,5,2,0,0,1,0,1,0,0,5.20587E+20,5.96875E+21,9.31307E+15,5.38668E+16
6602,6603,1,0,55,1,2016,12,16,4,2,5,3,2,0,0,1,0,0,0,0,6.05405E+20,5.98838E+21,1.06094E+16,5.40329E+16
6603,6604,1,0,61,46,2016,10,16,1,3,0,3,0,1,1,1,0,0,0,0,5.3318E+20,5.97605E+21,9.50535E+15,5.39318E+16
6604,6605,1,0,51,11,2016,12,16,3,3,1,1,2,0,0,1,0,0,0,0,5.09781E+20,5.97242E+21,9.14886E+15,5.39002E+16
6605,6606,2,4,2,405,2016,1,23,4,3,1,2,2,1,0,1,0,0,0,0,5.65642E+20,5.93868E+21,9.99177E+15,5.35928E+16
6606,6607,2,3,6,318,2016,3,13,7,3,5,2,0,1,1,1,0,0,0,0,5.62842E+20,5.94142E+21,9.95003E+15,5.36178E+16
6607,6608,1,0,3,0,2016,10,15,2,3,5,2,0,0,1,0,0,0,1,0,6.14716E+20,5.96809E+21,1.07438E+16,5.38487E+16
6608,6609,1,0,57,78,2016,11,10,1,2,5,3,0,1,0,1,0,0,0,0,5.92285E+20,6.02838E+21,1.04214E+16,5.43948E+16
6609,6610,1,0,3,0,2016,10,17,6,3,5,3,1,0,0,1,0,0,0,1,6.09034E+20,5.97194E+21,1.06589E+16,5.38844E+16
6610,6611,1,0,4,0,2016,10,9,3,3,2,6,0,1,0,1,0,0,0,0,5.64526E+20,5.99241E+21,9.98619E+15,5.40759E+16
6611,6612,1,0,60,101,2016,10,13,2,3,5,3,0,0,0,1,0,0,0,0,5.80158E+20,5.97585E+21,1.02207E+16,5.39249E+16
6612,6613,1,0,62,56,2016,12,5,5,3,3,6,2,0,0,1,0,0,0,1,5.91157E+20,5.95801E+21,1.03829E+16,5.37627E+16
6613,6614,1,0,59,92,2016,10,8,5,3,9,1,0,1,0,1,0,0,0,0,5.21315E+20,6.04251E+21,9.32938E+15,5.45297E+16
6614,6615,1,0,54,109,2016,9,17,5,3,9,1,0,1,0,1,0,0,0,0,4.92548E+20,6.06566E+21,8.88426E+15,5.47382E+16
6615,6616,1,0,53,47,2016,11,13,1,3,5,3,0,0,0,1,0,0,0,0,5.99015E+20,5.92251E+21,1.04907E+16,5.34423E+16
6616,6617,1,0,4,0,2016,12,15,5,3,4,7,1,1,1,0,0,0,0,0,5.64512E+20,5.99208E+21,9.98591E+15,5.40729E+16
6617,6618,1,0,60,47,2016,10,16,4,3,5,3,0,0,1,1,0,0,0,0,5.66171E+20,5.96229E+21,1.00048E+16,5.38049E+16
6618,6619,1,0,59,44,2016,11,8,7,3,8,1,0,2,0,1,0,0,0,0,5.27875E+20,6.04574E+21,9.43104E+15,5.45584E+16
6619,6620,1,0,57,91,2016,10,9,3,3,2,6,0,0,0,1,0,0,1,0,5.80084E+20,6.01623E+21,1.02303E+16,5.42877E+16
6620,6621,1,0,58,86,2016,11,6,3,3,8,6,2,1,0,1,0,0,1,0,5.44072E+20,6.00938E+21,9.67609E+15,5.42305E+16
6621,6622,1,0,1,0,2016,12,4,3,3,5,3,2,0,1,1,0,0,0,0,5.27053E+20,6.06897E+21,9.42049E+15,5.47673E+16
6622,6623,1,0,3,0,2016,10,12,7,3,2,6,0,1,0,1,0,0,0,0,6.09449E+20,5.97089E+21,1.06648E+16,5.3875E+16
6623,6624,1,0,53,32,2016,12,7,6,3,6,2,1,1,0,1,1,0,0,0,5.90898E+20,5.92181E+21,1.03684E+16,5.34375E+16
6624,6625,2,2,6,218,2016,2,10,4,3,2,6,0,1,0,1,0,0,0,0,5.58193E+20,5.93597E+21,9.87873E+15,5.35693E+16
6625,6626,1,0,60,39,2016,10,8,5,2,5,3,0,0,1,1,0,0,0,0,5.64481E+20,5.9589E+21,9.97844E+15,5.37747E+16
6626,6627,1,0,59,183,2016,11,15,5,3,5,3,0,1,0,1,0,0,0,1,5.21095E+20,6.07036E+21,9.32798E+15,5.478E+16
6627,6628,1,0,56,49,2016,10,15,4,3,2,6,0,0,0,1,0,0,0,0,5.4561E+20,5.94923E+21,9.6907E+15,5.36898E+16
6628,6629,1,0,60,10,2016,10,23,3,2,9,1,2,1,0,1,0,0,0,0,5.8607E+20,5.98691E+21,1.03138E+16,5.40232E+16
6629,6630,1,0,59,183,2016,10,13,7,3,2,6,0,1,0,1,0,0,0,0,5.22214E+20,6.06954E+21,9.34532E+15,5.47726E+16
6630,6631,1,0,2,0,2016,10,13,3,3,2,6,0,1,0,1,0,0,0,0,5.72093E+20,6.02239E+21,1.0109E+16,5.43442E+16
6631,6632,2,1,12,130,2016,4,15,2,3,2,6,0,0,0,1,0,0,0,0,5.74514E+20,5.93593E+21,1.01251E+16,5.35669E+16
6632,6633,1,0,56,15,2016,9,6,3,3,4,6,2,0,1,0,0,0,0,0,5.43647E+20,5.95879E+21,9.66232E+15,5.37759E+16
6633,6634,1,0,59,183,2016,12,18,2,1,5,3,2,1,0,1,0,1,0,0,5.22404E+20,6.06958E+21,9.34827E+15,5.47729E+16
6634,6635,1,0,3,0,2016,10,7,7,2,3,2,1,1,1,0,0,0,0,0,6.12018E+20,5.9683E+21,1.07029E+16,5.38511E+16
6635,6636,1,0,51,1,2016,11,16,3,3,2,6,2,1,0,1,0,0,0,0,5.18564E+20,5.99976E+21,9.2842E+15,5.41456E+16
6636,6637,1,0,51,44,2016,11,9,3,3,5,3,0,1,1,1,0,0,0,0,5.06577E+20,6.00598E+21,9.10082E+15,5.42018E+16
6637,6638,1,0,61,36,2016,11,5,6,3,8,1,2,2,0,1,0,0,0,0,5.47373E+20,5.98614E+21,9.72309E+15,5.40214E+16
6638,6639,1,0,57,62,2016,12,10,1,2,4,6,0,1,0,1,0,0,0,0,5.82985E+20,6.01126E+21,1.02734E+16,5.42426E+16
6639,6640,1,0,2,0,2016,12,7,3,3,2,6,0,0,0,1,0,0,0,0,5.70471E+20,6.01894E+21,1.00833E+16,5.43135E+16
6640,6641,1,0,58,144,2016,11,17,6,3,2,6,2,0,0,1,0,0,1,0,5.62859E+20,6.00217E+21,9.96276E+15,5.41638E+16
6641,6642,1,0,2,0,2016,12,16,6,3,0,7,2,1,0,0,0,1,0,0,5.73978E+20,6.02778E+21,1.01394E+16,5.43924E+16
6642,6643,1,0,61,71,2016,10,15,6,3,2,6,0,0,0,1,0,0,0,0,5.43635E+20,5.97898E+21,9.665E+15,5.39573E+16
6643,6644,2,1,16,136,2016,1,14,6,3,3,6,0,0,0,1,0,0,0,0,5.68721E+20,5.92801E+21,1.00359E+16,5.34965E+16
6644,6645,1,0,61,46,2016,11,12,5,3,4,2,0,1,0,1,0,0,0,0,5.34015E+20,5.97601E+21,9.51808E+15,5.39313E+16
6645,6646,1,0,60,49,2016,12,12,2,2,5,3,0,1,0,1,0,0,0,0,5.86513E+20,5.97985E+21,1.03186E+16,5.39598E+16
6646,6647,1,0,57,47,2016,12,16,1,2,4,6,1,1,0,1,0,0,0,0,5.78483E+20,6.00401E+21,1.02025E+16,5.41782E+16
6647,6648,1,0,2,0,2016,12,0,5,2,5,2,2,0,0,1,0,0,0,0,5.7378E+20,6.02057E+21,1.01345E+16,5.43276E+16
6648,6649,2,1,6,117,2016,2,11,7,3,3,6,0,0,0,1,0,0,0,0,5.67949E+20,5.9342E+21,1.00257E+16,5.35523E+16
6649,6650,1,0,3,0,2016,11,16,3,3,5,3,2,1,0,1,0,0,0,0,6.10003E+20,5.97148E+21,1.06734E+16,5.38801E+16
6650,6651,1,0,57,4,2016,12,15,7,3,8,6,0,1,0,1,0,0,0,1,6.04139E+20,6.02237E+21,1.06018E+16,5.43386E+16
6651,6652,2,1,16,136,2016,3,6,3,3,3,6,0,0,0,1,0,0,1,0,5.68419E+20,5.92734E+21,1.00312E+16,5.34906E+16
6652,6653,1,0,56,18,2016,11,10,7,3,5,2,0,1,1,1,0,0,0,0,5.55107E+20,5.94233E+21,9.83327E+15,5.36269E+16
6653,6654,1,0,56,50,2016,10,15,1,3,3,6,0,0,1,1,0,0,0,0,5.45726E+20,5.93785E+21,9.69077E+15,5.35875E+16
6654,6655,1,0,3,0,2016,11,7,2,3,0,1,1,1,1,0,0,0,0,0,6.13332E+20,5.96531E+21,1.07218E+16,5.38239E+16
6655,6656,1,0,56,4,2016,9,16,6,3,2,6,0,0,0,1,0,0,0,1,5.57335E+20,5.95823E+21,9.8699E+15,5.37696E+16
6656,6657,1,0,57,25,2016,11,19,2,2,5,2,2,0,1,1,0,0,0,0,5.78173E+20,6.02501E+21,1.02032E+16,5.43669E+16
6657,6658,1,0,51,53,2016,11,14,5,3,8,1,0,0,0,1,0,0,0,0,5.14331E+20,6.01563E+21,9.22015E+15,5.42884E+16
6658,6659,1,0,58,169,2016,12,10,5,2,5,3,0,0,0,1,0,0,1,0,5.60266E+20,5.99171E+21,9.92095E+15,5.40701E+16
6659,6660,1,0,2,0,2016,10,20,1,3,8,1,2,1,0,1,0,0,0,0,5.72838E+20,6.01804E+21,1.01194E+16,5.43051E+16
6660,6661,1,0,3,0,2016,9,15,3,2,0,7,0,0,0,1,0,0,0,0,6.06674E+20,5.96961E+21,1.06222E+16,5.3864E+16
6661,6662,1,0,55,4,2016,10,8,5,2,6,4,0,1,0,0,1,0,1,0,6.09954E+20,5.97433E+21,1.06737E+16,5.39058E+16
6662,6663,1,0,58,78,2016,10,7,3,3,8,1,0,1,0,0,0,1,0,0,5.31868E+20,6.01602E+21,9.48959E+15,5.42911E+16
6663,6664,1,0,56,18,2016,9,23,3,3,5,3,2,0,0,1,0,0,0,0,5.57496E+20,5.94246E+21,9.86942E+15,5.36278E+16
6664,6665,1,0,2,0,2016,12,7,2,3,2,6,2,1,0,1,0,0,0,0,5.74152E+20,6.01775E+21,1.01395E+16,5.43023E+16
6665,6666,1,0,53,97,2016,10,17,7,3,0,6,2,1,1,1,0,0,0,0,6.0693E+20,5.94728E+21,1.06183E+16,5.36633E+16
6666,6667,1,0,62,86,2016,11,15,4,3,5,6,1,1,0,1,0,0,0,0,5.87486E+20,5.93615E+21,1.0321E+16,5.35669E+16
6667,6668,1,0,56,41,2016,11,12,4,3,8,1,0,2,0,1,0,0,0,0,5.6252E+20,5.95528E+21,9.94795E+15,5.37424E+16
6668,6669,1,0,61,31,2016,11,5,6,3,8,1,2,2,0,1,0,0,0,0,5.20032E+20,5.98561E+21,9.30573E+15,5.40184E+16
6669,6670,1,0,55,44,2016,12,17,1,2,6,4,2,0,0,1,1,0,0,0,6.15897E+20,5.98604E+21,1.07686E+16,5.40097E+16
6670,6671,1,0,4,0,2016,12,8,3,3,5,3,0,0,0,1,0,0,0,1,5.64519E+20,5.99239E+21,9.98608E+15,5.40757E+16
6671,6672,1,0,62,56,2016,11,13,6,3,2,7,0,0,0,1,0,0,1,0,5.91545E+20,5.95842E+21,1.03888E+16,5.37663E+16
6672,6673,1,0,4,0,2016,12,21,6,2,0,1,2,1,1,0,0,0,0,0,5.63571E+20,5.99183E+21,9.97149E+15,5.40708E+16
6673,6674,1,0,2,0,2016,10,20,7,3,3,6,2,1,0,1,0,0,1,0,5.72159E+20,6.01889E+21,1.01092E+16,5.43128E+16
6674,6675,2,6,11,612,2016,1,8,2,3,3,6,0,1,0,1,0,0,1,0,5.72261E+20,5.9293E+21,1.00896E+16,5.35077E+16
6675,6676,1,0,1,0,2016,11,17,6,3,5,3,2,1,1,1,0,0,0,0,5.25495E+20,6.06841E+21,9.39622E+15,5.47623E+16
6676,6677,1,0,58,135,2016,12,13,3,3,5,3,0,0,0,1,0,0,0,0,5.42842E+20,6.0179E+21,9.65845E+15,5.43072E+16
6677,6678,1,0,61,22,2016,12,13,2,3,3,6,0,0,0,1,0,0,0,0,5.33986E+20,5.97192E+21,9.51717E+15,5.38946E+16
6678,6679,1,0,3,0,2016,12,22,5,3,0,7,2,0,1,0,0,0,0,0,6.10338E+20,5.96645E+21,1.06767E+16,5.38348E+16
6679,6680,2,1,8,124,2016,2,8,1,3,6,2,0,2,0,1,1,0,0,0,5.68946E+20,5.93427E+21,1.00407E+16,5.35528E+16
6680,6681,1,0,60,75,2016,11,17,3,3,2,6,2,1,0,1,0,0,0,1,5.93193E+20,5.99211E+21,1.04241E+16,5.40687E+16
6681,6682,1,0,55,28,2016,10,16,2,3,2,6,0,1,0,1,0,0,0,0,6.01866E+20,6.00307E+21,1.05603E+16,5.41656E+16
6682,6683,2,2,5,217,2016,3,19,5,3,2,6,2,0,0,1,0,0,0,0,5.58286E+20,5.93592E+21,9.88013E+15,5.35689E+16
6683,6684,1,0,54,144,2016,11,3,1,3,8,1,2,2,0,1,0,0,0,0,5.07615E+20,6.04586E+21,9.11776E+15,5.45602E+16
6684,6685,1,0,4,0,2016,12,16,7,3,5,3,1,1,1,1,0,0,0,0,5.64779E+20,5.99163E+21,9.98989E+15,5.40688E+16
6685,6686,1,0,56,32,2016,10,17,1,3,5,3,0,1,1,1,0,0,0,0,5.52338E+20,5.9487E+21,9.79248E+15,5.36844E+16
6686,6687,1,0,61,62,2016,11,14,2,3,2,6,0,0,0,1,0,0,0,0,5.26206E+20,5.97475E+21,9.39903E+15,5.39205E+16