FID,OBJECTID,ULAND,UREGBEZ,UKREIS,UGEMEINDE,UJAHR,UMONAT,USTUNDE,UWOCHENTAG,UKATEGORIE,UART,UTYP1,ULICHTVERH,IstStrasse,IstRad,IstPKW,IstFuss,IstKrad,IstGkfz,IstSonstig,LINREFX,LINREFY,XGCSWGS84,YGCSWGS84
6871,6872,1,0,3,0,2016,12,13,4,3,5,3,0,0,1,1,0,0,0,0,6.11296E+20,5.971E+21,1.06929E+16,5.38756E+16
6872,6873,2,3,9,321,2016,1,13,7,3,2,6,0,0,0,1,0,0,0,0,5.61819E+20,5.93754E+21,9.93379E+15,5.3583E+16
6873,6874,2,6,2,603,2016,3,15,3,3,5,3,0,0,1,1,0,0,0,0,5.80838E+20,5.92716E+21,1.02183E+16,5.34872E+16
6874,6875,1,0,60,58,2016,10,11,2,2,8,7,0,1,0,1,0,0,0,0,5.75615E+20,5.96199E+21,1.01481E+16,5.38009E+16
6875,6876,1,0,58,38,2016,12,19,7,3,8,1,2,2,0,1,0,0,0,0,5.62549E+20,6.00339E+21,9.95825E+15,5.41747E+16
6876,6877,1,0,2,0,2016,10,17,7,3,0,1,0,0,1,0,0,0,0,0,5.72254E+20,6.0183E+21,1.01105E+16,5.43075E+16
6877,6878,1,0,2,0,2016,10,16,4,2,0,7,0,0,1,0,0,0,0,0,5.7314E+20,6.02171E+21,1.01249E+16,5.4338E+16
6878,6879,1,0,56,21,2016,10,9,3,2,8,1,0,0,0,1,0,0,0,0,5.59026E+20,5.95027E+21,9.89403E+15,5.36978E+16
6879,6880,1,0,3,0,2016,12,15,5,3,6,4,0,1,0,1,1,0,0,0,6.13026E+20,5.96982E+21,1.07188E+16,5.38645E+16
6880,6881,1,0,61,18,2016,9,7,4,3,1,1,0,0,0,1,0,0,0,1,5.21473E+20,5.96823E+21,9.32651E+15,5.38621E+16
6881,6882,1,0,1,0,2016,12,15,6,3,0,7,0,1,0,1,0,0,0,0,5.27237E+20,6.07314E+21,9.42373E+15,5.48046E+16
6882,6883,1,0,3,0,2016,10,7,5,3,2,6,0,0,0,1,0,0,0,0,6.10857E+20,5.96743E+21,1.0685E+16,5.38435E+16
6883,6884,1,0,56,1,2016,11,7,5,3,0,1,2,1,1,0,0,0,0,0,5.48814E+20,5.94597E+21,9.73869E+15,5.36602E+16
6884,6885,1,0,55,39,2016,11,7,7,3,8,1,0,2,0,1,0,0,0,0,6.15429E+20,5.99535E+21,1.0765E+16,5.40934E+16
6885,6886,1,0,60,44,2016,11,11,3,3,2,7,0,0,0,1,0,0,0,0,5.63864E+20,5.96335E+21,9.97E+15,5.38147E+16
6886,6887,1,0,53,123,2016,12,16,3,3,5,3,1,1,0,1,0,0,0,0,6.2188E+20,5.94387E+21,1.08431E+16,5.36294E+16
6887,6888,1,0,58,135,2016,10,4,1,3,8,1,2,1,0,1,0,0,0,0,5.42688E+20,6.01605E+21,9.65581E+15,5.42905E+16
6888,6889,1,0,55,39,2016,10,9,6,3,0,1,0,1,0,1,0,0,0,0,6.1621E+20,5.99541E+21,1.07769E+16,5.40938E+16
6889,6890,1,0,57,62,2016,12,20,3,3,0,1,2,1,1,0,0,0,0,0,5.83505E+20,6.01013E+21,1.02811E+16,5.42324E+16
6890,6891,1,0,56,48,2016,12,16,7,3,2,6,1,1,0,1,0,0,0,0,5.50872E+20,5.95113E+21,9.77068E+15,5.37063E+16
6891,6892,2,3,7,319,2016,2,13,6,3,2,6,0,1,0,1,0,0,0,0,5.6078E+20,5.94214E+21,9.919E+15,5.36245E+16
6892,6893,1,0,62,21,2016,11,9,5,3,8,7,0,1,0,1,0,0,0,0,5.91917E+20,5.94405E+21,1.03902E+16,5.36371E+16
6893,6894,1,0,54,56,2016,10,19,4,2,5,3,2,1,1,1,0,0,0,0,5.0324E+20,6.03612E+21,9.05E+15,5.44728E+16
6894,6895,1,0,51,36,2016,10,9,5,2,8,7,0,0,0,0,0,0,1,0,5.14733E+20,6.01341E+21,9.22622E+15,5.42684E+16
6895,6896,1,0,56,39,2016,12,16,2,3,5,2,2,0,1,1,0,0,0,0,5.52378E+20,5.94636E+21,9.79269E+15,5.36634E+16
6896,6897,1,0,3,0,2016,10,13,1,3,2,6,0,1,0,1,0,1,0,0,6.12762E+20,5.97005E+21,1.07149E+16,5.38667E+16
6897,6898,1,0,2,0,2016,11,5,4,3,5,3,2,1,0,1,0,0,0,0,5.76262E+20,6.0172E+21,1.01718E+16,5.4297E+16
6898,6899,1,0,3,0,2016,11,14,4,3,2,6,0,1,0,1,0,0,0,0,6.12829E+20,5.96648E+21,1.07146E+16,5.38346E+16
6899,6900,1,0,57,58,2016,11,12,7,3,5,3,0,1,0,1,0,0,0,0,5.81417E+20,6.0109E+21,1.02493E+16,5.42396E+16
6900,6901,1,0,59,73,2016,12,16,4,3,4,6,1,0,0,1,0,0,0,0,5.38761E+20,6.04299E+21,9.599E+15,5.4533E+16
6901,6902,1,0,2,0,2016,11,19,6,3,4,3,2,0,0,1,0,0,0,0,5.75494E+20,6.01938E+21,1.01606E+16,5.43167E+16
6902,6903,1,0,56,41,2016,12,14,6,1,5,2,0,0,0,0,0,1,0,1,5.63231E+20,5.95513E+21,9.95871E+15,5.3741E+16
6903,6904,2,1,8,125,2016,1,23,4,3,9,1,2,1,0,1,0,0,0,0,5.70167E+20,5.93408E+21,1.00591E+16,5.35509E+16
6904,6905,1,0,55,43,2016,11,5,6,3,7,7,2,1,0,1,0,0,0,0,6.16266E+20,6.01763E+21,1.07864E+16,5.42934E+16
6905,6906,1,0,1,0,2016,12,22,4,3,9,1,2,1,0,1,0,0,0,0,5.27986E+20,6.06786E+21,9.43487E+15,5.47572E+16
6906,6907,1,0,58,107,2016,11,10,2,3,3,6,0,1,0,1,0,0,1,0,5.70445E+20,6.01464E+21,1.00818E+16,5.42748E+16
6907,6908,1,0,2,0,2016,12,8,2,3,6,4,0,0,0,1,1,0,0,0,5.75118E+20,6.02693E+21,1.01567E+16,5.43846E+16
6908,6909,1,0,59,184,2016,12,3,6,2,8,1,2,2,0,1,0,0,0,0,5.25736E+20,6.0634E+21,9.39952E+15,5.47172E+16
6909,6910,2,7,14,715,2016,2,17,4,3,2,6,1,0,0,1,0,0,0,0,5.57661E+20,5.92509E+21,9.8687E+15,5.34717E+16
6910,6911,1,0,57,26,2016,11,16,4,3,5,3,2,1,0,1,0,0,0,0,6.04224E+20,6.01703E+21,1.06012E+16,5.42905E+16
6911,6912,1,0,53,116,2016,10,19,2,3,4,6,2,1,0,1,0,0,0,1,5.97544E+20,5.92905E+21,1.04706E+16,5.35014E+16
6912,6913,2,4,2,403,2016,4,13,1,3,2,6,0,0,0,1,0,0,0,0,5.64717E+20,5.93809E+21,9.97768E+15,5.35876E+16
6913,6914,1,0,59,159,2016,11,17,2,3,5,3,2,1,0,1,0,0,0,0,5.29702E+20,6.05478E+21,9.46021E+15,5.46395E+16
6914,6915,1,0,60,94,2016,12,8,7,3,4,1,0,2,0,1,0,0,0,1,5.70503E+20,5.95943E+21,1.00699E+16,5.37787E+16
6915,6916,1,0,2,0,2016,11,10,3,3,1,5,0,2,0,1,0,0,0,0,5.73883E+20,6.01523E+21,1.01348E+16,5.42797E+16
6916,6917,1,0,51,110,2016,10,6,7,1,8,1,2,1,0,1,0,0,0,0,5.14381E+20,5.98894E+21,9.21965E+15,5.40485E+16
6917,6918,1,0,51,74,2016,11,7,2,3,5,2,1,1,1,1,0,0,0,0,5.06106E+20,5.99345E+21,9.09335E+15,5.40892E+16
6918,6919,1,0,2,0,2016,11,13,6,3,5,2,0,0,1,1,0,0,0,0,5.7331E+20,6.02012E+21,1.01272E+16,5.43237E+16
6919,6920,1,0,3,0,2016,12,15,6,3,0,3,0,0,0,1,0,1,0,0,6.08064E+20,5.96809E+21,1.06428E+16,5.38501E+16
6920,6921,1,0,1,0,2016,12,8,2,3,5,3,1,0,0,1,0,1,0,0,5.26953E+20,6.07227E+21,9.41923E+15,5.47968E+16
6921,6922,1,0,61,104,2016,10,16,1,2,5,2,0,1,0,1,0,0,0,0,5.37834E+20,5.96628E+21,9.57503E+15,5.38437E+16
6922,6923,1,0,56,48,2016,11,17,4,3,1,3,1,1,1,1,0,0,0,0,5.4792E+20,5.94898E+21,9.72563E+15,5.36873E+16
6923,6924,1,0,2,0,2016,12,17,5,3,3,6,2,1,0,1,0,1,0,0,5.73676E+20,6.02126E+21,1.01331E+16,5.43338E+16
6924,6925,1,0,58,58,2016,10,14,6,3,4,6,0,0,1,0,0,0,0,0,5.63213E+20,6.02879E+21,9.97379E+15,5.44029E+16
6925,6926,2,1,16,136,2016,1,17,2,3,3,6,2,0,0,1,0,0,1,0,5.70087E+20,5.92945E+21,1.00568E+16,5.35093E+16
6926,6927,2,1,4,111,2016,3,15,7,3,5,3,0,0,1,1,0,0,0,0,5.63892E+20,5.93452E+21,9.96449E+15,5.35556E+16
6927,6928,1,0,4,0,2016,9,19,6,3,5,3,2,0,0,1,0,0,0,0,5.67119E+20,5.98935E+21,1.00251E+16,5.4048E+16
6928,6929,1,0,58,34,2016,11,16,3,3,5,2,0,1,1,1,0,0,0,0,5.43166E+20,6.01822E+21,9.66347E+15,5.431E+16
6929,6930,1,0,1,0,2016,10,15,2,3,5,3,0,0,1,1,0,0,0,0,5.26003E+20,6.06742E+21,9.40403E+15,5.47533E+16
6930,6931,1,0,3,0,2016,11,17,4,3,6,4,2,1,1,0,1,0,0,0,6.09286E+20,5.97037E+21,1.06621E+16,5.38703E+16
6931,6932,1,0,61,46,2016,11,17,4,3,5,2,2,1,1,1,0,0,0,0,5.3467E+20,5.97508E+21,9.52795E+15,5.3923E+16
6932,6933,1,0,3,0,2016,11,10,7,3,2,6,0,0,0,1,0,0,0,0,6.10448E+20,5.96724E+21,1.06787E+16,5.38419E+16
6933,6934,1,0,58,53,2016,12,7,4,3,2,6,2,0,0,1,0,0,0,0,5.70697E+20,6.01307E+21,1.00853E+16,5.42606E+16
6934,6935,1,0,3,0,2016,11,16,6,3,0,4,0,1,1,0,1,0,0,0,6.14263E+20,5.97059E+21,1.07379E+16,5.38712E+16
6935,6936,1,0,59,103,2016,12,18,7,3,5,3,2,1,0,1,0,0,0,0,5.36981E+20,6.06569E+21,9.57436E+15,5.47371E+16
6936,6937,2,1,16,136,2016,1,15,5,3,2,6,0,0,0,1,0,0,0,1,5.68801E+20,5.92913E+21,1.00374E+16,5.35066E+16
6937,6938,1,0,62,1,2016,11,7,6,3,0,3,2,1,1,1,0,0,0,0,5.81959E+20,5.94946E+21,1.02411E+16,5.36874E+16
6938,6939,1,0,62,1,2016,12,11,4,3,2,6,0,0,1,1,0,0,1,0,5.82042E+20,5.94774E+21,1.02419E+16,5.3672E+16
6939,6940,1,0,53,100,2016,11,7,2,3,5,3,1,0,1,1,0,0,0,0,6.16962E+20,5.9515E+21,1.07717E+16,5.36991E+16
6940,6941,1,0,4,0,2016,12,14,2,3,5,3,0,0,0,1,0,0,0,1,5.62397E+20,5.9907E+21,9.95331E+15,5.40607E+16
6941,6942,1,0,2,0,2016,12,12,6,3,5,3,0,0,0,1,0,0,0,0,5.75969E+20,6.02007E+21,1.0168E+16,5.43229E+16
6942,6943,2,1,16,136,2016,2,7,6,3,3,6,0,1,0,1,0,0,1,0,5.7015E+20,5.92945E+21,1.00578E+16,5.35093E+16
6943,6944,1,0,59,145,2016,10,11,5,2,5,3,0,0,0,1,0,0,0,0,5.37011E+20,6.07343E+21,9.57582E+15,5.48067E+16
6944,6945,1,0,3,0,2016,11,8,4,3,3,6,0,1,0,1,0,0,1,0,6.16891E+20,5.97451E+21,1.07793E+16,5.39058E+16
6945,6946,1,0,1,0,2016,10,12,4,2,5,2,0,0,1,1,0,0,0,0,5.26441E+20,6.07208E+21,9.41125E+15,5.47952E+16
6946,6947,1,0,60,46,2016,10,17,2,3,2,6,0,1,0,1,0,0,0,0,5.7431E+20,5.95642E+21,1.01269E+16,5.37511E+16
6947,6948,2,3,1,306,2016,4,16,3,3,5,2,0,1,1,1,0,0,0,0,5.63299E+20,5.93616E+21,9.95586E+15,5.35704E+16
6948,6949,1,0,2,0,2016,11,11,2,3,5,3,0,0,1,1,0,0,0,0,5.7371E+20,6.02186E+21,1.01338E+16,5.43392E+16
6949,6950,1,0,51,11,2016,12,18,7,3,5,3,2,0,1,1,0,0,0,0,5.09516E+20,5.97214E+21,9.14482E+15,5.38976E+16
6950,6951,1,0,55,44,2016,11,17,4,3,3,6,2,0,0,1,0,0,0,1,6.13207E+20,5.98982E+21,1.0729E+16,5.40442E+16
6951,6952,1,0,58,47,2016,11,7,3,2,8,1,0,2,0,1,0,0,0,0,5.366E+20,6.01386E+21,9.56202E+15,5.42714E+16
6952,6953,1,0,1,0,2016,10,14,1,3,5,3,0,0,0,1,0,1,0,0,5.27199E+20,6.07333E+21,9.42317E+15,5.48064E+16
6953,6954,1,0,59,42,2016,11,14,3,3,5,3,0,0,0,1,0,0,0,0,5.31962E+20,6.04786E+21,9.49447E+15,5.45772E+16
6954,6955,1,0,58,77,2016,11,6,6,3,4,6,2,2,0,0,0,0,1,0,5.45114E+20,5.99309E+21,9.68964E+15,5.4084E+16
6955,6956,1,0,60,97,2016,12,17,6,3,8,1,2,0,0,1,0,0,0,0,5.9225E+20,5.98317E+21,1.0407E+16,5.39886E+16
6956,6957,1,0,2,0,2016,12,16,2,3,2,6,1,0,0,1,0,0,0,0,5.75513E+20,6.01941E+21,1.01609E+16,5.43169E+16
6957,6958,1,0,1,0,2016,10,12,2,3,2,6,0,0,0,1,0,0,0,1,5.27554E+20,6.06845E+21,9.42822E+15,5.47625E+16
6958,6959,1,0,3,0,2016,11,7,5,3,3,6,0,1,1,1,0,0,0,0,6.10686E+20,5.96387E+21,1.06811E+16,5.38116E+16
6959,6960,1,0,3,0,2016,12,12,5,3,5,2,0,0,0,1,0,1,0,0,6.1085E+20,5.96788E+21,1.0685E+16,5.38476E+16
6960,6961,1,0,55,32,2016,10,11,6,3,2,2,0,1,0,1,0,0,0,0,6.18856E+20,5.99683E+21,1.08179E+16,5.41059E+16
6961,6962,2,2,5,216,2016,1,20,3,3,4,2,2,1,0,1,0,0,0,0,5.59539E+20,5.93552E+21,9.89898E+15,5.35652E+16
6962,6963,2,1,3,106,2016,3,18,3,3,2,6,2,0,0,1,0,0,0,0,5.64264E+20,5.93397E+21,9.96998E+15,5.35507E+16
6963,6964,1,0,3,0,2016,9,18,6,3,2,6,1,0,0,1,0,0,0,0,6.11218E+20,5.96589E+21,1.06899E+16,5.38297E+16
6964,6965,1,0,3,0,2016,11,12,3,3,5,3,0,1,1,1,0,0,0,0,6.11403E+20,5.97105E+21,1.06946E+16,5.38759E+16
6965,6966,1,0,3,0,2016,12,16,2,3,8,1,1,2,0,1,0,0,0,0,6.10116E+20,5.96282E+21,1.06721E+16,5.38022E+16
6966,6967,1,0,56,8,2016,10,14,1,2,0,7,0,0,0,1,0,0,0,1,5.46123E+20,5.95893E+21,9.6999E+15,5.37769E+16
6967,6968,1,0,2,0,2016,12,16,7,3,5,3,2,1,0,1,0,0,0,0,5.73004E+20,6.0197E+21,1.01224E+16,5.43199E+16
6968,6969,1,0,55,4,2016,10,15,3,3,5,2,0,0,1,1,0,0,0,0,6.11308E+20,5.97581E+21,1.06949E+16,5.39187E+16
6969,6970,2,1,7,120,2016,2,7,2,3,2,6,1,0,0,1,0,0,0,0,5.67988E+20,5.93443E+21,1.00263E+16,5.35544E+16
6970,6971,1,0,60,4,2016,11,12,2,3,2,6,0,0,0,1,0,0,0,0,5.58514E+20,5.97527E+21,9.89102E+15,5.39225E+16
6971,6972,1,0,56,36,2016,12,8,6,3,5,3,2,0,1,1,0,0,0,0,5.45485E+20,5.94646E+21,9.68839E+15,5.36649E+16
6972,6973,1,0,51,97,2016,11,20,6,2,1,5,2,1,0,1,0,0,0,0,5.0752E+20,5.9821E+21,9.11469E+15,5.39872E+16
6973,6974,1,0,54,56,2016,11,13,2,3,5,2,0,1,1,1,0,0,0,0,5.03701E+20,6.03661E+21,9.05712E+15,5.44771E+16
6974,6975,1,0,2,0,2016,11,11,2,3,5,3,0,0,1,1,0,0,0,0,5.72923E+20,6.01966E+21,1.01211E+16,5.43196E+16
6975,6976,1,0,55,12,2016,11,20,1,3,0,6,2,1,0,1,0,0,0,0,6.02098E+20,5.99929E+21,1.05626E+16,5.41316E+16
6976,6977,1,0,54,88,2016,11,12,5,3,5,2,0,0,1,1,0,0,0,0,4.88795E+20,6.07061E+21,8.82577E+15,5.47826E+16
6977,6978,1,0,56,49,2016,12,6,4,3,0,7,2,1,1,0,0,0,0,0,5.46101E+20,5.94935E+21,9.69814E+15,5.36908E+16
6978,6979,1,0,2,0,2016,10,12,2,3,9,7,0,1,0,1,0,0,0,0,5.72786E+20,6.0181E+21,1.01186E+16,5.43056E+16
6979,6980,1,0,4,0,2016,12,15,4,3,2,6,1,0,0,1,0,1,0,0,5.66654E+20,5.99021E+21,1.00182E+16,5.40558E+16
6980,6981,2,1,8,121,2016,1,10,5,3,1,2,0,2,0,1,0,0,0,0,5.68815E+20,5.93499E+21,1.00389E+16,5.35592E+16
6981,6982,2,1,12,130,2016,3,5,1,3,2,6,2,0,0,1,0,0,0,0,5.75495E+20,5.93219E+21,1.0139E+16,5.35332E+16
6982,6983,1,0,62,27,2016,10,12,2,3,5,3,0,1,0,1,0,0,0,0,5.87271E+20,5.95247E+21,1.03223E+16,5.37136E+16
6983,6984,1,0,55,11,2016,10,22,7,3,8,7,2,0,0,1,0,0,0,0,6.23075E+20,6.01433E+21,1.08896E+16,5.4262E+16
6984,6985,1,0,54,168,2016,10,11,4,3,2,6,0,0,0,1,0,0,0,0,4.57107E+20,6.0841E+21,8.33109E+15,5.49021E+16
6985,6986,1,0,3,0,2016,10,7,3,3,3,6,1,1,1,1,0,0,0,0,6.09245E+20,5.97244E+21,1.06622E+16,5.38889E+16
6986,6987,1,0,2,0,2016,12,18,5,3,2,6,2,1,0,1,0,0,0,0,5.68292E+20,6.01936E+21,1.00499E+16,5.43175E+16
6987,6988,1,0,60,43,2016,9,20,4,3,1,5,2,0,0,1,0,0,0,0,5.7628E+20,5.96278E+21,1.01584E+16,5.38079E+16
6988,6989,1,0,58,124,2016,12,11,6,2,4,1,0,1,0,1,0,0,0,0,5.46265E+20,6.01623E+21,9.71079E+15,5.42919E+16
6989,6990,1,0,4,0,2016,10,11,5,3,2,7,0,0,0,1,0,0,1,0,5.62392E+20,5.99649E+21,9.95442E+15,5.41128E+16
6990,6991,1,0,55,28,2016,11,9,5,3,9,1,0,1,0,0,0,1,0,0,6.0332E+20,6.00739E+21,1.0584E+16,5.42041E+16
6991,6992,1,0,58,54,2016,11,22,7,3,1,5,2,0,0,1,0,0,0,0,5.38771E+20,6.01715E+21,9.59578E+15,5.43007E+16
6992,6993,1,0,3,0,2016,10,14,3,3,0,6,0,0,0,1,0,1,0,0,6.10674E+20,5.96832E+21,1.06825E+16,5.38516E+16
6993,6994,1,0,53,10,2016,11,5,3,3,2,6,2,0,0,1,0,1,0,0,6.14361E+20,5.93317E+21,1.07255E+16,5.3535E+16
6994,6995,1,0,55,32,2016,12,5,3,3,5,3,2,1,1,1,0,0,0,0,6.1837E+20,5.99691E+21,1.08105E+16,5.41067E+16
6995,6996,1,0,54,95,2016,10,5,1,3,8,7,2,1,0,1,0,0,0,0,4.9496E+20,6.02767E+21,8.92237E+15,5.43967E+16
6996,6997,1,0,53,32,2016,10,7,5,3,2,6,1,1,0,1,0,0,0,1,5.89279E+20,5.92391E+21,1.03446E+16,5.34566E+16
6997,6998,1,0,3,0,2016,12,1,3,3,9,1,2,2,0,1,0,0,0,0,6.09323E+20,5.97179E+21,1.06632E+16,5.3883E+16
6998,6999,1,0,60,77,2016,12,11,6,3,8,1,0,1,0,1,0,0,0,0,5.7154E+20,5.96547E+21,1.00871E+16,5.38328E+16
6999,7000,2,3,8,320,2016,2,19,5,3,4,2,2,1,0,1,0,0,0,1,5.60071E+20,5.94167E+21,9.90819E+15,5.36204E+16
7000,7001,1,0,3,0,2016,10,19,6,3,5,2,2,1,1,1,0,0,0,0,6.12345E+20,5.96785E+21,1.07077E+16,5.3847E+16
7001,7002,1,0,55,44,2016,11,16,5,3,2,6,2,1,0,1,0,0,0,0,6.13256E+20,5.99113E+21,1.07302E+16,5.40559E+16
7002,7003,1,0,61,46,2016,10,16,3,3,2,6,0,1,0,1,0,0,0,0,5.33894E+20,5.97599E+21,9.51622E+15,5.39312E+16
7003,7004,1,0,62,60,2016,10,10,5,3,2,6,0,1,0,1,0,0,0,0,5.82919E+20,5.92978E+21,1.02504E+16,5.35105E+16
7004,7005,1,0,56,32,2016,9,14,3,3,5,2,0,0,1,1,0,0,0,0,5.52241E+20,5.94933E+21,9.79112E+15,5.36901E+16
7005,7006,1,0,3,0,2016,12,6,2,3,0,7,2,1,0,1,0,1,0,0,6.10162E+20,5.97079E+21,1.06756E+16,5.38739E+16
7006,7007,1,0,56,15,2016,10,13,7,3,2,6,0,1,0,1,0,0,0,0,5.45138E+20,5.9566E+21,9.68462E+15,5.37561E+16
7007,7008,1,0,2,0,2016,11,10,4,3,5,2,0,1,1,1,0,0,0,0,5.7329E+20,6.01925E+21,1.01267E+16,5.43158E+16
7008,7009,1,0,2,0,2016,11,12,4,3,5,2,0,0,1,0,0,0,1,0,5.72958E+20,6.01997E+21,1.01217E+16,5.43223E+16
7009,7010,1,0,58,98,2016,11,3,7,2,8,6,2,1,0,1,0,0,0,1,5.62889E+20,5.99968E+21,9.96269E+15,5.41414E+16
7010,7011,1,0,58,81,2016,12,21,2,3,2,6,2,0,0,1,0,0,0,0,5.42457E+20,6.02683E+21,9.65379E+15,5.43875E+16
7011,7012,1,0,3,0,2016,12,12,3,3,5,2,0,0,1,1,0,0,0,0,6.10141E+20,5.96993E+21,1.0675E+16,5.38662E+16
7012,7013,1,0,59,174,2016,11,13,6,3,1,6,0,1,0,1,0,0,0,0,5.2152E+20,6.06088E+21,9.33389E+15,5.46948E+16
7013,7014,1,0,53,32,2016,12,12,6,2,4,6,0,0,0,1,0,0,0,0,5.88712E+20,5.92076E+21,1.03352E+16,5.34284E+16
7014,7015,1,0,2,0,2016,10,19,7,3,6,2,2,1,0,1,1,0,0,0,5.73601E+20,6.01928E+21,1.01314E+16,5.43161E+16
7015,7016,2,1,8,124,2016,1,19,3,3,2,2,2,1,0,1,0,0,0,0,5.6929E+20,5.93424E+21,1.00459E+16,5.35525E+16
7016,7017,1,0,2,0,2016,11,14,6,3,2,6,0,0,0,1,0,0,0,0,5.72062E+20,6.01875E+21,1.01077E+16,5.43115E+16
7017,7018,1,0,53,129,2016,12,17,3,3,5,3,2,0,0,1,0,0,0,0,5.84261E+20,5.92736E+21,1.027E+16,5.34885E+16
7018,7019,1,0,59,44,2016,12,5,2,2,8,7,2,1,0,1,0,0,0,0,5.29281E+20,6.04533E+21,9.45275E+15,5.45547E+16
7019,7020,1,0,53,90,2016,12,14,5,3,2,2,0,0,0,1,0,0,0,0,6.11059E+20,5.94252E+21,1.06791E+16,5.36196E+16
7020,7021,2,6,2,602,2016,2,15,3,3,1,6,0,0,0,1,0,0,0,0,5.8043E+20,5.92711E+21,1.02122E+16,5.34868E+16
7021,7022,1,0,51,16,2016,11,14,3,3,6,4,0,1,0,1,1,0,0,0,5.17142E+20,5.98334E+21,9.26149E+15,5.39981E+16
7022,7023,1,0,55,40,2016,10,16,2,2,3,6,0,1,1,1,0,0,0,0,6.03697E+20,5.97341E+21,1.05782E+16,5.38988E+16
7023,7024,2,7,14,715,2016,3,17,5,3,2,6,0,0,0,1,0,0,0,0,5.57426E+20,5.92507E+21,9.86516E+15,5.34715E+16
7024,7025,1,0,58,166,2016,11,15,1,2,4,6,0,0,0,1,0,0,0,0,5.63754E+20,6.04624E+21,9.9859E+15,5.45597E+16
7025,7026,1,0,3,0,2016,12,10,7,3,5,3,0,1,0,1,0,0,0,0,6.11537E+20,5.96957E+21,1.06961E+16,5.38626E+16
7026,7027,1,0,51,13,2016,10,14,1,3,6,3,0,0,0,1,1,0,0,0,4.91162E+20,5.99836E+21,8.86474E+15,5.41333E+16
7027,7028,1,0,61,44,2016,11,19,3,3,2,6,2,1,0,1,0,0,0,0,5.41224E+20,5.96501E+21,9.62638E+15,5.3832E+16
7028,7029,1,0,3,0,2016,10,9,7,3,5,3,0,0,1,1,0,0,0,0,6.12352E+20,5.97198E+21,1.07093E+16,5.38841E+16
7029,7030,1,0,54,109,2016,10,17,7,2,5,3,0,0,0,1,0,0,0,0,4.90958E+20,6.06939E+21,8.85945E+15,5.47716E+16
7030,7031,1,0,53,13,2016,11,13,2,3,1,5,0,1,0,0,0,1,0,1,6.02657E+20,5.94164E+21,1.05518E+16,5.36135E+16
7031,7032,1,0,59,75,2016,11,5,6,3,8,1,2,2,0,0,0,0,1,0,5.37301E+20,6.04401E+21,9.57658E+15,5.45423E+16
7032,7033,1,0,54,116,2016,12,22,6,3,9,7,2,1,0,1,0,0,0,0,5.12509E+20,6.0289E+21,9.19272E+15,5.44077E+16
7033,7034,1,0,3,0,2016,10,15,1,3,2,6,0,1,0,1,0,0,0,0,6.12336E+20,5.97174E+21,1.0709E+16,5.38819E+16
7034,7035,1,0,53,129,2016,11,11,4,3,2,6,0,1,0,1,0,0,1,0,5.83052E+20,5.92931E+21,1.02523E+16,5.35061E+16
7035,7036,1,0,58,80,2016,9,8,3,2,5,2,0,0,1,0,0,0,0,1,5.53772E+20,6.02718E+21,9.82808E+15,5.43896E+16
7036,7037,1,0,54,76,2016,12,16,5,3,6,4,2,1,0,1,1,0,0,0,4.98084E+20,6.06954E+21,8.97021E+15,5.47731E+16
7037,7038,1,0,2,0,2016,10,3,6,3,9,1,2,1,0,1,0,0,0,0,5.72947E+20,6.01795E+21,1.01211E+16,5.43043E+16
7038,7039,2,4,7,417,2016,1,20,7,3,5,3,2,1,0,1,0,0,0,0,5.68339E+20,5.93577E+21,1.00319E+16,5.35664E+16
7039,7040,2,3,9,321,2016,3,13,4,3,2,6,0,0,0,1,0,1,0,0,5.62319E+20,5.93643E+21,9.94112E+15,5.3573E+16
7040,7041,1,0,2,0,2016,9,16,6,3,2,6,0,0,0,1,0,0,0,0,5.71428E+20,6.01762E+21,1.00976E+16,5.43015E+16
7041,7042,1,0,58,135,2016,11,7,3,3,2,6,0,1,0,1,0,0,0,0,5.43951E+20,6.01761E+21,9.67544E+15,5.43044E+16
7042,7043,1,0,2,0,2016,12,23,1,3,9,1,2,1,0,1,0,0,0,0,5.73849E+20,6.02036E+21,1.01355E+16,5.43258E+16
7043,7044,1,0,2,0,2016,10,11,1,2,6,4,0,0,0,1,1,0,0,0,5.74172E+20,6.02337E+21,1.01412E+16,5.43527E+16
7044,7045,1,0,60,44,2016,9,22,5,3,9,1,2,1,0,1,0,0,0,0,5.6334E+20,5.96712E+21,9.96281E+15,5.38487E+16
7045,7046,2,6,1,601,2016,2,16,5,3,2,6,1,1,0,1,0,0,0,0,5.77333E+20,5.93017E+21,1.01663E+16,5.35147E+16
7046,7047,1,0,59,158,2016,10,11,5,3,2,6,0,0,0,1,0,0,0,0,5.11669E+20,6.06804E+21,9.18134E+15,5.47594E+16
7047,7048,1,0,3,0,2016,12,17,6,3,5,2,2,0,0,1,0,0,0,0,6.09082E+20,5.97075E+21,1.06592E+16,5.38737E+16
7048,7049,1,0,60,44,2016,9,13,4,3,6,4,0,0,0,1,1,0,0,0,5.63063E+20,5.9658E+21,9.95833E+15,5.38369E+16
7049,7050,1,0,3,0,2016,11,17,6,3,5,3,1,1,1,1,0,0,0,0,6.12104E+20,5.9682E+21,1.07042E+16,5.38502E+16
7050,7051,1,0,2,0,2016,11,17,1,3,2,6,2,1,0,1,0,0,0,0,5.74685E+20,6.02097E+21,1.01485E+16,5.43311E+16
7051,7052,1,0,55,4,2016,11,22,2,3,3,1,2,0,0,1,0,0,1,0,6.12247E+20,5.97534E+21,1.0709E+16,5.39143E+16
7052,7053,1,0,60,58,2016,11,18,4,3,5,3,2,0,1,1,0,0,0,0,5.74751E+20,5.96051E+21,1.01346E+16,5.37878E+16
7053,7054,1,0,58,38,2016,12,17,4,3,5,2,2,0,0,1,0,0,1,0,5.61831E+20,6.00391E+21,9.94737E+15,5.41795E+16
7054,7055,1,0,56,18,2016,12,6,3,3,5,2,2,0,1,0,0,1,0,0,5.54418E+20,5.94169E+21,9.82274E+15,5.36212E+16