FID,OBJECTID,ULAND,UREGBEZ,UKREIS,UGEMEINDE,UJAHR,UMONAT,USTUNDE,UWOCHENTAG,UKATEGORIE,UART,UTYP1,ULICHTVERH,IstStrasse,IstRad,IstPKW,IstFuss,IstKrad,IstGkfz,IstSonstig,LINREFX,LINREFY,XGCSWGS84,YGCSWGS84
7055,7056,2,2,3,209,2016,1,9,2,3,3,6,0,2,0,1,0,0,1,0,5.62807E+20,5.93525E+21,9.94826E+15,5.35624E+16
7056,7057,2,4,6,415,2016,3,18,6,2,5,3,2,0,1,1,0,0,0,0,5.68258E+20,5.93588E+21,1.00307E+16,5.35673E+16
7057,7058,1,0,57,70,2016,10,9,2,2,5,3,0,1,0,1,0,0,0,0,5.86192E+20,6.0083E+21,1.03218E+16,5.42154E+16
7058,7059,1,0,54,128,2016,11,19,1,3,5,3,2,0,0,1,0,0,0,0,4.99844E+20,6.04859E+21,8.99759E+15,5.45848E+16
7059,7060,1,0,4,0,2016,10,10,6,3,5,3,0,1,1,0,0,0,0,1,5.64899E+20,5.99302E+21,9.99202E+15,5.40813E+16
7060,7061,1,0,2,0,2016,10,19,3,3,5,2,2,1,1,1,0,0,0,0,5.73575E+20,6.02414E+21,1.01322E+16,5.43598E+16
7061,7062,1,0,60,34,2016,10,7,2,2,4,1,2,1,0,1,0,0,0,0,5.69768E+20,5.97063E+21,1.00613E+16,5.38794E+16
7062,7063,1,0,56,15,2016,11,17,4,3,4,6,2,1,0,1,0,0,0,0,5.44198E+20,5.95855E+21,9.67064E+15,5.37737E+16
7063,7064,1,0,1,0,2016,10,13,5,3,2,6,0,1,0,1,0,0,0,0,5.27948E+20,6.07037E+21,9.43452E+15,5.47798E+16
7064,7065,1,0,62,4,2016,9,10,4,3,0,7,0,0,1,0,0,0,0,0,5.90065E+20,5.96323E+21,1.03678E+16,5.38098E+16
7065,7066,1,0,55,44,2016,11,13,1,3,2,6,0,0,0,1,0,0,0,0,6.14242E+20,5.98875E+21,1.07444E+16,5.40343E+16
7066,7067,1,0,58,9,2016,12,15,5,3,5,3,0,1,0,1,0,0,0,0,5.51389E+20,5.99145E+21,9.78527E+15,5.40687E+16
7067,7068,1,0,59,97,2016,11,15,7,3,4,1,0,1,0,1,0,0,0,0,5.42457E+20,6.04847E+21,9.65692E+15,5.45819E+16
7068,7069,1,0,51,44,2016,12,20,1,3,5,3,2,1,0,1,0,0,0,0,5.05688E+20,6.00526E+21,9.08719E+15,5.41953E+16
7069,7070,1,0,3,0,2016,10,15,1,2,6,1,0,0,0,0,1,0,0,1,6.13079E+20,5.9698E+21,1.07196E+16,5.38644E+16
7070,7071,1,0,58,169,2016,9,22,6,3,3,6,2,1,0,1,0,0,0,0,5.60374E+20,5.99157E+21,9.92258E+15,5.40688E+16
7071,7072,1,0,3,0,2016,10,13,3,3,0,1,0,0,1,0,0,0,0,0,6.10045E+20,5.97057E+21,1.06738E+16,5.3872E+16
7072,7073,2,1,6,117,2016,2,15,1,3,4,2,0,0,0,1,0,0,0,0,5.67973E+20,5.9341E+21,1.0026E+16,5.35513E+16
7073,7074,1,0,62,60,2016,11,11,2,3,6,2,0,0,0,1,1,0,0,0,5.82993E+20,5.92985E+21,1.02515E+16,5.3511E+16
7074,7075,1,0,53,129,2016,12,15,6,3,5,2,0,0,1,1,0,0,0,0,5.82682E+20,5.92741E+21,1.02462E+16,5.34892E+16
7075,7076,1,0,56,39,2016,11,5,6,3,9,1,2,2,0,1,0,0,0,0,5.52823E+20,5.94312E+21,9.79887E+15,5.36342E+16
7076,7077,1,0,62,81,2016,11,4,1,3,8,1,2,0,0,1,0,0,0,0,5.86514E+20,5.95599E+21,1.03119E+16,5.37454E+16
7077,7078,1,0,59,171,2016,11,7,2,3,5,3,2,0,0,1,0,0,0,0,5.26671E+20,6.05579E+21,9.41334E+15,5.46488E+16
7078,7079,1,0,59,171,2016,11,15,5,3,2,6,0,0,0,1,0,0,0,0,5.26703E+20,6.05854E+21,9.41409E+15,5.46735E+16
7079,7080,1,0,62,86,2016,12,14,4,3,8,1,0,1,0,1,0,0,0,0,5.89588E+20,5.93834E+21,1.03534E+16,5.35862E+16
7080,7081,1,0,58,49,2016,10,16,2,3,8,7,0,1,0,1,0,0,0,0,5.5322E+20,6.01102E+21,9.81671E+15,5.42444E+16
7081,7082,1,0,54,19,2016,12,12,4,3,2,6,0,1,0,1,0,0,0,0,4.98614E+20,6.05137E+21,8.97853E+15,5.46098E+16
7082,7083,2,6,11,612,2016,1,17,4,3,3,6,1,1,0,1,0,0,0,0,5.71971E+20,5.92873E+21,1.00851E+16,5.35026E+16
7083,7084,2,1,6,115,2016,3,23,7,3,3,6,2,1,0,1,0,0,0,0,5.67901E+20,5.93313E+21,1.00247E+16,5.35427E+16
7084,7085,1,0,55,1,2016,10,15,2,3,2,6,0,1,0,1,0,0,0,0,6.05416E+20,5.98839E+21,1.06095E+16,5.4033E+16
7085,7086,1,0,56,15,2016,10,23,6,3,6,4,2,0,0,1,1,0,0,0,5.43992E+20,5.95613E+21,9.66717E+15,5.37519E+16
7086,7087,1,0,62,8,2016,10,8,3,3,5,3,0,1,0,1,0,0,0,0,5.99006E+20,5.963E+21,1.05035E+16,5.38062E+16
7087,7088,1,0,51,114,2016,10,12,2,3,8,1,0,1,0,0,0,1,0,0,5.1937E+20,6.00871E+21,9.29711E+15,5.42261E+16
7088,7089,1,0,1,0,2016,12,7,5,3,2,6,2,1,0,1,0,0,0,0,5.2747E+20,6.07244E+21,9.42729E+15,5.47984E+16
7089,7090,1,0,58,8,2016,10,12,5,3,6,6,0,1,1,0,1,0,0,0,5.45537E+20,6.03158E+21,9.70195E+15,5.44299E+16
7090,7091,1,0,53,116,2016,9,13,4,3,5,3,0,0,0,1,0,0,0,0,5.99819E+20,5.92984E+21,1.05052E+16,5.3508E+16
7091,7092,1,0,60,23,2016,11,18,1,2,5,3,2,0,0,1,0,0,0,0,5.5881E+20,5.97747E+21,9.89595E+15,5.39422E+16
7092,7093,1,0,53,32,2016,12,21,5,3,5,2,2,1,0,1,0,0,0,0,5.92222E+20,5.92192E+21,1.03883E+16,5.34382E+16
7093,7094,1,0,1,0,2016,10,15,5,3,5,3,0,2,0,1,0,0,0,0,5.24644E+20,6.07003E+21,9.38313E+15,5.47768E+16
7094,7095,1,0,57,21,2016,11,8,7,3,8,1,0,2,0,1,0,0,0,0,5.98575E+20,6.01783E+21,1.05147E+16,5.42988E+16
7095,7096,1,0,58,135,2016,10,9,3,2,6,4,0,0,0,0,1,1,0,0,5.43548E+20,6.01723E+21,9.6692E+15,5.43011E+16
7096,7097,1,0,3,0,2016,11,14,3,3,5,3,0,0,1,1,0,0,0,0,6.08029E+20,5.96451E+21,1.0641E+16,5.38179E+16
7097,7098,1,0,4,0,2016,12,15,3,3,5,3,0,1,1,0,0,0,0,1,5.64669E+20,5.98978E+21,9.98781E+15,5.40522E+16
7098,7099,1,0,51,99,2016,10,19,7,3,5,2,2,1,0,1,0,0,0,0,5.18778E+20,5.99168E+21,9.28697E+15,5.4073E+16
7099,7100,1,0,53,17,2016,12,6,6,3,8,1,2,2,0,1,0,0,0,0,5.92653E+20,5.92753E+21,1.03965E+16,5.34886E+16
7100,7101,2,4,3,406,2016,2,16,4,3,5,3,0,0,0,1,0,0,0,0,5.66423E+20,5.94127E+21,1.00041E+16,5.3616E+16
7101,7102,1,0,59,167,2016,10,14,6,3,4,1,0,1,0,1,0,0,0,1,5.49888E+20,6.06227E+21,9.77422E+15,5.47052E+16
7102,7103,1,0,2,0,2016,11,6,5,3,5,2,2,1,0,1,0,1,0,0,5.7266E+20,6.01802E+21,1.01167E+16,5.43049E+16
7103,7104,1,0,60,63,2016,10,16,3,3,2,6,0,1,0,1,0,0,0,0,5.64526E+20,5.9487E+21,9.97699E+15,5.3683E+16
7104,7105,1,0,3,0,2016,10,7,5,2,5,3,2,1,1,1,0,0,0,0,6.10103E+20,5.96995E+21,1.06744E+16,5.38664E+16
7105,7106,1,0,57,65,2016,10,14,7,3,7,7,0,1,0,0,0,1,0,0,5.97794E+20,6.00937E+21,1.05E+16,5.42229E+16
7106,7107,1,0,2,0,2016,10,8,3,3,5,2,0,1,1,0,0,0,0,1,5.7347E+20,6.01896E+21,1.01294E+16,5.43133E+16
7107,7108,2,1,16,136,2016,4,7,2,3,2,6,0,0,0,1,0,0,0,0,5.67281E+20,5.9303E+21,1.00147E+16,5.35173E+16
7108,7109,1,0,56,26,2016,9,7,3,3,8,1,1,0,0,1,0,0,0,0,5.56587E+20,5.958E+21,9.85851E+15,5.37676E+16
7109,7110,1,0,2,0,2016,12,13,2,2,5,3,0,0,1,0,0,0,0,1,5.74187E+20,6.01901E+21,1.01404E+16,5.43136E+16
7110,7111,1,0,62,27,2016,10,8,7,3,2,6,0,0,0,1,0,0,0,0,5.88546E+20,5.95288E+21,1.03418E+16,5.37171E+16
7111,7112,1,0,4,0,2016,11,10,4,3,2,6,0,0,0,1,0,0,1,0,5.60759E+20,5.9938E+21,9.92891E+15,5.40888E+16
7112,7113,1,0,55,33,2016,11,10,4,3,9,1,0,2,0,1,0,0,0,0,6.22942E+20,6.01879E+21,1.08894E+16,5.43022E+16
7113,7114,1,0,51,19,2016,11,7,6,3,9,1,1,1,0,1,0,0,0,0,5.23194E+20,6.00824E+21,9.35573E+15,5.42216E+16
7114,7115,1,0,3,0,2016,12,21,1,2,5,2,2,1,0,1,0,0,0,0,6.11143E+20,5.96621E+21,1.06889E+16,5.38325E+16
7115,7116,1,0,2,0,2016,12,15,3,2,1,7,0,0,0,1,0,0,0,0,5.74083E+20,6.02248E+21,1.01396E+16,5.43448E+16
7116,7117,1,0,59,19,2016,11,22,6,3,9,1,2,0,0,0,0,1,0,0,5.3445E+20,6.03729E+21,9.53172E+15,5.44821E+16
7117,7118,1,0,4,0,2016,12,16,6,3,2,6,2,1,0,1,0,0,0,0,5.63898E+20,5.99387E+21,9.97691E+15,5.4089E+16
7118,7119,1,0,1,0,2016,10,14,7,2,5,3,0,0,0,1,0,1,0,0,5.24813E+20,6.07157E+21,9.38588E+15,5.47907E+16
7119,7120,2,3,7,319,2016,1,18,7,3,6,4,2,1,0,1,1,0,0,0,5.60262E+20,5.94339E+21,9.91141E+15,5.36358E+16
7120,7121,1,0,54,12,2016,11,17,6,3,0,7,2,1,0,0,0,1,0,0,5.02374E+20,6.04968E+21,9.03674E+15,5.45946E+16
7121,7122,1,0,2,0,2016,12,17,3,3,5,2,2,0,0,1,0,0,0,0,5.77414E+20,6.02072E+21,1.01904E+16,5.43285E+16
7122,7123,1,0,62,60,2016,12,17,1,3,2,2,2,1,0,1,0,0,0,0,5.81107E+20,5.92997E+21,1.02231E+16,5.35124E+16
7123,7124,1,0,58,12,2016,12,13,5,3,2,6,0,1,0,1,0,0,0,1,5.54123E+20,6.03961E+21,9.83576E+15,5.45012E+16
7124,7125,2,3,6,318,2016,2,10,1,3,3,7,0,1,0,1,0,0,0,0,5.62487E+20,5.94171E+21,9.94473E+15,5.36204E+16
7125,7126,1,0,56,49,2016,11,13,3,3,0,7,0,1,0,0,0,0,0,1,5.43374E+20,5.94847E+21,9.65672E+15,5.36832E+16
7126,7127,1,0,4,0,2016,10,16,2,3,5,3,0,1,1,0,0,0,0,1,5.64418E+20,5.9922E+21,9.9845E+15,5.4074E+16
7127,7128,2,7,10,711,2016,3,17,4,3,2,6,0,0,0,1,0,0,0,0,5.6239E+20,5.92509E+21,9.93994E+15,5.34711E+16
7128,7129,1,0,60,9,2016,11,18,1,2,8,7,2,1,0,1,0,0,0,0,5.61544E+20,5.97434E+21,9.93697E+15,5.39138E+16
7129,7130,1,0,56,22,2016,10,20,1,3,8,1,2,1,0,1,0,0,0,0,5.5231E+20,5.95941E+21,9.79387E+15,5.37807E+16
7130,7131,1,0,60,63,2016,11,8,2,3,4,1,0,2,0,1,0,0,0,0,5.67596E+20,5.95425E+21,1.00247E+16,5.37325E+16
7131,7132,1,0,51,49,2016,9,10,6,3,2,2,0,1,0,1,0,0,0,0,5.10582E+20,6.01505E+21,9.16254E+15,5.42832E+16
7132,7133,1,0,58,135,2016,11,5,2,3,7,7,2,1,0,1,0,0,0,0,5.4021E+20,6.02084E+21,9.6184E+15,5.43338E+16
7133,7134,1,0,53,43,2016,11,16,6,3,3,6,1,1,0,1,0,0,0,0,6.12329E+20,5.96089E+21,1.07049E+16,5.37845E+16
7134,7135,1,0,3,0,2016,12,15,5,3,5,3,1,0,1,1,0,0,0,0,6.09744E+20,5.97042E+21,1.06691E+16,5.38706E+16
7135,7136,1,0,2,0,2016,10,13,1,3,8,1,0,1,0,1,0,0,0,0,5.7834E+20,6.0216E+21,1.02049E+16,5.43362E+16
7136,7137,1,0,58,43,2016,9,9,3,3,2,6,0,0,0,1,0,0,0,0,5.5399E+20,6.03576E+21,9.83301E+15,5.44666E+16
7137,7138,1,0,56,32,2016,12,14,4,2,2,2,0,0,0,1,0,0,1,0,5.52032E+20,5.95062E+21,9.78816E+15,5.37017E+16
7138,7139,2,3,1,306,2016,1,14,6,3,5,7,0,0,1,0,0,0,0,1,5.63488E+20,5.93651E+21,9.95879E+15,5.35736E+16
7139,7140,2,2,7,219,2016,3,17,1,3,2,6,0,0,0,1,0,0,0,0,5.59472E+20,5.93441E+21,9.89775E+15,5.35552E+16
7140,7141,1,0,59,183,2016,9,10,6,3,9,1,0,0,0,1,0,0,0,0,5.22192E+20,6.06554E+21,9.34467E+15,5.47366E+16
7141,7142,1,0,2,0,2016,11,6,3,3,6,4,2,0,0,0,1,0,0,1,5.7358E+20,6.01923E+21,1.01311E+16,5.43157E+16
7142,7143,1,0,56,23,2016,12,13,7,3,5,3,0,0,1,1,0,0,0,0,5.45211E+20,5.95103E+21,9.68491E+15,5.3706E+16
7143,7144,1,0,51,48,2016,10,17,1,3,3,6,2,0,0,1,0,0,0,0,5.059E+20,6.00228E+21,9.09037E+15,5.41685E+16
7144,7145,1,0,53,110,2016,9,20,5,3,9,1,2,1,0,1,0,0,0,0,6.16664E+20,5.94766E+21,1.07657E+16,5.36647E+16
7145,7146,2,1,7,120,2016,2,15,3,3,2,6,0,0,0,1,0,0,0,0,5.67973E+20,5.93442E+21,1.00261E+16,5.35543E+16
7146,7147,1,0,56,1,2016,10,11,4,3,4,6,0,0,0,0,0,0,1,0,5.49409E+20,5.94306E+21,9.74723E+15,5.36339E+16
7147,7148,1,0,57,54,2016,12,14,6,3,2,6,0,0,0,1,0,0,0,0,5.77974E+20,6.00444E+21,1.01948E+16,5.4182E+16
7148,7149,1,0,53,116,2016,9,15,4,3,0,7,0,0,1,1,0,0,0,0,5.9895E+20,5.92942E+21,1.04919E+16,5.35044E+16
7149,7150,1,0,58,1,2016,10,20,6,2,9,1,2,0,1,0,0,0,0,0,5.66526E+20,6.0178E+21,1.00224E+16,5.43038E+16
7150,7151,1,0,3,0,2016,11,20,6,3,5,3,2,1,0,1,0,0,0,1,6.1173E+20,5.96346E+21,1.06968E+16,5.38076E+16
7151,7152,1,0,60,38,2016,11,8,7,2,9,1,0,2,0,1,0,0,0,0,5.73606E+20,5.97997E+21,1.01219E+16,5.39628E+16
7152,7153,1,0,62,6,2016,11,19,4,3,5,3,2,0,1,0,0,0,0,1,5.83006E+20,5.95394E+21,1.02581E+16,5.37275E+16
7153,7154,1,0,4,0,2016,12,15,4,3,5,2,1,0,1,0,0,0,0,1,5.64195E+20,5.99115E+21,9.98086E+15,5.40645E+16
7154,7155,1,0,3,0,2016,12,12,3,3,2,6,0,0,0,1,0,0,0,0,6.09132E+20,5.96735E+21,1.06587E+16,5.38432E+16
7155,7156,2,1,12,130,2016,1,1,6,3,2,6,2,0,0,1,0,0,0,0,5.76326E+20,5.93466E+21,1.01522E+16,5.35553E+16
7156,7157,2,1,12,130,2016,3,11,4,3,3,6,0,0,0,1,0,0,1,0,5.76749E+20,5.93522E+21,1.01587E+16,5.35603E+16
7157,7158,1,0,54,33,2016,10,17,2,3,5,3,2,0,0,1,0,0,0,1,5.06274E+20,6.02481E+21,9.09658E+15,5.43711E+16
7158,7159,1,0,56,39,2016,11,11,7,3,5,2,0,1,1,0,0,0,0,1,5.51896E+20,5.94581E+21,9.7853E+15,5.36584E+16
7159,7160,1,0,57,81,2016,10,17,6,2,8,1,0,0,0,1,0,0,0,0,5.88586E+20,6.02338E+21,1.03629E+16,5.43505E+16
7160,7161,1,0,59,90,2016,10,19,3,3,5,3,2,0,0,1,0,0,0,0,5.41813E+20,6.04747E+21,9.6468E+15,5.4573E+16
7161,7162,1,0,3,0,2016,10,12,2,3,5,3,0,0,1,1,0,0,0,0,6.1496E+20,5.97059E+21,1.07485E+16,5.3871E+16
7162,7163,1,0,62,4,2016,11,19,4,3,2,6,2,1,1,1,0,0,0,0,5.89973E+20,5.96329E+21,1.03664E+16,5.38104E+16
7163,7164,1,0,58,53,2016,11,16,5,3,2,6,2,1,0,1,0,0,0,0,5.68262E+20,6.01111E+21,1.00475E+16,5.42434E+16
7164,7165,1,0,56,44,2016,10,14,4,2,9,1,0,1,0,1,0,0,0,0,5.5409E+20,5.93975E+21,9.81744E+15,5.36038E+16
7165,7166,1,0,57,70,2016,11,17,1,3,5,3,2,0,0,1,0,0,0,0,5.87981E+20,6.00817E+21,1.03492E+16,5.4214E+16
7166,7167,1,0,62,92,2016,12,15,5,3,8,7,0,0,0,1,0,0,0,0,5.86695E+20,5.96522E+21,1.03172E+16,5.38283E+16
7167,7168,1,0,62,27,2016,11,12,7,3,8,1,0,1,0,1,0,0,0,0,5.87966E+20,5.95281E+21,1.0333E+16,5.37165E+16
7168,7169,2,1,12,130,2016,2,13,2,3,3,6,0,1,0,1,0,0,1,0,5.7504E+20,5.93158E+21,1.0132E+16,5.35277E+16
7169,7170,1,0,60,75,2016,11,10,6,3,5,3,0,1,0,1,0,0,1,0,5.8897E+20,5.99019E+21,1.0359E+16,5.40522E+16
7170,7171,1,0,59,75,2016,10,17,3,3,5,2,0,0,1,0,0,0,0,1,5.35242E+20,6.04188E+21,9.5445E+15,5.45233E+16
7171,7172,1,0,61,29,2016,12,18,4,3,5,2,2,0,0,1,0,0,0,0,5.28758E+20,5.9611E+21,9.43661E+15,5.37976E+16
7172,7173,1,0,2,0,2016,11,17,3,3,2,6,1,0,0,1,0,0,0,0,5.71364E+20,6.01915E+21,1.0097E+16,5.43152E+16
7173,7174,1,0,60,5,2016,12,16,2,3,2,6,2,0,0,1,0,0,1,0,5.86943E+20,5.97606E+21,1.03241E+16,5.39257E+16
7174,7175,1,0,54,168,2016,10,15,7,3,5,3,0,0,1,1,0,0,0,0,4.58239E+20,6.08375E+21,8.3488E+15,5.4899E+16
7175,7176,1,0,3,0,2016,12,18,6,3,2,6,2,0,0,1,0,0,0,0,6.21676E+20,5.98141E+21,1.08549E+16,5.39667E+16
7176,7177,2,2,5,216,2016,2,14,2,3,1,2,0,1,0,1,0,0,0,0,5.59637E+20,5.9355E+21,9.90045E+15,5.3565E+16
7177,7178,1,0,2,0,2016,10,16,5,3,5,2,0,0,0,1,0,0,0,0,5.74577E+20,6.01827E+21,1.01462E+16,5.43068E+16
7178,7179,1,0,51,11,2016,11,20,4,3,1,5,2,1,1,1,0,0,0,0,5.08344E+20,5.97202E+21,9.12697E+15,5.38965E+16
7179,7180,1,0,3,0,2016,10,14,4,3,5,3,0,0,1,1,0,0,0,0,6.10214E+20,5.97149E+21,1.06766E+16,5.38801E+16
7180,7181,1,0,55,46,2016,10,15,3,3,5,3,1,1,1,1,0,0,0,0,6.42585E+20,6.03476E+21,1.11987E+16,5.44405E+16
7181,7182,1,0,60,44,2016,10,10,6,3,5,3,0,1,0,1,0,0,0,0,5.64132E+20,5.9638E+21,9.97416E+15,5.38188E+16
7182,7183,1,0,1,0,2016,10,12,3,3,5,2,0,1,0,1,0,0,0,0,5.26315E+20,6.07E+21,9.40911E+15,5.47765E+16
7183,7184,2,3,7,319,2016,4,13,6,3,3,2,0,0,0,1,0,0,0,1,5.61431E+20,5.94442E+21,9.92929E+15,5.36449E+16
7184,7185,1,0,62,71,2016,12,8,2,3,2,6,0,0,0,1,0,0,1,0,5.81445E+20,5.94058E+21,1.0231E+16,5.36077E+16
7185,7186,1,0,55,42,2016,11,12,4,3,2,6,0,0,0,1,0,0,0,0,6.16224E+20,5.98411E+21,1.07728E+16,5.39922E+16
7186,7187,1,0,57,57,2016,10,20,7,2,6,2,2,1,0,1,1,0,0,0,5.92601E+20,6.00244E+21,1.04182E+16,5.41617E+16
7187,7188,1,0,3,0,2016,11,9,3,3,4,7,0,0,1,1,0,0,0,0,6.10817E+20,5.97261E+21,1.06862E+16,5.38901E+16
7188,7189,1,0,53,32,2016,11,8,3,3,5,2,0,1,0,1,0,0,0,0,5.90544E+20,5.92114E+21,1.03628E+16,5.34315E+16
7189,7190,1,0,53,32,2016,11,16,6,3,4,6,2,1,0,1,0,0,0,0,5.90795E+20,5.92203E+21,1.03669E+16,5.34395E+16
7190,7191,1,0,53,53,2016,12,17,7,3,5,3,2,0,0,1,0,0,0,0,5.90814E+20,5.925E+21,1.0368E+16,5.34661E+16
7191,7192,1,0,53,9,2016,12,15,2,3,5,2,0,0,0,1,0,0,0,0,6.09209E+20,5.95682E+21,1.06562E+16,5.37486E+16
7192,7193,1,0,53,83,2016,11,11,5,3,5,3,0,0,0,1,0,0,0,0,6.02875E+20,5.91537E+21,1.05465E+16,5.33774E+16
7193,7194,1,0,59,53,2016,12,18,6,3,0,1,2,1,0,1,0,0,0,0,5.34951E+20,6.02765E+21,9.53831E+15,5.43954E+16
7194,7195,1,0,62,90,2016,10,18,6,2,5,3,0,1,1,1,0,0,0,0,5.79941E+20,5.95011E+21,1.02107E+16,5.36936E+16
7195,7196,2,1,6,115,2016,1,17,4,3,3,6,2,0,0,1,0,0,1,0,5.67817E+20,5.93316E+21,1.00234E+16,5.3543E+16
7196,7197,2,2,9,221,2016,3,10,5,3,2,6,0,0,0,0,0,0,1,0,5.55715E+20,5.93636E+21,9.8414E+15,5.35732E+16
7197,7198,1,0,60,39,2016,11,7,3,3,2,6,0,1,0,1,0,0,0,0,5.65911E+20,5.96037E+21,1.00005E+16,5.37877E+16
7198,7199,1,0,57,91,2016,12,21,2,2,4,7,2,1,0,1,0,0,0,0,5.82994E+20,6.01235E+21,1.02739E+16,5.42523E+16
7199,7200,1,0,62,9,2016,12,22,1,3,3,6,2,1,0,1,0,0,1,0,5.78127E+20,5.93554E+21,1.01796E+16,5.35629E+16
7200,7201,1,0,56,15,2016,10,23,4,3,3,6,2,0,0,1,0,0,0,0,5.42816E+20,5.95635E+21,9.64937E+15,5.3754E+16
7201,7202,1,0,59,58,2016,11,6,7,3,9,1,2,2,0,1,0,0,0,0,5.2439E+20,6.01852E+21,9.37492E+15,5.4314E+16
7202,7203,1,0,2,0,2016,10,17,3,3,2,6,0,0,0,1,0,0,0,0,5.73769E+20,6.01594E+21,1.01332E+16,5.4286E+16
7203,7204,1,0,59,183,2016,11,18,3,2,5,3,2,0,0,1,0,1,0,0,5.26839E+20,6.06652E+21,9.41692E+15,5.47452E+16
7204,7205,1,0,61,46,2016,12,14,2,3,5,2,0,0,1,1,0,0,0,0,5.33183E+20,5.97605E+21,9.50541E+15,5.39318E+16
7205,7206,1,0,3,0,2016,10,22,7,3,1,5,2,1,0,1,0,0,0,0,6.09196E+20,5.97053E+21,1.06608E+16,5.38718E+16
7206,7207,1,0,3,0,2016,12,10,6,3,5,3,0,0,0,1,0,0,0,0,6.1106E+20,5.96863E+21,1.06885E+16,5.38543E+16
7207,7208,2,1,12,130,2016,2,14,3,3,2,6,0,1,0,1,0,0,1,0,5.7478E+20,5.93107E+21,1.0128E+16,5.35232E+16
7208,7209,1,0,3,0,2016,10,7,5,3,5,3,1,1,1,1,0,0,0,0,6.09239E+20,5.97046E+21,1.06615E+16,5.38711E+16
7209,7210,1,0,56,39,2016,10,9,5,3,6,2,0,0,0,1,1,0,0,0,5.52406E+20,5.94646E+21,9.79312E+15,5.36643E+16
7210,7211,1,0,59,8,2016,11,12,5,2,5,3,0,0,1,1,0,0,0,0,5.37739E+20,6.05055E+21,9.58419E+15,5.4601E+16
7211,7212,1,0,62,76,2016,10,15,4,3,9,6,0,0,0,1,0,1,0,0,5.70546E+20,5.95685E+21,1.007E+16,5.37555E+16
7212,7213,1,0,62,71,2016,10,18,3,2,5,2,2,1,0,1,0,0,0,0,5.80857E+20,5.94141E+21,1.02223E+16,5.36152E+16
7213,7214,1,0,54,134,2016,10,10,7,2,8,1,0,1,0,1,0,0,0,0,4.82622E+20,6.01983E+21,8.7328E+15,5.4326E+16
7214,7215,1,0,1,0,2016,10,6,3,3,8,1,2,1,0,1,0,0,0,0,5.28232E+20,6.07128E+21,9.43904E+15,5.47879E+16
7215,7216,2,3,9,321,2016,4,8,2,3,3,6,0,0,0,1,0,0,1,0,5.60881E+20,5.93992E+21,9.9201E+15,5.36046E+16
7216,7217,1,0,62,1,2016,9,22,3,2,5,3,2,0,0,1,0,1,0,0,5.81337E+20,5.94741E+21,1.02311E+16,5.36691E+16
7217,7218,1,0,54,14,2016,12,17,2,3,5,2,2,0,0,1,0,0,0,0,4.93078E+20,6.05568E+21,8.89272E+15,5.46484E+16
7218,7219,1,0,3,0,2016,10,12,7,3,5,3,0,1,0,1,0,0,0,0,6.09742E+20,5.96881E+21,1.06685E+16,5.38562E+16
7219,7220,1,0,56,42,2016,11,11,3,3,2,6,0,1,0,1,0,0,0,0,5.40007E+20,5.95507E+21,9.6066E+15,5.37427E+16
7220,7221,1,0,60,4,2016,11,13,3,3,2,6,0,1,0,1,0,0,0,0,5.61673E+20,5.97328E+21,9.93872E+15,5.39043E+16
7221,7222,1,0,60,30,2016,11,7,6,3,9,1,2,1,0,1,0,0,0,0,5.8618E+20,5.98327E+21,1.03145E+16,5.39905E+16
7222,7223,1,0,59,50,2016,12,13,1,3,8,1,0,1,0,1,0,0,0,0,5.30977E+20,6.02858E+21,9.47721E+15,5.44041E+16
7223,7224,1,0,62,23,2016,12,17,3,3,2,6,2,0,0,1,0,0,0,1,5.85768E+20,5.94629E+21,1.02979E+16,5.36584E+16
7224,7225,1,0,51,44,2016,11,8,5,3,5,3,0,0,0,1,0,0,0,0,5.07064E+20,6.0054E+21,9.10828E+15,5.41966E+16
7225,7226,1,0,1,0,2016,12,12,6,3,5,3,0,1,0,1,0,0,0,0,5.24646E+20,6.07002E+21,9.38315E+15,5.47768E+16
7226,7227,1,0,60,85,2016,10,8,6,3,5,2,0,1,0,1,0,0,0,0,5.78543E+20,5.96464E+21,1.01932E+16,5.38243E+16
7227,7228,2,3,9,321,2016,1,19,6,3,1,6,2,1,0,1,0,0,0,0,5.6157E+20,5.93844E+21,9.93022E+15,5.35912E+16
7228,7229,1,0,53,118,2016,12,2,2,3,9,1,2,1,0,1,0,0,0,0,6.01874E+20,5.95458E+21,1.05442E+16,5.37299E+16
7229,7230,1,0,2,0,2016,12,11,1,3,2,6,0,1,0,1,0,0,0,0,5.72753E+20,6.01952E+21,1.01185E+16,5.43184E+16
7230,7231,2,3,5,317,2016,2,18,6,3,5,2,1,0,0,1,0,0,0,1,5.63663E+20,5.9398E+21,9.9621E+15,5.36032E+16
7231,7232,1,0,4,0,2016,11,17,3,3,6,4,2,1,0,1,1,0,0,0,5.6448E+20,5.99108E+21,9.9852E+15,5.40639E+16
7232,7233,1,0,53,46,2016,12,20,7,1,3,6,2,1,0,1,0,0,0,0,6.16991E+20,5.93272E+21,1.0765E+16,5.35304E+16
7233,7234,2,3,6,318,2016,3,8,3,3,5,3,0,0,1,1,0,0,0,0,5.6304E+20,5.9409E+21,9.95291E+15,5.36131E+16
7234,7235,1,0,62,61,2016,11,5,7,3,9,1,1,2,0,1,0,0,0,0,5.96881E+20,5.96468E+21,1.04717E+16,5.38216E+16
7235,7236,1,0,62,35,2016,10,4,1,3,8,2,2,1,0,1,0,0,0,0,5.87124E+20,5.94508E+21,1.03181E+16,5.36473E+16
7236,7237,1,0,55,16,2016,11,16,2,3,8,1,2,0,1,0,0,0,0,0,6.27942E+20,6.00235E+21,1.09592E+16,5.41533E+16
7237,7238,1,0,60,39,2016,9,7,6,3,0,1,0,0,1,1,0,0,0,0,5.65417E+20,5.9606E+21,9.99301E+15,5.37898E+16
7238,7239,1,0,59,65,2016,11,19,2,3,5,3,2,1,0,1,0,0,0,1,5.49649E+20,6.05263E+21,9.76888E+15,5.46187E+16