FID,OBJECTID,ULAND,UREGBEZ,UKREIS,UGEMEINDE,UJAHR,UMONAT,USTUNDE,UWOCHENTAG,UKATEGORIE,UART,UTYP1,ULICHTVERH,IstStrasse,IstRad,IstPKW,IstFuss,IstKrad,IstGkfz,IstSonstig,LINREFX,LINREFY,XGCSWGS84,YGCSWGS84
7239,7240,1,0,60,39,2016,11,15,5,3,5,3,0,0,0,1,0,0,0,0,5.63893E+20,5.96329E+21,9.97042E+15,5.38142E+16
7240,7241,1,0,2,0,2016,12,14,5,3,5,6,0,0,0,1,0,0,0,1,5.73761E+20,6.02062E+21,1.01342E+16,5.43281E+16
7241,7242,1,0,53,43,2016,10,13,1,3,2,6,0,1,0,1,0,0,0,0,6.12608E+20,5.96097E+21,1.07092E+16,5.37851E+16
7242,7243,1,0,56,9,2016,12,3,4,3,1,1,2,0,0,1,0,0,0,1,5.52802E+20,5.94818E+21,9.79942E+15,5.36797E+16
7243,7244,2,3,8,320,2016,1,16,3,2,6,4,1,0,0,1,1,0,0,0,5.601E+20,5.94188E+21,9.90867E+15,5.36223E+16
7244,7245,2,3,4,316,2016,3,14,5,3,5,3,0,0,0,0,0,0,1,1,5.64186E+20,5.93769E+21,9.96957E+15,5.35841E+16
7245,7246,1,0,4,0,2016,11,12,3,3,2,6,0,1,0,0,0,0,1,0,5.61207E+20,5.99499E+21,9.936E+15,5.40994E+16
7246,7247,1,0,53,72,2016,12,8,7,3,9,6,0,1,0,1,0,0,0,0,5.87384E+20,5.92652E+21,1.03168E+16,5.34804E+16
7247,7248,1,0,60,63,2016,10,13,7,3,2,6,0,0,0,1,0,0,0,0,5.65587E+20,5.94829E+21,9.99296E+15,5.36792E+16
7248,7249,1,0,58,135,2016,10,7,4,3,5,3,0,0,0,1,0,0,0,1,5.42698E+20,6.0165E+21,9.65603E+15,5.42946E+16
7249,7250,1,0,1,0,2016,12,17,6,3,2,6,2,1,0,1,0,0,0,0,5.31656E+20,6.07304E+21,9.49246E+15,5.48035E+16
7250,7251,1,0,62,45,2016,9,15,4,3,2,6,0,0,0,1,0,0,0,1,5.91548E+20,5.947E+21,1.03855E+16,5.36637E+16
7251,7252,1,0,62,45,2016,12,13,6,3,5,3,0,0,0,1,0,0,0,0,5.90401E+20,5.94614E+21,1.03679E+16,5.36562E+16
7252,7253,1,0,57,62,2016,10,11,6,2,0,2,0,0,1,1,0,0,0,0,5.83574E+20,6.01052E+21,1.02823E+16,5.42358E+16
7253,7254,1,0,2,0,2016,11,12,6,3,2,6,0,1,0,1,0,0,0,0,5.74132E+20,6.02755E+21,1.01417E+16,5.43903E+16
7254,7255,1,0,56,41,2016,11,0,7,3,0,1,2,1,1,0,0,0,0,0,5.60581E+20,5.95607E+21,9.91872E+15,5.37498E+16
7255,7256,1,0,54,52,2016,11,7,4,3,4,6,2,0,1,0,0,0,0,0,5.03361E+20,6.04022E+21,9.05192E+15,5.45095E+16
7256,7257,1,0,2,0,2016,12,20,4,3,5,2,2,0,0,1,0,0,0,0,5.7315E+20,6.02179E+21,1.01251E+16,5.43387E+16
7257,7258,1,0,62,82,2016,10,14,1,3,1,6,0,1,0,1,0,0,0,0,5.9164E+20,5.94319E+21,1.03858E+16,5.36295E+16
7258,7259,1,0,2,0,2016,10,12,6,3,6,4,0,0,0,1,1,0,0,0,5.73803E+20,6.02355E+21,1.01356E+16,5.43544E+16
7259,7260,1,0,4,0,2016,12,16,3,3,5,2,1,0,0,1,0,1,0,0,5.63595E+20,5.99201E+21,9.97189E+15,5.40724E+16
7260,7261,1,0,2,0,2016,12,13,7,3,0,1,0,1,0,0,0,1,0,0,5.73857E+20,6.02029E+21,1.01356E+16,5.43251E+16
7261,7262,2,3,4,316,2016,3,20,3,3,5,7,2,1,0,1,0,0,0,1,5.64122E+20,5.93789E+21,9.96864E+15,5.35859E+16
7262,7263,1,0,58,92,2016,10,7,4,3,0,1,1,1,1,0,0,0,0,0,5.69846E+20,6.02111E+21,1.00742E+16,5.43331E+16
7263,7264,1,0,3,0,2016,11,9,7,3,2,6,0,1,0,1,0,0,0,0,6.11168E+20,5.97132E+21,1.06911E+16,5.38784E+16
7264,7265,1,0,2,0,2016,10,11,6,3,2,6,0,1,0,1,0,0,0,0,5.73022E+20,6.01972E+21,1.01227E+16,5.43201E+16
7265,7266,1,0,58,87,2016,10,20,2,3,7,7,2,1,0,0,0,1,0,0,5.61878E+20,6.05341E+21,9.9584E+15,5.46243E+16
7266,7267,1,0,59,10,2016,10,21,2,3,1,5,2,0,0,1,0,0,0,0,5.29333E+20,6.04765E+21,9.45378E+15,5.45755E+16
7267,7268,1,0,53,32,2016,11,18,4,2,6,2,2,1,0,1,1,0,0,0,5.91234E+20,5.92172E+21,1.03734E+16,5.34366E+16
7268,7269,1,0,54,88,2016,11,9,5,3,0,7,0,2,1,1,0,0,0,0,4.88309E+20,6.07022E+21,8.81824E+15,5.47791E+16
7269,7270,1,0,3,0,2016,10,15,4,3,5,2,0,0,0,1,0,0,0,0,6.14952E+20,5.97077E+21,1.07484E+16,5.38726E+16
7270,7271,1,0,60,47,2016,11,13,7,3,8,1,0,1,0,1,0,0,0,0,5.72042E+20,5.96161E+21,1.00938E+16,5.37981E+16
7271,7272,1,0,3,0,2016,12,13,4,3,5,2,0,0,1,1,0,0,0,0,6.12395E+20,5.97072E+21,1.07095E+16,5.38728E+16
7272,7273,1,0,62,1,2016,11,14,6,3,2,6,0,1,0,1,0,0,0,0,5.81167E+20,5.94726E+21,1.02285E+16,5.36677E+16
7273,7274,2,2,5,217,2016,1,12,7,3,6,7,0,1,0,1,1,0,0,0,5.58325E+20,5.93591E+21,9.88072E+15,5.35688E+16
7274,7275,1,0,56,15,2016,11,7,6,3,5,3,0,1,1,1,0,0,0,0,5.43074E+20,5.95642E+21,9.65328E+15,5.37546E+16
7275,7276,1,0,56,15,2016,12,19,4,3,5,3,2,0,1,1,0,0,0,0,5.42896E+20,5.9557E+21,9.65049E+15,5.37482E+16
7276,7277,1,0,56,28,2016,11,15,2,3,2,6,0,0,0,1,0,0,0,0,5.44441E+20,5.94166E+21,9.6719E+15,5.36218E+16
7277,7278,1,0,55,12,2016,12,20,2,3,8,1,2,1,0,1,0,0,0,0,6.02908E+20,5.99893E+21,1.05748E+16,5.41282E+16
7278,7279,1,0,3,0,2016,10,18,6,3,5,3,2,0,0,1,0,0,0,0,6.09033E+20,5.97194E+21,1.06588E+16,5.38844E+16
7279,7280,1,0,2,0,2016,12,17,6,3,3,6,2,1,0,1,0,0,0,0,5.74569E+20,6.0145E+21,1.01451E+16,5.4273E+16
7280,7281,2,4,5,409,2016,2,14,7,3,0,7,0,1,0,1,0,0,0,1,5.65835E+20,5.93875E+21,9.9947E+15,5.35935E+16
7281,7282,1,0,54,1,2016,10,8,5,3,4,6,0,0,0,1,0,0,0,1,5.01655E+20,6.07307E+21,9.02574E+15,5.48048E+16
7282,7283,1,0,53,90,2016,11,16,4,3,5,3,0,1,1,1,0,0,0,0,6.11314E+20,5.9421E+21,1.06828E+16,5.36158E+16
7283,7284,1,0,2,0,2016,10,8,4,3,5,2,0,0,1,1,0,0,0,0,5.7331E+20,6.02012E+21,1.01272E+16,5.43237E+16
7284,7285,1,0,4,0,2016,10,10,3,3,5,3,0,1,1,1,0,0,0,0,5.64553E+20,5.99124E+21,9.98635E+15,5.40653E+16
7285,7286,1,0,62,71,2016,10,6,6,3,1,5,2,1,0,1,0,0,0,1,5.79497E+20,5.94028E+21,1.02015E+16,5.36053E+16
7286,7287,1,0,56,48,2016,10,15,3,3,9,1,0,1,0,1,0,0,0,0,5.50968E+20,5.95092E+21,9.7721E+15,5.37045E+16
7287,7288,2,1,8,124,2016,4,14,3,3,5,3,0,1,0,1,0,0,0,0,5.69403E+20,5.93422E+21,1.00476E+16,5.35523E+16
7288,7289,1,0,4,0,2016,11,17,2,3,5,3,2,1,0,1,0,0,0,0,5.65346E+20,5.99116E+21,9.99845E+15,5.40645E+16
7289,7290,1,0,58,175,2016,12,6,1,3,9,1,2,2,0,1,0,0,0,0,5.45155E+20,6.02942E+21,9.69573E+15,5.44105E+16
7290,7291,1,0,2,0,2016,11,11,4,3,2,6,0,0,0,1,0,0,0,0,5.73434E+20,6.01784E+21,1.01285E+16,5.43031E+16
7291,7292,1,0,3,0,2016,11,16,3,2,2,6,1,0,0,1,0,1,0,0,6.12122E+20,5.96865E+21,1.07046E+16,5.38543E+16
7292,7293,1,0,57,7,2016,10,18,1,3,5,3,0,1,0,1,0,0,0,0,6.09324E+20,6.01622E+21,1.06793E+16,5.42822E+16
7293,7294,1,0,2,0,2016,11,19,3,3,1,5,2,0,1,1,0,0,0,0,5.72448E+20,6.02023E+21,1.01139E+16,5.43247E+16
7294,7295,1,0,55,44,2016,11,16,6,3,2,6,0,1,0,1,0,0,0,0,6.1318E+20,5.99122E+21,1.07291E+16,5.40567E+16
7295,7296,1,0,3,0,2016,12,12,7,3,6,4,0,1,1,0,1,0,0,0,6.13355E+20,5.97083E+21,1.07242E+16,5.38736E+16
7296,7297,1,0,3,0,2016,12,11,2,3,5,3,0,0,1,0,0,0,1,0,6.11061E+20,5.96864E+21,1.06885E+16,5.38543E+16
7297,7298,1,0,57,3,2016,10,11,2,2,8,1,0,1,0,1,0,0,0,0,5.84618E+20,6.02887E+21,1.03035E+16,5.44005E+16
7298,7299,1,0,3,0,2016,11,12,5,3,3,2,0,0,0,1,0,1,0,0,6.10148E+20,5.96993E+21,1.06751E+16,5.38662E+16
7299,7300,1,0,62,60,2016,12,6,5,3,4,6,2,0,0,1,0,0,1,0,5.83404E+20,5.93161E+21,1.02582E+16,5.35268E+16
7300,7301,1,0,62,90,2016,10,15,6,3,9,1,0,1,0,1,0,0,0,0,5.8014E+20,5.95012E+21,1.02137E+16,5.36936E+16
7301,7302,2,1,6,115,2016,1,15,3,3,1,6,0,1,0,1,0,0,0,1,5.67171E+20,5.93367E+21,1.00138E+16,5.35476E+16
7302,7303,2,4,6,414,2016,3,14,3,3,2,6,0,0,0,1,0,0,0,0,5.67701E+20,5.93663E+21,1.00224E+16,5.35742E+16
7303,7304,1,0,55,40,2016,11,12,3,3,5,3,0,0,0,1,0,0,0,0,6.08419E+20,5.97243E+21,1.06497E+16,5.38889E+16
7304,7305,1,0,59,43,2016,12,16,2,3,8,1,2,1,0,1,0,0,0,0,5.37367E+20,6.03469E+21,9.57642E+15,5.44585E+16
7305,7306,1,0,56,43,2016,10,11,2,3,1,5,0,1,0,1,0,0,1,0,5.54363E+20,5.94492E+21,9.82248E+15,5.36502E+16
7306,7307,1,0,55,39,2016,12,12,7,3,9,7,0,1,0,1,0,0,0,0,6.12859E+20,5.99443E+21,1.07254E+16,5.40857E+16
7307,7308,1,0,60,63,2016,10,12,3,3,5,3,0,0,0,1,0,0,1,0,5.66112E+20,5.94866E+21,1.0001E+16,5.36825E+16
7308,7309,2,2,13,226,2016,2,16,3,3,6,4,1,0,0,1,1,0,0,0,5.52007E+20,5.93715E+21,9.78554E+15,5.35806E+16
7309,7310,1,0,59,57,2016,11,0,3,3,3,6,2,1,0,1,0,0,1,0,5.30338E+20,6.04422E+21,9.46898E+15,5.45446E+16
7310,7311,1,0,56,17,2016,12,15,6,3,5,3,0,0,0,1,0,0,0,0,5.48204E+20,5.9635E+21,9.7322E+15,5.38178E+16
7311,7312,1,0,1,0,2016,11,21,7,3,0,1,2,0,1,0,0,0,0,0,5.28175E+20,6.07232E+21,9.43825E+15,5.47972E+16
7312,7313,1,0,2,0,2016,11,4,2,3,5,3,2,0,1,1,0,0,0,0,5.77377E+20,6.0205E+21,1.01898E+16,5.43264E+16
7313,7314,1,0,60,40,2016,11,19,1,3,4,6,2,0,0,1,0,0,0,0,5.56419E+20,5.97512E+21,9.85909E+15,5.39214E+16
7314,7315,1,0,58,135,2016,11,16,5,3,2,6,2,1,0,1,0,0,0,1,5.40795E+20,6.02011E+21,9.62729E+15,5.43272E+16
7315,7316,1,0,51,48,2016,12,12,4,2,0,1,0,1,0,0,0,1,0,1,5.04729E+20,5.99996E+21,9.0724E+15,5.41477E+16
7316,7317,1,0,3,0,2016,10,10,2,3,5,3,0,1,1,1,0,0,0,0,6.11287E+20,5.97101E+21,1.06928E+16,5.38757E+16
7317,7318,1,0,58,38,2016,10,17,7,3,2,6,0,0,0,1,0,0,0,0,5.61811E+20,6.0039E+21,9.94706E+15,5.41794E+16
7318,7319,1,0,4,0,2016,12,14,4,2,5,3,0,0,0,1,0,0,0,0,5.64793E+20,5.99129E+21,9.99003E+15,5.40657E+16
7319,7320,2,3,9,321,2016,1,16,6,3,5,3,1,1,0,1,0,0,0,0,5.61455E+20,5.93857E+21,9.92849E+15,5.35923E+16
7320,7321,2,1,1,102,2016,3,17,3,3,2,6,0,1,0,1,0,0,0,0,5.65841E+20,5.93362E+21,9.99371E+15,5.35473E+16
7321,7322,1,0,56,49,2016,10,7,2,3,2,6,0,1,0,1,0,0,0,0,5.45976E+20,5.94929E+21,9.69624E+15,5.36903E+16
7322,7323,1,0,58,38,2016,12,11,7,3,8,1,0,1,0,1,0,0,0,0,5.62525E+20,6.00362E+21,9.95794E+15,5.41769E+16
7323,7324,1,0,1,0,2016,10,11,7,3,2,6,0,0,1,1,0,0,0,0,5.28141E+20,6.07044E+21,9.43753E+15,5.47803E+16
7324,7325,1,0,54,109,2016,10,6,4,3,5,2,2,1,0,1,0,0,0,0,4.90716E+20,6.07047E+21,8.85564E+15,5.47814E+16
7325,7326,1,0,3,0,2016,10,12,3,3,5,3,0,0,1,1,0,0,0,0,6.1135E+20,5.97185E+21,1.06941E+16,5.38831E+16
7326,7327,1,0,57,69,2016,12,6,5,3,5,3,2,1,0,1,0,0,0,0,5.78369E+20,5.99225E+21,1.01977E+16,5.40725E+16
7327,7328,1,0,55,4,2016,9,7,4,3,5,2,0,0,1,1,0,0,0,0,6.11308E+20,5.97581E+21,1.06948E+16,5.39187E+16
7328,7329,1,0,59,171,2016,12,11,6,3,5,3,0,1,0,0,0,1,1,0,5.25843E+20,6.05749E+21,9.40065E+15,5.46641E+16
7329,7330,1,0,55,40,2016,10,16,5,2,5,3,0,0,1,1,0,0,0,0,6.07843E+20,5.97238E+21,1.06409E+16,5.38887E+16
7330,7331,1,0,62,69,2016,11,8,5,3,2,6,0,1,0,1,0,0,0,1,5.84785E+20,5.94433E+21,1.02825E+16,5.36409E+16
7331,7332,1,0,3,0,2016,11,1,7,3,5,3,2,0,0,1,0,0,0,0,6.10022E+20,5.97148E+21,1.06737E+16,5.38801E+16
7332,7333,1,0,61,46,2016,10,17,3,3,2,6,0,0,0,1,0,0,0,0,5.33883E+20,5.97397E+21,9.51583E+15,5.39131E+16
7333,7334,2,1,8,124,2016,2,15,5,3,5,3,0,1,0,1,0,0,0,0,5.68955E+20,5.93425E+21,1.00408E+16,5.35526E+16
7334,7335,1,0,59,83,2016,11,15,3,3,2,6,0,1,0,1,0,0,0,0,5.49793E+20,6.05452E+21,9.77144E+15,5.46357E+16
7335,7336,1,0,51,134,2016,12,7,6,3,5,2,1,1,0,0,0,0,0,1,5.06814E+20,5.98831E+21,9.10406E+15,5.4043E+16
7336,7337,2,7,10,711,2016,3,14,7,3,2,6,0,0,0,1,0,0,0,0,5.59524E+20,5.92511E+21,9.89676E+15,5.34716E+16
7337,7338,1,0,4,0,2016,11,16,7,3,1,5,1,1,0,1,0,0,0,0,5.64429E+20,5.99609E+21,9.9855E+15,5.41089E+16
7338,7339,1,0,55,18,2016,10,6,1,3,8,1,1,1,0,0,0,0,0,1,6.32355E+20,6.01249E+21,1.10311E+16,5.42432E+16
7339,7340,1,0,4,0,2016,11,7,2,3,0,7,1,0,1,0,0,0,0,0,5.63377E+20,5.98999E+21,9.96813E+15,5.40542E+16
7340,7341,1,0,3,0,2016,9,11,6,3,6,4,0,0,1,0,1,0,0,0,6.1034E+20,5.97128E+21,1.06785E+16,5.38783E+16
7341,7342,1,0,57,80,2016,11,12,2,3,5,3,0,0,0,1,0,0,1,0,5.79655E+20,5.99785E+21,1.02188E+16,5.41227E+16
7342,7343,1,0,3,0,2016,11,7,5,3,5,2,1,0,1,1,0,0,0,0,6.08885E+20,5.96979E+21,1.06558E+16,5.38651E+16
7343,7344,1,0,54,11,2016,12,6,5,3,4,6,2,1,0,1,0,0,0,0,5.14768E+20,6.04639E+21,9.22839E+15,5.45648E+16
7344,7345,1,0,60,92,2016,10,5,2,3,9,1,2,1,0,1,0,0,0,0,5.78505E+20,5.97955E+21,1.01965E+16,5.39583E+16
7345,7346,1,0,53,23,2016,10,19,7,2,8,7,2,1,0,1,0,0,0,0,5.91879E+20,5.92745E+21,1.03848E+16,5.3488E+16
7346,7347,1,0,62,1,2016,12,18,4,3,2,6,2,1,0,1,0,0,0,0,5.82989E+20,5.948E+21,1.02563E+16,5.36741E+16
7347,7348,2,3,7,319,2016,1,15,1,3,2,6,0,1,0,1,0,0,0,0,5.61827E+20,5.94468E+21,9.93533E+15,5.36472E+16
7348,7349,2,1,19,140,2016,3,6,4,3,1,6,1,0,0,1,0,0,0,0,5.61607E+20,5.93243E+21,9.92958E+15,5.35371E+16
7349,7350,1,0,56,2,2016,10,11,2,3,0,1,0,1,0,0,0,1,0,0,5.51878E+20,5.95982E+21,9.78738E+15,5.37844E+16
7350,7351,1,0,58,38,2016,12,19,7,3,9,1,2,2,0,1,0,0,0,0,5.62109E+20,6.00379E+21,9.9516E+15,5.41784E+16
7351,7352,1,0,58,110,2016,10,12,7,2,7,7,0,0,0,0,0,1,0,0,5.62212E+20,6.03135E+21,9.95892E+15,5.4426E+16
7352,7353,1,0,2,0,2016,10,19,4,3,8,1,2,1,0,1,0,0,0,0,5.78353E+20,6.02148E+21,1.0205E+16,5.43352E+16
7353,7354,1,0,59,23,2016,10,7,4,3,8,1,1,1,0,1,0,0,0,0,5.26926E+20,6.03788E+21,9.41566E+15,5.44878E+16
7354,7355,1,0,56,15,2016,12,8,5,3,6,2,1,1,0,0,1,0,1,0,5.43501E+20,5.95583E+21,9.65968E+15,5.37493E+16
7355,7356,1,0,3,0,2016,9,18,4,3,2,6,0,0,0,1,0,0,0,0,6.0982E+20,5.96893E+21,1.06697E+16,5.38572E+16
7356,7357,1,0,2,0,2016,12,13,6,3,2,6,0,0,0,1,0,0,0,0,5.73307E+20,6.0171E+21,1.01264E+16,5.42965E+16
7357,7358,1,0,60,94,2016,10,6,5,2,9,1,2,0,0,0,0,1,0,0,5.72047E+20,5.96163E+21,1.00939E+16,5.37983E+16
7358,7359,1,0,61,76,2016,11,7,5,3,8,1,1,2,0,1,0,0,0,0,5.2649E+20,5.98643E+21,9.40437E+15,5.40255E+16
7359,7360,1,0,55,42,2016,11,6,7,3,1,1,2,2,0,1,0,0,0,0,6.19919E+20,5.984E+21,1.08291E+16,5.39904E+16
7360,7361,1,0,61,46,2016,11,17,3,3,5,3,2,0,1,1,0,0,0,0,5.33715E+20,5.97592E+21,9.51349E+15,5.39306E+16
7361,7362,1,0,60,63,2016,12,4,3,2,5,3,2,0,0,1,0,0,0,0,5.64551E+20,5.95502E+21,9.9787E+15,5.37399E+16
7362,7363,1,0,56,34,2016,10,16,1,3,9,1,0,0,0,1,0,0,0,0,5.57771E+20,5.96122E+21,9.87707E+15,5.37963E+16
7363,7364,1,0,54,24,2016,10,23,6,2,4,6,2,0,0,1,0,0,0,1,5.02809E+20,6.0509E+21,9.04348E+15,5.46056E+16
7364,7365,1,0,2,0,2016,12,7,3,2,9,1,2,1,0,1,0,0,0,0,5.73204E+20,6.0256E+21,1.01269E+16,5.43729E+16
7365,7366,1,0,1,0,2016,12,16,7,3,4,2,1,1,0,1,0,1,0,0,5.28004E+20,6.06831E+21,9.4352E+15,5.47613E+16
7366,7367,2,7,2,703,2016,2,6,6,3,3,6,2,1,0,1,0,0,1,0,5.68016E+20,5.92476E+21,1.00246E+16,5.34675E+16
7367,7368,1,0,62,61,2016,11,7,5,3,0,3,0,1,0,1,0,1,0,0,5.97631E+20,5.96573E+21,1.04835E+16,5.3831E+16
7368,7369,1,0,2,0,2016,10,21,4,2,0,1,2,0,1,0,0,0,0,0,5.74067E+20,6.0183E+21,1.01384E+16,5.43072E+16
7369,7370,1,0,58,139,2016,10,12,6,3,2,3,0,1,0,1,0,0,0,0,5.66986E+20,6.01198E+21,1.00281E+16,5.42514E+16
7370,7371,1,0,58,130,2016,10,14,2,3,8,1,0,0,0,1,0,0,0,0,5.67275E+20,6.02191E+21,1.00348E+16,5.43406E+16
7371,7372,1,0,56,26,2016,12,8,2,3,2,6,0,0,0,1,0,0,0,0,5.55213E+20,5.95748E+21,9.83757E+15,5.3763E+16
7372,7373,1,0,61,46,2016,10,16,1,3,2,7,0,1,0,1,0,1,0,0,5.36427E+20,5.97688E+21,9.5549E+15,5.39391E+16
7373,7374,1,0,3,0,2016,11,23,4,3,4,1,2,1,0,1,0,0,0,1,6.10816E+20,5.96909E+21,1.06849E+16,5.38584E+16
7374,7375,1,0,53,3,2016,11,7,4,2,6,4,1,1,0,1,1,0,0,0,5.87157E+20,5.93209E+21,1.03149E+16,5.35305E+16
7375,7376,1,0,58,58,2016,11,13,7,2,5,3,0,0,1,1,0,0,0,0,5.63154E+20,6.0292E+21,9.97298E+15,5.44067E+16
7376,7377,1,0,54,84,2016,12,16,4,3,5,3,2,1,0,1,0,0,0,0,5.07863E+20,6.03694E+21,9.12135E+15,5.44801E+16
7377,7378,1,0,58,99,2016,11,8,6,3,8,6,0,1,0,1,0,0,1,0,5.57955E+20,6.04275E+21,9.89555E+15,5.4529E+16
7378,7379,1,0,60,23,2016,12,7,6,3,9,1,2,1,0,1,0,0,0,0,5.56048E+20,5.97849E+21,9.85407E+15,5.39517E+16
7379,7380,2,2,6,218,2016,1,17,5,3,6,4,0,0,0,1,1,0,0,0,5.57915E+20,5.93613E+21,9.87457E+15,5.35709E+16
7380,7381,1,0,62,18,2016,11,17,6,3,2,6,2,0,0,1,0,0,0,0,5.81436E+20,5.93163E+21,1.02285E+16,5.35272E+16
7381,7382,1,0,58,135,2016,12,17,4,3,1,5,2,0,0,1,0,0,0,0,5.41296E+20,6.01478E+21,9.63425E+15,5.42793E+16
7382,7383,1,0,3,0,2016,11,16,2,3,2,6,1,0,0,1,0,0,0,0,6.12242E+20,5.96807E+21,1.07062E+16,5.3849E+16
7383,7384,1,0,58,47,2016,12,15,2,2,8,1,0,0,0,1,0,0,0,0,5.33531E+20,6.01228E+21,9.51472E+15,5.42573E+16
7384,7385,1,0,54,57,2016,12,2,6,3,8,1,2,2,0,1,0,0,0,0,5.09857E+20,6.04369E+21,9.15235E+15,5.45406E+16
7385,7386,2,3,7,319,2016,2,15,6,3,1,6,0,0,0,1,0,0,0,0,5.60187E+20,5.94261E+21,9.91012E+15,5.36288E+16
7386,7387,1,0,61,46,2016,10,7,5,3,0,1,0,0,0,0,0,1,0,0,5.32084E+20,5.97897E+21,9.48897E+15,5.39581E+16
7387,7388,1,0,4,0,2016,11,6,4,3,0,7,1,1,1,0,0,0,0,0,5.64409E+20,5.99303E+21,9.98454E+15,5.40815E+16
7388,7389,1,0,59,18,2016,10,9,4,3,2,6,0,0,0,1,0,0,1,0,5.3583E+20,6.03947E+21,9.55329E+15,5.45016E+16
7389,7390,1,0,60,39,2016,10,8,2,3,2,6,0,1,0,1,0,0,0,1,5.64528E+20,5.95847E+21,9.97907E+15,5.37708E+16
7390,7391,2,2,5,215,2016,4,8,2,3,1,6,0,1,0,1,0,0,1,1,5.60652E+20,5.93756E+21,9.91618E+15,5.35834E+16
7391,7392,1,0,54,118,2016,11,6,2,2,5,3,2,0,0,1,0,1,0,0,5.09066E+20,6.03909E+21,9.13999E+15,5.44993E+16
7392,7393,1,0,60,47,2016,12,10,7,3,9,1,0,1,0,1,0,0,0,0,5.66106E+20,5.96415E+21,1.00042E+16,5.38217E+16
7393,7394,1,0,4,0,2016,11,19,4,3,2,7,2,0,0,1,0,0,0,0,5.6207E+20,5.99701E+21,9.9496E+15,5.41175E+16
7394,7395,1,0,58,54,2016,11,7,3,3,9,1,0,2,0,1,0,0,0,0,5.37541E+20,6.01518E+21,9.57663E+15,5.42832E+16
7395,7396,1,0,51,138,2016,10,16,1,3,8,1,0,1,0,1,0,0,0,0,5.16739E+20,5.99749E+21,9.25613E+15,5.41252E+16
7396,7397,1,0,1,0,2016,11,14,3,3,6,7,0,0,0,1,1,0,0,0,5.27823E+20,6.07023E+21,9.43257E+15,5.47785E+16
7397,7398,1,0,4,0,2016,11,7,6,3,2,6,2,1,0,1,0,0,0,0,5.63372E+20,5.98874E+21,9.9678E+15,5.4043E+16
7398,7399,1,0,62,45,2016,12,16,6,3,5,3,1,0,1,1,0,0,0,0,5.90093E+20,5.94519E+21,1.0363E+16,5.36477E+16
7399,7400,1,0,54,98,2016,12,11,2,3,5,3,0,0,0,1,0,0,0,1,4.64824E+20,6.06457E+21,8.4538E+15,5.47271E+16
7400,7401,1,0,59,75,2016,10,7,2,3,2,6,0,0,0,1,0,1,0,0,5.36289E+20,6.04208E+21,9.56069E+15,5.4525E+16
7401,7402,1,0,2,0,2016,11,18,5,3,5,3,2,1,0,1,0,1,0,0,5.74883E+20,6.0133E+21,1.01496E+16,5.42622E+16
7402,7403,1,0,4,0,2016,12,18,5,3,2,6,2,1,0,1,0,0,0,0,5.6475E+20,5.99377E+21,9.9899E+15,5.4088E+16
7403,7404,1,0,3,0,2016,10,14,6,3,2,6,0,1,0,1,0,0,0,0,6.14958E+20,5.97077E+21,1.07485E+16,5.38727E+16
7404,7405,2,3,5,317,2016,1,0,3,3,9,7,2,0,0,1,0,0,0,0,5.63625E+20,5.93996E+21,9.96156E+15,5.36046E+16
7405,7406,2,3,1,306,2016,3,9,2,3,3,7,0,1,0,1,0,0,0,0,5.63358E+20,5.93623E+21,9.95677E+15,5.35711E+16
7406,7407,1,0,3,0,2016,9,10,6,2,5,3,0,0,1,1,0,0,0,0,6.10217E+20,5.97088E+21,1.06765E+16,5.38747E+16
7407,7408,1,0,3,0,2016,11,7,3,3,5,2,0,1,0,1,0,1,0,0,6.12659E+20,5.96673E+21,1.07121E+16,5.38368E+16
7408,7409,1,0,51,83,2016,12,19,1,3,9,1,2,1,0,1,0,0,0,0,5.12197E+20,5.99857E+21,9.18667E+15,5.41351E+16
7409,7410,1,0,62,1,2016,10,13,1,3,0,1,0,0,1,0,0,0,0,0,5.80658E+20,5.94681E+21,1.02207E+16,5.36638E+16
7410,7411,1,0,2,0,2016,12,0,7,3,8,1,2,1,0,1,0,0,0,0,5.74445E+20,6.02033E+21,1.01447E+16,5.43254E+16
7411,7412,1,0,59,75,2016,9,11,6,3,2,6,0,1,0,1,0,0,0,0,5.3471E+20,6.04292E+21,9.53639E+15,5.45326E+16
7412,7413,1,0,3,0,2016,10,14,3,3,2,6,0,0,0,1,0,1,0,0,6.11937E+20,5.9684E+21,1.07017E+16,5.3852E+16
7413,7414,2,3,8,320,2016,2,8,2,3,2,6,0,1,0,1,0,0,0,0,5.59176E+20,5.94192E+21,9.89471E+15,5.36227E+16
7414,7415,1,0,56,51,2016,11,15,2,3,8,1,1,0,0,1,0,0,0,0,5.4568E+20,5.96736E+21,9.69443E+15,5.38527E+16
7415,7416,1,0,62,6,2016,12,19,6,3,5,2,2,1,1,1,0,0,0,0,5.83726E+20,5.95422E+21,1.02691E+16,5.37299E+16
7416,7417,1,0,51,51,2016,11,7,6,3,1,5,0,0,0,1,0,0,1,0,5.18735E+20,5.98606E+21,9.28597E+15,5.40224E+16
7417,7418,1,0,56,39,2016,11,16,1,1,4,6,0,0,0,1,0,0,0,0,5.52014E+20,5.94137E+21,9.78634E+15,5.36185E+16
7418,7419,1,0,2,0,2016,11,19,2,3,5,2,2,0,1,1,0,0,0,0,5.72437E+20,6.02113E+21,1.0114E+16,5.43328E+16
7419,7420,1,0,1,0,2016,11,7,5,3,8,1,1,2,0,1,0,0,0,0,5.23846E+20,6.06993E+21,9.37072E+15,5.4776E+16
7420,7421,1,0,56,36,2016,12,16,4,3,4,6,2,1,1,0,1,0,0,0,5.44731E+20,5.94789E+21,9.67719E+15,5.36779E+16
7421,7422,1,0,2,0,2016,10,18,2,2,5,2,2,0,0,1,0,0,0,0,5.7252E+20,6.02036E+21,1.01151E+16,5.4326E+16
7422,7423,1,0,2,0,2016,12,15,4,3,1,5,0,0,0,1,0,0,0,0,5.72269E+20,6.01934E+21,1.0111E+16,5.43168E+16