FID,OBJECTID,ULAND,UREGBEZ,UKREIS,UGEMEINDE,UJAHR,UMONAT,USTUNDE,UWOCHENTAG,UKATEGORIE,UART,UTYP1,ULICHTVERH,IstStrasse,IstRad,IstPKW,IstFuss,IstKrad,IstGkfz,IstSonstig,LINREFX,LINREFY,XGCSWGS84,YGCSWGS84
7423,7424,2,2,5,216,2016,1,22,5,3,4,2,2,2,0,1,0,0,0,0,5.60328E+20,5.9356E+21,9.91091E+15,5.35658E+16
7424,7425,2,7,14,715,2016,3,12,7,3,2,6,0,1,0,1,0,0,0,0,5.57018E+20,5.92506E+21,9.85902E+15,5.34714E+16
7425,7426,1,0,62,4,2016,10,9,2,3,2,6,0,0,0,1,0,0,0,0,5.93135E+20,5.96056E+21,1.04136E+16,5.37853E+16
7426,7427,1,0,51,44,2016,10,18,6,3,2,6,2,0,0,1,0,0,0,0,5.05873E+20,6.00466E+21,9.09E+15,5.419E+16
7427,7428,1,0,56,50,2016,10,16,3,3,2,6,0,0,0,1,0,0,0,0,5.48823E+20,5.93762E+21,9.73753E+15,5.35851E+16
7428,7429,1,0,2,0,2016,10,10,3,3,5,3,0,0,0,1,0,0,0,0,5.76835E+20,6.01878E+21,1.0181E+16,5.43111E+16
7429,7430,1,0,2,0,2016,12,18,5,3,0,7,2,0,0,0,0,0,0,1,5.73703E+20,6.01948E+21,1.01331E+16,5.43179E+16
7430,7431,1,0,3,0,2016,9,13,4,3,5,2,0,0,1,0,0,0,0,1,6.10127E+20,5.97073E+21,1.06751E+16,5.38733E+16
7431,7432,1,0,59,159,2016,12,8,6,3,3,3,0,1,0,1,0,0,0,0,5.27713E+20,6.05768E+21,9.42967E+15,5.46658E+16
7432,7433,1,0,2,0,2016,10,18,5,3,2,6,2,0,0,1,0,0,0,1,5.73605E+20,6.01785E+21,1.01312E+16,5.43032E+16
7433,7434,1,0,58,34,2016,11,18,5,3,5,2,2,0,1,1,0,0,0,0,5.44808E+20,6.01927E+21,9.68886E+15,5.43193E+16
7434,7435,1,0,57,74,2016,11,8,7,3,9,1,0,2,0,1,0,0,0,0,5.80978E+20,6.0225E+21,1.02457E+16,5.43439E+16
7435,7436,1,0,3,0,2016,10,16,3,3,5,3,0,0,1,1,0,0,0,0,6.10693E+20,5.97225E+21,1.06842E+16,5.38869E+16
7436,7437,1,0,53,32,2016,11,8,3,3,6,7,0,0,1,0,1,0,0,0,5.9116E+20,5.92252E+21,1.03725E+16,5.34438E+16
7437,7438,1,0,55,35,2016,12,22,3,3,9,1,2,1,0,1,0,0,0,0,6.1288E+20,5.97742E+21,1.07194E+16,5.39328E+16
7438,7439,1,0,61,72,2016,10,15,1,3,3,6,0,0,0,1,0,1,0,0,5.3394E+20,5.97196E+21,9.51649E+15,5.38949E+16
7439,7440,1,0,3,0,2016,10,14,5,3,2,6,0,1,0,1,0,0,0,0,6.12538E+20,5.96962E+21,1.07113E+16,5.38629E+16
7440,7441,1,0,3,0,2016,10,14,4,3,5,3,0,0,1,1,0,0,0,0,6.10067E+20,5.96792E+21,1.06731E+16,5.38481E+16
7441,7442,1,0,56,5,2016,12,14,6,3,1,5,0,0,0,1,0,0,0,0,5.59863E+20,5.94641E+21,9.90595E+15,5.3663E+16
7442,7443,2,1,1,102,2016,2,8,5,3,3,6,0,0,0,1,0,0,0,0,5.65729E+20,5.93361E+21,9.99202E+15,5.35472E+16
7443,7444,1,0,4,0,2016,10,10,6,2,4,6,0,1,0,1,0,0,0,0,5.63208E+20,5.99352E+21,9.96629E+15,5.40859E+16
7444,7445,1,0,58,96,2016,11,17,5,3,0,7,2,0,1,0,0,0,0,1,5.60687E+20,6.02787E+21,9.93471E+15,5.43949E+16
7445,7446,1,0,56,39,2016,10,9,3,2,5,2,0,1,1,1,0,0,0,0,5.5245E+20,5.9471E+21,9.79391E+15,5.367E+16
7446,7447,1,0,62,60,2016,10,13,5,3,5,3,0,0,0,1,0,0,0,0,5.81405E+20,5.92999E+21,1.02276E+16,5.35126E+16
7447,7448,1,0,53,20,2016,9,16,3,3,5,3,0,0,0,1,0,0,0,0,6.07442E+20,5.92688E+21,1.0619E+16,5.34799E+16
7448,7449,1,0,58,135,2016,12,17,2,3,2,6,2,1,0,1,0,0,0,1,5.42849E+20,6.01792E+21,9.65855E+15,5.43073E+16
7449,7450,1,0,62,4,2016,10,17,7,3,5,3,0,1,0,1,0,0,0,0,5.90837E+20,5.96341E+21,1.03796E+16,5.38113E+16
7450,7451,1,0,2,0,2016,11,18,4,3,8,6,2,1,0,1,0,0,0,0,5.71975E+20,6.02108E+21,1.01069E+16,5.43325E+16
7451,7452,1,0,1,0,2016,11,12,4,3,0,6,0,0,0,1,0,0,0,1,5.27124E+20,6.0737E+21,9.42203E+15,5.48097E+16
7452,7453,1,0,51,48,2016,11,14,6,3,2,6,0,1,0,1,0,0,0,0,5.05761E+20,6.00189E+21,9.08824E+15,5.41651E+16
7453,7454,1,0,53,116,2016,12,20,1,2,9,1,2,1,0,1,0,0,0,0,5.97686E+20,5.93068E+21,1.04733E+16,5.3516E+16
7454,7455,1,0,4,0,2016,12,17,3,3,4,6,2,0,0,0,0,0,1,0,5.63869E+20,5.98861E+21,9.97535E+15,5.40418E+16
7455,7456,1,0,51,138,2016,11,13,6,2,3,6,0,0,0,1,0,0,1,0,5.1679E+20,5.99727E+21,9.25691E+15,5.41233E+16
7456,7457,1,0,3,0,2016,12,23,6,3,8,7,2,1,0,1,0,0,0,0,6.15481E+20,5.97089E+21,1.07565E+16,5.38736E+16
7457,7458,1,0,57,30,2016,10,14,7,2,8,1,0,0,0,0,0,1,0,0,6.04788E+20,6.01711E+21,1.06099E+16,5.42911E+16
7458,7459,2,3,1,305,2016,1,13,3,3,4,2,0,0,0,1,0,0,0,0,5.63528E+20,5.93663E+21,9.95942E+15,5.35746E+16
7459,7460,1,0,2,0,2016,11,7,6,3,5,2,2,1,1,1,0,0,0,0,5.76578E+20,6.01799E+21,1.01769E+16,5.4304E+16
7460,7461,1,0,58,135,2016,12,19,3,3,5,2,2,0,0,1,0,0,0,0,5.42179E+20,6.01811E+21,9.64829E+15,5.43091E+16
7461,7462,1,0,62,9,2016,12,6,2,3,2,6,2,1,0,1,0,0,0,1,5.80779E+20,5.93504E+21,1.02195E+16,5.3558E+16
7462,7463,1,0,3,0,2016,12,14,5,3,4,6,0,0,1,0,0,0,0,0,6.11165E+20,5.97121E+21,1.0691E+16,5.38774E+16
7463,7464,2,2,9,221,2016,2,15,2,3,3,2,0,0,0,1,0,0,0,0,5.56835E+20,5.93625E+21,9.85828E+15,5.3572E+16
7464,7465,1,0,56,15,2016,11,16,3,3,0,7,1,1,1,1,0,0,0,0,5.4365E+20,5.95579E+21,9.66193E+15,5.37489E+16
7465,7466,1,0,60,95,2016,11,13,3,3,5,3,0,0,1,0,0,0,1,0,5.54691E+20,5.97326E+21,9.83246E+15,5.39049E+16
7466,7467,1,0,55,4,2016,12,16,3,3,0,3,2,1,1,1,0,0,0,0,6.11048E+20,5.97428E+21,1.06903E+16,5.3905E+16
7467,7468,1,0,2,0,2016,10,17,1,2,5,3,0,0,0,1,0,0,0,0,5.72286E+20,6.0198E+21,1.01114E+16,5.4321E+16
7468,7469,1,0,56,41,2016,10,16,5,3,5,3,0,0,0,1,0,0,0,0,5.59092E+20,5.95413E+21,9.89577E+15,5.37325E+16
7469,7470,1,0,2,0,2016,12,17,3,3,5,3,2,1,0,1,0,0,0,0,5.71618E+20,6.01906E+21,1.01009E+16,5.43144E+16
7470,7471,1,0,61,46,2016,12,12,6,3,4,1,0,2,0,1,0,0,0,0,5.33969E+20,5.97334E+21,9.51708E+15,5.39074E+16
7471,7472,2,1,14,132,2016,2,19,5,3,1,6,2,1,0,1,0,0,0,0,5.68466E+20,5.93301E+21,1.00332E+16,5.35415E+16
7472,7473,1,0,55,4,2016,10,14,6,3,0,7,0,0,0,0,0,0,0,1,6.09726E+20,5.97422E+21,1.06702E+16,5.39048E+16
7473,7474,1,0,55,46,2016,11,8,5,3,0,3,0,1,0,0,1,0,0,1,6.41601E+20,6.03495E+21,1.11836E+16,5.44425E+16
7474,7475,1,0,3,0,2016,10,13,4,3,9,1,0,1,0,1,0,0,0,0,6.16907E+20,5.97476E+21,1.07797E+16,5.39081E+16
7475,7476,1,0,60,39,2016,10,14,5,2,3,6,0,0,0,1,0,0,0,0,5.646E+20,5.96068E+21,9.98062E+15,5.37907E+16
7476,7477,1,0,55,35,2016,12,11,2,3,5,2,0,0,0,1,0,0,0,0,6.13978E+20,5.97568E+21,1.07354E+16,5.3917E+16
7477,7478,1,0,59,167,2016,10,2,1,1,9,1,2,1,0,1,0,0,0,0,5.48583E+20,6.06369E+21,9.75421E+15,5.47182E+16
7478,7479,1,0,2,0,2016,11,7,4,3,2,6,2,1,0,1,0,0,0,0,5.74881E+20,6.01742E+21,1.01507E+16,5.42992E+16
7479,7480,1,0,4,0,2016,11,9,4,3,2,6,0,0,0,1,0,0,0,0,5.65418E+20,5.9918E+21,9.99969E+15,5.40702E+16
7480,7481,1,0,2,0,2016,11,19,7,3,5,2,2,1,0,1,0,1,0,0,5.72967E+20,6.02104E+21,1.01221E+16,5.43319E+16
7481,7482,1,0,62,61,2016,12,16,4,3,9,1,2,0,0,1,0,0,0,0,5.99441E+20,5.96457E+21,1.05106E+16,5.38201E+16
7482,7483,1,0,59,187,2016,11,13,6,3,5,3,0,1,0,1,0,0,0,0,5.53268E+20,6.05243E+21,9.82488E+15,5.46165E+16
7483,7484,1,0,53,116,2016,12,11,6,3,6,7,0,1,0,1,1,0,0,0,5.98318E+20,5.92976E+21,1.04825E+16,5.35075E+16
7484,7485,2,1,1,102,2016,1,7,4,3,6,2,2,1,0,0,1,0,1,0,5.65494E+20,5.93362E+21,9.98848E+15,5.35474E+16
7485,7486,1,0,4,0,2016,11,7,6,3,5,3,2,1,0,1,0,1,0,0,5.63436E+20,5.98994E+21,9.96901E+15,5.40538E+16
7486,7487,1,0,56,15,2016,12,14,3,3,5,3,0,1,0,1,0,0,0,0,5.435E+20,5.95582E+21,9.65967E+15,5.37492E+16
7487,7488,1,0,57,51,2016,11,17,2,3,4,6,2,1,1,0,0,0,0,0,5.77131E+20,6.02281E+21,1.01866E+16,5.43473E+16
7488,7489,1,0,1,0,2016,12,17,2,3,3,6,2,1,0,1,0,0,0,0,5.28791E+20,6.06826E+21,9.44743E+15,5.47607E+16
7489,7490,1,0,61,56,2016,12,18,5,3,5,2,2,0,0,1,0,0,0,0,5.31527E+20,5.97138E+21,9.4797E+15,5.38899E+16
7490,7491,2,2,5,216,2016,2,9,4,3,5,3,0,0,0,1,0,0,0,0,5.60324E+20,5.9356E+21,9.91084E+15,5.35658E+16
7491,7492,1,0,2,0,2016,11,18,4,3,0,1,2,1,1,0,0,0,0,0,5.74079E+20,6.01853E+21,1.01386E+16,5.43092E+16
7492,7493,1,0,3,0,2016,10,15,2,3,5,3,0,0,1,0,0,0,0,0,6.12445E+20,5.97093E+21,1.07104E+16,5.38746E+16
7493,7494,2,1,16,136,2016,4,17,6,3,2,6,0,0,0,1,0,0,0,0,5.68932E+20,5.9287E+21,1.00393E+16,5.35028E+16
7494,7495,1,0,53,3,2016,11,3,1,2,8,1,2,2,0,1,0,0,0,0,5.88802E+20,5.93128E+21,1.03395E+16,5.3523E+16
7495,7496,1,0,62,53,2016,12,19,7,3,4,6,2,1,0,1,0,0,0,0,5.77422E+20,5.93322E+21,1.01684E+16,5.35421E+16
7496,7497,1,0,2,0,2016,11,14,3,3,2,2,0,1,1,1,0,0,0,0,5.72984E+20,6.02103E+21,1.01224E+16,5.43319E+16
7497,7498,1,0,60,39,2016,10,19,7,3,5,2,1,0,0,1,0,0,0,0,5.64762E+20,5.9622E+21,9.9834E+15,5.38043E+16
7498,7499,1,0,62,45,2016,11,17,2,2,5,3,2,1,0,1,0,1,0,0,5.91167E+20,5.94705E+21,1.03798E+16,5.36642E+16
7499,7500,1,0,2,0,2016,11,22,6,3,2,6,2,1,0,1,0,0,0,0,5.74744E+20,6.01825E+21,1.01487E+16,5.43066E+16
7500,7501,1,0,4,0,2016,12,13,6,3,5,2,0,0,1,1,0,0,0,0,5.63008E+20,5.99179E+21,9.96287E+15,5.40705E+16
7501,7502,1,0,56,14,2016,10,8,1,2,5,3,0,1,0,1,0,0,0,0,5.50158E+20,5.95284E+21,9.76014E+15,5.37219E+16
7502,7503,1,0,56,40,2016,11,10,4,3,5,2,0,1,0,1,0,1,0,0,5.50448E+20,5.94796E+21,9.76374E+15,5.36779E+16
7503,7504,1,0,1,0,2016,12,21,5,3,5,3,2,1,0,1,0,0,0,1,5.28022E+20,6.06807E+21,9.43546E+15,5.47591E+16
7504,7505,1,0,4,0,2016,10,18,6,3,5,2,0,0,1,1,0,0,0,0,5.644E+20,5.99138E+21,9.98406E+15,5.40666E+16
7505,7506,2,1,12,130,2016,1,7,2,3,2,6,1,2,0,1,0,0,0,0,5.75011E+20,5.93161E+21,1.01316E+16,5.3528E+16
7506,7507,2,1,6,115,2016,3,17,6,3,2,6,1,0,0,1,0,0,0,0,5.66873E+20,5.9337E+21,1.00093E+16,5.35479E+16
7507,7508,1,0,2,0,2016,9,16,6,3,5,2,0,1,1,1,0,0,0,0,5.73615E+20,6.02103E+21,1.01321E+16,5.43318E+16
7508,7509,1,0,58,9,2016,11,10,3,3,6,4,0,1,0,1,1,0,0,0,5.51232E+20,5.99298E+21,9.78313E+15,5.40824E+16
7509,7510,1,0,53,47,2016,12,13,1,1,4,6,0,1,0,1,0,0,0,0,5.96893E+20,5.92084E+21,1.04583E+16,5.34277E+16
7510,7511,1,0,3,0,2016,10,16,1,3,1,5,0,0,1,1,0,0,0,0,6.10763E+20,5.96368E+21,1.06822E+16,5.38099E+16
7511,7512,1,0,58,98,2016,9,16,6,3,2,6,0,1,0,1,0,0,0,0,5.62919E+20,6.00007E+21,9.96323E+15,5.41449E+16
7512,7513,2,1,6,117,2016,2,20,6,3,4,2,2,1,0,1,0,0,1,0,5.68297E+20,5.93343E+21,1.00307E+16,5.35453E+16
7513,7514,1,0,58,68,2016,10,9,5,3,8,1,0,1,0,1,0,0,0,0,5.37239E+20,6.00299E+21,9.57048E+15,5.41736E+16
7514,7515,1,0,55,27,2016,12,18,6,3,1,5,2,0,0,1,0,0,0,0,6.2212E+20,6.01346E+21,1.08746E+16,5.42545E+16
7515,7516,1,0,62,6,2016,11,15,6,2,2,6,0,1,0,1,0,0,0,0,5.85067E+20,5.95276E+21,1.0289E+16,5.37166E+16
7516,7517,1,0,3,0,2016,11,20,1,3,3,6,2,0,0,1,0,1,0,0,6.10249E+20,5.96995E+21,1.06766E+16,5.38663E+16
7517,7518,1,0,53,46,2016,11,18,2,2,9,1,2,0,0,0,0,0,0,1,6.17942E+20,5.93238E+21,1.07793E+16,5.35271E+16
7518,7519,1,0,58,146,2016,11,11,5,3,5,3,0,0,0,1,0,0,0,0,5.50055E+20,6.01548E+21,9.76888E+15,5.42848E+16
7519,7520,1,0,3,0,2016,12,7,4,3,2,6,1,1,0,1,0,0,0,0,6.08813E+20,5.97059E+21,1.0655E+16,5.38724E+16
7520,7521,1,0,61,38,2016,10,17,1,2,4,7,0,1,0,1,0,0,0,1,5.48376E+20,5.97204E+21,9.73615E+15,5.38945E+16
7521,7522,1,0,62,27,2016,12,9,4,3,3,6,0,1,0,1,0,0,0,0,5.88109E+20,5.95275E+21,1.03351E+16,5.3716E+16
7522,7523,2,2,5,216,2016,1,14,4,3,4,6,0,0,0,1,0,0,0,0,5.60614E+20,5.93549E+21,9.91519E+15,5.35647E+16
7523,7524,2,2,5,216,2016,3,12,7,3,3,2,0,1,0,1,0,0,0,1,5.59617E+20,5.93551E+21,9.90015E+15,5.35651E+16
7524,7525,1,0,3,0,2016,10,17,2,3,2,6,1,1,0,1,0,0,0,0,6.07735E+20,5.96862E+21,1.06379E+16,5.38549E+16
7525,7526,1,0,3,0,2016,11,17,1,3,2,6,2,0,0,1,0,0,0,0,6.08892E+20,5.96991E+21,1.0656E+16,5.38663E+16
7526,7527,1,0,53,6,2016,10,14,6,2,5,3,0,1,0,1,0,0,0,0,6.05056E+20,5.92025E+21,1.05809E+16,5.34209E+16
7527,7528,1,0,4,0,2016,10,15,3,3,2,6,0,0,0,1,0,0,0,0,5.62387E+20,5.99738E+21,9.95454E+15,5.41208E+16
7528,7529,1,0,60,64,2016,10,7,2,3,2,6,1,1,0,1,0,0,0,0,5.6083E+20,5.9678E+21,9.9248E+15,5.38552E+16
7529,7530,1,0,59,158,2016,12,17,5,3,5,3,2,1,0,1,0,0,0,0,5.10836E+20,6.0687E+21,9.16842E+15,5.47654E+16
7530,7531,1,0,2,0,2016,10,13,5,3,2,6,0,0,0,1,0,0,0,0,5.76373E+20,6.01732E+21,1.01735E+16,5.4298E+16
7531,7532,1,0,3,0,2016,9,8,4,3,4,6,0,0,1,0,0,0,0,0,6.0933E+20,5.97158E+21,1.06632E+16,5.38811E+16
7532,7533,1,0,62,4,2016,11,19,1,3,4,6,2,0,0,1,0,0,0,0,5.84833E+20,5.96023E+21,1.02876E+16,5.37838E+16
7533,7534,1,0,4,0,2016,12,5,5,3,5,3,2,1,0,1,0,0,0,0,5.63844E+20,5.99383E+21,9.97608E+15,5.40887E+16
7534,7535,1,0,60,54,2016,10,6,4,3,9,6,2,1,0,1,0,0,0,0,5.59079E+20,5.97078E+21,9.89876E+15,5.38821E+16
7535,7536,1,0,59,53,2016,11,8,7,3,0,1,0,2,1,0,0,0,0,0,5.32773E+20,6.0297E+21,9.505E+15,5.4414E+16
7536,7537,1,0,57,16,2016,10,10,3,3,4,6,0,0,0,0,0,0,1,0,5.839E+20,6.01855E+21,1.02895E+16,5.43079E+16
7537,7538,1,0,3,0,2016,11,7,3,3,1,5,1,0,0,1,0,0,0,0,6.13048E+20,5.97089E+21,1.07195E+16,5.38742E+16
7538,7539,1,0,57,73,2016,12,10,3,3,5,3,0,0,1,1,0,0,0,0,5.89178E+20,6.02766E+21,1.03733E+16,5.43889E+16
7539,7540,1,0,62,87,2016,10,11,7,3,0,1,0,1,0,0,0,1,0,0,5.99974E+20,5.96991E+21,1.05204E+16,5.38681E+16
7540,7541,1,0,53,61,2016,12,8,6,3,9,1,0,2,0,1,0,0,0,0,6.02457E+20,5.95671E+21,1.05538E+16,5.37489E+16
7541,7542,2,4,7,417,2016,2,10,4,3,5,3,0,1,1,1,0,0,0,0,5.68446E+20,5.93563E+21,1.00335E+16,5.3565E+16
7542,7543,1,0,60,36,2016,10,14,5,3,7,6,0,0,0,1,0,0,0,1,5.63144E+20,5.97312E+21,9.96107E+15,5.39026E+16
7543,7544,1,0,1,0,2016,11,22,5,3,5,3,2,1,0,1,0,0,0,0,5.25904E+20,6.06765E+21,9.40251E+15,5.47555E+16
7544,7545,1,0,56,39,2016,10,15,3,3,0,1,0,1,0,0,0,1,0,0,5.52349E+20,5.94636E+21,9.79224E+15,5.36634E+16
7545,7546,1,0,59,116,2016,10,19,7,3,7,7,2,1,0,1,0,0,0,0,5.36448E+20,6.06407E+21,9.56588E+15,5.47226E+16
7546,7547,1,0,2,0,2016,10,6,3,2,5,3,2,1,1,1,0,0,0,0,5.73704E+20,6.02173E+21,1.01336E+16,5.4338E+16
7547,7548,2,6,10,611,2016,4,6,2,3,1,6,0,0,0,1,0,0,0,1,5.72887E+20,5.92962E+21,1.00991E+16,5.35104E+16
7548,7549,1,0,3,0,2016,9,7,3,3,5,3,0,0,1,1,0,0,0,0,6.13173E+20,5.96572E+21,1.07195E+16,5.38277E+16
7549,7550,1,0,2,0,2016,12,10,2,3,2,6,0,0,0,1,0,0,0,0,5.73704E+20,6.02958E+21,1.01356E+16,5.44086E+16
7550,7551,1,0,62,21,2016,10,7,7,2,4,6,1,1,0,1,0,0,1,0,5.92389E+20,5.94536E+21,1.03977E+16,5.36488E+16
7551,7552,1,0,60,63,2016,11,17,4,3,5,3,2,1,0,1,0,0,0,0,5.65567E+20,5.94826E+21,9.99266E+15,5.3679E+16
7552,7553,1,0,51,44,2016,11,8,3,3,5,3,0,1,0,1,0,0,0,0,5.08124E+20,6.00552E+21,9.12453E+15,5.41977E+16
7553,7554,1,0,51,75,2016,11,6,6,3,9,1,2,1,0,1,0,0,0,0,5.01717E+20,6.00681E+21,9.02633E+15,5.42093E+16
7554,7555,1,0,2,0,2016,12,18,1,2,6,4,2,0,0,1,1,0,0,0,5.74697E+20,6.01811E+21,1.0148E+16,5.43054E+16
7555,7556,1,0,1,0,2016,12,10,3,3,3,6,0,0,0,1,0,0,0,0,5.28061E+20,6.06786E+21,9.43604E+15,5.47572E+16
7556,7557,1,0,58,24,2016,11,14,6,3,8,1,0,1,0,1,0,0,0,0,5.45658E+20,6.02226E+21,9.70238E+15,5.43462E+16
7557,7558,1,0,57,57,2016,12,7,6,3,2,6,1,1,0,1,0,0,0,0,5.94035E+20,6.00197E+21,1.044E+16,5.41572E+16
7558,7559,1,0,54,76,2016,10,18,7,3,0,3,1,0,1,1,0,0,0,0,4.98116E+20,6.0696E+21,8.97071E+15,5.47736E+16
7559,7560,2,7,10,711,2016,1,13,6,3,5,3,0,0,0,1,0,0,0,0,5.64181E+20,5.92481E+21,9.96685E+15,5.34684E+16
7560,7561,1,0,62,78,2016,11,19,6,3,3,6,2,0,0,1,0,0,0,0,5.86852E+20,5.94904E+21,1.0315E+16,5.36828E+16
7561,7562,1,0,61,49,2016,12,16,2,3,5,3,2,1,0,1,0,0,0,0,5.47422E+20,5.97797E+21,9.72255E+15,5.39479E+16
7562,7563,1,0,4,0,2016,12,16,1,3,9,1,1,1,0,1,0,0,0,0,5.65449E+20,5.99109E+21,1E+16,5.40638E+16
7563,7564,1,0,2,0,2016,12,13,5,2,4,1,0,0,0,1,0,0,0,0,5.69533E+20,6.0186E+21,1.00688E+16,5.43105E+16
7564,7565,2,1,8,124,2016,2,19,7,3,2,2,2,0,0,1,0,0,0,0,5.68962E+20,5.93425E+21,1.00409E+16,5.35526E+16
7565,7566,1,0,56,26,2016,11,16,3,3,4,6,1,1,0,1,0,0,1,0,5.53078E+20,5.95609E+21,9.80495E+15,5.37507E+16
7566,7567,1,0,4,0,2016,12,15,7,3,2,6,0,0,0,1,0,0,0,0,5.62809E+20,5.99181E+21,9.95983E+15,5.40706E+16
7567,7568,2,7,9,710,2016,3,7,3,3,5,3,0,0,1,1,0,0,0,0,5.64201E+20,5.92276E+21,9.96674E+15,5.34499E+16
7568,7569,1,0,51,44,2016,11,0,7,3,8,1,2,2,0,1,0,0,0,0,5.10277E+20,6.00476E+21,9.1575E+15,5.41908E+16
7569,7570,1,0,56,48,2016,10,11,1,3,5,3,0,0,0,1,0,0,0,0,5.47396E+20,5.95018E+21,9.71787E+15,5.36982E+16
7570,7571,1,0,55,42,2016,11,12,2,2,5,3,0,0,1,1,0,0,0,0,6.2019E+20,5.98371E+21,1.08331E+16,5.39877E+16
7571,7572,1,0,56,39,2016,9,15,6,3,4,6,0,0,1,0,0,0,0,0,5.52778E+20,5.9463E+21,9.79873E+15,5.36627E+16
7572,7573,1,0,4,0,2016,11,12,2,3,2,6,0,0,0,1,0,0,0,1,5.64559E+20,5.99401E+21,9.98704E+15,5.40902E+16
7573,7574,1,0,51,127,2016,11,14,5,3,5,2,0,0,0,1,0,0,0,0,4.95016E+20,6.00739E+21,8.92357E+15,5.42145E+16
7574,7575,1,0,58,92,2016,12,17,5,3,2,6,2,0,0,1,0,0,0,0,5.70573E+20,6.02095E+21,1.00853E+16,5.43315E+16
7575,7576,1,0,57,42,2016,10,20,1,3,9,1,2,1,0,0,0,0,0,1,5.82602E+20,6.00744E+21,1.02665E+16,5.42083E+16
7576,7577,1,0,58,135,2016,9,8,3,2,5,3,0,0,0,1,0,0,0,0,5.41681E+20,6.01804E+21,9.64062E+15,5.43086E+16
7577,7578,1,0,60,39,2016,12,15,4,3,5,2,0,1,0,0,0,0,0,1,5.70163E+20,5.96063E+21,1.0065E+16,5.37896E+16
7578,7579,2,2,13,226,2016,1,20,5,3,5,2,2,1,1,1,0,0,0,0,5.53619E+20,5.93689E+21,9.80983E+15,5.35781E+16
7579,7580,2,3,9,321,2016,3,5,6,3,2,6,0,0,0,1,0,0,0,0,5.61124E+20,5.93915E+21,9.92361E+15,5.35976E+16
7580,7581,1,0,59,43,2016,11,6,3,3,2,6,2,1,0,1,0,0,0,0,5.34853E+20,6.03333E+21,9.53747E+15,5.44465E+16
7581,7582,1,0,56,41,2016,12,11,7,3,2,6,0,0,0,1,0,0,0,0,5.59088E+20,5.95401E+21,9.89568E+15,5.37314E+16
7582,7583,1,0,56,5,2016,10,13,7,3,5,3,0,0,1,1,0,0,0,0,5.5965E+20,5.947E+21,9.90285E+15,5.36683E+16
7583,7584,1,0,3,0,2016,9,14,5,3,5,7,0,0,1,1,0,0,0,0,6.10631E+20,5.96753E+21,1.06816E+16,5.38445E+16
7584,7585,1,0,53,28,2016,10,18,4,3,2,6,1,0,0,1,0,0,0,0,5.88345E+20,5.92393E+21,1.03305E+16,5.3457E+16
7585,7586,1,0,57,62,2016,12,10,6,3,5,3,0,0,1,1,0,0,0,0,5.8326E+20,6.01142E+21,1.02777E+16,5.42439E+16
7586,7587,1,0,3,0,2016,9,7,4,3,6,7,0,0,1,0,1,0,0,0,6.11839E+20,5.96963E+21,1.07007E+16,5.38631E+16
7587,7588,1,0,4,0,2016,10,14,6,2,6,7,0,0,1,0,1,0,0,0,5.63719E+20,5.99157E+21,9.97368E+15,5.40684E+16
7588,7589,1,0,58,58,2016,11,3,6,3,9,1,2,2,0,0,0,0,1,0,5.64844E+20,6.02953E+21,9.99908E+15,5.44094E+16
7589,7590,1,0,60,5,2016,11,23,7,2,8,1,2,0,0,1,0,0,0,0,5.87895E+20,5.97564E+21,1.03384E+16,5.39217E+16
7590,7591,1,0,3,0,2016,11,14,4,3,2,6,0,0,0,1,0,0,0,0,6.07038E+20,5.96921E+21,1.06276E+16,5.38604E+16
7591,7592,1,0,2,0,2016,12,19,4,3,5,3,2,0,0,1,0,0,0,0,5.74877E+20,6.01849E+21,1.01509E+16,5.43088E+16
7592,7593,1,0,59,187,2016,10,16,2,3,5,3,0,1,0,1,0,0,0,0,5.53267E+20,6.05243E+21,9.82487E+15,5.46165E+16
7593,7594,1,0,3,0,2016,10,17,2,3,5,3,1,1,1,1,0,0,0,0,6.11188E+20,5.97108E+21,1.06913E+16,5.38763E+16
7594,7595,2,3,9,321,2016,3,15,5,3,3,6,0,0,0,1,0,0,0,0,5.61427E+20,5.93862E+21,9.92809E+15,5.35928E+16
7595,7596,1,0,2,0,2016,11,4,1,3,5,2,2,2,0,1,0,0,0,0,5.73779E+20,6.01819E+21,1.01339E+16,5.43062E+16
7596,7597,1,0,4,0,2016,12,13,7,3,5,2,0,0,0,1,0,0,0,0,5.63516E+20,5.98905E+21,9.97006E+15,5.40458E+16
7597,7598,1,0,60,47,2016,10,16,1,3,0,1,0,1,0,0,0,1,0,0,5.71157E+20,5.9631E+21,1.00807E+16,5.38116E+16
7598,7599,1,0,51,89,2016,11,14,2,3,9,7,0,0,0,1,0,0,0,0,5.12498E+20,5.98458E+21,9.1907E+15,5.40094E+16
7599,7600,1,0,3,0,2016,10,12,7,3,5,2,0,0,0,1,0,0,0,0,6.07752E+20,5.96861E+21,1.06382E+16,5.38548E+16
7600,7601,1,0,51,99,2016,10,18,7,3,3,3,1,1,0,1,0,0,0,0,5.19075E+20,5.99178E+21,9.29152E+15,5.40739E+16
7601,7602,1,0,55,32,2016,11,16,2,3,5,3,1,0,0,1,0,0,0,0,6.18596E+20,5.99674E+21,1.08139E+16,5.41052E+16
7602,7603,1,0,59,183,2016,11,7,6,3,9,1,0,2,0,1,0,0,0,0,5.23871E+20,6.0628E+21,9.37052E+15,5.4712E+16
7603,7604,1,0,51,51,2016,12,18,5,3,1,5,2,0,0,1,0,0,0,0,5.1843E+20,5.98626E+21,9.28133E+15,5.40243E+16
7604,7605,1,0,58,43,2016,10,20,1,3,8,1,2,1,0,1,0,0,0,0,5.53327E+20,6.0352E+21,9.82268E+15,5.44617E+16
7605,7606,1,0,62,60,2016,11,14,4,3,2,6,0,1,0,1,0,0,0,1,5.82955E+20,5.92948E+21,1.02509E+16,5.35077E+16
7606,7607,1,0,2,0,2016,9,20,3,3,5,2,2,0,0,1,0,0,0,0,5.74745E+20,6.01828E+21,1.01488E+16,5.43069E+16