FID,OBJECTID,ULAND,UREGBEZ,UKREIS,UGEMEINDE,UJAHR,UMONAT,USTUNDE,UWOCHENTAG,UKATEGORIE,UART,UTYP1,ULICHTVERH,IstStrasse,IstRad,IstPKW,IstFuss,IstKrad,IstGkfz,IstSonstig,LINREFX,LINREFY,XGCSWGS84,YGCSWGS84
7607,7608,1,0,62,27,2016,12,15,5,3,2,6,0,1,0,1,0,0,1,0,5.88108E+20,5.95275E+21,1.03351E+16,5.3716E+16
7608,7609,2,7,14,715,2016,1,16,6,3,2,6,0,0,0,1,0,0,0,0,5.55713E+20,5.92513E+21,9.83936E+15,5.34722E+16
7609,7610,2,2,5,216,2016,3,19,3,2,2,6,2,0,0,1,0,0,0,0,5.59591E+20,5.93538E+21,9.89974E+15,5.35639E+16
7610,7611,1,0,54,120,2016,9,22,6,3,8,1,2,1,0,1,0,0,0,0,4.98432E+20,6.03172E+21,8.97582E+15,5.44332E+16
7611,7612,1,0,2,0,2016,11,9,3,2,2,6,0,1,0,1,0,0,0,0,5.75625E+20,6.01724E+21,1.0162E+16,5.42975E+16
7612,7613,1,0,53,46,2016,12,21,1,3,2,6,2,1,0,1,0,0,0,1,6.17087E+20,5.93268E+21,1.07665E+16,5.353E+16
7613,7614,1,0,54,146,2016,10,3,1,3,9,1,2,0,0,1,0,0,0,0,5.01579E+20,6.05313E+21,9.02446E+15,5.46256E+16
7614,7615,1,0,60,44,2016,9,9,5,3,5,2,0,0,1,0,0,0,1,0,5.62727E+20,5.9656E+21,9.95318E+15,5.38352E+16
7615,7616,2,2,5,215,2016,2,21,4,3,5,3,2,0,0,1,0,0,0,0,5.60904E+20,5.93541E+21,9.91956E+15,5.3564E+16
7616,7617,1,0,54,95,2016,10,6,5,3,8,7,2,1,0,1,0,0,0,0,4.98093E+20,6.02268E+21,8.97067E+15,5.43519E+16
7617,7618,1,0,4,0,2016,12,16,6,2,6,4,0,0,0,1,1,0,0,0,5.63322E+20,5.99011E+21,9.96731E+15,5.40553E+16
7618,7619,1,0,3,0,2016,9,17,4,3,2,6,0,0,0,1,0,0,0,0,6.10859E+20,5.96742E+21,1.0685E+16,5.38434E+16
7619,7620,1,0,55,44,2016,11,12,6,2,4,6,0,1,0,1,0,0,0,0,6.14621E+20,5.98749E+21,1.07497E+16,5.40229E+16
7620,7621,1,0,61,42,2016,11,7,7,3,2,6,0,2,0,1,0,0,0,0,5.40124E+20,5.97891E+21,9.61149E+15,5.3957E+16
7621,7622,1,0,56,50,2016,11,21,1,2,3,6,2,0,1,1,0,0,0,0,5.45942E+20,5.93759E+21,9.69399E+15,5.35852E+16
7622,7623,1,0,60,63,2016,11,7,4,3,5,3,2,0,1,1,0,0,0,0,5.6659E+20,5.9487E+21,1.00082E+16,5.36828E+16
7623,7624,1,0,58,117,2016,12,18,4,3,5,3,2,0,0,1,0,0,0,0,5.55852E+20,6.00204E+21,9.85542E+15,5.41634E+16
7624,7625,1,0,60,63,2016,12,6,3,3,6,2,2,1,0,1,1,0,0,0,5.67167E+20,5.94887E+21,1.0017E+16,5.36843E+16
7625,7626,2,6,9,610,2016,1,1,6,3,2,6,2,2,0,1,0,0,0,0,5.74215E+20,5.92692E+21,1.01185E+16,5.3486E+16
7626,7627,2,6,1,601,2016,3,7,5,3,2,6,0,1,0,1,0,0,0,0,5.75385E+20,5.93138E+21,1.01372E+16,5.35259E+16
7627,7628,1,0,54,85,2016,10,10,2,3,6,4,0,0,0,1,1,0,0,0,4.58414E+20,6.05509E+21,8.35563E+15,5.46415E+16
7628,7629,1,0,62,78,2016,11,17,1,3,8,7,1,1,0,1,0,0,0,0,5.8686E+20,5.94906E+21,1.03152E+16,5.3683E+16
7629,7630,1,0,58,162,2016,10,11,6,3,8,1,0,0,0,1,0,0,0,0,5.56868E+20,6.04937E+21,9.88003E+15,5.45886E+16
7630,7631,1,0,1,0,2016,10,16,3,2,0,1,0,0,1,0,0,0,0,0,5.28523E+20,6.07072E+21,9.4435E+15,5.47829E+16
7631,7632,1,0,55,40,2016,10,22,2,3,5,3,2,1,0,1,0,0,0,0,6.09669E+20,5.97419E+21,1.06693E+16,5.39045E+16
7632,7633,1,0,56,43,2016,11,17,4,3,5,2,2,1,0,1,0,0,0,0,5.55471E+20,5.94395E+21,9.83907E+15,5.36414E+16
7633,7634,1,0,51,113,2016,10,16,4,3,5,3,0,1,1,1,0,0,0,0,5.00041E+20,6.0022E+21,9.00063E+15,5.41679E+16
7634,7635,1,0,2,0,2016,9,17,4,2,6,4,0,0,0,1,1,0,0,0,5.73013E+20,6.01972E+21,1.01225E+16,5.43201E+16
7635,7636,1,0,3,0,2016,11,9,1,3,9,1,0,1,0,1,0,0,0,0,6.16847E+20,5.97441E+21,1.07786E+16,5.39049E+16
7636,7637,1,0,59,44,2016,12,9,5,3,5,3,0,1,0,1,0,0,0,0,5.27973E+20,6.04593E+21,9.43257E+15,5.45601E+16
7637,7638,1,0,54,168,2016,11,4,7,2,8,7,2,1,0,1,0,0,0,0,4.56434E+20,6.08433E+21,8.32057E+15,5.49041E+16
7638,7639,1,0,53,20,2016,10,6,4,3,5,2,2,0,0,1,0,1,0,0,6.07444E+20,5.92688E+21,1.06191E+16,5.34799E+16
7639,7640,1,0,59,81,2016,11,7,7,3,9,1,1,2,0,1,0,0,0,0,5.34471E+20,6.04936E+21,9.53346E+15,5.45906E+16
7640,7641,1,0,2,0,2016,10,15,3,2,5,3,0,0,0,1,0,0,0,0,5.73233E+20,6.01845E+21,1.01256E+16,5.43086E+16
7641,7642,1,0,54,124,2016,11,13,3,3,8,1,0,0,0,1,0,0,0,0,5.05949E+20,6.06954E+21,9.09247E+15,5.4773E+16
7642,7643,1,0,60,25,2016,12,17,2,2,9,1,2,0,0,1,0,0,0,0,6.00319E+20,5.98954E+21,1.05321E+16,5.40444E+16
7643,7644,1,0,3,0,2016,10,7,7,2,6,4,0,1,0,1,1,0,0,0,6.08532E+20,5.96807E+21,1.06499E+16,5.38498E+16
7644,7645,1,0,55,42,2016,12,8,6,3,8,1,1,2,0,1,0,0,0,0,6.18894E+20,5.98407E+21,1.08135E+16,5.39913E+16
7645,7646,2,4,3,406,2016,2,7,3,3,3,6,0,0,0,1,0,0,0,0,5.65252E+20,5.93978E+21,9.98611E+15,5.36028E+16
7646,7647,1,0,55,44,2016,10,14,5,3,4,6,0,0,0,1,0,0,0,1,6.14385E+20,5.98879E+21,1.07466E+16,5.40347E+16
7647,7648,1,0,62,18,2016,10,8,5,3,0,7,0,1,0,0,0,1,0,0,5.81454E+20,5.93213E+21,1.02289E+16,5.35318E+16
7648,7649,1,0,60,27,2016,11,17,5,3,5,3,2,1,0,1,0,0,1,0,5.61059E+20,5.98566E+21,9.93186E+15,5.40156E+16
7649,7650,1,0,53,32,2016,10,14,4,3,5,3,0,0,1,0,0,1,0,0,5.92523E+20,5.92213E+21,1.03929E+16,5.34401E+16
7650,7651,1,0,62,4,2016,10,12,3,3,6,4,0,1,0,1,1,0,0,0,5.89996E+20,5.96262E+21,1.03666E+16,5.38044E+16
7651,7652,1,0,51,44,2016,10,10,6,3,5,2,0,1,1,1,0,0,0,0,5.05385E+20,6.00511E+21,9.08254E+15,5.4194E+16
7652,7653,1,0,1,0,2016,10,12,3,3,2,6,0,1,0,1,0,0,0,1,5.28364E+20,6.06792E+21,9.44076E+15,5.47577E+16
7653,7654,2,1,8,124,2016,4,22,7,2,4,2,2,0,0,1,0,0,0,0,5.68954E+20,5.93425E+21,1.00408E+16,5.35526E+16
7654,7655,1,0,62,1,2016,9,17,3,3,5,3,0,0,1,1,0,0,0,0,5.8153E+20,5.94867E+21,1.02344E+16,5.36804E+16
7655,7656,1,0,56,43,2016,12,17,2,2,2,6,2,0,0,1,0,0,0,0,5.54554E+20,5.94469E+21,9.82532E+15,5.36481E+16
7656,7657,1,0,3,0,2016,11,8,4,3,2,6,0,1,0,1,0,0,0,0,6.11419E+20,5.97054E+21,1.06946E+16,5.38713E+16
7657,7658,1,0,55,41,2016,10,14,7,3,7,7,0,1,0,1,0,0,0,0,6.09592E+20,5.99561E+21,1.06759E+16,5.40969E+16
7658,7659,1,0,62,22,2016,11,14,3,3,9,1,0,0,0,1,0,0,0,0,5.89224E+20,5.9412E+21,1.03487E+16,5.3612E+16
7659,7660,1,0,60,44,2016,11,14,3,3,2,6,0,1,0,1,0,0,0,0,5.6406E+20,5.96478E+21,9.97328E+15,5.38276E+16
7660,7661,1,0,53,129,2016,11,17,6,3,5,2,2,1,0,1,0,0,0,0,5.8413E+20,5.92839E+21,1.02683E+16,5.34978E+16
7661,7662,1,0,2,0,2016,12,11,1,3,9,1,0,1,0,1,0,0,0,0,5.71766E+20,6.01915E+21,1.01032E+16,5.43152E+16
7662,7663,1,0,60,44,2016,12,9,2,3,5,3,0,1,0,1,0,0,0,0,5.64432E+20,5.96576E+21,9.97914E+15,5.38364E+16
7663,7664,1,0,56,43,2016,11,12,5,3,1,5,0,0,0,1,0,0,0,1,5.54824E+20,5.94521E+21,9.82949E+15,5.36528E+16
7664,7665,1,0,54,33,2016,12,9,6,3,2,6,2,1,0,1,0,0,1,0,5.04873E+20,6.02562E+21,9.07502E+15,5.43783E+16
7665,7666,1,0,53,51,2016,10,18,6,3,9,1,1,1,0,1,0,0,0,1,6.13314E+20,5.9522E+21,1.07167E+16,5.37062E+16
7666,7667,2,7,14,715,2016,1,17,5,3,3,6,2,0,0,1,0,0,0,0,5.561E+20,5.9252E+21,9.8452E+15,5.34728E+16
7667,7668,2,3,9,321,2016,3,19,6,3,3,6,2,1,0,1,0,0,0,0,5.6182E+20,5.93753E+21,9.93381E+15,5.35829E+16
7668,7669,1,0,55,41,2016,12,20,2,2,8,1,2,1,0,1,0,0,0,0,6.10361E+20,5.99178E+21,1.06862E+16,5.40624E+16
7669,7670,1,0,54,57,2016,12,19,1,3,4,2,2,1,0,1,0,0,0,0,5.10276E+20,6.04434E+21,9.15886E+15,5.45465E+16
7670,7671,1,0,62,27,2016,10,11,4,3,2,6,0,0,0,1,0,0,0,0,5.8846E+20,5.95333E+21,1.03406E+16,5.37211E+16
7671,7672,2,6,2,603,2016,2,21,5,3,5,3,2,1,0,1,0,1,0,0,5.81013E+20,5.92677E+21,1.02209E+16,5.34836E+16
7672,7673,1,0,58,118,2016,11,17,3,2,8,7,2,1,0,1,0,0,0,0,5.40701E+20,6.01485E+21,9.62513E+15,5.428E+16
7673,7674,1,0,58,153,2016,12,9,7,3,9,1,0,2,0,1,0,0,0,0,5.64269E+20,6.00712E+21,9.9854E+15,5.42081E+16
7674,7675,2,4,7,416,2016,3,9,2,3,5,3,0,0,0,1,0,0,0,0,5.67976E+20,5.93471E+21,1.00262E+16,5.35569E+16
7675,7676,1,0,55,35,2016,11,1,7,2,8,1,2,2,0,1,0,0,0,0,6.17436E+20,5.97875E+21,1.07892E+16,5.39438E+16
7676,7677,1,0,3,0,2016,10,17,1,3,2,6,0,1,0,1,0,0,0,0,6.10873E+20,5.96792E+21,1.06854E+16,5.38479E+16
7677,7678,1,0,58,107,2016,11,12,2,2,5,3,0,0,1,1,0,0,0,0,5.69453E+20,6.01354E+21,1.00664E+16,5.42651E+16
7678,7679,1,0,62,4,2016,9,16,6,2,0,7,0,0,1,0,0,0,0,0,5.90834E+20,5.96342E+21,1.03795E+16,5.38114E+16
7679,7680,1,0,54,56,2016,11,11,2,3,6,2,0,0,0,1,1,0,0,0,5.03737E+20,6.03644E+21,9.05767E+15,5.44756E+16
7680,7681,1,0,53,8,2016,11,10,5,2,4,6,0,0,0,1,0,1,0,0,6.09977E+20,5.95089E+21,1.06657E+16,5.36951E+16
7681,7682,1,0,54,168,2016,12,16,5,3,4,6,2,0,0,1,0,0,0,1,4.5444E+20,6.07584E+21,8.29081E+15,5.48276E+16
7682,7683,1,0,60,76,2016,10,13,1,3,2,6,0,1,0,1,0,0,0,0,5.77244E+20,5.96754E+21,1.01742E+16,5.38506E+16
7683,7684,1,0,56,15,2016,12,9,4,3,2,6,0,1,0,1,0,0,0,0,5.44757E+20,5.95588E+21,9.67874E+15,5.37496E+16
7684,7685,2,7,8,709,2016,1,19,2,3,4,2,2,1,0,1,0,0,0,0,5.62998E+20,5.92187E+21,9.94845E+15,5.34421E+16
7685,7686,2,7,14,715,2016,3,6,4,3,4,6,0,1,0,1,0,0,0,0,5.55092E+20,5.92502E+21,9.82999E+15,5.34713E+16
7686,7687,1,0,61,46,2016,10,16,2,2,3,6,0,0,0,0,0,1,1,0,5.32078E+20,5.97614E+21,9.48858E+15,5.39326E+16
7687,7688,1,0,57,80,2016,12,20,7,2,1,5,2,1,0,1,0,0,0,0,5.79414E+20,5.99828E+21,1.02152E+16,5.41265E+16
7688,7689,1,0,55,39,2016,10,15,7,3,5,3,0,0,0,1,0,0,0,0,6.16209E+20,5.99328E+21,1.07761E+16,5.40746E+16
7689,7690,1,0,59,75,2016,10,19,4,3,5,2,2,0,0,1,0,0,0,0,5.35079E+20,6.04033E+21,9.5418E+15,5.45094E+16
7690,7691,1,0,56,15,2016,12,8,5,3,6,4,0,1,0,1,1,0,0,0,5.4386E+20,5.95611E+21,9.66517E+15,5.37517E+16
7691,7692,1,0,2,0,2016,9,12,4,3,5,2,0,0,1,1,0,0,0,0,5.7226E+20,6.01921E+21,1.01108E+16,5.43156E+16
7692,7693,1,0,3,0,2016,12,18,6,3,4,6,2,0,0,1,0,0,0,0,6.14903E+20,5.96928E+21,1.07471E+16,5.38593E+16
7693,7694,1,0,56,30,2016,10,14,6,3,2,6,0,0,0,1,0,0,0,0,5.46218E+20,5.96007E+21,9.70152E+15,5.37872E+16
7694,7695,1,0,58,24,2016,11,13,6,3,2,6,0,0,0,1,0,0,0,0,5.46542E+20,6.0214E+21,9.71586E+15,5.43383E+16
7695,7696,1,0,60,44,2016,11,18,7,3,5,3,1,0,0,1,0,1,0,0,5.6399E+20,5.96575E+21,9.97241E+15,5.38363E+16
7696,7697,1,0,4,0,2016,11,7,4,3,3,6,1,0,0,1,0,0,1,0,5.62264E+20,5.99752E+21,9.95268E+15,5.4122E+16
7697,7698,1,0,60,69,2016,12,15,3,3,5,3,0,1,0,1,0,0,0,0,5.89069E+20,5.98078E+21,1.03578E+16,5.39677E+16
7698,7699,1,0,53,17,2016,10,7,1,3,1,6,0,1,0,1,0,0,0,0,5.94134E+20,5.92806E+21,1.04189E+16,5.34931E+16
7699,7700,1,0,2,0,2016,10,19,6,3,6,4,2,0,0,1,1,0,0,0,5.7601E+20,6.02009E+21,1.01687E+16,5.4323E+16
7700,7701,1,0,58,92,2016,12,9,3,3,5,3,0,0,0,1,0,0,0,0,5.70684E+20,6.02092E+21,1.0087E+16,5.43312E+16
7701,7702,1,0,2,0,2016,12,17,7,3,1,3,2,1,0,1,0,0,0,0,5.72469E+20,6.01791E+21,1.01137E+16,5.4304E+16
7702,7703,2,1,3,107,2016,3,20,3,2,6,4,2,1,0,1,1,0,0,0,5.6495E+20,5.93379E+21,9.98031E+15,5.3549E+16
7703,7704,1,0,61,46,2016,11,17,5,3,2,6,2,0,0,1,0,0,0,0,5.33561E+20,5.97521E+21,9.51107E+15,5.39242E+16
7704,7705,1,0,2,0,2016,10,19,4,3,2,6,2,0,0,1,0,0,0,0,5.7259E+20,6.01829E+21,1.01157E+16,5.43073E+16
7705,7706,1,0,58,24,2016,10,13,6,3,2,6,0,0,0,1,0,0,0,0,5.46209E+20,6.02172E+21,9.71078E+15,5.43412E+16
7706,7707,1,0,4,0,2016,10,6,2,3,5,6,2,0,0,1,0,1,0,0,5.64976E+20,5.99301E+21,9.9932E+15,5.40812E+16
7707,7708,1,0,61,46,2016,12,12,2,3,5,2,0,0,0,1,0,0,0,0,5.3453E+20,5.97473E+21,9.52577E+15,5.39198E+16
7708,7709,1,0,59,126,2016,10,9,2,3,2,6,0,1,0,1,0,0,0,1,5.33377E+20,6.06774E+21,9.51863E+15,5.47558E+16
7709,7710,1,0,55,1,2016,11,18,4,3,8,7,2,1,0,1,0,0,0,0,6.03512E+20,5.98347E+21,1.05788E+16,5.39891E+16
7710,7711,1,0,61,3,2016,11,8,5,3,8,1,0,2,0,1,0,0,0,0,5.28524E+20,5.98734E+21,9.4355E+15,5.40335E+16
7711,7712,1,0,3,0,2016,11,17,7,3,4,6,2,1,1,0,0,0,0,0,6.09954E+20,5.9702E+21,1.06722E+16,5.38686E+16
7712,7713,1,0,4,0,2016,12,16,4,3,5,3,1,0,0,1,0,1,0,0,5.64414E+20,5.99219E+21,9.98443E+15,5.40739E+16
7713,7714,1,0,53,6,2016,11,8,6,3,5,2,0,0,0,0,0,0,1,1,6.03916E+20,5.91884E+21,1.05633E+16,5.34084E+16
7714,7715,1,0,54,13,2016,12,15,7,3,9,1,1,1,0,1,0,0,0,0,5.20126E+20,6.04549E+21,9.31121E+15,5.45566E+16
7715,7716,2,4,4,407,2016,1,8,6,3,5,3,0,0,1,1,0,0,0,0,5.65502E+20,5.94013E+21,9.98996E+15,5.36059E+16
7716,7717,1,0,53,90,2016,11,17,6,3,6,2,2,1,0,1,1,0,0,0,6.11012E+20,5.94183E+21,1.06781E+16,5.36135E+16
7717,7718,1,0,62,3,2016,12,19,4,3,1,5,2,0,0,1,0,0,0,0,6.04439E+20,5.97036E+21,1.05884E+16,5.38711E+16
7718,7719,1,0,53,20,2016,11,9,2,3,5,3,0,0,1,1,0,0,0,0,6.07726E+20,5.92615E+21,1.06231E+16,5.34733E+16
7719,7720,1,0,3,0,2016,12,8,2,3,5,3,0,1,1,1,0,0,0,0,6.11928E+20,5.96841E+21,1.07016E+16,5.38521E+16
7720,7721,1,0,57,62,2016,12,13,6,3,6,7,0,0,0,1,1,0,0,0,5.83905E+20,6.01028E+21,1.02873E+16,5.42336E+16
7721,7722,2,7,11,712,2016,2,9,6,3,2,6,0,0,0,1,0,0,1,0,5.60655E+20,5.92633E+21,9.91404E+15,5.34825E+16
7722,7723,1,0,59,83,2016,10,14,5,3,2,6,0,0,0,1,0,0,0,0,5.49792E+20,6.05453E+21,9.77141E+15,5.46357E+16
7723,7724,1,0,55,33,2016,11,5,4,3,0,3,2,1,0,1,0,1,0,0,6.22214E+20,6.01701E+21,1.08775E+16,5.42864E+16
7724,7725,1,0,2,0,2016,10,16,4,3,6,4,0,0,0,1,1,0,0,0,5.73923E+20,6.01796E+21,1.01361E+16,5.43042E+16
7725,7726,1,0,58,34,2016,10,17,3,3,5,2,0,1,1,1,0,0,0,0,5.44282E+20,6.01892E+21,9.68072E+15,5.43162E+16
7726,7727,1,0,62,18,2016,10,9,6,2,6,2,0,1,0,1,1,0,0,0,5.8062E+20,5.93337E+21,1.02167E+16,5.3543E+16
7727,7728,1,0,51,113,2016,10,13,2,3,2,6,0,0,0,1,0,0,0,0,4.99097E+20,6.0027E+21,8.98616E+15,5.41723E+16
7728,7729,2,3,7,319,2016,4,9,3,3,5,2,0,0,0,1,0,0,0,0,5.60227E+20,5.94301E+21,9.91081E+15,5.36324E+16
7729,7730,1,0,4,0,2016,11,8,2,3,5,3,0,0,0,1,0,0,0,0,5.6521E+20,5.99127E+21,9.9964E+15,5.40655E+16
7730,7731,1,0,1,0,2016,12,4,1,3,0,1,2,1,0,1,0,0,0,0,5.2953E+20,6.07345E+21,9.45944E+15,5.48074E+16
7731,7732,1,0,3,0,2016,12,19,3,3,7,7,2,1,0,1,0,0,0,0,6.05482E+20,5.97069E+21,1.06044E+16,5.38739E+16
7732,7733,1,0,56,5,2016,12,13,7,3,5,3,0,1,0,1,0,0,0,0,5.59791E+20,5.94807E+21,9.90518E+15,5.36779E+16
7733,7734,2,7,9,710,2016,3,8,3,3,2,6,0,0,0,1,0,0,0,0,5.63929E+20,5.92259E+21,9.96261E+15,5.34485E+16
7734,7735,1,0,53,32,2016,11,13,7,3,2,6,0,1,0,1,0,0,0,0,5.90766E+20,5.92209E+21,1.03665E+16,5.344E+16
7735,7736,1,0,2,0,2016,10,12,6,3,2,6,0,1,0,1,0,1,0,0,5.73815E+20,6.0235E+21,1.01358E+16,5.4354E+16
7736,7737,1,0,56,50,2016,10,11,2,3,5,3,0,0,1,1,0,0,0,0,5.46847E+20,5.9372E+21,9.70761E+15,5.35815E+16
7737,7738,1,0,57,62,2016,10,10,2,3,5,3,0,0,0,1,0,0,0,0,5.83188E+20,6.01047E+21,1.02763E+16,5.42355E+16
7738,7739,1,0,62,71,2016,11,9,4,3,2,6,0,0,0,1,0,0,0,0,5.81673E+20,5.94151E+21,1.02347E+16,5.3616E+16
7739,7740,1,0,2,0,2016,11,17,5,3,3,6,2,0,0,1,0,0,1,0,5.7302E+20,6.01795E+21,1.01222E+16,5.43042E+16
7740,7741,1,0,62,71,2016,10,17,4,3,4,6,0,1,0,1,0,0,0,1,5.78968E+20,5.94078E+21,1.01936E+16,5.36098E+16
7741,7742,1,0,51,62,2016,11,16,7,2,5,3,2,1,0,1,0,0,0,0,4.96483E+20,5.97773E+21,8.94641E+15,5.3948E+16
7742,7743,1,0,58,139,2016,12,7,5,3,9,1,2,1,0,1,0,0,0,0,5.6674E+20,6.01145E+21,1.00242E+16,5.42467E+16
7743,7744,1,0,60,63,2016,11,11,6,2,6,3,0,1,0,1,1,0,0,0,5.65194E+20,5.94852E+21,9.98707E+15,5.36813E+16
7744,7745,2,4,5,409,2016,2,17,2,3,6,2,1,0,0,1,1,0,0,0,5.66357E+20,5.93865E+21,1.00026E+16,5.35925E+16
7745,7746,1,0,56,41,2016,11,7,6,3,6,2,1,1,0,1,1,0,0,0,5.59599E+20,5.95449E+21,9.90351E+15,5.37356E+16
7746,7747,1,0,60,63,2016,12,19,4,3,5,2,2,0,0,1,0,0,0,0,5.67752E+20,5.95141E+21,1.00264E+16,5.3707E+16
7747,7748,1,0,61,46,2016,11,16,2,3,6,4,1,1,0,1,1,0,0,0,5.33605E+20,5.97544E+21,9.51176E+15,5.39263E+16
7748,7749,1,0,53,32,2016,12,16,2,3,3,6,1,0,0,1,0,0,1,0,5.90918E+20,5.92178E+21,1.03687E+16,5.34372E+16
7749,7750,1,0,51,74,2016,10,7,6,3,5,3,2,0,0,1,0,0,0,0,5.04052E+20,5.9927E+21,9.06194E+15,5.40825E+16
7750,7751,1,0,3,0,2016,12,18,6,2,0,1,2,0,1,1,0,0,0,0,6.10849E+20,5.96787E+21,1.0685E+16,5.38475E+16
7751,7752,2,3,5,317,2016,2,20,2,3,0,1,2,1,0,0,0,1,0,0,5.63679E+20,5.93973E+21,9.96234E+15,5.36025E+16
7752,7753,1,0,59,75,2016,10,7,5,3,5,3,1,0,0,1,0,0,0,1,5.33986E+20,6.04287E+21,9.5252E+15,5.45323E+16
7753,7754,1,0,62,76,2016,11,15,4,3,5,3,0,1,0,1,0,0,0,0,5.70788E+20,5.95497E+21,1.00732E+16,5.37386E+16
7754,7755,1,0,55,43,2016,10,2,4,3,9,1,2,0,0,1,0,0,0,0,6.16532E+20,6.01748E+21,1.07904E+16,5.42919E+16
7755,7756,1,0,3,0,2016,10,7,3,3,4,6,0,1,1,0,0,0,0,0,6.10341E+20,5.97169E+21,1.06786E+16,5.38819E+16
7756,7757,1,0,56,1,2016,10,10,6,3,0,1,0,1,0,1,0,1,0,0,5.49147E+20,5.94595E+21,9.74373E+15,5.366E+16
7757,7758,1,0,62,25,2016,10,8,3,3,3,6,0,1,0,1,0,0,0,0,6.03251E+20,5.96672E+21,1.05692E+16,5.38388E+16
7758,7759,2,3,7,319,2016,4,21,4,3,5,2,1,1,0,1,0,0,0,0,5.60233E+20,5.94306E+21,9.9109E+15,5.36328E+16
7759,7760,1,0,62,60,2016,9,18,3,2,5,3,0,0,1,1,0,0,0,0,5.82905E+20,5.93212E+21,1.02508E+16,5.35315E+16
7760,7761,1,0,53,20,2016,12,15,1,3,8,1,0,1,0,1,0,0,0,0,6.12901E+20,5.93141E+21,1.07029E+16,5.35195E+16
7761,7762,1,0,4,0,2016,11,0,4,3,5,3,2,1,0,1,0,1,0,0,5.65137E+20,5.99843E+21,9.99682E+15,5.41298E+16
7762,7763,1,0,3,0,2016,11,19,3,2,0,7,2,0,0,1,0,0,0,0,6.0971E+20,5.97045E+21,1.06686E+16,5.38709E+16
7763,7764,1,0,58,121,2016,11,12,3,3,5,3,0,0,0,1,0,0,0,0,5.65898E+20,6.0316E+21,1.00158E+16,5.44278E+16
7764,7765,1,0,3,0,2016,11,16,6,3,5,3,2,1,1,1,0,0,0,0,6.10263E+20,5.97368E+21,1.06782E+16,5.38998E+16
7765,7766,1,0,3,0,2016,12,2,7,3,5,3,2,0,1,1,0,0,0,0,6.13037E+20,5.96608E+21,1.07176E+16,5.38309E+16
7766,7767,1,0,3,0,2016,12,17,2,3,1,5,2,0,1,1,0,0,0,0,6.10608E+20,5.96749E+21,1.06812E+16,5.38442E+16
7767,7768,1,0,2,0,2016,10,18,2,3,0,1,1,1,0,0,0,1,0,0,5.77438E+20,6.02072E+21,1.01908E+16,5.43284E+16
7768,7769,1,0,53,116,2016,11,12,5,3,5,2,0,0,1,1,0,0,0,0,5.99255E+20,5.92887E+21,1.04964E+16,5.34994E+16
7769,7770,1,0,56,39,2016,12,17,6,3,0,7,1,0,0,0,1,0,0,1,5.52E+20,5.94589E+21,9.78688E+15,5.36591E+16
7770,7771,1,0,62,1,2016,10,7,6,2,3,3,0,1,0,1,0,0,0,0,5.82791E+20,5.94516E+21,1.02525E+16,5.36486E+16
7771,7772,2,3,1,304,2016,1,9,4,3,1,2,0,1,0,1,0,0,0,0,5.62801E+20,5.93648E+21,9.94841E+15,5.35734E+16
7772,7773,2,2,5,215,2016,3,8,5,3,4,6,0,0,1,0,0,0,0,0,5.61399E+20,5.93537E+21,9.92702E+15,5.35636E+16
7773,7774,1,0,53,14,2016,11,17,3,3,5,2,2,1,0,1,0,1,0,0,6.07777E+20,5.94081E+21,1.06289E+16,5.3605E+16
7774,7775,1,0,2,0,2016,12,15,2,3,9,1,0,1,0,1,0,0,0,0,5.75539E+20,6.01901E+21,1.01612E+16,5.43133E+16
7775,7776,1,0,60,31,2016,12,17,7,3,8,1,2,1,0,1,0,0,0,0,5.54129E+20,5.97774E+21,9.8247E+15,5.39452E+16
7776,7777,1,0,51,44,2016,10,7,3,3,2,6,0,0,0,1,0,0,0,0,5.07227E+20,6.00687E+21,9.11082E+15,5.42098E+16
7777,7778,2,3,4,316,2016,2,12,5,3,3,2,0,1,1,1,0,0,0,0,5.63848E+20,5.93727E+21,9.96439E+15,5.35804E+16
7778,7779,1,0,61,44,2016,11,16,3,3,2,6,2,1,0,1,0,0,0,0,5.43513E+20,5.96311E+21,9.66089E+15,5.38147E+16
7779,7780,1,0,61,93,2016,12,9,6,3,0,1,0,2,0,0,0,1,0,0,5.47698E+20,5.98084E+21,9.72722E+15,5.39737E+16
7780,7781,1,0,54,84,2016,11,17,7,3,2,2,2,1,0,1,0,0,0,0,5.06892E+20,6.03571E+21,9.10633E+15,5.4469E+16
7781,7782,1,0,2,0,2016,11,18,2,3,5,2,2,0,0,1,0,0,0,0,5.69367E+20,6.01931E+21,1.00664E+16,5.4317E+16
7782,7783,1,0,61,62,2016,11,16,1,2,8,1,1,1,0,1,0,0,0,0,5.24308E+20,5.97616E+21,9.37024E+15,5.39333E+16
7783,7784,1,0,58,126,2016,11,20,5,3,1,5,2,0,0,1,0,0,0,0,5.6833E+20,6.02192E+21,1.0051E+16,5.43405E+16
7784,7785,1,0,61,85,2016,12,6,4,2,5,2,2,1,0,1,0,0,0,1,5.31243E+20,5.98686E+21,9.47696E+15,5.40291E+16
7785,7786,1,0,56,39,2016,10,10,2,3,5,3,0,0,0,1,0,0,0,0,5.50962E+20,5.94421E+21,9.7709E+15,5.36442E+16
7786,7787,1,0,55,28,2016,10,10,7,3,5,2,0,0,0,1,0,0,0,0,6.00531E+20,6.00175E+21,1.05394E+16,5.4154E+16
7787,7788,1,0,3,0,2016,12,7,4,3,5,2,1,1,1,1,0,0,0,0,6.08796E+20,5.97185E+21,1.06552E+16,5.38837E+16
7788,7789,2,1,8,121,2016,1,14,7,3,4,2,0,1,0,1,0,0,0,0,5.68932E+20,5.93458E+21,1.00406E+16,5.35556E+16
7789,7790,2,7,10,711,2016,3,17,3,3,1,6,0,1,0,1,0,0,0,1,5.61931E+20,5.92506E+21,9.93302E+15,5.34709E+16
7790,7791,1,0,56,49,2016,10,10,2,2,5,3,0,1,0,1,0,1,0,0,5.43801E+20,5.94848E+21,9.66319E+15,5.36832E+16