FID,OBJECTID,ULAND,UREGBEZ,UKREIS,UGEMEINDE,UJAHR,UMONAT,USTUNDE,UWOCHENTAG,UKATEGORIE,UART,UTYP1,ULICHTVERH,IstStrasse,IstRad,IstPKW,IstFuss,IstKrad,IstGkfz,IstSonstig,LINREFX,LINREFY,XGCSWGS84,YGCSWGS84
7791,7792,1,0,55,39,2016,12,20,7,3,9,1,2,2,0,1,0,0,0,0,6.15233E+20,5.99377E+21,1.07614E+16,5.40792E+16
7792,7793,1,0,2,0,2016,10,16,7,3,5,3,0,1,1,1,0,0,0,0,5.7412E+20,6.02785E+21,1.01415E+16,5.4393E+16
7793,7794,1,0,2,0,2016,10,16,4,3,2,6,0,1,0,1,0,1,0,0,5.73397E+20,6.01884E+21,1.01282E+16,5.43122E+16
7794,7795,1,0,56,15,2016,10,7,3,3,5,2,0,1,0,1,0,1,0,0,5.44671E+20,5.95581E+21,9.67742E+15,5.3749E+16
7795,7796,1,0,53,72,2016,12,7,5,3,6,4,1,1,0,0,1,0,1,0,5.87294E+20,5.92744E+21,1.03157E+16,5.34887E+16
7796,7797,1,0,57,77,2016,9,12,4,3,2,2,0,0,0,1,0,0,1,0,5.92557E+20,6.01684E+21,1.0422E+16,5.42911E+16
7797,7798,1,0,1,0,2016,12,15,6,3,2,6,1,1,0,1,0,0,0,0,5.28263E+20,6.07069E+21,9.43945E+15,5.47826E+16
7798,7799,1,0,3,0,2016,10,19,5,3,5,3,2,0,0,1,0,1,0,0,6.11309E+20,5.96906E+21,1.06924E+16,5.38581E+16
7799,7800,1,0,60,4,2016,11,15,5,3,5,7,0,0,1,1,0,0,0,0,5.57454E+20,5.97535E+21,9.87491E+15,5.39234E+16
7800,7801,1,0,55,42,2016,11,6,7,3,8,1,2,2,0,1,0,0,0,0,6.19906E+20,5.98401E+21,1.08289E+16,5.39905E+16
7801,7802,1,0,61,46,2016,11,12,3,3,5,3,0,0,1,1,0,0,0,0,5.33637E+20,5.97558E+21,9.51226E+15,5.39276E+16
7802,7803,1,0,53,91,2016,12,19,3,3,1,5,2,1,0,1,0,0,1,0,5.99173E+20,5.93918E+21,1.04984E+16,5.35921E+16
7803,7804,1,0,4,0,2016,10,18,1,3,5,3,1,0,0,1,0,0,0,0,5.64382E+20,5.99216E+21,9.98394E+15,5.40736E+16
7804,7805,1,0,4,0,2016,10,13,6,3,2,6,0,0,0,1,0,0,0,0,5.62149E+20,5.9972E+21,9.95086E+15,5.41192E+16
7805,7806,1,0,2,0,2016,12,17,3,3,2,6,2,1,0,1,0,0,0,0,5.73717E+20,6.01786E+21,1.01329E+16,5.43033E+16
7806,7807,1,0,56,39,2016,12,8,7,3,8,1,1,1,0,1,0,0,0,0,5.54322E+20,5.94511E+21,9.82188E+15,5.36519E+16
7807,7808,2,2,5,216,2016,2,15,6,3,2,6,0,0,0,1,0,0,0,0,5.60133E+20,5.93672E+21,9.90817E+15,5.35759E+16
7808,7809,1,0,53,92,2016,11,7,5,3,7,7,2,1,0,1,0,0,0,0,6.00856E+20,5.92771E+21,1.05201E+16,5.34887E+16
7809,7810,1,0,54,38,2016,10,8,4,3,8,1,0,0,0,1,0,0,0,0,5.0541E+20,6.05881E+21,9.08389E+15,5.46766E+16
7810,7811,1,0,61,107,2016,10,5,5,3,7,7,2,1,0,1,0,0,0,0,5.26111E+20,5.98644E+21,9.39858E+15,5.40256E+16
7811,7812,1,0,56,15,2016,12,6,2,3,6,4,2,1,0,1,1,0,0,0,5.4395E+20,5.95566E+21,9.66646E+15,5.37477E+16
7812,7813,1,0,60,52,2016,10,10,1,3,2,6,0,1,1,1,0,0,0,0,5.69346E+20,5.98486E+21,1.00581E+16,5.40074E+16
7813,7814,1,0,58,92,2016,11,16,4,3,5,3,2,1,0,1,0,0,0,0,5.71154E+20,6.02068E+21,1.00942E+16,5.4329E+16
7814,7815,1,0,3,0,2016,11,5,4,3,5,3,2,2,1,1,0,0,0,0,6.09873E+20,5.97029E+21,1.0671E+16,5.38694E+16
7815,7816,1,0,57,25,2016,11,19,7,3,5,3,2,1,1,1,0,0,0,0,5.78133E+20,6.02533E+21,1.02027E+16,5.43697E+16
7816,7817,1,0,54,168,2016,12,14,4,3,5,3,0,1,1,1,0,0,0,0,4.55713E+20,6.0843E+21,8.30932E+15,5.49037E+16
7817,7818,1,0,2,0,2016,11,15,6,3,2,6,0,1,0,1,0,0,0,0,5.73672E+20,6.02124E+21,1.0133E+16,5.43337E+16
7818,7819,1,0,60,44,2016,12,19,6,3,8,1,2,1,0,1,0,0,0,0,5.63214E+20,5.96699E+21,9.96087E+15,5.38475E+16
7819,7820,2,7,1,702,2016,1,17,4,3,2,6,2,0,0,1,0,0,1,0,5.6589E+20,5.92363E+21,9.99236E+15,5.34576E+16
7820,7821,1,0,3,0,2016,11,14,6,3,2,6,0,0,0,1,0,0,0,0,6.06913E+20,5.96805E+21,1.06253E+16,5.38499E+16
7821,7822,1,0,2,0,2016,12,12,4,3,5,2,0,0,1,1,0,0,0,0,5.73581E+20,6.02413E+21,1.01323E+16,5.43597E+16
7822,7823,1,0,3,0,2016,11,7,2,3,5,3,0,0,1,1,0,0,0,0,6.12551E+20,5.97045E+21,1.07118E+16,5.38703E+16
7823,7824,1,0,57,54,2016,12,12,2,3,5,3,0,0,0,1,0,0,0,1,5.7729E+20,6.00324E+21,1.0184E+16,5.41714E+16
7824,7825,1,0,54,91,2016,12,17,6,3,8,7,2,1,0,1,0,0,0,0,4.9134E+20,6.03827E+21,8.86631E+15,5.4492E+16
7825,7826,2,4,6,415,2016,2,14,5,3,3,6,0,0,0,1,0,0,1,0,5.68262E+20,5.93587E+21,1.00307E+16,5.35673E+16
7826,7827,1,0,51,74,2016,10,15,4,3,5,3,0,0,1,1,0,0,0,0,5.04536E+20,5.99411E+21,9.06936E+15,5.40952E+16
7827,7828,1,0,4,0,2016,11,15,4,3,5,2,0,1,0,1,0,0,0,0,5.65189E+20,5.99345E+21,9.99655E+15,5.40851E+16
7828,7829,1,0,60,4,2016,10,18,2,3,8,1,1,1,0,0,0,1,0,0,5.57924E+20,5.97286E+21,9.88158E+15,5.39009E+16
7829,7830,2,6,9,610,2016,4,17,1,3,0,7,0,0,0,1,0,0,0,0,5.76358E+20,5.92636E+21,1.01506E+16,5.34807E+16
7830,7831,1,0,54,56,2016,11,16,2,3,0,1,2,1,0,0,0,1,0,0,5.03456E+20,6.03751E+21,9.05334E+15,5.44852E+16
7831,7832,1,0,56,5,2016,12,13,7,3,2,6,0,0,0,1,0,0,0,0,5.59904E+20,5.94625E+21,9.90655E+15,5.36615E+16
7832,7833,1,0,60,4,2016,11,10,3,3,0,2,0,1,0,1,0,1,0,0,5.58137E+20,5.97516E+21,9.88527E+15,5.39216E+16
7833,7834,1,0,2,0,2016,11,14,3,3,5,7,0,0,1,0,0,0,0,1,5.73617E+20,6.01932E+21,1.01317E+16,5.43165E+16
7834,7835,1,0,51,62,2016,10,13,7,3,2,2,0,0,0,1,0,0,0,1,4.97762E+20,5.982E+21,8.96587E+15,5.39863E+16
7835,7836,1,0,51,138,2016,11,21,3,3,2,6,2,0,0,1,0,0,0,0,5.16468E+20,5.99858E+21,9.25204E+15,5.41351E+16
7836,7837,1,0,57,73,2016,11,13,6,3,2,6,0,1,0,1,0,0,0,0,5.88369E+20,6.02845E+21,1.03611E+16,5.43961E+16
7837,7838,1,0,55,1,2016,12,13,6,2,1,5,0,0,0,1,0,1,0,0,6.03336E+20,5.98505E+21,1.05766E+16,5.40034E+16
7838,7839,1,0,59,158,2016,12,13,2,3,8,1,0,1,0,1,0,0,0,0,5.10763E+20,6.06833E+21,9.16727E+15,5.47621E+16
7839,7840,1,0,56,46,2016,10,6,2,2,8,6,2,1,0,1,0,0,0,1,5.47351E+20,5.95444E+21,9.71785E+15,5.37365E+16
7840,7841,1,0,1,0,2016,11,7,5,3,4,2,0,0,0,1,0,0,0,1,5.2853E+20,6.07106E+21,9.44364E+15,5.4786E+16
7841,7842,1,0,57,48,2016,12,7,5,2,6,4,2,0,0,1,1,0,0,0,6.03024E+20,6.0177E+21,1.0583E+16,5.42968E+16
7842,7843,1,0,58,86,2016,10,5,6,1,9,1,2,1,0,1,0,0,1,0,5.43062E+20,6.00799E+21,9.6604E+15,5.42181E+16
7843,7844,2,7,10,711,2016,1,17,2,3,3,6,2,0,0,1,0,0,0,0,5.62815E+20,5.92509E+21,9.94633E+15,5.3471E+16
7844,7845,2,4,7,416,2016,3,12,7,3,2,6,0,0,0,1,0,0,0,0,5.67962E+20,5.9349E+21,1.0026E+16,5.35586E+16
7845,7846,1,0,58,135,2016,9,21,6,3,8,1,2,1,0,1,0,0,0,0,5.43271E+20,6.01778E+21,9.66502E+15,5.43061E+16
7846,7847,1,0,3,0,2016,11,12,3,3,2,6,0,1,0,1,0,0,0,0,6.11554E+20,5.96959E+21,1.06963E+16,5.38628E+16
7847,7848,1,0,51,97,2016,12,14,1,3,9,1,0,1,0,1,0,0,0,0,5.07964E+20,5.98358E+21,9.1215E+15,5.40005E+16
7848,7849,1,0,55,12,2016,10,5,1,2,8,1,2,0,0,1,0,0,0,0,6.04006E+20,5.99845E+21,1.05915E+16,5.41236E+16
7849,7850,1,0,59,79,2016,12,12,7,3,2,6,0,1,0,1,0,0,0,0,5.23627E+20,6.04108E+21,9.36499E+15,5.45168E+16
7850,7851,1,0,54,57,2016,9,23,6,3,0,1,2,1,0,1,0,0,0,0,5.10525E+20,6.04327E+21,9.16267E+15,5.45369E+16
7851,7852,1,0,3,0,2016,10,15,3,3,4,7,0,0,0,1,0,0,0,1,6.07462E+20,5.96809E+21,1.06336E+16,5.38502E+16
7852,7853,2,2,6,218,2016,2,8,2,3,2,6,0,1,0,1,0,0,1,0,5.582E+20,5.93596E+21,9.87884E+15,5.35693E+16
7853,7854,1,0,56,18,2016,11,1,2,2,8,1,2,1,0,1,0,0,0,0,5.57658E+20,5.94237E+21,9.87184E+15,5.36269E+16
7854,7855,1,0,62,18,2016,12,7,6,3,5,2,2,0,0,1,0,0,0,0,5.79283E+20,5.93307E+21,1.01964E+16,5.35405E+16
7855,7856,1,0,60,63,2016,11,14,6,3,5,3,0,1,1,1,0,0,0,0,5.65432E+20,5.94854E+21,9.99068E+15,5.36815E+16
7856,7857,1,0,56,15,2016,11,17,1,3,1,7,2,0,0,1,0,0,0,0,5.44682E+20,5.95582E+21,9.67758E+15,5.37491E+16
7857,7858,1,0,54,88,2016,11,7,2,3,2,6,0,0,0,1,0,0,0,0,4.89575E+20,6.07232E+21,8.83785E+15,5.4798E+16
7858,7859,1,0,59,45,2016,11,10,5,3,5,3,0,0,0,1,0,0,0,0,5.60077E+20,6.05727E+21,9.9313E+15,5.46592E+16
7859,7860,1,0,56,15,2016,12,12,4,3,2,6,0,1,0,1,0,0,0,0,5.43764E+20,5.95575E+21,9.66366E+15,5.37485E+16
7860,7861,1,0,54,95,2016,10,13,2,2,8,1,0,1,0,1,0,0,0,0,4.99895E+20,6.02543E+21,8.99838E+15,5.43767E+16
7861,7862,1,0,2,0,2016,12,9,4,3,5,3,0,1,0,1,0,0,0,0,5.7324E+20,6.01984E+21,1.0126E+16,5.43212E+16
7862,7863,2,1,16,137,2016,1,9,4,3,9,1,0,2,0,1,0,0,0,0,5.6618E+20,5.92619E+21,9.99725E+15,5.34805E+16
7863,7864,2,1,12,130,2016,3,21,7,3,2,6,2,1,0,1,0,0,0,0,5.75445E+20,5.93585E+21,1.01392E+16,5.35661E+16
7864,7865,1,0,3,0,2016,10,7,2,3,2,6,1,1,1,1,0,0,0,0,6.10567E+20,5.96876E+21,1.0681E+16,5.38556E+16
7865,7866,1,0,54,55,2016,11,11,4,3,5,3,0,1,0,1,0,0,0,0,4.90199E+20,6.07853E+21,8.84734E+15,5.48538E+16
7866,7867,1,0,58,135,2016,11,8,3,3,0,1,0,2,0,0,0,1,0,0,5.43316E+20,6.01595E+21,9.66544E+15,5.42896E+16
7867,7868,1,0,2,0,2016,10,5,1,3,9,1,2,0,0,1,0,0,0,0,5.73334E+20,6.01788E+21,1.0127E+16,5.43035E+16
7868,7869,1,0,1,0,2016,11,18,3,3,2,6,2,0,0,1,0,0,0,0,5.2743E+20,6.07022E+21,9.42646E+15,5.47784E+16
7869,7870,1,0,4,0,2016,11,6,6,3,3,6,2,1,0,1,0,0,0,0,5.63154E+20,5.98859E+21,9.96443E+15,5.40416E+16
7870,7871,1,0,59,45,2016,12,13,7,2,6,2,0,0,0,1,1,0,0,0,5.61097E+20,6.05707E+21,9.94707E+15,5.46573E+16
7871,7872,1,0,58,43,2016,12,14,2,3,5,2,0,0,0,1,0,0,0,0,5.53528E+20,6.03638E+21,9.82599E+15,5.44723E+16
7872,7873,1,0,54,63,2016,10,18,2,2,2,6,2,0,0,1,0,0,0,0,4.88133E+20,6.0207E+21,8.8175E+15,5.4334E+16
7873,7874,1,0,3,0,2016,11,7,5,3,1,5,0,0,1,1,0,0,0,0,6.12542E+20,5.97049E+21,1.07117E+16,5.38706E+16
7874,7875,1,0,55,4,2016,12,13,5,3,1,6,0,0,0,1,0,0,0,0,6.11265E+20,5.9751E+21,1.06939E+16,5.39124E+16
7875,7876,1,0,3,0,2016,10,13,6,2,5,3,0,1,1,1,0,0,0,0,6.09773E+20,5.97039E+21,1.06695E+16,5.38703E+16
7876,7877,2,3,9,321,2016,1,17,3,3,2,6,2,1,0,1,0,0,0,1,5.6143E+20,5.93859E+21,9.92813E+15,5.35926E+16
7877,7878,2,3,7,319,2016,3,13,3,3,3,6,0,0,0,1,0,0,0,0,5.62252E+20,5.94484E+21,9.9418E+15,5.36486E+16
7878,7879,1,0,3,0,2016,9,22,6,3,5,3,2,0,0,1,0,1,0,0,6.10277E+20,5.97097E+21,1.06774E+16,5.38755E+16
7879,7880,1,0,3,0,2016,11,17,3,3,6,4,2,1,0,1,1,0,0,0,6.10029E+20,5.97011E+21,1.06733E+16,5.38678E+16
7880,7881,1,0,53,89,2016,12,13,2,3,8,7,0,1,0,1,0,0,0,0,5.9658E+20,5.93591E+21,1.04582E+16,5.35632E+16
7881,7882,1,0,60,49,2016,10,13,1,3,2,6,0,0,0,1,0,0,0,0,5.8665E+20,5.98014E+21,1.03207E+16,5.39623E+16
7882,7883,1,0,58,3,2016,12,14,7,2,4,1,0,1,0,1,0,0,0,0,5.41464E+20,6.02192E+21,9.63782E+15,5.43434E+16
7883,7884,1,0,62,1,2016,10,21,3,3,6,7,2,0,1,0,1,0,0,0,5.82469E+20,5.94701E+21,1.02482E+16,5.36654E+16
7884,7885,2,1,6,115,2016,2,12,2,3,3,6,0,0,0,1,0,0,1,0,5.67855E+20,5.93315E+21,1.0024E+16,5.35429E+16
7885,7886,1,0,59,53,2016,11,14,3,3,2,6,0,0,0,1,0,0,0,0,5.34468E+20,6.0295E+21,9.5311E+15,5.44121E+16
7886,7887,1,0,56,4,2016,12,18,6,3,2,6,2,1,0,1,0,0,0,0,5.58161E+20,5.95672E+21,9.88214E+15,5.37559E+16
7887,7888,1,0,58,124,2016,11,15,7,3,8,7,0,1,0,1,0,0,0,0,5.46235E+20,6.01627E+21,9.71033E+15,5.42922E+16
7888,7889,1,0,2,0,2016,11,9,2,3,2,6,0,0,0,1,0,0,1,0,5.74071E+20,6.01845E+21,1.01385E+16,5.43086E+16
7889,7890,1,0,62,90,2016,11,2,1,3,9,7,2,1,0,1,0,0,0,0,5.77014E+20,5.94969E+21,1.01663E+16,5.36903E+16
7890,7891,1,0,2,0,2016,11,8,5,3,3,6,0,1,0,1,0,0,0,0,5.72272E+20,6.0212E+21,1.01115E+16,5.43335E+16
7891,7892,1,0,60,63,2016,12,20,4,3,5,2,2,0,0,1,0,0,0,0,5.6501E+20,5.95687E+21,9.98604E+15,5.37564E+16
7892,7893,1,0,55,32,2016,10,12,2,3,2,6,0,0,0,1,0,0,0,0,6.19722E+20,5.99761E+21,1.08315E+16,5.41127E+16
7893,7894,1,0,58,11,2016,12,21,4,3,1,5,2,0,0,1,0,0,0,0,5.50016E+20,6.00186E+21,9.76601E+15,5.41624E+16
7894,7895,2,1,6,117,2016,1,7,5,3,2,6,1,2,0,1,0,0,0,0,5.68264E+20,5.93345E+21,1.00302E+16,5.35455E+16
7895,7896,2,3,9,321,2016,3,12,2,3,1,6,0,0,0,1,0,0,0,0,5.61656E+20,5.93814E+21,9.93146E+15,5.35885E+16
7896,7897,1,0,53,68,2016,10,10,2,3,5,3,0,1,0,1,0,0,0,0,6.02046E+20,5.95428E+21,1.05467E+16,5.37272E+16
7897,7898,1,0,56,15,2016,12,11,6,3,5,3,0,0,1,1,0,0,0,0,5.42817E+20,5.95609E+21,9.64935E+15,5.37517E+16
7898,7899,1,0,53,10,2016,10,6,7,2,2,6,2,0,0,1,0,0,0,0,6.14351E+20,5.9336E+21,1.07256E+16,5.35388E+16
7899,7900,1,0,59,183,2016,10,17,4,3,2,6,1,1,0,1,0,0,0,0,5.24466E+20,6.06709E+21,9.38011E+15,5.47505E+16
7900,7901,1,0,3,0,2016,10,8,3,3,5,3,0,0,0,1,0,0,0,0,6.10277E+20,5.97097E+21,1.06774E+16,5.38755E+16
7901,7902,1,0,4,0,2016,12,7,5,2,5,2,1,1,1,1,0,0,0,0,5.65216E+20,5.99127E+21,9.99649E+15,5.40655E+16
7902,7903,1,0,2,0,2016,9,6,4,1,6,4,1,0,0,0,1,1,0,0,5.68345E+20,6.0197E+21,1.00508E+16,5.43205E+16
7903,7904,1,0,59,184,2016,12,17,6,2,8,1,1,1,0,1,0,0,0,0,5.26876E+20,6.05961E+21,9.41687E+15,5.46831E+16
7904,7905,1,0,4,0,2016,10,18,5,3,2,2,2,0,0,1,0,0,0,0,5.64422E+20,5.99098E+21,9.9843E+15,5.4063E+16
7905,7906,1,0,55,27,2016,11,15,5,3,5,2,0,0,0,1,0,0,0,0,6.19634E+20,6.00771E+21,1.08341E+16,5.42034E+16
7906,7907,1,0,58,30,2016,11,8,7,3,8,1,0,2,0,1,0,0,0,0,5.41497E+20,6.02917E+21,9.63934E+15,5.44086E+16
7907,7908,1,0,3,0,2016,10,7,3,3,3,6,0,0,1,0,0,1,0,0,6.09203E+20,5.97082E+21,1.0661E+16,5.38743E+16
7908,7909,1,0,62,1,2016,11,17,3,3,5,2,2,0,0,1,0,0,0,0,5.82718E+20,5.94675E+21,1.02519E+16,5.3663E+16
7909,7910,1,0,3,0,2016,12,11,3,3,2,6,0,1,0,1,0,0,0,0,6.1186E+20,5.96963E+21,1.0701E+16,5.38631E+16
7910,7911,1,0,54,135,2016,10,6,1,3,9,1,2,1,0,1,0,0,0,0,4.88692E+20,6.02624E+21,8.82588E+15,5.43838E+16
7911,7912,1,0,53,23,2016,10,15,5,3,2,6,0,1,0,1,0,0,0,0,5.90436E+20,5.92749E+21,1.0363E+16,5.34886E+16
7912,7913,1,0,54,103,2016,12,0,3,3,8,1,2,0,0,1,0,0,0,0,4.7937E+20,6.04274E+21,8.68119E+15,5.45318E+16
7913,7914,1,0,60,41,2016,12,20,6,3,9,1,2,2,0,1,0,0,0,0,5.82493E+20,5.97554E+21,1.02562E+16,5.39217E+16
7914,7915,2,1,19,140,2016,2,7,5,3,0,1,0,2,0,1,0,0,0,0,5.61906E+20,5.93168E+21,9.93395E+15,5.35304E+16
7915,7916,1,0,3,0,2016,10,8,6,3,2,6,0,1,0,1,0,0,0,0,6.08858E+20,5.96682E+21,1.06544E+16,5.38385E+16
7916,7917,1,0,55,12,2016,11,14,5,3,2,6,0,0,0,1,0,0,0,0,6.06249E+20,5.99903E+21,1.0626E+16,5.41284E+16
7917,7918,1,0,51,69,2016,10,6,3,2,1,5,2,1,0,1,0,1,0,1,5.05155E+20,6.00508E+21,9.07901E+15,5.41938E+16
7918,7919,1,0,60,63,2016,10,16,5,3,2,6,0,0,0,1,0,0,0,0,5.67843E+20,5.95066E+21,1.00276E+16,5.37002E+16
7919,7920,1,0,3,0,2016,12,8,2,3,3,6,0,0,1,0,0,0,0,0,6.10592E+20,5.96865E+21,1.06814E+16,5.38545E+16
7920,7921,1,0,59,19,2016,10,18,1,2,5,3,2,1,0,1,0,0,0,0,5.32572E+20,6.03689E+21,9.50269E+15,5.44786E+16
7921,7922,1,0,2,0,2016,11,17,4,3,3,6,2,1,0,1,0,0,1,0,5.77269E+20,6.0203E+21,1.01881E+16,5.43247E+16
7922,7923,1,0,2,0,2016,11,7,4,3,2,6,1,0,0,1,0,0,1,0,5.7719E+20,6.01709E+21,1.0186E+16,5.42959E+16
7923,7924,1,0,1,0,2016,11,12,7,3,2,6,0,0,0,1,0,0,0,0,5.29741E+20,6.07173E+21,9.46254E+15,5.47918E+16
7924,7925,1,0,61,73,2016,12,18,2,3,8,1,2,0,0,1,0,0,0,0,5.37063E+20,5.96906E+21,9.56365E+15,5.38687E+16
7925,7926,1,0,56,10,2016,12,14,3,3,8,7,0,0,0,0,0,0,1,0,5.47653E+20,5.96568E+21,9.72416E+15,5.38374E+16
7926,7927,1,0,54,76,2016,11,18,6,3,5,3,2,1,0,1,0,1,0,0,4.98674E+20,6.06942E+21,8.97938E+15,5.4772E+16
7927,7928,1,0,53,32,2016,12,13,6,3,5,7,0,1,0,1,0,0,0,0,5.92336E+20,5.92201E+21,1.03901E+16,5.34391E+16
7928,7929,1,0,58,80,2016,10,18,7,2,9,1,1,1,0,0,0,1,0,0,5.56969E+20,6.02964E+21,9.87778E+15,5.44113E+16
7929,7930,2,1,16,136,2016,1,7,3,3,3,6,2,0,0,1,0,0,1,0,5.68375E+20,5.92725E+21,1.00306E+16,5.34898E+16
7930,7931,1,0,58,70,2016,11,17,6,3,4,6,2,0,0,1,0,0,0,0,5.33451E+20,6.01003E+21,9.51325E+15,5.42372E+16
7931,7932,1,0,62,1,2016,12,12,3,3,5,7,0,0,0,1,0,0,0,0,5.83057E+20,5.94486E+21,1.02565E+16,5.36459E+16
7932,7933,1,0,54,19,2016,12,5,2,3,8,1,2,1,0,0,0,0,1,0,4.98593E+20,6.0538E+21,8.9782E+15,5.46317E+16
7933,7934,1,0,62,18,2016,12,15,5,3,5,3,1,0,0,1,0,0,0,0,5.79686E+20,5.93305E+21,1.02025E+16,5.35403E+16
7934,7935,2,7,8,709,2016,2,3,3,2,2,6,2,0,0,0,0,0,1,0,5.63292E+20,5.92034E+21,9.95256E+15,5.34283E+16
7935,7936,1,0,62,89,2016,11,16,4,2,2,6,2,1,0,1,0,0,0,1,5.89255E+20,5.95485E+21,1.03531E+16,5.37347E+16
7936,7937,1,0,3,0,2016,10,15,2,3,5,2,0,1,0,1,0,0,0,0,6.12007E+20,5.96831E+21,1.07027E+16,5.38512E+16
7937,7938,2,1,16,136,2016,4,11,6,2,3,6,0,0,0,1,0,0,0,0,5.70522E+20,5.92946E+21,1.00634E+16,5.35093E+16
7938,7939,1,0,58,47,2016,11,16,1,3,4,6,1,0,0,1,0,0,0,0,5.34202E+20,6.01041E+21,9.52481E+15,5.42405E+16
7939,7940,1,0,3,0,2016,12,10,7,3,0,1,0,2,1,0,0,0,0,0,6.13401E+20,5.96957E+21,1.07244E+16,5.38622E+16
7940,7941,1,0,61,116,2016,10,17,1,3,0,1,0,1,0,0,0,1,0,0,5.49289E+20,5.97608E+21,9.7507E+15,5.39308E+16
7941,7942,1,0,59,75,2016,11,7,3,3,5,3,2,1,0,1,0,0,0,0,5.36011E+20,6.03929E+21,9.55606E+15,5.45E+16
7942,7943,1,0,3,0,2016,10,12,7,3,2,6,0,0,0,1,0,0,0,0,6.08259E+20,5.96738E+21,1.06455E+16,5.38436E+16
7943,7944,1,0,4,0,2016,10,13,7,3,5,2,0,0,0,1,0,0,0,0,5.64867E+20,5.99107E+21,9.99112E+15,5.40637E+16
7944,7945,1,0,62,35,2016,11,8,2,3,2,6,0,1,0,1,1,0,0,0,5.86678E+20,5.94656E+21,1.03117E+16,5.36606E+16
7945,7946,1,0,59,6,2016,11,7,6,3,5,3,1,1,0,1,0,0,0,1,5.46659E+20,6.05566E+21,9.72307E+15,5.46462E+16
7946,7947,1,0,2,0,2016,12,12,6,3,5,3,0,0,0,1,0,0,0,0,5.73294E+20,6.01857E+21,1.01265E+16,5.43097E+16
7947,7948,1,0,53,61,2016,10,19,1,2,9,1,2,1,0,1,0,0,0,0,6.03318E+20,5.95661E+21,1.05668E+16,5.37479E+16
7948,7949,1,0,60,5,2016,11,17,4,2,2,6,2,1,0,1,0,0,0,0,5.87044E+20,5.97599E+21,1.03256E+16,5.3925E+16
7949,7950,1,0,1,0,2016,12,12,5,3,5,3,0,1,1,1,0,0,0,0,5.28026E+20,6.07046E+21,9.43575E+15,5.47806E+16
7950,7951,1,0,58,139,2016,10,6,6,2,5,2,2,0,0,1,0,0,1,0,5.67494E+20,6.01094E+21,1.00357E+16,5.42419E+16
7951,7952,2,3,9,321,2016,1,18,1,3,5,3,2,0,0,1,0,0,0,0,5.62075E+20,5.93688E+21,9.93753E+15,5.35771E+16
7952,7953,2,2,6,218,2016,3,16,4,3,5,3,0,0,1,1,0,0,0,0,5.59193E+20,5.93565E+21,9.89377E+15,5.35664E+16
7953,7954,1,0,2,0,2016,9,13,6,3,5,2,0,0,1,1,0,0,0,0,5.73339E+20,6.02037E+21,1.01277E+16,5.43259E+16
7954,7955,1,0,58,34,2016,11,17,3,3,5,3,2,0,1,1,0,0,0,0,5.44412E+20,6.01898E+21,9.68274E+15,5.43168E+16
7955,7956,1,0,4,0,2016,12,18,1,3,6,2,2,1,0,1,1,0,0,0,5.64417E+20,5.9922E+21,9.98448E+15,5.4074E+16
7956,7957,1,0,2,0,2016,10,17,1,3,3,6,2,0,0,1,0,0,1,0,5.77266E+20,6.0203E+21,1.0188E+16,5.43247E+16
7957,7958,1,0,51,92,2016,9,18,5,2,5,2,2,1,0,1,0,0,0,0,5.02246E+20,6.01782E+21,9.03451E+15,5.43083E+16
7958,7959,2,2,1,206,2016,2,13,6,3,3,6,0,1,0,1,0,0,1,0,5.63249E+20,5.93514E+21,9.95491E+15,5.35613E+16
7959,7960,1,0,54,168,2016,10,11,5,3,9,7,0,0,1,0,0,0,0,0,4.54827E+20,6.08034E+21,8.29612E+15,5.48681E+16
7960,7961,1,0,3,0,2016,12,14,6,3,0,2,0,0,1,0,0,0,1,0,6.09184E+20,5.96738E+21,1.06595E+16,5.38434E+16
7961,7962,1,0,53,83,2016,11,15,6,3,5,3,0,1,0,1,0,0,0,0,6.05564E+20,5.91522E+21,1.05869E+16,5.33756E+16
7962,7963,1,0,57,48,2016,11,4,1,3,5,3,2,1,0,1,0,0,0,0,6.03023E+20,6.01684E+21,1.05827E+16,5.42891E+16
7963,7964,1,0,56,15,2016,11,16,2,3,3,6,1,0,0,1,0,0,0,0,5.47236E+20,5.95466E+21,9.71614E+15,5.37384E+16
7964,7965,1,0,60,63,2016,11,16,4,3,2,6,2,0,0,1,0,0,0,0,5.62879E+20,5.94525E+21,9.95137E+15,5.36522E+16
7965,7966,1,0,3,0,2016,12,17,4,3,5,2,2,1,1,1,0,0,0,0,6.11383E+20,5.97095E+21,1.06942E+16,5.38751E+16
7966,7967,1,0,51,11,2016,12,16,3,3,5,3,2,0,0,1,0,0,0,0,5.0961E+20,5.97226E+21,9.14626E+15,5.38987E+16
7967,7968,2,1,7,119,2016,1,5,2,3,1,6,2,0,0,1,0,0,0,0,5.67955E+20,5.93424E+21,1.00258E+16,5.35527E+16
7968,7969,2,3,1,306,2016,3,10,7,3,0,7,0,1,0,1,0,0,0,0,5.63427E+20,5.93639E+21,9.95785E+15,5.35725E+16
7969,7970,1,0,55,1,2016,10,8,2,3,5,2,0,1,0,1,0,0,0,1,6.05276E+20,5.98829E+21,1.06074E+16,5.40321E+16
7970,7971,1,0,54,131,2016,11,15,1,3,8,1,0,1,0,1,0,0,0,0,4.95488E+20,6.08232E+21,8.92966E+15,5.48879E+16
7971,7972,1,0,4,0,2016,10,16,6,2,5,2,0,0,1,1,0,0,0,0,5.63859E+20,5.99148E+21,9.9758E+15,5.40676E+16
7972,7973,1,0,58,78,2016,10,18,3,2,9,1,2,1,0,1,0,0,0,0,5.28725E+20,6.01582E+21,9.44128E+15,5.42895E+16
7973,7974,1,0,60,63,2016,10,12,2,3,5,7,0,0,0,1,0,0,1,0,5.67465E+20,5.95533E+21,1.00229E+16,5.37423E+16
7974,7975,1,0,51,49,2016,11,15,4,2,8,1,0,1,0,1,0,0,0,0,5.10942E+20,6.01508E+21,9.16807E+15,5.42835E+16