FID,OBJECTID,ULAND,UREGBEZ,UKREIS,UGEMEINDE,UJAHR,UMONAT,USTUNDE,UWOCHENTAG,UKATEGORIE,UART,UTYP1,ULICHTVERH,IstStrasse,IstRad,IstPKW,IstFuss,IstKrad,IstGkfz,IstSonstig,LINREFX,LINREFY,XGCSWGS84,YGCSWGS84
7975,7976,1,0,59,96,2016,10,10,5,3,8,1,0,1,0,1,0,0,0,0,5.18742E+20,6.02683E+21,9.28861E+15,5.43889E+16
7976,7977,1,0,59,53,2016,9,12,4,3,2,6,0,0,0,1,0,0,0,0,5.34373E+20,6.02994E+21,9.52968E+15,5.4416E+16
7977,7978,1,0,53,116,2016,11,12,1,3,0,7,0,0,1,0,0,0,0,1,5.98811E+20,5.93024E+21,1.04901E+16,5.35118E+16
7978,7979,1,0,58,43,2016,12,18,5,3,5,3,2,1,0,1,0,0,0,0,5.54089E+20,6.03565E+21,9.83452E+15,5.44656E+16
7979,7980,1,0,57,9,2016,11,15,7,3,8,1,0,1,0,1,0,0,0,0,5.97599E+20,5.99994E+21,1.04939E+16,5.41383E+16
7980,7981,1,0,60,5,2016,10,17,4,3,5,3,0,0,1,1,0,0,0,0,5.84961E+20,5.97723E+21,1.02942E+16,5.39365E+16
7981,7982,1,0,1,0,2016,11,3,7,3,2,6,2,1,0,1,0,0,0,0,5.28123E+20,6.07119E+21,9.43733E+15,5.47871E+16
7982,7983,1,0,2,0,2016,10,19,3,3,4,6,2,0,1,0,0,0,0,0,5.73658E+20,6.01942E+21,1.01324E+16,5.43173E+16
7983,7984,1,0,2,0,2016,11,8,3,3,5,2,0,0,1,0,0,0,0,1,5.7296E+20,6.02103E+21,1.0122E+16,5.43319E+16
7984,7985,1,0,1,0,2016,12,11,3,2,6,3,0,0,0,0,1,0,0,1,5.27329E+20,6.0718E+21,9.42504E+15,5.47926E+16
7985,7986,1,0,3,0,2016,10,17,7,2,3,6,1,0,0,1,0,1,0,0,6.06924E+20,5.96934E+21,1.06259E+16,5.38615E+16
7986,7987,1,0,55,1,2016,12,7,6,3,8,1,2,2,0,1,0,0,0,0,6.04076E+20,5.98251E+21,1.05871E+16,5.39804E+16
7987,7988,2,7,9,710,2016,2,7,3,3,3,6,0,0,0,1,0,0,1,0,5.61056E+20,5.922E+21,9.91924E+15,5.34434E+16
7988,7989,1,0,56,18,2016,10,20,5,3,1,6,2,1,0,1,0,0,0,1,5.57394E+20,5.94253E+21,9.86788E+15,5.36284E+16
7989,7990,1,0,1,0,2016,11,12,5,3,8,1,0,1,0,0,0,1,0,0,5.27946E+20,6.07043E+21,9.43451E+15,5.47803E+16
7990,7991,1,0,60,44,2016,10,21,4,2,5,3,2,0,0,1,0,1,0,0,5.64133E+20,5.96381E+21,9.97418E+15,5.38188E+16
7991,7992,1,0,53,116,2016,10,9,3,3,2,6,0,1,0,1,0,0,1,0,5.97715E+20,5.92909E+21,1.04732E+16,5.35017E+16
7992,7993,1,0,59,79,2016,10,15,7,3,1,5,0,1,0,1,0,0,0,0,5.2423E+20,6.04128E+21,9.37431E+15,5.45185E+16
7993,7994,1,0,1,0,2016,10,15,3,3,9,1,0,1,0,1,0,0,0,0,5.27014E+20,6.06918E+21,9.4199E+15,5.47691E+16
7994,7995,2,1,12,130,2016,4,14,2,3,1,6,0,0,0,1,0,0,0,0,5.75778E+20,5.93573E+21,1.01442E+16,5.3565E+16
7995,7996,1,0,3,0,2016,9,12,3,3,2,6,0,0,0,1,0,1,0,0,6.14564E+20,5.97068E+21,1.07425E+16,5.3872E+16
7996,7997,1,0,59,98,2016,12,12,2,3,4,2,0,0,0,1,0,0,0,0,5.38132E+20,6.04468E+21,9.5895E+15,5.45482E+16
7997,7998,1,0,3,0,2016,10,4,7,3,5,3,2,0,0,1,0,0,0,0,6.12297E+20,5.97207E+21,1.07085E+16,5.38849E+16
7998,7999,1,0,61,84,2016,11,7,3,2,2,6,1,1,0,1,0,0,0,0,5.40031E+20,5.98807E+21,9.61128E+15,5.40393E+16
7999,8000,1,0,56,30,2016,11,13,3,3,8,1,0,1,0,1,0,0,0,0,5.46242E+20,5.96293E+21,9.70231E+15,5.38129E+16
8000,8001,1,0,60,40,2016,11,11,6,3,8,7,0,1,0,1,0,0,0,0,5.57138E+20,5.97641E+21,9.87029E+15,5.39329E+16
8001,8002,1,0,59,183,2016,12,13,1,3,5,3,0,0,0,1,0,0,0,0,5.21446E+20,6.07004E+21,9.33342E+15,5.47771E+16
8002,8003,1,0,60,4,2016,12,7,3,3,2,6,1,1,0,1,0,0,0,1,5.61539E+20,5.97402E+21,9.93683E+15,5.39109E+16
8003,8004,1,0,51,44,2016,11,17,5,3,5,3,2,1,1,1,0,0,0,0,5.05888E+20,6.00384E+21,9.09022E+15,5.41825E+16
8004,8005,1,0,60,4,2016,10,14,6,3,5,3,0,1,1,1,0,0,0,0,5.57818E+20,5.97512E+21,9.8804E+15,5.39213E+16
8005,8006,1,0,53,32,2016,10,6,3,3,2,6,2,1,0,1,0,0,0,1,5.89541E+20,5.92374E+21,1.03485E+16,5.34551E+16
8006,8007,1,0,54,65,2016,10,14,3,3,5,3,0,0,1,0,0,0,0,1,4.79381E+20,6.07986E+21,8.67875E+15,5.48654E+16
8007,8008,1,0,2,0,2016,12,3,5,3,7,7,2,1,1,0,0,0,0,0,5.7359E+20,6.0208E+21,1.01316E+16,5.43297E+16
8008,8009,1,0,3,0,2016,10,16,5,3,3,2,0,1,0,1,0,0,0,1,6.11237E+20,5.97169E+21,1.06923E+16,5.38818E+16
8009,8010,1,0,54,168,2016,9,12,4,3,9,1,0,0,1,0,0,0,0,0,4.55198E+20,6.08252E+21,8.30157E+15,5.48877E+16
8010,8011,1,0,60,68,2016,11,11,1,3,4,6,0,1,0,1,0,0,0,0,5.77842E+20,5.98271E+21,1.01872E+16,5.39868E+16
8011,8012,1,0,60,57,2016,12,10,5,3,0,3,0,1,0,1,0,0,1,0,5.83106E+20,5.97252E+21,1.02647E+16,5.38944E+16
8012,8013,1,0,1,0,2016,10,7,5,3,5,3,0,0,0,1,0,0,0,1,5.28842E+20,6.07189E+21,9.44858E+15,5.47933E+16
8013,8014,1,0,2,0,2016,11,17,7,3,6,2,2,0,0,1,1,0,0,0,5.69142E+20,6.02026E+21,1.00631E+16,5.43255E+16
8014,8015,1,0,3,0,2016,10,11,3,3,5,3,0,0,0,1,0,0,0,0,6.10667E+20,5.97219E+21,1.06838E+16,5.38864E+16
8015,8016,1,0,62,1,2016,11,5,3,3,2,2,2,1,0,1,0,0,0,0,5.82498E+20,5.94835E+21,1.0249E+16,5.36774E+16
8016,8017,1,0,58,135,2016,12,7,3,3,5,2,1,0,1,1,0,0,0,0,5.44294E+20,6.01759E+21,9.68071E+15,5.43043E+16
8017,8018,1,0,51,44,2016,10,19,7,2,8,1,2,0,0,0,0,1,0,0,5.05681E+20,6.00502E+21,9.08707E+15,5.41932E+16
8018,8019,1,0,3,0,2016,10,8,5,3,5,2,0,1,1,1,0,0,0,0,6.12547E+20,5.96971E+21,1.07115E+16,5.38637E+16
8019,8020,1,0,62,61,2016,12,8,6,2,8,1,0,2,0,1,0,0,0,0,5.97133E+20,5.96467E+21,1.04756E+16,5.38215E+16
8020,8021,2,1,11,129,2016,2,2,4,3,2,6,2,1,0,1,0,0,0,0,5.72454E+20,5.93553E+21,1.00939E+16,5.35637E+16
8021,8022,1,0,59,183,2016,10,16,6,3,0,7,0,1,0,1,0,0,0,0,5.25053E+20,6.06665E+21,9.3892E+15,5.47465E+16
8022,8023,1,0,58,135,2016,11,13,5,3,2,6,0,1,0,1,0,0,0,0,5.4273E+20,6.0165E+21,9.65652E+15,5.42946E+16
8023,8024,1,0,60,5,2016,10,6,3,3,8,1,2,1,0,1,0,0,0,0,5.84773E+20,5.97743E+21,1.02914E+16,5.39383E+16
8024,8025,1,0,3,0,2016,10,13,5,3,5,2,0,0,1,1,0,0,0,0,6.09281E+20,5.97115E+21,1.06623E+16,5.38773E+16
8025,8026,1,0,58,18,2016,10,7,3,3,5,3,1,1,0,1,0,0,0,0,5.66127E+20,6.00903E+21,1.00143E+16,5.4225E+16
8026,8027,1,0,3,0,2016,9,16,3,3,5,2,0,0,1,1,0,0,0,0,6.10081E+20,5.97064E+21,1.06743E+16,5.38726E+16
8027,8028,1,0,2,0,2016,12,12,2,3,2,6,0,0,0,0,0,0,1,1,5.69592E+20,6.01748E+21,1.00694E+16,5.43005E+16
8028,8029,1,0,62,4,2016,10,18,7,3,0,7,2,1,0,1,0,0,0,1,5.93159E+20,5.96388E+21,1.0415E+16,5.38151E+16
8029,8030,1,0,56,39,2016,11,16,4,3,2,6,2,1,0,1,0,0,0,1,5.52976E+20,5.94762E+21,9.80196E+15,5.36747E+16
8030,8031,1,0,62,8,2016,11,13,4,3,3,6,0,0,0,1,0,0,1,0,5.96335E+20,5.96351E+21,1.04631E+16,5.38112E+16
8031,8032,1,0,51,68,2016,11,7,6,3,9,1,1,2,0,1,0,0,0,0,5.11413E+20,6.01255E+21,9.1752E+15,5.42608E+16
8032,8033,1,0,55,40,2016,12,23,1,2,5,3,2,1,0,1,0,0,0,0,6.08394E+20,5.97249E+21,1.06493E+16,5.38896E+16
8033,8034,1,0,2,0,2016,12,15,3,3,2,6,0,0,0,1,0,0,0,0,5.75498E+20,6.01939E+21,1.01606E+16,5.43168E+16
8034,8035,1,0,60,63,2016,11,18,6,3,2,6,2,0,0,1,0,0,0,0,5.62123E+20,5.94731E+21,9.94033E+15,5.36709E+16
8035,8036,1,0,58,147,2016,12,7,6,2,8,1,2,1,0,1,0,0,0,0,5.58246E+20,6.0003E+21,9.89174E+15,5.41475E+16
8036,8037,1,0,1,0,2016,10,9,7,3,5,3,0,0,0,1,0,0,0,0,5.28618E+20,6.07131E+21,9.44504E+15,5.47882E+16
8037,8038,2,7,13,714,2016,1,13,7,3,2,6,0,1,0,1,0,0,0,0,5.58957E+20,5.92514E+21,9.88823E+15,5.3472E+16
8038,8039,1,0,59,75,2016,11,16,6,3,5,3,0,0,0,1,0,0,0,0,5.33987E+20,6.04287E+21,9.52522E+15,5.45323E+16
8039,8040,1,0,4,0,2016,12,18,3,3,5,3,2,0,0,1,0,0,0,0,5.65048E+20,5.99324E+21,9.99434E+15,5.40832E+16
8040,8041,1,0,51,44,2016,12,12,1,3,5,3,0,1,0,1,0,0,0,0,5.0601E+20,6.00318E+21,9.09208E+15,5.41766E+16
8041,8042,1,0,3,0,2016,12,15,5,3,3,2,0,0,1,1,0,0,0,0,6.09792E+20,5.97139E+21,1.06702E+16,5.38793E+16
8042,8043,2,4,6,415,2016,2,19,1,3,3,6,2,1,1,1,0,0,0,0,5.68319E+20,5.9358E+21,1.00316E+16,5.35666E+16
8043,8044,1,0,60,41,2016,11,6,3,3,2,2,1,1,0,1,0,0,0,0,5.83444E+20,5.97513E+21,1.02705E+16,5.39178E+16
8044,8045,1,0,58,107,2016,10,12,2,3,8,1,0,1,0,1,0,0,0,0,5.71017E+20,6.01493E+21,1.00907E+16,5.42773E+16
8045,8046,2,7,10,711,2016,3,15,4,3,5,3,0,1,0,1,0,0,0,0,5.61223E+20,5.92502E+21,9.92234E+15,5.34706E+16
8046,8047,1,0,54,134,2016,11,16,1,2,4,6,0,1,0,1,0,0,0,1,4.80678E+20,6.01707E+21,8.70309E+15,5.43011E+16
8047,8048,1,0,58,34,2016,12,1,7,2,9,1,2,2,0,1,0,0,0,0,5.43496E+20,6.01857E+21,9.66859E+15,5.43132E+16
8048,8049,1,0,56,15,2016,10,13,1,3,2,6,0,0,0,1,0,0,0,0,5.43775E+20,5.95688E+21,9.66399E+15,5.37587E+16
8049,8050,1,0,56,29,2016,11,15,2,3,2,6,0,0,0,1,0,0,0,1,5.42729E+20,5.95167E+21,9.6474E+15,5.3712E+16
8050,8051,1,0,51,49,2016,9,20,6,3,4,6,2,1,0,0,0,0,0,1,5.10599E+20,6.01487E+21,9.1628E+15,5.42817E+16
8051,8052,1,0,3,0,2016,11,22,2,3,1,5,2,1,0,1,0,0,0,1,6.07988E+20,5.96824E+21,1.06417E+16,5.38514E+16
8052,8053,1,0,2,0,2016,11,18,6,3,2,6,2,1,0,1,0,0,0,0,5.71911E+20,6.01916E+21,1.01054E+16,5.43153E+16
8053,8054,1,0,62,6,2016,12,11,5,3,6,6,0,0,1,0,1,0,0,0,5.82784E+20,5.95354E+21,1.02547E+16,5.3724E+16
8054,8055,1,0,2,0,2016,10,12,1,3,2,6,0,1,0,1,0,0,0,0,5.72183E+20,6.02134E+21,1.01101E+16,5.43348E+16
8055,8056,1,0,2,0,2016,9,9,3,3,0,7,0,0,1,0,0,0,0,0,5.73744E+20,6.0192E+21,1.01336E+16,5.43154E+16
8056,8057,1,0,61,50,2016,12,17,4,3,3,1,2,0,1,1,0,0,0,0,5.4021E+20,5.95959E+21,9.61026E+15,5.37834E+16
8057,8058,2,3,1,307,2016,1,21,6,3,6,4,2,0,0,1,1,0,0,0,5.6308E+20,5.93627E+21,9.95258E+15,5.35715E+16
8058,8059,2,4,5,412,2016,3,14,2,3,5,2,0,0,1,1,0,0,0,0,5.67473E+20,5.93763E+21,1.00192E+16,5.35832E+16
8059,8060,1,0,54,56,2016,9,12,6,3,2,6,0,0,0,1,0,0,0,1,5.0339E+20,6.03578E+21,9.0523E+15,5.44696E+16
8060,8061,1,0,2,0,2016,11,9,3,3,4,6,0,1,1,0,0,1,0,0,5.74333E+20,6.01999E+21,1.01429E+16,5.43224E+16
8061,8062,1,0,51,114,2016,12,18,7,3,9,1,2,1,0,1,0,0,0,0,5.19364E+20,6.00869E+21,9.29702E+15,5.42259E+16
8062,8063,1,0,3,0,2016,10,10,1,3,0,7,0,0,1,0,0,0,0,0,6.06321E+20,5.96632E+21,1.06157E+16,5.38345E+16
8063,8064,1,0,62,11,2016,9,18,5,2,0,7,1,1,1,0,0,0,0,0,5.82127E+20,5.94064E+21,1.02413E+16,5.36082E+16
8064,8065,2,1,12,130,2016,2,7,3,3,2,6,1,0,0,1,0,0,0,0,5.74066E+20,5.93205E+21,1.01175E+16,5.35321E+16
8065,8066,1,0,56,49,2016,10,22,4,3,2,2,2,0,0,1,0,0,0,0,5.44168E+20,5.94825E+21,9.66871E+15,5.36811E+16
8066,8067,1,0,2,0,2016,12,14,6,2,6,4,0,0,0,1,1,0,0,0,5.74129E+20,6.02066E+21,1.01399E+16,5.43284E+16
8067,8068,1,0,54,167,2016,9,8,4,3,5,3,0,0,0,1,0,0,0,0,4.9667E+20,6.06537E+21,8.94828E+15,5.47356E+16
8068,8069,1,0,55,35,2016,10,13,6,3,0,7,0,0,0,0,0,0,0,1,6.13922E+20,5.97598E+21,1.07347E+16,5.39197E+16
8069,8070,1,0,3,0,2016,11,19,6,3,3,6,1,0,0,1,0,0,1,0,6.10018E+20,5.97013E+21,1.06732E+16,5.3868E+16
8070,8071,1,0,62,76,2016,11,6,7,2,8,1,2,2,0,1,0,0,0,0,5.70701E+20,5.9576E+21,1.00725E+16,5.37622E+16
8071,8072,1,0,62,69,2016,11,19,4,3,5,2,2,1,1,1,0,0,0,0,5.86543E+20,5.94357E+21,1.03088E+16,5.36337E+16
8072,8073,1,0,58,135,2016,12,12,4,3,6,4,0,0,1,0,1,0,0,0,5.42945E+20,6.01762E+21,9.65999E+15,5.43047E+16
8073,8074,1,0,3,0,2016,12,15,3,2,9,1,1,1,0,1,0,0,0,0,6.05401E+20,5.97093E+21,1.06033E+16,5.38761E+16
8074,8075,2,6,9,610,2016,1,1,6,3,2,6,2,1,0,1,0,0,0,0,5.74378E+20,5.92688E+21,1.01209E+16,5.34856E+16
8075,8076,2,2,3,209,2016,3,18,5,3,2,6,2,1,0,1,0,0,0,0,5.62312E+20,5.93538E+21,9.94081E+15,5.35636E+16
8076,8077,1,0,59,24,2016,10,8,2,3,2,6,0,1,0,1,0,0,0,1,5.20823E+20,6.01792E+21,9.32005E+15,5.43088E+16
8077,8078,1,0,61,29,2016,11,17,7,3,6,7,2,1,0,1,1,0,0,0,5.28337E+20,5.95984E+21,9.4301E+15,5.37863E+16
8078,8079,1,0,58,135,2016,10,15,6,3,2,6,0,0,0,1,0,0,0,0,5.42649E+20,6.01621E+21,9.65524E+15,5.4292E+16
8079,8080,1,0,59,18,2016,10,8,3,2,0,7,0,0,0,1,1,0,0,0,5.35882E+20,6.03834E+21,9.55395E+15,5.44914E+16
8080,8081,1,0,55,35,2016,10,13,2,3,8,1,0,0,0,1,0,0,0,0,6.17633E+20,5.98042E+21,1.07929E+16,5.39587E+16
8081,8082,1,0,56,39,2016,11,8,4,3,0,7,0,1,0,0,0,0,0,1,5.52272E+20,5.94523E+21,9.79089E+15,5.36532E+16
8082,8083,1,0,56,49,2016,10,18,4,3,1,5,1,0,0,1,0,0,0,0,5.44969E+20,5.94914E+21,9.68097E+15,5.3689E+16
8083,8084,1,0,58,59,2016,11,13,1,3,0,6,0,0,1,0,1,0,0,0,5.52822E+20,5.99614E+21,9.80798E+15,5.41107E+16
8084,8085,1,0,54,63,2016,12,23,5,3,5,2,2,1,0,1,0,0,0,0,4.878E+20,6.02067E+21,8.81238E+15,5.43337E+16
8085,8086,1,0,58,128,2016,11,16,7,3,9,1,0,1,0,1,0,0,0,0,5.60939E+20,5.9884E+21,9.93058E+15,5.40403E+16
8086,8087,2,6,2,603,2016,2,17,2,3,5,3,2,1,0,1,0,0,0,0,5.81804E+20,5.9263E+21,1.02327E+16,5.34793E+16
8087,8088,1,0,55,39,2016,11,8,7,3,2,6,0,2,0,1,0,0,0,0,6.15234E+20,5.99377E+21,1.07614E+16,5.40792E+16
8088,8089,1,0,54,88,2016,10,17,3,2,6,2,1,0,0,1,1,0,0,0,4.89284E+20,6.07254E+21,8.83331E+15,5.47999E+16
8089,8090,1,0,62,94,2016,12,17,5,3,3,6,2,1,0,1,0,0,0,0,6.00393E+20,5.96469E+21,1.05251E+16,5.38211E+16
8090,8091,1,0,62,9,2016,11,14,3,3,8,7,0,0,0,1,0,0,0,0,5.76718E+20,5.93535E+21,1.01583E+16,5.35614E+16
8091,8092,1,0,60,42,2016,12,8,2,3,8,6,2,1,0,0,0,0,1,0,5.7057E+20,5.96671E+21,1.00726E+16,5.38441E+16
8092,8093,1,0,2,0,2016,10,14,7,3,0,3,0,1,0,1,0,1,0,0,5.74381E+20,6.02013E+21,1.01436E+16,5.43236E+16
8093,8094,1,0,55,40,2016,12,10,6,3,0,1,0,2,0,0,0,1,0,0,6.07097E+20,5.97785E+21,1.06315E+16,5.3938E+16
8094,8095,2,1,11,128,2016,2,7,2,3,2,6,0,1,0,1,0,0,0,1,5.71113E+20,5.93388E+21,1.00733E+16,5.3549E+16
8095,8096,1,0,58,169,2016,10,18,5,3,5,2,1,0,0,1,0,0,0,0,5.59487E+20,5.99171E+21,9.90906E+15,5.40702E+16
8096,8097,1,0,61,104,2016,11,14,4,3,4,1,0,1,0,1,0,0,0,1,5.37858E+20,5.96632E+21,9.5754E+15,5.3844E+16
8097,8098,1,0,3,0,2016,10,14,4,3,8,3,0,0,1,1,0,0,0,0,6.12373E+20,5.9677E+21,1.07081E+16,5.38456E+16
8098,8099,1,0,3,0,2016,10,20,3,3,5,3,2,1,1,1,0,0,0,0,6.11269E+20,5.96911E+21,1.06918E+16,5.38585E+16
8099,8100,1,0,56,29,2016,10,9,6,3,2,6,0,1,0,1,0,0,1,0,5.4273E+20,5.95144E+21,9.64739E+15,5.37099E+16
8100,8101,1,0,59,118,2016,10,15,3,3,5,2,0,1,0,1,0,0,0,1,5.41498E+20,6.07063E+21,9.64523E+15,5.47812E+16
8101,8102,2,7,9,710,2016,4,6,6,3,5,3,0,0,0,1,0,0,0,0,5.64203E+20,5.92276E+21,9.96677E+15,5.34499E+16
8102,8103,1,0,3,0,2016,9,15,3,3,4,6,0,0,1,0,0,0,0,0,6.09906E+20,5.97025E+21,1.06715E+16,5.38691E+16
8103,8104,1,0,62,71,2016,12,8,2,3,2,6,0,0,0,1,0,0,1,0,5.81448E+20,5.94059E+21,1.0231E+16,5.36078E+16
8104,8105,1,0,55,27,2016,11,17,4,3,2,6,1,0,0,1,0,0,0,0,6.23896E+20,6.00931E+21,1.09001E+16,5.42168E+16
8105,8106,1,0,58,34,2016,10,18,7,2,6,4,2,1,0,1,1,0,0,0,5.43977E+20,6.01877E+21,9.67602E+15,5.43149E+16
8106,8107,1,0,62,60,2016,11,21,3,3,6,2,2,1,0,1,1,0,0,0,5.83001E+20,5.92975E+21,1.02516E+16,5.35102E+16
8107,8108,1,0,62,60,2016,11,7,3,3,5,2,2,1,1,1,0,0,0,0,5.8335E+20,5.93095E+21,1.02572E+16,5.35209E+16
8108,8109,1,0,62,65,2016,11,11,6,3,8,7,0,1,0,0,0,1,0,0,5.90646E+20,5.96043E+21,1.03758E+16,5.37846E+16
8109,8110,1,0,56,2,2016,12,2,7,3,9,1,2,1,0,1,0,0,0,0,5.4989E+20,5.95947E+21,9.75715E+15,5.37814E+16
8110,8111,1,0,60,96,2016,12,6,2,3,9,1,2,1,0,1,0,0,0,0,5.91733E+20,5.97573E+21,1.03969E+16,5.39218E+16
8111,8112,1,0,53,32,2016,11,15,5,3,5,3,0,0,0,1,0,0,0,0,5.91299E+20,5.92279E+21,1.03747E+16,5.34462E+16
8112,8113,1,0,1,0,2016,12,9,6,3,2,6,0,1,0,1,0,0,0,0,5.26851E+20,6.06869E+21,9.41732E+15,5.47647E+16
8113,8114,1,0,53,125,2016,10,14,6,3,2,6,0,0,0,1,0,0,0,0,6.0362E+20,5.93672E+21,1.05647E+16,5.35691E+16
8114,8115,2,7,10,711,2016,1,13,4,3,2,6,0,0,0,1,0,0,0,0,5.61101E+20,5.92502E+21,9.92051E+15,5.34706E+16
8115,8116,2,2,3,209,2016,3,13,6,3,6,7,0,1,1,0,1,0,0,0,5.6252E+20,5.93594E+21,9.94407E+15,5.35686E+16
8116,8117,1,0,58,171,2016,12,18,2,1,0,7,2,1,0,1,0,0,0,0,5.59093E+20,6.01596E+21,9.90779E+15,5.42881E+16
8117,8118,1,0,54,134,2016,12,2,1,2,9,1,2,1,0,1,0,0,0,0,4.82712E+20,6.01992E+21,8.73418E+15,5.43268E+16
8118,8119,1,0,61,29,2016,10,17,3,3,0,1,0,0,1,0,0,0,0,0,5.27643E+20,5.96041E+21,9.41962E+15,5.37915E+16
8119,8120,2,1,6,117,2016,2,19,5,3,2,6,2,0,0,1,0,0,0,0,5.67955E+20,5.93423E+21,1.00258E+16,5.35525E+16
8120,8121,1,0,2,0,2016,11,19,3,3,7,7,2,1,0,1,0,0,0,0,5.72823E+20,6.01804E+21,1.01192E+16,5.43051E+16
8121,8122,1,0,2,0,2016,12,10,7,3,9,1,0,2,0,1,0,0,0,0,5.6874E+20,6.01835E+21,1.00565E+16,5.43084E+16
8122,8123,2,2,6,218,2016,3,14,1,3,2,6,0,1,0,1,0,0,0,0,5.59248E+20,5.93562E+21,9.89461E+15,5.35661E+16
8123,8124,1,0,55,43,2016,11,0,7,2,6,4,2,1,0,1,1,0,0,0,6.17186E+20,6.01952E+21,1.08012E+16,5.43101E+16
8124,8125,1,0,3,0,2016,10,11,1,3,4,6,0,0,1,0,0,0,0,0,6.10904E+20,5.96799E+21,1.06859E+16,5.38486E+16
8125,8126,1,0,2,0,2016,11,13,2,3,8,7,0,0,0,1,0,0,0,0,5.73635E+20,6.02901E+21,1.01344E+16,5.44035E+16
8126,8127,1,0,3,0,2016,9,21,6,3,0,7,1,0,1,0,0,0,0,0,6.10911E+20,5.97289E+21,1.06878E+16,5.38926E+16
8127,8128,1,0,59,41,2016,11,11,2,3,5,3,0,0,0,1,0,0,0,0,5.31637E+20,6.03934E+21,9.48852E+15,5.45007E+16
8128,8129,1,0,3,0,2016,11,10,5,3,5,2,0,0,1,1,0,0,0,0,6.11358E+20,5.971E+21,1.06939E+16,5.38755E+16
8129,8130,1,0,59,161,2016,12,18,5,3,9,6,2,0,0,0,0,1,0,0,5.42188E+20,6.06458E+21,9.65508E+15,5.47267E+16
8130,8131,1,0,59,98,2016,10,7,3,3,3,2,0,0,0,1,0,0,0,1,5.38763E+20,6.04715E+21,9.59959E+15,5.45704E+16
8131,8132,1,0,56,15,2016,10,0,7,3,0,7,2,0,1,0,0,0,0,0,5.44381E+20,5.95732E+21,9.67324E+15,5.37626E+16
8132,8133,1,0,62,4,2016,12,13,4,3,3,6,0,0,0,1,0,0,0,1,5.89968E+20,5.9633E+21,1.03664E+16,5.38105E+16
8133,8134,2,3,9,321,2016,1,15,2,3,2,6,0,1,0,1,0,0,0,0,5.6181E+20,5.93759E+21,9.93368E+15,5.35835E+16
8134,8135,2,2,5,216,2016,3,17,4,3,2,6,0,0,0,1,0,0,0,0,5.59605E+20,5.93544E+21,9.89996E+15,5.35645E+16
8135,8136,1,0,61,46,2016,10,13,2,3,4,2,0,0,0,1,0,0,0,0,5.33892E+20,5.97398E+21,9.51597E+15,5.39131E+16
8136,8137,1,0,54,168,2016,12,14,7,3,5,3,0,1,0,1,0,0,0,0,4.55702E+20,6.0847E+21,8.30909E+15,5.49074E+16
8137,8138,1,0,58,137,2016,10,16,7,3,3,6,0,0,0,0,0,1,0,0,5.53516E+20,6.04504E+21,9.82738E+15,5.455E+16
8138,8139,1,0,58,34,2016,10,12,4,3,5,3,0,0,1,1,0,0,0,0,5.44862E+20,6.01931E+21,9.6897E+15,5.43197E+16
8139,8140,1,0,59,39,2016,12,15,6,2,9,1,1,1,0,1,0,0,0,0,5.23617E+20,6.0353E+21,9.36437E+15,5.44648E+16
8140,8141,1,0,60,29,2016,10,7,6,2,1,6,1,1,0,1,0,0,0,0,5.80477E+20,5.9661E+21,1.0223E+16,5.38372E+16
8141,8142,2,6,2,603,2016,1,12,6,3,1,2,0,0,0,1,0,0,0,0,5.83974E+20,5.92548E+21,1.02651E+16,5.34716E+16
8142,8143,1,0,62,69,2016,12,11,2,1,4,7,0,1,0,1,0,0,0,0,5.85545E+20,5.94455E+21,1.0294E+16,5.36427E+16
8143,8144,1,0,2,0,2016,12,20,1,3,0,3,2,1,1,1,0,0,0,0,5.72153E+20,6.02138E+21,1.01097E+16,5.43351E+16
8144,8145,2,2,5,215,2016,2,18,7,3,6,3,2,1,0,1,1,0,0,0,5.61673E+20,5.93536E+21,9.93116E+15,5.35634E+16
8145,8146,1,0,58,90,2016,11,23,3,3,7,7,2,1,0,1,0,0,0,0,5.49356E+20,6.03843E+21,9.76196E+15,5.44911E+16
8146,8147,1,0,54,109,2016,12,11,7,3,2,6,0,1,0,1,0,0,0,0,4.91561E+20,6.06871E+21,8.86884E+15,5.47655E+16
8147,8148,2,4,6,414,2016,3,12,3,3,3,3,0,0,0,1,0,0,0,1,5.6768E+20,5.93666E+21,1.00221E+16,5.35745E+16
8148,8149,1,0,60,85,2016,11,10,7,3,5,3,0,1,0,1,0,0,0,0,5.77283E+20,5.96386E+21,1.01739E+16,5.38175E+16
8149,8150,1,0,60,72,2016,10,3,1,2,9,7,2,0,0,1,0,0,0,0,5.83699E+20,5.99479E+21,1.02798E+16,5.40944E+16
8150,8151,1,0,3,0,2016,11,10,2,3,2,6,0,0,0,1,0,0,0,0,6.12216E+20,5.9681E+21,1.07058E+16,5.38492E+16
8151,8152,1,0,60,27,2016,9,15,6,3,9,1,0,0,0,1,0,0,0,0,5.60164E+20,5.98423E+21,9.91791E+15,5.40029E+16
8152,8153,1,0,57,85,2016,11,12,2,3,6,3,0,1,0,0,1,0,0,1,5.7896E+20,5.99674E+21,1.02079E+16,5.41127E+16
8153,8154,1,0,56,9,2016,11,7,5,3,2,6,1,0,0,1,0,0,0,0,5.54802E+20,5.95082E+21,9.83016E+15,5.37032E+16
8154,8155,1,0,2,0,2016,12,10,5,2,5,2,0,0,0,1,0,0,0,0,5.74552E+20,6.01455E+21,1.01449E+16,5.42735E+16
8155,8156,1,0,58,128,2016,10,16,1,2,3,1,0,1,0,1,0,0,0,0,5.60927E+20,5.98846E+21,9.93041E+15,5.40408E+16
8156,8157,1,0,56,15,2016,12,20,4,2,5,3,2,1,0,1,0,0,0,0,5.45801E+20,5.95577E+21,9.69455E+15,5.37486E+16
8157,8158,2,3,7,319,2016,1,18,4,3,2,6,2,0,0,1,0,0,0,0,5.61833E+20,5.94468E+21,9.93542E+15,5.36472E+16
8158,8159,2,3,7,319,2016,3,13,6,3,1,6,0,0,0,1,0,0,0,0,5.6145E+20,5.94434E+21,9.92957E+15,5.36442E+16