FID,OBJECTID,ULAND,UREGBEZ,UKREIS,UGEMEINDE,UJAHR,UMONAT,USTUNDE,UWOCHENTAG,UKATEGORIE,UART,UTYP1,ULICHTVERH,IstStrasse,IstRad,IstPKW,IstFuss,IstKrad,IstGkfz,IstSonstig,LINREFX,LINREFY,XGCSWGS84,YGCSWGS84
8343,8344,1,0,2,0,2016,10,15,5,3,2,6,0,0,0,1,1,0,0,0,5.76287E+20,6.02032E+21,1.0173E+16,5.43251E+16
8344,8345,1,0,4,0,2016,11,13,5,3,6,4,0,0,0,1,1,0,0,0,5.63581E+20,5.98988E+21,9.97122E+15,5.40532E+16
8345,8346,1,0,4,0,2016,11,17,7,3,5,3,2,0,1,1,0,0,0,0,5.65153E+20,5.99222E+21,9.99573E+15,5.4074E+16
8346,8347,1,0,55,21,2016,10,9,3,2,8,1,0,0,1,0,0,0,0,0,6.28101E+20,6.0265E+21,1.09719E+16,5.43702E+16
8347,8348,1,0,53,54,2016,11,20,3,2,8,7,2,1,0,0,0,1,0,0,6.20577E+20,5.94071E+21,1.08222E+16,5.36013E+16
8348,8349,1,0,3,0,2016,12,13,3,3,5,3,0,0,1,1,0,0,0,0,6.10039E+20,5.9694E+21,1.06732E+16,5.38614E+16
8349,8350,1,0,58,169,2016,10,18,1,3,3,6,2,1,0,1,0,0,0,0,5.60407E+20,5.99188E+21,9.92314E+15,5.40716E+16
8350,8351,1,0,53,130,2016,10,19,5,3,0,7,2,1,0,1,0,0,0,0,5.96544E+20,5.94907E+21,1.04617E+16,5.36814E+16
8351,8352,1,0,55,42,2016,10,7,4,2,5,2,0,0,0,1,0,1,0,0,6.16608E+20,5.98411E+21,1.07787E+16,5.39921E+16
8352,8353,1,0,61,73,2016,12,7,2,3,0,7,2,1,0,1,0,0,1,0,5.35198E+20,5.96743E+21,9.5351E+15,5.38541E+16
8353,8354,1,0,60,4,2016,12,18,6,3,2,6,2,1,0,1,0,0,0,0,5.57706E+20,5.97518E+21,9.8787E+15,5.39218E+16
8354,8355,2,3,7,319,2016,2,16,5,3,5,3,0,1,0,1,0,0,0,0,5.61589E+20,5.94454E+21,9.93171E+15,5.3646E+16
8355,8356,1,0,3,0,2016,10,19,6,3,6,4,2,1,0,1,1,0,0,0,6.10938E+20,5.96909E+21,1.06868E+16,5.38584E+16
8356,8357,1,0,55,46,2016,11,8,5,2,8,1,0,1,0,1,0,0,0,0,6.44318E+20,6.03391E+21,1.1225E+16,5.44324E+16
8357,8358,1,0,51,44,2016,10,10,3,3,5,2,0,0,0,1,0,0,0,0,5.06902E+20,6.00624E+21,9.10581E+15,5.42041E+16
8358,8359,1,0,53,83,2016,10,12,5,3,5,3,0,0,1,1,0,0,0,0,6.03568E+20,5.91521E+21,1.05569E+16,5.33759E+16
8359,8360,1,0,55,42,2016,9,15,3,3,0,7,0,0,1,0,0,0,0,0,6.14646E+20,5.98361E+21,1.07486E+16,5.39881E+16
8360,8361,1,0,58,173,2016,12,15,2,3,2,2,0,1,0,1,0,0,0,0,5.52568E+20,6.03535E+21,9.811E+15,5.44631E+16
8361,8362,1,0,60,5,2016,10,19,7,3,2,6,2,1,0,1,0,0,0,1,5.86586E+20,5.97637E+21,1.03187E+16,5.39284E+16
8362,8363,1,0,2,0,2016,11,13,4,3,2,6,0,1,0,1,0,0,0,0,5.72305E+20,6.02116E+21,1.0112E+16,5.43331E+16
8363,8364,1,0,59,57,2016,11,19,4,3,5,3,2,1,0,1,0,0,0,1,5.33645E+20,6.04356E+21,9.52001E+15,5.45385E+16
8364,8365,1,0,58,3,2016,11,14,7,3,2,6,0,1,0,1,0,0,0,0,5.43403E+20,6.02463E+21,9.66804E+15,5.43676E+16
8365,8366,1,0,56,19,2016,12,14,1,3,4,6,0,1,0,1,0,0,0,0,5.39223E+20,5.94689E+21,9.59368E+15,5.36693E+16
8366,8367,1,0,58,147,2016,12,7,3,3,8,6,2,0,0,1,0,0,0,0,5.56571E+20,6.00067E+21,9.86617E+15,5.4151E+16
8367,8368,1,0,59,83,2016,11,7,6,3,2,6,0,1,0,1,0,0,0,0,5.48914E+20,6.05492E+21,9.75788E+15,5.46393E+16
8368,8369,1,0,53,49,2016,12,16,6,3,4,7,2,1,0,1,0,0,0,1,5.96054E+20,5.93973E+21,1.04514E+16,5.35976E+16
8369,8370,1,0,2,0,2016,10,19,7,3,2,2,2,1,0,1,0,0,0,0,5.73399E+20,6.0192E+21,1.01283E+16,5.43153E+16
8370,8371,2,4,5,410,2016,1,15,3,3,2,6,0,0,0,1,0,0,0,0,5.67079E+20,5.93837E+21,1.00134E+16,5.35899E+16
8371,8372,1,0,2,0,2016,11,7,6,3,5,2,1,1,1,1,0,0,0,0,5.74961E+20,6.0183E+21,1.01521E+16,5.43071E+16
8372,8373,1,0,55,16,2016,12,14,3,3,1,5,0,0,0,1,0,0,0,1,6.29306E+20,6.00616E+21,1.09817E+16,5.41872E+16
8373,8374,1,0,62,9,2016,12,6,2,3,2,6,2,1,0,1,0,0,0,0,5.81738E+20,5.93528E+21,1.0234E+16,5.356E+16
8374,8375,1,0,53,111,2016,12,5,5,3,7,7,2,0,0,1,0,0,0,0,5.97993E+20,5.91722E+21,1.04737E+16,5.3395E+16
8375,8376,2,1,6,117,2016,2,8,3,3,0,7,0,0,1,1,1,0,0,0,5.68027E+20,5.93395E+21,1.00268E+16,5.35501E+16
8376,8377,1,0,60,87,2016,11,7,3,3,9,1,1,1,0,1,0,0,0,0,5.84273E+20,5.98882E+21,1.02869E+16,5.40407E+16
8377,8378,1,0,55,33,2016,10,12,2,3,2,6,0,1,0,1,0,0,0,0,6.23496E+20,6.0175E+21,1.08974E+16,5.42905E+16
8378,8379,2,4,5,412,2016,3,17,5,3,6,4,0,0,0,1,1,0,0,0,5.67444E+20,5.93778E+21,1.00188E+16,5.35845E+16
8379,8380,1,0,58,43,2016,11,10,1,3,2,6,0,0,0,1,0,0,0,0,5.54147E+20,6.03448E+21,9.83519E+15,5.44551E+16
8380,8381,1,0,3,0,2016,12,10,7,2,4,2,0,0,1,1,0,0,0,0,6.22122E+20,5.98045E+21,1.08613E+16,5.3958E+16
8381,8382,1,0,60,52,2016,10,14,1,3,2,6,0,0,0,1,0,0,0,0,5.69472E+20,5.98485E+21,1.006E+16,5.40073E+16
8382,8383,1,0,51,11,2016,11,9,2,3,1,6,0,1,0,1,0,0,0,0,5.07441E+20,5.97193E+21,9.11324E+15,5.38957E+16
8383,8384,1,0,55,32,2016,10,14,7,3,2,6,0,0,0,1,0,0,0,0,6.17353E+20,5.99616E+21,1.07947E+16,5.41002E+16
8384,8385,1,0,61,11,2016,10,22,7,3,3,6,2,0,0,1,0,0,0,0,5.24311E+20,5.98992E+21,9.37139E+15,5.40569E+16
8385,8386,1,0,3,0,2016,11,7,2,3,3,6,1,1,0,1,0,0,0,0,6.06619E+20,5.96061E+21,1.06182E+16,5.37831E+16
8386,8387,1,0,59,183,2016,11,14,6,3,5,3,0,0,0,1,0,0,0,1,5.22935E+20,6.0637E+21,9.35607E+15,5.47201E+16
8387,8388,1,0,61,46,2016,12,13,5,3,5,2,0,1,0,0,0,1,0,1,5.33572E+20,5.97535E+21,9.51125E+15,5.39254E+16
8388,8389,1,0,58,135,2016,10,7,1,3,5,2,2,1,0,1,0,0,0,0,5.42714E+20,6.0165E+21,9.65627E+15,5.42946E+16
8389,8390,1,0,62,94,2016,11,16,4,3,5,3,0,0,0,1,0,0,0,0,6.00693E+20,5.96574E+21,1.053E+16,5.38304E+16
8390,8391,1,0,59,174,2016,9,16,3,2,5,2,0,0,0,1,0,0,0,1,5.19991E+20,6.05854E+21,9.31001E+15,5.46738E+16
8391,8392,1,0,59,50,2016,12,17,5,2,5,3,2,1,0,1,0,0,0,1,5.2979E+20,6.02808E+21,9.45887E+15,5.43996E+16
8392,8393,1,0,57,26,2016,10,14,6,2,4,6,0,0,0,1,0,0,0,0,6.04294E+20,6.01704E+21,1.06023E+16,5.42906E+16
8393,8394,2,4,2,403,2016,1,17,7,3,5,2,2,1,1,1,0,0,0,0,5.65124E+20,5.93863E+21,9.98394E+15,5.35925E+16
8394,8395,2,1,6,117,2016,3,15,3,3,3,2,0,0,1,0,0,0,0,1,5.68058E+20,5.9331E+21,1.0027E+16,5.35424E+16
8395,8396,1,0,54,132,2016,9,21,6,3,8,1,2,1,0,1,0,0,0,0,5.02901E+20,6.03206E+21,9.04472E+15,5.44362E+16
8396,8397,1,0,4,0,2016,11,17,3,2,6,6,2,0,1,0,1,0,0,0,5.64585E+20,5.99257E+21,9.98712E+15,5.40773E+16
8397,8398,1,0,59,23,2016,12,11,1,2,5,3,0,1,0,1,0,0,0,0,5.2667E+20,6.03591E+21,9.41152E+15,5.44701E+16
8398,8399,1,0,2,0,2016,10,2,1,3,0,7,2,0,0,1,1,0,0,0,5.73042E+20,6.01961E+21,1.01229E+16,5.43192E+16
8399,8400,1,0,56,48,2016,9,17,5,3,5,2,0,0,1,1,0,0,0,0,5.4734E+20,5.95016E+21,9.71703E+15,5.3698E+16
8400,8401,2,2,13,226,2016,2,13,4,3,3,6,0,0,0,1,0,0,1,0,5.52224E+20,5.93715E+21,9.78881E+15,5.35806E+16
8401,8402,1,0,54,24,2016,10,19,5,3,8,1,2,1,0,0,0,0,0,1,5.02266E+20,6.04994E+21,9.03507E+15,5.4597E+16
8402,8403,1,0,4,0,2016,12,12,6,3,6,3,0,0,0,1,1,0,0,0,5.66135E+20,5.99078E+21,1.00104E+16,5.4061E+16
8403,8404,4,0,11,0,2016,5,15,3,3,2,6,0,0,0,1,0,0,0,0,4.90431E+20,5.87545E+21,8.85732E+15,5.30285E+16
8404,8405,2,7,14,715,2016,7,15,2,3,5,2,0,0,1,1,0,0,0,0,5.56419E+20,5.92519E+21,9.85002E+15,5.34727E+16
8405,8406,4,0,12,0,2016,2,14,4,3,5,3,0,0,1,1,0,0,0,0,4.72578E+20,5.93208E+21,8.58624E+15,5.35369E+16
8406,8407,2,2,9,221,2016,5,17,2,3,4,2,0,1,1,1,0,0,0,0,5.56406E+20,5.93628E+21,9.85182E+15,5.35724E+16
8407,8408,2,3,5,317,2016,6,13,2,3,3,2,0,0,1,1,0,0,0,0,5.63959E+20,5.93892E+21,9.96639E+15,5.35952E+16
8408,8409,2,4,6,414,2016,12,15,2,3,5,2,0,2,0,1,0,0,0,0,5.67621E+20,5.93675E+21,1.00213E+16,5.35752E+16
8409,8410,2,3,6,318,2016,7,20,4,3,2,6,1,1,0,1,0,0,0,0,5.62117E+20,5.94217E+21,9.93922E+15,5.36246E+16
8410,8411,2,3,8,320,2016,11,19,3,2,3,6,2,1,0,1,0,0,1,0,5.60882E+20,5.93992E+21,9.92011E+15,5.36046E+16
8411,8412,2,7,10,711,2016,6,17,2,2,3,6,0,0,0,1,0,0,0,0,5.62769E+20,5.92509E+21,9.94565E+15,5.3471E+16
8412,8413,6,5,31,6,2016,1,17,2,3,5,2,2,1,0,1,0,0,0,0,4.97087E+20,5.60899E+21,8.95881E+15,5.06328E+16
8413,8414,2,1,2,104,2016,6,7,5,3,2,6,0,0,0,1,0,0,0,0,5.68129E+20,5.93213E+21,1.00279E+16,5.35336E+16
8414,8415,2,1,16,137,2016,10,16,5,3,9,1,0,1,0,0,0,1,0,0,5.66221E+20,5.9261E+21,9.99786E+15,5.34797E+16
8415,8416,2,7,10,711,2016,10,16,5,3,0,7,0,0,0,1,0,0,0,0,5.62217E+20,5.92508E+21,9.93733E+15,5.3471E+16
8416,8417,2,1,12,130,2016,6,6,2,3,2,6,0,0,0,1,0,0,0,1,5.74719E+20,5.93597E+21,1.01282E+16,5.35672E+16
8417,8418,4,0,12,0,2016,3,12,4,3,2,6,0,0,0,1,0,0,0,0,4.74807E+20,5.93407E+21,8.61971E+15,5.35549E+16
8418,8419,2,2,5,215,2016,5,13,2,3,8,1,0,0,0,1,0,0,0,0,5.60624E+20,5.9376E+21,9.91576E+15,5.35837E+16
8419,8420,2,1,8,124,2016,12,20,6,3,3,6,2,0,0,1,0,0,0,0,5.69763E+20,5.93416E+21,1.0053E+16,5.35517E+16
8420,8421,4,0,11,0,2016,10,16,3,3,2,6,0,0,0,1,0,0,0,0,4.90624E+20,5.87559E+21,8.86019E+15,5.30297E+16
8421,8422,2,2,6,218,2016,5,15,1,3,2,6,0,1,0,1,0,0,0,0,5.59496E+20,5.93509E+21,9.89825E+15,5.35613E+16
8422,8423,2,3,8,320,2016,10,21,3,3,3,6,2,1,0,1,0,0,0,1,5.60667E+20,5.94056E+21,9.91698E+15,5.36103E+16
8423,8424,2,7,9,710,2016,10,15,6,3,1,6,0,0,0,1,0,0,0,0,5.61298E+20,5.92145E+21,9.92277E+15,5.34385E+16
8424,8425,2,1,4,111,2016,9,10,6,3,5,3,0,0,1,1,0,0,0,0,5.64246E+20,5.93399E+21,9.96971E+15,5.35509E+16
8425,8426,2,2,5,215,2016,9,18,5,3,3,6,0,0,0,1,0,1,0,0,5.61044E+20,5.9354E+21,9.92168E+15,5.35639E+16
8426,8427,2,7,10,711,2016,5,13,7,3,2,6,0,0,0,1,0,0,0,0,5.61246E+20,5.92304E+21,9.9223E+15,5.34528E+16
8427,8428,2,3,1,306,2016,8,17,3,3,2,6,0,0,0,1,0,1,0,0,5.63383E+20,5.93628E+21,9.95716E+15,5.35716E+16
8428,8429,2,2,12,225,2016,8,16,3,2,0,6,0,0,0,1,0,1,0,0,5.5527E+20,5.93649E+21,9.8347E+15,5.35743E+16
8429,8430,4,0,11,0,2016,12,17,4,3,2,6,2,0,0,1,0,0,0,0,4.87358E+20,5.87622E+21,8.81147E+15,5.30354E+16
8430,8431,4,0,11,0,2016,9,16,3,2,9,1,0,0,0,1,0,0,0,0,4.87473E+20,5.88466E+21,8.81286E+15,5.31112E+16
8431,8432,2,1,16,136,2016,8,10,2,3,3,6,0,0,0,0,0,0,1,1,5.67368E+20,5.93033E+21,1.0016E+16,5.35176E+16
8432,8433,4,0,12,0,2016,6,13,6,3,2,6,0,1,0,1,0,0,0,0,4.71852E+20,5.93328E+21,8.57517E+15,5.35476E+16
8433,8434,2,4,5,409,2016,8,16,2,3,5,3,0,0,1,0,0,1,0,0,5.66234E+20,5.93871E+21,1.00007E+16,5.35931E+16
8434,8435,2,3,7,319,2016,7,18,4,3,2,6,0,0,0,1,0,0,0,1,5.62118E+20,5.94481E+21,9.93976E+15,5.36484E+16
8435,8436,2,1,15,134,2016,6,15,6,3,2,6,0,1,0,1,0,0,0,0,5.68113E+20,5.93047E+21,1.00273E+16,5.35187E+16
8436,8437,2,1,6,117,2016,9,5,3,3,3,2,2,0,1,1,0,0,0,0,5.68142E+20,5.93371E+21,1.00285E+16,5.35478E+16
8437,8438,2,1,12,130,2016,5,14,7,3,2,7,0,0,0,1,0,0,0,0,5.75672E+20,5.93254E+21,1.01418E+16,5.35363E+16
8438,8439,2,4,12,431,2016,12,17,1,3,2,6,2,1,0,1,0,0,0,0,5.65065E+20,5.94486E+21,9.98435E+15,5.36484E+16
8439,8440,2,1,1,102,2016,11,11,5,3,3,2,0,0,0,1,0,0,0,0,5.65351E+20,5.93366E+21,9.98632E+15,5.35478E+16
8440,8441,2,1,7,120,2016,7,8,2,3,3,6,0,0,1,1,0,0,1,0,5.68002E+20,5.9345E+21,1.00265E+16,5.35549E+16
8441,8442,4,0,11,0,2016,11,16,6,3,3,6,0,0,0,1,0,0,1,0,4.81024E+20,5.89156E+21,8.71611E+15,5.31731E+16
8442,8443,4,0,12,0,2016,8,17,5,3,8,1,1,0,0,1,0,0,0,1,4.75077E+20,5.93087E+21,8.62404E+15,5.35262E+16
8443,8444,4,0,12,0,2016,4,16,6,2,2,6,0,1,0,1,0,0,0,0,4.73854E+20,5.93342E+21,8.60538E+15,5.3549E+16
8444,8445,2,1,16,136,2016,7,12,1,3,2,6,0,0,0,1,0,0,0,1,5.68689E+20,5.9279E+21,1.00354E+16,5.34956E+16
8445,8446,4,0,11,0,2016,2,6,6,3,7,7,2,1,0,1,0,0,1,0,4.83729E+20,5.87874E+21,8.75722E+15,5.30579E+16
8446,8447,2,2,5,215,2016,6,10,6,3,5,3,0,1,1,1,0,0,0,0,5.61355E+20,5.93538E+21,9.92637E+15,5.35637E+16
8447,8448,2,3,9,321,2016,5,16,7,3,3,6,0,0,0,1,0,0,0,0,5.6095E+20,5.93864E+21,9.92089E+15,5.35931E+16
8448,8449,2,3,8,320,2016,6,18,2,3,3,6,0,0,0,1,0,0,1,0,5.60674E+20,5.94054E+21,9.91708E+15,5.36101E+16
8449,8450,2,3,9,321,2016,12,4,5,3,4,2,2,1,0,1,0,0,0,0,5.61462E+20,5.93856E+21,9.9286E+15,5.35923E+16
8450,8451,2,6,11,612,2016,7,21,1,2,9,1,2,0,0,0,0,1,0,0,5.71701E+20,5.92916E+21,1.00811E+16,5.35065E+16
8451,8452,2,3,8,320,2016,6,12,4,3,2,6,0,0,0,1,0,0,0,0,5.59813E+20,5.94168E+21,9.90429E+15,5.36205E+16
8452,8453,6,4,35,17,2016,1,22,1,2,9,1,2,0,0,1,0,0,0,0,5.0437E+20,5.55668E+21,9.06118E+15,5.01623E+16
8453,8454,2,4,5,410,2016,10,14,3,3,6,6,0,0,1,0,1,0,0,0,5.67244E+20,5.93824E+21,1.00159E+16,5.35887E+16
8454,8455,2,6,2,603,2016,10,14,4,3,3,6,0,0,0,1,0,0,0,0,5.81975E+20,5.92599E+21,1.02352E+16,5.34765E+16
8455,8456,2,4,2,403,2016,6,14,1,3,2,6,0,0,0,1,0,0,0,0,5.64956E+20,5.93828E+21,9.98132E+15,5.35893E+16
8456,8457,2,1,19,140,2016,9,9,3,3,1,6,0,0,0,1,0,0,0,0,5.61641E+20,5.93236E+21,9.93009E+15,5.35366E+16
8457,8458,2,2,3,208,2016,5,11,7,3,2,6,0,0,0,1,0,0,0,0,5.63216E+20,5.93515E+21,9.95442E+15,5.35614E+16
8458,8459,2,3,8,320,2016,9,2,1,3,8,1,2,1,0,1,0,0,0,0,5.58798E+20,5.94206E+21,9.88902E+15,5.36241E+16
8459,8460,2,3,4,316,2016,8,2,3,3,0,6,2,0,0,1,1,0,0,0,5.64135E+20,5.93783E+21,9.96883E+15,5.35854E+16
8460,8461,2,3,8,320,2016,12,18,7,3,5,2,2,0,0,1,0,0,0,0,5.6007E+20,5.94167E+21,9.90818E+15,5.36204E+16
8461,8462,6,4,32,23,2016,1,13,7,3,2,6,0,1,0,1,0,0,0,0,4.6865E+20,5.52811E+21,8.56342E+15,4.99045E+16
8462,8463,4,0,11,0,2016,10,19,7,3,2,6,2,1,0,1,0,0,0,0,4.8637E+20,5.88223E+21,8.79649E+15,5.30893E+16
8463,8464,2,6,11,612,2016,10,22,7,3,8,1,2,1,0,1,0,0,0,0,5.7169E+20,5.92924E+21,1.0081E+16,5.35072E+16
8464,8465,2,4,4,407,2016,11,11,5,2,5,2,0,0,0,1,0,0,0,0,5.6562E+20,5.9403E+21,9.99178E+15,5.36074E+16
8465,8466,2,1,12,130,2016,10,0,3,2,0,7,2,0,0,0,1,0,0,1,5.72855E+20,5.93281E+21,1.00994E+16,5.35391E+16
8466,8467,2,4,4,407,2016,9,16,4,3,1,6,0,0,0,1,0,0,0,1,5.66181E+20,5.94098E+21,1.00004E+16,5.36135E+16
8467,8468,2,2,9,221,2016,9,9,1,3,1,6,0,0,0,1,0,0,0,0,5.56655E+20,5.93624E+21,9.85556E+15,5.3572E+16
8468,8469,2,1,11,129,2016,5,5,6,3,0,1,0,1,0,0,0,1,0,0,5.7098E+20,5.93506E+21,1.00716E+16,5.35596E+16
8469,8470,2,3,1,305,2016,12,12,5,3,0,6,0,0,0,0,0,0,0,1,5.63572E+20,5.93673E+21,9.9601E+15,5.35755E+16
8470,8471,2,1,7,120,2016,11,18,2,3,2,6,2,0,0,1,0,0,0,0,5.68035E+20,5.9346E+21,1.0027E+16,5.35559E+16
8471,8472,4,0,12,0,2016,12,20,7,3,2,6,2,1,0,1,0,0,0,0,4.72147E+20,5.93344E+21,8.57961E+15,5.35491E+16
8472,8473,4,0,11,0,2016,8,17,6,3,2,6,0,0,0,1,0,0,0,0,4.8108E+20,5.89141E+21,8.71696E+15,5.31717E+16
8473,8474,2,1,16,136,2016,8,14,6,3,2,6,0,0,0,1,0,0,0,0,5.68707E+20,5.92794E+21,1.00357E+16,5.34959E+16
8474,8475,2,4,3,406,2016,12,12,4,2,4,7,0,0,0,1,0,0,0,1,5.66825E+20,5.94183E+21,1.00103E+16,5.3621E+16
8475,8476,6,5,33,4,2016,1,0,7,2,8,1,2,0,0,1,0,0,0,0,4.33328E+20,5.60006E+21,8.05894E+15,5.05487E+16
8476,8477,4,0,11,0,2016,10,23,3,3,9,1,2,1,0,1,0,0,0,0,4.8499E+20,5.87985E+21,8.77599E+15,5.30679E+16
8477,8478,2,3,9,321,2016,5,5,6,3,2,6,0,0,0,1,0,0,0,0,5.61684E+20,5.93805E+21,9.93186E+15,5.35877E+16
8478,8479,2,3,7,319,2016,10,10,2,3,5,2,0,0,0,1,0,0,0,0,5.62682E+20,5.94495E+21,9.94832E+15,5.36496E+16
8479,8480,2,1,8,124,2016,11,10,7,3,5,3,0,0,0,1,0,0,0,1,5.69365E+20,5.93423E+21,1.0047E+16,5.35524E+16
8480,8481,2,4,6,415,2016,10,22,5,2,6,4,2,1,0,1,1,0,0,0,5.68045E+20,5.93616E+21,1.00275E+16,5.35699E+16
8481,8482,2,1,1,102,2016,9,9,5,3,6,3,0,0,1,0,1,0,0,0,5.65687E+20,5.9336E+21,9.99139E+15,5.35472E+16
8482,8483,2,3,5,317,2016,9,22,3,3,0,7,2,0,1,0,1,0,0,0,5.63739E+20,5.93952E+21,9.96319E+15,5.36006E+16
8483,8484,2,2,5,216,2016,5,16,6,3,2,6,0,0,0,1,0,0,0,0,5.60148E+20,5.93673E+21,9.9084E+15,5.3576E+16
8484,8485,2,1,6,115,2016,8,15,7,3,1,6,0,0,0,1,0,0,0,0,5.67912E+20,5.93313E+21,1.00249E+16,5.35427E+16
8485,8486,2,3,6,318,2016,11,16,4,3,6,4,1,0,0,1,1,0,0,0,5.62992E+20,5.94095E+21,9.9522E+15,5.36135E+16
8486,8487,2,3,7,319,2016,8,16,2,3,5,3,0,0,1,1,0,0,0,0,5.60238E+20,5.94354E+21,9.91108E+15,5.36372E+16
8487,8488,4,0,11,0,2016,12,16,5,3,2,6,1,0,0,1,0,0,0,0,4.82034E+20,5.88885E+21,8.73137E+15,5.31488E+16
8488,8489,4,0,11,0,2016,9,11,7,3,2,6,0,1,0,1,0,0,0,1,4.8738E+20,5.88497E+21,8.81145E+15,5.31141E+16
8489,8490,2,4,8,418,2016,8,16,1,3,1,6,0,0,0,1,0,0,0,0,5.67507E+20,5.9374E+21,1.00197E+16,5.35811E+16
8490,8491,4,0,11,0,2016,6,15,7,3,2,6,0,0,0,1,0,0,0,0,4.81038E+20,5.8779E+21,8.71712E+15,5.30503E+16
8491,8492,2,1,4,111,2016,7,22,1,3,3,6,2,0,0,1,0,0,0,0,5.64236E+20,5.934E+21,9.96957E+15,5.35509E+16
8492,8493,2,7,10,711,2016,7,17,1,3,8,7,0,0,0,1,0,0,0,0,5.61626E+20,5.92419E+21,9.92825E+15,5.34631E+16
8493,8494,2,1,12,130,2016,6,5,6,3,0,7,0,0,0,1,0,0,1,0,5.76364E+20,5.93471E+21,1.01528E+16,5.35557E+16
8494,8495,2,4,5,412,2016,11,0,7,3,0,7,2,0,1,0,1,0,0,0,5.67353E+20,5.93802E+21,1.00175E+16,5.35867E+16
8495,8496,2,3,7,319,2016,9,8,3,2,2,6,0,0,0,1,0,0,0,0,5.61509E+20,5.94494E+21,9.93058E+15,5.36496E+16
8496,8497,2,3,1,304,2016,5,11,6,3,3,6,0,0,0,1,0,0,1,1,5.62523E+20,5.9361E+21,9.94413E+15,5.357E+16
8497,8498,2,1,6,117,2016,12,20,6,3,5,3,2,1,0,1,0,0,0,0,5.68008E+20,5.93411E+21,1.00265E+16,5.35515E+16
8498,8499,2,1,15,134,2016,11,10,3,2,0,1,0,1,0,1,0,0,0,0,5.67846E+20,5.93157E+21,1.00235E+16,5.35287E+16
8499,8500,2,6,1,601,2016,7,15,7,3,5,2,0,1,0,1,0,0,0,0,5.79782E+20,5.92758E+21,1.02025E+16,5.34911E+16
8500,8501,4,0,11,0,2016,11,11,2,2,2,6,0,0,0,1,0,0,0,0,4.81845E+20,5.88847E+21,8.72857E+15,5.31453E+16
8501,8502,4,0,11,0,2016,4,11,4,2,3,6,0,0,0,1,0,0,1,0,4.97456E+20,5.8802E+21,8.96203E+15,5.30713E+16
8502,8503,2,3,4,316,2016,5,8,6,3,3,2,0,0,1,0,0,0,0,0,5.64177E+20,5.93771E+21,9.96944E+15,5.35843E+16
8503,8504,4,0,11,0,2016,2,14,2,3,2,6,1,0,0,1,0,0,0,0,4.86185E+20,5.88261E+21,8.7937E+15,5.30928E+16
8504,8505,2,4,2,405,2016,6,19,5,3,5,3,0,0,0,1,0,0,0,1,5.65572E+20,5.93871E+21,9.99072E+15,5.35931E+16
8505,8506,2,3,1,306,2016,5,8,6,3,4,6,0,0,1,0,0,0,0,0,5.63016E+20,5.93632E+21,9.95163E+15,5.35719E+16
8506,8507,2,2,14,227,2016,6,10,1,3,5,3,0,1,0,1,0,0,0,0,5.51469E+20,5.93712E+21,9.77741E+15,5.35804E+16
8507,8508,2,2,12,225,2016,11,7,4,3,0,5,2,0,0,1,0,0,0,1,5.55075E+20,5.93655E+21,9.83177E+15,5.35749E+16
8508,8509,2,2,3,209,2016,7,18,6,3,3,2,0,1,1,1,0,0,0,0,5.62621E+20,5.93532E+21,9.94546E+15,5.3563E+16
8509,8510,6,6,36,4,2016,1,15,1,3,9,1,0,2,0,1,0,0,0,0,5.59772E+20,5.6783E+21,9.85649E+15,5.12529E+16
8510,8511,2,3,9,321,2016,10,14,2,3,3,6,0,0,0,1,0,0,0,1,5.61088E+20,5.93933E+21,9.92311E+15,5.35992E+16
8511,8512,2,4,2,404,2016,10,15,4,3,0,7,0,0,0,1,1,0,0,0,5.6547E+20,5.9387E+21,9.98918E+15,5.3593E+16
8512,8513,2,4,7,416,2016,9,4,2,3,5,3,2,0,0,1,0,0,0,0,5.67957E+20,5.93493E+21,1.00259E+16,5.35588E+16
8513,8514,2,1,15,134,2016,5,18,5,3,3,6,0,1,0,1,0,1,0,0,5.67832E+20,5.93161E+21,1.00233E+16,5.3529E+16
8514,8515,2,2,9,221,2016,9,20,6,3,2,6,2,0,0,1,0,0,0,0,5.56733E+20,5.93624E+21,9.85674E+15,5.35719E+16
8515,8516,2,1,1,102,2016,8,2,1,3,3,6,2,1,0,1,0,0,0,0,5.65373E+20,5.93365E+21,9.98665E+15,5.35477E+16
8516,8517,2,7,13,714,2016,12,8,4,3,5,3,0,0,0,1,0,0,0,0,5.58665E+20,5.92516E+21,9.88383E+15,5.34721E+16
8517,8518,6,5,33,18,2016,1,22,7,2,6,4,2,1,0,1,1,0,0,0,4.5557E+20,5.58701E+21,8.37441E+15,5.04334E+16
8518,8519,4,0,11,0,2016,10,5,3,2,8,1,2,0,0,0,0,1,0,0,4.86222E+20,5.88563E+21,8.79413E+15,5.31199E+16
8519,8520,2,3,8,320,2016,8,17,6,3,2,6,0,0,0,0,0,1,1,0,5.60418E+20,5.94159E+21,9.91342E+15,5.36196E+16
8520,8521,4,0,11,0,2016,7,0,5,3,9,1,2,1,0,1,0,0,0,0,4.8749E+20,5.88539E+21,8.81308E+15,5.31178E+16
8521,8522,2,3,5,317,2016,8,11,7,3,5,3,0,0,0,1,0,0,0,0,5.63941E+20,5.93902E+21,9.96615E+15,5.35961E+16
8522,8523,2,1,7,119,2016,11,17,4,3,5,3,2,0,0,1,0,0,0,0,5.68939E+20,5.93444E+21,1.00406E+16,5.35543E+16
8523,8524,2,3,7,319,2016,10,11,1,3,5,3,0,0,1,1,0,0,0,0,5.59958E+20,5.94487E+21,9.9071E+15,5.36491E+16
8524,8525,2,1,3,106,2016,9,15,3,3,4,6,0,0,1,0,0,0,0,0,5.64546E+20,5.93385E+21,9.97422E+15,5.35496E+16
8525,8526,2,1,4,110,2016,9,23,7,3,1,5,2,0,1,1,0,0,0,0,5.63611E+20,5.93499E+21,9.96034E+15,5.35599E+16