FID,OBJECTID,ULAND,UREGBEZ,UKREIS,UGEMEINDE,UJAHR,UMONAT,USTUNDE,UWOCHENTAG,UKATEGORIE,UART,UTYP1,ULICHTVERH,IstStrasse,IstRad,IstPKW,IstFuss,IstKrad,IstGkfz,IstSonstig,LINREFX,LINREFY,XGCSWGS84,YGCSWGS84
8526,8527,2,3,9,321,2016,5,9,5,3,1,6,0,1,0,1,0,0,0,0,5.61435E+20,5.93859E+21,9.92821E+15,5.35925E+16
8527,8528,2,3,8,320,2016,12,16,4,3,2,6,2,0,0,1,0,0,0,0,5.60737E+20,5.94038E+21,9.91801E+15,5.36087E+16
8528,8529,2,1,14,132,2016,11,13,1,3,5,3,0,1,0,1,0,0,0,0,5.68417E+20,5.93289E+21,1.00324E+16,5.35405E+16
8529,8530,4,0,11,0,2016,12,6,6,3,2,6,2,1,0,1,0,0,0,0,4.85903E+20,5.88106E+21,8.78956E+15,5.30788E+16
8530,8531,4,0,11,0,2016,8,13,5,3,2,6,0,0,0,1,0,0,0,1,4.8246E+20,5.8882E+21,8.73777E+15,5.31429E+16
8531,8532,4,0,11,0,2016,5,6,2,3,8,1,0,1,0,1,0,0,0,0,4.82585E+20,5.88827E+21,8.73964E+15,5.31436E+16
8532,8533,2,4,4,407,2016,7,8,5,3,5,2,0,0,1,0,0,0,0,1,5.6562E+20,5.9403E+21,9.99178E+15,5.36074E+16
8533,8534,2,7,14,715,2016,7,19,4,3,6,7,0,0,1,0,1,0,0,0,5.55716E+20,5.92513E+21,9.8394E+15,5.34722E+16
8534,8535,4,0,11,0,2016,3,10,2,2,2,6,0,0,0,0,0,0,1,0,4.85557E+20,5.88033E+21,8.78443E+15,5.30723E+16
8535,8536,2,7,10,711,2016,11,12,4,3,2,6,0,1,0,1,0,0,0,0,5.63038E+20,5.92507E+21,9.94969E+15,5.34708E+16
8536,8537,2,2,9,221,2016,5,16,5,3,5,2,0,0,1,1,0,0,0,0,5.56048E+20,5.93633E+21,9.84641E+15,5.35729E+16
8537,8538,2,1,6,115,2016,6,17,3,3,3,6,0,0,0,1,0,0,0,1,5.67718E+20,5.93321E+21,1.0022E+16,5.35434E+16
8538,8539,2,4,3,406,2016,12,19,4,3,5,3,2,1,0,1,0,0,0,0,5.6641E+20,5.94125E+21,1.00039E+16,5.36159E+16
8539,8540,2,3,8,320,2016,7,20,6,3,2,6,0,0,0,1,0,0,0,0,5.60794E+20,5.94014E+21,9.91882E+15,5.36066E+16
8540,8541,2,1,7,120,2016,11,13,2,2,5,3,0,0,0,1,0,0,0,0,5.6881E+20,5.935E+21,1.00388E+16,5.35594E+16
8541,8542,2,1,16,137,2016,6,5,4,3,0,1,0,1,0,0,0,1,0,0,5.66174E+20,5.92564E+21,9.99706E+15,5.34756E+16
8542,8543,6,4,32,20,2016,1,15,2,3,9,1,0,1,0,1,0,0,0,0,4.85324E+20,5.52465E+21,8.79576E+15,4.98741E+16
8543,8544,2,3,5,317,2016,6,16,7,3,5,3,0,0,1,1,0,0,0,0,5.63775E+20,5.93945E+21,9.96372E+15,5.36E+16
8544,8545,2,1,12,130,2016,10,9,7,3,2,6,0,0,0,1,0,0,0,0,5.75199E+20,5.93148E+21,1.01344E+16,5.35269E+16
8545,8546,2,2,6,218,2016,10,14,7,3,2,6,0,0,0,1,0,1,0,0,5.58072E+20,5.93605E+21,9.87692E+15,5.35701E+16
8546,8547,4,0,11,0,2016,4,17,5,3,2,6,0,1,0,1,0,0,0,0,4.86222E+20,5.88249E+21,8.79427E+15,5.30917E+16
8547,8548,2,2,14,227,2016,5,14,5,3,4,6,0,1,0,1,0,0,0,0,5.49518E+20,5.93757E+21,9.74801E+15,5.35846E+16
8548,8549,4,0,11,0,2016,1,19,7,3,2,6,2,1,0,1,0,0,0,0,4.83786E+20,5.8788E+21,8.75807E+15,5.30584E+16
8549,8550,4,0,11,0,2016,6,9,4,3,0,1,0,1,0,0,0,1,0,1,4.81123E+20,5.89125E+21,8.7176E+15,5.31702E+16
8550,8551,2,2,5,215,2016,7,13,6,3,4,2,0,0,0,1,0,1,0,0,5.61362E+20,5.93537E+21,9.92647E+15,5.35637E+16
8551,8552,2,1,1,102,2016,7,6,6,3,3,6,0,0,0,1,0,0,0,1,5.65828E+20,5.93362E+21,9.99351E+15,5.35473E+16
8552,8553,2,3,7,319,2016,11,15,6,3,2,6,0,1,0,1,0,0,0,0,5.6088E+20,5.94234E+21,9.92054E+15,5.36263E+16
8553,8554,2,7,9,710,2016,5,7,4,3,3,6,0,0,0,1,0,0,1,0,5.61235E+20,5.92155E+21,9.92184E+15,5.34394E+16
8554,8555,2,7,1,701,2016,12,9,5,3,3,6,0,0,0,1,0,0,0,0,5.65627E+20,5.9237E+21,9.98841E+15,5.34582E+16
8555,8556,2,2,5,215,2016,11,17,3,3,3,2,2,1,1,1,0,0,0,0,5.6133E+20,5.93538E+21,9.92598E+15,5.35637E+16
8556,8557,2,7,1,702,2016,6,8,5,3,5,3,0,0,1,1,0,0,0,0,5.65341E+20,5.92422E+21,9.9842E+15,5.3463E+16
8557,8558,2,7,2,703,2016,11,13,3,3,3,6,0,1,0,1,0,0,1,0,5.67901E+20,5.92544E+21,1.0023E+16,5.34736E+16
8558,8559,4,0,11,0,2016,4,17,5,3,2,6,0,0,0,1,0,0,0,0,4.86023E+20,5.88134E+21,8.79134E+15,5.30813E+16
8559,8560,2,6,2,603,2016,5,6,4,3,1,5,0,0,0,1,0,0,0,0,5.80873E+20,5.92689E+21,1.02188E+16,5.34848E+16
8560,8561,2,1,8,124,2016,5,19,2,3,4,2,0,0,0,1,0,0,0,0,5.68955E+20,5.93425E+21,1.00408E+16,5.35526E+16
8561,8562,4,0,11,0,2016,1,18,3,3,2,6,2,1,0,1,0,0,0,0,4.86416E+20,5.88345E+21,8.79712E+15,5.31004E+16
8562,8563,2,1,15,134,2016,6,17,3,3,3,6,0,0,0,1,0,0,1,0,5.67809E+20,5.93145E+21,1.00229E+16,5.35276E+16
8563,8564,2,4,7,417,2016,5,23,4,3,5,3,2,0,0,1,0,0,0,0,5.67955E+20,5.93494E+21,1.00259E+16,5.35589E+16
8564,8565,2,3,9,321,2016,11,9,3,3,5,3,0,0,0,1,0,0,0,0,5.61162E+20,5.93887E+21,9.92413E+15,5.35951E+16
8565,8566,2,3,6,318,2016,7,15,5,3,3,6,0,0,0,1,0,0,1,0,5.63744E+20,5.94462E+21,9.96432E+15,5.36465E+16
8566,8567,6,4,31,7,2016,1,19,1,3,8,1,2,1,0,1,0,0,0,0,4.90063E+20,5.4998E+21,8.86234E+15,4.96506E+16
8567,8568,2,1,12,130,2016,10,14,7,3,2,6,0,0,0,1,0,0,0,0,5.74634E+20,5.93167E+21,1.01259E+16,5.35287E+16
8568,8569,2,4,2,405,2016,10,13,3,3,4,1,0,1,0,1,0,0,0,0,5.65109E+20,5.93952E+21,9.9839E+15,5.36005E+16
8569,8570,2,2,12,225,2016,9,7,2,3,2,6,0,0,1,0,0,0,0,0,5.53876E+20,5.93685E+21,9.8137E+15,5.35777E+16
8570,8571,2,3,9,321,2016,9,7,2,3,5,2,1,1,1,1,0,0,0,0,5.62072E+20,5.93688E+21,9.93749E+15,5.35771E+16
8571,8572,2,1,4,111,2016,5,19,4,3,4,7,0,0,1,0,0,0,0,0,5.63851E+20,5.93476E+21,9.96391E+15,5.35579E+16
8572,8573,2,7,11,712,2016,8,11,4,3,0,7,0,0,0,1,0,0,1,1,5.6064E+20,5.92654E+21,9.91386E+15,5.34843E+16
8573,8574,2,1,14,132,2016,8,19,6,2,0,6,0,1,0,1,0,1,0,0,5.68465E+20,5.93288E+21,1.00331E+16,5.35404E+16
8574,8575,2,3,5,317,2016,12,16,4,3,0,2,1,0,0,1,0,0,0,1,5.63614E+20,5.94001E+21,9.9614E+15,5.36051E+16
8575,8576,6,4,12,0,2016,1,19,7,3,9,1,2,1,0,1,0,0,0,0,4.71854E+20,5.54515E+21,8.6068E+15,5.00579E+16
8576,8577,4,0,11,0,2016,9,11,4,3,2,6,0,0,0,1,0,0,0,1,4.85907E+20,5.88108E+21,8.78962E+15,5.3079E+16
8577,8578,2,4,7,417,2016,8,13,5,3,5,2,0,0,1,1,0,0,0,0,5.68393E+20,5.9357E+21,1.00327E+16,5.35657E+16
8578,8579,4,0,11,0,2016,7,10,2,3,2,6,0,0,0,1,0,0,0,1,4.80926E+20,5.89237E+21,8.71459E+15,5.31803E+16
8579,8580,2,3,1,307,2016,8,17,6,3,4,6,0,0,1,0,0,0,0,0,5.63135E+20,5.93624E+21,9.95341E+15,5.35712E+16
8580,8581,2,3,1,304,2016,10,19,7,3,5,3,2,1,1,1,0,0,0,0,5.62506E+20,5.93616E+21,9.94389E+15,5.35706E+16
8581,8582,2,2,5,216,2016,9,0,2,3,4,2,2,1,0,1,0,0,0,0,5.60885E+20,5.93541E+21,9.91928E+15,5.3564E+16
8582,8583,2,7,13,714,2016,9,7,5,3,2,6,0,0,0,1,0,1,0,0,5.59011E+20,5.92514E+21,9.88905E+15,5.34719E+16
8583,8584,2,1,3,106,2016,5,9,4,3,3,6,0,0,1,1,0,1,0,0,5.64296E+20,5.93395E+21,9.97047E+15,5.35505E+16
8584,8585,2,1,12,130,2016,12,16,3,3,2,6,2,1,0,1,0,0,0,0,5.76103E+20,5.93385E+21,1.01486E+16,5.3548E+16
8585,8586,2,3,8,320,2016,11,13,7,3,2,6,0,0,0,1,0,0,0,1,5.60895E+20,5.93989E+21,9.9203E+15,5.36043E+16
8586,8587,4,0,11,0,2016,11,17,4,3,2,6,2,0,0,1,0,0,0,0,4.93528E+20,5.88167E+21,8.90338E+15,5.30845E+16
8587,8588,4,0,11,0,2016,8,11,3,2,3,6,0,0,1,0,0,0,0,0,4.84314E+20,5.87903E+21,8.76593E+15,5.30606E+16
8588,8589,4,0,11,0,2016,5,15,4,3,2,6,0,0,0,1,0,0,1,0,4.92106E+20,5.87646E+21,8.88228E+15,5.30376E+16
8589,8590,2,1,12,130,2016,7,20,3,2,0,7,0,0,0,1,0,1,0,1,5.75726E+20,5.93575E+21,1.01434E+16,5.35652E+16
8590,8591,4,0,11,0,2016,2,8,5,3,2,6,0,0,0,1,0,0,0,0,4.88317E+20,5.88522E+21,8.82544E+15,5.31163E+16
8591,8592,2,2,14,227,2016,11,10,4,3,3,6,0,1,0,1,0,0,0,0,5.51511E+20,5.93714E+21,9.77805E+15,5.35806E+16
8592,8593,2,1,16,136,2016,5,13,3,3,3,6,0,0,0,1,0,0,1,0,5.7007E+20,5.92945E+21,1.00566E+16,5.35093E+16
8593,8594,2,1,16,136,2016,6,12,2,3,3,6,0,0,0,1,0,0,1,0,5.70093E+20,5.92945E+21,1.00569E+16,5.35093E+16
8594,8595,2,6,2,602,2016,12,12,2,3,6,2,0,0,0,1,1,0,0,0,5.80334E+20,5.92717E+21,1.02107E+16,5.34873E+16
8595,8596,2,3,4,316,2016,7,9,5,3,6,6,0,0,1,0,1,0,0,0,5.63959E+20,5.93742E+21,9.96609E+15,5.35817E+16
8596,8597,2,3,1,305,2016,11,4,5,3,4,6,2,0,0,1,0,0,0,0,5.63664E+20,5.93691E+21,9.96153E+15,5.35772E+16
8597,8598,2,4,5,409,2016,6,12,3,3,6,4,0,0,0,0,1,0,0,1,5.66303E+20,5.93867E+21,1.00018E+16,5.35927E+16
8598,8599,6,6,31,9,2016,1,18,2,3,2,6,2,1,0,1,0,0,0,0,5.47009E+20,5.60035E+21,9.66359E+15,5.05532E+16
8599,8600,2,4,4,407,2016,6,9,6,3,5,2,0,0,1,1,0,0,0,0,5.65294E+20,5.93977E+21,9.98675E+15,5.36027E+16
8600,8601,2,7,10,711,2016,10,16,6,2,0,7,0,1,0,0,0,1,0,1,5.61913E+20,5.92506E+21,9.93274E+15,5.34709E+16
8601,8602,2,1,12,130,2016,10,7,6,3,2,6,1,0,0,1,0,1,0,0,5.74869E+20,5.93595E+21,1.01305E+16,5.35671E+16
8602,8603,2,7,10,711,2016,6,8,2,3,2,6,0,0,0,1,0,0,0,0,5.61527E+20,5.92443E+21,9.92681E+15,5.34653E+16
8603,8604,4,0,11,0,2016,3,13,3,3,3,6,0,0,0,1,0,0,1,0,4.8599E+20,5.88125E+21,8.79085E+15,5.30805E+16
8604,8605,2,6,9,610,2016,5,8,2,3,2,6,0,0,0,1,0,0,0,0,5.77275E+20,5.92589E+21,1.01643E+16,5.34763E+16
8605,8606,4,0,12,0,2016,1,21,3,3,3,6,2,2,0,1,0,0,0,0,4.75206E+20,5.92748E+21,8.62625E+15,5.34957E+16
8606,8607,4,0,11,0,2016,10,8,2,3,1,6,0,1,0,1,0,0,0,0,4.87235E+20,5.87587E+21,8.80964E+15,5.30322E+16
8607,8608,2,4,4,407,2016,5,16,2,3,1,6,0,1,0,1,0,0,1,0,5.66855E+20,5.94196E+21,1.00108E+16,5.36222E+16
8608,8609,2,1,1,101,2016,10,23,5,3,9,1,2,0,0,1,0,0,0,0,5.66456E+20,5.93364E+21,1.0003E+16,5.35474E+16
8609,8610,2,4,5,410,2016,10,9,7,3,2,6,0,0,0,1,0,0,0,0,5.67301E+20,5.93814E+21,1.00167E+16,5.35878E+16
8610,8611,2,7,9,710,2016,9,16,6,3,8,7,0,0,0,1,0,0,0,0,5.61013E+20,5.92235E+21,9.91867E+15,5.34466E+16
8611,8612,2,3,7,319,2016,9,16,6,3,2,6,0,0,0,1,0,0,0,0,5.60137E+20,5.94403E+21,9.90964E+15,5.36415E+16
8612,8613,2,3,8,320,2016,5,10,2,3,0,7,0,0,0,1,0,0,0,0,5.60524E+20,5.94098E+21,9.91491E+15,5.36142E+16
8613,8614,2,2,5,216,2016,8,18,3,2,5,2,0,0,1,1,0,0,0,0,5.59621E+20,5.93551E+21,9.90021E+15,5.35651E+16
8614,8615,2,3,9,321,2016,8,17,4,3,2,6,0,0,0,1,0,0,0,1,5.6109E+20,5.93932E+21,9.92313E+15,5.35992E+16
8615,8616,2,2,6,218,2016,12,16,5,3,3,6,2,0,0,1,0,0,0,0,5.59524E+20,5.93506E+21,9.89866E+15,5.3561E+16
8616,8617,6,5,32,11,2016,1,19,6,3,8,1,2,1,0,1,0,0,0,0,4.45099E+20,5.62998E+21,8.22062E+15,5.0819E+16
8617,8618,4,0,11,0,2016,9,13,6,3,1,6,0,0,0,1,0,0,0,1,4.86377E+20,5.88338E+21,8.79654E+15,5.30996E+16
8618,8619,2,1,16,137,2016,8,7,3,3,3,1,0,0,0,1,0,0,0,0,5.66203E+20,5.92592E+21,9.99755E+15,5.34781E+16
8619,8620,2,3,6,318,2016,8,14,1,3,2,6,0,0,0,1,0,0,0,0,5.62509E+20,5.94169E+21,9.94504E+15,5.36203E+16
8620,8621,4,0,11,0,2016,6,12,6,3,2,6,0,0,0,1,0,0,0,1,4.91555E+20,5.8842E+21,8.87385E+15,5.31072E+16
8621,8622,2,4,4,407,2016,8,15,4,3,1,6,0,1,0,1,0,0,0,0,5.65607E+20,5.94028E+21,9.99159E+15,5.36072E+16
8622,8623,2,3,7,319,2016,5,9,2,3,3,6,0,0,0,1,0,0,1,0,5.62646E+20,5.94494E+21,9.94777E+15,5.36495E+16
8623,8624,2,3,8,320,2016,11,17,2,3,3,6,1,0,0,1,0,0,1,0,5.60834E+20,5.94003E+21,9.91941E+15,5.36056E+16
8624,8625,6,6,31,20,2016,1,15,1,3,2,6,0,1,0,1,0,0,0,1,5.50013E+20,5.6037E+21,9.70644E+15,5.05831E+16
8625,8626,2,7,13,714,2016,10,11,6,2,5,2,0,1,1,1,0,0,0,0,5.58659E+20,5.92516E+21,9.88375E+15,5.34721E+16
8626,8627,2,3,7,319,2016,10,19,2,3,2,6,2,1,0,1,0,0,0,0,5.61483E+20,5.94442E+21,9.93007E+15,5.3645E+16
8627,8628,2,1,6,117,2016,9,13,1,3,1,6,0,0,0,1,0,0,0,0,5.68364E+20,5.93325E+21,1.00317E+16,5.35437E+16
8628,8629,2,7,14,715,2016,9,15,6,3,2,6,0,0,0,1,0,0,0,0,5.57592E+20,5.92509E+21,9.86766E+15,5.34716E+16
8629,8630,2,1,16,136,2016,5,2,1,3,8,7,2,0,0,1,0,0,0,0,5.70395E+20,5.92946E+21,1.00615E+16,5.35094E+16
8630,8631,2,2,3,209,2016,8,18,4,3,5,3,0,0,1,1,0,0,0,0,5.62346E+20,5.93538E+21,9.94133E+15,5.35636E+16
8631,8632,2,4,6,415,2016,8,16,5,2,5,3,0,1,1,1,0,0,0,0,5.68042E+20,5.93616E+21,1.00275E+16,5.35699E+16
8632,8633,2,3,1,306,2016,12,19,2,3,5,7,2,0,0,1,0,0,0,0,5.63367E+20,5.93625E+21,9.95692E+15,5.35712E+16
8633,8634,6,6,35,20,2016,1,13,6,2,9,1,0,0,0,1,0,0,0,0,5.06746E+20,5.69427E+21,9.09697E+15,5.13996E+16
8634,8635,4,0,11,0,2016,9,12,5,3,5,3,0,0,0,1,0,0,1,0,4.86795E+20,5.87823E+21,8.80299E+15,5.30534E+16
8635,8636,2,4,6,414,2016,8,14,4,3,1,5,0,0,1,0,0,0,0,1,5.67643E+20,5.93672E+21,1.00216E+16,5.35749E+16
8636,8637,4,0,11,0,2016,7,9,3,3,3,6,0,0,0,1,0,0,1,0,4.85967E+20,5.8812E+21,8.79052E+15,5.30801E+16
8637,8638,2,1,8,125,2016,8,14,4,3,5,3,0,1,1,1,0,0,0,0,5.70603E+20,5.934E+21,1.00657E+16,5.35501E+16
8638,8639,2,4,12,431,2016,9,6,6,3,3,6,0,0,0,1,0,0,1,0,5.66744E+20,5.94359E+21,1.00095E+16,5.36368E+16
8639,8640,2,1,15,134,2016,9,8,4,3,3,6,0,0,0,1,0,0,1,0,5.67844E+20,5.93101E+21,1.00234E+16,5.35236E+16
8640,8641,2,1,12,130,2016,5,22,1,3,8,1,2,1,0,1,0,0,0,0,5.75143E+20,5.93158E+21,1.01336E+16,5.35278E+16
8641,8642,2,3,6,318,2016,12,17,3,3,2,6,2,1,0,1,0,0,0,1,5.64464E+20,5.94455E+21,9.97519E+15,5.36458E+16
8642,8643,2,3,8,320,2016,11,21,6,3,2,6,2,1,0,1,0,0,0,0,5.60549E+20,5.94082E+21,9.91525E+15,5.36127E+16
8643,8644,2,2,9,221,2016,7,12,4,3,3,2,0,0,1,1,0,0,0,0,5.56047E+20,5.93633E+21,9.8464E+15,5.35729E+16
8644,8645,4,0,11,0,2016,11,18,5,3,2,6,2,1,0,1,0,0,0,0,4.83806E+20,5.88076E+21,8.75827E+15,5.30761E+16
8645,8646,4,0,11,0,2016,8,12,6,3,2,6,0,1,0,1,0,0,0,0,4.92245E+20,5.87654E+21,8.88434E+15,5.30383E+16
8646,8647,4,0,11,0,2016,5,15,1,3,2,6,0,0,0,1,0,0,0,0,4.95209E+20,5.87558E+21,8.92856E+15,5.30298E+16
8647,8648,2,1,16,136,2016,7,17,2,3,5,3,0,0,0,0,0,1,0,1,5.68181E+20,5.92681E+21,1.00275E+16,5.34858E+16
8648,8649,4,0,11,0,2016,2,10,2,3,2,6,0,0,0,1,0,0,0,0,4.90979E+20,5.88464E+21,8.86523E+15,5.31111E+16
8649,8650,2,1,6,115,2016,5,19,1,3,2,6,0,0,0,1,0,0,0,0,5.67712E+20,5.93323E+21,1.00219E+16,5.35436E+16
8650,8651,2,3,7,319,2016,6,21,1,3,3,2,1,0,0,1,0,0,0,1,5.60139E+20,5.94401E+21,9.90968E+15,5.36414E+16
8651,8652,2,1,16,136,2016,6,20,4,3,0,1,0,1,0,0,0,1,0,0,5.67994E+20,5.93028E+21,1.00255E+16,5.3517E+16
8652,8653,2,3,1,305,2016,12,5,1,2,6,4,2,0,0,1,1,0,0,1,5.63541E+20,5.93667E+21,9.95962E+15,5.3575E+16
8653,8654,2,1,6,115,2016,7,16,3,3,9,1,0,1,0,1,0,0,0,0,5.6709E+20,5.93368E+21,1.00126E+16,5.35478E+16
8654,8655,2,2,5,216,2016,11,10,3,2,4,6,0,1,1,0,0,0,0,0,5.6041E+20,5.93557E+21,9.91213E+15,5.35655E+16
8655,8656,2,3,7,319,2016,6,12,2,3,2,6,0,0,0,1,0,0,0,1,5.60041E+20,5.94447E+21,9.90827E+15,5.36456E+16
8656,8657,6,6,34,11,2016,1,16,2,2,3,6,1,1,0,1,0,0,0,0,5.35285E+20,5.64503E+21,9.50238E+15,5.09558E+16
8657,8658,2,2,6,218,2016,6,9,5,3,3,2,0,0,1,0,0,0,0,1,5.58083E+20,5.93604E+21,9.8771E+15,5.357E+16
8658,8659,2,2,9,221,2016,10,6,5,3,5,2,2,1,1,1,0,0,0,0,5.55411E+20,5.93644E+21,9.83682E+15,5.35739E+16
8659,8660,2,1,14,132,2016,10,2,5,3,5,3,2,0,0,1,0,0,0,0,5.68414E+20,5.93289E+21,1.00324E+16,5.35404E+16
8660,8661,2,4,4,407,2016,6,5,2,2,4,7,0,0,0,1,0,0,0,0,5.66857E+20,5.94197E+21,1.00108E+16,5.36223E+16
8661,8662,2,1,16,136,2016,9,17,4,3,2,6,0,0,0,1,0,0,0,0,5.6851E+20,5.92753E+21,1.00327E+16,5.34923E+16
8662,8663,2,3,8,320,2016,5,13,1,3,3,6,0,0,0,1,0,1,0,0,5.60888E+20,5.93991E+21,9.92019E+15,5.36044E+16
8663,8664,2,3,5,317,2016,12,16,6,3,5,3,1,1,1,1,0,0,0,0,5.63617E+20,5.94E+21,9.96146E+15,5.3605E+16
8664,8665,6,4,12,0,2016,1,0,1,3,2,6,2,1,0,1,0,0,0,0,4.65949E+20,5.55112E+21,8.52377E+15,5.01113E+16
8665,8666,4,0,11,0,2016,10,17,6,3,2,1,1,1,0,1,0,0,0,0,4.86378E+20,5.88338E+21,8.79655E+15,5.30997E+16
8666,8667,2,3,8,320,2016,5,16,1,3,2,6,0,0,0,1,0,0,0,0,5.60103E+20,5.9419E+21,9.90872E+15,5.36225E+16
8667,8668,2,7,1,701,2016,10,16,2,3,2,6,0,0,0,1,0,0,1,0,5.65034E+20,5.92438E+21,9.97962E+15,5.34644E+16
8668,8669,2,2,5,215,2016,11,7,1,3,9,1,1,1,0,1,0,0,0,0,5.60624E+20,5.93738E+21,9.91572E+15,5.35817E+16
8669,8670,2,2,3,209,2016,10,17,6,3,5,3,0,0,1,1,0,0,0,0,5.62366E+20,5.93538E+21,9.94163E+15,5.35635E+16
8670,8671,2,3,9,321,2016,9,9,5,3,2,6,0,0,0,1,0,0,0,1,5.61892E+20,5.93723E+21,9.93483E+15,5.35802E+16
8671,8672,2,7,13,714,2016,9,7,4,3,5,3,0,0,1,1,0,0,0,0,5.58963E+20,5.92514E+21,9.88833E+15,5.3472E+16
8672,8673,2,3,6,318,2016,5,17,1,3,3,6,0,0,0,1,0,0,0,0,5.63067E+20,5.94087E+21,9.95331E+15,5.36129E+16
8673,8674,2,7,13,714,2016,8,11,2,3,2,2,0,1,0,1,0,0,0,0,5.61052E+20,5.92501E+21,9.91977E+15,5.34706E+16
8674,8675,2,7,13,714,2016,8,10,2,3,2,6,0,0,0,1,0,1,0,0,5.5905E+20,5.92514E+21,9.88963E+15,5.34719E+16
8675,8676,4,0,11,0,2016,12,22,4,3,0,1,2,1,0,1,0,0,0,0,4.85707E+20,5.88056E+21,8.78665E+15,5.30743E+16
8676,8677,4,0,11,0,2016,9,17,3,3,2,6,0,0,0,1,0,0,0,0,4.97389E+20,5.88035E+21,8.96103E+15,5.30726E+16
8677,8678,2,2,9,221,2016,8,18,2,3,5,3,0,1,1,0,0,0,0,0,5.5605E+20,5.93633E+21,9.84645E+15,5.35729E+16
8678,8679,4,0,11,0,2016,6,13,5,3,2,6,0,0,0,1,0,0,0,0,4.85922E+20,5.88112E+21,8.78984E+15,5.30793E+16
8679,8680,2,3,7,319,2016,8,14,2,3,5,3,0,0,0,1,0,0,0,0,5.61036E+20,5.94326E+21,9.92309E+15,5.36346E+16
8680,8681,2,7,14,715,2016,7,10,2,3,5,2,0,0,1,1,0,0,0,0,5.56419E+20,5.92519E+21,9.85001E+15,5.34727E+16
8681,8682,2,1,6,117,2016,6,18,6,3,3,2,0,0,0,1,0,1,0,0,5.67976E+20,5.93416E+21,1.00261E+16,5.35519E+16
8682,8683,2,4,5,411,2016,9,7,3,3,6,7,0,0,1,0,1,0,0,0,5.67398E+20,5.9379E+21,1.00181E+16,5.35856E+16
8683,8684,2,1,1,101,2016,5,0,1,3,3,6,2,0,0,1,0,1,0,0,5.66365E+20,5.93365E+21,1.00016E+16,5.35475E+16
8684,8685,2,2,13,226,2016,12,20,7,3,5,2,2,1,0,1,0,0,0,0,5.53632E+20,5.93688E+21,9.81003E+15,5.3578E+16
8685,8686,2,1,4,110,2016,11,14,4,3,1,6,0,1,0,1,0,0,1,0,5.63591E+20,5.935E+21,9.96004E+15,5.356E+16
8686,8687,2,1,4,111,2016,7,9,2,3,4,3,0,0,1,0,0,0,0,0,5.64059E+20,5.93414E+21,9.96693E+15,5.35522E+16
8687,8688,4,0,11,0,2016,11,1,6,3,9,7,2,0,0,1,0,0,0,0,4.92412E+20,5.87657E+21,8.88684E+15,5.30386E+16
8688,8689,4,0,11,0,2016,7,6,4,2,8,1,0,0,0,0,0,0,1,0,4.87843E+20,5.87494E+21,8.81876E+15,5.30238E+16
8689,8690,4,0,12,0,2016,4,8,5,3,4,6,0,1,0,1,0,0,0,0,4.75211E+20,5.93072E+21,8.62607E+15,5.35249E+16
8690,8691,2,1,14,133,2016,5,19,7,3,2,6,0,0,0,1,0,0,0,0,5.68218E+20,5.9323E+21,1.00293E+16,5.35352E+16
8691,8692,4,0,11,0,2016,2,18,2,3,2,6,2,0,0,1,0,0,0,0,4.85215E+20,5.87993E+21,8.77933E+15,5.30687E+16
8692,8693,2,7,14,715,2016,6,21,5,3,5,3,1,0,0,1,0,0,0,0,5.57416E+20,5.92507E+21,9.86501E+15,5.34715E+16
8693,8694,2,2,3,209,2016,5,19,7,2,6,4,0,0,0,1,1,0,0,0,5.62522E+20,5.936E+21,9.94411E+15,5.35692E+16
8694,8695,2,3,1,304,2016,6,10,2,3,5,3,0,1,1,1,0,0,0,0,5.62153E+20,5.93673E+21,9.93868E+15,5.35757E+16
8695,8696,2,6,1,601,2016,11,7,4,3,5,3,1,0,1,1,0,0,0,0,5.79769E+20,5.92759E+21,1.02023E+16,5.34912E+16
8696,8697,2,7,13,714,2016,7,14,7,3,3,6,0,0,0,1,0,0,0,1,5.6032E+20,5.92502E+21,9.90874E+15,5.34708E+16
8697,8698,2,3,9,321,2016,6,8,4,3,2,6,0,0,0,1,0,0,1,0,5.61683E+20,5.93806E+21,9.93184E+15,5.35877E+16
8698,8699,2,1,16,137,2016,9,10,5,3,2,6,0,0,0,1,0,0,0,0,5.66162E+20,5.92772E+21,9.99731E+15,5.34943E+16
8699,8700,2,7,9,710,2016,7,16,4,3,1,5,0,0,1,1,0,0,0,0,5.63635E+20,5.9224E+21,9.95815E+15,5.34467E+16
8700,8701,2,4,4,407,2016,6,23,6,2,5,3,2,0,1,1,0,0,0,0,5.65341E+20,5.93983E+21,9.98746E+15,5.36032E+16
8701,8702,2,1,1,102,2016,9,22,4,3,1,6,2,0,0,1,0,0,0,0,5.65327E+20,5.93367E+21,9.98597E+15,5.35478E+16
8702,8703,2,3,8,320,2016,5,9,6,3,3,6,0,0,0,1,0,0,1,0,5.60706E+20,5.94043E+21,9.91755E+15,5.36092E+16
8703,8704,2,1,6,117,2016,12,18,1,3,5,3,2,1,0,1,0,0,0,0,5.67975E+20,5.93409E+21,1.0026E+16,5.35513E+16
8704,8705,2,4,7,417,2016,11,19,5,3,5,3,2,1,0,1,0,0,0,0,5.68393E+20,5.9357E+21,1.00327E+16,5.35657E+16
8705,8706,2,3,5,317,2016,7,9,3,2,5,3,0,0,1,1,0,0,1,0,5.64095E+20,5.93803E+21,9.96827E+15,5.35872E+16
8706,8707,4,0,12,0,2016,11,7,3,3,2,6,1,1,0,1,0,0,0,0,4.752E+20,5.93032E+21,8.62594E+15,5.35212E+16
8707,8708,4,0,11,0,2016,8,8,4,3,3,6,0,0,0,1,0,0,0,0,4.83759E+20,5.88074E+21,8.75757E+15,5.30759E+16
8708,8709,4,0,11,0,2016,5,15,2,3,2,6,0,0,0,1,0,0,0,0,4.86201E+20,5.88266E+21,8.79395E+15,5.30932E+16
8709,8710,2,3,6,318,2016,7,9,2,3,2,6,0,0,0,1,0,0,1,0,5.63296E+20,5.94068E+21,9.95673E+15,5.36111E+16