FID,OBJECTID,ULAND,UREGBEZ,UKREIS,UGEMEINDE,UJAHR,UMONAT,USTUNDE,UWOCHENTAG,UKATEGORIE,UART,UTYP1,ULICHTVERH,IstStrasse,IstRad,IstPKW,IstFuss,IstKrad,IstGkfz,IstSonstig,LINREFX,LINREFY,XGCSWGS84,YGCSWGS84
9078,9079,4,0,11,0,2016,1,12,4,3,3,6,0,1,0,1,0,0,1,0,4.86276E+20,5.88238E+21,8.79507E+15,5.30907E+16
9079,9080,2,3,4,316,2016,6,7,4,3,4,6,0,0,1,0,0,0,0,0,5.6412E+20,5.9379E+21,9.96863E+15,5.3586E+16
9080,9081,2,3,9,321,2016,5,8,5,3,5,3,0,0,0,1,0,0,0,0,5.62331E+20,5.93641E+21,9.94131E+15,5.35728E+16
9081,9082,2,4,7,416,2016,6,8,7,3,5,2,0,0,0,1,0,1,0,0,5.67957E+20,5.93493E+21,1.00259E+16,5.35588E+16
9082,9083,2,7,8,709,2016,11,16,3,3,2,6,2,0,0,1,0,0,0,0,5.62419E+20,5.92157E+21,9.93967E+15,5.34394E+16
9083,9084,2,3,9,321,2016,7,13,5,3,4,3,0,0,1,1,0,0,0,0,5.6196E+20,5.9371E+21,9.93584E+15,5.35791E+16
9084,9085,6,4,40,16,2016,1,21,1,3,1,1,2,0,0,1,0,0,0,0,5.02698E+20,5.58823E+21,9.03799E+15,5.0446E+16
9085,9086,2,1,4,111,2016,10,20,1,3,4,2,2,0,1,1,0,0,0,0,5.63892E+20,5.93452E+21,9.96448E+15,5.35557E+16
9086,9087,2,3,1,306,2016,10,13,3,3,6,4,0,1,0,1,1,0,0,0,5.63393E+20,5.93631E+21,9.95732E+15,5.35718E+16
9087,9088,2,3,9,321,2016,9,18,2,3,5,2,0,0,1,1,0,0,0,0,5.62139E+20,5.93675E+21,9.93847E+15,5.3576E+16
9088,9089,2,2,5,216,2016,9,8,2,3,5,2,0,1,1,1,0,0,0,0,5.60451E+20,5.93555E+21,9.91274E+15,5.35653E+16
9089,9090,2,7,10,711,2016,5,16,4,3,2,6,0,0,0,1,0,0,0,0,5.61591E+20,5.92357E+21,9.92761E+15,5.34575E+16
9090,9091,2,1,1,102,2016,9,7,5,3,6,5,0,0,0,0,1,0,1,0,5.65722E+20,5.93361E+21,9.99192E+15,5.35472E+16
9091,9092,2,1,12,130,2016,8,16,6,3,9,1,0,1,0,1,0,0,0,0,5.74472E+20,5.93584E+21,1.01245E+16,5.35661E+16
9092,9093,2,2,5,217,2016,12,11,4,3,0,6,0,0,0,1,0,0,0,0,5.58278E+20,5.93592E+21,9.88001E+15,5.35689E+16
9093,9094,6,4,13,0,2016,1,19,7,3,8,1,2,1,0,1,0,0,0,0,4.81355E+20,5.5459E+21,8.73949E+15,5.00651E+16
9094,9095,4,0,11,0,2016,10,7,7,3,3,6,1,0,0,1,0,0,1,0,4.85994E+20,5.8786E+21,8.79103E+15,5.30567E+16
9095,9096,2,1,6,117,2016,8,15,5,3,5,3,0,0,0,1,0,0,0,1,5.67971E+20,5.9341E+21,1.0026E+16,5.35514E+16
9096,9097,4,0,12,0,2016,7,10,4,3,2,6,0,0,0,1,0,0,1,0,4.75175E+20,5.93043E+21,8.62555E+15,5.35222E+16
9097,9098,2,2,7,219,2016,8,5,6,3,9,6,0,0,0,1,0,0,0,0,5.59469E+20,5.93457E+21,9.89774E+15,5.35566E+16
9098,9099,2,2,14,227,2016,10,19,7,3,6,2,2,1,0,1,1,0,0,0,5.49895E+20,5.93739E+21,9.75368E+15,5.3583E+16
9099,9100,2,1,16,136,2016,9,6,2,3,8,1,1,1,0,1,0,0,0,0,5.67354E+20,5.93019E+21,1.00158E+16,5.35163E+16
9100,9101,2,3,5,317,2016,9,20,6,3,6,4,2,1,0,0,1,0,0,1,5.64069E+20,5.9382E+21,9.96792E+15,5.35888E+16
9101,9102,2,6,1,601,2016,5,17,4,3,2,6,0,0,0,1,0,0,0,0,5.78376E+20,5.92932E+21,1.01818E+16,5.35069E+16
9102,9103,2,1,12,130,2016,12,17,3,3,2,6,2,1,0,1,0,0,0,0,5.75238E+20,5.93147E+21,1.0135E+16,5.35268E+16
9103,9104,2,1,14,132,2016,11,1,7,3,5,3,2,1,0,1,0,0,0,0,5.68388E+20,5.93284E+21,1.0032E+16,5.354E+16
9104,9105,4,0,11,0,2016,11,3,6,3,6,4,2,0,0,1,1,0,0,0,4.85794E+20,5.87927E+21,8.78802E+15,5.30628E+16
9105,9106,4,0,11,0,2016,8,14,4,3,3,6,0,0,0,1,0,0,1,0,4.86299E+20,5.88181E+21,8.79543E+15,5.30856E+16
9106,9107,4,0,11,0,2016,5,16,5,3,2,6,0,0,0,1,0,0,0,0,4.90255E+20,5.87533E+21,8.85471E+15,5.30274E+16
9107,9108,2,4,2,403,2016,7,17,4,3,5,3,0,0,1,1,0,0,0,0,5.65065E+20,5.93835E+21,9.98299E+15,5.35899E+16
9108,9109,4,0,11,0,2016,2,7,6,3,2,6,0,0,0,1,0,0,0,0,4.84651E+20,5.87913E+21,8.77096E+15,5.30614E+16
9109,9110,2,2,9,221,2016,11,18,4,2,5,2,2,1,1,1,0,0,0,0,5.56355E+20,5.93629E+21,9.85104E+15,5.35725E+16
9110,9111,2,2,5,215,2016,5,9,4,3,5,3,0,0,1,1,1,0,0,0,5.60911E+20,5.93541E+21,9.91967E+15,5.3564E+16
9111,9112,2,3,7,319,2016,6,10,3,3,2,6,0,0,0,1,0,0,1,0,5.61494E+20,5.94495E+21,9.93035E+15,5.36497E+16
9112,9113,2,2,5,215,2016,12,17,3,3,3,2,2,0,1,1,0,0,0,0,5.61234E+20,5.93538E+21,9.92454E+15,5.35638E+16
9113,9114,2,3,7,319,2016,7,14,5,3,2,6,0,0,0,1,0,0,0,0,5.61546E+20,5.94271E+21,9.93069E+15,5.36296E+16
9114,9115,2,3,4,316,2016,11,14,5,3,5,2,0,1,1,1,0,0,0,0,5.6382E+20,5.93721E+21,9.96395E+15,5.35798E+16
9115,9116,2,7,9,710,2016,6,13,3,3,2,6,0,0,0,1,0,0,0,0,5.63554E+20,5.92234E+21,9.95692E+15,5.34462E+16
9116,9117,6,6,31,15,2016,1,5,2,3,4,1,2,2,0,1,0,0,0,0,5.55355E+20,5.61117E+21,9.78299E+15,5.06497E+16
9117,9118,2,1,7,120,2016,6,9,6,3,2,6,0,0,0,1,0,0,0,0,5.68739E+20,5.93515E+21,1.00378E+16,5.35607E+16
9118,9119,2,7,10,711,2016,10,5,6,3,9,1,2,0,0,1,0,0,0,0,5.60856E+20,5.925E+21,9.91682E+15,5.34705E+16
9119,9120,2,6,11,612,2016,10,16,6,3,2,6,0,0,0,1,0,0,1,0,5.71354E+20,5.92928E+21,1.00759E+16,5.35076E+16
9120,9121,2,2,3,209,2016,6,8,3,3,5,3,0,0,1,1,0,0,0,0,5.62582E+20,5.93542E+21,9.9449E+15,5.35639E+16
9121,9122,4,0,11,0,2016,3,12,4,3,2,6,0,0,0,1,0,0,1,0,4.85406E+20,5.88016E+21,8.78218E+15,5.30707E+16
9122,9123,2,3,7,319,2016,5,7,4,3,2,6,0,0,0,0,0,0,1,1,5.59996E+20,5.94468E+21,9.90764E+15,5.36475E+16
9123,9124,4,0,12,0,2016,1,10,4,3,2,6,0,1,0,1,0,0,0,0,4.73883E+20,5.93341E+21,8.60582E+15,5.35489E+16
9124,9125,4,0,11,0,2016,10,16,2,3,3,6,0,0,0,1,0,0,1,0,4.85138E+20,5.87974E+21,8.77821E+15,5.30669E+16
9125,9126,2,7,8,709,2016,5,13,3,3,2,6,0,1,0,1,0,0,0,0,5.62048E+20,5.92109E+21,9.934E+15,5.34352E+16
9126,9127,2,2,7,219,2016,10,21,6,3,0,1,2,0,0,1,0,0,0,0,5.608E+20,5.93296E+21,9.91752E+15,5.3542E+16
9127,9128,2,7,13,714,2016,10,11,7,3,3,6,0,0,0,1,0,0,0,0,5.60878E+20,5.925E+21,9.91715E+15,5.34705E+16
9128,9129,2,7,11,712,2016,9,9,6,2,2,6,0,0,0,1,0,0,0,0,5.60662E+20,5.92659E+21,9.91421E+15,5.34848E+16
9129,9130,2,3,8,320,2016,9,11,6,3,3,6,0,0,0,1,0,0,1,1,5.60603E+20,5.94071E+21,9.91604E+15,5.36117E+16
9130,9131,2,3,9,321,2016,5,9,3,3,3,6,0,0,0,1,0,0,0,0,5.61669E+20,5.9381E+21,9.93164E+15,5.35881E+16
9131,9132,2,4,3,406,2016,8,7,3,3,6,7,0,0,1,0,1,0,0,0,5.66471E+20,5.94132E+21,1.00049E+16,5.36164E+16
9132,9133,2,3,8,320,2016,8,16,4,3,2,6,0,1,0,1,0,0,0,0,5.60689E+20,5.94056E+21,9.91731E+15,5.36103E+16
9133,9134,2,3,8,320,2016,12,13,5,3,3,6,0,1,0,1,0,0,1,0,5.60371E+20,5.94128E+21,9.91264E+15,5.36169E+16
9134,9135,6,5,33,14,2016,1,17,6,3,8,1,2,1,0,1,0,0,0,0,4.47209E+20,5.58232E+21,8.25734E+15,5.03906E+16
9135,9136,4,0,11,0,2016,9,8,2,3,2,6,0,0,0,1,0,0,0,0,4.80996E+20,5.89174E+21,8.71568E+15,5.31747E+16
9136,9137,2,7,10,711,2016,8,15,3,3,2,6,0,0,0,1,0,0,0,0,5.64876E+20,5.92445E+21,9.97726E+15,5.34651E+16
9137,9138,2,3,9,321,2016,8,1,1,3,4,2,2,0,0,1,0,0,0,0,5.61463E+20,5.93856E+21,9.92862E+15,5.35922E+16
9138,9139,4,0,12,0,2016,6,17,6,2,6,4,0,1,0,1,1,0,0,0,4.72166E+20,5.93348E+21,8.5799E+15,5.35495E+16
9139,9140,2,3,7,319,2016,8,13,4,3,3,6,0,1,0,1,0,0,0,0,5.61367E+20,5.9429E+21,9.92803E+15,5.36313E+16
9140,9141,2,1,3,106,2016,9,23,6,2,4,6,2,0,1,0,0,0,0,0,5.64426E+20,5.93388E+21,9.97241E+15,5.35499E+16
9141,9142,2,1,8,125,2016,6,13,5,3,2,6,0,0,0,1,0,0,0,0,5.70079E+20,5.9341E+21,1.00578E+16,5.35511E+16
9142,9143,2,4,2,403,2016,9,22,4,2,6,4,2,0,0,0,1,1,0,0,5.65125E+20,5.93868E+21,9.98396E+15,5.35929E+16
9143,9144,2,2,5,216,2016,5,16,3,3,2,6,0,0,0,1,0,0,0,0,5.59794E+20,5.93624E+21,9.90296E+15,5.35717E+16
9144,9145,2,1,12,130,2016,12,4,1,3,2,6,2,1,0,1,0,0,0,0,5.72625E+20,5.93292E+21,1.00959E+16,5.35401E+16
9145,9146,2,1,16,136,2016,11,17,5,3,1,6,2,1,0,1,0,0,0,0,5.68906E+20,5.92841E+21,1.00388E+16,5.35001E+16
9146,9147,2,3,7,319,2016,7,18,3,3,3,6,0,1,0,1,0,0,0,0,5.61294E+20,5.9439E+21,9.92711E+15,5.36402E+16
9147,9148,4,0,11,0,2016,11,16,3,3,2,7,1,1,0,1,0,0,0,0,4.80789E+20,5.89229E+21,8.71255E+15,5.31796E+16
9148,9149,4,0,11,0,2016,8,14,4,3,2,6,0,0,0,1,0,0,0,0,4.83155E+20,5.8783E+21,8.74869E+15,5.3054E+16
9149,9150,4,0,11,0,2016,5,16,3,2,2,6,0,0,0,0,0,0,1,0,4.90646E+20,5.8756E+21,8.86052E+15,5.30299E+16
9150,9151,2,1,6,115,2016,8,17,4,3,2,6,0,0,0,1,0,0,0,0,5.67999E+20,5.9331E+21,1.00262E+16,5.35424E+16
9151,9152,4,0,11,0,2016,7,15,3,3,2,6,0,0,0,1,0,0,0,0,4.81009E+20,5.89165E+21,8.71588E+15,5.31739E+16
9152,9153,2,7,13,714,2016,8,14,4,3,2,6,0,1,0,1,0,0,0,0,5.58194E+20,5.92513E+21,9.87674E+15,5.3472E+16
9153,9154,2,1,8,125,2016,9,15,6,3,2,6,0,1,0,1,0,0,0,0,5.70544E+20,5.93402E+21,1.00648E+16,5.35503E+16
9154,9155,2,2,13,226,2016,9,10,5,3,1,6,0,0,0,1,0,0,0,0,5.52068E+20,5.93715E+21,9.78645E+15,5.35806E+16
9155,9156,2,7,10,711,2016,5,8,2,2,4,6,0,0,0,1,0,0,1,0,5.63476E+20,5.92503E+21,9.95629E+15,5.34704E+16
9156,9157,2,2,9,221,2016,12,14,3,3,5,3,0,1,1,1,0,0,0,0,5.56618E+20,5.93625E+21,9.85501E+15,5.3572E+16
9157,9158,2,4,5,410,2016,11,20,6,3,3,2,2,0,1,1,0,0,0,0,5.67013E+20,5.93841E+21,1.00124E+16,5.35902E+16
9158,9159,4,0,11,0,2016,11,12,6,3,2,6,0,0,0,1,0,0,0,0,4.8658E+20,5.87841E+21,8.79978E+15,5.3055E+16
9159,9160,4,0,11,0,2016,8,10,1,3,0,1,0,0,0,1,0,0,0,0,4.86521E+20,5.87846E+21,8.7989E+15,5.30555E+16
9160,9161,4,0,12,0,2016,5,13,2,3,5,3,0,0,0,1,0,0,0,1,4.72152E+20,5.93345E+21,8.57968E+15,5.35492E+16
9161,9162,2,7,3,704,2016,7,18,2,3,2,6,0,0,0,1,0,0,0,0,5.68379E+20,5.92226E+21,1.00295E+16,5.34449E+16
9162,9163,4,0,11,0,2016,2,19,4,3,2,6,1,0,0,1,0,0,0,0,4.87871E+20,5.87762E+21,8.81907E+15,5.3048E+16
9163,9164,2,6,2,603,2016,5,16,2,3,2,6,0,0,0,1,0,0,0,0,5.81136E+20,5.92723E+21,1.02228E+16,5.34877E+16
9164,9165,2,2,9,221,2016,6,3,1,3,9,7,1,1,0,1,0,0,0,0,5.56843E+20,5.93625E+21,9.85841E+15,5.3572E+16
9165,9166,2,4,2,405,2016,12,10,1,3,8,1,0,1,0,1,0,0,0,0,5.65701E+20,5.93866E+21,9.99266E+15,5.35927E+16
9166,9167,2,1,15,134,2016,7,19,3,3,3,6,0,0,0,1,0,0,1,0,5.67812E+20,5.93146E+21,1.0023E+16,5.35277E+16
9167,9168,2,2,5,216,2016,11,16,3,3,2,6,1,1,0,1,0,0,1,0,5.59772E+20,5.93612E+21,9.9026E+15,5.35706E+16
9168,9169,2,1,12,130,2016,6,23,2,3,8,6,2,0,0,1,0,0,1,0,5.74667E+20,5.93096E+21,1.01263E+16,5.35223E+16
9169,9170,6,4,35,25,2016,1,8,2,2,2,6,0,2,0,1,0,0,1,0,5.37658E+20,5.58166E+21,9.52971E+15,5.03858E+16
9170,9171,2,3,8,320,2016,6,13,5,3,3,6,0,0,0,1,0,0,1,0,5.6065E+20,5.9406E+21,9.91674E+15,5.36107E+16
9171,9172,2,1,16,137,2016,10,11,5,1,0,6,0,0,0,1,0,0,1,0,5.66158E+20,5.92766E+21,9.99724E+15,5.34937E+16
9172,9173,2,1,8,125,2016,10,8,5,3,2,6,1,1,0,1,0,0,0,0,5.70751E+20,5.93399E+21,1.00679E+16,5.355E+16
9173,9174,2,1,6,115,2016,6,18,2,2,3,6,0,0,0,1,0,1,0,0,5.67612E+20,5.93327E+21,1.00204E+16,5.3544E+16
9174,9175,2,1,3,107,2016,9,13,5,3,5,2,0,0,1,1,0,0,0,0,5.64985E+20,5.93378E+21,9.98083E+15,5.35489E+16
9175,9176,2,3,8,320,2016,5,17,2,3,2,6,0,0,0,1,0,0,0,0,5.60572E+20,5.94184E+21,9.9158E+15,5.36218E+16
9176,9177,2,2,5,216,2016,12,14,6,3,2,6,0,0,0,1,0,0,0,0,5.59834E+20,5.93628E+21,9.90357E+15,5.3572E+16
9177,9178,6,4,13,0,2016,1,6,1,2,8,1,2,1,0,1,0,0,0,0,4.80364E+20,5.54588E+21,8.72564E+15,5.00648E+16
9178,9179,4,0,11,0,2016,10,12,7,3,2,6,0,1,0,1,0,0,0,0,4.87891E+20,5.87767E+21,8.81936E+15,5.30484E+16
9179,9180,2,1,3,106,2016,5,14,2,3,5,3,0,0,1,1,0,0,0,0,5.64516E+20,5.93386E+21,9.97376E+15,5.35497E+16
9180,9181,2,3,7,319,2016,10,13,3,3,5,3,0,0,0,1,0,0,1,0,5.61056E+20,5.9431E+21,9.92336E+15,5.36331E+16
9181,9182,2,4,3,406,2016,11,9,2,3,5,2,0,0,1,1,0,0,0,0,5.65295E+20,5.93984E+21,9.98678E+15,5.36033E+16
9182,9183,2,1,12,130,2016,10,14,6,2,2,6,0,1,0,1,0,0,0,1,5.72641E+20,5.93291E+21,1.00962E+16,5.35401E+16
9183,9184,2,3,9,321,2016,9,20,5,3,5,3,2,0,1,0,0,0,0,0,5.61809E+20,5.9376E+21,9.93365E+15,5.35836E+16
9184,9185,2,2,3,208,2016,9,9,5,3,5,3,0,0,1,0,0,0,0,0,5.63245E+20,5.93514E+21,9.95485E+15,5.35613E+16
9185,9186,2,4,8,418,2016,4,23,7,2,3,2,2,0,0,1,0,1,0,0,5.67532E+20,5.93687E+21,1.00199E+16,5.35764E+16
9186,9187,2,7,14,715,2016,8,12,2,3,5,3,0,0,0,1,0,0,0,0,5.55178E+20,5.92504E+21,9.83129E+15,5.34714E+16
9187,9188,2,2,5,215,2016,8,10,3,3,5,3,0,0,0,1,0,0,1,0,5.6062E+20,5.93763E+21,9.91571E+15,5.3584E+16
9188,9189,4,0,11,0,2016,12,17,4,3,5,3,2,0,1,1,0,0,0,0,4.82383E+20,5.88817E+21,8.73662E+15,5.31426E+16
9189,9190,4,0,11,0,2016,9,8,3,3,2,6,0,0,0,1,0,0,1,0,4.87718E+20,5.88526E+21,8.81649E+15,5.31166E+16
9190,9191,2,1,12,130,2016,8,14,2,3,2,6,0,0,0,1,0,0,0,0,5.75222E+20,5.93147E+21,1.01348E+16,5.35267E+16
9191,9192,4,0,11,0,2016,6,13,6,2,3,7,0,0,0,1,0,1,0,0,4.85581E+20,5.87954E+21,8.78482E+15,5.30651E+16
9192,9193,2,3,9,321,2016,8,7,2,2,2,6,0,0,0,1,0,0,1,0,5.61287E+20,5.93875E+21,9.926E+15,5.3594E+16
9193,9194,2,3,9,321,2016,7,22,4,3,5,3,2,0,1,1,0,0,0,0,5.62315E+20,5.93643E+21,9.94107E+15,5.35731E+16
9194,9195,2,1,7,120,2016,6,17,5,3,5,3,0,0,0,1,0,0,0,0,5.68044E+20,5.93463E+21,1.00272E+16,5.35561E+16
9195,9196,2,1,15,134,2016,9,7,3,3,3,7,0,0,0,1,0,0,0,1,5.68002E+20,5.93189E+21,1.00259E+16,5.35315E+16
9196,9197,2,4,5,411,2016,4,18,6,3,5,2,0,1,1,1,0,0,0,0,5.67465E+20,5.93768E+21,1.00191E+16,5.35836E+16
9197,9198,2,1,6,117,2016,12,8,7,3,1,1,0,0,0,1,0,0,0,0,5.68093E+20,5.93385E+21,1.00277E+16,5.35491E+16
9198,9199,2,2,14,227,2016,11,19,4,3,2,6,2,1,0,1,0,0,0,0,5.50138E+20,5.9374E+21,9.75734E+15,5.3583E+16
9199,9200,2,4,6,415,2016,7,13,2,3,2,6,0,0,0,1,0,1,0,0,5.67998E+20,5.93622E+21,1.00268E+16,5.35705E+16
9200,9201,4,0,11,0,2016,11,16,6,3,2,6,1,0,0,1,0,0,0,0,4.85331E+20,5.88007E+21,8.78107E+15,5.30699E+16
9201,9202,4,0,12,0,2016,7,17,6,3,9,1,0,1,0,0,0,0,0,1,4.74808E+20,5.93554E+21,8.61961E+15,5.35682E+16
9202,9203,4,0,12,0,2016,4,14,5,2,5,3,0,0,1,1,0,0,0,0,4.72578E+20,5.93207E+21,8.58623E+15,5.35369E+16
9203,9204,2,3,8,320,2016,4,18,6,3,3,6,0,0,0,1,0,0,1,0,5.60801E+20,5.94012E+21,9.91893E+15,5.36064E+16
9204,9205,4,0,12,0,2016,2,8,2,3,8,7,0,2,0,0,0,1,0,0,4.71723E+20,5.93321E+21,8.57324E+15,5.3547E+16
9205,9206,2,3,1,304,2016,6,8,6,3,5,3,0,1,0,1,0,0,0,0,5.6246E+20,5.93636E+21,9.94324E+15,5.35724E+16
9206,9207,2,2,12,225,2016,4,16,6,3,2,6,0,1,0,1,0,0,0,0,5.55137E+20,5.93653E+21,9.83269E+15,5.35747E+16
9207,9208,2,2,9,221,2016,6,13,2,2,6,4,0,0,0,0,1,0,0,1,5.56644E+20,5.93624E+21,9.85539E+15,5.3572E+16
9208,9209,2,2,13,226,2016,12,9,5,3,5,3,0,1,0,1,0,0,0,0,5.53591E+20,5.93689E+21,9.80942E+15,5.35782E+16
9209,9210,2,3,6,318,2016,7,12,1,3,3,6,0,0,0,1,0,1,0,0,5.62926E+20,5.94117E+21,9.95125E+15,5.36155E+16
9210,9211,2,1,8,124,2016,5,12,3,3,5,3,0,0,0,1,0,0,0,1,5.68939E+20,5.93444E+21,1.00406E+16,5.35543E+16
9211,9212,6,5,35,4,2016,1,19,1,3,8,1,2,2,0,1,0,0,0,0,5.2736E+20,5.59065E+21,9.38551E+15,5.04673E+16
9212,9213,2,4,2,405,2016,10,15,3,3,2,6,0,0,0,1,0,0,0,1,5.65119E+20,5.93897E+21,9.98393E+15,5.35955E+16
9213,9214,2,6,1,601,2016,10,7,4,3,2,6,0,1,0,1,0,0,0,0,5.77226E+20,5.93023E+21,1.01647E+16,5.35153E+16
9214,9215,2,4,5,411,2016,6,15,7,3,2,6,0,0,0,1,0,0,0,0,5.67439E+20,5.93779E+21,1.00187E+16,5.35846E+16
9215,9216,2,3,6,318,2016,9,15,3,3,2,6,0,0,0,1,0,0,0,0,5.62625E+20,5.94155E+21,9.94677E+15,5.3619E+16
9216,9217,2,3,8,320,2016,4,8,5,3,2,6,0,0,0,1,0,0,0,0,5.6053E+20,5.94086E+21,9.91497E+15,5.3613E+16
9217,9218,2,1,19,140,2016,9,4,1,3,3,6,2,1,0,1,0,0,0,0,5.61496E+20,5.93088E+21,9.9276E+15,5.35232E+16
9218,9219,2,2,1,206,2016,8,12,3,3,3,6,0,0,0,1,0,0,1,0,5.63268E+20,5.93513E+21,9.95518E+15,5.35613E+16
9219,9220,2,3,8,320,2016,12,22,6,3,4,2,2,0,0,1,0,0,0,0,5.6007E+20,5.94167E+21,9.90818E+15,5.36204E+16
9220,9221,6,4,32,23,2016,1,11,7,3,2,6,0,1,0,1,0,0,0,0,4.71545E+20,5.52748E+21,8.60378E+15,4.98991E+16
9221,9222,4,0,11,0,2016,10,17,6,3,5,2,0,0,1,1,0,0,0,0,4.8647E+20,5.87851E+21,8.79814E+15,5.30559E+16
9222,9223,2,3,6,318,2016,8,10,7,3,0,2,0,0,0,1,0,1,0,0,5.62537E+20,5.94167E+21,9.94547E+15,5.36201E+16
9223,9224,2,4,8,418,2016,7,17,2,3,1,6,0,0,0,1,0,0,0,0,5.67897E+20,5.93636E+21,1.00253E+16,5.35717E+16
9224,9225,4,0,11,0,2016,2,14,4,3,2,7,0,0,0,1,0,0,1,0,4.86261E+20,5.88288E+21,8.79482E+15,5.30952E+16
9225,9226,2,5,14,522,2016,6,12,7,3,2,6,0,0,0,1,0,0,0,1,5.71066E+20,5.95222E+21,1.00768E+16,5.37138E+16
9226,9227,2,1,19,140,2016,4,12,5,3,2,6,0,0,0,1,0,0,0,0,5.61069E+20,5.93014E+21,9.92103E+15,5.35166E+16
9227,9228,2,7,1,701,2016,6,9,5,3,0,2,0,0,0,0,0,0,0,1,5.65019E+20,5.92438E+21,9.9794E+15,5.34644E+16
9228,9229,2,4,6,415,2016,6,17,3,3,3,6,0,0,1,0,0,0,0,0,5.67804E+20,5.93649E+21,1.0024E+16,5.35729E+16
9229,9230,2,7,11,712,2016,12,17,6,2,2,6,2,0,0,1,0,0,0,0,5.60641E+20,5.92652E+21,9.91387E+15,5.34842E+16
9230,9231,2,1,12,130,2016,7,21,2,3,2,6,1,0,0,1,0,0,0,0,5.75105E+20,5.9315E+21,1.0133E+16,5.3527E+16
9231,9232,2,7,13,714,2016,11,14,7,3,5,3,0,1,0,1,0,0,0,0,5.59239E+20,5.92513E+21,9.89248E+15,5.34718E+16
9232,9233,2,2,5,216,2016,5,17,3,3,3,6,0,0,0,1,0,1,0,0,5.59751E+20,5.9355E+21,9.90217E+15,5.35649E+16
9233,9234,6,4,33,10,2016,1,21,2,3,8,1,2,1,0,1,0,0,0,0,4.63546E+20,5.53978E+21,8.49125E+15,5.00093E+16
9234,9235,2,6,1,601,2016,6,5,4,3,2,6,0,0,0,1,0,0,0,0,5.78279E+20,5.92938E+21,1.01803E+16,5.35075E+16
9235,9236,2,3,9,321,2016,10,14,4,3,2,4,0,0,0,1,1,0,0,0,5.6195E+20,5.93712E+21,9.93569E+15,5.35792E+16
9236,9237,2,3,5,317,2016,10,0,5,2,5,2,2,0,1,1,0,0,0,0,5.64111E+20,5.93794E+21,9.9685E+15,5.35864E+16
9237,9238,2,7,2,703,2016,6,23,1,3,2,6,2,0,0,1,0,0,0,1,5.66177E+20,5.92457E+21,9.99687E+15,5.3466E+16
9238,9239,2,6,10,611,2016,9,8,3,3,2,6,0,0,0,1,0,0,1,0,5.73949E+20,5.93027E+21,1.01153E+16,5.35161E+16
9239,9240,2,1,16,137,2016,4,9,4,3,2,6,0,1,0,1,0,0,0,0,5.66176E+20,5.92632E+21,9.99722E+15,5.34817E+16
9240,9241,2,7,10,711,2016,9,21,1,3,3,6,2,1,0,1,0,0,1,0,5.59568E+20,5.92511E+21,9.89744E+15,5.34716E+16
9241,9242,2,7,7,708,2016,12,12,2,3,3,7,0,0,0,1,0,0,0,0,5.64127E+20,5.91988E+21,9.96505E+15,5.3424E+16
9242,9243,6,4,14,0,2016,1,10,7,3,8,1,0,1,0,1,0,0,0,0,4.41426E+20,5.55142E+21,8.18078E+15,5.01122E+16
9243,9244,4,0,11,0,2016,10,16,3,3,5,3,0,0,1,1,0,0,0,0,4.87628E+20,5.87697E+21,8.81546E+15,5.30421E+16
9244,9245,2,1,12,130,2016,4,16,4,3,2,6,0,1,0,1,0,0,0,0,5.75445E+20,5.93585E+21,1.01392E+16,5.35661E+16
9245,9246,2,1,3,107,2016,10,12,2,3,5,2,0,0,1,1,0,0,0,0,5.64988E+20,5.93378E+21,9.98088E+15,5.35489E+16
9246,9247,2,3,7,319,2016,11,14,7,2,0,1,0,1,0,1,0,0,0,0,5.61671E+20,5.94458E+21,9.93295E+15,5.36464E+16
9247,9248,2,3,8,320,2016,10,5,4,2,2,6,2,0,0,0,0,1,0,1,5.59551E+20,5.94182E+21,9.90036E+15,5.36218E+16
9248,9249,2,7,10,711,2016,9,16,4,2,3,6,0,0,0,1,0,1,0,0,5.62437E+20,5.92509E+21,9.94065E+15,5.34711E+16
9249,9250,2,1,7,119,2016,9,17,2,3,3,6,0,0,0,1,0,0,1,0,5.67968E+20,5.93433E+21,1.0026E+16,5.35535E+16
9250,9251,2,1,8,121,2016,4,5,4,3,5,3,1,0,0,1,0,0,0,1,5.68932E+20,5.93458E+21,1.00406E+16,5.35556E+16
9251,9252,2,1,6,117,2016,8,14,7,3,3,6,0,0,0,1,0,1,0,0,5.68158E+20,5.93371E+21,1.00287E+16,5.35479E+16
9252,9253,2,1,4,111,2016,11,13,4,3,5,3,0,0,1,1,0,0,0,0,5.63828E+20,5.9348E+21,9.96358E+15,5.35582E+16
9253,9254,2,3,7,319,2016,8,6,2,3,2,6,0,0,0,1,0,0,0,0,5.61482E+20,5.94458E+21,9.9301E+15,5.36464E+16
9254,9255,4,0,11,0,2016,12,17,3,3,5,3,2,1,0,1,0,0,1,0,4.90077E+20,5.87521E+21,8.85205E+15,5.30264E+16
9255,9256,4,0,11,0,2016,8,14,4,3,5,3,0,0,0,1,0,0,0,0,4.84737E+20,5.87917E+21,8.77225E+15,5.30618E+16
9256,9257,2,1,6,117,2016,8,13,7,3,9,1,0,0,0,1,0,0,0,0,5.67963E+20,5.93418E+21,1.00259E+16,5.35521E+16
9257,9258,4,0,11,0,2016,6,18,4,3,2,6,0,0,0,1,0,0,1,1,4.9279E+20,5.87658E+21,8.89247E+15,5.30387E+16
9258,9259,2,1,14,133,2016,7,12,7,2,9,1,0,0,0,1,0,0,0,0,5.68422E+20,5.93277E+21,1.00325E+16,5.35393E+16
9259,9260,2,1,12,130,2016,7,13,1,3,0,6,0,0,1,1,0,0,0,0,5.73121E+20,5.93265E+21,1.01033E+16,5.35376E+16
9260,9261,2,4,2,405,2016,6,11,5,3,0,1,0,1,0,0,0,1,0,0,5.65117E+20,5.93907E+21,9.98392E+15,5.35964E+16
9261,9262,2,2,5,215,2016,11,13,7,3,2,6,0,1,0,1,0,0,0,0,5.60897E+20,5.93541E+21,9.91945E+15,5.3564E+16