FID,OBJECTID,ULAND,UREGBEZ,UKREIS,UGEMEINDE,UJAHR,UMONAT,USTUNDE,UWOCHENTAG,UKATEGORIE,UART,UTYP1,ULICHTVERH,IstStrasse,IstRad,IstPKW,IstFuss,IstKrad,IstGkfz,IstSonstig,LINREFX,LINREFY,XGCSWGS84,YGCSWGS84
9262,9263,2,3,5,317,2016,9,9,3,3,3,2,0,0,1,1,0,0,0,0,5.63959E+20,5.93892E+21,9.96639E+15,5.35952E+16
9263,9264,2,4,5,409,2016,4,14,3,3,2,6,0,1,0,1,0,0,0,0,5.66366E+20,5.93865E+21,1.00027E+16,5.35925E+16
9264,9265,2,3,8,320,2016,12,5,6,3,3,6,2,1,0,1,0,0,1,0,5.60432E+20,5.94106E+21,9.91352E+15,5.36148E+16
9265,9266,2,1,16,136,2016,11,17,3,3,2,6,2,1,0,1,0,0,1,0,5.70088E+20,5.92947E+21,1.00569E+16,5.35095E+16
9266,9267,2,1,14,133,2016,7,5,7,3,3,6,0,1,0,1,0,0,0,0,5.68321E+20,5.93266E+21,1.00309E+16,5.35384E+16
9267,9268,4,0,11,0,2016,11,21,2,2,8,1,2,1,0,1,0,0,0,0,4.75076E+20,5.89233E+21,8.62706E+15,5.31798E+16
9268,9269,4,0,11,0,2016,4,14,2,3,0,7,0,0,1,0,0,0,1,0,4.86755E+20,5.87826E+21,8.80239E+15,5.30537E+16
9269,9270,2,4,7,417,2016,4,14,3,3,1,6,0,1,0,1,0,0,0,0,5.6844E+20,5.93563E+21,1.00334E+16,5.35651E+16
9270,9271,4,0,11,0,2016,1,12,7,3,2,6,0,1,0,1,0,0,0,0,4.8599E+20,5.88125E+21,8.79084E+15,5.30805E+16
9271,9272,2,3,4,316,2016,6,7,5,3,3,2,0,0,1,1,0,0,0,0,5.64139E+20,5.93782E+21,9.96888E+15,5.35853E+16
9272,9273,2,1,16,136,2016,4,17,2,3,2,6,0,1,0,1,0,0,0,0,5.686E+20,5.92772E+21,1.0034E+16,5.3494E+16
9273,9274,2,3,7,319,2016,6,12,1,3,1,6,0,1,0,1,0,0,0,0,5.61033E+20,5.94306E+21,9.92301E+15,5.36327E+16
9274,9275,2,3,7,319,2016,11,17,4,3,3,7,2,1,0,1,0,0,1,0,5.61327E+20,5.94294E+21,9.92743E+15,5.36317E+16
9275,9276,2,1,16,136,2016,7,18,5,3,2,6,0,0,0,1,0,0,0,0,5.67863E+20,5.92592E+21,1.00226E+16,5.34779E+16
9276,9277,6,6,33,11,2016,1,10,1,3,4,1,0,2,0,1,0,0,0,0,5.24324E+20,5.6844E+21,9.34898E+15,5.13104E+16
9277,9278,2,4,2,403,2016,10,18,2,3,2,6,2,0,0,1,0,0,0,0,5.64701E+20,5.93808E+21,9.97743E+15,5.35875E+16
9278,9279,2,1,6,117,2016,10,6,3,3,3,6,2,1,0,1,0,0,1,0,5.68188E+20,5.93365E+21,1.00291E+16,5.35473E+16
9279,9280,2,3,9,321,2016,9,12,2,3,3,6,0,0,0,1,0,0,0,0,5.61164E+20,5.93889E+21,9.92416E+15,5.35952E+16
9280,9281,2,1,6,117,2016,4,8,2,2,5,2,0,0,1,0,0,0,1,0,5.68402E+20,5.93321E+21,1.00323E+16,5.35433E+16
9281,9282,2,2,7,219,2016,9,14,6,2,2,6,0,0,0,1,0,1,0,0,5.60757E+20,5.93299E+21,9.91686E+15,5.35423E+16
9282,9283,2,7,14,715,2016,8,21,6,3,5,3,2,1,0,1,0,0,0,1,5.56751E+20,5.92516E+21,9.85501E+15,5.34723E+16
9283,9284,2,7,10,711,2016,12,18,4,3,1,6,2,0,0,1,0,0,0,0,5.61693E+20,5.92505E+21,9.92943E+15,5.34708E+16
9284,9285,6,4,35,9,2016,1,17,7,2,9,1,2,1,0,1,0,0,0,0,5.09714E+20,5.55571E+21,9.13597E+15,5.01535E+16
9285,9286,4,0,11,0,2016,10,8,3,3,2,6,0,0,0,1,0,0,0,1,4.8543E+20,5.87971E+21,8.78257E+15,5.30667E+16
9286,9287,2,2,9,221,2016,8,14,6,3,3,6,0,0,0,0,0,0,0,1,5.5641E+20,5.93628E+21,9.85188E+15,5.35724E+16
9287,9288,4,0,11,0,2016,7,12,4,3,2,6,0,0,0,1,0,0,0,0,4.87364E+20,5.88528E+21,8.81121E+15,5.31168E+16
9288,9289,2,7,1,701,2016,8,12,6,3,1,6,0,0,0,1,0,0,0,0,5.65555E+20,5.92379E+21,9.98734E+15,5.3459E+16
9289,9290,2,1,3,106,2016,10,17,1,3,0,1,1,1,0,1,0,1,0,0,5.64766E+20,5.93383E+21,9.97753E+15,5.35494E+16
9290,9291,2,7,1,701,2016,9,17,2,3,5,2,0,0,1,0,0,0,1,0,5.64946E+20,5.92442E+21,9.9783E+15,5.34648E+16
9291,9292,2,7,11,712,2016,9,19,6,3,2,6,2,1,0,1,0,0,0,0,5.60668E+20,5.92651E+21,9.91427E+15,5.34841E+16
9292,9293,2,3,8,320,2016,4,15,2,3,2,6,0,1,0,1,0,0,0,1,5.60369E+20,5.94129E+21,9.91262E+15,5.3617E+16
9293,9294,2,2,6,218,2016,12,2,4,3,5,3,2,1,0,1,0,0,1,0,5.59514E+20,5.93497E+21,9.89849E+15,5.35602E+16
9294,9295,2,3,7,319,2016,11,16,1,3,4,2,2,1,0,1,0,0,0,0,5.60166E+20,5.94244E+21,9.90977E+15,5.36273E+16
9295,9296,4,0,12,0,2016,12,12,6,2,2,6,0,0,0,1,0,0,0,0,4.75077E+20,5.93081E+21,8.62404E+15,5.35256E+16
9296,9297,4,0,11,0,2016,8,14,4,2,0,7,0,0,0,0,0,1,0,0,4.81791E+20,5.88914E+21,8.72772E+15,5.31513E+16
9297,9298,4,0,11,0,2016,5,0,7,3,3,6,2,1,0,1,0,0,0,0,4.78051E+20,5.89148E+21,8.67163E+15,5.31723E+16
9298,9299,2,1,1,102,2016,7,8,5,3,2,6,0,0,0,1,0,0,0,1,5.65479E+20,5.93363E+21,9.98825E+15,5.35474E+16
9299,9300,2,7,9,710,2016,7,9,4,3,5,3,0,0,0,0,0,0,0,1,5.63934E+20,5.9226E+21,9.96269E+15,5.34485E+16
9300,9301,4,0,11,0,2016,3,14,7,3,2,6,0,1,0,1,0,0,0,0,4.89393E+20,5.87681E+21,8.84179E+15,5.30407E+16
9301,9302,2,3,5,317,2016,11,10,5,3,2,6,0,0,0,1,0,0,0,0,5.63648E+20,5.93987E+21,9.96189E+15,5.36038E+16
9302,9303,2,7,10,711,2016,10,16,2,3,1,6,0,0,0,1,0,0,0,0,5.61589E+20,5.92356E+21,9.92757E+15,5.34575E+16
9303,9304,2,4,8,419,2016,9,11,4,3,5,2,0,0,1,1,0,0,0,0,5.6752E+20,5.93743E+21,1.00199E+16,5.35814E+16
9304,9305,2,7,10,711,2016,9,17,7,3,5,3,0,0,0,1,0,0,0,0,5.62758E+20,5.92509E+21,9.94548E+15,5.34711E+16
9305,9306,2,3,9,321,2016,4,14,2,3,2,6,0,1,0,1,0,0,1,0,5.61449E+20,5.93857E+21,9.92841E+15,5.35924E+16
9306,9307,2,3,1,307,2016,12,10,5,3,2,6,0,0,0,1,0,0,0,0,5.62918E+20,5.93641E+21,9.95016E+15,5.35727E+16
9307,9308,2,3,8,320,2016,11,5,2,3,3,6,2,0,0,1,0,0,1,0,5.60864E+20,5.93996E+21,9.91984E+15,5.3605E+16
9308,9309,4,0,11,0,2016,12,14,6,3,3,6,0,1,0,1,0,0,1,0,4.85895E+20,5.88104E+21,8.78944E+15,5.30786E+16
9309,9310,4,0,11,0,2016,8,18,6,2,2,6,0,0,0,1,0,0,0,0,4.90436E+20,5.88496E+21,8.85711E+15,5.3114E+16
9310,9311,2,1,6,117,2016,8,18,5,3,1,6,0,0,0,1,0,0,0,0,5.68305E+20,5.93341E+21,1.00309E+16,5.35451E+16
9311,9312,4,0,11,0,2016,5,13,3,3,9,1,0,0,0,1,0,0,0,1,4.86325E+20,5.8856E+21,8.79566E+15,5.31196E+16
9312,9313,2,2,3,209,2016,7,16,6,3,5,3,0,0,1,1,0,0,0,0,5.62196E+20,5.93538E+21,9.93907E+15,5.35636E+16
9313,9314,2,7,10,711,2016,7,4,5,3,0,7,1,0,1,0,1,0,0,0,5.64971E+20,5.92441E+21,9.97867E+15,5.34647E+16
9314,9315,2,1,1,101,2016,6,15,5,3,2,6,0,0,0,1,0,0,0,0,5.66425E+20,5.93363E+21,1.00025E+16,5.35474E+16
9315,9316,2,1,6,117,2016,11,8,5,3,5,2,0,0,0,1,0,0,0,0,5.68145E+20,5.9337E+21,1.00285E+16,5.35478E+16
9316,9317,2,3,9,321,2016,4,13,2,3,5,3,0,1,0,1,0,0,1,0,5.61171E+20,5.93888E+21,9.92427E+15,5.35952E+16
9317,9318,2,6,2,602,2016,12,16,5,3,1,6,2,1,0,1,0,0,0,0,5.80291E+20,5.92719E+21,1.02101E+16,5.34876E+16
9318,9319,2,1,3,107,2016,7,23,1,3,3,6,2,0,0,1,0,1,0,0,5.65052E+20,5.93376E+21,9.98184E+15,5.35487E+16
9319,9320,2,4,2,405,2016,11,15,3,3,5,2,0,1,0,1,0,0,0,0,5.65118E+20,5.939E+21,9.98393E+15,5.35958E+16
9320,9321,2,2,9,221,2016,6,18,5,3,5,2,0,0,1,1,0,0,0,0,5.56056E+20,5.93633E+21,9.84654E+15,5.35729E+16
9321,9322,2,3,9,321,2016,11,4,3,3,0,7,2,0,0,1,0,1,0,0,5.61832E+20,5.93747E+21,9.93398E+15,5.35824E+16
9322,9323,4,0,11,0,2016,4,6,3,3,4,2,1,0,0,1,0,0,0,0,4.80815E+20,5.89232E+21,8.71294E+15,5.31799E+16
9323,9324,2,3,7,319,2016,4,11,2,2,3,6,0,1,0,0,0,1,0,1,5.61487E+20,5.94458E+21,9.93018E+15,5.36464E+16
9324,9325,4,0,11,0,2016,1,18,3,2,2,6,2,0,0,1,0,0,0,0,4.86143E+20,5.88154E+21,8.79312E+15,5.30831E+16
9325,9326,2,1,6,115,2016,4,11,1,3,2,6,0,1,0,0,0,0,1,0,5.67302E+20,5.93347E+21,1.00157E+16,5.35458E+16
9326,9327,2,4,2,403,2016,11,4,3,3,5,3,2,1,1,1,0,0,0,0,5.65125E+20,5.93865E+21,9.98396E+15,5.35926E+16
9327,9328,2,3,6,318,2016,7,14,5,2,7,1,0,0,0,0,0,0,0,1,5.62065E+20,5.94223E+21,9.93845E+15,5.36252E+16
9328,9329,6,4,33,12,2016,1,17,1,3,5,3,2,1,1,1,0,0,0,0,4.59598E+20,5.53629E+21,8.43651E+15,4.99776E+16
9329,9330,2,2,7,219,2016,10,1,7,3,3,6,2,0,0,1,0,0,0,0,5.59465E+20,5.93433E+21,9.89762E+15,5.35545E+16
9330,9331,2,3,1,305,2016,10,4,3,2,5,3,2,1,0,1,0,0,0,0,5.63527E+20,5.93662E+21,9.9594E+15,5.35746E+16
9331,9332,2,2,5,216,2016,9,21,2,3,5,3,2,0,0,1,0,0,0,0,5.59614E+20,5.9355E+21,9.9001E+15,5.35649E+16
9332,9333,2,6,2,602,2016,9,20,1,3,5,2,2,0,1,1,0,0,0,0,5.80328E+20,5.92717E+21,1.02107E+16,5.34874E+16
9333,9334,2,4,7,416,2016,4,13,1,3,2,6,0,0,0,1,0,0,0,0,5.67977E+20,5.93471E+21,1.00262E+16,5.35569E+16
9334,9335,2,7,10,711,2016,8,9,4,3,2,3,0,0,0,1,0,0,0,0,5.62089E+20,5.92507E+21,9.9354E+15,5.3471E+16
9335,9336,2,1,8,124,2016,8,8,6,3,0,6,0,1,0,1,0,0,1,0,5.69198E+20,5.93425E+21,1.00445E+16,5.35526E+16
9336,9337,2,1,16,136,2016,12,16,2,3,2,6,1,0,0,1,0,0,0,1,5.67377E+20,5.93028E+21,1.00162E+16,5.35171E+16
9337,9338,6,5,33,14,2016,1,3,6,3,8,1,2,2,0,1,0,0,0,0,4.50934E+20,5.57923E+21,8.31015E+15,5.03631E+16
9338,9339,4,0,11,0,2016,9,14,4,3,2,6,0,0,0,1,0,0,0,0,4.86379E+20,5.88338E+21,8.79656E+15,5.30997E+16
9339,9340,2,3,5,317,2016,8,15,5,3,3,6,0,0,1,0,0,1,0,0,5.63666E+20,5.93979E+21,9.96215E+15,5.36031E+16
9340,9341,4,0,11,0,2016,7,20,2,3,2,6,0,0,0,0,0,0,1,0,4.88039E+20,5.87492E+21,8.82168E+15,5.30237E+16
9341,9342,2,1,1,102,2016,8,12,6,3,2,6,0,0,0,1,0,0,0,0,5.65325E+20,5.93367E+21,9.98593E+15,5.35478E+16
9342,9343,2,3,1,304,2016,10,9,7,3,3,6,0,0,0,1,0,0,1,0,5.62573E+20,5.93642E+21,9.94496E+15,5.35729E+16
9343,9344,2,7,2,703,2016,9,16,5,3,2,6,0,0,0,1,0,0,0,1,5.663E+20,5.92386E+21,9.99857E+15,5.34596E+16
9344,9345,2,1,16,136,2016,4,13,6,3,2,6,0,0,0,1,0,0,0,0,5.68642E+20,5.92781E+21,1.00347E+16,5.34947E+16
9345,9346,2,6,1,601,2016,12,17,3,3,2,6,2,1,0,1,0,0,0,0,5.75454E+20,5.93134E+21,1.01382E+16,5.35255E+16
9346,9347,2,1,16,136,2016,11,12,6,3,2,6,0,0,0,1,0,0,0,0,5.68554E+20,5.92762E+21,1.00333E+16,5.34931E+16
9347,9348,4,0,11,0,2016,11,13,2,2,2,6,0,0,0,1,0,0,1,0,4.93559E+20,5.88164E+21,8.90384E+15,5.30842E+16
9348,9349,4,0,11,0,2016,8,15,3,3,2,6,0,0,0,1,0,0,0,0,4.86382E+20,5.88339E+21,8.79662E+15,5.30998E+16
9349,9350,4,0,11,0,2016,5,11,4,2,2,6,0,0,0,0,0,0,1,1,4.90709E+20,5.87565E+21,8.86146E+15,5.30303E+16
9350,9351,2,3,8,320,2016,7,14,3,3,3,6,0,0,0,1,0,0,1,0,5.60577E+20,5.94076E+21,9.91567E+15,5.36122E+16
9351,9352,4,0,11,0,2016,2,15,3,3,8,1,0,0,0,1,0,0,0,1,4.82831E+20,5.8878E+21,8.74333E+15,5.31393E+16
9352,9353,2,3,6,318,2016,11,12,4,3,2,6,0,1,0,1,0,0,0,0,5.62861E+20,5.9414E+21,9.95031E+15,5.36176E+16
9353,9354,2,1,6,117,2016,4,9,6,3,1,6,0,0,0,1,0,0,0,0,5.68006E+20,5.93311E+21,1.00263E+16,5.35425E+16
9354,9355,2,1,16,136,2016,6,22,2,2,3,1,1,1,0,1,0,0,1,0,5.67891E+20,5.92624E+21,1.0023E+16,5.34808E+16
9355,9356,2,1,8,124,2016,12,16,2,3,3,2,2,1,1,0,0,0,1,0,5.69813E+20,5.93415E+21,1.00538E+16,5.35516E+16
9356,9357,2,7,10,711,2016,7,18,4,2,6,4,0,0,0,1,1,0,0,0,5.6352E+20,5.92502E+21,9.95695E+15,5.34703E+16
9357,9358,2,3,4,316,2016,11,12,5,3,0,7,0,1,0,1,0,0,0,0,5.63842E+20,5.93726E+21,9.96429E+15,5.35803E+16
9358,9359,2,1,19,140,2016,6,15,3,3,3,6,0,0,0,1,0,0,1,0,5.61887E+20,5.93173E+21,9.93367E+15,5.35308E+16
9359,9360,6,4,35,25,2016,1,9,2,2,8,1,0,2,0,1,1,0,0,0,5.37579E+20,5.58156E+21,9.52859E+15,5.03849E+16
9360,9361,2,6,1,601,2016,6,18,5,3,2,6,0,0,0,1,0,0,0,0,5.79726E+20,5.92762E+21,1.02017E+16,5.34915E+16
9361,9362,2,7,9,710,2016,10,13,6,3,2,6,0,1,0,1,0,0,0,0,5.61099E+20,5.92184E+21,9.91986E+15,5.3442E+16
9362,9363,2,1,7,120,2016,10,16,6,3,2,6,0,0,0,1,0,0,0,0,5.67996E+20,5.93447E+21,1.00264E+16,5.35547E+16
9363,9364,2,1,12,130,2016,6,8,2,2,2,6,0,0,0,0,0,0,1,1,5.74624E+20,5.93091E+21,1.01256E+16,5.35218E+16
9364,9365,4,0,11,0,2016,3,13,5,3,2,6,0,0,0,1,0,0,0,0,4.88707E+20,5.87724E+21,8.83156E+15,5.30446E+16
9365,9366,2,3,9,321,2016,4,11,6,3,3,7,0,0,0,1,0,0,0,0,5.61793E+20,5.93768E+21,9.93343E+15,5.35843E+16
9366,9367,4,0,11,0,2016,1,12,1,3,8,1,0,2,0,1,0,0,0,0,4.91766E+20,5.88407E+21,8.87701E+15,5.3106E+16
9367,9368,4,0,11,0,2016,10,13,6,3,2,6,0,1,0,1,0,0,0,0,4.93331E+20,5.8819E+21,8.90043E+15,5.30866E+16
9368,9369,2,3,9,321,2016,4,10,6,3,3,6,0,0,0,1,0,0,0,1,5.61516E+20,5.93853E+21,9.92942E+15,5.3592E+16
9369,9370,2,1,2,104,2016,10,12,4,3,3,2,0,0,1,0,0,0,1,0,5.68111E+20,5.93215E+21,1.00277E+16,5.35338E+16
9370,9371,2,6,1,601,2016,11,10,4,3,0,3,0,0,1,0,0,0,1,0,5.79517E+20,5.92776E+21,1.01986E+16,5.34928E+16
9371,9372,2,2,9,221,2016,4,16,6,3,2,2,0,0,0,1,0,1,0,0,5.5682E+20,5.93625E+21,9.85805E+15,5.3572E+16
9372,9373,2,1,6,117,2016,6,12,3,3,6,4,0,0,0,1,1,0,0,0,5.68269E+20,5.93344E+21,1.00303E+16,5.35454E+16
9373,9374,2,1,12,130,2016,12,8,3,3,3,6,0,1,0,1,0,0,1,0,5.7608E+20,5.93373E+21,1.01482E+16,5.3547E+16
9374,9375,2,2,13,226,2016,7,17,6,3,2,6,0,0,0,1,0,0,0,0,5.52826E+20,5.93711E+21,9.79789E+15,5.35802E+16
9375,9376,2,2,6,218,2016,11,9,2,3,1,6,0,0,0,1,0,0,0,0,5.58631E+20,5.93586E+21,9.88533E+15,5.35683E+16
9376,9377,2,1,8,124,2016,6,14,4,3,1,5,0,0,0,1,0,0,0,0,5.69748E+20,5.93416E+21,1.00528E+16,5.35517E+16
9377,9378,6,4,31,3,2016,1,15,2,3,2,6,0,1,0,1,0,0,0,0,4.61514E+20,5.50499E+21,8.46634E+15,4.96962E+16
9378,9379,2,2,1,206,2016,6,13,7,3,3,2,0,0,1,1,0,0,0,0,5.63861E+20,5.93471E+21,9.96405E+15,5.35574E+16
9379,9380,2,6,1,601,2016,10,13,7,3,3,7,0,0,0,1,0,0,0,0,5.76489E+20,5.93064E+21,1.01537E+16,5.35192E+16
9380,9381,2,3,5,317,2016,10,0,7,3,1,5,2,0,1,1,0,0,0,0,5.63957E+20,5.93893E+21,9.96637E+15,5.35953E+16
9381,9382,4,0,11,0,2016,4,8,4,3,2,6,0,0,0,1,0,0,0,0,4.90562E+20,5.87553E+21,8.85927E+15,5.30292E+16
9382,9383,2,3,1,306,2016,4,9,6,3,5,3,0,0,1,1,0,0,0,0,5.63083E+20,5.93627E+21,9.95263E+15,5.35715E+16
9383,9384,4,0,11,0,2016,1,17,4,3,2,6,0,1,0,1,0,0,0,0,4.894E+20,5.87681E+21,8.8419E+15,5.30407E+16
9384,9385,2,6,2,603,2016,4,13,5,3,5,3,0,0,1,1,0,0,0,0,5.80838E+20,5.92716E+21,1.02183E+16,5.34872E+16
9385,9386,2,2,9,221,2016,11,14,2,3,0,7,0,0,0,1,0,0,0,1,5.57234E+20,5.93622E+21,9.86431E+15,5.35717E+16
9386,9387,6,6,35,8,2016,1,4,1,3,3,6,2,1,0,1,0,0,0,0,5.02897E+20,5.70327E+21,9.04172E+15,5.14806E+16
9387,9388,2,1,8,125,2016,10,20,6,2,5,7,2,1,0,1,0,0,0,0,5.70219E+20,5.93407E+21,1.00599E+16,5.35508E+16
9388,9389,2,3,7,319,2016,10,19,2,3,2,6,2,1,0,1,0,0,0,0,5.61483E+20,5.94443E+21,9.93008E+15,5.3645E+16
9389,9390,2,3,1,305,2016,9,4,1,3,5,3,2,0,0,1,0,0,0,0,5.63529E+20,5.93663E+21,9.95944E+15,5.35747E+16
9390,9391,2,7,10,711,2016,9,10,6,3,1,6,0,0,0,1,0,0,1,0,5.60695E+20,5.92619E+21,9.91461E+15,5.34812E+16
9391,9392,2,2,13,226,2016,4,8,5,3,5,3,0,0,0,1,0,0,0,0,5.53125E+20,5.93704E+21,9.8024E+15,5.35795E+16
9392,9393,2,7,13,714,2016,8,16,3,3,2,6,0,0,0,1,0,0,0,0,5.59013E+20,5.92514E+21,9.88908E+15,5.34719E+16
9393,9394,2,4,4,407,2016,8,23,5,2,9,1,2,1,0,1,0,0,0,0,5.65499E+20,5.94013E+21,9.98992E+15,5.36059E+16
9394,9395,2,2,9,221,2016,12,18,1,3,2,6,2,0,0,1,0,0,0,0,5.57296E+20,5.93621E+21,9.86524E+15,5.35716E+16
9395,9396,6,6,11,0,2016,1,4,6,3,5,3,2,1,0,1,0,0,0,0,5.30711E+20,5.68698E+21,9.44084E+15,5.13333E+16
9396,9397,4,0,11,0,2016,9,9,5,3,3,6,0,0,0,1,0,0,1,0,4.8564E+20,5.88045E+21,8.78565E+15,5.30734E+16
9397,9398,2,3,9,321,2016,8,16,4,3,3,2,0,0,1,1,0,0,0,0,5.61728E+20,5.93791E+21,9.93249E+15,5.35864E+16
9398,9399,4,0,11,0,2016,7,21,6,3,3,6,1,1,0,1,0,0,0,0,4.80852E+20,5.89195E+21,8.7135E+15,5.31766E+16
9399,9400,2,3,8,320,2016,8,16,4,3,2,6,0,0,0,1,0,0,1,0,5.60409E+20,5.94157E+21,9.91329E+15,5.36194E+16
9400,9401,2,4,5,409,2016,9,11,6,3,3,2,0,0,1,1,0,0,0,0,5.66337E+20,5.93866E+21,1.00023E+16,5.35926E+16
9401,9402,2,4,6,414,2016,9,7,4,3,2,6,0,0,0,1,0,0,0,0,5.67507E+20,5.9374E+21,1.00197E+16,5.35811E+16
9402,9403,2,3,7,319,2016,4,13,5,3,0,1,0,0,0,0,0,1,0,0,5.60176E+20,5.94253E+21,9.90995E+15,5.36281E+16
9403,9404,2,3,9,321,2016,12,13,2,3,2,6,0,0,0,1,0,0,0,0,5.61716E+20,5.93795E+21,9.93233E+15,5.35868E+16
9404,9405,2,3,9,321,2016,11,15,6,3,2,6,0,0,0,1,0,0,1,1,5.61777E+20,5.93776E+21,9.9332E+15,5.3585E+16
9405,9406,2,7,14,715,2016,7,16,3,3,2,6,0,1,0,1,0,1,0,0,5.55018E+20,5.92501E+21,9.82888E+15,5.34712E+16
9406,9407,4,0,11,0,2016,11,16,5,3,2,6,0,0,0,1,0,0,0,1,4.9493E+20,5.88105E+21,8.92432E+15,5.30789E+16
9407,9408,4,0,11,0,2016,8,11,6,3,2,6,0,1,0,1,0,0,1,0,4.85908E+20,5.88107E+21,8.78963E+15,5.30789E+16
9408,9409,4,0,11,0,2016,5,0,7,3,2,6,2,0,0,1,0,0,0,0,4.92744E+20,5.87658E+21,8.89178E+15,5.30387E+16
9409,9410,2,1,16,136,2016,7,16,2,3,3,6,0,0,0,1,0,0,0,0,5.69536E+20,5.92946E+21,1.00485E+16,5.35095E+16
9410,9411,4,0,12,0,2016,2,16,2,2,2,6,0,0,0,0,0,0,1,0,4.74815E+20,5.93466E+21,8.61978E+15,5.35602E+16
9411,9412,2,2,5,216,2016,6,10,1,3,2,7,0,0,0,1,0,0,0,0,5.60756E+20,5.93544E+21,9.91734E+15,5.35643E+16
9412,9413,2,7,10,711,2016,4,17,4,3,2,6,0,0,0,1,0,0,0,0,5.61236E+20,5.92502E+21,9.92254E+15,5.34706E+16
9413,9414,2,7,3,704,2016,6,13,7,3,2,6,0,0,0,1,0,0,0,0,5.68398E+20,5.92223E+21,1.00298E+16,5.34447E+16
9414,9415,2,4,8,419,2016,6,18,4,3,4,2,0,1,0,1,0,0,0,0,5.67517E+20,5.93744E+21,1.00198E+16,5.35815E+16
9415,9416,2,3,1,307,2016,12,20,7,3,1,6,2,0,0,1,0,0,0,0,5.63034E+20,5.9363E+21,9.95189E+15,5.35718E+16
9416,9417,2,4,5,409,2016,7,10,3,3,5,3,0,0,1,1,0,0,0,0,5.66398E+20,5.93864E+21,1.00032E+16,5.35924E+16
9417,9418,2,3,4,316,2016,11,14,3,3,2,6,0,1,0,1,0,0,0,0,5.64121E+20,5.93789E+21,9.96863E+15,5.3586E+16
9418,9419,2,3,7,319,2016,6,5,2,3,1,6,0,0,0,1,0,1,0,0,5.62671E+20,5.94494E+21,9.94816E+15,5.36495E+16
9419,9420,6,4,12,0,2016,1,15,2,3,9,1,0,1,0,1,0,0,0,0,4.75346E+20,5.56005E+21,8.65461E+15,5.01921E+16
9420,9421,2,3,1,306,2016,6,15,5,3,0,5,0,0,1,1,0,0,0,0,5.63505E+20,5.93656E+21,9.95906E+15,5.3574E+16
9421,9422,2,2,5,217,2016,10,18,5,3,2,6,2,0,0,1,0,0,0,0,5.58168E+20,5.93598E+21,9.87837E+15,5.35695E+16
9422,9423,2,3,8,320,2016,10,11,5,3,3,6,0,0,0,1,0,0,1,0,5.60575E+20,5.94077E+21,9.91563E+15,5.36122E+16
9423,9424,2,4,5,409,2016,6,10,2,3,0,7,0,0,1,1,0,0,0,0,5.66492E+20,5.9386E+21,1.00046E+16,5.3592E+16
9424,9425,2,2,6,218,2016,9,17,4,3,5,2,0,0,1,0,0,0,0,1,5.58842E+20,5.93581E+21,9.88851E+15,5.35678E+16
9425,9426,2,7,14,715,2016,4,12,4,3,2,6,0,0,0,1,0,0,0,0,5.56305E+20,5.9252E+21,9.84829E+15,5.34728E+16
9426,9427,2,2,13,226,2016,12,17,5,2,2,6,2,0,0,1,0,0,0,0,5.52847E+20,5.9371E+21,9.79822E+15,5.35801E+16
9427,9428,6,5,31,12,2016,1,10,1,3,2,3,0,1,0,1,0,0,0,1,4.7598E+20,5.60018E+21,8.66093E+15,5.0553E+16
9428,9429,4,0,11,0,2016,10,11,5,3,9,1,0,1,0,1,0,0,0,0,4.94018E+20,5.88141E+21,8.91069E+15,5.30821E+16
9429,9430,2,7,10,711,2016,4,9,3,3,1,6,0,0,0,1,0,0,0,0,5.62763E+20,5.92509E+21,9.94556E+15,5.34711E+16
9430,9431,2,1,7,119,2016,10,13,2,3,3,6,0,0,0,1,0,0,0,0,5.67948E+20,5.9343E+21,1.00257E+16,5.35532E+16
9431,9432,2,4,2,405,2016,11,0,1,2,9,1,2,1,0,1,0,0,0,0,5.65116E+20,5.93916E+21,9.98392E+15,5.35973E+16
9432,9433,2,1,1,102,2016,10,15,6,3,3,6,0,0,0,1,0,0,0,0,5.65408E+20,5.93365E+21,9.98719E+15,5.35476E+16
9433,9434,2,2,5,215,2016,9,18,5,3,5,3,0,0,1,1,0,0,0,0,5.61355E+20,5.93538E+21,9.92636E+15,5.35637E+16
9434,9435,2,7,10,711,2016,9,22,4,2,5,3,2,0,0,1,0,0,0,0,5.62681E+20,5.9251E+21,9.94432E+15,5.34711E+16
9435,9436,2,2,5,216,2016,4,16,3,3,2,6,0,0,0,1,0,0,0,0,5.6001E+20,5.93558E+21,9.90609E+15,5.35657E+16
9436,9437,2,6,2,602,2016,8,12,2,3,5,2,0,0,1,1,0,0,0,0,5.80321E+20,5.92717E+21,1.02106E+16,5.34874E+16
9437,9438,2,4,4,407,2016,11,12,4,3,1,6,0,0,0,1,0,0,0,0,5.66118E+20,5.94091E+21,9.99944E+15,5.36129E+16
9438,9439,2,7,9,710,2016,8,23,2,3,5,3,2,1,0,1,0,0,0,0,5.63591E+20,5.92236E+21,9.95748E+15,5.34465E+16
9439,9440,4,0,11,0,2016,12,18,6,3,2,6,2,0,0,1,0,0,0,0,4.89602E+20,5.87501E+21,8.84498E+15,5.30245E+16
9440,9441,4,0,11,0,2016,9,10,2,3,9,1,0,0,0,1,0,0,0,0,4.81457E+20,5.88993E+21,8.72267E+15,5.31584E+16
9441,9442,2,3,5,317,2016,8,12,2,3,2,2,0,0,0,1,0,0,0,0,5.6398E+20,5.93875E+21,9.96669E+15,5.35937E+16
9442,9443,4,0,11,0,2016,6,7,3,3,2,6,0,1,0,1,0,0,0,0,4.87139E+20,5.8853E+21,8.80783E+15,5.31169E+16
9443,9444,2,1,11,129,2016,7,14,1,3,3,6,0,0,0,1,0,0,0,0,5.7095E+20,5.93502E+21,1.00711E+16,5.35593E+16
9444,9445,2,1,2,104,2016,7,16,2,3,5,3,0,0,1,1,0,0,0,0,5.68103E+20,5.93213E+21,1.00275E+16,5.35337E+16
9445,9446,2,7,13,714,2016,6,18,4,3,2,6,0,0,0,1,0,0,0,0,5.59998E+20,5.92504E+21,9.90389E+15,5.34709E+16