FID,OBJECTID,ULAND,UREGBEZ,UKREIS,UGEMEINDE,UJAHR,UMONAT,USTUNDE,UWOCHENTAG,UKATEGORIE,UART,UTYP1,ULICHTVERH,IstStrasse,IstRad,IstPKW,IstFuss,IstKrad,IstGkfz,IstSonstig,LINREFX,LINREFY,XGCSWGS84,YGCSWGS84
9446,9447,2,2,9,221,2016,9,18,3,3,3,3,0,0,0,1,0,0,0,0,5.56528E+20,5.93626E+21,9.85366E+15,5.35721E+16
9447,9448,2,1,12,130,2016,4,11,2,3,0,1,0,0,0,1,0,0,0,1,5.75618E+20,5.93243E+21,1.0141E+16,5.35354E+16
9448,9449,2,1,16,136,2016,12,19,6,3,3,6,2,1,0,1,0,0,1,0,5.70268E+20,5.92946E+21,1.00596E+16,5.35094E+16
9449,9450,2,7,2,703,2016,11,14,3,3,8,1,0,1,0,1,0,0,0,0,5.67974E+20,5.92439E+21,1.00239E+16,5.34641E+16
9450,9451,2,3,7,319,2016,10,12,7,3,5,2,0,0,0,1,0,0,0,0,5.60228E+20,5.94301E+21,9.91083E+15,5.36324E+16
9451,9452,2,6,1,601,2016,9,4,6,3,0,7,2,0,0,1,0,1,0,0,5.77348E+20,5.93016E+21,1.01665E+16,5.35147E+16
9452,9453,2,1,3,106,2016,9,18,6,3,5,3,0,0,1,1,0,0,0,0,5.64269E+20,5.93397E+21,9.97007E+15,5.35507E+16
9453,9454,2,2,6,218,2016,4,7,2,3,2,6,0,0,0,1,0,0,0,0,5.58615E+20,5.93586E+21,9.88509E+15,5.35684E+16
9454,9455,2,2,6,218,2016,8,12,3,3,3,2,0,0,1,1,0,0,0,0,5.57634E+20,5.93616E+21,9.87034E+15,5.35712E+16
9455,9456,2,1,16,136,2016,8,6,3,3,3,6,0,0,0,1,0,0,1,0,5.70733E+20,5.92945E+21,1.00666E+16,5.35092E+16
9456,9457,6,6,31,6,2016,1,17,6,3,2,6,2,0,0,1,0,0,0,0,5.49631E+20,5.59355E+21,9.69969E+15,5.04919E+16
9457,9458,4,0,11,0,2016,9,19,5,1,9,1,0,0,0,0,0,1,0,0,4.82431E+20,5.88103E+21,8.73774E+15,5.30785E+16
9458,9459,2,4,5,412,2016,8,7,3,3,6,3,0,0,1,0,1,0,0,0,5.67347E+20,5.93803E+21,1.00174E+16,5.35868E+16
9459,9460,4,0,12,0,2016,6,8,3,3,2,6,0,1,0,1,0,0,0,1,4.71862E+20,5.93328E+21,8.57532E+15,5.35477E+16
9460,9461,2,1,4,110,2016,8,7,3,3,6,3,0,0,1,0,1,0,0,0,5.63578E+20,5.93501E+21,9.95984E+15,5.35601E+16
9461,9462,2,4,6,414,2016,9,16,5,3,4,2,0,0,1,1,0,0,0,0,5.67707E+20,5.93662E+21,1.00225E+16,5.35741E+16
9462,9463,2,1,6,117,2016,7,19,4,3,3,6,0,0,0,1,0,0,0,0,5.68018E+20,5.93407E+21,1.00267E+16,5.35511E+16
9463,9464,2,7,14,715,2016,6,5,4,3,0,7,0,0,1,0,0,0,0,0,5.53895E+20,5.92467E+21,9.8119E+15,5.34683E+16
9464,9465,2,7,10,711,2016,9,5,3,3,2,6,1,0,0,1,0,0,0,0,5.59495E+20,5.92511E+21,9.89633E+15,5.34716E+16
9465,9466,2,1,3,107,2016,4,0,7,3,3,6,2,1,0,1,0,1,0,0,5.65026E+20,5.93377E+21,9.98145E+15,5.35488E+16
9466,9467,2,1,14,133,2016,12,10,1,3,5,3,0,1,0,1,0,0,0,0,5.68412E+20,5.93274E+21,1.00323E+16,5.35391E+16
9467,9468,2,3,6,318,2016,11,18,5,3,0,7,2,0,1,0,0,0,0,0,5.62911E+20,5.94124E+21,9.95103E+15,5.36162E+16
9468,9469,2,6,9,610,2016,7,14,2,3,3,6,0,0,0,0,0,0,0,1,5.74751E+20,5.92681E+21,1.01265E+16,5.3485E+16
9469,9470,4,0,11,0,2016,11,9,2,2,9,7,0,0,0,1,0,0,0,0,4.80033E+20,5.89173E+21,8.70128E+15,5.31745E+16
9470,9471,4,0,12,0,2016,8,21,3,3,5,3,2,0,0,1,0,0,0,1,4.75113E+20,5.92756E+21,8.62484E+15,5.34964E+16
9471,9472,4,0,12,0,2016,5,8,1,3,9,1,0,0,0,1,0,0,0,0,4.71727E+20,5.9332E+21,8.57329E+15,5.35469E+16
9472,9473,2,1,4,111,2016,7,15,2,3,3,6,0,0,0,1,0,0,1,1,5.63999E+20,5.93422E+21,9.96604E+15,5.3553E+16
9473,9474,4,0,11,0,2016,2,7,1,3,2,6,1,1,0,1,0,0,0,0,4.87329E+20,5.88481E+21,8.8107E+15,5.31126E+16
9474,9475,2,3,9,321,2016,6,8,6,3,2,2,0,1,0,1,0,0,0,0,5.6146E+20,5.93856E+21,9.92857E+15,5.35923E+16
9475,9476,2,7,3,704,2016,4,13,6,3,1,6,0,1,0,1,0,0,0,0,5.68397E+20,5.92224E+21,1.00298E+16,5.34448E+16
9476,9477,2,3,6,318,2016,6,17,3,3,1,6,0,1,0,1,0,0,0,0,5.62788E+20,5.94493E+21,9.94992E+15,5.36493E+16
9477,9478,2,1,7,120,2016,12,15,5,2,6,4,2,1,0,0,1,0,1,0,5.68749E+20,5.93513E+21,1.00379E+16,5.35605E+16
9478,9479,2,2,9,221,2016,7,20,2,3,0,2,0,0,0,1,0,0,0,1,5.56529E+20,5.93626E+21,9.85367E+15,5.35721E+16
9479,9480,2,7,11,712,2016,5,14,2,3,2,6,0,0,0,1,0,0,0,1,5.60624E+20,5.92778E+21,9.91385E+15,5.34955E+16
9480,9481,6,5,32,23,2016,1,15,2,3,9,1,0,1,0,1,0,0,0,0,4.63051E+20,5.60268E+21,8.47818E+15,5.05749E+16
9481,9482,2,3,6,318,2016,6,15,4,3,3,2,0,0,1,1,0,0,0,0,5.63197E+20,5.94076E+21,9.95526E+15,5.36118E+16
9482,9483,2,3,7,319,2016,10,19,4,3,2,6,2,0,0,1,0,0,0,0,5.61856E+20,5.94469E+21,9.93577E+15,5.36473E+16
9483,9484,2,1,1,102,2016,10,10,5,2,1,7,0,0,0,1,0,0,0,0,5.66006E+20,5.93364E+21,9.9962E+15,5.35475E+16
9484,9485,2,4,13,432,2016,6,2,1,2,8,1,2,0,0,0,0,1,0,0,5.66719E+20,5.94375E+21,1.00091E+16,5.36383E+16
9485,9486,2,1,8,124,2016,9,18,3,3,5,2,0,0,0,1,0,0,0,0,5.68946E+20,5.93426E+21,1.00407E+16,5.35527E+16
9486,9487,2,1,8,124,2016,4,14,6,3,1,6,0,1,0,1,0,0,0,0,5.69564E+20,5.93419E+21,1.005E+16,5.3552E+16
9487,9488,2,1,8,124,2016,9,9,1,3,2,6,0,1,0,1,0,0,0,0,5.69781E+20,5.93415E+21,1.00533E+16,5.35516E+16
9488,9489,2,4,7,417,2016,8,14,4,3,2,6,0,0,0,1,0,0,0,0,5.68702E+20,5.93521E+21,1.00372E+16,5.35613E+16
9489,9490,2,3,4,316,2016,12,22,1,3,5,2,2,1,1,1,0,0,0,0,5.64182E+20,5.93768E+21,9.96952E+15,5.3584E+16
9490,9491,6,4,13,0,2016,1,18,7,3,2,6,2,1,0,1,0,0,0,0,4.84356E+20,5.54911E+21,8.78129E+15,5.00941E+16
9491,9492,4,0,11,0,2016,10,14,2,3,3,6,0,1,0,1,0,0,1,0,4.86379E+20,5.88338E+21,8.79656E+15,5.30997E+16
9492,9493,2,7,13,714,2016,10,18,7,3,2,6,0,0,0,1,0,0,0,0,5.59234E+20,5.92513E+21,9.8924E+15,5.34718E+16
9493,9494,2,4,6,414,2016,11,9,5,3,6,4,0,0,0,1,1,0,0,0,5.67718E+20,5.93661E+21,1.00227E+16,5.3574E+16
9494,9495,2,1,16,136,2016,10,9,3,2,3,6,0,0,0,1,0,0,1,0,5.70153E+20,5.92945E+21,1.00578E+16,5.35093E+16
9495,9496,2,1,7,120,2016,9,18,4,3,2,6,0,0,0,1,0,0,0,0,5.68037E+20,5.93464E+21,1.00271E+16,5.35562E+16
9496,9497,2,1,19,140,2016,9,21,1,3,2,6,2,0,0,1,0,0,0,0,5.61047E+20,5.93023E+21,9.9207E+15,5.35174E+16
9497,9498,2,1,19,140,2016,4,14,6,3,1,6,0,1,0,1,0,0,0,0,5.60729E+20,5.92982E+21,9.91583E+15,5.35138E+16
9498,9499,2,1,6,117,2016,11,7,3,3,2,6,1,0,0,1,0,0,0,0,5.68135E+20,5.93372E+21,1.00284E+16,5.3548E+16
9499,9500,4,0,11,0,2016,12,5,3,3,2,6,2,0,0,1,0,0,0,0,4.91481E+20,5.87617E+21,8.87296E+15,5.3035E+16
9500,9501,4,0,11,0,2016,8,15,2,3,9,1,0,1,0,1,0,0,0,0,4.84865E+20,5.87986E+21,8.77413E+15,5.3068E+16
9501,9502,2,3,7,319,2016,8,14,7,3,5,3,0,0,0,1,0,0,0,0,5.61142E+20,5.94313E+21,9.92466E+15,5.36334E+16
9502,9503,4,0,11,0,2016,6,13,6,3,2,6,0,0,0,1,0,0,0,0,4.89956E+20,5.87515E+21,8.85025E+15,5.30258E+16
9503,9504,2,4,5,409,2016,7,20,6,3,6,4,1,0,0,0,1,1,0,0,5.65818E+20,5.93874E+21,9.99445E+15,5.35934E+16
9504,9505,2,6,9,610,2016,7,16,6,3,8,1,0,0,0,1,0,0,0,0,5.75549E+20,5.92665E+21,1.01385E+16,5.34834E+16
9505,9506,2,1,16,136,2016,6,13,4,3,2,6,0,0,0,1,0,0,0,1,5.68026E+20,5.92652E+21,1.00251E+16,5.34832E+16
9506,9507,2,7,14,715,2016,11,15,6,3,5,2,0,0,1,1,0,0,0,0,5.5633E+20,5.9252E+21,9.84867E+15,5.34727E+16
9507,9508,2,6,2,603,2016,9,18,2,3,5,3,0,0,1,1,0,0,0,0,5.81362E+20,5.92725E+21,1.02263E+16,5.3488E+16
9508,9509,2,3,6,318,2016,4,8,6,3,5,3,0,1,1,1,0,0,0,0,5.62926E+20,5.94117E+21,9.95124E+15,5.36156E+16
9509,9510,2,2,3,209,2016,12,13,6,3,2,6,0,1,0,1,0,0,0,0,5.6223E+20,5.93538E+21,9.93957E+15,5.35636E+16
9510,9511,2,3,8,320,2016,11,11,3,3,1,6,0,1,0,1,0,0,0,0,5.60662E+20,5.94061E+21,9.91691E+15,5.36108E+16
9511,9512,2,2,5,216,2016,7,21,6,3,1,6,1,0,0,1,0,0,0,1,5.5993E+20,5.93653E+21,9.90508E+15,5.35742E+16
9512,9513,4,0,12,0,2016,11,5,2,3,2,6,0,0,0,1,0,0,0,0,4.74952E+20,5.93138E+21,8.62212E+15,5.35307E+16
9513,9514,4,0,11,0,2016,4,15,6,2,2,6,0,0,0,1,0,1,0,0,4.91225E+20,5.87599E+21,8.86914E+15,5.30334E+16
9514,9515,2,3,9,321,2016,4,16,6,3,1,6,0,1,0,1,0,0,0,0,5.6232E+20,5.93643E+21,9.94114E+15,5.3573E+16
9515,9516,4,0,12,0,2016,1,11,6,3,2,6,0,0,0,1,0,0,0,0,4.75107E+20,5.92755E+21,8.62476E+15,5.34963E+16
9516,9517,2,3,1,305,2016,6,12,4,2,6,4,0,0,0,0,1,0,0,1,5.63635E+20,5.93683E+21,9.96107E+15,5.35765E+16
9517,9518,2,3,1,307,2016,4,16,6,3,5,3,0,1,0,1,0,0,0,0,5.62917E+20,5.93641E+21,9.95015E+15,5.35727E+16
9518,9519,2,1,8,124,2016,6,17,7,3,1,2,0,0,0,1,0,0,0,0,5.69289E+20,5.93424E+21,1.00459E+16,5.35525E+16
9519,9520,2,2,3,208,2016,11,13,4,3,5,2,0,1,0,1,0,0,0,0,5.62835E+20,5.93524E+21,9.94868E+15,5.35623E+16
9520,9521,2,1,8,121,2016,7,19,5,3,6,4,0,0,0,0,1,0,0,1,5.68762E+20,5.93511E+21,1.00381E+16,5.35603E+16
9521,9522,6,4,34,8,2016,1,4,1,3,9,1,2,1,0,1,0,0,0,0,4.70641E+20,5.5606E+21,8.58865E+15,5.01969E+16
9522,9523,2,1,4,111,2016,10,13,2,3,6,7,0,0,1,0,1,0,0,0,5.64185E+20,5.93404E+21,9.96881E+15,5.35513E+16
9523,9524,2,3,5,317,2016,10,15,3,3,5,3,0,1,1,1,0,0,0,0,5.63719E+20,5.93957E+21,9.9629E+15,5.36011E+16
9524,9525,2,1,11,128,2016,9,9,2,3,2,6,0,0,0,1,0,0,0,0,5.71598E+20,5.9336E+21,1.00806E+16,5.35464E+16
9525,9526,2,7,10,711,2016,7,16,1,3,0,1,0,1,0,0,0,1,0,0,5.63911E+20,5.92493E+21,9.96282E+15,5.34695E+16
9526,9527,4,0,11,0,2016,11,14,6,3,2,6,0,0,0,1,0,0,0,0,4.92482E+20,5.87654E+21,8.88788E+15,5.30383E+16
9527,9528,4,0,11,0,2016,4,13,6,3,5,3,0,0,0,1,0,0,0,0,4.86071E+20,5.87895E+21,8.79215E+15,5.30599E+16
9528,9529,2,1,1,101,2016,4,8,6,3,0,3,0,1,1,1,0,0,0,0,5.66567E+20,5.93366E+21,1.00047E+16,5.35476E+16
9529,9530,4,0,11,0,2016,2,18,2,2,3,6,2,0,0,1,0,0,0,0,4.89938E+20,5.87514E+21,8.84997E+15,5.30257E+16
9530,9531,2,1,16,136,2016,6,16,5,2,2,6,0,0,0,1,0,1,0,0,5.68521E+20,5.92755E+21,1.00328E+16,5.34925E+16
9531,9532,2,7,9,710,2016,4,13,5,3,2,6,0,0,0,1,0,0,1,0,5.64183E+20,5.92274E+21,9.96646E+15,5.34498E+16
9532,9533,2,2,3,209,2016,6,8,2,3,3,2,0,1,1,0,0,0,1,0,5.62558E+20,5.93557E+21,9.94456E+15,5.35653E+16
9533,9534,2,1,6,117,2016,11,17,4,3,5,3,2,1,1,1,0,0,0,0,5.68034E+20,5.93393E+21,1.00269E+16,5.35499E+16
9534,9535,2,2,5,216,2016,7,23,7,3,1,6,2,1,0,1,0,0,0,0,5.59538E+20,5.93536E+21,9.89892E+15,5.35637E+16
9535,9536,6,4,12,0,2016,1,6,1,3,5,3,2,1,0,1,0,0,0,0,4.76839E+20,5.55533E+21,8.67582E+15,5.01498E+16
9536,9537,2,1,3,107,2016,10,11,3,3,6,6,0,0,1,0,1,0,0,0,5.65038E+20,5.93377E+21,9.98163E+15,5.35488E+16
9537,9538,2,6,1,601,2016,10,7,4,3,2,6,1,1,0,1,0,0,0,0,5.76541E+20,5.9306E+21,1.01544E+16,5.35188E+16
9538,9539,2,3,5,317,2016,6,17,7,3,2,6,0,0,0,1,0,1,0,0,5.63714E+20,5.93959E+21,9.96284E+15,5.36012E+16
9539,9540,2,4,5,410,2016,9,11,2,3,5,2,0,0,1,1,0,0,0,0,5.67263E+20,5.93822E+21,1.00162E+16,5.35885E+16
9540,9541,2,1,16,137,2016,4,15,5,3,2,6,0,0,0,1,0,0,0,0,5.66186E+20,5.92602E+21,9.99731E+15,5.3479E+16
9541,9542,2,1,3,106,2016,9,13,7,3,1,6,0,1,0,1,0,1,0,0,5.64289E+20,5.93396E+21,9.97036E+15,5.35506E+16
9542,9543,2,6,2,603,2016,8,18,2,3,2,6,0,0,0,1,0,0,0,0,5.81876E+20,5.92731E+21,1.0234E+16,5.34884E+16
9543,9544,2,4,7,417,2016,12,15,5,3,2,6,0,1,0,1,0,0,0,0,5.68637E+20,5.93533E+21,1.00363E+16,5.35624E+16
9544,9545,6,6,34,26,2016,1,20,7,3,8,1,2,2,0,1,0,0,0,0,5.13463E+20,5.63792E+21,9.19142E+15,5.08928E+16
9545,9546,4,0,11,0,2016,10,22,3,2,3,6,2,0,0,1,0,0,0,0,4.84356E+20,5.88662E+21,8.76619E+15,5.31288E+16
9546,9547,2,4,5,410,2016,8,20,6,2,3,6,2,0,1,0,0,0,0,0,5.67018E+20,5.93841E+21,1.00125E+16,5.35902E+16
9547,9548,2,7,10,711,2016,8,19,7,2,3,6,0,0,0,1,0,0,0,0,5.61242E+20,5.923E+21,9.92224E+15,5.34525E+16
9548,9549,2,1,16,136,2016,11,10,4,3,0,6,0,0,0,1,0,0,0,0,5.67913E+20,5.93029E+21,1.00243E+16,5.35171E+16
9549,9550,2,1,6,117,2016,10,18,1,3,5,3,1,1,1,1,0,0,0,0,5.68011E+20,5.9341E+21,1.00266E+16,5.35514E+16
9550,9551,2,3,1,305,2016,9,7,3,3,5,7,0,0,1,1,0,0,0,0,5.63552E+20,5.93669E+21,9.95979E+15,5.35753E+16
9551,9552,2,1,6,117,2016,9,7,7,3,5,3,1,1,0,1,0,0,0,0,5.67972E+20,5.9341E+21,1.0026E+16,5.35514E+16
9552,9553,2,1,16,137,2016,4,16,5,3,2,6,0,0,0,1,0,0,0,1,5.66151E+20,5.92806E+21,9.99722E+15,5.34973E+16
9553,9554,2,4,6,415,2016,12,17,4,3,2,6,2,1,0,1,0,0,0,0,5.67832E+20,5.93646E+21,1.00244E+16,5.35726E+16
9554,9555,2,1,16,136,2016,11,11,1,3,8,1,0,1,0,1,0,0,0,0,5.68794E+20,5.92812E+21,1.00371E+16,5.34975E+16
9555,9556,4,0,11,0,2016,12,7,3,3,2,6,0,1,0,1,0,0,0,0,4.87857E+20,5.8776E+21,8.81886E+15,5.30478E+16
9556,9557,4,0,11,0,2016,8,9,2,3,3,3,0,0,0,1,0,0,0,0,4.85324E+20,5.87983E+21,8.78097E+15,5.30677E+16
9557,9558,2,4,2,403,2016,8,16,5,3,5,3,0,0,0,1,0,0,0,0,5.64675E+20,5.93808E+21,9.97704E+15,5.35876E+16
9558,9559,4,0,11,0,2016,5,14,6,3,2,6,0,0,0,1,0,0,0,0,4.84609E+20,5.87913E+21,8.77034E+15,5.30615E+16
9559,9560,2,3,5,317,2016,7,17,5,3,5,3,0,0,1,1,0,0,0,0,5.63601E+20,5.94007E+21,9.96123E+15,5.36056E+16
9560,9561,2,1,3,106,2016,7,12,5,3,2,6,0,0,0,1,0,0,0,0,5.6459E+20,5.93384E+21,9.97488E+15,5.35495E+16
9561,9562,4,0,11,0,2016,3,14,5,3,3,6,0,0,0,1,0,0,1,0,4.8598E+20,5.88123E+21,8.7907E+15,5.30803E+16
9562,9563,2,3,7,319,2016,11,11,5,3,2,6,0,1,0,1,0,0,0,0,5.60157E+20,5.94237E+21,9.90963E+15,5.36267E+16
9563,9564,2,1,15,134,2016,4,6,5,3,2,6,0,1,0,1,0,0,0,1,5.67943E+20,5.93085E+21,1.00248E+16,5.35221E+16
9564,9565,2,1,16,136,2016,6,12,3,3,2,6,0,0,0,1,0,0,0,0,5.67887E+20,5.92623E+21,1.0023E+16,5.34806E+16
9565,9566,2,4,1,402,2016,12,16,5,3,6,2,2,1,0,0,1,0,0,1,5.64336E+20,5.93779E+21,9.97186E+15,5.3585E+16
9566,9567,2,6,1,601,2016,7,17,6,3,3,6,0,0,0,1,0,0,0,0,5.7982E+20,5.92752E+21,1.02031E+16,5.34906E+16
9567,9568,2,1,4,111,2016,11,17,3,3,6,2,2,1,0,1,1,0,0,0,5.63979E+20,5.93425E+21,9.96574E+15,5.35532E+16
9568,9569,2,3,7,319,2016,6,16,5,3,2,6,0,1,0,1,0,0,0,0,5.60018E+20,5.94458E+21,9.90795E+15,5.36466E+16
9569,9570,2,3,1,307,2016,10,8,2,3,5,2,0,1,0,1,1,0,0,0,5.63285E+20,5.93616E+21,9.95565E+15,5.35705E+16
9570,9571,4,0,11,0,2016,4,16,2,3,2,6,0,0,0,1,0,0,0,0,4.85984E+20,5.88124E+21,8.79076E+15,5.30804E+16
9571,9572,2,4,12,431,2016,4,19,5,3,5,3,0,0,0,1,0,0,0,0,5.66868E+20,5.94215E+21,1.0011E+16,5.36239E+16
9572,9573,4,0,12,0,2016,1,8,2,3,2,6,0,1,0,1,0,0,0,0,4.74788E+20,5.9327E+21,8.61953E+15,5.35426E+16
9573,9574,2,7,4,705,2016,4,18,4,3,2,6,0,0,0,1,0,0,1,0,5.65864E+20,5.92314E+21,9.99186E+15,5.34531E+16
9574,9575,2,1,16,136,2016,11,11,2,3,3,6,0,0,0,1,0,0,1,0,5.70485E+20,5.92946E+21,1.00629E+16,5.35093E+16
9575,9576,2,1,11,129,2016,7,7,4,3,0,7,0,1,0,0,0,0,1,0,5.73348E+20,5.93573E+21,1.01075E+16,5.35653E+16
9576,9577,6,5,32,23,2016,1,17,1,3,0,6,2,0,0,1,0,1,0,0,4.64022E+20,5.60256E+21,8.4919E+15,5.05739E+16
9577,9578,2,3,5,317,2016,10,14,7,3,5,7,0,1,0,1,0,0,0,1,5.64062E+20,5.93826E+21,9.96781E+15,5.35893E+16
9578,9579,2,1,14,132,2016,10,17,2,3,2,6,1,1,0,1,0,0,0,0,5.68454E+20,5.93285E+21,1.0033E+16,5.35401E+16
9579,9580,2,1,7,120,2016,9,21,1,3,5,2,2,0,0,1,0,0,0,0,5.68039E+20,5.93464E+21,1.00271E+16,5.35562E+16
9580,9581,2,3,1,304,2016,9,15,1,3,5,3,0,0,0,1,0,0,0,0,5.62461E+20,5.93636E+21,9.94325E+15,5.35724E+16
9581,9582,2,7,2,703,2016,4,16,4,3,2,6,0,0,0,1,0,0,0,1,5.68253E+20,5.92332E+21,1.00279E+16,5.34545E+16
9582,9583,2,3,9,321,2016,8,17,4,3,3,6,0,0,0,1,0,0,1,0,5.61102E+20,5.93909E+21,9.92328E+15,5.35971E+16
9583,9584,2,7,2,703,2016,8,15,5,3,2,6,0,1,0,1,0,0,0,0,5.66061E+20,5.9236E+21,9.99492E+15,5.34573E+16
9584,9585,2,1,6,117,2016,12,9,2,3,2,6,0,0,0,1,0,0,0,1,5.68014E+20,5.93409E+21,1.00266E+16,5.35513E+16
9585,9586,6,4,14,0,2016,1,14,6,3,5,3,0,1,0,1,0,0,0,1,4.4917E+20,5.54537E+21,8.28989E+15,5.00584E+16
9586,9587,4,0,11,0,2016,9,8,2,3,2,6,0,0,0,1,0,0,1,0,4.87493E+20,5.87785E+21,8.81342E+15,5.305E+16
9587,9588,2,1,11,129,2016,8,18,4,3,0,7,0,0,0,0,0,1,0,0,5.73001E+20,5.93565E+21,1.01022E+16,5.35647E+16
9588,9589,4,0,11,0,2016,7,11,7,3,4,1,0,0,0,1,0,0,0,0,4.81004E+20,5.89239E+21,8.71576E+15,5.31805E+16
9589,9590,2,1,14,133,2016,8,16,5,3,4,6,0,0,1,0,0,0,0,0,5.68394E+20,5.9327E+21,1.0032E+16,5.35388E+16
9590,9591,2,7,14,715,2016,9,13,6,3,5,3,0,0,1,1,0,0,0,0,5.56324E+20,5.9252E+21,9.84858E+15,5.34728E+16
9591,9592,2,4,6,415,2016,9,14,5,3,2,6,0,0,0,1,0,0,0,0,5.67996E+20,5.93622E+21,1.00268E+16,5.35705E+16
9592,9593,2,4,6,415,2016,4,15,4,3,3,7,0,0,0,1,0,0,0,1,5.6811E+20,5.93608E+21,1.00285E+16,5.35691E+16
9593,9594,2,3,9,321,2016,12,23,3,2,4,2,2,1,0,1,0,0,0,0,5.61462E+20,5.93856E+21,9.9286E+15,5.35923E+16
9594,9595,2,1,6,115,2016,11,4,6,3,3,6,2,1,0,1,0,0,0,0,5.66862E+20,5.93368E+21,1.00091E+16,5.35478E+16
9595,9596,4,0,11,0,2016,11,14,6,3,2,6,0,0,0,1,0,0,0,0,4.81078E+20,5.89142E+21,8.71692E+15,5.31718E+16
9596,9597,4,0,11,0,2016,8,14,1,3,2,6,0,0,0,1,0,0,0,0,4.81292E+20,5.89052E+21,8.72018E+15,5.31637E+16
9597,9598,2,3,9,321,2016,9,7,2,3,3,6,0,1,1,0,0,0,0,0,5.61722E+20,5.93793E+21,9.93241E+15,5.35866E+16
9598,9599,2,3,1,306,2016,4,9,4,3,3,6,0,0,1,0,0,0,0,0,5.63443E+20,5.93642E+21,9.9581E+15,5.35728E+16
9599,9600,2,3,1,305,2016,9,15,5,3,1,6,0,1,0,1,0,0,0,0,5.63639E+20,5.93684E+21,9.96114E+15,5.35766E+16
9600,9601,2,6,2,603,2016,8,16,6,3,3,1,0,1,0,1,0,0,0,1,5.80272E+20,5.9259E+21,1.02095E+16,5.3476E+16
9601,9602,2,3,8,320,2016,12,15,4,3,2,6,0,0,0,1,0,0,0,1,5.60549E+20,5.94085E+21,9.91526E+15,5.3613E+16
9602,9603,6,4,12,0,2016,1,20,7,3,9,1,2,1,0,1,0,0,0,0,4.8149E+20,5.54937E+21,8.74121E+15,5.00963E+16
9603,9604,4,0,11,0,2016,10,14,7,2,9,1,0,0,0,1,0,0,0,0,4.91318E+20,5.88448E+21,8.8703E+15,5.31097E+16
9604,9605,2,7,3,704,2016,8,9,5,3,1,6,0,0,0,1,0,0,0,0,5.68397E+20,5.92224E+21,1.00298E+16,5.34448E+16
9605,9606,4,0,12,0,2016,7,18,4,3,8,1,0,0,0,1,0,0,0,0,4.74809E+20,5.93347E+21,8.61979E+15,5.35495E+16
9606,9607,2,3,9,321,2016,8,0,6,3,3,6,2,0,0,1,0,0,1,0,5.61768E+20,5.93778E+21,9.93307E+15,5.35853E+16
9607,9608,2,4,3,406,2016,10,22,7,3,2,6,2,0,0,1,0,0,0,0,5.66208E+20,5.94103E+21,1.00008E+16,5.36138E+16
9608,9609,2,7,1,702,2016,9,10,2,3,0,7,0,0,0,0,1,0,0,1,5.66041E+20,5.92491E+21,9.9949E+15,5.34691E+16
9609,9610,2,3,7,319,2016,9,9,6,3,5,3,0,0,0,1,0,0,0,1,5.60232E+20,5.94305E+21,9.91089E+15,5.36328E+16
9610,9611,2,6,1,601,2016,4,19,3,3,3,6,0,0,0,1,0,0,0,0,5.78456E+20,5.92928E+21,1.0183E+16,5.35066E+16
9611,9612,2,6,1,601,2016,12,16,3,3,5,3,1,1,0,1,0,0,0,0,5.77468E+20,5.93008E+21,1.01683E+16,5.35139E+16
9612,9613,2,1,11,128,2016,11,13,7,3,5,3,0,0,0,1,0,0,0,0,5.7177E+20,5.93344E+21,1.00831E+16,5.35449E+16
9613,9614,4,0,11,0,2016,11,0,3,3,2,6,2,0,0,0,0,0,1,0,4.90168E+20,5.87529E+21,8.8534E+15,5.3027E+16
9614,9615,4,0,11,0,2016,8,18,4,2,2,6,0,0,0,1,0,0,0,0,4.8839E+20,5.87492E+21,8.82691E+15,5.30237E+16
9615,9616,4,0,11,0,2016,5,14,6,3,2,6,0,0,0,1,0,0,1,0,4.93752E+20,5.87649E+21,8.90682E+15,5.30379E+16
9616,9617,2,3,6,318,2016,7,16,4,2,5,3,0,0,1,0,0,0,0,0,5.62263E+20,5.94194E+21,9.94137E+15,5.36225E+16
9617,9618,4,0,11,0,2016,2,6,1,3,8,7,1,2,0,0,0,0,0,1,4.9323E+20,5.87658E+21,8.89903E+15,5.30387E+16
9618,9619,2,1,8,124,2016,11,14,4,3,2,6,0,1,0,1,0,0,0,0,5.69526E+20,5.9342E+21,1.00494E+16,5.35521E+16
9619,9620,2,1,8,124,2016,4,17,3,3,1,6,0,0,0,1,0,0,0,0,5.6972E+20,5.93416E+21,1.00524E+16,5.35517E+16
9620,9621,2,3,7,319,2016,6,16,3,3,2,6,0,0,0,1,0,0,0,0,5.613E+20,5.94297E+21,9.92702E+15,5.36319E+16
9621,9622,2,2,5,215,2016,12,22,3,3,2,6,2,0,0,1,0,0,1,0,5.60633E+20,5.93785E+21,9.91594E+15,5.3586E+16
9622,9623,2,2,5,216,2016,7,7,5,3,3,6,0,0,1,1,0,0,0,0,5.5966E+20,5.93549E+21,9.9008E+15,5.35648E+16
9623,9624,2,2,9,221,2016,11,17,6,3,2,6,2,0,0,1,0,0,0,0,5.56511E+20,5.93626E+21,9.8534E+15,5.35722E+16
9624,9625,2,3,1,304,2016,6,10,4,3,2,6,0,0,0,1,0,0,1,0,5.61984E+20,5.93705E+21,9.93619E+15,5.35786E+16
9625,9626,6,5,35,14,2016,1,16,2,3,8,1,0,1,0,1,0,0,0,0,5.14019E+20,5.6203E+21,9.19865E+15,5.07344E+16
9626,9627,2,1,16,136,2016,6,13,6,3,2,6,0,0,0,1,0,0,0,0,5.6863E+20,5.92778E+21,1.00345E+16,5.34945E+16
9627,9628,2,3,6,318,2016,10,19,7,2,5,3,2,0,1,0,0,0,0,1,5.62994E+20,5.94094E+21,9.95224E+15,5.36135E+16
9628,9629,2,7,14,715,2016,10,14,6,3,0,7,0,0,0,0,0,0,1,1,5.55792E+20,5.92515E+21,9.84056E+15,5.34723E+16
9629,9630,4,0,11,0,2016,3,11,4,3,5,6,0,0,0,1,0,0,1,0,4.81819E+20,5.88846E+21,8.72817E+15,5.31452E+16