FID,OBJECTID,ULAND,UREGBEZ,UKREIS,UGEMEINDE,UJAHR,UMONAT,USTUNDE,UWOCHENTAG,UKATEGORIE,UART,UTYP1,ULICHTVERH,IstStrasse,IstRad,IstPKW,IstFuss,IstKrad,IstGkfz,IstSonstig,LINREFX,LINREFY,XGCSWGS84,YGCSWGS84
9630,9631,2,4,7,417,2016,4,18,3,3,1,6,0,0,0,1,0,0,0,0,5.68416E+20,5.93567E+21,1.0033E+16,5.35654E+16
9631,9632,4,0,11,0,2016,1,17,5,3,2,6,2,1,0,1,0,0,0,0,4.87252E+20,5.88524E+21,8.80954E+15,5.31165E+16
9632,9633,4,0,12,0,2016,11,6,4,3,8,1,0,2,0,1,0,0,0,0,4.75035E+20,5.93701E+21,8.62292E+15,5.35813E+16
9633,9634,2,3,1,306,2016,4,17,3,3,4,6,0,0,1,0,0,0,0,0,5.633E+20,5.93615E+21,9.95588E+15,5.35704E+16
9634,9635,2,3,9,321,2016,10,11,6,3,4,7,0,0,0,1,0,0,0,0,5.61833E+20,5.93746E+21,9.934E+15,5.35824E+16
9635,9636,2,6,2,603,2016,10,16,1,3,9,1,0,1,0,1,0,0,0,0,5.80071E+20,5.92582E+21,1.02064E+16,5.34752E+16
9636,9637,2,2,5,216,2016,9,14,7,3,5,3,0,0,0,1,0,0,0,0,5.5971E+20,5.93549E+21,9.90154E+15,5.35649E+16
9637,9638,2,1,12,130,2016,9,20,6,3,3,7,2,0,0,1,0,0,0,0,5.75622E+20,5.93244E+21,1.0141E+16,5.35354E+16
9638,9639,2,3,5,317,2016,4,14,3,3,2,6,0,0,0,1,0,0,0,0,5.63603E+20,5.94006E+21,9.96125E+15,5.36055E+16
9639,9640,2,1,6,115,2016,8,10,3,3,2,6,0,0,0,1,0,0,1,0,5.66843E+20,5.93368E+21,1.00089E+16,5.35478E+16
9640,9641,2,1,6,115,2016,8,20,4,3,5,3,0,0,1,1,0,0,0,0,5.66799E+20,5.9337E+21,1.00082E+16,5.3548E+16
9641,9642,2,7,9,710,2016,12,5,7,2,6,4,2,0,0,1,1,0,0,0,5.63405E+20,5.92222E+21,9.95465E+15,5.34452E+16
9642,9643,6,4,38,3,2016,1,8,6,2,9,7,1,0,0,1,0,0,0,0,4.76538E+20,5.53343E+21,8.67294E+15,4.99528E+16
9643,9644,4,0,11,0,2016,9,9,4,3,2,6,0,0,0,1,0,0,0,0,4.89384E+20,5.87494E+21,8.84173E+15,5.30239E+16
9644,9645,2,3,7,319,2016,8,19,4,1,5,3,0,0,0,1,0,1,0,0,5.59988E+20,5.94472E+21,9.90753E+15,5.36478E+16
9645,9646,2,1,11,129,2016,8,17,1,3,2,6,0,0,0,1,0,0,0,0,5.71525E+20,5.93537E+21,1.00799E+16,5.35623E+16
9646,9647,4,0,11,0,2016,6,21,7,2,2,6,1,1,0,1,0,0,0,0,4.9079E+20,5.87571E+21,8.86266E+15,5.30308E+16
9647,9648,2,3,7,319,2016,8,15,4,3,2,6,0,1,0,1,0,0,0,0,5.60177E+20,5.94253E+21,9.90996E+15,5.36281E+16
9648,9649,2,3,9,321,2016,9,10,6,3,5,3,0,0,1,1,0,0,0,0,5.62092E+20,5.93684E+21,9.93777E+15,5.35768E+16
9649,9650,2,6,2,603,2016,6,19,4,3,8,7,0,1,1,0,0,0,0,0,5.81089E+20,5.92722E+21,1.02221E+16,5.34877E+16
9650,9651,2,2,12,225,2016,9,12,4,3,0,7,0,0,1,0,0,0,0,0,5.54354E+20,5.93674E+21,9.82091E+15,5.35767E+16
9651,9652,2,7,14,715,2016,4,9,2,3,1,6,0,0,0,1,0,0,0,0,5.57272E+20,5.92506E+21,9.86284E+15,5.34714E+16
9652,9653,2,1,16,136,2016,12,19,1,3,3,6,2,1,0,1,0,0,0,1,5.67892E+20,5.92624E+21,1.00231E+16,5.34808E+16
9653,9654,2,7,14,715,2016,11,10,5,3,2,6,0,0,0,1,0,0,0,0,5.57335E+20,5.92507E+21,9.86379E+15,5.34715E+16
9654,9655,2,3,9,321,2016,7,15,3,3,2,6,0,1,0,1,0,0,0,1,5.61773E+20,5.93777E+21,9.93314E+15,5.35851E+16
9655,9656,4,0,11,0,2016,11,13,3,3,3,6,0,1,0,1,0,0,1,0,4.90221E+20,5.87533E+21,8.85419E+15,5.30274E+16
9656,9657,4,0,11,0,2016,8,8,5,3,5,2,0,0,1,1,0,0,0,0,4.85414E+20,5.87973E+21,8.78232E+15,5.30668E+16
9657,9658,4,0,11,0,2016,5,7,4,3,3,6,1,0,0,1,0,0,1,0,4.82003E+20,5.88883E+21,8.73091E+15,5.31485E+16
9658,9659,2,1,6,117,2016,7,5,2,3,5,3,0,0,0,1,0,0,0,0,5.67975E+20,5.93409E+21,1.0026E+16,5.35513E+16
9659,9660,4,0,11,0,2016,2,21,5,3,5,3,2,0,0,1,0,0,0,0,4.84545E+20,5.8791E+21,8.76937E+15,5.30611E+16
9660,9661,2,6,1,601,2016,6,1,7,2,5,3,2,1,1,1,0,0,0,0,5.77372E+20,5.93014E+21,1.01668E+16,5.35145E+16
9661,9662,2,7,10,711,2016,4,16,2,3,2,6,0,0,0,1,0,0,0,0,5.62436E+20,5.92509E+21,9.94063E+15,5.34711E+16
9662,9663,2,7,9,710,2016,6,8,5,3,3,6,0,0,0,1,0,0,1,0,5.61072E+20,5.92193E+21,9.91947E+15,5.34429E+16
9663,9664,2,2,3,208,2016,6,6,4,3,3,6,0,0,0,1,0,1,1,0,5.63016E+20,5.93521E+21,9.9514E+15,5.3562E+16
9664,9665,2,4,4,407,2016,12,9,7,3,1,6,0,0,0,1,0,0,0,0,5.65604E+20,5.94027E+21,9.99153E+15,5.36072E+16
9665,9666,2,3,6,318,2016,7,15,3,3,5,3,0,0,1,1,0,0,0,0,5.62844E+20,5.94142E+21,9.95005E+15,5.36178E+16
9666,9667,2,7,10,711,2016,11,18,1,3,2,3,2,1,0,1,0,0,0,0,5.60689E+20,5.92623E+21,9.91454E+15,5.34815E+16
9667,9668,2,1,6,117,2016,5,11,2,2,5,3,0,0,1,1,0,0,0,0,5.68301E+20,5.93338E+21,1.00308E+16,5.35448E+16
9668,9669,2,7,10,711,2016,6,8,1,3,3,7,0,0,0,1,0,0,0,1,5.6301E+20,5.92507E+21,9.94927E+15,5.34708E+16
9669,9670,6,5,33,3,2016,1,15,2,3,2,6,0,1,0,1,0,0,0,0,4.45664E+20,5.57215E+21,8.23709E+15,5.0299E+16
9670,9671,2,6,9,610,2016,6,15,4,3,3,7,0,0,0,1,0,0,1,1,5.73528E+20,5.9273E+21,1.01082E+16,5.34896E+16
9671,9672,2,3,1,304,2016,10,18,5,3,3,7,1,0,0,1,0,0,0,0,5.6209E+20,5.93685E+21,9.93775E+15,5.35768E+16
9672,9673,2,3,5,317,2016,10,8,5,3,0,6,0,0,0,1,0,0,0,1,5.63741E+20,5.93951E+21,9.96323E+15,5.36005E+16
9673,9674,2,7,14,715,2016,6,5,1,3,9,1,1,0,0,1,0,0,0,0,5.56727E+20,5.92517E+21,9.85464E+15,5.34724E+16
9674,9675,2,1,4,111,2016,9,21,4,3,5,3,2,0,0,1,0,0,0,0,5.63924E+20,5.93436E+21,9.96494E+15,5.35542E+16
9675,9676,2,3,4,316,2016,9,8,2,3,2,6,0,1,0,1,0,0,0,1,5.6372E+20,5.93702E+21,9.9624E+15,5.35781E+16
9676,9677,6,5,31,11,2016,1,9,6,2,9,1,0,2,0,1,0,0,0,0,4.87929E+20,5.59802E+21,8.82967E+15,5.0534E+16
9677,9678,6,5,33,9,2016,1,16,3,3,4,6,0,1,0,1,0,0,0,0,4.30642E+20,5.58232E+21,8.02431E+15,5.03889E+16
9678,9679,6,5,33,17,2016,1,9,5,3,0,7,0,1,0,1,0,0,0,0,4.44753E+20,5.59225E+21,8.22133E+15,5.04797E+16
9679,9680,6,5,31,2,2016,1,6,4,3,7,7,2,1,0,1,0,0,0,0,4.71379E+20,5.61168E+21,8.5951E+15,5.06563E+16
9680,9681,6,5,34,5,2016,1,2,7,2,9,1,2,2,0,1,0,0,0,1,4.62863E+20,5.6343E+21,8.47235E+15,5.08592E+16
9681,9682,6,6,35,18,2016,1,14,2,3,8,1,0,1,0,1,0,0,0,0,4.93645E+20,5.6859E+21,8.9088E+15,5.13243E+16
9682,9683,6,6,31,11,2016,1,6,4,2,5,2,2,1,0,1,0,0,1,0,5.37522E+20,5.6047E+21,9.53011E+15,5.0593E+16
9683,9684,6,4,35,21,2016,1,8,6,2,4,1,0,2,0,1,0,0,0,0,4.92426E+20,5.56699E+21,8.89375E+15,5.0255E+16
9684,9685,6,6,33,5,2016,1,7,2,3,6,4,1,1,0,1,1,0,0,0,5.28033E+20,5.69543E+21,9.40306E+15,5.14094E+16
9685,9686,6,4,12,0,2016,1,21,3,2,8,1,2,1,0,1,0,0,0,0,4.76588E+20,5.55663E+21,8.67222E+15,5.01614E+16
9686,9687,6,4,11,0,2016,1,16,3,3,2,6,2,0,0,1,0,0,0,0,4.73047E+20,5.52694E+21,8.62473E+15,4.98942E+16
9687,9688,6,4,37,9,2016,1,11,4,3,8,1,0,1,0,1,0,0,0,0,4.98918E+20,5.51676E+21,8.98497E+15,4.98033E+16
9688,9689,6,6,33,11,2016,1,11,6,3,2,2,0,0,0,1,0,0,0,0,5.23072E+20,5.68608E+21,9.33112E+15,5.13256E+16
9689,9690,6,4,40,23,2016,1,14,6,3,8,6,0,0,0,1,0,0,0,1,4.76482E+20,5.57051E+21,8.66987E+15,5.02862E+16
9690,9691,6,6,34,3,2016,1,7,2,3,4,1,1,2,0,1,0,0,0,0,5.31961E+20,5.66658E+21,9.45696E+15,5.11498E+16
9691,9692,6,4,38,11,2016,1,12,4,3,3,6,0,1,0,1,0,1,0,0,4.90651E+20,5.54043E+21,8.8695E+15,5.00161E+16
9692,9693,6,5,31,16,2016,1,19,4,3,5,3,2,0,0,1,0,1,0,0,4.87584E+20,5.60514E+21,8.82457E+15,5.0598E+16
9693,9694,6,4,12,0,2016,1,13,2,3,5,3,0,1,0,1,0,0,0,0,4.77586E+20,5.55595E+21,8.68624E+15,5.01553E+16
9694,9695,6,4,12,0,2016,1,7,6,3,6,2,1,0,0,1,1,0,0,0,4.78353E+20,5.55084E+21,8.69726E+15,5.01094E+16
9695,9696,6,6,11,0,2016,1,8,2,3,2,2,0,1,0,1,0,0,0,0,5.33518E+20,5.6878E+21,9.48121E+15,5.13405E+16
9696,9697,6,6,33,3,2016,1,15,4,3,2,6,0,1,0,1,0,0,0,0,5.29501E+20,5.67515E+21,9.42249E+15,5.1227E+16
9697,9698,6,6,11,0,2016,1,14,6,3,2,6,0,0,0,1,0,0,0,0,5.3355E+20,5.68316E+21,9.48123E+15,5.12988E+16
9698,9699,6,4,36,6,2016,1,13,2,3,3,6,0,1,0,1,0,0,0,1,4.55735E+20,5.54501E+21,8.38164E+15,5.00557E+16
9699,9700,6,4,37,10,2016,1,7,2,3,8,1,1,1,0,1,0,0,0,0,5.0585E+20,5.51132E+21,9.08121E+15,4.97544E+16
9700,9701,6,4,12,0,2016,1,17,3,3,2,6,2,1,0,1,0,0,0,0,4.669E+20,5.55172E+21,8.53701E+15,5.01168E+16
9701,9702,6,4,36,2,2016,1,15,3,2,4,6,0,0,0,1,0,0,0,0,4.51896E+20,5.55451E+21,8.32681E+15,5.01409E+16
9702,9703,6,5,34,17,2016,1,9,4,2,8,1,0,1,0,1,0,0,0,0,4.89294E+20,5.64342E+21,8.84762E+15,5.09423E+16
9703,9704,6,4,35,22,2016,1,5,6,3,8,1,2,2,0,1,0,0,0,0,4.87813E+20,5.55859E+21,8.82932E+15,5.01794E+16
9704,9705,6,6,11,0,2016,1,17,5,3,2,2,2,1,1,1,0,0,0,0,5.35428E+20,5.68672E+21,9.50852E+15,5.13307E+16
9705,9706,6,5,35,1,2016,1,15,4,3,3,7,0,0,0,0,0,0,1,1,5.23197E+20,5.62262E+21,9.32886E+15,5.07549E+16
9706,9707,6,4,11,0,2016,1,14,2,3,5,3,0,1,1,1,0,0,0,0,4.75728E+20,5.52424E+21,8.66224E+15,4.98701E+16
9707,9708,6,4,40,12,2016,1,1,1,2,9,1,2,1,0,1,0,0,0,0,4.81056E+20,5.56433E+21,8.73439E+15,5.02309E+16
9708,9709,6,4,38,11,2016,1,13,2,3,8,1,0,1,0,1,0,0,0,0,4.92153E+20,5.54269E+21,8.89043E+15,5.00365E+16
9709,9710,6,5,32,19,2016,1,15,6,2,8,7,0,0,0,1,0,0,0,0,4.5903E+20,5.61965E+21,8.41953E+15,5.07272E+16
9710,9711,6,4,35,19,2016,1,13,3,2,8,1,0,1,0,1,0,0,1,0,4.90484E+20,5.55534E+21,8.86681E+15,5.01502E+16
9711,9712,6,4,12,0,2016,1,5,4,3,3,6,2,1,0,1,0,0,1,1,4.79567E+20,5.54579E+21,8.71451E+15,5.0064E+16
9712,9713,6,4,12,0,2016,1,7,5,3,3,6,0,0,0,1,0,0,0,0,4.78209E+20,5.55025E+21,8.69529E+15,5.01041E+16
9713,9714,6,4,32,6,2016,1,21,7,3,2,6,2,0,0,1,0,0,0,0,4.76297E+20,5.53296E+21,8.66962E+15,4.99485E+16
9714,9715,6,4,13,0,2016,1,20,1,3,2,6,2,1,0,1,0,0,0,0,4.8285E+20,5.54858E+21,8.76026E+15,5.00892E+16
9715,9716,6,6,31,9,2016,1,13,2,3,5,3,0,1,0,1,0,0,1,0,5.48261E+20,5.59866E+21,9.68103E+15,5.05379E+16
9716,9717,6,6,31,13,2016,1,10,3,2,8,1,0,1,0,1,0,0,0,0,5.61055E+20,5.60453E+21,9.86253E+15,5.05895E+16
9717,9718,6,6,31,6,2016,1,15,4,3,2,6,0,1,0,1,0,0,1,0,5.48657E+20,5.5958E+21,9.68626E+15,5.05121E+16
9718,9719,6,4,33,2,2016,1,1,1,3,8,7,2,1,0,1,0,0,0,0,4.55574E+20,5.53578E+21,8.38046E+15,4.99727E+16
9719,9720,6,4,12,0,2016,1,7,2,3,6,6,2,0,0,1,1,0,0,0,4.7791E+20,5.54892E+21,8.69118E+15,5.00922E+16
9720,9721,6,4,35,9,2016,1,16,6,3,4,6,1,1,0,1,0,0,0,1,5.09123E+20,5.55435E+21,9.12767E+15,5.01413E+16
9721,9722,6,6,34,11,2016,1,14,4,3,3,6,0,0,0,1,0,0,0,1,5.37132E+20,5.64379E+21,9.52855E+15,5.09446E+16
9722,9723,6,4,35,17,2016,1,9,1,3,8,1,0,1,0,1,0,0,0,1,5.03235E+20,5.55777E+21,9.0453E+15,5.01722E+16
9723,9724,6,6,31,15,2016,1,18,6,3,5,2,2,0,0,1,0,0,0,0,5.52998E+20,5.61548E+21,9.75028E+15,5.06888E+16
9724,9725,6,4,40,15,2016,1,6,4,3,3,6,2,1,0,1,0,0,1,0,4.7998E+20,5.5897E+21,8.71795E+15,5.04589E+16
9725,9726,6,6,35,11,2016,1,17,5,3,5,2,2,1,0,1,0,0,0,0,4.85155E+20,5.65445E+21,8.78825E+15,5.10414E+16
9726,9727,6,6,34,11,2016,1,18,5,3,9,7,2,1,0,1,0,0,0,0,5.34332E+20,5.65239E+21,9.4895E+15,5.10221E+16
9727,9728,6,6,36,11,2016,1,14,7,3,2,6,0,0,0,1,0,0,0,0,5.70907E+20,5.65341E+21,1.00111E+16,5.10278E+16
9728,9729,6,4,12,0,2016,1,2,4,3,9,1,2,1,0,1,0,0,0,0,4.71532E+20,5.55093E+21,8.60186E+15,5.011E+16
9729,9730,6,4,34,1,2016,1,11,7,3,9,1,0,0,0,1,0,0,0,0,4.71472E+20,5.5622E+21,8.60018E+15,5.02113E+16
9730,9731,6,4,40,23,2016,1,9,4,2,3,6,0,1,0,1,0,0,0,0,4.77561E+20,5.57314E+21,8.68487E+15,5.031E+16
9731,9732,6,4,35,19,2016,1,9,6,3,8,1,0,2,0,1,0,0,0,0,4.89957E+20,5.55495E+21,8.85944E+15,5.01467E+16
9732,9733,6,4,14,0,2016,1,17,6,3,9,6,2,1,0,1,0,0,0,0,4.51111E+20,5.54508E+21,8.31703E+15,5.0056E+16
9733,9734,6,6,11,0,2016,1,17,3,3,2,2,2,0,0,1,0,0,0,0,5.34333E+20,5.68703E+21,9.49283E+15,5.13335E+16
9734,9735,6,4,40,9,2016,1,21,5,3,8,1,2,1,0,1,0,0,0,0,5.13949E+20,5.58323E+21,9.19627E+15,5.04009E+16
9735,9736,6,6,11,0,2016,1,17,4,3,2,6,2,1,0,1,0,0,0,0,5.37299E+20,5.6826E+21,9.53494E+15,5.12935E+16
9736,9737,6,5,33,9,2016,1,17,2,3,2,6,2,1,0,1,0,1,0,0,4.32835E+20,5.58187E+21,8.05524E+15,5.0385E+16
9737,9738,6,5,31,3,2016,1,18,4,3,2,6,2,0,0,1,0,0,0,0,4.86511E+20,5.60396E+21,8.80945E+15,5.05874E+16
9738,9739,6,5,31,18,2016,1,16,6,2,2,6,0,0,1,1,0,0,0,0,4.75793E+20,5.60691E+21,8.65785E+15,5.06136E+16
9739,9740,6,4,38,3,2016,1,23,2,3,5,3,2,1,0,1,0,0,0,0,4.76431E+20,5.53454E+21,8.67138E+15,4.99627E+16
9740,9741,6,4,40,15,2016,1,12,3,3,3,6,0,0,0,1,0,0,1,0,4.8011E+20,5.58996E+21,8.71978E+15,5.04613E+16
9741,9742,6,6,34,5,2016,1,21,3,3,9,1,2,1,0,1,0,0,0,0,5.17286E+20,5.66459E+21,9.24705E+15,5.11325E+16
9742,9743,6,5,32,11,2016,1,5,4,3,8,1,2,2,0,1,0,0,0,0,4.39916E+20,5.6267E+21,8.14758E+15,5.0789E+16
9743,9744,6,4,39,7,2016,1,5,6,3,9,1,2,1,0,1,0,0,0,0,4.42945E+20,5.56386E+21,8.20016E+15,5.02241E+16
9744,9745,6,5,33,9,2016,1,16,5,3,5,3,1,1,0,1,0,0,0,0,4.32243E+20,5.5814E+21,8.047E+15,5.03807E+16
9745,9746,6,6,33,6,2016,1,12,2,3,9,1,0,2,0,1,0,0,0,0,5.19342E+20,5.67897E+21,9.2772E+15,5.12617E+16
9746,9747,6,4,35,21,2016,1,17,2,3,4,2,2,1,0,1,0,0,0,0,4.90732E+20,5.56271E+21,8.8701E+15,5.02165E+16
9747,9748,6,4,36,4,2016,1,12,4,3,5,3,0,1,0,1,0,0,0,0,4.6022E+20,5.54332E+21,8.44446E+15,5.00408E+16
9748,9749,6,4,37,11,2016,1,15,6,3,2,6,0,0,0,1,0,0,0,0,5.00441E+20,5.50426E+21,9.00611E+15,4.96908E+16
9749,9750,6,4,12,0,2016,1,15,6,3,2,6,0,0,0,1,0,0,0,0,4.73952E+20,5.5604E+21,8.63506E+15,5.01952E+16
9750,9751,6,4,31,6,2016,1,10,6,3,3,6,0,0,0,1,0,0,0,0,4.67948E+20,5.50238E+21,8.55578E+15,4.96731E+16
9751,9752,6,6,33,200,2016,1,16,2,3,2,1,1,2,0,1,0,0,0,1,5.38278E+20,5.70442E+21,9.55133E+15,5.14896E+16
9752,9753,6,4,33,6,2016,1,11,5,3,5,3,0,0,1,1,0,0,0,0,4.63086E+20,5.52889E+21,8.48587E+15,4.99112E+16
9753,9754,6,4,32,20,2016,1,11,4,3,9,1,0,1,0,1,0,0,0,0,4.82893E+20,5.52456E+21,8.76193E+15,4.98732E+16
9754,9755,6,4,40,6,2016,1,18,4,3,8,7,2,0,0,1,0,0,1,0,4.93511E+20,5.58371E+21,8.90869E+15,5.04054E+16
9755,9756,6,4,14,0,2016,1,19,2,3,2,2,2,1,0,1,0,0,0,0,4.4343E+20,5.54369E+21,8.20995E+15,5.00428E+16
9756,9757,6,5,31,13,2016,1,16,3,3,2,6,1,0,0,1,0,0,0,0,4.79106E+20,5.61E+21,8.70451E+15,5.06415E+16
9757,9758,6,4,13,0,2016,1,18,6,3,2,6,2,0,0,1,0,0,0,1,4.84524E+20,5.55037E+21,8.78358E+15,5.01054E+16
9758,9759,6,4,11,0,2016,1,7,2,3,2,6,1,1,0,1,0,0,0,0,4.71642E+20,5.52418E+21,8.60538E+15,4.98693E+16
9759,9760,6,4,33,10,2016,1,8,2,3,3,6,0,1,0,1,0,0,0,0,4.62207E+20,5.54133E+21,8.47241E+15,5.00231E+16
9760,9761,6,5,31,5,2016,1,18,2,3,2,6,2,1,0,1,0,0,0,0,4.77311E+20,5.60418E+21,8.67947E+15,5.05891E+16
9761,9762,6,4,32,9,2016,1,9,3,3,8,1,0,1,0,0,0,1,0,0,4.86532E+20,5.51657E+21,8.81284E+15,4.98014E+16
9762,9763,6,6,31,21,2016,1,18,4,3,7,7,2,2,0,1,0,0,1,0,5.6463E+20,5.59536E+21,9.91142E+15,5.05066E+16
9763,9764,6,4,14,0,2016,1,10,1,3,8,1,0,0,0,1,0,0,0,0,4.49538E+20,5.54447E+21,8.29514E+15,5.00504E+16
9764,9765,6,4,12,0,2016,1,7,2,3,2,6,1,1,0,1,0,0,0,0,4.82143E+20,5.5522E+21,8.7502E+15,5.01218E+16
9765,9766,6,4,36,2,2016,1,14,6,3,4,6,0,1,0,1,0,0,0,0,4.52985E+20,5.55432E+21,8.34207E+15,5.01393E+16
9766,9767,6,4,13,0,2016,1,15,5,3,2,6,0,1,0,1,0,0,0,0,4.82849E+20,5.54858E+21,8.76024E+15,5.00892E+16
9767,9768,6,6,34,1,2016,1,16,3,3,2,6,2,1,0,1,0,0,0,0,5.18846E+20,5.65141E+21,9.26866E+15,5.10139E+16
9768,9769,6,4,32,2,2016,1,16,4,3,8,1,2,1,0,1,0,0,0,0,4.98223E+20,5.53188E+21,8.97523E+15,4.99392E+16
9769,9770,6,6,11,0,2016,1,17,3,1,6,4,2,0,0,1,1,0,0,0,5.33203E+20,5.68616E+21,9.47652E+15,5.13257E+16
9770,9771,6,4,37,6,2016,1,8,2,3,5,3,0,1,0,1,0,0,0,0,4.99624E+20,5.50072E+21,8.99479E+15,4.9659E+16
9771,9772,6,6,34,15,2016,1,13,1,3,9,2,0,0,0,1,0,0,0,0,5.42467E+20,5.65767E+21,9.60611E+15,5.1069E+16
9772,9773,6,6,31,9,2016,1,19,2,3,2,7,2,1,0,1,0,0,0,0,5.47527E+20,5.59839E+21,9.67065E+15,5.05355E+16
9773,9774,6,6,31,9,2016,1,15,3,2,5,3,0,0,0,1,0,0,0,0,5.49049E+20,5.59906E+21,9.69221E+15,5.05414E+16
9774,9775,6,4,38,11,2016,1,10,4,3,9,1,0,1,0,1,0,0,0,0,4.92655E+20,5.53912E+21,8.89751E+15,5.00044E+16
9775,9776,6,6,33,15,2016,1,8,7,2,9,1,1,1,0,1,0,0,0,0,5.39412E+20,5.68253E+21,9.56524E+15,5.12927E+16
9776,9777,6,6,11,0,2016,1,17,3,3,2,6,2,0,0,1,0,0,0,0,5.33959E+20,5.68492E+21,9.48725E+15,5.13145E+16
9777,9778,6,5,31,16,2016,1,15,6,3,2,2,0,0,0,1,0,0,0,0,4.88032E+20,5.60525E+21,8.83089E+15,5.0599E+16
9778,9779,6,6,36,7,2016,1,13,3,3,0,1,0,1,0,0,0,1,1,0,5.76863E+20,5.67213E+21,1.01E+16,5.11954E+16
9779,9780,6,5,33,11,2016,1,17,5,3,4,6,2,1,0,1,0,0,0,0,4.40664E+20,5.59625E+21,8.16308E+15,5.05152E+16
9780,9781,6,4,33,11,2016,1,16,1,3,3,2,1,1,1,0,0,0,0,1,4.64576E+20,5.51831E+21,8.50759E+15,4.98162E+16
9781,9782,6,4,31,22,2016,1,7,6,3,5,3,1,0,0,1,0,0,0,0,4.71448E+20,5.50753E+21,8.6039E+15,4.97196E+16
9782,9783,6,5,31,6,2016,1,8,3,3,3,6,0,1,0,1,0,0,1,0,4.94523E+20,5.6089E+21,8.92255E+15,5.06319E+16
9783,9784,6,4,33,12,2016,1,13,4,3,7,6,0,1,0,1,0,0,1,0,4.62045E+20,5.53473E+21,8.4708E+15,4.99637E+16
9784,9785,6,6,34,8,2016,1,10,5,2,1,5,0,0,0,1,0,0,0,0,5.33318E+20,5.67256E+21,9.4769E+15,5.12034E+16
9785,9786,6,4,37,11,2016,1,20,7,3,2,6,2,1,0,1,0,0,0,0,4.99933E+20,5.50207E+21,8.99907E+15,4.96712E+16
9786,9787,6,4,14,0,2016,1,11,3,3,2,6,0,1,0,1,0,0,0,0,4.44575E+20,5.54328E+21,8.226E+15,5.00392E+16
9787,9788,6,4,35,14,2016,1,8,7,3,9,1,1,0,0,1,0,0,0,0,4.93903E+20,5.55031E+21,8.91474E+15,5.0105E+16
9788,9789,6,5,35,12,2016,1,8,2,3,4,6,0,2,0,1,0,0,0,0,5.24441E+20,5.60346E+21,9.34522E+15,5.05825E+16
9789,9790,6,4,37,5,2016,1,10,6,3,4,6,0,2,0,1,0,0,0,0,4.94185E+20,5.50781E+21,8.91932E+15,4.97228E+16
9790,9791,6,4,12,0,2016,1,19,6,3,2,7,2,0,0,1,0,0,0,0,4.78197E+20,5.55649E+21,8.69476E+15,5.01602E+16
9791,9792,6,4,32,18,2016,1,14,6,3,2,6,0,0,0,1,0,0,0,0,4.69081E+20,5.51654E+21,8.57035E+15,4.98005E+16
9792,9793,6,6,11,0,2016,1,9,2,3,5,3,0,1,0,1,0,0,0,0,5.31591E+20,5.68164E+21,9.45299E+15,5.12852E+16
9793,9794,6,4,12,0,2016,1,21,3,3,5,3,2,1,0,1,0,0,0,0,4.65295E+20,5.54821E+21,8.51489E+15,5.00851E+16
9794,9795,6,4,38,12,2016,1,9,5,1,9,1,0,0,0,1,0,0,0,0,4.87396E+20,5.53389E+21,8.82429E+15,4.99572E+16
9795,9796,6,4,14,0,2016,1,16,4,3,2,6,0,0,0,1,0,0,0,0,4.48424E+20,5.53987E+21,8.28021E+15,5.00089E+16
9796,9797,6,4,14,0,2016,1,18,3,2,6,2,2,1,0,0,1,0,0,1,4.42597E+20,5.54667E+21,8.19787E+15,5.00695E+16
9797,9798,6,6,11,0,2016,1,18,2,3,2,4,2,1,0,1,1,0,0,0,5.35754E+20,5.68592E+21,9.51312E+15,5.13235E+16
9798,9799,6,4,13,0,2016,1,13,3,3,2,6,0,1,0,1,0,0,0,0,4.84421E+20,5.54718E+21,8.78227E+15,5.00767E+16
9799,9800,6,4,36,9,2016,1,6,5,3,2,6,2,0,0,1,0,0,0,0,4.63046E+20,5.54757E+21,8.48352E+15,5.00793E+16
9800,9801,6,5,34,3,2016,1,8,7,3,9,1,0,2,0,1,0,0,0,0,4.61071E+20,5.62254E+21,8.44814E+15,5.07533E+16
9801,9802,6,6,35,19,2016,1,5,2,3,0,6,2,1,0,1,0,0,0,1,4.92488E+20,5.67604E+21,8.89239E+15,5.12357E+16
9802,9803,6,4,12,0,2016,1,10,3,2,0,1,0,1,0,0,0,1,0,0,4.76766E+20,5.5489E+21,8.67519E+15,5.00919E+16
9803,9804,6,4,40,18,2016,1,13,7,2,8,1,0,0,0,1,0,0,0,0,4.78139E+20,5.57776E+21,8.69272E+15,5.03515E+16
9804,9805,6,6,33,11,2016,1,6,2,3,4,1,2,2,0,1,0,0,0,0,5.21E+20,5.6879E+21,9.3015E+15,5.1342E+16
9805,9806,6,5,35,16,2016,1,14,2,3,8,1,1,1,0,0,0,0,0,1,5.16667E+20,5.59196E+21,9.2349E+15,5.04793E+16
9806,9807,6,4,40,18,2016,1,8,4,3,8,1,0,1,0,1,0,0,0,0,4.70387E+20,5.58025E+21,8.58357E+15,5.03735E+16
9807,9808,6,6,34,14,2016,1,5,6,3,9,7,2,1,0,1,0,0,0,0,5.39208E+20,5.66707E+21,9.56062E+15,5.11537E+16
9808,9809,6,4,32,18,2016,1,12,6,3,2,6,0,0,0,1,0,0,0,0,4.69667E+20,5.51787E+21,8.57839E+15,4.98125E+16
9809,9810,6,4,39,8,2016,1,17,2,3,7,7,2,1,0,1,0,0,0,0,4.48051E+20,5.56516E+21,8.27155E+15,5.02363E+16
9810,9811,6,6,32,15,2016,1,18,5,3,4,1,2,1,0,1,0,0,1,0,5.41509E+20,5.62542E+21,9.58876E+15,5.07791E+16
9811,9812,6,6,34,2,2016,1,13,4,3,9,1,0,1,0,1,0,0,0,0,5.26251E+20,5.67392E+21,9.37585E+15,5.12161E+16
9812,9813,6,4,12,0,2016,1,16,3,3,5,3,0,0,1,1,0,0,0,0,4.8E+20,5.55136E+21,8.72027E+15,5.01142E+16
9813,9814,6,4,13,0,2016,1,11,2,3,5,3,0,1,0,1,0,0,0,0,4.82875E+20,5.54858E+21,8.76061E+15,5.00892E+16
9814,9815,6,4,12,0,2016,1,9,6,2,0,1,0,0,1,0,0,0,0,0,4.74212E+20,5.55587E+21,8.63901E+15,5.01545E+16