FID,OBJECTID,ULAND,UREGBEZ,UKREIS,UGEMEINDE,UJAHR,UMONAT,USTUNDE,UWOCHENTAG,UKATEGORIE,UART,UTYP1,ULICHTVERH,IstStrasse,IstRad,IstPKW,IstFuss,IstKrad,IstGkfz,IstSonstig,LINREFX,LINREFY,XGCSWGS84,YGCSWGS84
9815,9816,6,5,31,16,2016,1,5,2,3,2,6,2,1,0,1,0,0,0,0,4.8678E+20,5.60482E+21,8.81323E+15,5.05951E+16
9816,9817,6,6,31,6,2016,1,16,2,2,5,3,2,1,0,1,0,0,0,0,5.48757E+20,5.59393E+21,9.68741E+15,5.04954E+16
9817,9818,6,5,34,21,2016,1,7,3,3,2,6,0,1,0,1,0,0,0,0,4.80731E+20,5.63946E+21,8.72594E+15,5.09065E+16
9818,9819,6,6,31,9,2016,1,16,4,3,5,3,0,1,1,1,0,0,0,0,5.48114E+20,5.60104E+21,9.67927E+15,5.05593E+16
9819,9820,6,5,35,11,2016,1,22,6,3,6,4,2,0,0,1,1,0,0,0,5.27899E+20,5.60844E+21,9.39444E+15,5.06271E+16
9820,9821,6,4,12,0,2016,1,23,2,3,3,6,2,1,0,1,0,0,0,0,4.71364E+20,5.54513E+21,8.59995E+15,5.00577E+16
9821,9822,6,4,40,5,2016,1,16,2,3,2,1,2,1,0,1,0,0,0,0,4.76184E+20,5.58792E+21,8.6646E+15,5.04428E+16
9822,9823,6,5,33,2,2016,1,21,2,2,0,6,2,1,0,1,0,0,0,1,4.43763E+20,5.57738E+21,8.20961E+15,5.03458E+16
9823,9824,6,4,34,8,2016,1,18,3,3,5,3,2,1,0,1,0,0,0,0,4.68294E+20,5.56089E+21,8.55575E+15,5.01994E+16
9824,9825,6,4,33,3,2016,1,16,4,2,0,6,1,1,0,1,0,0,0,0,4.66437E+20,5.52806E+21,8.53261E+15,4.9904E+16
9825,9826,6,4,35,19,2016,1,9,6,3,9,1,0,2,0,1,0,0,0,0,4.88885E+20,5.55591E+21,8.84441E+15,5.01553E+16
9826,9827,6,5,33,3,2016,1,17,5,2,6,4,2,1,0,1,1,0,0,0,4.47227E+20,5.57188E+21,8.25907E+15,5.02967E+16
9827,9828,6,6,34,14,2016,1,18,3,3,7,4,2,1,0,1,1,0,0,0,5.38316E+20,5.66415E+21,9.54755E+15,5.11276E+16
9828,9829,6,4,11,0,2016,1,16,2,3,5,3,2,1,0,1,0,0,0,0,4.76839E+20,5.52696E+21,8.67752E+15,4.98946E+16
9829,9830,6,4,38,5,2016,1,19,1,3,4,1,2,1,0,1,0,0,0,0,4.8813E+20,5.54571E+21,8.83416E+15,5.00636E+16
9830,9831,6,4,35,14,2016,1,17,2,3,5,2,2,1,0,1,0,0,0,0,4.93817E+20,5.55008E+21,8.91354E+15,5.01029E+16
9831,9832,6,5,32,11,2016,1,19,6,3,9,1,2,1,0,1,0,0,0,0,4.48376E+20,5.62727E+21,8.26751E+15,5.07948E+16
9832,9833,6,5,31,4,2016,1,16,3,3,8,7,1,1,0,1,0,0,0,0,4.83658E+20,5.6E+21,8.76932E+15,5.05517E+16
9833,9834,6,6,34,11,2016,1,17,4,3,3,6,1,1,0,1,0,0,1,0,5.33139E+20,5.64876E+21,9.47216E+15,5.09894E+16
9834,9835,6,4,12,0,2016,1,19,7,3,5,2,2,0,0,1,0,0,0,0,4.78232E+20,5.55002E+21,8.69561E+15,5.01021E+16
9835,9836,6,6,33,4,2016,1,15,3,3,8,1,0,0,0,1,0,0,0,0,5.16278E+20,5.69852E+21,9.2342E+15,5.14377E+16
9836,9837,6,4,32,18,2016,1,13,1,3,2,6,0,1,0,1,0,0,0,0,4.69449E+20,5.51738E+21,8.5754E+15,4.98081E+16
9837,9838,6,4,31,6,2016,1,8,6,3,9,1,0,2,0,1,0,0,0,0,4.65491E+20,5.50483E+21,8.5215E+15,4.9695E+16
9838,9839,6,4,12,0,2016,1,18,5,3,2,6,2,1,0,1,0,0,0,1,4.75233E+20,5.54709E+21,8.65387E+15,5.00756E+16
9839,9840,6,6,33,5,2016,1,9,3,2,8,1,0,1,0,1,0,0,0,0,5.197E+20,5.69926E+21,9.28346E+15,5.14442E+16
9840,9841,6,6,31,9,2016,1,2,1,3,8,1,2,1,0,1,0,0,0,0,5.4309E+20,5.60002E+21,9.60823E+15,5.05505E+16
9841,9842,6,4,33,12,2016,1,7,6,3,8,1,2,2,0,1,0,0,0,0,4.58421E+20,5.53332E+21,8.42042E+15,4.99508E+16
9842,9843,6,4,40,8,2016,1,8,4,3,9,1,0,1,0,1,0,0,1,0,4.78394E+20,5.57626E+21,8.69638E+15,5.03381E+16
9843,9844,6,6,33,3,2016,1,20,5,3,5,3,2,1,0,1,0,0,0,0,5.26973E+20,5.67731E+21,9.38645E+15,5.12465E+16
9844,9845,6,6,31,18,2016,1,13,5,2,2,6,0,0,0,1,0,0,0,0,5.42545E+20,5.58754E+21,9.59912E+15,5.04383E+16
9845,9846,6,6,11,0,2016,1,13,7,3,2,6,0,0,0,1,0,0,0,0,5.31087E+20,5.68413E+21,9.44598E+15,5.13076E+16
9846,9847,6,6,34,18,2016,1,0,3,3,8,7,2,1,0,1,0,0,0,0,5.24427E+20,5.67363E+21,9.34972E+15,5.12135E+16
9847,9848,6,4,12,0,2016,1,18,7,3,2,6,2,0,0,1,0,0,0,0,4.70853E+20,5.55401E+21,8.59213E+15,5.01376E+16
9848,9849,6,5,33,8,2016,1,13,2,3,8,1,0,1,0,1,0,0,0,0,4.36956E+20,5.57947E+21,8.1136E+15,5.0364E+16
9849,9850,6,5,33,1,2016,1,7,4,3,3,6,2,1,0,0,0,0,1,1,4.41542E+20,5.59374E+21,8.17585E+15,5.04928E+16
9850,9851,6,4,36,7,2016,1,17,6,2,5,2,2,1,0,1,0,1,0,0,4.59989E+20,5.54797E+21,8.44075E+15,5.00827E+16
9851,9852,6,6,11,0,2016,1,18,3,3,3,6,2,0,0,1,0,1,0,0,5.38247E+20,5.68427E+21,9.54871E+15,5.13085E+16
9852,9853,6,4,35,10,2016,1,18,5,3,0,7,2,1,0,1,0,0,0,0,5.12693E+20,5.56041E+21,9.17783E+15,5.01957E+16
9853,9854,6,5,33,9,2016,1,5,4,3,2,6,2,1,0,1,0,0,0,0,4.32974E+20,5.58334E+21,8.05694E+15,5.03983E+16
9854,9855,6,6,34,13,2016,1,13,2,3,4,6,0,1,0,1,0,0,1,0,5.31373E+20,5.6571E+21,9.44772E+15,5.10645E+16
9855,9856,6,6,35,13,2016,1,20,3,3,8,1,2,1,0,1,0,0,0,0,5.00637E+20,5.65802E+21,9.00909E+15,5.10737E+16
9856,9857,6,4,35,14,2016,1,17,6,3,2,6,1,1,0,1,0,0,0,0,4.96058E+20,5.55449E+21,8.94484E+15,5.01426E+16
9857,9858,6,4,38,13,2016,1,21,2,3,2,6,2,1,0,1,0,0,0,0,4.96747E+20,5.54264E+21,8.95458E+15,5.0036E+16
9858,9859,6,6,11,0,2016,1,18,2,3,5,3,2,1,0,1,0,0,0,0,5.35683E+20,5.68453E+21,9.51195E+15,5.13109E+16
9859,9860,6,6,34,7,2016,1,18,3,3,5,3,2,1,0,1,0,0,0,0,5.25837E+20,5.67034E+21,9.36968E+15,5.11839E+16
9860,9861,6,5,32,8,2016,1,21,4,3,6,3,2,1,0,1,1,0,0,0,4.56338E+20,5.6055E+21,8.38305E+15,5.05997E+16
9861,9862,6,6,33,25,2016,1,7,6,3,9,1,2,1,0,1,0,0,0,0,5.28789E+20,5.715E+21,9.41552E+15,5.15853E+16
9862,9863,6,4,12,0,2016,1,14,5,3,8,1,0,1,0,1,0,0,0,0,4.65888E+20,5.54296E+21,8.52365E+15,5.00379E+16
9863,9864,6,4,39,15,2016,1,10,2,3,5,3,0,1,0,1,0,0,0,0,4.39231E+20,5.55782E+21,8.14906E+15,5.01695E+16
9864,9865,6,4,35,10,2016,1,13,4,3,5,3,0,0,0,1,0,0,0,0,5.12277E+20,5.55954E+21,9.17197E+15,5.0188E+16
9865,9866,6,4,39,16,2016,1,20,3,3,8,7,2,1,0,1,0,0,0,0,4.51859E+20,5.56641E+21,8.32479E+15,5.02479E+16
9866,9867,6,4,37,13,2016,1,6,6,3,8,1,1,2,0,0,0,0,1,0,4.89944E+20,5.50061E+21,8.86067E+15,4.9658E+16
9867,9868,6,4,12,0,2016,1,16,6,3,2,6,0,0,0,1,0,0,0,0,4.74484E+20,5.56083E+21,8.64248E+15,5.01991E+16
9868,9869,6,4,11,0,2016,1,17,6,3,2,6,2,0,0,1,0,0,0,0,4.73466E+20,5.51904E+21,8.63111E+15,4.98232E+16
9869,9870,6,5,33,17,2016,1,20,2,3,7,7,1,1,0,1,0,0,0,0,4.50034E+20,5.59459E+21,8.29545E+15,5.05011E+16
9870,9871,6,4,33,14,2016,1,21,5,3,5,3,2,1,0,1,0,0,0,0,4.56998E+20,5.52594E+21,8.40141E+15,4.98843E+16
9871,9872,6,4,37,6,2016,1,6,4,3,4,6,2,1,0,1,0,0,0,0,4.99575E+20,5.49987E+21,8.99411E+15,4.96514E+16
9872,9873,6,4,39,15,2016,1,22,3,3,8,1,2,1,0,1,0,0,0,0,4.35547E+20,5.55457E+21,8.09803E+15,5.01398E+16
9873,9874,6,4,14,0,2016,1,10,2,3,5,3,0,1,1,1,0,0,0,0,4.49149E+20,5.53944E+21,8.29037E+15,5.00052E+16
9874,9875,6,4,35,19,2016,1,14,3,3,5,2,0,1,0,1,0,0,0,1,4.859E+20,5.5539E+21,8.8027E+15,5.01372E+16
9875,9876,6,4,14,0,2016,1,14,6,3,5,3,0,0,0,1,0,1,0,0,4.44524E+20,5.54535E+21,8.22498E+15,5.00578E+16
9876,9877,6,4,36,6,2016,1,7,2,3,2,6,0,1,0,1,0,0,0,0,4.5738E+20,5.5438E+21,8.40475E+15,5.0045E+16
9877,9878,6,4,37,3,2016,1,21,2,3,8,1,2,1,0,1,0,0,0,0,4.91976E+20,5.51238E+21,8.88858E+15,4.97638E+16
9878,9879,6,6,33,12,2016,1,10,2,3,9,1,0,2,0,1,0,0,0,0,5.4731E+20,5.6795E+21,9.67809E+15,5.12649E+16
9879,9880,6,4,32,2,2016,1,6,3,3,5,3,2,1,0,1,0,0,0,0,4.93429E+20,5.53073E+21,8.90845E+15,4.99289E+16
9880,9881,6,6,31,22,2016,1,16,4,2,4,7,1,1,0,1,0,0,0,0,5.63012E+20,5.61879E+21,9.89259E+15,5.07175E+16
9881,9882,6,4,12,0,2016,1,11,1,3,9,1,0,1,0,1,0,0,0,0,4.74833E+20,5.56084E+21,8.64738E+15,5.01992E+16
9882,9883,6,5,33,18,2016,1,9,6,3,7,7,0,0,0,1,0,0,0,0,4.56295E+20,5.58177E+21,8.38522E+15,5.03863E+16
9883,9884,6,4,14,0,2016,1,16,5,2,6,4,2,1,0,1,1,0,0,0,4.45314E+20,5.54817E+21,8.23561E+15,5.00833E+16
9884,9885,6,4,40,15,2016,1,17,3,3,5,3,2,1,0,1,0,0,1,0,4.83728E+20,5.59036E+21,8.77073E+15,5.0465E+16
9885,9886,6,4,32,20,2016,1,12,1,3,0,1,0,0,0,0,0,1,0,0,4.85397E+20,5.5248E+21,8.79676E+15,4.98755E+16
9886,9887,6,6,32,15,2016,1,15,2,3,7,7,0,1,0,1,0,0,0,0,5.40272E+20,5.63043E+21,9.57177E+15,5.08242E+16
9887,9888,6,4,12,0,2016,1,17,2,3,5,3,2,1,0,1,0,0,0,0,4.77714E+20,5.54559E+21,8.68863E+15,5.00621E+16
9888,9889,6,4,12,0,2016,1,14,1,3,2,6,0,0,0,1,0,0,0,0,4.71963E+20,5.5529E+21,8.60774E+15,5.01277E+16
9889,9890,6,6,31,9,2016,1,7,2,3,5,3,1,0,1,1,0,0,0,0,5.4818E+20,5.6011E+21,9.68021E+15,5.05598E+16
9890,9891,6,6,11,0,2016,1,18,2,3,5,3,2,1,0,1,0,0,0,0,5.34853E+20,5.68679E+21,9.50027E+15,5.13313E+16
9891,9892,6,6,31,8,2016,1,18,3,2,6,6,2,1,0,0,1,0,0,1,5.40637E+20,5.58421E+21,9.57188E+15,5.04086E+16
9892,9893,6,4,35,14,2016,1,19,4,3,5,2,2,1,0,1,0,0,0,0,4.93208E+20,5.55866E+21,8.90487E+15,5.01801E+16
9893,9894,6,6,34,23,2016,1,15,7,3,5,3,0,0,0,1,0,0,0,0,5.29175E+20,5.63974E+21,9.41497E+15,5.09086E+16
9894,9895,6,5,34,10,2016,1,9,3,3,2,6,0,1,0,1,0,0,0,0,4.71935E+20,5.62465E+21,8.60197E+15,5.0773E+16
9895,9896,6,4,38,9,2016,1,13,1,2,3,6,0,1,0,1,0,0,0,0,4.71072E+20,5.54276E+21,8.59605E+15,5.00364E+16
9896,9897,6,6,31,4,2016,1,14,6,3,4,1,0,1,0,1,0,0,0,0,5.54928E+20,5.5878E+21,9.77352E+15,5.04396E+16
9897,9898,6,4,35,14,2016,1,18,3,3,6,4,2,1,0,1,1,0,0,0,4.949E+20,5.55437E+21,8.92863E+15,5.01416E+16
9898,9899,6,4,34,2,2016,1,6,5,3,5,3,2,1,0,1,0,0,0,0,4.75783E+20,5.56993E+21,8.6601E+15,5.0281E+16
9899,9900,6,4,12,0,2016,1,14,5,3,3,6,0,1,0,1,0,0,1,0,4.71998E+20,5.54566E+21,8.60877E+15,5.00626E+16
9900,9901,6,4,40,23,2016,1,6,7,3,2,6,2,1,0,1,0,0,0,0,4.78474E+20,5.57273E+21,8.69771E+15,5.03063E+16
9901,9902,6,4,32,2,2016,1,17,6,2,9,1,2,1,0,1,0,0,0,0,4.98202E+20,5.53503E+21,8.97494E+15,4.99676E+16
9902,9903,6,4,14,0,2016,1,7,3,3,2,6,0,1,0,1,0,0,0,0,4.4682E+20,5.54471E+21,8.25714E+15,5.00523E+16
9903,9904,6,4,12,0,2016,1,17,4,3,2,6,2,1,0,1,0,0,0,0,4.72387E+20,5.54951E+21,8.61393E+15,5.00972E+16
9904,9905,6,4,12,0,2016,1,17,5,3,5,2,2,1,1,1,0,0,0,0,4.75031E+20,5.55043E+21,8.65083E+15,5.01056E+16
9905,9906,6,4,37,6,2016,1,18,7,3,5,3,2,1,0,1,0,0,0,1,4.99928E+20,5.49815E+21,8.99901E+15,4.96359E+16
9906,9907,6,5,35,10,2016,1,14,3,3,5,3,0,0,0,1,0,0,0,0,5.09515E+20,5.62248E+21,9.13489E+15,5.0754E+16
9907,9908,6,5,34,11,2016,1,3,7,3,8,1,2,2,0,1,0,0,0,0,4.92638E+20,5.63103E+21,8.89546E+15,5.08309E+16
9908,9909,6,4,32,23,2016,1,9,6,3,3,6,0,0,0,1,0,0,0,0,4.71448E+20,5.52751E+21,8.60243E+15,4.98993E+16
9909,9910,6,4,35,19,2016,1,9,6,3,8,1,0,1,0,1,0,0,0,0,4.9007E+20,5.55495E+21,8.86102E+15,5.01467E+16
9910,9911,6,5,33,3,2016,1,13,6,3,2,6,0,0,0,1,0,0,0,0,4.45668E+20,5.57215E+21,8.23713E+15,5.02989E+16
9911,9912,6,4,14,0,2016,1,13,3,3,2,6,0,1,0,1,0,0,0,0,4.43688E+20,5.54745E+21,8.213E+15,5.00767E+16
9912,9913,6,4,40,16,2016,1,17,5,3,5,2,1,1,0,1,0,0,0,0,5.00139E+20,5.58436E+21,9.00195E+15,5.04113E+16
9913,9914,6,6,11,0,2016,1,20,4,3,8,1,2,1,0,1,0,0,0,0,5.35002E+20,5.68568E+21,9.50229E+15,5.13213E+16
9914,9915,6,6,11,0,2016,1,17,2,3,0,7,2,1,0,1,0,1,0,0,5.37015E+20,5.68357E+21,9.53097E+15,5.13023E+16
9915,9916,6,4,33,12,2016,1,6,3,3,9,7,2,1,0,1,0,0,1,0,4.57963E+20,5.53531E+21,8.41382E+15,4.99687E+16
9916,9917,6,5,31,5,2016,1,23,6,3,5,3,2,1,0,1,0,0,0,0,4.76478E+20,5.6037E+21,8.66774E+15,5.05847E+16
9917,9918,6,4,35,19,2016,1,18,2,3,5,3,2,1,0,1,0,0,0,0,4.89998E+20,5.55352E+21,8.86005E+15,5.01338E+16
9918,9919,6,4,13,0,2016,1,16,2,3,2,6,0,1,0,1,0,0,0,0,4.81561E+20,5.54756E+21,8.74229E+15,5.008E+16
9919,9920,6,5,31,5,2016,1,17,2,3,2,6,2,1,0,1,0,0,0,0,4.78083E+20,5.60567E+21,8.6903E+15,5.06025E+16
9920,9921,6,4,33,12,2016,1,6,3,3,5,2,2,1,0,1,0,0,0,0,4.57927E+20,5.53614E+21,8.41322E+15,4.99761E+16
9921,9922,6,5,32,20,2016,1,20,7,2,8,1,2,1,0,1,0,0,0,0,4.51944E+20,5.61187E+21,8.32014E+15,5.06567E+16
9922,9923,6,4,13,0,2016,1,15,2,3,2,6,0,1,0,1,0,0,0,0,4.82687E+20,5.55054E+21,8.75788E+15,5.01069E+16
9923,9924,6,4,36,7,2016,1,7,4,3,6,4,2,1,0,0,1,0,0,1,4.60155E+20,5.54829E+21,8.44303E+15,5.00855E+16
9924,9925,6,6,34,22,2016,1,19,6,3,5,2,2,0,0,1,0,0,0,0,5.11736E+20,5.63926E+21,9.16691E+15,5.09048E+16
9925,9926,6,4,32,18,2016,1,14,6,3,2,6,0,0,0,1,0,0,0,0,4.69665E+20,5.51786E+21,8.57836E+15,4.98125E+16
9926,9927,6,4,40,4,2016,1,19,2,3,9,1,2,1,0,1,0,0,0,0,5.04233E+20,5.57082E+21,9.05943E+15,5.02895E+16
9927,9928,6,5,34,18,2016,1,18,5,3,2,6,2,1,0,1,0,0,0,0,5.00948E+20,5.63096E+21,9.01346E+15,5.08304E+16
9928,9929,6,6,11,0,2016,1,11,4,3,5,2,0,1,1,1,0,0,0,0,5.32358E+20,5.68232E+21,9.46405E+15,5.12913E+16
9929,9930,6,6,31,20,2016,1,17,3,3,5,3,2,1,0,1,0,0,0,0,5.52117E+20,5.60227E+21,9.73596E+15,5.057E+16
9930,9931,6,4,14,0,2016,1,16,2,3,1,7,1,1,0,1,0,0,0,1,4.46259E+20,5.54656E+21,8.24906E+15,5.00689E+16
9931,9932,6,4,12,0,2016,1,14,6,3,6,4,0,0,0,1,1,0,0,0,4.67573E+20,5.55006E+21,8.54658E+15,5.01019E+16
9932,9933,6,4,33,10,2016,1,15,2,3,8,1,0,1,0,1,0,0,0,0,4.64318E+20,5.54205E+21,8.5018E+15,5.00297E+16
9933,9934,6,6,31,13,2016,1,13,2,2,9,1,0,1,0,1,0,0,0,0,5.59785E+20,5.60677E+21,9.84494E+15,5.06097E+16
9934,9935,6,4,12,0,2016,1,11,2,3,5,3,0,1,1,1,0,0,0,0,4.67193E+20,5.55077E+21,8.5412E+15,5.01083E+16
9935,9936,6,4,40,8,2016,1,11,3,3,5,3,0,1,0,1,0,0,1,0,4.83327E+20,5.57537E+21,8.76575E+15,5.03302E+16
9936,9937,6,6,31,9,2016,1,17,4,3,2,6,2,1,0,1,0,0,0,0,5.49003E+20,5.60077E+21,9.69178E+15,5.05568E+16
9937,9938,6,4,36,7,2016,1,11,1,3,9,6,0,1,0,1,0,0,0,1,4.5722E+20,5.54497E+21,8.40238E+15,5.00555E+16
9938,9939,6,4,31,11,2016,1,7,6,3,9,1,2,2,0,1,0,0,0,0,4.75442E+20,5.49822E+21,8.65989E+15,4.9636E+16
9939,9940,6,4,12,0,2016,1,21,5,3,2,6,2,1,0,1,0,0,0,0,4.76434E+20,5.55413E+21,8.67022E+15,5.01389E+16
9940,9941,6,4,38,2,2016,1,13,3,3,3,6,0,1,0,1,0,0,0,0,4.80697E+20,5.53684E+21,8.73076E+15,4.99836E+16
9941,9942,6,4,31,2,2016,1,19,4,3,6,4,2,0,0,0,1,0,0,1,4.71421E+20,5.5033E+21,8.60384E+15,4.96816E+16
9942,9943,6,4,35,25,2016,1,9,6,2,8,1,0,2,0,1,0,0,0,0,5.3496E+20,5.58165E+21,9.49175E+15,5.03859E+16
9943,9944,6,5,33,9,2016,1,17,5,3,2,6,2,1,0,1,0,0,0,0,4.32269E+20,5.58363E+21,8.04697E+15,5.04008E+16
9944,9945,6,6,31,15,2016,1,13,4,3,8,1,0,1,0,1,0,0,0,0,5.53199E+20,5.61218E+21,9.75264E+15,5.06591E+16
9945,9946,6,6,31,9,2016,1,15,3,3,2,6,0,1,0,1,0,0,0,0,5.50015E+20,5.6003E+21,9.70601E+15,5.05525E+16
9946,9947,6,4,11,0,2016,1,6,2,3,2,6,2,1,0,1,0,0,0,0,4.78189E+20,5.52364E+21,8.69651E+15,4.98648E+16
9947,9948,6,4,39,11,2016,1,5,1,3,8,1,2,1,0,1,0,0,0,1,4.49199E+20,5.56028E+21,8.2883E+15,5.01925E+16
9948,9949,6,5,32,23,2016,1,16,2,3,4,7,0,1,0,1,0,0,0,0,4.71759E+20,5.60093E+21,8.60129E+15,5.05596E+16
9949,9950,6,4,35,12,2016,1,10,6,3,9,1,0,1,0,1,0,0,0,0,5.08612E+20,5.56209E+21,9.1207E+15,5.02109E+16
9950,9951,6,5,31,5,2016,1,7,3,3,1,6,1,1,0,1,0,0,0,0,4.78432E+20,5.60204E+21,8.69543E+15,5.05699E+16
9951,9952,6,4,13,0,2016,1,9,4,3,2,6,0,1,0,1,0,0,0,0,4.8262E+20,5.54598E+21,8.75716E+15,5.00659E+16
9952,9953,6,4,14,0,2016,1,14,7,3,5,2,0,1,0,1,0,0,0,0,4.47565E+20,5.54156E+21,8.26798E+15,5.00241E+16
9953,9954,6,4,38,11,2016,1,13,3,2,3,6,0,1,0,1,0,0,1,0,4.9194E+20,5.54517E+21,8.8874E+15,5.00588E+16
9954,9955,6,4,38,9,2016,1,8,3,3,8,1,0,1,0,1,0,0,0,0,4.80026E+20,5.54403E+21,8.72101E+15,5.00483E+16
9955,9956,6,5,34,12,2016,1,12,1,3,2,2,0,0,0,1,0,0,0,0,4.79664E+20,5.6348E+21,8.71102E+15,5.08645E+16
9956,9957,6,4,31,2,2016,1,9,6,2,9,1,0,0,0,1,0,0,0,0,4.68142E+20,5.50515E+21,8.55823E+15,4.9698E+16
9957,9958,6,4,32,18,2016,1,20,4,3,8,1,2,0,0,1,0,0,0,0,4.69197E+20,5.51681E+21,8.57194E+15,4.98029E+16
9958,9959,6,6,33,10,2016,1,12,5,3,5,2,0,0,0,1,0,0,0,0,5.2838E+20,5.70079E+21,9.40849E+15,5.14576E+16
9959,9960,6,6,34,13,2016,1,6,7,3,9,1,2,2,0,1,0,0,0,0,5.3867E+20,5.65806E+21,9.55196E+15,5.10728E+16
9960,9961,6,6,33,20,2016,1,16,3,3,2,6,1,0,0,1,0,0,0,0,5.39156E+20,5.68369E+21,9.56169E+15,5.13032E+16
9961,9962,6,6,34,11,2016,1,13,7,3,9,1,0,1,0,1,0,0,0,0,5.33602E+20,5.65025E+21,9.4789E+15,5.10028E+16
9962,9963,6,4,12,0,2016,1,15,2,3,9,1,0,1,0,1,0,0,0,0,4.74194E+20,5.55593E+21,8.63875E+15,5.0155E+16
9963,9964,6,4,37,5,2016,1,9,6,2,8,1,0,2,0,1,0,0,0,0,4.94121E+20,5.51027E+21,8.91839E+15,4.97449E+16
9964,9965,6,4,12,0,2016,1,17,6,3,2,6,2,0,0,1,0,0,0,0,4.74534E+20,5.55349E+21,8.64368E+15,5.01331E+16
9965,9966,6,4,32,18,2016,1,14,6,3,2,6,0,0,0,1,0,0,0,0,4.69013E+20,5.51638E+21,8.56942E+15,4.97991E+16
9966,9967,6,5,32,13,2016,1,14,2,2,2,2,0,1,0,1,0,0,0,0,4.65549E+20,5.61221E+21,8.51258E+15,5.06607E+16
9967,9968,6,4,12,0,2016,1,21,3,3,2,6,2,1,0,1,0,0,0,0,4.80456E+20,5.55162E+21,8.72663E+15,5.01165E+16
9968,9969,6,4,31,2,2016,1,13,5,3,1,2,0,1,0,1,0,1,0,0,4.72708E+20,5.50355E+21,8.62166E+15,4.96839E+16
9969,9970,6,4,14,0,2016,1,17,4,3,1,5,2,1,0,1,0,0,0,0,4.44543E+20,5.54768E+21,8.22491E+15,5.00788E+16
9970,9971,6,4,40,12,2016,1,18,4,3,2,6,2,0,0,1,0,0,0,0,4.79643E+20,5.56393E+21,8.71461E+15,5.02272E+16
9971,9972,6,6,11,0,2016,1,7,5,3,2,6,1,1,0,1,0,0,0,0,5.33979E+20,5.68177E+21,9.48725E+15,5.12863E+16
9972,9973,6,4,35,19,2016,1,16,5,3,5,3,1,0,0,1,0,0,0,0,4.88807E+20,5.55544E+21,8.84333E+15,5.01511E+16
9973,9974,6,4,12,0,2016,1,23,1,3,3,7,2,0,0,1,0,1,0,0,4.76532E+20,5.54963E+21,8.67188E+15,5.00985E+16
9974,9975,6,5,34,14,2016,1,13,7,3,5,2,0,1,0,1,0,0,0,0,4.85279E+20,5.62721E+21,8.79112E+15,5.07964E+16
9975,9976,6,4,36,3,2016,1,19,5,3,2,6,2,1,0,1,0,0,0,0,4.70155E+20,5.55391E+21,8.58237E+15,5.01367E+16
9976,9977,6,4,34,4,2016,1,15,5,1,6,2,0,0,0,1,1,0,0,0,4.61425E+20,5.58164E+21,8.45739E+15,5.03856E+16
9977,9978,6,6,33,11,2016,1,16,2,3,2,6,0,2,0,1,0,0,0,0,5.24149E+20,5.68795E+21,9.34671E+15,5.13423E+16
9978,9979,6,6,36,13,2016,1,10,3,2,5,2,0,0,0,1,0,0,0,0,5.83719E+20,5.6666E+21,1.01968E+16,5.11447E+16
9979,9980,6,4,11,0,2016,1,17,3,3,2,6,2,0,0,1,0,0,0,0,4.71149E+20,5.52326E+21,8.59858E+15,4.98611E+16
9980,9981,6,4,12,0,2016,1,10,4,3,3,6,0,1,0,1,0,1,0,0,4.78015E+20,5.5506E+21,8.69255E+15,5.01073E+16
9981,9982,6,4,14,0,2016,1,9,2,3,3,7,0,1,0,1,0,0,0,0,4.46256E+20,5.54657E+21,8.24901E+15,5.0069E+16
9982,9983,6,5,33,3,2016,1,12,7,3,2,6,0,1,0,1,0,0,0,0,4.45785E+20,5.57165E+21,8.23886E+15,5.02945E+16
9983,9984,6,4,12,0,2016,1,8,5,3,2,6,1,0,0,1,0,0,0,0,4.7071E+20,5.55372E+21,8.59016E+15,5.0135E+16
9984,9985,6,5,31,6,2016,1,6,6,2,6,4,2,1,0,1,1,0,0,0,4.95091E+20,5.60262E+21,8.93067E+15,5.05755E+16
9985,9986,6,4,13,0,2016,1,23,6,3,3,7,2,1,0,1,0,0,0,0,4.84945E+20,5.54955E+21,8.7895E+15,5.0098E+16
9986,9987,6,6,32,11,2016,1,12,1,2,8,1,0,2,0,1,0,0,0,0,5.41201E+20,5.63213E+21,9.58515E+15,5.08394E+16
9987,9988,6,4,38,6,2016,1,7,5,3,2,6,2,0,0,1,0,0,0,1,4.79129E+20,5.53724E+21,8.70885E+15,4.99871E+16
9988,9989,6,5,33,9,2016,1,6,1,3,9,1,2,2,0,1,0,0,0,0,4.32062E+20,5.58271E+21,8.04422E+15,5.03925E+16
9989,9990,6,4,11,0,2016,1,19,5,3,5,3,2,0,0,1,0,0,0,0,4.7442E+20,5.52458E+21,8.644E+15,4.98731E+16
9990,9991,6,4,35,12,2016,1,19,5,2,4,6,2,1,0,1,0,0,0,0,5.10018E+20,5.56374E+21,9.14045E+15,5.02258E+16
9991,9992,6,4,35,19,2016,1,18,2,3,4,2,2,0,0,1,0,0,0,0,4.87754E+20,5.55503E+21,8.8286E+15,5.01474E+16
9992,9993,6,6,11,0,2016,1,8,3,2,6,4,0,1,0,1,1,0,0,0,5.34939E+20,5.68551E+21,9.50137E+15,5.13198E+16
9993,9994,6,6,35,15,2016,1,12,2,2,5,3,0,1,0,1,0,0,0,0,4.91568E+20,5.68193E+21,8.87908E+15,5.12886E+16
9994,9995,6,4,35,20,2016,1,14,6,2,9,1,0,1,0,1,0,0,0,0,4.9767E+20,5.56239E+21,8.96734E+15,5.02137E+16
9995,9996,6,4,35,6,2016,1,6,5,3,4,1,2,2,0,1,0,0,0,0,4.93617E+20,5.55841E+21,8.9106E+15,5.01779E+16
9996,9997,6,4,32,21,2016,1,21,2,3,9,1,2,2,0,1,0,0,0,0,5.00232E+20,5.5292E+21,9.00323E+15,4.99152E+16
9997,9998,6,6,11,0,2016,1,13,6,3,6,7,0,1,0,0,1,0,0,1,5.31567E+20,5.68475E+21,9.45292E+15,5.13132E+16
9998,9999,6,4,38,10,2016,1,8,3,3,5,3,0,2,0,1,0,0,0,0,4.90836E+20,5.54652E+21,8.87194E+15,5.00709E+16
9999,10000,6,4,14,0,2016,1,10,4,3,6,2,0,0,0,1,1,0,0,0,4.45661E+20,5.54412E+21,8.24104E+15,5.00469E+16
10000,10001,6,4,40,5,2016,1,18,2,3,0,6,2,0,0,0,0,1,0,1,4.7554E+20,5.59143E+21,8.6553E+15,5.04744E+16