FID,OBJECTID,ULAND,UREGBEZ,UKREIS,UGEMEINDE,UJAHR,UMONAT,USTUNDE,UWOCHENTAG,UKATEGORIE,UART,UTYP1,ULICHTVERH,IstStrasse,IstRad,IstPKW,IstFuss,IstKrad,IstGkfz,IstSonstig,LINREFX,LINREFY,XGCSWGS84,YGCSWGS84
10001,10002,6,6,35,12,2016,1,22,5,2,8,1,2,2,0,1,0,0,0,0,4.97505E+20,5.64456E+21,8.96448E+15,5.09527E+16
10002,10003,6,6,33,26,2016,1,20,6,3,1,5,2,1,0,1,0,0,0,0,5.33372E+20,5.68896E+21,9.47922E+15,5.13509E+16
10003,10004,6,6,11,0,2016,1,0,7,1,2,6,2,1,0,1,0,0,0,0,5.37339E+20,5.6847E+21,9.53573E+15,5.13124E+16
10004,10005,6,4,12,0,2016,1,17,5,3,5,3,2,0,1,0,0,0,0,0,4.77294E+20,5.55058E+21,8.68246E+15,5.0107E+16
10005,10006,6,4,33,14,2016,1,13,2,3,5,3,0,0,0,1,0,0,0,0,4.56932E+20,5.52703E+21,8.40036E+15,4.98941E+16
10006,10007,6,4,31,16,2016,1,6,6,3,5,3,2,1,0,1,0,0,0,0,4.7002E+20,5.50015E+21,8.58465E+15,4.96532E+16
10007,10008,6,4,40,16,2016,1,18,3,2,2,2,2,0,0,1,0,0,0,0,4.99868E+20,5.58609E+21,8.99814E+15,5.04268E+16
10008,10009,6,4,39,8,2016,1,14,4,2,5,2,0,0,0,1,0,0,0,0,4.46705E+20,5.56279E+21,8.25301E+15,5.02149E+16
10009,10010,6,4,36,6,2016,1,22,5,3,2,6,2,0,0,1,0,0,0,0,4.56718E+20,5.545E+21,8.39537E+15,5.00557E+16
10010,10011,6,6,31,12,2016,1,13,5,2,8,1,0,2,0,1,0,0,0,0,5.71901E+20,5.60398E+21,1.00156E+16,5.05833E+16
10011,10012,6,5,33,7,2016,1,15,1,3,4,1,0,2,0,1,0,0,0,0,4.36127E+20,5.59259E+21,8.09972E+15,5.04818E+16
10012,10013,6,5,32,19,2016,1,18,7,3,8,1,2,2,0,1,0,0,0,0,4.60128E+20,5.62188E+21,8.43484E+15,5.07473E+16
10013,10014,6,5,31,5,2016,1,10,4,3,2,6,0,0,0,1,0,0,0,0,4.77549E+20,5.60495E+21,8.6828E+15,5.0596E+16
10014,10015,6,4,12,0,2016,1,16,2,3,3,6,1,0,0,1,0,0,1,0,4.72641E+20,5.54857E+21,8.61754E+15,5.00888E+16
10015,10016,6,4,31,20,2016,1,15,6,2,8,1,0,1,0,1,0,0,0,0,4.69959E+20,5.48596E+21,8.5849E+15,4.95255E+16
10016,10017,6,6,11,0,2016,1,13,7,3,5,3,0,0,0,1,0,0,0,0,5.32326E+20,5.68079E+21,9.46345E+15,5.12776E+16
10017,10018,6,4,14,0,2016,1,11,5,3,2,6,0,0,0,1,0,0,0,0,4.43722E+20,5.54479E+21,8.21386E+15,5.00528E+16
10018,10019,6,4,38,13,2016,1,13,2,2,0,6,0,0,0,1,0,0,1,0,4.97244E+20,5.54045E+21,8.96153E+15,5.00164E+16
10019,10020,6,5,32,11,2016,1,22,6,2,8,7,2,1,0,1,0,0,0,0,4.41919E+20,5.62236E+21,8.17669E+15,5.07501E+16
10020,10021,6,5,31,5,2016,1,16,4,3,2,2,1,1,0,1,0,0,0,1,4.73555E+20,5.59869E+21,8.62681E+15,5.05396E+16
10021,10022,6,6,31,18,2016,1,12,3,3,6,4,0,1,0,1,1,0,0,0,5.43725E+20,5.58965E+21,9.61598E+15,5.04572E+16
10022,10023,6,4,40,8,2016,1,16,4,3,1,6,0,0,0,1,0,0,0,0,4.81148E+20,5.57448E+21,8.73518E+15,5.03221E+16
10023,10024,6,4,40,15,2016,1,16,5,3,2,6,1,0,0,1,0,0,0,0,4.80255E+20,5.59033E+21,8.7218E+15,5.04646E+16
10024,10025,6,5,31,5,2016,1,15,5,3,5,3,0,0,0,1,0,0,0,0,4.7653E+20,5.60325E+21,8.6685E+15,5.05807E+16
10025,10026,6,4,39,8,2016,1,14,1,3,5,2,0,1,0,1,0,0,0,0,4.5691E+20,5.56484E+21,8.39581E+15,5.02342E+16
10026,10027,6,4,12,0,2016,1,18,7,3,6,4,2,1,0,1,1,0,0,0,4.80919E+20,5.55324E+21,8.73303E+15,5.01311E+16
10027,10028,6,4,12,0,2016,1,11,5,3,6,4,0,0,1,0,1,0,0,0,4.7811E+20,5.55309E+21,8.69373E+15,5.01296E+16
10028,10029,6,4,40,22,2016,1,5,5,3,8,7,2,1,0,1,0,0,0,0,4.82803E+20,5.58833E+21,8.75779E+15,5.04467E+16
10029,10030,6,4,39,7,2016,1,10,2,2,6,7,0,1,0,1,1,0,0,0,4.4506E+20,5.56865E+21,8.22911E+15,5.02674E+16
10030,10031,6,6,32,2,2016,1,7,3,3,2,6,0,1,0,1,0,0,0,0,5.50714E+20,5.63512E+21,9.72066E+15,5.08655E+16
10031,10032,6,4,32,18,2016,1,17,3,3,2,6,2,0,0,1,0,0,0,0,4.69719E+20,5.51799E+21,8.5791E+15,4.98136E+16
10032,10033,6,4,12,0,2016,1,17,4,2,6,2,1,1,0,1,1,0,0,0,4.80529E+20,5.55164E+21,8.72765E+15,5.01167E+16
10033,10034,6,4,37,9,2016,1,11,5,3,8,1,0,1,0,1,0,0,0,0,4.99085E+20,5.51654E+21,8.98729E+15,4.98013E+16
10034,10035,6,6,35,2,2016,1,8,2,3,9,1,0,2,0,1,0,0,0,0,5.06526E+20,5.68627E+21,9.09367E+15,5.13277E+16
10035,10036,6,4,36,7,2016,1,7,4,2,2,6,0,0,0,1,0,0,0,0,4.58944E+20,5.54495E+21,8.42647E+15,5.00554E+16
10036,10037,6,4,12,0,2016,1,14,4,3,5,3,0,1,1,1,0,0,0,0,4.79832E+20,5.55129E+21,8.71792E+15,5.01135E+16
10037,10038,6,6,11,0,2016,1,11,2,3,5,3,0,2,0,1,0,0,0,0,5.33126E+20,5.68833E+21,9.47562E+15,5.13453E+16
10038,10039,6,4,40,23,2016,1,13,5,2,0,6,0,0,0,1,0,0,0,0,4.76493E+20,5.57055E+21,8.67002E+15,5.02866E+16
10039,10040,6,5,34,14,2016,1,8,6,3,0,2,0,1,0,1,0,0,0,1,4.84081E+20,5.62915E+21,8.77403E+15,5.08138E+16
10040,10041,6,4,12,0,2016,1,0,1,2,5,2,2,1,0,1,0,0,0,0,4.81369E+20,5.55329E+21,8.73932E+15,5.01315E+16
10041,10042,6,6,11,0,2016,1,17,5,3,2,6,2,2,0,1,0,0,0,0,5.29723E+20,5.6837E+21,9.42638E+15,5.13038E+16
10042,10043,6,5,32,11,2016,1,19,5,3,9,1,1,2,0,1,0,0,0,0,4.43568E+20,5.62311E+21,8.19995E+15,5.0757E+16
10043,10044,6,4,36,6,2016,1,7,2,3,1,5,1,1,0,1,0,0,1,0,4.54027E+20,5.54053E+21,8.35832E+15,5.00154E+16
10044,10045,6,4,12,0,2016,1,21,3,3,2,6,2,0,0,1,0,0,0,0,4.73496E+20,5.55312E+21,8.62917E+15,5.01297E+16
10045,10046,6,4,39,15,2016,1,17,5,3,7,7,2,1,0,1,1,0,0,0,4.38864E+20,5.55457E+21,8.14445E+15,5.01402E+16
10046,10047,6,6,36,1,2016,1,7,6,3,6,4,2,1,0,1,1,0,0,0,5.68366E+20,5.68051E+21,9.98005E+15,5.12719E+16
10047,10048,6,6,11,0,2016,1,17,5,3,2,2,2,1,0,1,0,0,0,0,5.33488E+20,5.68498E+21,9.48051E+15,5.13152E+16
10048,10049,6,4,32,14,2016,1,12,2,3,5,3,0,0,1,1,0,0,0,0,4.77697E+20,5.52064E+21,8.68984E+15,4.98378E+16
10049,10050,6,4,35,4,2016,1,14,6,3,2,2,0,1,0,1,0,0,0,0,5.22007E+20,5.57907E+21,9.30941E+15,5.03633E+16
10050,10051,6,4,12,0,2016,1,8,2,3,6,2,0,0,0,1,1,0,0,0,4.76482E+20,5.55525E+21,8.67082E+15,5.0149E+16
10051,10052,6,5,31,4,2016,1,1,7,3,3,6,2,1,0,1,0,0,0,0,4.84404E+20,5.59901E+21,8.7799E+15,5.05428E+16
10052,10053,6,4,34,2,2016,1,8,5,3,2,6,0,1,0,1,0,0,0,0,4.75961E+20,5.56491E+21,8.66292E+15,5.02359E+16
10053,10054,6,4,36,6,2016,1,7,6,3,6,4,2,1,0,1,1,0,0,0,4.56118E+20,5.5435E+21,8.38715E+15,5.00422E+16
10054,10055,6,4,11,0,2016,1,13,6,3,6,4,0,2,0,0,1,0,1,0,4.74418E+20,5.5246E+21,8.64397E+15,4.98733E+16
10055,10056,6,6,35,19,2016,1,19,7,3,8,1,2,2,0,1,0,0,0,0,4.92929E+20,5.67356E+21,8.89876E+15,5.12134E+16
10056,10057,6,6,33,5,2016,1,16,3,2,8,1,0,0,0,1,0,0,0,0,5.23792E+20,5.69749E+21,9.34222E+15,5.14281E+16
10057,10058,6,4,36,9,2016,1,18,5,3,5,2,2,1,0,1,0,0,0,0,4.61989E+20,5.54651E+21,8.46885E+15,5.00696E+16
10058,10059,6,5,33,13,2016,1,17,4,3,5,2,2,0,0,1,0,0,0,0,4.3571E+20,5.58654E+21,8.09488E+15,5.04273E+16
10059,10060,6,4,37,12,2016,1,16,7,2,9,1,1,2,0,1,0,0,0,0,4.95656E+20,5.49645E+21,8.93986E+15,4.96206E+16
10060,10061,6,4,37,6,2016,1,18,5,3,6,4,2,1,0,1,1,0,0,0,4.99633E+20,5.50104E+21,8.99492E+15,4.96619E+16
10061,10062,6,6,31,15,2016,1,12,2,3,2,6,0,0,0,1,0,0,0,0,5.5867E+20,5.61715E+21,9.83084E+15,5.07032E+16
10062,10063,6,4,35,29,2016,1,14,6,3,2,6,0,2,0,1,0,0,0,0,5.21358E+20,5.56626E+21,9.29956E+15,5.02481E+16
10063,10064,6,4,31,18,2016,1,17,3,3,5,3,2,0,0,1,0,0,0,1,4.91607E+20,5.47397E+21,8.88428E+15,4.94183E+16
10064,10065,6,4,36,7,2016,1,18,4,3,2,6,2,0,0,1,0,0,0,0,4.59727E+20,5.54706E+21,8.43718E+15,5.00745E+16
10065,10066,6,4,34,1,2016,1,6,3,3,5,2,1,1,0,1,0,0,0,0,4.72522E+20,5.56263E+21,8.61486E+15,5.02152E+16
10066,10067,6,4,11,0,2016,1,16,4,3,2,6,0,0,0,1,0,0,0,0,4.738E+20,5.52432E+21,8.63539E+15,4.98707E+16
10067,10068,6,4,40,4,2016,1,10,5,3,4,1,0,0,0,1,0,0,0,1,5.14574E+20,5.57623E+21,9.20479E+15,5.03379E+16
10068,10069,6,5,33,1,2016,1,19,7,2,4,1,2,2,0,1,0,0,0,0,4.39586E+20,5.592E+21,8.14856E+15,5.04769E+16
10069,10070,6,4,33,10,2016,1,8,5,3,2,6,0,0,0,1,0,0,0,1,4.62278E+20,5.54162E+21,8.47337E+15,5.00257E+16
10070,10071,6,4,13,0,2016,1,18,2,3,2,6,2,0,0,1,0,0,0,0,4.81325E+20,5.5503E+21,8.73885E+15,5.01046E+16
10071,10072,6,4,40,7,2016,1,17,6,3,5,3,2,1,1,1,0,0,0,0,4.94817E+20,5.57538E+21,8.92718E+15,5.03305E+16
10072,10073,6,5,32,11,2016,1,7,5,3,9,1,0,2,0,1,0,0,0,0,4.44557E+20,5.62535E+21,8.21363E+15,5.07773E+16
10073,10074,6,4,12,0,2016,1,6,2,3,2,6,2,2,0,1,0,0,0,0,4.79275E+20,5.55106E+21,8.71015E+15,5.01114E+16
10074,10075,6,4,12,0,2016,1,18,4,3,0,6,0,0,0,1,0,0,0,0,4.71552E+20,5.55094E+21,8.60214E+15,5.011E+16
10075,10076,6,5,31,5,2016,1,8,3,3,8,7,0,1,1,0,0,0,0,1,4.79293E+20,5.60406E+21,8.70749E+15,5.0588E+16
10076,10077,6,4,31,2,2016,1,15,4,3,6,4,0,0,0,1,1,0,0,0,4.72302E+20,5.50318E+21,8.61606E+15,4.96805E+16
10077,10078,6,4,12,0,2016,1,12,4,3,5,2,0,0,1,1,0,0,0,0,4.79354E+20,5.55261E+21,8.71116E+15,5.01253E+16
10078,10079,6,5,35,11,2016,1,18,2,2,6,4,2,0,0,1,1,0,0,0,5.28024E+20,5.60899E+21,9.39625E+15,5.06321E+16
10079,10080,6,4,12,0,2016,1,15,4,3,0,1,0,2,0,0,0,1,0,0,4.70475E+20,5.54504E+21,8.58753E+15,5.00569E+16
10080,10081,6,4,38,10,2016,1,11,1,3,9,1,0,2,0,1,0,0,0,0,4.91135E+20,5.54638E+21,8.87613E+15,5.00696E+16
10081,10082,6,6,35,15,2016,1,16,4,3,5,2,0,0,0,1,0,0,0,0,4.92793E+20,5.68081E+21,8.89667E+15,5.12786E+16
10082,10083,6,6,31,20,2016,1,7,5,3,5,2,1,2,0,1,0,0,0,0,5.53873E+20,5.60042E+21,9.76047E+15,5.05532E+16
10083,10084,6,4,12,0,2016,1,11,1,3,2,6,0,0,0,1,0,0,0,0,4.71216E+20,5.54986E+21,8.59752E+15,5.01003E+16
10084,10085,6,4,33,14,2016,1,4,7,2,9,7,2,0,0,1,0,0,0,0,4.57186E+20,5.52781E+21,8.40382E+15,4.99012E+16
10085,10086,6,5,31,17,2016,1,20,1,3,4,6,2,1,0,1,0,0,0,0,4.82189E+20,5.61214E+21,8.748E+15,5.06609E+16
10086,10087,6,4,13,0,2016,1,8,5,3,2,6,0,1,0,1,0,0,0,0,4.8421E+20,5.54887E+21,8.77925E+15,5.00918E+16
10087,10088,6,4,38,1,2016,1,17,5,3,6,2,2,1,0,1,1,0,0,0,4.84182E+20,5.54032E+21,8.77922E+15,5.0015E+16
10088,10089,6,6,34,8,2016,1,11,2,3,5,2,0,0,0,1,0,0,0,0,5.33072E+20,5.67209E+21,9.47335E+15,5.11993E+16
10089,10090,6,6,36,3,2016,1,19,3,3,2,6,2,1,0,1,0,0,0,1,5.72248E+20,5.66993E+21,1.00335E+16,5.11762E+16
10090,10091,6,4,12,0,2016,1,18,3,2,0,7,2,1,0,1,0,0,0,0,4.70401E+20,5.54471E+21,8.58653E+15,5.00539E+16
10091,10092,6,6,33,200,2016,1,7,4,3,4,6,1,1,0,1,0,0,1,0,5.37602E+20,5.71892E+21,9.54315E+15,5.16201E+16
10092,10093,6,4,14,0,2016,1,16,2,2,6,4,0,0,0,1,1,0,0,0,4.45365E+20,5.54792E+21,8.23637E+15,5.0081E+16
10093,10094,6,4,12,0,2016,1,11,7,3,8,1,0,0,0,1,0,0,0,0,4.74509E+20,5.5451E+21,8.64389E+15,5.00576E+16
10094,10095,6,6,34,11,2016,1,6,4,3,5,2,2,1,0,1,0,1,0,0,5.3467E+20,5.65328E+21,9.49441E+15,5.103E+16
10095,10096,6,6,31,9,2016,1,7,6,2,6,4,0,2,0,1,1,0,0,0,5.48966E+20,5.59863E+21,9.69098E+15,5.05375E+16
10096,10097,6,4,14,0,2016,1,9,6,3,6,3,0,1,0,1,1,0,0,0,4.49247E+20,5.54532E+21,8.29097E+15,5.0058E+16
10097,10098,6,4,13,0,2016,1,10,1,2,9,1,0,2,0,1,0,0,0,0,4.83367E+20,5.54608E+21,8.76759E+15,5.00668E+16
10098,10099,6,6,34,5,2016,1,7,5,3,4,6,0,2,0,1,0,0,0,0,5.22034E+20,5.66631E+21,9.31501E+15,5.11478E+16
10099,10100,6,4,36,10,2016,1,17,2,3,6,4,2,0,0,1,1,0,0,0,4.63459E+20,5.55195E+21,8.48886E+15,5.01186E+16
10100,10101,6,4,11,0,2016,1,16,5,3,2,6,0,0,0,1,0,0,0,0,4.74582E+20,5.52239E+21,8.6464E+15,4.98534E+16
10101,10102,6,4,32,17,2016,1,22,5,3,8,1,2,1,0,1,0,0,0,0,4.9195E+20,5.52213E+21,8.88801E+15,4.98516E+16
10102,10103,6,4,38,13,2016,1,16,2,3,6,6,0,0,1,0,1,0,0,0,4.98208E+20,5.54418E+21,8.97497E+15,5.00499E+16
10103,10104,6,6,11,0,2016,1,8,3,3,2,6,0,0,0,1,0,0,0,0,5.34208E+20,5.68737E+21,9.49107E+15,5.13366E+16
10104,10105,6,4,35,17,2016,1,23,2,3,1,1,2,2,0,1,0,0,0,1,5.0321E+20,5.55804E+21,9.04495E+15,5.01746E+16
10105,10106,6,4,35,6,2016,1,17,6,3,8,1,2,1,0,1,0,0,0,0,4.96522E+20,5.56048E+21,8.95128E+15,5.01965E+16
10106,10107,6,4,38,9,2016,1,12,6,3,3,6,0,1,0,1,0,0,0,1,4.74718E+20,5.54489E+21,8.64682E+15,5.00558E+16
10107,10108,6,6,33,28,2016,1,9,6,3,8,1,0,2,0,1,0,0,0,0,5.11132E+20,5.68349E+21,9.15968E+15,5.13026E+16
10108,10109,6,4,35,28,2016,1,7,3,2,8,7,1,2,0,1,0,0,0,0,5.33068E+20,5.57795E+21,9.46483E+15,5.03527E+16
10109,10110,6,6,11,0,2016,1,15,4,3,8,1,0,1,0,1,1,0,0,0,5.34428E+20,5.68714E+21,9.4942E+15,5.13345E+16
10110,10111,6,6,33,28,2016,1,16,7,3,4,1,0,2,0,1,0,0,0,0,5.14158E+20,5.69045E+21,9.20337E+15,5.13651E+16
10111,10112,6,6,33,5,2016,1,17,5,3,5,3,2,1,0,1,0,0,0,0,5.28974E+20,5.6934E+21,9.41642E+15,5.13911E+16
10112,10113,6,5,35,1,2016,1,6,5,3,9,1,2,2,0,0,0,0,1,0,5.19499E+20,5.62121E+21,9.27636E+15,5.07424E+16
10113,10114,6,5,32,23,2016,1,7,2,3,2,6,1,1,0,1,0,0,0,0,4.64367E+20,5.60013E+21,8.49702E+15,5.0552E+16
10114,10115,6,6,36,7,2016,1,8,6,3,8,1,0,1,0,1,0,0,0,0,5.76012E+20,5.67206E+21,1.00878E+16,5.11949E+16
10115,10116,6,5,33,9,2016,1,12,7,3,5,5,0,0,0,1,0,1,0,0,4.33358E+20,5.58169E+21,8.06263E+15,5.03835E+16
10116,10117,6,4,12,0,2016,1,18,5,3,6,6,2,1,0,1,1,0,0,0,4.72252E+20,5.55254E+21,8.61182E+15,5.01245E+16
10117,10118,6,4,40,7,2016,1,15,2,3,2,6,0,0,0,1,0,0,0,0,4.94462E+20,5.57535E+21,8.92219E+15,5.03302E+16
10118,10119,6,4,34,4,2016,1,10,6,3,8,1,0,2,0,1,0,0,0,0,4.59562E+20,5.57989E+21,8.43138E+15,5.03697E+16
10119,10120,6,4,35,5,2016,1,12,3,3,5,3,0,0,0,1,0,0,0,1,5.18125E+20,5.57475E+21,9.25463E+15,5.03246E+16
10120,10121,6,6,34,2,2016,1,21,4,3,8,7,2,2,0,1,0,0,0,0,5.26514E+20,5.67387E+21,9.37962E+15,5.12156E+16
10121,10122,6,5,33,2,2016,1,0,4,2,5,3,2,1,0,1,0,0,0,0,4.41827E+20,5.57877E+21,8.1822E+15,5.03581E+16
10122,10123,6,4,31,5,2016,1,7,5,3,2,6,2,0,0,1,0,0,0,0,4.60705E+20,5.50049E+21,8.45558E+15,4.96557E+16
10123,10124,6,5,33,8,2016,1,12,1,3,8,1,0,1,0,1,0,0,0,0,4.36795E+20,5.57821E+21,8.11156E+15,5.03526E+16
10124,10125,6,4,40,4,2016,1,19,7,2,4,6,2,1,0,1,0,0,0,0,5.01088E+20,5.56646E+21,9.01526E+15,5.02503E+16
10125,10126,6,5,32,23,2016,1,17,5,3,9,6,2,0,0,1,0,0,0,1,4.65718E+20,5.60464E+21,8.51567E+15,5.05927E+16
10126,10127,6,4,13,0,2016,1,18,2,3,2,6,2,0,0,1,0,0,0,0,4.81321E+20,5.55018E+21,8.7388E+15,5.01036E+16
10127,10128,6,5,34,10,2016,1,8,6,3,4,1,0,2,0,1,0,0,1,0,4.70161E+20,5.62621E+21,8.57669E+15,5.07869E+16
10128,10129,6,5,35,1,2016,1,3,5,2,8,1,2,2,0,0,0,0,1,0,5.19559E+20,5.62663E+21,9.27749E+15,5.07911E+16
10129,10130,6,6,34,26,2016,1,14,2,2,9,6,0,2,0,1,0,0,0,1,5.16099E+20,5.6348E+21,9.22876E+15,5.08647E+16
10130,10131,6,4,12,0,2016,1,8,4,3,3,6,0,1,0,1,0,0,0,0,4.69519E+20,5.55299E+21,8.57356E+15,5.01283E+16
10131,10132,6,4,38,7,2016,1,9,3,3,2,3,0,0,0,1,0,0,0,0,5.02079E+20,5.53955E+21,9.02902E+15,5.00083E+16
10132,10133,6,5,32,20,2016,1,18,6,2,8,1,2,1,0,1,0,0,0,0,4.52803E+20,5.60858E+21,8.33272E+15,5.06272E+16
10133,10134,6,5,31,6,2016,1,9,4,3,8,1,0,1,0,1,0,0,0,0,4.92028E+20,5.60393E+21,8.88738E+15,5.05872E+16
10134,10135,6,5,34,14,2016,1,16,3,3,2,6,1,1,0,1,0,0,0,0,4.84423E+20,5.62591E+21,8.77902E+15,5.07847E+16
10135,10136,6,4,37,3,2016,1,22,4,3,8,1,2,1,0,0,0,0,1,0,4.93414E+20,5.51443E+21,8.90852E+15,4.97823E+16
10136,10137,6,5,33,9,2016,1,5,4,2,6,4,2,1,0,1,1,0,0,0,4.37358E+20,5.58055E+21,8.11907E+15,5.03737E+16
10137,10138,6,5,32,16,2016,1,9,5,3,5,3,0,1,0,1,0,0,1,0,4.50614E+20,5.59779E+21,8.30321E+15,5.053E+16
10138,10139,6,6,34,4,2016,1,8,1,3,8,1,0,2,0,1,0,0,0,0,5.20514E+20,5.64208E+21,9.2919E+15,5.093E+16
10139,10140,6,6,31,9,2016,1,13,7,2,6,4,0,1,0,1,1,0,0,0,5.48053E+20,5.59971E+21,9.67824E+15,5.05474E+16
10140,10141,6,4,12,0,2016,1,16,5,3,2,6,0,0,0,1,0,0,0,0,4.80104E+20,5.55625E+21,8.72147E+15,5.01581E+16
10141,10142,6,5,34,18,2016,1,18,5,3,2,6,2,1,0,1,0,0,0,0,5.00957E+20,5.63093E+21,9.01359E+15,5.08301E+16
10142,10143,6,6,33,23,2016,1,6,2,3,8,1,2,2,0,1,0,0,0,0,5.19881E+20,5.67983E+21,9.28498E+15,5.12695E+16
10143,10144,6,6,35,7,2016,1,10,3,3,2,1,0,1,0,1,0,0,0,1,4.86089E+20,5.68962E+21,8.80022E+15,5.13577E+16
10144,10145,6,4,33,2,2016,1,19,3,2,2,6,2,0,0,1,0,0,0,0,4.53088E+20,5.53855E+21,8.34544E+15,4.99974E+16
10145,10146,6,6,33,3,2016,1,14,4,3,5,3,0,0,0,1,0,0,0,0,5.31117E+20,5.67862E+21,9.44594E+15,5.12581E+16
10146,10147,6,4,12,0,2016,1,18,2,3,5,3,2,0,0,1,0,0,0,0,4.66992E+20,5.55106E+21,8.53836E+15,5.01108E+16
10147,10148,6,4,40,18,2016,1,13,7,3,8,1,0,1,0,1,0,0,0,0,4.78308E+20,5.57672E+21,8.69516E+15,5.03422E+16
10148,10149,6,6,11,0,2016,1,17,4,3,2,6,2,0,0,1,0,0,0,0,5.35728E+20,5.68585E+21,9.51273E+15,5.13228E+16
10149,10150,6,4,35,14,2016,1,21,6,3,0,7,2,1,0,1,0,0,0,0,4.93918E+20,5.55086E+21,8.91494E+15,5.01099E+16
10150,10151,6,4,12,0,2016,1,14,6,2,6,4,0,1,0,1,1,0,0,0,4.75271E+20,5.55117E+21,8.65414E+15,5.01122E+16
10151,10152,6,6,34,7,2016,1,9,4,2,8,1,0,1,0,1,0,0,0,0,5.24063E+20,5.67064E+21,9.34431E+15,5.11867E+16
10152,10153,6,6,11,0,2016,1,19,2,3,3,6,2,0,0,1,0,0,0,0,5.35715E+20,5.68437E+21,9.5124E+15,5.13095E+16
10153,10154,6,6,11,0,2016,1,7,4,3,5,3,2,1,0,1,0,0,0,0,5.35001E+20,5.68566E+21,9.50229E+15,5.13211E+16
10154,10155,6,4,33,6,2016,1,18,1,3,3,6,2,0,0,1,0,0,0,0,4.62659E+20,5.52679E+21,8.48012E+15,4.98923E+16
10155,10156,6,6,33,29,2016,1,6,5,3,9,1,2,2,0,1,0,0,0,0,5.21228E+20,5.68844E+21,9.30481E+15,5.13468E+16
10156,10157,6,5,34,11,2016,1,1,5,3,9,1,2,1,0,1,0,0,0,0,4.92831E+20,5.63083E+21,8.89821E+15,5.08292E+16
10157,10158,6,4,34,11,2016,1,8,2,3,5,3,0,1,0,1,0,0,0,0,4.67056E+20,5.57602E+21,8.53709E+15,5.03354E+16
10158,10159,6,4,13,0,2016,1,12,3,3,2,6,0,1,0,1,0,0,0,0,4.84539E+20,5.55039E+21,8.7838E+15,5.01055E+16
10159,10160,6,4,35,21,2016,1,16,6,3,7,7,1,1,0,1,0,0,0,0,4.90398E+20,5.56216E+21,8.86543E+15,5.02116E+16
10160,10161,6,6,11,0,2016,1,17,5,2,6,4,2,1,0,1,1,0,0,0,5.34499E+20,5.68707E+21,9.49521E+15,5.13338E+16
10161,10162,6,4,32,10,2016,1,12,2,3,5,3,0,0,0,1,0,0,0,0,4.94257E+20,5.5228E+21,8.92011E+15,4.98576E+16
10162,10163,6,6,35,6,2016,1,23,6,3,8,1,2,1,0,1,0,0,0,0,4.85393E+20,5.65089E+21,8.79179E+15,5.10094E+16
10163,10164,6,4,38,11,2016,1,18,3,3,5,3,2,1,0,1,0,0,0,0,4.91966E+20,5.5384E+21,8.8879E+15,4.99979E+16
10164,10165,6,4,36,12,2016,1,7,4,3,5,2,0,0,0,1,0,0,0,0,4.65188E+20,5.55359E+21,8.5129E+15,5.01335E+16
10165,10166,6,4,32,23,2016,1,11,1,2,9,1,0,1,0,1,0,0,0,1,4.71888E+20,5.52875E+21,8.60847E+15,4.99105E+16
10166,10167,6,4,34,8,2016,1,7,5,2,2,6,1,0,0,1,0,0,0,0,4.66703E+20,5.56084E+21,8.53347E+15,5.01988E+16
10167,10168,6,5,33,9,2016,1,18,4,3,2,6,2,1,0,1,0,0,0,0,4.31892E+20,5.58323E+21,8.04173E+15,5.03972E+16
10168,10169,6,4,12,0,2016,1,8,5,3,5,2,0,0,1,0,0,0,1,0,4.81513E+20,5.55356E+21,8.74132E+15,5.0134E+16
10169,10170,6,6,33,9,2016,1,14,6,2,8,1,0,1,0,1,0,0,0,0,5.36057E+20,5.6898E+21,9.51785E+15,5.13583E+16
10170,10171,6,6,33,12,2016,1,6,7,3,8,1,2,1,0,1,0,0,0,0,5.47539E+20,5.67867E+21,9.68127E+15,5.12574E+16
10171,10172,6,4,12,0,2016,1,19,5,3,6,2,2,1,0,1,1,0,0,0,4.76226E+20,5.55028E+21,8.66756E+15,5.01043E+16
10172,10173,6,5,34,11,2016,1,14,2,1,4,1,0,0,0,1,0,0,1,0,4.89619E+20,5.63253E+21,8.85255E+15,5.08443E+16
10173,10174,6,4,35,1,2016,1,15,6,2,2,2,0,2,0,1,0,0,0,0,5.20804E+20,5.56496E+21,9.29171E+15,5.02364E+16
10174,10175,6,4,40,21,2016,1,19,3,3,4,1,2,0,0,1,0,0,0,0,4.88362E+20,5.57868E+21,8.83639E+15,5.03601E+16
10175,10176,6,4,36,7,2016,1,19,4,3,2,6,2,0,0,1,0,0,0,0,4.54895E+20,5.54508E+21,8.36989E+15,5.00563E+16
10176,10177,6,4,14,0,2016,1,11,4,3,2,6,0,1,0,1,0,0,0,0,4.49E+20,5.54502E+21,8.28756E+15,5.00553E+16
10177,10178,6,6,31,8,2016,1,17,5,3,5,3,1,1,0,1,0,0,0,0,5.40149E+20,5.58578E+21,9.56519E+15,5.04227E+16
10178,10179,6,4,13,0,2016,1,14,1,3,5,7,0,1,0,1,0,0,0,0,4.84697E+20,5.54968E+21,8.78603E+15,5.00991E+16
10179,10180,6,4,35,1,2016,1,14,5,3,5,3,0,0,0,1,0,1,0,0,5.24783E+20,5.56402E+21,9.34745E+15,5.02278E+16
10180,10181,6,4,39,15,2016,1,0,7,3,8,1,2,2,0,1,0,0,0,0,4.43839E+20,5.55557E+21,8.21391E+15,5.01497E+16
10181,10182,6,4,31,20,2016,1,20,5,3,2,6,2,0,0,1,0,0,0,1,4.68127E+20,5.48639E+21,8.55954E+15,4.95293E+16
10182,10183,6,6,32,11,2016,1,13,2,2,2,6,0,0,0,1,0,0,1,1,5.41134E+20,5.63212E+21,9.5842E+15,5.08393E+16