FID,OBJECTID,ULAND,UREGBEZ,UKREIS,UGEMEINDE,UJAHR,UMONAT,USTUNDE,UWOCHENTAG,UKATEGORIE,UART,UTYP1,ULICHTVERH,IstStrasse,IstRad,IstPKW,IstFuss,IstKrad,IstGkfz,IstSonstig,LINREFX,LINREFY,XGCSWGS84,YGCSWGS84
10183,10184,6,4,32,10,2016,1,16,6,3,9,1,0,2,0,1,0,0,0,0,5.00496E+20,5.52427E+21,9.00691E+15,4.98709E+16
10184,10185,6,4,12,0,2016,1,7,2,3,6,4,1,2,0,1,1,0,0,0,4.77783E+20,5.55629E+21,8.68898E+15,5.01584E+16
10185,10186,6,4,38,12,2016,1,5,4,2,9,1,2,0,0,1,0,0,0,0,4.90334E+20,5.53587E+21,8.8652E+15,4.99751E+16
10186,10187,6,6,31,9,2016,1,17,3,3,4,6,2,1,0,1,0,0,0,0,5.49855E+20,5.59971E+21,9.70366E+15,5.05472E+16
10187,10188,6,4,40,8,2016,1,9,4,3,5,3,0,1,0,1,0,0,0,0,4.84486E+20,5.57638E+21,8.78199E+15,5.03393E+16
10188,10189,6,6,32,2,2016,1,17,2,3,5,2,1,1,0,1,0,0,0,0,5.50866E+20,5.63367E+21,9.72262E+15,5.08525E+16
10189,10190,6,4,14,0,2016,1,16,4,2,8,1,0,1,0,1,0,0,1,0,4.40477E+20,5.54492E+21,8.16852E+15,5.00536E+16
10190,10191,6,4,38,8,2016,1,5,1,3,8,1,2,2,0,1,0,0,0,0,4.87716E+20,5.5524E+21,8.82816E+15,5.01237E+16
10191,10192,6,6,34,11,2016,1,16,7,3,9,1,1,2,0,1,0,0,0,0,5.35723E+20,5.64463E+21,9.50858E+15,5.09521E+16
10192,10193,6,4,12,0,2016,1,16,5,2,5,3,1,0,1,1,0,0,0,0,4.78655E+20,5.55235E+21,8.7014E+15,5.0123E+16
10193,10194,6,5,31,1,2016,1,20,5,3,8,1,2,1,0,1,0,0,0,0,4.8863E+20,5.61418E+21,8.83907E+15,5.06793E+16
10194,10195,6,4,32,19,2016,1,14,7,2,8,7,0,1,0,1,0,0,0,0,4.89647E+20,5.51994E+21,8.85604E+15,4.98318E+16
10195,10196,6,4,12,0,2016,1,21,2,3,2,6,2,0,0,1,0,0,0,0,4.71595E+20,5.55604E+21,8.60237E+15,5.01559E+16
10196,10197,6,4,13,0,2016,1,17,5,3,2,6,2,1,0,1,0,0,0,0,4.84568E+20,5.55013E+21,8.7842E+15,5.01032E+16
10197,10198,6,4,31,15,2016,1,6,6,3,4,6,2,2,0,1,0,0,0,0,4.8295E+20,5.50366E+21,8.76363E+15,4.96852E+16
10198,10199,6,5,31,5,2016,1,19,5,2,3,6,2,1,1,1,0,0,0,0,4.81274E+20,5.60365E+21,8.73549E+15,5.05845E+16
10199,10200,6,6,34,14,2016,1,11,2,2,6,4,0,0,0,1,1,0,0,0,5.38471E+20,5.66452E+21,9.54981E+15,5.11309E+16
10200,10201,6,5,31,14,2016,1,16,4,2,2,6,0,1,0,1,0,0,1,0,4.81894E+20,5.59502E+21,8.74466E+15,5.05069E+16
10201,10202,6,6,32,15,2016,1,16,3,3,3,6,1,0,0,1,0,0,1,0,5.38294E+20,5.62924E+21,9.54356E+15,5.08137E+16
10202,10203,6,4,38,3,2016,1,0,4,3,5,3,2,1,0,1,0,0,0,0,4.76429E+20,5.53454E+21,8.67136E+15,4.99627E+16
10203,10204,6,4,14,0,2016,1,11,2,3,2,6,0,1,0,1,0,0,0,0,4.44211E+20,5.5462E+21,8.2205E+15,5.00654E+16
10204,10205,6,4,12,0,2016,1,17,4,3,2,2,2,1,1,1,0,0,0,0,4.77996E+20,5.55468E+21,8.69205E+15,5.01439E+16
10205,10206,6,6,31,9,2016,1,15,6,3,3,6,0,1,0,1,0,0,0,0,5.49131E+20,5.60024E+21,9.69352E+15,5.0552E+16
10206,10207,6,5,32,16,2016,1,1,1,3,9,1,2,2,0,1,0,0,0,0,4.50713E+20,5.59863E+21,8.30449E+15,5.05375E+16
10207,10208,6,6,32,18,2016,1,17,5,3,2,2,2,1,0,1,0,0,0,0,5.50867E+20,5.64968E+21,9.72487E+15,5.09965E+16
10208,10209,6,4,36,3,2016,1,4,5,3,8,1,2,1,0,1,0,0,0,0,4.69507E+20,5.55556E+21,8.57318E+15,5.01515E+16
10209,10210,6,4,36,8,2016,1,17,2,3,6,4,2,0,0,1,1,0,0,0,4.61419E+20,5.55473E+21,8.46006E+15,5.01436E+16
10210,10211,6,4,12,0,2016,1,15,3,3,5,3,0,1,0,1,0,0,0,0,4.73166E+20,5.55415E+21,8.62449E+15,5.01389E+16
10211,10212,6,6,36,14,2016,1,6,6,3,2,2,2,1,0,1,0,0,0,1,5.68341E+20,5.66597E+21,9.97692E+15,5.11411E+16
10212,10213,6,4,12,0,2016,1,16,5,3,2,6,2,1,0,1,0,0,0,0,4.67258E+20,5.55068E+21,8.54211E+15,5.01075E+16
10213,10214,6,4,35,27,2016,1,13,2,3,4,1,0,1,0,1,0,0,0,0,5.46534E+20,5.5705E+21,9.65318E+15,5.02848E+16
10214,10215,6,5,33,9,2016,1,8,3,3,2,6,0,1,0,1,0,0,0,0,4.33968E+20,5.58136E+21,8.07126E+15,5.03806E+16
10215,10216,6,4,12,0,2016,1,13,2,3,3,6,0,0,0,1,0,0,0,0,4.70729E+20,5.5446E+21,8.59112E+15,5.0053E+16
10216,10217,6,4,12,0,2016,1,17,6,3,2,6,1,1,0,1,0,0,0,0,4.6833E+20,5.54411E+21,8.55765E+15,5.00485E+16
10217,10218,6,4,12,0,2016,1,18,4,3,2,6,2,1,0,1,0,0,0,0,4.76456E+20,5.54954E+21,8.67081E+15,5.00977E+16
10218,10219,6,6,33,29,2016,1,18,6,3,2,6,2,1,0,1,0,0,0,0,5.20031E+20,5.68515E+21,9.28744E+15,5.13173E+16
10219,10220,6,6,35,13,2016,1,9,6,3,8,1,0,2,0,1,0,0,0,0,5.05954E+20,5.65434E+21,9.08493E+15,5.10406E+16
10220,10221,6,6,34,5,2016,1,17,3,3,5,2,2,1,0,1,0,0,0,0,5.19181E+20,5.66538E+21,9.27418E+15,5.11395E+16
10221,10222,6,6,11,0,2016,1,16,4,3,5,2,1,2,0,1,0,0,0,1,5.3369E+20,5.68768E+21,9.48365E+15,5.13394E+16
10222,10223,6,6,33,4,2016,1,17,7,3,4,1,2,2,0,1,0,0,0,0,5.13044E+20,5.6993E+21,9.18769E+15,5.14447E+16
10223,10224,6,6,11,0,2016,1,16,5,3,0,3,1,1,0,1,0,0,0,0,5.33809E+20,5.68789E+21,9.48539E+15,5.13413E+16
10224,10225,6,6,31,18,2016,1,12,5,3,3,1,0,2,0,1,0,0,0,0,5.46196E+20,5.59112E+21,9.65097E+15,5.04702E+16
10225,10226,6,5,32,3,2016,1,21,2,3,0,4,2,1,0,1,1,0,0,0,4.57049E+20,5.59577E+21,8.39423E+15,5.05123E+16
10226,10227,6,4,40,3,2016,1,0,6,3,5,2,2,1,0,1,0,0,0,0,4.85697E+20,5.56121E+21,8.79957E+15,5.02029E+16
10227,10228,6,4,33,12,2016,1,18,3,2,6,4,2,0,0,1,1,0,0,0,4.596E+20,5.53631E+21,8.43654E+15,4.99777E+16
10228,10229,6,4,40,8,2016,1,18,2,3,5,3,2,0,0,1,0,0,0,0,4.83805E+20,5.57543E+21,8.77247E+15,5.03307E+16
10229,10230,6,4,38,10,2016,1,15,6,3,2,6,0,1,0,1,0,0,0,0,4.90809E+20,5.54644E+21,8.87156E+15,5.00702E+16
10230,10231,6,4,31,7,2016,1,8,3,3,2,6,0,1,0,1,0,0,0,0,4.82936E+20,5.49869E+21,8.76365E+15,4.96405E+16
10231,10232,6,6,11,0,2016,1,10,4,3,3,6,0,1,0,1,0,0,1,0,5.33489E+20,5.68301E+21,9.48034E+15,5.12974E+16
10232,10233,6,4,32,10,2016,1,15,5,3,2,6,0,1,0,1,0,0,0,0,4.92748E+20,5.52536E+21,8.89906E+15,4.98806E+16
10233,10234,6,6,36,1,2016,1,10,1,2,9,1,0,1,0,1,0,0,0,0,5.64079E+20,5.68007E+21,9.91851E+15,5.12684E+16
10234,10235,6,4,31,16,2016,1,13,7,3,9,1,0,1,0,1,0,0,0,0,4.67879E+20,5.50101E+21,8.55493E+15,4.96608E+16
10235,10236,6,4,40,15,2016,1,20,5,3,3,7,2,1,0,1,0,0,0,1,4.7968E+20,5.58931E+21,8.71375E+15,5.04554E+16
10236,10237,6,4,12,0,2016,1,9,2,3,2,7,0,2,0,1,0,0,0,1,4.70738E+20,5.54467E+21,8.59123E+15,5.00536E+16
10237,10238,6,5,34,7,2016,1,10,6,3,9,1,0,2,0,1,0,0,0,0,4.64859E+20,5.63383E+21,8.50075E+15,5.08551E+16
10238,10239,6,4,38,12,2016,1,19,5,3,2,6,1,1,0,1,0,0,0,0,4.8786E+20,5.53295E+21,8.83078E+15,4.99488E+16
10239,10240,6,4,12,0,2016,1,11,2,3,0,6,0,0,1,0,0,0,1,0,4.7591E+20,5.55072E+21,8.66311E+15,5.01082E+16
10240,10241,6,4,12,0,2016,1,18,4,3,3,6,2,0,0,1,0,0,0,1,4.79955E+20,5.54584E+21,8.71993E+15,5.00645E+16
10241,10242,6,4,38,12,2016,1,17,3,3,1,5,0,2,0,1,0,0,0,1,4.88403E+20,5.53364E+21,8.83833E+15,4.9955E+16
10242,10243,6,5,32,23,2016,1,7,4,3,2,6,1,1,0,1,0,0,0,0,4.67539E+20,5.60025E+21,8.54178E+15,5.05533E+16
10243,10244,6,4,35,19,2016,1,19,4,3,5,3,2,1,0,1,0,0,0,0,4.8637E+20,5.55548E+21,8.80922E+15,5.01514E+16
10244,10245,6,5,33,9,2016,1,7,2,3,2,6,2,0,0,1,0,0,0,0,4.35634E+20,5.58763E+21,8.09363E+15,5.04371E+16
10245,10246,6,4,40,7,2016,1,3,7,3,9,6,2,2,0,1,0,0,1,0,4.94713E+20,5.57643E+21,8.9257E+15,5.034E+16
10246,10247,6,4,14,0,2016,1,21,7,1,9,1,2,1,0,1,0,0,0,0,4.51192E+20,5.54508E+21,8.31817E+15,5.0056E+16
10247,10248,6,4,11,0,2016,1,17,4,3,2,6,2,0,0,1,0,0,0,0,4.74014E+20,5.52753E+21,8.63816E+15,4.98996E+16
10248,10249,6,4,39,17,2016,1,18,5,3,5,3,2,0,0,1,0,1,0,0,4.3871E+20,5.54393E+21,8.14399E+15,5.00445E+16
10249,10250,6,4,31,16,2016,1,7,5,3,2,6,1,1,0,1,0,0,0,0,4.67922E+20,5.50148E+21,8.55548E+15,4.9665E+16
10250,10251,6,6,35,15,2016,1,12,7,2,5,2,0,1,0,1,0,0,0,0,4.91567E+20,5.68192E+21,8.87907E+15,5.12886E+16
10251,10252,6,4,12,0,2016,1,19,6,3,2,6,2,1,0,1,0,0,0,0,4.7396E+20,5.55606E+21,8.63546E+15,5.01562E+16
10252,10253,6,4,12,0,2016,1,13,2,3,2,6,0,0,0,1,0,0,0,0,4.79706E+20,5.55244E+21,8.71609E+15,5.01239E+16
10253,10254,6,4,33,3,2016,1,6,2,3,2,6,2,0,0,1,0,0,0,0,4.65242E+20,5.52824E+21,8.51596E+15,4.99055E+16
10254,10255,6,4,40,20,2016,1,23,6,3,5,3,2,1,0,1,0,0,0,0,4.98882E+20,5.57839E+21,8.98428E+15,5.03575E+16
10255,10256,6,5,31,5,2016,1,19,5,3,2,6,2,0,0,1,0,0,0,0,4.75637E+20,5.6048E+21,8.65579E+15,5.05946E+16
10256,10257,6,4,35,10,2016,2,7,2,3,5,3,1,1,0,1,0,0,0,1,5.11602E+20,5.55943E+21,9.16252E+15,5.01869E+16
10257,10258,6,4,32,18,2016,1,20,6,2,0,7,2,1,0,1,0,0,0,0,4.71388E+20,5.51499E+21,8.60253E+15,4.97867E+16
10258,10259,6,4,38,8,2016,1,16,6,3,0,2,0,0,0,1,0,0,0,0,4.89483E+20,5.54891E+21,8.85296E+15,5.00923E+16
10259,10260,6,4,13,0,2016,1,1,6,3,0,7,2,1,0,0,0,0,0,1,4.86211E+20,5.55131E+21,8.80715E+15,5.01139E+16
10260,10261,6,5,31,10,2016,1,6,6,2,9,1,2,2,0,1,0,0,0,0,4.99581E+20,5.59755E+21,8.99409E+15,5.05299E+16
10261,10262,6,5,34,21,2016,1,7,6,3,4,3,1,0,0,1,0,0,0,0,4.809E+20,5.63929E+21,8.72835E+15,5.09049E+16
10262,10263,6,5,31,17,2016,1,2,1,3,9,1,2,2,0,1,0,0,0,0,4.83423E+20,5.61353E+21,8.7654E+15,5.06733E+16
10263,10264,6,4,32,18,2016,1,6,5,3,5,3,2,1,0,1,0,0,0,0,4.74451E+20,5.51656E+21,8.64497E+15,4.98009E+16
10264,10265,6,6,35,3,2016,1,17,7,3,5,2,2,1,0,1,0,0,0,0,5.08576E+20,5.66472E+21,9.12257E+15,5.11338E+16
10265,10266,6,4,34,6,2016,1,16,5,3,2,6,0,0,0,1,0,0,0,0,4.64023E+20,5.55961E+21,8.49603E+15,5.01876E+16
10266,10267,6,4,13,0,2016,1,14,7,2,5,2,0,0,0,1,0,0,0,0,4.80663E+20,5.55056E+21,8.72959E+15,5.0107E+16
10267,10268,6,4,12,0,2016,1,20,6,3,0,1,2,2,0,0,0,1,0,0,4.7484E+20,5.54821E+21,8.64831E+15,5.00856E+16
10268,10269,6,5,33,17,2016,1,0,2,2,8,1,2,1,0,1,0,0,0,0,4.54287E+20,5.59303E+21,8.35561E+15,5.04875E+16
10269,10270,6,4,38,7,2016,1,3,1,1,8,1,2,1,0,1,0,0,0,0,5.01587E+20,5.54025E+21,9.02216E+15,5.00146E+16
10270,10271,6,4,32,14,2016,1,16,6,3,5,3,0,0,0,1,0,0,0,1,4.79534E+20,5.51939E+21,8.71545E+15,4.98266E+16
10271,10272,6,4,35,10,2016,2,16,2,3,5,2,0,0,0,1,0,1,0,0,5.11078E+20,5.56166E+21,9.15524E+15,5.0207E+16
10272,10273,6,5,32,13,2016,1,6,6,3,4,1,2,2,0,1,0,0,0,0,4.65524E+20,5.60968E+21,8.51245E+15,5.0638E+16
10273,10274,6,5,33,3,2016,1,13,6,3,2,6,0,0,0,1,0,0,0,0,4.45059E+20,5.57378E+21,8.22836E+15,5.03136E+16
10274,10275,6,5,31,11,2016,1,7,4,2,5,2,0,0,0,1,0,0,0,0,4.87124E+20,5.59757E+21,8.81834E+15,5.05299E+16
10275,10276,6,4,37,2,2016,1,16,1,3,8,1,1,1,0,1,0,0,0,0,4.97419E+20,5.48388E+21,8.96435E+15,4.95075E+16
10276,10277,6,5,33,18,2016,1,15,3,3,5,2,0,0,0,1,0,0,0,0,4.51737E+20,5.58181E+21,8.32111E+15,5.03863E+16
10277,10278,6,5,35,3,2016,1,6,1,3,8,1,2,2,0,1,0,0,0,0,5.13418E+20,5.609E+21,9.18972E+15,5.06328E+16
10278,10279,6,5,34,12,2016,1,15,7,2,5,3,0,1,0,1,0,0,0,0,4.82876E+20,5.6356E+21,8.75664E+15,5.08718E+16
10279,10280,6,4,33,1,2016,1,11,2,3,4,6,0,0,0,1,0,0,1,0,4.62954E+20,5.51548E+21,8.48531E+15,4.97906E+16
10280,10281,6,4,14,0,2016,1,15,6,3,3,6,0,0,0,1,0,0,0,0,4.45162E+20,5.54701E+21,8.23366E+15,5.00728E+16
10281,10282,6,5,34,12,2016,2,7,2,3,5,3,2,1,0,1,0,0,0,0,4.85177E+20,5.63536E+21,8.78934E+15,5.08697E+16
10282,10283,6,5,35,9,2016,1,7,6,3,8,1,2,2,0,1,0,0,0,0,4.99992E+20,5.61634E+21,8.99988E+15,5.06989E+16
10283,10284,6,4,33,9,2016,1,17,5,3,2,6,2,0,0,1,0,0,0,0,4.61152E+20,5.53319E+21,8.4585E+15,4.99498E+16
10284,10285,6,4,33,6,2016,1,11,6,3,2,6,0,0,0,1,0,0,0,0,4.62653E+20,5.53198E+21,8.47953E+15,4.9939E+16
10285,10286,6,5,35,13,2016,1,15,4,3,2,6,0,0,0,1,0,0,0,0,5.00237E+20,5.61084E+21,9.00336E+15,5.06494E+16
10286,10287,6,4,38,2,2016,1,6,1,2,4,6,2,1,0,1,0,0,0,0,4.81154E+20,5.5359E+21,8.73717E+15,4.99752E+16
10287,10288,6,4,33,12,2016,1,7,3,3,2,6,0,0,0,1,0,0,0,0,4.58611E+20,5.53759E+21,8.42261E+15,4.99892E+16
10288,10289,6,5,31,8,2016,1,4,1,2,5,3,2,1,0,1,0,0,0,0,4.92406E+20,5.5896E+21,8.89301E+15,5.04583E+16
10289,10290,6,4,12,0,2016,1,7,7,3,8,1,2,2,0,1,0,0,0,0,4.7873E+20,5.55642E+21,8.70223E+15,5.01596E+16
10290,10291,6,4,40,13,2016,1,5,7,3,8,1,2,0,0,1,0,0,0,0,5.1724E+20,5.57704E+21,9.24229E+15,5.03452E+16
10291,10292,6,4,12,0,2016,1,8,4,2,5,3,0,0,0,1,0,0,0,0,4.6827E+20,5.55148E+21,8.5562E+15,5.01147E+16
10292,10293,6,4,11,0,2016,1,11,5,2,5,3,0,0,1,1,0,0,0,0,4.74399E+20,5.52514E+21,8.64368E+15,4.98782E+16
10293,10294,6,4,12,0,2016,1,17,5,3,2,6,2,0,0,1,0,0,0,1,4.74357E+20,5.56074E+21,8.64071E+15,5.01983E+16
10294,10295,6,4,33,8,2016,1,15,4,2,5,2,0,0,0,1,0,0,0,0,4.69974E+20,5.53636E+21,8.58121E+15,4.99788E+16
10295,10296,6,6,11,0,2016,1,17,3,3,6,4,2,0,0,1,1,0,0,0,5.31553E+20,5.68575E+21,9.45281E+15,5.13222E+16
10296,10297,6,4,12,0,2016,1,18,1,3,8,1,2,1,0,1,0,0,0,0,4.718E+20,5.54492E+21,8.60606E+15,5.00559E+16
10297,10298,6,5,31,14,2016,1,11,3,2,8,1,0,0,0,1,0,0,1,0,4.80818E+20,5.59202E+21,8.72964E+15,5.04798E+16
10298,10299,6,5,33,9,2016,2,20,2,3,3,6,2,0,0,1,0,0,0,1,4.34873E+20,5.58142E+21,8.08399E+15,5.03813E+16
10299,10300,6,4,35,25,2016,1,15,5,3,0,6,0,0,0,1,0,0,1,0,5.37313E+20,5.58129E+21,9.52482E+15,5.03825E+16
10300,10301,6,4,35,29,2016,1,17,4,3,2,6,2,0,0,1,0,0,0,0,5.2138E+20,5.56631E+21,9.29988E+15,5.02486E+16
10301,10302,6,4,14,0,2016,1,19,3,3,5,3,2,0,0,1,0,1,0,0,4.45431E+20,5.54687E+21,8.23744E+15,5.00716E+16
10302,10303,6,6,31,15,2016,1,2,1,1,9,1,2,1,0,1,0,0,0,0,5.45629E+20,5.6131E+21,9.64567E+15,5.0668E+16
10303,10304,6,5,32,23,2016,1,10,3,3,8,1,0,1,0,1,0,0,0,0,4.63117E+20,5.60241E+21,8.47915E+15,5.05724E+16
10304,10305,6,5,34,11,2016,1,18,2,3,1,5,2,0,0,1,0,0,0,0,4.95493E+20,5.63039E+21,8.93601E+15,5.08252E+16
10305,10306,6,4,13,0,2016,1,18,7,3,5,3,2,1,0,1,0,0,0,0,4.81803E+20,5.54805E+21,8.74564E+15,5.00844E+16
10306,10307,6,5,31,17,2016,1,13,6,2,0,7,0,0,0,1,0,0,0,0,4.80699E+20,5.61126E+21,8.72696E+15,5.06528E+16
10307,10308,6,5,35,8,2016,1,8,6,3,8,1,0,2,0,1,0,0,0,0,5.25347E+20,5.6023E+21,9.35794E+15,5.05721E+16
10308,10309,6,6,35,8,2016,1,14,4,2,9,7,0,0,0,1,0,0,0,0,5.02898E+20,5.70355E+21,9.04173E+15,5.14831E+16
10309,10310,6,4,35,19,2016,1,18,5,3,3,6,2,0,1,1,0,0,0,0,4.90847E+20,5.55775E+21,8.87183E+15,5.01719E+16
10310,10311,6,5,31,13,2016,1,13,4,2,2,6,0,0,0,1,0,0,0,1,4.78811E+20,5.61414E+21,8.7001E+15,5.06787E+16
10311,10312,6,4,14,0,2016,1,11,7,3,2,3,0,0,0,1,0,0,0,0,4.48482E+20,5.54898E+21,8.27978E+15,5.00909E+16
10312,10313,6,4,12,0,2016,1,19,6,3,6,2,2,0,0,1,1,0,0,0,4.76965E+20,5.5504E+21,8.67787E+15,5.01054E+16
10313,10314,6,6,32,3,2016,1,12,2,3,8,1,0,1,0,1,0,0,0,0,5.59001E+20,5.64639E+21,9.84022E+15,5.09661E+16
10314,10315,6,4,35,17,2016,1,0,1,3,6,4,2,1,0,1,1,0,0,0,5.0261E+20,5.55804E+21,9.03655E+15,5.01745E+16
10315,10316,6,4,31,13,2016,1,19,6,3,5,2,2,1,0,1,0,0,0,0,4.56401E+20,5.49988E+21,8.39602E+15,4.96499E+16
10316,10317,6,6,35,19,2016,1,7,5,3,0,1,0,1,0,1,0,0,0,0,4.98884E+20,5.67288E+21,8.98402E+15,5.12073E+16
10317,10318,6,4,12,0,2016,1,4,6,2,2,6,2,1,0,1,0,1,0,0,4.78009E+20,5.55057E+21,8.69246E+15,5.01069E+16
10318,10319,6,4,14,0,2016,1,17,2,3,5,3,1,0,1,1,0,0,0,0,4.46473E+20,5.54383E+21,8.25242E+15,5.00444E+16
10319,10320,6,4,12,0,2016,1,8,2,3,3,6,0,1,0,1,0,0,1,0,4.71797E+20,5.54497E+21,8.60601E+15,5.00564E+16
10320,10321,6,6,34,9,2016,1,7,5,3,9,1,0,2,0,1,0,0,0,0,5.25315E+20,5.65303E+21,9.36099E+15,5.10283E+16
10321,10322,6,5,35,1,2016,1,9,6,3,5,3,0,1,0,1,0,0,0,0,5.18726E+20,5.62186E+21,9.26544E+15,5.07482E+16
10322,10323,6,4,14,0,2016,1,14,6,3,5,3,0,0,1,1,0,0,0,0,4.48957E+20,5.53978E+21,8.28766E+15,5.00081E+16
10323,10324,6,4,35,14,2016,1,17,6,3,5,3,1,0,0,1,0,0,0,0,4.94893E+20,5.55292E+21,8.92856E+15,5.01285E+16
10324,10325,6,4,40,4,2016,1,18,5,3,5,3,2,0,0,1,0,0,0,0,5.07743E+20,5.57025E+21,9.10869E+15,5.02843E+16
10325,10326,6,4,12,0,2016,1,1,7,3,9,1,2,0,0,1,0,0,0,0,4.70235E+20,5.54983E+21,8.58381E+15,5.01E+16
10326,10327,6,4,12,0,2016,1,23,6,3,5,3,2,2,0,1,0,0,0,0,4.7954E+20,5.55252E+21,8.71377E+15,5.01246E+16
10327,10328,6,4,40,3,2016,1,18,2,3,2,6,2,1,0,1,0,0,0,0,4.81019E+20,5.55694E+21,8.73424E+15,5.01644E+16
10328,10329,6,4,31,17,2016,1,16,1,3,9,1,1,1,0,1,0,0,0,0,4.8359E+20,5.49316E+21,8.77295E+15,4.95908E+16
10329,10330,6,4,13,0,2016,1,17,6,3,2,6,2,0,0,1,0,0,0,0,4.82716E+20,5.55116E+21,8.75826E+15,5.01124E+16
10330,10331,6,4,40,14,2016,2,11,2,2,8,1,0,0,0,1,0,0,0,0,4.97831E+20,5.56768E+21,8.96958E+15,5.02612E+16
10331,10332,6,4,32,14,2016,1,0,6,1,6,7,2,0,0,1,1,0,0,0,4.773E+20,5.52101E+21,8.6843E+15,4.98411E+16
10332,10333,6,5,33,6,2016,1,15,6,3,3,6,0,0,0,1,0,0,1,0,4.31357E+20,5.58399E+21,8.03407E+15,5.0404E+16
10333,10334,6,5,31,5,2016,1,8,4,3,8,1,0,1,0,1,0,0,0,0,4.72702E+20,5.60014E+21,8.61467E+15,5.05525E+16
10334,10335,6,6,33,28,2016,1,10,1,3,3,6,0,0,1,1,0,0,0,0,5.13326E+20,5.68416E+21,9.19118E+15,5.13086E+16
10335,10336,6,4,32,1,2016,1,12,3,3,2,6,0,0,0,1,0,1,0,0,4.71659E+20,5.50977E+21,8.60666E+15,4.97398E+16
10336,10337,6,6,36,6,2016,2,6,2,3,2,2,2,1,0,1,0,0,0,0,5.5521E+20,5.67129E+21,9.79005E+15,5.11904E+16
10337,10338,6,4,33,8,2016,1,14,6,3,5,2,0,0,0,1,0,0,0,0,4.69975E+20,5.53636E+21,8.58123E+15,4.99788E+16
10338,10339,6,4,35,12,2016,1,8,6,3,8,6,0,0,0,1,0,0,0,0,5.05931E+20,5.55934E+21,9.08308E+15,5.01862E+16
10339,10340,6,4,12,0,2016,1,19,6,3,3,6,2,0,1,1,0,0,0,0,4.75687E+20,5.55002E+21,8.66003E+15,5.01019E+16
10340,10341,6,5,31,5,2016,1,14,6,3,2,6,0,1,0,1,0,0,0,0,4.80775E+20,5.60377E+21,8.72843E+15,5.05855E+16
10341,10342,6,4,35,14,2016,1,22,6,3,3,6,2,0,0,1,0,0,0,0,4.93961E+20,5.55409E+21,8.91549E+15,5.0139E+16
10342,10343,6,5,33,13,2016,1,4,1,3,8,1,2,1,0,1,0,0,0,0,4.35658E+20,5.58513E+21,8.09439E+15,5.04147E+16
10343,10344,6,5,34,5,2016,1,16,5,3,3,3,0,0,0,1,0,0,0,0,4.61261E+20,5.63743E+21,8.44926E+15,5.08872E+16
10344,10345,6,4,37,4,2016,1,13,1,3,4,6,0,0,0,1,0,0,0,1,5.03335E+20,5.51824E+21,9.04636E+15,4.98166E+16
10345,10346,6,4,39,11,2016,1,11,7,3,5,3,0,1,0,1,0,0,0,0,4.49102E+20,5.56037E+21,8.28694E+15,5.01933E+16
10346,10347,6,4,34,8,2016,1,6,7,3,9,1,2,2,0,1,0,0,0,0,4.70399E+20,5.56373E+21,8.58503E+15,5.0225E+16
10347,10348,6,4,35,10,2016,2,8,2,3,3,6,0,1,0,1,0,0,0,0,5.16212E+20,5.56131E+21,9.22718E+15,5.02038E+16
10348,10349,6,5,34,18,2016,1,6,5,3,2,2,2,0,0,1,0,0,0,0,5.00816E+20,5.62907E+21,9.01158E+15,5.08133E+16
10349,10350,6,5,31,12,2016,1,13,6,3,3,6,0,0,0,1,0,0,0,0,4.75583E+20,5.59649E+21,8.65558E+15,5.05199E+16
10350,10351,6,4,35,24,2016,1,7,3,3,5,3,0,1,0,1,0,0,0,0,5.03587E+20,5.56513E+21,9.0503E+15,5.02383E+16
10351,10352,6,4,38,12,2016,1,13,1,3,8,1,0,1,0,1,0,0,0,0,4.88043E+20,5.53482E+21,8.83328E+15,4.99656E+16
10352,10353,6,4,33,11,2016,1,22,3,2,0,1,2,0,0,1,0,0,0,0,4.64797E+20,5.51715E+21,8.51076E+15,4.98058E+16
10353,10354,6,4,12,0,2016,1,0,1,3,9,1,2,0,0,1,0,0,0,0,4.69529E+20,5.55309E+21,8.57369E+15,5.01293E+16
10354,10355,6,4,33,8,2016,1,18,7,3,9,6,2,1,0,1,0,0,0,0,4.71133E+20,5.53882E+21,8.5972E+15,5.0001E+16
10355,10356,6,5,34,14,2016,1,7,1,2,0,7,2,1,0,1,0,0,0,1,4.82999E+20,5.62629E+21,8.75881E+15,5.07882E+16
10356,10357,6,6,33,24,2016,1,7,7,2,9,1,1,1,0,1,0,0,0,0,5.35909E+20,5.67746E+21,9.51448E+15,5.12473E+16
10357,10358,6,4,14,0,2016,1,13,4,2,5,2,0,0,0,1,0,0,0,0,4.48245E+20,5.54835E+21,8.27656E+15,5.00851E+16
10358,10359,6,4,37,1,2016,2,10,2,2,9,1,0,1,0,1,0,0,0,0,4.99461E+20,5.50877E+21,8.99252E+15,4.97314E+16
10359,10360,6,4,12,0,2016,1,18,5,3,2,6,2,0,0,1,0,0,0,0,4.8094E+20,5.55142E+21,8.73341E+15,5.01148E+16
10360,10361,6,4,40,4,2016,1,15,4,3,8,1,0,0,0,1,0,0,0,1,5.02661E+20,5.57156E+21,9.03736E+15,5.02962E+16
10361,10362,6,4,13,0,2016,1,22,3,3,5,3,2,0,0,0,0,1,0,1,4.84701E+20,5.55043E+21,8.78606E+15,5.0106E+16
10362,10363,6,6,35,20,2016,1,14,1,3,8,1,0,1,0,1,0,0,0,0,5.11064E+20,5.69644E+21,9.15911E+15,5.14191E+16
10363,10364,6,5,31,11,2016,1,17,3,3,5,3,1,0,0,1,0,0,0,0,4.88372E+20,5.59469E+21,8.83603E+15,5.05041E+16
10364,10365,6,4,12,0,2016,1,15,6,3,2,6,0,0,0,1,0,0,0,0,4.73717E+20,5.55003E+21,8.63248E+15,5.01019E+16