FID,OBJECTID,ULAND,UREGBEZ,UKREIS,UGEMEINDE,UJAHR,UMONAT,USTUNDE,UWOCHENTAG,UKATEGORIE,UART,UTYP1,ULICHTVERH,IstStrasse,IstRad,IstPKW,IstFuss,IstKrad,IstGkfz,IstSonstig,LINREFX,LINREFY,XGCSWGS84,YGCSWGS84
10365,10366,6,6,11,0,2016,1,9,2,3,5,2,0,1,1,1,0,0,0,0,5.32715E+20,5.68441E+21,9.46937E+15,5.13101E+16
10366,10367,6,6,31,9,2016,1,16,2,3,2,6,0,1,0,1,0,0,0,0,5.45665E+20,5.6013E+21,9.64473E+15,5.05618E+16
10367,10368,6,4,12,0,2016,1,17,7,3,2,6,2,0,0,1,0,0,0,0,4.83297E+20,5.55338E+21,8.7663E+15,5.01324E+16
10368,10369,6,5,33,9,2016,1,8,6,3,5,2,0,1,0,1,0,0,0,1,4.33423E+20,5.58045E+21,8.06377E+15,5.03723E+16
10369,10370,6,6,34,4,2016,1,5,5,3,5,3,1,1,0,1,0,0,0,0,5.21199E+20,5.6453E+21,9.30185E+15,5.09589E+16
10370,10371,6,5,34,9,2016,1,9,6,3,4,1,0,0,0,1,0,0,0,0,4.75446E+20,5.61897E+21,8.65216E+15,5.0722E+16
10371,10372,6,5,33,9,2016,1,18,6,3,2,2,2,0,0,1,0,0,0,0,4.33901E+20,5.58169E+21,8.07027E+15,5.03835E+16
10372,10373,6,4,34,11,2016,1,15,5,3,2,6,0,0,0,1,0,0,0,0,4.64254E+20,5.57553E+21,8.49777E+15,5.03308E+16
10373,10374,6,4,12,0,2016,1,2,7,3,9,1,2,0,0,1,0,0,0,0,4.67418E+20,5.55201E+21,8.54424E+15,5.01195E+16
10374,10375,6,4,12,0,2016,1,7,4,3,0,1,0,0,0,0,0,1,0,0,4.78144E+20,5.54998E+21,8.69438E+15,5.01017E+16
10375,10376,6,4,39,3,2016,1,7,5,3,5,3,1,1,0,1,0,0,1,0,4.36274E+20,5.5469E+21,8.10949E+15,5.0071E+16
10376,10377,6,4,36,5,2016,1,14,5,3,0,1,0,0,0,0,0,0,1,0,4.61988E+20,5.5465E+21,8.46883E+15,5.00696E+16
10377,10378,6,6,35,11,2016,1,6,3,2,8,1,2,1,0,0,0,0,0,1,4.85424E+20,5.66007E+21,8.79186E+15,5.10919E+16
10378,10379,6,5,31,13,2016,1,13,7,2,5,3,0,1,0,1,0,0,0,0,4.79691E+20,5.61151E+21,8.71269E+15,5.06551E+16
10379,10380,6,4,35,14,2016,1,7,6,3,6,4,0,0,0,1,1,0,0,0,4.93685E+20,5.55149E+21,8.91167E+15,5.01156E+16
10380,10381,6,4,12,0,2016,1,21,2,3,5,7,2,1,0,1,0,0,0,0,4.83269E+20,5.55339E+21,8.7659E+15,5.01325E+16
10381,10382,6,4,11,0,2016,1,1,2,3,9,1,2,1,0,1,0,0,0,0,4.71517E+20,5.52424E+21,8.60363E+15,4.98699E+16
10382,10383,6,6,31,20,2016,1,13,6,3,2,6,0,0,0,1,0,0,0,0,5.51554E+20,5.60685E+21,9.72864E+15,5.06113E+16
10383,10384,6,6,34,1,2016,1,1,5,3,8,1,2,2,0,1,0,0,0,0,5.18315E+20,5.65652E+21,9.26135E+15,5.10599E+16
10384,10385,6,4,12,0,2016,2,15,2,3,2,6,0,0,0,1,0,0,0,0,4.79347E+20,5.55261E+21,8.71107E+15,5.01254E+16
10385,10386,6,5,31,8,2016,1,16,6,3,8,7,1,1,0,0,0,0,0,1,4.86487E+20,5.5894E+21,8.80964E+15,5.04564E+16
10386,10387,6,4,11,0,2016,1,17,6,3,5,2,0,0,1,1,0,0,0,0,4.75844E+20,5.52397E+21,8.66387E+15,4.98676E+16
10387,10388,6,4,14,0,2016,1,19,6,3,1,7,2,0,0,1,0,0,0,0,4.43881E+20,5.54591E+21,8.21592E+15,5.00628E+16
10388,10389,6,5,31,16,2016,1,10,6,3,6,4,0,0,0,1,1,0,0,0,4.87719E+20,5.60519E+21,8.82648E+15,5.05984E+16
10389,10390,6,4,33,3,2016,1,17,6,3,8,1,1,0,0,0,0,0,0,1,4.66435E+20,5.52806E+21,8.53258E+15,4.9904E+16
10390,10391,6,4,36,6,2016,2,23,2,2,8,1,2,0,0,1,0,0,0,0,4.52631E+20,5.54047E+21,8.33884E+15,5.00147E+16
10391,10392,6,4,32,10,2016,1,7,5,3,2,6,0,0,0,1,0,0,0,0,4.94538E+20,5.52257E+21,8.92401E+15,4.98555E+16
10392,10393,6,4,11,0,2016,1,18,7,3,5,3,2,1,0,1,0,0,0,0,4.75371E+20,5.52387E+21,8.65729E+15,4.98667E+16
10393,10394,6,4,32,16,2016,1,21,2,3,8,1,2,0,0,1,0,0,0,0,4.83412E+20,5.52126E+21,8.76929E+15,4.98435E+16
10394,10395,6,4,14,0,2016,1,16,7,3,8,1,1,1,0,1,0,0,0,0,4.41297E+20,5.55182E+21,8.17892E+15,5.01157E+16
10395,10396,6,6,34,22,2016,1,14,6,3,2,5,0,0,0,1,0,0,0,0,5.1306E+20,5.64058E+21,9.18578E+15,5.09168E+16
10396,10397,6,4,35,19,2016,1,19,2,3,2,6,2,1,0,1,0,0,0,0,4.86195E+20,5.55459E+21,8.8068E+15,5.01434E+16
10397,10398,6,4,39,12,2016,1,4,1,2,9,6,2,1,0,1,0,0,0,0,4.31517E+20,5.54016E+21,8.04422E+15,5.00098E+16
10398,10399,6,5,31,4,2016,1,12,6,3,5,3,0,0,0,1,0,0,0,0,4.84317E+20,5.59984E+21,8.77863E+15,5.05502E+16
10399,10400,6,4,35,26,2016,2,15,2,3,0,1,0,0,1,0,0,0,0,0,4.88508E+20,5.56116E+21,8.83898E+15,5.02025E+16
10400,10401,6,5,32,8,2016,1,12,6,2,9,6,0,0,0,1,0,0,0,0,4.59635E+20,5.61068E+21,8.42907E+15,5.06466E+16
10401,10402,6,4,12,0,2016,1,18,6,3,2,6,2,0,0,1,0,0,0,0,4.66454E+20,5.55147E+21,8.5308E+15,5.01146E+16
10402,10403,6,4,11,0,2016,1,6,1,2,8,1,2,1,0,1,0,0,0,0,4.75477E+20,5.53084E+21,8.65833E+15,4.99295E+16
10403,10404,6,4,38,9,2016,1,7,3,3,5,7,2,0,0,1,0,0,0,0,4.78907E+20,5.54407E+21,8.70538E+15,5.00486E+16
10404,10405,6,5,35,13,2016,1,15,1,3,2,6,0,1,0,1,0,0,0,0,4.99027E+20,5.60902E+21,8.98625E+15,5.0633E+16
10405,10406,6,5,34,14,2016,1,19,7,3,1,5,2,1,0,1,0,0,0,0,4.86779E+20,5.62469E+21,8.8125E+15,5.07738E+16
10406,10407,6,6,31,18,2016,2,10,2,3,8,1,0,1,0,1,0,0,0,0,5.43204E+20,5.58807E+21,9.60845E+15,5.04431E+16
10407,10408,6,5,31,5,2016,1,10,5,3,2,6,0,0,0,1,0,0,0,0,4.72766E+20,5.60102E+21,8.6155E+15,5.05605E+16
10408,10409,6,4,14,0,2016,1,12,5,3,2,6,0,0,0,1,0,0,0,0,4.45666E+20,5.54375E+21,8.24117E+15,5.00436E+16
10409,10410,6,4,36,5,2016,1,13,4,3,2,6,0,0,0,1,0,0,0,0,4.62889E+20,5.54663E+21,8.48141E+15,5.00708E+16
10410,10411,6,4,14,0,2016,1,13,3,2,6,4,0,0,0,0,1,0,0,1,4.475E+20,5.54828E+21,8.26616E+15,5.00844E+16
10411,10412,6,4,31,14,2016,2,18,2,3,7,7,2,0,0,1,0,0,0,0,4.78475E+20,5.50803E+21,8.70136E+15,4.97244E+16
10412,10413,6,4,31,20,2016,1,19,6,3,2,6,2,0,0,1,0,0,0,0,4.68595E+20,5.4863E+21,8.56602E+15,4.95285E+16
10413,10414,6,4,31,5,2016,1,22,5,2,8,1,2,0,0,1,0,0,0,0,4.63893E+20,5.49958E+21,8.49983E+15,4.96477E+16
10414,10415,6,4,33,6,2016,1,11,6,3,2,6,0,0,0,1,0,0,0,0,4.62683E+20,5.5319E+21,8.47997E+15,4.99383E+16
10415,10416,6,6,11,0,2016,1,19,4,2,9,1,2,0,0,1,0,0,0,0,5.36246E+20,5.68152E+21,9.51973E+15,5.12839E+16
10416,10417,6,4,39,15,2016,1,1,1,3,9,1,2,1,0,1,0,0,0,0,4.37956E+20,5.55066E+21,8.13238E+15,5.0105E+16
10417,10418,6,4,32,19,2016,1,18,3,3,5,3,2,0,0,1,0,0,0,0,4.87035E+20,5.52028E+21,8.81971E+15,4.98348E+16
10418,10419,6,5,32,1,2016,1,12,1,3,2,6,0,1,0,1,0,0,0,0,4.6217E+20,5.60415E+21,8.4656E+15,5.0588E+16
10419,10420,6,6,32,2,2016,1,4,7,3,9,1,2,2,0,1,0,0,0,0,5.46325E+20,5.6329E+21,9.65801E+15,5.0846E+16
10420,10421,6,4,13,0,2016,1,16,7,3,2,6,1,1,0,1,0,0,0,0,4.8401E+20,5.54521E+21,8.77661E+15,5.00589E+16
10421,10422,6,4,36,10,2016,1,11,4,3,2,6,0,0,0,1,0,0,0,1,4.63734E+20,5.55328E+21,8.49259E+15,5.01306E+16
10422,10423,6,4,14,0,2016,1,8,5,3,5,3,0,0,0,1,0,0,0,0,4.45137E+20,5.54703E+21,8.23332E+15,5.0073E+16
10423,10424,6,4,12,0,2016,1,17,5,3,2,6,2,0,0,1,0,0,0,0,4.71816E+20,5.55037E+21,8.60587E+15,5.01049E+16
10424,10425,6,4,31,20,2016,1,14,4,3,2,6,0,0,0,1,0,0,0,0,4.70707E+20,5.48743E+21,8.59512E+15,4.95387E+16
10425,10426,6,4,32,12,2016,1,19,3,2,5,2,2,1,0,1,0,0,0,0,4.82145E+20,5.52843E+21,8.75133E+15,4.9908E+16
10426,10427,6,4,34,8,2016,1,8,1,3,8,1,0,1,0,0,0,0,0,1,4.7335E+20,5.56146E+21,8.62655E+15,5.02047E+16
10427,10428,6,4,38,2,2016,1,16,3,2,3,6,0,0,0,1,0,0,0,0,4.79531E+20,5.54285E+21,8.71417E+15,5.00376E+16
10428,10429,6,6,36,16,2016,1,6,6,3,5,3,2,0,1,0,0,0,0,1,5.59658E+20,5.68865E+21,9.85659E+15,5.1346E+16
10429,10430,6,4,14,0,2016,1,4,2,3,5,3,2,1,0,1,0,0,0,0,4.45701E+20,5.54276E+21,8.2418E+15,5.00346E+16
10430,10431,6,4,35,14,2016,1,16,2,3,2,6,0,1,0,1,0,0,0,0,4.92343E+20,5.55462E+21,8.89284E+15,5.01437E+16
10431,10432,6,4,39,12,2016,1,1,7,3,9,1,2,2,0,1,0,0,0,0,4.31067E+20,5.54204E+21,8.03761E+15,5.00266E+16
10432,10433,6,4,40,25,2016,1,14,1,3,1,6,0,1,0,1,0,0,0,0,4.83282E+20,5.56942E+21,8.76538E+15,5.02767E+16
10433,10434,6,6,31,9,2016,1,17,3,3,2,6,2,0,0,1,0,0,0,0,5.49361E+20,5.59949E+21,9.69667E+15,5.05453E+16
10434,10435,6,5,34,11,2016,1,15,2,3,2,6,0,0,0,1,0,0,0,0,4.93983E+20,5.63055E+21,8.91456E+15,5.08266E+16
10435,10436,6,4,14,0,2016,1,19,7,3,2,6,2,1,0,1,0,0,0,0,4.5407E+20,5.54389E+21,8.35852E+15,5.00455E+16
10436,10437,6,4,40,23,2016,1,16,7,3,0,7,1,1,0,1,0,0,0,0,4.77278E+20,5.57274E+21,8.68092E+15,5.03063E+16
10437,10438,6,4,32,18,2016,1,21,7,2,9,1,2,1,0,1,0,0,0,0,4.69216E+20,5.51685E+21,8.57221E+15,4.98033E+16
10438,10439,6,4,37,15,2016,1,5,4,3,7,7,2,1,0,0,0,0,0,1,5.00871E+20,5.48661E+21,9.01204E+15,4.95321E+16
10439,10440,6,4,39,10,2016,1,12,5,3,9,1,0,0,0,1,0,0,0,0,4.18837E+20,5.54473E+21,7.86632E+15,5.00493E+16
10440,10441,6,4,40,15,2016,1,11,5,3,3,6,0,0,0,1,0,0,1,0,4.79879E+20,5.58952E+21,8.71654E+15,5.04574E+16
10441,10442,6,6,11,0,2016,1,14,7,3,2,6,0,1,0,1,0,0,0,0,5.3577E+20,5.68671E+21,9.51342E+15,5.13305E+16
10442,10443,6,6,36,9,2016,1,11,6,3,2,6,0,2,0,1,0,0,0,0,5.62873E+20,5.69032E+21,9.90304E+15,5.13607E+16
10443,10444,6,6,33,21,2016,1,14,2,2,3,6,0,1,0,1,0,0,1,0,5.38093E+20,5.71788E+21,9.55013E+15,5.16107E+16
10444,10445,6,5,31,12,2016,1,18,2,3,2,6,2,0,0,1,0,0,1,0,4.76046E+20,5.60023E+21,8.66187E+15,5.05535E+16
10445,10446,6,4,35,14,2016,1,11,6,3,8,1,0,2,0,1,0,0,1,0,4.92505E+20,5.54874E+21,8.89522E+15,5.00909E+16
10446,10447,6,6,32,2,2016,1,6,5,3,8,1,0,2,0,1,0,0,0,0,5.46297E+20,5.63555E+21,9.65794E+15,5.08698E+16
10447,10448,6,6,11,0,2016,2,12,2,3,5,3,0,0,0,1,0,0,0,1,5.30564E+20,5.68736E+21,9.43876E+15,5.13367E+16
10448,10449,6,4,38,11,2016,1,12,6,3,2,6,0,0,0,1,0,0,0,1,4.92235E+20,5.54198E+21,8.89159E+15,5.00301E+16
10449,10450,6,5,33,12,2016,1,12,6,3,9,1,0,0,0,1,0,0,0,0,4.40666E+20,5.59625E+21,8.16311E+15,5.05152E+16
10450,10451,6,4,12,0,2016,1,9,6,3,5,3,0,0,1,1,0,0,0,0,4.77715E+20,5.54559E+21,8.68864E+15,5.00621E+16
10451,10452,6,5,31,6,2016,1,7,6,3,9,1,0,2,0,1,0,0,0,0,5.00841E+20,5.60366E+21,9.01188E+15,5.05849E+16
10452,10453,6,5,34,13,2016,1,9,6,3,8,1,0,1,0,1,0,0,0,0,4.73025E+20,5.61941E+21,8.61783E+15,5.07258E+16
10453,10454,6,6,32,7,2016,1,22,1,3,8,1,2,1,0,0,0,0,0,1,5.51743E+20,5.62982E+21,9.73453E+15,5.08178E+16
10454,10455,6,5,35,15,2016,1,15,5,2,9,1,0,1,0,1,0,0,0,0,5.41624E+20,5.6166E+21,9.58939E+15,5.06997E+16
10455,10456,6,4,12,0,2016,1,19,6,3,2,6,2,1,0,1,0,0,0,0,4.75017E+20,5.55344E+21,8.65044E+15,5.01326E+16
10456,10457,6,6,11,0,2016,1,6,6,2,5,2,2,1,0,1,0,1,0,0,5.37547E+20,5.68493E+21,9.53874E+15,5.13144E+16
10457,10458,6,4,40,3,2016,1,15,5,3,2,6,0,0,0,1,0,0,0,0,4.80684E+20,5.56026E+21,8.72939E+15,5.01942E+16
10458,10459,6,4,13,0,2016,1,19,7,2,0,7,2,1,0,1,0,0,0,0,4.84638E+20,5.5504E+21,8.78517E+15,5.01057E+16
10459,10460,6,6,33,13,2016,1,11,6,3,2,3,0,1,0,1,0,0,0,0,5.27312E+20,5.70518E+21,9.39345E+15,5.14971E+16
10460,10461,6,4,31,19,2016,1,9,2,3,6,4,0,1,0,1,1,0,0,0,4.82572E+20,5.49645E+21,8.75872E+15,4.96203E+16
10461,10462,6,4,38,13,2016,1,8,1,3,8,7,0,1,0,0,0,0,0,1,4.94439E+20,5.54479E+21,8.92232E+15,5.00554E+16
10462,10463,6,4,40,22,2016,2,8,2,3,9,1,0,1,0,0,0,0,0,1,4.81508E+20,5.58589E+21,8.73968E+15,5.04248E+16
10463,10464,6,5,32,4,2016,1,7,6,2,8,1,2,1,0,1,0,0,0,0,4.47227E+20,5.61655E+21,8.25276E+15,5.06984E+16
10464,10465,6,5,33,8,2016,1,13,6,3,2,6,0,0,0,1,0,0,0,1,4.42674E+20,5.57611E+21,8.19451E+15,5.03343E+16
10465,10466,6,5,31,7,2016,1,13,4,3,2,6,0,0,0,1,0,0,0,0,4.75267E+20,5.60387E+21,8.65062E+15,5.05863E+16
10466,10467,6,6,34,6,2016,1,2,1,2,9,1,2,2,0,1,0,0,0,0,5.05523E+20,5.64351E+21,9.07861E+15,5.09432E+16
10467,10468,6,4,32,4,2016,1,19,3,3,5,3,2,0,1,1,0,0,0,0,4.87904E+20,5.52619E+21,8.83161E+15,4.9888E+16
10468,10469,6,5,34,11,2016,1,13,1,3,5,3,0,1,0,1,0,0,0,0,4.89123E+20,5.63431E+21,8.84545E+15,5.08604E+16
10469,10470,6,4,35,2,2016,1,12,7,3,2,1,0,1,0,1,0,0,1,0,5.24759E+20,5.56742E+21,9.34734E+15,5.02584E+16
10470,10471,6,4,40,8,2016,1,7,5,2,8,1,2,1,0,1,0,0,0,0,4.85305E+20,5.57119E+21,8.7937E+15,5.02927E+16
10471,10472,6,6,34,25,2016,1,15,7,2,5,2,0,1,0,1,0,0,0,0,5.25937E+20,5.65999E+21,9.37036E+15,5.10908E+16
10472,10473,6,4,38,2,2016,1,6,7,2,4,1,2,2,0,1,0,0,0,0,4.82367E+20,5.54412E+21,8.75371E+15,5.00491E+16
10473,10474,6,6,34,5,2016,1,13,6,3,2,6,0,1,0,1,0,0,0,0,5.19897E+20,5.66545E+21,9.28442E+15,5.11401E+16
10474,10475,6,6,31,18,2016,2,20,2,3,5,3,2,0,0,1,0,0,0,0,5.43223E+20,5.58815E+21,9.60873E+15,5.04438E+16
10475,10476,6,4,33,12,2016,1,10,6,3,2,6,0,0,0,1,0,0,0,0,4.59094E+20,5.53717E+21,8.42939E+15,4.99855E+16
10476,10477,6,5,34,18,2016,1,22,5,2,8,1,2,0,0,1,0,0,0,0,4.98151E+20,5.62811E+21,8.97376E+15,5.08047E+16
10477,10478,6,4,34,2,2016,1,16,6,3,2,6,0,0,0,1,0,0,0,0,4.75977E+20,5.56565E+21,8.66309E+15,5.02426E+16
10478,10479,6,4,31,20,2016,1,22,4,3,9,1,2,0,0,1,0,0,0,0,4.68109E+20,5.49028E+21,8.55898E+15,4.95643E+16
10479,10480,6,4,34,11,2016,1,1,1,3,9,1,2,2,0,1,0,0,0,0,4.62362E+20,5.57471E+21,8.47126E+15,5.03233E+16
10480,10481,6,4,33,12,2016,1,7,3,3,5,3,2,0,0,1,0,0,0,0,4.6216E+20,5.53756E+21,8.47212E+15,4.99891E+16
10481,10482,6,4,38,9,2016,1,15,1,2,9,1,0,0,0,1,0,0,0,0,4.79962E+20,5.54407E+21,8.72012E+15,5.00486E+16
10482,10483,6,4,36,7,2016,1,9,7,3,2,6,0,1,0,1,0,0,0,0,4.54437E+20,5.54503E+21,8.3635E+15,5.00558E+16
10483,10484,6,5,31,5,2016,1,14,7,3,5,3,0,1,0,1,0,0,0,0,4.76278E+20,5.60378E+21,8.66491E+15,5.05854E+16
10484,10485,6,4,12,0,2016,1,16,4,3,3,2,0,0,1,1,0,0,0,0,4.77464E+20,5.5542E+21,8.68463E+15,5.01396E+16
10485,10486,6,6,34,14,2016,1,6,5,2,6,4,2,1,0,1,1,0,0,0,5.38374E+20,5.66466E+21,9.54843E+15,5.11321E+16
10486,10487,6,4,14,0,2016,1,18,4,3,1,5,2,0,1,1,0,0,0,0,4.482E+20,5.54055E+21,8.27699E+15,5.0015E+16
10487,10488,6,4,40,15,2016,2,10,2,3,9,6,0,0,0,1,0,0,0,0,4.79785E+20,5.5894E+21,8.71522E+15,5.04562E+16
10488,10489,6,6,31,2,2016,1,18,5,3,3,6,2,0,0,1,0,0,0,0,5.47889E+20,5.61692E+21,9.67815E+15,5.07021E+16
10489,10490,6,4,40,12,2016,1,15,4,3,2,6,0,0,0,1,0,0,0,0,4.86409E+20,5.56115E+21,8.80956E+15,5.02024E+16
10490,10491,6,4,13,0,2016,1,13,3,3,5,3,0,0,0,1,0,0,0,0,4.83506E+20,5.54854E+21,8.76942E+15,5.00889E+16
10491,10492,6,5,31,5,2016,1,22,1,3,5,3,2,1,0,1,0,0,0,1,4.7812E+20,5.6022E+21,8.69102E+15,5.05713E+16
10492,10493,6,5,32,21,2016,1,17,3,3,2,6,2,0,0,1,0,0,0,0,4.58201E+20,5.59978E+21,8.41002E+15,5.05485E+16
10493,10494,6,5,33,9,2016,1,0,2,3,2,6,2,0,0,1,0,0,0,0,4.33131E+20,5.58204E+21,8.05938E+15,5.03866E+16
10494,10495,6,5,34,14,2016,1,12,2,3,5,2,0,0,0,1,0,0,0,0,4.84493E+20,5.6283E+21,8.77993E+15,5.08062E+16
10495,10496,6,4,12,0,2016,1,0,7,3,6,4,2,2,0,1,1,0,0,0,4.74793E+20,5.5543E+21,8.64725E+15,5.01404E+16
10496,10497,6,6,32,2,2016,1,17,6,2,6,4,2,1,0,1,1,0,0,0,5.50877E+20,5.63684E+21,9.72321E+15,5.0881E+16
10497,10498,6,4,12,0,2016,1,18,6,3,2,6,2,1,0,1,0,0,0,0,4.73849E+20,5.55365E+21,8.63407E+15,5.01345E+16
10498,10499,6,5,35,11,2016,1,8,6,3,8,1,0,2,0,1,0,0,0,0,5.28185E+20,5.60409E+21,9.39816E+15,5.05881E+16
10499,10500,6,4,38,11,2016,1,14,5,3,2,6,0,0,0,1,0,0,0,0,4.93008E+20,5.54042E+21,8.9024E+15,5.00161E+16
10500,10501,6,5,35,18,2016,1,15,4,3,8,1,0,0,0,1,0,0,0,0,5.13506E+20,5.60294E+21,9.19075E+15,5.05782E+16
10501,10502,6,4,14,0,2016,1,20,7,3,2,6,2,1,0,1,0,0,0,0,4.4445E+20,5.54755E+21,8.22363E+15,5.00777E+16
10502,10503,6,4,39,2,2016,1,7,6,3,5,3,1,2,0,1,0,0,0,0,4.34557E+20,5.5557E+21,8.08398E+15,5.01499E+16
10503,10504,6,4,36,6,2016,1,17,5,3,2,6,2,0,0,1,0,0,0,0,4.56113E+20,5.54498E+21,8.38691E+15,5.00555E+16
10504,10505,6,6,32,18,2016,1,18,3,3,2,6,2,0,0,1,0,1,0,0,5.51654E+20,5.64977E+21,9.73609E+15,5.09972E+16
10505,10506,6,4,31,16,2016,1,12,1,3,3,6,0,0,0,1,0,0,0,0,4.67947E+20,5.50174E+21,8.55581E+15,4.96674E+16
10506,10507,6,5,33,9,2016,1,23,2,2,8,1,2,0,0,1,0,0,0,0,4.33765E+20,5.58302E+21,8.06812E+15,5.03955E+16
10507,10508,6,4,34,1,2016,1,12,6,3,5,3,0,1,0,1,0,0,0,0,4.74724E+20,5.56214E+21,8.64576E+15,5.02109E+16
10508,10509,6,4,14,0,2016,1,12,2,3,8,1,0,1,0,0,0,0,1,0,4.38072E+20,5.54812E+21,8.13441E+15,5.00821E+16
10509,10510,6,5,33,9,2016,1,15,2,3,9,1,0,0,0,1,0,0,0,0,4.34094E+20,5.5834E+21,8.07268E+15,5.0399E+16
10510,10511,6,4,32,18,2016,1,13,6,3,2,6,0,0,0,1,0,0,0,0,4.70142E+20,5.51898E+21,8.58491E+15,4.98225E+16
10511,10512,6,5,35,4,2016,1,8,5,3,5,3,0,1,0,1,0,0,0,0,5.27878E+20,5.58955E+21,9.39273E+15,5.04573E+16
10512,10513,6,4,12,0,2016,2,12,2,2,2,6,0,0,0,1,0,0,0,0,4.78813E+20,5.55458E+21,8.70349E+15,5.0143E+16
10513,10514,6,4,11,0,2016,1,13,6,3,2,6,0,0,0,1,0,0,0,0,4.70918E+20,5.52166E+21,8.59549E+15,4.98467E+16
10514,10515,6,4,14,0,2016,1,13,6,2,2,6,0,0,0,1,0,0,0,1,4.46698E+20,5.5453E+21,8.25536E+15,5.00576E+16
10515,10516,6,5,32,18,2016,1,7,6,3,8,1,1,2,0,1,0,0,0,0,4.66243E+20,5.59247E+21,8.52418E+15,5.04832E+16
10516,10517,6,5,32,9,2016,1,16,5,3,2,6,0,0,0,1,0,0,0,0,4.53357E+20,5.62926E+21,8.33793E+15,5.08132E+16
10517,10518,6,4,12,0,2016,1,10,7,3,2,6,0,0,0,1,0,0,0,0,4.75973E+20,5.55508E+21,8.66372E+15,5.01475E+16
10518,10519,6,4,34,8,2016,1,10,6,3,2,6,0,0,0,1,0,0,0,0,4.71983E+20,5.56271E+21,8.6073E+15,5.02159E+16
10519,10520,6,4,40,14,2016,1,17,2,3,5,3,1,0,0,1,0,0,0,0,4.98521E+20,5.5674E+21,8.97926E+15,5.02588E+16
10520,10521,6,4,40,4,2016,1,0,1,1,4,6,2,1,0,1,0,0,0,1,5.0851E+20,5.56652E+21,9.11937E+15,5.02507E+16
10521,10522,6,5,32,11,2016,2,7,2,2,5,2,1,1,0,1,0,0,0,0,4.40613E+20,5.62392E+21,8.15793E+15,5.0764E+16
10522,10523,6,4,31,1,2016,1,2,6,3,9,1,2,1,0,1,0,0,0,0,4.84377E+20,5.48543E+21,8.78415E+15,4.95213E+16
10523,10524,6,4,31,6,2016,1,12,6,3,2,6,0,0,0,1,0,0,0,0,4.67244E+20,5.50675E+21,8.54565E+15,4.97124E+16
10524,10525,6,4,38,3,2016,1,9,2,3,2,6,0,1,0,1,0,0,0,1,4.76602E+20,5.53394E+21,8.67381E+15,4.99573E+16
10525,10526,6,4,12,0,2016,1,9,1,3,8,1,0,1,0,1,0,0,0,0,4.75667E+20,5.55092E+21,8.65969E+15,5.011E+16
10526,10527,6,5,32,1,2016,1,16,6,3,5,3,0,0,0,1,0,0,1,0,4.63112E+20,5.60537E+21,8.47878E+15,5.05991E+16
10527,10528,6,6,35,11,2016,2,18,2,3,9,7,2,1,0,1,0,0,0,0,4.80336E+20,5.66154E+21,8.71913E+15,5.1105E+16
10528,10529,6,4,40,5,2016,1,5,6,3,5,3,2,1,0,1,0,0,0,0,4.77029E+20,5.58717E+21,8.67654E+15,5.04361E+16
10529,10530,6,4,32,23,2016,1,15,6,3,2,6,0,0,0,1,0,0,0,0,4.7083E+20,5.52758E+21,8.59382E+15,4.98999E+16
10530,10531,6,4,12,0,2016,1,3,6,3,9,1,2,0,0,1,0,0,0,0,4.66722E+20,5.55166E+21,8.53454E+15,5.01163E+16
10531,10532,6,4,35,14,2016,1,18,6,3,5,2,2,0,0,1,0,0,0,0,4.93555E+20,5.55348E+21,8.90982E+15,5.01335E+16
10532,10533,6,6,11,0,2016,1,15,1,3,5,3,0,1,0,1,0,0,0,0,5.31654E+20,5.68678E+21,9.45435E+15,5.13314E+16
10533,10534,6,5,32,10,2016,1,13,1,3,4,1,0,1,0,1,0,0,0,0,4.40868E+20,5.60315E+21,8.16486E+15,5.05773E+16
10534,10535,6,4,40,4,2016,1,12,7,1,4,6,0,1,0,1,0,0,1,0,5.08766E+20,5.57413E+21,9.12313E+15,5.03192E+16
10535,10536,6,4,38,10,2016,2,6,2,3,2,6,2,0,0,1,0,0,0,0,4.92267E+20,5.54789E+21,8.89191E+15,5.00832E+16
10536,10537,6,5,34,14,2016,1,16,5,3,5,3,0,0,0,1,0,0,0,0,4.79612E+20,5.62499E+21,8.71083E+15,5.07764E+16
10537,10538,6,5,35,11,2016,1,14,5,3,3,2,0,0,0,0,0,1,0,1,5.28151E+20,5.61016E+21,9.39814E+15,5.06426E+16
10538,10539,6,4,36,7,2016,1,17,4,3,2,6,1,0,0,1,0,0,0,0,4.60531E+20,5.54844E+21,8.44827E+15,5.00869E+16
10539,10540,6,4,14,0,2016,1,17,3,3,6,2,1,0,0,1,1,0,0,0,4.42671E+20,5.5439E+21,8.19931E+15,5.00446E+16
10540,10541,6,4,32,19,2016,1,19,1,3,9,1,2,1,0,1,0,0,0,0,4.86368E+20,5.51872E+21,8.8105E+15,4.98208E+16
10541,10542,6,5,34,12,2016,1,17,3,3,9,1,1,1,0,1,0,0,0,0,4.81296E+20,5.63633E+21,8.73414E+15,5.08784E+16
10542,10543,6,5,33,8,2016,1,14,7,2,5,3,0,1,0,1,0,0,0,0,4.36978E+20,5.57772E+21,8.1142E+15,5.03482E+16
10543,10544,6,5,31,5,2016,1,19,4,3,5,2,2,0,1,1,0,0,0,0,4.75221E+20,5.60141E+21,8.65014E+15,5.05641E+16
10544,10545,6,6,33,5,2016,1,9,1,3,5,3,0,0,0,1,0,0,0,1,5.28379E+20,5.69587E+21,9.40808E+15,5.14133E+16
10545,10546,6,4,32,16,2016,1,7,3,3,5,3,2,0,0,1,0,0,0,0,4.82382E+20,5.51993E+21,8.75502E+15,4.98315E+16
10546,10547,6,4,35,14,2016,1,12,1,3,1,5,0,0,0,1,0,0,0,0,4.91503E+20,5.5553E+21,8.88107E+15,5.01498E+16