FID,OBJECTID,ULAND,UREGBEZ,UKREIS,UGEMEINDE,UJAHR,UMONAT,USTUNDE,UWOCHENTAG,UKATEGORIE,UART,UTYP1,ULICHTVERH,IstStrasse,IstRad,IstPKW,IstFuss,IstKrad,IstGkfz,IstSonstig,LINREFX,LINREFY,XGCSWGS84,YGCSWGS84
10547,10548,6,6,32,4,2016,1,3,7,3,8,1,2,1,0,1,0,0,0,0,5.36193E+20,5.62859E+21,9.51367E+15,5.08079E+16
10548,10549,6,4,14,0,2016,1,0,4,3,1,5,2,0,0,1,0,0,0,0,4.49082E+20,5.54484E+21,8.28872E+15,5.00537E+16
10549,10550,6,4,14,0,2016,1,17,5,3,5,2,1,0,1,1,0,0,0,0,4.44845E+20,5.54695E+21,8.22924E+15,5.00722E+16
10550,10551,6,4,13,0,2016,1,9,5,3,3,3,0,0,0,1,0,0,0,0,4.80786E+20,5.54659E+21,8.7315E+15,5.00713E+16
10551,10552,6,4,40,7,2016,1,9,4,3,8,1,0,1,0,1,0,0,0,0,4.93221E+20,5.57158E+21,8.90482E+15,5.02963E+16
10552,10553,6,4,12,0,2016,1,17,3,3,2,6,2,0,0,1,0,0,0,0,4.71399E+20,5.55335E+21,8.59982E+15,5.01317E+16
10553,10554,6,4,12,0,2016,1,18,1,3,2,6,1,0,0,1,0,0,0,0,4.80839E+20,5.55184E+21,8.73199E+15,5.01185E+16
10554,10555,6,5,31,5,2016,1,17,3,2,2,6,1,0,0,1,0,0,0,0,4.80648E+20,5.60382E+21,8.72664E+15,5.05859E+16
10555,10556,6,5,33,17,2016,1,13,6,3,5,3,0,0,0,1,0,0,0,0,4.47848E+20,5.59286E+21,8.26488E+15,5.04854E+16
10556,10557,6,6,11,0,2016,1,11,2,3,8,1,0,0,0,1,0,0,0,0,5.34065E+20,5.68487E+21,9.48877E+15,5.13141E+16
10557,10558,6,6,31,9,2016,1,9,2,3,0,2,0,1,0,1,0,1,0,0,5.48139E+20,5.59992E+21,9.67948E+15,5.05492E+16
10558,10559,6,4,39,2,2016,1,10,7,2,9,1,0,1,0,1,0,0,0,0,4.32384E+20,5.5529E+21,8.05407E+15,5.01245E+16
10559,10560,6,6,11,0,2016,1,10,6,3,5,3,0,1,0,1,0,0,0,1,5.34412E+20,5.6845E+21,9.49372E+15,5.13107E+16
10560,10561,6,4,14,0,2016,1,9,5,3,3,6,0,0,0,1,0,0,0,0,4.52845E+20,5.54524E+21,8.34123E+15,5.00576E+16
10561,10562,6,5,33,16,2016,1,8,6,3,9,1,2,2,0,1,0,0,0,0,4.36188E+20,5.59617E+21,8.09996E+15,5.0514E+16
10562,10563,6,4,14,0,2016,2,18,3,3,0,6,2,1,0,1,0,1,0,0,4.39656E+20,5.54634E+21,8.15683E+15,5.00662E+16
10563,10564,6,6,11,0,2016,2,16,6,3,2,6,0,0,0,1,0,0,0,0,5.33519E+20,5.6878E+21,9.48121E+15,5.13405E+16
10564,10565,6,6,11,0,2016,2,17,5,3,3,6,1,1,0,1,0,0,1,0,5.3585E+20,5.6847E+21,9.51437E+15,5.13124E+16
10565,10566,6,5,34,14,2016,2,17,3,3,8,1,1,1,0,1,0,0,0,0,4.83058E+20,5.62656E+21,8.75964E+15,5.07906E+16
10566,10567,6,5,35,11,2016,2,6,6,3,8,1,2,1,0,1,0,0,0,0,5.27323E+20,5.6068E+21,9.38617E+15,5.06124E+16
10567,10568,6,4,32,23,2016,2,17,2,3,3,6,1,1,0,1,0,0,0,1,4.72126E+20,5.52992E+21,8.6117E+15,4.9921E+16
10568,10569,6,4,32,17,2016,2,8,7,3,5,3,0,0,0,1,0,1,0,0,4.92935E+20,5.52019E+21,8.90175E+15,4.98341E+16
10569,10570,6,5,31,5,2016,2,20,4,3,5,2,2,1,1,1,0,0,0,0,4.77228E+20,5.60334E+21,8.67836E+15,5.05816E+16
10570,10571,6,4,12,0,2016,2,12,3,3,6,4,0,0,0,1,1,0,0,0,4.75727E+20,5.55004E+21,8.66059E+15,5.01022E+16
10571,10572,6,4,39,13,2016,2,10,5,3,5,2,0,0,0,1,0,0,0,0,4.24074E+20,5.53714E+21,7.94096E+15,4.99817E+16
10572,10573,6,4,39,8,2016,2,16,5,2,4,1,0,1,0,1,0,0,0,0,4.46614E+20,5.56246E+21,8.25178E+15,5.02119E+16
10573,10574,6,4,39,10,2016,2,6,6,3,5,3,2,0,0,1,0,0,0,0,4.14169E+20,5.54412E+21,7.80128E+15,5.00432E+16
10574,10575,6,4,13,0,2016,2,10,3,3,2,6,0,1,0,1,0,0,0,0,4.85069E+20,5.54945E+21,8.79124E+15,5.00972E+16
10575,10576,6,6,11,0,2016,2,6,2,3,2,6,1,1,0,1,0,0,1,0,5.38443E+20,5.68425E+21,9.55153E+15,5.13083E+16
10576,10577,6,4,40,4,2016,2,7,5,3,5,3,2,1,0,1,0,0,0,0,5.05188E+20,5.57146E+21,9.07284E+15,5.02952E+16
10577,10578,6,5,35,1,2016,2,13,3,3,5,2,0,1,0,1,0,0,0,0,5.19452E+20,5.62055E+21,9.27565E+15,5.07364E+16
10578,10579,6,6,34,11,2016,2,17,3,3,9,1,2,1,0,1,0,0,1,0,5.34339E+20,5.65219E+21,9.48959E+15,5.10203E+16
10579,10580,6,5,34,14,2016,2,15,3,1,5,3,0,1,0,1,0,0,0,1,4.84033E+20,5.63193E+21,8.77324E+15,5.08389E+16
10580,10581,6,4,35,1,2016,2,11,2,3,8,1,0,1,0,1,0,0,0,0,5.23276E+20,5.56484E+21,9.32638E+15,5.02352E+16
10581,10582,6,4,11,0,2016,2,9,2,3,5,3,0,0,1,1,0,0,0,0,4.74063E+20,5.52438E+21,8.63905E+15,4.98712E+16
10582,10583,6,4,14,0,2016,2,19,4,3,2,6,2,1,0,1,0,0,0,0,4.45031E+20,5.54718E+21,8.2318E+15,5.00744E+16
10583,10584,6,6,31,6,2016,2,15,1,2,8,1,0,1,0,1,0,0,0,0,5.46808E+20,5.59259E+21,9.65977E+15,5.04834E+16
10584,10585,6,5,31,5,2016,2,17,3,3,6,7,1,1,0,1,1,0,0,0,4.77418E+20,5.60473E+21,8.68096E+15,5.0594E+16
10585,10586,6,4,34,8,2016,2,20,1,3,6,4,2,1,0,1,1,0,0,0,4.70018E+20,5.56147E+21,8.57986E+15,5.02047E+16
10586,10587,6,4,12,0,2016,2,19,4,3,2,6,2,1,0,1,0,0,0,0,4.71054E+20,5.54515E+21,8.59562E+15,5.00579E+16
10587,10588,6,6,11,0,2016,2,18,3,3,6,7,0,1,1,0,1,0,0,0,5.34096E+20,5.68684E+21,9.48941E+15,5.13318E+16
10588,10589,6,4,31,11,2016,2,18,5,3,5,2,2,1,0,1,0,0,0,0,4.72422E+20,5.49923E+21,8.618E+15,4.9645E+16
10589,10590,6,4,12,0,2016,2,16,5,3,5,3,0,1,0,1,0,0,0,0,4.8194E+20,5.55417E+21,8.74728E+15,5.01395E+16
10590,10591,6,4,32,10,2016,2,15,6,3,5,3,0,0,0,1,0,0,0,0,4.95853E+20,5.52039E+21,8.94233E+15,4.9836E+16
10591,10592,6,6,35,2,2016,2,19,3,2,6,6,2,1,0,1,1,0,0,0,5.05536E+20,5.69307E+21,9.07956E+15,5.13889E+16
10592,10593,6,5,32,3,2016,2,6,5,3,8,1,2,1,0,1,0,0,0,0,4.58805E+20,5.59468E+21,8.41911E+15,5.05026E+16
10593,10594,6,4,12,0,2016,2,13,3,1,6,2,0,1,0,0,1,0,1,0,4.78659E+20,5.55237E+21,8.70146E+15,5.01232E+16
10594,10595,6,4,31,20,2016,2,21,2,3,5,3,2,0,0,0,0,1,0,1,4.6802E+20,5.48603E+21,8.5581E+15,4.9526E+16
10595,10596,6,4,40,16,2016,2,14,6,3,2,6,0,1,0,1,0,0,0,0,5.04963E+20,5.58563E+21,9.06987E+15,5.04227E+16
10596,10597,6,6,33,3,2016,2,7,4,2,5,3,1,0,1,1,0,0,0,0,5.26971E+20,5.67731E+21,9.38642E+15,5.12465E+16
10597,10598,6,4,33,7,2016,2,11,6,3,8,1,0,1,0,1,0,0,0,0,4.64321E+20,5.54205E+21,8.50185E+15,5.00297E+16
10598,10599,6,4,35,20,2016,2,11,4,3,6,4,0,0,0,1,1,0,0,0,4.99114E+20,5.56033E+21,8.98758E+15,5.01951E+16
10599,10600,6,5,34,18,2016,2,20,7,3,8,1,2,1,0,1,0,0,0,0,5.01372E+20,5.63271E+21,9.01949E+15,5.08461E+16
10600,10601,6,5,31,5,2016,2,21,3,2,6,4,2,1,0,0,1,1,0,0,4.77461E+20,5.60478E+21,8.68156E+15,5.05945E+16
10601,10602,6,5,32,20,2016,2,19,7,3,9,1,2,1,0,1,0,0,0,0,4.51968E+20,5.61179E+21,8.3205E+15,5.0656E+16
10602,10603,6,5,31,5,2016,2,6,6,3,2,6,2,1,0,1,0,0,0,0,4.79527E+20,5.60402E+21,8.71079E+15,5.05877E+16
10603,10604,6,4,36,6,2016,2,7,6,3,2,6,1,1,0,1,0,0,0,0,4.56181E+20,5.54497E+21,8.38788E+15,5.00554E+16
10604,10605,6,4,40,8,2016,2,9,7,3,5,3,0,1,0,1,0,0,0,0,4.79832E+20,5.57428E+21,8.7167E+15,5.03203E+16
10605,10606,6,4,33,2,2016,2,22,5,3,5,3,2,1,0,1,0,0,0,0,4.53767E+20,5.53762E+21,8.35504E+15,4.99891E+16
10606,10607,6,4,12,0,2016,2,18,3,3,6,4,2,1,0,1,1,0,0,0,4.7696E+20,5.54904E+21,8.67789E+15,5.00932E+16
10607,10608,6,4,38,7,2016,2,10,6,3,3,6,0,0,0,1,0,0,0,0,4.99464E+20,5.53893E+21,8.99252E+15,5.00027E+16
10608,10609,6,4,39,11,2016,2,14,5,3,9,1,0,1,0,1,0,0,0,1,4.52212E+20,5.55436E+21,8.33125E+15,5.01395E+16
10609,10610,6,5,33,8,2016,2,12,2,3,0,7,0,1,0,0,0,1,0,0,4.36424E+20,5.57732E+21,8.10649E+15,5.03445E+16
10610,10611,6,5,31,5,2016,2,16,7,3,2,6,0,0,0,1,0,0,0,0,4.76379E+20,5.60408E+21,8.66631E+15,5.05882E+16
10611,10612,6,5,31,7,2016,2,17,2,3,0,3,1,0,1,1,0,0,0,0,4.74866E+20,5.60393E+21,8.64496E+15,5.05867E+16
10612,10613,6,6,31,15,2016,2,13,6,3,5,3,0,1,0,1,0,0,0,0,5.55367E+20,5.61728E+21,9.78408E+15,5.07047E+16
10613,10614,6,4,36,5,2016,2,21,4,2,7,1,2,1,1,0,0,0,0,0,4.63903E+20,5.54559E+21,8.49568E+15,5.00615E+16
10614,10615,6,5,32,6,2016,2,18,6,3,5,3,2,1,0,1,0,0,0,0,4.50748E+20,5.61875E+21,8.30231E+15,5.07185E+16
10615,10616,6,4,38,9,2016,2,17,4,3,2,6,1,1,0,1,0,0,0,1,4.81413E+20,5.54455E+21,8.74036E+15,5.00529E+16
10616,10617,6,5,31,4,2016,2,22,7,3,8,1,2,1,0,1,0,0,0,1,4.83563E+20,5.60013E+21,8.76798E+15,5.05528E+16
10617,10618,6,6,33,17,2016,2,7,3,3,2,6,2,1,0,1,0,0,0,0,5.37707E+20,5.68E+21,9.54051E+15,5.12701E+16
10618,10619,6,5,34,6,2016,2,18,7,3,8,1,2,1,0,0,0,1,0,0,4.86692E+20,5.63335E+21,8.81095E+15,5.08517E+16
10619,10620,6,6,32,9,2016,2,7,5,3,8,1,0,1,0,1,0,0,0,0,5.66542E+20,5.64186E+21,9.94677E+15,5.09246E+16
10620,10621,6,6,31,9,2016,2,20,3,3,2,6,2,1,0,1,0,0,0,0,5.47017E+20,5.60019E+21,9.66367E+15,5.05518E+16
10621,10622,6,4,33,8,2016,2,12,7,2,5,2,0,0,0,1,0,1,0,0,4.67766E+20,5.53489E+21,8.55055E+15,4.99655E+16
10622,10623,6,6,32,2,2016,2,13,2,2,8,1,0,1,0,1,0,0,0,0,5.48228E+20,5.63338E+21,9.6851E+15,5.08501E+16
10623,10624,6,5,33,17,2016,2,18,7,3,2,6,2,0,0,1,0,0,0,0,4.48149E+20,5.5925E+21,8.26917E+15,5.04822E+16
10624,10625,6,4,34,6,2016,2,16,6,3,0,6,0,1,0,1,0,0,0,0,4.65391E+20,5.56022E+21,8.51515E+15,5.01931E+16
10625,10626,6,6,31,8,2016,2,20,6,2,8,1,2,1,0,1,0,0,0,0,5.41028E+20,5.58557E+21,9.57754E+15,5.04208E+16
10626,10627,6,5,32,3,2016,2,5,4,3,9,1,2,2,0,1,0,0,0,0,4.54809E+20,5.59374E+21,8.36287E+15,5.04939E+16
10627,10628,6,4,14,0,2016,2,5,5,3,5,2,2,1,0,1,0,0,0,1,4.44711E+20,5.54677E+21,8.22739E+15,5.00706E+16
10628,10629,6,5,33,9,2016,2,8,4,3,2,6,0,1,0,1,0,0,1,0,4.33081E+20,5.58199E+21,8.05869E+15,5.03861E+16
10629,10630,6,6,35,11,2016,2,14,7,3,5,3,0,0,0,1,0,0,0,0,4.87699E+20,5.65248E+21,8.82461E+15,5.10238E+16
10630,10631,6,4,36,1,2016,2,17,6,3,2,6,2,1,0,1,0,0,0,0,4.65536E+20,5.55411E+21,8.51772E+15,5.01382E+16
10631,10632,6,5,31,8,2016,2,7,6,3,5,2,1,1,0,1,0,0,0,0,4.91237E+20,5.59181E+21,8.8765E+15,5.04782E+16
10632,10633,6,4,32,9,2016,2,18,4,3,2,2,2,1,0,1,0,0,0,0,4.87456E+20,5.51729E+21,8.82566E+15,4.98079E+16
10633,10634,6,6,11,0,2016,2,15,5,2,2,6,0,1,0,1,0,0,0,0,5.36431E+20,5.68163E+21,9.5224E+15,5.12848E+16
10634,10635,6,6,31,2,2016,2,12,5,3,8,1,0,2,0,1,0,0,0,0,5.47789E+20,5.61457E+21,9.67643E+15,5.0681E+16
10635,10636,6,4,33,11,2016,2,16,4,3,5,3,0,1,0,1,0,0,0,0,4.62942E+20,5.52044E+21,8.48467E+15,4.98352E+16
10636,10637,6,4,12,0,2016,2,16,7,3,2,6,0,1,0,1,0,0,0,0,4.707E+20,5.55345E+21,8.59004E+15,5.01325E+16
10637,10638,6,4,14,0,2016,2,11,3,3,2,6,0,0,0,1,0,0,0,0,4.4468E+20,5.54757E+21,8.22685E+15,5.00778E+16
10638,10639,6,4,12,0,2016,2,15,6,3,3,2,0,0,0,1,0,0,0,1,4.7616E+20,5.55515E+21,8.66632E+15,5.01481E+16
10639,10640,6,4,14,0,2016,2,11,5,3,2,2,0,0,0,1,0,0,0,0,4.46258E+20,5.5476E+21,8.2489E+15,5.00783E+16
10640,10641,6,6,31,9,2016,2,17,3,2,6,4,2,1,0,1,1,0,0,0,5.49071E+20,5.59956E+21,9.69259E+15,5.05459E+16
10641,10642,6,5,33,9,2016,2,21,6,3,5,3,2,1,0,1,0,0,0,0,4.33239E+20,5.5823E+21,8.06086E+15,5.03889E+16
10642,10643,6,6,36,14,2016,2,14,1,2,8,1,0,1,0,1,0,0,0,0,5.69845E+20,5.66903E+21,9.99901E+15,5.11684E+16
10643,10644,6,5,34,11,2016,2,9,7,3,4,6,0,0,0,1,0,0,0,0,4.89618E+20,5.63253E+21,8.85254E+15,5.08443E+16
10644,10645,6,6,31,6,2016,2,9,4,3,2,6,0,1,0,1,0,0,1,0,5.48625E+20,5.59293E+21,9.68543E+15,5.04863E+16
10645,10646,6,6,11,0,2016,2,18,3,3,5,3,2,1,1,1,0,0,0,0,5.37801E+20,5.68247E+21,9.54212E+15,5.12923E+16
10646,10647,6,4,34,1,2016,2,20,5,3,5,3,2,1,0,1,0,0,0,0,4.73713E+20,5.56232E+21,8.63158E+15,5.02125E+16
10647,10648,6,4,40,23,2016,2,14,5,3,2,6,0,1,0,1,0,0,1,0,4.76673E+20,5.57128E+21,8.67252E+15,5.02932E+16
10648,10649,6,4,35,10,2016,2,21,6,2,9,1,2,0,0,1,0,0,0,0,5.09339E+20,5.55847E+21,9.1308E+15,5.01784E+16
10649,10650,6,4,11,0,2016,2,7,3,3,5,3,1,1,0,1,0,0,0,0,4.73631E+20,5.52427E+21,8.63305E+15,4.98702E+16
10650,10651,6,6,11,0,2016,2,19,2,2,6,4,2,0,0,0,1,0,0,1,5.36008E+20,5.68512E+21,9.51668E+15,5.13162E+16
10651,10652,6,4,39,7,2016,2,14,3,2,8,7,0,0,0,1,0,0,0,0,4.4213E+20,5.56615E+21,8.18838E+15,5.02446E+16
10652,10653,6,6,34,14,2016,2,22,5,3,2,6,2,1,0,1,0,0,0,0,5.3841E+20,5.66248E+21,9.54872E+15,5.11125E+16
10653,10654,6,4,12,0,2016,2,0,5,3,2,6,2,0,0,1,0,0,0,1,4.66871E+20,5.55171E+21,8.53661E+15,5.01167E+16
10654,10655,6,6,33,3,2016,2,14,6,3,2,6,0,0,0,1,0,0,0,0,5.29711E+20,5.6752E+21,9.4255E+15,5.12274E+16
10655,10656,6,6,11,0,2016,2,16,2,2,1,5,0,0,1,1,0,0,0,0,5.33311E+20,5.68808E+21,9.47826E+15,5.1343E+16
10656,10657,6,4,38,5,2016,2,7,5,3,2,6,2,1,0,1,0,0,0,0,4.88174E+20,5.54578E+21,8.83477E+15,5.00642E+16
10657,10658,6,4,32,11,2016,2,14,3,3,2,6,0,1,0,1,0,0,0,0,4.87794E+20,5.52512E+21,8.83012E+15,4.98784E+16
10658,10659,6,4,35,14,2016,2,11,3,3,5,3,0,0,1,1,0,0,0,0,4.94837E+20,5.55273E+21,8.92776E+15,5.01268E+16
10659,10660,6,6,34,7,2016,2,15,2,3,5,2,0,1,0,1,0,0,0,0,5.2404E+20,5.67068E+21,9.34398E+15,5.1187E+16
10660,10661,6,5,33,18,2016,2,0,1,3,4,6,2,0,0,1,0,0,0,0,4.57466E+20,5.58817E+21,8.40097E+15,5.0444E+16
10661,10662,6,4,36,7,2016,2,18,4,3,5,2,2,0,0,1,0,0,0,0,4.59232E+20,5.54891E+21,8.43006E+15,5.00911E+16
10662,10663,6,4,39,15,2016,2,6,3,3,5,2,2,1,0,1,0,0,0,0,4.44242E+20,5.5582E+21,8.21917E+15,5.01733E+16
10663,10664,6,5,32,19,2016,2,17,5,3,9,1,1,2,0,1,0,0,0,0,4.58167E+20,5.62371E+21,8.40683E+15,5.07637E+16
10664,10665,6,5,33,9,2016,2,20,4,3,8,6,2,0,0,1,0,0,0,0,4.34753E+20,5.58544E+21,8.0816E+15,5.04174E+16
10665,10666,6,4,12,0,2016,2,7,3,3,3,6,0,0,0,1,0,0,0,1,4.8037E+20,5.55157E+21,8.72544E+15,5.01161E+16
10666,10667,6,6,31,9,2016,2,15,6,3,0,7,0,0,0,1,0,0,0,0,5.47928E+20,5.59844E+21,9.67632E+15,5.05359E+16
10667,10668,6,4,12,0,2016,2,7,5,3,2,6,0,0,0,1,0,0,1,0,4.66062E+20,5.55123E+21,8.52534E+15,5.01124E+16
10668,10669,6,6,35,21,2016,2,17,2,2,4,1,0,1,0,1,0,0,0,0,5.0193E+20,5.67914E+21,9.02766E+15,5.12636E+16
10669,10670,6,4,33,12,2016,2,11,2,2,5,3,0,1,0,1,0,0,0,0,4.5968E+20,5.53618E+21,8.43767E+15,4.99766E+16
10670,10671,6,4,31,3,2016,2,6,6,3,5,3,2,1,0,1,0,0,0,0,4.58855E+20,5.50417E+21,8.42956E+15,4.96886E+16
10671,10672,6,6,32,17,2016,2,21,4,3,8,7,2,1,0,1,0,0,0,0,5.58205E+20,5.64485E+21,9.82865E+15,5.09523E+16
10672,10673,6,5,35,13,2016,2,7,6,3,3,6,0,1,0,1,0,0,0,0,4.98966E+20,5.6101E+21,8.98537E+15,5.06428E+16
10673,10674,6,4,40,8,2016,2,16,5,3,5,3,1,0,0,1,0,0,0,0,4.83399E+20,5.57734E+21,8.76667E+15,5.03479E+16
10674,10675,6,4,36,4,2016,2,16,3,2,2,6,0,1,0,1,0,0,0,0,4.59413E+20,5.54157E+21,8.43338E+15,5.0025E+16
10675,10676,6,4,12,0,2016,2,15,3,2,9,1,0,1,0,1,0,0,0,0,4.68511E+20,5.54452E+21,8.56014E+15,5.00521E+16
10676,10677,6,5,32,23,2016,2,18,3,3,2,2,2,1,0,1,0,0,0,0,4.65681E+20,5.60013E+21,8.51556E+15,5.05521E+16
10677,10678,6,5,32,8,2016,2,15,2,3,5,3,0,1,0,1,0,0,0,0,4.53407E+20,5.60798E+21,8.34132E+15,5.06219E+16
10678,10679,6,6,35,9,2016,2,0,2,2,8,7,2,0,0,1,0,0,0,0,5.14875E+20,5.66447E+21,9.21258E+15,5.11315E+16
10679,10680,6,4,13,0,2016,2,14,4,3,2,6,0,1,0,1,0,0,0,0,4.83516E+20,5.54846E+21,8.76957E+15,5.00882E+16
10680,10681,6,5,32,21,2016,2,13,1,3,5,3,0,1,0,1,0,1,0,0,4.58299E+20,5.6004E+21,8.41133E+15,5.05541E+16
10681,10682,6,6,11,0,2016,2,10,4,3,8,1,0,1,0,1,0,0,0,0,5.28338E+20,5.68873E+21,9.40691E+15,5.13492E+16
10682,10683,6,6,36,14,2016,2,0,3,3,5,3,2,0,0,1,0,0,0,0,5.74423E+20,5.66356E+21,1.00633E+16,5.11187E+16
10683,10684,6,4,31,14,2016,2,18,7,3,8,1,2,1,0,1,0,0,0,0,4.80454E+20,5.50794E+21,8.72881E+15,4.97236E+16
10684,10685,6,4,12,0,2016,2,17,4,3,3,6,0,0,0,1,0,0,1,0,4.72485E+20,5.54707E+21,8.61547E+15,5.00753E+16
10685,10686,6,5,35,1,2016,2,14,6,3,2,6,0,0,0,1,0,0,0,0,5.18989E+20,5.62101E+21,9.26912E+15,5.07406E+16
10686,10687,6,5,31,5,2016,2,7,4,3,4,1,1,2,0,1,0,0,0,1,4.7592E+20,5.60601E+21,8.65971E+15,5.06054E+16
10687,10688,6,4,12,0,2016,2,17,7,2,6,7,1,0,0,1,1,0,0,0,4.7168E+20,5.5479E+21,8.60415E+15,5.00827E+16
10688,10689,6,4,38,12,2016,2,11,2,3,0,3,0,1,0,1,0,0,0,1,4.88555E+20,5.53381E+21,8.84045E+15,4.99565E+16
10689,10690,6,6,31,20,2016,2,13,6,3,2,6,0,0,0,1,0,0,0,0,5.52819E+20,5.60026E+21,9.74559E+15,5.05519E+16
10690,10691,6,4,40,20,2016,2,15,4,2,9,1,0,1,0,1,0,0,0,0,4.98007E+20,5.58156E+21,8.97197E+15,5.03861E+16
10691,10692,6,6,32,7,2016,2,12,5,2,5,2,0,1,0,1,0,0,0,0,5.50865E+20,5.63367E+21,9.72261E+15,5.08525E+16
10692,10693,6,4,37,9,2016,2,13,4,2,4,6,0,0,0,1,0,0,0,0,4.99624E+20,5.51419E+21,8.99478E+15,4.97802E+16
10693,10694,6,6,32,2,2016,2,10,7,3,9,1,0,1,0,1,0,0,0,0,5.50742E+20,5.63367E+21,9.72085E+15,5.08525E+16
10694,10695,6,6,33,9,2016,2,15,3,3,2,1,0,1,0,1,0,0,0,1,5.36478E+20,5.69056E+21,9.52398E+15,5.13652E+16
10695,10696,6,6,11,0,2016,2,22,6,3,5,2,2,0,0,1,0,0,0,0,5.36912E+20,5.68647E+21,9.52978E+15,5.13283E+16
10696,10697,6,5,33,9,2016,2,14,5,3,5,3,0,0,0,1,0,1,0,0,4.34347E+20,5.58046E+21,8.07675E+15,5.03726E+16
10697,10698,6,6,35,4,2016,2,15,4,2,5,3,0,0,0,1,0,0,0,0,4.74313E+20,5.64623E+21,8.63419E+15,5.09671E+16
10698,10699,6,5,34,21,2016,2,12,7,3,5,3,0,0,0,1,0,0,0,0,4.82593E+20,5.64053E+21,8.75238E+15,5.09161E+16
10699,10700,6,6,35,22,2016,2,8,3,1,4,6,0,1,0,1,0,0,0,1,4.82595E+20,5.68208E+21,8.7504E+15,5.12898E+16
10700,10701,6,5,32,23,2016,2,17,7,3,9,1,1,1,0,1,0,0,0,0,4.63428E+20,5.60515E+21,8.48327E+15,5.05971E+16
10701,10702,6,6,31,9,2016,2,13,6,3,2,2,0,0,0,1,0,0,0,0,5.48964E+20,5.60198E+21,9.69139E+15,5.05677E+16
10702,10703,6,5,31,4,2016,2,13,7,3,9,1,0,0,0,1,0,0,0,0,4.863E+20,5.60089E+21,8.80658E+15,5.05598E+16
10703,10704,6,4,14,0,2016,2,10,4,3,5,2,0,0,1,1,0,0,0,0,4.48723E+20,5.54063E+21,8.28427E+15,5.00157E+16
10704,10705,6,4,38,8,2016,2,13,7,3,6,2,0,0,0,0,1,0,0,1,4.8846E+20,5.55252E+21,8.83855E+15,5.01248E+16
10705,10706,6,6,11,0,2016,2,15,6,3,2,6,0,1,0,1,0,0,0,0,5.31365E+20,5.68585E+21,9.45013E+15,5.13231E+16
10706,10707,6,5,31,5,2016,2,12,6,2,3,6,0,1,0,1,0,0,0,1,4.82475E+20,5.60391E+21,8.75243E+15,5.05869E+16
10707,10708,6,6,31,9,2016,2,13,4,2,2,6,0,1,0,1,0,0,1,0,5.48026E+20,5.60097E+21,9.67802E+15,5.05586E+16
10708,10709,6,4,14,0,2016,2,17,5,3,2,6,2,1,0,1,0,1,0,0,4.49829E+20,5.53903E+21,8.29992E+15,5.00014E+16
10709,10710,6,4,38,6,2016,2,21,3,3,2,6,2,1,0,1,0,0,0,0,4.78022E+20,5.53741E+21,8.69341E+15,4.99887E+16
10710,10711,6,4,12,0,2016,2,14,5,3,3,6,0,1,0,1,0,0,1,0,4.80806E+20,5.55189E+21,8.73151E+15,5.01189E+16
10711,10712,6,4,35,18,2016,2,17,5,3,3,6,1,1,0,1,0,0,1,1,5.14434E+20,5.56032E+21,9.20223E+15,5.01949E+16
10712,10713,6,4,35,14,2016,2,18,4,3,5,2,2,0,0,1,0,0,0,0,4.94265E+20,5.55296E+21,8.91976E+15,5.01289E+16
10713,10714,6,4,33,2,2016,2,5,7,2,8,1,2,0,0,1,0,0,0,0,4.52865E+20,5.53801E+21,8.3424E+15,4.99926E+16
10714,10715,6,4,36,12,2016,2,15,3,3,2,6,0,1,0,1,0,0,0,0,4.65782E+20,5.55272E+21,8.52129E+15,5.01258E+16
10715,10716,6,4,11,0,2016,2,10,6,3,5,3,0,0,0,1,0,0,0,0,4.75974E+20,5.52554E+21,8.66558E+15,4.98817E+16
10716,10717,6,6,11,0,2016,2,19,2,3,2,6,2,0,0,1,0,0,0,0,5.32894E+20,5.68478E+21,9.47197E+15,5.13134E+16
10717,10718,6,4,11,0,2016,2,13,5,3,2,6,0,0,0,1,0,0,0,0,4.74597E+20,5.52242E+21,8.64662E+15,4.98537E+16
10718,10719,6,4,13,0,2016,2,6,3,3,5,3,2,1,0,1,0,0,1,0,4.80569E+20,5.5455E+21,8.72853E+15,5.00614E+16
10719,10720,6,5,31,14,2016,2,18,3,3,6,2,2,1,0,1,1,0,0,0,4.808E+20,5.59851E+21,8.72905E+15,5.05382E+16
10720,10721,6,4,35,4,2016,2,13,1,3,0,6,0,1,0,1,0,0,0,0,5.21063E+20,5.57605E+21,9.29596E+15,5.03362E+16
10721,10722,6,4,35,3,2016,2,16,3,3,3,6,0,0,0,1,0,0,0,1,5.20478E+20,5.56472E+21,9.28714E+15,5.02343E+16
10722,10723,6,6,34,16,2016,2,18,6,3,8,1,2,1,0,1,0,0,0,0,5.1356E+20,5.65234E+21,9.19334E+15,5.10224E+16
10723,10724,6,4,31,6,2016,2,20,2,3,2,6,2,0,0,1,0,0,1,0,4.67801E+20,5.50329E+21,8.55365E+15,4.96813E+16
10724,10725,6,4,40,5,2016,2,14,7,3,5,3,0,0,1,1,0,0,0,0,4.77295E+20,5.58719E+21,8.68028E+15,5.04363E+16
10725,10726,6,4,12,0,2016,2,3,6,2,2,6,2,1,0,1,0,0,1,0,4.75229E+20,5.54539E+21,8.65393E+15,5.00602E+16
10726,10727,6,5,31,10,2016,2,17,4,3,8,1,1,1,0,1,0,0,0,0,5.01287E+20,5.59925E+21,9.01816E+15,5.05451E+16
10727,10728,6,4,34,11,2016,2,18,3,2,4,6,2,1,0,1,0,0,0,0,4.67204E+20,5.57747E+21,8.53905E+15,5.03484E+16
10728,10729,6,6,35,11,2016,2,16,5,3,4,1,1,2,0,1,0,0,0,0,4.80016E+20,5.65765E+21,8.71477E+15,5.107E+16