FID,OBJECTID,ULAND,UREGBEZ,UKREIS,UGEMEINDE,UJAHR,UMONAT,USTUNDE,UWOCHENTAG,UKATEGORIE,UART,UTYP1,ULICHTVERH,IstStrasse,IstRad,IstPKW,IstFuss,IstKrad,IstGkfz,IstSonstig,LINREFX,LINREFY,XGCSWGS84,YGCSWGS84
10729,10730,6,4,12,0,2016,2,18,5,3,8,1,1,1,0,1,0,0,0,0,4.63112E+20,5.54944E+21,8.48425E+15,5.0096E+16
10730,10731,6,4,39,8,2016,2,10,6,3,5,3,0,0,0,1,0,0,0,0,4.47454E+20,5.5631E+21,8.26347E+15,5.02178E+16
10731,10732,6,4,14,0,2016,2,12,3,3,2,6,0,1,0,1,0,0,0,0,4.463E+20,5.54786E+21,8.24945E+15,5.00806E+16
10732,10733,6,4,13,0,2016,2,18,2,3,5,3,2,0,0,1,0,0,0,0,4.81335E+20,5.5504E+21,8.73899E+15,5.01055E+16
10733,10734,6,5,33,11,2016,2,11,5,2,8,1,0,1,0,1,0,0,0,0,4.3952E+20,5.60193E+21,8.14602E+15,5.05661E+16
10734,10735,6,5,34,7,2016,2,17,3,3,1,6,0,1,0,1,0,0,0,0,4.63602E+20,5.63372E+21,8.48291E+15,5.0854E+16
10735,10736,6,4,38,13,2016,2,19,3,3,7,3,2,1,0,1,0,0,0,0,4.95844E+20,5.54157E+21,8.94198E+15,5.00265E+16
10736,10737,6,4,38,5,2016,2,14,3,3,2,6,0,0,0,1,0,0,0,0,4.85515E+20,5.54617E+21,8.79759E+15,5.00676E+16
10737,10738,6,4,38,10,2016,2,13,2,3,5,7,0,1,0,1,0,0,0,0,4.90332E+20,5.54667E+21,8.8649E+15,5.00722E+16
10738,10739,6,4,12,0,2016,2,0,2,3,0,1,2,0,0,0,0,1,0,0,4.74943E+20,5.5513E+21,8.64954E+15,5.01134E+16
10739,10740,6,4,14,0,2016,2,12,4,3,2,2,0,1,0,1,0,0,0,0,4.43932E+20,5.54389E+21,8.21694E+15,5.00447E+16
10740,10741,6,4,31,13,2016,2,23,1,3,7,7,2,0,0,1,0,0,0,0,4.56956E+20,5.49834E+21,8.40387E+15,4.96361E+16
10741,10742,6,4,38,12,2016,2,9,4,3,4,6,0,1,0,0,0,0,1,0,4.81582E+20,5.53406E+21,8.74322E+15,4.99586E+16
10742,10743,6,4,32,22,2016,2,14,7,3,4,1,0,1,0,1,0,0,0,0,4.76899E+20,5.51311E+21,8.67919E+15,4.977E+16
10743,10744,6,5,34,4,2016,2,16,5,2,4,1,0,1,0,1,0,0,0,0,4.67822E+20,5.63679E+21,8.54258E+15,5.08819E+16
10744,10745,6,4,12,0,2016,2,20,4,2,9,1,2,1,0,1,0,0,0,0,4.81413E+20,5.54927E+21,8.74013E+15,5.00954E+16
10745,10746,6,4,31,6,2016,2,11,3,3,5,3,0,0,0,1,0,0,0,0,4.67664E+20,5.50264E+21,8.55181E+15,4.96754E+16
10746,10747,6,4,31,11,2016,2,18,5,2,2,6,2,1,0,1,0,0,0,0,4.72078E+20,5.49936E+21,8.61322E+15,4.96461E+16
10747,10748,6,4,11,0,2016,2,6,5,3,2,6,2,0,0,1,0,0,0,0,4.77961E+20,5.52371E+21,8.69334E+15,4.98654E+16
10748,10749,6,4,32,2,2016,2,16,6,3,2,6,0,0,0,1,0,0,0,0,4.98683E+20,5.53407E+21,8.98164E+15,4.9959E+16
10749,10750,6,6,36,16,2016,2,8,3,2,0,1,0,0,1,0,0,0,0,0,5.59231E+20,5.68819E+21,9.85039E+15,5.13419E+16
10750,10751,6,6,31,15,2016,2,13,5,3,2,6,0,0,0,1,0,0,1,0,5.52981E+20,5.61091E+21,9.74938E+15,5.06477E+16
10751,10752,6,4,33,12,2016,2,18,3,3,8,1,2,1,0,1,0,0,0,0,4.61876E+20,5.53744E+21,8.46817E+15,4.99881E+16
10752,10753,6,4,40,25,2016,2,22,2,3,4,1,2,1,0,1,0,0,0,0,4.83717E+20,5.57E+21,8.77145E+15,5.02819E+16
10753,10754,6,6,33,3,2016,2,12,4,3,2,6,0,1,0,1,0,0,0,0,5.27321E+20,5.67645E+21,9.39138E+15,5.12388E+16
10754,10755,6,4,13,0,2016,2,17,6,3,2,6,2,0,0,1,0,0,0,0,4.81051E+20,5.54634E+21,8.73522E+15,5.00691E+16
10755,10756,6,4,12,0,2016,2,21,4,3,5,3,2,0,1,0,0,0,0,0,4.75228E+20,5.55984E+21,8.65297E+15,5.01903E+16
10756,10757,6,4,33,2,2016,2,20,7,2,5,3,2,1,0,1,0,0,0,0,4.53205E+20,5.5363E+21,8.34736E+15,4.99772E+16
10757,10758,6,4,32,23,2016,2,20,4,3,3,6,2,0,0,1,0,0,0,0,4.72355E+20,5.52725E+21,8.61508E+15,4.9897E+16
10758,10759,6,4,31,11,2016,2,18,6,3,2,6,2,0,0,1,0,0,0,0,4.71926E+20,5.49801E+21,8.61121E+15,4.9634E+16
10759,10760,6,4,12,0,2016,2,18,6,3,2,6,2,0,0,1,0,0,0,0,4.71537E+20,5.5451E+21,8.60237E+15,5.00575E+16
10760,10761,6,6,35,7,2016,2,14,4,3,4,6,0,1,0,1,0,0,1,0,4.87283E+20,5.68647E+21,8.81748E+15,5.13293E+16
10761,10762,6,6,34,2,2016,2,16,7,2,2,6,0,0,0,1,0,1,0,0,5.32394E+20,5.67295E+21,9.46373E+15,5.1207E+16
10762,10763,6,6,31,9,2016,2,14,2,2,8,1,0,1,0,1,0,0,0,0,5.47834E+20,5.60853E+21,9.67629E+15,5.06267E+16
10763,10764,6,4,14,0,2016,2,8,6,2,6,4,0,1,0,1,1,0,0,0,4.44896E+20,5.54879E+21,8.22969E+15,5.00888E+16
10764,10765,6,5,32,23,2016,2,6,6,3,3,6,1,0,0,1,0,0,0,0,4.63463E+20,5.60128E+21,8.48414E+15,5.05623E+16
10765,10766,6,4,38,11,2016,2,17,6,3,2,6,0,0,0,1,0,0,0,0,4.91539E+20,5.54522E+21,8.88179E+15,5.00592E+16
10766,10767,6,4,12,0,2016,2,19,5,3,2,6,2,0,0,1,0,0,0,0,4.68831E+20,5.54463E+21,8.5646E+15,5.00532E+16
10767,10768,6,5,33,13,2016,2,14,2,3,0,3,0,1,0,1,0,0,0,0,4.37489E+20,5.58548E+21,8.12009E+15,5.0418E+16
10768,10769,6,4,32,18,2016,2,21,1,2,8,1,2,1,0,1,0,0,0,0,4.69146E+20,5.51666E+21,8.57124E+15,4.98016E+16
10769,10770,6,5,34,18,2016,2,3,2,2,8,1,2,0,0,1,0,0,0,0,5.03747E+20,5.63124E+21,9.0532E+15,5.08329E+16
10770,10771,6,5,34,14,2016,2,1,6,3,8,1,2,1,0,1,0,0,0,0,4.82977E+20,5.62479E+21,8.75857E+15,5.07746E+16
10771,10772,6,4,34,8,2016,2,17,4,3,2,6,1,1,0,1,0,0,0,0,4.70993E+20,5.56096E+21,8.59356E+15,5.02001E+16
10772,10773,6,4,38,2,2016,2,15,6,3,8,1,0,0,0,1,0,0,0,0,4.80796E+20,5.54033E+21,8.73195E+15,5.0015E+16
10773,10774,6,4,39,6,2016,2,16,4,3,2,2,0,1,0,1,0,0,0,0,4.34887E+20,5.55485E+21,8.08875E+15,5.01423E+16
10774,10775,6,5,34,14,2016,2,0,7,3,1,6,2,0,0,1,0,0,0,0,4.83476E+20,5.62835E+21,8.76549E+15,5.08067E+16
10775,10776,6,6,33,24,2016,2,8,3,2,8,1,0,1,0,1,0,0,0,0,5.35267E+20,5.67684E+21,9.50523E+15,5.12419E+16
10776,10777,6,4,36,4,2016,2,10,7,2,3,2,0,0,1,1,0,0,0,0,4.58842E+20,5.54055E+21,8.42551E+15,5.00158E+16
10777,10778,6,6,35,15,2016,2,8,5,3,0,7,0,1,0,1,0,0,0,0,4.90056E+20,5.68078E+21,8.85744E+15,5.12783E+16
10778,10779,6,4,38,12,2016,2,13,3,3,2,6,0,0,0,0,0,0,0,1,4.88555E+20,5.53381E+21,8.84044E+15,4.99565E+16
10779,10780,6,4,12,0,2016,2,17,7,3,2,6,0,0,0,1,0,0,0,0,4.6741E+20,5.55201E+21,8.54413E+15,5.01194E+16
10780,10781,6,6,34,11,2016,2,13,2,3,9,1,0,1,0,1,0,0,0,0,5.34332E+20,5.65239E+21,9.4895E+15,5.10221E+16
10781,10782,6,4,38,11,2016,2,18,7,3,5,3,2,0,0,1,0,0,0,0,4.90559E+20,5.54528E+21,8.86811E+15,5.00598E+16
10782,10783,6,4,38,3,2016,2,15,6,3,8,7,0,0,0,1,0,0,0,0,4.76544E+20,5.53346E+21,8.67302E+15,4.99531E+16
10783,10784,6,4,35,12,2016,2,2,6,2,8,1,2,0,0,1,0,0,0,0,5.08208E+20,5.56217E+21,9.11503E+15,5.02117E+16
10784,10785,6,6,31,9,2016,2,7,4,2,6,4,0,1,0,1,1,0,0,0,5.46511E+20,5.60038E+21,9.65656E+15,5.05535E+16
10785,10786,6,4,14,0,2016,2,15,5,3,2,6,0,1,0,1,0,0,0,0,4.49054E+20,5.54487E+21,8.28833E+15,5.00539E+16
10786,10787,6,4,40,1,2016,2,16,3,3,5,2,1,1,0,1,0,0,0,0,4.94481E+20,5.56902E+21,8.92256E+15,5.02733E+16
10787,10788,6,6,36,16,2016,2,16,5,3,8,1,0,1,0,1,0,0,0,0,5.58915E+20,5.68177E+21,9.84479E+15,5.12842E+16
10788,10789,6,6,33,17,2016,2,14,5,3,8,1,0,1,0,1,0,0,0,0,5.36934E+20,5.68054E+21,9.5295E+15,5.1275E+16
10789,10790,6,5,35,1,2016,2,1,4,3,3,6,2,2,0,1,0,0,1,0,5.16986E+20,5.6204E+21,9.2407E+15,5.07351E+16
10790,10791,6,5,32,10,2016,2,10,4,3,2,1,0,2,0,1,0,0,0,0,4.45802E+20,5.60502E+21,8.23426E+15,5.05946E+16
10791,10792,6,6,11,0,2016,2,16,5,2,5,3,1,1,0,1,0,0,0,0,5.37566E+20,5.6823E+21,9.53873E+15,5.12908E+16
10792,10793,6,5,34,18,2016,2,23,5,2,5,2,2,1,0,1,0,0,0,0,5.00926E+20,5.62962E+21,9.01315E+15,5.08183E+16
10793,10794,6,4,33,6,2016,2,14,4,2,8,7,0,0,0,1,0,0,0,0,4.64634E+20,5.53271E+21,8.50708E+15,4.99457E+16
10794,10795,6,4,14,0,2016,2,17,3,3,2,6,2,1,0,1,0,0,0,0,4.44995E+20,5.54724E+21,8.23129E+15,5.00749E+16
10795,10796,6,4,14,0,2016,2,17,6,3,2,6,0,0,0,1,0,0,0,0,4.49034E+20,5.54117E+21,8.28854E+15,5.00206E+16
10796,10797,6,4,14,0,2016,2,11,5,2,5,3,0,0,0,1,0,0,0,0,4.44242E+20,5.54753E+21,8.22073E+15,5.00774E+16
10797,10798,6,6,31,15,2016,2,17,3,2,3,1,1,1,0,1,0,0,1,0,5.47936E+20,5.61375E+21,9.6784E+15,5.06736E+16
10798,10799,6,5,33,7,2016,2,23,6,2,6,4,2,1,0,1,1,0,0,0,4.32219E+20,5.58869E+21,8.04535E+15,5.04463E+16
10799,10800,6,5,32,12,2016,2,16,2,3,5,3,0,1,0,1,0,0,0,1,4.49076E+20,5.61327E+21,8.27938E+15,5.0669E+16
10800,10801,6,4,32,18,2016,2,18,7,3,9,1,2,0,0,1,0,0,0,0,4.67235E+20,5.5179E+21,8.54459E+15,4.98127E+16
10801,10802,6,5,31,5,2016,2,19,4,3,5,3,2,1,1,1,0,0,0,0,4.77875E+20,5.6024E+21,8.68755E+15,5.05731E+16
10802,10803,6,4,32,8,2016,2,8,3,3,0,1,0,0,1,0,0,0,0,0,4.66985E+20,5.5243E+21,8.54057E+15,4.98702E+16
10803,10804,6,4,34,6,2016,2,15,5,3,4,2,0,1,0,1,0,0,0,0,4.6386E+20,5.55957E+21,8.49375E+15,5.01872E+16
10804,10805,6,4,31,16,2016,2,16,5,3,2,6,0,1,0,1,0,0,0,0,4.67707E+20,5.49924E+21,8.55268E+15,4.96448E+16
10805,10806,6,4,34,11,2016,2,13,6,3,5,2,0,1,0,1,0,0,0,0,4.6619E+20,5.57616E+21,8.52491E+15,5.03366E+16
10806,10807,6,4,12,0,2016,2,2,3,3,6,4,2,1,0,1,1,0,0,0,4.81495E+20,5.55231E+21,8.74113E+15,5.01227E+16
10807,10808,6,4,13,0,2016,2,16,2,3,2,6,0,0,0,1,0,0,0,0,4.83553E+20,5.54838E+21,8.7701E+15,5.00874E+16
10808,10809,6,4,40,4,2016,2,7,5,3,5,2,1,1,0,1,0,0,0,0,5.07747E+20,5.56872E+21,9.10871E+15,5.02706E+16
10809,10810,6,4,33,12,2016,2,2,3,2,9,1,2,0,0,1,0,0,0,0,4.58112E+20,5.53417E+21,8.41602E+15,4.99584E+16
10810,10811,6,6,32,15,2016,2,17,3,3,9,1,2,1,0,1,0,0,0,0,5.39571E+20,5.62976E+21,9.56175E+15,5.08183E+16
10811,10812,6,6,34,7,2016,2,0,3,2,8,1,2,1,0,1,0,0,0,0,5.22518E+20,5.66846E+21,9.32207E+15,5.11671E+16
10812,10813,6,4,35,15,2016,2,16,2,3,8,1,0,1,0,1,0,0,0,0,5.07671E+20,5.55587E+21,9.10738E+15,5.0155E+16
10813,10814,6,6,34,26,2016,2,10,2,3,4,1,0,1,0,1,0,0,0,1,5.13431E+20,5.63803E+21,9.19097E+15,5.08938E+16
10814,10815,6,4,14,0,2016,2,7,4,3,5,2,0,0,0,1,0,0,0,0,4.43667E+20,5.54745E+21,8.2127E+15,5.00766E+16
10815,10816,6,6,11,0,2016,2,17,6,3,5,2,1,0,0,1,0,0,0,0,5.3054E+20,5.68745E+21,9.43842E+15,5.13375E+16
10816,10817,6,4,12,0,2016,2,12,2,3,2,6,0,0,0,1,0,0,0,1,4.72734E+20,5.54988E+21,8.61876E+15,5.01006E+16
10817,10818,6,6,32,1,2016,2,7,5,2,9,1,0,2,0,0,0,0,0,1,5.44918E+20,5.65003E+21,9.64015E+15,5.10001E+16
10818,10819,6,4,40,13,2016,2,19,3,2,9,1,2,1,0,1,0,0,0,0,5.18095E+20,5.5777E+21,9.25434E+15,5.03511E+16
10819,10820,6,6,34,13,2016,2,11,3,3,3,6,0,1,0,1,0,0,1,0,5.34587E+20,5.65707E+21,9.49359E+15,5.10641E+16
10820,10821,6,4,34,5,2016,2,11,1,3,2,6,0,0,0,1,0,0,0,0,4.62538E+20,5.55873E+21,8.47532E+15,5.01796E+16
10821,10822,6,4,11,0,2016,2,16,4,3,2,6,0,1,0,1,0,0,0,0,4.73268E+20,5.5176E+21,8.62846E+15,4.98102E+16
10822,10823,6,4,40,7,2016,2,21,3,3,8,1,2,1,0,1,0,0,0,0,4.96024E+20,5.5756E+21,8.94414E+15,5.03325E+16
10823,10824,6,5,32,6,2016,2,16,5,2,8,1,0,2,0,1,0,0,0,0,4.55093E+20,5.62651E+21,8.36291E+15,5.07886E+16
10824,10825,6,5,31,5,2016,2,13,4,3,2,6,0,1,0,1,0,0,0,0,4.76458E+20,5.60404E+21,8.66744E+15,5.05878E+16
10825,10826,6,5,34,7,2016,2,9,6,3,2,2,0,1,0,1,0,0,0,0,4.68187E+20,5.63002E+21,8.54837E+15,5.0821E+16
10826,10827,6,4,38,11,2016,2,13,5,3,2,6,0,0,0,1,0,0,0,0,4.92115E+20,5.54317E+21,8.88989E+15,5.00407E+16
10827,10828,6,5,31,17,2016,2,18,2,3,2,6,2,0,0,1,0,0,0,0,4.80517E+20,5.61126E+21,8.7244E+15,5.06528E+16
10828,10829,6,4,31,2,2016,2,17,2,3,5,3,2,1,1,1,0,0,0,0,4.70685E+20,5.50363E+21,8.59361E+15,4.96845E+16
10829,10830,6,5,32,12,2016,2,15,6,3,2,6,0,1,0,1,0,0,0,0,4.48018E+20,5.61404E+21,8.2643E+15,5.06759E+16
10830,10831,6,6,11,0,2016,2,18,4,2,6,4,2,1,0,1,1,0,0,0,5.31045E+20,5.68414E+21,9.44538E+15,5.13077E+16
10831,10832,6,4,40,15,2016,2,17,6,3,9,1,1,1,0,1,0,0,0,0,4.85477E+20,5.58794E+21,8.79547E+15,5.04433E+16
10832,10833,6,6,35,13,2016,2,20,4,2,6,6,2,1,0,1,1,0,0,0,4.96886E+20,5.65779E+21,8.95555E+15,5.10717E+16
10833,10834,6,5,34,14,2016,2,18,7,3,6,4,2,1,0,1,1,0,0,0,4.83928E+20,5.6304E+21,8.77181E+15,5.08251E+16
10834,10835,6,5,31,5,2016,2,18,3,3,2,6,2,1,0,1,0,0,0,0,4.77037E+20,5.6035E+21,8.67565E+15,5.05829E+16
10835,10836,6,4,40,20,2016,2,4,7,2,8,1,2,0,0,0,0,0,0,1,4.95245E+20,5.57821E+21,8.93316E+15,5.03559E+16
10836,10837,6,6,31,18,2016,2,15,1,3,6,6,0,1,0,0,1,0,0,1,5.47815E+20,5.59097E+21,9.67376E+15,5.04687E+16
10837,10838,6,5,31,13,2016,2,18,3,3,2,6,2,1,0,1,0,0,0,0,4.7904E+20,5.61077E+21,8.70352E+15,5.06484E+16
10838,10839,6,4,31,5,2016,2,11,7,3,2,6,0,1,0,1,0,0,0,1,4.61093E+20,5.49816E+21,8.46119E+15,4.96347E+16
10839,10840,6,4,12,0,2016,2,18,4,2,2,6,2,0,0,1,0,1,0,0,4.7901E+20,5.5456E+21,8.70673E+15,5.00623E+16
10840,10841,6,5,34,4,2016,2,6,3,3,8,1,2,1,0,0,0,1,0,0,4.61326E+20,5.63886E+21,8.45003E+15,5.09001E+16
10841,10842,6,6,32,8,2016,2,8,6,1,2,6,0,0,0,0,0,0,1,1,5.42887E+20,5.62319E+21,9.60805E+15,5.07589E+16
10842,10843,6,5,34,10,2016,2,5,5,3,1,1,2,2,0,1,0,0,0,0,4.67256E+20,5.62638E+21,8.53547E+15,5.07882E+16
10843,10844,6,6,11,0,2016,2,15,2,3,3,6,0,1,1,1,0,0,0,0,5.32674E+20,5.68432E+21,9.46877E+15,5.13093E+16
10844,10845,6,4,12,0,2016,2,13,7,3,0,1,0,0,0,1,0,0,0,0,4.7742E+20,5.55377E+21,8.68405E+15,5.01357E+16
10845,10846,6,4,35,14,2016,2,19,2,3,4,1,2,1,0,1,0,0,0,0,4.95547E+20,5.54894E+21,8.93774E+15,5.00927E+16
10846,10847,6,6,31,20,2016,2,12,6,2,2,6,0,1,0,1,0,0,0,0,5.53054E+20,5.60022E+21,9.74889E+15,5.05515E+16
10847,10848,6,4,31,4,2016,2,11,4,3,0,7,0,1,0,1,0,1,0,0,4.78917E+20,5.48984E+21,8.70846E+15,4.95608E+16
10848,10849,6,4,12,0,2016,2,13,6,3,2,6,0,0,0,1,0,0,0,1,4.81592E+20,5.55529E+21,8.74235E+15,5.01496E+16
10849,10850,6,4,35,12,2016,2,18,4,2,5,2,2,1,0,1,0,0,0,0,5.07179E+20,5.56249E+21,9.10063E+15,5.02146E+16
10850,10851,6,6,32,6,2016,2,11,7,3,8,1,0,0,0,1,0,0,0,0,5.61274E+20,5.63922E+21,9.87138E+15,5.09014E+16
10851,10852,6,6,33,12,2016,2,16,3,3,2,6,2,1,0,1,0,1,0,0,5.47016E+20,5.67636E+21,9.67347E+15,5.12366E+16
10852,10853,6,6,36,1,2016,2,15,6,2,5,3,0,0,1,1,0,0,0,0,5.67824E+20,5.6799E+21,9.97217E+15,5.12665E+16
10853,10854,6,6,32,12,2016,2,7,5,2,9,1,0,2,0,1,0,0,0,0,5.44783E+20,5.64577E+21,9.63769E+15,5.09618E+16
10854,10855,6,4,12,0,2016,2,9,3,3,2,6,0,0,0,1,0,0,0,0,4.7163E+20,5.55075E+21,8.60324E+15,5.01083E+16
10855,10856,6,6,35,16,2016,2,18,6,3,8,1,2,1,0,1,0,0,0,0,4.85754E+20,5.66766E+21,8.79627E+15,5.11602E+16
10856,10857,6,4,12,0,2016,2,20,2,2,9,1,2,1,0,0,0,0,0,1,4.64892E+20,5.54708E+21,8.50936E+15,5.00749E+16
10857,10858,6,4,37,5,2016,2,6,6,3,9,1,2,2,0,1,0,0,0,0,4.94683E+20,5.5092E+21,8.92621E+15,4.97352E+16
10858,10859,6,5,32,16,2016,2,13,7,2,2,6,0,0,0,1,0,0,0,0,4.54427E+20,5.5996E+21,8.35678E+15,5.05466E+16
10859,10860,6,5,33,4,2016,2,5,4,3,9,1,2,2,0,1,0,0,0,0,4.30721E+20,5.59429E+21,8.02322E+15,5.04965E+16
10860,10861,6,4,39,12,2016,2,13,7,2,2,6,0,0,0,1,0,0,0,0,4.28355E+20,5.53849E+21,8.00042E+15,4.99945E+16
10861,10862,6,4,12,0,2016,2,14,6,3,1,5,0,0,0,1,0,0,0,0,4.71088E+20,5.54984E+21,8.59574E+15,5.01001E+16
10862,10863,6,5,31,5,2016,2,14,6,2,1,5,0,1,1,1,0,0,0,0,4.76259E+20,5.60291E+21,8.66469E+15,5.05776E+16
10863,10864,6,6,31,7,2016,2,14,4,3,8,1,0,1,0,1,0,0,0,0,5.53032E+20,5.62209E+21,9.75171E+15,5.07481E+16
10864,10865,6,6,11,0,2016,2,18,5,2,7,7,2,1,1,0,0,0,0,1,5.35905E+20,5.68541E+21,9.51523E+15,5.13189E+16
10865,10866,6,4,12,0,2016,2,10,5,2,6,4,0,0,0,1,1,0,0,0,4.70854E+20,5.54984E+21,8.59246E+15,5.01001E+16
10866,10867,6,6,31,9,2016,2,19,5,3,0,7,2,0,0,0,0,0,0,1,5.46919E+20,5.60133E+21,9.66243E+15,5.0562E+16
10867,10868,6,6,31,6,2016,2,7,4,2,4,6,1,0,0,1,0,0,1,1,5.51724E+20,5.58889E+21,9.72855E+15,5.04497E+16
10868,10869,6,4,39,8,2016,2,20,7,3,8,1,2,1,0,1,0,0,0,0,4.46517E+20,5.56306E+21,8.25034E+15,5.02173E+16
10869,10870,6,4,36,3,2016,2,22,3,3,9,1,2,1,0,1,0,0,0,0,4.67916E+20,5.55471E+21,8.55098E+15,5.01438E+16
10870,10871,6,4,12,0,2016,2,13,6,3,1,5,0,0,0,1,0,0,0,1,4.79873E+20,5.54977E+21,8.71858E+15,5.00999E+16
10871,10872,6,4,12,0,2016,2,18,5,3,2,6,2,0,1,1,0,0,0,0,4.74584E+20,5.55014E+21,8.6446E+15,5.0103E+16
10872,10873,6,4,38,2,2016,2,16,3,3,2,6,1,1,0,1,0,0,0,0,4.81508E+20,5.54457E+21,8.74169E+15,5.00531E+16
10873,10874,6,4,12,0,2016,2,8,3,3,3,6,0,0,0,1,0,0,0,0,4.80869E+20,5.55172E+21,8.73241E+15,5.01174E+16
10874,10875,6,6,33,15,2016,2,4,1,3,8,1,2,0,0,1,0,0,0,0,5.44466E+20,5.68256E+21,9.63771E+15,5.12926E+16
10875,10876,6,6,31,7,2016,2,9,7,2,8,1,0,1,0,1,0,0,0,0,5.58635E+20,5.62201E+21,9.83112E+15,5.0747E+16
10876,10877,6,4,34,8,2016,2,6,4,3,3,6,2,1,0,1,0,0,0,0,4.73116E+20,5.56165E+21,8.62327E+15,5.02065E+16
10877,10878,6,4,31,20,2016,2,18,3,3,5,3,2,0,0,1,0,0,0,0,4.70752E+20,5.48798E+21,8.5957E+15,4.95438E+16
10878,10879,6,5,33,15,2016,2,1,7,2,9,1,2,0,0,1,0,0,0,0,4.47042E+20,5.58186E+21,8.25506E+15,5.03864E+16
10879,10880,6,6,32,14,2016,2,19,6,3,2,6,2,0,0,1,0,0,0,0,5.40792E+20,5.63778E+21,9.57997E+15,5.08902E+16
10880,10881,6,5,32,23,2016,2,16,4,3,8,1,0,1,0,1,0,0,0,0,4.70402E+20,5.60177E+21,8.58207E+15,5.05671E+16
10881,10882,6,4,13,0,2016,2,15,5,3,2,6,0,1,0,1,0,0,0,0,4.84674E+20,5.55195E+21,8.78562E+15,5.01196E+16
10882,10883,6,4,31,2,2016,2,15,3,3,3,6,0,0,1,0,0,0,0,1,4.71579E+20,5.5033E+21,8.60602E+15,4.96815E+16
10883,10884,6,6,33,3,2016,2,16,5,3,5,3,1,1,0,1,0,0,0,0,5.31117E+20,5.67862E+21,9.44593E+15,5.12581E+16
10884,10885,6,4,12,0,2016,2,17,5,2,2,6,2,1,0,1,0,0,0,0,4.72451E+20,5.55842E+21,8.61417E+15,5.01773E+16
10885,10886,6,6,35,11,2016,2,10,6,2,5,2,0,1,0,1,0,0,0,0,4.85894E+20,5.65704E+21,8.79869E+15,5.10647E+16
10886,10887,6,6,11,0,2016,2,20,3,3,5,3,2,1,0,1,0,0,0,0,5.34829E+20,5.68677E+21,9.49992E+15,5.13312E+16
10887,10888,6,4,12,0,2016,2,17,2,3,0,4,1,0,0,0,1,0,0,1,4.76145E+20,5.55513E+21,8.66611E+15,5.01479E+16
10888,10889,6,4,34,8,2016,2,15,5,3,6,3,0,1,0,1,1,0,0,0,4.70345E+20,5.56091E+21,8.58449E+15,5.01996E+16
10889,10890,6,4,32,20,2016,2,9,3,3,3,6,0,0,0,1,0,0,0,0,4.86005E+20,5.52519E+21,8.80521E+15,4.98789E+16
10890,10891,6,4,33,12,2016,2,7,3,3,2,6,1,0,0,1,0,0,0,0,4.58099E+20,5.53399E+21,8.41587E+15,4.99568E+16
10891,10892,6,4,38,9,2016,2,15,2,3,8,1,0,2,0,1,0,0,0,0,4.74352E+20,5.5442E+21,8.64176E+15,5.00495E+16
10892,10893,6,5,32,5,2016,2,10,1,3,4,6,0,0,0,1,0,0,0,0,4.53184E+20,5.63163E+21,8.33517E+15,5.08345E+16
10893,10894,6,4,31,17,2016,2,9,4,3,2,6,0,0,0,1,0,0,0,0,4.80771E+20,5.4939E+21,8.7339E+15,4.95974E+16
10894,10895,6,4,33,6,2016,2,14,3,3,2,6,0,0,0,1,0,0,0,0,4.62111E+20,5.53015E+21,8.47217E+15,4.99225E+16
10895,10896,6,4,32,4,2016,2,16,5,3,6,4,0,1,0,1,1,0,0,0,4.88757E+20,5.52771E+21,8.84344E+15,4.99016E+16
10896,10897,6,5,33,5,2016,2,16,4,3,2,6,0,0,0,1,0,0,0,0,4.33428E+20,5.59603E+21,8.06107E+15,5.05124E+16
10897,10898,6,4,35,14,2016,2,19,6,3,5,3,2,0,0,1,0,0,0,0,4.94872E+20,5.55264E+21,8.92826E+15,5.0126E+16
10898,10899,6,4,12,0,2016,2,13,5,3,9,1,0,0,0,1,0,0,0,0,4.78854E+20,5.55629E+21,8.70396E+15,5.01585E+16
10899,10900,6,5,35,4,2016,2,19,2,3,8,1,2,1,0,1,0,0,0,0,5.26443E+20,5.58462E+21,9.37217E+15,5.0413E+16
10900,10901,6,4,33,3,2016,2,12,2,3,5,2,0,1,0,1,0,0,0,0,4.65361E+20,5.52824E+21,8.51761E+15,4.99056E+16
10901,10902,6,4,34,1,2016,2,19,5,3,2,6,2,1,0,1,0,0,0,0,4.73372E+20,5.56233E+21,8.6268E+15,5.02126E+16
10902,10903,6,4,11,0,2016,2,19,5,3,5,3,2,1,0,1,0,0,0,0,4.74244E+20,5.52442E+21,8.64156E+15,4.98716E+16
10903,10904,6,4,40,3,2016,2,20,6,1,4,6,2,0,0,1,0,0,1,0,4.80096E+20,5.5604E+21,8.72113E+15,5.01955E+16
10904,10905,6,6,34,26,2016,2,14,3,3,4,1,0,1,0,1,0,0,0,0,5.18064E+20,5.6369E+21,9.25679E+15,5.08835E+16
10905,10906,6,4,33,6,2016,2,14,5,3,5,3,0,0,0,1,0,0,0,0,4.62672E+20,5.52754E+21,8.48023E+15,4.98991E+16
10906,10907,6,4,12,0,2016,2,17,3,3,2,6,2,0,0,1,0,0,0,0,4.72089E+20,5.55154E+21,8.60962E+15,5.01155E+16
10907,10908,6,5,33,16,2016,2,7,2,3,2,7,1,1,0,1,0,0,0,0,4.36123E+20,5.59267E+21,8.09964E+15,5.04825E+16
10908,10909,6,5,32,13,2016,2,13,2,3,2,6,0,1,0,1,0,0,0,0,4.65432E+20,5.6132E+21,8.51083E+15,5.06696E+16
10909,10910,6,6,34,24,2016,2,14,2,2,5,3,0,1,0,1,0,0,0,0,5.50833E+20,5.66248E+21,9.72618E+15,5.11115E+16
10910,10911,6,4,11,0,2016,2,14,4,3,2,6,0,1,0,1,0,0,0,1,4.73346E+20,5.52423E+21,8.62909E+15,4.98699E+16