FID,OBJECTID,ULAND,UREGBEZ,UKREIS,UGEMEINDE,UJAHR,UMONAT,USTUNDE,UWOCHENTAG,UKATEGORIE,UART,UTYP1,ULICHTVERH,IstStrasse,IstRad,IstPKW,IstFuss,IstKrad,IstGkfz,IstSonstig,LINREFX,LINREFY,XGCSWGS84,YGCSWGS84
10911,10912,6,6,11,0,2016,2,10,4,3,2,6,0,1,0,1,0,0,0,0,5.32469E+20,5.68431E+21,9.46583E+15,5.13092E+16
10912,10913,6,5,35,13,2016,2,20,7,3,7,7,2,1,0,1,0,0,0,1,4.994E+20,5.61013E+21,8.99152E+15,5.0643E+16
10913,10914,6,4,12,0,2016,2,16,4,3,2,6,0,0,0,1,0,0,0,0,4.72819E+20,5.5445E+21,8.62032E+15,5.00521E+16
10914,10915,6,4,12,0,2016,2,17,6,3,3,6,2,0,0,1,0,0,0,1,4.67189E+20,5.55186E+21,8.54105E+15,5.01181E+16
10915,10916,6,5,31,17,2016,2,6,4,3,8,1,2,2,0,1,0,0,0,0,4.81398E+20,5.61086E+21,8.73688E+15,5.06493E+16
10916,10917,6,4,37,14,2016,2,15,7,3,7,7,0,1,0,0,0,1,0,0,4.95508E+20,5.48642E+21,8.93793E+15,4.95303E+16
10917,10918,6,4,38,10,2016,2,6,2,3,2,6,2,0,0,1,0,0,0,1,4.92089E+20,5.54735E+21,8.88944E+15,5.00784E+16
10918,10919,6,4,14,0,2016,2,12,6,3,2,6,0,1,0,1,0,0,0,0,4.44878E+20,5.54774E+21,8.22959E+15,5.00794E+16
10919,10920,6,5,32,3,2016,2,11,6,2,8,1,0,1,0,1,0,0,0,0,4.55763E+20,5.59736E+21,8.3759E+15,5.05265E+16
10920,10921,6,4,40,19,2016,2,7,4,3,5,2,0,1,0,1,0,0,0,0,5.01607E+20,5.57681E+21,9.02258E+15,5.03434E+16
10921,10922,6,5,33,16,2016,2,19,5,3,8,1,2,1,0,1,0,0,0,0,4.36384E+20,5.5962E+21,8.10272E+15,5.05143E+16
10922,10923,6,5,35,14,2016,2,13,4,3,9,1,0,1,0,1,0,0,0,0,5.11866E+20,5.61441E+21,9.16796E+15,5.06814E+16
10923,10924,6,4,33,2,2016,2,7,6,3,5,3,1,1,0,1,0,0,0,0,4.52868E+20,5.53833E+21,8.34241E+15,4.99955E+16
10924,10925,6,4,39,15,2016,2,20,4,3,6,4,2,1,0,0,1,0,0,1,4.43674E+20,5.5579E+21,8.21127E+15,5.01706E+16
10925,10926,6,6,33,10,2016,2,13,6,3,5,3,0,1,0,1,0,0,0,0,5.28496E+20,5.70038E+21,9.41012E+15,5.14539E+16
10926,10927,6,4,39,8,2016,2,16,4,3,8,1,0,0,0,1,0,0,0,0,4.47332E+20,5.56653E+21,8.26128E+15,5.02486E+16
10927,10928,6,5,34,6,2016,2,2,7,2,9,1,2,0,0,1,0,0,0,0,4.86887E+20,5.63457E+21,8.81367E+15,5.08627E+16
10928,10929,6,5,33,9,2016,2,17,3,3,6,2,0,1,0,1,1,0,0,0,4.33165E+20,5.58233E+21,8.05981E+15,5.03892E+16
10929,10930,6,4,37,1,2016,2,17,7,2,5,3,1,1,0,1,0,0,0,1,4.99333E+20,5.50811E+21,8.99074E+15,4.97255E+16
10930,10931,6,5,31,17,2016,2,20,5,3,5,3,2,0,0,1,0,0,0,0,4.81059E+20,5.61203E+21,8.73202E+15,5.06599E+16
10931,10932,6,5,31,7,2016,2,14,7,2,8,1,0,0,0,0,0,1,0,0,4.7282E+20,5.60539E+21,8.61595E+15,5.05997E+16
10932,10933,6,6,31,15,2016,2,15,2,3,9,1,0,1,0,1,0,0,0,0,5.47881E+20,5.61214E+21,9.67741E+15,5.06591E+16
10933,10934,6,4,35,19,2016,2,12,7,3,0,7,0,0,1,1,0,0,0,0,4.88788E+20,5.55335E+21,8.84313E+15,5.01323E+16
10934,10935,6,4,38,9,2016,2,11,6,3,2,6,0,0,0,1,0,0,1,0,4.79242E+20,5.54407E+21,8.71006E+15,5.00486E+16
10935,10936,6,4,35,14,2016,2,14,6,3,2,6,0,1,0,1,0,0,0,0,4.93298E+20,5.55208E+21,8.90626E+15,5.01209E+16
10936,10937,6,6,31,6,2016,2,1,4,2,4,6,2,1,0,1,0,0,0,0,5.50001E+20,5.59339E+21,9.70489E+15,5.04903E+16
10937,10938,6,4,14,0,2016,2,19,5,3,2,6,2,1,0,1,0,0,0,0,4.52318E+20,5.55173E+21,8.33306E+15,5.01159E+16
10938,10939,6,4,33,3,2016,2,9,3,3,0,6,0,0,0,1,0,0,0,0,4.66139E+20,5.52976E+21,8.52831E+15,4.99193E+16
10939,10940,6,6,11,0,2016,2,16,5,3,2,6,0,1,0,1,0,0,0,1,5.35951E+20,5.68533E+21,9.51589E+15,5.13181E+16
10940,10941,6,6,31,8,2016,2,14,5,3,8,1,0,1,0,1,0,0,0,0,5.39431E+20,5.58336E+21,9.55482E+15,5.04009E+16
10941,10942,6,5,31,5,2016,2,7,4,3,2,3,1,1,0,1,0,0,0,0,4.79077E+20,5.60399E+21,8.70443E+15,5.05875E+16
10942,10943,6,4,12,0,2016,2,15,3,3,2,6,0,0,0,1,0,0,0,0,4.67115E+20,5.55088E+21,8.5401E+15,5.01093E+16
10943,10944,6,6,33,29,2016,2,20,6,1,4,1,2,0,0,1,0,0,0,0,5.19077E+20,5.68499E+21,9.27374E+15,5.13159E+16
10944,10945,6,4,12,0,2016,2,17,2,2,3,7,2,0,0,1,0,1,0,0,4.77613E+20,5.55061E+21,8.68693E+15,5.01073E+16
10945,10946,6,6,33,16,2016,2,16,5,3,8,7,0,0,0,1,0,0,0,0,5.18952E+20,5.70625E+21,9.27308E+15,5.15071E+16
10946,10947,6,4,31,11,2016,2,9,3,2,2,6,0,1,0,1,0,0,0,0,4.71261E+20,5.49965E+21,8.60189E+15,4.96487E+16
10947,10948,6,4,12,0,2016,2,18,2,3,4,6,2,1,0,1,0,0,0,1,4.80609E+20,5.55487E+21,8.72861E+15,5.01457E+16
10948,10949,6,6,33,10,2016,2,18,5,2,8,6,2,0,0,1,0,0,0,0,5.27882E+20,5.7023E+21,9.40143E+15,5.14712E+16
10949,10950,6,4,34,1,2016,3,22,5,3,5,2,2,1,0,1,0,0,0,0,4.75901E+20,5.56271E+21,8.66221E+15,5.02161E+16
10950,10951,6,4,38,6,2016,3,9,4,3,5,2,0,1,0,1,0,0,1,0,4.77001E+20,5.53813E+21,8.67912E+15,4.99951E+16
10951,10952,6,5,34,11,2016,2,13,4,3,8,1,0,0,0,1,0,0,0,0,4.96388E+20,5.62906E+21,8.94873E+15,5.08132E+16
10952,10953,6,4,12,0,2016,2,0,3,3,2,1,2,1,0,1,0,0,0,0,4.7256E+20,5.54907E+21,8.61637E+15,5.00933E+16
10953,10954,6,4,40,17,2016,2,14,6,3,2,6,0,1,0,1,0,0,0,0,4.88404E+20,5.56647E+21,8.83735E+15,5.02503E+16
10954,10955,6,4,36,3,2016,2,20,7,3,9,1,2,1,0,1,0,0,0,0,4.67948E+20,5.55476E+21,8.55142E+15,5.01442E+16
10955,10956,6,5,33,8,2016,2,14,6,2,4,1,0,1,0,1,0,0,0,0,4.41315E+20,5.57588E+21,8.17545E+15,5.03321E+16
10956,10957,6,4,33,7,2016,2,10,6,3,2,6,0,0,0,1,0,0,0,0,4.66649E+20,5.54348E+21,8.53422E+15,5.00427E+16
10957,10958,6,4,38,1,2016,2,12,7,3,5,2,0,0,1,1,0,0,0,0,4.84784E+20,5.54209E+21,8.78755E+15,5.00309E+16
10958,10959,6,4,31,11,2016,2,7,2,3,2,6,0,0,0,1,0,0,0,0,4.71943E+20,5.4994E+21,8.61135E+15,4.96465E+16
10959,10960,6,4,40,7,2016,2,10,2,2,2,6,0,0,0,1,0,0,1,0,4.95146E+20,5.57431E+21,8.93181E+15,5.03209E+16
10960,10961,6,4,34,6,2016,2,17,4,3,4,2,1,1,0,1,0,0,0,0,4.63855E+20,5.55957E+21,8.49368E+15,5.01872E+16
10961,10962,6,4,32,19,2016,2,12,4,3,5,3,0,0,0,1,0,0,0,0,4.87552E+20,5.51798E+21,8.82697E+15,4.98141E+16
10962,10963,6,4,12,0,2016,3,19,3,3,2,6,2,1,0,1,0,0,0,0,4.74748E+20,5.54501E+21,8.64724E+15,5.00568E+16
10963,10964,6,4,33,6,2016,2,11,5,3,2,6,0,0,0,1,0,0,0,0,4.62124E+20,5.53011E+21,8.47235E+15,4.99221E+16
10964,10965,6,6,35,15,2016,2,20,1,2,8,1,2,1,0,1,0,0,0,0,4.90002E+20,5.68445E+21,8.85655E+15,5.13113E+16
10965,10966,6,6,36,3,2016,2,11,7,3,3,6,0,1,0,1,0,0,0,0,5.73254E+20,5.67156E+21,1.00483E+16,5.11908E+16
10966,10967,6,4,35,14,2016,3,6,5,3,5,2,1,0,0,1,0,0,0,0,4.93207E+20,5.55866E+21,8.90485E+15,5.01801E+16
10967,10968,6,4,31,20,2016,3,18,4,3,5,2,2,0,0,1,0,0,0,1,4.67914E+20,5.48594E+21,8.55663E+15,4.95252E+16
10968,10969,6,4,14,0,2016,2,18,3,3,2,6,2,1,0,1,0,0,0,0,4.43487E+20,5.54379E+21,8.21073E+15,5.00437E+16
10969,10970,6,4,12,0,2016,2,14,1,3,1,5,0,0,1,1,0,0,0,0,4.77495E+20,5.54952E+21,8.68534E+15,5.00975E+16
10970,10971,6,6,11,0,2016,2,10,2,3,5,2,0,1,0,1,0,0,0,0,5.34844E+20,5.6832E+21,9.49979E+15,5.12991E+16
10971,10972,6,4,12,0,2016,2,14,2,2,8,1,0,0,0,1,0,0,0,0,4.78482E+20,5.54804E+21,8.69922E+15,5.00842E+16
10972,10973,6,6,11,0,2016,2,5,1,2,6,4,2,1,0,1,1,0,0,0,5.34733E+20,5.68672E+21,9.49854E+15,5.13307E+16
10973,10974,6,6,32,2,2016,2,15,2,2,2,6,0,1,0,0,0,0,1,1,5.5208E+20,5.63412E+21,9.73993E+15,5.08564E+16
10974,10975,6,4,11,0,2016,2,15,6,3,2,6,0,0,0,1,0,0,0,0,4.75245E+20,5.53012E+21,8.65513E+15,4.99229E+16
10975,10976,6,5,33,17,2016,2,9,7,2,4,1,0,2,0,1,0,0,0,0,4.45835E+20,5.59361E+21,8.23638E+15,5.0492E+16
10976,10977,6,4,13,0,2016,2,17,2,3,2,6,1,0,0,1,0,0,0,0,4.81627E+20,5.54769E+21,8.74321E+15,5.00812E+16
10977,10978,6,4,12,0,2016,3,19,3,3,6,4,2,1,0,1,1,0,0,0,4.77778E+20,5.5563E+21,8.68891E+15,5.01585E+16
10978,10979,6,5,35,12,2016,2,15,5,2,9,1,0,0,0,1,0,0,0,0,5.21507E+20,5.6032E+21,9.30377E+15,5.05803E+16
10979,10980,6,4,12,0,2016,2,17,7,3,2,6,1,1,0,1,0,0,0,0,4.78181E+20,5.55328E+21,8.69471E+15,5.01313E+16
10980,10981,6,4,31,6,2016,2,11,6,2,2,6,0,0,0,0,0,0,1,1,4.67722E+20,5.50386E+21,8.55251E+15,4.96864E+16
10981,10982,6,4,33,14,2016,2,0,7,3,0,7,2,0,0,0,0,1,0,0,4.57457E+20,5.53116E+21,8.40722E+15,4.99313E+16
10982,10983,6,4,35,10,2016,2,23,2,2,5,3,2,1,0,1,0,1,0,0,5.1328E+20,5.5612E+21,9.18608E+15,5.02028E+16
10983,10984,6,6,36,4,2016,2,2,1,3,8,1,2,0,0,1,0,0,0,0,5.58186E+20,5.68001E+21,9.83405E+15,5.12684E+16
10984,10985,6,5,34,11,2016,2,11,4,3,4,1,0,0,0,1,0,0,0,0,4.92664E+20,5.6308E+21,8.89584E+15,5.08289E+16
10985,10986,6,4,12,0,2016,2,16,3,3,5,2,0,0,1,1,0,0,0,0,4.7092E+20,5.55237E+21,8.5932E+15,5.01228E+16
10986,10987,6,4,35,6,2016,2,8,2,2,2,6,0,0,0,1,0,0,0,0,4.93796E+20,5.55941E+21,8.91309E+15,5.01869E+16
10987,10988,6,4,13,0,2016,2,9,5,2,2,6,0,0,0,1,0,0,0,1,4.81296E+20,5.5505E+21,8.73844E+15,5.01064E+16
10988,10989,6,4,39,2,2016,2,18,1,3,8,1,2,1,0,1,0,0,0,0,4.3322E+20,5.55172E+21,8.06597E+15,5.0114E+16
10989,10990,6,4,13,0,2016,3,14,5,3,5,3,0,0,0,1,0,0,1,0,4.81171E+20,5.54768E+21,8.73683E+15,5.00811E+16
10990,10991,6,5,32,8,2016,3,13,4,3,0,7,0,0,0,1,0,1,0,0,4.56682E+20,5.60744E+21,8.38768E+15,5.06173E+16
10991,10992,6,4,12,0,2016,2,19,3,3,4,6,2,0,0,1,0,0,0,0,4.76964E+20,5.5504E+21,8.67786E+15,5.01054E+16
10992,10993,6,4,34,11,2016,2,13,2,3,8,7,0,0,0,1,0,0,0,0,4.71155E+20,5.5784E+21,8.59451E+15,5.0357E+16
10993,10994,6,6,33,23,2016,2,17,1,3,4,5,1,1,0,1,0,0,0,0,5.22133E+20,5.67886E+21,9.3172E+15,5.12606E+16
10994,10995,6,4,12,0,2016,2,23,6,3,2,6,2,1,0,1,0,0,0,0,4.64787E+20,5.54758E+21,8.50784E+15,5.00794E+16
10995,10996,6,4,39,2,2016,2,7,6,3,4,1,0,1,0,1,0,0,0,0,4.34239E+20,5.5554E+21,8.07959E+15,5.01471E+16
10996,10997,6,4,34,8,2016,2,22,5,3,5,3,2,0,0,1,0,0,0,0,4.70224E+20,5.56103E+21,8.58279E+15,5.02007E+16
10997,10998,6,6,34,24,2016,2,0,2,2,8,1,2,0,0,1,0,0,0,0,5.48108E+20,5.6665E+21,9.68779E+15,5.11479E+16
10998,10999,6,4,40,5,2016,3,7,3,3,5,3,0,0,1,1,0,0,0,0,4.76305E+20,5.58736E+21,8.66634E+15,5.04378E+16
10999,11000,6,5,33,18,2016,2,9,3,3,1,6,0,0,0,1,0,0,0,1,4.50555E+20,5.58052E+21,8.30465E+15,5.03746E+16
11000,11001,6,4,32,18,2016,2,22,7,3,3,6,2,0,0,1,0,0,0,1,4.69565E+20,5.51764E+21,8.57699E+15,4.98104E+16
11001,11002,6,5,31,5,2016,2,7,2,2,3,6,1,0,0,1,0,0,0,1,4.77276E+20,5.60444E+21,8.67897E+15,5.05914E+16
11002,11003,6,6,11,0,2016,2,14,5,3,2,2,0,1,0,1,0,0,0,0,5.33985E+20,5.6841E+21,9.48756E+15,5.13072E+16
11003,11004,6,4,12,0,2016,3,19,5,3,5,2,2,0,0,1,0,0,0,0,4.77714E+20,5.54559E+21,8.68863E+15,5.00622E+16
11004,11005,6,4,14,0,2016,3,18,4,3,5,6,2,0,1,1,0,0,0,0,4.45676E+20,5.54335E+21,8.24136E+15,5.004E+16
11005,11006,6,4,12,0,2016,2,16,4,3,6,4,0,0,0,1,1,0,0,0,4.79873E+20,5.55131E+21,8.7185E+15,5.01137E+16
11006,11007,6,4,13,0,2016,2,14,4,3,5,3,0,0,1,0,0,0,0,1,4.84619E+20,5.55039E+21,8.78492E+15,5.01056E+16
11007,11008,6,4,38,9,2016,2,21,7,3,2,6,2,0,0,1,0,0,0,0,4.73306E+20,5.54458E+21,8.62712E+15,5.00529E+16
11008,11009,6,4,33,12,2016,2,14,1,3,2,6,0,0,0,1,0,0,0,0,4.57921E+20,5.53644E+21,8.41311E+15,4.99789E+16
11009,11010,6,6,31,9,2016,2,7,4,3,2,2,0,1,0,1,0,0,0,0,5.50213E+20,5.59983E+21,9.70874E+15,5.05483E+16
11010,11011,6,6,33,7,2016,2,12,2,3,2,6,0,0,0,1,0,0,0,0,5.30516E+20,5.69262E+21,9.43852E+15,5.1384E+16
11011,11012,6,4,40,15,2016,3,9,5,3,2,6,0,0,0,1,0,0,0,0,4.79613E+20,5.58922E+21,8.71282E+15,5.04547E+16
11012,11013,6,4,34,4,2016,2,5,2,2,4,1,2,2,0,1,0,0,0,0,4.62061E+20,5.57934E+21,8.46657E+15,5.03649E+16
11013,11014,6,4,32,22,2016,2,13,5,3,5,3,0,0,0,1,0,0,0,0,4.74716E+20,5.51538E+21,8.64873E+15,4.97904E+16
11014,11015,6,4,14,0,2016,3,6,3,3,5,3,2,0,1,1,0,0,0,0,4.52905E+20,5.5454E+21,8.34206E+15,5.00591E+16
11015,11016,6,4,38,2,2016,2,18,3,3,2,6,2,1,0,1,0,0,0,0,4.82139E+20,5.54446E+21,8.75051E+15,5.00521E+16
11016,11017,6,5,34,10,2016,2,15,2,2,9,1,0,1,0,1,0,0,0,0,4.74413E+20,5.62319E+21,8.63722E+15,5.07599E+16
11017,11018,6,4,31,19,2016,2,20,7,3,2,2,2,1,0,1,0,1,0,0,4.82459E+20,5.49713E+21,8.75712E+15,4.96265E+16
11018,11019,6,6,31,11,2016,2,18,1,3,8,1,1,1,0,1,0,0,0,0,5.3743E+20,5.59939E+21,9.52827E+15,5.05452E+16
11019,11020,6,5,31,16,2016,2,7,6,3,2,6,1,0,0,1,0,0,1,0,4.86979E+20,5.60494E+21,8.81603E+15,5.05962E+16
11020,11021,6,5,34,18,2016,2,1,6,3,6,4,2,0,0,1,1,0,0,0,5.00994E+20,5.63041E+21,9.01411E+15,5.08254E+16
11021,11022,6,5,34,21,2016,2,22,5,3,2,6,2,0,0,1,0,0,0,0,4.83991E+20,5.63957E+21,8.7723E+15,5.09076E+16
11022,11023,6,4,32,23,2016,2,0,1,1,6,7,2,0,0,1,1,0,0,0,4.72248E+20,5.53095E+21,8.61332E+15,4.99303E+16
11023,11024,6,4,31,5,2016,2,15,2,3,3,6,0,0,0,1,0,0,1,0,4.61134E+20,5.49603E+21,8.46196E+15,4.96156E+16
11024,11025,6,4,32,2,2016,3,1,3,1,8,1,2,0,0,1,0,0,0,0,4.97786E+20,5.53226E+21,8.96915E+15,4.99427E+16
11025,11026,6,5,34,4,2016,2,19,3,2,5,2,2,0,0,1,0,0,0,0,4.66718E+20,5.63964E+21,8.52664E+15,5.09074E+16
11026,11027,6,4,14,0,2016,2,11,6,2,6,7,0,0,0,1,1,0,0,0,4.49219E+20,5.54534E+21,8.29057E+15,5.00582E+16
11027,11028,6,6,11,0,2016,2,15,2,3,5,2,0,1,0,1,0,0,0,0,5.33689E+20,5.68768E+21,9.48365E+15,5.13394E+16
11028,11029,6,4,12,0,2016,2,8,5,3,2,6,0,0,0,1,0,1,0,0,4.74292E+20,5.55011E+21,8.64052E+15,5.01027E+16
11029,11030,6,6,33,10,2016,3,11,5,2,1,5,0,0,0,1,0,0,0,0,5.28404E+20,5.6996E+21,9.40873E+15,5.14469E+16
11030,11031,6,4,12,0,2016,3,11,4,3,5,3,0,1,0,1,0,0,0,0,4.76298E+20,5.54972E+21,8.6686E+15,5.00992E+16
11031,11032,6,4,34,9,2016,2,7,4,3,8,1,1,1,0,1,0,0,0,0,4.59611E+20,5.56782E+21,8.43336E+15,5.02611E+16
11032,11033,6,4,35,14,2016,2,15,3,3,2,6,0,1,0,1,0,0,0,0,4.9359E+20,5.55407E+21,8.9103E+15,5.01388E+16
11033,11034,6,5,32,6,2016,2,13,6,3,5,2,0,1,0,1,0,0,0,0,4.50026E+20,5.62089E+21,8.2918E+15,5.07377E+16
11034,11035,6,5,33,9,2016,2,18,7,2,5,2,2,1,0,1,0,0,0,0,4.33412E+20,5.58174E+21,8.06338E+15,5.0384E+16
11035,11036,6,4,38,6,2016,2,1,7,3,9,1,2,2,0,1,0,0,0,0,4.7761E+20,5.53804E+21,8.68762E+15,4.99942E+16
11036,11037,6,6,32,11,2016,2,12,6,3,3,6,0,0,0,1,0,0,1,0,5.41545E+20,5.63475E+21,9.59033E+15,5.0863E+16
11037,11038,6,4,13,0,2016,2,22,5,3,6,4,2,0,0,1,1,0,0,0,4.84526E+20,5.55175E+21,8.78355E+15,5.01178E+16
11038,11039,6,5,35,14,2016,2,13,6,2,2,6,0,0,0,1,0,0,0,0,5.13899E+20,5.6182E+21,9.19688E+15,5.07154E+16
11039,11040,6,6,35,21,2016,2,18,4,2,8,1,2,0,0,1,0,0,0,0,4.97654E+20,5.67813E+21,8.96638E+15,5.12545E+16
11040,11041,6,6,35,11,2016,2,12,7,3,5,3,0,0,0,1,0,0,0,0,4.83374E+20,5.65475E+21,8.76284E+15,5.10441E+16
11041,11042,6,4,33,5,2016,2,16,3,3,2,6,0,0,0,1,0,0,0,0,4.51865E+20,5.53833E+21,8.32842E+15,4.99954E+16
11042,11043,6,5,31,14,2016,2,12,7,3,5,3,0,1,0,1,0,0,0,0,4.80224E+20,5.59316E+21,8.72121E+15,5.04901E+16
11043,11044,6,6,31,18,2016,2,17,6,3,2,6,1,1,0,1,0,0,0,1,5.4327E+20,5.58996E+21,9.60961E+15,5.046E+16
11044,11045,6,6,34,1,2016,2,13,5,3,5,3,0,0,0,1,0,0,0,0,5.24096E+20,5.65684E+21,9.34385E+15,5.10626E+16
11045,11046,6,5,31,4,2016,2,6,6,3,5,2,2,0,0,1,0,0,0,0,4.84542E+20,5.59923E+21,8.78183E+15,5.05448E+16
11046,11047,6,4,36,6,2016,2,18,5,3,3,6,2,0,0,1,0,0,1,0,4.56466E+20,5.54446E+21,8.39192E+15,5.00508E+16
11047,11048,6,4,14,0,2016,2,14,7,2,5,2,0,0,1,1,0,0,0,0,4.43058E+20,5.54382E+21,8.20474E+15,5.00439E+16
11048,11049,6,6,33,20,2016,2,10,2,3,2,6,0,0,0,1,0,0,1,0,5.40789E+20,5.6872E+21,9.58552E+15,5.13346E+16
11049,11050,6,4,38,7,2016,2,14,4,3,2,6,0,0,0,1,0,0,0,0,5.01045E+20,5.53786E+21,9.01458E+15,4.99931E+16
11050,11051,6,5,34,10,2016,3,22,3,3,9,1,2,2,0,1,0,0,0,0,4.7338E+20,5.62353E+21,8.62255E+15,5.0763E+16
11051,11052,6,5,32,22,2016,2,19,3,3,8,1,2,0,0,1,0,0,0,0,4.63717E+20,5.58422E+21,8.48938E+15,5.04089E+16
11052,11053,6,5,33,9,2016,2,14,5,3,5,2,0,0,1,1,0,0,0,0,4.37239E+20,5.58016E+21,8.11747E+15,5.03701E+16
11053,11054,6,4,11,0,2016,2,13,2,3,2,6,0,0,0,1,0,0,1,0,4.74492E+20,5.52894E+21,8.64472E+15,4.99123E+16
11054,11055,6,4,35,27,2016,2,20,5,3,8,1,2,0,0,1,0,0,0,0,5.47719E+20,5.57544E+21,9.67044E+15,5.03292E+16
11055,11056,6,4,35,12,2016,3,20,5,2,3,6,2,1,0,1,0,0,0,0,5.09858E+20,5.56446E+21,9.13822E+15,5.02322E+16
11056,11057,6,4,38,11,2016,3,19,4,3,4,6,2,0,0,1,0,0,0,0,4.91907E+20,5.54041E+21,8.88703E+15,5.0016E+16
11057,11058,6,5,32,3,2016,2,12,4,3,4,1,0,2,0,1,0,0,0,0,4.55925E+20,5.59709E+21,8.37822E+15,5.05241E+16
11058,11059,6,6,31,9,2016,2,14,3,3,2,6,0,0,0,1,0,0,0,0,5.49316E+20,5.5994E+21,9.69602E+15,5.05445E+16
11059,11060,6,5,34,18,2016,2,21,6,3,2,6,2,0,0,1,0,0,0,0,5.01005E+20,5.63009E+21,9.01427E+15,5.08226E+16
11060,11061,6,4,12,0,2016,2,1,7,3,2,6,2,1,0,1,0,0,0,0,4.75436E+20,5.55374E+21,8.65628E+15,5.01354E+16
11061,11062,6,4,35,14,2016,2,14,6,3,6,4,0,1,0,1,1,0,0,0,4.94899E+20,5.55437E+21,8.92862E+15,5.01416E+16
11062,11063,6,5,33,3,2016,2,6,6,3,0,7,2,0,0,1,0,0,1,1,4.45893E+20,5.57061E+21,8.24052E+15,5.02852E+16
11063,11064,6,4,32,4,2016,2,4,7,3,8,7,2,2,0,1,0,0,0,0,4.8532E+20,5.52803E+21,8.79556E+15,4.99045E+16
11064,11065,6,4,40,4,2016,2,6,2,3,9,1,2,1,0,1,0,0,0,0,5.06837E+20,5.57398E+21,9.09604E+15,5.03179E+16
11065,11066,6,5,33,4,2016,2,4,1,3,9,1,2,1,0,1,0,0,0,0,4.29707E+20,5.59528E+21,8.00874E+15,5.05053E+16
11066,11067,6,5,32,9,2016,2,10,4,2,5,2,0,0,0,1,0,0,0,0,4.5336E+20,5.62851E+21,8.33807E+15,5.08065E+16
11067,11068,6,6,11,0,2016,2,10,3,2,5,3,0,0,1,1,0,0,0,0,5.33483E+20,5.68317E+21,9.48026E+15,5.12989E+16
11068,11069,6,5,33,2,2016,3,13,3,2,2,6,0,0,0,1,0,0,1,0,4.4035E+20,5.57819E+21,8.16153E+15,5.03527E+16
11069,11070,6,5,32,15,2016,2,14,5,3,1,5,0,0,0,1,0,0,0,0,4.71744E+20,5.60337E+21,8.6009E+15,5.05816E+16
11070,11071,6,4,39,2,2016,2,14,1,3,2,6,0,1,0,1,0,0,0,0,4.34538E+20,5.55569E+21,8.08373E+15,5.01499E+16
11071,11072,6,6,36,13,2016,2,9,7,3,8,1,0,2,0,1,0,0,0,0,5.79006E+20,5.67036E+21,1.01303E+16,5.11792E+16
11072,11073,6,5,32,12,2016,2,19,2,2,5,3,2,1,0,1,0,0,0,0,4.47131E+20,5.61389E+21,8.25177E+15,5.06745E+16
11073,11074,6,4,36,2,2016,2,12,2,3,2,6,0,0,0,0,0,0,1,0,4.52385E+20,5.554E+21,8.33372E+15,5.01363E+16
11074,11075,6,4,12,0,2016,2,7,4,3,3,2,0,0,1,1,0,0,0,0,4.76732E+20,5.55335E+21,8.67445E+15,5.01319E+16
11075,11076,6,6,11,0,2016,2,7,4,3,5,3,0,0,1,1,0,0,0,0,5.30718E+20,5.68696E+21,9.44093E+15,5.13331E+16
11076,11077,6,4,38,11,2016,3,18,3,3,2,6,2,1,0,1,0,0,1,0,4.91988E+20,5.54516E+21,8.88806E+15,5.00587E+16
11077,11078,6,5,32,13,2016,2,7,5,3,5,2,1,1,0,1,0,0,0,0,4.63321E+20,5.61491E+21,8.48079E+15,5.06849E+16
11078,11079,6,5,33,7,2016,2,22,7,3,0,7,2,1,0,1,0,0,0,0,4.33412E+20,5.58872E+21,8.06214E+15,5.04467E+16
11079,11080,6,5,35,1,2016,3,16,5,3,5,3,0,0,0,1,0,0,0,0,5.18235E+20,5.62133E+21,9.25845E+15,5.07435E+16
11080,11081,6,5,32,6,2016,3,20,4,3,8,1,2,0,0,1,0,0,0,0,4.5181E+20,5.61958E+21,8.31725E+15,5.0726E+16
11081,11082,6,4,40,20,2016,2,12,4,2,9,1,0,2,0,1,0,0,0,0,4.95571E+20,5.57904E+21,8.93773E+15,5.03634E+16
11082,11083,6,4,39,10,2016,2,13,1,3,5,3,0,0,0,1,0,0,0,0,4.14178E+20,5.54416E+21,7.80139E+15,5.00435E+16
11083,11084,6,4,12,0,2016,2,13,2,3,5,2,0,0,0,1,0,0,0,1,4.7083E+20,5.54985E+21,8.59213E+15,5.01002E+16
11084,11085,6,5,34,7,2016,2,15,2,2,8,1,0,1,0,1,0,0,0,0,4.66909E+20,5.63307E+21,8.52995E+15,5.08483E+16
11085,11086,6,6,34,24,2016,2,7,7,3,9,1,0,1,0,1,0,0,0,0,5.52677E+20,5.66437E+21,9.75279E+15,5.11284E+16
11086,11087,6,4,33,2,2016,2,14,6,2,6,4,0,0,0,0,1,1,0,0,4.53959E+20,5.53808E+21,8.35766E+15,4.99932E+16
11087,11088,6,4,12,0,2016,2,14,7,3,5,7,0,0,0,1,0,0,0,0,4.82448E+20,5.55461E+21,8.75436E+15,5.01434E+16
11088,11089,6,5,32,4,2016,2,23,2,2,8,1,2,2,0,1,0,0,0,0,4.39986E+20,5.61572E+21,8.15036E+15,5.06902E+16
11089,11090,6,4,34,8,2016,2,1,1,3,9,1,2,1,0,1,0,0,0,0,4.67968E+20,5.56336E+21,8.55098E+15,5.02216E+16
11090,11091,6,5,34,13,2016,2,6,4,3,9,1,1,0,0,1,0,0,0,0,4.75385E+20,5.6191E+21,8.65127E+15,5.07232E+16
11091,11092,6,4,37,6,2016,2,12,3,3,1,5,0,0,0,1,0,0,0,0,4.99967E+20,5.50036E+21,8.99954E+15,4.96558E+16
11092,11093,6,5,31,5,2016,2,15,2,3,2,6,0,0,0,1,0,0,0,0,4.77257E+20,5.60437E+21,8.67871E+15,5.05908E+16