FID,OBJECTID,ULAND,UREGBEZ,UKREIS,UGEMEINDE,UJAHR,UMONAT,USTUNDE,UWOCHENTAG,UKATEGORIE,UART,UTYP1,ULICHTVERH,IstStrasse,IstRad,IstPKW,IstFuss,IstKrad,IstGkfz,IstSonstig,LINREFX,LINREFY,XGCSWGS84,YGCSWGS84
11093,11094,6,4,34,1,2016,2,17,2,3,2,6,2,1,0,1,0,0,0,0,4.71989E+20,5.56272E+21,8.60739E+15,5.0216E+16
11094,11095,6,4,33,12,2016,2,19,5,3,2,6,2,0,0,1,0,0,0,0,4.6084E+20,5.53626E+21,8.45384E+15,4.99774E+16
11095,11096,6,4,14,0,2016,3,10,5,3,9,1,0,1,0,0,0,0,0,1,4.43931E+20,5.54475E+21,8.21679E+15,5.00524E+16
11096,11097,6,5,31,17,2016,3,16,3,2,8,7,0,0,0,1,0,0,0,0,4.82491E+20,5.61247E+21,8.75227E+15,5.06638E+16
11097,11098,6,6,34,26,2016,2,7,3,2,9,1,0,1,0,1,0,0,0,0,5.136E+20,5.63456E+21,9.19324E+15,5.08626E+16
11098,11099,6,4,40,8,2016,2,7,2,3,2,6,0,1,0,1,0,0,0,0,4.84179E+20,5.57735E+21,8.77763E+15,5.0348E+16
11099,11100,6,4,35,18,2016,2,15,1,3,4,2,0,1,0,1,0,0,0,0,5.13899E+20,5.55952E+21,9.1947E+15,5.01877E+16
11100,11101,6,4,14,0,2016,2,12,6,3,9,1,0,1,0,1,0,0,0,0,4.49178E+20,5.5445E+21,8.29011E+15,5.00506E+16
11101,11102,6,4,35,19,2016,2,20,6,3,2,6,2,0,0,1,0,0,0,0,4.87532E+20,5.55369E+21,8.82554E+15,5.01354E+16
11102,11103,6,5,32,5,2016,2,15,5,3,1,5,0,0,0,1,0,0,0,0,4.53078E+20,5.6308E+21,8.33378E+15,5.0827E+16
11103,11104,6,6,33,3,2016,2,7,2,2,2,2,2,0,0,1,0,0,0,0,5.28097E+20,5.68074E+21,9.40282E+15,5.12773E+16
11104,11105,6,5,31,11,2016,3,7,5,3,2,6,0,0,0,1,0,0,0,0,4.83839E+20,5.59308E+21,8.77218E+15,5.04895E+16
11105,11106,6,4,35,10,2016,3,15,4,3,2,6,0,0,0,1,0,0,0,1,5.12753E+20,5.56015E+21,9.17867E+15,5.01934E+16
11106,11107,6,4,36,1,2016,2,7,3,3,5,3,0,1,0,1,0,0,0,1,4.61401E+20,5.55546E+21,8.45973E+15,5.01501E+16
11107,11108,6,4,38,4,2016,2,17,1,3,2,6,1,0,0,1,0,0,0,0,4.97839E+20,5.54608E+21,8.9698E+15,5.0067E+16
11108,11109,6,6,11,0,2016,2,14,2,3,6,4,0,1,0,1,1,0,0,0,5.37655E+20,5.68302E+21,9.54008E+15,5.12973E+16
11109,11110,6,4,12,0,2016,2,10,2,3,3,2,0,0,0,0,0,0,0,1,4.78049E+20,5.55126E+21,8.69299E+15,5.01132E+16
11110,11111,6,4,32,18,2016,2,6,1,3,8,1,2,1,0,1,0,0,0,0,4.72313E+20,5.51396E+21,8.61545E+15,4.97775E+16
11111,11112,6,4,33,5,2016,2,7,2,2,2,6,0,0,0,1,0,0,0,0,4.52216E+20,5.53668E+21,8.33352E+15,4.99805E+16
11112,11113,6,6,32,1,2016,2,23,6,2,9,1,2,1,0,1,0,0,0,0,5.46723E+20,5.65274E+21,9.6662E+15,5.10243E+16
11113,11114,6,4,31,17,2016,2,22,7,3,1,6,2,1,0,1,0,0,0,0,4.79813E+20,5.49238E+21,8.72072E+15,4.95837E+16
11114,11115,6,4,11,0,2016,2,12,2,3,6,4,0,0,0,1,1,0,0,0,4.74442E+20,5.52444E+21,8.64432E+15,4.98719E+16
11115,11116,6,6,11,0,2016,3,8,3,3,3,6,0,0,0,1,0,0,0,0,5.31603E+20,5.68476E+21,9.45345E+15,5.13133E+16
11116,11117,6,6,11,0,2016,2,7,3,3,2,6,0,0,0,1,0,0,0,0,5.33489E+20,5.68234E+21,9.48027E+15,5.12914E+16
11117,11118,6,5,33,3,2016,2,11,5,3,5,3,0,0,0,1,0,0,0,0,4.47351E+20,5.57251E+21,8.26071E+15,5.03023E+16
11118,11119,6,4,36,7,2016,2,11,7,3,2,6,0,0,0,1,0,0,0,0,4.54946E+20,5.545E+21,8.37061E+15,5.00556E+16
11119,11120,6,4,12,0,2016,2,8,3,3,2,6,0,0,0,1,0,0,0,0,4.71861E+20,5.54471E+21,8.60693E+15,5.0054E+16
11120,11121,6,4,33,2,2016,2,0,1,2,9,1,2,0,0,1,0,0,0,0,4.55179E+20,5.53586E+21,8.37494E+15,4.99734E+16
11121,11122,6,5,35,11,2016,3,0,5,3,2,6,2,0,0,1,0,0,0,1,5.25509E+20,5.60746E+21,9.36059E+15,5.06185E+16
11122,11123,6,6,11,0,2016,3,14,4,2,5,3,0,0,1,1,0,0,0,0,5.33918E+20,5.68678E+21,9.48685E+15,5.13313E+16
11123,11124,6,6,32,2,2016,2,16,4,2,5,3,0,1,0,0,0,0,1,0,5.50866E+20,5.63367E+21,9.72261E+15,5.08525E+16
11124,11125,6,4,13,0,2016,3,18,3,3,5,3,2,1,0,1,0,0,0,0,4.84698E+20,5.55043E+21,8.78602E+15,5.01059E+16
11125,11126,6,4,36,4,2016,2,5,3,3,5,3,2,1,0,1,0,0,0,0,4.59166E+20,5.54032E+21,8.43007E+15,5.00137E+16
11126,11127,6,4,12,0,2016,2,9,7,3,2,6,0,1,0,1,0,0,0,0,4.82216E+20,5.55478E+21,8.7511E+15,5.0145E+16
11127,11128,6,4,14,0,2016,2,7,1,3,3,6,1,1,0,1,0,0,0,0,4.5125E+20,5.54508E+21,8.31897E+15,5.0056E+16
11128,11129,6,4,32,18,2016,2,19,6,3,5,3,2,1,0,1,0,0,1,0,4.69285E+20,5.5168E+21,8.57316E+15,4.98029E+16
11129,11130,6,6,31,15,2016,2,8,6,3,5,3,0,0,0,1,0,0,1,0,5.47097E+20,5.61262E+21,9.66638E+15,5.06636E+16
11130,11131,6,6,31,9,2016,2,7,5,3,5,3,0,0,0,1,0,0,0,0,5.48154E+20,5.60043E+21,9.67975E+15,5.05539E+16
11131,11132,6,4,35,20,2016,2,11,7,2,1,5,0,0,0,1,0,1,0,0,4.99611E+20,5.55971E+21,8.99455E+15,5.01896E+16
11132,11133,6,4,35,14,2016,2,13,2,3,5,3,0,0,1,1,0,0,0,0,4.93063E+20,5.55419E+21,8.90292E+15,5.01399E+16
11133,11134,6,4,32,10,2016,3,17,3,3,3,6,1,0,0,1,0,0,1,0,4.9018E+20,5.52646E+21,8.86329E+15,4.98904E+16
11134,11135,6,4,33,2,2016,2,7,3,3,3,6,0,0,1,1,0,0,0,0,4.54101E+20,5.537E+21,8.35977E+15,4.99836E+16
11135,11136,6,4,12,0,2016,2,8,6,2,1,5,0,0,1,1,0,0,0,0,4.68584E+20,5.55002E+21,8.56071E+15,5.01016E+16
11136,11137,6,4,12,0,2016,2,7,2,2,5,3,0,0,1,0,0,0,0,1,4.72061E+20,5.55279E+21,8.60912E+15,5.01267E+16
11137,11138,6,4,11,0,2016,2,15,5,3,5,2,0,0,0,1,0,0,0,0,4.74399E+20,5.52514E+21,8.64367E+15,4.98781E+16
11138,11139,6,4,35,25,2016,3,4,5,3,0,1,2,1,0,1,0,0,0,0,5.35738E+20,5.5756E+21,9.50213E+15,5.03314E+16
11139,11140,6,4,39,15,2016,3,10,4,3,4,6,0,1,0,1,0,0,0,0,4.44783E+20,5.5592E+21,8.22659E+15,5.01824E+16
11140,11141,6,4,33,12,2016,2,7,4,3,5,3,0,0,0,1,0,0,0,0,4.59399E+20,5.53753E+21,8.4336E+15,4.99887E+16
11141,11142,6,4,40,20,2016,3,14,3,3,1,5,0,0,0,1,0,0,0,0,4.9899E+20,5.57846E+21,8.9858E+15,5.03582E+16
11142,11143,6,4,32,22,2016,2,10,3,2,3,6,0,0,1,0,0,1,0,0,4.73183E+20,5.51385E+21,8.62754E+15,4.97765E+16
11143,11144,6,6,36,16,2016,2,14,7,2,2,6,0,0,0,1,0,0,0,0,5.57966E+20,5.69003E+21,9.83253E+15,5.13586E+16
11144,11145,6,6,35,21,2016,2,18,2,3,4,1,2,2,0,1,0,0,0,1,5.05154E+20,5.68124E+21,9.0739E+15,5.12824E+16
11145,11146,6,4,13,0,2016,2,15,5,3,2,6,0,0,0,1,0,0,0,0,4.8094E+20,5.54625E+21,8.73367E+15,5.00683E+16
11146,11147,6,4,12,0,2016,3,11,5,3,5,3,0,0,1,0,0,0,1,0,4.74146E+20,5.54917E+21,8.63854E+15,5.00942E+16
11147,11148,6,4,14,0,2016,3,10,4,3,5,3,0,1,0,1,0,0,0,1,4.46266E+20,5.5476E+21,8.249E+15,5.00782E+16
11148,11149,6,6,11,0,2016,2,13,4,3,3,6,0,0,0,1,0,0,0,0,5.38215E+20,5.68279E+21,9.54809E+15,5.12952E+16
11149,11150,6,6,34,27,2016,2,14,6,2,4,6,0,0,0,1,0,0,1,0,5.12451E+20,5.65559E+21,9.17763E+15,5.10517E+16
11150,11151,6,6,31,9,2016,2,20,3,3,5,3,2,1,1,1,0,0,0,0,5.49801E+20,5.5997E+21,9.7029E+15,5.05471E+16
11151,11152,6,6,31,18,2016,2,13,7,3,9,1,0,1,0,1,0,0,0,0,5.42543E+20,5.58754E+21,9.59908E+15,5.04383E+16
11152,11153,6,6,33,8,2016,2,9,6,3,2,6,0,0,0,1,0,0,0,0,5.35218E+20,5.67685E+21,9.50452E+15,5.1242E+16
11153,11154,6,5,33,9,2016,2,9,5,3,2,6,0,0,0,1,0,0,0,0,4.3383E+20,5.58317E+21,8.06901E+15,5.03968E+16
11154,11155,6,5,31,5,2016,2,3,6,2,9,1,2,0,0,1,0,0,0,0,4.80771E+20,5.60377E+21,8.72838E+15,5.05855E+16
11155,11156,6,6,11,0,2016,2,20,5,3,2,6,2,1,0,1,0,0,0,0,5.28281E+20,5.68098E+21,9.40548E+15,5.12795E+16
11156,11157,6,4,12,0,2016,2,10,7,2,5,3,0,0,1,1,0,0,0,0,4.66298E+20,5.55072E+21,8.52869E+15,5.01077E+16
11157,11158,6,5,35,1,2016,2,7,2,2,6,4,0,0,0,1,1,0,0,0,5.18956E+20,5.622E+21,9.2687E+15,5.07495E+16
11158,11159,6,4,12,0,2016,2,19,2,3,7,7,2,0,0,1,0,0,0,1,4.76077E+20,5.55713E+21,8.66504E+15,5.01659E+16
11159,11160,6,4,14,0,2016,2,19,4,3,5,3,2,0,0,1,0,0,0,0,4.48983E+20,5.54106E+21,8.28784E+15,5.00197E+16
11160,11161,6,6,32,14,2016,2,5,4,2,2,1,2,0,0,0,0,0,1,1,5.38082E+20,5.64307E+21,9.54199E+15,5.0938E+16
11161,11162,6,5,32,23,2016,3,8,3,2,2,6,0,0,0,1,0,0,0,0,4.67437E+20,5.60022E+21,8.54034E+15,5.0553E+16
11162,11163,6,5,32,23,2016,2,15,3,3,2,6,0,0,0,1,0,0,0,0,4.64155E+20,5.6001E+21,8.49403E+15,5.05517E+16
11163,11164,6,6,11,0,2016,2,20,5,3,3,6,2,1,0,1,0,0,0,0,5.34061E+20,5.68415E+21,9.48865E+15,5.13076E+16
11164,11165,6,6,33,21,2016,2,14,2,2,4,6,0,1,0,1,0,0,1,0,5.42105E+20,5.71187E+21,9.60733E+15,5.15564E+16
11165,11166,6,4,38,3,2016,2,13,5,3,5,3,0,0,0,1,0,0,0,0,4.75723E+20,5.53457E+21,8.66151E+15,4.9963E+16
11166,11167,6,6,11,0,2016,2,14,7,3,2,6,0,0,0,1,0,0,0,0,5.37028E+20,5.68457E+21,9.53126E+15,5.13112E+16
11167,11168,6,4,38,12,2016,3,22,5,2,5,2,2,0,0,1,0,0,0,0,4.84667E+20,5.53584E+21,8.78616E+15,4.99747E+16
11168,11169,6,4,34,11,2016,3,6,4,3,8,1,0,1,0,1,0,0,0,0,4.65959E+20,5.57838E+21,8.52146E+15,5.03565E+16
11169,11170,6,4,12,0,2016,2,11,4,3,2,6,0,0,0,1,0,0,0,0,4.71644E+20,5.54451E+21,8.60391E+15,5.00522E+16
11170,11171,6,4,38,11,2016,2,19,1,3,5,3,2,1,0,1,0,0,0,0,4.92763E+20,5.54534E+21,8.8989E+15,5.00603E+16
11171,11172,6,5,33,9,2016,2,13,2,3,5,3,0,1,0,1,0,0,1,0,4.33658E+20,5.58192E+21,8.06681E+15,5.03856E+16
11172,11173,6,4,12,0,2016,2,19,7,3,6,4,2,1,0,1,1,0,0,0,4.76755E+20,5.54996E+21,8.67497E+15,5.01014E+16
11173,11174,6,4,35,28,2016,2,19,3,3,0,7,2,0,0,1,0,0,1,0,5.30343E+20,5.57322E+21,9.42614E+15,5.03103E+16
11174,11175,6,5,32,6,2016,2,6,6,3,2,6,1,0,0,1,0,0,0,0,4.48859E+20,5.62157E+21,8.27516E+15,5.07437E+16
11175,11176,6,4,36,3,2016,2,18,7,3,5,2,2,1,0,1,0,0,0,0,4.68911E+20,5.55303E+21,8.56504E+15,5.01287E+16
11176,11177,6,6,36,1,2016,2,20,6,3,4,1,2,0,0,1,0,0,0,0,5.65504E+20,5.6801E+21,9.93895E+15,5.12685E+16
11177,11178,6,6,11,0,2016,2,15,5,3,2,6,0,0,0,1,0,0,0,0,5.29663E+20,5.68488E+21,9.42562E+15,5.13145E+16
11178,11179,6,4,12,0,2016,2,18,6,1,8,1,2,0,0,1,0,0,0,0,4.78975E+20,5.55828E+21,8.70555E+15,5.01764E+16
11179,11180,6,4,31,7,2016,2,16,7,3,9,1,0,0,0,0,0,1,0,0,4.85565E+20,5.50234E+21,8.79993E+15,4.96734E+16
11180,11181,6,5,34,14,2016,2,13,2,3,1,7,0,1,1,1,0,0,0,0,4.83763E+20,5.62921E+21,8.76952E+15,5.08144E+16
11181,11182,6,4,36,7,2016,2,10,2,2,8,1,0,0,0,1,0,0,0,0,4.5997E+20,5.54493E+21,8.4408E+15,5.00553E+16
11182,11183,6,6,34,14,2016,2,14,4,3,2,6,0,0,0,1,0,0,0,0,5.3841E+20,5.66248E+21,9.54872E+15,5.11125E+16
11183,11184,6,4,38,12,2016,2,6,4,3,5,2,2,0,0,1,0,0,0,0,4.8832E+20,5.53384E+21,8.83717E+15,4.99568E+16
11184,11185,6,4,12,0,2016,3,22,3,3,5,3,2,1,0,1,0,0,0,0,4.68499E+20,5.54775E+21,8.55971E+15,5.00812E+16
11185,11186,6,4,33,12,2016,2,9,5,3,5,2,0,0,0,1,0,0,0,0,4.59833E+20,5.5358E+21,8.43984E+15,4.99732E+16
11186,11187,6,4,34,11,2016,2,14,1,3,2,6,0,1,0,1,0,0,0,0,4.67023E+20,5.57589E+21,8.53663E+15,5.03342E+16
11187,11188,6,4,14,0,2016,2,15,7,3,5,3,0,1,0,1,0,0,0,0,4.4423E+20,5.5434E+21,8.22116E+15,5.00403E+16
11188,11189,6,6,31,9,2016,3,13,5,3,8,1,0,0,0,1,0,0,0,0,5.43932E+20,5.60184E+21,9.62033E+15,5.05668E+16
11189,11190,6,4,31,21,2016,3,0,4,3,8,1,2,1,0,1,0,0,0,1,4.867E+20,5.4923E+21,8.81601E+15,4.95831E+16
11190,11191,6,4,14,0,2016,2,5,3,3,5,3,2,1,1,1,0,0,0,0,4.44324E+20,5.54337E+21,8.22248E+15,5.004E+16
11191,11192,6,4,36,7,2016,2,11,1,3,8,1,0,1,0,1,0,0,0,0,4.58576E+20,5.54864E+21,8.42093E+15,5.00886E+16
11192,11193,6,4,11,0,2016,2,8,2,3,5,3,0,0,0,1,0,0,0,0,4.74523E+20,5.52418E+21,8.64546E+15,4.98695E+16
11193,11194,6,4,12,0,2016,2,0,2,2,6,6,2,0,0,0,1,0,0,1,4.77588E+20,5.55593E+21,8.68627E+15,5.01552E+16
11194,11195,6,5,33,16,2016,2,15,1,2,0,1,0,1,1,0,0,0,0,0,4.3825E+20,5.59544E+21,8.12917E+15,5.05077E+16
11195,11196,6,5,32,21,2016,2,16,2,3,2,6,0,1,0,1,0,0,0,0,4.58288E+20,5.60034E+21,8.41119E+15,5.05535E+16
11196,11197,6,4,12,0,2016,2,10,6,3,2,6,0,0,0,1,0,0,0,0,4.75167E+20,5.55176E+21,8.65264E+15,5.01175E+16
11197,11198,6,4,35,19,2016,2,9,7,2,6,4,0,1,0,1,1,0,0,0,4.86201E+20,5.55474E+21,8.80687E+15,5.01447E+16
11198,11199,6,4,12,0,2016,3,15,3,3,6,4,0,0,0,1,1,0,0,0,4.65102E+20,5.54848E+21,8.51217E+15,5.00875E+16
11199,11200,6,4,12,0,2016,2,17,5,3,2,6,1,0,0,1,0,0,0,0,4.70353E+20,5.54471E+21,8.58586E+15,5.0054E+16
11200,11201,6,4,12,0,2016,2,19,7,3,3,6,2,0,0,1,0,0,0,1,4.73305E+20,5.54458E+21,8.6271E+15,5.00529E+16
11201,11202,6,4,11,0,2016,2,19,1,3,2,6,2,0,0,1,0,0,0,0,4.73162E+20,5.51813E+21,8.62695E+15,4.98151E+16
11202,11203,6,6,31,15,2016,2,20,4,3,2,2,2,0,0,1,0,0,0,0,5.47362E+20,5.61237E+21,9.6701E+15,5.06612E+16
11203,11204,6,5,33,9,2016,2,6,2,3,8,1,0,0,0,1,0,0,0,0,4.35251E+20,5.58672E+21,8.08839E+15,5.0429E+16
11204,11205,6,4,31,2,2016,3,8,5,2,2,6,0,0,0,1,0,0,0,1,4.70895E+20,5.50698E+21,8.59628E+15,4.97146E+16
11205,11206,6,4,33,3,2016,2,11,6,3,2,6,0,0,0,1,0,0,0,1,4.66839E+20,5.52714E+21,8.53829E+15,4.98958E+16
11206,11207,6,4,40,7,2016,2,22,7,2,6,4,2,0,0,1,1,0,0,0,4.92136E+20,5.5751E+21,8.88952E+15,5.0328E+16
11207,11208,6,5,34,14,2016,2,7,2,3,5,3,1,1,0,1,0,0,0,0,4.86628E+20,5.62908E+21,8.81019E+15,5.08133E+16
11208,11209,6,4,14,0,2016,2,21,1,3,5,2,0,0,0,1,0,0,0,0,4.45995E+20,5.54757E+21,8.24522E+15,5.00779E+16
11209,11210,6,4,33,6,2016,2,6,4,3,9,1,2,2,0,1,0,0,0,0,4.61851E+20,5.52982E+21,8.46857E+15,4.99196E+16
11210,11211,6,4,13,0,2016,2,14,3,3,5,3,0,0,1,0,0,0,0,1,4.85147E+20,5.5494E+21,8.79234E+15,5.00966E+16
11211,11212,6,4,33,5,2016,3,19,3,3,2,6,2,1,0,1,0,0,0,0,4.52928E+20,5.5381E+21,8.34327E+15,4.99933E+16
11212,11213,6,4,12,0,2016,2,18,5,3,3,6,2,0,0,1,0,1,0,0,4.72596E+20,5.55358E+21,8.61656E+15,5.01338E+16
11213,11214,6,4,31,17,2016,2,18,1,3,2,6,2,0,0,1,0,0,0,0,4.80401E+20,5.49295E+21,8.72883E+15,4.95888E+16
11214,11215,6,5,35,14,2016,3,11,5,3,2,6,0,0,0,1,0,0,1,0,5.15848E+20,5.6196E+21,9.22455E+15,5.0728E+16
11215,11216,6,5,31,12,2016,3,20,4,2,9,1,2,0,0,1,0,0,1,1,4.73087E+20,5.59726E+21,8.6203E+15,5.05266E+16
11216,11217,6,4,12,0,2016,2,8,3,3,6,4,0,1,0,0,1,0,0,1,4.67397E+20,5.55049E+21,8.54407E+15,5.01057E+16
11217,11218,6,4,38,9,2016,2,9,2,3,3,6,0,0,0,1,0,0,0,0,4.74664E+20,5.54413E+21,8.64612E+15,5.00489E+16
11218,11219,6,6,33,10,2016,2,5,1,2,9,1,2,1,0,1,0,0,0,0,5.29275E+20,5.69957E+21,9.42126E+15,5.14466E+16
11219,11220,6,6,35,1,2016,2,4,6,2,9,1,2,0,0,1,0,0,0,0,4.76071E+20,5.65408E+21,8.6587E+15,5.10378E+16
11220,11221,6,6,35,6,2016,2,16,5,3,2,6,0,0,0,1,0,0,0,0,4.81654E+20,5.64825E+21,8.73864E+15,5.09855E+16
11221,11222,6,6,34,14,2016,2,6,2,3,4,6,1,0,0,1,0,0,0,0,5.39576E+20,5.6621E+21,9.56533E+15,5.1109E+16
11222,11223,6,4,34,8,2016,3,15,3,3,2,6,0,0,0,1,0,0,0,0,4.70759E+20,5.56105E+21,8.59028E+15,5.0201E+16
11223,11224,6,6,32,17,2016,2,13,3,3,5,3,0,0,0,1,0,1,0,0,5.62022E+20,5.64401E+21,9.88284E+15,5.09444E+16
11224,11225,6,4,11,0,2016,2,20,7,3,2,6,2,0,0,1,0,0,0,0,4.72139E+20,5.52181E+21,8.61246E+15,4.9848E+16
11225,11226,6,6,31,3,2016,2,18,3,2,8,1,2,0,0,1,0,0,0,0,5.58057E+20,5.59827E+21,9.81919E+15,5.05335E+16
11226,11227,6,4,12,0,2016,3,9,5,3,2,2,0,0,0,1,0,0,0,0,4.71153E+20,5.55235E+21,8.59646E+15,5.01227E+16
11227,11228,6,6,11,0,2016,3,13,4,3,5,2,0,1,0,1,0,0,0,0,5.32952E+20,5.68491E+21,9.47281E+15,5.13145E+16
11228,11229,6,4,12,0,2016,2,10,4,3,3,2,0,0,1,1,0,0,0,0,4.70305E+20,5.55247E+21,8.58458E+15,5.01237E+16
11229,11230,6,6,11,0,2016,2,20,4,3,0,2,2,0,0,1,0,1,0,0,5.32623E+20,5.68602E+21,9.46819E+15,5.13246E+16
11230,11231,6,5,34,10,2016,2,13,3,3,6,4,0,1,0,1,1,0,0,0,4.73873E+20,5.62334E+21,8.62955E+15,5.07613E+16
11231,11232,6,5,31,12,2016,2,13,7,3,3,6,0,1,0,1,0,0,0,0,4.75175E+20,5.59854E+21,8.64968E+15,5.05383E+16
11232,11233,6,4,11,0,2016,2,1,1,3,9,1,2,1,0,1,0,0,0,0,4.7353E+20,5.51778E+21,8.63209E+15,4.98119E+16
11233,11234,6,5,34,12,2016,2,7,6,2,8,1,1,0,0,1,0,0,0,0,4.74096E+20,5.63597E+21,8.63183E+15,5.08749E+16
11234,11235,6,6,31,9,2016,2,22,6,3,5,2,2,0,0,1,0,0,0,0,5.48491E+20,5.59975E+21,9.68443E+15,5.05477E+16
11235,11236,6,4,35,29,2016,2,15,5,3,2,6,0,0,0,1,0,0,0,0,5.2116E+20,5.56599E+21,9.29677E+15,5.02457E+16
11236,11237,6,4,32,18,2016,3,10,5,3,2,6,0,0,0,1,0,0,0,0,4.69086E+20,5.51655E+21,8.57042E+15,4.98006E+16
11237,11238,6,6,33,15,2016,3,21,3,2,6,2,2,1,0,1,1,0,0,0,5.43902E+20,5.68159E+21,9.62951E+15,5.12839E+16
11238,11239,6,6,35,14,2016,2,15,3,3,3,6,0,0,0,1,0,0,0,1,4.69991E+20,5.64852E+21,8.57246E+15,5.09875E+16
11239,11240,6,5,34,22,2016,2,19,2,2,4,6,2,1,0,1,0,0,0,0,4.94975E+20,5.63991E+21,8.92853E+15,5.09108E+16
11240,11241,6,4,31,6,2016,2,13,7,2,0,6,0,1,0,1,0,0,0,1,4.66081E+20,5.49985E+21,8.53011E+15,4.96503E+16
11241,11242,6,5,34,7,2016,2,8,1,3,0,1,0,1,0,1,0,0,0,1,4.66884E+20,5.63307E+21,8.52959E+15,5.08484E+16
11242,11243,6,5,33,2,2016,2,18,6,3,2,6,2,1,0,1,0,0,0,0,4.39603E+20,5.57867E+21,8.15095E+15,5.0357E+16
11243,11244,6,5,34,16,2016,2,15,6,2,2,6,0,0,0,1,0,0,0,0,5.05337E+20,5.63239E+21,9.07581E+15,5.08432E+16
11244,11245,6,4,33,5,2016,2,10,5,2,5,2,0,0,1,0,0,0,1,0,4.52691E+20,5.53619E+21,8.3402E+15,4.99762E+16
11245,11246,6,6,33,29,2016,2,5,1,3,9,1,2,0,0,1,0,0,0,0,5.18087E+20,5.68487E+21,9.25953E+15,5.13149E+16
11246,11247,6,4,32,18,2016,2,13,2,2,5,3,0,0,0,1,0,0,0,0,4.69915E+20,5.51696E+21,8.58191E+15,4.98043E+16
11247,11248,6,5,32,6,2016,3,7,3,3,9,1,0,0,0,1,0,0,0,0,4.54601E+20,5.62615E+21,8.35597E+15,5.07854E+16
11248,11249,6,4,40,24,2016,2,19,3,3,5,3,2,0,0,1,0,0,0,0,4.89839E+20,5.58548E+21,8.85697E+15,5.04212E+16
11249,11250,6,6,11,0,2016,2,10,6,3,2,6,0,1,0,1,0,0,0,0,5.34741E+20,5.68674E+21,9.49866E+15,5.13309E+16
11250,11251,6,6,33,15,2016,2,16,2,3,5,3,0,1,0,1,0,0,0,0,5.44783E+20,5.683E+21,9.64232E+15,5.12965E+16
11251,11252,6,4,12,0,2016,2,20,5,3,2,6,2,0,0,1,0,0,0,0,4.80008E+20,5.55138E+21,8.72038E+15,5.01144E+16
11252,11253,6,4,11,0,2016,3,16,5,3,3,6,1,1,0,1,0,1,0,0,4.75361E+20,5.52447E+21,8.65711E+15,4.98721E+16
11253,11254,6,4,12,0,2016,3,10,4,3,3,6,0,1,0,1,0,1,0,0,4.76564E+20,5.54968E+21,8.67231E+15,5.00989E+16
11254,11255,6,4,38,2,2016,2,16,4,3,5,2,0,0,0,1,0,1,0,0,4.77562E+20,5.5394E+21,8.68687E+15,5.00065E+16
11255,11256,6,6,31,9,2016,2,14,3,2,5,3,0,1,0,1,0,0,0,0,5.498E+20,5.5997E+21,9.70289E+15,5.05471E+16
11256,11257,6,4,39,3,2016,2,6,6,2,5,2,2,0,0,1,0,0,0,0,4.36132E+20,5.54223E+21,8.10828E+15,5.00289E+16
11257,11258,6,5,35,8,2016,2,9,7,3,5,3,0,2,0,1,0,0,0,1,5.25669E+20,5.60342E+21,9.36256E+15,5.05821E+16
11258,11259,6,5,32,23,2016,2,15,7,3,8,1,0,1,0,1,0,0,0,0,4.63193E+20,5.60282E+21,8.48018E+15,5.05762E+16
11259,11260,6,6,33,29,2016,2,7,6,3,8,1,0,0,0,0,0,0,1,0,5.20699E+20,5.68438E+21,9.29698E+15,5.13103E+16
11260,11261,6,4,14,0,2016,2,22,5,3,5,2,2,0,0,1,0,0,0,1,4.53323E+20,5.54259E+21,8.34823E+15,5.00338E+16
11261,11262,6,6,31,18,2016,2,11,6,3,9,1,0,0,0,1,0,0,0,0,5.42167E+20,5.58714E+21,9.59375E+15,5.04348E+16
11262,11263,6,5,31,5,2016,2,19,4,3,5,3,2,0,0,1,0,0,0,0,4.7871E+20,5.60629E+21,8.69913E+15,5.06081E+16
11263,11264,6,6,32,3,2016,2,16,7,3,5,3,0,0,1,1,0,0,0,0,5.55415E+20,5.64561E+21,9.78905E+15,5.09594E+16
11264,11265,6,5,35,1,2016,2,4,2,3,3,6,2,0,0,1,0,0,0,0,5.27899E+20,5.62503E+21,9.39569E+15,5.07764E+16
11265,11266,6,4,36,2,2016,2,8,2,3,2,6,0,0,0,0,0,0,1,0,4.52134E+20,5.55457E+21,8.33014E+15,5.01415E+16
11266,11267,6,4,12,0,2016,2,17,4,3,2,2,1,0,0,1,0,0,0,0,4.78624E+20,5.55097E+21,8.70105E+15,5.01106E+16
11267,11268,6,4,12,0,2016,2,18,4,3,2,6,1,0,0,1,0,0,0,1,4.7811E+20,5.54548E+21,8.69417E+15,5.00612E+16
11268,11269,6,5,32,23,2016,3,16,3,3,2,6,0,0,0,1,0,0,0,0,4.62732E+20,5.59995E+21,8.47396E+15,5.05503E+16
11269,11270,6,4,12,0,2016,2,7,3,3,2,6,0,0,0,1,0,0,0,0,4.70895E+20,5.55356E+21,8.59275E+15,5.01336E+16
11270,11271,6,5,31,11,2016,2,15,6,3,2,6,0,0,0,1,0,1,0,0,4.86085E+20,5.59868E+21,8.80362E+15,5.05399E+16
11271,11272,6,5,33,3,2016,2,21,5,3,8,6,2,0,0,1,0,0,0,1,4.43574E+20,5.57554E+21,8.20724E+15,5.03293E+16
11272,11273,6,6,11,0,2016,2,17,7,3,5,2,0,0,0,1,0,0,0,1,5.35905E+20,5.68752E+21,9.51544E+15,5.13379E+16
11273,11274,6,5,31,5,2016,2,12,2,3,2,6,0,0,0,1,0,0,0,0,4.77388E+20,5.60466E+21,8.68053E+15,5.05934E+16
11274,11275,6,4,38,10,2016,2,12,4,3,0,7,0,0,0,1,0,0,0,0,4.87885E+20,5.54599E+21,8.83072E+15,5.0066E+16