FID,OBJECTID,ULAND,UREGBEZ,UKREIS,UGEMEINDE,UJAHR,UMONAT,USTUNDE,UWOCHENTAG,UKATEGORIE,UART,UTYP1,ULICHTVERH,IstStrasse,IstRad,IstPKW,IstFuss,IstKrad,IstGkfz,IstSonstig,LINREFX,LINREFY,XGCSWGS84,YGCSWGS84
11275,11276,6,4,11,0,2016,3,13,3,3,2,6,0,0,0,1,0,0,0,0,4.74525E+20,5.5255E+21,8.6454E+15,4.98814E+16
11276,11277,6,6,31,18,2016,2,16,3,3,5,3,0,0,0,1,0,0,0,0,5.40503E+20,5.59451E+21,9.57112E+15,5.05012E+16
11277,11278,6,4,12,0,2016,2,17,2,3,5,3,0,1,1,1,0,0,0,0,4.81082E+20,5.55207E+21,8.73537E+15,5.01205E+16
11278,11279,6,6,35,11,2016,2,7,5,3,5,3,0,0,0,1,0,0,0,0,4.85039E+20,5.65656E+21,8.78651E+15,5.10604E+16
11279,11280,6,4,31,17,2016,3,19,5,2,6,2,2,1,0,0,1,0,0,1,4.80993E+20,5.49394E+21,8.73698E+15,4.95978E+16
11280,11281,6,4,35,19,2016,3,19,4,2,2,6,2,1,0,1,0,0,0,0,4.86281E+20,5.55518E+21,8.80799E+15,5.01487E+16
11281,11282,6,4,35,14,2016,2,14,4,2,6,4,0,0,0,1,1,0,0,0,4.95429E+20,5.55285E+21,8.93604E+15,5.01278E+16
11282,11283,6,4,38,2,2016,2,15,3,3,5,2,0,0,0,1,0,0,0,0,4.79292E+20,5.53876E+21,8.71105E+15,5.00008E+16
11283,11284,6,4,33,12,2016,2,16,6,3,9,1,0,1,0,0,0,0,0,1,4.58321E+20,5.53322E+21,8.41903E+15,4.99499E+16
11284,11285,6,4,12,0,2016,2,14,7,2,6,2,0,1,0,1,1,0,0,0,4.77711E+20,5.55639E+21,8.68796E+15,5.01593E+16
11285,11286,6,4,11,0,2016,2,14,6,3,8,1,0,2,0,1,0,0,0,0,4.77262E+20,5.52408E+21,8.68359E+15,4.98687E+16
11286,11287,6,4,12,0,2016,2,15,6,3,9,1,0,0,0,1,0,0,0,0,4.72666E+20,5.54838E+21,8.61791E+15,5.0087E+16
11287,11288,6,4,32,10,2016,2,19,7,3,5,3,2,0,1,1,0,0,0,0,4.94948E+20,5.52372E+21,8.9297E+15,4.98659E+16
11288,11289,6,4,12,0,2016,2,23,2,3,2,6,2,1,0,1,0,0,1,0,4.71315E+20,5.5435E+21,8.59939E+15,5.00431E+16
11289,11290,6,4,38,12,2016,2,16,2,3,5,2,0,0,0,1,0,0,0,0,4.88382E+20,5.53363E+21,8.83804E+15,4.99549E+16
11290,11291,6,5,33,15,2016,2,5,4,3,5,3,2,0,0,1,0,1,0,0,4.43665E+20,5.58283E+21,8.20741E+15,5.03948E+16
11291,11292,6,6,11,0,2016,2,19,3,3,5,7,2,0,0,1,0,0,0,1,5.33851E+20,5.68393E+21,9.48561E+15,5.13057E+16
11292,11293,6,5,33,2,2016,3,10,3,3,2,6,0,0,0,0,0,0,1,0,4.39282E+20,5.57881E+21,8.14642E+15,5.03582E+16
11293,11294,6,4,33,1,2016,2,19,5,2,8,1,2,0,0,1,0,0,0,0,4.63183E+20,5.51392E+21,8.48864E+15,4.97766E+16
11294,11295,6,4,32,4,2016,2,0,1,2,2,6,2,1,0,1,0,0,0,0,4.88142E+20,5.52607E+21,8.83493E+15,4.98869E+16
11295,11296,6,4,12,0,2016,2,22,7,3,6,2,2,1,0,1,1,0,0,0,4.76969E+20,5.55041E+21,8.67793E+15,5.01055E+16
11296,11297,6,5,32,23,2016,3,7,5,3,2,6,0,0,0,1,0,0,0,0,4.6597E+20,5.59985E+21,8.51967E+15,5.05496E+16
11297,11298,6,5,34,6,2016,3,13,4,3,9,1,0,1,0,1,0,0,0,0,4.87696E+20,5.63578E+21,8.82513E+15,5.08735E+16
11298,11299,6,4,14,0,2016,2,17,3,2,5,3,1,1,0,1,0,1,0,0,4.42682E+20,5.546E+21,8.19916E+15,5.00635E+16
11299,11300,6,6,31,15,2016,2,16,1,2,2,6,0,0,0,1,0,0,0,0,5.48057E+20,5.60964E+21,9.67958E+15,5.06366E+16
11300,11301,6,6,11,0,2016,2,14,2,3,1,5,0,1,1,1,0,0,0,0,5.34452E+20,5.68522E+21,9.49436E+15,5.13172E+16
11301,11302,6,4,12,0,2016,2,19,2,3,5,3,2,0,0,1,0,0,0,0,4.78915E+20,5.55206E+21,8.70505E+15,5.01204E+16
11302,11303,6,4,12,0,2016,2,0,1,3,2,6,2,1,0,1,0,0,0,0,4.72641E+20,5.54988E+21,8.61744E+15,5.01005E+16
11303,11304,6,4,36,9,2016,2,15,2,3,8,1,0,0,0,0,0,1,0,0,4.63248E+20,5.54828E+21,8.48627E+15,5.00857E+16
11304,11305,6,4,11,0,2016,2,19,6,2,6,4,2,0,0,1,1,0,0,0,4.74439E+20,5.5245E+21,8.64427E+15,4.98723E+16
11305,11306,6,5,32,17,2016,2,14,5,3,6,4,0,0,0,1,1,0,0,0,4.58678E+20,5.61626E+21,8.41492E+15,5.06967E+16
11306,11307,6,4,11,0,2016,2,20,7,3,5,3,2,1,1,1,0,0,0,0,4.74596E+20,5.52239E+21,8.6466E+15,4.98534E+16
11307,11308,6,4,31,20,2016,3,11,5,3,2,3,0,1,0,1,0,0,0,0,4.69576E+20,5.48659E+21,8.57955E+15,4.95312E+16
11308,11309,6,4,40,9,2016,3,6,4,3,4,6,1,1,0,0,0,0,1,1,5.14017E+20,5.58307E+21,9.19722E+15,5.03995E+16
11309,11310,6,4,40,5,2016,2,14,4,2,2,6,0,1,0,1,0,0,0,0,4.78452E+20,5.58829E+21,8.69651E+15,5.04463E+16
11310,11311,6,6,32,11,2016,2,14,1,3,8,1,0,1,0,1,0,0,0,0,5.43234E+20,5.63234E+21,9.61404E+15,5.08411E+16
11311,11312,6,4,14,0,2016,2,11,2,3,3,2,0,0,0,1,0,0,1,0,4.44898E+20,5.54416E+21,8.23039E+15,5.00472E+16
11312,11313,6,6,34,14,2016,2,18,7,3,2,6,2,1,0,1,0,0,0,0,5.37733E+20,5.66434E+21,9.53924E+15,5.11293E+16
11313,11314,6,4,32,18,2016,2,7,6,2,4,1,0,0,0,1,0,0,0,0,4.73439E+20,5.51467E+21,8.63103E+15,4.97839E+16
11314,11315,6,6,31,9,2016,2,23,7,3,0,7,2,0,1,0,0,0,0,1,5.47724E+20,5.60078E+21,9.67373E+15,5.0557E+16
11315,11316,6,4,12,0,2016,2,11,2,3,3,6,0,0,0,1,0,0,0,1,4.73145E+20,5.55373E+21,8.62422E+15,5.01352E+16
11316,11317,6,4,35,26,2016,2,23,1,2,4,6,2,0,0,1,0,0,1,0,4.90188E+20,5.56013E+21,8.86253E+15,5.01932E+16
11317,11318,6,5,34,14,2016,2,18,4,3,2,6,1,0,0,1,0,0,0,0,4.82859E+20,5.62698E+21,8.7568E+15,5.07943E+16
11318,11319,6,4,12,0,2016,2,6,3,2,5,3,2,0,0,1,0,1,0,0,4.67988E+20,5.55107E+21,8.55229E+15,5.0111E+16
11319,11320,6,4,35,17,2016,2,16,2,2,5,3,0,0,0,1,0,0,0,0,5.04372E+20,5.561E+21,9.06126E+15,5.02011E+16
11320,11321,6,4,12,0,2016,2,18,5,3,2,6,2,0,0,1,0,0,0,0,4.71971E+20,5.5446E+21,8.60847E+15,5.00531E+16
11321,11322,6,4,12,0,2016,3,17,5,3,2,6,0,0,0,1,0,0,0,0,4.71717E+20,5.54457E+21,8.60493E+15,5.00528E+16
11322,11323,6,4,40,8,2016,3,7,4,3,2,6,0,1,0,1,0,0,0,0,4.78373E+20,5.57607E+21,8.69611E+15,5.03363E+16
11323,11324,6,4,12,0,2016,2,12,3,3,2,6,0,1,0,1,0,0,0,0,4.75557E+20,5.54992E+21,8.65822E+15,5.0101E+16
11324,11325,6,4,40,3,2016,2,18,2,3,5,2,2,1,0,1,0,0,0,1,4.8087E+20,5.5602E+21,8.73199E+15,5.01937E+16
11325,11326,6,4,36,7,2016,2,19,1,3,3,6,2,0,0,1,0,0,0,0,4.54933E+20,5.5454E+21,8.37038E+15,5.00591E+16
11326,11327,6,4,12,0,2016,2,5,6,3,3,6,2,1,0,1,0,0,1,0,4.71661E+20,5.55062E+21,8.6037E+15,5.01072E+16
11327,11328,6,4,39,12,2016,2,6,6,1,5,3,1,0,0,1,0,1,0,0,4.2847E+20,5.53832E+21,8.00206E+15,4.99929E+16
11328,11329,6,4,36,7,2016,2,9,5,3,2,2,0,0,0,1,0,0,0,0,4.59482E+20,5.54574E+21,8.43389E+15,5.00625E+16
11329,11330,6,6,33,28,2016,2,15,2,3,0,6,0,0,0,1,0,1,0,0,5.10237E+20,5.68108E+21,9.14678E+15,5.1281E+16
11330,11331,6,4,40,14,2016,3,13,3,2,9,1,0,0,0,0,0,1,0,0,4.99441E+20,5.56972E+21,8.99215E+15,5.02796E+16
11331,11332,6,5,32,8,2016,2,7,3,3,5,2,0,0,0,1,0,0,0,0,4.56488E+20,5.60678E+21,8.38502E+15,5.06112E+16
11332,11333,6,4,31,6,2016,2,12,7,3,2,6,0,0,0,1,0,0,0,0,4.67202E+20,5.50692E+21,8.54506E+15,4.97139E+16
11333,11334,6,6,36,13,2016,2,5,2,2,4,1,2,0,0,1,0,0,0,1,5.83428E+20,5.66689E+21,1.01927E+16,5.11474E+16
11334,11335,6,4,14,0,2016,2,5,5,2,5,3,2,0,0,1,0,1,0,0,4.44191E+20,5.54396E+21,8.22053E+15,5.00454E+16
11335,11336,6,4,36,2,2016,2,12,7,3,4,6,0,1,0,1,0,0,0,0,4.51619E+20,5.55438E+21,8.32295E+15,5.01396E+16
11336,11337,6,4,13,0,2016,2,18,2,3,2,6,2,0,0,1,0,0,0,0,4.82722E+20,5.55046E+21,8.75839E+15,5.01061E+16
11337,11338,6,6,33,20,2016,3,11,3,3,6,2,0,0,0,1,1,0,0,0,5.37973E+20,5.68532E+21,9.5449E+15,5.13179E+16
11338,11339,6,5,33,9,2016,2,0,5,3,2,6,2,1,0,1,0,0,0,0,4.3437E+20,5.58452E+21,8.07637E+15,5.0409E+16
11339,11340,6,5,33,3,2016,2,13,7,3,2,6,0,0,0,1,0,0,0,0,4.46604E+20,5.56857E+21,8.25078E+15,5.02669E+16
11340,11341,6,4,12,0,2016,2,18,3,3,2,6,2,0,0,1,0,0,0,0,4.71567E+20,5.55092E+21,8.60236E+15,5.01098E+16
11341,11342,6,4,12,0,2016,2,7,2,3,2,6,1,1,0,1,0,0,0,0,4.81462E+20,5.54953E+21,8.7408E+15,5.00977E+16
11342,11343,6,6,32,15,2016,2,4,1,3,9,1,2,0,0,1,0,0,0,0,5.39518E+20,5.62976E+21,9.56099E+15,5.08182E+16
11343,11344,6,4,14,0,2016,2,14,2,3,5,3,0,0,0,0,0,0,0,1,4.52398E+20,5.55207E+21,8.33415E+15,5.0119E+16
11344,11345,6,4,12,0,2016,3,9,4,3,1,5,0,1,0,0,0,0,1,1,4.67446E+20,5.54378E+21,8.54533E+15,5.00454E+16
11345,11346,6,6,35,15,2016,2,21,4,3,8,7,2,1,0,1,0,0,0,0,4.89987E+20,5.67927E+21,8.85649E+15,5.12647E+16
11346,11347,6,4,14,0,2016,3,21,3,3,6,4,2,1,0,1,1,0,0,0,4.45494E+20,5.54755E+21,8.23823E+15,5.00777E+16
11347,11348,6,4,34,11,2016,2,9,3,3,9,1,0,1,0,1,0,0,0,0,4.61748E+20,5.57419E+21,8.46269E+15,5.03186E+16
11348,11349,6,6,31,11,2016,2,13,2,2,0,1,0,1,0,0,0,1,0,0,5.40985E+20,5.60489E+21,9.57905E+15,5.05945E+16
11349,11350,6,5,35,1,2016,2,15,7,3,5,3,0,1,0,1,0,0,0,0,5.19621E+20,5.62231E+21,9.27815E+15,5.07523E+16
11350,11351,6,5,31,11,2016,2,2,1,2,8,1,2,1,0,1,0,0,0,0,4.89657E+20,5.59295E+21,8.85419E+15,5.04884E+16
11351,11352,6,4,40,18,2016,2,19,6,3,2,6,2,0,0,1,0,0,0,0,4.7904E+20,5.58084E+21,8.70521E+15,5.03793E+16
11352,11353,6,5,34,21,2016,2,15,6,2,9,1,0,0,0,1,0,0,0,0,4.74794E+20,5.63844E+21,8.64157E+15,5.08971E+16
11353,11354,6,6,31,8,2016,2,19,5,2,6,4,2,0,0,1,1,0,0,0,5.40325E+20,5.58584E+21,9.56767E+15,5.04232E+16
11354,11355,6,4,35,21,2016,2,23,7,3,8,1,2,0,0,1,0,0,0,0,4.93523E+20,5.56404E+21,8.90919E+15,5.02285E+16
11355,11356,6,5,35,1,2016,2,6,2,3,5,3,0,0,0,1,0,0,0,0,5.14869E+20,5.62845E+21,9.21103E+15,5.08076E+16
11356,11357,6,4,32,17,2016,3,14,3,3,2,2,0,0,0,1,0,0,0,0,4.92507E+20,5.52036E+21,8.8958E+15,4.98357E+16
11357,11358,6,4,31,13,2016,2,16,3,3,5,3,0,0,0,1,0,0,0,0,4.582E+20,5.50082E+21,8.42083E+15,4.96585E+16
11358,11359,6,4,14,0,2016,2,11,6,3,5,3,0,0,0,1,0,0,0,0,4.44237E+20,5.54753E+21,8.22065E+15,5.00774E+16
11359,11360,6,4,13,0,2016,2,7,2,3,2,2,0,0,0,1,0,0,1,0,4.84364E+20,5.54913E+21,8.7814E+15,5.00942E+16
11360,11361,6,4,37,13,2016,2,13,5,3,8,1,0,0,0,1,0,0,0,0,4.86311E+20,5.50609E+21,8.81014E+15,4.97072E+16
11361,11362,6,4,39,7,2016,3,16,5,1,1,6,0,1,0,1,0,0,0,1,4.40873E+20,5.56898E+21,8.17031E+15,5.027E+16
11362,11363,6,4,12,0,2016,3,11,4,3,3,2,0,1,0,0,0,0,0,1,4.74199E+20,5.5501E+21,8.63922E+15,5.01026E+16
11363,11364,6,4,31,22,2016,2,19,4,3,5,2,2,0,0,1,0,1,0,0,4.72133E+20,5.50731E+21,8.61342E+15,4.97177E+16
11364,11365,6,5,32,22,2016,2,6,3,3,8,1,2,1,0,1,0,0,0,0,4.65606E+20,5.58645E+21,8.51577E+15,5.04291E+16
11365,11366,6,5,32,9,2016,2,7,6,3,2,6,1,0,0,1,0,0,0,0,4.52748E+20,5.62708E+21,8.32957E+15,5.07936E+16
11366,11367,6,4,14,0,2016,2,15,7,3,5,2,0,1,0,1,0,0,0,0,4.45661E+20,5.54422E+21,8.24103E+15,5.00478E+16
11367,11368,6,4,12,0,2016,3,18,5,3,0,6,1,1,0,1,0,0,0,1,4.74384E+20,5.55012E+21,8.64181E+15,5.01028E+16
11368,11369,6,4,14,0,2016,3,12,4,3,2,6,0,1,0,1,0,0,0,0,4.43883E+20,5.54748E+21,8.21572E+15,5.00769E+16
11369,11370,6,4,37,11,2016,2,15,4,3,2,6,0,0,0,1,0,0,0,0,5.0038E+20,5.5041E+21,9.00527E+15,4.96894E+16
11370,11371,6,6,32,1,2016,2,18,6,3,5,3,2,1,0,1,0,0,0,0,5.46563E+20,5.65536E+21,9.66427E+15,5.10478E+16
11371,11372,6,6,31,15,2016,2,23,3,3,9,1,2,2,0,1,0,0,0,0,5.55898E+20,5.61966E+21,9.79196E+15,5.07261E+16
11372,11373,6,4,35,17,2016,2,21,7,2,9,1,2,1,0,1,0,0,0,0,5.05305E+20,5.55875E+21,9.07431E+15,5.01809E+16
11373,11374,6,6,31,9,2016,2,14,6,3,2,6,0,0,0,1,0,0,0,1,5.47111E+20,5.60053E+21,9.66505E+15,5.05548E+16
11374,11375,6,6,32,2,2016,2,11,5,3,2,6,0,0,0,1,0,0,0,0,5.49667E+20,5.63507E+21,9.70577E+15,5.08651E+16
11375,11376,6,5,31,7,2016,2,13,6,3,2,6,0,0,0,1,0,0,0,0,4.7525E+20,5.60389E+21,8.65038E+15,5.05864E+16
11376,11377,6,4,32,18,2016,2,19,5,3,5,3,2,0,0,1,0,0,0,0,4.74051E+20,5.51667E+21,8.63941E+15,4.98019E+16
11377,11378,6,4,13,0,2016,2,16,7,3,2,6,0,0,0,1,0,0,0,0,4.83233E+20,5.54863E+21,8.76561E+15,5.00897E+16
11378,11379,6,4,12,0,2016,2,14,2,3,2,6,0,0,0,1,0,0,0,0,4.75083E+20,5.5588E+21,8.65101E+15,5.01808E+16
11379,11380,6,6,11,0,2016,2,20,4,3,5,7,2,1,0,1,0,0,0,1,5.33694E+20,5.68768E+21,9.48371E+15,5.13394E+16
11380,11381,6,6,11,0,2016,2,13,4,3,3,6,0,0,0,1,0,0,1,0,5.38918E+20,5.6825E+21,9.55815E+15,5.12925E+16
11381,11382,6,6,31,6,2016,3,6,3,3,5,3,0,0,0,1,0,0,1,0,5.52184E+20,5.58806E+21,9.73491E+15,5.04423E+16
11382,11383,6,5,32,14,2016,2,6,3,3,5,2,1,0,0,1,0,0,0,0,4.71332E+20,5.59718E+21,8.59556E+15,5.05258E+16
11383,11384,6,6,11,0,2016,2,15,5,2,2,6,0,0,0,1,0,1,0,0,5.34766E+20,5.68662E+21,9.49901E+15,5.13298E+16
11384,11385,6,6,34,14,2016,2,17,2,3,5,3,1,1,0,1,0,0,0,0,5.38399E+20,5.66248E+21,9.54856E+15,5.11125E+16
11385,11386,6,4,38,4,2016,2,18,5,3,5,3,2,0,1,1,0,0,0,0,4.95149E+20,5.54705E+21,8.9322E+15,5.00757E+16
11386,11387,6,5,32,19,2016,3,21,5,3,4,1,2,2,0,1,0,0,0,0,4.58121E+20,5.62385E+21,8.40617E+15,5.07649E+16
11387,11388,6,4,34,11,2016,3,20,4,3,7,7,2,0,0,1,0,0,0,0,4.64986E+20,5.57853E+21,8.50777E+15,5.03578E+16
11388,11389,6,5,31,9,2016,2,6,4,3,8,1,0,2,0,1,0,0,0,0,4.69417E+20,5.58988E+21,8.56914E+15,5.04601E+16
11389,11390,6,4,14,0,2016,2,5,1,3,9,1,2,1,0,1,0,0,0,0,4.43924E+20,5.54475E+21,8.21669E+15,5.00524E+16
11390,11391,6,6,36,13,2016,2,17,2,2,5,2,1,1,0,1,0,0,0,0,5.82948E+20,5.6705E+21,1.01867E+16,5.11799E+16
11391,11392,6,4,12,0,2016,2,23,7,3,5,2,2,1,0,1,0,0,0,0,4.76957E+20,5.5504E+21,8.67777E+15,5.01054E+16
11392,11393,6,6,32,18,2016,2,20,6,3,5,3,2,0,0,1,0,0,0,0,5.48723E+20,5.65155E+21,9.69457E+15,5.10135E+16
11393,11394,6,5,33,3,2016,2,16,6,3,2,6,0,0,0,1,0,0,0,0,4.45669E+20,5.57214E+21,8.23716E+15,5.02989E+16
11394,11395,6,4,32,10,2016,2,19,7,3,5,3,2,0,0,1,0,0,0,1,4.94263E+20,5.5228E+21,8.92018E+15,4.98576E+16
11395,11396,6,5,33,3,2016,2,15,2,3,2,6,0,1,0,1,0,0,0,0,4.45826E+20,5.57181E+21,8.23941E+15,5.0296E+16
11396,11397,6,6,11,0,2016,2,16,1,3,5,2,0,0,0,1,0,0,0,0,5.34562E+20,5.68543E+21,9.49596E+15,5.13191E+16
11397,11398,6,4,32,18,2016,2,18,7,3,9,6,2,1,0,1,0,0,0,0,4.72209E+20,5.51363E+21,8.61402E+15,4.97745E+16
11398,11399,6,4,11,0,2016,2,14,5,3,9,1,0,0,0,1,0,0,0,0,4.74452E+20,5.52846E+21,8.6442E+15,4.99079E+16
11399,11400,6,4,12,0,2016,2,21,6,3,2,6,2,0,0,1,0,0,0,0,4.7679E+20,5.55652E+21,8.67506E+15,5.01604E+16
11400,11401,6,5,33,3,2016,2,10,4,3,2,2,0,0,0,1,0,0,0,1,4.4839E+20,5.57091E+21,8.27552E+15,5.0288E+16
11401,11402,6,4,39,7,2016,2,15,7,2,5,2,0,0,0,1,0,0,0,0,4.40873E+20,5.56898E+21,8.17032E+15,5.027E+16
11402,11403,6,4,36,7,2016,2,8,2,3,5,2,0,1,0,1,0,0,0,0,4.60649E+20,5.54793E+21,8.44997E+15,5.00823E+16
11403,11404,6,4,14,0,2016,2,12,2,3,3,6,0,0,0,1,0,0,1,1,4.52798E+20,5.54503E+21,8.34061E+15,5.00557E+16
11404,11405,6,6,34,10,2016,2,12,4,3,4,6,0,0,0,1,0,0,0,1,5.10937E+20,5.65024E+21,9.15588E+15,5.10036E+16
11405,11406,6,4,31,6,2016,2,18,4,3,2,6,2,0,0,1,0,0,0,0,4.65091E+20,5.49975E+21,8.5164E+15,4.96493E+16
11406,11407,6,6,34,11,2016,3,10,3,3,2,6,0,0,0,1,0,0,0,0,5.33359E+20,5.64983E+21,9.47539E+15,5.09991E+16
11407,11408,6,4,31,2,2016,2,2,5,3,9,1,2,0,0,1,0,0,0,0,4.76289E+20,5.50349E+21,8.67131E+15,4.96835E+16
11408,11409,6,4,31,11,2016,2,1,1,3,2,6,2,1,0,1,0,0,0,0,4.7199E+20,5.49778E+21,8.61212E+15,4.96319E+16
11409,11410,6,6,34,3,2016,2,11,7,3,2,1,0,0,0,1,0,0,0,0,5.29796E+20,5.6649E+21,9.42587E+15,5.11348E+16
11410,11411,6,6,31,15,2016,3,8,5,3,4,6,0,0,0,1,0,0,0,0,5.53587E+20,5.61183E+21,9.75808E+15,5.06558E+16
11411,11412,6,5,34,10,2016,3,9,4,3,9,6,0,2,0,1,0,0,0,1,4.65826E+20,5.62644E+21,8.51518E+15,5.07887E+16
11412,11413,6,6,11,0,2016,2,7,3,2,5,3,1,1,0,1,0,0,1,0,5.36073E+20,5.68482E+21,9.51758E+15,5.13136E+16
11413,11414,6,4,11,0,2016,2,19,1,3,3,6,0,0,0,1,0,0,0,0,4.73691E+20,5.52E+21,8.63417E+15,4.98319E+16
11414,11415,6,4,12,0,2016,2,8,2,3,6,4,0,0,0,1,1,0,0,0,4.76315E+20,5.55459E+21,8.66852E+15,5.01431E+16
11415,11416,6,6,36,3,2016,2,1,1,3,3,6,2,1,1,0,0,0,0,1,5.72919E+20,5.67078E+21,1.00433E+16,5.11838E+16
11416,11417,6,4,39,15,2016,2,7,7,2,6,4,1,2,0,0,1,0,0,1,4.43734E+20,5.55797E+21,8.21208E+15,5.01713E+16
11417,11418,6,4,36,3,2016,3,12,3,3,2,6,0,1,0,1,0,0,0,0,4.70223E+20,5.55383E+21,8.58334E+15,5.01359E+16
11418,11419,6,4,38,9,2016,2,8,6,3,2,6,0,0,0,1,0,0,0,0,4.74796E+20,5.54485E+21,8.64791E+15,5.00554E+16
11419,11420,6,4,35,10,2016,2,16,7,3,2,1,0,0,0,1,0,0,0,1,5.15414E+20,5.56058E+21,9.21597E+15,5.01972E+16
11420,11421,6,6,35,7,2016,2,4,1,3,9,1,2,2,0,1,0,0,0,0,4.77302E+20,5.68956E+21,8.67402E+15,5.13569E+16
11421,11422,6,5,33,15,2016,2,18,1,3,8,1,1,0,0,1,0,0,0,0,4.44719E+20,5.58298E+21,8.22222E+15,5.03963E+16
11422,11423,6,5,34,14,2016,2,18,4,2,5,3,1,0,0,1,0,0,0,0,4.84033E+20,5.63193E+21,8.77324E+15,5.08388E+16
11423,11424,6,4,11,0,2016,2,13,3,3,6,4,0,0,0,1,1,0,0,0,4.75992E+20,5.52558E+21,8.66582E+15,4.98822E+16
11424,11425,6,5,33,4,2016,2,13,2,3,5,3,0,0,0,1,0,0,1,0,4.30826E+20,5.5939E+21,8.02476E+15,5.0493E+16
11425,11426,6,4,11,0,2016,2,7,5,3,5,2,0,0,1,1,0,0,0,0,4.73649E+20,5.52427E+21,8.63331E+15,4.98703E+16
11426,11427,6,4,32,23,2016,3,16,5,3,2,6,0,0,0,1,0,0,0,0,4.71999E+20,5.53285E+21,8.60971E+15,4.99474E+16
11427,11428,6,5,33,8,2016,3,7,3,3,5,3,0,0,0,1,0,0,0,0,4.39982E+20,5.57389E+21,8.15703E+15,5.03141E+16
11428,11429,6,6,11,0,2016,2,7,3,3,2,6,0,0,0,1,0,0,0,0,5.31502E+20,5.68575E+21,9.45208E+15,5.13222E+16
11429,11430,6,4,31,2,2016,2,21,2,3,6,4,2,0,0,1,1,0,0,0,4.70903E+20,5.50346E+21,8.59665E+15,4.9683E+16
11430,11431,6,4,40,8,2016,2,0,1,3,2,6,2,0,0,1,0,0,0,0,4.7844E+20,5.5726E+21,8.69724E+15,5.03051E+16
11431,11432,6,4,33,10,2016,2,5,4,3,9,1,2,2,0,1,0,0,0,0,4.61825E+20,5.54113E+21,8.46709E+15,5.00212E+16
11432,11433,6,4,14,0,2016,2,17,3,3,8,1,1,0,0,1,0,0,0,0,4.52463E+20,5.55336E+21,8.33489E+15,5.01306E+16
11433,11434,6,4,14,0,2016,3,18,3,2,2,6,2,1,0,1,0,0,0,1,4.49479E+20,5.54439E+21,8.29433E+15,5.00496E+16
11434,11435,6,5,32,22,2016,2,8,5,3,5,3,0,0,0,1,0,0,0,0,4.60924E+20,5.5899E+21,8.44949E+15,5.04598E+16
11435,11436,6,5,32,6,2016,2,15,1,2,8,1,0,0,0,1,0,0,0,0,4.48812E+20,5.62029E+21,8.27467E+15,5.07321E+16
11436,11437,6,5,35,1,2016,3,23,5,2,8,1,2,0,0,1,0,0,0,0,5.21111E+20,5.62191E+21,9.29924E+15,5.07486E+16
11437,11438,6,6,34,7,2016,3,18,4,3,3,6,2,0,0,1,0,0,1,1,5.2776E+20,5.67142E+21,9.39727E+15,5.11935E+16
11438,11439,6,4,12,0,2016,2,20,3,2,6,2,2,0,0,1,1,0,0,0,4.6756E+20,5.55026E+21,8.54637E+15,5.01037E+16
11439,11440,6,6,33,200,2016,2,9,2,3,9,1,0,1,0,1,0,0,0,0,5.3775E+20,5.71956E+21,9.54536E+15,5.16258E+16
11440,11441,6,4,37,1,2016,2,8,2,3,0,7,0,0,0,1,0,0,0,0,4.99381E+20,5.5082E+21,8.99141E+15,4.97263E+16
11441,11442,6,6,35,3,2016,2,13,1,3,0,6,0,0,0,1,0,0,0,1,5.05966E+20,5.66049E+21,9.0852E+15,5.10958E+16
11442,11443,6,4,33,5,2016,2,6,2,3,2,6,1,0,0,1,0,0,0,0,4.52233E+20,5.53669E+21,8.33376E+15,4.99806E+16
11443,11444,6,6,34,25,2016,2,12,6,3,5,3,0,0,0,1,0,0,0,1,5.22084E+20,5.66238E+21,9.31549E+15,5.11125E+16
11444,11445,6,6,34,14,2016,2,9,2,3,5,2,0,0,0,1,0,0,0,0,5.37808E+20,5.66437E+21,9.54032E+15,5.11295E+16
11445,11446,6,6,34,2,2016,3,19,3,3,5,3,2,1,0,1,0,0,0,0,5.29491E+20,5.67515E+21,9.42235E+15,5.1227E+16
11446,11447,6,6,11,0,2016,2,7,3,3,2,6,1,0,0,1,0,0,0,0,5.33458E+20,5.68232E+21,9.47982E+15,5.12912E+16
11447,11448,6,4,11,0,2016,2,20,7,2,2,6,2,0,0,1,0,0,0,0,4.72449E+20,5.52158E+21,8.6168E+15,4.9846E+16
11448,11449,6,4,33,2,2016,2,16,3,2,3,6,0,0,0,1,0,0,0,0,4.53691E+20,5.53628E+21,8.35413E+15,4.99771E+16
11449,11450,6,4,40,15,2016,2,10,1,3,9,6,0,0,0,1,0,0,0,0,4.80143E+20,5.59001E+21,8.72023E+15,5.04617E+16
11450,11451,6,4,14,0,2016,3,8,5,3,5,3,0,0,1,1,0,0,0,0,4.45666E+20,5.54684E+21,8.24072E+15,5.00713E+16
11451,11452,6,6,11,0,2016,3,8,4,3,2,6,0,1,0,1,0,0,0,0,5.33104E+20,5.68435E+21,9.47494E+15,5.13095E+16
11452,11453,6,5,33,9,2016,2,8,4,3,2,6,0,0,0,1,0,0,0,0,4.3282E+20,5.58244E+21,8.05494E+15,5.03902E+16
11453,11454,6,4,32,11,2016,2,15,3,3,2,6,0,1,0,1,0,0,0,1,4.89549E+20,5.52385E+21,8.85457E+15,4.98669E+16
11454,11455,6,5,31,5,2016,2,18,7,3,5,3,2,1,0,1,0,1,0,0,4.77741E+20,5.60251E+21,8.68565E+15,5.05741E+16
11455,11456,6,4,32,23,2016,2,19,1,2,3,6,2,1,0,1,0,0,0,0,4.71957E+20,5.53313E+21,8.60911E+15,4.99498E+16
11456,11457,6,5,34,14,2016,2,19,6,3,6,4,2,0,0,1,1,0,0,0,4.83575E+20,5.62625E+21,8.76698E+15,5.07878E+16