FID,OBJECTID,ULAND,UREGBEZ,UKREIS,UGEMEINDE,UJAHR,UMONAT,USTUNDE,UWOCHENTAG,UKATEGORIE,UART,UTYP1,ULICHTVERH,IstStrasse,IstRad,IstPKW,IstFuss,IstKrad,IstGkfz,IstSonstig,LINREFX,LINREFY,XGCSWGS84,YGCSWGS84
11639,11640,6,4,40,4,2016,3,13,2,3,3,6,0,0,1,0,0,0,1,0,5.0728E+20,5.57089E+21,9.1022E+15,5.02901E+16
11640,11641,6,4,14,0,2016,3,22,1,2,9,1,2,1,0,1,0,0,0,0,4.41378E+20,5.5515E+21,8.1801E+15,5.01129E+16
11641,11642,6,4,38,9,2016,3,7,6,3,0,7,0,0,0,1,0,0,0,0,4.80132E+20,5.54426E+21,8.72249E+15,5.00503E+16
11642,11643,6,6,34,9,2016,3,16,4,3,4,1,0,0,0,1,0,1,0,0,5.26009E+20,5.65496E+21,9.37103E+15,5.10455E+16
11643,11644,6,6,31,17,2016,3,8,5,3,2,6,0,0,0,1,0,0,0,1,5.51063E+20,5.5994E+21,9.72068E+15,5.05443E+16
11644,11645,6,6,33,23,2016,3,13,6,3,2,6,0,0,0,1,0,0,0,0,5.2206E+20,5.68365E+21,9.31645E+15,5.13038E+16
11645,11646,6,4,14,0,2016,3,15,3,3,6,4,0,0,0,1,1,0,0,0,4.43381E+20,5.54741E+21,8.20872E+15,5.00763E+16
11646,11647,6,4,12,0,2016,3,18,2,3,6,4,0,0,0,1,1,0,0,0,4.67299E+20,5.54955E+21,8.54278E+15,5.00974E+16
11647,11648,6,4,32,23,2016,3,12,1,3,8,1,0,0,0,1,0,0,0,0,4.71644E+20,5.52691E+21,8.6052E+15,4.98939E+16
11648,11649,6,4,39,8,2016,3,15,6,3,4,6,0,0,0,1,0,0,0,0,4.49081E+20,5.5604E+21,8.28664E+15,5.01936E+16
11649,11650,6,4,34,8,2016,3,17,6,3,2,6,0,1,0,1,0,0,0,0,4.70724E+20,5.56103E+21,8.58979E+15,5.02008E+16
11650,11651,6,5,35,11,2016,3,8,5,3,2,6,0,0,0,1,0,0,0,0,5.28033E+20,5.60891E+21,9.39637E+15,5.06314E+16
11651,11652,6,5,33,17,2016,3,16,4,3,5,2,0,0,0,1,0,0,0,0,4.45812E+20,5.59362E+21,8.23606E+15,5.04921E+16
11652,11653,6,6,33,1,2016,3,17,4,3,5,3,0,0,0,1,0,0,1,0,5.26884E+20,5.69136E+21,9.38624E+15,5.13728E+16
11653,11654,6,4,14,0,2016,3,17,3,3,3,5,0,0,0,1,0,0,0,1,4.44881E+20,5.54771E+21,8.22963E+15,5.00791E+16
11654,11655,6,4,37,13,2016,3,18,2,2,9,1,1,0,0,0,0,1,0,0,4.85914E+20,5.50343E+21,8.80473E+15,4.96832E+16
11655,11656,6,4,12,0,2016,3,16,1,3,2,7,0,0,1,1,0,0,0,0,4.81175E+20,5.54982E+21,8.73678E+15,5.01004E+16
11656,11657,6,4,14,0,2016,3,12,6,3,5,3,0,0,1,1,0,0,0,0,4.48418E+20,5.53981E+21,8.28013E+15,5.00083E+16
11657,11658,6,6,33,6,2016,3,22,6,2,7,7,2,0,0,1,0,0,0,0,5.17233E+20,5.67649E+21,9.24687E+15,5.12395E+16
11658,11659,6,5,32,14,2016,3,11,2,3,8,1,0,2,0,0,0,0,1,0,4.69063E+20,5.5972E+21,8.56354E+15,5.05259E+16
11659,11660,6,4,32,10,2016,3,1,1,3,3,6,2,0,0,1,0,0,0,0,4.93947E+20,5.52374E+21,8.91577E+15,4.9866E+16
11660,11661,6,5,31,5,2016,3,12,5,3,3,6,0,0,1,1,0,0,0,0,4.76168E+20,5.60444E+21,8.66332E+15,5.05914E+16
11661,11662,6,4,39,15,2016,3,20,4,3,2,6,2,0,0,1,0,0,0,0,4.38515E+20,5.55453E+21,8.13957E+15,5.01398E+16
11662,11663,6,5,33,9,2016,3,12,6,3,2,6,0,0,0,1,0,0,1,0,4.33151E+20,5.58202E+21,8.05967E+15,5.03864E+16
11663,11664,6,4,40,7,2016,3,0,5,3,2,6,2,0,0,1,0,0,0,1,4.94692E+20,5.57629E+21,8.92541E+15,5.03387E+16
11664,11665,6,4,39,3,2016,3,17,3,3,2,6,0,0,0,1,0,0,0,0,4.35848E+20,5.54157E+21,8.10443E+15,5.00229E+16
11665,11666,6,4,31,13,2016,3,15,2,2,9,1,0,0,0,1,0,0,0,0,4.69959E+20,5.49339E+21,8.58433E+15,4.95923E+16
11666,11667,6,4,35,19,2016,3,20,7,2,5,2,2,0,0,1,0,0,0,0,4.85901E+20,5.5539E+21,8.80271E+15,5.01372E+16
11667,11668,6,6,34,3,2016,3,18,6,2,8,1,2,0,0,1,0,0,0,0,5.33312E+20,5.66658E+21,9.47627E+15,5.11497E+16
11668,11669,6,6,35,11,2016,3,7,5,2,5,3,0,0,0,1,0,0,0,0,4.88661E+20,5.66115E+21,8.83805E+15,5.11017E+16
11669,11670,6,6,31,20,2016,3,10,3,3,2,6,0,0,0,1,0,0,0,0,5.51059E+20,5.60047E+21,9.72077E+15,5.05539E+16
11670,11671,6,6,33,5,2016,3,7,4,3,9,6,0,1,0,0,0,1,0,1,5.29349E+20,5.69462E+21,9.42191E+15,5.14021E+16
11671,11672,6,5,34,12,2016,3,14,3,2,5,3,0,0,0,1,0,0,0,1,4.81692E+20,5.63532E+21,8.73982E+15,5.08693E+16
11672,11673,6,4,14,0,2016,3,15,2,3,2,2,0,1,0,1,0,0,0,0,4.47905E+20,5.54744E+21,8.27193E+15,5.0077E+16
11673,11674,6,6,31,7,2016,3,12,7,3,5,3,0,0,0,1,0,0,0,0,5.57917E+20,5.62437E+21,9.8213E+15,5.07682E+16
11674,11675,6,4,11,0,2016,3,19,3,3,2,6,2,0,0,1,0,0,0,0,4.75709E+20,5.52495E+21,8.66193E+15,4.98764E+16
11675,11676,6,6,34,25,2016,3,9,2,3,2,6,0,0,0,1,0,0,0,0,5.2212E+20,5.66236E+21,9.31599E+15,5.11123E+16
11676,11677,6,6,36,16,2016,3,11,7,3,8,1,0,0,0,1,0,0,0,0,5.55692E+20,5.69278E+21,9.80029E+15,5.13835E+16
11677,11678,6,4,40,1,2016,3,9,6,3,5,3,0,0,0,1,0,0,0,0,4.95359E+20,5.57063E+21,8.93485E+15,5.02878E+16
11678,11679,6,5,34,14,2016,3,15,6,3,8,1,0,0,0,1,0,0,0,0,4.83112E+20,5.62896E+21,8.76029E+15,5.08122E+16
11679,11680,6,4,34,3,2016,3,19,6,3,2,6,2,1,0,1,0,0,0,0,4.57433E+20,5.56301E+21,8.40334E+15,5.02178E+16
11680,11681,6,4,14,0,2016,3,17,5,3,2,6,0,0,0,1,0,0,0,0,4.47929E+20,5.54729E+21,8.27229E+15,5.00756E+16
11681,11682,6,6,36,3,2016,3,16,5,2,4,1,0,0,0,1,0,0,0,0,5.69684E+20,5.67364E+21,9.99759E+15,5.12099E+16
11682,11683,6,4,12,0,2016,3,12,4,3,8,1,0,0,0,1,0,0,0,0,4.69241E+20,5.54885E+21,8.57E+15,5.00911E+16
11683,11684,6,6,33,5,2016,3,17,3,2,8,1,0,1,0,1,0,0,0,0,5.23444E+20,5.69267E+21,9.33689E+15,5.13848E+16
11684,11685,6,4,12,0,2016,3,9,4,3,5,3,0,0,1,1,0,0,0,0,4.67436E+20,5.55063E+21,8.54461E+15,5.0107E+16
11685,11686,6,4,40,4,2016,3,10,7,3,5,2,0,0,0,0,0,1,0,1,5.07742E+20,5.57025E+21,9.10868E+15,5.02843E+16
11686,11687,6,4,40,12,2016,3,11,6,3,5,3,0,0,1,1,0,0,0,0,4.83792E+20,5.56426E+21,8.77276E+15,5.02302E+16
11687,11688,6,6,31,16,2016,3,17,1,2,8,1,2,1,0,1,0,0,0,0,5.52085E+20,5.58034E+21,9.73245E+15,5.03728E+16
11688,11689,6,6,33,10,2016,3,12,2,3,2,6,0,1,0,1,0,0,0,0,5.28884E+20,5.69848E+21,9.41554E+15,5.14368E+16
11689,11690,6,5,34,14,2016,3,15,5,2,0,2,0,0,0,1,0,1,0,0,4.83523E+20,5.62836E+21,8.76615E+15,5.08067E+16
11690,11691,6,5,32,12,2016,3,14,1,2,8,7,0,0,0,1,0,0,0,0,4.51107E+20,5.61618E+21,8.30774E+15,5.06954E+16
11691,11692,6,6,36,6,2016,3,13,7,2,8,1,0,1,0,1,0,0,0,0,5.55218E+20,5.67129E+21,9.79016E+15,5.11903E+16
11692,11693,6,5,33,18,2016,3,9,6,3,2,6,0,0,0,1,0,0,0,0,4.56263E+20,5.58628E+21,8.38425E+15,5.04269E+16
11693,11694,6,4,31,7,2016,3,23,4,3,8,1,2,0,0,1,0,0,0,0,4.86818E+20,5.5017E+21,8.81732E+15,4.96677E+16
11694,11695,6,4,32,14,2016,3,15,3,3,2,6,0,1,0,1,0,0,0,0,4.77216E+20,5.51861E+21,8.68327E+15,4.98195E+16
11695,11696,6,4,14,0,2016,3,22,4,3,5,2,2,0,0,1,0,0,0,0,4.48245E+20,5.54835E+21,8.27656E+15,5.00851E+16
11696,11697,6,4,38,11,2016,3,16,2,3,2,6,0,0,0,1,0,0,0,0,4.90226E+20,5.54536E+21,8.86345E+15,5.00605E+16
11697,11698,6,4,32,2,2016,3,9,7,3,5,2,0,0,0,1,0,0,0,0,4.95153E+20,5.53262E+21,8.93245E+15,4.99459E+16
11698,11699,6,4,34,8,2016,3,10,4,3,6,4,0,0,0,1,1,0,0,0,4.70354E+20,5.5611E+21,8.5846E+15,5.02014E+16
11699,11700,6,5,33,1,2016,3,19,5,3,2,6,2,0,0,1,0,0,0,0,4.42428E+20,5.59436E+21,8.18824E+15,5.04984E+16
11700,11701,6,5,31,5,2016,3,6,3,3,8,1,1,2,0,1,0,0,0,0,4.83959E+20,5.59963E+21,8.77359E+15,5.05484E+16
11701,11702,6,4,39,3,2016,3,13,4,2,5,7,0,0,0,1,0,0,0,0,4.36756E+20,5.54186E+21,8.11706E+15,5.00257E+16
11702,11703,6,4,38,13,2016,3,19,3,3,2,6,2,1,0,1,0,0,0,0,4.95835E+20,5.54162E+21,8.94186E+15,5.00269E+16
11703,11704,6,4,12,0,2016,3,14,2,3,2,6,0,0,0,1,0,0,0,0,4.69668E+20,5.54869E+21,8.57598E+15,5.00897E+16
11704,11705,6,4,39,8,2016,3,5,2,3,8,1,1,1,0,1,0,0,0,0,4.46385E+20,5.56158E+21,8.2487E+15,5.0204E+16
11705,11706,6,4,12,0,2016,3,14,7,3,2,6,0,0,0,1,0,0,0,0,4.70715E+20,5.55372E+21,8.59023E+15,5.0135E+16
11706,11707,6,4,33,6,2016,3,11,6,3,2,1,0,0,0,1,0,0,0,0,4.62667E+20,5.52729E+21,8.48019E+15,4.98969E+16
11707,11708,6,5,33,9,2016,3,12,7,2,5,2,0,1,0,1,0,0,0,0,4.3339E+20,5.58085E+21,8.06323E+15,5.03759E+16
11708,11709,6,6,33,29,2016,3,18,5,2,8,7,1,0,0,0,0,0,1,0,5.15149E+20,5.69314E+21,9.21771E+15,5.13893E+16
11709,11710,6,4,38,9,2016,3,12,7,2,1,7,0,0,0,1,0,0,0,0,4.80301E+20,5.5449E+21,8.72481E+15,5.00561E+16
11710,11711,6,4,40,18,2016,3,11,7,3,4,1,0,1,0,1,0,0,0,0,4.79534E+20,5.58113E+21,8.71214E+15,5.03818E+16
11711,11712,6,4,38,10,2016,3,16,5,3,5,3,0,0,1,1,0,0,0,0,4.89873E+20,5.54699E+21,8.85847E+15,5.00751E+16
11712,11713,6,6,32,14,2016,3,16,4,2,2,6,0,0,0,0,0,0,1,0,5.38223E+20,5.64223E+21,9.54392E+15,5.09305E+16
11713,11714,6,4,12,0,2016,3,16,3,3,2,6,0,0,0,1,0,0,0,0,4.68123E+20,5.55241E+21,8.55406E+15,5.01231E+16
11714,11715,6,4,34,4,2016,3,15,1,3,1,5,0,0,0,1,0,0,0,0,4.61948E+20,5.58081E+21,8.46483E+15,5.03781E+16
11715,11716,6,4,38,1,2016,3,6,6,3,3,6,0,0,1,1,0,0,0,0,4.82847E+20,5.53788E+21,8.76069E+15,4.9993E+16
11716,11717,6,4,14,0,2016,3,15,1,3,9,1,0,1,0,1,0,0,0,0,4.49583E+20,5.54444E+21,8.29578E+15,5.00501E+16
11717,11718,6,5,32,3,2016,3,11,5,3,6,4,0,0,0,1,1,0,0,0,4.52685E+20,5.59821E+21,8.33237E+15,5.05339E+16
11718,11719,6,4,35,13,2016,3,14,7,3,3,6,0,0,0,1,0,1,0,0,5.00471E+20,5.56356E+21,9.0066E+15,5.02242E+16
11719,11720,6,4,38,8,2016,3,13,7,3,5,2,0,0,0,1,0,0,0,0,4.87496E+20,5.55228E+21,8.82509E+15,5.01226E+16
11720,11721,6,6,35,9,2016,3,15,5,2,8,1,0,0,0,1,0,0,0,0,5.04389E+20,5.66815E+21,9.06278E+15,5.11647E+16
11721,11722,6,6,31,16,2016,3,8,4,3,8,1,0,1,0,1,0,0,0,0,5.45616E+20,5.58482E+21,9.64202E+15,5.04137E+16
11722,11723,6,4,38,11,2016,3,12,3,3,2,1,0,1,0,0,0,0,1,0,4.90724E+20,5.54531E+21,8.8704E+15,5.006E+16
11723,11724,6,5,32,1,2016,3,7,2,3,2,6,0,0,0,1,0,0,0,0,4.57768E+20,5.60736E+21,8.40305E+15,5.06166E+16
11724,11725,6,5,33,9,2016,3,15,3,3,2,6,0,0,0,1,0,0,0,0,4.32841E+20,5.58244E+21,8.05523E+15,5.03901E+16
11725,11726,6,4,35,14,2016,3,18,7,3,5,3,0,0,1,1,0,0,0,0,4.97337E+20,5.55059E+21,8.96275E+15,5.01075E+16
11726,11727,6,4,40,25,2016,3,18,4,3,2,2,2,0,0,1,0,0,0,0,4.82713E+20,5.57113E+21,8.75732E+15,5.0292E+16
11727,11728,6,4,36,2,2016,3,15,3,3,2,6,0,0,0,1,0,0,0,0,4.56143E+20,5.55465E+21,8.38623E+15,5.01424E+16
11728,11729,6,4,31,6,2016,3,21,3,3,3,6,2,1,0,1,0,0,0,0,4.67851E+20,5.50308E+21,8.55437E+15,4.96794E+16
11729,11730,6,5,34,9,2016,3,7,4,3,2,6,0,0,0,1,0,0,0,0,4.76592E+20,5.61781E+21,8.66845E+15,5.07117E+16
11730,11731,6,4,12,0,2016,3,19,3,3,2,6,2,1,0,1,0,0,0,0,4.74749E+20,5.54501E+21,8.64725E+15,5.00568E+16
11731,11732,6,6,34,13,2016,3,7,2,3,5,3,0,1,0,1,0,0,0,0,5.34818E+20,5.66017E+21,9.49719E+15,5.1092E+16
11732,11733,6,4,33,12,2016,3,17,2,3,2,6,0,0,0,1,0,0,0,0,4.58165E+20,5.53413E+21,8.41677E+15,4.99581E+16
11733,11734,6,4,14,0,2016,3,19,6,3,2,6,2,1,0,1,0,0,0,0,4.45839E+20,5.54686E+21,8.24314E+15,5.00715E+16
11734,11735,6,6,11,0,2016,3,15,6,3,5,3,0,0,0,1,0,0,0,0,5.37259E+20,5.68307E+21,9.53441E+15,5.12977E+16
11735,11736,6,4,38,11,2016,3,17,2,3,2,6,0,0,0,1,0,0,0,0,4.92151E+20,5.54041E+21,8.89045E+15,5.0016E+16
11736,11737,6,4,36,7,2016,3,9,2,3,2,6,0,1,0,1,0,0,0,0,4.55956E+20,5.54541E+21,8.38468E+15,5.00593E+16
11737,11738,6,5,31,5,2016,3,8,6,3,2,6,0,0,0,1,0,0,0,0,4.75779E+20,5.60127E+21,8.65803E+15,5.05628E+16
11738,11739,6,4,12,0,2016,3,0,7,3,5,3,2,1,0,1,0,0,0,0,4.76437E+20,5.55409E+21,8.67027E+15,5.01386E+16
11739,11740,6,4,12,0,2016,3,9,5,3,2,6,0,0,0,1,0,1,0,0,4.78301E+20,5.55374E+21,8.69637E+15,5.01355E+16
11740,11741,6,4,40,5,2016,3,7,5,3,2,6,0,0,0,1,0,0,0,0,4.78615E+20,5.58394E+21,8.69906E+15,5.04071E+16
11741,11742,6,4,12,0,2016,3,19,7,3,2,6,2,0,0,1,0,0,0,0,4.68898E+20,5.54445E+21,8.56556E+15,5.00515E+16
11742,11743,6,6,31,22,2016,3,7,5,2,4,7,0,0,0,1,0,0,0,0,5.60884E+20,5.61825E+21,9.86236E+15,5.07128E+16
11743,11744,6,6,34,11,2016,3,15,6,2,3,6,0,0,0,1,0,0,1,0,5.33554E+20,5.65014E+21,9.4782E+15,5.10019E+16
11744,11745,6,6,35,15,2016,3,12,3,3,1,6,0,1,0,1,0,0,0,0,4.90631E+20,5.68072E+21,8.86567E+15,5.12777E+16
11745,11746,6,6,33,15,2016,3,20,2,3,5,2,2,0,0,1,0,0,0,0,5.44318E+20,5.6816E+21,9.63548E+15,5.1284E+16
11746,11747,6,4,13,0,2016,3,0,1,3,2,6,2,0,0,1,0,0,1,0,4.83071E+20,5.54604E+21,8.76345E+15,5.00664E+16
11747,11748,6,4,12,0,2016,3,19,6,2,6,4,1,0,0,0,1,0,0,1,4.765E+20,5.56077E+21,8.67074E+15,5.01986E+16
11748,11749,6,4,35,12,2016,3,21,6,2,2,6,2,1,1,1,0,0,0,0,5.06648E+20,5.55984E+21,9.09313E+15,5.01907E+16
11749,11750,6,6,32,2,2016,3,8,4,3,2,2,0,0,0,1,0,0,0,0,5.47443E+20,5.63134E+21,9.67369E+15,5.08319E+16
11750,11751,6,4,37,9,2016,3,19,6,3,8,1,2,1,0,1,0,0,0,0,4.99562E+20,5.51396E+21,8.99392E+15,4.97781E+16
11751,11752,6,4,12,0,2016,3,2,3,3,5,3,2,1,0,1,0,0,0,1,4.67047E+20,5.55117E+21,8.53912E+15,5.01119E+16
11752,11753,6,5,31,6,2016,3,3,5,3,3,6,2,0,1,0,0,0,1,0,4.99432E+20,5.60587E+21,8.99198E+15,5.06047E+16
11753,11754,6,4,12,0,2016,3,14,4,3,2,6,0,0,0,1,0,0,0,0,4.71786E+20,5.55652E+21,8.605E+15,5.01602E+16
11754,11755,6,6,32,2,2016,3,9,2,2,6,4,0,0,0,1,1,0,0,0,5.50137E+20,5.63562E+21,9.71253E+15,5.08701E+16
11755,11756,6,4,31,13,2016,3,21,4,3,8,7,2,0,0,1,0,0,0,0,4.68123E+20,5.49465E+21,8.55882E+15,4.96036E+16
11756,11757,6,6,11,0,2016,3,13,2,3,5,3,0,0,0,1,0,0,0,1,5.36851E+20,5.68389E+21,9.52865E+15,5.13051E+16
11757,11758,6,4,35,14,2016,3,10,2,2,1,1,0,0,0,1,0,0,1,0,4.94044E+20,5.55263E+21,8.91667E+15,5.01259E+16
11758,11759,6,4,14,0,2016,3,17,6,3,5,2,0,1,1,1,0,0,0,0,4.44916E+20,5.54749E+21,8.23015E+15,5.00771E+16
11759,11760,6,4,13,0,2016,3,19,6,3,5,3,1,0,0,1,0,0,0,0,4.83573E+20,5.54834E+21,8.77037E+15,5.00871E+16
11760,11761,6,4,32,18,2016,3,17,2,3,2,6,0,0,0,1,0,0,0,1,4.72679E+20,5.51807E+21,8.62024E+15,4.98145E+16
11761,11762,6,4,12,0,2016,3,6,1,3,9,1,1,0,0,1,0,0,0,0,4.73407E+20,5.55357E+21,8.6279E+15,5.01338E+16
11762,11763,6,5,35,5,2016,3,13,6,3,2,6,0,0,0,1,0,0,0,1,5.02195E+20,5.61425E+21,9.03107E+15,5.06801E+16
11763,11764,6,5,35,11,2016,3,19,4,2,2,6,2,1,0,1,0,0,1,0,5.26151E+20,5.61197E+21,9.36997E+15,5.0659E+16
11764,11765,6,4,38,13,2016,3,11,5,2,3,6,0,0,0,1,0,0,1,0,4.9637E+20,5.54106E+21,8.94932E+15,5.00218E+16
11765,11766,6,4,12,0,2016,3,22,7,3,2,6,2,0,0,1,0,0,0,0,4.81311E+20,5.55028E+21,8.73865E+15,5.01045E+16
11766,11767,6,4,12,0,2016,3,18,6,3,3,6,2,0,0,1,0,0,0,1,4.70899E+20,5.55411E+21,8.59277E+15,5.01385E+16
11767,11768,6,4,36,3,2016,3,9,3,3,2,6,0,0,0,1,0,0,0,0,4.70171E+20,5.55425E+21,8.58257E+15,5.01397E+16
11768,11769,6,6,33,6,2016,3,14,2,3,5,2,0,0,0,1,0,1,0,0,5.18208E+20,5.67336E+21,9.26067E+15,5.12114E+16
11769,11770,6,5,35,8,2016,3,17,7,3,8,1,1,1,0,1,0,0,0,0,5.26547E+20,5.59853E+21,9.37462E+15,5.05381E+16
11770,11771,6,4,36,7,2016,3,17,6,3,2,2,0,0,0,1,0,0,0,0,4.59048E+20,5.54993E+21,8.42739E+15,5.01002E+16
11771,11772,6,4,32,10,2016,3,12,6,3,2,6,0,0,0,1,0,0,0,0,4.94603E+20,5.5237E+21,8.9249E+15,4.98657E+16
11772,11773,6,5,35,1,2016,3,12,6,3,2,6,0,0,0,1,0,0,0,0,5.20754E+20,5.62221E+21,9.2942E+15,5.07513E+16
11773,11774,6,6,11,0,2016,3,9,5,3,5,3,0,0,0,1,0,0,0,0,5.33183E+20,5.68464E+21,9.4761E+15,5.13121E+16
11774,11775,6,4,31,20,2016,3,9,6,3,3,6,0,0,0,1,0,0,0,0,4.68093E+20,5.48787E+21,8.55896E+15,4.95426E+16
11775,11776,6,6,11,0,2016,3,10,4,2,5,3,0,1,1,1,0,0,0,0,5.33691E+20,5.68599E+21,9.48351E+15,5.13242E+16
11776,11777,6,4,12,0,2016,3,11,3,3,0,3,0,0,0,1,0,0,0,1,4.68144E+20,5.5513E+21,8.55445E+15,5.01131E+16
11777,11778,6,4,14,0,2016,3,9,4,3,5,3,0,0,1,1,0,0,0,0,4.48517E+20,5.54016E+21,8.28146E+15,5.00115E+16
11778,11779,6,5,33,1,2016,3,8,6,3,2,6,0,0,0,1,0,0,0,0,4.40673E+20,5.59304E+21,8.16372E+15,5.04863E+16
11779,11780,6,4,11,0,2016,3,9,2,3,2,6,0,0,0,1,0,0,0,0,4.75912E+20,5.52382E+21,8.66482E+15,4.98663E+16
11780,11781,6,4,40,23,2016,3,9,5,3,5,3,0,0,0,1,0,0,0,0,4.78121E+20,5.57211E+21,8.6928E+15,5.03007E+16
11781,11782,6,4,35,14,2016,3,15,1,3,2,1,0,0,0,1,0,0,0,0,4.94047E+20,5.55262E+21,8.91671E+15,5.01258E+16
11782,11783,6,4,38,2,2016,3,17,6,3,2,6,0,0,0,1,0,0,0,0,4.80212E+20,5.54428E+21,8.7236E+15,5.00504E+16
11783,11784,6,5,31,4,2016,3,15,2,2,4,1,0,2,0,1,0,0,0,0,4.82156E+20,5.60114E+21,8.74807E+15,5.05619E+16
11784,11785,6,6,35,15,2016,3,11,5,3,9,1,0,0,0,1,0,0,0,0,4.95604E+20,5.68126E+21,8.93697E+15,5.12826E+16
11785,11786,6,4,34,12,2016,3,17,4,3,4,6,0,0,0,1,0,0,0,0,4.71414E+20,5.57501E+21,8.5984E+15,5.03265E+16
11786,11787,6,5,33,17,2016,3,12,3,3,4,1,0,1,0,1,0,0,0,0,4.49173E+20,5.59243E+21,8.28361E+15,5.04816E+16
11787,11788,6,6,33,20,2016,3,7,3,3,8,1,1,1,0,1,0,0,0,0,5.42285E+20,5.68605E+21,9.60686E+15,5.13241E+16
11788,11789,6,4,12,0,2016,3,16,2,3,4,7,0,0,0,1,0,0,0,0,4.70765E+20,5.55239E+21,8.59102E+15,5.0123E+16
11789,11790,6,6,35,22,2016,3,6,1,3,8,1,0,1,0,1,0,0,0,0,4.73562E+20,5.68418E+21,8.6207E+15,5.13083E+16
11790,11791,6,4,13,0,2016,3,6,6,3,2,6,0,0,0,1,0,0,1,0,4.8485E+20,5.55052E+21,8.78814E+15,5.01067E+16
11791,11792,6,6,11,0,2016,3,10,6,3,0,5,0,0,0,0,0,0,1,1,5.32765E+20,5.68185E+21,9.46984E+15,5.1287E+16
11792,11793,6,5,34,18,2016,3,19,2,2,5,3,2,1,0,1,0,0,0,0,5.00741E+20,5.62873E+21,9.01052E+15,5.08103E+16
11793,11794,6,4,34,8,2016,3,0,1,3,5,3,2,1,0,1,0,0,0,0,4.70355E+20,5.5611E+21,8.58461E+15,5.02014E+16
11794,11795,6,4,33,12,2016,3,15,6,3,2,6,0,0,0,1,0,0,0,1,4.6189E+20,5.53769E+21,8.46834E+15,4.99903E+16
11795,11796,6,4,33,7,2016,3,16,5,3,3,6,0,0,0,1,0,0,1,0,4.67356E+20,5.54393E+21,8.54406E+15,5.00468E+16
11796,11797,6,6,33,26,2016,3,15,6,3,5,3,0,0,0,1,0,0,0,0,5.32173E+20,5.68975E+21,9.46207E+15,5.13581E+16
11797,11798,6,6,11,0,2016,3,20,3,3,0,3,2,0,1,0,0,0,0,1,5.35194E+20,5.6851E+21,9.505E+15,5.13161E+16
11798,11799,6,4,40,3,2016,3,8,2,3,9,1,0,0,0,1,0,0,0,0,4.81035E+20,5.56432E+21,8.73409E+15,5.02307E+16
11799,11800,6,6,32,18,2016,3,21,7,3,2,6,2,0,0,1,0,0,0,0,5.51806E+20,5.64962E+21,9.73824E+15,5.09958E+16
11800,11801,6,6,31,19,2016,3,17,6,2,5,3,0,0,0,1,0,0,0,0,5.57219E+20,5.61015E+21,9.80921E+15,5.06404E+16
11801,11802,6,4,12,0,2016,3,13,5,3,3,1,0,0,0,1,0,1,0,0,4.75141E+20,5.56024E+21,8.65174E+15,5.01939E+16
11802,11803,6,4,11,0,2016,3,19,4,3,2,6,2,0,0,1,0,1,0,0,4.7538E+20,5.52387E+21,8.65741E+15,4.98667E+16
11803,11804,6,5,33,19,2016,3,12,3,3,5,3,0,0,0,1,0,0,0,1,4.48763E+20,5.58793E+21,8.27844E+15,5.04411E+16
11804,11805,6,5,35,11,2016,3,10,2,3,2,6,0,0,0,1,0,0,0,0,5.28692E+20,5.6101E+21,9.40578E+15,5.06421E+16
11805,11806,6,5,32,7,2016,3,7,7,3,8,1,0,1,0,1,0,0,0,0,4.3971E+20,5.60847E+21,8.14764E+15,5.0625E+16
11806,11807,6,5,32,7,2016,3,6,6,3,7,7,1,0,0,0,0,1,0,0,4.43302E+20,5.61166E+21,8.19793E+15,5.0654E+16
11807,11808,6,4,12,0,2016,3,14,1,3,3,1,0,2,0,1,0,0,1,0,4.71489E+20,5.55109E+21,8.60125E+15,5.01114E+16
11808,11809,6,4,35,14,2016,3,16,5,2,3,6,0,0,1,0,0,0,0,0,4.94608E+20,5.55425E+21,8.92455E+15,5.01404E+16
11809,11810,6,5,34,14,2016,3,14,1,3,2,6,0,0,0,1,0,0,0,0,4.83613E+20,5.62624E+21,8.76753E+15,5.07877E+16
11810,11811,6,6,35,1,2016,3,8,7,2,4,6,0,2,0,1,0,0,0,0,4.74342E+20,5.65836E+21,8.63374E+15,5.10762E+16
11811,11812,6,4,40,4,2016,3,7,4,3,8,1,0,0,0,1,0,0,0,0,5.03602E+20,5.57287E+21,9.05059E+15,5.0308E+16
11812,11813,6,4,33,3,2016,3,13,3,3,2,6,0,1,0,1,0,0,0,0,4.65542E+20,5.52748E+21,8.52019E+15,4.98987E+16
11813,11814,6,4,38,9,2016,3,17,2,3,2,6,0,0,0,1,0,0,0,0,4.73869E+20,5.54478E+21,8.63497E+15,5.00547E+16
11814,11815,6,4,13,0,2016,3,18,4,3,6,2,1,0,0,1,1,0,0,0,4.82353E+20,5.54871E+21,8.7533E+15,5.00904E+16
11815,11816,6,4,31,13,2016,3,11,7,3,2,3,0,0,0,1,0,0,0,1,4.61106E+20,5.49458E+21,8.46171E+15,4.96025E+16
11816,11817,6,4,31,16,2016,3,9,4,3,5,3,0,0,0,1,0,0,0,0,4.70018E+20,5.50015E+21,8.58462E+15,4.96532E+16
11817,11818,6,4,32,1,2016,3,11,5,3,5,3,0,0,0,1,0,0,0,1,4.70823E+20,5.50961E+21,8.59507E+15,4.97383E+16
11818,11819,6,4,34,4,2016,3,11,3,3,3,6,0,0,0,1,0,0,1,0,4.61551E+20,5.58251E+21,8.45907E+15,5.03934E+16
11819,11820,6,4,36,7,2016,3,9,3,3,2,6,0,0,0,1,0,0,0,0,4.55275E+20,5.54502E+21,8.37521E+15,5.00558E+16
11820,11821,6,4,34,11,2016,3,5,4,3,3,2,2,1,1,1,0,0,0,0,4.66595E+20,5.57525E+21,8.53069E+15,5.03284E+16