FID,OBJECTID,ULAND,UREGBEZ,UKREIS,UGEMEINDE,UJAHR,UMONAT,USTUNDE,UWOCHENTAG,UKATEGORIE,UART,UTYP1,ULICHTVERH,IstStrasse,IstRad,IstPKW,IstFuss,IstKrad,IstGkfz,IstSonstig,LINREFX,LINREFY,XGCSWGS84,YGCSWGS84
11821,11822,6,4,35,6,2016,3,5,4,3,4,3,2,0,0,1,0,0,0,0,4.93157E+20,5.56127E+21,8.90412E+15,5.02036E+16
11822,11823,6,4,34,1,2016,3,20,3,3,5,3,2,0,0,1,0,0,0,0,4.7077E+20,5.5652E+21,8.59011E+15,5.02383E+16
11823,11824,6,5,35,13,2016,3,21,2,3,8,1,2,0,0,1,0,0,0,0,5.01873E+20,5.60703E+21,9.02648E+15,5.06152E+16
11824,11825,6,4,31,4,2016,3,9,7,3,5,2,0,0,0,1,0,0,0,0,4.78596E+20,5.4914E+21,8.70395E+15,4.95748E+16
11825,11826,6,4,12,0,2016,3,19,6,3,2,6,1,0,0,1,0,0,0,0,4.70817E+20,5.55395E+21,8.59164E+15,5.01371E+16
11826,11827,6,4,12,0,2016,3,18,4,3,2,6,2,0,0,1,0,0,0,0,4.75773E+20,5.5557E+21,8.66088E+15,5.0153E+16
11827,11828,6,4,39,4,2016,3,8,5,3,4,6,0,1,0,1,0,0,1,0,4.26997E+20,5.53944E+21,7.98129E+15,5.00028E+16
11828,11829,6,4,35,14,2016,3,14,3,3,2,6,0,0,0,1,0,0,0,0,4.93257E+20,5.55317E+21,8.90565E+15,5.01308E+16
11829,11830,6,6,34,18,2016,3,20,4,3,9,7,2,0,0,1,0,0,0,0,5.24566E+20,5.67358E+21,9.3517E+15,5.12131E+16
11830,11831,6,4,35,14,2016,3,22,3,3,5,3,2,1,0,1,0,0,0,0,4.92304E+20,5.55459E+21,8.8923E+15,5.01435E+16
11831,11832,6,4,14,0,2016,3,7,2,3,2,6,0,1,0,1,0,0,0,0,4.49169E+20,5.54467E+21,8.28996E+15,5.00522E+16
11832,11833,6,6,34,25,2016,3,15,2,2,8,1,0,0,0,0,0,0,0,1,5.26547E+20,5.65725E+21,9.37887E+15,5.10662E+16
11833,11834,6,5,31,11,2016,3,9,7,3,5,3,0,0,0,1,0,0,0,1,4.87131E+20,5.59756E+21,8.81843E+15,5.05299E+16
11834,11835,6,4,32,18,2016,3,9,6,3,8,1,0,1,0,0,0,1,0,0,4.69895E+20,5.51695E+21,8.58163E+15,4.98042E+16
11835,11836,6,5,31,12,2016,3,10,1,3,2,7,0,0,0,1,0,0,0,1,4.76046E+20,5.5963E+21,8.66211E+15,5.05182E+16
11836,11837,6,4,35,14,2016,3,14,5,2,5,3,0,0,0,1,0,0,0,1,4.97253E+20,5.55178E+21,8.96157E+15,5.01183E+16
11837,11838,6,4,13,0,2016,3,5,7,3,9,7,2,0,0,1,0,0,0,0,4.85926E+20,5.55114E+21,8.80316E+15,5.01123E+16
11838,11839,6,4,35,16,2016,3,16,7,3,8,1,0,1,0,1,0,0,0,0,5.3024E+20,5.56212E+21,9.42381E+15,5.02104E+16
11839,11840,6,6,32,3,2016,3,5,5,3,5,3,1,1,0,1,0,0,0,0,5.5823E+20,5.64484E+21,9.829E+15,5.09523E+16
11840,11841,6,6,31,8,2016,3,12,4,2,5,3,0,0,0,1,0,0,0,0,5.40506E+20,5.58574E+21,9.57021E+15,5.04223E+16
11841,11842,6,4,13,0,2016,3,9,3,3,2,6,0,0,0,0,0,0,1,0,4.84868E+20,5.54615E+21,8.78856E+15,5.00675E+16
11842,11843,6,6,32,7,2016,3,4,1,3,9,1,2,0,0,1,0,0,0,0,5.50931E+20,5.63308E+21,9.72346E+15,5.08471E+16
11843,11844,6,5,34,11,2016,3,7,6,2,9,1,0,1,0,1,0,0,0,0,4.9598E+20,5.63206E+21,8.94291E+15,5.08402E+16
11844,11845,6,4,36,1,2016,3,7,3,3,0,1,0,2,1,0,0,0,0,0,4.64258E+20,5.55616E+21,8.49965E+15,5.01566E+16
11845,11846,6,4,31,2,2016,3,15,5,3,5,3,0,0,0,1,0,0,0,0,4.72527E+20,5.50284E+21,8.61921E+15,4.96775E+16
11846,11847,6,4,35,14,2016,3,8,4,3,1,1,0,0,0,1,0,0,1,0,4.9333E+20,5.55413E+21,8.90666E+15,5.01394E+16
11847,11848,6,4,40,21,2016,3,7,3,3,4,6,0,0,0,1,0,0,0,0,4.88842E+20,5.57911E+21,8.84312E+15,5.03639E+16
11848,11849,6,4,35,13,2016,3,19,2,3,4,6,2,0,0,1,0,0,0,0,4.99404E+20,5.5657E+21,8.99164E+15,5.02434E+16
11849,11850,6,6,33,3,2016,3,15,4,3,2,6,0,0,0,0,0,0,1,0,5.28017E+20,5.68086E+21,9.40169E+15,5.12784E+16
11850,11851,6,5,31,5,2016,3,14,2,3,0,6,0,0,0,1,0,1,0,0,4.76513E+20,5.60365E+21,8.66824E+15,5.05843E+16
11851,11852,6,6,35,11,2016,3,10,2,2,9,1,0,1,0,0,0,0,0,1,4.8886E+20,5.65806E+21,8.84099E+15,5.10739E+16
11852,11853,6,4,13,0,2016,3,10,3,3,5,2,0,0,1,1,0,0,0,0,4.82803E+20,5.55007E+21,8.75952E+15,5.01026E+16
11853,11854,6,5,34,18,2016,3,13,2,3,2,6,0,1,0,1,0,0,0,0,5.01012E+20,5.63014E+21,9.01436E+15,5.0823E+16
11854,11855,6,4,13,0,2016,3,21,6,3,4,1,2,1,0,1,0,0,0,0,4.84538E+20,5.55038E+21,8.78377E+15,5.01054E+16
11855,11856,6,6,11,0,2016,3,8,6,3,2,6,0,0,0,1,0,0,0,0,5.32053E+20,5.68428E+21,9.45986E+15,5.1309E+16
11856,11857,6,4,35,9,2016,3,15,2,3,2,6,0,0,0,1,0,0,1,0,5.09701E+20,5.5557E+21,9.1358E+15,5.01534E+16
11857,11858,6,6,35,15,2016,3,18,1,2,0,1,2,2,0,1,0,0,0,0,4.86609E+20,5.67783E+21,8.80812E+15,5.12517E+16
11858,11859,6,4,38,12,2016,3,8,6,3,2,6,0,0,0,1,0,0,0,0,4.88562E+20,5.53382E+21,8.84054E+15,4.99566E+16
11859,11860,6,4,12,0,2016,3,20,7,3,6,2,2,0,0,1,1,0,0,0,4.74647E+20,5.55021E+21,8.64547E+15,5.01036E+16
11860,11861,6,6,35,2,2016,3,23,4,3,2,6,2,0,0,1,0,0,0,1,5.0124E+20,5.69519E+21,9.01783E+15,5.14079E+16
11861,11862,6,4,38,13,2016,3,19,3,2,2,6,2,0,0,1,0,0,0,0,4.9582E+20,5.54161E+21,8.94165E+15,5.00268E+16
11862,11863,6,6,34,22,2016,3,10,2,3,8,1,0,1,0,1,0,0,0,0,5.10059E+20,5.6399E+21,9.14308E+15,5.09107E+16
11863,11864,6,4,31,11,2016,3,12,2,3,5,3,0,0,0,1,0,0,0,0,4.73979E+20,5.49873E+21,8.6396E+15,4.96406E+16
11864,11865,6,4,32,18,2016,3,20,7,2,2,6,2,0,0,1,0,0,0,1,4.72638E+20,5.51576E+21,8.61983E+15,4.97937E+16
11865,11866,6,4,12,0,2016,3,14,2,3,3,6,0,0,0,1,0,0,0,1,4.71332E+20,5.5446E+21,8.59954E+15,5.0053E+16
11866,11867,6,5,31,6,2016,3,11,6,2,1,5,0,0,0,1,0,0,0,1,4.9703E+20,5.60415E+21,8.95804E+15,5.05892E+16
11867,11868,6,6,11,0,2016,3,12,7,2,0,1,0,1,0,0,0,1,0,0,5.26116E+20,5.68865E+21,9.375E+15,5.13486E+16
11868,11869,6,5,33,3,2016,3,14,5,2,3,6,0,0,0,1,0,0,1,1,4.4645E+20,5.56889E+21,8.24858E+15,5.02697E+16
11869,11870,6,5,31,4,2016,3,10,7,2,5,2,0,1,0,1,0,0,0,0,4.84653E+20,5.59918E+21,8.78341E+15,5.05443E+16
11870,11871,6,5,32,7,2016,3,15,5,2,2,2,0,0,0,1,0,1,0,0,4.41447E+20,5.60803E+21,8.17226E+15,5.06212E+16
11871,11872,6,4,14,0,2016,3,16,4,3,2,6,0,0,0,1,0,0,0,0,4.46794E+20,5.54355E+21,8.25694E+15,5.00418E+16
11872,11873,6,5,31,18,2016,3,14,3,3,8,1,0,1,0,1,0,0,0,0,4.75586E+20,5.60629E+21,8.65496E+15,5.0608E+16
11873,11874,6,4,36,6,2016,3,16,1,3,5,2,0,0,0,1,0,0,0,0,4.54745E+20,5.53974E+21,8.36843E+15,5.00083E+16
11874,11875,6,6,31,8,2016,3,10,6,2,5,3,0,0,0,1,0,0,0,0,5.37857E+20,5.58585E+21,9.53293E+15,5.04235E+16
11875,11876,6,4,11,0,2016,3,5,3,3,9,1,2,2,0,1,0,0,0,0,4.79651E+20,5.52385E+21,8.71685E+15,4.98667E+16
11876,11877,6,4,32,18,2016,3,12,5,3,2,6,0,0,0,1,0,0,0,0,4.69472E+20,5.51747E+21,8.57571E+15,4.98089E+16
11877,11878,6,4,14,0,2016,3,16,4,3,2,6,0,0,0,1,0,0,0,0,4.42432E+20,5.54466E+21,8.19586E+15,5.00514E+16
11878,11879,6,5,31,5,2016,3,7,3,3,2,6,0,0,0,1,0,0,0,0,4.76339E+20,5.6041E+21,8.66575E+15,5.05883E+16
11879,11880,6,6,11,0,2016,3,14,2,3,2,6,0,0,0,1,0,0,0,0,5.34812E+20,5.68534E+21,9.49954E+15,5.13183E+16
11880,11881,6,5,31,5,2016,3,16,2,3,2,6,0,0,0,1,0,0,0,0,4.76235E+20,5.60288E+21,8.66436E+15,5.05774E+16
11881,11882,6,4,12,0,2016,3,12,6,3,0,3,0,0,0,1,0,0,0,1,4.67814E+20,5.54989E+21,8.54995E+15,5.01004E+16
11882,11883,6,4,12,0,2016,3,17,6,3,2,2,0,0,0,1,0,0,0,0,4.73181E+20,5.54995E+21,8.62499E+15,5.01012E+16
11883,11884,6,4,40,8,2016,3,12,2,3,9,1,0,1,0,1,0,0,0,0,4.85549E+20,5.5764E+21,8.79693E+15,5.03395E+16
11884,11885,6,4,39,14,2016,3,19,1,3,5,3,2,1,0,1,0,0,0,0,4.31887E+20,5.54849E+21,8.04791E+15,5.00847E+16
11885,11886,6,4,13,0,2016,3,22,6,3,2,6,2,0,0,1,0,0,1,0,4.8218E+20,5.54589E+21,8.75101E+15,5.0065E+16
11886,11887,6,4,35,12,2016,3,8,5,3,2,6,0,0,0,1,0,0,0,0,5.07408E+20,5.56007E+21,9.10378E+15,5.01928E+16
11887,11888,6,4,12,0,2016,3,16,7,2,2,6,0,0,0,1,0,0,0,0,4.76609E+20,5.54548E+21,8.67319E+15,5.00611E+16
11888,11889,6,4,12,0,2016,3,19,6,3,2,6,2,1,0,1,0,0,0,0,4.79978E+20,5.54584E+21,8.72025E+15,5.00645E+16
11889,11890,6,4,12,0,2016,3,2,3,3,6,4,2,0,0,1,1,0,0,0,4.74213E+20,5.5501E+21,8.63941E+15,5.01026E+16
11890,11891,6,6,32,1,2016,3,8,2,3,9,7,0,0,0,1,0,0,0,0,5.46598E+20,5.65331E+21,9.66451E+15,5.10295E+16
11891,11892,6,4,12,0,2016,3,12,7,3,5,3,0,0,0,1,0,1,0,0,4.7154E+20,5.54885E+21,8.60213E+15,5.00912E+16
11892,11893,6,4,35,12,2016,3,6,6,3,8,1,1,2,0,1,0,0,0,0,5.154E+20,5.56814E+21,9.21607E+15,5.02652E+16
11893,11894,6,4,33,5,2016,3,6,6,3,5,3,1,1,0,1,0,0,0,0,4.52868E+20,5.53833E+21,8.34241E+15,4.99955E+16
11894,11895,6,6,31,9,2016,3,8,6,2,8,1,0,0,0,1,0,0,0,0,5.43495E+20,5.60194E+21,9.61417E+15,5.05678E+16
11895,11896,6,4,14,0,2016,3,11,5,2,0,7,0,0,0,0,0,0,0,1,4.42748E+20,5.54403E+21,8.20037E+15,5.00459E+16
11896,11897,6,4,40,18,2016,3,8,6,3,2,1,0,1,0,1,0,0,0,0,4.79003E+20,5.58135E+21,8.70467E+15,5.03839E+16
11897,11898,6,4,12,0,2016,3,9,4,3,3,6,0,0,0,1,0,0,0,0,4.77416E+20,5.55339E+21,8.68401E+15,5.01323E+16
11898,11899,6,4,12,0,2016,3,16,3,2,5,3,0,0,0,1,0,1,0,0,4.73849E+20,5.55005E+21,8.63432E+15,5.01021E+16
11899,11900,6,6,31,13,2016,3,17,5,2,5,2,0,0,0,1,0,1,0,0,5.65481E+20,5.60714E+21,9.9255E+15,5.06125E+16
11900,11901,6,4,12,0,2016,3,17,6,3,5,3,1,1,0,1,0,0,1,0,4.72696E+20,5.54829E+21,8.61833E+15,5.00863E+16
11901,11902,6,6,11,0,2016,3,11,3,3,5,3,0,0,1,0,0,0,0,1,5.3534E+20,5.68549E+21,9.50713E+15,5.13197E+16
11902,11903,6,4,13,0,2016,3,17,2,3,0,7,0,0,0,0,0,0,0,1,4.84645E+20,5.54975E+21,8.7853E+15,5.00998E+16
11903,11904,6,5,33,3,2016,3,16,1,3,2,6,0,0,0,1,0,0,0,0,4.45866E+20,5.57142E+21,8.24002E+15,5.02924E+16
11904,11905,6,4,11,0,2016,3,16,6,3,2,6,0,0,0,1,0,1,0,0,4.7646E+20,5.52649E+21,8.67228E+15,4.98903E+16
11905,11906,6,5,32,23,2016,3,17,6,3,2,6,0,1,0,1,0,0,0,0,4.64632E+20,5.60141E+21,8.50063E+15,5.05636E+16
11906,11907,6,6,11,0,2016,3,11,4,3,1,5,0,0,1,0,0,0,0,1,5.36695E+20,5.684E+21,9.52642E+15,5.13061E+16
11907,11908,6,4,14,0,2016,3,8,3,3,2,6,0,0,0,1,0,0,0,0,4.5283E+20,5.54521E+21,8.34103E+15,5.00573E+16
11908,11909,6,4,12,0,2016,3,8,2,2,5,2,0,0,0,1,0,0,0,1,4.7743E+20,5.55331E+21,8.68421E+15,5.01316E+16
11909,11910,6,4,12,0,2016,3,11,1,3,5,3,0,0,1,1,0,0,0,0,4.75088E+20,5.55647E+21,8.65124E+15,5.01599E+16
11910,11911,6,4,12,0,2016,3,14,6,3,2,6,0,1,0,1,0,0,0,0,4.74316E+20,5.55488E+21,8.64053E+15,5.01456E+16
11911,11912,6,6,34,8,2016,3,22,6,2,2,6,2,1,1,1,0,0,0,0,5.3393E+20,5.67194E+21,9.48561E+15,5.11979E+16
11912,11913,6,6,31,9,2016,3,5,2,2,5,3,2,1,0,1,0,0,0,0,5.47795E+20,5.59962E+21,9.67458E+15,5.05466E+16
11913,11914,6,4,40,6,2016,3,17,1,3,8,1,1,1,0,1,0,0,0,0,4.95221E+20,5.58504E+21,8.93273E+15,5.04174E+16
11914,11915,6,4,34,2,2016,3,13,6,3,2,6,0,0,0,0,0,0,1,0,4.75973E+20,5.56684E+21,8.66296E+15,5.02532E+16
11915,11916,6,6,33,29,2016,3,9,4,3,5,2,0,0,0,1,0,0,0,0,5.15954E+20,5.69033E+21,9.22917E+15,5.1364E+16
11916,11917,6,5,31,9,2016,3,11,5,3,2,6,0,0,0,1,0,0,0,1,4.77469E+20,5.59453E+21,8.68229E+15,5.05023E+16
11917,11918,6,4,39,8,2016,3,11,3,3,2,6,0,1,0,1,0,0,0,0,4.45036E+20,5.55962E+21,8.23008E+15,5.01862E+16
11918,11919,6,4,32,13,2016,3,15,2,3,8,1,0,0,0,0,0,1,0,0,4.80262E+20,5.51171E+21,8.72596E+15,4.97575E+16
11919,11920,6,4,39,17,2016,3,16,7,3,6,6,0,0,1,0,1,0,0,0,4.39728E+20,5.54279E+21,8.15839E+15,5.00343E+16
11920,11921,6,6,31,9,2016,3,23,6,2,9,1,2,0,0,0,0,0,1,0,5.49786E+20,5.60389E+21,9.70326E+15,5.05848E+16
11921,11922,6,4,37,2,2016,3,5,5,3,9,1,2,0,0,1,0,0,0,0,4.97959E+20,5.48817E+21,8.97178E+15,4.95461E+16
11922,11923,6,5,34,14,2016,3,11,3,3,2,6,0,0,0,1,0,0,0,0,4.83939E+20,5.63032E+21,8.77197E+15,5.08243E+16
11923,11924,6,6,33,28,2016,3,7,4,3,9,1,0,1,0,0,0,0,0,1,5.11589E+20,5.68147E+21,9.16617E+15,5.12844E+16
11924,11925,6,4,31,20,2016,3,15,3,2,8,1,0,0,0,1,0,0,0,0,4.70313E+20,5.49296E+21,8.58926E+15,4.95885E+16
11925,11926,6,4,14,0,2016,3,10,2,3,0,2,0,1,0,1,0,0,0,1,4.47183E+20,5.54654E+21,8.26196E+15,5.00688E+16
11926,11927,6,4,31,13,2016,3,19,7,3,5,3,2,0,0,1,0,0,0,0,4.70294E+20,5.49302E+21,8.58899E+15,4.9589E+16
11927,11928,6,5,32,4,2016,3,9,6,3,9,1,0,0,0,1,0,0,0,0,4.42834E+20,5.61717E+21,8.19045E+15,5.07035E+16
11928,11929,6,4,14,0,2016,3,17,1,3,8,1,0,1,0,1,0,0,0,0,4.51108E+20,5.54509E+21,8.317E+15,5.00561E+16
11929,11930,6,4,35,14,2016,3,10,5,3,4,6,0,0,1,0,0,0,0,0,4.94449E+20,5.55308E+21,8.92234E+15,5.013E+16
11930,11931,6,4,31,22,2016,3,0,1,2,9,1,2,0,0,1,0,0,0,0,4.70667E+20,5.50827E+21,8.59302E+15,4.97262E+16
11931,11932,6,4,38,9,2016,3,9,7,3,5,2,0,1,0,1,0,0,0,0,4.78183E+20,5.54401E+21,8.69528E+15,5.0048E+16
11932,11933,6,4,37,11,2016,3,18,5,3,2,6,1,0,0,1,0,0,0,0,5.00013E+20,5.50282E+21,9.00018E+15,4.96779E+16
11933,11934,6,4,13,0,2016,3,13,4,3,0,7,0,0,0,0,0,0,0,1,4.84649E+20,5.5497E+21,8.78536E+15,5.00994E+16
11934,11935,6,4,36,7,2016,3,18,7,3,5,2,2,0,0,1,0,0,0,0,4.59988E+20,5.54797E+21,8.44074E+15,5.00826E+16
11935,11936,6,4,35,10,2016,3,12,6,3,2,6,0,0,0,1,0,0,0,0,5.13145E+20,5.55977E+21,9.18415E+15,5.019E+16
11936,11937,6,6,34,24,2016,3,5,2,3,8,1,2,1,0,1,0,0,0,0,5.49523E+20,5.66251E+21,9.70747E+15,5.1112E+16
11937,11938,6,5,34,11,2016,3,11,5,3,8,1,0,0,0,1,0,0,0,0,4.97006E+20,5.62952E+21,8.9575E+15,5.08174E+16
11938,11939,6,4,35,29,2016,3,20,1,3,5,2,2,0,0,1,0,0,0,0,5.18683E+20,5.57092E+21,9.26228E+15,5.02901E+16
11939,11940,6,6,11,0,2016,3,13,7,3,5,3,0,1,0,1,0,0,0,0,5.31703E+20,5.681E+21,9.45454E+15,5.12795E+16
11940,11941,6,4,12,0,2016,3,14,6,3,2,6,0,0,0,1,0,0,0,1,4.74427E+20,5.54788E+21,8.64256E+15,5.00827E+16
11941,11942,6,4,34,5,2016,3,13,6,3,4,6,0,0,0,1,0,0,0,0,4.61546E+20,5.56044E+21,8.46125E+15,5.01949E+16
11942,11943,6,4,12,0,2016,3,6,5,2,5,3,1,0,0,1,0,1,0,0,4.64853E+20,5.54766E+21,8.50875E+15,5.00802E+16
11943,11944,6,4,31,11,2016,3,17,4,3,2,6,0,0,0,1,0,0,0,0,4.73934E+20,5.49954E+21,8.63893E+15,4.96478E+16
11944,11945,6,4,32,22,2016,3,19,3,2,8,7,2,0,1,0,0,0,0,0,4.73384E+20,5.51103E+21,8.63051E+15,4.97511E+16
11945,11946,6,6,32,2,2016,3,14,4,3,5,3,0,0,0,1,0,0,0,0,5.50151E+20,5.63561E+21,9.71273E+15,5.087E+16
11946,11947,6,5,32,23,2016,3,12,2,3,2,6,0,0,0,1,0,0,0,0,4.64352E+20,5.60062E+21,8.49676E+15,5.05564E+16
11947,11948,6,4,31,6,2016,3,12,7,3,5,3,0,0,1,1,0,0,0,0,4.66753E+20,5.50273E+21,8.53918E+15,4.96762E+16
11948,11949,6,4,36,4,2016,3,15,6,2,9,6,0,0,0,1,0,0,0,1,4.59619E+20,5.54496E+21,8.43589E+15,5.00555E+16
11949,11950,6,4,38,11,2016,3,16,4,3,2,6,0,0,0,1,0,0,0,0,4.8947E+20,5.54032E+21,8.85303E+15,5.00151E+16
11950,11951,6,4,34,7,2016,3,9,5,3,6,5,0,0,0,1,1,0,0,0,4.6535E+20,5.57152E+21,8.51353E+15,5.02948E+16
11951,11952,6,5,31,4,2016,3,14,3,2,5,2,0,0,0,1,0,0,0,0,4.84423E+20,5.59928E+21,8.78015E+15,5.05453E+16
11952,11953,6,4,39,15,2016,3,0,4,2,9,1,2,1,0,0,0,0,0,1,4.44852E+20,5.5595E+21,8.22752E+15,5.01851E+16
11953,11954,6,4,36,4,2016,3,19,3,1,3,6,2,0,1,1,0,0,0,0,4.59884E+20,5.54362E+21,8.43974E+15,5.00435E+16
11954,11955,6,4,12,0,2016,3,11,2,2,6,2,0,1,0,0,1,0,0,1,4.7221E+20,5.55264E+21,8.61123E+15,5.01253E+16
11955,11956,6,6,36,11,2016,3,6,2,3,2,6,1,1,0,1,0,0,0,0,5.6764E+20,5.66164E+21,9.96609E+15,5.11023E+16
11956,11957,6,4,12,0,2016,3,18,7,2,8,1,0,0,0,1,0,0,0,0,4.67341E+20,5.54707E+21,8.54359E+15,5.0075E+16
11957,11958,6,4,33,14,2016,3,21,6,3,0,1,2,0,0,0,0,1,0,0,4.56376E+20,5.52537E+21,8.39282E+15,4.98791E+16
11958,11959,6,6,35,3,2016,3,3,7,3,3,6,2,1,0,1,0,0,0,0,5.15179E+20,5.6637E+21,9.2169E+15,5.11246E+16
11959,11960,6,6,33,28,2016,3,18,5,3,3,6,2,0,0,1,0,0,1,0,5.09949E+20,5.69908E+21,9.14315E+15,5.14428E+16
11960,11961,6,6,33,29,2016,3,20,7,3,9,1,2,0,0,0,0,1,0,0,5.16635E+20,5.69169E+21,9.23901E+15,5.13762E+16
11961,11962,6,4,40,7,2016,3,10,7,3,8,1,0,1,0,1,0,0,0,0,4.92609E+20,5.57176E+21,8.89623E+15,5.02979E+16
11962,11963,6,4,38,4,2016,3,16,5,3,5,2,0,0,0,1,0,0,0,0,4.97078E+20,5.54689E+21,8.95917E+15,5.00743E+16
11963,11964,6,6,33,3,2016,3,15,4,3,2,6,0,0,0,1,0,0,0,0,5.29887E+20,5.67971E+21,9.4284E+15,5.1268E+16
11964,11965,6,4,33,7,2016,3,9,3,3,2,6,0,0,0,1,0,0,0,0,4.67999E+20,5.54433E+21,8.55301E+15,5.00504E+16
11965,11966,6,4,39,7,2016,3,22,1,3,0,6,2,0,0,1,0,0,0,0,4.42739E+20,5.56505E+21,8.19709E+15,5.02348E+16
11966,11967,6,5,32,3,2016,3,9,6,3,8,1,0,1,0,1,0,0,0,0,4.55183E+20,5.59815E+21,8.36762E+15,5.05336E+16
11967,11968,6,4,12,0,2016,3,11,3,3,4,6,0,0,0,1,0,0,0,0,4.65384E+20,5.54955E+21,8.51601E+15,5.00972E+16
11968,11969,6,6,31,9,2016,3,8,5,2,0,7,0,2,0,0,0,1,0,0,5.49006E+20,5.5996E+21,9.69168E+15,5.05463E+16
11969,11970,6,5,34,14,2016,3,20,4,3,5,3,1,0,0,1,0,0,0,0,4.87635E+20,5.62426E+21,8.82464E+15,5.077E+16
11970,11971,6,6,31,18,2016,3,6,3,3,7,7,1,0,0,1,0,0,0,0,5.42871E+20,5.59101E+21,9.6041E+15,5.04695E+16
11971,11972,6,4,33,10,2016,3,22,2,3,2,6,2,0,0,1,0,0,0,0,4.63854E+20,5.54034E+21,8.49549E+15,5.00143E+16
11972,11973,6,5,35,15,2016,3,14,3,3,5,3,0,0,0,1,0,1,0,0,5.36626E+20,5.61116E+21,9.51809E+15,5.06511E+16
11973,11974,6,5,32,21,2016,3,23,7,3,5,3,2,0,0,1,0,0,0,0,4.58264E+20,5.60022E+21,8.41086E+15,5.05524E+16
11974,11975,6,4,40,22,2016,3,10,4,3,2,2,0,0,0,1,0,0,0,0,4.81509E+20,5.5859E+21,8.73968E+15,5.04248E+16
11975,11976,6,4,36,7,2016,3,8,3,3,2,6,0,1,0,1,0,0,0,0,4.61224E+20,5.54856E+21,8.45795E+15,5.0088E+16
11976,11977,6,4,36,6,2016,3,7,3,3,2,6,0,0,0,1,0,0,0,1,4.55445E+20,5.54635E+21,8.37743E+15,5.00677E+16
11977,11978,6,4,31,20,2016,3,19,4,3,5,3,2,0,0,1,0,0,0,0,4.68602E+20,5.4863E+21,8.56612E+15,4.95285E+16
11978,11979,6,4,12,0,2016,3,13,3,2,2,6,0,0,0,0,0,0,1,1,4.68376E+20,5.55258E+21,8.5576E+15,5.01247E+16
11979,11980,6,6,34,6,2016,3,17,2,3,9,1,0,1,0,1,0,0,0,0,5.04328E+20,5.64097E+21,9.06157E+15,5.09204E+16
11980,11981,6,4,11,0,2016,3,17,2,3,2,6,0,0,0,1,0,0,0,0,4.76119E+20,5.51796E+21,8.66806E+15,4.98136E+16
11981,11982,6,6,35,7,2016,3,14,6,2,3,6,0,0,0,0,0,1,0,0,4.8551E+20,5.68808E+21,8.79195E+15,5.13438E+16
11982,11983,6,4,39,9,2016,3,15,2,2,4,1,0,2,0,1,0,0,0,0,4.32692E+20,5.54666E+21,8.05948E+15,5.00684E+16
11983,11984,6,4,39,8,2016,3,22,2,3,3,6,2,2,0,1,0,0,1,0,4.46434E+20,5.56459E+21,8.24897E+15,5.02311E+16
11984,11985,6,5,31,4,2016,3,7,6,2,4,2,0,0,0,1,0,0,0,0,4.84423E+20,5.59928E+21,8.78015E+15,5.05453E+16
11985,11986,6,4,12,0,2016,3,5,7,3,8,1,2,1,0,1,0,0,0,0,4.74121E+20,5.55589E+21,8.63773E+15,5.01547E+16
11986,11987,6,4,12,0,2016,3,17,5,3,2,6,0,0,0,1,0,0,0,0,4.80152E+20,5.55629E+21,8.72214E+15,5.01585E+16
11987,11988,6,5,31,5,2016,3,9,5,3,3,3,0,0,0,1,0,0,1,0,4.79449E+20,5.60442E+21,8.70967E+15,5.05914E+16
11988,11989,6,4,35,25,2016,3,13,7,3,9,7,0,1,0,1,0,0,0,0,5.3569E+20,5.57769E+21,9.50165E+15,5.03502E+16
11989,11990,6,5,34,16,2016,3,23,5,3,0,1,2,0,0,1,0,0,0,0,5.08099E+20,5.63317E+21,9.11506E+15,5.08502E+16
11990,11991,6,4,31,11,2016,3,6,4,3,3,6,0,0,0,1,0,0,1,0,4.71885E+20,5.49818E+21,8.61063E+15,4.96355E+16
11991,11992,6,5,33,7,2016,3,5,2,3,5,2,1,0,0,1,0,0,0,0,4.31808E+20,5.58816E+21,8.03967E+15,5.04415E+16
11992,11993,6,4,40,13,2016,3,9,1,3,9,1,0,0,1,0,0,0,0,0,5.15901E+20,5.57719E+21,9.22348E+15,5.03465E+16
11993,11994,6,4,14,0,2016,3,14,6,3,5,3,0,0,0,1,0,0,0,0,4.45792E+20,5.54757E+21,8.24238E+15,5.0078E+16
11994,11995,6,5,31,5,2016,3,17,6,3,2,6,0,1,0,1,0,0,0,0,4.75244E+20,5.60389E+21,8.6503E+15,5.05864E+16
11995,11996,6,6,36,3,2016,3,16,4,3,9,7,0,0,0,0,0,0,0,1,5.68676E+20,5.67506E+21,9.98344E+15,5.12228E+16
11996,11997,6,6,36,8,2016,3,11,3,3,4,1,0,0,0,1,0,0,0,0,5.65358E+20,5.67362E+21,9.93567E+15,5.12103E+16
11997,11998,6,6,11,0,2016,3,18,3,3,0,3,1,1,1,1,0,0,0,0,5.36841E+20,5.6828E+21,9.5284E+15,5.12953E+16
11998,11999,6,4,13,0,2016,3,17,2,3,5,2,0,0,0,1,0,0,0,0,4.84996E+20,5.54951E+21,8.79022E+15,5.00976E+16
11999,12000,6,4,33,2,2016,3,14,2,3,8,6,0,0,0,1,0,0,0,0,4.53768E+20,5.53624E+21,8.35522E+15,4.99767E+16
12000,12001,6,4,12,0,2016,3,17,6,3,3,6,1,1,0,1,0,0,0,0,4.76653E+20,5.54981E+21,8.67355E+15,5.01001E+16
12001,12002,6,4,12,0,2016,3,17,6,3,3,6,0,0,0,1,0,1,0,0,4.77641E+20,5.55051E+21,8.68733E+15,5.01064E+16
12002,12003,6,5,31,6,2016,3,10,4,2,5,3,0,0,0,1,0,0,0,0,4.92315E+20,5.60394E+21,8.89144E+15,5.05873E+16