FID,OBJECTID,ULAND,UREGBEZ,UKREIS,UGEMEINDE,UJAHR,UMONAT,USTUNDE,UWOCHENTAG,UKATEGORIE,UART,UTYP1,ULICHTVERH,IstStrasse,IstRad,IstPKW,IstFuss,IstKrad,IstGkfz,IstSonstig,LINREFX,LINREFY,XGCSWGS84,YGCSWGS84
12003,12004,6,6,32,11,2016,3,11,2,3,4,6,0,1,0,1,0,0,0,1,5.40535E+20,5.63238E+21,9.57571E+15,5.08417E+16
12004,12005,6,4,12,0,2016,3,17,4,3,2,6,0,0,0,1,0,0,0,0,4.72467E+20,5.54708E+21,8.61521E+15,5.00754E+16
12005,12006,6,5,33,14,2016,3,12,2,3,2,6,0,0,0,1,0,0,0,1,4.49746E+20,5.5791E+21,8.29347E+15,5.03618E+16
12006,12007,6,4,35,28,2016,3,13,2,3,5,2,0,1,0,1,0,0,0,0,5.302E+20,5.57632E+21,9.42437E+15,5.03382E+16
12007,12008,6,6,31,9,2016,3,19,2,2,5,2,2,0,0,1,0,0,0,0,5.48493E+20,5.59975E+21,9.68445E+15,5.05477E+16
12008,12009,6,4,37,6,2016,3,21,6,3,8,7,2,1,0,1,0,0,0,0,5.02881E+20,5.49721E+21,9.03989E+15,4.96274E+16
12009,12010,6,4,14,0,2016,3,9,6,2,6,4,0,0,0,1,1,0,0,0,4.46024E+20,5.54845E+21,8.24551E+15,5.00859E+16
12010,12011,6,4,40,4,2016,3,15,2,3,8,1,0,1,0,1,0,0,0,0,5.04251E+20,5.57081E+21,9.05968E+15,5.02894E+16
12011,12012,6,4,13,0,2016,3,21,1,3,2,7,2,1,0,1,0,0,0,0,4.8283E+20,5.54857E+21,8.75997E+15,5.00892E+16
12012,12013,6,6,33,28,2016,3,14,6,2,2,6,0,0,0,1,0,0,0,1,5.13469E+20,5.69427E+21,9.19361E+15,5.13995E+16
12013,12014,6,6,32,11,2016,3,14,4,3,2,6,0,1,0,1,0,0,0,0,5.37031E+20,5.63415E+21,9.52613E+15,5.08578E+16
12014,12015,6,4,38,10,2016,3,17,5,3,2,6,0,0,0,1,0,0,0,1,4.92183E+20,5.54615E+21,8.89077E+15,5.00676E+16
12015,12016,6,4,36,8,2016,3,14,7,3,2,6,0,0,0,1,0,0,0,1,4.58783E+20,5.55558E+21,8.42307E+15,5.0151E+16
12016,12017,6,4,33,2,2016,3,18,6,3,2,6,2,1,0,1,0,0,0,0,4.56305E+20,5.53584E+21,8.39064E+15,4.99733E+16
12017,12018,6,4,14,0,2016,3,15,3,3,6,4,0,1,0,1,1,0,0,0,4.45213E+20,5.54753E+21,8.2343E+15,5.00775E+16
12018,12019,6,6,34,13,2016,3,16,2,2,8,1,0,0,0,0,0,1,0,0,5.32576E+20,5.65867E+21,9.46503E+15,5.10786E+16
12019,12020,6,5,31,5,2016,3,22,1,3,8,6,2,0,0,1,0,0,0,0,4.78896E+20,5.60189E+21,8.702E+15,5.05686E+16
12020,12021,6,4,38,9,2016,3,17,6,3,3,6,0,0,0,1,0,0,1,0,4.71192E+20,5.5425E+21,8.59775E+15,5.00341E+16
12021,12022,6,4,36,3,2016,3,5,6,2,8,1,2,2,0,1,0,0,0,0,4.68791E+20,5.5539E+21,8.56329E+15,5.01365E+16
12022,12023,6,6,11,0,2016,3,20,5,3,8,1,2,0,0,1,0,0,0,0,5.37764E+20,5.68451E+21,9.54181E+15,5.13106E+16
12023,12024,6,6,11,0,2016,3,22,4,3,5,3,2,0,0,1,0,0,0,0,5.35755E+20,5.68606E+21,9.51314E+15,5.13247E+16
12024,12025,6,6,11,0,2016,3,8,4,3,5,2,0,0,0,1,0,0,0,1,5.34142E+20,5.68493E+21,9.48988E+15,5.13147E+16
12025,12026,6,5,33,1,2016,3,8,6,3,2,6,0,0,0,1,0,0,0,0,4.40671E+20,5.59303E+21,8.16369E+15,5.04863E+16
12026,12027,6,4,11,0,2016,3,6,2,3,2,6,0,0,0,1,0,0,0,0,4.74438E+20,5.52459E+21,8.64426E+15,4.98731E+16
12027,12028,6,6,34,18,2016,3,12,1,3,8,1,0,1,0,1,0,0,0,0,5.24342E+20,5.67684E+21,9.34872E+15,5.12424E+16
12028,12029,6,4,37,11,2016,3,9,6,2,8,1,0,0,0,1,0,0,0,0,5.08195E+20,5.50941E+21,9.11373E+15,4.97371E+16
12029,12030,6,4,39,12,2016,3,15,6,3,5,3,0,0,1,1,0,0,0,0,4.29724E+20,5.53936E+21,8.01935E+15,5.00024E+16
12030,12031,6,5,31,8,2016,3,16,2,2,8,1,0,0,0,1,0,0,0,0,4.90914E+20,5.59205E+21,8.87194E+15,5.04804E+16
12031,12032,6,5,31,5,2016,3,16,1,3,9,1,0,1,0,1,0,0,0,1,4.72667E+20,5.60078E+21,8.61412E+15,5.05583E+16
12032,12033,6,6,35,21,2016,3,17,5,3,8,1,0,0,0,0,0,1,0,0,5.00871E+20,5.67475E+21,9.01248E+15,5.12242E+16
12033,12034,6,4,38,6,2016,3,11,4,2,2,6,0,0,0,1,0,0,0,0,4.7715E+20,5.53868E+21,8.68117E+15,5E+16
12034,12035,6,5,32,8,2016,3,8,5,2,5,2,0,0,0,1,0,0,0,1,4.56645E+20,5.60742E+21,8.38716E+15,5.0617E+16
12035,12036,6,4,38,2,2016,3,8,3,3,1,5,0,0,0,1,0,0,0,0,4.76825E+20,5.54073E+21,8.6765E+15,5.00184E+16
12036,12037,6,5,35,1,2016,3,11,2,3,2,6,0,0,0,1,0,0,0,0,5.19183E+20,5.62089E+21,9.27186E+15,5.07395E+16
12037,12038,6,4,34,8,2016,3,16,7,2,2,2,0,0,0,1,0,1,0,0,4.63436E+20,5.56421E+21,8.48737E+15,5.0229E+16
12038,12039,6,5,35,5,2016,3,14,6,3,2,6,0,0,0,1,0,0,0,0,5.03591E+20,5.61684E+21,9.05086E+15,5.07034E+16
12039,12040,6,4,35,27,2016,3,19,5,2,8,1,2,0,0,0,0,1,0,0,5.50301E+20,5.57625E+21,9.70682E+15,5.03362E+16
12040,12041,6,4,33,12,2016,3,19,2,2,2,6,2,0,0,1,0,0,0,0,4.56375E+20,5.53703E+21,8.39149E+15,4.9984E+16
12041,12042,6,4,35,19,2016,3,17,1,3,4,1,0,1,1,1,0,0,0,0,4.86235E+20,5.55493E+21,8.80734E+15,5.01464E+16
12042,12043,6,4,33,12,2016,3,16,6,3,2,6,0,0,0,1,0,0,0,0,4.58757E+20,5.53597E+21,8.42482E+15,4.99746E+16
12043,12044,6,4,12,0,2016,3,22,5,3,1,7,2,0,0,1,0,0,0,0,4.71494E+20,5.5441E+21,8.60185E+15,5.00485E+16
12044,12045,6,4,31,2,2016,3,12,7,3,8,1,0,0,0,1,0,0,0,0,4.71575E+20,5.50112E+21,8.60613E+15,4.9662E+16
12045,12046,6,4,31,13,2016,3,7,3,3,3,6,0,0,0,1,0,0,0,1,4.67936E+20,5.49682E+21,8.55605E+15,4.96231E+16
12046,12047,6,5,33,17,2016,3,16,2,3,5,2,0,0,0,1,0,0,0,0,4.54118E+20,5.59289E+21,8.35324E+15,5.04862E+16
12047,12048,6,6,33,10,2016,3,22,7,2,8,1,2,0,0,1,0,0,0,1,5.29667E+20,5.69939E+21,9.42689E+15,5.14449E+16
12048,12049,6,5,34,9,2016,3,21,6,3,8,1,2,0,0,1,0,0,0,0,4.80604E+20,5.61521E+21,8.72541E+15,5.06884E+16
12049,12050,6,4,38,11,2016,3,17,6,3,2,6,1,1,0,1,0,0,0,0,4.92115E+20,5.54306E+21,8.88988E+15,5.00397E+16
12050,12051,6,4,13,0,2016,3,0,5,2,9,7,2,0,0,1,0,0,0,0,4.84065E+20,5.54877E+21,8.77723E+15,5.0091E+16
12051,12052,6,6,34,1,2016,3,16,5,2,5,3,0,0,0,1,0,0,0,0,5.17935E+20,5.65238E+21,9.25573E+15,5.10227E+16
12052,12053,6,4,12,0,2016,3,12,4,3,2,6,0,1,0,1,0,0,0,0,4.78669E+20,5.55447E+21,8.70148E+15,5.01421E+16
12053,12054,6,6,32,17,2016,3,16,3,2,5,3,0,1,0,1,0,0,0,0,5.59926E+20,5.6446E+21,9.8531E+15,5.09499E+16
12054,12055,6,4,37,9,2016,3,1,7,3,0,1,2,0,0,0,0,1,0,0,4.99742E+20,5.51652E+21,8.99641E+15,4.98011E+16
12055,12056,6,4,40,16,2016,3,22,6,3,9,1,2,0,0,1,0,0,0,0,5.06775E+20,5.5855E+21,9.09538E+15,5.04215E+16
12056,12057,6,6,31,18,2016,3,5,1,2,8,1,2,1,0,1,0,0,0,0,5.39393E+20,5.58333E+21,9.55429E+15,5.04007E+16
12057,12058,6,6,31,20,2016,3,16,5,3,2,6,0,0,0,1,0,0,0,0,5.50386E+20,5.60092E+21,9.71132E+15,5.05581E+16
12058,12059,6,5,32,4,2016,3,21,1,2,8,7,2,0,0,0,0,1,0,0,4.42841E+20,5.617E+21,8.19058E+15,5.0702E+16
12059,12060,6,6,11,0,2016,3,9,7,3,3,2,0,1,0,1,0,0,0,0,5.32148E+20,5.68428E+21,9.46121E+15,5.1309E+16
12060,12061,6,5,33,1,2016,3,14,6,3,2,6,0,0,0,1,0,0,0,0,4.39731E+20,5.5922E+21,8.15057E+15,5.04786E+16
12061,12062,6,4,40,1,2016,3,9,4,2,8,1,0,0,0,1,0,0,0,0,5.00343E+20,5.57097E+21,9.00482E+15,5.02908E+16
12062,12063,6,4,31,18,2016,3,8,3,3,2,2,0,0,0,1,0,0,0,0,4.92095E+20,5.47452E+21,8.891E+15,4.94233E+16
12063,12064,6,4,14,0,2016,3,8,4,3,2,6,0,0,0,1,0,0,0,0,4.44877E+20,5.54776E+21,8.22956E+15,5.00796E+16
12064,12065,6,5,34,7,2016,3,9,7,3,2,6,0,0,0,1,0,0,0,0,4.71788E+20,5.63572E+21,8.59904E+15,5.08725E+16
12065,12066,6,5,33,11,2016,3,15,4,3,2,2,0,0,0,1,0,0,0,0,4.39331E+20,5.59884E+21,8.14386E+15,5.05384E+16
12066,12067,6,4,36,4,2016,3,11,5,3,1,2,0,0,0,1,0,0,0,0,4.59512E+20,5.54225E+21,8.43468E+15,5.00311E+16
12067,12068,6,4,35,25,2016,3,6,3,3,8,1,0,1,0,1,0,0,0,0,5.37016E+20,5.57631E+21,9.52015E+15,5.03377E+16
12068,12069,6,4,12,0,2016,3,9,3,3,2,6,0,0,0,1,0,0,0,0,4.74802E+20,5.56088E+21,8.64693E+15,5.01996E+16
12069,12070,6,4,38,6,2016,3,15,4,3,4,6,0,0,0,1,0,0,0,1,4.74543E+20,5.53802E+21,8.64484E+15,4.9994E+16
12070,12071,6,4,12,0,2016,3,15,3,2,2,6,0,0,0,1,0,0,0,1,4.83168E+20,5.55436E+21,8.76444E+15,5.01412E+16
12071,12072,6,4,37,1,2016,3,6,2,3,9,1,1,1,0,1,0,0,0,0,4.9926E+20,5.50774E+21,8.98973E+15,4.97221E+16
12072,12073,6,5,33,18,2016,3,18,2,3,5,3,2,0,0,1,0,0,0,0,4.5225E+20,5.58227E+21,8.32826E+15,5.03905E+16
12073,12074,6,4,32,18,2016,3,6,7,2,8,1,1,0,0,1,0,0,0,0,4.68912E+20,5.51619E+21,8.56803E+15,4.97974E+16
12074,12075,6,6,31,17,2016,3,7,6,3,5,3,0,0,0,1,0,0,0,1,5.50379E+20,5.59933E+21,9.71101E+15,5.05437E+16
12075,12076,6,5,33,8,2016,3,10,7,3,8,1,0,0,0,1,0,0,0,0,4.42178E+20,5.57481E+21,8.18774E+15,5.03225E+16
12076,12077,6,6,31,9,2016,3,15,3,3,5,2,0,0,1,1,0,0,0,0,5.47929E+20,5.5984E+21,9.67632E+15,5.05356E+16
12077,12078,6,6,33,2,2016,3,8,4,3,8,1,0,1,0,1,0,0,0,0,5.30511E+20,5.71939E+21,9.44077E+15,5.16247E+16
12078,12079,6,6,31,9,2016,3,7,3,3,6,4,0,0,0,1,1,0,0,0,5.46573E+20,5.6004E+21,9.65744E+15,5.05537E+16
12079,12080,6,4,14,0,2016,3,19,2,2,8,2,2,1,0,1,1,0,0,1,4.48572E+20,5.5484E+21,8.28113E+15,5.00857E+16
12080,12081,6,6,31,9,2016,3,16,7,3,6,4,0,0,0,1,1,0,0,0,5.48179E+20,5.6011E+21,9.6802E+15,5.05598E+16
12081,12082,6,4,32,5,2016,3,16,6,3,2,6,0,0,0,1,0,0,0,0,4.87865E+20,5.53294E+21,8.83085E+15,4.99487E+16
12082,12083,6,4,14,0,2016,3,12,1,3,3,6,0,1,0,1,0,0,0,0,4.49833E+20,5.54441E+21,8.29928E+15,5.00499E+16
12083,12084,6,5,31,5,2016,3,14,5,3,2,6,0,0,0,1,0,0,0,0,4.72765E+20,5.60103E+21,8.61549E+15,5.05606E+16
12084,12085,6,6,36,13,2016,3,19,7,3,9,1,2,0,0,1,0,0,0,0,5.79104E+20,5.67047E+21,1.01317E+16,5.11802E+16
12085,12086,6,4,34,10,2016,3,10,7,3,4,6,0,1,0,1,0,0,0,0,4.69437E+20,5.55737E+21,8.57205E+15,5.01677E+16
12086,12087,6,6,34,14,2016,3,17,5,3,5,3,0,0,0,1,0,0,0,0,5.37553E+20,5.66789E+21,9.53705E+15,5.11612E+16
12087,12088,6,6,31,9,2016,3,16,4,3,2,6,0,0,0,1,0,0,0,0,5.45609E+20,5.60328E+21,9.64419E+15,5.05797E+16
12088,12089,6,4,35,14,2016,3,16,3,2,2,6,0,0,0,1,0,0,0,0,4.99445E+20,5.55441E+21,8.99223E+15,5.01419E+16
12089,12090,6,4,35,24,2016,3,8,1,3,5,3,0,0,0,1,0,1,0,0,5.03585E+20,5.56513E+21,9.05027E+15,5.02383E+16
12090,12091,6,4,14,0,2016,3,19,3,2,2,6,2,0,0,1,0,0,0,0,4.46689E+20,5.54395E+21,8.25543E+15,5.00455E+16
12091,12092,6,4,32,14,2016,3,13,5,3,2,6,0,0,0,1,0,0,0,0,4.78091E+20,5.52034E+21,8.69534E+15,4.98351E+16
12092,12093,6,5,34,16,2016,3,14,4,3,2,6,0,0,0,1,0,0,0,0,5.06268E+20,5.63273E+21,9.08904E+15,5.08462E+16
12093,12094,6,4,11,0,2016,3,5,3,3,8,1,2,2,0,1,0,0,0,0,4.79005E+20,5.52371E+21,8.70786E+15,4.98654E+16
12094,12095,6,4,12,0,2016,3,10,3,3,2,6,0,0,0,1,0,0,0,0,4.75551E+20,5.56187E+21,8.65737E+15,5.02085E+16
12095,12096,6,6,31,9,2016,3,7,4,3,2,6,0,0,0,1,0,0,0,0,5.47135E+20,5.60053E+21,9.66538E+15,5.05548E+16
12096,12097,6,4,33,7,2016,3,6,3,3,8,1,0,0,0,1,0,0,0,0,4.64949E+20,5.54247E+21,8.51058E+15,5.00335E+16
12097,12098,6,6,11,0,2016,3,11,2,2,5,2,0,0,0,1,0,0,0,0,5.32296E+20,5.68444E+21,9.46335E+15,5.13103E+16
12098,12099,6,4,14,0,2016,3,17,3,3,5,2,0,0,0,1,0,0,0,1,4.46505E+20,5.54584E+21,8.2526E+15,5.00625E+16
12099,12100,6,4,33,11,2016,3,20,2,3,5,3,2,0,0,1,0,0,0,0,4.63881E+20,5.52045E+21,8.49772E+15,4.98354E+16
12100,12101,6,4,11,0,2016,3,12,6,3,5,2,0,0,1,1,0,0,0,0,4.7441E+20,5.52362E+21,8.64393E+15,4.98645E+16
12101,12102,6,6,11,0,2016,3,13,6,3,2,6,0,0,0,1,0,0,1,0,5.34929E+20,5.6859E+21,9.50127E+15,5.13233E+16
12102,12103,6,4,34,1,2016,3,12,2,2,2,6,0,2,0,1,0,0,0,0,4.70574E+20,5.56737E+21,8.5872E+15,5.02577E+16
12103,12104,6,4,39,11,2016,3,12,2,3,2,6,0,2,0,1,0,0,0,0,4.49932E+20,5.55697E+21,8.29901E+15,5.01628E+16
12104,12105,6,4,35,19,2016,3,15,6,3,2,6,0,0,0,1,0,0,0,0,4.86213E+20,5.55459E+21,8.80706E+15,5.01434E+16
12105,12106,6,4,12,0,2016,3,3,7,2,6,4,2,1,0,1,1,0,0,0,4.7951E+20,5.55112E+21,8.71343E+15,5.0112E+16
12106,12107,6,4,40,18,2016,3,11,5,3,2,6,0,0,0,1,0,0,0,0,4.78866E+20,5.58264E+21,8.70266E+15,5.03955E+16
12107,12108,6,4,31,2,2016,3,14,7,3,2,6,0,0,0,1,0,0,0,0,4.71218E+20,5.50369E+21,8.60099E+15,4.96851E+16
12108,12109,6,6,31,15,2016,3,18,5,3,5,3,1,0,0,1,0,0,0,0,5.47094E+20,5.61263E+21,9.66634E+15,5.06636E+16
12109,12110,6,4,35,6,2016,3,9,5,3,5,3,0,0,0,1,0,0,0,0,4.96858E+20,5.5585E+21,8.956E+15,5.01787E+16
12110,12111,6,5,33,7,2016,3,10,3,2,1,6,0,0,0,1,0,0,0,0,4.32643E+20,5.5898E+21,8.05112E+15,5.04563E+16
12111,12112,6,6,33,9,2016,3,16,2,3,2,6,0,0,0,1,0,0,0,0,5.36016E+20,5.68887E+21,9.51717E+15,5.135E+16
12112,12113,6,4,12,0,2016,3,12,1,3,2,6,0,0,0,1,0,0,0,0,4.76554E+20,5.55665E+21,8.67175E+15,5.01616E+16
12113,12114,6,4,37,11,2016,3,8,6,2,8,1,0,1,0,1,0,0,0,0,4.96955E+20,5.50714E+21,8.95776E+15,4.97167E+16
12114,12115,6,4,34,1,2016,4,13,4,3,2,6,0,1,0,0,0,0,1,1,4.7598E+20,5.56473E+21,8.66321E+15,5.02343E+16
12115,12116,6,4,33,12,2016,3,5,7,3,5,3,2,0,0,1,0,0,0,1,4.59343E+20,5.53664E+21,8.43292E+15,4.99808E+16
12116,12117,6,4,32,19,2016,4,20,4,3,1,5,1,0,0,1,0,0,0,0,4.8833E+20,5.51949E+21,8.83775E+15,4.98277E+16
12117,12118,6,4,32,16,2016,4,14,3,3,2,6,0,0,0,1,0,0,1,0,4.81105E+20,5.52013E+21,8.73726E+15,4.98333E+16
12118,12119,6,4,11,0,2016,4,16,2,3,2,6,0,0,0,1,0,0,0,0,4.73162E+20,5.52677E+21,8.62635E+15,4.98927E+16
12119,12120,6,4,39,4,2016,4,10,1,2,9,7,0,0,0,1,0,0,0,0,4.23615E+20,5.54126E+21,7.93374E+15,5.00188E+16
12120,12121,6,4,12,0,2016,4,19,7,3,5,2,0,0,0,1,0,1,0,0,4.70509E+20,5.55243E+21,8.58744E+15,5.01234E+16
12121,12122,6,6,32,2,2016,3,9,4,3,2,2,0,1,0,1,0,0,0,0,5.50819E+20,5.63664E+21,9.72236E+15,5.08792E+16
12122,12123,6,5,31,16,2016,4,5,6,3,9,1,2,1,0,1,0,0,0,0,4.88027E+20,5.60666E+21,8.83078E+15,5.06117E+16
12123,12124,6,4,14,0,2016,4,15,5,3,3,2,0,0,1,1,0,0,0,0,4.46214E+20,5.5469E+21,8.24838E+15,5.00719E+16
12124,12125,6,6,34,8,2016,3,16,5,2,0,1,0,1,0,1,0,0,0,1,5.32603E+20,5.67239E+21,9.46666E+15,5.1202E+16
12125,12126,6,4,12,0,2016,4,17,6,3,0,3,0,0,1,1,0,0,0,0,4.81667E+20,5.55244E+21,8.74353E+15,5.0124E+16
12126,12127,6,4,35,2,2016,4,1,1,3,9,1,2,1,0,1,0,0,0,1,5.27158E+20,5.57457E+21,9.3815E+15,5.03226E+16
12127,12128,6,4,12,0,2016,4,21,2,3,5,2,2,0,0,1,0,1,0,0,4.79875E+20,5.54977E+21,8.7186E+15,5.00999E+16
12128,12129,6,4,14,0,2016,4,13,4,3,5,3,0,1,0,1,0,0,1,0,4.4343E+20,5.54957E+21,8.20908E+15,5.00957E+16
12129,12130,6,4,34,6,2016,4,11,7,3,2,2,0,0,0,1,0,1,0,0,4.67778E+20,5.55911E+21,8.54868E+15,5.01833E+16
12130,12131,6,4,34,1,2016,4,13,6,3,2,6,0,0,0,1,0,0,0,1,4.75984E+20,5.56392E+21,8.66331E+15,5.02269E+16
12131,12132,6,5,35,5,2016,3,0,6,3,8,6,2,0,0,1,0,0,0,1,5.02661E+20,5.61489E+21,9.03767E+15,5.06859E+16
12132,12133,6,4,40,23,2016,4,14,6,3,2,6,0,0,0,1,0,0,0,0,4.76188E+20,5.56918E+21,8.66584E+15,5.02743E+16
12133,12134,6,5,31,4,2016,3,14,3,2,4,6,0,0,0,1,0,0,0,1,4.8337E+20,5.60413E+21,8.76508E+15,5.05888E+16
12134,12135,6,4,31,11,2016,3,11,2,3,2,6,0,0,0,1,0,0,0,0,4.7178E+20,5.5005E+21,8.60902E+15,4.96564E+16
12135,12136,6,4,36,11,2016,4,13,5,2,4,6,0,0,0,1,0,0,0,0,4.66328E+20,5.55596E+21,8.52864E+15,5.01549E+16
12136,12137,6,4,12,0,2016,4,10,4,2,0,1,0,0,0,0,0,1,0,0,4.78703E+20,5.54555E+21,8.70245E+15,5.00618E+16
12137,12138,6,5,32,15,2016,3,17,7,2,5,3,0,0,0,1,0,1,0,0,4.70568E+20,5.60286E+21,8.58433E+15,5.05769E+16
12138,12139,6,6,34,25,2016,3,18,5,3,9,7,0,0,0,1,0,0,0,0,5.26563E+20,5.65747E+21,9.37912E+15,5.10681E+16
12139,12140,6,5,31,11,2016,4,9,3,2,5,3,0,1,0,1,0,0,0,0,4.8647E+20,5.59653E+21,8.80914E+15,5.05205E+16
12140,12141,6,6,31,9,2016,4,11,2,2,0,7,0,0,0,0,0,1,0,1,5.47782E+20,5.60266E+21,9.67479E+15,5.05739E+16
12141,12142,6,4,31,5,2016,4,2,1,3,8,1,2,0,0,1,0,0,0,0,4.57713E+20,5.4985E+21,8.41434E+15,4.96376E+16
12142,12143,6,4,35,23,2016,3,19,7,2,2,6,1,0,0,1,0,0,0,0,5.00704E+20,5.55563E+21,9.00985E+15,5.01529E+16
12143,12144,6,4,33,5,2016,4,13,7,3,3,2,0,0,1,1,0,0,0,0,4.51499E+20,5.53843E+21,8.3233E+15,4.99963E+16
12144,12145,6,5,34,18,2016,4,7,7,3,8,1,0,1,0,1,0,0,0,0,4.99488E+20,5.62602E+21,8.99274E+15,5.0786E+16
12145,12146,6,4,40,4,2016,4,9,7,2,5,3,0,0,0,1,0,0,0,1,5.05189E+20,5.57145E+21,9.07286E+15,5.02952E+16
12146,12147,6,4,12,0,2016,4,6,6,3,1,3,1,1,0,1,0,1,0,0,4.67851E+20,5.55013E+21,8.55046E+15,5.01025E+16
12147,12148,6,5,31,5,2016,4,18,6,3,2,6,0,0,0,1,0,0,0,0,4.77915E+20,5.60365E+21,8.68804E+15,5.05844E+16
12148,12149,6,4,40,4,2016,4,23,2,3,8,1,2,0,0,1,0,0,0,0,5.02004E+20,5.56762E+21,9.02811E+15,5.02607E+16
12149,12150,6,5,32,10,2016,4,15,3,2,8,1,0,0,0,1,0,0,0,0,4.49989E+20,5.60248E+21,8.29375E+15,5.05721E+16
12150,12151,6,5,33,18,2016,3,16,5,3,4,6,0,1,0,1,0,0,0,0,4.54607E+20,5.5914E+21,8.36032E+15,5.04728E+16
12151,12152,6,4,34,6,2016,4,16,5,3,2,6,0,0,0,1,0,0,0,0,4.6689E+20,5.5586E+21,8.53628E+15,5.01787E+16
12152,12153,6,4,38,8,2016,4,17,6,3,2,6,0,0,0,1,0,0,0,0,4.87492E+20,5.55198E+21,8.82504E+15,5.01199E+16
12153,12154,6,4,14,0,2016,4,18,6,2,1,5,0,0,0,1,0,0,0,0,4.43129E+20,5.54652E+21,8.20533E+15,5.00683E+16
12154,12155,6,4,39,12,2016,4,15,5,3,2,1,0,0,0,1,0,0,0,1,4.29774E+20,5.53921E+21,8.02008E+15,5.00011E+16
12155,12156,6,4,35,25,2016,4,16,2,3,1,7,0,0,0,1,0,0,0,0,5.37454E+20,5.57704E+21,9.52639E+15,5.03442E+16
12156,12157,6,6,11,0,2016,3,19,5,3,2,6,0,1,0,1,0,0,0,0,5.30982E+20,5.68616E+21,9.44465E+15,5.13258E+16
12157,12158,6,6,33,17,2016,4,17,5,3,2,6,0,0,0,1,0,0,0,1,5.38551E+20,5.68105E+21,9.55273E+15,5.12795E+16
12158,12159,6,6,33,5,2016,4,8,6,2,4,1,0,1,0,0,0,0,0,1,5.24531E+20,5.69468E+21,9.35265E+15,5.14028E+16
12159,12160,6,4,33,11,2016,4,14,1,3,2,3,0,0,0,1,0,0,0,1,4.62944E+20,5.52044E+21,8.4847E+15,4.98352E+16
12160,12161,6,4,12,0,2016,4,19,2,3,3,2,0,0,1,1,0,0,0,0,4.78088E+20,5.55303E+21,8.69343E+15,5.01291E+16
12161,12162,6,4,38,2,2016,4,13,4,3,2,5,0,1,0,1,0,0,0,0,4.77361E+20,5.53914E+21,8.68409E+15,5.00042E+16
12162,12163,6,4,40,11,2016,4,5,7,2,5,3,0,0,0,1,0,0,0,0,5.09505E+20,5.58229E+21,9.13372E+15,5.03926E+16
12163,12164,6,4,14,0,2016,3,17,6,3,9,1,1,1,0,1,0,0,0,0,4.49636E+20,5.54442E+21,8.29652E+15,5.00499E+16
12164,12165,6,4,14,0,2016,4,10,5,3,5,2,0,0,0,1,0,0,0,0,4.45346E+20,5.54818E+21,8.23607E+15,5.00833E+16
12165,12166,6,6,32,18,2016,3,16,2,3,6,4,0,0,0,1,1,0,0,0,5.51318E+20,5.64941E+21,9.73125E+15,5.0994E+16
12166,12167,6,4,14,0,2016,3,19,1,3,3,6,0,0,0,1,0,0,0,0,4.49582E+20,5.53971E+21,8.29639E+15,5.00076E+16
12167,12168,6,4,12,0,2016,4,14,5,3,2,6,0,0,0,1,0,1,0,0,4.74706E+20,5.54492E+21,8.64665E+15,5.00561E+16
12168,12169,6,4,12,0,2016,4,12,3,3,9,1,0,1,0,1,0,0,0,0,4.70445E+20,5.54493E+21,8.58713E+15,5.00559E+16
12169,12170,6,6,33,20,2016,3,10,7,3,2,6,0,0,0,1,0,0,1,0,5.40531E+20,5.68688E+21,9.58177E+15,5.13318E+16
12170,12171,6,4,36,5,2016,4,8,3,3,8,1,0,1,0,0,0,0,1,0,4.64137E+20,5.54768E+21,8.49875E+15,5.00803E+16
12171,12172,6,6,36,5,2016,4,21,2,2,2,6,2,0,0,1,0,0,1,0,5.79465E+20,5.6523E+21,1.01329E+16,5.10168E+16
12172,12173,6,5,32,15,2016,4,4,1,3,2,6,2,0,0,1,0,0,0,0,4.68205E+20,5.6022E+21,8.55101E+15,5.05708E+16
12173,12174,6,4,12,0,2016,4,5,7,3,2,6,2,0,0,1,0,0,0,0,4.79867E+20,5.54583E+21,8.7187E+15,5.00644E+16
12174,12175,6,5,32,14,2016,4,23,7,3,2,6,2,1,0,1,0,0,0,0,4.71216E+20,5.59691E+21,8.59394E+15,5.05235E+16
12175,12176,6,4,38,2,2016,4,19,6,3,1,5,0,0,1,1,0,0,0,0,4.78116E+20,5.53996E+21,8.69458E+15,5.00116E+16
12176,12177,6,6,32,3,2016,3,18,4,3,4,1,0,0,0,1,0,0,0,0,5.53632E+20,5.64566E+21,9.76367E+15,5.09601E+16
12177,12178,6,5,32,23,2016,4,17,2,3,0,3,0,0,0,1,0,0,0,0,4.64414E+20,5.6022E+21,8.49748E+15,5.05707E+16
12178,12179,6,4,33,12,2016,4,17,3,3,5,3,0,0,0,1,0,0,0,0,4.57939E+20,5.53611E+21,8.4134E+15,4.99759E+16
12179,12180,6,4,40,18,2016,3,13,4,3,2,6,0,1,0,1,0,0,0,0,4.78979E+20,5.58141E+21,8.70432E+15,5.03844E+16
12180,12181,6,4,32,8,2016,4,15,5,3,0,7,0,0,1,1,0,0,0,0,4.6829E+20,5.52317E+21,8.55882E+15,4.98601E+16
12181,12182,6,4,40,16,2016,4,11,6,2,2,2,0,0,0,1,0,0,0,0,4.99595E+20,5.58645E+21,8.9943E+15,5.04301E+16
12182,12183,6,4,35,28,2016,4,14,6,2,5,2,0,0,0,1,0,0,0,0,5.34619E+20,5.57499E+21,9.48635E+15,5.0326E+16
12183,12184,6,4,35,1,2016,4,11,5,3,2,6,0,0,0,1,0,0,0,0,5.25055E+20,5.56375E+21,9.35125E+15,5.02254E+16
12184,12185,6,4,36,8,2016,3,15,1,3,0,6,0,0,1,1,0,0,0,1,4.58449E+20,5.55876E+21,8.41805E+15,5.01796E+16