FID,OBJECTID,ULAND,UREGBEZ,UKREIS,UGEMEINDE,UJAHR,UMONAT,USTUNDE,UWOCHENTAG,UKATEGORIE,UART,UTYP1,ULICHTVERH,IstStrasse,IstRad,IstPKW,IstFuss,IstKrad,IstGkfz,IstSonstig,LINREFX,LINREFY,XGCSWGS84,YGCSWGS84
12367,12368,6,5,33,9,2016,4,13,6,3,5,3,0,0,0,1,0,0,1,1,4.35609E+20,5.58758E+21,8.09327E+15,5.04367E+16
12368,12369,6,4,31,15,2016,3,15,7,3,8,1,0,0,0,0,0,1,0,0,4.85189E+20,5.50391E+21,8.79467E+15,4.96875E+16
12369,12370,6,5,33,11,2016,4,19,4,3,8,1,0,0,0,1,0,0,0,0,4.45591E+20,5.59833E+21,8.23226E+15,5.05344E+16
12370,12371,6,4,11,0,2016,4,16,3,3,3,6,0,1,0,1,0,0,0,0,4.74039E+20,5.51667E+21,8.63923E+15,4.9802E+16
12371,12372,6,4,12,0,2016,4,11,2,2,0,1,0,0,1,0,0,0,0,0,4.78542E+20,5.55252E+21,8.69981E+15,5.01246E+16
12372,12373,6,4,39,2,2016,4,16,1,3,8,1,0,0,0,0,0,1,0,0,4.31508E+20,5.55358E+21,8.0417E+15,5.01305E+16
12373,12374,6,4,40,5,2016,4,9,5,3,3,1,0,1,0,1,0,0,0,0,4.75221E+20,5.58924E+21,8.65094E+15,5.04546E+16
12374,12375,6,4,12,0,2016,3,17,1,3,2,6,0,0,0,1,0,0,0,0,4.707E+20,5.55344E+21,8.59004E+15,5.01325E+16
12375,12376,6,6,34,7,2016,4,21,4,3,2,6,2,1,0,1,0,0,0,0,5.21747E+20,5.66803E+21,9.31101E+15,5.11633E+16
12376,12377,6,4,32,8,2016,4,2,7,2,7,7,2,0,0,1,0,0,1,0,4.70127E+20,5.52424E+21,8.58429E+15,4.98698E+16
12377,12378,6,5,32,12,2016,3,12,7,3,5,2,0,0,0,1,0,0,0,0,4.45848E+20,5.61384E+21,8.23363E+15,5.06739E+16
12378,12379,6,4,38,4,2016,4,10,4,3,1,6,0,0,0,1,0,0,0,0,4.96143E+20,5.54747E+21,8.9461E+15,5.00795E+16
12379,12380,6,4,36,9,2016,4,18,3,2,2,1,0,1,0,1,0,1,0,0,4.61722E+20,5.54751E+21,8.46502E+15,5.00786E+16
12380,12381,6,6,11,0,2016,4,12,2,3,2,6,0,0,0,1,0,0,0,0,5.34998E+20,5.68571E+21,9.50225E+15,5.13216E+16
12381,12382,6,4,11,0,2016,4,13,1,3,2,6,0,0,0,1,0,0,0,0,4.76524E+20,5.52473E+21,8.67328E+15,4.98745E+16
12382,12383,6,4,12,0,2016,3,9,5,3,9,1,0,1,0,1,0,0,0,0,4.70228E+20,5.54478E+21,8.5841E+15,5.00546E+16
12383,12384,6,6,32,2,2016,4,13,5,3,2,6,0,0,0,1,0,0,0,0,5.50327E+20,5.63571E+21,9.71524E+15,5.08709E+16
12384,12385,6,6,32,6,2016,4,6,7,2,9,1,2,2,0,1,0,0,0,0,5.62986E+20,5.63616E+21,9.89521E+15,5.08737E+16
12385,12386,6,5,34,1,2016,3,16,5,2,5,3,0,1,0,1,0,0,0,0,4.95303E+20,5.62663E+21,8.93336E+15,5.07914E+16
12386,12387,6,4,14,0,2016,4,13,6,3,5,2,0,0,0,1,0,0,0,0,4.44271E+20,5.54753E+21,8.22114E+15,5.00774E+16
12387,12388,6,6,35,20,2016,3,10,4,3,5,3,0,0,0,1,0,0,0,0,5.08263E+20,5.69478E+21,9.1188E+15,5.14042E+16
12388,12389,6,6,31,9,2016,3,17,4,2,6,6,0,0,0,0,1,0,0,1,5.46442E+20,5.60145E+21,9.65572E+15,5.05631E+16
12389,12390,6,4,14,0,2016,4,5,1,3,5,3,1,0,0,1,0,0,0,0,4.49609E+20,5.5457E+21,8.29598E+15,5.00614E+16
12390,12391,6,5,31,3,2016,4,15,2,3,2,6,0,0,0,1,0,0,0,0,4.86055E+20,5.60465E+21,8.80299E+15,5.05936E+16
12391,12392,6,4,35,10,2016,3,20,3,3,5,3,2,0,1,1,0,0,0,0,5.12443E+20,5.56144E+21,9.17437E+15,5.0205E+16
12392,12393,6,4,31,11,2016,4,12,5,3,8,1,0,0,0,1,0,0,0,0,4.7139E+20,5.50153E+21,8.60353E+15,4.96656E+16
12393,12394,6,4,11,0,2016,4,10,7,3,5,3,0,0,1,1,0,0,0,0,4.74425E+20,5.52456E+21,8.64407E+15,4.98729E+16
12394,12395,6,5,35,1,2016,4,14,6,3,2,6,0,0,0,0,0,0,1,0,5.13955E+20,5.61825E+21,9.19767E+15,5.07159E+16
12395,12396,6,4,35,17,2016,3,8,5,3,4,2,0,0,0,1,0,0,0,0,5.03214E+20,5.55803E+21,9.04501E+15,5.01745E+16
12396,12397,6,5,35,5,2016,4,15,6,2,8,1,0,0,0,1,0,0,0,0,5.08636E+20,5.6182E+21,9.12233E+15,5.07156E+16
12397,12398,6,4,35,14,2016,3,11,3,3,5,3,0,0,1,1,0,0,0,0,4.93059E+20,5.55419E+21,8.90287E+15,5.01399E+16
12398,12399,6,6,31,15,2016,3,18,2,3,3,1,1,1,0,1,0,0,0,0,5.48119E+20,5.61142E+21,9.68068E+15,5.06527E+16
12399,12400,6,6,31,3,2016,4,12,5,3,4,1,0,1,0,1,0,0,0,0,5.55202E+20,5.5978E+21,9.77886E+15,5.05295E+16
12400,12401,6,6,33,26,2016,3,15,7,3,5,3,0,0,0,1,0,0,0,0,5.31573E+20,5.69006E+21,9.45348E+15,5.13609E+16
12401,12402,6,4,35,14,2016,4,13,4,3,3,2,0,0,0,1,0,0,0,1,4.93576E+20,5.55408E+21,8.9101E+15,5.01389E+16
12402,12403,6,4,12,0,2016,4,17,3,3,2,6,0,1,0,1,0,0,0,0,4.6802E+20,5.55E+21,8.55283E+15,5.01014E+16
12403,12404,6,4,35,14,2016,3,11,7,3,6,4,0,0,0,1,1,0,0,0,4.93605E+20,5.55334E+21,8.91052E+15,5.01323E+16
12404,12405,6,4,33,5,2016,4,8,4,3,5,3,0,0,0,1,0,0,0,0,4.52445E+20,5.53653E+21,8.33673E+15,4.99792E+16
12405,12406,6,4,38,9,2016,3,19,5,3,5,2,2,0,0,1,0,0,0,0,4.7982E+20,5.54404E+21,8.71814E+15,5.00483E+16
12406,12407,6,5,34,14,2016,4,10,3,3,4,1,0,1,0,1,0,0,0,0,4.86889E+20,5.63217E+21,8.81379E+15,5.0841E+16
12407,12408,6,4,38,9,2016,4,16,2,2,4,6,0,0,0,1,0,0,0,0,4.8003E+20,5.54446E+21,8.72104E+15,5.00521E+16
12408,12409,6,4,34,8,2016,4,17,1,2,8,7,0,0,0,0,0,1,0,0,4.62826E+20,5.5639E+21,8.47884E+15,5.02261E+16
12409,12410,6,5,32,11,2016,3,23,7,2,7,7,2,0,0,1,0,0,0,0,4.45063E+20,5.62202E+21,8.2213E+15,5.07473E+16
12410,12411,6,6,33,14,2016,4,16,7,3,4,5,0,0,0,1,0,1,0,0,5.3731E+20,5.69633E+21,9.53653E+15,5.1417E+16
12411,12412,6,4,12,0,2016,3,12,5,3,2,6,0,0,0,1,0,0,0,0,4.76101E+20,5.55E+21,8.66581E+15,5.01017E+16
12412,12413,6,4,35,29,2016,4,19,5,3,8,6,0,0,0,1,0,0,0,0,5.19734E+20,5.56454E+21,9.2767E+15,5.02327E+16
12413,12414,6,6,36,16,2016,4,17,6,3,5,3,0,0,0,1,0,0,0,0,5.61409E+20,5.68888E+21,9.88177E+15,5.13479E+16
12414,12415,6,4,14,0,2016,4,17,7,1,5,3,0,0,0,0,0,1,0,1,4.40361E+20,5.54505E+21,8.16688E+15,5.00548E+16
12415,12416,6,6,36,14,2016,3,7,4,3,5,3,0,1,0,1,0,0,0,0,5.6961E+20,5.66716E+21,9.99528E+15,5.11516E+16
12416,12417,6,6,32,4,2016,4,2,6,2,1,6,2,2,0,0,0,0,1,0,5.32741E+20,5.62659E+21,9.4645E+15,5.07901E+16
12417,12418,6,4,14,0,2016,4,14,5,3,1,2,0,0,0,1,0,1,0,0,4.44319E+20,5.54784E+21,8.22176E+15,5.00802E+16
12418,12419,6,4,35,14,2016,3,17,5,3,8,7,0,0,0,1,0,0,0,0,4.9278E+20,5.55165E+21,8.89901E+15,5.01171E+16
12419,12420,6,4,12,0,2016,4,11,6,2,2,6,0,0,0,1,0,0,0,1,4.76484E+20,5.55525E+21,8.67085E+15,5.0149E+16
12420,12421,6,6,31,16,2016,3,2,4,3,8,1,2,1,0,0,0,0,1,0,5.52463E+20,5.58599E+21,9.73855E+15,5.04235E+16
12421,12422,6,4,34,3,2016,4,17,1,3,8,1,0,0,0,0,0,1,0,0,4.57687E+20,5.56597E+21,8.40657E+15,5.02444E+16
12422,12423,6,4,14,0,2016,4,12,2,3,0,7,0,0,1,1,0,0,0,0,4.49481E+20,5.5392E+21,8.29504E+15,5.0003E+16
12423,12424,6,4,14,0,2016,4,14,4,3,2,6,0,1,0,1,0,0,0,1,4.48968E+20,5.54549E+21,8.28704E+15,5.00595E+16
12424,12425,6,6,35,11,2016,4,8,7,3,8,1,0,0,0,1,0,0,0,0,4.81421E+20,5.65644E+21,8.73489E+15,5.10592E+16
12425,12426,6,5,31,16,2016,4,12,6,3,8,1,0,1,0,1,0,0,0,0,4.86811E+20,5.60491E+21,8.81366E+15,5.0596E+16
12426,12427,6,6,35,16,2016,3,13,5,2,9,1,0,1,0,1,0,0,0,0,4.87441E+20,5.67434E+21,8.82017E+15,5.12203E+16
12427,12428,6,4,40,23,2016,4,13,6,3,2,6,0,0,0,1,0,0,0,1,4.77343E+20,5.57282E+21,8.68182E+15,5.03071E+16
12428,12429,6,5,31,5,2016,3,15,3,2,5,3,0,0,0,1,0,0,0,0,4.7332E+20,5.6014E+21,8.6233E+15,5.05639E+16
12429,12430,6,4,11,0,2016,3,18,2,3,2,6,0,1,0,1,0,0,0,0,4.71138E+20,5.52319E+21,8.59844E+15,4.98604E+16
12430,12431,6,5,31,5,2016,4,18,5,2,2,6,0,0,0,1,0,0,0,0,4.76073E+20,5.60092E+21,8.6622E+15,5.05597E+16
12431,12432,6,4,35,2,2016,4,23,3,3,8,1,2,1,0,1,0,0,0,0,5.26747E+20,5.57404E+21,9.3757E+15,5.03179E+16
12432,12433,6,4,12,0,2016,4,16,4,3,2,6,0,0,0,1,0,0,0,0,4.68208E+20,5.55247E+21,8.55525E+15,5.01236E+16
12433,12434,6,6,36,14,2016,3,13,6,3,8,1,0,1,0,1,0,0,0,0,5.69727E+20,5.66695E+21,9.99691E+15,5.11498E+16
12434,12435,6,4,34,9,2016,3,15,5,3,2,6,0,0,0,1,0,1,0,0,4.61429E+20,5.56828E+21,8.45882E+15,5.02654E+16
12435,12436,6,5,31,16,2016,4,11,3,3,2,6,0,1,0,1,0,0,0,0,4.88328E+20,5.6053E+21,8.83508E+15,5.05995E+16
12436,12437,6,4,33,6,2016,4,17,2,3,1,6,0,1,0,1,0,0,0,0,4.63939E+20,5.52791E+21,8.49784E+15,4.99025E+16
12437,12438,6,5,34,10,2016,4,15,1,2,8,6,0,0,0,1,0,1,0,0,4.66499E+20,5.62137E+21,8.52519E+15,5.07432E+16
12438,12439,6,6,36,7,2016,3,7,6,2,5,3,1,1,1,0,0,0,1,0,5.76944E+20,5.67213E+21,1.01012E+16,5.11954E+16
12439,12440,6,4,33,8,2016,4,1,7,3,4,6,2,0,0,1,0,0,0,1,4.70204E+20,5.53825E+21,8.58428E+15,4.99958E+16
12440,12441,6,5,34,1,2016,4,12,7,3,8,7,0,1,0,1,0,0,0,0,4.97467E+20,5.62867E+21,8.96406E+15,5.08098E+16
12441,12442,6,4,40,16,2016,4,14,7,2,4,6,0,0,1,1,0,0,0,0,5.01586E+20,5.58171E+21,9.02231E+15,5.03874E+16
12442,12443,6,4,13,0,2016,4,6,6,3,5,2,1,1,0,1,0,0,0,0,4.84449E+20,5.5493E+21,8.78258E+15,5.00957E+16
12443,12444,6,5,31,5,2016,4,13,6,3,1,5,0,0,0,1,0,0,0,1,4.75927E+20,5.60499E+21,8.65987E+15,5.05963E+16
12444,12445,6,4,36,9,2016,4,14,2,3,6,4,0,0,0,1,1,0,0,0,4.62041E+20,5.54739E+21,8.46949E+15,5.00776E+16
12445,12446,6,4,40,1,2016,4,20,3,3,5,3,2,1,0,1,0,0,0,0,4.96863E+20,5.56848E+21,8.95598E+15,5.02685E+16
12446,12447,6,4,34,11,2016,3,0,5,2,8,7,2,1,0,1,0,0,0,0,4.7052E+20,5.57975E+21,8.58547E+15,5.03691E+16
12447,12448,6,4,39,13,2016,4,11,5,3,5,3,0,0,1,1,0,0,0,0,4.24097E+20,5.53713E+21,7.94129E+15,4.99816E+16
12448,12449,6,4,35,25,2016,4,14,6,2,5,3,0,0,0,1,0,0,0,0,5.37817E+20,5.58171E+21,9.53195E+15,5.03862E+16
12449,12450,6,4,39,6,2016,4,17,5,2,2,6,0,0,0,1,0,0,0,1,4.36808E+20,5.5603E+21,8.11473E+15,5.01915E+16
12450,12451,6,6,11,0,2016,4,7,2,3,2,2,0,0,0,1,0,0,0,1,5.29842E+20,5.68351E+21,9.42806E+15,5.13021E+16
12451,12452,6,4,32,2,2016,4,6,4,3,3,6,1,1,0,1,0,0,0,0,4.98143E+20,5.5377E+21,8.97409E+15,4.99916E+16
12452,12453,6,4,31,5,2016,4,3,7,3,9,1,2,0,0,1,0,0,0,0,4.60379E+20,5.49823E+21,8.4513E+15,4.96353E+16
12453,12454,6,6,34,17,2016,4,19,5,1,7,7,1,0,0,0,0,1,0,0,5.26299E+20,5.63715E+21,9.37387E+15,5.08854E+16
12454,12455,6,4,35,18,2016,3,19,2,3,9,1,0,1,0,1,0,0,0,0,5.1467E+20,5.55597E+21,9.20536E+15,5.01558E+16
12455,12456,6,4,12,0,2016,4,0,4,2,9,1,2,1,0,1,0,0,0,0,4.75401E+20,5.56158E+21,8.65529E+15,5.02059E+16
12456,12457,6,4,32,5,2016,4,16,3,3,5,3,0,0,0,1,0,0,0,0,4.90575E+20,5.53297E+21,8.86863E+15,4.9949E+16
12457,12458,6,6,36,3,2016,4,16,2,3,2,2,0,0,0,1,0,0,0,0,5.72002E+20,5.67186E+21,1.00304E+16,5.11936E+16
12458,12459,6,5,34,10,2016,4,12,1,3,0,6,0,0,1,1,0,0,0,0,4.72045E+20,5.6222E+21,8.60372E+15,5.07509E+16
12459,12460,6,4,12,0,2016,4,18,2,3,2,6,0,0,0,1,0,0,0,0,4.80843E+20,5.55187E+21,8.73203E+15,5.01187E+16
12460,12461,6,4,38,3,2016,4,18,4,3,2,6,0,0,0,1,0,0,0,0,4.72838E+20,5.53734E+21,8.62109E+15,4.99878E+16
12461,12462,6,4,31,16,2016,4,8,7,3,1,7,0,0,0,1,0,0,0,0,4.65867E+20,5.49985E+21,8.52715E+15,4.96502E+16
12462,12463,6,5,33,3,2016,3,0,5,3,2,6,2,0,0,1,0,0,0,0,4.46687E+20,5.5741E+21,8.25117E+15,5.03166E+16
12463,12464,6,4,14,0,2016,4,12,5,3,2,6,0,0,0,1,0,0,0,0,4.44523E+20,5.54657E+21,8.22479E+15,5.00688E+16
12464,12465,6,4,14,0,2016,3,12,2,3,3,5,0,1,0,1,0,1,0,0,4.45932E+20,5.54758E+21,8.24434E+15,5.00781E+16
12465,12466,6,6,35,15,2016,3,17,1,3,9,7,0,0,0,1,0,0,0,0,4.92222E+20,5.68571E+21,8.88838E+15,5.13226E+16
12466,12467,6,4,12,0,2016,4,18,5,3,2,6,0,0,0,1,0,0,0,0,4.72174E+20,5.54613E+21,8.6112E+15,5.00668E+16
12467,12468,6,5,31,6,2016,4,8,4,2,2,6,0,0,0,0,0,0,1,0,4.95478E+20,5.60937E+21,8.93605E+15,5.06362E+16
12468,12469,6,4,12,0,2016,3,15,6,2,6,4,0,1,0,1,1,0,0,0,4.6853E+20,5.55003E+21,8.55996E+15,5.01017E+16
12469,12470,6,4,12,0,2016,4,17,3,3,2,6,0,1,0,1,0,0,0,0,4.70114E+20,5.55345E+21,8.58184E+15,5.01325E+16
12470,12471,6,6,31,8,2016,4,7,2,3,9,1,1,0,0,1,0,0,0,0,5.38141E+20,5.58235E+21,9.53657E+15,5.0392E+16
12471,12472,6,5,32,22,2016,4,15,1,2,8,1,0,0,0,0,0,1,0,0,4.61084E+20,5.59005E+21,8.45173E+15,5.04612E+16
12472,12473,6,4,13,0,2016,4,16,7,2,9,1,0,0,0,0,0,1,0,0,4.80284E+20,5.54578E+21,8.72453E+15,5.0064E+16
12473,12474,6,5,32,23,2016,4,22,7,3,0,1,2,1,0,0,0,1,0,0,4.64458E+20,5.60087E+21,8.49823E+15,5.05587E+16
12474,12475,6,6,35,11,2016,4,7,6,3,9,1,0,1,0,1,0,0,0,0,4.86882E+20,5.65768E+21,8.81276E+15,5.10705E+16
12475,12476,6,4,31,20,2016,4,11,2,3,1,6,0,0,0,1,0,0,0,0,4.7071E+20,5.48742E+21,8.59516E+15,4.95387E+16
12476,12477,6,5,35,2,2016,4,6,3,3,3,6,0,0,1,0,0,0,0,1,5.14284E+20,5.62481E+21,9.20258E+15,5.07749E+16
12477,12478,6,6,32,2,2016,3,9,4,3,9,1,0,0,0,1,0,0,0,0,5.56292E+20,5.6369E+21,9.80019E+15,5.08811E+16
12478,12479,6,4,35,15,2016,4,11,5,3,1,3,0,0,0,1,0,0,0,0,5.07291E+20,5.55592E+21,9.10207E+15,5.01555E+16
12479,12480,6,4,35,2,2016,4,23,6,2,9,1,2,1,0,1,0,0,0,0,5.24238E+20,5.57564E+21,9.34055E+15,5.03324E+16
12480,12481,6,6,32,3,2016,4,13,6,3,8,7,0,0,1,0,0,0,0,0,5.53506E+20,5.64571E+21,9.76189E+15,5.09605E+16
12481,12482,6,4,31,11,2016,4,8,5,2,5,3,0,1,0,1,0,0,1,0,4.71922E+20,5.49941E+21,8.61106E+15,4.96466E+16
12482,12483,6,6,31,15,2016,3,12,1,3,9,7,0,1,0,1,0,0,0,0,5.55504E+20,5.61913E+21,9.7863E+15,5.07213E+16
12483,12484,6,5,32,3,2016,4,17,4,3,9,1,0,1,0,1,0,0,0,0,4.58746E+20,5.59492E+21,8.41825E+15,5.05048E+16
12484,12485,6,6,11,0,2016,4,18,7,2,8,1,0,0,0,1,0,0,0,0,5.33231E+20,5.68095E+21,9.47645E+15,5.12789E+16
12485,12486,6,6,34,7,2016,3,0,7,3,8,1,2,1,0,1,0,0,0,0,5.24065E+20,5.67064E+21,9.34434E+15,5.11867E+16
12486,12487,6,4,38,8,2016,4,21,3,3,5,3,2,0,0,1,0,0,0,0,4.87174E+20,5.55207E+21,8.82059E+15,5.01208E+16
12487,12488,6,5,33,2,2016,4,8,2,3,5,3,0,0,0,1,0,0,0,0,4.40731E+20,5.57646E+21,8.16715E+15,5.03372E+16
12488,12489,6,6,33,19,2016,4,14,1,3,4,5,0,0,0,1,0,0,0,0,5.46449E+20,5.6846E+21,9.66641E+15,5.13108E+16
12489,12490,6,4,12,0,2016,4,14,3,3,1,5,0,1,0,1,0,1,0,0,4.68915E+20,5.54978E+21,8.56537E+15,5.00995E+16
12490,12491,6,6,36,3,2016,4,11,5,3,1,5,0,0,0,1,0,0,0,0,5.69488E+20,5.67154E+21,9.99438E+15,5.1191E+16
12491,12492,6,5,31,14,2016,4,11,1,3,3,6,0,0,0,1,0,0,0,0,4.81642E+20,5.5944E+21,8.74114E+15,5.05013E+16
12492,12493,6,5,35,9,2016,3,7,5,2,4,6,0,1,0,1,0,0,1,0,4.97868E+20,5.62297E+21,8.96977E+15,5.07585E+16
12493,12494,6,5,33,9,2016,4,12,6,3,3,6,0,0,0,1,0,0,1,0,4.33831E+20,5.58314E+21,8.06903E+15,5.03966E+16
12494,12495,6,6,31,16,2016,4,7,6,3,9,1,0,2,0,1,0,0,0,0,5.47949E+20,5.58604E+21,9.67502E+15,5.04245E+16
12495,12496,6,6,11,0,2016,3,9,4,2,2,6,0,1,0,1,0,0,0,0,5.35339E+20,5.6855E+21,9.50711E+15,5.13197E+16
12496,12497,6,5,34,16,2016,3,7,4,3,8,6,0,1,0,1,0,0,0,1,5.07405E+20,5.63164E+21,9.10517E+15,5.08364E+16
12497,12498,6,6,32,2,2016,4,16,1,2,5,2,0,0,0,1,0,1,0,0,5.51339E+20,5.63522E+21,9.72955E+15,5.08664E+16
12498,12499,6,6,33,26,2016,4,15,3,3,5,3,0,0,0,1,0,0,0,0,5.31574E+20,5.69006E+21,9.45349E+15,5.13609E+16
12499,12500,6,5,31,5,2016,4,16,3,3,3,6,0,1,0,1,0,0,0,0,4.80017E+20,5.60657E+21,8.71758E+15,5.06106E+16
12500,12501,6,5,35,13,2016,4,6,2,3,2,6,2,0,0,1,0,0,0,1,4.97505E+20,5.6098E+21,8.96472E+15,5.06401E+16
12501,12502,6,5,35,1,2016,4,7,1,3,8,7,0,0,0,1,0,0,0,0,5.21798E+20,5.62271E+21,9.30903E+15,5.07558E+16
12502,12503,6,4,33,10,2016,4,11,7,3,2,6,0,0,0,1,0,0,0,0,4.63101E+20,5.53933E+21,8.48508E+15,5.00052E+16
12503,12504,6,4,32,2,2016,3,6,5,3,4,6,2,1,0,1,0,0,1,0,4.97156E+20,5.53609E+21,8.96034E+15,4.99771E+16
12504,12505,6,4,12,0,2016,4,12,7,3,8,7,0,1,0,1,0,0,0,0,4.73654E+20,5.55368E+21,8.63135E+15,5.01347E+16
12505,12506,6,4,31,5,2016,4,6,6,2,4,7,2,1,0,1,0,0,0,0,4.60747E+20,5.50097E+21,8.45611E+15,4.966E+16
12506,12507,6,4,31,7,2016,3,14,4,3,4,6,0,1,0,1,0,0,0,0,4.87554E+20,5.50129E+21,8.82754E+15,4.9664E+16
12507,12508,6,4,38,9,2016,4,14,2,3,2,6,0,0,0,1,0,0,0,0,4.74107E+20,5.54489E+21,8.63829E+15,5.00557E+16
12508,12509,6,6,31,18,2016,4,10,3,2,5,3,0,0,0,1,0,0,0,0,5.43311E+20,5.58804E+21,9.60996E+15,5.04427E+16
12509,12510,6,4,13,0,2016,3,13,3,3,2,6,0,0,0,1,0,0,1,1,4.80861E+20,5.55057E+21,8.73235E+15,5.0107E+16
12510,12511,6,5,34,14,2016,4,10,5,3,5,3,0,0,1,1,0,0,0,0,4.83954E+20,5.62847E+21,8.77227E+15,5.08077E+16
12511,12512,6,4,35,20,2016,4,10,7,3,2,7,0,0,0,1,0,1,0,0,5.00068E+20,5.55909E+21,9.00095E+15,5.0184E+16
12512,12513,6,5,35,1,2016,4,10,6,3,3,2,0,1,0,1,0,0,0,0,5.18791E+20,5.62346E+21,9.26643E+15,5.07626E+16
12513,12514,6,4,40,5,2016,4,12,6,2,2,2,0,0,0,1,0,0,0,0,4.78885E+20,5.58367E+21,8.70287E+15,5.04046E+16
12514,12515,6,4,38,12,2016,4,8,5,3,5,3,0,1,0,0,0,0,1,0,4.88318E+20,5.53385E+21,8.83714E+15,4.99569E+16
12515,12516,6,5,31,5,2016,3,17,1,3,2,6,0,0,0,1,0,0,0,0,4.79457E+20,5.60443E+21,8.70978E+15,5.05914E+16
12516,12517,6,4,12,0,2016,4,1,4,3,2,6,2,1,0,1,0,0,1,0,4.71766E+20,5.55652E+21,8.60472E+15,5.01602E+16
12517,12518,6,5,31,5,2016,4,17,6,3,1,6,0,0,0,1,0,1,0,0,4.76336E+20,5.6041E+21,8.66571E+15,5.05884E+16
12518,12519,6,4,40,8,2016,3,9,7,3,5,3,0,0,0,1,0,0,0,0,4.84007E+20,5.57495E+21,8.77532E+15,5.03264E+16
12519,12520,6,4,35,19,2016,4,8,4,2,5,3,0,1,0,1,0,1,0,0,4.89517E+20,5.55316E+21,8.85333E+15,5.01306E+16
12520,12521,6,4,40,15,2016,4,18,3,3,9,6,1,1,0,1,0,0,0,1,4.84666E+20,5.58845E+21,8.78402E+15,5.04479E+16
12521,12522,6,4,12,0,2016,4,17,2,3,5,3,0,1,0,1,0,1,0,0,4.76138E+20,5.55514E+21,8.66602E+15,5.0148E+16
12522,12523,6,6,35,1,2016,4,5,1,3,9,1,2,0,0,1,0,0,0,0,4.76504E+20,5.65244E+21,8.66498E+15,5.1023E+16
12523,12524,6,5,33,8,2016,4,16,7,3,5,3,0,0,0,1,0,0,0,0,4.36976E+20,5.57772E+21,8.11418E+15,5.03482E+16
12524,12525,6,4,40,23,2016,3,15,5,3,2,6,0,0,0,1,0,0,1,0,4.76312E+20,5.56966E+21,8.66754E+15,5.02786E+16
12525,12526,6,5,32,1,2016,4,14,6,3,5,3,0,0,0,1,0,0,0,0,4.61783E+20,5.60455E+21,8.46009E+15,5.05916E+16
12526,12527,6,5,35,11,2016,4,18,5,3,2,6,0,0,0,1,0,0,0,0,5.28117E+20,5.60937E+21,9.39759E+15,5.06355E+16
12527,12528,6,5,31,12,2016,3,11,5,3,9,3,0,1,0,1,0,0,0,0,4.76897E+20,5.59881E+21,8.67396E+15,5.05407E+16
12528,12529,6,4,12,0,2016,4,12,6,3,6,6,0,0,0,0,1,0,0,1,4.67948E+20,5.5502E+21,8.55181E+15,5.01032E+16
12529,12530,6,6,11,0,2016,3,5,4,3,5,7,2,1,0,1,0,0,0,0,5.33027E+20,5.68228E+21,9.47364E+15,5.12909E+16
12530,12531,6,6,31,18,2016,3,17,4,3,5,3,0,1,0,1,0,0,0,0,5.43566E+20,5.58944E+21,9.61372E+15,5.04553E+16
12531,12532,6,6,34,5,2016,4,14,1,2,2,1,0,0,0,1,0,0,0,0,5.15625E+20,5.66367E+21,9.22328E+15,5.11243E+16
12532,12533,6,5,33,6,2016,4,16,2,3,2,6,0,0,0,1,0,1,0,0,4.3151E+20,5.58495E+21,8.03604E+15,5.04126E+16
12533,12534,6,4,32,2,2016,3,12,3,3,3,6,0,0,1,0,0,0,0,1,4.96117E+20,5.53015E+21,8.94591E+15,4.99237E+16
12534,12535,6,5,32,15,2016,4,9,1,3,5,2,0,0,0,1,0,1,0,0,4.68497E+20,5.60226E+21,8.55512E+15,5.05714E+16
12535,12536,6,6,34,9,2016,4,13,4,2,8,1,0,0,0,0,0,1,0,0,5.25424E+20,5.65284E+21,9.36253E+15,5.10266E+16
12536,12537,6,6,11,0,2016,4,17,7,3,2,6,0,0,0,1,0,1,0,0,5.34952E+20,5.68565E+21,9.50158E+15,5.13211E+16
12537,12538,6,4,11,0,2016,4,13,6,3,2,6,0,0,0,1,0,0,0,0,4.73487E+20,5.51909E+21,8.6314E+15,4.98237E+16
12538,12539,6,5,33,9,2016,3,7,5,3,5,3,0,0,0,1,0,0,0,0,4.35351E+20,5.58748E+21,8.08966E+15,5.04358E+16
12539,12540,6,4,36,4,2016,4,9,6,3,2,6,0,0,0,0,0,0,0,1,4.60601E+20,5.54238E+21,8.44988E+15,5.00324E+16
12540,12541,6,5,32,21,2016,3,12,3,3,8,1,0,0,0,1,0,0,0,0,4.58179E+20,5.60039E+21,8.40965E+15,5.05539E+16
12541,12542,6,6,32,11,2016,3,21,2,2,8,1,2,1,0,0,0,0,0,1,5.41377E+20,5.63219E+21,9.58765E+15,5.08399E+16
12542,12543,6,5,32,16,2016,4,6,5,3,9,1,1,1,0,1,0,0,0,0,4.55605E+20,5.59911E+21,8.37347E+15,5.05423E+16
12543,12544,6,4,12,0,2016,3,13,7,2,5,3,0,0,1,1,0,0,0,0,4.69977E+20,5.54983E+21,8.58021E+15,5.01E+16
12544,12545,6,4,12,0,2016,4,8,3,3,4,6,0,1,0,1,0,0,1,0,4.82378E+20,5.55204E+21,8.7535E+15,5.01203E+16
12545,12546,6,6,34,7,2016,4,12,3,3,2,6,0,1,0,1,0,0,1,0,5.22405E+20,5.66837E+21,9.32045E+15,5.11663E+16
12546,12547,6,4,38,4,2016,3,9,3,3,2,6,0,0,0,1,0,0,0,0,4.97837E+20,5.54608E+21,8.96978E+15,5.0067E+16
12547,12548,6,4,12,0,2016,4,18,5,3,2,6,0,0,0,1,0,0,0,0,4.74045E+20,5.55359E+21,8.63682E+15,5.0134E+16
12548,12549,6,4,14,0,2016,4,19,7,3,5,2,0,0,0,1,0,0,0,0,4.44225E+20,5.54752E+21,8.2205E+15,5.00774E+16