FID,OBJECTID,ULAND,UREGBEZ,UKREIS,UGEMEINDE,UJAHR,UMONAT,USTUNDE,UWOCHENTAG,UKATEGORIE,UART,UTYP1,ULICHTVERH,IstStrasse,IstRad,IstPKW,IstFuss,IstKrad,IstGkfz,IstSonstig,LINREFX,LINREFY,XGCSWGS84,YGCSWGS84
12731,12732,6,5,32,23,2016,4,14,3,3,8,1,0,1,0,1,0,0,0,0,4.67121E+20,5.60011E+21,8.53589E+15,5.0552E+16
12732,12733,6,4,40,23,2016,4,12,2,3,2,6,0,0,0,1,0,0,1,0,4.78728E+20,5.57321E+21,8.70126E+15,5.03106E+16
12733,12734,6,4,40,17,2016,4,17,1,2,8,1,0,0,0,0,0,1,0,0,4.87027E+20,5.57322E+21,8.8178E+15,5.0311E+16
12734,12735,6,5,34,21,2016,3,3,6,3,8,1,2,1,0,0,0,0,0,1,4.83642E+20,5.63643E+21,8.76748E+15,5.08793E+16
12735,12736,6,4,31,13,2016,4,7,7,3,1,6,0,1,0,1,0,0,0,0,4.56796E+20,5.49831E+21,8.40166E+15,4.96358E+16
12736,12737,6,4,34,1,2016,4,11,7,3,8,1,0,0,0,0,0,1,0,0,4.69258E+20,5.56854E+21,8.56864E+15,5.02682E+16
12737,12738,6,4,13,0,2016,4,15,6,3,2,6,0,0,0,1,0,0,0,0,4.81767E+20,5.54798E+21,8.74515E+15,5.00838E+16
12738,12739,6,4,36,9,2016,4,14,2,3,2,6,0,0,0,1,0,0,0,0,4.62243E+20,5.54719E+21,8.47233E+15,5.00758E+16
12739,12740,6,4,39,13,2016,3,12,5,3,8,1,0,1,0,1,0,0,0,0,4.24645E+20,5.53696E+21,7.94896E+15,4.99802E+16
12740,12741,6,6,34,5,2016,4,15,5,2,2,6,0,0,0,1,0,0,0,0,5.18728E+20,5.66935E+21,9.2679E+15,5.11752E+16
12741,12742,6,4,39,8,2016,4,0,6,3,5,3,2,0,0,1,0,0,0,0,4.49182E+20,5.56917E+21,8.28687E+15,5.02725E+16
12742,12743,6,6,36,11,2016,4,12,5,2,2,2,0,0,0,1,0,0,0,0,5.62376E+20,5.65663E+21,9.89004E+15,5.10579E+16
12743,12744,6,6,33,28,2016,4,7,2,3,2,6,0,0,0,1,0,0,0,0,5.17226E+20,5.68413E+21,9.24713E+15,5.13083E+16
12744,12745,6,4,37,9,2016,4,12,4,3,2,6,0,0,0,1,0,0,0,0,4.99981E+20,5.5158E+21,8.99973E+15,4.97946E+16
12745,12746,6,6,35,4,2016,4,18,7,3,9,6,0,0,0,1,0,1,0,0,4.78625E+20,5.64927E+21,8.69542E+15,5.09946E+16
12746,12747,6,6,11,0,2016,3,19,5,3,5,2,2,0,0,1,0,0,0,0,5.31774E+20,5.68234E+21,9.45568E+15,5.12915E+16
12747,12748,6,4,37,11,2016,4,16,5,3,2,6,0,0,0,1,0,0,0,0,4.99933E+20,5.50205E+21,8.99907E+15,4.9671E+16
12748,12749,6,4,35,9,2016,3,15,2,3,5,3,0,0,0,1,0,0,0,0,5.09206E+20,5.55514E+21,9.12886E+15,5.01485E+16
12749,12750,6,4,35,4,2016,3,18,1,2,9,7,0,0,0,1,0,0,0,0,5.21975E+20,5.57787E+21,9.3089E+15,5.03525E+16
12750,12751,6,4,14,0,2016,4,18,4,3,0,2,0,0,0,0,0,0,0,1,4.44709E+20,5.54679E+21,8.22736E+15,5.00708E+16
12751,12752,6,4,12,0,2016,4,17,3,3,3,2,0,1,0,1,0,0,0,1,4.75119E+20,5.55048E+21,8.65206E+15,5.0106E+16
12752,12753,6,6,11,0,2016,4,11,3,3,5,3,0,0,1,0,0,0,1,0,5.36736E+20,5.68448E+21,9.52706E+15,5.13104E+16
12753,12754,6,4,11,0,2016,4,14,3,3,7,7,0,0,0,1,0,0,1,0,4.73628E+20,5.5195E+21,8.63333E+15,4.98273E+16
12754,12755,6,4,33,10,2016,4,16,2,3,2,6,0,1,0,1,0,0,0,0,4.63635E+20,5.5417E+21,8.49231E+15,5.00265E+16
12755,12756,6,5,35,13,2016,4,15,1,2,2,6,0,0,0,1,0,0,0,0,5.01312E+20,5.61208E+21,9.01856E+15,5.06605E+16
12756,12757,6,4,33,10,2016,4,13,7,2,2,6,0,0,0,1,0,0,0,0,4.63885E+20,5.54044E+21,8.49591E+15,5.00151E+16
12757,12758,6,6,34,3,2016,4,18,7,3,8,1,0,1,0,1,0,0,0,0,5.33792E+20,5.66338E+21,9.48283E+15,5.11209E+16
12758,12759,6,4,40,21,2016,4,16,6,3,5,3,0,0,0,1,0,1,0,0,4.87273E+20,5.57871E+21,8.82107E+15,5.03603E+16
12759,12760,6,6,11,0,2016,3,19,2,3,5,3,2,0,0,1,0,0,0,0,5.33619E+20,5.68288E+21,9.48219E+15,5.12963E+16
12760,12761,6,4,12,0,2016,3,13,1,3,3,6,0,1,0,1,0,0,0,1,4.70373E+20,5.54476E+21,8.58613E+15,5.00544E+16
12761,12762,6,6,32,11,2016,4,18,5,3,3,6,0,0,0,1,0,0,1,0,5.40315E+20,5.63063E+21,9.57241E+15,5.0826E+16
12762,12763,6,4,11,0,2016,4,8,4,3,1,5,0,0,0,1,0,0,1,0,4.73702E+20,5.52006E+21,8.63432E+15,4.98324E+16
12763,12764,6,5,32,16,2016,3,18,6,3,5,3,1,1,1,1,0,0,0,0,4.54461E+20,5.59992E+21,8.35722E+15,5.05494E+16
12764,12765,6,4,12,0,2016,4,16,3,3,3,6,0,1,0,1,0,0,1,0,4.71703E+20,5.55053E+21,8.60428E+15,5.01064E+16
12765,12766,6,4,35,14,2016,4,22,2,3,0,3,2,0,0,1,0,0,0,0,4.95645E+20,5.55166E+21,8.93908E+15,5.01172E+16
12766,12767,6,5,32,23,2016,4,23,1,2,9,1,2,0,0,1,0,0,0,0,4.67733E+20,5.60032E+21,8.54451E+15,5.05539E+16
12767,12768,6,5,32,3,2016,4,19,7,3,8,1,0,0,0,0,0,1,0,0,4.60514E+20,5.59403E+21,8.44328E+15,5.04969E+16
12768,12769,6,6,31,18,2016,4,3,7,1,8,1,2,1,0,1,0,0,0,0,5.37941E+20,5.595E+21,9.53504E+15,5.05057E+16
12769,12770,6,4,40,7,2016,4,16,7,3,5,3,0,0,0,1,0,1,0,0,4.95391E+20,5.57542E+21,8.93524E+15,5.03308E+16
12770,12771,6,6,35,14,2016,4,17,6,2,9,1,0,0,0,0,0,1,0,0,4.71224E+20,5.65208E+21,8.58973E+15,5.10195E+16
12771,12772,6,6,11,0,2016,4,5,6,2,6,4,2,1,0,1,1,0,0,0,5.3557E+20,5.68468E+21,9.51034E+15,5.13123E+16
12772,12773,6,4,40,24,2016,4,18,2,3,5,3,0,0,1,1,0,0,0,0,4.86114E+20,5.58252E+21,8.80465E+15,5.03945E+16
12773,12774,6,5,35,1,2016,4,13,3,3,5,3,0,0,0,1,0,0,1,0,5.21026E+20,5.6221E+21,9.29805E+15,5.07503E+16
12774,12775,6,4,31,19,2016,4,12,5,3,5,3,0,0,1,1,0,0,0,0,4.82382E+20,5.49705E+21,8.75606E+15,4.96257E+16
12775,12776,6,4,36,7,2016,4,13,6,3,5,3,0,1,0,1,0,0,1,0,4.61167E+20,5.54939E+21,8.45707E+15,5.00955E+16
12776,12777,6,4,12,0,2016,4,17,6,3,1,5,0,0,0,1,0,0,0,0,4.81109E+20,5.55208E+21,8.73574E+15,5.01207E+16
12777,12778,6,4,36,5,2016,4,10,5,3,0,3,0,0,0,0,0,1,0,0,4.62488E+20,5.54368E+21,8.4761E+15,5.00442E+16
12778,12779,6,4,32,17,2016,3,19,1,2,8,1,0,0,0,1,0,0,0,0,4.94904E+20,5.51804E+21,8.92916E+15,4.98148E+16
12779,12780,6,6,31,9,2016,4,9,4,2,3,1,0,0,0,1,0,0,1,0,5.47797E+20,5.59962E+21,9.67462E+15,5.05466E+16
12780,12781,6,4,35,11,2016,4,16,7,3,2,6,0,0,0,1,0,0,0,0,4.9823E+20,5.54789E+21,8.97526E+15,5.00832E+16
12781,12782,6,6,34,12,2016,3,11,7,3,5,3,0,0,0,1,0,0,0,0,5.36456E+20,5.66858E+21,9.52143E+15,5.11675E+16
12782,12783,6,6,32,3,2016,4,7,5,3,8,1,0,1,0,1,0,0,0,0,5.56868E+20,5.64953E+21,9.81034E+15,5.09945E+16
12783,12784,6,4,38,9,2016,4,17,3,3,5,3,0,1,0,1,0,0,0,1,4.78182E+20,5.54442E+21,8.69523E+15,5.00517E+16
12784,12785,6,5,33,2,2016,4,13,2,3,5,2,0,0,0,1,0,0,0,0,4.42537E+20,5.57809E+21,8.19228E+15,5.03521E+16
12785,12786,6,4,12,0,2016,4,14,3,3,0,7,0,1,1,1,0,0,0,0,4.67962E+20,5.55018E+21,8.552E+15,5.0103E+16
12786,12787,6,4,31,22,2016,4,14,1,3,2,6,0,0,0,1,0,0,0,0,4.70748E+20,5.50776E+21,8.59417E+15,4.97216E+16
12787,12788,6,4,31,2,2016,3,9,5,3,8,1,0,1,0,1,0,0,0,0,4.7504E+20,5.50459E+21,8.65392E+15,4.96934E+16
12788,12789,6,6,36,3,2016,4,11,6,3,2,1,0,1,0,1,0,0,0,0,5.73402E+20,5.67088E+21,1.00502E+16,5.11846E+16
12789,12790,6,6,31,12,2016,4,7,6,3,4,7,0,1,0,1,0,0,1,1,5.67913E+20,5.60262E+21,9.95905E+15,5.05716E+16
12790,12791,6,6,11,0,2016,3,13,4,3,2,6,0,0,0,1,0,0,0,0,5.35806E+20,5.68595E+21,9.51387E+15,5.13238E+16
12791,12792,6,5,35,1,2016,3,18,4,3,8,1,0,0,0,1,0,0,0,0,5.18097E+20,5.62282E+21,9.25657E+15,5.07569E+16
12792,12793,6,4,12,0,2016,4,12,1,3,8,7,0,0,0,1,0,0,0,0,4.69871E+20,5.54462E+21,8.57914E+15,5.00531E+16
12793,12794,6,4,38,11,2016,4,19,3,2,3,6,0,1,0,1,0,0,1,0,4.91137E+20,5.54527E+21,8.87618E+15,5.00596E+16
12794,12795,6,4,35,28,2016,3,13,3,2,8,1,0,1,0,0,0,0,0,1,5.33031E+20,5.57788E+21,9.46429E+15,5.03521E+16
12795,12796,6,6,31,6,2016,4,18,5,2,2,6,0,0,0,1,0,0,0,0,5.50606E+20,5.5928E+21,9.71334E+15,5.0485E+16
12796,12797,6,4,14,0,2016,4,1,7,2,9,1,2,0,0,0,0,1,0,0,4.40197E+20,5.54635E+21,8.16439E+15,5.00664E+16
12797,12798,6,5,32,23,2016,4,10,6,3,2,6,0,1,0,1,0,0,0,0,4.69223E+20,5.60059E+21,8.56551E+15,5.05564E+16
12798,12799,6,5,34,14,2016,4,19,6,3,3,6,1,0,0,1,0,0,0,0,4.85259E+20,5.62761E+21,8.79082E+15,5.08E+16
12799,12800,6,5,35,1,2016,4,18,5,2,8,7,0,0,1,0,0,0,0,0,5.19019E+20,5.62265E+21,9.26962E+15,5.07553E+16
12800,12801,6,6,32,15,2016,3,15,7,3,2,2,0,0,0,1,0,1,0,0,5.4497E+20,5.62947E+21,9.63835E+15,5.08152E+16
12801,12802,6,4,36,6,2016,3,15,4,3,8,1,0,1,0,1,0,0,0,0,4.55341E+20,5.54445E+21,8.37619E+15,5.00507E+16
12802,12803,6,4,13,0,2016,4,9,2,3,2,6,0,0,0,1,0,0,0,0,4.80138E+20,5.54584E+21,8.72248E+15,5.00645E+16
12803,12804,6,5,34,11,2016,4,14,3,3,5,3,0,0,0,1,0,0,0,0,4.95294E+20,5.6304E+21,8.93319E+15,5.08253E+16
12804,12805,6,4,14,0,2016,3,14,3,2,2,6,0,0,0,1,0,0,0,0,4.46176E+20,5.54688E+21,8.24784E+15,5.00718E+16
12805,12806,6,5,34,12,2016,4,16,5,2,5,3,0,0,0,1,0,1,0,0,4.82874E+20,5.6356E+21,8.7566E+15,5.08718E+16
12806,12807,6,4,32,20,2016,4,12,6,2,4,6,0,0,0,1,0,0,0,0,4.85234E+20,5.52464E+21,8.7945E+15,4.9874E+16
12807,12808,6,4,31,17,2016,4,16,6,3,5,3,0,0,0,1,0,1,0,0,4.80545E+20,5.49366E+21,8.73079E+15,4.95952E+16
12808,12809,6,4,38,12,2016,4,11,5,2,5,7,0,0,0,1,0,0,0,1,4.87281E+20,5.53398E+21,8.82269E+15,4.9958E+16
12809,12810,6,4,14,0,2016,3,17,1,2,3,1,0,0,0,1,0,0,0,0,4.43657E+20,5.54389E+21,8.21309E+15,5.00446E+16
12810,12811,6,4,33,7,2016,4,8,4,1,7,4,0,0,0,1,1,0,0,0,4.68096E+20,5.54423E+21,8.55437E+15,5.00495E+16
12811,12812,6,4,35,7,2016,4,10,6,3,4,7,0,0,0,1,0,0,0,0,4.99243E+20,5.55605E+21,8.9894E+15,5.01566E+16
12812,12813,6,4,32,21,2016,3,19,7,3,8,1,1,0,0,1,0,0,0,0,5.01075E+20,5.53007E+21,9.01497E+15,4.9923E+16
12813,12814,6,4,38,6,2016,4,10,4,3,0,7,0,0,0,1,0,0,0,0,4.72285E+20,5.5416E+21,8.61308E+15,5.00261E+16
12814,12815,6,4,36,7,2016,4,13,3,2,8,1,0,1,0,1,0,0,0,0,4.57154E+20,5.54575E+21,8.40137E+15,5.00625E+16
12815,12816,6,4,14,0,2016,4,9,2,3,2,7,0,1,0,1,0,0,0,0,4.44088E+20,5.54935E+21,8.21831E+15,5.00938E+16
12816,12817,6,6,11,0,2016,4,22,1,2,6,7,2,0,0,0,1,0,0,1,5.34874E+20,5.68568E+21,9.50046E+15,5.13213E+16
12817,12818,6,4,33,10,2016,3,15,5,3,2,6,0,0,0,1,0,0,0,0,4.63867E+20,5.5418E+21,8.49553E+15,5.00274E+16
12818,12819,6,4,12,0,2016,4,10,6,3,4,6,0,0,0,1,0,0,0,0,4.8203E+20,5.55589E+21,8.74845E+15,5.0155E+16
12819,12820,6,6,32,12,2016,4,12,5,2,5,3,0,0,1,1,0,0,0,0,5.52364E+20,5.63877E+21,9.74462E+15,5.08982E+16
12820,12821,6,6,31,9,2016,3,13,5,3,2,6,0,0,0,1,0,0,0,0,5.48174E+20,5.59976E+21,9.67995E+15,5.05478E+16
12821,12822,6,4,12,0,2016,4,16,6,3,6,7,0,0,0,1,1,0,0,0,4.64446E+20,5.54897E+21,8.50295E+15,5.00919E+16
12822,12823,6,6,34,24,2016,3,9,4,3,9,1,0,1,0,1,0,0,0,0,5.48007E+20,5.66632E+21,9.68632E+15,5.11463E+16
12823,12824,6,6,31,9,2016,3,16,4,2,3,6,0,1,0,1,0,0,0,0,5.48126E+20,5.60047E+21,9.67936E+15,5.05542E+16
12824,12825,6,4,11,0,2016,4,16,1,3,2,6,0,0,0,1,0,0,0,0,4.74539E+20,5.52461E+21,8.64566E+15,4.98733E+16
12825,12826,6,6,34,9,2016,4,16,2,3,9,1,0,0,0,1,0,0,0,0,5.24407E+20,5.65323E+21,9.34806E+15,5.10301E+16
12826,12827,6,4,40,11,2016,3,17,3,3,8,1,0,0,0,1,0,0,0,1,5.08398E+20,5.5819E+21,9.11814E+15,5.03891E+16
12827,12828,6,6,31,9,2016,4,23,1,3,5,7,2,0,0,1,0,0,0,0,5.49076E+20,5.59956E+21,9.69265E+15,5.05459E+16
12828,12829,6,6,36,3,2016,4,9,4,3,5,3,0,0,0,1,0,0,0,0,5.73767E+20,5.67076E+21,1.00555E+16,5.11835E+16
12829,12830,6,4,33,10,2016,4,1,7,3,7,1,2,0,0,0,0,0,1,0,4.63206E+20,5.53941E+21,8.48654E+15,5.00059E+16
12830,12831,6,4,12,0,2016,4,6,6,3,9,1,0,1,0,1,0,0,0,0,4.7479E+20,5.56086E+21,8.64677E+15,5.01994E+16
12831,12832,6,6,11,0,2016,3,7,5,2,5,7,0,0,1,1,0,0,0,0,5.31954E+20,5.68162E+21,9.45819E+15,5.1285E+16
12832,12833,6,4,12,0,2016,4,17,6,3,2,6,0,0,0,1,0,0,0,0,4.67246E+20,5.55192E+21,8.54184E+15,5.01186E+16
12833,12834,6,5,32,23,2016,3,16,3,3,2,6,0,0,0,1,0,0,0,0,4.63338E+20,5.59993E+21,8.48251E+15,5.05502E+16
12834,12835,6,5,35,1,2016,3,15,2,2,2,6,0,0,0,1,0,0,0,0,5.24129E+20,5.62267E+21,9.34207E+15,5.07553E+16
12835,12836,6,4,12,0,2016,4,15,5,3,2,6,0,0,0,1,0,0,0,0,4.80325E+20,5.5527E+21,8.72474E+15,5.01262E+16
12836,12837,6,4,13,0,2016,3,9,7,3,0,7,0,0,0,1,0,0,0,0,4.85158E+20,5.55069E+21,8.79244E+15,5.01083E+16
12837,12838,6,4,12,0,2016,4,18,3,3,5,3,0,0,1,1,0,0,0,0,4.77757E+20,5.55544E+21,8.68866E+15,5.01508E+16
12838,12839,6,5,32,21,2016,3,13,7,3,2,6,0,0,0,1,0,1,0,0,4.58062E+20,5.59719E+21,8.40834E+15,5.05252E+16
12839,12840,6,4,33,6,2016,4,21,4,2,5,3,2,0,0,1,0,0,0,0,4.63842E+20,5.5319E+21,8.49611E+15,4.99384E+16
12840,12841,6,4,31,11,2016,3,15,5,2,2,6,0,0,0,1,0,0,0,1,4.73942E+20,5.49902E+21,8.63907E+15,4.96432E+16
12841,12842,6,5,34,14,2016,4,8,3,3,9,1,0,1,0,1,0,0,0,0,4.8585E+20,5.62774E+21,8.79921E+15,5.08013E+16
12842,12843,6,4,37,9,2016,4,13,2,3,5,3,0,0,0,1,0,0,0,0,4.99816E+20,5.51616E+21,8.99744E+15,4.97979E+16
12843,12844,6,4,31,17,2016,4,2,1,2,4,6,2,0,0,1,0,0,0,0,4.80567E+20,5.49368E+21,8.73109E+15,4.95954E+16
12844,12845,6,6,33,14,2016,4,17,7,2,9,1,0,0,0,1,0,0,0,0,5.3318E+20,5.69619E+21,9.47714E+15,5.1416E+16
12845,12846,6,4,33,4,2016,5,17,4,3,1,1,0,0,0,1,0,1,0,0,4.66145E+20,5.5155E+21,8.52964E+15,4.9791E+16
12846,12847,6,5,31,4,2016,5,15,2,3,2,6,0,0,0,1,0,0,0,1,4.79431E+20,5.60278E+21,8.70951E+15,5.05765E+16
12847,12848,6,4,31,2,2016,4,8,2,3,2,6,0,0,0,1,0,0,0,0,4.71247E+20,5.50386E+21,8.60138E+15,4.96866E+16
12848,12849,6,5,33,9,2016,4,0,5,3,2,2,2,0,0,1,0,0,0,0,4.31661E+20,5.58292E+21,8.03854E+15,5.03944E+16
12849,12850,6,4,12,0,2016,4,10,4,3,3,6,0,0,1,1,0,0,0,0,4.76148E+20,5.55516E+21,8.66616E+15,5.01482E+16
12850,12851,6,6,11,0,2016,4,14,3,3,2,6,0,1,0,1,0,0,0,0,5.30608E+20,5.68735E+21,9.43939E+15,5.13366E+16
12851,12852,6,4,34,5,2016,4,18,2,3,2,6,0,1,0,1,0,0,0,0,4.63143E+20,5.55924E+21,8.48374E+15,5.01842E+16
12852,12853,6,6,36,5,2016,5,16,1,3,3,1,0,0,0,1,0,0,0,0,5.79266E+20,5.6523E+21,1.01301E+16,5.10168E+16
12853,12854,6,5,31,4,2016,5,16,7,2,3,6,0,0,0,1,0,1,0,0,4.83874E+20,5.60425E+21,8.77218E+15,5.05899E+16
12854,12855,6,4,12,0,2016,4,6,1,3,3,6,1,1,0,1,0,0,0,0,4.74308E+20,5.56072E+21,8.64003E+15,5.01981E+16
12855,12856,6,4,12,0,2016,4,12,5,3,5,3,0,0,0,1,0,0,1,1,4.70699E+20,5.55341E+21,8.59003E+15,5.01322E+16
12856,12857,6,5,33,3,2016,4,15,6,3,2,6,0,0,0,1,0,0,0,0,4.44609E+20,5.57465E+21,8.22191E+15,5.03213E+16
12857,12858,6,4,35,12,2016,5,21,5,2,7,1,2,0,0,1,0,1,0,0,5.07858E+20,5.56112E+21,9.1101E+15,5.02022E+16
12858,12859,6,4,35,10,2016,5,17,7,3,5,3,0,0,0,1,0,0,0,0,5.12756E+20,5.56014E+21,9.17871E+15,5.01933E+16
12859,12860,6,4,31,4,2016,4,19,5,3,5,3,0,0,0,1,0,0,0,0,4.78599E+20,5.49139E+21,8.70398E+15,4.95748E+16
12860,12861,6,5,35,14,2016,5,15,6,3,2,6,0,0,0,1,0,0,0,0,5.16063E+20,5.61889E+21,9.22756E+15,5.07216E+16
12861,12862,6,4,12,0,2016,5,18,2,3,5,2,0,0,1,1,0,0,0,0,4.78961E+20,5.55123E+21,8.70575E+15,5.01129E+16
12862,12863,6,4,12,0,2016,5,16,3,3,3,6,0,0,0,1,0,1,0,0,4.78031E+20,5.5546E+21,8.69254E+15,5.01432E+16
12863,12864,6,4,12,0,2016,5,9,4,2,2,6,0,0,0,1,0,1,0,0,4.80787E+20,5.55191E+21,8.73125E+15,5.01191E+16
12864,12865,6,4,38,11,2016,5,16,2,2,2,6,0,0,0,1,0,0,0,0,4.9006E+20,5.54538E+21,8.86113E+15,5.00606E+16
12865,12866,6,4,34,5,2016,5,8,2,3,0,1,0,0,0,0,0,1,0,0,4.62247E+20,5.55851E+21,8.47126E+15,5.01776E+16
12866,12867,6,4,39,3,2016,5,16,5,3,2,6,0,0,0,1,0,0,0,0,4.33483E+20,5.54089E+21,8.07154E+15,5.00166E+16
12867,12868,6,5,33,3,2016,4,10,1,3,2,6,0,0,0,1,0,0,0,0,4.46797E+20,5.57349E+21,8.2528E+15,5.03111E+16
12868,12869,6,4,40,3,2016,4,15,7,3,6,6,0,0,1,0,1,0,0,0,4.82276E+20,5.55983E+21,8.75171E+15,5.01904E+16
12869,12870,6,4,12,0,2016,4,6,3,3,6,4,0,0,1,0,1,0,0,0,4.75825E+20,5.5508E+21,8.66192E+15,5.01089E+16
12870,12871,6,5,33,9,2016,4,0,2,3,5,3,2,0,0,1,0,1,0,0,4.33821E+20,5.5821E+21,8.06907E+15,5.03872E+16
12871,12872,6,4,40,4,2016,4,13,6,2,0,7,0,0,0,1,0,1,0,0,5.07784E+20,5.57113E+21,9.10927E+15,5.02922E+16
12872,12873,6,4,14,0,2016,5,9,2,3,2,6,0,0,0,1,0,0,0,0,4.5411E+20,5.54503E+21,8.35893E+15,5.00558E+16
12873,12874,6,6,35,20,2016,4,19,5,3,8,1,0,0,0,1,0,0,0,0,5.05208E+20,5.69348E+21,9.07486E+15,5.13926E+16
12874,12875,6,4,35,28,2016,4,18,1,3,9,1,0,1,0,1,0,0,0,0,5.30853E+20,5.5741E+21,9.43338E+15,5.03182E+16
12875,12876,6,4,36,7,2016,4,12,7,3,3,6,0,0,1,1,0,0,0,0,4.59049E+20,5.54992E+21,8.4274E+15,5.01001E+16
12876,12877,6,5,33,1,2016,4,19,4,3,5,2,0,1,0,1,0,0,0,0,4.37185E+20,5.59039E+21,8.11499E+15,5.04622E+16
12877,12878,6,4,35,14,2016,4,11,3,2,3,6,0,1,0,1,0,1,1,0,4.93964E+20,5.55296E+21,8.91556E+15,5.01288E+16
12878,12879,6,4,12,0,2016,4,10,2,2,8,1,0,0,0,0,0,0,0,1,4.75575E+20,5.55336E+21,8.65825E+15,5.0132E+16
12879,12880,6,6,32,2,2016,5,22,7,3,5,3,2,0,0,1,0,0,0,0,5.50278E+20,5.63567E+21,9.71454E+15,5.08705E+16
12880,12881,6,6,11,0,2016,4,19,7,2,0,6,0,1,0,0,0,1,0,1,5.33167E+20,5.68493E+21,9.4759E+15,5.13147E+16
12881,12882,6,4,39,4,2016,4,17,7,3,3,6,0,0,0,1,0,0,0,1,4.23678E+20,5.54102E+21,7.93467E+15,5.00166E+16
12882,12883,6,4,14,0,2016,5,15,6,3,2,6,0,0,0,1,0,0,0,0,4.44977E+20,5.54418E+21,8.23148E+15,5.00474E+16
12883,12884,6,4,14,0,2016,4,2,1,3,8,1,2,1,0,1,0,0,0,0,4.51111E+20,5.54508E+21,8.31704E+15,5.0056E+16
12884,12885,6,4,12,0,2016,4,16,6,3,5,3,0,0,1,1,0,0,0,0,4.73053E+20,5.5555E+21,8.62281E+15,5.01511E+16
12885,12886,6,6,36,3,2016,4,7,6,3,8,1,0,0,0,1,0,0,0,0,5.72689E+20,5.66919E+21,1.00397E+16,5.11695E+16
12886,12887,6,4,36,8,2016,5,12,3,3,2,6,0,0,0,1,0,0,1,0,4.61522E+20,5.55304E+21,8.46166E+15,5.01284E+16
12887,12888,6,5,31,5,2016,5,17,4,3,2,6,0,0,1,1,0,0,0,0,4.76779E+20,5.60297E+21,8.67204E+15,5.05782E+16
12888,12889,6,4,12,0,2016,4,9,5,3,2,2,0,0,0,1,0,0,0,0,4.7776E+20,5.55544E+21,8.6887E+15,5.01507E+16
12889,12890,6,6,31,10,2016,5,16,5,3,3,2,0,0,1,1,0,0,0,0,5.63309E+20,5.58634E+21,9.89128E+15,5.04257E+16
12890,12891,6,5,34,13,2016,5,11,7,3,5,3,0,0,0,1,0,0,0,0,4.73195E+20,5.62121E+21,8.6201E+15,5.07421E+16
12891,12892,6,5,33,9,2016,5,7,2,3,2,6,0,0,0,1,0,0,0,0,4.3562E+20,5.58814E+21,8.09333E+15,5.04417E+16
12892,12893,6,4,35,14,2016,5,15,6,3,5,3,0,0,0,1,0,1,0,0,4.93514E+20,5.55486E+21,8.90922E+15,5.01459E+16
12893,12894,6,4,34,1,2016,5,16,1,2,5,3,0,0,0,1,0,1,0,0,4.71802E+20,5.56222E+21,8.60481E+15,5.02115E+16
12894,12895,6,4,40,5,2016,4,10,7,3,7,7,0,0,0,1,0,0,0,1,4.7839E+20,5.58691E+21,8.69572E+15,5.04338E+16
12895,12896,6,4,38,4,2016,5,12,3,3,5,2,0,1,1,1,0,0,0,0,4.97378E+20,5.54666E+21,8.96337E+15,5.00722E+16
12896,12897,6,4,14,0,2016,4,22,5,3,6,6,2,0,0,0,1,0,0,1,4.5235E+20,5.55151E+21,8.33354E+15,5.0114E+16
12897,12898,6,5,32,5,2016,5,12,5,3,8,1,0,0,0,0,0,1,0,0,4.50509E+20,5.62992E+21,8.29743E+15,5.08189E+16
12898,12899,6,5,34,10,2016,5,12,7,3,8,1,0,0,0,0,0,1,0,0,4.683E+20,5.62801E+21,8.55014E+15,5.08029E+16
12899,12900,6,5,34,12,2016,5,19,6,3,3,6,0,0,0,1,0,0,0,0,4.80403E+20,5.63502E+21,8.72152E+15,5.08665E+16
12900,12901,6,4,35,3,2016,5,21,2,3,6,6,2,0,0,0,1,0,0,1,5.19052E+20,5.55783E+21,9.2668E+15,5.01723E+16
12901,12902,6,4,33,10,2016,5,10,3,3,3,6,0,1,0,1,0,0,0,0,4.63873E+20,5.54147E+21,8.49564E+15,5.00244E+16
12902,12903,6,4,38,2,2016,5,16,4,3,6,4,0,0,0,1,1,0,0,0,4.79677E+20,5.54375E+21,8.71616E+15,5.00457E+16
12903,12904,6,4,12,0,2016,5,9,2,3,3,6,0,0,0,1,0,0,0,0,4.71925E+20,5.54504E+21,8.6078E+15,5.0057E+16
12904,12905,6,5,32,9,2016,5,18,2,3,5,3,0,0,0,1,0,0,0,0,4.54316E+20,5.62871E+21,8.35161E+15,5.08083E+16
12905,12906,6,5,33,2,2016,4,19,1,3,5,3,0,0,0,1,0,0,0,0,4.41129E+20,5.57914E+21,8.17233E+15,5.03614E+16
12906,12907,6,4,31,13,2016,4,9,7,2,5,3,0,0,0,1,0,1,0,0,4.63324E+20,5.49199E+21,8.49266E+15,4.95794E+16
12907,12908,6,4,13,0,2016,5,16,1,3,2,6,2,0,0,1,0,0,0,0,4.81377E+20,5.55043E+21,8.73958E+15,5.01059E+16
12908,12909,6,6,11,0,2016,4,3,3,3,8,1,2,0,0,1,0,0,0,1,5.30937E+20,5.6848E+21,9.44389E+15,5.13137E+16
12909,12910,6,4,14,0,2016,4,11,2,3,5,3,0,0,1,1,0,0,0,0,4.46335E+20,5.54628E+21,8.25015E+15,5.00664E+16
12910,12911,6,6,31,9,2016,4,8,6,3,2,6,0,0,0,1,0,0,0,0,5.43762E+20,5.59902E+21,9.61759E+15,5.05415E+16
12911,12912,6,4,13,0,2016,4,13,5,2,5,3,0,0,0,1,0,0,0,0,4.84039E+20,5.54521E+21,8.77701E+15,5.0059E+16
12912,12913,6,5,33,9,2016,4,6,7,2,5,2,1,1,0,1,0,1,0,0,4.33855E+20,5.58212E+21,8.06955E+15,5.03874E+16