FID,OBJECTID,ULAND,UREGBEZ,UKREIS,UGEMEINDE,UJAHR,UMONAT,USTUNDE,UWOCHENTAG,UKATEGORIE,UART,UTYP1,ULICHTVERH,IstStrasse,IstRad,IstPKW,IstFuss,IstKrad,IstGkfz,IstSonstig,LINREFX,LINREFY,XGCSWGS84,YGCSWGS84
12913,12914,6,5,34,7,2016,4,7,4,3,4,1,0,1,0,1,0,0,0,0,4.6688E+20,5.63307E+21,8.52953E+15,5.08484E+16
12914,12915,6,5,31,12,2016,4,17,3,3,2,6,0,1,0,1,0,0,0,0,4.77132E+20,5.60071E+21,8.67716E+15,5.05579E+16
12915,12916,6,6,32,9,2016,4,19,1,2,8,1,0,0,0,1,0,0,0,0,5.6946E+20,5.63698E+21,9.98736E+15,5.08803E+16
12916,12917,6,6,33,1,2016,5,12,7,2,5,2,0,0,0,1,0,1,0,0,5.27764E+20,5.6908E+21,9.39884E+15,5.13678E+16
12917,12918,6,4,35,3,2016,4,12,7,3,3,6,0,1,0,1,0,0,0,0,5.19514E+20,5.56378E+21,9.27357E+15,5.02259E+16
12918,12919,6,4,12,0,2016,5,11,6,3,2,6,0,0,0,1,0,0,0,0,4.79607E+20,5.55569E+21,8.71454E+15,5.0153E+16
12919,12920,6,6,33,8,2016,4,18,6,3,0,3,0,0,0,1,0,1,0,0,5.35022E+20,5.67987E+21,9.50201E+15,5.12691E+16
12920,12921,6,6,35,15,2016,4,13,4,2,5,2,0,0,0,1,0,0,1,0,4.90821E+20,5.68223E+21,8.86836E+15,5.12914E+16
12921,12922,6,5,32,23,2016,5,16,3,3,2,6,0,1,0,1,0,0,0,0,4.6465E+20,5.60152E+21,8.50088E+15,5.05645E+16
12922,12923,6,4,12,0,2016,5,17,4,3,2,6,0,0,0,1,0,0,0,0,4.72662E+20,5.54857E+21,8.61784E+15,5.00887E+16
12923,12924,6,4,40,8,2016,4,7,4,2,2,6,0,0,0,1,0,0,0,0,4.85691E+20,5.57949E+21,8.79881E+15,5.03673E+16
12924,12925,6,4,39,11,2016,5,8,5,3,2,6,0,0,0,1,0,0,1,1,4.49352E+20,5.55784E+21,8.29077E+15,5.01706E+16
12925,12926,6,4,14,0,2016,5,9,2,3,1,7,0,0,0,1,0,0,0,1,4.50502E+20,5.54963E+21,8.30794E+15,5.00969E+16
12926,12927,6,4,32,1,2016,5,22,6,3,2,6,2,0,0,1,0,0,0,1,4.70586E+20,5.50968E+21,8.59178E+15,4.97389E+16
12927,12928,6,4,32,8,2016,5,15,1,3,5,3,0,0,0,1,0,0,0,0,4.66211E+20,5.52287E+21,8.52991E+15,4.98573E+16
12928,12929,6,5,33,7,2016,4,14,6,3,2,6,0,0,0,1,0,0,0,0,4.32486E+20,5.59074E+21,8.04874E+15,5.04648E+16
12929,12930,6,6,34,14,2016,4,18,2,2,8,1,0,0,0,1,0,0,0,0,5.38458E+20,5.66232E+21,9.54939E+15,5.1111E+16
12930,12931,6,4,38,1,2016,5,17,4,2,5,3,0,0,1,0,0,0,0,0,4.87153E+20,5.53982E+21,8.8207E+15,5.00106E+16
12931,12932,6,4,12,0,2016,5,1,1,3,6,4,2,1,0,1,1,0,0,0,4.7816E+20,5.55325E+21,8.69443E+15,5.01311E+16
12932,12933,6,5,34,6,2016,5,7,2,3,5,2,0,0,1,1,0,0,0,0,4.84483E+20,5.63286E+21,8.77959E+15,5.08472E+16
12933,12934,6,5,31,10,2016,4,16,2,3,2,6,0,0,0,1,0,1,0,0,4.99101E+20,5.59887E+21,8.98731E+15,5.05418E+16
12934,12935,6,5,31,14,2016,4,11,6,2,8,7,0,0,0,0,0,0,0,1,4.81608E+20,5.5943E+21,8.74067E+15,5.05004E+16
12935,12936,6,6,11,0,2016,5,14,1,3,2,6,0,0,0,1,0,0,0,0,5.30947E+20,5.6848E+21,9.44403E+15,5.13137E+16
12936,12937,6,4,12,0,2016,4,18,5,3,9,1,0,0,0,1,0,0,0,0,4.803E+20,5.55306E+21,8.72438E+15,5.01294E+16
12937,12938,6,4,14,0,2016,4,16,4,2,3,6,0,1,0,1,0,0,0,1,4.50584E+20,5.54486E+21,8.3097E+15,5.0054E+16
12938,12939,6,6,35,9,2016,4,7,2,3,1,6,0,0,0,1,0,0,0,0,5.12431E+20,5.66576E+21,9.1777E+15,5.11432E+16
12939,12940,6,4,31,2,2016,5,19,1,3,2,6,0,0,0,1,0,0,0,0,4.71449E+20,5.50753E+21,8.60392E+15,4.97196E+16
12940,12941,6,4,33,12,2016,4,17,5,3,5,3,0,0,1,1,0,0,0,0,4.59339E+20,5.53665E+21,8.43287E+15,4.99808E+16
12941,12942,6,4,37,4,2016,5,14,4,2,0,2,0,0,0,0,0,1,0,0,5.02991E+20,5.51959E+21,9.04158E+15,4.98287E+16
12942,12943,6,4,14,0,2016,5,20,1,3,2,6,0,0,0,1,0,0,0,1,4.48568E+20,5.55103E+21,8.28071E+15,5.01093E+16
12943,12944,6,4,33,5,2016,5,15,2,2,5,3,0,0,0,1,0,1,0,0,4.52151E+20,5.53694E+21,8.33258E+15,4.99829E+16
12944,12945,6,5,32,23,2016,4,13,7,3,3,6,0,0,0,1,0,0,0,0,4.64533E+20,5.60015E+21,8.49935E+15,5.05522E+16
12945,12946,6,4,12,0,2016,5,15,1,3,5,2,0,0,0,1,0,1,0,0,4.7977E+20,5.55413E+21,8.71691E+15,5.0139E+16
12946,12947,6,4,31,3,2016,4,16,3,3,5,3,0,0,0,1,0,0,0,0,4.60697E+20,5.50362E+21,8.45515E+15,4.96838E+16
12947,12948,6,4,35,18,2016,4,14,6,3,2,6,0,0,0,1,0,0,0,0,5.14858E+20,5.56035E+21,9.20816E+15,5.01951E+16
12948,12949,6,4,13,0,2016,4,14,5,3,7,7,0,0,0,1,0,0,1,0,4.83855E+20,5.54614E+21,8.77441E+15,5.00674E+16
12949,12950,6,4,13,0,2016,4,15,4,3,3,6,0,1,0,1,0,0,1,0,4.82431E+20,5.54593E+21,8.75453E+15,5.00654E+16
12950,12951,6,5,32,6,2016,5,14,1,3,9,1,0,0,0,0,0,1,0,0,4.52836E+20,5.62471E+21,8.33112E+15,5.07722E+16
12951,12952,6,6,31,9,2016,4,6,1,3,0,1,1,1,0,1,0,0,0,0,5.47908E+20,5.59929E+21,9.67614E+15,5.05436E+16
12952,12953,6,4,40,20,2016,4,12,5,3,6,4,0,0,0,1,1,0,0,0,4.98843E+20,5.57828E+21,8.98373E+15,5.03566E+16
12953,12954,6,4,14,0,2016,4,19,2,3,2,2,1,1,0,1,0,0,0,0,4.46842E+20,5.54698E+21,8.25715E+15,5.00727E+16
12954,12955,6,4,12,0,2016,4,14,1,3,2,6,0,0,0,1,0,0,0,0,4.77918E+20,5.54975E+21,8.69124E+15,5.00996E+16
12955,12956,6,4,12,0,2016,5,18,7,3,3,2,0,0,0,1,0,1,0,0,4.76059E+20,5.55529E+21,8.66491E+15,5.01493E+16
12956,12957,6,4,31,20,2016,4,20,7,3,2,6,2,0,0,1,0,0,0,0,4.68123E+20,5.48655E+21,8.55948E+15,4.95307E+16
12957,12958,6,4,12,0,2016,4,16,5,3,6,4,0,0,0,1,1,0,0,0,4.78458E+20,5.55428E+21,8.69854E+15,5.01404E+16
12958,12959,6,6,35,19,2016,5,15,6,3,8,1,0,0,0,0,0,1,0,0,4.91579E+20,5.66868E+21,8.87955E+15,5.11695E+16
12959,12960,6,4,31,19,2016,4,15,6,3,2,6,0,0,0,1,0,0,0,0,4.82356E+20,5.49692E+21,8.7557E+15,4.96246E+16
12960,12961,6,4,12,0,2016,4,8,4,3,5,3,0,0,0,1,0,0,0,0,4.70565E+20,5.55242E+21,8.58823E+15,5.01233E+16
12961,12962,6,6,36,3,2016,5,18,2,3,2,2,0,0,0,1,0,0,0,1,5.69287E+20,5.67091E+21,9.9914E+15,5.11854E+16
12962,12963,6,5,33,9,2016,5,11,4,3,9,1,0,0,0,1,0,0,0,1,4.34455E+20,5.58269E+21,8.07788E+15,5.03926E+16
12963,12964,6,5,31,12,2016,4,16,4,3,2,6,0,0,0,1,0,0,0,0,4.75989E+20,5.59718E+21,8.66126E+15,5.05261E+16
12964,12965,6,6,36,12,2016,5,20,4,2,2,2,1,0,0,0,0,1,0,0,5.61416E+20,5.66632E+21,9.878E+15,5.1145E+16
12965,12966,6,4,36,7,2016,5,11,2,3,0,6,0,0,0,1,0,1,0,1,4.59997E+20,5.54798E+21,8.44086E+15,5.00828E+16
12966,12967,6,4,12,0,2016,5,5,2,3,5,2,2,0,1,1,0,0,0,0,4.81573E+20,5.55236E+21,8.74222E+15,5.01232E+16
12967,12968,6,5,31,13,2016,5,10,5,2,5,6,0,0,1,0,0,1,0,0,4.78838E+20,5.61399E+21,8.70048E+15,5.06774E+16
12968,12969,6,5,35,16,2016,5,14,1,2,8,1,0,0,0,0,0,1,0,0,5.06815E+20,5.59636E+21,9.09612E+15,5.05192E+16
12969,12970,6,4,13,0,2016,4,13,6,3,0,7,0,0,0,0,0,0,0,1,4.82919E+20,5.54859E+21,8.76122E+15,5.00893E+16
12970,12971,6,4,34,12,2016,4,7,2,3,2,6,0,0,0,1,0,0,0,0,4.68955E+20,5.57018E+21,8.56426E+15,5.0283E+16
12971,12972,6,4,40,2,2016,5,6,4,2,4,1,1,0,0,1,0,0,0,0,4.82924E+20,5.57917E+21,8.75991E+15,5.03643E+16
12972,12973,6,4,39,6,2016,5,17,1,2,4,6,0,0,1,1,0,0,0,0,4.39321E+20,5.55979E+21,8.15002E+15,5.01872E+16
12973,12974,6,4,35,14,2016,5,16,2,3,4,6,0,0,1,0,0,0,0,0,4.92982E+20,5.55307E+21,8.90182E+15,5.01298E+16
12974,12975,6,6,32,15,2016,4,9,2,3,9,1,0,0,0,1,0,0,0,0,5.39072E+20,5.62979E+21,9.55466E+15,5.08185E+16
12975,12976,6,5,35,16,2016,4,16,5,3,5,3,0,0,0,1,0,1,0,0,5.05461E+20,5.59106E+21,9.07695E+15,5.04715E+16
12976,12977,6,4,34,6,2016,5,16,1,3,2,6,0,0,0,1,0,0,0,0,4.63605E+20,5.55949E+21,8.49019E+15,5.01865E+16
12977,12978,6,5,35,19,2016,4,6,4,2,8,7,0,0,0,1,0,0,0,0,5.29777E+20,5.60985E+21,9.42111E+15,5.06397E+16
12978,12979,6,4,12,0,2016,4,9,3,3,2,6,0,0,0,1,0,0,0,0,4.75435E+20,5.54784E+21,8.65664E+15,5.00823E+16
12979,12980,6,4,35,25,2016,4,17,2,3,5,3,0,0,0,1,0,0,0,0,5.38292E+20,5.57799E+21,9.53825E+15,5.03527E+16
12980,12981,6,6,31,16,2016,5,12,1,3,8,1,0,0,0,0,0,1,0,0,5.45525E+20,5.58334E+21,9.64056E+15,5.04004E+16
12981,12982,6,4,35,14,2016,5,15,7,3,5,2,0,0,0,1,0,0,0,0,4.91467E+20,5.55521E+21,8.88056E+15,5.01491E+16
12982,12983,6,5,31,13,2016,4,19,7,2,8,1,0,1,0,1,0,0,0,0,4.80342E+20,5.61293E+21,8.72184E+15,5.06679E+16
12983,12984,6,5,31,12,2016,4,18,5,3,8,7,0,0,0,1,0,0,0,0,4.74966E+20,5.6001E+21,8.64662E+15,5.05523E+16
12984,12985,6,5,31,14,2016,4,10,6,3,8,1,0,0,0,1,0,0,0,0,4.8216E+20,5.59413E+21,8.74847E+15,5.04989E+16
12985,12986,6,4,31,11,2016,5,10,5,3,0,7,0,1,0,0,0,1,0,1,4.72891E+20,5.49906E+21,8.62451E+15,4.96435E+16
12986,12987,6,4,34,6,2016,5,14,7,3,2,6,0,0,0,1,0,0,0,0,4.66741E+20,5.55711E+21,8.53432E+15,5.01652E+16
12987,12988,6,6,32,3,2016,4,13,5,3,2,6,0,0,0,1,0,0,0,0,5.56361E+20,5.64526E+21,9.80247E+15,5.09562E+16
12988,12989,6,4,32,19,2016,5,22,6,2,8,1,2,0,0,0,0,1,0,0,4.86155E+20,5.52197E+21,8.80741E+15,4.985E+16
12989,12990,6,4,35,6,2016,4,17,4,3,9,7,0,0,0,0,0,0,1,0,4.93329E+20,5.55858E+21,8.90657E+15,5.01794E+16
12990,12991,6,4,35,10,2016,4,9,4,3,1,6,0,0,0,1,0,0,0,0,5.12998E+20,5.55987E+21,9.18209E+15,5.01909E+16
12991,12992,6,4,12,0,2016,5,20,2,3,3,6,0,0,0,1,0,0,0,0,4.75481E+20,5.55107E+21,8.65708E+15,5.01114E+16
12992,12993,6,4,12,0,2016,5,19,3,3,6,3,0,0,0,1,1,0,0,0,4.71738E+20,5.54984E+21,8.60483E+15,5.01001E+16
12993,12994,6,4,14,0,2016,4,18,4,3,2,6,0,0,0,1,0,0,0,0,4.50708E+20,5.54494E+21,8.31142E+15,5.00547E+16
12994,12995,6,4,39,10,2016,5,11,2,2,8,1,0,0,0,0,0,1,0,0,4.21628E+20,5.55219E+21,7.90377E+15,5.01167E+16
12995,12996,6,4,12,0,2016,5,18,4,3,6,4,0,0,0,1,1,0,0,0,4.76217E+20,5.55504E+21,8.66713E+15,5.01471E+16
12996,12997,6,5,31,5,2016,5,14,2,3,5,2,0,0,1,1,0,0,0,0,4.76416E+20,5.60311E+21,8.6669E+15,5.05794E+16
12997,12998,6,4,38,13,2016,5,10,2,3,5,3,0,0,0,1,0,0,0,0,4.99533E+20,5.54226E+21,8.99348E+15,5.00326E+16
12998,12999,6,4,34,8,2016,5,16,5,3,4,6,0,0,0,1,0,1,0,0,4.63974E+20,5.56468E+21,8.49486E+15,5.02332E+16
12999,13000,6,6,11,0,2016,4,12,1,3,5,3,0,1,1,1,0,0,0,0,5.30089E+20,5.68111E+21,9.43141E+15,5.12805E+16
13000,13001,6,6,34,5,2016,5,14,7,3,1,6,0,0,0,1,0,0,0,0,5.1991E+20,5.66545E+21,9.2846E+15,5.11401E+16
13001,13002,6,4,37,13,2016,4,11,5,3,4,6,0,0,0,1,0,1,0,0,4.94505E+20,5.50686E+21,8.92378E+15,4.97142E+16
13002,13003,6,4,39,5,2016,5,15,6,3,4,6,0,0,0,1,0,1,0,0,4.23706E+20,5.55119E+21,7.93304E+15,5.0108E+16
13003,13004,6,5,33,9,2016,4,21,5,3,3,6,2,0,0,1,0,0,1,0,4.34224E+20,5.58323E+21,8.07454E+15,5.03974E+16
13004,13005,6,6,11,0,2016,4,13,4,3,2,6,0,0,0,1,0,0,0,0,5.32119E+20,5.68428E+21,9.4608E+15,5.1309E+16
13005,13006,6,5,35,11,2016,5,14,2,1,4,1,0,0,0,1,0,0,1,0,5.31454E+20,5.61307E+21,9.44509E+15,5.06686E+16
13006,13007,6,4,40,18,2016,5,13,4,2,2,6,0,0,0,1,0,0,0,0,4.78865E+20,5.58265E+21,8.70265E+15,5.03955E+16
13007,13008,6,6,33,23,2016,4,17,4,2,1,6,0,0,0,0,0,0,1,1,5.24618E+20,5.6824E+21,9.35305E+15,5.12924E+16
13008,13009,6,6,11,0,2016,5,8,4,3,2,6,0,0,0,0,0,0,0,1,5.37296E+20,5.68471E+21,9.53512E+15,5.13124E+16
13009,13010,6,4,40,8,2016,5,14,2,3,5,2,0,0,1,1,0,0,0,0,4.84526E+20,5.57384E+21,8.78265E+15,5.03164E+16
13010,13011,6,4,11,0,2016,5,13,2,3,2,6,0,0,0,1,0,0,0,1,4.76191E+20,5.52276E+21,8.66877E+15,4.98567E+16
13011,13012,6,6,11,0,2016,5,13,5,3,0,1,0,0,0,0,0,1,0,0,5.328E+20,5.68508E+21,9.47065E+15,5.13161E+16
13012,13013,6,4,12,0,2016,4,21,7,3,5,2,2,0,1,1,0,0,0,0,4.71931E+20,5.55294E+21,8.60729E+15,5.0128E+16
13013,13014,6,4,35,14,2016,4,7,3,3,5,3,0,0,0,1,0,1,0,0,4.94958E+20,5.55278E+21,8.92946E+15,5.01272E+16
13014,13015,6,6,33,6,2016,4,17,6,2,2,2,0,0,0,1,0,1,0,0,5.1821E+20,5.67336E+21,9.2607E+15,5.12113E+16
13015,13016,6,4,11,0,2016,4,14,2,3,2,6,0,0,0,1,0,0,0,0,4.73049E+20,5.51811E+21,8.62538E+15,4.98148E+16
13016,13017,6,6,34,3,2016,4,14,6,3,2,6,0,0,0,1,0,0,0,0,5.3324E+20,5.6652E+21,9.47511E+15,5.11373E+16
13017,13018,6,5,34,14,2016,5,17,4,3,5,3,0,0,0,1,0,0,0,0,4.82492E+20,5.62662E+21,8.75161E+15,5.07911E+16
13018,13019,6,4,36,12,2016,5,15,2,2,6,4,0,0,0,1,1,0,0,0,4.65244E+20,5.55421E+21,8.51363E+15,5.01391E+16
13019,13020,6,4,40,5,2016,4,0,2,3,0,6,2,0,0,1,0,0,0,1,4.78429E+20,5.58671E+21,8.69628E+15,5.0432E+16
13020,13021,6,6,11,0,2016,4,17,5,3,5,2,0,0,1,1,0,0,0,0,5.36133E+20,5.6862E+21,9.51859E+15,5.1326E+16
13021,13022,6,4,12,0,2016,4,10,4,3,6,4,0,1,0,1,1,0,0,0,4.78565E+20,5.55123E+21,8.70021E+15,5.01129E+16
13022,13023,6,4,38,4,2016,4,11,3,1,5,2,0,0,0,1,0,1,0,0,4.97857E+20,5.54605E+21,8.97006E+15,5.00667E+16
13023,13024,6,4,36,6,2016,4,8,2,3,2,6,0,0,0,1,0,0,0,0,4.52709E+20,5.54005E+21,8.33998E+15,5.00109E+16
13024,13025,6,6,32,20,2016,5,2,1,3,7,7,2,0,0,1,0,0,0,0,5.68322E+20,5.64481E+21,9.97266E+15,5.09509E+16
13025,13026,6,4,38,9,2016,5,16,7,2,3,6,0,0,0,1,0,1,0,0,4.80261E+20,5.5451E+21,8.72425E+15,5.00578E+16
13026,13027,6,6,36,8,2016,4,12,7,3,4,6,0,0,0,1,0,0,0,0,5.68604E+20,5.67333E+21,9.98208E+15,5.12072E+16
13027,13028,6,4,12,0,2016,4,7,5,3,2,6,0,0,0,1,0,0,0,0,4.64448E+20,5.55033E+21,8.50285E+15,5.01042E+16
13028,13029,6,6,32,16,2016,4,18,5,2,5,7,0,0,1,1,0,0,0,0,5.69385E+20,5.63251E+21,9.98545E+15,5.08401E+16
13029,13030,6,4,40,4,2016,5,12,5,2,8,1,0,0,0,0,0,1,0,0,5.04778E+20,5.5702E+21,9.06707E+15,5.02839E+16
13030,13031,6,5,32,13,2016,5,15,7,2,4,1,0,0,0,1,0,1,0,0,4.65751E+20,5.60912E+21,8.51572E+15,5.06329E+16
13031,13032,6,5,32,9,2016,4,14,5,3,5,3,0,0,0,1,0,0,0,0,4.54428E+20,5.62855E+21,8.35322E+15,5.08069E+16
13032,13033,6,4,33,12,2016,5,8,6,3,5,2,0,0,0,1,0,0,0,0,4.67114E+20,5.53577E+21,8.54138E+15,4.99734E+16
13033,13034,6,4,12,0,2016,5,15,2,3,5,3,0,0,1,1,0,0,0,0,4.80389E+20,5.55234E+21,8.72565E+15,5.0123E+16
13034,13035,6,4,12,0,2016,5,12,3,3,2,6,0,0,0,1,0,1,0,0,4.80187E+20,5.55148E+21,8.72287E+15,5.01152E+16
13035,13036,6,6,34,19,2016,5,10,4,3,8,1,0,0,0,1,0,0,0,0,5.29148E+20,5.63306E+21,9.41404E+15,5.08485E+16
13036,13037,6,6,34,1,2016,5,1,2,2,8,1,2,0,0,1,0,0,0,0,5.19517E+20,5.66034E+21,9.2787E+15,5.10942E+16
13037,13038,6,4,40,10,2016,5,17,2,2,5,3,0,0,0,1,0,0,0,0,5.01748E+20,5.57463E+21,9.02456E+15,5.03238E+16
13038,13039,6,4,38,8,2016,5,10,5,3,0,1,0,0,0,0,0,1,0,0,4.87716E+20,5.5524E+21,8.82816E+15,5.01237E+16
13039,13040,6,4,13,0,2016,4,18,1,3,2,6,0,0,0,1,0,0,0,1,4.81198E+20,5.5505E+21,8.73706E+15,5.01064E+16
13040,13041,6,4,32,10,2016,4,19,7,3,8,1,1,0,0,1,0,0,0,0,4.90839E+20,5.52414E+21,8.87252E+15,4.98696E+16
13041,13042,6,4,37,13,2016,4,16,3,2,4,1,0,0,0,1,0,1,0,0,4.94969E+20,5.50678E+21,8.93021E+15,4.97135E+16
13042,13043,6,6,33,26,2016,4,12,2,3,5,3,0,0,0,1,0,0,0,0,5.32851E+20,5.68872E+21,9.47171E+15,5.13488E+16
13043,13044,6,4,40,24,2016,4,12,6,3,5,3,0,0,1,1,0,0,0,0,4.88948E+20,5.5848E+21,8.84444E+15,5.04152E+16
13044,13045,6,4,40,23,2016,5,22,2,3,3,2,2,0,0,1,0,0,1,0,4.76456E+20,5.57031E+21,8.66953E+15,5.02844E+16
13045,13046,6,4,39,15,2016,4,7,5,3,2,6,0,0,0,1,0,0,0,0,4.39753E+20,5.55481E+21,8.15685E+15,5.01424E+16
13046,13047,6,5,35,14,2016,4,12,1,3,2,6,0,1,0,1,0,0,0,1,5.10666E+20,5.61779E+21,9.15107E+15,5.07118E+16
13047,13048,6,4,36,8,2016,4,14,7,3,2,6,0,0,0,1,0,0,0,0,4.59747E+20,5.55455E+21,8.43667E+15,5.01418E+16
13048,13049,6,6,35,2,2016,5,14,5,3,2,2,0,0,0,1,0,1,0,0,5.03706E+20,5.69113E+21,9.05325E+15,5.13714E+16
13049,13050,6,6,11,0,2016,4,15,1,3,0,3,0,0,0,1,0,0,0,0,5.32132E+20,5.68233E+21,9.46082E+15,5.12914E+16
13050,13051,6,4,38,10,2016,4,13,7,3,0,6,0,0,0,1,0,0,0,0,4.91079E+20,5.54636E+21,8.87535E+15,5.00695E+16
13051,13052,6,6,11,0,2016,4,16,3,3,5,2,0,0,1,1,0,0,0,0,5.3631E+20,5.68341E+21,9.52084E+15,5.13009E+16
13052,13053,6,4,31,13,2016,4,14,3,2,2,7,0,0,0,1,0,0,1,0,4.68118E+20,5.4947E+21,8.55874E+15,4.96041E+16
13053,13054,6,4,34,5,2016,4,15,6,3,2,6,0,0,0,1,0,0,0,0,4.62477E+20,5.55825E+21,8.47452E+15,5.01752E+16
13054,13055,6,5,32,1,2016,5,18,4,2,6,4,0,0,0,1,1,0,0,0,4.62494E+20,5.60401E+21,8.47018E+15,5.05868E+16
13055,13056,6,5,35,5,2016,5,12,2,3,9,1,0,0,0,1,0,0,0,0,5.09394E+20,5.61816E+21,9.13306E+15,5.07152E+16
13056,13057,6,4,12,0,2016,4,17,5,3,6,7,0,0,0,1,1,0,0,0,4.71925E+20,5.54924E+21,8.60749E+15,5.00947E+16
13057,13058,6,4,37,9,2016,4,5,7,3,5,3,2,0,0,1,0,0,0,0,4.99572E+20,5.51634E+21,8.99406E+15,4.97995E+16
13058,13059,6,4,35,28,2016,4,21,4,2,9,1,2,1,0,0,0,1,0,0,5.33093E+20,5.57799E+21,9.46517E+15,5.03531E+16
13059,13060,6,5,34,11,2016,4,10,3,3,5,3,0,0,0,1,0,0,0,0,4.90586E+20,5.6286E+21,8.86639E+15,5.08091E+16
13060,13061,6,4,36,7,2016,4,8,2,3,6,4,0,0,0,1,1,0,0,0,4.58627E+20,5.55178E+21,8.4213E+15,5.01168E+16
13061,13062,6,4,40,5,2016,5,14,1,3,2,6,0,0,0,1,0,0,0,0,4.78772E+20,5.58352E+21,8.70128E+15,5.04034E+16
13062,13063,6,4,12,0,2016,4,14,7,3,3,7,0,0,0,1,0,0,0,1,4.81685E+20,5.55243E+21,8.74378E+15,5.01238E+16
13063,13064,6,5,33,9,2016,5,14,6,3,5,3,0,0,1,1,0,0,0,0,4.32841E+20,5.58244E+21,8.05523E+15,5.03901E+16
13064,13065,6,6,35,19,2016,4,2,7,3,9,1,2,1,0,1,0,0,0,0,4.95633E+20,5.67547E+21,8.93745E+15,5.12306E+16
13065,13066,6,6,11,0,2016,4,9,6,3,5,2,0,0,0,1,0,0,0,0,5.34175E+20,5.68495E+21,9.49036E+15,5.13148E+16
13066,13067,6,4,34,6,2016,5,6,3,3,5,3,0,0,0,1,0,0,0,0,4.67289E+20,5.55897E+21,8.54184E+15,5.0182E+16
13067,13068,6,4,14,0,2016,4,17,5,3,1,6,0,0,0,1,0,0,0,0,4.45215E+20,5.5482E+21,8.23424E+15,5.00835E+16
13068,13069,6,4,31,10,2016,5,21,5,3,0,7,2,0,1,0,0,0,0,0,4.63426E+20,5.50713E+21,8.49265E+15,4.97155E+16
13069,13070,6,4,33,8,2016,5,14,7,3,5,2,0,0,1,1,0,0,0,0,4.68579E+20,5.53524E+21,8.56186E+15,4.99687E+16
13070,13071,6,5,35,11,2016,5,19,2,3,5,3,0,0,0,1,0,0,0,0,5.28314E+20,5.61017E+21,9.40044E+15,5.06427E+16
13071,13072,6,5,34,15,2016,5,16,6,2,8,1,0,0,0,0,0,1,0,0,4.78861E+20,5.64818E+21,8.69884E+15,5.09848E+16
13072,13073,6,6,33,28,2016,5,18,2,3,2,6,0,0,0,0,0,1,0,0,5.16375E+20,5.68297E+21,9.23487E+15,5.12978E+16
13073,13074,6,6,35,9,2016,5,19,3,1,8,1,0,0,0,0,0,1,0,0,5.09033E+20,5.66859E+21,9.1292E+15,5.11687E+16
13074,13075,6,4,34,12,2016,5,23,4,3,0,7,2,0,0,0,0,1,0,0,4.69114E+20,5.57022E+21,8.56649E+15,5.02833E+16
13075,13076,6,4,35,21,2016,5,14,1,2,5,2,0,0,0,1,0,1,0,0,4.90271E+20,5.56603E+21,8.86355E+15,5.02463E+16
13076,13077,6,4,32,11,2016,5,12,2,3,5,2,0,0,0,1,0,0,0,0,4.86493E+20,5.52566E+21,8.81199E+15,4.98832E+16
13077,13078,6,6,35,3,2016,4,16,1,2,5,3,0,0,0,1,0,0,0,0,5.04475E+20,5.65967E+21,9.06389E+15,5.10885E+16
13078,13079,6,5,34,6,2016,4,14,7,3,5,2,0,0,0,1,0,0,0,0,4.87975E+20,5.63635E+21,8.82907E+15,5.08787E+16
13079,13080,6,4,12,0,2016,5,17,1,3,0,1,0,0,0,0,0,1,0,0,4.75021E+20,5.55208E+21,8.65058E+15,5.01204E+16
13080,13081,6,4,39,3,2016,4,16,3,3,0,1,0,0,0,0,0,1,0,0,4.38011E+20,5.54221E+21,8.13451E+15,5.0029E+16
13081,13082,6,4,12,0,2016,4,8,2,3,5,3,0,0,1,1,0,0,0,0,4.70417E+20,5.55245E+21,8.58616E+15,5.01235E+16
13082,13083,6,5,32,15,2016,4,18,6,2,8,1,0,0,0,0,0,1,0,0,4.72828E+20,5.60542E+21,8.61606E+15,5.06E+16
13083,13084,6,5,34,8,2016,4,15,5,3,9,1,0,1,0,0,0,1,0,0,4.91234E+20,5.62353E+21,8.87571E+15,5.07634E+16
13084,13085,6,6,32,15,2016,4,4,1,2,9,1,2,1,0,1,0,0,0,0,5.39569E+20,5.62976E+21,9.56171E+15,5.08182E+16
13085,13086,6,4,36,7,2016,4,19,5,3,3,6,0,0,1,1,0,0,0,0,4.59016E+20,5.5512E+21,8.4268E+15,5.01116E+16
13086,13087,6,5,34,11,2016,4,17,4,3,2,6,0,0,0,1,0,0,0,0,4.95038E+20,5.63031E+21,8.92955E+15,5.08245E+16
13087,13088,6,6,32,2,2016,4,15,2,3,2,6,0,0,0,1,0,0,0,0,5.49472E+20,5.63561E+21,9.70308E+15,5.08701E+16
13088,13089,6,4,14,0,2016,4,2,1,3,2,6,2,0,0,1,0,0,0,0,4.44922E+20,5.54745E+21,8.23024E+15,5.00768E+16
13089,13090,6,4,14,0,2016,5,18,7,3,6,4,0,0,0,1,1,0,0,0,4.49232E+20,5.54533E+21,8.29075E+15,5.00581E+16
13090,13091,6,4,12,0,2016,4,14,7,3,3,3,0,1,0,1,0,0,0,0,4.71801E+20,5.54499E+21,8.60607E+15,5.00565E+16
13091,13092,6,6,34,19,2016,5,19,6,2,5,2,0,0,0,0,0,1,0,1,5.29032E+20,5.6332E+21,9.41242E+15,5.08498E+16
13092,13093,6,6,34,14,2016,4,13,6,3,2,6,0,0,0,1,0,0,0,0,5.35765E+20,5.66441E+21,9.51112E+15,5.113E+16
13093,13094,6,4,14,0,2016,4,17,4,3,8,6,0,0,0,0,0,1,0,0,4.44324E+20,5.54951E+21,8.22159E+15,5.00953E+16