FID,OBJECTID,ULAND,UREGBEZ,UKREIS,UGEMEINDE,UJAHR,UMONAT,USTUNDE,UWOCHENTAG,UKATEGORIE,UART,UTYP1,ULICHTVERH,IstStrasse,IstRad,IstPKW,IstFuss,IstKrad,IstGkfz,IstSonstig,LINREFX,LINREFY,XGCSWGS84,YGCSWGS84
13094,13095,6,4,35,19,2016,5,23,3,3,8,7,2,0,0,1,0,0,0,0,4.85896E+20,5.55463E+21,8.80261E+15,5.01437E+16
13095,13096,6,4,12,0,2016,5,8,4,2,3,6,0,0,0,1,0,0,1,0,4.79988E+20,5.54586E+21,8.72039E+15,5.00647E+16
13096,13097,6,6,31,10,2016,4,16,4,2,0,1,0,0,1,0,0,0,0,0,5.65244E+20,5.589E+21,9.91898E+15,5.04494E+16
13097,13098,6,4,31,22,2016,5,13,5,3,9,1,0,0,0,1,0,0,0,0,4.70708E+20,5.50771E+21,8.59363E+15,4.97212E+16
13098,13099,6,4,12,0,2016,5,19,2,3,0,3,0,0,0,1,0,1,0,0,4.75252E+20,5.55218E+21,8.65381E+15,5.01213E+16
13099,13100,6,4,33,2,2016,5,8,6,3,8,6,0,0,0,1,0,0,0,0,4.52645E+20,5.53765E+21,8.33937E+15,4.99893E+16
13100,13101,6,4,31,14,2016,5,14,1,2,2,6,0,0,0,1,0,1,0,0,4.81227E+20,5.50714E+21,8.73958E+15,4.97164E+16
13101,13102,6,5,32,6,2016,4,13,4,3,4,1,0,1,0,1,0,0,0,0,4.56105E+20,5.62478E+21,8.37747E+15,5.07731E+16
13102,13103,6,5,31,9,2016,4,14,3,3,2,6,0,0,0,1,0,0,0,0,4.71356E+20,5.58981E+21,8.59646E+15,5.04596E+16
13103,13104,6,5,31,12,2016,4,11,2,2,2,6,0,0,0,1,0,0,0,0,4.76755E+20,5.59583E+21,8.67214E+15,5.05139E+16
13104,13105,6,5,33,2,2016,5,21,7,2,5,3,0,0,0,1,0,1,0,0,4.40594E+20,5.5792E+21,8.1648E+15,5.03618E+16
13105,13106,6,6,11,0,2016,4,18,7,3,5,3,0,1,0,1,0,1,0,0,5.31862E+20,5.68664E+21,9.45732E+15,5.13302E+16
13106,13107,6,4,38,8,2016,4,13,7,1,5,1,0,1,0,1,0,0,0,0,4.89565E+20,5.55133E+21,8.85405E+15,5.01142E+16
13107,13108,6,4,12,0,2016,5,10,6,3,2,6,0,0,0,1,0,0,0,0,4.7166E+20,5.54986E+21,8.60374E+15,5.01004E+16
13108,13109,6,4,14,0,2016,4,13,7,3,2,2,0,0,0,1,0,0,0,0,4.48905E+20,5.54091E+21,8.28677E+15,5.00183E+16
13109,13110,6,4,12,0,2016,4,14,6,3,0,2,0,0,1,1,0,0,0,0,4.78251E+20,5.55353E+21,8.69568E+15,5.01336E+16
13110,13111,6,5,33,9,2016,4,14,6,3,9,6,0,0,0,1,0,0,0,0,4.2689E+20,5.58456E+21,7.97111E+15,5.04085E+16
13111,13112,6,5,35,1,2016,5,21,3,2,8,1,2,0,0,1,0,0,0,0,5.1999E+20,5.62102E+21,9.2833E+15,5.07407E+16
13112,13113,6,4,38,10,2016,5,21,4,3,9,1,2,0,0,1,0,0,0,0,4.87519E+20,5.54621E+21,8.82561E+15,5.0068E+16
13113,13114,6,4,12,0,2016,4,18,5,3,5,2,0,0,1,1,0,0,0,0,4.79349E+20,5.55037E+21,8.71122E+15,5.01052E+16
13114,13115,6,6,31,9,2016,5,12,5,2,0,7,0,0,0,0,0,1,0,0,5.49514E+20,5.59874E+21,9.69873E+15,5.05385E+16
13115,13116,6,6,11,0,2016,5,22,2,3,9,1,2,0,0,0,0,1,0,0,5.36482E+20,5.68411E+21,9.52338E+15,5.13072E+16
13116,13117,6,5,31,7,2016,5,18,6,3,5,3,0,0,1,1,0,0,0,0,4.73603E+20,5.60155E+21,8.62728E+15,5.05653E+16
13117,13118,6,5,32,6,2016,5,14,1,2,4,1,0,0,1,1,0,0,0,0,4.5019E+20,5.62089E+21,8.29412E+15,5.07377E+16
13118,13119,6,6,35,21,2016,4,17,6,3,4,1,0,0,0,1,0,1,0,0,5.00219E+20,5.67261E+21,9.00313E+15,5.12049E+16
13119,13120,6,4,12,0,2016,4,17,2,3,6,4,0,0,0,1,1,0,0,0,4.7605E+20,5.55064E+21,8.66507E+15,5.01075E+16
13120,13121,6,4,34,8,2016,5,18,3,3,2,6,0,0,0,1,0,0,0,0,4.70726E+20,5.56104E+21,8.58982E+15,5.02008E+16
13121,13122,6,5,32,12,2016,5,16,4,3,2,6,0,0,0,1,0,0,0,0,4.46132E+20,5.61288E+21,8.23779E+15,5.06653E+16
13122,13123,6,4,14,0,2016,5,13,1,3,2,6,0,0,0,1,0,0,0,0,4.45939E+20,5.54757E+21,8.24444E+15,5.00779E+16
13123,13124,6,5,34,1,2016,5,15,2,2,5,3,0,0,0,1,0,0,0,0,4.96231E+20,5.62174E+21,8.94657E+15,5.07474E+16
13124,13125,6,6,31,11,2016,4,23,2,2,9,1,2,0,0,1,0,0,0,0,5.37105E+20,5.60504E+21,9.52425E+15,5.05961E+16
13125,13126,6,6,31,16,2016,4,10,7,2,2,6,0,0,0,1,0,0,0,0,5.52144E+20,5.58088E+21,9.73334E+15,5.03777E+16
13126,13127,6,4,37,2,2016,5,18,1,3,8,1,0,0,0,0,0,1,0,0,4.94941E+20,5.48843E+21,8.93007E+15,4.95485E+16
13127,13128,6,4,35,7,2016,4,8,5,3,2,6,0,0,0,1,0,0,0,0,4.97163E+20,5.55468E+21,8.9603E+15,5.01443E+16
13128,13129,6,6,34,8,2016,4,10,4,3,3,6,0,1,0,1,0,0,1,0,5.3332E+20,5.66854E+21,9.47657E+15,5.11673E+16
13129,13130,6,4,38,1,2016,5,13,1,3,2,6,0,0,0,1,0,0,0,0,4.84691E+20,5.54183E+21,8.78626E+15,5.00285E+16
13130,13131,6,5,32,6,2016,4,8,5,3,9,1,0,1,0,1,0,0,0,0,4.56115E+20,5.62482E+21,8.3776E+15,5.07735E+16
13131,13132,6,4,12,0,2016,4,16,2,3,2,6,0,1,0,1,0,0,0,0,4.74968E+20,5.55205E+21,8.64984E+15,5.01202E+16
13132,13133,6,4,35,22,2016,4,18,1,3,9,1,0,1,0,1,0,0,0,0,4.86158E+20,5.55643E+21,8.80621E+15,5.01599E+16
13133,13134,6,4,12,0,2016,5,18,7,3,2,6,0,0,0,1,0,0,0,0,4.8084E+20,5.55186E+21,8.732E+15,5.01187E+16
13134,13135,6,4,12,0,2016,4,9,5,3,5,2,0,0,0,1,0,1,0,0,4.76765E+20,5.55335E+21,8.6749E+15,5.0132E+16
13135,13136,6,4,39,15,2016,5,14,6,3,1,2,0,0,0,1,0,0,0,0,4.44307E+20,5.55831E+21,8.22006E+15,5.01744E+16
13136,13137,6,4,31,20,2016,4,7,6,3,0,3,0,0,1,1,0,0,0,0,4.70722E+20,5.48793E+21,8.5953E+15,4.95432E+16
13137,13138,6,4,12,0,2016,4,16,4,3,5,3,0,0,1,1,0,0,0,0,4.78038E+20,5.55302E+21,8.69274E+15,5.0129E+16
13138,13139,6,6,34,1,2016,5,23,2,3,8,1,2,0,0,1,0,0,0,0,5.1837E+20,5.65633E+21,9.26212E+15,5.10582E+16
13139,13140,6,5,35,13,2016,5,22,4,3,2,6,2,0,0,1,0,0,0,0,4.97511E+20,5.60979E+21,8.9648E+15,5.064E+16
13140,13141,6,4,35,14,2016,4,14,4,2,0,7,0,0,0,1,0,1,0,0,4.94369E+20,5.54969E+21,8.92127E+15,5.00995E+16
13141,13142,6,5,35,19,2016,5,19,4,3,1,5,0,0,0,1,0,0,0,1,5.31149E+20,5.60889E+21,9.44043E+15,5.06311E+16
13142,13143,6,4,35,10,2016,5,15,2,3,2,6,0,0,0,1,0,0,0,0,5.12743E+20,5.56017E+21,9.17852E+15,5.01936E+16
13143,13144,6,4,12,0,2016,5,14,2,3,3,2,0,0,1,0,0,0,1,0,4.74506E+20,5.54942E+21,8.64356E+15,5.00965E+16
13144,13145,6,5,33,3,2016,5,11,5,2,9,1,0,0,0,1,0,0,0,0,4.47481E+20,5.56945E+21,8.26296E+15,5.02748E+16
13145,13146,6,6,32,12,2016,4,21,7,2,7,7,2,0,0,0,0,1,0,0,5.46602E+20,5.64128E+21,9.66301E+15,5.09212E+16
13146,13147,6,4,12,0,2016,4,15,6,3,2,6,0,1,0,1,0,0,0,0,4.78531E+20,5.55979E+21,8.69925E+15,5.01899E+16
13147,13148,6,4,40,3,2016,4,18,2,3,0,7,0,0,0,0,0,1,0,1,4.85089E+20,5.55917E+21,8.79114E+15,5.01845E+16
13148,13149,6,4,33,9,2016,5,18,4,3,2,6,0,0,0,1,0,1,0,0,4.60776E+20,5.53167E+21,8.45341E+15,4.99361E+16
13149,13150,6,4,34,8,2016,5,19,1,2,5,3,0,0,0,1,0,1,0,0,4.65723E+20,5.56351E+21,8.5195E+15,5.02227E+16
13150,13151,6,5,31,9,2016,5,22,2,2,0,7,2,0,0,1,1,0,1,0,4.73775E+20,5.59236E+21,8.63036E+15,5.04826E+16
13151,13152,6,4,33,8,2016,4,11,2,3,3,6,0,0,0,1,0,0,0,1,4.70918E+20,5.54013E+21,8.5941E+15,5.00128E+16
13152,13153,6,5,33,9,2016,4,7,5,3,3,2,0,0,0,1,0,1,0,0,4.33596E+20,5.58264E+21,8.06582E+15,5.0392E+16
13153,13154,6,6,11,0,2016,4,15,4,3,2,6,0,1,0,1,0,0,0,1,5.37532E+20,5.68463E+21,9.53849E+15,5.13118E+16
13154,13155,6,6,36,6,2016,4,5,3,3,9,1,1,2,0,1,0,0,0,1,5.56165E+20,5.67462E+21,9.80423E+15,5.12202E+16
13155,13156,6,4,34,5,2016,4,7,2,3,2,6,0,1,0,1,0,0,0,0,4.61927E+20,5.55965E+21,8.46667E+15,5.01879E+16
13156,13157,6,6,32,15,2016,5,16,1,2,9,1,0,0,0,0,0,1,0,0,5.37746E+20,5.62791E+21,9.53564E+15,5.08017E+16
13157,13158,6,6,11,0,2016,4,17,6,3,2,6,0,0,0,1,0,0,0,0,5.34876E+20,5.68531E+21,9.50046E+15,5.1318E+16
13158,13159,6,6,11,0,2016,4,9,2,3,1,5,0,0,0,1,0,0,0,0,5.30439E+20,5.68138E+21,9.43646E+15,5.12829E+16
13159,13160,6,4,32,2,2016,5,16,4,3,2,6,0,0,0,1,0,0,0,0,4.94283E+20,5.53148E+21,8.92034E+15,4.99357E+16
13160,13161,6,6,11,0,2016,5,0,1,3,1,5,2,1,0,1,0,0,0,0,5.29841E+20,5.68699E+21,9.42835E+15,5.13335E+16
13161,13162,6,6,31,9,2016,5,13,2,2,5,3,0,0,1,1,0,0,0,0,5.47189E+20,5.60109E+21,9.66621E+15,5.05599E+16
13162,13163,6,4,38,11,2016,4,17,2,3,2,6,0,0,0,1,0,0,0,1,4.9096E+20,5.54529E+21,8.8737E+15,5.00598E+16
13163,13164,6,5,31,12,2016,4,16,6,3,2,6,0,0,0,1,0,0,1,0,4.75987E+20,5.60017E+21,8.66103E+15,5.05529E+16
13164,13165,6,4,39,5,2016,5,11,1,3,4,6,0,0,0,1,0,1,0,0,4.27207E+20,5.55254E+21,7.98173E+15,5.01206E+16
13165,13166,6,4,40,23,2016,4,9,5,3,2,6,0,0,0,1,0,0,0,0,4.76459E+20,5.5704E+21,8.66956E+15,5.02853E+16
13166,13167,6,4,14,0,2016,4,13,3,2,6,7,0,0,1,0,1,0,0,0,4.44215E+20,5.54913E+21,8.22012E+15,5.00918E+16
13167,13168,6,6,34,25,2016,4,4,2,3,5,2,1,1,0,1,0,0,0,0,5.25961E+20,5.6603E+21,9.37072E+15,5.10936E+16
13168,13169,6,5,34,14,2016,5,9,1,2,3,6,0,0,0,1,0,0,0,1,4.84267E+20,5.62934E+21,8.77667E+15,5.08156E+16
13169,13170,6,5,35,13,2016,4,17,5,3,5,2,0,0,0,1,0,0,0,0,5.05197E+20,5.6052E+21,9.07344E+15,5.05987E+16
13170,13171,6,5,33,15,2016,5,11,5,2,8,1,0,0,0,0,0,1,0,0,4.48026E+20,5.58419E+21,8.26858E+15,5.04074E+16
13171,13172,6,4,39,11,2016,4,9,1,3,4,1,0,0,1,1,0,0,0,0,4.4625E+20,5.55813E+21,8.24729E+15,5.0173E+16
13172,13173,6,4,39,15,2016,5,12,7,3,8,1,0,0,0,1,0,0,0,0,4.35453E+20,5.55462E+21,8.09671E+15,5.01403E+16
13173,13174,6,6,35,3,2016,4,16,5,3,2,6,0,0,0,1,0,0,0,0,5.08577E+20,5.66471E+21,9.12258E+15,5.11338E+16
13174,13175,6,4,31,19,2016,5,15,6,3,2,6,0,0,0,1,0,1,0,0,4.82399E+20,5.49707E+21,8.7563E+15,4.96259E+16
13175,13176,6,4,31,20,2016,4,16,5,3,3,6,0,0,0,1,0,0,0,0,4.68139E+20,5.49076E+21,8.55936E+15,4.95686E+16
13176,13177,6,4,34,5,2016,4,19,4,3,1,7,0,0,1,1,0,0,0,0,4.61777E+20,5.55999E+21,8.46454E+15,5.01909E+16
13177,13178,6,6,11,0,2016,5,10,2,3,3,6,0,0,0,1,0,0,0,0,5.35733E+20,5.68459E+21,9.51267E+15,5.13115E+16
13178,13179,6,6,32,19,2016,5,8,3,3,7,7,0,0,0,1,0,0,0,0,5.54022E+20,5.63256E+21,9.76728E+15,5.08422E+16
13179,13180,6,4,12,0,2016,4,7,4,3,3,6,0,0,0,1,0,0,1,0,4.79277E+20,5.54571E+21,8.71046E+15,5.00633E+16
13180,13181,6,4,14,0,2016,5,19,4,3,5,2,0,0,0,1,0,1,0,0,4.42645E+20,5.54943E+21,8.19813E+15,5.00944E+16
13181,13182,6,5,34,14,2016,5,8,2,3,3,6,0,0,0,1,0,0,0,0,4.83865E+20,5.63196E+21,8.77085E+15,5.08391E+16
13182,13183,6,4,39,7,2016,5,18,2,2,8,1,0,0,1,0,0,0,0,0,4.41272E+20,5.56618E+21,8.17635E+15,5.02449E+16
13183,13184,6,4,12,0,2016,5,13,5,3,5,3,0,0,1,1,0,0,0,0,4.71818E+20,5.54984E+21,8.60595E+15,5.01002E+16
13184,13185,6,4,38,8,2016,4,13,1,2,6,6,0,0,0,1,1,0,0,0,4.91046E+20,5.55225E+21,8.87475E+15,5.01224E+16
13185,13186,6,6,11,0,2016,4,13,7,3,6,4,0,0,0,0,1,0,0,1,5.3166E+20,5.6824E+21,9.45405E+15,5.12921E+16
13186,13187,6,4,34,1,2016,4,9,4,2,9,6,0,0,0,1,0,0,1,0,4.75982E+20,5.56432E+21,8.66325E+15,5.02306E+16
13187,13188,6,5,31,10,2016,4,18,3,3,2,6,0,0,0,1,0,0,0,0,4.98568E+20,5.59924E+21,8.97978E+15,5.05451E+16
13188,13189,6,6,34,18,2016,4,14,6,3,5,2,0,0,0,1,0,0,0,0,5.23129E+20,5.67241E+21,9.33106E+15,5.12026E+16
13189,13190,6,4,31,21,2016,4,6,2,3,7,7,1,0,0,1,0,0,0,0,4.88002E+20,5.49224E+21,8.83401E+15,4.95826E+16
13190,13191,6,5,35,1,2016,4,19,6,3,2,6,0,0,0,1,0,0,0,0,5.17083E+20,5.62043E+21,9.24208E+15,5.07354E+16
13191,13192,6,5,34,9,2016,5,12,4,2,9,1,0,0,0,1,0,0,0,0,4.7846E+20,5.6171E+21,8.69495E+15,5.07053E+16
13192,13193,6,4,38,10,2016,5,0,2,3,3,6,2,0,0,1,0,0,1,0,4.87892E+20,5.54602E+21,8.83082E+15,5.00664E+16
13193,13194,6,6,32,14,2016,4,19,1,3,0,1,0,0,1,0,0,0,0,0,5.39333E+20,5.64229E+21,9.55971E+15,5.09309E+16
13194,13195,6,6,11,0,2016,4,15,5,3,2,6,0,0,0,1,0,0,0,1,5.34681E+20,5.68475E+21,9.4976E+15,5.1313E+16
13195,13196,6,5,32,4,2016,4,16,7,2,5,3,0,1,0,1,0,1,0,0,4.42593E+20,5.61489E+21,8.1874E+15,5.0683E+16
13196,13197,6,6,33,28,2016,4,15,4,2,5,2,0,0,1,0,0,0,1,0,5.09385E+20,5.68051E+21,9.13454E+15,5.12758E+16
13197,13198,6,4,40,20,2016,4,7,3,2,9,1,0,1,0,1,0,0,0,0,4.9937E+20,5.57731E+21,8.99115E+15,5.03478E+16
13198,13199,6,4,40,22,2016,4,9,2,3,5,3,0,0,0,1,0,0,0,1,4.78535E+20,5.58719E+21,8.69774E+15,5.04364E+16
13199,13200,6,4,39,8,2016,5,6,1,3,8,1,0,0,0,1,0,0,0,0,4.46884E+20,5.56095E+21,8.25578E+15,5.01984E+16
13200,13201,6,4,14,0,2016,4,11,7,3,5,3,0,1,1,1,0,0,0,0,4.43102E+20,5.54465E+21,8.20523E+15,5.00514E+16
13201,13202,6,6,34,1,2016,5,11,6,3,5,3,0,0,0,1,0,0,0,0,5.24099E+20,5.65685E+21,9.3439E+15,5.10627E+16
13202,13203,6,4,14,0,2016,4,20,7,3,4,1,2,1,0,1,0,0,0,0,4.38303E+20,5.55062E+21,8.13724E+15,5.01046E+16
13203,13204,6,6,33,26,2016,4,6,5,2,6,7,0,0,0,1,1,0,0,0,5.33071E+20,5.6895E+21,9.47494E+15,5.13558E+16
13204,13205,6,5,32,6,2016,5,17,5,3,5,2,0,0,0,1,0,0,0,0,4.52396E+20,5.62169E+21,8.32527E+15,5.0745E+16
13205,13206,6,5,34,10,2016,5,11,7,2,9,1,0,0,0,0,0,1,0,0,4.65996E+20,5.62658E+21,8.51758E+15,5.079E+16
13206,13207,6,5,34,18,2016,5,14,6,3,5,3,0,0,0,1,0,0,0,0,5.00101E+20,5.62928E+21,9.00144E+15,5.08153E+16
13207,13208,6,5,31,6,2016,5,17,7,2,9,1,0,0,0,0,0,1,0,0,5.04097E+20,5.59768E+21,9.0578E+15,5.05311E+16
13208,13209,6,4,12,0,2016,4,11,7,3,5,3,0,1,0,1,0,0,0,0,4.65775E+20,5.54957E+21,8.52148E+15,5.00974E+16
13209,13210,6,6,33,29,2016,4,14,5,2,3,6,0,0,0,1,0,0,1,0,5.14903E+20,5.69347E+21,9.21419E+15,5.13922E+16
13210,13211,6,4,12,0,2016,4,9,6,3,2,6,0,0,0,1,0,0,0,0,4.7089E+20,5.55409E+21,8.59265E+15,5.01383E+16
13211,13212,6,4,35,16,2016,5,15,5,3,2,3,0,0,0,0,0,1,0,0,5.29398E+20,5.55859E+21,9.41173E+15,5.01788E+16
13212,13213,6,4,35,2,2016,5,12,7,1,2,6,0,0,1,1,0,0,0,0,5.27289E+20,5.5707E+21,9.38306E+15,5.02878E+16
13213,13214,6,4,38,2,2016,4,9,5,3,2,6,0,0,0,1,0,0,0,0,4.80997E+20,5.53654E+21,8.73495E+15,4.99809E+16
13214,13215,6,5,35,5,2016,5,17,6,3,2,7,0,0,0,1,1,0,0,0,5.01521E+20,5.61865E+21,9.02155E+15,5.07196E+16
13215,13216,6,4,38,1,2016,4,14,4,3,5,3,0,0,1,1,0,0,0,0,4.8403E+20,5.53992E+21,8.77712E+15,5.00113E+16
13216,13217,6,4,12,0,2016,5,7,2,3,6,7,0,0,0,0,1,0,0,1,4.79109E+20,5.55274E+21,8.70773E+15,5.01265E+16
13217,13218,6,4,12,0,2016,5,8,3,3,2,6,0,0,1,1,0,0,0,0,4.72959E+20,5.55539E+21,8.6215E+15,5.01501E+16
13218,13219,6,4,12,0,2016,5,7,4,3,6,2,0,0,0,1,1,0,0,0,4.71966E+20,5.5529E+21,8.60779E+15,5.01277E+16
13219,13220,6,4,38,2,2016,5,18,2,3,8,7,0,0,0,1,0,0,0,0,4.79423E+20,5.5423E+21,8.71269E+15,5.00326E+16
13220,13221,6,4,38,2,2016,5,7,2,3,2,6,0,0,0,1,0,0,0,1,4.81577E+20,5.53589E+21,8.74306E+15,4.99751E+16
13221,13222,6,6,32,3,2016,5,12,5,2,8,1,0,0,0,0,0,1,0,0,5.60103E+20,5.65367E+21,9.85712E+15,5.10314E+16
13222,13223,6,5,33,17,2016,4,6,1,3,8,1,1,1,0,1,0,0,0,0,4.49208E+20,5.59243E+21,8.2841E+15,5.04816E+16
13223,13224,6,4,34,3,2016,4,13,7,3,8,1,0,0,0,0,0,1,0,0,4.59949E+20,5.56385E+21,8.43852E+15,5.02255E+16
13224,13225,6,4,12,0,2016,4,13,3,3,6,4,0,0,0,1,1,0,0,0,4.76414E+20,5.56072E+21,8.66953E+15,5.01982E+16
13225,13226,6,4,35,17,2016,4,7,2,3,2,6,0,0,0,1,0,0,0,0,5.00734E+20,5.55888E+21,9.01028E+15,5.01821E+16
13226,13227,6,4,40,12,2016,4,14,6,3,2,6,0,0,0,1,0,0,0,1,4.83353E+20,5.56446E+21,8.76659E+15,5.02321E+16
13227,13228,6,5,32,16,2016,5,9,4,3,5,3,0,0,0,1,0,0,0,0,4.50801E+20,5.59779E+21,8.30585E+15,5.053E+16
13228,13229,6,5,33,3,2016,5,13,2,3,3,6,0,0,0,1,0,0,0,1,4.45749E+20,5.57177E+21,8.23833E+15,5.02956E+16
13229,13230,6,6,34,19,2016,4,7,5,2,8,1,0,2,0,1,0,0,0,0,5.29232E+20,5.6354E+21,9.41543E+15,5.08696E+16
13230,13231,6,6,31,20,2016,4,18,1,2,9,1,0,1,0,1,0,0,0,0,5.53578E+20,5.60178E+21,9.75651E+15,5.05655E+16
13231,13232,6,4,38,12,2016,4,11,7,2,6,4,0,1,0,1,1,0,0,0,4.85822E+20,5.53597E+21,8.80226E+15,4.99759E+16
13232,13233,6,4,34,11,2016,4,7,4,3,2,6,0,0,0,1,0,0,0,0,4.6666E+20,5.57607E+21,8.53152E+15,5.03358E+16
13233,13234,6,6,31,9,2016,4,14,3,3,5,2,0,0,0,1,0,0,0,0,5.44306E+20,5.59965E+21,9.62535E+15,5.05471E+16
13234,13235,6,6,33,3,2016,4,9,2,3,9,1,0,0,0,1,0,0,0,0,5.27607E+20,5.6809E+21,9.39581E+15,5.12787E+16
13235,13236,6,6,35,21,2016,5,14,7,2,1,7,0,0,0,1,0,1,0,0,5.00221E+20,5.67261E+21,9.00316E+15,5.12049E+16
13236,13237,6,5,31,14,2016,4,12,7,3,5,3,0,1,0,1,0,1,0,0,4.80075E+20,5.59816E+21,8.71885E+15,5.0535E+16
13237,13238,6,6,35,11,2016,4,23,7,2,8,1,2,1,0,1,0,0,0,0,4.88774E+20,5.65577E+21,8.83983E+15,5.10534E+16
13238,13239,6,4,14,0,2016,5,22,6,3,6,2,2,0,0,1,1,0,0,0,4.45662E+20,5.54334E+21,8.24117E+15,5.00399E+16
13239,13240,6,4,12,0,2016,4,23,7,3,2,2,2,1,0,1,0,0,0,0,4.74342E+20,5.55012E+21,8.64122E+15,5.01027E+16
13240,13241,6,4,12,0,2016,4,8,6,3,5,3,0,0,0,1,0,0,0,0,4.6375E+20,5.54955E+21,8.49317E+15,5.00971E+16
13241,13242,6,4,35,17,2016,4,13,6,3,1,6,0,0,0,1,0,0,0,0,5.03656E+20,5.55698E+21,9.05119E+15,5.0165E+16
13242,13243,6,4,36,5,2016,5,7,3,3,5,3,0,0,1,1,0,0,0,0,4.63918E+20,5.54552E+21,8.4959E+15,5.00609E+16
13243,13244,6,5,31,11,2016,5,13,4,3,4,3,0,0,0,1,0,0,0,0,4.88018E+20,5.59717E+21,8.83095E+15,5.05263E+16
13244,13245,6,4,12,0,2016,4,11,5,3,3,2,0,0,1,0,0,0,1,0,4.76135E+20,5.55515E+21,8.66598E+15,5.01481E+16
13245,13246,6,6,31,5,2016,5,13,5,2,8,1,0,0,0,0,0,1,0,0,5.69742E+20,5.59435E+21,9.98332E+15,5.0497E+16
13246,13247,6,5,34,11,2016,5,17,7,3,2,6,0,0,0,1,0,0,0,0,4.94201E+20,5.63047E+21,8.91767E+15,5.08259E+16
13247,13248,6,5,33,7,2016,5,11,2,3,3,2,0,0,0,1,0,0,0,0,4.31017E+20,5.58931E+21,8.02831E+15,5.04517E+16
13248,13249,6,6,31,6,2016,5,15,6,3,5,2,0,0,0,1,0,0,0,0,5.48756E+20,5.59393E+21,9.68741E+15,5.04954E+16
13249,13250,6,4,14,0,2016,4,23,7,3,9,1,2,1,0,1,0,0,0,0,4.51626E+20,5.54505E+21,8.32424E+15,5.00558E+16
13250,13251,6,4,39,15,2016,5,10,3,3,3,6,0,1,0,1,0,0,0,0,4.44303E+20,5.55832E+21,8.22E+15,5.01745E+16
13251,13252,6,4,40,1,2016,5,17,4,3,0,1,0,0,0,1,0,1,0,0,4.95239E+20,5.57011E+21,8.93317E+15,5.02831E+16
13252,13253,6,6,11,0,2016,5,20,1,3,5,2,0,0,1,1,0,0,0,0,5.33093E+20,5.68525E+21,9.47486E+15,5.13176E+16
13253,13254,6,4,33,12,2016,5,16,2,3,5,2,0,0,0,1,0,0,0,0,4.58637E+20,5.53757E+21,8.42297E+15,4.9989E+16
13254,13255,6,5,32,23,2016,4,10,7,3,5,3,0,0,0,1,0,0,0,0,4.65283E+20,5.60267E+21,8.50971E+15,5.0575E+16
13255,13256,6,4,12,0,2016,5,19,1,3,2,6,0,0,0,1,0,0,0,0,4.69683E+20,5.54866E+21,8.57619E+15,5.00895E+16
13256,13257,6,4,31,21,2016,4,14,3,3,8,1,0,0,0,0,0,1,0,0,4.85861E+20,5.49126E+21,8.80444E+15,4.95738E+16
13257,13258,6,4,38,10,2016,4,18,6,3,3,6,0,0,0,1,0,0,1,0,4.88318E+20,5.54585E+21,8.83678E+15,5.00648E+16
13258,13259,6,5,32,16,2016,4,16,5,3,2,2,0,0,0,1,0,0,0,0,4.54373E+20,5.59953E+21,8.35603E+15,5.05459E+16
13259,13260,6,4,38,11,2016,4,18,4,3,8,1,0,1,0,1,0,0,0,0,4.92549E+20,5.54021E+21,8.896E+15,5.00141E+16
13260,13261,6,5,32,2,2016,5,14,1,3,5,2,0,0,0,1,0,0,0,0,4.63101E+20,5.61693E+21,8.47747E+15,5.0703E+16
13261,13262,6,4,11,0,2016,5,23,2,3,5,2,2,0,0,1,0,0,0,0,4.73619E+20,5.52627E+21,8.63274E+15,4.98883E+16
13262,13263,6,4,11,0,2016,5,12,3,3,5,3,0,1,1,1,0,0,0,0,4.76963E+20,5.52557E+21,8.67934E+15,4.98821E+16
13263,13264,6,4,39,10,2016,5,18,4,3,8,1,0,0,0,0,0,1,0,0,4.20473E+20,5.54895E+21,7.88829E+15,5.00874E+16
13264,13265,6,4,12,0,2016,5,18,2,3,2,6,0,0,0,1,0,0,0,0,4.74747E+20,5.54501E+21,8.64722E+15,5.00568E+16
13265,13266,6,4,40,4,2016,5,14,2,3,9,1,0,0,0,1,0,0,0,0,5.03544E+20,5.57091E+21,9.04975E+15,5.02903E+16
13266,13267,6,4,31,7,2016,4,14,1,2,5,3,0,0,0,1,0,0,0,0,4.90216E+20,5.50038E+21,8.86445E+15,4.96559E+16
13267,13268,6,4,31,18,2016,4,5,7,1,7,4,2,0,0,1,1,0,0,0,4.89666E+20,5.47198E+21,8.85757E+15,4.94005E+16
13268,13269,6,6,11,0,2016,4,17,3,3,5,2,0,0,0,1,0,0,0,0,5.30584E+20,5.68764E+21,9.43907E+15,5.13393E+16
13269,13270,6,4,14,0,2016,4,17,2,3,5,3,0,0,1,1,0,0,0,0,4.46483E+20,5.5459E+21,8.25227E+15,5.0063E+16
13270,13271,6,6,31,13,2016,4,6,6,2,5,3,0,0,0,1,0,0,0,0,5.56867E+20,5.60345E+21,9.8032E+15,5.05802E+16
13271,13272,6,4,38,11,2016,4,15,5,3,2,6,0,0,0,1,0,0,0,0,4.91464E+20,5.54042E+21,8.88085E+15,5.00161E+16
13272,13273,6,5,35,13,2016,4,17,1,3,2,6,0,0,0,1,0,0,0,0,4.98184E+20,5.60992E+21,8.97432E+15,5.06412E+16
13273,13274,6,4,40,25,2016,4,8,4,2,1,1,0,0,0,1,0,0,0,0,4.82406E+20,5.57155E+21,8.75299E+15,5.02958E+16
13274,13275,6,4,38,9,2016,4,14,3,3,2,6,0,0,0,1,0,0,0,0,4.74797E+20,5.54485E+21,8.64792E+15,5.00554E+16
13275,13276,6,6,36,14,2016,4,2,1,3,8,1,2,0,0,1,0,0,0,0,5.69834E+20,5.66925E+21,9.99889E+15,5.11704E+16