FID,OBJECTID,ULAND,UREGBEZ,UKREIS,UGEMEINDE,UJAHR,UMONAT,USTUNDE,UWOCHENTAG,UKATEGORIE,UART,UTYP1,ULICHTVERH,IstStrasse,IstRad,IstPKW,IstFuss,IstKrad,IstGkfz,IstSonstig,LINREFX,LINREFY,XGCSWGS84,YGCSWGS84
13458,13459,6,4,40,2,2016,5,21,1,3,4,3,2,0,0,1,0,1,0,0,4.82944E+20,5.57906E+21,8.7602E+15,5.03633E+16
13459,13460,6,6,11,0,2016,4,17,6,3,2,2,0,0,0,1,0,0,0,0,5.36113E+20,5.6879E+21,9.51847E+15,5.13413E+16
13460,13461,6,6,33,29,2016,4,8,2,3,8,1,0,0,0,1,0,0,0,0,5.18089E+20,5.68487E+21,9.25956E+15,5.13149E+16
13461,13462,6,4,38,12,2016,5,6,4,3,0,1,0,0,0,0,0,1,0,0,4.86914E+20,5.53637E+21,8.81749E+15,4.99795E+16
13462,13463,6,4,37,2,2016,5,2,1,3,8,1,2,1,0,1,0,0,0,0,4.99127E+20,5.49318E+21,8.98791E+15,4.95912E+16
13463,13464,6,5,34,20,2016,5,7,2,3,3,6,0,0,0,1,0,0,0,0,4.81715E+20,5.62229E+21,8.7408E+15,5.07521E+16
13464,13465,6,4,35,14,2016,4,7,2,3,2,6,0,0,0,1,0,0,0,1,4.93763E+20,5.55E+21,8.91279E+15,5.01022E+16
13465,13466,6,4,40,15,2016,4,10,6,3,3,6,0,0,0,1,0,0,1,0,4.80073E+20,5.58987E+21,8.71926E+15,5.04605E+16
13466,13467,6,4,12,0,2016,4,19,5,3,5,2,0,0,1,1,0,0,0,0,4.7696E+20,5.5504E+21,8.67781E+15,5.01054E+16
13467,13468,6,6,31,6,2016,5,19,5,3,2,6,0,0,0,1,0,1,0,0,5.50083E+20,5.59317E+21,9.70601E+15,5.04884E+16
13468,13469,6,6,11,0,2016,5,16,2,2,5,2,0,0,1,1,0,0,0,0,5.36681E+20,5.68447E+21,9.52627E+15,5.13103E+16
13469,13470,6,4,35,14,2016,5,12,6,3,5,3,0,0,0,1,0,0,0,0,4.94073E+20,5.5525E+21,8.91708E+15,5.01247E+16
13470,13471,6,4,37,3,2016,5,18,1,2,9,1,0,0,0,0,0,1,0,0,4.93222E+20,5.51168E+21,8.90589E+15,4.97576E+16
13471,13472,6,5,31,3,2016,4,19,6,3,2,6,0,0,0,1,0,0,0,0,4.85964E+20,5.60486E+21,8.80168E+15,5.05955E+16
13472,13473,6,4,38,11,2016,5,6,3,3,3,6,0,0,0,1,0,0,0,0,4.94755E+20,5.54078E+21,8.92678E+15,5.00193E+16
13473,13474,6,4,37,9,2016,5,16,4,3,0,6,0,0,0,1,0,1,0,0,4.9986E+20,5.51676E+21,8.99805E+15,4.98033E+16
13474,13475,6,4,14,0,2016,5,15,1,3,0,1,0,0,1,0,0,0,0,0,4.41719E+20,5.54973E+21,8.18513E+15,5.0097E+16
13475,13476,6,4,33,11,2016,5,16,2,3,5,3,0,0,1,1,0,0,0,0,4.63708E+20,5.52009E+21,8.49536E+15,4.98321E+16
13476,13477,6,5,34,15,2016,4,16,2,3,4,1,0,0,0,1,0,0,0,0,4.79298E+20,5.6432E+21,8.70536E+15,5.09401E+16
13477,13478,6,4,40,8,2016,4,19,1,3,5,3,0,0,0,1,0,0,0,0,4.81148E+20,5.57447E+21,8.73518E+15,5.0322E+16
13478,13479,6,4,38,11,2016,4,6,7,3,5,3,0,0,0,1,0,0,0,0,4.92327E+20,5.53856E+21,8.89293E+15,4.99994E+16
13479,13480,6,4,37,13,2016,5,13,1,2,4,1,0,0,0,1,0,1,0,0,4.91443E+20,5.50789E+21,8.88128E+15,4.97234E+16
13480,13481,6,4,35,7,2016,4,19,6,3,2,6,0,0,0,1,0,0,0,0,5.00397E+20,5.55531E+21,9.00556E+15,5.015E+16
13481,13482,6,4,38,5,2016,4,10,5,3,3,6,0,0,0,1,0,0,1,0,4.85875E+20,5.54619E+21,8.80263E+15,5.00678E+16
13482,13483,6,4,38,11,2016,4,9,4,3,2,6,0,0,0,1,0,0,0,1,4.92206E+20,5.54515E+21,8.89111E+15,5.00586E+16
13483,13484,6,5,32,11,2016,5,2,1,3,8,1,2,0,0,1,0,0,0,0,4.47355E+20,5.62334E+21,8.25359E+15,5.07595E+16
13484,13485,6,5,32,10,2016,4,14,5,3,5,2,0,0,0,1,0,0,0,0,4.49916E+20,5.60224E+21,8.29276E+15,5.05699E+16
13485,13486,6,4,14,0,2016,4,13,2,3,3,7,0,1,0,1,0,0,0,0,4.46248E+20,5.54662E+21,8.24889E+15,5.00694E+16
13486,13487,6,4,32,23,2016,4,8,1,3,8,7,0,0,0,1,0,0,0,0,4.70807E+20,5.53088E+21,8.59326E+15,4.99296E+16
13487,13488,6,4,12,0,2016,5,11,7,3,2,6,0,0,0,1,0,1,0,0,4.80245E+20,5.55434E+21,8.72354E+15,5.01409E+16
13488,13489,6,5,31,5,2016,4,13,7,3,2,6,0,0,0,1,0,0,0,0,4.79456E+20,5.60442E+21,8.70977E+15,5.05913E+16
13489,13490,6,4,12,0,2016,4,17,5,3,8,7,0,0,0,1,0,0,0,0,4.7376E+20,5.55003E+21,8.63309E+15,5.0102E+16
13490,13491,6,4,39,16,2016,5,18,6,3,8,1,0,0,0,0,0,1,0,0,4.55908E+20,5.56721E+21,8.38149E+15,5.02554E+16
13491,13492,6,4,40,4,2016,4,18,6,3,3,2,0,0,1,1,0,0,0,0,5.04435E+20,5.57293E+21,9.06228E+15,5.03084E+16
13492,13493,6,4,12,0,2016,4,18,4,2,6,4,0,0,0,1,1,0,0,0,4.71654E+20,5.54984E+21,8.60365E+15,5.01002E+16
13493,13494,6,6,36,7,2016,5,16,2,3,2,2,0,0,0,1,0,0,0,0,5.76858E+20,5.67212E+21,1.01E+16,5.11953E+16
13494,13495,6,5,35,13,2016,5,22,4,3,2,6,2,0,0,1,0,0,0,0,4.97511E+20,5.60979E+21,8.9648E+15,5.064E+16
13495,13496,6,5,31,5,2016,4,15,4,3,5,2,0,0,0,1,0,1,0,0,4.77161E+20,5.60153E+21,8.67752E+15,5.05652E+16
13496,13497,6,6,32,19,2016,5,18,4,2,5,2,0,0,0,1,0,0,0,0,5.59784E+20,5.62943E+21,9.8486E+15,5.08135E+16
13497,13498,6,4,36,5,2016,5,16,2,3,4,7,0,0,0,1,0,0,0,0,4.62011E+20,5.54741E+21,8.46906E+15,5.00778E+16
13498,13499,6,4,12,0,2016,5,16,2,3,2,2,0,0,0,1,0,1,0,0,4.74097E+20,5.55008E+21,8.6378E+15,5.01024E+16
13499,13500,6,6,34,9,2016,5,18,5,2,9,1,0,0,0,1,0,0,0,0,5.30374E+20,5.65269E+21,9.43309E+15,5.10249E+16
13500,13501,6,4,35,10,2016,5,22,1,3,8,1,2,0,0,1,0,0,0,0,5.14941E+20,5.56036E+21,9.20933E+15,5.01953E+16
13501,13502,6,4,12,0,2016,4,19,6,3,2,6,0,0,0,1,0,0,0,0,4.64717E+20,5.54728E+21,8.50689E+15,5.00767E+16
13502,13503,6,4,36,7,2016,4,9,2,3,5,3,0,0,0,1,0,0,0,0,4.60038E+20,5.54815E+21,8.44142E+15,5.00843E+16
13503,13504,6,4,31,13,2016,5,23,4,2,8,1,2,0,0,0,0,1,0,0,4.56299E+20,5.50002E+21,8.3946E+15,4.96511E+16
13504,13505,6,4,35,19,2016,5,19,1,3,1,3,0,0,0,1,0,1,0,0,4.87849E+20,5.55429E+21,8.82995E+15,5.01407E+16
13505,13506,6,5,31,11,2016,5,12,2,3,5,3,0,0,0,0,0,1,0,1,4.86469E+20,5.59653E+21,8.80913E+15,5.05205E+16
13506,13507,6,4,12,0,2016,4,7,2,3,3,6,0,0,0,1,0,0,1,0,4.79569E+20,5.54579E+21,8.71454E+15,5.0064E+16
13507,13508,6,5,33,7,2016,4,16,5,3,4,3,0,0,0,1,0,0,0,0,4.31014E+20,5.58931E+21,8.02827E+15,5.04517E+16
13508,13509,6,4,40,3,2016,5,8,1,3,8,1,0,0,0,1,0,0,0,0,4.82873E+20,5.55994E+21,8.76007E+15,5.01914E+16
13509,13510,6,5,33,14,2016,4,21,4,3,8,1,2,0,0,1,0,0,0,0,4.51008E+20,5.57927E+21,8.31118E+15,5.03635E+16
13510,13511,6,6,11,0,2016,4,7,3,3,1,7,0,0,1,1,0,0,0,0,5.34053E+20,5.68596E+21,9.48871E+15,5.1324E+16
13511,13512,6,4,35,27,2016,4,6,2,3,2,1,0,1,0,1,0,0,0,0,5.46812E+20,5.5722E+21,9.65729E+15,5.03001E+16
13512,13513,6,5,32,23,2016,5,17,1,1,6,4,0,0,0,0,1,0,0,1,4.64569E+20,5.60095E+21,8.49979E+15,5.05594E+16
13513,13514,6,5,32,15,2016,5,13,7,3,2,2,0,0,0,1,0,0,0,0,4.68526E+20,5.60357E+21,8.55543E+15,5.05832E+16
13514,13515,6,4,39,16,2016,4,10,7,3,8,1,0,1,0,1,0,0,0,0,4.5217E+20,5.56617E+21,8.32918E+15,5.02457E+16
13515,13516,6,5,31,5,2016,4,8,5,3,3,6,0,0,0,1,0,0,1,0,4.77429E+20,5.60289E+21,8.68122E+15,5.05775E+16
13516,13517,6,6,33,3,2016,4,14,6,3,2,6,0,0,0,1,0,0,0,0,5.27924E+20,5.68088E+21,9.40035E+15,5.12786E+16
13517,13518,6,4,31,11,2016,5,10,5,3,0,7,0,1,0,0,0,1,0,1,4.72893E+20,5.49906E+21,8.62453E+15,4.96435E+16
13518,13519,6,4,36,9,2016,5,14,7,3,3,6,0,0,0,1,0,1,0,0,4.6177E+20,5.5475E+21,8.4657E+15,5.00785E+16
13519,13520,6,4,39,2,2016,5,15,1,2,9,1,0,0,0,0,0,1,0,0,4.32374E+20,5.55432E+21,8.05368E+15,5.01373E+16
13520,13521,6,4,12,0,2016,4,17,5,3,2,6,0,0,0,1,0,0,0,0,4.66935E+20,5.55174E+21,8.5375E+15,5.0117E+16
13521,13522,6,5,33,3,2016,4,7,3,3,7,7,0,1,0,1,0,0,0,1,4.49172E+20,5.57174E+21,8.28639E+15,5.02956E+16
13522,13523,6,6,35,20,2016,4,13,2,3,8,1,0,0,0,1,0,0,0,0,5.08567E+20,5.6973E+21,9.12322E+15,5.14268E+16
13523,13524,6,4,33,11,2016,5,13,1,2,3,6,0,0,1,1,0,0,0,0,4.60965E+20,5.52083E+21,8.45715E+15,4.98387E+16
13524,13525,6,4,11,0,2016,4,17,5,3,2,6,0,0,0,1,0,0,0,0,4.7151E+20,5.52384E+21,8.60356E+15,4.98663E+16
13525,13526,6,4,34,3,2016,5,17,5,1,9,1,0,0,1,0,0,0,0,0,4.59964E+20,5.5638E+21,8.43874E+15,5.0225E+16
13526,13527,6,6,33,3,2016,4,4,1,3,9,1,2,1,0,1,0,0,0,0,5.2732E+20,5.67642E+21,9.39135E+15,5.12385E+16
13527,13528,6,4,39,14,2016,5,15,7,3,5,3,0,0,0,1,0,0,0,0,4.36348E+20,5.54771E+21,8.11039E+15,5.00783E+16
13528,13529,6,6,33,3,2016,4,0,5,3,8,1,2,0,0,1,0,0,0,0,5.29707E+20,5.67908E+21,9.42576E+15,5.12623E+16
13529,13530,6,5,33,17,2016,5,21,6,2,8,1,1,0,1,0,0,0,0,0,4.47127E+20,5.59339E+21,8.25464E+15,5.04901E+16
13530,13531,6,4,14,0,2016,4,0,5,3,9,1,2,0,0,1,0,0,0,0,4.43626E+20,5.54491E+21,8.2125E+15,5.00538E+16
13531,13532,6,6,32,1,2016,4,16,4,2,5,3,0,0,0,1,0,0,0,0,5.45732E+20,5.65133E+21,9.6519E+15,5.10117E+16
13532,13533,6,5,33,14,2016,5,7,2,3,5,3,0,0,0,1,0,0,0,0,4.50997E+20,5.57926E+21,8.31104E+15,5.03633E+16
13533,13534,6,4,12,0,2016,5,14,3,3,2,6,0,0,0,1,0,0,0,0,4.70276E+20,5.5446E+21,8.58479E+15,5.0053E+16
13534,13535,6,4,12,0,2016,4,8,4,3,2,6,0,0,0,1,0,0,0,0,4.74138E+20,5.55357E+21,8.63813E+15,5.01338E+16
13535,13536,6,6,11,0,2016,5,17,4,2,2,6,0,0,0,1,0,1,0,0,5.36011E+20,5.6851E+21,9.51672E+15,5.13161E+16
13536,13537,6,5,34,10,2016,5,16,2,2,2,6,0,0,0,1,0,1,0,1,4.65906E+20,5.62649E+21,8.5163E+15,5.07892E+16
13537,13538,6,6,11,0,2016,5,15,2,3,3,2,0,0,1,1,0,0,0,0,5.31549E+20,5.68418E+21,9.45262E+15,5.1308E+16
13538,13539,6,4,14,0,2016,5,20,5,3,1,5,1,0,1,1,0,0,0,0,4.39709E+20,5.54563E+21,8.15769E+15,5.00599E+16
13539,13540,6,4,12,0,2016,4,14,7,3,2,6,0,0,0,1,0,0,0,1,4.80218E+20,5.55235E+21,8.72327E+15,5.0123E+16
13540,13541,6,4,31,22,2016,4,17,4,3,2,6,0,0,0,1,0,1,0,0,4.70607E+20,5.50886E+21,8.59213E+15,4.97315E+16
13541,13542,6,5,32,15,2016,4,8,3,3,2,6,0,0,0,1,0,0,0,0,4.69009E+20,5.60271E+21,8.56232E+15,5.05755E+16
13542,13543,6,6,32,1,2016,4,14,6,2,5,1,0,0,0,1,0,1,0,0,5.46565E+20,5.65535E+21,9.66429E+15,5.10478E+16
13543,13544,6,4,40,8,2016,4,16,2,3,2,6,0,0,0,1,0,0,0,0,4.81144E+20,5.57527E+21,8.73507E+15,5.03292E+16
13544,13545,6,5,35,14,2016,4,16,6,3,2,6,0,0,0,1,0,0,0,0,5.12954E+20,5.61779E+21,9.18347E+15,5.07118E+16
13545,13546,6,5,34,9,2016,5,17,4,3,2,6,0,0,0,1,0,0,0,1,4.8083E+20,5.61699E+21,8.72853E+15,5.07044E+16
13546,13547,6,4,35,12,2016,5,9,2,3,2,6,0,0,0,1,0,0,0,0,5.08484E+20,5.56021E+21,9.11886E+15,5.01941E+16
13547,13548,6,5,35,13,2016,4,8,2,3,2,6,0,0,0,1,0,0,0,0,4.98001E+20,5.60988E+21,8.97172E+15,5.06408E+16
13548,13549,6,6,33,9,2016,4,7,5,3,5,3,0,1,0,0,0,0,0,1,5.36358E+20,5.69181E+21,9.52239E+15,5.13763E+16
13549,13550,6,6,34,26,2016,4,21,4,3,9,1,2,1,0,1,0,0,0,0,5.13466E+20,5.63791E+21,9.19147E+15,5.08927E+16
13550,13551,6,5,33,18,2016,4,14,3,2,5,3,0,0,0,1,0,0,0,0,4.55742E+20,5.5868E+21,8.37685E+15,5.04316E+16
13551,13552,6,4,31,19,2016,4,19,2,2,9,1,0,1,0,1,0,0,0,0,4.82417E+20,5.49462E+21,8.75665E+15,4.96039E+16
13552,13553,6,4,12,0,2016,5,16,1,2,8,1,0,0,0,1,0,0,0,0,4.73537E+20,5.54484E+21,8.63032E+15,5.00553E+16
13553,13554,6,6,11,0,2016,4,12,7,3,2,6,0,0,0,1,0,0,0,0,5.33773E+20,5.68376E+21,9.48448E+15,5.13042E+16
13554,13555,6,4,35,20,2016,5,15,6,3,5,3,0,0,0,1,0,0,0,0,4.98036E+20,5.56128E+21,8.97248E+15,5.02037E+16
13555,13556,6,4,39,5,2016,4,18,7,2,9,1,0,1,0,1,0,0,0,0,4.29174E+20,5.56155E+21,8.00756E+15,5.02019E+16
13556,13557,6,5,33,2,2016,4,15,5,3,0,3,0,0,1,0,0,0,0,1,4.40358E+20,5.57931E+21,8.16145E+15,5.03629E+16
13557,13558,6,5,32,7,2016,5,14,5,3,5,3,0,0,1,1,0,0,0,0,4.42047E+20,5.6113E+21,8.18023E+15,5.06507E+16
13558,13559,6,5,32,6,2016,5,11,7,3,2,2,0,0,0,1,0,1,0,0,4.52869E+20,5.6202E+21,8.33217E+15,5.07317E+16
13559,13560,6,4,32,4,2016,4,16,5,3,3,6,0,0,0,1,0,0,0,0,4.89587E+20,5.52879E+21,8.85498E+15,4.99114E+16
13560,13561,6,5,34,1,2016,5,17,6,3,8,1,0,0,0,1,0,0,0,0,4.94831E+20,5.62568E+21,8.92668E+15,5.07829E+16
13561,13562,6,4,32,23,2016,5,14,2,3,2,6,0,0,0,1,0,0,0,0,4.70332E+20,5.52757E+21,8.58688E+15,4.98998E+16
13562,13563,6,4,12,0,2016,5,11,3,3,2,6,0,1,0,1,0,0,0,0,4.76564E+20,5.55334E+21,8.67208E+15,5.01319E+16
13563,13564,6,6,32,20,2016,5,17,4,3,4,1,0,0,0,1,0,1,0,0,5.69999E+20,5.64552E+21,9.99666E+15,5.0957E+16
13564,13565,6,4,12,0,2016,5,18,2,2,2,6,0,0,0,1,0,0,0,1,4.73659E+20,5.56012E+21,8.63098E+15,5.01927E+16
13565,13566,6,4,40,20,2016,5,16,2,2,4,1,0,0,0,1,0,1,0,0,5.01624E+20,5.5795E+21,9.02283E+15,5.03675E+16
13566,13567,6,4,34,9,2016,5,13,5,2,4,1,0,0,0,0,0,1,0,0,4.58959E+20,5.56719E+21,8.42427E+15,5.02554E+16
13567,13568,6,4,31,12,2016,4,17,1,1,4,6,0,0,0,1,0,0,0,0,4.95947E+20,5.47771E+21,8.94408E+15,4.94521E+16
13568,13569,6,4,40,17,2016,4,2,7,3,8,1,2,0,0,1,0,0,0,0,4.86937E+20,5.57281E+21,8.81656E+15,5.03072E+16
13569,13570,6,6,34,27,2016,4,13,5,2,5,3,0,0,0,1,0,1,0,0,5.1122E+20,5.65653E+21,9.1601E+15,5.10602E+16
13570,13571,6,5,34,4,2016,5,11,6,2,2,6,0,0,0,1,0,1,0,0,4.62689E+20,5.6407E+21,8.46923E+15,5.09168E+16
13571,13572,6,5,32,8,2016,4,15,4,3,2,2,0,0,0,1,0,0,0,0,4.56293E+20,5.60605E+21,8.38236E+15,5.06047E+16
13572,13573,6,4,12,0,2016,5,17,2,3,2,6,0,0,0,1,0,0,0,0,4.75911E+20,5.55553E+21,8.66282E+15,5.01515E+16
13573,13574,6,4,12,0,2016,5,13,3,3,2,6,0,1,0,1,0,0,0,1,4.74976E+20,5.55941E+21,8.64947E+15,5.01864E+16
13574,13575,6,5,33,2,2016,4,11,4,3,2,6,0,0,0,0,0,0,1,0,4.38001E+20,5.57943E+21,8.12831E+15,5.03636E+16
13575,13576,6,4,12,0,2016,5,8,4,3,5,3,0,0,1,1,0,0,0,0,4.73433E+20,5.55348E+21,8.62827E+15,5.01329E+16
13576,13577,6,4,36,7,2016,5,15,2,3,6,4,0,0,1,0,1,0,0,0,4.60488E+20,5.54835E+21,8.44768E+15,5.00861E+16
13577,13578,6,4,38,13,2016,5,10,2,3,6,4,0,0,0,1,1,0,0,0,4.98877E+20,5.54303E+21,8.98432E+15,5.00395E+16
13578,13579,6,6,34,13,2016,5,14,5,2,2,6,0,0,0,0,0,1,0,0,5.3407E+20,5.65969E+21,9.48645E+15,5.10877E+16
13579,13580,6,4,31,15,2016,4,18,1,3,8,1,0,0,0,0,0,1,0,0,4.85171E+20,5.50388E+21,8.79441E+15,4.96872E+16
13580,13581,6,4,34,13,2016,4,22,7,3,8,1,2,1,1,0,0,0,0,0,4.60782E+20,5.57707E+21,8.44882E+15,5.03444E+16
13581,13582,6,4,13,0,2016,4,17,3,3,2,6,0,0,0,1,0,1,0,0,4.82169E+20,5.54881E+21,8.75073E+15,5.00913E+16
13582,13583,6,4,31,13,2016,4,11,3,2,3,6,0,0,0,1,0,0,0,0,4.68049E+20,5.49544E+21,8.55773E+15,4.96107E+16
13583,13584,6,5,33,11,2016,4,15,6,3,0,2,0,0,0,1,0,1,0,0,4.43937E+20,5.59907E+21,8.20882E+15,5.05409E+16
13584,13585,6,5,32,16,2016,5,17,4,3,5,2,0,0,0,1,0,0,0,0,4.54292E+20,5.59933E+21,8.35491E+15,5.05441E+16
13585,13586,6,4,12,0,2016,5,16,2,3,2,6,0,0,0,1,0,1,0,0,4.74904E+20,5.55857E+21,8.64852E+15,5.01788E+16
13586,13587,6,4,12,0,2016,4,14,5,3,5,3,0,0,1,1,0,0,0,0,4.80617E+20,5.55171E+21,8.72889E+15,5.01173E+16
13587,13588,6,4,35,28,2016,4,16,1,2,4,1,0,0,0,1,0,1,0,0,5.33672E+20,5.58358E+21,9.47381E+15,5.04033E+16
13588,13589,6,4,32,19,2016,4,12,7,3,5,3,0,0,0,1,0,0,0,0,4.84869E+20,5.52215E+21,8.78951E+15,4.98516E+16
13589,13590,6,4,35,25,2016,4,5,4,3,1,5,1,0,0,1,0,0,0,0,5.38147E+20,5.57758E+21,9.53618E+15,5.0349E+16
13590,13591,6,5,34,8,2016,4,16,3,2,6,7,0,1,0,1,1,0,0,0,4.89858E+20,5.61981E+21,8.8563E+15,5.073E+16
13591,13592,6,4,13,0,2016,4,19,2,3,3,6,0,1,0,1,0,0,0,0,4.82396E+20,5.54593E+21,8.75404E+15,5.00654E+16
13592,13593,6,4,34,2,2016,5,11,1,3,2,6,0,0,0,1,0,0,0,0,4.75974E+20,5.56635E+21,8.66301E+15,5.02488E+16
13593,13594,6,4,32,23,2016,4,11,7,3,2,6,0,1,0,1,0,0,0,0,4.71707E+20,5.52742E+21,8.60605E+15,4.98985E+16
13594,13595,6,6,11,0,2016,5,14,6,3,2,6,0,0,0,1,0,0,0,0,5.34625E+20,5.68469E+21,9.49679E+15,5.13125E+16
13595,13596,6,4,39,13,2016,4,13,7,3,7,7,0,0,0,1,1,0,0,0,4.2294E+20,5.53672E+21,7.92524E+15,4.99778E+16
13596,13597,6,4,14,0,2016,4,17,6,3,2,6,0,0,0,1,0,0,0,0,4.45357E+20,5.54752E+21,8.23632E+15,5.00775E+16
13597,13598,6,4,36,7,2016,5,17,3,3,5,2,0,0,0,1,0,1,0,0,4.60794E+20,5.54885E+21,8.45191E+15,5.00906E+16
13598,13599,6,4,13,0,2016,4,17,5,3,2,6,0,0,0,1,0,0,0,0,4.8094E+20,5.54625E+21,8.73367E+15,5.00683E+16
13599,13600,6,4,31,2,2016,5,11,5,3,0,7,0,1,0,0,0,1,0,1,4.73066E+20,5.50194E+21,8.62673E+15,4.96694E+16
13600,13601,6,4,33,2,2016,5,15,7,3,2,6,0,0,0,1,0,0,0,0,4.55178E+20,5.5362E+21,8.37488E+15,4.99765E+16
13601,13602,6,5,33,9,2016,5,18,2,3,0,3,0,0,0,1,0,0,0,0,4.36442E+20,5.58244E+21,8.10587E+15,5.03906E+16
13602,13603,6,5,34,14,2016,5,14,6,3,2,6,0,0,0,1,0,0,0,0,4.83078E+20,5.62895E+21,8.75981E+15,5.08121E+16
13603,13604,6,5,35,5,2016,4,0,7,2,7,7,2,0,0,1,0,0,0,1,5.06246E+20,5.61832E+21,9.08848E+15,5.07167E+16
13604,13605,6,6,33,6,2016,5,14,3,3,4,1,0,0,0,1,0,0,0,1,5.16407E+20,5.67938E+21,9.23516E+15,5.12656E+16
13605,13606,6,4,34,10,2016,5,12,4,3,1,5,0,0,0,1,0,0,0,0,4.69552E+20,5.55745E+21,8.57365E+15,5.01685E+16
13606,13607,6,6,32,19,2016,5,1,1,2,0,7,2,0,1,0,0,0,0,0,5.58953E+20,5.62989E+21,9.83688E+15,5.08177E+16
13607,13608,6,4,31,22,2016,5,20,2,3,5,3,0,0,1,1,0,0,0,0,4.72047E+20,5.50824E+21,8.61215E+15,4.97261E+16
13608,13609,6,5,35,1,2016,4,19,1,2,9,7,0,0,0,1,0,0,0,0,5.24396E+20,5.62203E+21,9.34582E+15,5.07496E+16
13609,13610,6,6,31,11,2016,4,15,7,2,4,6,0,0,0,0,0,1,0,1,5.37763E+20,5.59928E+21,9.53296E+15,5.05442E+16
13610,13611,6,4,12,0,2016,5,23,1,3,8,7,2,0,0,1,0,1,0,0,4.77987E+20,5.55474E+21,8.69192E+15,5.01445E+16
13611,13612,6,4,39,4,2016,4,8,3,3,2,6,0,0,0,1,0,0,0,0,4.30643E+20,5.53956E+21,8.03214E+15,5.00043E+16
13612,13613,6,4,12,0,2016,4,16,2,3,2,6,0,0,0,1,0,0,0,0,4.7715E+20,5.55716E+21,8.68006E+15,5.01662E+16
13613,13614,6,5,32,15,2016,4,9,6,3,2,6,0,0,0,1,0,0,1,1,4.73154E+20,5.60146E+21,8.62095E+15,5.05645E+16
13614,13615,6,5,32,22,2016,4,16,5,3,5,3,0,0,0,1,0,1,0,0,4.60907E+20,5.5899E+21,8.44924E+15,5.04598E+16
13615,13616,6,4,31,7,2016,4,17,5,3,5,3,0,0,0,1,0,0,0,0,4.88515E+20,5.50083E+21,8.84087E+15,4.96599E+16
13616,13617,6,6,31,13,2016,4,20,4,2,9,1,0,1,0,1,0,0,0,0,5.65741E+20,5.60738E+21,9.92922E+15,5.06146E+16
13617,13618,6,5,33,9,2016,4,7,2,3,2,6,0,1,0,1,0,0,1,0,4.36969E+20,5.58065E+21,8.1136E+15,5.03745E+16
13618,13619,6,4,13,0,2016,4,16,1,3,0,3,0,0,0,1,0,0,0,0,4.81199E+20,5.55052E+21,8.73708E+15,5.01066E+16
13619,13620,6,4,12,0,2016,5,20,7,3,2,6,0,0,0,1,0,0,0,0,4.68522E+20,5.55003E+21,8.55984E+15,5.01017E+16
13620,13621,6,4,14,0,2016,4,18,7,3,3,6,0,0,0,1,0,0,0,0,4.52398E+20,5.54091E+21,8.33553E+15,5.00186E+16
13621,13622,6,6,35,3,2016,5,18,6,2,8,1,0,0,0,0,0,1,0,0,5.10275E+20,5.65725E+21,9.14665E+15,5.10667E+16
13622,13623,6,6,11,0,2016,4,14,6,3,5,3,0,0,0,1,0,0,0,1,5.31807E+20,5.68671E+21,9.45654E+15,5.13308E+16
13623,13624,6,6,33,6,2016,4,19,3,3,0,6,0,0,1,1,0,0,0,0,5.17996E+20,5.67564E+21,9.25776E+15,5.12319E+16
13624,13625,6,6,11,0,2016,4,16,2,3,6,4,0,0,0,1,1,0,0,0,5.34883E+20,5.68538E+21,9.50056E+15,5.13186E+16
13625,13626,6,4,33,12,2016,4,7,6,2,5,2,0,0,1,1,0,0,0,0,4.5936E+20,5.53658E+21,8.43316E+15,4.99802E+16
13626,13627,6,5,33,5,2016,5,12,1,2,2,6,0,0,0,1,0,0,0,0,4.33691E+20,5.59519E+21,8.06493E+15,5.05049E+16
13627,13628,6,4,35,19,2016,4,19,5,3,2,6,0,0,0,1,0,0,0,0,4.87556E+20,5.55525E+21,8.82583E+15,5.01494E+16
13628,13629,6,4,14,0,2016,4,12,1,3,9,1,0,1,0,1,0,0,0,0,4.47314E+20,5.54475E+21,8.26405E+15,5.00527E+16
13629,13630,6,4,38,1,2016,4,12,4,3,2,6,0,1,0,1,0,0,0,0,4.84486E+20,5.54123E+21,8.78342E+15,5.00232E+16
13630,13631,6,4,13,0,2016,4,7,3,3,2,6,0,1,0,1,0,0,0,0,4.81241E+20,5.55064E+21,8.73766E+15,5.01077E+16
13631,13632,6,4,35,17,2016,4,18,1,3,2,1,0,0,0,1,0,0,0,0,5.0372E+20,5.5568E+21,9.05209E+15,5.01634E+16
13632,13633,6,6,11,0,2016,5,20,7,2,5,2,1,0,0,1,0,0,0,0,5.35819E+20,5.68569E+21,9.51402E+15,5.13214E+16
13633,13634,6,4,36,7,2016,4,13,7,3,0,1,0,1,0,0,0,1,0,0,4.60183E+20,5.54832E+21,8.44342E+15,5.00858E+16
13634,13635,6,4,12,0,2016,5,12,6,3,2,6,0,0,0,1,0,0,0,0,4.7738E+20,5.5545E+21,8.68343E+15,5.01423E+16
13635,13636,6,5,33,10,2016,4,19,7,3,9,1,1,1,0,1,0,0,0,0,4.47523E+20,5.59633E+21,8.2598E+15,5.05166E+16
13636,13637,6,4,12,0,2016,4,12,6,3,3,2,0,0,1,1,0,0,0,0,4.77401E+20,5.55332E+21,8.6838E+15,5.01317E+16
13637,13638,6,5,33,7,2016,4,8,6,3,2,6,0,0,0,1,0,0,0,1,4.32232E+20,5.58895E+21,8.04548E+15,5.04486E+16
13638,13639,6,5,34,15,2016,5,10,3,3,5,2,0,1,0,1,0,0,0,0,4.79347E+20,5.6434E+21,8.70604E+15,5.09418E+16
13639,13640,6,6,32,15,2016,5,20,4,3,3,6,1,0,0,1,0,0,1,0,5.38294E+20,5.62924E+21,9.54356E+15,5.08137E+16