FID,OBJECTID,ULAND,UREGBEZ,UKREIS,UGEMEINDE,UJAHR,UMONAT,USTUNDE,UWOCHENTAG,UKATEGORIE,UART,UTYP1,ULICHTVERH,IstStrasse,IstRad,IstPKW,IstFuss,IstKrad,IstGkfz,IstSonstig,LINREFX,LINREFY,XGCSWGS84,YGCSWGS84
13640,13641,6,6,31,9,2016,5,10,5,3,2,3,0,0,0,1,0,0,0,0,5.49409E+20,5.6028E+21,9.69779E+15,5.0575E+16
13641,13642,6,6,11,0,2016,5,14,2,3,0,7,0,0,0,0,1,0,0,1,5.34829E+20,5.68628E+21,9.49988E+15,5.13268E+16
13642,13643,6,4,36,2,2016,5,11,6,2,6,4,0,0,0,0,1,1,0,0,4.55363E+20,5.55554E+21,8.3752E+15,5.01504E+16
13643,13644,6,5,32,4,2016,5,12,1,1,5,2,0,0,0,1,0,1,0,0,4.39074E+20,5.61369E+21,8.13779E+15,5.06719E+16
13644,13645,6,6,32,16,2016,4,13,6,2,5,3,0,0,1,0,0,0,0,1,5.67363E+20,5.63349E+21,9.95692E+15,5.08491E+16
13645,13646,6,4,32,23,2016,4,9,2,2,3,6,0,0,0,1,0,0,0,0,4.71961E+20,5.53324E+21,8.60916E+15,4.99509E+16
13646,13647,6,5,32,17,2016,5,1,4,3,8,1,2,0,0,1,0,0,0,0,4.56464E+20,5.6175E+21,8.38343E+15,5.07077E+16
13647,13648,6,4,13,0,2016,5,1,1,3,2,6,2,0,0,1,0,0,0,1,4.84883E+20,5.54958E+21,8.78864E+15,5.00983E+16
13648,13649,6,5,34,14,2016,5,10,2,3,5,2,0,0,0,1,0,0,0,1,4.85277E+20,5.6272E+21,8.7911E+15,5.07963E+16
13649,13650,6,5,32,3,2016,4,8,2,3,5,3,0,0,0,1,0,0,0,0,4.56134E+20,5.59622E+21,8.38127E+15,5.05163E+16
13650,13651,6,6,34,3,2016,4,7,7,3,9,6,0,0,0,1,0,0,0,0,5.33295E+20,5.66554E+21,9.47593E+15,5.11403E+16
13651,13652,6,6,34,6,2016,5,16,1,3,0,3,0,0,0,0,0,1,0,0,5.04779E+20,5.64454E+21,9.06803E+15,5.09525E+16
13652,13653,6,4,35,17,2016,4,16,5,3,2,6,0,0,0,1,0,0,0,0,5.00398E+20,5.55899E+21,9.00558E+15,5.01831E+16
13653,13654,6,6,32,14,2016,4,17,4,3,8,7,0,1,0,1,0,0,0,0,5.42221E+20,5.63677E+21,9.60017E+15,5.0881E+16
13654,13655,6,4,40,8,2016,5,18,1,2,5,3,0,0,1,1,0,0,0,0,4.82823E+20,5.57728E+21,8.75858E+15,5.03473E+16
13655,13656,6,4,40,17,2016,4,16,5,3,0,1,0,0,0,0,0,1,0,0,4.85208E+20,5.57039E+21,8.79237E+15,5.02854E+16
13656,13657,6,6,11,0,2016,4,4,1,3,0,5,2,1,0,1,0,0,0,1,5.35903E+20,5.68445E+21,9.5151E+15,5.13102E+16
13657,13658,6,4,12,0,2016,5,19,7,3,5,2,0,0,0,1,0,1,0,0,4.74781E+20,5.55027E+21,8.64735E+15,5.01042E+16
13658,13659,6,4,32,23,2016,4,13,5,3,5,2,0,0,0,1,0,0,0,0,4.72662E+20,5.52741E+21,8.61935E+15,4.98985E+16
13659,13660,6,4,35,28,2016,5,11,6,2,5,2,0,0,0,1,0,1,0,0,5.30941E+20,5.57395E+21,9.4346E+15,5.03169E+16
13660,13661,6,4,33,12,2016,4,16,6,2,5,3,0,0,0,1,0,1,0,0,4.59405E+20,5.53753E+21,8.43369E+15,4.99887E+16
13661,13662,6,5,33,8,2016,4,17,5,3,2,6,0,0,0,1,0,0,0,0,4.42811E+20,5.57602E+21,8.19644E+15,5.03335E+16
13662,13663,6,4,11,0,2016,4,7,4,3,2,6,0,0,0,1,0,0,0,0,4.74597E+20,5.5224E+21,8.64661E+15,4.98535E+16
13663,13664,6,6,34,9,2016,5,18,2,3,2,7,0,0,0,1,0,0,0,0,5.25039E+20,5.64972E+21,9.35683E+15,5.09985E+16
13664,13665,6,5,32,23,2016,5,19,4,3,2,6,0,0,0,1,0,0,0,0,4.63951E+20,5.60502E+21,8.49067E+15,5.05959E+16
13665,13666,6,4,35,14,2016,4,7,4,3,2,6,0,0,0,1,0,0,0,0,4.97767E+20,5.55133E+21,8.96877E+15,5.01142E+16
13666,13667,6,5,35,11,2016,5,14,4,2,8,7,0,0,0,1,0,0,0,0,5.25371E+20,5.60836E+21,9.3587E+15,5.06265E+16
13667,13668,6,5,32,13,2016,5,18,2,3,5,3,0,0,1,1,0,0,0,0,4.66346E+20,5.61046E+21,8.52402E+15,5.0645E+16
13668,13669,6,4,12,0,2016,5,12,2,3,5,2,0,0,1,1,0,0,0,0,4.77543E+20,5.55117E+21,8.68592E+15,5.01124E+16
13669,13670,6,6,33,20,2016,5,15,5,3,5,3,0,0,0,1,0,1,0,0,5.38113E+20,5.68537E+21,9.5469E+15,5.13183E+16
13670,13671,6,4,14,0,2016,4,13,7,3,5,3,0,0,0,1,0,1,0,1,4.48897E+20,5.5409E+21,8.28667E+15,5.00182E+16
13671,13672,6,4,12,0,2016,4,7,6,3,2,6,0,0,0,1,0,0,0,0,4.78982E+20,5.55106E+21,8.70605E+15,5.01114E+16
13672,13673,6,4,40,4,2016,4,13,2,3,5,2,0,0,0,1,0,0,0,0,5.07746E+20,5.56873E+21,9.1087E+15,5.02706E+16
13673,13674,6,4,14,0,2016,4,13,4,2,5,3,0,0,0,1,0,1,0,0,4.46182E+20,5.5476E+21,8.24783E+15,5.00782E+16
13674,13675,6,4,31,22,2016,5,11,3,2,3,7,0,1,0,1,0,0,0,1,4.70728E+20,5.50788E+21,8.59388E+15,4.97227E+16
13675,13676,6,4,12,0,2016,5,19,4,3,2,6,0,0,0,1,0,0,0,0,4.7498E+20,5.56065E+21,8.64945E+15,5.01975E+16
13676,13677,6,4,35,14,2016,4,9,4,3,5,3,0,0,0,1,0,0,0,0,4.9321E+20,5.55866E+21,8.9049E+15,5.01801E+16
13677,13678,6,5,31,4,2016,5,12,4,3,2,6,0,0,0,1,0,0,0,0,4.84156E+20,5.60431E+21,8.77617E+15,5.05905E+16
13678,13679,6,4,12,0,2016,5,10,2,3,3,2,0,0,0,1,0,1,0,0,4.76149E+20,5.55513E+21,8.66618E+15,5.01479E+16
13679,13680,6,4,32,23,2016,5,19,6,3,3,6,0,0,0,1,0,0,0,0,4.71745E+20,5.52783E+21,8.60655E+15,4.99022E+16
13680,13681,6,4,33,4,2016,5,14,1,2,8,1,0,0,0,0,0,1,0,0,4.68205E+20,5.50953E+21,8.55875E+15,4.97374E+16
13681,13682,6,4,14,0,2016,4,9,6,3,0,1,0,0,0,0,0,1,0,0,4.45663E+20,5.54395E+21,8.2411E+15,5.00453E+16
13682,13683,6,6,35,14,2016,4,6,2,3,6,2,0,0,0,1,1,0,0,0,4.68248E+20,5.64881E+21,8.54759E+15,5.099E+16
13683,13684,6,4,32,4,2016,5,17,4,3,5,2,0,0,1,1,0,0,0,0,4.88451E+20,5.52772E+21,8.83918E+15,4.99018E+16
13684,13685,6,6,34,5,2016,5,17,1,3,5,3,0,0,0,1,0,1,0,0,5.20337E+20,5.66112E+21,9.29046E+15,5.11012E+16
13685,13686,6,6,31,9,2016,5,8,2,3,3,2,0,0,1,1,0,0,0,0,5.47907E+20,5.5993E+21,9.67613E+15,5.05436E+16
13686,13687,6,6,33,17,2016,4,13,2,3,3,6,0,0,0,1,0,0,0,1,5.37085E+20,5.6808E+21,9.53169E+15,5.12773E+16
13687,13688,6,5,31,2,2016,4,10,5,3,9,6,0,1,0,1,0,0,0,0,4.70464E+20,5.6122E+21,8.58212E+15,5.06609E+16
13688,13689,6,4,35,28,2016,5,15,1,3,9,1,0,0,0,0,0,1,0,0,5.37694E+20,5.56788E+21,9.52883E+15,5.02618E+16
13689,13690,6,4,35,13,2016,4,11,4,3,5,3,0,1,0,1,0,0,0,0,4.99911E+20,5.56564E+21,8.99875E+15,5.02429E+16
13690,13691,6,4,36,12,2016,4,7,3,3,5,3,0,0,0,1,0,0,0,0,4.65596E+20,5.55409E+21,8.51856E+15,5.0138E+16
13691,13692,6,4,39,11,2016,4,8,2,3,4,6,0,0,0,1,0,0,0,0,4.50436E+20,5.55761E+21,8.30598E+15,5.01687E+16
13692,13693,6,5,34,13,2016,5,3,1,3,2,6,2,0,0,1,0,0,0,0,4.75114E+20,5.61929E+21,8.64743E+15,5.07249E+16
13693,13694,6,6,31,19,2016,5,11,7,2,8,1,0,0,0,0,0,1,0,0,5.65173E+20,5.60923E+21,9.92151E+15,5.06313E+16
13694,13695,6,5,34,14,2016,4,10,5,3,0,3,0,0,0,1,0,1,0,0,4.83531E+20,5.62613E+21,8.76637E+15,5.07867E+16
13695,13696,6,6,31,9,2016,4,21,6,3,7,7,2,0,0,1,0,0,0,0,5.42384E+20,5.59897E+21,9.59814E+15,5.05412E+16
13696,13697,6,5,33,15,2016,5,9,5,3,2,6,0,0,0,1,0,1,0,0,4.41433E+20,5.58249E+21,8.17607E+15,5.03916E+16
13697,13698,6,4,34,13,2016,5,11,7,3,7,7,0,0,0,0,0,1,0,0,4.52986E+20,5.57567E+21,8.33945E+15,5.03313E+16
13698,13699,6,6,34,3,2016,4,18,5,2,8,1,0,0,0,1,0,0,0,0,5.31683E+20,5.67092E+21,9.45337E+15,5.11888E+16
13699,13700,6,4,38,12,2016,5,16,6,3,0,1,0,0,0,1,0,0,0,0,4.86924E+20,5.5386E+21,8.81754E+15,4.99996E+16
13700,13701,6,4,34,1,2016,4,16,5,3,3,6,0,0,0,1,0,0,0,0,4.75988E+20,5.56321E+21,8.66341E+15,5.02205E+16
13701,13702,6,5,33,17,2016,4,8,4,3,2,6,0,0,0,1,0,0,0,0,4.51557E+20,5.59287E+21,8.31715E+15,5.04858E+16
13702,13703,6,4,14,0,2016,5,7,2,3,5,2,0,0,0,1,0,0,0,0,4.42674E+20,5.5439E+21,8.19936E+15,5.00447E+16
13703,13704,6,6,33,8,2016,5,16,3,3,5,3,0,0,0,1,0,1,0,0,5.35023E+20,5.67987E+21,9.50202E+15,5.12691E+16
13704,13705,6,4,12,0,2016,4,8,4,2,2,6,0,0,0,1,0,1,0,0,4.71188E+20,5.55491E+21,8.59675E+15,5.01457E+16
13705,13706,6,6,11,0,2016,5,12,2,3,2,6,0,0,0,1,0,0,0,0,5.33375E+20,5.68209E+21,9.47862E+15,5.12892E+16
13706,13707,6,4,14,0,2016,5,9,4,3,0,2,0,0,0,1,0,0,0,1,4.46532E+20,5.54577E+21,8.25297E+15,5.00618E+16
13707,13708,6,5,34,14,2016,5,9,2,2,8,7,0,0,0,1,0,0,0,0,4.84319E+20,5.62774E+21,8.77748E+15,5.08012E+16
13708,13709,6,4,39,8,2016,5,12,2,3,1,6,0,0,0,1,0,0,0,0,4.47318E+20,5.56449E+21,8.26136E+15,5.02303E+16
13709,13710,6,4,37,6,2016,5,16,5,3,9,1,0,0,0,0,0,1,0,0,5.01965E+20,5.50074E+21,9.02723E+15,4.96592E+16
13710,13711,6,5,34,15,2016,4,2,1,3,8,1,2,1,0,1,0,0,0,0,4.78527E+20,5.64344E+21,8.69436E+15,5.09422E+16
13711,13712,6,4,39,5,2016,4,5,7,2,9,7,2,0,0,1,0,0,0,0,4.29857E+20,5.55775E+21,8.01784E+15,5.01678E+16
13712,13713,6,5,31,5,2016,4,19,3,3,2,6,0,0,0,1,0,0,0,0,4.76792E+20,5.60337E+21,8.6722E+15,5.05818E+16
13713,13714,6,4,35,19,2016,4,16,3,3,3,6,0,0,0,1,0,0,0,0,4.8922E+20,5.55492E+21,8.84913E+15,5.01464E+16
13714,13715,6,6,36,5,2016,4,9,6,3,5,2,0,0,0,1,0,0,0,0,5.82583E+20,5.65105E+21,1.01771E+16,5.10051E+16
13715,13716,6,5,34,9,2016,4,14,2,3,3,6,0,0,0,0,0,1,1,0,4.80824E+20,5.617E+21,8.72845E+15,5.07045E+16
13716,13717,6,6,31,8,2016,5,12,4,3,5,3,0,0,0,1,0,0,0,0,5.4082E+20,5.58519E+21,9.57457E+15,5.04173E+16
13717,13718,6,6,33,3,2016,5,21,2,3,9,1,0,0,0,1,0,0,0,0,5.3122E+20,5.67888E+21,9.44743E+15,5.12604E+16
13718,13719,6,5,33,9,2016,4,14,1,2,5,2,0,0,0,1,0,0,0,0,4.31614E+20,5.58318E+21,8.03784E+15,5.03967E+16
13719,13720,6,4,14,0,2016,4,16,5,3,2,6,0,0,0,1,0,0,0,0,4.44246E+20,5.5456E+21,8.22107E+15,5.00601E+16
13720,13721,6,4,40,7,2016,4,12,7,3,3,6,0,1,0,1,0,0,0,0,4.93498E+20,5.57438E+21,8.90866E+15,5.03215E+16
13721,13722,6,6,11,0,2016,4,6,4,3,2,6,1,1,0,1,0,0,0,0,5.31134E+20,5.68454E+21,9.44669E+15,5.13113E+16
13722,13723,6,5,32,12,2016,4,19,3,1,4,1,0,0,0,1,0,0,0,0,4.48333E+20,5.60992E+21,8.26933E+15,5.06389E+16
13723,13724,6,5,32,6,2016,4,12,2,3,5,3,0,1,0,1,0,1,0,0,4.491E+20,5.62075E+21,8.27869E+15,5.07363E+16
13724,13725,6,4,31,16,2016,5,14,1,2,2,6,0,0,0,1,0,0,0,0,4.67956E+20,5.50211E+21,8.5559E+15,4.96706E+16
13725,13726,6,4,14,0,2016,4,0,7,1,8,1,2,0,0,1,0,0,0,0,4.47681E+20,5.54623E+21,8.26897E+15,5.00661E+16
13726,13727,6,5,35,15,2016,5,11,6,2,8,1,0,0,0,1,0,0,0,0,5.43428E+20,5.60764E+21,9.6139E+15,5.06191E+16
13727,13728,6,6,33,20,2016,5,9,3,2,5,3,0,0,0,1,0,0,0,0,5.39822E+20,5.68429E+21,9.57131E+15,5.13085E+16
13728,13729,6,4,11,0,2016,5,17,1,2,5,3,0,0,1,1,0,0,0,0,4.73041E+20,5.51811E+21,8.62526E+15,4.98148E+16
13729,13730,6,6,36,7,2016,5,17,5,2,4,1,0,0,0,1,0,1,0,0,5.75132E+20,5.67472E+21,1.00758E+16,5.1219E+16
13730,13731,6,5,34,16,2016,5,6,1,2,8,1,0,0,0,1,0,0,0,0,5.05917E+20,5.63265E+21,9.08405E+15,5.08455E+16
13731,13732,6,5,35,16,2016,5,17,6,2,8,1,0,0,0,0,0,1,0,0,5.10972E+20,5.59204E+21,9.15464E+15,5.04803E+16
13732,13733,6,4,14,0,2016,5,18,5,3,6,4,0,0,0,1,1,0,0,0,4.45417E+20,5.54309E+21,8.23778E+15,5.00376E+16
13733,13734,6,4,34,2,2016,5,13,4,3,5,2,0,0,0,1,0,0,0,0,4.76007E+20,5.56741E+21,8.6634E+15,5.02583E+16
13734,13735,6,5,32,23,2016,5,11,7,3,2,6,0,0,0,1,0,0,0,0,4.635E+20,5.60101E+21,8.48469E+15,5.05599E+16
13735,13736,6,6,36,8,2016,5,9,4,2,5,2,0,0,1,1,0,0,0,0,5.64889E+20,5.67352E+21,9.92894E+15,5.12094E+16
13736,13737,6,4,12,0,2016,6,7,5,2,6,7,0,1,0,0,1,0,0,1,4.76263E+20,5.55042E+21,8.66806E+15,5.01055E+16
13737,13738,6,4,12,0,2016,5,17,2,3,5,3,0,0,1,1,0,0,0,0,4.64327E+20,5.54714E+21,8.50146E+15,5.00754E+16
13738,13739,6,4,40,16,2016,5,19,3,2,4,1,0,0,0,1,0,0,0,0,4.97854E+20,5.5859E+21,8.96978E+15,5.04252E+16
13739,13740,6,5,32,11,2016,6,6,5,3,9,1,0,1,0,1,0,0,0,0,4.44812E+20,5.62053E+21,8.21797E+15,5.07339E+16
13740,13741,6,4,13,0,2016,5,11,6,3,9,7,0,0,0,0,0,0,1,0,4.84623E+20,5.54615E+21,8.78514E+15,5.00674E+16
13741,13742,6,6,31,9,2016,5,11,3,3,5,2,0,0,0,1,0,0,0,0,5.47749E+20,5.60178E+21,9.67421E+15,5.05659E+16
13742,13743,6,6,33,26,2016,5,15,4,3,2,6,0,0,0,1,0,0,0,1,5.316E+20,5.69026E+21,9.45389E+15,5.13628E+16
13743,13744,6,6,31,9,2016,5,17,4,3,6,4,0,0,0,1,1,0,0,0,5.4781E+20,5.59957E+21,9.67479E+15,5.05461E+16
13744,13745,6,6,31,9,2016,5,10,5,3,2,6,0,0,0,1,0,0,0,0,5.43747E+20,5.59904E+21,9.61739E+15,5.05416E+16
13745,13746,6,4,35,19,2016,6,12,4,3,0,6,0,0,0,0,0,1,1,0,4.85776E+20,5.55393E+21,8.80096E+15,5.01375E+16
13746,13747,6,4,12,0,2016,5,17,3,3,5,3,0,0,1,1,0,0,0,0,4.75249E+20,5.55203E+21,8.65378E+15,5.012E+16
13747,13748,6,4,31,22,2016,5,10,2,3,4,7,0,1,0,1,0,0,0,0,4.71365E+20,5.5077E+21,8.60274E+15,4.97211E+16
13748,13749,6,6,33,26,2016,5,9,4,3,5,3,0,0,0,1,0,0,0,0,5.31048E+20,5.68883E+21,9.44583E+15,5.13499E+16
13749,13750,6,4,40,3,2016,5,21,5,3,9,1,2,0,0,1,0,0,0,0,4.78721E+20,5.55688E+21,8.70208E+15,5.01638E+16
13750,13751,6,6,11,0,2016,5,13,2,3,6,4,0,0,0,1,1,0,0,0,5.35484E+20,5.68483E+21,9.50913E+15,5.13137E+16
13751,13752,6,4,33,3,2016,5,13,7,3,5,3,0,0,0,1,0,1,0,0,4.64984E+20,5.52839E+21,8.51235E+15,4.99069E+16
13752,13753,6,4,12,0,2016,5,14,6,3,6,4,0,1,0,1,1,0,0,0,4.77754E+20,5.55633E+21,8.68856E+15,5.01588E+16
13753,13754,6,4,39,2,2016,5,11,1,3,0,1,0,0,0,0,0,1,0,0,4.32152E+20,5.5538E+21,8.05067E+15,5.01325E+16
13754,13755,6,4,14,0,2016,5,9,1,3,8,1,0,1,0,1,0,0,0,0,4.51061E+20,5.54507E+21,8.31634E+15,5.00559E+16
13755,13756,6,5,35,13,2016,6,12,6,3,2,6,0,1,0,1,0,0,0,0,5.01582E+20,5.61289E+21,9.02238E+15,5.06678E+16
13756,13757,6,6,35,18,2016,5,10,7,3,2,6,0,0,0,1,0,0,0,0,4.98102E+20,5.68722E+21,8.97275E+15,5.13362E+16
13757,13758,6,4,14,0,2016,5,9,5,2,2,1,0,0,0,1,0,1,0,0,4.50413E+20,5.54504E+21,8.3073E+15,5.00556E+16
13758,13759,6,6,31,15,2016,5,6,3,3,0,1,0,0,1,0,0,0,0,0,5.54007E+20,5.614E+21,9.76435E+15,5.06754E+16
13759,13760,6,4,34,1,2016,5,20,6,3,8,1,0,0,0,1,0,0,0,0,4.75928E+20,5.56405E+21,8.66251E+15,5.02282E+16
13760,13761,6,4,34,8,2016,5,8,5,3,5,3,0,1,1,0,0,1,0,0,4.7101E+20,5.55879E+21,8.59397E+15,5.01806E+16
13761,13762,6,5,34,12,2016,5,5,4,3,2,6,1,0,0,1,0,0,0,0,4.82554E+20,5.63552E+21,8.75206E+15,5.08711E+16
13762,13763,6,4,14,0,2016,5,18,6,3,2,6,0,0,0,1,0,0,0,0,4.45756E+20,5.54576E+21,8.24213E+15,5.00617E+16
13763,13764,6,4,39,12,2016,5,12,5,2,6,4,0,0,0,1,1,0,0,0,4.28397E+20,5.53866E+21,8.00096E+15,4.9996E+16
13764,13765,6,4,14,0,2016,5,18,4,3,3,6,0,0,0,1,0,0,0,0,4.49747E+20,5.54379E+21,8.29816E+15,5.00443E+16
13765,13766,6,4,13,0,2016,5,7,4,2,5,3,0,0,1,1,0,0,0,0,4.83786E+20,5.5487E+21,8.77334E+15,5.00903E+16
13766,13767,6,4,11,0,2016,5,15,5,2,5,3,0,0,1,1,0,0,0,0,4.76827E+20,5.52696E+21,8.67736E+15,4.98946E+16
13767,13768,6,4,38,7,2016,5,21,3,3,3,6,2,0,0,1,0,0,0,0,4.99478E+20,5.53894E+21,8.99272E+15,5.00028E+16
13768,13769,6,4,35,14,2016,6,7,5,3,2,2,0,1,0,1,0,0,0,0,4.97103E+20,5.54831E+21,8.95951E+15,5.00871E+16
13769,13770,6,4,12,0,2016,5,11,5,3,3,6,0,0,0,1,0,1,0,0,4.80228E+20,5.55038E+21,8.72351E+15,5.01053E+16
13770,13771,6,4,40,24,2016,5,19,3,3,2,6,0,0,0,1,0,0,0,0,4.89457E+20,5.58526E+21,8.85159E+15,5.04193E+16
13771,13772,6,4,14,0,2016,5,20,4,3,5,3,1,0,0,1,0,1,0,0,4.48502E+20,5.53985E+21,8.28129E+15,5.00087E+16
13772,13773,6,4,38,1,2016,5,14,3,3,2,6,0,1,0,1,0,0,0,0,4.84165E+20,5.54027E+21,8.77898E+15,5.00146E+16
13773,13774,6,4,32,10,2016,5,14,2,3,5,3,0,1,0,1,0,0,0,0,5.00803E+20,5.52435E+21,9.01118E+15,4.98716E+16
13774,13775,6,6,32,19,2016,5,7,4,2,9,1,0,1,0,1,0,0,0,0,5.54571E+20,5.62911E+21,9.77457E+15,5.08111E+16
13775,13776,6,6,31,7,2016,5,9,3,3,5,3,0,0,0,1,0,1,0,0,5.54608E+20,5.62052E+21,9.77381E+15,5.07339E+16
13776,13777,6,5,34,14,2016,6,16,5,3,0,7,0,1,1,1,0,0,0,0,4.83311E+20,5.62757E+21,8.76317E+15,5.07996E+16
13777,13778,6,6,35,19,2016,5,13,5,2,8,1,0,0,0,0,0,1,0,0,4.93373E+20,5.6708E+21,8.90518E+15,5.11886E+16
13778,13779,6,4,38,10,2016,5,16,3,3,2,6,0,0,0,1,0,0,0,0,4.88502E+20,5.54579E+21,8.83935E+15,5.00643E+16
13779,13780,6,4,14,0,2016,5,0,4,3,5,2,2,0,1,1,0,0,0,0,4.46213E+20,5.5469E+21,8.24837E+15,5.00719E+16
13780,13781,6,5,31,4,2016,5,22,4,3,9,1,2,0,0,1,0,0,0,0,4.83978E+20,5.60122E+21,8.77379E+15,5.05627E+16
13781,13782,6,4,11,0,2016,5,12,5,3,2,6,0,0,0,1,0,0,0,0,4.7092E+20,5.52168E+21,8.59552E+15,4.98468E+16
13782,13783,6,5,35,9,2016,6,10,4,2,6,4,0,0,0,1,1,0,0,0,5.00051E+20,5.6199E+21,9.00073E+15,5.07309E+16
13783,13784,6,4,37,12,2016,5,18,3,2,8,1,0,1,0,1,0,0,0,0,4.938E+20,5.50264E+21,8.91406E+15,4.96763E+16
13784,13785,6,4,12,0,2016,5,7,2,3,8,7,0,1,0,1,0,0,0,0,4.74038E+20,5.55361E+21,8.63673E+15,5.01342E+16
13785,13786,6,5,32,10,2016,5,13,5,3,5,3,0,0,0,1,0,0,0,0,4.49734E+20,5.60468E+21,8.28987E+15,5.05918E+16
13786,13787,6,4,12,0,2016,5,11,2,2,6,4,0,0,0,1,1,0,0,0,4.68536E+20,5.55002E+21,8.56004E+15,5.01016E+16
13787,13788,6,6,11,0,2016,5,14,7,3,3,6,0,0,0,1,0,1,0,0,5.35793E+20,5.68454E+21,9.51353E+15,5.13111E+16
13788,13789,6,6,33,20,2016,5,11,7,3,3,6,0,0,0,1,0,0,0,1,5.39236E+20,5.68313E+21,9.56277E+15,5.12981E+16
13789,13790,6,4,11,0,2016,5,9,6,3,2,6,0,1,0,1,0,0,0,1,4.73861E+20,5.52738E+21,8.63604E+15,4.98982E+16
13790,13791,6,4,36,4,2016,5,1,1,2,8,1,2,0,1,0,0,0,0,0,4.58445E+20,5.5398E+21,8.42005E+15,5.00091E+16
13791,13792,6,4,31,11,2016,6,10,6,3,2,6,0,0,0,1,0,0,0,0,4.72869E+20,5.49612E+21,8.62441E+15,4.9617E+16
13792,13793,6,4,13,0,2016,5,0,7,2,5,3,2,0,0,1,0,0,0,0,4.84497E+20,5.55161E+21,8.78316E+15,5.01166E+16
13793,13794,6,4,12,0,2016,5,16,5,3,5,2,0,0,1,1,0,0,0,0,4.73448E+20,5.5535E+21,8.62848E+15,5.01331E+16
13794,13795,6,4,40,17,2016,5,9,6,2,6,2,0,0,1,0,1,0,0,0,4.85694E+20,5.56974E+21,8.79922E+15,5.02796E+16
13795,13796,6,4,38,12,2016,5,12,5,3,5,3,0,0,0,1,0,0,0,0,4.86974E+20,5.53527E+21,8.81835E+15,4.99696E+16
13796,13797,6,4,35,7,2016,5,22,3,3,8,1,2,0,0,1,0,0,0,0,4.99364E+20,5.55879E+21,8.99109E+15,5.01813E+16
13797,13798,6,6,11,0,2016,5,17,6,3,0,7,0,0,1,1,0,0,0,0,5.36927E+20,5.68646E+21,9.53E+15,5.13282E+16
13798,13799,6,4,12,0,2016,5,19,4,3,6,7,0,0,0,1,1,0,0,0,4.76107E+20,5.5503E+21,8.66588E+15,5.01044E+16
13799,13800,6,5,31,6,2016,5,11,2,2,9,7,0,0,0,1,0,0,0,0,4.97625E+20,5.61288E+21,8.96639E+15,5.06678E+16
13800,13801,6,6,33,2,2016,5,13,4,3,5,3,0,0,0,1,0,0,0,0,5.31065E+20,5.72117E+21,9.44893E+15,5.16407E+16
13801,13802,6,4,35,27,2016,5,10,5,2,5,2,0,0,0,1,0,1,0,0,5.45951E+20,5.56814E+21,9.6447E+15,5.02636E+16
13802,13803,6,6,31,18,2016,5,13,1,3,8,1,0,1,0,1,0,0,0,0,5.38343E+20,5.58992E+21,9.54019E+15,5.046E+16
13803,13804,6,4,33,12,2016,6,7,5,3,4,1,0,1,0,1,0,0,1,1,4.61671E+20,5.53693E+21,8.46537E+15,4.99834E+16
13804,13805,6,6,11,0,2016,5,10,2,3,5,3,0,1,0,1,0,0,0,1,5.34097E+20,5.68516E+21,9.48926E+15,5.13167E+16
13805,13806,6,4,37,13,2016,5,16,4,3,0,6,0,0,0,1,0,0,0,0,4.90083E+20,5.50544E+21,8.86247E+15,4.97014E+16
13806,13807,6,5,34,15,2016,5,14,3,3,2,6,0,0,0,1,0,0,0,0,4.80081E+20,5.6457E+21,8.71635E+15,5.09625E+16
13807,13808,6,4,12,0,2016,5,16,2,3,3,6,0,0,0,1,0,0,0,0,4.74757E+20,5.5452E+21,8.64735E+15,5.00586E+16
13808,13809,6,6,11,0,2016,5,16,6,3,4,3,0,0,0,1,0,1,0,0,5.30121E+20,5.68758E+21,9.43242E+15,5.13387E+16
13809,13810,6,4,40,18,2016,6,22,4,3,9,1,2,1,0,1,0,0,0,0,4.78271E+20,5.57833E+21,8.69454E+15,5.03567E+16
13810,13811,6,4,35,25,2016,5,17,3,2,9,1,0,1,0,1,0,0,0,0,5.366E+20,5.5824E+21,9.5149E+15,5.03925E+16
13811,13812,6,4,11,0,2016,5,17,1,3,5,2,0,0,0,1,0,0,0,0,4.75753E+20,5.52455E+21,8.66257E+15,4.98729E+16
13812,13813,6,4,36,2,2016,5,19,6,3,2,6,0,1,0,1,0,0,0,0,4.52464E+20,5.55382E+21,8.33485E+15,5.01347E+16
13813,13814,6,4,31,1,2016,5,12,1,3,8,1,0,0,1,0,0,0,0,0,4.84527E+20,5.48924E+21,8.78606E+15,4.95555E+16
13814,13815,6,6,33,14,2016,5,17,7,3,4,6,0,1,0,1,0,1,0,0,5.37697E+20,5.69629E+21,9.5421E+15,5.14165E+16
13815,13816,6,6,33,3,2016,5,12,7,3,2,6,0,0,0,1,0,0,0,0,5.30398E+20,5.67963E+21,9.43571E+15,5.12672E+16
13816,13817,6,4,32,23,2016,5,13,6,3,2,6,0,0,0,1,0,0,0,0,4.71919E+20,5.52898E+21,8.60888E+15,4.99126E+16
13817,13818,6,6,34,16,2016,5,10,4,2,4,1,0,0,0,1,0,0,1,0,5.14044E+20,5.64675E+21,9.20002E+15,5.09722E+16
13818,13819,6,5,34,7,2016,5,18,7,3,0,1,0,0,0,0,0,1,0,0,4.69012E+20,5.63387E+21,8.55974E+15,5.08556E+16
13819,13820,6,5,33,7,2016,6,17,5,2,2,6,0,1,0,1,0,0,0,0,4.3262E+20,5.59057E+21,8.05066E+15,5.04632E+16
13820,13821,6,4,36,2,2016,5,21,7,2,9,1,1,0,0,0,0,1,0,0,4.57363E+20,5.55514E+21,8.40325E+15,5.01469E+16
13821,13822,6,6,31,17,2016,6,8,4,3,6,4,0,0,0,1,1,0,0,0,5.51194E+20,5.5981E+21,9.72234E+15,5.05326E+16