FID,OBJECTID,ULAND,UREGBEZ,UKREIS,UGEMEINDE,UJAHR,UMONAT,USTUNDE,UWOCHENTAG,UKATEGORIE,UART,UTYP1,ULICHTVERH,IstStrasse,IstRad,IstPKW,IstFuss,IstKrad,IstGkfz,IstSonstig,LINREFX,LINREFY,XGCSWGS84,YGCSWGS84
13822,13823,6,6,34,5,2016,5,17,3,3,4,6,0,1,0,1,0,0,0,0,5.1721E+20,5.66355E+21,9.24591E+15,5.11232E+16
13823,13824,6,5,31,18,2016,5,22,2,3,9,1,2,1,0,0,0,0,0,1,4.75492E+20,5.60632E+21,8.65364E+15,5.06083E+16
13824,13825,6,6,35,2,2016,5,8,2,2,6,7,0,0,0,1,1,0,0,0,5.01129E+20,5.69194E+21,9.01622E+15,5.13787E+16
13825,13826,6,4,12,0,2016,5,18,7,3,6,4,0,1,0,1,1,0,0,0,4.63554E+20,5.54948E+21,8.49044E+15,5.00965E+16
13826,13827,6,6,32,2,2016,5,18,6,2,5,3,0,0,0,1,0,0,0,0,5.50885E+20,5.63485E+21,9.72305E+15,5.08631E+16
13827,13828,6,4,37,3,2016,5,14,1,3,8,6,0,0,0,0,0,1,0,1,4.93336E+20,5.51154E+21,8.90749E+15,4.97563E+16
13828,13829,6,6,31,10,2016,5,16,7,2,8,1,0,0,0,0,0,1,0,0,5.67221E+20,5.59464E+21,9.94783E+15,5.04999E+16
13829,13830,6,5,35,1,2016,5,12,6,3,2,6,0,0,0,1,0,0,0,0,5.19947E+20,5.62127E+21,9.2827E+15,5.07428E+16
13830,13831,6,4,38,1,2016,5,19,7,3,5,3,0,1,0,1,0,0,0,0,4.85278E+20,5.54031E+21,8.79451E+15,5.0015E+16
13831,13832,6,5,31,5,2016,6,23,5,3,9,1,2,1,0,1,0,0,0,0,4.77267E+20,5.60441E+21,8.67885E+15,5.05911E+16
13832,13833,6,4,32,23,2016,5,8,5,3,2,6,0,0,0,1,0,0,0,0,4.72123E+20,5.52991E+21,8.61166E+15,4.99209E+16
13833,13834,6,4,37,14,2016,5,15,7,2,9,1,0,0,0,0,0,1,0,0,4.95595E+20,5.487E+21,8.93912E+15,4.95356E+16
13834,13835,6,6,34,11,2016,5,14,5,2,2,6,0,0,0,0,0,0,1,0,5.34803E+20,5.6557E+21,9.49654E+15,5.10518E+16
13835,13836,6,5,33,9,2016,5,13,3,3,2,6,0,0,0,1,0,0,0,0,4.33106E+20,5.58211E+21,8.05901E+15,5.03872E+16
13836,13837,6,6,35,14,2016,5,10,6,2,4,6,0,1,0,0,0,1,0,0,4.73136E+20,5.64874E+21,8.61724E+15,5.09896E+16
13837,13838,6,6,11,0,2016,5,16,4,2,6,4,0,0,0,1,1,0,0,0,5.32654E+20,5.68144E+21,9.46822E+15,5.12834E+16
13838,13839,6,4,14,0,2016,5,18,1,3,2,6,0,0,0,1,0,0,0,0,4.48571E+20,5.54027E+21,8.2822E+15,5.00125E+16
13839,13840,6,5,33,17,2016,5,6,4,3,5,3,1,1,0,1,0,0,0,0,4.51548E+20,5.59288E+21,8.31702E+15,5.04859E+16
13840,13841,6,5,33,1,2016,5,16,5,3,8,1,0,0,0,0,0,1,0,0,4.39619E+20,5.59203E+21,8.14902E+15,5.04771E+16
13841,13842,6,4,38,12,2016,5,13,1,3,9,7,0,0,0,1,0,0,0,0,4.88333E+20,5.53372E+21,8.83735E+15,4.99557E+16
13842,13843,6,6,32,16,2016,6,13,4,3,3,6,0,0,0,1,0,1,0,0,5.67403E+20,5.63431E+21,9.95764E+15,5.08566E+16
13843,13844,6,5,33,9,2016,5,11,4,3,0,1,0,0,0,1,0,0,1,0,4.34454E+20,5.58269E+21,8.07787E+15,5.03926E+16
13844,13845,6,4,39,15,2016,5,16,2,3,4,1,0,1,0,1,0,0,0,0,4.39394E+20,5.55797E+21,8.15132E+15,5.01709E+16
13845,13846,6,6,35,1,2016,5,10,4,1,5,3,0,0,0,1,1,0,0,0,4.80642E+20,5.65371E+21,8.72392E+15,5.10346E+16
13846,13847,6,4,35,14,2016,5,6,3,3,9,1,1,1,0,1,0,0,0,0,4.94028E+20,5.55283E+21,8.91645E+15,5.01277E+16
13847,13848,6,6,36,8,2016,5,1,1,3,9,1,2,0,0,1,0,0,0,0,5.68197E+20,5.67565E+21,9.9767E+15,5.12282E+16
13848,13849,6,4,40,4,2016,5,11,6,3,0,2,0,0,1,1,0,0,0,0,5.07443E+20,5.57095E+21,9.10449E+15,5.02906E+16
13849,13850,6,5,35,7,2016,5,11,3,3,4,6,0,0,0,1,0,0,0,0,5.23833E+20,5.59733E+21,9.33625E+15,5.05274E+16
13850,13851,6,4,31,7,2016,5,15,3,2,4,6,0,1,0,0,0,0,1,0,4.89076E+20,5.50071E+21,8.84864E+15,4.96588E+16
13851,13852,6,4,35,29,2016,5,22,1,3,2,6,2,1,0,1,0,0,0,0,5.21421E+20,5.56643E+21,9.30045E+15,5.02496E+16
13852,13853,6,4,31,6,2016,5,12,6,3,2,6,0,0,0,0,0,0,1,1,4.67852E+20,5.50308E+21,8.55438E+15,4.96794E+16
13853,13854,6,4,33,8,2016,5,17,1,3,5,3,0,0,0,1,0,0,0,0,4.69598E+20,5.53745E+21,8.57588E+15,4.99886E+16
13854,13855,6,4,34,12,2016,5,13,7,2,4,3,0,1,0,1,0,1,0,0,4.6771E+20,5.57035E+21,8.54676E+15,5.02844E+16
13855,13856,6,4,35,6,2016,5,17,6,2,5,3,0,0,0,1,0,1,0,0,4.95719E+20,5.56015E+21,8.94002E+15,5.01935E+16
13856,13857,6,5,35,16,2016,5,17,5,3,5,3,0,0,0,1,0,0,0,0,5.08539E+20,5.59441E+21,9.12041E+15,5.05016E+16
13857,13858,6,4,12,0,2016,5,17,4,3,6,7,0,0,1,0,1,0,0,0,4.78339E+20,5.55126E+21,8.69704E+15,5.01132E+16
13858,13859,6,4,33,2,2016,5,22,7,3,5,3,2,1,0,1,0,0,0,0,4.5388E+20,5.5374E+21,8.35664E+15,4.99872E+16
13859,13860,6,4,38,9,2016,5,7,4,3,5,3,0,0,1,1,0,0,0,0,4.82209E+20,5.54472E+21,8.75147E+15,5.00545E+16
13860,13861,6,4,12,0,2016,6,12,5,3,5,3,0,1,1,1,0,0,0,0,4.6855E+20,5.55004E+21,8.56023E+15,5.01017E+16
13861,13862,6,5,31,5,2016,5,11,2,3,5,3,0,0,1,1,0,0,0,0,4.7737E+20,5.60462E+21,8.68029E+15,5.05931E+16
13862,13863,6,4,39,5,2016,5,17,3,3,8,1,0,0,0,1,0,0,0,0,4.29122E+20,5.5582E+21,8.00747E+15,5.01717E+16
13863,13864,6,4,34,3,2016,6,19,5,3,8,7,0,1,0,0,0,1,0,0,4.59462E+20,5.56273E+21,8.43181E+15,5.02154E+16
13864,13865,6,6,31,9,2016,5,11,6,3,5,3,0,0,0,1,0,0,0,0,5.48116E+20,5.59747E+21,9.67883E+15,5.05272E+16
13865,13866,6,4,33,3,2016,5,22,3,3,0,1,2,0,1,0,0,0,0,0,4.65845E+20,5.52801E+21,8.52438E+15,4.99035E+16
13866,13867,6,4,13,0,2016,5,19,4,2,5,2,0,0,0,1,0,1,0,0,4.82965E+20,5.54493E+21,8.76203E+15,5.00564E+16
13867,13868,6,5,32,3,2016,5,13,2,2,8,1,0,0,0,1,0,0,0,0,4.54867E+20,5.5958E+21,8.36345E+15,5.05124E+16
13868,13869,6,4,35,15,2016,5,19,1,3,8,1,0,0,0,1,0,0,0,0,5.08454E+20,5.55774E+21,9.11839E+15,5.01718E+16
13869,13870,6,5,34,14,2016,5,8,4,3,1,5,0,0,1,0,0,0,0,1,4.83658E+20,5.62945E+21,8.76802E+15,5.08165E+16
13870,13871,6,4,33,14,2016,5,15,5,3,5,3,0,0,0,1,0,1,0,0,4.56507E+20,5.5254E+21,8.39463E+15,4.98794E+16
13871,13872,6,4,35,27,2016,5,15,7,3,9,1,0,0,0,0,0,1,0,0,5.47286E+20,5.57621E+21,9.66445E+15,5.03361E+16
13872,13873,6,6,32,15,2016,5,22,4,2,3,6,2,0,0,1,0,0,1,0,5.38356E+20,5.62931E+21,9.54445E+15,5.08143E+16
13873,13874,6,6,36,5,2016,6,14,4,2,5,2,0,1,0,1,0,0,0,0,5.78336E+20,5.65248E+21,1.01168E+16,5.10185E+16
13874,13875,6,4,14,0,2016,5,11,3,3,2,6,0,1,0,1,0,0,0,1,4.45961E+20,5.54687E+21,8.24485E+15,5.00717E+16
13875,13876,6,4,31,8,2016,5,22,2,3,8,1,2,0,0,1,0,0,0,0,4.79464E+20,5.48716E+21,8.71617E+15,4.95367E+16
13876,13877,6,6,32,3,2016,6,21,5,3,5,3,1,0,0,1,0,0,0,0,5.55645E+20,5.64568E+21,9.79233E+15,5.096E+16
13877,13878,6,4,13,0,2016,5,17,3,3,5,2,0,0,0,1,0,0,0,0,4.83934E+20,5.54786E+21,8.77543E+15,5.00828E+16
13878,13879,6,4,35,10,2016,5,11,6,3,2,6,0,0,0,1,0,0,0,0,5.13242E+20,5.55969E+21,9.1855E+15,5.01893E+16
13879,13880,6,4,34,9,2016,5,4,4,3,8,7,2,0,0,1,0,0,0,0,4.61549E+20,5.57053E+21,8.46027E+15,5.02857E+16
13880,13881,6,4,37,10,2016,5,12,2,3,8,1,0,1,0,1,0,0,0,0,5.07745E+20,5.51339E+21,9.10757E+15,4.97729E+16
13881,13882,6,6,36,16,2016,5,17,1,2,8,7,0,0,0,1,0,0,0,0,5.57846E+20,5.68833E+21,9.83053E+15,5.13433E+16
13882,13883,6,4,32,18,2016,5,17,4,3,2,6,0,0,0,1,0,0,0,0,4.72128E+20,5.51386E+21,8.61288E+15,4.97766E+16
13883,13884,6,5,32,12,2016,5,7,5,3,7,7,0,0,1,0,0,0,0,0,4.51084E+20,5.61284E+21,8.30785E+15,5.06653E+16
13884,13885,6,6,33,12,2016,5,16,7,3,5,2,0,0,0,1,0,0,0,1,5.47598E+20,5.67907E+21,9.68216E+15,5.1261E+16
13885,13886,6,4,11,0,2016,6,7,4,3,3,2,0,0,1,1,0,0,0,0,4.74644E+20,5.52333E+21,8.64721E+15,4.98619E+16
13886,13887,6,5,31,5,2016,5,7,3,3,5,3,0,0,1,1,0,0,0,0,4.77683E+20,5.60517E+21,8.68467E+15,5.0598E+16
13887,13888,6,4,36,9,2016,5,8,2,3,5,3,0,1,0,1,0,0,0,0,4.62414E+20,5.54701E+21,8.47474E+15,5.00742E+16
13888,13889,6,4,34,2,2016,5,19,4,3,5,3,0,0,1,1,0,0,0,0,4.77218E+20,5.56723E+21,8.68041E+15,5.02567E+16
13889,13890,6,4,14,0,2016,5,18,3,3,2,6,0,0,0,1,0,0,0,0,4.51824E+20,5.55506E+21,8.32574E+15,5.01458E+16
13890,13891,6,5,35,19,2016,5,12,6,2,5,3,0,0,1,1,0,0,0,0,5.30974E+20,5.60908E+21,9.43797E+15,5.06328E+16
13891,13892,6,6,11,0,2016,5,21,1,3,6,2,2,1,0,1,1,0,0,0,5.32294E+20,5.68429E+21,9.46331E+15,5.1309E+16
13892,13893,6,6,31,15,2016,5,18,6,2,5,3,0,0,0,1,0,0,0,0,5.53144E+20,5.61207E+21,9.75186E+15,5.0658E+16
13893,13894,6,5,32,6,2016,5,22,1,3,8,1,2,0,0,1,0,0,0,0,4.50894E+20,5.61847E+21,8.30441E+15,5.07159E+16
13894,13895,6,4,14,0,2016,5,13,3,3,5,2,0,1,1,1,0,0,0,0,4.45877E+20,5.54414E+21,8.24406E+15,5.00471E+16
13895,13896,6,4,33,14,2016,5,17,1,3,5,3,0,0,0,1,0,0,0,0,4.56937E+20,5.52705E+21,8.40043E+15,4.98942E+16
13896,13897,6,6,33,20,2016,6,14,6,2,3,6,0,0,0,1,0,0,1,0,5.40529E+20,5.68688E+21,9.58175E+15,5.13318E+16
13897,13898,6,5,33,6,2016,5,21,5,2,5,3,1,0,0,1,0,1,0,0,4.30172E+20,5.58526E+21,8.01717E+15,5.04152E+16
13898,13899,6,6,31,9,2016,5,15,1,3,5,2,0,0,0,1,0,0,0,0,5.48071E+20,5.59759E+21,9.67822E+15,5.05283E+16
13899,13900,6,5,33,9,2016,5,9,6,2,2,6,0,0,0,1,0,0,0,1,4.34458E+20,5.5847E+21,8.07758E+15,5.04107E+16
13900,13901,6,4,12,0,2016,5,18,5,3,2,6,0,0,0,1,0,0,0,0,4.75377E+20,5.5485E+21,8.6558E+15,5.00883E+16
13901,13902,6,5,33,17,2016,5,14,4,3,9,1,0,0,0,0,0,1,0,0,4.52269E+20,5.59323E+21,8.32714E+15,5.04891E+16
13902,13903,6,6,33,28,2016,5,18,7,3,3,6,0,1,0,1,0,0,0,0,5.19694E+20,5.68813E+21,9.28275E+15,5.13441E+16
13903,13904,6,5,33,18,2016,5,17,4,3,5,3,0,0,0,1,0,0,0,0,4.54025E+20,5.59159E+21,8.35209E+15,5.04745E+16
13904,13905,6,6,36,6,2016,6,16,5,3,2,2,0,0,0,1,0,0,0,0,5.53735E+20,5.67229E+21,9.76909E+15,5.11995E+16
13905,13906,6,4,34,5,2016,5,20,2,3,2,6,0,0,0,1,0,0,0,0,4.62121E+20,5.55919E+21,8.46943E+15,5.01837E+16
13906,13907,6,5,34,10,2016,5,17,3,2,0,7,0,0,0,1,0,0,0,0,4.65586E+20,5.62646E+21,8.51177E+15,5.07889E+16
13907,13908,6,4,33,4,2016,6,10,5,3,8,1,0,0,0,1,0,0,0,0,4.63126E+20,5.50998E+21,8.48822E+15,4.97412E+16
13908,13909,6,4,36,7,2016,5,14,6,3,3,6,0,0,0,1,0,0,1,0,4.55819E+20,5.54571E+21,8.38273E+15,5.0062E+16
13909,13910,6,4,12,0,2016,5,10,3,3,2,6,0,0,0,1,0,0,1,0,4.8241E+20,5.55286E+21,8.75391E+15,5.01277E+16
13910,13911,6,4,36,5,2016,5,6,4,3,5,3,0,0,1,1,0,0,0,0,4.62193E+20,5.54334E+21,8.47201E+15,5.00412E+16
13911,13912,6,6,31,11,2016,5,0,4,3,4,6,2,0,0,1,0,0,0,0,5.38041E+20,5.60376E+21,9.53735E+15,5.05845E+16
13912,13913,6,5,35,1,2016,5,19,5,3,2,6,0,0,0,1,0,0,0,0,5.18058E+20,5.62067E+21,9.2559E+15,5.07376E+16
13913,13914,6,5,33,15,2016,6,20,4,3,9,1,1,1,0,1,0,0,0,0,4.44041E+20,5.5829E+21,8.2127E+15,5.03955E+16
13914,13915,6,4,12,0,2016,5,19,3,3,2,6,0,0,0,1,0,0,0,0,4.81608E+20,5.55524E+21,8.74256E+15,5.01491E+16
13915,13916,6,5,31,5,2016,5,20,2,3,9,1,0,1,0,1,0,0,0,0,4.75731E+20,5.60129E+21,8.65735E+15,5.0563E+16
13916,13917,6,4,31,17,2016,5,12,4,3,1,3,0,0,0,1,0,0,0,0,4.81034E+20,5.49393E+21,8.73754E+15,4.95977E+16
13917,13918,6,5,32,7,2016,5,6,5,2,5,3,0,0,0,1,0,0,1,0,4.45019E+20,5.61161E+21,8.22223E+15,5.06538E+16
13918,13919,6,4,14,0,2016,5,17,2,3,2,6,0,0,0,1,0,0,0,0,4.43915E+20,5.54588E+21,8.2164E+15,5.00626E+16
13919,13920,6,5,31,5,2016,5,1,7,3,3,2,2,0,1,0,0,0,0,1,4.79407E+20,5.60278E+21,8.70916E+15,5.05765E+16
13920,13921,6,4,12,0,2016,5,8,6,3,3,6,0,0,0,0,0,1,0,1,4.74763E+20,5.55026E+21,8.6471E+15,5.01041E+16
13921,13922,6,4,39,13,2016,5,14,1,3,6,7,0,0,0,1,1,0,0,0,4.23018E+20,5.53675E+21,7.92631E+15,4.99781E+16
13922,13923,6,4,35,14,2016,5,13,7,3,5,2,0,0,0,1,0,0,0,0,4.95145E+20,5.55442E+21,8.93205E+15,5.0142E+16
13923,13924,6,4,12,0,2016,6,8,6,3,2,6,0,0,0,1,0,0,1,0,4.76296E+20,5.55688E+21,8.66812E+15,5.01637E+16
13924,13925,6,5,33,9,2016,5,12,7,3,0,2,0,0,1,1,0,0,0,0,4.32843E+20,5.58187E+21,8.05535E+15,5.03851E+16
13925,13926,6,4,12,0,2016,5,11,5,3,8,1,0,1,0,1,0,0,0,0,4.63049E+20,5.54946E+21,8.48338E+15,5.00963E+16
13926,13927,6,4,35,14,2016,5,21,3,3,5,3,2,0,0,1,0,0,0,0,4.92263E+20,5.5529E+21,8.89176E+15,5.01283E+16
13927,13928,6,4,32,2,2016,5,16,4,3,2,6,0,0,0,1,0,0,0,0,4.96326E+20,5.53329E+21,8.94879E+15,4.9952E+16
13928,13929,6,4,38,1,2016,5,11,5,3,2,6,0,0,0,1,0,0,0,0,4.84294E+20,5.54067E+21,8.78077E+15,5.00181E+16
13929,13930,6,4,11,0,2016,5,14,3,3,8,1,0,1,0,1,0,0,0,0,4.73246E+20,5.51771E+21,8.62814E+15,4.98112E+16
13930,13931,6,5,32,11,2016,5,10,7,1,8,7,0,0,0,1,0,0,0,0,4.4679E+20,5.62152E+21,8.24585E+15,5.0743E+16
13931,13932,6,4,14,0,2016,5,17,6,3,2,6,0,1,0,1,0,0,0,0,4.48354E+20,5.53973E+21,8.27924E+15,5.00076E+16
13932,13933,6,6,11,0,2016,5,15,1,3,1,5,0,0,1,1,0,0,0,0,5.31983E+20,5.68508E+21,9.45892E+15,5.13161E+16
13933,13934,6,4,39,13,2016,5,9,3,2,4,1,0,1,1,1,0,0,0,0,4.22563E+20,5.53761E+21,7.9198E+15,4.99858E+16
13934,13935,6,6,32,15,2016,5,17,1,3,2,6,0,0,0,1,0,0,0,0,5.3863E+20,5.62959E+21,9.54837E+15,5.08168E+16
13935,13936,6,6,32,20,2016,6,18,6,3,2,6,0,0,0,1,0,0,0,0,5.64708E+20,5.64262E+21,9.92082E+15,5.09315E+16
13936,13937,6,4,36,6,2016,5,20,1,3,3,6,1,0,0,1,0,0,1,0,4.56178E+20,5.54505E+21,8.38782E+15,5.00561E+16
13937,13938,6,4,34,1,2016,5,13,3,3,9,1,0,0,0,0,0,1,0,0,4.74695E+20,5.561E+21,8.64543E+15,5.02007E+16
13938,13939,6,6,11,0,2016,5,10,6,3,5,3,0,0,0,1,0,0,0,0,5.32787E+20,5.68189E+21,9.47017E+15,5.12874E+16
13939,13940,6,6,35,4,2016,5,1,5,3,8,1,2,0,0,1,0,0,0,0,4.7556E+20,5.65232E+21,8.65154E+15,5.10219E+16
13940,13941,6,5,32,9,2016,5,18,4,3,2,2,0,0,0,1,0,0,0,0,4.54429E+20,5.62855E+21,8.35323E+15,5.08069E+16
13941,13942,6,5,33,9,2016,5,20,6,3,3,7,0,1,0,1,0,0,0,0,4.35293E+20,5.58138E+21,8.0899E+15,5.03809E+16
13942,13943,6,6,33,29,2016,5,17,5,3,8,1,0,0,0,1,0,0,0,0,5.2045E+20,5.69321E+21,9.29391E+15,5.13898E+16
13943,13944,6,4,32,2,2016,5,11,4,3,2,6,0,0,0,1,0,0,0,0,4.95273E+20,5.53236E+21,8.93411E+15,4.99436E+16
13944,13945,6,6,11,0,2016,5,13,4,3,5,2,0,0,0,1,0,0,0,1,5.32836E+20,5.68465E+21,9.47112E+15,5.13122E+16
13945,13946,6,5,32,23,2016,5,13,3,3,2,6,0,0,0,1,0,0,0,0,4.65782E+20,5.60166E+21,8.51685E+15,5.05658E+16
13946,13947,6,6,31,9,2016,6,12,5,3,4,1,0,0,0,1,0,0,1,0,5.48192E+20,5.59706E+21,9.67985E+15,5.05235E+16
13947,13948,6,5,33,9,2016,5,13,5,3,2,6,0,0,0,1,0,0,0,0,4.34904E+20,5.58582E+21,8.08365E+15,5.04208E+16
13948,13949,6,5,33,9,2016,5,13,3,3,9,1,0,0,0,0,0,0,1,0,4.34101E+20,5.58353E+21,8.07275E+15,5.04001E+16
13949,13950,6,4,32,16,2016,5,12,4,3,5,2,0,0,0,1,0,0,0,0,4.81144E+20,5.5198E+21,8.73781E+15,4.98304E+16
13950,13951,6,4,38,10,2016,5,15,4,3,2,6,0,0,0,1,0,0,0,0,4.87839E+20,5.54604E+21,8.83008E+15,5.00665E+16
13951,13952,6,6,32,2,2016,5,19,4,1,4,6,0,0,0,1,0,0,0,0,5.49755E+20,5.63439E+21,9.70694E+15,5.0859E+16
13952,13953,6,5,34,14,2016,6,16,4,3,1,6,0,1,1,1,0,0,0,0,4.83606E+20,5.62919E+21,8.76729E+15,5.08142E+16
13953,13954,6,6,34,6,2016,5,14,3,3,9,1,0,1,0,1,0,0,0,0,5.06591E+20,5.64312E+21,9.09381E+15,5.09397E+16
13954,13955,6,4,32,18,2016,5,5,2,3,8,1,0,1,0,1,0,0,0,0,4.69192E+20,5.51676E+21,8.57187E+15,4.98025E+16
13955,13956,6,5,34,18,2016,5,17,5,3,2,2,0,0,0,1,0,0,0,0,5.0029E+20,5.62722E+21,9.00411E+15,5.07967E+16
13956,13957,6,4,12,0,2016,5,8,2,3,2,6,0,1,0,1,0,0,0,1,4.75063E+20,5.54849E+21,8.65141E+15,5.00882E+16
13957,13958,6,4,14,0,2016,5,18,7,3,2,6,0,1,0,1,0,0,0,0,4.45825E+20,5.54417E+21,8.24332E+15,5.00473E+16
13958,13959,6,5,35,14,2016,5,9,7,3,2,6,0,0,0,1,0,0,0,0,5.14968E+20,5.61912E+21,9.21205E+15,5.07237E+16
13959,13960,6,4,37,15,2016,5,11,6,2,3,6,0,0,0,1,0,0,0,0,5.01012E+20,5.48536E+21,9.01399E+15,4.95209E+16
13960,13961,6,4,35,18,2016,5,20,1,2,4,1,1,1,0,1,0,0,0,0,5.15155E+20,5.55932E+21,9.21229E+15,5.01859E+16
13961,13962,6,5,34,10,2016,5,11,7,3,2,6,0,0,0,1,0,0,0,0,4.70966E+20,5.62476E+21,8.58823E+15,5.07739E+16
13962,13963,6,4,40,6,2016,6,8,6,2,7,7,0,1,0,0,0,0,1,0,4.95548E+20,5.58034E+21,8.93739E+15,5.03751E+16
13963,13964,6,4,12,0,2016,5,17,4,3,3,2,0,0,0,1,0,0,0,0,4.70422E+20,5.54482E+21,8.58682E+15,5.00549E+16
13964,13965,6,4,12,0,2016,5,9,7,3,2,6,0,0,0,1,0,0,0,1,4.74301E+20,5.55215E+21,8.64051E+15,5.01211E+16
13965,13966,6,5,34,21,2016,5,20,6,2,4,1,0,0,0,1,0,0,0,0,4.74545E+20,5.63655E+21,8.63817E+15,5.088E+16
13966,13967,6,4,33,4,2016,5,19,5,2,5,3,0,0,1,1,0,0,0,0,4.67265E+20,5.51015E+21,8.54566E+15,4.97429E+16
13967,13968,6,6,32,7,2016,5,7,3,3,2,2,0,0,0,1,0,0,0,0,5.51343E+20,5.63088E+21,9.729E+15,5.08273E+16
13968,13969,6,6,33,25,2016,5,7,6,3,2,6,0,0,0,1,0,0,0,0,5.27019E+20,5.71836E+21,9.39024E+15,5.16156E+16
13969,13970,6,4,31,21,2016,5,13,4,2,0,1,0,1,0,0,0,1,0,0,4.88506E+20,5.49084E+21,8.84104E+15,4.95701E+16
13970,13971,6,5,35,5,2016,5,6,2,3,9,1,0,0,0,1,0,0,0,0,5.0237E+20,5.61449E+21,9.03355E+15,5.06822E+16
13971,13972,6,6,32,18,2016,5,21,4,3,7,7,2,0,0,0,0,1,0,0,5.44745E+20,5.64993E+21,9.63766E+15,5.09992E+16
13972,13973,6,4,38,2,2016,5,1,5,3,9,7,2,0,0,1,0,0,0,0,4.78731E+20,5.53786E+21,8.70327E+15,4.99927E+16
13973,13974,6,4,36,8,2016,5,17,1,2,9,6,0,0,0,1,0,0,0,0,4.61991E+20,5.55301E+21,8.46823E+15,5.01281E+16
13974,13975,6,4,40,15,2016,6,9,5,2,2,6,0,0,0,1,0,0,1,0,4.80313E+20,5.59158E+21,8.72255E+15,5.04758E+16
13975,13976,6,4,14,0,2016,5,15,2,3,2,6,0,1,0,1,0,0,0,0,4.45985E+20,5.54687E+21,8.24517E+15,5.00717E+16
13976,13977,6,4,31,2,2016,5,22,4,3,5,3,2,0,1,1,0,0,0,0,4.71392E+20,5.50331E+21,8.60343E+15,4.96816E+16
13977,13978,6,6,31,21,2016,5,19,3,2,8,1,0,1,0,1,0,0,0,0,5.62076E+20,5.5957E+21,9.87547E+15,5.051E+16
13978,13979,6,4,37,10,2016,5,22,6,3,9,1,2,0,0,0,0,1,0,0,5.08203E+20,5.51513E+21,9.11396E+15,4.97885E+16
13979,13980,6,4,40,22,2016,5,10,5,1,4,1,0,1,0,1,0,0,0,0,4.80499E+20,5.58669E+21,8.72542E+15,5.04319E+16
13980,13981,6,5,31,5,2016,5,4,4,2,2,6,1,0,0,1,0,0,0,0,4.78589E+20,5.60385E+21,8.69755E+15,5.05862E+16
13981,13982,6,4,36,3,2016,5,8,6,3,2,6,0,1,0,1,0,0,0,0,4.68956E+20,5.55397E+21,8.56559E+15,5.01372E+16
13982,13983,6,4,40,12,2016,5,7,5,3,5,2,0,0,1,1,0,0,0,0,4.84108E+20,5.56319E+21,8.77724E+15,5.02207E+16
13983,13984,6,5,35,14,2016,5,17,4,2,5,2,0,0,0,1,0,1,0,0,5.14986E+20,5.61735E+21,9.21223E+15,5.07077E+16
13984,13985,6,4,12,0,2016,5,22,4,3,2,6,2,0,0,1,0,0,0,0,4.81428E+20,5.55229E+21,8.7402E+15,5.01226E+16
13985,13986,6,6,34,5,2016,5,13,5,2,9,1,0,0,0,0,0,1,0,0,5.21043E+20,5.66947E+21,9.30103E+15,5.11763E+16
13986,13987,6,6,33,3,2016,5,11,3,3,2,6,0,0,0,0,0,0,1,0,5.30309E+20,5.67716E+21,9.43424E+15,5.1245E+16
13987,13988,6,4,35,10,2016,6,21,5,3,2,6,1,1,0,1,0,0,0,0,5.10576E+20,5.56166E+21,9.14821E+15,5.02071E+16
13988,13989,6,6,32,12,2016,5,8,2,3,2,7,1,1,0,0,0,0,1,1,5.53472E+20,5.64164E+21,9.7608E+15,5.09239E+16
13989,13990,6,5,35,9,2016,5,15,4,2,4,1,0,0,0,1,0,0,0,0,5.0006E+20,5.61991E+21,9.00085E+15,5.0731E+16
13990,13991,6,5,34,5,2016,5,13,3,3,4,6,0,1,0,1,0,0,0,1,4.57019E+20,5.63465E+21,8.38927E+15,5.0862E+16
13991,13992,6,5,31,10,2016,5,14,2,3,8,1,0,1,0,1,0,0,0,0,4.97065E+20,5.597E+21,8.95859E+15,5.0525E+16
13992,13993,6,6,34,3,2016,5,14,6,3,8,1,0,0,0,1,0,0,0,0,5.3334E+20,5.66357E+21,9.47639E+15,5.11226E+16
13993,13994,6,6,11,0,2016,5,23,4,3,9,1,2,0,0,1,0,0,0,0,5.33805E+20,5.68791E+21,9.48533E+15,5.13415E+16
13994,13995,6,5,31,4,2016,6,16,4,3,0,7,0,0,0,0,0,0,0,1,4.84677E+20,5.60027E+21,8.78369E+15,5.05541E+16
13995,13996,6,6,35,13,2016,5,18,3,3,8,1,0,0,0,1,0,0,0,0,4.99976E+20,5.65813E+21,8.99965E+15,5.10746E+16
13996,13997,6,4,14,0,2016,5,11,1,2,0,7,0,0,1,0,0,0,0,0,4.46901E+20,5.5494E+21,8.25763E+15,5.00945E+16
13997,13998,6,5,35,1,2016,5,15,6,3,3,6,0,0,0,1,0,0,0,0,5.18711E+20,5.6209E+21,9.26517E+15,5.07396E+16
13998,13999,6,6,33,11,2016,5,17,2,3,5,3,0,0,0,1,0,0,0,0,5.21397E+20,5.68601E+21,9.30709E+15,5.13249E+16
13999,14000,6,4,12,0,2016,5,23,7,3,5,3,2,1,0,1,0,0,0,1,4.78321E+20,5.55376E+21,8.69665E+15,5.01357E+16
14000,14001,6,5,32,16,2016,5,16,7,3,4,6,0,0,0,1,0,1,0,1,4.54726E+20,5.60282E+21,8.36061E+15,5.05755E+16
14001,14002,6,4,12,0,2016,5,15,6,3,8,7,0,0,0,1,0,0,1,0,4.73146E+20,5.55373E+21,8.62424E+15,5.01352E+16
14002,14003,6,4,32,2,2016,5,22,7,3,8,1,2,1,0,1,0,0,0,0,4.97076E+20,5.53198E+21,8.95926E+15,4.99402E+16