FID,OBJECTID,ULAND,UREGBEZ,UKREIS,UGEMEINDE,UJAHR,UMONAT,USTUNDE,UWOCHENTAG,UKATEGORIE,UART,UTYP1,ULICHTVERH,IstStrasse,IstRad,IstPKW,IstFuss,IstKrad,IstGkfz,IstSonstig,LINREFX,LINREFY,XGCSWGS84,YGCSWGS84
14003,14004,6,5,31,3,2016,6,13,5,3,5,3,0,0,0,1,0,0,0,0,4.82525E+20,5.60741E+21,8.75298E+15,5.06183E+16
14004,14005,6,6,34,7,2016,5,19,7,3,8,1,0,0,0,0,0,1,0,0,5.25881E+20,5.66876E+21,9.37019E+15,5.11696E+16
14005,14006,6,4,12,0,2016,5,14,5,3,2,6,0,0,0,1,0,0,0,0,4.78956E+20,5.55489E+21,8.70547E+15,5.01458E+16
14006,14007,6,4,14,0,2016,5,17,3,3,2,6,0,0,0,1,0,0,0,0,4.48481E+20,5.53988E+21,8.281E+15,5.0009E+16
14007,14008,6,4,39,1,2016,5,16,6,3,5,3,0,0,0,1,0,0,0,0,4.32884E+20,5.56693E+21,8.05858E+15,5.02507E+16
14008,14009,6,5,35,1,2016,5,12,4,2,3,6,0,0,0,1,0,0,0,1,5.14655E+20,5.6295E+21,9.20804E+15,5.0817E+16
14009,14010,6,4,12,0,2016,5,23,1,3,1,5,2,0,1,1,0,0,0,0,4.79779E+20,5.55125E+21,8.71718E+15,5.01131E+16
14010,14011,6,4,31,19,2016,5,17,4,3,2,6,0,0,0,1,0,1,0,0,4.82432E+20,5.4971E+21,8.75674E+15,4.96262E+16
14011,14012,6,4,40,19,2016,5,20,5,3,5,3,1,0,0,1,0,1,0,0,5.02985E+20,5.57695E+21,9.04195E+15,5.03446E+16
14012,14013,6,4,12,0,2016,5,9,1,3,9,7,0,1,0,1,0,0,0,0,4.72293E+20,5.55793E+21,8.612E+15,5.0173E+16
14013,14014,6,6,11,0,2016,6,15,4,2,4,1,0,1,0,1,0,0,1,0,5.26104E+20,5.68865E+21,9.37483E+15,5.13485E+16
14014,14015,6,4,33,8,2016,5,15,4,1,0,1,0,0,0,1,0,0,0,0,4.71138E+20,5.53879E+21,8.59727E+15,5.00007E+16
14015,14016,6,4,38,8,2016,5,14,2,2,5,3,0,0,1,0,0,0,0,1,4.87833E+20,5.55198E+21,8.82981E+15,5.01199E+16
14016,14017,6,6,31,15,2016,5,15,4,3,5,2,0,0,0,0,0,1,0,1,5.54655E+20,5.61381E+21,9.77349E+15,5.06735E+16
14017,14018,6,6,31,15,2016,5,7,3,3,9,1,0,1,0,1,0,0,0,0,5.47872E+20,5.61348E+21,9.67746E+15,5.06712E+16
14018,14019,6,6,35,19,2016,5,14,1,3,0,7,0,0,0,0,0,1,0,0,4.98874E+20,5.67287E+21,8.98388E+15,5.12073E+16
14019,14020,6,5,34,3,2016,5,13,6,3,5,3,0,0,1,1,0,0,0,0,4.62321E+20,5.62302E+21,8.4658E+15,5.07577E+16
14020,14021,6,5,33,9,2016,5,9,3,3,2,6,0,0,0,1,0,0,0,0,4.33403E+20,5.58319E+21,8.063E+15,5.0397E+16
14021,14022,6,5,32,8,2016,5,11,3,3,2,2,0,0,0,1,0,0,0,1,4.55793E+20,5.60605E+21,8.37528E+15,5.06046E+16
14022,14023,6,4,35,12,2016,5,17,1,3,5,2,0,0,0,1,0,1,0,0,5.07664E+20,5.56035E+21,9.10738E+15,5.01953E+16
14023,14024,6,4,32,18,2016,5,21,6,3,2,6,2,1,0,1,0,0,0,0,4.6908E+20,5.51654E+21,8.57034E+15,4.98005E+16
14024,14025,6,5,34,18,2016,5,20,1,3,1,5,0,1,0,1,0,0,0,0,5.00964E+20,5.62986E+21,9.01368E+15,5.08204E+16
14025,14026,6,5,31,5,2016,5,10,6,3,7,7,0,0,0,1,0,0,0,0,4.79756E+20,5.6083E+21,8.71379E+15,5.06262E+16
14026,14027,6,4,14,0,2016,5,14,5,3,2,6,0,0,0,1,0,1,0,0,4.45835E+20,5.54524E+21,8.24332E+15,5.0057E+16
14027,14028,6,4,38,6,2016,5,12,4,2,2,6,0,0,0,1,0,0,0,0,4.74078E+20,5.53778E+21,8.63835E+15,4.99918E+16
14028,14029,6,6,31,14,2016,5,11,7,3,2,2,0,0,0,1,0,0,0,0,5.33884E+20,5.59579E+21,9.4779E+15,5.05131E+16
14029,14030,6,4,31,2,2016,5,6,2,2,8,7,0,1,0,0,0,0,1,0,4.71145E+20,5.50593E+21,8.59981E+15,4.97052E+16
14030,14031,6,4,38,5,2016,5,21,6,3,5,3,2,1,0,1,0,0,0,0,4.85461E+20,5.54476E+21,8.7969E+15,5.0055E+16
14031,14032,6,5,32,23,2016,6,18,4,2,8,1,0,1,0,1,0,0,0,0,4.64155E+20,5.60503E+21,8.49355E+15,5.0596E+16
14032,14033,6,4,38,10,2016,5,6,3,3,2,6,1,1,0,1,0,0,0,0,4.92472E+20,5.54639E+21,8.89481E+15,5.00698E+16
14033,14034,6,4,35,27,2016,5,12,1,2,8,1,0,0,0,1,0,1,0,0,5.46244E+20,5.56946E+21,9.64898E+15,5.02755E+16
14034,14035,6,4,14,0,2016,5,19,6,3,8,1,0,1,0,1,0,0,0,0,4.50118E+20,5.54452E+21,8.30323E+15,5.00509E+16
14035,14036,6,4,31,13,2016,5,15,1,3,0,7,0,0,0,1,0,1,0,0,4.56481E+20,5.49821E+21,8.3973E+15,4.96349E+16
14036,14037,6,6,11,0,2016,5,12,7,3,2,6,0,0,0,1,0,1,0,0,5.31724E+20,5.68099E+21,9.45485E+15,5.12794E+16
14037,14038,6,6,32,11,2016,5,13,7,2,8,7,0,0,0,1,0,0,0,0,5.43299E+20,5.63234E+21,9.61496E+15,5.08411E+16
14038,14039,6,4,35,13,2016,5,18,5,3,2,2,0,0,0,1,0,0,0,0,4.99466E+20,5.56558E+21,8.99252E+15,5.02424E+16
14039,14040,6,4,14,0,2016,5,10,4,3,6,4,0,0,0,1,1,0,0,0,4.45215E+20,5.5484E+21,8.2342E+15,5.00853E+16
14040,14041,6,4,31,5,2016,5,11,7,3,9,1,0,0,0,0,0,1,0,0,4.60362E+20,5.50046E+21,8.45083E+15,4.96553E+16
14041,14042,6,4,14,0,2016,6,13,5,2,6,4,0,0,0,0,1,0,0,1,4.44193E+20,5.54752E+21,8.22005E+15,5.00773E+16
14042,14043,6,4,12,0,2016,5,13,3,3,2,6,0,0,0,1,0,0,0,0,4.66874E+20,5.55171E+21,8.53666E+15,5.01167E+16
14043,14044,6,4,39,15,2016,6,15,5,3,9,1,0,1,0,1,0,0,0,0,4.39189E+20,5.56025E+21,8.14809E+15,5.01913E+16
14044,14045,6,4,12,0,2016,5,19,3,3,1,7,0,0,0,1,0,1,0,0,4.73161E+20,5.55411E+21,8.62443E+15,5.01386E+16
14045,14046,6,5,32,6,2016,5,10,6,3,5,3,0,0,0,1,0,0,1,0,4.50747E+20,5.61875E+21,8.3023E+15,5.07185E+16
14046,14047,6,6,31,3,2016,5,19,4,2,5,2,0,0,0,1,0,0,0,0,5.55693E+20,5.59902E+21,9.78596E+15,5.05405E+16
14047,14048,6,4,32,2,2016,5,6,2,3,8,1,1,0,0,1,0,0,0,0,4.9701E+20,5.53247E+21,8.95833E+15,4.99446E+16
14048,14049,6,6,35,2,2016,5,17,1,2,5,3,0,1,0,1,0,0,0,0,4.99573E+20,5.68952E+21,8.99387E+15,5.13569E+16
14049,14050,6,4,31,13,2016,5,15,4,2,4,6,0,0,1,0,0,0,0,1,4.57439E+20,5.50087E+21,8.41028E+15,4.96588E+16
14050,14051,6,4,40,8,2016,5,16,5,3,3,6,0,0,0,1,0,1,0,0,4.82387E+20,5.57831E+21,8.7524E+15,5.03566E+16
14051,14052,6,4,11,0,2016,5,18,7,3,3,6,0,0,0,1,0,1,0,0,4.73811E+20,5.52432E+21,8.63554E+15,4.98708E+16
14052,14053,6,6,33,16,2016,6,6,4,3,0,7,0,0,0,0,0,0,0,1,5.19018E+20,5.70588E+21,9.274E+15,5.15037E+16
14053,14054,6,5,33,16,2016,5,23,3,3,9,7,2,1,0,1,0,0,0,0,4.36156E+20,5.59299E+21,8.10006E+15,5.04854E+16
14054,14055,6,5,32,20,2016,5,15,2,3,2,6,0,0,0,1,0,0,0,0,4.52443E+20,5.61165E+21,8.32723E+15,5.06547E+16
14055,14056,6,6,31,9,2016,5,12,4,3,2,2,0,0,0,1,0,0,0,0,5.47143E+20,5.59972E+21,9.66539E+15,5.05475E+16
14056,14057,6,5,34,14,2016,5,7,5,2,5,2,0,0,1,1,0,0,0,0,4.8464E+20,5.62612E+21,8.7821E+15,5.07866E+16
14057,14058,6,4,11,0,2016,5,18,3,3,9,1,0,1,0,1,0,0,0,0,4.7354E+20,5.51778E+21,8.63222E+15,4.98119E+16
14058,14059,6,4,38,2,2016,5,18,7,2,0,7,0,0,1,0,0,0,0,0,4.79013E+20,5.53851E+21,8.70717E+15,4.99986E+16
14059,14060,6,5,33,7,2016,5,16,6,3,8,1,0,1,0,1,0,0,0,0,4.32581E+20,5.58958E+21,8.05029E+15,5.04543E+16
14060,14061,6,4,37,6,2016,5,13,1,3,2,6,0,0,0,0,0,1,0,0,4.99817E+20,5.49858E+21,8.99746E+15,4.96398E+16
14061,14062,6,5,31,16,2016,5,17,6,2,6,4,0,0,0,1,1,0,0,0,4.89657E+20,5.60455E+21,8.85387E+15,5.05928E+16
14062,14063,6,5,34,5,2016,5,14,1,3,5,2,0,0,1,1,0,0,0,0,4.60615E+20,5.6357E+21,8.44026E+15,5.08716E+16
14063,14064,6,4,12,0,2016,5,18,3,3,5,3,0,0,1,1,0,0,0,0,4.74727E+20,5.55024E+21,8.64659E+15,5.01039E+16
14064,14065,6,6,31,18,2016,5,1,1,3,9,1,2,1,0,1,0,0,0,0,5.41871E+20,5.58691E+21,9.58955E+15,5.04327E+16
14065,14066,6,6,33,3,2016,6,15,6,3,2,6,0,0,0,1,0,0,0,0,5.30714E+20,5.67958E+21,9.44025E+15,5.12668E+16
14066,14067,6,6,11,0,2016,5,18,5,3,2,6,0,0,0,1,0,1,0,0,5.3362E+20,5.68286E+21,9.4822E+15,5.12961E+16
14067,14068,6,5,31,14,2016,5,9,1,3,2,6,0,0,0,1,0,0,0,0,4.82946E+20,5.59802E+21,8.75936E+15,5.05339E+16
14068,14069,6,4,14,0,2016,5,16,3,3,9,1,0,0,0,1,0,0,0,0,4.46776E+20,5.54358E+21,8.25669E+15,5.00421E+16
14069,14070,6,4,14,0,2016,5,11,6,3,2,6,0,0,0,1,0,0,0,0,4.44355E+20,5.54639E+21,8.22248E+15,5.00671E+16
14070,14071,6,4,12,0,2016,5,7,5,1,5,3,0,1,0,0,0,1,1,0,4.7505E+20,5.54967E+21,8.65115E+15,5.00988E+16
14071,14072,6,4,31,11,2016,5,6,4,3,2,6,0,0,0,1,0,0,0,0,4.73706E+20,5.49896E+21,8.6358E+15,4.96426E+16
14072,14073,6,4,11,0,2016,5,20,7,3,8,1,0,1,0,1,0,0,0,0,4.71369E+20,5.52444E+21,8.60156E+15,4.98717E+16
14073,14074,6,4,12,0,2016,5,5,5,3,3,2,1,0,1,0,0,0,1,0,4.8142E+20,5.55226E+21,8.74008E+15,5.01223E+16
14074,14075,6,5,31,12,2016,5,12,4,3,8,1,0,0,0,0,0,1,0,0,4.752E+20,5.59913E+21,8.65E+15,5.05435E+16
14075,14076,6,6,34,14,2016,6,21,5,3,8,1,1,1,0,1,0,0,0,0,5.41218E+20,5.66525E+21,9.58915E+15,5.11373E+16
14076,14077,6,5,34,9,2016,5,17,3,3,0,1,0,0,0,1,0,0,0,0,4.80872E+20,5.61833E+21,8.72906E+15,5.07165E+16
14077,14078,6,5,34,14,2016,6,12,5,3,3,3,0,0,0,1,0,0,0,0,4.84498E+20,5.62597E+21,8.7801E+15,5.07853E+16
14078,14079,6,6,35,19,2016,5,15,5,2,0,1,0,0,0,0,0,1,0,0,5.00191E+20,5.67297E+21,9.00274E+15,5.12082E+16
14079,14080,6,5,31,4,2016,5,13,3,3,8,1,0,0,0,1,0,0,0,0,4.8409E+20,5.59951E+21,8.77544E+15,5.05473E+16
14080,14081,6,4,38,11,2016,5,17,4,2,2,6,0,0,0,1,0,1,0,0,4.92186E+20,5.54613E+21,8.89082E+15,5.00674E+16
14081,14082,6,4,12,0,2016,5,7,4,2,2,6,0,0,0,1,0,0,0,1,4.73554E+20,5.5537E+21,8.62995E+15,5.01349E+16
14082,14083,6,4,12,0,2016,6,13,5,2,2,2,0,0,0,1,0,1,0,0,4.77159E+20,5.55053E+21,8.68058E+15,5.01065E+16
14083,14084,6,6,36,3,2016,5,15,2,3,2,6,0,0,0,1,0,0,0,0,5.69891E+20,5.67305E+21,1.00004E+16,5.12046E+16
14084,14085,6,4,36,7,2016,5,17,3,3,2,2,0,0,0,1,0,0,0,0,4.59737E+20,5.54691E+21,8.43733E+15,5.00731E+16
14085,14086,6,4,34,1,2016,6,17,5,3,2,6,0,0,0,1,0,0,0,0,4.71797E+20,5.56223E+21,8.60474E+15,5.02116E+16
14086,14087,6,5,32,16,2016,5,14,6,3,5,3,0,0,0,1,0,0,0,0,4.51182E+20,5.59817E+21,8.31117E+15,5.05334E+16
14087,14088,6,5,34,9,2016,5,15,3,2,9,7,0,0,0,1,0,0,0,0,4.80202E+20,5.61673E+21,8.71965E+15,5.0702E+16
14088,14089,6,4,12,0,2016,5,7,4,3,2,6,0,0,0,1,0,0,0,0,4.71769E+20,5.55653E+21,8.60477E+15,5.01603E+16
14089,14090,6,4,32,21,2016,5,16,1,2,8,1,0,0,0,1,0,0,0,0,4.99744E+20,5.5308E+21,8.99643E+15,4.99295E+16
14090,14091,6,6,31,9,2016,5,15,4,2,4,6,0,0,0,1,0,0,0,0,5.4546E+20,5.60263E+21,9.642E+15,5.05738E+16
14091,14092,6,6,31,18,2016,5,15,5,2,9,2,0,0,0,0,0,1,0,1,5.33637E+20,5.59133E+21,9.47402E+15,5.0473E+16
14092,14093,6,4,39,15,2016,6,10,4,3,5,3,0,1,0,1,0,0,0,0,4.40285E+20,5.55496E+21,8.16427E+15,5.01439E+16
14093,14094,6,4,12,0,2016,5,11,3,3,2,6,0,1,0,1,0,0,0,1,4.68743E+20,5.54975E+21,8.56296E+15,5.00991E+16
14094,14095,6,4,31,14,2016,5,13,2,3,8,1,0,1,0,1,0,0,0,0,4.77593E+20,5.50976E+21,8.68902E+15,4.97399E+16
14095,14096,6,4,12,0,2016,5,7,4,3,0,6,0,0,0,0,0,1,0,1,4.72813E+20,5.54451E+21,8.62024E+15,5.00523E+16
14096,14097,6,5,34,14,2016,5,22,5,3,5,2,2,0,0,1,0,0,0,0,4.82477E+20,5.62649E+21,8.7514E+15,5.07899E+16
14097,14098,6,6,36,3,2016,5,19,2,3,0,1,0,0,1,0,0,0,0,0,5.7394E+20,5.67057E+21,1.00579E+16,5.11817E+16
14098,14099,6,4,31,10,2016,5,15,7,3,2,6,0,0,0,1,0,0,0,0,4.62309E+20,5.50606E+21,8.47726E+15,4.97059E+16
14099,14100,6,4,12,0,2016,5,17,6,3,5,2,0,1,0,1,0,0,0,1,4.71831E+20,5.55882E+21,8.60546E+15,5.01809E+16
14100,14101,6,6,36,11,2016,5,7,1,3,8,1,0,0,0,1,0,0,0,0,5.62705E+20,5.6567E+21,9.89475E+15,5.10584E+16
14101,14102,6,4,38,1,2016,5,20,3,3,5,3,0,0,0,1,0,0,0,0,4.84786E+20,5.5421E+21,8.78757E+15,5.0031E+16
14102,14103,6,5,33,2,2016,5,22,1,3,2,6,2,1,0,1,0,0,0,0,4.41158E+20,5.57729E+21,8.17302E+15,5.03448E+16
14103,14104,6,5,35,13,2016,6,12,6,3,2,6,0,1,0,1,0,0,0,0,5.01687E+20,5.61317E+21,9.02388E+15,5.06704E+16
14104,14105,6,4,31,16,2016,5,16,1,3,3,6,0,0,0,1,0,0,0,0,4.67945E+20,5.50169E+21,8.55579E+15,4.96669E+16
14105,14106,6,4,14,0,2016,5,16,5,3,2,6,0,0,0,1,0,0,0,0,4.46827E+20,5.54697E+21,8.25693E+15,5.00726E+16
14106,14107,6,4,36,4,2016,5,9,3,3,2,6,0,0,0,1,0,0,0,0,4.59906E+20,5.54267E+21,8.44015E+15,5.0035E+16
14107,14108,6,4,39,9,2016,5,23,6,3,0,1,2,0,0,0,0,1,0,0,4.3473E+20,5.54343E+21,8.0885E+15,5.00395E+16
14108,14109,6,4,38,2,2016,5,15,5,3,5,3,0,0,1,1,0,0,0,0,4.78535E+20,5.53953E+21,8.70044E+15,5.00077E+16
14109,14110,6,4,31,18,2016,5,12,4,1,4,6,0,0,0,1,0,0,1,0,4.89431E+20,5.4718E+21,8.85434E+15,4.93988E+16
14110,14111,6,4,14,0,2016,5,13,6,3,0,2,0,0,0,0,0,1,0,0,4.50423E+20,5.54507E+21,8.30742E+15,5.00559E+16
14111,14112,6,4,39,10,2016,5,12,5,2,9,1,0,0,0,1,0,0,0,0,4.15281E+20,5.54343E+21,7.81696E+15,5.00372E+16
14112,14113,6,5,31,5,2016,5,21,4,3,8,6,2,0,0,1,0,0,0,0,4.78484E+20,5.60131E+21,8.69622E+15,5.05633E+16
14113,14114,6,4,14,0,2016,5,9,4,3,2,6,0,0,0,1,0,0,0,0,4.49014E+20,5.54546E+21,8.28769E+15,5.00592E+16
14114,14115,6,4,12,0,2016,5,6,5,2,8,1,0,1,0,1,0,0,0,0,4.78026E+20,5.55081E+21,8.69269E+15,5.01091E+16
14115,14116,6,4,35,20,2016,5,7,3,1,4,1,0,0,0,0,0,1,1,0,4.99867E+20,5.55892E+21,8.99813E+15,5.01825E+16
14116,14117,6,5,32,23,2016,6,15,5,3,2,6,0,1,0,1,0,0,0,0,4.64078E+20,5.59777E+21,8.49316E+15,5.05308E+16
14117,14118,6,4,14,0,2016,5,15,5,2,5,2,0,0,0,1,0,1,0,0,4.45663E+20,5.544E+21,8.24108E+15,5.00458E+16
14118,14119,6,4,32,8,2016,5,14,3,3,2,6,0,0,0,1,0,0,1,0,4.69445E+20,5.5248E+21,8.57475E+15,4.98748E+16
14119,14120,6,5,32,12,2016,5,7,4,2,3,6,0,0,0,1,0,0,1,1,4.49553E+20,5.61478E+21,8.28593E+15,5.06827E+16
14120,14121,6,4,31,16,2016,5,8,2,3,9,1,0,1,0,1,0,0,0,0,4.66931E+20,5.49993E+21,8.54188E+15,4.9651E+16
14121,14122,6,6,32,2,2016,5,13,4,3,2,6,0,0,0,1,0,0,0,0,5.4848E+20,5.63669E+21,9.68913E+15,5.08798E+16
14122,14123,6,6,31,12,2016,6,5,4,3,7,7,1,0,0,1,0,0,0,0,5.70537E+20,5.5999E+21,9.99557E+15,5.05467E+16
14123,14124,6,6,34,5,2016,5,18,3,3,5,3,0,0,0,1,0,0,0,1,5.21802E+20,5.66702E+21,9.31174E+15,5.11542E+16
14124,14125,6,5,32,11,2016,5,14,2,2,8,1,0,1,0,1,0,0,0,0,4.45901E+20,5.62178E+21,8.23322E+15,5.07453E+16
14125,14126,6,4,11,0,2016,5,14,2,3,5,3,0,0,0,1,0,0,0,0,4.74621E+20,5.52294E+21,8.64691E+15,4.98583E+16
14126,14127,6,4,36,12,2016,5,12,7,3,5,3,0,0,0,1,0,0,0,0,4.65768E+20,5.55278E+21,8.52109E+15,5.01263E+16
14127,14128,6,6,34,16,2016,5,14,6,3,8,1,0,1,0,1,0,0,0,0,5.14209E+20,5.64767E+21,9.2024E+15,5.09804E+16
14128,14129,6,4,40,12,2016,5,2,1,3,5,3,2,0,0,1,0,0,0,0,4.81883E+20,5.5648E+21,8.74597E+15,5.02351E+16
14129,14130,6,5,35,14,2016,5,16,7,2,3,6,0,0,0,1,0,1,0,0,5.1692E+20,5.61596E+21,9.23957E+15,5.06952E+16
14130,14131,6,5,31,14,2016,5,19,6,3,5,3,0,0,0,1,0,0,0,0,4.80789E+20,5.59554E+21,8.72905E+15,5.05115E+16
14131,14132,6,5,32,8,2016,5,12,7,3,5,3,0,0,1,1,0,0,0,0,4.53405E+20,5.60798E+21,8.34131E+15,5.06219E+16
14132,14133,6,5,31,5,2016,5,13,4,3,5,3,0,0,0,1,0,0,0,0,4.78436E+20,5.60181E+21,8.69551E+15,5.05679E+16
14133,14134,6,4,33,12,2016,5,4,5,2,8,1,1,0,0,1,0,0,0,0,4.62914E+20,5.53914E+21,8.48249E+15,5.00034E+16
14134,14135,6,5,32,10,2016,6,10,4,3,4,1,0,0,0,1,0,0,0,0,4.50329E+20,5.6036E+21,8.29841E+15,5.05822E+16
14135,14136,6,4,12,0,2016,5,15,3,3,9,1,0,1,0,0,0,1,0,0,4.78941E+20,5.55538E+21,8.70524E+15,5.01502E+16
14136,14137,6,6,31,2,2016,5,7,2,2,8,1,0,0,0,1,0,0,0,0,5.46433E+20,5.61833E+21,9.6577E+15,5.07149E+16
14137,14138,6,6,31,2,2016,5,8,5,3,2,6,0,0,0,1,0,0,0,1,5.51276E+20,5.6169E+21,9.72611E+15,5.07017E+16
14138,14139,6,4,12,0,2016,5,12,2,3,5,3,0,1,1,1,0,0,0,0,4.68377E+20,5.5501E+21,8.55782E+15,5.01023E+16
14139,14140,6,4,36,7,2016,5,22,7,2,8,1,2,0,1,0,0,0,0,0,4.59555E+20,5.54628E+21,8.43486E+15,5.00675E+16
14140,14141,6,4,32,6,2016,5,11,6,3,5,3,0,0,0,1,0,0,0,0,4.76314E+20,5.53295E+21,8.66985E+15,4.99484E+16
14141,14142,6,4,34,8,2016,5,13,1,3,8,7,0,0,0,0,0,1,0,0,4.63181E+20,5.56433E+21,8.48378E+15,5.023E+16
14142,14143,6,4,14,0,2016,6,13,6,2,2,6,0,1,0,1,0,0,0,1,4.54016E+20,5.54861E+21,8.35719E+15,5.0088E+16
14143,14144,6,4,14,0,2016,5,13,7,3,2,6,0,0,1,1,0,0,0,0,4.45749E+20,5.54465E+21,8.2422E+15,5.00516E+16
14144,14145,6,4,12,0,2016,5,17,5,3,5,3,0,0,0,1,0,0,0,0,4.75251E+20,5.55219E+21,8.65379E+15,5.01214E+16
14145,14146,6,4,40,8,2016,5,15,6,3,5,3,0,0,0,1,0,0,0,0,4.84132E+20,5.57739E+21,8.77698E+15,5.03484E+16
14146,14147,6,5,32,16,2016,5,9,5,2,4,1,0,1,0,1,0,0,0,0,4.54653E+20,5.60346E+21,8.35949E+15,5.05813E+16
14147,14148,6,4,11,0,2016,5,0,4,3,8,7,2,0,0,1,0,0,0,0,4.70924E+20,5.5217E+21,8.59557E+15,4.98471E+16
14148,14149,6,4,12,0,2016,5,23,6,3,3,6,2,1,1,1,0,0,0,0,4.80393E+20,5.54982E+21,8.72585E+15,5.01003E+16
14149,14150,6,5,31,12,2016,5,13,4,3,3,3,0,0,0,1,0,0,0,0,4.75001E+20,5.59854E+21,8.64722E+15,5.05383E+16
14150,14151,6,6,35,3,2016,5,10,4,3,1,7,0,0,0,1,0,0,1,0,5.05895E+20,5.66222E+21,9.08421E+15,5.11114E+16
14151,14152,6,4,39,5,2016,5,0,5,3,9,1,2,0,0,0,0,1,0,0,4.24464E+20,5.55129E+21,7.94361E+15,5.01091E+16
14152,14153,6,4,33,12,2016,5,18,1,3,9,1,0,0,0,1,0,0,0,0,4.58764E+20,5.5386E+21,8.42463E+15,4.99983E+16
14153,14154,6,4,13,0,2016,6,7,5,3,9,1,0,1,0,1,0,0,0,0,4.8136E+20,5.54594E+21,8.73956E+15,5.00654E+16
14154,14155,6,6,32,15,2016,5,8,2,3,2,2,0,1,0,1,0,0,0,0,5.42439E+20,5.62763E+21,9.60221E+15,5.07989E+16
14155,14156,6,4,35,14,2016,5,13,3,2,6,4,0,0,0,0,1,0,0,1,4.9586E+20,5.55456E+21,8.94206E+15,5.01432E+16
14156,14157,6,5,35,1,2016,5,18,3,2,8,1,0,1,0,1,0,0,0,0,5.20537E+20,5.62446E+21,9.29124E+15,5.07716E+16
14157,14158,6,6,31,6,2016,5,18,2,3,9,1,0,0,0,1,0,0,0,0,5.5281E+20,5.5879E+21,9.7437E+15,5.04408E+16
14158,14159,6,6,11,0,2016,5,17,6,3,5,3,0,0,0,1,0,1,0,0,5.332E+20,5.68207E+21,9.4761E+15,5.1289E+16
14159,14160,6,4,34,8,2016,6,14,4,3,8,1,0,1,0,1,0,0,0,0,4.71753E+20,5.56224E+21,8.60411E+15,5.02117E+16
14160,14161,6,4,39,15,2016,5,17,3,3,5,3,0,1,0,1,0,0,0,0,4.43987E+20,5.55521E+21,8.21603E+15,5.01465E+16
14161,14162,6,4,12,0,2016,5,18,1,3,5,2,0,0,0,1,0,0,0,1,4.687E+20,5.54978E+21,8.56235E+15,5.00995E+16
14162,14163,6,4,33,7,2016,5,18,6,3,2,6,0,1,0,1,0,0,1,0,4.65472E+20,5.54278E+21,8.51785E+15,5.00363E+16
14163,14164,6,4,32,12,2016,5,15,7,3,9,1,0,0,0,0,0,1,0,0,4.82133E+20,5.52846E+21,8.75117E+15,4.99083E+16
14164,14165,6,4,38,10,2016,5,10,7,3,2,6,0,0,0,1,0,0,0,0,4.88978E+20,5.5456E+21,8.846E+15,5.00625E+16
14165,14166,6,4,33,2,2016,5,16,6,3,2,7,0,0,0,1,0,0,0,0,4.54989E+20,5.5359E+21,8.37228E+15,4.99738E+16
14166,14167,6,4,40,24,2016,5,0,5,3,8,7,2,0,0,0,0,0,1,0,4.85844E+20,5.58674E+21,8.80068E+15,5.04325E+16
14167,14168,6,5,34,19,2016,5,16,7,3,5,3,0,0,0,1,0,0,0,0,4.62591E+20,5.63221E+21,8.4687E+15,5.08404E+16
14168,14169,6,6,32,2,2016,6,20,5,2,0,7,0,0,1,0,0,0,0,0,5.49648E+20,5.63602E+21,9.70564E+15,5.08737E+16
14169,14170,6,4,34,13,2016,5,22,7,3,4,6,2,0,0,1,0,0,0,0,4.58175E+20,5.57401E+21,8.41253E+15,5.03167E+16
14170,14171,6,6,11,0,2016,6,17,5,3,4,6,0,0,0,1,0,0,0,0,5.29028E+20,5.68554E+21,9.41655E+15,5.13205E+16
14171,14172,6,4,13,0,2016,5,7,3,3,3,6,0,0,0,1,0,0,1,0,4.80784E+20,5.55057E+21,8.73127E+15,5.0107E+16
14172,14173,6,4,38,7,2016,5,1,6,3,7,7,2,0,0,1,0,0,0,0,5.01506E+20,5.54033E+21,9.02102E+15,5.00153E+16
14173,14174,6,6,36,3,2016,5,15,3,3,6,3,0,0,0,1,1,0,0,0,5.72213E+20,5.67183E+21,1.00334E+16,5.11933E+16
14174,14175,6,4,40,16,2016,5,16,2,2,5,3,0,0,0,1,0,1,0,0,5.03969E+20,5.58962E+21,9.05592E+15,5.04586E+16
14175,14176,6,6,34,17,2016,5,17,1,2,4,1,0,1,0,1,0,0,0,0,5.20853E+20,5.63618E+21,9.2964E+15,5.08769E+16
14176,14177,6,4,37,4,2016,5,20,4,3,2,7,0,0,0,1,0,0,0,0,5.01623E+20,5.51812E+21,9.02256E+15,4.98155E+16
14177,14178,6,5,32,23,2016,6,13,6,3,9,1,0,1,0,1,0,0,0,0,4.64275E+20,5.60501E+21,8.49525E+15,5.05959E+16
14178,14179,6,4,12,0,2016,5,10,7,3,5,3,0,0,0,1,0,0,0,0,4.76435E+20,5.55331E+21,8.67028E+15,5.01316E+16
14179,14180,6,5,32,18,2016,5,15,6,3,3,6,0,0,0,1,0,1,0,0,4.66312E+20,5.59266E+21,8.52514E+15,5.04849E+16
14180,14181,6,5,31,12,2016,5,17,5,3,2,6,0,0,0,1,0,0,0,0,4.75181E+20,5.59875E+21,8.64975E+15,5.05402E+16
14181,14182,6,5,33,9,2016,5,14,3,3,2,6,0,0,0,1,0,0,0,0,4.33966E+20,5.5816E+21,8.07119E+15,5.03827E+16
14182,14183,6,6,35,4,2016,5,10,6,2,2,6,0,1,0,0,0,1,0,0,4.72239E+20,5.65363E+21,8.60408E+15,5.10336E+16
14183,14184,6,6,36,3,2016,5,9,3,3,2,6,0,0,0,1,0,0,0,0,5.72237E+20,5.66992E+21,1.00334E+16,5.11762E+16
14184,14185,6,5,33,8,2016,5,13,2,3,0,7,0,0,0,0,0,1,0,0,4.42942E+20,5.57591E+21,8.1983E+15,5.03326E+16
14185,14186,6,4,34,6,2016,5,7,4,2,3,2,0,0,1,0,0,0,0,1,4.66651E+20,5.55838E+21,8.53295E+15,5.01767E+16