FID,OBJECTID,ULAND,UREGBEZ,UKREIS,UGEMEINDE,UJAHR,UMONAT,USTUNDE,UWOCHENTAG,UKATEGORIE,UART,UTYP1,ULICHTVERH,IstStrasse,IstRad,IstPKW,IstFuss,IstKrad,IstGkfz,IstSonstig,LINREFX,LINREFY,XGCSWGS84,YGCSWGS84
14186,14187,6,5,33,12,2016,5,12,5,3,2,6,0,0,0,1,0,0,0,1,4.4263E+20,5.59443E+21,8.19108E+15,5.0499E+16
14187,14188,6,4,35,12,2016,5,0,1,3,2,6,2,0,0,1,0,0,0,0,5.08584E+20,5.56024E+21,9.12027E+15,5.01943E+16
14188,14189,6,5,31,5,2016,6,18,4,3,5,3,0,1,0,1,0,0,0,0,4.79987E+20,5.60426E+21,8.71727E+15,5.05899E+16
14189,14190,6,4,36,5,2016,5,0,4,3,3,6,2,0,0,1,0,0,1,0,4.62114E+20,5.54187E+21,8.47105E+15,5.00279E+16
14190,14191,6,4,12,0,2016,5,0,2,3,8,1,2,1,0,1,0,0,0,0,4.79671E+20,5.54973E+21,8.71576E+15,5.00995E+16
14191,14192,6,5,35,16,2016,5,20,3,3,9,1,0,1,0,1,0,0,0,0,5.04997E+20,5.59447E+21,9.07046E+15,5.05022E+16
14192,14193,6,6,31,11,2016,5,17,3,3,8,1,0,1,0,1,0,0,0,0,5.37254E+20,5.59902E+21,9.52576E+15,5.05419E+16
14193,14194,6,4,40,24,2016,5,19,2,2,9,1,0,0,0,1,0,0,1,0,4.86811E+20,5.58521E+21,8.81436E+15,5.04187E+16
14194,14195,6,4,40,12,2016,5,7,6,2,4,6,0,0,0,1,0,0,0,0,4.86994E+20,5.56139E+21,8.81775E+15,5.02045E+16
14195,14196,6,6,34,4,2016,5,9,3,3,2,6,0,0,0,1,0,1,0,0,5.22738E+20,5.64919E+21,9.324E+15,5.09938E+16
14196,14197,6,5,33,11,2016,5,15,3,3,9,1,0,1,0,1,0,0,0,0,4.40785E+20,5.60304E+21,8.16371E+15,5.05762E+16
14197,14198,6,4,36,2,2016,5,4,1,3,4,1,2,0,0,1,0,0,0,0,4.57311E+20,5.55346E+21,8.40271E+15,5.01318E+16
14198,14199,6,4,32,18,2016,5,12,6,3,2,6,0,0,0,1,0,0,0,0,4.6884E+20,5.51599E+21,8.56704E+15,4.97956E+16
14199,14200,6,4,31,14,2016,5,2,1,3,8,1,2,0,0,1,0,0,0,0,4.81965E+20,5.50596E+21,8.74988E+15,4.97059E+16
14200,14201,6,4,34,11,2016,5,14,7,2,2,6,0,1,0,1,0,1,0,0,4.65237E+20,5.57821E+21,8.51132E+15,5.0355E+16
14201,14202,6,4,33,12,2016,5,0,7,3,3,6,2,0,0,1,0,0,0,0,4.62177E+20,5.5383E+21,8.47228E+15,4.99958E+16
14202,14203,6,6,32,12,2016,5,17,5,2,2,6,0,0,0,1,0,0,0,0,5.51608E+20,5.63809E+21,9.73378E+15,5.08921E+16
14203,14204,6,4,12,0,2016,5,7,4,3,3,2,0,0,0,1,0,1,0,0,4.73992E+20,5.54851E+21,8.63643E+15,5.00883E+16
14204,14205,6,4,31,14,2016,5,15,7,3,1,2,0,0,0,1,0,0,0,0,4.7844E+20,5.50659E+21,8.70095E+15,4.97114E+16
14205,14206,6,6,11,0,2016,5,7,3,3,2,6,0,0,0,1,0,0,0,0,5.36057E+20,5.6837E+21,9.51724E+15,5.13034E+16
14206,14207,6,4,12,0,2016,6,13,5,3,5,3,0,0,1,1,0,0,0,0,4.67081E+20,5.54991E+21,8.5397E+15,5.01006E+16
14207,14208,6,5,31,3,2016,5,10,2,3,8,6,0,0,0,1,0,0,0,1,4.85953E+20,5.60277E+21,8.80162E+15,5.05767E+16
14208,14209,6,4,37,11,2016,5,7,3,2,5,3,0,0,0,1,0,0,0,0,5.06269E+20,5.50691E+21,9.08696E+15,4.97147E+16
14209,14210,6,4,39,13,2016,6,14,5,2,8,1,0,0,0,1,0,0,0,0,4.2412E+20,5.53711E+21,7.94162E+15,4.99815E+16
14210,14211,6,6,31,10,2016,5,19,6,2,9,1,0,0,0,1,0,0,0,0,5.58449E+20,5.58589E+21,9.8228E+15,5.04221E+16
14211,14212,6,4,32,10,2016,5,15,3,3,2,6,0,0,0,1,0,0,0,0,4.91042E+20,5.52613E+21,8.87529E+15,4.98875E+16
14212,14213,6,6,11,0,2016,5,7,3,3,6,4,0,0,0,0,1,0,0,1,5.34477E+20,5.68709E+21,9.4949E+15,5.13341E+16
14213,14214,6,6,31,9,2016,5,14,2,2,6,4,0,0,0,1,1,0,0,0,5.49052E+20,5.59924E+21,9.69227E+15,5.05431E+16
14214,14215,6,4,36,8,2016,5,17,1,3,5,2,0,0,0,1,0,0,0,0,4.61906E+20,5.55268E+21,8.46707E+15,5.01252E+16
14215,14216,6,5,34,14,2016,5,16,4,3,2,6,0,0,0,1,0,0,0,0,4.83593E+20,5.62625E+21,8.76724E+15,5.07877E+16
14216,14217,6,4,31,18,2016,5,12,5,2,8,1,0,0,1,0,0,0,0,0,4.89957E+20,5.4723E+21,8.86157E+15,4.94033E+16
14217,14218,6,6,34,14,2016,5,13,7,3,5,3,0,0,0,1,0,0,0,0,5.38324E+20,5.6672E+21,9.548E+15,5.1155E+16
14218,14219,6,5,35,5,2016,5,11,4,3,2,6,0,0,0,1,0,0,0,0,5.02501E+20,5.61463E+21,9.0354E+15,5.06835E+16
14219,14220,6,6,11,0,2016,6,19,4,3,4,1,0,1,0,1,0,0,0,0,5.31616E+20,5.68163E+21,9.45335E+15,5.12852E+16
14220,14221,6,6,11,0,2016,5,13,3,3,5,3,0,1,0,1,0,0,0,0,5.35892E+20,5.68603E+21,9.5151E+15,5.13244E+16
14221,14222,6,5,34,7,2016,5,1,2,2,9,7,2,1,0,1,0,0,0,0,4.70332E+20,5.63478E+21,8.57843E+15,5.08639E+16
14222,14223,6,4,14,0,2016,5,9,3,2,3,7,0,0,0,1,0,0,0,1,4.44235E+20,5.54623E+21,8.22083E+15,5.00657E+16
14223,14224,6,6,31,9,2016,5,9,5,3,5,3,0,0,0,1,0,1,0,0,5.47934E+20,5.59794E+21,9.67633E+15,5.05314E+16
14224,14225,6,4,36,6,2016,5,15,3,3,9,7,0,1,0,1,0,0,0,0,4.52755E+20,5.54014E+21,8.34061E+15,5.00117E+16
14225,14226,6,4,36,7,2016,5,16,7,3,2,2,0,1,0,1,0,0,0,0,4.59076E+20,5.5511E+21,8.42765E+15,5.01107E+16
14226,14227,6,4,14,0,2016,5,6,6,3,1,5,0,0,0,0,0,1,0,1,4.49621E+20,5.53971E+21,8.29692E+15,5.00076E+16
14227,14228,6,4,37,5,2016,5,14,1,3,8,1,0,0,0,0,0,1,0,0,4.9412E+20,5.51021E+21,8.91838E+15,4.97443E+16
14228,14229,6,5,32,15,2016,5,11,6,3,2,6,0,0,0,1,0,0,0,0,4.70068E+20,5.60195E+21,8.57734E+15,5.05687E+16
14229,14230,6,6,33,4,2016,5,16,3,3,0,5,0,0,1,1,0,0,0,0,5.12467E+20,5.69613E+21,9.17929E+15,5.14162E+16
14230,14231,6,6,32,15,2016,5,3,1,2,8,7,2,0,0,1,0,0,0,0,5.38729E+20,5.62647E+21,9.54944E+15,5.07886E+16
14231,14232,6,5,35,13,2016,6,12,6,3,2,6,0,1,0,1,0,0,0,0,5.01726E+20,5.61326E+21,9.02442E+15,5.06712E+16
14232,14233,6,4,37,3,2016,5,14,5,2,4,6,0,0,0,0,0,1,0,1,4.93583E+20,5.5111E+21,8.91092E+15,4.97524E+16
14233,14234,6,6,11,0,2016,5,2,7,3,5,3,2,0,0,1,0,0,0,1,5.3547E+20,5.68483E+21,9.50893E+15,5.13137E+16
14234,14235,6,4,37,13,2016,6,15,4,2,5,2,0,1,0,1,0,0,0,0,4.86109E+20,5.50333E+21,8.80743E+15,4.96823E+16
14235,14236,6,4,40,18,2016,5,13,4,3,2,6,0,0,0,1,0,0,0,0,4.79069E+20,5.58075E+21,8.70562E+15,5.03784E+16
14236,14237,6,4,36,7,2016,5,15,2,3,2,6,0,1,0,1,0,0,0,0,4.5974E+20,5.54713E+21,8.43736E+15,5.00751E+16
14237,14238,6,4,13,0,2016,5,10,3,2,0,7,0,0,0,1,0,1,0,1,4.82523E+20,5.55024E+21,8.75561E+15,5.01041E+16
14238,14239,6,4,12,0,2016,5,8,3,3,2,6,0,1,0,1,0,0,1,0,4.79097E+20,5.54563E+21,8.70796E+15,5.00626E+16
14239,14240,6,5,35,15,2016,5,14,6,2,4,6,0,0,0,1,0,0,0,0,5.3959E+20,5.61387E+21,9.56031E+15,5.06753E+16
14240,14241,6,5,33,6,2016,5,18,1,3,2,6,0,0,0,1,0,0,0,0,4.31531E+20,5.58433E+21,8.03646E+15,5.0407E+16
14241,14242,6,5,34,14,2016,5,16,6,3,0,7,0,1,0,0,0,1,0,1,4.78434E+20,5.62754E+21,8.69398E+15,5.07992E+16
14242,14243,6,4,14,0,2016,5,6,3,3,2,1,0,0,0,1,0,1,0,0,4.46767E+20,5.54433E+21,8.25646E+15,5.00489E+16
14243,14244,6,4,31,15,2016,5,20,1,3,8,1,0,0,0,1,0,0,0,0,4.82993E+20,5.50561E+21,8.76414E+15,4.97027E+16
14244,14245,6,6,31,20,2016,6,10,6,2,3,1,0,1,0,1,0,0,1,0,5.51816E+20,5.60042E+21,9.73145E+15,5.05534E+16
14245,14246,6,6,35,15,2016,5,7,5,3,2,6,0,0,0,1,0,0,0,1,4.95792E+20,5.67823E+21,8.93971E+15,5.12554E+16
14246,14247,6,5,34,8,2016,5,20,1,3,8,1,1,1,0,1,0,0,0,0,4.8635E+20,5.62401E+21,8.80644E+15,5.07677E+16
14247,14248,6,5,33,9,2016,5,19,6,3,6,4,0,0,0,1,1,0,0,0,4.3518E+20,5.58004E+21,8.08854E+15,5.03689E+16
14248,14249,6,4,12,0,2016,5,14,5,2,6,4,0,0,0,1,1,0,0,0,4.7289E+20,5.55681E+21,8.62043E+15,5.01629E+16
14249,14250,6,5,33,1,2016,5,14,4,3,5,2,0,0,0,1,0,0,0,0,4.37184E+20,5.59039E+21,8.11499E+15,5.04622E+16
14250,14251,6,4,35,17,2016,5,0,7,3,9,1,2,1,0,1,0,0,0,0,5.03845E+20,5.55823E+21,9.05384E+15,5.01763E+16
14251,14252,6,4,13,0,2016,5,12,3,3,2,6,0,0,0,1,0,0,0,0,4.8136E+20,5.55055E+21,8.73933E+15,5.01069E+16
14252,14253,6,6,11,0,2016,6,16,5,3,5,3,0,0,1,1,0,0,0,0,5.3483E+20,5.68569E+21,9.49984E+15,5.13215E+16
14253,14254,6,4,37,1,2016,5,18,2,3,5,3,0,0,0,1,0,1,0,0,5.01053E+20,5.51005E+21,9.01462E+15,4.97429E+16
14254,14255,6,4,32,8,2016,5,15,3,3,5,2,0,0,1,1,0,0,0,0,4.70634E+20,5.52365E+21,8.59139E+15,4.98646E+16
14255,14256,6,4,32,13,2016,6,14,5,2,4,6,0,0,0,1,0,0,0,0,4.80335E+20,5.5125E+21,8.72693E+15,4.97646E+16
14256,14257,6,4,33,7,2016,5,5,6,2,2,1,1,1,0,1,0,0,1,0,4.68701E+20,5.54441E+21,8.56281E+15,5.00511E+16
14257,14258,6,6,31,9,2016,5,13,3,3,2,6,0,0,0,1,0,0,0,0,5.4803E+20,5.59769E+21,9.67766E+15,5.05292E+16
14258,14259,6,4,12,0,2016,5,22,3,3,5,3,2,0,0,1,0,0,0,0,4.76995E+20,5.55738E+21,8.67787E+15,5.01681E+16
14259,14260,6,6,31,9,2016,5,14,4,3,5,2,0,0,1,0,0,0,0,1,5.48898E+20,5.60192E+21,9.69045E+15,5.05671E+16
14260,14261,6,4,35,20,2016,5,16,5,3,9,7,0,0,0,1,0,0,0,0,5.00197E+20,5.56112E+21,9.00276E+15,5.02022E+16
14261,14262,6,4,34,1,2016,6,9,4,3,2,6,0,1,0,1,0,0,0,0,4.708E+20,5.56655E+21,8.59043E+15,5.02504E+16
14262,14263,6,4,12,0,2016,5,7,3,3,5,2,0,1,0,1,0,0,0,0,4.73142E+20,5.54738E+21,8.62464E+15,5.0078E+16
14263,14264,6,4,33,11,2016,5,1,2,3,8,1,2,1,0,0,0,0,1,0,4.60785E+20,5.52366E+21,8.45435E+15,4.9864E+16
14264,14265,6,4,12,0,2016,5,8,3,3,5,3,0,0,0,1,0,1,0,0,4.73163E+20,5.55447E+21,8.62442E+15,5.01419E+16
14265,14266,6,4,12,0,2016,5,7,5,3,6,4,0,0,0,1,1,0,0,0,4.81507E+20,5.55354E+21,8.74124E+15,5.01338E+16
14266,14267,6,4,14,0,2016,5,17,2,3,2,6,0,0,0,1,0,0,0,0,4.43247E+20,5.54646E+21,8.20699E+15,5.00677E+16
14267,14268,6,6,31,13,2016,5,18,7,3,8,1,0,0,0,0,0,1,0,0,5.58727E+20,5.60207E+21,9.82926E+15,5.05676E+16
14268,14269,6,4,12,0,2016,5,18,6,3,2,6,0,1,0,1,0,0,1,0,4.76503E+20,5.54868E+21,8.67152E+15,5.00899E+16
14269,14270,6,4,39,2,2016,5,14,1,3,2,6,0,0,0,1,0,0,0,1,4.34884E+20,5.55485E+21,8.08871E+15,5.01423E+16
14270,14271,6,4,40,18,2016,5,20,1,3,7,7,0,0,0,1,0,0,0,1,4.78146E+20,5.57785E+21,8.69281E+15,5.03523E+16
14271,14272,6,4,12,0,2016,6,22,6,3,2,6,2,0,0,1,0,0,0,0,4.74903E+20,5.55856E+21,8.64851E+15,5.01788E+16
14272,14273,6,5,33,3,2016,5,15,7,2,8,7,0,0,0,1,0,1,0,0,4.4787E+20,5.57192E+21,8.26809E+15,5.02971E+16
14273,14274,6,4,14,0,2016,5,9,5,3,0,2,0,0,1,0,0,0,0,1,4.44843E+20,5.54695E+21,8.22921E+15,5.00722E+16
14274,14275,6,4,39,11,2016,5,5,3,3,8,7,1,0,0,1,0,0,0,0,4.48551E+20,5.55836E+21,8.27949E+15,5.01752E+16
14275,14276,6,4,40,11,2016,5,0,6,3,5,3,2,0,0,1,0,0,0,0,5.09345E+20,5.58471E+21,9.13153E+15,5.04144E+16
14276,14277,6,4,35,12,2016,5,8,5,3,5,2,0,1,0,1,0,0,0,0,5.07176E+20,5.56249E+21,9.10058E+15,5.02145E+16
14277,14278,6,4,12,0,2016,5,9,4,3,6,4,0,0,0,1,1,0,0,0,4.81515E+20,5.55356E+21,8.74136E+15,5.0134E+16
14278,14279,6,4,14,0,2016,5,17,6,2,3,6,0,0,0,1,0,1,0,0,4.44925E+20,5.54744E+21,8.23029E+15,5.00767E+16
14279,14280,6,4,38,8,2016,5,9,5,3,6,4,0,1,1,0,1,0,0,0,4.8869E+20,5.55248E+21,8.84177E+15,5.01244E+16
14280,14281,6,4,12,0,2016,5,13,3,2,5,3,0,0,1,1,0,0,0,0,4.73108E+20,5.55566E+21,8.62358E+15,5.01526E+16
14281,14282,6,4,12,0,2016,5,18,4,2,5,3,0,0,0,1,0,1,0,0,4.71904E+20,5.54984E+21,8.60715E+15,5.01002E+16
14282,14283,6,6,35,9,2016,5,18,5,2,0,1,0,0,0,0,0,1,0,0,5.02087E+20,5.67193E+21,9.02988E+15,5.11988E+16
14283,14284,6,4,38,13,2016,5,7,1,3,8,7,0,0,0,1,0,0,0,0,4.97811E+20,5.54005E+21,8.96945E+15,5.00127E+16
14284,14285,6,5,32,8,2016,5,17,3,2,2,6,0,0,0,1,0,1,1,1,4.55041E+20,5.6079E+21,8.36443E+15,5.06213E+16
14285,14286,6,6,34,8,2016,5,13,6,3,0,7,0,0,1,1,0,0,0,0,5.33732E+20,5.67309E+21,9.48288E+15,5.12082E+16
14286,14287,6,6,33,10,2016,5,17,5,2,1,5,0,0,0,1,0,1,0,0,5.29092E+20,5.69961E+21,9.41862E+15,5.1447E+16
14287,14288,6,5,32,9,2016,5,21,4,2,2,6,2,0,0,1,0,1,0,0,4.54855E+20,5.62839E+21,8.35931E+15,5.08055E+16
14288,14289,6,5,33,8,2016,5,18,6,2,4,1,0,1,0,1,0,0,0,1,4.41235E+20,5.57267E+21,8.17482E+15,5.03032E+16
14289,14290,6,4,11,0,2016,5,16,5,3,2,6,0,0,0,1,0,0,0,0,4.73029E+20,5.52232E+21,8.62481E+15,4.98527E+16
14290,14291,6,4,12,0,2016,5,12,3,3,2,6,0,0,0,1,0,1,0,0,4.75381E+20,5.54735E+21,8.65592E+15,5.00779E+16
14291,14292,6,4,35,14,2016,5,12,3,2,5,3,0,0,0,1,0,0,0,0,4.93804E+20,5.55396E+21,8.9133E+15,5.01378E+16
14292,14293,6,5,34,20,2016,6,18,5,3,9,1,0,1,0,1,0,0,0,0,4.76752E+20,5.62321E+21,8.67038E+15,5.07602E+16
14293,14294,6,5,33,14,2016,5,14,5,3,0,7,0,0,0,0,0,1,0,0,4.48715E+20,5.5805E+21,8.27877E+15,5.03744E+16
14294,14295,6,4,39,11,2016,5,7,3,3,2,6,0,0,0,1,0,0,0,0,4.48718E+20,5.55826E+21,8.28184E+15,5.01743E+16
14295,14296,6,4,12,0,2016,5,11,3,3,5,3,0,0,1,1,0,0,0,0,4.76183E+20,5.55034E+21,8.66695E+15,5.01049E+16
14296,14297,6,4,35,28,2016,5,14,4,3,8,1,0,0,0,1,0,0,0,0,5.34213E+20,5.57558E+21,9.4807E+15,5.03314E+16
14297,14298,6,4,40,23,2016,5,5,5,3,9,7,1,0,0,1,0,0,0,0,4.76632E+20,5.57118E+21,8.67194E+15,5.02923E+16
14298,14299,6,5,34,11,2016,6,14,4,2,4,6,0,1,0,1,0,0,0,0,4.91161E+20,5.62873E+21,8.87454E+15,5.08102E+16
14299,14300,6,4,11,0,2016,5,8,3,2,3,2,0,1,1,1,0,0,0,0,4.72738E+20,5.52409E+21,8.62063E+15,4.98686E+16
14300,14301,6,4,13,0,2016,5,7,2,3,2,6,0,1,0,1,0,0,0,0,4.80509E+20,5.54571E+21,8.72768E+15,5.00633E+16
14301,14302,6,5,32,23,2016,5,21,5,3,8,1,2,0,0,1,0,0,0,0,4.64035E+20,5.60254E+21,8.49209E+15,5.05737E+16
14302,14303,6,4,12,0,2016,5,8,2,3,2,6,0,1,0,1,0,0,0,0,4.67117E+20,5.5498E+21,8.54022E+15,5.00996E+16
14303,14304,6,4,14,0,2016,5,18,7,3,3,7,0,1,0,1,0,0,0,0,4.49912E+20,5.53972E+21,8.30099E+15,5.00077E+16
14304,14305,6,6,32,15,2016,5,12,7,3,2,6,0,0,0,1,0,0,0,0,5.38632E+20,5.62959E+21,9.54839E+15,5.08168E+16
14305,14306,6,4,37,1,2016,5,21,6,2,0,1,2,1,0,0,0,1,0,0,4.97358E+20,5.51093E+21,8.96333E+15,4.97508E+16
14306,14307,6,4,31,11,2016,5,16,1,3,2,6,0,0,0,1,0,1,0,0,4.74127E+20,5.49822E+21,8.64168E+15,4.9636E+16
14307,14308,6,5,34,10,2016,5,10,7,2,8,1,0,0,0,0,0,1,0,0,4.66419E+20,5.62647E+21,8.52358E+15,5.0789E+16
14308,14309,6,5,35,13,2016,6,11,6,2,9,7,0,1,0,1,0,0,0,0,4.9875E+20,5.61005E+21,8.98232E+15,5.06423E+16
14309,14310,6,4,12,0,2016,5,14,7,2,3,2,0,0,0,1,0,0,0,1,4.74334E+20,5.5521E+21,8.64097E+15,5.01206E+16
14310,14311,6,4,33,3,2016,5,5,6,3,3,6,1,0,0,1,0,0,1,0,4.66004E+20,5.52624E+21,8.52674E+15,4.98876E+16
14311,14312,6,4,32,21,2016,5,7,5,3,5,3,0,0,1,1,0,0,0,0,5.00363E+20,5.53021E+21,9.00505E+15,4.99243E+16
14312,14313,6,6,32,6,2016,5,15,3,2,4,6,0,0,0,1,0,0,0,0,5.59522E+20,5.63666E+21,9.84606E+15,5.08785E+16
14313,14314,6,6,36,16,2016,5,16,6,3,5,2,0,0,0,1,0,0,0,0,5.59452E+20,5.68811E+21,9.85354E+15,5.13411E+16
14314,14315,6,4,12,0,2016,5,16,3,3,5,3,0,0,0,1,0,0,0,1,4.7741E+20,5.55332E+21,8.68393E+15,5.01317E+16
14315,14316,6,6,34,7,2016,5,9,2,3,9,1,0,1,0,1,0,0,0,0,5.27792E+20,5.67151E+21,9.39773E+15,5.11943E+16
14316,14317,6,6,11,0,2016,5,16,4,3,5,3,0,0,0,1,0,1,0,0,5.33154E+20,5.6825E+21,9.47548E+15,5.12929E+16
14317,14318,6,4,39,12,2016,5,14,5,2,5,3,0,0,1,0,0,0,0,0,4.2853E+20,5.53872E+21,8.00281E+15,4.99965E+16
14318,14319,6,5,32,23,2016,5,4,1,3,9,7,2,0,0,1,0,1,0,1,4.64812E+20,5.59923E+21,8.50339E+15,5.0544E+16
14319,14320,6,5,31,3,2016,6,18,5,3,8,1,0,1,0,1,0,0,0,0,4.85058E+20,5.60867E+21,8.78874E+15,5.06297E+16
14320,14321,6,4,14,0,2016,5,13,2,3,2,6,0,1,0,1,0,0,0,0,4.53643E+20,5.54778E+21,8.35208E+15,5.00805E+16
14321,14322,6,4,37,11,2016,5,8,3,3,2,6,0,0,0,1,0,0,0,0,5.00013E+20,5.50282E+21,9.00018E+15,4.96779E+16
14322,14323,6,5,34,6,2016,5,10,3,3,9,1,0,1,0,1,0,0,0,0,4.85678E+20,5.63375E+21,8.79652E+15,5.08552E+16
14323,14324,6,5,33,9,2016,5,18,2,2,2,6,0,0,0,1,0,0,1,0,4.42056E+20,5.57652E+21,8.18576E+15,5.03379E+16
14324,14325,6,4,39,4,2016,5,14,6,3,4,6,0,1,0,1,0,0,0,0,4.26917E+20,5.53788E+21,7.98047E+15,4.99888E+16
14325,14326,6,4,40,8,2016,6,8,4,3,2,6,0,1,0,1,0,0,0,0,4.78193E+20,5.57487E+21,8.69364E+15,5.03255E+16
14326,14327,6,4,38,6,2016,5,10,3,3,0,3,0,1,0,1,0,0,0,0,4.76992E+20,5.53814E+21,8.679E+15,4.99951E+16
14327,14328,6,4,35,14,2016,5,18,1,3,6,4,0,0,0,1,1,0,0,0,4.92721E+20,5.55297E+21,8.89816E+15,5.01289E+16
14328,14329,6,4,14,0,2016,5,16,6,2,2,6,0,1,0,1,0,0,0,0,4.49553E+20,5.54426E+21,8.29537E+15,5.00485E+16
14329,14330,6,4,31,13,2016,5,12,1,3,0,7,0,0,0,1,0,1,0,0,4.55847E+20,5.49805E+21,8.38854E+15,4.96334E+16
14330,14331,6,6,33,8,2016,5,16,3,3,3,6,0,0,0,1,0,0,1,0,5.36039E+20,5.67954E+21,9.51656E+15,5.1266E+16
14331,14332,6,4,38,4,2016,6,8,5,3,3,6,0,1,0,1,0,0,1,0,4.94085E+20,5.54449E+21,8.91737E+15,5.00527E+16
14332,14333,6,6,32,2,2016,5,10,2,3,2,6,0,1,0,1,0,0,1,0,5.48466E+20,5.63669E+21,9.68892E+15,5.08799E+16
14333,14334,6,4,11,0,2016,5,10,3,3,2,6,0,0,0,1,0,0,0,0,4.74634E+20,5.52316E+21,8.64708E+15,4.98603E+16
14334,14335,6,4,40,25,2016,5,16,3,3,5,3,0,0,0,1,0,0,0,0,4.82262E+20,5.57176E+21,8.75095E+15,5.02977E+16
14335,14336,6,5,34,17,2016,5,8,2,3,1,5,0,0,0,1,0,0,0,0,4.94274E+20,5.63665E+21,8.91861E+15,5.08815E+16
14336,14337,6,5,35,11,2016,5,12,4,3,2,6,0,0,0,1,0,1,0,0,5.27627E+20,5.60513E+21,9.39035E+15,5.05974E+16
14337,14338,6,6,31,9,2016,6,16,4,3,2,6,0,0,0,1,0,0,0,1,5.44929E+20,5.5999E+21,9.63417E+15,5.05493E+16
14338,14339,6,6,34,7,2016,5,15,3,3,8,1,0,1,0,1,0,0,0,0,5.25932E+20,5.67118E+21,9.37109E+15,5.11914E+16
14339,14340,6,6,34,9,2016,5,18,1,3,5,2,0,0,0,1,0,0,0,0,5.27433E+20,5.65518E+21,9.39136E+15,5.10475E+16
14340,14341,6,4,35,10,2016,5,17,6,2,8,1,0,1,0,1,0,0,0,0,5.16395E+20,5.56174E+21,9.22976E+15,5.02076E+16
14341,14342,6,5,32,23,2016,5,17,5,3,2,6,0,0,0,1,0,0,0,0,4.63829E+20,5.603E+21,8.48914E+15,5.05778E+16
14342,14343,6,6,35,8,2016,5,14,2,2,8,1,0,0,0,0,0,0,1,0,5.00506E+20,5.70442E+21,9.00729E+15,5.14909E+16
14343,14344,6,4,12,0,2016,5,9,7,3,0,6,0,0,0,1,0,0,0,0,4.75443E+20,5.54774E+21,8.65676E+15,5.00814E+16
14344,14345,6,5,32,12,2016,5,15,1,2,5,7,0,0,0,1,0,1,0,0,4.48002E+20,5.61639E+21,8.26375E+15,5.0697E+16
14345,14346,6,5,32,23,2016,5,10,7,3,5,3,0,0,0,1,0,0,0,0,4.6381E+20,5.60304E+21,8.48887E+15,5.05782E+16
14346,14347,6,4,12,0,2016,5,15,6,3,2,6,0,0,0,1,0,0,0,0,4.72103E+20,5.55335E+21,8.60967E+15,5.01317E+16
14347,14348,6,4,38,12,2016,5,16,7,3,5,3,0,1,0,1,0,1,0,0,4.88318E+20,5.53385E+21,8.83714E+15,4.99569E+16
14348,14349,6,5,31,17,2016,6,19,5,3,5,3,0,1,0,1,0,0,0,0,4.807E+20,5.61212E+21,8.72693E+15,5.06606E+16
14349,14350,6,6,36,9,2016,5,5,7,2,9,1,0,0,0,0,0,0,1,0,5.62787E+20,5.69518E+21,9.90266E+15,5.14043E+16
14350,14351,6,4,12,0,2016,5,17,5,3,2,6,0,0,0,1,0,0,0,0,4.66202E+20,5.55131E+21,8.52729E+15,5.01131E+16
14351,14352,6,6,11,0,2016,5,20,3,3,2,6,1,0,0,1,0,0,0,1,5.3803E+20,5.6828E+21,9.54545E+15,5.12953E+16
14352,14353,6,4,39,2,2016,5,15,6,2,4,1,0,0,0,0,0,1,0,0,4.23668E+20,5.55119E+21,7.9325E+15,5.0108E+16
14353,14354,6,6,34,26,2016,5,19,3,3,4,6,0,0,0,1,0,0,0,0,5.16709E+20,5.63727E+21,9.23755E+15,5.08869E+16
14354,14355,6,4,12,0,2016,5,12,1,3,5,3,0,0,0,1,0,0,0,0,4.76454E+20,5.54955E+21,8.67078E+15,5.00977E+16
14355,14356,6,4,36,7,2016,5,17,4,3,5,2,0,0,0,1,0,1,0,0,4.60392E+20,5.54814E+21,8.44637E+15,5.00842E+16
14356,14357,6,4,36,9,2016,5,14,5,3,0,1,0,0,0,0,0,1,0,0,4.62596E+20,5.54863E+21,8.47712E+15,5.00888E+16
14357,14358,6,4,12,0,2016,5,22,1,3,2,6,2,0,0,1,0,0,0,0,4.65097E+20,5.54695E+21,8.51224E+15,5.00738E+16
14358,14359,6,5,33,9,2016,6,8,4,3,0,1,0,1,0,0,0,1,0,0,4.32429E+20,5.5826E+21,8.0494E+15,5.03916E+16
14359,14360,6,4,33,12,2016,5,17,4,3,2,6,0,0,0,1,0,0,0,0,4.62175E+20,5.53827E+21,8.47226E+15,4.99956E+16
14360,14361,6,4,38,13,2016,5,13,2,3,2,6,0,0,0,1,0,0,0,0,4.97549E+20,5.54324E+21,8.96577E+15,5.00414E+16
14361,14362,6,6,35,2,2016,5,13,3,2,4,1,0,0,0,0,0,1,0,1,5.01518E+20,5.70176E+21,9.02185E+15,5.1467E+16
14362,14363,6,5,32,22,2016,5,14,3,3,8,1,0,1,0,1,0,0,0,0,4.59502E+20,5.58934E+21,8.42951E+15,5.04547E+16
14363,14364,6,6,35,15,2016,5,15,1,3,9,1,0,0,0,0,0,1,0,0,4.89789E+20,5.6851E+21,8.85347E+15,5.13171E+16
14364,14365,6,4,38,12,2016,5,20,6,3,6,4,0,1,0,1,1,0,0,0,4.85778E+20,5.53592E+21,8.80165E+15,4.99755E+16
14365,14366,6,5,33,3,2016,5,8,3,3,6,4,0,0,0,1,1,0,0,0,4.47078E+20,5.57184E+21,8.25698E+15,5.02963E+16
14366,14367,6,4,35,29,2016,5,10,3,3,2,6,0,1,0,1,0,0,0,0,5.21515E+20,5.5668E+21,9.3018E+15,5.02529E+16