FID,OBJECTID,ULAND,UREGBEZ,UKREIS,UGEMEINDE,UJAHR,UMONAT,USTUNDE,UWOCHENTAG,UKATEGORIE,UART,UTYP1,ULICHTVERH,IstStrasse,IstRad,IstPKW,IstFuss,IstKrad,IstGkfz,IstSonstig,LINREFX,LINREFY,XGCSWGS84,YGCSWGS84
14367,14368,6,4,35,29,2016,5,22,1,2,8,1,2,1,0,1,0,0,0,0,5.2139E+20,5.56634E+21,9.30002E+15,5.02488E+16
14368,14369,6,4,32,18,2016,5,20,6,3,9,1,2,1,0,1,0,0,0,0,4.72328E+20,5.514E+21,8.61565E+15,4.97779E+16
14369,14370,6,4,33,3,2016,5,12,1,2,4,6,0,0,1,0,0,0,0,0,4.66153E+20,5.52971E+21,8.52851E+15,4.99188E+16
14370,14371,6,4,34,11,2016,5,14,7,1,4,1,0,1,0,1,0,1,0,0,4.64478E+20,5.57896E+21,8.50059E+15,5.03616E+16
14371,14372,6,4,35,6,2016,5,11,6,3,6,4,0,0,0,1,1,0,0,0,4.94237E+20,5.55851E+21,8.91928E+15,5.01787E+16
14372,14373,6,5,33,9,2016,5,0,5,3,8,1,2,1,0,1,0,0,0,0,4.32413E+20,5.58346E+21,8.04903E+15,5.03993E+16
14373,14374,6,4,12,0,2016,5,19,4,3,1,5,0,0,1,1,0,0,0,0,4.77842E+20,5.55128E+21,8.6901E+15,5.01133E+16
14374,14375,6,4,33,3,2016,5,22,7,3,9,1,2,1,0,1,0,0,0,0,4.65006E+20,5.52838E+21,8.51266E+15,4.99067E+16
14375,14376,6,6,33,11,2016,5,8,3,3,5,3,0,0,0,1,0,0,0,0,5.21432E+20,5.68591E+21,9.30758E+15,5.13241E+16
14376,14377,6,4,12,0,2016,6,16,5,3,3,6,0,0,1,1,0,0,0,0,4.72909E+20,5.5555E+21,8.6208E+15,5.01511E+16
14377,14378,6,6,36,3,2016,5,18,2,3,2,6,0,0,0,1,0,0,0,0,5.73147E+20,5.67165E+21,1.00468E+16,5.11916E+16
14378,14379,6,4,36,9,2016,5,10,3,3,5,3,0,0,0,1,0,0,0,0,4.62409E+20,5.54701E+21,8.47467E+15,5.00741E+16
14379,14380,6,4,34,5,2016,6,19,5,3,0,7,0,1,1,0,0,0,0,0,4.6054E+20,5.5599E+21,8.44722E+15,5.01899E+16
14380,14381,6,5,32,3,2016,5,19,6,3,9,1,0,1,0,1,0,0,0,0,4.58627E+20,5.59498E+21,8.41656E+15,5.05053E+16
14381,14382,6,5,34,14,2016,5,16,3,3,3,2,0,0,1,1,0,0,0,0,4.8414E+20,5.62888E+21,8.77488E+15,5.08114E+16
14382,14383,6,6,33,13,2016,5,13,7,3,4,7,0,0,0,1,0,1,0,0,5.28923E+20,5.70615E+21,9.41674E+15,5.15057E+16
14383,14384,6,6,32,14,2016,5,13,7,3,8,1,0,0,0,1,0,1,0,0,5.40893E+20,5.63848E+21,9.58149E+15,5.08965E+16
14384,14385,6,5,32,12,2016,5,3,6,2,2,6,2,0,0,0,0,0,1,0,4.49429E+20,5.61446E+21,8.28422E+15,5.06798E+16
14385,14386,6,6,33,9,2016,5,12,4,3,0,7,0,0,0,0,0,0,0,1,5.36213E+20,5.68812E+21,9.51992E+15,5.13432E+16
14386,14387,6,4,31,13,2016,5,15,7,3,4,6,0,0,1,0,0,0,0,0,4.65928E+20,5.49394E+21,8.5285E+15,4.95971E+16
14387,14388,6,6,33,26,2016,6,14,5,3,2,2,0,1,0,1,0,0,0,0,5.33077E+20,5.69002E+21,9.47507E+15,5.13605E+16
14388,14389,6,4,12,0,2016,5,17,3,3,9,1,0,0,0,1,0,0,0,0,4.72269E+20,5.54641E+21,8.6125E+15,5.00694E+16
14389,14390,6,6,34,7,2016,6,15,5,3,4,1,0,1,0,1,0,0,0,1,5.24054E+20,5.67065E+21,9.34418E+15,5.11868E+16
14390,14391,6,4,12,0,2016,5,15,3,3,2,6,0,0,0,1,0,0,0,1,4.66692E+20,5.55147E+21,8.53413E+15,5.01146E+16
14391,14392,6,4,40,12,2016,5,17,6,3,8,1,0,0,0,0,0,1,0,0,4.86245E+20,5.56499E+21,8.80712E+15,5.02369E+16
14392,14393,6,6,35,4,2016,5,14,3,3,5,3,0,0,0,1,0,0,0,0,4.7475E+20,5.65076E+21,8.64009E+15,5.10079E+16
14393,14394,6,5,32,7,2016,5,19,2,3,5,3,0,0,0,1,0,0,0,0,4.37808E+20,5.6115E+21,8.12025E+15,5.0652E+16
14394,14395,6,6,36,16,2016,5,2,1,3,9,7,2,0,0,1,0,0,0,0,5.55801E+20,5.6908E+21,9.80156E+15,5.13657E+16
14395,14396,6,4,31,18,2016,5,10,4,3,9,1,0,0,0,1,0,0,0,0,4.91961E+20,5.47432E+21,8.88915E+15,4.94215E+16
14396,14397,6,5,32,12,2016,5,22,5,3,2,6,2,0,0,1,0,0,0,0,4.50924E+20,5.61344E+21,8.30551E+15,5.06707E+16
14397,14398,6,4,14,0,2016,5,22,7,3,3,6,2,1,0,1,0,1,0,0,4.45692E+20,5.54684E+21,8.24109E+15,5.00713E+16
14398,14399,6,6,35,20,2016,6,12,4,3,4,6,0,1,0,1,0,0,1,0,5.09401E+20,5.69549E+21,9.13518E+15,5.14105E+16
14399,14400,6,6,36,13,2016,5,13,3,3,8,1,0,1,0,1,0,0,0,0,5.79055E+20,5.6704E+21,1.0131E+16,5.11795E+16
14400,14401,6,4,35,10,2016,5,9,2,3,2,6,0,1,0,1,0,0,1,0,5.13049E+20,5.55984E+21,9.18281E+15,5.01906E+16
14401,14402,6,5,33,15,2016,5,16,3,3,8,1,0,0,0,1,0,0,0,0,4.48177E+20,5.58267E+21,8.27092E+15,5.03938E+16
14402,14403,6,5,33,6,2016,5,12,3,1,2,6,0,1,0,0,0,0,1,0,4.30759E+20,5.58401E+21,8.02565E+15,5.0404E+16
14403,14404,6,4,38,2,2016,5,13,7,3,5,3,0,0,0,1,0,1,0,0,4.82504E+20,5.53694E+21,8.75596E+15,4.99845E+16
14404,14405,6,5,35,11,2016,5,13,6,2,5,3,0,0,1,1,0,0,0,0,5.27869E+20,5.60824E+21,9.394E+15,5.06253E+16
14405,14406,6,4,13,0,2016,5,14,1,3,5,7,0,0,0,1,0,1,0,0,4.82847E+20,5.54858E+21,8.76022E+15,5.00892E+16
14406,14407,6,5,32,23,2016,5,12,6,3,0,7,0,1,0,0,0,1,0,1,4.64491E+20,5.6002E+21,8.49876E+15,5.05526E+16
14407,14408,6,4,40,21,2016,5,2,1,3,6,6,2,0,0,1,1,0,0,0,4.87826E+20,5.5787E+21,8.82885E+15,5.03603E+16
14408,14409,6,4,14,0,2016,5,11,3,3,5,3,0,0,0,1,0,0,0,1,4.4381E+20,5.54598E+21,8.21492E+15,5.00634E+16
14409,14410,6,6,31,7,2016,5,3,1,3,9,1,1,1,0,1,0,0,0,0,5.62814E+20,5.62299E+21,9.8905E+15,5.07553E+16
14410,14411,6,6,33,20,2016,6,16,6,3,2,6,0,0,0,1,0,0,0,0,5.40856E+20,5.68727E+21,9.58649E+15,5.13353E+16
14411,14412,6,5,33,7,2016,5,19,5,3,1,5,0,0,0,1,0,0,0,0,4.31644E+20,5.58778E+21,8.03742E+15,5.04381E+16
14412,14413,6,6,31,8,2016,5,17,1,3,8,1,0,0,0,0,0,1,0,0,5.42837E+20,5.58259E+21,9.60266E+15,5.03938E+16
14413,14414,6,6,11,0,2016,5,16,6,3,1,5,0,0,0,1,0,0,0,0,5.32383E+20,5.68463E+21,9.46463E+15,5.13121E+16
14414,14415,6,4,12,0,2016,5,16,5,3,2,6,0,0,0,1,0,0,0,0,4.75239E+20,5.55055E+21,8.65373E+15,5.01067E+16
14415,14416,6,4,36,4,2016,5,12,4,3,1,5,0,0,0,1,0,0,0,0,4.58941E+20,5.54007E+21,8.42695E+15,5.00115E+16
14416,14417,6,4,36,6,2016,5,22,7,2,8,1,2,1,0,1,0,0,0,0,4.55809E+20,5.54499E+21,8.38267E+15,5.00556E+16
14417,14418,6,4,12,0,2016,5,18,5,3,5,3,0,0,1,1,0,0,0,0,4.79295E+20,5.55531E+21,8.71019E+15,5.01496E+16
14418,14419,6,4,35,1,2016,5,5,3,3,7,7,0,0,0,1,0,0,0,0,5.23494E+20,5.56467E+21,9.32942E+15,5.02337E+16
14419,14420,6,6,35,3,2016,6,14,5,3,0,6,0,1,0,1,0,0,0,0,5.06205E+20,5.66206E+21,9.08863E+15,5.111E+16
14420,14421,6,4,33,2,2016,5,14,3,3,5,2,0,0,1,1,0,0,0,0,4.53601E+20,5.53781E+21,8.3527E+15,4.99908E+16
14421,14422,6,5,34,14,2016,6,18,5,3,6,4,0,0,0,1,1,0,0,0,4.83182E+20,5.62835E+21,8.76131E+15,5.08066E+16
14422,14423,6,4,11,0,2016,5,5,6,3,8,1,1,1,0,1,0,0,0,0,4.71368E+20,5.5245E+21,8.60154E+15,4.98722E+16
14423,14424,6,5,31,11,2016,5,15,3,2,2,6,0,0,0,1,0,0,0,0,4.93517E+20,5.59927E+21,8.9085E+15,5.05454E+16
14424,14425,6,4,35,10,2016,5,11,3,3,2,6,0,0,0,1,0,0,0,0,5.11153E+20,5.56164E+21,9.1563E+15,5.02069E+16
14425,14426,6,5,31,5,2016,5,17,4,3,2,6,0,0,0,1,0,0,0,0,4.74805E+20,5.60182E+21,8.64424E+15,5.05677E+16
14426,14427,6,4,14,0,2016,5,13,5,3,8,7,0,0,0,1,0,0,0,0,4.48142E+20,5.54259E+21,8.27589E+15,5.00334E+16
14427,14428,6,4,31,11,2016,6,14,4,2,4,1,0,1,0,1,0,0,1,0,4.79878E+20,5.49969E+21,8.72125E+15,4.96494E+16
14428,14429,6,4,12,0,2016,5,7,3,3,0,3,0,1,1,1,0,0,0,0,4.79036E+20,5.55286E+21,8.7067E+15,5.01276E+16
14429,14430,6,4,35,12,2016,5,7,2,3,2,6,0,0,0,1,0,0,0,1,5.08911E+20,5.56045E+21,9.12484E+15,5.01962E+16
14430,14431,6,4,40,12,2016,5,17,3,2,6,4,0,0,0,0,1,0,0,1,4.81955E+20,5.56514E+21,8.74696E+15,5.02381E+16
14431,14432,6,5,31,5,2016,5,16,5,3,2,6,0,0,0,1,0,0,0,1,4.7548E+20,5.60382E+21,8.65363E+15,5.05858E+16
14432,14433,6,4,12,0,2016,5,13,2,3,5,3,0,0,1,1,0,0,0,0,4.66873E+20,5.55122E+21,8.53668E+15,5.01123E+16
14433,14434,6,4,40,16,2016,5,16,3,3,5,3,0,0,0,1,0,0,0,0,5.00547E+20,5.58456E+21,9.00771E+15,5.04131E+16
14434,14435,6,4,40,5,2016,5,15,1,3,5,2,0,0,0,1,0,0,0,0,4.78534E+20,5.58721E+21,8.69773E+15,5.04365E+16
14435,14436,6,5,34,9,2016,5,18,4,3,2,6,0,0,0,1,0,0,0,0,4.80836E+20,5.61697E+21,8.72861E+15,5.07043E+16
14436,14437,6,5,34,21,2016,5,17,5,3,5,6,0,0,0,0,0,1,0,1,4.79223E+20,5.64162E+21,8.70437E+15,5.09259E+16
14437,14438,6,4,38,7,2016,5,18,7,2,4,1,0,0,0,1,0,0,0,0,4.98426E+20,5.53816E+21,8.97804E+15,4.99957E+16
14438,14439,6,6,36,11,2016,6,14,4,2,2,2,0,1,0,1,0,0,0,0,5.68928E+20,5.65976E+21,9.98412E+15,5.10852E+16
14439,14440,6,4,13,0,2016,5,19,3,3,4,6,0,0,1,0,0,0,0,0,4.82191E+20,5.5488E+21,8.75104E+15,5.00912E+16
14440,14441,6,4,31,8,2016,5,7,2,3,7,7,1,1,0,1,0,0,0,0,4.79416E+20,5.48756E+21,8.71548E+15,4.95403E+16
14441,14442,6,5,32,17,2016,5,8,3,3,2,2,0,0,0,1,0,0,0,0,4.56515E+20,5.61589E+21,8.38433E+15,5.06932E+16
14442,14443,6,5,31,5,2016,5,12,5,3,2,6,0,0,1,0,0,0,0,1,4.76616E+20,5.60336E+21,8.66971E+15,5.05817E+16
14443,14444,6,4,35,20,2016,5,19,2,3,1,7,0,0,1,1,0,0,0,0,4.98624E+20,5.56084E+21,8.98072E+15,5.01998E+16
14444,14445,6,4,32,18,2016,5,11,7,3,4,6,0,0,0,1,0,1,0,0,4.73465E+20,5.51476E+21,8.63138E+15,4.97847E+16
14445,14446,6,4,14,0,2016,5,7,6,3,5,3,0,0,0,1,0,0,0,0,4.40516E+20,5.5498E+21,8.16831E+15,5.00975E+16
14446,14447,6,6,35,19,2016,5,15,1,2,4,1,0,0,0,1,0,0,0,1,4.93525E+20,5.66745E+21,8.90741E+15,5.11585E+16
14447,14448,6,4,34,9,2016,5,16,3,3,9,7,0,0,0,1,0,0,0,0,4.58493E+20,5.5665E+21,8.41782E+15,5.02492E+16
14448,14449,6,4,12,0,2016,5,0,1,3,8,1,2,1,0,1,0,0,0,0,4.72358E+20,5.54956E+21,8.61351E+15,5.00977E+16
14449,14450,6,5,35,5,2016,6,12,6,3,2,6,0,1,0,1,0,0,0,0,5.01769E+20,5.61335E+21,9.02503E+15,5.0672E+16
14450,14451,6,4,32,18,2016,5,20,1,3,8,1,0,1,0,1,0,0,0,0,4.72312E+20,5.51396E+21,8.61544E+15,4.97774E+16
14451,14452,6,6,11,0,2016,5,15,5,3,5,2,0,0,0,1,0,0,0,1,5.34172E+20,5.68495E+21,9.49031E+15,5.13148E+16
14452,14453,6,5,31,5,2016,5,19,2,3,5,2,0,0,0,1,0,0,0,0,4.77252E+20,5.60435E+21,8.67863E+15,5.05907E+16
14453,14454,6,6,35,6,2016,5,15,6,3,5,3,0,0,0,1,0,0,0,0,4.81945E+20,5.65249E+21,8.74257E+15,5.10237E+16
14454,14455,6,4,35,25,2016,5,14,5,2,5,3,0,0,0,1,0,1,0,0,5.37823E+20,5.57844E+21,9.5317E+15,5.03568E+16
14455,14456,6,4,38,12,2016,5,16,4,3,5,2,0,0,0,1,0,0,0,0,4.88319E+20,5.53384E+21,8.83716E+15,4.99568E+16
14456,14457,6,6,11,0,2016,5,17,6,3,0,1,0,0,0,0,0,1,0,0,5.38149E+20,5.6843E+21,9.54732E+15,5.13087E+16
14457,14458,6,6,35,6,2016,5,18,5,2,5,3,0,0,0,1,0,0,0,0,4.86958E+20,5.65552E+21,8.81393E+15,5.10511E+16
14458,14459,6,5,32,9,2016,5,14,3,2,9,1,0,0,0,0,0,0,0,1,4.54572E+20,5.62848E+21,8.35528E+15,5.08063E+16
14459,14460,6,4,14,0,2016,5,23,4,3,5,3,2,0,0,1,0,0,0,0,4.49177E+20,5.54537E+21,8.28998E+15,5.00584E+16
14460,14461,6,5,31,16,2016,5,21,3,3,2,6,2,0,0,1,0,0,0,0,4.8853E+20,5.6048E+21,8.83794E+15,5.0595E+16
14461,14462,6,5,32,23,2016,6,18,5,3,5,3,0,1,0,1,0,0,0,0,4.66611E+20,5.59836E+21,8.52884E+15,5.05362E+16
14462,14463,6,6,11,0,2016,5,2,5,3,5,3,2,0,0,1,0,0,0,0,5.32532E+20,5.68519E+21,9.46681E+15,5.1317E+16
14463,14464,6,4,36,2,2016,5,11,3,2,2,6,0,0,0,0,0,0,1,0,4.52148E+20,5.55454E+21,8.33033E+15,5.01412E+16
14464,14465,6,4,38,12,2016,5,9,3,3,8,2,0,0,0,1,0,0,0,0,4.84677E+20,5.53584E+21,8.7863E+15,4.99747E+16
14465,14466,6,4,34,1,2016,5,12,2,3,5,3,0,0,0,1,0,0,0,0,4.75536E+20,5.56207E+21,8.65714E+15,5.02103E+16
14466,14467,6,6,32,4,2016,5,6,4,2,8,1,0,0,0,1,0,0,0,0,5.36623E+20,5.62436E+21,9.51936E+15,5.07698E+16
14467,14468,6,5,34,21,2016,6,20,4,3,9,1,2,1,0,1,0,0,0,0,4.74408E+20,5.63641E+21,8.63623E+15,5.08788E+16
14468,14469,6,6,34,26,2016,5,17,3,3,8,1,0,1,0,1,0,0,0,0,5.13405E+20,5.63521E+21,9.1905E+15,5.08684E+16
14469,14470,6,4,32,23,2016,5,5,2,3,3,6,1,1,0,1,0,0,0,1,4.71711E+20,5.52741E+21,8.6061E+15,4.98984E+16
14470,14471,6,5,35,1,2016,5,17,5,2,2,6,0,0,0,1,0,0,0,1,5.16497E+20,5.62008E+21,9.23376E+15,5.07323E+16
14471,14472,6,4,37,11,2016,5,0,2,3,2,6,2,1,0,1,0,0,0,0,5.00114E+20,5.50339E+21,9.00157E+15,4.96831E+16
14472,14473,6,4,14,0,2016,5,6,7,3,3,6,0,0,0,1,0,1,0,0,4.45664E+20,5.54389E+21,8.24112E+15,5.00448E+16
14473,14474,6,5,33,3,2016,5,7,7,3,2,6,0,0,0,1,0,0,1,0,4.45082E+20,5.57373E+21,8.22869E+15,5.03132E+16
14474,14475,6,4,37,11,2016,5,11,6,3,5,3,0,0,0,1,0,0,0,0,5.00014E+20,5.50281E+21,9.00019E+15,4.96778E+16
14475,14476,6,4,35,18,2016,5,13,1,2,8,1,0,0,0,0,0,1,0,0,5.16922E+20,5.55715E+21,9.23694E+15,5.01663E+16
14476,14477,6,4,31,15,2016,5,13,7,2,8,1,0,0,0,0,0,1,0,0,4.85102E+20,5.50384E+21,8.79347E+15,4.96869E+16
14477,14478,6,5,35,13,2016,6,19,6,3,2,6,0,1,0,1,0,0,0,0,4.98058E+20,5.60989E+21,8.97254E+15,5.06409E+16
14478,14479,6,4,12,0,2016,5,13,7,3,1,5,0,0,1,1,0,0,0,0,4.7538E+20,5.54983E+21,8.65575E+15,5.01002E+16
14479,14480,6,6,31,9,2016,5,1,6,3,5,3,2,0,0,1,0,0,0,0,5.49075E+20,5.59956E+21,9.69263E+15,5.05459E+16
14480,14481,6,6,31,20,2016,5,13,5,3,2,6,0,0,0,1,0,0,0,0,5.50356E+20,5.60437E+21,9.71137E+15,5.05891E+16
14481,14482,6,6,32,6,2016,5,11,3,3,3,6,0,0,0,0,0,1,1,0,5.61348E+20,5.6379E+21,9.87222E+15,5.08895E+16
14482,14483,6,6,32,3,2016,5,6,6,3,5,3,0,0,1,1,0,0,0,0,5.55153E+20,5.64764E+21,9.78562E+15,5.09777E+16
14483,14484,6,4,40,2,2016,5,11,3,3,2,6,0,0,0,1,0,0,0,0,4.81931E+20,5.58106E+21,8.74586E+15,5.03813E+16
14484,14485,6,4,14,0,2016,5,15,7,3,6,1,0,0,1,0,1,0,0,0,4.49481E+20,5.5392E+21,8.29504E+15,5.0003E+16
14485,14486,6,4,12,0,2016,5,8,6,3,6,4,0,0,0,0,1,0,0,1,4.77807E+20,5.5512E+21,8.6896E+15,5.01126E+16
14486,14487,6,4,35,19,2016,5,4,1,3,0,1,1,0,1,0,0,0,0,0,4.89359E+20,5.55336E+21,8.85111E+15,5.01323E+16
14487,14488,6,6,35,15,2016,5,17,7,2,9,1,0,0,0,0,0,1,0,0,4.97391E+20,5.67827E+21,8.96261E+15,5.12558E+16
14488,14489,6,4,12,0,2016,6,18,6,3,9,1,0,0,0,0,0,1,0,0,4.71447E+20,5.55143E+21,8.60064E+15,5.01144E+16
14489,14490,6,4,14,0,2016,5,19,7,3,1,6,0,0,0,1,0,0,0,0,4.4335E+20,5.54507E+21,8.20863E+15,5.00552E+16
14490,14491,6,4,12,0,2016,5,15,5,3,5,3,0,0,1,1,0,0,0,0,4.71667E+20,5.55465E+21,8.60347E+15,5.01434E+16
14491,14492,6,5,32,6,2016,5,6,6,3,7,7,0,0,0,0,0,1,0,0,4.51009E+20,5.62193E+21,8.30559E+15,5.07471E+16
14492,14493,6,5,32,8,2016,5,17,5,3,2,2,0,0,0,1,0,0,0,0,4.53422E+20,5.60732E+21,8.34162E+15,5.06159E+16
14493,14494,6,4,12,0,2016,5,22,4,3,8,1,2,1,0,1,0,0,0,0,4.73496E+20,5.55997E+21,8.6287E+15,5.01913E+16
14494,14495,6,4,12,0,2016,5,11,6,3,5,3,0,0,0,1,0,0,0,0,4.71677E+20,5.5477E+21,8.60413E+15,5.00809E+16
14495,14496,6,4,31,2,2016,5,7,3,3,5,3,0,0,0,1,0,0,0,0,4.70048E+20,5.5016E+21,8.58494E+15,4.96662E+16
14496,14497,6,4,32,23,2016,5,22,4,3,5,3,2,0,0,1,0,0,0,0,4.72734E+20,5.52719E+21,8.62036E+15,4.98965E+16
14497,14498,6,4,39,11,2016,5,13,5,3,9,1,0,0,1,0,0,0,0,0,4.49897E+20,5.55856E+21,8.2983E+15,5.01771E+16
14498,14499,6,5,35,1,2016,6,16,5,3,2,6,0,0,0,1,0,0,0,0,5.18808E+20,5.62093E+21,9.26655E+15,5.07399E+16
14499,14500,6,6,32,12,2016,5,8,2,3,2,6,0,1,0,1,0,0,0,0,5.53293E+20,5.64152E+21,9.75824E+15,5.09229E+16
14500,14501,6,4,31,22,2016,5,18,3,3,9,1,0,1,0,1,0,0,0,0,4.6932E+20,5.50821E+21,8.57433E+15,4.97256E+16
14501,14502,6,5,35,5,2016,5,12,3,3,8,1,0,1,0,1,0,0,0,0,5.04846E+20,5.6162E+21,9.06862E+15,5.06976E+16
14502,14503,6,4,36,12,2016,5,11,2,3,6,6,0,0,0,1,1,0,0,0,4.66311E+20,5.55363E+21,8.52861E+15,5.01339E+16
14503,14504,6,6,11,0,2016,5,18,6,3,5,3,0,0,0,1,0,0,0,0,5.28269E+20,5.68095E+21,9.40531E+15,5.12792E+16
14504,14505,6,4,35,14,2016,6,18,4,2,6,4,0,0,0,1,1,0,0,0,4.9666E+20,5.55224E+21,8.95328E+15,5.01224E+16
14505,14506,6,4,39,8,2016,5,15,3,2,5,2,0,1,0,1,0,0,0,0,4.46572E+20,5.56265E+21,8.25118E+15,5.02136E+16
14506,14507,6,4,14,0,2016,5,15,1,3,5,3,0,0,0,1,0,0,0,0,4.44895E+20,5.54752E+21,8.22986E+15,5.00774E+16
14507,14508,6,4,12,0,2016,5,12,6,3,2,6,0,0,0,1,0,0,0,0,4.74321E+20,5.56073E+21,8.64021E+15,5.01982E+16
14508,14509,6,4,35,27,2016,5,15,2,3,0,1,0,1,0,0,0,1,0,0,5.47684E+20,5.57351E+21,9.6697E+15,5.03117E+16
14509,14510,6,4,32,23,2016,5,11,7,3,2,6,0,0,0,1,0,0,0,0,4.7044E+20,5.52758E+21,8.58839E+15,4.98998E+16
14510,14511,6,5,32,15,2016,5,16,7,3,2,6,0,0,0,1,0,0,0,0,4.67889E+20,5.60383E+21,8.54641E+15,5.05855E+16
14511,14512,6,5,33,6,2016,5,14,6,2,2,6,0,1,0,1,0,0,1,0,4.26535E+20,5.58504E+21,7.96603E+15,5.04128E+16
14512,14513,6,4,32,5,2016,5,18,7,3,8,1,0,1,0,0,0,1,0,0,4.89069E+20,5.53249E+21,8.84765E+15,4.99447E+16
14513,14514,6,6,35,21,2016,6,11,5,3,5,3,0,0,0,1,0,0,0,1,5.00686E+20,5.6769E+21,9.00982E+15,5.12434E+16
14514,14515,6,4,39,2,2016,5,16,7,2,8,1,0,0,1,0,0,0,0,0,4.34636E+20,5.55502E+21,8.08521E+15,5.01438E+16
14515,14516,6,4,14,0,2016,5,15,3,3,2,6,0,0,0,1,0,0,0,0,4.43849E+20,5.54594E+21,8.21547E+15,5.00631E+16
14516,14517,6,4,39,13,2016,5,16,6,3,4,6,0,0,0,0,0,1,0,0,4.23323E+20,5.53685E+21,7.93055E+15,4.99791E+16
14517,14518,6,4,33,12,2016,5,14,3,3,8,7,0,0,0,1,0,0,0,0,4.62375E+20,5.53743E+21,8.47514E+15,4.9988E+16
14518,14519,6,5,33,19,2016,5,8,2,3,9,1,0,0,0,1,0,0,0,0,4.51549E+20,5.58743E+21,8.31774E+15,5.04369E+16
14519,14520,6,4,37,11,2016,5,19,1,2,5,3,0,0,0,1,0,0,0,0,5.00449E+20,5.50428E+21,9.00623E+15,4.96911E+16
14520,14521,6,4,40,13,2016,5,15,4,3,4,6,0,0,0,1,0,0,1,0,5.15549E+20,5.57834E+21,9.21858E+15,5.03569E+16
14521,14522,6,4,40,20,2016,5,10,5,3,8,1,0,0,0,1,0,0,0,0,4.96933E+20,5.57855E+21,8.95689E+15,5.0359E+16
14522,14523,6,6,35,21,2016,5,5,7,3,4,6,1,0,0,1,0,0,0,0,5.05354E+20,5.67306E+21,9.07665E+15,5.12089E+16
14523,14524,6,4,12,0,2016,6,19,4,3,2,6,0,0,0,1,0,0,0,0,4.71818E+20,5.55307E+21,8.60571E+15,5.01292E+16
14524,14525,6,4,34,2,2016,5,16,4,3,2,6,0,0,0,1,0,0,0,0,4.75973E+20,5.56686E+21,8.66296E+15,5.02534E+16
14525,14526,6,4,38,8,2016,5,7,2,3,7,7,0,1,0,1,0,0,0,0,4.89321E+20,5.54871E+21,8.85071E+15,5.00906E+16
14526,14527,6,4,33,12,2016,5,4,3,3,5,3,2,0,0,1,0,0,1,0,4.59823E+20,5.5358E+21,8.4397E+15,4.99732E+16
14527,14528,6,6,11,0,2016,5,11,3,2,0,1,0,1,0,1,0,0,0,1,5.31857E+20,5.67913E+21,9.45658E+15,5.12626E+16
14528,14529,6,5,35,15,2016,5,12,1,3,8,1,0,0,0,0,0,1,0,0,5.4313E+20,5.61272E+21,9.61027E+15,5.06647E+16
14529,14530,6,4,33,12,2016,5,18,6,3,2,6,0,1,0,1,0,0,0,0,4.58759E+20,5.53845E+21,8.42459E+15,4.99969E+16
14530,14531,6,4,12,0,2016,5,4,2,3,9,1,2,0,0,1,0,0,0,0,4.71616E+20,5.55605E+21,8.60265E+15,5.0156E+16
14531,14532,6,4,35,27,2016,5,17,4,3,0,7,0,0,0,1,0,0,0,0,5.49245E+20,5.57231E+21,9.69146E+15,5.03008E+16
14532,14533,6,5,33,1,2016,5,2,5,2,9,1,2,0,0,1,0,0,0,0,4.39603E+20,5.59201E+21,8.14881E+15,5.04769E+16
14533,14534,6,4,36,7,2016,5,15,1,2,0,1,0,0,0,0,0,1,0,0,4.60183E+20,5.54832E+21,8.44343E+15,5.00859E+16
14534,14535,6,5,31,13,2016,6,16,4,3,3,1,0,1,0,1,0,0,0,0,4.79832E+20,5.60865E+21,8.71485E+15,5.06294E+16
14535,14536,6,4,13,0,2016,5,17,2,3,2,6,0,0,0,1,0,0,0,0,4.8119E+20,5.55053E+21,8.73695E+15,5.01067E+16
14536,14537,6,4,33,12,2016,5,10,3,3,5,3,0,0,1,1,0,0,0,0,4.5875E+20,5.53843E+21,8.42445E+15,4.99967E+16
14537,14538,6,6,31,9,2016,5,18,3,3,0,1,0,1,0,1,0,1,0,0,5.46839E+20,5.59699E+21,9.66077E+15,5.0523E+16
14538,14539,6,4,31,20,2016,5,1,2,3,9,1,2,0,0,1,0,0,0,0,4.68241E+20,5.49263E+21,8.56062E+15,4.95854E+16
14539,14540,6,4,35,12,2016,5,22,6,3,5,3,2,0,0,1,0,0,0,0,5.07813E+20,5.55989E+21,9.10946E+15,5.01912E+16
14540,14541,6,5,31,3,2016,6,11,4,2,9,1,0,0,0,1,0,0,0,0,4.86208E+20,5.60328E+21,8.80519E+15,5.05813E+16
14541,14542,6,5,33,13,2016,5,18,3,1,8,1,0,1,0,1,0,0,0,0,4.39647E+20,5.58623E+21,8.15036E+15,5.0425E+16
14542,14543,6,5,33,11,2016,5,17,1,2,8,1,0,0,0,0,0,1,0,0,4.45377E+20,5.59884E+21,8.22916E+15,5.0539E+16
14543,14544,6,4,33,3,2016,5,17,6,3,8,1,0,1,0,0,0,0,1,0,4.65383E+20,5.52826E+21,8.51792E+15,4.99057E+16
14544,14545,6,4,31,15,2016,5,17,1,2,8,1,0,0,0,0,0,1,0,0,4.85354E+20,5.5036E+21,8.79696E+15,4.96847E+16
14545,14546,6,6,34,2,2016,5,15,7,2,8,1,0,0,1,0,0,0,0,0,5.30842E+20,5.6732E+21,9.44152E+15,5.12094E+16
14546,14547,6,4,36,6,2016,5,13,7,2,2,6,0,0,0,1,0,0,0,0,4.55721E+20,5.54501E+21,8.38144E+15,5.00557E+16
14547,14548,6,6,36,3,2016,5,16,5,3,2,6,0,0,1,1,0,0,0,0,5.73967E+20,5.67056E+21,1.00583E+16,5.11817E+16
14548,14549,6,4,12,0,2016,5,7,4,3,2,6,0,0,0,1,0,0,0,0,4.73333E+20,5.55759E+21,8.62658E+15,5.017E+16