FID,OBJECTID,ULAND,UREGBEZ,UKREIS,UGEMEINDE,UJAHR,UMONAT,USTUNDE,UWOCHENTAG,UKATEGORIE,UART,UTYP1,ULICHTVERH,IstStrasse,IstRad,IstPKW,IstFuss,IstKrad,IstGkfz,IstSonstig,LINREFX,LINREFY,XGCSWGS84,YGCSWGS84
14549,14550,6,4,31,13,2016,5,8,7,3,5,3,0,0,0,1,0,0,0,0,4.61119E+20,5.49445E+21,8.46191E+15,4.96013E+16
14550,14551,6,5,34,15,2016,5,15,3,2,4,7,0,0,0,1,0,0,1,0,4.79303E+20,5.64284E+21,8.70545E+15,5.09368E+16
14551,14552,6,4,12,0,2016,6,18,5,3,5,3,0,0,1,1,0,0,0,0,4.68147E+20,5.5513E+21,8.55449E+15,5.01131E+16
14552,14553,6,4,33,10,2016,5,6,3,3,3,6,0,0,0,1,0,0,0,1,4.60997E+20,5.54222E+21,8.45543E+15,5.0031E+16
14553,14554,6,4,12,0,2016,5,12,3,3,5,3,0,0,0,1,0,0,0,0,4.7791E+20,5.54962E+21,8.69114E+15,5.00984E+16
14554,14555,6,4,39,12,2016,6,15,5,1,2,6,0,0,1,1,0,0,0,0,4.29516E+20,5.5391E+21,8.0165E+15,5.00001E+16
14555,14556,6,5,32,11,2016,5,15,6,3,8,1,0,0,0,0,0,1,0,0,4.41411E+20,5.61692E+21,8.17035E+15,5.07011E+16
14556,14557,6,4,32,2,2016,5,15,3,3,1,5,0,0,0,1,0,1,0,0,4.96897E+20,5.5341E+21,8.95674E+15,4.99592E+16
14557,14558,6,5,34,14,2016,5,13,3,2,4,1,0,0,0,1,0,1,0,0,4.84356E+20,5.63099E+21,8.77786E+15,5.08304E+16
14558,14559,6,5,34,8,2016,5,5,2,3,5,1,1,0,0,1,0,0,0,0,4.8641E+20,5.62006E+21,8.80743E+15,5.07321E+16
14559,14560,6,6,34,27,2016,5,17,1,3,4,6,0,0,0,1,0,0,0,0,5.11453E+20,5.65956E+21,9.16352E+15,5.10874E+16
14560,14561,6,5,34,17,2016,5,8,4,3,2,6,0,0,0,1,0,0,0,0,4.88907E+20,5.64166E+21,8.84216E+15,5.09265E+16
14561,14562,6,5,34,7,2016,5,5,5,2,8,1,1,0,0,1,0,0,0,0,4.68169E+20,5.62932E+21,8.54817E+15,5.08148E+16
14562,14563,6,4,11,0,2016,5,11,7,3,0,7,0,0,1,1,0,0,0,0,4.75655E+20,5.52456E+21,8.6612E+15,4.9873E+16
14563,14564,6,6,33,17,2016,5,15,4,3,3,6,0,0,0,1,0,0,1,0,5.36583E+20,5.68032E+21,9.52443E+15,5.1273E+16
14564,14565,6,6,33,13,2016,6,17,4,3,1,5,0,1,0,1,0,0,0,0,5.29004E+20,5.7074E+21,9.41801E+15,5.1517E+16
14565,14566,6,5,33,9,2016,5,17,3,3,5,3,0,1,0,1,0,1,0,0,4.35136E+20,5.58722E+21,8.08668E+15,5.04334E+16
14566,14567,6,4,32,16,2016,5,8,2,3,2,6,0,1,0,1,0,0,0,1,4.79925E+20,5.5195E+21,8.72089E+15,4.98276E+16
14567,14568,6,5,34,14,2016,5,13,3,2,6,6,0,0,0,0,1,0,0,1,4.83082E+20,5.62774E+21,8.75992E+15,5.08012E+16
14568,14569,6,4,12,0,2016,5,17,5,3,2,6,0,0,0,1,0,0,0,0,4.8002E+20,5.54584E+21,8.72084E+15,5.00645E+16
14569,14570,6,4,33,12,2016,5,16,3,3,2,6,0,1,0,1,0,0,0,0,4.62822E+20,5.53906E+21,8.48121E+15,5.00027E+16
14570,14571,6,4,34,9,2016,5,17,7,2,0,7,0,0,0,0,0,1,0,0,4.61407E+20,5.56446E+21,8.4589E+15,5.0231E+16
14571,14572,6,5,33,9,2016,5,13,6,3,0,7,0,1,0,1,0,1,0,0,4.3551E+20,5.58395E+21,8.0925E+15,5.04041E+16
14572,14573,6,4,37,12,2016,5,8,1,2,4,6,0,0,0,0,0,1,0,1,4.93921E+20,5.50499E+21,8.91571E+15,4.96974E+16
14573,14574,6,5,31,5,2016,5,9,6,3,6,2,0,0,0,1,1,0,0,0,4.76373E+20,5.60306E+21,8.6663E+15,5.05789E+16
14574,14575,6,4,12,0,2016,5,18,3,3,5,2,0,0,1,1,0,0,0,0,4.77011E+20,5.55338E+21,8.67834E+15,5.01322E+16
14575,14576,6,5,32,14,2016,5,16,1,3,8,7,0,0,1,0,0,0,0,0,4.71534E+20,5.59621E+21,8.59848E+15,5.05171E+16
14576,14577,6,6,33,4,2016,6,14,6,3,2,6,0,0,0,1,0,0,0,0,5.12942E+20,5.69444E+21,9.18604E+15,5.14011E+16
14577,14578,6,6,11,0,2016,5,16,5,2,5,2,0,0,1,1,0,0,0,0,5.35441E+20,5.68541E+21,9.50857E+15,5.13189E+16
14578,14579,6,4,38,5,2016,5,10,1,3,2,6,0,0,0,1,0,0,0,0,4.86658E+20,5.54618E+21,8.81357E+15,5.00678E+16
14579,14580,6,6,36,3,2016,5,12,2,3,3,3,0,0,0,1,0,0,0,1,5.70358E+20,5.67292E+21,1.00071E+16,5.12033E+16
14580,14581,6,4,11,0,2016,5,7,6,3,2,6,0,0,0,1,0,0,0,0,4.74413E+20,5.52524E+21,8.64387E+15,4.9879E+16
14581,14582,6,6,34,3,2016,5,13,5,3,5,3,0,0,0,1,0,0,1,0,5.28633E+20,5.66271E+21,9.40907E+15,5.11151E+16
14582,14583,6,5,32,12,2016,5,16,4,3,5,3,0,0,0,1,0,0,0,0,4.48755E+20,5.61405E+21,8.27473E+15,5.06761E+16
14583,14584,6,4,35,7,2016,5,11,6,3,5,3,0,0,0,1,0,1,0,0,4.97966E+20,5.558E+21,8.97151E+15,5.01742E+16
14584,14585,6,4,32,23,2016,5,8,5,3,2,6,0,1,0,1,0,0,0,0,4.71956E+20,5.52735E+21,8.60952E+15,4.98979E+16
14585,14586,6,6,33,29,2016,6,17,5,2,8,1,0,1,0,0,0,1,0,0,5.16607E+20,5.69415E+21,9.23871E+15,5.13983E+16
14586,14587,6,6,11,0,2016,6,15,7,3,2,6,0,0,0,1,0,0,1,0,5.35448E+20,5.68543E+21,9.50868E+15,5.1319E+16
14587,14588,6,4,38,11,2016,6,5,4,3,8,1,0,0,0,1,0,0,0,0,4.90191E+20,5.54537E+21,8.86296E+15,5.00605E+16
14588,14589,6,4,34,1,2016,6,16,3,3,2,6,0,0,0,1,0,0,0,0,4.73364E+20,5.56232E+21,8.62669E+15,5.02125E+16
14589,14590,6,4,33,6,2016,6,14,1,3,5,3,0,0,1,1,0,0,0,0,4.60585E+20,5.5282E+21,8.4511E+15,4.99049E+16
14590,14591,6,4,40,16,2016,6,15,7,2,9,1,0,0,0,0,0,1,0,0,5.0569E+20,5.58914E+21,9.08015E+15,5.04542E+16
14591,14592,6,4,32,5,2016,6,8,2,3,5,2,0,0,0,1,0,0,0,0,4.88138E+20,5.53329E+21,8.83465E+15,4.99519E+16
14592,14593,6,6,32,2,2016,6,15,6,3,8,1,0,0,0,0,0,0,0,1,5.47002E+20,5.63151E+21,9.66745E+15,5.08334E+16
14593,14594,6,4,35,14,2016,6,17,2,3,1,6,0,0,0,1,0,0,0,0,4.93573E+20,5.55408E+21,8.91006E+15,5.01389E+16
14594,14595,6,6,35,1,2016,6,15,1,3,2,1,0,1,0,1,0,0,0,0,4.81276E+20,5.65392E+21,8.73295E+15,5.10365E+16
14595,14596,6,4,40,5,2016,6,6,7,2,9,1,0,0,0,1,0,0,0,0,4.75388E+20,5.59165E+21,8.65314E+15,5.04763E+16
14596,14597,6,6,11,0,2016,6,22,6,2,0,1,2,0,0,0,0,1,0,0,5.3057E+20,5.68764E+21,9.43886E+15,5.13392E+16
14597,14598,6,4,12,0,2016,6,17,6,3,2,6,0,0,0,1,0,0,0,0,4.72619E+20,5.54756E+21,8.61731E+15,5.00797E+16
14598,14599,6,6,31,11,2016,6,13,7,3,5,3,0,0,0,1,0,1,0,0,5.37521E+20,5.6047E+21,9.5301E+15,5.0593E+16
14599,14600,6,4,31,4,2016,6,12,6,2,6,4,0,0,0,1,1,0,0,0,4.78859E+20,5.49042E+21,8.70764E+15,4.9566E+16
14600,14601,6,4,40,4,2016,6,11,7,2,4,1,0,0,1,1,0,0,0,0,5.06634E+20,5.56865E+21,9.09308E+15,5.027E+16
14601,14602,6,5,31,17,2016,6,20,4,3,8,6,0,0,0,1,0,1,0,0,4.85876E+20,5.61336E+21,8.80012E+15,5.06719E+16
14602,14603,6,4,32,10,2016,6,14,5,3,4,6,0,0,1,0,0,0,0,1,4.91693E+20,5.52463E+21,8.88439E+15,4.98741E+16
14603,14604,6,6,34,3,2016,6,17,5,2,2,6,0,0,0,0,0,0,1,0,5.3312E+20,5.66897E+21,9.47374E+15,5.11712E+16
14604,14605,6,5,32,9,2016,6,14,6,3,2,6,0,0,0,1,0,0,0,0,4.52177E+20,5.6264E+21,8.32156E+15,5.07874E+16
14605,14606,6,4,31,2,2016,6,9,3,3,2,6,0,0,0,1,0,0,0,0,4.71082E+20,5.50617E+21,8.59892E+15,4.97073E+16
14606,14607,6,5,35,11,2016,6,21,5,2,8,1,1,0,0,0,0,1,0,0,5.38205E+20,5.61437E+21,9.54076E+15,5.06799E+16
14607,14608,6,5,34,4,2016,6,13,1,3,8,7,0,0,1,0,0,0,0,0,4.72079E+20,5.64162E+21,8.60272E+15,5.09255E+16
14608,14609,6,6,11,0,2016,6,18,4,3,5,3,0,1,0,1,0,1,0,0,5.33153E+20,5.6825E+21,9.47547E+15,5.12929E+16
14609,14610,6,4,34,12,2016,6,16,1,3,2,6,0,0,0,1,0,0,0,0,4.69122E+20,5.57022E+21,8.56659E+15,5.02833E+16
14610,14611,6,4,35,25,2016,6,10,5,3,5,3,0,0,0,1,0,0,0,0,5.37205E+20,5.57796E+21,9.52297E+15,5.03525E+16
14611,14612,6,6,32,18,2016,6,19,4,3,3,6,0,0,0,1,0,1,0,0,5.50282E+20,5.65025E+21,9.71661E+15,5.10016E+16
14612,14613,6,4,35,11,2016,6,20,4,3,5,2,0,0,1,1,0,0,0,0,4.99323E+20,5.54828E+21,8.99054E+15,5.00868E+16
14613,14614,6,4,33,2,2016,6,17,4,3,2,6,0,0,0,1,0,0,0,0,4.57045E+20,5.53591E+21,8.40095E+15,4.9974E+16
14614,14615,6,5,31,12,2016,6,19,2,3,9,7,0,1,0,1,0,0,0,0,4.74445E+20,5.59763E+21,8.63945E+15,5.053E+16
14615,14616,6,4,33,6,2016,6,8,5,3,2,6,0,0,0,1,0,1,0,0,4.67025E+20,5.53391E+21,8.54031E+15,4.99566E+16
14616,14617,6,4,32,2,2016,6,14,7,3,2,6,0,0,0,1,0,0,0,0,4.96112E+20,5.53311E+21,8.9458E+15,4.99503E+16
14617,14618,6,4,11,0,2016,6,8,2,3,3,6,0,0,0,1,0,0,1,0,4.73314E+20,5.51852E+21,8.62903E+15,4.98186E+16
14618,14619,6,5,33,16,2016,6,20,2,2,8,1,0,1,0,1,0,0,0,0,4.36526E+20,5.59624E+21,8.10473E+15,5.05147E+16
14619,14620,6,6,11,0,2016,6,9,2,2,5,2,0,0,0,1,0,0,0,0,5.3757E+20,5.6823E+21,9.5388E+15,5.12908E+16
14620,14621,6,4,12,0,2016,6,11,3,3,6,4,0,0,0,0,1,0,0,1,4.76796E+20,5.55001E+21,8.67554E+15,5.01019E+16
14621,14622,6,4,32,17,2016,6,17,3,2,1,2,0,0,0,1,0,1,0,0,4.91493E+20,5.5205E+21,8.88169E+15,4.98369E+16
14622,14623,6,4,38,12,2016,6,18,2,3,2,6,0,0,0,1,0,0,0,0,4.88548E+20,5.53381E+21,8.84035E+15,4.99566E+16
14623,14624,6,6,11,0,2016,6,14,3,3,0,6,0,0,0,1,0,1,0,0,5.35734E+20,5.68591E+21,9.51282E+15,5.13234E+16
14624,14625,6,5,35,1,2016,6,12,1,3,2,6,0,1,0,1,0,0,0,0,5.25252E+20,5.6231E+21,9.35802E+15,5.07591E+16
14625,14626,6,4,37,4,2016,6,17,7,2,4,6,0,1,0,1,0,0,0,0,5.02159E+20,5.51801E+21,9.03E+15,4.98146E+16
14626,14627,6,6,35,2,2016,6,14,6,3,8,7,0,0,0,1,0,0,0,0,5.01279E+20,5.69657E+21,9.01839E+15,5.14204E+16
14627,14628,6,6,35,19,2016,6,14,1,2,8,1,0,0,0,0,0,1,0,0,4.96618E+20,5.67467E+21,8.95156E+15,5.12234E+16
14628,14629,6,5,35,1,2016,6,15,1,2,9,1,0,1,0,1,0,0,0,0,5.15011E+20,5.62809E+21,9.21303E+15,5.08044E+16
14629,14630,6,6,31,9,2016,6,15,2,2,6,4,0,0,0,1,1,0,0,0,5.49459E+20,5.60086E+21,9.69823E+15,5.05575E+16
14630,14631,6,6,31,9,2016,6,13,6,3,5,3,0,0,1,1,0,0,0,0,5.49668E+20,5.60268E+21,9.70143E+15,5.05739E+16
14631,14632,6,4,38,11,2016,6,0,7,2,2,6,2,0,0,1,0,0,1,0,4.92241E+20,5.54514E+21,8.89161E+15,5.00585E+16
14632,14633,6,4,40,16,2016,6,11,6,3,3,6,0,0,0,1,0,0,0,1,5.00665E+20,5.58534E+21,9.00936E+15,5.04201E+16
14633,14634,6,4,14,0,2016,6,8,5,3,2,6,0,0,1,0,0,0,1,0,4.46562E+20,5.54223E+21,8.25389E+15,5.003E+16
14634,14635,6,4,13,0,2016,6,14,7,3,2,6,0,1,0,0,0,0,0,1,4.83364E+20,5.54608E+21,8.76755E+15,5.00668E+16
14635,14636,6,4,36,1,2016,6,18,2,3,5,2,0,0,0,1,0,0,0,0,4.6385E+20,5.55566E+21,8.49399E+15,5.0152E+16
14636,14637,6,6,31,9,2016,6,23,6,3,4,6,2,0,0,1,0,0,1,0,5.49962E+20,5.59922E+21,9.70511E+15,5.05428E+16
14637,14638,6,4,33,5,2016,6,23,5,3,1,5,2,0,0,1,0,0,0,0,4.53064E+20,5.53537E+21,8.3455E+15,4.99688E+16
14638,14639,6,6,32,11,2016,6,11,6,3,3,6,0,0,0,1,0,0,1,0,5.40343E+20,5.63071E+21,9.5728E+15,5.08267E+16
14639,14640,6,6,31,9,2016,6,7,5,3,2,2,0,0,0,1,0,0,0,0,5.49435E+20,5.60233E+21,9.69808E+15,5.05708E+16
14640,14641,6,4,12,0,2016,6,14,4,3,2,6,0,0,0,1,0,0,0,0,4.82158E+20,5.55221E+21,8.75041E+15,5.01219E+16
14641,14642,6,5,31,9,2016,6,10,6,3,9,1,0,0,0,1,0,0,0,0,4.75422E+20,5.59362E+21,8.65348E+15,5.04941E+16
14642,14643,6,4,13,0,2016,6,15,2,3,5,2,0,0,1,1,0,0,0,0,4.80664E+20,5.55056E+21,8.72959E+15,5.0107E+16
14643,14644,6,4,36,12,2016,6,18,5,3,5,3,0,0,0,1,0,0,0,0,4.65329E+20,5.55418E+21,8.51482E+15,5.01389E+16
14644,14645,6,5,31,10,2016,6,17,1,2,4,1,0,0,0,1,0,1,0,0,5.06375E+20,5.59646E+21,9.08992E+15,5.05201E+16
14645,14646,6,4,37,4,2016,6,11,3,3,4,1,0,1,0,1,0,0,0,0,5.0131E+20,5.51851E+21,9.0182E+15,4.98191E+16
14646,14647,6,4,32,8,2016,6,17,3,3,1,6,0,0,0,1,0,0,0,0,4.66604E+20,5.52293E+21,8.53537E+15,4.98578E+16
14647,14648,6,4,39,8,2016,6,13,2,2,9,1,0,1,0,1,0,0,0,0,4.47062E+20,5.56428E+21,8.25781E+15,5.02283E+16
14648,14649,6,6,31,9,2016,6,13,1,3,5,2,0,0,0,1,0,1,0,0,5.4457E+20,5.5977E+21,9.62884E+15,5.05295E+16
14649,14650,6,5,32,8,2016,6,12,5,3,5,2,0,0,0,1,0,0,0,0,4.56314E+20,5.60542E+21,8.38273E+15,5.0599E+16
14650,14651,6,4,33,3,2016,6,16,5,3,1,6,0,0,0,1,0,0,0,0,4.65798E+20,5.52803E+21,8.52371E+15,4.99037E+16
14651,14652,6,4,32,23,2016,6,16,5,1,8,6,0,0,0,1,0,0,1,0,4.7219E+20,5.53024E+21,8.61256E+15,4.99239E+16
14652,14653,6,4,33,14,2016,6,17,6,3,5,3,0,0,0,1,0,0,0,0,4.57509E+20,5.52667E+21,8.40844E+15,4.98909E+16
14653,14654,6,6,35,21,2016,6,7,2,2,4,6,0,0,0,1,0,1,0,1,4.99304E+20,5.67856E+21,8.99002E+15,5.12584E+16
14654,14655,6,6,11,0,2016,6,16,5,3,5,3,0,0,1,1,0,0,0,0,5.34092E+20,5.68516E+21,9.48919E+15,5.13167E+16
14655,14656,6,6,31,10,2016,6,17,1,2,2,6,0,0,0,0,0,1,0,0,5.65325E+20,5.58882E+21,9.92009E+15,5.04477E+16
14656,14657,6,6,35,9,2016,6,16,3,3,2,6,0,0,0,1,0,0,0,0,5.09556E+20,5.66839E+21,9.13668E+15,5.11669E+16
14657,14658,6,5,32,17,2016,6,15,4,3,8,7,0,1,0,0,0,1,0,0,4.59916E+20,5.61673E+21,8.4324E+15,5.0701E+16
14658,14659,6,4,37,10,2016,6,4,1,3,7,7,1,1,0,0,0,1,0,0,5.08225E+20,5.51525E+21,9.11427E+15,4.97896E+16
14659,14660,6,5,33,17,2016,6,10,5,3,4,7,0,0,0,1,0,0,0,0,4.47829E+20,5.59313E+21,8.26456E+15,5.04879E+16
14660,14661,6,4,38,11,2016,6,0,4,3,3,6,2,0,0,1,0,0,0,0,4.9159E+20,5.54637E+21,8.88248E+15,5.00696E+16
14661,14662,6,6,34,4,2016,6,16,3,2,2,6,0,0,1,1,0,0,0,0,5.21636E+20,5.6463E+21,9.30812E+15,5.09679E+16
14662,14663,6,4,14,0,2016,6,11,3,3,5,2,0,1,0,1,0,0,0,0,4.48985E+20,5.54107E+21,8.28787E+15,5.00197E+16
14663,14664,6,4,39,8,2016,6,11,2,2,9,1,0,0,0,1,0,0,0,0,4.4659E+20,5.56239E+21,8.25146E+15,5.02113E+16
14664,14665,6,5,34,8,2016,6,0,7,2,9,1,2,0,0,0,0,1,0,0,4.8867E+20,5.62215E+21,8.83939E+15,5.07511E+16
14665,14666,6,5,31,16,2016,6,12,2,3,0,6,0,0,0,1,0,0,0,0,4.86956E+20,5.60528E+21,8.81568E+15,5.05993E+16
14666,14667,6,4,14,0,2016,6,20,2,3,6,2,1,1,0,1,1,0,0,0,4.47562E+20,5.54157E+21,8.26793E+15,5.00242E+16
14667,14668,6,4,12,0,2016,6,0,2,3,5,3,2,0,0,1,0,0,0,0,4.69698E+20,5.54869E+21,8.5764E+15,5.00897E+16
14668,14669,6,6,34,9,2016,6,17,7,2,4,6,0,0,0,1,0,0,0,1,5.24519E+20,5.65552E+21,9.34981E+15,5.10507E+16
14669,14670,6,4,12,0,2016,6,13,3,3,2,6,0,0,0,1,0,0,0,1,4.80696E+20,5.55199E+21,8.72997E+15,5.01198E+16
14670,14671,6,4,33,12,2016,6,20,3,2,5,2,0,0,0,1,0,0,0,0,4.57939E+20,5.53611E+21,8.4134E+15,4.99758E+16
14671,14672,6,4,13,0,2016,6,13,2,3,9,1,0,1,0,1,0,0,0,0,4.80892E+20,5.54675E+21,8.73297E+15,5.00727E+16
14672,14673,6,4,12,0,2016,6,15,3,3,5,3,0,0,0,1,0,0,0,1,4.81116E+20,5.55209E+21,8.73585E+15,5.01207E+16
14673,14674,6,4,37,9,2016,6,16,7,3,9,6,0,1,0,1,0,0,0,1,4.96381E+20,5.51364E+21,8.94974E+15,4.97752E+16
14674,14675,6,6,11,0,2016,6,15,1,3,0,7,0,0,1,1,0,0,0,0,5.38827E+20,5.68674E+21,9.55731E+15,5.13306E+16
14675,14676,6,6,31,13,2016,6,13,1,2,4,6,0,1,0,1,0,0,0,0,5.62358E+20,5.60608E+21,9.88119E+15,5.06033E+16
14676,14677,6,5,31,11,2016,6,10,2,2,5,2,0,0,0,1,0,0,0,0,4.87968E+20,5.59697E+21,8.83026E+15,5.05245E+16
14677,14678,6,4,35,6,2016,6,14,6,3,2,6,0,0,0,1,0,0,0,0,4.93798E+20,5.55938E+21,8.91312E+15,5.01866E+16
14678,14679,6,4,31,13,2016,6,8,6,3,1,6,0,0,0,1,0,0,1,0,4.56813E+20,5.49831E+21,8.40189E+15,4.96358E+16
14679,14680,6,4,12,0,2016,6,18,5,3,3,2,0,0,1,1,0,0,0,0,4.77912E+20,5.54965E+21,8.69117E+15,5.00987E+16
14680,14681,6,5,33,3,2016,6,15,7,3,2,6,0,1,0,1,0,0,0,1,4.45668E+20,5.57215E+21,8.23714E+15,5.02989E+16
14681,14682,6,5,31,11,2016,6,12,6,2,5,3,0,0,0,1,0,0,0,0,4.89933E+20,5.5929E+21,8.85809E+15,5.0488E+16
14682,14683,6,4,12,0,2016,6,18,4,3,4,1,0,1,0,1,0,0,0,0,4.81573E+20,5.54987E+21,8.74235E+15,5.01008E+16
14683,14684,6,4,35,14,2016,6,14,5,3,2,1,0,0,0,1,0,0,0,0,4.92322E+20,5.5546E+21,8.89254E+15,5.01436E+16
14684,14685,6,4,36,7,2016,6,15,6,2,2,6,0,1,0,1,0,0,0,0,4.5494E+20,5.545E+21,8.37053E+15,5.00556E+16
14685,14686,6,4,40,25,2016,6,15,4,3,4,6,0,0,0,1,0,0,0,0,4.822E+20,5.57241E+21,8.75005E+15,5.03035E+16
14686,14687,6,4,39,3,2016,6,9,4,3,8,1,0,0,0,1,0,0,0,0,4.35691E+20,5.54124E+21,8.10229E+15,5.002E+16
14687,14688,6,6,35,9,2016,6,1,2,3,9,1,2,0,0,0,0,1,0,0,5.01104E+20,5.66911E+21,9.0158E+15,5.11735E+16
14688,14689,6,4,37,1,2016,6,8,5,3,8,1,0,0,0,1,0,0,0,0,4.99801E+20,5.50594E+21,8.99724E+15,4.9706E+16
14689,14690,6,4,12,0,2016,6,19,1,3,9,1,0,0,0,1,0,0,0,0,4.75289E+20,5.56008E+21,8.65382E+15,5.01924E+16
14690,14691,6,6,31,10,2016,6,13,3,2,4,6,0,1,0,1,0,0,0,0,5.64637E+20,5.58927E+21,9.91047E+15,5.04519E+16
14691,14692,6,6,31,2,2016,6,22,3,3,8,1,2,1,0,0,0,1,0,1,5.53332E+20,5.62219E+21,9.75598E+15,5.07491E+16
14692,14693,6,5,32,8,2016,6,17,2,3,1,5,0,1,0,1,0,1,0,0,4.56297E+20,5.60532E+21,8.38249E+15,5.05981E+16
14693,14694,6,4,36,10,2016,6,2,3,3,0,1,2,0,0,0,0,1,0,0,4.63505E+20,5.55319E+21,8.4894E+15,5.01299E+16
14694,14695,6,5,31,10,2016,6,14,1,2,8,1,0,0,0,0,0,1,0,0,5.02246E+20,5.59809E+21,9.03169E+15,5.05348E+16
14695,14696,6,6,31,21,2016,6,19,4,3,5,3,0,0,1,1,0,0,0,0,5.65206E+20,5.59519E+21,9.91953E+15,5.05051E+16
14696,14697,6,6,35,9,2016,6,17,3,2,8,1,0,0,0,1,0,0,0,0,5.06938E+20,5.66949E+21,9.09925E+15,5.11768E+16
14697,14698,6,4,38,6,2016,6,10,3,3,5,2,0,0,0,1,0,0,0,0,4.80825E+20,5.53679E+21,8.73254E+15,4.99831E+16
14698,14699,6,4,34,3,2016,6,15,1,3,8,7,0,0,0,0,0,1,0,0,4.59793E+20,5.56315E+21,8.43641E+15,5.02191E+16
14699,14700,6,4,12,0,2016,6,20,7,3,3,6,1,0,0,1,0,0,0,0,4.76537E+20,5.54964E+21,8.67194E+15,5.00986E+16
14700,14701,6,6,34,22,2016,6,22,2,2,9,1,2,0,0,1,0,0,0,0,5.08932E+20,5.63626E+21,9.12696E+15,5.08779E+16
14701,14702,6,6,32,4,2016,6,13,7,2,8,1,0,1,0,0,0,0,1,0,5.34187E+20,5.62736E+21,9.4851E+15,5.0797E+16
14702,14703,6,4,39,12,2016,6,13,2,3,9,1,0,0,0,0,0,1,0,0,4.30205E+20,5.53953E+21,8.02604E+15,5.0004E+16
14703,14704,6,4,14,0,2016,6,14,1,3,2,6,0,0,0,1,0,0,0,0,4.52819E+20,5.54518E+21,8.34088E+15,5.0057E+16
14704,14705,6,4,12,0,2016,6,4,7,2,8,1,1,1,0,1,0,0,0,0,4.78465E+20,5.54805E+21,8.69898E+15,5.00843E+16
14705,14706,6,4,37,2,2016,6,13,7,3,8,1,0,0,0,0,0,1,0,0,4.96347E+20,5.49123E+21,8.94948E+15,4.95736E+16
14706,14707,6,4,32,12,2016,6,9,6,2,3,6,0,0,1,1,0,0,0,0,4.84371E+20,5.53208E+21,8.78219E+15,4.99409E+16
14707,14708,6,6,31,9,2016,6,3,6,3,5,2,2,0,0,1,0,0,0,0,5.48472E+20,5.60092E+21,9.68431E+15,5.05582E+16
14708,14709,6,4,35,29,2016,6,12,7,3,2,6,0,0,0,1,0,0,0,0,5.20825E+20,5.56625E+21,9.29208E+15,5.0248E+16
14709,14710,6,5,32,9,2016,6,19,7,2,3,6,0,0,0,1,0,1,0,0,4.52725E+20,5.62705E+21,8.32925E+15,5.07932E+16
14710,14711,6,4,12,0,2016,6,18,1,3,2,6,0,0,0,1,0,0,0,0,4.7487E+20,5.56085E+21,8.64789E+15,5.01993E+16
14711,14712,6,4,38,12,2016,6,7,4,1,3,6,0,0,1,0,0,0,0,1,4.87839E+20,5.53704E+21,8.83036E+15,4.99856E+16
14712,14713,6,4,14,0,2016,6,20,3,3,8,1,1,1,0,1,0,0,0,0,4.45381E+20,5.5477E+21,8.23662E+15,5.00791E+16
14713,14714,6,6,36,16,2016,6,11,3,3,2,2,0,0,0,1,0,0,0,1,5.61091E+20,5.68895E+21,9.87721E+15,5.13486E+16
14714,14715,6,4,14,0,2016,6,14,1,3,8,1,0,0,1,0,0,0,0,0,4.47676E+20,5.55086E+21,8.26826E+15,5.01077E+16
14715,14716,6,5,32,23,2016,6,9,7,3,3,6,0,0,1,1,0,0,0,0,4.64474E+20,5.60022E+21,8.49852E+15,5.05528E+16
14716,14717,6,4,13,0,2016,6,16,2,2,2,6,0,1,0,1,0,0,1,0,4.84527E+20,5.55038E+21,8.78363E+15,5.01055E+16
14717,14718,6,4,11,0,2016,6,9,2,3,5,3,0,0,0,1,0,0,1,0,4.71743E+20,5.52389E+21,8.6068E+15,4.98667E+16
14718,14719,6,4,14,0,2016,6,17,7,3,5,2,0,1,0,1,0,0,0,0,4.43034E+20,5.54453E+21,8.20429E+15,5.00503E+16
14719,14720,6,4,38,3,2016,6,21,3,3,0,7,2,1,1,0,0,0,0,0,4.74753E+20,5.53549E+21,8.64793E+15,4.99712E+16
14720,14721,6,5,31,6,2016,6,9,2,3,2,6,0,1,0,1,0,0,0,0,4.93909E+20,5.60859E+21,8.91387E+15,5.06291E+16
14721,14722,6,5,33,3,2016,6,13,7,2,4,1,0,0,0,1,0,1,0,0,4.51506E+20,5.57233E+21,8.31908E+15,5.03011E+16
14722,14723,6,4,14,0,2016,6,7,6,3,6,4,0,0,0,1,1,0,0,0,4.48995E+20,5.54547E+21,8.28743E+15,5.00593E+16
14723,14724,6,4,35,4,2016,6,23,7,1,6,6,1,1,0,1,1,0,0,0,5.18242E+20,5.57696E+21,9.25637E+15,5.03445E+16
14724,14725,6,4,38,1,2016,6,14,7,3,4,6,0,0,0,1,0,0,0,0,4.83357E+20,5.54198E+21,8.76763E+15,5.00299E+16
14725,14726,6,4,39,1,2016,6,18,1,2,0,7,0,1,0,0,0,1,0,0,4.33144E+20,5.56597E+21,8.06241E+15,5.02421E+16
14726,14727,6,6,34,14,2016,6,14,1,3,0,6,0,1,0,0,0,1,0,1,5.37948E+20,5.66137E+21,9.542E+15,5.11025E+16
14727,14728,6,4,38,11,2016,6,13,1,3,1,6,0,1,0,1,0,0,0,1,4.92127E+20,5.54512E+21,8.89002E+15,5.00583E+16
14728,14729,6,6,31,15,2016,6,16,6,3,5,3,0,0,0,1,0,1,0,0,5.58668E+20,5.61715E+21,9.8308E+15,5.07032E+16
14729,14730,6,6,35,11,2016,6,21,5,2,5,3,0,0,0,0,0,1,1,0,4.87456E+20,5.65629E+21,8.82101E+15,5.1058E+16
14730,14731,6,6,11,0,2016,6,15,6,3,8,1,0,1,0,1,0,0,0,0,5.33614E+20,5.68601E+21,9.48241E+15,5.13244E+16