FID,OBJECTID,ULAND,UREGBEZ,UKREIS,UGEMEINDE,UJAHR,UMONAT,USTUNDE,UWOCHENTAG,UKATEGORIE,UART,UTYP1,ULICHTVERH,IstStrasse,IstRad,IstPKW,IstFuss,IstKrad,IstGkfz,IstSonstig,LINREFX,LINREFY,XGCSWGS84,YGCSWGS84
14731,14732,6,4,35,17,2016,6,10,6,3,2,6,0,0,0,1,0,0,0,0,5.04857E+20,5.55864E+21,9.06802E+15,5.01799E+16
14732,14733,6,6,34,14,2016,6,5,4,3,8,1,1,1,0,1,0,0,0,0,5.41605E+20,5.66559E+21,9.59472E+15,5.11403E+16
14733,14734,6,5,31,5,2016,6,17,4,3,2,6,0,1,0,1,0,0,0,0,4.76391E+20,5.60408E+21,8.66649E+15,5.05881E+16
14734,14735,6,6,34,1,2016,6,13,5,3,0,1,0,1,0,0,0,1,0,0,5.20821E+20,5.65578E+21,9.29706E+15,5.10531E+16
14735,14736,6,4,36,4,2016,6,8,4,2,0,6,0,0,0,1,0,1,0,0,4.58712E+20,5.53984E+21,8.42377E+15,5.00095E+16
14736,14737,6,4,36,5,2016,6,13,4,3,0,7,0,0,1,0,0,0,0,0,4.637E+20,5.54595E+21,8.4928E+15,5.00648E+16
14737,14738,6,4,33,4,2016,6,15,4,3,5,3,0,1,0,1,0,0,0,0,4.63471E+20,5.51222E+21,8.4928E+15,4.97614E+16
14738,14739,6,4,34,11,2016,6,18,2,3,5,3,0,0,0,1,0,0,0,0,4.65397E+20,5.57646E+21,8.51374E+15,5.03392E+16
14739,14740,6,4,39,11,2016,6,6,5,2,4,6,0,0,0,1,0,0,0,0,4.46771E+20,5.55833E+21,8.25457E+15,5.01748E+16
14740,14741,6,4,14,0,2016,6,13,7,3,5,2,0,1,0,1,0,0,0,0,4.43696E+20,5.54745E+21,8.21312E+15,5.00767E+16
14741,14742,6,6,33,17,2016,6,15,3,2,2,6,0,0,0,1,0,0,1,0,5.36079E+20,5.67877E+21,9.51706E+15,5.12592E+16
14742,14743,6,5,31,12,2016,6,18,3,2,3,6,0,0,0,1,0,1,0,0,4.75175E+20,5.59854E+21,8.64968E+15,5.05383E+16
14743,14744,6,4,31,20,2016,6,15,2,3,4,2,0,0,0,1,0,0,0,0,4.68023E+20,5.48603E+21,8.55814E+15,4.9526E+16
14744,14745,6,5,31,5,2016,6,13,3,3,3,6,0,0,0,1,0,1,0,0,4.79538E+20,5.60375E+21,8.71097E+15,5.05853E+16
14745,14746,6,6,32,12,2016,6,11,7,2,0,1,0,1,0,0,0,1,0,0,5.45527E+20,5.64613E+21,9.64833E+15,5.0965E+16
14746,14747,6,4,12,0,2016,6,15,4,2,0,7,0,0,0,0,0,0,0,1,4.82224E+20,5.55478E+21,8.75122E+15,5.01449E+16
14747,14748,6,4,38,8,2016,6,23,3,2,5,3,2,1,0,1,0,0,0,0,4.87969E+20,5.55199E+21,8.83171E+15,5.012E+16
14748,14749,6,4,36,2,2016,6,13,3,3,4,6,0,1,0,1,0,0,0,0,4.54717E+20,5.55477E+21,8.36625E+15,5.01434E+16
14749,14750,6,4,31,13,2016,6,4,1,3,9,1,1,1,0,1,0,0,0,0,4.68657E+20,5.49419E+21,8.56626E+15,4.95995E+16
14750,14751,6,4,38,9,2016,6,15,7,3,1,5,0,0,0,1,0,1,0,0,4.78181E+20,5.54455E+21,8.69522E+15,5.00528E+16
14751,14752,6,4,36,4,2016,6,19,2,3,2,6,0,0,0,1,0,0,0,0,4.59452E+20,5.54344E+21,8.43372E+15,5.00418E+16
14752,14753,6,5,31,18,2016,6,5,7,2,8,1,1,1,0,1,0,0,0,0,4.76839E+20,5.60766E+21,8.67259E+15,5.06203E+16
14753,14754,6,5,35,1,2016,6,23,2,3,8,1,2,0,0,1,0,0,0,0,5.20187E+20,5.62551E+21,9.28635E+15,5.0781E+16
14754,14755,6,6,34,22,2016,6,11,1,2,4,6,0,1,0,1,0,0,0,0,5.15273E+20,5.63921E+21,9.21722E+15,5.09044E+16
14755,14756,6,6,35,11,2016,6,16,7,2,8,1,0,0,0,1,0,0,0,0,4.93365E+20,5.65694E+21,8.90532E+15,5.1064E+16
14756,14757,6,4,39,5,2016,6,9,7,3,8,1,0,0,0,0,0,1,0,0,4.24377E+20,5.55155E+21,7.94235E+15,5.01114E+16
14757,14758,6,6,34,3,2016,6,16,6,3,5,3,0,0,0,1,0,0,0,0,5.30811E+20,5.66434E+21,9.44032E+15,5.11297E+16
14758,14759,6,6,33,23,2016,6,14,6,2,2,6,0,0,0,1,0,0,0,0,5.22062E+20,5.68365E+21,9.31648E+15,5.13037E+16
14759,14760,6,4,33,6,2016,6,18,7,3,8,1,0,1,0,1,0,0,0,0,4.62918E+20,5.52468E+21,8.48394E+15,4.98734E+16
14760,14761,6,4,13,0,2016,6,14,6,3,5,3,0,0,0,1,0,0,0,0,4.80547E+20,5.54551E+21,8.72822E+15,5.00615E+16
14761,14762,6,5,34,17,2016,6,15,7,2,0,6,0,0,0,1,0,0,0,0,4.89617E+20,5.64417E+21,8.85219E+15,5.0949E+16
14762,14763,6,4,31,13,2016,6,9,5,2,2,6,0,0,0,0,0,0,1,1,4.68175E+20,5.49428E+21,8.55957E+15,4.96002E+16
14763,14764,6,4,37,4,2016,6,22,5,3,1,5,2,0,0,1,0,0,0,0,5.02996E+20,5.51956E+21,9.04166E+15,4.98284E+16
14764,14765,6,5,31,16,2016,6,7,5,3,2,6,0,0,0,1,0,0,0,0,4.87864E+20,5.60523E+21,8.82852E+15,5.05989E+16
14765,14766,6,4,40,4,2016,6,22,6,3,7,7,2,0,0,1,0,0,0,0,5.03598E+20,5.57279E+21,9.05053E+15,5.03072E+16
14766,14767,6,4,12,0,2016,6,17,3,3,2,6,0,0,0,1,0,0,0,0,4.68202E+20,5.55247E+21,8.55517E+15,5.01236E+16
14767,14768,6,5,32,23,2016,6,11,6,3,3,6,0,0,0,1,0,0,1,1,4.64481E+20,5.60493E+21,8.49817E+15,5.05952E+16
14768,14769,6,4,32,15,2016,6,4,1,3,8,1,1,0,0,1,0,0,0,0,4.88978E+20,5.53061E+21,8.84644E+15,4.99278E+16
14769,14770,6,4,14,0,2016,6,8,4,3,5,3,0,0,1,1,0,0,0,0,4.45711E+20,5.54684E+21,8.24135E+15,5.00714E+16
14770,14771,6,5,33,17,2016,6,0,4,3,2,6,2,0,0,1,0,0,0,0,4.47803E+20,5.59273E+21,8.26426E+15,5.04843E+16
14771,14772,6,4,12,0,2016,6,15,4,3,6,4,0,1,0,1,1,0,0,0,4.7169E+20,5.55467E+21,8.6038E+15,5.01436E+16
14772,14773,6,4,33,10,2016,6,8,5,3,3,6,0,0,0,1,0,0,0,0,4.63999E+20,5.54188E+21,8.49737E+15,5.00281E+16
14773,14774,6,6,33,15,2016,6,8,3,3,5,3,0,0,0,1,0,0,0,0,5.42332E+20,5.68165E+21,9.607E+15,5.12846E+16
14774,14775,6,5,35,13,2016,6,7,4,3,5,3,0,0,0,1,0,0,0,1,5.05717E+20,5.60625E+21,9.0808E+15,5.06081E+16
14775,14776,6,4,35,20,2016,6,11,4,3,5,3,0,0,0,1,0,0,0,0,5.00073E+20,5.55909E+21,9.00102E+15,5.0184E+16
14776,14777,6,4,35,14,2016,6,15,4,3,3,6,0,0,0,1,0,0,0,0,4.94602E+20,5.55425E+21,8.92445E+15,5.01404E+16
14777,14778,6,6,34,3,2016,6,13,4,3,9,1,0,1,0,1,0,0,0,0,5.33239E+20,5.66873E+21,9.47542E+15,5.1169E+16
14778,14779,6,6,31,15,2016,6,15,2,3,5,3,0,0,0,1,0,1,0,0,5.55473E+20,5.61685E+21,9.78552E+15,5.07008E+16
14779,14780,6,4,35,14,2016,6,10,5,3,3,6,0,0,0,1,0,0,0,0,4.94265E+20,5.55297E+21,8.91977E+15,5.01289E+16
14780,14781,6,5,33,17,2016,6,22,5,3,7,7,2,0,0,0,0,1,0,0,4.54335E+20,5.59307E+21,8.35627E+15,5.04878E+16
14781,14782,6,6,33,14,2016,6,9,6,2,2,6,0,0,0,1,0,0,0,0,5.32302E+20,5.6979E+21,9.46467E+15,5.14314E+16
14782,14783,6,4,12,0,2016,6,9,6,3,2,6,0,0,0,1,0,0,0,0,4.7395E+20,5.56039E+21,8.63503E+15,5.01952E+16
14783,14784,6,4,35,27,2016,6,4,1,3,8,1,1,0,0,1,0,0,0,0,5.44365E+20,5.57338E+21,9.62307E+15,5.03108E+16
14784,14785,6,5,35,16,2016,6,1,4,3,5,3,2,0,0,1,0,0,0,0,5.08636E+20,5.5942E+21,9.12178E+15,5.04997E+16
14785,14786,6,4,35,25,2016,6,15,4,3,5,2,0,0,0,1,0,0,0,0,5.37309E+20,5.57846E+21,9.52449E+15,5.0357E+16
14786,14787,6,5,33,6,2016,6,17,4,3,5,3,0,1,0,1,0,0,0,0,4.31527E+20,5.58519E+21,8.03625E+15,5.04147E+16
14787,14788,6,4,12,0,2016,6,8,5,3,5,3,0,0,0,1,0,0,0,1,4.63983E+20,5.54918E+21,8.49646E+15,5.00938E+16
14788,14789,6,5,31,5,2016,6,11,3,3,3,6,0,0,0,0,0,1,1,0,4.7737E+20,5.60348E+21,8.68036E+15,5.05828E+16
14789,14790,6,6,11,0,2016,6,12,4,3,6,4,0,0,0,1,1,0,0,0,5.33204E+20,5.68463E+21,9.47639E+15,5.1312E+16
14790,14791,6,5,32,5,2016,6,16,4,3,4,6,0,0,0,1,0,0,1,0,4.52976E+20,5.63174E+21,8.3322E+15,5.08355E+16
14791,14792,6,6,31,22,2016,6,5,4,2,8,1,0,1,0,1,0,0,0,0,5.62076E+20,5.61885E+21,9.87935E+15,5.07181E+16
14792,14793,6,4,32,1,2016,6,15,2,3,2,2,0,0,0,0,0,1,1,0,4.70192E+20,5.50951E+21,8.58633E+15,4.97373E+16
14793,14794,6,4,32,1,2016,6,7,5,3,4,1,0,0,0,1,0,0,0,0,4.68217E+20,5.50953E+21,8.55892E+15,4.97374E+16
14794,14795,6,6,35,3,2016,6,11,7,3,0,1,0,1,1,0,0,0,0,0,5.02792E+20,5.65857E+21,9.03985E+15,5.10787E+16
14795,14796,6,4,39,8,2016,6,11,3,3,9,1,0,1,0,0,0,1,0,0,4.47507E+20,5.55979E+21,8.26467E+15,5.0188E+16
14796,14797,6,4,31,2,2016,6,8,3,2,8,7,0,0,0,1,0,0,0,0,4.7123E+20,5.50374E+21,8.60116E+15,4.96855E+16
14797,14798,6,4,34,9,2016,6,13,3,3,4,6,0,0,0,1,0,1,0,0,4.59874E+20,5.57264E+21,8.43654E+15,5.03045E+16
14798,14799,6,4,33,6,2016,6,11,2,3,2,6,0,1,0,1,0,0,0,0,4.64164E+20,5.5286E+21,8.50092E+15,4.99087E+16
14799,14800,6,6,11,0,2016,6,15,2,3,3,6,0,0,0,1,0,1,0,0,5.34727E+20,5.68574E+21,9.49836E+15,5.13219E+16
14800,14801,6,4,14,0,2016,6,19,7,3,6,7,0,0,0,1,1,0,0,0,4.44717E+20,5.54678E+21,8.22748E+15,5.00707E+16
14801,14802,6,6,32,8,2016,6,9,1,3,9,1,0,1,0,1,0,0,0,0,5.48285E+20,5.62216E+21,9.68444E+15,5.07492E+16
14802,14803,6,4,12,0,2016,6,16,4,3,3,6,0,0,0,1,0,0,1,0,4.71708E+20,5.55052E+21,8.60436E+15,5.01063E+16
14803,14804,6,4,40,17,2016,6,18,3,3,2,2,0,0,0,1,0,0,0,0,4.8594E+20,5.56949E+21,8.80267E+15,5.02774E+16
14804,14805,6,4,35,14,2016,6,18,1,3,5,3,0,0,0,1,0,0,0,0,4.94516E+20,5.54978E+21,8.92331E+15,5.01002E+16
14805,14806,6,5,34,6,2016,6,14,7,2,5,3,0,0,0,1,0,0,0,1,4.86584E+20,5.63406E+21,8.80938E+15,5.0858E+16
14806,14807,6,4,32,14,2016,6,16,2,3,3,2,0,0,1,1,0,0,0,0,4.78688E+20,5.51989E+21,8.70366E+15,4.98311E+16
14807,14808,6,4,14,0,2016,6,15,6,2,6,4,0,0,0,1,1,0,0,0,4.47744E+20,5.54126E+21,8.27052E+15,5.00213E+16
14808,14809,6,4,38,11,2016,6,16,2,3,2,6,0,0,0,1,0,0,0,0,4.92261E+20,5.54514E+21,8.89189E+15,5.00585E+16
14809,14810,6,4,34,3,2016,6,14,1,2,2,6,0,0,0,1,0,0,0,0,4.57388E+20,5.56277E+21,8.40275E+15,5.02156E+16
14810,14811,6,4,40,17,2016,6,10,7,2,0,1,0,0,0,1,0,0,0,0,4.8523E+20,5.57038E+21,8.79267E+15,5.02854E+16
14811,14812,6,6,34,27,2016,6,17,6,3,8,1,0,0,0,0,0,1,0,0,5.09379E+20,5.65491E+21,9.1338E+15,5.10457E+16
14812,14813,6,4,11,0,2016,6,13,6,3,3,6,0,0,0,1,0,1,0,0,4.71405E+20,5.52495E+21,8.60202E+15,4.98763E+16
14813,14814,6,5,32,23,2016,6,8,7,3,5,3,0,0,0,1,0,0,0,0,4.61895E+20,5.59997E+21,8.46214E+15,5.05505E+16
14814,14815,6,4,40,4,2016,6,14,6,3,8,1,0,0,0,1,0,0,0,0,5.02223E+20,5.56619E+21,9.03118E+15,5.02479E+16
14815,14816,6,6,31,9,2016,6,2,7,3,0,7,2,1,0,1,0,0,0,0,5.49589E+20,5.59892E+21,9.69981E+15,5.05401E+16
14816,14817,6,6,36,3,2016,6,20,4,3,5,3,0,0,0,1,0,0,0,0,5.72614E+20,5.67176E+21,1.00392E+16,5.11926E+16
14817,14818,6,4,32,20,2016,6,13,5,2,9,1,0,0,0,1,0,0,0,0,4.84083E+20,5.52493E+21,8.77847E+15,4.98766E+16
14818,14819,6,4,12,0,2016,6,9,5,3,5,3,0,0,0,1,0,0,1,0,4.70701E+20,5.55344E+21,8.59006E+15,5.01324E+16
14819,14820,6,4,32,20,2016,6,14,6,3,2,6,0,1,0,1,0,0,0,0,4.83066E+20,5.52454E+21,8.76433E+15,4.9873E+16
14820,14821,6,5,31,5,2016,6,11,3,3,2,6,0,0,0,1,0,0,1,0,4.79451E+20,5.6044E+21,8.70969E+15,5.05912E+16
14821,14822,6,5,33,14,2016,6,13,5,3,9,1,0,0,0,1,0,0,0,0,4.45447E+20,5.57579E+21,8.23351E+15,5.03317E+16
14822,14823,6,5,35,1,2016,6,16,1,3,8,1,0,0,0,1,0,0,0,0,5.18484E+20,5.62419E+21,9.26212E+15,5.07692E+16
14823,14824,6,4,40,4,2016,6,19,4,3,6,4,0,0,0,1,1,0,0,0,5.0712E+20,5.57083E+21,9.09995E+15,5.02896E+16
14824,14825,6,4,34,3,2016,6,18,1,3,9,1,0,1,0,0,0,1,0,0,4.59964E+20,5.5638E+21,8.43873E+15,5.0225E+16
14825,14826,6,4,38,6,2016,6,16,5,3,2,6,0,1,0,1,0,0,0,0,4.78004E+20,5.53742E+21,8.69316E+15,4.99887E+16
14826,14827,6,4,39,2,2016,6,14,4,2,9,1,0,0,0,1,0,0,0,0,4.31861E+20,5.55397E+21,8.04657E+15,5.0134E+16
14827,14828,6,6,34,8,2016,6,15,4,3,3,6,0,0,0,1,0,0,0,0,5.32859E+20,5.67139E+21,9.47023E+15,5.1193E+16
14828,14829,6,6,35,18,2016,6,15,3,2,2,6,0,0,0,1,0,0,0,0,4.96005E+20,5.68722E+21,8.94265E+15,5.13363E+16
14829,14830,6,4,35,14,2016,6,8,2,3,8,7,0,0,0,1,0,0,1,0,4.9896E+20,5.55139E+21,8.98545E+15,5.01147E+16
14830,14831,6,6,31,7,2016,6,19,5,2,5,2,0,0,0,1,0,1,0,0,5.57713E+20,5.62589E+21,9.81866E+15,5.07819E+16
14831,14832,6,5,35,13,2016,6,9,7,3,9,1,0,1,0,1,0,0,0,0,4.99785E+20,5.61262E+21,8.99696E+15,5.06654E+16
14832,14833,6,5,31,4,2016,6,6,2,3,2,6,0,0,0,0,0,0,1,1,4.85615E+20,5.60177E+21,8.79688E+15,5.05677E+16
14833,14834,6,5,33,7,2016,6,9,2,3,0,5,0,1,0,0,0,1,0,1,4.32165E+20,5.58861E+21,8.0446E+15,5.04456E+16
14834,14835,6,6,33,17,2016,6,16,2,3,0,1,0,0,0,0,0,1,0,0,5.38416E+20,5.68109E+21,9.55079E+15,5.12799E+16
14835,14836,6,4,12,0,2016,6,18,3,3,5,3,0,0,1,1,0,0,0,0,4.79705E+20,5.55408E+21,8.716E+15,5.01386E+16
14836,14837,6,4,40,8,2016,6,8,3,3,2,6,0,0,0,1,0,0,0,0,4.81142E+20,5.57557E+21,8.73504E+15,5.03319E+16
14837,14838,6,4,12,0,2016,6,19,2,3,8,1,0,1,0,1,0,0,0,0,4.8146E+20,5.54955E+21,8.74078E+15,5.00979E+16
14838,14839,6,4,13,0,2016,6,12,3,3,5,2,0,0,0,1,0,0,0,0,4.8165E+20,5.54774E+21,8.74353E+15,5.00817E+16
14839,14840,6,4,40,5,2016,6,19,1,3,2,6,0,0,0,1,0,0,0,0,4.78743E+20,5.58362E+21,8.70087E+15,5.04042E+16
14840,14841,6,4,35,14,2016,6,17,7,3,5,2,0,0,0,1,0,0,0,0,4.93885E+20,5.55248E+21,8.91445E+15,5.01245E+16
14841,14842,6,5,35,16,2016,6,12,1,2,8,6,0,0,0,1,0,1,0,0,5.13708E+20,5.59778E+21,9.19341E+15,5.05318E+16
14842,14843,6,4,33,12,2016,6,5,1,2,5,3,1,1,0,1,0,0,0,0,4.59956E+20,5.53738E+21,8.44139E+15,4.99874E+16
14843,14844,6,5,32,3,2016,6,9,2,2,5,2,0,0,0,1,0,1,0,0,4.59442E+20,5.59427E+21,8.42814E+15,5.0499E+16
14844,14845,6,6,31,4,2016,6,16,6,3,2,6,0,1,0,1,0,0,0,0,5.56678E+20,5.59294E+21,9.79893E+15,5.04857E+16
14845,14846,6,4,33,10,2016,6,12,5,3,9,1,0,0,0,1,0,0,0,0,4.61433E+20,5.54109E+21,8.46163E+15,5.00209E+16
14846,14847,6,4,36,7,2016,6,23,7,3,2,6,2,0,0,1,0,0,0,0,4.60336E+20,5.54823E+21,8.44558E+15,5.00851E+16
14847,14848,6,5,32,1,2016,6,5,2,3,8,7,1,0,0,1,0,0,0,0,4.61808E+20,5.60595E+21,8.46029E+15,5.06042E+16
14848,14849,6,6,35,21,2016,6,18,2,3,8,1,0,1,0,1,0,0,0,0,4.97537E+20,5.67798E+21,8.96471E+15,5.12532E+16
14849,14850,6,5,33,2,2016,6,15,2,3,5,3,0,0,0,1,0,0,0,0,4.40596E+20,5.5792E+21,8.16482E+15,5.03618E+16
14850,14851,6,4,36,1,2016,6,10,3,3,6,6,0,0,0,1,1,0,0,0,4.64368E+20,5.55616E+21,8.50119E+15,5.01566E+16
14851,14852,6,4,40,9,2016,6,17,3,2,2,6,0,0,0,1,0,0,0,0,5.14297E+20,5.58729E+21,9.20132E+15,5.04374E+16
14852,14853,6,5,31,9,2016,6,13,2,2,5,3,0,1,0,1,0,0,0,0,4.76901E+20,5.59392E+21,8.67432E+15,5.04968E+16
14853,14854,6,6,32,2,2016,6,19,3,3,3,7,0,0,0,1,0,0,0,0,5.50148E+20,5.63558E+21,9.71268E+15,5.08698E+16
14854,14855,6,4,35,10,2016,6,16,3,3,0,7,0,0,0,1,0,0,0,0,5.167E+20,5.56204E+21,9.23404E+15,5.02103E+16
14855,14856,6,4,35,10,2016,6,0,1,2,9,6,2,1,0,1,0,0,1,0,5.10895E+20,5.56048E+21,9.15265E+15,5.01965E+16
14856,14857,6,5,31,10,2016,6,12,7,3,3,3,0,0,0,1,0,1,0,0,4.95487E+20,5.60001E+21,8.93629E+15,5.0552E+16
14857,14858,6,4,37,13,2016,6,16,6,3,0,1,0,0,0,1,0,1,0,0,4.89368E+20,5.50106E+21,8.85268E+15,4.9662E+16
14858,14859,6,5,31,12,2016,6,10,2,3,2,6,0,0,0,1,0,0,0,0,4.75676E+20,5.59645E+21,8.65689E+15,5.05195E+16
14859,14860,6,5,32,11,2016,6,18,1,3,5,2,0,0,0,1,0,0,0,0,4.47434E+20,5.62808E+21,8.25403E+15,5.08021E+16
14860,14861,6,6,31,4,2016,6,18,6,1,0,1,0,1,0,0,0,1,0,0,5.56803E+20,5.59379E+21,9.80082E+15,5.04933E+16
14861,14862,6,4,35,14,2016,6,23,7,3,1,6,2,0,0,1,0,0,0,0,4.91937E+20,5.55398E+21,8.88716E+15,5.0138E+16
14862,14863,6,4,31,17,2016,6,20,6,3,8,1,0,0,0,0,0,1,0,0,4.78732E+20,5.49633E+21,8.70556E+15,4.96191E+16
14863,14864,6,5,33,9,2016,6,14,5,3,5,3,0,0,0,1,0,0,0,0,4.34301E+20,5.58047E+21,8.07611E+15,5.03726E+16
14864,14865,6,4,38,11,2016,6,12,7,3,3,6,0,0,0,1,0,0,1,0,4.91097E+20,5.54529E+21,8.87562E+15,5.00598E+16
14865,14866,6,4,12,0,2016,6,9,2,3,2,6,0,0,0,1,0,0,0,0,4.74612E+20,5.561E+21,8.64426E+15,5.02006E+16
14866,14867,6,4,33,8,2016,6,17,6,3,3,6,0,0,0,1,0,1,0,0,4.71014E+20,5.5367E+21,8.5957E+15,4.99819E+16
14867,14868,6,4,31,1,2016,6,11,5,3,0,1,0,1,0,0,0,1,0,0,4.85076E+20,5.4879E+21,8.7937E+15,4.95435E+16
14868,14869,6,6,31,9,2016,6,20,5,2,5,3,0,0,0,1,0,1,0,0,5.49965E+20,5.60308E+21,9.70567E+15,5.05775E+16
14869,14870,6,6,11,0,2016,6,14,4,3,5,2,0,0,0,1,0,1,0,0,5.3498E+20,5.68577E+21,9.50199E+15,5.13222E+16
14870,14871,6,6,31,15,2016,6,15,6,2,2,6,0,0,0,1,0,0,0,1,5.50236E+20,5.61183E+21,9.71069E+15,5.06562E+16
14871,14872,6,4,14,0,2016,6,19,2,3,2,6,0,1,0,1,0,0,0,0,4.47562E+20,5.54156E+21,8.26794E+15,5.00241E+16
14872,14873,6,4,14,0,2016,6,17,5,3,5,7,0,0,0,1,0,1,0,0,4.49073E+20,5.54132E+21,8.28906E+15,5.0022E+16
14873,14874,6,5,32,3,2016,6,12,1,2,8,1,0,0,0,0,0,1,0,0,4.59654E+20,5.59378E+21,8.43118E+15,5.04946E+16
14874,14875,6,5,33,11,2016,6,10,3,3,5,3,0,0,0,1,0,0,0,0,4.39274E+20,5.59814E+21,8.14317E+15,5.05321E+16
14875,14876,6,5,34,10,2016,6,15,4,3,5,2,0,1,0,1,0,0,0,0,4.70717E+20,5.62465E+21,8.58471E+15,5.07728E+16
14876,14877,6,4,33,14,2016,6,20,1,3,5,3,1,1,1,1,0,0,0,0,4.56913E+20,5.5309E+21,8.39968E+15,4.99289E+16
14877,14878,6,4,31,16,2016,6,13,5,3,2,6,0,0,0,1,0,0,0,0,4.70025E+20,5.50015E+21,8.58472E+15,4.96531E+16
14878,14879,6,4,34,8,2016,6,18,4,3,2,6,0,0,0,1,0,0,0,1,4.66922E+20,5.56176E+21,8.53646E+15,5.02071E+16
14879,14880,6,5,33,9,2016,6,15,3,3,5,2,0,0,0,1,0,1,0,0,4.34086E+20,5.58044E+21,8.07309E+15,5.03724E+16
14880,14881,6,4,12,0,2016,6,16,3,3,5,3,1,1,1,1,0,0,0,0,4.73486E+20,5.55162E+21,8.62914E+15,5.01162E+16
14881,14882,6,5,31,3,2016,6,21,2,3,8,1,2,1,0,1,0,0,0,0,4.86915E+20,5.60678E+21,8.81506E+15,5.06128E+16
14882,14883,6,6,31,9,2016,6,6,7,3,5,3,0,1,0,1,0,1,0,0,5.47928E+20,5.59967E+21,9.67646E+15,5.0547E+16
14883,14884,6,4,12,0,2016,6,15,1,3,5,7,0,0,0,1,0,0,0,0,4.69861E+20,5.54464E+21,8.57899E+15,5.00533E+16
14884,14885,6,4,14,0,2016,6,16,2,3,5,2,0,0,0,1,0,0,0,0,4.43312E+20,5.5474E+21,8.20775E+15,5.00762E+16
14885,14886,6,4,12,0,2016,6,6,2,3,5,2,0,0,1,1,0,0,0,0,4.81212E+20,5.55214E+21,8.73718E+15,5.01212E+16
14886,14887,6,5,33,3,2016,6,14,7,3,4,6,0,0,0,1,0,0,0,0,4.47183E+20,5.57268E+21,8.25834E+15,5.03039E+16
14887,14888,6,6,11,0,2016,6,6,3,2,0,1,0,0,1,0,0,0,0,0,5.31422E+20,5.68416E+21,9.45079E+15,5.13078E+16
14888,14889,6,5,34,21,2016,6,16,3,3,4,6,0,0,0,1,0,0,0,0,4.77229E+20,5.63929E+21,8.67615E+15,5.09048E+16
14889,14890,6,4,14,0,2016,6,14,2,1,2,6,0,1,0,1,0,0,0,0,4.54334E+20,5.54794E+21,8.36171E+15,5.0082E+16
14890,14891,6,5,31,5,2016,6,0,1,3,9,7,2,0,0,1,0,0,0,0,4.79809E+20,5.60546E+21,8.7147E+15,5.06007E+16
14891,14892,6,4,35,25,2016,6,20,3,3,0,6,0,0,1,0,0,1,0,0,5.42439E+20,5.58146E+21,9.59693E+15,5.03837E+16
14892,14893,6,6,34,8,2016,6,13,7,3,9,1,0,1,0,1,0,0,0,0,5.33133E+20,5.67029E+21,9.47405E+15,5.11831E+16
14893,14894,6,4,38,4,2016,6,1,1,3,5,2,2,1,0,1,0,0,0,0,4.97062E+20,5.5469E+21,8.95894E+15,5.00744E+16
14894,14895,6,4,13,0,2016,6,22,1,2,0,7,1,0,0,0,0,1,0,1,4.84557E+20,5.55156E+21,8.78399E+15,5.01161E+16
14895,14896,6,4,36,12,2016,6,11,1,2,5,3,0,1,1,1,0,0,0,0,4.65537E+20,5.55411E+21,8.51774E+15,5.01383E+16
14896,14897,6,5,35,6,2016,6,14,6,2,8,1,0,0,0,1,0,0,0,0,5.36311E+20,5.6236E+21,9.51486E+15,5.0763E+16
14897,14898,6,4,33,2,2016,6,16,6,2,2,6,0,0,0,1,0,1,0,0,4.53928E+20,5.53731E+21,8.35731E+15,4.99864E+16
14898,14899,6,4,37,6,2016,6,12,5,3,2,6,0,0,0,1,0,0,0,0,4.99685E+20,5.49932E+21,8.99563E+15,4.96464E+16
14899,14900,6,5,31,12,2016,6,23,7,3,9,1,2,0,0,1,0,0,0,0,4.75628E+20,5.5998E+21,8.65599E+15,5.05496E+16
14900,14901,6,4,36,10,2016,6,12,6,2,5,3,0,0,0,1,0,1,0,0,4.6291E+20,5.55304E+21,8.48109E+15,5.01284E+16
14901,14902,6,4,12,0,2016,6,15,4,3,5,3,0,0,1,1,0,0,0,0,4.76215E+20,5.55332E+21,8.66721E+15,5.01316E+16
14902,14903,6,6,32,14,2016,6,17,5,3,8,1,0,1,0,1,0,0,0,0,5.4074E+20,5.63787E+21,9.57924E+15,5.08911E+16
14903,14904,6,4,32,8,2016,6,10,6,3,3,6,0,0,0,1,0,0,1,0,4.69472E+20,5.5248E+21,8.57513E+15,4.98748E+16
14904,14905,6,4,31,13,2016,6,17,4,3,2,6,0,0,0,1,0,0,1,0,4.5689E+20,5.49833E+21,8.40296E+15,4.9636E+16
14905,14906,6,4,38,8,2016,6,10,4,3,0,6,0,0,1,1,0,0,0,0,4.8961E+20,5.54906E+21,8.85474E+15,5.00937E+16
14906,14907,6,6,33,25,2016,6,16,2,3,5,3,0,0,1,1,0,0,0,0,5.24862E+20,5.70988E+21,9.35848E+15,5.15394E+16
14907,14908,6,6,34,14,2016,6,8,5,3,2,1,0,0,0,1,0,0,0,0,5.39302E+20,5.6622E+21,9.56143E+15,5.11099E+16
14908,14909,6,5,31,12,2016,6,0,1,2,2,6,2,0,0,1,0,0,1,0,4.75196E+20,5.59665E+21,8.6501E+15,5.05213E+16
14909,14910,6,5,31,5,2016,6,14,3,3,3,3,0,0,0,1,0,0,0,0,4.8161E+20,5.60147E+21,8.74034E+15,5.05648E+16
14910,14911,6,4,35,14,2016,6,16,3,2,2,6,0,0,0,1,0,0,0,0,4.94591E+20,5.55226E+21,8.92433E+15,5.01225E+16
14911,14912,6,5,32,20,2016,6,20,7,3,8,1,1,1,0,1,0,0,0,0,4.52314E+20,5.60978E+21,8.32566E+15,5.0638E+16
14912,14913,6,4,32,22,2016,6,15,6,3,5,2,0,0,0,1,0,0,0,0,4.74625E+20,5.5137E+21,8.64757E+15,4.97753E+16