FID,OBJECTID,ULAND,UREGBEZ,UKREIS,UGEMEINDE,UJAHR,UMONAT,USTUNDE,UWOCHENTAG,UKATEGORIE,UART,UTYP1,ULICHTVERH,IstStrasse,IstRad,IstPKW,IstFuss,IstKrad,IstGkfz,IstSonstig,LINREFX,LINREFY,XGCSWGS84,YGCSWGS84
14913,14914,6,4,36,12,2016,6,12,5,3,5,2,0,0,0,1,0,0,0,1,4.653E+20,5.55341E+21,8.51448E+15,5.01319E+16
14914,14915,6,4,13,0,2016,6,22,7,3,2,6,2,1,0,1,0,0,0,0,4.81688E+20,5.54581E+21,8.74414E+15,5.00643E+16
14915,14916,6,4,33,8,2016,6,4,2,3,3,6,1,1,0,1,0,0,0,1,4.71389E+20,5.53696E+21,8.60091E+15,4.99842E+16
14916,14917,6,6,31,11,2016,6,16,6,2,5,3,0,0,0,1,0,0,0,0,5.37521E+20,5.6047E+21,9.5301E+15,5.0593E+16
14917,14918,6,6,31,13,2016,6,11,5,3,0,1,0,0,1,0,0,0,0,0,5.62764E+20,5.60317E+21,9.88643E+15,5.05771E+16
14918,14919,6,6,32,20,2016,6,0,6,3,9,1,2,1,0,1,0,0,0,1,5.64209E+20,5.64187E+21,9.91359E+15,5.09249E+16
14919,14920,6,5,32,22,2016,6,17,5,3,5,3,0,0,0,1,0,0,0,0,4.64365E+20,5.58683E+21,8.49825E+15,5.04324E+16
14920,14921,6,6,33,11,2016,6,12,4,3,2,2,0,0,0,1,0,0,0,0,5.2159E+20,5.68609E+21,9.30986E+15,5.13257E+16
14921,14922,6,4,12,0,2016,6,12,2,2,5,2,0,0,1,0,0,0,0,1,4.78211E+20,5.55343E+21,8.69513E+15,5.01327E+16
14922,14923,6,4,12,0,2016,6,19,5,3,6,3,0,0,0,1,1,0,0,0,4.78261E+20,5.55356E+21,8.69582E+15,5.01339E+16
14923,14924,6,6,31,18,2016,6,23,1,3,2,6,2,0,0,1,0,0,0,0,5.44392E+20,5.58986E+21,9.6254E+15,5.04591E+16
14924,14925,6,4,32,4,2016,6,16,3,3,2,6,0,0,0,1,0,0,0,1,4.89252E+20,5.52879E+21,8.8503E+15,4.99114E+16
14925,14926,6,4,33,12,2016,6,17,3,3,5,3,0,0,0,1,0,0,0,0,4.57929E+20,5.53592E+21,8.41328E+15,4.99741E+16
14926,14927,6,4,39,10,2016,6,14,2,3,4,1,0,0,0,1,0,1,0,0,4.23092E+20,5.55064E+21,7.92456E+15,5.0103E+16
14927,14928,6,5,32,15,2016,6,16,3,3,5,2,0,0,0,1,0,0,0,1,4.68837E+20,5.60229E+21,8.55992E+15,5.05717E+16
14928,14929,6,5,32,21,2016,6,14,1,3,2,2,0,0,0,1,0,0,0,0,4.58314E+20,5.59779E+21,8.41184E+15,5.05306E+16
14929,14930,6,4,32,22,2016,6,16,5,3,4,6,0,1,0,1,0,0,0,0,4.75167E+20,5.51239E+21,8.65519E+15,4.97635E+16
14930,14931,6,4,33,2,2016,6,7,4,3,6,4,0,0,0,1,1,0,0,0,4.53928E+20,5.53802E+21,8.35723E+15,4.99927E+16
14931,14932,6,4,12,0,2016,6,13,3,3,3,2,0,0,1,0,0,0,0,1,4.75495E+20,5.55106E+21,8.65728E+15,5.01113E+16
14932,14933,6,6,35,3,2016,6,7,3,3,2,6,0,1,0,1,0,0,0,0,5.1241E+20,5.66545E+21,9.17739E+15,5.11404E+16
14933,14934,6,6,34,13,2016,6,20,1,1,8,1,0,0,0,0,0,1,0,0,5.33558E+20,5.65715E+21,9.47892E+15,5.10649E+16
14934,14935,6,4,12,0,2016,6,10,2,3,5,3,0,0,1,1,0,0,0,0,4.75728E+20,5.555E+21,8.66028E+15,5.01468E+16
14935,14936,6,6,34,25,2016,6,16,7,2,8,1,0,0,0,0,0,1,0,0,5.20336E+20,5.66094E+21,9.29044E+15,5.10996E+16
14936,14937,6,4,12,0,2016,6,14,2,3,5,2,0,0,1,1,0,0,0,0,4.67561E+20,5.55026E+21,8.54638E+15,5.01037E+16
14937,14938,6,4,31,6,2016,6,22,2,3,2,6,2,0,0,1,0,0,0,0,4.67257E+20,5.50668E+21,8.54583E+15,4.97117E+16
14938,14939,6,4,12,0,2016,6,12,7,2,5,3,0,0,1,1,0,0,0,0,4.68216E+20,5.5501E+21,8.55556E+15,5.01023E+16
14939,14940,6,4,14,0,2016,6,18,7,3,2,6,0,0,0,1,0,0,0,0,4.43492E+20,5.54379E+21,8.2108E+15,5.00437E+16
14940,14941,6,4,12,0,2016,6,7,6,3,5,2,0,0,1,1,0,0,0,0,4.72985E+20,5.55312E+21,8.62203E+15,5.01297E+16
14941,14942,6,4,38,2,2016,6,13,7,3,2,6,0,0,0,1,0,0,0,0,4.80551E+20,5.54075E+21,8.72851E+15,5.00187E+16
14942,14943,6,4,12,0,2016,6,14,7,3,3,6,0,1,0,1,0,0,0,0,4.71151E+20,5.54516E+21,8.59697E+15,5.0058E+16
14943,14944,6,4,39,15,2016,6,18,1,3,9,1,0,1,0,1,0,0,0,0,4.44909E+20,5.55955E+21,8.22832E+15,5.01856E+16
14944,14945,6,6,31,15,2016,6,19,1,1,8,1,0,1,0,1,0,0,0,1,5.47877E+20,5.61351E+21,9.67754E+15,5.06714E+16
14945,14946,6,6,31,20,2016,6,19,6,3,2,6,0,0,0,1,0,0,0,1,5.50103E+20,5.60368E+21,9.7077E+15,5.05829E+16
14946,14947,6,4,39,15,2016,6,12,5,3,8,1,0,0,0,0,0,1,0,0,4.35554E+20,5.55456E+21,8.09814E+15,5.01397E+16
14947,14948,6,4,12,0,2016,6,15,6,3,2,6,0,1,0,1,0,0,0,0,4.83544E+20,5.55361E+21,8.76974E+15,5.01345E+16
14948,14949,6,6,32,20,2016,6,15,6,3,2,6,0,0,0,1,0,0,0,0,5.6794E+20,5.64449E+21,9.96716E+15,5.09481E+16
14949,14950,6,6,11,0,2016,6,17,4,3,0,3,0,0,0,1,0,0,0,1,5.31416E+20,5.68682E+21,9.45094E+15,5.13318E+16
14950,14951,6,6,32,15,2016,6,9,4,3,5,3,0,0,0,1,0,0,0,0,5.40739E+20,5.63032E+21,9.57838E+15,5.08231E+16
14951,14952,6,5,33,9,2016,6,18,5,3,5,3,0,0,0,1,0,0,0,0,4.32833E+20,5.58244E+21,8.05511E+15,5.03902E+16
14952,14953,6,5,31,12,2016,6,19,4,3,0,6,0,0,0,1,0,0,0,0,4.7495E+20,5.59674E+21,8.64663E+15,5.05221E+16
14953,14954,6,4,35,15,2016,6,5,4,3,0,6,1,0,0,1,0,0,0,1,5.07639E+20,5.55731E+21,9.10696E+15,5.01679E+16
14954,14955,6,5,34,22,2016,6,9,4,2,5,3,0,1,0,1,0,0,0,0,4.9602E+20,5.64312E+21,8.94335E+15,5.09397E+16
14955,14956,6,4,40,4,2016,6,11,2,2,5,3,0,0,0,1,0,0,0,0,5.07869E+20,5.56676E+21,9.11037E+15,5.0253E+16
14956,14957,6,4,34,12,2016,6,15,5,3,3,6,0,0,0,1,0,1,0,0,4.69274E+20,5.57239E+21,8.56855E+15,5.03028E+16
14957,14958,6,4,12,0,2016,6,2,7,2,2,6,2,0,0,1,0,0,0,0,4.70834E+20,5.54841E+21,8.59229E+15,5.00872E+16
14958,14959,6,4,12,0,2016,6,17,3,3,2,6,0,1,0,1,0,0,0,0,4.74917E+20,5.55845E+21,8.6487E+15,5.01777E+16
14959,14960,6,4,36,2,2016,6,18,3,2,5,2,0,0,1,1,0,0,0,0,4.57418E+20,5.55517E+21,8.40401E+15,5.01472E+16
14960,14961,6,5,35,13,2016,6,20,2,3,9,1,0,0,0,1,0,0,0,0,5.00246E+20,5.61215E+21,9.00349E+15,5.06612E+16
14961,14962,6,4,35,20,2016,6,20,2,3,9,1,0,0,0,0,0,1,0,0,4.97914E+20,5.56153E+21,8.97076E+15,5.02059E+16
14962,14963,6,5,33,9,2016,6,12,7,3,5,3,0,0,0,1,0,0,0,0,4.33458E+20,5.58466E+21,8.06352E+15,5.04102E+16
14963,14964,6,4,35,17,2016,6,7,4,2,2,6,0,0,0,1,0,0,1,0,5.04277E+20,5.55847E+21,9.05991E+15,5.01784E+16
14964,14965,6,4,38,10,2016,6,16,3,1,5,2,0,0,1,1,0,0,0,0,4.90699E+20,5.54621E+21,8.87003E+15,5.00681E+16
14965,14966,6,4,40,5,2016,6,14,3,3,5,3,0,1,0,1,0,0,0,1,4.75237E+20,5.58951E+21,8.65115E+15,5.04571E+16
14966,14967,6,5,35,1,2016,6,12,1,2,2,6,0,1,0,1,0,1,0,0,5.21715E+20,5.62184E+21,9.3078E+15,5.07479E+16
14967,14968,6,4,34,6,2016,6,14,7,3,6,7,0,0,0,1,1,0,0,0,4.6596E+20,5.55811E+21,8.5233E+15,5.01742E+16
14968,14969,6,4,38,1,2016,6,6,2,3,2,7,0,0,0,1,0,0,0,1,4.85361E+20,5.5403E+21,8.79567E+15,5.00148E+16
14969,14970,6,6,35,15,2016,6,14,6,3,2,6,0,1,0,1,0,0,0,1,4.87784E+20,5.68204E+21,8.82481E+15,5.12896E+16
14970,14971,6,6,31,3,2016,6,9,2,2,5,3,0,0,0,1,0,0,0,0,5.57709E+20,5.59847E+21,9.81431E+15,5.05353E+16
14971,14972,6,6,33,11,2016,6,18,1,3,9,1,0,1,0,1,0,0,0,0,5.22903E+20,5.68753E+21,9.3288E+15,5.13386E+16
14972,14973,6,4,31,19,2016,6,10,7,3,5,2,0,0,0,1,0,1,0,0,4.82742E+20,5.49378E+21,8.76118E+15,4.95964E+16
14973,14974,6,6,11,0,2016,6,21,6,3,5,3,0,0,0,1,0,0,0,0,5.31603E+20,5.68475E+21,9.45344E+15,5.13131E+16
14974,14975,6,5,35,5,2016,6,16,6,3,2,6,0,0,0,1,0,0,0,0,5.04002E+20,5.61713E+21,9.05668E+15,5.0706E+16
14975,14976,6,5,34,14,2016,6,15,7,3,3,7,0,0,1,1,0,0,0,0,4.83564E+20,5.62919E+21,8.7667E+15,5.08142E+16
14976,14977,6,4,32,11,2016,6,17,2,3,5,3,0,0,0,1,0,0,0,0,4.86496E+20,5.52567E+21,8.81203E+15,4.98832E+16
14977,14978,6,5,33,6,2016,6,22,3,3,2,6,2,0,0,0,0,0,1,0,4.29319E+20,5.58429E+21,8.00534E+15,5.04064E+16
14978,14979,6,4,12,0,2016,6,22,1,3,3,6,2,1,0,1,0,0,0,0,4.74723E+20,5.54488E+21,8.64689E+15,5.00557E+16
14979,14980,6,6,31,3,2016,6,15,4,3,5,3,0,0,0,1,0,0,0,0,5.57711E+20,5.59847E+21,9.81435E+15,5.05353E+16
14980,14981,6,6,11,0,2016,6,8,3,2,6,2,0,0,0,1,1,0,0,0,5.30039E+20,5.68376E+21,9.43091E+15,5.13044E+16
14981,14982,6,4,34,12,2016,6,20,3,3,8,7,0,1,0,1,0,0,0,0,4.67671E+20,5.57202E+21,8.54607E+15,5.02994E+16
14982,14983,6,5,32,11,2016,6,16,1,2,5,3,0,0,0,1,0,0,0,0,4.42974E+20,5.62189E+21,8.19171E+15,5.0746E+16
14983,14984,6,4,12,0,2016,6,19,7,3,5,3,0,0,1,1,0,0,0,0,4.78181E+20,5.55082E+21,8.69486E+15,5.01093E+16
14984,14985,6,4,39,16,2016,6,17,2,2,6,4,0,0,0,1,1,0,0,0,4.56215E+20,5.56709E+21,8.3858E+15,5.02544E+16
14985,14986,6,4,12,0,2016,6,17,7,3,9,1,0,0,0,1,0,0,0,0,4.71803E+20,5.54451E+21,8.60613E+15,5.00522E+16
14986,14987,6,5,32,9,2016,6,16,2,2,5,2,0,0,0,1,0,0,0,0,4.53361E+20,5.62851E+21,8.33808E+15,5.08065E+16
14987,14988,6,4,12,0,2016,6,20,1,3,2,6,1,1,0,1,0,0,0,1,4.80255E+20,5.55637E+21,8.72358E+15,5.01592E+16
14988,14989,6,6,11,0,2016,6,5,7,3,0,3,1,1,1,0,0,0,0,1,5.3399E+20,5.6841E+21,9.48762E+15,5.13072E+16
14989,14990,6,4,33,10,2016,6,19,7,3,3,6,0,0,0,1,0,0,0,0,4.63548E+20,5.54165E+21,8.49109E+15,5.0026E+16
14990,14991,6,4,37,11,2016,6,11,6,3,5,3,0,0,0,1,0,0,0,0,5.00957E+20,5.50356E+21,9.01326E+15,4.96846E+16
14991,14992,6,5,31,5,2016,6,8,6,3,2,6,0,0,0,1,0,0,0,0,4.75848E+20,5.60378E+21,8.65884E+15,5.05855E+16
14992,14993,6,4,37,3,2016,6,11,7,2,9,1,0,0,1,1,0,0,0,0,4.93218E+20,5.51169E+21,8.90584E+15,4.97577E+16
14993,14994,6,4,12,0,2016,6,2,7,3,3,1,2,0,0,1,0,0,1,0,4.72625E+20,5.5589E+21,8.61657E+15,5.01817E+16
14994,14995,6,4,35,14,2016,6,14,5,3,3,6,0,0,0,1,0,0,1,1,4.92176E+20,5.54765E+21,8.89064E+15,5.00811E+16
14995,14996,6,5,32,3,2016,6,16,5,3,5,3,0,0,1,1,0,0,0,0,4.56311E+20,5.59576E+21,8.38381E+15,5.05122E+16
14996,14997,6,4,31,4,2016,6,15,5,3,2,6,0,0,1,1,0,0,0,0,4.81645E+20,5.48844E+21,8.74626E+15,4.95483E+16
14997,14998,6,6,11,0,2016,6,14,6,3,2,6,0,0,0,1,0,0,0,0,5.29669E+20,5.68397E+21,9.42562E+15,5.13062E+16
14998,14999,6,4,36,6,2016,6,16,6,3,2,6,0,0,0,1,0,0,0,0,4.58339E+20,5.54335E+21,8.4182E+15,5.0041E+16
14999,15000,6,4,34,5,2016,6,15,1,3,8,7,0,0,0,1,0,1,0,0,4.6337E+20,5.55869E+21,8.48698E+15,5.01793E+16
15000,15001,6,6,33,26,2016,6,12,4,3,2,6,0,0,0,1,0,0,0,1,5.32683E+20,5.69034E+21,9.46944E+15,5.13634E+16
15001,15002,6,4,38,2,2016,6,12,4,3,5,3,0,0,0,1,0,0,0,0,4.80401E+20,5.53865E+21,8.72652E+15,4.99999E+16
15002,15003,6,6,11,0,2016,6,7,4,3,0,1,0,1,0,0,0,1,0,0,5.32997E+20,5.68506E+21,9.47346E+15,5.13159E+16
15003,15004,6,4,12,0,2016,6,9,5,3,5,2,0,0,0,1,0,1,0,0,4.79385E+20,5.55105E+21,8.71168E+15,5.01113E+16
15004,15005,6,5,35,11,2016,6,7,3,3,2,6,0,0,0,1,0,0,0,1,5.29528E+20,5.60988E+21,9.41759E+15,5.06401E+16
15005,15006,6,4,14,0,2016,6,17,4,3,5,3,0,0,0,1,0,1,0,0,4.457E+20,5.54757E+21,8.2411E+15,5.00779E+16
15006,15007,6,4,32,17,2016,6,14,4,3,1,5,0,0,1,0,0,0,0,1,4.92276E+20,5.52029E+21,8.8926E+15,4.9835E+16
15007,15008,6,4,35,14,2016,6,7,4,3,5,3,0,0,0,1,0,0,0,1,4.93209E+20,5.55866E+21,8.90488E+15,5.01801E+16
15008,15009,6,4,31,2,2016,6,16,2,3,0,1,0,0,1,0,0,0,0,0,4.72296E+20,5.50288E+21,8.61599E+15,4.96778E+16
15009,15010,6,4,32,8,2016,6,23,5,3,4,6,2,0,0,1,0,0,0,0,4.67321E+20,5.52348E+21,8.54531E+15,4.98628E+16
15010,15011,6,6,35,19,2016,6,12,7,2,8,1,0,1,0,1,0,1,0,0,4.94525E+20,5.67099E+21,8.92165E+15,5.11903E+16
15011,15012,6,6,35,7,2016,6,10,1,2,5,2,0,0,0,1,0,1,0,0,4.79615E+20,5.68832E+21,8.70731E+15,5.13457E+16
15012,15013,6,4,36,5,2016,6,9,3,2,2,6,0,1,0,1,0,0,0,0,4.62107E+20,5.54185E+21,8.47096E+15,5.00277E+16
15013,15014,6,4,35,6,2016,6,16,2,3,5,2,0,0,0,1,0,0,0,0,4.9455E+20,5.56E+21,8.92365E+15,5.01922E+16
15014,15015,6,4,14,0,2016,6,7,3,3,5,3,0,0,1,1,0,0,0,0,4.4536E+20,5.54425E+21,8.23682E+15,5.00481E+16
15015,15016,6,5,33,17,2016,6,13,3,3,2,6,0,0,0,1,0,0,0,0,4.48092E+20,5.59321E+21,8.26826E+15,5.04886E+16
15016,15017,6,5,34,12,2016,6,16,2,3,9,1,0,1,0,0,0,0,0,1,4.82764E+20,5.63605E+21,8.75502E+15,5.08759E+16
15017,15018,6,4,14,0,2016,6,13,2,2,6,2,0,0,0,1,1,0,0,0,4.42684E+20,5.54392E+21,8.1995E+15,5.00448E+16
15018,15019,6,4,14,0,2016,6,19,1,3,5,2,0,1,0,1,0,0,0,0,4.48986E+20,5.54107E+21,8.28788E+15,5.00197E+16
15019,15020,6,4,36,9,2016,6,8,4,3,2,6,0,0,0,1,0,0,0,1,4.61263E+20,5.54578E+21,8.45878E+15,5.0063E+16
15020,15021,6,6,31,13,2016,6,5,3,3,9,1,0,1,0,1,0,0,0,0,5.55117E+20,5.60279E+21,9.77839E+15,5.05744E+16
15021,15022,6,4,35,12,2016,6,19,1,3,8,1,0,0,0,1,0,0,0,0,5.07588E+20,5.56007E+21,9.1063E+15,5.01928E+16
15022,15023,6,5,32,11,2016,6,10,7,2,7,7,0,0,0,1,0,1,0,1,4.4125E+20,5.62346E+21,8.16702E+15,5.076E+16
15023,15024,6,5,35,1,2016,6,8,2,3,5,3,0,0,0,1,0,0,0,0,5.18258E+20,5.62135E+21,9.25877E+15,5.07436E+16
15024,15025,6,4,12,0,2016,6,16,6,3,2,6,0,0,1,1,0,0,0,0,4.69009E+20,5.55202E+21,8.56649E+15,5.01196E+16
15025,15026,6,4,12,0,2016,6,7,2,3,2,6,0,0,0,1,0,0,0,0,4.6804E+20,5.55236E+21,8.55291E+15,5.01226E+16
15026,15027,6,5,33,17,2016,6,1,1,2,8,1,2,0,0,1,0,0,0,0,4.52958E+20,5.59231E+21,8.33697E+15,5.04809E+16
15027,15028,6,5,32,3,2016,6,19,6,3,5,3,0,1,0,1,0,0,0,0,4.57496E+20,5.59079E+21,8.4011E+15,5.04675E+16
15028,15029,6,5,35,13,2016,6,15,7,3,8,1,0,0,0,1,0,0,0,0,5.09551E+20,5.60661E+21,9.13498E+15,5.06113E+16
15029,15030,6,5,33,1,2016,6,11,6,3,4,6,0,0,0,1,0,0,0,0,4.3802E+20,5.58741E+21,8.12725E+15,5.04355E+16
15030,15031,6,4,40,18,2016,6,12,6,3,2,6,0,0,0,1,0,0,0,0,4.78835E+20,5.58293E+21,8.70221E+15,5.0398E+16
15031,15032,6,5,31,6,2016,6,18,7,3,2,6,0,0,0,1,0,0,0,0,4.95083E+20,5.60845E+21,8.93048E+15,5.06279E+16
15032,15033,6,5,31,5,2016,6,19,2,3,2,6,0,1,0,1,0,0,0,0,4.76307E+20,5.60297E+21,8.66537E+15,5.05782E+16
15033,15034,6,4,31,8,2016,6,20,6,3,8,1,0,0,0,0,0,1,0,0,4.79402E+20,5.48771E+21,8.71528E+15,4.95417E+16
15034,15035,6,4,35,6,2016,6,13,6,3,5,3,0,1,0,1,0,0,0,0,4.95167E+20,5.56002E+21,8.93229E+15,5.01924E+16
15035,15036,6,4,33,12,2016,6,7,5,3,5,3,0,0,1,1,0,0,0,0,4.58764E+20,5.5386E+21,8.42464E+15,4.99983E+16
15036,15037,6,4,36,7,2016,6,18,5,2,2,6,0,0,0,1,0,0,0,0,4.54944E+20,5.545E+21,8.37059E+15,5.00556E+16
15037,15038,6,4,33,12,2016,6,20,6,3,2,6,0,1,0,1,0,0,0,0,4.64275E+20,5.53636E+21,8.50174E+15,4.99785E+16
15038,15039,6,4,40,15,2016,6,6,3,3,3,6,0,0,0,1,0,0,1,0,4.80056E+20,5.58983E+21,8.71902E+15,5.04602E+16
15039,15040,6,6,11,0,2016,6,16,5,3,2,6,0,0,0,0,0,1,0,1,5.37796E+20,5.68448E+21,9.54226E+15,5.13104E+16
15040,15041,6,6,31,12,2016,6,12,1,3,9,1,0,0,0,1,0,0,0,0,5.69921E+20,5.60441E+21,9.98774E+15,5.05874E+16
15041,15042,6,6,36,6,2016,6,20,3,3,2,2,0,0,0,1,0,0,0,0,5.50694E+20,5.67044E+21,9.72531E+15,5.11831E+16
15042,15043,6,4,36,5,2016,6,23,6,3,5,2,2,0,0,1,0,0,0,1,4.62575E+20,5.54688E+21,8.477E+15,5.0073E+16
15043,15044,6,4,35,21,2016,6,22,6,3,0,1,2,1,0,1,0,0,0,0,4.90051E+20,5.56446E+21,8.8605E+15,5.02322E+16
15044,15045,6,4,40,18,2016,6,13,5,3,3,6,0,0,0,1,0,0,0,0,4.7888E+20,5.58234E+21,8.70288E+15,5.03927E+16
15045,15046,6,5,32,6,2016,6,16,5,3,2,6,0,0,0,1,0,0,0,0,4.48966E+20,5.62218E+21,8.27659E+15,5.07491E+16
15046,15047,6,6,31,15,2016,6,10,5,2,7,7,0,0,0,1,0,0,1,0,5.47993E+20,5.61179E+21,9.67895E+15,5.0656E+16
15047,15048,6,4,40,9,2016,6,17,6,2,6,4,0,1,0,1,1,0,0,0,5.13899E+20,5.58371E+21,9.19558E+15,5.04052E+16
15048,15049,6,4,32,18,2016,6,7,3,3,2,6,0,0,0,1,0,0,0,0,4.69198E+20,5.51681E+21,8.57196E+15,4.98029E+16
15049,15050,6,6,35,16,2016,6,15,5,3,9,1,0,0,0,1,0,0,0,0,4.89743E+20,5.6716E+21,8.85321E+15,5.11957E+16
15050,15051,6,4,40,6,2016,6,12,1,3,6,1,0,0,0,1,1,0,0,0,4.91811E+20,5.58181E+21,8.8848E+15,5.03883E+16
15051,15052,6,4,31,4,2016,6,16,4,3,4,6,0,0,0,1,0,1,0,0,4.79563E+20,5.48882E+21,8.71746E+15,4.95516E+16
15052,15053,6,6,33,25,2016,6,18,4,3,5,3,0,0,0,1,0,0,0,0,5.26668E+20,5.71021E+21,9.38455E+15,5.15423E+16
15053,15054,6,6,36,10,2016,6,17,5,3,8,1,0,1,0,0,0,0,0,1,5.7624E+20,5.66025E+21,1.00886E+16,5.10887E+16
15054,15055,6,6,35,3,2016,6,15,4,3,4,7,0,0,0,1,0,1,0,0,4.99926E+20,5.66361E+21,8.99894E+15,5.1124E+16
15055,15056,6,5,32,14,2016,6,14,4,3,5,3,0,0,0,1,0,0,0,0,4.72908E+20,5.59657E+21,8.61783E+15,5.05204E+16
15056,15057,6,4,12,0,2016,6,22,4,2,3,6,2,0,0,1,0,0,1,0,4.72098E+20,5.54996E+21,8.60986E+15,5.01013E+16
15057,15058,6,5,31,5,2016,6,8,2,3,5,2,0,0,1,1,0,0,0,0,4.79079E+20,5.60399E+21,8.70447E+15,5.05875E+16
15058,15059,6,4,33,2,2016,6,16,5,3,3,2,0,0,1,1,0,0,0,0,4.54258E+20,5.53685E+21,8.36198E+15,4.99822E+16
15059,15060,6,5,32,13,2016,6,20,7,3,0,1,0,0,0,0,0,1,0,0,4.64121E+20,5.61492E+21,8.49211E+15,5.0685E+16
15060,15061,6,6,32,2,2016,6,9,1,2,0,7,0,0,1,1,0,0,0,0,5.50341E+20,5.63572E+21,9.71544E+15,5.0871E+16
15061,15062,6,5,33,4,2016,6,21,2,3,8,1,1,1,0,1,0,0,0,0,4.33421E+20,5.60018E+21,8.06023E+15,5.05498E+16
15062,15063,6,6,11,0,2016,6,15,2,3,2,6,0,0,0,1,0,0,0,0,5.3604E+20,5.6837E+21,9.51699E+15,5.13035E+16
15063,15064,6,4,12,0,2016,6,21,3,2,9,1,0,0,0,1,0,0,0,0,4.73142E+20,5.54736E+21,8.62464E+15,5.00779E+16
15064,15065,6,5,32,6,2016,6,8,3,3,3,6,0,0,0,1,0,0,1,0,4.48924E+20,5.62176E+21,8.27605E+15,5.07454E+16
15065,15066,6,4,38,11,2016,6,6,2,3,0,7,0,1,0,1,0,0,0,1,4.91899E+20,5.54286E+21,8.88687E+15,5.0038E+16
15066,15067,6,5,33,9,2016,6,16,3,3,5,2,0,0,0,1,0,0,0,0,4.36799E+20,5.57821E+21,8.11161E+15,5.03525E+16
15067,15068,6,4,12,0,2016,6,15,3,2,2,6,0,0,0,1,0,0,1,0,4.74412E+20,5.56079E+21,8.64147E+15,5.01987E+16
15068,15069,6,6,33,24,2016,6,13,1,3,7,7,0,0,0,0,0,1,0,0,5.35759E+20,5.67734E+21,9.51233E+15,5.12463E+16
15069,15070,6,5,31,5,2016,6,13,6,3,2,6,0,0,0,1,0,0,0,0,4.77655E+20,5.60512E+21,8.68428E+15,5.05976E+16
15070,15071,6,6,33,3,2016,6,16,6,3,8,1,0,1,0,1,0,0,0,0,5.2967E+20,5.67924E+21,9.42525E+15,5.12637E+16
15071,15072,6,6,36,1,2016,6,18,1,3,8,1,0,0,0,1,0,0,0,0,5.657E+20,5.68397E+21,9.94247E+15,5.13033E+16
15072,15073,6,4,32,3,2016,6,19,1,3,0,7,0,1,1,0,0,0,0,0,4.71988E+20,5.51139E+21,8.61111E+15,4.97543E+16
15073,15074,6,6,31,9,2016,6,18,2,3,2,6,0,0,0,1,0,0,0,0,5.4878E+20,5.59773E+21,9.68824E+15,5.05294E+16
15074,15075,6,5,32,3,2016,6,12,6,3,8,1,0,1,0,1,0,0,0,0,4.5546E+20,5.5976E+21,8.3716E+15,5.05287E+16
15075,15076,6,4,38,7,2016,6,15,7,3,2,6,0,0,0,1,0,0,1,0,5.0208E+20,5.53951E+21,9.02903E+15,5.00079E+16
15076,15077,6,4,31,7,2016,6,19,6,3,5,3,0,0,0,1,0,1,0,0,4.90221E+20,5.50038E+21,8.86451E+15,4.96559E+16
15077,15078,6,4,14,0,2016,6,18,5,2,6,7,0,0,1,0,1,0,0,0,4.48551E+20,5.53975E+21,8.28199E+15,5.00078E+16
15078,15079,6,4,35,12,2016,6,10,7,3,3,6,0,1,0,1,0,0,0,0,5.07329E+20,5.56007E+21,9.10267E+15,5.01928E+16
15079,15080,6,4,13,0,2016,6,9,2,3,2,6,0,0,0,1,0,0,0,0,4.81284E+20,5.5505E+21,8.73826E+15,5.01064E+16
15080,15081,6,5,34,12,2016,6,12,6,3,5,3,0,0,0,1,0,0,1,0,4.84951E+20,5.63552E+21,8.78612E+15,5.08712E+16
15081,15082,6,4,33,12,2016,6,18,5,3,4,2,0,0,0,1,0,0,0,0,4.59594E+20,5.5363E+21,8.43646E+15,4.99777E+16
15082,15083,6,5,35,14,2016,6,15,6,2,2,6,0,1,0,1,0,0,0,0,5.14562E+20,5.61884E+21,9.20629E+15,5.07212E+16
15083,15084,6,6,31,9,2016,6,9,5,3,5,2,0,0,0,1,0,0,0,0,5.48419E+20,5.6013E+21,9.68361E+15,5.05616E+16
15084,15085,6,4,14,0,2016,6,22,4,3,2,2,2,1,0,1,0,0,0,1,4.45103E+20,5.54823E+21,8.23267E+15,5.00838E+16
15085,15086,6,5,31,11,2016,6,15,6,3,8,1,0,1,0,1,0,0,0,0,4.91011E+20,5.59593E+21,8.87321E+15,5.05152E+16
15086,15087,6,4,13,0,2016,6,16,2,2,1,5,0,0,0,1,0,1,0,0,4.82453E+20,5.54948E+21,8.75466E+15,5.00973E+16
15087,15088,6,4,14,0,2016,6,15,5,3,2,6,0,0,0,1,0,0,0,0,4.45338E+20,5.54796E+21,8.23599E+15,5.00814E+16
15088,15089,6,5,32,1,2016,6,15,1,3,4,6,0,0,0,1,0,1,0,0,4.60695E+20,5.60894E+21,8.44426E+15,5.0631E+16
15089,15090,6,4,32,17,2016,6,15,3,3,4,6,0,0,0,1,0,0,0,0,4.90648E+20,5.52237E+21,8.8699E+15,4.98536E+16
15090,15091,6,6,34,25,2016,6,0,2,3,5,3,2,0,0,1,0,0,0,0,5.24494E+20,5.66114E+21,9.34983E+15,5.11012E+16
15091,15092,6,6,31,10,2016,6,0,1,3,5,3,2,0,0,1,0,0,0,0,5.68269E+20,5.59292E+21,9.96229E+15,5.04843E+16
15092,15093,6,4,40,16,2016,6,17,5,3,2,6,0,1,0,1,0,0,0,0,5.00672E+20,5.5854E+21,9.00945E+15,5.04206E+16
15093,15094,6,4,40,16,2016,6,19,4,3,8,1,0,0,0,1,0,0,0,0,4.99616E+20,5.58338E+21,8.9946E+15,5.04025E+16
15094,15095,6,5,33,9,2016,6,12,3,3,5,3,0,0,0,1,0,0,0,0,4.35508E+20,5.5797E+21,8.09321E+15,5.03658E+16