FID,OBJECTID,ULAND,UREGBEZ,UKREIS,UGEMEINDE,UJAHR,UMONAT,USTUNDE,UWOCHENTAG,UKATEGORIE,UART,UTYP1,ULICHTVERH,IstStrasse,IstRad,IstPKW,IstFuss,IstKrad,IstGkfz,IstSonstig,LINREFX,LINREFY,XGCSWGS84,YGCSWGS84
15095,15096,6,4,32,23,2016,6,11,3,3,3,6,0,0,0,1,0,0,0,1,4.71547E+20,5.52748E+21,8.60381E+15,4.98991E+16
15096,15097,6,6,36,3,2016,6,10,1,1,4,6,0,0,0,1,0,0,0,0,5.69683E+20,5.67364E+21,9.99759E+15,5.12099E+16
15097,15098,6,4,35,14,2016,6,18,7,3,5,2,0,1,0,1,0,0,0,0,4.93217E+20,5.55866E+21,8.905E+15,5.01801E+16
15098,15099,6,4,13,0,2016,6,18,2,3,2,6,0,1,0,1,0,0,0,0,4.85674E+20,5.5491E+21,8.79971E+15,5.0094E+16
15099,15100,6,4,12,0,2016,6,7,2,2,5,3,0,0,1,1,0,0,0,0,4.78185E+20,5.55291E+21,8.6948E+15,5.0128E+16
15100,15101,6,4,14,0,2016,6,22,7,3,5,2,2,1,0,1,0,0,0,0,4.49035E+20,5.53962E+21,8.28876E+15,5.00067E+16
15101,15102,6,4,35,25,2016,6,10,3,3,4,6,0,0,0,1,0,0,0,0,5.34984E+20,5.57915E+21,9.49186E+15,5.03634E+16
15102,15103,6,4,32,22,2016,6,11,2,3,1,7,0,1,0,1,0,0,0,1,4.70852E+20,5.51167E+21,8.59533E+15,4.97568E+16
15103,15104,6,5,33,14,2016,6,19,7,3,5,3,0,0,0,1,0,0,0,0,4.45233E+20,5.57679E+21,8.23035E+15,5.03407E+16
15104,15105,6,4,14,0,2016,6,18,6,3,0,1,0,0,1,0,0,0,0,0,4.47863E+20,5.55124E+21,8.27082E+15,5.01111E+16
15105,15106,6,4,39,15,2016,6,20,7,3,4,1,0,1,0,1,0,0,0,1,4.44781E+20,5.55916E+21,8.22658E+15,5.0182E+16
15106,15107,6,4,37,9,2016,6,15,4,3,8,1,0,1,0,1,0,0,0,0,4.98218E+20,5.51743E+21,8.97523E+15,4.98093E+16
15107,15108,6,4,40,10,2016,6,20,1,3,8,1,0,1,0,1,0,0,0,0,5.02733E+20,5.57472E+21,9.03839E+15,5.03246E+16
15108,15109,6,5,33,13,2016,6,15,5,3,5,3,0,1,0,1,0,0,0,0,4.42166E+20,5.58701E+21,8.18568E+15,5.04323E+16
15109,15110,6,4,35,19,2016,6,18,4,3,2,6,0,0,0,1,0,0,0,0,4.87565E+20,5.55526E+21,8.82595E+15,5.01494E+16
15110,15111,6,5,32,1,2016,6,22,4,3,2,6,2,0,0,1,0,0,0,0,4.61746E+20,5.60596E+21,8.45942E+15,5.06043E+16
15111,15112,6,5,33,2,2016,6,16,3,3,5,3,0,0,1,1,0,0,0,0,4.40503E+20,5.57955E+21,8.16345E+15,5.0365E+16
15112,15113,6,4,12,0,2016,6,22,2,3,8,1,2,1,0,1,0,0,0,0,4.69101E+20,5.55304E+21,8.5677E+15,5.01287E+16
15113,15114,6,5,34,17,2016,6,12,7,3,9,1,0,1,0,0,0,0,0,1,4.88371E+20,5.63905E+21,8.83461E+15,5.09029E+16
15114,15115,6,5,33,8,2016,6,15,1,3,3,6,0,0,0,1,0,1,0,0,4.36961E+20,5.57955E+21,8.11367E+15,5.03647E+16
15115,15116,6,6,11,0,2016,6,13,2,3,5,3,0,0,0,1,0,0,0,0,5.34565E+20,5.68465E+21,9.49594E+15,5.13121E+16
15116,15117,6,4,36,12,2016,6,16,2,3,2,6,0,0,0,1,0,0,0,0,4.65756E+20,5.55276E+21,8.52093E+15,5.01261E+16
15117,15118,6,4,12,0,2016,6,14,3,2,3,2,0,0,1,1,0,0,0,0,4.78216E+20,5.55346E+21,8.6952E+15,5.01329E+16
15118,15119,6,5,35,14,2016,6,11,3,3,4,6,0,0,0,1,0,0,0,0,5.15393E+20,5.61799E+21,9.21803E+15,5.07135E+16
15119,15120,6,4,12,0,2016,6,13,2,3,9,1,0,1,0,1,0,0,0,0,4.7016E+20,5.54486E+21,8.58315E+15,5.00553E+16
15120,15121,6,4,12,0,2016,6,13,3,3,1,5,0,0,1,1,0,0,0,0,4.76447E+20,5.55417E+21,8.6704E+15,5.01393E+16
15121,15122,6,5,31,5,2016,6,14,6,3,2,6,0,0,0,1,0,0,0,0,4.75623E+20,5.60571E+21,8.65553E+15,5.06028E+16
15122,15123,6,6,33,20,2016,6,16,1,3,2,2,0,0,0,1,0,1,0,0,5.39335E+20,5.68425E+21,9.56432E+15,5.13082E+16
15123,15124,6,5,34,8,2016,6,8,1,3,8,1,0,1,0,1,0,0,0,0,4.87401E+20,5.62305E+21,8.82137E+15,5.0759E+16
15124,15125,6,5,31,1,2016,6,17,2,3,5,2,0,0,0,1,0,0,0,0,4.87993E+20,5.61402E+21,8.83007E+15,5.06779E+16
15125,15126,6,4,35,7,2016,6,15,6,3,2,6,0,0,0,1,0,0,0,0,4.98058E+20,5.55727E+21,8.97281E+15,5.01676E+16
15126,15127,6,4,32,7,2016,6,8,6,3,9,1,0,0,0,0,0,1,0,0,4.84202E+20,5.5106E+21,8.7807E+15,4.97477E+16
15127,15128,6,4,12,0,2016,6,17,5,3,4,6,0,0,1,0,0,0,0,0,4.78255E+20,5.5536E+21,8.69574E+15,5.01342E+16
15128,15129,6,4,36,7,2016,6,21,7,2,9,1,0,1,0,0,0,1,0,0,4.59342E+20,5.54507E+21,8.43201E+15,5.00565E+16
15129,15130,6,4,12,0,2016,6,18,6,3,2,6,0,0,0,1,0,0,0,0,4.81545E+20,5.55632E+21,8.74163E+15,5.01588E+16
15130,15131,6,6,31,9,2016,6,22,5,2,4,6,2,0,0,1,0,1,0,0,5.47004E+20,5.60011E+21,9.66348E+15,5.0551E+16
15131,15132,6,4,33,7,2016,6,18,6,3,3,6,0,1,0,1,0,0,1,0,4.6514E+20,5.54256E+21,8.51323E+15,5.00343E+16
15132,15133,6,4,40,4,2016,6,6,4,3,8,1,0,0,0,1,0,0,0,0,5.04393E+20,5.57E+21,9.06165E+15,5.02821E+16
15133,15134,6,4,35,28,2016,6,6,4,2,9,1,0,1,0,1,0,0,0,0,5.29005E+20,5.57391E+21,9.4074E+15,5.03166E+16
15134,15135,6,6,36,4,2016,6,19,2,3,5,3,0,0,1,1,0,0,0,0,5.54504E+20,5.67884E+21,9.78109E+15,5.12583E+16
15135,15136,6,4,37,2,2016,6,12,5,3,8,1,0,0,0,0,0,1,0,0,4.99808E+20,5.48885E+21,8.99735E+15,4.95523E+16
15136,15137,6,6,32,11,2016,6,13,1,3,2,6,0,0,0,1,0,1,0,0,5.4063E+20,5.63135E+21,9.57695E+15,5.08324E+16
15137,15138,6,4,33,9,2016,6,17,3,2,3,6,0,1,0,1,0,0,0,0,4.59494E+20,5.53291E+21,8.43543E+15,4.99472E+16
15138,15139,6,5,34,14,2016,6,7,3,2,5,3,0,0,1,1,0,0,0,0,4.86492E+20,5.62745E+21,8.80832E+15,5.07986E+16
15139,15140,6,4,34,1,2016,6,8,2,3,5,3,0,0,0,1,0,0,1,0,4.70925E+20,5.56604E+21,8.59222E+15,5.02458E+16
15140,15141,6,5,31,5,2016,6,7,3,3,3,6,0,0,0,1,0,1,0,0,4.76141E+20,5.60276E+21,8.66305E+15,5.05763E+16
15141,15142,6,5,31,10,2016,6,14,1,2,8,1,0,0,0,0,0,1,0,0,5.0224E+20,5.59808E+21,9.03161E+15,5.05347E+16
15142,15143,6,6,31,15,2016,6,19,4,3,5,3,0,0,0,1,0,0,0,0,5.55605E+20,5.61608E+21,9.78727E+15,5.06939E+16
15143,15144,6,4,11,0,2016,6,8,3,3,4,6,0,1,1,0,0,0,0,0,4.74235E+20,5.52439E+21,8.64145E+15,4.98714E+16
15144,15145,6,6,11,0,2016,6,11,3,3,2,2,0,1,0,1,0,0,0,0,5.3302E+20,5.68229E+21,9.47354E+15,5.1291E+16
15145,15146,6,4,38,3,2016,6,13,1,2,2,6,0,0,0,1,0,0,0,0,4.76661E+20,5.53456E+21,8.6746E+15,4.9963E+16
15146,15147,6,4,36,3,2016,6,15,7,3,3,1,0,1,0,1,0,0,0,1,4.67886E+20,5.55498E+21,8.55053E+15,5.01462E+16
15147,15148,6,4,12,0,2016,6,15,2,3,2,6,0,1,0,1,0,0,0,0,4.76234E+20,5.5533E+21,8.66748E+15,5.01315E+16
15148,15149,6,6,32,2,2016,6,19,7,2,8,1,0,1,0,1,0,0,0,0,5.45598E+20,5.63308E+21,9.64771E+15,5.08477E+16
15149,15150,6,6,11,0,2016,6,19,2,3,5,3,1,1,1,1,0,0,0,0,5.31272E+20,5.68347E+21,9.44858E+15,5.13016E+16
15150,15151,6,4,12,0,2016,6,23,7,3,5,2,2,0,0,1,0,0,0,0,4.7617E+20,5.55513E+21,8.66647E+15,5.01479E+16
15151,15152,6,4,12,0,2016,6,23,7,3,2,2,2,0,1,0,0,0,0,0,4.71804E+20,5.54986E+21,8.60574E+15,5.01004E+16
15152,15153,6,4,32,12,2016,6,15,6,3,9,6,0,0,0,1,0,0,0,0,4.83158E+20,5.53216E+21,8.76528E+15,4.99416E+16
15153,15154,6,6,31,3,2016,6,7,6,2,8,1,0,1,0,0,0,1,0,0,5.57708E+20,5.59896E+21,9.81438E+15,5.05397E+16
15154,15155,6,4,35,3,2016,6,23,7,3,2,6,2,1,0,1,0,0,0,0,5.20779E+20,5.56495E+21,9.29137E+15,5.02364E+16
15155,15156,6,6,36,13,2016,6,6,6,3,9,1,0,1,0,1,0,0,0,0,5.83065E+20,5.66727E+21,1.01876E+16,5.11508E+16
15156,15157,6,6,31,15,2016,6,19,1,3,8,1,0,1,0,1,0,0,0,0,5.47893E+20,5.61358E+21,9.67777E+15,5.06721E+16
15157,15158,6,6,31,6,2016,6,8,5,3,2,6,0,0,0,1,0,0,0,0,5.50079E+20,5.59319E+21,9.70596E+15,5.04886E+16
15158,15159,6,5,33,17,2016,6,20,5,2,8,1,0,0,0,0,0,1,0,0,4.45472E+20,5.59186E+21,8.23153E+15,5.04762E+16
15159,15160,6,4,11,0,2016,6,14,6,3,3,3,0,0,1,0,0,0,0,1,4.7444E+20,5.52444E+21,8.64429E+15,4.98719E+16
15160,15161,6,4,12,0,2016,6,14,6,2,2,6,0,0,0,1,0,0,0,0,4.71159E+20,5.55189E+21,8.59658E+15,5.01185E+16
15161,15162,6,6,32,12,2016,6,10,4,2,5,3,0,0,0,1,0,0,0,0,5.45043E+20,5.64463E+21,9.64125E+15,5.09516E+16
15162,15163,6,4,39,8,2016,6,10,4,3,5,2,0,1,0,1,0,0,0,1,4.52678E+20,5.56307E+21,8.33669E+15,5.02179E+16
15163,15164,6,5,33,6,2016,6,8,4,3,0,7,0,0,0,0,0,0,0,1,4.31482E+20,5.58478E+21,8.03568E+15,5.04111E+16
15164,15165,6,6,11,0,2016,6,2,6,3,9,7,2,0,0,0,0,0,0,1,5.34686E+20,5.68476E+21,9.49767E+15,5.1313E+16
15165,15166,6,4,12,0,2016,6,12,1,3,3,6,0,0,0,1,0,1,0,0,4.75136E+20,5.55126E+21,8.65224E+15,5.01131E+16
15166,15167,6,4,38,11,2016,6,0,1,2,8,1,2,1,0,1,0,0,0,0,4.92625E+20,5.53902E+21,8.89709E+15,5.00035E+16
15167,15168,6,4,14,0,2016,6,19,6,3,3,7,0,0,0,1,0,0,0,0,4.48122E+20,5.53958E+21,8.27603E+15,5.00063E+16
15168,15169,6,5,34,20,2016,6,19,6,3,3,6,0,0,0,1,0,0,0,0,4.81909E+20,5.62285E+21,8.74351E+15,5.07571E+16
15169,15170,6,6,35,20,2016,6,7,5,3,5,3,0,0,0,1,0,1,0,0,5.08362E+20,5.69562E+21,9.12024E+15,5.14117E+16
15170,15171,6,6,33,9,2016,6,19,6,3,2,6,0,0,0,1,0,1,0,0,5.40049E+20,5.69121E+21,9.57534E+15,5.13707E+16
15171,15172,6,4,35,25,2016,6,15,6,2,3,6,0,0,0,1,0,0,1,0,5.33298E+20,5.5751E+21,9.46781E+15,5.03271E+16
15172,15173,6,4,33,3,2016,6,8,4,3,0,6,0,0,0,1,0,0,0,0,4.6537E+20,5.52829E+21,8.51773E+15,4.9906E+16
15173,15174,6,5,32,23,2016,6,15,5,3,3,6,0,1,0,1,0,0,1,0,4.65047E+20,5.60467E+21,8.50619E+15,5.05929E+16
15174,15175,6,5,35,13,2016,6,15,6,3,2,6,0,0,0,1,0,0,0,0,4.98281E+20,5.60995E+21,8.97569E+15,5.06414E+16
15175,15176,6,5,31,16,2016,6,15,4,3,5,2,0,0,0,1,0,0,0,0,4.86987E+20,5.60493E+21,8.81614E+15,5.05961E+16
15176,15177,6,4,36,7,2016,6,14,4,3,1,6,0,0,0,1,0,1,0,0,4.59929E+20,5.54788E+21,8.43991E+15,5.00818E+16
15177,15178,6,4,33,12,2016,6,17,4,3,4,2,0,0,0,1,0,0,0,0,4.58631E+20,5.53757E+21,8.42289E+15,4.9989E+16
15178,15179,6,4,39,5,2016,6,16,2,3,2,2,0,0,0,1,0,0,0,0,4.29324E+20,5.55809E+21,8.01031E+15,5.01708E+16
15179,15180,6,6,35,11,2016,6,18,5,2,8,7,0,0,0,0,0,1,0,0,4.89026E+20,5.66145E+21,8.84325E+15,5.11045E+16
15180,15181,6,6,11,0,2016,6,14,7,3,5,3,0,1,0,1,0,0,0,0,5.35079E+20,5.68519E+21,9.50336E+15,5.13169E+16
15181,15182,6,6,33,3,2016,6,8,3,3,2,6,0,1,0,1,0,0,0,0,5.28239E+20,5.68096E+21,9.40487E+15,5.12793E+16
15182,15183,6,5,31,7,2016,6,22,3,3,5,3,2,0,0,1,0,1,0,0,4.73874E+20,5.60349E+21,8.63097E+15,5.05827E+16
15183,15184,6,4,31,21,2016,6,8,2,3,9,1,0,1,0,1,0,0,0,0,4.86518E+20,5.49024E+21,8.81355E+15,4.95646E+16
15184,15185,6,4,11,0,2016,6,12,3,3,3,6,0,0,0,1,0,0,1,0,4.71276E+20,5.52396E+21,8.6003E+15,4.98674E+16
15185,15186,6,6,32,4,2016,6,13,7,3,2,6,0,0,0,1,0,0,0,0,5.36239E+20,5.62506E+21,9.51399E+15,5.07761E+16
15186,15187,6,4,35,14,2016,6,18,4,3,2,6,0,0,0,1,0,0,0,0,4.94838E+20,5.55273E+21,8.92778E+15,5.01268E+16
15187,15188,6,4,39,2,2016,6,23,3,2,8,1,2,1,0,1,1,0,0,1,4.33857E+20,5.55503E+21,8.0743E+15,5.01438E+16
15188,15189,6,4,34,1,2016,6,8,3,3,2,6,0,0,0,1,0,0,0,0,4.69347E+20,5.56899E+21,8.56985E+15,5.02722E+16
15189,15190,6,4,40,2,2016,6,20,1,3,5,3,1,0,0,1,0,0,0,0,4.81724E+20,5.58123E+21,8.74294E+15,5.03828E+16
15190,15191,6,4,38,7,2016,6,13,7,3,5,2,0,0,0,1,0,0,0,0,5.01827E+20,5.53977E+21,9.02549E+15,5.00103E+16
15191,15192,6,4,34,8,2016,6,18,2,3,2,6,0,0,1,1,0,0,0,0,4.69058E+20,5.55987E+21,8.56654E+15,5.01902E+16
15192,15193,6,4,11,0,2016,6,15,7,3,2,6,0,1,0,1,0,0,0,0,4.72816E+20,5.52133E+21,8.62192E+15,4.98438E+16
15193,15194,6,4,31,9,2016,6,10,2,3,9,1,0,0,0,1,0,0,0,0,4.88038E+20,5.49907E+21,8.8343E+15,4.9644E+16
15194,15195,6,6,34,17,2016,6,20,1,2,4,6,0,0,0,1,0,0,0,0,5.2465E+20,5.63481E+21,9.35028E+15,5.08644E+16
15195,15196,6,6,33,13,2016,6,22,7,2,8,7,2,1,0,1,0,0,0,0,5.28532E+20,5.70587E+21,9.41108E+15,5.15032E+16
15196,15197,6,6,32,20,2016,6,14,7,3,5,2,0,0,0,1,0,0,0,0,5.71481E+20,5.64608E+21,1.00179E+16,5.09619E+16
15197,15198,6,6,36,6,2016,6,14,6,2,4,6,0,0,0,1,0,0,0,0,5.5593E+20,5.67042E+21,9.80022E+15,5.11824E+16
15198,15199,6,6,31,6,2016,6,17,6,3,3,6,0,0,0,1,0,0,1,0,5.50047E+20,5.59335E+21,9.70553E+15,5.049E+16
15199,15200,6,4,33,2,2016,6,22,7,3,1,6,2,1,0,1,0,0,0,0,4.53313E+20,5.53833E+21,8.34862E+15,4.99954E+16
15200,15201,6,4,39,7,2016,6,11,6,2,8,1,0,0,0,0,0,1,0,0,4.44933E+20,5.57039E+21,8.22708E+15,5.02831E+16
15201,15202,6,6,11,0,2016,6,11,6,3,2,7,0,0,0,1,0,0,0,0,5.34832E+20,5.68569E+21,9.49987E+15,5.13215E+16
15202,15203,6,4,39,11,2016,6,2,5,3,7,1,2,0,0,1,0,0,1,0,4.5281E+20,5.553E+21,8.33979E+15,5.01274E+16
15203,15204,6,4,40,3,2016,6,0,5,3,8,7,2,0,0,1,0,0,0,0,4.8075E+20,5.55988E+21,8.73033E+15,5.01908E+16
15204,15205,6,5,31,8,2016,6,22,5,3,5,3,2,0,0,1,0,0,0,0,4.92011E+20,5.5884E+21,8.88748E+15,5.04476E+16
15205,15206,6,4,36,4,2016,6,14,6,3,5,3,0,0,0,1,0,0,0,0,4.57774E+20,5.54227E+21,8.41042E+15,5.00312E+16
15206,15207,6,4,36,9,2016,6,7,3,2,9,6,0,0,0,1,0,0,0,0,4.62969E+20,5.54751E+21,8.48244E+15,5.00787E+16
15207,15208,6,4,31,6,2016,6,16,6,3,2,6,0,0,0,1,0,0,1,0,4.67606E+20,5.50456E+21,8.55085E+15,4.96927E+16
15208,15209,6,5,32,2,2016,6,17,1,3,8,1,0,0,0,0,0,1,0,0,4.65194E+20,5.61698E+21,8.5071E+15,5.07036E+16
15209,15210,6,4,14,0,2016,6,16,4,2,9,7,0,0,0,0,0,0,0,1,4.43436E+20,5.54871E+21,8.2093E+15,5.0088E+16
15210,15211,6,4,38,10,2016,6,22,4,3,2,6,2,0,0,1,0,0,0,0,4.89881E+20,5.54698E+21,8.85859E+15,5.0075E+16
15211,15212,6,4,13,0,2016,6,12,4,3,2,7,0,1,0,1,0,0,0,0,4.82729E+20,5.54992E+21,8.7585E+15,5.01013E+16
15212,15213,6,4,11,0,2016,6,14,5,3,5,3,0,0,1,0,0,0,0,1,4.74653E+20,5.52361E+21,8.64732E+15,4.98644E+16
15213,15214,6,5,33,9,2016,6,17,3,3,2,6,0,0,0,1,0,0,0,1,4.3285E+20,5.58339E+21,8.05518E+15,5.03987E+16
15214,15215,6,4,31,2,2016,6,18,4,3,2,6,0,0,0,1,0,0,0,0,4.72789E+20,5.50343E+21,8.62279E+15,4.96828E+16
15215,15216,6,4,12,0,2016,6,7,4,2,5,2,0,0,0,1,0,1,0,0,4.75034E+20,5.55043E+21,8.65087E+15,5.01056E+16
15216,15217,6,6,31,18,2016,6,13,4,2,8,1,0,0,0,1,0,0,0,0,5.41307E+20,5.5936E+21,9.58235E+15,5.04929E+16
15217,15218,6,6,33,29,2016,6,12,4,3,2,6,0,0,0,1,0,0,0,1,5.20255E+20,5.68486E+21,9.29062E+15,5.13146E+16
15218,15219,6,5,34,11,2016,6,20,2,3,9,1,0,1,0,1,0,0,0,0,4.90962E+20,5.63136E+21,8.87166E+15,5.08339E+16
15219,15220,6,5,34,10,2016,6,19,5,3,1,5,0,0,0,1,0,0,0,0,4.68077E+20,5.62244E+21,8.54746E+15,5.07528E+16
15220,15221,6,4,39,15,2016,6,17,7,3,0,1,0,1,0,0,0,1,0,0,4.35567E+20,5.55453E+21,8.09832E+15,5.01395E+16
15221,15222,6,4,13,0,2016,6,14,1,2,0,7,0,0,0,0,0,1,0,0,4.82184E+20,5.5488E+21,8.75093E+15,5.00912E+16
15222,15223,6,5,32,11,2016,6,21,3,3,8,1,1,1,0,1,0,0,0,0,4.42042E+20,5.62315E+21,8.1783E+15,5.07572E+16
15223,15224,6,6,36,3,2016,6,15,2,3,2,6,0,0,0,1,0,0,0,0,5.72978E+20,5.67162E+21,1.00443E+16,5.11913E+16
15224,15225,6,4,14,0,2016,6,16,3,3,3,2,0,0,1,1,0,0,0,0,4.44372E+20,5.5464E+21,8.22271E+15,5.00673E+16
15225,15226,6,4,40,19,2016,6,19,3,3,2,6,0,0,0,1,0,1,0,0,5.03031E+20,5.57818E+21,9.04261E+15,5.03557E+16
15226,15227,6,5,32,3,2016,6,15,2,2,8,1,0,1,0,1,0,0,0,0,4.55813E+20,5.59726E+21,8.37661E+15,5.05256E+16
15227,15228,6,4,13,0,2016,6,14,2,3,2,6,0,0,0,1,0,1,0,1,4.85119E+20,5.55067E+21,8.7919E+15,5.01081E+16
15228,15229,6,5,31,5,2016,6,18,4,1,2,6,0,0,0,1,0,1,1,0,4.79776E+20,5.60789E+21,8.71409E+15,5.06225E+16
15229,15230,6,4,35,10,2016,6,13,3,3,8,1,0,0,0,1,0,0,0,0,5.14938E+20,5.56036E+21,9.20929E+15,5.01952E+16
15230,15231,6,4,38,9,2016,6,17,1,2,3,6,0,0,0,1,0,0,0,0,4.80213E+20,5.5446E+21,8.7236E+15,5.00533E+16
15231,15232,6,4,14,0,2016,6,7,6,2,9,1,0,1,0,1,0,0,0,0,4.50588E+20,5.55497E+21,8.30845E+15,5.01449E+16
15232,15233,6,4,14,0,2016,6,14,5,2,2,6,0,0,0,1,0,0,0,0,4.4756E+20,5.54158E+21,8.26791E+15,5.00242E+16
15233,15234,6,4,35,23,2016,6,16,3,3,1,5,0,0,0,1,0,0,0,1,5.00907E+20,5.55451E+21,9.01269E+15,5.01428E+16
15234,15235,6,6,11,0,2016,6,15,4,3,6,4,0,0,0,1,1,0,0,0,5.35596E+20,5.68466E+21,9.51072E+15,5.13122E+16
15235,15236,6,5,32,11,2016,6,18,4,3,5,3,0,0,0,1,0,0,0,0,4.47435E+20,5.62809E+21,8.25406E+15,5.08021E+16
15236,15237,6,5,34,14,2016,6,13,4,2,9,1,0,1,0,1,0,0,0,0,4.8525E+20,5.62699E+21,8.79072E+15,5.07945E+16
15237,15238,6,5,32,11,2016,6,19,2,2,8,1,0,1,0,1,0,0,0,0,4.40994E+20,5.62181E+21,8.16367E+15,5.07451E+16
15238,15239,6,4,40,3,2016,6,16,5,3,2,6,0,0,0,1,0,1,0,0,4.80703E+20,5.55706E+21,8.72981E+15,5.01655E+16
15239,15240,6,4,11,0,2016,6,20,7,3,5,3,0,0,0,1,0,0,0,0,4.74243E+20,5.52442E+21,8.64156E+15,4.98716E+16
15240,15241,6,4,36,7,2016,6,12,3,3,3,6,0,1,0,1,0,0,0,0,4.57142E+20,5.54499E+21,8.40129E+15,5.00557E+16
15241,15242,6,5,33,9,2016,6,13,3,3,3,6,0,0,0,1,0,0,1,1,4.30821E+20,5.58401E+21,8.02652E+15,5.0404E+16
15242,15243,6,4,38,4,2016,6,15,3,3,2,6,0,0,0,1,0,0,0,0,4.92201E+20,5.54641E+21,8.89102E+15,5.00699E+16
15243,15244,6,4,33,3,2016,6,15,2,3,4,6,0,0,0,1,0,0,0,0,4.67355E+20,5.52812E+21,8.54538E+15,4.99046E+16
15244,15245,6,5,33,4,2016,6,16,2,3,0,7,0,0,0,1,0,1,0,0,4.31175E+20,5.59522E+21,8.02945E+15,5.05049E+16
15245,15246,6,6,33,20,2016,6,13,7,3,5,3,0,0,1,1,0,0,0,0,5.37653E+20,5.685E+21,9.54027E+15,5.1315E+16
15246,15247,6,4,12,0,2016,6,16,4,3,2,6,0,0,0,1,0,0,0,0,4.71196E+20,5.55175E+21,8.59711E+15,5.01173E+16
15247,15248,6,4,35,12,2016,6,15,3,2,2,6,0,0,0,1,0,0,0,0,5.08929E+20,5.56134E+21,9.12512E+15,5.02042E+16
15248,15249,6,5,34,18,2016,6,12,1,3,2,6,0,0,0,1,0,0,0,0,5.00641E+20,5.62753E+21,9.0091E+15,5.07995E+16
15249,15250,6,4,13,0,2016,6,6,6,3,5,7,0,0,0,1,0,0,0,0,4.85144E+20,5.55069E+21,8.79225E+15,5.01082E+16
15250,15251,6,4,32,7,2016,6,18,2,2,9,1,0,0,0,0,0,1,0,0,4.84345E+20,5.51088E+21,8.78268E+15,4.97502E+16
15251,15252,6,5,33,9,2016,6,8,6,2,4,6,0,0,0,1,0,0,0,1,4.34819E+20,5.58039E+21,8.08341E+15,5.03719E+16
15252,15253,6,4,36,4,2016,6,18,2,2,0,1,0,0,0,1,0,0,0,0,4.57763E+20,5.54183E+21,8.41031E+15,5.00272E+16
15253,15254,6,4,34,8,2016,6,5,1,2,4,6,1,1,0,1,0,0,0,1,4.70107E+20,5.56337E+21,8.58096E+15,5.02217E+16
15254,15255,6,4,32,20,2016,6,9,7,3,1,5,0,0,0,1,0,0,0,0,4.82365E+20,5.52301E+21,8.75464E+15,4.98593E+16
15255,15256,6,6,32,17,2016,6,20,6,3,0,7,0,0,0,1,0,0,0,1,5.60552E+20,5.64439E+21,9.86199E+15,5.0948E+16
15256,15257,6,5,33,3,2016,6,17,6,3,2,6,0,0,0,1,0,0,1,1,4.4627E+20,5.56925E+21,8.246E+15,5.02729E+16
15257,15258,6,6,31,9,2016,6,10,7,3,8,1,0,0,1,0,0,0,0,0,5.47259E+20,5.59569E+21,9.66652E+15,5.05113E+16
15258,15259,6,4,40,12,2016,6,7,6,3,2,6,0,0,0,1,0,0,0,0,4.79629E+20,5.56404E+21,8.7144E+15,5.02282E+16
15259,15260,6,4,12,0,2016,6,21,6,3,5,3,1,0,0,1,0,0,0,0,4.79654E+20,5.5512E+21,8.71544E+15,5.01127E+16
15260,15261,6,5,31,5,2016,6,18,4,3,2,6,0,0,0,1,0,0,0,0,4.77851E+20,5.60546E+21,8.68703E+15,5.06006E+16
15261,15262,6,4,32,10,2016,6,17,5,3,2,6,0,0,0,1,0,0,0,0,4.95016E+20,5.52559E+21,8.93063E+15,4.98827E+16
15262,15263,6,5,35,14,2016,6,18,5,3,2,6,0,0,0,1,0,0,0,0,5.12954E+20,5.61778E+21,9.18348E+15,5.07117E+16
15263,15264,6,4,32,15,2016,6,16,6,2,1,5,0,0,1,1,0,0,0,0,4.89985E+20,5.53041E+21,8.86047E+15,4.99259E+16
15264,15265,6,4,40,15,2016,6,21,3,2,3,6,1,0,0,1,0,0,0,0,4.80337E+20,5.59081E+21,8.72293E+15,5.0469E+16
15265,15266,6,5,33,9,2016,6,16,5,3,2,6,0,0,0,1,0,0,0,0,4.32618E+20,5.58252E+21,8.05208E+15,5.03909E+16
15266,15267,6,4,31,13,2016,6,5,1,3,8,1,0,0,0,1,0,0,0,0,4.63159E+20,5.49424E+21,8.49016E+15,4.95996E+16
15267,15268,6,4,35,3,2016,6,10,4,3,8,1,0,1,0,1,0,0,0,0,5.19002E+20,5.56391E+21,9.2664E+15,5.0227E+16
15268,15269,6,4,34,3,2016,6,0,1,2,9,7,2,0,0,1,0,0,0,0,4.57834E+20,5.56634E+21,8.40859E+15,5.02477E+16
15269,15270,6,4,38,2,2016,6,16,5,3,5,3,0,1,0,1,0,0,0,0,4.80823E+20,5.53679E+21,8.73251E+15,4.99831E+16
15270,15271,6,6,34,5,2016,6,8,4,2,2,1,0,0,0,1,0,1,0,0,5.15302E+20,5.6637E+21,9.21866E+15,5.11245E+16
15271,15272,6,6,31,8,2016,6,6,4,3,9,1,0,0,0,1,0,0,0,0,5.4037E+20,5.58391E+21,9.5681E+15,5.04058E+16
15272,15273,6,4,35,21,2016,6,7,3,3,5,2,0,1,0,1,0,0,0,0,4.90867E+20,5.56275E+21,8.87199E+15,5.02169E+16
15273,15274,6,4,35,14,2016,6,19,2,3,4,6,0,0,1,0,0,0,0,0,4.97329E+20,5.55202E+21,8.96264E+15,5.01204E+16
15274,15275,6,5,34,12,2016,6,16,5,2,5,2,0,0,0,1,0,1,0,0,4.8149E+20,5.63527E+21,8.73696E+15,5.08688E+16
15275,15276,6,4,11,0,2016,6,8,7,3,2,6,0,1,0,1,0,0,1,0,4.74048E+20,5.51667E+21,8.63936E+15,4.98019E+16
15276,15277,6,4,12,0,2016,6,18,1,3,2,6,0,0,0,1,0,0,0,0,4.73041E+20,5.54993E+21,8.62304E+15,5.0101E+16