FID,OBJECTID,ULAND,UREGBEZ,UKREIS,UGEMEINDE,UJAHR,UMONAT,USTUNDE,UWOCHENTAG,UKATEGORIE,UART,UTYP1,ULICHTVERH,IstStrasse,IstRad,IstPKW,IstFuss,IstKrad,IstGkfz,IstSonstig,LINREFX,LINREFY,XGCSWGS84,YGCSWGS84
15277,15278,6,5,33,8,2016,6,18,2,3,9,1,0,1,0,1,0,0,0,0,4.42113E+20,5.57488E+21,8.18681E+15,5.03232E+16
15278,15279,6,6,11,0,2016,6,7,2,3,2,6,0,0,0,1,0,0,0,0,5.38121E+20,5.68278E+21,9.54674E+15,5.1295E+16
15279,15280,6,4,12,0,2016,6,18,3,3,5,3,0,0,0,1,0,0,0,0,4.82961E+20,5.55156E+21,8.76167E+15,5.01161E+16
15280,15281,6,4,32,9,2016,6,11,3,2,2,6,0,0,0,1,0,0,1,0,4.87447E+20,5.51703E+21,8.82555E+15,4.98056E+16
15281,15282,6,6,33,29,2016,6,13,2,2,3,6,0,1,0,1,0,0,0,1,5.14585E+20,5.69382E+21,9.20965E+15,5.13954E+16
15282,15283,6,4,14,0,2016,6,12,3,3,6,7,0,0,0,1,1,0,0,0,4.45399E+20,5.54305E+21,8.23754E+15,5.00372E+16
15283,15284,6,4,12,0,2016,6,5,1,3,3,6,0,0,0,1,0,0,0,0,4.70838E+20,5.55262E+21,8.59203E+15,5.01251E+16
15284,15285,6,4,12,0,2016,6,20,6,3,2,6,0,0,0,1,0,0,0,0,4.78676E+20,5.55235E+21,8.70169E+15,5.0123E+16
15285,15286,6,5,35,4,2016,6,11,1,2,8,1,0,0,0,0,0,1,0,0,5.29582E+20,5.58982E+21,9.41675E+15,5.04596E+16
15286,15287,6,4,33,12,2016,6,5,1,2,6,4,0,1,0,0,1,1,0,0,4.58579E+20,5.53756E+21,8.42217E+15,4.99889E+16
15287,15288,6,5,32,23,2016,6,10,2,3,2,6,0,0,0,1,0,0,0,0,4.63317E+20,5.59994E+21,8.48222E+15,5.05502E+16
15288,15289,6,4,36,10,2016,6,22,6,2,5,3,2,0,0,1,0,0,0,0,4.62438E+20,5.55305E+21,8.47448E+15,5.01285E+16
15289,15290,6,4,12,0,2016,6,2,7,3,8,1,2,0,0,1,0,0,0,0,4.74656E+20,5.54519E+21,8.64593E+15,5.00584E+16
15290,15291,6,5,32,19,2016,6,17,6,2,9,1,0,0,0,0,0,1,0,0,4.58115E+20,5.62385E+21,8.40608E+15,5.07649E+16
15291,15292,6,4,13,0,2016,6,17,5,3,5,2,0,0,0,1,0,0,0,0,4.83506E+20,5.54853E+21,8.76943E+15,5.00888E+16
15292,15293,6,6,34,7,2016,6,12,7,2,8,1,0,1,0,1,0,0,0,0,5.25213E+20,5.67014E+21,9.36073E+15,5.11821E+16
15293,15294,6,4,39,8,2016,6,8,2,2,2,6,0,0,0,1,0,0,0,0,4.46403E+20,5.5647E+21,8.24852E+15,5.0232E+16
15294,15295,6,6,31,9,2016,6,17,6,3,2,6,0,0,0,1,0,0,0,0,5.4616E+20,5.60106E+21,9.65169E+15,5.05597E+16
15295,15296,6,5,34,14,2016,6,20,5,3,2,6,1,0,0,1,0,0,0,0,4.8136E+20,5.6301E+21,8.73537E+15,5.08223E+16
15296,15297,6,5,35,13,2016,6,16,6,2,3,6,0,0,0,1,0,0,0,0,5.01726E+20,5.61326E+21,9.02443E+15,5.06712E+16
15297,15298,6,4,12,0,2016,6,22,6,3,5,3,2,0,0,1,0,0,0,0,4.74279E+20,5.55215E+21,8.6402E+15,5.01211E+16
15298,15299,6,4,32,23,2016,6,16,2,3,2,6,0,0,0,1,0,0,0,0,4.71522E+20,5.52595E+21,8.60358E+15,4.98853E+16
15299,15300,6,4,35,16,2016,6,18,1,3,9,1,0,1,0,1,0,0,0,0,5.30283E+20,5.56209E+21,9.42441E+15,5.02102E+16
15300,15301,6,4,35,10,2016,6,15,6,3,2,6,0,1,0,1,0,0,0,0,5.11936E+20,5.55984E+21,9.16721E+15,5.01906E+16
15301,15302,6,6,31,6,2016,6,16,7,3,4,1,0,0,0,1,0,0,0,1,5.52105E+20,5.58816E+21,9.73381E+15,5.04432E+16
15302,15303,6,4,36,5,2016,6,17,6,3,5,3,0,0,1,1,0,0,0,0,4.62894E+20,5.5465E+21,8.4815E+15,5.00696E+16
15303,15304,6,5,33,9,2016,6,18,5,2,5,3,0,0,0,1,0,1,0,0,4.33389E+20,5.58085E+21,8.06322E+15,5.0376E+16
15304,15305,6,4,35,14,2016,6,17,7,3,2,6,0,0,0,1,0,0,0,0,4.98415E+20,5.55346E+21,8.97782E+15,5.01334E+16
15305,15306,6,4,12,0,2016,6,9,2,3,3,6,0,0,0,1,0,0,0,0,4.70301E+20,5.55358E+21,8.58444E+15,5.01337E+16
15306,15307,6,4,33,12,2016,6,20,6,3,2,2,0,0,0,1,0,0,0,0,4.59588E+20,5.5343E+21,8.43658E+15,4.99597E+16
15307,15308,6,6,31,15,2016,6,19,5,3,2,6,0,0,0,1,0,0,0,0,5.57638E+20,5.61666E+21,9.81614E+15,5.06989E+16
15308,15309,6,5,33,9,2016,6,16,4,3,2,2,0,0,0,0,0,1,0,1,4.37501E+20,5.5805E+21,8.1211E+15,5.03733E+16
15309,15310,6,5,34,14,2016,6,17,6,3,2,6,0,1,0,1,0,0,0,0,4.8378E+20,5.63011E+21,8.76972E+15,5.08225E+16
15310,15311,6,6,11,0,2016,6,17,2,3,5,3,0,0,0,1,0,1,0,0,5.34827E+20,5.68677E+21,9.4999E+15,5.13312E+16
15311,15312,6,6,11,0,2016,6,7,5,2,6,4,0,0,0,1,1,0,0,0,5.32389E+20,5.68505E+21,9.46475E+15,5.13159E+16
15312,15313,6,6,31,12,2016,6,14,1,3,3,1,0,0,1,1,0,0,0,0,5.67293E+20,5.60405E+21,9.95054E+15,5.05845E+16
15313,15314,6,4,39,17,2016,6,17,3,3,3,6,0,0,0,1,0,1,0,0,4.40185E+20,5.54351E+21,8.16466E+15,5.00409E+16
15314,15315,6,4,40,8,2016,6,7,4,3,4,1,0,1,0,1,0,0,0,0,4.83006E+20,5.57725E+21,8.76115E+15,5.0347E+16
15315,15316,6,4,40,24,2016,6,11,1,3,3,6,0,0,1,0,0,0,0,1,4.8726E+20,5.58342E+21,8.82072E+15,5.04027E+16
15316,15317,6,4,36,2,2016,6,13,5,3,8,1,0,1,0,0,0,1,0,0,4.55691E+20,5.55455E+21,8.37991E+15,5.01415E+16
15317,15318,6,4,34,8,2016,6,10,4,2,6,4,0,0,0,1,1,0,0,0,4.70117E+20,5.56137E+21,8.58125E+15,5.02037E+16
15318,15319,6,6,32,2,2016,6,14,3,3,5,3,0,0,0,1,0,0,0,0,5.50878E+20,5.63483E+21,9.72295E+15,5.0863E+16
15319,15320,6,4,12,0,2016,6,2,3,2,8,1,2,0,0,1,0,0,0,0,4.71198E+20,5.54986E+21,8.59728E+15,5.01003E+16
15320,15321,6,4,40,5,2016,6,6,2,3,2,6,0,0,0,1,0,0,0,0,4.78564E+20,5.58529E+21,8.69827E+15,5.04192E+16
15321,15322,6,5,34,14,2016,6,17,7,3,8,1,0,1,0,1,0,0,0,0,4.77129E+20,5.62742E+21,8.67547E+15,5.0798E+16
15322,15323,6,4,12,0,2016,6,10,1,3,6,4,0,0,0,1,1,0,0,0,4.77441E+20,5.55388E+21,8.68433E+15,5.01367E+16
15323,15324,6,4,14,0,2016,6,22,2,3,0,1,2,1,0,0,0,1,0,0,4.44967E+20,5.54711E+21,8.23093E+15,5.00738E+16
15324,15325,6,4,12,0,2016,6,17,2,3,3,2,0,0,0,1,0,0,0,0,4.80409E+20,5.55159E+21,8.72598E+15,5.01163E+16
15325,15326,6,5,33,9,2016,6,17,7,3,5,3,0,0,1,1,0,0,0,0,4.34894E+20,5.58032E+21,8.08447E+15,5.03713E+16
15326,15327,6,6,11,0,2016,6,12,3,3,2,6,0,0,0,1,0,0,0,0,5.287E+20,5.68291E+21,9.41164E+15,5.12968E+16
15327,15328,6,5,34,14,2016,6,22,3,3,5,3,2,0,0,1,0,1,0,0,4.83561E+20,5.62788E+21,8.76672E+15,5.08024E+16
15328,15329,6,4,12,0,2016,6,8,2,3,2,6,0,1,0,1,0,0,0,0,4.74836E+20,5.54497E+21,8.64847E+15,5.00565E+16
15329,15330,6,4,33,3,2016,6,9,1,3,8,1,0,1,0,1,0,0,0,0,4.65211E+20,5.52828E+21,8.51551E+15,4.99059E+16
15330,15331,6,4,12,0,2016,6,20,3,3,3,2,0,0,1,1,0,0,0,0,4.74097E+20,5.55008E+21,8.6378E+15,5.01024E+16
15331,15332,6,4,32,12,2016,6,19,6,3,5,3,0,0,1,1,0,0,0,0,4.81543E+20,5.53021E+21,8.74286E+15,4.9924E+16
15332,15333,6,4,14,0,2016,6,15,1,3,4,6,0,0,0,1,0,0,0,0,4.49375E+20,5.53972E+21,8.29349E+15,5.00077E+16
15333,15334,6,5,32,21,2016,6,11,1,3,8,1,0,0,0,1,0,0,0,0,4.5965E+20,5.59989E+21,8.43047E+15,5.05495E+16
15334,15335,6,5,31,5,2016,6,16,6,3,5,3,0,0,0,1,0,0,0,0,4.77441E+20,5.60352E+21,8.68136E+15,5.05831E+16
15335,15336,6,4,31,5,2016,6,15,6,3,4,7,0,0,0,1,0,0,0,0,4.60121E+20,5.49975E+21,8.44757E+15,4.9649E+16
15336,15337,6,4,12,0,2016,6,15,5,2,3,2,0,0,0,1,0,0,0,1,4.78932E+20,5.55203E+21,8.7053E+15,5.01201E+16
15337,15338,6,4,33,8,2016,6,20,7,3,8,1,1,1,0,1,0,0,0,0,4.71718E+20,5.53488E+21,8.60565E+15,4.99656E+16
15338,15339,6,4,35,11,2016,6,3,6,2,4,6,2,0,1,0,0,0,0,0,4.97723E+20,5.54799E+21,8.96817E+15,5.00842E+16
15339,15340,6,4,12,0,2016,6,8,4,3,3,2,0,0,1,1,0,0,0,0,4.7532E+20,5.5506E+21,8.65486E+15,5.01071E+16
15340,15341,6,5,31,15,2016,6,18,5,3,8,1,0,1,0,1,0,0,0,0,4.96435E+20,5.61251E+21,8.94956E+15,5.06644E+16
15341,15342,6,4,33,12,2016,6,15,6,3,2,6,0,0,0,1,0,0,0,0,4.58325E+20,5.53598E+21,8.4188E+15,4.99747E+16
15342,15343,6,4,40,7,2016,6,11,4,3,2,6,0,0,0,1,0,0,0,0,4.9318E+20,5.57527E+21,8.90418E+15,5.03295E+16
15343,15344,6,4,38,9,2016,6,12,4,3,3,6,0,0,0,1,0,1,0,0,4.78779E+20,5.54405E+21,8.7036E+15,5.00484E+16
15344,15345,6,6,33,29,2016,6,12,2,3,2,6,0,0,0,1,0,0,0,0,5.1614E+20,5.69135E+21,9.23187E+15,5.13731E+16
15345,15346,6,4,11,0,2016,6,16,5,3,2,6,0,0,0,1,0,0,0,1,4.73296E+20,5.52094E+21,8.62862E+15,4.98403E+16
15346,15347,6,5,31,5,2016,6,17,1,2,2,6,0,0,0,1,0,0,0,0,4.7132E+20,5.59748E+21,8.59536E+15,5.05286E+16
15347,15348,6,4,40,23,2016,6,17,3,3,2,6,0,0,0,1,0,0,0,0,4.75761E+20,5.56994E+21,8.6598E+15,5.02811E+16
15348,15349,6,6,31,20,2016,6,13,3,2,6,4,0,0,0,1,1,0,0,0,5.51363E+20,5.60102E+21,9.72513E+15,5.05588E+16
15349,15350,6,5,32,8,2016,6,17,2,3,2,6,0,1,0,1,0,1,0,0,4.56308E+20,5.60538E+21,8.38264E+15,5.05987E+16
15350,15351,6,4,33,7,2016,6,14,3,3,3,6,0,0,0,1,0,0,1,0,4.6728E+20,5.5439E+21,8.543E+15,5.00465E+16
15351,15352,6,6,33,23,2016,6,15,1,3,2,6,0,1,0,1,0,0,0,0,5.25564E+20,5.68171E+21,9.36657E+15,5.12862E+16
15352,15353,6,6,31,9,2016,6,22,4,3,5,3,2,0,0,1,0,0,0,0,5.47418E+20,5.60076E+21,9.6694E+15,5.05569E+16
15353,15354,6,6,11,0,2016,6,15,3,3,2,6,0,0,0,1,0,0,0,0,5.28698E+20,5.6829E+21,9.41161E+15,5.12967E+16
15354,15355,6,4,35,19,2016,6,3,3,3,7,7,2,1,0,1,0,0,0,0,4.89026E+20,5.55535E+21,8.84639E+15,5.01503E+16
15355,15356,6,4,31,16,2016,6,6,1,3,7,1,0,0,0,1,0,0,0,0,4.68557E+20,5.50164E+21,8.56426E+15,4.96664E+16
15356,15357,6,4,12,0,2016,6,20,7,3,0,1,1,0,0,0,0,1,0,0,4.78202E+20,5.55012E+21,8.69519E+15,5.01029E+16
15357,15358,6,6,33,16,2016,6,22,2,3,9,1,1,0,0,1,0,0,0,0,5.19103E+20,5.70559E+21,9.27522E+15,5.15011E+16
15358,15359,6,4,12,0,2016,6,8,7,3,8,1,0,1,0,1,0,0,0,0,4.70168E+20,5.54483E+21,8.58327E+15,5.0055E+16
15359,15360,6,4,34,8,2016,6,8,2,3,2,6,0,0,0,1,0,0,0,0,4.70196E+20,5.55778E+21,8.58265E+15,5.01715E+16
15360,15361,6,4,36,3,2016,6,12,1,3,5,7,0,0,1,0,0,1,0,0,4.69747E+20,5.5552E+21,8.57656E+15,5.01482E+16
15361,15362,6,4,35,14,2016,6,13,5,3,5,3,0,0,1,1,0,0,0,0,4.93625E+20,5.55365E+21,8.9108E+15,5.01351E+16
15362,15363,6,4,11,0,2016,6,9,4,3,2,6,0,0,0,1,0,0,1,0,4.73289E+20,5.52658E+21,8.62812E+15,4.98911E+16
15363,15364,6,4,12,0,2016,6,14,2,3,6,6,0,0,0,0,1,1,0,0,4.67958E+20,5.55029E+21,8.55194E+15,5.0104E+16
15364,15365,6,4,12,0,2016,6,10,5,3,3,6,0,0,0,1,0,0,0,0,4.69688E+20,5.54914E+21,8.57621E+15,5.00937E+16
15365,15366,6,5,31,12,2016,6,8,1,2,8,1,0,0,0,1,0,0,0,0,4.75172E+20,5.5984E+21,8.64964E+15,5.0537E+16
15366,15367,6,4,37,9,2016,6,9,3,3,5,3,0,1,0,1,0,0,0,0,4.98454E+20,5.5171E+21,8.97851E+15,4.98064E+16
15367,15368,6,4,31,14,2016,6,16,3,3,8,1,0,0,0,1,0,0,0,0,4.80518E+20,5.50749E+21,8.72973E+15,4.97196E+16
15368,15369,6,4,39,15,2016,6,14,2,3,5,3,0,1,0,1,0,0,0,0,4.44229E+20,5.5582E+21,8.21899E+15,5.01734E+16
15369,15370,6,5,32,23,2016,6,0,1,2,6,4,2,0,0,1,1,0,0,0,4.64496E+20,5.60019E+21,8.49883E+15,5.05526E+16
15370,15371,6,4,32,11,2016,6,20,5,2,8,1,1,1,0,1,0,0,0,0,4.8652E+20,5.52561E+21,8.81237E+15,4.98827E+16
15371,15372,6,5,34,3,2016,6,16,4,2,6,4,0,0,0,0,1,1,0,0,4.62077E+20,5.62344E+21,8.4623E+15,5.07615E+16
15372,15373,6,4,12,0,2016,6,20,3,3,2,2,0,1,0,1,0,0,0,0,4.7532E+20,5.55122E+21,8.65482E+15,5.01128E+16
15373,15374,6,6,36,16,2016,6,20,3,3,8,1,0,0,0,1,0,0,0,0,5.62182E+20,5.68596E+21,9.89236E+15,5.13216E+16
15374,15375,6,6,35,9,2016,6,17,1,3,8,1,0,0,0,0,0,1,0,0,5.08962E+20,5.6701E+21,9.12822E+15,5.11822E+16
15375,15376,6,4,13,0,2016,6,10,2,3,2,6,0,0,0,1,0,0,0,0,4.83992E+20,5.55033E+21,8.77615E+15,5.0105E+16
15376,15377,6,5,32,3,2016,6,14,7,3,9,1,0,1,0,0,0,1,0,0,4.58622E+20,5.59499E+21,8.4165E+15,5.05054E+16
15377,15378,6,4,37,2,2016,6,16,1,2,9,1,0,1,0,0,0,1,0,0,4.98888E+20,5.49259E+21,8.98462E+15,4.95859E+16
15378,15379,6,4,12,0,2016,6,12,2,3,6,4,0,1,0,1,1,0,0,0,4.67972E+20,5.55032E+21,8.55213E+15,5.01043E+16
15379,15380,6,4,11,0,2016,6,9,2,3,5,3,0,0,1,1,0,0,0,0,4.74398E+20,5.52514E+21,8.64366E+15,4.98781E+16
15380,15381,6,4,13,0,2016,6,13,7,3,8,7,0,0,0,1,0,0,1,0,4.81102E+20,5.54663E+21,8.73592E+15,5.00717E+16
15381,15382,6,6,32,12,2016,6,13,1,2,0,1,0,1,0,0,0,1,0,0,5.52273E+20,5.63868E+21,9.74332E+15,5.08974E+16
15382,15383,6,4,14,0,2016,6,13,7,3,5,2,0,0,0,1,0,0,0,0,4.50672E+20,5.53983E+21,8.31158E+15,5.00087E+16
15383,15384,6,4,36,11,2016,6,9,6,3,2,6,0,0,0,1,0,0,0,0,4.6642E+20,5.5561E+21,8.52991E+15,5.01562E+16
15384,15385,6,4,38,4,2016,6,18,7,3,6,7,0,0,0,1,1,0,0,0,4.95594E+20,5.5476E+21,8.93842E+15,5.00807E+16
15385,15386,6,4,11,0,2016,6,22,6,3,8,1,2,0,0,1,0,0,0,0,4.75015E+20,5.52416E+21,8.65232E+15,4.98693E+16
15386,15387,6,6,34,2,2016,6,9,1,2,5,3,0,0,1,1,0,0,0,0,5.27137E+20,5.67387E+21,9.38853E+15,5.12156E+16
15387,15388,6,4,40,14,2016,6,10,1,3,8,1,0,1,0,1,0,0,0,0,4.99272E+20,5.56699E+21,8.98979E+15,5.0255E+16
15388,15389,6,6,31,9,2016,6,20,6,3,2,6,0,0,0,1,0,1,0,0,5.49062E+20,5.59957E+21,9.69246E+15,5.0546E+16
15389,15390,6,6,36,5,2016,6,9,5,2,8,1,0,0,0,0,0,0,0,1,5.82491E+20,5.65456E+21,1.01765E+16,5.10367E+16
15390,15391,6,4,36,12,2016,6,11,6,3,3,6,0,0,0,1,0,0,1,0,4.66609E+20,5.5516E+21,8.53296E+15,5.01157E+16
15391,15392,6,4,38,10,2016,6,15,6,3,2,6,0,0,0,1,0,0,1,0,4.89631E+20,5.54543E+21,8.85514E+15,5.00611E+16
15392,15393,6,6,33,200,2016,6,15,4,3,0,7,0,0,1,0,0,0,0,0,5.34039E+20,5.72153E+21,9.49193E+15,5.16438E+16
15393,15394,6,6,36,7,2016,6,14,4,2,5,3,0,0,1,1,0,0,0,0,5.74115E+20,5.6727E+21,1.00608E+16,5.12009E+16
15394,15395,6,5,35,16,2016,6,11,5,3,9,1,0,1,0,0,0,1,0,0,5.11941E+20,5.58971E+21,9.16822E+15,5.04592E+16
15395,15396,6,4,40,18,2016,6,12,4,2,8,6,0,0,0,1,0,0,0,0,4.78974E+20,5.58145E+21,8.70424E+15,5.03848E+16
15396,15397,6,4,35,2,2016,6,5,4,1,9,1,0,1,0,1,0,0,0,0,5.30459E+20,5.56701E+21,9.42727E+15,5.02544E+16
15397,15398,6,5,34,22,2016,6,11,4,3,8,1,0,1,0,0,0,1,0,0,4.95807E+20,5.63955E+21,8.94037E+15,5.09076E+16
15398,15399,6,4,34,1,2016,6,17,2,2,2,6,0,0,1,1,0,0,0,0,4.73154E+20,5.5624E+21,8.62374E+15,5.02132E+16
15399,15400,6,4,39,15,2016,6,10,5,3,2,6,0,0,0,1,0,0,0,0,4.4087E+20,5.55526E+21,8.17241E+15,5.01466E+16
15400,15401,6,4,13,0,2016,6,20,7,3,2,6,0,0,0,1,0,0,0,0,4.8285E+20,5.54858E+21,8.76026E+15,5.00892E+16
15401,15402,6,6,32,6,2016,6,11,3,2,2,6,0,0,0,1,0,0,1,0,5.58692E+20,5.6376E+21,9.83441E+15,5.08871E+16
15402,15403,6,5,31,4,2016,6,16,3,3,5,2,0,0,1,1,0,0,0,0,4.84461E+20,5.60028E+21,8.78065E+15,5.05542E+16
15403,15404,6,4,31,5,2016,6,12,2,3,2,6,0,0,0,1,0,0,0,0,4.63307E+20,5.49948E+21,8.49173E+15,4.96467E+16
15404,15405,6,5,31,5,2016,6,0,3,3,2,6,2,0,0,1,0,0,0,0,4.79835E+20,5.60548E+21,8.71506E+15,5.06009E+16
15405,15406,6,5,35,4,2016,6,13,7,2,8,1,0,0,0,0,0,1,0,0,5.28399E+20,5.58966E+21,9.40008E+15,5.04582E+16
15406,15407,6,4,38,11,2016,6,8,4,3,2,6,0,0,0,1,0,0,0,0,4.90353E+20,5.53592E+21,8.86547E+15,4.99755E+16
15407,15408,6,4,35,19,2016,6,15,3,3,2,6,0,0,0,1,0,0,0,0,4.85593E+20,5.55398E+21,8.7984E+15,5.01379E+16
15408,15409,6,4,35,10,2016,6,12,3,3,0,7,0,0,1,1,0,0,0,0,5.12898E+20,5.56143E+21,9.18074E+15,5.02049E+16
15409,15410,6,4,31,2,2016,6,16,1,3,5,3,0,0,1,0,0,1,0,0,4.72759E+20,5.5029E+21,8.62241E+15,4.9678E+16
15410,15411,6,4,35,19,2016,6,18,7,3,5,2,0,0,0,1,0,0,0,0,4.87636E+20,5.55385E+21,8.82698E+15,5.01367E+16
15411,15412,6,4,31,4,2016,6,14,2,3,5,3,0,0,0,1,0,0,0,0,4.78808E+20,5.49014E+21,8.70694E+15,4.95635E+16
15412,15413,6,6,36,3,2016,6,13,6,3,5,3,0,0,0,1,0,0,0,0,5.69719E+20,5.67277E+21,9.99793E+15,5.12021E+16
15413,15414,6,5,34,12,2016,6,5,2,3,9,7,1,0,0,1,0,0,0,0,4.77664E+20,5.6337E+21,8.68268E+15,5.08546E+16
15414,15415,6,6,11,0,2016,6,21,1,3,9,1,0,1,0,1,0,0,0,0,5.26044E+20,5.68803E+21,9.37392E+15,5.13429E+16
15415,15416,6,4,39,16,2016,6,13,7,3,9,1,0,1,0,1,0,0,0,0,4.50922E+20,5.56606E+21,8.31169E+15,5.02446E+16
15416,15417,6,4,38,2,2016,6,14,7,3,2,6,0,0,0,1,0,0,1,0,4.80997E+20,5.53654E+21,8.73494E+15,4.99809E+16
15417,15418,6,6,33,14,2016,6,15,6,2,2,6,0,0,0,1,0,0,0,0,5.32298E+20,5.6979E+21,9.4646E+15,5.14314E+16
15418,15419,6,6,34,11,2016,6,11,6,3,3,6,0,0,0,1,0,0,0,0,5.34844E+20,5.6553E+21,9.49708E+15,5.10482E+16
15419,15420,6,5,34,14,2016,6,17,7,3,2,6,0,0,0,1,0,0,0,0,4.83692E+20,5.62725E+21,8.7686E+15,5.07968E+16
15420,15421,6,5,33,17,2016,6,0,6,3,4,6,2,0,0,1,0,0,0,1,4.49898E+20,5.59261E+21,8.2938E+15,5.04833E+16
15421,15422,6,4,38,9,2016,6,17,6,2,5,2,0,0,0,1,0,0,0,0,4.79821E+20,5.54404E+21,8.71815E+15,5.00483E+16
15422,15423,6,4,32,18,2016,6,6,5,3,2,6,0,0,0,1,0,0,0,0,4.69885E+20,5.51836E+21,8.58138E+15,4.98169E+16
15423,15424,6,5,32,6,2016,6,7,5,2,8,6,0,0,0,1,0,1,0,0,4.49593E+20,5.62613E+21,8.28495E+15,5.07847E+16
15424,15425,6,5,31,5,2016,6,14,5,3,2,6,0,0,1,1,0,0,0,0,4.76642E+20,5.60339E+21,8.67007E+15,5.0582E+16
15425,15426,6,4,40,4,2016,6,22,6,2,7,7,2,0,0,1,0,0,0,0,5.03597E+20,5.57281E+21,9.05051E+15,5.03074E+16
15426,15427,6,4,14,0,2016,6,23,3,3,9,1,2,1,0,1,0,0,0,0,4.46776E+20,5.5436E+21,8.25668E+15,5.00423E+16
15427,15428,6,4,37,11,2016,6,12,7,2,9,1,0,1,0,1,0,0,0,0,5.0347E+20,5.50179E+21,9.04808E+15,4.96686E+16
15428,15429,6,4,32,23,2016,6,20,7,2,3,6,0,0,0,1,0,0,0,0,4.72227E+20,5.53092E+21,8.61303E+15,4.993E+16
15429,15430,6,4,32,23,2016,6,16,6,3,5,3,0,0,0,1,0,0,0,0,4.71782E+20,5.52985E+21,8.60692E+15,4.99203E+16
15430,15431,6,5,31,14,2016,6,16,6,3,2,6,0,0,0,1,0,0,0,0,4.78957E+20,5.59792E+21,8.70308E+15,5.05329E+16
15431,15432,6,4,40,20,2016,6,0,7,3,9,7,2,1,0,1,0,0,0,0,5.01756E+20,5.57952E+21,9.02469E+15,5.03678E+16
15432,15433,6,5,33,2,2016,6,7,6,3,8,6,0,0,0,1,0,0,0,0,4.41954E+20,5.58127E+21,8.18359E+15,5.03806E+16
15433,15434,6,5,31,8,2016,6,18,5,3,2,6,0,0,0,1,0,0,0,0,4.95764E+20,5.58865E+21,8.94033E+15,5.04498E+16
15434,15435,6,5,32,18,2016,6,16,5,3,5,3,0,0,0,1,0,0,0,0,4.62599E+20,5.59662E+21,8.47241E+15,5.05204E+16
15435,15436,6,4,31,11,2016,6,17,5,3,5,3,0,0,1,1,0,0,0,0,4.7399E+20,5.4987E+21,8.63975E+15,4.96403E+16
15436,15437,6,6,11,0,2016,6,14,6,3,2,6,0,0,0,1,0,0,0,1,5.30944E+20,5.68621E+21,9.44412E+15,5.13263E+16
15437,15438,6,4,12,0,2016,6,7,6,3,2,6,0,0,0,1,0,1,0,0,4.80833E+20,5.55181E+21,8.73189E+15,5.01182E+16
15438,15439,6,4,35,27,2016,6,11,1,3,0,3,0,0,1,1,0,0,0,0,5.41979E+20,5.56541E+21,9.58868E+15,5.02393E+16
15439,15440,6,6,33,8,2016,6,0,4,3,9,1,2,0,0,0,0,1,0,0,5.34549E+20,5.68073E+21,9.49532E+15,5.12769E+16
15440,15441,6,4,39,3,2016,6,12,4,3,1,6,0,0,1,0,0,0,0,0,4.32431E+20,5.54251E+21,8.05656E+15,5.00311E+16
15441,15442,6,6,11,0,2016,6,9,4,3,0,1,0,1,1,0,0,0,0,0,5.33329E+20,5.68501E+21,9.47823E+15,5.13154E+16
15442,15443,6,4,12,0,2016,6,9,5,3,2,2,0,0,0,1,0,0,0,0,4.83358E+20,5.55343E+21,8.76714E+15,5.01329E+16
15443,15444,6,6,34,9,2016,6,2,3,3,9,1,2,0,0,1,0,0,0,0,5.29206E+20,5.65241E+21,9.41642E+15,5.10225E+16
15444,15445,6,4,14,0,2016,6,7,4,3,6,4,0,0,0,0,1,0,0,1,4.4489E+20,5.54749E+21,8.22979E+15,5.00771E+16
15445,15446,6,4,32,15,2016,6,18,4,3,5,2,0,0,0,1,0,0,0,0,4.90686E+20,5.53047E+21,8.87024E+15,4.99266E+16
15446,15447,6,4,35,14,2016,6,12,4,3,5,3,0,1,1,1,0,0,0,0,4.94798E+20,5.55297E+21,8.92722E+15,5.01289E+16
15447,15448,6,4,31,13,2016,6,11,2,3,5,2,0,0,1,1,0,0,0,0,4.55622E+20,5.49902E+21,8.38533E+15,4.96421E+16
15448,15449,6,4,32,8,2016,6,18,5,2,2,6,0,0,0,1,0,1,0,0,4.67206E+20,5.5237E+21,8.54368E+15,4.98648E+16
15449,15450,6,6,33,2,2016,6,17,7,3,5,3,0,0,0,1,0,1,0,0,5.31188E+20,5.72133E+21,9.45071E+15,5.16421E+16
15450,15451,6,5,33,6,2016,6,18,3,3,2,6,0,0,0,1,0,0,0,0,4.26892E+20,5.58501E+21,7.97105E+15,5.04126E+16
15451,15452,6,5,31,5,2016,6,15,3,3,2,6,0,0,0,1,0,0,0,1,4.77509E+20,5.60087E+21,8.68247E+15,5.05593E+16
15452,15453,6,4,14,0,2016,6,17,3,3,5,2,0,0,1,1,0,0,0,0,4.50525E+20,5.5398E+21,8.30954E+15,5.00085E+16
15453,15454,6,5,33,17,2016,6,17,3,3,5,3,0,0,0,1,0,1,0,0,4.47887E+20,5.59287E+21,8.26542E+15,5.04855E+16
15454,15455,6,4,33,13,2016,6,9,2,3,2,6,0,1,0,1,0,0,0,1,4.62924E+20,5.51652E+21,8.48479E+15,4.98E+16
15455,15456,6,6,11,0,2016,6,10,2,3,5,7,0,0,0,1,0,0,0,1,5.33622E+20,5.68338E+21,9.48227E+15,5.13008E+16
15456,15457,6,4,14,0,2016,6,12,7,2,5,3,0,0,0,1,0,1,0,0,4.40748E+20,5.54464E+21,8.17235E+15,5.00511E+16
15457,15458,6,5,33,7,2016,6,18,1,3,5,2,0,1,0,1,0,1,0,0,4.33043E+20,5.58875E+21,8.05695E+15,5.04469E+16
15458,15459,6,4,12,0,2016,6,18,4,3,2,6,0,0,0,1,0,0,0,0,4.67778E+20,5.55218E+21,8.54926E+15,5.0121E+16