FID,OBJECTID,ULAND,UREGBEZ,UKREIS,UGEMEINDE,UJAHR,UMONAT,USTUNDE,UWOCHENTAG,UKATEGORIE,UART,UTYP1,ULICHTVERH,IstStrasse,IstRad,IstPKW,IstFuss,IstKrad,IstGkfz,IstSonstig,LINREFX,LINREFY,XGCSWGS84,YGCSWGS84
15641,15642,6,6,11,0,2016,6,13,6,3,1,5,0,0,0,1,0,1,0,0,5.30074E+20,5.68452E+21,9.43148E+15,5.13112E+16
15642,15643,6,5,34,14,2016,6,8,6,3,5,3,0,0,0,1,0,1,0,0,4.86598E+20,5.62911E+21,8.80977E+15,5.08136E+16
15643,15644,6,6,32,2,2016,6,15,5,3,3,6,0,0,0,1,0,0,1,0,5.51145E+20,5.6338E+21,9.7266E+15,5.08536E+16
15644,15645,6,4,35,3,2016,6,10,5,3,5,3,0,0,0,1,0,0,0,0,5.18615E+20,5.56337E+21,9.26095E+15,5.02222E+16
15645,15646,6,5,31,6,2016,6,13,5,3,0,6,0,0,0,1,0,0,0,1,5.0082E+20,5.60371E+21,9.01158E+15,5.05853E+16
15646,15647,6,6,32,18,2016,6,20,6,3,0,1,0,0,0,1,0,0,0,0,5.51348E+20,5.65011E+21,9.73178E+15,5.10003E+16
15647,15648,6,4,36,9,2016,6,7,3,3,2,6,0,0,0,1,0,0,0,1,4.62557E+20,5.54703E+21,8.47673E+15,5.00744E+16
15648,15649,6,5,33,9,2016,6,7,6,3,2,6,0,0,0,1,0,0,0,0,4.34683E+20,5.58187E+21,8.08123E+15,5.03852E+16
15649,15650,6,4,34,3,2016,6,14,1,2,8,7,0,0,0,0,0,1,0,0,4.57451E+20,5.56626E+21,8.40323E+15,5.0247E+16
15650,15651,6,6,11,0,2016,6,12,4,3,2,6,0,0,0,1,0,0,0,0,5.35465E+20,5.68484E+21,9.50886E+15,5.13138E+16
15651,15652,6,4,38,10,2016,6,14,4,3,5,3,0,0,0,1,0,1,0,0,4.90482E+20,5.5463E+21,8.86701E+15,5.00689E+16
15652,15653,6,4,14,0,2016,6,21,4,2,5,3,2,0,1,1,0,0,0,0,4.44894E+20,5.54775E+21,8.22982E+15,5.00795E+16
15653,15654,6,4,11,0,2016,6,12,5,3,6,4,0,0,0,0,1,0,0,1,4.76118E+20,5.52324E+21,8.66772E+15,4.98611E+16
15654,15655,6,5,35,11,2016,6,6,3,1,4,6,0,0,0,1,0,1,1,0,5.30053E+20,5.61365E+21,9.42531E+15,5.06739E+16
15655,15656,6,4,31,13,2016,6,14,4,3,2,6,0,1,0,1,0,0,1,0,4.61169E+20,5.49381E+21,8.46267E+15,4.95956E+16
15656,15657,6,4,12,0,2016,6,10,4,3,5,3,0,0,1,1,0,0,0,0,4.73491E+20,5.5531E+21,8.62911E+15,5.01296E+16
15657,15658,6,4,33,8,2016,6,7,4,3,0,1,0,1,0,0,0,1,0,0,4.71275E+20,5.53997E+21,8.59909E+15,5.00114E+16
15658,15659,6,5,31,5,2016,6,17,4,3,2,6,0,1,0,1,0,0,0,0,4.77582E+20,5.60269E+21,8.6834E+15,5.05757E+16
15659,15660,6,4,33,2,2016,6,11,2,2,5,3,0,0,0,1,0,0,0,0,4.53303E+20,5.53833E+21,8.34848E+15,4.99954E+16
15660,15661,6,4,40,23,2016,6,10,5,3,2,7,0,0,0,1,0,0,0,0,4.7562E+20,5.57003E+21,8.65781E+15,5.02819E+16
15661,15662,6,4,39,16,2016,6,15,7,2,9,1,0,1,0,0,0,1,0,0,4.54912E+20,5.57018E+21,8.36716E+15,5.0282E+16
15662,15663,6,6,35,11,2016,6,11,1,2,8,1,0,0,0,0,0,1,0,0,4.8028E+20,5.66142E+21,8.71834E+15,5.11039E+16
15663,15664,6,4,32,23,2016,6,12,3,3,9,6,0,0,0,1,0,0,0,1,4.71541E+20,5.52611E+21,8.60382E+15,4.98867E+16
15664,15665,6,5,31,5,2016,6,10,2,3,2,6,0,0,0,1,0,0,0,0,4.78974E+20,5.6068E+21,8.70283E+15,5.06127E+16
15665,15666,6,4,14,0,2016,6,12,3,3,2,6,0,0,0,1,0,0,0,0,4.43937E+20,5.54803E+21,8.21639E+15,5.00819E+16
15666,15667,6,4,36,7,2016,6,16,3,2,5,2,0,0,0,1,0,0,0,0,4.58087E+20,5.54646E+21,8.41433E+15,5.00689E+16
15667,15668,6,5,32,23,2016,6,10,2,3,5,3,0,0,1,1,0,0,0,0,4.66213E+20,5.60333E+21,8.52279E+15,5.05809E+16
15668,15669,6,4,14,0,2016,6,12,2,3,5,6,0,0,0,1,0,1,0,0,4.46268E+20,5.5476E+21,8.24903E+15,5.00782E+16
15669,15670,6,4,31,13,2016,6,20,4,2,8,7,1,0,0,0,0,0,0,1,4.68247E+20,5.49312E+21,8.56066E+15,4.95899E+16
15670,15671,6,6,31,9,2016,6,16,3,3,2,6,0,0,0,1,0,0,0,0,5.45294E+20,5.60002E+21,9.63934E+15,5.05504E+16
15671,15672,6,4,38,10,2016,6,18,1,3,2,6,0,0,0,1,0,0,0,0,4.88765E+20,5.54568E+21,8.84302E+15,5.00633E+16
15672,15673,6,6,31,7,2016,6,4,6,3,8,1,1,1,0,1,0,0,0,0,5.55027E+20,5.621E+21,9.77982E+15,5.07382E+16
15673,15674,6,5,34,18,2016,6,17,2,2,4,1,0,0,0,1,0,1,0,1,5.00208E+20,5.63538E+21,9.00296E+15,5.08701E+16
15674,15675,6,4,12,0,2016,6,15,6,3,5,2,0,0,1,1,0,0,0,0,4.68356E+20,5.55011E+21,8.55752E+15,5.01024E+16
15675,15676,6,4,36,4,2016,6,12,2,3,3,6,0,0,0,1,0,0,0,0,4.59481E+20,5.54496E+21,8.43397E+15,5.00555E+16
15676,15677,6,4,36,10,2016,6,8,1,2,8,1,0,1,0,1,0,0,0,0,4.62905E+20,5.55446E+21,8.48087E+15,5.01412E+16
15677,15678,6,6,31,15,2016,6,19,6,3,3,1,0,1,0,1,0,0,0,0,5.47974E+20,5.60945E+21,9.67838E+15,5.0635E+16
15678,15679,6,6,31,9,2016,6,23,7,3,2,6,2,1,0,1,0,0,0,0,5.47817E+20,5.60082E+21,9.67504E+15,5.05573E+16
15679,15680,6,5,33,1,2016,6,11,6,2,6,4,0,0,0,1,1,0,0,0,4.40508E+20,5.5933E+21,8.16135E+15,5.04886E+16
15680,15681,6,6,32,10,2016,6,16,5,3,5,3,0,0,0,1,0,0,0,0,5.64013E+20,5.63046E+21,9.9088E+15,5.08223E+16
15681,15682,6,5,31,10,2016,6,12,7,2,0,1,0,1,0,0,0,1,0,0,4.98599E+20,5.59997E+21,8.98022E+15,5.05516E+16
15682,15683,6,5,31,5,2016,6,15,2,2,1,7,0,0,0,1,0,0,0,1,4.76211E+20,5.60285E+21,8.66402E+15,5.05771E+16
15683,15684,6,4,31,21,2016,6,17,6,1,9,1,0,0,0,1,0,1,0,0,4.86458E+20,5.49006E+21,8.81274E+15,4.9563E+16
15684,15685,6,4,12,0,2016,7,17,5,3,2,6,0,0,0,1,0,0,0,0,4.74751E+20,5.54501E+21,8.64727E+15,5.00568E+16
15685,15686,6,4,12,0,2016,7,17,7,3,3,7,0,0,0,1,0,0,0,1,4.73542E+20,5.55E+21,8.63004E+15,5.01017E+16
15686,15687,6,4,31,17,2016,7,16,3,3,4,1,0,0,0,1,0,0,0,0,4.80406E+20,5.49319E+21,8.72889E+15,4.95909E+16
15687,15688,6,6,32,3,2016,7,12,4,3,5,3,0,0,0,1,0,1,0,0,5.55808E+20,5.64625E+21,9.79474E+15,5.09652E+16
15688,15689,6,4,39,15,2016,7,15,7,2,1,6,0,0,0,1,0,0,0,1,4.38373E+20,5.55445E+21,8.13759E+15,5.01391E+16
15689,15690,6,4,31,7,2016,7,13,7,3,4,1,0,1,0,1,0,0,0,0,4.87929E+20,5.50098E+21,8.83274E+15,4.96613E+16
15690,15691,6,6,32,12,2016,7,12,3,2,8,7,0,0,0,1,0,0,0,0,5.41247E+20,5.64761E+21,9.58755E+15,5.09786E+16
15691,15692,6,4,40,8,2016,7,19,1,3,4,1,0,0,0,1,0,0,0,0,4.8445E+20,5.57425E+21,8.78157E+15,5.03202E+16
15692,15693,6,4,37,13,2016,7,11,1,2,4,1,0,0,0,1,0,1,0,0,4.85088E+20,5.50455E+21,8.79324E+15,4.96933E+16
15693,15694,6,6,31,9,2016,7,22,2,2,8,1,2,0,0,0,0,1,0,0,5.48192E+20,5.59586E+21,9.67971E+15,5.05127E+16
15694,15695,6,4,33,2,2016,7,7,4,3,2,6,0,0,0,1,0,0,0,1,4.56473E+20,5.53586E+21,8.39299E+15,4.99735E+16
15695,15696,6,5,31,5,2016,7,16,6,3,5,3,0,0,1,1,0,0,0,0,4.76817E+20,5.60339E+21,8.67255E+15,5.05819E+16
15696,15697,6,5,32,20,2016,7,9,7,3,4,1,0,1,0,0,0,1,0,1,4.52269E+20,5.61124E+21,8.32482E+15,5.0651E+16
15697,15698,6,4,14,0,2016,7,22,4,3,2,6,2,0,0,1,0,1,0,0,4.48463E+20,5.53979E+21,8.28076E+15,5.00082E+16
15698,15699,6,6,32,11,2016,6,19,5,3,0,7,0,0,0,1,0,0,0,0,5.41637E+20,5.63499E+21,9.59167E+15,5.08651E+16
15699,15700,6,6,32,15,2016,7,20,6,3,3,6,0,0,1,1,0,0,0,0,5.42862E+20,5.62787E+21,9.60824E+15,5.0801E+16
15700,15701,6,6,31,9,2016,7,11,3,3,6,4,0,0,0,1,1,0,0,0,5.48269E+20,5.60067E+21,9.68142E+15,5.05559E+16
15701,15702,6,6,32,19,2016,7,17,6,3,4,2,0,0,0,1,0,0,0,0,5.59785E+20,5.62942E+21,9.84861E+15,5.08134E+16
15702,15703,6,4,35,6,2016,7,14,2,2,8,1,0,0,0,1,0,0,0,0,4.92639E+20,5.56186E+21,8.89684E+15,5.02089E+16
15703,15704,6,4,12,0,2016,7,22,3,3,0,7,2,0,1,0,1,0,0,0,4.77293E+20,5.55058E+21,8.68245E+15,5.0107E+16
15704,15705,6,6,31,17,2016,7,15,1,3,3,1,0,1,0,1,0,0,0,0,5.51815E+20,5.60043E+21,9.73143E+15,5.05535E+16
15705,15706,6,6,11,0,2016,7,14,6,3,0,7,0,0,1,0,0,0,0,0,5.36068E+20,5.68435E+21,9.51746E+15,5.13093E+16
15706,15707,6,4,14,0,2016,7,7,3,3,5,3,0,0,1,1,0,0,0,0,4.45682E+20,5.54439E+21,8.2413E+15,5.00493E+16
15707,15708,6,5,34,14,2016,7,15,1,3,0,7,0,0,0,0,0,1,0,0,4.83453E+20,5.62594E+21,8.76528E+15,5.0785E+16
15708,15709,6,6,32,1,2016,7,15,1,3,3,2,0,0,1,0,0,1,0,0,5.46259E+20,5.65491E+21,9.65988E+15,5.10439E+16
15709,15710,6,6,31,16,2016,7,16,2,2,9,1,0,0,0,1,0,0,0,0,5.52096E+20,5.57971E+21,9.73252E+15,5.03671E+16
15710,15711,6,4,12,0,2016,7,7,4,3,5,3,0,0,0,1,0,0,0,0,4.7572E+20,5.55085E+21,8.66045E+15,5.01094E+16
15711,15712,6,4,32,4,2016,7,11,7,3,2,6,0,1,0,1,0,0,0,0,4.89294E+20,5.52888E+21,8.85089E+15,4.99122E+16
15712,15713,6,6,11,0,2016,7,14,6,3,5,2,0,0,0,1,0,0,0,0,5.3592E+20,5.68477E+21,9.51538E+15,5.13131E+16
15713,15714,6,6,33,1,2016,7,14,6,3,2,2,0,0,0,1,0,0,0,1,5.30231E+20,5.69053E+21,9.43425E+15,5.13652E+16
15714,15715,6,4,14,0,2016,7,15,2,1,4,1,0,0,0,1,0,0,0,1,4.43332E+20,5.55303E+21,8.20719E+15,5.01268E+16
15715,15716,6,4,39,13,2016,7,18,3,3,6,4,0,0,0,1,1,0,0,0,4.23038E+20,5.53676E+21,7.9266E+15,4.99782E+16
15716,15717,6,4,13,0,2016,7,18,4,3,2,6,0,0,0,1,0,0,0,0,4.84566E+20,5.55013E+21,8.78418E+15,5.01033E+16
15717,15718,6,4,40,23,2016,7,18,7,3,3,6,0,0,0,1,0,0,0,0,4.76466E+20,5.57044E+21,8.66966E+15,5.02856E+16
15718,15719,6,5,31,12,2016,7,18,1,2,2,6,0,1,0,1,0,0,0,0,4.74004E+20,5.59704E+21,8.63326E+15,5.05248E+16
15719,15720,6,4,14,0,2016,7,13,6,3,5,3,0,0,1,1,0,0,0,0,4.47142E+20,5.54657E+21,8.26139E+15,5.00691E+16
15720,15721,6,4,14,0,2016,7,13,6,3,3,6,0,0,1,1,0,0,0,0,4.44852E+20,5.54831E+21,8.22915E+15,5.00845E+16
15721,15722,6,6,34,27,2016,7,10,2,3,5,3,0,0,0,1,0,0,1,0,5.12677E+20,5.65543E+21,9.18085E+15,5.10503E+16
15722,15723,6,4,12,0,2016,7,14,6,3,3,6,0,0,0,1,0,0,0,0,4.7539E+20,5.55108E+21,8.65581E+15,5.01115E+16
15723,15724,6,4,38,13,2016,7,15,3,3,5,2,0,0,0,1,0,0,0,0,4.99533E+20,5.54226E+21,8.99348E+15,5.00326E+16
15724,15725,6,4,37,13,2016,7,17,4,3,4,6,0,0,0,1,0,0,0,0,4.88386E+20,5.50733E+21,8.83888E+15,4.97183E+16
15725,15726,6,6,34,19,2016,7,14,7,2,8,7,0,1,0,1,0,0,0,0,5.29316E+20,5.63301E+21,9.41642E+15,5.0848E+16
15726,15727,6,4,11,0,2016,7,13,6,3,8,1,0,0,0,1,0,0,0,0,4.80253E+20,5.53045E+21,8.72488E+15,4.99261E+16
15727,15728,6,5,33,12,2016,7,19,1,2,8,1,0,0,0,1,0,0,0,0,4.42251E+20,5.59427E+21,8.18577E+15,5.04976E+16
15728,15729,6,6,36,3,2016,7,16,1,3,5,3,0,1,0,1,0,0,0,0,5.73767E+20,5.67076E+21,1.00555E+16,5.11835E+16
15729,15730,6,4,33,3,2016,7,18,2,3,1,6,0,0,0,1,0,0,0,0,4.65509E+20,5.52717E+21,8.51977E+15,4.9896E+16
15730,15731,6,6,31,15,2016,7,14,4,2,2,7,0,0,0,1,0,0,0,1,5.5364E+20,5.61285E+21,9.75898E+15,5.0665E+16
15731,15732,6,6,35,19,2016,7,15,7,2,8,1,0,1,0,0,0,1,0,0,4.95357E+20,5.67237E+21,8.93354E+15,5.12027E+16
15732,15733,6,6,34,22,2016,7,20,6,3,3,2,0,0,1,1,0,0,0,0,5.12753E+20,5.64001E+21,9.1814E+15,5.09116E+16
15733,15734,6,4,12,0,2016,7,15,2,3,2,6,0,0,0,1,0,0,0,0,4.66459E+20,5.55148E+21,8.53087E+15,5.01146E+16
15734,15735,6,5,32,17,2016,7,16,2,3,4,6,0,0,0,1,0,0,0,1,4.56205E+20,5.61651E+21,8.37988E+15,5.06987E+16
15735,15736,6,5,32,17,2016,7,16,4,3,2,6,0,0,0,1,0,0,0,1,4.55016E+20,5.61571E+21,8.36313E+15,5.06915E+16
15736,15737,6,6,35,13,2016,7,5,6,3,8,1,0,0,0,1,0,0,0,0,4.95612E+20,5.65678E+21,8.93739E+15,5.10625E+16
15737,15738,6,4,33,4,2016,7,8,5,3,8,1,0,0,0,0,0,0,0,1,4.67057E+20,5.50817E+21,8.54294E+15,4.97251E+16
15738,15739,6,4,39,15,2016,7,12,6,2,5,3,0,0,0,1,0,1,0,0,4.39332E+20,5.55468E+21,8.15098E+15,5.01413E+16
15739,15740,6,5,32,11,2016,7,2,3,3,0,1,2,0,1,0,0,0,0,0,4.45083E+20,5.62145E+21,8.22167E+15,5.07422E+16
15740,15741,6,6,34,5,2016,7,7,4,3,2,6,0,0,0,1,0,0,0,0,5.15355E+20,5.66369E+21,9.21942E+15,5.11245E+16
15741,15742,6,4,40,16,2016,7,1,7,2,9,1,2,0,0,0,0,1,0,0,5.00319E+20,5.58526E+21,9.00449E+15,5.04193E+16
15742,15743,6,4,39,13,2016,7,18,6,3,4,6,0,0,0,0,0,0,1,1,4.159E+20,5.54256E+21,7.82579E+15,5.00294E+16
15743,15744,6,5,33,9,2016,7,17,3,3,2,6,0,0,0,1,0,0,0,1,4.34759E+20,5.58044E+21,8.08255E+15,5.03724E+16
15744,15745,6,4,40,7,2016,7,17,1,3,9,1,0,1,0,1,0,0,0,0,4.89977E+20,5.57018E+21,8.85932E+15,5.02836E+16
15745,15746,6,6,35,3,2016,7,12,1,3,8,1,0,0,0,0,0,1,0,0,5.09913E+20,5.65767E+21,9.14149E+15,5.10705E+16
15746,15747,6,5,32,23,2016,7,17,2,3,2,6,0,0,0,1,0,0,0,0,4.64655E+20,5.60122E+21,8.50098E+15,5.05618E+16
15747,15748,6,4,33,8,2016,7,15,4,3,3,6,0,0,0,1,0,0,0,1,4.71498E+20,5.53622E+21,8.60248E+15,4.99776E+16
15748,15749,6,4,39,4,2016,7,2,6,3,9,7,2,0,0,1,0,0,0,0,4.25749E+20,5.54144E+21,7.96349E+15,5.00206E+16
15749,15750,6,4,32,20,2016,7,14,7,2,2,6,0,1,0,1,0,0,0,0,4.8318E+20,5.52397E+21,8.76595E+15,4.98679E+16
15750,15751,6,4,13,0,2016,7,16,4,1,5,3,0,0,0,1,0,0,0,0,4.8233E+20,5.54912E+21,8.75297E+15,5.00941E+16
15751,15752,6,5,35,14,2016,6,14,5,2,2,6,0,0,0,1,0,0,0,1,5.15058E+20,5.61917E+21,9.21333E+15,5.07242E+16
15752,15753,6,4,36,4,2016,7,7,6,3,2,6,0,0,0,1,0,0,0,1,4.5958E+20,5.54268E+21,8.43559E+15,5.00351E+16
15753,15754,6,5,34,10,2016,7,16,7,3,9,1,0,1,0,1,0,0,0,0,4.68299E+20,5.62798E+21,8.55012E+15,5.08027E+16
15754,15755,6,6,11,0,2016,7,14,4,3,3,2,0,0,0,0,0,0,1,1,5.3442E+20,5.68713E+21,9.49408E+15,5.13344E+16
15755,15756,6,4,12,0,2016,6,16,5,3,2,6,0,0,0,1,0,0,0,0,4.71333E+20,5.54362E+21,8.59963E+15,5.00442E+16
15756,15757,6,4,35,3,2016,7,11,6,3,1,6,0,0,0,1,0,0,0,0,5.19089E+20,5.56314E+21,9.26758E+15,5.02201E+16
15757,15758,6,4,33,12,2016,7,11,3,3,2,6,0,0,0,1,0,0,0,0,4.59221E+20,5.53693E+21,8.43119E+15,4.99833E+16
15758,15759,6,4,34,2,2016,7,14,4,3,2,6,0,0,0,1,0,0,0,0,4.76316E+20,5.57049E+21,8.66755E+15,5.02861E+16
15759,15760,6,5,32,5,2016,7,5,6,3,9,1,0,1,0,1,0,0,0,0,4.53181E+20,5.63164E+21,8.33514E+15,5.08346E+16
15760,15761,6,6,33,28,2016,7,7,3,3,3,6,0,0,0,1,0,0,0,0,5.08802E+20,5.68047E+21,9.12619E+15,5.12755E+16
15761,15762,6,4,14,0,2016,7,13,3,3,2,6,0,0,0,1,0,0,0,0,4.44619E+20,5.54665E+21,8.22612E+15,5.00696E+16
15762,15763,6,6,31,15,2016,7,12,1,2,4,6,0,0,0,1,0,0,0,0,5.55529E+20,5.61806E+21,9.78649E+15,5.07117E+16
15763,15764,6,4,39,2,2016,7,11,1,3,2,2,0,0,0,1,0,0,0,0,4.3173E+20,5.55437E+21,8.04466E+15,5.01377E+16
15764,15765,6,6,31,9,2016,7,14,4,3,0,7,0,0,0,0,0,0,0,1,5.44734E+20,5.59769E+21,9.63115E+15,5.05294E+16
15765,15766,6,5,34,5,2016,7,20,7,2,9,7,0,0,0,1,0,0,0,0,4.58528E+20,5.63341E+21,8.41086E+15,5.08509E+16
15766,15767,6,5,32,1,2016,7,15,7,3,8,1,0,1,0,1,0,0,0,0,4.58718E+20,5.60677E+21,8.41655E+15,5.06114E+16
15767,15768,6,4,40,8,2016,7,16,6,3,1,6,0,0,0,1,0,0,0,0,4.84106E+20,5.57738E+21,8.77661E+15,5.03483E+16
15768,15769,6,4,33,12,2016,7,7,6,3,5,3,0,0,1,1,0,0,0,0,4.59173E+20,5.53702E+21,8.4305E+15,4.99841E+16
15769,15770,6,4,33,8,2016,7,15,6,3,6,7,0,0,0,1,1,0,0,0,4.68427E+20,5.53571E+21,8.5597E+15,4.99729E+16
15770,15771,6,5,31,9,2016,7,20,3,2,5,2,0,0,1,1,0,0,0,0,4.70478E+20,5.59005E+21,8.58406E+15,5.04617E+16
15771,15772,6,5,34,14,2016,7,15,6,3,4,6,0,0,0,1,0,0,0,0,4.83821E+20,5.63246E+21,8.77019E+15,5.08436E+16
15772,15773,6,6,33,17,2016,7,16,2,3,5,3,0,0,0,1,0,0,0,0,5.39662E+20,5.67922E+21,9.56845E+15,5.1263E+16
15773,15774,6,6,35,3,2016,7,20,3,2,5,3,0,0,0,1,0,0,0,1,5.10585E+20,5.66356E+21,9.15125E+15,5.11234E+16
15774,15775,6,6,32,11,2016,7,18,1,3,9,1,0,1,0,1,0,0,0,0,5.43148E+20,5.63233E+21,9.61282E+15,5.08411E+16
15775,15776,6,4,31,18,2016,7,20,1,2,4,1,0,1,0,1,0,0,0,0,4.86075E+20,5.47369E+21,8.80801E+15,4.94157E+16
15776,15777,6,6,31,17,2016,7,13,6,2,5,3,0,0,1,1,0,0,0,0,5.55454E+20,5.59717E+21,9.78232E+15,5.05239E+16
15777,15778,6,4,34,13,2016,7,12,2,3,5,3,0,0,0,1,0,0,0,0,4.53616E+20,5.57573E+21,8.34829E+15,5.03318E+16
15778,15779,6,6,31,3,2016,7,10,6,2,5,3,0,0,0,1,0,0,0,0,5.54851E+20,5.59952E+21,9.77415E+15,5.0545E+16
15779,15780,6,4,39,8,2016,7,17,2,3,5,3,0,0,0,1,0,0,0,1,4.46572E+20,5.56265E+21,8.25118E+15,5.02136E+16
15780,15781,6,4,38,11,2016,7,14,5,3,3,6,0,0,0,1,0,0,1,0,4.91606E+20,5.54523E+21,8.88273E+15,5.00593E+16
15781,15782,6,4,12,0,2016,7,22,2,3,5,3,2,0,0,1,0,0,0,0,4.77406E+20,5.55332E+21,8.68387E+15,5.01317E+16
15782,15783,6,4,12,0,2016,7,17,4,3,5,2,0,0,0,1,0,1,0,0,4.67121E+20,5.55087E+21,8.54019E+15,5.01092E+16
15783,15784,6,5,33,7,2016,7,10,7,2,9,1,0,1,0,0,0,0,0,1,4.35374E+20,5.58964E+21,8.08962E+15,5.04552E+16
15784,15785,6,6,31,16,2016,7,23,6,3,8,1,2,0,0,0,0,1,0,0,5.50392E+20,5.58152E+21,9.7088E+15,5.03836E+16
15785,15786,6,4,11,0,2016,7,16,2,3,2,6,0,0,0,1,0,0,0,0,4.75984E+20,5.52398E+21,8.66581E+15,4.98677E+16
15786,15787,6,4,40,23,2016,7,17,2,2,4,6,0,0,0,1,0,0,0,0,4.76924E+20,5.57091E+21,8.67606E+15,5.02899E+16
15787,15788,6,4,32,16,2016,7,20,4,2,9,1,0,0,0,1,0,0,0,0,4.78631E+20,5.51534E+21,8.70311E+15,4.97902E+16
15788,15789,6,5,32,23,2016,7,6,6,3,2,6,0,0,0,1,0,0,1,1,4.68016E+20,5.60218E+21,8.54835E+15,5.05706E+16
15789,15790,6,4,31,13,2016,7,12,7,3,1,6,0,1,0,1,0,0,0,0,4.56547E+20,5.49826E+21,8.39822E+15,4.96353E+16
15790,15791,6,6,35,15,2016,7,19,4,2,8,1,0,0,0,1,0,0,0,0,4.89141E+20,5.67976E+21,8.84435E+15,5.12691E+16
15791,15792,6,4,12,0,2016,6,18,5,3,2,6,0,0,0,1,0,0,0,0,4.68848E+20,5.5529E+21,8.56417E+15,5.01275E+16
15792,15793,6,5,31,14,2016,7,21,6,2,9,1,2,0,0,1,0,0,0,0,4.85246E+20,5.59702E+21,8.79185E+15,5.05249E+16
15793,15794,6,5,34,5,2016,7,15,3,3,2,6,0,0,0,1,0,0,0,0,4.61629E+20,5.6371E+21,8.45453E+15,5.08843E+16
15794,15795,6,4,39,8,2016,7,18,4,2,8,1,0,0,0,0,0,1,0,0,4.47125E+20,5.56507E+21,8.25859E+15,5.02354E+16
15795,15796,6,5,31,5,2016,7,11,6,2,4,2,0,0,0,1,0,1,0,0,4.75151E+20,5.6011E+21,8.64917E+15,5.05613E+16
15796,15797,6,6,11,0,2016,7,13,3,3,9,1,0,0,0,1,0,0,0,0,5.36877E+20,5.68485E+21,9.52912E+15,5.13138E+16
15797,15798,6,5,31,4,2016,7,22,6,3,2,6,2,0,1,1,0,0,0,0,4.84384E+20,5.59986E+21,8.77958E+15,5.05505E+16
15798,15799,6,4,34,1,2016,7,6,3,3,2,6,0,0,0,1,0,0,0,0,4.70655E+20,5.56714E+21,8.58836E+15,5.02557E+16
15799,15800,6,6,33,29,2016,7,14,4,3,5,2,0,0,1,1,0,0,0,0,5.21562E+20,5.69062E+21,9.30973E+15,5.13664E+16
15800,15801,6,6,35,4,2016,7,10,7,3,9,1,0,1,0,0,0,1,0,0,4.72234E+20,5.65363E+21,8.60402E+15,5.10335E+16
15801,15802,6,4,38,4,2016,7,15,6,3,2,6,0,0,0,1,0,0,1,0,4.94078E+20,5.54447E+21,8.91727E+15,5.00525E+16
15802,15803,6,6,35,16,2016,7,15,3,2,8,1,0,0,0,0,0,1,0,0,4.87459E+20,5.67425E+21,8.82043E+15,5.12195E+16
15803,15804,6,5,32,6,2016,7,17,1,3,8,1,0,0,0,1,0,0,0,0,4.50083E+20,5.62093E+21,8.2926E+15,5.0738E+16
15804,15805,6,4,12,0,2016,7,13,1,3,5,3,0,1,1,0,0,1,0,0,4.76447E+20,5.54861E+21,8.67075E+15,5.00893E+16
15805,15806,6,6,31,9,2016,7,13,2,3,5,2,0,0,0,1,0,0,0,1,5.48244E+20,5.6005E+21,9.68104E+15,5.05544E+16
15806,15807,6,4,33,12,2016,7,10,4,3,1,6,0,0,0,1,0,0,1,0,4.62459E+20,5.53867E+21,8.47618E+15,4.99992E+16
15807,15808,6,4,13,0,2016,7,12,6,3,2,6,0,0,0,1,0,0,0,1,4.82869E+20,5.54603E+21,8.76063E+15,5.00663E+16
15808,15809,6,5,35,1,2016,7,15,7,3,8,1,0,0,0,1,0,0,0,0,5.15903E+20,5.62679E+21,9.22563E+15,5.07927E+16
15809,15810,6,4,14,0,2016,7,16,4,3,5,3,0,0,0,1,0,0,1,0,4.48725E+20,5.54063E+21,8.2843E+15,5.00158E+16
15810,15811,6,4,14,0,2016,6,13,5,3,2,6,0,0,0,1,0,0,0,1,4.54169E+20,5.54829E+21,8.35936E+15,5.00851E+16
15811,15812,6,6,34,3,2016,7,16,6,2,2,6,0,0,0,1,0,0,1,0,5.33075E+20,5.66986E+21,9.47318E+15,5.11792E+16
15812,15813,6,5,34,18,2016,7,10,3,3,6,4,0,0,0,1,1,0,0,0,5.0123E+20,5.63055E+21,9.01747E+15,5.08267E+16
15813,15814,6,4,38,9,2016,7,23,6,2,2,6,2,0,0,1,0,0,0,0,4.71257E+20,5.54332E+21,8.59859E+15,5.00415E+16
15814,15815,6,5,32,23,2016,7,15,3,3,0,7,0,0,1,1,0,0,0,0,4.6457E+20,5.60109E+21,8.49979E+15,5.05606E+16
15815,15816,6,4,12,0,2016,7,9,3,3,5,3,0,0,0,1,0,1,0,0,4.72242E+20,5.55256E+21,8.61168E+15,5.01246E+16
15816,15817,6,4,38,6,2016,7,16,1,3,9,1,0,0,0,1,0,0,0,0,4.78241E+20,5.5367E+21,8.69649E+15,4.99823E+16
15817,15818,6,5,34,20,2016,7,20,1,3,9,1,0,0,0,1,0,0,0,0,4.81611E+20,5.62129E+21,8.73937E+15,5.07431E+16
15818,15819,6,6,11,0,2016,7,23,1,3,6,5,2,0,0,1,1,0,0,0,5.31623E+20,5.68678E+21,9.45391E+15,5.13315E+16
15819,15820,6,5,31,5,2016,7,16,2,3,5,3,0,0,1,1,0,0,0,0,4.76631E+20,5.6028E+21,8.66996E+15,5.05766E+16
15820,15821,6,5,32,8,2016,7,16,4,3,2,6,0,0,0,1,0,0,0,0,4.56471E+20,5.60678E+21,8.38478E+15,5.06113E+16
15821,15822,6,6,31,9,2016,7,0,7,3,2,2,2,1,0,1,0,0,0,0,5.46157E+20,5.60107E+21,9.65165E+15,5.05597E+16