FID,OBJECTID,ULAND,UREGBEZ,UKREIS,UGEMEINDE,UJAHR,UMONAT,USTUNDE,UWOCHENTAG,UKATEGORIE,UART,UTYP1,ULICHTVERH,IstStrasse,IstRad,IstPKW,IstFuss,IstKrad,IstGkfz,IstSonstig,LINREFX,LINREFY,XGCSWGS84,YGCSWGS84
15822,15823,6,4,12,0,2016,7,14,6,3,5,3,0,0,0,1,0,0,1,0,4.7495E+20,5.55865E+21,8.64916E+15,5.01795E+16
15823,15824,6,4,12,0,2016,7,20,6,3,2,6,0,0,0,1,0,0,0,0,4.71122E+20,5.55193E+21,8.59605E+15,5.01189E+16
15824,15825,6,4,14,0,2016,7,21,2,2,5,3,0,0,1,1,0,0,0,0,4.45676E+20,5.54432E+21,8.24123E+15,5.00487E+16
15825,15826,6,6,35,10,2016,7,17,3,3,8,1,0,0,0,1,0,0,0,1,4.97357E+20,5.66025E+21,8.96226E+15,5.10937E+16
15826,15827,6,4,13,0,2016,7,17,4,2,0,7,0,0,0,1,0,0,0,0,4.81218E+20,5.54687E+21,8.73752E+15,5.00738E+16
15827,15828,6,5,31,5,2016,7,12,7,3,5,3,0,1,0,1,0,0,0,0,4.77397E+20,5.60468E+21,8.68067E+15,5.05935E+16
15828,15829,6,4,36,7,2016,7,11,6,3,8,1,0,0,0,0,0,0,0,1,4.55359E+20,5.545E+21,8.37638E+15,5.00556E+16
15829,15830,6,4,33,12,2016,7,0,1,3,3,6,2,0,0,1,0,0,0,0,4.61839E+20,5.53753E+21,8.46764E+15,4.99889E+16
15830,15831,6,4,14,0,2016,7,16,6,3,2,6,0,0,0,1,0,0,0,0,4.53311E+20,5.55065E+21,8.34709E+15,5.01062E+16
15831,15832,6,4,14,0,2016,7,13,6,3,2,6,0,0,0,1,0,0,0,0,4.54838E+20,5.54713E+21,8.36886E+15,5.00748E+16
15832,15833,6,6,32,18,2016,7,10,2,3,2,2,0,0,0,1,0,0,0,0,5.50075E+20,5.65028E+21,9.71367E+15,5.10019E+16
15833,15834,6,4,40,23,2016,7,13,6,3,2,6,0,0,0,1,0,0,0,0,4.7617E+20,5.56902E+21,8.6656E+15,5.02728E+16
15834,15835,6,4,39,12,2016,7,9,3,3,2,6,0,0,0,1,0,0,0,0,4.30285E+20,5.53935E+21,8.02719E+15,5.00024E+16
15835,15836,6,4,12,0,2016,7,10,4,2,5,3,0,0,1,1,0,0,0,0,4.75197E+20,5.55423E+21,8.65291E+15,5.01398E+16
15836,15837,6,4,11,0,2016,7,17,7,3,2,6,0,0,0,1,0,0,0,0,4.73776E+20,5.52602E+21,8.63495E+15,4.9886E+16
15837,15838,6,4,34,1,2016,7,11,6,3,2,6,0,0,0,1,0,0,0,1,4.75987E+20,5.5635E+21,8.66337E+15,5.02232E+16
15838,15839,6,4,34,6,2016,7,12,1,2,6,4,0,0,1,0,1,0,0,0,4.67372E+20,5.55889E+21,8.54301E+15,5.01813E+16
15839,15840,6,4,35,21,2016,7,16,1,2,0,1,0,1,0,0,0,1,0,0,4.90638E+20,5.5683E+21,8.86864E+15,5.02667E+16
15840,15841,6,4,31,1,2016,7,1,2,2,8,1,2,0,0,1,0,0,0,0,4.85466E+20,5.48801E+21,8.7991E+15,4.95445E+16
15841,15842,6,4,33,5,2016,7,11,4,3,6,7,0,0,0,1,1,0,0,0,4.5107E+20,5.53856E+21,8.3173E+15,4.99973E+16
15842,15843,6,5,31,5,2016,7,9,6,3,2,6,0,0,0,1,0,0,1,0,4.80013E+20,5.60614E+21,8.71755E+15,5.06068E+16
15843,15844,6,5,32,23,2016,7,13,7,2,5,3,0,1,0,1,0,0,0,1,4.64448E+20,5.60086E+21,8.49809E+15,5.05586E+16
15844,15845,6,4,12,0,2016,7,16,2,3,2,6,0,0,0,1,0,0,0,0,4.71278E+20,5.55155E+21,8.59827E+15,5.01155E+16
15845,15846,6,4,36,6,2016,7,13,2,3,0,1,0,1,0,0,0,0,0,1,4.54057E+20,5.54106E+21,8.35867E+15,5.00201E+16
15846,15847,6,5,32,7,2016,7,16,4,2,5,3,0,0,0,1,0,1,0,0,4.43064E+20,5.6071E+21,8.19527E+15,5.0613E+16
15847,15848,6,5,32,8,2016,7,14,6,3,2,6,0,0,0,1,0,0,0,0,4.56861E+20,5.6076E+21,8.3902E+15,5.06187E+16
15848,15849,6,5,33,3,2016,7,12,5,2,2,6,0,0,0,1,0,1,0,0,4.45429E+20,5.57279E+21,8.23369E+15,5.03047E+16
15849,15850,6,4,37,2,2016,7,17,6,3,2,2,0,0,0,0,0,1,0,0,4.99843E+20,5.49253E+21,8.99782E+15,4.95854E+16
15850,15851,6,4,40,9,2016,7,16,3,2,8,7,0,1,0,0,0,1,0,0,5.14147E+20,5.5847E+21,9.19911E+15,5.04142E+16
15851,15852,6,6,34,5,2016,7,17,4,3,2,6,0,0,0,1,0,0,0,0,5.19925E+20,5.66545E+21,9.28481E+15,5.11402E+16
15852,15853,6,4,34,8,2016,7,14,7,3,4,2,0,1,0,1,0,0,0,0,4.69519E+20,5.56237E+21,8.5728E+15,5.02127E+16
15853,15854,6,6,32,15,2016,6,17,5,3,5,3,0,0,1,1,0,0,0,0,5.42434E+20,5.62762E+21,9.60214E+15,5.07988E+16
15854,15855,6,6,32,16,2016,7,7,3,3,8,6,0,0,0,1,0,0,0,0,5.66077E+20,5.63486E+21,9.9389E+15,5.08616E+16
15855,15856,6,4,40,7,2016,7,20,1,2,0,2,0,1,0,0,0,1,0,0,4.92324E+20,5.57174E+21,8.89223E+15,5.02977E+16
15856,15857,6,4,11,0,2016,7,0,1,3,2,6,2,1,0,1,0,0,0,0,4.74362E+20,5.5249E+21,8.64318E+15,4.98759E+16
15857,15858,6,4,35,14,2016,7,10,2,3,5,3,0,0,1,1,0,0,0,0,4.94421E+20,5.55307E+21,8.92194E+15,5.01299E+16
15858,15859,6,4,33,12,2016,7,17,4,3,2,6,0,0,0,1,0,0,0,0,4.61708E+20,5.53712E+21,8.46586E+15,4.99852E+16
15859,15860,6,5,35,15,2016,6,8,5,2,6,7,0,0,0,0,1,1,0,0,5.40919E+20,5.61799E+21,9.57957E+15,5.07122E+16
15860,15861,6,5,31,12,2016,7,13,7,3,2,6,0,1,0,1,0,0,0,0,4.75167E+20,5.59654E+21,8.64969E+15,5.05203E+16
15861,15862,6,4,13,0,2016,7,12,4,3,3,6,0,0,1,0,0,1,0,0,4.82782E+20,5.55016E+21,8.75923E+15,5.01034E+16
15862,15863,6,5,31,14,2016,6,20,5,2,2,6,0,0,0,1,0,0,1,0,4.82766E+20,5.5966E+21,8.75689E+15,5.05211E+16
15863,15864,6,5,35,8,2016,6,7,5,3,5,3,0,0,0,1,0,0,0,0,5.25669E+20,5.60342E+21,9.36256E+15,5.05821E+16
15864,15865,6,5,32,3,2016,7,7,3,2,4,6,0,0,0,1,0,0,0,0,4.59878E+20,5.59232E+21,8.43449E+15,5.04815E+16
15865,15866,6,6,11,0,2016,7,19,4,3,2,6,0,0,0,1,0,0,0,0,5.33454E+20,5.68788E+21,9.48029E+15,5.13412E+16
15866,15867,6,5,31,3,2016,6,16,5,3,8,1,0,0,0,1,0,0,0,0,4.81172E+20,5.60927E+21,8.73376E+15,5.0635E+16
15867,15868,6,5,33,9,2016,6,8,5,3,3,6,0,0,0,1,0,0,0,0,4.34617E+20,5.58139E+21,8.08039E+15,5.03809E+16
15868,15869,6,4,31,14,2016,7,6,3,3,5,3,0,0,1,1,0,0,0,0,4.77757E+20,5.50659E+21,8.69147E+15,4.97114E+16
15869,15870,6,4,34,10,2016,7,8,4,3,1,6,0,0,0,1,0,0,0,1,4.69984E+20,5.55767E+21,8.57969E+15,5.01705E+16
15870,15871,6,6,11,0,2016,6,4,5,3,5,3,1,0,0,1,0,0,0,1,5.34716E+20,5.68172E+21,9.49781E+15,5.12857E+16
15871,15872,6,4,34,2,2016,7,0,3,3,2,6,2,0,0,1,0,0,1,0,4.75954E+20,5.56674E+21,8.66271E+15,5.02524E+16
15872,15873,6,4,14,0,2016,7,13,3,3,5,3,0,0,0,1,0,1,0,0,4.4911E+20,5.5454E+21,8.28904E+15,5.00587E+16
15873,15874,6,5,34,8,2016,7,10,1,2,9,1,0,0,0,0,0,1,0,0,4.91239E+20,5.62352E+21,8.87577E+15,5.07634E+16
15874,15875,6,4,39,16,2016,7,15,1,3,9,1,0,1,0,0,0,1,0,0,4.5167E+20,5.56673E+21,8.3221E+15,5.02508E+16
15875,15876,6,4,12,0,2016,7,7,4,3,5,2,0,0,1,1,0,0,0,0,4.77428E+20,5.55331E+21,8.68419E+15,5.01316E+16
15876,15877,6,5,31,4,2016,7,0,7,3,4,2,2,0,0,1,0,0,0,0,4.84424E+20,5.59928E+21,8.78016E+15,5.05453E+16
15877,15878,6,6,11,0,2016,6,17,5,3,2,6,0,0,0,1,0,0,0,0,5.34787E+20,5.68654E+21,9.49929E+15,5.13291E+16
15878,15879,6,4,36,12,2016,6,15,5,3,2,6,0,0,0,1,0,0,0,0,4.65542E+20,5.55413E+21,8.5178E+15,5.01384E+16
15879,15880,6,4,12,0,2016,7,9,2,3,3,6,0,0,0,0,0,1,0,1,4.73007E+20,5.55313E+21,8.62233E+15,5.01298E+16
15880,15881,6,4,12,0,2016,6,15,5,3,2,2,0,0,0,1,0,0,0,0,4.76902E+20,5.55036E+21,8.67701E+15,5.01051E+16
15881,15882,6,5,33,7,2016,7,12,2,3,5,3,0,0,0,1,0,1,0,0,4.32223E+20,5.58912E+21,8.04532E+15,5.04502E+16
15882,15883,6,4,12,0,2016,7,22,3,3,6,4,1,0,0,1,1,0,0,0,4.83372E+20,5.55344E+21,8.76734E+15,5.0133E+16
15883,15884,6,5,35,1,2016,7,18,1,2,2,6,0,0,0,1,0,0,0,0,5.21108E+20,5.622E+21,9.29921E+15,5.07494E+16
15884,15885,6,5,31,5,2016,7,12,7,3,4,6,0,1,0,1,0,1,0,0,4.73189E+20,5.59833E+21,8.62168E+15,5.05363E+16
15885,15886,6,4,40,5,2016,7,14,1,3,2,6,0,1,0,1,0,0,0,0,4.78725E+20,5.5838E+21,8.70061E+15,5.04059E+16
15886,15887,6,6,34,15,2016,6,8,5,3,4,6,0,1,0,0,0,1,0,1,5.44234E+20,5.65659E+21,9.63119E+15,5.10592E+16
15887,15888,6,4,34,12,2016,7,7,2,2,2,6,0,0,0,1,0,0,0,0,4.68969E+20,5.57043E+21,8.56443E+15,5.02852E+16
15888,15889,6,6,34,3,2016,6,13,5,3,2,6,0,0,0,1,0,1,0,0,5.29796E+20,5.6649E+21,9.42587E+15,5.11348E+16
15889,15890,6,6,35,4,2016,7,17,2,3,2,6,0,0,0,1,0,0,0,0,4.74914E+20,5.65128E+21,8.64239E+15,5.10126E+16
15890,15891,6,4,34,8,2016,6,16,5,2,4,7,0,0,0,1,0,1,0,0,4.67206E+20,5.56277E+21,8.54035E+15,5.02162E+16
15891,15892,6,4,34,8,2016,7,19,3,3,1,6,0,0,0,1,0,0,0,0,4.6978E+20,5.56174E+21,8.5765E+15,5.02071E+16
15892,15893,6,6,35,12,2016,7,7,4,3,8,1,0,0,0,0,0,1,0,0,4.99672E+20,5.64312E+21,8.99533E+15,5.09397E+16
15893,15894,6,6,35,6,2016,7,22,7,1,8,1,1,0,0,0,0,1,0,0,4.85209E+20,5.65044E+21,8.78919E+15,5.10054E+16
15894,15895,6,4,36,1,2016,7,10,4,3,2,6,0,0,0,1,0,0,0,0,4.64967E+20,5.5539E+21,8.50978E+15,5.01363E+16
15895,15896,6,6,32,2,2016,7,14,7,3,2,7,0,1,0,1,0,0,0,0,5.49601E+20,5.63568E+21,9.70492E+15,5.08706E+16
15896,15897,6,5,33,18,2016,6,11,5,3,5,3,0,0,0,1,0,0,0,0,4.5225E+20,5.58226E+21,8.32827E+15,5.03905E+16
15897,15898,6,4,33,2,2016,7,10,2,3,1,7,0,0,0,1,0,0,0,0,4.5333E+20,5.53835E+21,8.34886E+15,4.99956E+16
15898,15899,6,4,32,4,2016,7,18,2,3,0,1,0,0,0,0,0,1,0,0,4.88692E+20,5.5277E+21,8.84254E+15,4.99016E+16
15899,15900,6,5,32,9,2016,7,16,4,3,1,7,0,0,0,1,0,0,0,0,4.52578E+20,5.62682E+21,8.3272E+15,5.07912E+16
15900,15901,6,4,31,17,2016,6,7,5,3,6,4,0,0,0,1,1,0,0,0,4.8072E+20,5.49403E+21,8.73319E+15,4.95986E+16
15901,15902,6,4,35,14,2016,7,17,4,3,9,1,0,0,0,0,0,1,0,0,4.9354E+20,5.55609E+21,8.90957E+15,5.0157E+16
15902,15903,6,4,32,10,2016,6,17,5,3,5,3,0,0,0,1,0,0,0,0,4.94121E+20,5.52277E+21,8.91821E+15,4.98573E+16
15903,15904,6,4,32,10,2016,7,11,3,3,2,6,0,0,0,1,0,0,0,0,4.89254E+20,5.5288E+21,8.85034E+15,4.99115E+16
15904,15905,6,6,34,5,2016,7,21,4,2,8,7,0,0,1,0,0,0,0,1,5.21147E+20,5.66427E+21,9.30222E+15,5.11295E+16
15905,15906,6,4,32,10,2016,6,19,5,3,2,6,0,0,0,1,0,0,0,0,4.90659E+20,5.52626E+21,8.86997E+15,4.98886E+16
15906,15907,6,6,11,0,2016,7,15,3,3,2,6,0,0,0,1,0,0,0,0,5.36042E+20,5.68497E+21,9.51715E+15,5.13149E+16
15907,15908,6,5,34,11,2016,7,17,1,3,2,6,0,1,0,1,0,0,0,0,4.94305E+20,5.63067E+21,8.91915E+15,5.08277E+16
15908,15909,6,6,33,22,2016,7,13,1,3,2,2,0,0,0,1,0,1,0,0,5.43024E+20,5.70323E+21,9.61955E+15,5.14786E+16
15909,15910,6,5,31,4,2016,7,19,2,3,0,1,0,0,0,0,0,0,1,0,4.84675E+20,5.59917E+21,8.78371E+15,5.05443E+16
15910,15911,6,4,31,6,2016,7,15,4,3,1,6,0,0,0,1,0,0,1,0,4.67467E+20,5.50541E+21,8.54885E+15,4.97003E+16
15911,15912,6,4,32,18,2016,6,17,5,3,2,6,0,0,0,1,0,0,0,0,4.72155E+20,5.51824E+21,8.61294E+15,4.98159E+16
15912,15913,6,6,32,15,2016,7,11,7,3,9,1,0,1,0,1,0,0,0,0,5.41451E+20,5.62543E+21,9.58794E+15,5.07791E+16
15913,15914,6,5,34,4,2016,6,7,5,3,1,6,0,1,0,1,0,0,0,0,4.67944E+20,5.63748E+21,8.54426E+15,5.08881E+16
15914,15915,6,5,31,13,2016,7,19,3,3,8,1,0,1,0,1,0,0,0,0,4.80323E+20,5.61282E+21,8.72156E+15,5.06669E+16
15915,15916,6,5,33,17,2016,7,0,1,3,2,6,2,0,0,1,0,1,0,0,4.48893E+20,5.59235E+21,8.27967E+15,5.04809E+16
15916,15917,6,4,14,0,2016,7,20,1,3,4,6,0,0,0,1,0,0,0,0,4.46714E+20,5.54844E+21,8.25515E+15,5.00858E+16
15917,15918,6,5,34,11,2016,7,19,2,3,9,1,0,0,0,1,0,0,0,0,4.91284E+20,5.63579E+21,8.87613E+15,5.08737E+16
15918,15919,6,4,12,0,2016,7,10,4,3,3,6,0,0,0,1,0,0,1,0,4.72235E+20,5.54631E+21,8.61203E+15,5.00684E+16
15919,15920,6,4,33,12,2016,6,22,5,3,5,3,2,0,1,1,0,0,0,0,4.58569E+20,5.53755E+21,8.42204E+15,4.99888E+16
15920,15921,6,5,35,1,2016,7,14,7,3,8,1,0,0,0,1,0,0,0,0,5.21095E+20,5.62187E+21,9.29902E+15,5.07483E+16
15921,15922,6,6,11,0,2016,7,14,4,3,5,2,0,0,1,1,0,0,0,0,5.33148E+20,5.68525E+21,9.47565E+15,5.13176E+16
15922,15923,6,6,36,14,2016,6,9,4,3,2,2,0,0,0,0,0,0,1,1,5.67442E+20,5.66565E+21,9.964E+15,5.11383E+16
15923,15924,6,4,33,10,2016,6,19,5,1,2,6,0,0,0,1,0,1,0,0,4.60738E+20,5.54066E+21,8.45197E+15,5.0017E+16
15924,15925,6,5,34,1,2016,7,11,3,2,8,2,0,0,0,1,0,0,0,0,4.94396E+20,5.62816E+21,8.92046E+15,5.08051E+16
15925,15926,6,5,33,11,2016,7,16,4,3,6,6,0,0,0,1,1,0,0,0,4.40071E+20,5.6016E+21,8.15385E+15,5.05632E+16
15926,15927,6,5,34,6,2016,6,20,5,3,2,6,0,0,0,1,0,0,0,1,4.87515E+20,5.63682E+21,8.82251E+15,5.08829E+16
15927,15928,6,4,37,3,2016,7,6,3,3,1,3,0,0,0,1,0,0,0,1,4.91651E+20,5.511E+21,8.8841E+15,4.97514E+16
15928,15929,6,4,12,0,2016,7,17,3,2,5,3,0,0,1,1,0,0,0,0,4.64728E+20,5.54881E+21,8.50691E+15,5.00905E+16
15929,15930,6,6,31,9,2016,7,15,1,2,2,2,0,1,0,1,0,0,0,0,5.46672E+20,5.60089E+21,9.65889E+15,5.05581E+16
15930,15931,6,4,31,11,2016,7,7,7,2,9,1,0,0,0,1,0,0,0,1,4.71826E+20,5.50002E+21,8.60969E+15,4.96521E+16
15931,15932,6,4,39,8,2016,7,14,1,3,8,1,0,1,0,1,0,0,0,0,4.4646E+20,5.56253E+21,8.24961E+15,5.02126E+16
15932,15933,6,5,34,6,2016,6,9,5,3,0,7,0,1,0,1,0,0,1,0,4.85606E+20,5.63411E+21,8.79548E+15,5.08585E+16
15933,15934,6,6,31,20,2016,6,0,5,3,2,2,2,0,0,1,0,0,0,1,5.53064E+20,5.60166E+21,9.74923E+15,5.05644E+16
15934,15935,6,4,12,0,2016,7,16,3,3,2,6,0,0,0,1,0,1,0,0,4.79575E+20,5.54577E+21,8.71463E+15,5.00639E+16
15935,15936,6,4,35,14,2016,6,17,5,3,5,3,0,0,0,1,0,1,0,0,4.92498E+20,5.55855E+21,8.89493E+15,5.01791E+16
15936,15937,6,6,11,0,2016,7,14,2,3,5,3,0,0,0,1,0,0,0,0,5.33573E+20,5.68783E+21,9.48199E+15,5.13407E+16
15937,15938,6,6,33,21,2016,7,12,3,3,2,6,0,0,0,1,0,0,0,1,5.40342E+20,5.71545E+21,9.58232E+15,5.15887E+16
15938,15939,6,4,12,0,2016,7,8,1,3,2,6,0,0,0,1,0,0,0,0,4.74693E+20,5.54514E+21,8.64645E+15,5.0058E+16
15939,15940,6,4,35,24,2016,7,7,7,2,8,1,0,0,0,1,0,0,0,0,5.041E+20,5.56306E+21,9.05748E+15,5.02197E+16
15940,15941,6,5,32,18,2016,6,7,5,2,8,1,0,1,0,0,0,1,0,0,4.6385E+20,5.59423E+21,8.49029E+15,5.04989E+16
15941,15942,6,6,32,6,2016,7,21,2,2,2,6,0,0,0,1,0,0,0,1,5.5799E+20,5.63753E+21,9.82443E+15,5.08865E+16
15942,15943,6,4,34,9,2016,7,14,2,3,5,3,0,0,0,1,0,1,0,0,4.61598E+20,5.57097E+21,8.46091E+15,5.02896E+16
15943,15944,6,4,36,7,2016,7,9,4,3,8,1,0,0,1,1,0,0,0,0,4.60944E+20,5.54794E+21,8.4541E+15,5.00825E+16
15944,15945,6,5,32,23,2016,6,16,5,3,8,1,0,0,0,0,0,1,0,0,4.70867E+20,5.60152E+21,8.58865E+15,5.05649E+16
15945,15946,6,4,39,4,2016,7,22,2,2,0,7,2,0,0,1,0,0,0,0,4.22959E+20,5.54193E+21,7.92445E+15,5.00247E+16
15946,15947,6,5,31,11,2016,6,16,5,3,2,6,0,0,0,1,0,0,0,0,4.85768E+20,5.59656E+21,8.79924E+15,5.05208E+16
15947,15948,6,4,11,0,2016,7,17,2,3,2,6,0,0,0,1,0,0,1,0,4.75166E+20,5.53E+21,8.65405E+15,4.99219E+16
15948,15949,6,5,31,6,2016,6,12,5,3,5,2,0,0,0,1,0,0,0,0,4.96996E+20,5.60416E+21,8.95756E+15,5.05893E+16
15949,15950,6,4,12,0,2016,7,18,4,3,2,6,0,0,0,1,0,0,0,0,4.73032E+20,5.54993E+21,8.62292E+15,5.0101E+16
15950,15951,6,6,33,17,2016,7,13,7,3,4,2,0,1,0,1,0,0,0,0,5.3716E+20,5.68066E+21,9.53274E+15,5.12761E+16
15951,15952,6,5,31,5,2016,6,16,5,3,5,3,0,0,1,1,0,0,0,0,4.75151E+20,5.6011E+21,8.64917E+15,5.05613E+16
15952,15953,6,4,35,20,2016,7,19,1,2,9,1,0,0,0,0,0,1,0,0,4.97892E+20,5.56158E+21,8.97045E+15,5.02064E+16
15953,15954,6,5,34,19,2016,7,17,2,2,1,5,0,0,1,1,0,0,0,0,4.62402E+20,5.63359E+21,8.46587E+15,5.08528E+16
15954,15955,6,4,31,18,2016,7,8,4,2,1,6,0,0,0,1,0,0,0,1,4.88469E+20,5.47246E+21,8.84106E+15,4.94047E+16
15955,15956,6,4,36,2,2016,6,12,5,2,9,1,0,0,0,0,0,1,0,0,4.53606E+20,5.5543E+21,8.35076E+15,5.01391E+16
15956,15957,6,4,33,12,2016,7,10,7,3,8,7,0,1,0,1,0,0,0,0,4.58579E+20,5.53597E+21,8.42234E+15,4.99747E+16
15957,15958,6,5,33,2,2016,7,19,4,3,5,3,0,0,0,1,0,0,0,0,4.39376E+20,5.57933E+21,8.14765E+15,5.03629E+16
15958,15959,6,6,35,18,2016,6,17,4,3,8,6,0,0,0,0,0,0,0,1,4.95373E+20,5.69171E+21,8.93352E+15,5.13766E+16
15959,15960,6,5,34,2,2016,7,18,3,3,2,2,0,0,0,1,0,0,0,0,4.61042E+20,5.63015E+21,8.44692E+15,5.08218E+16
15960,15961,6,4,39,3,2016,7,21,4,2,8,1,1,0,0,0,0,1,0,0,4.35746E+20,5.54158E+21,8.103E+15,5.0023E+16
15961,15962,6,4,12,0,2016,7,20,4,3,8,7,0,0,0,1,0,0,0,0,4.79004E+20,5.55486E+21,8.70615E+15,5.01456E+16
15962,15963,6,4,36,1,2016,7,13,6,2,6,4,0,0,0,1,1,0,0,0,4.64721E+20,5.55439E+21,8.5063E+15,5.01407E+16
15963,15964,6,5,34,18,2016,7,22,4,3,7,7,2,0,0,0,0,1,0,0,4.99065E+20,5.62728E+21,8.98673E+15,5.07972E+16
15964,15965,6,5,34,22,2016,7,17,6,2,4,1,0,0,0,0,0,1,0,0,4.95786E+20,5.64356E+21,8.94002E+15,5.09436E+16
15965,15966,6,4,14,0,2016,7,20,5,3,2,6,0,0,0,1,0,0,0,0,4.41768E+20,5.54392E+21,8.18671E+15,5.00447E+16
15966,15967,6,6,36,8,2016,7,14,7,2,4,6,0,0,0,1,0,1,0,0,5.64466E+20,5.67358E+21,9.9229E+15,5.121E+16
15967,15968,6,6,33,16,2016,7,7,5,3,2,5,0,0,0,1,0,0,0,1,5.21411E+20,5.70072E+21,9.30816E+15,5.14573E+16
15968,15969,6,5,35,10,2016,7,11,2,3,2,6,0,0,0,1,0,0,0,0,5.06752E+20,5.62435E+21,9.09576E+15,5.07709E+16
15969,15970,6,4,12,0,2016,7,12,1,3,5,3,0,0,1,0,0,1,0,0,4.78507E+20,5.55257E+21,8.69932E+15,5.0125E+16
15970,15971,6,6,11,0,2016,7,21,7,3,6,4,1,0,0,0,1,0,0,1,5.36057E+20,5.68436E+21,9.51731E+15,5.13094E+16
15971,15972,6,5,33,9,2016,7,8,6,3,5,3,0,0,0,1,0,1,0,0,4.35194E+20,5.58003E+21,8.08874E+15,5.03687E+16
15972,15973,6,6,35,3,2016,7,17,6,2,0,1,0,0,1,0,0,0,0,0,5.0657E+20,5.66394E+21,9.09389E+15,5.11269E+16
15973,15974,6,5,31,2,2016,7,11,5,2,5,2,0,0,0,1,0,1,0,0,4.72321E+20,5.6069E+21,8.60879E+15,5.06133E+16
15974,15975,6,4,32,9,2016,7,7,3,3,5,3,0,0,0,1,1,0,0,0,4.87554E+20,5.51655E+21,8.82704E+15,4.98013E+16
15975,15976,6,4,12,0,2016,7,17,3,3,3,6,0,0,0,1,0,0,1,0,4.79567E+20,5.54579E+21,8.71451E+15,5.0064E+16
15976,15977,6,4,31,16,2016,7,15,6,3,0,7,0,0,0,1,0,0,1,0,4.67854E+20,5.5012E+21,8.55456E+15,4.96625E+16
15977,15978,6,4,32,23,2016,7,17,4,3,2,6,0,0,0,1,0,0,0,0,4.72518E+20,5.52723E+21,8.61735E+15,4.98968E+16
15978,15979,6,4,35,19,2016,7,12,5,3,4,2,0,0,0,1,0,0,1,0,4.87154E+20,5.55566E+21,8.82018E+15,5.0153E+16
15979,15980,6,4,33,4,2016,7,15,6,3,2,6,0,0,0,1,0,0,0,1,4.67681E+20,5.50411E+21,8.55192E+15,4.96886E+16
15980,15981,6,5,32,12,2016,7,13,1,2,2,6,0,0,0,1,0,0,0,0,4.51182E+20,5.61529E+21,8.30891E+15,5.06874E+16
15981,15982,6,4,38,7,2016,7,0,5,2,8,1,2,1,0,1,0,0,0,0,5.01828E+20,5.54253E+21,9.02552E+15,5.00351E+16
15982,15983,6,4,12,0,2016,7,20,2,3,3,2,0,0,1,1,0,0,0,0,4.77977E+20,5.55306E+21,8.69187E+15,5.01294E+16
15983,15984,6,4,34,11,2016,7,19,1,2,8,7,0,0,0,0,0,1,0,0,4.59703E+20,5.57297E+21,8.4341E+15,5.03075E+16
15984,15985,6,6,36,11,2016,7,11,5,3,8,1,0,0,0,1,0,0,0,0,5.66001E+20,5.65974E+21,9.94233E+15,5.10854E+16
15985,15986,6,4,35,14,2016,7,7,2,3,9,1,0,0,0,1,0,0,0,0,4.99848E+20,5.55064E+21,8.99788E+15,5.0108E+16
15986,15987,6,6,34,5,2016,7,13,1,3,5,2,0,0,0,1,0,0,0,0,5.18991E+20,5.66206E+21,9.27129E+15,5.11097E+16
15987,15988,6,4,38,5,2016,7,16,7,3,2,6,0,0,0,1,0,0,0,1,4.84707E+20,5.54365E+21,8.78641E+15,5.0045E+16
15988,15989,6,4,14,0,2016,7,0,6,3,8,7,2,0,0,0,0,1,0,0,4.4616E+20,5.54393E+21,8.24804E+15,5.00452E+16
15989,15990,6,4,35,10,2016,7,13,6,3,2,6,0,0,0,1,0,0,0,0,5.13226E+20,5.5597E+21,9.18527E+15,5.01894E+16
15990,15991,6,6,35,21,2016,7,14,5,3,8,1,0,0,0,0,0,1,0,0,5.02048E+20,5.67173E+21,9.02932E+15,5.1197E+16
15991,15992,6,5,34,6,2016,7,20,3,3,9,1,0,1,0,1,0,0,0,0,4.87866E+20,5.63829E+21,8.82745E+15,5.08961E+16
15992,15993,6,4,36,6,2016,7,22,3,3,6,7,2,0,0,0,1,0,1,0,4.57735E+20,5.54361E+21,8.40972E+15,5.00433E+16
15993,15994,6,4,11,0,2016,7,18,6,3,2,6,0,0,0,1,0,0,0,1,4.7298E+20,5.52414E+21,8.624E+15,4.9869E+16
15994,15995,6,6,11,0,2016,7,15,3,3,3,6,0,0,0,1,0,0,0,0,5.35344E+20,5.68525E+21,9.50716E+15,5.13174E+16
15995,15996,6,4,31,18,2016,7,13,1,1,1,2,0,0,0,1,0,1,0,0,4.87475E+20,5.47286E+21,8.82734E+15,4.94083E+16
15996,15997,6,4,40,5,2016,7,19,5,3,2,6,0,0,0,1,0,0,0,0,4.77636E+20,5.58525E+21,8.68521E+15,5.04189E+16
15997,15998,6,5,33,9,2016,7,6,1,3,9,1,0,0,0,1,0,0,0,0,4.34892E+20,5.58032E+21,8.08445E+15,5.03713E+16
15998,15999,6,5,33,5,2016,7,17,2,2,8,1,0,0,0,1,0,0,0,0,4.33628E+20,5.59565E+21,8.06396E+15,5.0509E+16
15999,16000,6,6,33,24,2016,7,21,4,2,9,1,2,1,0,1,0,0,0,0,5.36048E+20,5.67744E+21,9.51647E+15,5.12472E+16
16000,16001,6,4,14,0,2016,7,8,5,3,3,2,0,0,1,0,0,0,0,1,4.4695E+20,5.54707E+21,8.25864E+15,5.00735E+16
16001,16002,6,6,11,0,2016,7,14,5,3,2,6,0,0,0,1,0,0,0,1,5.32829E+20,5.6861E+21,9.47115E+15,5.13253E+16
16002,16003,6,6,31,17,2016,7,19,3,3,5,2,0,0,0,1,0,1,0,0,5.51334E+20,5.59712E+21,9.72418E+15,5.05238E+16
16003,16004,6,5,34,17,2016,7,12,6,3,2,6,0,0,0,1,0,0,0,0,4.91299E+20,5.63914E+21,8.87626E+15,5.09038E+16