FID,OBJECTID,ULAND,UREGBEZ,UKREIS,UGEMEINDE,UJAHR,UMONAT,USTUNDE,UWOCHENTAG,UKATEGORIE,UART,UTYP1,ULICHTVERH,IstStrasse,IstRad,IstPKW,IstFuss,IstKrad,IstGkfz,IstSonstig,LINREFX,LINREFY,XGCSWGS84,YGCSWGS84
16368,16369,6,4,14,0,2016,7,15,3,3,1,6,0,0,0,1,0,1,0,0,4.44783E+20,5.54749E+21,8.22829E+15,5.00772E+16
16369,16370,6,5,31,4,2016,7,12,5,2,2,1,0,1,0,1,0,0,1,0,4.8458E+20,5.59928E+21,8.78236E+15,5.05453E+16
16370,16371,6,6,35,19,2016,7,15,1,2,2,6,0,0,0,0,0,1,0,0,4.88795E+20,5.66535E+21,8.83983E+15,5.11395E+16
16371,16372,6,6,35,17,2016,7,16,5,3,3,2,0,0,0,1,0,0,0,1,4.88378E+20,5.64969E+21,8.83438E+15,5.09987E+16
16372,16373,6,5,33,4,2016,7,19,7,3,2,6,0,0,0,1,0,0,0,0,4.31715E+20,5.59704E+21,8.03673E+15,5.05213E+16
16373,16374,6,6,32,19,2016,7,16,6,3,2,2,0,0,0,1,0,0,0,0,5.6262E+20,5.62992E+21,9.88894E+15,5.08176E+16
16374,16375,6,4,14,0,2016,7,5,4,3,5,3,0,0,0,1,0,0,0,0,4.48983E+20,5.54106E+21,8.28784E+15,5.00197E+16
16375,16376,6,5,35,1,2016,7,2,7,3,8,1,2,0,0,1,0,0,0,0,5.18989E+20,5.62101E+21,9.26912E+15,5.07406E+16
16376,16377,6,4,12,0,2016,7,17,1,3,2,6,0,0,0,1,0,0,0,0,4.75867E+20,5.54878E+21,8.66263E+15,5.00908E+16
16377,16378,6,4,33,5,2016,7,18,7,3,5,3,0,0,1,1,0,0,0,0,4.50827E+20,5.53854E+21,8.31391E+15,4.99971E+16
16378,16379,6,5,32,21,2016,7,0,7,3,8,1,2,0,0,1,0,0,0,0,4.60511E+20,5.60058E+21,8.44254E+15,5.05559E+16
16379,16380,6,4,40,20,2016,7,13,4,2,8,1,0,0,0,0,0,1,0,0,4.97443E+20,5.57736E+21,8.96406E+15,5.03483E+16
16380,16381,6,4,12,0,2016,7,10,3,3,5,3,0,0,0,1,0,0,0,0,4.72601E+20,5.54847E+21,8.61698E+15,5.00879E+16
16381,16382,6,5,33,16,2016,7,19,4,3,2,6,0,0,0,1,0,0,0,0,4.35899E+20,5.59389E+21,8.09628E+15,5.04935E+16
16382,16383,6,4,40,17,2016,7,0,1,3,8,1,2,0,0,1,0,0,0,0,4.87633E+20,5.57112E+21,8.82638E+15,5.0292E+16
16383,16384,6,4,33,3,2016,7,22,3,3,9,1,2,0,0,1,0,0,0,0,4.65112E+20,5.52843E+21,8.51412E+15,4.99072E+16
16384,16385,6,6,36,16,2016,7,12,7,3,5,3,0,0,1,1,0,0,0,1,5.60252E+20,5.68743E+21,9.86492E+15,5.13349E+16
16385,16386,6,4,12,0,2016,7,19,6,3,3,2,0,1,1,1,0,0,0,0,4.77417E+20,5.55344E+21,8.68402E+15,5.01327E+16
16386,16387,6,4,14,0,2016,7,11,7,3,2,2,0,0,0,1,0,1,0,0,4.47558E+20,5.54158E+21,8.26789E+15,5.00242E+16
16387,16388,6,5,33,17,2016,7,15,6,3,5,3,0,0,0,1,0,0,0,0,4.48382E+20,5.59241E+21,8.27246E+15,5.04814E+16
16388,16389,6,4,14,0,2016,7,11,6,3,3,2,0,0,0,1,0,0,0,1,4.46486E+20,5.54589E+21,8.25232E+15,5.00629E+16
16389,16390,6,4,12,0,2016,7,2,4,2,8,1,2,0,0,1,0,0,0,0,4.78331E+20,5.54812E+21,8.69711E+15,5.0085E+16
16390,16391,6,4,12,0,2016,7,22,7,2,3,6,2,1,0,1,0,0,0,0,4.75858E+20,5.55331E+21,8.66221E+15,5.01316E+16
16391,16392,6,4,14,0,2016,7,14,4,2,2,6,0,0,0,0,0,0,1,0,4.54104E+20,5.54846E+21,8.35844E+15,5.00866E+16
16392,16393,6,6,31,6,2016,7,9,2,3,8,7,0,0,0,1,0,0,0,0,5.48589E+20,5.5942E+21,9.68509E+15,5.04978E+16
16393,16394,6,4,38,9,2016,7,16,5,3,2,6,0,0,0,1,0,0,1,0,4.74645E+20,5.54413E+21,8.64586E+15,5.00489E+16
16394,16395,6,4,34,11,2016,7,16,3,2,3,2,0,0,0,1,0,1,0,0,4.6173E+20,5.57329E+21,8.46254E+15,5.03105E+16
16395,16396,6,5,34,10,2016,7,12,3,3,2,6,0,0,0,1,0,0,0,0,4.70681E+20,5.62341E+21,8.5843E+15,5.07617E+16
16396,16397,6,4,35,7,2016,7,12,2,2,2,6,0,0,1,1,0,0,0,0,4.99667E+20,5.55649E+21,8.99534E+15,5.01606E+16
16397,16398,6,4,31,17,2016,7,9,2,3,2,6,0,0,0,1,0,0,0,0,4.80404E+20,5.49312E+21,8.72887E+15,4.95904E+16
16398,16399,6,4,33,14,2016,7,11,4,3,5,3,0,0,0,1,0,1,0,0,4.56502E+20,5.5254E+21,8.39457E+15,4.98794E+16
16399,16400,6,6,34,3,2016,7,16,3,3,2,6,0,0,0,1,0,0,0,0,5.28574E+20,5.66261E+21,9.40821E+15,5.11143E+16
16400,16401,6,4,40,1,2016,7,17,3,3,1,3,0,0,0,1,0,0,0,0,4.97751E+20,5.57093E+21,8.96843E+15,5.02905E+16
16401,16402,6,4,12,0,2016,7,19,3,3,2,6,0,0,0,1,0,0,0,0,4.74986E+20,5.5579E+21,8.64971E+15,5.01728E+16
16402,16403,6,4,12,0,2016,7,9,2,3,3,2,0,0,1,1,0,0,0,0,4.77411E+20,5.55333E+21,8.68394E+15,5.01317E+16
16403,16404,6,4,35,14,2016,7,15,1,1,5,2,0,0,0,1,0,1,0,0,4.95822E+20,5.55111E+21,8.94157E+15,5.01122E+16
16404,16405,6,6,35,2,2016,7,22,1,3,8,7,2,0,0,1,0,0,0,0,4.99705E+20,5.69017E+21,8.99577E+15,5.13628E+16
16405,16406,6,6,11,0,2016,7,20,2,3,2,6,0,0,0,1,0,0,0,0,5.33917E+20,5.68457E+21,9.48663E+15,5.13115E+16
16406,16407,6,4,38,9,2016,7,15,7,3,5,3,0,0,0,1,0,1,0,0,4.8054E+20,5.54552E+21,8.72812E+15,5.00616E+16
16407,16408,6,6,33,28,2016,7,15,6,3,9,7,0,0,0,0,0,1,0,0,5.13746E+20,5.69264E+21,9.19754E+15,5.13848E+16
16408,16409,6,6,34,14,2016,7,2,7,3,9,1,2,0,0,1,0,0,0,0,5.41273E+20,5.6624E+21,9.5896E+15,5.11116E+16
16409,16410,6,5,34,21,2016,7,10,6,2,0,7,0,0,1,0,0,0,0,0,4.80266E+20,5.63921E+21,8.71934E+15,5.09043E+16
16410,16411,6,4,13,0,2016,7,4,6,3,0,7,2,0,1,0,0,0,0,0,4.82638E+20,5.55108E+21,8.75718E+15,5.01117E+16
16411,16412,6,6,34,22,2016,7,12,4,3,5,3,0,0,0,1,0,0,0,0,5.13673E+20,5.6423E+21,9.19457E+15,5.09322E+16
16412,16413,6,4,14,0,2016,7,21,3,2,5,3,2,0,0,1,0,1,0,0,4.4536E+20,5.54425E+21,8.23682E+15,5.00481E+16
16413,16414,6,4,35,19,2016,7,17,2,2,2,6,0,0,0,1,0,1,0,0,4.86816E+20,5.55489E+21,8.81548E+15,5.01461E+16
16414,16415,6,5,35,8,2016,7,16,5,3,8,1,0,1,0,1,0,0,0,0,5.27208E+20,5.60488E+21,9.38441E+15,5.05952E+16
16415,16416,6,4,35,18,2016,7,7,5,3,8,1,0,1,0,1,0,0,0,0,5.14521E+20,5.55701E+21,9.20331E+15,5.01651E+16
16416,16417,6,5,32,18,2016,7,18,3,2,8,1,0,0,0,0,0,1,0,0,4.62561E+20,5.59629E+21,8.4719E+15,5.05174E+16
16417,16418,6,4,14,0,2016,7,8,2,3,3,6,0,0,0,0,0,1,0,1,4.44914E+20,5.54751E+21,8.23012E+15,5.00773E+16
16418,16419,6,5,35,9,2016,7,8,2,3,1,6,0,0,0,1,0,0,1,0,4.99867E+20,5.61603E+21,8.99811E+15,5.06961E+16
16419,16420,6,6,33,23,2016,7,0,7,2,2,6,2,0,0,1,0,0,0,0,5.22199E+20,5.68359E+21,9.31844E+15,5.13032E+16
16420,16421,6,4,12,0,2016,7,10,2,3,6,4,0,0,0,1,1,0,0,0,4.77706E+20,5.55119E+21,8.6882E+15,5.01126E+16
16421,16422,6,4,31,15,2016,7,18,1,2,8,1,0,0,0,0,0,1,0,0,4.85109E+20,5.50384E+21,8.79356E+15,4.96869E+16
16422,16423,6,4,34,11,2016,7,16,2,3,5,3,0,0,0,1,0,0,0,0,4.67074E+20,5.5754E+21,8.53739E+15,5.03298E+16
16423,16424,6,5,32,9,2016,7,6,7,3,8,2,0,1,0,1,0,0,0,0,4.56507E+20,5.62753E+21,8.38285E+15,5.07979E+16
16424,16425,6,5,31,12,2016,7,9,6,3,2,6,0,0,0,1,0,0,0,0,4.76811E+20,5.60056E+21,8.67264E+15,5.05565E+16
16425,16426,6,5,32,7,2016,7,15,6,3,0,6,0,0,0,0,0,1,0,0,4.42414E+20,5.60956E+21,8.1857E+15,5.06351E+16
16426,16427,6,6,34,8,2016,7,12,7,3,0,1,0,0,0,1,0,0,0,0,5.3309E+20,5.6738E+21,9.47376E+15,5.12146E+16
16427,16428,6,4,35,6,2016,7,12,7,3,0,3,0,0,0,0,0,0,0,1,4.93754E+20,5.55843E+21,8.91252E+15,5.0178E+16
16428,16429,6,6,35,8,2016,7,16,2,3,2,6,0,0,0,1,0,0,1,0,5.02081E+20,5.70382E+21,9.02996E+15,5.14855E+16
16429,16430,6,4,34,1,2016,7,16,1,3,5,3,0,0,0,1,0,0,0,0,4.69278E+20,5.56847E+21,8.56892E+15,5.02676E+16
16430,16431,6,6,11,0,2016,7,8,2,2,5,2,0,0,1,1,0,0,0,0,5.31173E+20,5.68042E+21,9.44689E+15,5.12743E+16
16431,16432,6,6,35,11,2016,7,11,6,3,1,3,0,0,0,1,0,0,0,0,4.90463E+20,5.65527E+21,8.86395E+15,5.10488E+16
16432,16433,6,4,38,6,2016,7,16,7,3,5,3,0,0,0,1,0,0,0,0,4.78903E+20,5.53727E+21,8.7057E+15,4.99874E+16
16433,16434,6,4,38,7,2016,7,4,6,3,0,7,2,0,0,1,0,0,0,0,4.98366E+20,5.53967E+21,8.9772E+15,5.00093E+16
16434,16435,6,5,32,11,2016,7,0,6,3,9,1,2,0,0,1,0,0,0,0,4.41556E+20,5.6175E+21,8.17231E+15,5.07063E+16
16435,16436,6,4,12,0,2016,7,10,6,2,6,2,0,0,0,0,1,0,0,1,4.72209E+20,5.55264E+21,8.61121E+15,5.01253E+16
16436,16437,6,4,38,3,2016,7,15,4,2,0,6,0,0,0,1,0,0,0,0,4.75731E+20,5.53457E+21,8.66162E+15,4.9963E+16
16437,16438,6,4,35,14,2016,7,10,5,3,2,1,0,1,0,1,0,0,0,0,4.96793E+20,5.55224E+21,8.95514E+15,5.01224E+16
16438,16439,6,5,31,12,2016,7,16,2,3,2,6,0,0,0,1,0,0,0,0,4.76819E+20,5.60057E+21,8.67275E+15,5.05566E+16
16439,16440,6,4,12,0,2016,7,13,5,3,5,3,0,1,1,1,0,0,0,0,4.75259E+20,5.55204E+21,8.65392E+15,5.01201E+16
16440,16441,6,4,40,2,2016,7,13,5,3,0,1,0,1,0,1,0,0,0,0,4.82864E+20,5.57919E+21,8.75907E+15,5.03645E+16
16441,16442,6,4,36,1,2016,7,16,3,2,5,2,0,0,0,1,0,1,0,0,4.65316E+20,5.55571E+21,8.51449E+15,5.01526E+16
16442,16443,6,5,31,6,2016,7,16,2,2,5,3,0,0,0,1,0,0,0,0,4.94699E+20,5.60882E+21,8.92504E+15,5.06312E+16
16443,16444,6,6,33,20,2016,7,10,7,3,3,6,0,0,0,1,0,0,0,1,5.402E+20,5.68651E+21,9.57698E+15,5.13285E+16
16444,16445,6,6,31,9,2016,7,14,2,2,5,2,0,0,0,1,0,1,0,0,5.45666E+20,5.6013E+21,9.64474E+15,5.05618E+16
16445,16446,6,6,32,14,2016,7,10,1,2,8,7,0,0,0,0,0,1,0,0,5.42278E+20,5.63627E+21,9.60093E+15,5.08766E+16
16446,16447,6,6,31,23,2016,7,9,7,3,5,3,0,0,0,1,0,0,0,0,5.73054E+20,5.61107E+21,1.00333E+16,5.06469E+16
16447,16448,6,4,33,4,2016,7,7,7,3,9,1,0,1,0,1,0,0,0,0,4.65794E+20,5.51115E+21,8.52515E+15,4.97519E+16
16448,16449,6,4,12,0,2016,7,18,3,3,2,6,0,0,0,1,0,0,0,0,4.74165E+20,5.55572E+21,8.63836E+15,5.01532E+16
16449,16450,6,4,12,0,2016,7,15,6,3,2,6,0,0,0,1,0,0,0,0,4.7389E+20,5.54855E+21,8.63501E+15,5.00887E+16
16450,16451,6,4,14,0,2016,7,5,5,3,8,1,2,1,0,1,0,0,0,0,4.50518E+20,5.54481E+21,8.30879E+15,5.00536E+16
16451,16452,6,6,33,20,2016,7,19,1,2,4,1,0,0,0,0,0,1,0,0,5.4119E+20,5.68429E+21,9.59094E+15,5.13084E+16
16452,16453,6,4,11,0,2016,7,18,5,3,0,6,0,0,0,1,0,0,0,0,4.71167E+20,5.52338E+21,8.59883E+15,4.98622E+16
16453,16454,6,6,35,7,2016,7,11,7,2,0,6,0,0,0,0,0,1,0,1,4.81192E+20,5.69096E+21,8.72981E+15,5.13696E+16
16454,16455,6,4,35,14,2016,7,10,5,2,8,1,0,1,0,1,0,0,0,0,4.93224E+20,5.55316E+21,8.90519E+15,5.01307E+16
16455,16456,6,4,12,0,2016,7,9,7,3,0,1,0,1,0,0,0,1,0,0,4.81567E+20,5.5563E+21,8.74194E+15,5.01586E+16
16456,16457,6,6,31,8,2016,7,5,7,3,8,1,1,0,0,1,0,0,0,0,5.39423E+20,5.58335E+21,9.55471E+15,5.04009E+16
16457,16458,6,4,32,17,2016,7,6,4,2,2,6,0,0,1,1,0,0,0,0,4.93633E+20,5.51976E+21,8.91148E+15,4.98302E+16
16458,16459,6,4,12,0,2016,7,17,3,3,6,3,0,0,0,1,1,0,0,0,4.81527E+20,5.55236E+21,8.74158E+15,5.01232E+16
16459,16460,6,4,35,23,2016,7,12,3,3,3,6,0,0,0,1,0,0,1,0,5.0072E+20,5.55563E+21,9.01008E+15,5.01529E+16
16460,16461,6,5,33,7,2016,7,18,4,3,9,6,0,0,0,1,0,0,0,0,4.3022E+20,5.58941E+21,8.01706E+15,5.04525E+16
16461,16462,6,6,31,14,2016,7,20,1,3,8,1,1,0,0,1,0,0,0,0,5.3436E+20,5.59925E+21,9.48493E+15,5.05442E+16
16462,16463,6,4,40,7,2016,7,9,3,3,2,7,0,0,0,1,0,0,0,0,4.95238E+20,5.57421E+21,8.93311E+15,5.032E+16
16463,16464,6,6,33,25,2016,7,14,7,3,8,1,0,0,0,0,0,1,0,0,5.35124E+20,5.71487E+21,9.50695E+15,5.15838E+16
16464,16465,6,4,11,0,2016,7,13,6,3,2,6,0,0,0,1,0,0,0,0,4.75461E+20,5.53079E+21,8.65809E+15,4.9929E+16
16465,16466,6,4,12,0,2016,7,3,7,3,5,3,2,1,1,1,0,0,0,0,4.72937E+20,5.55219E+21,8.62143E+15,5.01213E+16
16466,16467,6,5,32,13,2016,7,12,6,2,8,1,0,0,0,0,0,1,0,0,4.64275E+20,5.61303E+21,8.49447E+15,5.0668E+16
16467,16468,6,4,12,0,2016,7,18,5,3,5,3,0,0,0,1,0,0,0,0,4.73351E+20,5.55164E+21,8.62726E+15,5.01164E+16
16468,16469,6,4,35,26,2016,7,18,1,2,5,3,0,0,0,1,0,1,0,0,4.90113E+20,5.56069E+21,8.86148E+15,5.01983E+16
16469,16470,6,4,14,0,2016,7,4,7,2,9,1,2,0,0,1,0,0,0,0,4.4522E+20,5.54699E+21,8.23447E+15,5.00726E+16
16470,16471,6,5,35,16,2016,7,13,6,3,4,2,0,0,0,1,0,0,0,0,5.12821E+20,5.589E+21,9.1806E+15,5.04529E+16
16471,16472,6,4,36,12,2016,7,8,4,3,1,6,0,0,0,1,0,0,0,0,4.66219E+20,5.55213E+21,8.52746E+15,5.01205E+16
16472,16473,6,4,12,0,2016,7,6,7,3,8,1,0,1,0,1,0,0,0,0,4.69876E+20,5.54484E+21,8.57919E+15,5.0055E+16
16473,16474,6,5,32,16,2016,7,9,4,2,5,3,0,0,0,1,0,1,0,0,4.50912E+20,5.5978E+21,8.30741E+15,5.053E+16
16474,16475,6,4,39,16,2016,7,9,3,2,8,1,0,0,0,0,0,1,0,0,4.55165E+20,5.56831E+21,8.37094E+15,5.02652E+16
16475,16476,6,4,40,4,2016,7,18,3,3,4,6,0,0,0,1,0,1,0,0,5.02361E+20,5.57134E+21,9.03314E+15,5.02942E+16
16476,16477,6,4,32,3,2016,7,17,3,3,2,6,0,0,0,1,0,0,0,0,4.7067E+20,5.51075E+21,8.59287E+15,4.97485E+16
16477,16478,6,6,34,14,2016,7,14,2,3,5,3,0,0,0,1,0,1,0,0,5.37537E+20,5.66434E+21,9.53644E+15,5.11293E+16
16478,16479,6,4,36,5,2016,7,5,7,2,3,6,1,0,0,1,0,0,0,0,4.6103E+20,5.54223E+21,8.45589E+15,5.00311E+16
16479,16480,6,6,36,16,2016,7,11,1,2,8,1,0,0,0,0,0,1,0,0,5.59368E+20,5.68358E+21,9.85158E+15,5.13005E+16
16480,16481,6,4,38,11,2016,7,4,2,3,2,6,2,0,0,0,0,0,1,0,4.9295E+20,5.54498E+21,8.90151E+15,5.0057E+16
16481,16482,6,4,39,5,2016,7,0,1,3,7,7,2,0,0,0,0,1,0,0,4.26025E+20,5.55984E+21,7.96378E+15,5.01861E+16
16482,16483,6,4,12,0,2016,7,17,2,3,3,6,0,0,0,1,0,0,0,0,4.84241E+20,5.55401E+21,8.77947E+15,5.01381E+16
16483,16484,6,4,32,10,2016,7,18,7,3,5,3,0,0,0,1,0,1,0,0,4.9412E+20,5.52277E+21,8.91819E+15,4.98573E+16
16484,16485,6,6,33,25,2016,7,15,6,2,9,1,0,0,0,1,0,0,0,0,5.25804E+20,5.71382E+21,9.37235E+15,5.15748E+16
16485,16486,6,6,34,25,2016,7,16,7,3,9,1,0,0,0,1,0,0,0,0,5.23913E+20,5.65959E+21,9.34143E+15,5.10873E+16
16486,16487,6,6,31,13,2016,7,13,6,2,9,1,0,0,0,0,0,1,0,0,5.61954E+20,5.60562E+21,9.8754E+15,5.05992E+16
16487,16488,6,4,32,10,2016,7,17,6,3,9,1,0,0,0,1,0,0,0,0,4.92236E+20,5.52564E+21,8.89192E+15,4.98831E+16
16488,16489,6,4,12,0,2016,7,8,6,3,5,2,0,0,1,1,0,0,0,0,4.82922E+20,5.55315E+21,8.76105E+15,5.01303E+16
16489,16490,6,6,34,5,2016,7,8,4,3,2,6,0,0,0,1,0,0,0,1,5.2285E+20,5.66872E+21,9.32683E+15,5.11694E+16
16490,16491,6,4,13,0,2016,7,12,2,2,5,3,0,0,0,1,0,0,0,0,4.80456E+20,5.54593E+21,8.72693E+15,5.00653E+16
16491,16492,6,6,11,0,2016,7,6,5,3,5,2,0,0,1,1,0,0,0,0,5.34014E+20,5.68257E+21,9.48783E+15,5.12934E+16
16492,16493,6,4,12,0,2016,7,20,6,3,4,6,1,0,0,1,0,0,0,0,4.796E+20,5.55117E+21,8.71469E+15,5.01124E+16
16493,16494,6,4,11,0,2016,7,17,4,2,5,3,0,0,0,1,0,1,0,0,4.73572E+20,5.52629E+21,8.63209E+15,4.98884E+16
16494,16495,6,4,33,6,2016,7,18,7,3,9,1,0,1,0,1,0,0,0,0,4.64908E+20,5.53277E+21,8.51089E+15,4.99463E+16
16495,16496,6,6,33,26,2016,7,23,3,3,5,2,2,0,0,1,0,0,0,0,5.32682E+20,5.69056E+21,9.46946E+15,5.13653E+16
16496,16497,6,5,31,5,2016,7,7,2,3,0,2,0,0,1,1,0,0,0,0,4.76781E+20,5.60297E+21,8.67207E+15,5.05782E+16
16497,16498,6,5,31,5,2016,7,15,5,3,4,6,0,0,0,1,0,0,0,0,4.79095E+20,5.60726E+21,8.70451E+15,5.06168E+16
16498,16499,6,4,35,26,2016,7,13,5,3,8,1,0,1,0,1,0,0,0,0,4.90211E+20,5.56167E+21,8.86281E+15,5.02071E+16
16499,16500,6,4,33,12,2016,7,22,3,3,4,2,2,0,0,1,0,0,0,0,4.58145E+20,5.53415E+21,8.41649E+15,4.99582E+16
16500,16501,6,5,33,3,2016,7,18,2,2,5,3,0,0,0,1,0,1,0,0,4.45442E+20,5.57232E+21,8.23394E+15,5.03005E+16
16501,16502,6,4,32,2,2016,7,17,2,3,1,6,0,0,0,1,0,0,0,1,4.96247E+20,5.5354E+21,8.94767E+15,4.99709E+16
16502,16503,6,5,31,5,2016,7,19,7,2,3,6,0,0,0,1,0,0,0,0,4.79783E+20,5.60842E+21,8.71417E+15,5.06273E+16
16503,16504,6,4,12,0,2016,7,19,2,2,9,1,0,0,0,0,0,1,0,0,4.77305E+20,5.54548E+21,8.68292E+15,5.00611E+16
16504,16505,6,4,40,18,2016,7,12,1,3,4,2,0,0,0,1,0,0,0,0,4.79056E+20,5.58344E+21,8.70529E+15,5.04027E+16
16505,16506,6,4,39,8,2016,7,16,2,3,5,3,0,0,0,1,0,1,0,0,4.48589E+20,5.5642E+21,8.27923E+15,5.02277E+16
16506,16507,6,5,33,10,2016,7,14,7,3,2,6,0,0,0,1,0,0,0,0,4.47314E+20,5.59656E+21,8.25683E+15,5.05186E+16
16507,16508,6,5,35,5,2016,7,14,6,3,2,6,0,0,0,1,0,1,0,0,5.02729E+20,5.61508E+21,9.03863E+15,5.06876E+16
16508,16509,6,5,35,1,2016,7,19,6,2,5,3,0,0,0,1,0,0,0,0,5.20185E+20,5.62231E+21,9.28614E+15,5.07522E+16
16509,16510,6,4,12,0,2016,7,17,6,3,0,6,0,0,0,1,0,0,0,1,4.74122E+20,5.55009E+21,8.63815E+15,5.01025E+16
16510,16511,6,5,35,14,2016,7,11,5,3,9,6,0,1,0,1,0,0,0,0,5.12952E+20,5.61778E+21,9.18344E+15,5.07117E+16
16511,16512,6,5,31,16,2016,7,7,2,3,2,6,0,0,0,0,0,0,1,0,4.9111E+20,5.60702E+21,8.87434E+15,5.0615E+16
16512,16513,6,4,12,0,2016,7,16,5,3,2,6,0,0,0,1,0,0,0,0,4.77051E+20,5.55046E+21,8.67908E+15,5.01059E+16
16513,16514,6,5,35,9,2016,7,22,5,3,6,6,2,0,0,1,1,0,0,0,5.01783E+20,5.62104E+21,9.02527E+15,5.07411E+16
16514,16515,6,4,12,0,2016,7,12,1,2,0,1,0,0,0,0,0,1,0,0,4.66572E+20,5.54984E+21,8.5326E+15,5.00999E+16
16515,16516,6,4,40,12,2016,7,17,5,2,2,2,0,0,0,1,0,1,0,0,4.80528E+20,5.56547E+21,8.72692E+15,5.02411E+16
16516,16517,6,5,31,15,2016,7,13,3,2,4,6,0,0,0,1,0,0,0,0,4.92438E+20,5.61285E+21,8.89299E+15,5.06675E+16
16517,16518,6,4,12,0,2016,7,0,2,3,3,2,2,0,0,1,0,1,0,0,4.74776E+20,5.55423E+21,8.64702E+15,5.01398E+16
16518,16519,6,4,33,6,2016,7,11,2,3,2,6,0,0,0,1,0,0,1,0,4.6384E+20,5.5319E+21,8.49608E+15,4.99383E+16
16519,16520,6,5,31,12,2016,7,12,7,3,3,3,0,0,0,1,0,0,0,0,4.74503E+20,5.5974E+21,8.64027E+15,5.0528E+16
16520,16521,6,4,36,4,2016,7,16,2,3,5,3,0,0,0,1,0,0,1,0,4.57992E+20,5.53977E+21,8.41374E+15,5.00088E+16
16521,16522,6,5,32,21,2016,7,19,1,3,8,1,0,0,0,1,0,0,0,0,4.58902E+20,5.59828E+21,8.42009E+15,5.0535E+16
16522,16523,6,4,32,14,2016,7,18,2,2,4,6,0,0,0,1,0,1,0,0,4.78794E+20,5.51791E+21,8.70524E+15,4.98133E+16
16523,16524,6,4,32,22,2016,7,19,7,3,9,1,0,1,0,1,0,0,0,0,4.74398E+20,5.51089E+21,8.6446E+15,4.97499E+16
16524,16525,6,4,14,0,2016,7,8,3,3,2,6,0,0,0,1,0,0,1,0,4.48243E+20,5.54833E+21,8.27654E+15,5.0085E+16
16525,16526,6,4,33,12,2016,7,17,5,3,2,6,0,0,0,1,0,0,0,1,4.58148E+20,5.53599E+21,8.41632E+15,4.99748E+16
16526,16527,6,6,35,20,2016,7,13,1,2,7,7,0,0,0,0,0,1,0,0,5.09698E+20,5.69349E+21,9.13939E+15,5.13925E+16
16527,16528,6,6,34,26,2016,7,15,5,3,4,1,0,1,0,1,0,0,0,0,5.14434E+20,5.6364E+21,9.20516E+15,5.08791E+16
16528,16529,6,6,32,9,2016,7,21,7,2,9,1,2,0,0,1,0,0,0,0,5.64561E+20,5.63782E+21,9.91788E+15,5.08884E+16
16529,16530,6,6,36,14,2016,7,18,6,3,4,2,0,0,0,1,0,1,0,0,5.69973E+20,5.66784E+21,1.00006E+16,5.11577E+16
16530,16531,6,4,14,0,2016,7,15,4,3,3,2,0,0,1,1,0,0,0,0,4.47602E+20,5.54151E+21,8.26851E+15,5.00236E+16
16531,16532,6,6,34,16,2016,7,14,7,3,2,6,0,0,0,1,0,0,0,0,5.14163E+20,5.65018E+21,9.20185E+15,5.10031E+16
16532,16533,6,4,31,21,2016,7,14,4,2,4,6,0,0,0,1,0,1,0,0,4.85871E+20,5.49123E+21,8.80457E+15,4.95735E+16
16533,16534,6,5,32,1,2016,7,1,7,2,9,7,2,0,0,1,0,0,0,0,4.58332E+20,5.60514E+21,8.41127E+15,5.05966E+16
16534,16535,6,4,40,8,2016,7,8,4,2,4,6,0,0,0,1,0,0,0,0,4.97609E+20,5.5856E+21,8.96634E+15,5.04224E+16
16535,16536,6,4,12,0,2016,7,8,3,3,6,4,0,0,1,0,1,0,0,0,4.76316E+20,5.55453E+21,8.66855E+15,5.01425E+16
16536,16537,6,5,35,12,2016,7,6,4,3,2,6,0,0,0,1,0,0,0,0,5.18332E+20,5.60314E+21,9.25892E+15,5.05799E+16
16537,16538,6,4,40,16,2016,7,14,1,2,0,1,0,0,0,0,0,1,0,0,5.01134E+20,5.59069E+21,9.01598E+15,5.04682E+16
16538,16539,6,4,12,0,2016,7,19,3,3,2,6,0,1,0,1,0,0,0,0,4.75706E+20,5.55333E+21,8.66008E+15,5.01317E+16
16539,16540,6,4,11,0,2016,7,14,7,3,5,3,0,0,0,1,0,0,0,0,4.75223E+20,5.52384E+21,8.65523E+15,4.98664E+16
16540,16541,6,4,12,0,2016,7,12,6,3,5,3,0,0,1,1,0,0,0,0,4.78061E+20,5.55448E+21,8.69297E+15,5.01422E+16
16541,16542,6,6,33,9,2016,7,14,7,3,8,1,0,1,0,1,0,0,0,0,5.38961E+20,5.69474E+21,9.5601E+15,5.14025E+16
16542,16543,6,4,34,11,2016,7,12,6,3,3,3,0,0,0,1,0,0,0,0,4.6718E+20,5.57547E+21,8.53888E+15,5.03304E+16
16543,16544,6,6,35,20,2016,7,20,6,3,7,7,1,1,0,1,0,0,0,0,5.11002E+20,5.69095E+21,9.15805E+15,5.13697E+16
16544,16545,6,4,12,0,2016,7,9,4,3,5,3,0,0,1,1,0,0,0,0,4.75777E+20,5.5557E+21,8.66093E+15,5.0153E+16
16545,16546,6,4,34,2,2016,7,8,7,2,3,6,0,1,0,1,0,0,0,0,4.75956E+20,5.56805E+21,8.66265E+15,5.02641E+16
16546,16547,6,4,35,23,2016,7,6,4,3,1,6,0,0,0,1,0,0,0,0,5.01115E+20,5.55616E+21,9.01561E+15,5.01577E+16
16547,16548,6,6,31,9,2016,7,4,2,2,0,7,2,1,0,0,0,1,0,0,5.48152E+20,5.59716E+21,9.67931E+15,5.05244E+16
16548,16549,6,4,39,12,2016,7,13,5,3,6,4,0,0,0,1,1,0,0,0,4.30503E+20,5.53976E+21,8.03015E+15,5.00061E+16
16549,16550,6,4,34,12,2016,7,10,3,2,4,2,0,0,0,1,0,0,1,0,4.68225E+20,5.57395E+21,8.5537E+15,5.03168E+16