FID,OBJECTID,ULAND,UREGBEZ,UKREIS,UGEMEINDE,UJAHR,UMONAT,USTUNDE,UWOCHENTAG,UKATEGORIE,UART,UTYP1,ULICHTVERH,IstStrasse,IstRad,IstPKW,IstFuss,IstKrad,IstGkfz,IstSonstig,LINREFX,LINREFY,XGCSWGS84,YGCSWGS84
16732,16733,6,6,34,9,2016,8,10,2,3,2,1,0,0,0,1,0,0,0,0,5.29534E+20,5.65474E+21,9.4213E+15,5.10434E+16
16733,16734,6,4,39,2,2016,8,18,2,2,8,1,0,0,0,0,0,1,0,0,4.32431E+20,5.55373E+21,8.05458E+15,5.01319E+16
16734,16735,6,6,36,3,2016,7,20,6,3,5,3,0,1,1,1,0,0,0,0,5.71135E+20,5.67223E+21,1.00181E+16,5.11971E+16
16735,16736,6,6,35,11,2016,7,8,6,3,9,1,0,1,0,1,0,0,0,0,4.8484E+20,5.66111E+21,8.78347E+15,5.11012E+16
16736,16737,6,6,32,14,2016,7,15,6,3,0,7,0,1,0,0,0,1,0,0,5.4058E+20,5.63997E+21,9.5772E+15,5.09099E+16
16737,16738,6,5,31,5,2016,7,7,4,2,5,3,0,1,1,1,0,0,0,0,4.73598E+20,5.60154E+21,8.62721E+15,5.05652E+16
16738,16739,6,4,35,6,2016,7,15,5,3,8,6,0,0,0,1,0,1,0,0,4.9637E+20,5.55862E+21,8.94916E+15,5.01797E+16
16739,16740,6,4,32,14,2016,7,13,5,3,5,2,0,0,1,1,0,0,0,0,4.77634E+20,5.52079E+21,8.68895E+15,4.98392E+16
16740,16741,6,6,32,15,2016,8,2,5,2,8,1,2,1,0,1,0,0,0,0,5.39571E+20,5.62976E+21,9.56174E+15,5.08182E+16
16741,16742,6,6,33,17,2016,8,20,7,2,5,2,0,0,0,1,0,0,0,0,5.3876E+20,5.68059E+21,9.55568E+15,5.12754E+16
16742,16743,6,4,38,9,2016,8,19,4,3,4,1,0,0,0,1,0,0,0,0,4.74359E+20,5.54421E+21,8.64186E+15,5.00496E+16
16743,16744,6,4,40,16,2016,8,18,3,3,4,1,0,1,0,1,0,0,0,0,4.97333E+20,5.58495E+21,8.96246E+15,5.04165E+16
16744,16745,6,5,34,18,2016,7,4,3,3,5,3,1,0,0,1,0,0,0,0,5.00954E+20,5.6298E+21,9.01355E+15,5.08199E+16
16745,16746,6,4,35,7,2016,8,7,3,3,2,6,0,1,0,1,0,0,0,0,5.00382E+20,5.55532E+21,9.00534E+15,5.01501E+16
16746,16747,6,6,31,9,2016,8,14,2,3,5,3,0,0,0,0,0,1,0,1,5.48213E+20,5.60305E+21,9.68093E+15,5.05773E+16
16747,16748,6,4,34,8,2016,8,17,6,3,3,6,0,0,1,1,0,0,0,0,4.70671E+20,5.56057E+21,8.58909E+15,5.01966E+16
16748,16749,6,4,12,0,2016,8,9,2,3,0,2,0,0,1,1,0,0,0,0,4.78216E+20,5.55345E+21,8.6952E+15,5.01329E+16
16749,16750,6,6,34,3,2016,8,9,5,3,8,1,0,1,0,1,0,0,0,0,5.31903E+20,5.66128E+21,9.45566E+15,5.11021E+16
16750,16751,6,4,40,16,2016,8,17,2,2,4,6,0,0,0,1,0,0,0,0,4.99904E+20,5.58205E+21,8.99864E+15,5.03905E+16
16751,16752,6,6,33,29,2016,8,16,6,3,5,2,0,0,0,1,0,0,0,1,5.21897E+20,5.6899E+21,9.3145E+15,5.136E+16
16752,16753,6,4,36,6,2016,8,20,2,3,2,6,0,0,0,1,0,0,0,0,4.52715E+20,5.54004E+21,8.34006E+15,5.00108E+16
16753,16754,6,6,32,19,2016,8,12,5,2,8,1,0,1,0,1,0,0,0,0,5.58139E+20,5.63272E+21,9.82577E+15,5.08433E+16
16754,16755,6,4,34,7,2016,8,12,2,3,2,6,0,0,0,1,0,0,0,0,4.62907E+20,5.57503E+21,8.4789E+15,5.03262E+16
16755,16756,6,5,33,7,2016,7,11,6,3,3,6,0,0,1,1,0,0,0,0,4.32234E+20,5.58875E+21,8.04555E+15,5.04469E+16
16756,16757,6,4,31,14,2016,7,10,6,3,5,3,0,0,0,1,0,0,0,0,4.81071E+20,5.50738E+21,8.7374E+15,4.97186E+16
16757,16758,6,6,35,21,2016,7,18,5,3,8,1,0,1,0,1,0,0,0,0,5.05796E+20,5.67262E+21,9.08296E+15,5.12049E+16
16758,16759,6,4,38,11,2016,7,15,4,3,8,7,0,0,0,0,0,0,0,1,4.92403E+20,5.54508E+21,8.89387E+15,5.00579E+16
16759,16760,6,4,39,15,2016,7,22,5,3,9,1,2,1,0,0,0,1,0,0,4.44797E+20,5.55924E+21,8.22679E+15,5.01828E+16
16760,16761,6,5,33,9,2016,7,8,4,3,2,6,0,0,0,1,0,0,0,0,4.33831E+20,5.58317E+21,8.06903E+15,5.03969E+16
16761,16762,6,5,33,2,2016,8,11,4,3,8,1,0,1,0,1,0,0,0,0,4.44021E+20,5.5787E+21,8.21305E+15,5.03577E+16
16762,16763,6,6,11,0,2016,8,9,7,3,9,2,0,1,0,1,0,0,0,0,5.36069E+20,5.68484E+21,9.51753E+15,5.13137E+16
16763,16764,6,5,33,11,2016,8,0,4,3,8,1,2,1,0,1,0,0,0,0,4.39721E+20,5.60184E+21,8.14888E+15,5.05654E+16
16764,16765,6,6,35,19,2016,7,18,7,1,9,1,0,0,0,0,0,1,0,0,4.92284E+20,5.67142E+21,8.88958E+15,5.11941E+16
16765,16766,6,4,12,0,2016,8,19,2,3,2,6,0,0,0,1,0,0,0,0,4.78704E+20,5.54553E+21,8.70247E+15,5.00616E+16
16766,16767,6,4,40,21,2016,8,16,6,3,0,3,0,0,0,1,0,0,0,1,4.90235E+20,5.57852E+21,8.86273E+15,5.03587E+16
16767,16768,6,6,33,25,2016,8,16,2,3,9,7,0,1,0,1,0,0,0,0,5.28854E+20,5.7118E+21,9.4162E+15,5.15566E+16
16768,16769,6,6,35,6,2016,8,0,5,3,8,1,2,1,0,1,0,0,0,0,4.87486E+20,5.65328E+21,8.82154E+15,5.10309E+16
16769,16770,6,4,12,0,2016,7,17,4,3,1,5,0,0,1,1,0,0,0,0,4.76554E+20,5.55361E+21,8.67193E+15,5.01343E+16
16770,16771,6,5,31,5,2016,8,5,4,3,5,3,2,1,0,1,0,0,0,0,4.75511E+20,5.6017E+21,8.65421E+15,5.05667E+16
16771,16772,6,4,12,0,2016,7,15,3,3,2,6,0,0,0,1,0,0,0,0,4.77381E+20,5.55449E+21,8.68345E+15,5.01422E+16
16772,16773,6,4,38,1,2016,8,21,7,3,5,3,2,0,1,1,0,0,0,0,4.84464E+20,5.54117E+21,8.78312E+15,5.00226E+16
16773,16774,6,4,32,10,2016,8,22,4,3,8,1,2,0,0,1,0,0,0,0,4.97196E+20,5.51929E+21,8.96102E+15,4.98261E+16
16774,16775,6,4,33,14,2016,7,20,5,3,5,3,0,1,0,1,0,0,0,0,4.57006E+20,5.53263E+21,8.40077E+15,4.99445E+16
16775,16776,6,4,38,8,2016,8,3,7,3,5,2,2,0,0,1,0,0,1,0,4.87654E+20,5.55234E+21,8.82729E+15,5.01232E+16
16776,16777,6,4,35,14,2016,7,18,4,2,0,3,0,0,1,1,0,0,0,0,4.92616E+20,5.55293E+21,8.8967E+15,5.01285E+16
16777,16778,6,4,40,16,2016,8,20,4,3,8,1,0,1,0,1,0,0,0,0,5.07409E+20,5.58517E+21,9.10429E+15,5.04185E+16
16778,16779,6,4,37,5,2016,7,4,1,2,0,6,2,0,0,1,0,0,0,0,4.95375E+20,5.50919E+21,8.93582E+15,4.97352E+16
16779,16780,6,6,33,20,2016,7,13,7,3,2,6,0,0,0,1,0,0,0,0,5.38906E+20,5.68428E+21,9.55816E+15,5.13085E+16
16780,16781,6,5,35,7,2016,7,17,1,2,8,1,0,0,0,0,0,1,0,0,5.19357E+20,5.59054E+21,9.27275E+15,5.04665E+16
16781,16782,6,6,31,10,2016,8,12,6,3,5,2,0,0,0,1,0,1,0,0,5.67852E+20,5.59347E+21,9.95652E+15,5.04893E+16
16782,16783,6,4,38,9,2016,8,19,5,3,0,7,0,1,0,1,0,1,0,0,4.78182E+20,5.54429E+21,8.69525E+15,5.00505E+16
16783,16784,6,6,34,22,2016,7,17,4,2,8,1,0,0,0,1,0,0,0,0,5.20382E+20,5.64063E+21,9.28995E+15,5.0917E+16
16784,16785,6,5,31,18,2016,8,18,4,2,3,3,0,0,0,1,0,0,0,0,4.75421E+20,5.60614E+21,8.65265E+15,5.06067E+16
16785,16786,6,4,12,0,2016,8,18,4,3,5,2,0,0,0,1,0,0,0,0,4.71122E+20,5.55417E+21,8.59588E+15,5.0139E+16
16786,16787,6,4,39,16,2016,8,19,3,2,7,1,1,1,0,1,0,0,0,0,4.54744E+20,5.56574E+21,8.36533E+15,5.02421E+16
16787,16788,6,4,32,11,2016,8,15,3,3,2,7,0,1,0,1,0,0,0,0,4.88861E+20,5.52501E+21,8.84497E+15,4.98774E+16
16788,16789,6,4,12,0,2016,7,11,3,3,2,6,0,0,0,1,0,0,0,0,4.78811E+20,5.55458E+21,8.70345E+15,5.0143E+16
16789,16790,6,5,34,6,2016,8,8,4,3,8,1,0,1,0,1,0,0,0,0,4.85377E+20,5.63377E+21,8.79224E+15,5.08554E+16
16790,16791,6,5,31,10,2016,7,15,1,3,8,1,0,0,0,0,0,1,0,0,5.00381E+20,5.59844E+21,9.00537E+15,5.05379E+16
16791,16792,6,4,12,0,2016,8,15,7,3,2,6,0,0,0,1,0,1,0,0,4.81621E+20,5.55524E+21,8.74275E+15,5.01491E+16
16792,16793,6,6,11,0,2016,8,8,2,3,2,6,0,0,0,1,0,0,0,0,5.32238E+20,5.68617E+21,9.46268E+15,5.13259E+16
16793,16794,6,4,38,13,2016,7,17,7,3,2,2,0,0,0,1,0,1,0,0,4.97827E+20,5.54361E+21,8.96965E+15,5.00448E+16
16794,16795,6,4,36,4,2016,7,11,7,3,2,6,0,0,0,0,0,0,0,1,4.58542E+20,5.54326E+21,8.42104E+15,5.00402E+16
16795,16796,6,6,33,200,2016,7,16,6,3,0,7,0,0,0,0,0,1,0,0,5.36095E+20,5.7158E+21,9.52106E+15,5.15921E+16
16796,16797,6,5,32,14,2016,7,16,6,2,8,1,0,1,0,1,0,0,0,0,4.64259E+20,5.59546E+21,8.49594E+15,5.051E+16
16797,16798,6,4,35,16,2016,7,17,1,1,4,1,0,0,0,0,0,1,0,0,5.28709E+20,5.55461E+21,9.40179E+15,5.0143E+16
16798,16799,6,4,12,0,2016,7,12,7,3,2,6,0,0,0,1,0,0,0,0,4.7337E+20,5.54998E+21,8.62763E+15,5.01015E+16
16799,16800,6,4,33,14,2016,7,12,7,3,5,3,0,0,0,1,0,0,0,0,4.5679E+20,5.5267E+21,8.39843E+15,4.98912E+16
16800,16801,6,4,36,1,2016,7,11,6,3,6,3,0,0,0,1,1,0,0,0,4.64464E+20,5.55465E+21,8.50267E+15,5.0143E+16
16801,16802,6,6,31,17,2016,7,7,6,2,2,2,0,0,0,1,0,1,0,0,5.49927E+20,5.59877E+21,9.70455E+15,5.05387E+16
16802,16803,6,5,32,21,2016,8,22,6,3,7,7,2,0,0,0,0,1,0,0,4.59356E+20,5.59851E+21,8.42646E+15,5.05371E+16
16803,16804,6,5,34,18,2016,7,16,5,3,2,6,0,0,0,1,0,0,1,0,4.99732E+20,5.63066E+21,8.99619E+15,5.08276E+16
16804,16805,6,4,38,12,2016,8,6,5,3,5,2,0,0,0,1,0,0,0,0,4.87535E+20,5.53504E+21,8.82619E+15,4.99675E+16
16805,16806,6,4,11,0,2016,7,19,4,3,5,3,0,0,1,1,0,0,0,0,4.72917E+20,5.51809E+21,8.62355E+15,4.98146E+16
16806,16807,6,6,11,0,2016,8,17,3,3,2,6,0,0,0,0,0,1,1,0,5.34873E+20,5.68614E+21,9.5005E+15,5.13255E+16
16807,16808,6,6,34,14,2016,8,17,4,3,5,2,0,1,0,1,0,0,0,1,5.38669E+20,5.66245E+21,9.55242E+15,5.11123E+16
16808,16809,6,4,38,13,2016,8,11,3,3,0,7,0,1,0,0,0,1,0,0,4.96618E+20,5.54395E+21,8.95276E+15,5.00478E+16
16809,16810,6,4,31,7,2016,8,7,3,3,9,1,0,1,0,1,0,0,0,0,4.90074E+20,5.49989E+21,8.86249E+15,4.96515E+16
16810,16811,6,4,12,0,2016,7,22,3,2,5,3,2,0,1,1,0,0,0,0,4.73328E+20,5.54997E+21,8.62704E+15,5.01014E+16
16811,16812,6,4,33,6,2016,7,6,1,1,8,1,1,0,0,1,0,0,0,0,4.62761E+20,5.53174E+21,8.48107E+15,4.99368E+16
16812,16813,6,6,34,9,2016,8,10,6,3,8,1,0,0,0,1,0,0,0,0,5.2645E+20,5.64994E+21,9.37695E+15,5.10004E+16
16813,16814,6,5,33,3,2016,8,0,2,3,5,3,2,0,0,1,0,0,0,0,4.48192E+20,5.57142E+21,8.27267E+15,5.02926E+16
16814,16815,6,4,38,9,2016,8,18,2,3,0,5,0,0,0,1,0,0,0,0,4.78249E+20,5.54402E+21,8.69619E+15,5.0048E+16
16815,16816,6,6,34,16,2016,7,7,6,3,9,6,0,1,0,1,0,0,0,0,5.1421E+20,5.64767E+21,9.20242E+15,5.09805E+16
16816,16817,6,4,38,3,2016,7,11,6,2,5,3,0,0,0,1,0,0,0,0,4.76429E+20,5.53454E+21,8.67136E+15,4.99627E+16
16817,16818,6,4,36,9,2016,7,21,6,3,3,6,2,0,0,1,0,0,0,0,4.63111E+20,5.54764E+21,8.48442E+15,5.00799E+16
16818,16819,6,6,32,2,2016,7,18,4,3,3,6,0,0,0,0,0,0,1,0,5.52567E+20,5.63399E+21,9.74682E+15,5.08552E+16
16819,16820,6,6,35,3,2016,7,18,5,3,8,6,1,1,0,1,0,1,0,0,5.03288E+20,5.6622E+21,9.04697E+15,5.11112E+16
16820,16821,6,4,33,12,2016,7,1,5,3,8,1,2,0,0,1,0,0,0,0,4.63651E+20,5.5366E+21,8.49301E+15,4.99806E+16
16821,16822,6,6,32,11,2016,8,14,5,3,8,1,0,0,0,1,0,0,0,0,5.43247E+20,5.63234E+21,9.61423E+15,5.08411E+16
16822,16823,6,4,14,0,2016,8,20,7,3,9,1,0,0,0,1,0,0,0,0,4.47104E+20,5.54663E+21,8.26084E+15,5.00696E+16
16823,16824,6,4,34,11,2016,8,13,4,2,5,3,0,1,0,1,0,0,0,0,4.65234E+20,5.57822E+21,8.51129E+15,5.0355E+16
16824,16825,6,5,32,9,2016,8,21,3,2,5,2,2,1,0,1,0,0,0,0,4.5336E+20,5.62851E+21,8.33807E+15,5.08065E+16
16825,16826,6,5,34,14,2016,7,23,3,3,2,7,2,0,0,1,0,1,0,0,4.8395E+20,5.62959E+21,8.77216E+15,5.08178E+16
16826,16827,6,4,12,0,2016,7,18,4,3,2,6,0,0,0,1,0,0,1,1,4.71451E+20,5.54459E+21,8.60121E+15,5.00529E+16
16827,16828,6,6,32,11,2016,8,18,6,3,3,1,0,0,0,1,0,0,0,0,5.43836E+20,5.63251E+21,9.62261E+15,5.08426E+16
16828,16829,6,4,14,0,2016,7,11,5,3,4,2,0,0,0,1,0,0,0,0,4.48245E+20,5.54835E+21,8.27656E+15,5.00851E+16
16829,16830,6,6,11,0,2016,7,9,5,2,2,6,0,0,0,1,0,0,0,0,5.31918E+20,5.67992E+21,9.45753E+15,5.12697E+16
16830,16831,6,5,34,6,2016,8,8,5,3,9,1,0,1,0,1,0,0,0,0,4.88163E+20,5.63401E+21,8.83182E+15,5.08577E+16
16831,16832,6,6,35,2,2016,8,13,3,2,8,1,0,0,0,1,0,0,0,0,4.99638E+20,5.69287E+21,8.9948E+15,5.13871E+16
16832,16833,6,5,31,2,2016,8,15,7,2,4,1,0,0,0,1,0,1,0,0,4.7043E+20,5.61204E+21,8.58165E+15,5.06594E+16
16833,16834,6,4,39,8,2016,8,13,4,2,4,6,0,1,0,1,0,0,0,0,4.48834E+20,5.56963E+21,8.28193E+15,5.02766E+16
16834,16835,6,4,35,2,2016,8,18,3,2,8,1,0,1,0,1,0,0,0,0,5.25891E+20,5.572E+21,9.36354E+15,5.02995E+16
16835,16836,6,6,31,9,2016,7,17,3,3,2,6,0,1,0,1,0,0,0,0,5.48029E+20,5.59944E+21,9.67786E+15,5.05449E+16
16836,16837,6,4,35,14,2016,8,7,3,3,2,6,0,0,0,1,0,0,0,1,4.94589E+20,5.55229E+21,8.92431E+15,5.01228E+16
16837,16838,6,4,11,0,2016,7,19,3,3,5,3,0,0,0,1,0,0,0,0,4.74362E+20,5.5249E+21,8.64318E+15,4.9876E+16
16838,16839,6,4,33,5,2016,8,20,2,3,0,1,0,0,0,0,0,1,0,0,4.52867E+20,5.53594E+21,8.34269E+15,4.9974E+16
16839,16840,6,4,39,16,2016,8,8,6,2,0,7,0,1,0,0,0,1,0,0,4.54899E+20,5.57016E+21,8.36698E+15,5.02818E+16
16840,16841,6,4,14,0,2016,8,10,2,3,1,7,0,0,0,1,0,0,1,0,4.50195E+20,5.54477E+21,8.30428E+15,5.00531E+16
16841,16842,6,4,12,0,2016,8,11,5,3,2,6,0,1,0,1,0,0,0,0,4.782E+20,5.55335E+21,8.69498E+15,5.0132E+16
16842,16843,6,4,34,1,2016,8,19,2,3,0,6,0,0,0,1,0,1,0,0,4.71947E+20,5.56272E+21,8.6068E+15,5.0216E+16
16843,16844,6,5,33,8,2016,7,18,6,3,8,1,0,0,0,0,0,1,0,0,4.40644E+20,5.5747E+21,8.16621E+15,5.03214E+16
16844,16845,6,5,35,8,2016,7,6,5,3,9,1,0,0,0,1,0,0,0,0,5.28836E+20,5.59878E+21,9.40695E+15,5.05403E+16
16845,16846,6,5,33,9,2016,7,11,4,3,8,1,0,0,0,0,0,0,0,1,4.34314E+20,5.58309E+21,8.07584E+15,5.03962E+16
16846,16847,6,4,40,16,2016,7,20,5,2,5,3,2,1,0,1,0,1,0,0,5.00578E+20,5.58454E+21,9.00814E+15,5.04129E+16
16847,16848,6,5,33,9,2016,7,9,4,3,2,6,0,0,0,1,0,0,0,1,4.32285E+20,5.58359E+21,8.0472E+15,5.04005E+16
16848,16849,6,6,34,22,2016,8,19,7,3,5,3,0,0,0,1,0,0,0,0,5.13318E+20,5.63984E+21,9.18942E+15,5.09101E+16
16849,16850,6,5,31,10,2016,7,20,4,2,8,1,0,1,0,0,0,1,0,0,5.00369E+20,5.59842E+21,9.00521E+15,5.05377E+16
16850,16851,6,5,33,12,2016,8,10,4,3,8,1,0,1,0,1,0,0,0,0,4.44631E+20,5.59432E+21,8.21931E+15,5.04982E+16
16851,16852,6,5,35,16,2016,7,20,7,2,8,1,0,0,0,0,0,1,0,0,5.11271E+20,5.59846E+21,9.15905E+15,5.0538E+16
16852,16853,6,5,33,9,2016,8,11,3,2,2,6,0,1,0,0,0,0,1,0,4.36551E+20,5.58035E+21,8.10777E+15,5.03718E+16
16853,16854,6,4,33,7,2016,8,2,2,3,7,7,2,0,0,1,0,0,0,1,4.6691E+20,5.54364E+21,8.53786E+15,5.00441E+16
16854,16855,6,4,34,1,2016,8,8,6,3,2,6,0,0,0,1,0,0,0,0,4.74725E+20,5.56214E+21,8.64577E+15,5.02109E+16
16855,16856,6,4,11,0,2016,8,15,2,3,2,6,0,0,0,1,0,0,0,1,4.75578E+20,5.53117E+21,8.6597E+15,4.99324E+16
16856,16857,6,6,34,5,2016,8,15,5,3,4,6,0,0,0,1,0,0,0,0,5.19106E+20,5.66237E+21,9.27295E+15,5.11125E+16
16857,16858,6,6,11,0,2016,7,12,4,3,2,6,0,0,0,1,0,1,0,0,5.35774E+20,5.68592E+21,9.5134E+15,5.13235E+16
16858,16859,6,5,34,5,2016,8,16,2,3,2,6,0,0,0,1,0,0,0,0,4.61687E+20,5.63693E+21,8.45537E+15,5.08827E+16
16859,16860,6,6,31,9,2016,8,14,4,3,6,4,0,1,0,0,1,1,0,0,5.47903E+20,5.5993E+21,9.67607E+15,5.05437E+16
16860,16861,6,4,35,10,2016,8,16,7,3,8,1,0,0,0,0,0,1,0,0,5.1017E+20,5.56028E+21,9.14249E+15,5.01946E+16
16861,16862,6,5,32,6,2016,8,18,4,2,2,6,0,1,1,0,0,0,0,1,4.49504E+20,5.62109E+21,8.28437E+15,5.07394E+16
16862,16863,6,6,33,28,2016,7,10,1,2,8,1,0,0,1,0,0,0,0,0,5.11596E+20,5.68704E+21,9.16645E+15,5.13346E+16
16863,16864,6,6,11,0,2016,7,13,7,2,3,6,0,0,1,0,0,0,0,0,5.38563E+20,5.68672E+21,9.55351E+15,5.13305E+16
16864,16865,6,6,11,0,2016,7,15,6,3,5,3,0,0,0,1,0,0,0,0,5.35841E+20,5.68565E+21,9.51434E+15,5.1321E+16
16865,16866,6,4,36,12,2016,7,19,1,3,1,6,0,0,0,1,0,0,0,0,4.65773E+20,5.55277E+21,8.52116E+15,5.01262E+16
16866,16867,6,6,31,9,2016,8,23,6,3,2,6,2,0,0,1,0,0,0,0,5.48595E+20,5.60101E+21,9.68606E+15,5.0559E+16
16867,16868,6,5,33,15,2016,8,17,5,3,4,1,0,1,0,1,0,0,1,0,4.47569E+20,5.58342E+21,8.26225E+15,5.04004E+16
16868,16869,6,4,34,8,2016,7,9,4,3,2,6,0,0,0,1,0,0,0,0,4.69371E+20,5.56215E+21,8.57074E+15,5.02107E+16
16869,16870,6,4,35,21,2016,8,16,3,3,5,3,0,1,0,1,0,0,0,0,4.90132E+20,5.5636E+21,8.86166E+15,5.02245E+16
16870,16871,6,4,11,0,2016,8,9,4,3,0,7,0,1,0,0,0,1,0,0,4.74558E+20,5.52408E+21,8.64596E+15,4.98686E+16
16871,16872,6,4,39,2,2016,8,16,3,2,9,1,0,1,0,1,0,0,0,0,4.34661E+20,5.55521E+21,8.08553E+15,5.01455E+16
16872,16873,6,5,31,5,2016,8,11,2,3,2,6,0,0,0,1,0,0,0,0,4.70736E+20,5.59782E+21,8.5871E+15,5.05316E+16
16873,16874,6,4,40,8,2016,8,1,6,3,8,1,2,1,0,1,0,0,0,0,4.82406E+20,5.57756E+21,8.7527E+15,5.03498E+16
16874,16875,6,4,39,2,2016,8,20,5,2,0,7,2,1,0,1,0,1,0,0,4.34051E+20,5.5552E+21,8.07699E+15,5.01454E+16
16875,16876,6,4,12,0,2016,7,16,4,3,2,6,0,0,0,1,0,0,0,0,4.79E+20,5.55489E+21,8.70608E+15,5.01458E+16
16876,16877,6,6,31,6,2016,8,11,4,3,9,1,0,1,0,0,0,0,0,1,5.50812E+20,5.5931E+21,9.71627E+15,5.04876E+16
16877,16878,6,4,37,14,2016,7,17,3,2,9,1,0,0,0,0,0,1,0,0,4.94319E+20,5.48165E+21,8.92157E+15,4.94874E+16
16878,16879,6,4,31,3,2016,8,21,7,3,5,3,1,0,0,1,0,0,0,0,4.60542E+20,5.50313E+21,8.45306E+15,4.96794E+16
16879,16880,6,4,31,21,2016,8,7,4,3,9,1,0,1,0,1,0,0,0,0,4.86535E+20,5.49051E+21,8.81378E+15,4.95671E+16
16880,16881,6,6,31,9,2016,7,13,1,3,5,3,0,0,0,1,0,1,0,0,5.47802E+20,5.59961E+21,9.67468E+15,5.05465E+16
16881,16882,6,6,35,9,2016,7,16,7,2,8,7,0,0,0,0,0,1,0,0,5.06394E+20,5.66996E+21,9.09148E+15,5.1181E+16
16882,16883,6,6,31,8,2016,7,10,7,3,5,2,0,0,0,1,0,1,0,0,5.4044E+20,5.58586E+21,9.56929E+15,5.04234E+16
16883,16884,6,4,12,0,2016,7,12,6,3,2,6,0,0,0,1,0,0,0,0,4.77411E+20,5.55333E+21,8.68394E+15,5.01318E+16
16884,16885,6,4,35,14,2016,7,17,6,3,5,2,0,0,1,1,0,0,0,0,4.93603E+20,5.55334E+21,8.91049E+15,5.01323E+16
16885,16886,6,4,14,0,2016,7,16,4,3,2,6,0,0,0,1,0,0,0,0,4.44911E+20,5.54468E+21,8.23049E+15,5.00519E+16
16886,16887,6,4,38,6,2016,8,22,6,3,9,1,2,1,0,0,0,1,0,0,4.77693E+20,5.53817E+21,8.68878E+15,4.99954E+16
16887,16888,6,6,11,0,2016,7,13,5,3,5,3,0,0,1,1,0,0,0,0,5.3685E+20,5.68389E+21,9.52863E+15,5.13051E+16
16888,16889,6,6,31,6,2016,7,14,5,3,3,6,0,0,0,1,0,0,0,0,5.51281E+20,5.59379E+21,9.72298E+15,5.04939E+16
16889,16890,6,4,11,0,2016,8,15,5,3,0,5,0,1,1,0,0,0,0,1,4.73326E+20,5.51817E+21,8.62923E+15,4.98154E+16
16890,16891,6,4,31,13,2016,7,14,4,3,8,1,0,0,0,1,0,0,0,0,4.57841E+20,5.49725E+21,8.41625E+15,4.96263E+16
16891,16892,6,4,12,0,2016,8,18,3,3,9,1,0,1,0,1,0,0,0,0,4.75435E+20,5.54782E+21,8.65665E+15,5.00821E+16
16892,16893,6,5,33,2,2016,8,20,1,3,2,6,0,0,0,1,0,0,0,0,4.39416E+20,5.57876E+21,8.14831E+15,5.03578E+16
16893,16894,6,6,34,27,2016,8,10,4,3,5,3,0,0,1,0,0,0,0,1,5.12748E+20,5.65571E+21,9.18188E+15,5.10528E+16
16894,16895,6,4,31,7,2016,8,14,3,3,2,6,0,1,0,1,0,0,0,0,4.83834E+20,5.49952E+21,8.77606E+15,4.9648E+16
16895,16896,6,4,12,0,2016,7,16,3,3,3,6,0,0,0,1,0,0,0,0,4.81775E+20,5.55406E+21,8.74497E+15,5.01385E+16
16896,16897,6,5,35,9,2016,8,14,3,3,8,1,0,1,0,1,0,0,0,0,4.97089E+20,5.62116E+21,8.95875E+15,5.07422E+16
16897,16898,6,6,36,6,2016,7,14,3,3,5,3,0,0,1,1,0,0,0,0,5.45518E+20,5.67219E+21,9.65149E+15,5.11993E+16
16898,16899,6,4,11,0,2016,8,12,6,3,5,3,0,0,1,1,0,0,0,0,4.74066E+20,5.52438E+21,8.6391E+15,4.98713E+16
16899,16900,6,6,11,0,2016,8,18,2,3,2,6,0,0,0,1,0,0,0,0,5.34813E+20,5.68482E+21,9.4995E+15,5.13136E+16
16900,16901,6,4,32,16,2016,8,16,3,3,4,6,0,1,0,1,0,0,0,0,4.79556E+20,5.51945E+21,8.71575E+15,4.98271E+16
16901,16902,6,6,35,9,2016,7,16,3,3,0,1,0,0,1,0,0,0,0,0,5.03506E+20,5.6724E+21,9.05019E+15,5.1203E+16
16902,16903,6,6,31,14,2016,8,7,4,2,9,1,0,1,0,0,0,0,0,1,5.34498E+20,5.59773E+21,9.48674E+15,5.05305E+16
16903,16904,6,4,13,0,2016,7,16,1,3,2,6,0,0,0,1,0,0,0,0,4.83865E+20,5.54615E+21,8.77455E+15,5.00674E+16
16904,16905,6,4,40,18,2016,8,1,7,2,2,6,2,0,0,1,0,0,0,0,4.78198E+20,5.57808E+21,8.69353E+15,5.03544E+16
16905,16906,6,6,35,21,2016,8,18,2,3,9,1,0,0,0,1,0,0,0,0,5.02741E+20,5.67949E+21,9.03929E+15,5.12668E+16
16906,16907,6,6,34,5,2016,8,16,2,3,2,6,0,0,0,1,0,1,0,0,5.19612E+20,5.6637E+21,9.28025E+15,5.11244E+16
16907,16908,6,4,13,0,2016,7,19,7,1,8,1,0,0,0,1,0,0,0,0,4.81212E+20,5.54822E+21,8.73738E+15,5.00859E+16
16908,16909,6,6,33,3,2016,7,16,6,3,1,5,0,0,0,1,0,1,0,0,5.28814E+20,5.67866E+21,9.41293E+15,5.12586E+16
16909,16910,6,6,31,8,2016,7,7,6,3,8,1,0,0,0,0,0,0,0,1,5.37999E+20,5.58218E+21,9.53456E+15,5.03905E+16
16910,16911,6,4,32,23,2016,7,8,4,3,0,6,0,0,0,1,0,0,0,0,4.71826E+20,5.52845E+21,8.60763E+15,4.99077E+16
16911,16912,6,4,12,0,2016,7,10,5,3,3,6,0,0,1,1,0,0,0,0,4.76095E+20,5.55029E+21,8.66571E+15,5.01044E+16
16912,16913,6,5,33,17,2016,7,19,5,2,0,1,0,0,1,0,0,0,0,0,4.4625E+20,5.59189E+21,8.24249E+15,5.04765E+16
16913,16914,6,6,34,3,2016,8,18,5,3,9,1,0,1,0,1,0,0,0,0,5.33292E+20,5.66616E+21,9.47594E+15,5.11459E+16