FID,OBJECTID,ULAND,UREGBEZ,UKREIS,UGEMEINDE,UJAHR,UMONAT,USTUNDE,UWOCHENTAG,UKATEGORIE,UART,UTYP1,ULICHTVERH,IstStrasse,IstRad,IstPKW,IstFuss,IstKrad,IstGkfz,IstSonstig,LINREFX,LINREFY,XGCSWGS84,YGCSWGS84
16914,16915,6,5,33,5,2016,8,13,7,3,4,6,0,0,0,1,0,1,0,0,4.3271E+20,5.5947E+21,8.05119E+15,5.05004E+16
16915,16916,6,4,39,13,2016,8,19,4,2,0,7,0,0,0,0,0,1,0,1,4.23762E+20,5.53708E+21,7.93662E+15,4.99812E+16
16916,16917,6,4,35,9,2016,8,22,3,3,9,1,2,1,0,1,0,0,0,0,5.09266E+20,5.55521E+21,9.12969E+15,5.0149E+16
16917,16918,6,5,31,1,2016,7,23,3,3,2,6,2,1,1,1,0,0,0,0,4.88077E+20,5.61489E+21,8.83122E+15,5.06857E+16
16918,16919,6,5,31,12,2016,8,18,3,3,2,6,0,0,0,1,0,0,0,0,4.75173E+20,5.59845E+21,8.64965E+15,5.05375E+16
16919,16920,6,5,34,14,2016,8,6,2,2,5,3,0,0,0,1,0,1,0,0,4.80671E+20,5.62995E+21,8.72559E+15,5.08209E+16
16920,16921,6,4,34,7,2016,8,17,6,2,2,6,0,0,0,0,0,1,0,0,4.66238E+20,5.57019E+21,8.52611E+15,5.02829E+16
16921,16922,6,4,13,0,2016,8,10,2,3,2,6,0,0,0,1,0,1,0,0,4.86205E+20,5.5513E+21,8.80706E+15,5.01138E+16
16922,16923,6,6,33,15,2016,8,17,5,3,2,6,0,0,0,1,0,0,0,0,5.432E+20,5.68167E+21,9.61945E+15,5.12848E+16
16923,16924,6,4,31,17,2016,8,10,2,2,0,1,0,0,1,0,0,0,0,0,4.78739E+20,5.49632E+21,8.70566E+15,4.9619E+16
16924,16925,6,4,32,16,2016,7,7,5,3,2,6,0,0,0,1,0,0,0,0,4.80449E+20,5.5195E+21,8.72817E+15,4.98276E+16
16925,16926,6,4,40,23,2016,8,13,6,3,2,6,0,0,0,1,0,0,1,0,4.76884E+20,5.57215E+21,8.67543E+15,5.0301E+16
16926,16927,6,4,38,9,2016,8,10,2,3,2,6,0,0,0,1,0,0,0,0,4.81413E+20,5.54545E+21,8.74032E+15,5.00611E+16
16927,16928,6,5,35,12,2016,7,18,6,2,9,1,0,1,0,0,0,0,0,1,5.22167E+20,5.60687E+21,9.31331E+15,5.06133E+16
16928,16929,6,4,32,10,2016,7,4,6,3,8,1,2,1,0,1,0,0,0,0,4.9062E+20,5.52781E+21,8.86939E+15,4.99026E+16
16929,16930,6,4,33,2,2016,7,21,6,3,2,6,2,0,0,1,0,0,0,0,4.52861E+20,5.53833E+21,8.34231E+15,4.99955E+16
16930,16931,6,5,32,8,2016,7,23,4,3,8,7,2,0,0,0,0,0,1,0,4.54388E+20,5.6082E+21,8.35517E+15,5.06239E+16
16931,16932,6,6,35,4,2016,7,19,5,3,0,1,0,1,0,0,0,1,0,0,4.76731E+20,5.65209E+21,8.66825E+15,5.10199E+16
16932,16933,6,6,35,15,2016,7,16,4,2,5,3,0,0,0,1,0,0,0,0,4.91569E+20,5.68193E+21,8.8791E+15,5.12886E+16
16933,16934,6,6,36,3,2016,8,20,4,3,8,1,0,1,0,1,0,0,0,0,5.69141E+20,5.6761E+21,9.99031E+15,5.12321E+16
16934,16935,6,4,12,0,2016,8,19,7,3,1,5,0,0,1,1,0,0,0,0,4.78183E+20,5.55082E+21,8.69489E+15,5.01093E+16
16935,16936,6,4,34,3,2016,8,9,4,3,7,7,0,1,0,1,0,0,0,0,4.5947E+20,5.56276E+21,8.43191E+15,5.02157E+16
16936,16937,6,6,36,3,2016,7,10,7,3,9,1,0,1,0,1,0,0,0,0,5.80154E+20,5.6716E+21,1.0147E+16,5.11902E+16
16937,16938,6,4,12,0,2016,8,17,2,3,2,6,0,0,0,1,0,0,0,0,4.79808E+20,5.54582E+21,8.71787E+15,5.00643E+16
16938,16939,6,4,35,18,2016,8,18,6,2,8,1,0,0,0,0,0,1,0,0,5.16745E+20,5.55818E+21,9.2345E+15,5.01756E+16
16939,16940,6,6,34,24,2016,8,13,2,3,5,3,0,0,1,1,0,0,0,0,5.45597E+20,5.66284E+21,9.65143E+15,5.11152E+16
16940,16941,6,6,34,5,2016,8,9,5,2,9,1,0,1,0,1,0,0,0,0,5.16034E+20,5.66366E+21,9.22912E+15,5.11241E+16
16941,16942,6,4,12,0,2016,7,19,4,3,5,3,0,0,1,1,0,0,0,0,4.74813E+20,5.55135E+21,8.64773E+15,5.01139E+16
16942,16943,6,5,31,6,2016,8,14,4,3,8,1,0,1,0,1,0,0,0,0,5.00575E+20,5.60393E+21,9.00813E+15,5.05872E+16
16943,16944,6,6,34,3,2016,7,22,3,3,8,1,2,1,0,1,0,0,0,0,5.2899E+20,5.66508E+21,9.41436E+15,5.11365E+16
16944,16945,6,5,32,9,2016,8,16,7,2,9,1,0,0,0,1,0,0,0,0,4.56655E+20,5.62719E+21,8.385E+15,5.07948E+16
16945,16946,6,4,32,2,2016,8,20,4,3,2,6,0,0,0,1,0,0,0,0,4.96286E+20,5.53537E+21,8.9482E+15,4.99707E+16
16946,16947,6,4,35,25,2016,7,17,1,3,5,3,0,0,0,1,0,0,0,0,5.37606E+20,5.58136E+21,9.52895E+15,5.03831E+16
16947,16948,6,4,38,2,2016,8,10,7,3,2,6,0,0,0,1,0,0,0,0,4.75737E+20,5.54106E+21,8.6613E+15,5.00213E+16
16948,16949,6,4,40,4,2016,8,10,4,2,4,6,0,1,0,1,0,0,0,0,5.04226E+20,5.57083E+21,9.05932E+15,5.02896E+16
16949,16950,6,4,12,0,2016,7,4,1,3,2,6,2,0,0,1,0,0,0,0,4.7604E+20,5.55013E+21,8.66495E+15,5.01029E+16
16950,16951,6,5,33,9,2016,7,19,7,2,9,1,0,0,0,1,0,0,0,0,4.31668E+20,5.5829E+21,8.03865E+15,5.03942E+16
16951,16952,6,6,36,13,2016,7,11,1,3,4,6,0,0,0,1,0,0,0,0,5.78498E+20,5.67024E+21,1.0123E+16,5.11782E+16
16952,16953,6,5,34,14,2016,8,4,6,3,0,1,2,1,0,1,0,0,0,0,4.7829E+20,5.63211E+21,8.69167E+15,5.08403E+16
16953,16954,6,4,39,6,2016,8,1,5,2,9,1,2,1,0,1,0,0,0,0,4.39192E+20,5.56027E+21,8.14813E+15,5.01915E+16
16954,16955,6,4,37,6,2016,7,12,4,3,4,6,0,0,0,1,0,0,0,0,4.99683E+20,5.49933E+21,8.99561E+15,4.96465E+16
16955,16956,6,4,33,12,2016,8,6,4,3,9,1,0,1,0,1,0,0,0,0,4.61855E+20,5.5376E+21,8.46786E+15,4.99895E+16
16956,16957,6,6,11,0,2016,8,14,4,3,5,2,0,1,0,1,0,0,0,0,5.34563E+20,5.68543E+21,9.49598E+15,5.13191E+16
16957,16958,6,4,39,16,2016,8,16,3,2,4,1,0,1,0,1,0,1,0,0,4.55156E+20,5.57038E+21,8.37056E+15,5.02839E+16
16958,16959,6,4,32,10,2016,8,17,3,3,5,3,0,1,0,1,0,0,0,0,4.92848E+20,5.52531E+21,8.90045E+15,4.98801E+16
16959,16960,6,6,34,2,2016,7,15,3,3,5,3,0,0,0,1,0,1,0,0,5.28932E+20,5.67388E+21,9.41424E+15,5.12156E+16
16960,16961,6,5,34,14,2016,8,16,4,3,9,1,0,1,0,0,0,1,0,0,4.80334E+20,5.62728E+21,8.72096E+15,5.0797E+16
16961,16962,6,5,32,1,2016,7,13,1,3,5,3,0,0,0,1,0,0,0,1,4.61227E+20,5.61216E+21,8.45144E+15,5.066E+16
16962,16963,6,6,31,9,2016,8,17,7,3,8,1,0,0,1,0,0,0,0,0,5.49257E+20,5.6022E+21,9.69555E+15,5.05696E+16
16963,16964,6,6,33,16,2016,8,7,2,3,5,2,0,0,0,1,0,0,0,0,5.22844E+20,5.70503E+21,9.32907E+15,5.1496E+16
16964,16965,6,6,35,17,2016,7,11,7,2,0,1,0,0,0,0,0,1,0,0,4.92898E+20,5.64874E+21,8.89881E+15,5.09902E+16
16965,16966,6,5,32,18,2016,7,11,7,3,5,3,0,0,0,1,0,0,0,0,4.62766E+20,5.59344E+21,8.47508E+15,5.04917E+16
16966,16967,6,6,33,15,2016,7,10,6,3,0,6,0,0,0,1,0,0,0,0,5.44066E+20,5.68053E+21,9.63172E+15,5.12744E+16
16967,16968,6,5,32,23,2016,7,17,6,3,3,6,0,1,0,1,0,1,0,0,4.64696E+20,5.60111E+21,8.50157E+15,5.05608E+16
16968,16969,6,5,31,6,2016,7,10,4,2,9,1,0,0,0,1,0,0,0,0,4.9464E+20,5.60896E+21,8.92421E+15,5.06325E+16
16969,16970,6,4,35,23,2016,8,8,6,2,9,1,0,0,0,1,0,0,0,0,5.01163E+20,5.55625E+21,9.01628E+15,5.01585E+16
16970,16971,6,4,14,0,2016,7,17,5,2,6,2,0,0,0,1,1,0,0,0,4.49857E+20,5.53972E+21,8.30022E+15,5.00077E+16
16971,16972,6,6,33,8,2016,7,14,5,3,2,6,0,0,0,0,0,0,1,0,5.33477E+20,5.6748E+21,9.47939E+15,5.12236E+16
16972,16973,6,5,34,17,2016,8,11,5,3,8,7,0,1,0,1,0,0,0,0,4.88109E+20,5.63869E+21,8.83091E+15,5.08997E+16
16973,16974,6,4,31,2,2016,7,12,4,2,5,3,0,0,0,1,0,1,0,0,4.71013E+20,5.50226E+21,8.59825E+15,4.96721E+16
16974,16975,6,4,37,2,2016,8,13,3,3,4,6,0,1,0,1,0,0,0,0,4.99264E+20,5.4941E+21,8.98981E+15,4.95994E+16
16975,16976,6,5,31,5,2016,8,17,7,3,5,3,0,0,1,1,0,0,0,0,4.79979E+20,5.60442E+21,8.71715E+15,5.05914E+16
16976,16977,6,4,12,0,2016,7,22,7,3,5,3,2,0,0,1,0,0,0,0,4.76143E+20,5.55514E+21,8.66609E+15,5.0148E+16
16977,16978,6,4,31,20,2016,7,10,7,3,5,3,0,0,0,1,0,0,0,0,4.70714E+20,5.4879E+21,8.59518E+15,4.9543E+16
16978,16979,6,4,14,0,2016,7,15,6,3,5,2,0,0,0,1,0,0,0,0,4.44895E+20,5.54752E+21,8.22986E+15,5.00774E+16
16979,16980,6,6,31,9,2016,7,9,6,3,2,6,0,0,0,1,0,0,0,0,5.48583E+20,5.5997E+21,9.68572E+15,5.05472E+16
16980,16981,6,6,31,9,2016,8,13,6,3,5,2,0,0,0,1,0,1,0,0,5.48117E+20,5.59889E+21,9.67904E+15,5.05399E+16
16981,16982,6,4,33,13,2016,7,23,5,2,5,3,2,1,0,1,0,0,0,0,4.62921E+20,5.51651E+21,8.48476E+15,4.97999E+16
16982,16983,6,5,32,2,2016,8,15,5,3,5,2,0,0,0,1,0,0,0,0,4.63596E+20,5.61635E+21,8.48453E+15,5.06979E+16
16983,16984,6,4,32,10,2016,7,17,4,2,5,3,0,0,0,1,0,0,0,0,4.93965E+20,5.52348E+21,8.91603E+15,4.98637E+16
16984,16985,6,6,11,0,2016,8,8,3,2,2,6,0,1,1,1,0,0,1,0,5.35561E+20,5.68469E+21,9.51023E+15,5.13124E+16
16985,16986,6,6,34,17,2016,8,13,4,3,8,7,0,1,0,1,0,0,0,0,5.23745E+20,5.63442E+21,9.33739E+15,5.0861E+16
16986,16987,6,4,39,3,2016,8,7,3,3,5,2,0,1,0,1,0,0,0,1,4.36274E+20,5.5469E+21,8.10949E+15,5.0071E+16
16987,16988,6,4,31,21,2016,8,10,3,3,9,1,0,1,0,1,0,0,0,0,4.86538E+20,5.49052E+21,8.81382E+15,4.95671E+16
16988,16989,6,6,35,19,2016,7,7,3,2,8,6,0,0,0,1,0,0,0,1,4.91732E+20,5.6691E+21,8.88173E+15,5.11733E+16
16989,16990,6,4,12,0,2016,7,21,1,3,2,6,1,0,0,1,0,0,0,0,4.78802E+20,5.55466E+21,8.70333E+15,5.01438E+16
16990,16991,6,6,35,15,2016,8,14,6,3,2,1,0,0,0,1,0,0,0,0,4.8999E+20,5.6801E+21,8.8565E+15,5.12722E+16
16991,16992,6,6,32,19,2016,8,10,2,3,8,1,0,0,0,1,0,0,0,0,5.60391E+20,5.63024E+21,9.85736E+15,5.08207E+16
16992,16993,6,4,39,9,2016,8,18,2,2,0,1,0,0,0,0,0,1,0,0,4.32413E+20,5.54737E+21,8.05546E+15,5.00747E+16
16993,16994,6,6,35,21,2016,7,19,6,3,8,1,0,1,0,1,0,0,0,0,5.01333E+20,5.67381E+21,9.01909E+15,5.12157E+16
16994,16995,6,6,35,13,2016,7,18,6,3,9,1,0,1,0,1,0,0,0,0,4.97299E+20,5.65789E+21,8.96144E+15,5.10725E+16
16995,16996,6,6,32,2,2016,7,14,6,2,8,1,0,0,0,1,0,0,0,0,5.49877E+20,5.63374E+21,9.70858E+15,5.08532E+16
16996,16997,6,4,12,0,2016,7,8,4,3,3,2,0,0,1,0,0,0,1,0,4.782E+20,5.55339E+21,8.69498E+15,5.01323E+16
16997,16998,6,6,11,0,2016,7,22,5,3,2,6,2,1,0,1,0,0,0,0,5.34767E+20,5.68662E+21,9.49902E+15,5.13298E+16
16998,16999,6,4,33,12,2016,7,19,5,2,4,6,0,1,0,1,0,0,0,1,4.55092E+20,5.53787E+21,8.37349E+15,4.99914E+16
16999,17000,6,5,35,14,2016,8,18,5,3,2,6,0,1,0,1,0,0,0,0,5.15493E+20,5.61942E+21,9.21951E+15,5.07264E+16
17000,17001,6,4,14,0,2016,8,23,7,3,2,3,2,0,0,1,0,1,0,0,4.44033E+20,5.54578E+21,8.21806E+15,5.00617E+16
17001,17002,6,4,35,26,2016,8,16,4,2,5,2,0,0,0,1,0,0,0,0,4.87849E+20,5.56026E+21,8.82977E+15,5.01944E+16
17002,17003,6,4,40,11,2016,8,16,3,2,8,1,0,1,0,1,0,0,0,0,5.09565E+20,5.58172E+21,9.13455E+15,5.03875E+16
17003,17004,6,5,31,15,2016,7,16,3,3,5,3,0,0,0,1,0,1,0,0,4.92877E+20,5.61291E+21,8.89921E+15,5.0668E+16
17004,17005,6,4,12,0,2016,8,11,3,3,3,6,0,1,0,1,0,0,0,0,4.69988E+20,5.55249E+21,8.58016E+15,5.01239E+16
17005,17006,6,6,35,14,2016,8,19,4,3,8,1,0,1,0,1,0,0,0,0,4.73439E+20,5.649E+21,8.62153E+15,5.0992E+16
17006,17007,6,4,35,2,2016,8,7,3,2,9,1,0,1,0,1,0,0,0,0,5.32066E+20,5.56615E+21,9.44974E+15,5.02466E+16
17007,17008,6,5,31,4,2016,7,6,3,3,4,6,0,0,0,1,0,0,0,0,4.83944E+20,5.60426E+21,8.77317E+15,5.059E+16
17008,17009,6,5,34,20,2016,8,18,3,2,8,1,0,1,0,1,0,0,0,0,4.767E+20,5.62326E+21,8.66965E+15,5.07606E+16
17009,17010,6,6,36,11,2016,7,10,3,2,9,1,0,0,0,0,0,0,0,1,5.60948E+20,5.66158E+21,9.87051E+15,5.11025E+16
17010,17011,6,4,31,22,2016,8,10,2,3,5,3,0,0,1,1,0,0,0,0,4.71958E+20,5.50848E+21,8.6109E+15,4.97282E+16
17011,17012,6,6,35,1,2016,8,13,6,3,3,6,0,0,1,0,0,0,1,0,4.76909E+20,5.65282E+21,8.67074E+15,5.10265E+16
17012,17013,6,4,14,0,2016,8,21,2,3,5,3,1,0,1,1,0,0,0,0,4.45013E+20,5.54419E+21,8.23198E+15,5.00475E+16
17013,17014,6,4,12,0,2016,8,7,5,3,5,3,0,0,1,1,0,0,0,0,4.7791E+20,5.55609E+21,8.69077E+15,5.01566E+16
17014,17015,6,4,34,6,2016,8,12,2,3,2,6,0,0,0,1,0,0,1,0,4.65956E+20,5.56045E+21,8.52304E+15,5.01952E+16
17015,17016,6,5,33,7,2016,7,11,6,3,5,3,0,1,1,1,0,0,0,0,4.32233E+20,5.58876E+21,8.04553E+15,5.04469E+16
17016,17017,6,6,34,9,2016,7,19,5,3,4,1,0,1,0,1,0,0,0,0,5.24275E+20,5.65305E+21,9.34615E+15,5.10285E+16
17017,17018,6,4,35,4,2016,7,21,4,2,5,3,1,0,0,0,0,1,0,1,5.22606E+20,5.57699E+21,9.31771E+15,5.03446E+16
17018,17019,6,5,33,18,2016,7,6,5,3,9,1,0,0,0,1,0,0,0,0,4.56533E+20,5.58258E+21,8.38848E+15,5.03936E+16
17019,17020,6,5,33,7,2016,7,5,4,3,5,3,1,1,0,1,0,1,0,0,4.31955E+20,5.58846E+21,8.04167E+15,5.04442E+16
17020,17021,6,6,33,9,2016,8,18,4,3,8,1,0,1,0,1,0,0,0,0,5.38819E+20,5.69467E+21,9.55805E+15,5.1402E+16
17021,17022,6,6,34,6,2016,8,20,7,3,8,1,0,0,0,1,0,0,0,0,5.06639E+20,5.64307E+21,9.09449E+15,5.09392E+16
17022,17023,6,5,33,12,2016,8,5,4,3,9,1,1,1,0,1,0,0,0,0,4.44617E+20,5.59433E+21,8.21912E+15,5.04983E+16
17023,17024,6,6,35,22,2016,7,15,7,3,8,1,0,0,0,0,0,0,0,1,4.75289E+20,5.68325E+21,8.64555E+15,5.13E+16
17024,17025,6,4,32,23,2016,8,13,2,3,3,6,0,0,0,1,0,0,1,0,4.72131E+20,5.5321E+21,8.61161E+15,4.99406E+16
17025,17026,6,4,40,8,2016,8,14,6,3,0,1,0,1,0,0,0,1,0,0,4.84201E+20,5.57735E+21,8.77794E+15,5.0348E+16
17026,17027,6,4,39,16,2016,8,17,5,2,9,1,0,1,0,1,0,0,0,0,4.50827E+20,5.56588E+21,8.31039E+15,5.0243E+16
17027,17028,6,4,12,0,2016,7,22,4,3,5,3,2,0,0,1,0,0,0,0,4.77675E+20,5.5506E+21,8.6878E+15,5.01072E+16
17028,17029,6,4,35,19,2016,8,9,4,3,2,6,0,1,0,1,0,0,0,0,4.86208E+20,5.55472E+21,8.80697E+15,5.01445E+16
17029,17030,6,6,33,23,2016,8,13,2,3,3,6,0,0,0,1,0,0,0,0,5.21895E+20,5.68371E+21,9.31409E+15,5.13043E+16
17030,17031,6,4,34,8,2016,8,20,6,3,9,7,2,0,0,1,0,1,0,0,4.62773E+20,5.5639E+21,8.4781E+15,5.02261E+16
17031,17032,6,4,12,0,2016,8,17,2,3,6,7,0,0,1,0,1,0,0,0,4.78164E+20,5.55296E+21,8.6945E+15,5.01285E+16
17032,17033,6,6,33,25,2016,8,12,5,3,1,5,0,0,0,1,0,0,0,0,5.26495E+20,5.71128E+21,9.38213E+15,5.15519E+16
17033,17034,6,5,32,6,2016,8,20,2,3,8,1,0,0,0,0,0,1,0,0,4.53863E+20,5.62148E+21,8.34609E+15,5.07433E+16
17034,17035,6,5,31,13,2016,7,14,3,3,5,3,0,0,0,1,0,0,0,0,4.79036E+20,5.61082E+21,8.70347E+15,5.06489E+16
17035,17036,6,4,34,8,2016,8,11,7,3,5,3,0,0,0,1,0,1,0,0,4.71148E+20,5.5598E+21,8.59582E+15,5.01897E+16
17036,17037,6,5,32,20,2016,8,16,4,3,2,6,0,1,0,1,0,0,1,1,4.52419E+20,5.61173E+21,8.32689E+15,5.06554E+16
17037,17038,6,6,34,8,2016,7,16,1,3,5,3,0,0,0,1,0,0,0,0,5.32613E+20,5.67279E+21,9.46684E+15,5.12056E+16
17038,17039,6,6,11,0,2016,7,13,7,3,2,6,0,0,0,1,0,1,0,0,5.3546E+20,5.68544E+21,9.50885E+15,5.13191E+16
17039,17040,6,6,33,7,2016,7,15,6,3,8,1,0,0,0,1,0,0,0,0,5.33042E+20,5.69528E+21,9.47506E+15,5.14078E+16
17040,17041,6,5,33,7,2016,7,2,1,2,8,1,2,0,0,1,0,0,0,0,4.36142E+20,5.59217E+21,8.1E+15,5.04781E+16
17041,17042,6,6,31,9,2016,8,15,6,2,6,4,0,0,1,0,1,0,0,0,5.48667E+20,5.60001E+21,9.68694E+15,5.055E+16
17042,17043,6,4,38,6,2016,8,16,5,3,2,6,0,1,0,1,0,0,0,0,4.74001E+20,5.53775E+21,8.63729E+15,4.99915E+16
17043,17044,6,6,32,3,2016,7,16,4,3,2,6,0,0,0,1,0,0,1,0,5.64206E+20,5.64949E+21,9.91489E+15,5.09934E+16
17044,17045,6,5,31,16,2016,8,9,4,3,3,7,0,1,0,1,0,0,1,0,4.88325E+20,5.6067E+21,8.83498E+15,5.06121E+16
17045,17046,6,4,37,13,2016,8,7,4,3,4,1,0,1,0,1,0,0,1,0,4.9441E+20,5.50672E+21,8.92246E+15,4.9713E+16
17046,17047,6,4,39,5,2016,8,7,3,3,9,1,1,1,0,1,0,0,0,0,4.29081E+20,5.56205E+21,8.00617E+15,5.02064E+16
17047,17048,6,4,32,16,2016,8,15,3,3,1,5,0,1,0,1,0,0,0,0,4.85465E+20,5.5168E+21,8.79801E+15,4.98035E+16
17048,17049,6,4,39,5,2016,7,17,3,3,5,3,0,0,0,1,0,1,0,0,4.24952E+20,5.55344E+21,7.95002E+15,5.01284E+16
17049,17050,6,5,34,14,2016,8,22,4,3,8,1,2,1,0,1,0,0,0,0,4.7842E+20,5.62689E+21,8.69382E+15,5.07933E+16
17050,17051,6,4,36,9,2016,7,6,1,2,9,1,0,0,0,1,0,0,0,0,4.62326E+20,5.54689E+21,8.47351E+15,5.00731E+16
17051,17052,6,4,38,12,2016,7,15,3,3,0,3,0,0,0,1,0,0,0,1,4.87014E+20,5.53525E+21,8.81892E+15,4.99695E+16
17052,17053,6,4,40,23,2016,8,19,7,2,3,2,0,0,0,1,0,1,0,0,4.80378E+20,5.56811E+21,8.72469E+15,5.02648E+16
17053,17054,6,4,40,23,2016,8,9,4,3,0,1,0,1,0,0,0,1,1,0,4.76672E+20,5.57074E+21,8.67254E+15,5.02883E+16
17054,17055,6,5,34,10,2016,7,15,1,2,5,2,0,0,0,1,0,0,0,0,4.70709E+20,5.62473E+21,8.58459E+15,5.07736E+16
17055,17056,6,4,37,6,2016,7,23,7,3,1,7,2,0,0,1,0,0,0,0,4.9988E+20,5.50169E+21,8.99834E+15,4.96678E+16
17056,17057,6,5,34,18,2016,7,14,7,3,9,1,0,0,0,1,0,0,0,0,5.05542E+20,5.63253E+21,9.07872E+15,5.08444E+16
17057,17058,6,4,12,0,2016,7,16,6,3,2,6,0,0,0,1,0,0,0,0,4.71325E+20,5.54986E+21,8.59904E+15,5.01003E+16
17058,17059,6,4,35,14,2016,7,18,6,3,5,3,0,0,1,1,0,0,0,0,4.93718E+20,5.554E+21,8.91209E+15,5.01382E+16
17059,17060,6,5,31,14,2016,8,18,6,2,2,6,0,0,0,1,0,1,0,0,4.79315E+20,5.59853E+21,8.70809E+15,5.05383E+16
17060,17061,6,6,11,0,2016,7,22,5,3,3,6,2,1,0,1,0,0,0,0,5.36081E+20,5.68483E+21,9.5177E+15,5.13136E+16
17061,17062,6,5,34,15,2016,7,21,5,2,8,1,1,1,0,1,0,0,0,0,4.78833E+20,5.64754E+21,8.69848E+15,5.0979E+16
17062,17063,6,4,32,18,2016,8,16,5,3,0,1,0,1,0,1,0,0,0,1,4.71037E+20,5.51668E+21,8.59752E+15,4.98019E+16
17063,17064,6,4,31,8,2016,7,15,4,3,0,6,0,0,0,1,0,1,0,0,4.81738E+20,5.48611E+21,8.74765E+15,4.95274E+16
17064,17065,6,4,14,0,2016,8,10,3,3,5,3,0,1,0,1,0,0,0,0,4.44888E+20,5.54762E+21,8.22974E+15,5.00783E+16
17065,17066,6,5,33,3,2016,8,13,1,3,2,6,0,0,0,1,0,1,0,0,4.45651E+20,5.57217E+21,8.2369E+15,5.02992E+16
17066,17067,6,6,11,0,2016,8,14,4,3,2,6,0,1,0,1,0,1,0,0,5.28555E+20,5.68269E+21,9.40954E+15,5.12949E+16
17067,17068,6,4,36,7,2016,8,15,3,3,5,2,0,1,0,1,0,0,0,0,4.5547E+20,5.54561E+21,8.37786E+15,5.00611E+16
17068,17069,6,4,31,2,2016,8,12,3,3,5,3,0,1,0,1,0,0,0,0,4.71654E+20,5.50329E+21,8.60706E+15,4.96815E+16
17069,17070,6,4,32,18,2016,7,15,3,3,2,6,0,0,0,1,0,0,0,0,4.72157E+20,5.51383E+21,8.61329E+15,4.97762E+16
17070,17071,6,4,12,0,2016,8,19,6,3,2,6,0,0,0,1,0,0,0,0,4.76558E+20,5.55332E+21,8.67201E+15,5.01316E+16
17071,17072,6,6,11,0,2016,8,20,2,3,3,2,0,0,1,1,0,0,0,0,5.35581E+20,5.68468E+21,9.51051E+15,5.13123E+16
17072,17073,6,5,31,3,2016,8,10,6,3,9,7,0,0,0,1,0,0,0,0,4.82023E+20,5.60898E+21,8.74582E+15,5.06324E+16
17073,17074,6,4,38,9,2016,8,18,2,3,6,4,0,0,0,1,1,0,0,0,4.78183E+20,5.54415E+21,8.69527E+15,5.00493E+16
17074,17075,6,5,35,11,2016,7,15,6,3,2,6,0,1,0,1,0,0,0,0,5.27878E+20,5.60966E+21,9.39424E+15,5.06381E+16
17075,17076,6,4,35,2,2016,7,12,6,2,8,1,0,0,0,1,0,0,0,0,5.26368E+20,5.57304E+21,9.3703E+15,5.03089E+16
17076,17077,6,4,35,12,2016,7,19,6,2,2,6,0,0,0,0,0,1,0,0,5.09999E+20,5.56351E+21,9.14018E+15,5.02237E+16
17077,17078,6,6,36,14,2016,7,11,3,3,5,3,0,0,0,1,0,0,0,0,5.68933E+20,5.66628E+21,9.98544E+15,5.11438E+16
17078,17079,6,5,31,6,2016,8,12,7,3,5,3,0,0,0,1,0,0,0,0,4.97068E+20,5.60459E+21,8.95857E+15,5.05932E+16
17079,17080,6,4,35,19,2016,8,17,2,3,2,6,0,0,0,1,0,0,0,0,4.88968E+20,5.55334E+21,8.84565E+15,5.01322E+16
17080,17081,6,6,33,3,2016,8,18,2,3,8,1,0,0,0,1,0,0,0,0,5.27356E+20,5.67984E+21,9.39213E+15,5.12692E+16
17081,17082,6,4,40,5,2016,7,17,7,3,0,1,0,0,0,0,0,1,0,0,4.77141E+20,5.58596E+21,8.67819E+15,5.04253E+16
17082,17083,6,4,12,0,2016,7,19,7,3,1,6,0,0,0,1,0,1,0,0,4.81281E+20,5.55327E+21,8.73809E+15,5.01314E+16
17083,17084,6,6,33,3,2016,7,14,6,2,8,1,0,1,0,0,0,1,0,0,5.27001E+20,5.67957E+21,9.38702E+15,5.12669E+16
17084,17085,6,4,35,11,2016,7,14,6,3,5,3,0,0,0,1,0,0,0,1,4.98544E+20,5.54782E+21,8.97965E+15,5.00826E+16
17085,17086,6,6,32,6,2016,7,16,3,2,5,7,0,0,0,1,0,1,0,0,5.6207E+20,5.63672E+21,9.88229E+15,5.08788E+16
17086,17087,6,4,12,0,2016,8,11,6,3,8,1,0,0,0,0,0,0,0,1,4.72553E+20,5.54735E+21,8.6164E+15,5.00778E+16
17087,17088,6,4,13,0,2016,7,16,5,3,2,7,0,0,0,1,0,1,0,0,4.84522E+20,5.54698E+21,8.7837E+15,5.00749E+16
17088,17089,6,5,35,1,2016,7,11,5,2,3,6,0,0,0,1,0,0,1,0,5.24687E+20,5.62287E+21,9.34999E+15,5.07571E+16
17089,17090,6,5,31,15,2016,8,8,5,2,4,1,0,1,0,1,0,0,0,0,4.95688E+20,5.6124E+21,8.93899E+15,5.06634E+16
17090,17091,6,5,35,7,2016,8,16,7,3,8,1,0,0,0,0,0,1,0,0,5.25924E+20,5.59194E+21,9.36537E+15,5.04789E+16
17091,17092,6,4,35,4,2016,8,15,4,3,8,1,0,1,0,1,0,0,0,0,5.21387E+20,5.58033E+21,9.30077E+15,5.03747E+16
17092,17093,6,4,35,18,2016,8,20,3,3,8,1,0,1,0,1,0,0,0,0,5.13151E+20,5.5558E+21,9.18409E+15,5.01543E+16
17093,17094,6,4,13,0,2016,7,16,3,3,2,6,0,0,0,1,0,0,1,0,4.8287E+20,5.54601E+21,8.76065E+15,5.00661E+16
17094,17095,6,5,31,5,2016,8,10,3,3,5,2,0,0,0,1,0,1,0,0,4.76878E+20,5.60308E+21,8.67343E+15,5.05792E+16
17095,17096,6,4,40,24,2016,7,21,3,3,2,2,1,0,0,1,0,0,0,0,4.86131E+20,5.58723E+21,8.8047E+15,5.04369E+16