FID,OBJECTID,ULAND,UREGBEZ,UKREIS,UGEMEINDE,UJAHR,UMONAT,USTUNDE,UWOCHENTAG,UKATEGORIE,UART,UTYP1,ULICHTVERH,IstStrasse,IstRad,IstPKW,IstFuss,IstKrad,IstGkfz,IstSonstig,LINREFX,LINREFY,XGCSWGS84,YGCSWGS84
17096,17097,6,5,34,18,2016,8,17,2,3,0,7,0,0,1,1,0,0,0,0,5.0081E+20,5.63047E+21,9.0115E+15,5.08259E+16
17097,17098,6,4,39,5,2016,8,19,6,1,4,1,0,0,0,1,0,0,0,0,4.26154E+20,5.56042E+21,7.96547E+15,5.01914E+16
17098,17099,6,4,13,0,2016,8,17,2,3,3,6,0,0,0,1,0,0,1,0,4.80884E+20,5.54633E+21,8.73288E+15,5.00689E+16
17099,17100,6,4,37,2,2016,8,19,5,2,4,1,1,1,0,1,0,0,0,0,4.9924E+20,5.49348E+21,8.98949E+15,4.95939E+16
17100,17101,6,5,33,17,2016,8,8,2,3,0,7,0,0,0,1,1,0,0,0,4.46358E+20,5.59199E+21,8.24399E+15,5.04775E+16
17101,17102,6,6,32,7,2016,7,13,3,2,5,3,0,0,0,0,0,1,0,1,5.50866E+20,5.63367E+21,9.72262E+15,5.08525E+16
17102,17103,6,4,32,4,2016,7,16,5,3,3,6,0,0,0,1,0,0,1,0,4.89716E+20,5.52634E+21,8.85684E+15,4.98894E+16
17103,17104,6,6,33,17,2016,7,14,4,3,5,3,0,0,0,0,0,1,1,0,5.38191E+20,5.68111E+21,9.54757E+15,5.128E+16
17104,17105,6,6,33,2,2016,8,19,7,2,5,3,0,0,0,1,0,0,0,1,5.29113E+20,5.71969E+21,9.42059E+15,5.16275E+16
17105,17106,6,4,36,7,2016,8,20,4,3,5,3,0,0,0,1,0,0,0,0,4.60583E+20,5.54855E+21,8.449E+15,5.00879E+16
17106,17107,6,4,12,0,2016,7,15,1,3,3,6,0,0,0,1,0,0,0,0,4.7605E+20,5.55015E+21,8.66509E+15,5.01031E+16
17107,17108,6,6,32,18,2016,7,13,5,3,5,3,0,0,1,0,0,0,0,1,5.51677E+20,5.6489E+21,9.7363E+15,5.09894E+16
17108,17109,6,5,31,5,2016,7,19,4,3,2,6,0,0,0,1,0,0,0,0,4.77425E+20,5.60472E+21,8.68105E+15,5.0594E+16
17109,17110,6,5,33,9,2016,8,1,5,2,7,1,2,1,0,1,0,0,1,0,4.3243E+20,5.58396E+21,8.04918E+15,5.04038E+16
17110,17111,6,4,13,0,2016,8,22,7,3,0,2,2,0,0,0,1,1,0,0,4.82606E+20,5.55097E+21,8.75674E+15,5.01107E+16
17111,17112,6,4,34,8,2016,8,15,4,3,8,7,0,1,1,0,0,0,0,0,4.69929E+20,5.56087E+21,8.57866E+15,5.01993E+16
17112,17113,6,4,14,0,2016,8,17,3,3,8,1,0,1,0,0,0,1,0,0,4.43652E+20,5.54471E+21,8.2129E+15,5.0052E+16
17113,17114,6,4,12,0,2016,8,16,2,2,3,6,0,0,0,1,0,0,1,0,4.71747E+20,5.55045E+21,8.6049E+15,5.01056E+16
17114,17115,6,4,36,7,2016,8,14,6,2,5,3,0,0,0,1,0,0,0,0,4.577E+20,5.54862E+21,8.40869E+15,5.00883E+16
17115,17116,6,4,37,7,2016,8,10,2,3,3,6,0,0,1,1,0,0,0,0,4.89724E+20,5.51038E+21,8.85737E+15,4.97458E+16
17116,17117,6,6,34,7,2016,8,8,5,3,5,7,0,1,0,1,0,0,0,0,5.25337E+20,5.66937E+21,9.36244E+15,5.11752E+16
17117,17118,6,4,14,0,2016,7,16,4,3,5,3,0,0,0,1,0,0,0,0,4.44231E+20,5.5434E+21,8.22117E+15,5.00403E+16
17118,17119,6,4,31,5,2016,8,16,2,3,2,6,0,0,0,1,0,0,0,0,4.64677E+20,5.49969E+21,8.51068E+15,4.96487E+16
17119,17120,6,4,35,14,2016,8,16,4,3,5,2,0,1,0,1,0,0,0,0,4.93553E+20,5.55348E+21,8.90979E+15,5.01335E+16
17120,17121,6,4,37,10,2016,8,12,7,3,5,3,0,0,0,1,0,0,0,0,5.07037E+20,5.51189E+21,9.09771E+15,4.97595E+16
17121,17122,6,5,32,9,2016,8,15,4,3,1,1,0,1,0,1,0,0,0,0,4.53338E+20,5.62937E+21,8.33765E+15,5.08142E+16
17122,17123,6,6,34,25,2016,7,4,1,3,8,1,2,0,0,1,0,0,0,0,5.26689E+20,5.65715E+21,9.38089E+15,5.10653E+16
17123,17124,6,4,14,0,2016,7,11,7,3,3,6,0,0,1,1,0,0,0,0,4.43793E+20,5.55348E+21,8.21358E+15,5.01309E+16
17124,17125,6,5,34,10,2016,7,18,7,2,4,1,0,0,0,1,0,0,0,0,4.65727E+20,5.62057E+21,8.51432E+15,5.07359E+16
17125,17126,6,6,11,0,2016,7,1,6,3,5,3,2,1,0,1,0,0,1,0,5.34607E+20,5.68468E+21,9.49653E+15,5.13123E+16
17126,17127,6,6,31,18,2016,7,15,6,3,5,3,0,0,0,1,0,0,0,0,5.43311E+20,5.58804E+21,9.60996E+15,5.04427E+16
17127,17128,6,4,12,0,2016,7,18,1,2,5,3,0,0,0,0,0,1,0,1,4.742E+20,5.5501E+21,8.63924E+15,5.01026E+16
17128,17129,6,6,31,20,2016,8,8,6,3,5,3,0,0,0,1,0,0,0,0,5.50364E+20,5.60039E+21,9.71094E+15,5.05532E+16
17129,17130,6,4,35,18,2016,8,14,5,1,9,1,0,0,0,1,0,0,0,0,5.14312E+20,5.55853E+21,9.20045E+15,5.01788E+16
17130,17131,6,5,33,1,2016,7,4,4,2,8,1,2,0,0,1,0,0,0,0,4.39428E+20,5.59182E+21,8.14636E+15,5.04752E+16
17131,17132,6,5,35,12,2016,7,10,7,3,8,1,0,0,0,0,0,1,0,0,5.24785E+20,5.60648E+21,9.35029E+15,5.06097E+16
17132,17133,6,5,32,1,2016,8,10,2,3,8,6,0,0,0,1,0,1,0,0,4.60958E+20,5.60625E+21,8.44825E+15,5.06068E+16
17133,17134,6,5,34,8,2016,8,11,6,2,5,3,0,0,0,1,0,0,0,0,4.86404E+20,5.62005E+21,8.80734E+15,5.07321E+16
17134,17135,6,4,39,15,2016,8,23,5,3,8,1,2,1,0,1,0,0,0,0,4.4022E+20,5.56211E+21,8.16223E+15,5.02082E+16
17135,17136,6,4,12,0,2016,7,15,4,3,3,6,0,0,0,1,0,0,0,0,4.80821E+20,5.55185E+21,8.73173E+15,5.01186E+16
17136,17137,6,4,34,8,2016,8,9,4,3,2,6,0,1,0,1,0,0,0,0,4.71733E+20,5.56226E+21,8.60384E+15,5.02118E+16
17137,17138,6,6,35,17,2016,8,19,3,2,4,1,0,1,0,1,0,1,0,0,4.90061E+20,5.64701E+21,8.85843E+15,5.09746E+16
17138,17139,6,5,34,18,2016,7,23,3,3,5,3,2,0,0,1,0,0,1,1,5.00343E+20,5.62921E+21,9.00487E+15,5.08146E+16
17139,17140,6,5,34,6,2016,8,14,7,2,5,2,0,0,1,1,0,0,0,0,4.84719E+20,5.63279E+21,8.78295E+15,5.08466E+16
17140,17141,6,5,34,14,2016,8,12,4,3,5,3,0,1,0,1,0,0,0,0,4.8397E+20,5.63217E+21,8.77233E+15,5.0841E+16
17141,17142,6,6,31,9,2016,7,3,1,3,5,3,2,0,0,1,0,1,0,0,5.48153E+20,5.60044E+21,9.67974E+15,5.05539E+16
17142,17143,6,6,31,2,2016,8,16,7,3,0,7,0,0,1,0,0,0,0,0,5.51225E+20,5.61695E+21,9.72539E+15,5.07021E+16
17143,17144,6,6,33,4,2016,7,14,7,2,5,2,0,0,0,1,0,1,0,0,5.12714E+20,5.6956E+21,9.18282E+15,5.14115E+16
17144,17145,6,5,32,16,2016,7,13,7,2,5,3,0,0,0,0,0,1,0,1,4.54829E+20,5.59897E+21,8.36253E+15,5.0541E+16
17145,17146,6,4,12,0,2016,7,5,6,3,6,4,1,0,0,1,1,0,0,0,4.75983E+20,5.55068E+21,8.66412E+15,5.01078E+16
17146,17147,6,5,32,23,2016,7,8,6,3,5,3,0,0,1,1,0,0,0,0,4.64497E+20,5.60019E+21,8.49884E+15,5.05526E+16
17147,17148,6,6,11,0,2016,7,21,3,3,5,3,1,1,0,1,0,0,0,1,5.35464E+20,5.68542E+21,9.5089E+15,5.13189E+16
17148,17149,6,4,38,10,2016,8,14,6,3,2,1,0,0,0,1,0,0,0,0,4.88876E+20,5.54563E+21,8.84458E+15,5.00629E+16
17149,17150,6,6,33,16,2016,7,15,5,3,8,1,0,1,0,1,0,0,0,0,5.21422E+20,5.70065E+21,9.30833E+15,5.14566E+16
17150,17151,6,6,34,7,2016,7,21,5,2,8,1,1,1,0,1,0,0,0,0,5.27741E+20,5.67137E+21,9.39699E+15,5.11931E+16
17151,17152,6,5,34,3,2016,8,17,5,2,8,5,0,1,1,1,0,0,0,0,4.64322E+20,5.62232E+21,8.49424E+15,5.07515E+16
17152,17153,6,4,31,13,2016,7,17,4,3,2,2,0,0,0,1,0,0,0,0,4.68762E+20,5.49418E+21,8.56771E+15,4.95993E+16
17153,17154,6,4,12,0,2016,8,18,3,2,5,2,0,1,0,1,0,0,0,0,4.80597E+20,5.55221E+21,8.72857E+15,5.01218E+16
17154,17155,6,4,31,13,2016,8,2,1,3,8,7,2,0,0,1,0,0,0,0,4.68266E+20,5.49304E+21,8.56093E+15,4.95891E+16
17155,17156,6,6,35,1,2016,8,16,4,3,9,1,0,1,0,1,0,0,0,1,4.74954E+20,5.65616E+21,8.64263E+15,5.10565E+16
17156,17157,6,4,35,2,2016,8,17,3,3,8,1,0,1,0,1,0,0,0,0,5.26346E+20,5.57301E+21,9.36999E+15,5.03086E+16
17157,17158,6,6,32,15,2016,7,14,3,3,2,6,0,0,0,1,0,0,1,1,5.41555E+20,5.62421E+21,9.58928E+15,5.07682E+16
17158,17159,6,5,34,14,2016,8,17,3,3,8,1,0,1,0,1,0,0,0,0,4.88878E+20,5.62704E+21,8.8422E+15,5.0795E+16
17159,17160,6,4,31,21,2016,8,0,2,2,8,1,2,0,0,1,0,0,0,0,4.85036E+20,5.49104E+21,8.79304E+15,4.95718E+16
17160,17161,6,5,34,14,2016,8,8,4,3,8,1,0,0,0,1,0,0,0,0,4.78802E+20,5.62707E+21,8.69923E+15,5.0795E+16
17161,17162,6,4,40,16,2016,8,6,3,3,8,1,0,0,0,1,0,0,0,0,5.02982E+20,5.58872E+21,9.04201E+15,5.04505E+16
17162,17163,6,5,35,16,2016,8,11,1,2,8,1,0,0,0,0,0,1,0,0,5.11999E+20,5.59838E+21,9.16933E+15,5.05373E+16
17163,17164,6,6,11,0,2016,8,7,6,2,5,2,0,0,0,1,0,1,0,0,5.34225E+20,5.68525E+21,9.4911E+15,5.13175E+16
17164,17165,6,4,33,8,2016,8,10,3,3,5,2,0,0,1,1,0,0,0,0,4.68808E+20,5.53534E+21,8.56504E+15,4.99696E+16
17165,17166,6,4,32,18,2016,8,9,2,3,5,2,0,0,0,1,0,0,0,1,4.7214E+20,5.51385E+21,8.61305E+15,4.97764E+16
17166,17167,6,5,34,11,2016,8,19,1,2,8,7,0,0,0,1,0,0,0,0,4.92693E+20,5.62803E+21,8.8963E+15,5.0804E+16
17167,17168,6,4,39,3,2016,8,16,1,3,2,6,0,0,0,1,0,0,0,0,4.32041E+20,5.54361E+21,8.05093E+15,5.00409E+16
17168,17169,6,6,34,2,2016,8,12,6,3,9,1,0,1,0,1,0,0,0,0,5.30261E+20,5.67193E+21,9.4331E+15,5.1198E+16
17169,17170,6,4,32,18,2016,8,10,6,3,8,1,0,1,0,1,0,0,0,0,4.72333E+20,5.51402E+21,8.61572E+15,4.9778E+16
17170,17171,6,6,36,7,2016,8,10,5,3,1,6,0,0,0,1,0,0,1,0,5.76979E+20,5.67213E+21,1.01017E+16,5.11954E+16
17171,17172,6,5,32,7,2016,8,16,1,3,8,6,0,0,0,1,0,0,0,0,4.37518E+20,5.61154E+21,8.11615E+15,5.06524E+16
17172,17173,6,4,37,14,2016,8,14,7,1,8,1,0,0,0,0,0,1,0,0,4.95624E+20,5.48703E+21,8.93953E+15,4.95358E+16
17173,17174,6,6,34,8,2016,8,16,4,2,2,6,0,0,0,1,0,0,0,0,5.32884E+20,5.67256E+21,9.4707E+15,5.12035E+16
17174,17175,6,6,31,8,2016,8,15,4,3,8,1,0,1,0,1,0,0,0,0,5.42234E+20,5.58721E+21,9.5947E+15,5.04354E+16
17175,17176,6,6,35,11,2016,8,14,3,2,8,1,0,0,1,0,0,0,0,0,4.86581E+20,5.66152E+21,8.80833E+15,5.1105E+16
17176,17177,6,5,33,9,2016,8,13,1,2,2,1,0,0,0,1,0,1,0,0,4.34318E+20,5.58439E+21,8.07566E+15,5.04079E+16
17177,17178,6,5,31,6,2016,8,18,3,3,5,3,0,0,0,1,0,0,0,0,4.96808E+20,5.60469E+21,8.9549E+15,5.05941E+16
17178,17179,6,4,38,11,2016,8,7,2,3,2,6,0,0,0,1,0,0,0,0,4.87802E+20,5.54001E+21,8.82976E+15,5.00123E+16
17179,17180,6,6,33,16,2016,8,14,4,3,4,1,0,0,0,1,0,1,0,0,5.22831E+20,5.70871E+21,9.32913E+15,5.15291E+16
17180,17181,6,4,35,20,2016,8,18,3,3,5,2,0,0,0,1,0,0,0,0,5.00073E+20,5.55909E+21,9.00103E+15,5.0184E+16
17181,17182,6,5,31,10,2016,8,19,3,2,8,1,0,0,0,1,0,0,0,0,5.01237E+20,5.59823E+21,9.01746E+15,5.0536E+16
17182,17183,6,4,39,13,2016,8,15,1,3,3,6,0,0,0,1,0,1,0,0,4.23119E+20,5.53676E+21,7.92772E+15,4.99782E+16
17183,17184,6,4,34,5,2016,8,13,6,3,5,3,0,0,1,1,0,0,0,0,4.62538E+20,5.55873E+21,8.47532E+15,5.01796E+16
17184,17185,6,6,31,9,2016,8,10,1,2,9,1,0,0,0,0,0,1,0,0,5.4642E+20,5.59774E+21,9.65495E+15,5.05298E+16
17185,17186,6,4,35,12,2016,8,13,3,1,8,1,0,0,0,1,0,0,1,0,5.09636E+20,5.56085E+21,9.13502E+15,5.01998E+16
17186,17187,6,5,31,5,2016,8,8,2,3,2,6,0,0,0,1,0,0,0,0,4.79475E+20,5.60395E+21,8.71006E+15,5.05871E+16
17187,17188,6,5,32,11,2016,8,23,1,3,9,1,2,1,0,1,0,0,0,0,4.47702E+20,5.62142E+21,8.25879E+15,5.07422E+16
17188,17189,6,4,38,2,2016,8,12,1,3,2,6,0,0,0,1,0,0,0,0,4.75743E+20,5.54106E+21,8.66138E+15,5.00213E+16
17189,17190,6,4,33,12,2016,8,11,7,3,2,6,0,0,0,0,0,1,0,1,4.6103E+20,5.53733E+21,8.45638E+15,4.9987E+16
17190,17191,6,4,12,0,2016,8,15,5,3,3,6,0,0,1,1,0,0,0,0,4.67653E+20,5.55012E+21,8.54768E+15,5.01025E+16
17191,17192,6,4,12,0,2016,8,19,1,2,9,1,0,0,0,0,0,1,0,0,4.69239E+20,5.54864E+21,8.56999E+15,5.00892E+16
17192,17193,6,6,31,3,2016,8,17,5,3,2,2,0,0,0,1,0,0,0,0,5.56091E+20,5.59932E+21,9.79161E+15,5.05431E+16
17193,17194,6,4,35,29,2016,8,11,7,2,1,2,0,0,1,1,0,0,0,0,5.22738E+20,5.56666E+21,9.31895E+15,5.02517E+16
17194,17195,6,6,33,9,2016,8,18,5,1,2,6,0,0,1,1,0,0,0,0,5.36181E+20,5.6901E+21,9.51967E+15,5.1361E+16
17195,17196,6,5,32,1,2016,8,14,1,2,0,1,0,0,0,0,0,1,0,0,4.62718E+20,5.60388E+21,8.47336E+15,5.05856E+16
17196,17197,6,4,38,1,2016,8,17,5,3,5,2,0,0,0,1,0,0,0,0,4.86377E+20,5.53954E+21,8.80988E+15,5.0008E+16
17197,17198,6,4,34,7,2016,8,12,7,2,9,1,0,0,0,1,0,0,0,0,4.65987E+20,5.57041E+21,8.52257E+15,5.02849E+16
17198,17199,6,4,12,0,2016,8,5,4,3,8,7,2,0,0,1,0,0,0,0,4.78174E+20,5.54524E+21,8.69509E+15,5.00591E+16
17199,17200,6,6,32,2,2016,8,16,3,3,2,6,0,0,0,1,0,0,0,0,5.49615E+20,5.63566E+21,9.70512E+15,5.08705E+16
17200,17201,6,4,36,8,2016,8,0,3,3,5,2,2,0,1,0,0,0,0,1,4.61908E+20,5.55268E+21,8.46711E+15,5.01251E+16
17201,17202,6,6,11,0,2016,8,3,1,3,2,6,2,0,0,1,0,0,0,0,5.34834E+20,5.68532E+21,9.49985E+15,5.13181E+16
17202,17203,6,4,11,0,2016,8,9,3,3,8,1,0,0,0,1,0,0,0,0,4.71368E+20,5.52451E+21,8.60153E+15,4.98723E+16
17203,17204,6,4,35,16,2016,8,0,2,3,7,7,2,0,0,1,0,0,0,0,5.32211E+20,5.56189E+21,9.4514E+15,5.02083E+16
17204,17205,6,4,38,2,2016,8,14,4,2,5,3,0,0,0,1,0,0,0,0,4.78977E+20,5.53908E+21,8.70663E+15,5.00037E+16
17205,17206,6,5,33,16,2016,8,0,3,3,8,1,2,0,0,1,0,0,0,0,4.3526E+20,5.59758E+21,8.08663E+15,5.05266E+16
17206,17207,6,4,35,6,2016,8,17,2,3,5,3,0,0,0,1,0,1,0,0,4.93762E+20,5.55842E+21,8.91263E+15,5.01779E+16
17207,17208,6,4,32,2,2016,8,14,6,2,3,6,0,0,0,1,0,1,0,0,4.9613E+20,5.53547E+21,8.94603E+15,4.99715E+16
17208,17209,6,4,12,0,2016,8,17,3,3,2,6,0,0,1,1,0,0,0,0,4.74801E+20,5.54561E+21,8.64793E+15,5.00622E+16
17209,17210,6,5,35,11,2016,8,17,1,2,4,1,0,0,0,1,0,1,0,0,5.30244E+20,5.60338E+21,9.42718E+15,5.05815E+16
17210,17211,6,4,38,10,2016,8,0,7,2,8,1,2,0,0,1,0,0,0,0,4.90194E+20,5.54864E+21,8.86291E+15,5.00899E+16
17211,17212,6,6,11,0,2016,8,19,5,3,5,3,0,0,1,1,0,0,0,0,5.37549E+20,5.68493E+21,9.53877E+15,5.13144E+16
17212,17213,6,4,12,0,2016,8,1,7,3,2,6,2,0,0,1,0,0,0,0,4.75071E+20,5.56054E+21,8.65073E+15,5.01965E+16
17213,17214,6,4,12,0,2016,8,7,5,2,5,3,0,0,1,1,0,0,0,0,4.73943E+20,5.54904E+21,8.63571E+15,5.00931E+16
17214,17215,6,5,35,11,2016,8,13,7,3,5,2,0,0,0,1,0,1,0,0,5.26857E+20,5.60883E+21,9.37975E+15,5.06307E+16
17215,17216,6,4,13,0,2016,8,12,5,3,2,6,0,0,0,1,0,0,0,0,4.81488E+20,5.5458E+21,8.74135E+15,5.00642E+16
17216,17217,6,6,31,9,2016,8,18,2,3,5,3,0,0,1,1,0,0,0,0,5.47811E+20,5.59956E+21,9.6748E+15,5.05461E+16
17217,17218,6,6,34,1,2016,8,14,2,1,5,2,0,0,0,1,0,1,0,0,5.13016E+20,5.65651E+21,9.18573E+15,5.106E+16
17218,17219,6,5,32,6,2016,8,7,4,3,0,7,0,0,0,0,0,1,0,0,4.48323E+20,5.62154E+21,8.26758E+15,5.07433E+16
17219,17220,6,4,36,6,2016,8,19,7,3,2,6,0,1,0,1,0,0,0,0,4.56014E+20,5.54501E+21,8.38553E+15,5.00557E+16
17220,17221,6,4,40,11,2016,8,14,3,3,5,3,0,0,1,1,0,0,0,0,5.11343E+20,5.58355E+21,9.15962E+15,5.04039E+16
17221,17222,6,6,33,13,2016,8,15,2,2,8,1,0,0,0,0,0,1,0,0,5.29891E+20,5.70434E+21,9.43053E+15,5.14894E+16
17222,17223,6,4,34,8,2016,8,5,1,3,7,7,2,0,0,1,0,0,0,0,4.70282E+20,5.56055E+21,8.58364E+15,5.01964E+16
17223,17224,6,4,14,0,2016,8,9,6,3,0,7,0,0,0,0,0,0,0,1,4.4147E+20,5.54646E+21,8.18215E+15,5.00675E+16
17224,17225,6,6,34,4,2016,8,9,3,2,0,1,0,0,0,1,0,0,0,1,5.22238E+20,5.64156E+21,9.31641E+15,5.09253E+16
17225,17226,6,4,12,0,2016,8,17,2,3,3,2,0,0,1,1,0,0,0,0,4.74882E+20,5.55664E+21,8.64834E+15,5.01614E+16
17226,17227,6,4,12,0,2016,8,17,2,3,5,3,0,0,0,1,0,0,0,0,4.66731E+20,5.55142E+21,8.53468E+15,5.01141E+16
17227,17228,6,4,34,8,2016,8,20,3,2,8,7,2,0,1,0,0,0,0,0,4.70517E+20,5.56085E+21,8.5869E+15,5.01991E+16
17228,17229,6,4,14,0,2016,8,7,2,3,5,2,0,0,0,1,0,0,0,0,4.42389E+20,5.5444E+21,8.1953E+15,5.00491E+16
17229,17230,6,4,12,0,2016,8,17,3,3,5,3,0,0,0,1,0,1,0,0,4.7378E+20,5.55004E+21,8.63336E+15,5.0102E+16
17230,17231,6,5,33,6,2016,8,19,1,3,5,2,0,0,0,1,0,0,0,0,4.31472E+20,5.58468E+21,8.03557E+15,5.04101E+16
17231,17232,6,4,14,0,2016,8,18,2,3,8,7,0,0,0,0,0,1,0,0,4.52874E+20,5.5464E+21,8.3415E+15,5.0068E+16
17232,17233,6,6,31,9,2016,8,9,6,3,5,3,0,1,0,1,0,0,0,0,5.50269E+20,5.59973E+21,9.70952E+15,5.05473E+16
17233,17234,6,4,31,5,2016,8,14,6,3,5,3,0,0,1,1,0,0,0,0,4.60264E+20,5.50119E+21,8.4494E+15,4.96619E+16
17234,17235,6,6,11,0,2016,8,14,1,2,6,4,0,0,1,0,1,0,0,0,5.30713E+20,5.68405E+21,9.44061E+15,5.13069E+16
17235,17236,6,5,32,11,2016,8,10,7,3,2,6,0,0,0,1,0,0,0,0,4.47578E+20,5.62184E+21,8.25697E+15,5.0746E+16
17236,17237,6,4,12,0,2016,8,8,5,2,2,6,0,0,0,1,0,1,0,0,4.78323E+20,5.55032E+21,8.69687E+15,5.01048E+16
17237,17238,6,6,36,8,2016,8,22,6,3,9,6,2,0,0,1,0,0,0,1,5.62609E+20,5.67423E+21,9.89643E+15,5.1216E+16
17238,17239,6,6,33,28,2016,8,19,5,3,8,6,0,0,0,1,0,1,0,0,5.11507E+20,5.68415E+21,9.16509E+15,5.13085E+16
17239,17240,6,4,35,17,2016,8,18,4,3,5,2,0,0,0,1,0,0,0,0,5.00756E+20,5.55886E+21,9.0106E+15,5.0182E+16
17240,17241,6,4,33,7,2016,8,13,2,3,9,1,0,0,0,0,0,1,0,0,4.67543E+20,5.5441E+21,8.54666E+15,5.00483E+16
17241,17242,6,4,40,9,2016,8,9,2,3,2,2,0,0,0,1,0,0,0,0,5.1401E+20,5.5854E+21,9.19721E+15,5.04204E+16
17242,17243,6,4,31,14,2016,8,12,4,3,4,6,0,0,0,1,0,0,0,0,4.80515E+20,5.50774E+21,8.72967E+15,4.97219E+16
17243,17244,6,4,39,9,2016,8,18,3,2,0,1,0,0,0,0,0,1,0,0,4.32409E+20,5.54737E+21,8.0554E+15,5.00748E+16
17244,17245,6,6,35,15,2016,8,10,1,3,8,6,0,0,0,1,0,0,0,0,4.84528E+20,5.68143E+21,8.77815E+15,5.1284E+16
17245,17246,6,4,11,0,2016,8,17,7,2,9,1,0,1,0,1,0,0,0,0,4.73295E+20,5.51804E+21,8.6288E+15,4.98142E+16
17246,17247,6,4,31,2,2016,8,15,3,3,5,3,0,0,0,1,0,0,0,0,4.71985E+20,5.50324E+21,8.61166E+15,4.9681E+16
17247,17248,6,4,34,8,2016,8,2,2,3,8,1,2,0,0,1,0,0,0,0,4.66653E+20,5.56081E+21,8.53277E+15,5.01986E+16
17248,17249,6,4,40,17,2016,8,12,1,3,8,1,0,1,0,1,0,0,0,0,4.91125E+20,5.57088E+21,8.87541E+15,5.029E+16
17249,17250,6,4,38,8,2016,8,13,1,3,6,4,0,0,1,0,1,0,0,0,4.88325E+20,5.55301E+21,8.83666E+15,5.01292E+16
17250,17251,6,6,34,22,2016,8,13,6,3,4,6,0,0,0,1,0,0,0,0,5.14835E+20,5.64528E+21,9.21123E+15,5.09589E+16
17251,17252,6,4,11,0,2016,8,7,2,3,5,2,0,0,0,1,0,1,0,0,4.76887E+20,5.52554E+21,8.67828E+15,4.98818E+16
17252,17253,6,4,13,0,2016,8,7,6,2,9,1,1,1,0,1,0,0,0,0,4.81252E+20,5.55065E+21,8.73782E+15,5.01078E+16
17253,17254,6,5,31,16,2016,8,22,6,3,8,1,2,0,0,1,0,0,0,0,4.91679E+20,5.60734E+21,8.88238E+15,5.06179E+16
17254,17255,6,4,13,0,2016,8,14,7,3,2,6,0,0,0,1,0,0,0,0,4.82076E+20,5.54886E+21,8.74942E+15,5.00917E+16
17255,17256,6,5,34,10,2016,8,20,5,3,5,3,1,1,0,1,0,0,0,0,4.71228E+20,5.62266E+21,8.59211E+15,5.0755E+16
17256,17257,6,6,11,0,2016,8,16,4,3,2,2,0,0,0,1,0,0,0,0,5.35582E+20,5.68672E+21,9.51072E+15,5.13307E+16
17257,17258,6,6,31,9,2016,8,15,4,2,5,3,0,1,1,1,0,0,0,0,5.47738E+20,5.59841E+21,9.67362E+15,5.05357E+16
17258,17259,6,6,34,5,2016,8,3,3,3,8,1,2,0,0,1,0,0,0,0,5.21174E+20,5.66303E+21,9.30252E+15,5.11183E+16
17259,17260,6,5,31,14,2016,8,22,6,2,9,7,1,0,0,1,0,0,0,0,4.78577E+20,5.60042E+21,8.69758E+15,5.05553E+16
17260,17261,6,5,34,18,2016,8,17,7,3,9,1,0,1,0,1,0,0,0,0,5.01563E+20,5.63413E+21,9.02221E+15,5.08589E+16
17261,17262,6,6,33,21,2016,8,1,5,2,8,1,2,0,0,1,0,0,0,0,5.37973E+20,5.71636E+21,9.54823E+15,5.1597E+16
17262,17263,6,5,32,23,2016,8,21,5,3,3,6,2,1,0,1,0,0,0,0,4.6466E+20,5.6012E+21,8.50105E+15,5.05617E+16
17263,17264,6,4,31,21,2016,8,11,4,2,0,1,0,0,1,0,0,0,0,0,4.89014E+20,5.49237E+21,8.84801E+15,4.95838E+16
17264,17265,6,4,12,0,2016,8,8,3,3,1,6,0,1,0,1,0,0,0,0,4.70813E+20,5.5484E+21,8.592E+15,5.00871E+16
17265,17266,6,4,34,9,2016,8,0,5,3,9,7,2,0,0,1,0,0,0,0,4.57994E+20,5.56692E+21,8.41078E+15,5.0253E+16
17266,17267,6,6,34,22,2016,8,12,2,3,5,3,0,0,0,1,0,0,0,0,5.18271E+20,5.64206E+21,9.25999E+15,5.09299E+16
17267,17268,6,6,11,0,2016,8,17,4,3,2,6,0,0,0,1,0,0,0,0,5.33448E+20,5.68227E+21,9.47968E+15,5.12908E+16
17268,17269,6,6,35,21,2016,8,18,1,2,2,6,0,0,0,1,0,1,0,0,5.02402E+20,5.67647E+21,9.03441E+15,5.12396E+16
17269,17270,6,6,31,23,2016,8,5,2,3,7,7,1,0,0,1,0,0,0,0,5.68939E+20,5.60768E+21,9.97447E+15,5.06169E+16
17270,17271,6,6,31,10,2016,8,21,4,2,8,1,2,0,0,0,0,1,0,0,5.62334E+20,5.58671E+21,9.87761E+15,5.04291E+16
17271,17272,6,4,31,14,2016,8,19,3,3,4,6,0,0,0,1,0,0,0,1,4.81319E+20,5.50717E+21,8.74085E+15,4.97167E+16
17272,17273,6,4,12,0,2016,8,13,1,3,5,3,0,0,0,1,0,0,0,0,4.75496E+20,5.55106E+21,8.6573E+15,5.01113E+16
17273,17274,6,4,14,0,2016,8,14,6,3,5,3,0,0,0,1,0,1,0,0,4.44609E+20,5.54666E+21,8.22598E+15,5.00696E+16
17274,17275,6,5,34,11,2016,8,16,3,3,1,7,0,0,0,1,0,0,0,0,4.95826E+20,5.63035E+21,8.94074E+15,5.08248E+16
17275,17276,6,4,33,12,2016,8,10,2,3,5,3,0,0,0,1,0,0,0,0,4.59676E+20,5.53618E+21,8.43762E+15,4.99766E+16
17276,17277,6,5,34,14,2016,8,22,1,3,5,3,2,1,0,1,0,0,0,0,4.8179E+20,5.62861E+21,8.74155E+15,5.08089E+16
17277,17278,6,4,34,12,2016,8,12,1,3,5,2,0,0,0,1,0,0,0,0,4.69674E+20,5.5703E+21,8.57433E+15,5.0284E+16