FID,OBJECTID,ULAND,UREGBEZ,UKREIS,UGEMEINDE,UJAHR,UMONAT,USTUNDE,UWOCHENTAG,UKATEGORIE,UART,UTYP1,ULICHTVERH,IstStrasse,IstRad,IstPKW,IstFuss,IstKrad,IstGkfz,IstSonstig,LINREFX,LINREFY,XGCSWGS84,YGCSWGS84
17460,17461,6,5,32,23,2016,8,5,6,3,8,1,1,1,0,1,0,0,0,0,4.66431E+20,5.59959E+21,8.5262E+15,5.05473E+16
17461,17462,6,6,31,13,2016,8,16,6,3,2,6,0,0,1,1,0,0,0,0,5.61803E+20,5.60091E+21,9.87249E+15,5.05568E+16
17462,17463,6,4,33,12,2016,8,12,7,3,5,3,0,1,1,1,0,0,0,0,4.57921E+20,5.53644E+21,8.41311E+15,4.99788E+16
17463,17464,6,4,12,0,2016,8,8,3,3,5,2,0,0,1,1,0,0,0,0,4.81523E+20,5.55233E+21,8.74152E+15,5.01229E+16
17464,17465,6,4,14,0,2016,8,12,2,3,5,2,0,0,0,1,0,0,0,0,4.48982E+20,5.54106E+21,8.28783E+15,5.00197E+16
17465,17466,6,6,31,9,2016,8,11,6,3,2,6,0,1,0,1,0,0,1,0,5.45357E+20,5.60004E+21,9.64022E+15,5.05505E+16
17466,17467,6,5,34,10,2016,8,20,6,2,8,1,1,0,0,0,0,1,0,0,4.65947E+20,5.62061E+21,8.51743E+15,5.07363E+16
17467,17468,6,5,35,15,2016,8,18,2,2,6,1,0,0,0,1,1,0,0,0,5.40023E+20,5.61466E+21,9.56652E+15,5.06824E+16
17468,17469,6,6,36,4,2016,8,16,1,2,8,7,0,0,0,1,0,0,0,0,5.58729E+20,5.67994E+21,9.84183E+15,5.12677E+16
17469,17470,6,5,32,9,2016,8,13,7,3,4,1,0,0,0,1,0,1,0,0,4.5591E+20,5.627E+21,8.37445E+15,5.07931E+16
17470,17471,6,4,12,0,2016,8,22,5,3,2,6,2,1,0,1,0,0,0,0,4.77294E+20,5.55058E+21,8.68246E+15,5.0107E+16
17471,17472,6,4,31,6,2016,8,21,7,3,8,1,1,0,0,1,0,0,0,0,4.67855E+20,5.50306E+21,8.55443E+15,4.96792E+16
17472,17473,6,6,36,16,2016,8,16,5,2,8,7,0,0,0,0,0,1,0,0,5.5449E+20,5.68754E+21,9.78223E+15,5.13365E+16
17473,17474,6,4,35,21,2016,8,6,4,2,2,6,0,0,1,0,0,0,1,0,4.94505E+20,5.56455E+21,8.92295E+15,5.02331E+16
17474,17475,6,6,31,6,2016,8,12,2,2,8,1,0,0,0,1,0,0,0,0,5.46353E+20,5.59124E+21,9.65319E+15,5.04713E+16
17475,17476,6,4,36,8,2016,8,17,2,3,5,2,0,0,1,1,0,0,0,0,4.60783E+20,5.55384E+21,8.45124E+15,5.01355E+16
17476,17477,6,4,31,10,2016,8,19,4,3,3,6,0,0,0,1,0,0,0,1,4.6445E+20,5.50658E+21,8.5069E+15,4.97107E+16
17477,17478,6,4,35,25,2016,8,6,3,3,5,3,0,0,1,1,0,0,0,0,5.37286E+20,5.57801E+21,9.52411E+15,5.0353E+16
17478,17479,6,5,31,12,2016,8,7,2,3,2,6,0,0,0,1,0,0,0,0,4.76174E+20,5.59622E+21,8.66392E+15,5.05174E+16
17479,17480,6,4,33,10,2016,8,22,7,3,3,1,2,1,0,1,0,0,0,0,4.64235E+20,5.542E+21,8.50066E+15,5.00293E+16
17480,17481,6,4,32,20,2016,8,14,3,3,3,6,0,0,0,1,0,0,0,0,4.82189E+20,5.52429E+21,8.75213E+15,4.98707E+16
17481,17482,6,6,34,25,2016,8,18,2,3,0,7,0,0,0,1,0,0,0,0,5.20429E+20,5.66107E+21,9.29177E+15,5.11008E+16
17482,17483,6,4,32,15,2016,8,19,1,3,6,4,0,0,1,0,1,0,0,0,4.89899E+20,5.53036E+21,8.85928E+15,4.99255E+16
17483,17484,6,4,40,16,2016,8,17,1,2,0,3,0,0,0,1,0,1,0,0,5.0143E+20,5.58769E+21,9.02014E+15,5.04412E+16
17484,17485,6,6,11,0,2016,8,11,6,2,0,1,0,1,0,1,0,0,0,1,5.33687E+20,5.6846E+21,9.48333E+15,5.13117E+16
17485,17486,6,4,11,0,2016,8,17,2,3,3,2,0,0,1,1,0,0,0,0,4.74442E+20,5.52445E+21,8.64432E+15,4.98719E+16
17486,17487,6,6,32,20,2016,8,22,6,3,8,1,2,0,0,1,0,0,0,0,5.6416E+20,5.64172E+21,9.91286E+15,5.09236E+16
17487,17488,6,4,31,2,2016,8,11,6,3,2,6,0,0,0,1,0,0,0,0,4.70937E+20,5.50678E+21,8.59686E+15,4.97129E+16
17488,17489,6,4,14,0,2016,8,19,7,2,5,3,0,0,0,1,0,0,0,0,4.45555E+20,5.54687E+21,8.23918E+15,5.00716E+16
17489,17490,6,4,35,12,2016,8,17,5,3,5,2,0,0,0,1,0,0,0,0,5.15942E+20,5.56972E+21,9.22375E+15,5.02794E+16
17490,17491,6,6,32,2,2016,8,21,4,3,5,3,2,0,0,1,0,0,0,0,5.50873E+20,5.63485E+21,9.72288E+15,5.08631E+16
17491,17492,6,5,34,20,2016,8,14,4,2,8,1,0,0,0,1,0,0,0,0,4.80515E+20,5.62298E+21,8.72375E+15,5.07583E+16
17492,17493,6,6,11,0,2016,8,12,3,3,6,1,0,0,0,1,1,0,0,0,5.34392E+20,5.68516E+21,9.49349E+15,5.13167E+16
17493,17494,6,6,35,9,2016,8,14,1,3,5,3,0,0,0,1,0,0,0,0,5.06454E+20,5.6681E+21,9.09231E+15,5.11643E+16
17494,17495,6,4,31,11,2016,8,12,5,3,2,6,0,0,0,1,0,0,0,0,4.73997E+20,5.49933E+21,8.6398E+15,4.9646E+16
17495,17496,6,6,31,15,2016,8,0,3,3,1,1,2,0,0,1,0,1,0,0,5.53906E+20,5.6144E+21,9.76297E+15,5.06789E+16
17496,17497,6,4,35,28,2016,8,0,2,2,5,2,2,0,0,1,0,1,0,0,5.305E+20,5.58271E+21,9.42911E+15,5.03956E+16
17497,17498,6,4,12,0,2016,8,19,4,3,0,7,0,0,0,0,0,1,0,0,4.82806E+20,5.55418E+21,8.75939E+15,5.01396E+16
17498,17499,6,6,32,2,2016,8,17,1,3,5,2,0,0,0,1,0,1,0,0,5.49648E+20,5.63602E+21,9.70564E+15,5.08737E+16
17499,17500,6,6,31,2,2016,8,15,2,2,0,1,0,0,0,1,0,0,0,0,5.47143E+20,5.61776E+21,9.66769E+15,5.07097E+16
17500,17501,6,5,35,1,2016,8,16,4,3,2,6,0,0,0,1,0,0,0,1,5.28331E+20,5.62536E+21,9.40185E+15,5.07793E+16
17501,17502,6,6,36,16,2016,8,14,5,2,5,3,0,0,1,1,0,0,0,0,5.59704E+20,5.68842E+21,9.85721E+15,5.13439E+16
17502,17503,6,6,31,9,2016,8,13,5,3,3,6,0,0,0,1,0,1,0,0,5.48053E+20,5.59989E+21,9.67826E+15,5.0549E+16
17503,17504,6,5,34,5,2016,8,19,4,3,2,2,0,0,0,1,0,0,0,0,4.61579E+20,5.63764E+21,8.45376E+15,5.08891E+16
17504,17505,6,6,11,0,2016,8,18,3,2,5,3,0,0,1,1,0,0,0,0,5.33681E+20,5.6836E+21,9.48314E+15,5.13028E+16
17505,17506,6,4,38,9,2016,8,22,5,3,5,2,2,0,0,1,0,1,0,0,4.77259E+20,5.54403E+21,8.68237E+15,5.00481E+16
17506,17507,6,4,12,0,2016,8,16,2,3,5,3,0,0,1,0,0,0,0,0,4.79977E+20,5.55614E+21,8.71969E+15,5.01571E+16
17507,17508,6,6,33,7,2016,8,12,4,3,5,3,0,0,0,1,0,0,0,0,5.32645E+20,5.69385E+21,9.46922E+15,5.1395E+16
17508,17509,6,6,36,1,2016,8,4,1,2,6,6,2,0,0,0,1,0,0,1,5.66349E+20,5.6802E+21,9.95107E+15,5.12692E+16
17509,17510,6,5,35,13,2016,8,16,2,3,5,3,0,0,0,1,0,1,0,0,4.99576E+20,5.61288E+21,8.99399E+15,5.06677E+16
17510,17511,6,6,31,7,2016,8,19,4,3,5,2,0,0,1,1,0,0,0,0,5.58555E+20,5.62467E+21,9.8304E+15,5.07708E+16
17511,17512,6,4,40,24,2016,8,8,3,2,5,2,0,0,0,1,0,0,0,0,4.89462E+20,5.58525E+21,8.85166E+15,5.04192E+16
17512,17513,6,4,12,0,2016,8,19,1,3,5,3,0,0,0,1,0,1,0,0,4.68913E+20,5.55302E+21,8.56507E+15,5.01286E+16
17513,17514,6,6,11,0,2016,8,10,6,3,2,2,0,0,0,1,0,0,0,0,5.35096E+20,5.68497E+21,9.50358E+15,5.1315E+16
17514,17515,6,4,33,8,2016,8,7,3,3,5,3,0,0,0,1,0,1,0,0,4.6839E+20,5.53571E+21,8.55918E+15,4.99729E+16
17515,17516,6,4,32,19,2016,8,14,2,3,2,2,0,0,0,1,0,0,0,0,4.87678E+20,5.51926E+21,8.82868E+15,4.98257E+16
17516,17517,6,5,34,12,2016,8,17,1,3,2,6,0,1,0,1,0,0,0,0,4.84302E+20,5.63591E+21,8.77689E+15,5.08746E+16
17517,17518,6,4,40,19,2016,8,7,1,3,8,1,0,0,0,1,0,0,0,0,5.02843E+20,5.57667E+21,9.03995E+15,5.03421E+16
17518,17519,6,4,38,6,2016,8,19,6,2,5,2,0,0,1,1,0,0,0,0,4.74321E+20,5.5369E+21,8.64181E+15,4.99839E+16
17519,17520,6,4,40,7,2016,8,7,6,3,3,1,0,1,0,1,0,0,1,0,4.94665E+20,5.57544E+21,8.92504E+15,5.0331E+16
17520,17521,6,6,35,15,2016,8,19,5,3,8,1,0,0,0,0,0,1,0,0,4.83194E+20,5.6754E+21,8.7593E+15,5.12298E+16
17521,17522,6,4,31,21,2016,8,11,1,2,2,6,0,0,1,0,0,0,0,0,4.89023E+20,5.48955E+21,8.84822E+15,4.95584E+16
17522,17523,6,4,37,11,2016,8,16,7,3,0,1,0,0,1,0,0,0,0,0,4.98532E+20,5.50353E+21,8.97965E+15,4.96843E+16
17523,17524,6,6,33,5,2016,8,10,4,2,8,1,0,1,0,1,0,0,0,0,5.23456E+20,5.69269E+21,9.33708E+15,5.13849E+16
17524,17525,6,6,34,3,2016,8,18,4,2,2,6,0,0,0,1,0,0,1,1,5.33163E+20,5.66474E+21,9.47397E+15,5.11331E+16
17525,17526,6,4,38,8,2016,8,18,3,2,5,3,0,0,0,1,0,1,0,0,4.87154E+20,5.55209E+21,8.8203E+15,5.01209E+16
17526,17527,6,6,11,0,2016,8,17,1,2,8,7,0,0,0,1,0,0,0,0,5.29941E+20,5.68437E+21,9.42956E+15,5.13099E+16
17527,17528,6,4,38,2,2016,8,20,3,2,0,1,1,0,0,0,0,1,0,0,4.79312E+20,5.54171E+21,8.71117E+15,5.00274E+16
17528,17529,6,4,34,1,2016,8,16,2,3,3,6,0,0,0,1,0,0,0,0,4.70729E+20,5.56684E+21,8.58941E+15,5.0253E+16
17529,17530,6,6,34,3,2016,8,20,4,3,4,1,1,0,0,1,0,0,0,0,5.27467E+20,5.66595E+21,9.39266E+15,5.11443E+16
17530,17531,6,4,35,6,2016,8,17,3,3,5,3,0,0,0,1,0,0,0,0,4.93804E+20,5.55884E+21,8.91322E+15,5.01818E+16
17531,17532,6,4,35,14,2016,8,13,3,3,2,6,0,0,0,1,0,0,0,0,4.97196E+20,5.54975E+21,8.96079E+15,5.01E+16
17532,17533,6,4,38,13,2016,8,12,1,2,4,6,0,0,1,0,0,0,0,0,4.9662E+20,5.54394E+21,8.95279E+15,5.00478E+16
17533,17534,6,4,34,2,2016,8,20,6,2,3,6,1,0,1,1,0,0,0,0,4.75999E+20,5.56779E+21,8.66327E+15,5.02617E+16
17534,17535,6,4,38,10,2016,8,10,1,3,2,6,0,0,0,1,0,0,0,0,4.87652E+20,5.54612E+21,8.82746E+15,5.00672E+16
17535,17536,6,4,38,11,2016,8,21,3,3,2,6,2,0,0,1,0,0,0,0,4.92229E+20,5.5452E+21,8.89143E+15,5.0059E+16
17536,17537,6,5,31,6,2016,8,8,2,3,3,6,0,0,0,0,0,0,1,1,4.92775E+20,5.608E+21,8.89786E+15,5.06238E+16
17537,17538,6,5,32,12,2016,8,6,1,3,2,6,0,0,0,1,0,0,1,0,4.51199E+20,5.61257E+21,8.30952E+15,5.06629E+16
17538,17539,6,5,32,11,2016,8,18,1,2,5,3,0,0,0,1,0,1,0,0,4.42976E+20,5.62042E+21,8.19197E+15,5.07327E+16
17539,17540,6,5,34,21,2016,8,10,3,2,8,1,0,0,0,1,0,0,0,0,4.82221E+20,5.63782E+21,8.74721E+15,5.08917E+16
17540,17541,6,6,36,16,2016,8,14,1,2,4,6,0,0,0,1,0,0,0,0,5.62316E+20,5.686E+21,9.89428E+15,5.13219E+16
17541,17542,6,4,37,1,2016,8,16,6,2,5,3,0,0,0,1,0,1,0,0,5.00144E+20,5.51067E+21,9.002E+15,4.97485E+16
17542,17543,6,6,33,17,2016,8,12,1,3,2,6,0,0,0,1,0,0,0,0,5.38324E+20,5.68196E+21,9.54958E+15,5.12877E+16
17543,17544,6,5,31,6,2016,8,18,3,3,4,6,0,0,0,1,0,0,0,0,4.97127E+20,5.60657E+21,8.95939E+15,5.0611E+16
17544,17545,6,4,35,19,2016,8,14,2,3,2,6,0,0,0,1,0,0,0,0,4.87747E+20,5.55502E+21,8.82851E+15,5.01473E+16
17545,17546,6,4,36,12,2016,8,12,1,3,2,6,0,0,0,1,0,0,0,0,4.64259E+20,5.55335E+21,8.49992E+15,5.01313E+16
17546,17547,6,4,31,14,2016,8,14,1,2,4,1,0,0,0,1,0,0,0,0,4.78734E+20,5.50823E+21,8.70493E+15,4.97262E+16
17547,17548,6,4,40,19,2016,8,13,6,3,2,2,0,1,0,1,0,0,0,0,5.03577E+20,5.57472E+21,9.05024E+15,5.03246E+16
17548,17549,6,4,40,24,2016,8,10,7,3,5,3,0,0,1,1,0,0,0,0,4.87069E+20,5.58326E+21,8.81805E+15,5.04012E+16
17549,17550,6,6,33,9,2016,8,17,5,2,8,6,0,0,0,1,0,1,0,0,5.38222E+20,5.69542E+21,9.54956E+15,5.14087E+16
17550,17551,6,5,32,16,2016,8,21,1,3,0,7,1,0,0,0,0,1,0,0,4.51226E+20,5.59857E+21,8.31174E+15,5.0537E+16
17551,17552,6,4,32,19,2016,8,10,5,3,2,6,0,0,0,1,0,0,0,0,4.89744E+20,5.51995E+21,8.85739E+15,4.98319E+16
17552,17553,6,4,36,6,2016,8,21,7,3,0,1,2,0,0,0,0,1,0,0,4.537E+20,5.54089E+21,8.35371E+15,5.00185E+16
17553,17554,6,4,34,4,2016,8,5,4,3,7,7,1,0,0,0,0,1,0,0,4.60401E+20,5.58214E+21,8.44294E+15,5.039E+16
17554,17555,6,4,35,29,2016,8,9,3,3,2,6,0,1,0,1,0,0,0,1,5.21491E+20,5.56697E+21,9.30146E+15,5.02545E+16
17555,17556,6,6,32,3,2016,8,23,1,3,8,1,2,0,0,1,0,0,0,0,5.54523E+20,5.64414E+21,9.77613E+15,5.09463E+16
17556,17557,6,4,35,6,2016,8,13,2,3,5,2,0,0,1,1,0,0,0,0,4.93943E+20,5.55842E+21,8.91517E+15,5.0178E+16
17557,17558,6,4,35,12,2016,8,11,2,3,1,6,0,0,0,1,0,0,0,0,5.09908E+20,5.5644E+21,9.13891E+15,5.02317E+16
17558,17559,6,4,31,4,2016,8,16,4,3,2,6,0,0,0,1,0,1,0,0,4.78791E+20,5.49011E+21,8.70671E+15,4.95632E+16
17559,17560,6,6,11,0,2016,8,16,3,3,3,2,0,0,0,1,0,0,0,0,5.28982E+20,5.68877E+21,9.41616E+15,5.13495E+16
17560,17561,6,4,35,14,2016,8,12,2,2,8,1,0,0,0,1,0,1,0,0,4.96295E+20,5.55429E+21,8.94816E+15,5.01409E+16
17561,17562,6,4,32,17,2016,8,6,6,3,7,7,0,0,0,0,0,1,0,0,4.90326E+20,5.52203E+21,8.86543E+15,4.98507E+16
17562,17563,6,4,12,0,2016,8,11,3,3,3,6,0,0,0,1,0,0,1,1,4.77306E+20,5.5455E+21,8.68293E+15,5.00613E+16
17563,17564,6,4,12,0,2016,8,13,1,3,2,6,0,0,0,1,0,0,0,0,4.67636E+20,5.55011E+21,8.54745E+15,5.01023E+16
17564,17565,6,4,35,15,2016,8,10,7,3,8,1,0,0,0,0,0,1,0,0,5.08399E+20,5.55781E+21,9.11761E+15,5.01724E+16
17565,17566,6,6,11,0,2016,8,15,5,3,6,4,0,0,0,1,1,0,0,0,5.35421E+20,5.68544E+21,9.50829E+15,5.13192E+16
17566,17567,6,5,33,9,2016,8,11,7,3,2,6,0,0,0,1,0,0,0,0,4.31994E+20,5.58398E+21,8.04303E+15,5.0404E+16
17567,17568,6,4,11,0,2016,8,18,5,3,5,3,0,0,0,1,0,0,0,1,4.74783E+20,5.52452E+21,8.64906E+15,4.98725E+16
17568,17569,6,4,12,0,2016,8,8,5,3,2,6,0,0,0,1,0,0,0,0,4.707E+20,5.55345E+21,8.59004E+15,5.01326E+16
17569,17570,6,5,32,23,2016,8,17,2,3,5,3,0,0,0,1,0,0,0,0,4.64618E+20,5.60418E+21,8.50017E+15,5.05884E+16
17570,17571,6,4,39,13,2016,8,17,2,3,9,1,0,0,0,1,0,0,0,0,4.2156E+20,5.54007E+21,7.9053E+15,5.00078E+16
17571,17572,6,4,38,1,2016,8,16,4,2,0,7,0,0,1,0,0,0,0,0,4.86851E+20,5.53971E+21,8.81649E+15,5.00096E+16
17572,17573,6,5,31,14,2016,8,18,7,3,5,3,0,0,1,1,0,0,0,0,4.81007E+20,5.59855E+21,8.73197E+15,5.05385E+16
17573,17574,6,4,12,0,2016,8,7,5,3,2,5,0,0,0,1,0,0,0,0,4.78568E+20,5.55094E+21,8.70026E+15,5.01103E+16
17574,17575,6,4,13,0,2016,8,21,1,2,4,6,2,0,0,1,0,0,0,0,4.8124E+20,5.5462E+21,8.73787E+15,5.00678E+16
17575,17576,6,6,31,20,2016,8,10,5,3,2,2,0,0,0,1,0,1,0,0,5.50418E+20,5.60091E+21,9.71177E+15,5.05579E+16
17576,17577,6,4,40,11,2016,8,15,7,2,8,1,0,0,0,0,0,1,0,0,5.11625E+20,5.5828E+21,9.16356E+15,5.03971E+16
17577,17578,6,4,39,5,2016,8,14,1,3,9,1,0,0,0,1,0,0,0,0,4.22189E+20,5.55658E+21,7.91073E+15,5.01563E+16
17578,17579,6,4,38,6,2016,8,16,7,3,8,1,0,1,0,1,0,0,0,0,4.77558E+20,5.53819E+21,8.68688E+15,4.99956E+16
17579,17580,6,4,34,2,2016,8,19,3,3,5,3,0,0,1,1,0,0,0,0,4.75752E+20,5.56995E+21,8.65966E+15,5.02811E+16
17580,17581,6,4,14,0,2016,8,17,2,3,2,6,0,0,0,1,0,0,0,0,4.40127E+20,5.55005E+21,8.16283E+15,5.00997E+16
17581,17582,6,4,32,12,2016,8,12,3,3,5,3,0,0,0,1,0,0,0,0,4.8074E+20,5.53125E+21,8.73163E+15,4.99333E+16
17582,17583,6,4,14,0,2016,8,13,2,3,3,5,0,0,0,1,0,0,0,1,4.44411E+20,5.54776E+21,8.22306E+15,5.00795E+16
17583,17584,6,6,31,9,2016,8,12,6,3,2,6,0,1,0,1,0,0,0,0,5.49246E+20,5.6003E+21,9.69516E+15,5.05525E+16
17584,17585,6,4,31,5,2016,8,5,6,1,4,6,1,1,0,1,0,0,0,0,4.61957E+20,5.49853E+21,8.47311E+15,4.96381E+16
17585,17586,6,4,39,8,2016,8,16,1,3,0,1,0,1,0,0,0,1,0,0,4.46741E+20,5.56207E+21,8.25362E+15,5.02084E+16
17586,17587,6,4,38,12,2016,8,19,7,3,8,1,0,1,0,1,0,0,0,0,4.87206E+20,5.53404E+21,8.82163E+15,4.99586E+16
17587,17588,6,4,37,2,2016,8,13,5,3,2,7,0,0,0,0,0,1,1,0,4.92875E+20,5.49402E+21,8.9014E+15,4.95987E+16
17588,17589,6,5,32,12,2016,8,11,4,3,3,6,0,0,0,1,0,0,0,0,4.50959E+20,5.61449E+21,8.30587E+15,5.06802E+16
17589,17590,6,6,36,13,2016,8,9,6,3,9,1,0,1,0,1,0,0,0,0,5.79008E+20,5.67037E+21,1.01303E+16,5.11792E+16
17590,17591,6,6,33,10,2016,8,18,5,3,2,6,0,0,0,1,0,0,0,0,5.27842E+20,5.7024E+21,9.40086E+15,5.14721E+16
17591,17592,6,5,31,5,2016,8,18,4,3,5,3,0,0,0,1,0,0,0,0,4.79426E+20,5.60465E+21,8.70933E+15,5.05934E+16
17592,17593,6,5,33,2,2016,8,14,2,3,3,6,0,0,0,1,0,0,0,0,4.3937E+20,5.57876E+21,8.14765E+15,5.03577E+16
17593,17594,6,4,37,9,2016,8,13,2,3,2,6,0,0,0,1,0,0,0,0,5.01235E+20,5.51786E+21,9.01716E+15,4.98132E+16
17594,17595,6,4,33,6,2016,8,10,4,2,6,4,0,0,0,1,1,0,0,0,4.62782E+20,5.52512E+21,8.48199E+15,4.98773E+16
17595,17596,6,4,38,2,2016,8,17,3,3,4,3,0,0,1,1,0,0,0,0,4.76608E+20,5.54079E+21,8.67347E+15,5.0019E+16
17596,17597,6,6,35,19,2016,8,16,1,3,2,6,0,0,0,1,0,1,0,0,4.97839E+20,5.67286E+21,8.96906E+15,5.12072E+16
17597,17598,6,4,31,2,2016,8,20,7,3,9,1,1,1,0,1,0,0,0,0,4.71125E+20,5.50256E+21,8.59979E+15,4.96749E+16
17598,17599,6,4,31,2,2016,8,10,3,2,8,1,0,0,0,0,0,1,0,0,4.73713E+20,5.50591E+21,8.63543E+15,4.97051E+16
17599,17600,6,5,32,13,2016,8,15,2,1,5,3,0,0,0,1,0,0,0,0,4.63314E+20,5.61492E+21,8.48069E+15,5.0685E+16
17600,17601,6,4,31,14,2016,8,4,1,3,9,1,2,1,0,1,0,0,0,0,4.77494E+20,5.50973E+21,8.68764E+15,4.97396E+16
17601,17602,6,5,35,1,2016,8,14,1,1,9,1,0,0,0,0,0,1,0,0,5.25005E+20,5.62233E+21,9.35447E+15,5.07522E+16
17602,17603,6,6,34,8,2016,8,20,6,3,9,1,1,1,0,1,0,0,0,0,5.37067E+20,5.67326E+21,9.53064E+15,5.12095E+16
17603,17604,6,6,11,0,2016,8,18,2,2,0,6,0,0,0,1,0,1,0,0,5.34921E+20,5.68487E+21,9.50106E+15,5.13141E+16
17604,17605,6,5,33,3,2016,8,11,6,3,1,7,0,0,0,1,0,0,1,0,4.45492E+20,5.57251E+21,8.23462E+15,5.03022E+16
17605,17606,6,4,36,7,2016,8,18,7,3,2,6,0,1,0,1,0,0,0,0,4.53811E+20,5.54504E+21,8.35476E+15,5.00558E+16
17606,17607,6,4,40,9,2016,8,18,3,2,8,1,0,0,0,0,0,1,0,0,5.14629E+20,5.58797E+21,9.20602E+15,5.04435E+16
17607,17608,6,6,11,0,2016,8,16,2,3,2,2,0,0,0,1,0,0,0,0,5.30558E+20,5.68736E+21,9.43867E+15,5.13367E+16
17608,17609,6,4,31,19,2016,8,13,1,3,0,1,0,1,0,0,0,1,0,0,4.82243E+20,5.49524E+21,8.75421E+15,4.96095E+16
17609,17610,6,4,13,0,2016,8,19,6,3,2,6,0,1,0,1,0,0,0,0,4.85463E+20,5.54916E+21,8.79676E+15,5.00946E+16
17610,17611,6,6,36,16,2016,8,15,3,3,2,7,0,0,0,1,0,0,0,0,5.58875E+20,5.68067E+21,9.84403E+15,5.12743E+16
17611,17612,6,4,12,0,2016,8,17,2,3,2,6,0,0,0,1,0,0,0,0,4.74088E+20,5.55258E+21,8.6375E+15,5.01249E+16
17612,17613,6,4,38,10,2016,8,13,6,3,3,6,0,0,0,1,0,0,0,0,4.89735E+20,5.54544E+21,8.85659E+15,5.00611E+16
17613,17614,6,5,34,6,2016,8,13,7,3,8,1,0,0,0,1,0,0,0,0,4.8532E+20,5.63399E+21,8.79143E+15,5.08574E+16
17614,17615,6,6,35,11,2016,8,21,5,2,9,1,2,1,0,1,0,0,0,0,4.85217E+20,5.66035E+21,8.7889E+15,5.10944E+16
17615,17616,6,4,12,0,2016,8,22,5,3,0,1,2,1,0,0,0,1,0,0,4.69972E+20,5.55249E+21,8.57993E+15,5.01239E+16
17616,17617,6,4,31,5,2016,8,16,4,3,2,6,0,1,0,1,0,1,0,0,4.60362E+20,5.50055E+21,8.45082E+15,4.96561E+16
17617,17618,6,4,12,0,2016,8,17,3,3,6,4,0,0,0,1,1,0,0,0,4.79579E+20,5.5525E+21,8.71433E+15,5.01244E+16
17618,17619,6,4,34,8,2016,8,20,5,2,1,1,1,0,0,1,0,1,0,0,4.61743E+20,5.56476E+21,8.46358E+15,5.02337E+16
17619,17620,6,5,32,11,2016,8,18,3,3,2,2,0,0,0,1,0,0,0,0,4.42948E+20,5.62389E+21,8.19103E+15,5.0764E+16
17620,17621,6,6,36,4,2016,8,14,2,2,3,6,0,0,1,0,0,1,0,0,5.5353E+20,5.67594E+21,9.7667E+15,5.12323E+16
17621,17622,6,4,12,0,2016,8,15,4,3,3,2,0,0,1,1,0,0,0,0,4.76202E+20,5.56002E+21,8.66661E+15,5.01919E+16
17622,17623,6,6,35,21,2016,8,12,1,2,8,1,0,0,0,0,0,1,0,0,5.00352E+20,5.67221E+21,9.00504E+15,5.12013E+16
17623,17624,6,6,31,6,2016,8,21,2,2,9,1,2,0,0,1,0,0,0,0,5.49874E+20,5.59347E+21,9.70311E+15,5.04911E+16
17624,17625,6,4,35,14,2016,8,17,4,2,2,6,0,0,0,1,1,0,0,0,4.94781E+20,5.55281E+21,8.92698E+15,5.01275E+16
17625,17626,6,5,35,1,2016,8,18,3,2,5,2,0,0,0,1,0,0,0,0,5.19098E+20,5.6217E+21,9.27069E+15,5.07468E+16
17626,17627,6,4,12,0,2016,8,15,1,3,1,3,0,0,0,1,0,1,0,0,4.75152E+20,5.54676E+21,8.65277E+15,5.00726E+16
17627,17628,6,4,14,0,2016,8,16,6,3,2,6,0,0,0,1,0,0,0,0,4.4583E+20,5.54686E+21,8.24301E+15,5.00715E+16
17628,17629,6,5,34,22,2016,8,15,3,3,2,6,0,0,0,1,0,0,0,1,4.97983E+20,5.63997E+21,8.97132E+15,5.09114E+16
17629,17630,6,5,32,22,2016,8,21,2,3,5,3,2,0,0,1,0,0,0,0,4.64147E+20,5.58657E+21,8.4952E+15,5.04301E+16
17630,17631,6,5,34,12,2016,8,15,1,3,4,1,0,0,0,1,0,1,0,0,4.76804E+20,5.63308E+21,8.6705E+15,5.08489E+16
17631,17632,6,4,33,2,2016,8,18,1,2,5,3,0,0,1,1,0,0,0,0,4.53229E+20,5.53793E+21,8.3475E+15,4.99919E+16
17632,17633,6,5,33,17,2016,8,11,6,2,9,1,0,1,0,1,0,0,0,0,4.49096E+20,5.59421E+21,8.28227E+15,5.04976E+16
17633,17634,6,6,32,2,2016,8,7,5,3,8,7,0,0,0,1,0,0,0,0,5.50897E+20,5.63613E+21,9.7234E+15,5.08746E+16
17634,17635,6,4,33,9,2016,8,14,1,3,5,2,0,0,0,1,0,0,0,0,4.61041E+20,5.53334E+21,8.45694E+15,4.99511E+16
17635,17636,6,4,37,9,2016,8,7,5,1,2,6,0,0,0,1,0,0,1,0,5.00029E+20,5.51553E+21,9.0004E+15,4.97922E+16
17636,17637,6,6,34,5,2016,8,13,7,3,2,6,0,0,0,0,0,1,0,1,5.19012E+20,5.66536E+21,9.27175E+15,5.11394E+16
17637,17638,6,4,39,2,2016,8,11,4,3,4,1,0,1,0,1,0,0,0,0,4.33574E+20,5.55627E+21,8.07013E+15,5.01549E+16
17638,17639,6,4,36,9,2016,8,17,4,3,2,6,0,0,0,1,0,0,0,0,4.62424E+20,5.54688E+21,8.4749E+15,5.0073E+16
17639,17640,6,4,34,8,2016,8,21,3,3,3,2,2,0,0,1,0,0,0,0,4.6989E+20,5.56162E+21,8.57805E+15,5.0206E+16
17640,17641,6,4,39,5,2016,8,12,1,3,4,6,0,0,0,0,0,1,0,0,4.23687E+20,5.55119E+21,7.93276E+15,5.01081E+16
17641,17642,6,5,35,13,2016,8,16,6,2,2,6,0,0,0,1,0,1,0,0,4.98671E+20,5.61004E+21,8.9812E+15,5.06422E+16