FID,OBJECTID,ULAND,UREGBEZ,UKREIS,UGEMEINDE,UJAHR,UMONAT,USTUNDE,UWOCHENTAG,UKATEGORIE,UART,UTYP1,ULICHTVERH,IstStrasse,IstRad,IstPKW,IstFuss,IstKrad,IstGkfz,IstSonstig,LINREFX,LINREFY,XGCSWGS84,YGCSWGS84
17642,17643,6,4,38,8,2016,8,7,1,3,8,1,0,0,0,1,0,0,0,0,4.87546E+20,5.5528E+21,8.82577E+15,5.01273E+16
17643,17644,6,4,13,0,2016,8,16,7,3,1,5,0,0,0,1,0,0,0,0,4.84477E+20,5.54935E+21,8.78296E+15,5.00962E+16
17644,17645,6,5,34,16,2016,8,17,5,3,5,3,0,0,0,1,0,1,0,0,5.07544E+20,5.63655E+21,9.10723E+15,5.08806E+16
17645,17646,6,6,11,0,2016,8,16,4,3,5,3,0,1,0,1,0,0,0,0,5.34439E+20,5.68751E+21,9.4944E+15,5.13378E+16
17646,17647,6,6,31,9,2016,8,10,4,3,0,7,0,0,0,1,0,0,1,0,5.47749E+20,5.60168E+21,9.6742E+15,5.05651E+16
17647,17648,6,6,34,5,2016,8,13,3,2,0,7,0,0,0,0,0,0,0,1,5.20876E+20,5.66907E+21,9.29861E+15,5.11727E+16
17648,17649,6,4,35,27,2016,8,12,1,3,9,1,0,0,0,1,0,1,0,0,5.45674E+20,5.57264E+21,9.64136E+15,5.03041E+16
17649,17650,6,4,40,1,2016,8,7,5,2,6,4,0,0,0,1,1,0,0,0,4.95985E+20,5.57037E+21,8.94365E+15,5.02854E+16
17650,17651,6,4,35,14,2016,8,13,3,3,5,3,0,0,1,1,0,0,0,0,4.93816E+20,5.55387E+21,8.91347E+15,5.0137E+16
17651,17652,6,4,38,2,2016,8,17,2,3,5,2,0,0,0,1,0,1,0,0,4.79315E+20,5.54302E+21,8.71113E+15,5.00391E+16
17652,17653,6,4,37,13,2016,8,12,4,3,4,6,0,0,0,1,0,0,0,0,4.94505E+20,5.50686E+21,8.92378E+15,4.97142E+16
17653,17654,6,5,33,3,2016,8,7,4,3,2,6,0,0,0,1,0,0,0,0,4.46279E+20,5.56919E+21,8.24613E+15,5.02724E+16
17654,17655,6,6,31,15,2016,8,19,3,3,0,7,0,0,1,1,0,0,0,0,5.54339E+20,5.61373E+21,9.769E+15,5.06728E+16
17655,17656,6,4,39,1,2016,8,16,1,2,5,2,0,0,0,1,0,1,0,0,4.3283E+20,5.56705E+21,8.05781E+15,5.02518E+16
17656,17657,6,4,39,5,2016,8,0,6,3,8,1,2,0,0,1,0,0,0,0,4.23948E+20,5.55723E+21,7.93522E+15,5.01624E+16
17657,17658,6,6,11,0,2016,8,3,1,2,9,1,2,0,0,1,0,0,0,0,5.3341E+20,5.68131E+21,9.47905E+15,5.12822E+16
17658,17659,6,4,35,12,2016,8,17,3,3,0,6,0,0,0,1,0,0,0,1,5.09642E+20,5.56084E+21,9.13509E+15,5.01996E+16
17659,17660,6,4,12,0,2016,8,17,2,3,2,6,0,0,0,1,0,0,0,0,4.79956E+20,5.54584E+21,8.71995E+15,5.00645E+16
17660,17661,6,5,35,1,2016,8,19,1,3,2,6,1,1,0,1,0,1,0,0,5.29548E+20,5.62583E+21,9.41914E+15,5.07834E+16
17661,17662,6,4,33,14,2016,8,1,1,3,6,6,2,0,0,0,1,0,0,1,4.55054E+20,5.52446E+21,8.37452E+15,4.98708E+16
17662,17663,6,5,32,6,2016,8,13,6,2,4,1,0,1,0,1,0,0,0,0,4.55214E+20,5.61999E+21,8.36542E+15,5.073E+16
17663,17664,6,4,31,13,2016,8,17,7,1,3,2,0,0,0,0,0,1,0,1,4.57217E+20,5.4984E+21,8.40748E+15,4.96366E+16
17664,17665,6,4,14,0,2016,8,15,5,3,0,6,0,0,0,0,0,0,0,1,4.45729E+20,5.54594E+21,8.24174E+15,5.00632E+16
17665,17666,6,6,31,20,2016,8,18,1,3,3,6,0,0,0,1,0,0,0,0,5.51783E+20,5.6006E+21,9.731E+15,5.0555E+16
17666,17667,6,4,33,5,2016,8,22,5,3,5,3,2,0,0,1,0,0,0,0,4.52238E+20,5.53831E+21,8.33363E+15,4.99952E+16
17667,17668,6,4,31,17,2016,8,20,7,3,2,6,1,0,0,1,0,0,0,0,4.80054E+20,5.49462E+21,8.72394E+15,4.96038E+16
17668,17669,6,4,39,12,2016,8,18,1,3,2,6,0,0,0,1,0,0,0,0,4.27698E+20,5.53792E+21,7.99135E+15,4.99892E+16
17669,17670,6,6,33,20,2016,8,19,2,2,9,1,0,0,0,1,0,0,0,0,5.38294E+20,5.6854E+21,9.54951E+15,5.13187E+16
17670,17671,6,5,34,7,2016,8,16,2,3,2,6,0,0,0,1,0,0,0,0,4.69621E+20,5.63423E+21,8.56837E+15,5.0859E+16
17671,17672,6,4,12,0,2016,8,17,3,3,0,7,0,0,0,0,0,0,0,1,4.6717E+20,5.55081E+21,8.54088E+15,5.01086E+16
17672,17673,6,6,11,0,2016,8,18,2,3,2,6,0,0,0,1,0,0,0,0,5.34746E+20,5.68669E+21,9.49872E+15,5.13304E+16
17673,17674,6,6,31,9,2016,8,13,6,3,5,2,0,1,1,1,0,0,0,0,5.48473E+20,5.60092E+21,9.68433E+15,5.05582E+16
17674,17675,6,4,32,22,2016,8,14,6,3,8,1,0,0,0,0,0,1,0,0,4.76914E+20,5.51326E+21,8.67939E+15,4.97714E+16
17675,17676,6,5,31,2,2016,8,10,2,2,7,6,0,1,0,1,0,0,0,0,4.71443E+20,5.60872E+21,8.59624E+15,5.06297E+16
17676,17677,6,6,34,26,2016,8,14,1,3,4,3,0,0,0,1,0,0,0,0,5.16163E+20,5.63733E+21,9.22978E+15,5.08874E+16
17677,17678,6,5,32,11,2016,8,15,7,2,9,1,0,0,0,1,0,0,0,0,4.43008E+20,5.62386E+21,8.19189E+15,5.07637E+16
17678,17679,6,5,35,1,2016,8,18,3,3,9,1,0,0,0,1,0,0,0,0,5.2045E+20,5.62132E+21,9.28984E+15,5.07433E+16
17679,17680,6,4,36,4,2016,8,12,2,3,2,6,0,0,0,1,0,0,0,0,4.58386E+20,5.53982E+21,8.41923E+15,5.00092E+16
17680,17681,6,6,32,3,2016,8,10,4,2,5,3,0,0,0,1,0,1,0,0,5.56252E+20,5.64532E+21,9.80091E+15,5.09567E+16
17681,17682,6,6,34,1,2016,8,16,3,3,3,6,0,0,0,1,0,0,0,0,5.19464E+20,5.65076E+21,9.27744E+15,5.10081E+16
17682,17683,6,6,31,6,2016,8,23,3,3,2,6,2,0,0,0,0,0,1,0,5.50867E+20,5.59328E+21,9.71708E+15,5.04893E+16
17683,17684,6,5,32,13,2016,8,15,6,2,2,6,0,0,1,1,0,0,0,0,4.64943E+20,5.61371E+21,8.50387E+15,5.06742E+16
17684,17685,6,4,12,0,2016,8,7,3,3,2,6,0,0,0,1,0,0,0,0,4.78005E+20,5.54547E+21,8.69271E+15,5.00612E+16
17685,17686,6,5,31,5,2016,8,6,1,3,5,3,0,0,1,1,0,0,0,0,4.77927E+20,5.60366E+21,8.6882E+15,5.05844E+16
17686,17687,6,6,35,19,2016,8,17,7,2,8,1,0,0,0,0,0,1,0,0,4.9146E+20,5.66817E+21,8.87787E+15,5.11649E+16
17687,17688,6,5,34,18,2016,8,18,1,3,5,3,0,0,1,0,0,1,0,0,4.99911E+20,5.62706E+21,8.99873E+15,5.07953E+16
17688,17689,6,4,40,14,2016,8,23,7,2,2,6,2,0,0,1,0,0,0,0,4.9937E+20,5.56679E+21,8.99116E+15,5.02533E+16
17689,17690,6,4,12,0,2016,8,18,5,3,2,6,0,0,0,1,0,0,0,0,4.75348E+20,5.55062E+21,8.65526E+15,5.01073E+16
17690,17691,6,5,31,5,2016,8,7,7,3,0,1,0,0,0,1,0,0,0,0,4.79848E+20,5.60874E+21,8.71507E+15,5.06302E+16
17691,17692,6,5,31,11,2016,8,15,5,3,4,6,0,0,0,1,0,0,0,0,4.86497E+20,5.59819E+21,8.80946E+15,5.05355E+16
17692,17693,6,5,35,5,2016,8,19,2,2,9,1,0,0,0,0,0,1,0,0,5.09699E+20,5.61429E+21,9.13729E+15,5.06803E+16
17693,17694,6,5,32,6,2016,8,12,7,3,5,3,0,0,0,1,0,0,0,0,4.48721E+20,5.62039E+21,8.27337E+15,5.0733E+16
17694,17695,6,6,36,16,2016,8,5,2,3,5,3,1,0,0,1,0,0,0,0,5.61403E+20,5.68888E+21,9.88169E+15,5.13479E+16
17695,17696,6,4,12,0,2016,8,16,7,3,8,1,0,1,0,1,0,0,0,0,4.67814E+20,5.54741E+21,8.55016E+15,5.00781E+16
17696,17697,6,4,31,7,2016,8,7,3,2,5,3,0,0,0,1,0,0,0,0,4.82929E+20,5.49868E+21,8.76355E+15,4.96404E+16
17697,17698,6,6,35,9,2016,8,12,2,3,2,6,0,0,0,1,0,1,0,0,5.09427E+20,5.66767E+21,9.13481E+15,5.11604E+16
17698,17699,6,4,11,0,2016,8,5,3,3,8,7,1,0,0,1,0,0,0,0,4.79013E+20,5.52371E+21,8.70798E+15,4.98655E+16
17699,17700,6,4,13,0,2016,8,21,2,3,5,3,2,0,0,1,0,0,0,1,4.8218E+20,5.5488E+21,8.75088E+15,5.00912E+16
17700,17701,6,5,32,23,2016,8,17,6,3,3,7,0,0,0,1,0,0,0,0,4.64455E+20,5.60215E+21,8.49806E+15,5.05702E+16
17701,17702,6,4,33,12,2016,8,9,6,3,5,3,0,0,1,1,0,0,0,0,4.5916E+20,5.53705E+21,8.43033E+15,4.99843E+16
17702,17703,6,4,40,24,2016,8,12,7,3,2,6,0,0,1,1,0,0,0,0,4.86916E+20,5.58291E+21,8.81591E+15,5.03981E+16
17703,17704,6,6,34,6,2016,8,9,5,1,5,3,0,0,0,1,0,1,0,0,5.06188E+20,5.64544E+21,9.08811E+15,5.09606E+16
17704,17705,6,6,31,9,2016,8,17,5,2,4,6,0,0,0,1,0,0,0,0,5.50607E+20,5.59723E+21,9.71394E+15,5.05248E+16
17705,17706,6,5,34,4,2016,8,19,4,2,5,3,0,0,0,1,0,0,0,0,4.68663E+20,5.63596E+21,8.55461E+15,5.08745E+16
17706,17707,6,6,33,9,2016,8,18,3,2,8,1,0,0,0,0,0,1,0,0,5.42181E+20,5.69507E+21,9.60643E+15,5.14053E+16
17707,17708,6,4,14,0,2016,8,6,6,3,1,5,0,0,0,1,0,0,1,0,4.48938E+20,5.54098E+21,8.28723E+15,5.00189E+16
17708,17709,6,6,35,11,2016,8,13,5,3,2,6,0,0,0,1,0,0,0,1,4.83531E+20,5.65841E+21,8.76491E+15,5.1077E+16
17709,17710,6,6,11,0,2016,8,16,4,3,5,3,0,1,1,1,0,0,0,0,5.35652E+20,5.68456E+21,9.51152E+15,5.13113E+16
17710,17711,6,6,36,13,2016,8,14,1,3,8,3,0,0,0,1,0,0,0,0,5.82324E+20,5.66792E+21,1.01772E+16,5.11568E+16
17711,17712,6,4,12,0,2016,8,9,5,3,5,3,0,0,0,1,0,1,0,0,4.64985E+20,5.54953E+21,8.51043E+15,5.0097E+16
17712,17713,6,4,33,12,2016,8,1,7,3,9,6,2,0,0,1,0,0,0,1,4.59661E+20,5.53602E+21,8.43742E+15,4.99752E+16
17713,17714,6,6,11,0,2016,8,23,5,3,8,5,2,0,0,1,0,0,0,0,5.32595E+20,5.68467E+21,9.46767E+15,5.13124E+16
17714,17715,6,5,31,5,2016,8,15,5,3,2,6,0,0,0,1,0,0,0,0,4.79574E+20,5.60355E+21,8.71147E+15,5.05835E+16
17715,17716,6,4,38,11,2016,8,8,2,3,2,6,0,0,0,1,0,0,1,0,4.92574E+20,5.54507E+21,8.89626E+15,5.00579E+16
17716,17717,6,4,35,19,2016,8,18,2,3,2,6,0,0,0,1,0,0,0,0,4.85825E+20,5.55392E+21,8.80165E+15,5.01373E+16
17717,17718,6,5,34,19,2016,8,5,4,2,4,1,2,1,0,1,0,0,1,0,4.63096E+20,5.6359E+21,8.4755E+15,5.08736E+16
17718,17719,6,4,31,11,2016,8,15,2,2,2,6,0,0,0,1,0,0,0,0,4.71807E+20,5.49902E+21,8.6095E+15,4.96431E+16
17719,17720,6,4,14,0,2016,8,16,7,3,2,6,0,1,0,1,0,0,0,0,4.5156E+20,5.54506E+21,8.3233E+15,5.00558E+16
17720,17721,6,4,32,15,2016,8,16,3,3,3,2,0,0,1,0,0,0,1,0,4.90848E+20,5.53037E+21,8.87249E+15,4.99256E+16
17721,17722,6,6,35,3,2016,8,16,2,3,5,3,0,0,0,1,0,0,0,0,5.11197E+20,5.65654E+21,9.15978E+15,5.10602E+16
17722,17723,6,4,35,29,2016,8,11,1,3,8,7,0,0,0,0,0,1,0,0,5.19057E+20,5.56962E+21,9.26746E+15,5.02784E+16
17723,17724,6,4,12,0,2016,8,16,6,3,5,3,0,0,1,1,0,0,0,0,4.81343E+20,5.55223E+21,8.73902E+15,5.01221E+16
17724,17725,6,4,39,5,2016,8,16,3,3,2,6,0,0,0,1,0,0,0,0,4.27437E+20,5.55917E+21,7.98369E+15,5.01803E+16
17725,17726,6,4,12,0,2016,8,16,2,3,2,6,0,0,0,1,0,0,0,0,4.7441E+20,5.55013E+21,8.64217E+15,5.01028E+16
17726,17727,6,6,31,20,2016,8,13,6,3,8,1,0,1,0,1,0,0,0,0,5.51841E+20,5.60031E+21,9.73179E+15,5.05525E+16
17727,17728,6,5,35,13,2016,8,13,6,3,2,6,0,0,0,1,0,0,0,0,5.01488E+20,5.61259E+21,9.02105E+15,5.06652E+16
17728,17729,6,4,38,4,2016,8,16,5,3,2,6,0,0,0,1,0,0,0,0,4.95176E+20,5.54709E+21,8.93258E+15,5.00761E+16
17729,17730,6,4,33,12,2016,8,9,5,3,2,6,0,0,0,1,0,0,0,0,4.55765E+20,5.53583E+21,8.38312E+15,4.99732E+16
17730,17731,6,5,34,8,2016,8,7,4,2,9,1,0,1,0,1,0,0,0,0,4.8864E+20,5.61931E+21,8.83905E+15,5.07255E+16
17731,17732,6,4,11,0,2016,8,21,3,3,5,2,1,0,0,1,0,0,0,1,4.75753E+20,5.52455E+21,8.66256E+15,4.98729E+16
17732,17733,6,4,39,3,2016,8,12,1,3,2,6,0,0,0,1,0,1,0,0,4.36111E+20,5.54153E+21,8.10811E+15,5.00227E+16
17733,17734,6,4,34,6,2016,8,12,5,3,5,3,0,0,0,1,0,0,0,0,4.65253E+20,5.5596E+21,8.51327E+15,5.01876E+16
17734,17735,6,6,31,2,2016,8,12,3,3,0,3,0,0,0,1,0,0,0,0,5.49792E+20,5.61913E+21,9.70539E+15,5.07218E+16
17735,17736,6,6,34,2,2016,8,16,2,3,2,6,0,0,0,1,0,0,0,1,5.28536E+20,5.67307E+21,9.40851E+15,5.12083E+16
17736,17737,6,4,12,0,2016,8,17,4,3,2,6,0,0,0,1,0,0,0,0,4.78544E+20,5.55029E+21,8.69996E+15,5.01045E+16
17737,17738,6,6,32,2,2016,8,14,1,3,0,7,0,0,0,1,0,0,0,0,5.49321E+20,5.63556E+21,9.70093E+15,5.08696E+16
17738,17739,6,4,35,14,2016,8,7,2,2,5,3,0,0,0,1,0,1,0,0,4.94514E+20,5.54978E+21,8.92329E+15,5.01002E+16
17739,17740,6,6,34,8,2016,8,18,4,1,2,6,0,0,0,1,0,0,1,0,5.328E+20,5.67159E+21,9.4694E+15,5.11947E+16
17740,17741,6,5,34,20,2016,8,13,3,3,9,6,0,0,0,1,0,0,0,0,4.8156E+20,5.62113E+21,8.73865E+15,5.07416E+16
17741,17742,6,4,37,11,2016,8,12,1,2,5,3,0,0,0,1,0,1,0,0,5.0627E+20,5.50691E+21,9.08698E+15,4.97147E+16
17742,17743,6,4,12,0,2016,8,15,6,3,5,3,0,0,0,1,0,0,0,0,4.80828E+20,5.55184E+21,8.73183E+15,5.01185E+16
17743,17744,6,6,34,8,2016,8,13,1,2,0,1,0,0,0,0,0,1,0,0,5.32905E+20,5.67125E+21,9.47087E+15,5.11917E+16
17744,17745,6,5,32,23,2016,8,13,3,3,5,3,0,0,0,1,0,0,0,0,4.65511E+20,5.60023E+21,8.51315E+15,5.0553E+16
17745,17746,6,4,12,0,2016,8,7,2,1,3,6,0,0,0,1,0,1,0,0,4.82241E+20,5.55416E+21,8.75148E+15,5.01394E+16
17746,17747,6,5,31,16,2016,8,11,1,3,5,3,0,0,0,1,0,0,0,0,4.86908E+20,5.6049E+21,8.81503E+15,5.05958E+16
17747,17748,6,4,40,19,2016,8,16,6,1,3,6,0,1,0,1,0,1,0,0,5.09957E+20,5.58039E+21,9.14002E+15,5.03755E+16
17748,17749,6,4,35,25,2016,9,17,6,3,2,6,0,0,0,1,0,1,0,0,5.35752E+20,5.58301E+21,9.50303E+15,5.03981E+16
17749,17750,6,4,33,2,2016,9,0,1,3,6,6,2,0,0,1,1,0,0,0,4.53776E+20,5.53819E+21,8.35508E+15,4.99943E+16
17750,17751,6,6,33,29,2016,9,13,7,3,5,2,0,0,0,1,0,0,0,0,5.20317E+20,5.69062E+21,9.29185E+15,5.13665E+16
17751,17752,6,4,31,2,2016,9,14,6,3,0,6,0,0,0,1,0,1,0,0,4.72721E+20,5.50422E+21,8.62179E+15,4.96899E+16
17752,17753,6,4,12,0,2016,9,9,5,3,5,3,0,0,1,1,0,0,0,0,4.73045E+20,5.54993E+21,8.6231E+15,5.0101E+16
17753,17754,6,6,33,28,2016,8,9,4,2,4,6,0,0,0,1,0,0,1,0,5.13526E+20,5.68464E+21,9.19407E+15,5.13129E+16
17754,17755,6,4,14,0,2016,8,22,3,2,5,3,2,0,0,1,0,0,0,0,4.4438E+20,5.54641E+21,8.22282E+15,5.00674E+16
17755,17756,6,5,31,5,2016,9,16,4,3,5,2,0,0,1,1,0,0,0,0,4.77327E+20,5.60417E+21,8.67971E+15,5.0589E+16
17756,17757,6,5,32,23,2016,8,5,3,3,5,3,2,0,0,1,0,0,0,0,4.64271E+20,5.60072E+21,8.4956E+15,5.05573E+16
17757,17758,6,4,12,0,2016,8,17,2,2,2,6,0,0,0,1,0,0,0,0,4.65015E+20,5.55064E+21,8.51076E+15,5.0107E+16
17758,17759,6,4,34,8,2016,8,16,4,3,2,6,0,0,0,1,0,0,0,1,4.70442E+20,5.56393E+21,8.58561E+15,5.02268E+16
17759,17760,6,4,14,0,2016,8,21,6,3,2,6,2,0,0,1,0,0,0,0,4.44256E+20,5.54889E+21,8.22073E+15,5.00897E+16
17760,17761,6,4,12,0,2016,9,13,6,3,2,6,0,0,0,1,0,0,0,0,4.84317E+20,5.55641E+21,8.78044E+15,5.01597E+16
17761,17762,6,5,32,21,2016,9,20,4,3,6,7,2,0,1,0,1,0,0,0,4.58473E+20,5.60032E+21,8.4138E+15,5.05534E+16
17762,17763,6,6,32,14,2016,9,13,3,3,8,6,0,0,0,1,0,0,0,0,5.42099E+20,5.63699E+21,9.59846E+15,5.0883E+16
17763,17764,6,4,38,2,2016,8,14,1,3,4,6,0,0,0,1,0,0,0,0,4.82446E+20,5.53614E+21,8.75518E+15,4.99773E+16
17764,17765,6,4,11,0,2016,8,20,1,3,3,6,2,0,0,0,0,1,0,1,4.7151E+20,5.52585E+21,8.60341E+15,4.98843E+16
17765,17766,6,5,32,6,2016,9,12,5,3,5,3,0,0,0,1,0,0,0,0,4.50386E+20,5.62458E+21,8.2964E+15,5.07708E+16
17766,17767,6,4,12,0,2016,8,13,6,3,2,6,0,0,0,1,0,0,0,0,4.7133E+20,5.55148E+21,8.59899E+15,5.01148E+16
17767,17768,6,6,11,0,2016,8,14,5,3,3,6,0,0,0,1,0,0,0,0,5.34657E+20,5.6816E+21,9.49696E+15,5.12847E+16
17768,17769,6,6,31,9,2016,9,19,3,2,2,6,0,0,0,1,0,1,0,0,5.49642E+20,5.59906E+21,9.70057E+15,5.05414E+16
17769,17770,6,4,14,0,2016,8,17,4,3,5,3,0,0,0,1,0,0,0,0,4.41145E+20,5.54676E+21,8.17757E+15,5.00702E+16
17770,17771,6,6,34,5,2016,8,10,5,2,8,1,0,0,0,0,0,1,0,0,5.23526E+20,5.66727E+21,9.3364E+15,5.11564E+16
17771,17772,6,4,31,13,2016,8,17,5,2,5,3,0,0,0,1,0,1,0,0,4.69941E+20,5.49487E+21,8.58397E+15,4.96056E+16
17772,17773,6,4,39,10,2016,9,17,1,3,9,1,0,1,0,0,0,1,0,0,4.15921E+20,5.54823E+21,7.82484E+15,5.00804E+16
17773,17774,6,6,34,11,2016,9,10,1,2,8,1,0,1,0,1,0,0,0,0,5.3479E+20,5.65497E+21,9.49629E+15,5.10452E+16
17774,17775,6,4,32,10,2016,9,9,7,3,2,6,0,0,0,1,0,0,0,0,4.93729E+20,5.52443E+21,8.91273E+15,4.98723E+16
17775,17776,6,5,33,6,2016,9,11,6,3,2,6,0,0,0,1,0,0,0,0,4.31357E+20,5.58398E+21,8.03407E+15,5.04038E+16
17776,17777,6,4,38,3,2016,9,11,5,2,5,3,0,0,0,1,0,0,0,0,4.76425E+20,5.53454E+21,8.67131E+15,4.99627E+16
17777,17778,6,4,14,0,2016,8,10,3,3,5,7,0,0,0,1,0,0,0,0,4.4625E+20,5.5466E+21,8.24892E+15,5.00693E+16
17778,17779,6,5,33,11,2016,8,8,4,3,9,1,0,0,0,1,0,0,0,0,4.40829E+20,5.60313E+21,8.16432E+15,5.0577E+16
17779,17780,6,4,38,5,2016,8,18,3,2,5,2,0,0,1,1,0,0,0,0,4.84576E+20,5.54519E+21,8.78451E+15,5.00588E+16
17780,17781,6,4,14,0,2016,9,16,4,3,2,6,0,0,0,1,0,0,0,0,4.49632E+20,5.54287E+21,8.29666E+15,5.0036E+16
17781,17782,6,6,11,0,2016,8,13,2,3,2,2,0,1,0,1,0,0,0,0,5.33855E+20,5.6879E+21,9.48605E+15,5.13413E+16
17782,17783,6,6,34,22,2016,8,15,1,2,5,3,0,0,1,1,0,0,0,0,5.10322E+20,5.64067E+21,9.14684E+15,5.09175E+16
17783,17784,6,5,31,16,2016,9,17,6,3,2,6,0,0,0,1,0,0,0,0,4.89521E+20,5.60671E+21,8.8519E+15,5.06122E+16
17784,17785,6,6,35,9,2016,9,20,3,3,8,1,1,0,0,0,0,1,0,0,5.04642E+20,5.67185E+21,9.06644E+15,5.1198E+16
17785,17786,6,4,39,16,2016,8,2,7,3,8,1,2,0,0,1,0,0,0,0,4.55278E+20,5.56773E+21,8.37258E+15,5.026E+16
17786,17787,6,6,35,21,2016,9,8,2,3,0,1,0,1,0,0,0,1,0,0,4.99873E+20,5.67795E+21,8.99818E+15,5.12529E+16
17787,17788,6,5,34,17,2016,8,18,1,3,4,1,0,0,0,1,0,0,0,0,4.9092E+20,5.63883E+21,8.87087E+15,5.0901E+16
17788,17789,6,4,40,11,2016,9,16,2,3,5,3,0,0,0,0,0,0,0,1,5.09508E+20,5.5823E+21,9.13376E+15,5.03926E+16
17789,17790,6,4,13,0,2016,8,6,7,3,9,1,1,0,0,1,0,0,0,0,4.83169E+20,5.5466E+21,8.7648E+15,5.00714E+16
17790,17791,6,5,32,18,2016,9,7,5,3,8,1,0,0,0,1,0,0,0,1,4.63448E+20,5.59219E+21,8.48482E+15,5.04805E+16
17791,17792,6,4,35,14,2016,9,17,6,3,9,1,0,0,0,1,0,0,0,0,4.95233E+20,5.55136E+21,8.93333E+15,5.01145E+16
17792,17793,6,4,38,10,2016,9,15,4,3,2,6,0,0,0,1,0,0,1,0,4.87742E+20,5.54609E+21,8.82873E+15,5.0067E+16
17793,17794,6,4,36,6,2016,9,18,3,3,2,6,0,0,0,1,0,0,1,0,4.56492E+20,5.54446E+21,8.39227E+15,5.00508E+16
17794,17795,6,4,38,1,2016,8,0,1,3,8,7,2,0,0,1,0,0,0,0,4.84592E+20,5.53875E+21,8.785E+15,5.00009E+16
17795,17796,6,4,34,12,2016,9,9,2,3,8,7,0,1,0,1,0,0,0,0,4.6933E+20,5.57004E+21,8.56953E+15,5.02817E+16
17796,17797,6,6,35,15,2016,8,1,7,1,8,1,2,0,0,1,0,0,0,0,4.93667E+20,5.68087E+21,8.9092E+15,5.12791E+16
17797,17798,6,4,31,2,2016,9,14,5,3,5,3,0,0,0,1,0,0,0,1,4.7307E+20,5.5034E+21,8.62668E+15,4.96825E+16
17798,17799,6,5,32,8,2016,8,12,6,3,9,1,0,0,0,0,0,1,0,0,4.56501E+20,5.60761E+21,8.3851E+15,5.06187E+16
17799,17800,6,4,12,0,2016,8,19,5,2,3,6,0,0,1,0,0,0,1,0,4.76014E+20,5.55025E+21,8.66459E+15,5.01041E+16
17800,17801,6,4,14,0,2016,8,12,4,3,2,6,0,0,0,1,0,0,0,0,4.44891E+20,5.5478E+21,8.22976E+15,5.00799E+16
17801,17802,6,4,38,9,2016,8,17,5,2,5,2,0,0,0,1,0,1,0,0,4.79703E+20,5.54415E+21,8.7165E+15,5.00493E+16
17802,17803,6,6,31,12,2016,8,21,5,3,4,6,2,0,0,1,0,0,0,0,5.65949E+20,5.59785E+21,9.93047E+15,5.05288E+16
17803,17804,6,4,35,18,2016,9,10,1,3,9,1,0,1,0,1,0,0,0,0,5.13136E+20,5.55578E+21,9.18387E+15,5.01541E+16
17804,17805,6,5,33,2,2016,9,18,1,2,8,7,0,0,0,1,0,0,0,0,4.39143E+20,5.57886E+21,8.14445E+15,5.03587E+16
17805,17806,6,4,33,14,2016,9,16,7,3,0,7,0,0,0,0,0,1,0,0,4.56451E+20,5.5322E+21,8.39309E+15,4.99405E+16
17806,17807,6,5,32,2,2016,9,19,5,3,8,1,1,1,0,0,0,1,0,0,4.66697E+20,5.61949E+21,8.52817E+15,5.07263E+16
17807,17808,6,5,34,16,2016,8,6,4,2,8,1,0,0,0,0,0,1,0,0,5.09946E+20,5.63319E+21,9.14129E+15,5.08503E+16
17808,17809,6,4,36,9,2016,8,18,3,3,2,6,0,0,0,1,0,0,0,0,4.62813E+20,5.54941E+21,8.48008E+15,5.00958E+16
17809,17810,6,4,12,0,2016,9,15,4,3,1,5,0,0,0,1,0,0,0,1,4.75267E+20,5.55127E+21,8.65407E+15,5.01132E+16
17810,17811,6,4,14,0,2016,8,15,2,3,1,7,0,0,1,1,0,0,0,0,4.4462E+20,5.54762E+21,8.226E+15,5.00783E+16
17811,17812,6,5,33,17,2016,8,10,2,3,2,6,0,0,0,1,0,0,0,0,4.48394E+20,5.59241E+21,8.27263E+15,5.04814E+16
17812,17813,6,5,33,13,2016,9,13,5,3,5,3,0,0,0,1,0,0,0,0,4.36404E+20,5.58564E+21,8.1048E+15,5.04194E+16
17813,17814,6,4,31,15,2016,8,15,6,2,8,1,0,0,0,0,0,1,0,0,4.85125E+20,5.50384E+21,8.79378E+15,4.96869E+16
17814,17815,6,4,12,0,2016,9,8,3,3,9,7,0,0,0,1,0,0,0,0,4.72414E+20,5.55228E+21,8.6141E+15,5.01221E+16
17815,17816,6,5,33,10,2016,8,22,7,3,4,6,2,0,0,1,0,0,0,0,4.47488E+20,5.59968E+21,8.25884E+15,5.05467E+16
17816,17817,6,4,14,0,2016,9,7,2,3,2,6,0,0,0,1,0,0,0,0,4.45831E+20,5.54493E+21,8.24331E+15,5.00542E+16
17817,17818,6,4,38,11,2016,8,9,1,2,3,6,0,0,0,1,0,0,0,0,4.92227E+20,5.54571E+21,8.89139E+15,5.00636E+16
17818,17819,6,6,31,2,2016,9,20,2,3,2,6,2,0,0,1,1,1,0,0,5.51985E+20,5.61646E+21,9.73608E+15,5.06977E+16
17819,17820,6,4,36,7,2016,8,7,5,2,5,3,0,0,1,0,0,0,0,1,4.61016E+20,5.54791E+21,8.4551E+15,5.00822E+16
17820,17821,6,6,34,14,2016,9,7,6,3,5,3,0,0,0,1,0,1,0,0,5.38077E+20,5.6639E+21,9.54411E+15,5.11253E+16
17821,17822,6,5,32,12,2016,9,3,1,3,9,1,2,0,0,0,0,1,0,0,4.5203E+20,5.61282E+21,8.32125E+15,5.06653E+16
17822,17823,6,6,32,19,2016,9,17,5,2,0,1,0,0,0,0,0,1,0,0,5.61468E+20,5.62951E+21,9.87251E+15,5.0814E+16
17823,17824,6,6,11,0,2016,8,10,4,3,5,3,0,0,0,1,0,0,0,0,5.36989E+20,5.68656E+21,9.5309E+15,5.13291E+16