FID,OBJECTID,ULAND,UREGBEZ,UKREIS,UGEMEINDE,UJAHR,UMONAT,USTUNDE,UWOCHENTAG,UKATEGORIE,UART,UTYP1,ULICHTVERH,IstStrasse,IstRad,IstPKW,IstFuss,IstKrad,IstGkfz,IstSonstig,LINREFX,LINREFY,XGCSWGS84,YGCSWGS84
17824,17825,6,4,12,0,2016,8,18,4,3,2,6,0,0,0,1,0,0,0,1,4.73613E+20,5.55368E+21,8.63078E+15,5.01348E+16
17825,17826,6,4,36,7,2016,9,11,5,2,6,7,0,0,0,0,1,0,0,1,4.60367E+20,5.54823E+21,8.44601E+15,5.0085E+16
17826,17827,6,4,31,5,2016,8,12,3,3,4,6,0,0,1,0,0,0,0,0,4.60334E+20,5.5007E+21,8.45041E+15,4.96575E+16
17827,17828,6,4,36,9,2016,8,18,4,3,2,6,0,0,0,1,0,0,0,0,4.61772E+20,5.54882E+21,8.46558E+15,5.00904E+16
17828,17829,6,6,11,0,2016,9,12,7,3,2,6,0,0,0,1,0,1,0,0,5.36854E+20,5.6828E+21,9.52858E+15,5.12953E+16
17829,17830,6,5,33,8,2016,9,10,6,2,4,3,0,0,0,1,0,0,0,0,4.40731E+20,5.57646E+21,8.16715E+15,5.03372E+16
17830,17831,6,4,31,4,2016,8,16,5,3,0,7,0,0,0,1,0,0,0,0,4.78511E+20,5.49119E+21,8.70278E+15,4.95729E+16
17831,17832,6,4,40,23,2016,9,19,5,3,3,6,0,0,0,1,0,0,1,0,4.76394E+20,5.57011E+21,8.66867E+15,5.02827E+16
17832,17833,6,5,31,14,2016,8,22,4,3,8,1,2,0,0,1,0,0,0,0,4.7931E+20,5.59856E+21,8.70803E+15,5.05386E+16
17833,17834,6,5,32,11,2016,9,13,1,3,3,6,0,0,0,1,0,0,1,0,4.42997E+20,5.62285E+21,8.19189E+15,5.07546E+16
17834,17835,6,4,38,13,2016,8,19,4,3,2,6,0,0,0,1,0,0,0,0,4.9986E+20,5.542E+21,8.99805E+15,5.00303E+16
17835,17836,6,4,12,0,2016,9,12,7,2,9,1,0,0,0,1,0,0,0,0,4.65941E+20,5.55118E+21,8.52365E+15,5.01119E+16
17836,17837,6,5,32,23,2016,8,21,7,3,5,3,2,0,1,1,0,0,0,0,4.645E+20,5.60019E+21,8.49889E+15,5.05525E+16
17837,17838,6,4,35,14,2016,9,19,5,3,2,6,0,0,0,1,0,0,0,0,4.96833E+20,5.5521E+21,8.9557E+15,5.01211E+16
17838,17839,6,5,32,13,2016,8,19,3,3,8,1,0,0,0,0,0,1,0,0,4.64634E+20,5.61311E+21,8.49955E+15,5.06688E+16
17839,17840,6,6,34,14,2016,9,17,4,3,5,3,0,0,0,1,0,0,0,0,5.38446E+20,5.66458E+21,9.54946E+15,5.11314E+16
17840,17841,6,6,33,4,2016,8,17,2,3,2,6,0,0,0,1,0,0,0,0,5.1023E+20,5.69576E+21,9.1471E+15,5.1413E+16
17841,17842,6,5,32,19,2016,8,7,2,3,5,3,0,0,0,1,0,0,0,0,4.58711E+20,5.62051E+21,8.41491E+15,5.07349E+16
17842,17843,6,4,14,0,2016,9,14,5,3,6,4,0,0,0,1,1,0,0,0,4.46362E+20,5.54749E+21,8.25036E+15,5.00772E+16
17843,17844,6,6,34,5,2016,8,8,6,2,5,3,0,0,0,1,0,0,0,1,5.21481E+20,5.66729E+21,9.30717E+15,5.11566E+16
17844,17845,6,4,11,0,2016,9,15,3,3,2,6,0,0,0,1,0,0,0,0,4.76393E+20,5.52475E+21,8.67146E+15,4.98747E+16
17845,17846,6,5,35,14,2016,8,4,7,1,8,1,2,0,0,1,0,0,0,0,5.12751E+20,5.61538E+21,9.18052E+15,5.06901E+16
17846,17847,6,4,14,0,2016,9,14,2,3,1,5,0,0,0,1,0,0,0,0,4.44437E+20,5.54755E+21,8.22345E+15,5.00776E+16
17847,17848,6,6,33,17,2016,9,9,2,3,3,6,0,0,0,0,0,0,1,0,5.37719E+20,5.68138E+21,9.54084E+15,5.12825E+16
17848,17849,6,4,12,0,2016,8,8,5,3,2,6,0,0,0,1,0,0,0,0,4.72545E+20,5.54495E+21,8.61647E+15,5.00562E+16
17849,17850,6,6,34,18,2016,9,13,6,2,4,6,0,0,0,1,0,1,0,0,5.21915E+20,5.67418E+21,9.31379E+15,5.12186E+16
17850,17851,6,5,34,10,2016,9,17,1,3,8,1,0,1,0,1,0,0,0,0,4.68385E+20,5.62806E+21,8.55134E+15,5.08034E+16
17851,17852,6,4,37,1,2016,9,12,7,2,2,6,0,0,0,1,0,1,0,0,4.9937E+20,5.50818E+21,8.99125E+15,4.97261E+16
17852,17853,6,5,32,8,2016,9,17,6,3,2,6,0,0,0,1,0,1,0,0,4.54593E+20,5.6072E+21,8.35819E+15,5.06149E+16
17853,17854,6,4,14,0,2016,9,20,5,3,2,6,2,0,0,1,0,1,0,0,4.48522E+20,5.53982E+21,8.28157E+15,5.00084E+16
17854,17855,6,4,12,0,2016,8,20,4,3,9,1,1,0,0,1,0,0,0,0,4.8138E+20,5.55226E+21,8.73952E+15,5.01223E+16
17855,17856,6,6,33,15,2016,8,8,3,3,2,6,0,0,1,1,0,0,0,0,5.42033E+20,5.68162E+21,9.60272E+15,5.12844E+16
17856,17857,6,4,36,9,2016,9,22,5,3,3,6,2,0,0,1,0,0,0,0,4.63146E+20,5.54771E+21,8.48489E+15,5.00805E+16
17857,17858,6,4,33,4,2016,8,14,3,3,8,1,0,0,0,1,0,0,0,0,4.65666E+20,5.51124E+21,8.52336E+15,4.97526E+16
17858,17859,6,5,32,3,2016,8,13,2,3,8,1,0,0,0,0,0,1,0,0,4.52493E+20,5.59871E+21,8.3296E+15,5.05384E+16
17859,17860,6,4,31,6,2016,8,11,4,2,0,2,0,0,1,1,0,0,0,0,4.67097E+20,5.50255E+21,8.54396E+15,4.96745E+16
17860,17861,6,4,12,0,2016,9,10,6,3,3,6,0,0,0,1,0,0,0,0,4.72921E+20,5.5579E+21,8.62079E+15,5.01727E+16
17861,17862,6,5,33,9,2016,8,12,6,2,6,4,0,0,0,1,1,0,0,0,4.3306E+20,5.58197E+21,8.05839E+15,5.0386E+16
17862,17863,6,6,31,9,2016,9,11,6,3,5,3,0,0,0,1,0,0,0,0,5.48178E+20,5.59994E+21,9.68003E+15,5.05494E+16
17863,17864,6,5,35,13,2016,9,16,4,2,0,1,0,0,0,0,0,1,0,0,5.03199E+20,5.60875E+21,9.04523E+15,5.06306E+16
17864,17865,6,6,31,20,2016,8,9,2,3,3,6,0,0,0,1,0,1,0,0,5.51636E+20,5.60709E+21,9.72983E+15,5.06134E+16
17865,17866,6,4,35,14,2016,9,16,3,2,3,2,0,0,1,1,0,0,0,0,4.93532E+20,5.5548E+21,8.90947E+15,5.01454E+16
17866,17867,6,6,32,15,2016,8,19,1,2,2,6,0,1,0,1,0,0,0,0,5.40285E+20,5.63053E+21,9.57196E+15,5.08251E+16
17867,17868,6,4,35,10,2016,9,16,5,3,5,3,0,0,0,1,0,0,0,0,5.15854E+20,5.56071E+21,9.22213E+15,5.01983E+16
17868,17869,6,4,32,10,2016,8,13,6,3,4,6,0,0,0,1,0,0,0,0,4.95682E+20,5.52144E+21,8.93994E+15,4.98454E+16
17869,17870,6,5,35,14,2016,8,15,6,3,2,6,0,0,0,1,0,0,0,0,5.1497E+20,5.61912E+21,9.21208E+15,5.07237E+16
17870,17871,6,5,33,9,2016,8,17,5,3,2,7,0,0,1,1,0,0,0,0,4.33403E+20,5.58327E+21,8.06298E+15,5.03977E+16
17871,17872,6,4,34,5,2016,9,19,3,3,0,7,1,0,0,0,0,1,0,0,4.61462E+20,5.5579E+21,8.46033E+15,5.01721E+16
17872,17873,6,5,33,9,2016,8,2,7,3,9,1,2,0,0,1,0,0,0,0,4.34387E+20,5.58283E+21,8.0769E+15,5.03938E+16
17873,17874,6,4,38,13,2016,9,17,4,3,5,3,0,0,0,1,0,1,0,0,4.99532E+20,5.54226E+21,8.99347E+15,5.00326E+16
17874,17875,6,4,39,5,2016,8,18,2,2,8,1,0,0,1,0,0,0,0,0,4.27621E+20,5.55286E+21,7.98745E+15,5.01235E+16
17875,17876,6,4,31,20,2016,8,16,2,3,2,6,0,0,0,1,0,0,0,0,4.70744E+20,5.48738E+21,8.59564E+15,4.95383E+16
17876,17877,6,4,37,2,2016,9,12,5,3,4,6,0,0,0,1,0,1,0,0,4.99284E+20,5.48883E+21,8.9901E+15,4.95521E+16
17877,17878,6,5,33,13,2016,8,18,6,3,5,3,0,0,0,1,0,0,0,0,4.44268E+20,5.5886E+21,8.21504E+15,5.04468E+16
17878,17879,6,6,31,13,2016,8,12,6,3,5,3,0,0,0,1,0,0,0,0,5.56867E+20,5.60345E+21,9.8032E+15,5.05802E+16
17879,17880,6,5,31,5,2016,8,17,5,3,3,1,0,0,0,1,0,0,0,0,4.7727E+20,5.60436E+21,8.67889E+15,5.05907E+16
17880,17881,6,4,39,7,2016,9,20,3,3,8,1,1,0,0,1,0,0,0,0,4.44172E+20,5.56927E+21,8.21656E+15,5.0273E+16
17881,17882,6,6,33,5,2016,9,9,2,3,5,3,0,1,0,1,0,0,0,0,5.21704E+20,5.69847E+21,9.31225E+15,5.1437E+16
17882,17883,6,4,40,12,2016,8,19,5,3,2,6,1,0,0,1,0,0,0,0,4.81883E+20,5.5648E+21,8.74596E+15,5.02351E+16
17883,17884,6,4,13,0,2016,9,17,1,3,0,7,0,0,1,1,0,0,0,0,4.82539E+20,5.55024E+21,8.75583E+15,5.01042E+16
17884,17885,6,4,35,6,2016,8,17,4,3,2,6,0,0,0,1,0,0,0,0,4.93327E+20,5.5587E+21,8.90654E+15,5.01805E+16
17885,17886,6,4,39,13,2016,9,15,6,3,0,3,0,0,0,1,0,1,0,0,4.23108E+20,5.53676E+21,7.92757E+15,4.99782E+16
17886,17887,6,5,34,14,2016,9,20,1,2,5,3,2,1,1,1,0,0,0,0,4.8339E+20,5.62432E+21,8.76445E+15,5.07704E+16
17887,17888,6,6,11,0,2016,9,13,7,3,2,6,0,0,0,1,0,0,0,0,5.31525E+20,5.68417E+21,9.45227E+15,5.1308E+16
17888,17889,6,6,31,15,2016,9,14,6,3,2,6,0,0,0,1,0,0,0,0,5.5408E+20,5.61388E+21,9.76535E+15,5.06742E+16
17889,17890,6,4,11,0,2016,9,16,5,3,5,3,0,0,0,1,0,0,0,0,4.78136E+20,5.52383E+21,8.69576E+15,4.98665E+16
17890,17891,6,6,32,1,2016,8,16,4,3,2,6,0,0,0,1,0,0,0,0,5.46875E+20,5.65505E+21,9.66868E+15,5.1045E+16
17891,17892,6,4,12,0,2016,8,14,3,3,2,6,0,0,0,1,0,0,0,0,4.7595E+20,5.55542E+21,8.66337E+15,5.01505E+16
17892,17893,6,5,31,5,2016,9,17,4,3,2,6,0,0,0,1,0,0,0,1,4.77838E+20,5.60544E+21,8.68684E+15,5.06004E+16
17893,17894,6,5,32,23,2016,8,15,3,3,0,7,0,0,0,0,0,1,0,0,4.64699E+20,5.60164E+21,8.50155E+15,5.05656E+16
17894,17895,6,4,12,0,2016,8,8,2,3,2,6,0,0,0,1,0,0,0,0,4.7483E+20,5.54497E+21,8.64838E+15,5.00565E+16
17895,17896,6,4,35,10,2016,8,18,4,3,5,2,0,0,1,1,0,0,0,0,5.1398E+20,5.56102E+21,9.19589E+15,5.02012E+16
17896,17897,6,4,12,0,2016,8,11,6,3,3,2,0,0,1,1,0,0,0,0,4.66158E+20,5.5499E+21,8.52681E+15,5.01004E+16
17897,17898,6,5,32,15,2016,9,19,6,3,5,2,0,0,0,1,0,0,0,0,4.68838E+20,5.6023E+21,8.55994E+15,5.05718E+16
17898,17899,6,5,31,5,2016,9,12,4,3,5,3,0,0,1,0,0,0,0,0,4.76315E+20,5.60298E+21,8.66549E+15,5.05783E+16
17899,17900,6,4,14,0,2016,9,5,3,3,2,6,2,0,0,1,0,0,1,0,4.53973E+20,5.54876E+21,8.35657E+15,5.00893E+16
17900,17901,6,4,34,2,2016,8,20,1,3,5,2,0,0,1,1,0,0,0,0,4.75034E+20,5.56733E+21,8.64976E+15,5.02576E+16
17901,17902,6,4,40,7,2016,8,11,1,1,8,1,0,0,0,0,0,1,0,0,4.94684E+20,5.57548E+21,8.92531E+15,5.03314E+16
17902,17903,6,4,38,12,2016,9,13,5,2,2,6,0,0,0,1,0,0,0,0,4.8429E+20,5.53594E+21,8.7809E+15,4.99756E+16
17903,17904,6,4,12,0,2016,8,3,6,3,8,1,2,0,0,1,0,0,0,0,4.74552E+20,5.56113E+21,8.64342E+15,5.02018E+16
17904,17905,6,4,14,0,2016,8,12,5,3,2,6,0,0,0,1,0,0,0,0,4.45224E+20,5.54753E+21,8.23445E+15,5.00775E+16
17905,17906,6,4,12,0,2016,8,16,4,3,0,6,0,0,0,1,0,1,0,0,4.81106E+20,5.55518E+21,8.73555E+15,5.01486E+16
17906,17907,6,4,39,6,2016,8,18,5,2,4,6,0,0,0,1,0,0,0,0,4.3942E+20,5.56203E+21,8.15104E+15,5.02074E+16
17907,17908,6,5,34,18,2016,8,12,5,2,5,3,0,0,0,0,0,1,0,1,5.00173E+20,5.62924E+21,9.00245E+15,5.08149E+16
17908,17909,6,4,34,8,2016,9,10,1,3,2,6,0,1,0,1,0,1,0,0,4.66631E+20,5.5608E+21,8.53247E+15,5.01985E+16
17909,17910,6,5,35,1,2016,9,18,1,2,2,6,0,1,0,1,0,0,0,0,5.29172E+20,5.62569E+21,9.4138E+15,5.07822E+16
17910,17911,6,5,34,4,2016,9,13,7,2,0,1,0,0,0,0,0,1,0,0,4.71887E+20,5.64183E+21,8.59998E+15,5.09274E+16
17911,17912,6,4,34,2,2016,9,19,6,3,2,6,0,0,0,1,0,0,0,0,4.75955E+20,5.56656E+21,8.66273E+15,5.02507E+16
17912,17913,6,4,34,6,2016,9,15,5,3,2,6,0,0,0,1,0,0,0,0,4.66278E+20,5.55801E+21,8.52776E+15,5.01734E+16
17913,17914,6,4,12,0,2016,8,12,3,3,0,4,0,0,0,0,1,0,0,1,4.69294E+20,5.54971E+21,8.57067E+15,5.00988E+16
17914,17915,6,4,12,0,2016,8,18,4,3,3,2,0,0,1,1,0,0,0,0,4.74095E+20,5.55008E+21,8.63776E+15,5.01024E+16
17915,17916,6,4,39,3,2016,9,13,2,2,5,3,0,0,0,1,0,0,1,0,4.36214E+20,5.54152E+21,8.10954E+15,5.00226E+16
17916,17917,6,6,36,6,2016,8,6,5,3,2,6,0,0,0,0,0,0,1,1,5.57404E+20,5.66956E+21,9.82117E+15,5.11746E+16
17917,17918,6,4,32,8,2016,8,15,5,3,3,6,0,0,0,0,0,1,1,0,4.70932E+20,5.52372E+21,8.59554E+15,4.98652E+16
17918,17919,6,6,11,0,2016,9,11,1,3,5,3,0,0,0,1,0,0,0,0,5.31654E+20,5.68678E+21,9.45435E+15,5.13314E+16
17919,17920,6,4,34,5,2016,9,18,6,3,5,3,0,0,0,1,0,0,0,0,4.60452E+20,5.55788E+21,8.44619E+15,5.01718E+16
17920,17921,6,6,31,17,2016,9,18,1,3,2,6,0,1,0,1,0,0,0,0,5.52213E+20,5.59756E+21,9.73664E+15,5.05277E+16
17921,17922,6,4,40,16,2016,9,7,7,3,5,7,0,0,0,1,0,0,0,1,4.95665E+20,5.58513E+21,8.93898E+15,5.04182E+16
17922,17923,6,5,35,9,2016,9,15,6,2,0,6,0,0,0,1,0,1,0,0,5.00604E+20,5.61119E+21,9.00854E+15,5.06526E+16
17923,17924,6,4,39,17,2016,9,6,5,2,5,3,1,0,0,1,0,1,0,0,4.39634E+20,5.54268E+21,8.15709E+15,5.00334E+16
17924,17925,6,4,32,23,2016,8,17,3,3,2,6,0,0,0,1,0,0,0,0,4.70282E+20,5.52757E+21,8.5862E+15,4.98998E+16
17925,17926,6,4,34,1,2016,8,8,4,3,2,6,0,0,0,1,0,0,0,0,4.70881E+20,5.56559E+21,8.59164E+15,5.02417E+16
17926,17927,6,6,35,8,2016,8,19,3,3,5,3,0,0,0,1,0,0,0,0,5.01448E+20,5.70183E+21,9.02085E+15,5.14676E+16
17927,17928,6,6,11,0,2016,9,16,4,3,5,2,0,0,1,1,0,0,0,0,5.32686E+20,5.68397E+21,9.4689E+15,5.13061E+16
17928,17929,6,4,31,20,2016,8,6,3,3,3,6,0,0,0,1,0,0,0,0,4.68128E+20,5.48635E+21,8.55956E+15,4.9529E+16
17929,17930,6,4,13,0,2016,8,3,1,3,4,1,2,0,0,1,0,0,0,0,4.82593E+20,5.55106E+21,8.75655E+15,5.01115E+16
17930,17931,6,4,40,5,2016,8,19,4,3,2,6,0,0,0,1,0,1,0,0,4.75518E+20,5.59188E+21,8.65496E+15,5.04784E+16
17931,17932,6,6,34,8,2016,9,14,6,3,2,1,0,0,0,1,0,0,0,0,5.33108E+20,5.6738E+21,9.47402E+15,5.12146E+16
17932,17933,6,4,12,0,2016,9,17,4,3,2,6,0,0,0,1,0,0,0,0,4.72694E+20,5.55351E+21,8.61794E+15,5.01332E+16
17933,17934,6,6,33,5,2016,8,18,7,3,5,3,0,0,1,1,0,0,0,0,5.27426E+20,5.69559E+21,9.39435E+15,5.14108E+16
17934,17935,6,4,32,18,2016,9,6,3,3,2,6,0,0,0,1,0,0,1,0,4.70289E+20,5.51928E+21,8.58693E+15,4.98252E+16
17935,17936,6,5,34,7,2016,8,1,1,3,3,6,2,0,0,1,0,0,0,0,4.68157E+20,5.63398E+21,8.54759E+15,5.08566E+16
17936,17937,6,5,33,17,2016,9,8,2,3,0,1,0,1,0,0,0,1,0,0,4.44723E+20,5.59281E+21,8.22083E+15,5.04847E+16
17937,17938,6,4,14,0,2016,8,18,7,3,8,1,0,0,0,1,0,0,0,0,4.50271E+20,5.545E+21,8.30532E+15,5.00552E+16
17938,17939,6,4,33,4,2016,9,16,5,3,5,3,0,0,1,1,0,0,0,0,4.6347E+20,5.51222E+21,8.49279E+15,4.97614E+16
17939,17940,6,4,11,0,2016,8,8,5,3,2,6,0,0,0,1,0,0,0,0,4.73674E+20,5.52614E+21,8.63352E+15,4.98871E+16
17940,17941,6,4,12,0,2016,8,13,4,3,3,6,0,0,0,1,0,1,0,0,4.78706E+20,5.55231E+21,8.70212E+15,5.01226E+16
17941,17942,6,4,34,1,2016,8,10,5,3,2,6,0,0,0,1,0,1,0,0,4.70854E+20,5.56549E+21,8.59127E+15,5.02409E+16
17942,17943,6,6,31,17,2016,8,16,5,3,5,3,0,0,0,1,0,0,0,0,5.51145E+20,5.59813E+21,9.72165E+15,5.05329E+16
17943,17944,6,4,32,23,2016,9,21,5,3,3,7,2,0,0,1,0,0,0,0,4.71918E+20,5.52909E+21,8.60886E+15,4.99136E+16
17944,17945,6,4,33,3,2016,9,15,1,3,9,1,0,0,0,1,0,0,0,0,4.65106E+20,5.52846E+21,8.51403E+15,4.99075E+16
17945,17946,6,4,38,6,2016,8,15,4,3,2,2,0,0,0,1,0,0,0,0,4.71917E+20,5.54102E+21,8.60798E+15,5.00208E+16
17946,17947,6,4,38,7,2016,9,22,7,3,2,6,2,0,0,1,0,0,0,0,5.02079E+20,5.53953E+21,9.02901E+15,5.00081E+16
17947,17948,6,5,31,8,2016,9,14,5,3,5,6,0,0,0,1,0,0,0,0,4.93362E+20,5.59215E+21,8.90643E+15,5.04813E+16
17948,17949,6,5,34,14,2016,8,9,4,3,2,3,0,0,0,1,0,1,0,0,4.79761E+20,5.63067E+21,8.71263E+15,5.08274E+16
17949,17950,6,4,31,11,2016,8,11,3,3,2,6,0,0,0,1,0,0,0,0,4.71785E+20,5.49946E+21,8.60915E+15,4.9647E+16
17950,17951,6,4,12,0,2016,9,16,4,3,2,6,0,0,0,1,0,1,0,0,4.76023E+20,5.5551E+21,8.66442E+15,5.01476E+16
17951,17952,6,4,12,0,2016,8,12,2,3,6,2,0,0,0,1,1,0,0,0,4.77532E+20,5.55042E+21,8.68581E+15,5.01056E+16
17952,17953,6,4,31,7,2016,8,17,2,3,2,6,0,0,0,1,0,0,0,0,4.85391E+20,5.50126E+21,8.79756E+15,4.96637E+16
17953,17954,6,4,14,0,2016,9,15,5,3,3,6,0,0,0,1,0,0,0,1,4.48442E+20,5.53987E+21,8.28045E+15,5.00089E+16
17954,17955,6,6,36,4,2016,8,19,6,3,5,2,0,0,0,1,0,1,0,0,5.53727E+20,5.6758E+21,9.76951E+15,5.12311E+16
17955,17956,6,4,11,0,2016,9,18,3,3,3,2,0,0,1,1,0,0,0,0,4.73479E+20,5.52425E+21,8.63093E+15,4.98701E+16
17956,17957,6,4,31,7,2016,8,8,4,2,5,3,0,0,0,1,0,0,0,0,4.83593E+20,5.4993E+21,8.77273E+15,4.9646E+16
17957,17958,6,4,34,10,2016,8,16,3,3,2,6,0,0,0,1,0,0,0,0,4.70003E+20,5.55768E+21,8.57995E+15,5.01706E+16
17958,17959,6,4,13,0,2016,9,21,4,3,5,2,2,0,0,1,0,1,0,0,4.83583E+20,5.54832E+21,8.77051E+15,5.00869E+16
17959,17960,6,4,14,0,2016,8,16,2,3,1,3,0,0,1,1,0,0,0,0,4.47522E+20,5.54165E+21,8.26737E+15,5.00248E+16
17960,17961,6,6,11,0,2016,8,14,1,3,0,7,0,0,0,1,0,0,0,0,5.3075E+20,5.68406E+21,9.44114E+15,5.1307E+16
17961,17962,6,5,31,16,2016,9,17,6,3,9,6,0,0,0,1,0,0,0,0,4.87979E+20,5.60665E+21,8.8301E+15,5.06116E+16
17962,17963,6,4,14,0,2016,9,14,3,3,5,3,0,0,0,1,0,0,0,0,4.49646E+20,5.5451E+21,8.29656E+15,5.00561E+16
17963,17964,6,4,39,2,2016,8,12,7,3,5,3,0,0,0,1,0,0,0,0,4.33439E+20,5.55431E+21,8.06859E+15,5.01373E+16
17964,17965,6,5,33,9,2016,9,16,2,1,2,6,0,0,0,1,0,0,1,0,4.34332E+20,5.58438E+21,8.07586E+15,5.04078E+16
17965,17966,6,4,35,14,2016,8,15,1,2,8,7,0,0,0,1,0,0,0,0,4.95047E+20,5.55294E+21,8.93071E+15,5.01287E+16
17966,17967,6,4,31,8,2016,9,12,2,2,4,6,0,0,0,1,0,1,0,0,4.8125E+20,5.48644E+21,8.74089E+15,4.95303E+16
17967,17968,6,5,31,4,2016,8,21,5,2,5,2,2,0,0,1,0,1,0,0,4.83364E+20,5.60413E+21,8.76499E+15,5.05888E+16
17968,17969,6,4,12,0,2016,8,10,7,3,2,6,0,0,0,1,0,0,0,0,4.65082E+20,5.54851E+21,8.51188E+15,5.00878E+16
17969,17970,6,5,31,7,2016,9,12,5,3,2,6,0,0,0,1,0,0,1,0,4.73486E+20,5.60556E+21,8.62534E+15,5.06014E+16
17970,17971,6,4,12,0,2016,9,12,6,3,2,6,0,0,0,1,0,0,0,1,4.80818E+20,5.55187E+21,8.73169E+15,5.01188E+16
17971,17972,6,4,35,6,2016,9,10,5,3,2,6,0,0,0,1,0,0,0,0,4.9398E+20,5.55843E+21,8.91569E+15,5.0178E+16
17972,17973,6,6,36,3,2016,8,18,4,3,0,1,0,0,1,0,0,0,0,0,5.73047E+20,5.67163E+21,1.00453E+16,5.11914E+16
17973,17974,6,6,34,8,2016,8,7,4,2,8,6,0,0,0,0,0,0,0,1,5.33018E+20,5.67356E+21,9.47272E+15,5.12125E+16
17974,17975,6,6,35,7,2016,9,16,7,3,9,7,0,0,0,0,0,1,0,0,4.79325E+20,5.68706E+21,8.70321E+15,5.13345E+16
17975,17976,6,5,32,6,2016,9,11,7,2,0,6,0,0,0,1,0,1,0,0,4.49166E+20,5.61972E+21,8.27976E+15,5.0727E+16
17976,17977,6,4,14,0,2016,8,17,7,3,5,2,0,0,0,1,0,0,0,1,4.44706E+20,5.54678E+21,8.22733E+15,5.00707E+16
17977,17978,6,4,12,0,2016,9,8,5,3,2,6,0,0,0,1,0,0,0,1,4.7488E+20,5.55855E+21,8.64818E+15,5.01786E+16
17978,17979,6,4,40,7,2016,8,19,3,2,3,6,0,0,1,1,0,0,0,0,4.89583E+20,5.57452E+21,8.85366E+15,5.03227E+16
17979,17980,6,6,32,3,2016,9,13,4,3,5,3,0,0,1,1,0,0,0,0,5.5625E+20,5.64532E+21,9.80088E+15,5.09567E+16
17980,17981,6,6,33,5,2016,8,1,2,3,2,7,2,0,0,1,0,0,0,0,5.30604E+20,5.69382E+21,9.43988E+15,5.13948E+16
17981,17982,6,4,11,0,2016,8,8,2,3,2,6,0,1,0,1,0,0,0,0,4.75922E+20,5.51783E+21,8.66533E+15,4.98124E+16
17982,17983,6,4,12,0,2016,9,14,5,3,5,1,0,0,0,1,0,0,0,0,4.75656E+20,5.54848E+21,8.6597E+15,5.00881E+16
17983,17984,6,4,39,12,2016,8,18,6,3,5,3,0,0,1,0,0,1,0,0,4.28471E+20,5.53832E+21,8.00207E+15,4.9993E+16
17984,17985,6,5,34,18,2016,8,22,6,3,9,7,2,0,1,0,0,0,0,0,5.00661E+20,5.62839E+21,9.00938E+15,5.08073E+16
17985,17986,6,4,35,19,2016,9,16,3,3,1,5,0,0,1,1,0,0,0,0,4.89983E+20,5.5574E+21,8.85974E+15,5.01688E+16
17986,17987,6,5,34,14,2016,8,1,7,3,2,6,2,0,0,1,0,1,0,0,4.83812E+20,5.62841E+21,8.77026E+15,5.08072E+16
17987,17988,6,6,33,28,2016,9,9,2,2,8,1,0,1,0,1,0,0,0,0,5.11951E+20,5.69217E+21,9.17172E+15,5.13807E+16
17988,17989,6,5,31,6,2016,9,7,2,3,2,1,0,1,0,1,0,1,0,0,4.93601E+20,5.60843E+21,8.90953E+15,5.06277E+16
17989,17990,6,5,31,16,2016,8,19,5,2,2,6,0,0,0,1,0,0,0,1,4.88224E+20,5.6067E+21,8.83356E+15,5.0612E+16
17990,17991,6,4,39,8,2016,9,17,6,3,0,2,0,0,0,1,0,1,0,1,4.48694E+20,5.56512E+21,8.28057E+15,5.0236E+16
17991,17992,6,4,33,8,2016,9,7,1,2,8,1,0,0,0,1,0,0,0,0,4.71923E+20,5.53702E+21,8.60835E+15,4.99848E+16
17992,17993,6,6,35,3,2016,9,3,7,3,9,1,2,0,0,1,0,0,0,0,5.06269E+20,5.66186E+21,9.08954E+15,5.11082E+16
17993,17994,6,4,31,12,2016,9,16,6,3,5,3,0,0,0,1,0,0,1,0,4.92483E+20,5.47628E+21,8.89632E+15,4.94391E+16
17994,17995,6,4,12,0,2016,9,9,5,3,5,3,0,0,1,1,0,0,0,0,4.71901E+20,5.54907E+21,8.60716E+15,5.00932E+16
17995,17996,6,6,34,26,2016,8,16,4,2,5,3,0,0,1,1,0,0,0,0,5.13796E+20,5.63316E+21,9.19598E+15,5.085E+16
17996,17997,6,6,11,0,2016,8,16,3,3,2,6,0,0,0,1,0,0,0,0,5.35419E+20,5.68544E+21,9.50826E+15,5.13192E+16
17997,17998,6,4,11,0,2016,9,17,5,3,3,6,0,0,0,1,0,0,0,0,4.70473E+20,5.52395E+21,8.58913E+15,4.98673E+16
17998,17999,6,5,32,16,2016,8,19,3,2,8,1,0,0,0,1,0,0,0,0,4.53368E+20,5.60041E+21,8.34172E+15,5.05538E+16
17999,18000,6,4,35,29,2016,8,14,7,3,2,6,0,0,0,1,0,0,0,0,5.21858E+20,5.568E+21,9.30667E+15,5.02637E+16
18000,18001,6,4,14,0,2016,9,19,2,3,2,6,0,0,0,1,0,1,0,0,4.44831E+20,5.54814E+21,8.22888E+15,5.00829E+16
18001,18002,6,4,35,14,2016,9,16,2,3,2,6,0,0,0,1,0,0,0,0,4.94601E+20,5.55425E+21,8.92445E+15,5.01404E+16
18002,18003,6,4,35,14,2016,8,22,5,3,9,1,2,0,0,1,0,0,0,0,4.92288E+20,5.55599E+21,8.89205E+15,5.01561E+16
18003,18004,6,6,33,18,2016,9,15,6,2,5,3,0,0,1,1,0,0,0,0,5.11351E+20,5.67784E+21,9.16265E+15,5.12518E+16
18004,18005,6,4,32,1,2016,9,16,1,2,0,1,0,1,0,0,0,1,0,0,4.706E+20,5.51024E+21,8.59193E+15,4.97439E+16
18005,18006,6,6,32,2,2016,9,16,5,3,2,6,0,0,0,1,0,1,0,0,5.50839E+20,5.63491E+21,9.7224E+15,5.08637E+16