FID,OBJECTID,ULAND,UREGBEZ,UKREIS,UGEMEINDE,UJAHR,UMONAT,USTUNDE,UWOCHENTAG,UKATEGORIE,UART,UTYP1,ULICHTVERH,IstStrasse,IstRad,IstPKW,IstFuss,IstKrad,IstGkfz,IstSonstig,LINREFX,LINREFY,XGCSWGS84,YGCSWGS84
18006,18007,6,4,14,0,2016,8,18,4,3,2,6,0,0,0,1,0,0,0,0,4.44805E+20,5.54317E+21,8.22922E+15,5.00383E+16
18007,18008,6,5,35,16,2016,8,15,3,3,2,6,0,0,0,1,0,0,0,0,5.06724E+20,5.59221E+21,9.09477E+15,5.04818E+16
18008,18009,6,6,34,8,2016,9,16,5,3,2,6,0,0,0,1,0,0,0,0,5.32752E+20,5.67174E+21,9.46874E+15,5.11961E+16
18009,18010,6,5,35,1,2016,8,17,3,3,2,6,0,0,0,1,0,0,1,0,5.20302E+20,5.62234E+21,9.2878E+15,5.07524E+16
18010,18011,6,5,32,13,2016,8,2,4,2,9,1,2,0,0,1,0,0,0,0,4.61781E+20,5.61437E+21,8.45905E+15,5.06799E+16
18011,18012,6,4,14,0,2016,9,15,7,3,5,3,0,0,1,0,0,0,0,0,4.50477E+20,5.53979E+21,8.30887E+15,5.00084E+16
18012,18013,6,6,11,0,2016,9,13,6,3,2,6,0,0,0,1,0,0,0,0,5.36466E+20,5.68651E+21,9.5234E+15,5.13287E+16
18013,18014,6,4,40,15,2016,8,21,7,3,2,6,2,0,0,1,0,0,0,0,4.8389E+20,5.59068E+21,8.773E+15,5.04679E+16
18014,18015,6,5,34,10,2016,9,15,6,2,6,4,0,0,0,1,1,0,0,0,4.70623E+20,5.6244E+21,8.58339E+15,5.07706E+16
18015,18016,6,4,35,9,2016,9,8,4,3,8,1,0,0,0,1,0,0,0,0,5.0762E+20,5.55357E+21,9.10662E+15,5.01343E+16
18016,18017,6,5,33,17,2016,8,13,2,2,6,4,0,0,0,1,1,0,0,0,4.4781E+20,5.59331E+21,8.26427E+15,5.04895E+16
18017,18018,6,4,33,6,2016,8,12,2,3,5,3,0,0,0,1,0,0,0,1,4.63078E+20,5.52866E+21,8.48578E+15,4.99092E+16
18018,18019,6,4,35,26,2016,9,16,5,3,5,3,0,0,0,1,0,0,0,0,4.90199E+20,5.56057E+21,8.86268E+15,5.01972E+16
18019,18020,6,4,31,11,2016,8,16,6,3,5,3,0,0,1,1,0,0,0,0,4.73994E+20,5.49869E+21,8.63981E+15,4.96402E+16
18020,18021,6,5,31,4,2016,8,8,6,2,4,6,0,0,0,1,0,0,0,0,4.83794E+20,5.60423E+21,8.77105E+15,5.05897E+16
18021,18022,6,6,35,19,2016,8,10,5,2,8,1,0,0,0,0,0,1,0,0,4.96787E+20,5.67527E+21,8.95399E+15,5.12288E+16
18022,18023,6,4,35,22,2016,9,16,3,3,5,3,0,0,0,1,0,0,0,0,4.85981E+20,5.55973E+21,8.80361E+15,5.01896E+16
18023,18024,6,4,11,0,2016,8,16,4,3,0,3,0,0,1,0,0,1,0,0,4.74582E+20,5.52388E+21,8.64631E+15,4.98668E+16
18024,18025,6,6,32,13,2016,9,7,2,3,8,1,0,1,0,1,0,0,0,0,5.64905E+20,5.65531E+21,9.92589E+15,5.10457E+16
18025,18026,6,4,11,0,2016,8,13,5,3,3,6,0,0,0,1,1,0,0,0,4.75171E+20,5.52419E+21,8.65449E+15,4.98696E+16
18026,18027,6,5,32,12,2016,8,15,5,3,5,2,0,0,0,1,0,0,1,0,4.49466E+20,5.61416E+21,8.28479E+15,5.06771E+16
18027,18028,6,4,12,0,2016,9,14,1,3,5,3,0,0,0,1,0,0,0,0,4.77457E+20,5.55395E+21,8.68455E+15,5.01374E+16
18028,18029,6,5,33,9,2016,8,20,4,2,5,2,0,0,1,1,0,0,0,0,4.36718E+20,5.58246E+21,8.10975E+15,5.03908E+16
18029,18030,6,4,38,9,2016,9,18,6,3,0,2,0,0,0,1,0,1,0,0,4.82071E+20,5.54469E+21,8.74955E+15,5.00542E+16
18030,18031,6,6,31,9,2016,9,0,1,3,5,3,2,0,0,1,0,0,0,0,5.49678E+20,5.59965E+21,9.70117E+15,5.05466E+16
18031,18032,6,6,32,3,2016,9,17,7,2,9,1,0,0,0,0,0,1,0,0,5.62884E+20,5.65047E+21,9.89622E+15,5.10024E+16
18032,18033,6,5,31,14,2016,9,19,6,3,2,6,0,0,0,1,0,0,0,1,4.79759E+20,5.59736E+21,8.71443E+15,5.05279E+16
18033,18034,6,6,33,3,2016,9,6,5,3,0,1,1,0,1,0,0,0,0,0,5.27747E+20,5.6776E+21,9.39756E+15,5.12491E+16
18034,18035,6,4,37,5,2016,8,18,3,3,4,6,0,0,0,1,0,0,0,0,4.93955E+20,5.50848E+21,8.91612E+15,4.97288E+16
18035,18036,6,4,39,2,2016,8,15,4,3,2,6,0,0,0,1,0,0,0,0,4.3173E+20,5.55438E+21,8.04466E+15,5.01377E+16
18036,18037,6,4,12,0,2016,8,8,3,3,5,2,0,0,1,1,0,0,0,0,4.76295E+20,5.5533E+21,8.66832E+15,5.01315E+16
18037,18038,6,5,33,9,2016,9,7,4,2,5,3,0,0,0,1,0,1,0,0,4.3511E+20,5.58011E+21,8.08754E+15,5.03695E+16
18038,18039,6,4,13,0,2016,8,6,3,3,7,7,0,0,0,1,0,0,0,1,4.81309E+20,5.55031E+21,8.73863E+15,5.01047E+16
18039,18040,6,5,33,9,2016,8,12,1,3,5,3,0,0,0,1,0,1,0,0,4.33345E+20,5.58167E+21,8.06245E+15,5.03833E+16
18040,18041,6,4,33,12,2016,8,12,4,3,5,3,0,0,0,1,0,0,0,0,4.59403E+20,5.53753E+21,8.43366E+15,4.99887E+16
18041,18042,6,5,31,5,2016,9,10,6,3,2,6,0,0,0,1,0,0,0,0,4.80453E+20,5.59978E+21,8.72409E+15,5.05496E+16
18042,18043,6,5,31,5,2016,9,16,4,3,5,3,0,0,1,1,0,0,0,0,4.76633E+20,5.6028E+21,8.66999E+15,5.05766E+16
18043,18044,6,5,33,6,2016,9,0,3,3,8,7,2,0,0,0,0,0,1,0,4.29229E+20,5.58432E+21,8.00407E+15,5.04067E+16
18044,18045,6,4,37,9,2016,8,18,1,2,0,1,0,0,1,0,0,0,0,0,5.00176E+20,5.51674E+21,9.00244E+15,4.98031E+16
18045,18046,6,4,38,5,2016,8,11,2,2,2,6,0,0,0,0,0,0,1,0,4.84931E+20,5.54617E+21,8.78944E+15,5.00676E+16
18046,18047,6,4,33,4,2016,8,10,4,3,7,7,0,0,0,1,0,0,0,1,4.64082E+20,5.51229E+21,8.50128E+15,4.9762E+16
18047,18048,6,4,12,0,2016,9,12,6,2,5,3,0,0,1,1,0,0,0,0,4.77939E+20,5.54987E+21,8.69152E+15,5.01007E+16
18048,18049,6,6,11,0,2016,8,10,6,3,2,6,0,0,0,1,0,1,0,0,5.33765E+20,5.68375E+21,9.48437E+15,5.13041E+16
18049,18050,6,6,31,6,2016,9,7,6,3,7,7,0,0,0,0,0,1,0,0,5.48648E+20,5.59336E+21,9.6858E+15,5.04902E+16
18050,18051,6,6,31,9,2016,9,16,4,3,8,7,0,0,0,1,0,1,0,0,5.46977E+20,5.60049E+21,9.66315E+15,5.05545E+16
18051,18052,6,5,32,3,2016,8,16,2,3,2,6,0,0,0,1,0,0,0,1,4.52626E+20,5.59893E+21,8.33144E+15,5.05404E+16
18052,18053,6,4,38,6,2016,9,8,3,3,3,6,0,0,0,1,0,0,0,0,4.77588E+20,5.53822E+21,8.6873E+15,4.99958E+16
18053,18054,6,4,38,9,2016,8,21,1,3,5,3,2,0,0,1,0,0,0,0,4.81999E+20,5.54468E+21,8.74855E+15,5.00541E+16
18054,18055,6,4,12,0,2016,8,23,1,3,2,6,2,0,0,1,0,0,1,0,4.71798E+20,5.55036E+21,8.60563E+15,5.01048E+16
18055,18056,6,5,32,13,2016,9,19,5,2,9,6,0,0,0,1,0,1,0,0,4.61269E+20,5.61503E+21,8.45173E+15,5.06858E+16
18056,18057,6,4,12,0,2016,8,13,6,3,2,6,0,0,0,1,0,0,0,0,4.77602E+20,5.54548E+21,8.68708E+15,5.00611E+16
18057,18058,6,5,33,3,2016,8,16,5,2,5,3,0,0,0,1,0,0,0,0,4.45827E+20,5.57181E+21,8.23942E+15,5.02959E+16
18058,18059,6,5,34,21,2016,9,17,3,3,2,6,0,0,0,1,0,0,0,0,4.82436E+20,5.63753E+21,8.75029E+15,5.08891E+16
18059,18060,6,4,11,0,2016,8,7,4,3,3,6,0,0,1,1,0,0,0,0,4.75932E+20,5.52397E+21,8.66509E+15,4.98677E+16
18060,18061,6,6,34,5,2016,8,14,5,3,5,3,0,0,0,1,0,0,0,0,5.19052E+20,5.66496E+21,9.27231E+15,5.11358E+16
18061,18062,6,4,31,13,2016,8,19,5,3,5,2,0,0,0,1,0,1,0,0,4.61041E+20,5.4935E+21,8.46093E+15,4.95928E+16
18062,18063,6,4,35,28,2016,9,14,1,2,9,1,0,0,0,1,0,0,0,0,5.37243E+20,5.56858E+21,9.52259E+15,5.02682E+16
18063,18064,6,6,34,8,2016,9,13,1,3,2,6,0,1,0,1,0,0,0,0,5.32811E+20,5.67306E+21,9.46969E+15,5.1208E+16
18064,18065,6,4,32,15,2016,9,21,7,3,9,1,2,0,0,1,0,0,0,0,4.9058E+20,5.52782E+21,8.86882E+15,4.99027E+16
18065,18066,6,5,33,8,2016,9,7,6,2,3,6,0,0,0,1,0,0,1,0,4.43926E+20,5.57536E+21,8.2122E+15,5.03277E+16
18066,18067,6,4,38,8,2016,9,15,5,2,3,6,0,0,0,0,0,1,0,0,4.90161E+20,5.55226E+21,8.86236E+15,5.01225E+16
18067,18068,6,6,34,17,2016,8,17,3,3,3,6,0,0,1,0,0,0,0,0,5.29211E+20,5.63824E+21,9.41536E+15,5.08951E+16
18068,18069,6,5,33,17,2016,8,5,4,2,4,6,1,0,0,1,0,0,0,0,4.52837E+20,5.59234E+21,8.33525E+15,5.04812E+16
18069,18070,6,4,39,10,2016,8,7,3,2,4,6,0,0,0,1,0,1,0,0,4.18452E+20,5.53952E+21,7.86206E+15,5.00024E+16
18070,18071,6,4,14,0,2016,9,9,4,3,1,5,0,0,1,1,0,0,0,0,4.49236E+20,5.53972E+21,8.29155E+15,5.00076E+16
18071,18072,6,5,33,9,2016,8,10,2,3,2,6,0,0,0,1,0,0,0,1,4.35277E+20,5.58679E+21,8.08874E+15,5.04295E+16
18072,18073,6,6,11,0,2016,8,1,1,2,6,4,2,0,0,1,1,0,0,0,5.3413E+20,5.68491E+21,9.48971E+15,5.13144E+16
18073,18074,6,4,36,2,2016,9,14,6,3,2,6,0,0,0,1,0,0,0,0,4.52425E+20,5.55391E+21,8.3343E+15,5.01355E+16
18074,18075,6,4,40,8,2016,9,16,4,3,2,6,0,0,0,1,0,0,0,0,4.78381E+20,5.57597E+21,8.69623E+15,5.03354E+16
18075,18076,6,6,36,11,2016,8,9,7,3,2,2,0,0,0,1,0,0,0,0,5.67631E+20,5.66165E+21,9.96596E+15,5.11024E+16
18076,18077,6,4,35,6,2016,9,21,2,2,5,3,2,0,0,1,0,0,0,0,4.94588E+20,5.55856E+21,8.92421E+15,5.01792E+16
18077,18078,6,4,33,14,2016,8,15,1,2,3,6,0,0,0,1,0,1,0,0,4.55117E+20,5.52449E+21,8.3754E+15,4.98712E+16
18078,18079,6,4,35,10,2016,9,11,2,3,5,2,0,0,0,1,0,0,0,0,5.15685E+20,5.56069E+21,9.21977E+15,5.01982E+16
18079,18080,6,4,14,0,2016,8,9,7,3,5,3,0,0,0,1,0,0,0,0,4.45554E+20,5.54687E+21,8.23916E+15,5.00716E+16
18080,18081,6,5,32,23,2016,9,16,5,3,2,6,0,0,0,1,0,0,0,0,4.65022E+20,5.60126E+21,8.50615E+15,5.05622E+16
18081,18082,6,4,31,16,2016,8,20,5,1,4,1,2,0,0,1,0,0,0,0,4.69209E+20,5.49717E+21,8.57365E+15,4.96263E+16
18082,18083,6,4,40,5,2016,9,14,5,3,2,6,0,0,0,1,0,0,0,0,4.78641E+20,5.58474E+21,8.69938E+15,5.04143E+16
18083,18084,6,5,31,6,2016,8,16,4,3,1,6,0,0,0,1,0,0,0,0,4.9711E+20,5.60454E+21,8.95917E+15,5.05927E+16
18084,18085,6,4,38,8,2016,9,14,2,3,2,2,0,0,1,1,0,0,0,0,4.88755E+20,5.55094E+21,8.84273E+15,5.01106E+16
18085,18086,6,4,35,21,2016,8,0,7,3,9,1,2,0,0,1,0,0,0,0,4.89706E+20,5.56561E+21,8.85563E+15,5.02426E+16
18086,18087,6,4,31,13,2016,9,12,5,3,8,1,0,0,0,1,0,0,0,0,4.56018E+20,5.49814E+21,8.39091E+15,4.96343E+16
18087,18088,6,5,31,6,2016,8,16,6,2,2,6,0,0,0,1,0,0,0,1,4.92691E+20,5.60795E+21,8.89667E+15,5.06234E+16
18088,18089,6,4,12,0,2016,8,14,5,3,4,6,0,0,1,1,0,0,0,0,4.82795E+20,5.55123E+21,8.75937E+15,5.01131E+16
18089,18090,6,4,11,0,2016,8,20,4,3,6,3,1,0,0,1,1,0,0,0,4.75728E+20,5.52425E+21,8.66224E+15,4.98701E+16
18090,18091,6,4,38,9,2016,8,14,5,3,5,2,0,0,0,1,0,0,1,0,4.79821E+20,5.54404E+21,8.71815E+15,5.00483E+16
18091,18092,6,6,31,5,2016,8,16,5,3,0,7,0,0,0,0,0,1,1,0,5.696E+20,5.59408E+21,9.98127E+15,5.04945E+16
18092,18093,6,4,36,6,2016,9,15,1,3,9,1,0,1,0,1,0,0,0,0,4.56996E+20,5.54185E+21,8.39961E+15,5.00274E+16
18093,18094,6,4,13,0,2016,9,18,1,3,2,6,0,0,0,1,0,0,0,0,4.81988E+20,5.54587E+21,8.74833E+15,5.00649E+16
18094,18095,6,4,31,15,2016,9,15,7,3,8,1,0,0,0,0,0,1,0,0,4.85195E+20,5.50391E+21,8.79475E+15,4.96875E+16
18095,18096,6,4,31,7,2016,9,17,5,2,9,1,0,0,0,0,0,1,0,0,4.85609E+20,5.50249E+21,8.80053E+15,4.96748E+16
18096,18097,6,5,35,13,2016,8,7,4,3,5,3,0,0,0,1,0,0,0,0,5.02304E+20,5.60695E+21,9.03257E+15,5.06144E+16
18097,18098,6,5,33,15,2016,8,18,3,2,8,1,0,0,0,0,0,1,0,0,4.44796E+20,5.58056E+21,8.22366E+15,5.03745E+16
18098,18099,6,4,12,0,2016,9,18,4,3,2,6,0,0,0,1,0,0,0,0,4.71549E+20,5.55459E+21,8.60183E+15,5.01428E+16
18099,18100,6,4,14,0,2016,8,18,2,3,5,3,0,0,0,1,0,0,0,0,4.45819E+20,5.54535E+21,8.24308E+15,5.00579E+16
18100,18101,6,5,32,1,2016,9,4,6,3,7,7,2,0,0,1,0,0,1,0,4.57573E+20,5.60749E+21,8.40027E+15,5.06177E+16
18101,18102,6,4,12,0,2016,8,10,6,3,6,4,0,0,0,1,1,0,0,0,4.75189E+20,5.54694E+21,8.65326E+15,5.00742E+16
18102,18103,6,4,13,0,2016,9,11,3,3,0,7,0,0,0,0,0,0,0,1,4.82733E+20,5.55034E+21,8.75853E+15,5.01051E+16
18103,18104,6,5,33,17,2016,8,11,7,3,5,3,0,0,0,1,0,0,0,0,4.47931E+20,5.59161E+21,8.26622E+15,5.04742E+16
18104,18105,6,6,11,0,2016,9,10,2,3,5,3,0,0,0,1,0,0,0,0,5.3819E+20,5.68429E+21,9.54789E+15,5.13087E+16
18105,18106,6,5,31,5,2016,8,14,1,3,3,6,0,0,0,1,0,0,0,0,4.75172E+20,5.6039E+21,8.64927E+15,5.05865E+16
18106,18107,6,5,34,17,2016,9,12,2,3,2,2,0,0,0,1,0,0,0,1,4.99534E+20,5.63996E+21,8.99337E+15,5.09113E+16
18107,18108,6,4,35,14,2016,8,16,5,3,0,7,0,0,0,1,0,1,0,0,4.93836E+20,5.55124E+21,8.91379E+15,5.01134E+16
18108,18109,6,4,11,0,2016,9,15,6,3,3,2,0,0,1,1,0,0,0,0,4.74599E+20,5.52388E+21,8.64655E+15,4.98668E+16
18109,18110,6,6,32,9,2016,9,19,5,2,0,7,0,1,1,0,0,0,1,0,5.70725E+20,5.63781E+21,1.00055E+16,5.08877E+16
18110,18111,6,6,33,15,2016,8,16,4,3,2,2,0,0,0,1,0,0,0,0,5.44013E+20,5.68159E+21,9.63111E+15,5.1284E+16
18111,18112,6,5,35,1,2016,8,15,4,3,7,7,0,0,0,1,0,0,1,0,5.14203E+20,5.61848E+21,9.20119E+15,5.0718E+16
18112,18113,6,4,40,2,2016,8,13,3,3,5,2,0,0,0,1,0,0,0,1,4.82941E+20,5.57906E+21,8.76016E+15,5.03633E+16
18113,18114,6,6,31,14,2016,8,18,4,2,3,6,0,0,1,1,0,0,0,0,5.35291E+20,5.59514E+21,9.49769E+15,5.05071E+16
18114,18115,6,6,33,15,2016,9,18,7,2,4,1,0,0,0,1,0,0,0,0,5.44176E+20,5.68052E+21,9.63331E+15,5.12743E+16
18115,18116,6,6,35,15,2016,9,10,6,2,5,3,0,0,0,1,0,0,0,0,4.92254E+20,5.68061E+21,8.88894E+15,5.12768E+16
18116,18117,6,4,38,10,2016,8,17,7,3,2,6,0,0,0,1,0,0,0,0,4.88587E+20,5.54575E+21,8.84054E+15,5.00639E+16
18117,18118,6,4,12,0,2016,9,7,5,3,2,6,0,0,0,1,0,0,0,1,4.74703E+20,5.54492E+21,8.64661E+15,5.00561E+16
18118,18119,6,4,39,7,2016,9,17,4,3,9,1,0,0,0,0,0,1,0,0,4.44189E+20,5.56998E+21,8.2167E+15,5.02793E+16
18119,18120,6,6,34,25,2016,8,9,2,3,5,3,0,0,0,1,0,0,0,0,5.2208E+20,5.66237E+21,9.31543E+15,5.11124E+16
18120,18121,6,5,34,4,2016,8,19,2,3,8,1,0,0,0,1,0,0,0,0,4.66908E+20,5.63945E+21,8.52935E+15,5.09058E+16
18121,18122,6,5,32,11,2016,9,16,1,3,8,1,0,1,0,1,0,0,0,0,4.43348E+20,5.6229E+21,8.19686E+15,5.07551E+16
18122,18123,6,6,32,11,2016,9,15,7,3,2,6,0,0,0,1,0,0,0,0,5.41534E+20,5.63465E+21,9.59017E+15,5.08621E+16
18123,18124,6,4,35,14,2016,8,13,7,3,5,3,0,0,0,1,0,0,0,0,4.94213E+20,5.55246E+21,8.91904E+15,5.01243E+16
18124,18125,6,4,35,14,2016,9,12,5,2,6,4,0,0,0,1,1,0,0,0,4.94381E+20,5.5501E+21,8.92143E+15,5.01031E+16
18125,18126,6,5,32,23,2016,8,15,4,3,5,3,0,0,1,1,0,0,0,0,4.66162E+20,5.6015E+21,8.52223E+15,5.05645E+16
18126,18127,6,4,40,19,2016,8,16,3,2,0,1,0,0,1,0,0,0,0,0,5.05881E+20,5.58035E+21,9.0827E+15,5.03751E+16
18127,18128,6,6,36,16,2016,9,22,4,3,5,2,2,0,0,1,0,0,0,1,5.55716E+20,5.68726E+21,9.79979E+15,5.13339E+16
18128,18129,6,4,12,0,2016,8,7,2,3,3,7,0,0,0,1,0,0,0,1,4.74132E+20,5.55009E+21,8.63828E+15,5.01025E+16
18129,18130,6,5,32,13,2016,8,8,2,1,4,6,0,0,0,1,0,1,0,0,4.64782E+20,5.61313E+21,8.50163E+15,5.06689E+16
18130,18131,6,4,14,0,2016,9,17,5,3,2,6,0,0,0,1,0,0,0,0,4.48416E+20,5.53985E+21,8.2801E+15,5.00087E+16
18131,18132,6,6,33,2,2016,8,12,6,2,0,1,0,0,0,0,0,1,0,0,5.32922E+20,5.72271E+21,9.47591E+15,5.16544E+16
18132,18133,6,4,11,0,2016,9,8,3,3,5,3,0,0,0,1,0,0,0,0,4.76326E+20,5.52527E+21,8.67049E+15,4.98793E+16
18133,18134,6,5,34,19,2016,8,16,7,2,9,1,0,0,0,0,0,1,0,0,4.61068E+20,5.63229E+21,8.44706E+15,5.0841E+16
18134,18135,6,4,14,0,2016,9,19,2,3,0,1,0,0,0,0,0,1,0,0,4.44235E+20,5.54884E+21,8.22045E+15,5.00892E+16
18135,18136,6,6,34,8,2016,9,13,2,2,9,7,0,0,0,1,0,0,0,0,5.32635E+20,5.67258E+21,9.46714E+15,5.12037E+16
18136,18137,6,6,32,11,2016,8,14,5,3,0,6,0,0,0,1,0,0,1,0,5.42157E+20,5.63601E+21,9.59918E+15,5.08742E+16
18137,18138,6,6,32,13,2016,9,23,6,3,0,7,2,0,0,1,0,0,0,0,5.65455E+20,5.65437E+21,9.93357E+15,5.10372E+16
18138,18139,6,4,40,24,2016,9,17,1,3,9,1,0,1,0,1,0,0,0,0,4.87279E+20,5.58409E+21,8.82098E+15,5.04087E+16
18139,18140,6,4,37,12,2016,9,15,7,2,5,3,0,0,0,0,0,1,0,1,4.92272E+20,5.49911E+21,8.89296E+15,4.96445E+16
18140,18141,6,4,40,5,2016,9,22,6,3,0,1,2,0,1,0,0,0,0,0,4.77057E+20,5.58599E+21,8.67701E+15,5.04255E+16
18141,18142,6,6,11,0,2016,9,7,5,3,2,6,0,0,0,1,0,0,0,1,5.32657E+20,5.68511E+21,9.4686E+15,5.13163E+16
18142,18143,6,4,12,0,2016,8,6,4,3,6,4,0,0,0,1,1,0,0,0,4.65639E+20,5.54956E+21,8.51957E+15,5.00973E+16
18143,18144,6,5,33,9,2016,8,16,3,3,5,3,0,0,0,1,0,0,0,0,4.32556E+20,5.58169E+21,8.05135E+15,5.03834E+16
18144,18145,6,4,12,0,2016,9,22,5,2,9,1,2,0,0,0,0,1,0,0,4.71483E+20,5.54457E+21,8.60165E+15,5.00527E+16
18145,18146,6,4,33,14,2016,8,16,3,3,3,3,0,0,1,0,0,1,0,0,4.57852E+20,5.52994E+21,8.41285E+15,4.99203E+16
18146,18147,6,5,32,15,2016,8,7,2,3,2,6,0,0,0,1,0,0,0,0,4.68205E+20,5.60219E+21,8.55102E+15,5.05707E+16
18147,18148,6,4,38,5,2016,8,10,4,3,2,6,0,0,0,1,0,0,1,0,4.84961E+20,5.54615E+21,8.78986E+15,5.00675E+16
18148,18149,6,4,14,0,2016,9,15,6,3,3,6,0,0,0,1,0,0,1,0,4.4433E+20,5.54783E+21,8.22191E+15,5.00802E+16
18149,18150,6,6,32,2,2016,8,21,6,3,2,6,2,0,0,1,0,0,0,0,5.49972E+20,5.6346E+21,9.71004E+15,5.08609E+16
18150,18151,6,6,31,21,2016,9,16,6,3,2,6,0,0,1,1,0,0,0,0,5.65961E+20,5.59611E+21,9.93033E+15,5.05132E+16
18151,18152,6,5,35,9,2016,9,11,4,2,5,3,0,0,0,1,0,1,0,0,5.0006E+20,5.6199E+21,9.00085E+15,5.07309E+16
18152,18153,6,6,31,9,2016,8,11,2,3,2,6,0,0,0,1,0,0,0,0,5.48475E+20,5.59679E+21,9.68382E+15,5.05211E+16
18153,18154,6,6,31,3,2016,9,12,3,2,8,1,0,0,0,0,0,1,0,0,5.56022E+20,5.59623E+21,9.79018E+15,5.05154E+16
18154,18155,6,6,31,17,2016,8,21,1,2,9,1,2,1,0,1,0,0,0,0,5.52426E+20,5.59551E+21,9.73936E+15,5.05092E+16
18155,18156,6,4,31,7,2016,9,20,5,3,8,1,1,0,0,0,0,1,0,0,4.87679E+20,5.50122E+21,8.82927E+15,4.96634E+16
18156,18157,6,5,32,13,2016,8,15,6,2,8,1,0,0,0,1,0,0,0,0,4.63946E+20,5.61348E+21,8.48977E+15,5.06721E+16
18157,18158,6,6,33,3,2016,8,15,6,2,3,6,0,0,0,1,0,0,1,0,5.30376E+20,5.67724E+21,9.43519E+15,5.12457E+16
18158,18159,6,5,35,15,2016,8,20,5,2,9,1,0,0,0,1,0,0,0,0,5.43158E+20,5.61264E+21,9.61066E+15,5.0664E+16
18159,18160,6,4,34,8,2016,9,10,3,3,2,6,0,0,0,1,0,0,0,0,4.71464E+20,5.56161E+21,8.60012E+15,5.0206E+16
18160,18161,6,4,11,0,2016,8,14,4,3,3,6,0,0,0,1,0,0,0,0,4.74453E+20,5.52459E+21,8.64447E+15,4.98732E+16
18161,18162,6,4,39,2,2016,9,15,2,2,8,1,0,0,0,0,0,1,0,0,4.31504E+20,5.55358E+21,8.04164E+15,5.01305E+16
18162,18163,6,5,34,16,2016,8,10,5,3,4,6,0,0,0,0,0,0,1,1,5.09291E+20,5.63631E+21,9.13207E+15,5.08784E+16
18163,18164,6,4,32,2,2016,8,18,5,3,2,6,0,0,0,1,0,0,0,0,4.96237E+20,5.5354E+21,8.94753E+15,4.99709E+16
18164,18165,6,6,33,29,2016,9,0,1,3,9,1,2,0,0,1,0,0,0,0,5.18089E+20,5.6853E+21,9.25957E+15,5.13187E+16
18165,18166,6,6,11,0,2016,8,10,4,3,2,6,0,0,0,1,0,0,0,0,5.38983E+20,5.68428E+21,9.55927E+15,5.13085E+16
18166,18167,6,4,34,10,2016,9,8,6,3,0,1,0,0,1,0,0,0,0,0,4.69089E+20,5.55752E+21,8.56717E+15,5.0169E+16
18167,18168,6,5,31,10,2016,9,11,1,2,9,1,0,1,0,0,0,1,0,0,5.03329E+20,5.60131E+21,9.047E+15,5.05637E+16
18168,18169,6,4,12,0,2016,9,17,5,3,6,4,0,0,0,0,1,0,1,0,4.77257E+20,5.5493E+21,8.68202E+15,5.00955E+16
18169,18170,6,4,35,22,2016,8,17,6,3,2,6,0,0,0,1,0,1,0,0,4.86226E+20,5.55984E+21,8.80704E+15,5.01906E+16
18170,18171,6,6,31,12,2016,8,15,6,1,3,6,0,0,0,1,0,1,1,0,5.67246E+20,5.60354E+21,9.94979E+15,5.05799E+16
18171,18172,6,4,35,21,2016,8,9,5,3,5,2,0,0,0,1,0,0,0,0,4.89564E+20,5.56477E+21,8.85367E+15,5.0235E+16
18172,18173,6,6,33,29,2016,9,15,3,2,8,1,0,0,0,0,0,1,0,0,5.21178E+20,5.68898E+21,9.30411E+15,5.13517E+16
18173,18174,6,6,33,13,2016,9,14,2,3,2,2,0,0,0,1,0,0,0,0,5.26808E+20,5.70409E+21,9.38611E+15,5.14874E+16
18174,18175,6,4,31,11,2016,8,8,5,3,4,7,0,0,0,1,0,0,1,0,4.7328E+20,5.49798E+21,8.62997E+15,4.96338E+16
18175,18176,6,5,33,7,2016,9,14,1,3,4,1,0,1,0,1,0,0,0,0,4.36096E+20,5.59289E+21,8.09922E+15,5.04845E+16
18176,18177,6,5,32,11,2016,8,8,5,3,2,6,0,0,0,0,0,0,1,0,4.46385E+20,5.62167E+21,8.24009E+15,5.07443E+16
18177,18178,6,4,39,13,2016,9,13,6,3,5,2,0,0,0,1,0,1,0,0,4.24107E+20,5.53716E+21,7.94142E+15,4.9982E+16
18178,18179,6,5,34,17,2016,9,17,1,3,4,1,0,1,0,1,0,0,0,0,4.89503E+20,5.64398E+21,8.85057E+15,5.09473E+16
18179,18180,6,6,11,0,2016,9,22,7,3,2,6,2,0,0,1,0,0,0,0,5.30988E+20,5.68036E+21,9.44423E+15,5.12737E+16
18180,18181,6,5,34,14,2016,9,22,6,3,5,3,2,0,0,1,0,0,0,0,4.83587E+20,5.62625E+21,8.76716E+15,5.07877E+16
18181,18182,6,4,12,0,2016,9,19,5,3,6,4,0,0,1,0,1,0,0,0,4.69657E+20,5.54979E+21,8.57573E+15,5.00996E+16
18182,18183,6,6,11,0,2016,8,15,4,3,5,3,0,0,0,1,0,0,0,0,5.32816E+20,5.68193E+21,9.47059E+15,5.12877E+16
18183,18184,6,4,14,0,2016,8,17,3,3,2,6,0,0,0,1,0,0,0,0,4.46859E+20,5.54906E+21,8.25709E+15,5.00914E+16
18184,18185,6,5,31,3,2016,9,7,4,3,2,6,0,0,0,1,0,0,0,0,4.84542E+20,5.60672E+21,8.78152E+15,5.06122E+16
18185,18186,6,5,32,23,2016,8,20,3,3,2,6,1,0,0,1,0,0,0,0,4.64618E+20,5.60137E+21,8.50043E+15,5.05632E+16
18186,18187,6,4,12,0,2016,8,13,2,2,9,1,0,0,0,0,0,0,0,1,4.6882E+20,5.54799E+21,8.56418E+15,5.00833E+16