FID,OBJECTID,ULAND,UREGBEZ,UKREIS,UGEMEINDE,UJAHR,UMONAT,USTUNDE,UWOCHENTAG,UKATEGORIE,UART,UTYP1,ULICHTVERH,IstStrasse,IstRad,IstPKW,IstFuss,IstKrad,IstGkfz,IstSonstig,LINREFX,LINREFY,XGCSWGS84,YGCSWGS84
18187,18188,6,6,33,3,2016,8,13,4,2,3,6,0,0,0,1,0,0,0,0,5.32439E+20,5.67901E+21,9.46491E+15,5.12615E+16
18188,18189,6,4,14,0,2016,8,10,6,3,5,3,0,0,0,1,0,0,0,0,4.43463E+20,5.54528E+21,8.21018E+15,5.00571E+16
18189,18190,6,4,12,0,2016,9,15,6,3,5,3,0,0,0,1,0,0,0,0,4.8194E+20,5.55417E+21,8.74728E+15,5.01395E+16
18190,18191,6,5,32,16,2016,9,6,4,3,5,3,1,0,0,1,0,1,0,0,4.54292E+20,5.59933E+21,8.3549E+15,5.05441E+16
18191,18192,6,4,13,0,2016,9,7,3,3,2,6,0,0,0,1,0,0,0,1,4.81304E+20,5.5504E+21,8.73855E+15,5.01056E+16
18192,18193,6,4,38,5,2016,8,5,1,2,8,7,1,0,0,1,0,0,0,0,4.88011E+20,5.54569E+21,8.83249E+15,5.00633E+16
18193,18194,6,4,40,8,2016,8,14,1,2,9,7,0,0,0,1,0,0,0,0,4.78254E+20,5.57514E+21,8.69448E+15,5.0328E+16
18194,18195,6,5,32,6,2016,9,20,5,2,9,1,2,0,0,0,0,1,0,0,4.49922E+20,5.62583E+21,8.28964E+15,5.07821E+16
18195,18196,6,4,12,0,2016,8,14,6,3,2,6,0,0,0,1,0,0,0,0,4.79921E+20,5.54584E+21,8.71945E+15,5.00645E+16
18196,18197,6,4,14,0,2016,8,18,5,3,0,1,0,0,0,0,0,1,0,0,4.46677E+20,5.54533E+21,8.25506E+15,5.00578E+16
18197,18198,6,6,34,22,2016,8,16,4,2,8,1,0,0,0,0,0,1,0,0,5.15487E+20,5.64248E+21,9.2204E+15,5.09337E+16
18198,18199,6,6,35,6,2016,8,21,5,3,8,1,2,0,0,0,0,1,0,0,4.8764E+20,5.65286E+21,8.82375E+15,5.10272E+16
18199,18200,6,4,33,5,2016,8,14,5,3,0,1,0,0,1,0,0,0,0,0,4.51267E+20,5.5381E+21,8.3201E+15,4.99933E+16
18200,18201,6,4,38,3,2016,9,16,1,3,5,3,0,1,0,1,0,0,0,0,4.76417E+20,5.53454E+21,8.67118E+15,4.99627E+16
18201,18202,6,6,32,20,2016,9,15,1,2,9,1,0,1,0,1,0,0,0,0,5.64137E+20,5.64168E+21,9.91253E+15,5.09232E+16
18202,18203,6,4,32,22,2016,9,18,7,2,8,1,0,0,1,0,0,0,0,0,4.76925E+20,5.51324E+21,8.67954E+15,4.97712E+16
18203,18204,6,4,11,0,2016,9,17,6,3,2,6,0,0,0,1,0,0,0,0,4.73379E+20,5.51881E+21,8.62991E+15,4.98211E+16
18204,18205,6,4,34,6,2016,9,19,5,3,2,6,0,0,0,1,0,0,0,0,4.6539E+20,5.56022E+21,8.51513E+15,5.01931E+16
18205,18206,6,4,39,11,2016,8,10,3,3,6,3,0,0,0,1,1,0,0,0,4.51261E+20,5.55679E+21,8.31763E+15,5.01613E+16
18206,18207,6,4,31,6,2016,8,19,4,3,6,4,0,0,0,1,1,0,0,0,4.67335E+20,5.50225E+21,8.54728E+15,4.96719E+16
18207,18208,6,4,34,9,2016,8,17,3,3,4,6,0,0,0,1,0,0,0,0,4.60306E+20,5.56902E+21,8.44298E+15,5.0272E+16
18208,18209,6,4,13,0,2016,9,23,4,3,2,6,2,0,0,1,0,0,0,0,4.82593E+20,5.55106E+21,8.75655E+15,5.01115E+16
18209,18210,6,6,11,0,2016,8,19,2,3,2,6,1,0,0,1,0,0,0,0,5.32344E+20,5.68533E+21,9.46412E+15,5.13184E+16
18210,18211,6,6,35,2,2016,8,11,1,3,5,3,0,0,0,1,0,0,0,0,5.03465E+20,5.69087E+21,9.04978E+15,5.1369E+16
18211,18212,6,5,31,16,2016,9,17,6,3,2,6,0,0,0,1,0,0,0,0,4.89521E+20,5.60671E+21,8.85189E+15,5.06122E+16
18212,18213,6,5,33,17,2016,9,15,7,3,5,3,0,0,1,1,0,0,0,0,4.47933E+20,5.59287E+21,8.26606E+15,5.04855E+16
18213,18214,6,4,38,11,2016,9,7,6,2,5,3,0,0,0,1,0,1,0,0,4.92405E+20,5.53865E+21,8.89403E+15,5.00001E+16
18214,18215,6,4,39,11,2016,9,12,5,3,4,6,0,0,0,1,0,0,0,0,4.50221E+20,5.55722E+21,8.30303E+15,5.01651E+16
18215,18216,6,4,38,11,2016,8,20,3,2,5,3,0,0,1,1,0,0,0,0,4.91971E+20,5.5384E+21,8.88798E+15,4.99979E+16
18216,18217,6,4,34,10,2016,8,16,4,3,2,6,0,0,0,1,0,0,0,0,4.69993E+20,5.55768E+21,8.57982E+15,5.01705E+16
18217,18218,6,4,37,11,2016,8,13,3,3,5,3,0,0,1,1,0,1,0,0,5.00124E+20,5.50341E+21,9.00171E+15,4.96832E+16
18218,18219,6,6,11,0,2016,9,13,4,2,0,1,0,0,0,0,0,1,0,0,5.33977E+20,5.68491E+21,9.48752E+15,5.13145E+16
18219,18220,6,4,32,18,2016,8,9,3,3,3,6,0,0,0,1,0,0,0,1,4.68963E+20,5.51627E+21,8.56873E+15,4.97981E+16
18220,18221,6,6,33,9,2016,8,17,1,3,8,1,0,1,0,1,0,0,0,0,5.38641E+20,5.69484E+21,9.55551E+15,5.14034E+16
18221,18222,6,4,12,0,2016,8,16,4,3,2,6,0,0,0,1,0,0,0,1,4.66875E+20,5.55171E+21,8.53668E+15,5.01167E+16
18222,18223,6,4,38,10,2016,9,6,6,3,2,6,0,0,0,1,0,0,0,0,4.89735E+20,5.54544E+21,8.85659E+15,5.00611E+16
18223,18224,6,4,38,7,2016,9,1,4,3,9,1,2,0,0,1,0,0,0,0,5.01974E+20,5.5398E+21,9.02755E+15,5.00105E+16
18224,18225,6,6,33,29,2016,8,15,7,3,4,1,0,0,0,1,0,1,0,0,5.22614E+20,5.69131E+21,9.32488E+15,5.13726E+16
18225,18226,6,4,11,0,2016,9,18,3,3,3,6,0,0,0,1,0,0,1,0,4.71273E+20,5.52394E+21,8.60025E+15,4.98672E+16
18226,18227,6,4,32,10,2016,8,0,1,2,5,3,2,0,0,1,0,0,0,0,4.92849E+20,5.52531E+21,8.90046E+15,4.98801E+16
18227,18228,6,5,33,19,2016,9,7,2,3,5,3,0,0,0,1,0,0,1,0,4.48763E+20,5.58793E+21,8.27844E+15,5.04411E+16
18228,18229,6,6,11,0,2016,8,14,7,3,5,2,0,0,0,1,0,1,0,0,5.34178E+20,5.68495E+21,9.49041E+15,5.13149E+16
18229,18230,6,5,35,10,2016,9,14,5,2,8,1,0,0,0,0,0,1,0,0,5.03387E+20,5.62515E+21,9.04805E+15,5.07781E+16
18230,18231,6,4,12,0,2016,8,8,5,3,5,2,0,0,1,1,0,0,0,0,4.76337E+20,5.55049E+21,8.6691E+15,5.01062E+16
18231,18232,6,6,34,14,2016,8,14,4,3,2,6,0,0,0,1,0,0,0,0,5.38031E+20,5.66137E+21,9.54319E+15,5.11026E+16
18232,18233,6,4,38,3,2016,8,14,5,3,0,7,0,0,0,1,0,1,0,0,4.76581E+20,5.53455E+21,8.67347E+15,4.99629E+16
18233,18234,6,6,31,17,2016,8,11,5,3,2,6,0,0,0,1,0,0,0,0,5.50403E+20,5.59941E+21,9.71136E+15,5.05444E+16
18234,18235,6,4,33,3,2016,9,3,5,1,9,1,2,0,0,1,0,0,0,0,4.65818E+20,5.52776E+21,8.52402E+15,4.99012E+16
18235,18236,6,4,40,20,2016,9,18,1,3,9,1,0,1,0,1,0,0,0,0,4.99418E+20,5.5773E+21,8.99182E+15,5.03478E+16
18236,18237,6,4,11,0,2016,9,4,1,3,3,6,2,0,0,1,0,0,1,0,4.71251E+20,5.5238E+21,8.59997E+15,4.98659E+16
18237,18238,6,6,31,20,2016,9,14,7,3,2,6,0,0,0,1,0,0,0,0,5.50891E+20,5.60031E+21,9.71837E+15,5.05525E+16
18238,18239,6,4,31,2,2016,9,13,5,3,1,5,0,0,1,1,0,0,0,0,4.75568E+20,5.50348E+21,8.66131E+15,4.96834E+16
18239,18240,6,5,34,18,2016,8,21,4,3,7,7,2,0,0,0,0,1,0,0,5.03312E+20,5.63139E+21,9.04704E+15,5.08342E+16
18240,18241,6,4,36,5,2016,8,14,3,3,8,1,0,0,0,1,0,0,0,0,4.646E+20,5.54508E+21,8.50547E+15,5.0057E+16
18241,18242,6,4,12,0,2016,9,14,4,3,5,3,0,0,0,1,0,0,0,0,4.74675E+20,5.55393E+21,8.64562E+15,5.0137E+16
18242,18243,6,4,12,0,2016,8,6,2,3,5,3,0,0,0,1,0,0,0,0,4.65829E+20,5.55118E+21,8.52208E+15,5.01119E+16
18243,18244,6,4,36,7,2016,8,13,2,3,2,6,0,0,0,1,0,0,0,0,4.60199E+20,5.54824E+21,8.44365E+15,5.00851E+16
18244,18245,6,5,33,9,2016,9,7,5,3,5,3,0,0,0,1,0,1,0,0,4.34673E+20,5.58053E+21,8.08132E+15,5.03732E+16
18245,18246,6,6,36,6,2016,8,18,6,2,8,1,0,0,0,0,0,1,0,0,5.51482E+20,5.66754E+21,9.73618E+15,5.1157E+16
18246,18247,6,4,37,11,2016,9,19,3,2,8,1,0,0,0,1,0,0,0,0,5.00014E+20,5.50281E+21,9.00019E+15,4.96778E+16
18247,18248,6,4,36,8,2016,8,1,7,3,8,1,2,0,0,1,0,0,0,0,4.60814E+20,5.55374E+21,8.45169E+15,5.01346E+16
18248,18249,6,4,14,0,2016,9,17,2,3,2,2,0,0,0,1,0,0,0,0,4.45763E+20,5.54572E+21,8.24224E+15,5.00613E+16
18249,18250,6,6,31,4,2016,9,11,2,3,2,6,0,0,0,1,0,0,0,1,5.56101E+20,5.58943E+21,9.79027E+15,5.04541E+16
18250,18251,6,4,35,14,2016,8,6,5,3,4,6,0,0,0,1,0,0,0,1,4.92681E+20,5.55123E+21,8.89763E+15,5.01132E+16
18251,18252,6,6,34,8,2016,9,6,6,3,0,2,0,0,1,0,0,0,1,0,5.33072E+20,5.67209E+21,9.47335E+15,5.11993E+16
18252,18253,6,4,32,10,2016,9,15,1,3,2,6,0,1,0,1,0,0,0,0,4.95672E+20,5.52678E+21,8.93974E+15,4.98934E+16
18253,18254,6,6,11,0,2016,9,7,3,3,2,6,0,0,0,1,0,0,0,0,5.35711E+20,5.68442E+21,9.51234E+15,5.131E+16
18254,18255,6,4,39,15,2016,8,10,7,3,2,6,0,0,0,1,0,1,0,0,4.41805E+20,5.55938E+21,8.18486E+15,5.01838E+16
18255,18256,6,6,32,2,2016,9,7,2,3,7,7,0,1,0,1,0,0,0,0,5.51066E+20,5.63492E+21,9.72563E+15,5.08637E+16
18256,18257,6,6,31,23,2016,8,19,1,3,8,1,1,0,0,1,0,0,0,0,5.68849E+20,5.6122E+21,9.97403E+15,5.06576E+16
18257,18258,6,4,40,24,2016,9,8,2,3,5,3,0,0,0,1,0,0,0,1,4.8946E+20,5.58524E+21,8.85164E+15,5.04191E+16
18258,18259,6,4,12,0,2016,8,13,7,3,2,6,0,0,0,1,0,0,0,0,4.67576E+20,5.55023E+21,8.5466E+15,5.01035E+16
18259,18260,6,5,31,5,2016,9,14,5,3,0,7,0,0,1,1,0,0,0,0,4.77581E+20,5.60269E+21,8.68339E+15,5.05757E+16
18260,18261,6,6,34,14,2016,8,6,4,3,2,6,0,0,0,1,0,1,0,0,5.38116E+20,5.66139E+21,9.5444E+15,5.11027E+16
18261,18262,6,4,34,2,2016,9,13,6,3,2,6,0,0,0,1,0,0,0,0,4.7597E+20,5.56785E+21,8.66286E+15,5.02623E+16
18262,18263,6,5,31,5,2016,8,17,4,3,0,7,0,0,0,1,0,0,0,1,4.77447E+20,5.60476E+21,8.68137E+15,5.05943E+16
18263,18264,6,4,36,8,2016,8,13,4,2,5,3,0,0,0,0,0,1,1,0,4.58414E+20,5.55636E+21,8.41782E+15,5.0158E+16
18264,18265,6,5,31,16,2016,9,6,1,3,9,1,1,0,0,1,0,0,0,0,4.87908E+20,5.60658E+21,8.82911E+15,5.0611E+16
18265,18266,6,4,12,0,2016,9,13,7,3,2,6,0,0,0,1,0,0,0,0,4.65614E+20,5.55098E+21,8.5191E+15,5.01101E+16
18266,18267,6,5,31,8,2016,8,13,7,2,9,7,0,0,0,1,0,0,0,0,4.97914E+20,5.59061E+21,8.9706E+15,5.04675E+16
18267,18268,6,4,35,14,2016,9,14,5,3,0,1,0,0,0,0,0,1,0,0,4.98509E+20,5.55347E+21,8.97914E+15,5.01335E+16
18268,18269,6,4,38,1,2016,8,17,3,3,2,6,0,0,0,1,0,0,0,0,4.85244E+20,5.54032E+21,8.79404E+15,5.00151E+16
18269,18270,6,6,33,13,2016,9,8,4,3,2,2,0,0,0,1,0,0,0,0,5.26894E+20,5.70572E+21,9.38747E+15,5.1502E+16
18270,18271,6,6,33,10,2016,8,12,2,2,8,1,0,1,0,1,0,0,0,0,5.30283E+20,5.70055E+21,9.43585E+15,5.14553E+16
18271,18272,6,4,32,22,2016,8,14,2,2,8,1,0,0,0,0,0,1,0,0,4.74662E+20,5.5106E+21,8.64829E+15,4.97473E+16
18272,18273,6,4,14,0,2016,9,16,5,3,5,2,0,0,1,0,0,0,0,1,4.4643E+20,5.54607E+21,8.25151E+15,5.00645E+16
18273,18274,6,4,39,3,2016,8,22,6,2,0,7,2,0,0,1,0,1,0,0,4.32891E+20,5.54054E+21,8.06333E+15,5.00134E+16
18274,18275,6,4,33,6,2016,8,19,6,3,2,6,0,0,0,1,0,0,0,1,4.62694E+20,5.52781E+21,8.48052E+15,4.99016E+16
18275,18276,6,4,11,0,2016,9,16,3,3,1,5,0,0,0,1,0,0,0,0,4.74621E+20,5.52378E+21,8.64685E+15,4.98659E+16
18276,18277,6,4,33,11,2016,8,18,7,1,4,1,0,0,0,1,0,1,0,0,4.60153E+20,5.52096E+21,8.44584E+15,4.98398E+16
18277,18278,6,6,35,2,2016,9,15,2,3,2,6,0,0,0,1,0,0,0,0,5.01004E+20,5.69191E+21,9.01442E+15,5.13784E+16
18278,18279,6,4,11,0,2016,9,10,2,3,3,6,0,0,0,1,0,0,1,0,4.71403E+20,5.52493E+21,8.602E+15,4.98761E+16
18279,18280,6,4,33,12,2016,8,7,5,3,2,6,0,0,0,1,0,0,0,0,4.58219E+20,5.536E+21,8.41732E+15,4.99749E+16
18280,18281,6,6,36,11,2016,9,6,6,3,5,2,0,0,0,1,0,0,0,1,5.63616E+20,5.65691E+21,9.90779E+15,5.10602E+16
18281,18282,6,5,35,1,2016,9,18,1,3,2,6,0,1,0,1,0,0,0,1,5.16581E+20,5.62301E+21,9.23508E+15,5.07586E+16
18282,18283,6,4,37,13,2016,9,14,7,3,8,1,0,0,0,0,0,1,0,0,4.91184E+20,5.5078E+21,8.87769E+15,4.97226E+16
18283,18284,6,5,34,10,2016,9,17,6,3,9,1,0,0,0,0,0,1,0,0,4.65944E+20,5.6206E+21,8.51739E+15,5.07362E+16
18284,18285,6,4,14,0,2016,9,13,5,3,3,6,0,0,0,1,0,0,0,0,4.46964E+20,5.54708E+21,8.25883E+15,5.00736E+16
18285,18286,6,6,11,0,2016,8,18,4,3,6,4,0,0,0,1,1,0,0,0,5.35485E+20,5.68483E+21,9.50914E+15,5.13137E+16
18286,18287,6,6,11,0,2016,8,19,3,3,1,1,0,0,0,1,0,0,0,0,5.34355E+20,5.68546E+21,9.493E+15,5.13194E+16
18287,18288,6,5,33,8,2016,9,11,5,3,2,6,0,0,0,1,0,0,0,1,4.42217E+20,5.57641E+21,8.18804E+15,5.03369E+16
18288,18289,6,6,31,5,2016,8,10,3,2,0,1,0,0,1,0,0,0,0,0,5.73776E+20,5.5959E+21,1.00405E+16,5.05104E+16
18289,18290,6,4,35,13,2016,8,14,2,2,0,1,0,0,0,1,0,0,0,0,4.99689E+20,5.56623E+21,8.99563E+15,5.02482E+16
18290,18291,6,4,12,0,2016,8,8,4,3,2,6,0,0,0,1,0,0,0,0,4.71524E+20,5.55103E+21,8.60175E+15,5.01109E+16
18291,18292,6,4,12,0,2016,9,23,6,3,2,6,2,0,0,1,0,0,0,0,4.71456E+20,5.55326E+21,8.60062E+15,5.01309E+16
18292,18293,6,6,33,15,2016,8,17,6,3,5,2,0,0,0,1,0,0,0,1,5.39396E+20,5.68253E+21,9.56501E+15,5.12927E+16
18293,18294,6,6,31,9,2016,9,14,6,3,8,1,0,0,0,1,0,0,0,0,5.49519E+20,5.6028E+21,9.69934E+15,5.0575E+16
18294,18295,6,6,31,15,2016,9,17,4,3,5,3,0,0,1,1,0,0,0,0,5.53612E+20,5.61486E+21,9.75888E+15,5.06831E+16
18295,18296,6,6,32,2,2016,9,16,5,2,5,3,0,0,0,1,0,0,0,0,5.50875E+20,5.63485E+21,9.72291E+15,5.08631E+16
18296,18297,6,6,11,0,2016,8,23,4,2,0,7,2,0,1,0,0,0,0,0,5.34835E+20,5.6845E+21,9.49979E+15,5.13107E+16
18297,18298,6,5,31,18,2016,8,22,4,1,8,6,2,0,0,1,0,0,1,0,4.76739E+20,5.60757E+21,8.67118E+15,5.06196E+16
18298,18299,6,6,33,20,2016,9,16,5,2,0,7,0,0,0,0,0,0,1,0,5.39522E+20,5.68576E+21,9.56717E+15,5.13218E+16
18299,18300,6,4,31,5,2016,8,18,3,2,6,4,0,0,0,1,1,0,0,0,4.59844E+20,5.50128E+21,8.44357E+15,4.96627E+16
18300,18301,6,4,36,6,2016,8,17,4,2,9,1,0,0,0,0,0,1,0,0,4.55048E+20,5.54504E+21,8.37203E+15,5.00559E+16
18301,18302,6,4,14,0,2016,9,15,7,2,6,4,0,0,0,1,1,0,0,0,4.47949E+20,5.54095E+21,8.27342E+15,5.00186E+16
18302,18303,6,6,33,17,2016,9,16,6,3,5,3,0,0,0,1,0,1,0,0,5.37376E+20,5.68019E+21,9.53579E+15,5.12718E+16
18303,18304,6,4,33,2,2016,8,12,7,3,0,7,0,0,0,0,0,1,0,0,4.54346E+20,5.53604E+21,8.3633E+15,4.99749E+16
18304,18305,6,4,32,5,2016,9,8,6,1,8,1,0,0,0,1,0,0,0,0,4.87321E+20,5.53303E+21,8.82327E+15,4.99495E+16
18305,18306,6,4,34,8,2016,9,13,4,3,2,6,0,0,0,1,0,0,0,0,4.70787E+20,5.56107E+21,8.59068E+15,5.02011E+16
18306,18307,6,4,38,9,2016,8,15,2,3,5,3,0,0,0,1,0,0,0,0,4.79707E+20,5.54413E+21,8.71656E+15,5.00491E+16
18307,18308,6,5,35,10,2016,8,7,2,3,8,1,0,0,0,1,0,0,0,0,5.11074E+20,5.62121E+21,9.15694E+15,5.07425E+16
18308,18309,6,6,34,21,2016,9,7,5,3,5,3,0,0,0,1,0,0,0,0,5.19808E+20,5.63376E+21,9.28141E+15,5.08552E+16
18309,18310,6,4,31,7,2016,8,17,6,2,8,1,0,0,0,0,0,1,0,0,4.87138E+20,5.50158E+21,8.82176E+15,4.96666E+16
18310,18311,6,5,31,11,2016,8,11,6,3,5,3,0,0,0,1,0,1,0,0,4.88004E+20,5.59716E+21,8.83076E+15,5.05263E+16
18311,18312,6,6,36,3,2016,8,8,5,3,0,3,0,0,1,1,0,0,0,0,5.72961E+20,5.67138E+21,1.00441E+16,5.11892E+16
18312,18313,6,4,39,10,2016,9,19,3,3,9,7,0,0,0,0,0,1,0,0,4.16722E+20,5.54913E+21,7.83583E+15,5.00886E+16
18313,18314,6,6,33,13,2016,9,6,2,3,2,5,1,0,0,1,0,0,0,0,5.27206E+20,5.70534E+21,9.39193E+15,5.14985E+16
18314,18315,6,4,37,11,2016,8,15,5,3,8,7,0,0,0,1,0,0,0,0,4.99266E+20,5.50776E+21,8.98982E+15,4.97223E+16
18315,18316,6,4,40,11,2016,8,13,5,3,5,3,0,0,0,1,0,0,0,0,5.09582E+20,5.58236E+21,9.1348E+15,5.03932E+16
18316,18317,6,4,12,0,2016,9,4,1,3,0,1,2,0,1,0,0,0,0,0,4.71866E+20,5.5488E+21,8.6067E+15,5.00908E+16
18317,18318,6,6,32,2,2016,8,20,4,3,8,7,1,0,0,1,0,0,0,0,5.5587E+20,5.63465E+21,9.79384E+15,5.08609E+16
18318,18319,6,4,38,13,2016,9,17,6,3,0,6,0,0,0,1,0,1,0,0,4.99807E+20,5.54206E+21,8.9973E+15,5.00308E+16
18319,18320,6,5,34,14,2016,9,0,1,3,9,1,2,0,0,1,0,0,0,0,4.86464E+20,5.63401E+21,8.80769E+15,5.08576E+16
18320,18321,6,6,11,0,2016,9,5,7,3,8,1,2,0,0,1,0,0,0,0,5.29217E+20,5.68839E+21,9.4195E+15,5.1346E+16
18321,18322,6,6,31,9,2016,9,11,6,2,5,2,0,0,0,1,0,1,0,0,5.44719E+20,5.59981E+21,9.63119E+15,5.05485E+16
18322,18323,6,6,34,14,2016,9,14,5,3,5,3,0,0,0,1,0,1,0,0,5.38659E+20,5.66549E+21,9.5526E+15,5.11396E+16
18323,18324,6,6,32,1,2016,8,14,4,2,5,3,0,0,0,1,0,0,0,1,5.46291E+20,5.65574E+21,9.66043E+15,5.10514E+16
18324,18325,6,4,12,0,2016,8,15,3,3,5,2,0,0,1,1,0,0,0,0,4.75541E+20,5.54991E+21,8.658E+15,5.01009E+16
18325,18326,6,5,33,9,2016,9,20,4,3,5,3,1,0,0,1,0,0,0,0,4.31614E+20,5.58318E+21,8.03783E+15,5.03967E+16
18326,18327,6,5,31,12,2016,8,19,3,3,7,7,0,0,0,1,1,0,0,0,4.75174E+20,5.59848E+21,8.64966E+15,5.05377E+16
18327,18328,6,5,33,9,2016,8,16,1,3,2,6,0,0,0,1,0,0,0,0,4.31903E+20,5.58324E+21,8.04189E+15,5.03972E+16
18328,18329,6,5,31,2,2016,8,7,3,3,0,1,0,0,0,0,0,1,0,0,4.72959E+20,5.60637E+21,8.61784E+15,5.06086E+16
18329,18330,6,5,31,5,2016,9,12,6,3,6,4,0,0,0,1,1,0,0,0,4.77776E+20,5.60248E+21,8.68614E+15,5.05738E+16
18330,18331,6,5,31,9,2016,9,15,4,2,5,3,0,0,0,1,0,1,0,0,4.7523E+20,5.59336E+21,8.6508E+15,5.04917E+16
18331,18332,6,4,39,11,2016,9,18,3,3,8,7,0,0,0,0,0,0,0,1,4.49387E+20,5.55778E+21,8.29127E+15,5.017E+16
18332,18333,6,4,35,10,2016,8,9,1,3,5,2,0,0,0,1,0,0,0,1,5.15685E+20,5.56069E+21,9.21976E+15,5.01982E+16
18333,18334,6,4,38,8,2016,9,10,2,3,2,6,0,1,0,1,0,0,0,0,4.87102E+20,5.55204E+21,8.81958E+15,5.01205E+16
18334,18335,6,4,35,21,2016,8,0,7,3,0,7,2,0,0,1,0,0,0,0,4.89705E+20,5.56561E+21,8.85562E+15,5.02426E+16
18335,18336,6,4,38,12,2016,9,15,5,3,5,3,0,0,1,1,0,0,0,0,4.86755E+20,5.53882E+21,8.81519E+15,5.00015E+16
18336,18337,6,4,39,8,2016,8,12,6,3,2,6,0,0,0,1,0,0,0,0,4.46204E+20,5.56555E+21,8.2456E+15,5.02396E+16
18337,18338,6,4,12,0,2016,8,20,5,3,2,6,1,0,1,1,0,0,0,0,4.75501E+20,5.55105E+21,8.65736E+15,5.01112E+16
18338,18339,6,6,11,0,2016,8,18,4,3,2,6,0,0,0,1,0,0,0,0,5.32718E+20,5.68175E+21,9.46916E+15,5.12861E+16
18339,18340,6,6,31,9,2016,8,10,2,3,2,6,0,0,0,1,0,0,0,1,5.48091E+20,5.59753E+21,9.67849E+15,5.05278E+16
18340,18341,6,5,31,5,2016,9,6,3,3,8,7,0,0,0,1,0,0,0,0,4.70008E+20,5.59886E+21,8.57673E+15,5.05409E+16
18341,18342,6,6,35,4,2016,8,17,1,2,4,1,0,1,0,1,0,0,0,1,4.73484E+20,5.64907E+21,8.62218E+15,5.09926E+16
18342,18343,6,6,32,15,2016,8,17,1,3,2,6,0,0,0,1,0,0,0,0,5.36397E+20,5.62859E+21,9.51657E+15,5.08079E+16
18343,18344,6,4,40,5,2016,9,16,5,3,8,1,0,0,0,0,0,1,0,0,4.70754E+20,5.58202E+21,8.58858E+15,5.03895E+16
18344,18345,6,4,31,13,2016,8,5,6,2,5,2,2,0,0,1,0,1,0,0,4.6877E+20,5.49417E+21,8.56782E+15,4.95993E+16
18345,18346,6,6,32,6,2016,8,19,6,3,2,6,0,0,0,1,0,0,0,1,5.58687E+20,5.6376E+21,9.83435E+15,5.08871E+16
18346,18347,6,5,33,9,2016,8,15,5,3,2,6,0,0,0,1,0,0,0,0,4.33291E+20,5.58508E+21,8.06109E+15,5.0414E+16
18347,18348,6,4,32,13,2016,9,9,3,3,5,3,0,0,1,1,0,0,0,0,4.80687E+20,5.51279E+21,8.73182E+15,4.97672E+16
18348,18349,6,6,11,0,2016,8,22,4,3,4,6,2,0,0,1,0,0,0,0,5.30689E+20,5.68771E+21,9.44058E+15,5.13399E+16
18349,18350,6,4,39,13,2016,9,10,2,3,6,4,0,0,0,0,1,0,0,1,4.22951E+20,5.53672E+21,7.92538E+15,4.99779E+16
18350,18351,6,6,33,3,2016,8,17,5,3,5,3,0,0,0,1,0,0,0,0,5.29812E+20,5.6777E+21,9.42715E+15,5.12499E+16
18351,18352,6,4,40,8,2016,8,10,5,3,2,6,0,0,0,1,0,0,1,0,4.82338E+20,5.57747E+21,8.75175E+15,5.0349E+16
18352,18353,6,6,34,5,2016,9,0,1,3,8,1,2,1,0,1,0,0,0,0,5.17238E+20,5.66455E+21,9.24636E+15,5.11322E+16
18353,18354,6,6,34,3,2016,9,17,1,3,3,6,0,1,0,1,0,0,0,0,5.33573E+20,5.66709E+21,9.48005E+15,5.11542E+16
18354,18355,6,5,32,11,2016,9,13,7,3,5,3,0,0,1,0,0,0,0,0,4.44068E+20,5.62218E+21,8.20717E+15,5.07487E+16
18355,18356,6,5,35,5,2016,9,16,6,2,2,6,0,0,0,1,0,0,0,0,5.02718E+20,5.61509E+21,9.03847E+15,5.06876E+16
18356,18357,6,4,38,9,2016,9,10,5,3,2,6,0,0,0,1,0,0,1,1,4.71022E+20,5.54257E+21,8.59537E+15,5.00347E+16
18357,18358,6,4,34,8,2016,8,17,3,3,2,6,0,0,0,0,0,1,0,1,4.70897E+20,5.56083E+21,8.59223E+15,5.0199E+16
18358,18359,6,5,33,15,2016,8,9,4,2,5,3,0,0,0,0,0,1,0,1,4.43028E+20,5.58261E+21,8.19849E+15,5.03928E+16
18359,18360,6,6,35,20,2016,8,10,3,2,8,1,0,0,0,0,0,1,0,0,5.10955E+20,5.69116E+21,9.15738E+15,5.13716E+16
18360,18361,6,6,11,0,2016,9,13,4,3,2,6,0,0,0,1,0,0,0,0,5.33849E+20,5.6839E+21,9.48559E+15,5.13054E+16
18361,18362,6,4,40,23,2016,8,9,3,3,2,6,0,0,0,1,0,1,0,0,4.76497E+20,5.57057E+21,8.67009E+15,5.02868E+16
18362,18363,6,4,12,0,2016,8,22,1,2,9,1,2,0,0,1,0,0,0,0,4.64867E+20,5.55158E+21,8.50859E+15,5.01154E+16
18363,18364,6,6,32,12,2016,8,17,3,3,5,3,0,0,1,1,0,0,0,0,5.53128E+20,5.64144E+21,9.75587E+15,5.09222E+16
18364,18365,6,4,12,0,2016,9,21,6,3,3,6,2,0,0,1,0,0,0,0,4.79014E+20,5.55569E+21,8.70624E+15,5.01531E+16
18365,18366,6,4,12,0,2016,9,17,4,3,2,6,0,0,0,1,0,0,0,0,4.72857E+20,5.55153E+21,8.62036E+15,5.01154E+16
18366,18367,6,6,35,13,2016,8,12,7,2,0,7,0,0,0,0,0,1,0,0,4.98124E+20,5.6533E+21,8.97324E+15,5.10312E+16
18367,18368,6,4,31,13,2016,9,5,3,2,3,6,0,0,0,1,0,0,1,1,4.68248E+20,5.49287E+21,8.56069E+15,4.95876E+16
18368,18369,6,4,33,8,2016,8,6,1,2,4,7,1,0,0,1,0,0,0,0,4.7238E+20,5.53718E+21,8.61471E+15,4.99863E+16