FID,OBJECTID,ULAND,UREGBEZ,UKREIS,UGEMEINDE,UJAHR,UMONAT,USTUNDE,UWOCHENTAG,UKATEGORIE,UART,UTYP1,ULICHTVERH,IstStrasse,IstRad,IstPKW,IstFuss,IstKrad,IstGkfz,IstSonstig,LINREFX,LINREFY,XGCSWGS84,YGCSWGS84
18369,18370,6,4,36,7,2016,9,14,2,2,9,1,0,0,0,1,0,0,0,0,4.57496E+20,5.55073E+21,8.4056E+15,5.01073E+16
18370,18371,6,4,14,0,2016,8,12,7,3,8,1,0,0,0,1,0,0,0,0,4.40059E+20,5.54538E+21,8.16262E+15,5.00577E+16
18371,18372,6,5,34,15,2016,9,6,5,2,2,6,0,0,0,1,0,0,0,0,4.76127E+20,5.64269E+21,8.66025E+15,5.09354E+16
18372,18373,6,6,11,0,2016,8,13,4,3,2,6,0,0,0,1,0,0,0,0,5.33608E+20,5.68289E+21,9.48204E+15,5.12963E+16
18373,18374,6,4,36,7,2016,8,22,5,3,1,1,2,0,1,1,0,0,0,0,4.58249E+20,5.54587E+21,8.41666E+15,5.00636E+16
18374,18375,6,5,32,23,2016,8,8,5,3,2,6,0,0,0,1,0,0,0,0,4.64446E+20,5.59809E+21,8.49832E+15,5.05337E+16
18375,18376,6,4,40,6,2016,9,18,5,2,2,6,0,0,0,1,0,1,0,0,4.93142E+20,5.58374E+21,8.9035E+15,5.04057E+16
18376,18377,6,5,32,12,2016,9,17,1,3,2,6,0,0,0,1,0,0,0,0,4.49484E+20,5.61355E+21,8.28512E+15,5.06716E+16
18377,18378,6,4,38,10,2016,9,2,7,3,8,1,2,0,0,1,0,0,0,0,4.88485E+20,5.54579E+21,8.83912E+15,5.00643E+16
18378,18379,6,6,31,9,2016,8,9,7,3,5,2,0,0,1,1,0,0,0,0,5.48472E+20,5.60092E+21,9.68431E+15,5.05582E+16
18379,18380,6,5,31,16,2016,9,21,5,3,7,7,1,0,0,0,0,1,0,0,4.88438E+20,5.60391E+21,8.83667E+15,5.0587E+16
18380,18381,6,5,34,14,2016,8,0,4,3,7,7,2,0,1,0,0,0,0,0,4.83189E+20,5.62726E+21,8.76147E+15,5.07969E+16
18381,18382,6,4,35,10,2016,8,14,3,3,8,1,0,0,0,0,0,1,0,0,5.10452E+20,5.56114E+21,9.14646E+15,5.02024E+16
18382,18383,6,6,36,6,2016,9,11,4,3,5,3,0,0,1,1,0,0,0,0,5.50748E+20,5.67213E+21,9.72632E+15,5.11983E+16
18383,18384,6,4,12,0,2016,8,1,2,3,5,3,2,0,0,1,0,0,0,0,4.7848E+20,5.55435E+21,8.69884E+15,5.0141E+16
18384,18385,6,4,38,13,2016,8,10,5,3,6,4,0,0,0,1,1,0,0,0,4.9786E+20,5.54348E+21,8.97011E+15,5.00436E+16
18385,18386,6,5,34,14,2016,8,10,5,3,5,3,0,0,1,1,0,0,0,0,4.83955E+20,5.62939E+21,8.77225E+15,5.0816E+16
18386,18387,6,4,34,1,2016,9,1,1,3,5,3,2,0,0,1,0,0,0,0,4.73364E+20,5.56232E+21,8.62668E+15,5.02125E+16
18387,18388,6,4,12,0,2016,9,10,1,2,9,1,0,1,0,1,0,0,0,0,4.77407E+20,5.5455E+21,8.68434E+15,5.00613E+16
18388,18389,6,4,31,22,2016,9,17,7,3,0,1,0,0,0,1,0,1,0,0,4.71951E+20,5.5085E+21,8.61081E+15,4.97283E+16
18389,18390,6,5,33,19,2016,9,0,5,3,8,1,2,0,0,1,0,0,0,0,4.4846E+20,5.58641E+21,8.27439E+15,5.04275E+16
18390,18391,6,4,32,22,2016,8,13,4,3,5,3,0,0,1,1,0,0,0,0,4.73296E+20,5.51236E+21,8.62921E+15,4.97631E+16
18391,18392,6,4,34,8,2016,8,19,3,3,5,3,0,0,1,1,0,0,0,0,4.69992E+20,5.56148E+21,8.5795E+15,5.02048E+16
18392,18393,6,4,13,0,2016,9,17,4,3,0,7,0,0,0,1,0,0,0,0,4.84617E+20,5.55039E+21,8.78489E+15,5.01056E+16
18393,18394,6,4,14,0,2016,8,13,2,2,5,2,0,0,1,0,0,0,0,1,4.47004E+20,5.54277E+21,8.25999E+15,5.00349E+16
18394,18395,6,6,32,20,2016,8,13,1,2,8,1,0,0,0,1,0,0,0,0,5.65028E+20,5.64245E+21,9.92535E+15,5.093E+16
18395,18396,6,5,31,9,2016,9,17,6,3,2,6,0,0,0,1,0,0,0,0,4.77682E+20,5.59331E+21,8.68537E+15,5.04914E+16
18396,18397,6,4,14,0,2016,9,7,3,3,6,6,0,0,0,0,1,0,0,1,4.45367E+20,5.54763E+21,8.23644E+15,5.00784E+16
18397,18398,6,4,35,28,2016,8,14,7,3,5,2,0,0,0,1,0,1,0,0,5.33696E+20,5.57418E+21,9.47331E+15,5.03188E+16
18398,18399,6,5,33,8,2016,9,5,2,3,3,6,2,0,0,1,0,0,0,0,4.40645E+20,5.57039E+21,8.16689E+15,5.02827E+16
18399,18400,6,5,31,5,2016,8,15,1,3,2,6,0,1,0,1,0,0,0,0,4.80648E+20,5.60204E+21,8.72673E+15,5.057E+16
18400,18401,6,4,33,12,2016,9,16,2,3,2,6,0,0,1,1,0,0,0,0,4.5892E+20,5.53754E+21,8.42692E+15,4.99888E+16
18401,18402,6,5,31,5,2016,8,10,5,3,2,6,0,0,0,1,0,0,0,0,4.73583E+20,5.60141E+21,8.62701E+15,5.0564E+16
18402,18403,6,4,12,0,2016,8,12,7,3,3,2,0,0,0,1,0,0,0,1,4.74355E+20,5.55012E+21,8.64139E+15,5.01028E+16
18403,18404,6,4,35,14,2016,9,7,5,3,0,6,0,0,0,0,0,0,0,1,4.93668E+20,5.55234E+21,8.91142E+15,5.01233E+16
18404,18405,6,4,12,0,2016,9,15,6,3,3,6,0,0,0,1,0,1,0,0,4.75789E+20,5.55081E+21,8.66141E+15,5.0109E+16
18405,18406,6,5,31,5,2016,9,7,5,3,9,1,0,0,0,0,0,1,0,0,4.79216E+20,5.60775E+21,8.70619E+15,5.06212E+16
18406,18407,6,5,33,16,2016,8,9,4,3,9,1,0,0,0,1,0,0,0,0,4.37464E+20,5.59698E+21,8.11782E+15,5.05215E+16
18407,18408,6,6,32,4,2016,8,13,4,3,2,6,0,0,0,1,0,0,0,0,5.35222E+20,5.62797E+21,9.49983E+15,5.08024E+16
18408,18409,6,5,35,16,2016,9,10,7,3,1,1,0,0,0,1,0,0,0,0,5.09486E+20,5.59506E+21,9.13377E+15,5.05075E+16
18409,18410,6,4,34,2,2016,9,16,7,3,3,6,0,0,0,1,0,0,0,0,4.75978E+20,5.56535E+21,8.66313E+15,5.02399E+16
18410,18411,6,4,14,0,2016,8,4,7,3,6,7,2,0,0,1,1,0,0,0,4.4639E+20,5.54614E+21,8.25095E+15,5.00651E+16
18411,18412,6,4,12,0,2016,9,7,5,3,2,6,0,0,0,1,0,1,0,0,4.74888E+20,5.55857E+21,8.6483E+15,5.01788E+16
18412,18413,6,6,34,2,2016,9,14,4,3,8,1,0,0,0,0,0,1,0,0,5.24732E+20,5.67699E+21,9.35433E+15,5.12438E+16
18413,18414,6,6,11,0,2016,8,13,2,3,2,6,0,0,0,1,0,0,0,0,5.28579E+20,5.6826E+21,9.40988E+15,5.1294E+16
18414,18415,6,4,11,0,2016,8,7,2,3,2,6,0,0,0,1,0,0,0,0,4.72697E+20,5.51807E+21,8.62048E+15,4.98145E+16
18415,18416,6,4,12,0,2016,9,11,5,3,1,5,0,0,1,1,0,0,0,0,4.7625E+20,5.54927E+21,8.66795E+15,5.00952E+16
18416,18417,6,4,38,8,2016,8,12,6,3,0,2,0,0,0,1,0,1,0,0,4.86567E+20,5.55164E+21,8.8121E+15,5.01168E+16
18417,18418,6,6,31,13,2016,8,17,6,3,4,6,0,0,0,0,0,1,0,1,5.63313E+20,5.60679E+21,9.89481E+15,5.06096E+16
18418,18419,6,4,12,0,2016,8,11,5,3,5,3,0,0,0,1,0,0,0,1,4.70429E+20,5.54499E+21,8.5869E+15,5.00565E+16
18419,18420,6,6,33,3,2016,9,20,3,3,4,6,1,0,1,0,0,0,0,0,5.27278E+20,5.67625E+21,9.39073E+15,5.1237E+16
18420,18421,6,6,31,9,2016,8,1,7,2,8,1,2,0,0,1,0,0,0,0,5.48224E+20,5.59642E+21,9.68023E+15,5.05177E+16
18421,18422,6,6,33,200,2016,9,15,2,3,8,1,0,1,0,1,0,0,0,0,5.37775E+20,5.70432E+21,9.54407E+15,5.14887E+16
18422,18423,6,6,36,13,2016,9,20,1,3,8,1,2,1,0,1,0,0,0,0,5.80191E+20,5.67162E+21,1.01475E+16,5.11903E+16
18423,18424,6,4,34,2,2016,8,14,5,2,2,6,0,0,0,1,0,0,1,0,4.75954E+20,5.56698E+21,8.66269E+15,5.02545E+16
18424,18425,6,4,40,20,2016,8,2,2,2,9,1,2,1,0,1,0,0,0,0,4.99263E+20,5.58091E+21,8.98964E+15,5.03803E+16
18425,18426,6,4,14,0,2016,9,8,5,2,6,4,0,0,0,1,1,0,0,0,4.50016E+20,5.53973E+21,8.30244E+15,5.00078E+16
18426,18427,6,6,33,4,2016,8,21,6,2,5,3,2,0,0,1,0,0,1,0,5.16648E+20,5.70012E+21,9.23958E+15,5.1452E+16
18427,18428,6,4,11,0,2016,9,16,3,3,4,6,0,0,1,0,0,0,0,0,4.73956E+20,5.52434E+21,8.63757E+15,4.98709E+16
18428,18429,6,4,40,22,2016,8,15,7,3,8,1,0,0,0,1,0,0,0,0,4.82896E+20,5.5885E+21,8.75909E+15,5.04483E+16
18429,18430,6,4,14,0,2016,9,3,2,3,1,5,2,0,0,1,0,0,0,0,4.44248E+20,5.54868E+21,8.22065E+15,5.00878E+16
18430,18431,6,4,35,25,2016,9,5,2,3,3,1,2,1,0,1,0,0,1,0,5.35591E+20,5.57866E+21,9.50035E+15,5.0359E+16
18431,18432,6,4,38,7,2016,8,7,5,2,3,6,0,0,0,1,0,0,1,0,5.01594E+20,5.53925E+21,9.02224E+15,5.00055E+16
18432,18433,6,6,33,23,2016,9,17,6,2,8,2,0,0,0,1,0,1,0,0,5.18599E+20,5.68168E+21,9.2667E+15,5.12862E+16
18433,18434,6,4,40,21,2016,9,14,1,3,2,2,0,0,0,1,0,0,0,1,4.88072E+20,5.57539E+21,8.83241E+15,5.03305E+16
18434,18435,6,4,34,2,2016,9,7,6,3,5,2,0,0,0,1,0,0,0,0,4.76007E+20,5.56738E+21,8.66341E+15,5.02581E+16
18435,18436,6,5,33,9,2016,9,7,5,3,2,6,0,0,0,1,0,0,0,0,4.35635E+20,5.58763E+21,8.09364E+15,5.04371E+16
18436,18437,6,4,14,0,2016,8,13,4,2,0,1,0,0,0,1,0,0,0,0,4.45812E+20,5.54343E+21,8.24325E+15,5.00407E+16
18437,18438,6,5,33,8,2016,8,16,3,2,0,6,0,0,0,1,0,1,0,0,4.40969E+20,5.57612E+21,8.17055E+15,5.03342E+16
18438,18439,6,6,32,20,2016,9,3,5,3,8,1,2,0,0,1,0,0,1,0,5.64087E+20,5.6416E+21,9.9118E+15,5.09224E+16
18439,18440,6,4,33,8,2016,8,20,3,3,4,3,2,0,0,1,0,0,0,0,4.69019E+20,5.53603E+21,8.56793E+15,4.99758E+16
18440,18441,6,5,35,15,2016,8,13,3,3,5,3,0,0,0,1,0,0,0,0,5.41831E+20,5.61516E+21,9.59216E+15,5.06867E+16
18441,18442,6,4,12,0,2016,9,2,7,3,5,3,2,0,0,1,0,0,0,0,4.726E+20,5.54847E+21,8.61697E+15,5.00879E+16
18442,18443,6,4,14,0,2016,9,20,6,3,5,2,1,0,1,0,0,0,0,1,4.49038E+20,5.53961E+21,8.28881E+15,5.00066E+16
18443,18444,6,5,31,5,2016,8,11,6,3,2,6,0,0,0,1,0,0,0,0,4.76596E+20,5.60351E+21,8.66942E+15,5.0583E+16
18444,18445,6,5,34,21,2016,9,16,6,3,5,3,0,0,0,1,0,0,0,1,4.82584E+20,5.64054E+21,8.75225E+15,5.09162E+16
18445,18446,6,4,40,20,2016,9,17,4,2,9,1,0,0,0,0,0,1,0,0,5.04164E+20,5.58172E+21,9.05858E+15,5.03876E+16
18446,18447,6,5,34,14,2016,8,5,2,3,9,7,1,0,0,1,0,0,0,0,4.80514E+20,5.6273E+21,8.72351E+15,5.07972E+16
18447,18448,6,6,31,9,2016,9,7,3,3,5,2,0,0,0,1,0,0,0,0,5.49523E+20,5.60095E+21,9.69915E+15,5.05584E+16
18448,18449,6,4,34,8,2016,9,8,5,3,2,6,0,0,0,1,0,0,0,1,4.70637E+20,5.56097E+21,8.58857E+15,5.02001E+16
18449,18450,6,5,32,7,2016,8,16,6,2,2,6,0,0,0,1,0,1,0,0,4.3779E+20,5.6115E+21,8.12E+15,5.06521E+16
18450,18451,6,4,14,0,2016,8,11,6,3,2,6,0,0,0,1,0,0,1,0,4.46834E+20,5.54694E+21,8.25704E+15,5.00724E+16
18451,18452,6,6,34,16,2016,8,15,5,3,8,1,0,0,0,1,0,0,0,0,5.15273E+20,5.64947E+21,9.21764E+15,5.09966E+16
18452,18453,6,4,35,19,2016,9,8,3,3,2,6,0,0,0,1,0,0,0,0,4.85072E+20,5.55413E+21,8.79111E+15,5.01392E+16
18453,18454,6,6,36,11,2016,8,7,4,3,5,3,0,0,0,1,0,0,1,0,5.67631E+20,5.66165E+21,9.96596E+15,5.11024E+16
18454,18455,6,6,34,5,2016,9,19,2,3,1,1,1,0,0,1,0,0,0,1,5.19254E+20,5.66275E+21,9.27508E+15,5.11159E+16
18455,18456,6,4,11,0,2016,8,10,5,3,5,3,0,0,1,1,0,0,0,0,4.76343E+20,5.52528E+21,8.67073E+15,4.98794E+16
18456,18457,6,4,38,12,2016,8,0,5,3,5,2,2,0,0,1,0,0,0,0,4.88383E+20,5.53363E+21,8.83805E+15,4.99549E+16
18457,18458,6,4,12,0,2016,9,21,1,3,3,6,2,1,0,1,0,0,0,1,4.74213E+20,5.5501E+21,8.63941E+15,5.01026E+16
18458,18459,6,5,33,4,2016,8,1,4,3,8,1,2,0,0,0,0,1,0,0,4.33504E+20,5.59829E+21,8.06174E+15,5.05327E+16
18459,18460,6,4,38,10,2016,9,7,6,3,0,7,0,0,0,1,0,1,0,0,4.89927E+20,5.54537E+21,8.85927E+15,5.00606E+16
18460,18461,6,6,31,14,2016,9,11,1,3,0,7,0,1,0,0,0,1,0,0,5.34739E+20,5.59909E+21,9.49027E+15,5.05427E+16
18461,18462,6,4,34,4,2016,9,7,7,3,8,1,0,0,0,1,0,0,0,0,4.61227E+20,5.57929E+21,8.45485E+15,5.03644E+16
18462,18463,6,4,38,2,2016,9,20,6,3,8,7,2,0,0,1,0,0,0,1,4.78215E+20,5.53927E+21,8.69599E+15,5.00054E+16
18463,18464,6,6,35,11,2016,9,16,5,2,0,6,0,0,0,1,0,1,0,0,4.91368E+20,5.6629E+21,8.87668E+15,5.11175E+16
18464,18465,6,4,34,8,2016,8,19,3,3,4,6,0,0,1,0,0,0,0,0,4.70922E+20,5.56028E+21,8.59262E+15,5.0194E+16
18465,18466,6,4,39,13,2016,8,7,4,3,2,6,0,0,0,1,0,0,0,0,4.22219E+20,5.53661E+21,7.91521E+15,4.99768E+16
18466,18467,6,4,12,0,2016,8,9,3,3,2,6,0,0,0,1,0,0,0,0,4.77505E+20,5.55117E+21,8.68539E+15,5.01123E+16
18467,18468,6,6,11,0,2016,9,19,4,3,5,3,1,0,0,1,0,0,0,0,5.35819E+20,5.68569E+21,9.51402E+15,5.13214E+16
18468,18469,6,4,31,11,2016,8,10,3,2,2,6,0,0,0,1,0,0,1,0,4.71818E+20,5.49959E+21,8.60961E+15,4.96482E+16
18469,18470,6,5,33,9,2016,8,2,1,3,5,3,2,0,0,1,0,0,0,0,4.37504E+20,5.5805E+21,8.12113E+15,5.03733E+16
18470,18471,6,4,33,2,2016,9,7,3,3,2,6,1,0,0,1,0,0,0,0,4.53101E+20,5.53852E+21,8.34563E+15,4.99972E+16
18471,18472,6,5,31,4,2016,9,17,5,3,1,5,0,0,0,1,0,0,0,0,4.80849E+20,5.60192E+21,8.72958E+15,5.05689E+16
18472,18473,6,4,31,11,2016,9,17,4,3,2,6,0,0,0,1,0,0,0,0,4.74101E+20,5.49826E+21,8.64133E+15,4.96363E+16
18473,18474,6,6,36,16,2016,9,14,2,2,2,6,0,0,0,1,0,0,0,0,5.62229E+20,5.68938E+21,9.89363E+15,5.13523E+16
18474,18475,6,4,14,0,2016,9,7,1,3,0,7,0,0,0,1,0,0,0,0,4.47008E+20,5.54672E+21,8.2595E+15,5.00704E+16
18475,18476,6,4,12,0,2016,9,13,3,3,3,6,0,0,1,1,0,0,0,0,4.75412E+20,5.55066E+21,8.65614E+15,5.01077E+16
18476,18477,6,4,11,0,2016,9,10,7,2,3,6,0,0,1,0,0,0,0,1,4.74767E+20,5.52374E+21,8.64889E+15,4.98656E+16
18477,18478,6,4,12,0,2016,9,22,6,3,5,3,2,0,1,0,0,0,0,0,4.77666E+20,5.5506E+21,8.68767E+15,5.01072E+16
18478,18479,6,4,14,0,2016,9,18,1,3,2,6,0,0,0,1,0,0,0,0,4.45362E+20,5.5477E+21,8.23636E+15,5.0079E+16
18479,18480,6,4,38,10,2016,9,6,6,2,2,7,0,0,0,1,0,0,1,0,4.89536E+20,5.54546E+21,8.85381E+15,5.00613E+16
18480,18481,6,4,40,15,2016,9,15,7,3,0,6,0,0,0,1,0,0,0,1,4.80192E+20,5.59014E+21,8.72093E+15,5.0463E+16
18481,18482,6,6,34,11,2016,9,10,4,3,2,6,0,0,0,1,0,0,0,0,5.33238E+20,5.64924E+21,9.47362E+15,5.09938E+16
18482,18483,6,4,31,2,2016,9,20,3,2,5,2,2,0,0,1,0,1,0,0,4.72746E+20,5.50492E+21,8.6221E+15,4.96962E+16
18483,18484,6,4,39,8,2016,9,14,3,3,3,6,0,0,0,1,0,0,1,0,4.46677E+20,5.56283E+21,8.25262E+15,5.02152E+16
18484,18485,6,6,33,23,2016,9,8,3,3,9,1,0,1,0,1,0,0,0,0,5.25328E+20,5.68194E+21,9.3632E+15,5.12882E+16
18485,18486,6,5,33,9,2016,9,16,7,2,8,3,0,0,0,1,0,0,0,1,4.32167E+20,5.58376E+21,8.04551E+15,5.0402E+16
18486,18487,6,5,32,9,2016,9,14,5,3,2,6,0,0,0,1,0,0,0,0,4.53342E+20,5.62961E+21,8.33768E+15,5.08163E+16
18487,18488,6,4,37,11,2016,9,15,6,2,2,6,0,0,0,1,0,1,0,0,5.00105E+20,5.50338E+21,9.00146E+15,4.96829E+16
18488,18489,6,4,39,4,2016,9,16,5,2,0,7,0,0,1,0,0,0,0,0,4.26621E+20,5.53792E+21,7.97634E+15,4.99891E+16
18489,18490,6,4,13,0,2016,9,0,5,3,2,6,2,0,0,1,0,0,0,0,4.81493E+20,5.5458E+21,8.74142E+15,5.00642E+16
18490,18491,6,4,36,6,2016,9,21,5,3,8,1,2,0,0,1,0,0,0,0,4.56413E+20,5.545E+21,8.3911E+15,5.00557E+16
18491,18492,6,5,32,11,2016,9,15,2,3,2,6,0,0,0,1,0,0,0,0,4.43696E+20,5.6215E+21,8.20201E+15,5.07425E+16
18492,18493,6,4,31,17,2016,9,6,2,3,2,6,0,0,0,1,0,0,0,0,4.81551E+20,5.49449E+21,8.74467E+15,4.96027E+16
18493,18494,6,4,14,0,2016,9,9,2,3,2,6,0,0,0,1,0,0,0,1,4.49829E+20,5.54443E+21,8.29922E+15,5.00501E+16
18494,18495,6,5,33,9,2016,9,16,6,3,3,6,0,0,0,1,0,0,0,0,4.34322E+20,5.58436E+21,8.07573E+15,5.04076E+16
18495,18496,6,4,39,6,2016,9,14,7,2,0,1,0,0,1,0,0,0,0,0,4.33258E+20,5.55991E+21,8.06507E+15,5.01876E+16
18496,18497,6,6,11,0,2016,9,15,1,3,5,2,0,0,0,1,0,1,0,0,5.33061E+20,5.68361E+21,9.47426E+15,5.13029E+16
18497,18498,6,5,33,6,2016,9,15,1,3,2,6,0,0,0,1,0,0,0,0,4.31356E+20,5.58398E+21,8.03406E+15,5.04038E+16
18498,18499,6,5,31,4,2016,9,17,4,3,2,6,0,0,0,1,0,0,0,0,4.80621E+20,5.60206E+21,8.72634E+15,5.05701E+16
18499,18500,6,5,32,7,2016,9,19,5,2,5,3,2,0,0,1,0,1,0,0,4.37808E+20,5.6115E+21,8.12025E+15,5.0652E+16
18500,18501,6,4,40,23,2016,9,15,5,3,2,6,0,0,0,1,0,0,0,0,4.76326E+20,5.56972E+21,8.66774E+15,5.02792E+16
18501,18502,6,6,31,10,2016,9,13,4,2,8,1,0,0,0,0,0,1,0,0,5.6305E+20,5.58648E+21,9.88765E+15,5.0427E+16
18502,18503,6,4,32,1,2016,9,19,2,3,3,2,0,0,1,1,0,0,0,0,4.71867E+20,5.5102E+21,8.60952E+15,4.97436E+16
18503,18504,6,4,39,7,2016,9,6,1,3,7,7,1,1,0,1,0,0,0,0,4.46197E+20,5.56656E+21,8.24536E+15,5.02488E+16
18504,18505,6,6,34,10,2016,9,16,6,2,4,6,0,0,0,1,0,0,1,0,5.1011E+20,5.64934E+21,9.14407E+15,5.09956E+16
18505,18506,6,5,34,16,2016,9,16,7,3,9,1,0,1,0,1,0,0,0,0,5.09818E+20,5.63316E+21,9.13947E+15,5.085E+16
18506,18507,6,6,11,0,2016,9,15,6,2,0,7,0,0,1,0,0,0,0,0,5.30847E+20,5.68024E+21,9.4422E+15,5.12727E+16
18507,18508,6,4,36,7,2016,9,15,1,3,8,1,0,0,0,0,0,1,0,0,4.55769E+20,5.54591E+21,8.382E+15,5.00638E+16
18508,18509,6,4,40,18,2016,9,20,6,3,2,6,2,0,0,1,0,0,0,0,4.79032E+20,5.58002E+21,8.70515E+15,5.03719E+16
18509,18510,6,5,31,3,2016,9,22,6,2,8,1,2,0,0,0,0,1,0,0,4.85715E+20,5.60447E+21,8.79818E+15,5.05919E+16
18510,18511,6,4,35,13,2016,9,8,2,3,2,2,0,0,0,1,0,0,0,0,4.99466E+20,5.56558E+21,8.99252E+15,5.02424E+16
18511,18512,6,4,34,8,2016,9,14,7,3,8,1,0,0,0,0,0,1,0,0,4.62902E+20,5.56513E+21,8.47979E+15,5.02372E+16
18512,18513,6,6,11,0,2016,9,13,4,3,5,2,0,0,1,0,0,0,0,1,5.35891E+20,5.68603E+21,9.51509E+15,5.13244E+16
18513,18514,6,4,39,8,2016,9,16,6,3,5,2,0,0,0,1,0,0,0,0,4.46453E+20,5.56257E+21,8.24952E+15,5.02129E+16
18514,18515,6,4,33,1,2016,9,23,5,3,5,3,2,0,0,1,0,0,0,0,4.63333E+20,5.51459E+21,8.49067E+15,4.97827E+16
18515,18516,6,4,36,12,2016,9,14,4,3,2,6,0,0,0,1,0,0,0,0,4.65204E+20,5.55359E+21,8.51312E+15,5.01335E+16
18516,18517,6,4,31,2,2016,9,13,6,3,2,6,0,0,0,1,0,0,0,0,4.71592E+20,5.50105E+21,8.60636E+15,4.96613E+16
18517,18518,6,6,33,24,2016,9,6,4,2,9,7,2,0,0,1,0,0,0,0,5.43279E+20,5.67472E+21,9.61975E+15,5.12222E+16
18518,18519,6,4,35,2,2016,9,4,2,3,2,6,2,0,0,1,0,0,1,0,5.26463E+20,5.569E+21,9.37136E+15,5.02725E+16
18519,18520,6,5,33,3,2016,9,4,3,3,2,6,2,1,0,1,0,0,1,0,4.44708E+20,5.57442E+21,8.22333E+15,5.03193E+16
18520,18521,6,4,12,0,2016,9,17,7,3,0,3,0,0,1,1,0,0,0,0,4.81509E+20,5.55234E+21,8.74132E+15,5.01231E+16
18521,18522,6,4,40,23,2016,9,14,5,3,2,6,0,0,0,1,0,0,0,0,4.78108E+20,5.5721E+21,8.69262E+15,5.03006E+16
18522,18523,6,6,11,0,2016,9,10,6,3,0,3,0,0,0,1,0,0,0,1,5.35001E+20,5.68565E+21,9.50229E+15,5.13211E+16
18523,18524,6,4,32,14,2016,9,14,5,3,5,3,0,0,0,1,0,0,0,0,4.78472E+20,5.52005E+21,8.70065E+15,4.98325E+16
18524,18525,6,6,11,0,2016,9,19,4,3,5,3,0,0,1,1,0,0,0,0,5.35343E+20,5.68524E+21,9.50714E+15,5.13174E+16
18525,18526,6,6,33,23,2016,9,13,6,3,2,6,0,0,0,1,0,0,0,0,5.26833E+20,5.68095E+21,9.38471E+15,5.12792E+16
18526,18527,6,6,32,2,2016,9,17,4,3,0,3,0,0,0,1,0,1,0,0,5.49956E+20,5.63565E+21,9.70996E+15,5.08704E+16
18527,18528,6,6,31,9,2016,9,18,2,3,5,2,0,0,0,1,0,0,0,1,5.48442E+20,5.60026E+21,9.68379E+15,5.05523E+16
18528,18529,6,4,32,16,2016,9,17,2,2,4,1,0,0,0,1,0,0,0,0,4.83995E+20,5.51682E+21,8.77758E+15,4.98036E+16
18529,18530,6,5,35,16,2016,9,13,1,2,8,1,0,0,0,0,0,1,0,0,5.06496E+20,5.59583E+21,9.09162E+15,5.05144E+16
18530,18531,6,4,34,12,2016,9,12,7,2,3,6,0,0,1,1,0,0,0,0,4.70322E+20,5.57006E+21,8.58345E+15,5.02819E+16
18531,18532,6,4,35,3,2016,9,6,1,3,9,1,1,0,0,1,0,0,0,0,5.19339E+20,5.55963E+21,9.27091E+15,5.01886E+16
18532,18533,6,5,31,12,2016,9,14,1,3,2,6,0,0,0,1,0,0,0,0,4.75768E+20,5.59641E+21,8.65818E+15,5.05192E+16
18533,18534,6,4,38,5,2016,9,12,4,3,2,6,0,0,0,0,0,0,1,0,4.86175E+20,5.54618E+21,8.80683E+15,5.00677E+16
18534,18535,6,5,34,19,2016,9,5,5,3,0,3,2,0,0,0,0,1,0,1,4.62695E+20,5.63394E+21,8.47E+15,5.0856E+16
18535,18536,6,4,14,0,2016,9,19,4,3,0,1,1,0,0,0,0,1,0,0,4.45362E+20,5.5477E+21,8.23636E+15,5.0079E+16
18536,18537,6,5,33,3,2016,9,6,4,3,2,6,1,0,0,1,0,0,0,0,4.45655E+20,5.57204E+21,8.23697E+15,5.0298E+16
18537,18538,6,4,32,19,2016,9,2,1,3,5,2,2,1,0,1,0,0,0,0,4.88358E+20,5.5194E+21,8.83814E+15,4.98269E+16
18538,18539,6,4,12,0,2016,9,21,7,3,2,6,2,1,0,1,0,0,0,0,4.81934E+20,5.55417E+21,8.74718E+15,5.01395E+16
18539,18540,6,4,34,11,2016,9,10,6,3,2,6,0,0,0,1,0,1,0,0,4.66189E+20,5.57616E+21,8.52489E+15,5.03366E+16
18540,18541,6,4,40,8,2016,9,19,1,2,4,1,2,0,0,1,0,1,0,0,4.81706E+20,5.57368E+21,8.74305E+15,5.03149E+16
18541,18542,6,4,14,0,2016,9,8,5,2,2,6,0,0,0,1,0,0,0,0,4.49054E+20,5.54487E+21,8.28833E+15,5.00539E+16
18542,18543,6,4,38,8,2016,9,18,3,2,5,2,0,0,0,1,0,1,0,0,4.89419E+20,5.55172E+21,8.85199E+15,5.01177E+16
18543,18544,6,5,35,11,2016,9,12,2,3,5,3,0,0,0,1,0,0,1,0,5.25917E+20,5.61207E+21,9.36668E+15,5.06599E+16
18544,18545,6,4,35,14,2016,9,0,3,3,5,3,2,0,0,1,0,0,0,0,4.93636E+20,5.55158E+21,8.91098E+15,5.01165E+16
18545,18546,6,4,31,20,2016,9,16,7,3,2,6,0,0,0,1,0,0,0,0,4.69805E+20,5.48626E+21,8.58274E+15,4.95282E+16
18546,18547,6,6,11,0,2016,9,17,4,3,2,6,0,0,0,1,0,0,1,0,5.30449E+20,5.67976E+21,9.43645E+15,5.12684E+16
18547,18548,6,4,38,2,2016,9,8,6,2,5,2,0,0,0,1,0,0,0,0,4.77555E+20,5.53939E+21,8.68677E+15,5.00064E+16
18548,18549,6,6,31,20,2016,9,18,5,3,3,6,0,0,0,1,0,0,0,0,5.50311E+20,5.60037E+21,9.71019E+15,5.05531E+16
18549,18550,6,4,11,0,2016,9,11,4,3,3,6,0,0,0,1,0,0,0,0,4.77536E+20,5.52399E+21,8.6874E+15,4.98679E+16
18550,18551,6,6,11,0,2016,9,16,5,3,3,7,0,0,0,1,0,0,0,1,5.35965E+20,5.68441E+21,9.51599E+15,5.13099E+16