FID,OBJECTID,ULAND,UREGBEZ,UKREIS,UGEMEINDE,UJAHR,UMONAT,USTUNDE,UWOCHENTAG,UKATEGORIE,UART,UTYP1,ULICHTVERH,IstStrasse,IstRad,IstPKW,IstFuss,IstKrad,IstGkfz,IstSonstig,LINREFX,LINREFY,XGCSWGS84,YGCSWGS84
18551,18552,6,6,11,0,2016,9,14,7,2,5,3,0,0,0,1,0,0,0,0,5.35755E+20,5.68606E+21,9.51314E+15,5.13247E+16
18552,18553,6,4,33,11,2016,9,14,3,3,9,1,0,0,0,0,0,1,0,0,4.64109E+20,5.51846E+21,8.50108E+15,4.98175E+16
18553,18554,6,4,33,14,2016,9,7,5,2,6,4,0,0,0,1,1,0,0,0,4.56559E+20,5.52599E+21,8.39529E+15,4.98847E+16
18554,18555,6,4,35,10,2016,9,13,2,3,8,1,0,0,0,1,0,0,0,0,5.16186E+20,5.56125E+21,9.22681E+15,5.02032E+16
18555,18556,6,4,14,0,2016,9,16,3,3,2,6,0,0,0,0,0,1,1,0,4.44482E+20,5.5465E+21,8.22423E+15,5.00682E+16
18556,18557,6,6,35,15,2016,9,17,7,3,0,1,0,1,0,0,0,1,0,0,4.83285E+20,5.67544E+21,8.7606E+15,5.12301E+16
18557,18558,6,6,11,0,2016,9,15,6,2,5,3,0,0,1,0,0,0,1,0,5.37115E+20,5.68462E+21,9.53251E+15,5.13117E+16
18558,18559,6,4,14,0,2016,9,9,2,3,2,6,0,0,0,1,0,0,0,0,4.54796E+20,5.54716E+21,8.36826E+15,5.0075E+16
18559,18560,6,4,31,13,2016,9,16,6,3,5,3,0,0,1,1,0,0,0,0,4.60999E+20,5.49342E+21,8.46036E+15,4.95921E+16
18560,18561,6,5,32,11,2016,9,20,4,1,6,4,2,0,0,1,1,0,0,0,4.4583E+20,5.62101E+21,8.23232E+15,5.07384E+16
18561,18562,6,6,35,1,2016,9,22,4,3,9,1,2,0,0,0,0,1,0,0,4.74391E+20,5.65784E+21,8.63447E+15,5.10715E+16
18562,18563,6,4,32,5,2016,9,16,3,3,5,3,0,0,0,1,0,0,1,0,4.88725E+20,5.53276E+21,8.84285E+15,4.99471E+16
18563,18564,6,6,33,26,2016,9,11,3,3,5,3,0,0,0,1,0,0,0,0,5.32682E+20,5.69056E+21,9.46946E+15,5.13653E+16
18564,18565,6,4,40,7,2016,9,18,1,3,4,1,0,0,0,1,0,0,0,0,4.93294E+20,5.57279E+21,8.90583E+15,5.03071E+16
18565,18566,6,6,32,16,2016,9,18,3,3,5,3,0,0,1,1,0,0,0,0,5.69386E+20,5.63251E+21,9.98547E+15,5.08401E+16
18566,18567,6,4,11,0,2016,9,9,1,3,8,1,0,1,0,1,0,0,0,0,4.71368E+20,5.52454E+21,8.60154E+15,4.98726E+16
18567,18568,6,4,14,0,2016,9,10,7,3,2,6,0,0,0,1,0,0,0,1,4.54417E+20,5.54501E+21,8.36323E+15,5.00556E+16
18568,18569,6,4,11,0,2016,9,11,4,3,1,5,0,0,0,1,0,0,0,0,4.76638E+20,5.52396E+21,8.67492E+15,4.98676E+16
18569,18570,6,4,35,18,2016,9,19,3,3,5,3,2,0,0,1,0,0,0,0,5.13901E+20,5.55952E+21,9.19472E+15,5.01877E+16
18570,18571,6,5,31,10,2016,9,13,7,3,8,1,0,0,0,0,0,1,0,0,5.04875E+20,5.59712E+21,9.06877E+15,5.0526E+16
18571,18572,6,6,36,3,2016,9,18,3,3,8,1,0,0,0,0,0,1,0,0,5.77088E+20,5.66711E+21,1.01022E+16,5.11502E+16
18572,18573,6,6,34,4,2016,9,16,3,3,5,2,0,0,0,1,0,0,0,1,5.22951E+20,5.64768E+21,9.32694E+15,5.09803E+16
18573,18574,6,6,31,9,2016,9,11,1,3,5,2,0,0,0,1,0,0,0,0,5.48027E+20,5.60097E+21,9.67804E+15,5.05587E+16
18574,18575,6,4,37,3,2016,9,11,6,3,8,1,0,0,0,1,0,0,0,0,4.93594E+20,5.51109E+21,8.91107E+15,4.97523E+16
18575,18576,6,4,33,13,2016,9,12,1,3,2,6,0,0,0,0,0,1,0,0,4.62559E+20,5.51911E+21,8.47947E+15,4.98233E+16
18576,18577,6,4,12,0,2016,9,9,5,3,0,6,0,0,1,1,0,0,0,0,4.763E+20,5.55034E+21,8.66859E+15,5.01049E+16
18577,18578,6,4,34,1,2016,9,18,3,3,1,7,0,0,0,1,0,1,0,0,4.70692E+20,5.56508E+21,8.58903E+15,5.02371E+16
18578,18579,6,4,33,5,2016,9,8,5,3,1,6,0,0,0,1,0,0,0,1,4.52852E+20,5.53833E+21,8.34218E+15,4.99954E+16
18579,18580,6,4,12,0,2016,9,6,2,3,5,3,1,0,0,1,0,0,0,0,4.82666E+20,5.55251E+21,8.7575E+15,5.01246E+16
18580,18581,6,4,12,0,2016,9,17,3,3,2,6,0,0,0,1,0,0,0,0,4.7404E+20,5.55359E+21,8.63676E+15,5.0134E+16
18581,18582,6,5,34,18,2016,9,14,7,3,5,3,0,0,0,1,0,0,0,0,5.00205E+20,5.62716E+21,9.00291E+15,5.07962E+16
18582,18583,6,4,36,7,2016,9,14,4,3,5,3,0,0,0,1,0,0,0,0,4.59726E+20,5.54703E+21,8.43717E+15,5.00742E+16
18583,18584,6,4,31,17,2016,9,19,6,2,5,2,2,0,0,1,0,0,0,0,4.81401E+20,5.49373E+21,8.74263E+15,4.95959E+16
18584,18585,6,5,33,17,2016,9,22,4,3,8,1,2,0,0,1,0,0,0,0,4.46617E+20,5.59369E+21,8.2474E+15,5.04928E+16
18585,18586,6,4,12,0,2016,9,16,5,3,3,2,0,0,1,1,0,0,0,0,4.78417E+20,5.55088E+21,8.69815E+15,5.01098E+16
18586,18587,6,4,12,0,2016,9,13,7,2,1,5,0,0,0,1,0,0,1,0,4.70361E+20,5.54843E+21,8.58568E+15,5.00874E+16
18587,18588,6,4,12,0,2016,9,11,3,3,2,6,0,0,0,1,0,0,0,0,4.74788E+20,5.54552E+21,8.64776E+15,5.00614E+16
18588,18589,6,4,35,14,2016,9,12,5,3,0,1,0,0,0,0,0,1,0,0,4.93698E+20,5.55396E+21,8.91181E+15,5.01379E+16
18589,18590,6,4,38,9,2016,9,17,4,3,2,6,0,0,0,1,0,0,0,0,4.75631E+20,5.54422E+21,8.65961E+15,5.00498E+16
18590,18591,6,4,14,0,2016,9,4,2,3,7,7,2,0,0,1,0,0,0,0,4.5354E+20,5.54812E+21,8.3506E+15,5.00835E+16
18591,18592,6,6,35,19,2016,9,15,1,2,2,1,0,0,0,1,0,1,0,0,4.98831E+20,5.67285E+21,8.98327E+15,5.12071E+16
18592,18593,6,4,36,12,2016,9,17,3,3,2,6,0,0,0,1,0,0,0,0,4.66558E+20,5.55167E+21,8.53224E+15,5.01164E+16
18593,18594,6,4,14,0,2016,9,0,7,3,2,6,2,0,0,1,0,0,0,0,4.4911E+20,5.54477E+21,8.28912E+15,5.0053E+16
18594,18595,6,4,14,0,2016,9,8,6,3,8,2,0,0,0,1,0,0,0,0,4.46905E+20,5.54748E+21,8.25796E+15,5.00772E+16
18595,18596,6,5,33,13,2016,9,16,1,3,2,6,0,0,1,0,0,0,0,1,4.39985E+20,5.58564E+21,8.1552E+15,5.04198E+16
18596,18597,6,5,31,11,2016,9,15,6,3,2,6,0,0,0,1,0,0,0,0,4.85813E+20,5.59653E+21,8.79987E+15,5.05206E+16
18597,18598,6,5,31,3,2016,9,14,6,2,4,6,0,0,0,1,0,0,0,0,4.87815E+20,5.60961E+21,8.82768E+15,5.06382E+16
18598,18599,6,5,32,1,2016,9,13,4,3,5,3,0,0,1,1,0,0,0,0,4.62544E+20,5.60399E+21,8.4709E+15,5.05866E+16
18599,18600,6,4,31,3,2016,9,19,3,3,8,1,2,0,0,1,0,0,0,0,4.60447E+20,5.50258E+21,8.45179E+15,4.96744E+16
18600,18601,6,4,11,0,2016,9,15,3,3,6,6,0,0,1,0,1,0,0,0,4.74651E+20,5.52345E+21,8.6473E+15,4.98629E+16
18601,18602,6,6,36,4,2016,9,20,3,3,7,7,2,0,0,1,0,0,0,0,5.57255E+20,5.67741E+21,9.8203E+15,5.12452E+16
18602,18603,6,4,35,14,2016,9,7,3,3,2,6,0,0,0,1,0,0,0,0,4.96844E+20,5.55491E+21,8.95583E+15,5.01465E+16
18603,18604,6,5,31,2,2016,9,17,7,3,7,7,0,0,0,0,0,1,0,0,4.71439E+20,5.61189E+21,8.59593E+15,5.06582E+16
18604,18605,6,4,40,4,2016,9,8,5,3,2,6,0,0,0,1,0,0,0,1,5.06173E+20,5.57036E+21,9.08665E+15,5.02853E+16
18605,18606,6,5,34,9,2016,9,19,3,2,5,3,0,0,0,1,0,1,0,0,4.80981E+20,5.61684E+21,8.73067E+15,5.07031E+16
18606,18607,6,4,13,0,2016,9,12,6,3,6,4,0,0,0,1,1,0,0,0,4.85219E+20,5.55268E+21,8.79321E+15,5.01262E+16
18607,18608,6,6,32,14,2016,9,20,5,3,2,6,2,0,0,1,0,0,0,1,5.40049E+20,5.64037E+21,9.5697E+15,5.09136E+16
18608,18609,6,5,32,21,2016,9,17,5,3,2,6,0,0,0,1,0,0,0,1,4.56991E+20,5.60007E+21,8.39291E+15,5.0551E+16
18609,18610,6,4,35,15,2016,9,8,2,3,0,7,0,0,1,1,0,0,0,0,5.06477E+20,5.55653E+21,9.09067E+15,5.0161E+16
18610,18611,6,4,14,0,2016,9,16,2,2,6,4,0,0,0,1,1,0,0,0,4.45363E+20,5.54767E+21,8.23638E+15,5.00788E+16
18611,18612,6,4,35,19,2016,9,17,2,2,2,6,0,0,0,1,0,1,0,0,4.84716E+20,5.55414E+21,8.78611E+15,5.01393E+16
18612,18613,6,6,33,20,2016,9,5,2,3,2,6,1,0,0,0,0,0,1,0,5.40063E+20,5.68636E+21,9.575E+15,5.13271E+16
18613,18614,6,6,35,22,2016,9,13,6,3,8,1,0,0,0,1,0,0,0,0,4.73838E+20,5.68139E+21,8.62487E+15,5.12833E+16
18614,18615,6,4,12,0,2016,9,19,3,3,5,3,0,0,1,1,0,0,0,0,4.6766E+20,5.55012E+21,8.54779E+15,5.01025E+16
18615,18616,6,5,32,23,2016,9,12,3,3,2,6,0,0,0,1,0,0,0,0,4.658E+20,5.59996E+21,8.51726E+15,5.05506E+16
18616,18617,6,6,36,5,2016,9,17,1,3,8,7,0,0,0,1,0,0,0,0,5.81353E+20,5.65167E+21,1.01597E+16,5.10108E+16
18617,18618,6,4,35,28,2016,9,22,5,3,0,7,2,1,0,1,0,0,0,0,5.3181E+20,5.57343E+21,9.44675E+15,5.03121E+16
18618,18619,6,4,34,5,2016,9,15,5,2,6,4,0,0,1,0,0,0,0,1,4.61839E+20,5.55987E+21,8.46541E+15,5.01898E+16
18619,18620,6,5,32,5,2016,9,19,3,3,0,7,0,0,0,1,0,1,0,0,4.52165E+20,5.63137E+21,8.32073E+15,5.08321E+16
18620,18621,6,6,31,21,2016,9,13,5,3,2,6,0,0,0,1,0,0,0,0,5.61717E+20,5.59354E+21,9.87005E+15,5.04905E+16
18621,18622,6,6,34,5,2016,9,9,2,3,2,2,0,0,0,1,0,0,0,0,5.19925E+20,5.66545E+21,9.28481E+15,5.11402E+16
18622,18623,6,6,36,8,2016,9,8,2,2,2,6,0,0,1,0,0,0,1,0,5.66118E+20,5.6736E+21,9.94654E+15,5.121E+16
18623,18624,6,6,35,3,2016,9,17,2,3,7,7,0,0,0,0,0,1,0,0,5.04076E+20,5.65959E+21,9.05819E+15,5.10878E+16
18624,18625,6,4,31,20,2016,9,17,2,3,2,6,0,0,0,1,0,0,0,0,4.70729E+20,5.48798E+21,8.59538E+15,4.95437E+16
18625,18626,6,4,12,0,2016,9,15,7,3,2,6,0,0,0,1,0,0,0,1,4.67949E+20,5.55231E+21,8.55165E+15,5.01221E+16
18626,18627,6,5,35,9,2016,9,14,6,3,4,6,0,0,0,1,0,0,0,0,5.00875E+20,5.61548E+21,9.01238E+15,5.06912E+16
18627,18628,6,6,31,13,2016,9,13,1,2,2,6,0,0,0,1,0,0,0,0,5.61805E+20,5.6009E+21,9.87252E+15,5.05568E+16
18628,18629,6,4,40,23,2016,9,17,4,2,5,3,0,0,0,1,0,1,0,0,4.78113E+20,5.57211E+21,8.69269E+15,5.03007E+16
18629,18630,6,6,32,5,2016,9,11,5,2,5,3,0,0,0,1,0,0,0,0,5.60551E+20,5.65506E+21,9.86375E+15,5.10439E+16
18630,18631,6,6,35,2,2016,9,14,7,2,8,1,0,0,0,0,0,1,0,0,4.99423E+20,5.68953E+21,8.99171E+15,5.1357E+16
18631,18632,6,6,36,1,2016,9,17,2,3,5,3,0,0,1,0,0,0,0,1,5.67117E+20,5.68368E+21,9.96273E+15,5.13004E+16
18632,18633,6,4,12,0,2016,9,13,5,2,3,1,0,0,0,1,0,1,1,0,4.71782E+20,5.55651E+21,8.60495E+15,5.01601E+16
18633,18634,6,5,32,12,2016,9,14,4,3,2,6,0,0,0,1,0,0,0,0,4.46931E+20,5.61383E+21,8.24895E+15,5.06739E+16
18634,18635,6,6,33,4,2016,9,7,2,3,2,6,0,0,0,1,0,0,0,0,5.17173E+20,5.69956E+21,9.24712E+15,5.1447E+16
18635,18636,6,4,12,0,2016,9,9,1,3,8,1,0,1,0,1,0,0,0,0,4.75072E+20,5.56037E+21,8.65076E+15,5.0195E+16
18636,18637,6,6,32,3,2016,9,13,3,3,5,2,0,0,1,1,0,0,0,0,5.55671E+20,5.64603E+21,9.79276E+15,5.09632E+16
18637,18638,6,6,33,29,2016,9,18,7,3,5,2,0,1,0,1,0,0,0,0,5.20741E+20,5.69055E+21,9.29794E+15,5.13659E+16
18638,18639,6,4,11,0,2016,9,18,6,2,5,3,0,0,1,1,0,0,0,0,4.72795E+20,5.5241E+21,8.62142E+15,4.98687E+16
18639,18640,6,4,12,0,2016,9,13,1,2,2,2,0,0,0,1,0,0,0,0,4.64849E+20,5.54872E+21,8.5086E+15,5.00897E+16
18640,18641,6,6,31,16,2016,9,3,6,3,8,7,2,0,0,0,0,0,1,0,5.5149E+20,5.58977E+21,9.72537E+15,5.04577E+16
18641,18642,6,5,31,18,2016,9,6,6,3,3,6,0,0,0,1,0,1,0,1,4.75588E+20,5.60653E+21,8.65498E+15,5.06101E+16
18642,18643,6,4,12,0,2016,9,16,4,3,2,6,0,0,0,1,0,0,0,0,4.70233E+20,5.55211E+21,8.58361E+15,5.01205E+16
18643,18644,6,4,39,3,2016,9,10,3,3,6,1,0,0,0,1,1,0,0,0,4.36973E+20,5.54188E+21,8.12008E+15,5.00259E+16
18644,18645,6,4,12,0,2016,9,16,3,3,2,6,0,0,0,1,0,0,0,1,4.72101E+20,5.54996E+21,8.60989E+15,5.01012E+16
18645,18646,6,6,11,0,2016,9,15,7,3,5,3,0,0,0,1,0,1,0,0,5.34752E+20,5.68692E+21,9.49883E+15,5.13325E+16
18646,18647,6,4,32,10,2016,9,10,5,3,5,3,0,0,0,1,0,0,0,0,4.92858E+20,5.5253E+21,8.9006E+15,4.98801E+16
18647,18648,6,4,37,11,2016,9,6,6,3,9,1,2,0,0,1,0,0,0,0,5.06102E+20,5.5088E+21,9.08468E+15,4.97316E+16
18648,18649,6,4,40,5,2016,9,7,5,3,2,6,0,0,0,1,0,0,0,0,4.75879E+20,5.58848E+21,8.66027E+15,5.04478E+16
18649,18650,6,4,32,18,2016,9,13,5,3,2,6,0,0,0,1,0,0,0,0,4.69925E+20,5.51846E+21,8.58193E+15,4.98178E+16
18650,18651,6,5,31,17,2016,9,17,4,3,0,6,0,0,0,0,0,1,0,1,4.81868E+20,5.61186E+21,8.74348E+15,5.06583E+16
18651,18652,6,4,40,24,2016,9,9,2,2,9,1,0,0,0,1,0,0,0,0,4.90139E+20,5.58551E+21,8.86119E+15,5.04215E+16
18652,18653,6,5,32,20,2016,9,16,2,3,4,6,0,0,0,1,0,0,0,0,4.51586E+20,5.61005E+21,8.31531E+15,5.06403E+16
18653,18654,6,4,33,9,2016,9,10,2,3,2,6,0,0,0,1,0,0,1,0,4.62467E+20,5.53359E+21,8.4768E+15,4.99535E+16
18654,18655,6,4,31,7,2016,9,12,7,2,5,3,0,0,0,1,0,0,0,0,4.90222E+20,5.50038E+21,8.86453E+15,4.96559E+16
18655,18656,6,4,34,8,2016,9,23,1,3,3,6,2,0,0,1,0,1,0,0,4.71375E+20,5.55926E+21,8.59905E+15,5.01848E+16
18656,18657,6,4,11,0,2016,9,14,1,3,2,6,0,0,0,1,0,0,0,0,4.71134E+20,5.52302E+21,8.59839E+15,4.98589E+16
18657,18658,6,5,31,4,2016,9,5,4,2,5,3,2,1,0,1,0,0,0,0,4.84431E+20,5.59928E+21,8.78027E+15,5.05452E+16
18658,18659,6,4,38,12,2016,9,13,5,3,2,6,0,0,0,1,0,0,0,0,4.86389E+20,5.53951E+21,8.81004E+15,5.00077E+16
18659,18660,6,6,32,2,2016,9,9,4,2,6,4,0,0,1,0,1,0,0,0,5.49734E+20,5.63507E+21,9.70673E+15,5.08652E+16
18660,18661,6,5,31,5,2016,9,16,4,2,4,3,0,0,1,1,0,0,0,0,4.76866E+20,5.6024E+21,8.6733E+15,5.0573E+16
18661,18662,6,4,33,8,2016,9,16,2,3,2,2,0,0,0,1,0,0,0,0,4.68831E+20,5.53535E+21,8.56536E+15,4.99697E+16
18662,18663,6,4,38,2,2016,9,0,1,3,4,6,2,1,0,1,0,0,0,0,4.82086E+20,5.54454E+21,8.74976E+15,5.00529E+16
18663,18664,6,6,36,6,2016,9,18,6,3,2,6,0,1,0,1,0,0,0,0,5.48651E+20,5.67366E+21,9.69652E+15,5.12122E+16
18664,18665,6,4,40,4,2016,9,14,7,3,5,3,0,0,0,1,0,1,0,0,5.04444E+20,5.57291E+21,9.06241E+15,5.03083E+16
18665,18666,6,5,31,7,2016,9,14,6,3,5,3,0,0,0,1,0,0,0,0,4.75236E+20,5.6039E+21,8.65018E+15,5.05864E+16
18666,18667,6,4,37,13,2016,9,3,1,2,8,1,2,0,0,1,0,0,0,0,4.88215E+20,5.50665E+21,8.83653E+15,4.97122E+16
18667,18668,6,4,12,0,2016,9,16,1,2,8,1,0,0,0,0,0,1,0,0,4.66543E+20,5.55147E+21,8.53204E+15,5.01146E+16
18668,18669,6,4,33,5,2016,9,16,4,3,2,6,0,0,0,1,0,0,0,0,4.52471E+20,5.5365E+21,8.33709E+15,4.99789E+16
18669,18670,6,4,34,2,2016,9,16,5,3,3,7,0,0,0,1,0,1,0,0,4.76004E+20,5.56748E+21,8.66336E+15,5.02589E+16
18670,18671,6,4,14,0,2016,9,6,2,3,5,2,2,0,0,1,0,0,0,0,4.49039E+20,5.53962E+21,8.28881E+15,5.00067E+16
18671,18672,6,4,33,8,2016,9,19,5,3,2,6,0,0,0,1,0,0,0,0,4.71522E+20,5.53606E+21,8.60282E+15,4.99762E+16
18672,18673,6,5,34,6,2016,9,12,4,3,2,6,0,0,0,1,0,0,1,1,4.87502E+20,5.63529E+21,8.82238E+15,5.08691E+16
18673,18674,6,4,40,20,2016,9,7,2,3,9,1,0,0,0,1,0,0,0,0,5.01636E+20,5.5795E+21,9.023E+15,5.03676E+16
18674,18675,6,6,34,5,2016,9,1,1,3,8,1,2,1,0,1,0,0,0,0,5.20075E+20,5.66534E+21,9.28695E+15,5.11391E+16
18675,18676,6,6,35,9,2016,9,23,6,2,9,1,2,0,0,0,0,1,0,0,5.01765E+20,5.66965E+21,9.02525E+15,5.11783E+16
18676,18677,6,4,37,3,2016,9,21,7,3,5,3,2,1,0,1,0,0,0,0,4.90285E+20,5.51474E+21,8.86504E+15,4.9785E+16
18677,18678,6,6,36,16,2016,9,14,6,3,2,6,0,0,0,1,0,0,0,0,5.59172E+20,5.68308E+21,9.84869E+15,5.1296E+16
18678,18679,6,6,33,22,2016,9,16,1,3,5,3,0,0,0,1,0,1,0,0,5.41439E+20,5.70833E+21,9.59732E+15,5.15245E+16
18679,18680,6,4,12,0,2016,9,18,6,3,2,6,0,0,0,1,0,0,0,0,4.71248E+20,5.55161E+21,8.59784E+15,5.0116E+16
18680,18681,6,5,35,11,2016,9,15,6,3,2,6,0,0,0,1,0,0,0,0,5.27025E+20,5.61165E+21,9.38232E+15,5.06561E+16
18681,18682,6,4,12,0,2016,9,13,3,3,2,6,0,0,0,1,0,0,1,0,4.67847E+20,5.54393E+21,8.55092E+15,5.00468E+16
18682,18683,6,5,35,13,2016,9,11,3,3,2,6,0,0,0,1,0,0,0,1,4.9751E+20,5.6098E+21,8.96479E+15,5.06401E+16
18683,18684,6,6,35,3,2016,9,9,7,3,1,5,0,0,0,1,0,0,0,0,5.08644E+20,5.65917E+21,9.12341E+15,5.1084E+16
18684,18685,6,4,33,12,2016,9,12,5,3,5,3,0,0,1,1,0,0,0,0,4.58202E+20,5.53734E+21,8.41693E+15,4.99869E+16
18685,18686,6,4,12,0,2016,9,13,4,3,3,6,0,0,0,0,0,0,1,1,4.80739E+20,5.55193E+21,8.73058E+15,5.01193E+16
18686,18687,6,6,33,14,2016,9,18,6,3,4,7,0,0,0,1,0,0,0,1,5.32134E+20,5.6979E+21,9.46224E+15,5.14314E+16
18687,18688,6,4,40,7,2016,9,18,5,3,3,6,0,0,0,1,0,0,0,0,4.9295E+20,5.57525E+21,8.90095E+15,5.03293E+16
18688,18689,6,4,14,0,2016,9,12,4,3,0,7,0,0,0,0,0,0,0,1,4.43824E+20,5.54872E+21,8.21471E+15,5.00881E+16
18689,18690,6,6,32,4,2016,9,14,6,2,7,7,0,0,0,0,0,0,1,1,5.31502E+20,5.62675E+21,9.44694E+15,5.07916E+16
18690,18691,6,5,33,3,2016,9,17,4,3,5,2,0,0,1,1,0,0,0,0,4.48209E+20,5.57139E+21,8.27291E+15,5.02924E+16
18691,18692,6,5,32,23,2016,9,12,2,3,8,1,0,0,0,0,0,1,0,0,4.63862E+20,5.60293E+21,8.48961E+15,5.05772E+16
18692,18693,6,4,14,0,2016,9,19,1,3,2,6,1,0,0,1,0,0,0,0,4.455E+20,5.54686E+21,8.23841E+15,5.00715E+16
18693,18694,6,4,40,4,2016,9,12,7,3,5,3,0,0,0,1,0,0,0,0,5.09096E+20,5.57106E+21,9.1277E+15,5.02915E+16
18694,18695,6,4,32,4,2016,9,16,1,2,5,3,0,0,0,1,0,0,0,0,4.97557E+20,5.51889E+21,8.96604E+15,4.98224E+16
18695,18696,6,6,35,22,2016,9,13,7,2,4,7,0,0,0,1,0,0,0,0,4.73618E+20,5.68182E+21,8.62169E+15,5.12871E+16
18696,18697,6,4,36,7,2016,9,10,4,2,2,6,0,0,0,1,0,0,0,1,4.58569E+20,5.54497E+21,8.42122E+15,5.00556E+16
18697,18698,6,5,35,5,2016,9,13,1,3,2,6,0,0,0,1,0,0,0,0,5.04429E+20,5.6174E+21,9.06273E+15,5.07084E+16
18698,18699,6,4,12,0,2016,9,9,4,3,2,6,0,0,0,1,0,0,0,1,4.73086E+20,5.5593E+21,8.62301E+15,5.01853E+16
18699,18700,6,4,38,7,2016,9,11,7,2,2,6,0,0,0,1,0,0,0,1,5.01486E+20,5.53908E+21,9.02074E+15,5.00041E+16
18700,18701,6,5,31,6,2016,9,16,4,3,2,6,0,0,0,1,0,0,0,0,4.9306E+20,5.60816E+21,8.90189E+15,5.06253E+16
18701,18702,6,4,31,21,2016,9,19,1,3,8,1,1,0,0,1,0,0,0,0,4.86013E+20,5.49101E+21,8.80654E+15,4.95715E+16
18702,18703,6,4,35,14,2016,9,23,7,3,4,1,2,1,0,1,0,0,0,0,4.95595E+20,5.54903E+21,8.93841E+15,5.00935E+16
18703,18704,6,4,36,7,2016,9,12,6,3,5,3,0,0,0,1,0,1,0,0,4.60601E+20,5.54871E+21,8.44922E+15,5.00893E+16
18704,18705,6,4,31,13,2016,9,17,1,3,6,6,0,0,1,0,1,0,0,0,4.65607E+20,5.49418E+21,8.52405E+15,4.95992E+16
18705,18706,6,4,12,0,2016,9,13,5,3,1,6,0,0,1,0,0,0,0,1,4.76125E+20,5.55512E+21,8.66584E+15,5.01478E+16
18706,18707,6,4,38,11,2016,9,16,3,2,2,6,0,0,0,1,0,0,0,0,4.88983E+20,5.53736E+21,8.84631E+15,4.99885E+16
18707,18708,6,6,11,0,2016,9,7,2,2,6,4,0,0,0,1,1,0,0,0,5.32459E+20,5.68468E+21,9.46571E+15,5.13125E+16
18708,18709,6,6,35,8,2016,9,21,3,3,0,1,2,0,0,1,0,0,0,0,5.02083E+20,5.70384E+21,9.03E+15,5.14857E+16
18709,18710,6,4,31,15,2016,9,16,7,2,8,1,0,0,0,0,0,1,0,0,4.85051E+20,5.50389E+21,8.79275E+15,4.96873E+16
18710,18711,6,6,31,7,2016,9,19,7,2,5,3,1,1,0,1,0,0,0,0,5.61185E+20,5.62516E+21,9.86777E+15,5.0775E+16
18711,18712,6,4,39,15,2016,9,15,6,3,2,7,0,0,0,1,0,0,0,0,4.40126E+20,5.55492E+21,8.16205E+15,5.01435E+16
18712,18713,6,4,35,1,2016,9,15,1,3,5,3,0,0,0,1,0,1,0,0,5.25345E+20,5.56324E+21,9.35528E+15,5.02208E+16
18713,18714,6,5,31,2,2016,9,20,5,3,6,4,2,0,0,1,1,0,0,0,4.73307E+20,5.60599E+21,8.62278E+15,5.06052E+16
18714,18715,6,5,33,9,2016,9,18,6,3,2,6,0,0,0,1,0,0,0,0,4.33434E+20,5.58319E+21,8.06343E+15,5.0397E+16
18715,18716,6,6,36,2,2016,9,11,2,2,0,7,0,0,0,0,0,1,0,0,5.65108E+20,5.67778E+21,9.93285E+15,5.12477E+16
18716,18717,6,4,31,17,2016,9,9,7,3,5,3,0,0,0,1,0,1,0,0,4.81968E+20,5.49348E+21,8.75049E+15,4.95936E+16
18717,18718,6,6,36,16,2016,9,11,4,3,5,2,0,0,0,1,0,0,0,0,5.59451E+20,5.68811E+21,9.85353E+15,5.13411E+16
18718,18719,6,4,39,5,2016,9,17,6,1,5,2,0,0,0,1,0,1,0,0,4.25359E+20,5.55174E+21,7.95604E+15,5.01132E+16
18719,18720,6,4,33,4,2016,9,8,5,3,2,6,0,0,0,1,0,0,0,1,4.63933E+20,5.51241E+21,8.4992E+15,4.97631E+16
18720,18721,6,4,12,0,2016,9,15,4,3,2,2,0,0,0,1,0,0,0,0,4.68972E+20,5.55196E+21,8.56597E+15,5.01191E+16
18721,18722,6,4,33,2,2016,9,11,6,2,2,6,0,0,0,1,0,0,0,0,4.54477E+20,5.536E+21,8.36513E+15,4.99746E+16
18722,18723,6,6,33,20,2016,9,5,7,3,8,1,2,0,0,1,0,0,0,0,5.3947E+20,5.68644E+21,9.5665E+15,5.13279E+16
18723,18724,6,6,11,0,2016,9,12,4,3,2,6,0,0,0,1,0,0,0,0,5.34843E+20,5.68569E+21,9.50002E+15,5.13214E+16
18724,18725,6,4,13,0,2016,9,20,2,3,3,6,2,0,0,1,0,0,0,0,4.81396E+20,5.54979E+21,8.73986E+15,5.01001E+16
18725,18726,6,4,34,1,2016,9,15,3,2,4,6,0,0,0,1,0,0,0,0,4.75924E+20,5.5643E+21,8.66244E+15,5.02304E+16
18726,18727,6,4,35,14,2016,9,16,2,3,5,3,0,0,0,1,0,0,0,1,4.94841E+20,5.55269E+21,8.92782E+15,5.01264E+16
18727,18728,6,6,11,0,2016,9,16,3,2,2,6,0,0,0,1,0,0,0,0,5.35987E+20,5.68765E+21,9.51663E+15,5.1339E+16
18728,18729,6,4,35,6,2016,9,7,7,3,5,3,0,1,0,1,0,1,0,0,4.93471E+20,5.55853E+21,8.90856E+15,5.01789E+16
18729,18730,6,6,36,1,2016,9,17,6,2,5,3,0,0,1,1,0,0,0,0,5.67867E+20,5.68076E+21,9.97294E+15,5.12742E+16
18730,18731,6,6,11,0,2016,9,13,4,3,2,2,0,0,0,1,0,1,0,0,5.30769E+20,5.68676E+21,9.44165E+15,5.13313E+16
18731,18732,6,4,40,3,2016,9,17,3,3,2,6,0,0,0,1,0,1,0,0,4.81141E+20,5.56094E+21,8.73576E+15,5.02003E+16
18732,18733,6,5,33,9,2016,9,10,3,3,1,6,0,0,0,1,0,0,0,0,4.33129E+20,5.58204E+21,8.05936E+15,5.03866E+16