FID,OBJECTID,ULAND,UREGBEZ,UKREIS,UGEMEINDE,UJAHR,UMONAT,USTUNDE,UWOCHENTAG,UKATEGORIE,UART,UTYP1,ULICHTVERH,IstStrasse,IstRad,IstPKW,IstFuss,IstKrad,IstGkfz,IstSonstig,LINREFX,LINREFY,XGCSWGS84,YGCSWGS84
18733,18734,6,5,33,9,2016,9,12,3,2,3,2,0,0,0,1,0,1,0,0,4.35262E+20,5.58135E+21,8.08946E+15,5.03806E+16
18734,18735,6,4,36,12,2016,9,1,1,3,8,1,2,1,0,1,0,0,0,0,4.6506E+20,5.55427E+21,8.51105E+15,5.01397E+16
18735,18736,6,5,34,1,2016,9,20,3,3,8,6,2,0,0,1,0,0,0,1,4.94355E+20,5.62857E+21,8.91988E+15,5.08089E+16
18736,18737,6,5,32,6,2016,9,17,6,3,9,1,0,0,0,1,0,0,0,0,4.47582E+20,5.6198E+21,8.25732E+15,5.07277E+16
18737,18738,6,4,35,14,2016,9,18,1,3,0,7,0,0,0,0,0,1,0,0,4.96106E+20,5.55258E+21,8.94552E+15,5.01255E+16
18738,18739,6,4,37,11,2016,9,13,5,3,5,3,0,0,0,1,0,0,0,0,4.96443E+20,5.5033E+21,8.95069E+15,4.96823E+16
18739,18740,6,4,38,10,2016,9,21,5,2,5,2,2,0,0,1,0,0,0,0,4.90698E+20,5.54621E+21,8.87002E+15,5.00681E+16
18740,18741,6,5,33,12,2016,9,9,3,3,8,6,0,0,0,0,0,1,0,1,4.41904E+20,5.59754E+21,8.18037E+15,5.05269E+16
18741,18742,6,5,34,18,2016,9,11,5,3,2,6,0,0,0,1,0,0,0,0,5.00719E+20,5.63069E+21,9.01021E+15,5.08279E+16
18742,18743,6,6,33,13,2016,9,17,2,3,5,2,0,0,0,1,0,0,0,0,5.27578E+20,5.70538E+21,9.3973E+15,5.14989E+16
18743,18744,6,4,36,7,2016,9,7,3,3,2,6,0,0,0,1,0,0,0,0,4.54317E+20,5.54501E+21,8.36183E+15,5.00556E+16
18744,18745,6,4,11,0,2016,9,6,2,3,2,6,0,0,0,1,0,1,0,0,4.75521E+20,5.52458E+21,8.65933E+15,4.98731E+16
18745,18746,6,4,38,11,2016,9,2,7,2,8,7,2,0,0,1,0,0,0,0,4.89929E+20,5.5454E+21,8.8593E+15,5.00608E+16
18746,18747,6,4,31,7,2016,9,19,4,2,9,1,0,0,0,0,0,1,0,0,4.90677E+20,5.50027E+21,8.87083E+15,4.96549E+16
18747,18748,6,5,32,4,2016,9,16,6,2,6,4,0,0,0,1,1,0,0,0,4.42701E+20,5.61506E+21,8.1889E+15,5.06846E+16
18748,18749,6,5,32,12,2016,9,15,4,3,4,6,0,0,0,1,0,0,0,0,4.50034E+20,5.61137E+21,8.2932E+15,5.06521E+16
18749,18750,6,4,11,0,2016,9,7,5,3,5,2,0,0,1,1,0,0,0,0,4.74541E+20,5.52461E+21,8.6457E+15,4.98733E+16
18750,18751,6,4,32,23,2016,9,18,7,3,3,6,0,0,0,1,0,0,0,0,4.71282E+20,5.52753E+21,8.60012E+15,4.98995E+16
18751,18752,6,4,12,0,2016,9,18,3,3,5,3,1,0,0,1,0,0,0,0,4.70699E+20,5.55342E+21,8.59003E+15,5.01323E+16
18752,18753,6,5,32,23,2016,9,10,5,3,5,2,0,0,0,1,0,0,0,0,4.66256E+20,5.60153E+21,8.52355E+15,5.05647E+16
18753,18754,6,4,34,11,2016,9,12,4,3,2,6,0,0,0,1,0,0,0,0,4.65546E+20,5.57612E+21,8.51586E+15,5.03362E+16
18754,18755,6,4,13,0,2016,9,2,2,3,0,7,2,0,0,1,0,0,0,0,4.8768E+20,5.54843E+21,8.82778E+15,5.0088E+16
18755,18756,6,5,33,9,2016,9,15,1,2,5,2,0,0,0,1,0,1,0,0,4.33877E+20,5.58172E+21,8.06993E+15,5.03838E+16
18756,18757,6,4,12,0,2016,9,7,3,3,5,2,0,0,1,1,0,0,0,0,4.79123E+20,5.55314E+21,8.70791E+15,5.01301E+16
18757,18758,6,4,12,0,2016,9,21,7,3,3,7,2,1,0,1,0,1,0,0,4.7666E+20,5.5553E+21,8.67332E+15,5.01494E+16
18758,18759,6,4,36,12,2016,9,12,6,3,2,6,0,0,0,1,0,0,0,0,4.65542E+20,5.55413E+21,8.51781E+15,5.01384E+16
18759,18760,6,4,39,17,2016,9,17,1,2,2,6,0,0,0,1,0,0,0,0,4.40569E+20,5.54445E+21,8.16989E+15,5.00494E+16
18760,18761,6,4,35,20,2016,9,15,6,3,8,1,0,0,0,0,0,0,1,0,5.00662E+20,5.55993E+21,9.00927E+15,5.01916E+16
18761,18762,6,4,39,12,2016,9,8,4,3,0,1,0,0,0,0,0,1,0,0,4.28262E+20,5.53806E+21,7.9992E+15,4.99905E+16
18762,18763,6,4,35,19,2016,9,21,6,3,6,7,2,0,0,1,1,0,0,0,4.86214E+20,5.55482E+21,8.80705E+15,5.01454E+16
18763,18764,6,6,34,12,2016,9,6,4,3,2,1,0,0,0,0,0,1,0,1,5.36432E+20,5.66861E+21,9.52109E+15,5.11678E+16
18764,18765,6,4,13,0,2016,9,14,5,3,0,7,0,0,0,1,0,0,0,0,4.84834E+20,5.55051E+21,8.78791E+15,5.01066E+16
18765,18766,6,4,12,0,2016,9,18,7,3,5,2,0,0,0,1,0,0,0,0,4.68506E+20,5.55004E+21,8.55962E+15,5.01018E+16
18766,18767,6,5,31,5,2016,9,15,3,3,5,2,0,0,1,1,0,0,0,0,4.75156E+20,5.60114E+21,8.64923E+15,5.05617E+16
18767,18768,6,6,31,9,2016,9,9,5,3,2,6,0,0,0,1,0,0,0,1,5.48261E+20,5.60067E+21,9.6813E+15,5.0556E+16
18768,18769,6,4,33,3,2016,9,10,2,3,2,6,0,0,0,1,0,0,0,0,4.65103E+20,5.52824E+21,8.51402E+15,4.99055E+16
18769,18770,6,4,13,0,2016,9,22,3,3,5,3,2,0,0,1,0,0,0,0,4.82779E+20,5.54857E+21,8.75926E+15,5.00891E+16
18770,18771,6,6,33,20,2016,9,22,7,2,4,1,2,1,0,1,0,0,0,0,5.42356E+20,5.68609E+21,9.60788E+15,5.13245E+16
18771,18772,6,6,11,0,2016,9,9,6,3,5,2,0,0,0,1,0,0,0,1,5.32839E+20,5.68466E+21,9.47117E+15,5.13123E+16
18772,18773,6,5,32,6,2016,9,8,2,3,2,3,0,0,0,1,0,0,1,0,4.49332E+20,5.61933E+21,8.28218E+15,5.07236E+16
18773,18774,6,4,35,14,2016,9,16,6,3,5,2,0,0,0,1,0,0,0,0,4.93208E+20,5.55866E+21,8.90487E+15,5.01801E+16
18774,18775,6,4,32,18,2016,9,20,4,3,8,1,2,0,0,0,0,1,0,0,4.70258E+20,5.51776E+21,8.58661E+15,4.98115E+16
18775,18776,6,4,39,8,2016,9,1,4,3,8,1,2,0,0,1,0,0,0,0,4.48304E+20,5.56325E+21,8.27536E+15,5.02191E+16
18776,18777,6,4,40,7,2016,9,17,3,2,5,3,0,0,0,1,0,0,0,0,4.90407E+20,5.57368E+21,8.86526E+15,5.03152E+16
18777,18778,6,4,13,0,2016,9,8,3,3,3,6,0,0,0,1,0,0,0,0,4.8218E+20,5.5488E+21,8.75088E+15,5.00912E+16
18778,18779,6,4,11,0,2016,9,9,3,3,5,2,0,0,1,1,0,0,0,0,4.73771E+20,5.52302E+21,8.63508E+15,4.9859E+16
18779,18780,6,5,31,4,2016,9,8,3,3,1,6,0,1,0,1,0,0,0,0,4.81878E+20,5.6013E+21,8.74414E+15,5.05634E+16
18780,18781,6,4,31,20,2016,9,17,1,3,9,6,0,0,0,1,0,0,0,0,4.68117E+20,5.48858E+21,8.55923E+15,4.9549E+16
18781,18782,6,6,35,3,2016,9,21,5,3,8,1,2,0,0,0,0,1,0,0,5.08957E+20,5.67057E+21,9.12817E+15,5.11865E+16
18782,18783,6,4,36,8,2016,9,12,5,3,4,1,0,0,0,1,0,0,0,0,4.51294E+20,5.55427E+21,8.31841E+15,5.01387E+16
18783,18784,6,4,32,10,2016,9,18,3,3,0,7,0,0,0,1,0,0,0,0,4.94949E+20,5.52332E+21,8.92972E+15,4.98623E+16
18784,18785,6,4,12,0,2016,9,13,5,3,5,3,0,0,1,1,0,0,0,0,4.82226E+20,5.55477E+21,8.75125E+15,5.01449E+16
18785,18786,6,6,36,10,2016,9,15,2,3,4,6,0,0,0,1,0,0,1,0,5.79452E+20,5.65994E+21,1.01344E+16,5.10855E+16
18786,18787,6,6,11,0,2016,9,9,2,3,5,3,0,0,0,1,0,0,0,0,5.35739E+20,5.6805E+21,9.51235E+15,5.12747E+16
18787,18788,6,4,39,11,2016,9,10,2,3,4,7,0,0,0,1,0,0,0,0,4.51726E+20,5.55591E+21,8.32425E+15,5.01534E+16
18788,18789,6,6,31,10,2016,9,19,2,3,5,3,0,0,0,1,0,1,0,0,5.6491E+20,5.59095E+21,9.91461E+15,5.04669E+16
18789,18790,6,4,13,0,2016,9,16,7,3,2,6,0,0,0,1,0,0,0,0,4.8122E+20,5.55073E+21,8.73736E+15,5.01086E+16
18790,18791,6,4,32,11,2016,9,13,7,2,8,1,0,0,0,1,0,0,0,0,4.9054E+20,5.52253E+21,8.8684E+15,4.98551E+16
18791,18792,6,5,34,11,2016,9,8,6,3,5,3,0,0,0,1,0,0,0,0,4.94839E+20,5.63016E+21,8.92673E+15,5.08231E+16
18792,18793,6,4,12,0,2016,9,13,1,2,1,5,0,0,1,1,0,0,0,0,4.76543E+20,5.55369E+21,8.67178E+15,5.0135E+16
18793,18794,6,6,31,9,2016,9,10,1,2,2,2,0,0,0,1,0,0,0,0,5.45639E+20,5.60132E+21,9.64437E+15,5.0562E+16
18794,18795,6,4,31,20,2016,9,7,4,3,8,1,1,0,0,1,0,0,0,0,4.70753E+20,5.48737E+21,8.59576E+15,4.95382E+16
18795,18796,6,4,38,2,2016,9,19,5,3,5,2,2,0,0,1,0,0,0,0,4.77555E+20,5.53939E+21,8.68677E+15,5.00064E+16
18796,18797,6,6,33,11,2016,9,13,7,3,5,3,0,0,1,1,0,0,0,0,5.23844E+20,5.68787E+21,9.34233E+15,5.13416E+16
18797,18798,6,6,11,0,2016,9,10,2,3,6,4,0,0,0,0,1,0,0,1,5.34884E+20,5.6861E+21,9.50065E+15,5.13251E+16
18798,18799,6,4,12,0,2016,9,13,5,3,3,6,0,0,0,1,0,0,1,0,4.72109E+20,5.55747E+21,8.60946E+15,5.01688E+16
18799,18800,6,5,34,3,2016,9,15,4,2,4,6,0,0,0,0,0,1,0,1,4.6382E+20,5.62467E+21,8.4869E+15,5.07726E+16
18800,18801,6,6,32,18,2016,9,15,2,2,4,6,0,0,0,1,0,0,1,0,5.52058E+20,5.64954E+21,9.74181E+15,5.09951E+16
18801,18802,6,4,11,0,2016,9,21,1,3,5,2,2,0,0,1,0,0,0,0,4.7348E+20,5.52426E+21,8.63095E+15,4.98701E+16
18802,18803,6,6,33,3,2016,9,18,6,3,5,3,0,0,0,1,0,0,0,0,5.26973E+20,5.67731E+21,9.38645E+15,5.12465E+16
18803,18804,6,4,35,19,2016,9,17,3,3,2,6,0,0,0,1,0,0,0,0,4.86031E+20,5.55616E+21,8.80445E+15,5.01575E+16
18804,18805,6,4,39,8,2016,9,15,7,3,9,6,0,0,0,1,0,0,0,0,4.46753E+20,5.56689E+21,8.25312E+15,5.02517E+16
18805,18806,6,6,11,0,2016,9,17,6,3,5,2,0,0,1,1,0,0,0,0,5.34537E+20,5.68586E+21,9.49564E+15,5.1323E+16
18806,18807,6,6,36,16,2016,9,13,1,3,1,5,0,0,0,1,0,0,0,0,5.59107E+20,5.68288E+21,9.84773E+15,5.12942E+16
18807,18808,6,5,35,14,2016,9,18,6,3,2,6,0,0,0,1,0,0,0,0,5.12461E+20,5.61787E+21,9.17649E+15,5.07125E+16
18808,18809,6,4,14,0,2016,9,11,6,3,0,7,0,0,1,0,0,0,0,0,4.47861E+20,5.54108E+21,8.27218E+15,5.00198E+16
18809,18810,6,4,31,2,2016,9,14,4,3,2,6,0,0,0,1,0,0,0,0,4.71149E+20,5.5034E+21,8.60005E+15,4.96824E+16
18810,18811,6,5,33,8,2016,9,17,3,2,3,6,0,1,0,1,0,0,0,0,4.42694E+20,5.5761E+21,8.19478E+15,5.03342E+16
18811,18812,6,4,12,0,2016,9,13,7,3,4,6,0,0,0,1,0,0,0,0,4.76884E+20,5.55766E+21,8.6763E+15,5.01707E+16
18812,18813,6,4,40,8,2016,9,16,5,3,1,1,0,0,0,1,0,0,0,0,4.87348E+20,5.57475E+21,8.82226E+15,5.03247E+16
18813,18814,6,4,11,0,2016,9,12,6,3,3,6,0,0,0,1,0,0,0,0,4.80224E+20,5.52391E+21,8.72481E+15,4.98672E+16
18814,18815,6,4,32,19,2016,9,22,5,3,5,3,2,0,0,1,0,0,0,0,4.89224E+20,5.51977E+21,8.85016E+15,4.98302E+16
18815,18816,6,4,14,0,2016,9,9,6,3,2,6,0,0,0,1,0,1,0,0,4.45011E+20,5.54719E+21,8.23153E+15,5.00745E+16
18816,18817,6,6,31,2,2016,9,18,4,3,3,6,0,0,0,1,0,0,0,0,5.47368E+20,5.61757E+21,9.67085E+15,5.0708E+16
18817,18818,6,4,31,2,2016,9,17,3,2,2,6,0,0,0,1,0,1,0,0,4.69734E+20,5.50163E+21,8.58058E+15,4.96664E+16
18818,18819,6,6,33,4,2016,9,16,3,3,2,6,0,0,0,1,0,0,0,0,5.12309E+20,5.6961E+21,9.17701E+15,5.14159E+16
18819,18820,6,6,33,25,2016,9,10,3,3,8,1,0,0,0,0,0,1,0,0,5.26666E+20,5.71361E+21,9.38478E+15,5.15729E+16
18820,18821,6,4,38,10,2016,9,6,3,3,2,6,1,0,0,1,0,0,0,0,4.9205E+20,5.54695E+21,8.88889E+15,5.00748E+16
18821,18822,6,5,33,6,2016,9,17,7,3,2,6,0,0,0,1,0,0,0,0,4.32736E+20,5.58523E+21,8.05325E+15,5.04153E+16
18822,18823,6,5,32,8,2016,9,13,5,3,2,6,0,0,0,1,0,0,0,0,4.55798E+20,5.60604E+21,8.37536E+15,5.06046E+16
18823,18824,6,5,32,23,2016,9,16,3,3,5,3,0,0,0,1,0,0,0,0,4.67172E+20,5.59865E+21,8.53673E+15,5.05388E+16
18824,18825,6,4,32,12,2016,9,20,6,2,5,3,2,0,0,1,0,0,0,0,4.82193E+20,5.52845E+21,8.75201E+15,4.99082E+16
18825,18826,6,6,32,3,2016,9,7,5,2,0,1,0,0,0,0,0,1,0,0,5.55506E+20,5.64554E+21,9.79033E+15,5.09588E+16
18826,18827,6,4,12,0,2016,9,15,5,2,2,6,0,0,0,1,0,1,0,0,4.68668E+20,5.55276E+21,8.56166E+15,5.01262E+16
18827,18828,6,5,31,6,2016,9,12,5,3,6,6,0,0,0,0,1,0,0,1,4.97229E+20,5.60399E+21,8.96086E+15,5.05878E+16
18828,18829,6,4,40,5,2016,9,16,2,3,5,2,0,0,1,1,0,0,0,0,4.77409E+20,5.5872E+21,8.68189E+15,5.04364E+16
18829,18830,6,5,33,11,2016,9,11,2,2,5,2,0,0,0,1,0,0,0,0,4.40204E+20,5.59645E+21,8.15656E+15,5.0517E+16
18830,18831,6,4,38,9,2016,9,6,2,3,2,6,0,0,0,1,0,0,0,0,4.74796E+20,5.54485E+21,8.64792E+15,5.00554E+16
18831,18832,6,5,33,9,2016,9,16,6,3,2,6,0,0,0,1,0,0,0,0,4.34002E+20,5.58357E+21,8.07136E+15,5.04005E+16
18832,18833,6,4,11,0,2016,9,13,7,2,9,1,0,0,0,1,0,0,0,0,4.73397E+20,5.51818E+21,8.63021E+15,4.98155E+16
18833,18834,6,6,33,7,2016,9,16,1,2,9,7,0,0,0,0,0,1,0,1,5.34301E+20,5.69461E+21,9.49311E+15,5.14017E+16
18834,18835,6,4,39,8,2016,9,19,1,3,9,1,0,0,0,1,0,0,0,0,4.46582E+20,5.5637E+21,8.25116E+15,5.0223E+16
18835,18836,6,5,31,6,2016,9,5,4,3,7,7,2,0,0,1,0,0,0,0,4.98822E+20,5.60694E+21,8.98335E+15,5.06144E+16
18836,18837,6,4,35,15,2016,9,20,5,2,5,2,2,0,0,1,0,1,0,0,5.06004E+20,5.5566E+21,9.08406E+15,5.01616E+16
18837,18838,6,5,31,6,2016,9,21,5,2,2,6,2,0,0,1,0,0,0,0,4.93416E+20,5.60832E+21,8.90692E+15,5.06268E+16
18838,18839,6,6,31,19,2016,9,18,4,2,2,6,0,0,0,1,0,0,0,1,5.63756E+20,5.60825E+21,9.90132E+15,5.06226E+16
18839,18840,6,4,32,17,2016,9,21,2,3,9,1,2,1,0,1,0,0,0,0,4.91619E+20,5.51646E+21,8.88353E+15,4.98006E+16
18840,18841,6,6,35,11,2016,9,16,1,2,8,1,0,0,0,0,0,1,0,0,4.84926E+20,5.661E+21,8.78471E+15,5.11003E+16
18841,18842,6,6,32,3,2016,9,15,6,3,2,6,0,0,0,1,0,0,0,0,5.55629E+20,5.64595E+21,9.79214E+15,5.09625E+16
18842,18843,6,5,34,16,2016,9,17,7,3,2,6,0,1,0,1,0,0,0,1,5.06739E+20,5.63284E+21,9.09572E+15,5.08472E+16
18843,18844,6,6,11,0,2016,9,14,6,3,2,6,0,0,0,1,0,0,0,0,5.33609E+20,5.68334E+21,9.48209E+15,5.13004E+16
18844,18845,6,6,35,11,2016,9,15,1,2,8,1,0,0,0,0,0,1,0,0,4.88402E+20,5.6597E+21,8.8344E+15,5.10887E+16
18845,18846,6,5,31,12,2016,9,15,6,3,2,6,0,0,0,1,0,0,0,0,4.75457E+20,5.59945E+21,8.6536E+15,5.05464E+16
18846,18847,6,4,14,0,2016,9,8,6,1,5,2,0,0,1,0,0,0,1,0,4.45968E+20,5.54688E+21,8.24494E+15,5.00718E+16
18847,18848,6,5,32,23,2016,9,8,3,1,2,6,0,0,0,1,0,0,1,0,4.68048E+20,5.60171E+21,8.54883E+15,5.05664E+16
18848,18849,6,4,34,9,2016,9,17,7,3,8,1,0,0,0,0,0,1,0,0,4.62695E+20,5.56713E+21,8.47669E+15,5.02551E+16
18849,18850,6,4,37,2,2016,9,19,4,3,0,1,0,0,0,0,0,1,0,0,4.9924E+20,5.49348E+21,8.98949E+15,4.95939E+16
18850,18851,6,6,33,13,2016,9,8,6,3,5,3,0,0,0,1,0,0,0,1,5.27061E+20,5.70342E+21,9.3897E+15,5.14813E+16
18851,18852,6,4,33,8,2016,9,20,5,3,2,2,2,0,0,1,0,0,1,0,4.67769E+20,5.53489E+21,8.55059E+15,4.99655E+16
18852,18853,6,4,13,0,2016,9,10,4,3,5,3,0,0,1,1,0,0,0,0,4.8356E+20,5.54836E+21,8.77019E+15,5.00873E+16
18853,18854,6,4,14,0,2016,9,17,6,3,2,6,0,0,0,1,0,1,0,0,4.44826E+20,5.54468E+21,8.22931E+15,5.00518E+16
18854,18855,6,6,33,15,2016,9,14,4,2,5,2,0,0,0,1,0,0,0,0,5.43163E+20,5.68119E+21,9.61887E+15,5.12804E+16
18855,18856,6,5,31,10,2016,9,9,2,2,9,1,0,0,0,1,0,0,0,0,4.99541E+20,5.59763E+21,8.99353E+15,5.05307E+16
18856,18857,6,5,32,6,2016,9,13,1,3,5,3,0,0,0,1,0,0,0,0,4.45921E+20,5.61946E+21,8.23383E+15,5.07244E+16
18857,18858,6,4,35,21,2016,9,14,3,3,2,2,0,0,0,1,0,0,0,1,4.95294E+20,5.56355E+21,8.93403E+15,5.02241E+16
18858,18859,6,4,32,18,2016,9,11,1,3,0,1,0,1,0,0,0,1,0,0,4.72321E+20,5.51399E+21,8.61555E+15,4.97777E+16
18859,18860,6,4,39,8,2016,9,9,7,3,2,6,0,0,0,1,0,0,0,0,4.4651E+20,5.56276E+21,8.25028E+15,5.02146E+16
18860,18861,6,4,35,14,2016,9,7,4,3,5,2,0,0,0,1,0,0,0,0,4.95546E+20,5.5545E+21,8.93767E+15,5.01427E+16
18861,18862,6,6,33,24,2016,9,20,6,3,2,6,2,0,0,1,0,0,0,0,5.35612E+20,5.67718E+21,9.51021E+15,5.12449E+16
18862,18863,6,6,34,4,2016,9,16,4,3,5,3,0,0,0,1,0,1,0,0,5.22173E+20,5.64692E+21,9.31581E+15,5.09735E+16
18863,18864,6,5,34,14,2016,9,14,2,3,2,6,0,0,0,1,0,0,0,0,4.83091E+20,5.62628E+21,8.76011E+15,5.0788E+16
18864,18865,6,4,38,1,2016,9,12,2,3,5,3,0,0,0,1,0,1,0,0,4.85267E+20,5.54032E+21,8.79437E+15,5.0015E+16
18865,18866,6,6,32,7,2016,9,13,1,2,9,1,0,0,0,0,0,1,0,0,5.51023E+20,5.63337E+21,9.7248E+15,5.08497E+16
18866,18867,6,4,32,14,2016,9,14,7,3,2,6,0,0,0,1,0,0,0,0,4.77271E+20,5.52102E+21,8.6839E+15,4.98412E+16
18867,18868,6,4,36,7,2016,9,8,1,3,1,7,0,0,0,1,0,0,1,0,4.60683E+20,5.54877E+21,8.45036E+15,5.00899E+16
18868,18869,6,4,40,18,2016,9,19,1,2,9,1,1,0,0,1,0,0,0,0,4.78158E+20,5.57795E+21,8.69298E+15,5.03532E+16
18869,18870,6,4,38,11,2016,9,10,4,3,2,6,0,0,0,1,0,0,0,0,4.9237E+20,5.53861E+21,8.89354E+15,4.99997E+16
18870,18871,6,4,40,25,2016,9,18,5,3,0,6,0,0,0,0,0,1,0,0,4.82305E+20,5.57215E+21,8.75154E+15,5.03012E+16
18871,18872,6,4,14,0,2016,9,17,4,3,5,3,0,0,0,0,0,0,0,1,4.4496E+20,5.54732E+21,8.23079E+15,5.00756E+16
18872,18873,6,4,38,12,2016,9,11,4,3,2,6,0,0,0,1,0,0,1,0,4.88553E+20,5.53381E+21,8.84042E+15,4.99565E+16
18873,18874,6,5,32,5,2016,9,15,1,3,5,3,0,0,0,1,0,1,0,0,4.51881E+20,5.6314E+21,8.3167E+15,5.08323E+16
18874,18875,6,6,31,17,2016,9,14,7,3,5,3,0,1,0,1,0,0,0,0,5.50379E+20,5.59933E+21,9.71101E+15,5.05437E+16
18875,18876,6,4,13,0,2016,9,17,6,3,2,6,0,0,0,1,0,0,0,0,4.8056E+20,5.5455E+21,8.7284E+15,5.00615E+16
18876,18877,6,5,32,8,2016,9,12,1,2,2,2,0,0,0,1,0,1,0,0,4.57199E+20,5.6081E+21,8.39492E+15,5.06232E+16
18877,18878,6,5,35,12,2016,9,12,5,3,2,5,0,0,0,1,0,0,1,0,5.19707E+20,5.60389E+21,9.27839E+15,5.05866E+16
18878,18879,6,6,32,15,2016,9,5,2,3,4,3,0,0,0,1,0,0,1,0,5.41541E+20,5.62541E+21,9.58921E+15,5.0779E+16
18879,18880,6,5,31,5,2016,9,9,3,3,5,3,0,0,1,1,0,0,0,0,4.76577E+20,5.60331E+21,8.66916E+15,5.05812E+16
18880,18881,6,5,34,4,2016,9,12,7,3,2,6,0,0,0,1,0,0,0,0,4.67866E+20,5.63864E+21,8.54305E+15,5.08985E+16
18881,18882,6,6,33,10,2016,9,6,4,3,8,6,1,0,0,1,0,0,0,0,5.30697E+20,5.69756E+21,9.44154E+15,5.14284E+16
18882,18883,6,4,39,6,2016,9,17,6,2,8,1,0,0,0,0,0,1,0,0,4.33886E+20,5.55835E+21,8.07414E+15,5.01736E+16
18883,18884,6,6,31,9,2016,9,19,5,2,8,1,1,1,0,0,0,1,0,0,5.48067E+20,5.60758E+21,9.67946E+15,5.06181E+16
18884,18885,6,4,11,0,2016,9,10,4,3,2,6,0,0,0,1,0,0,1,0,4.733E+20,5.52658E+21,8.62828E+15,4.9891E+16
18885,18886,6,5,31,6,2016,9,12,6,3,2,6,0,0,0,1,0,0,0,0,4.94461E+20,5.60886E+21,8.92167E+15,5.06316E+16
18886,18887,6,6,33,9,2016,9,16,7,2,2,7,0,0,0,1,0,0,0,0,5.38401E+20,5.69031E+21,9.55158E+15,5.13628E+16
18887,18888,6,5,35,1,2016,9,21,3,2,6,2,2,0,0,1,1,0,0,0,5.19853E+20,5.62223E+21,9.28143E+15,5.07515E+16
18888,18889,6,4,38,7,2016,9,22,2,2,9,1,2,1,0,0,0,0,1,0,5.01179E+20,5.53775E+21,9.01645E+15,4.99921E+16
18889,18890,6,4,14,0,2016,9,6,3,3,2,2,1,0,0,1,0,0,0,0,4.4869E+20,5.53962E+21,8.28395E+15,5.00067E+16
18890,18891,6,6,35,15,2016,9,20,7,3,4,6,2,1,0,1,0,0,0,0,4.97013E+20,5.67854E+21,8.95719E+15,5.12582E+16
18891,18892,6,5,33,2,2016,9,15,6,3,5,3,0,0,0,1,0,0,0,0,4.39364E+20,5.57933E+21,8.14749E+15,5.03629E+16
18892,18893,6,4,32,19,2016,9,16,6,3,0,7,0,0,0,0,0,1,1,0,4.87819E+20,5.51933E+21,8.83065E+15,4.98263E+16
18893,18894,6,4,37,9,2016,9,15,4,3,1,5,0,0,1,1,0,0,0,0,4.99916E+20,5.51592E+21,8.99884E+15,4.97957E+16
18894,18895,6,6,32,20,2016,9,16,4,3,2,2,0,0,0,1,0,0,0,0,5.72158E+20,5.64491E+21,1.00273E+16,5.09513E+16
18895,18896,6,4,32,10,2016,9,18,3,3,3,6,0,0,0,1,0,0,1,0,4.90185E+20,5.52646E+21,8.86336E+15,4.98904E+16
18896,18897,6,6,11,0,2016,9,7,3,3,5,3,0,0,0,1,0,0,0,0,5.38236E+20,5.68279E+21,9.54839E+15,5.12952E+16
18897,18898,6,4,13,0,2016,9,10,3,3,5,2,0,0,0,1,0,0,0,1,4.82445E+20,5.54951E+21,8.75455E+15,5.00975E+16
18898,18899,6,4,38,7,2016,9,5,1,2,2,6,2,1,0,1,0,0,1,0,4.98056E+20,5.53988E+21,8.97287E+15,5.00112E+16
18899,18900,6,5,32,23,2016,9,10,3,3,2,6,0,0,0,1,0,0,0,0,4.63182E+20,5.60219E+21,8.48008E+15,5.05705E+16
18900,18901,6,5,35,5,2016,9,15,1,3,2,6,0,0,0,1,0,0,0,0,5.01948E+20,5.61374E+21,9.02757E+15,5.06755E+16
18901,18902,6,4,11,0,2016,9,17,5,3,1,5,0,0,1,1,0,0,0,0,4.76615E+20,5.52541E+21,8.6745E+15,4.98807E+16
18902,18903,6,4,34,13,2016,9,14,5,3,5,3,0,0,0,1,0,1,0,0,4.5909E+20,5.57346E+21,8.42543E+15,5.03119E+16
18903,18904,6,5,32,11,2016,9,22,3,2,2,6,2,0,0,1,0,1,0,0,4.45684E+20,5.63068E+21,8.22883E+15,5.08252E+16
18904,18905,6,5,34,14,2016,9,7,5,3,5,3,0,0,0,1,0,0,0,1,4.80671E+20,5.62995E+21,8.72559E+15,5.08209E+16
18905,18906,6,4,12,0,2016,9,12,4,3,2,6,0,0,0,1,0,0,0,0,4.80814E+20,5.55187E+21,8.73162E+15,5.01188E+16
18906,18907,6,4,36,5,2016,9,16,3,3,1,6,0,0,0,1,0,0,0,0,4.63097E+20,5.54667E+21,8.48431E+15,5.00711E+16
18907,18908,6,6,36,3,2016,9,8,3,3,5,3,0,0,0,1,0,0,0,0,5.73329E+20,5.67094E+21,1.00492E+16,5.11852E+16
18908,18909,6,5,31,5,2016,9,17,3,3,3,6,0,0,1,1,0,0,0,0,4.77463E+20,5.60479E+21,8.68159E+15,5.05945E+16
18909,18910,6,4,33,14,2016,9,11,1,3,0,1,0,1,0,0,0,1,0,0,4.57726E+20,5.53022E+21,8.41107E+15,4.99228E+16
18910,18911,6,4,12,0,2016,9,18,7,3,2,6,0,1,0,1,0,0,0,0,4.66833E+20,5.55169E+21,8.53609E+15,5.01165E+16
18911,18912,6,4,40,12,2016,9,20,6,2,5,7,2,0,0,1,0,0,0,0,4.82004E+20,5.56553E+21,8.74763E+15,5.02416E+16
18912,18913,6,4,33,14,2016,9,18,1,3,5,2,0,0,1,1,0,0,0,0,4.57927E+20,5.53037E+21,8.41386E+15,4.99242E+16
18913,18914,6,4,12,0,2016,9,9,5,3,6,4,0,0,0,0,1,1,0,0,4.7959E+20,5.55116E+21,8.71455E+15,5.01124E+16
18914,18915,6,4,34,1,2016,9,9,3,3,5,2,0,0,1,1,0,0,0,0,4.77095E+20,5.56378E+21,8.67889E+15,5.02258E+16