FID,OBJECTID,ULAND,UREGBEZ,UKREIS,UGEMEINDE,UJAHR,UMONAT,USTUNDE,UWOCHENTAG,UKATEGORIE,UART,UTYP1,ULICHTVERH,IstStrasse,IstRad,IstPKW,IstFuss,IstKrad,IstGkfz,IstSonstig,LINREFX,LINREFY,XGCSWGS84,YGCSWGS84
18915,18916,6,4,12,0,2016,9,11,2,2,5,3,0,0,0,1,0,1,0,0,4.73164E+20,5.55436E+21,8.62445E+15,5.01409E+16
18916,18917,6,4,12,0,2016,9,8,3,3,2,6,0,0,0,1,0,0,0,0,4.7162E+20,5.55344E+21,8.60291E+15,5.01325E+16
18917,18918,6,4,33,13,2016,9,22,7,2,7,7,2,0,0,1,0,0,0,0,4.63268E+20,5.51643E+21,8.48958E+15,4.97992E+16
18918,18919,6,4,34,5,2016,9,7,4,3,2,6,0,0,0,1,0,0,0,0,4.62505E+20,5.5584E+21,8.47489E+15,5.01766E+16
18919,18920,6,4,36,8,2016,9,9,6,3,5,2,0,0,0,1,0,0,0,0,4.58757E+20,5.55557E+21,8.42271E+15,5.01509E+16
18920,18921,6,4,38,2,2016,9,17,4,3,6,2,0,0,0,1,1,0,0,0,4.77944E+20,5.54012E+21,8.69216E+15,5.00129E+16
18921,18922,6,4,12,0,2016,9,18,5,3,2,6,1,0,0,1,0,0,0,0,4.78385E+20,5.554E+21,8.69753E+15,5.01379E+16
18922,18923,6,4,12,0,2016,9,15,7,2,2,6,0,0,0,1,0,0,0,0,4.71639E+20,5.54837E+21,8.60355E+15,5.00869E+16
18923,18924,6,6,32,11,2016,9,17,3,3,2,6,0,0,0,1,0,0,0,0,5.40435E+20,5.63098E+21,9.57414E+15,5.08292E+16
18924,18925,6,6,31,9,2016,9,18,5,3,6,6,0,0,1,0,1,0,0,0,5.47885E+20,5.59627E+21,9.67542E+15,5.05164E+16
18925,18926,6,4,13,0,2016,9,21,4,3,5,3,2,0,0,1,0,0,0,1,4.8054E+20,5.54552E+21,8.72811E+15,5.00616E+16
18926,18927,6,4,14,0,2016,9,13,2,3,2,6,0,0,0,1,0,0,1,0,4.46762E+20,5.54462E+21,8.25635E+15,5.00515E+16
18927,18928,6,4,40,18,2016,9,12,2,3,2,6,0,0,0,0,0,0,1,1,4.78925E+20,5.57967E+21,8.70366E+15,5.03687E+16
18928,18929,6,4,13,0,2016,9,8,3,3,5,2,0,0,1,1,0,0,0,0,4.84222E+20,5.54888E+21,8.77943E+15,5.0092E+16
18929,18930,6,4,14,0,2016,9,0,7,3,1,5,2,0,0,1,0,0,0,0,4.47975E+20,5.54091E+21,8.2738E+15,5.00183E+16
18930,18931,6,4,14,0,2016,9,7,6,3,5,3,0,0,0,1,0,1,0,0,4.45859E+20,5.54506E+21,8.24367E+15,5.00554E+16
18931,18932,6,5,33,9,2016,9,20,1,3,0,7,1,1,0,0,0,1,0,1,4.3287E+20,5.58186E+21,8.05574E+15,5.0385E+16
18932,18933,6,5,32,21,2016,9,15,6,3,1,5,0,0,0,1,0,0,0,1,4.58079E+20,5.59907E+21,8.40838E+15,5.05421E+16
18933,18934,6,4,14,0,2016,9,15,6,3,6,4,0,0,0,0,1,0,0,1,4.45347E+20,5.54816E+21,8.23608E+15,5.00832E+16
18934,18935,6,6,31,6,2016,9,21,4,3,8,7,2,0,0,0,0,1,0,0,5.54623E+20,5.59236E+21,9.76989E+15,5.04807E+16
18935,18936,6,5,34,2,2016,9,13,3,3,8,1,0,0,0,1,0,0,0,0,4.58702E+20,5.62719E+21,8.41404E+15,5.07949E+16
18936,18937,6,4,12,0,2016,9,9,3,3,2,6,0,0,0,1,0,0,0,0,4.77056E+20,5.55338E+21,8.67898E+15,5.01322E+16
18937,18938,6,6,11,0,2016,9,18,3,2,0,6,0,0,0,1,0,1,0,0,5.34141E+20,5.68589E+21,9.48996E+15,5.13232E+16
18938,18939,6,5,31,5,2016,9,8,3,3,2,6,0,1,0,1,0,0,0,0,4.76391E+20,5.60308E+21,8.66656E+15,5.05791E+16
18939,18940,6,5,31,5,2016,9,20,7,2,4,1,2,0,0,1,0,0,0,0,4.80813E+20,5.60687E+21,8.72881E+15,5.06134E+16
18940,18941,6,4,40,1,2016,9,10,5,2,6,4,0,0,0,1,1,0,0,0,4.9608E+20,5.5704E+21,8.94497E+15,5.02857E+16
18941,18942,6,4,31,2,2016,9,8,3,3,6,4,0,0,0,1,1,0,0,0,4.72549E+20,5.50569E+21,8.61931E+15,4.97031E+16
18942,18943,6,4,14,0,2016,9,14,6,3,2,6,0,0,0,1,0,0,0,0,4.40745E+20,5.54464E+21,8.1723E+15,5.00511E+16
18943,18944,6,5,35,1,2016,9,15,5,3,2,6,0,0,0,1,0,0,0,0,5.19267E+20,5.62113E+21,9.27306E+15,5.07416E+16
18944,18945,6,6,31,8,2016,9,19,5,2,0,7,0,0,1,0,0,0,0,0,5.38193E+20,5.58512E+21,9.53759E+15,5.04169E+16
18945,18946,6,4,35,10,2016,9,20,2,3,5,3,2,0,0,1,0,0,0,0,5.11136E+20,5.55947E+21,9.15599E+15,5.01873E+16
18946,18947,6,4,14,0,2016,9,22,2,3,5,3,2,0,1,1,0,0,0,0,4.45995E+20,5.54757E+21,8.24522E+15,5.00779E+16
18947,18948,6,4,38,9,2016,9,19,2,3,2,6,0,0,0,1,0,0,0,0,4.77841E+20,5.54402E+21,8.69049E+15,5.00481E+16
18948,18949,6,5,32,16,2016,9,16,2,3,2,6,0,0,0,1,0,1,0,0,4.58038E+20,5.60037E+21,8.40766E+15,5.05537E+16
18949,18950,6,5,31,5,2016,9,12,7,2,9,1,0,0,0,0,0,1,0,0,4.78407E+20,5.60809E+21,8.69473E+15,5.06243E+16
18950,18951,6,4,40,7,2016,9,3,7,2,6,4,2,0,0,1,1,0,0,0,4.93653E+20,5.57576E+21,8.91082E+15,5.03339E+16
18951,18952,6,5,31,4,2016,9,16,6,2,5,2,0,0,0,1,0,0,0,0,4.83807E+20,5.59981E+21,8.77143E+15,5.055E+16
18952,18953,6,4,12,0,2016,9,8,1,3,5,3,0,0,0,1,0,0,1,0,4.75734E+20,5.55086E+21,8.66063E+15,5.01095E+16
18953,18954,6,5,35,1,2016,9,17,1,2,2,6,0,0,0,1,0,1,0,0,5.19946E+20,5.62128E+21,9.2827E+15,5.07429E+16
18954,18955,6,4,33,6,2016,9,13,4,3,5,2,0,0,0,1,0,0,0,0,4.6777E+20,5.53489E+21,8.5506E+15,4.99655E+16
18955,18956,6,4,34,6,2016,9,18,5,3,5,7,0,0,0,1,0,1,0,0,4.66297E+20,5.55803E+21,8.52803E+15,5.01735E+16
18956,18957,6,6,34,5,2016,9,15,7,2,0,1,0,0,1,0,0,0,0,0,5.18001E+20,5.66271E+21,9.25717E+15,5.11156E+16
18957,18958,6,6,11,0,2016,9,6,2,2,5,3,1,0,1,1,0,0,0,0,5.34559E+20,5.68543E+21,9.49592E+15,5.13191E+16
18958,18959,6,4,31,16,2016,9,16,5,3,2,6,0,0,0,1,0,0,0,0,4.67699E+20,5.50052E+21,8.55248E+15,4.96564E+16
18959,18960,6,6,34,3,2016,9,21,2,2,9,1,2,0,0,1,0,0,0,0,5.3061E+20,5.67103E+21,9.43801E+15,5.11899E+16
18960,18961,6,5,31,2,2016,9,12,2,3,2,6,0,0,0,1,0,1,0,0,4.71342E+20,5.60834E+21,8.59483E+15,5.06263E+16
18961,18962,6,6,34,22,2016,9,9,2,3,2,6,0,0,0,1,0,0,0,1,5.12229E+20,5.63963E+21,9.17394E+15,5.09082E+16
18962,18963,6,4,31,18,2016,9,15,2,3,8,6,0,0,0,0,0,1,0,1,4.89559E+20,5.47397E+21,8.85604E+15,4.94184E+16
18963,18964,6,4,12,0,2016,9,17,7,3,4,1,0,0,0,1,0,0,0,0,4.81393E+20,5.54939E+21,8.73985E+15,5.00965E+16
18964,18965,6,4,32,17,2016,9,15,6,3,2,6,0,0,0,1,0,0,0,0,4.92924E+20,5.52045E+21,8.9016E+15,4.98364E+16
18965,18966,6,4,33,4,2016,9,3,1,3,4,7,2,0,0,1,0,0,0,0,4.64142E+20,5.51312E+21,8.50203E+15,4.97695E+16
18966,18967,6,4,40,17,2016,9,19,4,2,5,3,0,0,0,1,0,0,0,1,4.89975E+20,5.57018E+21,8.85929E+15,5.02836E+16
18967,18968,6,6,11,0,2016,9,16,5,3,8,1,0,0,0,1,0,0,0,0,5.31191E+20,5.68478E+21,9.44753E+15,5.13135E+16
18968,18969,6,6,34,19,2016,9,12,7,3,5,3,0,0,0,1,0,0,0,0,5.29035E+20,5.6332E+21,9.41245E+15,5.08498E+16
18969,18970,6,4,31,20,2016,9,8,3,3,2,6,0,0,0,1,0,0,0,0,4.6812E+20,5.48669E+21,8.55943E+15,4.9532E+16
18970,18971,6,5,31,5,2016,9,9,5,3,4,6,0,0,0,1,0,0,0,0,4.75489E+20,5.6038E+21,8.65376E+15,5.05856E+16
18971,18972,6,4,37,10,2016,9,3,4,3,9,1,2,0,0,1,0,0,0,0,5.03617E+20,5.51608E+21,9.05025E+15,4.97971E+16
18972,18973,6,6,34,8,2016,9,9,2,2,5,3,0,0,0,1,0,0,0,0,5.35008E+20,5.67369E+21,9.50121E+15,5.12136E+16
18973,18974,6,4,13,0,2016,9,8,1,3,8,1,0,1,0,1,0,0,0,0,4.81247E+20,5.55039E+21,8.73776E+15,5.01055E+16
18974,18975,6,4,11,0,2016,9,8,3,2,2,6,0,1,1,0,0,0,1,0,4.74359E+20,5.52444E+21,8.64317E+15,4.98718E+16
18975,18976,6,4,35,10,2016,9,23,7,2,2,2,2,1,0,1,0,1,0,0,5.14095E+20,5.56102E+21,9.1975E+15,5.02012E+16
18976,18977,6,4,12,0,2016,9,7,6,3,2,6,0,0,0,1,0,0,0,0,4.80864E+20,5.55193E+21,8.73233E+15,5.01193E+16
18977,18978,6,4,13,0,2016,9,7,1,3,8,7,0,0,0,0,0,0,0,1,4.88643E+20,5.54817E+21,8.84125E+15,5.00856E+16
18978,18979,6,6,31,8,2016,9,14,6,1,8,1,0,0,0,1,0,0,1,0,5.40616E+20,5.58497E+21,9.57167E+15,5.04153E+16
18979,18980,6,4,14,0,2016,9,14,6,3,5,2,0,0,1,1,0,0,0,0,4.45346E+20,5.5479E+21,8.23611E+15,5.00809E+16
18980,18981,6,4,12,0,2016,9,21,4,2,2,6,2,0,0,1,0,0,0,0,4.7355E+20,5.5537E+21,8.6299E+15,5.01349E+16
18981,18982,6,4,35,25,2016,9,17,3,3,5,3,0,0,0,1,0,0,0,0,5.37814E+20,5.57845E+21,9.53158E+15,5.03569E+16
18982,18983,6,4,13,0,2016,9,17,3,3,5,3,0,0,0,1,0,0,0,1,4.80333E+20,5.54584E+21,8.72522E+15,5.00645E+16
18983,18984,6,6,33,15,2016,9,18,7,3,5,3,0,0,0,1,0,1,0,0,5.43242E+20,5.68166E+21,9.62005E+15,5.12847E+16
18984,18985,6,4,32,2,2016,9,14,5,3,2,6,0,0,0,1,0,0,1,0,4.99879E+20,5.53406E+21,8.99831E+15,4.99589E+16
18985,18986,6,4,37,11,2016,9,12,6,3,3,6,0,0,0,1,0,0,1,0,5.00015E+20,5.50279E+21,9.0002E+15,4.96776E+16
18986,18987,6,4,31,17,2016,9,9,5,3,4,2,0,0,0,1,0,0,0,1,4.83359E+20,5.49234E+21,8.76978E+15,4.95834E+16
18987,18988,6,4,14,0,2016,9,9,5,3,2,6,0,0,0,1,0,0,0,0,4.49446E+20,5.5444E+21,8.29387E+15,5.00498E+16
18988,18989,6,4,35,21,2016,9,14,4,1,5,2,0,0,0,1,0,0,0,0,4.89564E+20,5.56476E+21,8.85367E+15,5.0235E+16
18989,18990,6,4,38,1,2016,9,16,2,3,5,3,0,0,0,1,0,0,1,0,4.84676E+20,5.5405E+21,8.78611E+15,5.00166E+16
18990,18991,6,4,35,8,2016,9,17,2,2,5,3,0,0,1,1,0,0,0,0,5.29631E+20,5.55321E+21,9.41458E+15,5.01304E+16
18991,18992,6,5,33,3,2016,9,9,2,3,2,6,0,0,0,1,0,0,0,1,4.45898E+20,5.57042E+21,8.24062E+15,5.02834E+16
18992,18993,6,4,40,24,2016,9,19,7,3,6,4,0,0,0,1,1,0,0,0,4.8692E+20,5.58291E+21,8.81596E+15,5.03981E+16
18993,18994,6,4,39,10,2016,9,14,1,2,8,1,0,0,0,0,0,1,0,0,4.2063E+20,5.54901E+21,7.89048E+15,5.0088E+16
18994,18995,6,4,14,0,2016,9,15,1,3,3,6,0,0,0,1,0,0,0,0,4.50533E+20,5.54485E+21,8.30899E+15,5.00538E+16
18995,18996,6,5,32,15,2016,9,6,4,3,2,6,1,0,0,1,0,0,0,0,4.70317E+20,5.60187E+21,8.58086E+15,5.0568E+16
18996,18997,6,5,32,7,2016,9,19,5,3,5,2,0,0,0,1,0,0,0,0,4.40739E+20,5.60826E+21,8.16223E+15,5.06232E+16
18997,18998,6,4,40,5,2016,9,10,5,3,2,6,0,0,0,1,0,0,0,0,4.78388E+20,5.58711E+21,8.69567E+15,5.04356E+16
18998,18999,6,5,32,21,2016,9,13,4,2,5,3,0,0,1,1,0,0,0,0,4.57928E+20,5.59863E+21,8.40629E+15,5.05381E+16
18999,19000,6,4,33,12,2016,9,13,2,3,3,2,0,0,1,1,0,0,0,0,4.58973E+20,5.53738E+21,8.42768E+15,4.99874E+16
19000,19001,6,4,38,9,2016,9,21,1,3,1,7,2,0,1,1,0,0,0,0,4.76844E+20,5.54403E+21,8.67657E+15,5.00481E+16
19001,19002,6,6,35,1,2016,9,7,6,3,2,6,0,0,0,1,0,0,0,0,4.76876E+20,5.65224E+21,8.6703E+15,5.10212E+16
19002,19003,6,5,34,14,2016,9,23,7,3,6,2,2,1,0,1,1,0,0,0,4.83767E+20,5.62922E+21,8.76957E+15,5.08145E+16
19003,19004,6,6,35,11,2016,9,13,6,3,0,6,0,0,1,1,0,0,0,0,4.83679E+20,5.65587E+21,8.76714E+15,5.10542E+16
19004,19005,6,4,31,16,2016,9,16,1,3,0,1,0,0,0,0,0,1,0,0,4.68326E+20,5.50175E+21,8.56106E+15,4.96674E+16
19005,19006,6,5,31,3,2016,9,12,5,2,5,3,0,0,0,1,0,1,0,0,4.80522E+20,5.60664E+21,8.72471E+15,5.06113E+16
19006,19007,6,4,13,0,2016,9,10,6,3,2,6,0,0,0,1,0,0,0,0,4.85119E+20,5.54942E+21,8.79194E+15,5.00968E+16
19007,19008,6,5,31,2,2016,9,16,2,2,2,6,0,0,1,1,0,0,0,0,4.66349E+20,5.61045E+21,8.52406E+15,5.0645E+16
19008,19009,6,4,33,13,2016,9,21,4,3,9,1,2,1,0,0,0,1,0,0,4.62552E+20,5.5182E+21,8.47947E+15,4.98151E+16
19009,19010,6,4,35,19,2016,9,11,2,3,5,3,0,0,0,1,0,0,0,0,4.87154E+20,5.55566E+21,8.82018E+15,5.0153E+16
19010,19011,6,6,35,8,2016,9,5,1,2,6,7,2,1,0,1,1,0,0,0,5.00442E+20,5.70478E+21,9.00636E+15,5.14941E+16
19011,19012,6,4,38,10,2016,9,16,6,3,2,6,0,0,0,1,0,0,0,0,4.90249E+20,5.54805E+21,8.8637E+15,5.00846E+16
19012,19013,6,4,31,11,2016,9,2,7,3,0,7,2,0,0,1,0,0,0,0,4.7438E+20,5.4967E+21,8.64528E+15,4.96223E+16
19013,19014,6,6,34,22,2016,9,17,6,3,8,1,0,0,0,0,0,1,0,0,5.09012E+20,5.63539E+21,9.12808E+15,5.08702E+16
19014,19015,6,6,35,9,2016,9,15,1,3,2,6,0,0,0,0,0,1,0,0,5.05364E+20,5.66855E+21,9.07673E+15,5.11683E+16
19015,19016,6,4,12,0,2016,9,12,6,3,3,3,0,0,0,1,0,0,0,0,4.70701E+20,5.55343E+21,8.59006E+15,5.01324E+16
19016,19017,6,4,12,0,2016,9,1,6,3,8,1,2,0,0,1,0,1,0,0,4.64804E+20,5.5476E+21,8.50808E+15,5.00796E+16
19017,19018,6,4,40,23,2016,9,14,4,3,2,6,0,0,0,1,0,0,0,0,4.76546E+20,5.5708E+21,8.67075E+15,5.02888E+16
19018,19019,6,4,39,8,2016,9,1,3,3,9,7,2,0,0,1,0,0,0,0,4.46241E+20,5.56616E+21,8.24604E+15,5.02451E+16
19019,19020,6,6,34,4,2016,9,14,7,3,5,3,0,0,1,1,0,0,0,0,5.21436E+20,5.64096E+21,9.30497E+15,5.09199E+16
19020,19021,6,5,34,10,2016,9,7,5,2,4,1,0,0,0,1,0,0,0,0,4.66708E+20,5.62425E+21,8.52789E+15,5.07691E+16
19021,19022,6,4,14,0,2016,9,17,4,3,2,6,0,0,0,1,0,0,0,0,4.43106E+20,5.5493E+21,8.20458E+15,5.00933E+16
19022,19023,6,6,33,3,2016,9,14,6,3,4,6,0,0,1,0,0,0,0,0,5.29241E+20,5.67859E+21,9.41904E+15,5.12579E+16
19023,19024,6,4,32,16,2016,9,19,5,3,5,3,2,0,0,1,0,0,0,0,4.81726E+20,5.51756E+21,8.74601E+15,4.98102E+16
19024,19025,6,4,14,0,2016,9,14,4,3,1,2,0,0,0,1,0,0,0,0,4.46866E+20,5.54695E+21,8.25748E+15,5.00725E+16
19025,19026,6,6,32,14,2016,9,21,6,3,8,7,2,0,0,1,0,0,0,0,5.38309E+20,5.64184E+21,9.5451E+15,5.0927E+16
19026,19027,6,5,35,16,2016,9,14,4,3,8,1,0,0,0,0,0,1,0,0,5.11289E+20,5.59848E+21,9.1593E+15,5.05381E+16
19027,19028,6,6,31,9,2016,9,13,2,3,2,6,0,0,0,1,0,0,0,0,5.48452E+20,5.59682E+21,9.68349E+15,5.05213E+16
19028,19029,6,6,11,0,2016,9,2,1,2,5,2,2,0,0,1,1,0,0,0,5.34251E+20,5.68463E+21,9.49143E+15,5.13119E+16
19029,19030,6,5,34,10,2016,9,13,7,3,2,2,0,0,0,1,0,1,0,0,4.70399E+20,5.62393E+21,8.58026E+15,5.07664E+16
19030,19031,6,4,40,4,2016,9,11,1,2,3,6,0,0,1,1,0,0,0,0,5.00171E+20,5.57091E+21,9.0024E+15,5.02903E+16
19031,19032,6,4,35,21,2016,9,2,7,2,8,3,2,0,0,1,0,0,0,0,4.90221E+20,5.56468E+21,8.86288E+15,5.02342E+16
19032,19033,6,4,12,0,2016,9,16,4,3,2,6,0,0,0,1,0,0,0,0,4.66036E+20,5.55124E+21,8.52498E+15,5.01124E+16
19033,19034,6,6,31,16,2016,9,14,1,3,9,1,0,0,0,1,0,0,0,0,5.51962E+20,5.58318E+21,9.73111E+15,5.03983E+16
19034,19035,6,4,33,5,2016,9,14,5,2,5,2,0,0,0,1,0,1,0,0,4.52455E+20,5.53652E+21,8.33687E+15,4.99791E+16
19035,19036,6,4,14,0,2016,9,14,4,3,5,3,0,0,1,1,0,0,0,0,4.45857E+20,5.54686E+21,8.24339E+15,5.00715E+16
19036,19037,6,4,31,20,2016,9,16,4,2,3,3,0,0,0,1,0,0,1,0,4.68146E+20,5.48632E+21,8.55982E+15,4.95287E+16
19037,19038,6,4,31,18,2016,9,12,1,2,8,1,0,1,0,1,0,0,0,0,4.87298E+20,5.47342E+21,8.82489E+15,4.94134E+16
19038,19039,6,5,32,3,2016,9,21,7,3,9,1,2,1,0,1,0,0,0,0,4.60587E+20,5.59393E+21,8.44432E+15,5.0496E+16
19039,19040,6,4,34,8,2016,9,16,6,3,2,6,0,0,0,1,0,0,0,0,4.71483E+20,5.5617E+21,8.60037E+15,5.02068E+16
19040,19041,6,4,31,18,2016,9,16,1,3,2,6,0,0,0,1,0,0,0,0,4.89991E+20,5.47235E+21,8.86204E+15,4.94037E+16
19041,19042,6,4,14,0,2016,9,17,5,3,0,3,0,0,1,1,0,0,0,0,4.48151E+20,5.54618E+21,8.27553E+15,5.00656E+16
19042,19043,6,4,38,2,2016,9,16,3,3,5,3,0,0,0,1,0,0,0,0,4.80549E+20,5.54075E+21,8.72848E+15,5.00188E+16
19043,19044,6,6,11,0,2016,9,9,2,3,2,6,0,0,0,1,0,0,0,0,5.35741E+20,5.6846E+21,9.5128E+15,5.13116E+16
19044,19045,6,4,36,3,2016,9,8,3,2,5,3,0,0,1,1,0,0,0,0,4.6975E+20,5.55519E+21,8.5766E+15,5.01482E+16
19045,19046,6,4,31,15,2016,9,16,7,3,8,1,0,0,0,0,0,1,0,0,4.83015E+20,5.50561E+21,8.76445E+15,4.97028E+16
19046,19047,6,6,34,25,2016,9,15,4,3,2,6,0,0,0,1,0,0,0,0,5.2641E+20,5.66088E+21,9.37718E+15,5.10988E+16
19047,19048,6,4,35,19,2016,9,21,6,3,5,2,2,0,0,1,0,0,0,1,4.88919E+20,5.55335E+21,8.84496E+15,5.01323E+16
19048,19049,6,6,36,9,2016,9,18,4,3,8,1,1,0,0,0,0,1,0,0,5.62716E+20,5.69554E+21,9.90172E+15,5.14076E+16
19049,19050,6,4,14,0,2016,9,12,5,2,4,6,0,0,0,1,0,0,0,0,4.53024E+20,5.54501E+21,8.34377E+15,5.00555E+16
19050,19051,6,4,14,0,2016,9,11,7,3,3,6,0,0,1,1,0,0,0,0,4.45783E+20,5.54755E+21,8.24226E+15,5.00778E+16
19051,19052,6,5,31,8,2016,9,13,3,3,2,6,0,0,0,1,0,1,0,0,4.92981E+20,5.59211E+21,8.90106E+15,5.04809E+16
19052,19053,6,6,31,15,2016,9,13,5,3,2,6,0,0,0,1,0,0,0,0,5.54202E+20,5.6138E+21,9.76708E+15,5.06735E+16
19053,19054,6,4,31,7,2016,9,17,7,3,4,1,0,0,0,1,0,1,0,0,4.87396E+20,5.50129E+21,8.82535E+15,4.9664E+16
19054,19055,6,6,36,4,2016,9,6,4,3,7,7,2,0,0,1,0,0,0,0,5.5362E+20,5.67496E+21,9.76785E+15,5.12235E+16
19055,19056,6,4,39,8,2016,9,14,6,2,9,1,0,0,0,0,0,1,0,0,4.51994E+20,5.56478E+21,8.32688E+15,5.02332E+16
19056,19057,6,4,33,1,2016,9,21,5,3,5,3,2,0,0,1,0,0,0,0,4.63332E+20,5.51459E+21,8.49065E+15,4.97827E+16
19057,19058,6,4,36,1,2016,9,7,4,3,2,6,0,0,0,1,0,0,0,1,4.65071E+20,5.55375E+21,8.51125E+15,5.0135E+16
19058,19059,6,4,33,4,2016,9,12,6,3,2,6,0,0,0,1,0,0,1,1,4.6708E+20,5.50904E+21,8.54318E+15,4.9733E+16
19059,19060,6,6,33,7,2016,9,10,4,2,8,1,0,0,0,1,0,0,0,0,5.33055E+20,5.69372E+21,9.47511E+15,5.13937E+16
19060,19061,6,6,34,5,2016,9,8,2,3,2,6,0,0,0,0,0,0,1,0,5.21063E+20,5.66744E+21,9.3012E+15,5.1158E+16
19061,19062,6,5,34,12,2016,9,5,7,3,8,1,2,0,0,1,0,0,0,0,4.78613E+20,5.63417E+21,8.69613E+15,5.08589E+16
19062,19063,6,4,33,3,2016,9,14,2,2,0,7,0,0,0,1,0,1,0,0,4.65146E+20,5.52896E+21,8.51455E+15,4.9912E+16
19063,19064,6,5,35,11,2016,9,15,3,3,2,6,0,0,0,1,0,0,0,0,5.29223E+20,5.6099E+21,9.41327E+15,5.06402E+16
19064,19065,6,4,40,8,2016,9,0,1,3,7,7,2,1,0,1,0,0,0,0,4.78229E+20,5.57498E+21,8.69414E+15,5.03265E+16
19065,19066,6,5,31,5,2016,9,18,6,3,2,6,0,0,0,1,0,0,0,0,4.77254E+20,5.60436E+21,8.67866E+15,5.05907E+16
19066,19067,6,6,33,6,2016,9,17,4,3,1,5,0,0,0,1,0,0,0,0,5.18175E+20,5.67695E+21,9.26037E+15,5.12436E+16
19067,19068,6,4,40,3,2016,9,16,3,3,5,2,0,0,0,1,0,0,0,0,4.80729E+20,5.56023E+21,8.73002E+15,5.0194E+16
19068,19069,6,6,32,15,2016,9,17,3,2,9,1,1,0,0,0,0,1,0,0,5.4591E+20,5.62937E+21,9.65168E+15,5.08142E+16
19069,19070,6,5,35,11,2016,9,7,3,3,5,3,0,0,0,1,0,1,0,0,5.28729E+20,5.61006E+21,9.4063E+15,5.06417E+16
19070,19071,6,5,31,5,2016,9,16,1,3,5,3,0,0,1,1,0,0,0,0,4.78433E+20,5.60191E+21,8.69546E+15,5.05687E+16
19071,19072,6,4,33,3,2016,9,14,3,3,4,1,0,0,0,1,0,0,0,0,4.67792E+20,5.52811E+21,8.55148E+15,4.99045E+16
19072,19073,6,4,37,9,2016,9,14,6,2,8,1,0,0,0,0,0,1,0,0,4.94931E+20,5.51542E+21,8.92958E+15,4.97912E+16
19073,19074,6,6,31,20,2016,9,15,1,3,5,3,0,0,0,1,0,0,0,0,5.53872E+20,5.6018E+21,9.76067E+15,5.05656E+16
19074,19075,6,4,11,0,2016,9,18,5,3,0,6,0,0,1,0,0,0,0,0,4.74521E+20,5.52941E+21,8.6451E+15,4.99166E+16
19075,19076,6,4,38,6,2016,9,16,5,3,3,6,0,0,0,1,0,1,0,0,4.77914E+20,5.53754E+21,8.69188E+15,4.99898E+16
19076,19077,6,5,33,11,2016,9,0,3,2,9,1,2,0,0,1,0,0,0,0,4.44745E+20,5.60008E+21,8.22007E+15,5.05501E+16
19077,19078,6,4,33,6,2016,9,18,5,2,5,3,0,0,1,1,0,0,0,0,4.62672E+20,5.52754E+21,8.48023E+15,4.9899E+16
19078,19079,6,4,37,11,2016,9,14,2,3,2,6,0,0,0,1,0,0,0,0,5.00117E+20,5.5034E+21,9.00163E+15,4.96831E+16
19079,19080,6,4,36,6,2016,9,9,3,2,2,6,0,0,0,1,0,0,0,0,4.56617E+20,5.54498E+21,8.39397E+15,5.00556E+16
19080,19081,6,4,37,2,2016,9,15,2,1,8,1,0,0,0,0,0,1,0,0,4.98869E+20,5.49263E+21,8.98435E+15,4.95862E+16
19081,19082,6,5,31,6,2016,9,12,7,3,4,6,0,0,0,1,0,0,0,1,4.9675E+20,5.6047E+21,8.95409E+15,5.05942E+16
19082,19083,6,4,31,17,2016,9,20,4,2,4,6,2,0,0,1,0,0,0,0,4.79883E+20,5.49241E+21,8.72169E+15,4.9584E+16
19083,19084,6,4,40,3,2016,9,15,6,3,2,6,0,0,0,1,0,0,0,0,4.8102E+20,5.55694E+21,8.73426E+15,5.01643E+16
19084,19085,6,4,40,3,2016,9,11,4,2,5,2,0,0,0,1,0,1,0,0,4.83599E+20,5.55978E+21,8.77024E+15,5.019E+16
19085,19086,6,4,11,0,2016,9,12,5,3,1,5,0,0,0,1,0,0,0,0,4.76017E+20,5.52398E+21,8.66626E+15,4.98678E+16
19086,19087,6,4,12,0,2016,9,11,7,3,2,6,0,0,0,1,0,1,0,0,4.78345E+20,5.55384E+21,8.69698E+15,5.01364E+16
19087,19088,6,4,12,0,2016,9,11,3,2,9,1,0,0,0,0,0,1,0,0,4.64906E+20,5.547E+21,8.50956E+15,5.00742E+16
19088,19089,6,5,32,23,2016,9,15,5,3,6,4,0,0,0,1,1,0,0,0,4.64033E+20,5.60089E+21,8.49222E+15,5.05588E+16
19089,19090,6,4,38,8,2016,9,15,4,3,5,2,0,0,0,1,0,0,0,0,4.88338E+20,5.55207E+21,8.83686E+15,5.01208E+16
19090,19091,6,4,14,0,2016,9,21,2,3,3,5,2,0,0,1,0,1,0,0,4.44812E+20,5.54692E+21,8.22878E+15,5.0072E+16
19091,19092,6,5,35,8,2016,9,1,1,3,9,1,2,1,0,1,0,0,0,0,5.27172E+20,5.60481E+21,9.38389E+15,5.05945E+16
19092,19093,6,4,12,0,2016,9,6,3,3,2,6,1,0,0,1,0,0,0,0,4.75238E+20,5.55474E+21,8.65345E+15,5.01444E+16
19093,19094,6,4,14,0,2016,9,9,7,3,2,6,0,0,0,1,0,0,0,0,4.44162E+20,5.54752E+21,8.21962E+15,5.00773E+16
19094,19095,6,4,13,0,2016,9,22,6,3,3,2,2,0,0,1,0,0,0,1,4.84635E+20,5.5504E+21,8.78514E+15,5.01057E+16
19095,19096,6,6,33,26,2016,9,2,1,2,9,1,2,0,0,1,0,0,0,0,5.31227E+20,5.68937E+21,9.44845E+15,5.13547E+16
19096,19097,6,5,31,10,2016,9,14,6,3,0,1,0,0,0,0,0,1,0,0,4.99429E+20,5.59878E+21,8.99194E+15,5.0541E+16