FID,OBJECTID,ULAND,UREGBEZ,UKREIS,UGEMEINDE,UJAHR,UMONAT,USTUNDE,UWOCHENTAG,UKATEGORIE,UART,UTYP1,ULICHTVERH,IstStrasse,IstRad,IstPKW,IstFuss,IstKrad,IstGkfz,IstSonstig,LINREFX,LINREFY,XGCSWGS84,YGCSWGS84
19097,19098,6,4,12,0,2016,9,7,6,3,5,2,0,0,0,1,0,0,0,1,4.68843E+20,5.54967E+21,8.56436E+15,5.00984E+16
19098,19099,6,5,31,17,2016,9,16,4,3,1,5,0,0,1,1,0,0,0,0,4.84532E+20,5.61298E+21,8.78111E+15,5.06685E+16
19099,19100,6,4,31,2,2016,9,13,3,3,2,6,0,0,0,1,0,0,0,0,4.72724E+20,5.50343E+21,8.62189E+15,4.96828E+16
19100,19101,6,6,34,3,2016,9,16,3,3,2,6,0,0,0,1,0,0,0,0,5.30529E+20,5.66456E+21,9.43632E+15,5.11317E+16
19101,19102,6,6,34,8,2016,9,20,3,2,8,1,2,0,0,0,0,1,0,0,5.3433E+20,5.67351E+21,9.49149E+15,5.12119E+16
19102,19103,6,4,13,0,2016,9,15,3,3,2,6,0,0,0,0,0,0,1,0,4.83125E+20,5.54607E+21,8.76421E+15,5.00666E+16
19103,19104,6,6,34,1,2016,9,16,7,2,8,1,0,0,0,0,0,1,0,0,5.17219E+20,5.65738E+21,9.24575E+15,5.10676E+16
19104,19105,6,6,34,7,2016,9,6,2,3,2,6,0,0,0,1,0,0,0,0,5.26036E+20,5.67046E+21,9.37253E+15,5.1185E+16
19105,19106,6,4,14,0,2016,9,17,3,3,2,6,0,0,0,1,0,0,0,0,4.47049E+20,5.54887E+21,8.25977E+15,5.00897E+16
19106,19107,6,6,33,12,2016,9,14,7,3,2,2,0,1,0,1,0,0,0,0,5.48846E+20,5.67736E+21,9.69982E+15,5.12455E+16
19107,19108,6,6,11,0,2016,9,9,6,2,6,7,0,0,0,1,1,0,0,0,5.32471E+20,5.68469E+21,9.46589E+15,5.13126E+16
19108,19109,6,4,33,8,2016,9,6,2,3,2,6,0,0,0,1,0,0,1,0,4.71478E+20,5.5365E+21,8.60218E+15,4.99801E+16
19109,19110,6,6,31,16,2016,9,19,6,2,8,1,2,0,0,0,0,1,0,1,5.45965E+20,5.58269E+21,9.64668E+15,5.03945E+16
19110,19111,6,5,32,5,2016,9,5,4,3,1,5,2,0,0,1,0,0,1,0,4.49514E+20,5.63283E+21,8.28289E+15,5.0845E+16
19111,19112,6,4,39,8,2016,9,17,4,3,5,3,0,0,0,1,0,0,0,0,4.46705E+20,5.56181E+21,8.25315E+15,5.02061E+16
19112,19113,6,4,32,20,2016,9,17,3,2,5,2,0,0,1,1,0,0,0,0,4.85249E+20,5.52466E+21,8.79471E+15,4.98742E+16
19113,19114,6,4,14,0,2016,9,19,3,3,6,6,1,0,1,0,1,0,0,0,4.45529E+20,5.54685E+21,8.23881E+15,5.00714E+16
19114,19115,6,4,37,6,2016,9,12,3,3,4,1,0,0,0,1,0,0,0,0,4.99718E+20,5.50151E+21,8.99609E+15,4.96661E+16
19115,19116,6,5,32,16,2016,9,7,3,2,4,1,0,1,0,1,0,0,0,0,4.55025E+20,5.60157E+21,8.36498E+15,5.05644E+16
19116,19117,6,4,14,0,2016,9,0,1,3,8,1,2,0,0,1,0,1,0,0,4.52521E+20,5.54504E+21,8.33673E+15,5.00557E+16
19117,19118,6,6,34,10,2016,9,16,5,3,3,1,0,0,0,1,0,0,0,1,5.11553E+20,5.65217E+21,9.16472E+15,5.1021E+16
19118,19119,6,4,34,1,2016,9,17,5,3,2,6,0,0,0,1,0,0,0,0,4.70665E+20,5.56503E+21,8.58866E+15,5.02367E+16
19119,19120,6,4,32,21,2016,9,14,3,3,3,6,0,0,1,0,0,0,1,0,4.98082E+20,5.532E+21,8.97327E+15,4.99403E+16
19120,19121,6,4,35,14,2016,9,7,5,3,2,6,0,0,0,1,0,0,0,0,4.94895E+20,5.55272E+21,8.92858E+15,5.01267E+16
19121,19122,6,6,35,11,2016,9,7,2,2,4,6,0,1,0,1,0,0,0,0,4.87638E+20,5.65815E+21,8.82355E+15,5.10747E+16
19122,19123,6,6,32,2,2016,9,11,2,3,5,3,0,0,0,1,0,0,0,0,5.51713E+20,5.63463E+21,9.73478E+15,5.0861E+16
19123,19124,6,6,34,13,2016,9,18,2,2,5,3,0,0,0,1,0,1,0,0,5.3858E+20,5.65855E+21,9.55073E+15,5.10772E+16
19124,19125,6,4,33,7,2016,9,14,2,3,4,6,0,0,1,0,0,0,0,0,4.65417E+20,5.54305E+21,8.51706E+15,5.00387E+16
19125,19126,6,4,12,0,2016,9,3,7,3,8,1,2,0,0,1,0,0,0,0,4.74813E+20,5.56089E+21,8.64709E+15,5.01997E+16
19126,19127,6,4,33,4,2016,9,14,6,3,2,6,0,0,0,1,0,0,0,1,4.66056E+20,5.51098E+21,8.5288E+15,4.97503E+16
19127,19128,6,4,36,1,2016,9,12,1,2,5,3,0,0,0,0,0,1,0,0,4.63534E+20,5.55618E+21,8.48952E+15,5.01567E+16
19128,19129,6,6,31,13,2016,9,11,1,2,5,2,0,0,0,1,0,0,0,0,5.59264E+20,5.60484E+21,9.83727E+15,5.05924E+16
19129,19130,6,5,34,10,2016,9,18,4,2,8,1,0,0,0,1,0,0,0,0,4.67664E+20,5.62638E+21,8.54126E+15,5.07883E+16
19130,19131,6,4,35,4,2016,9,23,5,3,8,1,2,0,0,1,0,0,0,0,5.20119E+20,5.57758E+21,9.28279E+15,5.03499E+16
19131,19132,6,6,34,13,2016,9,2,7,2,1,5,2,0,0,1,0,1,0,0,5.35062E+20,5.66047E+21,9.5007E+15,5.10947E+16
19132,19133,6,6,34,9,2016,9,7,2,2,4,7,0,0,0,1,0,0,1,0,5.27116E+20,5.65627E+21,9.38692E+15,5.10573E+16
19133,19134,6,4,12,0,2016,9,0,5,3,9,1,2,0,0,1,0,0,0,0,4.66394E+20,5.55145E+21,8.52997E+15,5.01143E+16
19134,19135,6,4,32,10,2016,9,10,4,2,5,2,0,0,1,1,0,0,0,0,4.9375E+20,5.52588E+21,8.913E+15,4.98853E+16
19135,19136,6,6,33,13,2016,9,18,2,3,5,3,0,0,0,1,0,0,0,0,5.28167E+20,5.7057E+21,9.4058E+15,5.15018E+16
19136,19137,6,4,12,0,2016,9,17,1,3,5,3,0,0,1,1,0,0,0,0,4.79353E+20,5.55261E+21,8.71116E+15,5.01253E+16
19137,19138,6,4,39,14,2016,9,17,3,3,1,6,0,0,0,1,0,0,0,0,4.3622E+20,5.54914E+21,8.10836E+15,5.00911E+16
19138,19139,6,6,33,22,2016,9,20,7,3,6,2,2,0,0,1,1,0,0,0,5.43043E+20,5.70322E+21,9.61981E+15,5.14785E+16
19139,19140,6,4,11,0,2016,9,11,6,3,8,7,0,0,0,1,0,0,0,0,4.73578E+20,5.51919E+21,8.63266E+15,4.98245E+16
19140,19141,6,4,37,6,2016,9,15,1,3,5,3,0,0,0,1,0,1,0,0,4.99606E+20,5.49948E+21,8.99455E+15,4.96479E+16
19141,19142,6,5,35,5,2016,9,20,6,3,2,6,2,0,0,1,0,0,0,0,5.01977E+20,5.61381E+21,9.02798E+15,5.06761E+16
19142,19143,6,4,12,0,2016,9,13,6,3,2,6,0,0,0,1,0,0,0,0,4.80842E+20,5.55186E+21,8.73202E+15,5.01187E+16
19143,19144,6,4,33,4,2016,9,10,4,3,2,6,0,0,0,1,0,0,0,0,4.67139E+20,5.51151E+21,8.54379E+15,4.97552E+16
19144,19145,6,4,12,0,2016,9,17,3,3,2,6,0,0,0,1,0,0,1,0,4.67741E+20,5.55217E+21,8.54874E+15,5.01209E+16
19145,19146,6,6,33,9,2016,9,15,7,3,0,1,0,0,1,0,0,0,0,0,5.3958E+20,5.69039E+21,9.56851E+15,5.13634E+16
19146,19147,6,4,32,22,2016,9,10,5,2,8,1,0,0,0,0,0,1,0,0,4.75932E+20,5.51116E+21,8.66589E+15,4.97524E+16
19147,19148,6,4,11,0,2016,9,9,6,3,2,6,0,0,0,1,0,0,0,0,4.74869E+20,5.52468E+21,8.65024E+15,4.9874E+16
19148,19149,6,4,32,2,2016,9,20,5,1,2,6,2,0,1,1,0,0,0,0,4.97332E+20,5.53638E+21,8.96278E+15,4.99797E+16
19149,19150,6,5,31,5,2016,9,17,5,3,2,6,0,0,0,1,0,0,0,0,4.70483E+20,5.59823E+21,8.5835E+15,5.05353E+16
19150,19151,6,6,31,9,2016,9,14,6,3,2,6,0,0,0,1,0,0,0,0,5.51421E+20,5.6019E+21,9.72608E+15,5.05668E+16
19151,19152,6,6,35,19,2016,9,12,4,2,9,1,0,0,0,1,0,0,0,0,4.92596E+20,5.67042E+21,8.89406E+15,5.11852E+16
19152,19153,6,4,33,6,2016,9,20,2,3,6,7,2,0,1,0,1,0,0,0,4.63676E+20,5.52786E+21,8.49418E+15,4.9902E+16
19153,19154,6,5,32,12,2016,9,6,2,3,8,7,0,0,0,1,0,0,0,0,4.52801E+20,5.61653E+21,8.33168E+15,5.06987E+16
19154,19155,6,4,11,0,2016,9,17,2,2,2,1,0,1,0,1,0,1,0,0,4.73279E+20,5.51809E+21,8.62857E+15,4.98147E+16
19155,19156,6,6,31,10,2016,9,23,7,3,9,7,2,0,0,1,0,0,0,0,5.60877E+20,5.59614E+21,9.85864E+15,5.05141E+16
19156,19157,6,5,32,8,2016,9,16,5,3,5,3,0,0,1,0,0,1,0,0,4.53404E+20,5.60799E+21,8.34129E+15,5.06219E+16
19157,19158,6,4,12,0,2016,9,21,3,2,6,4,2,0,0,1,1,0,0,0,4.83441E+20,5.55628E+21,8.76818E+15,5.01585E+16
19158,19159,6,4,12,0,2016,9,15,6,3,3,6,0,0,1,0,0,0,0,1,4.73862E+20,5.55005E+21,8.63452E+15,5.01021E+16
19159,19160,6,6,34,8,2016,9,15,5,3,0,6,0,0,0,1,0,0,0,0,5.33117E+20,5.67231E+21,9.47401E+15,5.12012E+16
19160,19161,6,4,12,0,2016,9,18,5,3,2,6,0,0,0,1,0,0,0,0,4.66244E+20,5.55133E+21,8.52788E+15,5.01133E+16
19161,19162,6,5,31,8,2016,9,2,5,3,8,1,2,0,0,1,0,0,0,0,4.93953E+20,5.58889E+21,8.91482E+15,5.0452E+16
19162,19163,6,4,35,10,2016,9,5,2,2,5,2,2,0,0,1,0,0,0,0,5.15594E+20,5.56076E+21,9.2185E+15,5.01988E+16
19163,19164,6,4,12,0,2016,9,10,2,3,1,6,0,0,0,1,0,0,0,0,4.79208E+20,5.55222E+21,8.70914E+15,5.01218E+16
19164,19165,6,4,34,8,2016,9,18,2,3,5,2,0,0,0,1,0,0,0,0,4.70646E+20,5.56059E+21,8.58873E+15,5.01968E+16
19165,19166,6,5,35,5,2016,9,8,2,3,2,6,0,0,0,1,0,0,1,0,5.01769E+20,5.61335E+21,9.02504E+15,5.0672E+16
19166,19167,6,6,32,2,2016,9,14,6,3,2,6,0,0,0,1,0,0,0,0,5.51036E+20,5.63731E+21,9.72554E+15,5.08852E+16
19167,19168,6,4,35,14,2016,9,22,7,2,0,1,2,0,1,0,0,0,0,0,4.9407E+20,5.5525E+21,8.91704E+15,5.01247E+16
19168,19169,6,4,35,19,2016,9,0,6,3,1,6,2,0,0,1,0,0,0,0,4.86185E+20,5.55476E+21,8.80666E+15,5.01449E+16
19169,19170,6,4,37,11,2016,9,18,1,2,2,1,0,0,0,1,0,1,0,0,5.06165E+20,5.5079E+21,9.08554E+15,4.97236E+16
19170,19171,6,4,33,7,2016,9,14,1,3,2,6,0,0,0,1,0,0,0,0,4.66979E+20,5.5437E+21,8.53881E+15,5.00447E+16
19171,19172,6,5,32,14,2016,9,7,4,3,5,3,0,0,1,1,0,0,0,0,4.70247E+20,5.5962E+21,8.58033E+15,5.0517E+16
19172,19173,6,4,36,4,2016,9,18,5,3,0,2,0,0,0,0,0,1,1,0,4.60006E+20,5.54084E+21,8.44174E+15,5.00185E+16
19173,19174,6,4,34,2,2016,9,23,5,3,3,6,2,0,0,1,0,0,0,0,4.75979E+20,5.56506E+21,8.66317E+15,5.02372E+16
19174,19175,6,5,34,9,2016,9,6,4,3,2,6,0,0,0,1,0,0,0,1,4.8083E+20,5.61687E+21,8.72853E+15,5.07033E+16
19175,19176,6,4,40,19,2016,9,18,2,3,9,1,0,0,0,1,0,0,0,0,5.09826E+20,5.57772E+21,9.13811E+15,5.03515E+16
19176,19177,6,6,34,25,2016,9,17,1,3,2,7,0,0,0,1,0,0,0,0,5.26186E+20,5.65933E+21,9.37387E+15,5.10848E+16
19177,19178,6,4,34,1,2016,9,18,6,3,5,2,0,0,0,1,0,0,0,0,4.75901E+20,5.56272E+21,8.66222E+15,5.02161E+16
19178,19179,6,4,33,6,2016,9,16,7,3,3,2,0,0,0,1,0,1,0,0,4.62143E+20,5.53005E+21,8.47262E+15,4.99216E+16
19179,19180,6,6,33,13,2016,9,20,6,3,5,3,2,0,1,1,0,0,0,0,5.27349E+20,5.70513E+21,9.39398E+15,5.14967E+16
19180,19181,6,6,35,10,2016,9,17,1,3,8,1,0,0,0,0,0,1,0,0,4.9403E+20,5.65855E+21,8.91478E+15,5.10785E+16
19181,19182,6,4,14,0,2016,9,17,6,3,5,3,0,0,0,0,0,0,0,1,4.52838E+20,5.54505E+21,8.34116E+15,5.00559E+16
19182,19183,6,4,11,0,2016,9,8,6,3,3,2,0,0,0,1,0,1,0,0,4.7671E+20,5.52547E+21,8.67582E+15,4.98812E+16
19183,19184,6,4,35,14,2016,9,14,3,3,3,6,0,0,0,1,0,0,0,0,4.96089E+20,5.55441E+21,8.94527E+15,5.01419E+16
19184,19185,6,5,31,6,2016,9,9,3,2,2,6,0,0,0,1,0,0,0,1,4.94938E+20,5.6091E+21,8.92842E+15,5.06338E+16
19185,19186,6,6,35,3,2016,9,20,7,1,4,1,2,0,0,1,0,0,0,0,5.08217E+20,5.66542E+21,9.11746E+15,5.11402E+16
19186,19187,6,4,37,6,2016,9,8,4,2,1,2,0,0,0,1,0,0,0,0,4.99689E+20,5.50148E+21,8.99568E+15,4.96658E+16
19187,19188,6,6,33,14,2016,9,18,6,2,5,3,0,0,0,1,0,1,0,0,5.3231E+20,5.6979E+21,9.46478E+15,5.14314E+16
19188,19189,6,5,35,1,2016,9,16,5,2,2,6,0,0,0,1,0,0,0,0,5.18359E+20,5.62143E+21,9.26021E+15,5.07444E+16
19189,19190,6,4,14,0,2016,9,10,4,3,6,3,0,0,0,1,1,0,0,0,4.46533E+20,5.54577E+21,8.25299E+15,5.00618E+16
19190,19191,6,4,33,7,2016,9,16,6,3,2,6,0,0,0,1,0,0,1,0,4.65722E+20,5.54293E+21,8.52133E+15,5.00377E+16
19191,19192,6,5,33,9,2016,9,16,4,3,2,6,0,0,0,1,0,0,1,0,4.33165E+20,5.58235E+21,8.0598E+15,5.03894E+16
19192,19193,6,5,31,11,2016,9,12,2,3,4,6,0,0,0,1,0,0,0,0,4.89645E+20,5.59367E+21,8.85401E+15,5.04949E+16
19193,19194,6,4,12,0,2016,9,9,7,3,2,6,0,0,0,1,0,0,0,1,4.82459E+20,5.5546E+21,8.75451E+15,5.01434E+16
19194,19195,6,5,32,11,2016,9,18,1,3,9,1,1,0,0,1,0,1,0,0,4.4727E+20,5.63018E+21,8.25141E+15,5.0821E+16
19195,19196,6,6,34,1,2016,9,15,7,3,2,6,0,0,0,1,0,0,0,0,5.15396E+20,5.65695E+21,9.21971E+15,5.10639E+16
19196,19197,6,4,40,5,2016,9,2,4,2,2,6,2,0,0,0,0,0,1,1,4.78653E+20,5.58446E+21,8.69956E+15,5.04118E+16
19197,19198,6,4,12,0,2016,9,3,1,1,8,1,2,1,0,1,0,0,0,0,4.71955E+20,5.54505E+21,8.60822E+15,5.00571E+16
19198,19199,6,4,12,0,2016,9,18,4,3,3,6,0,0,0,1,0,0,0,0,4.75653E+20,5.5509E+21,8.65949E+15,5.01099E+16
19199,19200,6,4,34,5,2016,9,14,3,3,3,6,0,0,0,1,0,1,0,0,4.62551E+20,5.55877E+21,8.4755E+15,5.01799E+16
19200,19201,6,5,32,23,2016,9,14,4,3,3,6,0,0,0,1,0,0,1,0,4.67943E+20,5.6021E+21,8.54732E+15,5.057E+16
19201,19202,6,4,35,14,2016,9,7,3,3,5,3,0,0,1,1,0,0,0,0,4.9526E+20,5.55444E+21,8.93367E+15,5.01422E+16
19202,19203,6,4,31,20,2016,9,14,1,1,9,1,0,1,0,1,0,0,0,0,4.70088E+20,5.48578E+21,8.5867E+15,4.95239E+16
19203,19204,6,6,33,3,2016,9,20,7,3,2,6,2,1,0,1,0,0,0,0,5.30987E+20,5.67856E+21,9.44407E+15,5.12576E+16
19204,19205,6,4,31,17,2016,9,10,6,3,2,6,0,0,0,1,0,0,0,1,4.80409E+20,5.49299E+21,8.72894E+15,4.95892E+16
19205,19206,6,4,31,13,2016,9,13,1,2,2,2,0,0,0,1,0,1,0,0,4.55662E+20,5.49906E+21,8.38588E+15,4.96425E+16
19206,19207,6,4,12,0,2016,9,21,5,3,2,6,2,0,0,1,0,0,0,0,4.75438E+20,5.55374E+21,8.6563E+15,5.01354E+16
19207,19208,6,4,34,8,2016,9,18,1,3,9,1,0,0,0,0,0,1,0,0,4.62798E+20,5.56396E+21,8.47845E+15,5.02267E+16
19208,19209,6,4,32,23,2016,9,12,1,3,3,6,0,0,0,1,0,0,0,0,4.7165E+20,5.52695E+21,8.60529E+15,4.98943E+16
19209,19210,6,4,35,14,2016,9,12,4,2,5,3,0,0,1,0,0,0,1,0,4.92803E+20,5.55169E+21,8.89933E+15,5.01174E+16
19210,19211,6,4,40,7,2016,9,8,5,3,5,3,0,0,0,1,0,0,0,0,4.89977E+20,5.57018E+21,8.85932E+15,5.02836E+16
19211,19212,6,5,33,3,2016,9,7,4,3,5,3,1,0,0,1,0,0,0,0,4.45402E+20,5.57276E+21,8.23331E+15,5.03044E+16
19212,19213,6,4,35,14,2016,9,18,4,2,5,2,1,0,0,1,0,0,0,1,4.93141E+20,5.54878E+21,8.90411E+15,5.00912E+16
19213,19214,6,4,40,19,2016,9,4,1,3,7,1,2,1,0,1,0,0,0,0,5.03659E+20,5.57795E+21,9.05143E+15,5.03536E+16
19214,19215,6,6,31,4,2016,9,19,7,3,7,7,2,1,0,1,0,0,0,0,5.62732E+20,5.58986E+21,9.88375E+15,5.04574E+16
19215,19216,6,4,39,3,2016,9,20,6,3,0,4,2,0,0,1,1,0,0,0,4.37136E+20,5.54191E+21,8.12235E+15,5.00262E+16
19216,19217,6,4,40,9,2016,9,16,1,2,0,1,0,0,0,0,0,1,0,0,5.13984E+20,5.58648E+21,9.19689E+15,5.04302E+16
19217,19218,6,6,34,1,2016,9,14,5,3,5,1,0,0,0,1,0,0,0,0,5.17242E+20,5.65737E+21,9.24608E+15,5.10676E+16
19218,19219,6,6,34,17,2016,9,20,6,2,6,4,2,0,0,0,1,1,0,0,5.24241E+20,5.63523E+21,9.34448E+15,5.08682E+16
19219,19220,6,6,34,1,2016,9,15,2,3,5,3,0,0,0,1,0,0,0,0,5.17934E+20,5.65238E+21,9.25571E+15,5.10227E+16
19220,19221,6,5,32,11,2016,9,14,7,3,5,3,0,0,0,1,0,1,0,0,4.42765E+20,5.62022E+21,8.189E+15,5.0731E+16
19221,19222,6,6,36,16,2016,9,7,4,3,5,3,0,0,0,1,0,0,1,0,5.61847E+20,5.68894E+21,9.88807E+15,5.13484E+16
19222,19223,6,4,39,2,2016,9,13,6,3,5,2,0,0,0,1,0,0,0,0,4.34147E+20,5.5553E+21,8.07832E+15,5.01463E+16
19223,19224,6,5,34,14,2016,9,8,5,2,8,1,0,0,0,1,0,0,0,0,4.75396E+20,5.62934E+21,8.65075E+15,5.08152E+16
19224,19225,6,4,12,0,2016,9,15,4,2,5,3,0,0,1,1,0,0,0,0,4.79297E+20,5.5553E+21,8.71022E+15,5.01496E+16
19225,19226,6,4,33,4,2016,9,13,6,3,2,6,0,0,0,1,0,0,0,0,4.67138E+20,5.51147E+21,8.54378E+15,4.97549E+16
19226,19227,6,6,33,1,2016,9,17,7,3,5,3,0,0,1,1,0,0,0,0,5.30333E+20,5.69054E+21,9.43571E+15,5.13653E+16
19227,19228,6,4,14,0,2016,9,18,4,3,2,6,0,0,0,1,0,0,0,0,4.48391E+20,5.54868E+21,8.27856E+15,5.00881E+16
19228,19229,6,4,12,0,2016,9,8,2,3,2,6,0,0,0,1,0,0,0,1,4.68618E+20,5.55273E+21,8.56097E+15,5.01259E+16
19229,19230,6,4,31,18,2016,9,10,3,2,0,7,0,0,1,0,0,0,0,0,4.88967E+20,5.47176E+21,8.84794E+15,4.93985E+16
19230,19231,6,5,31,5,2016,9,14,2,3,5,3,0,1,0,1,0,0,0,1,4.80964E+20,5.60369E+21,8.7311E+15,5.05848E+16
19231,19232,6,6,11,0,2016,9,20,3,3,5,3,2,0,0,1,0,0,0,0,5.34082E+20,5.68515E+21,9.48904E+15,5.13167E+16
19232,19233,6,5,31,18,2016,9,14,7,3,4,6,0,0,1,0,0,0,1,0,4.76223E+20,5.61515E+21,8.66341E+15,5.06877E+16
19233,19234,6,6,35,19,2016,9,12,6,2,8,1,0,0,0,1,0,0,0,0,5.00384E+20,5.6717E+21,9.0055E+15,5.11967E+16
19234,19235,6,6,11,0,2016,9,16,4,3,5,2,0,0,1,1,0,0,0,0,5.30172E+20,5.68701E+21,9.4331E+15,5.13335E+16
19235,19236,6,5,32,6,2016,9,16,3,3,5,3,0,0,0,1,0,0,0,0,4.49351E+20,5.62124E+21,8.28219E+15,5.07407E+16
19236,19237,6,6,33,15,2016,9,20,3,3,9,6,2,0,0,1,0,1,0,0,5.44429E+20,5.68176E+21,9.63709E+15,5.12854E+16
19237,19238,6,4,14,0,2016,9,7,3,2,3,3,0,0,0,1,0,1,0,0,4.52918E+20,5.54496E+21,8.34229E+15,5.00551E+16
19238,19239,6,4,38,6,2016,9,11,1,3,8,1,0,1,0,1,0,0,0,0,4.77649E+20,5.53827E+21,8.68815E+15,4.99963E+16
19239,19240,6,5,34,15,2016,9,7,3,3,9,1,1,1,0,1,0,0,0,0,4.80697E+20,5.64681E+21,8.72508E+15,5.09725E+16
19240,19241,6,5,31,11,2016,9,14,1,3,9,1,0,0,0,0,0,1,0,0,4.85561E+20,5.59179E+21,8.7965E+15,5.0478E+16
19241,19242,6,4,11,0,2016,9,10,5,2,0,2,0,0,1,0,0,0,0,0,4.73029E+20,5.52415E+21,8.62468E+15,4.98691E+16
19242,19243,6,4,34,9,2016,9,17,5,3,5,3,0,0,1,1,0,0,0,0,4.60351E+20,5.56876E+21,8.44365E+15,5.02697E+16
19243,19244,6,4,40,5,2016,9,17,3,3,5,3,0,0,0,1,0,0,0,0,4.72434E+20,5.58937E+21,8.61168E+15,5.04557E+16
19244,19245,6,5,34,12,2016,9,6,5,2,5,3,1,0,1,1,0,0,0,0,4.82119E+20,5.63423E+21,8.74594E+15,5.08594E+16
19245,19246,6,6,32,3,2016,9,7,2,3,4,3,0,0,1,1,0,0,0,0,5.55151E+20,5.64765E+21,9.7856E+15,5.09778E+16
19246,19247,6,4,32,23,2016,9,17,3,2,2,6,0,0,0,1,0,0,1,0,4.71564E+20,5.52646E+21,8.60412E+15,4.98898E+16
19247,19248,6,4,33,10,2016,9,9,2,3,2,6,0,0,0,1,0,0,0,0,4.63893E+20,5.54042E+21,8.49603E+15,5.0015E+16
19248,19249,6,4,31,18,2016,9,17,2,3,2,6,0,0,0,1,0,0,0,1,4.88339E+20,5.47277E+21,8.83926E+15,4.94075E+16
19249,19250,6,6,32,15,2016,9,16,7,3,2,6,0,0,0,1,0,0,0,1,5.39172E+20,5.62979E+21,9.55608E+15,5.08185E+16
19250,19251,6,4,40,16,2016,9,12,4,2,9,1,0,0,0,1,0,0,0,0,4.99613E+20,5.58162E+21,8.99455E+15,5.03866E+16
19251,19252,6,4,32,2,2016,9,16,6,3,2,6,0,0,0,1,0,0,0,1,4.95003E+20,5.53212E+21,8.93035E+15,4.99414E+16
19252,19253,6,5,32,10,2016,9,7,4,3,9,1,1,0,0,1,0,0,0,0,4.478E+20,5.60838E+21,8.26201E+15,5.0625E+16
19253,19254,6,6,33,28,2016,9,10,5,2,8,1,0,0,0,1,0,0,0,0,5.14933E+20,5.68353E+21,9.21421E+15,5.13029E+16
19254,19255,6,4,11,0,2016,9,15,7,3,5,2,0,0,0,1,0,0,0,0,4.80517E+20,5.52765E+21,8.7287E+15,4.99009E+16
19255,19256,6,4,38,11,2016,9,15,3,3,5,2,0,0,0,1,0,0,0,0,4.92334E+20,5.53834E+21,8.89304E+15,4.99973E+16
19256,19257,6,4,12,0,2016,9,17,2,3,2,6,0,0,0,1,0,0,0,0,4.69962E+20,5.54983E+21,8.58E+15,5.01E+16
19257,19258,6,4,12,0,2016,9,17,3,3,2,6,0,0,0,1,0,0,0,1,4.79863E+20,5.54583E+21,8.71864E+15,5.00644E+16
19258,19259,6,4,33,5,2016,9,10,7,3,5,3,0,0,1,1,0,0,0,0,4.52617E+20,5.5363E+21,8.33916E+15,4.99771E+16
19259,19260,6,4,34,5,2016,9,18,4,3,2,6,0,0,0,1,0,0,0,1,4.6389E+20,5.55958E+21,8.49418E+15,5.01873E+16
19260,19261,6,4,34,11,2016,9,15,6,3,6,7,0,0,1,0,1,0,0,0,4.66953E+20,5.57591E+21,8.53566E+15,5.03344E+16
19261,19262,6,4,39,8,2016,9,7,4,3,2,6,0,0,0,1,0,0,0,0,4.46701E+20,5.56271E+21,8.25296E+15,5.02142E+16
19262,19263,6,4,12,0,2016,9,14,5,3,5,3,0,0,1,1,0,0,0,0,4.76532E+20,5.55362E+21,8.67163E+15,5.01344E+16
19263,19264,6,4,12,0,2016,9,11,7,3,2,6,0,0,0,0,0,1,0,1,4.68305E+20,5.55013E+21,8.55681E+15,5.01026E+16
19264,19265,6,4,36,1,2016,9,8,3,3,0,4,0,0,1,0,1,0,0,0,4.64408E+20,5.55616E+21,8.50175E+15,5.01566E+16
19265,19266,6,6,31,9,2016,9,8,5,3,2,2,0,0,0,1,0,0,0,0,5.47991E+20,5.59986E+21,9.67738E+15,5.05487E+16
19266,19267,6,4,14,0,2016,9,16,2,3,5,2,0,0,0,1,0,0,0,1,4.45665E+20,5.54383E+21,8.24114E+15,5.00443E+16
19267,19268,6,4,31,20,2016,9,8,2,2,8,1,0,0,0,1,0,0,0,0,4.65954E+20,5.48934E+21,8.52926E+15,4.95557E+16
19268,19269,6,4,13,0,2016,9,17,3,3,2,6,0,0,0,1,0,0,0,0,4.82291E+20,5.54904E+21,8.75241E+15,5.00933E+16
19269,19270,6,6,11,0,2016,9,14,7,3,2,2,0,1,0,1,0,0,0,0,5.36122E+20,5.68364E+21,9.51817E+15,5.13029E+16
19270,19271,6,4,14,0,2016,9,10,6,3,1,5,0,0,0,1,0,1,0,0,4.47755E+20,5.54124E+21,8.27068E+15,5.00212E+16
19271,19272,6,5,31,6,2016,9,5,2,3,2,6,2,0,0,1,0,0,0,1,4.93744E+20,5.6085E+21,8.91155E+15,5.06284E+16
19272,19273,6,4,12,0,2016,9,14,6,3,2,6,0,0,0,1,0,0,0,0,4.81585E+20,5.55369E+21,8.74233E+15,5.01351E+16
19273,19274,6,4,40,23,2016,9,17,4,2,4,6,0,0,0,1,0,1,0,0,4.77259E+20,5.57101E+21,8.68076E+15,5.02908E+16
19274,19275,6,4,35,25,2016,9,6,4,3,2,7,1,0,0,1,0,0,0,1,5.36271E+20,5.57591E+21,9.50965E+15,5.03342E+16
19275,19276,6,5,34,10,2016,9,8,3,3,8,4,0,1,0,1,1,0,0,0,4.71125E+20,5.6271E+21,8.5903E+15,5.0795E+16
19276,19277,6,4,12,0,2016,9,18,3,3,2,6,0,0,1,0,0,0,0,1,4.79735E+20,5.55241E+21,8.71651E+15,5.01236E+16
19277,19278,6,4,11,0,2016,9,18,3,3,5,2,0,0,0,1,0,1,0,0,4.74176E+20,5.5234E+21,8.64069E+15,4.98624E+16
19278,19279,6,5,31,5,2016,9,17,3,3,2,6,0,0,0,1,0,0,0,0,4.7547E+20,5.60168E+21,8.65364E+15,5.05666E+16