FID,OBJECTID,ULAND,UREGBEZ,UKREIS,UGEMEINDE,UJAHR,UMONAT,USTUNDE,UWOCHENTAG,UKATEGORIE,UART,UTYP1,ULICHTVERH,IstStrasse,IstRad,IstPKW,IstFuss,IstKrad,IstGkfz,IstSonstig,LINREFX,LINREFY,XGCSWGS84,YGCSWGS84
19279,19280,6,5,31,5,2016,9,17,7,3,2,6,0,0,0,1,0,0,0,0,4.76343E+20,5.6041E+21,8.6658E+15,5.05883E+16
19280,19281,6,4,40,3,2016,9,18,5,3,5,3,0,0,0,1,0,0,0,0,4.80869E+20,5.56018E+21,8.73199E+15,5.01935E+16
19281,19282,6,4,40,23,2016,9,16,3,2,2,6,0,0,0,1,0,0,0,0,4.76722E+20,5.57077E+21,8.67323E+15,5.02886E+16
19282,19283,6,6,11,0,2016,9,17,6,3,2,6,0,0,0,1,0,0,0,0,5.34881E+20,5.68606E+21,9.5006E+15,5.13248E+16
19283,19284,6,4,38,12,2016,9,19,5,3,2,6,2,0,0,1,0,0,0,0,4.88465E+20,5.5338E+21,8.83919E+15,4.99564E+16
19284,19285,6,4,38,5,2016,9,13,2,3,5,3,0,0,1,0,0,0,0,1,4.84916E+20,5.54521E+21,8.78926E+15,5.00589E+16
19285,19286,6,4,14,0,2016,9,8,2,3,1,5,0,0,0,1,0,0,0,1,4.47994E+20,5.55188E+21,8.27258E+15,5.01168E+16
19286,19287,6,4,35,28,2016,9,18,2,2,5,3,0,0,0,1,0,1,0,0,5.35926E+20,5.57298E+21,9.50453E+15,5.03079E+16
19287,19288,6,6,31,10,2016,9,17,2,2,5,3,0,0,0,0,0,1,0,1,5.66911E+20,5.59239E+21,9.94306E+15,5.04796E+16
19288,19289,6,4,12,0,2016,9,15,7,2,2,6,0,0,0,1,0,0,0,0,4.71957E+20,5.55699E+21,8.60736E+15,5.01645E+16
19289,19290,6,5,32,3,2016,9,20,7,2,8,1,2,0,0,0,0,1,0,0,4.55276E+20,5.59478E+21,8.36934E+15,5.05033E+16
19290,19291,6,5,31,4,2016,9,23,6,3,5,3,2,0,0,1,0,0,0,0,4.84463E+20,5.60028E+21,8.78067E+15,5.05542E+16
19291,19292,6,4,12,0,2016,9,17,1,3,2,6,0,0,0,1,0,0,0,0,4.79393E+20,5.55236E+21,8.71173E+15,5.01231E+16
19292,19293,6,5,32,22,2016,9,12,1,2,9,1,0,0,0,0,0,1,0,0,4.63162E+20,5.58378E+21,8.48162E+15,5.04049E+16
19293,19294,6,4,33,12,2016,9,20,4,3,4,3,2,0,0,1,0,0,0,0,4.58145E+20,5.53415E+21,8.41648E+15,4.99582E+16
19294,19295,6,4,35,26,2016,9,9,5,3,2,6,0,0,0,1,0,0,0,0,4.88387E+20,5.56299E+21,8.83722E+15,5.0219E+16
19295,19296,6,6,34,25,2016,9,6,7,3,9,1,1,0,0,1,0,0,0,0,5.25443E+20,5.66392E+21,9.36358E+15,5.11262E+16
19296,19297,6,6,11,0,2016,9,9,2,3,3,5,0,0,1,1,0,0,0,0,5.34514E+20,5.68541E+21,9.49528E+15,5.13189E+16
19297,19298,6,5,33,9,2016,9,20,5,3,3,6,0,0,0,1,0,0,1,0,4.34983E+20,5.58135E+21,8.08555E+15,5.03806E+16
19298,19299,6,4,31,7,2016,9,18,4,2,0,1,0,0,0,0,0,1,0,0,4.9015E+20,5.49999E+21,8.86354E+15,4.96524E+16
19299,19300,6,4,35,19,2016,9,7,2,3,5,3,0,0,1,1,0,0,0,0,4.87847E+20,5.55429E+21,8.82992E+15,5.01407E+16
19300,19301,6,6,35,8,2016,9,11,1,3,8,2,0,0,0,1,0,0,0,0,5.0054E+20,5.70424E+21,9.00778E+15,5.14893E+16
19301,19302,6,5,33,18,2016,9,15,6,3,4,6,0,0,0,1,0,0,1,0,4.56769E+20,5.58922E+21,8.39104E+15,5.04534E+16
19302,19303,6,4,35,19,2016,9,20,3,2,5,2,2,0,0,1,0,0,0,0,4.87635E+20,5.55385E+21,8.82698E+15,5.01367E+16
19303,19304,6,4,34,9,2016,9,16,7,3,9,1,0,0,0,0,0,1,0,0,4.627E+20,5.56711E+21,8.47677E+15,5.02549E+16
19304,19305,6,6,11,0,2016,9,16,6,3,5,7,0,0,0,1,0,0,0,1,5.32152E+20,5.68535E+21,9.46137E+15,5.13185E+16
19305,19306,6,6,36,16,2016,9,17,1,3,5,3,0,0,0,1,0,1,0,0,5.55758E+20,5.69225E+21,9.80117E+15,5.13788E+16
19306,19307,6,6,32,15,2016,9,11,6,3,2,6,0,0,0,1,0,0,0,0,5.3899E+20,5.62978E+21,9.5535E+15,5.08185E+16
19307,19308,6,4,33,12,2016,9,16,4,3,2,6,0,0,0,1,0,0,0,0,4.58613E+20,5.53597E+21,8.42281E+15,4.99746E+16
19308,19309,6,4,38,8,2016,10,4,1,3,8,1,2,1,0,1,0,0,0,0,4.89538E+20,5.54952E+21,8.85373E+15,5.00978E+16
19309,19310,6,4,31,4,2016,10,23,7,3,8,1,2,1,0,1,0,0,0,0,4.79606E+20,5.49241E+21,8.71786E+15,4.95839E+16
19310,19311,6,4,12,0,2016,10,10,3,2,3,2,0,0,0,1,0,1,0,0,4.71117E+20,5.55331E+21,8.59588E+15,5.01313E+16
19311,19312,6,5,32,23,2016,10,19,2,2,1,5,2,1,0,1,0,0,0,0,4.64096E+20,5.59778E+21,8.49342E+15,5.05309E+16
19312,19313,6,6,32,2,2016,10,11,2,3,2,6,0,0,0,1,0,0,0,0,5.50132E+20,5.63464E+21,9.71232E+15,5.08613E+16
19313,19314,6,5,33,9,2016,10,18,7,3,9,1,0,1,0,1,0,0,0,0,4.30526E+20,5.58224E+21,8.0227E+15,5.03881E+16
19314,19315,6,4,12,0,2016,10,11,7,3,5,3,0,1,0,1,0,1,0,0,4.81942E+20,5.55417E+21,8.74729E+15,5.01395E+16
19315,19316,6,4,33,4,2016,10,0,2,3,2,6,2,0,0,1,0,0,0,1,4.67106E+20,5.51071E+21,8.54339E+15,4.9748E+16
19316,19317,6,4,38,12,2016,10,13,6,3,5,3,0,0,0,1,0,0,1,0,4.8808E+20,5.53358E+21,8.83383E+15,4.99545E+16
19317,19318,6,4,32,4,2016,10,13,5,3,5,3,0,0,0,1,0,0,0,0,4.8937E+20,5.52892E+21,8.85195E+15,4.99126E+16
19318,19319,6,6,36,11,2016,10,17,1,3,2,2,0,0,0,1,0,0,0,0,5.67631E+20,5.66165E+21,9.96596E+15,5.11023E+16
19319,19320,6,4,39,3,2016,10,15,4,3,5,3,0,0,0,1,0,0,0,0,4.31759E+20,5.54029E+21,8.04758E+15,5.0011E+16
19320,19321,6,4,12,0,2016,10,17,3,3,3,2,0,0,1,0,0,0,0,1,4.77912E+20,5.54965E+21,8.69117E+15,5.00987E+16
19321,19322,6,6,32,14,2016,9,3,6,3,3,6,2,0,0,1,0,0,0,0,5.40882E+20,5.6376E+21,9.58122E+15,5.08886E+16
19322,19323,6,6,34,7,2016,10,7,6,3,4,6,2,0,0,0,0,0,0,1,5.2411E+20,5.6706E+21,9.34498E+15,5.11863E+16
19323,19324,6,4,38,6,2016,10,15,5,2,4,1,0,1,0,1,0,0,0,0,4.77781E+20,5.53806E+21,8.69001E+15,4.99945E+16
19324,19325,6,4,31,16,2016,10,10,1,3,2,6,0,0,0,1,0,0,0,0,4.67752E+20,5.50081E+21,8.55318E+15,4.96589E+16
19325,19326,6,6,31,11,2016,10,0,1,2,8,1,2,1,0,1,0,0,0,0,5.39524E+20,5.6028E+21,9.55818E+15,5.05758E+16
19326,19327,6,5,31,2,2016,10,17,4,3,8,1,1,1,0,1,0,0,0,0,4.70776E+20,5.61186E+21,8.58656E+15,5.06579E+16
19327,19328,6,6,34,5,2016,10,15,7,3,5,3,0,0,0,1,0,1,0,0,5.21481E+20,5.66729E+21,9.30717E+15,5.11566E+16
19328,19329,6,4,11,0,2016,10,13,5,3,3,6,0,1,1,1,0,0,0,0,4.75732E+20,5.52413E+21,8.6623E+15,4.98691E+16
19329,19330,6,6,31,9,2016,10,15,3,2,9,1,0,0,0,1,0,0,0,0,5.49355E+20,5.60424E+21,9.69722E+15,5.05879E+16
19330,19331,6,5,34,18,2016,10,15,6,3,2,6,0,0,0,1,0,0,0,0,5.00831E+20,5.63046E+21,9.0118E+15,5.08258E+16
19331,19332,6,4,32,18,2016,10,16,3,2,4,6,0,0,0,1,0,0,0,0,4.68807E+20,5.51977E+21,8.56629E+15,4.98295E+16
19332,19333,6,4,35,28,2016,10,9,3,3,8,1,0,1,0,1,0,0,0,0,5.33731E+20,5.57316E+21,9.47371E+15,5.03096E+16
19333,19334,6,4,33,7,2016,10,0,3,3,9,1,2,1,0,1,0,0,0,0,4.64577E+20,5.54221E+21,8.50541E+15,5.00311E+16
19334,19335,6,5,32,23,2016,10,9,4,3,2,2,0,1,0,1,0,0,0,0,4.64534E+20,5.60014E+21,8.49938E+15,5.05521E+16
19335,19336,6,4,38,12,2016,10,13,7,3,5,3,0,0,1,1,0,0,0,0,4.84967E+20,5.53577E+21,8.79035E+15,4.99741E+16
19336,19337,6,6,31,9,2016,10,21,7,2,4,1,2,1,0,1,0,0,0,0,5.48311E+20,5.59693E+21,9.68152E+15,5.05224E+16
19337,19338,6,4,35,15,2016,10,14,6,3,2,1,0,0,0,1,0,0,0,0,5.0558E+20,5.55666E+21,9.07812E+15,5.01621E+16
19338,19339,6,4,39,8,2016,10,11,2,2,5,3,0,1,0,1,0,0,0,0,4.49166E+20,5.56507E+21,8.2872E+15,5.02356E+16
19339,19340,6,5,34,16,2016,9,12,6,2,4,1,0,1,0,1,0,0,0,1,5.09657E+20,5.63313E+21,9.13718E+15,5.08498E+16
19340,19341,6,4,36,7,2016,10,0,7,3,3,6,2,0,0,1,0,0,0,1,4.5529E+20,5.545E+21,8.37542E+15,5.00556E+16
19341,19342,6,4,13,0,2016,9,13,6,3,1,7,0,1,0,1,0,0,0,0,4.84593E+20,5.55E+21,8.78457E+15,5.01021E+16
19342,19343,6,6,33,10,2016,10,19,2,3,1,5,2,1,0,1,0,1,0,0,5.28417E+20,5.70069E+21,9.409E+15,5.14567E+16
19343,19344,6,5,32,23,2016,10,18,4,3,5,3,0,0,0,0,0,1,0,1,4.64718E+20,5.59895E+21,8.50207E+15,5.05415E+16
19344,19345,6,4,35,14,2016,10,0,7,3,2,6,2,1,0,1,0,0,0,0,4.94877E+20,5.55265E+21,8.92833E+15,5.0126E+16
19345,19346,6,4,40,5,2016,10,15,3,3,2,2,0,0,0,1,0,0,0,0,4.74418E+20,5.59048E+21,8.63955E+15,5.04658E+16
19346,19347,6,4,40,18,2016,10,17,2,3,9,1,0,1,0,1,0,0,0,0,4.78308E+20,5.5768E+21,8.69515E+15,5.03429E+16
19347,19348,6,4,39,15,2016,10,7,2,3,2,2,1,0,0,1,0,0,0,0,4.42944E+20,5.56195E+21,8.20044E+15,5.0207E+16
19348,19349,6,6,32,17,2016,10,18,7,3,2,6,1,1,0,1,0,0,0,0,5.62024E+20,5.64401E+21,9.88287E+15,5.09444E+16
19349,19350,6,6,35,18,2016,10,15,6,2,2,6,0,0,0,1,0,0,0,0,4.95301E+20,5.68682E+21,8.93255E+15,5.13326E+16
19350,19351,6,4,13,0,2016,9,17,5,3,5,3,0,0,1,0,0,0,0,1,4.83567E+20,5.54835E+21,8.77029E+15,5.00872E+16
19351,19352,6,4,33,2,2016,10,16,6,3,7,7,0,0,0,1,0,1,0,0,4.52419E+20,5.5368E+21,8.33633E+15,4.99817E+16
19352,19353,6,4,32,23,2016,10,21,5,3,3,6,2,1,0,1,0,0,1,0,4.71523E+20,5.52596E+21,8.60359E+15,4.98853E+16
19353,19354,6,5,33,11,2016,10,23,1,3,0,7,2,0,0,1,0,0,0,0,4.40295E+20,5.59639E+21,8.15785E+15,5.05165E+16
19354,19355,6,6,31,11,2016,10,14,4,3,5,2,0,0,0,1,0,1,0,0,5.36705E+20,5.6005E+21,9.51815E+15,5.05553E+16
19355,19356,6,4,34,8,2016,10,17,3,3,2,6,0,0,0,1,0,0,0,0,4.71468E+20,5.56166E+21,8.60017E+15,5.02064E+16
19356,19357,6,4,33,3,2016,10,5,6,3,5,3,2,1,0,1,0,0,0,0,4.65549E+20,5.52749E+21,8.52029E+15,4.98988E+16
19357,19358,6,6,34,25,2016,10,23,7,3,5,3,2,1,0,1,0,0,0,0,5.2596E+20,5.66029E+21,9.3707E+15,5.10935E+16
19358,19359,6,4,14,0,2016,10,8,4,3,2,6,0,0,0,1,0,0,0,0,4.45743E+20,5.54462E+21,8.24212E+15,5.00514E+16
19359,19360,6,5,34,12,2016,10,6,7,2,8,1,2,0,0,1,0,0,0,0,4.78613E+20,5.63418E+21,8.69613E+15,5.08589E+16
19360,19361,6,4,35,14,2016,10,19,2,3,5,3,1,1,0,1,0,0,0,0,4.93491E+20,5.55539E+21,8.90889E+15,5.01507E+16
19361,19362,6,6,32,11,2016,10,17,2,3,9,1,1,1,0,1,0,0,0,0,5.40449E+20,5.63233E+21,9.57449E+15,5.08413E+16
19362,19363,6,4,12,0,2016,10,19,6,3,8,1,0,0,0,1,0,0,0,0,4.74753E+20,5.56094E+21,8.64624E+15,5.02001E+16
19363,19364,6,5,32,14,2016,10,12,3,3,9,1,0,0,0,1,0,0,0,0,4.67928E+20,5.59485E+21,8.54774E+15,5.05047E+16
19364,19365,6,6,31,9,2016,10,11,3,2,2,6,0,0,0,1,0,0,0,0,5.49682E+20,5.59965E+21,9.70122E+15,5.05466E+16
19365,19366,6,5,35,4,2016,10,10,4,2,5,3,0,1,0,1,0,0,0,0,5.27879E+20,5.58955E+21,9.39274E+15,5.04573E+16
19366,19367,6,4,35,12,2016,10,18,2,2,5,3,1,0,0,1,0,0,0,0,5.09233E+20,5.56201E+21,9.1294E+15,5.02102E+16
19367,19368,6,6,36,7,2016,10,9,3,3,5,3,0,1,0,1,0,0,0,0,5.74359E+20,5.67242E+21,1.00643E+16,5.11984E+16
19368,19369,6,6,11,0,2016,10,11,7,3,8,1,0,1,0,1,0,0,0,0,5.33128E+20,5.68491E+21,9.47534E+15,5.13146E+16
19369,19370,6,6,11,0,2016,10,0,4,2,9,1,2,1,0,1,0,0,0,0,5.35867E+20,5.68472E+21,9.51461E+15,5.13126E+16
19370,19371,6,4,34,8,2016,10,12,7,3,0,6,0,0,0,1,0,0,0,1,4.70481E+20,5.56081E+21,8.58641E+15,5.01988E+16
19371,19372,6,4,34,3,2016,10,16,5,2,8,1,0,1,0,1,0,0,0,0,4.57437E+20,5.56603E+21,8.40306E+15,5.02449E+16
19372,19373,6,5,31,14,2016,10,8,3,3,2,6,0,1,0,1,0,0,1,1,4.81395E+20,5.59367E+21,8.7377E+15,5.04947E+16
19373,19374,6,5,32,23,2016,10,9,6,3,6,7,0,0,0,0,1,0,0,1,4.64464E+20,5.601E+21,8.4983E+15,5.05598E+16
19374,19375,6,6,31,5,2016,10,8,3,1,8,1,0,1,0,1,0,0,0,0,5.68474E+20,5.59363E+21,9.96532E+15,5.04907E+16
19375,19376,6,5,32,17,2016,10,7,3,3,2,6,1,1,0,1,0,0,0,0,4.58657E+20,5.61626E+21,8.41462E+15,5.06967E+16
19376,19377,6,5,32,16,2016,10,23,5,3,8,1,2,0,0,1,0,0,0,0,4.53201E+20,5.60037E+21,8.33937E+15,5.05534E+16
19377,19378,6,4,13,0,2016,10,13,2,3,5,3,0,0,1,1,0,0,0,0,4.82802E+20,5.54857E+21,8.75958E+15,5.00892E+16
19378,19379,6,4,33,2,2016,10,17,4,3,2,6,0,0,0,1,0,0,0,0,4.55095E+20,5.53589E+21,8.37376E+15,4.99736E+16
19379,19380,6,4,32,16,2016,10,19,7,2,4,1,1,1,0,1,0,0,0,0,4.8161E+20,5.52189E+21,8.7442E+15,4.98491E+16
19380,19381,6,5,31,11,2016,10,19,7,2,9,1,1,1,0,1,0,0,0,0,4.87549E+20,5.59392E+21,8.82445E+15,5.04971E+16
19381,19382,6,4,40,13,2016,10,19,2,2,4,1,2,1,0,1,0,0,0,0,5.1214E+20,5.57918E+21,9.17069E+15,5.03646E+16
19382,19383,6,6,31,7,2016,9,14,6,2,0,3,0,1,0,1,0,1,0,0,5.5623E+20,5.62362E+21,9.79727E+15,5.07617E+16
19383,19384,6,5,31,11,2016,10,16,7,3,9,1,0,1,0,1,0,0,0,0,4.82932E+20,5.59114E+21,8.75948E+15,5.0472E+16
19384,19385,6,4,11,0,2016,9,21,6,3,5,2,2,0,1,1,0,0,0,0,4.7409E+20,5.52438E+21,8.63943E+15,4.98713E+16
19385,19386,6,4,34,8,2016,10,13,2,3,7,7,0,0,0,1,0,0,0,0,4.66922E+20,5.56175E+21,8.53646E+15,5.0207E+16
19386,19387,6,5,33,3,2016,10,5,4,3,2,6,2,1,0,1,0,0,0,0,4.45665E+20,5.57203E+21,8.23712E+15,5.02979E+16
19387,19388,6,4,34,8,2016,10,9,7,3,8,1,0,1,0,1,0,0,0,0,4.71737E+20,5.5621E+21,8.60391E+15,5.02104E+16
19388,19389,6,5,35,9,2016,10,16,3,3,8,1,0,0,0,1,0,0,0,0,5.04689E+20,5.62333E+21,9.06648E+15,5.07617E+16
19389,19390,6,4,14,0,2016,10,16,1,3,3,6,0,0,0,1,0,1,0,0,4.44973E+20,5.54418E+21,8.23143E+15,5.00474E+16
19390,19391,6,4,36,7,2016,10,9,2,3,5,3,0,0,0,1,0,0,0,0,4.54915E+20,5.54537E+21,8.37014E+15,5.00589E+16
19391,19392,6,4,39,15,2016,10,5,6,3,2,6,2,1,0,1,0,0,0,0,4.38908E+20,5.55007E+21,8.14579E+15,5.00998E+16
19392,19393,6,6,35,15,2016,10,12,5,3,5,3,0,0,0,1,0,0,0,0,4.90509E+20,5.68077E+21,8.86393E+15,5.12782E+16
19393,19394,6,5,35,7,2016,10,13,4,3,5,3,0,0,0,0,0,0,0,1,5.23308E+20,5.59272E+21,9.32855E+15,5.0486E+16
19394,19395,6,5,32,10,2016,10,13,1,2,9,1,0,0,0,0,0,1,0,0,4.4364E+20,5.60515E+21,8.20371E+15,5.05955E+16
19395,19396,6,5,31,9,2016,10,15,4,3,1,7,0,0,0,1,0,0,0,1,4.76408E+20,5.59404E+21,8.66737E+15,5.04978E+16
19396,19397,6,4,35,3,2016,10,17,6,3,2,6,0,1,0,1,0,0,0,0,5.20414E+20,5.56459E+21,9.28624E+15,5.02331E+16
19397,19398,6,5,31,16,2016,10,23,1,3,5,3,2,1,0,1,0,0,0,0,4.86987E+20,5.60493E+21,8.81614E+15,5.05961E+16
19398,19399,6,4,34,8,2016,10,10,7,3,4,1,0,1,0,1,0,0,0,0,4.65393E+20,5.56413E+21,8.51482E+15,5.02283E+16
19399,19400,6,4,12,0,2016,10,11,4,3,3,6,0,0,1,0,0,0,1,0,4.76061E+20,5.55016E+21,8.66525E+15,5.01032E+16
19400,19401,6,6,11,0,2016,10,11,7,3,3,6,0,1,0,1,0,0,0,0,5.33059E+20,5.68363E+21,9.47423E+15,5.1303E+16
19401,19402,6,4,38,5,2016,10,0,7,3,3,3,2,0,0,1,0,0,1,0,4.87302E+20,5.54618E+21,8.82256E+15,5.00678E+16
19402,19403,6,6,34,11,2016,10,18,2,3,2,6,1,1,0,1,0,0,0,0,5.36331E+20,5.64414E+21,9.51718E+15,5.09478E+16
19403,19404,6,5,33,3,2016,10,9,5,2,5,3,0,0,1,1,0,0,0,0,4.48162E+20,5.57147E+21,8.27225E+15,5.02931E+16
19404,19405,6,6,32,20,2016,10,21,3,3,2,1,2,0,0,1,0,0,0,0,5.64195E+20,5.64182E+21,9.91338E+15,5.09244E+16
19405,19406,6,6,33,3,2016,10,20,3,3,3,6,2,0,0,1,0,0,1,0,5.31057E+20,5.67863E+21,9.44508E+15,5.12582E+16
19406,19407,6,4,14,0,2016,10,14,4,3,1,5,0,0,0,1,0,0,0,0,4.46019E+20,5.54355E+21,8.24613E+15,5.00418E+16
19407,19408,6,4,35,19,2016,9,10,6,3,5,2,0,0,0,1,0,0,0,0,4.88344E+20,5.55335E+21,8.83691E+15,5.01323E+16
19408,19409,6,6,11,0,2016,10,21,1,3,1,5,1,0,0,1,0,0,0,0,5.34297E+20,5.68726E+21,9.49233E+15,5.13356E+16
19409,19410,6,4,33,2,2016,10,10,4,3,2,6,0,0,0,1,0,0,0,0,4.55959E+20,5.53564E+21,8.38584E+15,4.99715E+16
19410,19411,6,4,33,4,2016,10,6,2,3,5,3,2,1,0,1,0,1,0,0,4.628E+20,5.51056E+21,8.48364E+15,4.97464E+16
19411,19412,6,4,37,3,2016,10,11,7,3,3,6,0,1,0,1,0,0,0,0,4.90915E+20,5.51354E+21,8.87382E+15,4.97742E+16
19412,19413,6,5,32,22,2016,10,10,2,2,4,6,0,0,0,1,0,0,0,1,4.69986E+20,5.585E+21,8.57754E+15,5.04163E+16
19413,19414,6,6,31,7,2016,10,18,6,2,8,1,0,1,0,1,0,0,0,0,5.55855E+20,5.62327E+21,9.7919E+15,5.07585E+16
19414,19415,6,6,34,22,2016,10,10,5,2,6,4,0,0,0,1,1,0,0,0,5.16348E+20,5.63934E+21,9.2325E+15,5.09055E+16
19415,19416,6,4,14,0,2016,10,11,1,2,5,3,0,0,0,1,0,1,0,0,4.39443E+20,5.54623E+21,8.15387E+15,5.00653E+16
19416,19417,6,4,13,0,2016,10,17,4,3,2,6,0,0,0,1,0,0,0,0,4.83613E+20,5.54867E+21,8.77092E+15,5.00901E+16
19417,19418,6,5,35,5,2016,9,11,6,3,2,6,0,0,0,1,0,0,0,0,5.0401E+20,5.61715E+21,9.05679E+15,5.07061E+16
19418,19419,6,4,14,0,2016,10,18,6,3,1,5,2,0,0,1,0,1,0,0,4.48016E+20,5.54085E+21,8.27438E+15,5.00177E+16
19419,19420,6,4,12,0,2016,10,11,3,3,3,6,0,0,0,1,0,0,0,0,4.71658E+20,5.55141E+21,8.60359E+15,5.01143E+16
19420,19421,6,4,33,13,2016,10,15,5,2,5,3,0,1,0,1,0,1,0,0,4.62544E+20,5.518E+21,8.47937E+15,4.98133E+16
19421,19422,6,5,34,5,2016,10,22,1,3,9,1,2,0,0,1,0,0,0,0,4.61519E+20,5.63806E+21,8.45286E+15,5.08929E+16
19422,19423,6,4,35,14,2016,10,13,2,2,3,2,0,0,0,0,0,1,0,1,4.91065E+20,5.55538E+21,8.87493E+15,5.01506E+16
19423,19424,6,4,32,20,2016,10,15,2,3,6,4,0,1,0,1,1,0,0,0,4.82479E+20,5.52285E+21,8.75625E+15,4.98578E+16
19424,19425,6,5,31,13,2016,9,13,6,3,8,1,0,1,0,1,0,0,0,0,4.79845E+20,5.60873E+21,8.71503E+15,5.06301E+16
19425,19426,6,5,34,3,2016,10,20,2,3,8,1,0,1,0,1,0,0,0,0,4.60832E+20,5.62241E+21,8.44476E+15,5.07521E+16
19426,19427,6,5,34,7,2016,10,12,6,3,4,6,0,0,0,1,0,0,1,0,4.67195E+20,5.63292E+21,8.53402E+15,5.0847E+16
19427,19428,6,4,13,0,2016,10,8,5,3,1,5,0,0,0,1,0,0,1,0,4.84285E+20,5.54897E+21,8.78029E+15,5.00928E+16
19428,19429,6,5,31,5,2016,10,16,6,2,5,2,0,0,1,1,0,0,0,0,4.77686E+20,5.60359E+21,8.68481E+15,5.05838E+16
19429,19430,6,6,36,5,2016,10,11,3,3,8,1,0,1,0,1,0,0,0,0,5.84089E+20,5.65122E+21,1.01986E+16,5.10064E+16
19430,19431,6,4,32,10,2016,10,21,5,3,5,2,2,1,0,1,0,0,0,0,4.92859E+20,5.5253E+21,8.9006E+15,4.98801E+16
19431,19432,6,6,33,20,2016,10,3,1,3,8,1,2,0,0,1,0,0,0,0,5.39374E+20,5.68592E+21,9.56506E+15,5.13232E+16
19432,19433,6,4,35,19,2016,9,13,6,3,9,1,0,1,0,0,0,1,0,0,4.86402E+20,5.55474E+21,8.80968E+15,5.01448E+16
19433,19434,6,4,32,21,2016,10,7,2,3,5,3,1,0,0,1,0,0,0,1,4.99894E+20,5.53077E+21,8.99853E+15,4.99293E+16
19434,19435,6,4,14,0,2016,10,0,1,3,5,2,2,1,0,1,0,1,0,0,4.47568E+20,5.54157E+21,8.26803E+15,5.00241E+16
19435,19436,6,6,32,20,2016,10,9,6,3,9,1,0,1,0,1,0,0,0,0,5.64867E+20,5.64197E+21,9.92297E+15,5.09258E+16
19436,19437,6,4,14,0,2016,10,12,4,3,1,2,0,0,0,1,0,1,0,0,4.44905E+20,5.54762E+21,8.22998E+15,5.00783E+16
19437,19438,6,5,35,13,2016,10,20,1,3,8,1,2,0,0,1,0,0,0,0,4.99803E+20,5.61342E+21,8.99721E+15,5.06726E+16
19438,19439,6,4,12,0,2016,10,6,4,3,0,7,1,0,0,1,0,0,0,0,4.66454E+20,5.55158E+21,8.5308E+15,5.01155E+16
19439,19440,6,4,34,1,2016,10,19,6,3,2,6,1,0,0,1,0,0,0,0,4.75966E+20,5.56386E+21,8.66306E+15,5.02264E+16
19440,19441,6,4,12,0,2016,10,16,1,2,0,7,0,0,0,0,0,1,0,0,4.71427E+20,5.55558E+21,8.60005E+15,5.01517E+16
19441,19442,6,6,11,0,2016,10,16,3,3,5,3,0,0,1,1,0,0,0,0,5.36037E+20,5.68499E+21,9.51708E+15,5.13151E+16
19442,19443,6,4,36,4,2016,10,17,4,3,1,2,0,1,0,1,0,0,0,0,4.57242E+20,5.53934E+21,8.40332E+15,5.00049E+16
19443,19444,6,4,12,0,2016,10,10,7,3,4,1,0,1,0,1,0,0,0,0,4.83128E+20,5.55376E+21,8.76392E+15,5.01358E+16
19444,19445,6,4,14,0,2016,10,14,6,3,8,1,0,0,0,1,0,0,0,0,4.4964E+20,5.5429E+21,8.29678E+15,5.00363E+16
19445,19446,6,4,14,0,2016,10,9,2,2,9,1,0,1,0,1,0,0,0,0,4.5336E+20,5.54502E+21,8.34845E+15,5.00557E+16
19446,19447,6,4,11,0,2016,10,8,5,3,2,6,0,0,0,1,0,0,0,1,4.73835E+20,5.52735E+21,8.63568E+15,4.9898E+16
19447,19448,6,5,35,15,2016,10,7,2,3,8,3,1,1,0,0,0,1,0,1,5.40977E+20,5.61215E+21,9.57974E+15,5.06597E+16
19448,19449,6,6,33,14,2016,10,16,4,3,4,1,0,1,0,1,0,0,0,0,5.37283E+20,5.69622E+21,9.53614E+15,5.1416E+16
19449,19450,6,4,35,29,2016,9,18,6,3,4,7,0,1,0,1,0,0,0,0,5.2274E+20,5.56665E+21,9.31896E+15,5.02516E+16
19450,19451,6,6,33,29,2016,10,22,1,3,9,1,2,0,0,1,0,0,0,0,5.17629E+20,5.69389E+21,9.25339E+15,5.1396E+16
19451,19452,6,6,33,12,2016,10,22,3,3,8,1,2,1,0,0,0,0,0,1,5.51755E+20,5.67895E+21,9.74173E+15,5.12595E+16
19452,19453,6,6,31,20,2016,10,11,2,3,2,6,0,1,0,1,0,0,0,1,5.51666E+20,5.60823E+21,9.73041E+15,5.06237E+16
19453,19454,6,4,40,18,2016,10,9,3,3,2,6,0,0,0,0,0,0,1,0,4.79049E+20,5.58076E+21,8.70534E+15,5.03785E+16
19454,19455,6,6,31,15,2016,10,3,1,3,8,1,2,1,0,1,0,0,0,0,5.52473E+20,5.60999E+21,9.74206E+15,5.06394E+16
19455,19456,6,5,34,6,2016,10,11,7,3,5,2,0,0,0,1,0,0,0,0,4.90399E+20,5.63824E+21,8.86348E+15,5.08958E+16
19456,19457,6,4,12,0,2016,10,8,2,3,2,6,0,0,0,1,0,0,0,1,4.65826E+20,5.55118E+21,8.52205E+15,5.01119E+16
19457,19458,6,5,31,16,2016,10,6,6,2,5,2,2,1,0,1,0,0,0,0,4.86988E+20,5.60493E+21,8.81615E+15,5.05961E+16
19458,19459,6,4,35,3,2016,10,18,5,3,2,6,2,0,0,1,0,0,0,0,5.20958E+20,5.56497E+21,9.29388E+15,5.02365E+16