FID,OBJECTID,ULAND,UREGBEZ,UKREIS,UGEMEINDE,UJAHR,UMONAT,USTUNDE,UWOCHENTAG,UKATEGORIE,UART,UTYP1,ULICHTVERH,IstStrasse,IstRad,IstPKW,IstFuss,IstKrad,IstGkfz,IstSonstig,LINREFX,LINREFY,XGCSWGS84,YGCSWGS84
19459,19460,6,6,35,2,2016,10,13,1,3,3,6,0,0,1,1,0,0,0,0,5.05696E+20,5.68837E+21,9.08178E+15,5.13466E+16
19460,19461,6,6,33,29,2016,10,3,4,1,8,7,2,0,0,1,0,0,0,0,5.1959E+20,5.6867E+21,9.28119E+15,5.13313E+16
19461,19462,6,4,14,0,2016,10,17,3,3,5,3,0,0,0,1,0,0,0,0,4.48688E+20,5.53963E+21,8.28392E+15,5.00067E+16
19462,19463,6,4,33,7,2016,9,18,6,3,2,6,0,0,0,1,0,0,0,0,4.66831E+20,5.54361E+21,8.53676E+15,5.00439E+16
19463,19464,6,4,11,0,2016,10,21,6,3,4,3,2,1,0,1,0,0,0,0,4.74596E+20,5.52239E+21,8.6466E+15,4.98534E+16
19464,19465,6,5,31,6,2016,10,7,5,3,5,2,2,1,0,1,0,0,0,0,4.99457E+20,5.60548E+21,8.99233E+15,5.06013E+16
19465,19466,6,5,32,23,2016,10,18,1,3,4,6,2,0,0,1,0,1,0,0,4.64687E+20,5.60159E+21,8.50139E+15,5.05652E+16
19466,19467,6,4,12,0,2016,10,9,2,3,2,6,0,0,0,1,0,0,0,0,4.7149E+20,5.55113E+21,8.60127E+15,5.01118E+16
19467,19468,6,4,40,21,2016,10,13,1,2,5,3,0,1,1,1,0,0,0,0,4.91072E+20,5.57844E+21,8.87449E+15,5.0358E+16
19468,19469,6,4,33,3,2016,10,17,5,3,3,1,1,1,0,1,0,0,0,0,4.65116E+20,5.52846E+21,8.51418E+15,4.99075E+16
19469,19470,6,6,34,14,2016,10,16,7,2,6,4,0,0,0,1,1,0,0,0,5.3848E+20,5.66445E+21,9.54992E+15,5.11302E+16
19470,19471,6,4,14,0,2016,10,14,5,3,1,7,0,1,0,1,0,0,0,0,4.45699E+20,5.54757E+21,8.24109E+15,5.00779E+16
19471,19472,6,4,35,14,2016,10,8,3,3,2,6,0,1,0,0,0,0,1,1,4.92529E+20,5.54838E+21,8.89556E+15,5.00877E+16
19472,19473,6,5,33,8,2016,10,5,7,3,9,1,2,1,0,1,0,0,0,0,4.40479E+20,5.57433E+21,8.16395E+15,5.03181E+16
19473,19474,6,4,32,23,2016,10,13,6,3,2,6,0,0,0,1,0,0,0,0,4.72401E+20,5.52724E+21,8.61572E+15,4.98969E+16
19474,19475,6,6,34,14,2016,10,18,3,3,2,6,2,0,0,1,0,0,0,1,5.36555E+20,5.66457E+21,9.52244E+15,5.11315E+16
19475,19476,6,4,13,0,2016,10,10,3,3,2,6,0,0,0,0,0,0,1,0,4.80893E+20,5.54583E+21,8.73304E+15,5.00645E+16
19476,19477,6,5,34,14,2016,10,14,4,3,2,6,0,1,0,1,0,0,0,0,4.82937E+20,5.62632E+21,8.75794E+15,5.07884E+16
19477,19478,6,6,35,13,2016,10,12,7,3,5,3,0,1,0,1,0,0,0,0,4.98568E+20,5.65713E+21,8.97956E+15,5.10657E+16
19478,19479,6,4,36,10,2016,10,11,7,3,8,1,0,1,0,1,0,0,0,0,4.6281E+20,5.55458E+21,8.47953E+15,5.01422E+16
19479,19480,6,5,34,18,2016,10,17,7,2,8,1,0,1,0,1,0,0,0,0,4.9935E+20,5.62578E+21,8.99078E+15,5.07838E+16
19480,19481,6,4,34,8,2016,10,21,6,3,5,2,2,0,0,1,0,0,0,0,4.69518E+20,5.56237E+21,8.57279E+15,5.02127E+16
19481,19482,6,4,39,10,2016,10,15,1,2,8,1,0,1,0,1,0,0,0,0,4.17599E+20,5.55302E+21,7.84726E+15,5.01237E+16
19482,19483,6,4,12,0,2016,10,18,5,3,2,6,2,0,0,1,0,0,0,0,4.66532E+20,5.55168E+21,8.53187E+15,5.01164E+16
19483,19484,6,4,31,16,2016,10,21,1,3,2,6,2,0,0,1,0,0,0,0,4.67825E+20,5.50107E+21,8.55418E+15,4.96613E+16
19484,19485,6,5,33,3,2016,10,9,3,1,4,6,0,1,0,1,0,0,1,0,4.52384E+20,5.57076E+21,8.3316E+15,5.0287E+16
19485,19486,6,6,32,2,2016,10,6,5,3,2,6,2,1,0,1,0,0,0,0,5.51037E+20,5.63731E+21,9.72555E+15,5.08852E+16
19486,19487,6,4,35,14,2016,10,21,7,3,6,4,2,1,0,1,1,0,0,0,4.94784E+20,5.55432E+21,8.927E+15,5.01411E+16
19487,19488,6,4,13,0,2016,10,18,3,3,6,7,2,1,0,1,1,0,0,0,4.82742E+20,5.55032E+21,8.75866E+15,5.01049E+16
19488,19489,6,4,33,6,2016,10,7,4,3,2,6,0,1,0,0,0,0,0,1,4.67766E+20,5.53489E+21,8.55055E+15,4.99655E+16
19489,19490,6,4,11,0,2016,10,11,7,3,2,6,0,1,0,1,0,0,0,0,4.76738E+20,5.52686E+21,8.67613E+15,4.98936E+16
19490,19491,6,4,38,13,2016,10,20,7,2,4,6,2,1,0,1,0,0,0,0,4.9663E+20,5.54393E+21,8.95293E+15,5.00476E+16
19491,19492,6,5,34,10,2016,10,16,7,3,8,1,0,1,0,1,0,0,0,0,4.68484E+20,5.62819E+21,8.55273E+15,5.08046E+16
19492,19493,6,4,12,0,2016,10,18,6,3,5,2,2,0,1,1,0,0,0,0,4.78863E+20,5.55206E+21,8.70433E+15,5.01204E+16
19493,19494,6,4,34,8,2016,10,16,5,3,9,7,0,0,1,0,0,0,0,0,4.69709E+20,5.5618E+21,8.57551E+15,5.02076E+16
19494,19495,6,6,36,3,2016,9,0,6,3,6,7,2,0,1,1,1,0,0,0,5.73079E+20,5.67163E+21,1.00458E+16,5.11914E+16
19495,19496,6,4,13,0,2016,10,7,2,3,2,6,2,0,0,1,0,0,0,0,4.84641E+20,5.55041E+21,8.78522E+15,5.01058E+16
19496,19497,6,5,33,17,2016,10,10,4,2,5,3,0,1,0,1,0,0,0,0,4.49422E+20,5.59249E+21,8.28711E+15,5.04822E+16
19497,19498,6,4,32,15,2016,9,14,6,3,1,7,0,1,0,1,0,0,1,0,4.89744E+20,5.53092E+21,8.8571E+15,4.99306E+16
19498,19499,6,5,33,18,2016,10,15,1,3,1,6,0,1,0,1,0,0,1,1,4.524E+20,5.58959E+21,8.32944E+15,5.04564E+16
19499,19500,6,5,32,7,2016,10,11,7,3,2,6,0,1,0,1,0,0,0,0,4.42544E+20,5.60925E+21,8.18759E+15,5.06323E+16
19500,19501,6,6,34,2,2016,10,12,3,2,4,6,0,0,0,1,0,0,0,0,5.30735E+20,5.67339E+21,9.44001E+15,5.12111E+16
19501,19502,6,4,35,14,2016,10,20,2,3,8,1,2,1,0,1,0,0,0,0,4.92305E+20,5.54793E+21,8.89245E+15,5.00836E+16
19502,19503,6,6,11,0,2016,10,19,2,3,5,3,2,0,0,1,0,1,0,0,5.35235E+20,5.68671E+21,9.50575E+15,5.13306E+16
19503,19504,6,6,11,0,2016,10,19,7,3,2,6,2,1,0,1,0,0,0,0,5.34206E+20,5.6847E+21,9.49079E+15,5.13125E+16
19504,19505,6,6,31,8,2016,10,0,7,2,8,1,2,0,0,1,0,0,0,0,5.41054E+20,5.5856E+21,9.5779E+15,5.0421E+16
19505,19506,6,6,32,11,2016,10,17,1,2,9,1,0,0,0,0,0,1,0,0,5.35444E+20,5.6355E+21,9.50371E+15,5.08701E+16
19506,19507,6,6,32,15,2016,10,20,6,3,3,6,2,1,0,1,0,0,1,0,5.4029E+20,5.63055E+21,9.57203E+15,5.08252E+16
19507,19508,6,4,31,2,2016,10,13,5,3,5,2,0,0,1,1,0,0,0,0,4.72856E+20,5.50282E+21,8.62376E+15,4.96773E+16
19508,19509,6,4,39,3,2016,10,12,1,3,2,6,0,0,0,1,0,0,0,0,4.3542E+20,5.54115E+21,8.09853E+15,5.00192E+16
19509,19510,6,4,38,13,2016,10,15,4,3,2,6,0,0,1,0,0,0,0,0,4.97655E+20,5.54341E+21,8.96725E+15,5.0043E+16
19510,19511,6,4,11,0,2016,10,9,3,3,5,3,0,0,1,1,0,0,0,0,4.75567E+20,5.52485E+21,8.65995E+15,4.98755E+16
19511,19512,6,4,12,0,2016,9,17,6,3,2,6,0,0,0,1,0,0,1,0,4.71715E+20,5.54459E+21,8.6049E+15,5.00529E+16
19512,19513,6,4,38,4,2016,10,16,6,3,2,6,0,1,0,1,0,0,0,0,4.97355E+20,5.5467E+21,8.96304E+15,5.00725E+16
19513,19514,6,6,32,7,2016,10,11,7,3,2,6,0,0,0,1,0,0,0,0,5.50947E+20,5.63248E+21,9.7236E+15,5.08418E+16
19514,19515,6,5,32,21,2016,10,17,1,3,4,1,0,1,0,1,0,0,0,0,4.57985E+20,5.59628E+21,8.40737E+15,5.0517E+16
19515,19516,6,6,36,14,2016,10,7,4,2,5,3,2,1,0,1,0,0,0,0,5.68992E+20,5.66753E+21,9.98652E+15,5.1155E+16
19516,19517,6,4,39,4,2016,10,15,7,3,5,3,0,0,0,0,0,1,0,1,4.27105E+20,5.53794E+21,7.98308E+15,4.99893E+16
19517,19518,6,6,35,13,2016,10,11,5,2,4,6,0,1,0,1,0,0,0,0,4.97157E+20,5.65792E+21,8.95942E+15,5.10728E+16
19518,19519,6,4,33,12,2016,10,15,3,3,2,6,0,0,0,1,0,0,0,0,4.60059E+20,5.53611E+21,8.44297E+15,4.9976E+16
19519,19520,6,6,31,15,2016,10,6,6,2,5,3,2,0,1,1,0,0,0,0,5.53611E+20,5.61486E+21,9.75887E+15,5.06831E+16
19520,19521,6,4,31,20,2016,10,16,3,3,9,1,0,0,0,1,0,0,0,0,4.69842E+20,5.48619E+21,8.58326E+15,4.95275E+16
19521,19522,6,4,34,6,2016,10,20,3,3,5,2,2,1,0,1,0,0,0,0,4.63859E+20,5.55957E+21,8.49374E+15,5.01872E+16
19522,19523,6,5,31,2,2016,10,10,2,3,0,1,0,1,0,1,0,0,0,1,4.70735E+20,5.61188E+21,8.58597E+15,5.06581E+16
19523,19524,6,5,31,5,2016,10,17,4,3,2,6,0,0,0,1,0,1,0,0,4.80965E+20,5.60369E+21,8.73112E+15,5.05848E+16
19524,19525,6,4,32,4,2016,10,23,7,3,8,1,2,1,0,1,0,0,0,0,4.898E+20,5.52688E+21,8.85798E+15,4.98943E+16
19525,19526,6,5,32,23,2016,10,9,7,3,9,1,0,1,0,1,0,0,0,0,4.64456E+20,5.60087E+21,8.4982E+15,5.05587E+16
19526,19527,6,4,39,13,2016,10,16,2,3,5,3,0,1,0,1,0,0,0,0,4.27199E+20,5.53777E+21,7.98443E+15,4.99879E+16
19527,19528,6,6,31,22,2016,9,8,6,2,4,6,0,0,0,1,0,0,0,1,5.62602E+20,5.61549E+21,9.88623E+15,5.06879E+16
19528,19529,6,4,32,18,2016,10,14,7,2,8,1,0,1,0,0,0,1,0,0,4.71928E+20,5.5134E+21,8.61014E+15,4.97724E+16
19529,19530,6,4,12,0,2016,9,13,6,3,3,6,0,1,0,1,0,0,0,0,4.80543E+20,5.55055E+21,8.7279E+15,5.01069E+16
19530,19531,6,4,39,9,2016,10,19,2,3,0,1,2,1,0,0,0,1,0,0,4.33075E+20,5.54609E+21,8.06493E+15,5.00633E+16
19531,19532,6,5,31,16,2016,10,7,4,2,0,6,0,1,0,1,0,0,0,0,4.87767E+20,5.60261E+21,8.82724E+15,5.05753E+16
19532,19533,6,4,40,14,2016,10,21,7,2,2,6,2,0,0,1,0,0,0,0,4.98635E+20,5.56876E+21,8.98084E+15,5.0271E+16
19533,19534,6,4,40,25,2016,10,17,3,3,2,6,0,0,0,1,0,0,0,0,4.82323E+20,5.57203E+21,8.75179E+15,5.03001E+16
19534,19535,6,5,31,17,2016,10,5,1,3,9,1,2,1,0,1,0,0,0,0,4.84047E+20,5.61333E+21,8.77424E+15,5.06716E+16
19535,19536,6,4,38,2,2016,10,9,2,3,0,1,0,0,0,1,0,0,0,0,4.79034E+20,5.54245E+21,8.70725E+15,5.0034E+16
19536,19537,6,4,35,19,2016,10,17,7,3,5,3,1,0,0,1,0,0,0,0,4.87635E+20,5.55385E+21,8.82698E+15,5.01367E+16
19537,19538,6,5,35,10,2016,10,22,6,3,4,6,2,1,0,1,0,0,0,0,5.11047E+20,5.62842E+21,9.15678E+15,5.08074E+16
19538,19539,6,4,13,0,2016,9,5,5,2,2,6,2,0,0,1,0,1,0,0,4.87776E+20,5.54841E+21,8.82913E+15,5.00878E+16
19539,19540,6,6,31,9,2016,9,16,6,2,6,4,0,1,0,1,1,0,0,0,5.48654E+20,5.60001E+21,9.68676E+15,5.055E+16
19540,19541,6,4,31,22,2016,10,14,5,3,5,3,0,0,0,1,0,0,0,0,4.71454E+20,5.50753E+21,8.60398E+15,4.97196E+16
19541,19542,6,4,12,0,2016,10,0,7,3,9,6,2,1,0,1,0,0,0,0,4.71396E+20,5.54381E+21,8.60049E+15,5.00459E+16
19542,19543,6,4,14,0,2016,9,9,6,3,5,3,0,0,0,1,0,0,0,0,4.49638E+20,5.5451E+21,8.29645E+15,5.0056E+16
19543,19544,6,4,35,21,2016,10,13,2,3,6,6,0,0,0,1,0,0,0,1,4.93343E+20,5.56295E+21,8.90669E+15,5.02187E+16
19544,19545,6,4,32,2,2016,10,7,4,3,2,6,1,0,0,1,0,0,0,0,4.97012E+20,5.53392E+21,8.95835E+15,4.99577E+16
19545,19546,6,4,40,8,2016,10,9,1,3,8,1,0,0,0,1,0,0,0,0,4.87866E+20,5.57465E+21,8.82954E+15,5.03238E+16
19546,19547,6,5,34,14,2016,10,19,7,3,5,2,2,1,0,1,0,1,0,0,4.84026E+20,5.63105E+21,8.77318E+15,5.08309E+16
19547,19548,6,5,33,17,2016,10,12,3,3,2,6,0,0,0,1,0,0,0,0,4.48509E+20,5.59237E+21,8.27426E+15,5.0481E+16
19548,19549,6,4,32,23,2016,10,16,2,3,9,1,0,1,0,1,0,0,0,1,4.72139E+20,5.52998E+21,8.61187E+15,4.99215E+16
19549,19550,6,6,33,22,2016,10,7,2,2,5,3,0,1,0,1,0,1,0,0,5.4207E+20,5.70424E+21,9.60592E+15,5.14877E+16
19550,19551,6,6,36,16,2016,10,12,7,3,9,1,0,0,0,1,0,0,0,0,5.59337E+20,5.68347E+21,9.85111E+15,5.12994E+16
19551,19552,6,5,31,2,2016,10,18,6,2,1,5,1,1,0,1,0,0,0,0,4.73245E+20,5.60609E+21,8.62189E+15,5.06061E+16
19552,19553,6,4,12,0,2016,9,18,5,3,3,6,0,0,0,1,0,1,0,0,4.71921E+20,5.5548E+21,8.60702E+15,5.01447E+16
19553,19554,6,4,32,18,2016,10,23,6,2,1,1,2,1,0,0,0,0,1,0,4.703E+20,5.51931E+21,8.58708E+15,4.98254E+16
19554,19555,6,4,36,11,2016,10,11,5,2,5,3,0,0,0,1,0,0,0,0,4.66796E+20,5.55695E+21,8.53511E+15,5.01639E+16
19555,19556,6,4,34,9,2016,10,16,1,1,5,2,0,0,0,1,0,1,0,0,4.63134E+20,5.56658E+21,8.4829E+15,5.02502E+16
19556,19557,6,4,32,2,2016,10,8,4,3,4,6,0,0,0,1,0,0,0,0,4.94205E+20,5.5303E+21,8.91926E+15,4.9925E+16
19557,19558,6,4,38,7,2016,10,7,3,3,0,7,0,1,0,1,0,0,0,0,5.01799E+20,5.53983E+21,9.02511E+15,5.00108E+16
19558,19559,6,4,33,7,2016,9,15,6,3,2,6,0,0,0,1,0,0,1,0,4.65063E+20,5.54254E+21,8.51217E+15,5.00341E+16
19559,19560,6,4,34,6,2016,10,0,6,3,5,3,2,0,0,1,0,0,0,0,4.66748E+20,5.55913E+21,8.53425E+15,5.01834E+16
19560,19561,6,4,11,0,2016,10,3,7,2,0,1,2,1,1,0,0,0,0,0,4.75616E+20,5.52457E+21,8.66065E+15,4.9873E+16
19561,19562,6,6,11,0,2016,10,6,4,3,6,4,2,1,0,1,1,0,0,0,5.33546E+20,5.68775E+21,9.4816E+15,5.13401E+16
19562,19563,6,4,40,5,2016,10,3,7,3,5,3,2,0,0,1,0,0,1,0,4.75599E+20,5.5858E+21,8.6565E+15,5.04237E+16
19563,19564,6,4,35,12,2016,10,10,5,3,2,2,0,1,0,1,0,0,0,0,5.07944E+20,5.56358E+21,9.11136E+15,5.02244E+16
19564,19565,6,4,32,20,2016,10,22,2,2,8,1,2,1,0,1,0,0,0,0,4.85893E+20,5.52508E+21,8.80366E+15,4.98779E+16
19565,19566,6,6,36,3,2016,10,8,2,3,1,7,0,0,1,1,0,0,0,0,5.73331E+20,5.67152E+21,1.00494E+16,5.11904E+16
19566,19567,6,5,31,5,2016,10,9,6,3,9,7,0,0,0,1,0,0,0,0,4.79396E+20,5.60408E+21,8.70893E+15,5.05882E+16
19567,19568,6,6,31,9,2016,10,16,3,3,2,6,0,0,0,1,0,0,1,1,5.48969E+20,5.59865E+21,9.69102E+15,5.05378E+16
19568,19569,6,4,33,8,2016,10,15,3,3,1,7,0,0,1,0,0,0,0,1,4.68956E+20,5.53541E+21,8.56709E+15,4.99702E+16
19569,19570,6,5,33,6,2016,10,0,5,1,6,4,2,0,0,0,1,0,0,1,4.31456E+20,5.58397E+21,8.03547E+15,5.04038E+16
19570,19571,6,6,35,16,2016,10,17,2,3,9,1,0,0,0,1,0,0,0,0,4.84487E+20,5.66699E+21,8.77819E+15,5.11541E+16
19571,19572,6,5,31,5,2016,10,11,4,3,2,6,0,1,0,1,0,0,0,0,4.79511E+20,5.60462E+21,8.71053E+15,5.05931E+16
19572,19573,6,4,35,19,2016,10,9,7,3,8,6,0,1,0,1,0,0,0,1,4.90498E+20,5.55536E+21,8.86699E+15,5.01503E+16
19573,19574,6,5,32,13,2016,10,12,2,3,2,2,0,1,0,1,0,0,1,0,4.65544E+20,5.6122E+21,8.51251E+15,5.06606E+16
19574,19575,6,6,31,6,2016,9,15,6,2,5,3,0,1,0,1,0,0,0,0,5.52207E+20,5.58799E+21,9.73523E+15,5.04416E+16
19575,19576,6,4,35,21,2016,9,6,6,2,5,2,2,0,0,1,0,0,0,0,4.89564E+20,5.56476E+21,8.85367E+15,5.02349E+16
19576,19577,6,6,34,18,2016,9,20,6,2,8,1,2,0,0,1,0,0,0,0,5.22696E+20,5.67458E+21,9.32499E+15,5.12222E+16
19577,19578,6,4,36,7,2016,10,20,2,3,3,6,2,1,1,1,0,0,0,0,4.5907E+20,5.54952E+21,8.42774E+15,5.00965E+16
19578,19579,6,4,31,17,2016,10,11,6,3,5,3,0,0,0,1,0,0,0,0,4.80735E+20,5.49401E+21,8.7334E+15,4.95984E+16
19579,19580,6,4,14,0,2016,10,5,7,3,9,1,2,1,0,1,0,0,0,0,4.51411E+20,5.54507E+21,8.32122E+15,5.00559E+16
19580,19581,6,6,31,17,2016,10,17,3,2,5,3,0,1,0,1,0,0,0,0,5.51986E+20,5.5976E+21,9.73346E+15,5.05281E+16
19581,19582,6,4,36,3,2016,10,2,1,3,8,1,2,1,0,1,0,0,0,0,4.68879E+20,5.55387E+21,8.56453E+15,5.01363E+16
19582,19583,6,6,32,15,2016,9,15,6,3,3,1,0,0,0,1,0,0,0,0,5.41137E+20,5.62519E+21,9.58346E+15,5.0777E+16
19583,19584,6,4,31,17,2016,10,18,2,3,2,6,2,0,0,1,0,0,0,0,4.80592E+20,5.49381E+21,8.73144E+15,4.95965E+16
19584,19585,6,4,37,6,2016,10,7,6,3,3,6,0,0,0,1,0,0,1,0,4.99663E+20,5.49939E+21,8.99533E+15,4.9647E+16
19585,19586,6,6,11,0,2016,10,23,5,2,5,2,2,1,0,1,0,0,0,0,5.34192E+20,5.68737E+21,9.49084E+15,5.13366E+16
19586,19587,6,5,33,9,2016,10,14,4,3,3,6,0,0,0,1,0,0,0,0,4.35769E+20,5.58782E+21,8.09549E+15,5.04389E+16
19587,19588,6,4,32,9,2016,10,17,1,2,5,2,0,0,0,1,0,1,0,0,4.88263E+20,5.516E+21,8.83691E+15,4.97963E+16
19588,19589,6,4,38,7,2016,10,17,4,3,3,6,0,0,0,1,0,0,0,0,4.98552E+20,5.53954E+21,8.97979E+15,5.00082E+16
19589,19590,6,6,34,11,2016,10,15,6,3,2,6,0,1,0,1,0,0,0,0,5.33824E+20,5.65045E+21,9.48208E+15,5.10047E+16
19590,19591,6,4,38,10,2016,10,6,1,3,2,1,2,1,0,1,0,0,0,0,4.89374E+20,5.54549E+21,8.85154E+15,5.00616E+16
19591,19592,6,6,34,25,2016,10,4,4,3,7,7,2,1,0,1,0,0,0,1,5.23542E+20,5.65835E+21,9.33605E+15,5.10762E+16
19592,19593,6,4,14,0,2016,10,19,7,3,0,1,2,1,0,0,0,1,0,0,4.52328E+20,5.55171E+21,8.33321E+15,5.01157E+16
19593,19594,6,5,31,5,2016,10,10,6,3,5,3,0,0,0,1,0,0,0,0,4.78976E+20,5.60681E+21,8.70285E+15,5.06128E+16
19594,19595,6,5,32,23,2016,10,15,6,3,2,6,0,0,0,1,0,0,0,0,4.65228E+20,5.60466E+21,8.50874E+15,5.05928E+16
19595,19596,6,5,31,13,2016,10,11,4,3,2,6,0,0,0,1,0,0,0,0,4.79023E+20,5.61057E+21,8.70331E+15,5.06466E+16
19596,19597,6,4,40,12,2016,10,1,1,3,5,3,2,0,0,1,0,0,0,0,4.83583E+20,5.56436E+21,8.76983E+15,5.02311E+16
19597,19598,6,5,32,18,2016,10,18,4,3,9,1,0,0,0,1,0,0,0,0,4.66314E+20,5.59266E+21,8.52517E+15,5.04849E+16
19598,19599,6,4,36,7,2016,10,13,3,3,4,3,0,0,1,1,0,0,0,0,4.60601E+20,5.54871E+21,8.44923E+15,5.00893E+16
19599,19600,6,5,34,14,2016,10,21,6,2,9,1,2,1,0,1,0,0,0,0,4.74873E+20,5.62915E+21,8.64334E+15,5.08136E+16
19600,19601,6,6,35,11,2016,10,14,7,3,9,1,0,1,0,1,0,0,0,0,4.85189E+20,5.66049E+21,8.78849E+15,5.10957E+16
19601,19602,6,4,14,0,2016,10,19,4,3,0,6,2,1,0,0,0,1,0,0,4.44288E+20,5.54753E+21,8.22137E+15,5.00774E+16
19602,19603,6,5,31,5,2016,10,14,7,3,5,3,0,0,0,1,0,0,0,0,4.75205E+20,5.60138E+21,8.64992E+15,5.05639E+16
19603,19604,6,6,34,8,2016,10,19,2,3,2,6,2,0,0,1,0,0,0,0,5.32607E+20,5.67279E+21,9.46676E+15,5.12056E+16
19604,19605,6,4,14,0,2016,10,8,2,3,2,6,1,1,0,1,0,0,0,0,4.4978E+20,5.53905E+21,8.29924E+15,5.00017E+16
19605,19606,6,4,12,0,2016,10,8,6,3,2,6,0,0,0,1,0,0,0,0,4.707E+20,5.55345E+21,8.59004E+15,5.01325E+16
19606,19607,6,4,38,11,2016,10,20,3,3,2,6,2,0,0,1,0,0,0,0,4.92105E+20,5.54321E+21,8.88975E+15,5.00412E+16
19607,19608,6,5,32,3,2016,10,18,3,2,8,1,0,0,0,1,0,0,0,0,4.52617E+20,5.59892E+21,8.33132E+15,5.05403E+16
19608,19609,6,6,11,0,2016,10,18,4,3,5,2,1,1,1,1,0,0,0,0,5.35695E+20,5.68538E+21,9.51222E+15,5.13186E+16
19609,19610,6,6,36,10,2016,9,6,6,3,8,1,2,0,0,1,0,0,0,0,5.7874E+20,5.6603E+21,1.01243E+16,5.10888E+16
19610,19611,6,4,37,3,2016,10,17,2,2,1,5,0,0,0,1,0,0,0,0,4.92561E+20,5.5138E+21,8.89668E+15,4.97766E+16
19611,19612,6,6,34,1,2016,10,20,3,3,0,6,2,0,0,1,0,0,0,1,5.217E+20,5.65589E+21,9.30961E+15,5.10542E+16
19612,19613,6,4,40,23,2016,10,19,2,3,3,6,2,0,0,1,0,0,0,0,4.76535E+20,5.57075E+21,8.67061E+15,5.02884E+16
19613,19614,6,4,31,18,2016,10,16,2,3,8,1,0,1,0,1,0,0,0,0,4.86095E+20,5.4736E+21,8.80829E+15,4.9415E+16
19614,19615,6,4,35,15,2016,10,9,7,3,5,3,0,1,1,1,0,0,0,0,5.08375E+20,5.55785E+21,9.11727E+15,5.01728E+16
19615,19616,6,5,34,14,2016,10,10,2,3,4,3,0,1,1,1,0,0,0,0,4.8376E+20,5.62922E+21,8.76948E+15,5.08145E+16
19616,19617,6,4,33,3,2016,10,17,6,3,5,3,0,0,0,1,0,0,0,1,4.64341E+20,5.52836E+21,8.5034E+15,4.99066E+16
19617,19618,6,4,12,0,2016,10,14,5,2,4,1,0,0,1,1,0,0,0,0,4.76487E+20,5.55391E+21,8.67098E+15,5.01369E+16
19618,19619,6,5,35,15,2016,10,17,6,3,9,7,0,1,0,1,0,0,0,0,5.40981E+20,5.61214E+21,9.5798E+15,5.06597E+16
19619,19620,6,4,12,0,2016,10,17,3,3,2,6,0,0,0,1,0,0,0,0,4.72362E+20,5.5467E+21,8.61378E+15,5.00719E+16
19620,19621,6,4,40,8,2016,10,17,5,3,2,6,1,0,0,1,0,0,0,0,4.78108E+20,5.5721E+21,8.69261E+15,5.03006E+16
19621,19622,6,4,34,8,2016,10,2,1,3,8,7,2,1,0,1,0,0,0,0,4.70842E+20,5.56317E+21,8.59128E+15,5.022E+16
19622,19623,6,4,33,12,2016,10,18,2,3,5,3,1,0,1,1,0,0,1,0,4.55969E+20,5.53565E+21,8.38598E+15,4.99715E+16
19623,19624,6,4,32,23,2016,10,21,1,3,5,2,2,1,0,1,0,0,0,0,4.70803E+20,5.53095E+21,8.59319E+15,4.99302E+16
19624,19625,6,4,38,8,2016,10,7,6,2,1,5,1,0,0,1,0,1,0,0,4.89237E+20,5.55001E+21,8.8495E+15,5.01022E+16
19625,19626,6,6,34,7,2016,10,9,5,2,2,6,0,0,0,1,0,0,1,1,5.20956E+20,5.66729E+21,9.29966E+15,5.11567E+16
19626,19627,6,4,14,0,2016,10,11,4,3,2,6,0,0,0,1,0,0,0,0,4.44099E+20,5.54751E+21,8.21874E+15,5.00772E+16
19627,19628,6,5,31,10,2016,10,18,1,2,8,7,1,0,0,0,0,1,0,0,5.06175E+20,5.59652E+21,9.0871E+15,5.05206E+16
19628,19629,6,6,34,16,2016,10,0,3,3,1,1,2,0,0,1,0,0,0,0,5.15546E+20,5.65085E+21,9.22158E+15,5.1009E+16
19629,19630,6,4,35,20,2016,10,16,5,2,9,1,0,1,0,1,0,0,0,0,4.97887E+20,5.56163E+21,8.97039E+15,5.02068E+16
19630,19631,6,4,33,8,2016,10,2,1,1,3,6,2,1,0,1,0,0,0,0,4.71313E+20,5.53761E+21,8.5998E+15,4.99901E+16
19631,19632,6,4,14,0,2016,10,7,3,3,2,6,1,1,0,1,0,0,0,0,4.44983E+20,5.54477E+21,8.23148E+15,5.00526E+16
19632,19633,6,5,32,10,2016,10,13,4,3,4,6,0,1,0,1,0,0,1,1,4.47481E+20,5.60785E+21,8.25758E+15,5.06202E+16
19633,19634,6,4,37,11,2016,10,16,7,3,5,1,0,1,1,1,0,0,0,0,5.00958E+20,5.50356E+21,9.01328E+15,4.96846E+16
19634,19635,6,4,39,15,2016,10,16,7,3,9,1,0,1,0,1,0,0,0,0,4.39619E+20,5.55857E+21,8.15438E+15,5.01763E+16
19635,19636,6,4,14,0,2016,10,19,6,3,6,4,2,0,0,0,1,1,0,0,4.45336E+20,5.54824E+21,8.23591E+15,5.00839E+16
19636,19637,6,4,33,2,2016,10,17,2,2,9,1,0,1,0,1,0,0,0,0,4.52943E+20,5.53677E+21,8.34364E+15,4.99814E+16
19637,19638,6,6,36,11,2016,10,15,5,3,5,3,0,1,0,1,0,0,0,0,5.73718E+20,5.66228E+21,1.0053E+16,5.11072E+16
19638,19639,6,4,14,0,2016,10,8,2,3,2,6,0,0,0,1,0,0,0,0,4.51913E+20,5.55248E+21,8.32731E+15,5.01226E+16
19639,19640,6,4,35,25,2016,10,14,4,3,5,3,0,0,0,1,0,0,0,0,5.35497E+20,5.57545E+21,9.49873E+15,5.033E+16