FID,OBJECTID,ULAND,UREGBEZ,UKREIS,UGEMEINDE,UJAHR,UMONAT,USTUNDE,UWOCHENTAG,UKATEGORIE,UART,UTYP1,ULICHTVERH,IstStrasse,IstRad,IstPKW,IstFuss,IstKrad,IstGkfz,IstSonstig,LINREFX,LINREFY,XGCSWGS84,YGCSWGS84
19820,19821,6,6,32,2,2016,10,13,3,3,2,6,0,0,0,1,0,0,0,0,5.52271E+20,5.63434E+21,9.74267E+15,5.08584E+16
19821,19822,6,6,32,2,2016,10,10,5,3,5,3,0,1,0,1,0,0,0,0,5.5019E+20,5.6355E+21,9.71327E+15,5.0869E+16
19822,19823,6,4,40,5,2016,10,4,1,3,8,1,2,1,0,1,0,0,0,0,4.78385E+20,5.58816E+21,8.69558E+15,5.0445E+16
19823,19824,6,4,14,0,2016,10,17,3,3,5,2,0,0,1,1,0,0,0,0,4.46454E+20,5.54837E+21,8.25152E+15,5.00852E+16
19824,19825,6,5,31,17,2016,10,15,6,3,5,3,0,0,0,1,0,0,1,0,4.81307E+20,5.61163E+21,8.73555E+15,5.06562E+16
19825,19826,6,6,34,5,2016,10,9,3,3,2,6,0,0,0,1,0,0,0,0,5.21514E+20,5.66377E+21,9.30743E+15,5.1125E+16
19826,19827,6,4,38,12,2016,10,15,5,3,5,2,0,1,0,1,0,0,0,0,4.88383E+20,5.53363E+21,8.83805E+15,4.99549E+16
19827,19828,6,4,37,2,2016,10,19,1,2,8,1,2,1,0,0,0,1,0,0,4.9888E+20,5.49261E+21,8.98451E+15,4.95861E+16
19828,19829,6,5,32,12,2016,10,23,2,3,8,1,2,0,0,1,0,0,0,0,4.47434E+20,5.61475E+21,8.25593E+15,5.06822E+16
19829,19830,6,6,11,0,2016,10,21,1,3,3,6,2,1,0,1,0,0,0,0,5.35754E+20,5.68604E+21,9.51313E+15,5.13245E+16
19830,19831,6,6,11,0,2016,10,12,6,3,5,3,0,0,0,1,0,0,0,0,5.3312E+20,5.68245E+21,9.47498E+15,5.12924E+16
19831,19832,6,6,11,0,2016,10,19,5,3,6,4,2,1,0,0,1,0,0,1,5.33753E+20,5.68375E+21,9.48419E+15,5.13041E+16
19832,19833,6,4,14,0,2016,10,16,4,3,5,3,0,0,0,1,0,1,0,0,4.44414E+20,5.54755E+21,8.22314E+15,5.00776E+16
19833,19834,6,4,32,9,2016,10,12,1,3,8,7,0,0,0,0,0,1,0,0,4.86402E+20,5.51475E+21,8.8111E+15,4.97851E+16
19834,19835,6,4,34,1,2016,10,8,4,3,2,6,0,0,0,1,0,0,0,0,4.74237E+20,5.56127E+21,8.639E+15,5.0203E+16
19835,19836,6,4,14,0,2016,10,19,6,3,2,6,2,0,0,1,0,0,0,0,4.52885E+20,5.54505E+21,8.34182E+15,5.00559E+16
19836,19837,6,6,34,5,2016,10,8,1,2,9,1,0,1,0,1,0,0,0,0,5.20882E+20,5.66564E+21,9.29851E+15,5.11418E+16
19837,19838,6,4,34,8,2016,10,9,4,3,0,6,0,1,0,0,0,1,0,1,4.66225E+20,5.56309E+21,8.52657E+15,5.0219E+16
19838,19839,6,4,13,0,2016,10,19,7,3,2,6,2,1,0,1,0,0,0,0,4.83853E+20,5.54795E+21,8.7743E+15,5.00836E+16
19839,19840,6,6,11,0,2016,10,15,6,3,5,2,0,0,0,1,0,0,0,1,5.34238E+20,5.68527E+21,9.49129E+15,5.13177E+16
19840,19841,6,4,12,0,2016,10,13,2,3,8,1,0,1,0,1,0,0,0,0,4.74489E+20,5.56091E+21,8.64255E+15,5.01998E+16
19841,19842,6,4,33,2,2016,10,17,5,3,5,3,0,0,1,1,0,0,0,0,4.54101E+20,5.537E+21,8.35977E+15,4.99836E+16
19842,19843,6,5,35,11,2016,10,14,2,2,6,4,0,0,0,1,1,0,0,0,5.22976E+20,5.61244E+21,9.32509E+15,5.06633E+16
19843,19844,6,6,34,14,2016,10,5,4,2,1,7,2,1,0,1,0,0,0,0,5.39328E+20,5.66218E+21,9.5618E+15,5.11098E+16
19844,19845,6,4,31,19,2016,9,20,6,3,2,2,2,0,0,1,0,1,0,0,4.8257E+20,5.49644E+21,8.75868E+15,4.96203E+16
19845,19846,6,6,34,17,2016,10,22,1,1,4,6,2,0,0,1,0,0,0,0,5.2693E+20,5.63371E+21,9.38258E+15,5.08545E+16
19846,19847,6,5,33,9,2016,10,11,3,3,6,4,0,0,0,1,1,0,0,0,4.32848E+20,5.58188E+21,8.05543E+15,5.03852E+16
19847,19848,6,6,31,9,2016,10,15,2,3,2,6,0,1,0,1,0,0,0,0,5.47926E+20,5.59873E+21,9.67632E+15,5.05386E+16
19848,19849,6,4,31,2,2016,10,7,3,3,2,6,2,0,0,1,0,0,0,1,4.7118E+20,5.5058E+21,8.60032E+15,4.9704E+16
19849,19850,6,4,33,8,2016,10,14,1,2,5,2,0,0,0,1,0,1,0,0,4.69511E+20,5.53455E+21,8.57491E+15,4.99625E+16
19850,19851,6,4,31,21,2016,10,20,7,3,4,6,2,1,0,1,0,0,0,0,4.85518E+20,5.49037E+21,8.79972E+15,4.95658E+16
19851,19852,6,4,38,9,2016,10,6,2,3,2,6,0,0,0,1,0,0,0,0,4.70958E+20,5.54253E+21,8.59447E+15,5.00344E+16
19852,19853,6,5,32,3,2016,10,13,6,3,4,6,0,1,0,1,0,0,0,0,4.54895E+20,5.5986E+21,8.3635E+15,5.05376E+16
19853,19854,6,4,31,17,2016,10,9,5,3,0,7,0,1,0,0,0,1,0,0,4.82211E+20,5.49526E+21,8.75377E+15,4.96096E+16
19854,19855,6,6,36,6,2016,10,12,1,3,9,1,0,0,0,0,0,1,0,0,5.55229E+20,5.67137E+21,9.79033E+15,5.11911E+16
19855,19856,6,6,35,3,2016,10,10,4,3,5,3,0,0,0,1,0,0,1,0,5.08361E+20,5.6592E+21,9.11937E+15,5.10842E+16
19856,19857,6,4,14,0,2016,10,15,3,3,5,2,0,0,1,1,0,0,0,0,4.50521E+20,5.5398E+21,8.30947E+15,5.00085E+16
19857,19858,6,6,35,21,2016,9,13,5,3,1,5,0,0,0,0,0,1,1,0,5.04392E+20,5.67351E+21,9.06288E+15,5.1213E+16
19858,19859,6,4,32,12,2016,10,9,6,3,2,7,0,1,0,1,0,0,0,0,4.83109E+20,5.52872E+21,8.76474E+15,4.99106E+16
19859,19860,6,5,32,3,2016,10,15,5,2,4,1,0,1,0,1,0,0,0,0,4.55624E+20,5.59744E+21,8.37393E+15,5.05272E+16
19860,19861,6,5,32,23,2016,10,17,1,3,3,6,0,0,0,1,0,0,0,0,4.63392E+20,5.59993E+21,8.48327E+15,5.05502E+16
19861,19862,6,4,12,0,2016,10,15,2,2,8,6,0,0,0,1,0,1,0,0,4.66052E+20,5.55123E+21,8.5252E+15,5.01123E+16
19862,19863,6,4,32,13,2016,10,15,1,3,8,1,0,0,0,1,0,0,0,0,4.8014E+20,5.51211E+21,8.72425E+15,4.97612E+16
19863,19864,6,4,36,6,2016,10,18,5,3,0,1,1,1,0,1,0,0,0,0,4.5276E+20,5.54015E+21,8.34068E+15,5.00118E+16
19864,19865,6,4,32,12,2016,10,20,7,3,8,1,2,0,0,1,0,0,0,0,4.80855E+20,5.53167E+21,8.73321E+15,4.9937E+16
19865,19866,6,4,14,0,2016,10,15,5,3,4,1,0,1,0,1,0,0,0,0,4.52113E+20,5.54853E+21,8.3306E+15,5.00871E+16
19866,19867,6,4,35,14,2016,10,8,3,3,2,6,0,1,0,1,0,0,0,0,4.97821E+20,5.55262E+21,8.96951E+15,5.01258E+16
19867,19868,6,5,33,7,2016,10,15,7,3,4,1,0,1,0,1,0,0,0,0,4.31698E+20,5.58918E+21,8.03792E+15,5.04506E+16
19868,19869,6,4,32,4,2016,10,11,6,3,5,3,0,0,0,1,0,1,0,0,4.8939E+20,5.52891E+21,8.85222E+15,4.99125E+16
19869,19870,6,6,36,4,2016,10,0,3,2,9,1,2,1,0,1,0,0,0,0,5.55005E+20,5.67873E+21,9.78826E+15,5.12573E+16
19870,19871,6,5,35,13,2016,10,6,3,3,2,6,1,1,0,1,0,0,0,1,5.01615E+20,5.61298E+21,9.02285E+15,5.06687E+16
19871,19872,6,5,34,12,2016,10,11,4,3,9,1,0,1,0,1,0,0,0,0,4.77539E+20,5.63274E+21,8.68096E+15,5.0846E+16
19872,19873,6,6,34,5,2016,10,16,7,3,8,1,0,1,0,1,0,0,0,0,5.1943E+20,5.66321E+21,9.27762E+15,5.11201E+16
19873,19874,6,4,36,4,2016,10,15,7,3,5,3,0,1,0,1,0,0,0,0,4.55285E+20,5.54452E+21,8.37541E+15,5.00513E+16
19874,19875,6,5,35,1,2016,10,15,7,3,8,1,0,1,0,1,0,0,0,0,5.21848E+20,5.62179E+21,9.30969E+15,5.07475E+16
19875,19876,6,4,35,19,2016,10,7,6,2,4,6,2,0,1,0,0,0,0,0,4.87203E+20,5.55379E+21,8.82093E+15,5.01362E+16
19876,19877,6,5,32,23,2016,9,23,6,3,2,6,2,0,0,1,0,0,0,0,4.6449E+20,5.60017E+21,8.49874E+15,5.05524E+16
19877,19878,6,4,31,21,2016,10,19,5,3,5,3,2,0,0,1,0,0,0,0,4.87434E+20,5.49101E+21,8.8262E+15,4.95716E+16
19878,19879,6,4,12,0,2016,10,20,7,3,9,1,2,1,0,1,0,0,0,0,4.74521E+20,5.56119E+21,8.64298E+15,5.02024E+16
19879,19880,6,4,14,0,2016,9,23,6,3,5,3,2,0,0,1,0,0,0,0,4.45757E+20,5.54575E+21,8.24216E+15,5.00616E+16
19880,19881,6,4,12,0,2016,10,20,2,3,5,2,2,0,0,1,0,1,0,0,4.79653E+20,5.55118E+21,8.71542E+15,5.01125E+16
19881,19882,6,4,32,4,2016,10,13,4,3,3,3,0,0,0,0,0,0,1,1,4.89436E+20,5.5289E+21,8.85286E+15,4.99124E+16
19882,19883,6,4,33,8,2016,9,19,6,3,2,6,1,1,0,1,0,0,0,0,4.70867E+20,5.53667E+21,8.59365E+15,4.99816E+16
19883,19884,6,4,32,9,2016,10,22,1,1,8,1,2,0,0,1,0,0,0,0,4.89036E+20,5.51534E+21,8.84768E+15,4.97904E+16
19884,19885,6,5,34,18,2016,10,12,7,2,5,3,0,0,0,1,0,0,0,1,5.00919E+20,5.63109E+21,9.01305E+15,5.08315E+16
19885,19886,6,5,33,13,2016,10,21,3,2,9,1,2,0,0,1,0,0,0,0,4.40028E+20,5.58619E+21,8.15572E+15,5.04247E+16
19886,19887,6,4,38,1,2016,10,19,4,3,6,4,2,1,0,1,1,0,0,0,4.83984E+20,5.53985E+21,8.77647E+15,5.00108E+16
19887,19888,6,4,11,0,2016,10,14,7,3,2,6,0,1,0,1,0,0,0,0,4.78E+20,5.52369E+21,8.69388E+15,4.98652E+16
19888,19889,6,4,35,2,2016,10,15,7,3,4,1,0,1,0,1,0,0,0,0,5.26345E+20,5.573E+21,9.36997E+15,5.03086E+16
19889,19890,6,5,34,10,2016,10,14,7,3,9,1,0,1,0,1,0,0,0,0,4.68332E+20,5.62784E+21,8.5506E+15,5.08014E+16
19890,19891,6,4,12,0,2016,10,8,6,3,1,5,0,0,1,1,0,0,0,0,4.7582E+20,5.55567E+21,8.66153E+15,5.01528E+16
19891,19892,6,4,34,8,2016,10,22,5,3,0,7,2,0,1,0,0,0,0,0,4.69359E+20,5.56213E+21,8.57057E+15,5.02105E+16
19892,19893,6,5,31,17,2016,9,13,6,3,5,3,0,1,0,1,0,0,0,0,4.82083E+20,5.61203E+21,8.74651E+15,5.06598E+16
19893,19894,6,4,14,0,2016,10,17,2,3,6,2,0,1,0,1,1,0,0,0,4.46222E+20,5.54689E+21,8.24849E+15,5.00718E+16
19894,19895,6,4,34,2,2016,10,7,4,3,8,1,0,1,0,1,0,0,0,0,4.77746E+20,5.56677E+21,8.68784E+15,5.02527E+16
19895,19896,6,5,32,12,2016,9,14,6,3,5,3,0,1,0,1,0,0,0,0,4.52165E+20,5.61274E+21,8.32316E+15,5.06645E+16
19896,19897,6,4,38,2,2016,10,18,1,3,2,6,1,0,0,1,0,0,0,0,4.77573E+20,5.53942E+21,8.68702E+15,5.00067E+16
19897,19898,6,4,40,20,2016,10,13,7,3,8,1,0,1,0,1,0,0,0,0,4.98825E+20,5.57816E+21,8.98348E+15,5.03555E+16
19898,19899,6,4,12,0,2016,10,16,3,3,5,2,0,1,0,1,0,1,0,0,4.74305E+20,5.55011E+21,8.64071E+15,5.01027E+16
19899,19900,6,5,31,10,2016,10,14,2,3,9,1,0,1,0,1,0,0,0,0,4.9852E+20,5.60013E+21,8.9791E+15,5.05531E+16
19900,19901,6,5,33,6,2016,10,8,2,3,5,3,0,0,0,1,0,0,0,0,4.31489E+20,5.58507E+21,8.03574E+15,5.04137E+16
19901,19902,6,5,33,9,2016,10,17,7,2,2,6,0,1,0,1,0,0,0,0,4.3338E+20,5.58389E+21,8.06255E+15,5.04033E+16
19902,19903,6,5,32,23,2016,10,22,7,2,2,7,2,0,0,1,0,0,1,0,4.70818E+20,5.60169E+21,8.58795E+15,5.05664E+16
19903,19904,6,4,32,1,2016,10,6,2,3,2,6,2,1,0,0,0,0,1,0,4.70574E+20,5.50978E+21,8.59161E+15,4.97398E+16
19904,19905,6,6,33,3,2016,10,6,6,2,2,6,0,0,0,1,0,0,0,0,5.31923E+20,5.67912E+21,9.45753E+15,5.12626E+16
19905,19906,6,5,34,7,2016,10,15,5,2,6,4,0,0,0,1,1,0,0,0,4.71524E+20,5.63572E+21,8.59528E+15,5.08724E+16
19906,19907,6,4,39,7,2016,10,11,1,2,8,1,0,1,0,0,0,1,0,0,4.44522E+20,5.56461E+21,8.22215E+15,5.0231E+16
19907,19908,6,4,39,12,2016,10,7,4,3,6,4,0,0,0,1,1,0,0,0,4.29657E+20,5.53935E+21,8.01842E+15,5.00023E+16
19908,19909,6,4,11,0,2016,10,17,3,3,4,3,0,0,1,1,0,0,0,0,4.76221E+20,5.52257E+21,8.6692E+15,4.98551E+16
19909,19910,6,6,34,9,2016,9,10,5,3,4,6,0,0,0,1,0,1,0,0,5.30825E+20,5.64835E+21,9.43916E+15,5.09859E+16
19910,19911,6,4,39,16,2016,10,22,6,3,4,6,2,1,0,1,0,0,0,0,4.55273E+20,5.57049E+21,8.37218E+15,5.02848E+16
19911,19912,6,6,35,21,2016,10,17,7,3,9,1,0,1,0,1,0,0,0,0,4.97718E+20,5.67821E+21,8.96729E+15,5.12552E+16
19912,19913,6,6,31,11,2016,10,2,1,2,9,1,2,1,0,1,0,0,0,0,5.37515E+20,5.59942E+21,9.52948E+15,5.05455E+16
19913,19914,6,5,31,3,2016,10,17,4,2,8,1,0,1,0,1,0,0,0,0,4.85639E+20,5.60669E+21,8.79702E+15,5.06119E+16
19914,19915,6,6,34,7,2016,10,17,7,2,4,6,0,0,0,1,0,0,0,0,5.27779E+20,5.67136E+21,9.39754E+15,5.1193E+16
19915,19916,6,6,36,6,2016,10,6,5,3,9,1,2,1,0,1,0,0,0,0,5.50116E+20,5.67691E+21,9.71795E+15,5.12413E+16
19916,19917,6,4,33,7,2016,10,7,3,3,9,1,1,1,0,1,0,0,0,0,4.67384E+20,5.54396E+21,8.54445E+15,5.0047E+16
19917,19918,6,5,34,14,2016,10,13,6,3,2,6,0,0,0,0,0,1,0,1,4.83084E+20,5.62628E+21,8.76002E+15,5.0788E+16
19918,19919,6,4,40,23,2016,10,7,3,3,8,1,1,0,0,1,0,0,0,0,4.79122E+20,5.56926E+21,8.70701E+15,5.02751E+16
19919,19920,6,4,38,8,2016,10,22,3,3,5,3,2,1,1,1,0,0,0,0,4.87421E+20,5.55198E+21,8.82405E+15,5.012E+16
19920,19921,6,4,40,18,2016,10,7,3,3,2,6,0,0,0,0,0,0,1,0,4.78847E+20,5.58264E+21,8.70239E+15,5.03955E+16
19921,19922,6,5,32,23,2016,10,12,4,3,5,3,0,0,0,1,0,1,0,0,4.63325E+20,5.60131E+21,8.48219E+15,5.05626E+16
19922,19923,6,4,38,1,2016,10,13,7,3,2,6,0,1,0,1,0,0,0,0,4.84319E+20,5.54063E+21,8.78111E+15,5.00178E+16
19923,19924,6,6,31,20,2016,10,13,7,3,5,3,0,1,0,1,0,1,0,0,5.52083E+20,5.60499E+21,9.73586E+15,5.05945E+16
19924,19925,6,4,39,16,2016,10,17,2,3,4,1,2,1,0,1,0,0,0,0,4.51862E+20,5.5664E+21,8.32484E+15,5.02478E+16
19925,19926,6,5,32,23,2016,9,19,6,3,2,6,2,0,0,1,0,0,0,0,4.6923E+20,5.60059E+21,8.56561E+15,5.05564E+16
19926,19927,6,5,33,3,2016,10,16,7,3,2,6,0,1,0,1,0,0,0,0,4.45486E+20,5.57213E+21,8.23459E+15,5.02987E+16
19927,19928,6,4,12,0,2016,9,9,6,3,2,2,0,0,0,1,0,0,1,1,4.71207E+20,5.54984E+21,8.5974E+15,5.01001E+16
19928,19929,6,6,35,6,2016,10,16,2,2,5,3,0,0,0,1,0,1,0,0,4.81638E+20,5.64822E+21,8.73841E+15,5.09853E+16
19929,19930,6,5,31,1,2016,10,18,4,2,8,1,0,0,0,0,0,1,0,0,4.87143E+20,5.61126E+21,8.81813E+15,5.06531E+16
19930,19931,6,4,12,0,2016,10,20,7,3,5,3,2,0,0,1,0,0,0,0,4.81781E+20,5.55406E+21,8.74505E+15,5.01385E+16
19931,19932,6,4,38,1,2016,10,2,3,3,8,7,2,0,0,1,0,0,0,0,4.83635E+20,5.54097E+21,8.77155E+15,5.00208E+16
19932,19933,6,4,40,18,2016,10,16,2,3,9,1,0,1,0,1,0,0,0,0,4.78138E+20,5.57767E+21,8.6927E+15,5.03507E+16
19933,19934,6,4,39,12,2016,10,12,2,2,4,6,0,0,0,1,0,0,0,0,4.33304E+20,5.54078E+21,8.06906E+15,5.00156E+16
19934,19935,6,4,35,28,2016,10,11,7,1,9,1,0,1,0,0,0,1,0,0,5.30433E+20,5.57652E+21,9.42766E+15,5.034E+16
19935,19936,6,6,32,2,2016,10,12,6,3,4,1,0,1,0,1,0,0,0,0,5.53982E+20,5.63341E+21,9.76684E+15,5.08499E+16
19936,19937,6,4,39,11,2016,9,14,5,3,8,6,0,0,0,0,0,1,0,1,4.49375E+20,5.559E+21,8.29094E+15,5.0181E+16
19937,19938,6,4,34,2,2016,10,19,6,3,2,6,2,0,0,1,0,0,0,0,4.75982E+20,5.56813E+21,8.66302E+15,5.02648E+16
19938,19939,6,4,35,6,2016,10,14,4,3,4,6,0,0,0,1,0,0,0,1,4.93426E+20,5.56205E+21,8.90787E+15,5.02106E+16
19939,19940,6,4,36,5,2016,10,9,1,3,2,6,0,0,1,0,0,0,0,0,4.65168E+20,5.54597E+21,8.51331E+15,5.0065E+16
19940,19941,6,6,31,9,2016,10,18,4,2,0,7,1,0,1,0,0,0,0,0,5.4981E+20,5.5997E+21,9.70304E+15,5.05471E+16
19941,19942,6,4,34,8,2016,10,16,3,3,6,6,0,0,1,0,1,0,0,0,4.70073E+20,5.56096E+21,8.58067E+15,5.02E+16
19942,19943,6,4,33,4,2016,10,21,6,3,5,3,2,1,0,1,0,0,1,0,4.63332E+20,5.51459E+21,8.49065E+15,4.97827E+16
19943,19944,6,6,35,11,2016,10,18,7,3,4,6,1,1,0,1,0,0,0,0,4.86961E+20,5.6615E+21,8.81376E+15,5.11048E+16
19944,19945,6,4,14,0,2016,10,9,4,3,1,5,0,1,0,1,0,0,0,0,4.44687E+20,5.54756E+21,8.22694E+15,5.00778E+16
19945,19946,6,4,31,6,2016,10,10,2,2,2,6,0,1,0,1,0,0,0,0,4.67432E+20,5.50553E+21,8.54835E+15,4.97014E+16
19946,19947,6,4,12,0,2016,10,9,2,2,5,3,0,0,0,1,0,1,0,0,4.76454E+20,5.55411E+21,8.67051E+15,5.01387E+16
19947,19948,6,6,11,0,2016,10,11,7,3,6,7,0,0,0,1,1,0,0,0,5.34188E+20,5.6847E+21,9.49052E+15,5.13126E+16
19948,19949,6,4,35,23,2016,10,11,6,2,8,7,0,1,0,1,0,0,0,0,5.04262E+20,5.55393E+21,9.05964E+15,5.01376E+16
19949,19950,6,4,39,8,2016,9,21,5,3,9,1,0,0,0,1,0,0,0,0,4.47331E+20,5.56654E+21,8.26127E+15,5.02487E+16
19950,19951,6,4,36,6,2016,10,16,6,2,2,6,0,0,0,1,0,0,0,0,4.57245E+20,5.54386E+21,8.40286E+15,5.00455E+16
19951,19952,6,5,31,16,2016,10,19,5,3,8,1,2,0,0,1,0,0,0,0,4.88975E+20,5.60315E+21,8.84428E+15,5.05802E+16
19952,19953,6,4,38,5,2016,10,11,1,2,5,3,0,0,0,1,0,0,0,0,4.86925E+20,5.54506E+21,8.81734E+15,5.00577E+16
19953,19954,6,5,32,7,2016,10,8,4,3,2,6,0,0,0,1,0,0,0,1,4.45191E+20,5.61171E+21,8.22464E+15,5.06547E+16
19954,19955,6,4,39,15,2016,10,16,3,3,2,6,0,0,1,1,0,0,0,0,4.42112E+20,5.55595E+21,8.18969E+15,5.0153E+16
19955,19956,6,6,32,15,2016,9,17,5,3,5,2,0,0,0,1,0,0,0,0,5.41541E+20,5.62541E+21,9.58921E+15,5.0779E+16
19956,19957,6,4,34,7,2016,10,22,6,3,7,7,2,0,0,0,0,1,0,0,4.63492E+20,5.57223E+21,8.48738E+15,5.03011E+16
19957,19958,6,4,14,0,2016,10,18,7,3,2,6,2,1,0,1,0,0,0,0,4.4933E+20,5.54198E+21,8.29256E+15,5.0028E+16
19958,19959,6,6,11,0,2016,10,13,4,3,2,6,0,1,0,1,0,0,0,0,5.35944E+20,5.68537E+21,9.51578E+15,5.13185E+16
19959,19960,6,4,36,7,2016,10,15,7,3,1,2,0,0,0,1,0,0,0,0,4.6144E+20,5.54941E+21,8.46088E+15,5.00957E+16
19960,19961,6,4,36,6,2016,10,21,5,3,6,4,2,1,0,1,1,0,0,0,4.53839E+20,5.5408E+21,8.35565E+15,5.00177E+16
19961,19962,6,4,32,22,2016,10,15,2,3,9,1,0,1,0,0,0,1,0,0,4.7416E+20,5.51147E+21,8.64126E+15,4.97551E+16
19962,19963,6,4,40,1,2016,10,16,3,3,9,7,0,0,0,1,0,0,0,0,4.97126E+20,5.57245E+21,8.95964E+15,5.03041E+16
19963,19964,6,5,31,11,2016,10,14,6,3,5,3,0,0,0,1,0,1,0,0,4.8611E+20,5.5965E+21,8.80407E+15,5.05203E+16
19964,19965,6,6,31,9,2016,10,17,3,3,2,6,0,0,0,1,0,0,0,0,5.48206E+20,5.59978E+21,9.68041E+15,5.05479E+16
19965,19966,6,4,11,0,2016,10,19,3,3,2,6,1,0,0,1,0,0,0,0,4.73157E+20,5.51813E+21,8.62687E+15,4.9815E+16
19966,19967,6,4,36,7,2016,10,9,5,3,2,6,0,0,0,1,0,0,0,1,4.54867E+20,5.54525E+21,8.36948E+15,5.00579E+16
19967,19968,6,4,37,2,2016,10,15,2,2,4,1,0,1,0,1,0,0,0,0,4.99117E+20,5.49488E+21,8.98778E+15,4.96065E+16
19968,19969,6,4,40,18,2016,10,12,4,3,2,6,0,0,0,1,0,0,0,0,4.79088E+20,5.58055E+21,8.70591E+15,5.03766E+16
19969,19970,6,5,31,6,2016,10,13,7,2,8,1,0,1,0,1,0,0,0,0,5.03704E+20,5.60364E+21,9.05232E+15,5.05847E+16
19970,19971,6,4,40,1,2016,10,7,2,2,4,3,1,1,0,1,0,0,0,0,4.97518E+20,5.57086E+21,8.96516E+15,5.02899E+16
19971,19972,6,5,31,6,2016,9,18,6,3,5,3,0,0,0,1,0,1,0,0,4.96302E+20,5.60476E+21,8.94775E+15,5.05947E+16
19972,19973,6,5,32,11,2016,10,13,7,3,8,1,0,1,0,1,0,0,0,0,4.43343E+20,5.6229E+21,8.19679E+15,5.07551E+16
19973,19974,6,6,33,21,2016,9,21,6,2,8,1,2,0,0,1,0,0,0,0,5.41483E+20,5.71348E+21,9.59855E+15,5.15708E+16
19974,19975,6,4,34,1,2016,10,6,2,3,2,6,2,0,0,1,0,0,0,0,4.77831E+20,5.5629E+21,8.68925E+15,5.02178E+16
19975,19976,6,5,33,11,2016,10,10,6,3,8,1,0,1,0,0,0,1,0,0,4.40785E+20,5.60304E+21,8.1637E+15,5.05762E+16
19976,19977,6,4,14,0,2016,10,6,4,3,2,6,1,0,0,1,0,0,0,0,4.41168E+20,5.54448E+21,8.17824E+15,5.00497E+16
19977,19978,6,4,36,6,2016,10,15,7,3,3,6,0,0,0,1,0,0,0,0,4.52514E+20,5.54071E+21,8.33718E+15,5.00168E+16
19978,19979,6,4,33,8,2016,10,9,3,3,8,1,0,0,0,0,0,1,0,0,4.65469E+20,5.53605E+21,8.51842E+15,4.99758E+16
19979,19980,6,4,14,0,2016,10,14,1,3,5,2,0,0,0,1,0,0,0,0,4.48689E+20,5.55089E+21,8.28242E+15,5.0108E+16
19980,19981,6,4,36,2,2016,10,7,2,3,5,2,0,0,0,1,0,0,0,0,4.52021E+20,5.55466E+21,8.32854E+15,5.01423E+16
19981,19982,6,4,36,1,2016,10,15,6,3,2,6,0,0,0,1,0,0,0,0,4.64867E+20,5.55404E+21,8.50836E+15,5.01376E+16
19982,19983,6,6,11,0,2016,10,18,5,3,5,3,2,1,0,1,0,0,0,0,5.3475E+20,5.68692E+21,9.49881E+15,5.13325E+16
19983,19984,6,5,33,2,2016,10,0,4,3,5,3,2,0,0,1,0,0,0,0,4.39636E+20,5.57881E+21,8.15139E+15,5.03583E+16
19984,19985,6,4,32,18,2016,10,18,1,3,7,7,2,0,0,1,0,0,0,0,4.68962E+20,5.51974E+21,8.56844E+15,4.98293E+16
19985,19986,6,4,35,14,2016,10,8,4,2,3,2,0,0,0,1,0,1,0,0,4.93665E+20,5.55037E+21,8.91141E+15,5.01055E+16
19986,19987,6,4,38,11,2016,10,14,6,3,3,6,0,1,0,1,0,0,0,0,4.91963E+20,5.54517E+21,8.88772E+15,5.00587E+16
19987,19988,6,5,31,1,2016,10,2,1,3,8,1,2,1,0,1,0,0,0,0,4.88121E+20,5.61341E+21,8.83189E+15,5.06725E+16
19988,19989,6,5,33,17,2016,10,14,7,3,5,3,0,1,0,1,0,0,0,1,4.44767E+20,5.5929E+21,8.22144E+15,5.04855E+16
19989,19990,6,6,34,25,2016,10,7,4,2,2,2,2,1,1,0,0,0,1,0,5.25023E+20,5.66108E+21,9.35738E+15,5.11007E+16
19990,19991,6,4,14,0,2016,10,13,7,3,3,6,0,1,0,1,0,0,0,0,4.45781E+20,5.5456E+21,8.24251E+15,5.00602E+16
19991,19992,6,4,13,0,2016,10,18,7,3,2,6,2,0,0,1,0,0,0,0,4.79912E+20,5.54584E+21,8.71932E+15,5.00645E+16
19992,19993,6,6,34,11,2016,10,17,2,3,2,6,0,1,0,1,0,0,0,1,5.33341E+20,5.64973E+21,9.47513E+15,5.09982E+16
19993,19994,6,5,33,4,2016,10,5,5,3,2,2,2,0,0,1,0,0,0,0,4.32552E+20,5.59863E+21,8.04824E+15,5.05358E+16
19994,19995,6,4,14,0,2016,10,6,3,3,2,6,2,1,0,1,0,0,1,0,4.41369E+20,5.54446E+21,8.18105E+15,5.00495E+16
19995,19996,6,4,14,0,2016,10,10,4,3,2,6,0,0,0,1,0,1,0,0,4.42446E+20,5.54693E+21,8.19572E+15,5.00718E+16
19996,19997,6,4,34,8,2016,9,13,6,3,5,2,0,0,0,1,0,1,0,0,4.70786E+20,5.5602E+21,8.59072E+15,5.01933E+16
19997,19998,6,4,13,0,2016,10,18,1,3,1,5,2,0,0,1,0,0,0,0,4.82317E+20,5.55016E+21,8.75274E+15,5.01034E+16
19998,19999,6,5,32,23,2016,10,7,4,3,9,1,1,1,0,1,0,0,0,0,4.69161E+20,5.6001E+21,8.56468E+15,5.0552E+16
19999,20000,6,5,34,18,2016,10,17,2,3,8,1,0,1,0,1,0,0,0,0,5.00772E+20,5.63084E+21,9.01096E+15,5.08293E+16
20000,20001,6,6,31,18,2016,10,23,7,3,9,1,2,0,0,1,0,0,0,0,5.43881E+20,5.58749E+21,9.61792E+15,5.04378E+16