FID,OBJECTID,ULAND,UREGBEZ,UKREIS,UGEMEINDE,UJAHR,UMONAT,USTUNDE,UWOCHENTAG,UKATEGORIE,UART,UTYP1,ULICHTVERH,IstStrasse,IstRad,IstPKW,IstFuss,IstKrad,IstGkfz,IstSonstig,LINREFX,LINREFY,XGCSWGS84,YGCSWGS84
20001,20002,6,5,31,14,2016,10,16,2,3,2,6,0,0,0,1,0,0,0,0,4.7998E+20,5.59702E+21,8.71757E+15,5.05248E+16
20002,20003,6,6,11,0,2016,10,19,2,3,2,6,2,1,1,1,0,0,0,0,5.33683E+20,5.68769E+21,9.48356E+15,5.13395E+16
20003,20004,6,4,34,1,2016,10,19,6,3,2,6,2,0,0,1,0,0,0,0,4.74573E+20,5.56112E+21,8.64372E+15,5.02018E+16
20004,20005,6,5,32,23,2016,10,9,3,3,5,3,0,0,0,1,0,0,0,0,4.64215E+20,5.60078E+21,8.4948E+15,5.05578E+16
20005,20006,6,6,31,20,2016,10,17,3,3,2,6,1,0,0,1,0,0,0,0,5.50115E+20,5.60368E+21,9.70788E+15,5.05828E+16
20006,20007,6,6,33,15,2016,10,7,4,3,5,3,1,1,0,1,0,0,0,0,5.43122E+20,5.68085E+21,9.61824E+15,5.12773E+16
20007,20008,6,4,40,14,2016,10,18,2,3,8,2,0,0,0,1,0,0,0,0,4.98967E+20,5.5674E+21,8.9855E+15,5.02587E+16
20008,20009,6,6,34,1,2016,10,20,3,3,7,7,2,0,0,1,0,0,0,1,5.21831E+20,5.65596E+21,9.31149E+15,5.10547E+16
20009,20010,6,5,34,10,2016,10,14,2,3,8,1,0,1,0,1,0,0,0,0,4.70632E+20,5.62371E+21,8.58357E+15,5.07644E+16
20010,20011,6,5,31,4,2016,9,6,6,2,5,2,2,0,0,1,0,0,0,0,4.84423E+20,5.59928E+21,8.78015E+15,5.05453E+16
20011,20012,6,5,33,11,2016,10,17,7,1,9,1,0,1,0,1,0,0,0,0,4.39884E+20,5.59682E+21,8.15198E+15,5.05202E+16
20012,20013,6,4,33,1,2016,10,8,2,3,5,3,0,1,0,1,0,0,0,0,4.62033E+20,5.51349E+21,8.47271E+15,4.97727E+16
20013,20014,6,4,33,2,2016,10,13,6,2,5,3,0,0,1,1,0,0,0,0,4.54092E+20,5.53702E+21,8.35963E+15,4.99837E+16
20014,20015,6,4,13,0,2016,10,19,5,3,6,4,2,0,0,1,1,0,0,0,4.85718E+20,5.55331E+21,8.80017E+15,5.01318E+16
20015,20016,6,5,35,19,2016,10,7,6,3,5,3,0,0,0,1,0,1,0,0,5.31326E+20,5.60871E+21,9.44292E+15,5.06294E+16
20016,20017,6,4,12,0,2016,10,7,3,3,8,7,1,0,0,0,0,0,0,1,4.77207E+20,5.54548E+21,8.68155E+15,5.00611E+16
20017,20018,6,4,32,21,2016,10,12,5,3,8,1,0,1,0,1,0,0,0,0,5.00254E+20,5.52926E+21,9.00354E+15,4.99157E+16
20018,20019,6,6,33,25,2016,10,13,1,2,9,7,0,0,0,1,0,0,0,0,5.28364E+20,5.71644E+21,9.4095E+15,5.15983E+16
20019,20020,6,4,31,14,2016,10,11,2,3,2,6,0,0,0,1,0,0,0,0,4.78523E+20,5.50663E+21,8.7021E+15,4.97118E+16
20020,20021,6,4,14,0,2016,10,9,1,3,8,6,0,0,0,1,0,0,0,0,4.45654E+20,5.54641E+21,8.24063E+15,5.00675E+16
20021,20022,6,6,32,18,2016,10,8,6,3,2,6,0,1,0,1,0,0,0,0,5.51376E+20,5.65009E+21,9.73218E+15,5.10001E+16
20022,20023,6,6,11,0,2016,10,14,5,3,2,6,0,0,0,1,0,0,0,0,5.31751E+20,5.67974E+21,9.45512E+15,5.12681E+16
20023,20024,6,4,14,0,2016,10,1,4,2,3,6,2,0,1,1,0,0,0,1,4.44053E+20,5.5475E+21,8.2181E+15,5.00771E+16
20024,20025,6,5,31,6,2016,10,15,1,2,9,7,0,0,0,0,0,1,0,0,4.96918E+20,5.60961E+21,8.95642E+15,5.06384E+16
20025,20026,6,4,36,6,2016,10,11,4,3,2,6,0,0,0,1,0,0,0,0,4.55778E+20,5.54575E+21,8.38214E+15,5.00624E+16
20026,20027,6,4,35,14,2016,10,16,5,3,3,1,0,1,0,1,0,0,0,0,4.96119E+20,5.55411E+21,8.94569E+15,5.01392E+16
20027,20028,6,4,36,9,2016,10,9,1,3,2,7,0,0,0,1,0,0,0,0,4.63127E+20,5.54879E+21,8.48453E+15,5.00902E+16
20028,20029,6,6,11,0,2016,10,12,3,3,3,6,0,0,1,1,0,0,0,0,5.33726E+20,5.68598E+21,9.48402E+15,5.13241E+16
20029,20030,6,4,35,12,2016,10,12,4,3,5,2,0,0,0,1,0,0,0,0,5.09097E+20,5.56146E+21,9.12748E+15,5.02052E+16
20030,20031,6,4,12,0,2016,10,19,7,3,0,3,2,1,1,1,0,0,0,0,4.78967E+20,5.55108E+21,8.70584E+15,5.01116E+16
20031,20032,6,4,39,16,2016,10,15,7,3,4,6,0,1,0,1,0,0,0,0,4.50937E+20,5.5663E+21,8.31187E+15,5.02468E+16
20032,20033,6,4,14,0,2016,10,15,6,3,6,2,0,0,0,1,1,0,0,0,4.52905E+20,5.5454E+21,8.34206E+15,5.00591E+16
20033,20034,6,5,33,6,2016,10,14,2,3,2,6,0,1,0,1,0,0,0,0,4.28116E+20,5.58494E+21,7.98829E+15,5.04121E+16
20034,20035,6,6,36,16,2016,10,17,5,3,0,1,0,0,0,0,0,1,0,0,5.57196E+20,5.68706E+21,9.82099E+15,5.1332E+16
20035,20036,6,5,35,11,2016,10,12,2,3,5,3,0,0,0,1,0,0,0,0,5.29559E+20,5.61121E+21,9.41813E+15,5.0652E+16
20036,20037,6,4,39,16,2016,10,11,4,3,9,1,0,1,0,1,0,0,0,0,4.50877E+20,5.56597E+21,8.31108E+15,5.02439E+16
20037,20038,6,4,40,5,2016,9,16,6,3,3,2,0,1,0,1,0,1,0,0,4.72338E+20,5.58232E+21,8.61085E+15,5.03923E+16
20038,20039,6,4,39,15,2016,10,18,1,3,8,1,1,1,0,1,0,0,0,0,4.39318E+20,5.55982E+21,8.14996E+15,5.01875E+16
20039,20040,6,4,36,12,2016,10,4,3,3,2,6,2,0,0,1,0,0,0,1,4.65616E+20,5.55432E+21,8.51882E+15,5.01401E+16
20040,20041,6,5,32,1,2016,10,12,2,3,2,6,0,1,0,1,0,0,0,0,4.62795E+20,5.60355E+21,8.47448E+15,5.05827E+16
20041,20042,6,5,31,5,2016,10,13,2,3,2,6,0,0,0,1,0,0,0,0,4.77742E+20,5.60527E+21,8.6855E+15,5.05989E+16
20042,20043,6,6,31,20,2016,10,16,1,2,4,1,0,0,0,1,0,0,0,0,5.51899E+20,5.60576E+21,9.73336E+15,5.06014E+16
20043,20044,6,6,31,18,2016,10,17,7,2,8,1,0,1,0,1,0,0,0,0,5.4519E+20,5.58989E+21,9.63664E+15,5.04592E+16
20044,20045,6,4,13,0,2016,10,6,2,3,2,6,2,0,0,1,0,0,1,0,4.79916E+20,5.54584E+21,8.71938E+15,5.00645E+16
20045,20046,6,4,36,4,2016,10,17,6,2,4,6,0,0,0,1,0,1,0,0,4.59067E+20,5.54056E+21,8.42866E+15,5.00159E+16
20046,20047,6,4,40,4,2016,10,19,5,3,8,1,2,0,0,0,0,1,0,0,5.0681E+20,5.57024E+21,9.09558E+15,5.02843E+16
20047,20048,6,6,33,28,2016,10,18,1,3,9,1,1,0,0,1,0,0,0,0,5.11388E+20,5.68125E+21,9.16328E+15,5.12824E+16
20048,20049,6,6,33,14,2016,10,18,4,2,5,3,0,0,0,1,0,1,0,0,5.33387E+20,5.69714E+21,9.4802E+15,5.14245E+16
20049,20050,6,4,14,0,2016,10,8,3,3,2,6,0,0,0,1,0,0,0,0,4.47731E+20,5.54745E+21,8.2695E+15,5.0077E+16
20050,20051,6,6,11,0,2016,9,19,5,3,6,4,1,0,0,1,1,0,0,0,5.3413E+20,5.68745E+21,9.48995E+15,5.13373E+16
20051,20052,6,4,11,0,2016,10,23,6,3,2,6,2,1,0,1,0,0,0,0,4.74435E+20,5.52459E+21,8.64422E+15,4.98731E+16
20052,20053,6,5,31,4,2016,10,8,5,3,8,3,0,1,0,1,0,0,0,0,4.83386E+20,5.60413E+21,8.7653E+15,5.05889E+16
20053,20054,6,4,33,7,2016,10,16,1,3,9,1,0,0,0,1,0,0,0,0,4.68417E+20,5.5443E+21,8.55884E+15,5.00502E+16
20054,20055,6,4,14,0,2016,10,7,2,3,2,6,0,0,0,1,0,0,0,0,4.51221E+20,5.55548E+21,8.31725E+15,5.01495E+16
20055,20056,6,4,33,12,2016,10,0,1,2,5,3,2,1,1,1,0,0,0,0,4.59099E+20,5.53716E+21,8.42946E+15,4.99854E+16
20056,20057,6,5,31,3,2016,10,14,5,3,2,6,0,0,0,1,0,0,0,0,4.8658E+20,5.60414E+21,8.81042E+15,5.0589E+16
20057,20058,6,6,34,12,2016,10,14,7,2,4,1,0,0,0,1,0,0,0,1,5.34431E+20,5.67059E+21,9.49266E+15,5.11857E+16
20058,20059,6,5,32,6,2016,10,11,7,3,5,2,0,0,0,1,0,0,0,0,4.51848E+20,5.62144E+21,8.31754E+15,5.07427E+16
20059,20060,6,5,32,16,2016,10,9,2,3,8,1,0,0,0,1,0,0,0,0,4.56383E+20,5.59983E+21,8.38435E+15,5.05487E+16
20060,20061,6,6,31,12,2016,10,5,6,3,5,3,2,1,0,1,0,0,0,0,5.7082E+20,5.60264E+21,1.00001E+16,5.05714E+16
20061,20062,6,6,32,3,2016,10,20,5,3,2,6,2,1,1,1,0,0,0,0,5.55775E+20,5.64689E+21,9.79437E+15,5.09709E+16
20062,20063,6,4,37,2,2016,10,16,1,3,3,2,0,0,0,0,0,1,0,0,4.97395E+20,5.49104E+21,8.96398E+15,4.95719E+16
20063,20064,6,4,12,0,2016,10,21,4,3,3,6,2,0,0,1,0,1,0,0,4.75723E+20,5.55577E+21,8.66017E+15,5.01537E+16
20064,20065,6,6,33,26,2016,9,13,5,2,6,4,0,0,0,0,1,0,1,0,5.3279E+20,5.69097E+21,9.47105E+15,5.1369E+16
20065,20066,6,4,14,0,2016,10,11,6,3,5,6,0,1,0,1,0,0,0,0,4.48478E+20,5.54896E+21,8.27973E+15,5.00906E+16
20066,20067,6,4,12,0,2016,10,9,3,2,8,7,0,0,0,1,0,0,0,0,4.74857E+20,5.54491E+21,8.64876E+15,5.0056E+16
20067,20068,6,5,34,6,2016,10,22,5,3,0,7,2,0,0,1,0,0,0,0,4.88289E+20,5.6328E+21,8.83365E+15,5.08468E+16
20068,20069,6,4,31,13,2016,10,17,1,3,2,7,0,0,0,1,0,1,0,0,4.63335E+20,5.49391E+21,8.49263E+15,4.95966E+16
20069,20070,6,4,38,13,2016,10,11,2,3,7,1,0,0,0,0,0,0,1,0,4.95132E+20,5.54343E+21,8.93201E+15,5.00431E+16
20070,20071,6,4,37,11,2016,10,2,1,2,8,1,2,1,0,1,0,0,0,0,4.9917E+20,5.50354E+21,8.98849E+15,4.96844E+16
20071,20072,6,4,33,7,2016,10,23,5,2,9,1,2,0,0,0,0,0,0,1,4.673E+20,5.5439E+21,8.54328E+15,5.00465E+16
20072,20073,6,4,31,20,2016,10,16,1,2,2,6,0,0,0,1,0,1,0,0,4.68133E+20,5.4869E+21,8.55959E+15,4.95339E+16
20073,20074,6,5,33,7,2016,10,4,3,3,4,6,2,1,0,1,0,0,0,0,4.34178E+20,5.5888E+21,8.07292E+15,5.04475E+16
20074,20075,6,6,11,0,2016,10,12,5,3,5,3,0,1,0,1,0,0,0,0,5.3475E+20,5.68692E+21,9.49881E+15,5.13325E+16
20075,20076,6,5,31,18,2016,10,5,7,3,8,1,2,1,0,1,0,0,0,0,4.75272E+20,5.60654E+21,8.65051E+15,5.06102E+16
20076,20077,6,4,12,0,2016,10,18,3,3,0,1,0,1,0,0,0,1,0,0,4.78689E+20,5.55229E+21,8.70188E+15,5.01225E+16
20077,20078,6,4,33,2,2016,10,7,4,2,2,6,0,1,0,1,0,0,0,0,4.53338E+20,5.53832E+21,8.34896E+15,4.99954E+16
20078,20079,6,6,34,22,2016,10,17,7,2,8,1,0,1,0,1,0,0,0,0,5.19636E+20,5.64036E+21,9.27933E+15,5.09146E+16
20079,20080,6,4,34,11,2016,10,20,7,3,8,1,2,1,0,1,0,0,0,0,4.64559E+20,5.57567E+21,8.50204E+15,5.03321E+16
20080,20081,6,5,35,1,2016,10,11,7,3,2,6,0,1,0,1,0,0,0,0,5.18726E+20,5.62186E+21,9.26544E+15,5.07482E+16
20081,20082,6,4,12,0,2016,10,16,6,3,3,2,0,0,1,1,0,0,0,0,4.76392E+20,5.55042E+21,8.66986E+15,5.01056E+16
20082,20083,6,4,35,9,2016,10,12,5,3,0,6,0,0,0,1,0,0,0,1,5.11216E+20,5.55397E+21,9.15695E+15,5.01379E+16
20083,20084,6,6,31,6,2016,10,5,7,3,8,1,2,1,0,1,0,0,0,0,5.46293E+20,5.59118E+21,9.65234E+15,5.04708E+16
20084,20085,6,6,35,19,2016,9,11,6,3,4,6,0,1,0,1,0,1,0,1,4.93536E+20,5.67181E+21,8.90749E+15,5.11977E+16
20085,20086,6,4,12,0,2016,10,19,2,3,2,6,2,1,0,1,0,0,0,0,4.76719E+20,5.55531E+21,8.67414E+15,5.01496E+16
20086,20087,6,4,31,19,2016,10,16,4,2,9,1,0,0,0,0,0,1,0,0,4.85188E+20,5.49204E+21,8.7951E+15,4.95808E+16
20087,20088,6,5,34,10,2016,9,15,6,2,8,1,0,0,0,0,0,0,1,0,4.65738E+20,5.62068E+21,8.51447E+15,5.07369E+16
20088,20089,6,4,40,19,2016,10,12,1,2,4,1,0,1,0,1,0,0,0,0,5.03024E+20,5.57702E+21,9.0425E+15,5.03453E+16
20089,20090,6,4,31,18,2016,10,19,7,2,6,4,2,1,0,1,1,0,0,0,4.89913E+20,5.47225E+21,8.86097E+15,4.94028E+16
20090,20091,6,4,39,8,2016,10,12,3,3,5,3,0,0,0,1,0,1,0,0,4.4826E+20,5.56344E+21,8.27471E+15,5.02209E+16
20091,20092,6,6,32,11,2016,10,19,2,2,2,6,2,1,0,1,0,0,0,1,5.43297E+20,5.63234E+21,9.61494E+15,5.08411E+16
20092,20093,6,6,11,0,2016,10,12,2,3,2,6,0,0,0,1,0,0,0,0,5.3442E+20,5.68449E+21,9.49383E+15,5.13107E+16
20093,20094,6,4,13,0,2016,10,20,7,3,2,6,2,0,0,1,0,1,0,0,4.82581E+20,5.55026E+21,8.75642E+15,5.01043E+16
20094,20095,6,6,11,0,2016,10,9,7,3,8,1,0,1,0,1,0,0,0,0,5.33425E+20,5.68174E+21,9.47931E+15,5.1286E+16
20095,20096,6,6,33,17,2016,10,17,1,3,2,2,0,0,0,1,0,0,0,0,5.38988E+20,5.68116E+21,9.559E+15,5.12804E+16
20096,20097,6,4,12,0,2016,10,14,6,3,2,6,0,0,0,1,0,0,0,0,4.71132E+20,5.54462E+21,8.59674E+15,5.00531E+16
20097,20098,6,6,31,15,2016,10,15,5,3,0,3,0,1,0,0,0,1,1,0,5.53162E+20,5.61555E+21,9.7526E+15,5.06894E+16
20098,20099,6,4,39,13,2016,10,16,1,3,3,6,0,0,0,1,0,1,0,0,4.23224E+20,5.53677E+21,7.92918E+15,4.99783E+16
20099,20100,6,4,38,13,2016,10,6,4,3,5,3,2,0,1,1,0,0,0,0,4.95836E+20,5.54193E+21,8.94186E+15,5.00297E+16
20100,20101,6,6,11,0,2016,10,12,3,3,2,6,0,0,0,0,0,0,1,1,5.35765E+20,5.68703E+21,9.51339E+15,5.13334E+16
20101,20102,6,6,11,0,2016,9,23,5,3,1,1,2,0,0,1,0,0,0,0,5.33038E+20,5.68436E+21,9.47399E+15,5.13096E+16
20102,20103,6,4,38,3,2016,10,5,6,3,5,2,2,1,0,1,0,0,0,0,4.76676E+20,5.53456E+21,8.6748E+15,4.9963E+16
20103,20104,6,5,33,3,2016,10,13,7,1,4,1,0,1,0,1,0,0,0,0,4.48503E+20,5.57117E+21,8.27707E+15,5.02904E+16
20104,20105,6,5,33,9,2016,10,8,4,2,9,1,0,1,0,1,0,0,0,0,4.34211E+20,5.58216E+21,8.07455E+15,5.03878E+16
20105,20106,6,4,13,0,2016,10,12,7,2,5,3,0,0,0,1,0,0,0,0,4.83953E+20,5.54537E+21,8.7758E+15,5.00604E+16
20106,20107,6,6,35,13,2016,10,21,5,3,9,1,2,1,0,1,0,0,0,0,4.90772E+20,5.65477E+21,8.86837E+15,5.10444E+16
20107,20108,6,4,33,5,2016,10,8,3,3,0,1,0,1,0,0,0,1,0,0,4.51914E+20,5.53645E+21,8.32934E+15,4.99784E+16
20108,20109,6,6,31,5,2016,10,15,6,3,3,3,0,0,0,0,0,1,0,1,5.71875E+20,5.59771E+21,1.0014E+16,5.05269E+16
20109,20110,6,4,33,4,2016,10,7,3,3,2,6,1,1,0,1,0,0,0,0,4.64421E+20,5.51136E+21,8.50607E+15,4.97537E+16
20110,20111,6,4,35,29,2016,10,9,3,1,9,1,0,1,0,1,0,0,1,0,5.21643E+20,5.5706E+21,9.30381E+15,5.02871E+16
20111,20112,6,5,32,23,2016,10,12,5,3,5,3,0,0,0,1,0,0,0,0,4.65511E+20,5.60023E+21,8.51316E+15,5.0553E+16
20112,20113,6,5,33,7,2016,10,11,2,3,5,3,0,1,0,1,0,0,0,0,4.34165E+20,5.58886E+21,8.07272E+15,5.04481E+16
20113,20114,6,4,38,11,2016,10,23,4,3,9,1,2,1,0,1,0,0,0,0,4.92045E+20,5.54285E+21,8.88891E+15,5.00379E+16
20114,20115,6,4,32,21,2016,10,18,7,3,8,1,1,1,0,1,0,0,0,0,5.00232E+20,5.52921E+21,9.00323E+15,4.99152E+16
20115,20116,6,5,32,23,2016,10,6,7,3,4,6,1,1,0,1,0,0,0,0,4.64703E+20,5.60169E+21,8.50161E+15,5.0566E+16
20116,20117,6,5,33,17,2016,10,18,2,2,1,6,1,1,1,1,0,0,0,0,4.47501E+20,5.59339E+21,8.25991E+15,5.04902E+16
20117,20118,6,4,36,4,2016,9,12,6,2,5,3,0,0,0,1,0,1,0,0,4.60226E+20,5.54332E+21,8.44454E+15,5.00408E+16
20118,20119,6,4,12,0,2016,10,11,5,3,2,6,0,1,0,1,0,0,0,0,4.80826E+20,5.55184E+21,8.7318E+15,5.01185E+16
20119,20120,6,4,38,11,2016,10,12,3,3,2,6,0,0,0,0,0,0,1,0,4.90227E+20,5.54538E+21,8.86347E+15,5.00606E+16
20120,20121,6,6,11,0,2016,10,21,7,3,2,6,2,1,0,1,0,0,0,0,5.36043E+20,5.6837E+21,9.51704E+15,5.13035E+16
20121,20122,6,4,40,8,2016,10,10,6,2,2,6,0,0,0,1,0,0,0,0,4.84551E+20,5.57804E+21,8.78284E+15,5.03542E+16
20122,20123,6,4,40,16,2016,10,11,3,3,8,1,0,0,0,1,0,0,0,0,5.0041E+20,5.58331E+21,9.00577E+15,5.04018E+16
20123,20124,6,6,35,16,2016,10,7,3,2,9,1,0,1,0,0,0,0,0,1,4.82298E+20,5.66689E+21,8.74689E+15,5.11532E+16
20124,20125,6,4,39,8,2016,10,8,3,2,2,6,0,1,0,1,0,0,0,1,4.46384E+20,5.56475E+21,8.24824E+15,5.02324E+16
20125,20126,6,6,31,18,2016,10,8,4,3,5,3,0,1,0,1,0,0,0,0,5.43313E+20,5.58803E+21,9.60999E+15,5.04427E+16
20126,20127,6,6,35,4,2016,10,11,7,3,9,7,0,1,0,0,0,1,0,0,4.72288E+20,5.65364E+21,8.60478E+15,5.10336E+16
20127,20128,6,4,40,16,2016,10,13,7,3,8,1,0,1,0,1,0,0,0,0,4.99909E+20,5.58919E+21,8.99872E+15,5.04547E+16
20128,20129,6,5,34,21,2016,10,14,7,3,8,1,0,1,0,1,0,0,0,0,4.76749E+20,5.63954E+21,8.6693E+15,5.0907E+16
20129,20130,6,4,34,1,2016,10,11,6,2,3,6,0,0,1,0,0,0,1,0,4.72603E+20,5.56258E+21,8.616E+15,5.02148E+16
20130,20131,6,4,12,0,2016,10,23,2,3,5,2,2,1,1,1,0,0,0,0,4.78213E+20,5.55082E+21,8.6953E+15,5.01092E+16
20131,20132,6,4,38,11,2016,9,16,6,3,2,6,0,0,0,1,0,0,1,0,4.90233E+20,5.54538E+21,8.86354E+15,5.00606E+16
20132,20133,6,4,12,0,2016,10,7,5,3,2,6,1,0,0,1,0,0,0,0,4.80924E+20,5.55324E+21,8.73309E+15,5.01311E+16
20133,20134,6,4,12,0,2016,10,3,7,3,9,1,2,1,0,1,0,0,0,0,4.70744E+20,5.55366E+21,8.59063E+15,5.01345E+16
20134,20135,6,4,14,0,2016,9,5,6,3,5,3,2,0,0,1,0,0,0,0,4.44535E+20,5.54847E+21,8.22469E+15,5.00859E+16
20135,20136,6,6,34,24,2016,10,7,2,3,5,2,0,0,0,1,0,1,0,0,5.46168E+20,5.66287E+21,9.6596E+15,5.11154E+16
20136,20137,6,6,31,4,2016,10,7,4,2,6,6,1,1,0,1,1,0,0,0,5.60744E+20,5.59149E+21,9.856E+15,5.04722E+16
20137,20138,6,6,31,17,2016,10,19,7,3,8,1,2,1,0,1,0,0,0,0,5.51069E+20,5.59651E+21,9.72037E+15,5.05183E+16
20138,20139,6,4,36,7,2016,10,7,3,3,2,6,0,0,0,1,0,0,0,0,4.62645E+20,5.54931E+21,8.47775E+15,5.00949E+16
20139,20140,6,4,33,12,2016,10,11,2,2,8,1,0,1,0,1,0,0,0,0,4.61931E+20,5.53496E+21,8.46919E+15,4.99658E+16
20140,20141,6,6,33,10,2016,10,12,2,3,2,2,0,0,0,1,0,1,0,0,5.28987E+20,5.69964E+21,9.41712E+15,5.14472E+16
20141,20142,6,6,34,8,2016,10,15,7,2,5,3,0,0,0,1,0,0,0,0,5.33115E+20,5.67231E+21,9.47399E+15,5.12012E+16
20142,20143,6,5,31,5,2016,10,11,6,2,5,3,0,1,1,0,0,0,0,1,4.77606E+20,5.60504E+21,8.68359E+15,5.05968E+16
20143,20144,6,4,39,15,2016,9,13,5,3,2,6,0,0,0,1,0,0,0,0,4.42834E+20,5.55584E+21,8.1998E+15,5.0152E+16
20144,20145,6,4,32,18,2016,10,17,6,3,2,6,0,0,0,1,0,0,0,0,4.69956E+20,5.51856E+21,8.58235E+15,4.98187E+16
20145,20146,6,4,38,9,2016,10,15,5,3,2,6,0,0,0,1,0,0,0,0,4.74796E+20,5.54485E+21,8.64792E+15,5.00554E+16
20146,20147,6,4,34,3,2016,10,15,1,3,2,6,0,0,0,1,0,1,0,0,4.59724E+20,5.56456E+21,8.43529E+15,5.02319E+16
20147,20148,6,4,32,10,2016,10,7,4,2,2,6,1,0,0,1,0,1,0,0,4.93019E+20,5.52543E+21,8.90283E+15,4.98812E+16
20148,20149,6,4,38,10,2016,10,22,3,3,4,6,2,0,0,1,0,0,0,0,4.90557E+20,5.54601E+21,8.86805E+15,5.00663E+16
20149,20150,6,4,14,0,2016,9,15,5,3,2,6,0,0,0,1,0,1,0,0,4.5154E+20,5.53967E+21,8.32371E+15,5.00074E+16
20150,20151,6,5,32,10,2016,10,9,6,3,8,1,0,1,0,1,0,0,0,0,4.40857E+20,5.60314E+21,8.1647E+15,5.05772E+16
20151,20152,6,6,33,10,2016,10,11,7,3,8,1,0,1,0,1,0,0,0,0,5.28669E+20,5.69861E+21,9.41246E+15,5.14379E+16
20152,20153,6,6,11,0,2016,10,11,4,3,9,1,0,1,0,1,0,0,0,0,5.3401E+20,5.68597E+21,9.48809E+15,5.1324E+16
20153,20154,6,4,32,17,2016,10,14,7,3,3,6,0,0,1,1,0,0,0,0,4.93085E+20,5.51983E+21,8.90385E+15,4.98308E+16
20154,20155,6,5,34,14,2016,10,9,2,3,9,1,0,1,0,1,0,0,0,0,4.85673E+20,5.63372E+21,8.79646E+15,5.0855E+16
20155,20156,6,6,34,11,2016,10,14,2,3,9,1,0,1,0,1,0,0,0,0,5.32552E+20,5.65042E+21,9.46394E+15,5.10044E+16
20156,20157,6,4,35,10,2016,10,6,6,3,2,6,2,0,0,1,0,0,0,0,5.15552E+20,5.56067E+21,9.21791E+15,5.0198E+16
20157,20158,6,6,31,20,2016,10,11,3,3,0,7,0,1,0,0,0,1,0,0,5.50057E+20,5.60177E+21,9.7068E+15,5.05657E+16
20158,20159,6,5,34,9,2016,10,17,3,3,8,1,0,0,0,1,0,0,0,0,4.81939E+20,5.61751E+21,8.74421E+15,5.07091E+16
20159,20160,6,5,31,4,2016,10,18,5,3,2,6,2,0,0,1,0,0,0,0,4.84721E+20,5.5996E+21,8.78434E+15,5.05481E+16
20160,20161,6,4,35,19,2016,10,17,2,3,5,3,1,1,1,1,0,0,0,0,4.88256E+20,5.55337E+21,8.83568E+15,5.01325E+16
20161,20162,6,4,40,23,2016,10,19,4,3,3,6,2,0,0,1,0,0,0,0,4.77914E+20,5.57363E+21,8.68979E+15,5.03143E+16
20162,20163,6,5,32,12,2016,10,12,2,3,5,2,0,1,0,1,0,0,0,0,4.5102E+20,5.61449E+21,8.30673E+15,5.06802E+16
20163,20164,6,4,35,17,2016,9,17,6,3,2,6,0,1,0,1,0,0,0,0,5.03796E+20,5.55815E+21,9.05316E+15,5.01756E+16
20164,20165,6,4,35,23,2016,9,16,6,3,2,6,0,1,0,1,0,0,0,0,5.02952E+20,5.55583E+21,9.04132E+15,5.01547E+16
20165,20166,6,6,35,14,2016,9,12,6,3,5,3,0,0,0,1,0,1,0,0,4.69999E+20,5.6481E+21,8.57259E+15,5.09837E+16
20166,20167,6,4,36,9,2016,10,8,2,3,5,2,0,1,0,1,0,0,0,0,4.61997E+20,5.54652E+21,8.46895E+15,5.00698E+16
20167,20168,6,4,37,10,2016,10,23,6,1,4,6,2,1,0,1,0,0,0,0,5.03612E+20,5.51609E+21,9.05019E+15,4.97972E+16
20168,20169,6,4,38,9,2016,10,15,7,3,2,6,0,1,0,1,0,0,0,1,4.70827E+20,5.5414E+21,8.59273E+15,5.00242E+16
20169,20170,6,5,32,1,2016,10,22,3,3,5,3,2,1,0,1,0,0,0,0,4.61644E+20,5.60469E+21,8.45811E+15,5.05928E+16
20170,20171,6,5,32,8,2016,10,13,5,2,4,6,0,0,0,1,0,0,0,0,4.54429E+20,5.6073E+21,8.35586E+15,5.06158E+16
20171,20172,6,4,12,0,2016,10,12,1,3,5,2,0,0,0,1,0,0,0,0,4.76144E+20,5.55513E+21,8.66611E+15,5.01479E+16
20172,20173,6,4,35,10,2016,10,14,2,3,5,3,0,0,0,1,0,0,0,0,5.12371E+20,5.56145E+21,9.17335E+15,5.02051E+16
20173,20174,6,6,33,15,2016,10,7,1,3,8,1,0,1,0,1,0,0,0,0,5.45958E+20,5.68043E+21,9.65883E+15,5.12734E+16
20174,20175,6,6,36,8,2016,10,14,6,3,4,1,0,1,0,1,0,0,0,0,5.61267E+20,5.67388E+21,9.87716E+15,5.1213E+16
20175,20176,6,6,11,0,2016,10,21,5,2,5,3,2,1,1,1,0,0,0,0,5.3516E+20,5.68514E+21,9.50451E+15,5.13164E+16
20176,20177,6,6,11,0,2016,10,10,4,3,1,5,0,0,0,0,0,0,1,1,5.36907E+20,5.68383E+21,9.52945E+15,5.13046E+16
20177,20178,6,4,32,14,2016,10,18,1,3,8,1,0,1,0,1,0,0,0,0,4.76681E+20,5.51735E+21,8.67591E+15,4.98082E+16
20178,20179,6,6,33,23,2016,10,10,4,3,2,6,0,0,0,1,0,0,1,0,5.21244E+20,5.684E+21,9.30477E+15,5.1307E+16
20179,20180,6,4,33,10,2016,10,11,7,3,2,6,0,1,0,1,0,0,0,0,4.62442E+20,5.54172E+21,8.47565E+15,5.00266E+16
20180,20181,6,4,12,0,2016,9,2,6,3,5,3,2,0,1,1,0,0,0,0,4.76073E+20,5.55055E+21,8.6654E+15,5.01068E+16