FID,OBJECTID,ULAND,UREGBEZ,UKREIS,UGEMEINDE,UJAHR,UMONAT,USTUNDE,UWOCHENTAG,UKATEGORIE,UART,UTYP1,ULICHTVERH,IstStrasse,IstRad,IstPKW,IstFuss,IstKrad,IstGkfz,IstSonstig,LINREFX,LINREFY,XGCSWGS84,YGCSWGS84
20181,20182,6,4,38,11,2016,10,16,2,3,9,1,0,0,0,0,0,1,0,0,4.89731E+20,5.53756E+21,8.85674E+15,4.99903E+16
20182,20183,6,4,38,7,2016,10,17,4,3,2,6,0,0,0,1,0,1,0,0,5.02079E+20,5.53955E+21,9.02902E+15,5.00083E+16
20183,20184,6,6,31,9,2016,10,5,7,3,8,1,2,1,0,1,0,0,0,0,5.48276E+20,5.60668E+21,9.68229E+15,5.061E+16
20184,20185,6,4,40,6,2016,10,6,3,3,2,6,2,0,0,1,0,0,0,0,4.92575E+20,5.57921E+21,8.8956E+15,5.03649E+16
20185,20186,6,6,36,7,2016,10,8,1,3,8,1,0,1,0,1,0,0,0,0,5.71187E+20,5.67612E+21,1.00196E+16,5.1232E+16
20186,20187,6,4,38,8,2016,10,15,2,3,5,2,0,0,0,1,0,0,0,0,4.9022E+20,5.55225E+21,8.86319E+15,5.01224E+16
20187,20188,6,5,35,14,2016,10,14,6,3,2,6,0,0,0,1,0,0,0,0,5.16711E+20,5.6197E+21,9.23677E+15,5.07288E+16
20188,20189,6,5,32,23,2016,10,19,6,3,2,6,2,1,0,1,0,0,0,0,4.67167E+20,5.60359E+21,8.53624E+15,5.05833E+16
20189,20190,6,6,32,9,2016,10,14,4,3,4,1,0,0,0,1,0,0,0,0,5.70393E+20,5.63655E+21,1.00005E+16,5.08763E+16
20190,20191,6,4,40,9,2016,10,14,1,3,4,3,0,0,0,1,0,1,0,0,5.13982E+20,5.58637E+21,9.19685E+15,5.04292E+16
20191,20192,6,5,31,6,2016,10,5,4,3,5,3,2,0,1,1,0,0,0,0,4.96805E+20,5.60469E+21,8.95486E+15,5.05941E+16
20192,20193,6,4,35,10,2016,10,18,3,2,5,3,0,0,1,1,0,0,0,0,5.11085E+20,5.55949E+21,9.15528E+15,5.01875E+16
20193,20194,6,6,31,9,2016,10,7,6,2,5,3,2,1,0,1,0,1,0,0,5.4895E+20,5.60016E+21,9.69095E+15,5.05513E+16
20194,20195,6,4,39,8,2016,10,17,7,3,4,6,0,1,0,1,0,0,0,0,4.44841E+20,5.55944E+21,8.22738E+15,5.01846E+16
20195,20196,6,4,14,0,2016,10,16,4,2,4,6,0,0,0,1,0,0,0,0,4.43471E+20,5.5495E+21,8.20967E+15,5.00951E+16
20196,20197,6,5,31,5,2016,10,5,7,3,5,3,2,0,0,1,0,0,0,0,4.79414E+20,5.60279E+21,8.70926E+15,5.05766E+16
20197,20198,6,6,34,11,2016,10,16,2,2,2,1,0,1,0,1,0,0,0,1,5.34277E+20,5.65258E+21,9.48874E+15,5.10238E+16
20198,20199,6,4,14,0,2016,10,19,2,3,2,6,2,1,0,1,0,0,0,0,4.43643E+20,5.55094E+21,8.21185E+15,5.01081E+16
20199,20200,6,4,40,5,2016,10,19,6,3,3,6,2,0,0,1,0,0,0,1,4.78328E+20,5.58767E+21,8.69481E+15,5.04406E+16
20200,20201,6,6,31,6,2016,10,13,3,3,9,7,0,0,0,1,0,0,0,0,5.46482E+20,5.59133E+21,9.65502E+15,5.04721E+16
20201,20202,6,4,38,11,2016,10,11,3,3,9,1,0,0,0,1,0,0,0,0,4.91981E+20,5.53827E+21,8.88812E+15,4.99967E+16
20202,20203,6,6,11,0,2016,10,17,4,2,1,1,0,1,0,1,0,0,0,0,5.33136E+20,5.68492E+21,9.47545E+15,5.13146E+16
20203,20204,6,4,38,9,2016,9,19,6,2,9,1,0,0,0,0,0,1,0,0,4.74719E+20,5.54468E+21,8.64684E+15,5.00538E+16
20204,20205,6,5,32,10,2016,10,15,2,3,8,1,0,0,0,0,0,1,0,0,4.44534E+20,5.60394E+21,8.21651E+15,5.05847E+16
20205,20206,6,5,33,13,2016,10,22,3,3,8,1,2,1,0,1,0,0,0,0,4.38477E+20,5.58399E+21,8.13425E+15,5.04047E+16
20206,20207,6,6,34,23,2016,10,21,1,3,9,7,2,1,0,1,0,0,0,0,5.30056E+20,5.63873E+21,9.42741E+15,5.08994E+16
20207,20208,6,4,33,8,2016,10,15,2,3,2,6,0,1,0,1,0,0,0,0,4.71982E+20,5.53705E+21,8.60917E+15,4.99851E+16
20208,20209,6,4,40,20,2016,10,15,7,2,4,6,0,0,0,1,0,0,0,0,4.99087E+20,5.5797E+21,8.98716E+15,5.03694E+16
20209,20210,6,6,31,20,2016,10,7,2,3,2,2,0,0,0,1,0,0,0,1,5.5003E+20,5.60269E+21,9.70654E+15,5.0574E+16
20210,20211,6,5,34,17,2016,10,14,6,3,5,3,0,1,1,1,0,0,0,0,4.95233E+20,5.63633E+21,8.93225E+15,5.08786E+16
20211,20212,6,4,12,0,2016,10,8,5,3,2,6,0,0,0,1,0,0,0,0,4.75678E+20,5.555E+21,8.65959E+15,5.01467E+16
20212,20213,6,5,33,9,2016,10,7,6,3,5,3,2,1,0,1,0,0,0,1,4.35204E+20,5.58688E+21,8.0877E+15,5.04304E+16
20213,20214,6,4,38,9,2016,10,11,3,3,2,6,0,0,0,1,0,0,1,0,4.74796E+20,5.54485E+21,8.64791E+15,5.00554E+16
20214,20215,6,4,31,21,2016,10,9,5,3,8,1,0,1,0,1,0,0,0,0,4.86529E+20,5.4905E+21,8.8137E+15,4.9567E+16
20215,20216,6,4,34,2,2016,10,11,1,3,5,2,0,0,0,1,0,0,0,0,4.76007E+20,5.5674E+21,8.66341E+15,5.02582E+16
20216,20217,6,4,33,8,2016,10,17,2,3,2,6,1,0,0,1,0,0,0,0,4.7012E+20,5.53641E+21,8.58325E+15,4.99793E+16
20217,20218,6,4,39,8,2016,10,16,1,3,0,1,0,1,0,0,0,1,0,0,4.46801E+20,5.56378E+21,8.25422E+15,5.02238E+16
20218,20219,6,4,34,4,2016,10,9,6,2,8,1,0,1,0,1,0,0,0,0,4.59743E+20,5.58207E+21,8.43368E+15,5.03893E+16
20219,20220,6,6,11,0,2016,10,6,5,3,3,1,2,1,0,1,0,0,0,0,5.33404E+20,5.68134E+21,9.47896E+15,5.12824E+16
20220,20221,6,5,35,5,2016,10,12,1,3,2,6,0,0,0,1,0,0,0,0,5.01845E+20,5.61352E+21,9.02612E+15,5.06735E+16
20221,20222,6,6,32,7,2016,10,16,3,3,5,3,0,0,1,1,0,0,0,0,5.50802E+20,5.63195E+21,9.72147E+15,5.0837E+16
20222,20223,6,6,35,19,2016,10,21,5,3,9,1,2,1,0,1,0,0,0,0,4.93256E+20,5.67357E+21,8.90344E+15,5.12135E+16
20223,20224,6,5,32,23,2016,10,16,1,3,8,1,0,0,0,1,0,0,0,0,4.67787E+20,5.60224E+21,8.5451E+15,5.05712E+16
20224,20225,6,4,14,0,2016,10,9,3,3,5,2,0,1,0,1,0,0,0,1,4.42076E+20,5.54955E+21,8.19016E+15,5.00954E+16
20225,20226,6,5,32,6,2016,10,19,4,3,8,6,2,1,0,1,0,0,0,1,4.49907E+20,5.62585E+21,8.28943E+15,5.07822E+16
20226,20227,6,4,11,0,2016,10,18,7,3,9,1,0,1,0,1,0,0,0,0,4.77754E+20,5.52382E+21,8.69046E+15,4.98663E+16
20227,20228,6,4,39,2,2016,10,16,7,3,9,1,0,1,0,1,0,0,0,0,4.33423E+20,5.55912E+21,8.06753E+15,5.01805E+16
20228,20229,6,4,40,17,2016,10,0,7,3,8,1,2,1,0,1,0,0,0,0,4.89162E+20,5.56952E+21,8.8479E+15,5.02777E+16
20229,20230,6,4,13,0,2016,10,7,6,3,2,6,0,0,0,1,0,0,0,0,4.80948E+20,5.54626E+21,8.73378E+15,5.00683E+16
20230,20231,6,4,35,14,2016,10,21,1,3,8,1,2,0,0,1,0,0,0,0,4.95625E+20,5.55451E+21,8.93877E+15,5.01428E+16
20231,20232,6,4,34,12,2016,10,15,5,2,6,4,0,0,0,1,1,0,0,0,4.71827E+20,5.57516E+21,8.60419E+15,5.03279E+16
20232,20233,6,4,14,0,2016,10,12,2,3,5,3,0,0,0,1,0,0,0,0,4.42682E+20,5.546E+21,8.19916E+15,5.00635E+16
20233,20234,6,4,34,3,2016,10,12,4,3,4,1,0,1,0,1,0,1,0,0,4.57253E+20,5.56516E+21,8.40058E+15,5.02371E+16
20234,20235,6,4,37,11,2016,9,17,6,2,8,1,0,0,0,1,0,0,0,0,4.95101E+20,5.50643E+21,8.93205E+15,4.97103E+16
20235,20236,6,6,33,3,2016,10,13,6,3,9,1,0,1,0,1,0,0,0,0,5.31524E+20,5.67946E+21,9.45184E+15,5.12657E+16
20236,20237,6,6,34,11,2016,10,9,1,2,8,1,0,1,0,1,0,0,0,0,5.34798E+20,5.65499E+21,9.49639E+15,5.10454E+16
20237,20238,6,6,35,11,2016,10,4,4,2,8,1,2,1,0,0,0,0,0,1,4.87471E+20,5.65846E+21,8.82115E+15,5.10775E+16
20238,20239,6,4,14,0,2016,10,16,7,3,2,6,0,1,0,1,0,0,0,0,4.43903E+20,5.54589E+21,8.21623E+15,5.00627E+16
20239,20240,6,5,33,16,2016,10,21,6,3,9,1,2,0,0,1,0,0,0,0,4.3607E+20,5.59613E+21,8.0983E+15,5.05136E+16
20240,20241,6,4,12,0,2016,10,12,2,3,9,1,0,1,0,1,0,0,0,0,4.7534E+20,5.56005E+21,8.65453E+15,5.01921E+16
20241,20242,6,4,12,0,2016,10,13,5,3,2,6,0,0,0,1,0,0,0,1,4.77063E+20,5.55338E+21,8.67908E+15,5.01322E+16
20242,20243,6,6,35,22,2016,10,12,2,3,4,6,0,0,0,1,0,0,0,0,4.76101E+20,5.68111E+21,8.65733E+15,5.12808E+16
20243,20244,6,4,12,0,2016,10,6,4,3,1,7,1,1,0,1,0,1,0,0,4.76422E+20,5.55419E+21,8.67005E+15,5.01394E+16
20244,20245,6,4,36,7,2016,9,12,6,3,2,6,0,0,0,1,0,0,0,0,4.54886E+20,5.54513E+21,8.36977E+15,5.00567E+16
20245,20246,6,4,37,11,2016,10,21,1,3,8,1,2,0,0,1,0,0,0,0,4.99242E+20,5.50368E+21,8.9895E+15,4.96857E+16
20246,20247,6,5,35,8,2016,10,17,3,3,8,1,0,1,0,1,0,0,0,0,5.30656E+20,5.60041E+21,9.43276E+15,5.05548E+16
20247,20248,6,5,34,12,2016,10,11,2,3,2,2,0,0,0,1,0,0,0,1,4.81932E+20,5.63473E+21,8.74325E+15,5.08639E+16
20248,20249,6,4,31,13,2016,10,9,1,3,0,7,0,0,0,0,0,1,0,0,4.61489E+20,5.49366E+21,8.46711E+15,4.95943E+16
20249,20250,6,4,40,8,2016,10,18,7,3,2,6,1,0,0,1,0,1,0,0,4.84135E+20,5.57739E+21,8.77701E+15,5.03484E+16
20250,20251,6,4,38,5,2016,10,15,2,3,2,6,0,0,0,1,0,0,0,0,4.87063E+20,5.5462E+21,8.81922E+15,5.00679E+16
20251,20252,6,4,35,14,2016,10,16,6,3,5,3,0,0,1,1,0,0,0,0,4.95493E+20,5.55449E+21,8.93692E+15,5.01426E+16
20252,20253,6,4,34,5,2016,10,20,5,3,1,5,2,0,0,1,0,0,0,0,4.61842E+20,5.55986E+21,8.46546E+15,5.01897E+16
20253,20254,6,6,11,0,2016,10,4,1,3,6,4,2,1,0,1,1,0,0,0,5.32696E+20,5.68437E+21,9.46909E+15,5.13097E+16
20254,20255,6,6,36,6,2016,10,6,4,3,5,3,2,0,0,1,0,0,0,1,5.50762E+20,5.67192E+21,9.72649E+15,5.11965E+16
20255,20256,6,4,14,0,2016,9,15,5,3,5,2,0,0,1,1,0,0,0,0,4.45739E+20,5.54461E+21,8.24207E+15,5.00513E+16
20256,20257,6,4,12,0,2016,10,11,6,3,2,6,0,0,0,1,0,0,0,0,4.77229E+20,5.5511E+21,8.68153E+15,5.01117E+16
20257,20258,6,4,32,8,2016,10,13,3,3,2,6,0,0,0,1,0,0,1,0,4.70868E+20,5.52116E+21,8.59484E+15,4.98422E+16
20258,20259,6,6,31,22,2016,10,8,5,2,9,1,1,1,0,1,0,0,0,0,5.64401E+20,5.61895E+21,9.91229E+15,5.07188E+16
20259,20260,6,4,35,14,2016,10,15,1,2,1,5,0,0,0,1,0,1,0,0,4.91484E+20,5.55525E+21,8.8808E+15,5.01494E+16
20260,20261,6,4,12,0,2016,10,16,2,2,3,6,0,0,0,1,0,0,1,0,4.72383E+20,5.54676E+21,8.61406E+15,5.00725E+16
20261,20262,6,4,32,9,2016,10,12,1,3,2,6,0,0,0,1,0,0,0,0,4.85612E+20,5.51676E+21,8.80005E+15,4.98031E+16
20262,20263,6,5,33,3,2016,10,6,5,3,3,6,2,1,0,1,0,0,1,1,4.45204E+20,5.57345E+21,8.23044E+15,5.03106E+16
20263,20264,6,6,35,7,2016,10,19,7,2,8,1,2,0,0,1,0,0,0,0,4.85523E+20,5.68986E+21,8.79207E+15,5.13598E+16
20264,20265,6,4,14,0,2016,10,17,5,3,3,7,0,1,0,1,0,1,0,0,4.49186E+20,5.54167E+21,8.29059E+15,5.00251E+16
20265,20266,6,5,33,9,2016,10,15,7,3,2,6,0,1,0,1,0,0,0,0,4.32413E+20,5.58346E+21,8.04902E+15,5.03993E+16
20266,20267,6,4,40,12,2016,10,21,6,3,5,2,2,0,0,1,0,0,0,0,4.81879E+20,5.56479E+21,8.74591E+15,5.0235E+16
20267,20268,6,6,34,22,2016,10,15,3,2,3,6,0,0,1,1,0,0,0,0,5.12783E+20,5.64017E+21,9.18183E+15,5.0913E+16
20268,20269,6,5,34,17,2016,10,16,4,3,8,1,0,1,0,1,0,0,0,0,4.88106E+20,5.63869E+21,8.83086E+15,5.08997E+16
20269,20270,6,6,33,16,2016,10,10,7,3,8,7,0,1,0,1,0,0,0,0,5.21549E+20,5.70134E+21,9.3102E+15,5.14628E+16
20270,20271,6,5,33,18,2016,10,10,7,2,8,1,0,1,1,0,0,0,0,0,4.55659E+20,5.58744E+21,8.37561E+15,5.04373E+16
20271,20272,6,5,35,10,2016,10,18,7,2,9,1,0,1,0,1,0,0,0,0,5.09716E+20,5.62242E+21,9.13774E+15,5.07535E+16
20272,20273,6,6,11,0,2016,10,9,6,3,3,6,0,0,0,1,0,0,1,0,5.3112E+20,5.68479E+21,9.44651E+15,5.13135E+16
20273,20274,6,4,32,5,2016,9,16,6,3,2,6,0,0,0,1,0,0,0,0,4.8787E+20,5.53295E+21,8.83092E+15,4.99488E+16
20274,20275,6,4,31,18,2016,10,14,5,3,1,5,0,0,0,1,0,0,0,0,4.87684E+20,5.47294E+21,8.83023E+15,4.9409E+16
20275,20276,6,5,35,13,2016,10,12,7,3,2,6,0,1,0,1,0,0,1,1,5.00171E+20,5.61076E+21,9.00242E+15,5.06487E+16
20276,20277,6,6,33,12,2016,9,10,6,3,2,6,0,0,0,1,0,0,0,1,5.4776E+20,5.67834E+21,9.68439E+15,5.12545E+16
20277,20278,6,4,12,0,2016,10,7,2,3,5,2,0,0,0,1,0,1,0,0,4.79431E+20,5.55377E+21,8.71218E+15,5.01358E+16
20278,20279,6,4,40,1,2016,10,14,4,3,2,6,0,0,0,1,0,0,0,0,4.956E+20,5.57028E+21,8.93823E+15,5.02846E+16
20279,20280,6,4,33,8,2016,9,15,6,3,2,6,0,0,0,1,0,0,0,0,4.71396E+20,5.53685E+21,8.60101E+15,4.99833E+16
20280,20281,6,5,32,12,2016,10,13,1,2,8,1,0,0,0,0,0,1,0,0,4.48846E+20,5.60998E+21,8.27658E+15,5.06394E+16
20281,20282,6,4,31,2,2016,10,20,7,3,1,1,2,1,0,1,0,0,0,0,4.74562E+20,5.50444E+21,8.6473E+15,4.9692E+16
20282,20283,6,4,38,11,2016,10,12,3,2,0,7,0,0,0,1,0,0,0,0,4.9262E+20,5.54042E+21,8.89699E+15,5.0016E+16
20283,20284,6,4,12,0,2016,10,7,2,3,2,6,2,1,0,1,0,0,1,0,4.67234E+20,5.55191E+21,8.54168E+15,5.01185E+16
20284,20285,6,4,14,0,2016,10,12,2,3,2,6,0,0,0,1,0,0,0,0,4.45553E+20,5.54353E+21,8.23962E+15,5.00416E+16
20285,20286,6,4,32,8,2016,10,1,7,1,6,7,2,1,0,0,1,0,0,1,4.69077E+20,5.52333E+21,8.56975E+15,4.98616E+16
20286,20287,6,6,32,20,2016,10,4,7,3,9,1,2,1,0,1,0,0,0,0,5.63982E+20,5.64149E+21,9.91029E+15,5.09215E+16
20287,20288,6,4,39,3,2016,9,8,5,2,5,3,0,0,1,1,0,0,0,0,4.37284E+20,5.54201E+21,8.1244E+15,5.00271E+16
20288,20289,6,4,14,0,2016,10,17,1,3,5,3,0,0,0,1,0,0,0,0,4.45826E+20,5.54344E+21,8.24344E+15,5.00407E+16
20289,20290,6,4,36,4,2016,10,21,6,1,2,6,2,0,0,1,0,1,0,0,4.60426E+20,5.54245E+21,8.44742E+15,5.0033E+16
20290,20291,6,6,31,9,2016,10,18,5,2,0,7,1,1,1,0,0,0,0,0,5.47771E+20,5.60042E+21,9.67435E+15,5.05538E+16
20291,20292,6,4,35,19,2016,10,19,1,3,2,6,2,0,0,1,0,0,0,1,4.85853E+20,5.55391E+21,8.80203E+15,5.01373E+16
20292,20293,6,4,34,2,2016,10,11,4,3,0,1,0,0,0,0,0,1,0,0,4.75359E+20,5.56729E+21,8.65433E+15,5.02572E+16
20293,20294,6,6,11,0,2016,10,15,3,3,2,6,0,0,0,1,0,1,0,0,5.31657E+20,5.68235E+21,9.45401E+15,5.12916E+16
20294,20295,6,4,34,11,2016,10,17,6,3,5,3,0,0,0,1,0,0,0,0,4.65542E+20,5.57612E+21,8.51581E+15,5.03362E+16
20295,20296,6,6,33,15,2016,11,6,6,3,6,2,2,1,0,1,1,0,0,0,5.44021E+20,5.68159E+21,9.63122E+15,5.12839E+16
20296,20297,6,4,33,12,2016,11,6,7,3,9,1,2,1,0,0,0,0,0,1,4.66232E+20,5.53585E+21,8.52908E+15,4.99741E+16
20297,20298,6,5,33,13,2016,10,15,5,3,4,6,0,0,0,0,0,0,0,1,4.41535E+20,5.58633E+21,8.17692E+15,5.04261E+16
20298,20299,6,6,34,14,2016,11,16,2,3,5,3,0,1,0,1,0,0,0,0,5.36395E+20,5.66459E+21,9.52015E+15,5.11316E+16
20299,20300,6,4,40,16,2016,11,17,2,1,6,4,2,0,0,1,1,0,0,0,5.0067E+20,5.58539E+21,9.00943E+15,5.04205E+16
20300,20301,6,4,39,8,2016,11,14,1,2,4,3,0,0,0,1,0,0,0,0,4.46572E+20,5.56169E+21,8.2513E+15,5.0205E+16
20301,20302,6,4,40,18,2016,11,14,7,3,9,1,0,1,0,1,0,0,0,0,4.78177E+20,5.57727E+21,8.69329E+15,5.03471E+16
20302,20303,6,4,40,21,2016,11,14,6,2,4,6,0,0,0,1,0,0,0,0,4.88476E+20,5.57868E+21,8.83799E+15,5.03601E+16
20303,20304,6,6,34,3,2016,11,11,5,3,9,1,0,1,0,1,0,0,0,0,5.33183E+20,5.66612E+21,9.47438E+15,5.11456E+16
20304,20305,6,4,38,1,2016,11,20,5,3,2,6,2,0,0,1,1,0,0,0,4.85236E+20,5.54033E+21,8.79392E+15,5.00151E+16
20305,20306,6,4,39,6,2016,11,8,4,3,9,1,0,1,0,1,0,0,0,0,4.39315E+20,5.55999E+21,8.14989E+15,5.0189E+16
20306,20307,6,5,35,13,2016,11,13,7,3,9,1,0,1,0,1,0,0,0,0,5.01223E+20,5.60825E+21,9.01729E+15,5.06261E+16
20307,20308,6,4,40,23,2016,11,5,5,3,1,6,2,1,0,1,0,0,0,0,4.76379E+20,5.56903E+21,8.66852E+15,5.02729E+16
20308,20309,6,4,13,0,2016,11,20,3,3,0,7,2,0,0,1,0,0,0,0,4.84535E+20,5.55038E+21,8.78374E+15,5.01054E+16
20309,20310,6,4,12,0,2016,11,16,4,3,5,3,2,0,0,1,0,0,0,0,4.66366E+20,5.55143E+21,8.52958E+15,5.01141E+16
20310,20311,6,4,32,18,2016,10,5,6,3,5,3,2,1,0,1,0,0,0,0,4.69293E+20,5.51681E+21,8.57328E+15,4.98029E+16
20311,20312,6,4,35,12,2016,10,7,5,3,4,7,2,0,0,0,0,1,0,1,5.07832E+20,5.56072E+21,9.10974E+15,5.01986E+16
20312,20313,6,6,33,3,2016,11,14,5,3,8,1,0,1,0,1,0,0,0,0,5.31866E+20,5.67912E+21,9.45671E+15,5.12626E+16
20313,20314,6,5,33,8,2016,11,8,5,3,8,1,0,1,0,1,0,0,0,0,4.37738E+20,5.57637E+21,8.12511E+15,5.03361E+16
20314,20315,6,4,32,18,2016,11,17,4,2,2,6,2,1,0,1,0,0,0,1,4.69736E+20,5.51802E+21,8.57933E+15,4.98139E+16
20315,20316,6,5,35,1,2016,11,20,1,3,2,6,2,0,0,1,0,0,0,1,5.25161E+20,5.62305E+21,9.35672E+15,5.07587E+16
20316,20317,6,5,33,14,2016,10,7,2,2,8,1,2,1,0,1,0,0,0,0,4.45538E+20,5.57708E+21,8.2346E+15,5.03433E+16
20317,20318,6,6,11,0,2016,11,16,3,3,2,6,0,1,0,1,0,0,0,0,5.35412E+20,5.68535E+21,9.50815E+15,5.13183E+16
20318,20319,6,4,11,0,2016,11,22,4,3,5,3,2,1,1,1,0,0,0,0,4.73344E+20,5.52421E+21,8.62906E+15,4.98697E+16
20319,20320,6,6,31,9,2016,11,17,3,3,5,3,2,0,1,1,0,0,0,0,5.47921E+20,5.59912E+21,9.67629E+15,5.0542E+16
20320,20321,6,4,33,8,2016,10,19,5,3,6,2,2,0,0,1,1,0,0,0,4.68398E+20,5.53571E+21,8.55929E+15,4.99729E+16
20321,20322,6,4,39,15,2016,11,6,4,3,8,7,1,1,0,1,0,0,0,0,4.39391E+20,5.5583E+21,8.15123E+15,5.01738E+16
20322,20323,6,4,13,0,2016,11,16,3,3,5,2,1,1,1,1,0,0,0,0,4.81812E+20,5.55001E+21,8.74568E+15,5.0102E+16
20323,20324,6,4,14,0,2016,11,8,6,3,2,2,0,1,0,1,0,0,0,0,4.46126E+20,5.54779E+21,8.24703E+15,5.008E+16
20324,20325,6,4,39,2,2016,11,18,2,3,7,7,2,1,0,1,0,0,0,0,4.29109E+20,5.55576E+21,8.00773E+15,5.01498E+16
20325,20326,6,5,31,16,2016,11,16,3,3,5,3,2,1,0,1,0,0,0,1,4.86609E+20,5.60481E+21,8.8108E+15,5.05951E+16
20326,20327,6,4,36,9,2016,10,9,2,3,2,6,0,0,0,1,0,0,1,0,4.62095E+20,5.54652E+21,8.47032E+15,5.00698E+16
20327,20328,6,4,37,13,2016,10,17,1,2,2,6,2,0,0,1,0,1,0,0,4.90954E+20,5.51003E+21,8.87445E+15,4.97427E+16
20328,20329,6,5,33,9,2016,11,21,3,3,2,6,2,0,0,1,0,0,0,0,4.33136E+20,5.58204E+21,8.05944E+15,5.03866E+16
20329,20330,6,4,40,5,2016,11,20,3,3,2,6,2,1,0,1,0,0,0,0,4.78589E+20,5.5885E+21,8.69843E+15,5.04481E+16
20330,20331,6,4,31,20,2016,10,7,6,3,2,6,2,0,0,1,0,0,0,0,4.68119E+20,5.48569E+21,8.55949E+15,4.9523E+16
20331,20332,6,5,31,6,2016,10,14,1,3,5,3,0,0,0,1,0,1,0,0,4.94704E+20,5.60881E+21,8.92512E+15,5.06312E+16
20332,20333,6,4,40,19,2016,10,18,7,3,8,6,1,0,0,0,0,1,0,0,5.10471E+20,5.57956E+21,9.14723E+15,5.0368E+16
20333,20334,6,5,32,16,2016,11,13,6,3,5,3,0,1,0,1,0,0,1,0,4.54243E+20,5.59927E+21,8.35422E+15,5.05436E+16
20334,20335,6,6,33,17,2016,11,17,7,3,2,2,2,1,0,1,0,0,0,1,5.38649E+20,5.68112E+21,9.55414E+15,5.12801E+16
20335,20336,6,6,11,0,2016,11,13,2,3,0,7,0,1,0,1,0,0,1,0,5.34068E+20,5.6875E+21,9.48907E+15,5.13378E+16
20336,20337,6,4,38,2,2016,11,7,6,3,8,1,1,1,0,1,0,0,0,0,4.81588E+20,5.53419E+21,8.7433E+15,4.99598E+16
20337,20338,6,4,33,2,2016,10,17,5,3,2,6,0,0,0,1,0,0,0,0,4.53923E+20,5.53732E+21,8.35725E+15,4.99865E+16
20338,20339,6,4,39,15,2016,11,14,5,3,8,1,0,1,0,1,0,0,0,0,4.44853E+20,5.55898E+21,8.22761E+15,5.01804E+16
20339,20340,6,4,40,16,2016,11,9,2,2,4,1,0,1,0,1,0,0,0,0,4.97464E+20,5.5851E+21,8.9643E+15,5.04179E+16
20340,20341,6,6,31,11,2016,11,14,6,2,5,3,0,1,0,1,0,0,0,0,5.36261E+20,5.59983E+21,9.51182E+15,5.05493E+16
20341,20342,6,6,31,12,2016,11,14,2,1,4,6,0,1,0,0,0,1,1,0,5.73938E+20,5.60046E+21,1.00437E+16,5.05514E+16
20342,20343,6,5,32,23,2016,11,12,1,3,2,6,0,0,0,1,0,0,0,0,4.6449E+20,5.6002E+21,8.49875E+15,5.05526E+16
20343,20344,6,4,37,2,2016,11,18,6,1,8,1,2,0,0,0,0,0,0,1,4.95995E+20,5.48936E+21,8.94462E+15,4.95568E+16
20344,20345,6,5,31,16,2016,11,18,6,3,3,6,2,1,1,1,0,0,0,0,4.92021E+20,5.60255E+21,8.88731E+15,5.05748E+16
20345,20346,6,4,40,19,2016,10,10,3,2,8,1,0,1,0,1,0,0,0,0,5.09999E+20,5.58033E+21,9.14062E+15,5.03749E+16
20346,20347,6,4,33,4,2016,11,20,5,3,2,6,2,0,0,1,0,0,1,0,4.67088E+20,5.5077E+21,8.54341E+15,4.97209E+16
20347,20348,6,5,34,15,2016,11,8,4,2,5,2,0,1,0,1,0,0,0,0,4.76961E+20,5.64355E+21,8.67207E+15,5.09431E+16
20348,20349,6,6,31,3,2016,11,7,5,2,5,2,1,1,0,1,0,0,1,0,5.55694E+20,5.59902E+21,9.78597E+15,5.05404E+16
20349,20350,6,4,38,7,2016,11,13,3,3,5,2,0,0,1,1,0,0,0,0,4.99908E+20,5.54054E+21,8.99872E+15,5.00172E+16
20350,20351,6,4,14,0,2016,11,17,3,3,2,2,2,0,0,1,0,0,0,0,4.45396E+20,5.54753E+21,8.23685E+15,5.00775E+16
20351,20352,6,4,12,0,2016,10,17,6,3,2,6,0,0,0,1,0,0,0,0,4.68278E+20,5.54445E+21,8.55689E+15,5.00515E+16
20352,20353,6,5,34,17,2016,10,5,5,3,9,1,2,0,0,1,0,0,0,0,4.96421E+20,5.6363E+21,8.94912E+15,5.08783E+16
20353,20354,6,6,34,4,2016,11,16,4,3,4,1,0,1,0,1,0,0,0,1,5.25706E+20,5.6472E+21,9.36615E+15,5.09758E+16
20354,20355,6,4,14,0,2016,11,7,5,3,2,6,0,1,0,1,0,0,0,0,4.45537E+20,5.54828E+21,8.23873E+15,5.00843E+16
20355,20356,6,4,35,19,2016,11,3,7,3,5,3,2,0,0,1,0,0,0,0,4.86195E+20,5.55459E+21,8.8068E+15,5.01434E+16
20356,20357,6,4,12,0,2016,11,19,3,3,5,3,2,1,0,1,0,1,0,0,4.73946E+20,5.54905E+21,8.63575E+15,5.00931E+16
20357,20358,6,5,32,11,2016,11,12,4,3,2,2,0,1,0,1,0,0,1,0,4.43463E+20,5.6209E+21,8.19879E+15,5.07372E+16
20358,20359,6,6,32,14,2016,11,19,2,1,4,6,2,1,0,1,0,0,1,1,5.43265E+20,5.63869E+21,9.61523E+15,5.08982E+16
20359,20360,6,5,32,6,2016,11,5,4,3,5,3,2,1,1,1,0,0,0,0,4.5203E+20,5.61988E+21,8.32032E+15,5.07287E+16
20360,20361,6,6,36,4,2016,11,8,3,2,9,1,0,1,0,1,0,0,0,0,5.53326E+20,5.67891E+21,9.76422E+15,5.1259E+16