FID,OBJECTID,ULAND,UREGBEZ,UKREIS,UGEMEINDE,UJAHR,UMONAT,USTUNDE,UWOCHENTAG,UKATEGORIE,UART,UTYP1,ULICHTVERH,IstStrasse,IstRad,IstPKW,IstFuss,IstKrad,IstGkfz,IstSonstig,LINREFX,LINREFY,XGCSWGS84,YGCSWGS84
20361,20362,6,6,36,5,2016,11,13,6,3,5,3,0,0,0,1,0,0,1,0,5.77812E+20,5.65299E+21,1.01095E+16,5.10232E+16
20362,20363,6,6,32,15,2016,11,11,2,2,8,1,0,0,0,0,0,0,1,0,5.37725E+20,5.6284E+21,9.5354E+15,5.08061E+16
20363,20364,6,6,31,9,2016,11,6,3,3,0,3,2,1,1,1,0,0,0,0,5.49965E+20,5.60308E+21,9.70568E+15,5.05775E+16
20364,20365,6,4,13,0,2016,11,14,3,3,3,6,0,0,0,1,0,0,1,0,4.8114E+20,5.55093E+21,8.73624E+15,5.01104E+16
20365,20366,6,4,12,0,2016,11,22,1,3,3,6,2,1,0,1,0,0,0,0,4.71875E+20,5.54505E+21,8.6071E+15,5.00571E+16
20366,20367,6,4,13,0,2016,11,11,3,3,2,6,0,1,0,1,0,0,0,0,4.82197E+20,5.54885E+21,8.75111E+15,5.00916E+16
20367,20368,6,4,36,7,2016,11,8,4,3,5,3,0,1,0,1,0,0,0,1,4.59821E+20,5.54764E+21,8.43843E+15,5.00796E+16
20368,20369,6,4,33,7,2016,11,10,3,2,2,6,0,0,0,0,0,0,1,0,4.66041E+20,5.54313E+21,8.52576E+15,5.00395E+16
20369,20370,6,5,34,14,2016,10,6,5,3,5,3,2,0,0,1,0,0,0,0,4.83236E+20,5.62738E+21,8.76213E+15,5.07979E+16
20370,20371,6,4,34,8,2016,11,6,4,3,2,6,0,1,0,1,0,0,0,0,4.67278E+20,5.56296E+21,8.54134E+15,5.02179E+16
20371,20372,6,4,12,0,2016,11,18,3,3,3,6,2,1,0,1,0,0,0,0,4.73979E+20,5.54857E+21,8.63624E+15,5.00888E+16
20372,20373,6,6,34,22,2016,11,13,6,3,3,6,0,0,0,1,0,0,0,0,5.18724E+20,5.64251E+21,9.26647E+15,5.09339E+16
20373,20374,6,6,31,8,2016,11,17,2,3,5,3,2,0,0,1,0,1,0,0,5.40368E+20,5.58581E+21,9.56827E+15,5.04229E+16
20374,20375,6,5,34,11,2016,11,16,3,3,1,6,1,1,0,1,0,0,0,1,4.91739E+20,5.63156E+21,8.88268E+15,5.08357E+16
20375,20376,6,5,35,13,2016,11,1,3,2,2,6,2,0,0,0,0,0,1,0,5.00392E+20,5.61097E+21,9.00554E+15,5.06506E+16
20376,20377,6,4,32,1,2016,10,8,2,3,2,6,0,0,0,1,0,0,1,0,4.70614E+20,5.51024E+21,8.59213E+15,4.97439E+16
20377,20378,6,4,35,8,2016,10,8,1,2,8,1,0,0,1,0,0,0,0,0,5.34109E+20,5.55292E+21,9.47719E+15,5.01276E+16
20378,20379,6,5,31,5,2016,11,10,2,2,9,1,0,1,0,1,0,0,0,0,4.79834E+20,5.60864E+21,8.71488E+15,5.06293E+16
20379,20380,6,4,32,18,2016,10,13,6,3,2,6,0,0,0,1,0,0,0,0,4.7047E+20,5.51973E+21,8.58941E+15,4.98292E+16
20380,20381,6,4,12,0,2016,11,8,4,2,6,4,1,0,0,1,1,0,0,0,4.72752E+20,5.5553E+21,8.61861E+15,5.01493E+16
20381,20382,6,6,11,0,2016,10,12,7,3,2,6,0,0,0,1,0,0,0,0,5.38177E+20,5.68429E+21,9.5477E+15,5.13086E+16
20382,20383,6,5,34,20,2016,10,10,7,3,8,1,0,0,0,1,0,0,0,0,4.81438E+20,5.62051E+21,8.73696E+15,5.07361E+16
20383,20384,6,4,35,24,2016,11,18,5,2,8,1,2,1,0,1,0,0,0,1,5.02272E+20,5.56177E+21,9.03184E+15,5.02081E+16
20384,20385,6,4,13,0,2016,11,14,7,3,2,6,0,1,0,1,0,0,0,0,4.85648E+20,5.55098E+21,8.79928E+15,5.01109E+16
20385,20386,6,4,14,0,2016,11,20,2,3,5,2,2,1,0,1,0,0,0,0,4.46001E+20,5.54757E+21,8.24531E+15,5.0078E+16
20386,20387,6,5,34,14,2016,10,8,5,3,3,2,1,1,0,1,0,0,0,0,4.86628E+20,5.62908E+21,8.8102E+15,5.08133E+16
20387,20388,6,4,35,10,2016,11,10,5,3,2,6,0,1,0,1,0,0,0,0,5.12488E+20,5.56143E+21,9.175E+15,5.02049E+16
20388,20389,6,5,34,16,2016,11,8,2,2,8,7,0,1,0,1,0,0,0,0,5.09632E+20,5.63315E+21,9.13683E+15,5.085E+16
20389,20390,6,4,13,0,2016,11,10,6,3,2,6,0,1,0,1,0,0,1,0,4.83168E+20,5.54606E+21,8.76481E+15,5.00665E+16
20390,20391,6,4,35,10,2016,11,8,2,3,3,6,0,0,0,1,0,0,1,0,5.16347E+20,5.56167E+21,9.22909E+15,5.0207E+16
20391,20392,6,4,12,0,2016,11,4,1,3,3,6,2,1,0,1,0,0,0,0,4.71931E+20,5.55692E+21,8.60701E+15,5.01639E+16
20392,20393,6,4,11,0,2016,11,17,6,3,2,6,2,0,0,1,0,0,0,0,4.73297E+20,5.52094E+21,8.62863E+15,4.98403E+16
20393,20394,6,4,35,17,2016,11,16,4,3,1,6,2,1,0,1,0,0,0,0,5.03678E+20,5.55693E+21,9.05149E+15,5.01646E+16
20394,20395,6,4,35,10,2016,11,7,4,3,2,6,0,1,0,1,0,0,0,0,5.11258E+20,5.5602E+21,9.15772E+15,5.01939E+16
20395,20396,6,4,12,0,2016,11,15,5,3,2,6,0,0,0,1,0,0,0,1,4.79945E+20,5.54584E+21,8.71978E+15,5.00645E+16
20396,20397,6,4,40,16,2016,11,7,3,3,2,6,1,0,0,1,0,0,0,0,5.009E+20,5.58406E+21,9.01266E+15,5.04086E+16
20397,20398,6,4,32,14,2016,11,6,3,3,3,6,2,0,1,1,0,0,0,0,4.77399E+20,5.52096E+21,8.68567E+15,4.98406E+16
20398,20399,6,5,34,9,2016,10,15,5,3,5,3,0,0,0,1,0,0,1,0,4.80838E+20,5.61687E+21,8.72865E+15,5.07033E+16
20399,20400,6,4,14,0,2016,11,8,4,3,5,7,0,1,0,1,0,0,0,0,4.44721E+20,5.54678E+21,8.22753E+15,5.00707E+16
20400,20401,6,6,11,0,2016,10,13,2,3,3,6,0,0,0,1,0,1,0,0,5.37077E+20,5.68368E+21,9.53187E+15,5.13032E+16
20401,20402,6,6,34,3,2016,11,17,5,3,2,6,2,1,0,1,0,1,0,0,5.26385E+20,5.66085E+21,9.37682E+15,5.10986E+16
20402,20403,6,4,31,5,2016,11,20,7,3,4,3,2,0,0,1,0,0,0,0,4.60367E+20,5.50028E+21,8.45092E+15,4.96537E+16
20403,20404,6,6,34,14,2016,11,12,3,3,8,1,0,1,0,1,0,0,0,0,5.37698E+20,5.66227E+21,9.53853E+15,5.11107E+16
20404,20405,6,4,34,8,2016,10,16,2,3,6,4,1,1,0,1,1,0,0,0,4.70889E+20,5.56083E+21,8.59212E+15,5.01989E+16
20405,20406,6,5,35,1,2016,11,5,4,3,9,1,2,1,0,1,0,0,0,0,5.18404E+20,5.628E+21,9.26118E+15,5.08034E+16
20406,20407,6,4,34,13,2016,11,18,3,3,9,1,2,2,0,1,0,0,0,0,4.6006E+20,5.57544E+21,8.43886E+15,5.03297E+16
20407,20408,6,4,38,9,2016,11,14,6,3,2,6,0,1,0,1,0,0,0,0,4.7818E+20,5.54472E+21,8.6952E+15,5.00544E+16
20408,20409,6,5,31,12,2016,11,16,2,3,2,6,2,0,0,1,0,0,0,0,4.76778E+20,5.59579E+21,8.67247E+15,5.05136E+16
20409,20410,6,5,32,23,2016,11,18,3,3,3,6,2,0,0,1,0,0,1,0,4.65063E+20,5.60141E+21,8.50672E+15,5.05636E+16
20410,20411,6,4,38,11,2016,10,14,7,3,2,6,0,0,0,1,0,0,0,0,4.92213E+20,5.54592E+21,8.8912E+15,5.00656E+16
20411,20412,6,4,12,0,2016,11,12,7,3,9,1,0,1,0,1,0,0,0,0,4.7529E+20,5.56009E+21,8.65383E+15,5.01924E+16
20412,20413,6,6,34,8,2016,11,9,7,3,5,3,0,1,1,1,0,0,0,0,5.33542E+20,5.67256E+21,9.48011E+15,5.12035E+16
20413,20414,6,4,14,0,2016,11,18,2,3,2,6,0,1,0,1,0,1,0,0,4.45749E+20,5.54755E+21,8.24178E+15,5.00778E+16
20414,20415,6,4,37,6,2016,11,20,2,3,5,3,2,0,0,1,0,0,0,0,5.0048E+20,5.50137E+21,9.00665E+15,4.96649E+16
20415,20416,6,4,34,10,2016,11,23,4,3,5,3,2,0,0,1,0,0,0,0,4.70173E+20,5.55777E+21,8.58232E+15,5.01714E+16
20416,20417,6,6,33,2,2016,11,7,6,3,8,1,0,1,0,1,0,0,0,0,5.30099E+20,5.71931E+21,9.4348E+15,5.1624E+16
20417,20418,6,4,12,0,2016,11,8,5,3,6,4,0,0,0,1,1,0,0,0,4.79059E+20,5.55296E+21,8.70703E+15,5.01285E+16
20418,20419,6,6,34,24,2016,11,13,5,3,9,1,0,1,0,1,0,0,0,0,5.54338E+20,5.65921E+21,9.77575E+15,5.10818E+16
20419,20420,6,4,12,0,2016,11,20,4,3,5,3,2,0,0,1,0,0,0,0,4.8074E+20,5.55186E+21,8.7306E+15,5.01186E+16
20420,20421,6,5,33,19,2016,11,22,7,3,4,6,2,0,0,1,0,0,0,0,4.51341E+20,5.5871E+21,8.31485E+15,5.04339E+16
20421,20422,6,4,39,5,2016,11,7,5,3,7,6,0,1,0,1,0,0,0,0,4.29277E+20,5.56115E+21,8.00909E+15,5.01983E+16
20422,20423,6,4,40,18,2016,11,9,4,3,2,6,0,1,0,1,0,0,0,0,4.79035E+20,5.58089E+21,8.70514E+15,5.03797E+16
20423,20424,6,5,34,14,2016,11,8,4,3,2,2,0,0,0,1,0,0,0,1,4.83582E+20,5.62625E+21,8.76708E+15,5.07878E+16
20424,20425,6,6,31,9,2016,10,13,5,2,5,3,0,0,1,1,0,0,0,0,5.49669E+20,5.60268E+21,9.70144E+15,5.0574E+16
20425,20426,6,5,34,12,2016,11,17,5,2,6,4,2,1,0,1,1,0,0,0,4.82873E+20,5.6356E+21,8.75659E+15,5.08718E+16
20426,20427,6,4,39,11,2016,11,23,2,3,9,1,2,1,0,1,0,0,1,0,4.49876E+20,5.55705E+21,8.29821E+15,5.01636E+16
20427,20428,6,5,31,16,2016,11,17,6,3,2,6,2,0,0,1,0,0,0,0,4.90221E+20,5.60671E+21,8.86178E+15,5.06122E+16
20428,20429,6,4,38,11,2016,11,23,4,3,9,1,2,1,0,1,0,0,0,0,4.90853E+20,5.53684E+21,8.87241E+15,4.99838E+16
20429,20430,6,4,32,12,2016,11,15,1,1,9,1,0,0,0,1,0,0,0,0,4.82921E+20,5.53213E+21,8.76198E+15,4.99413E+16
20430,20431,6,4,12,0,2016,11,21,7,3,5,3,2,1,0,1,0,0,0,0,4.76437E+20,5.5541E+21,8.67026E+15,5.01387E+16
20431,20432,6,4,14,0,2016,11,7,2,3,5,3,0,1,0,1,0,0,0,0,4.44589E+20,5.54757E+21,8.22557E+15,5.00778E+16
20432,20433,6,6,33,6,2016,11,8,4,3,2,6,0,0,0,1,0,0,0,0,5.16483E+20,5.68179E+21,9.23636E+15,5.12872E+16
20433,20434,6,4,14,0,2016,10,7,7,3,3,5,1,0,1,1,0,0,0,0,4.44177E+20,5.54793E+21,8.21976E+15,5.0081E+16
20434,20435,6,6,11,0,2016,11,21,5,3,5,3,2,1,0,1,0,0,0,0,5.34367E+20,5.68444E+21,9.49306E+15,5.13103E+16
20435,20436,6,4,14,0,2016,11,19,5,3,5,6,2,0,0,1,0,0,0,0,4.45909E+20,5.54758E+21,8.24402E+15,5.0078E+16
20436,20437,6,4,14,0,2016,11,20,4,2,4,1,2,0,0,1,0,0,0,0,4.47066E+20,5.54894E+21,8.26E+15,5.00904E+16
20437,20438,6,6,33,16,2016,11,8,7,2,9,1,0,2,0,1,0,0,0,0,5.19415E+20,5.70021E+21,9.27941E+15,5.14527E+16
20438,20439,6,4,32,18,2016,11,11,4,3,2,6,0,0,0,1,0,0,0,0,4.72266E+20,5.51369E+21,8.61481E+15,4.9775E+16
20439,20440,6,5,32,23,2016,10,14,5,3,5,3,0,0,0,1,0,0,0,0,4.64644E+20,5.60177E+21,8.50077E+15,5.05667E+16
20440,20441,6,4,32,17,2016,11,7,5,3,0,7,0,1,0,1,0,0,0,1,4.91789E+20,5.51791E+21,8.88587E+15,4.98136E+16
20441,20442,6,4,35,7,2016,11,15,2,3,2,6,0,0,0,0,0,0,1,0,5.00241E+20,5.55519E+21,9.00337E+15,5.01489E+16
20442,20443,6,4,12,0,2016,11,10,6,3,3,6,0,1,0,1,0,0,1,0,4.7165E+20,5.55614E+21,8.60313E+15,5.01568E+16
20443,20444,6,6,31,2,2016,11,13,4,3,2,6,0,1,0,1,0,0,0,0,5.51006E+20,5.6174E+21,9.72235E+15,5.07062E+16
20444,20445,6,4,32,3,2016,11,12,2,3,2,6,0,1,0,1,0,0,0,0,4.70779E+20,5.51137E+21,8.59433E+15,4.97541E+16
20445,20446,6,4,39,3,2016,10,6,5,2,0,1,2,0,0,0,0,1,0,0,4.37601E+20,5.544E+21,8.1285E+15,5.0045E+16
20446,20447,6,6,11,0,2016,11,20,7,3,5,3,2,1,0,1,0,0,0,0,5.33511E+20,5.68781E+21,9.4811E+15,5.13406E+16
20447,20448,6,5,32,21,2016,11,15,3,3,5,3,0,0,0,1,0,0,0,0,4.61739E+20,5.59994E+21,8.45994E+15,5.05501E+16
20448,20449,6,6,32,14,2016,11,4,5,2,8,1,2,1,0,1,0,0,0,0,5.44034E+20,5.63857E+21,9.62615E+15,5.08971E+16
20449,20450,6,5,33,9,2016,11,15,4,3,2,6,0,0,0,1,0,0,0,0,4.34319E+20,5.58311E+21,8.07589E+15,5.03964E+16
20450,20451,6,4,33,12,2016,11,17,5,3,2,6,1,0,0,1,0,0,0,0,4.57599E+20,5.53599E+21,8.40866E+15,4.99748E+16
20451,20452,6,5,35,1,2016,11,14,3,3,2,6,0,0,0,1,0,0,0,0,5.18953E+20,5.62233E+21,9.26867E+15,5.07524E+16
20452,20453,6,6,32,20,2016,11,7,3,3,4,2,0,0,0,1,0,0,0,0,5.71431E+20,5.64588E+21,1.00171E+16,5.09601E+16
20453,20454,6,5,31,6,2016,10,19,5,3,5,3,2,0,0,1,0,0,0,0,4.92326E+20,5.60394E+21,8.89159E+15,5.05873E+16
20454,20455,6,4,12,0,2016,11,17,4,3,3,6,2,1,0,1,0,1,0,0,4.7399E+20,5.55248E+21,8.63614E+15,5.0124E+16
20455,20456,6,4,12,0,2016,10,10,2,3,2,6,0,0,0,1,0,0,0,0,4.83322E+20,5.5534E+21,8.76664E+15,5.01326E+16
20456,20457,6,5,34,8,2016,11,4,7,3,9,1,2,0,0,1,0,0,0,0,4.88169E+20,5.62174E+21,8.8323E+15,5.07473E+16
20457,20458,6,5,33,3,2016,11,6,2,3,6,6,2,1,0,1,1,0,0,0,4.46197E+20,5.5716E+21,8.24464E+15,5.02941E+16
20458,20459,6,4,38,13,2016,11,12,3,3,0,3,0,1,0,0,0,1,0,1,4.97251E+20,5.54301E+21,8.96161E+15,5.00394E+16
20459,20460,6,5,32,5,2016,10,15,2,3,2,6,0,0,0,1,0,0,0,0,4.53066E+20,5.63057E+21,8.33364E+15,5.08249E+16
20460,20461,6,6,31,9,2016,11,7,4,3,2,6,0,2,0,1,0,0,0,0,5.4963E+20,5.6028E+21,9.70091E+15,5.0575E+16
20461,20462,6,5,32,9,2016,11,20,3,3,8,1,2,2,0,1,0,0,0,0,4.57782E+20,5.62528E+21,8.4012E+15,5.07778E+16
20462,20463,6,5,32,6,2016,11,17,6,3,2,6,2,1,0,1,0,0,0,0,4.50668E+20,5.62481E+21,8.30037E+15,5.0773E+16
20463,20464,6,6,35,13,2016,11,13,1,3,4,6,0,0,0,1,0,0,0,0,4.9069E+20,5.65467E+21,8.8672E+15,5.10435E+16
20464,20465,6,4,38,11,2016,11,8,3,3,2,6,2,1,0,1,0,0,0,0,4.92059E+20,5.54514E+21,8.88906E+15,5.00585E+16
20465,20466,6,5,31,16,2016,10,10,7,2,8,1,0,0,0,1,0,0,0,0,4.88245E+20,5.60671E+21,8.83386E+15,5.06122E+16
20466,20467,6,5,32,6,2016,11,16,7,3,2,6,1,0,0,1,0,0,0,1,4.48631E+20,5.6212E+21,8.27199E+15,5.07403E+16
20467,20468,6,5,32,2,2016,11,10,7,3,5,3,0,1,0,1,0,0,0,1,4.63596E+20,5.61635E+21,8.48453E+15,5.06979E+16
20468,20469,6,6,36,16,2016,11,6,2,3,5,3,2,1,0,1,0,0,0,0,5.61408E+20,5.68888E+21,9.88175E+15,5.13479E+16
20469,20470,6,4,34,2,2016,11,17,2,3,5,2,2,0,0,1,0,0,0,0,4.76006E+20,5.56741E+21,8.6634E+15,5.02583E+16
20470,20471,6,4,12,0,2016,11,0,1,3,2,6,2,1,0,1,0,0,0,0,4.72528E+20,5.54987E+21,8.61588E+15,5.01004E+16
20471,20472,6,4,14,0,2016,11,7,7,3,2,6,1,1,0,1,0,0,0,0,4.54132E+20,5.54503E+21,8.35924E+15,5.00558E+16
20472,20473,6,4,40,19,2016,11,7,4,3,2,1,0,0,0,1,0,0,0,0,5.03592E+20,5.57442E+21,9.05046E+15,5.03218E+16
20473,20474,6,4,31,7,2016,11,20,6,3,4,1,2,1,0,1,0,0,0,0,4.87822E+20,5.50111E+21,8.83125E+15,4.96624E+16
20474,20475,6,4,11,0,2016,11,21,5,3,2,6,2,0,0,1,0,1,0,0,4.73717E+20,5.51956E+21,8.63457E+15,4.98279E+16
20475,20476,6,4,38,9,2016,11,18,5,3,5,2,2,0,0,1,0,0,0,0,4.72742E+20,5.54205E+21,8.61942E+15,5.00301E+16
20476,20477,6,4,11,0,2016,11,4,4,3,4,7,2,1,0,1,0,0,0,0,4.75654E+20,5.52456E+21,8.66118E+15,4.9873E+16
20477,20478,6,4,32,19,2016,11,19,7,3,5,3,2,1,0,1,0,0,0,0,4.8487E+20,5.52215E+21,8.78954E+15,4.98516E+16
20478,20479,6,4,32,14,2016,11,7,5,3,6,4,2,0,0,1,1,0,0,0,4.79312E+20,5.51951E+21,8.71235E+15,4.98277E+16
20479,20480,6,6,11,0,2016,11,17,3,3,3,6,2,0,0,1,0,0,0,0,5.34421E+20,5.68537E+21,9.49393E+15,5.13186E+16
20480,20481,6,5,31,12,2016,11,7,4,3,2,6,0,0,0,1,0,0,0,0,4.75176E+20,5.59821E+21,8.64972E+15,5.05353E+16
20481,20482,6,4,34,5,2016,10,13,6,3,4,2,0,0,0,1,0,0,0,0,4.63851E+20,5.55957E+21,8.49363E+15,5.01872E+16
20482,20483,6,5,31,7,2016,10,7,5,3,5,3,0,0,1,1,0,0,0,0,4.74873E+20,5.60393E+21,8.64505E+15,5.05867E+16
20483,20484,6,5,31,11,2016,11,6,5,2,8,1,2,1,0,1,0,0,0,0,4.86479E+20,5.5923E+21,8.80942E+15,5.04826E+16
20484,20485,6,6,32,2,2016,11,18,5,3,8,1,2,1,0,1,0,0,0,0,5.5122E+20,5.63498E+21,9.72783E+15,5.08643E+16
20485,20486,6,4,14,0,2016,11,16,4,3,8,1,1,1,0,1,0,0,0,0,4.49436E+20,5.54455E+21,8.29371E+15,5.00511E+16
20486,20487,6,4,34,1,2016,11,15,1,3,2,6,0,0,0,1,0,0,0,0,4.70919E+20,5.56572E+21,8.59216E+15,5.02429E+16
20487,20488,6,4,32,23,2016,11,10,7,3,2,6,0,1,0,1,0,0,0,0,4.72204E+20,5.52889E+21,8.61286E+15,4.99117E+16
20488,20489,6,5,33,9,2016,10,22,2,3,0,3,2,0,1,1,0,0,0,0,4.33993E+20,5.58129E+21,8.07163E+15,5.038E+16
20489,20490,6,6,11,0,2016,11,7,3,3,2,6,0,1,0,1,0,0,0,0,5.37912E+20,5.68408E+21,9.54388E+15,5.13067E+16
20490,20491,6,4,12,0,2016,11,21,4,3,2,6,2,1,0,1,0,0,0,0,4.77569E+20,5.55118E+21,8.68628E+15,5.01124E+16
20491,20492,6,5,34,8,2016,11,0,3,3,5,3,2,0,0,1,0,0,0,0,4.89792E+20,5.61984E+21,8.85536E+15,5.07303E+16
20492,20493,6,5,31,5,2016,10,18,5,3,3,2,2,0,0,1,0,0,1,0,4.75274E+20,5.60406E+21,8.65071E+15,5.0588E+16
20493,20494,6,6,34,25,2016,11,9,4,3,4,6,0,1,0,1,0,0,0,0,5.25337E+20,5.66083E+21,9.36184E+15,5.10984E+16
20494,20495,6,4,38,2,2016,10,16,2,2,5,2,0,0,1,1,0,0,0,0,4.77558E+20,5.5394E+21,8.68681E+15,5.00065E+16
20495,20496,6,6,11,0,2016,11,9,3,2,8,7,0,1,0,1,0,0,0,0,5.33256E+20,5.68615E+21,9.47729E+15,5.13256E+16
20496,20497,6,5,33,9,2016,11,14,6,3,5,3,0,1,0,1,0,0,0,0,4.33041E+20,5.58235E+21,8.05806E+15,5.03894E+16
20497,20498,6,6,11,0,2016,11,17,2,3,2,1,1,0,0,1,0,0,0,0,5.33373E+20,5.68214E+21,9.4786E+15,5.12896E+16
20498,20499,6,6,31,7,2016,11,6,3,2,4,1,2,2,0,1,0,0,0,1,5.57412E+20,5.623E+21,9.81394E+15,5.07559E+16
20499,20500,6,4,33,6,2016,10,18,2,3,2,6,2,0,0,1,0,0,0,1,4.63084E+20,5.52904E+21,8.48582E+15,4.99126E+16
20500,20501,6,4,38,10,2016,10,20,2,3,2,6,2,0,0,1,0,0,0,0,4.88821E+20,5.54565E+21,8.84382E+15,5.00631E+16
20501,20502,6,5,33,3,2016,10,13,1,1,2,6,0,0,1,1,0,0,0,0,4.52189E+20,5.57102E+21,8.32883E+15,5.02894E+16
20502,20503,6,4,36,4,2016,11,19,4,3,2,6,2,1,0,1,0,0,0,0,4.56818E+20,5.54411E+21,8.39687E+15,5.00477E+16
20503,20504,6,4,34,1,2016,11,20,3,3,2,6,2,0,0,1,0,0,1,0,4.75962E+20,5.56471E+21,8.66295E+15,5.0234E+16
20504,20505,6,5,35,11,2016,11,7,3,2,4,1,1,2,0,1,0,0,0,0,5.27347E+20,5.60684E+21,9.38652E+15,5.06128E+16
20505,20506,6,4,13,0,2016,11,13,4,3,5,2,0,1,0,1,0,0,0,0,4.85728E+20,5.54901E+21,8.80047E+15,5.00932E+16
20506,20507,6,5,34,14,2016,11,8,3,3,5,2,1,0,0,1,0,0,0,0,4.88203E+20,5.62884E+21,8.83256E+15,5.08112E+16
20507,20508,6,4,31,4,2016,11,18,3,3,2,6,2,0,0,1,0,0,0,0,4.7899E+20,5.4907E+21,8.70943E+15,4.95685E+16
20508,20509,6,4,38,2,2016,10,12,5,3,8,1,0,0,0,1,0,0,0,0,4.80098E+20,5.54401E+21,8.72202E+15,5.00481E+16
20509,20510,6,4,11,0,2016,11,9,4,3,2,6,0,1,1,1,0,0,0,0,4.7573E+20,5.52414E+21,8.66227E+15,4.98692E+16
20510,20511,6,4,37,2,2016,10,16,2,2,8,1,0,0,0,0,0,1,0,0,4.99888E+20,5.49279E+21,8.99845E+15,4.95877E+16
20511,20512,6,5,33,6,2016,11,14,7,3,1,6,0,0,0,1,0,0,0,0,4.28754E+20,5.58467E+21,7.99731E+15,5.04097E+16
20512,20513,6,4,14,0,2016,11,18,2,3,5,2,2,1,0,1,0,0,0,0,4.4663E+20,5.54717E+21,8.25416E+15,5.00744E+16
20513,20514,6,4,31,2,2016,11,6,3,3,0,1,2,1,0,0,0,1,0,0,4.71433E+20,5.5033E+21,8.60401E+15,4.96816E+16
20514,20515,6,4,31,13,2016,10,11,2,3,5,3,0,0,0,1,0,0,0,0,4.61072E+20,5.49445E+21,8.46126E+15,4.96014E+16
20515,20516,6,4,35,14,2016,10,18,2,3,0,7,2,0,1,0,1,0,0,0,4.94814E+20,5.55276E+21,8.92745E+15,5.01271E+16
20516,20517,6,4,40,15,2016,10,15,2,3,3,6,0,0,0,1,0,0,0,0,4.7994E+20,5.58961E+21,8.71739E+15,5.04581E+16
20517,20518,6,5,32,23,2016,11,17,4,3,6,4,2,1,0,0,1,0,0,1,4.66838E+20,5.59853E+21,8.53204E+15,5.05377E+16
20518,20519,6,4,40,7,2016,11,19,3,2,5,3,2,0,0,1,0,0,0,0,4.94796E+20,5.57538E+21,8.92688E+15,5.03305E+16
20519,20520,6,4,32,23,2016,10,14,7,2,4,6,0,0,0,1,0,0,0,0,4.69197E+20,5.52809E+21,8.57105E+15,4.99044E+16
20520,20521,6,5,34,7,2016,11,7,6,3,5,3,2,1,0,1,0,0,0,0,4.65592E+20,5.63291E+21,8.51125E+15,5.08468E+16
20521,20522,6,4,36,5,2016,11,21,1,2,5,3,2,0,0,1,0,0,0,0,4.62145E+20,5.54603E+21,8.47108E+15,5.00653E+16
20522,20523,6,4,36,7,2016,11,22,3,3,1,5,2,0,0,1,0,0,1,0,4.56024E+20,5.54534E+21,8.38563E+15,5.00587E+16
20523,20524,6,4,14,0,2016,10,8,6,2,6,7,0,0,1,0,1,0,0,0,4.44111E+20,5.54751E+21,8.2189E+15,5.00772E+16
20524,20525,6,6,11,0,2016,11,9,6,3,3,1,0,1,0,1,0,0,0,0,5.34837E+20,5.68193E+21,9.49957E+15,5.12877E+16
20525,20526,6,6,31,7,2016,11,10,7,2,6,7,0,1,0,1,1,0,0,0,5.57993E+20,5.6226E+21,9.8221E+15,5.07523E+16
20526,20527,6,6,33,8,2016,10,18,5,3,2,6,2,0,0,1,0,0,0,0,5.33408E+20,5.67463E+21,9.4784E+15,5.12221E+16
20527,20528,6,6,11,0,2016,11,15,2,3,2,6,0,1,0,1,0,0,0,0,5.31581E+20,5.68177E+21,9.45287E+15,5.12864E+16
20528,20529,6,4,40,4,2016,11,9,6,2,5,3,0,1,0,1,0,0,0,0,5.07725E+20,5.56735E+21,9.10837E+15,5.02582E+16
20529,20530,6,4,32,3,2016,11,6,2,3,2,6,1,0,0,1,0,0,0,1,4.72168E+20,5.51359E+21,8.61346E+15,4.97741E+16
20530,20531,6,4,36,7,2016,11,20,1,3,5,3,2,0,0,1,0,0,0,0,4.55454E+20,5.54648E+21,8.37754E+15,5.00689E+16
20531,20532,6,6,34,16,2016,11,6,6,2,5,2,0,0,0,1,0,0,0,0,5.13815E+20,5.64655E+21,9.19676E+15,5.09704E+16
20532,20533,6,5,34,3,2016,11,5,6,3,9,1,2,0,0,1,0,0,0,0,4.64263E+20,5.62396E+21,8.49324E+15,5.07663E+16
20533,20534,6,6,33,14,2016,11,10,5,3,5,3,0,1,0,1,0,0,0,0,5.33372E+20,5.69771E+21,9.48004E+15,5.14296E+16
20534,20535,6,5,34,14,2016,11,14,5,3,2,6,0,0,0,1,0,0,0,1,4.80707E+20,5.62739E+21,8.72624E+15,5.07979E+16
20535,20536,6,4,38,11,2016,11,16,4,2,0,2,1,0,1,1,0,0,0,0,4.91963E+20,5.53841E+21,8.88786E+15,4.99979E+16
20536,20537,6,5,32,23,2016,11,2,7,3,9,7,2,0,0,1,0,0,0,0,4.66602E+20,5.59943E+21,8.52862E+15,5.05458E+16
20537,20538,6,4,31,14,2016,11,10,5,3,2,2,0,0,0,1,0,0,1,0,4.7928E+20,5.50719E+21,8.71257E+15,4.97169E+16
20538,20539,6,6,36,16,2016,11,17,3,2,2,2,2,0,1,1,0,0,0,0,5.59664E+20,5.68841E+21,9.85664E+15,5.13438E+16
20539,20540,6,5,31,13,2016,11,18,3,3,5,3,2,1,0,1,0,0,0,0,4.79215E+20,5.61203E+21,8.70593E+15,5.06598E+16
20540,20541,6,4,33,12,2016,10,19,6,3,5,3,2,0,1,1,0,0,0,0,4.5794E+20,5.5359E+21,8.41343E+15,4.9974E+16
20541,20542,6,6,34,7,2016,10,6,5,3,9,1,2,0,0,1,0,0,0,0,5.28935E+20,5.67337E+21,9.41425E+15,5.1211E+16