FID,OBJECTID,ULAND,UREGBEZ,UKREIS,UGEMEINDE,UJAHR,UMONAT,USTUNDE,UWOCHENTAG,UKATEGORIE,UART,UTYP1,ULICHTVERH,IstStrasse,IstRad,IstPKW,IstFuss,IstKrad,IstGkfz,IstSonstig,LINREFX,LINREFY,XGCSWGS84,YGCSWGS84
20542,20543,6,4,36,6,2016,11,17,5,3,2,6,2,1,0,1,0,0,0,0,4.53014E+20,5.53933E+21,8.34433E+15,5.00045E+16
20543,20544,6,6,33,15,2016,11,11,5,3,8,1,0,1,0,1,0,0,0,0,5.4576E+20,5.68071E+21,9.65604E+15,5.12758E+16
20544,20545,6,4,12,0,2016,11,22,1,2,9,1,2,0,0,1,0,0,0,0,4.72666E+20,5.54838E+21,8.61791E+15,5.0087E+16
20545,20546,6,6,11,0,2016,10,11,2,3,5,3,0,0,0,0,0,1,0,1,5.35727E+20,5.68459E+21,9.51259E+15,5.13115E+16
20546,20547,6,4,14,0,2016,11,10,3,3,6,4,0,1,0,0,1,0,0,1,4.44261E+20,5.54753E+21,8.221E+15,5.00774E+16
20547,20548,6,6,11,0,2016,11,15,4,3,6,4,0,1,0,1,1,0,0,0,5.31822E+20,5.68508E+21,9.45661E+15,5.13161E+16
20548,20549,6,5,32,23,2016,11,19,3,3,5,2,2,1,0,1,0,0,0,0,4.65337E+20,5.60286E+21,8.51045E+15,5.05766E+16
20549,20550,6,5,35,1,2016,10,19,5,3,2,6,2,0,0,1,0,0,0,0,5.26403E+20,5.62382E+21,9.37439E+15,5.07656E+16
20550,20551,6,4,38,6,2016,11,7,4,3,8,1,2,1,0,1,0,0,0,0,4.74501E+20,5.53793E+21,8.64426E+15,4.99932E+16
20551,20552,6,4,12,0,2016,11,5,3,3,5,3,2,1,0,1,0,0,0,0,4.68991E+20,5.55235E+21,8.56621E+15,5.01226E+16
20552,20553,6,4,12,0,2016,11,15,6,3,5,3,0,0,0,1,0,0,0,0,4.69986E+20,5.54985E+21,8.58033E+15,5.01002E+16
20553,20554,6,4,34,4,2016,11,16,2,3,5,3,1,0,0,1,0,0,0,0,4.62045E+20,5.579E+21,8.46639E+15,5.03619E+16
20554,20555,6,5,31,6,2016,11,6,3,3,5,3,2,1,0,1,0,0,0,0,4.93427E+20,5.60425E+21,8.90714E+15,5.05901E+16
20555,20556,6,4,14,0,2016,10,9,2,3,2,6,0,0,0,1,0,0,0,0,4.49179E+20,5.54448E+21,8.29013E+15,5.00504E+16
20556,20557,6,6,35,19,2016,10,15,1,2,9,1,0,0,0,1,0,0,0,0,4.9104E+20,5.66262E+21,8.87199E+15,5.1115E+16
20557,20558,6,4,34,2,2016,11,5,3,3,2,6,2,1,0,1,0,0,0,0,4.75956E+20,5.56627E+21,8.66276E+15,5.02481E+16
20558,20559,6,4,31,20,2016,10,20,6,3,1,6,2,0,0,1,0,1,0,0,4.68235E+20,5.49225E+21,8.56057E+15,4.9582E+16
20559,20560,6,5,32,12,2016,10,12,1,3,2,6,0,0,0,1,0,0,0,1,4.49932E+20,5.61304E+21,8.29153E+15,5.0667E+16
20560,20561,6,4,32,9,2016,10,11,7,3,5,3,0,0,0,1,0,1,0,0,4.87523E+20,5.51647E+21,8.82662E+15,4.98005E+16
20561,20562,6,5,31,10,2016,11,10,6,3,8,1,0,1,0,1,0,0,0,0,4.98513E+20,5.60013E+21,8.97901E+15,5.05531E+16
20562,20563,6,4,14,0,2016,11,14,7,3,5,2,0,1,0,1,0,0,0,0,4.47568E+20,5.54157E+21,8.26802E+15,5.00241E+16
20563,20564,6,6,11,0,2016,11,8,2,3,2,6,0,0,0,1,0,0,0,1,5.35133E+20,5.68561E+21,9.50417E+15,5.13207E+16
20564,20565,6,4,34,1,2016,11,8,6,3,0,1,0,1,0,0,0,1,0,0,4.71452E+20,5.5628E+21,8.59985E+15,5.02167E+16
20565,20566,6,5,35,14,2016,10,14,5,3,2,6,0,0,0,1,0,0,0,1,5.15145E+20,5.61922E+21,9.21456E+15,5.07246E+16
20566,20567,6,4,34,5,2016,11,19,5,2,4,6,2,1,0,1,0,0,0,0,4.63005E+20,5.55907E+21,8.48183E+15,5.01827E+16
20567,20568,6,4,40,8,2016,11,16,2,3,2,6,2,1,0,1,0,0,0,0,4.8181E+20,5.57726E+21,8.74434E+15,5.03471E+16
20568,20569,6,5,32,14,2016,11,14,6,3,4,6,0,0,0,1,0,0,0,0,4.7076E+20,5.59632E+21,8.58755E+15,5.05181E+16
20569,20570,6,4,36,5,2016,11,19,2,2,4,6,2,0,0,1,0,0,0,0,4.62238E+20,5.54672E+21,8.4723E+15,5.00715E+16
20570,20571,6,6,32,15,2016,11,19,1,2,7,7,2,0,0,1,0,0,0,1,5.39011E+20,5.62605E+21,9.55341E+15,5.07849E+16
20571,20572,6,4,11,0,2016,11,7,6,3,5,2,0,0,1,1,0,0,0,0,4.74643E+20,5.52331E+21,8.6472E+15,4.98617E+16
20572,20573,6,4,38,7,2016,11,12,6,2,2,6,0,0,0,1,0,0,0,0,5.01428E+20,5.53898E+21,9.01993E+15,5.00031E+16
20573,20574,6,5,32,9,2016,10,9,3,3,2,6,0,1,0,1,0,0,0,0,4.52765E+20,5.62711E+21,8.32981E+15,5.07938E+16
20574,20575,6,4,33,12,2016,10,14,6,3,2,6,0,0,0,0,0,0,1,1,4.61664E+20,5.53675E+21,8.46528E+15,4.99818E+16
20575,20576,6,5,35,9,2016,11,19,3,3,9,1,2,2,0,1,0,0,0,0,4.96558E+20,5.61867E+21,8.95124E+15,5.07198E+16
20576,20577,6,5,34,19,2016,10,14,1,2,5,2,0,0,0,1,0,0,0,1,4.5978E+20,5.63204E+21,8.4288E+15,5.08387E+16
20577,20578,6,4,36,4,2016,10,14,7,3,0,7,0,0,1,1,0,0,0,0,4.59024E+20,5.54052E+21,8.42806E+15,5.00156E+16
20578,20579,6,4,35,14,2016,11,7,6,3,5,2,0,1,0,1,0,0,0,0,4.94121E+20,5.55294E+21,8.91775E+15,5.01287E+16
20579,20580,6,5,31,12,2016,11,17,1,3,2,6,2,0,0,1,0,0,0,0,4.75212E+20,5.59664E+21,8.65033E+15,5.05212E+16
20580,20581,6,6,35,7,2016,11,20,2,2,8,1,2,1,0,1,0,0,0,0,4.86555E+20,5.68674E+21,8.80702E+15,5.13318E+16
20581,20582,6,6,35,8,2016,11,14,6,2,5,2,0,1,0,1,0,0,0,0,5.00626E+20,5.70407E+21,9.00902E+15,5.14878E+16
20582,20583,6,4,35,26,2016,11,18,7,3,4,1,2,1,0,1,0,0,0,0,4.90272E+20,5.56176E+21,8.86367E+15,5.0208E+16
20583,20584,6,4,12,0,2016,10,22,5,3,2,6,2,0,0,1,0,0,0,0,4.71525E+20,5.55585E+21,8.6014E+15,5.01542E+16
20584,20585,6,4,39,8,2016,11,14,5,2,9,1,0,1,0,1,0,0,0,0,4.45609E+20,5.56645E+21,8.23712E+15,5.02477E+16
20585,20586,6,5,33,17,2016,11,14,2,3,9,7,0,1,0,1,0,0,0,0,4.49225E+20,5.59433E+21,8.28407E+15,5.04988E+16
20586,20587,6,4,31,8,2016,11,20,6,3,1,2,2,1,0,1,0,0,0,0,4.78864E+20,5.48765E+21,8.70785E+15,4.95411E+16
20587,20588,6,5,34,14,2016,11,15,2,3,0,6,0,0,0,1,0,0,0,1,4.84985E+20,5.62492E+21,8.78705E+15,5.07759E+16
20588,20589,6,4,33,6,2016,11,19,1,3,6,4,2,0,0,0,1,0,0,1,4.63076E+20,5.52865E+21,8.48575E+15,4.99091E+16
20589,20590,6,4,14,0,2016,11,21,6,3,8,1,2,1,0,1,0,0,0,0,4.4447E+20,5.54932E+21,8.22366E+15,5.00935E+16
20590,20591,6,5,31,16,2016,11,22,6,2,8,1,2,1,0,1,0,0,0,0,4.90449E+20,5.60398E+21,8.86508E+15,5.05876E+16
20591,20592,6,4,32,20,2016,10,19,3,3,1,5,2,0,0,1,0,0,0,1,4.82313E+20,5.52251E+21,8.75395E+15,4.98548E+16
20592,20593,6,4,35,17,2016,11,9,5,3,2,6,0,0,0,1,0,0,0,0,5.01069E+20,5.55808E+21,9.01497E+15,5.01749E+16
20593,20594,6,4,38,12,2016,11,16,4,2,0,6,1,1,0,0,0,1,1,0,4.83523E+20,5.53612E+21,8.7702E+15,4.99772E+16
20594,20595,6,5,34,15,2016,11,18,5,3,8,1,2,1,0,1,0,0,0,0,4.80503E+20,5.646E+21,8.72235E+15,5.09653E+16
20595,20596,6,6,32,3,2016,11,14,3,3,5,3,0,0,0,1,0,0,0,0,5.55153E+20,5.64764E+21,9.78562E+15,5.09777E+16
20596,20597,6,6,11,0,2016,11,16,3,3,6,4,2,0,0,1,1,0,0,0,5.34509E+20,5.68458E+21,9.49512E+15,5.13115E+16
20597,20598,6,4,36,1,2016,10,6,6,2,5,3,2,0,0,1,0,0,0,0,4.65188E+20,5.55359E+21,8.5129E+15,5.01335E+16
20598,20599,6,4,12,0,2016,10,18,5,3,2,6,2,0,0,1,0,0,0,0,4.67307E+20,5.55195E+21,8.54269E+15,5.01189E+16
20599,20600,6,5,31,16,2016,11,14,5,3,2,6,0,0,0,1,0,0,1,0,4.86808E+20,5.60487E+21,8.81362E+15,5.05956E+16
20600,20601,6,4,14,0,2016,11,9,5,3,0,3,0,1,0,1,0,0,0,1,4.45663E+20,5.544E+21,8.24108E+15,5.00458E+16
20601,20602,6,5,35,8,2016,11,14,7,3,8,1,0,0,0,1,0,0,0,0,5.26124E+20,5.60378E+21,9.36902E+15,5.05854E+16
20602,20603,6,4,12,0,2016,11,8,3,3,3,6,0,1,0,1,0,0,0,0,4.71706E+20,5.54984E+21,8.60438E+15,5.01002E+16
20603,20604,6,4,31,11,2016,11,7,4,3,2,6,0,1,0,1,0,0,0,1,4.7166E+20,5.49951E+21,8.60743E+15,4.96474E+16
20604,20605,6,5,31,14,2016,11,6,3,2,2,6,2,0,0,1,0,0,1,0,4.81179E+20,5.59309E+21,8.73468E+15,5.04894E+16
20605,20606,6,6,32,12,2016,10,14,4,2,6,4,0,0,0,0,1,0,0,1,5.55555E+20,5.64115E+21,9.79035E+15,5.09193E+16
20606,20607,6,4,31,11,2016,11,18,4,3,2,6,2,1,0,1,0,0,0,0,4.73999E+20,5.49931E+21,8.63984E+15,4.96458E+16
20607,20608,6,4,11,0,2016,11,17,3,3,2,6,2,1,0,1,0,0,0,0,4.73917E+20,5.52316E+21,8.63711E+15,4.98602E+16
20608,20609,6,6,35,3,2016,11,19,6,3,8,1,2,1,0,1,0,0,0,0,5.06566E+20,5.66394E+21,9.09383E+15,5.11269E+16
20609,20610,6,6,31,9,2016,11,11,2,3,5,3,0,0,0,1,0,0,0,0,5.48115E+20,5.59747E+21,9.67882E+15,5.05272E+16
20610,20611,6,5,34,14,2016,11,7,3,3,2,6,0,1,0,1,0,0,0,0,4.86505E+20,5.62745E+21,8.8085E+15,5.07986E+16
20611,20612,6,6,32,11,2016,11,8,3,3,3,6,0,1,0,1,0,0,1,0,5.40614E+20,5.63135E+21,9.57672E+15,5.08325E+16
20612,20613,6,4,32,3,2016,10,16,1,3,7,1,0,0,0,0,0,1,0,0,4.72564E+20,5.51145E+21,8.61911E+15,4.97549E+16
20613,20614,6,6,11,0,2016,11,18,2,3,2,6,2,0,0,1,0,0,0,0,5.34035E+20,5.68416E+21,9.48828E+15,5.13077E+16
20614,20615,6,4,34,2,2016,10,14,6,3,2,6,0,0,0,1,0,0,0,0,4.75972E+20,5.56696E+21,8.66295E+15,5.02543E+16
20615,20616,6,4,12,0,2016,11,9,4,3,2,6,0,0,0,1,0,0,0,0,4.80865E+20,5.55189E+21,8.73234E+15,5.0119E+16
20616,20617,6,4,14,0,2016,10,2,7,3,0,1,2,0,0,0,0,1,0,0,4.45488E+20,5.543E+21,8.23879E+15,5.00368E+16
20617,20618,6,6,31,18,2016,10,19,7,2,5,3,2,0,0,1,0,0,0,0,5.43221E+20,5.58816E+21,9.6087E+15,5.04438E+16
20618,20619,6,5,31,5,2016,11,18,5,3,2,6,2,1,0,1,0,0,0,0,4.79294E+20,5.60855E+21,8.70725E+15,5.06284E+16
20619,20620,6,6,33,1,2016,11,13,5,3,8,1,0,1,0,1,0,0,0,0,5.28981E+20,5.69176E+21,9.4164E+15,5.13764E+16
20620,20621,6,4,37,11,2016,11,15,7,3,8,1,0,1,0,1,0,0,0,0,5.061E+20,5.50875E+21,9.08465E+15,4.97312E+16
20621,20622,6,5,35,11,2016,10,11,4,3,5,3,0,0,0,1,0,0,0,0,5.28504E+20,5.60961E+21,9.40309E+15,5.06377E+16
20622,20623,6,4,37,9,2016,11,20,5,3,9,1,2,1,0,1,0,0,0,0,4.95613E+20,5.51459E+21,8.93906E+15,4.97837E+16
20623,20624,6,6,31,2,2016,11,16,2,3,4,1,0,0,0,1,0,0,0,0,5.52708E+20,5.6156E+21,9.7462E+15,5.06898E+16
20624,20625,6,6,34,11,2016,11,9,6,3,9,1,0,1,0,1,0,0,0,0,5.34341E+20,5.65223E+21,9.48961E+15,5.10206E+16
20625,20626,6,4,12,0,2016,11,16,2,3,2,6,1,1,0,1,0,0,0,1,4.67274E+20,5.55193E+21,8.54223E+15,5.01187E+16
20626,20627,6,4,38,13,2016,10,16,5,3,5,2,0,0,0,1,0,0,0,0,4.99535E+20,5.54226E+21,8.99351E+15,5.00326E+16
20627,20628,6,5,31,5,2016,11,18,7,3,2,6,2,1,0,1,0,0,0,0,4.76552E+20,5.60397E+21,8.66878E+15,5.05871E+16
20628,20629,6,4,34,1,2016,11,16,6,2,2,6,0,0,0,1,0,0,0,0,4.75984E+20,5.56393E+21,8.66331E+15,5.02271E+16
20629,20630,6,5,35,16,2016,11,8,4,3,9,1,0,1,0,1,0,0,0,0,5.13669E+20,5.59795E+21,9.19287E+15,5.05334E+16
20630,20631,6,4,12,0,2016,11,18,4,3,2,6,2,1,0,1,0,0,0,0,4.79849E+20,5.54583E+21,8.71845E+15,5.00644E+16
20631,20632,6,4,12,0,2016,11,17,5,3,2,6,2,0,0,1,0,0,0,0,4.70827E+20,5.55391E+21,8.59177E+15,5.01367E+16
20632,20633,6,4,32,5,2016,11,8,3,2,2,6,0,0,0,1,0,0,0,0,4.87872E+20,5.53294E+21,8.83096E+15,4.99487E+16
20633,20634,6,6,34,13,2016,11,12,3,3,3,6,0,0,0,1,0,0,1,0,5.34508E+20,5.65954E+21,9.4927E+15,5.10863E+16
20634,20635,6,5,33,14,2016,10,20,4,3,2,2,2,0,1,0,0,0,0,1,4.44747E+20,5.57635E+21,8.22359E+15,5.03367E+16
20635,20636,6,4,12,0,2016,11,13,4,2,6,4,0,1,0,1,1,0,0,0,4.71848E+20,5.54957E+21,8.60638E+15,5.00977E+16
20636,20637,6,4,13,0,2016,10,12,2,3,6,4,0,0,0,1,1,0,0,0,4.82249E+20,5.54895E+21,8.75183E+15,5.00926E+16
20637,20638,6,6,33,3,2016,11,11,5,3,5,3,0,2,0,1,0,0,0,0,5.3012E+20,5.67701E+21,9.43151E+15,5.12437E+16
20638,20639,6,6,11,0,2016,11,9,3,3,2,6,0,1,0,1,0,0,0,0,5.31017E+20,5.68479E+21,9.44504E+15,5.13136E+16
20639,20640,6,4,36,5,2016,10,17,2,3,5,2,1,0,0,1,0,0,0,0,4.61996E+20,5.54652E+21,8.46894E+15,5.00698E+16
20640,20641,6,5,34,14,2016,11,17,4,3,5,3,0,1,0,1,0,0,0,0,4.86598E+20,5.62911E+21,8.80977E+15,5.08136E+16
20641,20642,6,5,32,22,2016,11,14,5,2,8,1,0,0,0,0,0,0,1,0,4.68065E+20,5.58496E+21,8.55051E+15,5.04158E+16
20642,20643,6,4,12,0,2016,11,18,4,2,1,6,2,0,0,1,0,0,0,0,4.80985E+20,5.55325E+21,8.73395E+15,5.01311E+16
20643,20644,6,4,38,12,2016,11,14,5,3,2,6,0,0,0,1,0,0,0,0,4.88328E+20,5.53385E+21,8.83729E+15,4.99568E+16
20644,20645,6,4,40,23,2016,11,17,3,3,2,6,2,0,0,1,0,0,0,1,4.75823E+20,5.57002E+21,8.66066E+15,5.02818E+16
20645,20646,6,4,12,0,2016,11,23,3,3,6,7,2,0,0,1,1,0,0,0,4.75367E+20,5.55118E+21,8.65548E+15,5.01124E+16
20646,20647,6,4,33,7,2016,10,16,6,3,2,6,0,0,0,1,0,0,0,0,4.67144E+20,5.5438E+21,8.54112E+15,5.00456E+16
20647,20648,6,6,11,0,2016,10,22,4,3,5,3,2,0,0,1,0,0,0,0,5.35455E+20,5.68541E+21,9.50877E+15,5.13189E+16
20648,20649,6,5,33,9,2016,11,6,4,3,5,3,2,1,0,1,0,0,0,0,4.36719E+20,5.58246E+21,8.10977E+15,5.03908E+16
20649,20650,6,4,12,0,2016,11,21,5,3,5,2,2,1,0,1,0,0,0,0,4.76142E+20,5.55514E+21,8.66608E+15,5.0148E+16
20650,20651,6,4,35,12,2016,11,20,7,2,8,1,2,2,0,1,0,0,0,0,5.06816E+20,5.5622E+21,9.09553E+15,5.0212E+16
20651,20652,6,6,34,17,2016,11,12,3,3,7,4,0,1,0,1,1,0,0,0,5.24096E+20,5.63555E+21,9.34245E+15,5.08711E+16
20652,20653,6,4,40,24,2016,11,13,4,3,2,6,0,1,0,1,0,0,1,0,4.89827E+20,5.58547E+21,8.8568E+15,5.04212E+16
20653,20654,6,4,40,8,2016,11,17,4,3,6,2,2,1,0,1,1,0,0,0,4.8352E+20,5.57539E+21,8.76845E+15,5.03304E+16
20654,20655,6,6,35,17,2016,11,20,3,2,8,1,2,2,0,1,0,0,0,0,4.89747E+20,5.64733E+21,8.85396E+15,5.09774E+16
20655,20656,6,4,39,4,2016,11,13,6,3,3,6,0,1,0,0,0,0,1,1,4.27279E+20,5.53781E+21,7.98554E+15,4.99882E+16
20656,20657,6,4,12,0,2016,11,20,2,3,8,1,2,1,0,1,0,0,0,0,4.72609E+20,5.54882E+21,8.61708E+15,5.0091E+16
20657,20658,6,6,31,9,2016,11,17,3,3,2,6,2,1,0,1,0,0,0,0,5.49013E+20,5.59763E+21,9.69151E+15,5.05286E+16
20658,20659,6,5,32,23,2016,10,19,7,3,8,3,2,1,0,1,0,0,0,0,4.65168E+20,5.60231E+21,8.50812E+15,5.05716E+16
20659,20660,6,5,31,5,2016,11,0,7,3,5,3,2,0,0,1,0,0,0,0,4.7971E+20,5.60398E+21,8.71338E+15,5.05874E+16
20660,20661,6,4,36,6,2016,11,17,3,2,2,6,2,1,0,1,0,0,0,0,4.55147E+20,5.54502E+21,8.37342E+15,5.00558E+16
20661,20662,6,6,11,0,2016,11,5,7,3,9,1,2,0,0,1,0,0,0,0,5.35748E+20,5.68448E+21,9.51289E+15,5.13105E+16
20662,20663,6,4,12,0,2016,11,9,2,2,6,2,0,0,0,1,1,0,0,0,4.74702E+20,5.55671E+21,8.64581E+15,5.01621E+16
20663,20664,6,4,38,8,2016,11,10,4,3,5,2,0,0,0,1,0,0,0,0,4.888E+20,5.55084E+21,8.84336E+15,5.01097E+16
20664,20665,6,6,34,15,2016,11,9,6,2,9,1,0,0,0,1,0,0,0,0,5.42192E+20,5.65767E+21,9.60219E+15,5.1069E+16
20665,20666,6,4,14,0,2016,11,7,5,3,7,7,1,1,0,1,0,0,0,1,4.52763E+20,5.54957E+21,8.33955E+15,5.00965E+16
20666,20667,6,6,34,10,2016,11,0,5,3,9,1,2,1,0,1,0,0,0,0,5.08464E+20,5.64718E+21,9.12055E+15,5.09761E+16
20667,20668,6,4,13,0,2016,11,8,4,3,2,6,0,1,0,1,0,0,0,0,4.80967E+20,5.54644E+21,8.73404E+15,5.00699E+16
20668,20669,6,6,34,5,2016,11,8,7,1,4,1,0,1,0,1,0,0,0,0,5.19119E+20,5.6624E+21,9.27313E+15,5.11128E+16
20669,20670,6,4,31,15,2016,11,19,4,3,2,2,2,0,0,1,0,0,0,0,4.83112E+20,5.50338E+21,8.76589E+15,4.96827E+16
20670,20671,6,4,14,0,2016,10,21,4,2,7,7,2,0,0,1,0,0,0,0,4.41558E+20,5.55136E+21,8.18263E+15,5.01116E+16
20671,20672,6,5,35,10,2016,11,19,5,3,9,1,2,1,0,1,0,0,0,0,5.11799E+20,5.62315E+21,9.16729E+15,5.076E+16
20672,20673,6,6,32,14,2016,11,8,2,3,2,6,0,1,0,1,0,0,1,0,5.40881E+20,5.6376E+21,9.58122E+15,5.08886E+16
20673,20674,6,4,32,18,2016,11,17,6,3,2,6,2,1,0,1,0,0,0,0,4.69675E+20,5.51792E+21,8.57849E+15,4.9813E+16
20674,20675,6,4,35,14,2016,11,17,4,2,6,7,0,0,0,1,1,0,0,0,4.92695E+20,5.55451E+21,8.89777E+15,5.01428E+16
20675,20676,6,4,40,8,2016,11,7,2,3,2,6,0,0,0,1,0,0,0,0,4.78049E+20,5.57403E+21,8.69167E+15,5.0318E+16
20676,20677,6,4,14,0,2016,11,14,7,3,5,3,0,1,0,1,0,0,0,0,4.48985E+20,5.54107E+21,8.28787E+15,5.00197E+16
20677,20678,6,4,12,0,2016,11,8,3,3,2,6,0,0,0,1,0,0,0,0,4.72489E+20,5.54709E+21,8.61552E+15,5.00754E+16
20678,20679,6,5,33,16,2016,11,5,5,3,4,1,2,1,0,1,0,0,0,0,4.36397E+20,5.5983E+21,8.10255E+15,5.05332E+16
20679,20680,6,5,31,6,2016,11,8,4,3,3,6,0,1,0,1,0,0,1,0,4.92954E+20,5.60808E+21,8.90039E+15,5.06246E+16
20680,20681,6,4,11,0,2016,11,11,4,3,3,6,0,0,0,1,0,0,1,0,4.71348E+20,5.52446E+21,8.60126E+15,4.98718E+16
20681,20682,6,5,33,8,2016,11,7,4,3,8,1,0,2,0,1,0,0,0,0,4.36351E+20,5.57874E+21,8.10522E+15,5.03573E+16
20682,20683,6,4,33,5,2016,11,12,3,3,3,6,0,0,0,1,0,1,0,0,4.53147E+20,5.53597E+21,8.34658E+15,4.99742E+16
20683,20684,6,4,39,2,2016,11,6,3,3,8,1,2,1,0,1,0,0,0,0,4.33833E+20,5.5537E+21,8.0742E+15,5.01318E+16
20684,20685,6,4,12,0,2016,10,21,4,3,2,1,2,0,0,1,0,0,0,1,4.70897E+20,5.5484E+21,8.59318E+15,5.00871E+16
20685,20686,6,4,12,0,2016,11,19,4,3,1,7,2,1,0,1,0,0,0,0,4.71264E+20,5.55328E+21,8.59794E+15,5.01311E+16
20686,20687,6,4,12,0,2016,10,10,2,3,0,7,0,0,0,1,0,0,0,1,4.75918E+20,5.55073E+21,8.66321E+15,5.01083E+16
20687,20688,6,5,31,5,2016,11,9,7,2,0,7,0,0,1,0,0,0,0,0,4.76219E+20,5.6038E+21,8.66408E+15,5.05856E+16
20688,20689,6,4,14,0,2016,11,20,2,3,6,2,2,1,0,1,0,0,0,1,4.48552E+20,5.54812E+21,8.28088E+15,5.00832E+16
20689,20690,6,5,33,11,2016,11,17,3,3,6,7,1,1,0,1,1,0,0,0,4.40069E+20,5.60159E+21,8.15383E+15,5.05632E+16
20690,20691,6,4,32,4,2016,10,8,2,3,2,6,0,0,0,1,0,0,0,0,4.89338E+20,5.52615E+21,8.85158E+15,4.98876E+16
20691,20692,6,6,31,8,2016,10,19,2,3,2,6,2,0,0,1,0,0,0,0,5.40339E+20,5.58583E+21,9.56787E+15,5.04231E+16
20692,20693,6,5,32,14,2016,11,21,4,3,5,3,2,1,0,1,0,0,0,1,4.69656E+20,5.5961E+21,8.57199E+15,5.0516E+16
20693,20694,6,4,32,2,2016,11,13,3,3,2,6,0,1,0,1,0,0,0,0,4.96297E+20,5.53536E+21,8.94836E+15,4.99706E+16
20694,20695,6,4,32,16,2016,11,10,6,3,8,1,0,1,0,1,0,0,0,0,4.84282E+20,5.52186E+21,8.78136E+15,4.98489E+16
20695,20696,6,4,31,17,2016,11,4,1,2,8,1,2,1,0,1,0,0,0,0,4.7971E+20,5.49469E+21,8.71918E+15,4.96044E+16
20696,20697,6,4,38,6,2016,11,19,3,3,8,1,2,2,0,1,0,0,0,0,4.77933E+20,5.53739E+21,8.69216E+15,4.99884E+16
20697,20698,6,5,35,12,2016,10,7,6,3,8,1,2,0,0,1,0,0,0,0,5.24648E+20,5.60345E+21,9.34816E+15,5.05824E+16
20698,20699,6,6,33,15,2016,11,17,6,3,2,6,2,1,0,1,0,0,0,0,5.43335E+20,5.68167E+21,9.62139E+15,5.12847E+16
20699,20700,6,4,32,14,2016,11,17,7,3,8,6,2,1,0,1,0,0,0,1,4.77244E+20,5.51646E+21,8.68379E+15,4.98001E+16
20700,20701,6,4,12,0,2016,10,8,4,3,4,6,0,1,0,0,0,0,1,1,4.78648E+20,5.54989E+21,8.70144E+15,5.01009E+16
20701,20702,6,6,34,15,2016,11,13,2,3,9,1,0,1,0,1,0,0,1,0,5.40408E+20,5.65835E+21,9.5768E+15,5.10752E+16
20702,20703,6,4,31,16,2016,11,17,2,3,2,6,2,1,0,1,0,1,0,0,4.68871E+20,5.50148E+21,8.56863E+15,4.96651E+16
20703,20704,6,6,11,0,2016,11,11,1,3,5,2,0,0,0,1,0,0,0,1,5.32615E+20,5.6814E+21,9.46765E+15,5.1283E+16
20704,20705,6,4,33,3,2016,11,1,7,2,2,6,2,1,0,1,0,0,0,0,4.67937E+20,5.52626E+21,8.55365E+15,4.98879E+16
20705,20706,6,4,35,29,2016,11,12,6,3,2,6,0,0,0,1,0,0,0,0,5.21484E+20,5.56695E+21,9.30137E+15,5.02543E+16
20706,20707,6,6,34,8,2016,11,11,5,3,9,1,0,1,0,0,0,0,0,1,5.38722E+20,5.67336E+21,9.55435E+15,5.12103E+16
20707,20708,6,5,32,5,2016,11,22,5,2,5,2,2,0,0,1,0,0,0,0,4.51133E+20,5.63173E+21,8.30604E+15,5.08352E+16
20708,20709,6,6,11,0,2016,11,9,4,3,2,6,0,1,0,1,0,0,0,0,5.30773E+20,5.68674E+21,9.44171E+15,5.13311E+16
20709,20710,6,4,31,2,2016,11,14,7,3,5,3,0,1,0,1,0,0,0,0,4.72775E+20,5.50282E+21,8.62263E+15,4.96773E+16
20710,20711,6,4,32,8,2016,11,12,5,3,6,4,0,0,0,1,1,0,0,0,4.68436E+20,5.5232E+21,8.56085E+15,4.98603E+16
20711,20712,6,4,14,0,2016,11,7,3,2,5,3,0,0,0,1,0,0,0,0,4.44705E+20,5.54842E+21,8.22707E+15,5.00855E+16
20712,20713,6,4,12,0,2016,11,16,4,2,3,6,2,0,0,1,0,0,0,1,4.63058E+20,5.54913E+21,8.48353E+15,5.00933E+16
20713,20714,6,5,33,12,2016,11,16,3,3,3,1,1,1,0,1,0,0,0,0,4.44649E+20,5.59432E+21,8.21957E+15,5.04982E+16
20714,20715,6,4,34,8,2016,11,11,6,3,5,3,0,1,0,1,0,0,0,0,4.70118E+20,5.56098E+21,8.58129E+15,5.02003E+16
20715,20716,6,4,12,0,2016,11,1,1,1,6,4,2,0,0,0,1,0,0,1,4.71957E+20,5.54986E+21,8.60789E+15,5.01003E+16
20716,20717,6,5,31,8,2016,11,19,3,3,5,3,2,0,0,1,0,0,0,0,4.92025E+20,5.58838E+21,8.88767E+15,5.04474E+16
20717,20718,6,4,12,0,2016,10,0,7,3,9,1,2,0,0,1,0,0,0,0,4.81351E+20,5.54929E+21,8.73927E+15,5.00956E+16
20718,20719,6,4,14,0,2016,11,7,7,3,8,1,0,1,0,1,0,0,0,0,4.5411E+20,5.54503E+21,8.35894E+15,5.00558E+16
20719,20720,6,4,38,6,2016,11,19,7,3,8,1,2,1,0,1,0,0,0,0,4.78034E+20,5.53739E+21,8.69357E+15,4.99884E+16
20720,20721,6,4,12,0,2016,11,11,2,3,2,6,0,0,0,1,0,0,0,0,4.78198E+20,5.55051E+21,8.69512E+15,5.01064E+16
20721,20722,6,6,34,22,2016,11,15,2,3,2,7,0,0,0,1,0,0,0,1,5.13139E+20,5.64064E+21,9.18691E+15,5.09173E+16