FID,OBJECTID,ULAND,UREGBEZ,UKREIS,UGEMEINDE,UJAHR,UMONAT,USTUNDE,UWOCHENTAG,UKATEGORIE,UART,UTYP1,ULICHTVERH,IstStrasse,IstRad,IstPKW,IstFuss,IstKrad,IstGkfz,IstSonstig,LINREFX,LINREFY,XGCSWGS84,YGCSWGS84
20722,20723,6,4,35,12,2016,11,13,4,3,5,2,0,0,0,1,0,0,0,0,5.07665E+20,5.56021E+21,9.10738E+15,5.0194E+16
20723,20724,6,4,38,6,2016,11,13,6,3,2,6,0,0,0,1,0,1,0,0,4.76141E+20,5.53879E+21,8.66708E+15,5.0001E+16
20724,20725,6,4,12,0,2016,11,9,5,3,5,3,0,1,0,1,0,0,0,0,4.77405E+20,5.55332E+21,8.68386E+15,5.01317E+16
20725,20726,6,6,34,25,2016,11,5,5,3,2,6,2,1,0,1,0,1,0,0,5.26413E+20,5.65809E+21,9.37701E+15,5.10737E+16
20726,20727,6,4,12,0,2016,11,8,4,3,5,3,0,1,0,1,0,1,0,0,4.76571E+20,5.55333E+21,8.67219E+15,5.01317E+16
20727,20728,6,4,40,5,2016,11,14,7,3,2,6,0,0,0,1,0,0,0,0,4.79534E+20,5.58886E+21,8.71172E+15,5.04514E+16
20728,20729,6,4,38,11,2016,11,9,5,2,4,1,0,1,0,1,0,0,0,0,4.90268E+20,5.5404E+21,8.86416E+15,5.00158E+16
20729,20730,6,6,32,12,2016,11,17,3,2,5,2,2,0,0,1,0,0,0,0,5.5243E+20,5.63954E+21,9.74568E+15,5.09051E+16
20730,20731,6,5,32,23,2016,11,13,4,3,5,3,0,0,0,1,0,0,0,0,4.63462E+20,5.60349E+21,8.48391E+15,5.05822E+16
20731,20732,6,4,12,0,2016,10,14,4,3,5,3,0,0,0,0,0,0,0,1,4.80426E+20,5.54983E+21,8.72631E+15,5.01004E+16
20732,20733,6,6,31,9,2016,11,22,5,3,5,3,2,1,0,1,0,0,1,0,5.48069E+20,5.59759E+21,9.6782E+15,5.05283E+16
20733,20734,6,5,35,13,2016,11,6,2,3,2,6,2,1,0,1,0,0,0,1,4.98476E+20,5.60999E+21,8.97844E+15,5.06418E+16
20734,20735,6,4,35,21,2016,11,14,5,2,9,1,0,1,0,1,0,0,0,0,4.90586E+20,5.56829E+21,8.86791E+15,5.02667E+16
20735,20736,6,6,36,5,2016,11,19,4,3,9,1,2,1,0,1,0,0,0,0,5.8388E+20,5.65114E+21,1.01956E+16,5.10057E+16
20736,20737,6,6,33,23,2016,11,14,1,3,2,6,0,0,0,1,0,0,0,0,5.26928E+20,5.67968E+21,9.38598E+15,5.12678E+16
20737,20738,6,4,12,0,2016,11,16,7,3,5,2,2,1,0,1,0,0,0,0,4.83127E+20,5.55376E+21,8.7639E+15,5.01358E+16
20738,20739,6,4,35,17,2016,10,17,2,3,2,6,1,0,0,1,0,0,0,0,5.03383E+20,5.55762E+21,9.04737E+15,5.01708E+16
20739,20740,6,5,35,4,2016,11,12,3,2,9,1,0,2,0,1,0,0,0,0,5.32177E+20,5.58707E+21,9.45307E+15,5.04348E+16
20740,20741,6,4,12,0,2016,11,12,4,3,2,6,0,1,0,1,0,0,0,0,4.76155E+20,5.55513E+21,8.66625E+15,5.01479E+16
20741,20742,6,6,31,15,2016,11,10,3,3,2,6,0,0,0,1,0,0,0,0,5.53294E+20,5.61545E+21,9.75447E+15,5.06884E+16
20742,20743,6,4,40,8,2016,11,13,3,3,6,4,0,0,0,1,1,0,0,0,4.8296E+20,5.57557E+21,8.76058E+15,5.0332E+16
20743,20744,6,4,12,0,2016,10,12,4,3,2,6,0,0,0,1,0,0,0,0,4.80275E+20,5.5564E+21,8.72385E+15,5.01595E+16
20744,20745,6,6,36,6,2016,11,17,4,3,1,5,2,1,0,1,0,0,0,0,5.50781E+20,5.67175E+21,9.72674E+15,5.11949E+16
20745,20746,6,4,39,6,2016,10,9,2,3,4,6,0,0,0,1,0,0,0,0,4.35605E+20,5.56153E+21,8.09767E+15,5.02024E+16
20746,20747,6,4,35,17,2016,11,9,6,3,5,3,0,1,0,1,0,0,0,0,5.0367E+20,5.55695E+21,9.05139E+15,5.01647E+16
20747,20748,6,4,12,0,2016,11,20,2,2,5,3,2,1,1,1,0,0,0,0,4.77439E+20,5.54947E+21,8.68457E+15,5.0097E+16
20748,20749,6,4,33,11,2016,11,7,3,3,2,6,0,1,0,1,0,0,0,0,4.62526E+20,5.52043E+21,8.47889E+15,4.98351E+16
20749,20750,6,4,31,2,2016,10,16,2,3,2,6,0,0,0,1,0,0,0,0,4.72687E+20,5.50401E+21,8.62133E+15,4.96879E+16
20750,20751,6,5,32,16,2016,10,12,2,3,6,4,0,0,0,0,1,0,0,1,4.54466E+20,5.5999E+21,8.35729E+15,5.05493E+16
20751,20752,6,4,35,13,2016,10,11,1,3,5,3,0,0,0,1,0,0,0,0,4.99911E+20,5.56564E+21,8.99875E+15,5.02429E+16
20752,20753,6,6,32,11,2016,11,19,4,3,9,1,2,1,0,1,0,0,0,0,5.42089E+20,5.63222E+21,9.59777E+15,5.08402E+16
20753,20754,6,5,35,15,2016,10,11,5,3,3,6,0,0,0,1,0,1,0,0,5.40262E+20,5.6148E+21,9.56992E+15,5.06837E+16
20754,20755,6,5,34,7,2016,11,16,3,2,5,3,1,1,0,1,0,0,0,0,4.67811E+20,5.63116E+21,8.54292E+15,5.08313E+16
20755,20756,6,4,32,19,2016,10,20,1,3,2,6,2,0,0,1,0,0,0,0,4.86821E+20,5.51881E+21,8.81679E+15,4.98216E+16
20756,20757,6,6,32,3,2016,10,5,7,3,9,7,2,1,0,1,0,0,0,0,5.52936E+20,5.64644E+21,9.75388E+15,5.09671E+16
20757,20758,6,4,33,4,2016,11,16,6,3,2,6,0,1,0,1,0,0,0,0,4.62212E+20,5.51125E+21,8.47542E+15,4.97526E+16
20758,20759,6,4,12,0,2016,11,19,1,3,8,1,2,0,0,1,0,0,0,0,4.71937E+20,5.55699E+21,8.60709E+15,5.01644E+16
20759,20760,6,4,33,8,2016,11,14,3,3,3,6,0,1,0,1,0,0,0,0,4.71609E+20,5.53561E+21,8.60408E+15,4.99722E+16
20760,20761,6,4,37,6,2016,10,18,6,3,5,2,2,0,0,1,0,0,0,0,4.99553E+20,5.49984E+21,8.99381E+15,4.96511E+16
20761,20762,6,4,14,0,2016,11,12,6,3,2,6,0,1,0,1,0,0,0,0,4.4547E+20,5.54425E+21,8.23835E+15,5.0048E+16
20762,20763,6,4,12,0,2016,11,10,7,3,2,6,0,1,0,1,0,0,0,0,4.8178E+20,5.55611E+21,8.74494E+15,5.01569E+16
20763,20764,6,4,12,0,2016,10,17,4,3,2,6,0,0,1,1,0,0,0,0,4.80386E+20,5.55444E+21,8.72551E+15,5.01419E+16
20764,20765,6,4,39,15,2016,11,14,2,3,6,4,0,1,0,1,1,0,0,0,4.38811E+20,5.55456E+21,8.14371E+15,5.01401E+16
20765,20766,6,5,32,11,2016,11,16,6,2,4,6,0,1,0,1,0,0,0,0,4.49786E+20,5.62909E+21,8.28727E+15,5.08114E+16
20766,20767,6,4,32,20,2016,11,16,2,3,1,5,1,0,1,1,0,0,0,0,4.82464E+20,5.52277E+21,8.75603E+15,4.98571E+16
20767,20768,6,4,31,16,2016,11,0,1,3,2,6,2,1,0,1,0,0,0,0,4.6466E+20,5.49969E+21,8.51045E+15,4.96487E+16
20768,20769,6,5,33,9,2016,11,5,6,3,5,2,2,1,0,1,0,0,0,0,4.35204E+20,5.58688E+21,8.0877E+15,5.04304E+16
20769,20770,6,4,33,12,2016,11,12,6,3,5,3,0,0,1,1,0,0,0,0,4.5959E+20,5.5363E+21,8.4364E+15,4.99777E+16
20770,20771,6,4,31,18,2016,10,12,3,2,8,1,0,1,0,1,0,0,0,0,4.87336E+20,5.4734E+21,8.82541E+15,4.94132E+16
20771,20772,6,6,34,1,2016,11,18,5,2,5,3,2,1,0,1,0,0,1,0,5.12928E+20,5.6563E+21,9.18446E+15,5.1058E+16
20772,20773,6,5,32,23,2016,11,9,5,3,2,6,0,0,0,1,0,0,0,0,4.64691E+20,5.60109E+21,8.50149E+15,5.05607E+16
20773,20774,6,4,35,1,2016,11,13,4,3,2,6,0,1,0,1,0,0,1,0,5.24876E+20,5.564E+21,9.34876E+15,5.02276E+16
20774,20775,6,5,31,10,2016,11,15,7,3,8,1,0,1,0,1,0,0,0,0,4.98161E+20,5.60086E+21,8.97404E+15,5.05596E+16
20775,20776,6,4,33,12,2016,11,18,5,3,2,2,0,1,0,1,0,0,0,0,4.58653E+20,5.53759E+21,8.4232E+15,4.99892E+16
20776,20777,6,6,33,6,2016,11,15,3,3,6,4,0,0,0,1,1,0,0,0,5.17917E+20,5.67697E+21,9.25669E+15,5.12438E+16
20777,20778,6,6,36,12,2016,11,12,3,3,2,6,0,0,0,1,0,0,0,0,5.67028E+20,5.6656E+21,9.95808E+15,5.1138E+16
20778,20779,6,5,34,14,2016,10,10,6,2,5,3,0,0,0,1,0,0,0,0,4.85273E+20,5.62721E+21,8.79103E+15,5.07965E+16
20779,20780,6,6,32,20,2016,10,17,4,2,4,6,0,0,0,1,0,0,1,1,5.70691E+20,5.64938E+21,1.00073E+16,5.09916E+16
20780,20781,6,5,31,12,2016,11,17,5,3,2,6,2,1,0,1,0,0,0,0,4.75342E+20,5.59917E+21,8.652E+15,5.05439E+16
20781,20782,6,6,11,0,2016,11,11,5,3,5,3,0,1,0,1,0,0,0,0,5.35892E+20,5.68603E+21,9.5151E+15,5.13244E+16
20782,20783,6,4,12,0,2016,11,15,1,3,2,6,0,0,0,1,0,0,0,0,4.70695E+20,5.55347E+21,8.58996E+15,5.01328E+16
20783,20784,6,4,14,0,2016,11,16,3,3,5,3,1,1,0,1,0,0,0,1,4.47333E+20,5.54644E+21,8.26407E+15,5.00679E+16
20784,20785,6,6,34,7,2016,11,13,4,2,0,6,0,1,0,1,0,0,0,1,5.24117E+20,5.67059E+21,9.34508E+15,5.11862E+16
20785,20786,6,6,34,7,2016,11,16,3,3,2,6,2,0,0,1,0,0,0,0,5.26548E+20,5.67062E+21,9.37987E+15,5.11864E+16
20786,20787,6,6,35,12,2016,10,3,4,3,9,1,2,0,0,1,0,0,0,0,4.97664E+20,5.64552E+21,8.96674E+15,5.09613E+16
20787,20788,6,4,34,8,2016,11,18,4,2,6,4,2,1,0,1,1,0,0,0,4.69642E+20,5.56186E+21,8.57456E+15,5.02081E+16
20788,20789,6,4,12,0,2016,11,12,3,2,6,7,0,1,0,1,1,0,0,0,4.78306E+20,5.55376E+21,8.69644E+15,5.01357E+16
20789,20790,6,4,32,10,2016,10,8,6,3,2,6,0,0,0,1,0,0,0,0,4.95182E+20,5.52212E+21,8.93298E+15,4.98515E+16
20790,20791,6,4,39,2,2016,10,11,4,3,5,3,0,0,0,1,0,0,0,0,4.32098E+20,5.5532E+21,8.05002E+15,5.01272E+16
20791,20792,6,5,31,5,2016,11,7,5,2,6,4,0,1,0,1,1,0,0,0,4.79714E+20,5.60398E+21,8.71343E+15,5.05874E+16
20792,20793,6,5,33,7,2016,11,13,5,3,0,1,0,1,0,0,0,1,0,0,4.31535E+20,5.59158E+21,8.03519E+15,5.04722E+16
20793,20794,6,4,33,8,2016,11,17,4,3,2,6,2,1,0,1,0,0,0,0,4.71363E+20,5.537E+21,8.60055E+15,4.99847E+16
20794,20795,6,6,33,23,2016,11,6,1,2,8,1,2,0,0,1,0,0,0,0,5.21517E+20,5.68388E+21,9.30868E+15,5.13058E+16
20795,20796,6,4,11,0,2016,11,12,7,3,9,1,0,1,0,1,0,0,0,0,4.79022E+20,5.52371E+21,8.7081E+15,4.98655E+16
20796,20797,6,5,33,6,2016,10,0,2,3,0,1,2,0,0,1,0,0,0,0,4.30987E+20,5.58475E+21,8.02872E+15,5.04108E+16
20797,20798,6,6,11,0,2016,11,21,3,3,5,3,2,1,0,1,0,0,0,0,5.34368E+20,5.68762E+21,9.49339E+15,5.13389E+16
20798,20799,6,4,11,0,2016,11,6,4,3,5,3,0,1,0,1,0,0,0,0,4.74981E+20,5.53068E+21,8.65141E+15,4.9928E+16
20799,20800,6,6,31,9,2016,11,15,3,3,2,6,0,0,0,1,0,0,0,0,5.49066E+20,5.6017E+21,9.6928E+15,5.05652E+16
20800,20801,6,4,35,28,2016,10,12,4,3,5,2,0,0,0,1,0,1,0,0,5.37799E+20,5.56792E+21,9.53031E+15,5.02622E+16
20801,20802,6,4,39,8,2016,11,17,4,3,8,1,2,1,0,1,0,0,0,0,4.5086E+20,5.56592E+21,8.31084E+15,5.02434E+16
20802,20803,6,4,35,26,2016,10,5,2,3,2,6,2,0,0,1,0,0,0,0,4.88741E+20,5.56022E+21,8.84227E+15,5.01941E+16
20803,20804,6,4,14,0,2016,11,10,3,3,2,2,0,1,0,1,0,0,0,0,4.45774E+20,5.54565E+21,8.2424E+15,5.00606E+16
20804,20805,6,4,14,0,2016,11,16,6,3,6,2,2,1,0,1,1,0,0,0,4.44869E+20,5.54786E+21,8.22945E+15,5.00804E+16
20805,20806,6,4,39,8,2016,11,12,2,3,5,3,0,0,0,1,0,0,0,0,4.4515E+20,5.56E+21,8.23162E+15,5.01896E+16
20806,20807,6,6,31,9,2016,11,16,3,3,2,6,1,1,0,1,0,0,0,0,5.49149E+20,5.60209E+21,9.69402E+15,5.05687E+16
20807,20808,6,6,32,15,2016,10,20,2,3,9,1,2,0,0,1,0,0,1,0,5.39667E+20,5.62979E+21,9.56311E+15,5.08185E+16
20808,20809,6,4,13,0,2016,10,14,1,3,3,6,0,0,0,0,0,0,0,1,4.83558E+20,5.54837E+21,8.77016E+15,5.00873E+16
20809,20810,6,5,35,15,2016,11,17,3,3,2,6,2,1,0,1,0,0,0,1,5.4176E+20,5.61503E+21,9.59115E+15,5.06856E+16
20810,20811,6,4,32,23,2016,11,9,3,3,2,1,0,1,0,0,0,0,1,1,4.72068E+20,5.53239E+21,8.61071E+15,4.99432E+16
20811,20812,6,6,33,17,2016,10,12,5,2,5,2,0,0,0,1,0,0,1,0,5.3668E+20,5.68011E+21,9.5258E+15,5.12712E+16
20812,20813,6,4,33,6,2016,10,7,1,1,9,1,1,0,0,1,0,0,0,0,4.66514E+20,5.53331E+21,8.53323E+15,4.99512E+16
20813,20814,6,4,40,19,2016,10,23,7,3,8,1,2,0,0,1,0,0,0,0,5.05004E+20,5.5805E+21,9.07037E+15,5.03766E+16
20814,20815,6,4,12,0,2016,11,7,6,3,2,6,0,1,0,1,0,0,0,0,4.81967E+20,5.55419E+21,8.74764E+15,5.01397E+16
20815,20816,6,5,33,9,2016,11,4,7,3,4,1,2,0,0,1,0,0,0,0,4.33764E+20,5.58202E+21,8.06828E+15,5.03865E+16
20816,20817,6,5,33,9,2016,11,18,2,3,2,6,2,1,0,1,0,0,0,0,4.36349E+20,5.58085E+21,8.10484E+15,5.03763E+16
20817,20818,6,4,39,11,2016,11,15,6,3,6,4,0,1,0,1,1,0,0,0,4.51527E+20,5.55644E+21,8.32141E+15,5.01582E+16
20818,20819,6,4,35,19,2016,10,7,4,3,2,6,0,0,0,1,0,0,0,0,4.87728E+20,5.55507E+21,8.82824E+15,5.01477E+16
20819,20820,6,4,39,5,2016,11,18,5,3,4,7,2,1,0,1,0,0,0,0,4.29371E+20,5.5602E+21,8.01057E+15,5.01898E+16
20820,20821,6,4,35,16,2016,11,9,2,3,8,1,0,1,0,1,0,0,0,0,5.30285E+20,5.56209E+21,9.42443E+15,5.02102E+16
20821,20822,6,5,34,9,2016,11,16,6,3,2,3,2,1,0,1,0,0,1,0,4.80843E+20,5.61685E+21,8.72872E+15,5.07032E+16
20822,20823,6,5,34,8,2016,11,18,2,2,9,1,2,0,0,1,0,0,0,0,4.88397E+20,5.61943E+21,8.83561E+15,5.07265E+16
20823,20824,6,6,31,18,2016,11,14,1,2,8,1,0,1,0,1,0,0,0,0,5.38089E+20,5.59497E+21,9.53713E+15,5.05054E+16
20824,20825,6,4,12,0,2016,11,7,6,3,6,4,0,0,0,0,1,0,0,1,4.76768E+20,5.54888E+21,8.67522E+15,5.00917E+16
20825,20826,6,5,31,6,2016,11,9,6,3,5,3,0,0,0,1,0,0,0,0,4.96808E+20,5.60469E+21,8.9549E+15,5.05941E+16
20826,20827,6,4,31,14,2016,10,17,3,3,5,3,0,0,0,1,0,0,0,0,4.761E+20,5.50549E+21,8.66856E+15,4.97014E+16
20827,20828,6,4,12,0,2016,11,17,5,3,2,6,1,0,0,1,0,0,0,0,4.66547E+20,5.55153E+21,8.53209E+15,5.0115E+16
20828,20829,6,5,34,14,2016,11,20,4,3,5,2,2,0,0,1,0,0,0,0,4.83582E+20,5.62625E+21,8.76709E+15,5.07878E+16
20829,20830,6,6,31,9,2016,11,17,5,3,5,3,1,1,0,1,0,0,0,0,5.48281E+20,5.59998E+21,9.68149E+15,5.05498E+16
20830,20831,6,6,34,7,2016,11,8,3,3,5,3,0,0,0,1,0,1,0,0,5.25057E+20,5.66988E+21,9.35847E+15,5.11798E+16
20831,20832,6,4,14,0,2016,11,5,3,3,2,6,2,1,0,1,0,0,0,0,4.44382E+20,5.5464E+21,8.22285E+15,5.00672E+16
20832,20833,6,5,35,1,2016,10,18,6,3,2,6,2,0,0,1,0,0,0,0,5.19267E+20,5.62113E+21,9.27307E+15,5.07416E+16
20833,20834,6,4,34,8,2016,10,6,4,3,9,7,2,1,0,0,0,1,0,0,4.62904E+20,5.56514E+21,8.47982E+15,5.02372E+16
20834,20835,6,6,35,15,2016,11,0,4,3,4,6,2,1,0,1,0,0,0,0,4.88302E+20,5.67961E+21,8.83232E+15,5.12677E+16
20835,20836,6,4,14,0,2016,11,4,5,3,5,2,2,1,0,1,0,1,0,0,4.42751E+20,5.54674E+21,8.20002E+15,5.00702E+16
20836,20837,6,4,35,19,2016,11,12,7,3,5,3,0,0,0,1,0,0,0,0,4.87154E+20,5.55566E+21,8.82018E+15,5.0153E+16
20837,20838,6,4,12,0,2016,11,19,3,3,0,1,2,1,0,0,0,1,0,0,4.75442E+20,5.5474E+21,8.65677E+15,5.00783E+16
20838,20839,6,4,35,10,2016,11,18,4,3,2,6,2,1,0,1,0,0,0,0,5.10898E+20,5.55944E+21,9.15266E+15,5.0187E+16
20839,20840,6,4,40,18,2016,11,2,3,2,2,7,2,0,0,1,0,0,1,0,4.78841E+20,5.5827E+21,8.70231E+15,5.0396E+16
20840,20841,6,5,32,10,2016,11,9,4,3,1,5,0,1,0,1,0,0,0,0,4.46462E+20,5.60647E+21,8.24338E+15,5.06076E+16
20841,20842,6,6,34,17,2016,11,11,3,3,9,1,0,1,0,1,0,0,0,0,5.23325E+20,5.64019E+21,9.33179E+15,5.09128E+16
20842,20843,6,6,35,12,2016,11,16,6,3,8,1,1,1,0,1,0,0,0,0,4.94596E+20,5.65023E+21,8.92298E+15,5.10037E+16
20843,20844,6,4,38,10,2016,11,18,2,2,2,6,2,0,0,1,0,0,0,0,4.92285E+20,5.54795E+21,8.89216E+15,5.00838E+16
20844,20845,6,6,31,22,2016,11,10,3,3,9,1,0,1,0,1,0,0,0,0,5.64468E+20,5.61894E+21,9.91324E+15,5.07187E+16
20845,20846,6,4,12,0,2016,11,17,3,3,2,6,2,0,0,1,0,0,0,0,4.71231E+20,5.55503E+21,8.59735E+15,5.01468E+16
20846,20847,6,4,14,0,2016,11,8,2,3,2,6,0,0,0,1,0,0,0,0,4.47161E+20,5.54817E+21,8.26143E+15,5.00834E+16
20847,20848,6,6,33,29,2016,11,14,4,3,5,2,0,0,0,1,0,0,0,0,5.21564E+20,5.69062E+21,9.30976E+15,5.13664E+16
20848,20849,6,4,14,0,2016,10,18,7,2,6,4,2,0,0,1,1,0,0,0,4.44445E+20,5.54648E+21,8.22372E+15,5.0068E+16
20849,20850,6,5,33,9,2016,11,18,5,3,2,6,2,1,0,1,0,0,0,0,4.33557E+20,5.58319E+21,8.06517E+15,5.0397E+16
20850,20851,6,4,14,0,2016,11,18,5,3,2,6,2,0,0,1,0,0,0,0,4.47907E+20,5.54741E+21,8.27197E+15,5.00767E+16
20851,20852,6,6,11,0,2016,11,16,4,3,5,2,1,1,1,0,0,0,1,0,5.37037E+20,5.68367E+21,9.53129E+15,5.13031E+16
20852,20853,6,6,33,21,2016,11,7,7,3,8,1,0,2,0,1,0,0,0,0,5.34675E+20,5.71971E+21,9.50095E+15,5.16274E+16
20853,20854,6,4,38,1,2016,11,15,4,3,8,7,0,0,0,1,0,0,0,0,4.85779E+20,5.53925E+21,8.80155E+15,5.00054E+16
20854,20855,6,4,35,9,2016,11,20,6,3,8,1,2,0,0,1,0,0,0,1,5.09346E+20,5.55529E+21,9.13082E+15,5.01497E+16
20855,20856,6,4,31,2,2016,11,17,2,3,5,2,2,0,1,1,0,0,0,0,4.72554E+20,5.50568E+21,8.61937E+15,4.9703E+16
20856,20857,6,4,33,4,2016,11,19,3,3,5,3,2,1,0,1,0,0,0,0,4.63727E+20,5.51257E+21,8.49633E+15,4.97645E+16
20857,20858,6,6,32,11,2016,11,11,3,2,0,7,0,1,0,1,0,0,0,0,5.44257E+20,5.63289E+21,9.62864E+15,5.0846E+16
20858,20859,6,4,32,18,2016,10,17,2,3,2,6,2,0,0,1,0,0,0,0,4.6987E+20,5.51837E+21,8.58118E+15,4.9817E+16
20859,20860,6,4,31,17,2016,10,14,1,2,5,3,0,0,0,1,0,1,0,0,4.81279E+20,5.4942E+21,8.74092E+15,4.96001E+16
20860,20861,6,5,31,5,2016,11,17,2,3,5,3,2,0,1,1,0,0,0,0,4.77453E+20,5.60477E+21,8.68145E+15,5.05944E+16
20861,20862,6,4,12,0,2016,10,9,5,3,5,3,0,0,0,1,0,0,0,0,4.77586E+20,5.55595E+21,8.68623E+15,5.01553E+16
20862,20863,6,6,36,3,2016,10,17,7,3,8,6,0,0,0,0,0,1,0,0,5.69272E+20,5.67293E+21,9.99156E+15,5.12035E+16
20863,20864,6,5,34,13,2016,10,16,7,2,8,1,0,0,0,1,0,0,0,0,4.74952E+20,5.62293E+21,8.64488E+15,5.07576E+16
20864,20865,6,5,33,9,2016,11,17,6,3,7,7,2,0,0,1,0,0,0,1,4.34095E+20,5.58338E+21,8.0727E+15,5.03988E+16
20865,20866,6,4,13,0,2016,11,19,7,3,5,3,2,0,0,1,0,0,0,0,4.82709E+20,5.55052E+21,8.7582E+15,5.01067E+16
20866,20867,6,4,14,0,2016,11,8,2,3,5,3,0,1,0,1,0,0,0,1,4.44576E+20,5.54841E+21,8.22526E+15,5.00853E+16
20867,20868,6,4,35,16,2016,11,15,6,3,8,1,0,1,0,1,0,0,0,0,5.34919E+20,5.55461E+21,9.48869E+15,5.01427E+16
20868,20869,6,5,32,6,2016,10,13,4,3,2,6,0,0,0,1,0,0,1,0,4.48976E+20,5.62205E+21,8.27676E+15,5.0748E+16
20869,20870,6,4,35,5,2016,11,10,5,3,8,1,0,1,0,1,0,0,0,0,5.21627E+20,5.57111E+21,9.30361E+15,5.02917E+16
20870,20871,6,5,34,18,2016,11,15,2,3,8,1,0,1,0,1,0,0,0,0,5.02525E+20,5.63153E+21,9.03586E+15,5.08355E+16
20871,20872,6,4,35,19,2016,11,2,6,3,4,6,2,1,0,1,0,0,0,0,4.87846E+20,5.55428E+21,8.82992E+15,5.01407E+16
20872,20873,6,4,38,11,2016,11,11,2,2,2,6,0,0,0,0,0,0,1,0,4.93368E+20,5.54484E+21,8.90736E+15,5.00558E+16
20873,20874,6,6,32,20,2016,11,18,1,3,9,1,2,1,0,1,0,0,0,0,5.64184E+20,5.64182E+21,9.91322E+15,5.09244E+16
20874,20875,6,4,12,0,2016,11,19,6,3,2,6,2,0,0,1,0,0,0,0,4.73713E+20,5.55366E+21,8.63218E+15,5.01346E+16
20875,20876,6,4,35,17,2016,11,21,4,3,5,3,2,0,1,0,0,1,0,0,5.0364E+20,5.55702E+21,9.05097E+15,5.01654E+16
20876,20877,6,5,31,4,2016,11,13,4,3,5,2,0,0,0,0,0,0,1,1,4.84427E+20,5.59928E+21,8.78021E+15,5.05453E+16
20877,20878,6,4,12,0,2016,11,10,5,3,2,6,0,1,0,1,0,0,0,1,4.66467E+20,5.55148E+21,8.53098E+15,5.01146E+16
20878,20879,6,4,40,4,2016,11,5,3,3,2,6,2,1,0,1,0,0,0,0,5.10856E+20,5.57188E+21,9.15242E+15,5.0299E+16
20879,20880,6,4,12,0,2016,11,7,3,3,6,4,0,0,1,0,1,0,0,0,4.76037E+20,5.55014E+21,8.66492E+15,5.0103E+16
20880,20881,6,4,31,3,2016,10,7,4,3,7,7,1,0,0,0,0,0,0,1,4.61886E+20,5.5055E+21,8.47145E+15,4.97008E+16
20881,20882,6,4,14,0,2016,11,7,4,3,2,6,1,1,0,1,0,0,1,0,4.49654E+20,5.54294E+21,8.29696E+15,5.00366E+16
20882,20883,6,6,34,22,2016,11,17,5,2,1,5,2,1,0,1,0,1,0,0,5.16332E+20,5.63935E+21,9.23228E+15,5.09055E+16
20883,20884,6,4,40,13,2016,11,13,7,2,8,1,0,0,0,1,0,0,0,0,5.13354E+20,5.57727E+21,9.18769E+15,5.03474E+16
20884,20885,6,6,34,14,2016,11,15,3,2,9,1,0,1,0,1,0,0,0,0,5.36329E+20,5.6611E+21,9.51885E+15,5.11003E+16
20885,20886,6,4,35,22,2016,10,5,2,3,7,7,2,0,0,1,0,0,0,0,4.88737E+20,5.56023E+21,8.84221E+15,5.01941E+16
20886,20887,6,4,40,7,2016,11,7,4,3,2,6,1,1,0,1,0,0,0,0,4.90173E+20,5.57409E+21,8.86196E+15,5.03188E+16
20887,20888,6,5,34,4,2016,11,16,4,2,5,3,1,1,0,1,0,0,0,0,4.6132E+20,5.63883E+21,8.44995E+15,5.08998E+16
20888,20889,6,4,38,2,2016,11,14,3,3,5,3,0,1,0,1,0,0,0,0,4.77555E+20,5.53939E+21,8.68677E+15,5.00064E+16
20889,20890,6,4,38,2,2016,11,13,6,3,2,6,0,1,0,1,0,0,0,0,4.77841E+20,5.5399E+21,8.69074E+15,5.0011E+16
20890,20891,6,4,14,0,2016,11,6,2,3,2,6,0,0,0,1,0,0,0,1,4.54907E+20,5.54702E+21,8.36983E+15,5.00738E+16
20891,20892,6,5,32,22,2016,11,18,3,3,8,1,2,2,0,1,0,0,0,0,4.63316E+20,5.58381E+21,8.48378E+15,5.04052E+16
20892,20893,6,4,38,11,2016,10,14,7,3,3,6,0,0,0,1,0,0,1,0,4.92226E+20,5.54574E+21,8.89138E+15,5.00639E+16
20893,20894,6,6,31,18,2016,11,15,7,3,5,3,0,1,0,1,0,0,0,0,5.45669E+20,5.59077E+21,9.6435E+15,5.04671E+16
20894,20895,6,6,35,3,2016,11,9,7,3,5,3,0,0,0,1,0,0,0,0,5.04475E+20,5.65967E+21,9.06389E+15,5.10885E+16
20895,20896,6,4,12,0,2016,11,13,2,3,3,6,0,0,0,1,0,0,0,0,4.80818E+20,5.55183E+21,8.73169E+15,5.01184E+16
20896,20897,6,4,38,11,2016,11,8,4,3,2,6,0,0,0,1,0,0,0,1,4.90568E+20,5.54541E+21,8.86823E+15,5.00609E+16
20897,20898,6,6,33,10,2016,11,6,6,3,8,7,1,1,0,1,0,0,0,0,5.2855E+20,5.69871E+21,9.41075E+15,5.14388E+16
20898,20899,6,4,12,0,2016,11,19,5,3,3,6,2,0,0,1,0,0,0,1,4.78742E+20,5.54982E+21,8.70276E+15,5.01002E+16
20899,20900,6,6,36,16,2016,11,17,5,3,6,4,2,1,0,1,1,0,0,0,5.59671E+20,5.68866E+21,9.85678E+15,5.13461E+16
20900,20901,6,4,12,0,2016,11,15,4,3,3,6,0,0,0,1,0,0,0,0,4.76404E+20,5.54962E+21,8.67009E+15,5.00984E+16
20901,20902,6,4,38,2,2016,11,15,7,3,5,3,0,0,1,1,0,0,0,0,4.78006E+20,5.54008E+21,8.69303E+15,5.00126E+16