FID,OBJECTID,ULAND,UREGBEZ,UKREIS,UGEMEINDE,UJAHR,UMONAT,USTUNDE,UWOCHENTAG,UKATEGORIE,UART,UTYP1,ULICHTVERH,IstStrasse,IstRad,IstPKW,IstFuss,IstKrad,IstGkfz,IstSonstig,LINREFX,LINREFY,XGCSWGS84,YGCSWGS84
20902,20903,6,4,40,18,2016,11,11,4,3,2,6,0,1,0,1,0,0,0,0,4.79007E+20,5.58116E+21,8.70472E+15,5.03821E+16
20903,20904,6,5,35,9,2016,11,14,4,3,2,6,0,0,0,1,0,0,0,1,4.97911E+20,5.62267E+21,8.97039E+15,5.07558E+16
20904,20905,6,6,31,23,2016,10,10,4,3,9,1,0,1,0,1,0,0,0,0,5.74001E+20,5.61277E+21,1.0047E+16,5.0662E+16
20905,20906,6,5,34,1,2016,11,9,5,2,8,1,0,1,0,1,0,0,0,0,4.98486E+20,5.6277E+21,8.97852E+15,5.0801E+16
20906,20907,6,4,36,6,2016,11,18,2,2,3,6,2,1,0,1,0,0,1,0,4.57271E+20,5.54385E+21,8.40322E+15,5.00454E+16
20907,20908,6,4,32,18,2016,11,17,6,3,2,6,2,0,0,1,0,0,0,0,4.70252E+20,5.51923E+21,8.58641E+15,4.98248E+16
20908,20909,6,5,31,10,2016,11,19,4,2,8,1,2,1,0,1,0,0,0,0,5.00764E+20,5.59809E+21,9.01078E+15,5.05347E+16
20909,20910,6,4,14,0,2016,11,18,1,3,3,6,2,0,0,1,0,0,0,0,4.44087E+20,5.546E+21,8.21878E+15,5.00637E+16
20910,20911,6,4,14,0,2016,11,12,7,3,2,2,0,1,0,1,0,0,0,0,4.43966E+20,5.54584E+21,8.21712E+15,5.00622E+16
20911,20912,6,4,11,0,2016,11,15,3,3,2,6,0,0,0,1,0,0,0,1,4.70795E+20,5.52072E+21,8.59385E+15,4.98382E+16
20912,20913,6,6,33,9,2016,11,9,5,3,9,1,0,1,0,1,0,0,0,0,5.36458E+20,5.69053E+21,9.52369E+15,5.13648E+16
20913,20914,6,6,32,16,2016,11,7,3,2,6,4,0,1,0,1,1,0,0,0,5.67291E+20,5.63389E+21,9.95597E+15,5.08528E+16
20914,20915,6,4,14,0,2016,11,0,4,3,0,7,2,1,0,1,0,0,0,0,4.49937E+20,5.53972E+21,8.30134E+15,5.00077E+16
20915,20916,6,5,34,14,2016,11,6,3,3,8,7,2,0,0,1,0,0,0,0,4.86936E+20,5.62736E+21,8.81462E+15,5.07979E+16
20916,20917,6,4,34,1,2016,11,21,3,3,5,2,2,0,0,1,0,0,1,0,4.75902E+20,5.56273E+21,8.66224E+15,5.02162E+16
20917,20918,6,5,32,21,2016,10,16,4,2,8,3,0,0,0,1,0,0,0,0,4.58294E+20,5.60034E+21,8.41127E+15,5.05535E+16
20918,20919,6,4,37,5,2016,11,11,4,3,8,1,0,1,0,1,0,0,0,0,4.94999E+20,5.50644E+21,8.93063E+15,4.97104E+16
20919,20920,6,4,37,11,2016,10,16,2,3,9,1,0,0,0,0,0,1,0,0,4.9501E+20,5.50644E+21,8.93079E+15,4.97105E+16
20920,20921,6,4,35,14,2016,11,12,7,3,3,6,0,0,0,1,0,0,0,0,4.92722E+20,5.54861E+21,8.89825E+15,5.00897E+16
20921,20922,6,4,14,0,2016,11,8,2,3,2,6,0,1,0,1,0,0,0,0,4.43273E+20,5.55238E+21,8.20647E+15,5.0121E+16
20922,20923,6,5,32,23,2016,10,18,4,3,5,2,2,0,0,1,0,1,0,0,4.64266E+20,5.60235E+21,8.49538E+15,5.0572E+16
20923,20924,6,5,32,6,2016,11,17,5,3,6,4,2,1,0,1,1,0,0,0,4.50624E+20,5.62478E+21,8.29975E+15,5.07726E+16
20924,20925,6,4,35,11,2016,11,21,2,3,1,5,2,1,0,1,0,1,0,0,4.98822E+20,5.54776E+21,8.98353E+15,5.00821E+16
20925,20926,6,6,32,20,2016,11,9,6,2,8,7,0,1,0,1,0,0,0,0,5.69416E+20,5.64541E+21,9.98833E+15,5.09561E+16
20926,20927,6,5,34,14,2016,11,14,4,3,9,1,0,1,0,1,0,0,0,0,4.8362E+20,5.63101E+21,8.76741E+15,5.08305E+16
20927,20928,6,4,32,3,2016,11,9,2,2,3,6,0,0,0,1,0,0,1,0,4.71084E+20,5.51232E+21,8.5985E+15,4.97626E+16
20928,20929,6,6,33,26,2016,11,18,7,3,5,3,2,1,0,1,0,0,0,0,5.31048E+20,5.68883E+21,9.44583E+15,5.13499E+16
20929,20930,6,5,32,14,2016,11,17,3,3,5,3,1,0,0,1,0,0,0,0,4.71009E+20,5.59662E+21,8.59105E+15,5.05208E+16
20930,20931,6,6,34,9,2016,11,15,5,3,4,1,0,1,0,1,0,0,0,1,5.30726E+20,5.65283E+21,9.43813E+15,5.10262E+16
20931,20932,6,6,11,0,2016,11,11,4,3,2,6,0,1,0,1,0,0,0,0,5.36116E+20,5.68484E+21,9.5182E+15,5.13137E+16
20932,20933,6,4,36,7,2016,11,17,4,3,2,6,2,1,0,1,0,0,0,0,4.5524E+20,5.54502E+21,8.37473E+15,5.00558E+16
20933,20934,6,4,36,7,2016,11,11,5,3,2,6,0,1,0,1,0,0,0,1,4.55547E+20,5.545E+21,8.37901E+15,5.00556E+16
20934,20935,6,5,34,7,2016,11,19,3,3,6,4,2,0,0,0,1,0,1,0,4.69121E+20,5.63395E+21,8.56129E+15,5.08564E+16
20935,20936,6,6,33,13,2016,11,19,3,3,5,3,2,0,0,1,0,0,0,0,5.27346E+20,5.70514E+21,9.39394E+15,5.14967E+16
20936,20937,6,5,31,14,2016,10,15,4,3,3,6,0,0,0,1,0,0,0,0,4.8004E+20,5.59272E+21,8.71865E+15,5.04862E+16
20937,20938,6,4,12,0,2016,11,12,4,3,5,3,0,0,1,1,0,0,0,0,4.72965E+20,5.55557E+21,8.62157E+15,5.01517E+16
20938,20939,6,4,12,0,2016,10,13,2,3,5,2,0,0,1,1,0,0,0,0,4.71323E+20,5.55389E+21,8.59872E+15,5.01366E+16
20939,20940,6,6,32,12,2016,11,16,2,3,2,6,1,0,0,1,0,0,0,0,5.51421E+20,5.63794E+21,9.73109E+15,5.08908E+16
20940,20941,6,4,39,3,2016,11,0,3,2,6,2,2,1,0,1,1,0,0,0,4.37146E+20,5.54489E+21,8.12201E+15,5.0053E+16
20941,20942,6,4,35,5,2016,10,12,2,3,2,6,0,0,0,1,0,0,0,1,5.21395E+20,5.57172E+21,9.30039E+15,5.02973E+16
20942,20943,6,5,34,20,2016,11,6,4,3,7,7,2,1,0,1,0,0,0,1,4.8139E+20,5.61933E+21,8.73633E+15,5.07255E+16
20943,20944,6,4,35,29,2016,11,10,3,3,2,6,0,1,0,1,0,0,0,0,5.20113E+20,5.56613E+21,9.2821E+15,5.0247E+16
20944,20945,6,4,31,7,2016,11,15,6,3,4,1,0,1,0,1,0,0,0,0,4.87413E+20,5.50128E+21,8.82558E+15,4.96639E+16
20945,20946,6,4,11,0,2016,11,1,1,3,6,4,2,0,0,1,1,0,0,0,4.75345E+20,5.52458E+21,8.65687E+15,4.98731E+16
20946,20947,6,4,36,6,2016,11,19,3,2,6,4,2,0,0,1,1,0,0,0,4.53601E+20,5.54138E+21,8.35227E+15,5.0023E+16
20947,20948,6,4,40,23,2016,10,14,7,3,2,6,0,0,0,1,0,0,0,0,4.76567E+20,5.57089E+21,8.67105E+15,5.02897E+16
20948,20949,6,4,31,2,2016,11,1,7,2,7,7,2,1,0,1,0,0,0,0,4.71089E+20,5.50272E+21,8.59928E+15,4.96764E+16
20949,20950,6,4,36,8,2016,11,19,7,3,2,6,2,0,0,1,0,0,0,0,4.62433E+20,5.55304E+21,8.47442E+15,5.01284E+16
20950,20951,6,5,34,16,2016,11,0,2,3,9,1,2,1,0,1,0,0,0,0,5.09306E+20,5.63521E+21,9.13225E+15,5.08685E+16
20951,20952,6,6,34,5,2016,11,11,2,2,6,7,0,0,0,1,1,0,0,0,5.19379E+20,5.6647E+21,9.27697E+15,5.11335E+16
20952,20953,6,6,11,0,2016,11,14,1,2,4,6,0,0,0,1,0,0,0,0,5.3857E+20,5.68282E+21,9.55318E+15,5.12954E+16
20953,20954,6,4,12,0,2016,11,8,7,2,3,1,0,1,0,1,0,0,0,0,4.72566E+20,5.54905E+21,8.61647E+15,5.00931E+16
20954,20955,6,4,40,25,2016,11,17,4,3,4,1,2,0,0,1,0,0,0,1,4.8263E+20,5.56809E+21,8.75629E+15,5.02647E+16
20955,20956,6,4,34,10,2016,11,21,6,3,4,6,2,1,0,1,0,0,0,0,4.6984E+20,5.5576E+21,8.57768E+15,5.01698E+16
20956,20957,6,4,32,23,2016,11,8,5,3,7,7,0,1,0,1,0,0,0,0,4.69215E+20,5.52951E+21,8.57118E+15,4.99172E+16
20957,20958,6,4,39,3,2016,11,7,5,2,6,4,0,0,0,1,1,0,0,0,4.36786E+20,5.5427E+21,8.11734E+15,5.00333E+16
20958,20959,6,4,32,23,2016,11,6,4,3,2,6,1,1,0,1,0,0,0,0,4.70807E+20,5.531E+21,8.59325E+15,4.99307E+16
20959,20960,6,4,32,15,2016,11,16,7,3,2,6,0,0,0,1,0,0,0,0,4.90741E+20,5.52849E+21,8.87104E+15,4.99087E+16
20960,20961,6,4,32,22,2016,11,15,5,3,8,1,0,1,0,1,0,0,0,0,4.76024E+20,5.51277E+21,8.66706E+15,4.97669E+16
20961,20962,6,6,11,0,2016,11,8,3,3,5,3,0,0,1,1,0,0,0,0,5.3802E+20,5.68413E+21,9.54545E+15,5.13072E+16
20962,20963,6,5,32,23,2016,11,17,4,3,6,2,2,0,0,1,1,0,0,0,4.6617E+20,5.59976E+21,8.5225E+15,5.05488E+16
20963,20964,6,4,34,11,2016,10,17,6,3,4,2,0,0,0,1,0,0,0,0,4.65545E+20,5.57612E+21,8.51584E+15,5.03362E+16
20964,20965,6,6,11,0,2016,10,7,4,3,2,6,0,0,0,1,0,0,0,1,5.36117E+20,5.68161E+21,9.51789E+15,5.12846E+16
20965,20966,6,5,31,16,2016,11,17,5,3,6,4,2,1,0,1,1,0,0,0,4.88116E+20,5.60498E+21,8.83209E+15,5.05966E+16
20966,20967,6,6,35,19,2016,11,10,5,3,8,6,0,0,0,1,0,0,0,0,4.96528E+20,5.67357E+21,8.9503E+15,5.12135E+16
20967,20968,6,4,12,0,2016,11,18,4,3,2,6,2,1,0,1,0,0,0,0,4.69871E+20,5.55264E+21,8.5785E+15,5.01252E+16
20968,20969,6,4,34,6,2016,11,12,1,3,8,7,0,1,0,1,0,0,0,0,4.65269E+20,5.55966E+21,8.51348E+15,5.01881E+16
20969,20970,6,4,12,0,2016,11,16,7,3,8,1,1,1,0,1,0,0,0,0,4.75164E+20,5.55261E+21,8.65255E+15,5.01252E+16
20970,20971,6,6,32,12,2016,10,21,2,2,4,1,2,0,0,1,0,0,0,0,5.52664E+20,5.63957E+21,9.74901E+15,5.09053E+16
20971,20972,6,6,11,0,2016,11,18,3,3,2,6,2,1,0,1,0,0,1,0,5.37299E+20,5.68384E+21,9.53507E+15,5.13046E+16
20972,20973,6,4,12,0,2016,11,15,4,2,6,4,0,1,0,1,1,0,0,0,4.76022E+20,5.55064E+21,8.66467E+15,5.01075E+16
20973,20974,6,4,33,9,2016,11,12,3,3,1,5,0,1,0,1,0,0,0,0,4.611E+20,5.53326E+21,8.45776E+15,4.99504E+16
20974,20975,6,5,33,9,2016,10,10,4,2,9,7,0,0,0,0,0,0,1,0,4.32358E+20,5.58395E+21,8.04816E+15,5.04037E+16
20975,20976,6,6,33,23,2016,11,13,4,3,8,1,0,1,0,1,0,0,0,0,5.21406E+20,5.68214E+21,9.30698E+15,5.12902E+16
20976,20977,6,4,38,9,2016,10,8,2,3,2,6,0,0,0,1,0,0,0,0,4.82021E+20,5.54468E+21,8.74885E+15,5.00541E+16
20977,20978,6,6,33,15,2016,11,8,3,3,9,1,0,2,0,1,0,0,0,0,5.46196E+20,5.68048E+21,9.66226E+15,5.12738E+16
20978,20979,6,6,32,2,2016,11,2,6,3,1,5,2,1,0,1,0,0,0,0,5.49228E+20,5.63633E+21,9.6997E+15,5.08766E+16
20979,20980,6,6,36,16,2016,11,18,2,2,5,3,2,0,0,1,0,1,0,0,5.59126E+20,5.68895E+21,9.849E+15,5.13487E+16
20980,20981,6,5,34,14,2016,11,9,3,2,0,7,0,2,1,0,0,0,0,0,4.83821E+20,5.63246E+21,8.7702E+15,5.08436E+16
20981,20982,6,5,35,1,2016,10,14,2,3,3,2,0,0,0,1,0,1,0,0,5.18153E+20,5.62128E+21,9.25728E+15,5.0743E+16
20982,20983,6,5,31,10,2016,10,16,2,2,8,1,0,0,0,0,0,1,0,0,4.98026E+20,5.59661E+21,8.97216E+15,5.05214E+16
20983,20984,6,6,32,9,2016,10,0,1,2,8,7,2,0,0,1,0,0,0,0,5.6461E+20,5.63778E+21,9.91857E+15,5.08881E+16
20984,20985,6,4,12,0,2016,11,16,4,3,2,6,1,2,0,1,0,0,0,0,4.77761E+20,5.55638E+21,8.68867E+15,5.01592E+16
20985,20986,6,4,37,12,2016,10,15,5,2,0,1,0,0,0,0,0,1,0,0,4.93993E+20,5.50509E+21,8.9167E+15,4.96983E+16
20986,20987,6,5,35,1,2016,11,22,3,3,2,6,2,2,0,1,0,1,0,0,5.20201E+20,5.62561E+21,9.28655E+15,5.07819E+16
20987,20988,6,4,40,23,2016,10,19,1,2,8,1,2,0,0,1,0,0,0,0,4.79337E+20,5.57107E+21,8.70993E+15,5.02914E+16
20988,20989,6,6,34,7,2016,10,15,7,2,2,6,0,0,1,1,0,0,0,0,5.25938E+20,5.67218E+21,9.37125E+15,5.12004E+16
20989,20990,6,6,31,9,2016,11,6,6,3,5,3,2,1,1,1,0,0,0,0,5.49967E+20,5.60309E+21,9.70571E+15,5.05776E+16
20990,20991,6,4,36,4,2016,11,15,1,3,2,6,0,0,0,1,0,0,0,0,4.60369E+20,5.54247E+21,8.44663E+15,5.00333E+16
20991,20992,6,4,40,5,2016,11,1,3,3,2,6,2,1,0,1,0,0,0,0,4.78388E+20,5.5871E+21,8.69568E+15,5.04356E+16
20992,20993,6,6,34,5,2016,10,19,6,3,5,3,2,0,0,1,0,0,0,0,5.21479E+20,5.66729E+21,9.30714E+15,5.11566E+16
20993,20994,6,6,36,4,2016,11,5,6,3,5,2,2,1,1,1,0,0,0,0,5.5435E+20,5.67714E+21,9.77863E+15,5.1243E+16
20994,20995,6,4,35,14,2016,11,21,7,3,9,1,2,1,0,1,0,0,0,0,4.96124E+20,5.5517E+21,8.94579E+15,5.01175E+16
20995,20996,6,4,31,20,2016,10,16,4,3,0,7,0,0,0,1,0,0,0,0,4.68209E+20,5.49213E+21,8.56022E+15,4.95809E+16
20996,20997,6,4,39,8,2016,11,9,5,2,0,2,0,1,0,1,0,1,0,0,4.46591E+20,5.56171E+21,8.25157E+15,5.02051E+16
20997,20998,6,4,34,1,2016,11,5,2,3,8,1,2,1,0,1,0,0,0,0,4.6925E+20,5.5686E+21,8.56852E+15,5.02687E+16
20998,20999,6,4,40,24,2016,11,11,6,3,5,3,0,1,0,1,0,0,0,0,4.87786E+20,5.58653E+21,8.82804E+15,5.04306E+16
20999,21000,6,5,32,6,2016,11,5,3,3,2,6,2,1,0,1,0,0,0,1,4.51036E+20,5.619E+21,8.30636E+15,5.07207E+16
21000,21001,6,4,32,16,2016,10,13,2,3,9,1,0,0,0,1,0,0,0,0,4.84001E+20,5.51682E+21,8.77766E+15,4.98036E+16
21001,21002,6,6,31,9,2016,10,13,2,3,2,6,0,0,0,1,0,0,0,0,5.49688E+20,5.60031E+21,9.70139E+15,5.05526E+16
21002,21003,6,4,12,0,2016,10,21,2,2,2,6,2,0,0,1,0,0,0,0,4.75506E+20,5.56179E+21,8.65675E+15,5.02077E+16
21003,21004,6,5,32,15,2016,11,6,4,3,2,6,1,1,0,1,0,0,0,0,4.69284E+20,5.602E+21,8.56627E+15,5.05691E+16
21004,21005,6,4,40,8,2016,11,15,3,3,2,6,0,1,0,1,0,0,0,0,4.79121E+20,5.57367E+21,8.70675E+15,5.03148E+16
21005,21006,6,4,12,0,2016,10,12,7,2,5,3,0,0,0,1,0,0,0,1,4.75487E+20,5.55102E+21,8.65717E+15,5.01109E+16
21006,21007,6,4,40,7,2016,11,7,6,1,6,4,1,1,0,1,1,0,0,0,4.9002E+20,5.57419E+21,8.85981E+15,5.03198E+16
21007,21008,6,5,34,12,2016,11,13,1,2,9,1,0,0,0,1,0,0,0,1,4.82814E+20,5.63616E+21,8.75573E+15,5.08769E+16
21008,21009,6,6,11,0,2016,11,11,3,3,9,1,0,1,0,1,0,0,0,0,5.33416E+20,5.68141E+21,9.47914E+15,5.1283E+16
21009,21010,6,4,14,0,2016,10,5,6,3,5,2,2,0,0,1,0,1,0,0,4.4324E+20,5.54646E+21,8.20688E+15,5.00677E+16
21010,21011,6,6,33,12,2016,11,17,6,3,2,7,2,1,0,1,0,0,0,0,5.46967E+20,5.67628E+21,9.67276E+15,5.1236E+16
21011,21012,6,5,34,13,2016,11,18,7,2,9,1,2,1,0,0,0,1,0,0,4.74387E+20,5.62009E+21,8.63707E+15,5.0732E+16
21012,21013,6,4,34,2,2016,10,9,4,3,2,6,0,0,0,1,0,0,0,0,4.75956E+20,5.56635E+21,8.66275E+15,5.02488E+16
21013,21014,6,6,33,21,2016,11,9,2,3,5,3,0,1,0,1,0,0,0,0,5.37384E+20,5.71678E+21,9.53976E+15,5.16008E+16
21014,21015,6,4,32,5,2016,11,12,2,3,2,6,0,0,0,1,0,0,0,0,4.88536E+20,5.53311E+21,8.8402E+15,4.99502E+16
21015,21016,6,4,34,9,2016,11,17,1,3,5,3,2,0,0,1,0,0,0,0,4.63261E+20,5.56597E+21,8.48474E+15,5.02448E+16
21016,21017,6,5,31,18,2016,11,18,6,3,4,1,2,1,0,1,0,0,0,0,4.77836E+20,5.6113E+21,8.68647E+15,5.06531E+16
21017,21018,6,4,37,3,2016,11,17,6,3,2,6,1,0,1,0,0,0,0,1,4.91508E+20,5.51352E+21,8.88206E+15,4.97741E+16
21018,21019,6,6,33,6,2016,11,16,5,3,5,3,2,1,0,1,0,0,0,1,5.18135E+20,5.67538E+21,9.25973E+15,5.12295E+16
21019,21020,6,4,33,12,2016,11,18,5,3,5,3,2,0,0,1,0,0,0,0,4.58143E+20,5.53415E+21,8.41646E+15,4.99582E+16
21020,21021,6,4,35,19,2016,11,5,4,3,2,6,2,1,0,1,0,0,0,1,4.85577E+20,5.55399E+21,8.79818E+15,5.0138E+16
21021,21022,6,5,32,23,2016,11,9,7,3,5,2,0,1,0,1,0,0,0,0,4.65984E+20,5.60153E+21,8.51971E+15,5.05647E+16
21022,21023,6,4,40,7,2016,11,7,5,3,9,1,2,1,0,1,0,0,0,0,4.89951E+20,5.57435E+21,8.85884E+15,5.03211E+16
21023,21024,6,4,11,0,2016,11,19,3,2,6,4,2,0,0,1,1,0,0,0,4.77117E+20,5.52704E+21,8.68139E+15,4.98953E+16
21024,21025,6,4,35,17,2016,11,8,3,3,6,6,0,0,0,0,1,1,0,0,5.02323E+20,5.55836E+21,9.03254E+15,5.01775E+16
21025,21026,6,4,31,9,2016,10,6,6,3,4,6,2,1,0,0,0,0,0,1,4.89635E+20,5.49628E+21,8.85651E+15,4.9619E+16
21026,21027,6,5,31,2,2016,10,17,3,3,5,3,0,0,0,1,0,0,0,0,4.71775E+20,5.61071E+21,8.60078E+15,5.06476E+16
21027,21028,6,4,12,0,2016,11,19,5,3,2,6,2,0,0,1,0,0,0,0,4.72291E+20,5.55793E+21,8.61197E+15,5.01729E+16
21028,21029,6,6,11,0,2016,11,7,5,3,2,6,1,1,0,1,0,0,0,0,5.37789E+20,5.68193E+21,9.54189E+15,5.12874E+16
21029,21030,6,6,34,20,2016,11,18,1,2,3,6,2,0,0,1,0,0,0,0,5.28007E+20,5.62514E+21,9.39723E+15,5.07773E+16
21030,21031,6,6,33,8,2016,10,14,2,1,6,4,0,0,0,1,1,0,0,0,5.33666E+20,5.6769E+21,9.4823E+15,5.12425E+16
21031,21032,6,6,11,0,2016,11,18,3,3,6,4,2,1,0,1,1,0,0,0,5.35015E+20,5.68564E+21,9.50248E+15,5.1321E+16
21032,21033,6,6,33,18,2016,11,20,4,2,1,5,2,1,0,1,0,1,0,0,5.11523E+20,5.67706E+21,9.16509E+15,5.12448E+16
21033,21034,6,4,12,0,2016,11,14,3,3,5,3,0,0,0,1,0,0,0,0,4.82043E+20,5.55492E+21,8.74867E+15,5.01462E+16
21034,21035,6,5,31,13,2016,10,16,3,3,3,2,0,0,1,1,0,0,0,0,4.79515E+20,5.61141E+21,8.71021E+15,5.06541E+16
21035,21036,6,4,38,3,2016,11,8,4,2,5,2,1,1,0,1,0,0,0,1,4.7643E+20,5.53454E+21,8.67137E+15,4.99627E+16
21036,21037,6,4,13,0,2016,11,17,3,3,2,6,2,1,0,1,0,0,0,0,4.83504E+20,5.54856E+21,8.76939E+15,5.00891E+16
21037,21038,6,4,13,0,2016,11,12,6,3,0,2,0,0,0,1,0,0,0,1,4.83931E+20,5.54787E+21,8.7754E+15,5.00828E+16
21038,21039,6,4,39,10,2016,11,13,2,3,8,1,0,1,0,1,0,0,0,0,4.17599E+20,5.55301E+21,7.84726E+15,5.01236E+16
21039,21040,6,5,31,8,2016,11,16,3,2,9,1,1,1,0,1,0,0,0,0,4.93559E+20,5.59525E+21,8.90916E+15,5.05091E+16
21040,21041,6,4,12,0,2016,10,17,2,3,2,6,2,0,0,1,0,0,0,0,4.80286E+20,5.54585E+21,8.72455E+15,5.00646E+16
21041,21042,6,4,37,11,2016,10,12,1,2,3,6,0,0,1,1,0,0,0,0,5.0012E+20,5.5034E+21,9.00167E+15,4.96832E+16
21042,21043,6,5,31,12,2016,11,6,3,2,2,3,2,1,0,1,0,0,1,0,4.74503E+20,5.5974E+21,8.64027E+15,5.0528E+16
21043,21044,6,4,11,0,2016,10,13,5,3,6,4,0,0,0,1,1,0,0,0,4.75413E+20,5.52478E+21,8.65781E+15,4.98749E+16
21044,21045,6,4,12,0,2016,10,20,1,3,2,6,2,0,0,1,0,0,0,0,4.67049E+20,5.55181E+21,8.53909E+15,5.01176E+16
21045,21046,6,4,11,0,2016,10,1,7,3,4,6,2,0,0,1,0,0,0,0,4.75339E+20,5.51681E+21,8.65729E+15,4.98033E+16
21046,21047,6,5,31,10,2016,11,16,6,3,4,1,1,1,0,1,0,1,0,0,4.95681E+20,5.59999E+21,8.93904E+15,5.05518E+16
21047,21048,6,6,33,7,2016,11,19,7,1,2,6,2,1,1,0,0,0,0,1,5.33233E+20,5.6926E+21,9.47757E+15,5.13837E+16
21048,21049,6,6,11,0,2016,11,14,2,2,6,1,0,1,0,1,1,0,0,0,5.34882E+20,5.68535E+21,9.50054E+15,5.13184E+16
21049,21050,6,4,34,1,2016,11,12,6,3,2,6,0,1,0,1,0,0,0,0,4.70774E+20,5.56521E+21,8.59017E+15,5.02384E+16
21050,21051,6,6,34,13,2016,10,18,3,3,2,6,2,1,0,1,0,0,0,1,5.3112E+20,5.65734E+21,9.44413E+15,5.10667E+16
21051,21052,6,4,39,3,2016,11,8,5,3,8,1,0,1,0,1,0,0,0,0,4.36631E+20,5.54539E+21,8.11473E+15,5.00574E+16
21052,21053,6,4,32,10,2016,11,13,2,3,2,6,0,0,0,1,0,0,0,0,4.95469E+20,5.52154E+21,8.93698E+15,4.98463E+16
21053,21054,6,6,31,18,2016,11,12,6,2,8,1,0,1,0,1,0,0,0,0,5.37656E+20,5.5901E+21,9.53053E+15,5.04617E+16
21054,21055,6,6,31,9,2016,11,0,2,3,5,3,2,0,0,1,0,0,0,0,5.48645E+20,5.59968E+21,9.68658E+15,5.0547E+16
21055,21056,6,5,32,15,2016,11,13,1,3,9,1,0,1,0,1,0,0,0,0,4.70384E+20,5.60178E+21,8.58181E+15,5.05672E+16
21056,21057,6,4,11,0,2016,11,14,6,3,4,6,0,0,0,1,0,0,0,0,4.72983E+20,5.52228E+21,8.62417E+15,4.98523E+16
21057,21058,6,4,38,5,2016,11,19,6,3,2,6,2,0,0,1,0,0,0,0,4.87367E+20,5.54618E+21,8.82348E+15,5.00677E+16
21058,21059,6,5,34,18,2016,10,6,3,3,5,3,2,1,0,1,0,0,0,0,5.01868E+20,5.6356E+21,9.02654E+15,5.08721E+16
21059,21060,6,4,32,18,2016,11,14,5,3,2,6,0,0,0,1,0,0,1,0,4.67944E+20,5.51428E+21,8.55474E+15,4.97801E+16
21060,21061,6,6,31,9,2016,11,16,4,2,3,2,1,0,1,1,0,0,0,0,5.50017E+20,5.59981E+21,9.70597E+15,5.05481E+16
21061,21062,6,5,31,10,2016,11,13,5,3,8,1,0,1,0,1,0,0,0,0,4.98559E+20,5.60006E+21,8.97966E+15,5.05525E+16
21062,21063,6,4,38,2,2016,11,20,3,3,5,2,2,0,1,1,0,0,0,0,4.76846E+20,5.54072E+21,8.6768E+15,5.00184E+16
21063,21064,6,4,12,0,2016,11,17,3,3,5,2,2,0,0,1,0,0,0,0,4.69933E+20,5.55246E+21,8.57938E+15,5.01236E+16
21064,21065,6,4,12,0,2016,10,20,6,3,2,6,0,0,0,1,0,0,0,0,4.66299E+20,5.55139E+21,8.52864E+15,5.01138E+16
21065,21066,6,6,32,10,2016,10,19,3,3,7,7,2,1,0,1,0,0,0,0,5.64333E+20,5.6307E+21,9.91339E+15,5.08245E+16
21066,21067,6,6,34,16,2016,11,8,4,3,9,1,0,1,0,1,0,0,0,0,5.1372E+20,5.64647E+21,9.1954E+15,5.09697E+16
21067,21068,6,4,14,0,2016,11,9,5,3,0,7,0,0,0,0,0,0,0,1,4.45967E+20,5.54688E+21,8.24493E+15,5.00718E+16
21068,21069,6,4,35,15,2016,11,21,7,3,5,3,2,0,0,1,0,0,0,0,5.08399E+20,5.55781E+21,9.11761E+15,5.01724E+16
21069,21070,6,4,11,0,2016,11,18,3,3,5,2,2,1,0,1,0,0,0,0,4.75846E+20,5.52396E+21,8.6639E+15,4.98676E+16
21070,21071,6,4,31,2,2016,11,12,2,3,5,3,0,0,0,1,0,1,0,0,4.72271E+20,5.50285E+21,8.61565E+15,4.96776E+16
21071,21072,6,5,34,7,2016,11,17,1,3,3,7,2,0,1,1,0,0,0,0,4.72036E+20,5.63573E+21,8.60257E+15,5.08726E+16
21072,21073,6,6,11,0,2016,11,14,6,2,6,4,0,0,0,0,1,0,0,1,5.34939E+20,5.68586E+21,9.50142E+15,5.1323E+16
21073,21074,6,5,31,11,2016,11,18,6,1,6,4,2,1,0,1,1,0,0,0,4.86464E+20,5.59653E+21,8.80905E+15,5.05205E+16
21074,21075,6,6,31,17,2016,10,7,3,2,3,1,2,1,0,1,0,0,0,0,5.49947E+20,5.59916E+21,9.70489E+15,5.05423E+16
21075,21076,6,4,35,25,2016,11,15,5,3,0,7,0,0,0,1,0,0,0,1,5.35776E+20,5.57942E+21,9.50303E+15,5.03658E+16
21076,21077,6,5,32,17,2016,11,5,4,3,5,2,2,1,0,1,0,0,0,0,4.58029E+20,5.61649E+21,8.4057E+15,5.06987E+16
21077,21078,6,5,34,20,2016,11,20,5,3,6,6,2,1,1,0,1,0,0,0,4.80457E+20,5.62351E+21,8.72289E+15,5.0763E+16
21078,21079,6,6,33,10,2016,11,12,3,3,8,7,0,0,0,1,0,0,0,0,5.30674E+20,5.69587E+21,9.44107E+15,5.14132E+16
21079,21080,6,5,33,8,2016,11,12,3,3,2,2,0,0,0,1,0,0,0,1,4.41098E+20,5.57511E+21,8.17252E+15,5.03251E+16
21080,21081,6,4,35,14,2016,10,17,6,3,9,1,2,0,0,1,0,0,0,0,4.94704E+20,5.54974E+21,8.92595E+15,5.00999E+16
21081,21082,6,6,32,2,2016,10,14,3,3,2,7,0,1,0,1,0,0,0,0,5.50151E+20,5.63561E+21,9.71272E+15,5.087E+16