FID,OBJECTID,ULAND,UREGBEZ,UKREIS,UGEMEINDE,UJAHR,UMONAT,USTUNDE,UWOCHENTAG,UKATEGORIE,UART,UTYP1,ULICHTVERH,IstStrasse,IstRad,IstPKW,IstFuss,IstKrad,IstGkfz,IstSonstig,LINREFX,LINREFY,XGCSWGS84,YGCSWGS84
21082,21083,6,5,31,3,2016,11,14,5,3,3,6,0,0,0,1,0,0,0,0,4.86552E+20,5.60405E+21,8.81002E+15,5.05882E+16
21083,21084,6,4,14,0,2016,11,11,5,3,5,3,0,1,0,1,0,0,0,0,4.44285E+20,5.54399E+21,8.22184E+15,5.00456E+16
21084,21085,6,4,14,0,2016,11,1,1,2,8,1,2,0,0,1,0,0,0,0,4.54783E+20,5.5472E+21,8.36808E+15,5.00754E+16
21085,21086,6,4,13,0,2016,11,8,3,3,6,4,0,1,0,0,1,1,0,0,4.83508E+20,5.54851E+21,8.76946E+15,5.00887E+16
21086,21087,6,4,31,16,2016,11,22,4,3,9,1,2,1,0,1,0,0,0,0,4.67846E+20,5.50099E+21,8.55448E+15,4.96606E+16
21087,21088,6,4,33,4,2016,11,12,3,1,2,6,0,0,0,1,0,0,1,0,4.67085E+20,5.50986E+21,8.54318E+15,4.97403E+16
21088,21089,6,6,33,20,2016,10,13,3,3,8,1,0,1,0,1,0,0,0,0,5.43114E+20,5.68448E+21,9.61857E+15,5.131E+16
21089,21090,6,5,33,13,2016,11,18,4,2,4,1,2,1,0,1,0,0,0,1,4.44535E+20,5.5892E+21,8.21872E+15,5.04521E+16
21090,21091,6,4,12,0,2016,11,7,3,2,5,3,1,1,1,1,0,0,0,0,4.764E+20,5.54948E+21,8.67004E+15,5.00971E+16
21091,21092,6,6,34,21,2016,11,11,6,3,9,1,0,1,0,1,0,0,0,0,5.22869E+20,5.63302E+21,9.32486E+15,5.08484E+16
21092,21093,6,6,31,9,2016,11,7,2,3,2,6,0,0,0,1,0,0,0,1,5.47101E+20,5.59969E+21,9.66479E+15,5.05472E+16
21093,21094,6,5,34,14,2016,11,7,3,3,5,3,1,1,0,1,0,0,0,0,4.84557E+20,5.62846E+21,8.78083E+15,5.08077E+16
21094,21095,6,5,35,5,2016,11,0,3,3,3,7,2,0,0,0,0,0,0,1,5.02152E+20,5.61416E+21,9.03045E+15,5.06793E+16
21095,21096,6,4,32,2,2016,10,11,1,3,8,7,0,0,0,1,0,0,0,0,4.97505E+20,5.53254E+21,8.96522E+15,4.99452E+16
21096,21097,6,6,11,0,2016,11,11,2,3,3,6,0,0,0,1,0,0,0,0,5.33655E+20,5.68349E+21,9.48276E+15,5.13017E+16
21097,21098,6,6,11,0,2016,10,16,5,3,6,7,0,0,0,1,0,0,0,1,5.32645E+20,5.68468E+21,9.46839E+15,5.13124E+16
21098,21099,6,4,12,0,2016,11,19,4,3,2,6,2,0,0,1,0,0,0,0,4.75408E+20,5.54776E+21,8.65628E+15,5.00816E+16
21099,21100,6,6,11,0,2016,10,23,7,3,6,4,2,0,0,1,1,0,0,0,5.33672E+20,5.68358E+21,9.48302E+15,5.13025E+16
21100,21101,6,6,31,7,2016,10,12,7,3,5,3,0,0,0,1,0,0,0,0,5.57705E+20,5.62588E+21,9.81853E+15,5.07818E+16
21101,21102,6,4,35,6,2016,11,15,5,2,9,1,0,1,0,1,0,0,0,0,4.9347E+20,5.56139E+21,8.9085E+15,5.02047E+16
21102,21103,6,6,33,9,2016,11,8,5,3,4,1,1,1,0,1,0,0,0,0,5.3944E+20,5.69516E+21,9.56704E+15,5.14062E+16
21103,21104,6,4,12,0,2016,11,10,7,3,0,7,0,1,0,1,0,0,0,0,4.70528E+20,5.55345E+21,8.58763E+15,5.01326E+16
21104,21105,6,4,14,0,2016,11,7,2,3,5,3,0,0,0,1,0,0,0,0,4.45997E+20,5.54759E+21,8.24524E+15,5.00781E+16
21105,21106,6,6,33,20,2016,10,16,3,3,8,1,0,1,0,1,0,0,0,0,5.42364E+20,5.6861E+21,9.608E+15,5.13246E+16
21106,21107,6,4,35,12,2016,11,12,5,3,9,1,0,1,0,1,0,0,0,0,5.08338E+20,5.56219E+21,9.11686E+15,5.02118E+16
21107,21108,6,5,34,8,2016,11,20,2,3,9,1,2,1,0,1,0,0,0,0,4.88182E+20,5.62173E+21,8.83249E+15,5.07472E+16
21108,21109,6,4,35,28,2016,11,7,6,3,5,3,0,1,0,1,0,0,1,0,5.33575E+20,5.57519E+21,9.47171E+15,5.03278E+16
21109,21110,6,6,11,0,2016,11,17,2,3,2,6,2,0,0,1,0,0,0,0,5.34652E+20,5.68189E+21,9.49691E+15,5.12873E+16
21110,21111,6,5,35,13,2016,11,16,1,3,2,6,0,0,0,1,0,1,0,0,4.99157E+20,5.61016E+21,8.98807E+15,5.06433E+16
21111,21112,6,4,31,6,2016,11,15,6,3,2,6,0,0,0,1,0,0,0,0,4.67688E+20,5.50406E+21,8.55203E+15,4.96882E+16
21112,21113,6,5,31,5,2016,11,9,4,3,5,3,0,0,1,1,0,0,0,0,4.7655E+20,5.6036E+21,8.66877E+15,5.05838E+16
21113,21114,6,6,32,2,2016,11,13,4,3,8,1,0,0,0,1,0,0,0,0,5.5514E+20,5.63507E+21,9.78353E+15,5.08647E+16
21114,21115,6,4,12,0,2016,11,13,5,3,2,6,0,0,0,1,0,0,0,0,4.66983E+20,5.55177E+21,8.53818E+15,5.01173E+16
21115,21116,6,5,32,11,2016,11,19,3,3,8,1,2,1,0,1,0,0,0,0,4.5023E+20,5.62976E+21,8.29348E+15,5.08174E+16
21116,21117,6,4,35,14,2016,11,23,3,3,6,4,2,0,0,0,1,0,0,1,4.95086E+20,5.54921E+21,8.9313E+15,5.00952E+16
21117,21118,6,6,11,0,2016,10,16,3,3,0,2,0,1,0,1,0,1,0,0,5.3437E+20,5.68762E+21,9.49341E+15,5.13388E+16
21118,21119,6,4,14,0,2016,11,16,4,3,6,2,1,0,0,1,1,0,0,0,4.4544E+20,5.54687E+21,8.23757E+15,5.00716E+16
21119,21120,6,6,11,0,2016,10,16,2,3,6,4,0,0,0,1,1,0,0,0,5.34473E+20,5.6871E+21,9.49484E+15,5.13341E+16
21120,21121,6,6,33,2,2016,11,14,5,3,8,1,0,1,0,1,0,0,0,0,5.30579E+20,5.7194E+21,9.44174E+15,5.16248E+16
21121,21122,6,4,33,12,2016,11,7,7,3,5,3,1,1,1,1,0,0,0,0,4.59303E+20,5.53674E+21,8.43235E+15,4.99816E+16
21122,21123,6,6,34,14,2016,11,20,3,3,9,1,2,1,0,0,0,1,0,0,5.36297E+20,5.66222E+21,9.51851E+15,5.11103E+16
21123,21124,6,4,34,8,2016,10,15,2,3,5,3,0,0,0,1,0,0,0,0,4.71268E+20,5.55984E+21,8.5975E+15,5.01901E+16
21124,21125,6,4,33,13,2016,11,17,4,3,5,3,2,1,0,1,0,0,0,0,4.6255E+20,5.51801E+21,8.47946E+15,4.98133E+16
21125,21126,6,4,34,9,2016,11,6,3,3,7,7,1,2,0,1,0,0,0,0,4.58469E+20,5.56653E+21,8.41748E+15,5.02495E+16
21126,21127,6,4,38,5,2016,11,17,6,3,5,2,2,1,0,1,0,0,0,0,4.84578E+20,5.54519E+21,8.78454E+15,5.00588E+16
21127,21128,6,5,31,3,2016,11,21,1,3,7,7,2,0,0,1,0,0,0,0,4.87814E+20,5.60959E+21,8.82768E+15,5.0638E+16
21128,21129,6,5,32,21,2016,11,6,3,3,2,6,2,1,0,1,0,0,0,1,4.59155E+20,5.59999E+21,8.42346E+15,5.05504E+16
21129,21130,6,4,12,0,2016,10,11,7,2,3,6,0,0,0,1,0,0,0,0,4.72302E+20,5.54658E+21,8.61295E+15,5.00709E+16
21130,21131,6,4,36,2,2016,11,11,7,3,8,1,0,1,0,1,0,0,0,0,4.51841E+20,5.5549E+21,8.32599E+15,5.01444E+16
21131,21132,6,6,34,7,2016,11,9,7,3,5,3,0,0,0,1,0,0,0,0,5.25605E+20,5.66984E+21,9.36631E+15,5.11794E+16
21132,21133,6,4,12,0,2016,11,18,2,3,1,5,2,1,0,1,0,1,0,0,4.76143E+20,5.55517E+21,8.66609E+15,5.01483E+16
21133,21134,6,6,11,0,2016,11,8,2,3,2,7,0,0,0,1,0,0,1,0,5.2851E+20,5.68174E+21,9.40882E+15,5.12863E+16
21134,21135,6,4,38,12,2016,11,9,4,3,5,2,0,1,0,1,0,0,0,1,4.84677E+20,5.53584E+21,8.78631E+15,4.99747E+16
21135,21136,6,4,11,0,2016,11,19,4,3,2,6,2,0,0,1,0,0,0,0,4.73377E+20,5.51821E+21,8.62993E+15,4.98157E+16
21136,21137,6,6,33,10,2016,11,12,3,3,6,4,0,0,0,1,1,0,0,0,5.29003E+20,5.69964E+21,9.41736E+15,5.14472E+16
21137,21138,6,6,36,11,2016,11,17,6,2,5,3,2,1,0,1,0,0,0,0,5.65668E+20,5.65885E+21,9.93742E+15,5.10774E+16
21138,21139,6,4,33,7,2016,11,4,2,1,8,1,2,0,0,1,0,0,1,0,4.68538E+20,5.54434E+21,8.56053E+15,5.00505E+16
21139,21140,6,6,31,20,2016,11,8,3,3,5,3,0,1,0,1,0,0,0,0,5.50502E+20,5.60042E+21,9.7129E+15,5.05535E+16
21140,21141,6,4,14,0,2016,11,18,3,3,8,1,2,1,0,1,0,0,0,0,4.4957E+20,5.54445E+21,8.29559E+15,5.00502E+16
21141,21142,6,4,13,0,2016,11,13,2,3,0,7,0,0,0,1,0,0,0,1,4.8357E+20,5.54834E+21,8.77033E+15,5.00871E+16
21142,21143,6,6,34,24,2016,10,19,5,3,8,1,2,0,0,1,0,0,0,0,5.54803E+20,5.65932E+21,9.78241E+15,5.10828E+16
21143,21144,6,6,33,10,2016,11,20,4,2,6,2,2,0,0,1,1,0,0,0,5.28483E+20,5.69963E+21,9.40988E+15,5.14471E+16
21144,21145,6,4,11,0,2016,11,17,6,3,5,3,1,0,0,1,0,1,0,0,4.75317E+20,5.5246E+21,8.65649E+15,4.98733E+16
21145,21146,6,4,14,0,2016,11,13,5,3,2,6,0,0,0,1,0,0,0,0,4.42835E+20,5.54419E+21,8.20157E+15,5.00473E+16
21146,21147,6,6,34,17,2016,11,22,5,2,8,1,2,1,0,1,0,0,0,0,5.2781E+20,5.64002E+21,9.39558E+15,5.09111E+16
21147,21148,6,4,13,0,2016,11,18,4,3,5,3,2,0,1,1,0,0,0,0,4.82712E+20,5.55051E+21,8.75824E+15,5.01066E+16
21148,21149,6,6,33,3,2016,11,6,7,2,0,1,2,2,0,0,0,1,0,0,5.29494E+20,5.67745E+21,9.42258E+15,5.12477E+16
21149,21150,6,4,31,13,2016,11,10,4,3,5,3,0,0,0,1,0,0,0,0,4.61102E+20,5.49365E+21,8.46176E+15,4.95942E+16
21150,21151,6,6,11,0,2016,10,12,3,3,5,3,0,1,0,1,0,0,0,0,5.33464E+20,5.68662E+21,9.48032E+15,5.13299E+16
21151,21152,6,4,32,18,2016,11,14,5,3,5,2,0,1,0,1,0,0,0,0,4.74052E+20,5.51666E+21,8.63942E+15,4.98018E+16
21152,21153,6,4,38,7,2016,11,6,2,2,5,3,0,1,0,1,0,0,1,0,5.02169E+20,5.53983E+21,9.03027E+15,5.00108E+16
21153,21154,6,4,39,8,2016,11,18,6,3,2,6,2,0,0,1,0,0,0,0,4.4815E+20,5.55862E+21,8.27383E+15,5.01775E+16
21154,21155,6,6,31,9,2016,11,17,4,3,5,2,2,1,0,1,0,0,0,0,5.47143E+20,5.59972E+21,9.66539E+15,5.05475E+16
21155,21156,6,5,32,20,2016,11,17,2,3,8,6,2,0,0,1,0,0,0,1,4.52221E+20,5.61077E+21,8.3242E+15,5.06468E+16
21156,21157,6,6,11,0,2016,11,12,7,3,3,6,0,1,0,1,0,0,0,0,5.33602E+20,5.68332E+21,9.48198E+15,5.13002E+16
21157,21158,6,4,12,0,2016,11,16,3,3,2,6,0,0,0,1,0,0,0,0,4.74085E+20,5.55358E+21,8.63739E+15,5.01339E+16
21158,21159,6,5,33,7,2016,11,8,5,3,3,6,0,1,0,0,0,0,1,1,4.33131E+20,5.59068E+21,8.05784E+15,5.04643E+16
21159,21160,6,4,32,18,2016,11,14,4,3,2,6,0,1,0,1,0,0,0,0,4.67793E+20,5.51404E+21,8.55266E+15,4.9778E+16
21160,21161,6,4,32,23,2016,11,14,4,3,3,6,0,1,0,1,0,0,0,1,4.71518E+20,5.52592E+21,8.60352E+15,4.9885E+16
21161,21162,6,5,32,23,2016,11,18,5,3,3,6,2,1,0,1,0,0,0,1,4.65616E+20,5.60466E+21,8.51423E+15,5.05929E+16
21162,21163,6,5,35,17,2016,11,23,3,2,8,1,2,1,0,1,0,0,0,0,5.20339E+20,5.61447E+21,9.28789E+15,5.06817E+16
21163,21164,6,6,35,11,2016,11,8,3,1,4,6,0,1,0,1,0,0,1,0,4.87883E+20,5.65905E+21,8.82701E+15,5.10828E+16
21164,21165,6,6,11,0,2016,10,23,3,3,5,3,2,1,1,1,0,0,0,0,5.33615E+20,5.6834E+21,9.48217E+15,5.13009E+16
21165,21166,6,4,12,0,2016,11,16,4,2,2,6,1,1,0,1,0,0,0,0,4.78016E+20,5.55466E+21,8.69233E+15,5.01438E+16
21166,21167,6,4,12,0,2016,10,7,2,3,3,2,0,0,1,1,0,0,0,0,4.78216E+20,5.55345E+21,8.69519E+15,5.01329E+16
21167,21168,6,5,34,20,2016,11,13,7,3,3,1,0,0,0,1,0,0,0,0,4.81307E+20,5.62013E+21,8.73512E+15,5.07326E+16
21168,21169,6,4,14,0,2016,11,17,2,3,6,4,2,0,0,1,1,0,0,0,4.45664E+20,5.54394E+21,8.24111E+15,5.00452E+16
21169,21170,6,4,38,9,2016,11,17,3,3,2,6,2,1,0,1,0,0,0,0,4.79914E+20,5.54421E+21,8.71944E+15,5.00499E+16
21170,21171,6,4,38,12,2016,10,7,2,3,5,2,0,0,0,1,0,0,0,0,4.87411E+20,5.53667E+21,8.8244E+15,4.99822E+16
21171,21172,6,6,31,15,2016,10,15,2,2,5,7,0,0,1,1,0,0,0,0,5.53612E+20,5.61486E+21,9.75889E+15,5.06831E+16
21172,21173,6,6,31,3,2016,11,10,4,2,5,3,0,1,0,1,0,0,0,0,5.55692E+20,5.59902E+21,9.78595E+15,5.05405E+16
21173,21174,6,4,32,10,2016,11,16,3,3,5,3,1,1,0,1,0,0,0,0,4.95371E+20,5.52628E+21,8.93556E+15,4.98889E+16
21174,21175,6,4,32,13,2016,11,16,6,3,4,1,2,1,0,1,0,0,0,0,4.80456E+20,5.50926E+21,8.72878E+15,4.97355E+16
21175,21176,6,4,31,11,2016,11,21,1,2,8,1,2,0,0,0,0,1,0,0,4.75777E+20,5.49916E+21,8.66448E+15,4.96445E+16
21176,21177,6,4,38,11,2016,11,14,3,3,2,6,0,1,0,1,0,0,0,1,4.92212E+20,5.54593E+21,8.89119E+15,5.00656E+16
21177,21178,6,4,40,23,2016,10,13,7,3,2,6,0,0,0,1,0,0,0,0,4.76437E+20,5.57031E+21,8.66927E+15,5.02844E+16
21178,21179,6,6,35,15,2016,11,10,6,3,2,6,0,1,0,1,0,0,0,0,4.91778E+20,5.6791E+21,8.88215E+15,5.12632E+16
21179,21180,6,5,32,10,2016,11,20,7,3,9,1,2,1,0,1,0,0,0,0,4.4439E+20,5.60446E+21,8.2144E+15,5.05894E+16
21180,21181,6,6,35,3,2016,11,16,2,2,5,2,1,0,1,1,0,0,0,0,5.08669E+20,5.66365E+21,9.12387E+15,5.11243E+16
21181,21182,6,4,31,16,2016,11,7,2,3,0,1,0,2,0,0,0,1,0,0,4.70018E+20,5.50015E+21,8.58462E+15,4.96532E+16
21182,21183,6,6,35,3,2016,11,21,1,3,7,7,2,0,0,1,0,0,0,0,5.06199E+20,5.66396E+21,9.08859E+15,5.11271E+16
21183,21184,6,4,33,12,2016,11,10,7,3,9,1,0,1,0,1,0,0,0,0,4.5974E+20,5.53603E+21,8.43853E+15,4.99753E+16
21184,21185,6,5,32,6,2016,11,18,4,3,2,6,2,0,0,1,0,0,0,0,4.51746E+20,5.62595E+21,8.3155E+15,5.07833E+16
21185,21186,6,4,35,10,2016,11,14,6,3,6,2,0,0,0,1,1,0,0,0,5.10589E+20,5.55932E+21,9.14833E+15,5.01859E+16
21186,21187,6,6,33,9,2016,11,13,5,3,8,6,0,1,0,1,0,0,0,0,5.40031E+20,5.69447E+21,9.57546E+15,5.14E+16
21187,21188,6,5,33,10,2016,11,12,5,3,2,6,0,0,0,1,0,0,1,0,4.48634E+20,5.59689E+21,8.2754E+15,5.05217E+16
21188,21189,6,6,35,3,2016,11,7,4,3,0,1,0,1,0,0,0,1,0,0,5.12075E+20,5.66405E+21,9.17256E+15,5.11278E+16
21189,21190,6,4,31,8,2016,11,12,7,1,6,4,0,1,0,1,1,0,0,0,4.81252E+20,5.48644E+21,8.74092E+15,4.95303E+16
21190,21191,6,4,32,16,2016,11,22,5,3,9,1,2,1,0,1,0,0,0,0,4.81594E+20,5.52186E+21,8.74397E+15,4.98488E+16
21191,21192,6,4,14,0,2016,11,13,3,3,3,6,0,0,0,1,0,0,0,1,4.46569E+20,5.54569E+21,8.25351E+15,5.00611E+16
21192,21193,6,6,34,8,2016,11,13,4,2,3,6,0,0,0,1,0,0,1,0,5.3296E+20,5.67101E+21,9.47165E+15,5.11895E+16
21193,21194,6,4,34,3,2016,10,8,6,2,6,1,0,0,0,1,1,0,0,0,4.57445E+20,5.56305E+21,8.40351E+15,5.02181E+16
21194,21195,6,4,14,0,2016,10,18,3,3,5,2,0,0,0,1,0,0,0,0,4.40835E+20,5.54448E+21,8.17359E+15,5.00497E+16
21195,21196,6,5,31,11,2016,11,7,5,3,2,6,1,1,0,1,0,0,0,0,4.87381E+20,5.59741E+21,8.82196E+15,5.05285E+16
21196,21197,6,5,35,11,2016,11,16,5,3,6,4,2,1,0,1,1,0,0,0,5.27783E+20,5.60947E+21,9.39288E+15,5.06365E+16
21197,21198,6,4,14,0,2016,11,16,4,3,2,6,1,0,0,1,0,0,0,0,4.55262E+20,5.54661E+21,8.37484E+15,5.00701E+16
21198,21199,6,4,31,4,2016,11,3,1,3,8,1,2,0,0,1,0,0,0,0,4.78494E+20,5.49056E+21,8.70258E+15,4.95673E+16
21199,21200,6,4,11,0,2016,11,18,7,3,2,6,1,1,0,1,0,0,0,0,4.77622E+20,5.52392E+21,8.6886E+15,4.98673E+16
21200,21201,6,5,33,8,2016,10,14,2,2,2,6,0,1,0,1,0,0,0,0,4.40654E+20,5.5703E+21,8.16704E+15,5.02818E+16
21201,21202,6,6,11,0,2016,11,18,3,3,0,7,2,1,0,0,1,0,0,1,5.34725E+20,5.68673E+21,9.49842E+15,5.13308E+16
21202,21203,6,4,32,23,2016,11,17,4,3,2,6,1,1,0,1,0,0,0,0,4.69251E+20,5.5295E+21,8.57168E+15,4.99171E+16
21203,21204,6,6,31,9,2016,11,15,3,3,4,6,0,0,0,1,0,0,0,0,5.49066E+20,5.6017E+21,9.6928E+15,5.05652E+16
21204,21205,6,4,31,11,2016,11,11,4,2,1,5,0,0,0,1,0,0,0,0,4.74537E+20,5.49893E+21,8.64732E+15,4.96424E+16
21205,21206,6,4,35,4,2016,11,18,6,3,7,7,2,1,0,1,0,0,0,0,5.22426E+20,5.58343E+21,9.31556E+15,5.04025E+16
21206,21207,6,4,12,0,2016,11,17,5,3,5,3,1,1,0,1,0,0,0,0,4.80342E+20,5.55156E+21,8.72504E+15,5.01159E+16
21207,21208,6,6,11,0,2016,11,8,5,3,2,6,0,1,0,1,0,0,0,0,5.30706E+20,5.68481E+21,9.44058E+15,5.13138E+16
21208,21209,6,4,12,0,2016,11,15,4,3,4,6,0,1,1,0,0,0,0,0,4.7816E+20,5.55081E+21,8.69456E+15,5.01092E+16
21209,21210,6,4,31,16,2016,11,12,7,3,3,1,0,1,0,1,0,0,0,0,4.67615E+20,5.50082E+21,8.55128E+15,4.96591E+16
21210,21211,6,4,39,15,2016,11,12,5,3,9,1,0,1,0,1,0,0,0,0,4.44832E+20,5.55934E+21,8.22726E+15,5.01837E+16
21211,21212,6,6,34,1,2016,11,12,3,3,9,1,0,0,0,1,0,0,0,0,5.14466E+20,5.65712E+21,9.20645E+15,5.10654E+16
21212,21213,6,4,35,14,2016,11,8,4,3,5,3,0,0,1,1,0,0,0,0,4.94691E+20,5.55216E+21,8.92574E+15,5.01216E+16
21213,21214,6,4,14,0,2016,10,11,3,3,6,2,0,0,0,1,1,0,0,0,4.45661E+20,5.54411E+21,8.24105E+15,5.00468E+16
21214,21215,6,5,34,14,2016,11,15,5,3,9,1,0,1,0,1,0,0,0,0,4.79846E+20,5.62748E+21,8.71402E+15,5.07987E+16
21215,21216,6,5,31,5,2016,11,7,2,3,2,6,1,1,0,1,0,0,0,0,4.79551E+20,5.60482E+21,8.71109E+15,5.05949E+16
21216,21217,6,5,32,23,2016,11,9,6,3,3,1,0,1,0,1,0,0,1,0,4.6414E+20,5.60503E+21,8.49334E+15,5.0596E+16
21217,21218,6,4,38,2,2016,11,14,4,3,9,1,0,1,0,1,0,0,0,0,4.80118E+20,5.54403E+21,8.7223E+15,5.00482E+16
21218,21219,6,4,37,11,2016,11,1,1,2,9,1,2,0,0,1,0,0,0,0,5.00638E+20,5.5072E+21,9.00885E+15,4.97173E+16
21219,21220,6,4,12,0,2016,11,16,7,3,2,6,0,1,0,1,0,0,0,0,4.75947E+20,5.55542E+21,8.66333E+15,5.01506E+16
21220,21221,6,4,34,1,2016,11,19,3,3,3,6,2,0,0,1,0,0,0,0,4.7584E+20,5.56238E+21,8.66139E+15,5.02131E+16
21221,21222,6,5,35,4,2016,11,8,3,3,8,1,0,2,0,1,0,0,0,0,5.27307E+20,5.59056E+21,9.38476E+15,5.04664E+16
21222,21223,6,4,36,1,2016,11,17,4,3,5,3,2,1,0,1,0,0,0,0,4.65317E+20,5.55571E+21,8.51452E+15,5.01526E+16
21223,21224,6,6,31,22,2016,11,16,3,3,8,1,1,0,0,1,0,0,0,0,5.60437E+20,5.61802E+21,9.856E+15,5.07109E+16
21224,21225,6,5,32,12,2016,11,13,3,2,5,2,0,0,0,1,0,0,0,0,4.50834E+20,5.61449E+21,8.3041E+15,5.06802E+16
21225,21226,6,4,14,0,2016,10,16,3,3,2,6,0,0,0,1,0,0,0,0,4.50521E+20,5.55438E+21,8.30759E+15,5.01395E+16
21226,21227,6,6,34,21,2016,11,15,4,2,8,1,0,1,0,1,0,0,0,0,5.19352E+20,5.63533E+21,9.27502E+15,5.08694E+16
21227,21228,6,4,39,11,2016,10,20,2,3,8,1,2,0,0,1,0,0,0,0,4.52405E+20,5.56214E+21,8.33298E+15,5.02095E+16
21228,21229,6,4,40,8,2016,11,7,7,3,8,1,0,0,0,1,0,0,0,0,4.78128E+20,5.57434E+21,8.69276E+15,5.03207E+16
21229,21230,6,4,12,0,2016,11,20,2,3,5,2,2,1,0,1,0,0,0,1,4.71209E+20,5.54986E+21,8.59742E+15,5.01003E+16
21230,21231,6,4,33,8,2016,11,19,3,3,5,3,2,1,0,1,0,0,0,0,4.69022E+20,5.53603E+21,8.56797E+15,4.99758E+16
21231,21232,6,4,31,14,2016,10,18,2,2,1,1,2,0,0,1,0,1,0,0,4.79234E+20,5.50715E+21,8.71194E+15,4.97165E+16
21232,21233,6,4,35,14,2016,10,17,2,3,5,3,1,0,1,1,0,0,0,0,4.94692E+20,5.55215E+21,8.92575E+15,5.01216E+16
21233,21234,6,4,40,18,2016,10,18,2,3,5,3,2,0,0,1,0,1,0,0,4.79124E+20,5.58108E+21,8.70638E+15,5.03814E+16
21234,21235,6,4,36,1,2016,11,19,4,2,6,2,2,1,0,1,1,0,0,0,4.64414E+20,5.55473E+21,8.50196E+15,5.01437E+16
21235,21236,6,5,34,19,2016,11,17,3,3,4,1,2,2,0,1,0,0,0,1,4.57668E+20,5.63026E+21,8.39901E+15,5.08226E+16
21236,21237,6,4,32,16,2016,10,16,1,3,3,6,0,0,0,1,0,1,0,0,4.83132E+20,5.51609E+21,8.76563E+15,4.9797E+16
21237,21238,6,6,35,3,2016,10,13,7,3,0,7,0,0,0,1,0,0,0,0,5.08997E+20,5.66157E+21,9.12851E+15,5.11055E+16
21238,21239,6,5,34,4,2016,11,12,6,3,2,6,0,1,0,1,0,0,0,0,4.69294E+20,5.63495E+21,8.56367E+15,5.08655E+16
21239,21240,6,4,38,12,2016,11,15,1,3,8,6,0,0,0,1,0,1,0,0,4.88517E+20,5.53385E+21,8.83992E+15,4.99569E+16
21240,21241,6,4,14,0,2016,11,17,3,3,2,6,1,1,0,1,0,0,0,0,4.44013E+20,5.54476E+21,8.21793E+15,5.00525E+16
21241,21242,6,4,12,0,2016,10,9,6,3,2,6,0,0,0,1,0,0,0,0,4.81577E+20,5.55236E+21,8.74228E+15,5.01232E+16
21242,21243,6,4,14,0,2016,11,13,6,3,2,6,0,1,0,1,0,0,0,0,4.48364E+20,5.54027E+21,8.27931E+15,5.00125E+16
21243,21244,6,6,31,14,2016,11,17,7,2,8,7,1,1,0,1,0,0,0,0,5.36277E+20,5.59477E+21,9.51155E+15,5.05037E+16
21244,21245,6,4,14,0,2016,10,10,3,2,6,4,0,1,0,1,1,0,0,0,4.45828E+20,5.54686E+21,8.24299E+15,5.00715E+16
21245,21246,6,6,34,5,2016,11,15,2,3,5,3,0,1,0,1,0,0,1,0,5.18618E+20,5.66978E+21,9.26636E+15,5.11792E+16
21246,21247,6,5,32,17,2016,11,8,6,3,9,1,0,1,0,1,0,0,0,0,4.55647E+20,5.61556E+21,8.37209E+15,5.06901E+16
21247,21248,6,4,32,18,2016,11,13,2,3,2,6,0,0,0,1,0,0,1,0,4.68929E+20,5.51672E+21,8.56823E+15,4.98021E+16
21248,21249,6,4,31,17,2016,11,18,1,3,0,6,2,0,0,1,0,0,0,1,4.8336E+20,5.49213E+21,8.76981E+15,4.95815E+16
21249,21250,6,6,32,10,2016,11,13,6,2,8,1,0,0,0,1,0,0,0,0,5.64701E+20,5.62951E+21,9.9184E+15,5.08137E+16
21250,21251,6,4,31,2,2016,11,11,6,3,6,4,0,0,0,1,1,0,0,0,4.72777E+20,5.50541E+21,8.62248E+15,4.97006E+16
21251,21252,6,6,11,0,2016,11,6,5,3,2,6,1,0,0,1,0,0,0,0,5.29841E+20,5.68351E+21,9.42805E+15,5.13021E+16
21252,21253,6,5,34,21,2016,11,11,5,3,8,7,0,0,0,1,0,0,0,0,4.77027E+20,5.63967E+21,8.67325E+15,5.09082E+16
21253,21254,6,5,33,12,2016,11,5,4,1,0,7,2,0,0,0,0,0,1,0,4.44783E+20,5.59429E+21,8.22146E+15,5.0498E+16
21254,21255,6,5,31,8,2016,11,15,7,3,5,3,0,0,0,1,0,0,0,0,4.9577E+20,5.58865E+21,8.94041E+15,5.04498E+16
21255,21256,6,5,35,13,2016,11,16,5,3,5,3,1,1,0,1,0,0,0,0,5.02306E+20,5.60695E+21,9.03259E+15,5.06144E+16
21256,21257,6,6,35,9,2016,11,18,3,3,5,3,2,0,0,1,0,0,0,0,5.09556E+20,5.66839E+21,9.13668E+15,5.11669E+16
21257,21258,6,5,31,13,2016,11,18,3,3,2,6,2,1,0,1,0,0,0,0,4.79215E+20,5.61203E+21,8.70593E+15,5.06598E+16
21258,21259,6,4,33,3,2016,10,21,6,3,5,3,2,0,0,1,0,0,0,0,4.64983E+20,5.52839E+21,8.51233E+15,4.99069E+16
21259,21260,6,4,12,0,2016,10,13,3,3,5,2,0,1,0,1,0,0,0,1,4.7864E+20,5.56203E+21,8.70065E+15,5.021E+16
21260,21261,6,4,40,5,2016,11,15,5,3,2,6,0,0,0,1,0,0,0,0,4.78721E+20,5.58402E+21,8.70054E+15,5.04078E+16
21261,21262,6,6,33,17,2016,11,10,5,3,2,6,0,1,0,1,0,0,0,1,5.3817E+20,5.68147E+21,9.54731E+15,5.12833E+16