FID,OBJECTID,ULAND,UREGBEZ,UKREIS,UGEMEINDE,UJAHR,UMONAT,USTUNDE,UWOCHENTAG,UKATEGORIE,UART,UTYP1,ULICHTVERH,IstStrasse,IstRad,IstPKW,IstFuss,IstKrad,IstGkfz,IstSonstig,LINREFX,LINREFY,XGCSWGS84,YGCSWGS84
21262,21263,6,4,12,0,2016,11,19,1,3,3,1,2,2,0,1,0,0,0,0,4.72165E+20,5.54987E+21,8.61079E+15,5.01005E+16
21263,21264,6,4,14,0,2016,11,12,3,3,6,2,0,1,0,1,1,0,0,0,4.447E+20,5.54677E+21,8.22724E+15,5.00707E+16
21264,21265,6,6,32,18,2016,11,19,4,3,2,6,2,1,0,1,0,0,0,1,5.4962E+20,5.65026E+21,9.70717E+15,5.10018E+16
21265,21266,6,5,31,5,2016,11,5,3,3,2,6,2,0,0,1,0,0,1,0,4.7461E+20,5.60199E+21,8.64148E+15,5.05693E+16
21266,21267,6,4,12,0,2016,10,14,3,3,2,6,0,1,0,1,0,0,0,0,4.70756E+20,5.55336E+21,8.59083E+15,5.01317E+16
21267,21268,6,4,34,4,2016,11,6,4,3,6,4,1,1,0,0,1,0,0,1,4.61399E+20,5.58166E+21,8.45703E+15,5.03858E+16
21268,21269,6,4,12,0,2016,11,19,3,3,3,2,2,0,0,1,0,0,0,1,4.69291E+20,5.54971E+21,8.57062E+15,5.00988E+16
21269,21270,6,4,12,0,2016,11,8,6,3,2,6,0,1,0,1,0,0,0,0,4.76425E+20,5.5495E+21,8.67038E+15,5.00973E+16
21270,21271,6,5,32,20,2016,11,14,2,3,2,6,0,1,0,1,0,0,0,0,4.52356E+20,5.61207E+21,8.32596E+15,5.06585E+16
21271,21272,6,4,33,9,2016,11,17,3,3,5,2,2,1,0,1,0,0,0,1,4.59838E+20,5.53258E+21,8.44025E+15,4.99442E+16
21272,21273,6,6,33,17,2016,11,7,3,3,3,6,0,1,0,1,0,0,1,0,5.36631E+20,5.6804E+21,9.52513E+15,5.12738E+16
21273,21274,6,4,33,12,2016,10,15,2,2,2,6,0,0,0,1,0,0,0,0,4.59913E+20,5.53608E+21,8.44093E+15,4.99757E+16
21274,21275,6,4,38,2,2016,10,9,1,3,5,2,0,0,0,1,0,0,0,1,4.80703E+20,5.53684E+21,8.73083E+15,4.99836E+16
21275,21276,6,4,34,2,2016,11,6,3,3,2,6,2,1,0,0,0,0,1,1,4.75958E+20,5.5658E+21,8.66282E+15,5.02439E+16
21276,21277,6,6,33,28,2016,10,18,5,3,9,7,2,0,0,1,0,0,0,0,5.10239E+20,5.68687E+21,9.14697E+15,5.1333E+16
21277,21278,6,4,35,1,2016,10,15,3,3,8,6,0,1,0,1,0,0,0,0,5.25391E+20,5.56313E+21,9.35592E+15,5.02198E+16
21278,21279,6,6,35,11,2016,11,23,4,2,8,1,2,1,0,1,0,0,0,0,4.86269E+20,5.65787E+21,8.80401E+15,5.10721E+16
21279,21280,6,4,38,6,2016,10,19,2,3,5,3,2,0,0,1,0,0,0,0,4.77997E+20,5.53743E+21,8.69305E+15,4.99888E+16
21280,21281,6,4,14,0,2016,11,18,3,3,5,2,2,0,1,0,0,0,0,1,4.45421E+20,5.54291E+21,8.23786E+15,5.0036E+16
21281,21282,6,5,33,7,2016,11,5,6,2,8,1,2,1,0,1,0,0,0,0,4.33773E+20,5.58877E+21,8.06722E+15,5.04472E+16
21282,21283,6,6,11,0,2016,11,7,2,3,9,1,1,0,0,1,0,0,0,0,5.30957E+20,5.68619E+21,9.44429E+15,5.13261E+16
21283,21284,6,6,31,20,2016,11,15,3,2,5,3,1,1,1,0,0,0,0,1,5.50439E+20,5.60454E+21,9.71257E+15,5.05906E+16
21284,21285,6,5,34,12,2016,10,5,2,3,2,6,2,0,0,1,0,0,0,0,4.78112E+20,5.63393E+21,8.68903E+15,5.08567E+16
21285,21286,6,4,38,6,2016,10,14,2,2,9,1,0,0,0,1,0,1,0,0,4.7762E+20,5.53824E+21,8.68775E+15,4.9996E+16
21286,21287,6,4,14,0,2016,10,12,1,3,2,6,0,0,0,1,0,0,0,0,4.4937E+20,5.54209E+21,8.29311E+15,5.00289E+16
21287,21288,6,5,31,13,2016,11,10,3,3,2,6,0,1,0,1,0,0,0,0,4.79284E+20,5.60828E+21,8.70711E+15,5.06261E+16
21288,21289,6,4,31,20,2016,11,23,3,3,2,7,2,1,0,1,0,0,0,1,4.68137E+20,5.48596E+21,8.55972E+15,4.95254E+16
21289,21290,6,6,32,3,2016,10,7,5,3,2,6,0,0,0,1,0,0,0,0,5.55038E+20,5.64772E+21,9.784E+15,5.09784E+16
21290,21291,6,5,35,17,2016,11,18,3,3,9,1,2,2,0,1,0,0,0,0,5.24153E+20,5.61521E+21,9.34192E+15,5.06882E+16
21291,21292,6,4,33,3,2016,10,18,1,3,5,3,2,0,0,1,0,0,0,0,4.64984E+20,5.52839E+21,8.51235E+15,4.99069E+16
21292,21293,6,4,40,5,2016,10,9,7,3,9,1,0,1,0,1,0,0,0,0,4.79364E+20,5.58875E+21,8.70933E+15,5.04504E+16
21293,21294,6,4,35,14,2016,11,14,6,3,5,3,0,1,1,1,0,0,0,0,4.93871E+20,5.55399E+21,8.91423E+15,5.01381E+16
21294,21295,6,5,35,8,2016,11,20,7,3,8,1,2,2,0,1,0,0,0,0,5.21248E+20,5.59975E+21,9.29991E+15,5.05493E+16
21295,21296,6,6,35,19,2016,11,9,2,3,8,1,0,1,0,1,0,0,0,0,4.93374E+20,5.67091E+21,8.90518E+15,5.11896E+16
21296,21297,6,6,33,5,2016,11,15,6,3,2,6,0,0,0,1,0,0,0,0,5.20843E+20,5.69883E+21,9.29988E+15,5.14403E+16
21297,21298,6,6,35,20,2016,10,19,3,2,6,4,2,1,0,1,1,0,0,0,5.08231E+20,5.69536E+21,9.11835E+15,5.14094E+16
21298,21299,6,4,39,15,2016,11,14,5,3,5,3,0,1,0,1,0,0,0,1,4.44302E+20,5.55832E+21,8.21999E+15,5.01745E+16
21299,21300,6,4,36,8,2016,11,21,2,3,5,2,2,1,0,1,0,1,0,0,4.61909E+20,5.55268E+21,8.46712E+15,5.01251E+16
21300,21301,6,5,35,13,2016,11,15,6,2,9,1,0,0,0,1,0,0,0,0,5.02997E+20,5.60702E+21,9.04236E+15,5.0615E+16
21301,21302,6,5,34,6,2016,11,19,2,3,2,1,2,0,0,1,0,0,0,1,4.87974E+20,5.63635E+21,8.82906E+15,5.08787E+16
21302,21303,6,6,31,18,2016,11,18,1,2,6,4,2,0,0,1,1,0,0,0,5.4781E+20,5.59098E+21,9.67369E+15,5.04689E+16
21303,21304,6,4,12,0,2016,11,13,6,3,5,3,0,0,0,1,0,0,0,0,4.75141E+20,5.55167E+21,8.65228E+15,5.01167E+16
21304,21305,6,5,31,6,2016,11,16,6,3,5,2,0,0,0,1,0,0,0,0,4.9837E+20,5.60438E+21,8.97697E+15,5.05913E+16
21305,21306,6,6,31,3,2016,10,16,3,2,5,2,0,0,0,1,0,0,0,1,5.55692E+20,5.59902E+21,9.78595E+15,5.05405E+16
21306,21307,6,4,12,0,2016,11,10,5,3,3,6,0,0,0,1,0,0,0,0,4.72175E+20,5.54613E+21,8.6112E+15,5.00668E+16
21307,21308,6,4,31,2,2016,11,6,4,3,2,6,1,1,0,1,0,0,0,0,4.7555E+20,5.50347E+21,8.66106E+15,4.96833E+16
21308,21309,6,5,34,14,2016,11,16,5,2,9,3,1,1,0,1,0,0,0,0,4.84034E+20,5.63193E+21,8.77325E+15,5.08388E+16
21309,21310,6,6,34,18,2016,11,5,3,2,9,1,2,1,0,0,0,0,0,1,5.23838E+20,5.67332E+21,9.34126E+15,5.12108E+16
21310,21311,6,4,14,0,2016,11,16,3,3,5,3,2,0,0,0,0,1,0,1,4.48394E+20,5.54976E+21,8.27845E+15,5.00979E+16
21311,21312,6,6,34,7,2016,10,13,6,3,2,6,0,0,0,0,0,0,1,0,5.21752E+20,5.66803E+21,9.31109E+15,5.11633E+16
21312,21313,6,6,34,14,2016,10,14,3,3,8,1,0,1,0,1,0,0,0,0,5.37634E+20,5.66201E+21,9.53758E+15,5.11083E+16
21313,21314,6,5,31,13,2016,11,17,4,3,8,1,2,1,0,1,0,0,0,0,4.80203E+20,5.60932E+21,8.72006E+15,5.06354E+16
21314,21315,6,4,14,0,2016,11,5,5,3,5,2,2,1,0,1,0,0,1,0,4.47933E+20,5.54759E+21,8.2723E+15,5.00783E+16
21315,21316,6,4,12,0,2016,11,10,7,3,2,6,0,0,0,1,0,0,0,1,4.81505E+20,5.55232E+21,8.74127E+15,5.01228E+16
21316,21317,6,4,12,0,2016,11,19,3,3,5,3,2,1,1,0,0,0,0,1,4.7534E+20,5.55121E+21,8.65511E+15,5.01126E+16
21317,21318,6,4,31,7,2016,11,18,4,3,2,6,2,1,0,1,0,0,0,0,4.8384E+20,5.49952E+21,8.77615E+15,4.9648E+16
21318,21319,6,4,40,5,2016,11,4,3,3,2,6,2,0,0,0,0,0,1,0,4.78541E+20,5.58551E+21,8.69793E+15,5.04212E+16
21319,21320,6,4,35,1,2016,11,10,4,2,4,1,0,1,0,1,0,0,1,0,5.23201E+20,5.56489E+21,9.32532E+15,5.02357E+16
21320,21321,6,6,34,20,2016,11,16,3,3,4,6,2,1,0,1,0,0,0,0,5.27038E+20,5.62882E+21,9.38376E+15,5.08105E+16
21321,21322,6,6,35,3,2016,11,14,6,2,9,1,0,1,0,1,0,0,0,0,5.0994E+20,5.65783E+21,9.14188E+15,5.10719E+16
21322,21323,6,5,31,16,2016,11,17,2,3,5,2,2,0,0,1,0,0,0,0,4.86985E+20,5.60493E+21,8.81611E+15,5.05961E+16
21323,21324,6,6,31,2,2016,11,19,3,3,4,1,2,2,0,1,0,0,0,0,5.49981E+20,5.61926E+21,9.70808E+15,5.0723E+16
21324,21325,6,4,12,0,2016,11,17,3,3,2,6,2,1,0,1,0,0,0,0,4.71087E+20,5.54515E+21,8.59608E+15,5.00579E+16
21325,21326,6,4,14,0,2016,11,8,2,2,6,4,0,0,0,1,1,0,0,0,4.48301E+20,5.54831E+21,8.27734E+15,5.00848E+16
21326,21327,6,6,34,7,2016,10,16,5,3,2,6,0,0,0,1,0,0,0,0,5.25787E+20,5.66972E+21,9.36891E+15,5.11783E+16
21327,21328,6,4,11,0,2016,11,22,4,3,3,6,2,0,0,1,0,1,0,0,4.75066E+20,5.52472E+21,8.65299E+15,4.98744E+16
21328,21329,6,4,14,0,2016,10,20,7,3,5,3,2,0,0,1,0,0,0,1,4.40504E+20,5.54981E+21,8.16815E+15,5.00975E+16
21329,21330,6,6,31,9,2016,10,13,7,2,4,6,0,0,1,0,0,1,0,0,5.44156E+20,5.60626E+21,9.62401E+15,5.06065E+16
21330,21331,6,6,36,3,2016,11,16,5,3,2,3,1,1,0,1,0,0,0,0,5.69802E+20,5.67315E+21,9.99919E+15,5.12054E+16
21331,21332,6,6,33,15,2016,11,9,5,3,2,6,0,1,0,1,0,0,0,0,5.41018E+20,5.68183E+21,9.58819E+15,5.12863E+16
21332,21333,6,6,34,14,2016,11,9,7,3,9,1,0,1,0,1,0,0,0,0,5.35034E+20,5.66405E+21,9.50064E+15,5.11268E+16
21333,21334,6,6,34,14,2016,10,7,3,3,9,1,2,1,0,1,0,0,0,0,5.36302E+20,5.66224E+21,9.51858E+15,5.11105E+16
21334,21335,6,5,32,7,2016,11,6,5,3,5,3,2,1,0,1,0,0,0,0,4.42017E+20,5.61128E+21,8.17982E+15,5.06505E+16
21335,21336,6,6,31,17,2016,11,8,2,3,5,3,0,1,0,1,0,0,0,0,5.51986E+20,5.5976E+21,9.73346E+15,5.05281E+16
21336,21337,6,6,34,11,2016,11,1,6,3,8,7,2,1,0,0,0,0,1,0,5.347E+20,5.65483E+21,9.49499E+15,5.1044E+16
21337,21338,6,5,35,1,2016,11,6,4,3,5,3,2,1,0,1,0,0,0,0,5.21025E+20,5.6221E+21,9.29804E+15,5.07503E+16
21338,21339,6,4,33,4,2016,11,10,2,3,2,6,0,1,0,1,0,0,0,0,4.67127E+20,5.511E+21,8.54367E+15,4.97506E+16
21339,21340,6,6,33,8,2016,11,18,7,3,5,3,2,1,0,1,0,0,0,0,5.34075E+20,5.67787E+21,9.48825E+15,5.12512E+16
21340,21341,6,6,31,20,2016,11,7,3,3,2,3,0,0,0,1,0,0,0,0,5.50421E+20,5.6009E+21,9.71182E+15,5.05579E+16
21341,21342,6,4,40,18,2016,11,8,6,3,9,1,0,0,0,1,0,0,0,0,4.78682E+20,5.58419E+21,8.69999E+15,5.04094E+16
21342,21343,6,5,33,9,2016,11,16,4,3,2,3,0,0,0,1,0,0,0,0,4.33141E+20,5.58232E+21,8.05946E+15,5.03891E+16
21343,21344,6,5,33,3,2016,11,18,4,3,8,6,2,0,0,1,0,0,0,0,4.45712E+20,5.57189E+21,8.23779E+15,5.02966E+16
21344,21345,6,4,12,0,2016,11,16,5,3,2,6,2,1,0,1,0,0,1,0,4.71833E+20,5.55034E+21,8.60612E+15,5.01046E+16
21345,21346,6,4,40,24,2016,11,7,3,3,2,6,1,0,0,1,0,0,0,0,4.86001E+20,5.58023E+21,8.80314E+15,5.03739E+16
21346,21347,6,6,33,28,2016,11,19,3,3,5,3,2,1,0,1,0,0,0,0,5.13423E+20,5.68766E+21,9.19271E+15,5.134E+16
21347,21348,6,6,36,8,2016,10,15,7,2,5,3,0,0,0,1,0,1,0,0,5.66819E+20,5.67361E+21,9.95658E+15,5.121E+16
21348,21349,6,4,40,2,2016,10,2,7,2,0,1,2,1,1,0,0,0,0,0,4.81558E+20,5.58356E+21,8.74049E+15,5.04038E+16
21349,21350,6,4,12,0,2016,11,14,6,2,2,6,0,0,0,1,0,0,0,0,4.63091E+20,5.54895E+21,8.48401E+15,5.00916E+16
21350,21351,6,4,14,0,2016,11,18,7,2,5,7,2,0,0,1,0,0,0,0,4.44703E+20,5.54678E+21,8.22729E+15,5.00707E+16
21351,21352,6,4,14,0,2016,11,19,2,3,2,6,2,1,0,1,0,0,0,0,4.45822E+20,5.54489E+21,8.24319E+15,5.00538E+16
21352,21353,6,4,36,9,2016,11,23,6,3,5,3,2,0,0,1,0,0,0,0,4.62189E+20,5.54725E+21,8.47157E+15,5.00763E+16
21353,21354,6,6,32,1,2016,10,8,3,3,8,1,0,1,0,1,0,0,0,0,5.4478E+20,5.65607E+21,9.63891E+15,5.10544E+16
21354,21355,6,5,33,10,2016,11,16,5,3,5,2,0,1,0,1,0,0,0,0,4.48482E+20,5.5955E+21,8.27344E+15,5.05092E+16
21355,21356,6,4,33,4,2016,11,18,2,3,5,3,2,0,0,1,0,0,0,0,4.66944E+20,5.51037E+21,8.54118E+15,4.97449E+16
21356,21357,6,4,14,0,2016,11,0,6,3,8,6,2,1,0,1,0,1,0,0,4.54126E+20,5.55033E+21,8.35852E+15,5.01034E+16
21357,21358,6,4,38,7,2016,11,17,2,1,2,6,2,0,0,1,0,0,0,0,5.01901E+20,5.53961E+21,9.02652E+15,5.00088E+16
21358,21359,6,6,33,24,2016,11,22,1,3,2,6,2,1,0,1,0,0,0,0,5.36066E+20,5.67771E+21,9.51677E+15,5.12496E+16
21359,21360,6,4,12,0,2016,11,19,6,3,2,6,2,0,0,1,0,0,0,1,4.72122E+20,5.54993E+21,8.61019E+15,5.0101E+16
21360,21361,6,4,12,0,2016,11,22,4,3,2,2,2,0,0,1,0,0,0,0,4.6586E+20,5.54294E+21,8.52326E+15,5.00378E+16
21361,21362,6,5,32,21,2016,11,17,4,3,2,6,2,1,0,1,0,0,0,0,4.58578E+20,5.60021E+21,8.4153E+15,5.05524E+16
21362,21363,6,4,35,19,2016,11,14,5,3,8,1,0,1,0,1,0,0,0,1,4.90481E+20,5.55534E+21,8.86677E+15,5.01502E+16
21363,21364,6,5,33,18,2016,11,5,3,3,2,6,2,1,0,1,0,0,0,0,4.56179E+20,5.59002E+21,8.38263E+15,5.04606E+16
21364,21365,6,4,12,0,2016,11,17,3,3,2,6,2,0,0,1,0,0,0,0,4.76457E+20,5.54862E+21,8.67088E+15,5.00893E+16
21365,21366,6,4,12,0,2016,10,5,6,3,2,6,2,0,0,1,0,0,0,0,4.74747E+20,5.54501E+21,8.64722E+15,5.00568E+16
21366,21367,6,6,34,14,2016,10,13,3,3,8,1,0,1,0,1,0,0,0,0,5.40133E+20,5.66426E+21,9.57353E+15,5.11284E+16
21367,21368,6,6,11,0,2016,11,20,4,3,5,3,2,1,1,0,0,0,0,1,5.35224E+20,5.68557E+21,9.50548E+15,5.13203E+16
21368,21369,6,4,32,23,2016,11,10,5,3,3,6,0,1,0,1,0,0,0,0,4.70805E+20,5.53094E+21,8.59322E+15,4.99302E+16
21369,21370,6,4,40,5,2016,11,3,7,3,2,6,2,0,0,1,0,0,0,0,4.78316E+20,5.58752E+21,8.69464E+15,5.04393E+16
21370,21371,6,6,36,9,2016,11,6,3,3,5,3,2,1,0,1,0,0,0,0,5.63423E+20,5.6919E+21,9.91123E+15,5.13748E+16
21371,21372,6,4,40,8,2016,11,6,4,3,5,3,1,1,0,1,0,0,0,0,4.8283E+20,5.57728E+21,8.75868E+15,5.03473E+16
21372,21373,6,4,40,6,2016,11,7,4,2,6,4,2,1,0,1,1,0,0,0,4.91713E+20,5.58149E+21,8.88343E+15,5.03854E+16
21373,21374,6,4,38,2,2016,11,7,3,2,4,6,1,1,0,1,0,0,1,1,4.83178E+20,5.54275E+21,8.7651E+15,5.00369E+16
21374,21375,6,4,38,7,2016,11,7,6,3,5,3,2,1,0,1,0,0,0,0,5.01848E+20,5.54173E+21,9.0258E+15,5.00279E+16
21375,21376,6,4,12,0,2016,11,17,2,3,3,6,2,0,0,1,0,0,1,0,4.72459E+20,5.54937E+21,8.61494E+15,5.00959E+16
21376,21377,6,4,35,14,2016,11,12,3,3,2,6,0,1,0,1,0,0,0,0,4.94051E+20,5.55417E+21,8.91676E+15,5.01397E+16
21377,21378,6,4,38,11,2016,10,15,7,2,2,6,0,0,0,1,0,0,0,0,4.92193E+20,5.54446E+21,8.89095E+15,5.00523E+16
21378,21379,6,4,35,25,2016,11,15,7,3,0,1,0,1,0,0,0,1,0,0,5.35641E+20,5.57842E+21,9.50103E+15,5.03568E+16
21379,21380,6,4,33,10,2016,11,5,3,2,9,1,2,2,0,0,0,0,0,1,4.62149E+20,5.5418E+21,8.47155E+15,5.00273E+16
21380,21381,6,6,34,22,2016,11,18,7,3,5,2,2,1,0,1,0,0,0,0,5.15795E+20,5.64117E+21,9.22473E+15,5.0922E+16
21381,21382,6,4,12,0,2016,11,12,2,3,3,6,0,0,0,1,0,0,0,0,4.75107E+20,5.55155E+21,8.65183E+15,5.01156E+16
21382,21383,6,4,38,11,2016,11,18,4,3,0,6,2,0,0,0,0,1,0,1,4.89271E+20,5.54029E+21,8.85025E+15,5.00148E+16
21383,21384,6,6,33,6,2016,11,17,6,2,8,1,2,1,0,1,0,0,0,0,5.16398E+20,5.68127E+21,9.23512E+15,5.12826E+16
21384,21385,6,4,14,0,2016,11,6,5,3,3,1,1,1,0,1,0,0,1,0,4.44074E+20,5.55006E+21,8.21801E+15,5.01001E+16
21385,21386,6,6,34,22,2016,11,13,5,2,6,4,0,1,0,0,1,0,1,0,5.1222E+20,5.63963E+21,9.17381E+15,5.09082E+16
21386,21387,6,4,36,1,2016,11,13,4,3,2,6,0,1,0,1,0,0,0,0,4.65095E+20,5.55372E+21,8.51159E+15,5.01347E+16
21387,21388,6,6,35,14,2016,11,11,7,3,4,6,0,1,0,1,0,0,0,0,4.71273E+20,5.6467E+21,8.59086E+15,5.09712E+16
21388,21389,6,4,31,2,2016,11,7,4,3,6,6,2,0,0,1,1,0,0,0,4.69041E+20,5.50583E+21,8.57065E+15,4.97042E+16
21389,21390,6,6,11,0,2016,10,21,3,3,5,2,2,1,0,1,0,0,0,0,5.2974E+20,5.6837E+21,9.42662E+15,5.13038E+16
21390,21391,6,5,35,1,2016,11,11,5,2,9,1,0,1,0,1,0,0,0,0,5.17097E+20,5.62515E+21,9.24249E+15,5.07778E+16
21391,21392,6,4,12,0,2016,11,17,2,3,2,6,2,0,0,1,0,0,0,0,4.74754E+20,5.54501E+21,8.64731E+15,5.00569E+16
21392,21393,6,4,33,2,2016,11,14,6,3,2,6,0,0,0,1,0,0,0,1,4.54489E+20,5.536E+21,8.3653E+15,4.99746E+16
21393,21394,6,5,31,11,2016,11,19,4,3,2,6,2,1,0,1,0,0,0,0,4.88496E+20,5.59573E+21,8.83774E+15,5.05134E+16
21394,21395,6,4,35,6,2016,11,1,1,3,5,3,2,0,0,1,0,0,0,0,4.94037E+20,5.55844E+21,8.91649E+15,5.01781E+16
21395,21396,6,4,14,0,2016,11,14,7,3,2,6,0,1,0,1,0,0,0,0,4.4794E+20,5.54723E+21,8.27245E+15,5.00751E+16
21396,21397,6,4,33,2,2016,11,19,3,3,2,6,2,0,0,1,0,0,0,0,4.53088E+20,5.53863E+21,8.34544E+15,4.99982E+16
21397,21398,6,6,33,15,2016,11,7,5,3,5,3,0,1,0,1,0,0,0,0,5.43892E+20,5.68158E+21,9.62937E+15,5.12839E+16
21398,21399,6,5,31,13,2016,11,17,3,3,9,1,2,1,0,1,0,0,0,0,4.78571E+20,5.6146E+21,8.69668E+15,5.06828E+16
21399,21400,6,5,33,8,2016,11,19,4,3,4,1,2,1,0,1,0,0,0,0,4.36961E+20,5.57955E+21,8.11366E+15,5.03646E+16
21400,21401,6,5,34,8,2016,11,18,3,3,2,6,2,0,0,1,0,0,0,0,4.86413E+20,5.62005E+21,8.80747E+15,5.07321E+16
21401,21402,6,4,39,5,2016,11,4,3,3,8,7,2,1,0,1,0,0,0,0,4.27303E+20,5.55925E+21,7.98179E+15,5.0181E+16
21402,21403,6,4,38,2,2016,10,7,3,3,5,2,1,1,0,1,0,0,0,0,4.77556E+20,5.53939E+21,8.68678E+15,5.00064E+16
21403,21404,6,4,12,0,2016,11,17,4,3,2,3,2,1,0,1,0,0,0,0,4.77718E+20,5.54558E+21,8.68869E+15,5.00621E+16
21404,21405,6,4,11,0,2016,10,17,2,3,2,6,2,0,0,1,0,0,0,0,4.73172E+20,5.52675E+21,8.62649E+15,4.98926E+16
21405,21406,6,4,38,5,2016,11,4,7,3,0,7,2,0,0,1,0,0,1,0,4.87385E+20,5.54617E+21,8.82373E+15,5.00677E+16
21406,21407,6,4,14,0,2016,11,16,2,3,3,6,2,1,0,1,0,0,0,0,4.45741E+20,5.54755E+21,8.24167E+15,5.00778E+16
21407,21408,6,5,32,13,2016,11,15,3,3,5,2,1,1,0,1,0,0,0,0,4.65415E+20,5.61321E+21,8.51059E+15,5.06697E+16
21408,21409,6,4,32,4,2016,10,10,2,3,2,6,0,0,0,0,0,1,0,1,4.89033E+20,5.52832E+21,8.84726E+15,4.99072E+16
21409,21410,6,6,31,9,2016,10,13,2,3,0,7,0,0,0,1,0,1,0,0,5.47919E+20,5.59918E+21,9.67628E+15,5.05426E+16
21410,21411,6,4,12,0,2016,10,21,2,3,2,6,0,0,0,1,0,0,0,0,4.75557E+20,5.56185E+21,8.65746E+15,5.02083E+16
21411,21412,6,5,32,23,2016,11,16,4,3,4,6,0,1,0,1,0,0,0,1,4.66067E+20,5.60743E+21,8.52034E+15,5.06177E+16
21412,21413,6,4,32,16,2016,11,13,3,3,8,1,0,1,0,1,0,0,0,0,4.81858E+20,5.51818E+21,8.74782E+15,4.98158E+16
21413,21414,6,4,40,25,2016,11,22,6,3,9,1,2,0,0,1,0,0,0,0,4.82041E+20,5.57159E+21,8.74786E+15,5.02961E+16
21414,21415,6,4,40,7,2016,11,7,1,3,3,6,1,0,1,1,0,0,0,0,4.92759E+20,5.57858E+21,8.8982E+15,5.03592E+16
21415,21416,6,4,38,11,2016,11,18,3,3,8,1,1,0,0,1,0,0,0,0,4.92215E+20,5.54504E+21,8.89124E+15,5.00576E+16
21416,21417,6,6,11,0,2016,10,10,6,3,5,3,0,1,0,1,0,0,0,0,5.34751E+20,5.68692E+21,9.49882E+15,5.13325E+16
21417,21418,6,4,31,17,2016,10,0,3,3,2,6,2,1,0,1,0,0,0,0,4.80776E+20,5.4939E+21,8.73398E+15,4.95974E+16
21418,21419,6,4,12,0,2016,11,19,4,2,6,4,2,1,0,1,1,0,0,0,4.75973E+20,5.56128E+21,8.66332E+15,5.02032E+16
21419,21420,6,4,12,0,2016,10,20,2,3,0,7,2,0,0,1,0,0,0,0,4.76565E+20,5.55352E+21,8.67209E+15,5.01334E+16
21420,21421,6,4,39,2,2016,11,8,3,3,8,1,1,1,0,1,0,0,0,0,4.31848E+20,5.55267E+21,8.04662E+15,5.01223E+16
21421,21422,6,4,35,10,2016,10,8,2,3,2,6,0,0,0,0,0,0,1,1,5.13213E+20,5.55971E+21,9.1851E+15,5.01895E+16
21422,21423,6,5,34,14,2016,11,17,4,3,5,2,2,1,1,1,0,0,0,0,4.83531E+20,5.62613E+21,8.76637E+15,5.07867E+16
21423,21424,6,4,35,1,2016,11,21,3,3,8,1,2,1,0,1,0,0,0,0,5.22912E+20,5.565E+21,9.32128E+15,5.02367E+16
21424,21425,6,4,36,2,2016,11,12,6,3,2,6,0,1,0,1,0,0,0,0,4.5143E+20,5.55432E+21,8.32031E+15,5.01391E+16
21425,21426,6,4,12,0,2016,11,16,1,3,5,3,2,1,1,1,0,0,0,0,4.73569E+20,5.55001E+21,8.63042E+15,5.01017E+16
21426,21427,6,5,31,9,2016,11,15,3,3,5,3,0,1,0,1,0,0,0,0,4.7596E+20,5.594E+21,8.66105E+15,5.04975E+16
21427,21428,6,5,31,6,2016,10,17,7,3,2,6,0,0,0,1,0,0,0,1,4.94548E+20,5.60891E+21,8.92291E+15,5.0632E+16
21428,21429,6,4,14,0,2016,11,14,7,3,2,6,0,0,0,1,0,0,0,0,4.44181E+20,5.54616E+21,8.22008E+15,5.00651E+16
21429,21430,6,4,34,7,2016,11,9,7,3,5,2,0,1,0,1,0,0,0,0,4.64516E+20,5.57334E+21,8.50165E+15,5.03111E+16
21430,21431,6,4,12,0,2016,11,20,2,3,3,6,2,1,0,1,0,1,0,0,4.76183E+20,5.55024E+21,8.66695E+15,5.0104E+16
21431,21432,6,6,33,5,2016,11,9,2,3,4,1,0,1,0,1,0,0,0,0,5.21186E+20,5.69878E+21,9.30482E+15,5.14398E+16
21432,21433,6,6,33,3,2016,11,13,7,3,8,1,0,1,0,1,0,0,0,0,5.30969E+20,5.67846E+21,9.44381E+15,5.12567E+16
21433,21434,6,4,35,10,2016,11,17,4,3,2,6,2,0,0,1,0,0,0,0,5.1269E+20,5.56046E+21,9.1778E+15,5.01962E+16
21434,21435,6,4,38,10,2016,11,12,6,2,8,7,0,0,0,1,0,0,0,0,4.92293E+20,5.54639E+21,8.89231E+15,5.00698E+16
21435,21436,6,4,32,6,2016,11,9,5,2,5,3,0,1,1,1,0,0,0,0,4.73705E+20,5.53267E+21,8.63351E+15,4.99458E+16
21436,21437,6,4,39,8,2016,11,9,5,3,5,3,0,1,0,1,0,0,0,0,4.49164E+20,5.56507E+21,8.28717E+15,5.02356E+16
21437,21438,6,4,32,23,2016,11,18,4,3,2,6,2,0,0,1,0,0,0,0,4.71949E+20,5.52948E+21,8.60926E+15,4.9917E+16
21438,21439,6,4,38,12,2016,11,13,7,2,9,7,0,0,0,1,0,0,0,0,4.83729E+20,5.53376E+21,8.77318E+15,4.9956E+16
21439,21440,6,4,34,8,2016,11,17,5,3,5,2,2,1,0,1,0,0,0,0,4.7033E+20,5.56352E+21,8.58408E+15,5.02231E+16
21440,21441,6,5,33,7,2016,11,17,3,3,5,2,2,1,0,1,0,0,0,0,4.3306E+20,5.59052E+21,8.05686E+15,5.04629E+16
21441,21442,6,5,32,23,2016,11,7,4,3,2,6,1,0,0,1,0,0,0,0,4.6352E+20,5.60128E+21,8.48495E+15,5.05623E+16
21442,21443,6,4,35,1,2016,10,16,3,3,8,1,0,1,0,0,0,1,0,0,5.30289E+20,5.56208E+21,9.42449E+15,5.02102E+16