FID,OBJECTID,ULAND,UREGBEZ,UKREIS,UGEMEINDE,UJAHR,UMONAT,USTUNDE,UWOCHENTAG,UKATEGORIE,UART,UTYP1,ULICHTVERH,IstStrasse,IstRad,IstPKW,IstFuss,IstKrad,IstGkfz,IstSonstig,LINREFX,LINREFY,XGCSWGS84,YGCSWGS84
21443,21444,6,6,31,9,2016,11,7,5,3,2,6,0,1,0,1,0,0,0,0,5.48617E+20,5.59602E+21,9.68571E+15,5.05141E+16
21444,21445,6,5,33,6,2016,11,17,1,3,2,6,2,0,0,1,0,0,0,0,4.31505E+20,5.58446E+21,8.03607E+15,5.04082E+16
21445,21446,6,5,31,5,2016,11,7,5,2,3,6,0,1,0,1,0,1,0,0,4.77524E+20,5.60354E+21,8.68253E+15,5.05833E+16
21446,21447,6,6,32,11,2016,11,19,4,3,2,6,2,1,0,0,0,0,1,0,5.40495E+20,5.63107E+21,9.57501E+15,5.083E+16
21447,21448,6,4,34,8,2016,11,14,1,3,2,6,0,0,0,1,0,0,0,0,4.69774E+20,5.56273E+21,8.57634E+15,5.0216E+16
21448,21449,6,4,12,0,2016,11,7,7,3,8,1,1,1,0,0,0,0,1,0,4.80223E+20,5.55432E+21,8.72324E+15,5.01408E+16
21449,21450,6,6,35,21,2016,10,16,2,3,2,6,1,0,0,1,0,0,0,0,5.00846E+20,5.67682E+21,9.01212E+15,5.12427E+16
21450,21451,6,5,33,9,2016,11,18,3,2,1,5,2,1,0,1,0,0,0,0,4.36126E+20,5.58238E+21,8.10144E+15,5.039E+16
21451,21452,6,4,12,0,2016,11,14,4,2,9,7,0,1,0,1,0,0,0,0,4.76778E+20,5.5463E+21,8.67552E+15,5.00685E+16
21452,21453,6,4,31,13,2016,11,16,3,3,0,7,2,0,0,1,0,0,0,1,4.56328E+20,5.49822E+21,8.3952E+15,4.96349E+16
21453,21454,6,4,35,9,2016,10,8,3,3,5,3,0,1,0,0,0,0,1,1,5.09714E+20,5.55571E+21,9.13597E+15,5.01535E+16
21454,21455,6,6,34,13,2016,11,18,4,2,9,1,2,1,0,1,0,0,0,0,5.3822E+20,5.66084E+21,9.54583E+15,5.10978E+16
21455,21456,6,4,35,28,2016,10,14,2,3,1,1,0,0,0,0,0,1,0,1,5.35917E+20,5.57255E+21,9.50435E+15,5.0304E+16
21456,21457,6,5,33,9,2016,11,17,3,2,6,4,2,1,0,1,1,0,0,0,4.33305E+20,5.58495E+21,8.06131E+15,5.04128E+16
21457,21458,6,5,31,17,2016,11,22,6,3,8,1,2,1,0,1,0,0,0,0,4.80147E+20,5.61377E+21,8.71903E+15,5.06754E+16
21458,21459,6,4,11,0,2016,11,16,2,3,3,6,2,0,1,1,0,0,0,0,4.74445E+20,5.52447E+21,8.64436E+15,4.98721E+16
21459,21460,6,5,34,18,2016,11,5,3,3,2,2,2,1,0,1,0,0,0,0,5.00735E+20,5.62873E+21,9.01044E+15,5.08103E+16
21460,21461,6,4,31,2,2016,10,8,2,3,0,6,0,0,1,1,0,0,0,0,4.73205E+20,5.50251E+21,8.62861E+15,4.96746E+16
21461,21462,6,5,32,3,2016,10,20,2,2,6,3,2,0,0,1,1,0,0,0,4.57105E+20,5.59647E+21,8.39493E+15,5.05186E+16
21462,21463,6,6,34,9,2016,10,18,1,3,8,1,2,0,0,1,0,0,0,0,5.26928E+20,5.65689E+21,9.38428E+15,5.10629E+16
21463,21464,6,4,12,0,2016,11,20,4,3,3,6,2,1,0,1,0,0,1,0,4.70461E+20,5.54467E+21,8.58737E+15,5.00536E+16
21464,21465,6,6,35,11,2016,10,13,5,3,5,3,0,0,0,1,0,0,0,0,4.91022E+20,5.65754E+21,8.87186E+15,5.10693E+16
21465,21466,6,5,34,7,2016,11,7,3,3,2,6,1,1,0,1,0,0,0,0,4.69549E+20,5.6345E+21,8.56732E+15,5.08613E+16
21466,21467,6,4,40,8,2016,10,19,1,3,5,3,2,0,0,1,0,0,0,0,4.82382E+20,5.57752E+21,8.75237E+15,5.03495E+16
21467,21468,6,6,34,2,2016,10,18,7,3,5,3,2,0,0,1,0,0,0,0,5.29489E+20,5.67515E+21,9.42232E+15,5.1227E+16
21468,21469,6,6,31,6,2016,11,14,6,2,5,3,0,1,0,1,0,0,0,0,5.50122E+20,5.59078E+21,9.70624E+15,5.04669E+16
21469,21470,6,4,38,9,2016,11,18,1,2,2,6,2,0,0,1,0,0,0,0,4.80354E+20,5.54546E+21,8.72552E+15,5.00611E+16
21470,21471,6,5,31,5,2016,11,13,3,3,7,1,0,1,0,1,0,0,1,0,4.70627E+20,5.59798E+21,8.58555E+15,5.0533E+16
21471,21472,6,6,32,18,2016,10,21,6,2,5,3,2,0,0,1,0,0,0,1,5.53736E+20,5.64941E+21,9.7657E+15,5.09937E+16
21472,21473,6,4,14,0,2016,11,16,6,3,6,2,2,1,0,1,1,0,0,0,4.46635E+20,5.54717E+21,8.25422E+15,5.00744E+16
21473,21474,6,5,32,22,2016,11,23,7,3,8,1,2,1,0,1,0,0,0,0,4.6297E+20,5.58493E+21,8.4788E+15,5.04152E+16
21474,21475,6,4,40,16,2016,10,5,3,3,5,3,2,1,0,1,0,0,0,0,5.01445E+20,5.58769E+21,9.02036E+15,5.04412E+16
21475,21476,6,4,38,9,2016,11,17,2,3,2,7,2,0,0,1,0,0,0,0,4.78986E+20,5.54407E+21,8.70648E+15,5.00486E+16
21476,21477,6,4,32,16,2016,11,13,6,3,3,6,0,1,0,1,0,0,0,0,4.8351E+20,5.51828E+21,8.77077E+15,4.98167E+16
21477,21478,6,4,31,2,2016,11,18,2,3,2,6,2,0,0,1,0,0,0,1,4.71283E+20,5.50238E+21,8.60199E+15,4.96733E+16
21478,21479,6,4,40,17,2016,11,1,1,2,8,1,2,1,0,1,0,0,0,0,4.86961E+20,5.57262E+21,8.8169E+15,5.03056E+16
21479,21480,6,6,11,0,2016,11,3,6,2,5,3,2,1,0,1,0,0,0,0,5.35914E+20,5.68752E+21,9.51557E+15,5.13378E+16
21480,21481,6,6,31,15,2016,11,10,6,3,5,3,0,0,0,1,0,0,1,0,5.55473E+20,5.61685E+21,9.78552E+15,5.07008E+16
21481,21482,6,6,31,11,2016,10,10,3,2,9,1,0,1,0,1,0,0,0,0,5.359E+20,5.60639E+21,9.50736E+15,5.06083E+16
21482,21483,6,6,34,5,2016,11,18,5,3,8,1,2,1,0,1,0,0,0,0,5.17312E+20,5.6635E+21,9.24737E+15,5.11227E+16
21483,21484,6,4,38,10,2016,11,18,5,3,2,6,2,0,0,1,0,0,0,0,4.92227E+20,5.54571E+21,8.89139E+15,5.00636E+16
21484,21485,6,4,37,3,2016,11,15,4,3,2,6,0,1,0,1,0,0,0,0,4.90431E+20,5.51459E+21,8.86708E+15,4.97837E+16
21485,21486,6,4,33,11,2016,11,16,5,3,8,1,0,1,0,1,0,0,0,0,4.59925E+20,5.52119E+21,8.44264E+15,4.98418E+16
21486,21487,6,6,33,5,2016,11,16,3,3,8,1,0,0,0,1,0,0,0,0,5.25355E+20,5.6954E+21,9.36455E+15,5.14093E+16
21487,21488,6,6,32,19,2016,11,20,3,2,8,1,2,1,0,1,0,0,0,0,5.58382E+20,5.63244E+21,9.82919E+15,5.08407E+16
21488,21489,6,5,31,9,2016,10,20,6,3,1,1,2,0,0,1,0,0,0,0,4.688E+20,5.58854E+21,8.56055E+15,5.0448E+16
21489,21490,6,5,31,14,2016,11,16,5,2,2,6,2,1,0,1,0,0,0,0,4.8286E+20,5.59672E+21,8.75821E+15,5.05222E+16
21490,21491,6,6,11,0,2016,11,15,5,3,2,6,0,1,0,1,0,0,0,1,5.35962E+20,5.68609E+21,9.51612E+15,5.13249E+16
21491,21492,6,6,33,20,2016,11,2,7,1,3,6,2,0,0,0,0,0,1,1,5.40395E+20,5.68673E+21,9.57981E+15,5.13304E+16
21492,21493,6,5,33,3,2016,11,17,4,3,4,1,2,0,0,1,0,0,0,0,4.4704E+20,5.57295E+21,8.25628E+15,5.03063E+16
21493,21494,6,4,38,6,2016,11,6,4,2,5,3,2,0,0,1,0,0,0,0,4.77997E+20,5.53743E+21,8.69306E+15,4.99888E+16
21494,21495,6,4,12,0,2016,11,13,7,3,2,6,0,0,0,1,0,0,0,0,4.73952E+20,5.5604E+21,8.63506E+15,5.01952E+16
21495,21496,6,4,12,0,2016,11,17,2,3,5,7,2,0,1,1,0,0,0,0,4.70449E+20,5.54488E+21,8.58719E+15,5.00555E+16
21496,21497,6,5,35,13,2016,11,18,1,3,3,6,2,0,0,1,0,0,0,0,4.98187E+20,5.60991E+21,8.97436E+15,5.06411E+16
21497,21498,6,4,39,8,2016,11,19,3,2,2,2,2,0,0,1,0,0,0,0,4.48302E+20,5.56339E+21,8.27532E+15,5.02204E+16
21498,21499,6,6,33,9,2016,11,17,7,2,4,1,2,0,0,1,0,0,0,0,5.36606E+20,5.69055E+21,9.52582E+15,5.13651E+16
21499,21500,6,4,34,2,2016,11,23,7,1,6,4,2,0,0,1,0,0,0,1,4.75974E+20,5.5665E+21,8.663E+15,5.02501E+16
21500,21501,6,4,35,14,2016,11,8,6,3,5,2,0,0,0,1,0,0,0,0,4.95546E+20,5.5545E+21,8.93767E+15,5.01427E+16
21501,21502,6,6,34,17,2016,11,13,2,3,5,3,0,0,0,1,0,0,0,0,5.2412E+20,5.63484E+21,9.34275E+15,5.08647E+16
21502,21503,6,5,32,23,2016,11,10,5,3,3,6,0,0,0,1,0,0,0,0,4.64416E+20,5.60082E+21,8.49764E+15,5.05583E+16
21503,21504,6,5,32,8,2016,11,4,2,2,5,2,2,0,0,1,0,0,1,0,4.56487E+20,5.60677E+21,8.38501E+15,5.06112E+16
21504,21505,6,6,31,20,2016,11,17,2,3,5,3,2,0,0,1,0,1,0,0,5.53451E+20,5.6037E+21,9.755E+15,5.05827E+16
21505,21506,6,4,32,8,2016,11,7,4,3,5,3,1,0,0,1,0,0,0,1,4.70639E+20,5.52366E+21,8.59146E+15,4.98646E+16
21506,21507,6,4,35,6,2016,11,8,6,3,2,6,0,0,0,1,0,1,0,0,4.93494E+20,5.55569E+21,8.90893E+15,5.01534E+16
21507,21508,6,6,11,0,2016,11,5,1,2,1,1,2,1,0,1,0,0,1,0,5.34306E+20,5.68604E+21,9.49234E+15,5.13247E+16
21508,21509,6,5,31,6,2016,11,7,4,3,5,2,1,1,0,1,0,0,0,0,4.98365E+20,5.60437E+21,8.9769E+15,5.05913E+16
21509,21510,6,4,35,5,2016,11,10,3,3,5,2,0,0,0,1,0,0,0,0,5.21206E+20,5.57261E+21,9.29778E+15,5.03052E+16
21510,21511,6,6,11,0,2016,11,12,7,3,5,3,0,0,0,1,0,0,0,1,5.33921E+20,5.68403E+21,9.48663E+15,5.13065E+16
21511,21512,6,4,35,14,2016,11,17,6,2,2,6,2,0,0,1,0,0,0,0,4.96755E+20,5.55477E+21,8.95458E+15,5.01451E+16
21512,21513,6,4,39,6,2016,11,10,2,2,8,1,0,0,0,1,0,0,0,0,4.33654E+20,5.56426E+21,8.06985E+15,5.02268E+16
21513,21514,6,4,12,0,2016,11,8,2,2,2,6,0,0,0,1,0,0,0,0,4.7473E+20,5.56106E+21,8.64592E+15,5.02012E+16
21514,21515,6,6,34,5,2016,12,13,5,3,9,1,0,1,0,1,0,0,0,0,5.22204E+20,5.66697E+21,9.31748E+15,5.11537E+16
21515,21516,6,5,31,13,2016,11,18,6,3,5,3,2,0,0,1,0,0,0,0,4.7923E+20,5.61344E+21,8.70607E+15,5.06724E+16
21516,21517,6,4,36,7,2016,11,19,4,3,2,6,2,0,0,1,0,0,0,0,4.57088E+20,5.54498E+21,8.40054E+15,5.00555E+16
21517,21518,6,6,36,3,2016,11,17,6,2,6,3,2,0,0,1,1,0,0,0,5.73168E+20,5.671E+21,1.00469E+16,5.11857E+16
21518,21519,6,5,33,3,2016,12,6,5,3,3,6,2,0,0,0,0,0,1,1,4.45187E+20,5.57348E+21,8.2302E+15,5.03109E+16
21519,21520,6,5,35,8,2016,11,20,6,3,4,1,2,0,0,1,0,0,1,0,5.24502E+20,5.60146E+21,9.34596E+15,5.05645E+16
21520,21521,6,5,33,4,2016,11,17,6,2,6,4,2,0,0,1,1,0,0,0,4.30615E+20,5.59465E+21,8.02165E+15,5.04998E+16
21521,21522,6,4,12,0,2016,11,18,7,3,5,3,2,0,0,1,0,0,0,0,4.83949E+20,5.5563E+21,8.77529E+15,5.01587E+16
21522,21523,6,5,35,13,2016,11,19,2,3,8,1,2,0,0,1,0,0,1,0,4.97903E+20,5.60985E+21,8.97035E+15,5.06405E+16
21523,21524,6,4,34,4,2016,11,17,1,2,2,6,1,0,0,1,0,0,0,1,4.61334E+20,5.57926E+21,8.45636E+15,5.03642E+16
21524,21525,6,4,34,8,2016,12,8,5,3,2,6,0,0,0,1,0,0,0,0,4.66262E+20,5.56307E+21,8.52709E+15,5.02189E+16
21525,21526,6,4,33,6,2016,11,22,4,3,2,6,2,0,0,1,0,0,0,0,4.62646E+20,5.53195E+21,8.47944E+15,4.99388E+16
21526,21527,6,6,11,0,2016,12,0,5,2,8,1,2,1,0,1,0,0,0,0,5.36196E+20,5.68487E+21,9.51935E+15,5.1314E+16
21527,21528,6,5,33,9,2016,11,15,6,3,2,6,0,0,0,1,0,0,0,0,4.34376E+20,5.5845E+21,8.07647E+15,5.04088E+16
21528,21529,6,6,35,18,2016,11,9,4,2,5,3,0,1,1,0,0,0,1,0,4.93315E+20,5.68376E+21,8.9041E+15,5.13051E+16
21529,21530,6,6,34,5,2016,11,16,4,3,9,1,2,2,0,1,0,0,0,0,5.16825E+20,5.66859E+21,9.24066E+15,5.11685E+16
21530,21531,6,6,33,17,2016,11,7,6,2,6,4,1,0,0,0,1,1,0,0,5.39164E+20,5.67981E+21,9.56138E+15,5.12683E+16
21531,21532,6,4,40,23,2016,11,8,3,3,2,6,0,0,0,1,0,0,0,0,4.78241E+20,5.5713E+21,8.69452E+15,5.02934E+16
21532,21533,6,4,35,10,2016,11,0,1,2,2,6,2,0,0,1,0,0,0,0,5.12488E+20,5.55988E+21,9.17495E+15,5.0191E+16
21533,21534,6,4,12,0,2016,11,10,2,3,9,1,0,1,0,1,0,0,0,0,4.7847E+20,5.54804E+21,8.69906E+15,5.00843E+16
21534,21535,6,6,11,0,2016,11,13,3,3,3,3,0,0,0,1,0,0,1,0,5.38252E+20,5.68426E+21,9.54879E+15,5.13084E+16
21535,21536,6,6,31,18,2016,11,1,1,3,4,1,2,0,0,1,0,0,0,0,5.43545E+20,5.58788E+21,9.61323E+15,5.04414E+16
21536,21537,6,4,33,2,2016,12,18,5,3,0,7,2,0,0,0,0,0,0,1,4.53796E+20,5.53757E+21,8.35544E+15,4.99887E+16
21537,21538,6,4,14,0,2016,11,17,2,2,6,2,2,0,0,1,1,0,0,0,4.49864E+20,5.53901E+21,8.30041E+15,5.00013E+16
21538,21539,6,4,12,0,2016,11,7,3,3,5,2,1,0,1,1,0,0,0,0,4.77459E+20,5.55396E+21,8.68458E+15,5.01375E+16
21539,21540,6,6,32,16,2016,11,14,3,3,5,3,0,0,0,1,0,0,0,0,5.67189E+20,5.63408E+21,9.95455E+15,5.08545E+16
21540,21541,6,6,11,0,2016,11,16,6,3,2,3,1,0,0,1,0,0,0,0,5.37071E+20,5.68278E+21,9.53169E+15,5.12952E+16
21541,21542,6,6,11,0,2016,11,20,6,3,6,4,2,0,0,0,1,0,0,1,5.33708E+20,5.68519E+21,9.48368E+15,5.1317E+16
21542,21543,6,4,36,3,2016,11,18,4,3,2,6,2,0,0,1,0,0,0,0,4.69861E+20,5.55411E+21,8.57824E+15,5.01385E+16
21543,21544,6,4,34,6,2016,11,17,4,3,5,3,2,0,0,1,0,0,0,0,4.65257E+20,5.55961E+21,8.51332E+15,5.01876E+16
21544,21545,6,6,11,0,2016,11,14,6,3,2,6,0,0,0,1,0,0,0,0,5.34066E+20,5.68419E+21,9.48872E+15,5.1308E+16
21545,21546,6,5,33,8,2016,11,13,2,2,0,1,0,0,0,0,0,1,0,0,4.41574E+20,5.57552E+21,8.17914E+15,5.03289E+16
21546,21547,6,6,35,19,2016,11,12,7,2,8,1,0,0,0,1,0,0,0,0,4.92273E+20,5.67137E+21,8.88941E+15,5.11937E+16
21547,21548,6,4,38,13,2016,11,17,3,3,5,2,1,0,0,1,0,0,0,0,4.96999E+20,5.54375E+21,8.95809E+15,5.0046E+16
21548,21549,6,4,14,0,2016,11,7,7,2,6,4,1,0,0,1,1,0,0,0,4.48461E+20,5.53979E+21,8.28074E+15,5.00082E+16
21549,21550,6,4,14,0,2016,11,16,6,3,2,6,2,0,0,1,0,0,0,0,4.50036E+20,5.53973E+21,8.30272E+15,5.00078E+16
21550,21551,6,4,14,0,2016,11,18,6,3,2,6,2,0,0,1,0,0,0,0,4.44793E+20,5.54505E+21,8.22879E+15,5.00552E+16
21551,21552,6,6,35,2,2016,11,13,2,3,2,6,0,0,0,1,0,0,0,1,5.01197E+20,5.69194E+21,9.0172E+15,5.13787E+16
21552,21553,6,4,38,13,2016,11,20,5,3,3,6,2,0,0,1,0,0,0,0,5.02167E+20,5.53982E+21,9.03024E+15,5.00107E+16
21553,21554,6,4,14,0,2016,11,17,7,3,5,2,2,0,0,1,0,0,0,0,4.48247E+20,5.54834E+21,8.27659E+15,5.00851E+16
21554,21555,6,4,14,0,2016,11,19,6,3,2,6,2,0,0,1,0,0,0,0,4.46282E+20,5.54646E+21,8.24939E+15,5.0068E+16
21555,21556,6,4,14,0,2016,11,16,6,3,1,3,2,0,1,1,0,0,0,0,4.46481E+20,5.54591E+21,8.25225E+15,5.0063E+16
21556,21557,6,4,12,0,2016,11,17,5,3,3,6,2,0,0,1,0,0,0,0,4.68214E+20,5.55245E+21,8.55534E+15,5.01235E+16
21557,21558,6,4,36,8,2016,11,5,2,3,5,3,2,0,0,1,0,0,0,1,4.60757E+20,5.55392E+21,8.45088E+15,5.01362E+16
21558,21559,6,4,32,10,2016,11,19,4,3,5,3,2,0,0,1,0,0,0,0,4.95851E+20,5.5204E+21,8.9423E+15,4.9836E+16
21559,21560,6,4,12,0,2016,11,11,6,3,5,3,0,0,0,1,0,0,0,0,4.78009E+20,5.55057E+21,8.69246E+15,5.01069E+16
21560,21561,6,4,40,18,2016,11,17,3,3,4,6,2,1,0,1,0,0,0,0,4.78803E+20,5.58376E+21,8.70171E+15,5.04055E+16
21561,21562,6,4,12,0,2016,11,20,7,3,2,6,2,0,0,1,0,0,0,0,4.76194E+20,5.54987E+21,8.66712E+15,5.01006E+16
21562,21563,6,4,12,0,2016,11,11,6,3,5,3,0,0,1,1,0,0,1,0,4.74467E+20,5.5494E+21,8.64302E+15,5.00963E+16
21563,21564,6,5,32,23,2016,11,10,7,3,5,3,0,0,0,1,0,0,0,0,4.66935E+20,5.60368E+21,8.53294E+15,5.05841E+16
21564,21565,6,4,34,8,2016,11,9,2,3,2,6,0,0,0,1,0,0,0,0,4.73215E+20,5.56191E+21,8.62464E+15,5.02088E+16
21565,21566,6,4,39,3,2016,12,16,5,3,6,4,1,0,1,0,1,0,0,0,4.35253E+20,5.5414E+21,8.09615E+15,5.00214E+16
21566,21567,6,4,37,11,2016,11,19,6,2,6,4,2,0,0,1,1,0,0,0,4.99964E+20,5.50243E+21,8.9995E+15,4.96744E+16
21567,21568,6,5,33,3,2016,11,3,4,2,8,1,2,2,0,1,0,0,0,0,4.44591E+20,5.57464E+21,8.22165E+15,5.03213E+16
21568,21569,6,4,33,13,2016,11,1,2,3,8,1,2,1,0,1,0,0,0,0,4.62568E+20,5.518E+21,8.47971E+15,4.98133E+16
21569,21570,6,5,31,5,2016,11,0,2,3,1,6,2,0,0,1,0,0,0,0,4.78199E+20,5.60216E+21,8.69214E+15,5.05709E+16
21570,21571,6,6,33,10,2016,12,6,5,2,5,3,2,1,1,1,0,0,0,0,5.29117E+20,5.6996E+21,9.41899E+15,5.14469E+16
21571,21572,6,6,31,15,2016,11,19,4,3,7,7,2,0,0,1,0,0,0,0,5.55717E+20,5.61103E+21,9.78809E+15,5.06485E+16
21572,21573,6,4,11,0,2016,11,21,6,3,0,7,2,0,1,0,0,0,0,1,4.74619E+20,5.52379E+21,8.64683E+15,4.9866E+16
21573,21574,6,4,11,0,2016,11,12,1,3,5,3,0,0,0,1,0,0,0,0,4.77015E+20,5.52396E+21,8.68016E+15,4.98676E+16
21574,21575,6,6,32,11,2016,11,10,4,3,2,6,0,0,0,1,0,0,1,0,5.40771E+20,5.63162E+21,9.57898E+15,5.08349E+16
21575,21576,6,4,11,0,2016,11,14,6,3,4,3,0,0,1,1,0,0,0,0,4.75663E+20,5.52513E+21,8.66128E+15,4.9878E+16
21576,21577,6,4,12,0,2016,12,18,5,3,2,6,2,0,0,1,0,0,0,0,4.70716E+20,5.55372E+21,8.59024E+15,5.0135E+16
21577,21578,6,6,34,21,2016,11,9,6,3,0,1,0,0,0,0,0,1,0,0,5.2049E+20,5.63394E+21,9.29111E+15,5.08568E+16
21578,21579,6,4,35,8,2016,11,0,1,3,4,2,2,0,0,1,0,0,0,0,5.32951E+20,5.54954E+21,9.46071E+15,5.00972E+16
21579,21580,6,4,35,10,2016,12,18,5,3,2,6,2,0,0,1,0,0,0,1,5.12745E+20,5.56016E+21,9.17855E+15,5.01935E+16
21580,21581,6,4,35,17,2016,11,13,3,3,5,2,0,0,0,1,0,0,0,0,5.04371E+20,5.561E+21,9.06125E+15,5.02011E+16
21581,21582,6,6,34,3,2016,12,15,5,3,4,1,0,1,0,1,0,0,0,1,5.33018E+20,5.66622E+21,9.47203E+15,5.11465E+16
21582,21583,6,6,35,1,2016,11,1,6,3,7,7,2,0,0,1,0,0,0,0,4.75388E+20,5.65495E+21,8.64891E+15,5.10456E+16
21583,21584,6,5,33,7,2016,11,12,4,3,5,3,0,0,0,1,0,0,0,0,4.33157E+20,5.59173E+21,8.05802E+15,5.04738E+16
21584,21585,6,4,14,0,2016,12,10,5,3,3,6,0,0,0,1,0,0,1,0,4.46654E+20,5.54543E+21,8.25472E+15,5.00588E+16
21585,21586,6,4,35,28,2016,11,22,6,3,8,1,2,0,0,1,0,0,0,0,5.30253E+20,5.57636E+21,9.42512E+15,5.03386E+16
21586,21587,6,5,31,6,2016,12,14,5,3,2,6,0,1,0,1,0,0,0,0,4.94522E+20,5.60889E+21,8.92254E+15,5.06319E+16
21587,21588,6,4,35,19,2016,11,16,6,3,6,4,1,0,0,1,1,0,0,0,4.89126E+20,5.55331E+21,8.84785E+15,5.01319E+16
21588,21589,6,5,32,9,2016,11,15,3,2,5,2,0,0,0,1,0,0,0,0,4.55379E+20,5.62977E+21,8.36657E+15,5.0818E+16
21589,21590,6,5,31,11,2016,11,0,1,3,8,1,2,0,0,1,0,0,0,0,4.87834E+20,5.59711E+21,8.82836E+15,5.05258E+16
21590,21591,6,5,31,16,2016,12,21,5,3,8,1,2,1,0,1,0,0,0,0,4.88181E+20,5.60489E+21,8.83301E+15,5.05957E+16
21591,21592,6,4,13,0,2016,11,16,2,3,3,6,0,0,0,1,0,0,0,0,4.88354E+20,5.54826E+21,8.83721E+15,5.00865E+16
21592,21593,6,4,12,0,2016,11,11,3,3,2,6,0,0,0,1,0,0,0,0,4.82076E+20,5.55268E+21,8.74924E+15,5.01261E+16
21593,21594,6,4,14,0,2016,11,11,3,3,6,2,0,0,0,1,1,0,0,0,4.42674E+20,5.5439E+21,8.19936E+15,5.00447E+16
21594,21595,6,4,12,0,2016,11,17,7,3,6,4,2,0,0,1,1,0,0,0,4.79657E+20,5.5512E+21,8.71548E+15,5.01127E+16
21595,21596,6,4,34,4,2016,11,15,6,3,5,3,0,0,0,1,0,0,0,0,4.56518E+20,5.5818E+21,8.38835E+15,5.03866E+16
21596,21597,6,4,36,7,2016,11,15,6,3,5,3,0,0,1,1,0,0,0,0,4.61411E+20,5.55021E+21,8.4604E+15,5.01029E+16
21597,21598,6,4,11,0,2016,11,19,4,3,3,2,2,0,0,1,0,0,0,1,4.74545E+20,5.52406E+21,8.64579E+15,4.98684E+16
21598,21599,6,4,12,0,2016,11,19,5,3,2,6,2,0,0,1,0,0,0,1,4.75646E+20,5.54545E+21,8.65975E+15,5.00608E+16
21599,21600,6,4,13,0,2016,11,17,2,3,2,6,2,0,0,1,0,1,0,0,4.84034E+20,5.54521E+21,8.77695E+15,5.0059E+16
21600,21601,6,4,31,11,2016,11,18,4,3,2,6,2,0,0,1,0,0,0,0,4.7353E+20,5.49896E+21,8.63337E+15,4.96426E+16
21601,21602,6,4,31,7,2016,11,18,6,3,8,1,2,0,0,1,0,0,0,0,4.86959E+20,5.50166E+21,8.81928E+15,4.96673E+16
21602,21603,6,4,39,15,2016,11,18,4,3,4,6,2,0,0,1,0,0,0,0,4.40168E+20,5.55407E+21,8.16277E+15,5.01358E+16
21603,21604,6,4,31,11,2016,11,17,6,3,5,3,2,0,0,1,0,1,0,0,4.73977E+20,5.49916E+21,8.63954E+15,4.96444E+16
21604,21605,6,6,31,9,2016,11,12,3,3,2,6,0,0,0,1,0,0,0,0,5.48008E+20,5.59987E+21,9.67762E+15,5.05488E+16
21605,21606,6,4,36,6,2016,11,2,1,3,2,6,2,0,0,1,0,0,0,0,4.56663E+20,5.545E+21,8.3946E+15,5.00557E+16
21606,21607,6,6,11,0,2016,11,7,3,3,5,2,0,0,1,0,0,0,0,1,5.30718E+20,5.68698E+21,9.44093E+15,5.13333E+16
21607,21608,6,4,37,7,2016,11,2,7,2,6,6,2,0,0,0,1,0,0,1,4.8933E+20,5.5093E+21,8.85192E+15,4.97361E+16
21608,21609,6,4,31,11,2016,11,21,6,3,5,3,2,0,0,1,0,0,0,0,4.72901E+20,5.49908E+21,8.62464E+15,4.96436E+16
21609,21610,6,5,32,11,2016,11,14,6,3,5,3,0,0,0,1,0,0,0,0,4.48572E+20,5.6293E+21,8.27001E+15,5.08132E+16
21610,21611,6,4,32,23,2016,11,19,2,3,2,6,0,0,0,1,0,0,0,0,4.7043E+20,5.52758E+21,8.58825E+15,4.98998E+16
21611,21612,6,4,36,6,2016,11,17,5,3,2,6,2,0,0,1,0,0,0,0,4.56707E+20,5.545E+21,8.39521E+15,5.00557E+16
21612,21613,6,4,37,9,2016,11,6,2,3,1,1,2,2,0,1,0,0,0,1,4.96835E+20,5.51373E+21,8.95604E+15,4.9776E+16
21613,21614,6,6,31,17,2016,11,16,2,3,2,6,1,0,0,1,0,0,0,1,5.56495E+20,5.59445E+21,9.79658E+15,5.04993E+16
21614,21615,6,4,32,18,2016,11,18,4,3,2,6,2,0,0,1,0,0,0,0,4.68551E+20,5.51671E+21,8.56298E+15,4.9802E+16
21615,21616,6,4,38,1,2016,11,22,6,3,3,6,2,0,0,1,0,0,0,0,4.84067E+20,5.54003E+21,8.77763E+15,5.00124E+16
21616,21617,6,6,11,0,2016,11,19,1,3,7,1,2,1,1,0,0,0,0,0,5.35966E+20,5.6844E+21,9.516E+15,5.13097E+16
21617,21618,6,4,38,10,2016,11,19,3,3,2,6,2,0,0,1,0,0,0,0,4.89867E+20,5.54699E+21,8.85839E+15,5.00751E+16
21618,21619,6,6,33,2,2016,11,7,7,2,9,1,1,0,0,1,0,0,0,0,5.30136E+20,5.71838E+21,9.43525E+15,5.16156E+16
21619,21620,6,4,38,1,2016,11,16,6,2,5,3,1,0,0,0,0,1,0,1,4.84463E+20,5.54118E+21,8.78311E+15,5.00227E+16
21620,21621,6,5,35,1,2016,11,15,6,3,2,2,0,0,0,1,0,0,0,0,5.18552E+20,5.62168E+21,9.26295E+15,5.07466E+16
21621,21622,6,4,39,6,2016,11,20,2,3,8,1,2,0,0,1,0,0,0,0,4.36167E+20,5.56524E+21,8.10492E+15,5.02359E+16
21622,21623,6,4,38,5,2016,11,13,2,3,2,6,0,0,0,1,0,0,1,0,4.84964E+20,5.54617E+21,8.7899E+15,5.00676E+16