FID,OBJECTID,ULAND,UREGBEZ,UKREIS,UGEMEINDE,UJAHR,UMONAT,USTUNDE,UWOCHENTAG,UKATEGORIE,UART,UTYP1,ULICHTVERH,IstStrasse,IstRad,IstPKW,IstFuss,IstKrad,IstGkfz,IstSonstig,LINREFX,LINREFY,XGCSWGS84,YGCSWGS84
21623,21624,6,6,32,3,2016,12,13,5,3,6,2,0,0,0,1,1,0,0,0,5.55655E+20,5.646E+21,9.79252E+15,5.09629E+16
21624,21625,6,4,33,5,2016,11,16,6,3,2,6,2,0,0,1,0,0,0,0,4.52831E+20,5.53599E+21,8.34217E+15,4.99744E+16
21625,21626,6,4,12,0,2016,11,9,4,3,9,1,0,0,0,1,0,0,0,0,4.74831E+20,5.56084E+21,8.64734E+15,5.01992E+16
21626,21627,6,5,34,16,2016,11,5,6,3,3,6,2,0,0,1,0,0,1,0,5.05377E+20,5.63242E+21,9.07637E+15,5.08434E+16
21627,21628,6,4,12,0,2016,12,9,5,3,2,6,0,1,0,1,0,0,0,0,4.73572E+20,5.56006E+21,8.62976E+15,5.01922E+16
21628,21629,6,6,31,16,2016,11,11,6,3,0,7,0,0,0,1,0,0,0,0,5.45834E+20,5.58587E+21,9.64522E+15,5.04231E+16
21629,21630,6,6,31,10,2016,11,20,1,3,0,1,2,2,0,0,0,1,0,0,5.58424E+20,5.58905E+21,9.82294E+15,5.04505E+16
21630,21631,6,4,31,13,2016,12,13,5,2,6,4,0,0,0,1,1,0,0,0,4.56833E+20,5.50036E+21,8.40194E+15,4.96543E+16
21631,21632,6,6,33,7,2016,11,8,2,3,8,1,0,1,0,1,0,0,0,0,5.33117E+20,5.69324E+21,9.47595E+15,5.13894E+16
21632,21633,6,5,32,23,2016,11,12,6,3,2,6,0,0,0,1,0,1,0,0,4.64458E+20,5.60015E+21,8.49829E+15,5.05522E+16
21633,21634,6,4,33,8,2016,11,14,2,3,2,6,0,0,0,1,0,0,0,0,4.71297E+20,5.53758E+21,8.59958E+15,4.99898E+16
21634,21635,6,4,38,13,2016,11,15,1,3,5,2,0,0,0,1,0,0,0,0,4.95599E+20,5.54171E+21,8.93856E+15,5.00277E+16
21635,21636,6,4,34,7,2016,12,11,5,1,9,1,0,0,0,1,0,0,0,0,4.65968E+20,5.57086E+21,8.52227E+15,5.02889E+16
21636,21637,6,4,32,18,2016,11,20,4,2,2,6,2,0,0,1,0,0,1,1,4.69469E+20,5.51742E+21,8.57568E+15,4.98085E+16
21637,21638,6,4,12,0,2016,12,7,5,3,5,3,0,0,0,1,0,0,0,1,4.7546E+20,5.54766E+21,8.65701E+15,5.00807E+16
21638,21639,6,4,14,0,2016,11,10,6,3,6,2,0,0,0,1,1,0,0,0,4.44199E+20,5.54752E+21,8.22014E+15,5.00773E+16
21639,21640,6,4,35,17,2016,11,8,4,3,5,3,0,0,0,1,0,0,0,0,5.01453E+20,5.55872E+21,9.02035E+15,5.01807E+16
21640,21641,6,6,11,0,2016,11,18,4,2,5,3,2,0,1,1,0,0,0,0,5.31737E+20,5.68675E+21,9.45554E+15,5.13312E+16
21641,21642,6,4,38,11,2016,11,17,6,3,3,6,1,0,0,1,0,0,0,0,4.91718E+20,5.5452E+21,8.8843E+15,5.0059E+16
21642,21643,6,4,32,18,2016,11,17,3,3,5,3,2,0,0,1,0,0,0,0,4.69906E+20,5.51695E+21,8.58178E+15,4.98043E+16
21643,21644,6,4,35,14,2016,11,17,1,2,9,1,2,1,0,0,0,1,0,0,4.96914E+20,5.55474E+21,8.95682E+15,5.01448E+16
21644,21645,6,5,31,4,2016,12,18,5,3,5,2,2,0,0,1,0,0,0,0,4.83365E+20,5.60413E+21,8.76501E+15,5.05888E+16
21645,21646,6,4,12,0,2016,11,16,2,2,5,3,1,0,1,1,0,0,0,0,4.73106E+20,5.55931E+21,8.62328E+15,5.01854E+16
21646,21647,6,4,12,0,2016,11,19,3,2,6,4,2,0,0,1,1,0,0,0,4.77165E+20,5.55107E+21,8.68063E+15,5.01115E+16
21647,21648,6,6,33,5,2016,11,19,7,3,5,3,2,1,0,1,0,0,0,1,5.26929E+20,5.69589E+21,9.38722E+15,5.14135E+16
21648,21649,6,4,35,14,2016,11,10,6,3,2,6,0,0,0,1,0,0,0,0,4.98977E+20,5.55395E+21,8.98568E+15,5.01378E+16
21649,21650,6,4,12,0,2016,11,19,6,3,9,1,2,0,0,1,0,0,0,0,4.70766E+20,5.55352E+21,8.59096E+15,5.01332E+16
21650,21651,6,4,36,12,2016,11,16,3,3,2,6,1,0,0,1,0,0,0,0,4.66446E+20,5.55183E+21,8.53066E+15,5.01178E+16
21651,21652,6,5,31,5,2016,11,17,3,3,3,6,2,0,1,1,0,0,0,0,4.83208E+20,5.60578E+21,8.7627E+15,5.06037E+16
21652,21653,6,4,33,7,2016,11,15,6,3,3,6,0,0,0,1,0,0,1,0,4.67301E+20,5.5439E+21,8.5433E+15,5.00465E+16
21653,21654,6,4,14,0,2016,11,16,4,3,8,6,1,0,0,1,0,0,0,1,4.43913E+20,5.54748E+21,8.21614E+15,5.0077E+16
21654,21655,6,4,34,10,2016,11,17,4,2,5,2,1,0,0,1,0,1,0,0,4.69224E+20,5.55735E+21,8.56907E+15,5.01675E+16
21655,21656,6,4,12,0,2016,11,19,6,3,2,6,2,0,0,1,0,0,0,0,4.74748E+20,5.54501E+21,8.64723E+15,5.00568E+16
21656,21657,6,4,35,7,2016,11,14,2,3,5,3,0,0,0,1,0,0,0,0,4.9831E+20,5.55673E+21,8.97634E+15,5.01627E+16
21657,21658,6,5,31,2,2016,11,15,7,2,4,6,0,0,0,1,0,1,0,0,4.69947E+20,5.61227E+21,8.57479E+15,5.06615E+16
21658,21659,6,4,38,13,2016,11,15,3,3,2,6,0,0,0,1,0,0,0,1,4.99082E+20,5.54193E+21,8.98719E+15,5.00296E+16
21659,21660,6,4,39,4,2016,11,21,7,3,3,6,2,0,0,1,0,0,0,0,4.24674E+20,5.53965E+21,7.94884E+15,5.00044E+16
21660,21661,6,4,31,11,2016,11,18,6,3,7,7,2,0,0,1,0,0,0,0,4.71861E+20,5.49822E+21,8.6103E+15,4.96359E+16
21661,21662,6,5,31,6,2016,11,14,6,3,2,6,0,0,0,1,0,0,0,0,4.96024E+20,5.60962E+21,8.94377E+15,5.06384E+16
21662,21663,6,6,35,9,2016,11,4,2,1,4,6,2,1,0,1,0,0,0,1,5.14198E+20,5.66503E+21,9.20294E+15,5.11366E+16
21663,21664,6,4,14,0,2016,11,11,5,3,3,6,0,0,0,1,0,0,1,0,4.50219E+20,5.54462E+21,8.30463E+15,5.00517E+16
21664,21665,6,4,33,11,2016,11,9,2,3,2,6,0,2,0,1,0,0,0,1,4.6346E+20,5.5206E+21,8.49186E+15,4.98367E+16
21665,21666,6,5,32,23,2016,11,18,2,3,5,3,2,0,0,1,0,0,0,0,4.63392E+20,5.60117E+21,8.48315E+15,5.05613E+16
21666,21667,6,5,35,9,2016,11,17,4,2,8,1,2,0,0,1,0,0,0,0,4.98487E+20,5.62088E+21,8.97856E+15,5.07397E+16
21667,21668,6,5,31,6,2016,11,14,6,3,2,6,0,0,0,1,0,0,0,0,4.94637E+20,5.60896E+21,8.92417E+15,5.06325E+16
21668,21669,6,4,14,0,2016,11,0,1,3,0,3,2,0,0,1,0,0,0,1,4.49462E+20,5.53971E+21,8.29471E+15,5.00076E+16
21669,21670,6,5,31,3,2016,11,9,4,3,5,3,0,0,0,1,0,0,0,0,4.86468E+20,5.6048E+21,8.80881E+15,5.0595E+16
21670,21671,6,4,34,1,2016,11,6,2,2,5,3,1,1,0,1,0,0,0,0,4.7733E+20,5.56304E+21,8.68223E+15,5.02191E+16
21671,21672,6,4,40,10,2016,11,12,4,1,9,1,0,1,0,1,0,0,0,0,5.01527E+20,5.5763E+21,9.02146E+15,5.03388E+16
21672,21673,6,5,31,5,2016,11,16,5,3,5,3,1,0,0,1,0,0,0,0,4.77624E+20,5.60507E+21,8.68384E+15,5.05971E+16
21673,21674,6,4,40,12,2016,11,18,3,3,5,3,2,2,1,1,0,0,0,0,4.82718E+20,5.56467E+21,8.75767E+15,5.02339E+16
21674,21675,6,4,38,6,2016,11,18,7,3,9,7,2,0,0,1,0,0,0,0,4.76542E+20,5.53455E+21,8.67293E+15,4.99628E+16
21675,21676,6,5,35,15,2016,11,16,5,2,6,4,1,0,0,1,1,0,0,0,5.39562E+20,5.61385E+21,9.55991E+15,5.06751E+16
21676,21677,6,4,33,7,2016,11,8,2,2,8,1,0,0,0,1,0,0,1,0,4.65066E+20,5.54254E+21,8.51221E+15,5.00341E+16
21677,21678,6,6,35,1,2016,12,16,5,2,8,1,1,1,0,1,0,0,0,0,4.75173E+20,5.65242E+21,8.64601E+15,5.10228E+16
21678,21679,6,5,33,8,2016,11,15,5,2,4,1,0,0,0,1,0,1,0,0,4.3694E+20,5.5777E+21,8.11368E+15,5.0348E+16
21679,21680,6,5,33,2,2016,11,7,4,1,3,6,2,0,0,1,0,0,0,0,4.39894E+20,5.57857E+21,8.15505E+15,5.03561E+16
21680,21681,6,5,33,13,2016,11,8,5,3,2,2,0,0,0,1,0,0,0,0,4.38712E+20,5.58383E+21,8.13759E+15,5.04033E+16
21681,21682,6,5,32,23,2016,12,16,5,3,2,6,1,0,0,1,0,0,1,0,4.69723E+20,5.5993E+21,8.57268E+15,5.05448E+16
21682,21683,6,4,36,7,2016,11,1,4,1,9,1,2,0,0,1,0,0,0,0,4.54912E+20,5.54499E+21,8.37014E+15,5.00555E+16
21683,21684,6,6,33,23,2016,12,11,5,3,3,6,0,1,0,0,0,0,1,1,5.26651E+20,5.68098E+21,9.38211E+15,5.12795E+16
21684,21685,6,4,35,19,2016,11,19,7,2,5,3,2,0,0,1,0,0,0,0,4.87634E+20,5.55384E+21,8.82696E+15,5.01367E+16
21685,21686,6,5,33,9,2016,11,13,5,3,0,3,0,0,0,1,0,0,0,0,4.34048E+20,5.58115E+21,8.07243E+15,5.03787E+16
21686,21687,6,6,33,17,2016,11,6,1,3,9,1,2,1,0,1,0,0,0,0,5.39233E+20,5.67918E+21,9.5623E+15,5.12626E+16
21687,21688,6,4,34,6,2016,11,21,1,2,5,2,2,0,0,1,0,0,0,0,4.63851E+20,5.55957E+21,8.49363E+15,5.01872E+16
21688,21689,6,4,34,5,2016,12,7,5,3,2,6,0,0,0,1,0,0,0,0,4.62542E+20,5.55875E+21,8.47537E+15,5.01798E+16
21689,21690,6,5,32,8,2016,11,21,4,3,8,1,2,0,0,1,0,0,1,0,4.55785E+20,5.6077E+21,8.37498E+15,5.06195E+16
21690,21691,6,6,36,16,2016,12,16,5,3,4,6,1,1,0,1,0,0,0,0,5.59226E+20,5.68505E+21,9.84979E+15,5.13137E+16
21691,21692,6,6,11,0,2016,11,8,5,3,2,6,0,1,0,1,0,0,0,0,5.35908E+20,5.68753E+21,9.51549E+15,5.13379E+16
21692,21693,6,5,33,8,2016,11,11,4,3,0,7,0,0,0,1,0,0,0,0,4.36781E+20,5.57824E+21,8.11136E+15,5.03528E+16
21693,21694,6,6,35,19,2016,11,9,4,2,5,3,0,0,0,1,0,0,1,0,4.92153E+20,5.67002E+21,8.88774E+15,5.11815E+16
21694,21695,6,4,13,0,2016,11,14,5,3,2,6,0,0,0,1,0,0,0,0,4.80839E+20,5.55055E+21,8.73204E+15,5.01069E+16
21695,21696,6,4,33,13,2016,11,18,3,3,3,6,2,0,1,1,0,0,0,0,4.62885E+20,5.51622E+21,8.48428E+15,4.97973E+16
21696,21697,6,4,12,0,2016,11,17,5,3,2,6,2,0,0,1,0,0,0,0,4.73943E+20,5.55006E+21,8.63564E+15,5.01022E+16
21697,21698,6,4,40,15,2016,11,9,3,3,5,2,0,1,0,1,0,0,0,0,4.82855E+20,5.59075E+21,8.75842E+15,5.04685E+16
21698,21699,6,5,32,21,2016,11,5,1,1,6,7,2,0,0,1,1,0,0,0,4.59435E+20,5.59957E+21,8.42745E+15,5.05466E+16
21699,21700,6,5,34,13,2016,12,18,5,3,4,1,2,1,0,1,0,0,0,0,4.73824E+20,5.62028E+21,8.62908E+15,5.07338E+16
21700,21701,6,4,14,0,2016,11,8,2,3,6,4,0,0,0,1,1,0,0,0,4.46392E+20,5.5469E+21,8.25086E+15,5.00719E+16
21701,21702,6,4,12,0,2016,11,7,3,3,5,2,0,0,1,1,0,0,0,0,4.72591E+20,5.55364E+21,8.61648E+15,5.01344E+16
21702,21703,6,4,14,0,2016,11,20,3,3,5,3,2,0,0,1,0,0,0,0,4.48416E+20,5.53985E+21,8.2801E+15,5.00087E+16
21703,21704,6,4,37,11,2016,11,2,5,3,2,6,2,0,0,1,0,0,0,0,4.99933E+20,5.50208E+21,8.99907E+15,4.96713E+16
21704,21705,6,6,11,0,2016,11,13,5,3,2,6,0,0,0,1,0,0,0,0,5.32105E+20,5.68629E+21,9.46078E+15,5.1327E+16
21705,21706,6,4,37,1,2016,11,11,4,3,5,7,0,0,0,1,0,0,1,0,5.00144E+20,5.51065E+21,9.002E+15,4.97484E+16
21706,21707,6,4,39,6,2016,11,8,2,3,9,1,0,2,0,1,0,0,0,0,4.35976E+20,5.56079E+21,8.10299E+15,5.01959E+16
21707,21708,6,4,31,7,2016,11,12,4,3,5,3,0,0,0,1,0,0,0,0,4.84653E+20,5.50046E+21,8.78737E+15,4.96565E+16
21708,21709,6,4,38,9,2016,11,13,5,3,3,6,0,0,0,1,0,0,0,0,4.79246E+20,5.54407E+21,8.71011E+15,5.00486E+16
21709,21710,6,5,33,6,2016,11,1,7,1,8,1,2,0,0,1,0,0,0,0,4.28718E+20,5.58593E+21,7.99657E+15,5.04211E+16
21710,21711,6,4,38,8,2016,11,12,3,2,4,6,0,0,0,1,0,0,0,0,4.91035E+20,5.55225E+21,8.87459E+15,5.01224E+16
21711,21712,6,4,38,10,2016,11,21,7,3,2,6,2,0,0,1,0,0,1,0,4.92472E+20,5.54639E+21,8.8948E+15,5.00698E+16
21712,21713,6,5,35,13,2016,11,13,1,3,2,6,0,1,0,1,0,0,0,0,5.01519E+20,5.61269E+21,9.02149E+15,5.06661E+16
21713,21714,6,6,34,14,2016,11,17,3,3,5,3,2,0,0,1,0,0,0,1,5.3839E+20,5.66249E+21,9.54843E+15,5.11126E+16
21714,21715,6,4,11,0,2016,11,19,7,3,5,3,1,0,0,1,0,0,0,0,4.73391E+20,5.51817E+21,8.63012E+15,4.98154E+16
21715,21716,6,4,38,11,2016,11,7,5,3,2,6,1,0,0,1,0,0,1,0,4.9146E+20,5.54042E+21,8.8808E+15,5.00161E+16
21716,21717,6,4,34,6,2016,11,19,5,2,5,3,2,0,1,1,0,0,0,0,4.65996E+20,5.5578E+21,8.52384E+15,5.01714E+16
21717,21718,6,4,12,0,2016,11,16,2,3,2,6,0,0,0,1,0,0,0,0,4.80541E+20,5.5566E+21,8.72757E+15,5.01613E+16
21718,21719,6,6,11,0,2016,11,16,4,3,0,3,2,0,1,1,0,0,0,0,5.351E+20,5.68498E+21,9.50363E+15,5.1315E+16
21719,21720,6,4,40,12,2016,11,9,2,3,2,6,0,1,0,1,0,0,0,0,4.83223E+20,5.56449E+21,8.76476E+15,5.02324E+16
21720,21721,6,4,32,4,2016,11,16,4,3,2,6,1,0,0,1,0,0,0,1,4.89401E+20,5.52903E+21,8.85237E+15,4.99136E+16
21721,21722,6,4,40,4,2016,11,17,5,2,5,3,2,0,0,1,0,1,0,0,5.07742E+20,5.57024E+21,9.10867E+15,5.02843E+16
21722,21723,6,4,31,8,2016,11,5,7,2,9,1,2,0,0,1,0,0,0,0,4.79642E+20,5.48707E+21,8.71864E+15,4.95359E+16
21723,21724,6,4,40,1,2016,11,16,5,3,2,6,1,0,0,1,0,0,0,0,5.00784E+20,5.57104E+21,9.01101E+15,5.02915E+16
21724,21725,6,4,31,20,2016,11,16,2,3,3,3,1,0,0,1,0,0,1,0,4.68067E+20,5.48877E+21,8.55852E+15,4.95506E+16
21725,21726,6,4,38,5,2016,12,16,5,3,4,6,1,0,0,1,0,0,0,1,4.85094E+20,5.54543E+21,8.79175E+15,5.00609E+16
21726,21727,6,4,40,4,2016,11,13,5,3,5,3,0,0,1,1,0,0,0,0,5.07231E+20,5.57088E+21,9.10151E+15,5.029E+16
21727,21728,6,5,32,7,2016,11,13,5,3,7,7,0,0,0,1,0,0,1,0,4.45653E+20,5.61041E+21,8.23138E+15,5.0643E+16
21728,21729,6,6,33,3,2016,11,6,2,3,2,6,2,2,0,1,0,0,0,0,5.27146E+20,5.6795E+21,9.38909E+15,5.12662E+16
21729,21730,6,4,35,25,2016,11,14,2,2,2,6,0,0,0,1,0,0,0,0,5.35989E+20,5.57971E+21,9.50604E+15,5.03683E+16
21730,21731,6,6,11,0,2016,12,9,5,2,6,4,0,1,1,0,1,0,0,0,5.30839E+20,5.68481E+21,9.44248E+15,5.13137E+16
21731,21732,6,6,31,9,2016,11,0,4,3,8,1,2,2,0,1,0,0,0,0,5.47157E+20,5.59972E+21,9.66559E+15,5.05475E+16
21732,21733,6,5,32,6,2016,11,11,5,3,1,5,0,0,0,1,0,0,0,0,4.50553E+20,5.62471E+21,8.29874E+15,5.07721E+16
21733,21734,6,6,36,16,2016,11,5,1,3,8,1,2,1,0,1,0,0,0,0,5.59447E+20,5.68425E+21,9.85282E+15,5.13065E+16
21734,21735,6,4,33,7,2016,11,13,4,3,9,6,0,0,0,1,0,0,0,0,4.69849E+20,5.54483E+21,8.57881E+15,5.0055E+16
21735,21736,6,4,32,13,2016,11,16,5,3,5,3,0,0,0,1,0,0,0,0,4.82971E+20,5.51372E+21,8.76348E+15,4.97757E+16
21736,21737,6,4,12,0,2016,12,0,5,3,2,6,2,0,0,1,0,0,1,0,4.68729E+20,5.54441E+21,8.5632E+15,5.00512E+16
21737,21738,6,4,40,2,2016,11,18,5,3,2,6,2,0,0,1,0,0,0,0,4.81941E+20,5.58095E+21,8.746E+15,5.03803E+16
21738,21739,6,4,33,12,2016,11,14,1,3,2,6,0,0,0,1,0,0,0,0,4.59698E+20,5.53617E+21,8.43792E+15,4.99765E+16
21739,21740,6,4,40,21,2016,12,7,5,3,2,6,1,1,0,1,0,0,0,0,4.89349E+20,5.57802E+21,8.85028E+15,5.03542E+16
21740,21741,6,6,11,0,2016,11,14,2,2,5,3,0,0,0,1,0,1,0,0,5.35435E+20,5.68672E+21,9.50862E+15,5.13307E+16
21741,21742,6,4,13,0,2016,11,14,3,3,9,7,0,0,0,1,0,0,0,0,4.88171E+20,5.54829E+21,8.83464E+15,5.00868E+16
21742,21743,6,5,31,5,2016,11,16,3,3,6,4,1,0,0,1,1,0,0,0,4.7971E+20,5.60418E+21,8.71336E+15,5.05891E+16
21743,21744,6,6,34,14,2016,12,15,5,3,9,1,0,0,0,1,0,0,0,0,5.36314E+20,5.66226E+21,9.51875E+15,5.11107E+16
21744,21745,6,4,36,4,2016,11,15,4,2,9,1,0,0,0,1,0,0,0,0,4.606E+20,5.54506E+21,8.44959E+15,5.00565E+16
21745,21746,6,4,36,11,2016,12,11,5,3,2,6,0,0,0,1,0,0,0,0,4.66195E+20,5.55569E+21,8.5268E+15,5.01524E+16
21746,21747,6,4,31,14,2016,11,19,5,2,9,1,2,0,0,0,0,1,0,0,4.76339E+20,5.5055E+21,8.67188E+15,4.97015E+16
21747,21748,6,4,40,18,2016,12,4,5,3,0,7,2,0,0,1,0,0,0,0,4.79072E+20,5.58015E+21,8.7057E+15,5.0373E+16
21748,21749,6,6,31,17,2016,11,17,5,3,9,1,2,0,0,1,0,0,0,0,5.56453E+20,5.59467E+21,9.79603E+15,5.05013E+16
21749,21750,6,4,38,1,2016,11,17,3,3,5,3,2,0,1,1,0,0,0,0,4.84464E+20,5.54117E+21,8.78312E+15,5.00226E+16
21750,21751,6,5,31,11,2016,11,19,1,3,0,1,2,0,0,0,0,1,0,0,4.8821E+20,5.5965E+21,8.83369E+15,5.05204E+16
21751,21752,6,5,31,12,2016,12,18,5,3,4,1,2,1,0,1,0,0,0,0,4.74387E+20,5.59759E+21,8.63862E+15,5.05297E+16
21752,21753,6,4,12,0,2016,11,12,2,2,6,4,0,0,0,0,1,0,0,1,4.69217E+20,5.55239E+21,8.56937E+15,5.0123E+16
21753,21754,6,4,12,0,2016,11,17,3,3,5,3,2,0,1,1,0,0,0,0,4.78346E+20,5.55084E+21,8.69716E+15,5.01095E+16
21754,21755,6,4,33,5,2016,11,11,7,3,0,4,0,0,1,0,1,0,0,0,4.51547E+20,5.53842E+21,8.32397E+15,4.99961E+16
21755,21756,6,6,31,9,2016,11,7,5,2,2,6,0,0,0,1,0,0,0,0,5.48557E+20,5.59618E+21,9.6849E+15,5.05156E+16
21756,21757,6,5,32,21,2016,11,18,5,3,5,3,2,0,0,1,0,0,0,0,4.58294E+20,5.60034E+21,8.41126E+15,5.05535E+16
21757,21758,6,6,36,16,2016,11,15,4,2,2,6,0,0,0,1,0,0,0,1,5.59681E+20,5.68849E+21,9.8569E+15,5.13445E+16
21758,21759,6,4,12,0,2016,11,13,4,3,6,4,0,0,0,1,1,0,0,0,4.64653E+20,5.54955E+21,8.50579E+15,5.00972E+16
21759,21760,6,4,34,8,2016,11,15,2,3,0,7,0,0,1,0,0,0,0,0,4.70664E+20,5.56099E+21,8.58896E+15,5.02004E+16
21760,21761,6,4,40,3,2016,11,14,4,3,2,6,0,0,0,1,0,0,0,0,4.81229E+20,5.56333E+21,8.73687E+15,5.02219E+16
21761,21762,6,5,31,5,2016,12,14,7,3,5,2,0,1,0,1,0,0,0,1,4.78406E+20,5.6012E+21,8.69511E+15,5.05623E+16
21762,21763,6,5,34,14,2016,12,6,6,3,6,2,2,1,0,1,1,0,0,0,4.84037E+20,5.6261E+21,8.77354E+15,5.07864E+16
21763,21764,6,5,31,12,2016,12,17,5,3,2,6,2,0,0,1,0,0,0,0,4.74503E+20,5.59686E+21,8.64031E+15,5.05231E+16
21764,21765,6,4,40,18,2016,12,17,1,3,2,6,2,0,0,1,0,0,0,0,4.7904E+20,5.58085E+21,8.70521E+15,5.03793E+16
21765,21766,6,4,11,0,2016,12,17,6,3,5,3,2,1,1,0,0,0,0,1,4.76117E+20,5.52325E+21,8.6677E+15,4.98612E+16
21766,21767,6,6,32,14,2016,12,8,2,3,2,7,0,0,0,1,0,0,0,1,5.39972E+20,5.64043E+21,9.5686E+15,5.09142E+16
21767,21768,6,4,35,7,2016,12,20,6,3,3,6,2,0,0,1,0,0,1,0,5.00282E+20,5.55523E+21,9.00395E+15,5.01493E+16
21768,21769,6,4,38,10,2016,12,18,7,2,6,2,2,0,0,1,1,0,0,0,4.89873E+20,5.54699E+21,8.85847E+15,5.00751E+16
21769,21770,6,6,11,0,2016,12,11,6,3,5,3,0,0,0,1,0,0,0,0,5.31712E+20,5.681E+21,9.45467E+15,5.12794E+16
21770,21771,6,4,39,15,2016,12,17,4,3,4,6,2,1,0,1,0,0,0,0,4.42684E+20,5.55699E+21,8.19753E+15,5.01624E+16
21771,21772,6,5,35,16,2016,12,10,6,3,8,1,0,1,0,1,0,0,0,0,5.11648E+20,5.59053E+21,9.16413E+15,5.04667E+16
21772,21773,6,5,31,14,2016,12,16,6,2,2,6,1,0,0,1,0,0,0,0,4.79133E+20,5.59206E+21,8.7059E+15,5.04802E+16
21773,21774,6,4,11,0,2016,12,18,6,3,2,6,2,1,0,1,0,0,0,1,4.75884E+20,5.53203E+21,8.66392E+15,4.99402E+16
21774,21775,6,4,14,0,2016,12,7,3,3,5,3,1,2,0,1,0,0,0,0,4.51784E+20,5.55218E+21,8.32554E+15,5.01199E+16
21775,21776,6,5,34,14,2016,12,7,6,3,5,3,1,1,0,1,0,0,0,0,4.86595E+20,5.6291E+21,8.80972E+15,5.08135E+16
21776,21777,6,6,34,22,2016,12,19,4,3,5,3,2,1,0,1,0,0,0,0,5.17584E+20,5.64092E+21,9.25015E+15,5.09197E+16
21777,21778,6,6,31,9,2016,12,17,3,2,2,6,2,1,0,1,0,0,0,0,5.49092E+20,5.60022E+21,9.69297E+15,5.05518E+16
21778,21779,6,4,31,17,2016,12,11,6,3,2,6,0,1,0,1,0,0,0,0,4.8087E+20,5.49388E+21,8.73528E+15,4.95972E+16
21779,21780,6,5,31,11,2016,12,16,3,2,4,6,2,1,0,1,0,0,0,0,4.86045E+20,5.59871E+21,8.80307E+15,5.05401E+16
21780,21781,6,4,36,7,2016,12,16,6,3,2,6,0,0,0,1,0,0,0,0,4.55796E+20,5.54575E+21,8.38241E+15,5.00624E+16
21781,21782,6,4,14,0,2016,12,7,5,3,5,3,0,1,0,1,0,0,0,0,4.40674E+20,5.54471E+21,8.17131E+15,5.00518E+16
21782,21783,6,6,11,0,2016,12,12,6,3,6,4,0,1,0,1,1,0,0,0,5.33209E+20,5.68256E+21,9.47628E+15,5.12934E+16
21783,21784,6,6,32,6,2016,12,17,6,3,3,6,2,0,0,1,0,0,1,1,5.59727E+20,5.63806E+21,9.84919E+15,5.08911E+16
21784,21785,6,6,35,18,2016,12,16,5,2,4,6,1,0,0,1,0,0,1,0,4.96236E+20,5.68736E+21,8.94597E+15,5.13375E+16
21785,21786,6,4,31,16,2016,12,9,7,3,5,3,0,2,0,1,0,0,0,1,4.7003E+20,5.50015E+21,8.58479E+15,4.96531E+16
21786,21787,6,6,33,20,2016,12,17,4,3,3,6,2,1,0,1,0,0,1,0,5.39151E+20,5.68495E+21,9.56176E+15,5.13145E+16
21787,21788,6,4,39,8,2016,12,19,6,3,4,1,2,1,0,1,0,0,0,0,4.46329E+20,5.56188E+21,8.24788E+15,5.02066E+16
21788,21789,6,4,40,5,2016,12,7,4,2,4,6,0,1,0,1,0,0,0,0,4.75586E+20,5.59189E+21,8.65591E+15,5.04785E+16
21789,21790,6,5,33,3,2016,12,11,6,3,2,6,0,0,0,1,0,0,0,0,4.47866E+20,5.57192E+21,8.26803E+15,5.02971E+16
21790,21791,6,4,40,4,2016,12,7,3,3,6,4,2,1,0,1,1,0,0,0,5.05104E+20,5.57151E+21,9.07166E+15,5.02957E+16
21791,21792,6,5,31,5,2016,12,7,2,3,7,7,0,0,0,1,0,0,1,0,4.79013E+20,5.60824E+21,8.7033E+15,5.06257E+16
21792,21793,6,4,31,21,2016,12,18,6,2,4,6,2,1,0,1,0,0,0,1,4.89137E+20,5.49272E+21,8.84971E+15,4.9587E+16
21793,21794,6,4,35,21,2016,12,6,2,2,5,2,2,1,0,1,0,0,0,1,4.89564E+20,5.56477E+21,8.85367E+15,5.0235E+16
21794,21795,6,4,34,11,2016,12,10,5,3,2,6,0,1,0,1,0,0,0,0,4.65803E+20,5.57736E+21,8.51936E+15,5.03474E+16
21795,21796,6,4,12,0,2016,12,9,5,3,3,2,0,1,0,1,0,0,0,1,4.74553E+20,5.548E+21,8.64431E+15,5.00837E+16
21796,21797,6,5,31,3,2016,12,6,3,3,2,6,2,2,0,1,0,0,0,0,4.86083E+20,5.60473E+21,8.80337E+15,5.05943E+16
21797,21798,6,5,34,15,2016,12,13,7,3,5,3,0,0,1,1,0,0,0,0,4.80022E+20,5.64526E+21,8.71554E+15,5.09586E+16
21798,21799,6,4,33,12,2016,12,8,7,1,9,1,0,1,1,1,0,0,0,0,4.59845E+20,5.53442E+21,8.44015E+15,4.99608E+16
21799,21800,6,5,31,8,2016,12,11,4,3,2,6,0,0,0,1,0,0,0,0,4.95556E+20,5.58957E+21,8.9374E+15,5.04581E+16
21800,21801,6,5,33,9,2016,12,15,4,3,2,6,0,0,0,1,0,0,0,0,4.33485E+20,5.58374E+21,8.06406E+15,5.04019E+16
21801,21802,6,4,32,10,2016,12,17,4,3,2,6,2,1,0,1,0,0,0,0,4.94018E+20,5.5235E+21,8.91676E+15,4.98639E+16
21802,21803,6,6,11,0,2016,12,7,6,3,4,6,1,1,1,1,0,0,0,0,5.32684E+20,5.68171E+21,9.46867E+15,5.12858E+16