FID,OBJECTID,ULAND,UREGBEZ,UKREIS,UGEMEINDE,UJAHR,UMONAT,USTUNDE,UWOCHENTAG,UKATEGORIE,UART,UTYP1,ULICHTVERH,IstStrasse,IstRad,IstPKW,IstFuss,IstKrad,IstGkfz,IstSonstig,LINREFX,LINREFY,XGCSWGS84,YGCSWGS84
21803,21804,6,5,32,23,2016,12,1,7,3,2,6,2,0,0,1,0,0,0,0,4.64495E+20,5.6009E+21,8.49875E+15,5.05589E+16
21804,21805,6,5,35,1,2016,12,22,3,3,4,6,2,1,0,1,0,0,0,0,5.19007E+20,5.62249E+21,9.26945E+15,5.07539E+16
21805,21806,6,4,31,11,2016,12,17,2,2,5,2,2,0,0,1,0,0,0,0,4.73251E+20,5.49898E+21,8.6295E+15,4.96428E+16
21806,21807,6,4,11,0,2016,12,17,1,3,2,6,2,1,0,1,0,0,0,0,4.77486E+20,5.52405E+21,8.6867E+15,4.98684E+16
21807,21808,6,4,35,14,2016,12,22,6,3,2,6,2,0,0,1,0,0,0,0,4.93311E+20,5.55206E+21,8.90643E+15,5.01208E+16
21808,21809,6,4,12,0,2016,12,11,2,3,5,3,0,0,0,1,0,0,0,0,4.75572E+20,5.54993E+21,8.65843E+15,5.01011E+16
21809,21810,6,5,34,5,2016,12,16,5,3,0,1,2,1,0,0,0,1,0,0,4.61536E+20,5.63805E+21,8.4531E+15,5.08929E+16
21810,21811,6,6,34,18,2016,12,15,5,3,4,6,0,2,0,1,0,0,1,0,5.22877E+20,5.67602E+21,9.32768E+15,5.12351E+16
21811,21812,6,6,11,0,2016,12,23,3,3,5,3,2,2,0,1,0,0,0,0,5.3524E+20,5.68556E+21,9.5057E+15,5.13202E+16
21812,21813,6,6,31,9,2016,12,23,7,3,5,3,2,1,0,1,0,0,0,0,5.48405E+20,5.60003E+21,9.68325E+15,5.05502E+16
21813,21814,6,6,31,15,2016,12,13,6,3,2,6,0,1,0,1,0,0,0,0,5.54251E+20,5.61889E+21,9.76851E+15,5.07193E+16
21814,21815,6,4,12,0,2016,12,9,5,3,2,6,0,1,0,1,0,0,0,0,4.78905E+20,5.54557E+21,8.70528E+15,5.00621E+16
21815,21816,6,5,31,5,2016,12,14,1,3,1,7,0,0,0,1,0,0,0,0,4.74856E+20,5.60246E+21,8.64492E+15,5.05735E+16
21816,21817,6,4,14,0,2016,12,13,6,3,3,5,0,1,0,1,0,0,0,0,4.52137E+20,5.548E+21,8.331E+15,5.00824E+16
21817,21818,6,4,35,14,2016,12,19,2,3,2,6,2,2,0,1,0,0,0,0,4.94807E+20,5.55095E+21,8.92738E+15,5.01108E+16
21818,21819,6,4,12,0,2016,12,10,7,2,4,1,0,2,0,1,0,0,0,0,4.7863E+20,5.55531E+21,8.70089E+15,5.01496E+16
21819,21820,6,6,34,2,2016,12,5,7,3,8,1,2,1,0,1,0,0,0,0,5.27118E+20,5.67529E+21,9.38837E+15,5.12284E+16
21820,21821,6,5,31,16,2016,12,10,7,3,2,6,0,0,0,1,0,0,0,0,4.90346E+20,5.60672E+21,8.86355E+15,5.06123E+16
21821,21822,6,4,33,14,2016,12,16,2,3,5,2,2,1,0,1,0,0,0,0,4.5693E+20,5.52703E+21,8.40034E+15,4.98941E+16
21822,21823,6,4,39,5,2016,12,17,1,3,0,6,2,0,0,1,1,0,0,0,4.30484E+20,5.55632E+21,8.02688E+15,5.0155E+16
21823,21824,6,6,11,0,2016,12,18,7,3,5,3,2,0,0,1,0,0,0,0,5.34091E+20,5.68516E+21,9.48917E+15,5.13167E+16
21824,21825,6,4,12,0,2016,12,13,7,3,3,6,0,0,0,1,0,0,0,0,4.81526E+20,5.55236E+21,8.74156E+15,5.01231E+16
21825,21826,6,4,38,8,2016,12,7,2,3,6,2,2,2,0,0,1,0,0,1,4.87649E+20,5.55197E+21,8.82724E+15,5.01199E+16
21826,21827,6,5,32,1,2016,12,18,5,3,2,6,2,0,0,1,0,0,0,0,4.62897E+20,5.60378E+21,8.4759E+15,5.05848E+16
21827,21828,6,6,32,15,2016,12,15,7,2,2,7,0,0,0,1,0,0,0,0,5.3863E+20,5.62959E+21,9.54837E+15,5.08168E+16
21828,21829,6,6,31,9,2016,12,13,6,3,5,3,0,1,0,1,0,0,0,0,5.4821E+20,5.5989E+21,9.68035E+15,5.054E+16
21829,21830,6,6,11,0,2016,12,17,4,3,5,3,1,0,0,1,0,0,0,0,5.32594E+20,5.68432E+21,9.46762E+15,5.13093E+16
21830,21831,6,6,36,3,2016,12,16,7,3,5,3,0,0,0,1,0,0,0,0,5.73237E+20,5.67106E+21,1.00479E+16,5.11863E+16
21831,21832,6,6,35,3,2016,12,4,6,3,9,7,2,0,0,1,0,0,0,0,5.03338E+20,5.66224E+21,9.04769E+15,5.11116E+16
21832,21833,6,4,13,0,2016,12,6,2,3,2,6,2,2,0,1,0,0,0,0,4.80342E+20,5.54539E+21,8.72536E+15,5.00605E+16
21833,21834,6,6,34,7,2016,12,21,6,3,8,1,2,1,0,1,0,0,0,0,5.28602E+20,5.67253E+21,9.40941E+15,5.12035E+16
21834,21835,6,4,35,17,2016,12,9,5,3,5,3,0,1,0,1,0,0,0,0,5.0367E+20,5.55695E+21,9.05139E+15,5.01647E+16
21835,21836,6,5,33,13,2016,12,12,7,3,4,1,0,0,0,1,0,0,0,0,4.43525E+20,5.58461E+21,8.20518E+15,5.04108E+16
21836,21837,6,4,39,11,2016,12,21,6,3,8,1,2,2,0,1,0,0,0,0,4.45777E+20,5.55788E+21,8.24071E+15,5.01706E+16
21837,21838,6,5,33,18,2016,12,14,4,3,8,1,0,1,0,1,0,0,0,0,4.58115E+20,5.58637E+21,8.41031E+15,5.04278E+16
21838,21839,6,5,35,4,2016,12,17,6,2,3,6,2,0,1,1,0,0,0,0,5.29584E+20,5.58548E+21,9.41644E+15,5.04206E+16
21839,21840,6,5,31,16,2016,12,4,6,2,0,7,2,1,0,1,0,0,1,0,4.86626E+20,5.60429E+21,8.81107E+15,5.05904E+16
21840,21841,6,4,38,7,2016,12,17,6,2,6,4,2,1,0,1,1,0,0,0,5.01772E+20,5.54167E+21,9.02474E+15,5.00273E+16
21841,21842,6,5,31,11,2016,12,9,6,3,9,1,0,1,0,1,0,0,0,0,4.83036E+20,5.59109E+21,8.76095E+15,5.04715E+16
21842,21843,6,4,13,0,2016,12,17,6,2,2,6,2,1,0,1,0,0,0,0,4.8468E+20,5.54968E+21,8.78579E+15,5.00992E+16
21843,21844,6,6,31,20,2016,12,11,6,3,5,2,0,1,0,1,0,0,0,0,5.509E+20,5.60043E+21,9.71852E+15,5.05536E+16
21844,21845,6,4,12,0,2016,12,19,4,3,4,1,2,1,0,1,0,0,0,0,4.83162E+20,5.55376E+21,8.76438E+15,5.01358E+16
21845,21846,6,4,39,8,2016,12,8,6,2,4,1,0,0,0,1,0,0,0,0,4.46869E+20,5.56627E+21,8.25483E+15,5.02462E+16
21846,21847,6,4,12,0,2016,12,15,6,3,2,6,0,0,0,1,0,0,0,0,4.77218E+20,5.55624E+21,8.68106E+15,5.0158E+16
21847,21848,6,6,11,0,2016,12,17,5,3,2,6,2,0,0,1,0,0,0,0,5.34915E+20,5.68595E+21,9.50107E+15,5.13237E+16
21848,21849,6,4,40,16,2016,12,0,7,3,5,3,2,1,0,1,0,0,0,0,5.00774E+20,5.58427E+21,9.01089E+15,5.04105E+16
21849,21850,6,4,12,0,2016,12,9,4,3,2,6,0,1,0,1,0,0,0,0,4.70439E+20,5.54467E+21,8.58706E+15,5.00536E+16
21850,21851,6,4,38,13,2016,12,7,6,3,2,6,0,0,0,1,0,0,0,0,4.97834E+20,5.54359E+21,8.96975E+15,5.00446E+16
21851,21852,6,4,37,4,2016,12,17,4,2,5,3,2,0,0,1,0,0,0,0,5.04258E+20,5.52142E+21,9.05922E+15,4.98452E+16
21852,21853,6,6,11,0,2016,12,14,6,2,6,4,0,0,0,1,1,0,0,0,5.3213E+20,5.68508E+21,9.46103E+15,5.13161E+16
21853,21854,6,5,32,23,2016,12,19,7,3,2,7,2,1,0,1,0,0,0,0,4.64726E+20,5.60188E+21,8.50192E+15,5.05678E+16
21854,21855,6,5,32,6,2016,12,7,3,3,2,6,1,1,0,1,0,0,0,0,4.4897E+20,5.62211E+21,8.27666E+15,5.07486E+16
21855,21856,6,6,33,20,2016,12,8,1,2,9,1,1,2,0,1,0,0,0,0,5.3789E+20,5.68526E+21,9.5437E+15,5.13173E+16
21856,21857,6,4,12,0,2016,12,12,6,3,6,4,0,1,0,1,1,0,0,0,4.82243E+20,5.55476E+21,8.75148E+15,5.01448E+16
21857,21858,6,4,14,0,2016,12,8,2,3,2,6,0,1,0,1,0,0,0,0,4.47094E+20,5.54718E+21,8.26064E+15,5.00745E+16
21858,21859,6,6,34,22,2016,12,6,6,3,9,1,2,1,0,0,0,0,1,0,5.17543E+20,5.64093E+21,9.24958E+15,5.09197E+16
21859,21860,6,4,11,0,2016,12,9,3,3,6,4,0,1,0,1,1,0,0,0,4.75839E+20,5.52529E+21,8.6637E+15,4.98795E+16
21860,21861,6,4,36,6,2016,12,17,2,3,2,6,1,1,0,1,0,0,0,0,4.56417E+20,5.5446E+21,8.39122E+15,5.00521E+16
21861,21862,6,5,32,23,2016,12,7,6,3,2,6,0,1,0,1,0,0,0,0,4.64353E+20,5.60044E+21,8.49678E+15,5.05548E+16
21862,21863,6,6,33,3,2016,12,8,4,3,5,3,0,0,0,1,0,0,0,0,5.29545E+20,5.67526E+21,9.42313E+15,5.12279E+16
21863,21864,6,5,32,3,2016,12,15,3,3,5,3,1,0,0,1,0,0,0,0,4.56313E+20,5.59576E+21,8.38384E+15,5.05122E+16
21864,21865,6,5,32,6,2016,12,17,6,3,5,3,2,1,0,1,0,0,0,0,4.49914E+20,5.62429E+21,8.28974E+15,5.07682E+16
21865,21866,6,4,12,0,2016,12,8,3,3,2,6,0,1,0,1,0,0,0,0,4.71103E+20,5.55363E+21,8.59566E+15,5.01342E+16
21866,21867,6,5,31,12,2016,12,22,6,3,3,1,2,1,0,1,0,0,0,0,4.76426E+20,5.59609E+21,8.66748E+15,5.05163E+16
21867,21868,6,4,38,2,2016,12,10,5,3,0,6,0,1,0,1,0,1,0,0,4.77543E+20,5.53938E+21,8.6866E+15,5.00063E+16
21868,21869,6,4,13,0,2016,12,17,5,3,5,3,2,1,0,1,0,0,0,0,4.84452E+20,5.5512E+21,8.78255E+15,5.01129E+16
21869,21870,6,4,40,5,2016,12,19,4,3,2,6,2,0,0,1,0,0,0,0,4.78475E+20,5.5863E+21,8.69695E+15,5.04283E+16
21870,21871,6,4,33,11,2016,12,14,7,3,4,6,0,0,0,1,0,0,0,0,4.64756E+20,5.52244E+21,8.50971E+15,4.98534E+16
21871,21872,6,5,32,13,2016,12,5,7,3,2,6,2,2,0,1,0,0,0,0,4.63308E+20,5.61625E+21,8.48048E+15,5.06969E+16
21872,21873,6,5,34,14,2016,12,16,4,3,2,6,1,0,0,1,0,0,1,0,4.83432E+20,5.62835E+21,8.76487E+15,5.08066E+16
21873,21874,6,4,38,11,2016,12,16,7,3,0,6,0,0,0,1,0,0,0,0,4.9236E+20,5.53862E+21,8.89339E+15,4.99998E+16
21874,21875,6,5,32,12,2016,12,17,2,3,2,6,2,1,0,1,0,0,0,0,4.51091E+20,5.61613E+21,8.30751E+15,5.06949E+16
21875,21876,6,6,35,8,2016,12,14,1,3,2,2,0,1,0,1,0,0,0,0,5.00983E+20,5.70456E+21,9.01415E+15,5.14921E+16
21876,21877,6,4,37,11,2016,12,19,2,3,1,5,2,2,0,1,0,0,0,0,4.99636E+20,5.50368E+21,8.99496E+15,4.96856E+16
21877,21878,6,6,31,9,2016,12,20,5,3,0,3,2,0,0,1,0,1,0,0,5.49278E+20,5.60105E+21,9.6957E+15,5.05593E+16
21878,21879,6,4,38,8,2016,12,8,5,3,3,6,1,1,0,1,0,0,0,0,4.89428E+20,5.55236E+21,8.85211E+15,5.01234E+16
21879,21880,6,5,31,15,2016,12,9,7,3,1,5,0,1,0,1,0,0,0,0,4.93944E+20,5.61534E+21,8.91426E+15,5.06898E+16
21880,21881,6,4,32,11,2016,12,7,5,3,2,6,0,1,0,1,0,0,0,0,4.87811E+20,5.5241E+21,8.83038E+15,4.98692E+16
21881,21882,6,4,11,0,2016,12,10,5,3,5,3,0,0,0,1,0,0,0,1,4.7365E+20,5.52427E+21,8.63332E+15,4.98703E+16
21882,21883,6,5,33,6,2016,12,14,3,3,2,6,0,2,0,1,0,0,1,0,4.29357E+20,5.58758E+21,8.00525E+15,5.0436E+16
21883,21884,6,6,31,8,2016,12,13,7,3,5,3,0,0,0,1,0,0,0,0,5.40149E+20,5.58578E+21,9.56519E+15,5.04227E+16
21884,21885,6,5,34,14,2016,12,19,7,3,5,3,2,1,0,1,0,0,0,0,4.83081E+20,5.62628E+21,8.75998E+15,5.0788E+16
21885,21886,6,4,35,10,2016,12,23,4,2,9,1,2,0,0,1,0,0,1,0,5.1509E+20,5.5604E+21,9.21142E+15,5.01956E+16
21886,21887,6,6,31,13,2016,12,16,1,3,4,6,2,1,0,1,0,0,0,0,5.56401E+20,5.60301E+21,9.79655E+15,5.05763E+16
21887,21888,6,5,33,2,2016,12,6,6,3,8,1,2,1,0,1,0,0,0,0,4.41273E+20,5.58028E+21,8.17417E+15,5.03717E+16
21888,21889,6,5,32,23,2016,12,16,2,3,2,6,1,1,0,1,0,0,0,0,4.63775E+20,5.59995E+21,8.48867E+15,5.05503E+16
21889,21890,6,4,40,20,2016,12,1,1,2,9,1,2,2,0,1,0,0,0,0,4.9914E+20,5.5775E+21,8.98792E+15,5.03496E+16
21890,21891,6,4,13,0,2016,12,0,7,3,2,6,2,0,0,1,0,0,0,1,4.8469E+20,5.54968E+21,8.78594E+15,5.00992E+16
21891,21892,6,6,33,18,2016,12,11,7,2,5,3,0,1,1,1,0,0,0,0,5.1199E+20,5.67788E+21,9.17181E+15,5.12522E+16
21892,21893,6,4,34,4,2016,12,11,2,3,6,4,0,0,0,1,1,0,0,0,4.61398E+20,5.58166E+21,8.45702E+15,5.03858E+16
21893,21894,6,4,38,9,2016,12,10,6,3,0,2,0,0,1,1,0,0,0,0,4.78718E+20,5.54406E+21,8.70274E+15,5.00485E+16
21894,21895,6,5,31,5,2016,12,14,5,3,2,6,0,0,0,1,0,0,0,0,4.76202E+20,5.60284E+21,8.6639E+15,5.0577E+16
21895,21896,6,4,35,20,2016,12,9,6,3,5,3,0,1,0,1,0,0,0,0,5.00069E+20,5.55909E+21,9.00097E+15,5.0184E+16
21896,21897,6,6,36,14,2016,12,7,5,2,6,4,1,1,0,1,1,0,0,0,5.69616E+20,5.66685E+21,9.99531E+15,5.11489E+16
21897,21898,6,6,11,0,2016,12,13,6,3,5,2,0,0,0,1,0,0,0,0,5.33092E+20,5.68525E+21,9.47484E+15,5.13176E+16
21898,21899,6,5,32,16,2016,12,21,6,3,9,1,2,2,0,1,0,0,0,0,4.54947E+20,5.60239E+21,8.36378E+15,5.05716E+16
21899,21900,6,4,13,0,2016,12,18,4,3,6,2,2,0,0,1,1,0,0,0,4.84589E+20,5.55002E+21,8.78451E+15,5.01023E+16
21900,21901,6,6,33,13,2016,12,20,6,3,0,1,2,1,1,1,0,0,0,0,5.29497E+20,5.70418E+21,9.42485E+15,5.1488E+16
21901,21902,6,6,32,14,2016,12,6,6,3,3,6,2,1,0,1,0,0,0,0,5.42278E+20,5.63657E+21,9.60096E+15,5.08793E+16
21902,21903,6,5,31,11,2016,12,17,6,3,2,6,2,1,0,1,0,0,0,0,4.8793E+20,5.59701E+21,8.82972E+15,5.05249E+16
21903,21904,6,4,31,4,2016,12,20,5,3,5,3,2,1,0,1,0,0,0,0,4.79565E+20,5.49174E+21,8.71733E+15,4.95779E+16
21904,21905,6,6,32,14,2016,12,19,1,2,8,6,2,0,0,1,0,0,0,0,5.39822E+20,5.64058E+21,9.56648E+15,5.09155E+16
21905,21906,6,4,12,0,2016,12,7,6,3,2,6,1,0,0,1,0,0,0,0,4.72576E+20,5.55367E+21,8.61627E+15,5.01346E+16
21906,21907,6,6,32,14,2016,12,8,2,3,2,7,0,0,0,1,0,0,0,0,5.40129E+20,5.64031E+21,9.57082E+15,5.0913E+16
21907,21908,6,4,38,2,2016,12,12,7,2,8,1,0,2,0,1,0,0,0,0,4.81001E+20,5.53935E+21,8.73487E+15,5.00062E+16
21908,21909,6,4,38,2,2016,12,16,6,3,2,6,2,1,0,1,0,0,0,0,4.82141E+20,5.54445E+21,8.75053E+15,5.00521E+16
21909,21910,6,6,32,8,2016,12,7,6,3,4,1,0,1,0,1,0,0,0,0,5.48818E+20,5.62466E+21,9.69233E+15,5.07717E+16
21910,21911,6,5,33,9,2016,12,17,5,3,2,6,2,0,0,1,0,0,0,0,4.33832E+20,5.58317E+21,8.06903E+15,5.03969E+16
21911,21912,6,4,12,0,2016,12,18,6,3,2,6,2,0,0,1,0,0,0,0,4.75855E+20,5.55328E+21,8.66217E+15,5.01313E+16
21912,21913,6,4,14,0,2016,12,15,3,3,8,6,0,1,0,1,0,0,0,0,4.48557E+20,5.54572E+21,8.28127E+15,5.00615E+16
21913,21914,6,5,31,12,2016,12,15,6,3,2,6,0,1,0,1,0,0,0,0,4.75181E+20,5.59877E+21,8.64975E+15,5.05403E+16
21914,21915,6,4,33,12,2016,12,6,4,3,3,6,2,1,0,1,0,0,0,1,4.61196E+20,5.53629E+21,8.4588E+15,4.99777E+16
21915,21916,6,6,31,9,2016,12,18,3,3,2,6,2,0,0,1,0,0,0,0,5.47901E+20,5.59931E+21,9.67605E+15,5.05437E+16
21916,21917,6,4,36,7,2016,12,6,6,3,2,6,2,1,0,1,0,0,0,0,4.55036E+20,5.54544E+21,8.37182E+15,5.00596E+16
21917,21918,6,4,14,0,2016,12,5,6,3,2,6,2,1,0,0,0,0,1,1,4.55021E+20,5.54502E+21,8.37166E+15,5.00558E+16
21918,21919,6,4,14,0,2016,12,8,5,3,5,3,0,0,1,1,0,0,0,0,4.45824E+20,5.54531E+21,8.24315E+15,5.00576E+16
21919,21920,6,4,14,0,2016,12,15,4,3,2,6,0,1,0,1,0,0,0,0,4.4357E+20,5.54275E+21,8.21204E+15,5.00343E+16
21920,21921,6,4,38,1,2016,12,16,4,2,2,6,0,1,0,1,0,0,0,0,4.8432E+20,5.54063E+21,8.78113E+15,5.00177E+16
21921,21922,6,5,31,5,2016,12,13,5,3,2,6,0,0,0,1,0,0,0,0,4.79067E+20,5.60715E+21,8.70412E+15,5.06159E+16
21922,21923,6,4,36,5,2016,12,14,7,3,5,3,0,0,1,1,0,0,0,0,4.62019E+20,5.54328E+21,8.46959E+15,5.00406E+16
21923,21924,6,6,33,23,2016,12,13,4,2,2,6,0,1,0,1,0,0,1,0,5.23834E+20,5.68274E+21,9.34184E+15,5.12954E+16
21924,21925,6,4,34,6,2016,12,13,6,2,3,6,0,1,1,1,0,0,0,0,4.66037E+20,5.55802E+21,8.52438E+15,5.01735E+16
21925,21926,6,4,31,4,2016,12,7,4,3,1,1,1,0,0,1,0,1,0,0,4.79523E+20,5.49167E+21,8.71675E+15,4.95773E+16
21926,21927,6,5,33,9,2016,12,18,6,3,2,6,2,1,0,1,0,0,0,0,4.33672E+20,5.58193E+21,8.06701E+15,5.03857E+16
21927,21928,6,6,33,4,2016,12,15,3,2,4,6,0,1,0,1,0,0,0,0,5.15143E+20,5.70197E+21,9.21801E+15,5.14687E+16
21928,21929,6,5,33,9,2016,12,14,2,2,6,4,0,0,0,1,0,0,0,1,4.34433E+20,5.5827E+21,8.07758E+15,5.03927E+16
21929,21930,6,4,40,17,2016,12,14,6,3,2,6,0,1,0,1,0,0,0,1,4.89319E+20,5.56964E+21,8.85009E+15,5.02788E+16
21930,21931,6,4,14,0,2016,12,17,3,3,2,6,0,0,0,1,0,0,0,0,4.53973E+20,5.54876E+21,8.35657E+15,5.00893E+16
21931,21932,6,4,38,11,2016,12,14,5,3,2,6,0,0,0,1,0,0,0,1,4.92621E+20,5.54042E+21,8.89701E+15,5.0016E+16
21932,21933,6,4,12,0,2016,12,5,5,3,1,1,2,1,0,1,0,1,0,0,4.69685E+20,5.54979E+21,8.57612E+15,5.00996E+16
21933,21934,6,4,35,14,2016,12,18,3,3,5,3,2,0,0,1,0,0,0,0,4.95547E+20,5.5545E+21,8.93769E+15,5.01427E+16
21934,21935,6,5,34,18,2016,12,18,7,3,6,4,2,1,0,1,1,0,0,0,5.00794E+20,5.63088E+21,9.01128E+15,5.08296E+16
21935,21936,6,4,31,13,2016,12,18,7,3,5,3,2,0,0,1,0,0,0,0,4.59049E+20,5.49641E+21,8.43306E+15,4.96189E+16
21936,21937,6,5,32,23,2016,12,16,4,3,2,6,1,1,0,1,0,0,0,0,4.63279E+20,5.60195E+21,8.48147E+15,5.05683E+16
21937,21938,6,6,34,8,2016,12,14,7,3,8,1,0,0,0,1,0,0,0,0,5.33209E+20,5.67406E+21,9.47549E+15,5.1217E+16
21938,21939,6,5,32,5,2016,12,12,2,2,8,1,0,2,0,1,0,0,0,0,4.47427E+20,5.63354E+21,8.25315E+15,5.08512E+16
21939,21940,6,6,36,11,2016,12,4,1,1,8,1,2,2,0,1,0,0,0,0,5.66627E+20,5.66071E+21,9.95144E+15,5.10941E+16
21940,21941,6,6,11,0,2016,12,2,7,3,5,2,2,0,0,1,0,0,0,0,5.34715E+20,5.68575E+21,9.49818E+15,5.1322E+16
21941,21942,6,5,32,1,2016,12,8,7,3,5,3,0,1,0,1,0,0,0,0,4.62917E+20,5.60377E+21,8.47618E+15,5.05847E+16
21942,21943,6,4,31,13,2016,12,16,3,3,2,6,2,1,0,1,0,0,0,1,4.63247E+20,5.4941E+21,8.49139E+15,4.95983E+16
21943,21944,6,4,34,8,2016,12,13,2,3,5,3,0,0,1,1,0,0,0,0,4.69355E+20,5.56212E+21,8.57053E+15,5.02105E+16
21944,21945,6,4,12,0,2016,12,12,1,2,6,7,0,0,1,0,1,0,0,0,4.7199E+20,5.55471E+21,8.60799E+15,5.0144E+16
21945,21946,6,5,31,4,2016,12,7,6,2,5,2,0,1,0,1,0,0,0,0,4.84422E+20,5.59928E+21,8.78014E+15,5.05453E+16
21946,21947,6,4,12,0,2016,12,18,2,3,2,6,2,1,0,1,0,0,0,0,4.80723E+20,5.55194E+21,8.73035E+15,5.01194E+16
21947,21948,6,4,40,24,2016,12,18,5,2,4,6,2,0,0,1,0,0,0,0,4.86036E+20,5.58031E+21,8.80362E+15,5.03747E+16
21948,21949,6,6,11,0,2016,12,11,5,3,2,6,0,1,0,1,0,0,0,0,5.33376E+20,5.6821E+21,9.47863E+15,5.12892E+16
21949,21950,6,6,11,0,2016,12,16,3,3,5,3,2,0,0,1,0,0,0,0,5.34826E+20,5.68677E+21,9.49988E+15,5.13312E+16
21950,21951,6,4,35,14,2016,12,21,7,2,3,6,2,0,0,1,0,0,0,0,4.93837E+20,5.55246E+21,8.91379E+15,5.01244E+16
21951,21952,6,5,34,8,2016,12,18,7,3,9,1,2,0,0,1,0,0,0,0,4.88175E+20,5.62171E+21,8.83239E+15,5.0747E+16
21952,21953,6,5,31,5,2016,12,17,6,3,2,6,2,1,0,1,0,0,0,0,4.75186E+20,5.60135E+21,8.64965E+15,5.05636E+16
21953,21954,6,5,35,1,2016,12,17,5,3,2,6,2,0,0,1,0,0,0,0,5.29737E+20,5.62589E+21,9.42183E+15,5.0784E+16
21954,21955,6,5,32,21,2016,12,15,1,3,4,6,0,0,0,1,0,0,0,0,4.57833E+20,5.59686E+21,8.40516E+15,5.05222E+16
21955,21956,6,4,14,0,2016,12,7,6,3,2,6,0,0,0,1,0,0,0,0,4.48388E+20,5.53975E+21,8.27971E+15,5.00078E+16
21956,21957,6,4,38,13,2016,12,7,2,3,2,6,2,1,0,1,0,0,0,0,5.006E+20,5.53819E+21,9.00837E+15,4.9996E+16
21957,21958,6,4,33,5,2016,12,18,1,3,5,3,2,1,0,1,0,0,0,0,4.52694E+20,5.53619E+21,8.34024E+15,4.99762E+16
21958,21959,6,4,12,0,2016,12,12,7,3,5,3,0,0,0,1,0,0,0,0,4.76437E+20,5.5541E+21,8.67026E+15,5.01387E+16
21959,21960,6,6,33,3,2016,12,9,7,3,8,1,0,2,0,1,0,0,0,0,5.27715E+20,5.6764E+21,9.397E+15,5.12383E+16
21960,21961,6,4,34,1,2016,12,7,6,3,2,6,1,0,0,1,0,0,0,0,4.75933E+20,5.5631E+21,8.66265E+15,5.02196E+16
21961,21962,6,6,31,18,2016,12,17,5,3,8,1,2,0,0,0,0,0,0,1,5.42318E+20,5.5873E+21,9.59588E+15,5.04362E+16
21962,21963,6,4,12,0,2016,12,17,7,2,4,7,2,0,0,1,0,1,0,0,4.78384E+20,5.55004E+21,8.69774E+15,5.01022E+16
21963,21964,6,4,38,13,2016,12,14,2,3,2,6,0,0,0,1,0,0,0,0,4.97829E+20,5.54347E+21,8.96967E+15,5.00435E+16
21964,21965,6,4,35,14,2016,12,20,5,3,4,6,2,1,0,1,0,0,0,0,4.95044E+20,5.55294E+21,8.93066E+15,5.01286E+16
21965,21966,6,5,31,5,2016,12,9,7,2,5,2,0,1,1,1,0,0,0,0,4.78639E+20,5.60386E+21,8.69825E+15,5.05863E+16
21966,21967,6,4,38,9,2016,12,19,6,3,3,6,2,0,0,1,0,0,1,0,4.80208E+20,5.54456E+21,8.72353E+15,5.0053E+16
21967,21968,6,5,33,6,2016,12,8,4,2,3,2,0,1,0,1,0,1,0,0,4.32066E+20,5.58523E+21,8.04382E+15,5.04152E+16
21968,21969,6,4,34,2,2016,12,14,1,3,2,6,0,0,0,1,0,0,0,0,4.75972E+20,5.56696E+21,8.66295E+15,5.02543E+16
21969,21970,6,4,11,0,2016,12,0,6,3,5,3,2,1,0,1,0,0,0,0,4.74251E+20,5.52442E+21,8.64167E+15,4.98716E+16
21970,21971,6,4,12,0,2016,12,5,2,2,3,6,2,1,0,1,0,0,0,0,4.81112E+20,5.54729E+21,8.73602E+15,5.00776E+16
21971,21972,6,6,34,11,2016,12,20,6,3,2,6,2,1,0,0,0,0,1,0,5.33753E+20,5.65038E+21,9.48106E+15,5.1004E+16
21972,21973,6,5,32,23,2016,12,16,6,3,2,6,1,1,0,1,0,0,0,0,4.68026E+20,5.60181E+21,8.54852E+15,5.05674E+16
21973,21974,6,4,34,12,2016,12,15,7,3,0,3,0,1,0,1,0,0,0,0,4.70781E+20,5.56999E+21,8.5899E+15,5.02813E+16
21974,21975,6,4,31,19,2016,12,18,6,3,9,1,2,1,0,1,0,0,0,0,4.84284E+20,5.4926E+21,8.78258E+15,4.95858E+16
21975,21976,6,4,35,27,2016,12,14,4,2,8,1,0,1,0,1,0,0,0,0,5.45428E+20,5.56776E+21,9.63732E+15,5.02603E+16
21976,21977,6,5,35,16,2016,12,15,6,3,4,6,0,1,0,1,0,0,0,1,5.05263E+20,5.59088E+21,9.07416E+15,5.04698E+16
21977,21978,6,5,33,14,2016,12,23,5,3,7,7,2,1,0,1,0,0,0,1,4.45017E+20,5.57645E+21,8.22737E+15,5.03376E+16
21978,21979,6,4,32,12,2016,12,16,6,3,5,2,2,1,0,1,0,0,0,0,4.81593E+20,5.53217E+21,8.74347E+15,4.99416E+16
21979,21980,6,4,32,12,2016,12,17,3,3,8,1,2,1,0,1,0,0,0,0,4.80741E+20,5.53126E+21,8.73165E+15,4.99334E+16
21980,21981,6,6,31,2,2016,12,10,6,3,2,6,0,0,0,1,0,0,0,0,5.45955E+20,5.61897E+21,9.65101E+15,5.07208E+16
21981,21982,6,6,11,0,2016,12,8,4,3,5,2,0,2,1,0,0,0,0,1,5.31724E+20,5.68234E+21,9.45496E+15,5.12915E+16
21982,21983,6,4,12,0,2016,12,18,3,3,2,6,2,2,0,1,0,0,0,0,4.81485E+20,5.5535E+21,8.74093E+15,5.01334E+16