FID,OBJECTID,ULAND,UREGBEZ,UKREIS,UGEMEINDE,UJAHR,UMONAT,USTUNDE,UWOCHENTAG,UKATEGORIE,UART,UTYP1,ULICHTVERH,IstStrasse,IstRad,IstPKW,IstFuss,IstKrad,IstGkfz,IstSonstig,LINREFX,LINREFY,XGCSWGS84,YGCSWGS84
21983,21984,6,6,33,8,2016,12,22,5,2,6,7,2,1,1,0,1,0,0,0,5.33967E+20,5.67372E+21,9.48631E+15,5.12138E+16
21984,21985,6,4,14,0,2016,12,0,6,3,0,6,2,0,0,0,0,1,0,0,4.45297E+20,5.54829E+21,8.23536E+15,5.00843E+16
21985,21986,6,6,32,2,2016,12,15,6,2,2,7,0,0,0,1,0,0,0,0,5.45497E+20,5.63314E+21,9.64629E+15,5.08482E+16
21986,21987,6,4,12,0,2016,12,7,4,3,0,1,1,1,0,0,0,1,0,0,4.81138E+20,5.54982E+21,8.73626E+15,5.01004E+16
21987,21988,6,6,32,3,2016,12,14,6,3,2,2,0,0,0,1,0,0,0,0,5.55728E+20,5.64612E+21,9.79358E+15,5.0964E+16
21988,21989,6,4,34,8,2016,12,20,6,2,2,6,2,0,0,1,0,0,0,0,4.70723E+20,5.56242E+21,8.58966E+15,5.02132E+16
21989,21990,6,6,11,0,2016,12,15,5,3,2,6,0,0,0,1,0,0,0,0,5.33193E+20,5.68616E+21,9.47639E+15,5.13257E+16
21990,21991,6,4,40,3,2016,12,15,7,3,5,3,0,1,0,1,0,0,0,0,4.85008E+20,5.55954E+21,8.78999E+15,5.01878E+16
21991,21992,6,4,12,0,2016,12,9,4,2,2,6,0,1,0,1,0,0,0,0,4.71092E+20,5.552E+21,8.59564E+15,5.01195E+16
21992,21993,6,4,40,4,2016,12,5,6,2,5,3,2,1,0,1,0,0,0,0,5.07747E+20,5.56873E+21,9.10871E+15,5.02706E+16
21993,21994,6,4,40,16,2016,12,5,4,2,8,1,2,1,0,1,0,0,0,0,5.08249E+20,5.58491E+21,9.1161E+15,5.04161E+16
21994,21995,6,4,40,1,2016,12,7,3,3,2,1,0,1,0,1,0,0,0,0,4.96846E+20,5.57072E+21,8.95573E+15,5.02886E+16
21995,21996,6,6,35,15,2016,12,5,1,2,8,1,2,1,0,0,0,0,0,1,4.86778E+20,5.67808E+21,8.81054E+15,5.12539E+16
21996,21997,6,4,33,2,2016,12,17,6,3,1,5,2,0,0,1,0,0,0,0,4.53743E+20,5.53732E+21,8.35474E+15,4.99864E+16
21997,21998,6,5,31,13,2016,12,14,2,3,5,3,0,1,0,1,0,0,0,0,4.79036E+20,5.61082E+21,8.70347E+15,5.06488E+16
21998,21999,6,5,32,11,2016,12,5,5,2,5,2,2,1,0,1,0,0,0,0,4.40264E+20,5.62445E+21,8.15289E+15,5.07687E+16
21999,22000,6,4,12,0,2016,12,11,5,2,5,3,0,0,0,1,0,0,1,0,4.82113E+20,5.55218E+21,8.74978E+15,5.01216E+16
22000,22001,6,5,33,6,2016,12,14,3,3,4,6,0,2,0,1,0,0,1,0,4.29449E+20,5.58755E+21,8.00655E+15,5.04357E+16
22001,22002,6,5,34,8,2016,12,0,7,3,8,1,2,1,0,1,0,0,0,0,4.88164E+20,5.62171E+21,8.83223E+15,5.0747E+16
22002,22003,6,5,34,18,2016,12,8,7,3,4,1,0,2,0,1,0,0,0,1,5.02658E+20,5.63047E+21,9.03775E+15,5.08259E+16
22003,22004,6,4,31,17,2016,12,13,6,3,2,6,0,1,0,1,0,0,0,0,4.8041E+20,5.49299E+21,8.72896E+15,4.95892E+16
22004,22005,6,4,35,3,2016,12,17,3,3,1,6,2,0,0,1,0,0,0,0,5.20775E+20,5.56495E+21,9.29131E+15,5.02363E+16
22005,22006,6,4,33,10,2016,12,8,6,3,8,1,0,1,0,1,0,0,0,0,4.64215E+20,5.54198E+21,8.50037E+15,5.00291E+16
22006,22007,6,4,14,0,2016,12,7,5,3,5,3,2,2,0,1,0,0,0,1,4.42949E+20,5.55055E+21,8.20221E+15,5.01044E+16
22007,22008,6,5,31,16,2016,12,17,4,3,3,6,2,1,0,1,0,0,0,1,4.90978E+20,5.60693E+21,8.87248E+15,5.06142E+16
22008,22009,6,4,31,21,2016,12,10,7,3,9,1,0,2,0,1,0,0,0,0,4.86815E+20,5.49217E+21,8.8176E+15,4.9582E+16
22009,22010,6,4,37,4,2016,12,7,7,3,8,1,1,2,0,0,0,1,0,0,5.03566E+20,5.51622E+21,9.04955E+15,4.97984E+16
22010,22011,6,5,32,9,2016,12,15,6,3,2,6,0,0,0,1,0,0,0,0,4.51857E+20,5.62607E+21,8.31706E+15,5.07843E+16
22011,22012,6,4,33,5,2016,12,9,4,2,3,2,0,0,1,0,0,0,1,0,4.53121E+20,5.5351E+21,8.34633E+15,4.99664E+16
22012,22013,6,4,35,14,2016,12,0,7,2,8,6,2,0,0,1,0,0,0,1,4.96641E+20,5.55504E+21,8.95299E+15,5.01476E+16
22013,22014,6,5,34,9,2016,12,12,3,2,5,3,0,1,0,1,0,0,0,0,4.79097E+20,5.61737E+21,8.70396E+15,5.07078E+16
22014,22015,6,4,35,1,2016,12,22,2,3,1,1,2,1,0,1,0,0,0,0,5.25612E+20,5.56295E+21,9.35901E+15,5.02182E+16
22015,22016,6,6,34,6,2016,12,16,1,2,2,6,0,1,0,1,0,0,0,1,5.05679E+20,5.64497E+21,9.08085E+15,5.09563E+16
22016,22017,6,4,37,11,2016,12,18,2,3,5,3,2,0,0,1,0,0,0,0,5.00955E+20,5.50356E+21,9.01324E+15,4.96846E+16
22017,22018,6,5,34,18,2016,12,15,5,3,6,4,0,0,0,1,1,0,0,0,5.01189E+20,5.6307E+21,9.01688E+15,5.0828E+16
22018,22019,6,6,36,11,2016,12,15,5,3,2,6,0,0,0,1,0,0,0,1,5.68449E+20,5.66305E+21,9.97791E+15,5.11148E+16
22019,22020,6,4,14,0,2016,12,17,3,2,6,2,2,1,0,0,1,0,1,0,4.48985E+20,5.54107E+21,8.28787E+15,5.00197E+16
22020,22021,6,5,31,6,2016,12,23,7,2,5,3,2,1,0,1,0,0,0,1,4.96999E+20,5.60543E+21,8.9576E+15,5.06008E+16
22021,22022,6,4,12,0,2016,12,14,6,3,2,6,0,0,0,1,0,0,0,0,4.70803E+20,5.55394E+21,8.59145E+15,5.01369E+16
22022,22023,6,4,36,6,2016,12,16,5,3,2,6,1,1,0,1,0,0,0,0,4.56811E+20,5.54411E+21,8.39676E+15,5.00477E+16
22023,22024,6,6,32,6,2016,12,16,1,3,2,7,0,0,0,1,0,0,0,0,5.60129E+20,5.63842E+21,9.85497E+15,5.08943E+16
22024,22025,6,4,12,0,2016,12,10,6,3,2,6,0,1,0,1,0,0,0,0,4.76418E+20,5.5542E+21,8.67E+15,5.01396E+16
22025,22026,6,5,31,11,2016,12,7,4,3,2,6,1,0,0,1,0,0,0,0,4.87974E+20,5.59697E+21,8.83034E+15,5.05246E+16
22026,22027,6,5,34,14,2016,12,12,1,2,9,1,0,2,0,1,0,0,0,0,4.80276E+20,5.6273E+21,8.72012E+15,5.07971E+16
22027,22028,6,4,35,14,2016,12,16,6,3,2,1,0,0,0,1,0,0,0,0,4.94761E+20,5.55431E+21,8.92668E+15,5.0141E+16
22028,22029,6,5,34,13,2016,12,11,2,2,8,1,0,1,0,1,0,0,0,0,4.73429E+20,5.61967E+21,8.62353E+15,5.07282E+16
22029,22030,6,4,35,28,2016,12,9,1,3,5,2,0,0,0,1,0,0,0,0,5.33386E+20,5.57399E+21,9.46894E+15,5.0317E+16
22030,22031,6,4,14,0,2016,12,14,7,3,5,2,0,0,1,1,0,0,0,0,4.45739E+20,5.54461E+21,8.24206E+15,5.00513E+16
22031,22032,6,6,36,4,2016,12,16,7,2,5,3,0,1,1,1,0,0,0,0,5.53861E+20,5.67876E+21,9.77186E+15,5.12576E+16
22032,22033,6,4,35,19,2016,12,14,2,3,2,6,0,0,0,1,0,0,0,0,4.85834E+20,5.55392E+21,8.80177E+15,5.01373E+16
22033,22034,6,5,31,16,2016,12,16,5,2,5,3,1,1,0,1,0,0,1,0,4.86599E+20,5.60481E+21,8.81067E+15,5.05951E+16
22034,22035,6,4,31,16,2016,12,12,7,3,2,6,0,0,0,1,0,0,0,0,4.67956E+20,5.50208E+21,8.5559E+15,4.96704E+16
22035,22036,6,6,33,20,2016,12,14,6,2,5,3,0,0,0,1,0,0,0,0,5.44283E+20,5.68428E+21,9.63531E+15,5.13081E+16
22036,22037,6,5,33,3,2016,12,23,6,3,9,6,2,0,0,1,0,0,0,0,4.43508E+20,5.5756E+21,8.20629E+15,5.03298E+16
22037,22038,6,4,14,0,2016,12,9,4,3,0,2,0,1,1,1,0,0,0,0,4.45772E+20,5.54566E+21,8.24238E+15,5.00607E+16
22038,22039,6,6,33,29,2016,12,16,6,3,0,7,1,1,0,0,0,1,0,0,5.1813E+20,5.69326E+21,9.26056E+15,5.13903E+16
22039,22040,6,4,13,0,2016,12,5,2,2,9,1,2,2,0,1,0,0,0,0,4.81065E+20,5.54713E+21,8.73537E+15,5.00762E+16
22040,22041,6,5,35,14,2016,12,17,6,3,2,6,2,0,0,1,0,0,0,0,5.14063E+20,5.61835E+21,9.1992E+15,5.07168E+16
22041,22042,6,4,35,7,2016,12,9,5,2,3,6,0,0,0,1,0,0,1,0,4.98058E+20,5.55589E+21,8.97281E+15,5.01552E+16
22042,22043,6,4,36,5,2016,12,7,7,3,5,2,1,2,0,1,0,0,0,0,4.62587E+20,5.54687E+21,8.47716E+15,5.00729E+16
22043,22044,6,4,32,19,2016,12,18,6,3,5,3,2,1,0,1,0,0,0,1,4.88249E+20,5.51972E+21,8.83661E+15,4.98298E+16
22044,22045,6,6,32,14,2016,12,8,2,3,2,7,0,0,0,1,0,0,0,0,5.39813E+20,5.64056E+21,9.56635E+15,5.09153E+16
22045,22046,6,4,39,15,2016,12,13,7,2,5,3,0,1,0,1,0,0,0,0,4.44177E+20,5.55417E+21,8.21885E+15,5.01371E+16
22046,22047,6,5,34,4,2016,12,7,6,3,2,6,1,1,0,1,0,0,0,1,4.67468E+20,5.63936E+21,8.53732E+15,5.09049E+16
22047,22048,6,5,31,2,2016,12,5,6,3,5,3,2,0,0,1,0,0,0,0,4.70168E+20,5.60833E+21,8.57824E+15,5.0626E+16
22048,22049,6,6,11,0,2016,12,7,5,3,5,3,2,1,0,1,0,1,0,0,5.34476E+20,5.68709E+21,9.49489E+15,5.13341E+16
22049,22050,6,4,12,0,2016,12,17,6,3,5,3,1,1,0,1,0,0,0,1,4.79346E+20,5.55232E+21,8.71108E+15,5.01227E+16
22050,22051,6,4,31,20,2016,12,6,6,3,2,6,2,1,0,1,0,0,0,0,4.66966E+20,5.48936E+21,8.54325E+15,4.95559E+16
22051,22052,6,4,12,0,2016,12,17,4,3,2,6,2,0,0,1,0,0,0,0,4.80838E+20,5.55186E+21,8.73197E+15,5.01187E+16
22052,22053,6,4,38,4,2016,12,14,6,3,5,3,0,1,1,1,0,0,0,0,4.95358E+20,5.54733E+21,8.93512E+15,5.00782E+16
22053,22054,6,4,14,0,2016,12,10,6,3,9,1,0,1,0,1,0,0,0,0,4.46736E+20,5.54372E+21,8.25612E+15,5.00434E+16
22054,22055,6,4,14,0,2016,12,9,5,3,6,4,0,0,0,1,1,0,0,0,4.4496E+20,5.54309E+21,8.2314E+15,5.00375E+16
22055,22056,6,4,12,0,2016,12,8,4,3,9,1,0,1,0,1,0,0,0,0,4.76905E+20,5.54548E+21,8.67734E+15,5.00611E+16
22056,22057,6,5,34,10,2016,12,21,6,3,8,1,2,1,0,1,0,0,0,0,4.66441E+20,5.62648E+21,8.5239E+15,5.07891E+16
22057,22058,6,5,32,12,2016,12,22,4,3,7,6,2,1,0,1,0,0,0,0,4.50642E+20,5.61209E+21,8.30169E+15,5.06586E+16
22058,22059,6,5,32,3,2016,12,13,7,3,5,3,0,1,0,1,0,0,0,0,4.56269E+20,5.59631E+21,8.38316E+15,5.05171E+16
22059,22060,6,4,40,23,2016,12,8,3,3,4,6,0,1,0,1,0,0,0,0,4.77833E+20,5.57186E+21,8.68876E+15,5.02984E+16
22060,22061,6,4,12,0,2016,12,14,1,3,2,6,0,0,0,1,0,0,0,0,4.72972E+20,5.54992E+21,8.62207E+15,5.01009E+16
22061,22062,6,4,36,7,2016,12,17,4,3,5,2,2,1,0,1,0,0,0,0,4.59241E+20,5.54891E+21,8.4302E+15,5.0091E+16
22062,22063,6,5,35,11,2016,12,6,6,2,6,4,2,1,0,1,1,0,0,0,5.27869E+20,5.60824E+21,9.394E+15,5.06253E+16
22063,22064,6,6,34,3,2016,12,15,3,2,4,1,0,2,0,1,0,0,0,0,5.30719E+20,5.66183E+21,9.4388E+15,5.11071E+16
22064,22065,6,5,33,6,2016,12,14,2,3,2,6,0,0,0,1,0,0,1,1,4.29241E+20,5.58434E+21,8.00423E+15,5.04068E+16
22065,22066,6,4,32,23,2016,12,15,6,3,3,6,0,1,0,1,0,0,0,1,4.71779E+20,5.52809E+21,8.607E+15,4.99045E+16
22066,22067,6,6,34,1,2016,12,14,4,3,5,3,0,0,0,1,0,0,0,0,5.12929E+20,5.6563E+21,9.18449E+15,5.10581E+16
22067,22068,6,5,32,15,2016,12,17,3,3,5,2,2,1,0,1,0,0,0,0,4.68838E+20,5.6023E+21,8.55994E+15,5.05718E+16
22068,22069,6,4,32,10,2016,12,13,6,3,6,2,0,1,0,1,1,0,0,0,4.9467E+20,5.52393E+21,8.92583E+15,4.98678E+16
22069,22070,6,4,12,0,2016,12,9,3,3,5,3,0,0,0,1,0,0,1,0,4.74577E+20,5.56096E+21,8.64379E+15,5.02003E+16
22070,22071,6,4,40,18,2016,12,21,6,2,2,6,2,1,0,1,0,0,0,0,4.78873E+20,5.58258E+21,8.70276E+15,5.03949E+16
22071,22072,6,4,35,19,2016,12,16,5,3,2,6,2,1,0,1,0,0,0,0,4.85845E+20,5.55391E+21,8.80192E+15,5.01373E+16
22072,22073,6,4,36,3,2016,12,17,5,3,2,6,2,0,0,1,0,0,0,0,4.69748E+20,5.55411E+21,8.57666E+15,5.01384E+16
22073,22074,6,4,35,17,2016,12,20,3,3,5,3,2,1,0,1,0,0,0,0,5.0367E+20,5.55695E+21,9.05139E+15,5.01647E+16
22074,22075,6,4,33,3,2016,12,16,7,3,9,1,1,2,0,1,0,0,0,0,4.65559E+20,5.52751E+21,8.52043E+15,4.9899E+16
22075,22076,6,5,32,4,2016,12,14,7,3,1,5,0,0,0,1,0,0,0,0,4.42622E+20,5.61496E+21,8.1878E+15,5.06836E+16
22076,22077,6,4,35,14,2016,12,21,4,3,5,2,2,0,0,1,0,0,0,0,4.93527E+20,5.55481E+21,8.90941E+15,5.01455E+16
22077,22078,6,6,31,9,2016,12,17,7,2,2,6,2,0,0,1,0,0,0,0,5.50097E+20,5.60365E+21,9.70762E+15,5.05826E+16
22078,22079,6,5,32,11,2016,12,8,2,3,9,7,0,1,0,1,0,0,0,0,4.42692E+20,5.61923E+21,8.18812E+15,5.07221E+16
22079,22080,6,6,33,28,2016,12,8,1,2,9,1,0,2,0,1,0,0,0,0,5.13511E+20,5.68465E+21,9.19386E+15,5.1313E+16
22080,22081,6,6,32,19,2016,12,9,7,2,8,1,0,2,0,1,0,0,0,0,5.59293E+20,5.62871E+21,9.84152E+15,5.08071E+16
22081,22082,6,4,12,0,2016,12,12,7,3,8,1,0,2,0,1,0,0,0,0,4.75542E+20,5.5474E+21,8.65818E+15,5.00784E+16
22082,22083,6,6,35,20,2016,12,17,2,3,2,6,2,1,0,1,0,0,0,0,5.08243E+20,5.69583E+21,9.11852E+15,5.14136E+16
22083,22084,6,6,31,20,2016,12,7,5,2,6,4,1,0,0,1,1,0,0,0,5.50338E+20,5.6006E+21,9.71061E+15,5.05552E+16
22084,22085,6,4,38,2,2016,12,17,5,3,2,2,2,1,0,1,0,1,0,0,4.80541E+20,5.53784E+21,8.72853E+15,4.99925E+16
22085,22086,6,5,31,5,2016,12,9,6,3,5,3,0,0,0,1,0,0,0,0,4.76701E+20,5.60288E+21,8.67094E+15,5.05773E+16
22086,22087,6,4,14,0,2016,12,7,2,3,6,4,1,0,1,0,1,0,0,0,4.46252E+20,5.5476E+21,8.24881E+15,5.00783E+16
22087,22088,6,4,32,16,2016,12,15,5,3,2,6,0,0,0,1,0,0,0,0,4.84609E+20,5.5179E+21,8.78607E+15,4.98133E+16
22088,22089,6,6,34,14,2016,12,20,5,3,6,2,2,1,0,1,1,0,0,0,5.37534E+20,5.66434E+21,9.5364E+15,5.11293E+16
22089,22090,6,6,33,26,2016,12,19,3,3,7,7,2,1,0,1,0,0,0,0,5.32288E+20,5.68999E+21,9.46375E+15,5.13603E+16
22090,22091,6,6,31,9,2016,12,12,7,2,0,7,0,1,0,1,0,1,0,0,5.4701E+20,5.60035E+21,9.66359E+15,5.05532E+16
22091,22092,6,5,34,14,2016,12,8,7,2,8,1,0,2,0,1,0,0,0,0,4.78923E+20,5.63249E+21,8.70063E+15,5.08437E+16
22092,22093,6,6,31,9,2016,12,16,1,3,0,1,1,2,0,0,0,1,0,0,5.4309E+20,5.60002E+21,9.60822E+15,5.05505E+16
22093,22094,6,6,33,12,2016,12,16,6,3,8,7,2,1,0,1,0,0,0,0,5.4925E+20,5.6774E+21,9.70561E+15,5.12459E+16
22094,22095,6,5,32,23,2016,12,14,2,3,5,3,0,1,0,1,0,0,0,0,4.6627E+20,5.59969E+21,8.52392E+15,5.05482E+16
22095,22096,6,4,32,20,2016,12,8,1,3,2,6,0,2,0,1,0,0,0,0,4.85955E+20,5.52515E+21,8.80452E+15,4.98786E+16
22096,22097,6,4,12,0,2016,12,17,7,3,2,6,2,0,0,1,0,0,0,0,4.63039E+20,5.54925E+21,8.48326E+15,5.00944E+16
22097,22098,6,6,33,11,2016,12,11,7,3,8,1,0,2,0,1,0,0,0,0,5.22419E+20,5.68717E+21,9.32182E+15,5.13353E+16
22098,22099,6,5,34,18,2016,12,2,6,2,8,1,2,1,0,1,0,0,0,0,5.03727E+20,5.6312E+21,9.05293E+15,5.08325E+16
22099,22100,6,4,35,2,2016,12,23,5,2,8,7,2,1,0,1,0,0,0,0,5.26603E+20,5.56923E+21,9.37333E+15,5.02747E+16
22100,22101,6,5,31,5,2016,12,16,6,3,2,6,2,0,0,1,0,0,0,0,4.77251E+20,5.6036E+21,8.67867E+15,5.05838E+16
22101,22102,6,6,11,0,2016,12,13,5,3,6,7,0,0,0,1,1,0,0,0,5.34063E+20,5.68456E+21,9.48871E+15,5.13114E+16
22102,22103,6,4,14,0,2016,12,1,6,3,0,6,2,0,1,0,0,0,0,0,4.50871E+20,5.53982E+21,8.31436E+15,5.00087E+16
22103,22104,6,4,12,0,2016,12,12,4,3,5,3,0,1,0,1,0,0,0,0,4.73486E+20,5.55309E+21,8.62904E+15,5.01294E+16
22104,22105,6,4,31,21,2016,12,14,2,3,8,1,0,1,0,1,0,0,0,0,4.86551E+20,5.49053E+21,8.814E+15,4.95672E+16
22105,22106,6,4,35,25,2016,12,18,7,3,5,3,2,0,0,1,0,0,0,0,5.35497E+20,5.57545E+21,9.49873E+15,5.033E+16
22106,22107,6,4,12,0,2016,12,2,1,3,2,6,2,0,0,1,0,0,0,0,4.66472E+20,5.55146E+21,8.53106E+15,5.01145E+16
22107,22108,6,4,12,0,2016,12,8,3,3,5,2,0,0,1,1,0,0,0,0,4.78916E+20,5.55206E+21,8.70507E+15,5.01204E+16
22108,22109,6,6,11,0,2016,12,23,1,3,8,1,2,1,0,1,0,0,0,0,5.36135E+20,5.68483E+21,9.51847E+15,5.13136E+16
22109,22110,6,5,33,18,2016,12,15,4,2,5,3,0,1,0,1,0,0,0,0,4.54026E+20,5.59159E+21,8.35211E+15,5.04745E+16
22110,22111,6,5,34,14,2016,12,8,4,3,8,1,0,1,0,1,0,0,0,0,4.7965E+20,5.62493E+21,8.71137E+15,5.07758E+16
22111,22112,6,4,12,0,2016,12,13,5,3,3,6,0,1,0,1,0,0,0,0,4.83483E+20,5.55354E+21,8.76888E+15,5.01338E+16
22112,22113,6,4,32,23,2016,12,18,4,3,2,6,2,1,0,1,0,0,0,0,4.6959E+20,5.52783E+21,8.57654E+15,4.99021E+16
22113,22114,6,4,40,24,2016,12,12,3,3,2,6,0,1,0,1,0,0,0,0,4.86963E+20,5.58302E+21,8.81656E+15,5.03991E+16
22114,22115,6,4,40,23,2016,12,11,3,3,2,6,0,0,0,1,0,0,0,0,4.76291E+20,5.56965E+21,8.66725E+15,5.02785E+16
22115,22116,6,5,31,12,2016,12,1,2,3,2,6,2,1,0,1,0,0,0,0,4.76663E+20,5.60052E+21,8.67055E+15,5.05561E+16
22116,22117,6,4,38,3,2016,12,16,6,2,5,2,1,0,0,1,0,0,0,0,4.7643E+20,5.53454E+21,8.67137E+15,4.99627E+16
22117,22118,6,5,32,23,2016,12,17,2,3,5,3,2,1,0,1,0,0,0,0,4.66209E+20,5.60333E+21,8.52272E+15,5.05809E+16
22118,22119,6,4,39,8,2016,12,18,7,3,9,1,2,1,0,1,0,0,0,0,4.48624E+20,5.56888E+21,8.27909E+15,5.02698E+16
22119,22120,6,4,31,6,2016,12,8,2,3,2,6,0,1,0,1,0,0,0,0,4.67433E+20,5.50552E+21,8.54838E+15,4.97013E+16
22120,22121,6,5,35,12,2016,12,16,6,1,4,6,0,0,0,1,0,0,0,0,5.17657E+20,5.6029E+21,9.24938E+15,5.05778E+16
22121,22122,6,4,32,23,2016,12,18,7,3,2,6,2,0,0,1,0,0,0,0,4.71655E+20,5.52715E+21,8.60534E+15,4.98961E+16
22122,22123,6,4,14,0,2016,12,22,1,3,9,1,2,1,0,1,0,0,0,0,4.47385E+20,5.54281E+21,8.2653E+15,5.00352E+16
22123,22124,6,4,37,1,2016,12,15,6,2,2,6,0,0,0,1,0,1,0,0,5.00225E+20,5.51036E+21,9.00312E+15,4.97457E+16
22124,22125,6,6,31,7,2016,12,17,1,3,9,1,2,1,0,1,0,0,0,0,5.57002E+20,5.62519E+21,9.80845E+15,5.07757E+16
22125,22126,6,6,31,20,2016,12,7,6,3,0,7,1,0,1,1,0,0,0,0,5.49677E+20,5.60116E+21,9.70135E+15,5.05603E+16
22126,22127,6,5,31,5,2016,12,6,4,2,9,1,2,2,0,1,0,0,0,0,4.73615E+20,5.59877E+21,8.62765E+15,5.05402E+16
22127,22128,6,4,34,1,2016,12,19,5,3,8,7,2,1,0,1,0,0,0,0,4.69254E+20,5.56855E+21,8.56859E+15,5.02683E+16
22128,22129,6,4,35,17,2016,12,7,3,3,2,6,1,0,0,1,0,0,0,0,5.03311E+20,5.55788E+21,9.04637E+15,5.01731E+16
22129,22130,6,4,31,11,2016,12,7,4,3,2,6,1,0,0,1,0,1,0,0,4.737E+20,5.49817E+21,8.63578E+15,4.96355E+16
22130,22131,6,4,36,4,2016,12,17,1,3,5,3,2,0,0,1,0,1,0,0,4.58624E+20,5.53974E+21,8.42255E+15,5.00085E+16
22131,22132,6,4,12,0,2016,12,13,4,3,2,6,0,1,0,1,0,0,0,0,4.81836E+20,5.55569E+21,8.74573E+15,5.01532E+16
22132,22133,6,6,33,11,2016,12,23,5,1,8,1,2,1,0,1,0,0,0,0,5.21616E+20,5.6861E+21,9.31023E+15,5.13258E+16
22133,22134,6,4,33,6,2016,12,22,4,3,3,6,2,1,0,1,0,0,0,0,4.62929E+20,5.53147E+21,8.48344E+15,4.99345E+16
22134,22135,6,4,35,19,2016,12,8,4,3,5,3,1,0,0,1,0,0,0,0,4.86195E+20,5.55459E+21,8.80679E+15,5.01434E+16
22135,22136,6,5,31,5,2016,12,23,3,2,5,2,2,1,0,1,0,0,0,0,4.76783E+20,5.60298E+21,8.67209E+15,5.05782E+16
22136,22137,6,4,34,2,2016,12,13,5,3,2,6,0,0,0,1,0,0,0,0,4.75763E+20,5.56994E+21,8.65982E+15,5.02811E+16
22137,22138,6,5,33,5,2016,12,20,2,2,8,1,2,0,0,1,0,0,0,0,4.34659E+20,5.5953E+21,8.07856E+15,5.0506E+16
22138,22139,6,5,31,12,2016,12,17,2,3,3,6,2,1,0,1,0,0,0,0,4.75347E+20,5.5966E+21,8.65224E+15,5.05209E+16
22139,22140,6,4,34,1,2016,12,22,6,3,5,3,2,0,0,1,0,0,0,1,4.75536E+20,5.56207E+21,8.65714E+15,5.02103E+16
22140,22141,6,5,31,5,2016,12,18,2,3,2,6,2,1,0,1,0,0,0,0,4.7534E+20,5.60399E+21,8.65164E+15,5.05873E+16
22141,22142,6,4,14,0,2016,12,13,6,3,6,3,0,0,0,1,1,0,0,0,4.48462E+20,5.53979E+21,8.28074E+15,5.00082E+16
22142,22143,6,5,34,4,2016,12,15,4,3,2,6,0,0,0,1,0,0,0,0,4.65295E+20,5.64069E+21,8.5063E+15,5.09169E+16
22143,22144,6,5,34,14,2016,12,11,5,3,5,3,0,1,0,1,0,0,0,0,4.88151E+20,5.62617E+21,8.83191E+15,5.07872E+16
22144,22145,6,4,12,0,2016,12,8,1,3,2,1,1,1,0,1,0,0,0,0,4.68386E+20,5.55257E+21,8.55774E+15,5.01245E+16
22145,22146,6,4,31,2,2016,12,13,6,3,2,6,0,0,0,1,0,0,0,0,4.71263E+20,5.50387E+21,8.60161E+15,4.96866E+16
22146,22147,6,4,32,2,2016,12,18,5,3,5,3,2,1,1,1,0,0,0,0,4.96681E+20,5.53364E+21,8.95373E+15,4.99551E+16
22147,22148,6,4,35,6,2016,12,7,2,3,2,6,0,1,0,1,0,0,0,1,4.93519E+20,5.55593E+21,8.90928E+15,5.01556E+16
22148,22149,6,6,11,0,2016,12,15,3,3,6,4,0,0,0,0,1,0,0,1,5.34884E+20,5.68538E+21,9.50058E+15,5.13187E+16
22149,22150,6,4,33,7,2016,12,15,5,3,3,6,0,0,0,1,0,0,1,0,4.68511E+20,5.54433E+21,8.56017E+15,5.00504E+16
22150,22151,6,4,36,7,2016,12,20,2,3,6,6,2,0,0,1,1,0,0,0,4.61481E+20,5.55095E+21,8.4613E+15,5.01096E+16
22151,22152,6,5,33,10,2016,12,6,2,2,5,3,2,1,0,1,0,0,0,0,4.48447E+20,5.59648E+21,8.27282E+15,5.0518E+16
22152,22153,6,4,33,2,2016,12,15,6,3,5,3,0,0,0,1,0,1,0,0,4.53599E+20,5.53781E+21,8.35266E+15,4.99908E+16
22153,22154,6,5,34,6,2016,12,9,5,3,8,7,0,1,0,0,0,0,0,1,4.91269E+20,5.63174E+21,8.87601E+15,5.08373E+16
22154,22155,6,4,14,0,2016,12,17,2,3,6,4,2,0,0,1,1,0,0,0,4.4636E+20,5.54625E+21,8.25051E+15,5.00661E+16
22155,22156,6,4,38,1,2016,12,8,6,3,2,6,0,0,0,1,0,0,0,0,4.84872E+20,5.54235E+21,8.78877E+15,5.00333E+16
22156,22157,6,4,31,6,2016,12,8,2,3,2,6,1,1,0,1,0,0,0,0,4.6757E+20,5.50478E+21,8.55033E+15,4.96947E+16
22157,22158,6,5,31,5,2016,12,11,2,3,2,6,0,0,0,1,0,0,0,1,4.79679E+20,5.60262E+21,8.71302E+15,5.05752E+16
22158,22159,6,4,12,0,2016,12,8,6,3,2,6,0,0,0,1,0,0,0,1,4.72795E+20,5.55333E+21,8.61936E+15,5.01316E+16
22159,22160,6,6,11,0,2016,12,16,4,3,2,6,2,0,0,1,0,0,0,0,5.33965E+20,5.68602E+21,9.48745E+15,5.13244E+16
22160,22161,6,5,32,23,2016,12,13,4,3,2,6,0,0,0,1,0,0,0,0,4.63725E+20,5.59993E+21,8.48798E+15,5.05502E+16
22161,22162,6,4,12,0,2016,12,10,5,3,8,7,0,1,0,1,0,0,0,0,4.80776E+20,5.55191E+21,8.7311E+15,5.01191E+16
22162,22163,6,4,14,0,2016,12,18,7,2,5,3,2,0,0,1,0,1,0,0,4.48181E+20,5.54794E+21,8.27572E+15,5.00815E+16
22163,22164,6,4,36,12,2016,12,11,5,3,2,6,0,0,0,1,0,0,0,0,4.65766E+20,5.55278E+21,8.52106E+15,5.01263E+16