FID,OBJECTID,ULAND,UREGBEZ,UKREIS,UGEMEINDE,UJAHR,UMONAT,USTUNDE,UWOCHENTAG,UKATEGORIE,UART,UTYP1,ULICHTVERH,IstStrasse,IstRad,IstPKW,IstFuss,IstKrad,IstGkfz,IstSonstig,LINREFX,LINREFY,XGCSWGS84,YGCSWGS84
22164,22165,6,4,31,20,2016,12,15,3,3,2,6,0,0,0,1,0,0,0,0,4.69631E+20,5.48653E+21,8.58032E+15,4.95306E+16
22165,22166,6,5,35,19,2016,12,15,2,3,2,6,0,1,0,1,0,0,0,1,5.34389E+20,5.60592E+21,9.48596E+15,5.06041E+16
22166,22167,6,4,38,13,2016,12,9,3,3,2,6,0,0,0,1,0,0,0,0,4.96545E+20,5.54254E+21,8.95175E+15,5.00352E+16
22167,22168,6,5,31,5,2016,12,9,4,3,2,6,0,1,0,1,0,0,0,0,4.76775E+20,5.60338E+21,8.67196E+15,5.05819E+16
22168,22169,6,4,40,8,2016,12,19,2,3,2,6,2,0,0,1,0,0,0,0,4.85319E+20,5.5786E+21,8.79361E+15,5.03593E+16
22169,22170,6,6,33,28,2016,12,1,7,3,8,1,2,0,0,1,0,0,0,0,5.13514E+20,5.68465E+21,9.19389E+15,5.1313E+16
22170,22171,6,5,31,5,2016,12,5,1,3,8,1,2,1,0,1,0,0,0,0,4.78844E+20,5.60803E+21,8.70092E+15,5.06238E+16
22171,22172,6,4,13,0,2016,12,17,3,2,2,6,2,1,0,1,0,0,0,0,4.82741E+20,5.55032E+21,8.75866E+15,5.01049E+16
22172,22173,6,5,35,7,2016,12,19,1,3,8,1,2,1,0,1,0,0,0,0,5.24538E+20,5.59344E+21,9.34593E+15,5.04924E+16
22173,22174,6,4,39,6,2016,12,14,4,2,4,6,0,1,0,1,0,0,0,0,4.36221E+20,5.56032E+21,8.10651E+15,5.01916E+16
22174,22175,6,4,38,8,2016,12,7,3,3,6,4,1,0,0,1,1,0,0,0,4.88626E+20,5.55209E+21,8.84089E+15,5.01209E+16
22175,22176,6,4,14,0,2016,12,10,4,3,0,2,0,0,0,1,0,0,0,1,4.46387E+20,5.54615E+21,8.2509E+15,5.00652E+16
22176,22177,6,4,40,4,2016,12,10,3,2,9,1,0,1,0,1,0,0,0,0,5.08488E+20,5.57358E+21,9.11921E+15,5.03142E+16
22177,22178,6,4,12,0,2016,12,10,2,2,9,1,0,1,0,1,0,0,0,0,4.75334E+20,5.56005E+21,8.65445E+15,5.01921E+16
22178,22179,6,4,12,0,2016,12,5,4,3,5,3,2,0,1,1,0,0,0,0,4.76274E+20,5.55484E+21,8.66794E+15,5.01453E+16
22179,22180,6,4,36,6,2016,12,8,4,3,2,6,1,1,0,1,0,0,0,0,4.50335E+20,5.54189E+21,8.30661E+15,5.00272E+16
22180,22181,6,6,36,16,2016,12,8,3,3,2,6,1,1,0,1,0,0,0,0,5.59484E+20,5.68689E+21,9.8538E+15,5.13302E+16
22181,22182,6,6,32,2,2016,12,7,4,3,2,6,1,1,0,1,0,0,0,0,5.48539E+20,5.63387E+21,9.68958E+15,5.08545E+16
22182,22183,6,4,34,9,2016,12,11,3,3,9,1,0,1,0,1,0,0,0,0,4.60354E+20,5.5725E+21,8.44329E+15,5.03033E+16
22183,22184,6,6,36,5,2016,12,22,5,3,9,1,2,1,0,1,0,0,0,0,5.76714E+20,5.65634E+21,1.00945E+16,5.10534E+16
22184,22185,6,5,32,15,2016,12,19,3,3,8,1,2,0,0,1,0,0,0,0,4.69034E+20,5.60275E+21,8.56267E+15,5.05759E+16
22185,22186,6,4,14,0,2016,12,15,2,3,2,6,0,0,0,1,0,0,0,0,4.49881E+20,5.54386E+21,8.30002E+15,5.00449E+16
22186,22187,6,4,31,2,2016,12,23,2,3,1,7,2,0,0,1,0,0,0,0,4.72911E+20,5.50337E+21,8.62448E+15,4.96822E+16
22187,22188,6,4,35,18,2016,12,1,7,3,9,1,2,0,0,1,0,0,0,0,5.16409E+20,5.55866E+21,9.22982E+15,5.01799E+16
22188,22189,6,5,31,6,2016,12,11,1,2,9,7,0,1,0,1,0,0,0,0,4.92526E+20,5.60784E+21,8.89434E+15,5.06224E+16
22189,22190,6,4,11,0,2016,12,18,3,3,2,6,2,1,0,1,0,0,0,0,4.73688E+20,5.52612E+21,8.63371E+15,4.98869E+16
22190,22191,6,4,37,13,2016,12,17,1,3,8,1,2,1,0,1,0,0,0,0,4.94461E+20,5.50629E+21,8.92318E+15,4.97091E+16
22191,22192,6,4,40,19,2016,12,12,4,3,4,1,0,1,0,1,0,0,0,0,5.03379E+20,5.57495E+21,9.04747E+15,5.03267E+16
22192,22193,6,6,31,9,2016,12,17,4,1,4,6,2,2,0,1,0,0,0,0,5.48819E+20,5.59737E+21,9.68874E+15,5.05262E+16
22193,22194,6,6,36,6,2016,12,17,5,2,4,1,2,2,0,1,0,0,0,0,5.57827E+20,5.67336E+21,9.82783E+15,5.12087E+16
22194,22195,6,4,36,6,2016,12,17,4,3,2,6,2,1,0,1,0,0,0,0,4.57255E+20,5.54386E+21,8.40299E+15,5.00455E+16
22195,22196,6,4,11,0,2016,12,17,4,3,6,4,2,1,0,0,1,0,0,1,4.74644E+20,5.52332E+21,8.6472E+15,4.98618E+16
22196,22197,6,6,31,9,2016,12,7,3,2,2,6,0,1,0,1,0,0,0,0,5.49316E+20,5.59811E+21,9.69585E+15,5.05328E+16
22197,22198,6,4,35,21,2016,12,18,2,3,3,6,2,0,0,1,0,0,0,0,4.89565E+20,5.56474E+21,8.85368E+15,5.02347E+16
22198,22199,6,6,11,0,2016,12,17,1,3,2,6,2,1,0,1,0,0,0,0,5.38225E+20,5.68428E+21,9.5484E+15,5.13086E+16
22199,22200,6,4,34,8,2016,12,9,6,3,2,6,0,0,0,1,0,0,0,1,4.71482E+20,5.5617E+21,8.60037E+15,5.02068E+16
22200,22201,6,5,32,23,2016,12,9,2,3,8,1,0,1,0,0,0,1,0,0,4.67143E+20,5.6001E+21,8.5362E+15,5.05519E+16
22201,22202,6,4,39,16,2016,12,12,7,3,9,1,0,1,0,0,0,1,0,0,4.55229E+20,5.56816E+21,8.37184E+15,5.02639E+16
22202,22203,6,4,34,2,2016,12,15,3,3,3,6,0,0,0,1,0,0,0,0,4.75956E+20,5.56625E+21,8.66276E+15,5.0248E+16
22203,22204,6,4,12,0,2016,12,4,1,3,1,5,2,1,0,1,0,0,0,1,4.7707E+20,5.55047E+21,8.67934E+15,5.0106E+16
22204,22205,6,4,38,2,2016,12,22,7,3,5,3,2,0,0,1,0,0,0,0,4.8022E+20,5.54429E+21,8.72371E+15,5.00506E+16
22205,22206,6,4,14,0,2016,12,20,2,3,3,6,2,0,0,1,0,0,0,0,4.49037E+20,5.54446E+21,8.28814E+15,5.00502E+16
22206,22207,6,5,31,9,2016,12,13,7,3,2,2,0,1,0,1,0,0,0,0,4.78552E+20,5.59405E+21,8.69759E+15,5.0498E+16
22207,22208,6,6,11,0,2016,12,18,7,3,2,6,2,1,0,1,0,0,0,0,5.32722E+20,5.68605E+21,9.46961E+15,5.13248E+16
22208,22209,6,4,40,24,2016,12,17,1,3,5,2,1,1,0,1,0,0,0,0,4.89461E+20,5.58525E+21,8.85166E+15,5.04191E+16
22209,22210,6,5,31,11,2016,12,12,4,3,2,6,0,0,0,1,0,0,0,0,4.87979E+20,5.59698E+21,8.83042E+15,5.05247E+16
22210,22211,6,6,11,0,2016,12,22,5,3,5,3,2,1,0,1,0,0,0,1,5.3046E+20,5.68398E+21,9.43698E+15,5.13063E+16
22211,22212,6,4,11,0,2016,12,16,4,3,2,6,2,1,0,1,0,0,0,0,4.71455E+20,5.52555E+21,8.60267E+15,4.98817E+16
22212,22213,6,4,34,13,2016,12,13,4,3,4,1,0,1,0,1,0,0,0,0,4.58387E+20,5.57367E+21,8.41554E+15,5.03137E+16
22213,22214,6,4,12,0,2016,12,7,3,3,2,6,0,0,0,1,0,0,1,0,4.71558E+20,5.55094E+21,8.60223E+15,5.01101E+16
22214,22215,6,4,37,9,2016,12,10,5,3,5,3,0,0,1,1,0,0,0,0,4.99791E+20,5.51663E+21,8.9971E+15,4.98021E+16
22215,22216,6,5,33,9,2016,12,10,2,3,2,6,0,0,0,1,0,0,0,0,4.32317E+20,5.58353E+21,8.04766E+15,5.04E+16
22216,22217,6,4,12,0,2016,12,9,1,3,2,6,0,1,0,1,0,0,0,0,4.77896E+20,5.54848E+21,8.69101E+15,5.00882E+16
22217,22218,6,4,35,12,2016,12,14,6,3,8,1,0,0,0,1,0,0,0,0,5.07029E+20,5.56238E+21,9.09851E+15,5.02136E+16
22218,22219,6,4,40,15,2016,12,6,2,3,3,6,2,1,0,1,0,0,1,0,4.80074E+20,5.58987E+21,8.71928E+15,5.04605E+16
22219,22220,6,5,34,16,2016,12,18,2,1,9,1,2,0,0,1,0,0,0,0,5.04944E+20,5.63978E+21,9.07032E+15,5.09096E+16
22220,22221,6,4,14,0,2016,12,7,6,3,2,6,1,0,0,1,0,0,0,0,4.44071E+20,5.55384E+21,8.21742E+15,5.01342E+16
22221,22222,6,4,33,8,2016,12,10,4,3,5,3,0,0,1,1,0,0,0,0,4.6869E+20,5.5353E+21,8.5634E+15,4.99692E+16
22222,22223,6,4,35,14,2016,12,23,5,3,5,3,2,1,0,1,0,0,0,0,4.93821E+20,5.55344E+21,8.91355E+15,5.01331E+16
22223,22224,6,4,12,0,2016,12,8,1,3,8,1,0,1,0,1,0,0,0,0,4.66685E+20,5.5516E+21,8.53402E+15,5.01157E+16
22224,22225,6,4,34,1,2016,12,11,6,3,3,6,0,0,0,1,0,0,1,0,4.75971E+20,5.56316E+21,8.66317E+15,5.02201E+16
22225,22226,6,4,31,11,2016,12,13,3,2,0,1,0,0,0,1,0,0,0,0,4.72726E+20,5.49748E+21,8.62233E+15,4.96292E+16
22226,22227,6,4,33,4,2016,12,7,2,3,2,6,0,1,0,1,0,0,0,0,4.67112E+20,5.51019E+21,8.54352E+15,4.97433E+16
22227,22228,6,5,33,2,2016,12,17,6,3,4,6,2,0,0,1,0,0,0,0,4.39306E+20,5.57937E+21,8.14666E+15,5.03633E+16
22228,22229,6,4,40,8,2016,12,16,4,3,2,6,2,1,0,1,0,0,0,0,4.83513E+20,5.57734E+21,8.76828E+15,5.03479E+16
22229,22230,6,5,31,5,2016,12,20,6,3,5,3,2,0,0,1,0,0,0,0,4.76474E+20,5.60371E+21,8.66769E+15,5.05848E+16
22230,22231,6,4,14,0,2016,12,16,7,3,5,3,2,0,0,1,0,0,0,0,4.45661E+20,5.54412E+21,8.24105E+15,5.00468E+16
22231,22232,6,4,35,29,2016,12,22,6,3,2,6,2,0,0,1,0,0,0,0,5.21515E+20,5.56678E+21,9.30179E+15,5.02528E+16
22232,22233,6,5,35,1,2016,12,17,5,3,2,6,2,0,0,1,0,0,0,0,5.18599E+20,5.62256E+21,9.26367E+15,5.07545E+16
22233,22234,6,6,31,9,2016,12,7,1,3,9,1,1,1,0,1,0,0,0,0,5.43589E+20,5.59701E+21,9.61491E+15,5.05234E+16
22234,22235,6,4,12,0,2016,12,7,6,3,9,1,1,0,0,1,0,0,0,0,4.72741E+20,5.55368E+21,8.61857E+15,5.01347E+16
22235,22236,6,6,32,11,2016,12,16,4,3,3,1,0,0,0,1,0,0,0,0,5.43453E+20,5.63233E+21,9.61715E+15,5.08411E+16
22236,22237,6,4,31,17,2016,12,13,5,3,5,3,0,0,0,1,0,0,0,0,4.81227E+20,5.49414E+21,8.7402E+15,4.95995E+16
22237,22238,6,5,33,6,2016,12,20,3,3,9,6,2,0,0,1,0,0,1,1,4.26481E+20,5.58503E+21,7.96527E+15,5.04127E+16
22238,22239,6,5,35,16,2016,12,19,3,3,1,7,2,0,0,1,0,0,0,0,5.05483E+20,5.59108E+21,9.07727E+15,5.04717E+16
22239,22240,6,4,32,18,2016,12,18,4,2,4,6,2,1,0,1,0,0,0,0,4.71332E+20,5.51552E+21,8.60171E+15,4.97915E+16
22240,22241,6,6,31,6,2016,12,7,5,2,0,3,1,1,0,1,0,1,0,0,5.49847E+20,5.59377E+21,9.70276E+15,5.04937E+16
22241,22242,6,4,12,0,2016,12,15,2,3,2,6,0,0,0,1,0,0,0,1,4.76064E+20,5.55047E+21,8.66528E+15,5.0106E+16
22242,22243,6,6,11,0,2016,12,17,2,3,2,6,2,0,0,1,0,0,0,0,5.31762E+20,5.68424E+21,9.45568E+15,5.13086E+16
22243,22244,6,4,32,16,2016,12,19,6,3,5,3,2,0,0,1,0,0,0,0,4.84709E+20,5.51747E+21,8.78748E+15,4.98095E+16
22244,22245,6,4,35,2,2016,12,10,2,3,2,6,0,0,0,1,0,0,0,0,5.26191E+20,5.56868E+21,9.36752E+15,5.02697E+16
22245,22246,6,6,11,0,2016,12,5,4,3,2,6,2,0,0,1,0,0,0,0,5.35438E+20,5.68543E+21,9.50853E+15,5.13191E+16
22246,22247,6,5,31,12,2016,12,17,4,2,2,6,2,1,0,1,0,0,0,0,4.75153E+20,5.59919E+21,8.64933E+15,5.05441E+16
22247,22248,6,4,13,0,2016,12,17,5,3,2,6,2,1,0,1,0,0,0,0,4.80279E+20,5.54584E+21,8.72445E+15,5.00645E+16
22248,22249,6,4,12,0,2016,12,20,5,3,5,3,2,0,0,1,0,0,0,0,4.75851E+20,5.54876E+21,8.66241E+15,5.00906E+16
22249,22250,6,6,31,20,2016,12,16,3,3,5,3,1,1,0,1,0,0,0,0,5.5059E+20,5.60099E+21,9.71422E+15,5.05586E+16
22250,22251,6,6,11,0,2016,12,7,2,3,2,6,1,1,0,1,0,0,0,0,5.3605E+20,5.68493E+21,9.51726E+15,5.13145E+16
22251,22252,6,4,35,19,2016,12,17,3,3,5,2,2,0,0,1,0,0,0,0,4.86076E+20,5.55629E+21,8.80507E+15,5.01587E+16
22252,22253,6,4,40,7,2016,12,19,2,3,2,6,2,0,0,1,0,0,0,0,4.90486E+20,5.57425E+21,8.86636E+15,5.03203E+16
22253,22254,6,6,34,9,2016,12,7,2,3,0,7,2,0,0,1,0,0,0,0,5.267E+20,5.65238E+21,9.38069E+15,5.10224E+16
22254,22255,6,4,36,12,2016,12,12,3,3,2,6,0,1,0,1,0,0,0,0,4.66411E+20,5.55188E+21,8.53017E+15,5.01182E+16
22255,22256,6,4,31,2,2016,12,2,5,1,9,1,2,0,0,1,0,0,1,0,4.71001E+20,5.50644E+21,8.59778E+15,4.97097E+16
22256,22257,6,4,36,2,2016,12,10,2,3,2,6,0,1,0,1,0,0,0,1,4.51954E+20,5.55458E+21,8.32762E+15,5.01415E+16
22257,22258,6,4,40,4,2016,12,23,2,3,8,1,2,1,0,1,0,0,0,0,5.03966E+20,5.56968E+21,9.05566E+15,5.02793E+16
22258,22259,6,5,34,6,2016,12,4,6,3,9,1,2,0,0,1,0,0,0,0,4.86916E+20,5.63457E+21,8.81408E+15,5.08627E+16
22259,22260,6,6,11,0,2016,12,14,3,3,3,6,0,1,0,1,0,0,0,0,5.35229E+20,5.68556E+21,9.50555E+15,5.13203E+16
22260,22261,6,4,11,0,2016,12,7,2,3,2,6,2,0,0,1,0,0,0,1,4.73292E+20,5.51811E+21,8.62876E+15,4.98148E+16
22261,22262,6,4,37,11,2016,12,17,4,3,2,6,2,0,0,1,0,0,0,0,5.00277E+20,5.50384E+21,9.00384E+15,4.96871E+16
22262,22263,6,4,31,20,2016,12,14,4,3,3,6,0,0,0,1,0,0,1,0,4.68161E+20,5.4861E+21,8.56004E+15,4.95267E+16
22263,22264,6,6,11,0,2016,12,10,3,3,2,6,0,0,0,1,0,0,0,0,5.32363E+20,5.68128E+21,9.46403E+15,5.1282E+16
22264,22265,6,5,33,14,2016,12,7,4,3,9,1,2,2,0,1,0,0,0,0,4.50896E+20,5.57922E+21,8.30961E+15,5.0363E+16
22265,22266,6,4,34,3,2016,12,12,3,3,3,2,0,0,0,1,0,0,0,0,4.57449E+20,5.56307E+21,8.40356E+15,5.02182E+16
22266,22267,6,4,35,27,2016,12,14,5,3,9,1,0,1,0,1,0,0,0,0,5.48609E+20,5.57761E+21,9.68322E+15,5.03486E+16
22267,22268,6,6,32,11,2016,12,8,3,3,9,1,0,1,0,1,0,0,0,1,5.41505E+20,5.63224E+21,9.58948E+15,5.08404E+16
22268,22269,6,4,12,0,2016,12,22,1,3,0,6,2,1,0,1,0,1,0,0,4.79043E+20,5.55119E+21,8.70689E+15,5.01126E+16
22269,22270,6,4,14,0,2016,12,6,2,3,3,6,2,1,0,1,0,0,0,0,4.44919E+20,5.54738E+21,8.23021E+15,5.00762E+16
22270,22271,6,5,34,8,2016,12,6,2,3,9,1,2,1,0,1,0,0,0,0,4.88165E+20,5.62171E+21,8.83225E+15,5.0747E+16
22271,22272,6,4,34,4,2016,12,15,7,3,5,3,0,1,0,1,0,0,0,0,4.62041E+20,5.57901E+21,8.46633E+15,5.03619E+16
22272,22273,6,4,12,0,2016,12,17,2,2,3,6,2,0,0,1,0,0,0,0,4.80924E+20,5.55147E+21,8.73319E+15,5.01152E+16
22273,22274,6,5,34,21,2016,12,16,7,3,8,7,1,0,0,1,0,0,0,0,4.79502E+20,5.63921E+21,8.70847E+15,5.09042E+16
22274,22275,6,4,14,0,2016,12,15,7,3,2,6,0,1,0,1,0,0,0,0,4.49121E+20,5.54152E+21,8.28971E+15,5.00238E+16
22275,22276,6,4,34,11,2016,12,15,1,3,4,6,0,1,0,1,0,0,0,0,4.64306E+20,5.57654E+21,8.4984E+15,5.03399E+16
22276,22277,6,6,31,9,2016,12,13,4,2,5,3,0,0,0,1,0,0,0,0,5.50015E+20,5.59981E+21,9.70595E+15,5.05481E+16
22277,22278,6,6,11,0,2016,12,15,7,3,2,6,0,1,0,1,0,0,0,0,5.31208E+20,5.68413E+21,9.44772E+15,5.13076E+16
22278,22279,6,4,14,0,2016,12,14,7,3,2,6,0,1,0,1,1,0,0,0,4.45622E+20,5.54664E+21,8.24014E+15,5.00696E+16
22279,22280,6,4,12,0,2016,12,7,3,3,0,2,2,1,1,1,0,0,0,0,4.79403E+20,5.55358E+21,8.71179E+15,5.01341E+16
22280,22281,6,5,33,9,2016,12,17,1,3,5,2,2,0,0,1,0,0,0,0,4.33328E+20,5.58229E+21,8.0621E+15,5.03889E+16
22281,22282,6,4,38,8,2016,12,10,4,3,5,2,0,1,0,1,0,0,0,0,4.89418E+20,5.55172E+21,8.85199E+15,5.01177E+16
22282,22283,6,4,36,3,2016,12,13,5,3,8,1,0,1,0,1,0,0,0,0,4.70144E+20,5.55395E+21,8.58222E+15,5.0137E+16
22283,22284,6,4,12,0,2016,12,19,4,3,0,6,2,1,0,1,0,1,0,0,4.75762E+20,5.55007E+21,8.66108E+15,5.01024E+16
22284,22285,6,4,40,7,2016,12,15,3,3,1,1,0,1,0,1,0,0,0,0,4.92232E+20,5.57178E+21,8.89094E+15,5.02981E+16
22285,22286,6,4,34,2,2016,12,12,3,3,2,6,0,0,0,1,0,0,0,1,4.75976E+20,5.56588E+21,8.66307E+15,5.02446E+16
22286,22287,6,6,35,3,2016,12,5,1,3,9,1,2,1,0,1,0,0,0,0,5.14301E+20,5.66378E+21,9.20436E+15,5.11253E+16
22287,22288,6,5,32,23,2016,12,17,2,3,2,6,2,0,0,1,0,0,0,0,4.64104E+20,5.60248E+21,8.49307E+15,5.05732E+16
22288,22289,6,4,34,8,2016,12,18,7,2,2,6,2,1,1,1,0,0,0,0,4.68426E+20,5.56091E+21,8.5576E+15,5.01996E+16
22289,22290,6,4,32,23,2016,12,17,2,3,2,6,1,1,0,1,0,0,1,0,4.71645E+20,5.52692E+21,8.60522E+15,4.9894E+16
22290,22291,6,6,32,11,2016,12,13,6,3,5,3,0,0,0,1,0,0,0,0,5.40446E+20,5.63143E+21,9.57436E+15,5.08332E+16
22291,22292,6,4,13,0,2016,12,9,7,3,3,6,0,0,0,1,0,0,0,0,4.80444E+20,5.54586E+21,8.72676E+15,5.00647E+16
22292,22293,6,4,14,0,2016,12,16,7,3,5,3,2,1,0,1,0,0,0,0,4.45998E+20,5.54757E+21,8.24526E+15,5.00779E+16
22293,22294,6,4,12,0,2016,12,20,6,3,6,4,2,1,0,1,1,0,0,0,4.75841E+20,5.55078E+21,8.66214E+15,5.01088E+16
22294,22295,6,5,34,14,2016,12,17,1,1,8,1,2,1,0,1,0,0,0,0,4.79501E+20,5.62717E+21,8.70914E+15,5.07959E+16
22295,22296,6,5,31,5,2016,12,14,4,3,2,6,0,0,0,1,0,0,0,0,4.76317E+20,5.60376E+21,8.66546E+15,5.05852E+16
22296,22297,6,4,34,3,2016,12,15,5,2,6,4,0,1,0,1,1,0,0,0,4.57406E+20,5.56292E+21,8.40297E+15,5.02169E+16
22297,22298,6,4,35,21,2016,12,18,3,2,5,3,2,0,0,1,0,1,0,0,4.90127E+20,5.56361E+21,8.8616E+15,5.02246E+16
22298,22299,6,4,31,7,2016,12,17,4,3,8,1,2,1,0,1,0,0,0,0,4.82948E+20,5.49909E+21,8.76381E+15,4.96441E+16
22299,22300,6,5,34,18,2016,12,13,5,3,5,2,0,1,0,1,0,0,0,0,5.00955E+20,5.6298E+21,9.01355E+15,5.08199E+16
22300,22301,6,6,11,0,2016,12,19,2,3,2,6,2,0,0,1,0,0,0,0,5.3574E+20,5.68538E+21,9.51286E+15,5.13186E+16
22301,22302,6,5,32,10,2016,12,16,6,3,2,2,2,0,0,1,0,1,0,0,4.45421E+20,5.60665E+21,8.22864E+15,5.06092E+16
22302,22303,6,6,35,2,2016,12,22,5,3,3,7,2,1,0,1,0,0,0,0,5.01246E+20,5.69664E+21,9.01792E+15,5.1421E+16
22303,22304,6,4,32,23,2016,12,7,4,3,9,7,1,1,0,1,0,0,0,0,4.721E+20,5.52981E+21,8.61134E+15,4.992E+16
22304,22305,6,4,39,11,2016,12,21,4,3,9,1,2,1,0,1,0,0,0,0,4.51674E+20,5.55593E+21,8.32353E+15,5.01536E+16
22305,22306,6,5,31,1,2016,12,16,3,3,0,7,1,1,0,0,1,0,0,1,4.87311E+20,5.61397E+21,8.82041E+15,5.06774E+16
22306,22307,6,4,38,8,2016,12,7,5,3,5,2,2,0,0,1,0,0,0,1,4.90654E+20,5.55224E+21,8.86926E+15,5.01223E+16
22307,22308,6,6,32,2,2016,12,18,2,3,5,3,2,0,0,1,0,0,0,1,5.50875E+20,5.63485E+21,9.7229E+15,5.08631E+16
22308,22309,6,4,39,7,2016,12,17,1,3,4,1,2,0,0,1,0,0,0,0,4.42093E+20,5.56641E+21,8.18783E+15,5.0247E+16
22309,22310,6,4,34,5,2016,12,16,6,3,2,6,2,0,0,1,0,0,0,0,4.62479E+20,5.55876E+21,8.47449E+15,5.01799E+16
22310,22311,6,5,31,5,2016,12,12,2,3,5,3,0,0,0,1,0,0,0,1,4.77447E+20,5.60287E+21,8.68148E+15,5.05773E+16
22311,22312,6,6,11,0,2016,12,18,6,3,3,6,2,0,0,1,0,0,0,0,5.3452E+20,5.68461E+21,9.49528E+15,5.13117E+16
22312,22313,6,4,40,25,2016,12,13,4,3,2,6,0,0,0,1,0,0,0,0,4.83619E+20,5.56964E+21,8.7701E+15,5.02787E+16
22313,22314,6,4,33,3,2016,12,15,5,3,2,6,0,1,0,1,0,0,0,0,4.65041E+20,5.52824E+21,8.51316E+15,4.99055E+16
22314,22315,6,4,12,0,2016,12,14,1,3,2,6,0,0,0,1,0,0,0,0,4.78932E+20,5.55472E+21,8.70515E+15,5.01443E+16
22315,22316,6,4,14,0,2016,12,7,6,3,2,6,0,0,0,1,0,0,0,1,4.42553E+20,5.54469E+21,8.19755E+15,5.00517E+16
22316,22317,6,5,32,7,2016,12,18,5,3,9,1,2,1,0,1,0,0,0,0,4.39061E+20,5.61118E+21,8.13802E+15,5.06493E+16
22317,22318,6,5,31,5,2016,12,7,3,3,2,6,1,0,0,1,0,0,0,0,4.79852E+20,5.60741E+21,8.7152E+15,5.06182E+16
22318,22319,6,6,33,26,2016,12,16,3,2,3,6,1,0,0,1,0,0,0,0,5.32063E+20,5.69059E+21,9.46056E+15,5.13657E+16
22319,22320,6,5,34,14,2016,12,21,4,3,8,1,2,1,0,1,0,0,0,0,4.79774E+20,5.63066E+21,8.71282E+15,5.08273E+16
22320,22321,6,6,32,8,2016,12,2,5,2,9,7,2,0,0,0,0,0,1,0,5.43762E+20,5.62265E+21,9.62039E+15,5.0754E+16
22321,22322,6,4,34,6,2016,12,7,2,3,5,2,0,1,0,1,0,0,0,0,4.63849E+20,5.55957E+21,8.49361E+15,5.01872E+16
22322,22323,6,4,39,17,2016,12,8,2,3,2,6,0,1,0,1,0,0,0,0,4.39324E+20,5.54409E+21,8.15255E+15,5.0046E+16
22323,22324,6,4,33,12,2016,12,8,6,3,6,4,1,0,0,1,1,0,0,0,4.60593E+20,5.53735E+21,8.45029E+15,4.99872E+16
22324,22325,6,6,34,25,2016,12,6,2,2,3,1,2,1,0,1,0,0,1,0,5.20758E+20,5.66144E+21,9.2965E+15,5.1104E+16
22325,22326,6,4,14,0,2016,12,11,4,3,3,6,0,0,0,1,0,0,0,1,4.46402E+20,5.54614E+21,8.25111E+15,5.00651E+16
22326,22327,6,4,35,10,2016,12,9,4,3,9,1,0,1,0,1,0,0,0,0,5.16383E+20,5.56173E+21,9.22959E+15,5.02075E+16
22327,22328,6,6,11,0,2016,12,10,3,3,6,4,0,1,0,1,1,0,0,0,5.30731E+20,5.68481E+21,9.44093E+15,5.13138E+16
22328,22329,6,5,32,16,2016,12,22,2,3,4,6,2,0,0,1,0,0,0,0,4.54765E+20,5.60089E+21,8.3614E+15,5.05581E+16
22329,22330,6,4,12,0,2016,12,14,6,3,2,6,0,0,0,1,0,0,0,0,4.73134E+20,5.54994E+21,8.62434E+15,5.01011E+16
22330,22331,6,6,11,0,2016,12,7,4,3,2,6,1,1,0,1,0,0,0,0,5.37827E+20,5.68447E+21,9.5427E+15,5.13103E+16
22331,22332,6,6,31,9,2016,12,0,4,3,2,6,2,0,0,1,0,0,1,0,5.48143E+20,5.59739E+21,9.6792E+15,5.05265E+16
22332,22333,6,4,38,12,2016,12,11,5,3,2,6,0,1,0,1,0,0,0,0,4.88447E+20,5.53379E+21,8.83894E+15,4.99563E+16
22333,22334,6,6,35,18,2016,12,17,7,3,9,1,2,1,0,1,0,0,0,0,5.02942E+20,5.68261E+21,9.04219E+15,5.12948E+16
22334,22335,6,4,14,0,2016,12,18,5,3,2,6,2,0,0,1,0,0,0,0,4.45449E+20,5.54755E+21,8.2376E+15,5.00777E+16
22335,22336,6,5,32,17,2016,12,10,3,3,9,7,0,0,0,1,0,0,0,0,4.58184E+20,5.61647E+21,8.4079E+15,5.06985E+16
22336,22337,6,5,35,11,2016,12,18,2,3,0,3,2,1,0,1,0,0,0,0,5.26242E+20,5.60646E+21,9.37087E+15,5.06095E+16
22337,22338,6,6,36,6,2016,12,12,3,3,9,7,0,0,0,1,0,0,0,0,5.54161E+20,5.67215E+21,9.77517E+15,5.11982E+16
22338,22339,6,4,40,24,2016,12,10,5,3,8,1,0,0,0,1,0,0,0,0,4.85741E+20,5.58702E+21,8.79922E+15,5.0435E+16
22339,22340,6,4,40,7,2016,12,6,2,3,9,1,2,1,0,1,0,0,0,0,4.95211E+20,5.57266E+21,8.93275E+15,5.03061E+16
22340,22341,6,4,40,17,2016,12,19,2,2,9,1,2,1,0,1,0,0,0,0,4.8875E+20,5.56604E+21,8.84221E+15,5.02464E+16
22341,22342,6,4,37,6,2016,12,14,7,3,2,6,0,0,0,1,0,0,0,0,4.99638E+20,5.50133E+21,8.99499E+15,4.96645E+16
22342,22343,6,4,12,0,2016,12,20,7,3,5,3,2,1,0,1,0,0,0,0,4.77875E+20,5.55508E+21,8.69033E+15,5.01475E+16
22343,22344,6,4,14,0,2016,12,16,3,3,6,2,2,1,0,1,1,0,0,0,4.45406E+20,5.54753E+21,8.237E+15,5.00775E+16