FID,OBJECTID,ULAND,UREGBEZ,UKREIS,UGEMEINDE,UJAHR,UMONAT,USTUNDE,UWOCHENTAG,UKATEGORIE,UART,UTYP1,ULICHTVERH,IstStrasse,IstRad,IstPKW,IstFuss,IstKrad,IstGkfz,IstSonstig,LINREFX,LINREFY,XGCSWGS84,YGCSWGS84
22344,22345,6,4,35,13,2016,12,16,1,3,8,1,2,1,0,1,0,0,0,0,4.99562E+20,5.56405E+21,8.99386E+15,5.02286E+16
22345,22346,6,6,35,5,2016,12,13,4,2,9,1,0,1,0,1,0,0,0,0,4.76991E+20,5.6584E+21,8.67155E+15,5.10767E+16
22346,22347,6,6,32,8,2016,12,8,3,3,2,6,0,1,0,1,0,0,0,0,5.49372E+20,5.62481E+21,9.7002E+15,5.07729E+16
22347,22348,6,6,32,3,2016,12,7,3,3,5,3,2,1,0,1,0,0,0,0,5.55125E+20,5.64789E+21,9.78526E+15,5.098E+16
22348,22349,6,4,14,0,2016,12,19,4,3,9,7,2,1,0,1,0,0,0,0,4.41448E+20,5.5514E+21,8.18109E+15,5.01119E+16
22349,22350,6,4,40,16,2016,12,12,3,3,5,3,0,1,0,1,0,1,0,0,5.00525E+20,5.58521E+21,9.00739E+15,5.04189E+16
22350,22351,6,4,32,3,2016,12,21,3,3,2,6,2,0,0,1,0,0,0,1,4.709E+20,5.51187E+21,8.59597E+15,4.97586E+16
22351,22352,6,4,34,7,2016,12,13,1,3,2,2,0,0,0,1,0,0,0,0,4.66217E+20,5.5702E+21,8.52582E+15,5.0283E+16
22352,22353,6,4,12,0,2016,12,15,2,3,0,1,0,0,1,0,0,0,0,0,4.79111E+20,5.55274E+21,8.70776E+15,5.01265E+16
22353,22354,6,6,34,9,2016,12,14,4,1,4,1,0,0,0,1,0,0,1,0,5.26458E+20,5.65401E+21,9.37736E+15,5.1037E+16
22354,22355,6,4,38,6,2016,12,14,3,2,0,6,0,1,0,1,0,0,0,0,4.74441E+20,5.53792E+21,8.64341E+15,4.99931E+16
22355,22356,6,6,32,18,2016,12,16,5,3,2,6,2,0,0,1,0,0,0,0,5.51289E+20,5.65003E+21,9.73092E+15,5.09996E+16
22356,22357,6,6,31,18,2016,12,17,3,3,8,1,2,1,0,1,0,0,0,0,5.37821E+20,5.59485E+21,9.53333E+15,5.05044E+16
22357,22358,6,6,11,0,2016,12,11,2,3,2,6,0,1,0,1,0,0,0,0,5.34327E+20,5.6851E+21,9.49256E+15,5.13161E+16
22358,22359,6,4,31,2,2016,12,0,2,3,2,6,2,1,0,1,0,0,1,1,4.70061E+20,5.50176E+21,8.5851E+15,4.96676E+16
22359,22360,6,4,34,8,2016,12,9,7,3,5,2,0,1,0,1,0,1,0,0,4.69947E+20,5.56155E+21,8.57886E+15,5.02054E+16
22360,22361,6,4,11,0,2016,12,16,7,3,5,2,0,0,0,1,0,0,0,0,4.74366E+20,5.52485E+21,8.64324E+15,4.98755E+16
22361,22362,6,4,32,23,2016,12,0,3,2,8,1,2,1,0,0,0,1,0,0,4.70724E+20,5.53092E+21,8.59209E+15,4.993E+16
22362,22363,6,4,14,0,2016,12,14,1,3,6,4,0,0,0,1,1,0,0,0,4.45002E+20,5.54716E+21,8.23141E+15,5.00742E+16
22363,22364,6,4,31,6,2016,12,17,4,3,6,7,2,0,0,1,1,0,0,0,4.67264E+20,5.50226E+21,8.5463E+15,4.9672E+16
22364,22365,6,6,31,9,2016,12,0,4,3,6,4,2,0,0,1,1,0,0,0,5.48218E+20,5.59629E+21,9.68012E+15,5.05166E+16
22365,22366,6,4,12,0,2016,12,15,5,3,0,4,0,1,0,0,1,0,0,1,4.7582E+20,5.5508E+21,8.66185E+15,5.0109E+16
22366,22367,6,4,12,0,2016,12,10,4,3,5,3,0,0,0,1,0,0,0,0,4.70009E+20,5.54484E+21,8.58104E+15,5.00551E+16
22367,22368,6,4,11,0,2016,12,18,4,3,2,6,2,0,0,1,0,0,0,0,4.73833E+20,5.52595E+21,8.63575E+15,4.98854E+16
22368,22369,6,5,34,20,2016,12,10,3,2,4,6,0,1,0,1,0,0,0,0,4.80466E+20,5.62349E+21,8.72303E+15,5.07628E+16
22369,22370,6,4,40,23,2016,12,11,3,3,2,6,0,0,0,1,0,0,0,0,4.76175E+20,5.56904E+21,8.66566E+15,5.0273E+16
22370,22371,6,4,34,5,2016,12,17,1,3,2,6,2,1,0,1,0,0,0,0,4.61E+20,5.56064E+21,8.45359E+15,5.01967E+16
22371,22372,6,4,34,11,2016,12,7,6,3,4,7,2,1,0,1,0,0,0,0,4.68827E+20,5.57657E+21,8.56194E+15,5.03404E+16
22372,22373,6,5,32,3,2016,12,11,2,3,2,6,0,1,0,1,0,0,0,0,4.57047E+20,5.59644E+21,8.39412E+15,5.05184E+16
22373,22374,6,4,35,16,2016,12,14,7,3,5,3,0,1,0,1,0,0,0,0,5.33818E+20,5.56035E+21,9.47379E+15,5.01944E+16
22374,22375,6,4,31,2,2016,12,7,2,3,2,6,0,1,0,1,0,0,0,0,4.7093E+20,5.50682E+21,8.59677E+15,4.97131E+16
22375,22376,6,5,35,7,2016,12,14,6,2,7,7,0,2,0,1,0,0,0,0,5.20577E+20,5.59175E+21,9.29E+15,5.04774E+16
22376,22377,6,4,33,3,2016,12,12,7,3,2,6,0,0,0,1,0,0,0,0,4.65114E+20,5.52825E+21,8.51418E+15,4.99056E+16
22377,22378,6,6,34,22,2016,12,20,7,2,0,3,2,0,1,1,0,0,0,0,5.13975E+20,5.63987E+21,9.19878E+15,5.09103E+16
22378,22379,6,4,11,0,2016,12,15,6,3,6,4,0,0,0,0,1,0,0,1,4.74381E+20,5.52444E+21,8.64348E+15,4.98718E+16
22379,22380,6,4,31,2,2016,12,17,5,3,4,6,2,1,0,1,0,0,0,0,4.73987E+20,5.50378E+21,8.63937E+15,4.96859E+16
22380,22381,6,4,37,4,2016,12,16,7,2,8,1,1,1,0,1,0,0,0,0,5.01573E+20,5.5181E+21,9.02187E+15,4.98153E+16
22381,22382,6,4,12,0,2016,12,21,2,3,2,6,2,0,0,1,0,0,0,0,4.70695E+20,5.55347E+21,8.58997E+15,5.01328E+16
22382,22383,6,5,31,5,2016,12,14,7,3,8,1,0,0,0,1,0,0,0,0,4.73781E+20,5.6021E+21,8.62975E+15,5.05702E+16
22383,22384,6,6,36,6,2016,12,14,7,3,2,2,0,0,0,1,0,0,0,1,5.5393E+20,5.67222E+21,9.77187E+15,5.11988E+16
22384,22385,6,4,31,11,2016,12,13,1,2,4,6,0,1,0,1,0,0,0,1,4.74613E+20,5.49646E+21,8.64853E+15,4.96202E+16
22385,22386,6,5,32,23,2016,12,12,4,3,5,3,0,0,0,1,0,0,0,0,4.63462E+20,5.60349E+21,8.48391E+15,5.05822E+16
22386,22387,6,6,33,29,2016,12,6,5,2,5,2,2,0,0,1,0,0,0,1,5.19671E+20,5.68548E+21,9.28228E+15,5.13203E+16
22387,22388,6,4,31,16,2016,12,5,4,3,2,6,2,0,0,1,0,0,0,0,4.67705E+20,5.50037E+21,8.55257E+15,4.9655E+16
22388,22389,6,4,35,19,2016,12,7,4,3,5,2,2,1,0,1,0,0,0,0,4.86195E+20,5.55459E+21,8.80679E+15,5.01434E+16
22389,22390,6,4,38,11,2016,12,12,3,3,9,7,0,1,0,1,0,0,0,0,4.9203E+20,5.54283E+21,8.88871E+15,5.00377E+16
22390,22391,6,5,33,19,2016,12,21,5,3,0,1,2,1,0,0,0,1,0,0,4.51215E+20,5.58697E+21,8.31309E+15,5.04327E+16
22391,22392,6,5,33,9,2016,12,19,2,3,5,3,2,0,0,1,0,0,0,0,4.33564E+20,5.58036E+21,8.06577E+15,5.03716E+16
22392,22393,6,4,31,19,2016,12,16,1,3,5,3,2,0,0,1,0,0,0,0,4.82549E+20,5.49637E+21,8.75841E+15,4.96196E+16
22393,22394,6,5,33,1,2016,12,14,6,3,1,1,0,0,0,1,0,0,0,0,4.41235E+20,5.5895E+21,8.17219E+15,5.04546E+16
22394,22395,6,4,14,0,2016,12,10,6,3,5,3,0,0,1,0,0,0,0,1,4.44521E+20,5.54405E+21,8.22513E+15,5.00462E+16
22395,22396,6,4,31,13,2016,12,6,4,3,2,6,2,1,0,1,0,0,0,0,4.55888E+20,5.49804E+21,8.38912E+15,4.96333E+16
22396,22397,6,6,31,12,2016,12,13,5,3,4,6,0,1,0,1,0,0,0,1,5.69424E+20,5.60566E+21,9.98095E+15,5.05987E+16
22397,22398,6,4,12,0,2016,12,7,1,2,8,7,2,0,0,1,0,0,0,0,4.66694E+20,5.55161E+21,8.53414E+15,5.01158E+16
22398,22399,6,5,31,14,2016,12,15,6,3,9,1,0,0,0,1,0,0,0,0,4.81043E+20,5.59269E+21,8.73278E+15,5.04859E+16
22399,22400,6,4,34,1,2016,12,7,3,3,4,6,1,1,0,1,0,0,0,1,4.74382E+20,5.56209E+21,8.64097E+15,5.02104E+16
22400,22401,6,4,35,23,2016,12,7,2,3,9,1,0,1,0,1,0,0,0,0,5.03034E+20,5.55591E+21,9.04247E+15,5.01554E+16
22401,22402,6,4,14,0,2016,12,10,3,3,2,6,0,0,0,1,0,0,0,0,4.44365E+20,5.54638E+21,8.22262E+15,5.00671E+16
22402,22403,6,4,12,0,2016,12,17,5,3,2,6,2,0,0,1,0,0,0,0,4.70021E+20,5.55338E+21,8.58054E+15,5.01319E+16
22403,22404,6,4,36,8,2016,12,12,2,3,1,5,0,0,0,1,0,0,0,0,4.60257E+20,5.55426E+21,8.44384E+15,5.01393E+16
22404,22405,6,4,40,16,2016,12,12,2,3,8,1,0,1,0,1,0,0,0,0,4.99935E+20,5.58727E+21,8.99908E+15,5.04374E+16
22405,22406,6,6,31,3,2016,12,22,1,3,8,1,2,1,0,1,0,0,0,0,5.61128E+20,5.59611E+21,9.86218E+15,5.05137E+16
22406,22407,6,5,31,7,2016,12,7,6,3,2,6,2,0,0,1,0,0,0,0,4.68982E+20,5.60215E+21,8.56199E+15,5.05704E+16
22407,22408,6,4,35,14,2016,12,8,4,3,3,6,1,1,0,1,0,0,1,0,4.97159E+20,5.55185E+21,8.96027E+15,5.01189E+16
22408,22409,6,5,33,15,2016,12,21,5,3,7,7,2,0,0,1,0,0,0,0,4.45702E+20,5.5875E+21,8.2354E+15,5.0437E+16
22409,22410,6,6,32,19,2016,12,0,3,3,9,1,2,2,0,1,0,0,0,0,5.56878E+20,5.63414E+21,9.80809E+15,5.08561E+16
22410,22411,6,5,32,7,2016,12,16,4,3,9,1,2,1,0,1,0,0,0,0,4.3912E+20,5.61117E+21,8.13886E+15,5.06492E+16
22411,22412,6,6,31,9,2016,12,17,5,3,5,3,2,0,1,1,0,0,0,0,5.4826E+20,5.59867E+21,9.68102E+15,5.05379E+16
22412,22413,6,4,12,0,2016,12,19,2,3,5,3,2,1,1,1,0,0,0,0,4.79263E+20,5.55531E+21,8.70975E+15,5.01497E+16
22413,22414,6,4,37,6,2016,12,17,2,3,5,2,2,1,0,1,0,0,0,0,4.99715E+20,5.50036E+21,8.99606E+15,4.96558E+16
22414,22415,6,4,32,20,2016,12,20,1,3,3,6,2,0,0,1,0,0,0,0,4.85249E+20,5.52477E+21,8.79471E+15,4.98752E+16
22415,22416,6,4,32,20,2016,12,7,6,2,6,2,2,0,0,1,1,0,0,0,4.81604E+20,5.52335E+21,8.74405E+15,4.98623E+16
22416,22417,6,4,38,12,2016,12,17,2,3,2,6,2,0,0,1,0,0,0,0,4.88441E+20,5.53378E+21,8.83886E+15,4.99563E+16
22417,22418,6,4,12,0,2016,12,15,6,3,5,3,0,0,1,1,0,0,0,0,4.82285E+20,5.5528E+21,8.75216E+15,5.01272E+16
22418,22419,6,6,11,0,2016,12,18,4,3,2,6,2,0,0,1,0,0,0,0,5.33921E+20,5.68458E+21,9.48668E+15,5.13115E+16
22419,22420,6,5,32,23,2016,12,14,4,3,2,6,0,1,0,1,0,0,0,0,4.64612E+20,5.601E+21,8.5004E+15,5.05598E+16
22420,22421,6,4,12,0,2016,12,12,5,3,2,6,0,1,0,1,0,0,0,0,4.64731E+20,5.54727E+21,8.50709E+15,5.00766E+16
22421,22422,6,4,12,0,2016,12,8,5,3,5,3,0,0,0,1,0,0,0,0,4.65827E+20,5.55118E+21,8.52206E+15,5.01119E+16
22422,22423,6,4,33,12,2016,12,15,3,2,2,6,0,0,0,1,0,0,0,0,4.57955E+20,5.53553E+21,8.41369E+15,4.99706E+16
22423,22424,6,5,35,15,2016,12,10,2,3,4,6,0,0,0,1,0,0,1,0,5.37866E+20,5.61252E+21,9.53577E+15,5.06633E+16
22424,22425,6,4,38,2,2016,12,18,3,3,4,1,2,1,0,1,0,0,0,0,4.80953E+20,5.53619E+21,8.73435E+15,4.99778E+16
22425,22426,6,6,34,25,2016,12,18,4,3,5,2,2,1,0,1,0,0,0,0,5.22158E+20,5.64689E+21,9.3156E+15,5.09732E+16
22426,22427,6,4,40,8,2016,12,0,2,2,2,6,2,1,0,1,0,0,0,1,4.85377E+20,5.57874E+21,8.79442E+15,5.03605E+16
22427,22428,6,6,11,0,2016,12,21,7,3,2,5,2,0,1,1,0,0,0,0,5.30281E+20,5.68746E+21,9.43471E+15,5.13376E+16
22428,22429,6,6,36,16,2016,12,15,7,3,5,3,0,1,1,1,0,0,0,0,5.59671E+20,5.68866E+21,9.85678E+15,5.13461E+16
22429,22430,6,4,12,0,2016,12,16,3,3,5,3,2,1,1,1,0,0,0,0,4.77784E+20,5.55629E+21,8.68899E+15,5.01584E+16
22430,22431,6,5,33,7,2016,12,23,1,3,1,5,2,0,0,1,0,0,0,0,4.31709E+20,5.58793E+21,8.03831E+15,5.04394E+16
22431,22432,6,5,34,11,2016,12,13,6,3,8,6,0,0,0,0,0,0,1,1,4.9192E+20,5.63663E+21,8.88514E+15,5.08813E+16
22432,22433,6,5,33,9,2016,12,6,3,3,2,6,2,0,0,1,0,0,0,0,4.35166E+20,5.5814E+21,8.0881E+15,5.03811E+16
22433,22434,6,4,33,12,2016,12,5,2,3,3,6,2,0,0,1,0,0,1,0,4.59961E+20,5.53607E+21,8.4416E+15,4.99757E+16
22434,22435,6,4,12,0,2016,12,8,4,3,2,6,1,1,0,1,0,0,0,0,4.78008E+20,5.55056E+21,8.69246E+15,5.01069E+16
22435,22436,6,4,33,10,2016,12,12,4,3,8,1,0,1,0,1,0,0,0,0,4.62529E+20,5.54186E+21,8.47685E+15,5.00279E+16
22436,22437,6,6,11,0,2016,12,15,3,3,5,2,0,1,0,1,0,0,0,1,5.33024E+20,5.68228E+21,9.4736E+15,5.12909E+16
22437,22438,6,5,33,9,2016,12,14,4,3,2,6,0,0,0,1,0,0,0,0,4.31568E+20,5.58318E+21,8.03718E+15,5.03967E+16
22438,22439,6,4,34,8,2016,12,7,3,3,0,2,1,1,0,1,0,1,0,0,4.7096E+20,5.55874E+21,8.59326E+15,5.01801E+16
22439,22440,6,4,39,15,2016,12,7,5,3,6,4,0,1,0,1,1,0,0,0,4.41653E+20,5.55617E+21,8.18323E+15,5.01549E+16
22440,22441,6,4,38,11,2016,12,19,3,3,1,6,2,0,0,1,0,0,0,0,4.92219E+20,5.54547E+21,8.89128E+15,5.00614E+16
22441,22442,6,4,14,0,2016,12,10,2,3,5,3,0,1,0,1,0,0,0,0,4.4424E+20,5.54753E+21,8.2207E+15,5.00774E+16
22442,22443,6,4,33,8,2016,12,7,2,3,2,6,1,1,0,1,0,0,0,0,4.64711E+20,5.53623E+21,8.50783E+15,4.99774E+16
22443,22444,6,4,35,10,2016,12,17,2,3,5,2,2,0,0,1,0,0,0,1,5.15597E+20,5.56076E+21,9.21853E+15,5.01988E+16
22444,22445,6,4,40,9,2016,12,13,7,2,4,6,0,1,0,1,0,0,0,0,5.15263E+20,5.58452E+21,9.21482E+15,5.04125E+16
22445,22446,6,6,35,2,2016,12,18,7,3,2,2,2,1,0,1,0,0,0,0,5.01958E+20,5.69196E+21,9.02814E+15,5.13789E+16
22446,22447,6,4,39,7,2016,12,14,1,2,9,1,0,1,0,1,0,0,0,0,4.45642E+20,5.56892E+21,8.23723E+15,5.02699E+16
22447,22448,6,5,32,12,2016,12,17,4,3,2,6,2,1,0,1,0,0,0,0,4.51073E+20,5.61606E+21,8.30728E+15,5.06943E+16
22448,22449,6,6,31,9,2016,12,13,4,3,5,3,0,0,0,1,0,0,0,0,5.48167E+20,5.60059E+21,9.67997E+15,5.05552E+16
22449,22450,6,6,36,16,2016,12,7,5,2,8,1,2,0,0,1,0,0,0,0,5.61713E+20,5.68682E+21,9.88578E+15,5.13293E+16
22450,22451,6,4,11,0,2016,12,7,4,3,2,6,1,0,0,1,0,0,0,0,4.73477E+20,5.51907E+21,8.63126E+15,4.98235E+16
22451,22452,6,6,35,11,2016,12,16,4,2,5,2,2,0,0,1,0,0,1,0,4.84222E+20,5.65703E+21,8.77483E+15,5.10646E+16
22452,22453,6,6,31,9,2016,12,7,3,2,2,6,1,1,0,1,0,0,0,0,5.49262E+20,5.59802E+21,9.69507E+15,5.0532E+16
22453,22454,6,6,32,12,2016,12,17,2,3,6,4,2,0,0,1,1,0,0,0,5.53158E+20,5.64145E+21,9.75631E+15,5.09223E+16
22454,22455,6,5,34,11,2016,12,3,1,3,9,7,2,0,0,1,0,0,0,0,4.9761E+20,5.63043E+21,8.96607E+15,5.08256E+16
22455,22456,6,4,39,3,2016,12,17,4,2,2,6,2,1,0,1,0,0,0,0,4.35927E+20,5.54136E+21,8.10557E+15,5.00211E+16
22456,22457,6,4,12,0,2016,12,20,4,3,2,6,2,0,0,1,0,0,0,0,4.77895E+20,5.54849E+21,8.69099E+15,5.00883E+16
22457,22458,6,4,32,16,2016,12,20,3,2,8,1,2,1,0,1,0,0,0,0,4.84635E+20,5.51792E+21,8.78643E+15,4.98136E+16
22458,22459,6,4,34,2,2016,12,12,3,3,2,6,0,0,0,1,0,0,0,0,4.75976E+20,5.56591E+21,8.66306E+15,5.02448E+16
22459,22460,6,6,33,15,2016,12,14,1,3,2,6,0,1,0,1,0,0,0,0,5.38844E+20,5.68243E+21,9.55707E+15,5.12919E+16
22460,22461,6,6,31,11,2016,12,7,2,3,5,3,1,1,0,1,0,0,0,1,5.38276E+20,5.6043E+21,9.54071E+15,5.05893E+16
22461,22462,6,4,32,17,2016,12,17,7,2,4,6,1,1,0,1,0,0,0,0,4.9151E+20,5.52353E+21,8.88187E+15,4.98641E+16
22462,22463,6,4,11,0,2016,12,18,2,3,2,6,2,0,0,1,0,0,0,0,4.73286E+20,5.51786E+21,8.62869E+15,4.98126E+16
22463,22464,6,4,38,4,2016,12,2,7,1,7,7,2,0,0,1,1,0,0,0,4.93774E+20,5.54466E+21,8.91302E+15,5.00542E+16
22464,22465,6,6,35,2,2016,12,0,7,3,4,1,2,1,0,1,0,0,0,0,5.00493E+20,5.69126E+21,9.00708E+15,5.13726E+16
22465,22466,6,5,35,1,2016,12,2,1,3,8,1,2,1,0,1,0,0,0,0,5.24377E+20,5.62199E+21,9.34554E+15,5.07492E+16
22466,22467,6,5,31,7,2016,12,16,4,3,9,1,2,1,0,1,0,0,0,0,4.72005E+20,5.60413E+21,8.60453E+15,5.05884E+16
22467,22468,6,4,39,8,2016,12,19,5,3,9,1,2,1,0,1,0,0,0,0,4.46778E+20,5.56373E+21,8.25391E+15,5.02233E+16
22468,22469,6,5,32,11,2016,12,19,4,2,2,6,2,0,0,0,0,0,1,1,4.42364E+20,5.62295E+21,8.1829E+15,5.07555E+16
22469,22470,6,4,34,5,2016,12,13,4,3,0,6,0,1,0,1,0,0,0,1,4.60606E+20,5.56056E+21,8.44807E+15,5.01959E+16
22470,22471,6,4,33,8,2016,12,7,5,3,5,2,2,0,0,1,0,0,0,0,4.69971E+20,5.53636E+21,8.58118E+15,4.99788E+16
22471,22472,6,6,33,26,2016,12,17,2,3,5,2,2,0,0,1,0,0,0,0,5.32289E+20,5.69037E+21,9.46379E+15,5.13637E+16
22472,22473,6,6,36,5,2016,12,22,1,3,9,1,2,1,0,1,0,0,0,0,5.79858E+20,5.65225E+21,1.01385E+16,5.10163E+16
22473,22474,6,4,40,14,2016,12,18,6,3,4,6,2,0,0,1,0,0,0,0,4.97947E+20,5.56767E+21,8.97119E+15,5.02611E+16
22474,22475,6,4,35,14,2016,12,7,2,3,5,3,2,0,1,1,0,0,0,0,4.94252E+20,5.55295E+21,8.91958E+15,5.01288E+16
22475,22476,6,4,13,0,2016,12,0,6,2,6,4,2,0,0,1,1,0,0,0,4.81644E+20,5.54773E+21,8.74343E+15,5.00815E+16
22476,22477,6,4,33,4,2016,12,13,4,3,2,6,0,0,0,1,0,0,0,0,4.65056E+20,5.51435E+21,8.51461E+15,4.97806E+16
22477,22478,6,4,34,8,2016,12,9,6,3,0,6,0,0,1,0,0,0,0,1,4.71113E+20,5.55893E+21,8.5954E+15,5.01819E+16
22478,22479,6,5,31,5,2016,12,17,2,3,2,6,2,0,0,1,0,0,0,0,4.79148E+20,5.60294E+21,8.70549E+15,5.0578E+16
22479,22480,6,5,33,9,2016,12,16,6,3,2,6,1,0,0,1,0,0,0,0,4.31552E+20,5.58319E+21,8.03696E+15,5.03967E+16
22480,22481,6,4,40,23,2016,12,7,4,3,2,6,2,1,0,1,0,0,0,0,4.78119E+20,5.57211E+21,8.69277E+15,5.03007E+16
22481,22482,6,6,36,3,2016,12,14,6,2,4,6,0,0,0,1,0,0,0,0,5.71613E+20,5.66947E+21,1.00244E+16,5.11722E+16
22482,22483,6,6,11,0,2016,12,16,7,3,5,3,2,0,0,1,0,0,0,0,5.31556E+20,5.68418E+21,9.45272E+15,5.1308E+16
22483,22484,6,4,38,13,2016,12,18,6,3,5,2,2,0,0,1,0,0,0,0,4.99536E+20,5.54226E+21,8.99352E+15,5.00326E+16
22484,22485,6,4,33,5,2016,12,15,5,2,5,2,0,1,0,1,0,0,0,0,4.52159E+20,5.53693E+21,8.33269E+15,4.99828E+16
22485,22486,6,6,32,15,2016,12,21,1,3,8,1,2,0,0,1,0,0,0,0,5.38294E+20,5.62745E+21,9.54337E+15,5.07975E+16
22486,22487,6,4,12,0,2016,12,18,6,3,2,6,2,0,0,1,0,0,0,0,4.79941E+20,5.54584E+21,8.71973E+15,5.00645E+16
22487,22488,6,4,12,0,2016,12,17,4,3,2,6,2,1,0,1,0,0,0,0,4.79898E+20,5.54584E+21,8.71913E+15,5.00645E+16
22488,22489,6,4,40,4,2016,12,17,5,3,4,1,2,1,0,1,0,0,0,0,5.11558E+20,5.57227E+21,9.16229E+15,5.03025E+16
22489,22490,6,4,11,0,2016,12,7,3,3,3,6,2,0,0,1,0,0,1,0,4.73313E+20,5.51852E+21,8.62902E+15,4.98185E+16
22490,22491,6,6,11,0,2016,12,18,3,2,5,2,2,1,0,1,0,0,0,0,5.36121E+20,5.68143E+21,9.51793E+15,5.12831E+16
22491,22492,6,4,40,8,2016,12,17,4,3,5,2,2,1,0,1,0,0,0,0,4.84483E+20,5.57638E+21,8.78195E+15,5.03393E+16
22492,22493,6,5,32,22,2016,12,6,5,3,5,3,2,1,0,1,0,0,0,0,4.64151E+20,5.58657E+21,8.49527E+15,5.04301E+16
22493,22494,6,4,35,19,2016,12,8,2,2,2,6,1,1,0,0,0,0,1,0,4.87056E+20,5.55575E+21,8.81881E+15,5.01539E+16
22494,22495,6,4,39,14,2016,12,15,2,3,4,6,0,0,0,1,0,0,0,0,4.35367E+20,5.55147E+21,8.09604E+15,5.01119E+16
22495,22496,6,5,35,1,2016,12,23,6,2,8,1,2,1,0,1,0,0,0,0,5.1919E+20,5.62148E+21,9.27199E+15,5.07448E+16
22496,22497,6,6,31,20,2016,12,18,2,3,3,6,2,0,0,1,0,0,1,0,5.51782E+20,5.60061E+21,9.73099E+15,5.05551E+16
22497,22498,6,4,14,0,2016,12,9,4,3,6,2,0,1,0,1,1,0,0,0,4.42337E+20,5.54401E+21,8.19464E+15,5.00456E+16
22498,22499,6,4,35,19,2016,12,16,4,3,3,6,2,0,0,1,0,0,0,1,4.86662E+20,5.55483E+21,8.81333E+15,5.01455E+16
22499,22500,6,4,11,0,2016,12,19,3,3,5,3,2,1,0,1,0,0,0,0,4.75973E+20,5.52553E+21,8.66555E+15,4.98817E+16
22500,22501,6,4,11,0,2016,12,9,5,3,3,6,0,1,0,1,0,0,1,0,4.71263E+20,5.52388E+21,8.60012E+15,4.98666E+16
22501,22502,6,4,38,6,2016,12,21,3,3,5,2,2,1,0,1,0,0,0,0,4.77081E+20,5.53832E+21,8.68023E+15,4.99968E+16
22502,22503,6,6,33,28,2016,12,13,5,1,4,6,0,1,0,1,0,0,0,0,5.12013E+20,5.68171E+21,9.17226E+15,5.12866E+16
22503,22504,6,6,31,18,2016,12,16,3,3,5,3,2,1,0,1,0,0,0,0,5.43221E+20,5.58815E+21,9.60871E+15,5.04438E+16
22504,22505,6,6,11,0,2016,12,8,2,3,0,5,0,1,0,1,0,0,0,1,5.34787E+20,5.68654E+21,9.49929E+15,5.13291E+16
22505,22506,6,4,34,7,2016,12,15,3,3,2,6,0,0,0,1,0,0,0,0,4.65602E+20,5.57422E+21,8.51682E+15,5.03191E+16
22506,22507,6,4,12,0,2016,12,15,5,3,3,6,0,1,1,0,0,0,0,1,4.81975E+20,5.55497E+21,8.74772E+15,5.01467E+16
22507,22508,6,5,31,17,2016,12,20,7,3,5,3,2,0,0,1,0,0,0,0,4.8106E+20,5.61203E+21,8.73204E+15,5.06598E+16
22508,22509,6,6,34,4,2016,12,22,5,3,5,2,2,0,0,1,0,0,0,0,5.2216E+20,5.64689E+21,9.31563E+15,5.09732E+16
22509,22510,6,4,35,5,2016,12,13,3,3,8,1,0,0,0,1,0,0,0,0,5.18995E+20,5.57151E+21,9.26668E+15,5.02954E+16
22510,22511,6,5,35,16,2016,12,7,2,2,8,1,1,1,0,0,0,0,1,0,5.16013E+20,5.59777E+21,9.22593E+15,5.05316E+16
22511,22512,6,4,12,0,2016,12,13,3,3,2,6,0,0,0,1,0,0,0,0,4.76217E+20,5.54984E+21,8.66745E+15,5.01003E+16
22512,22513,6,5,32,8,2016,12,18,5,3,2,6,2,0,0,1,0,0,0,0,4.5657E+20,5.60757E+21,8.38609E+15,5.06184E+16
22513,22514,6,4,40,3,2016,12,10,2,1,4,1,0,0,0,1,0,0,0,0,4.80374E+20,5.56027E+21,8.72504E+15,5.01943E+16
22514,22515,6,4,32,4,2016,12,18,2,2,2,6,2,1,0,1,0,0,0,0,4.89913E+20,5.52651E+21,8.85957E+15,4.98909E+16
22515,22516,6,6,11,0,2016,12,17,3,3,5,7,2,1,0,1,0,0,0,1,5.33616E+20,5.68337E+21,9.48219E+15,5.13006E+16
22516,22517,6,4,33,10,2016,12,7,2,3,2,6,1,0,0,1,0,0,0,0,4.62621E+20,5.54171E+21,8.47815E+15,5.00265E+16
22517,22518,6,4,11,0,2016,12,7,4,3,2,6,0,0,0,1,0,0,0,0,4.80014E+20,5.52387E+21,8.72189E+15,4.98669E+16
22518,22519,6,6,35,22,2016,12,1,3,2,9,1,2,1,0,1,0,0,0,0,4.82592E+20,5.68209E+21,8.75035E+15,5.12898E+16
22519,22520,6,6,11,0,2016,12,16,3,3,5,2,0,1,0,1,0,0,0,0,5.30711E+20,5.68698E+21,9.44084E+15,5.13333E+16
22520,22521,6,4,14,0,2016,12,7,4,3,1,5,0,1,0,1,0,1,0,0,4.42464E+20,5.5439E+21,8.19643E+15,5.00446E+16
22521,22522,6,4,35,10,2016,12,20,3,3,5,3,2,1,0,1,0,0,0,0,5.13511E+20,5.55941E+21,9.18926E+15,5.01867E+16
22522,22523,6,4,12,0,2016,12,16,3,3,2,7,1,0,0,1,0,0,0,0,4.72574E+20,5.55355E+21,8.61625E+15,5.01335E+16
22523,22524,6,4,13,0,2016,12,20,1,3,3,6,2,1,0,1,0,0,0,0,4.80763E+20,5.54651E+21,8.73118E+15,5.00705E+16