FID,OBJECTID,ULAND,UREGBEZ,UKREIS,UGEMEINDE,UJAHR,UMONAT,USTUNDE,UWOCHENTAG,UKATEGORIE,UART,UTYP1,ULICHTVERH,IstStrasse,IstRad,IstPKW,IstFuss,IstKrad,IstGkfz,IstSonstig,LINREFX,LINREFY,XGCSWGS84,YGCSWGS84
22524,22525,6,4,12,0,2016,12,7,2,3,6,4,2,1,0,1,1,0,0,0,4.77215E+20,5.55707E+21,8.68098E+15,5.01654E+16
22525,22526,6,6,31,7,2016,12,8,2,2,5,3,0,1,0,1,0,0,0,1,5.57916E+20,5.62437E+21,9.82129E+15,5.07682E+16
22526,22527,6,4,32,8,2016,12,9,7,3,3,2,0,1,0,1,0,0,0,0,4.71556E+20,5.52385E+21,8.6042E+15,4.98664E+16
22527,22528,6,4,12,0,2016,12,11,2,3,0,7,0,0,0,1,0,0,1,0,4.81395E+20,5.54979E+21,8.73986E+15,5.01001E+16
22528,22529,6,6,31,15,2016,12,5,7,1,4,1,2,0,0,1,0,0,0,0,5.55215E+20,5.61657E+21,9.78183E+15,5.06983E+16
22529,22530,6,6,31,9,2016,12,17,1,2,8,1,2,1,0,1,0,0,0,0,5.48196E+20,5.59705E+21,9.67991E+15,5.05234E+16
22530,22531,6,4,38,10,2016,12,7,6,3,5,3,2,1,0,1,0,0,0,0,4.92172E+20,5.54631E+21,8.89061E+15,5.0069E+16
22531,22532,8,1,16,42,2016,1,17,7,3,4,6,2,1,0,1,0,0,0,0,5.18433E+20,5.38114E+21,9.24994E+15,4.85831E+16
22532,22533,6,5,31,14,2016,12,12,4,3,2,6,0,0,0,1,0,0,0,0,4.81606E+20,5.59434E+21,8.74064E+15,5.05007E+16
22533,22534,8,4,25,72,2016,1,18,3,2,6,4,2,1,0,1,1,0,0,0,5.82624E+20,5.37196E+21,1.01184E+16,4.84953E+16
22534,22535,6,4,31,14,2016,12,11,5,3,1,6,0,0,0,1,0,0,0,0,4.77829E+20,5.50681E+21,8.69247E+15,4.97134E+16
22535,22536,8,1,16,19,2016,1,8,2,3,9,1,1,1,0,1,0,0,0,0,5.22996E+20,5.39683E+21,9.31268E+15,4.87241E+16
22536,22537,6,4,11,0,2016,12,21,3,3,2,6,2,0,0,1,0,0,1,1,4.71108E+20,5.52298E+21,8.59804E+15,4.98586E+16
22537,22538,8,4,21,0,2016,1,9,7,2,5,3,0,1,0,1,0,0,0,1,5.69833E+20,5.35342E+21,9.94218E+15,4.83301E+16
22538,22539,6,5,33,5,2016,12,13,6,3,2,6,0,0,0,1,0,0,0,0,4.33358E+20,5.59614E+21,8.06006E+15,5.05134E+16
22539,22540,6,5,34,14,2016,12,13,7,3,8,1,0,0,0,1,0,0,0,0,4.84624E+20,5.62807E+21,8.78179E+15,5.08042E+16
22540,22541,6,4,39,7,2016,12,12,7,3,5,3,0,1,0,1,0,0,0,0,4.42828E+20,5.56346E+21,8.19858E+15,5.02206E+16
22541,22542,6,4,40,23,2016,12,18,6,3,8,7,2,1,0,1,0,0,0,0,4.76249E+20,5.56937E+21,8.66668E+15,5.0276E+16
22542,22543,6,4,32,23,2016,12,15,7,3,2,6,0,1,0,1,0,0,0,0,4.71581E+20,5.52643E+21,8.60437E+15,4.98896E+16
22543,22544,8,2,31,0,2016,1,3,6,3,9,1,2,1,0,1,0,0,0,0,4.7988E+20,5.41804E+21,8.72539E+15,4.8915E+16
22544,22545,6,4,40,3,2016,12,12,6,3,5,3,0,0,0,1,0,0,0,0,4.82727E+20,5.55993E+21,8.75802E+15,5.01913E+16
22545,22546,8,3,37,126,2016,1,15,6,3,3,6,0,0,0,1,0,0,0,0,4.48987E+20,5.27873E+21,8.32059E+15,4.76599E+16
22546,22547,6,4,12,0,2016,12,20,7,3,2,6,2,2,0,1,0,0,0,0,4.76084E+20,5.54906E+21,8.66564E+15,5.00933E+16
22547,22548,8,1,19,93,2016,1,18,3,3,4,1,2,1,0,1,0,0,1,0,5.22789E+20,5.40605E+21,9.31038E+15,4.8807E+16
22548,22549,6,6,35,9,2016,12,15,6,3,7,6,0,0,0,1,0,0,0,1,5.07415E+20,5.66852E+21,9.10606E+15,5.11681E+16
22549,22550,8,2,37,4,2016,1,0,1,1,9,1,2,1,0,1,0,0,0,0,4.55597E+20,5.3779E+21,8.3983E+15,4.85526E+16
22550,22551,8,2,25,68,2016,1,12,3,2,4,1,0,1,0,1,0,0,0,0,5.03809E+20,5.47029E+21,9.05248E+15,4.93853E+16
22551,22552,8,4,36,3,2016,1,1,1,2,8,1,2,2,0,1,0,0,0,0,5.7739E+20,5.30322E+21,1.0035E+16,4.78776E+16
22552,22553,6,6,34,19,2016,12,18,2,2,3,6,2,1,0,1,0,0,0,0,5.35561E+20,5.63398E+21,9.50522E+15,5.08564E+16
22553,22554,6,6,31,18,2016,12,0,6,2,9,1,2,2,0,1,0,0,0,1,5.43149E+20,5.58826E+21,9.6077E+15,5.04447E+16
22554,22555,8,3,15,37,2016,1,13,7,3,2,3,0,1,0,1,0,0,0,0,4.32366E+20,5.30217E+21,8.09561E+15,4.78693E+16
22555,22556,6,6,33,7,2016,12,7,6,2,9,1,1,1,0,1,0,0,0,0,5.33053E+20,5.69534E+21,9.47524E+15,5.14083E+16
22556,22557,6,5,31,2,2016,12,22,6,3,8,1,2,1,0,1,0,0,0,0,4.71246E+20,5.61143E+21,8.59324E+15,5.0654E+16
22557,22558,6,4,35,3,2016,12,13,7,3,3,6,0,1,0,1,0,0,0,0,5.19662E+20,5.56387E+21,9.27565E+15,5.02267E+16
22558,22559,8,1,36,82,2016,1,4,6,2,8,1,2,1,0,1,0,0,0,0,5.85016E+20,5.41679E+21,1.016E+16,4.88982E+16
22559,22560,6,6,32,6,2016,12,17,5,2,2,6,2,0,0,1,0,0,1,0,5.58489E+20,5.63757E+21,9.83152E+15,5.08869E+16
22560,22561,8,3,15,22,2016,1,18,2,3,5,3,2,1,0,1,0,0,0,0,3.97702E+20,5.30093E+21,7.63249E+15,4.78536E+16
22561,22562,8,1,11,0,2016,1,22,3,2,9,1,2,1,0,1,0,0,0,0,5.1057E+20,5.40017E+21,9.14381E+15,4.87545E+16
22562,22563,6,4,38,2,2016,12,12,6,2,2,2,0,0,0,1,0,0,0,0,4.80712E+20,5.54055E+21,8.73077E+15,5.00169E+16
22563,22564,6,4,38,9,2016,12,10,2,3,5,3,0,0,0,1,0,0,0,1,4.81997E+20,5.54468E+21,8.74852E+15,5.00541E+16
22564,22565,6,4,40,5,2016,12,17,6,3,2,6,2,1,0,1,0,0,0,0,4.78637E+20,5.58461E+21,8.69932E+15,5.04132E+16
22565,22566,8,1,18,3,2016,1,13,7,3,2,6,0,1,0,1,0,0,0,0,5.11327E+20,5.41774E+21,9.15459E+15,4.89125E+16
22566,22567,6,6,34,18,2016,12,12,1,3,9,1,0,1,0,1,0,0,0,0,5.26232E+20,5.67391E+21,9.37559E+15,5.1216E+16
22567,22568,6,4,12,0,2016,12,8,6,3,0,6,0,0,0,1,0,1,0,0,4.75259E+20,5.55205E+21,8.65392E+15,5.01202E+16
22568,22569,6,4,35,14,2016,12,15,6,3,3,6,0,1,0,1,0,0,0,0,4.97244E+20,5.55178E+21,8.96145E+15,5.01182E+16
22569,22570,8,2,36,40,2016,1,12,7,3,9,1,0,1,0,1,0,0,0,0,4.89653E+20,5.41923E+21,8.85874E+15,4.89259E+16
22570,22571,6,6,11,0,2016,12,10,6,3,5,3,0,2,0,1,0,0,0,0,5.34841E+20,5.68678E+21,9.50009E+15,5.13312E+16
22571,22572,6,5,31,18,2016,12,7,6,3,5,2,1,1,0,1,0,0,0,0,4.7923E+20,5.61204E+21,8.70615E+15,5.06598E+16
22572,22573,8,1,15,46,2016,1,13,6,3,4,6,0,1,0,1,0,0,0,0,5.09041E+20,5.39153E+21,9.12282E+15,4.86768E+16
22573,22574,6,6,32,3,2016,12,17,5,3,6,4,2,0,0,1,1,0,0,0,5.55416E+20,5.64561E+21,9.78907E+15,5.09594E+16
22574,22575,6,4,14,0,2016,12,21,4,3,0,2,2,0,0,1,0,0,0,1,4.45757E+20,5.54575E+21,8.24216E+15,5.00616E+16
22575,22576,8,2,25,52,2016,1,16,2,3,2,6,2,1,0,1,0,0,0,0,5.17857E+20,5.4782E+21,9.2464E+15,4.94562E+16
22576,22577,8,4,37,88,2016,1,13,2,3,4,7,0,1,0,1,0,0,0,0,5.17174E+20,5.31283E+21,9.23009E+15,4.79686E+16
22577,22578,6,4,32,1,2016,12,11,6,2,4,6,0,1,0,1,0,0,0,0,4.71347E+20,5.50982E+21,8.60233E+15,4.97402E+16
22578,22579,8,1,35,10,2016,1,20,1,3,8,1,2,0,0,1,0,0,0,0,6.02795E+20,5.39776E+21,1.03977E+16,4.87244E+16
22579,22580,6,5,34,9,2016,12,13,2,3,2,6,0,1,0,1,0,0,0,0,4.78433E+20,5.61739E+21,8.69455E+15,5.07079E+16
22580,22581,6,4,14,0,2016,12,9,5,3,6,4,0,0,0,1,1,0,0,0,4.50422E+20,5.54508E+21,8.30741E+15,5.00559E+16
22581,22582,6,5,35,13,2016,12,19,1,3,8,1,2,1,0,1,0,0,0,0,5.06899E+20,5.6072E+21,9.09752E+15,5.06166E+16
22582,22583,6,4,40,16,2016,12,18,6,2,6,7,2,0,0,1,1,0,0,0,5.0079E+20,5.58286E+21,9.01111E+15,5.03978E+16
22583,22584,8,1,19,83,2016,1,16,7,3,0,3,2,1,0,1,0,1,0,0,5.35397E+20,5.41912E+21,9.48321E+15,4.8924E+16
22584,22585,6,4,12,0,2016,12,10,4,3,3,6,0,0,0,1,0,0,1,0,4.70696E+20,5.55336E+21,8.58999E+15,5.01318E+16
22585,22586,6,5,34,10,2016,12,17,5,2,9,1,2,2,0,1,0,0,0,0,4.67596E+20,5.62832E+21,8.54012E+15,5.08057E+16
22586,22587,6,4,38,2,2016,12,18,3,2,5,2,2,1,0,1,0,0,0,0,4.77554E+20,5.53939E+21,8.68676E+15,5.00064E+16
22587,22588,8,1,19,8,2016,1,21,2,3,0,6,2,1,0,1,0,0,0,1,5.3272E+20,5.42525E+21,9.44715E+15,4.89793E+16
22588,22589,6,5,35,1,2016,12,12,3,3,2,6,0,0,0,1,0,0,0,0,5.26404E+20,5.62383E+21,9.3744E+15,5.07656E+16
22589,22590,6,4,38,9,2016,12,17,5,3,4,1,1,0,0,1,0,0,1,0,4.74153E+20,5.54412E+21,8.63898E+15,5.00488E+16
22590,22591,6,4,34,9,2016,12,14,4,2,9,1,0,0,0,1,0,0,0,0,4.617E+20,5.57138E+21,8.46231E+15,5.02933E+16
22591,22592,6,4,12,0,2016,12,14,3,2,6,4,0,0,0,1,1,0,0,0,4.67983E+20,5.55065E+21,8.55226E+15,5.01072E+16
22592,22593,8,1,17,2,2016,1,18,2,3,2,6,2,1,0,0,0,0,1,0,5.41274E+20,5.38679E+21,9.56019E+15,4.86328E+16
22593,22594,6,4,31,2,2016,12,17,3,3,5,3,1,0,0,1,0,1,0,0,4.71365E+20,5.5033E+21,8.60306E+15,4.96816E+16
22594,22595,6,5,35,1,2016,12,13,6,2,9,1,0,2,0,1,0,0,0,0,5.13517E+20,5.62347E+21,9.19165E+15,5.07629E+16
22595,22596,8,1,21,0,2016,1,18,1,3,5,3,2,1,0,1,0,0,0,0,5.06576E+20,5.44932E+21,9.09027E+15,4.91967E+16
22596,22597,6,4,36,9,2016,12,16,2,3,2,6,0,0,0,1,0,0,0,0,4.61964E+20,5.54643E+21,8.46851E+15,5.00689E+16
22597,22598,6,6,32,14,2016,12,5,1,2,8,7,2,1,0,0,0,0,1,0,5.38087E+20,5.64312E+21,9.54207E+15,5.09385E+16
22598,22599,6,4,40,11,2016,12,7,6,2,5,2,2,1,0,1,0,0,0,0,5.11348E+20,5.58356E+21,9.15968E+15,5.0404E+16
22599,22600,8,1,15,45,2016,1,13,7,3,2,6,0,1,0,1,0,0,0,0,5.00231E+20,5.39394E+21,9.00314E+15,4.86985E+16
22600,22601,6,4,14,0,2016,12,15,3,3,1,5,0,0,0,1,0,0,0,0,4.45605E+20,5.5437E+21,8.24032E+15,5.00431E+16
22601,22602,8,1,28,115,2016,1,21,3,2,9,1,2,1,0,0,0,0,1,0,5.47652E+20,5.49914E+21,9.66003E+15,4.96429E+16
22602,22603,6,6,31,9,2016,12,15,5,3,5,2,0,0,0,1,0,0,1,1,5.47954E+20,5.60091E+21,9.677E+15,5.05581E+16
22603,22604,8,1,11,0,2016,1,18,2,3,3,6,2,0,0,1,0,0,0,0,5.13317E+20,5.40434E+21,9.18131E+15,4.8792E+16
22604,22605,6,4,40,15,2016,12,12,3,3,2,6,0,0,0,1,0,0,0,0,4.79549E+20,5.59193E+21,8.71177E+15,5.0479E+16
22605,22606,8,3,35,75,2016,1,12,7,3,5,3,0,1,1,1,0,0,0,0,4.87657E+20,5.28948E+21,8.8353E+15,4.77585E+16
22606,22607,6,6,33,26,2016,12,11,6,2,1,5,0,1,0,1,0,0,0,0,5.33001E+20,5.69014E+21,9.474E+15,5.13616E+16
22607,22608,6,4,12,0,2016,12,5,7,3,8,1,2,2,0,1,0,0,0,0,4.71612E+20,5.54483E+21,8.60344E+15,5.00551E+16
22608,22609,6,4,31,15,2016,12,9,7,2,0,1,0,0,0,0,0,0,0,1,4.84173E+20,5.50642E+21,8.78047E+15,4.97101E+16
22609,22610,6,4,34,2,2016,12,10,6,3,2,6,0,0,0,1,0,0,0,0,4.75971E+20,5.56735E+21,8.66291E+15,5.02578E+16
22610,22611,8,4,35,54,2016,1,17,7,2,4,7,2,1,0,1,0,0,0,0,5.2343E+20,5.28074E+21,9.31216E+15,4.76797E+16
22611,22612,6,4,14,0,2016,12,19,6,3,6,4,2,0,0,1,1,0,0,0,4.44204E+20,5.54397E+21,8.22072E+15,5.00454E+16
22612,22613,6,6,36,12,2016,12,12,5,1,4,6,0,1,0,1,0,0,1,0,5.63224E+20,5.66702E+21,9.90397E+15,5.11511E+16
22613,22614,6,4,12,0,2016,12,16,7,2,0,7,1,0,0,1,0,0,0,1,4.6669E+20,5.55161E+21,8.5341E+15,5.01158E+16
22614,22615,6,5,32,10,2016,12,11,6,3,8,1,0,1,0,0,0,0,0,1,4.43369E+20,5.60542E+21,8.19983E+15,5.05979E+16
22615,22616,8,4,37,65,2016,1,3,6,3,8,1,2,1,0,1,0,0,0,0,5.16933E+20,5.31469E+21,9.22693E+15,4.79853E+16
22616,22617,8,1,25,59,2016,1,8,3,3,4,1,0,1,0,1,0,0,0,0,5.27501E+20,5.43852E+21,9.37674E+15,4.90989E+16
22617,22618,8,4,15,39,2016,1,15,1,3,5,2,0,0,0,1,0,0,0,0,5.30044E+20,5.37581E+21,9.40698E+15,4.85347E+16
22618,22619,6,6,34,14,2016,12,15,2,3,8,1,0,1,0,1,0,0,0,0,5.37124E+20,5.66449E+21,9.53056E+15,5.11307E+16
22619,22620,6,4,35,14,2016,12,11,6,3,2,6,0,0,0,1,0,0,0,1,4.94069E+20,5.55252E+21,8.91703E+15,5.01248E+16
22620,22621,8,2,12,0,2016,1,16,7,3,2,6,1,1,0,1,0,0,0,0,4.60138E+20,5.42444E+21,8.45532E+15,4.89716E+16
22621,22622,6,4,14,0,2016,12,8,6,3,0,4,0,1,0,0,1,0,0,1,4.44453E+20,5.54755E+21,8.22367E+15,5.00777E+16
22622,22623,6,5,33,3,2016,12,15,6,2,5,3,0,0,0,1,0,1,0,0,4.47312E+20,5.57255E+21,8.26017E+15,5.03027E+16
22623,22624,6,5,35,8,2016,12,7,6,3,6,4,2,1,0,1,1,0,0,0,5.31527E+20,5.60137E+21,9.44514E+15,5.05634E+16
22624,22625,8,1,27,99,2016,1,14,6,2,8,1,0,1,0,1,0,0,0,0,5.64222E+20,5.44783E+21,9.88122E+15,4.91799E+16
22625,22626,6,4,12,0,2016,12,4,5,2,2,6,2,0,0,1,0,0,0,1,4.7539E+20,5.55906E+21,8.65529E+15,5.01832E+16
22626,22627,8,2,15,101,2016,1,16,2,2,4,6,1,1,0,1,0,0,0,0,4.67367E+20,5.42392E+21,8.55414E+15,4.89673E+16
22627,22628,8,1,11,0,2016,1,11,3,3,2,6,0,0,0,1,0,0,0,0,5.12652E+20,5.4E+21,9.17212E+15,4.87529E+16
22628,22629,6,5,33,19,2016,12,12,6,3,5,2,0,1,0,1,0,0,0,0,4.48763E+20,5.58793E+21,8.27844E+15,5.04411E+16
22629,22630,8,2,22,0,2016,1,12,1,3,3,6,0,0,0,1,0,0,0,0,4.65072E+20,5.48157E+21,8.51776E+15,4.94858E+16
22630,22631,6,5,31,5,2016,12,2,7,2,0,4,2,1,0,1,1,0,0,0,4.79648E+20,5.60506E+21,8.71245E+15,5.05971E+16
22631,22632,8,2,36,65,2016,1,9,6,3,9,1,0,1,0,1,0,0,0,0,4.89072E+20,5.41583E+21,8.85091E+15,4.88953E+16
22632,22633,6,6,31,9,2016,12,6,5,3,2,2,2,2,0,1,0,0,0,0,5.4759E+20,5.59965E+21,9.6717E+15,5.05469E+16
22633,22634,6,4,32,2,2016,12,6,6,3,5,3,2,1,0,1,0,0,0,0,4.96744E+20,5.53544E+21,8.9546E+15,4.99713E+16
22634,22635,8,3,15,16,2016,1,16,6,3,9,1,1,1,0,1,0,0,0,0,4.31087E+20,5.30732E+21,8.07767E+15,4.79155E+16
22635,22636,6,4,35,3,2016,12,17,7,3,9,1,2,1,0,1,0,0,1,0,5.23226E+20,5.55658E+21,9.32518E+15,5.0161E+16
22636,22637,8,4,15,53,2016,1,9,2,2,9,1,0,2,0,1,0,0,0,0,5.34849E+20,5.35671E+21,9.47048E+15,4.83626E+16
22637,22638,8,1,18,81,2016,1,11,3,3,2,6,0,1,0,1,0,0,0,1,5.19647E+20,5.41401E+21,9.26796E+15,4.88787E+16
22638,22639,6,6,11,0,2016,12,13,6,3,5,3,0,0,0,1,0,0,0,0,5.31842E+20,5.68234E+21,9.45665E+15,5.12915E+16
22639,22640,6,6,33,25,2016,12,10,2,3,9,1,0,1,0,1,0,0,0,0,5.28785E+20,5.71501E+21,9.41547E+15,5.15854E+16
22640,22641,8,3,16,43,2016,1,18,1,2,5,2,2,0,0,1,0,1,0,0,4.09663E+20,5.32961E+21,7.78631E+15,4.81133E+16
22641,22642,6,4,36,4,2016,12,7,6,3,9,1,2,2,0,1,0,0,0,0,4.6032E+20,5.54493E+21,8.44569E+15,5.00554E+16
22642,22643,8,2,26,85,2016,1,12,7,3,2,6,0,1,0,1,0,0,0,0,4.89722E+20,5.45522E+21,8.85877E+15,4.92497E+16
22643,22644,6,4,12,0,2016,12,4,1,3,5,3,2,1,0,1,0,0,1,0,4.82333E+20,5.55206E+21,8.75286E+15,5.01206E+16
22644,22645,6,4,14,0,2016,12,14,6,3,2,6,0,0,0,1,0,0,0,0,4.47524E+20,5.54164E+21,8.2674E+15,5.00248E+16
22645,22646,6,4,39,2,2016,12,12,5,3,9,1,0,1,0,1,0,0,0,0,4.35089E+20,5.55933E+21,8.09081E+15,5.01826E+16
22646,22647,6,4,14,0,2016,12,11,4,3,2,6,0,0,0,1,0,0,0,0,4.44668E+20,5.54671E+21,8.22681E+15,5.00701E+16
22647,22648,8,2,16,7,2016,1,13,2,2,9,7,0,1,0,1,0,0,0,0,4.38918E+20,5.39029E+21,8.17047E+15,4.86627E+16
22648,22649,6,5,34,10,2016,12,17,6,3,9,1,2,2,0,1,0,0,0,0,4.66136E+20,5.62303E+21,8.51989E+15,5.0758E+16
22649,22650,8,1,27,8,2016,1,0,1,3,8,1,2,1,0,1,0,0,0,0,5.70706E+20,5.4608E+21,9.97247E+15,4.92959E+16
22650,22651,6,6,33,17,2016,12,14,2,3,2,6,0,1,0,1,0,0,0,0,5.38472E+20,5.68209E+21,9.55171E+15,5.12889E+16
22651,22652,6,5,34,6,2016,12,21,1,3,8,1,2,1,0,1,0,0,0,0,4.89051E+20,5.63728E+21,8.84434E+15,5.08871E+16
22652,22653,6,4,35,1,2016,12,11,2,3,9,1,0,1,0,1,0,0,0,0,5.28504E+20,5.55912E+21,9.39926E+15,5.01836E+16
22653,22654,6,6,32,2,2016,12,6,5,3,4,1,2,0,0,1,0,0,0,0,5.50927E+20,5.63669E+21,9.7239E+15,5.08796E+16
22654,22655,8,1,27,14,2016,1,16,7,3,4,1,1,1,0,1,0,0,0,1,5.78875E+20,5.44207E+21,1.00811E+16,4.91264E+16
22655,22656,6,4,40,4,2016,12,10,1,3,9,1,0,1,0,1,0,0,0,0,5.08339E+20,5.56664E+21,9.11697E+15,5.02519E+16
22656,22657,6,4,12,0,2016,12,17,6,3,6,2,2,1,0,1,1,0,0,0,4.82821E+20,5.55309E+21,8.75964E+15,5.01298E+16
22657,22658,6,4,32,8,2016,12,12,4,3,5,3,0,0,1,1,0,0,0,0,4.68134E+20,5.52224E+21,8.55671E+15,4.98518E+16
22658,22659,6,5,32,7,2016,12,17,5,3,6,6,2,0,0,1,1,0,0,0,4.42956E+20,5.60978E+21,8.19333E+15,5.06371E+16
22659,22660,6,4,40,4,2016,12,17,4,3,5,3,2,0,0,1,0,1,0,0,5.04953E+20,5.57167E+21,9.06954E+15,5.02972E+16
22660,22661,6,4,12,0,2016,12,13,3,3,5,3,0,0,0,1,0,0,0,0,4.80803E+20,5.55189E+21,8.73148E+15,5.0119E+16
22661,22662,8,1,35,16,2016,1,6,2,3,8,1,2,2,0,1,0,0,0,0,5.89732E+20,5.3902E+21,1.02185E+16,4.86584E+16
22662,22663,6,4,12,0,2016,12,21,3,3,5,2,2,0,0,1,0,0,0,0,4.825E+20,5.55456E+21,8.75508E+15,5.01431E+16
22663,22664,6,5,34,11,2016,12,18,6,2,1,5,2,0,0,1,0,0,0,0,4.95601E+20,5.63038E+21,8.93755E+15,5.08251E+16
22664,22665,8,1,19,91,2016,1,11,1,3,4,2,0,1,0,1,0,0,0,0,5.25771E+20,5.40694E+21,9.35104E+15,4.88149E+16
22665,22666,6,4,14,0,2016,12,17,6,3,8,1,2,1,0,1,0,0,0,0,4.41699E+20,5.55134E+21,8.18461E+15,5.01115E+16
22666,22667,6,6,36,14,2016,12,18,1,3,1,5,2,1,0,1,0,0,0,0,5.69554E+20,5.66681E+21,9.99442E+15,5.11486E+16
22667,22668,6,5,35,15,2016,12,13,7,3,6,4,0,1,0,0,1,1,0,0,5.39577E+20,5.61399E+21,9.56013E+15,5.06764E+16
22668,22669,6,6,33,17,2016,12,13,5,3,2,2,0,1,0,1,0,0,0,0,5.39147E+20,5.67823E+21,9.56096E+15,5.12541E+16
22669,22670,6,5,35,5,2016,12,15,7,3,9,6,0,1,0,1,0,0,0,0,5.02562E+20,5.61472E+21,9.03627E+15,5.06843E+16
22670,22671,6,4,32,22,2016,12,17,6,3,2,6,2,0,0,1,0,0,0,0,4.73916E+20,5.51185E+21,8.63786E+15,4.97586E+16
22671,22672,8,1,11,0,2016,1,17,7,3,2,6,2,1,0,1,0,0,0,1,5.15227E+20,5.4056E+21,9.20736E+15,4.88032E+16
22672,22673,8,1,21,0,2016,1,11,3,2,4,1,0,1,0,1,0,0,0,0,5.18231E+20,5.44418E+21,9.25E+15,4.91501E+16
22673,22674,6,5,34,14,2016,12,20,6,3,2,6,2,0,0,1,0,0,0,0,4.83001E+20,5.62631E+21,8.75884E+15,5.07883E+16
22674,22675,8,1,16,22,2016,1,3,7,3,9,1,2,1,0,1,0,0,0,0,5.23656E+20,5.38134E+21,9.32076E+15,4.85847E+16
22675,22676,6,4,11,0,2016,12,15,4,3,8,1,0,0,0,1,0,0,0,0,4.73259E+20,5.521E+21,8.62809E+15,4.98408E+16
22676,22677,8,1,36,19,2016,1,12,3,3,8,1,0,1,0,1,0,0,0,0,5.91805E+20,5.42633E+21,1.02547E+16,4.89831E+16
22677,22678,6,4,31,13,2016,12,13,5,3,2,2,0,0,0,1,0,0,0,0,4.64146E+20,5.49412E+21,8.50383E+15,4.95986E+16
22678,22679,8,1,16,33,2016,1,12,2,3,2,6,0,1,0,1,0,0,0,0,5.35605E+20,5.38752E+21,9.48332E+15,4.86397E+16
22679,22680,6,4,12,0,2016,12,18,3,3,2,6,2,0,0,1,0,0,0,0,4.70691E+20,5.55356E+21,8.5899E+15,5.01335E+16
22680,22681,8,4,25,140,2016,1,10,7,2,5,3,0,1,0,1,0,0,0,0,5.79901E+20,5.33753E+21,1.0075E+16,4.8186E+16
22681,22682,6,4,36,1,2016,12,3,6,3,8,1,2,1,0,1,0,0,0,0,4.64568E+20,5.55448E+21,8.50415E+15,5.01415E+16
22682,22683,6,6,11,0,2016,12,18,7,3,2,6,2,1,0,1,0,0,0,0,5.32265E+20,5.6843E+21,9.4629E+15,5.13091E+16
22683,22684,6,6,11,0,2016,12,16,5,3,6,4,2,1,0,0,1,0,0,1,5.34974E+20,5.6856E+21,9.50188E+15,5.13206E+16
22684,22685,6,4,32,23,2016,12,13,7,3,9,1,0,1,0,1,0,0,0,0,4.72215E+20,5.53042E+21,8.61291E+15,4.99255E+16
22685,22686,8,2,35,47,2016,1,5,6,3,8,1,2,1,0,1,0,0,0,0,4.79727E+20,5.39157E+21,8.72461E+15,4.86768E+16
22686,22687,6,5,34,21,2016,12,13,6,3,2,6,0,1,0,1,0,0,0,1,4.81513E+20,5.6387E+21,8.73711E+15,5.08997E+16
22687,22688,8,4,35,34,2016,1,6,6,3,8,1,2,0,0,1,0,0,0,0,5.3167E+20,5.28482E+21,9.42225E+15,4.7716E+16
22688,22689,6,6,11,0,2016,12,19,7,2,9,1,2,2,0,1,0,0,0,0,5.28648E+20,5.6888E+21,9.41137E+15,5.13498E+16
22689,22690,8,1,25,13,2016,1,17,3,3,4,1,2,1,0,1,0,0,0,0,5.0133E+20,5.44073E+21,9.01823E+15,4.91194E+16
22690,22691,8,3,37,32,2016,1,21,1,2,5,3,2,1,0,1,0,0,0,0,4.38584E+20,5.27382E+21,8.18274E+15,4.76149E+16
22691,22692,6,5,32,18,2016,12,10,6,3,9,1,0,2,0,1,0,0,0,0,4.62548E+20,5.59465E+21,8.47188E+15,5.05026E+16
22692,22693,8,2,36,4,2016,1,20,7,3,9,1,2,1,0,1,0,0,0,0,4.70435E+20,5.41243E+21,8.59689E+15,4.88641E+16
22693,22694,6,6,11,0,2016,12,11,6,3,3,6,0,0,0,1,0,0,0,0,5.35714E+20,5.68441E+21,9.51238E+15,5.13099E+16
22694,22695,8,1,11,0,2016,1,6,2,3,2,6,2,1,0,1,0,0,1,0,5.15576E+20,5.4053E+21,9.21211E+15,4.88005E+16
22695,22696,6,6,32,14,2016,12,12,2,3,9,1,0,1,0,1,0,0,0,0,5.39726E+20,5.64201E+21,9.56527E+15,5.09283E+16
22696,22697,6,6,31,18,2016,12,5,6,3,5,3,2,2,0,1,0,0,0,0,5.43562E+20,5.58779E+21,9.61347E+15,5.04405E+16
22697,22698,8,3,26,74,2016,1,11,7,2,4,7,0,1,0,1,0,0,1,0,4.57728E+20,5.32635E+21,8.43234E+15,4.8089E+16
22698,22699,6,4,37,6,2016,12,12,6,3,5,3,0,0,0,1,0,0,0,0,4.99641E+20,5.49998E+21,8.99503E+15,4.96524E+16
22699,22700,6,5,31,11,2016,12,14,7,3,8,1,0,1,0,1,0,0,0,0,4.83036E+20,5.59112E+21,8.76094E+15,5.04718E+16
22700,22701,6,5,34,20,2016,12,0,7,3,9,1,2,0,0,1,0,0,0,0,4.76598E+20,5.62332E+21,8.6682E+15,5.07611E+16
22701,22702,8,1,36,65,2016,1,11,6,3,9,1,0,0,0,1,0,0,0,0,5.63295E+20,5.40952E+21,9.86253E+15,4.88354E+16
22702,22703,6,5,32,15,2016,12,16,5,2,5,2,0,0,0,1,0,0,0,0,4.68837E+20,5.60229E+21,8.55992E+15,5.05717E+16
22703,22704,8,3,35,43,2016,1,13,2,3,5,3,0,1,0,1,0,0,0,0,5.12283E+20,5.28079E+21,9.16365E+15,4.76804E+16
22704,22705,8,1,16,71,2016,1,16,3,3,6,4,1,0,0,1,1,0,0,0,5.27926E+20,5.39111E+21,9.37932E+15,4.86725E+16