FID,OBJECTID,ULAND,UREGBEZ,UKREIS,UGEMEINDE,UJAHR,UMONAT,USTUNDE,UWOCHENTAG,UKATEGORIE,UART,UTYP1,ULICHTVERH,IstStrasse,IstRad,IstPKW,IstFuss,IstKrad,IstGkfz,IstSonstig,LINREFX,LINREFY,XGCSWGS84,YGCSWGS84
22705,22706,6,6,34,7,2016,12,4,6,3,9,7,2,2,0,0,0,0,0,1,5.24487E+20,5.67033E+21,9.35035E+15,5.11839E+16
22706,22707,6,4,35,27,2016,12,3,2,2,8,1,2,1,0,1,0,0,0,0,5.45385E+20,5.56774E+21,9.63672E+15,5.02601E+16
22707,22708,8,2,36,72,2016,1,11,1,3,1,5,0,0,0,1,0,0,0,0,4.66322E+20,5.41365E+21,8.5407E+15,4.88749E+16
22708,22709,6,5,31,18,2016,12,3,6,3,9,1,2,1,0,0,0,0,0,1,4.7562E+20,5.60629E+21,8.65545E+15,5.0608E+16
22709,22710,8,1,15,42,2016,1,11,7,3,8,1,0,1,0,1,0,0,0,0,4.93774E+20,5.40684E+21,8.91519E+15,4.88145E+16
22710,22711,6,4,11,0,2016,12,5,1,3,2,6,2,1,0,1,0,0,0,0,4.74344E+20,5.52238E+21,8.64309E+15,4.98533E+16
22711,22712,6,4,13,0,2016,12,13,6,1,2,7,0,0,0,1,1,0,0,0,4.84605E+20,5.5504E+21,8.78472E+15,5.01057E+16
22712,22713,6,4,38,4,2016,12,8,5,3,6,2,1,0,0,1,1,0,0,0,4.95472E+20,5.54746E+21,8.93671E+15,5.00794E+16
22713,22714,6,4,34,4,2016,12,19,4,2,8,1,2,0,0,1,0,0,0,0,4.63702E+20,5.57978E+21,8.4896E+15,5.03689E+16
22714,22715,6,4,36,12,2016,12,0,3,3,2,6,2,0,0,1,0,0,0,0,4.66503E+20,5.55175E+21,8.53146E+15,5.01171E+16
22715,22716,8,1,17,26,2016,1,12,6,3,4,6,0,0,0,1,0,0,0,0,5.49762E+20,5.39564E+21,9.67646E+15,4.87118E+16
22716,22717,6,4,36,12,2016,12,10,5,3,2,6,0,0,0,1,0,0,0,0,4.66429E+20,5.55185E+21,8.53041E+15,5.0118E+16
22717,22718,6,5,35,8,2016,12,1,4,2,9,1,2,0,0,1,0,0,0,0,5.28339E+20,5.60282E+21,9.40023E+15,5.05766E+16
22718,22719,8,2,26,85,2016,1,17,2,3,4,6,2,1,0,1,0,0,0,0,4.88768E+20,5.45487E+21,8.84567E+15,4.92465E+16
22719,22720,8,4,37,78,2016,1,3,2,3,4,1,2,2,0,0,0,0,1,0,5.08363E+20,5.31683E+21,9.11212E+15,4.80047E+16
22720,22721,6,5,32,7,2016,12,8,6,3,5,3,0,0,0,1,0,0,0,0,4.42746E+20,5.60798E+21,8.19064E+15,5.06209E+16
22721,22722,8,1,18,48,2016,1,12,1,3,9,1,0,1,0,1,0,0,0,0,5.114E+20,5.41857E+21,9.15561E+15,4.89199E+16
22722,22723,6,5,34,14,2016,12,11,2,3,3,6,0,1,0,1,0,0,0,0,4.82982E+20,5.62612E+21,8.75857E+15,5.07865E+16
22723,22724,6,6,33,7,2016,12,23,5,3,8,1,2,2,0,1,0,0,0,0,5.33037E+20,5.69523E+21,9.47499E+15,5.14073E+16
22724,22725,8,1,25,49,2016,1,12,7,3,8,1,0,1,0,1,0,0,0,0,4.99918E+20,5.44778E+21,8.99888E+15,4.91829E+16
22725,22726,6,5,35,1,2016,12,18,1,3,5,3,2,1,0,1,0,0,0,0,5.18976E+20,5.62284E+21,9.26903E+15,5.0757E+16
22726,22727,6,5,34,13,2016,12,18,6,3,8,1,2,1,0,1,0,0,0,0,4.7277E+20,5.61714E+21,8.61438E+15,5.07055E+16
22727,22728,8,1,19,68,2016,1,11,7,2,1,3,0,0,1,1,0,0,0,0,5.25586E+20,5.41387E+21,9.34896E+15,4.88773E+16
22728,22729,6,5,34,12,2016,12,9,4,3,1,5,0,0,0,1,0,0,1,0,4.79091E+20,5.63443E+21,8.7029E+15,5.08612E+16
22729,22730,6,5,32,19,2016,12,16,5,3,8,1,2,2,0,1,0,0,0,0,4.59746E+20,5.62156E+21,8.42946E+15,5.07444E+16
22730,22731,6,4,37,3,2016,12,16,4,2,3,6,1,0,0,1,0,1,0,0,4.91266E+20,5.51135E+21,8.87874E+15,4.97545E+16
22731,22732,6,4,39,13,2016,12,19,3,3,3,6,2,0,0,1,0,0,0,1,4.21798E+20,5.5395E+21,7.90874E+15,5.00027E+16
22732,22733,8,1,19,79,2016,1,11,2,3,2,6,0,0,0,1,0,0,0,0,5.21594E+20,5.4114E+21,9.29438E+15,4.88552E+16
22733,22734,6,6,33,3,2016,12,5,3,3,3,6,2,0,0,1,0,0,0,1,5.31009E+20,5.67856E+21,9.44438E+15,5.12575E+16
22734,22735,8,1,11,0,2016,1,5,1,3,2,7,2,0,0,1,0,0,0,0,5.12856E+20,5.40584E+21,9.17509E+15,4.88054E+16
22735,22736,6,6,35,3,2016,12,19,6,3,5,3,2,0,0,1,0,0,0,0,5.10212E+20,5.66333E+21,9.14592E+15,5.11214E+16
22736,22737,6,4,13,0,2016,12,12,1,3,2,6,0,0,0,1,0,0,0,0,4.84085E+20,5.54776E+21,8.77756E+15,5.00819E+16
22737,22738,8,1,17,28,2016,1,5,2,2,9,1,2,1,0,1,0,0,0,0,5.46386E+20,5.38414E+21,9.62927E+15,4.86086E+16
22738,22739,6,4,36,2,2016,12,8,3,3,6,2,1,1,0,1,1,0,0,0,4.56198E+20,5.55449E+21,8.38702E+15,5.0141E+16
22739,22740,6,5,35,1,2016,12,18,6,3,9,1,2,1,0,1,0,0,0,0,5.22334E+20,5.62463E+21,9.31675E+15,5.0773E+16
22740,22741,8,1,25,65,2016,1,16,1,3,5,3,0,1,0,1,0,0,0,0,5.16229E+20,5.44906E+21,9.22274E+15,4.91941E+16
22741,22742,6,6,32,2,2016,12,9,2,3,8,1,0,1,0,1,0,0,0,0,5.45429E+20,5.63318E+21,9.64532E+15,5.08485E+16
22742,22743,6,6,33,17,2016,12,10,1,3,8,1,0,1,0,1,0,0,0,0,5.36012E+20,5.67915E+21,9.51613E+15,5.12626E+16
22743,22744,6,6,31,11,2016,12,22,6,3,8,1,2,1,0,1,0,0,0,0,5.37579E+20,5.59941E+21,9.53038E+15,5.05454E+16
22744,22745,8,1,16,35,2016,1,15,7,3,5,3,0,1,1,0,0,0,0,1,5.26974E+20,5.39189E+21,9.36644E+15,4.86795E+16
22745,22746,6,4,12,0,2016,12,17,3,3,2,6,2,0,0,1,0,0,0,0,4.65861E+20,5.54294E+21,8.52327E+15,5.00378E+16
22746,22747,8,1,28,61,2016,1,2,3,3,9,1,2,1,0,1,0,0,0,0,5.43532E+20,5.49647E+21,9.60267E+15,4.96192E+16
22747,22748,6,4,33,11,2016,12,14,5,3,5,3,0,0,0,1,0,0,0,0,4.59949E+20,5.52294E+21,8.44279E+15,4.98576E+16
22748,22749,8,1,15,51,2016,1,5,2,3,7,1,2,1,0,1,0,0,0,0,5.05464E+20,5.38223E+21,9.0741E+15,4.85931E+16
22749,22750,6,5,31,12,2016,12,15,3,3,2,6,0,0,0,1,0,0,0,0,4.74497E+20,5.59691E+21,8.64022E+15,5.05236E+16
22750,22751,8,3,16,37,2016,1,16,7,3,2,6,2,1,0,1,0,0,0,0,4.08778E+20,5.33241E+21,7.77382E+15,4.81384E+16
22751,22752,6,6,34,3,2016,12,18,6,3,8,1,2,0,0,1,0,0,0,0,5.27411E+20,5.66345E+21,9.39166E+15,5.11219E+16
22752,22753,6,6,31,21,2016,12,17,7,3,1,1,2,1,0,1,0,0,0,0,5.61766E+20,5.59361E+21,9.87076E+15,5.04912E+16
22753,22754,6,4,39,11,2016,12,11,7,3,4,1,0,1,0,1,0,0,0,0,4.49681E+20,5.55895E+21,8.29524E+15,5.01806E+16
22754,22755,6,6,11,0,2016,12,17,5,3,2,5,2,1,0,1,0,0,0,0,5.33852E+20,5.68393E+21,9.48563E+15,5.13057E+16
22755,22756,6,4,32,23,2016,12,18,7,3,3,6,2,0,0,1,0,0,0,0,4.71835E+20,5.52851E+21,8.60775E+15,4.99083E+16
22756,22757,8,2,36,71,2016,1,15,6,2,8,7,0,0,1,0,0,0,0,0,4.68648E+20,5.42081E+21,8.57187E+15,4.89394E+16
22757,22758,6,5,31,5,2016,12,13,6,3,2,6,0,0,0,1,0,0,0,0,4.77721E+20,5.60253E+21,8.68536E+15,5.05742E+16
22758,22759,8,3,37,38,2016,1,9,6,2,4,1,0,2,0,1,0,0,0,0,4.31714E+20,5.27605E+21,8.09099E+15,4.76342E+16
22759,22760,6,4,38,2,2016,12,12,7,3,1,5,0,0,1,1,0,0,0,0,4.79355E+20,5.53866E+21,8.71193E+15,4.99999E+16
22760,22761,8,4,21,0,2016,1,23,2,3,8,1,2,1,0,1,0,0,0,0,5.69317E+20,5.35731E+21,9.93587E+15,4.83652E+16
22761,22762,6,4,14,0,2016,12,7,5,3,1,5,1,1,0,1,0,0,0,0,4.44052E+20,5.54887E+21,8.21788E+15,5.00895E+16
22762,22763,6,5,35,14,2016,12,11,7,3,2,6,0,1,0,1,0,0,0,0,5.1406E+20,5.61835E+21,9.19916E+15,5.07168E+16
22763,22764,6,6,33,4,2016,12,10,6,3,2,6,0,1,0,1,0,0,1,0,5.1217E+20,5.69486E+21,9.17496E+15,5.14048E+16
22764,22765,8,4,37,114,2016,1,4,6,3,9,1,2,2,0,1,0,0,0,0,5.13986E+20,5.33661E+21,9.18815E+15,4.81826E+16
22765,22766,8,1,25,107,2016,1,14,3,2,4,6,0,1,0,1,0,0,0,0,5.30977E+20,5.43544E+21,9.42412E+15,4.9071E+16
22766,22767,8,4,36,55,2016,1,23,1,3,9,1,2,2,0,1,0,0,0,0,5.74406E+20,5.29669E+21,9.994E+15,4.78192E+16
22767,22768,6,6,34,14,2016,12,14,2,3,9,1,0,1,0,1,0,0,0,0,5.38852E+20,5.6663E+21,9.55544E+15,5.11468E+16
22768,22769,6,6,31,9,2016,12,17,6,3,9,1,1,0,0,0,0,1,0,0,5.4823E+20,5.59644E+21,9.68031E+15,5.05179E+16
22769,22770,8,3,15,108,2016,1,10,7,3,5,3,0,1,0,1,0,0,0,0,4.03732E+20,5.30396E+21,7.71239E+15,4.78817E+16
22770,22771,6,6,33,28,2016,12,6,6,2,9,7,2,1,0,1,0,0,0,0,5.14126E+20,5.68814E+21,9.20282E+15,5.13444E+16
22771,22772,6,5,31,13,2016,12,6,6,3,9,1,2,1,0,0,0,1,0,0,4.7917E+20,5.60954E+21,8.70544E+15,5.06374E+16
22772,22773,8,1,28,139,2016,1,4,6,3,9,1,2,1,0,1,0,0,0,0,5.52077E+20,5.49212E+21,9.7204E+15,4.95794E+16
22773,22774,6,4,12,0,2016,12,14,5,3,3,6,0,0,0,1,0,0,0,1,4.80936E+20,5.55143E+21,8.73336E+15,5.01148E+16
22774,22775,8,3,11,0,2016,1,11,2,3,9,1,0,1,0,1,0,0,0,0,4.15398E+20,5.31555E+21,7.86612E+15,4.79876E+16
22775,22776,8,1,11,0,2016,1,4,3,3,8,1,2,1,0,1,0,0,0,0,5.16849E+20,5.40363E+21,9.22937E+15,4.87854E+16
22776,22777,6,4,35,26,2016,12,18,6,2,8,1,2,2,0,1,0,0,0,0,4.89426E+20,5.56001E+21,8.85186E+15,5.01921E+16
22777,22778,8,2,22,0,2016,1,13,1,3,2,6,0,0,0,1,0,0,0,0,4.60839E+20,5.48233E+21,8.45925E+15,4.94923E+16
22778,22779,6,5,33,17,2016,12,13,2,2,8,1,0,1,0,1,0,0,0,0,4.46528E+20,5.59368E+21,8.24615E+15,5.04926E+16
22779,22780,6,6,34,11,2016,12,11,5,2,8,1,0,2,0,1,0,0,0,0,5.35396E+20,5.64832E+21,9.50428E+15,5.09854E+16
22780,22781,8,1,27,76,2016,1,15,7,3,4,2,0,1,0,1,0,0,0,0,5.51891E+20,5.44094E+21,9.71115E+15,4.91191E+16
22781,22782,6,5,33,17,2016,12,15,1,3,5,2,0,1,0,1,0,0,0,0,4.45815E+20,5.59362E+21,8.23611E+15,5.0492E+16
22782,22783,8,1,18,48,2016,1,19,3,3,1,6,2,1,0,1,0,0,0,0,5.14241E+20,5.41526E+21,9.19427E+15,4.88901E+16
22783,22784,6,6,33,2,2016,12,22,6,3,8,1,2,1,0,1,0,0,0,0,5.29926E+20,5.71922E+21,9.43229E+15,5.16232E+16
22784,22785,8,3,17,51,2016,1,5,1,3,9,1,2,1,0,1,0,0,0,0,4.45867E+20,5.34227E+21,8.27104E+15,4.82314E+16
22785,22786,6,4,39,8,2016,12,21,6,3,2,6,2,0,0,1,0,0,0,0,4.46223E+20,5.56616E+21,8.24579E+15,5.02452E+16
22786,22787,8,2,25,33,2016,1,16,7,2,4,1,2,1,0,1,0,0,0,0,5.07359E+20,5.46008E+21,9.10121E+15,4.92935E+16
22787,22788,6,4,12,0,2016,12,0,1,2,6,4,2,0,0,1,1,0,0,0,4.75222E+20,5.55638E+21,8.65311E+15,5.01591E+16
22788,22789,6,6,33,2,2016,12,16,6,3,1,5,2,0,0,1,0,0,0,0,5.31283E+20,5.72147E+21,9.4521E+15,5.16433E+16
22789,22790,6,4,14,0,2016,12,13,6,3,5,2,0,0,0,1,0,0,0,0,4.52898E+20,5.54494E+21,8.34202E+15,5.00549E+16
22790,22791,8,1,11,0,2016,1,15,6,3,2,6,0,0,0,1,0,0,0,0,5.12784E+20,5.40761E+21,9.17417E+15,4.88213E+16
22791,22792,6,4,39,15,2016,12,13,5,3,8,1,0,2,0,1,0,0,0,0,4.39099E+20,5.55911E+21,8.14701E+15,5.0181E+16
22792,22793,6,4,14,0,2016,12,16,4,3,6,2,1,0,0,1,1,0,0,0,4.44649E+20,5.5476E+21,8.22641E+15,5.00781E+16
22793,22794,8,2,22,0,2016,1,4,2,2,2,6,2,1,0,0,0,1,0,1,4.60447E+20,5.48226E+21,8.45383E+15,4.94917E+16
22794,22795,6,4,32,8,2016,12,13,6,3,5,3,0,0,0,1,0,0,1,0,4.67067E+20,5.52405E+21,8.54173E+15,4.9868E+16
22795,22796,8,1,28,131,2016,1,20,1,2,0,6,2,1,0,1,0,0,0,0,5.438E+20,5.5126E+21,9.6082E+15,4.97643E+16
22796,22797,6,4,40,14,2016,12,8,2,3,9,1,1,1,0,1,0,0,0,0,4.98497E+20,5.56914E+21,8.9789E+15,5.02744E+16
22797,22798,6,4,13,0,2016,12,23,5,3,3,7,2,0,0,1,0,0,0,0,4.82829E+20,5.54857E+21,8.75996E+15,5.00892E+16
22798,22799,6,4,33,12,2016,12,22,1,3,5,3,2,0,0,1,0,0,0,0,4.58755E+20,5.53862E+21,8.42451E+15,4.99984E+16
22799,22800,6,4,14,0,2016,12,0,6,2,3,6,2,1,0,1,0,0,0,0,4.49883E+20,5.54444E+21,8.29997E+15,5.00502E+16
22800,22801,8,1,17,51,2016,1,19,7,3,5,3,2,1,0,1,0,0,0,0,5.42873E+20,5.39274E+21,9.5825E+15,4.86862E+16
22801,22802,6,4,33,12,2016,12,23,4,2,3,6,2,0,0,1,0,0,0,0,4.5845E+20,5.53599E+21,8.42053E+15,4.99748E+16
22802,22803,8,1,36,46,2016,1,23,3,3,8,1,2,1,0,1,0,0,0,0,5.79687E+20,5.42038E+21,1.0088E+16,4.89312E+16
22803,22804,6,4,12,0,2016,12,13,6,3,2,3,0,0,0,1,0,0,0,1,4.75109E+20,5.54851E+21,8.65205E+15,5.00884E+16
22804,22805,6,5,32,6,2016,12,17,4,3,3,6,2,0,0,1,0,0,0,0,4.52127E+20,5.62436E+21,8.32112E+15,5.07691E+16
22805,22806,6,4,36,7,2016,12,8,5,2,5,2,0,0,0,1,0,0,0,0,4.54092E+20,5.55076E+21,8.358E+15,5.01073E+16
22806,22807,6,4,35,12,2016,12,6,4,3,9,1,2,0,0,1,0,0,0,0,5.11272E+20,5.56624E+21,9.1581E+15,5.02482E+16
22807,22808,6,4,12,0,2016,12,20,3,3,3,6,2,0,0,1,0,0,0,0,4.72221E+20,5.54983E+21,8.61159E+15,5.01001E+16
22808,22809,8,1,15,21,2016,1,11,2,3,2,6,0,1,0,1,0,0,0,0,4.91844E+20,5.3778E+21,8.88947E+15,4.85533E+16
22809,22810,6,5,34,16,2016,12,11,3,3,2,6,0,0,0,1,0,0,0,0,5.08071E+20,5.63316E+21,9.11466E+15,5.08501E+16
22810,22811,6,5,35,1,2016,12,4,6,3,8,1,2,2,0,1,0,0,0,0,5.19402E+20,5.62055E+21,9.27495E+15,5.07364E+16
22811,22812,8,1,19,79,2016,1,20,1,3,4,6,2,1,0,1,0,0,0,0,5.2304E+20,5.41528E+21,9.31431E+15,4.88901E+16
22812,22813,6,4,32,23,2016,12,22,2,2,0,7,2,0,0,1,0,0,0,0,4.72157E+20,5.53178E+21,8.612E+15,4.99377E+16
22813,22814,6,4,12,0,2016,12,19,1,3,9,1,2,0,0,1,0,0,0,0,4.72328E+20,5.54659E+21,8.61331E+15,5.0071E+16
22814,22815,6,4,35,3,2016,12,10,7,3,3,1,0,1,0,1,0,0,0,0,5.17625E+20,5.56342E+21,9.24707E+15,5.02227E+16
22815,22816,6,5,33,9,2016,12,15,6,3,2,6,0,0,0,1,0,0,0,0,4.34058E+20,5.58337E+21,8.07219E+15,5.03987E+16
22816,22817,8,1,11,0,2016,1,15,7,3,5,3,0,1,0,1,0,0,0,0,5.0716E+20,5.4073E+21,9.09754E+15,4.88186E+16
22817,22818,8,1,27,12,2016,1,17,3,3,4,6,2,1,0,1,0,0,0,0,5.66166E+20,5.43376E+21,9.90558E+15,4.90531E+16
22818,22819,6,6,31,6,2016,12,15,5,3,2,2,0,2,0,1,0,0,0,0,5.5219E+20,5.58807E+21,9.735E+15,5.04423E+16
22819,22820,8,1,11,0,2016,1,7,2,3,0,3,2,1,1,1,0,0,0,0,5.15428E+20,5.40588E+21,9.21012E+15,4.88057E+16
22820,22821,6,5,31,5,2016,12,4,2,3,9,1,2,1,0,1,0,0,0,0,4.77428E+20,5.60396E+21,8.68114E+15,5.05871E+16
22821,22822,8,3,27,50,2016,1,14,7,3,2,6,0,1,0,1,0,0,0,0,4.86837E+20,5.3151E+21,8.82357E+15,4.79891E+16
22822,22823,6,6,33,23,2016,12,0,6,2,9,1,2,2,0,1,0,0,0,0,5.21406E+20,5.68214E+21,9.30698E+15,5.12902E+16
22823,22824,6,5,34,19,2016,12,15,5,2,8,7,0,2,0,1,0,0,0,0,4.6408E+20,5.62928E+21,8.49013E+15,5.08141E+16
22824,22825,8,1,18,79,2016,1,14,2,3,8,1,0,1,0,1,0,0,0,0,5.07236E+20,5.42512E+21,9.09889E+15,4.89789E+16
22825,22826,6,4,12,0,2016,12,17,3,3,2,3,1,0,0,1,0,0,0,0,4.707E+20,5.55345E+21,8.59004E+15,5.01326E+16
22826,22827,8,4,26,128,2016,1,21,7,2,0,1,2,1,1,0,0,0,0,0,5.59443E+20,5.33098E+21,9.79888E+15,4.81293E+16
22827,22828,6,6,32,3,2016,12,10,6,3,5,3,0,1,0,1,0,0,0,0,5.55416E+20,5.64561E+21,9.78906E+15,5.09594E+16
22828,22829,6,4,14,0,2016,12,15,7,3,2,6,0,0,0,1,0,0,0,0,4.44767E+20,5.5475E+21,8.22807E+15,5.00772E+16
22829,22830,6,4,14,0,2016,12,8,5,3,3,6,1,1,0,1,0,1,0,0,4.46606E+20,5.54558E+21,8.25403E+15,5.00601E+16
22830,22831,6,4,14,0,2016,12,11,7,3,8,6,0,0,0,1,0,0,1,0,4.54455E+20,5.54768E+21,8.36344E+15,5.00797E+16
22831,22832,6,4,31,6,2016,12,10,6,3,9,6,0,1,0,1,0,0,0,1,4.67917E+20,5.50253E+21,8.55533E+15,4.96744E+16
22832,22833,8,4,36,55,2016,1,7,6,2,9,1,2,1,0,1,0,0,0,0,5.7107E+20,5.29567E+21,9.94927E+15,4.78104E+16
22833,22834,8,1,25,65,2016,1,12,3,3,5,3,0,1,0,1,0,0,0,0,5.14922E+20,5.44985E+21,9.20484E+15,4.92012E+16
22834,22835,8,3,25,72,2016,1,12,1,3,3,6,0,1,0,1,0,0,0,0,4.69267E+20,5.32758E+21,8.5872E+15,4.81008E+16
22835,22836,6,5,32,1,2016,12,16,6,3,5,3,0,1,0,1,0,0,0,0,4.61652E+20,5.60469E+21,8.45822E+15,5.05929E+16
22836,22837,8,2,31,0,2016,1,18,7,3,2,6,2,1,0,1,0,0,0,0,4.84646E+20,5.41299E+21,8.79063E+15,4.88697E+16
22837,22838,6,4,35,27,2016,12,15,6,3,2,6,0,1,0,1,0,0,0,0,5.42252E+20,5.57444E+21,9.59352E+15,5.03205E+16
22838,22839,6,6,33,24,2016,12,3,6,2,8,1,2,2,0,1,0,0,0,0,5.36049E+20,5.67745E+21,9.51649E+15,5.12472E+16
22839,22840,8,1,19,67,2016,1,19,6,3,9,1,2,1,0,1,0,0,0,0,5.36075E+20,5.41075E+21,9.49173E+15,4.88487E+16
22840,22841,6,4,12,0,2016,12,19,5,3,2,6,2,1,0,1,0,0,0,0,4.66607E+20,5.55164E+21,8.53293E+15,5.01161E+16
22841,22842,6,4,36,6,2016,12,15,7,3,8,1,0,1,0,1,0,0,0,0,4.55974E+20,5.54498E+21,8.38498E+15,5.00555E+16
22842,22843,6,4,33,3,2016,12,11,7,3,5,2,0,1,0,1,0,0,0,0,4.6618E+20,5.52991E+21,8.52887E+15,4.99206E+16
22843,22844,8,1,18,46,2016,1,7,6,2,9,1,2,1,0,1,0,0,0,0,5.14859E+20,5.41268E+21,9.20262E+15,4.88669E+16
22844,22845,6,4,35,14,2016,12,16,5,3,5,3,1,0,1,1,0,0,0,0,4.93587E+20,5.55463E+21,8.91025E+15,5.01439E+16
22845,22846,6,4,40,8,2016,12,21,6,3,2,6,2,0,0,1,0,0,0,0,4.78195E+20,5.57476E+21,8.69368E+15,5.03246E+16
22846,22847,8,3,15,131,2016,1,3,6,2,4,6,2,1,0,1,0,0,0,0,4.06083E+20,5.30936E+21,7.74265E+15,4.79307E+16
22847,22848,6,5,32,13,2016,12,18,7,3,4,6,2,1,0,1,0,0,0,0,4.61074E+20,5.61352E+21,8.44913E+15,5.06723E+16
22848,22849,8,3,37,108,2016,1,7,2,3,4,6,1,2,0,1,0,0,0,0,4.2389E+20,5.28348E+21,7.98556E+15,4.77002E+16
22849,22850,8,1,15,3,2016,1,8,3,2,4,1,0,2,0,1,0,0,0,0,5.0369E+20,5.39446E+21,9.05015E+15,4.87032E+16
22850,22851,6,6,11,0,2016,12,12,6,3,2,6,0,1,0,1,0,0,0,0,5.3321E+20,5.68256E+21,9.47629E+15,5.12934E+16
22851,22852,6,6,36,11,2016,12,18,2,3,5,2,2,1,0,1,0,0,0,0,5.68011E+20,5.66105E+21,9.97127E+15,5.10969E+16
22852,22853,8,2,35,46,2016,1,11,1,3,4,1,0,1,0,1,0,0,0,0,4.81759E+20,5.37832E+21,8.75279E+15,4.85577E+16
22853,22854,6,4,31,20,2016,12,19,6,3,9,1,2,1,0,1,0,0,0,0,4.67502E+20,5.48934E+21,8.55067E+15,4.95558E+16
22854,22855,8,2,16,43,2016,1,14,7,2,6,3,0,1,0,1,1,0,0,0,4.41581E+20,5.41149E+21,8.20362E+15,4.88536E+16
22855,22856,6,4,11,0,2016,12,17,1,3,4,6,2,1,0,1,0,0,0,0,4.74358E+20,5.528E+21,8.64292E+15,4.99039E+16
22856,22857,6,4,14,0,2016,12,20,6,3,3,6,2,1,0,1,0,0,0,0,4.44528E+20,5.54847E+21,8.2246E+15,5.00859E+16
22857,22858,6,4,35,27,2016,12,15,5,2,8,7,0,0,0,1,0,0,0,0,5.42671E+20,5.57444E+21,9.5994E+15,5.03205E+16
22858,22859,6,4,11,0,2016,12,18,4,3,6,6,2,0,0,1,1,0,0,0,4.74618E+20,5.52288E+21,8.64688E+15,4.98578E+16
22859,22860,6,4,14,0,2016,12,17,3,3,2,6,2,1,0,1,0,0,0,0,4.44875E+20,5.548E+21,8.22951E+15,5.00817E+16
22860,22861,8,1,21,0,2016,1,2,2,2,8,1,2,1,0,1,0,0,0,0,5.087E+20,5.4484E+21,9.11939E+15,4.91883E+16
22861,22862,6,4,36,7,2016,12,23,3,3,5,3,2,0,0,1,0,0,0,0,4.61302E+20,5.54856E+21,8.45904E+15,5.00881E+16
22862,22863,6,4,31,13,2016,12,18,6,3,2,6,2,0,0,1,0,0,0,0,4.61901E+20,5.49343E+21,8.47283E+15,4.95922E+16
22863,22864,8,1,26,39,2016,1,14,1,3,8,1,0,1,0,1,0,0,0,0,5.51843E+20,5.46526E+21,9.71364E+15,4.93378E+16
22864,22865,6,6,32,15,2016,12,14,2,3,2,6,0,1,0,1,0,0,0,0,5.40285E+20,5.63053E+21,9.57197E+15,5.08251E+16
22865,22866,8,2,16,43,2016,1,8,2,2,2,6,1,1,0,1,0,0,0,0,4.42123E+20,5.40845E+21,8.21145E+15,4.88263E+16
22866,22867,8,4,35,59,2016,1,13,2,2,4,6,0,1,0,1,0,0,0,0,5.1625E+20,5.29109E+21,9.21689E+15,4.7773E+16
22867,22868,6,4,40,4,2016,12,18,6,3,2,6,2,1,0,1,0,0,0,0,5.13582E+20,5.57518E+21,9.19082E+15,5.03285E+16
22868,22869,8,1,17,35,2016,1,9,1,2,8,1,0,1,0,1,0,0,0,0,5.46811E+20,5.3793E+21,9.63449E+15,4.8565E+16
22869,22870,6,5,32,7,2016,12,5,2,3,9,1,2,1,0,1,0,0,0,0,4.3868E+20,5.61266E+21,8.13239E+15,5.06626E+16
22870,22871,6,6,11,0,2016,12,10,5,3,5,3,0,0,0,1,0,0,0,0,5.36065E+20,5.68482E+21,9.51746E+15,5.13136E+16
22871,22872,8,1,25,26,2016,1,19,7,2,4,6,2,1,0,1,0,0,0,0,4.9231E+20,5.44366E+21,8.89455E+15,4.91458E+16
22872,22873,6,4,37,10,2016,12,11,1,3,8,1,0,0,0,1,0,0,0,0,5.06329E+20,5.51498E+21,9.08792E+15,4.97872E+16
22873,22874,6,4,32,8,2016,12,17,4,3,6,4,2,0,0,1,1,0,0,0,4.69782E+20,5.52348E+21,8.57955E+15,4.98629E+16
22874,22875,6,5,32,13,2016,12,14,5,1,4,6,0,2,0,0,0,1,0,1,4.65869E+20,5.60984E+21,8.51732E+15,5.06395E+16
22875,22876,6,4,40,4,2016,12,10,4,3,5,3,0,0,0,1,0,0,0,0,5.01752E+20,5.57124E+21,9.02459E+15,5.02933E+16
22876,22877,6,4,11,0,2016,12,17,3,2,5,2,2,0,0,1,0,0,0,0,4.82139E+20,5.52843E+21,8.75125E+15,4.9908E+16
22877,22878,8,1,25,87,2016,1,17,2,3,5,3,2,1,0,1,0,0,0,1,5.06503E+20,5.45781E+21,9.0894E+15,4.9273E+16
22878,22879,6,5,32,23,2016,12,13,3,3,2,6,0,0,0,1,1,0,0,0,4.64691E+20,5.60111E+21,8.5015E+15,5.05608E+16
22879,22880,8,1,19,8,2016,1,9,1,3,5,3,0,1,0,1,0,0,0,0,5.31505E+20,5.41818E+21,9.43001E+15,4.89158E+16
22880,22881,6,4,38,2,2016,12,13,6,3,5,3,0,1,0,1,0,0,0,0,4.78974E+20,5.53909E+21,8.70659E+15,5.00037E+16
22881,22882,6,4,14,0,2016,12,9,1,3,5,2,0,1,0,1,0,0,0,0,4.48024E+20,5.54594E+21,8.2738E+15,5.00634E+16
22882,22883,6,6,33,20,2016,12,12,7,3,0,1,0,1,0,0,0,1,0,0,5.39107E+20,5.68429E+21,9.56106E+15,5.13086E+16
22883,22884,6,4,14,0,2016,12,6,5,3,3,6,2,1,0,1,0,0,0,1,4.45352E+20,5.54782E+21,8.2362E+15,5.00802E+16
22884,22885,6,6,32,2,2016,12,14,7,2,8,6,0,1,0,1,0,0,0,0,5.51344E+20,5.63385E+21,9.72944E+15,5.08541E+16