FID,OBJECTID,ULAND,UREGBEZ,UKREIS,UGEMEINDE,UJAHR,UMONAT,USTUNDE,UWOCHENTAG,UKATEGORIE,UART,UTYP1,ULICHTVERH,IstStrasse,IstRad,IstPKW,IstFuss,IstKrad,IstGkfz,IstSonstig,LINREFX,LINREFY,XGCSWGS84,YGCSWGS84
22885,22886,8,1,11,0,2016,1,19,7,2,6,4,2,1,0,1,1,0,0,0,5.1273E+20,5.4052E+21,9.17335E+15,4.87997E+16
22886,22887,8,1,25,24,2016,1,0,4,2,0,1,2,1,0,1,0,0,0,0,5.22597E+20,5.4429E+21,9.30981E+15,4.91385E+16
22887,22888,8,1,27,76,2016,1,12,2,3,4,2,0,0,0,1,0,0,0,1,5.53349E+20,5.44026E+21,9.73105E+15,4.91128E+16
22888,22889,8,1,16,18,2016,1,1,3,2,9,1,2,2,0,1,0,0,0,0,5.31202E+20,5.37719E+21,9.42278E+15,4.8547E+16
22889,22890,8,2,15,99,2016,1,22,2,3,7,1,2,1,0,1,0,0,0,0,4.64136E+20,5.4446E+21,8.50816E+15,4.91532E+16
22890,22891,8,3,16,17,2016,1,18,5,3,9,1,2,1,0,1,0,0,0,0,4.07183E+20,5.3425E+21,7.75018E+15,4.82289E+16
22891,22892,8,1,16,35,2016,1,13,6,2,3,6,0,0,0,1,0,0,0,0,5.2575E+20,5.39122E+21,9.34977E+15,4.86735E+16
22892,22893,8,2,26,41,2016,1,11,5,2,6,7,0,0,0,0,1,0,0,1,4.77397E+20,5.46631E+21,8.68879E+15,4.93491E+16
22893,22894,8,1,11,0,2016,1,22,4,3,2,6,2,1,0,1,0,1,0,0,5.13045E+20,5.40699E+21,9.1777E+15,4.88158E+16
22894,22895,8,2,12,0,2016,1,14,1,2,5,2,0,1,1,1,0,0,0,0,4.54582E+20,5.42827E+21,8.37898E+15,4.90056E+16
22895,22896,8,2,26,101,2016,1,9,3,3,2,6,0,1,0,1,0,0,0,0,4.87267E+20,5.46021E+21,8.82488E+15,4.92945E+16
22896,22897,8,1,15,29,2016,1,12,2,3,5,3,0,1,0,1,0,0,0,1,4.96764E+20,5.39835E+21,8.95599E+15,4.87382E+16
22897,22898,8,1,16,42,2016,1,10,2,3,2,6,0,1,0,1,0,0,0,0,5.1877E+20,5.38259E+21,9.25457E+15,4.85961E+16
22898,22899,8,3,36,50,2016,1,16,3,3,3,6,2,1,0,1,0,0,0,0,3.99981E+20,5.27643E+21,7.66857E+15,4.76336E+16
22899,22900,8,2,31,0,2016,1,23,1,3,2,6,2,1,0,1,0,0,0,1,4.75392E+20,5.41503E+21,8.66431E+15,4.88877E+16
22900,22901,8,3,37,126,2016,1,18,7,3,2,6,2,1,0,1,0,0,0,0,4.41675E+20,5.27402E+21,8.22384E+15,4.76169E+16
22901,22902,8,1,16,35,2016,1,8,5,3,8,1,0,1,0,1,0,0,0,0,5.25956E+20,5.39105E+21,9.35256E+15,4.8672E+16
22902,22903,8,3,35,43,2016,1,11,6,1,8,1,0,1,0,1,0,1,0,0,5.10602E+20,5.28352E+21,9.14133E+15,4.7705E+16
22903,22904,8,3,17,73,2016,1,1,2,3,8,1,2,1,0,1,0,0,0,0,4.09927E+20,5.34893E+21,7.78575E+15,4.82871E+16
22904,22905,8,4,36,55,2016,1,17,3,2,6,4,2,1,0,1,1,0,0,0,5.76445E+20,5.29736E+21,1.00213E+16,4.78251E+16
22905,22906,8,1,27,75,2016,1,4,1,3,9,1,2,1,0,1,0,0,0,0,5.74773E+20,5.46566E+21,1.00293E+16,4.93391E+16
22906,22907,8,4,15,61,2016,1,19,1,3,5,3,2,1,0,1,0,0,0,0,5.13417E+20,5.37755E+21,9.18181E+15,4.85509E+16
22907,22908,8,1,21,0,2016,1,2,6,2,5,3,2,1,0,1,0,0,1,0,5.15799E+20,5.44631E+21,9.21674E+15,4.91694E+16
22908,22909,8,2,26,103,2016,1,14,7,3,3,3,0,0,0,1,0,0,0,0,4.72012E+20,5.45905E+21,8.61516E+15,4.92835E+16
22909,22910,8,1,25,63,2016,1,10,5,3,5,3,0,1,0,1,0,0,0,0,5.27029E+20,5.46284E+21,9.37191E+15,4.93177E+16
22910,22911,8,3,15,76,2016,1,20,6,3,8,6,2,1,0,1,0,0,0,0,3.91047E+20,5.28988E+21,7.54633E+15,4.7753E+16
22911,22912,8,2,31,0,2016,1,12,2,2,8,6,0,1,0,1,0,0,0,0,4.84558E+20,5.41343E+21,8.78941E+15,4.88736E+16
22912,22913,8,3,16,11,2016,1,18,4,2,0,1,2,1,1,0,0,0,0,0,4.1615E+20,5.33096E+21,7.87317E+15,4.81264E+16
22913,22914,8,4,15,61,2016,1,1,7,2,5,3,2,1,1,1,0,0,0,0,5.14985E+20,5.37333E+21,9.20291E+15,4.85129E+16
22914,22915,8,2,26,98,2016,1,12,2,3,2,6,0,1,0,1,0,0,0,1,4.75803E+20,5.45732E+21,8.66739E+15,4.92681E+16
22915,22916,8,4,15,78,2016,1,14,6,3,2,6,0,1,0,1,0,0,0,0,5.3176E+20,5.37073E+21,9.42984E+15,4.84889E+16
22916,22917,8,2,22,0,2016,1,19,2,3,8,7,2,1,0,1,0,0,1,0,4.67375E+20,5.47841E+21,8.54982E+15,4.94575E+16
22917,22918,8,1,11,0,2016,1,22,1,3,2,7,2,1,0,1,0,0,0,0,5.1261E+20,5.40249E+21,9.17164E+15,4.87753E+16
22918,22919,8,1,11,0,2016,1,16,4,3,2,7,0,0,0,1,0,0,0,0,5.09649E+20,5.39728E+21,9.13121E+15,4.87285E+16
22919,22920,8,3,17,34,2016,1,16,1,3,2,6,0,0,0,1,0,0,0,1,4.27089E+20,5.36072E+21,8.01503E+15,4.83954E+16
22920,22921,8,3,15,131,2016,1,17,6,3,4,2,1,1,0,1,0,0,0,1,4.04071E+20,5.30794E+21,7.71604E+15,4.79176E+16
22921,22922,8,1,18,67,2016,1,9,6,3,2,6,0,0,0,1,0,0,0,0,5.06596E+20,5.41307E+21,9.08995E+15,4.88705E+16
22922,22923,8,2,26,96,2016,1,18,7,2,8,1,2,1,0,1,0,0,0,0,4.77999E+20,5.48434E+21,8.69609E+15,4.95113E+16
22923,22924,8,1,17,26,2016,1,15,5,3,5,2,0,1,0,1,0,0,0,0,5.50196E+20,5.39335E+21,9.68208E+15,4.86912E+16
22924,22925,8,3,25,69,2016,1,17,6,3,2,6,2,1,0,1,0,0,0,0,4.68478E+20,5.33612E+21,8.57597E+15,4.81775E+16
22925,22926,8,2,15,17,2016,1,12,4,3,9,6,0,1,0,1,0,0,0,0,4.54595E+20,5.42318E+21,8.37972E+15,4.89599E+16
22926,22927,8,1,28,131,2016,1,10,2,2,3,3,0,1,0,1,0,0,0,0,5.35568E+20,5.51458E+21,9.49407E+15,4.97826E+16
22927,22928,8,3,35,2,2016,1,10,3,3,2,6,0,1,0,1,0,0,0,0,5.07213E+20,5.28398E+21,9.09615E+15,4.77091E+16
22928,22929,8,2,21,0,2016,1,8,2,3,4,2,0,1,0,1,0,0,0,0,4.76681E+20,5.47306E+21,8.67854E+15,4.94098E+16
22929,22930,8,4,15,61,2016,1,13,5,3,2,6,0,0,0,1,0,0,0,0,5.14913E+20,5.37353E+21,9.20194E+15,4.85147E+16
22930,22931,8,2,21,0,2016,1,19,6,2,5,3,2,0,0,1,0,0,0,0,4.72038E+20,5.47298E+21,8.61454E+15,4.94089E+16
22931,22932,8,2,26,95,2016,1,18,5,3,9,1,2,1,0,1,0,0,0,0,4.72934E+20,5.46116E+21,8.6277E+15,4.93026E+16
22932,22933,8,2,25,64,2016,1,12,5,3,4,1,0,1,0,1,0,0,0,0,5.05722E+20,5.47249E+21,9.07888E+15,4.94051E+16
22933,22934,8,2,25,14,2016,1,7,6,3,8,1,2,1,0,1,0,0,0,0,5.17342E+20,5.48338E+21,9.23953E+15,4.95028E+16
22934,22935,8,1,16,19,2016,1,7,6,3,9,1,0,2,0,1,0,0,0,0,5.29373E+20,5.39816E+21,9.39947E+15,4.87358E+16
22935,22936,8,3,26,60,2016,1,14,5,3,8,1,0,2,0,1,0,0,0,0,4.46629E+20,5.33145E+21,8.28267E+15,4.81341E+16
22936,22937,8,2,36,13,2016,1,6,5,2,8,1,1,2,0,1,0,0,0,0,4.75756E+20,5.40853E+21,8.66966E+15,4.88293E+16
22937,22938,8,1,21,0,2016,1,0,7,2,1,6,2,0,0,1,0,0,0,0,5.15928E+20,5.44375E+21,9.2184E+15,4.91463E+16
22938,22939,8,1,15,48,2016,1,4,5,2,0,7,2,1,0,1,0,0,1,0,5.1149E+20,5.38699E+21,9.15595E+15,4.86359E+16
22939,22940,8,1,18,81,2016,1,19,4,3,2,6,2,1,0,1,0,1,0,0,5.19794E+20,5.41343E+21,9.26993E+15,4.88735E+16
22940,22941,8,1,25,66,2016,1,14,2,2,4,1,0,1,0,1,0,0,1,0,5.13373E+20,5.4323E+21,9.18299E+15,4.90434E+16
22941,22942,8,3,26,55,2016,1,7,3,3,4,6,2,1,0,1,0,0,0,0,4.41729E+20,5.3316E+21,8.21679E+15,4.8135E+16
22942,22943,8,2,31,0,2016,1,8,2,3,2,6,2,1,0,1,0,0,0,0,4.79917E+20,5.4184E+21,8.72588E+15,4.89182E+16
22943,22944,8,3,37,90,2016,1,13,5,2,9,1,0,2,0,1,0,0,0,0,4.22827E+20,5.27474E+21,7.97294E+15,4.76214E+16
22944,22945,8,1,35,15,2016,1,13,6,3,5,3,0,1,0,1,0,0,0,0,5.84219E+20,5.38362E+21,1.01423E+16,4.86E+16
22945,22946,8,2,26,6,2016,1,9,5,2,8,7,0,1,0,1,0,0,0,0,4.82743E+20,5.46784E+21,8.76234E+15,4.9363E+16
22946,22947,8,4,37,82,2016,1,10,3,3,9,1,0,2,0,1,0,0,0,0,5.10498E+20,5.34252E+21,9.14137E+15,4.82358E+16
22947,22948,8,1,15,45,2016,1,16,1,3,2,6,2,1,0,1,0,0,0,0,5.04453E+20,5.39716E+21,9.06056E+15,4.87275E+16
22948,22949,8,2,22,0,2016,1,7,3,3,5,3,2,1,0,1,0,0,0,1,4.6298E+20,5.48298E+21,8.48874E+15,4.94984E+16
22949,22950,8,4,37,104,2016,1,13,3,3,2,1,0,0,0,1,0,0,0,0,5.16859E+20,5.32636E+21,9.2264E+15,4.80902E+16
22950,22951,8,2,21,0,2016,1,16,3,3,1,6,0,0,0,1,0,0,0,0,4.74383E+20,5.46936E+21,8.64709E+15,4.93764E+16
22951,22952,8,1,18,49,2016,1,18,2,2,5,3,2,1,0,1,0,1,0,0,5.19764E+20,5.42127E+21,9.26991E+15,4.89441E+16
22952,22953,8,3,25,24,2016,1,7,3,3,8,1,2,2,0,1,0,0,0,0,4.56413E+20,5.33818E+21,8.41347E+15,4.81954E+16
22953,22954,8,1,18,78,2016,1,9,2,3,2,6,0,1,0,1,0,0,0,0,5.13583E+20,5.42001E+21,9.18545E+15,4.89329E+16
22954,22955,8,1,35,16,2016,1,17,5,1,4,6,2,1,0,1,0,1,0,0,5.9312E+20,5.38665E+21,1.02637E+16,4.8626E+16
22955,22956,8,4,36,11,2016,1,19,6,2,6,2,2,1,0,1,1,0,0,0,5.49058E+20,5.2979E+21,9.65553E+15,4.78326E+16
22956,22957,8,3,36,14,2016,1,7,2,3,2,6,2,1,0,0,0,0,1,0,3.89325E+20,5.28001E+21,7.52587E+15,4.7664E+16
22957,22958,8,4,36,12,2016,1,0,3,2,8,1,2,1,0,1,0,0,0,0,5.53104E+20,5.29857E+21,9.70968E+15,4.78382E+16
22958,22959,8,1,25,59,2016,1,5,1,3,9,1,2,1,0,1,0,0,0,0,5.30672E+20,5.43848E+21,9.42017E+15,4.90984E+16
22959,22960,8,1,11,0,2016,1,18,4,3,5,3,2,1,0,1,0,0,0,0,5.12064E+20,5.39936E+21,9.16411E+15,4.87471E+16
22960,22961,8,3,35,63,2016,1,5,1,2,9,1,2,1,0,1,0,0,0,0,4.98525E+20,5.28968E+21,8.98032E+15,4.77605E+16
22961,22962,8,1,21,0,2016,1,15,6,3,1,5,0,0,0,1,0,0,0,0,5.1488E+20,5.44155E+21,9.20395E+15,4.91266E+16
22962,22963,8,2,15,90,2016,1,18,7,3,2,6,2,0,0,1,0,0,0,0,4.63251E+20,5.43356E+21,8.49702E+15,4.90538E+16
22963,22964,8,1,15,22,2016,1,20,2,3,5,3,2,1,0,1,0,0,0,0,4.97508E+20,5.38566E+21,8.96618E+15,4.8624E+16
22964,22965,8,1,28,131,2016,1,7,6,2,8,1,0,0,0,1,0,0,0,0,5.44026E+20,5.51258E+21,9.61133E+15,4.97641E+16
22965,22966,8,1,16,77,2016,1,7,2,3,1,6,2,1,1,1,0,0,0,0,5.18264E+20,5.38835E+21,9.24797E+15,4.86479E+16
22966,22967,8,3,25,14,2016,1,7,3,3,9,1,1,2,0,1,0,0,0,0,4.60065E+20,5.34101E+21,8.46234E+15,4.82211E+16
22967,22968,8,2,26,37,2016,1,1,1,3,5,3,2,0,0,1,0,0,0,0,4.6709E+20,5.46941E+21,8.54663E+15,4.93765E+16
22968,22969,8,3,36,19,2016,1,18,7,3,5,3,2,1,0,1,0,0,0,0,3.94914E+20,5.27578E+21,7.6013E+15,4.76269E+16
22969,22970,8,1,25,103,2016,1,14,5,3,3,7,0,1,0,1,0,0,1,0,5.30077E+20,5.46347E+21,9.4139E+15,4.93232E+16
22970,22971,8,4,15,61,2016,1,7,6,2,0,3,1,1,0,1,0,1,0,0,5.12809E+20,5.37172E+21,9.17339E+15,4.84985E+16
22971,22972,8,2,22,0,2016,1,2,2,2,2,6,2,1,0,1,0,0,1,0,4.66627E+20,5.4792E+21,8.53943E+15,4.94645E+16
22972,22973,8,3,16,54,2016,1,2,4,2,9,1,2,1,0,1,0,0,0,0,4.13422E+20,5.3362E+21,7.83545E+15,4.81732E+16
22973,22974,8,4,35,16,2016,1,22,7,2,0,7,2,1,1,0,0,0,0,0,5.36639E+20,5.28172E+21,9.48824E+15,4.76878E+16
22974,22975,8,2,31,0,2016,1,17,6,1,4,3,2,0,0,1,0,0,0,0,4.75182E+20,5.4125E+21,8.6616E+15,4.8865E+16
22975,22976,8,1,18,79,2016,1,9,6,3,0,7,0,0,0,0,0,0,0,1,5.1E+20,5.42193E+21,9.13659E+15,4.89502E+16
22976,22977,8,2,12,0,2016,1,12,7,3,2,6,0,1,0,1,0,0,0,0,4.55779E+20,5.4313E+21,8.39502E+15,4.9033E+16
22977,22978,8,1,16,8,2016,1,9,5,2,9,1,0,1,0,1,0,0,0,0,5.21306E+20,5.38141E+21,9.28891E+15,4.85855E+16
22978,22979,8,1,27,102,2016,1,0,4,3,2,6,2,1,0,1,0,0,0,0,5.86812E+20,5.43559E+21,1.01885E+16,4.9067E+16
22979,22980,8,1,19,8,2016,1,7,5,3,2,6,0,0,0,1,0,0,0,0,5.31989E+20,5.4203E+21,9.43679E+15,4.89348E+16
22980,22981,8,3,37,70,2016,1,13,6,3,5,3,0,1,0,1,0,0,0,0,4.68069E+20,5.27609E+21,8.57492E+15,4.76374E+16
22981,22982,8,2,31,0,2016,1,6,2,3,2,6,2,1,0,1,0,0,0,0,4.79451E+20,5.41595E+21,8.71964E+15,4.88961E+16
22982,22983,8,2,12,0,2016,1,17,4,3,2,6,2,1,0,1,0,0,0,0,4.59403E+20,5.42623E+21,8.4451E+15,4.89876E+16
22983,22984,8,3,36,50,2016,1,17,7,3,8,1,2,1,0,1,0,0,0,0,4.0089E+20,5.27481E+21,7.68104E+15,4.76191E+16
22984,22985,8,2,26,84,2016,1,9,2,3,1,6,0,1,0,1,0,0,0,0,4.66943E+20,5.47328E+21,8.54428E+15,4.94113E+16
22985,22986,8,1,11,0,2016,1,11,6,3,9,1,0,1,0,1,0,0,0,0,5.07919E+20,5.39855E+21,9.10771E+15,4.87399E+16
22986,22987,8,2,25,74,2016,1,11,6,3,4,2,0,0,1,1,0,0,0,0,5.06796E+20,5.46664E+21,9.09358E+15,4.93524E+16
22987,22988,8,1,15,41,2016,1,10,6,3,2,2,0,1,0,1,0,0,0,0,4.94792E+20,5.40363E+21,8.9291E+15,4.87857E+16
22988,22989,8,3,26,12,2016,1,17,5,3,4,2,2,1,0,1,0,0,0,0,4.6175E+20,5.31072E+21,8.48774E+15,4.79487E+16
22989,22990,8,2,36,70,2016,1,17,5,3,1,7,2,1,0,1,0,0,0,0,4.68936E+20,5.41441E+21,8.5763E+15,4.88819E+16
22990,22991,8,1,18,63,2016,1,15,7,3,5,3,0,1,0,1,0,0,0,0,5.15067E+20,5.42305E+21,9.20584E+15,4.89602E+16
22991,22992,8,4,36,6,2016,1,18,3,3,2,6,2,1,0,1,0,0,0,0,5.57709E+20,5.28297E+21,9.76914E+15,4.76975E+16
22992,22993,8,4,36,49,2016,1,13,4,2,8,1,0,1,0,1,0,0,0,0,5.78028E+20,5.28898E+21,1.0041E+16,4.77495E+16
22993,22994,8,1,17,24,2016,1,15,4,3,2,6,0,1,0,1,0,0,0,0,5.60272E+20,5.38644E+21,9.81797E+15,4.86281E+16
22994,22995,8,2,16,7,2016,1,18,3,3,2,6,2,1,0,1,0,0,0,0,4.36962E+20,5.39381E+21,8.14338E+15,4.86941E+16
22995,22996,8,1,19,55,2016,1,8,2,3,2,6,1,0,0,1,0,0,0,0,5.4404E+20,5.40487E+21,9.59966E+15,4.87953E+16
22996,22997,8,3,25,1,2016,1,7,3,3,4,6,1,2,0,1,0,0,0,0,4.58237E+20,5.34617E+21,8.43722E+15,4.82673E+16
22997,22998,8,3,17,1,2016,1,7,2,3,5,3,2,1,0,1,0,1,0,0,4.29802E+20,5.38947E+21,8.04683E+15,4.86544E+16
22998,22999,8,1,27,76,2016,1,18,2,3,5,3,2,1,1,1,0,0,0,0,5.5418E+20,5.44237E+21,9.74271E+15,4.91318E+16
22999,23000,8,4,17,2,2016,1,16,3,2,4,7,0,1,0,1,0,0,0,0,4.90869E+20,5.34274E+21,8.87703E+15,4.82378E+16
23000,23001,8,2,16,7,2016,1,7,2,3,2,6,1,1,0,1,0,0,0,0,4.33813E+20,5.39746E+21,8.10001E+15,4.87266E+16
23001,23002,8,3,16,37,2016,1,14,5,2,9,6,0,1,0,1,0,0,0,0,4.07053E+20,5.33671E+21,7.7497E+15,4.81768E+16
23002,23003,8,1,25,69,2016,1,18,6,3,3,6,2,0,0,1,0,0,0,0,5.25433E+20,5.45352E+21,9.34936E+15,4.92339E+16
23003,23004,8,2,22,0,2016,1,19,5,2,5,2,2,0,0,1,0,0,0,1,4.63797E+20,5.48199E+21,8.50012E+15,4.94895E+16
23004,23005,8,4,26,97,2016,1,14,3,3,2,5,0,1,0,1,0,0,0,0,5.36097E+20,5.33296E+21,9.4853E+15,4.81489E+16
23005,23006,8,2,15,7,2016,1,13,3,3,8,1,0,1,0,1,0,0,0,0,4.80115E+20,5.43069E+21,8.72798E+15,4.90288E+16
23006,23007,8,1,16,47,2016,1,7,2,3,6,4,2,1,0,1,1,0,0,0,5.20681E+20,5.39305E+21,9.28102E+15,4.86902E+16
23007,23008,8,1,16,35,2016,1,17,2,3,5,3,2,1,1,1,0,0,0,0,5.27011E+20,5.39168E+21,9.36693E+15,4.86776E+16
23008,23009,8,3,17,88,2016,1,19,3,2,6,4,2,1,0,1,1,0,0,0,4.3551E+20,5.35837E+21,8.12913E+15,4.83752E+16
23009,23010,8,2,26,84,2016,1,6,1,3,7,7,2,1,0,1,0,0,0,1,4.66992E+20,5.47217E+21,8.54505E+15,4.94013E+16
23010,23011,8,4,17,2,2016,1,23,6,3,2,1,2,1,0,1,0,0,0,0,4.9067E+20,5.35007E+21,8.87419E+15,4.83037E+16
23011,23012,8,2,26,85,2016,1,8,2,1,2,6,0,1,0,0,0,0,1,0,4.89198E+20,5.45535E+21,8.85157E+15,4.92508E+16
23012,23013,8,1,18,54,2016,1,17,1,3,2,6,2,1,0,1,0,0,0,0,5.16388E+20,5.4229E+21,9.22386E+15,4.89588E+16
23013,23014,8,1,15,45,2016,1,18,5,3,1,7,2,1,0,1,0,0,0,0,5.06047E+20,5.39738E+21,9.08224E+15,4.87294E+16
23014,23015,8,1,16,81,2016,1,15,7,3,9,1,0,1,0,1,0,0,0,0,5.19277E+20,5.38643E+21,9.26163E+15,4.86306E+16
23015,23016,8,3,17,96,2016,1,7,2,3,2,6,1,1,0,1,0,0,0,0,4.19064E+20,5.36881E+21,7.90507E+15,4.84672E+16
23016,23017,8,4,26,125,2016,1,14,3,3,4,2,0,1,0,1,0,0,0,0,5.75864E+20,5.33774E+21,1.00207E+16,4.81884E+16
23017,23018,8,1,35,19,2016,1,15,1,3,5,1,0,1,0,1,0,0,0,0,5.8505E+20,5.39227E+21,1.01554E+16,4.86777E+16
23018,23019,8,4,16,31,2016,1,16,1,2,4,6,0,1,0,1,0,0,0,0,5.03124E+20,5.36329E+21,9.04223E+15,4.84227E+16
23019,23020,8,1,26,85,2016,1,15,6,3,4,1,0,0,0,1,0,0,0,0,5.45997E+20,5.44622E+21,9.63098E+15,4.91671E+16
23020,23021,8,3,35,43,2016,1,17,7,3,2,2,1,1,0,1,0,0,0,0,5.12786E+20,5.28064E+21,9.17035E+15,4.76791E+16
23021,23022,8,1,25,56,2016,1,19,5,1,6,7,2,1,0,1,1,0,0,0,5.10465E+20,5.43723E+21,9.14333E+15,4.90878E+16
23022,23023,8,4,16,36,2016,1,16,6,3,2,6,2,1,0,1,0,0,0,0,4.96323E+20,5.3686E+21,8.95026E+15,4.84706E+16
23023,23024,8,2,31,0,2016,1,18,2,2,6,4,2,1,0,1,1,0,0,0,4.78926E+20,5.41689E+21,8.71242E+15,4.89046E+16
23024,23025,8,3,15,39,2016,1,17,4,2,4,1,1,1,0,1,0,0,0,0,4.46172E+20,5.30507E+21,8.27984E+15,4.78967E+16
23025,23026,8,4,15,53,2016,1,16,7,2,4,6,1,1,0,1,0,0,0,0,5.34748E+20,5.35678E+21,9.46913E+15,4.83632E+16
23026,23027,8,2,36,28,2016,1,8,2,3,2,6,1,1,0,1,0,0,0,0,4.93588E+20,5.42226E+21,8.91242E+15,4.89532E+16
23027,23028,8,2,26,17,2016,1,8,6,3,9,1,0,2,0,1,0,0,0,0,4.95779E+20,5.46422E+21,8.9419E+15,4.93307E+16
23028,23029,8,1,17,26,2016,1,15,6,3,0,7,0,0,0,1,0,0,0,1,5.45262E+20,5.39021E+21,9.61469E+15,4.86633E+16
23029,23030,8,3,26,74,2016,1,14,5,3,4,1,0,2,0,1,0,0,0,0,4.56541E+20,5.32443E+21,8.41659E+15,4.80717E+16
23030,23031,8,3,27,19,2016,1,14,1,3,8,1,0,1,0,1,0,0,0,0,4.81811E+20,5.33058E+21,8.75556E+15,4.81282E+16
23031,23032,8,3,16,43,2016,1,17,6,2,4,2,2,1,0,1,0,0,0,0,4.12037E+20,5.33176E+21,7.81775E+15,4.8133E+16
23032,23033,8,1,19,38,2016,1,8,6,3,4,6,0,2,0,1,0,0,0,0,5.275E+20,5.42346E+21,9.3757E+15,4.89635E+16
23033,23034,8,2,21,0,2016,1,11,7,3,2,6,0,0,0,1,0,0,0,0,4.81312E+20,5.47371E+21,8.74235E+15,4.94158E+16
23034,23035,8,1,18,79,2016,1,17,5,3,1,6,2,1,0,1,0,0,0,0,5.11454E+20,5.4187E+21,9.15635E+15,4.89211E+16
23035,23036,8,3,25,60,2016,1,17,6,3,6,4,2,1,0,1,1,0,0,0,4.69493E+20,5.33897E+21,8.58942E+15,4.82032E+16
23036,23037,8,2,36,43,2016,1,14,2,3,8,7,0,1,0,1,0,0,0,0,4.65478E+20,5.40611E+21,8.52983E+15,4.8807E+16
23037,23038,8,2,15,59,2016,1,19,4,2,8,1,2,1,0,1,0,0,0,0,4.87161E+20,5.43347E+21,8.82428E+15,4.9054E+16
23038,23039,8,1,35,26,2016,1,9,2,3,8,1,0,2,0,1,0,0,0,0,5.89416E+20,5.39489E+21,1.02152E+16,4.87006E+16
23039,23040,8,3,17,96,2016,1,14,3,3,0,6,0,0,1,1,0,0,0,0,4.23582E+20,5.37066E+21,7.96585E+15,4.84844E+16
23040,23041,8,2,22,0,2016,1,19,2,2,5,2,2,1,0,1,0,0,0,0,4.65424E+20,5.48022E+21,8.52273E+15,4.94736E+16
23041,23042,8,4,26,21,2016,1,8,5,3,5,3,0,1,0,1,0,0,0,0,5.60006E+20,5.33057E+21,9.80638E+15,4.81255E+16
23042,23043,8,2,22,0,2016,1,21,6,3,9,6,2,1,0,1,0,0,0,1,4.60195E+20,5.48222E+21,8.45036E+15,4.94914E+16
23043,23044,8,1,11,0,2016,1,0,6,3,2,6,2,0,0,1,0,0,0,0,5.15819E+20,5.40467E+21,9.21539E+15,4.87948E+16
23044,23045,8,3,17,96,2016,1,18,5,2,5,3,2,1,1,1,0,0,0,0,4.22469E+20,5.36442E+21,7.95194E+15,4.84282E+16
23045,23046,8,2,26,84,2016,1,18,5,3,5,7,2,1,0,1,0,0,0,0,4.6814E+20,5.46944E+21,8.56109E+15,4.93768E+16
23046,23047,8,4,26,65,2016,1,12,3,1,5,3,0,1,0,1,0,0,0,0,5.8141E+20,5.3342E+21,1.00947E+16,4.81558E+16
23047,23048,8,3,17,146,2016,1,22,4,3,7,7,2,1,0,1,0,0,0,0,4.29533E+20,5.35441E+21,8.04909E+15,4.83389E+16
23048,23049,8,2,36,44,2016,1,7,5,3,8,7,0,2,0,1,0,0,0,0,4.83431E+20,5.40387E+21,8.77443E+15,4.87876E+16
23049,23050,8,1,21,0,2016,1,0,7,3,2,6,2,0,0,1,0,0,0,0,5.16085E+20,5.44242E+21,9.2205E+15,4.91344E+16
23050,23051,8,1,15,21,2016,1,19,5,3,5,3,2,1,0,1,0,0,0,0,4.91125E+20,5.37936E+21,8.8797E+15,4.85673E+16
23051,23052,8,1,21,0,2016,1,20,4,2,6,4,2,1,0,1,1,0,0,0,5.15786E+20,5.44251E+21,9.21641E+15,4.91353E+16
23052,23053,8,1,26,46,2016,1,17,2,3,2,6,2,1,0,1,0,0,0,0,5.4905E+20,5.45699E+21,9.67418E+15,4.92637E+16
23053,23054,8,3,17,116,2016,1,11,3,3,5,2,0,1,0,1,0,1,0,0,4.33116E+20,5.38779E+21,8.09209E+15,4.86396E+16
23054,23055,8,2,15,89,2016,1,15,2,3,5,3,0,1,0,1,0,0,0,0,4.68753E+20,5.43136E+21,8.5725E+15,4.90343E+16
23055,23056,8,3,37,66,2016,1,18,5,1,6,4,2,1,0,1,1,0,0,0,4.28649E+20,5.26887E+21,8.05136E+15,4.75693E+16
23056,23057,8,1,35,26,2016,1,8,6,3,4,1,0,1,0,1,0,0,0,0,5.94725E+20,5.3955E+21,1.02875E+16,4.87054E+16
23057,23058,8,2,21,0,2016,1,17,5,3,1,5,2,1,1,1,0,0,0,0,4.77639E+20,5.47229E+21,8.69179E+15,4.94029E+16
23058,23059,8,4,25,88,2016,1,7,3,1,4,6,2,1,0,1,0,0,0,0,5.61711E+20,5.34976E+21,9.83208E+15,4.8298E+16
23059,23060,8,1,15,29,2016,1,16,1,3,2,6,0,0,0,1,0,0,0,0,5.02525E+20,5.39932E+21,9.03434E+15,4.87469E+16
23060,23061,8,2,15,100,2016,1,17,3,3,5,3,2,1,0,1,0,0,0,0,4.74464E+20,5.4508E+21,8.6494E+15,4.92095E+16
23061,23062,8,1,15,28,2016,1,7,2,2,5,3,2,1,0,1,0,0,0,0,4.98758E+20,5.40393E+21,8.98309E+15,4.87883E+16
23062,23063,8,1,16,77,2016,1,18,2,3,2,6,1,1,0,1,0,0,0,0,5.14202E+20,5.39169E+21,9.19292E+15,4.86781E+16
23063,23064,8,3,17,110,2016,1,15,3,3,5,3,0,1,0,1,0,0,1,0,4.25776E+20,5.38886E+21,7.99228E+15,4.86484E+16
23064,23065,8,2,26,17,2016,1,20,1,2,9,1,2,1,0,1,0,0,0,0,4.96964E+20,5.46413E+21,8.95821E+15,4.93299E+16
23065,23066,8,2,12,0,2016,1,19,3,3,5,3,2,1,1,1,0,0,0,0,4.57259E+20,5.42821E+21,8.41558E+15,4.90053E+16