FID,OBJECTID,ULAND,UREGBEZ,UKREIS,UGEMEINDE,UJAHR,UMONAT,USTUNDE,UWOCHENTAG,UKATEGORIE,UART,UTYP1,ULICHTVERH,IstStrasse,IstRad,IstPKW,IstFuss,IstKrad,IstGkfz,IstSonstig,LINREFX,LINREFY,XGCSWGS84,YGCSWGS84
23066,23067,8,1,18,12,2016,1,12,2,3,8,1,0,1,0,1,0,0,0,0,5.01394E+20,5.41624E+21,9.01902E+15,4.88991E+16
23067,23068,8,2,22,0,2016,1,16,3,3,3,6,0,0,0,1,0,0,1,0,4.68188E+20,5.48393E+21,8.56058E+15,4.95072E+16
23068,23069,8,1,15,28,2016,1,12,2,3,2,6,0,1,0,1,0,0,0,0,5.01195E+20,5.40372E+21,9.01626E+15,4.87865E+16
23069,23070,8,1,36,19,2016,1,13,5,3,5,3,0,1,0,1,0,0,0,0,5.87227E+20,5.42288E+21,1.01914E+16,4.89527E+16
23070,23071,8,4,37,114,2016,1,0,6,3,9,1,2,2,0,1,0,0,0,0,5.17491E+20,5.33622E+21,9.23529E+15,4.8179E+16
23071,23072,8,3,15,132,2016,1,0,2,3,2,6,2,1,0,1,0,0,0,0,4.09036E+20,5.32372E+21,7.77914E+15,4.80602E+16
23072,23073,8,4,17,25,2016,1,17,3,3,1,6,2,1,0,1,0,0,0,0,4.87029E+20,5.35455E+21,8.82495E+15,4.8344E+16
23073,23074,8,1,27,23,2016,1,4,1,2,8,1,2,1,0,1,0,0,0,0,5.49707E+20,5.42594E+21,9.67938E+15,4.89843E+16
23074,23075,8,3,36,91,2016,1,17,1,2,3,1,2,1,0,1,0,0,0,0,3.93891E+20,5.27444E+21,7.58801E+15,4.76147E+16
23075,23076,8,1,25,107,2016,1,8,6,3,8,1,0,2,0,0,0,0,0,1,5.3464E+20,5.43785E+21,9.47448E+15,4.90925E+16
23076,23077,8,2,12,0,2016,1,16,7,3,5,3,2,0,0,1,0,0,0,0,4.55002E+20,5.42825E+21,8.38472E+15,4.90055E+16
23077,23078,8,1,21,0,2016,1,20,5,3,2,6,2,1,0,1,0,0,0,0,5.16093E+20,5.44374E+21,9.22067E+15,4.91463E+16
23078,23079,8,3,37,126,2016,1,15,6,3,1,1,0,1,0,1,0,0,0,0,4.42751E+20,5.27368E+21,8.23821E+15,4.7614E+16
23079,23080,8,2,31,0,2016,1,17,2,3,5,3,2,1,0,1,0,0,0,0,4.80036E+20,5.41822E+21,8.72751E+15,4.89166E+16
23080,23081,8,2,31,0,2016,1,9,4,3,2,6,0,1,0,1,0,0,0,0,4.792E+20,5.41816E+21,8.7161E+15,4.8916E+16
23081,23082,8,3,36,91,2016,1,22,7,3,5,3,2,1,0,1,0,0,0,0,3.94418E+20,5.27312E+21,7.59534E+15,4.76029E+16
23082,23083,8,4,16,23,2016,1,9,6,3,2,6,0,1,0,1,0,0,0,0,5.08694E+20,5.37237E+21,9.1177E+15,4.85044E+16
23083,23084,8,2,22,0,2016,1,7,2,3,2,6,1,1,0,1,0,0,0,0,4.65654E+20,5.4793E+21,8.52598E+15,4.94654E+16
23084,23085,8,3,16,11,2016,1,18,4,2,6,4,2,1,0,1,1,0,0,0,4.1471E+20,5.32987E+21,7.85405E+15,4.81164E+16
23085,23086,8,4,17,25,2016,1,20,3,3,2,2,2,1,0,1,0,0,0,0,4.82837E+20,5.35669E+21,8.76829E+15,4.83631E+16
23086,23087,8,4,36,9,2016,1,18,7,2,5,3,2,1,0,1,0,0,0,0,5.59441E+20,5.30316E+21,9.795E+15,4.7879E+16
23087,23088,8,3,17,89,2016,1,4,1,3,6,6,2,1,0,0,1,0,0,1,4.3228E+20,5.3755E+21,8.08275E+15,4.8529E+16
23088,23089,8,2,36,71,2016,1,12,6,3,3,6,0,0,0,1,0,0,1,0,4.68391E+20,5.42025E+21,8.56841E+15,4.89344E+16
23089,23090,8,1,18,21,2016,1,13,6,3,1,7,0,0,0,1,0,0,0,0,5.24978E+20,5.42571E+21,9.34138E+15,4.89838E+16
23090,23091,8,2,16,43,2016,1,19,7,3,5,3,2,0,0,1,0,0,0,0,4.41588E+20,5.41128E+21,8.20375E+15,4.88518E+16
23091,23092,8,1,16,77,2016,1,15,5,3,5,3,0,1,0,1,0,0,0,0,5.15124E+20,5.39037E+21,9.20541E+15,4.86662E+16
23092,23093,8,3,17,96,2016,1,18,6,3,5,2,2,1,0,1,0,1,0,0,4.21636E+20,5.37035E+21,7.93957E+15,4.84814E+16
23093,23094,8,1,28,131,2016,1,20,4,3,5,3,2,1,0,1,0,0,0,0,5.42348E+20,5.51327E+21,9.58811E+15,4.97704E+16
23094,23095,8,1,28,82,2016,1,5,2,3,8,1,2,1,0,1,0,0,0,0,5.62053E+20,5.47696E+21,9.85599E+15,4.94421E+16
23095,23096,8,2,12,0,2016,1,13,3,2,3,6,0,1,0,1,0,0,0,0,4.62556E+20,5.42832E+21,8.48799E+15,4.90066E+16
23096,23097,8,2,21,0,2016,1,19,2,2,6,4,2,1,0,1,1,0,0,0,4.79001E+20,5.47347E+21,8.7105E+15,4.94136E+16
23097,23098,8,4,15,50,2016,1,21,5,3,9,1,2,1,0,1,0,0,0,0,5.19211E+20,5.37484E+21,9.2602E+15,4.85264E+16
23098,23099,8,4,15,61,2016,1,18,7,2,6,4,2,0,0,1,1,0,0,0,5.11858E+20,5.37098E+21,9.16049E+15,4.84918E+16
23099,23100,8,2,26,84,2016,1,9,2,3,1,6,0,1,0,1,0,0,0,0,4.66822E+20,5.47355E+21,8.5426E+15,4.94138E+16
23100,23101,8,1,11,0,2016,1,7,6,3,5,3,0,1,0,1,0,0,0,0,5.06644E+20,5.40315E+21,9.09044E+15,4.87814E+16
23101,23102,8,2,25,109,2016,1,8,6,3,8,1,0,2,0,1,0,0,0,0,5.25208E+20,5.49482E+21,9.34889E+15,4.96054E+16
23102,23103,8,1,16,14,2016,1,18,6,3,3,6,2,0,0,1,0,1,0,0,5.29748E+20,5.39553E+21,9.40438E+15,4.87121E+16
23103,23104,8,3,26,3,2016,1,10,5,3,8,1,0,1,0,1,0,0,0,0,4.65053E+20,5.31736E+21,8.53143E+15,4.80086E+16
23104,23105,8,2,36,76,2016,1,13,5,2,6,7,0,1,0,0,0,0,1,1,4.73366E+20,5.42326E+21,8.63614E+15,4.89617E+16
23105,23106,8,1,25,6,2016,1,11,7,3,5,3,0,0,0,1,0,0,0,0,5.10914E+20,5.45639E+21,9.15E+15,4.92602E+16
23106,23107,8,1,11,0,2016,1,21,5,3,2,6,2,1,0,1,0,0,0,0,5.13558E+20,5.40623E+21,9.18466E+15,4.88089E+16
23107,23108,8,1,18,81,2016,1,19,4,3,4,6,2,1,0,1,0,0,0,0,5.19794E+20,5.41343E+21,9.26994E+15,4.88735E+16
23108,23109,8,1,25,94,2016,1,7,2,3,2,6,0,1,0,1,0,0,0,0,5.1327E+20,5.43695E+21,9.18174E+15,4.90852E+16
23109,23110,8,2,31,0,2016,1,13,3,3,2,5,0,1,0,1,0,0,1,0,4.78512E+20,5.41591E+21,8.70683E+15,4.88958E+16
23110,23111,8,2,15,17,2016,1,17,2,3,0,3,2,1,0,1,0,0,0,0,4.53775E+20,5.42148E+21,8.36872E+15,4.89445E+16
23111,23112,8,1,28,115,2016,1,6,6,3,0,6,2,0,0,1,0,0,0,1,5.51107E+20,5.49561E+21,9.70743E+15,4.96109E+16
23112,23113,8,4,25,8,2016,1,5,5,2,9,1,2,2,0,1,0,0,0,0,5.64872E+20,5.37977E+21,9.87935E+15,4.85677E+16
23113,23114,8,3,17,1,2016,1,0,2,3,8,1,2,1,0,1,0,0,0,0,4.28376E+20,5.38835E+21,8.02766E+15,4.86441E+16
23114,23115,8,4,17,54,2016,1,7,3,2,9,1,0,2,0,1,0,0,0,0,4.80826E+20,5.34852E+21,8.74151E+15,4.82896E+16
23115,23116,8,2,12,0,2016,1,11,6,3,4,2,0,0,1,1,0,0,0,0,4.55632E+20,5.42703E+21,8.39347E+15,4.89946E+16
23116,23117,8,2,22,0,2016,1,14,5,3,5,3,0,1,0,1,0,0,1,0,4.60895E+20,5.48109E+21,8.46014E+15,4.94812E+16
23117,23118,8,4,17,44,2016,1,9,3,3,2,5,0,1,0,1,0,0,0,0,4.99053E+20,5.33801E+21,8.98725E+15,4.81953E+16
23118,23119,8,1,17,24,2016,1,17,3,3,5,3,2,1,0,1,0,0,0,0,5.61238E+20,5.38533E+21,9.83091E+15,4.8618E+16
23119,23120,8,1,18,79,2016,1,13,2,2,4,1,0,1,0,1,0,0,0,0,5.10808E+20,5.42646E+21,9.14774E+15,4.8991E+16
23120,23121,8,2,26,54,2016,1,8,3,3,2,6,0,1,0,1,0,0,0,0,4.81194E+20,5.45491E+21,8.74161E+15,4.92467E+16
23121,23122,8,1,36,79,2016,1,12,2,3,6,4,0,0,0,1,1,0,0,0,5.60234E+20,5.40177E+21,9.81968E+15,4.87661E+16
23122,23123,8,4,35,57,2016,1,15,6,3,5,3,0,1,1,1,0,0,0,0,5.44225E+20,5.28005E+21,9.58914E+15,4.76724E+16
23123,23124,8,2,26,103,2016,1,7,2,3,2,6,1,1,0,1,0,0,0,0,4.71737E+20,5.45925E+21,8.61137E+15,4.92853E+16
23124,23125,8,4,16,41,2016,1,8,3,2,9,1,0,2,0,1,0,0,0,0,5.04954E+20,5.38127E+21,9.06718E+15,4.85845E+16
23125,23126,8,1,25,63,2016,1,14,1,3,8,1,0,1,0,1,0,0,0,0,5.26563E+20,5.46424E+21,9.36559E+15,4.93303E+16
23126,23127,8,3,25,51,2016,1,18,1,3,8,7,2,1,0,1,0,0,0,1,4.47315E+20,5.34876E+21,8.28974E+15,4.82898E+16
23127,23128,8,1,19,79,2016,1,15,6,3,2,6,0,0,1,1,0,0,0,0,5.24702E+20,5.40973E+21,9.33665E+15,4.88401E+16
23128,23129,8,1,36,34,2016,1,10,1,3,5,3,0,1,0,1,0,0,0,0,5.65291E+20,5.408E+21,9.88948E+15,4.88215E+16
23129,23130,8,1,11,0,2016,1,14,2,3,4,1,0,1,0,1,0,1,0,0,5.1327E+20,5.40061E+21,9.18055E+15,4.87583E+16
23130,23131,8,2,25,109,2016,1,6,6,2,5,3,2,2,0,1,0,0,0,0,5.27605E+20,5.49232E+21,9.38189E+15,4.95828E+16
23131,23132,8,1,16,80,2016,1,0,2,3,6,4,2,1,0,0,1,0,0,1,5.22212E+20,5.39537E+21,9.30194E+15,4.8711E+16
23132,23133,8,2,26,85,2016,1,14,3,3,9,1,0,1,0,1,0,0,0,0,4.95941E+20,5.45282E+21,8.94425E+15,4.92282E+16
23133,23134,8,2,16,15,2016,1,19,1,3,2,6,2,1,0,1,0,0,0,0,4.48881E+20,5.40656E+21,8.30374E+15,4.88099E+16
23134,23135,8,3,35,79,2016,1,20,7,3,5,2,2,1,0,1,0,0,0,0,5.00048E+20,5.30224E+21,9.00064E+15,4.78735E+16
23135,23136,8,1,26,46,2016,1,10,5,3,9,1,0,2,0,1,0,0,0,0,5.59301E+20,5.45695E+21,9.81506E+15,4.92624E+16
23136,23137,8,4,16,23,2016,1,17,6,2,5,2,2,1,0,1,0,0,0,0,5.08149E+20,5.37272E+21,9.11033E+15,4.85075E+16
23137,23138,8,2,37,45,2016,1,7,2,3,8,1,1,2,0,1,0,0,0,0,4.55858E+20,5.36276E+21,8.40343E+15,4.84165E+16
23138,23139,8,3,15,39,2016,1,0,4,3,8,1,2,2,0,1,0,0,0,0,4.45024E+20,5.30655E+21,8.26428E+15,4.79099E+16
23139,23140,8,4,26,64,2016,1,15,7,2,8,1,0,1,0,1,0,0,0,0,5.43132E+20,5.32362E+21,9.57893E+15,4.80644E+16
23140,23141,8,2,26,76,2016,1,8,6,3,0,1,0,2,0,0,0,1,0,0,4.75729E+20,5.46519E+21,8.66589E+15,4.9339E+16
23141,23142,8,1,17,55,2016,1,8,6,3,8,1,0,2,0,1,0,0,0,0,5.43849E+20,5.39798E+21,9.59632E+15,4.87333E+16
23142,23143,8,3,35,80,2016,1,14,5,3,4,1,0,2,0,1,0,0,0,0,4.80064E+20,5.29916E+21,8.73355E+15,4.78455E+16
23143,23144,8,2,15,90,2016,1,17,5,3,2,6,2,1,0,1,0,0,0,0,4.63668E+20,5.43447E+21,8.50265E+15,4.90621E+16
23144,23145,8,1,25,13,2016,1,17,7,2,8,7,2,0,0,1,0,0,0,0,5.07439E+20,5.43596E+21,9.10186E+15,4.90764E+16
23145,23146,8,1,15,21,2016,1,14,5,3,2,6,0,1,0,1,0,0,0,0,4.87558E+20,5.38252E+21,8.83125E+15,4.85957E+16
23146,23147,8,2,37,28,2016,1,11,7,3,4,2,0,1,0,1,0,0,0,0,4.5661E+20,5.36808E+21,8.41304E+15,4.84643E+16
23147,23148,8,1,19,53,2016,1,4,5,3,8,1,2,1,0,1,0,0,0,0,5.33576E+20,5.42576E+21,9.4589E+15,4.89838E+16
23148,23149,8,3,25,69,2016,1,2,6,3,9,1,2,2,0,1,0,0,0,0,4.64151E+20,5.33511E+21,8.51785E+15,4.81683E+16
23149,23150,8,2,36,43,2016,1,6,2,3,8,1,2,1,0,1,0,0,0,0,4.65535E+20,5.40616E+21,8.53061E+15,4.88074E+16
23150,23151,8,2,31,0,2016,1,20,4,3,8,1,2,1,0,1,0,0,0,0,4.77657E+20,5.40952E+21,8.69551E+15,4.88383E+16
23151,23152,8,2,22,0,2016,1,18,2,3,1,6,2,1,0,1,0,1,0,0,4.63413E+20,5.478E+21,8.49519E+15,4.94536E+16
23152,23153,8,4,36,64,2016,1,13,5,2,5,3,0,1,0,1,0,0,0,0,5.47534E+20,5.28796E+21,9.63408E+15,4.77433E+16
23153,23154,8,2,22,0,2016,1,20,6,3,5,3,2,0,0,1,0,0,0,0,4.63199E+20,5.4807E+21,8.49198E+15,4.94779E+16
23154,23155,8,1,15,44,2016,1,17,6,3,5,3,2,0,0,1,0,0,0,0,5.04584E+20,5.38926E+21,9.06224E+15,4.86564E+16
23155,23156,8,3,17,141,2016,1,18,5,3,3,6,2,1,0,1,0,0,0,0,4.19742E+20,5.37668E+21,7.91273E+15,4.8538E+16
23156,23157,8,2,36,46,2016,1,19,5,3,2,5,2,1,0,1,0,0,0,0,4.83643E+20,5.41852E+21,8.77672E+15,4.89194E+16
23157,23158,8,4,15,53,2016,1,14,3,3,5,2,0,1,0,1,0,0,0,0,5.3496E+20,5.36231E+21,9.47244E+15,4.8413E+16
23158,23159,8,4,15,61,2016,1,22,4,3,2,6,2,1,0,1,0,0,0,0,5.15154E+20,5.37091E+21,9.2051E+15,4.84912E+16
23159,23160,8,1,15,3,2016,1,16,4,3,6,4,2,1,0,1,1,0,0,0,5.01565E+20,5.39318E+21,9.02127E+15,4.86917E+16
23160,23161,8,1,15,45,2016,1,14,3,2,2,6,0,0,0,1,0,0,0,0,5.02809E+20,5.39448E+21,9.03818E+15,4.87033E+16
23161,23162,8,1,19,67,2016,1,5,2,3,5,3,2,1,0,1,0,0,0,0,5.36972E+20,5.40223E+21,9.50319E+15,4.8772E+16
23162,23163,8,2,11,0,2016,1,20,2,2,6,4,2,1,0,1,1,0,0,0,4.41465E+20,5.4037E+21,8.20316E+15,4.87835E+16
23163,23164,8,3,16,11,2016,1,10,3,3,5,3,0,0,0,1,0,0,1,0,4.12686E+20,5.33131E+21,7.82656E+15,4.81291E+16
23164,23165,8,2,37,40,2016,1,12,3,2,5,3,0,1,0,1,0,0,0,0,4.75785E+20,5.36813E+21,8.67243E+15,4.84658E+16
23165,23166,8,2,25,117,2016,1,7,6,3,2,1,1,2,0,1,0,0,0,0,5.15241E+20,5.47208E+21,9.21007E+15,4.94012E+16
23166,23167,8,1,11,0,2016,1,22,3,3,2,6,2,1,1,0,0,0,0,1,5.14109E+20,5.40037E+21,9.19196E+15,4.87561E+16
23167,23168,8,2,36,74,2016,1,13,4,2,6,4,0,1,0,1,1,0,0,0,4.73224E+20,5.42022E+21,8.6344E+15,4.89343E+16
23168,23169,8,1,16,56,2016,1,15,5,3,2,6,0,0,0,1,0,0,0,0,5.32721E+20,5.39457E+21,9.44473E+15,4.87033E+16
23169,23170,8,4,36,64,2016,1,12,7,2,8,7,0,1,0,1,0,0,0,0,5.45409E+20,5.29564E+21,9.60655E+15,4.78125E+16
23170,23171,8,1,25,65,2016,1,18,4,3,2,6,2,1,0,1,0,0,0,0,5.16623E+20,5.4474E+21,9.22809E+15,4.91792E+16
23171,23172,8,4,15,93,2016,1,21,6,3,5,3,2,2,0,1,0,0,0,1,5.25231E+20,5.36651E+21,9.34123E+15,4.84512E+16
23172,23173,8,1,36,38,2016,1,6,3,3,4,6,2,1,0,1,0,0,0,0,5.89392E+20,5.4135E+21,1.0219E+16,4.8868E+16
23173,23174,8,1,15,50,2016,1,7,6,3,6,4,2,2,0,1,1,0,0,0,4.89454E+20,5.40226E+21,8.85647E+15,4.87733E+16
23174,23175,8,3,35,28,2016,1,13,2,3,2,6,0,1,0,1,0,0,0,0,4.84789E+20,5.28717E+21,8.79711E+15,4.77377E+16
23175,23176,8,1,36,45,2016,1,19,6,3,8,1,2,2,0,1,0,0,1,0,5.89029E+20,5.40437E+21,1.0212E+16,4.87859E+16
23176,23177,8,2,16,41,2016,1,11,3,2,0,7,0,1,1,0,0,0,0,0,4.32558E+20,5.39249E+21,8.08375E+15,4.86818E+16
23177,23178,8,1,36,19,2016,1,15,6,3,4,1,0,2,0,1,0,0,0,0,5.89658E+20,5.42183E+21,1.02244E+16,4.89429E+16
23178,23179,8,1,17,24,2016,1,13,6,3,4,1,0,2,0,1,0,0,0,0,5.60332E+20,5.38402E+21,9.81844E+15,4.86064E+16
23179,23180,8,4,15,50,2016,1,7,5,3,4,6,1,1,0,1,0,0,0,0,5.21456E+20,5.37739E+21,9.29073E+15,4.85493E+16
23180,23181,8,3,37,90,2016,1,19,7,3,9,1,2,2,0,1,0,0,0,0,4.24556E+20,5.27582E+21,7.99575E+15,4.76314E+16
23181,23182,8,4,16,36,2016,1,20,7,3,5,3,2,1,0,1,0,1,0,0,4.9546E+20,5.36893E+21,8.93858E+15,4.84735E+16
23182,23183,8,1,18,54,2016,1,5,4,2,6,4,2,1,0,1,1,0,0,0,5.18121E+20,5.4227E+21,9.24753E+15,4.89569E+16
23183,23184,8,2,12,0,2016,1,6,5,3,0,1,2,2,1,0,0,0,0,0,4.58884E+20,5.42818E+21,8.4378E+15,4.90052E+16
23184,23185,8,3,36,34,2016,1,12,6,2,8,1,0,0,0,1,0,0,0,0,4.16197E+20,5.27787E+21,7.88412E+15,4.76488E+16
23185,23186,8,1,35,19,2016,1,15,3,3,2,6,0,1,0,1,0,0,0,1,5.85124E+20,5.39225E+21,1.01564E+16,4.86775E+16
23186,23187,8,1,11,0,2016,1,13,6,3,2,6,0,1,0,1,0,0,0,0,5.14829E+20,5.4047E+21,9.20192E+15,4.87951E+16
23187,23188,8,1,25,49,2016,1,6,6,2,4,6,2,1,0,1,0,0,0,0,5.03505E+20,5.45067E+21,9.04812E+15,4.92088E+16
23188,23189,8,4,36,95,2016,1,13,4,2,8,1,0,1,0,1,0,0,0,0,5.34057E+20,5.29864E+21,9.45515E+15,4.78402E+16
23189,23190,8,3,26,12,2016,1,7,5,3,3,2,1,2,1,1,0,0,0,0,4.62707E+20,5.30989E+21,8.50064E+15,4.79413E+16
23190,23191,8,3,16,56,2016,1,19,7,3,5,1,2,2,0,1,0,0,0,0,4.21369E+20,5.32612E+21,7.94419E+15,4.80835E+16
23191,23192,8,1,11,0,2016,1,20,4,3,2,6,2,0,0,1,0,0,0,0,5.13086E+20,5.4069E+21,9.17825E+15,4.88149E+16
23192,23193,8,2,21,0,2016,1,14,5,3,2,6,0,0,0,1,0,0,0,0,4.7738E+20,5.46829E+21,8.68845E+15,4.93669E+16
23193,23194,8,2,15,9,2016,1,5,6,2,9,1,2,2,0,1,0,0,0,0,4.66148E+20,5.43831E+21,8.53627E+15,4.90967E+16
23194,23195,8,3,26,3,2016,1,19,3,2,8,1,2,2,0,1,0,0,0,0,4.65103E+20,5.31714E+21,8.53212E+15,4.80066E+16
23195,23196,8,4,16,41,2016,1,17,5,3,2,6,2,1,0,1,0,0,0,0,5.00357E+20,5.37462E+21,9.00483E+15,4.85247E+16
23196,23197,8,4,35,16,2016,1,6,2,2,4,6,2,1,1,0,0,0,0,0,5.37892E+20,5.27731E+21,9.50455E+15,4.76481E+16
23197,23198,8,2,36,40,2016,1,17,5,3,5,3,2,1,0,1,0,0,0,0,4.92005E+20,5.422E+21,8.8908E+15,4.89509E+16
23198,23199,8,3,16,9,2016,1,7,6,3,5,3,2,1,0,1,0,0,0,0,4.15246E+20,5.32516E+21,7.86218E+15,4.80741E+16
23199,23200,8,4,37,65,2016,1,6,5,2,5,2,2,1,0,1,0,0,0,0,5.19337E+20,5.31889E+21,9.25934E+15,4.8023E+16
23200,23201,8,4,16,48,2016,1,11,3,3,8,1,0,2,0,1,0,0,0,0,4.9257E+20,5.38089E+21,8.89926E+15,4.85811E+16
23201,23202,8,1,18,63,2016,1,11,6,3,2,6,0,1,0,1,0,0,0,1,5.14467E+20,5.42304E+21,9.19764E+15,4.89601E+16
23202,23203,8,1,36,88,2016,1,7,5,3,2,6,2,1,0,1,0,0,0,0,5.74826E+20,5.4114E+21,1.002E+16,4.88511E+16
23203,23204,8,4,21,0,2016,1,7,4,2,4,2,0,1,0,1,0,0,0,0,5.69975E+20,5.35839E+21,9.94493E+15,4.83748E+16
23204,23205,8,3,17,102,2016,1,10,5,2,8,1,0,1,0,1,0,0,0,0,4.3621E+20,5.38107E+21,8.13512E+15,4.85795E+16
23205,23206,8,1,15,54,2016,1,0,7,3,4,6,2,2,0,1,0,0,0,0,4.93456E+20,5.39542E+21,8.91105E+15,4.87118E+16
23206,23207,8,2,26,84,2016,1,17,7,3,4,2,2,1,0,1,0,0,0,0,4.68073E+20,5.47215E+21,8.55995E+15,4.94012E+16
23207,23208,8,4,36,1,2016,1,15,3,1,1,1,0,2,0,1,0,0,0,0,5.55403E+20,5.27427E+21,9.7373E+15,4.76195E+16
23208,23209,8,1,17,3,2016,1,13,5,3,4,2,0,0,0,1,0,0,0,1,5.41922E+20,5.39401E+21,9.56971E+15,4.86977E+16
23209,23210,8,3,17,96,2016,1,13,3,3,5,2,0,1,0,1,0,1,0,0,4.21544E+20,5.36882E+21,7.93861E+15,4.84676E+16
23210,23211,8,2,12,0,2016,1,7,3,3,2,6,2,1,0,0,0,0,1,0,4.60297E+20,5.42437E+21,8.45749E+15,4.8971E+16
23211,23212,8,2,36,39,2016,1,15,6,3,4,6,0,2,0,1,0,0,0,1,4.89493E+20,5.41359E+21,8.85671E+15,4.88752E+16
23212,23213,8,4,37,65,2016,1,9,2,2,8,1,0,2,0,1,0,0,0,0,5.1857E+20,5.31964E+21,9.24909E+15,4.80298E+16
23213,23214,8,2,15,9,2016,1,12,4,2,3,6,0,0,0,1,0,0,0,0,4.67055E+20,5.43999E+21,8.54856E+15,4.91119E+16
23214,23215,8,1,18,48,2016,1,0,5,3,2,6,2,0,0,1,0,0,0,0,5.16403E+20,5.41763E+21,9.22386E+15,4.89114E+16
23215,23216,8,2,16,43,2016,1,14,4,2,5,2,0,0,0,1,0,0,0,0,4.39031E+20,5.41171E+21,8.16883E+15,4.88554E+16
23216,23217,8,1,11,0,2016,1,10,1,3,9,1,0,2,0,1,0,0,0,0,5.15359E+20,5.40516E+21,9.20915E+15,4.87992E+16
23217,23218,8,1,27,76,2016,1,22,4,2,6,4,2,1,0,1,1,0,0,0,5.56463E+20,5.43958E+21,9.77361E+15,4.91065E+16
23218,23219,8,1,21,0,2016,1,9,5,2,5,3,0,0,1,1,0,0,0,0,5.15893E+20,5.44375E+21,9.21793E+15,4.91464E+16
23219,23220,8,3,37,96,2016,1,17,4,3,2,6,2,1,0,1,0,0,0,0,4.21834E+20,5.26796E+21,7.96093E+15,4.75603E+16
23220,23221,8,2,21,0,2016,1,16,4,3,2,3,0,0,0,1,0,0,0,1,4.76979E+20,5.47545E+21,8.68251E+15,4.94313E+16
23221,23222,8,1,15,28,2016,1,17,4,3,2,6,1,0,0,1,0,0,0,0,5.01913E+20,5.40235E+21,9.02603E+15,4.87742E+16
23222,23223,8,2,15,90,2016,1,12,5,3,2,6,0,0,0,1,0,0,0,0,4.63377E+20,5.43383E+21,8.49873E+15,4.90563E+16
23223,23224,8,4,36,49,2016,1,19,6,3,4,1,2,2,0,1,0,0,0,0,5.81071E+20,5.28459E+21,1.00808E+16,4.77096E+16
23224,23225,8,1,27,14,2016,1,11,7,3,5,3,0,1,0,1,0,0,0,0,5.78235E+20,5.44382E+21,1.00727E+16,4.91422E+16
23225,23226,8,4,17,13,2016,1,8,3,3,4,5,0,2,0,1,0,0,1,0,5.049E+20,5.34918E+21,9.06606E+15,4.82958E+16
23226,23227,8,3,15,15,2016,1,18,3,3,8,1,2,1,0,1,0,0,0,0,3.9634E+20,5.32071E+21,7.60952E+15,4.80312E+16
23227,23228,8,2,36,4,2016,1,7,3,3,2,6,1,1,0,1,0,0,0,1,4.73086E+20,5.41448E+21,8.6329E+15,4.88827E+16
23228,23229,8,2,16,15,2016,1,11,6,3,8,1,0,2,0,1,0,0,0,0,4.49629E+20,5.4111E+21,8.31337E+15,4.88509E+16
23229,23230,8,4,37,82,2016,1,17,2,1,6,4,2,1,0,1,1,0,0,0,5.13576E+20,5.3439E+21,9.18287E+15,4.82482E+16
23230,23231,8,2,26,41,2016,1,16,4,3,2,6,0,1,0,1,0,0,0,0,4.769E+20,5.46589E+21,8.68197E+15,4.93453E+16
23231,23232,8,1,15,21,2016,1,13,5,3,6,2,0,0,0,1,1,0,0,0,4.90365E+20,5.38242E+21,8.86933E+15,4.85948E+16
23232,23233,8,4,35,59,2016,1,13,7,3,8,1,0,2,0,1,0,0,0,0,5.09537E+20,5.29476E+21,9.12737E+15,4.78061E+16
23233,23234,8,1,25,68,2016,1,13,4,3,8,1,0,1,0,1,0,0,0,0,5.19243E+20,5.45953E+21,9.26462E+15,4.92883E+16
23234,23235,8,4,15,59,2016,1,6,6,3,5,3,2,2,0,1,0,0,0,1,5.1702E+20,5.36994E+21,9.23032E+15,4.84823E+16
23235,23236,8,1,28,115,2016,1,8,3,2,8,1,0,1,0,1,0,0,0,0,5.50047E+20,5.49545E+21,9.69274E+15,4.96095E+16
23236,23237,8,1,15,3,2016,1,5,6,3,5,2,2,1,0,1,0,0,0,0,4.99464E+20,5.39185E+21,8.99272E+15,4.86797E+16
23237,23238,8,3,27,46,2016,1,7,2,2,6,2,2,1,0,1,1,0,0,0,4.80478E+20,5.32478E+21,8.73791E+15,4.8076E+16
23238,23239,8,4,17,31,2016,1,8,6,3,3,1,0,2,0,1,0,0,1,0,4.98645E+20,5.35723E+21,8.98171E+15,4.83682E+16
23239,23240,8,1,27,14,2016,1,20,3,3,5,2,2,1,0,1,0,0,0,0,5.78689E+20,5.44348E+21,1.00789E+16,4.91391E+16
23240,23241,8,3,26,60,2016,1,17,2,3,4,6,2,1,0,1,0,0,1,0,4.44318E+20,5.32741E+21,8.25213E+15,4.80975E+16
23241,23242,8,2,15,25,2016,1,10,3,3,5,3,0,0,0,1,0,0,0,1,4.7528E+20,5.43327E+21,8.66168E+15,4.90518E+16
23242,23243,8,1,17,31,2016,1,11,6,3,2,6,0,1,0,1,0,0,0,0,5.51672E+20,5.37549E+21,9.6999E+15,4.85304E+16
23243,23244,8,4,37,47,2016,1,8,2,3,9,1,0,2,0,1,0,0,0,0,5.1761E+20,5.34111E+21,9.23709E+15,4.8223E+16
23244,23245,8,4,15,92,2016,1,8,7,3,6,7,0,1,0,0,1,0,0,1,5.1919E+20,5.36448E+21,9.25944E+15,4.84331E+16
23245,23246,8,1,16,77,2016,1,11,4,3,6,4,0,1,0,0,1,0,0,1,5.17486E+20,5.39137E+21,9.23752E+15,4.86751E+16
23246,23247,8,2,35,79,2016,1,11,5,3,4,6,0,1,0,1,0,0,0,0,4.69107E+20,5.40354E+21,8.57945E+15,4.87841E+16
23247,23248,8,3,27,51,2016,1,15,6,3,5,3,0,2,0,1,0,0,0,0,4.84273E+20,5.33296E+21,8.78855E+15,4.81497E+16