FID,OBJECTID,ULAND,UREGBEZ,UKREIS,UGEMEINDE,UJAHR,UMONAT,USTUNDE,UWOCHENTAG,UKATEGORIE,UART,UTYP1,ULICHTVERH,IstStrasse,IstRad,IstPKW,IstFuss,IstKrad,IstGkfz,IstSonstig,LINREFX,LINREFY,XGCSWGS84,YGCSWGS84
23248,23249,8,1,27,75,2016,1,20,3,3,5,3,2,1,0,1,0,0,0,0,5.70544E+20,5.46635E+21,9.97123E+15,4.93458E+16
23249,23250,8,1,11,0,2016,1,15,6,3,5,3,0,0,0,1,0,0,0,0,5.08092E+20,5.39743E+21,9.11005E+15,4.87298E+16
23250,23251,8,1,36,7,2016,1,11,3,3,8,1,0,0,0,1,0,0,0,0,5.7138E+20,5.40037E+21,9.9711E+15,4.87523E+16
23251,23252,8,1,18,63,2016,1,7,6,3,2,6,1,1,0,1,0,0,0,0,5.1616E+20,5.42293E+21,9.22076E+15,4.8959E+16
23252,23253,8,4,36,52,2016,1,7,4,3,3,1,2,2,0,1,0,0,0,0,5.69741E+20,5.29134E+21,9.93083E+15,4.77716E+16
23253,23254,8,3,27,50,2016,1,15,5,2,8,1,0,1,0,1,0,0,0,0,4.89743E+20,5.3109E+21,8.86263E+15,4.79514E+16
23254,23255,8,1,25,65,2016,1,12,7,3,8,1,0,0,0,1,0,0,0,0,5.1642E+20,5.44661E+21,9.22527E+15,4.91721E+16
23255,23256,8,1,28,115,2016,1,2,6,3,8,1,2,2,0,1,0,0,0,0,5.50959E+20,5.49559E+21,9.70537E+15,4.96107E+16
23256,23257,8,1,11,0,2016,1,9,5,3,6,2,0,0,0,1,1,0,0,0,5.14934E+20,5.40273E+21,9.20327E+15,4.87774E+16
23257,23258,8,1,15,45,2016,1,14,3,3,2,6,0,1,0,1,0,0,0,0,5.02247E+20,5.40165E+21,9.03057E+15,4.87679E+16
23258,23259,8,1,36,88,2016,1,15,6,3,2,6,0,2,0,1,0,0,0,0,5.80822E+20,5.41234E+21,1.01019E+16,4.88588E+16
23259,23260,8,1,17,15,2016,1,13,6,3,4,6,0,2,0,1,0,0,0,0,5.61901E+20,5.39238E+21,9.84095E+15,4.86814E+16
23260,23261,8,3,35,79,2016,1,18,5,3,1,2,2,1,0,1,0,0,0,0,5.00005E+20,5.29912E+21,9.00006E+15,4.78455E+16
23261,23262,8,3,35,98,2016,1,10,7,3,8,1,0,1,0,1,0,0,0,0,5.01662E+20,5.29864E+21,9.02222E+15,4.78411E+16
23262,23263,8,1,16,71,2016,1,18,4,3,4,2,2,0,1,1,0,0,0,0,5.2786E+20,5.39115E+21,9.37842E+15,4.86728E+16
23263,23264,8,2,26,106,2016,1,9,5,3,5,3,0,1,0,1,0,0,0,0,4.97874E+20,5.46378E+21,8.97074E+15,4.93268E+16
23264,23265,8,3,36,50,2016,1,14,6,3,2,6,0,0,0,1,0,0,0,0,3.98874E+20,5.27617E+21,7.6539E+15,4.76311E+16
23265,23266,8,3,16,43,2016,1,17,3,3,2,6,2,1,0,1,0,0,1,0,4.09772E+20,5.32984E+21,7.78771E+15,4.81155E+16
23266,23267,8,4,35,16,2016,1,15,5,3,2,6,0,1,0,1,0,0,0,0,5.33971E+20,5.27829E+21,9.45241E+15,4.76572E+16
23267,23268,8,1,28,45,2016,1,5,5,2,9,1,2,1,0,1,0,0,0,0,5.56342E+20,5.5055E+21,9.78131E+15,4.96994E+16
23268,23269,8,4,17,79,2016,1,6,4,3,8,1,2,2,0,1,0,0,0,0,4.9935E+20,5.3481E+21,8.99123E+15,4.82861E+16
23269,23270,8,3,17,150,2016,1,15,5,3,2,6,0,0,0,1,0,0,0,0,4.10324E+20,5.3556E+21,7.78969E+15,4.83472E+16
23270,23271,8,1,11,0,2016,1,11,7,3,5,3,0,1,0,1,0,0,0,0,5.1304E+20,5.39989E+21,9.1774E+15,4.87518E+16
23271,23272,8,2,21,0,2016,1,13,7,3,1,6,0,1,0,1,0,0,0,0,4.78915E+20,5.47366E+21,8.7093E+15,4.94153E+16
23272,23273,8,4,26,97,2016,1,7,3,2,6,4,2,1,0,1,1,0,0,0,5.35439E+20,5.33412E+21,9.47655E+15,4.81593E+16
23273,23274,8,3,17,34,2016,1,9,3,1,4,6,0,1,0,1,0,0,1,0,4.27316E+20,5.36051E+21,8.01813E+15,4.83935E+16
23274,23275,8,3,15,109,2016,1,3,7,3,6,4,2,2,0,1,1,0,0,0,4.22609E+20,5.31455E+21,7.96292E+15,4.79796E+16
23275,23276,8,4,35,13,2016,1,7,3,2,6,4,2,1,0,1,1,0,0,0,5.40585E+20,5.27525E+21,9.54021E+15,4.76294E+16
23276,23277,8,2,15,89,2016,1,7,5,3,9,1,2,2,0,1,0,0,0,0,4.70824E+20,5.43176E+21,8.60081E+15,4.9038E+16
23277,23278,8,2,37,74,2016,1,6,6,3,8,1,2,2,0,1,0,0,0,0,4.68849E+20,5.37261E+21,8.57826E+15,4.85058E+16
23278,23279,8,2,37,75,2016,1,16,3,2,4,6,1,1,0,1,0,0,0,0,4.52092E+20,5.36529E+21,8.35225E+15,4.84389E+16
23279,23280,8,4,15,59,2016,1,0,5,3,9,1,2,2,0,1,0,0,0,0,5.14024E+20,5.36631E+21,9.18966E+15,4.84498E+16
23280,23281,8,4,37,104,2016,1,7,2,3,5,3,1,1,0,1,0,0,0,0,5.15837E+20,5.32637E+21,9.21267E+15,4.80904E+16
23281,23282,8,3,15,15,2016,1,7,4,3,5,2,2,1,0,1,0,0,0,0,3.94707E+20,5.32216E+21,7.58726E+15,4.8044E+16
23282,23283,8,1,25,8,2016,1,7,5,2,6,2,2,1,0,1,1,0,0,0,5.23136E+20,5.43138E+21,9.31654E+15,4.90349E+16
23283,23284,8,3,37,66,2016,1,11,4,2,8,1,0,1,0,1,0,0,0,0,4.32576E+20,5.2704E+21,8.10333E+15,4.75835E+16
23284,23285,8,2,15,7,2016,1,17,4,3,2,6,2,0,0,1,0,0,0,0,4.77605E+20,5.43203E+21,8.69357E+15,4.90408E+16
23285,23286,8,1,11,0,2016,1,10,1,3,1,1,0,2,0,1,0,0,0,0,5.11474E+20,5.41055E+21,9.15639E+15,4.88478E+16
23286,23287,8,1,36,88,2016,1,17,4,2,8,1,2,1,0,1,0,0,0,0,5.80104E+20,5.41287E+21,1.00922E+16,4.88636E+16
23287,23288,8,2,12,0,2016,1,13,5,2,2,6,0,0,0,1,0,0,0,0,4.622E+20,5.43126E+21,8.48285E+15,4.90331E+16
23288,23289,8,4,26,31,2016,1,15,6,2,0,6,0,2,0,1,0,0,0,1,5.83788E+20,5.32871E+21,1.01255E+16,4.81061E+16
23289,23290,8,1,27,14,2016,1,5,3,3,8,1,2,1,0,1,0,0,0,0,5.70998E+20,5.4468E+21,9.974E+15,4.91699E+16
23290,23291,8,1,25,79,2016,1,11,7,3,5,3,0,1,0,1,0,0,0,0,5.11898E+20,5.4547E+21,9.16347E+15,4.9245E+16
23291,23292,8,4,17,75,2016,1,13,3,3,8,1,0,2,0,1,0,0,0,0,5.12998E+20,5.33719E+21,9.17489E+15,4.81878E+16
23292,23293,8,2,22,0,2016,1,14,3,3,2,6,0,1,0,1,0,0,0,0,4.67853E+20,5.47813E+21,8.55643E+15,4.9455E+16
23293,23294,8,3,26,6,2016,1,5,2,3,4,1,2,2,0,1,0,0,0,0,4.6045E+20,5.30992E+21,8.4704E+15,4.79413E+16
23294,23295,8,2,26,49,2016,1,7,3,3,5,3,1,1,0,1,0,0,0,0,4.86539E+20,5.46312E+21,8.81477E+15,4.93206E+16
23295,23296,8,2,12,0,2016,1,7,6,3,6,4,2,1,0,1,1,0,0,0,4.56589E+20,5.42497E+21,8.40677E+15,4.89761E+16
23296,23297,8,4,35,57,2016,1,20,2,2,5,3,2,1,0,1,0,0,0,0,5.42079E+20,5.27965E+21,9.56051E+15,4.76689E+16
23297,23298,8,2,12,0,2016,1,8,3,3,2,6,1,1,0,1,0,0,0,0,4.53434E+20,5.42836E+21,8.36327E+15,4.90063E+16
23298,23299,8,2,25,74,2016,1,6,6,2,9,1,2,2,0,1,0,0,0,0,5.04346E+20,5.46395E+21,9.05981E+15,4.93283E+16
23299,23300,8,4,36,9,2016,1,7,2,3,4,2,2,1,1,1,0,0,0,0,5.56527E+20,5.30831E+21,9.75669E+15,4.79256E+16
23300,23301,8,2,31,0,2016,1,18,4,3,3,6,2,1,0,1,0,0,0,0,4.77588E+20,5.41564E+21,8.69423E+15,4.88933E+16
23301,23302,8,1,16,19,2016,1,16,5,3,4,2,0,0,0,1,0,1,0,0,5.24457E+20,5.39752E+21,9.33259E+15,4.87302E+16
23302,23303,8,4,37,101,2016,1,1,7,3,4,1,2,2,0,1,0,0,1,0,5.22117E+20,5.32463E+21,9.29693E+15,4.80746E+16
23303,23304,8,1,26,11,2016,1,7,4,3,5,3,1,1,0,1,0,1,0,0,5.31024E+20,5.44848E+21,9.42577E+15,4.91883E+16
23304,23305,8,4,16,36,2016,1,9,6,3,8,1,0,2,0,1,0,0,0,0,4.90321E+20,5.37385E+21,8.86892E+15,4.85177E+16
23305,23306,8,1,27,13,2016,1,17,3,2,9,1,2,1,0,0,0,1,0,0,5.67231E+20,5.42838E+21,9.91927E+15,4.90046E+16
23306,23307,8,3,25,45,2016,1,14,2,3,6,4,0,1,0,1,1,0,0,0,4.65312E+20,5.35107E+21,8.53216E+15,4.83119E+16
23307,23308,8,1,36,88,2016,1,13,6,3,4,1,0,2,0,1,0,0,0,0,5.87537E+20,5.4047E+21,1.01918E+16,4.87892E+16
23308,23309,8,2,12,0,2016,1,17,3,3,2,2,0,1,0,1,0,0,0,1,4.62301E+20,5.42797E+21,8.48454E+15,4.90034E+16
23309,23310,8,1,36,28,2016,1,19,6,3,2,1,2,2,0,1,0,0,0,0,5.68853E+20,5.40416E+21,9.93737E+15,4.87866E+16
23310,23311,8,1,17,14,2016,1,13,6,3,8,1,0,2,0,1,0,0,0,0,5.5186E+20,5.38731E+21,9.70393E+15,4.86367E+16
23311,23312,8,3,37,108,2016,1,9,7,3,5,3,0,1,0,1,0,0,0,0,4.25133E+20,5.28712E+21,8.00149E+15,4.77331E+16
23312,23313,8,2,36,71,2016,1,18,5,3,2,6,2,1,0,1,0,0,0,0,4.68178E+20,5.42239E+21,8.56533E+15,4.89537E+16
23313,23314,8,3,17,118,2016,1,6,6,3,4,1,2,2,0,1,0,0,0,0,4.35551E+20,5.3854E+21,8.12551E+15,4.86183E+16
23314,23315,8,4,36,64,2016,1,15,5,2,4,6,0,0,0,1,0,0,0,0,5.4482E+20,5.28842E+21,9.59793E+15,4.77476E+16
23315,23316,8,4,25,39,2016,1,22,7,3,8,1,2,2,0,1,0,0,0,0,5.62895E+20,5.34961E+21,9.84802E+15,4.82966E+16
23316,23317,8,1,18,11,2016,1,17,4,3,6,4,2,1,0,1,1,0,0,0,5.05051E+20,5.40778E+21,9.06881E+15,4.8823E+16
23317,23318,8,2,15,90,2016,1,12,5,3,2,6,0,0,0,1,0,0,0,0,4.63897E+20,5.43492E+21,8.50574E+15,4.9066E+16
23318,23319,8,3,37,65,2016,1,23,6,3,1,6,2,2,0,1,0,0,0,0,4.47204E+20,5.27575E+21,8.29721E+15,4.7633E+16
23319,23320,8,1,25,13,2016,1,9,3,2,8,1,0,1,0,1,0,0,0,0,5.02602E+20,5.43671E+21,9.03564E+15,4.90832E+16
23320,23321,8,1,11,0,2016,1,18,6,3,8,6,2,1,0,1,0,0,0,0,5.10744E+20,5.40342E+21,9.14626E+15,4.87837E+16
23321,23322,8,1,21,0,2016,1,13,6,3,1,6,0,2,0,1,0,0,0,0,5.16431E+20,5.44617E+21,9.22541E+15,4.91681E+16
23322,23323,8,4,35,29,2016,1,18,4,2,6,4,2,0,0,1,1,0,0,0,5.46481E+20,5.27204E+21,9.61834E+15,4.76001E+16
23323,23324,8,3,26,74,2016,1,7,5,3,2,6,0,1,0,1,0,0,0,0,4.59558E+20,5.32414E+21,8.45712E+15,4.80693E+16
23324,23325,8,3,17,65,2016,1,12,7,2,5,3,0,1,1,1,0,0,0,0,4.14877E+20,5.3566E+21,7.85091E+15,4.83569E+16
23325,23326,8,1,15,13,2016,1,8,4,3,2,6,0,1,0,1,0,0,0,0,4.95926E+20,5.38876E+21,8.94469E+15,4.86519E+16
23326,23327,8,2,22,0,2016,1,11,5,2,6,4,0,0,0,0,1,0,0,1,4.62598E+20,5.47976E+21,8.48377E+15,4.94693E+16
23327,23328,8,2,26,96,2016,1,21,6,3,9,1,2,1,0,1,0,0,0,0,4.73084E+20,5.48863E+21,8.62789E+15,4.95496E+16
23328,23329,8,3,35,63,2016,1,8,3,3,6,2,1,1,0,1,1,0,0,0,4.97882E+20,5.28797E+21,8.97175E+15,4.77451E+16
23329,23330,8,4,25,135,2016,1,8,5,3,9,7,0,1,0,1,0,0,0,0,5.6965E+20,5.37461E+21,9.94324E+15,4.85207E+16
23330,23331,8,4,36,9,2016,1,19,2,2,8,1,2,1,0,1,0,0,0,0,5.52226E+20,5.31138E+21,9.6995E+15,4.79536E+16
23331,23332,8,1,26,47,2016,1,5,5,3,5,3,2,1,0,1,0,0,0,0,5.50303E+20,5.44947E+21,9.69045E+15,4.9196E+16
23332,23333,8,4,15,53,2016,1,2,4,3,9,1,2,2,0,1,0,0,0,0,5.3442E+20,5.36435E+21,9.46532E+15,4.84314E+16
23333,23334,8,2,21,0,2016,1,0,4,3,0,7,2,1,1,0,0,0,0,0,4.77476E+20,5.47429E+21,8.68943E+15,4.94209E+16
23334,23335,8,1,18,10,2016,1,14,6,3,4,1,0,2,0,1,0,0,0,0,5.09482E+20,5.43E+21,9.1297E+15,4.90228E+16
23335,23336,8,1,36,9,2016,1,16,5,3,4,6,0,1,0,1,0,0,0,1,5.67762E+20,5.40711E+21,9.92299E+15,4.88132E+16
23336,23337,8,4,35,52,2016,1,5,4,3,0,3,2,0,0,1,0,0,0,0,5.23853E+20,5.28866E+21,9.31823E+15,4.77508E+16
23337,23338,8,3,17,56,2016,1,17,5,3,5,2,2,1,0,1,0,0,0,0,4.35239E+20,5.38233E+21,8.12176E+15,4.85907E+16
23338,23339,8,1,16,81,2016,1,20,7,3,5,3,2,1,0,1,0,0,0,0,5.19381E+20,5.38608E+21,9.26302E+15,4.86275E+16
23339,23340,8,2,26,17,2016,1,18,7,3,4,1,2,2,0,1,0,0,0,0,4.91407E+20,5.46436E+21,8.88173E+15,4.93319E+16
23340,23341,8,4,35,57,2016,1,15,3,2,5,3,0,1,0,1,0,0,1,0,5.44549E+20,5.27787E+21,9.59324E+15,4.76527E+16
23341,23342,8,2,15,100,2016,1,6,5,3,4,2,2,0,0,1,0,0,0,0,4.74026E+20,5.45212E+21,8.6433E+15,4.92213E+16
23342,23343,8,2,36,19,2016,1,16,6,2,4,1,2,2,0,1,0,0,0,0,4.89432E+20,5.40927E+21,8.85599E+15,4.88363E+16
23343,23344,8,3,17,96,2016,1,12,3,2,6,6,0,0,1,0,1,0,0,0,4.21341E+20,5.36878E+21,7.93587E+15,4.84672E+16
23344,23345,8,2,15,46,2016,1,19,3,3,2,6,2,1,0,1,0,0,0,1,4.49387E+20,5.41591E+21,8.30949E+15,4.88941E+16
23345,23346,8,2,36,4,2016,1,7,6,3,8,1,2,2,0,1,0,0,0,0,4.70875E+20,5.41102E+21,8.60298E+15,4.88515E+16
23346,23347,8,4,35,16,2016,1,7,2,3,2,6,1,1,0,1,0,0,0,0,5.37159E+20,5.27873E+21,9.49491E+15,4.76609E+16
23347,23348,8,2,15,84,2016,1,16,4,3,2,6,1,0,0,1,0,0,0,0,4.69943E+20,5.44892E+21,8.58748E+15,4.91924E+16
23348,23349,8,1,19,44,2016,1,18,5,3,2,6,2,1,0,1,0,0,0,0,5.42952E+20,5.42511E+21,9.58697E+15,4.89774E+16
23349,23350,8,3,27,18,2016,1,8,4,2,8,1,0,2,0,1,0,0,0,0,4.74905E+20,5.30426E+21,8.6643E+15,4.78911E+16
23350,23351,8,2,15,101,2016,1,15,4,3,8,7,0,1,0,1,0,0,0,0,4.65945E+20,5.42654E+21,8.53448E+15,4.89908E+16
23351,23352,8,1,11,0,2016,1,3,1,3,2,6,2,1,0,1,0,0,0,0,5.13046E+20,5.40699E+21,9.17772E+15,4.88157E+16
23352,23353,8,1,28,139,2016,1,7,4,2,9,1,1,1,0,1,0,0,0,0,5.56388E+20,5.48731E+21,9.77933E+15,4.95358E+16
23353,23354,8,4,17,25,2016,1,8,6,3,4,1,0,2,0,1,0,0,0,0,4.80657E+20,5.35473E+21,8.73895E+15,4.83454E+16
23354,23355,8,1,26,94,2016,1,16,3,3,8,1,1,1,0,1,0,0,0,0,5.36348E+20,5.45786E+21,9.49968E+15,4.92724E+16
23355,23356,8,4,15,62,2016,1,12,3,3,2,6,0,0,0,1,0,0,0,0,5.19191E+20,5.37848E+21,9.26009E+15,4.85591E+16
23356,23357,8,1,25,6,2016,1,18,4,3,2,6,2,1,0,1,0,0,0,0,5.03868E+20,5.45137E+21,9.05311E+15,4.92151E+16
23357,23358,8,2,15,99,2016,1,7,5,2,6,4,2,1,0,1,1,0,0,0,4.62728E+20,5.44589E+21,8.48873E+15,4.91647E+16
23358,23359,8,4,36,95,2016,1,21,6,2,8,1,2,2,0,1,0,0,0,0,5.3601E+20,5.29697E+21,9.48111E+15,4.7825E+16
23359,23360,8,1,18,12,2016,1,11,7,2,8,1,0,1,0,1,0,0,0,0,5.01368E+20,5.41617E+21,9.01867E+15,4.88985E+16
23360,23361,8,4,25,33,2016,1,7,3,3,5,2,0,1,0,1,0,0,0,0,5.52144E+20,5.34794E+21,9.70287E+15,4.82825E+16
23361,23362,8,3,16,11,2016,1,7,3,2,6,4,2,1,0,1,1,0,0,0,4.17069E+20,5.32791E+21,7.88612E+15,4.8099E+16
23362,23363,8,2,35,80,2016,1,20,3,3,8,1,2,1,0,1,0,0,0,0,4.85458E+20,5.3899E+21,8.80252E+15,4.8662E+16
23363,23364,8,2,16,24,2016,1,7,6,3,5,3,0,2,0,1,0,0,0,0,4.45494E+20,5.40858E+21,8.25735E+15,4.88278E+16
23364,23365,8,4,25,66,2016,1,11,2,3,5,3,0,1,0,1,0,0,0,0,5.78561E+20,5.34718E+21,1.00588E+16,4.82729E+16
23365,23366,8,2,36,43,2016,1,22,4,3,2,6,2,1,0,1,0,0,0,0,4.7064E+20,5.40962E+21,8.59988E+15,4.88389E+16
23366,23367,8,1,15,52,2016,1,8,5,3,5,3,0,0,1,1,0,0,0,0,4.92928E+20,5.41098E+21,8.90359E+15,4.88517E+16
23367,23368,8,4,36,82,2016,1,17,7,2,6,2,2,1,0,1,1,0,0,0,5.48167E+20,5.29559E+21,9.64337E+15,4.78119E+16
23368,23369,8,1,25,46,2016,1,14,4,2,4,2,0,0,0,1,0,0,0,0,5.20652E+20,5.43332E+21,9.28264E+15,4.90524E+16
23369,23370,8,4,15,92,2016,1,13,6,2,4,6,0,2,0,1,0,0,0,0,5.21204E+20,5.36239E+21,9.28655E+15,4.84143E+16
23370,23371,8,1,19,53,2016,1,19,3,3,4,6,2,1,0,1,0,0,0,0,5.33249E+20,5.42515E+21,9.45438E+15,4.89783E+16
23371,23372,8,1,15,51,2016,1,9,6,3,2,6,0,2,0,1,0,0,0,0,5.05675E+20,5.38189E+21,9.07696E+15,4.85901E+16
23372,23373,8,4,17,22,2016,1,7,2,2,6,2,2,1,0,1,1,0,0,0,4.86015E+20,5.34831E+21,8.81147E+15,4.82879E+16
23373,23374,8,1,28,7,2016,1,16,6,3,9,1,0,2,0,1,0,0,0,0,5.53218E+20,5.47344E+21,9.73365E+15,4.94113E+16
23374,23375,8,1,17,51,2016,1,21,3,2,2,6,2,1,0,1,0,0,0,0,5.41278E+20,5.39566E+21,9.56113E+15,4.87126E+16
23375,23376,8,1,36,19,2016,1,17,6,3,9,1,1,2,0,1,0,0,0,0,5.76351E+20,5.42509E+21,1.00433E+16,4.8974E+16
23376,23377,8,1,17,43,2016,1,4,6,3,8,1,2,2,0,1,0,0,0,0,5.52665E+20,5.38993E+21,9.71519E+15,4.86602E+16
23377,23378,8,3,17,39,2016,1,5,2,3,5,3,2,1,0,1,0,0,0,0,4.39902E+20,5.34834E+21,8.18987E+15,4.82854E+16
23378,23379,8,2,21,0,2016,1,8,3,3,0,1,0,1,0,0,0,1,0,0,4.77527E+20,5.47415E+21,8.69014E+15,4.94196E+16
23379,23380,8,1,17,49,2016,1,14,6,3,2,1,0,2,0,1,0,0,0,0,5.54925E+20,5.39067E+21,9.74597E+15,4.86666E+16
23380,23381,8,4,21,0,2016,1,16,2,3,2,6,0,1,0,1,0,0,0,0,5.69763E+20,5.36166E+21,9.94261E+15,4.84042E+16
23381,23382,8,4,15,61,2016,1,20,7,3,2,6,2,1,0,1,0,0,0,0,5.15374E+20,5.37084E+21,9.20807E+15,4.84905E+16
23382,23383,8,1,17,26,2016,1,12,4,3,2,6,0,1,0,1,0,0,0,0,5.46887E+20,5.39518E+21,9.63732E+15,4.87079E+16
23383,23384,8,2,37,40,2016,1,10,5,2,5,2,0,1,0,1,0,0,0,0,4.7062E+20,5.36623E+21,8.60269E+15,4.84486E+16
23384,23385,8,4,35,66,2016,1,20,6,2,5,3,2,1,1,1,0,0,0,0,5.18433E+20,5.28696E+21,9.24585E+15,4.77357E+16
23385,23386,8,1,18,63,2016,1,7,3,2,5,3,2,1,1,1,0,0,0,0,5.15329E+20,5.42299E+21,9.20941E+15,4.89596E+16
23386,23387,8,1,11,0,2016,1,9,6,3,2,1,0,2,0,1,0,0,0,1,5.14696E+20,5.39908E+21,9.1999E+15,4.87446E+16
23387,23388,8,1,18,76,2016,1,22,6,3,2,6,2,1,0,1,0,0,0,0,5.06056E+20,5.42263E+21,9.08273E+15,4.89566E+16
23388,23389,8,4,35,59,2016,1,17,4,3,2,6,2,1,0,1,0,0,0,0,5.14199E+20,5.29049E+21,9.1895E+15,4.77676E+16
23389,23390,8,3,25,70,2016,1,17,5,2,6,2,2,1,0,1,1,0,0,0,4.62262E+20,5.34816E+21,8.49128E+15,4.82855E+16
23390,23391,8,1,21,0,2016,1,18,7,2,6,4,2,1,0,1,1,0,0,0,5.13392E+20,5.4458E+21,9.1837E+15,4.91649E+16
23391,23392,8,3,15,68,2016,1,9,7,3,4,1,0,1,0,1,0,0,0,0,4.4376E+20,5.30284E+21,8.24786E+15,4.78764E+16
23392,23393,8,1,11,0,2016,1,7,4,2,6,4,2,1,0,0,1,0,0,1,5.13246E+20,5.4037E+21,9.18033E+15,4.87861E+16
23393,23394,8,2,16,33,2016,1,23,5,2,9,1,2,1,0,1,0,0,0,0,4.45432E+20,5.41312E+21,8.2559E+15,4.88686E+16
23394,23395,8,2,37,40,2016,1,12,6,3,4,1,0,2,0,1,0,0,0,0,4.69699E+20,5.36641E+21,8.59021E+15,4.84501E+16
23395,23396,8,3,26,74,2016,1,14,3,2,2,6,0,1,1,1,0,0,0,0,4.69775E+20,5.32191E+21,8.59442E+15,4.80498E+16
23396,23397,8,3,37,38,2016,1,21,5,2,9,1,2,1,0,1,0,0,0,0,4.29424E+20,5.27383E+21,8.06087E+15,4.7614E+16
23397,23398,8,3,36,78,2016,1,13,7,3,9,7,0,1,0,1,0,0,0,0,3.96572E+20,5.28964E+21,7.62008E+15,4.77518E+16
23398,23399,8,2,15,7,2016,1,8,5,3,8,1,0,2,0,1,0,0,0,0,4.79334E+20,5.42971E+21,8.71734E+15,4.90199E+16
23399,23400,8,3,15,6,2016,1,18,6,3,5,3,2,0,0,1,0,0,0,0,4.02171E+20,5.30919E+21,7.69033E+15,4.79286E+16
23400,23401,8,3,25,57,2016,1,16,3,2,8,1,0,2,0,1,0,0,0,0,4.77485E+20,5.35774E+21,8.69598E+15,4.83724E+16
23401,23402,8,1,15,1,2016,1,17,3,3,6,4,2,1,0,1,1,0,0,0,4.92532E+20,5.39172E+21,8.89854E+15,4.86785E+16
23402,23403,8,4,36,81,2016,1,10,5,2,8,1,0,0,0,1,0,0,0,0,5.58282E+20,5.27983E+21,9.77636E+15,4.76693E+16
23403,23404,8,1,17,43,2016,1,13,6,3,4,6,0,2,0,1,0,0,0,0,5.51745E+20,5.38751E+21,9.70238E+15,4.86385E+16
23404,23405,8,1,35,19,2016,1,16,5,3,4,2,1,1,1,1,0,0,0,0,5.85414E+20,5.39017E+21,1.01599E+16,4.86587E+16
23405,23406,8,4,17,44,2016,1,7,4,3,5,3,1,2,0,1,0,0,0,0,4.92253E+20,5.33562E+21,8.8958E+15,4.81737E+16
23406,23407,8,3,17,1,2016,1,17,5,3,5,3,1,1,0,0,0,1,0,1,4.28365E+20,5.3884E+21,8.02751E+15,4.86445E+16
23407,23408,8,1,11,0,2016,1,20,7,3,8,1,2,1,0,1,0,0,0,0,5.09386E+20,5.40061E+21,9.12771E+15,4.87584E+16
23408,23409,8,2,26,9,2016,1,17,7,2,5,3,2,1,0,1,0,0,0,0,4.66903E+20,5.47292E+21,8.54376E+15,4.94081E+16
23409,23410,8,4,36,1,2016,1,15,3,3,8,1,0,1,0,1,0,0,0,0,5.5539E+20,5.27428E+21,9.73714E+15,4.76196E+16
23410,23411,8,1,15,45,2016,1,16,5,3,2,6,1,0,0,1,0,0,0,0,5.01215E+20,5.39368E+21,9.01651E+15,4.86962E+16
23411,23412,8,3,17,65,2016,1,15,3,3,5,3,0,1,1,1,0,0,0,0,4.14164E+20,5.35515E+21,7.8416E+15,4.83437E+16
23412,23413,8,2,15,46,2016,1,18,3,3,5,3,2,1,1,1,0,0,0,0,4.50839E+20,5.41507E+21,8.32939E+15,4.88867E+16
23413,23414,8,2,26,85,2016,1,0,6,2,4,2,2,1,0,1,0,0,0,0,4.88396E+20,5.45484E+21,8.84056E+15,4.92462E+16
23414,23415,8,4,16,41,2016,1,12,2,3,2,6,0,1,0,1,0,0,0,0,5.0573E+20,5.37505E+21,9.0776E+15,4.85286E+16
23415,23416,8,2,35,80,2016,1,7,4,3,8,1,2,1,0,0,0,1,0,0,4.83159E+20,5.38834E+21,8.77135E+15,4.86479E+16
23416,23417,8,4,15,27,2016,1,20,5,3,6,6,2,1,0,1,1,0,0,0,5.28983E+20,5.36103E+21,9.39159E+15,4.84017E+16
23417,23418,8,4,16,50,2016,1,17,2,1,5,3,2,1,0,1,0,0,0,0,4.84551E+20,5.36547E+21,8.7911E+15,4.84422E+16
23418,23419,8,3,25,72,2016,1,6,4,3,3,1,2,2,0,1,0,0,0,0,4.69389E+20,5.32573E+21,8.58897E+15,4.80841E+16
23419,23420,8,1,25,27,2016,1,20,5,2,4,2,2,1,0,1,0,0,0,0,5.21101E+20,5.44508E+21,9.2894E+15,4.91582E+16
23420,23421,8,3,37,39,2016,1,13,4,3,4,1,0,2,0,1,0,0,0,0,4.43594E+20,5.2897E+21,8.24735E+15,4.77582E+16
23421,23422,8,2,11,0,2016,1,12,4,3,5,3,0,0,0,1,0,0,0,0,4.43978E+20,5.40714E+21,8.23689E+15,4.88147E+16
23422,23423,8,1,36,75,2016,1,17,4,3,2,6,2,1,0,1,0,0,0,1,5.95322E+20,5.42105E+21,1.03016E+16,4.8935E+16
23423,23424,8,2,15,17,2016,1,6,5,3,9,1,2,1,0,1,0,0,0,0,4.54013E+20,5.42238E+21,8.37186E+15,4.89526E+16
23424,23425,8,4,36,64,2016,1,16,6,3,2,6,0,0,0,1,0,0,0,0,5.44045E+20,5.29071E+21,9.58782E+15,4.77682E+16
23425,23426,8,1,25,111,2016,1,11,7,2,4,1,0,1,0,1,0,0,0,0,5.31371E+20,5.45849E+21,9.43131E+15,4.92783E+16
23426,23427,8,4,17,31,2016,1,17,3,3,4,2,1,1,0,1,0,0,0,0,4.98304E+20,5.35561E+21,8.97711E+15,4.83537E+16
23427,23428,8,3,15,95,2016,1,12,3,3,4,1,0,1,0,1,0,0,0,1,4.27375E+20,5.31989E+21,8.02588E+15,4.80281E+16
23428,23429,8,2,36,4,2016,1,9,3,3,5,3,0,1,0,1,0,0,0,0,4.73025E+20,5.41348E+21,8.63212E+15,4.88737E+16