FID,OBJECTID,ULAND,UREGBEZ,UKREIS,UGEMEINDE,UJAHR,UMONAT,USTUNDE,UWOCHENTAG,UKATEGORIE,UART,UTYP1,ULICHTVERH,IstStrasse,IstRad,IstPKW,IstFuss,IstKrad,IstGkfz,IstSonstig,LINREFX,LINREFY,XGCSWGS84,YGCSWGS84
23791,23792,8,1,15,3,2016,1,16,4,3,2,6,0,1,0,1,0,0,0,0,5.00721E+20,5.39257E+21,9.00979E+15,4.86862E+16
23792,23793,8,2,37,40,2016,1,13,6,3,2,6,0,1,0,1,0,0,0,0,4.80558E+20,5.36323E+21,8.73721E+15,4.84219E+16
23793,23794,8,1,18,10,2016,1,22,3,2,9,1,2,0,0,1,0,0,0,0,5.06986E+20,5.43224E+21,9.0956E+15,4.9043E+16
23794,23795,8,1,16,70,2016,1,6,6,3,2,6,2,1,0,1,0,0,0,0,5.40197E+20,5.38585E+21,9.54548E+15,4.86245E+16
23795,23796,8,3,37,123,2016,1,20,1,3,8,1,2,1,0,1,0,0,0,0,4.5569E+20,5.27916E+21,8.40982E+15,4.76643E+16
23796,23797,8,1,16,14,2016,1,11,4,3,2,6,0,0,0,1,0,0,0,1,5.29704E+20,5.39548E+21,9.40379E+15,4.87116E+16
23797,23798,8,4,15,61,2016,1,10,6,3,8,1,0,1,0,1,0,0,0,0,5.14E+20,5.37094E+21,9.18949E+15,4.84914E+16
23798,23799,8,1,21,0,2016,1,9,3,3,9,1,0,0,0,1,0,0,0,0,5.17267E+20,5.44577E+21,9.23686E+15,4.91645E+16
23799,23800,8,1,19,20,2016,1,11,6,3,2,6,0,1,0,1,0,0,0,1,5.23631E+20,5.4062E+21,9.32186E+15,4.88084E+16
23800,23801,8,3,37,66,2016,1,16,1,2,9,1,0,2,0,1,0,0,0,0,4.29455E+20,5.27361E+21,8.06132E+15,4.7612E+16
23801,23802,8,1,15,54,2016,1,16,1,3,4,6,0,2,0,1,0,0,0,0,4.91E+20,5.39659E+21,8.87764E+15,4.87223E+16
23802,23803,8,1,25,65,2016,1,14,2,3,2,6,0,0,0,1,0,0,1,0,5.16981E+20,5.45022E+21,9.23312E+15,4.92045E+16
23803,23804,8,1,25,65,2016,1,20,1,3,2,6,2,1,0,1,0,0,0,0,5.17118E+20,5.44874E+21,9.23494E+15,4.91913E+16
23804,23805,8,1,19,85,2016,1,6,4,3,8,1,2,2,0,1,0,0,0,0,5.28E+20,5.41368E+21,9.38186E+15,4.88755E+16
23805,23806,8,1,36,82,2016,1,8,7,3,8,1,0,1,0,1,0,0,0,0,5.86779E+20,5.4174E+21,1.01842E+16,4.89035E+16
23806,23807,8,3,15,132,2016,1,16,6,3,5,3,0,0,0,1,0,0,0,0,4.08987E+20,5.32349E+21,7.77854E+15,4.80582E+16
23807,23808,8,3,11,0,2016,1,12,4,3,1,6,0,0,0,1,0,0,0,0,4.11421E+20,5.32383E+21,7.81112E+15,4.80616E+16
23808,23809,8,1,15,16,2016,1,2,6,3,8,7,2,2,0,1,0,0,0,0,4.89157E+20,5.37887E+21,8.85304E+15,4.85628E+16
23809,23810,8,3,36,84,2016,1,16,1,3,4,1,0,2,0,1,0,0,0,0,4.05138E+20,5.27622E+21,7.73725E+15,4.76324E+16
23810,23811,8,2,16,7,2016,1,16,5,2,1,6,0,1,0,1,0,0,0,0,4.3793E+20,5.39429E+21,8.15646E+15,4.86986E+16
23811,23812,8,1,17,51,2016,1,21,1,3,5,3,2,1,0,1,0,0,0,0,5.43054E+20,5.39876E+21,9.5856E+15,4.87404E+16
23812,23813,8,3,27,57,2016,1,7,5,3,9,1,2,2,0,1,0,0,0,0,4.91097E+20,5.31079E+21,8.88077E+15,4.79504E+16
23813,23814,8,4,25,33,2016,1,14,3,3,5,3,0,0,0,1,0,0,1,0,5.5409E+20,5.34621E+21,9.72888E+15,4.82668E+16
23814,23815,8,2,26,97,2016,1,13,5,2,5,3,0,0,0,1,0,0,0,0,4.85794E+20,5.46746E+21,8.80436E+15,4.93597E+16
23815,23816,8,3,37,53,2016,1,17,5,1,6,4,1,0,0,0,1,0,0,1,4.57598E+20,5.26873E+21,8.43624E+15,4.75706E+16
23816,23817,8,1,11,0,2016,1,13,4,3,2,6,0,0,0,1,0,0,0,0,5.13491E+20,5.40166E+21,9.18359E+15,4.87678E+16
23817,23818,8,1,17,19,2016,1,6,2,3,3,6,2,1,0,1,0,0,0,0,5.53289E+20,5.39197E+21,9.72392E+15,4.86785E+16
23818,23819,8,1,21,0,2016,1,2,1,3,8,1,2,2,0,1,0,0,0,0,5.14562E+20,5.4431E+21,9.19966E+15,4.91405E+16
23819,23820,8,3,17,1,2016,1,6,5,2,9,1,2,0,0,1,0,0,0,0,4.29432E+20,5.39051E+21,8.04162E+15,4.86636E+16
23820,23821,8,1,18,79,2016,1,9,5,3,2,2,0,0,0,1,0,0,0,0,5.09724E+20,5.4229E+21,9.13284E+15,4.89589E+16
23821,23822,8,2,15,100,2016,1,6,6,3,4,2,2,1,0,1,0,0,0,0,4.73782E+20,5.45093E+21,8.64003E+15,4.92106E+16
23822,23823,8,1,15,41,2016,1,8,3,3,2,3,0,0,0,1,0,0,0,0,4.95773E+20,5.40059E+21,8.94249E+15,4.87583E+16
23823,23824,8,4,17,31,2016,1,11,4,1,4,1,0,1,0,1,0,0,0,1,5.01558E+20,5.35493E+21,9.02103E+15,4.83475E+16
23824,23825,8,1,11,0,2016,1,17,6,3,2,2,2,1,0,1,1,0,0,0,5.13041E+20,5.407E+21,9.17764E+15,4.88158E+16
23825,23826,8,3,35,66,2016,1,22,2,3,8,1,2,2,0,1,0,0,0,0,5.02177E+20,5.28643E+21,9.02904E+15,4.77313E+16
23826,23827,8,1,18,11,2016,1,16,5,3,2,6,0,1,0,1,0,0,0,0,5.05858E+20,5.40793E+21,9.07982E+15,4.88243E+16
23827,23828,8,4,25,88,2016,1,19,7,2,4,2,2,1,0,1,0,0,0,0,5.62489E+20,5.35013E+21,9.84263E+15,4.83013E+16
23828,23829,8,1,19,67,2016,1,5,4,3,9,1,2,1,0,1,0,0,0,0,5.36908E+20,5.4062E+21,9.50268E+15,4.88077E+16
23829,23830,8,3,37,2,2016,1,17,3,3,4,6,2,1,0,1,0,0,0,0,4.34474E+20,5.27071E+21,8.12851E+15,4.75865E+16
23830,23831,8,2,21,0,2016,1,9,3,3,6,4,0,0,0,0,1,0,0,1,4.777E+20,5.4728E+21,8.69261E+15,4.94075E+16
23831,23832,8,1,26,11,2016,1,15,3,3,3,6,0,0,0,1,0,0,0,0,5.30267E+20,5.44791E+21,9.41533E+15,4.91832E+16
23832,23833,8,4,36,10,2016,1,10,4,3,5,3,0,1,0,1,0,0,0,0,5.68209E+20,5.30665E+21,9.9128E+15,4.79095E+16
23833,23834,8,1,36,45,2016,1,7,6,2,4,1,2,2,0,1,0,0,0,0,5.94855E+20,5.40567E+21,1.02916E+16,4.87968E+16
23834,23835,8,2,15,9,2016,1,10,6,3,6,7,0,1,0,1,1,0,0,0,4.70842E+20,5.44118E+21,8.60037E+15,4.91228E+16
23835,23836,8,4,26,21,2016,1,18,2,3,1,6,1,1,0,1,0,0,0,0,5.60014E+20,5.33044E+21,9.80647E+15,4.81243E+16
23836,23837,8,1,11,0,2016,1,23,5,3,9,1,2,1,0,1,0,0,0,0,5.14975E+20,5.40615E+21,9.20395E+15,4.88082E+16
23837,23838,8,1,15,45,2016,1,15,6,3,2,6,0,0,0,1,0,0,1,0,4.99027E+20,5.39293E+21,8.98679E+15,4.86894E+16
23838,23839,8,2,36,61,2016,1,17,6,3,2,6,2,1,0,1,0,0,0,0,4.89276E+20,5.43043E+21,8.8533E+15,4.90267E+16
23839,23840,8,4,36,87,2016,1,7,2,2,6,7,2,2,0,0,1,0,1,0,5.4751E+20,5.30256E+21,9.63536E+15,4.78746E+16
23840,23841,8,3,36,69,2016,1,8,4,2,8,1,0,2,0,1,0,0,0,0,4.02928E+20,5.27216E+21,7.70874E+15,4.75956E+16
23841,23842,8,4,36,83,2016,1,9,5,3,9,1,0,0,0,1,0,0,0,0,5.29324E+20,5.30224E+21,9.39214E+15,4.78728E+16
23842,23843,8,3,17,114,2016,1,9,2,2,5,3,0,0,1,1,0,0,0,0,4.0544E+20,5.34688E+21,7.72574E+15,4.82681E+16
23843,23844,8,2,12,0,2016,1,18,4,3,2,6,2,0,0,1,0,0,0,0,4.54354E+20,5.42695E+21,8.37601E+15,4.89938E+16
23844,23845,8,2,26,84,2016,1,7,3,3,2,6,0,0,0,1,0,0,0,0,4.67767E+20,5.46551E+21,8.55628E+15,4.93414E+16
23845,23846,8,3,35,1,2016,1,21,7,3,8,1,2,2,0,1,0,0,0,0,4.88442E+20,5.29887E+21,8.84552E+15,4.78431E+16
23846,23847,8,1,17,24,2016,1,16,4,3,4,1,0,1,0,1,0,0,0,0,5.63327E+20,5.38237E+21,9.85879E+15,4.85912E+16
23847,23848,8,3,25,49,2016,1,11,3,3,5,2,0,2,0,1,0,0,0,0,4.72535E+20,5.33256E+21,8.63078E+15,4.81457E+16
23848,23849,8,2,15,9,2016,1,18,3,3,2,6,2,0,0,1,0,0,0,0,4.67942E+20,5.44015E+21,8.5607E+15,4.91134E+16
23849,23850,8,4,36,9,2016,1,7,6,3,5,3,0,0,0,1,0,0,0,0,5.52667E+20,5.30294E+21,9.70437E+15,4.78776E+16
23850,23851,8,1,25,65,2016,1,10,3,3,5,3,0,0,0,1,0,0,1,0,5.14727E+20,5.44823E+21,9.20211E+15,4.91867E+16
23851,23852,8,1,25,27,2016,1,8,6,3,5,3,0,1,0,1,0,0,0,1,5.18262E+20,5.44707E+21,9.25056E+15,4.91762E+16
23852,23853,8,3,35,35,2016,1,13,1,3,5,3,0,1,0,1,0,0,0,0,4.83695E+20,5.2905E+21,8.7824E+15,4.77677E+16
23853,23854,8,4,15,50,2016,1,17,2,3,2,6,2,1,0,1,0,0,0,0,5.23974E+20,5.37489E+21,9.32471E+15,4.85267E+16
23854,23855,8,2,25,58,2016,1,9,2,3,2,6,0,1,0,1,0,0,0,0,5.08054E+20,5.46374E+21,9.11084E+15,4.93263E+16
23855,23856,8,1,15,28,2016,1,14,1,3,5,3,0,1,1,1,0,0,0,0,5.01222E+20,5.40547E+21,9.01664E+15,4.88023E+16
23856,23857,8,1,27,89,2016,1,11,2,3,5,3,0,2,0,1,0,0,0,0,5.63609E+20,5.43496E+21,9.87078E+15,4.90642E+16
23857,23858,8,1,25,46,2016,1,18,4,3,2,6,2,0,0,1,0,0,0,0,5.19792E+20,5.43391E+21,9.2709E+15,4.90578E+16
23858,23859,8,4,36,64,2016,1,7,2,3,2,6,0,1,0,1,0,0,0,0,5.45464E+20,5.29408E+21,9.60711E+15,4.77985E+16
23859,23860,8,2,22,0,2016,1,1,1,3,8,1,2,1,0,1,0,0,0,0,4.64541E+20,5.47826E+21,8.51073E+15,4.9456E+16
23860,23861,8,3,15,108,2016,1,8,2,3,5,3,0,0,0,1,0,0,0,0,4.04433E+20,5.30397E+21,7.72176E+15,4.7882E+16
23861,23862,8,4,26,21,2016,1,17,5,3,2,6,1,1,0,1,0,0,0,0,5.57364E+20,5.32738E+21,9.77045E+15,4.80971E+16
23862,23863,8,1,18,77,2016,1,18,2,3,8,1,2,0,0,1,0,0,0,0,5.12436E+20,5.42439E+21,9.16993E+15,4.89723E+16
23863,23864,8,3,25,11,2016,1,17,3,3,4,6,1,0,0,1,0,0,0,0,4.74435E+20,5.34402E+21,8.65562E+15,4.82489E+16
23864,23865,8,1,15,45,2016,1,21,7,3,3,1,2,1,0,1,0,0,0,0,5.04888E+20,5.39693E+21,9.06646E+15,4.87254E+16
23865,23866,8,1,11,0,2016,1,9,4,3,2,6,0,1,0,1,0,0,0,0,5.12744E+20,5.40016E+21,9.17338E+15,4.87543E+16
23866,23867,8,4,36,8,2016,1,13,6,3,4,2,0,0,0,1,0,0,0,0,5.48304E+20,5.31015E+21,9.64684E+15,4.79428E+16
23867,23868,8,2,22,0,2016,1,11,3,2,5,3,0,0,0,1,0,0,0,0,4.64876E+20,5.48067E+21,8.51513E+15,4.94776E+16
23868,23869,8,1,18,78,2016,1,15,6,3,2,6,0,1,0,1,0,0,0,0,5.13307E+20,5.41984E+21,9.18169E+15,4.89314E+16
23869,23870,8,2,26,80,2016,1,20,2,3,1,5,2,1,0,1,0,0,0,0,4.86171E+20,5.47584E+21,8.80926E+15,4.94351E+16
23870,23871,8,1,25,46,2016,1,12,5,3,6,4,0,0,0,1,1,0,0,0,5.15796E+20,5.43494E+21,9.21625E+15,4.90671E+16
23871,23872,8,2,36,19,2016,1,22,1,3,2,1,2,0,0,1,0,0,0,0,4.87703E+20,5.4097E+21,8.83241E+15,4.88401E+16
23872,23873,8,3,17,121,2016,1,21,7,3,0,7,2,1,0,0,0,1,0,0,4.22502E+20,5.34835E+21,7.95535E+15,4.82836E+16
23873,23874,8,1,17,26,2016,1,20,1,3,2,6,2,1,0,1,0,0,0,0,5.47657E+20,5.39438E+21,9.6477E+15,4.87006E+16
23874,23875,8,3,36,50,2016,1,16,5,3,2,6,1,0,0,1,0,0,0,0,4.0088E+20,5.27489E+21,7.68088E+15,4.76198E+16
23875,23876,8,2,35,85,2016,1,11,2,3,2,6,0,1,0,1,0,0,1,0,4.82771E+20,5.3951E+21,8.76582E+15,4.87087E+16
23876,23877,8,3,27,48,2016,1,19,5,2,8,1,2,1,0,1,0,0,0,0,4.73753E+20,5.31945E+21,8.64796E+15,4.80278E+16
23877,23878,8,1,36,88,2016,1,16,5,3,2,6,0,1,0,1,0,0,0,0,5.83501E+20,5.41538E+21,1.0139E+16,4.88857E+16
23878,23879,8,1,18,48,2016,1,17,7,3,3,2,2,1,1,0,0,0,0,1,5.12142E+20,5.41785E+21,9.16571E+15,4.89135E+16
23879,23880,8,4,35,16,2016,1,2,4,2,5,3,2,1,1,1,0,0,0,0,5.34393E+20,5.27802E+21,9.45801E+15,4.76547E+16
23880,23881,8,4,16,41,2016,1,14,6,3,4,6,0,0,0,1,0,0,0,0,4.98032E+20,5.37496E+21,8.97334E+15,4.85277E+16
23881,23882,8,1,27,76,2016,1,10,7,3,8,1,0,0,0,1,0,0,0,0,5.51613E+20,5.44325E+21,9.70764E+15,4.91399E+16
23882,23883,8,4,17,25,2016,1,9,6,2,5,2,0,1,0,1,0,0,0,1,4.82131E+20,5.35788E+21,8.7587E+15,4.83738E+16
23883,23884,8,4,25,71,2016,1,11,3,2,8,1,0,0,0,1,0,0,0,0,5.49094E+20,5.37013E+21,9.66436E+15,4.84824E+16
23884,23885,8,2,22,0,2016,1,20,4,1,6,4,2,0,0,1,1,0,1,0,4.68184E+20,5.48468E+21,8.56048E+15,4.95139E+16
23885,23886,8,1,15,45,2016,1,19,6,3,4,6,2,0,0,1,0,0,0,0,4.97269E+20,5.39486E+21,8.96288E+15,4.87068E+16
23886,23887,8,2,26,96,2016,1,16,2,2,4,1,0,0,0,1,0,0,0,0,4.74334E+20,5.48936E+21,8.64513E+15,4.95563E+16
23887,23888,8,1,19,79,2016,1,17,5,3,3,6,2,1,0,1,0,0,0,0,5.25285E+20,5.40957E+21,9.34459E+15,4.88386E+16
23888,23889,8,2,37,40,2016,1,18,7,3,6,2,2,1,0,1,1,0,0,0,4.77122E+20,5.36555E+21,8.69065E+15,4.84427E+16
23889,23890,8,4,26,13,2016,1,13,7,3,9,1,0,0,0,1,0,0,0,0,5.42177E+20,5.32436E+21,9.56619E+15,4.80711E+16
23890,23891,8,2,37,40,2016,1,11,5,3,2,6,0,1,0,1,0,0,0,0,4.77032E+20,5.36556E+21,8.68943E+15,4.84428E+16
23891,23892,8,4,15,61,2016,1,6,4,3,1,6,2,1,1,1,0,0,0,0,5.13062E+20,5.37187E+21,9.17682E+15,4.84998E+16
23892,23893,8,1,18,51,2016,1,13,6,3,2,6,0,0,0,1,0,0,0,0,5.10883E+20,5.41527E+21,9.14847E+15,4.88903E+16
23893,23894,8,3,17,65,2016,1,7,6,3,5,3,2,1,0,1,0,0,0,0,4.14881E+20,5.35661E+21,7.85097E+15,4.83569E+16
23894,23895,8,1,35,16,2016,1,14,3,3,2,6,0,0,0,1,0,0,1,0,5.89715E+20,5.38871E+21,1.0218E+16,4.8645E+16
23895,23896,8,1,36,65,2016,1,13,4,3,2,6,0,0,0,1,0,0,0,0,5.61219E+20,5.4057E+21,9.83367E+15,4.88013E+16
23896,23897,8,1,25,61,2016,1,13,6,3,2,6,0,0,0,1,0,0,0,1,5.03171E+20,5.44869E+21,9.04353E+15,4.9191E+16
23897,23898,8,1,16,70,2016,1,17,3,3,4,6,2,1,1,1,0,0,0,0,5.39794E+20,5.38512E+21,9.53994E+15,4.86179E+16
23898,23899,8,1,11,0,2016,1,21,5,3,2,6,2,1,0,1,0,0,0,0,5.12611E+20,5.40159E+21,9.17162E+15,4.87672E+16
23899,23900,8,3,36,45,2016,1,9,1,3,8,1,0,1,0,1,0,0,0,0,4.00189E+20,5.28744E+21,7.66882E+15,4.77326E+16
23900,23901,8,1,17,26,2016,1,14,2,3,1,6,0,0,0,1,0,0,0,0,5.50951E+20,5.39095E+21,9.69203E+15,4.86695E+16
23901,23902,8,2,26,76,2016,1,7,4,3,2,6,1,0,0,1,0,0,0,0,4.74203E+20,5.46742E+21,8.64475E+15,4.93589E+16
23902,23903,8,4,25,72,2016,1,13,6,3,2,6,0,0,0,1,0,0,0,0,5.79897E+20,5.37319E+21,1.00817E+16,4.85067E+16
23903,23904,8,1,18,81,2016,1,6,5,3,2,6,2,0,0,1,0,0,0,0,5.19806E+20,5.41364E+21,9.27011E+15,4.88754E+16
23904,23905,8,2,36,72,2016,1,15,2,3,5,3,0,0,0,1,0,0,0,0,4.66388E+20,5.41044E+21,8.54187E+15,4.8846E+16
23905,23906,8,2,26,10,2016,1,17,7,3,4,2,1,1,0,1,0,0,0,0,4.83113E+20,5.45952E+21,8.76778E+15,4.92882E+16
23906,23907,8,4,25,83,2016,1,10,7,3,8,1,0,2,0,1,0,0,0,0,5.75751E+20,5.37784E+21,1.00264E+16,4.85491E+16
23907,23908,8,1,11,0,2016,1,7,5,3,2,6,2,0,0,1,0,0,0,0,5.06252E+20,5.40858E+21,9.08519E+15,4.88302E+16
23908,23909,8,1,25,26,2016,1,17,4,3,5,3,2,0,0,1,0,1,0,0,4.91816E+20,5.44227E+21,8.88781E+15,4.91332E+16
23909,23910,8,3,17,47,2016,1,18,4,3,2,6,2,0,0,1,0,0,0,1,4.17622E+20,5.36421E+21,7.88647E+15,4.84256E+16
23910,23911,8,2,26,41,2016,1,7,6,2,5,2,1,0,0,1,0,0,0,0,4.77409E+20,5.46752E+21,8.68889E+15,4.936E+16
23911,23912,8,1,16,15,2016,1,14,6,3,2,6,0,0,0,1,0,0,0,0,5.225E+20,5.39477E+21,9.30582E+15,4.87056E+16
23912,23913,8,2,31,0,2016,1,19,6,3,2,6,2,0,0,1,0,0,0,0,4.84552E+20,5.41347E+21,8.78932E+15,4.8874E+16
23913,23914,8,1,26,66,2016,1,14,3,2,2,6,0,0,0,1,0,0,0,1,5.39623E+20,5.44768E+21,9.5437E+15,4.91806E+16
23914,23915,8,4,25,72,2016,1,17,4,2,2,6,2,0,0,1,0,0,0,0,5.8442E+20,5.37342E+21,1.0143E+16,4.85083E+16
23915,23916,8,1,11,0,2016,1,17,3,3,2,6,2,0,0,1,0,0,0,0,5.08557E+20,5.40105E+21,9.11643E+15,4.87624E+16
23916,23917,8,2,12,0,2016,1,12,1,2,8,1,0,1,0,1,0,0,0,0,4.57864E+20,5.43338E+21,8.42332E+15,4.90519E+16
23917,23918,8,3,17,96,2016,1,22,2,2,8,1,2,1,0,1,0,0,0,0,4.22706E+20,5.36611E+21,7.95483E+15,4.84434E+16
23918,23919,8,1,11,0,2016,1,18,6,3,2,6,2,0,0,1,0,0,0,0,5.13204E+20,5.40096E+21,9.17967E+15,4.87615E+16
23919,23920,8,1,17,24,2016,1,19,2,3,5,3,2,0,0,1,0,0,0,0,5.61085E+20,5.38626E+21,9.82898E+15,4.86264E+16
23920,23921,8,3,36,45,2016,1,22,3,3,9,1,2,0,0,1,0,0,0,0,3.98163E+20,5.28281E+21,7.6429E+15,4.76907E+16
23921,23922,8,2,12,0,2016,1,18,7,3,3,6,2,1,0,1,0,0,0,0,4.5604E+20,5.42824E+21,8.39892E+15,4.90055E+16
23922,23923,8,1,15,21,2016,1,6,4,2,5,3,2,0,1,1,0,0,0,0,4.89627E+20,5.38254E+21,8.85931E+15,4.85958E+16
23923,23924,8,2,12,0,2016,1,16,3,2,4,2,0,0,0,1,0,0,0,0,4.58764E+20,5.42934E+21,8.43605E+15,4.90156E+16
23924,23925,8,1,11,0,2016,1,23,7,2,8,1,2,1,0,1,0,0,0,0,5.10602E+20,5.40018E+21,9.14424E+15,4.87545E+16
23925,23926,8,1,11,0,2016,1,9,6,3,2,6,0,0,0,1,0,0,0,0,5.08271E+20,5.39912E+21,9.11251E+15,4.87451E+16
23926,23927,8,2,25,14,2016,1,15,3,2,3,1,0,0,0,1,0,0,1,0,5.27674E+20,5.48041E+21,9.382E+15,4.94757E+16
23927,23928,8,2,16,23,2016,1,17,7,3,5,2,2,1,0,1,0,0,0,0,4.36704E+20,5.40653E+21,8.13791E+15,4.88085E+16
23928,23929,8,1,18,79,2016,1,21,4,3,0,6,2,0,0,1,0,0,0,0,5.10019E+20,5.42188E+21,9.13684E+15,4.89498E+16
23929,23930,8,3,36,69,2016,1,23,3,2,1,1,2,0,0,1,0,0,0,0,4.07274E+20,5.26724E+21,7.76757E+15,4.7552E+16
23930,23931,8,1,18,77,2016,1,9,7,3,5,3,0,0,0,1,0,1,0,0,5.13527E+20,5.42315E+21,9.18479E+15,4.89611E+16
23931,23932,8,1,15,13,2016,1,11,6,3,5,3,0,0,0,1,0,0,0,0,4.9566E+20,5.38947E+21,8.94106E+15,4.86583E+16
23932,23933,8,2,37,19,2016,1,17,3,3,2,2,0,0,0,1,0,0,0,0,4.62498E+20,5.3692E+21,8.49259E+15,4.84748E+16
23933,23934,8,2,26,103,2016,1,9,4,1,2,6,0,0,0,1,0,0,0,0,4.72248E+20,5.45832E+21,8.61845E+15,4.9277E+16
23934,23935,8,2,15,100,2016,1,8,6,3,2,6,0,1,0,1,0,0,0,0,4.74829E+20,5.45187E+21,8.65435E+15,4.92191E+16
23935,23936,8,2,15,21,2016,1,12,6,3,2,6,0,0,0,1,0,0,0,0,4.69189E+20,5.44718E+21,8.57726E+15,4.91767E+16
23936,23937,8,1,18,79,2016,1,17,3,3,2,6,2,1,0,1,0,0,0,0,5.09107E+20,5.42255E+21,9.12441E+15,4.89558E+16
23937,23938,8,4,25,39,2016,1,15,2,2,2,7,0,0,0,1,0,0,0,0,5.68526E+20,5.35328E+21,9.92453E+15,4.8329E+16
23938,23939,8,2,15,96,2016,1,6,1,2,8,7,2,1,0,1,0,0,0,0,4.62208E+20,5.41535E+21,8.48444E+15,4.88899E+16
23939,23940,8,3,36,84,2016,1,10,2,3,2,6,0,1,0,1,0,0,0,0,4.03434E+20,5.27689E+21,7.71442E+15,4.76382E+16
23940,23941,8,4,15,61,2016,1,19,5,3,5,3,2,1,0,1,0,0,0,1,5.14568E+20,5.37171E+21,9.19719E+15,4.84983E+16
23941,23942,8,1,17,19,2016,1,18,2,3,3,6,2,0,0,1,0,0,0,0,5.49049E+20,5.39344E+21,9.6665E+15,4.86921E+16
23942,23943,8,3,17,96,2016,1,20,3,3,0,7,2,0,1,0,0,0,0,0,4.21959E+20,5.3699E+21,7.94402E+15,4.84773E+16
23943,23944,8,1,36,88,2016,1,6,7,3,9,1,2,0,0,1,0,0,0,0,5.83698E+20,5.40771E+21,1.01401E+16,4.88167E+16
23944,23945,8,3,35,35,2016,1,16,3,3,4,1,0,1,0,1,0,1,0,0,4.79654E+20,5.29448E+21,8.72828E+15,4.78034E+16
23945,23946,8,4,35,16,2016,1,16,6,3,4,6,0,0,0,1,0,0,0,0,5.29953E+20,5.28334E+21,9.39925E+15,4.77027E+16
23946,23947,8,2,15,111,2016,1,7,3,3,3,6,0,0,0,1,0,0,0,0,4.59236E+20,5.44846E+21,8.44058E+15,4.91876E+16
23947,23948,8,1,18,78,2016,1,15,6,3,2,6,0,0,0,1,0,0,0,0,5.13349E+20,5.41986E+21,9.18226E+15,4.89316E+16
23948,23949,8,2,22,0,2016,1,19,2,3,5,2,2,1,0,1,0,0,0,0,4.68776E+20,5.47643E+21,8.5693E+15,4.94398E+16
23949,23950,8,1,25,111,2016,1,14,5,3,5,3,0,0,0,1,0,0,0,0,5.26124E+20,5.45354E+21,9.35885E+15,4.92341E+16
23950,23951,8,2,15,109,2016,1,5,1,2,9,1,2,1,0,1,0,0,0,0,4.61514E+20,5.4366E+21,8.47297E+15,4.90811E+16
23951,23952,8,2,15,110,2016,1,0,6,3,1,5,2,1,1,1,0,0,0,0,4.61134E+20,5.42011E+21,8.46934E+15,4.89327E+16
23952,23953,8,2,21,0,2016,1,17,2,3,1,6,1,0,0,1,0,0,0,0,4.76732E+20,5.47213E+21,8.67929E+15,4.94014E+16
23953,23954,8,3,17,1,2016,1,14,1,2,8,7,0,0,0,1,0,0,0,0,4.30003E+20,5.39122E+21,8.04926E+15,4.86701E+16
23954,23955,8,3,15,48,2016,1,5,7,3,2,6,2,0,0,1,0,0,1,0,3.9814E+20,5.31102E+21,7.63595E+15,4.79444E+16
23955,23956,8,1,27,23,2016,1,12,1,3,4,2,0,1,0,1,0,0,0,0,5.50839E+20,5.42616E+21,9.69488E+15,4.89863E+16
23956,23957,8,2,16,43,2016,1,14,2,2,1,6,0,1,0,0,0,0,1,0,4.44149E+20,5.41146E+21,8.23863E+15,4.88536E+16
23957,23958,8,3,35,77,2016,1,12,5,3,5,3,0,1,0,1,0,0,0,0,4.93606E+20,5.29227E+21,8.91464E+15,4.77837E+16
23958,23959,8,1,16,46,2016,1,15,2,3,1,6,0,1,0,1,0,0,0,1,5.27947E+20,5.37856E+21,9.37876E+15,4.85595E+16
23959,23960,8,1,21,0,2016,1,17,7,3,2,6,2,1,0,1,0,0,0,0,5.14432E+20,5.44206E+21,9.19783E+15,4.91312E+16
23960,23961,8,4,16,41,2016,1,13,6,3,2,6,0,0,0,1,0,0,0,0,4.99E+20,5.372E+21,8.98647E+15,4.85011E+16
23961,23962,8,1,18,11,2016,1,14,3,2,1,6,0,0,0,0,0,0,1,0,5.05791E+20,5.40779E+21,9.0789E+15,4.8823E+16
23962,23963,8,2,36,4,2016,1,16,4,3,5,3,0,0,0,1,0,0,0,0,4.73966E+20,5.41343E+21,8.64496E+15,4.88733E+16
23963,23964,8,1,35,19,2016,1,18,6,3,6,3,2,0,0,0,1,0,0,1,5.8465E+20,5.39245E+21,1.015E+16,4.86793E+16
23964,23965,8,2,16,5,2016,1,17,2,3,1,6,1,0,0,1,0,0,0,0,4.45622E+20,5.41667E+21,8.25803E+15,4.89006E+16
23965,23966,8,1,19,20,2016,1,19,5,3,2,6,2,1,0,1,0,0,0,0,5.18598E+20,5.40825E+21,9.25339E+15,4.88269E+16
23966,23967,8,2,36,38,2016,1,6,2,3,6,7,2,1,0,1,1,0,0,0,4.8756E+20,5.42831E+21,8.8299E+15,4.90075E+16
23967,23968,8,2,31,0,2016,1,13,7,2,2,6,0,0,0,1,0,0,0,0,4.74035E+20,5.41606E+21,8.64574E+15,4.8897E+16
23968,23969,8,4,26,21,2016,1,7,7,3,5,3,0,0,0,1,0,0,0,0,5.58658E+20,5.32782E+21,9.78789E+15,4.81009E+16
23969,23970,8,2,25,58,2016,1,15,5,3,8,1,0,1,0,1,0,0,0,0,5.11349E+20,5.4716E+21,9.15641E+15,4.9397E+16
23970,23971,8,3,35,75,2016,1,0,4,3,2,6,2,0,0,1,0,0,0,0,4.93384E+20,5.28735E+21,8.91175E+15,4.77395E+16
23971,23972,8,2,26,56,2016,1,12,6,2,4,2,0,0,0,1,0,0,0,0,4.85696E+20,5.47155E+21,8.80286E+15,4.93964E+16
23972,23973,8,1,17,24,2016,1,18,6,3,1,6,1,0,0,1,0,0,0,0,5.61672E+20,5.38557E+21,9.83683E+15,4.86202E+16