FID,OBJECTID,ULAND,UREGBEZ,UKREIS,UGEMEINDE,UJAHR,UMONAT,USTUNDE,UWOCHENTAG,UKATEGORIE,UART,UTYP1,ULICHTVERH,IstStrasse,IstRad,IstPKW,IstFuss,IstKrad,IstGkfz,IstSonstig,LINREFX,LINREFY,XGCSWGS84,YGCSWGS84
23973,23974,8,2,22,0,2016,1,19,7,3,3,6,2,1,0,1,0,0,0,0,4.67364E+20,5.4817E+21,8.54939E+15,4.94871E+16
23974,23975,8,4,35,59,2016,1,16,7,2,5,3,0,0,0,1,0,1,0,0,5.15148E+20,5.29239E+21,9.20222E+15,4.77847E+16
23975,23976,8,2,26,95,2016,1,8,5,3,2,6,0,1,0,1,0,0,0,0,4.729E+20,5.46135E+21,8.62721E+15,4.93043E+16
23976,23977,8,2,36,75,2016,1,11,2,3,5,3,0,1,0,1,0,0,0,0,4.81753E+20,5.42542E+21,8.75063E+15,4.89815E+16
23977,23978,8,3,17,100,2016,1,10,5,3,5,3,0,1,0,1,0,0,1,0,4.22619E+20,5.36622E+21,7.95363E+15,4.84444E+16
23978,23979,8,1,27,76,2016,1,10,5,3,5,3,0,1,0,1,0,0,0,0,5.54038E+20,5.44008E+21,9.74046E+15,4.91112E+16
23979,23980,8,4,26,58,2016,1,17,4,3,2,6,2,0,0,1,0,0,0,0,5.59583E+20,5.32149E+21,9.79942E+15,4.80439E+16
23980,23981,8,1,19,75,2016,1,13,6,3,2,6,0,0,0,1,0,0,0,0,5.36001E+20,5.42797E+21,9.49224E+15,4.90036E+16
23981,23982,8,3,15,48,2016,1,18,6,2,2,6,2,0,0,1,0,0,0,1,3.98334E+20,5.3111E+21,7.63853E+15,4.79451E+16
23982,23983,8,1,11,0,2016,1,19,3,3,9,1,2,1,0,0,0,1,0,0,5.10325E+20,5.39524E+21,9.14035E+15,4.87101E+16
23983,23984,8,2,15,90,2016,1,10,4,3,8,1,0,0,0,0,0,0,0,1,4.64633E+20,5.4312E+21,8.51614E+15,4.90327E+16
23984,23985,8,1,27,14,2016,1,15,6,3,4,2,0,0,0,1,0,0,0,0,5.77156E+20,5.4438E+21,1.00579E+16,4.91422E+16
23985,23986,8,1,16,77,2016,1,20,3,3,5,2,2,1,0,1,0,0,0,0,5.15904E+20,5.38907E+21,9.21594E+15,4.86545E+16
23986,23987,8,1,16,77,2016,1,17,5,3,5,3,2,1,1,1,0,0,0,0,5.16181E+20,5.39112E+21,9.21979E+15,4.86729E+16
23987,23988,8,4,17,25,2016,1,11,1,3,8,1,0,1,0,1,0,0,0,0,4.83991E+20,5.35998E+21,8.78374E+15,4.83928E+16
23988,23989,8,2,22,0,2016,1,17,7,3,5,3,2,1,0,1,0,0,0,0,4.61165E+20,5.48384E+21,8.4636E+15,4.95059E+16
23989,23990,8,4,16,31,2016,1,14,7,3,2,6,0,0,0,1,0,0,0,0,5.02825E+20,5.36285E+21,9.03817E+15,4.84188E+16
23990,23991,8,1,19,37,2016,1,7,4,3,5,3,1,1,0,1,0,0,0,0,5.46708E+20,5.41977E+21,9.63769E+15,4.89291E+16
23991,23992,8,1,16,33,2016,1,8,6,3,2,6,0,0,0,1,0,0,0,0,5.3068E+20,5.38969E+21,9.41662E+15,4.86595E+16
23992,23993,8,3,15,98,2016,1,15,4,3,5,3,0,0,0,1,0,0,0,0,4.09332E+20,5.31523E+21,7.78491E+15,4.79839E+16
23993,23994,8,2,22,0,2016,1,7,6,2,3,6,0,0,0,1,0,0,0,1,4.64856E+20,5.47687E+21,8.51519E+15,4.94434E+16
23994,23995,8,2,31,0,2016,1,19,6,3,2,6,2,0,0,1,0,0,0,0,4.84651E+20,5.41297E+21,8.7907E+15,4.88695E+16
23995,23996,8,1,25,24,2016,1,13,3,2,6,4,0,0,0,1,1,0,0,0,5.23439E+20,5.4438E+21,9.3214E+15,4.91466E+16
23996,23997,8,4,36,64,2016,1,15,2,3,1,6,0,0,0,1,0,0,0,0,5.44046E+20,5.29071E+21,9.58784E+15,4.77683E+16
23997,23998,8,2,31,0,2016,1,14,1,3,8,1,0,1,0,1,0,0,0,0,4.77576E+20,5.41587E+21,8.69406E+15,4.88954E+16
23998,23999,8,3,36,91,2016,1,14,6,3,2,6,0,0,0,1,0,0,1,0,3.95219E+20,5.2731E+21,7.606E+15,4.76028E+16
23999,24000,8,1,27,43,2016,1,19,3,3,4,1,2,1,0,1,0,0,0,0,5.63312E+20,5.4494E+21,9.86898E+15,4.91942E+16
24000,24001,8,1,36,88,2016,1,10,4,3,5,3,0,0,1,1,0,0,0,0,5.80808E+20,5.41225E+21,1.01017E+16,4.88579E+16
24001,24002,8,1,19,67,2016,1,12,6,3,6,4,0,0,0,1,1,0,0,0,5.39232E+20,5.40587E+21,9.53429E+15,4.88046E+16
24002,24003,8,1,11,0,2016,1,15,3,3,5,2,0,0,1,1,0,0,0,0,5.15718E+20,5.39902E+21,9.2138E+15,4.8744E+16
24003,24004,8,4,37,104,2016,1,12,4,3,5,3,0,0,0,1,0,0,1,0,5.16476E+20,5.32634E+21,9.22126E+15,4.80901E+16
24004,24005,8,3,35,75,2016,1,18,1,3,6,2,2,1,0,1,1,0,0,0,4.87752E+20,5.2899E+21,8.83656E+15,4.77623E+16
24005,24006,8,1,16,35,2016,1,15,2,2,4,6,0,0,0,1,0,0,0,0,5.25213E+20,5.39282E+21,9.34258E+15,4.86879E+16
24006,24007,8,4,26,38,2016,1,0,3,3,1,6,2,0,0,1,0,0,0,0,5.6606E+20,5.31599E+21,9.88547E+15,4.79938E+16
24007,24008,8,2,15,7,2016,1,19,7,3,2,6,2,1,0,1,0,0,0,0,4.79099E+20,5.43203E+21,8.71401E+15,4.90408E+16
24008,24009,8,1,16,42,2016,1,21,4,2,4,6,2,0,0,1,0,0,0,0,5.19019E+20,5.38295E+21,9.25796E+15,4.85993E+16
24009,24010,8,2,21,0,2016,1,21,3,3,2,6,2,0,0,1,0,0,0,0,4.73444E+20,5.47435E+21,8.63383E+15,4.94213E+16
24010,24011,8,1,16,72,2016,1,17,7,3,2,6,1,1,0,1,0,0,0,0,5.29061E+20,5.39327E+21,9.39489E+15,4.86918E+16
24011,24012,8,1,11,0,2016,1,9,6,3,2,6,0,0,0,1,0,0,0,0,5.10888E+20,5.4002E+21,9.14813E+15,4.87547E+16
24012,24013,8,2,36,46,2016,1,11,3,1,2,6,0,0,0,1,0,0,1,1,4.84412E+20,5.41502E+21,8.78736E+15,4.88879E+16
24013,24014,8,2,26,32,2016,1,17,4,3,2,6,1,0,0,1,0,0,0,0,4.67842E+20,5.46521E+21,8.55733E+15,4.93388E+16
24014,24015,8,2,15,109,2016,1,17,6,3,5,3,1,0,0,1,0,0,0,0,4.61897E+20,5.4351E+21,8.47835E+15,4.90676E+16
24015,24016,8,2,15,17,2016,1,7,2,3,2,6,2,1,0,1,0,0,0,0,4.58462E+20,5.42044E+21,8.43282E+15,4.89355E+16
24016,24017,8,2,31,0,2016,1,6,6,3,2,6,2,1,0,1,0,0,0,0,4.78518E+20,5.416E+21,8.7069E+15,4.88966E+16
24017,24018,8,1,17,38,2016,1,15,3,3,5,3,0,0,0,1,0,0,0,0,5.47055E+20,5.39859E+21,9.63999E+15,4.87386E+16
24018,24019,8,4,15,61,2016,1,6,2,3,5,2,2,1,0,1,0,0,0,0,5.13154E+20,5.3767E+21,9.17822E+15,4.85432E+16
24019,24020,8,2,37,4,2016,1,12,1,3,2,2,0,0,0,1,0,0,0,0,4.46347E+20,5.37058E+21,8.2739E+15,4.8486E+16
24020,24021,8,1,25,98,2016,1,21,1,3,8,1,2,1,0,1,0,0,0,0,5.21436E+20,5.43829E+21,9.29364E+15,4.90971E+16
24021,24022,8,2,26,10,2016,1,8,2,3,2,6,0,0,0,1,0,0,0,0,4.8376E+20,5.45745E+21,8.77676E+15,4.92696E+16
24022,24023,8,3,37,96,2016,1,11,5,3,2,6,0,0,0,1,0,0,0,0,4.2068E+20,5.26763E+21,7.94565E+15,4.75573E+16
24023,24024,8,1,16,70,2016,1,18,2,3,1,6,2,1,0,1,0,0,0,0,5.39802E+20,5.38536E+21,9.54008E+15,4.86201E+16
24024,24025,8,1,27,14,2016,1,20,7,3,5,3,2,1,0,1,0,0,0,0,5.76201E+20,5.44382E+21,1.00448E+16,4.91425E+16
24025,24026,8,3,15,70,2016,1,15,2,3,0,7,0,0,0,1,0,0,1,0,4.56276E+20,5.30428E+21,8.41508E+15,4.78904E+16
24026,24027,8,4,35,30,2016,1,11,5,3,2,6,0,0,0,1,0,0,0,0,5.40502E+20,5.27206E+21,9.53882E+15,4.76006E+16
24027,24028,8,1,11,0,2016,1,13,2,3,2,2,0,0,0,1,0,0,0,0,5.10739E+20,5.40341E+21,9.14619E+15,4.87836E+16
24028,24029,8,3,27,49,2016,1,13,3,3,4,2,0,0,0,1,0,0,0,0,4.73204E+20,5.32488E+21,8.64025E+15,4.80766E+16
24029,24030,8,3,17,5,2016,1,4,7,2,9,1,2,0,0,1,0,0,0,0,4.23986E+20,5.38136E+21,7.96936E+15,4.85807E+16
24030,24031,8,1,11,0,2016,1,7,4,3,6,4,2,1,0,1,1,0,0,0,5.1706E+20,5.40856E+21,9.23245E+15,4.88298E+16
24031,24032,8,4,37,86,2016,1,18,6,2,4,7,2,0,0,1,0,0,0,0,5.24461E+20,5.30627E+21,9.32734E+15,4.79093E+16
24032,24033,8,2,26,49,2016,1,16,3,3,5,3,0,0,0,1,0,0,0,0,4.86661E+20,5.46231E+21,8.81647E+15,4.93134E+16
24033,24034,8,1,21,0,2016,1,15,6,3,2,6,0,0,0,1,0,0,0,0,5.10902E+20,5.44837E+21,9.14962E+15,4.91881E+16
24034,24035,8,2,12,0,2016,1,6,2,3,2,6,2,0,0,1,0,0,0,0,4.53227E+20,5.43117E+21,8.36012E+15,4.90316E+16
24035,24036,8,2,22,0,2016,1,20,1,3,5,3,2,0,0,1,0,0,0,0,4.68421E+20,5.47939E+21,8.56417E+15,4.94663E+16
24036,24037,8,4,37,86,2016,1,8,7,2,8,1,0,2,0,1,0,0,0,0,5.31724E+20,5.31365E+21,9.42508E+15,4.79754E+16
24037,24038,8,1,25,58,2016,1,1,1,2,9,1,2,1,0,1,0,0,0,0,5.062E+20,5.44338E+21,9.08501E+15,4.91433E+16
24038,24039,8,3,17,121,2016,1,10,5,2,2,2,0,1,0,1,0,1,0,0,4.22218E+20,5.34113E+21,7.95285E+15,4.82186E+16
24039,24040,8,2,37,54,2016,1,15,2,3,9,6,0,0,0,1,0,0,0,0,4.65363E+20,5.37352E+21,8.53099E+15,4.85138E+16
24040,24041,8,3,25,49,2016,1,7,5,3,4,2,2,1,0,1,0,0,0,0,4.74987E+20,5.33104E+21,8.66383E+15,4.81321E+16
24041,24042,8,1,15,28,2016,1,18,5,3,2,6,2,1,0,1,0,0,0,0,4.99461E+20,5.4036E+21,8.99266E+15,4.87854E+16
24042,24043,8,1,25,26,2016,1,23,7,3,8,1,2,1,0,1,0,0,0,0,4.97126E+20,5.44667E+21,8.96057E+15,4.91728E+16
24043,24044,8,4,16,41,2016,1,19,6,2,2,1,2,0,1,1,0,0,0,0,5.07702E+20,5.3795E+21,9.1044E+15,4.85686E+16
24044,24045,8,2,36,65,2016,1,10,4,3,5,2,0,1,0,1,0,1,0,0,4.89249E+20,5.41548E+21,8.85333E+15,4.88922E+16
24045,24046,8,4,25,72,2016,1,13,6,3,2,6,0,0,0,1,0,0,0,0,5.7989E+20,5.37324E+21,1.00816E+16,4.85072E+16
24046,24047,8,1,18,7,2016,1,17,5,3,1,5,2,1,0,1,0,0,0,0,5.10585E+20,5.42785E+21,9.14472E+15,4.90034E+16
24047,24048,8,4,26,21,2016,1,18,6,3,2,6,2,0,0,1,0,0,0,0,5.58888E+20,5.32783E+21,9.79098E+15,4.8101E+16
24048,24049,8,2,12,0,2016,1,17,3,3,2,6,2,0,0,1,0,0,0,0,4.5362E+20,5.42816E+21,8.36583E+15,4.90046E+16
24049,24050,8,2,22,0,2016,1,10,4,2,0,6,0,0,0,0,0,1,0,0,4.66776E+20,5.47718E+21,8.54166E+15,4.94464E+16
24050,24051,8,1,15,45,2016,1,12,6,3,2,6,0,0,0,1,0,0,0,0,5.03618E+20,5.39764E+21,9.0492E+15,4.87318E+16
24051,24052,8,4,25,31,2016,1,6,2,3,7,1,2,1,0,1,0,0,0,0,5.64014E+20,5.37038E+21,9.86627E+15,4.84833E+16
24052,24053,8,1,19,42,2016,1,16,5,3,3,6,1,1,0,1,0,0,0,0,5.28001E+20,5.41384E+21,9.38188E+15,4.88769E+16
24053,24054,8,2,15,109,2016,1,14,7,3,8,1,0,0,0,1,0,0,0,0,4.637E+20,5.43928E+21,8.50266E+15,4.91053E+16
24054,24055,8,4,35,16,2016,1,23,7,3,5,3,2,1,0,1,0,0,0,0,5.36192E+20,5.27808E+21,9.48197E+15,4.76551E+16
24055,24056,8,2,15,59,2016,1,8,5,3,5,3,2,1,0,1,0,0,0,0,4.84816E+20,5.43571E+21,8.7921E+15,4.90741E+16
24056,24057,8,4,15,61,2016,1,19,4,2,5,3,2,0,0,1,0,1,0,0,5.14148E+20,5.37569E+21,9.19165E+15,4.85341E+16
24057,24058,8,1,18,50,2016,1,16,6,2,4,1,0,0,0,1,0,0,0,0,5.01877E+20,5.41882E+21,9.02563E+15,4.89223E+16
24058,24059,8,3,35,22,2016,1,19,6,2,2,6,2,1,0,1,0,0,0,0,4.85905E+20,5.29911E+21,8.81162E+15,4.78452E+16
24059,24060,8,1,36,87,2016,1,13,3,3,5,3,0,0,0,1,0,0,0,0,6.055E+20,5.40969E+21,1.04376E+16,4.88312E+16
24060,24061,8,1,11,0,2016,1,13,4,3,0,6,0,0,0,1,0,0,1,0,5.15598E+20,5.39333E+21,9.21196E+15,4.86928E+16
24061,24062,8,1,25,107,2016,1,20,6,2,8,1,2,0,0,0,0,1,0,0,5.35371E+20,5.43838E+21,9.48454E+15,4.90972E+16
24062,24063,8,1,16,56,2016,1,7,3,3,2,6,1,0,0,1,0,0,0,0,5.32678E+20,5.39467E+21,9.44415E+15,4.87042E+16
24063,24064,8,1,11,0,2016,1,16,5,3,2,6,1,1,0,1,0,0,0,0,5.17883E+20,5.40423E+21,9.24347E+15,4.87908E+16
24064,24065,8,3,37,126,2016,1,18,1,3,5,3,2,1,0,1,0,0,0,0,4.44219E+20,5.27439E+21,8.25764E+15,4.76205E+16
24065,24066,8,1,11,0,2016,1,15,2,3,2,6,0,0,0,1,0,0,0,0,5.13743E+20,5.40196E+21,9.18704E+15,4.87705E+16
24066,24067,8,2,26,82,2016,1,16,7,3,4,2,0,1,1,1,0,0,0,0,4.81374E+20,5.48135E+21,8.74285E+15,4.94845E+16
24067,24068,8,1,19,79,2016,1,13,4,2,4,1,0,1,0,1,0,0,1,0,5.23341E+20,5.41402E+21,9.31835E+15,4.88787E+16
24068,24069,8,3,11,0,2016,1,13,3,3,2,6,0,0,0,1,0,1,0,0,4.10394E+20,5.32097E+21,7.79794E+15,4.80357E+16
24069,24070,8,1,18,48,2016,1,17,7,3,2,6,2,1,0,1,0,0,0,0,5.11609E+20,5.41847E+21,9.15845E+15,4.89191E+16
24070,24071,8,2,26,98,2016,1,19,7,2,5,3,2,1,0,1,0,0,0,0,4.76745E+20,5.45943E+21,8.68021E+15,4.92872E+16
24071,24072,8,4,26,73,2016,1,11,7,2,0,1,0,0,1,0,0,0,0,0,5.67047E+20,5.337E+21,9.902E+15,4.81827E+16
24072,24073,8,2,15,97,2016,1,16,5,3,0,1,0,0,0,0,0,1,0,0,4.75278E+20,5.44371E+21,8.66101E+15,4.91457E+16
24073,24074,8,1,25,5,2016,1,17,4,3,2,6,2,0,0,1,0,0,0,0,5.13639E+20,5.4537E+21,9.18736E+15,4.92359E+16
24074,24075,8,3,25,72,2016,1,7,4,3,2,6,0,1,0,1,0,0,0,1,4.69335E+20,5.32489E+21,8.5883E+15,4.80765E+16
24075,24076,8,2,25,58,2016,1,13,6,3,1,6,0,0,0,1,0,0,0,0,5.11052E+20,5.4681E+21,9.15221E+15,4.93655E+16
24076,24077,8,1,16,77,2016,1,8,6,3,3,2,0,0,1,1,0,0,0,0,5.17492E+20,5.39136E+21,9.23761E+15,4.8675E+16
24077,24078,8,3,11,0,2016,1,10,6,3,2,6,0,1,0,1,0,0,0,1,4.03224E+20,5.31308E+21,7.70355E+15,4.79637E+16
24078,24079,8,1,27,76,2016,1,10,3,3,3,1,0,0,0,1,0,0,0,1,5.53457E+20,5.44077E+21,9.73259E+15,4.91175E+16
24079,24080,8,1,35,15,2016,1,10,4,3,8,1,0,0,0,1,0,0,0,0,5.735E+20,5.38709E+21,9.99757E+15,4.86326E+16
24080,24081,8,1,19,20,2016,1,12,6,3,5,3,0,0,0,1,0,0,0,0,5.19E+20,5.4072E+21,9.25882E+15,4.88175E+16
24081,24082,8,1,11,0,2016,1,18,3,3,2,6,2,0,0,1,0,0,0,0,5.08229E+20,5.39743E+21,9.1119E+15,4.87298E+16
24082,24083,8,2,26,84,2016,1,22,1,3,8,1,1,1,0,1,0,0,0,0,4.67092E+20,5.46724E+21,8.54683E+15,4.9357E+16
24083,24084,8,3,27,57,2016,1,16,2,3,2,6,0,0,0,1,0,0,0,0,4.89443E+20,5.30945E+21,8.85864E+15,4.79383E+16
24084,24085,8,1,11,0,2016,1,18,6,3,0,2,2,0,1,0,0,0,0,1,5.1079E+20,5.40146E+21,9.14684E+15,4.8766E+16
24085,24086,8,4,35,5,2016,1,17,1,2,9,1,2,1,0,1,0,0,0,0,5.25137E+20,5.28452E+21,9.33512E+15,4.77136E+16
24086,24087,8,4,25,31,2016,1,18,3,3,1,6,2,1,0,1,0,0,0,0,5.68824E+20,5.371E+21,9.93146E+15,4.84884E+16
24087,24088,8,2,12,0,2016,1,13,7,3,2,6,0,0,0,1,0,0,0,0,4.52069E+20,5.42776E+21,8.34467E+15,4.90008E+16
24088,24089,8,1,15,41,2016,1,8,4,3,2,6,0,0,0,1,0,0,0,0,4.96096E+20,5.40084E+21,8.94688E+15,4.87606E+16
24089,24090,8,2,15,59,2016,1,16,3,2,6,4,0,0,0,1,1,0,0,0,4.85523E+20,5.43467E+21,8.80182E+15,4.90648E+16
24090,24091,8,1,15,3,2016,1,18,7,3,5,2,2,1,0,1,0,0,0,0,4.99851E+20,5.39208E+21,8.99797E+15,4.86818E+16
24091,24092,8,1,11,0,2016,1,15,6,3,2,6,0,0,0,1,0,0,0,0,5.15322E+20,5.40596E+21,9.20867E+15,4.88064E+16
24092,24093,8,2,36,4,2016,1,17,3,3,2,6,2,0,0,1,0,0,0,0,4.73211E+20,5.41605E+21,8.6345E+15,4.88968E+16
24093,24094,8,2,15,46,2016,1,16,6,3,5,3,0,0,1,1,0,0,0,0,4.49496E+20,5.4168E+21,8.31085E+15,4.89021E+16
24094,24095,8,1,18,51,2016,1,7,2,3,5,3,2,0,0,1,0,0,1,0,5.10589E+20,5.41446E+21,9.14443E+15,4.8883E+16
24095,24096,8,1,17,24,2016,1,8,3,3,1,6,0,0,0,1,0,0,0,0,5.61463E+20,5.38594E+21,9.83405E+15,4.86235E+16
24096,24097,8,1,15,3,2016,1,16,6,3,2,6,0,0,0,1,0,0,0,0,4.99327E+20,5.39178E+21,8.99086E+15,4.86791E+16
24097,24098,8,2,12,0,2016,1,14,3,3,2,6,0,0,0,1,0,0,0,0,4.56792E+20,5.42334E+21,8.40971E+15,4.89615E+16
24098,24099,8,2,26,37,2016,1,9,4,3,2,6,0,0,0,1,0,0,0,1,4.66898E+20,5.47037E+21,8.54391E+15,4.93851E+16
24099,24100,8,2,11,0,2016,1,7,6,3,0,3,1,0,0,1,0,1,0,0,4.38382E+20,5.39754E+21,8.16211E+15,4.87279E+16
24100,24101,8,2,15,21,2016,1,16,6,3,2,6,0,0,0,1,0,0,0,0,4.68507E+20,5.44536E+21,8.56804E+15,4.91602E+16
24101,24102,8,1,18,7,2016,1,9,3,3,4,6,0,0,0,0,0,0,1,0,5.12642E+20,5.42846E+21,9.17287E+15,4.90089E+16
24102,24103,8,4,37,123,2016,1,13,2,2,5,3,0,0,0,1,0,0,0,0,5.08158E+20,5.31033E+21,9.10925E+15,4.79462E+16
24103,24104,8,2,26,41,2016,1,20,1,3,2,6,2,1,0,1,0,0,0,1,4.76335E+20,5.46521E+21,8.67424E+15,4.93392E+16
24104,24105,8,3,15,48,2016,1,6,2,2,5,3,2,0,0,1,0,0,0,0,3.99874E+20,5.31127E+21,7.65912E+15,4.79469E+16
24105,24106,8,4,21,0,2016,1,16,5,3,2,6,0,1,0,1,0,0,0,1,5.71904E+20,5.3628E+21,9.97172E+15,4.84142E+16
24106,24107,8,4,26,21,2016,1,2,1,3,5,3,2,1,0,1,0,0,0,0,5.59815E+20,5.32912E+21,9.80361E+15,4.81125E+16
24107,24108,8,3,17,41,2016,1,0,3,3,8,1,2,2,0,1,0,0,0,0,4.36963E+20,5.34824E+21,8.15027E+15,4.82842E+16
24108,24109,8,1,36,18,2016,1,8,7,3,9,1,0,2,0,1,0,0,0,0,5.90435E+20,5.43317E+21,1.02375E+16,4.90447E+16
24109,24110,8,1,11,0,2016,1,17,4,3,2,6,2,0,0,1,0,0,0,0,5.09962E+20,5.39725E+21,9.13547E+15,4.87282E+16
24110,24111,8,4,35,66,2016,1,15,6,3,2,6,0,0,0,1,0,0,1,0,5.19467E+20,5.28728E+21,9.25966E+15,4.77386E+16
24111,24112,8,2,16,7,2016,1,15,3,3,2,6,0,0,0,1,0,0,0,0,4.35553E+20,5.39493E+21,8.12406E+15,4.8704E+16
24112,24113,8,1,18,51,2016,1,13,6,3,2,6,0,0,0,1,0,0,0,0,5.0988E+20,5.41305E+21,9.13473E+15,4.88703E+16
24113,24114,8,1,36,33,2016,1,12,2,3,5,3,0,0,0,1,0,0,0,0,5.77815E+20,5.41632E+21,1.00617E+16,4.8895E+16
24114,24115,8,1,25,98,2016,1,7,5,3,2,6,0,0,0,1,0,0,0,0,5.19817E+20,5.43725E+21,9.27141E+15,4.90878E+16
24115,24116,8,2,22,0,2016,1,2,1,2,0,7,2,1,0,1,0,0,0,0,4.66062E+20,5.48391E+21,8.53122E+15,4.95068E+16
24116,24117,8,2,26,103,2016,1,15,7,3,2,6,0,0,0,1,0,0,0,0,4.71753E+20,5.45736E+21,8.61172E+15,4.92684E+16
24117,24118,8,1,16,80,2016,1,12,1,3,4,6,0,1,0,1,0,0,0,0,5.22849E+20,5.39528E+21,9.3106E+15,4.87102E+16
24118,24119,8,3,36,50,2016,1,18,5,2,5,3,2,1,1,0,0,0,0,1,4.00063E+20,5.27379E+21,7.67027E+15,4.76098E+16
24119,24120,8,2,36,40,2016,1,17,2,3,4,2,1,1,0,1,0,0,0,0,4.88138E+20,5.42164E+21,8.83799E+15,4.89476E+16
24120,24121,8,3,27,46,2016,1,10,5,2,6,4,0,1,0,0,1,0,1,0,4.80572E+20,5.32446E+21,8.73919E+15,4.80731E+16
24121,24122,8,4,25,50,2016,1,23,5,2,8,1,2,1,0,1,0,0,0,0,5.57265E+20,5.34684E+21,9.77174E+15,4.82721E+16
24122,24123,8,2,16,43,2016,1,18,1,3,2,6,2,0,0,1,0,0,0,0,4.44793E+20,5.41239E+21,8.24729E+15,4.8862E+16
24123,24124,8,1,28,58,2016,1,21,1,2,4,6,2,1,0,1,0,0,0,0,5.59065E+20,5.48295E+21,9.81567E+15,4.94963E+16
24124,24125,8,2,16,43,2016,1,15,2,3,1,6,0,0,0,1,0,0,0,0,4.44647E+20,5.41234E+21,8.2453E+15,4.88616E+16
24125,24126,8,3,36,81,2016,1,8,5,3,8,1,0,1,0,1,0,0,0,0,4.06906E+20,5.27743E+21,7.76053E+15,4.76436E+16
24126,24127,8,4,26,21,2016,1,12,1,3,5,3,0,1,0,1,0,0,0,0,5.6536E+20,5.32502E+21,9.87747E+15,4.80751E+16
24127,24128,8,1,26,66,2016,1,10,7,3,3,7,0,0,0,1,0,0,0,0,5.33205E+20,5.44959E+21,9.45578E+15,4.91982E+16
24128,24129,8,4,17,8,2016,1,16,6,3,2,2,0,0,0,1,0,1,0,0,4.91534E+20,5.35082E+21,8.88582E+15,4.83105E+16
24129,24130,8,4,16,36,2016,1,7,3,3,5,3,2,1,0,1,0,0,0,0,4.88806E+20,5.37265E+21,8.84844E+15,4.85069E+16
24130,24131,8,2,12,0,2016,1,16,4,2,4,2,0,0,0,1,0,1,0,0,4.61257E+20,5.42629E+21,8.47043E+15,4.89883E+16
24131,24132,8,1,36,65,2016,1,16,6,3,2,6,0,0,0,1,0,0,0,0,5.57226E+20,5.40741E+21,9.77954E+15,4.88171E+16
24132,24133,8,1,25,110,2016,1,17,2,3,5,3,1,0,0,1,0,0,0,0,5.27891E+20,5.4423E+21,9.38235E+15,4.91329E+16
24133,24134,8,1,19,79,2016,1,11,5,3,2,6,0,0,0,1,0,0,0,0,5.24677E+20,5.40712E+21,9.33616E+15,4.88166E+16
24134,24135,8,2,31,0,2016,1,14,7,2,6,4,0,0,0,1,1,0,0,0,4.78516E+20,5.41595E+21,8.70688E+15,4.88961E+16
24135,24136,8,4,26,21,2016,1,13,7,3,8,1,0,0,0,1,0,0,0,0,5.61543E+20,5.33004E+21,9.82696E+15,4.81206E+16
24136,24137,8,2,36,46,2016,1,20,5,3,5,3,2,1,0,1,0,0,0,0,4.83458E+20,5.41866E+21,8.7742E+15,4.89207E+16
24137,24138,8,3,37,66,2016,1,6,4,2,5,3,2,0,1,1,0,0,0,0,4.30525E+20,5.26843E+21,8.07637E+15,4.75656E+16
24138,24139,8,2,26,84,2016,1,11,6,3,5,7,0,0,0,1,0,0,0,0,4.68157E+20,5.46948E+21,8.56132E+15,4.93772E+16
24139,24140,8,1,17,26,2016,1,13,6,3,6,4,0,0,1,0,1,0,0,0,5.48775E+20,5.39431E+21,9.66288E+15,4.86999E+16
24140,24141,8,3,15,37,2016,1,8,6,3,9,1,0,2,0,1,0,0,0,0,4.33213E+20,5.30309E+21,8.10678E+15,4.78777E+16
24141,24142,8,1,35,16,2016,1,14,3,3,2,6,0,0,0,1,0,0,0,0,5.90612E+20,5.38967E+21,1.02303E+16,4.86535E+16
24142,24143,8,1,36,43,2016,1,7,4,3,2,6,1,2,0,1,0,0,0,1,5.72156E+20,5.40816E+21,9.98302E+15,4.88222E+16
24143,24144,8,1,19,79,2016,1,20,6,3,5,3,2,0,0,1,0,0,0,0,5.21508E+20,5.4074E+21,9.293E+15,4.88192E+16
24144,24145,8,1,15,3,2016,1,12,3,3,5,3,0,1,0,1,0,0,0,0,5.02912E+20,5.39325E+21,9.03957E+15,4.86923E+16
24145,24146,8,4,36,55,2016,1,19,4,2,5,3,2,0,1,1,0,0,0,0,5.75764E+20,5.29777E+21,1.00123E+16,4.78288E+16
24146,24147,8,4,15,61,2016,1,13,6,3,2,6,0,0,0,1,0,0,0,0,5.15217E+20,5.37231E+21,9.206E+15,4.85038E+16
24147,24148,8,2,15,59,2016,1,7,4,3,4,2,0,0,0,1,0,0,0,0,4.84159E+20,5.43633E+21,8.78307E+15,4.90796E+16
24148,24149,8,2,25,9,2016,1,22,6,2,4,1,2,0,0,1,0,0,0,0,5.18868E+20,5.46716E+21,9.25983E+15,4.93569E+16
24149,24150,8,1,17,19,2016,1,21,3,3,4,2,2,0,0,1,0,0,0,0,5.53522E+20,5.39302E+21,9.72722E+15,4.86879E+16
24150,24151,8,1,25,65,2016,1,17,2,3,2,6,2,0,0,1,0,0,0,0,5.17225E+20,5.44856E+21,9.23639E+15,4.91896E+16
24151,24152,8,1,16,49,2016,1,17,5,3,0,7,2,1,1,0,0,0,0,0,5.2291E+20,5.38496E+21,9.31085E+15,4.86173E+16
24152,24153,8,2,26,54,2016,1,18,7,1,6,4,2,1,0,1,1,0,0,0,4.81925E+20,5.45663E+21,8.75158E+15,4.92622E+16
24153,24154,8,4,17,51,2016,1,9,7,2,5,3,0,0,0,1,0,0,0,0,4.92394E+20,5.35859E+21,8.89727E+15,4.83805E+16