FID,OBJECTID,ULAND,UREGBEZ,UKREIS,UGEMEINDE,UJAHR,UMONAT,USTUNDE,UWOCHENTAG,UKATEGORIE,UART,UTYP1,ULICHTVERH,IstStrasse,IstRad,IstPKW,IstFuss,IstKrad,IstGkfz,IstSonstig,LINREFX,LINREFY,XGCSWGS84,YGCSWGS84
24154,24155,8,1,18,80,2016,1,18,5,3,2,6,2,1,0,1,0,0,0,0,5.07074E+20,5.40929E+21,9.09639E+15,4.88365E+16
24155,24156,8,1,19,79,2016,1,19,4,3,2,6,2,0,0,1,0,0,0,0,5.21515E+20,5.40743E+21,9.29309E+15,4.88195E+16
24156,24157,8,3,17,31,2016,1,7,4,2,5,3,2,0,0,1,0,1,0,0,4.16437E+20,5.35801E+21,7.87169E+15,4.83697E+16
24157,24158,8,2,22,0,2016,1,13,6,3,2,6,0,0,0,1,0,0,0,0,4.6189E+20,5.48271E+21,8.47372E+15,4.94958E+16
24158,24159,8,2,31,0,2016,1,19,6,2,2,6,2,0,0,1,0,0,0,0,4.84551E+20,5.41348E+21,8.78931E+15,4.88741E+16
24159,24160,8,1,26,66,2016,1,8,3,3,3,6,0,0,0,1,0,0,0,0,5.35433E+20,5.45037E+21,9.48644E+15,4.92051E+16
24160,24161,8,1,28,131,2016,1,22,4,3,2,6,2,0,0,1,0,0,0,0,5.39976E+20,5.5105E+21,9.55488E+15,4.97456E+16
24161,24162,8,4,36,64,2016,1,10,2,3,2,2,0,1,0,1,0,0,1,0,5.4036E+20,5.28971E+21,9.53856E+15,4.77595E+16
24162,24163,8,2,31,0,2016,1,14,1,3,2,2,0,1,0,1,0,0,0,0,4.74035E+20,5.41606E+21,8.64574E+15,4.8897E+16
24163,24164,8,3,15,113,2016,1,11,2,3,1,6,0,0,0,1,0,0,0,0,4.43678E+20,5.30566E+21,8.24639E+15,4.79018E+16
24164,24165,8,4,37,78,2016,1,6,5,3,8,1,2,1,0,1,0,0,0,0,5.05864E+20,5.31473E+21,9.07859E+15,4.79858E+16
24165,24166,8,4,21,0,2016,1,20,1,3,4,2,2,1,0,1,0,0,0,0,5.71275E+20,5.35707E+21,9.96226E+15,4.83628E+16
24166,24167,8,3,36,106,2016,1,16,3,3,4,6,0,1,0,1,0,0,0,0,4.18595E+20,5.28701E+21,7.91434E+15,4.77313E+16
24167,24168,8,2,12,0,2016,1,14,7,3,7,7,0,0,1,0,0,0,0,0,4.58029E+20,5.42773E+21,8.42616E+15,4.90011E+16
24168,24169,8,1,11,0,2016,1,6,5,3,2,6,2,0,0,1,0,0,0,0,5.13803E+20,5.40333E+21,9.1879E+15,4.87829E+16
24169,24170,8,3,36,69,2016,1,10,1,2,8,1,0,1,0,1,0,0,0,0,4.05761E+20,5.27081E+21,7.7467E+15,4.75838E+16
24170,24171,8,4,17,79,2016,1,15,1,3,9,7,0,1,0,1,0,0,0,0,4.99588E+20,5.33967E+21,8.99445E+15,4.82103E+16
24171,24172,8,4,36,64,2016,1,17,3,3,2,6,2,0,0,1,0,0,0,0,5.45195E+20,5.29066E+21,9.60316E+15,4.77677E+16
24172,24173,8,2,15,29,2016,1,10,7,3,5,3,0,0,0,1,0,0,0,0,4.66834E+20,5.44822E+21,8.54486E+15,4.91859E+16
24173,24174,8,1,17,24,2016,1,16,4,3,2,6,0,0,0,1,0,0,0,0,5.60683E+20,5.38622E+21,9.82351E+15,4.86261E+16
24174,24175,8,3,36,91,2016,1,11,3,3,2,6,0,0,0,1,0,0,0,0,3.958E+20,5.27466E+21,7.61335E+15,4.76169E+16
24175,24176,8,1,17,51,2016,1,7,7,3,8,1,0,2,0,1,0,0,0,0,5.40632E+20,5.39784E+21,9.55256E+15,4.87322E+16
24176,24177,8,1,11,0,2016,1,7,6,3,6,2,0,1,0,1,1,0,0,0,5.14704E+20,5.40099E+21,9.20008E+15,4.87618E+16
24177,24178,8,2,31,0,2016,1,18,3,3,1,5,2,0,0,1,0,0,1,0,4.8113E+20,5.41726E+21,8.74248E+15,4.8908E+16
24178,24179,8,2,26,32,2016,1,18,4,3,2,6,2,0,0,1,0,0,0,0,4.63992E+20,5.46446E+21,8.5044E+15,4.93318E+16
24179,24180,8,2,15,109,2016,1,6,6,3,2,6,2,0,0,1,0,0,0,0,4.62825E+20,5.43836E+21,8.49075E+15,4.9097E+16
24180,24181,8,2,12,0,2016,1,16,6,3,2,6,0,0,0,1,0,0,0,0,4.59429E+20,5.42754E+21,8.44531E+15,4.89995E+16
24181,24182,8,1,17,55,2016,1,17,3,3,1,6,1,0,0,1,0,0,0,0,5.44941E+20,5.39752E+21,9.61113E+15,4.87291E+16
24182,24183,8,4,17,23,2016,1,8,2,3,2,6,0,1,0,1,0,0,0,0,4.92689E+20,5.35251E+21,8.90137E+15,4.83257E+16
24183,24184,8,2,15,108,2016,1,17,1,3,2,6,0,1,0,1,0,0,0,0,4.50755E+20,5.42563E+21,8.32697E+15,4.89816E+16
24184,24185,8,2,26,103,2016,1,8,2,2,9,1,0,1,0,1,0,0,0,0,4.73401E+20,5.45821E+21,8.63432E+15,4.9276E+16
24185,24186,8,3,25,69,2016,1,16,5,3,3,6,0,1,0,1,0,0,0,0,4.68347E+20,5.33604E+21,8.57422E+15,4.81768E+16
24186,24187,8,3,15,43,2016,1,11,1,2,8,1,0,0,0,1,0,0,0,0,4.05548E+20,5.32205E+21,7.7327E+15,4.80447E+16
24187,24188,8,1,36,9,2016,1,19,7,2,6,2,2,1,0,1,1,0,0,0,5.67592E+20,5.4079E+21,9.92081E+15,4.88204E+16
24188,24189,8,4,36,94,2016,1,15,3,3,2,2,0,1,0,1,0,0,0,0,5.70795E+20,5.28877E+21,9.94447E+15,4.77484E+16
24189,24190,8,4,26,67,2016,1,11,6,3,1,6,0,0,0,1,0,0,0,0,5.2813E+20,5.33288E+21,9.37819E+15,4.81486E+16
24190,24191,8,2,15,100,2016,1,14,3,3,2,6,0,0,0,0,0,1,0,1,4.74456E+20,5.45072E+21,8.6493E+15,4.92088E+16
24191,24192,8,1,15,28,2016,1,14,6,3,2,6,0,0,0,1,0,0,0,0,4.99221E+20,5.40367E+21,8.9894E+15,4.8786E+16
24192,24193,8,1,21,0,2016,1,13,2,3,2,6,0,0,0,1,0,0,0,0,5.18244E+20,5.44432E+21,9.25019E+15,4.91514E+16
24193,24194,8,1,15,24,2016,1,7,4,3,2,6,1,1,0,1,0,0,0,0,5.00691E+20,5.38886E+21,9.00938E+15,4.86528E+16
24194,24195,8,1,11,0,2016,1,18,7,3,2,6,2,1,0,1,0,0,0,0,5.15851E+20,5.40366E+21,9.2158E+15,4.87857E+16
24195,24196,8,2,21,0,2016,1,7,3,3,5,2,0,1,0,1,0,0,0,0,4.83664E+20,5.47313E+21,8.77479E+15,4.94107E+16
24196,24197,8,2,12,0,2016,1,16,6,2,0,3,0,0,1,0,0,0,0,0,4.55176E+20,5.42825E+21,8.38711E+15,4.90055E+16
24197,24198,8,1,19,91,2016,1,13,2,3,5,3,0,0,0,1,0,0,0,0,5.25678E+20,5.40611E+21,9.34972E+15,4.88075E+16
24198,24199,8,2,15,108,2016,1,15,1,3,5,3,0,0,1,1,0,0,0,0,4.48195E+20,5.42316E+21,8.2923E+15,4.89592E+16
24199,24200,8,3,37,124,2016,1,18,7,3,8,1,2,1,0,1,0,0,0,0,4.53945E+20,5.28167E+21,8.38631E+15,4.76868E+16
24200,24201,8,1,25,113,2016,1,14,1,3,4,6,0,1,0,1,0,0,0,1,5.30216E+20,5.45038E+21,9.41483E+15,4.92054E+16
24201,24202,8,2,16,43,2016,1,15,2,3,2,6,0,0,0,1,0,0,0,0,4.4334E+20,5.41004E+21,8.22781E+15,4.88407E+16
24202,24203,8,3,27,50,2016,1,7,5,3,5,3,1,1,0,1,0,0,0,0,4.84614E+20,5.31547E+21,8.79377E+15,4.79924E+16
24203,24204,8,3,11,0,2016,1,18,1,3,2,6,2,0,0,1,0,0,0,0,4.13502E+20,5.31643E+21,7.84054E+15,4.79953E+16
24204,24205,8,1,21,0,2016,1,20,7,3,6,2,2,1,0,1,1,0,0,0,5.14874E+20,5.44155E+21,9.20387E+15,4.91266E+16
24205,24206,8,4,16,36,2016,1,14,6,3,2,6,0,0,0,1,0,0,0,0,4.86844E+20,5.37159E+21,8.82191E+15,4.84972E+16
24206,24207,8,2,36,33,2016,1,7,4,3,2,6,1,0,0,1,0,0,0,0,4.81854E+20,5.4303E+21,8.75178E+15,4.90253E+16
24207,24208,8,1,35,20,2016,1,15,6,3,2,6,0,0,0,1,0,0,0,1,5.8568E+20,5.38085E+21,1.01616E+16,4.85749E+16
24208,24209,8,1,19,44,2016,1,11,2,3,2,6,0,0,0,1,0,0,0,0,5.41634E+20,5.42587E+21,9.56904E+15,4.89844E+16
24209,24210,8,1,18,48,2016,1,7,5,3,5,3,1,1,0,0,0,1,0,1,5.12547E+20,5.41696E+21,9.17122E+15,4.89055E+16
24210,24211,8,2,31,0,2016,1,16,7,3,3,6,2,1,0,1,0,0,0,0,4.77663E+20,5.41542E+21,8.69527E+15,4.88914E+16
24211,24212,8,4,26,21,2016,1,9,7,3,5,3,0,0,1,1,0,0,0,0,5.59234E+20,5.3262E+21,9.7954E+15,4.80863E+16
24212,24213,8,2,22,0,2016,1,18,5,3,3,2,0,1,1,1,0,0,0,0,4.62605E+20,5.48245E+21,8.48361E+15,4.94936E+16
24213,24214,8,1,21,0,2016,1,18,5,3,1,6,2,0,0,1,0,0,0,0,5.16761E+20,5.44371E+21,9.22983E+15,4.9146E+16
24214,24215,8,2,15,9,2016,1,10,7,3,3,6,0,0,0,1,0,0,0,0,4.66215E+20,5.43844E+21,8.53719E+15,4.90979E+16
24215,24216,8,4,37,53,2016,1,6,7,3,9,1,1,2,0,1,0,0,0,0,5.30895E+20,5.32216E+21,9.41459E+15,4.8052E+16
24216,24217,8,2,31,0,2016,1,18,5,3,2,6,2,1,0,1,0,0,0,0,4.84499E+20,5.41397E+21,8.78858E+15,4.88785E+16
24217,24218,8,2,35,8,2016,1,17,2,1,4,1,2,1,0,1,0,0,0,0,4.79821E+20,5.40405E+21,8.72527E+15,4.87891E+16
24218,24219,8,3,17,21,2016,1,12,5,2,1,5,0,0,0,1,0,0,0,0,4.27704E+20,5.37164E+21,8.02144E+15,4.84937E+16
24219,24220,8,1,26,69,2016,1,7,5,3,5,3,1,0,0,1,0,1,0,0,5.36726E+20,5.44726E+21,9.5039E+15,4.9177E+16
24220,24221,8,4,15,59,2016,1,6,4,3,2,6,2,1,0,1,0,0,0,0,5.1654E+20,5.37017E+21,9.22384E+15,4.84844E+16
24221,24222,8,1,18,77,2016,1,7,6,3,5,3,1,1,0,1,0,0,0,0,5.129E+20,5.42345E+21,9.17624E+15,4.89638E+16
24222,24223,8,3,35,77,2016,1,11,6,3,2,6,0,0,0,1,0,0,0,0,4.936E+20,5.29091E+21,8.91458E+15,4.77715E+16
24223,24224,8,1,18,51,2016,1,7,3,3,2,6,2,0,0,1,0,0,1,0,5.10565E+20,5.41442E+21,9.14411E+15,4.88827E+16
24224,24225,8,2,12,0,2016,1,17,4,3,2,6,2,0,0,1,0,0,0,0,4.58348E+20,5.42686E+21,8.43062E+15,4.89933E+16
24225,24226,8,1,27,76,2016,1,20,6,3,8,7,2,1,1,0,0,0,0,0,5.61598E+20,5.44324E+21,9.84451E+15,4.91389E+16
24226,24227,8,1,16,19,2016,1,14,3,3,2,6,0,0,0,1,0,0,0,0,5.23761E+20,5.39764E+21,9.32313E+15,4.87313E+16
24227,24228,8,1,16,81,2016,1,17,5,3,8,1,2,1,0,1,0,0,0,0,5.16258E+20,5.3855E+21,9.22062E+15,4.86224E+16
24228,24229,8,4,15,53,2016,1,14,1,2,4,1,0,2,0,1,0,0,0,0,5.39801E+20,5.35705E+21,9.53736E+15,4.83654E+16
24229,24230,8,2,22,0,2016,1,20,7,3,5,2,2,1,1,1,0,0,0,0,4.62426E+20,5.48563E+21,8.48085E+15,4.95221E+16
24230,24231,8,1,19,93,2016,1,8,4,3,5,3,0,1,1,1,0,0,0,0,5.2336E+20,5.40621E+21,9.31815E+15,4.88085E+16
24231,24232,8,3,17,31,2016,1,18,3,3,2,6,2,0,0,1,0,0,0,0,4.16697E+20,5.35859E+21,7.87508E+15,4.8375E+16
24232,24233,8,1,15,24,2016,1,15,6,3,2,6,0,0,0,1,0,0,0,0,5.03176E+20,5.38795E+21,9.04311E+15,4.86446E+16
24233,24234,8,2,15,9,2016,1,13,3,3,2,6,0,0,0,1,0,0,1,0,4.66794E+20,5.4395E+21,8.54503E+15,4.91074E+16
24234,24235,8,3,36,14,2016,1,19,4,2,5,3,2,0,0,1,0,0,0,0,3.93851E+20,5.27772E+21,7.58668E+15,4.76442E+16
24235,24236,8,2,22,0,2016,1,7,6,3,3,6,0,0,0,1,0,0,1,0,4.61746E+20,5.48061E+21,8.47193E+15,4.94769E+16
24236,24237,8,2,15,103,2016,1,17,6,3,2,6,1,0,0,1,0,0,0,0,4.67704E+20,5.44347E+21,8.55718E+15,4.91432E+16
24237,24238,8,1,25,27,2016,1,15,3,3,2,6,0,0,0,1,0,0,0,1,5.18269E+20,5.44704E+21,9.25066E+15,4.91759E+16
24238,24239,8,3,35,43,2016,1,11,4,3,0,1,0,0,0,0,0,1,0,0,5.11085E+20,5.28185E+21,9.14772E+15,4.769E+16
24239,24240,8,2,26,22,2016,1,19,6,3,4,6,2,0,0,1,0,0,0,1,4.8071E+20,5.46702E+21,8.73437E+15,4.93556E+16
24240,24241,8,1,16,11,2016,1,15,6,3,5,2,0,0,0,1,0,0,0,0,5.29459E+20,5.37977E+21,9.39934E+15,4.85703E+16
24241,24242,8,3,36,50,2016,1,16,6,3,2,6,0,0,0,1,0,0,0,0,3.98965E+20,5.27522E+21,7.65533E+15,4.76225E+16
24242,24243,8,1,27,76,2016,1,9,3,3,2,2,0,0,0,1,0,0,0,0,5.57824E+20,5.43979E+21,9.79228E+15,4.91082E+16
24243,24244,8,1,35,19,2016,1,7,4,3,6,4,1,0,0,1,1,0,0,0,5.8549E+20,5.39216E+21,1.01613E+16,4.86766E+16
24244,24245,8,1,19,67,2016,1,10,6,3,5,3,0,0,0,1,0,1,0,0,5.39074E+20,5.40598E+21,9.53214E+15,4.88056E+16
24245,24246,8,1,11,0,2016,1,6,3,3,5,2,2,0,1,1,0,0,0,0,5.10835E+20,5.39726E+21,9.14734E+15,4.87283E+16
24246,24247,8,3,27,25,2016,1,13,1,3,2,6,0,1,0,1,0,0,0,0,4.81358E+20,5.30414E+21,8.75062E+15,4.78903E+16
24247,24248,8,2,36,19,2016,1,23,1,3,3,6,2,0,0,1,0,0,0,0,4.8884E+20,5.40948E+21,8.84791E+15,4.88382E+16
24248,24249,8,4,21,0,2016,1,20,3,3,4,2,2,0,0,1,0,0,0,0,5.70756E+20,5.36155E+21,9.95601E+15,4.84031E+16
24249,24250,8,2,15,17,2016,1,5,7,3,0,1,2,0,1,0,0,0,0,0,4.57636E+20,5.4194E+21,8.42166E+15,4.89261E+16
24250,24251,8,1,16,49,2016,1,7,4,3,5,3,2,1,1,1,0,0,0,0,5.25654E+20,5.38461E+21,9.34805E+15,4.86141E+16
24251,24252,8,2,12,0,2016,1,7,3,3,5,3,2,1,0,1,0,0,0,0,4.59868E+20,5.43145E+21,8.45093E+15,4.90346E+16
24252,24253,8,1,16,71,2016,1,16,7,3,3,7,0,0,0,1,0,0,0,1,5.27715E+20,5.3924E+21,9.37655E+15,4.8684E+16
24253,24254,8,1,11,0,2016,1,15,6,3,5,2,0,0,0,1,0,0,0,0,5.12266E+20,5.39676E+21,9.16678E+15,4.87238E+16
24254,24255,8,2,31,0,2016,1,10,3,2,2,6,0,0,0,0,0,0,1,0,4.8242E+20,5.41842E+21,8.76004E+15,4.89184E+16
24255,24256,8,2,15,110,2016,1,16,6,3,1,5,0,0,1,1,0,0,0,0,4.61532E+20,5.41911E+21,8.47487E+15,4.89237E+16
24256,24257,8,1,18,79,2016,1,7,2,3,1,6,0,0,0,1,0,0,0,0,5.10239E+20,5.42069E+21,9.13982E+15,4.8939E+16
24257,24258,8,1,17,26,2016,1,5,3,3,7,1,2,1,0,1,0,0,0,0,5.50199E+20,5.39335E+21,9.68211E+15,4.86912E+16
24258,24259,8,3,16,37,2016,1,7,2,3,2,6,1,1,0,1,0,0,0,0,4.08554E+20,5.33283E+21,7.77071E+15,4.81422E+16
24259,24260,8,1,25,98,2016,1,5,1,3,9,7,2,1,0,1,0,0,0,0,5.22055E+20,5.43935E+21,9.30218E+15,4.91066E+16
24260,24261,8,1,15,42,2016,1,12,1,3,8,7,0,1,0,1,0,0,0,0,4.94747E+20,5.40604E+21,8.92846E+15,4.88073E+16
24261,24262,8,2,15,108,2016,1,16,2,3,2,6,0,0,1,1,0,0,0,0,4.46422E+20,5.42437E+21,8.26792E+15,4.89699E+16
24262,24263,8,3,36,81,2016,1,22,5,3,5,3,2,1,1,1,0,0,0,0,4.12226E+20,5.27801E+21,7.83123E+15,4.76495E+16
24263,24264,8,2,26,82,2016,2,20,3,3,5,6,2,0,0,1,0,0,0,0,4.75144E+20,5.48109E+21,8.65685E+15,4.94819E+16
24264,24265,8,1,17,23,2016,2,22,5,3,8,7,2,0,0,1,0,0,0,0,5.47717E+20,5.38582E+21,9.64751E+15,4.86236E+16
24265,24266,8,2,26,103,2016,2,11,7,3,3,6,0,0,0,1,0,0,0,0,4.71657E+20,5.45719E+21,8.61041E+15,4.92668E+16
24266,24267,8,1,36,82,2016,2,6,3,3,4,2,2,0,0,1,0,0,0,0,5.84588E+20,5.4164E+21,1.01541E+16,4.88947E+16
24267,24268,8,1,25,5,2016,2,22,2,3,8,7,2,0,0,1,0,0,0,0,5.1378E+20,5.45448E+21,9.18932E+15,4.9243E+16
24268,24269,8,1,19,44,2016,2,21,5,3,8,1,2,1,0,0,0,1,0,0,5.45005E+20,5.42458E+21,9.61497E+15,4.89725E+16
24269,24270,8,3,17,65,2016,2,13,4,3,5,3,0,1,0,1,0,0,0,0,4.17076E+20,5.35483E+21,7.88095E+15,4.83412E+16
24270,24271,8,1,18,78,2016,2,7,4,3,1,6,0,1,0,1,0,0,0,0,5.1376E+20,5.42004E+21,9.18788E+15,4.89331E+16
24271,24272,8,4,25,33,2016,2,13,4,3,4,2,0,1,0,1,0,0,0,0,5.53009E+20,5.34817E+21,9.71455E+15,4.82845E+16
24272,24273,8,2,15,7,2016,2,12,3,3,5,3,0,1,0,1,0,0,0,1,4.79691E+20,5.43594E+21,8.72192E+15,4.9076E+16
24273,24274,8,1,18,80,2016,2,5,4,3,2,6,2,1,0,1,0,0,0,0,5.09042E+20,5.41138E+21,9.12327E+15,4.88553E+16
24274,24275,8,4,36,6,2016,2,22,1,2,8,1,2,1,0,0,0,1,0,0,5.56135E+20,5.2843E+21,9.74833E+15,4.77097E+16
24275,24276,8,3,35,79,2016,2,12,2,3,6,4,0,0,0,1,1,0,0,0,5.00346E+20,5.29942E+21,9.00463E+15,4.78481E+16
24276,24277,8,1,25,65,2016,2,12,6,3,2,6,0,0,0,1,0,0,0,0,5.14151E+20,5.44826E+21,9.1942E+15,4.9187E+16
24277,24278,8,3,25,61,2016,2,19,5,3,4,2,2,0,0,1,0,0,0,0,4.74552E+20,5.35487E+21,8.65655E+15,4.83465E+16
24278,24279,8,1,11,0,2016,2,17,5,3,3,2,0,0,1,1,0,0,0,0,5.12721E+20,5.4054E+21,9.17323E+15,4.88014E+16
24279,24280,8,1,11,0,2016,2,10,2,3,3,6,0,0,0,1,0,0,0,0,5.11378E+20,5.40187E+21,9.15484E+15,4.87697E+16
24280,24281,8,3,17,65,2016,2,6,4,2,6,4,2,1,0,1,1,0,0,0,4.14206E+20,5.35465E+21,7.84226E+15,4.83392E+16
24281,24282,8,2,16,43,2016,2,8,7,2,1,1,0,0,0,1,0,0,0,1,4.42582E+20,5.41078E+21,8.21737E+15,4.88474E+16
24282,24283,8,2,36,46,2016,2,12,6,3,2,6,0,0,0,1,0,0,0,0,4.83755E+20,5.4167E+21,8.77833E+15,4.8903E+16
24283,24284,8,4,36,8,2016,2,6,2,3,4,6,1,1,0,1,0,0,0,0,5.50387E+20,5.30862E+21,9.67455E+15,4.79289E+16
24284,24285,8,1,21,0,2016,2,19,2,3,2,6,2,0,0,1,0,0,0,0,5.13956E+20,5.44316E+21,9.19135E+15,4.91411E+16
24285,24286,8,2,12,0,2016,2,12,6,3,2,6,0,0,0,1,0,0,0,0,4.59064E+20,5.42834E+21,8.44025E+15,4.90066E+16
24286,24287,8,3,37,127,2016,2,13,3,3,8,1,0,1,0,1,0,0,0,0,4.56477E+20,5.29748E+21,8.41846E+15,4.78292E+16
24287,24288,8,4,36,85,2016,2,15,5,3,9,1,0,2,0,1,0,0,0,0,5.60116E+20,5.29534E+21,9.80293E+15,4.78086E+16
24288,24289,8,1,18,21,2016,2,19,3,3,5,3,2,1,1,1,0,0,0,0,5.21325E+20,5.42764E+21,9.29156E+15,4.90013E+16
24289,24290,8,4,35,29,2016,2,16,3,3,5,3,0,0,0,1,0,0,0,0,5.44058E+20,5.27305E+21,9.58621E+15,4.76094E+16
24290,24291,8,1,26,69,2016,2,18,3,3,5,3,2,1,0,1,0,0,0,0,5.38717E+20,5.44799E+21,9.53129E+15,4.91835E+16
24291,24292,8,1,25,5,2016,2,17,4,2,2,7,1,1,0,1,0,0,1,0,5.15697E+20,5.45534E+21,9.2157E+15,4.92506E+16
24292,24293,8,3,15,113,2016,2,9,5,3,9,1,0,1,0,0,0,0,1,0,4.40937E+20,5.30655E+21,8.2096E+15,4.79096E+16
24293,24294,8,3,35,43,2016,2,1,1,2,5,3,2,1,0,1,0,0,0,0,5.11459E+20,5.2802E+21,9.15266E+15,4.76751E+16
24294,24295,8,3,26,74,2016,2,14,2,3,2,6,0,0,0,1,0,0,0,0,4.59684E+20,5.32447E+21,8.45879E+15,4.80722E+16
24295,24296,8,1,28,131,2016,2,12,6,2,5,3,0,1,0,1,0,0,0,0,5.38349E+20,5.5084E+21,9.5321E+15,4.97269E+16
24296,24297,8,4,36,83,2016,2,7,4,3,4,1,0,2,0,1,0,0,0,0,5.32503E+20,5.3026E+21,9.43468E+15,4.78759E+16
24297,24298,8,2,36,71,2016,2,17,4,3,3,6,0,1,0,1,0,0,0,0,4.7013E+20,5.41924E+21,8.59223E+15,4.89253E+16
24298,24299,8,1,27,99,2016,2,9,7,3,3,6,0,0,0,1,0,0,1,0,5.60509E+20,5.44706E+21,9.83017E+15,4.91734E+16
24299,24300,8,2,35,85,2016,2,15,6,2,8,1,0,1,0,1,0,0,0,0,4.75641E+20,5.3966E+21,8.66881E+15,4.8722E+16
24300,24301,8,1,11,0,2016,2,0,7,3,9,1,2,0,0,1,0,0,0,0,5.08651E+20,5.4006E+21,9.11771E+15,4.87583E+16
24301,24302,8,4,17,2,2016,2,18,5,3,4,2,2,1,0,1,0,0,0,0,4.88808E+20,5.34891E+21,8.84911E+15,4.82933E+16
24302,24303,8,4,35,29,2016,2,10,2,3,5,3,0,1,0,1,0,0,0,0,5.44058E+20,5.27305E+21,9.58622E+15,4.76094E+16
24303,24304,8,1,18,49,2016,2,8,4,2,6,4,0,1,0,1,1,0,0,0,5.1977E+20,5.42128E+21,9.26999E+15,4.89441E+16
24304,24305,8,2,26,6,2016,2,18,5,3,4,6,2,1,0,1,0,0,0,0,4.84058E+20,5.46724E+21,8.78047E+15,4.93577E+16
24305,24306,8,2,36,13,2016,2,12,1,2,9,7,0,0,0,1,0,0,0,0,4.74298E+20,5.40704E+21,8.64989E+15,4.88158E+16
24306,24307,8,3,35,63,2016,2,10,3,3,8,3,0,0,0,1,0,0,0,0,4.9858E+20,5.29343E+21,8.98104E+15,4.77942E+16
24307,24308,8,2,25,75,2016,2,9,5,3,4,1,0,1,0,1,0,0,1,0,5.27057E+20,5.47534E+21,9.37314E+15,4.94301E+16
24308,24309,8,1,17,29,2016,2,19,6,3,4,2,2,0,0,1,0,0,0,0,5.43604E+20,5.39087E+21,9.59225E+15,4.86694E+16
24309,24310,8,3,35,55,2016,2,17,7,3,4,2,2,1,0,1,0,0,0,0,4.95065E+20,5.28598E+21,8.93419E+15,4.77272E+16
24310,24311,8,1,17,28,2016,2,12,5,2,2,6,0,0,0,0,0,0,1,0,5.46522E+20,5.38404E+21,9.6311E+15,4.86077E+16
24311,24312,8,2,37,74,2016,2,16,5,3,4,1,0,2,0,1,0,0,0,0,4.6567E+20,5.36911E+21,8.53551E+15,4.84741E+16
24312,24313,8,3,11,0,2016,2,3,1,3,0,1,1,0,1,0,0,0,0,0,4.13059E+20,5.31538E+21,7.83482E+15,4.79858E+16
24313,24314,8,1,21,0,2016,2,14,6,3,5,7,0,0,0,1,0,0,0,1,5.15483E+20,5.44634E+21,9.2124E+15,4.91697E+16
24314,24315,8,1,25,68,2016,2,23,1,2,8,1,2,0,0,0,0,1,0,0,5.18198E+20,5.45772E+21,9.25016E+15,4.9272E+16
24315,24316,8,4,17,2,2016,2,14,2,3,1,7,0,0,0,1,0,0,1,0,4.88627E+20,5.34152E+21,8.84686E+15,4.82268E+16
24316,24317,8,3,37,76,2016,2,6,4,3,4,1,2,2,0,1,0,0,0,0,4.2607E+20,5.27398E+21,8.01621E+15,4.7615E+16
24317,24318,8,2,26,85,2016,2,16,4,3,1,6,0,1,0,1,0,0,0,1,4.90433E+20,5.45536E+21,8.86854E+15,4.92509E+16
24318,24319,8,1,11,0,2016,2,22,7,2,5,2,2,0,0,1,0,0,0,0,5.12081E+20,5.40492E+21,9.1645E+15,4.87971E+16
24319,24320,8,2,26,38,2016,2,17,6,3,5,2,0,0,0,1,0,0,0,0,4.71052E+20,5.48143E+21,8.60033E+15,4.94848E+16
24320,24321,8,1,11,0,2016,2,9,5,3,2,6,0,1,0,1,0,0,0,0,5.14264E+20,5.40171E+21,9.19411E+15,4.87682E+16
24321,24322,8,4,35,24,2016,2,23,6,3,4,6,2,1,0,1,0,0,0,1,5.27199E+20,5.27944E+21,9.3623E+15,4.76678E+16
24322,24323,8,3,36,81,2016,2,12,5,3,5,3,0,1,1,1,0,0,0,0,4.12229E+20,5.27801E+21,7.83125E+15,4.76495E+16
24323,24324,8,1,36,88,2016,2,9,2,3,4,2,0,0,0,1,0,0,0,0,5.80679E+20,5.40946E+21,1.00994E+16,4.88329E+16
24324,24325,8,3,17,57,2016,2,17,2,2,6,4,2,1,0,1,1,0,0,0,4.11986E+20,5.38097E+21,7.80678E+15,4.85756E+16
24325,24326,8,1,11,0,2016,2,14,4,3,2,6,0,1,0,1,0,0,0,0,5.15368E+20,5.40525E+21,9.20928E+15,4.88001E+16
24326,24327,8,2,15,46,2016,2,7,5,3,9,6,1,0,0,1,0,0,0,1,4.50037E+20,5.41617E+21,8.31832E+15,4.88964E+16
24327,24328,8,3,17,57,2016,2,4,3,2,5,2,2,0,0,1,0,1,0,0,4.13535E+20,5.38183E+21,7.82759E+15,4.85836E+16
24328,24329,8,2,15,84,2016,2,9,5,3,5,3,0,0,1,1,0,0,0,0,4.72894E+20,5.44491E+21,8.62824E+15,4.91564E+16
24329,24330,8,3,17,141,2016,2,15,7,2,5,3,0,0,0,1,0,0,0,1,4.18247E+20,5.37969E+21,7.89189E+15,4.85649E+16
24330,24331,8,2,16,63,2016,2,9,3,2,0,7,0,0,1,0,0,0,0,0,4.32094E+20,5.40081E+21,8.07608E+15,4.87566E+16
24331,24332,8,1,21,0,2016,2,13,2,3,2,6,0,0,0,1,0,0,0,0,5.1407E+20,5.44141E+21,9.19285E+15,4.91253E+16
24332,24333,8,1,36,88,2016,2,16,5,3,2,6,0,1,0,1,0,0,0,0,5.78269E+20,5.41E+21,1.00666E+16,4.88381E+16
24333,24334,8,3,17,26,2016,2,7,4,3,5,3,2,1,1,0,0,1,0,0,4.16542E+20,5.34385E+21,7.87591E+15,4.82423E+16
24334,24335,8,1,27,71,2016,2,1,4,2,8,1,2,1,1,0,0,0,0,0,5.7002E+20,5.45468E+21,9.96197E+15,4.92409E+16