FID,OBJECTID,ULAND,UREGBEZ,UKREIS,UGEMEINDE,UJAHR,UMONAT,USTUNDE,UWOCHENTAG,UKATEGORIE,UART,UTYP1,ULICHTVERH,IstStrasse,IstRad,IstPKW,IstFuss,IstKrad,IstGkfz,IstSonstig,LINREFX,LINREFY,XGCSWGS84,YGCSWGS84
24335,24336,8,4,35,59,2016,2,7,4,3,3,6,1,1,0,1,0,0,0,1,5.13922E+20,5.29123E+21,9.18583E+15,4.77743E+16
24336,24337,8,2,35,46,2016,2,12,4,3,8,1,0,1,0,1,0,0,0,0,4.79132E+20,5.3739E+21,8.71741E+15,4.85178E+16
24337,24338,8,3,17,65,2016,2,16,6,3,6,3,0,0,0,1,1,0,0,0,4.16177E+20,5.35448E+21,7.86889E+15,4.83379E+16
24338,24339,8,2,35,33,2016,2,10,3,2,6,7,0,1,0,0,1,0,1,0,4.58651E+20,5.40526E+21,8.43694E+15,4.87989E+16
24339,24340,8,2,11,0,2016,2,3,4,2,9,7,2,0,0,1,0,0,0,0,4.38308E+20,5.39866E+21,8.16094E+15,4.87379E+16
24340,24341,8,2,16,43,2016,2,15,4,3,0,3,0,1,0,1,0,0,0,0,4.44927E+20,5.41233E+21,8.24913E+15,4.88615E+16
24341,24342,8,4,36,6,2016,2,8,4,3,9,6,0,2,0,1,0,0,0,1,5.60278E+20,5.28402E+21,9.80352E+15,4.77068E+16
24342,24343,8,3,36,91,2016,2,7,4,2,6,4,1,1,0,1,1,0,0,0,3.9542E+20,5.27197E+21,7.60894E+15,4.75927E+16
24343,24344,8,3,35,98,2016,2,16,6,2,5,2,0,0,0,1,0,1,0,0,5.00654E+20,5.29459E+21,9.00874E+15,4.78047E+16
24344,24345,8,3,15,6,2016,2,9,3,3,3,6,0,0,0,1,0,0,0,0,4.03193E+20,5.30449E+21,7.70507E+15,4.78865E+16
24345,24346,8,2,31,0,2016,2,16,4,3,2,6,0,1,0,1,0,0,0,0,4.79364E+20,5.41771E+21,8.71836E+15,4.8912E+16
24346,24347,8,3,25,9,2016,2,7,5,2,8,1,0,1,0,1,0,0,0,0,4.66678E+20,5.3424E+21,8.55126E+15,4.82339E+16
24347,24348,8,1,19,87,2016,2,14,2,2,4,1,0,1,0,1,0,0,0,0,5.25298E+20,5.42786E+21,9.3459E+15,4.90031E+16
24348,24349,8,2,26,85,2016,2,13,2,3,6,4,0,1,0,1,1,0,0,0,4.90641E+20,5.4555E+21,8.87139E+15,4.92522E+16
24349,24350,8,3,35,35,2016,2,8,3,3,5,3,0,0,0,1,0,0,0,0,4.78678E+20,5.29213E+21,8.71537E+15,4.77822E+16
24350,24351,8,2,22,0,2016,2,20,3,3,2,6,0,1,0,1,0,0,0,0,4.61909E+20,5.48087E+21,8.47416E+15,4.94793E+16
24351,24352,8,1,18,60,2016,2,8,5,3,4,2,1,1,0,1,0,0,0,0,5.246E+20,5.43121E+21,9.33656E+15,4.90333E+16
24352,24353,8,2,15,9,2016,2,16,7,3,0,6,0,0,0,1,0,0,0,0,4.6666E+20,5.44423E+21,8.54281E+15,4.915E+16
24353,24354,8,2,25,39,2016,2,6,3,2,6,4,1,1,0,1,1,0,0,0,5.31026E+20,5.49453E+21,9.42939E+15,4.96025E+16
24354,24355,8,1,19,67,2016,2,14,2,3,4,6,0,0,0,1,0,0,0,0,5.39722E+20,5.40999E+21,9.54136E+15,4.88416E+16
24355,24356,8,1,18,78,2016,2,14,5,2,8,1,0,1,0,1,0,0,1,0,5.12504E+20,5.41946E+21,9.1707E+15,4.8928E+16
24356,24357,8,3,15,94,2016,2,10,4,3,4,6,0,2,0,1,0,0,0,1,4.32539E+20,5.31386E+21,8.09609E+15,4.79745E+16
24357,24358,8,1,16,80,2016,2,19,4,2,0,5,2,0,0,1,0,1,0,0,5.17276E+20,5.39593E+21,9.23487E+15,4.87162E+16
24358,24359,8,3,36,50,2016,2,8,4,3,5,2,0,1,0,1,0,0,0,0,3.99032E+20,5.27567E+21,7.65612E+15,4.76265E+16
24359,24360,8,1,11,0,2016,2,17,3,3,2,6,2,1,0,1,0,0,0,1,5.06894E+20,5.39807E+21,9.09376E+15,4.87356E+16
24360,24361,8,1,27,23,2016,2,4,4,2,8,1,2,1,0,1,0,0,0,0,5.49707E+20,5.42594E+21,9.67938E+15,4.89843E+16
24361,24362,8,4,15,61,2016,2,9,1,3,0,1,0,0,1,0,0,0,0,0,5.15288E+20,5.37142E+21,9.20694E+15,4.84957E+16
24362,24363,8,3,17,96,2016,2,20,2,3,2,6,2,0,0,1,0,0,0,0,4.22983E+20,5.37268E+21,7.95737E+15,4.85026E+16
24363,24364,8,1,18,21,2016,2,13,6,3,2,6,0,0,0,1,0,0,0,1,5.18025E+20,5.42915E+21,9.2465E+15,4.9015E+16
24364,24365,8,2,15,90,2016,2,17,5,3,2,6,0,0,0,1,0,0,0,0,4.63462E+20,5.43401E+21,8.49988E+15,4.90579E+16
24365,24366,8,1,11,0,2016,2,16,5,2,8,1,0,0,0,0,0,1,0,0,5.1774E+20,5.40028E+21,9.24136E+15,4.87553E+16
24366,24367,8,1,11,0,2016,2,13,2,3,5,3,0,0,0,1,0,0,0,0,5.10647E+20,5.40016E+21,9.14485E+15,4.87544E+16
24367,24368,8,4,37,88,2016,2,4,1,3,9,1,2,1,0,1,0,0,0,0,5.1517E+20,5.3082E+21,9.20307E+15,4.7927E+16
24368,24369,8,3,36,105,2016,2,8,2,1,8,1,2,1,0,1,0,0,0,0,4.02084E+20,5.26913E+21,7.69819E+15,4.75682E+16
24369,24370,8,1,15,42,2016,2,6,5,3,3,6,1,0,1,1,0,0,0,0,4.94071E+20,5.40661E+21,8.91925E+15,4.88125E+16
24370,24371,8,1,11,0,2016,2,7,2,3,5,2,1,0,1,0,0,1,0,0,5.10808E+20,5.4099E+21,9.1473E+15,4.88419E+16
24371,24372,8,3,26,20,2016,2,6,4,3,4,6,2,2,0,1,0,0,0,0,4.35112E+20,5.32137E+21,8.12942E+15,4.80423E+16
24372,24373,8,2,26,96,2016,2,15,7,2,2,2,0,0,1,1,0,0,0,0,4.76099E+20,5.4891E+21,8.66955E+15,4.9554E+16
24373,24374,8,1,16,56,2016,2,5,3,3,5,3,2,0,0,1,0,0,0,0,5.30013E+20,5.39555E+21,9.40799E+15,4.87122E+16
24374,24375,8,1,19,20,2016,2,8,2,3,4,2,0,0,0,1,0,0,0,0,5.1847E+20,5.40891E+21,9.25168E+15,4.88329E+16
24375,24376,8,1,16,42,2016,2,20,5,3,4,2,2,1,0,1,0,0,0,0,5.17595E+20,5.38239E+21,9.23863E+15,4.85943E+16
24376,24377,8,3,37,118,2016,2,20,3,3,5,3,2,0,0,1,0,0,0,1,4.36763E+20,5.27971E+21,8.15766E+15,4.76677E+16
24377,24378,8,1,21,0,2016,2,19,3,3,6,2,2,1,0,1,1,0,0,0,5.14106E+20,5.44319E+21,9.1934E+15,4.91414E+16
24378,24379,8,1,19,8,2016,2,17,4,2,6,4,2,1,0,1,1,0,0,0,5.30913E+20,5.4214E+21,9.42217E+15,4.89448E+16
24379,24380,8,2,15,21,2016,2,15,5,3,3,6,0,1,0,1,0,0,0,0,4.69107E+20,5.44353E+21,8.57641E+15,4.91438E+16
24380,24381,8,3,17,5,2016,2,6,1,2,9,1,2,0,1,0,0,0,0,0,4.23848E+20,5.37498E+21,7.96865E+15,4.85233E+16
24381,24382,8,2,31,0,2016,2,10,2,3,4,2,0,1,0,1,0,0,0,0,4.75719E+20,5.41539E+21,8.66875E+15,4.8891E+16
24382,24383,8,1,25,27,2016,2,18,6,2,2,6,2,0,0,1,0,0,0,1,5.18745E+20,5.4462E+21,9.25714E+15,4.91683E+16
24383,24384,8,3,37,106,2016,2,6,2,3,9,1,1,1,0,1,0,0,0,0,4.64168E+20,5.29386E+21,8.52152E+15,4.77971E+16
24384,24385,8,4,21,0,2016,2,14,4,3,4,2,0,0,0,1,0,0,0,0,5.70784E+20,5.36427E+21,9.95685E+15,4.84276E+16
24385,24386,8,2,15,46,2016,2,11,4,2,0,3,0,1,1,1,0,0,0,0,4.51195E+20,5.41443E+21,8.33433E+15,4.88809E+16
24386,24387,8,1,19,79,2016,2,16,7,3,5,3,1,0,1,1,0,0,0,0,5.23368E+20,5.40914E+21,9.31843E+15,4.88348E+16
24387,24388,8,2,25,109,2016,2,9,6,2,5,3,0,1,0,1,0,0,0,0,5.23392E+20,5.49755E+21,9.32392E+15,4.963E+16
24388,24389,8,1,11,0,2016,2,18,7,3,2,6,2,0,0,1,0,0,0,0,5.14805E+20,5.40468E+21,9.20159E+15,4.8795E+16
24389,24390,8,4,16,41,2016,2,18,5,2,4,2,2,1,0,1,0,0,0,1,5.04629E+20,5.37184E+21,9.06267E+15,4.84997E+16
24390,24391,8,1,15,4,2016,2,19,2,2,6,4,2,1,0,1,1,0,0,0,4.88873E+20,5.37375E+21,8.84933E+15,4.85168E+16
24391,24392,8,3,15,22,2016,2,13,4,3,9,7,0,0,0,0,0,1,0,0,3.97766E+20,5.30099E+21,7.63332E+15,4.78541E+16
24392,24393,8,1,36,45,2016,2,23,7,3,9,1,2,1,0,1,0,0,0,0,5.95752E+20,5.40777E+21,1.03043E+16,4.88155E+16
24393,24394,8,2,37,28,2016,2,5,6,3,5,3,2,1,0,1,0,0,0,0,4.56543E+20,5.36772E+21,8.41217E+15,4.84611E+16
24394,24395,8,4,25,39,2016,2,10,2,3,5,3,0,0,1,1,0,0,0,0,5.66353E+20,5.35319E+21,9.8952E+15,4.83284E+16
24395,24396,8,1,19,8,2016,2,17,2,3,2,6,0,0,0,1,0,0,1,0,5.31897E+20,5.42039E+21,9.43553E+15,4.89356E+16
24396,24397,8,2,11,0,2016,2,16,6,3,1,6,0,0,0,1,0,0,0,0,4.40799E+20,5.40357E+21,8.19412E+15,4.87823E+16
24397,24398,8,4,35,20,2016,2,16,5,2,4,6,0,2,0,1,0,0,0,0,5.23517E+20,5.29793E+21,9.31426E+15,4.78343E+16
24398,24399,8,1,11,0,2016,2,17,3,3,6,2,2,1,0,1,1,0,0,0,5.18738E+20,5.40077E+21,9.25496E+15,4.87596E+16
24399,24400,8,1,19,75,2016,2,0,4,3,9,1,2,0,0,1,0,0,0,0,5.35351E+20,5.42859E+21,9.48341E+15,4.90092E+16
24400,24401,8,2,36,46,2016,2,9,5,3,0,7,0,1,0,1,0,0,0,0,4.82841E+20,5.4179E+21,8.76581E+15,4.89138E+16
24401,24402,8,2,12,0,2016,2,16,1,2,9,6,0,0,0,1,0,0,0,1,4.60815E+20,5.42363E+21,8.46464E+15,4.89643E+16
24402,24403,8,3,16,37,2016,2,7,3,3,2,6,1,0,0,1,0,0,0,0,4.0768E+20,5.33446E+21,7.75862E+15,4.81567E+16
24403,24404,8,2,12,0,2016,2,21,5,3,2,6,2,0,0,1,0,0,0,1,4.61736E+20,5.43041E+21,8.47659E+15,4.90254E+16
24404,24405,8,1,18,53,2016,2,13,6,3,2,7,0,0,0,1,0,0,0,0,5.16916E+20,5.42796E+21,9.23129E+15,4.90043E+16
24405,24406,8,4,25,39,2016,2,15,7,3,9,7,0,0,0,1,0,0,0,0,5.67327E+20,5.35073E+21,9.90795E+15,4.83062E+16
24406,24407,8,3,36,81,2016,2,13,4,3,2,6,0,0,0,0,0,0,0,1,4.11119E+20,5.27722E+21,7.81664E+15,4.76423E+16
24407,24408,8,2,25,52,2016,2,19,4,3,5,3,2,1,0,1,0,0,0,0,5.15363E+20,5.47884E+21,9.21202E+15,4.9462E+16
24408,24409,8,1,11,0,2016,2,16,7,3,2,6,0,0,0,1,0,0,0,1,5.12942E+20,5.40722E+21,9.1763E+15,4.88178E+16
24409,24410,8,1,11,0,2016,2,17,5,3,5,3,1,1,0,1,0,0,0,0,5.14973E+20,5.40283E+21,9.20381E+15,4.87782E+16
24410,24411,8,4,21,0,2016,2,10,6,3,0,1,0,0,0,0,0,1,0,0,5.71165E+20,5.35872E+21,9.96106E+15,4.83776E+16
24411,24412,8,3,26,12,2016,2,14,5,3,2,2,0,1,0,1,0,0,0,0,4.62223E+20,5.31072E+21,8.49407E+15,4.79487E+16
24412,24413,8,1,26,47,2016,2,12,2,3,5,3,0,1,0,1,0,0,0,0,5.4995E+20,5.4548E+21,9.68627E+15,4.92439E+16
24413,24414,8,3,15,15,2016,2,18,2,3,5,3,2,1,0,1,0,0,0,0,3.94941E+20,5.32026E+21,7.59086E+15,4.8027E+16
24414,24415,8,1,11,0,2016,2,7,4,3,2,6,0,0,0,1,0,0,0,0,5.12071E+20,5.39935E+21,9.16421E+15,4.8747E+16
24415,24416,8,2,26,76,2016,2,22,3,3,5,3,2,1,1,1,0,0,0,0,4.75168E+20,5.46553E+21,8.65815E+15,4.9342E+16
24416,24417,8,1,17,6,2016,2,15,5,3,3,6,0,0,0,1,0,0,0,0,5.49904E+20,5.3856E+21,9.67716E+15,4.86215E+16
24417,24418,8,2,26,68,2016,2,10,7,3,2,6,0,0,0,1,0,0,0,0,4.69842E+20,5.46175E+21,8.58512E+15,4.93078E+16
24418,24419,8,3,26,3,2016,2,7,2,3,1,6,2,0,0,1,0,0,0,0,4.64341E+20,5.31958E+21,8.52171E+15,4.80285E+16
24419,24420,8,1,16,33,2016,2,12,4,2,2,6,0,1,0,1,0,0,1,0,5.31686E+20,5.38764E+21,9.43013E+15,4.8641E+16
24420,24421,8,2,22,0,2016,2,18,5,3,5,3,2,0,0,1,0,1,0,0,4.62725E+20,5.48258E+21,8.48527E+15,4.94947E+16
24421,24422,8,2,16,43,2016,2,19,1,3,4,6,2,0,0,1,0,0,0,0,4.44235E+20,5.41267E+21,8.23964E+15,4.88645E+16
24422,24423,8,3,27,49,2016,2,16,3,3,2,6,0,0,0,1,0,0,0,0,4.7522E+20,5.32255E+21,8.66744E+15,4.80558E+16
24423,24424,8,2,26,54,2016,2,7,5,2,4,6,1,1,0,1,0,0,0,0,4.78931E+20,5.4556E+21,8.71048E+15,4.92528E+16
24424,24425,8,1,11,0,2016,2,20,6,3,2,6,2,1,0,1,0,0,0,0,5.13733E+20,5.40228E+21,9.1869E+15,4.87734E+16
24425,24426,8,3,25,72,2016,2,0,7,2,2,6,2,0,0,1,0,0,0,0,4.68959E+20,5.32851E+21,8.58299E+15,4.81091E+16
24426,24427,8,1,15,28,2016,2,18,5,3,2,6,2,1,0,1,0,0,0,0,5.02238E+20,5.40168E+21,9.03045E+15,4.87681E+16
24427,24428,8,3,26,74,2016,2,7,4,3,5,3,2,1,0,1,0,0,0,0,4.65777E+20,5.32147E+21,8.54081E+15,4.80456E+16
24428,24429,8,1,15,13,2016,2,7,4,3,2,6,2,1,0,1,0,0,1,0,4.9727E+20,5.39012E+21,8.96292E+15,4.86641E+16
24429,24430,8,4,36,9,2016,2,6,4,3,5,3,2,1,0,1,0,0,0,0,5.56002E+20,5.30815E+21,9.74964E+15,4.79242E+16
24430,24431,8,2,21,0,2016,2,17,4,3,2,6,1,0,0,1,0,1,0,0,4.73749E+20,5.4756E+21,8.63796E+15,4.94325E+16
24431,24432,8,3,17,51,2016,2,11,6,3,4,2,0,1,0,1,0,0,0,1,4.42277E+20,5.3412E+21,8.22286E+15,4.82214E+16
24432,24433,8,2,36,19,2016,2,6,3,3,2,6,1,0,0,1,0,0,0,0,4.8768E+20,5.4097E+21,8.8321E+15,4.88401E+16
24433,24434,8,2,26,85,2016,2,11,4,2,6,4,0,1,0,1,1,0,0,0,4.90929E+20,5.45564E+21,8.87534E+15,4.92535E+16
24434,24435,8,3,17,96,2016,2,19,5,3,2,6,2,1,0,1,0,0,0,0,4.21626E+20,5.36881E+21,7.93972E+15,4.84675E+16
24435,24436,8,1,16,80,2016,2,20,2,3,5,3,2,1,1,1,0,0,0,0,5.19602E+20,5.39699E+21,9.26654E+15,4.87256E+16
24436,24437,8,2,36,46,2016,2,21,2,3,2,6,2,0,0,1,0,0,0,0,4.84325E+20,5.41923E+21,8.78601E+15,4.89258E+16
24437,24438,8,1,25,49,2016,2,10,2,3,8,1,0,0,0,0,0,0,1,0,4.98633E+20,5.45203E+21,8.98123E+15,4.9221E+16
24438,24439,8,4,26,97,2016,2,16,3,3,1,6,0,0,0,1,0,0,0,0,5.3626E+20,5.3331E+21,9.4875E+15,4.81502E+16
24439,24440,8,2,16,5,2016,2,19,3,3,4,3,2,1,1,1,0,0,0,0,4.44854E+20,5.41769E+21,8.24741E+15,4.89097E+16
24440,24441,8,1,18,81,2016,2,15,5,3,2,6,0,0,0,1,0,1,0,0,5.2045E+20,5.41364E+21,9.2789E+15,4.88754E+16
24441,24442,8,1,11,0,2016,2,9,2,3,2,6,0,0,0,1,0,0,0,0,5.10134E+20,5.40287E+21,9.13795E+15,4.87788E+16
24442,24443,8,2,15,21,2016,2,15,7,3,2,6,0,0,0,1,0,0,0,0,4.69226E+20,5.44728E+21,8.57775E+15,4.91775E+16
24443,24444,8,1,19,91,2016,2,15,3,3,9,1,0,0,0,1,0,0,0,0,5.29693E+20,5.40708E+21,9.40447E+15,4.8816E+16
24444,24445,8,1,19,76,2016,2,5,2,2,5,3,2,1,1,1,0,0,0,0,5.41956E+20,5.40642E+21,9.57144E+15,4.88093E+16
24445,24446,8,1,17,20,2016,2,17,5,3,0,3,1,1,0,1,0,1,0,0,5.49913E+20,5.39049E+21,9.67788E+15,4.86655E+16
24446,24447,8,4,37,88,2016,2,18,3,3,5,3,2,1,0,1,0,0,0,0,5.19881E+20,5.3072E+21,9.26609E+15,4.79178E+16
24447,24448,8,4,25,75,2016,2,19,3,2,8,1,2,0,0,1,0,0,0,0,5.67292E+20,5.37535E+21,9.91143E+15,4.85277E+16
24448,24449,8,1,18,14,2016,2,13,2,3,4,1,0,1,0,1,0,0,1,0,5.21548E+20,5.422E+21,9.29431E+15,4.89505E+16
24449,24450,8,1,21,0,2016,2,17,5,3,5,2,2,1,0,1,0,0,0,1,5.16771E+20,5.44334E+21,9.22995E+15,4.91426E+16
24450,24451,8,3,17,65,2016,2,8,4,3,6,2,0,1,0,1,1,0,0,0,4.16965E+20,5.35479E+21,7.87946E+15,4.83409E+16
24451,24452,8,1,27,91,2016,2,18,4,2,4,6,2,1,0,1,0,0,0,0,5.775E+20,5.45075E+21,1.00639E+16,4.92046E+16
24452,24453,8,4,26,21,2016,2,17,4,3,5,3,2,1,0,1,0,0,1,0,5.53071E+20,5.32954E+21,9.71306E+15,4.81169E+16
24453,24454,8,2,26,84,2016,2,18,6,3,2,6,2,0,0,1,0,0,0,0,4.6758E+20,5.46609E+21,8.55365E+15,4.93466E+16
24454,24455,8,2,21,0,2016,2,8,3,3,2,6,0,1,0,1,0,0,0,0,4.72535E+20,5.47376E+21,8.62133E+15,4.94159E+16
24455,24456,8,3,17,1,2016,2,10,4,3,2,2,0,1,0,1,0,0,1,1,4.31391E+20,5.38493E+21,8.06916E+15,4.86137E+16
24456,24457,8,4,36,9,2016,2,8,1,3,8,1,0,0,0,1,0,0,0,0,5.51537E+20,5.30167E+21,9.6891E+15,4.78663E+16
24457,24458,8,2,26,60,2016,2,9,2,3,6,7,0,0,0,1,1,0,0,0,4.7786E+20,5.46351E+21,8.69533E+15,4.93239E+16
24458,24459,8,3,35,63,2016,2,17,5,2,5,3,1,0,0,1,0,0,0,0,4.9881E+20,5.29001E+21,8.98413E+15,4.77635E+16
24459,24460,8,1,11,0,2016,2,12,5,3,4,6,0,0,0,0,0,0,1,1,5.10044E+20,5.4025E+21,9.13671E+15,4.87754E+16
24460,24461,8,4,36,52,2016,1,12,1,3,8,1,0,2,0,1,0,0,0,0,5.67509E+20,5.28864E+21,9.90062E+15,4.77476E+16
24461,24462,8,4,17,25,2016,2,18,4,2,4,2,2,0,0,1,0,0,0,0,4.87846E+20,5.35335E+21,8.836E+15,4.83333E+16
24462,24463,8,2,16,49,2016,2,13,7,3,2,6,0,0,0,1,0,0,0,0,4.38915E+20,5.40155E+21,8.16876E+15,4.8764E+16
24463,24464,8,2,26,32,2016,2,12,6,3,3,6,0,0,0,1,0,0,1,0,4.68652E+20,5.4633E+21,8.56862E+15,4.93216E+16
24464,24465,8,1,11,0,2016,2,12,3,3,0,1,0,0,0,0,0,1,0,0,5.13017E+20,5.40607E+21,9.17729E+15,4.88075E+16
24465,24466,8,1,18,53,2016,2,16,2,3,0,3,0,0,0,1,0,1,0,0,5.1514E+20,5.42726E+21,9.20698E+15,4.89981E+16
24466,24467,8,2,15,103,2016,2,18,6,3,2,6,2,0,0,1,0,0,0,0,4.66634E+20,5.44423E+21,8.54245E+15,4.91499E+16
24467,24468,8,3,37,116,2016,2,19,3,3,2,6,2,1,0,1,0,0,0,0,4.18164E+20,5.27372E+21,7.91107E+15,4.76117E+16
24468,24469,8,1,25,7,2016,2,16,3,3,1,5,1,1,0,1,0,0,0,0,5.08943E+20,5.45521E+21,9.12288E+15,4.92496E+16
24469,24470,8,2,37,61,2016,2,17,5,3,9,1,1,2,0,1,0,0,0,0,4.668E+20,5.36835E+21,8.55086E+15,4.84674E+16
24470,24471,8,3,15,6,2016,2,15,1,3,5,3,0,1,0,1,0,0,0,0,4.00492E+20,5.3119E+21,7.66723E+15,4.79527E+16
24471,24472,8,1,25,59,2016,2,9,6,3,4,1,0,1,0,1,0,0,1,0,5.27601E+20,5.43878E+21,9.37812E+15,4.91012E+16
24472,24473,8,1,27,43,2016,2,8,1,2,8,1,0,0,0,0,0,0,1,0,5.67281E+20,5.44756E+21,9.92314E+15,4.91771E+16
24473,24474,8,1,27,43,2016,2,12,3,3,5,3,0,1,0,1,0,0,0,0,5.67667E+20,5.44686E+21,9.92832E+15,4.91708E+16
24474,24475,8,1,25,59,2016,2,19,4,2,5,3,2,1,0,1,0,0,0,0,5.26831E+20,5.44094E+21,9.36772E+15,4.91207E+16
24475,24476,8,3,17,96,2016,2,22,5,3,8,1,2,1,0,1,0,0,0,0,4.1883E+20,5.37045E+21,7.90159E+15,4.84819E+16
24476,24477,8,3,36,103,2016,2,19,1,3,4,1,2,1,0,1,0,0,0,0,4.16759E+20,5.28954E+21,7.88937E+15,4.77539E+16
24477,24478,8,2,26,13,2016,2,13,2,3,8,1,0,1,0,1,0,0,0,0,5.01881E+20,5.47851E+21,9.02596E+15,4.94592E+16
24478,24479,8,1,15,42,2016,2,20,6,3,8,1,2,0,0,1,0,0,0,0,4.95531E+20,5.40709E+21,8.93912E+15,4.88167E+16
24479,24480,8,4,36,39,2016,2,16,4,3,8,7,0,1,0,1,0,0,0,0,5.48185E+20,5.28803E+21,9.64278E+15,4.77438E+16
24480,24481,8,2,26,103,2016,2,22,4,3,3,3,2,1,0,1,0,0,0,0,4.72211E+20,5.45831E+21,8.61795E+15,4.92769E+16
24481,24482,8,1,27,63,2016,2,12,7,2,5,3,0,0,0,1,0,0,0,0,5.63609E+20,5.43496E+21,9.87078E+15,4.90642E+16
24482,24483,8,2,31,0,2016,2,17,6,2,1,6,2,0,0,1,0,0,0,0,4.84631E+20,5.41305E+21,8.79042E+15,4.88702E+16
24483,24484,8,4,17,31,2016,2,6,5,3,5,3,2,1,1,1,0,0,0,0,4.97247E+20,5.356E+21,8.96283E+15,4.83572E+16
24484,24485,8,4,36,55,2016,2,12,2,2,2,2,0,0,0,1,0,0,0,0,5.69099E+20,5.30064E+21,9.92374E+15,4.78554E+16
24485,24486,8,1,18,63,2016,2,17,4,3,6,4,1,1,0,1,1,0,0,0,5.1496E+20,5.42319E+21,9.20438E+15,4.89614E+16
24486,24487,8,2,26,40,2016,2,16,5,3,4,2,1,1,0,1,0,0,0,0,4.74302E+20,5.49551E+21,8.64428E+15,4.96116E+16
24487,24488,8,2,36,62,2016,2,3,1,3,9,1,2,0,0,1,0,0,0,0,4.86874E+20,5.40687E+21,8.82121E+15,4.88147E+16
24488,24489,8,3,35,35,2016,2,18,3,3,4,6,2,0,0,1,0,0,0,0,4.79454E+20,5.29117E+21,8.72577E+15,4.77736E+16
24489,24490,8,2,26,85,2016,2,14,5,2,5,3,0,0,0,1,0,0,0,0,4.88554E+20,5.45744E+21,8.84266E+15,4.92696E+16
24490,24491,8,1,15,46,2016,2,15,6,2,2,6,0,0,0,1,0,1,0,0,5.0924E+20,5.39111E+21,9.1255E+15,4.8673E+16
24491,24492,8,4,15,50,2016,2,7,7,2,8,1,1,1,0,1,0,0,0,0,5.22016E+20,5.37495E+21,9.29819E+15,4.85272E+16
24492,24493,8,1,25,27,2016,2,10,5,3,2,6,0,0,0,1,0,0,0,0,5.17876E+20,5.44677E+21,9.24525E+15,4.91735E+16
24493,24494,8,3,35,75,2016,2,22,4,2,8,6,2,0,0,1,0,0,0,1,4.88921E+20,5.29559E+21,8.85201E+15,4.78135E+16
24494,24495,8,2,21,0,2016,2,18,4,3,1,6,2,1,0,1,0,0,0,0,4.77427E+20,5.46748E+21,8.68913E+15,4.93596E+16
24495,24496,8,1,11,0,2016,2,17,5,3,2,6,2,1,0,1,0,0,0,0,5.1206E+20,5.39548E+21,9.16394E+15,4.87122E+16
24496,24497,8,3,15,74,2016,2,16,4,3,5,3,0,1,0,1,0,0,0,1,4.00841E+20,5.29814E+21,7.67507E+15,4.7829E+16
24497,24498,8,4,15,61,2016,2,6,6,3,5,3,2,1,0,1,0,0,0,0,5.13154E+20,5.3767E+21,9.17822E+15,4.85433E+16
24498,24499,8,3,35,43,2016,2,6,3,2,5,2,2,1,1,1,0,0,0,0,5.11453E+20,5.2802E+21,9.15258E+15,4.76751E+16
24499,24500,8,4,15,50,2016,2,18,4,3,2,6,2,0,0,1,0,0,0,0,5.21239E+20,5.37712E+21,9.28778E+15,4.85468E+16
24500,24501,8,2,31,0,2016,2,5,4,3,5,2,2,1,0,1,0,0,0,0,4.79307E+20,5.41748E+21,8.71759E+15,4.89099E+16
24501,24502,8,1,15,22,2016,2,21,7,3,9,7,2,0,0,1,0,0,0,0,4.9559E+20,5.38457E+21,8.94016E+15,4.86142E+16
24502,24503,8,2,22,0,2016,2,12,6,3,5,7,0,0,0,1,0,0,0,0,4.62498E+20,5.48673E+21,8.48173E+15,4.9532E+16
24503,24504,8,1,11,0,2016,2,7,5,3,2,6,0,1,0,1,0,0,0,0,5.14241E+20,5.40295E+21,9.19385E+15,4.87794E+16
24504,24505,8,4,36,64,2016,2,16,6,3,2,6,0,0,0,1,0,0,0,0,5.44043E+20,5.2907E+21,9.5878E+15,4.77681E+16
24505,24506,8,3,37,45,2016,2,8,5,3,8,1,0,2,0,1,0,0,0,0,4.38919E+20,5.29003E+21,8.18493E+15,4.77608E+16
24506,24507,8,1,36,88,2016,2,7,2,3,9,1,0,0,0,1,0,0,0,0,5.82867E+20,5.40581E+21,1.01284E+16,4.87997E+16
24507,24508,8,3,17,1,2016,2,17,2,2,7,7,1,1,0,1,1,0,0,0,4.25753E+20,5.38729E+21,7.99226E+15,4.86343E+16
24508,24509,8,1,11,0,2016,2,14,4,3,4,6,0,1,0,1,0,0,0,0,5.12241E+20,5.40838E+21,9.16678E+15,4.88283E+16
24509,24510,8,2,16,7,2016,2,7,5,3,1,6,1,1,0,1,0,0,0,0,4.38091E+20,5.39436E+21,8.15864E+15,4.86992E+16
24510,24511,8,1,16,47,2016,2,4,1,2,9,1,2,0,0,1,0,0,0,0,5.19284E+20,5.39367E+21,9.26206E+15,4.86957E+16
24511,24512,8,3,17,59,2016,2,10,3,3,5,3,0,0,0,1,0,0,1,0,4.12132E+20,5.35057E+21,7.81512E+15,4.83022E+16
24512,24513,8,2,16,43,2016,2,9,5,3,8,1,0,1,0,0,0,1,0,0,4.43792E+20,5.41327E+21,8.23353E+15,4.88699E+16
24513,24514,8,3,17,65,2016,2,19,7,3,5,2,2,0,0,1,0,0,0,0,4.161E+20,5.35449E+21,7.86784E+15,4.8338E+16
24514,24515,8,2,15,106,2016,2,17,3,3,1,6,1,0,0,1,0,0,0,0,4.65985E+20,5.45333E+21,8.53278E+15,4.92318E+16
24515,24516,8,1,18,79,2016,2,18,2,3,2,6,2,0,0,1,0,0,0,0,5.09244E+20,5.42009E+21,9.12622E+15,4.89337E+16
24516,24517,8,1,18,48,2016,2,20,5,2,4,1,2,1,0,1,0,0,0,0,5.12863E+20,5.41947E+21,9.17562E+15,4.8928E+16