FID,OBJECTID,ULAND,UREGBEZ,UKREIS,UGEMEINDE,UJAHR,UMONAT,USTUNDE,UWOCHENTAG,UKATEGORIE,UART,UTYP1,ULICHTVERH,IstStrasse,IstRad,IstPKW,IstFuss,IstKrad,IstGkfz,IstSonstig,LINREFX,LINREFY,XGCSWGS84,YGCSWGS84
24698,24699,8,4,36,94,2016,2,17,4,3,2,6,1,2,0,1,0,0,0,0,5.71171E+20,5.27958E+21,9.94799E+15,4.76657E+16
24699,24700,8,2,15,7,2016,2,7,4,3,6,4,1,1,0,1,1,0,0,0,4.78552E+20,5.43134E+21,8.70657E+15,4.90346E+16
24700,24701,8,3,17,150,2016,2,10,6,3,5,3,0,0,0,1,0,0,0,0,4.08386E+20,5.35656E+21,7.76333E+15,4.83555E+16
24701,24702,8,2,12,0,2016,2,19,3,3,2,6,2,1,0,1,0,0,1,0,4.61974E+20,5.43084E+21,8.47981E+15,4.90292E+16
24702,24703,8,2,22,0,2016,2,20,4,3,5,3,2,0,0,1,0,0,0,0,4.65458E+20,5.47631E+21,8.52354E+15,4.94385E+16
24703,24704,8,1,15,45,2016,2,20,2,3,0,1,2,1,1,0,0,0,0,0,5.0001E+20,5.39535E+21,9.00014E+15,4.87112E+16
24704,24705,8,1,17,10,2016,2,4,2,1,4,6,2,1,0,1,0,0,1,0,5.70203E+20,5.39252E+21,9.95376E+15,4.86818E+16
24705,24706,8,4,25,72,2016,2,18,3,3,5,3,2,0,0,1,0,0,0,0,5.80223E+20,5.37172E+21,1.00858E+16,4.84935E+16
24706,24707,8,2,16,43,2016,2,10,3,3,2,6,0,0,0,1,0,0,0,0,4.4223E+20,5.41103E+21,8.21254E+15,4.88495E+16
24707,24708,8,1,17,14,2016,2,12,5,3,2,6,0,1,0,1,0,0,0,0,5.53214E+20,5.38298E+21,9.72174E+15,4.85976E+16
24708,24709,8,4,35,16,2016,1,15,1,3,9,1,0,1,0,1,0,0,0,0,5.37509E+20,5.28191E+21,9.49984E+15,4.76895E+16
24709,24710,8,2,31,0,2016,2,3,7,3,9,1,2,0,0,1,0,0,0,0,4.79319E+20,5.41748E+21,8.71776E+15,4.89099E+16
24710,24711,8,1,18,76,2016,2,15,3,2,9,1,0,0,0,1,0,0,0,0,4.93842E+20,5.431E+21,8.91576E+15,4.90319E+16
24711,24712,8,1,17,26,2016,2,21,5,3,5,3,2,1,0,1,0,0,0,0,5.48937E+20,5.39365E+21,9.66501E+15,4.8694E+16
24712,24713,8,3,26,3,2016,2,8,4,3,1,6,0,1,0,1,0,0,0,1,4.64283E+20,5.31869E+21,8.521E+15,4.80205E+16
24713,24714,8,1,16,47,2016,2,11,6,3,2,6,0,0,0,1,0,0,0,0,5.20123E+20,5.3936E+21,9.27345E+15,4.86951E+16
24714,24715,8,1,27,89,2016,2,16,1,2,9,1,1,1,0,1,0,0,0,0,5.65287E+20,5.43713E+21,9.89411E+15,4.90836E+16
24715,24716,8,1,15,3,2016,2,13,5,3,4,6,0,0,0,1,0,0,0,0,5.04079E+20,5.39122E+21,9.0554E+15,4.8674E+16
24716,24717,8,4,21,0,2016,2,13,6,3,2,6,0,1,0,1,0,0,0,0,5.72383E+20,5.3639E+21,9.97839E+15,4.84241E+16
24717,24718,8,1,17,26,2016,2,15,1,3,2,7,0,1,0,1,0,0,0,0,5.48883E+20,5.3941E+21,9.66432E+15,4.8698E+16
24718,24719,8,4,17,75,2016,2,15,5,2,4,6,0,0,0,1,0,0,0,0,5.07417E+20,5.3401E+21,9.09985E+15,4.82141E+16
24719,24720,8,1,27,76,2016,2,20,3,3,2,2,2,0,0,1,0,1,0,0,5.54169E+20,5.44243E+21,9.74256E+15,4.91323E+16
24720,24721,8,1,15,28,2016,2,3,7,2,5,3,2,1,0,1,0,0,0,0,5.00842E+20,5.40484E+21,9.01146E+15,4.87966E+16
24721,24722,8,3,17,26,2016,2,15,6,3,9,1,0,0,0,0,0,0,0,1,4.09631E+20,5.34817E+21,7.78192E+15,4.82803E+16
24722,24723,8,1,15,29,2016,2,7,4,3,5,2,2,1,0,1,0,0,0,0,4.96495E+20,5.3982E+21,8.95233E+15,4.87369E+16
24723,24724,8,3,27,49,2016,2,22,3,3,0,1,2,1,0,1,0,0,0,0,4.75214E+20,5.32255E+21,8.66737E+15,4.80558E+16
24724,24725,8,4,25,141,2016,2,10,5,3,2,6,0,0,0,1,0,0,0,0,5.64034E+20,5.36287E+21,9.8654E+15,4.84157E+16
24725,24726,8,2,26,96,2016,2,19,2,3,1,6,2,0,0,1,0,0,0,0,4.7586E+20,5.4889E+21,8.66625E+15,4.95523E+16
24726,24727,8,4,17,2,2016,2,18,6,2,1,6,1,0,0,1,0,0,0,0,4.92618E+20,5.34186E+21,8.9006E+15,4.82299E+16
24727,24728,8,3,15,39,2016,2,20,7,2,4,1,2,2,0,1,0,0,0,0,4.45265E+20,5.30551E+21,8.26764E+15,4.79006E+16
24728,24729,8,4,36,64,2016,2,7,2,3,2,6,0,1,0,1,0,0,0,0,5.45762E+20,5.29384E+21,9.61107E+15,4.77963E+16
24729,24730,8,1,16,68,2016,2,14,6,2,2,6,0,0,0,1,0,0,0,0,5.25178E+20,5.38971E+21,9.34191E+15,4.866E+16
24730,24731,8,4,35,16,2016,2,16,7,3,5,3,0,1,0,1,0,0,0,0,5.36915E+20,5.27886E+21,9.49167E+15,4.7662E+16
24731,24732,8,2,36,72,2016,2,16,5,3,5,1,0,0,0,1,0,1,0,0,4.64696E+20,5.41056E+21,8.5188E+15,4.8847E+16
24732,24733,8,1,16,49,2016,2,7,3,3,2,6,0,0,0,1,0,0,0,0,5.23054E+20,5.38504E+21,9.31281E+15,4.8618E+16
24733,24734,8,1,21,0,2016,2,15,7,3,2,2,0,1,1,1,0,0,0,0,5.1676E+20,5.44333E+21,9.2298E+15,4.91426E+16
24734,24735,8,1,17,51,2016,2,15,7,3,2,6,0,1,0,1,0,0,0,0,5.4308E+20,5.39502E+21,9.58555E+15,4.87067E+16
24735,24736,8,3,17,152,2016,2,17,6,3,2,6,2,1,0,1,0,0,0,0,4.09465E+20,5.34805E+21,7.77972E+15,4.82792E+16
24736,24737,8,1,11,0,2016,2,9,4,3,2,6,0,0,0,1,0,0,0,0,5.1521E+20,5.39442E+21,9.20672E+15,4.87026E+16
24737,24738,8,2,36,71,2016,2,10,3,2,3,6,0,0,0,1,0,0,1,0,4.69328E+20,5.4197E+21,8.58125E+15,4.89294E+16
24738,24739,8,1,36,19,2016,2,8,2,3,5,3,0,1,0,1,0,0,0,1,5.82073E+20,5.43111E+21,1.01227E+16,4.90274E+16
24739,24740,8,4,35,66,2016,2,15,2,1,4,6,0,0,0,1,0,0,1,0,5.17928E+20,5.28659E+21,9.23911E+15,4.77324E+16
24740,24741,8,2,15,9,2016,2,13,7,3,3,6,0,0,0,1,0,0,0,1,4.66805E+20,5.43952E+21,8.54517E+15,4.91076E+16
24741,24742,8,4,37,76,2016,2,5,6,3,9,1,2,2,0,1,0,0,0,0,5.24963E+20,5.3151E+21,9.33457E+15,4.79887E+16
24742,24743,8,4,15,61,2016,2,19,4,3,5,3,2,0,0,1,0,0,1,0,5.14347E+20,5.37135E+21,9.1942E+15,4.84951E+16
24743,24744,8,1,26,47,2016,2,13,6,3,5,3,0,0,0,1,0,0,0,0,5.49968E+20,5.45016E+21,9.68594E+15,4.92022E+16
24744,24745,8,3,15,6,2016,2,15,1,3,5,3,0,1,0,1,0,0,0,1,4.02299E+20,5.3052E+21,7.69296E+15,4.78927E+16
24745,24746,8,2,16,33,2016,2,6,5,2,5,2,0,0,0,1,0,0,0,0,4.4625E+20,5.41154E+21,8.26726E+15,4.88545E+16
24746,24747,8,1,11,0,2016,2,16,7,2,5,7,0,1,0,1,0,0,0,1,5.12726E+20,5.40773E+21,9.17337E+15,4.88224E+16
24747,24748,8,1,11,0,2016,2,6,2,3,2,6,1,0,0,1,0,0,0,0,5.17122E+20,5.4038E+21,9.23309E+15,4.87869E+16
24748,24749,8,3,17,57,2016,2,17,6,3,2,6,1,1,0,1,0,0,0,0,4.1289E+20,5.38097E+21,7.81903E+15,4.85758E+16
24749,24750,8,2,22,0,2016,2,16,3,3,5,2,0,0,0,1,0,0,0,1,4.63796E+20,5.4803E+21,8.50025E+15,4.94743E+16
24750,24751,8,1,25,5,2016,2,11,2,3,2,6,0,0,0,1,0,0,0,0,5.13179E+20,5.45371E+21,9.18104E+15,4.9236E+16
24751,24752,8,3,16,17,2016,2,17,2,3,2,6,1,0,0,1,0,0,0,0,4.06866E+20,5.33804E+21,7.74689E+15,4.81888E+16
24752,24753,8,4,17,13,2016,2,7,4,3,9,1,0,2,0,1,0,0,0,0,5.15512E+20,5.35224E+21,9.20926E+15,4.83232E+16
24753,24754,8,1,25,98,2016,2,18,6,3,1,6,2,0,0,1,0,0,0,1,5.18952E+20,5.43895E+21,9.25964E+15,4.91031E+16
24754,24755,8,1,18,53,2016,2,3,1,3,2,6,2,1,0,1,0,0,0,0,5.17308E+20,5.42788E+21,9.23665E+15,4.90035E+16
24755,24756,8,1,18,78,2016,2,8,5,3,5,3,0,0,0,1,0,0,0,0,5.12758E+20,5.41887E+21,9.17416E+15,4.89226E+16
24756,24757,8,4,26,120,2016,2,6,6,3,8,1,1,2,0,1,0,0,0,0,5.62967E+20,5.32379E+21,9.84516E+15,4.80643E+16
24757,24758,8,3,26,17,2016,2,14,5,3,5,3,0,0,0,1,0,0,0,0,4.41511E+20,5.32186E+21,8.21519E+15,4.80473E+16
24758,24759,8,1,15,28,2016,2,18,3,3,2,6,2,0,0,1,0,0,0,0,4.98339E+20,5.40404E+21,8.97739E+15,4.87893E+16
24759,24760,8,2,15,96,2016,2,17,2,3,4,2,0,0,0,1,0,0,0,0,4.6469E+20,5.41411E+21,8.5184E+15,4.88789E+16
24760,24761,8,1,25,102,2016,2,21,7,3,8,1,2,1,0,1,0,0,0,0,5.2596E+20,5.44534E+21,9.35607E+15,4.91603E+16
24761,24762,8,3,17,96,2016,2,8,2,3,2,6,0,1,0,1,0,0,0,0,4.21925E+20,5.36988E+21,7.94358E+15,4.84772E+16
24762,24763,8,2,31,0,2016,2,9,7,2,4,1,0,1,0,1,0,0,0,0,4.73395E+20,5.41784E+21,8.63689E+15,4.89129E+16
24763,24764,8,2,35,46,2016,2,12,4,2,2,2,0,0,0,0,0,1,0,1,4.79138E+20,5.3739E+21,8.71749E+15,4.85179E+16
24764,24765,8,3,25,69,2016,2,9,4,3,8,1,0,2,0,1,0,0,0,0,4.66485E+20,5.33725E+21,8.54908E+15,4.81876E+16
24765,24766,8,1,25,5,2016,2,10,6,3,2,6,0,0,0,1,0,0,0,0,5.15612E+20,5.45147E+21,9.21437E+15,4.92159E+16
24766,24767,8,1,11,0,2016,2,13,5,3,2,6,0,0,0,1,0,0,0,0,5.162E+20,5.40393E+21,9.22054E+15,4.87881E+16
24767,24768,8,4,17,22,2016,2,13,6,3,2,7,0,0,0,1,0,0,0,0,4.82383E+20,5.34864E+21,8.7625E+15,4.82907E+16
24768,24769,8,1,11,0,2016,2,3,1,3,3,7,2,1,0,1,0,0,0,0,5.12727E+20,5.40543E+21,9.17332E+15,4.88017E+16
24769,24770,8,3,17,75,2016,2,11,5,2,8,1,0,0,0,1,0,0,0,0,4.10828E+20,5.3613E+21,7.79527E+15,4.83985E+16
24770,24771,8,1,19,55,2016,2,23,3,3,8,1,2,0,0,1,0,0,0,0,5.43187E+20,5.40462E+21,9.58802E+15,4.87931E+16
24771,24772,8,1,26,85,2016,2,19,7,3,0,7,2,1,0,1,0,0,0,0,5.46972E+20,5.44894E+21,9.64468E+15,4.91915E+16
24772,24773,8,1,18,48,2016,2,18,7,3,6,2,2,1,0,1,1,0,0,0,5.13936E+20,5.41659E+21,9.19016E+15,4.89021E+16
24773,24774,8,3,15,68,2016,2,7,6,3,8,1,1,2,0,1,0,0,0,0,4.43861E+20,5.30393E+21,8.24907E+15,4.78863E+16
24774,24775,8,1,11,0,2016,2,15,4,3,2,6,0,0,0,1,0,0,0,0,5.13326E+20,5.40439E+21,9.18144E+15,4.87924E+16
24775,24776,8,3,25,12,2016,2,18,3,2,3,6,2,0,0,1,0,0,0,0,4.69449E+20,5.35537E+21,8.58764E+15,4.83507E+16
24776,24777,8,4,17,79,2016,2,18,5,3,2,6,1,0,0,1,0,0,0,0,5.04382E+20,5.33786E+21,9.05897E+15,4.8194E+16
24777,24778,8,2,15,101,2016,2,18,6,2,6,4,1,0,0,1,1,0,0,0,4.66222E+20,5.42778E+21,8.53818E+15,4.9002E+16
24778,24779,8,1,19,93,2016,2,15,4,3,2,6,0,0,0,1,0,0,0,0,5.23319E+20,5.40662E+21,9.31762E+15,4.88121E+16
24779,24780,8,4,17,79,2016,2,14,3,3,5,3,0,0,0,1,0,0,0,1,5.00384E+20,5.34608E+21,9.00517E+15,4.8268E+16
24780,24781,8,3,17,1,2016,2,9,4,2,3,7,0,0,0,1,0,0,0,1,4.3026E+20,5.39154E+21,8.05269E+15,4.8673E+16
24781,24782,8,4,16,25,2016,2,20,5,3,0,7,2,1,0,1,0,0,0,0,5.02936E+20,5.36064E+21,9.03967E+15,4.8399E+16
24782,24783,8,1,19,20,2016,2,16,6,3,5,3,0,0,1,1,0,0,0,0,5.19972E+20,5.40542E+21,9.27198E+15,4.88015E+16
24783,24784,8,2,35,46,2016,2,18,2,3,6,4,2,1,0,1,1,0,0,0,4.79685E+20,5.37821E+21,8.72469E+15,4.85567E+16
24784,24785,8,3,11,0,2016,2,0,6,3,2,6,2,0,0,1,0,0,0,0,4.10969E+20,5.32139E+21,7.80555E+15,4.80396E+16
24785,24786,8,3,16,17,2016,2,13,7,3,9,6,0,0,0,1,0,0,0,0,4.06806E+20,5.33876E+21,7.74593E+15,4.81952E+16
24786,24787,8,2,22,0,2016,2,5,5,3,3,6,2,0,0,1,0,0,1,0,4.62033E+20,5.48038E+21,8.47592E+15,4.94749E+16
24787,24788,8,1,16,7,2016,2,15,3,3,8,7,0,0,0,1,0,0,0,0,5.31893E+20,5.39901E+21,9.43382E+15,4.87433E+16
24788,24789,8,1,19,67,2016,2,18,7,3,1,6,2,1,0,1,0,0,0,0,5.38976E+20,5.407E+21,9.53091E+15,4.88148E+16
24789,24790,8,1,16,49,2016,2,18,7,3,2,6,2,1,0,1,0,0,0,0,5.24152E+20,5.38565E+21,9.32774E+15,4.86234E+16
24790,24791,8,2,12,0,2016,2,13,6,3,2,6,0,0,0,1,0,0,0,0,4.62458E+20,5.43184E+21,8.48634E+15,4.90383E+16
24791,24792,8,4,37,47,2016,2,10,3,3,8,7,0,0,0,1,0,0,0,0,5.20965E+20,5.3389E+21,9.28215E+15,4.8203E+16
24792,24793,8,1,16,81,2016,2,14,2,3,9,6,0,1,0,1,0,0,0,0,5.18649E+20,5.38685E+21,9.25312E+15,4.86344E+16
24793,24794,8,3,17,56,2016,2,13,6,3,5,2,0,0,0,1,0,0,0,0,4.3466E+20,5.38263E+21,8.11386E+15,4.85934E+16
24794,24795,8,2,12,0,2016,2,18,3,3,2,6,2,0,0,1,0,0,0,0,4.60898E+20,5.4238E+21,8.46577E+15,4.89659E+16
24795,24796,8,1,36,21,2016,2,7,2,3,2,6,1,1,0,1,0,0,0,1,5.77727E+20,5.40857E+21,1.0059E+16,4.88252E+16
24796,24797,8,4,25,33,2016,2,18,2,3,5,3,0,0,0,1,0,0,0,0,5.54266E+20,5.34897E+21,9.73161E+15,4.82916E+16
24797,24798,8,2,16,15,2016,2,14,2,3,5,3,0,0,0,1,0,0,0,0,4.50684E+20,5.40447E+21,8.32855E+15,4.87913E+16
24798,24799,8,2,22,0,2016,2,17,7,3,8,1,0,1,0,1,0,0,0,0,4.60147E+20,5.48924E+21,8.44899E+15,4.95545E+16
24799,24800,8,1,11,0,2016,2,20,7,3,2,6,2,1,0,1,0,0,0,0,5.15409E+20,5.40588E+21,9.20986E+15,4.88057E+16
24800,24801,8,3,17,96,2016,2,3,1,3,0,7,2,1,0,0,0,1,0,0,4.21221E+20,5.36929E+21,7.93415E+15,4.84718E+16
24801,24802,8,2,22,0,2016,2,17,5,3,2,6,0,0,0,1,0,0,0,0,4.61895E+20,5.4809E+21,8.47397E+15,4.94796E+16
24802,24803,8,1,19,6,2016,2,22,2,3,9,1,2,1,0,1,0,0,0,0,5.38669E+20,5.42141E+21,9.52809E+15,4.89444E+16
24803,24804,8,3,35,79,2016,2,14,2,3,5,3,0,0,0,1,0,0,0,0,5.01177E+20,5.30016E+21,9.01574E+15,4.78548E+16
24804,24805,8,3,35,43,2016,2,7,4,2,5,3,0,0,1,1,0,0,0,0,5.11455E+20,5.28021E+21,9.15261E+15,4.76752E+16
24805,24806,8,4,35,30,2016,2,18,6,1,6,4,2,1,0,1,1,0,0,0,5.44346E+20,5.27588E+21,9.59033E+15,4.76348E+16
24806,24807,8,4,16,23,2016,2,13,4,2,9,1,0,1,0,0,0,1,0,0,5.08234E+20,5.37257E+21,9.11148E+15,4.85062E+16
24807,24808,8,1,19,8,2016,2,12,6,3,0,7,0,0,0,0,0,0,1,0,5.30729E+20,5.42269E+21,9.41976E+15,4.89564E+16
24808,24809,8,2,15,84,2016,2,15,1,3,5,3,0,0,0,1,0,0,0,0,4.73028E+20,5.44816E+21,8.62986E+15,4.91856E+16
24809,24810,8,1,18,70,2016,2,18,5,3,2,6,2,0,0,1,0,0,0,0,5.16818E+20,5.42509E+21,9.22984E+15,4.89785E+16
24810,24811,8,4,26,21,2016,2,6,6,3,4,1,2,2,0,1,0,0,0,0,5.60279E+20,5.32424E+21,9.80916E+15,4.80686E+16
24811,24812,8,2,22,0,2016,2,15,3,2,6,2,0,0,0,1,1,0,0,1,4.64209E+20,5.48392E+21,8.50563E+15,4.95068E+16
24812,24813,8,3,15,98,2016,2,0,2,3,5,3,2,0,0,1,0,0,0,0,4.0638E+20,5.31206E+21,7.74605E+15,4.7955E+16
24813,24814,8,2,26,56,2016,2,11,7,3,2,2,0,1,0,1,0,0,0,0,4.84384E+20,5.47125E+21,8.7848E+15,4.93937E+16
24814,24815,8,3,17,1,2016,2,6,6,3,2,6,2,0,0,1,0,0,0,1,4.2782E+20,5.38667E+21,8.02041E+15,4.8629E+16
24815,24816,8,2,15,21,2016,2,16,4,3,4,2,0,0,0,1,0,0,0,0,4.69146E+20,5.44326E+21,8.57697E+15,4.91414E+16
24816,24817,8,4,37,53,2016,2,16,3,3,4,6,0,0,0,1,0,0,0,0,5.2732E+20,5.32065E+21,9.36652E+15,4.80386E+16
24817,24818,8,3,37,22,2016,2,15,4,3,2,6,0,0,0,1,0,0,0,0,4.44842E+20,5.30032E+21,8.26264E+15,4.78539E+16
24818,24819,8,4,16,48,2016,2,18,5,2,0,7,2,0,1,0,0,0,0,0,4.94005E+20,5.37667E+21,8.91877E+15,4.85431E+16
24819,24820,8,1,18,81,2016,2,20,6,3,2,6,2,0,0,1,0,0,0,0,5.19891E+20,5.41354E+21,9.27126E+15,4.88745E+16
24820,24821,8,4,35,16,2016,2,13,4,2,6,4,0,0,0,1,1,0,0,0,5.34991E+20,5.27813E+21,9.46598E+15,4.76556E+16
24821,24822,8,4,16,23,2016,2,10,6,3,5,3,0,0,0,1,0,0,0,0,5.0943E+20,5.37148E+21,9.12764E+15,4.84963E+16
24822,24823,8,4,36,3,2016,2,10,7,3,5,3,0,1,0,1,0,0,0,0,5.77714E+20,5.3036E+21,1.00394E+16,4.7881E+16
24823,24824,8,2,35,6,2016,2,0,5,2,9,7,2,0,0,1,0,0,0,0,4.74452E+20,5.37981E+21,8.65368E+15,4.85709E+16
24824,24825,8,1,18,80,2016,2,18,6,3,2,6,2,0,0,1,0,0,0,0,5.09156E+20,5.41063E+21,9.12481E+15,4.88486E+16
24825,24826,8,1,27,25,2016,2,21,1,3,8,1,2,1,0,1,0,0,0,0,5.57077E+20,5.42731E+21,9.78029E+15,4.8996E+16
24826,24827,8,1,18,7,2016,2,11,5,3,2,6,0,0,0,1,0,0,0,0,5.10666E+20,5.42733E+21,9.14582E+15,4.89988E+16
24827,24828,8,4,26,21,2016,2,6,6,3,7,1,2,2,0,1,0,0,1,0,5.61835E+20,5.32871E+21,9.83068E+15,4.81086E+16
24828,24829,8,1,19,85,2016,2,16,1,3,2,2,0,1,1,1,0,0,0,0,5.29196E+20,5.41414E+21,9.39821E+15,4.88796E+16
24829,24830,8,3,25,72,2016,2,19,5,2,5,3,2,0,0,1,0,0,0,0,4.728E+20,5.33062E+21,8.63446E+15,4.81283E+16
24830,24831,8,4,21,0,2016,2,0,3,3,8,7,2,0,0,1,0,0,0,0,5.72928E+20,5.35622E+21,9.98442E+15,4.83549E+16
24831,24832,8,1,18,54,2016,2,16,7,3,2,3,0,1,0,1,0,0,0,1,5.16146E+20,5.42293E+21,9.22057E+15,4.89591E+16
24832,24833,8,2,37,19,2016,2,18,6,2,4,2,2,1,0,1,0,0,0,0,4.61704E+20,5.36977E+21,8.48179E+15,4.84799E+16
24833,24834,8,1,18,79,2016,2,16,4,3,1,6,0,0,0,1,0,0,0,0,5.09976E+20,5.422E+21,9.13626E+15,4.89509E+16
24834,24835,8,3,37,106,2016,2,14,3,2,4,7,0,0,0,1,0,0,1,0,4.59634E+20,5.28908E+21,8.46142E+15,4.77538E+16
24835,24836,8,4,15,48,2016,2,18,5,2,4,6,1,0,0,1,0,0,0,0,5.39033E+20,5.35725E+21,9.52702E+15,4.83673E+16
24836,24837,8,2,26,95,2016,2,7,2,3,4,2,0,0,0,1,0,0,0,0,4.74322E+20,5.46052E+21,8.64682E+15,4.92968E+16
24837,24838,8,4,17,13,2016,2,16,6,2,4,6,0,0,0,1,0,0,1,0,5.08331E+20,5.35157E+21,9.11237E+15,4.83172E+16
24838,24839,8,3,25,64,2016,2,14,7,1,4,1,0,1,0,1,0,0,0,0,4.76388E+20,5.33276E+21,8.68256E+15,4.81476E+16
24839,24840,8,4,35,35,2016,2,7,2,2,0,3,1,1,1,0,0,0,0,0,5.4258E+20,5.28336E+21,9.56756E+15,4.77022E+16
24840,24841,8,1,15,28,2016,2,20,7,3,5,2,2,1,0,1,0,0,0,0,5.0121E+20,5.40548E+21,9.01648E+15,4.88023E+16
24841,24842,8,1,18,48,2016,2,17,3,3,6,2,0,0,0,1,1,0,0,0,5.12327E+20,5.41526E+21,9.16817E+15,4.88902E+16
24842,24843,8,1,25,65,2016,2,22,7,3,5,3,2,1,0,1,0,0,0,0,5.16165E+20,5.44898E+21,9.22187E+15,4.91934E+16
24843,24844,8,1,17,12,2016,2,16,7,3,5,3,0,1,0,1,0,0,0,0,5.46385E+20,5.38769E+21,9.62966E+15,4.86405E+16
24844,24845,8,2,35,8,2016,2,17,6,3,8,1,2,1,0,1,0,0,0,0,4.77557E+20,5.40308E+21,8.6945E+15,4.87803E+16
24845,24846,8,1,11,0,2016,2,17,4,3,2,6,0,0,0,1,0,0,0,0,5.10551E+20,5.40908E+21,9.14377E+15,4.88347E+16
24846,24847,8,2,26,95,2016,2,2,3,3,9,1,2,0,0,0,0,0,1,0,4.72548E+20,5.45875E+21,8.62256E+15,4.92809E+16
24847,24848,8,1,17,31,2016,2,14,2,3,8,1,0,1,0,1,0,0,0,0,5.48328E+20,5.37594E+21,9.65466E+15,4.85347E+16
24848,24849,8,4,35,16,2016,2,14,2,3,5,3,0,1,0,1,0,1,0,0,5.38918E+20,5.27956E+21,9.5184E+15,4.76682E+16
24849,24850,8,2,15,100,2016,2,11,7,3,2,6,0,1,0,1,0,0,0,0,4.70964E+20,5.45123E+21,8.60132E+15,4.92132E+16
24850,24851,8,4,37,56,2016,2,15,6,3,8,1,0,0,0,1,0,0,0,0,5.27129E+20,5.30058E+21,9.36268E+15,4.7858E+16
24851,24852,8,4,17,2,2016,2,18,4,3,2,6,0,1,0,1,0,0,0,0,4.89564E+20,5.3479E+21,8.85932E+15,4.82842E+16
24852,24853,8,1,18,79,2016,2,15,6,3,2,6,0,0,0,1,0,0,0,0,5.09634E+20,5.42271E+21,9.13161E+15,4.89572E+16
24853,24854,8,3,16,9,2016,2,0,1,2,0,1,2,1,0,1,0,0,0,0,4.15911E+20,5.32339E+21,7.87145E+15,4.80582E+16
24854,24855,8,2,15,46,2016,2,21,5,3,9,3,2,0,0,1,0,0,0,1,4.52596E+20,5.41876E+21,8.35292E+15,4.89199E+16
24855,24856,8,1,18,11,2016,2,7,2,2,2,6,0,1,0,1,0,1,0,0,5.05334E+20,5.40782E+21,9.07267E+15,4.88234E+16
24856,24857,8,1,15,3,2016,2,14,2,3,1,6,0,0,0,1,0,0,0,0,4.95931E+20,5.39293E+21,8.94471E+15,4.86894E+16
24857,24858,8,2,36,4,2016,2,14,3,3,5,3,0,0,0,1,0,0,0,1,4.73229E+20,5.41583E+21,8.63476E+15,4.88948E+16
24858,24859,8,1,26,47,2016,2,14,2,3,2,6,0,1,0,1,0,0,0,0,5.49915E+20,5.45408E+21,9.68571E+15,4.92375E+16
24859,24860,8,4,16,41,2016,2,19,2,3,2,6,2,1,0,1,0,0,0,0,5.04553E+20,5.37368E+21,9.06165E+15,4.85162E+16
24860,24861,8,4,37,101,2016,2,8,6,3,6,7,0,2,0,1,1,0,0,0,5.22115E+20,5.32461E+21,9.29689E+15,4.80744E+16
24861,24862,8,4,15,73,2016,2,9,4,3,2,2,0,1,0,1,0,0,0,1,5.18659E+20,5.35605E+21,9.25188E+15,4.83573E+16
24862,24863,8,1,16,35,2016,2,13,6,2,2,6,0,0,0,0,0,0,1,1,5.27319E+20,5.39182E+21,9.37113E+15,4.86788E+16
24863,24864,8,2,25,58,2016,2,17,1,3,5,1,1,1,0,0,0,1,0,0,5.09882E+20,5.46609E+21,9.13605E+15,4.93475E+16
24864,24865,8,1,19,3,2016,2,18,5,3,2,6,0,0,0,1,0,0,0,0,5.33571E+20,5.41931E+21,9.4583E+15,4.89258E+16
24865,24866,8,4,26,21,2016,2,6,6,3,8,1,2,2,0,1,0,0,0,0,5.61825E+20,5.32869E+21,9.83055E+15,4.81084E+16
24866,24867,8,1,15,13,2016,2,8,3,3,2,6,1,1,0,1,0,0,1,0,4.97311E+20,5.3906E+21,8.96348E+15,4.86685E+16
24867,24868,8,2,26,85,2016,2,7,2,3,2,6,0,0,0,1,0,0,0,1,4.90764E+20,5.45463E+21,8.87311E+15,4.92443E+16
24868,24869,8,2,15,9,2016,2,2,7,3,8,1,2,1,0,0,0,1,0,0,4.69308E+20,5.44245E+21,8.57925E+15,4.91341E+16
24869,24870,8,2,35,50,2016,2,5,6,3,8,1,2,2,0,0,0,0,0,1,4.70752E+20,5.38733E+21,8.60299E+15,4.86383E+16
24870,24871,8,1,36,65,2016,2,20,4,1,6,4,2,0,0,1,1,0,0,0,5.61412E+20,5.40384E+21,9.83602E+15,4.87845E+16
24871,24872,8,3,27,46,2016,2,18,2,3,6,2,2,1,0,1,1,0,0,0,4.80099E+20,5.32524E+21,8.7328E+15,4.80801E+16
24872,24873,8,2,35,80,2016,2,20,7,3,6,4,2,1,0,1,1,0,0,0,4.8119E+20,5.38583E+21,8.74475E+15,4.86252E+16
24873,24874,8,2,37,4,2016,2,13,4,3,4,2,0,1,0,1,0,0,0,0,4.53515E+20,5.37307E+21,8.37062E+15,4.8509E+16
24874,24875,8,3,25,14,2016,2,9,4,3,8,1,0,2,0,1,0,0,0,0,4.63581E+20,5.34119E+21,8.50967E+15,4.82229E+16
24875,24876,8,1,16,79,2016,2,13,6,2,4,1,0,0,0,1,0,0,1,0,5.38843E+20,5.37583E+21,9.52618E+15,4.85343E+16
24876,24877,8,1,11,0,2016,2,18,5,3,3,6,2,0,0,1,0,1,0,0,5.10236E+20,5.4001E+21,9.13927E+15,4.87538E+16
24877,24878,8,4,17,13,2016,2,7,6,3,2,2,0,2,0,1,0,0,0,1,5.09378E+20,5.34856E+21,9.12643E+15,4.82902E+16
24878,24879,8,1,16,70,2016,2,15,1,3,0,7,0,1,1,0,0,0,0,0,5.3807E+20,5.38463E+21,9.51651E+15,4.86136E+16