FID,OBJECTID,ULAND,UREGBEZ,UKREIS,UGEMEINDE,UJAHR,UMONAT,USTUNDE,UWOCHENTAG,UKATEGORIE,UART,UTYP1,ULICHTVERH,IstStrasse,IstRad,IstPKW,IstFuss,IstKrad,IstGkfz,IstSonstig,LINREFX,LINREFY,XGCSWGS84,YGCSWGS84
24879,24880,8,3,17,65,2016,2,17,5,3,0,5,0,0,1,1,0,0,0,0,4.17148E+20,5.35482E+21,7.88191E+15,4.83412E+16
24880,24881,8,1,26,58,2016,2,7,3,3,5,2,1,0,0,1,0,0,0,0,5.42846E+20,5.45168E+21,9.58834E+15,4.92164E+16
24881,24882,8,1,28,115,2016,2,23,7,3,9,1,2,1,0,1,0,0,0,1,5.49417E+20,5.49471E+21,9.68392E+15,4.96029E+16
24882,24883,8,2,26,84,2016,2,7,6,3,5,2,0,1,0,1,0,1,0,0,4.68114E+20,5.47221E+21,8.56051E+15,4.94017E+16
24883,24884,8,1,15,24,2016,2,14,4,3,2,6,0,0,0,1,0,0,0,0,5.00561E+20,5.38774E+21,9.00761E+15,4.86427E+16
24884,24885,8,3,25,15,2016,2,6,3,3,9,1,2,1,0,1,0,0,0,0,4.70707E+20,5.34566E+21,8.60529E+15,4.82635E+16
24885,24886,8,4,15,61,2016,2,6,5,3,6,2,2,0,0,1,1,0,0,0,5.13007E+20,5.3718E+21,9.17608E+15,4.84992E+16
24886,24887,8,2,21,0,2016,2,14,2,3,4,6,0,1,0,1,0,0,0,0,4.77324E+20,5.46925E+21,8.68762E+15,4.93756E+16
24887,24888,8,3,27,51,2016,2,5,6,1,4,1,2,2,0,1,0,0,0,0,4.83459E+20,5.33208E+21,8.77764E+15,4.81418E+16
24888,24889,8,4,36,83,2016,2,6,3,2,6,4,2,0,0,1,1,0,0,0,5.31816E+20,5.30056E+21,9.42534E+15,4.78576E+16
24889,24890,8,3,15,20,2016,2,18,4,1,4,6,2,0,0,1,0,0,1,0,4.24745E+20,5.31164E+21,7.99205E+15,4.79537E+16
24890,24891,8,3,37,126,2016,2,16,5,3,6,7,0,0,0,1,1,0,0,0,4.42295E+20,5.27314E+21,8.23221E+15,4.76091E+16
24891,24892,8,1,11,0,2016,2,16,6,3,5,3,0,0,0,1,0,0,0,1,5.13094E+20,5.4021E+21,9.17821E+15,4.87718E+16
24892,24893,8,4,35,52,2016,2,17,4,2,4,6,1,0,0,1,0,0,0,0,5.22315E+20,5.28643E+21,9.2976E+15,4.77309E+16
24893,24894,8,4,15,61,2016,2,19,6,3,2,6,2,1,0,1,0,0,0,0,5.16696E+20,5.37249E+21,9.22604E+15,4.85053E+16
24894,24895,8,4,25,33,2016,2,19,7,3,2,6,2,1,0,1,0,0,0,0,5.53715E+20,5.34584E+21,9.72377E+15,4.82635E+16
24895,24896,8,2,36,40,2016,2,6,5,3,2,6,2,0,0,1,0,0,0,0,4.89935E+20,5.42426E+21,8.86248E+15,4.89711E+16
24896,24897,8,1,16,19,2016,2,18,3,3,2,6,2,0,0,1,0,0,0,0,5.23095E+20,5.39871E+21,9.31413E+15,4.8741E+16
24897,24898,8,1,19,67,2016,2,12,7,3,5,3,0,1,0,1,0,0,0,0,5.39043E+20,5.40635E+21,9.53176E+15,4.88089E+16
24898,24899,8,1,17,19,2016,2,11,7,3,4,1,0,0,0,1,0,0,0,0,5.54372E+20,5.39698E+21,9.73929E+15,4.87235E+16
24899,24900,8,2,25,14,2016,2,15,6,3,4,1,0,0,0,1,0,0,0,0,5.23718E+20,5.48546E+21,9.3277E+15,4.95213E+16
24900,24901,8,1,11,0,2016,2,6,4,3,5,3,2,0,1,1,0,0,0,0,5.15733E+20,5.40541E+21,9.21425E+15,4.88015E+16
24901,24902,8,1,18,79,2016,2,6,2,3,1,6,0,1,0,1,0,0,0,0,5.10241E+20,5.42068E+21,9.13985E+15,4.8939E+16
24902,24903,8,2,12,0,2016,2,17,3,3,0,7,2,0,0,0,0,1,0,0,4.6063E+20,5.42563E+21,8.46193E+15,4.89824E+16
24903,24904,8,1,36,45,2016,2,7,2,3,5,3,0,0,0,1,0,0,0,1,5.9192E+20,5.40582E+21,1.02517E+16,4.87986E+16
24904,24905,8,4,26,97,2016,2,18,2,3,5,3,0,0,0,1,0,0,0,0,5.35108E+20,5.33385E+21,9.47208E+15,4.81569E+16
24905,24906,8,4,37,100,2016,2,5,6,3,4,1,2,2,0,1,0,0,0,0,5.43865E+20,5.31756E+21,9.58815E+15,4.80098E+16
24906,24907,8,2,26,65,2016,2,0,7,3,3,6,2,0,0,1,0,0,1,1,4.78136E+20,5.45823E+21,8.6994E+15,4.92764E+16
24907,24908,8,1,11,0,2016,2,18,7,2,5,3,2,1,0,1,0,0,0,1,5.07045E+20,5.40783E+21,9.09598E+15,4.88234E+16
24908,24909,8,2,26,28,2016,2,18,6,3,2,6,2,1,0,1,0,0,0,0,4.71261E+20,5.48363E+21,8.60306E+15,4.95046E+16
24909,24910,8,1,11,0,2016,2,13,2,3,5,7,0,0,0,1,0,1,0,0,5.13203E+20,5.4023E+21,9.1797E+15,4.87735E+16
24910,24911,8,1,19,79,2016,2,13,2,3,2,6,0,1,0,1,0,0,0,0,5.22277E+20,5.40926E+21,9.30357E+15,4.88359E+16
24911,24912,8,3,37,66,2016,2,12,2,2,5,3,0,1,0,1,0,0,0,0,4.30862E+20,5.27099E+21,8.08045E+15,4.75887E+16
24912,24913,8,3,37,126,2016,2,15,4,3,5,3,0,0,0,1,0,0,1,0,4.44846E+20,5.27524E+21,8.26589E+15,4.76282E+16
24913,24914,8,1,11,0,2016,2,14,6,2,5,3,0,0,0,1,0,1,0,0,5.13386E+20,5.4046E+21,9.18227E+15,4.87943E+16
24914,24915,8,1,18,53,2016,2,18,1,3,9,6,2,0,0,1,0,0,0,0,5.17223E+20,5.42777E+21,9.23548E+15,4.90026E+16
24915,24916,8,1,18,79,2016,2,15,5,3,2,6,0,0,0,1,0,0,0,0,5.06714E+20,5.4226E+21,9.09171E+15,4.89563E+16
24916,24917,8,4,26,21,2016,2,6,6,2,7,1,2,2,0,1,0,0,0,0,5.61829E+20,5.32869E+21,9.8306E+15,4.81085E+16
24917,24918,8,4,15,93,2016,2,7,4,2,4,1,0,2,0,1,0,0,0,0,5.23888E+20,5.37026E+21,9.32328E+15,4.8485E+16
24918,24919,8,4,36,82,2016,2,11,5,3,9,1,0,0,0,1,0,0,0,0,5.50099E+20,5.2952E+21,9.66914E+15,4.78082E+16
24919,24920,8,2,22,0,2016,2,19,1,3,3,6,2,0,0,1,0,0,0,0,4.66673E+20,5.47628E+21,8.54031E+15,4.94383E+16
24920,24921,8,4,25,71,2016,2,17,5,3,2,3,1,0,0,1,0,0,0,0,5.50598E+20,5.36983E+21,9.68467E+15,4.84796E+16
24921,24922,8,2,22,0,2016,2,8,3,3,5,3,0,0,1,1,0,0,0,0,4.64681E+20,5.48191E+21,8.51233E+15,4.94888E+16
24922,24923,8,3,17,146,2016,2,17,2,3,4,2,2,0,0,0,0,1,0,1,4.32806E+20,5.35631E+21,8.09296E+15,4.83564E+16
24923,24924,8,2,31,0,2016,2,12,7,3,2,6,0,1,0,1,0,0,0,1,4.75456E+20,5.4151E+21,8.66518E+15,4.88884E+16
24924,24925,8,2,16,15,2016,2,6,4,3,1,6,2,0,0,1,0,0,0,0,4.50031E+20,5.40541E+21,8.31955E+15,4.87997E+16
24925,24926,8,4,35,35,2016,2,16,3,3,2,2,0,0,0,1,0,0,0,0,5.40606E+20,5.2798E+21,9.54091E+15,4.76703E+16
24926,24927,8,3,25,45,2016,2,8,4,2,9,1,0,2,0,1,0,0,0,0,4.65236E+20,5.35176E+21,8.53108E+15,4.83181E+16
24927,24928,8,4,35,34,2016,2,16,5,3,2,6,0,0,0,1,0,0,0,0,5.28881E+20,5.28526E+21,9.38509E+15,4.77201E+16
24928,24929,8,4,37,65,2016,2,15,4,3,6,4,0,1,0,1,1,0,0,0,5.14782E+20,5.31689E+21,9.19819E+15,4.80051E+16
24929,24930,8,4,17,22,2016,2,13,6,3,2,6,0,0,0,1,0,0,0,0,4.82421E+20,5.34866E+21,8.76301E+15,4.82909E+16
24930,24931,8,1,11,0,2016,2,8,1,3,8,1,0,1,0,1,0,0,0,0,5.08693E+20,5.40133E+21,9.1183E+15,4.87649E+16
24931,24932,8,2,36,46,2016,2,15,5,3,2,6,0,0,0,1,0,0,0,0,4.84033E+20,5.41626E+21,8.78214E+15,4.88991E+16
24932,24933,8,1,19,4,2016,2,23,3,2,9,1,2,0,0,1,0,0,0,0,5.41959E+20,5.41721E+21,9.57259E+15,4.89064E+16
24933,24934,8,1,26,94,2016,2,10,7,3,5,3,0,1,0,1,0,0,0,0,5.38109E+20,5.4556E+21,9.52368E+15,4.9252E+16
24934,24935,8,1,15,21,2016,2,16,7,2,6,7,0,0,0,1,1,0,0,0,4.89983E+20,5.38252E+21,8.86415E+15,4.85957E+16
24935,24936,8,2,16,43,2016,2,19,6,3,9,1,2,1,0,1,0,0,0,0,4.39676E+20,5.4095E+21,8.17795E+15,4.88355E+16
24936,24937,8,1,21,0,2016,2,3,1,3,9,1,2,1,0,1,0,0,0,0,5.10432E+20,5.44897E+21,9.14318E+15,4.91934E+16
24937,24938,8,3,25,69,2016,2,10,5,2,9,1,0,1,0,1,0,0,0,0,4.66119E+20,5.3345E+21,8.54436E+15,4.81628E+16
24938,24939,8,1,35,16,2016,2,6,3,3,4,2,2,0,0,1,0,0,0,0,5.91062E+20,5.38613E+21,1.02357E+16,4.86216E+16
24939,24940,8,2,15,90,2016,2,19,2,3,2,1,2,0,0,1,0,0,1,1,4.65405E+20,5.43706E+21,8.5262E+15,4.90854E+16
24940,24941,8,1,15,42,2016,2,21,7,3,9,1,2,1,0,1,0,0,0,0,4.91953E+20,5.40782E+21,8.89037E+15,4.88233E+16
24941,24942,8,1,17,31,2016,2,13,6,3,2,6,0,0,0,1,0,0,0,0,5.47807E+20,5.37698E+21,9.64772E+15,4.85441E+16
24942,24943,8,1,18,67,2016,2,12,4,3,4,6,0,0,0,1,0,0,0,0,5.07093E+20,5.41275E+21,9.09672E+15,4.88677E+16
24943,24944,8,3,37,2,2016,2,7,3,3,5,3,0,0,0,1,0,0,0,0,4.35979E+20,5.275E+21,8.1479E+15,4.76252E+16
24944,24945,8,3,35,35,2016,2,14,5,3,8,1,0,0,0,1,0,0,0,0,4.84122E+20,5.28817E+21,8.78818E+15,4.77467E+16
24945,24946,8,4,26,70,2016,2,18,5,3,1,6,2,0,0,1,0,0,0,0,5.65349E+20,5.34257E+21,9.88002E+15,4.8233E+16
24946,24947,8,2,31,0,2016,2,13,2,3,5,2,0,0,0,1,0,0,0,0,4.78137E+20,5.41607E+21,8.7017E+15,4.88972E+16
24947,24948,8,3,35,75,2016,2,17,6,3,5,2,0,0,1,1,0,0,0,0,4.88602E+20,5.28806E+21,8.84795E+15,4.77458E+16
24948,24949,8,3,25,64,2016,2,16,7,3,5,3,0,1,0,1,0,0,0,0,4.77279E+20,5.33304E+21,8.69452E+15,4.81502E+16
24949,24950,8,1,16,78,2016,2,17,3,3,0,6,1,0,0,1,0,0,0,1,5.11104E+20,5.3931E+21,9.15088E+15,4.86908E+16
24950,24951,8,1,16,77,2016,2,13,7,3,5,3,0,1,0,1,0,0,0,0,5.18174E+20,5.38845E+21,9.24674E+15,4.86489E+16
24951,24952,8,4,25,79,2016,2,16,6,3,5,3,0,0,0,1,0,0,0,0,5.55107E+20,5.3736E+21,9.74618E+15,4.85131E+16
24952,24953,8,4,36,55,2016,2,15,3,3,2,6,0,1,0,1,0,0,0,1,5.76463E+20,5.29759E+21,1.00216E+16,4.78271E+16
24953,24954,8,1,16,42,2016,2,8,2,3,6,7,0,1,0,1,1,0,0,0,5.1752E+20,5.38207E+21,9.23759E+15,4.85914E+16
24954,24955,8,2,31,0,2016,2,12,3,3,3,6,0,0,0,1,0,0,0,0,4.74271E+20,5.41723E+21,8.64888E+15,4.89075E+16
24955,24956,8,1,27,71,2016,2,13,2,3,8,1,0,0,0,0,0,0,1,0,5.77255E+20,5.45745E+21,1.00619E+16,4.9265E+16
24956,24957,8,1,11,0,2016,2,17,4,3,2,6,1,0,0,1,0,0,0,0,5.16701E+20,5.407E+21,9.22749E+15,4.88157E+16
24957,24958,8,3,17,96,2016,2,19,3,3,5,3,2,0,1,1,0,0,0,0,4.21941E+20,5.36985E+21,7.94378E+15,4.8477E+16
24958,24959,8,1,25,65,2016,2,7,2,3,2,6,1,0,0,1,0,0,1,0,5.1728E+20,5.44721E+21,9.2371E+15,4.91775E+16
24959,24960,8,2,21,0,2016,2,1,7,3,2,6,2,0,0,1,0,0,0,0,4.73744E+20,5.4715E+21,8.63815E+15,4.93957E+16
24960,24961,8,4,37,101,2016,2,6,6,3,8,1,2,2,0,1,0,0,0,0,5.22747E+20,5.32414E+21,9.30536E+15,4.80702E+16
24961,24962,8,4,25,33,2016,2,5,4,3,5,3,2,1,0,1,0,1,0,0,5.53077E+20,5.34874E+21,9.71555E+15,4.82896E+16
24962,24963,8,3,17,26,2016,2,10,1,3,5,3,0,1,0,1,0,0,0,0,4.09905E+20,5.34761E+21,7.78574E+15,4.82752E+16
24963,24964,8,2,21,0,2016,2,15,5,3,2,6,0,0,0,1,0,0,1,0,4.74814E+20,5.46992E+21,8.653E+15,4.93815E+16
24964,24965,8,1,18,48,2016,2,5,2,2,5,3,2,1,1,1,0,0,0,0,5.14268E+20,5.41463E+21,9.19462E+15,4.88845E+16
24965,24966,8,3,35,43,2016,2,8,2,3,3,7,0,0,0,1,0,0,0,0,5.12481E+20,5.27984E+21,9.16626E+15,4.76718E+16
24966,24967,8,2,12,0,2016,2,10,7,3,5,3,0,1,1,1,0,0,0,0,4.56439E+20,5.42456E+21,8.40476E+15,4.89724E+16
24967,24968,8,4,16,31,2016,2,9,2,3,5,3,0,1,0,1,0,0,0,0,5.01911E+20,5.36302E+21,9.02583E+15,4.84203E+16
24968,24969,8,4,37,8,2016,2,10,6,3,8,1,0,1,0,1,0,0,0,0,5.19765E+20,5.33554E+21,9.26585E+15,4.81728E+16
24969,24970,8,4,15,19,2016,2,7,4,3,4,1,0,2,0,1,0,0,0,0,5.21913E+20,5.37047E+21,9.29656E+15,4.84869E+16
24970,24971,8,4,26,38,2016,2,6,5,3,5,3,2,1,0,1,0,1,0,0,5.58253E+20,5.3149E+21,9.7807E+15,4.79847E+16
24971,24972,8,2,26,85,2016,2,10,1,3,9,1,0,0,0,1,0,0,0,0,4.88482E+20,5.45758E+21,8.84166E+15,4.92709E+16
24972,24973,8,1,35,20,2016,2,18,5,3,5,3,2,0,0,1,0,0,0,0,5.83913E+20,5.38353E+21,1.01382E+16,4.85992E+16
24973,24974,8,4,26,21,2016,2,16,6,2,5,3,0,0,0,1,0,0,0,0,5.57843E+20,5.32919E+21,9.77713E+15,4.81134E+16
24974,24975,8,2,15,7,2016,2,20,3,2,6,2,2,0,0,1,1,0,0,0,4.78555E+20,5.43136E+21,8.7066E+15,4.90347E+16
24975,24976,8,2,26,84,2016,2,14,2,2,3,6,0,1,0,1,0,0,0,1,4.67134E+20,5.47284E+21,8.54695E+15,4.94074E+16
24976,24977,8,2,26,41,2016,2,18,7,2,6,4,2,1,0,1,1,0,0,0,4.7741E+20,5.46641E+21,8.68896E+15,4.935E+16
24977,24978,8,1,15,21,2016,2,13,6,3,2,6,0,0,0,1,0,0,0,0,4.92486E+20,5.38158E+21,8.89811E+15,4.85873E+16
24978,24979,8,1,21,0,2016,2,18,4,3,2,6,2,0,0,1,0,0,0,1,5.1131E+20,5.44839E+21,9.15522E+15,4.91882E+16
24979,24980,8,4,37,59,2016,2,11,3,2,4,6,0,0,0,1,0,0,1,0,5.1047E+20,5.32219E+21,9.1405E+15,4.80529E+16
24980,24981,8,3,15,13,2016,2,7,4,3,2,6,0,0,0,1,0,0,0,0,4.04926E+20,5.32351E+21,7.72404E+15,4.80578E+16
24981,24982,8,3,35,22,2016,2,5,5,3,6,4,2,0,0,1,1,0,0,0,4.83013E+20,5.30052E+21,8.7729E+15,4.78578E+16
24982,24983,8,4,35,59,2016,2,12,4,3,2,6,0,0,0,1,0,0,0,0,5.13892E+20,5.29135E+21,9.18542E+15,4.77754E+16
24983,24984,8,2,12,0,2016,2,12,6,2,6,4,0,1,0,1,1,0,0,0,4.52759E+20,5.42955E+21,8.3539E+15,4.9017E+16
24984,24985,8,3,16,51,2016,2,15,2,3,5,3,0,0,0,1,0,0,0,0,4.01571E+20,5.33862E+21,7.67553E+15,4.81932E+16
24985,24986,8,1,25,94,2016,2,10,2,3,2,6,0,0,0,1,0,0,0,0,5.13967E+20,5.43717E+21,9.19128E+15,4.90872E+16
24986,24987,8,1,17,10,2016,2,10,6,1,5,3,0,1,0,1,0,0,1,0,5.63303E+20,5.39189E+21,9.85993E+15,4.86768E+16
24987,24988,8,1,18,54,2016,2,5,2,2,0,6,1,0,0,1,0,0,0,0,5.16146E+20,5.42293E+21,9.22056E+15,4.89591E+16
24988,24989,8,2,26,103,2016,2,17,3,3,2,6,1,0,0,1,0,0,1,0,4.71751E+20,5.45736E+21,8.61169E+15,4.92683E+16
24989,24990,8,3,16,17,2016,2,21,3,3,2,6,2,1,0,1,0,0,0,1,4.07053E+20,5.34195E+21,7.74856E+15,4.82239E+16
24990,24991,8,2,16,43,2016,2,12,1,2,5,3,0,0,0,1,0,0,0,0,4.43978E+20,5.40714E+21,8.2369E+15,4.88147E+16
24991,24992,8,2,37,28,2016,2,9,7,3,9,1,0,2,0,1,0,0,0,0,4.5898E+20,5.3677E+21,8.44513E+15,4.84611E+16
24992,24993,8,2,26,107,2016,2,18,6,2,6,7,2,0,0,1,1,0,0,0,4.75111E+20,5.48441E+21,8.65618E+15,4.95118E+16
24993,24994,8,2,25,117,2016,2,12,7,2,4,6,0,1,0,1,0,0,0,0,5.17278E+20,5.47303E+21,9.23819E+15,4.94097E+16
24994,24995,8,4,37,104,2016,2,8,6,2,8,1,0,0,0,1,0,0,0,0,5.15859E+20,5.33028E+21,9.21312E+15,4.81256E+16
24995,24996,8,4,36,55,2016,2,10,5,3,5,3,0,0,0,1,0,0,0,0,5.76323E+20,5.29822E+21,1.00199E+16,4.78328E+16
24996,24997,8,2,16,33,2016,2,19,3,2,5,2,2,1,0,1,0,0,0,0,4.46212E+20,5.41148E+21,8.26676E+15,4.8854E+16
24997,24998,8,1,36,65,2016,2,20,4,2,8,1,2,0,0,1,0,0,0,0,5.55004E+20,5.40604E+21,9.74909E+15,4.88049E+16
24998,24999,8,3,17,141,2016,2,18,1,3,5,2,2,0,0,1,0,0,0,0,4.20197E+20,5.37643E+21,7.91894E+15,4.85359E+16
24999,25000,8,3,17,11,2016,2,9,4,3,2,6,0,0,0,1,0,0,0,0,4.28123E+20,5.35307E+21,8.0303E+15,4.83267E+16
25000,25001,8,2,26,96,2016,2,8,3,3,2,7,0,1,0,1,0,0,0,1,4.74856E+20,5.49035E+21,8.65228E+15,4.95652E+16
25001,25002,8,4,37,107,2016,2,9,7,3,8,1,0,2,0,1,0,0,0,0,5.06635E+20,5.33185E+21,9.08919E+15,4.81399E+16
25002,25003,8,1,11,0,2016,2,8,2,3,3,6,0,0,0,1,0,0,0,1,5.18281E+20,5.4031E+21,9.24885E+15,4.87806E+16
25003,25004,8,3,35,75,2016,2,17,4,3,2,6,0,0,0,1,0,0,0,0,4.86846E+20,5.29142E+21,8.82443E+15,4.7776E+16
25004,25005,8,2,12,0,2016,2,6,3,3,2,7,2,1,0,1,0,0,0,0,4.54753E+20,5.42676E+21,8.38148E+15,4.89921E+16
25005,25006,8,3,17,121,2016,2,10,3,3,5,3,0,1,0,1,0,0,0,0,4.20623E+20,5.34103E+21,7.9314E+15,4.82176E+16
25006,25007,8,1,27,9,2016,2,15,1,3,3,6,0,0,0,1,0,0,0,0,5.53524E+20,5.44838E+21,9.73452E+15,4.91859E+16
25007,25008,8,2,16,33,2016,2,21,7,3,5,3,2,1,0,1,0,0,0,0,4.46628E+20,5.41413E+21,8.27208E+15,4.88778E+16
25008,25009,8,1,16,78,2016,2,7,3,3,5,3,0,1,0,1,0,0,0,1,5.12287E+20,5.3938E+21,9.16698E+15,4.86971E+16
25009,25010,8,2,22,0,2016,2,7,6,2,3,6,0,0,0,0,0,1,0,1,4.62374E+20,5.48201E+21,8.48047E+15,4.94895E+16
25010,25011,8,1,25,39,2016,2,21,7,2,8,7,2,1,0,1,0,0,0,0,5.16287E+20,5.45824E+21,9.22391E+15,4.92767E+16
25011,25012,8,4,15,61,2016,2,15,6,3,2,6,0,1,0,1,0,0,0,0,5.14296E+20,5.37118E+21,9.1935E+15,4.84936E+16
25012,25013,8,1,18,80,2016,2,17,3,3,2,6,1,1,0,1,0,0,0,0,5.09152E+20,5.41161E+21,9.12477E+15,4.88574E+16
25013,25014,8,1,25,68,2016,2,16,4,3,8,1,0,0,0,1,0,0,0,0,5.18886E+20,5.45873E+21,9.25968E+15,4.9281E+16
25014,25015,8,4,35,57,2016,2,15,7,3,5,3,0,1,0,1,0,0,0,0,5.44569E+20,5.27885E+21,9.5936E+15,4.76615E+16
25015,25016,8,3,15,73,2016,2,9,4,3,5,3,0,0,1,1,0,0,0,0,4.12539E+20,5.31356E+21,7.82821E+15,4.79694E+16
25016,25017,8,2,22,0,2016,2,15,3,3,5,2,0,1,0,1,0,0,0,0,4.6712E+20,5.48119E+21,8.54607E+15,4.94825E+16
25017,25018,8,4,36,9,2016,2,16,2,2,8,1,0,0,0,1,0,0,0,0,5.49837E+20,5.31178E+21,9.66755E+15,4.79574E+16
25018,25019,8,3,11,0,2016,2,15,6,3,2,6,0,1,0,1,0,0,0,0,4.12442E+20,5.31849E+21,7.82591E+15,4.80137E+16
25019,25020,8,3,37,116,2016,2,13,2,2,5,3,0,0,1,1,0,0,0,0,4.1815E+20,5.27376E+21,7.91089E+15,4.76121E+16
25020,25021,8,1,25,74,2016,2,10,2,2,4,1,0,0,0,1,0,0,0,0,5.09554E+20,5.44012E+21,9.13092E+15,4.91139E+16
25021,25022,8,1,28,115,2016,2,14,6,3,2,6,0,0,0,1,0,0,0,0,5.48054E+20,5.49786E+21,9.66544E+15,4.96314E+16
25022,25023,8,1,11,0,2016,2,5,3,3,2,6,2,1,0,1,0,0,0,0,5.17154E+20,5.40339E+21,9.23351E+15,4.87833E+16
25023,25024,8,2,22,0,2016,2,16,2,3,2,6,0,0,0,1,0,0,0,0,4.68942E+20,5.4777E+21,8.5715E+15,4.94512E+16
25024,25025,8,2,26,96,2016,2,7,6,3,5,3,1,0,1,1,0,0,0,0,4.76121E+20,5.48933E+21,8.66984E+15,4.95561E+16
25025,25026,8,3,26,3,2016,2,7,6,3,4,2,1,1,0,1,0,0,0,0,4.65127E+20,5.31735E+21,8.53242E+15,4.80085E+16
25026,25027,8,1,25,5,2016,2,8,3,3,1,6,0,1,0,1,0,0,0,0,5.13172E+20,5.45371E+21,9.18095E+15,4.9236E+16
25027,25028,8,1,18,63,2016,2,11,4,3,1,6,0,0,0,1,0,0,0,0,5.16245E+20,5.42291E+21,9.22192E+15,4.89589E+16
25028,25029,8,4,16,15,2016,2,19,7,3,1,6,2,1,0,1,0,1,0,0,5.06949E+20,5.36646E+21,9.09398E+15,4.84512E+16
25029,25030,8,2,25,2,2016,2,8,4,3,2,6,0,0,0,1,0,0,0,0,4.98758E+20,5.46745E+21,8.98289E+15,4.93598E+16
25030,25031,8,2,31,0,2016,2,19,6,3,2,6,2,0,0,1,0,0,0,0,4.80831E+20,5.4188E+21,8.73833E+15,4.89219E+16
25031,25032,8,2,37,45,2016,2,15,2,2,4,1,0,0,0,1,0,0,1,0,4.6202E+20,5.36439E+21,8.48655E+15,4.84316E+16
25032,25033,8,1,27,12,2016,2,14,2,3,5,3,0,0,0,1,0,0,0,0,5.6679E+20,5.4322E+21,9.91387E+15,4.90391E+16
25033,25034,8,1,27,104,2016,2,22,6,3,8,1,2,1,0,1,0,0,0,0,5.8007E+20,5.43427E+21,1.0096E+16,4.90561E+16
25034,25035,8,1,19,84,2016,2,16,2,3,2,6,0,0,0,1,0,0,0,0,5.45529E+20,5.41401E+21,9.62094E+15,4.88773E+16
25035,25036,8,4,35,34,2016,2,15,3,3,2,6,0,1,0,1,0,0,0,0,5.32321E+20,5.28519E+21,9.43095E+15,4.77192E+16
25036,25037,8,2,26,32,2016,2,12,1,3,2,6,0,0,0,1,0,0,0,0,4.63989E+20,5.46445E+21,8.50436E+15,4.93318E+16
25037,25038,8,3,35,63,2016,2,14,7,3,8,1,0,1,0,1,0,0,0,0,4.99432E+20,5.28935E+21,8.99242E+15,4.77575E+16
25038,25039,8,3,11,0,2016,2,16,7,3,8,1,0,0,0,1,0,0,0,0,4.1248E+20,5.31536E+21,7.82705E+15,4.79855E+16
25039,25040,8,1,15,28,2016,2,17,4,3,5,3,1,0,0,1,0,0,0,0,4.99453E+20,5.40526E+21,8.99255E+15,4.88003E+16
25040,25041,8,3,37,90,2016,2,9,7,3,8,1,0,2,0,1,0,0,0,0,4.22792E+20,5.27296E+21,7.97278E+15,4.76055E+16
25041,25042,8,3,26,3,2016,2,20,7,3,2,6,2,1,0,1,0,0,0,0,4.64354E+20,5.31936E+21,8.52189E+15,4.80266E+16
25042,25043,8,1,21,0,2016,2,12,7,3,2,6,0,1,0,1,0,0,0,0,5.09504E+20,5.45006E+21,9.13047E+15,4.92032E+16
25043,25044,8,2,37,27,2016,2,6,6,3,3,6,2,1,0,1,0,0,1,0,4.82439E+20,5.37001E+21,8.76235E+15,4.8483E+16
25044,25045,8,3,36,91,2016,2,9,2,3,5,3,0,0,0,1,0,0,0,0,3.96111E+20,5.27318E+21,7.61785E+15,4.76037E+16
25045,25046,8,1,21,0,2016,2,8,6,2,5,3,0,1,1,1,0,0,0,0,5.15863E+20,5.44183E+21,9.21744E+15,4.91291E+16
25046,25047,8,1,16,36,2016,2,7,2,3,8,1,1,1,0,1,0,0,0,0,5.23761E+20,5.37852E+21,9.32203E+15,4.85593E+16
25047,25048,8,2,15,99,2016,2,6,3,2,4,6,2,1,0,1,0,0,0,0,4.64201E+20,5.44522E+21,8.509E+15,4.91588E+16
25048,25049,8,3,36,91,2016,2,15,3,3,2,6,0,1,0,1,0,0,0,0,3.96034E+20,5.27337E+21,7.61677E+15,4.76054E+16
25049,25050,8,1,11,0,2016,2,5,1,3,1,6,2,1,0,1,0,0,0,0,5.0664E+20,5.39764E+21,9.09029E+15,4.87317E+16
25050,25051,8,2,36,76,2016,2,23,7,2,8,1,2,1,0,1,0,0,0,0,4.73563E+20,5.4258E+21,8.63866E+15,4.89845E+16
25051,25052,8,1,18,48,2016,2,17,3,3,4,1,0,0,0,1,0,0,0,0,5.12338E+20,5.41527E+21,9.16832E+15,4.88902E+16
25052,25053,8,2,22,0,2016,2,9,6,2,3,6,0,0,0,1,0,0,1,0,4.65017E+20,5.47937E+21,8.51719E+15,4.9466E+16
25053,25054,8,1,27,99,2016,2,19,7,3,5,3,2,1,0,1,0,0,0,0,5.62719E+20,5.44657E+21,9.8604E+15,4.91687E+16
25054,25055,8,4,25,75,2016,2,14,6,3,5,7,0,0,0,1,0,1,0,0,5.65794E+20,5.37802E+21,9.89157E+15,4.85518E+16
25055,25056,8,4,35,59,2016,2,13,5,3,3,6,0,0,1,0,0,0,0,1,5.13233E+20,5.29103E+21,9.17663E+15,4.77725E+16
25056,25057,8,2,36,73,2016,2,18,6,3,2,6,2,1,0,1,0,0,0,0,4.79772E+20,5.42163E+21,8.72374E+15,4.89473E+16
25057,25058,8,1,35,19,2016,2,11,7,3,4,1,0,2,0,1,0,0,0,0,5.86287E+20,5.39877E+21,1.01735E+16,4.87359E+16
25058,25059,8,1,11,0,2016,2,11,7,3,2,6,0,1,0,1,0,0,0,1,5.12373E+20,5.40837E+21,9.16858E+15,4.88282E+16
25059,25060,8,2,36,73,2016,2,14,6,3,5,3,0,1,0,1,0,0,0,0,4.80184E+20,5.42359E+21,8.72927E+15,4.89649E+16
25060,25061,8,4,35,59,2016,2,15,5,3,2,2,0,0,0,1,0,0,0,0,5.13582E+20,5.29287E+21,9.18134E+15,4.77891E+16