FID,OBJECTID,ULAND,UREGBEZ,UKREIS,UGEMEINDE,UJAHR,UMONAT,USTUNDE,UWOCHENTAG,UKATEGORIE,UART,UTYP1,ULICHTVERH,IstStrasse,IstRad,IstPKW,IstFuss,IstKrad,IstGkfz,IstSonstig,LINREFX,LINREFY,XGCSWGS84,YGCSWGS84
25061,25062,8,2,35,33,2016,2,6,2,3,8,1,2,1,0,1,0,0,0,0,4.57562E+20,5.40762E+21,8.42187E+15,4.88201E+16
25062,25063,8,2,15,7,2016,2,20,3,3,7,1,0,1,0,1,0,0,0,0,4.79176E+20,5.43208E+21,8.71506E+15,4.90413E+16
25063,25064,8,1,16,47,2016,2,8,4,3,2,6,0,1,0,1,0,0,0,0,5.20691E+20,5.39357E+21,9.28117E+15,4.86948E+16
25064,25065,8,1,11,0,2016,2,18,2,3,2,6,2,0,0,1,0,0,0,0,5.10724E+20,5.4034E+21,9.14598E+15,4.87835E+16
25065,25066,8,3,27,46,2016,2,10,4,3,6,7,0,0,0,1,1,0,0,0,4.80662E+20,5.3244E+21,8.7404E+15,4.80726E+16
25066,25067,8,2,36,25,2016,2,19,3,3,4,1,2,1,0,1,0,0,0,0,4.90861E+20,5.40591E+21,8.87554E+15,4.88061E+16
25067,25068,8,3,15,113,2016,2,20,3,3,4,6,2,2,0,1,0,0,0,0,4.42695E+20,5.30923E+21,8.23277E+15,4.79338E+16
25068,25069,8,1,16,46,2016,2,20,1,3,4,6,2,0,0,1,0,0,0,0,5.2429E+20,5.37725E+21,9.32913E+15,4.85479E+16
25069,25070,8,2,15,64,2016,2,18,7,3,4,2,2,1,0,1,0,0,0,0,4.78068E+20,5.45128E+21,8.69886E+15,4.92139E+16
25070,25071,8,1,15,28,2016,2,23,3,2,9,1,2,1,0,1,0,0,0,0,4.998E+20,5.40655E+21,8.99728E+15,4.88119E+16
25071,25072,8,2,15,97,2016,2,14,6,3,8,1,0,1,0,1,0,0,0,0,4.77361E+20,5.44217E+21,8.68966E+15,4.9132E+16
25072,25073,8,1,21,0,2016,2,17,7,3,2,6,0,1,0,1,0,0,0,0,5.15176E+20,5.44293E+21,9.20806E+15,4.9139E+16
25073,25074,8,2,36,4,2016,2,7,2,3,2,6,0,0,0,1,0,0,0,0,4.73335E+20,5.41529E+21,8.63624E+15,4.889E+16
25074,25075,8,2,26,99,2016,2,6,6,3,6,4,2,0,0,1,1,0,0,0,4.82489E+20,5.47953E+21,8.75831E+15,4.94681E+16
25075,25076,8,3,36,84,2016,2,6,6,3,6,4,1,0,0,1,1,0,0,0,4.05341E+20,5.27745E+21,7.73968E+15,4.76435E+16
25076,25077,8,1,28,131,2016,2,14,3,2,8,1,0,1,0,0,0,0,1,0,5.45717E+20,5.5128E+21,9.63483E+15,4.97659E+16
25077,25078,8,1,19,91,2016,2,20,4,2,5,3,2,0,0,1,0,0,0,0,5.26703E+20,5.40686E+21,9.36373E+15,4.88142E+16
25078,25079,8,4,25,2,2016,2,12,7,3,4,6,0,2,0,1,0,0,0,0,5.50091E+20,5.35511E+21,9.67605E+15,4.83472E+16
25079,25080,8,2,26,76,2016,2,17,4,3,2,6,1,0,0,1,0,0,0,0,4.73109E+20,5.46383E+21,8.62992E+15,4.93266E+16
25080,25081,8,4,16,36,2016,2,8,3,3,2,6,0,1,0,1,0,0,1,0,4.91202E+20,5.37416E+21,8.88085E+15,4.85205E+16
25081,25082,8,1,27,14,2016,2,15,4,3,0,1,0,0,1,0,0,0,0,0,5.77291E+20,5.44374E+21,1.00597E+16,4.91416E+16
25082,25083,8,3,15,68,2016,2,10,4,3,5,3,0,0,0,1,0,0,0,0,4.36246E+20,5.30393E+21,8.14722E+15,4.78855E+16
25083,25084,8,2,26,32,2016,2,18,3,3,1,6,2,0,0,1,0,0,0,0,4.63982E+20,5.46445E+21,8.50427E+15,4.93317E+16
25084,25085,8,1,11,0,2016,2,14,3,3,5,1,0,1,0,1,0,0,0,1,5.16196E+20,5.39863E+21,9.22028E+15,4.87405E+16
25085,25086,8,2,26,38,2016,2,16,2,3,2,6,0,0,0,1,0,1,0,0,4.70844E+20,5.48065E+21,8.59752E+15,4.94778E+16
25086,25087,8,1,19,85,2016,2,7,6,3,0,1,0,1,0,0,0,1,0,0,5.28278E+20,5.41328E+21,9.38562E+15,4.88718E+16
25087,25088,8,1,21,0,2016,2,7,3,3,2,6,0,1,0,1,0,0,0,0,5.13285E+20,5.44428E+21,9.18218E+15,4.91512E+16
25088,25089,8,1,18,71,2016,2,7,4,3,5,3,0,0,1,1,0,0,0,0,5.0881E+20,5.4193E+21,9.12027E+15,4.89265E+16
25089,25090,8,4,15,53,2016,2,13,7,3,9,1,0,2,0,1,0,0,0,0,5.41102E+20,5.35428E+21,9.55466E+15,4.83404E+16
25090,25091,8,2,31,0,2016,2,17,6,3,2,6,1,0,0,1,0,0,0,0,4.81673E+20,5.41907E+21,8.74982E+15,4.89242E+16
25091,25092,8,4,16,36,2016,2,6,2,3,1,6,1,0,0,1,0,0,0,0,4.97367E+20,5.3719E+21,8.96436E+15,4.85002E+16
25092,25093,8,2,26,10,2016,2,19,6,3,2,6,2,0,0,1,0,0,0,0,4.84324E+20,5.45724E+21,8.78453E+15,4.92677E+16
25093,25094,8,3,35,63,2016,2,19,2,3,2,6,2,1,0,1,0,0,0,0,4.96722E+20,5.28761E+21,8.95628E+15,4.77418E+16
25094,25095,8,1,35,16,2016,2,19,2,2,6,4,2,0,0,1,1,0,0,0,5.91192E+20,5.38599E+21,1.02374E+16,4.86204E+16
25095,25096,8,1,19,67,2016,2,6,6,3,5,2,1,1,1,1,0,0,0,0,5.39101E+20,5.40621E+21,9.53254E+15,4.88076E+16
25096,25097,8,1,25,65,2016,2,12,2,3,4,6,0,0,0,1,0,0,0,0,5.16907E+20,5.45017E+21,9.2321E+15,4.92041E+16
25097,25098,8,1,11,0,2016,2,18,4,3,2,6,2,1,0,1,0,0,0,0,5.17554E+20,5.40406E+21,9.23899E+15,4.87893E+16
25098,25099,8,2,21,0,2016,2,3,1,3,3,6,2,1,0,1,0,0,0,1,4.73338E+20,5.46922E+21,8.63272E+15,4.93751E+16
25099,25100,8,3,37,90,2016,2,13,7,2,4,1,0,2,0,1,0,0,0,0,4.24559E+20,5.27583E+21,7.99579E+15,4.76315E+16
25100,25101,8,3,17,96,2016,2,10,7,3,5,3,0,1,1,1,0,0,0,0,4.21411E+20,5.36965E+21,7.93667E+15,4.8475E+16
25101,25102,8,2,15,17,2016,2,7,6,3,2,6,1,1,0,1,0,0,0,0,4.54215E+20,5.42269E+21,8.37459E+15,4.89554E+16
25102,25103,8,1,15,45,2016,2,14,7,3,1,7,0,0,0,1,0,0,0,0,5.03976E+20,5.39545E+21,9.05405E+15,4.87121E+16
25103,25104,8,1,15,53,2016,2,9,7,3,6,7,0,1,0,1,1,0,0,0,4.84004E+20,5.37906E+21,8.78319E+15,4.85644E+16
25104,25105,8,2,36,43,2016,2,15,6,3,8,1,0,2,0,1,0,0,0,0,4.6534E+20,5.40607E+21,8.52795E+15,4.88066E+16
25105,25106,8,4,35,16,2016,2,15,5,3,5,3,0,0,0,1,0,1,0,0,5.34789E+20,5.27785E+21,9.46328E+15,4.76531E+16
25106,25107,8,2,12,0,2016,2,8,2,3,2,6,0,0,0,1,0,0,0,0,4.50634E+20,5.43175E+21,8.32458E+15,4.90367E+16
25107,25108,8,1,16,47,2016,2,18,6,3,3,6,2,1,0,1,0,0,1,0,5.19844E+20,5.39361E+21,9.26967E+15,4.86952E+16
25108,25109,8,3,17,1,2016,2,8,4,3,5,3,0,0,0,1,0,0,0,1,4.32518E+20,5.38708E+21,8.0841E+15,4.86331E+16
25109,25110,8,1,11,0,2016,2,16,2,3,3,6,0,0,0,1,0,1,0,0,5.1303E+20,5.40334E+21,9.17737E+15,4.87829E+16
25110,25111,8,2,12,0,2016,2,6,3,2,6,4,2,1,0,1,1,0,0,0,4.52788E+20,5.42914E+21,8.35434E+15,4.90133E+16
25111,25112,8,3,25,57,2016,2,10,3,2,4,6,0,1,0,1,0,0,1,0,4.77879E+20,5.35681E+21,8.70134E+15,4.83641E+16
25112,25113,8,3,17,89,2016,2,12,2,3,5,3,0,0,0,1,0,0,0,0,4.3042E+20,5.37954E+21,8.05688E+15,4.85651E+16
25113,25114,8,1,25,102,2016,2,20,2,3,5,2,2,0,0,1,0,0,0,0,5.21093E+20,5.44508E+21,9.2893E+15,4.91582E+16
25114,25115,8,1,16,80,2016,2,18,6,3,2,6,2,1,0,1,0,0,0,0,5.1942E+20,5.39701E+21,9.26407E+15,4.87258E+16
25115,25116,8,1,18,48,2016,2,14,2,3,2,6,0,0,0,1,0,0,0,0,5.13981E+20,5.41514E+21,9.19073E+15,4.88891E+16
25116,25117,8,3,11,0,2016,2,16,3,3,0,7,0,1,0,1,0,0,0,0,4.15345E+20,5.31557E+21,7.8654E+15,4.79879E+16
25117,25118,8,4,16,41,2016,2,16,3,3,4,6,0,1,0,1,0,0,0,1,5.01434E+20,5.37461E+21,9.01942E+15,4.85246E+16
25118,25119,8,2,16,7,2016,2,16,1,3,0,1,0,0,0,0,0,1,0,0,4.36045E+20,5.39578E+21,8.13062E+15,4.87118E+16
25119,25120,8,2,36,46,2016,2,18,7,3,2,6,2,1,0,1,0,0,0,0,4.83827E+20,5.4166E+21,8.77931E+15,4.89021E+16
25120,25121,8,2,16,49,2016,2,13,6,3,5,3,0,0,0,1,0,0,0,0,4.33517E+20,5.40013E+21,8.09554E+15,4.87507E+16
25121,25122,8,1,28,131,2016,2,5,7,2,8,1,2,1,0,1,0,0,0,0,5.42835E+20,5.50994E+21,9.5945E+15,4.97404E+16
25122,25123,8,4,35,57,2016,2,6,6,3,4,2,1,1,0,1,0,0,0,0,5.43019E+20,5.27922E+21,9.573E+15,4.76649E+16
25123,25124,8,4,15,59,2016,2,6,5,3,5,3,2,0,0,1,0,0,0,0,5.17433E+20,5.36641E+21,9.23576E+15,4.84506E+16
25124,25125,8,2,16,23,2016,2,9,3,2,5,3,0,1,0,1,0,0,0,0,4.37865E+20,5.40755E+21,8.15357E+15,4.88179E+16
25125,25126,8,1,36,82,2016,2,4,4,2,9,1,2,0,0,1,0,0,0,0,5.84878E+20,5.41647E+21,1.0158E+16,4.88954E+16
25126,25127,8,3,36,91,2016,2,5,1,3,2,6,2,0,0,1,0,0,0,0,3.9481E+20,5.27308E+21,7.60056E+15,4.76026E+16
25127,25128,8,3,26,12,2016,2,13,4,3,5,2,0,0,0,1,0,1,0,0,4.66465E+20,5.31416E+21,8.55062E+15,4.79798E+16
25128,25129,8,2,26,98,2016,2,16,3,3,1,6,1,1,0,1,0,0,0,0,4.76035E+20,5.45954E+21,8.67044E+15,4.92881E+16
25129,25130,8,1,11,0,2016,2,0,1,3,2,6,2,1,0,1,0,0,0,1,5.16001E+20,5.40377E+21,9.21784E+15,4.87867E+16
25130,25131,8,1,11,0,2016,2,11,3,3,2,6,0,1,0,1,0,0,0,0,5.18619E+20,5.40057E+21,9.25333E+15,4.87579E+16
25131,25132,8,1,27,12,2016,2,15,1,3,9,1,0,0,0,1,0,0,0,0,5.65315E+20,5.4331E+21,9.89384E+15,4.90473E+16
25132,25133,8,2,22,0,2016,2,21,7,3,1,6,2,1,0,1,0,0,0,0,4.67003E+20,5.48123E+21,8.54445E+15,4.94829E+16
25133,25134,8,1,17,14,2016,2,9,3,3,4,1,0,0,0,1,0,0,1,0,5.54554E+20,5.38437E+21,9.7401E+15,4.861E+16
25134,25135,8,2,16,49,2016,2,17,6,2,8,1,1,1,0,1,0,0,0,0,4.38079E+20,5.40107E+21,8.15746E+15,4.87595E+16
25135,25136,8,2,25,2,2016,2,8,7,3,4,1,0,2,0,1,0,0,0,0,4.97866E+20,5.46776E+21,8.97061E+15,4.93625E+16
25136,25137,8,4,15,88,2016,2,16,6,3,9,1,0,2,0,1,0,0,0,0,5.36054E+20,5.37112E+21,9.48799E+15,4.84922E+16
25137,25138,8,1,11,0,2016,2,16,3,3,2,6,0,1,0,1,0,0,0,0,5.10195E+20,5.39522E+21,9.13859E+15,4.87099E+16
25138,25139,8,1,26,47,2016,2,21,4,1,5,3,2,0,0,1,0,0,0,0,5.49893E+20,5.45503E+21,9.68552E+15,4.9246E+16
25139,25140,8,4,36,94,2016,2,14,7,3,9,1,0,2,0,1,0,0,0,0,5.73589E+20,5.28105E+21,9.98043E+15,4.76786E+16
25140,25141,8,3,15,95,2016,2,6,4,3,4,1,0,2,0,1,0,0,0,1,4.31831E+20,5.31825E+21,8.08591E+15,4.80139E+16
25141,25142,8,2,22,0,2016,2,14,3,3,1,6,0,1,0,1,0,0,1,0,4.65433E+20,5.4802E+21,8.52286E+15,4.94734E+16
25142,25143,8,4,35,16,2016,2,6,2,3,5,3,2,0,1,1,0,0,0,0,5.32346E+20,5.27905E+21,9.43083E+15,4.7664E+16
25143,25144,8,3,36,103,2016,2,8,6,2,4,1,0,1,0,0,0,0,0,1,4.13162E+20,5.28324E+21,7.84264E+15,4.76967E+16
25144,25145,8,4,15,61,2016,2,7,2,3,2,2,0,1,0,1,0,0,0,1,5.10708E+20,5.3647E+21,9.14477E+15,4.84354E+16
25145,25146,8,3,17,153,2016,2,5,2,2,5,3,2,0,0,1,0,0,0,0,4.21072E+20,5.39063E+21,7.92808E+15,4.86638E+16
25146,25147,8,1,16,47,2016,2,19,6,3,2,6,2,1,0,1,0,0,0,0,5.19439E+20,5.39377E+21,9.26416E+15,4.86967E+16
25147,25148,8,1,19,53,2016,2,9,3,3,2,6,0,1,0,1,0,0,0,0,5.34452E+20,5.42693E+21,9.47098E+15,4.89943E+16
25148,25149,8,1,15,28,2016,2,16,4,3,2,6,0,0,0,1,0,0,0,0,5.01084E+20,5.40504E+21,9.01476E+15,4.87984E+16
25149,25150,8,2,22,0,2016,2,22,2,3,5,2,2,0,0,1,0,0,0,0,4.62441E+20,5.487E+21,8.48092E+15,4.95344E+16
25150,25151,8,3,27,6,2016,2,21,6,3,8,1,2,0,0,1,0,0,0,0,4.85228E+20,5.32666E+21,8.80161E+15,4.8093E+16
25151,25152,8,1,25,30,2016,2,11,3,3,0,2,0,1,0,1,0,0,0,0,5.15601E+20,5.43975E+21,9.21377E+15,4.91104E+16
25152,25153,8,1,18,60,2016,2,20,4,3,5,3,2,0,0,1,0,0,0,0,5.2318E+20,5.43111E+21,9.31712E+15,4.90325E+16
25153,25154,8,4,17,54,2016,2,10,7,3,4,1,0,2,0,1,0,0,0,0,4.75715E+20,5.34948E+21,8.67256E+15,4.8298E+16
25154,25155,8,2,35,33,2016,2,21,4,3,9,1,2,1,0,1,0,0,0,0,4.58619E+20,5.40513E+21,8.43652E+15,4.87978E+16
25155,25156,8,4,16,41,2016,2,7,2,2,5,2,0,1,1,1,0,0,0,0,5.06025E+20,5.37553E+21,9.08161E+15,4.85328E+16
25156,25157,8,2,26,103,2016,2,13,6,3,2,6,0,1,0,1,0,0,0,1,4.71159E+20,5.45632E+21,8.60363E+15,4.92589E+16
25157,25158,8,3,27,6,2016,2,9,2,2,4,1,0,0,0,1,0,0,0,0,4.85087E+20,5.32605E+21,8.79975E+15,4.80876E+16
25158,25159,8,1,27,14,2016,2,16,2,3,2,6,0,0,0,1,0,0,0,0,5.75399E+20,5.44366E+21,1.00338E+16,4.91411E+16
25159,25160,8,1,16,56,2016,2,11,6,3,2,6,0,1,0,1,0,0,0,0,5.30602E+20,5.39524E+21,9.41597E+15,4.87094E+16
25160,25161,8,1,19,79,2016,2,14,2,3,2,6,0,0,0,1,0,0,0,0,5.22182E+20,5.40926E+21,9.30227E+15,4.8836E+16
25161,25162,8,4,37,44,2016,2,9,3,2,5,3,0,1,0,1,0,0,0,0,5.30518E+20,5.32373E+21,9.40963E+15,4.80662E+16
25162,25163,8,2,35,7,2016,2,15,1,2,4,2,0,0,0,1,0,0,0,0,4.84506E+20,5.4E+21,8.78921E+15,4.87528E+16
25163,25164,8,3,35,22,2016,2,17,7,3,4,6,1,1,0,1,0,0,0,0,4.87248E+20,5.29971E+21,8.82955E+15,4.78506E+16
25164,25165,8,3,15,13,2016,2,18,7,3,5,3,2,1,0,1,0,0,0,0,4.04923E+20,5.32349E+21,7.724E+15,4.80576E+16
25165,25166,8,2,11,0,2016,2,8,6,2,1,6,0,1,1,1,0,0,0,0,4.42141E+20,5.403E+21,8.21246E+15,4.87773E+16
25166,25167,8,1,19,1,2016,2,13,7,3,4,1,0,2,0,1,0,0,0,0,5.53245E+20,5.41366E+21,9.72613E+15,4.88736E+16
25167,25168,8,3,37,126,2016,2,13,7,2,9,1,0,2,0,1,0,0,0,0,4.37416E+20,5.27869E+21,8.16651E+15,4.76585E+16
25168,25169,8,3,26,60,2016,2,11,7,3,8,1,0,2,0,1,0,0,0,0,4.46817E+20,5.33152E+21,8.28519E+15,4.81347E+16
25169,25170,8,1,26,58,2016,2,4,7,2,8,7,2,0,0,1,0,0,0,0,5.43577E+20,5.45152E+21,9.59837E+15,4.9215E+16
25170,25171,8,2,11,0,2016,2,14,6,3,2,6,0,1,0,1,0,0,0,0,4.39001E+20,5.40545E+21,8.16936E+15,4.8799E+16
25171,25172,8,3,36,69,2016,2,13,2,3,0,7,0,0,0,1,1,0,0,0,4.06527E+20,5.26721E+21,7.75766E+15,4.75515E+16
25172,25173,8,1,16,70,2016,2,15,6,2,8,7,0,1,0,1,0,0,0,0,5.39777E+20,5.3854E+21,9.53974E+15,4.86204E+16
25173,25174,8,1,16,77,2016,2,15,2,3,0,7,0,0,1,0,0,1,0,0,5.14357E+20,5.38929E+21,9.19496E+15,4.86565E+16
25174,25175,8,2,36,71,2016,2,7,3,3,1,1,0,1,0,1,1,0,0,0,4.71195E+20,5.41877E+21,8.6068E+15,4.89212E+16
25175,25176,8,3,36,14,2016,2,12,3,3,8,1,0,1,0,1,0,0,0,0,3.96092E+20,5.28065E+21,7.61581E+15,4.76709E+16
25176,25177,8,1,15,53,2016,2,21,1,2,9,1,2,0,0,1,0,0,0,0,4.82423E+20,5.38072E+21,8.76169E+15,4.85793E+16
25177,25178,8,2,35,46,2016,2,3,7,3,5,3,2,0,0,1,0,0,0,1,4.79747E+20,5.37851E+21,8.72551E+15,4.85593E+16
25178,25179,8,4,25,31,2016,2,17,6,3,2,6,1,1,0,1,0,0,0,0,5.71103E+20,5.36747E+21,9.96169E+15,4.84563E+16
25179,25180,8,1,27,76,2016,2,18,7,3,5,3,2,1,0,1,0,0,0,0,5.56949E+20,5.43981E+21,9.7803E+15,4.91085E+16
25180,25181,8,4,26,74,2016,2,13,6,3,5,3,0,0,0,1,0,0,0,0,5.56647E+20,5.32404E+21,9.76038E+15,4.80671E+16
25181,25182,8,4,15,14,2016,2,8,5,3,2,6,0,0,0,1,0,0,0,0,5.27061E+20,5.37291E+21,9.36639E+15,4.85087E+16
25182,25183,8,1,17,26,2016,2,15,3,2,5,3,0,0,0,1,0,0,1,0,5.48913E+20,5.39388E+21,9.6647E+15,4.8696E+16
25183,25184,8,1,28,47,2016,2,15,4,2,1,1,0,0,0,1,0,1,0,0,5.53701E+20,5.49551E+21,9.74332E+15,4.96098E+16
25184,25185,8,2,36,46,2016,2,19,1,3,2,6,2,0,0,1,0,0,0,0,4.83965E+20,5.41639E+21,8.7812E+15,4.89002E+16
25185,25186,8,1,11,0,2016,2,12,7,3,2,6,0,1,0,1,0,0,0,0,5.14831E+20,5.4047E+21,9.20194E+15,4.87951E+16
25186,25187,8,2,36,46,2016,2,6,6,2,4,2,2,1,0,1,0,1,0,0,4.83892E+20,5.41892E+21,8.78011E+15,4.8923E+16
25187,25188,8,3,37,2,2016,2,15,5,2,5,3,0,0,0,1,0,0,0,0,4.34937E+20,5.27122E+21,8.1346E+15,4.75912E+16
25188,25189,8,2,16,28,2016,2,18,2,3,5,2,2,0,0,1,0,0,0,0,4.2614E+20,5.39602E+21,7.99594E+15,4.87129E+16
25189,25190,8,1,15,28,2016,2,12,6,3,5,3,0,1,0,1,0,0,0,0,5.01277E+20,5.40549E+21,9.01739E+15,4.88024E+16
25190,25191,8,1,15,45,2016,2,19,4,3,2,6,2,0,0,1,0,0,1,0,5.04237E+20,5.39638E+21,9.05761E+15,4.87204E+16
25191,25192,8,1,11,0,2016,2,8,2,3,5,3,0,0,1,1,0,0,0,0,5.15733E+20,5.40541E+21,9.21425E+15,4.88015E+16
25192,25193,8,3,35,63,2016,2,17,4,3,3,6,0,0,1,1,0,0,0,0,4.94486E+20,5.28772E+21,8.92644E+15,4.77428E+16
25193,25194,8,2,35,85,2016,2,6,3,3,2,6,2,1,0,1,0,0,0,0,4.83062E+20,5.39549E+21,8.76975E+15,4.87123E+16
25194,25195,8,3,17,153,2016,2,7,3,2,5,3,2,1,1,1,0,0,0,0,4.19369E+20,5.38769E+21,7.90553E+15,4.86371E+16
25195,25196,8,1,17,26,2016,2,4,1,3,9,1,2,1,0,1,0,0,0,0,5.45694E+20,5.39133E+21,9.62068E+15,4.86733E+16
25196,25197,8,2,15,103,2016,2,15,7,3,2,6,0,1,0,1,0,0,0,0,4.65643E+20,5.44402E+21,8.52887E+15,4.91481E+16
25197,25198,8,1,16,4,2016,2,7,3,3,5,3,0,1,0,1,0,1,0,0,5.28307E+20,5.39653E+21,9.38487E+15,4.87211E+16
25198,25199,8,1,17,10,2016,2,11,6,3,1,6,0,1,0,1,0,0,0,0,5.69093E+20,5.39288E+21,9.93874E+15,4.86851E+16
25199,25200,8,1,21,0,2016,2,13,7,3,3,6,0,1,0,1,0,0,0,0,5.14541E+20,5.44286E+21,9.19935E+15,4.91384E+16
25200,25201,8,2,31,0,2016,2,14,2,3,5,2,0,0,0,1,0,0,0,0,4.79935E+20,5.41479E+21,8.7263E+15,4.88858E+16
25201,25202,8,4,15,88,2016,2,16,6,3,2,1,0,2,0,1,0,0,0,0,5.36055E+20,5.37112E+21,9.488E+15,4.84922E+16
25202,25203,8,1,28,131,2016,2,9,3,1,2,6,0,2,0,1,0,0,1,0,5.45322E+20,5.5124E+21,9.6293E+15,4.97624E+16
25203,25204,8,1,19,41,2016,2,13,4,3,2,6,0,0,0,1,0,0,0,0,5.25317E+20,5.40967E+21,9.34502E+15,4.88395E+16
25204,25205,8,4,35,29,2016,2,11,7,3,0,7,0,1,0,1,0,0,0,1,5.47232E+20,5.27214E+21,9.62835E+15,4.76009E+16
25205,25206,8,2,26,37,2016,2,14,4,3,2,6,0,0,0,1,0,0,0,1,4.66915E+20,5.47127E+21,8.54406E+15,4.93932E+16
25206,25207,8,4,17,2,2016,2,16,2,3,2,6,0,0,0,1,0,0,0,1,4.89031E+20,5.34571E+21,8.8522E+15,4.82645E+16
25207,25208,8,3,16,39,2016,2,7,4,3,8,1,0,1,0,1,0,0,0,0,4.18235E+20,5.32696E+21,7.90196E+15,4.80907E+16
25208,25209,8,2,26,49,2016,2,6,3,3,5,3,1,1,0,1,0,0,0,0,4.8603E+20,5.46431E+21,8.80772E+15,4.93313E+16
25209,25210,8,1,11,0,2016,2,5,3,2,2,6,2,1,1,1,0,0,0,0,5.16901E+20,5.39968E+21,9.22992E+15,4.87499E+16
25210,25211,8,1,15,37,2016,2,15,6,3,2,6,0,0,0,1,0,0,0,0,4.94049E+20,5.38696E+21,8.91923E+15,4.86357E+16
25211,25212,8,2,22,0,2016,2,16,2,3,2,6,0,0,0,1,0,1,0,0,4.68782E+20,5.47642E+21,8.56938E+15,4.94397E+16
25212,25213,8,1,25,69,2016,2,7,3,3,1,6,0,1,0,1,0,0,0,0,5.25858E+20,5.45363E+21,9.3552E+15,4.92349E+16
25213,25214,8,1,18,48,2016,2,10,4,3,5,3,0,0,0,1,0,0,0,0,5.14895E+20,5.41518E+21,9.20319E+15,4.88894E+16
25214,25215,8,4,15,91,2016,2,13,7,3,9,1,0,1,0,1,0,0,0,0,5.16881E+20,5.36047E+21,9.22806E+15,4.83972E+16
25215,25216,8,2,31,0,2016,2,18,6,2,2,6,2,1,0,1,0,0,0,0,4.84554E+20,5.41346E+21,8.78935E+15,4.88739E+16
25216,25217,8,3,17,65,2016,2,14,2,2,2,6,0,0,0,1,0,0,0,0,4.14193E+20,5.35524E+21,7.84196E+15,4.83445E+16
25217,25218,8,1,21,0,2016,2,17,2,2,5,3,2,0,0,1,0,0,1,0,5.14691E+20,5.44779E+21,9.2016E+15,4.91827E+16
25218,25219,8,1,15,24,2016,2,18,6,3,2,6,2,1,0,1,0,0,0,0,5.01418E+20,5.38607E+21,9.01924E+15,4.86277E+16
25219,25220,8,1,18,48,2016,2,7,2,3,0,1,0,0,0,0,0,1,0,0,5.12254E+20,5.41695E+21,9.16721E+15,4.89054E+16
25220,25221,8,2,26,68,2016,2,12,6,3,2,6,0,0,0,1,0,0,0,0,4.69814E+20,5.46179E+21,8.58474E+15,4.93081E+16
25221,25222,8,3,36,69,2016,2,7,2,3,8,1,0,0,0,0,0,1,0,0,4.04554E+20,5.27121E+21,7.73057E+15,4.75873E+16
25222,25223,8,1,36,88,2016,2,21,2,2,5,3,2,0,0,1,0,0,0,0,5.77735E+20,5.41079E+21,1.00595E+16,4.88452E+16
25223,25224,8,1,11,0,2016,2,17,6,2,0,1,1,1,1,0,0,0,0,0,5.12684E+20,5.40648E+21,9.17277E+15,4.88112E+16
25224,25225,8,1,15,3,2016,2,11,4,3,2,6,0,0,0,1,0,0,0,0,5.02296E+20,5.39388E+21,9.03121E+15,4.8698E+16
25225,25226,8,2,21,0,2016,2,16,1,3,3,3,0,0,0,1,0,0,0,0,4.73346E+20,5.469E+21,8.63283E+15,4.93731E+16
25226,25227,8,3,37,96,2016,2,6,7,3,5,3,2,0,0,1,0,0,0,0,4.21853E+20,5.26796E+21,7.96118E+15,4.75604E+16
25227,25228,8,4,17,2,2016,2,22,7,2,4,6,2,1,0,1,0,0,0,0,4.92291E+20,5.34222E+21,8.89618E+15,4.82331E+16
25228,25229,8,1,17,31,2016,2,10,7,3,1,6,0,1,0,1,0,0,0,0,5.47955E+20,5.37644E+21,9.64967E+15,4.85392E+16
25229,25230,8,1,18,46,2016,2,12,7,3,5,3,0,1,0,1,0,0,0,0,5.12898E+20,5.41145E+21,9.17583E+15,4.88559E+16
25230,25231,8,2,37,4,2016,2,12,6,3,2,6,0,1,0,1,0,0,0,0,4.53956E+20,5.37011E+21,8.37692E+15,4.84825E+16
25231,25232,8,2,15,102,2016,2,13,2,3,5,3,0,0,0,1,0,0,1,0,4.56233E+20,5.43834E+21,8.40047E+15,4.90964E+16
25232,25233,8,1,11,0,2016,2,14,6,3,2,6,0,0,0,1,0,0,0,0,5.15393E+20,5.40514E+21,9.20961E+15,4.87991E+16
25233,25234,8,1,16,19,2016,2,9,2,3,2,6,0,0,0,1,0,0,0,1,5.29799E+20,5.39823E+21,9.40527E+15,4.87364E+16
25234,25235,8,2,12,0,2016,2,23,3,3,5,3,2,1,0,1,0,0,0,0,4.57895E+20,5.42795E+21,8.42431E+15,4.9003E+16
25235,25236,8,3,35,79,2016,2,10,3,3,5,2,0,1,0,1,0,0,0,0,5.00461E+20,5.30071E+21,9.00617E+15,4.78597E+16
25236,25237,8,4,21,0,2016,2,23,1,3,8,1,2,0,0,1,0,0,0,0,5.72434E+20,5.36188E+21,9.97873E+15,4.84059E+16
25237,25238,8,2,26,85,2016,2,17,7,3,8,1,1,1,0,1,0,0,0,0,4.86842E+20,5.45442E+21,8.81923E+15,4.92424E+16
25238,25239,8,1,17,14,2016,2,9,3,3,4,6,0,0,0,1,0,0,1,0,5.54619E+20,5.38435E+21,9.74098E+15,4.86098E+16
25239,25240,8,1,15,28,2016,2,13,6,3,2,6,0,1,0,1,0,0,0,0,5.01667E+20,5.40262E+21,9.02269E+15,4.87766E+16
25240,25241,8,3,15,113,2016,2,8,3,3,5,3,0,1,0,1,0,0,0,0,4.37673E+20,5.30642E+21,8.16595E+15,4.79081E+16
25241,25242,8,4,26,44,2016,2,9,3,3,5,3,0,1,0,1,0,0,0,0,5.80199E+20,5.32692E+21,1.0077E+16,4.80905E+16