FID,OBJECTID,ULAND,UREGBEZ,UKREIS,UGEMEINDE,UJAHR,UMONAT,USTUNDE,UWOCHENTAG,UKATEGORIE,UART,UTYP1,ULICHTVERH,IstStrasse,IstRad,IstPKW,IstFuss,IstKrad,IstGkfz,IstSonstig,LINREFX,LINREFY,XGCSWGS84,YGCSWGS84
25242,25243,8,2,22,0,2016,2,2,1,2,3,6,2,1,0,1,0,0,0,1,4.67493E+20,5.48538E+21,8.55087E+15,4.95202E+16
25243,25244,8,3,35,75,2016,2,20,7,2,6,4,2,1,0,1,1,0,0,0,4.87737E+20,5.28934E+21,8.83637E+15,4.77573E+16
25244,25245,8,2,26,37,2016,2,7,7,3,3,6,0,1,0,1,0,0,0,0,4.66884E+20,5.47037E+21,8.54372E+15,4.93851E+16
25245,25246,8,1,36,65,2016,2,9,6,3,8,1,0,1,0,1,0,0,0,0,5.63999E+20,5.40422E+21,9.87129E+15,4.87877E+16
25246,25247,8,4,25,71,2016,2,19,7,2,6,4,2,1,0,1,1,0,0,0,5.46318E+20,5.36939E+21,9.62672E+15,4.8476E+16
25247,25248,8,1,11,0,2016,2,11,7,3,2,6,0,1,0,1,0,0,0,0,5.16195E+20,5.39849E+21,9.22027E+15,4.87393E+16
25248,25249,8,4,37,118,2016,2,3,5,1,6,4,2,0,0,1,1,0,0,0,5.13183E+20,5.30931E+21,9.17652E+15,4.7937E+16
25249,25250,8,2,35,79,2016,2,15,2,3,9,1,0,0,0,0,0,1,0,0,4.62919E+20,5.39307E+21,8.49615E+15,4.86896E+16
25250,25251,8,2,12,0,2016,2,7,3,3,2,6,1,1,0,1,0,0,0,0,4.58259E+20,5.43764E+21,8.42828E+15,4.90902E+16
25251,25252,8,1,18,81,2016,2,8,4,3,1,7,0,0,0,1,1,0,1,0,5.19847E+20,5.41347E+21,9.27067E+15,4.88739E+16
25252,25253,8,4,26,43,2016,2,17,1,1,4,6,0,0,0,1,0,0,0,0,5.73894E+20,5.32389E+21,9.99183E+15,4.8064E+16
25253,25254,8,3,26,74,2016,2,7,4,3,5,3,0,1,0,1,0,0,0,0,4.61748E+20,5.32739E+21,8.48623E+15,4.80986E+16
25254,25255,8,2,36,46,2016,2,7,3,3,2,2,0,1,0,1,0,0,0,0,4.8384E+20,5.41845E+21,8.77942E+15,4.89188E+16
25255,25256,8,1,11,0,2016,2,5,1,3,5,2,2,1,0,1,0,0,0,0,5.13434E+20,5.40258E+21,9.18285E+15,4.87761E+16
25256,25257,8,1,15,24,2016,2,9,3,3,2,6,0,1,0,1,0,0,0,0,5.01821E+20,5.38471E+21,9.0247E+15,4.86154E+16
25257,25258,8,1,36,88,2016,2,2,6,2,0,7,2,0,0,1,0,0,0,0,5.78188E+20,5.40997E+21,1.00655E+16,4.88378E+16
25258,25259,8,1,18,48,2016,2,20,7,3,5,3,2,1,0,1,0,0,0,0,5.14183E+20,5.41657E+21,9.19353E+15,4.89019E+16
25259,25260,8,2,36,33,2016,2,18,2,3,5,3,2,0,0,1,0,0,0,0,4.81808E+20,5.43029E+21,8.75116E+15,4.90252E+16
25260,25261,8,3,35,28,2016,2,13,6,3,1,7,0,0,0,1,0,0,0,0,4.83602E+20,5.28687E+21,8.78129E+15,4.7735E+16
25261,25262,8,1,26,66,2016,2,16,3,3,4,2,0,1,0,1,0,0,0,0,5.35301E+20,5.45047E+21,9.48464E+15,4.9206E+16
25262,25263,8,1,26,66,2016,2,6,7,2,9,1,2,0,0,1,0,0,0,0,5.35017E+20,5.45063E+21,9.48075E+15,4.92075E+16
25263,25264,8,4,17,79,2016,2,13,6,3,2,6,0,0,0,1,0,1,0,0,5.00967E+20,5.3446E+21,9.01303E+15,4.82546E+16
25264,25265,8,1,18,11,2016,2,13,3,3,2,6,0,1,0,1,0,0,0,0,5.05606E+20,5.40778E+21,9.07638E+15,4.8823E+16
25265,25266,8,1,26,72,2016,2,9,4,3,4,6,0,0,0,1,0,0,0,0,5.43651E+20,5.46765E+21,9.60114E+15,4.936E+16
25266,25267,8,3,15,6,2016,2,6,4,3,8,1,2,2,0,1,0,0,0,0,4.01756E+20,5.30981E+21,7.68464E+15,4.79341E+16
25267,25268,8,2,26,13,2016,2,8,3,2,4,6,0,1,0,0,0,0,0,1,4.98616E+20,5.47945E+21,8.9809E+15,4.94677E+16
25268,25269,8,4,36,55,2016,2,9,2,3,5,3,0,0,0,1,0,0,0,0,5.77292E+20,5.29724E+21,1.00326E+16,4.78239E+16
25269,25270,8,3,17,96,2016,2,19,6,3,2,6,2,1,0,1,0,0,0,0,4.21785E+20,5.36883E+21,7.94187E+15,4.84678E+16
25270,25271,8,2,26,62,2016,2,18,2,2,5,2,2,0,0,1,0,0,0,0,4.6888E+20,5.4688E+21,8.57133E+15,4.93711E+16
25271,25272,8,4,36,10,2016,2,12,5,2,8,1,0,0,0,1,0,0,0,0,5.60951E+20,5.29838E+21,9.8145E+15,4.78359E+16
25272,25273,8,1,21,0,2016,2,19,3,3,6,2,2,1,0,1,1,0,0,0,5.16233E+20,5.44127E+21,9.22249E+15,4.91241E+16
25273,25274,8,1,17,26,2016,2,14,4,3,3,6,0,0,0,1,0,0,0,0,5.48934E+20,5.39345E+21,9.66494E+15,4.86921E+16
25274,25275,8,3,26,74,2016,2,14,7,3,9,6,0,2,0,1,0,0,0,1,4.71426E+20,5.3233E+21,8.61649E+15,4.80623E+16
25275,25276,8,3,27,46,2016,2,19,7,3,6,2,1,1,0,1,1,0,0,0,4.806E+20,5.32444E+21,8.73957E+15,4.80729E+16
25276,25277,8,1,18,53,2016,2,17,4,3,1,6,0,0,0,1,0,0,0,0,5.17962E+20,5.42829E+21,9.24562E+15,4.90072E+16
25277,25278,8,4,21,0,2016,2,17,7,3,9,1,2,1,0,1,0,0,0,0,5.71413E+20,5.35656E+21,9.96403E+15,4.83582E+16
25278,25279,8,2,36,46,2016,2,15,4,3,2,6,0,0,0,1,0,0,0,1,4.83159E+20,5.41747E+21,8.77016E+15,4.89099E+16
25279,25280,8,4,15,61,2016,2,9,2,3,2,6,0,0,0,1,0,0,0,0,5.14873E+20,5.37104E+21,9.2013E+15,4.84923E+16
25280,25281,8,2,26,103,2016,2,18,6,2,2,6,1,0,0,1,0,0,0,0,4.71537E+20,5.45697E+21,8.60878E+15,4.92648E+16
25281,25282,8,3,27,7,2016,2,6,2,3,8,6,1,0,0,1,0,0,0,1,4.85937E+20,5.32995E+21,8.81103E+15,4.81227E+16
25282,25283,8,1,27,14,2016,2,12,2,3,2,6,0,0,0,1,0,0,1,0,5.78887E+20,5.44206E+21,1.00813E+16,4.91263E+16
25283,25284,8,4,36,64,2016,2,20,5,3,5,3,2,0,0,1,0,0,0,0,5.46046E+20,5.29348E+21,9.61482E+15,4.77931E+16
25284,25285,8,1,21,0,2016,2,12,2,3,1,6,0,0,0,1,0,0,0,0,5.15946E+20,5.44627E+21,9.21875E+15,4.9169E+16
25285,25286,8,4,37,72,2016,2,21,3,3,8,7,2,1,0,1,0,0,0,0,5.04684E+20,5.31474E+21,9.06277E+15,4.79859E+16
25286,25287,8,2,15,100,2016,2,21,1,3,5,3,2,0,0,1,0,0,0,0,4.74725E+20,5.45188E+21,8.65291E+15,4.92192E+16
25287,25288,8,3,36,87,2016,2,10,7,3,4,1,0,2,0,1,0,0,0,0,4.23224E+20,5.29351E+21,7.97491E+15,4.77904E+16
25288,25289,8,3,15,37,2016,2,8,7,3,2,1,0,2,0,1,0,0,0,0,4.29856E+20,5.30116E+21,8.0622E+15,4.78599E+16
25289,25290,8,1,35,20,2016,2,20,6,3,9,1,2,1,0,1,0,0,0,0,5.88972E+20,5.38646E+21,1.02074E+16,4.86249E+16
25290,25291,8,1,15,42,2016,2,1,7,3,2,7,2,0,0,1,0,0,1,0,4.94026E+20,5.40664E+21,8.91863E+15,4.88128E+16
25291,25292,8,1,11,0,2016,2,2,7,2,9,1,2,0,0,1,0,0,0,0,5.12317E+20,5.40934E+21,9.16785E+15,4.88369E+16
25292,25293,8,2,36,50,2016,2,18,6,2,5,3,1,1,0,1,0,0,0,0,4.85406E+20,5.42317E+21,8.80063E+15,4.89613E+16
25293,25294,8,3,27,9,2016,2,19,5,3,4,7,2,0,0,1,0,0,0,0,4.83972E+20,5.33496E+21,8.78443E+15,4.81677E+16
25294,25295,8,2,12,0,2016,2,11,2,3,5,3,0,0,1,1,0,0,0,0,4.61589E+20,5.42703E+21,8.4749E+15,4.89949E+16
25295,25296,8,1,16,35,2016,2,18,4,3,1,6,2,0,0,1,0,0,0,0,5.26245E+20,5.39087E+21,9.35647E+15,4.86704E+16
25296,25297,8,1,25,63,2016,3,16,4,2,8,1,0,1,0,1,0,0,0,0,5.26387E+20,5.46154E+21,9.36299E+15,4.9306E+16
25297,25298,8,1,36,88,2016,2,5,6,3,2,6,2,0,0,1,0,0,0,0,5.80557E+20,5.41213E+21,1.00982E+16,4.88569E+16
25298,25299,8,1,18,81,2016,2,6,6,3,2,6,1,0,0,1,0,0,0,0,5.19764E+20,5.41371E+21,9.26954E+15,4.8876E+16
25299,25300,8,2,15,90,2016,2,19,2,3,2,6,2,1,0,0,0,0,1,1,4.65329E+20,5.437E+21,8.52517E+15,4.90848E+16
25300,25301,8,1,18,6,2016,2,22,2,3,9,1,2,2,0,1,0,0,0,0,5.24716E+20,5.42566E+21,9.3378E+15,4.89834E+16
25301,25302,8,1,21,0,2016,2,15,2,3,1,6,0,0,0,1,0,0,0,0,5.16352E+20,5.44476E+21,9.22427E+15,4.91555E+16
25302,25303,8,1,35,19,2016,3,16,3,3,3,6,0,0,0,1,0,0,0,0,5.85034E+20,5.39215E+21,1.01551E+16,4.86766E+16
25303,25304,8,2,21,0,2016,2,21,5,3,2,6,2,0,0,1,0,0,0,0,4.73887E+20,5.47587E+21,8.63983E+15,4.94349E+16
25304,25305,8,4,25,72,2016,2,14,1,3,5,2,0,0,0,1,0,0,0,0,5.80226E+20,5.37172E+21,1.00859E+16,4.84935E+16
25305,25306,8,2,12,0,2016,2,17,7,3,3,2,0,0,1,0,0,1,0,0,4.56375E+20,5.42676E+21,8.40366E+15,4.89922E+16
25306,25307,8,4,36,10,2016,2,8,5,3,2,6,0,2,0,1,0,0,0,0,5.64421E+20,5.30546E+21,9.86193E+15,4.78993E+16
25307,25308,8,4,37,88,2016,2,14,6,3,5,3,0,0,1,0,0,0,1,0,5.14934E+20,5.30648E+21,9.19985E+15,4.79114E+16
25308,25309,8,2,36,61,2016,3,11,4,3,0,1,0,1,0,1,0,0,0,0,4.88888E+20,5.43323E+21,8.84792E+15,4.90519E+16
25309,25310,8,3,17,5,2016,2,11,6,2,0,1,0,0,0,0,0,1,0,0,4.2637E+20,5.37461E+21,8.00287E+15,4.85202E+16
25310,25311,8,1,16,77,2016,3,15,4,3,2,6,0,1,0,1,0,0,0,0,5.16107E+20,5.39225E+21,9.21883E+15,4.86831E+16
25311,25312,8,4,36,11,2016,2,10,4,3,4,2,0,0,0,1,0,0,0,0,5.46089E+20,5.29742E+21,9.61582E+15,4.78284E+16
25312,25313,8,2,12,0,2016,2,17,5,2,4,7,1,0,1,1,0,0,0,0,4.63352E+20,5.4295E+21,8.49878E+15,4.90173E+16
25313,25314,8,1,15,24,2016,2,9,2,3,5,3,0,1,0,1,0,0,0,0,5.01076E+20,5.38673E+21,9.0146E+15,4.86337E+16
25314,25315,8,1,18,48,2016,3,10,3,3,5,2,0,1,0,1,0,0,0,0,5.2012E+20,5.41675E+21,9.27455E+15,4.89034E+16
25315,25316,8,1,16,19,2016,2,3,1,3,9,1,2,0,0,1,0,0,0,0,5.26722E+20,5.3969E+21,9.36334E+15,4.87246E+16
25316,25317,8,1,18,48,2016,2,18,2,3,2,7,2,1,0,1,0,0,0,0,5.15172E+20,5.41518E+21,9.20697E+15,4.88894E+16
25317,25318,8,1,19,76,2016,3,21,3,3,5,3,2,1,0,1,0,0,0,0,5.42002E+20,5.40642E+21,9.57208E+15,4.88094E+16
25318,25319,8,2,15,46,2016,2,7,5,3,2,6,0,0,0,1,0,0,0,0,4.52681E+20,5.41872E+21,8.35409E+15,4.89196E+16
25319,25320,8,2,22,0,2016,2,14,1,3,3,6,0,0,0,1,0,0,0,0,4.64983E+20,5.4819E+21,8.51651E+15,4.94887E+16
25320,25321,8,1,36,10,2016,2,13,7,3,5,3,0,0,0,1,0,0,0,0,6.01776E+20,5.41103E+21,1.03872E+16,4.88439E+16
25321,25322,8,4,37,88,2016,2,19,2,3,8,1,2,2,0,1,0,0,0,0,5.18957E+20,5.30735E+21,9.25373E+15,4.79192E+16
25322,25323,8,4,35,20,2016,2,0,5,3,8,1,2,2,0,1,0,0,0,0,5.23483E+20,5.29849E+21,9.31384E+15,4.78393E+16
25323,25324,8,4,16,36,2016,2,16,6,3,1,6,0,0,0,1,0,0,0,0,4.98E+20,5.36918E+21,8.97294E+15,4.84757E+16
25324,25325,8,2,22,0,2016,3,15,4,3,5,2,0,0,0,0,0,0,1,1,4.62974E+20,5.48296E+21,8.48867E+15,4.94981E+16
25325,25326,8,2,31,0,2016,2,10,6,3,2,6,0,0,0,1,0,0,1,0,4.75454E+20,5.41649E+21,8.66507E+15,4.89009E+16
25326,25327,8,1,15,3,2016,3,16,4,3,2,6,0,1,0,1,0,0,0,0,5.01542E+20,5.3917E+21,9.02095E+15,4.86784E+16
25327,25328,8,2,15,110,2016,2,23,5,1,5,3,2,0,1,1,0,0,0,0,4.62206E+20,5.41878E+21,8.4841E+15,4.89208E+16
25328,25329,8,4,17,25,2016,2,14,7,3,8,7,0,0,0,1,0,0,0,0,4.82071E+20,5.35797E+21,8.75789E+15,4.83746E+16
25329,25330,8,1,17,24,2016,3,15,3,3,0,6,0,0,0,1,0,0,0,0,5.61678E+20,5.38555E+21,9.83691E+15,4.86199E+16
25330,25331,8,4,17,2,2016,2,13,2,3,4,2,0,1,0,1,0,0,0,0,4.89954E+20,5.34425E+21,8.86467E+15,4.82513E+16
25331,25332,8,1,25,102,2016,2,14,6,3,2,6,0,0,0,1,0,0,1,0,5.21625E+20,5.44504E+21,9.29659E+15,4.91578E+16
25332,25333,8,1,27,43,2016,2,6,6,2,5,3,1,1,0,1,0,0,0,0,5.68479E+20,5.44665E+21,9.93942E+15,4.91688E+16
25333,25334,8,3,17,96,2016,2,9,2,3,5,3,0,0,1,0,0,0,0,0,4.20107E+20,5.36796E+21,7.91934E+15,4.84597E+16
25334,25335,8,2,31,0,2016,2,15,2,2,4,6,0,0,0,1,0,0,0,0,4.79285E+20,5.41259E+21,8.71754E+15,4.88659E+16
25335,25336,8,4,26,44,2016,3,6,3,3,9,1,0,2,0,1,0,0,0,0,5.75775E+20,5.3275E+21,1.00177E+16,4.80962E+16
25336,25337,8,4,37,8,2016,2,18,2,2,9,1,2,2,0,1,0,0,0,0,5.19748E+20,5.33098E+21,9.26542E+15,4.81317E+16
25337,25338,8,1,18,63,2016,3,16,4,3,0,6,0,0,0,1,0,0,0,0,5.11508E+20,5.41855E+21,9.15709E+15,4.89198E+16
25338,25339,8,3,27,25,2016,2,16,2,3,8,1,0,2,0,1,0,0,0,0,4.82727E+20,5.30417E+21,8.76893E+15,4.78906E+16
25339,25340,8,4,36,94,2016,2,8,5,2,8,1,0,2,0,0,0,0,1,0,5.72115E+20,5.28601E+21,9.96162E+15,4.77234E+16
25340,25341,8,2,15,59,2016,2,9,6,3,4,2,0,0,0,1,0,0,0,0,4.84631E+20,5.4369E+21,8.78951E+15,4.90847E+16
25341,25342,8,4,36,95,2016,3,12,3,3,9,1,0,1,0,1,0,0,0,0,5.34711E+20,5.29758E+21,9.46381E+15,4.78307E+16
25342,25343,8,2,21,0,2016,3,18,3,3,2,6,2,1,0,1,0,0,0,1,4.73477E+20,5.47464E+21,8.63427E+15,4.94238E+16
25343,25344,8,2,12,0,2016,2,15,5,3,2,6,0,0,0,1,0,0,0,1,4.60786E+20,5.42394E+21,8.46422E+15,4.89672E+16
25344,25345,8,3,15,115,2016,2,12,7,2,2,6,0,0,0,1,0,0,0,0,4.09609E+20,5.31937E+21,7.78775E+15,4.80212E+16
25345,25346,8,1,11,0,2016,3,15,3,3,2,6,0,0,0,1,0,0,0,0,5.13385E+20,5.40151E+21,9.18215E+15,4.87664E+16
25346,25347,8,1,35,10,2016,3,9,4,3,9,1,0,1,0,1,0,0,0,0,5.989E+20,5.39549E+21,1.03442E+16,4.87046E+16
25347,25348,8,1,15,37,2016,2,16,6,3,2,6,0,0,0,1,0,0,0,0,4.9366E+20,5.38617E+21,8.91395E+15,4.86286E+16
25348,25349,8,1,19,53,2016,2,7,6,3,6,7,0,0,0,1,1,0,0,0,5.33578E+20,5.42578E+21,9.45893E+15,4.8984E+16
25349,25350,8,3,16,56,2016,2,12,2,2,9,1,0,0,0,1,0,0,0,0,4.21504E+20,5.32614E+21,7.946E+15,4.80837E+16
25350,25351,8,2,11,0,2016,2,6,2,3,2,6,1,0,0,1,0,0,0,0,4.41212E+20,5.40556E+21,8.19945E+15,4.88002E+16
25351,25352,8,3,36,91,2016,3,21,3,3,5,3,2,1,0,1,0,0,0,0,3.95838E+20,5.2752E+21,7.61373E+15,4.76219E+16
25352,25353,8,1,27,43,2016,2,18,2,3,9,1,1,1,0,1,0,0,0,0,5.68561E+20,5.44659E+21,9.94055E+15,4.91683E+16
25353,25354,8,1,17,24,2016,3,17,3,3,4,2,1,1,0,1,0,0,0,0,5.56493E+20,5.38127E+21,9.76598E+15,4.85819E+16
25354,25355,8,2,35,50,2016,2,5,5,3,8,1,2,2,0,1,0,0,0,0,4.68328E+20,5.38898E+21,8.56996E+15,4.8653E+16
25355,25356,8,1,11,0,2016,2,16,2,3,2,6,0,0,0,1,0,0,0,0,5.12728E+20,5.40523E+21,9.17333E+15,4.88E+16
25356,25357,8,2,26,103,2016,2,9,7,3,2,6,0,0,0,1,0,0,1,0,4.71849E+20,5.45753E+21,8.61302E+15,4.92699E+16
25357,25358,8,2,15,29,2016,2,13,7,2,2,6,0,0,0,1,0,0,0,0,4.67224E+20,5.44674E+21,8.55034E+15,4.91726E+16
25358,25359,8,2,26,85,2016,3,15,3,3,2,6,0,0,0,1,0,0,0,0,4.89712E+20,5.45521E+21,8.85864E+15,4.92496E+16
25359,25360,8,2,36,73,2016,2,15,5,3,2,6,0,0,0,1,0,0,0,0,4.79963E+20,5.42632E+21,8.72611E+15,4.89895E+16
25360,25361,8,3,25,49,2016,2,13,7,3,2,6,0,0,0,1,0,0,0,0,4.73025E+20,5.33204E+21,8.63739E+15,4.8141E+16
25361,25362,8,2,35,47,2016,2,14,7,2,8,1,0,0,0,1,0,0,0,0,4.79725E+20,5.39156E+21,8.72458E+15,4.86768E+16
25362,25363,8,1,21,0,2016,2,21,7,3,0,1,2,0,0,0,0,1,0,0,5.15786E+20,5.44377E+21,9.21646E+15,4.91465E+16
25363,25364,8,1,25,46,2016,3,11,4,3,0,6,0,1,0,0,0,0,1,1,5.17545E+20,5.43207E+21,9.24007E+15,4.90413E+16
25364,25365,8,1,35,32,2016,2,11,6,3,6,7,0,0,0,1,1,0,0,0,5.78446E+20,5.39382E+21,1.0066E+16,4.86925E+16
25365,25366,8,1,18,67,2016,2,6,6,2,5,2,2,0,0,1,0,1,0,0,5.06651E+20,5.413E+21,9.09069E+15,4.887E+16
25366,25367,8,1,18,80,2016,2,10,2,3,9,7,0,0,0,1,0,0,0,0,5.08416E+20,5.41022E+21,9.11471E+15,4.88449E+16
25367,25368,8,1,19,42,2016,2,7,2,3,4,1,0,0,0,1,0,0,1,1,5.24533E+20,5.41796E+21,9.33484E+15,4.89141E+16
25368,25369,8,1,25,94,2016,3,7,3,2,4,6,0,1,0,1,0,0,0,0,5.17472E+20,5.43713E+21,9.23929E+15,4.90868E+16
25369,25370,8,2,31,0,2016,2,6,5,3,2,6,1,1,0,1,0,0,0,0,4.74455E+20,5.41708E+21,8.65141E+15,4.89061E+16
25370,25371,8,3,15,84,2016,2,13,1,2,8,1,0,0,0,1,0,0,0,0,4.20087E+20,5.30613E+21,7.9307E+15,4.79035E+16
25371,25372,8,3,17,11,2016,2,15,7,1,5,2,0,0,1,1,0,0,0,0,4.27358E+20,5.35404E+21,8.01981E+15,4.83353E+16
25372,25373,8,1,11,0,2016,3,6,3,3,5,3,1,1,0,1,0,0,0,0,5.17041E+20,5.40857E+21,9.2322E+15,4.88299E+16
25373,25374,8,4,26,124,2016,2,18,5,3,8,1,1,0,0,1,0,0,0,0,5.43534E+20,5.3324E+21,9.58522E+15,4.81433E+16
25374,25375,8,4,36,9,2016,2,14,6,3,2,6,0,0,0,1,0,0,0,0,5.55366E+20,5.30655E+21,9.74093E+15,4.79099E+16
25375,25376,8,2,26,20,2016,3,19,4,3,4,2,2,1,0,1,0,0,0,0,4.9091E+20,5.46302E+21,8.87492E+15,4.93199E+16
25376,25377,8,2,26,103,2016,2,10,6,3,2,6,0,0,0,0,0,0,1,0,4.71707E+20,5.45728E+21,8.61109E+15,4.92676E+16
25377,25378,8,1,16,14,2016,3,7,4,3,2,6,0,1,0,1,0,0,0,0,5.26969E+20,5.39592E+21,9.36663E+15,4.87157E+16
25378,25379,8,4,21,0,2016,2,13,4,2,4,1,0,0,0,1,0,0,0,0,5.69139E+20,5.35719E+21,9.93344E+15,4.83641E+16
25379,25380,8,4,15,73,2016,2,10,5,3,5,3,0,1,0,1,0,0,0,0,5.17975E+20,5.34994E+21,9.24239E+15,4.83024E+16
25380,25381,8,1,16,49,2016,2,10,7,3,5,3,0,0,0,1,0,0,0,0,5.25996E+20,5.38582E+21,9.35278E+15,4.86249E+16
25381,25382,8,2,15,17,2016,3,8,4,3,9,1,0,1,0,0,0,0,1,0,4.54555E+20,5.4234E+21,8.37915E+15,4.89619E+16
25382,25383,8,3,27,25,2016,2,12,6,3,2,6,0,0,0,1,0,0,0,1,4.78339E+20,5.3091E+21,8.70999E+15,4.79348E+16
25383,25384,8,1,16,46,2016,3,18,4,3,9,6,2,0,0,1,0,0,0,0,5.26083E+20,5.37832E+21,9.35348E+15,4.85574E+16
25384,25385,8,1,27,102,2016,2,18,6,3,0,7,2,0,0,1,0,0,0,0,5.88817E+20,5.43733E+21,1.02163E+16,4.90824E+16
25385,25386,8,4,15,50,2016,2,15,4,2,2,6,0,0,0,1,0,0,0,0,5.20032E+20,5.37451E+21,9.2713E+15,4.85234E+16
25386,25387,8,1,11,0,2016,2,11,6,2,8,7,0,0,0,1,0,0,0,0,5.06447E+20,5.40002E+21,9.08772E+15,4.87531E+16
25387,25388,8,2,36,46,2016,2,8,5,3,2,6,0,0,0,1,0,0,1,0,4.82893E+20,5.41792E+21,8.76651E+15,4.8914E+16
25388,25389,8,1,16,58,2016,2,22,2,2,9,1,2,1,0,1,0,0,0,0,5.35482E+20,5.39518E+21,9.48231E+15,4.87086E+16
25389,25390,8,1,18,53,2016,3,13,3,3,3,6,0,0,0,1,0,0,1,0,5.17564E+20,5.42814E+21,9.24016E+15,4.90059E+16
25390,25391,8,2,26,85,2016,2,21,5,3,5,3,2,0,0,1,0,1,0,0,4.90446E+20,5.45583E+21,8.8687E+15,4.92552E+16
25391,25392,8,1,17,6,2016,2,16,1,3,8,1,0,0,0,1,0,0,0,0,5.50744E+20,5.38247E+21,9.68818E+15,4.85932E+16
25392,25393,8,1,25,24,2016,2,16,7,2,9,7,0,0,0,0,0,1,0,0,5.23223E+20,5.44407E+21,9.31845E+15,4.9149E+16
25393,25394,8,4,36,83,2016,2,20,2,3,4,1,2,2,0,1,0,0,0,1,5.32424E+20,5.30269E+21,9.43363E+15,4.78768E+16
25394,25395,8,3,15,76,2016,2,14,5,3,3,6,0,0,0,1,0,0,0,0,3.91694E+20,5.29668E+21,7.55326E+15,4.78143E+16
25395,25396,8,4,15,61,2016,2,15,6,3,2,6,0,0,0,1,0,0,0,0,5.12137E+20,5.37146E+21,9.16429E+15,4.84961E+16
25396,25397,8,2,16,7,2016,3,22,4,3,5,3,2,1,0,1,0,0,0,0,4.35107E+20,5.39545E+21,8.11791E+15,4.87087E+16
25397,25398,8,3,27,18,2016,2,20,2,3,8,1,2,2,0,1,0,0,0,0,4.75506E+20,5.30763E+21,8.67214E+15,4.79215E+16
25398,25399,8,4,36,81,2016,2,7,5,3,4,1,0,2,0,1,0,0,0,0,5.61325E+20,5.28432E+21,9.81752E+15,4.77094E+16
25399,25400,8,2,26,60,2016,2,13,6,3,2,6,0,0,0,1,0,0,0,1,4.77044E+20,5.46379E+21,8.68408E+15,4.93264E+16
25400,25401,8,4,37,76,2016,3,13,3,3,2,6,0,1,0,1,0,0,0,0,5.23375E+20,5.31828E+21,9.31347E+15,4.80174E+16
25401,25402,8,3,15,43,2016,3,8,3,3,2,6,0,1,0,1,0,0,0,0,4.03064E+20,5.32257E+21,7.69927E+15,4.8049E+16
25402,25403,8,2,26,76,2016,2,20,5,3,8,1,2,0,0,1,0,0,0,0,4.74251E+20,5.46701E+21,8.64543E+15,4.93553E+16
25403,25404,8,4,16,31,2016,2,9,7,3,2,6,0,0,0,1,0,0,0,0,5.02302E+20,5.3621E+21,9.03111E+15,4.84121E+16
25404,25405,8,1,16,33,2016,3,15,3,3,2,6,0,0,0,1,0,0,0,0,5.30776E+20,5.38962E+21,9.41792E+15,4.86589E+16
25405,25406,8,2,16,15,2016,2,13,5,3,2,6,0,0,0,1,0,0,0,0,4.50584E+20,5.40555E+21,8.32706E+15,4.8801E+16
25406,25407,8,1,18,7,2016,3,22,3,2,2,6,2,1,0,1,0,0,0,0,5.10771E+20,5.4262E+21,9.14723E+15,4.89886E+16
25407,25408,8,4,25,28,2016,2,18,2,2,4,1,2,2,0,1,0,0,0,0,5.78916E+20,5.34283E+21,1.00627E+16,4.82338E+16
25408,25409,8,3,27,18,2016,2,16,2,3,4,1,1,2,0,1,0,0,0,0,4.74249E+20,5.30346E+21,8.65557E+15,4.7884E+16
25409,25410,8,2,12,0,2016,2,6,2,3,2,6,0,0,0,1,0,0,0,1,4.53663E+20,5.42809E+21,8.36643E+15,4.9004E+16
25410,25411,8,4,36,55,2016,3,16,3,3,2,6,0,1,0,1,0,0,0,0,5.76641E+20,5.29733E+21,1.0024E+16,4.78248E+16
25411,25412,8,2,15,17,2016,3,16,3,3,2,6,0,0,0,1,0,0,0,0,4.58739E+20,5.42047E+21,8.4366E+15,4.89358E+16
25412,25413,8,2,15,46,2016,2,7,5,3,0,7,0,1,1,0,0,0,0,1,4.51352E+20,5.41415E+21,8.3365E+15,4.88784E+16
25413,25414,8,3,36,84,2016,2,14,7,2,2,6,0,0,1,1,0,0,0,0,4.03379E+20,5.27715E+21,7.71363E+15,4.76406E+16
25414,25415,8,1,26,56,2016,3,16,4,3,7,7,0,0,0,0,0,1,0,0,5.59965E+20,5.46423E+21,9.82527E+15,4.93279E+16
25415,25416,8,1,36,45,2016,2,14,6,3,5,3,0,0,1,1,0,0,0,0,5.9192E+20,5.40582E+21,1.02517E+16,4.87986E+16
25416,25417,8,4,15,58,2016,2,16,2,2,4,1,0,2,0,1,0,0,0,0,5.25887E+20,5.34701E+21,9.3489E+15,4.82758E+16
25417,25418,8,1,16,15,2016,2,10,6,3,2,6,0,0,0,1,0,0,0,0,5.22623E+20,5.39324E+21,9.3074E+15,4.86918E+16
25418,25419,8,1,25,48,2016,2,17,6,3,5,3,1,0,0,1,0,0,0,0,5.34242E+20,5.46029E+21,9.47093E+15,4.92944E+16
25419,25420,8,3,15,70,2016,2,17,2,3,4,6,1,2,0,1,0,0,0,1,4.52275E+20,5.30382E+21,8.36162E+15,4.78859E+16
25420,25421,8,2,22,0,2016,2,14,2,3,1,3,0,0,1,0,0,0,1,0,4.62653E+20,5.48245E+21,8.48428E+15,4.94935E+16
25421,25422,8,4,15,92,2016,3,15,3,3,2,6,0,0,0,1,0,0,0,0,5.21201E+20,5.36116E+21,9.28646E+15,4.84032E+16
25422,25423,8,4,25,130,2016,2,12,2,2,8,1,0,1,0,1,0,0,0,0,5.74594E+20,5.37941E+21,1.0011E+16,4.85633E+16