FID,OBJECTID,ULAND,UREGBEZ,UKREIS,UGEMEINDE,UJAHR,UMONAT,USTUNDE,UWOCHENTAG,UKATEGORIE,UART,UTYP1,ULICHTVERH,IstStrasse,IstRad,IstPKW,IstFuss,IstKrad,IstGkfz,IstSonstig,LINREFX,LINREFY,XGCSWGS84,YGCSWGS84
25423,25424,8,2,22,0,2016,3,13,3,2,5,3,0,0,0,1,0,0,1,0,4.68775E+20,5.47642E+21,8.56929E+15,4.94397E+16
25424,25425,8,1,17,18,2016,2,16,5,3,2,1,0,1,0,1,0,0,0,0,5.38596E+20,5.39561E+21,9.52467E+15,4.87123E+16
25425,25426,8,1,11,0,2016,2,19,2,2,8,1,1,1,1,0,0,0,0,0,5.06739E+20,5.40421E+21,9.09175E+15,4.87908E+16
25426,25427,8,3,17,153,2016,2,20,7,3,0,1,2,0,1,0,0,0,0,0,4.21627E+20,5.38897E+21,7.93594E+15,4.86489E+16
25427,25428,8,2,36,75,2016,2,12,7,3,0,1,0,0,1,0,0,0,0,0,4.81746E+20,5.42543E+21,8.75053E+15,4.89815E+16
25428,25429,8,3,37,127,2016,2,7,5,3,9,1,0,1,0,1,0,0,0,0,4.56806E+20,5.29765E+21,8.42284E+15,4.78308E+16
25429,25430,8,1,18,48,2016,2,20,7,3,2,6,2,0,0,1,0,0,0,0,5.1307E+20,5.41683E+21,9.17835E+15,4.89042E+16
25430,25431,8,3,11,0,2016,2,15,6,2,2,6,0,0,0,1,0,0,0,0,4.0556E+20,5.3149E+21,7.73444E+15,4.79804E+16
25431,25432,8,1,25,6,2016,3,16,4,2,6,4,0,1,0,1,1,0,0,0,5.02807E+20,5.45563E+21,9.03857E+15,4.92534E+16
25432,25433,8,1,35,26,2016,2,13,6,3,2,6,0,0,0,1,0,0,1,0,5.89418E+20,5.3947E+21,1.02152E+16,4.86989E+16
25433,25434,8,4,15,61,2016,2,12,4,3,5,3,0,0,1,1,0,0,0,0,5.16244E+20,5.3723E+21,9.21991E+15,4.85036E+16
25434,25435,8,1,16,49,2016,2,23,6,3,5,7,2,0,0,1,0,0,0,0,5.24329E+20,5.38568E+21,9.33015E+15,4.86237E+16
25435,25436,8,1,36,18,2016,2,17,2,2,9,1,1,2,0,1,0,0,0,0,5.94228E+20,5.42678E+21,1.0288E+16,4.89867E+16
25436,25437,8,1,15,28,2016,2,8,5,3,2,6,0,1,0,1,0,0,0,0,4.98336E+20,5.40402E+21,8.97735E+15,4.87892E+16
25437,25438,8,1,18,48,2016,2,15,2,3,2,6,0,0,0,1,0,0,0,0,5.14417E+20,5.41663E+21,9.19673E+15,4.89025E+16
25438,25439,8,1,21,0,2016,3,21,3,3,3,6,2,1,0,1,0,0,0,0,5.11944E+20,5.44461E+21,9.1638E+15,4.91542E+16
25439,25440,8,1,36,82,2016,2,16,5,3,2,6,0,1,0,1,0,0,0,0,5.84457E+20,5.41564E+21,1.01521E+16,4.8888E+16
25440,25441,8,1,18,48,2016,2,12,6,3,3,6,0,0,0,1,0,0,1,0,5.15271E+20,5.41518E+21,9.20832E+15,4.88893E+16
25441,25442,8,3,15,98,2016,2,23,2,1,5,3,2,0,0,1,0,1,0,0,4.07778E+20,5.31214E+21,7.76475E+15,4.79559E+16
25442,25443,8,4,25,31,2016,2,21,2,3,1,6,2,1,0,1,0,0,1,0,5.73458E+20,5.36768E+21,9.99359E+15,4.8458E+16
25443,25444,8,3,17,96,2016,3,11,3,3,2,2,0,0,0,1,0,0,0,0,4.21551E+20,5.36882E+21,7.93871E+15,4.84676E+16
25444,25445,8,1,25,46,2016,2,0,2,3,2,6,2,0,0,1,0,0,0,0,5.19919E+20,5.43388E+21,9.27265E+15,4.90574E+16
25445,25446,8,1,36,45,2016,3,7,3,3,8,1,0,2,0,1,0,0,0,0,6.04912E+20,5.40684E+21,1.04288E+16,4.88057E+16
25446,25447,8,1,28,138,2016,2,8,5,3,9,1,0,1,0,1,0,0,0,0,5.38394E+20,5.48029E+21,9.52997E+15,4.9474E+16
25447,25448,8,4,36,32,2016,2,12,1,3,9,1,0,0,0,1,0,0,0,0,5.34221E+20,5.30204E+21,9.45761E+15,4.78708E+16
25448,25449,8,2,12,0,2016,2,21,7,2,9,1,2,0,0,1,0,0,0,0,4.52862E+20,5.42981E+21,8.35528E+15,4.90193E+16
25449,25450,8,3,37,127,2016,2,7,5,3,8,1,0,2,0,1,0,0,0,0,4.5711E+20,5.29788E+21,8.42688E+15,4.78328E+16
25450,25451,8,1,11,0,2016,2,9,7,3,6,4,0,0,0,0,1,0,0,1,5.13624E+20,5.40238E+21,9.18543E+15,4.87743E+16
25451,25452,8,2,31,0,2016,3,5,4,3,1,5,2,1,0,1,0,0,1,0,4.75992E+20,5.41627E+21,8.67242E+15,4.88989E+16
25452,25453,8,3,17,96,2016,2,20,6,3,5,3,2,0,0,1,0,0,0,0,4.22018E+20,5.37005E+21,7.94479E+15,4.84787E+16
25453,25454,8,1,16,33,2016,3,16,4,3,2,6,0,1,0,1,0,0,0,0,5.33491E+20,5.38916E+21,9.45475E+15,4.86546E+16
25454,25455,8,4,16,41,2016,2,8,4,3,2,6,0,0,0,1,0,0,0,0,5.06102E+20,5.37437E+21,9.08264E+15,4.85224E+16
25455,25456,8,1,28,6,2016,2,0,5,2,9,1,2,0,0,1,0,0,0,0,5.51014E+20,5.47539E+21,9.70352E+15,4.9429E+16
25456,25457,8,1,15,1,2016,2,10,2,3,5,2,0,1,0,1,0,0,0,0,4.92332E+20,5.39373E+21,8.89579E+15,4.86966E+16
25457,25458,8,1,18,48,2016,3,19,3,3,5,3,2,1,0,1,0,0,0,0,5.1161E+20,5.41847E+21,9.15848E+15,4.89191E+16
25458,25459,8,1,16,46,2016,2,18,1,3,5,3,2,0,0,1,0,0,0,0,5.27292E+20,5.37803E+21,9.36984E+15,4.85548E+16
25459,25460,8,4,36,64,2016,2,16,2,3,2,6,0,1,0,1,0,0,0,0,5.45322E+20,5.29047E+21,9.60484E+15,4.7766E+16
25460,25461,8,1,15,16,2016,3,15,4,2,5,2,0,1,0,1,0,0,0,0,4.89858E+20,5.37732E+21,8.86258E+15,4.85489E+16
25461,25462,8,2,36,4,2016,2,21,1,2,9,1,2,0,0,1,0,0,0,0,4.7071E+20,5.4126E+21,8.60062E+15,4.88657E+16
25462,25463,8,1,11,0,2016,2,5,7,3,2,7,2,0,0,1,0,0,1,0,5.06723E+20,5.39569E+21,9.09139E+15,4.87142E+16
25463,25464,8,4,37,88,2016,2,17,2,3,4,1,2,2,0,1,0,0,0,0,5.21857E+20,5.308E+21,9.29258E+15,4.79249E+16
25464,25465,8,3,37,126,2016,2,17,5,3,5,3,0,1,0,1,0,0,0,0,4.43413E+20,5.27676E+21,8.24661E+15,4.76418E+16
25465,25466,8,4,36,5,2016,2,15,6,3,4,2,0,0,0,1,0,0,0,0,5.4085E+20,5.31036E+21,9.54704E+15,4.79453E+16
25466,25467,8,2,22,0,2016,3,18,4,3,2,6,2,0,0,1,0,0,0,0,4.62356E+20,5.48197E+21,8.48022E+15,4.94892E+16
25467,25468,8,2,37,45,2016,2,7,6,3,6,4,0,0,0,1,1,0,0,0,4.58894E+20,5.36314E+21,8.44442E+15,4.84201E+16
25468,25469,8,1,16,80,2016,3,10,4,3,6,4,0,0,0,1,1,0,0,0,5.16916E+20,5.39609E+21,9.22998E+15,4.87176E+16
25469,25470,8,1,21,0,2016,2,11,5,2,3,6,0,0,0,1,0,0,1,0,5.14572E+20,5.44302E+21,9.19979E+15,4.91398E+16
25470,25471,8,1,16,19,2016,2,12,1,2,3,6,0,0,0,1,0,0,0,0,5.23335E+20,5.39733E+21,9.31731E+15,4.87285E+16
25471,25472,8,1,17,26,2016,3,14,3,3,5,3,0,0,0,1,0,0,0,0,5.48937E+20,5.39478E+21,9.66513E+15,4.87041E+16
25472,25473,8,4,17,8,2016,2,7,2,3,4,2,1,0,0,1,0,0,0,0,4.93286E+20,5.35205E+21,8.90943E+15,4.83216E+16
25473,25474,8,2,15,110,2016,2,11,6,3,8,7,0,0,0,1,0,0,0,0,4.60025E+20,5.41758E+21,8.45445E+15,4.89098E+16
25474,25475,8,1,27,14,2016,2,12,6,1,3,2,0,0,1,0,0,0,1,0,5.75782E+20,5.44106E+21,1.00385E+16,4.91177E+16
25475,25476,8,4,17,57,2016,2,16,2,3,4,1,0,2,0,1,0,0,1,0,4.82421E+20,5.34015E+21,8.76336E+15,4.82144E+16
25476,25477,8,2,35,46,2016,2,6,2,3,2,6,0,0,0,1,0,0,0,0,4.80267E+20,5.37752E+21,8.73262E+15,4.85505E+16
25477,25478,8,4,35,16,2016,3,14,3,3,5,3,0,1,0,1,0,0,0,0,5.35212E+20,5.2814E+21,9.4692E+15,4.7685E+16
25478,25479,8,2,25,75,2016,3,7,3,3,4,6,0,1,0,1,0,0,0,0,5.31055E+20,5.47654E+21,9.42838E+15,4.94407E+16
25479,25480,8,1,19,79,2016,2,12,5,3,2,6,0,0,0,1,0,0,0,0,5.22302E+20,5.40763E+21,9.30383E+15,4.88212E+16
25480,25481,8,3,35,28,2016,2,14,2,3,5,3,0,1,0,1,0,0,0,0,4.81013E+20,5.28874E+21,8.74668E+15,4.77518E+16
25481,25482,8,2,16,12,2016,2,17,6,3,0,3,1,0,0,1,0,0,0,0,4.43426E+20,5.41935E+21,8.22769E+15,4.89245E+16
25482,25483,8,4,36,85,2016,3,7,3,3,2,6,0,2,0,1,0,0,0,0,5.60815E+20,5.3017E+21,9.81316E+15,4.78657E+16
25483,25484,8,2,31,0,2016,3,13,3,2,2,6,0,0,0,1,0,0,1,0,4.84985E+20,5.41191E+21,8.7953E+15,4.88599E+16
25484,25485,8,1,19,79,2016,2,21,5,3,8,1,2,0,0,1,0,0,0,0,5.23485E+20,5.40824E+21,9.31998E+15,4.88267E+16
25485,25486,8,3,16,37,2016,2,20,7,3,3,6,2,0,0,1,0,0,0,0,4.0888E+20,5.33222E+21,7.77522E+15,4.81367E+16
25486,25487,8,1,11,0,2016,3,13,3,3,2,6,0,0,0,1,0,0,0,0,5.14708E+20,5.40605E+21,9.20032E+15,4.88073E+16
25487,25488,8,4,15,92,2016,2,17,2,3,2,6,0,2,0,1,0,0,0,0,5.19603E+20,5.36181E+21,9.26489E+15,4.84092E+16
25488,25489,8,1,36,88,2016,3,20,4,3,2,6,2,1,0,1,0,0,0,0,5.80194E+20,5.41151E+21,1.00932E+16,4.88513E+16
25489,25490,8,1,18,51,2016,2,13,6,3,2,6,0,0,0,1,0,0,0,0,5.09439E+20,5.41225E+21,9.12869E+15,4.88631E+16
25490,25491,8,1,19,90,2016,2,7,6,3,5,3,0,0,0,1,0,0,0,0,5.31885E+20,5.40651E+21,9.43428E+15,4.88107E+16
25491,25492,8,3,15,113,2016,2,17,2,3,2,1,1,2,0,1,0,0,0,1,4.37816E+20,5.31575E+21,8.1665E+15,4.7992E+16
25492,25493,8,2,15,7,2016,2,17,2,2,6,7,0,0,0,0,1,0,0,1,4.78493E+20,5.43102E+21,8.70577E+15,4.90317E+16
25493,25494,8,3,37,126,2016,3,20,3,3,8,1,2,0,0,1,0,0,0,0,4.48594E+20,5.27733E+21,8.31552E+15,4.76473E+16
25494,25495,8,1,27,59,2016,2,19,2,2,9,1,2,2,0,1,0,0,0,0,5.48598E+20,5.43833E+21,9.6657E+15,4.90959E+16
25495,25496,8,1,21,0,2016,3,6,3,3,2,6,1,0,0,1,0,0,0,0,5.14441E+20,5.44808E+21,9.19817E+15,4.91854E+16
25496,25497,8,1,19,85,2016,2,6,5,2,6,2,1,1,0,1,1,0,0,0,5.29432E+20,5.41414E+21,9.40142E+15,4.88795E+16
25497,25498,8,1,11,0,2016,2,17,2,3,2,6,1,1,0,1,0,0,0,0,5.12263E+20,5.39483E+21,9.16669E+15,4.87063E+16
25498,25499,8,2,26,103,2016,2,14,7,3,2,6,0,0,0,1,0,0,0,0,4.71298E+20,5.45653E+21,8.60552E+15,4.92609E+16
25499,25500,8,2,15,107,2016,2,11,7,3,2,2,0,0,0,1,0,0,0,0,4.62247E+20,5.45676E+21,8.4811E+15,4.92624E+16
25500,25501,8,3,35,43,2016,2,8,5,3,6,2,1,1,0,1,1,0,0,0,5.11845E+20,5.28109E+21,9.15783E+15,4.76831E+16
25501,25502,8,1,16,78,2016,2,13,7,3,4,1,0,0,0,1,0,0,0,0,5.10754E+20,5.39254E+21,9.14612E+15,4.86858E+16
25502,25503,8,2,26,32,2016,3,8,4,3,0,7,0,0,0,1,0,0,1,0,4.68054E+20,5.46444E+21,8.56031E+15,4.93319E+16
25503,25504,8,3,26,68,2016,2,13,7,3,4,2,0,0,0,1,0,0,0,0,4.48308E+20,5.32136E+21,8.30645E+15,4.80434E+16
25504,25505,8,2,35,65,2016,2,13,7,3,4,5,0,0,0,1,0,0,0,0,4.74348E+20,5.40396E+21,8.65076E+15,4.87881E+16
25505,25506,8,1,21,0,2016,2,18,7,3,0,7,1,0,0,1,0,0,0,0,5.1476E+20,5.445E+21,9.20244E+15,4.91576E+16
25506,25507,8,1,26,47,2016,3,17,4,2,5,2,0,1,0,1,0,0,0,0,5.49966E+20,5.45016E+21,9.68591E+15,4.92022E+16
25507,25508,8,1,36,2,2016,2,13,6,1,4,6,0,0,0,1,0,0,0,0,5.73686E+20,5.41656E+21,1.00054E+16,4.88976E+16
25508,25509,8,1,18,79,2016,2,8,6,3,2,6,0,0,0,1,0,0,0,1,5.10244E+20,5.42117E+21,9.13989E+15,4.89434E+16
25509,25510,8,1,15,42,2016,2,7,2,3,3,6,0,0,0,1,0,0,0,0,4.93906E+20,5.40677E+21,8.91699E+15,4.88139E+16
25510,25511,8,1,19,67,2016,2,16,2,3,4,6,1,2,0,1,0,0,0,0,5.37561E+20,5.40299E+21,9.51127E+15,4.87788E+16
25511,25512,8,1,35,19,2016,3,19,3,3,5,3,2,0,0,1,0,0,0,0,5.85034E+20,5.39215E+21,1.01551E+16,4.86766E+16
25512,25513,8,1,18,76,2016,2,18,5,3,9,1,2,0,0,0,0,1,0,0,5.01448E+20,5.42629E+21,9.01979E+15,4.89895E+16
25513,25514,8,3,16,37,2016,2,16,1,3,5,3,0,0,0,1,0,0,0,0,4.06841E+20,5.33439E+21,7.74736E+15,4.81559E+16
25514,25515,8,2,16,9,2016,2,2,7,2,9,1,2,0,0,1,0,0,0,0,4.45303E+20,5.4206E+21,8.25314E+15,4.89359E+16
25515,25516,8,3,35,22,2016,2,7,5,3,8,1,0,2,0,1,0,0,0,0,4.83488E+20,5.30185E+21,8.7792E+15,4.78697E+16
25516,25517,8,4,36,10,2016,2,16,6,2,5,3,0,0,0,1,0,0,0,0,5.67509E+20,5.30586E+21,9.90331E+15,4.79025E+16
25517,25518,8,2,26,65,2016,3,21,4,3,7,7,2,0,0,1,0,0,0,0,4.78237E+20,5.45678E+21,8.70088E+15,4.92634E+16
25518,25519,8,2,26,68,2016,2,11,6,3,2,6,0,0,0,1,0,0,0,0,4.69926E+20,5.46163E+21,8.58628E+15,4.93067E+16
25519,25520,8,1,16,19,2016,3,16,4,3,3,6,0,1,0,1,0,1,0,0,5.22583E+20,5.39797E+21,9.30712E+15,4.87344E+16
25520,25521,8,3,16,43,2016,2,7,4,3,2,6,0,0,0,1,0,0,0,0,4.09198E+20,5.33152E+21,7.77966E+15,4.81304E+16
25521,25522,8,1,18,51,2016,2,13,5,2,5,3,0,0,0,1,0,0,0,1,5.10383E+20,5.41484E+21,9.14164E+15,4.88864E+16
25522,25523,8,1,11,0,2016,2,6,2,3,5,3,1,0,0,1,0,0,0,0,5.13031E+20,5.41023E+21,9.17761E+15,4.88449E+16
25523,25524,8,3,36,69,2016,2,22,6,3,5,3,2,0,0,1,0,0,0,0,4.06661E+20,5.26918E+21,7.75902E+15,4.75693E+16
25524,25525,8,1,18,48,2016,3,7,4,3,5,3,0,0,0,1,0,0,0,0,5.14898E+20,5.41518E+21,9.20324E+15,4.88894E+16
25525,25526,8,1,28,14,2016,2,9,6,2,9,7,0,0,0,1,0,0,0,0,5.44373E+20,5.47891E+21,9.61234E+15,4.94612E+16
25526,25527,8,3,36,84,2016,2,18,4,3,5,3,2,1,0,1,0,0,0,0,4.07632E+20,5.27771E+21,7.77012E+15,4.76462E+16
25527,25528,8,1,16,49,2016,2,13,6,2,5,3,0,0,1,1,0,0,0,0,5.25401E+20,5.38514E+21,9.34466E+15,4.86188E+16
25528,25529,8,1,35,32,2016,2,22,2,3,4,6,2,2,0,1,0,0,0,0,5.8072E+20,5.3927E+21,1.00967E+16,4.86822E+16
25529,25530,8,1,17,49,2016,2,15,5,3,2,6,0,1,0,1,0,0,0,1,5.5355E+20,5.39067E+21,9.72729E+15,4.86668E+16
25530,25531,8,1,18,79,2016,2,7,2,3,2,6,0,0,0,1,0,0,0,0,5.0928E+20,5.4228E+21,9.12676E+15,4.8958E+16
25531,25532,8,1,19,75,2016,3,6,3,2,5,2,1,1,0,1,0,0,1,0,5.36669E+20,5.42812E+21,9.50139E+15,4.90049E+16
25532,25533,8,1,16,80,2016,2,19,5,3,4,6,2,0,0,1,0,0,0,0,5.22401E+20,5.39608E+21,9.30455E+15,4.87174E+16
25533,25534,8,2,16,41,2016,2,1,1,2,5,3,2,0,0,1,0,0,0,0,4.3426E+20,5.39222E+21,8.10692E+15,4.86796E+16
25534,25535,8,1,36,18,2016,2,14,7,3,2,6,0,0,0,1,0,0,1,0,5.86709E+20,5.43227E+21,1.01864E+16,4.90372E+16
25535,25536,8,4,37,100,2016,2,19,2,3,2,1,2,2,0,1,0,0,0,0,5.38315E+20,5.31722E+21,9.51371E+15,4.80071E+16
25536,25537,8,3,17,31,2016,2,19,5,3,5,3,2,0,0,1,0,0,0,0,4.18741E+20,5.35865E+21,7.90267E+15,4.83758E+16
25537,25538,8,4,16,11,2016,2,18,6,3,3,6,2,0,0,1,0,0,0,0,5.04815E+20,5.36875E+21,9.06514E+15,4.84718E+16
25538,25539,8,2,26,28,2016,3,21,4,3,5,3,2,1,0,1,0,0,0,0,4.71262E+20,5.48363E+21,8.60307E+15,4.95046E+16
25539,25540,8,3,37,62,2016,2,18,2,2,4,6,1,1,0,1,0,0,0,0,4.50558E+20,5.27357E+21,8.3421E+15,4.76136E+16
25540,25541,8,2,36,73,2016,2,12,6,3,2,6,0,0,0,1,0,0,0,0,4.80174E+20,5.42369E+21,8.72912E+15,4.89658E+16
25541,25542,8,1,11,0,2016,3,9,4,3,4,1,0,1,0,1,0,0,0,0,5.09659E+20,5.40662E+21,9.13157E+15,4.88125E+16
25542,25543,8,1,16,56,2016,2,5,5,2,2,6,2,1,0,1,0,0,0,0,5.32379E+20,5.39447E+21,9.44007E+15,4.87024E+16
25543,25544,8,4,16,48,2016,2,10,7,3,6,7,0,0,0,0,1,0,0,1,4.94123E+20,5.37657E+21,8.92038E+15,4.85422E+16
25544,25545,8,1,16,70,2016,3,17,3,3,3,6,0,0,0,1,0,0,0,1,5.40171E+20,5.38575E+21,9.54512E+15,4.86235E+16
25545,25546,8,4,16,41,2016,2,16,2,3,2,6,1,1,0,1,0,0,0,0,5.04438E+20,5.37217E+21,9.06008E+15,4.85026E+16
25546,25547,8,1,18,80,2016,3,16,3,3,5,3,0,0,0,1,0,1,0,0,5.06487E+20,5.41025E+21,9.08842E+15,4.88452E+16
25547,25548,8,4,26,87,2016,2,17,2,2,6,4,0,2,0,1,1,0,0,0,5.65196E+20,5.31995E+21,9.87449E+15,4.80295E+16
25548,25549,8,3,17,56,2016,2,17,5,3,0,1,0,0,0,1,0,1,0,0,4.34366E+20,5.38416E+21,8.10963E+15,4.8607E+16
25549,25550,8,1,15,45,2016,3,18,4,3,2,6,2,1,0,1,0,0,0,0,5.02038E+20,5.39427E+21,9.0277E+15,4.87015E+16
25550,25551,8,3,27,46,2016,2,14,2,3,4,1,0,2,0,1,0,0,0,0,4.77561E+20,5.32311E+21,8.69883E+15,4.80609E+16
25551,25552,8,4,36,39,2016,3,8,3,3,8,1,0,2,0,1,0,0,0,0,5.47873E+20,5.28798E+21,9.63861E+15,4.77434E+16
25552,25553,8,2,12,0,2016,3,20,3,3,5,3,2,1,0,1,0,0,0,1,4.52984E+20,5.42894E+21,8.35706E+15,4.90116E+16
25553,25554,8,1,11,0,2016,2,9,5,2,5,3,0,1,0,1,0,0,0,0,5.14702E+20,5.39339E+21,9.19978E+15,4.86934E+16
25554,25555,8,3,37,128,2016,2,10,7,2,4,1,0,1,0,1,0,0,0,0,4.48351E+20,5.28758E+21,8.31107E+15,4.77396E+16
25555,25556,8,1,26,28,2016,3,12,4,3,8,1,0,1,0,1,0,0,0,0,5.3264E+20,5.45784E+21,9.4487E+15,4.92724E+16
25556,25557,8,1,36,87,2016,2,19,6,3,3,6,2,0,0,1,0,0,0,1,6.04373E+20,5.41141E+21,1.04226E+16,4.88469E+16
25557,25558,8,1,19,55,2016,2,13,6,3,2,6,0,0,0,1,0,0,1,0,5.44694E+20,5.40366E+21,9.60843E+15,4.87844E+16
25558,25559,8,3,15,98,2016,2,19,2,3,2,1,2,1,0,1,0,0,0,0,4.04293E+20,5.31311E+21,7.71787E+15,4.79642E+16
25559,25560,8,4,25,71,2016,2,17,2,2,5,3,1,2,0,1,0,0,0,1,5.53111E+20,5.36677E+21,9.71828E+15,4.84519E+16
25560,25561,8,3,26,10,2016,3,7,3,3,4,1,0,2,0,1,0,0,0,0,4.65886E+20,5.32854E+21,8.54171E+15,4.81092E+16
25561,25562,8,1,26,46,2016,2,19,2,3,5,3,2,1,0,1,0,0,0,0,5.5196E+20,5.45877E+21,9.71441E+15,4.92795E+16
25562,25563,8,1,11,0,2016,3,7,3,3,2,6,0,1,0,1,0,0,1,0,5.14147E+20,5.39365E+21,9.19225E+15,4.86957E+16
25563,25564,8,1,25,65,2016,2,21,6,3,2,6,2,0,0,1,0,0,1,0,5.14183E+20,5.44827E+21,9.19464E+15,4.91871E+16
25564,25565,8,1,26,86,2016,2,13,6,3,5,3,0,0,0,1,0,0,0,0,5.43281E+20,5.46206E+21,9.59544E+15,4.93097E+16
25565,25566,8,3,17,1,2016,2,13,2,3,5,3,0,0,0,1,0,0,0,0,4.26398E+20,5.38564E+21,8.00129E+15,4.86195E+16
25566,25567,8,2,26,31,2016,2,18,2,3,5,3,2,0,0,1,0,0,0,0,4.75174E+20,5.49362E+21,8.65647E+15,4.95947E+16
25567,25568,8,4,26,71,2016,3,6,3,3,9,7,0,2,0,1,0,0,0,0,5.68659E+20,5.33328E+21,9.92308E+15,4.8149E+16
25568,25569,8,2,21,0,2016,3,20,3,2,0,1,2,1,0,0,0,1,0,0,4.77309E+20,5.46963E+21,8.68739E+15,4.93789E+16
25569,25570,8,1,11,0,2016,2,12,5,3,2,6,0,0,0,1,0,0,1,0,5.14085E+20,5.40401E+21,9.19176E+15,4.87889E+16
25570,25571,8,1,11,0,2016,2,14,2,2,6,7,0,0,0,1,1,0,0,0,5.09828E+20,5.4038E+21,9.1338E+15,4.87871E+16
25571,25572,8,3,17,65,2016,2,19,7,3,2,6,0,0,0,1,0,0,1,0,4.14189E+20,5.35416E+21,7.84213E+15,4.83348E+16
25572,25573,8,2,36,44,2016,2,3,7,2,8,1,2,0,0,1,0,0,0,0,4.823E+20,5.40591E+21,8.75895E+15,4.8806E+16
25573,25574,8,1,19,86,2016,2,15,7,2,8,1,0,0,0,1,0,0,0,0,5.34689E+20,5.4062E+21,9.47245E+15,4.88078E+16
25574,25575,8,4,15,61,2016,2,7,6,3,6,4,0,0,1,0,1,1,0,0,5.15466E+20,5.37128E+21,9.20933E+15,4.84945E+16
25575,25576,8,1,25,13,2016,3,13,4,3,5,3,0,1,1,1,0,0,0,0,5.04796E+20,5.4358E+21,9.06567E+15,4.9075E+16
25576,25577,8,1,35,20,2016,2,6,6,3,5,3,1,0,0,1,0,0,0,0,5.86856E+20,5.38269E+21,1.01779E+16,4.85913E+16
25577,25578,8,1,16,14,2016,2,19,6,3,2,6,2,0,0,1,0,0,0,0,5.2658E+20,5.39575E+21,9.36134E+15,4.87142E+16
25578,25579,8,1,36,7,2016,2,7,2,3,2,6,0,1,0,1,0,0,0,0,5.71762E+20,5.40033E+21,9.9763E+15,4.87519E+16
25579,25580,8,1,19,67,2016,2,16,2,2,4,6,0,2,0,1,0,0,0,0,5.41556E+20,5.40049E+21,9.5654E+15,4.8756E+16
25580,25581,8,1,25,63,2016,3,9,3,3,9,1,0,2,0,1,0,0,0,0,5.24449E+20,5.46324E+21,9.33644E+15,4.93214E+16
25581,25582,8,1,11,0,2016,2,12,5,3,2,6,0,0,0,1,0,0,0,0,5.14061E+20,5.40398E+21,9.19143E+15,4.87887E+16
25582,25583,8,3,11,0,2016,2,13,1,3,2,6,0,0,0,1,0,0,0,0,4.11421E+20,5.32382E+21,7.81112E+15,4.80615E+16
25583,25584,8,1,18,11,2016,2,19,7,3,3,6,2,0,0,1,0,0,0,0,5.05121E+20,5.40703E+21,9.06976E+15,4.88163E+16
25584,25585,8,1,11,0,2016,3,7,3,3,5,2,0,1,0,1,0,0,0,0,5.15397E+20,5.40325E+21,9.20959E+15,4.87821E+16
25585,25586,8,3,17,96,2016,2,18,5,1,6,4,2,0,0,1,1,0,0,0,4.2276E+20,5.37033E+21,7.95478E+15,4.84814E+16
25586,25587,8,1,11,0,2016,2,18,5,3,8,1,2,0,0,1,0,0,0,0,5.12683E+20,5.40172E+21,9.1726E+15,4.87683E+16
25587,25588,8,4,36,47,2016,2,6,1,3,8,7,0,0,0,1,0,0,0,0,5.33665E+20,5.30978E+21,9.45079E+15,4.79404E+16
25588,25589,8,2,22,0,2016,2,16,7,3,3,6,0,0,0,1,0,0,0,0,4.68172E+20,5.48334E+21,8.56041E+15,4.95019E+16
25589,25590,8,2,15,25,2016,2,9,7,2,5,3,0,0,0,1,0,0,0,0,4.7528E+20,5.43327E+21,8.66167E+15,4.90518E+16
25590,25591,8,3,17,5,2016,2,13,5,2,0,7,0,0,0,0,0,1,0,0,4.2603E+20,5.37487E+21,7.99822E+15,4.85226E+16
25591,25592,8,1,11,0,2016,2,15,7,3,2,6,0,0,0,1,0,0,0,0,5.1435E+20,5.40294E+21,9.19533E+15,4.87793E+16
25592,25593,8,2,12,0,2016,3,7,4,3,2,6,0,1,0,1,0,0,0,0,4.60126E+20,5.42825E+21,8.45478E+15,4.90059E+16
25593,25594,8,3,17,39,2016,2,7,6,2,3,6,1,0,0,0,0,1,1,0,4.40495E+20,5.34717E+21,8.19802E+15,4.82749E+16
25594,25595,8,1,16,33,2016,3,15,4,3,3,2,0,1,1,1,0,0,0,0,5.31112E+20,5.38941E+21,9.42246E+15,4.8657E+16
25595,25596,8,3,36,69,2016,2,21,4,3,5,3,2,1,0,1,0,0,0,0,4.08971E+20,5.26817E+21,7.78993E+15,4.75606E+16
25596,25597,8,1,11,0,2016,2,15,6,3,2,6,0,0,0,1,0,0,0,0,5.12218E+20,5.39947E+21,9.1662E+15,4.87481E+16
25597,25598,8,1,11,0,2016,2,19,5,3,2,6,2,0,0,1,0,0,0,0,5.18716E+20,5.40642E+21,9.25492E+15,4.88105E+16
25598,25599,8,1,16,73,2016,2,15,2,3,6,4,0,1,0,1,1,0,0,0,5.21039E+20,5.38927E+21,9.28568E+15,4.86561E+16
25599,25600,8,1,18,54,2016,3,20,3,3,2,6,2,1,0,1,0,0,0,0,5.16381E+20,5.4229E+21,9.22378E+15,4.89588E+16
25600,25601,8,1,17,26,2016,2,21,1,3,2,6,2,1,0,1,0,0,0,0,5.47787E+20,5.39522E+21,9.64956E+15,4.87081E+16
25601,25602,8,4,36,47,2016,2,8,2,2,8,1,0,1,0,0,0,0,1,0,5.36437E+20,5.30965E+21,9.48788E+15,4.79391E+16
25602,25603,8,3,15,39,2016,2,7,5,3,4,1,0,2,0,1,0,0,0,0,4.50363E+20,5.30288E+21,8.33616E+15,4.78773E+16
25603,25604,8,4,15,61,2016,2,13,6,3,8,1,0,0,0,1,0,0,0,0,5.1318E+20,5.36396E+21,9.17817E+15,4.84286E+16