FID,OBJECTID,ULAND,UREGBEZ,UKREIS,UGEMEINDE,UJAHR,UMONAT,USTUNDE,UWOCHENTAG,UKATEGORIE,UART,UTYP1,ULICHTVERH,IstStrasse,IstRad,IstPKW,IstFuss,IstKrad,IstGkfz,IstSonstig,LINREFX,LINREFY,XGCSWGS84,YGCSWGS84
25786,25787,8,2,22,0,2016,3,16,4,3,1,6,0,0,0,1,0,0,0,0,4.61438E+20,5.48084E+21,8.46766E+15,4.94789E+16
25787,25788,8,3,25,53,2016,3,15,7,2,5,3,0,0,1,1,0,0,0,0,4.56611E+20,5.34207E+21,8.41573E+15,4.82304E+16
25788,25789,8,1,16,49,2016,3,21,7,3,2,6,2,0,0,1,0,0,0,0,5.2578E+20,5.3841E+21,9.34974E+15,4.86094E+16
25789,25790,8,4,26,21,2016,3,12,6,3,2,6,0,0,0,1,0,0,0,0,5.59547E+20,5.32731E+21,9.79975E+15,4.80962E+16
25790,25791,8,2,16,49,2016,3,8,5,3,2,6,0,1,0,1,0,0,0,0,4.39454E+20,5.40299E+21,8.17589E+15,4.8777E+16
25791,25792,8,2,22,0,2016,3,15,2,3,2,6,0,1,0,1,0,0,0,0,4.62597E+20,5.47972E+21,8.48376E+15,4.94689E+16
25792,25793,8,3,15,6,2016,3,18,6,3,5,2,2,1,0,1,0,0,0,0,4.04095E+20,5.30794E+21,7.71636E+15,4.79176E+16
25793,25794,8,3,35,63,2016,3,15,3,3,9,1,0,2,0,1,0,0,0,0,4.97463E+20,5.29072E+21,8.96615E+15,4.77699E+16
25794,25795,8,2,26,28,2016,3,18,6,2,6,4,1,1,0,1,1,0,0,0,4.71302E+20,5.48382E+21,8.6036E+15,4.95064E+16
25795,25796,8,1,36,28,2016,3,8,3,3,5,3,0,1,0,1,0,0,0,0,5.67735E+20,5.40504E+21,9.92229E+15,4.87947E+16
25796,25797,8,4,26,62,2016,3,18,5,3,8,1,2,1,0,1,0,0,0,0,5.55343E+20,5.32257E+21,9.74268E+15,4.8054E+16
25797,25798,8,3,26,55,2016,3,17,4,3,4,6,0,2,0,1,0,0,0,0,4.3735E+20,5.33337E+21,8.15768E+15,4.81505E+16
25798,25799,8,3,15,6,2016,3,7,5,3,1,6,0,0,0,1,0,0,0,0,4.04071E+20,5.30794E+21,7.71604E+15,4.79176E+16
25799,25800,8,4,36,64,2016,3,10,4,3,2,6,0,1,0,1,0,0,0,0,5.42671E+20,5.29134E+21,9.56954E+15,4.7774E+16
25800,25801,8,4,15,59,2016,3,10,4,2,8,7,0,0,0,1,0,0,1,1,5.1688E+20,5.37E+21,9.22842E+15,4.84829E+16
25801,25802,8,4,17,31,2016,3,14,7,3,5,3,0,1,0,1,0,1,0,0,4.96873E+20,5.35499E+21,8.95779E+15,4.83481E+16
25802,25803,8,1,36,20,2016,3,17,4,3,2,6,0,0,0,1,0,0,0,0,5.64465E+20,5.41509E+21,9.87936E+15,4.88854E+16
25803,25804,8,3,25,53,2016,3,6,5,3,1,6,1,2,0,1,0,0,0,0,4.52807E+20,5.33758E+21,8.36502E+15,4.81897E+16
25804,25805,8,1,19,87,2016,3,1,1,3,8,1,2,1,0,0,0,0,0,1,5.30831E+20,5.4239E+21,9.42124E+15,4.89672E+16
25805,25806,8,4,36,64,2016,3,8,4,3,5,3,0,1,1,1,0,0,0,0,5.46336E+20,5.29166E+21,9.6185E+15,4.77767E+16
25806,25807,8,4,25,20,2016,3,21,2,3,8,2,2,1,0,1,0,0,0,0,5.5834E+20,5.36152E+21,9.78826E+15,4.84041E+16
25807,25808,8,4,36,64,2016,3,11,7,3,2,6,0,1,0,1,0,0,0,0,5.46056E+20,5.2935E+21,9.61496E+15,4.77933E+16
25808,25809,8,2,15,39,2016,3,12,4,3,2,6,0,0,0,1,0,0,0,0,4.71747E+20,5.45248E+21,8.61198E+15,4.92245E+16
25809,25810,8,3,16,11,2016,3,22,7,3,5,3,2,1,0,1,0,0,0,0,4.14594E+20,5.32906E+21,7.85265E+15,4.81091E+16
25810,25811,8,4,15,59,2016,3,12,6,3,2,6,0,0,0,1,0,0,0,0,5.16555E+20,5.37016E+21,9.22404E+15,4.84844E+16
25811,25812,8,2,16,41,2016,3,13,5,3,5,3,0,1,0,1,0,0,1,0,4.34945E+20,5.39078E+21,8.11645E+15,4.86667E+16
25812,25813,8,1,35,25,2016,3,14,2,3,1,6,0,1,0,1,0,0,0,0,5.81085E+20,5.39826E+21,1.01027E+16,4.87321E+16
25813,25814,8,2,31,0,2016,3,19,6,3,2,6,2,1,0,1,0,0,0,1,4.84549E+20,5.4135E+21,8.78928E+15,4.88742E+16
25814,25815,8,3,17,65,2016,3,17,3,3,2,6,0,0,0,1,0,0,0,0,4.10922E+20,5.35678E+21,7.7975E+15,4.83579E+16
25815,25816,8,2,15,82,2016,3,7,6,3,9,1,0,2,0,1,0,0,0,0,4.90867E+20,5.43881E+21,8.87487E+15,4.91021E+16
25816,25817,8,1,25,61,2016,3,10,3,2,8,1,0,0,0,1,0,0,0,0,5.05292E+20,5.44741E+21,9.07261E+15,4.91795E+16
25817,25818,8,3,17,57,2016,3,6,4,3,5,3,1,0,0,1,0,1,0,0,4.16903E+20,5.38215E+21,7.87318E+15,4.85869E+16
25818,25819,8,3,25,57,2016,3,9,4,3,5,3,0,0,0,1,0,0,0,1,4.7326E+20,5.35856E+21,8.63887E+15,4.83797E+16
25819,25820,8,3,37,123,2016,3,18,7,3,1,6,2,1,0,1,0,0,0,0,4.52225E+20,5.27895E+21,8.36368E+15,4.76622E+16
25820,25821,8,1,18,49,2016,3,13,4,3,3,2,0,0,1,0,0,0,1,0,5.22079E+20,5.4221E+21,9.30157E+15,4.89514E+16
25821,25822,8,1,18,53,2016,3,15,7,2,3,1,0,1,0,1,0,0,0,0,5.17405E+20,5.42808E+21,9.23798E+15,4.90054E+16
25822,25823,8,4,36,85,2016,3,16,1,3,8,7,0,1,0,1,0,0,0,0,5.59246E+20,5.30051E+21,9.79201E+15,4.78552E+16
25823,25824,8,1,17,51,2016,3,18,2,3,5,3,2,0,0,1,0,0,0,0,5.42848E+20,5.39534E+21,9.58244E+15,4.87096E+16
25824,25825,8,2,36,11,2016,3,6,3,3,8,1,1,1,0,1,0,0,0,0,4.74593E+20,5.42255E+21,8.65295E+15,4.89554E+16
25825,25826,8,2,26,6,2016,3,14,7,2,9,1,0,1,0,1,0,0,0,0,4.85196E+20,5.46693E+21,8.79615E+15,4.93549E+16
25826,25827,8,3,26,74,2016,3,7,6,3,2,6,0,2,0,1,0,0,0,0,4.66255E+20,5.32548E+21,8.54691E+15,4.80817E+16
25827,25828,8,1,15,51,2016,3,21,2,3,2,6,2,0,0,1,0,0,0,0,5.04728E+20,5.38258E+21,9.06412E+15,4.85963E+16
25828,25829,8,1,26,58,2016,3,17,5,3,2,7,0,0,0,1,0,0,1,0,5.4527E+20,5.45108E+21,9.62156E+15,4.92108E+16
25829,25830,8,1,19,55,2016,3,11,2,3,5,3,0,1,0,1,0,0,0,0,5.43107E+20,5.4045E+21,9.58691E+15,4.8792E+16
25830,25831,8,2,36,71,2016,3,7,6,2,5,3,0,0,1,1,0,0,0,0,4.68715E+20,5.42237E+21,8.57268E+15,4.89534E+16
25831,25832,8,3,36,14,2016,3,14,3,2,8,1,0,1,0,1,0,0,0,0,3.88987E+20,5.2831E+21,7.52057E+15,4.76918E+16
25832,25833,8,1,21,0,2016,3,19,6,3,2,6,2,1,0,1,0,0,0,0,5.12852E+20,5.44852E+21,9.17639E+15,4.91894E+16
25833,25834,8,1,19,4,2016,3,15,3,3,2,2,0,0,0,1,0,0,0,0,5.4177E+20,5.4182E+21,9.57012E+15,4.89153E+16
25834,25835,8,4,16,41,2016,3,21,2,3,2,6,2,0,0,1,0,0,0,0,5.06095E+20,5.37438E+21,9.08255E+15,4.85225E+16
25835,25836,8,3,17,89,2016,3,13,4,3,2,2,0,0,0,1,0,1,0,0,4.30346E+20,5.37549E+21,8.05656E+15,4.85287E+16
25836,25837,8,4,26,78,2016,3,1,7,2,8,1,2,1,0,1,0,0,0,0,5.44347E+20,5.32558E+21,9.59545E+15,4.80819E+16
25837,25838,8,4,35,47,2016,3,17,4,3,5,3,0,0,0,1,0,0,0,0,5.12935E+20,5.29515E+21,9.17276E+15,4.78096E+16
25838,25839,8,4,36,9,2016,3,17,3,3,2,6,0,1,0,1,0,0,0,0,5.53906E+20,5.30498E+21,9.72119E+15,4.78959E+16
25839,25840,8,3,25,57,2016,3,1,1,2,8,1,2,1,0,1,0,0,0,0,4.7323E+20,5.35649E+21,8.6386E+15,4.8361E+16
25840,25841,8,1,19,20,2016,3,22,6,3,6,6,2,1,0,0,1,0,0,1,5.1969E+20,5.40535E+21,9.26814E+15,4.88009E+16
25841,25842,8,4,17,10,2016,3,14,5,3,2,6,0,1,0,1,0,0,0,0,5.07009E+20,5.3426E+21,9.09439E+15,4.82365E+16
25842,25843,8,1,16,35,2016,3,17,1,3,3,6,0,0,0,1,0,0,0,1,5.25746E+20,5.39125E+21,9.34971E+15,4.86738E+16
25843,25844,8,4,35,16,2016,3,16,4,3,2,6,0,1,0,1,0,0,0,0,5.3631E+20,5.27894E+21,9.48361E+15,4.76629E+16
25844,25845,8,1,15,3,2016,3,20,3,3,2,6,2,0,0,1,0,0,0,0,4.96296E+20,5.39316E+21,8.94967E+15,4.86915E+16
25845,25846,8,2,35,50,2016,3,6,2,3,9,1,0,2,0,1,0,0,0,0,4.68861E+20,5.39255E+21,8.57693E+15,4.86852E+16
25846,25847,8,2,26,85,2016,3,14,4,3,5,3,0,0,0,1,0,0,0,0,4.93972E+20,5.45315E+21,8.9172E+15,4.92311E+16
25847,25848,8,2,15,9,2016,3,0,1,3,9,1,2,0,0,1,0,0,0,0,4.67232E+20,5.44046E+21,8.55095E+15,4.91161E+16
25848,25849,8,1,25,56,2016,3,15,6,2,2,1,0,1,0,1,0,0,0,0,5.11509E+20,5.43527E+21,9.15757E+15,4.90701E+16
25849,25850,8,1,18,79,2016,3,7,3,3,2,6,0,0,0,1,0,0,0,0,5.10149E+20,5.42149E+21,9.1386E+15,4.89462E+16
25850,25851,8,3,11,0,2016,3,16,2,3,2,2,0,0,0,1,0,0,0,0,4.13357E+20,5.31613E+21,7.83866E+15,4.79926E+16
25851,25852,8,2,15,64,2016,3,7,4,2,4,2,0,0,0,1,0,0,0,1,4.77565E+20,5.45133E+21,8.69195E+15,4.92143E+16
25852,25853,8,1,27,46,2016,3,10,7,2,5,3,0,1,0,1,0,0,0,0,5.71032E+20,5.44956E+21,9.97496E+15,4.91947E+16
25853,25854,8,4,21,0,2016,3,8,4,2,4,2,0,0,0,1,0,0,0,0,5.70842E+20,5.36135E+21,9.95714E+15,4.84013E+16
25854,25855,8,4,17,13,2016,3,7,3,3,1,6,0,1,0,1,0,0,0,0,5.04875E+20,5.35023E+21,9.06574E+15,4.83052E+16
25855,25856,8,3,15,76,2016,3,5,1,3,5,3,2,0,0,1,0,0,0,0,3.9421E+20,5.29681E+21,7.58682E+15,4.78159E+16
25856,25857,8,2,26,85,2016,3,15,3,2,2,6,0,0,0,1,0,0,0,0,4.89119E+20,5.45492E+21,8.85049E+15,4.9247E+16
25857,25858,8,1,16,77,2016,3,20,6,3,0,3,2,1,0,1,0,1,0,0,5.13741E+20,5.38957E+21,9.1866E+15,4.8659E+16
25858,25859,8,3,35,77,2016,3,17,5,3,5,3,0,1,0,1,0,0,0,0,4.94189E+20,5.29478E+21,8.92239E+15,4.78064E+16
25859,25860,8,1,26,85,2016,3,5,1,3,9,1,2,1,0,1,0,0,0,0,5.47024E+20,5.44869E+21,9.64535E+15,4.91892E+16
25860,25861,8,4,35,66,2016,3,16,4,2,5,3,0,0,0,1,0,0,0,0,5.17879E+20,5.28694E+21,9.23846E+15,4.77356E+16
25861,25862,8,4,37,88,2016,3,11,2,3,4,6,0,0,0,1,0,0,0,1,5.21835E+20,5.30542E+21,9.29216E+15,4.79017E+16
25862,25863,8,4,35,35,2016,3,21,7,2,4,1,2,2,0,1,0,0,0,0,5.39872E+20,5.28372E+21,9.5315E+15,4.77056E+16
25863,25864,8,2,26,96,2016,3,15,2,3,3,3,0,0,0,1,0,0,0,1,4.75786E+20,5.48877E+21,8.66524E+15,4.95511E+16
25864,25865,8,2,16,15,2016,3,7,4,3,2,6,0,0,0,1,0,1,0,0,4.52034E+20,5.40708E+21,8.34663E+15,4.88148E+16
25865,25866,8,3,17,1,2016,3,13,7,3,2,6,0,1,0,1,0,0,0,0,4.3171E+20,5.38661E+21,8.0732E+15,4.86288E+16
25866,25867,8,1,15,16,2016,3,23,7,3,8,1,2,1,0,1,0,0,0,0,4.86459E+20,5.3771E+21,8.81653E+15,4.85468E+16
25867,25868,8,4,16,36,2016,3,16,6,3,9,1,0,1,0,1,0,0,0,0,4.83474E+20,5.37412E+21,8.77621E+15,4.852E+16
25868,25869,8,1,36,60,2016,3,7,5,3,4,6,1,2,0,1,0,0,0,0,5.74794E+20,5.43031E+21,1.0023E+16,4.90211E+16
25869,25870,8,2,15,101,2016,3,14,2,3,5,3,0,0,0,1,0,0,0,0,4.659E+20,5.42693E+21,8.53384E+15,4.89943E+16
25870,25871,8,3,15,102,2016,3,14,6,1,4,1,0,2,0,1,0,0,1,0,4.34807E+20,5.29857E+21,8.12879E+15,4.78372E+16
25871,25872,8,3,27,50,2016,3,18,3,3,2,6,2,2,0,1,0,0,0,0,4.88661E+20,5.3165E+21,8.84799E+15,4.80017E+16
25872,25873,8,1,21,0,2016,3,19,7,3,6,2,2,1,0,1,1,0,0,0,5.16429E+20,5.44373E+21,9.22528E+15,4.91462E+16
25873,25874,8,1,11,0,2016,3,11,7,3,2,7,0,1,0,1,0,0,0,0,5.13144E+20,5.40347E+21,9.17893E+15,4.87841E+16
25874,25875,8,3,15,31,2016,3,19,6,3,4,1,2,2,0,1,0,0,0,0,4.4519E+20,5.31201E+21,8.26582E+15,4.7959E+16
25875,25876,8,3,36,6,2016,3,7,3,3,9,7,1,2,0,1,0,0,0,0,3.93189E+20,5.28762E+21,7.57544E+15,4.77331E+16
25876,25877,8,2,12,0,2016,3,15,3,3,2,6,0,0,0,1,0,0,0,0,4.58077E+20,5.42767E+21,8.42682E+15,4.90005E+16
25877,25878,8,1,11,0,2016,3,21,6,3,5,3,2,1,0,1,0,0,0,0,5.12772E+20,5.40182E+21,9.17381E+15,4.87692E+16
25878,25879,8,3,25,69,2016,3,4,5,3,5,3,2,2,0,1,0,0,0,1,4.67991E+20,5.33622E+21,8.56941E+15,4.81784E+16
25879,25880,8,4,21,0,2016,3,15,4,3,5,3,0,1,0,1,0,0,0,0,5.72988E+20,5.36413E+21,9.98661E+15,4.84261E+16
25880,25881,8,4,35,52,2016,3,13,7,3,8,1,0,1,0,1,0,0,0,0,5.23354E+20,5.29183E+21,9.31174E+15,4.77794E+16
25881,25882,8,1,26,11,2016,3,0,4,2,8,1,2,1,0,0,0,0,1,0,5.30611E+20,5.4488E+21,9.42013E+15,4.91913E+16
25882,25883,8,2,31,0,2016,3,13,7,3,5,3,0,1,0,1,0,0,0,0,4.77001E+20,5.41599E+21,8.68621E+15,4.88964E+16
25883,25884,8,3,36,69,2016,3,14,6,3,2,6,0,1,0,1,0,0,0,0,4.08591E+20,5.26764E+21,7.78499E+15,4.75557E+16
25884,25885,8,1,35,19,2016,3,19,5,1,2,6,2,1,0,1,0,0,1,0,5.90428E+20,5.39121E+21,1.02282E+16,4.86674E+16
25885,25886,8,1,25,1,2016,3,10,2,3,4,1,0,2,0,1,0,0,0,0,5.21996E+20,5.43722E+21,9.30125E+15,4.90874E+16
25886,25887,8,2,15,107,2016,3,7,6,2,4,6,1,1,0,1,0,0,0,0,4.63602E+20,5.45529E+21,8.49987E+15,4.92493E+16
25887,25888,8,3,17,57,2016,3,11,3,3,5,2,0,1,0,1,0,0,0,0,4.13153E+20,5.3815E+21,7.82248E+15,4.85806E+16
25888,25889,8,2,15,108,2016,3,5,6,3,8,1,2,1,0,1,0,0,0,0,4.53193E+20,5.42256E+21,8.36065E+15,4.89542E+16
25889,25890,8,1,19,67,2016,3,15,3,3,2,2,0,0,0,1,0,0,0,0,5.38581E+20,5.40683E+21,9.52552E+15,4.88133E+16
25890,25891,8,3,17,141,2016,3,15,4,3,2,2,0,1,0,1,0,0,0,0,4.22307E+20,5.37919E+21,7.947E+15,4.8561E+16
25891,25892,8,4,17,2,2016,3,0,4,2,9,1,2,1,0,1,0,0,0,0,4.90687E+20,5.34734E+21,8.87447E+15,4.82792E+16
25892,25893,8,3,36,50,2016,3,5,7,3,4,6,2,1,0,1,0,0,0,0,4.01977E+20,5.2771E+21,7.69499E+15,4.76399E+16
25893,25894,8,2,22,0,2016,3,8,6,3,5,3,0,0,1,0,0,0,0,1,4.62737E+20,5.47944E+21,8.48572E+15,4.94665E+16
25894,25895,8,1,36,29,2016,3,8,3,2,6,7,0,0,0,0,1,0,1,0,5.69142E+20,5.41158E+21,9.94255E+15,4.88533E+16
25895,25896,8,4,17,25,2016,3,11,5,3,2,6,0,0,0,1,0,0,0,0,4.85612E+20,5.35564E+21,8.80578E+15,4.83538E+16
25896,25897,8,3,16,42,2016,3,12,4,3,1,1,0,1,0,1,0,0,1,0,4.31688E+20,5.32631E+21,8.0827E+15,4.80864E+16
25897,25898,8,2,22,0,2016,3,12,5,2,2,6,0,0,0,0,0,0,1,0,4.63805E+20,5.48925E+21,8.49957E+15,4.95548E+16
25898,25899,8,4,16,41,2016,3,10,4,3,1,6,0,1,0,1,0,0,1,0,5.05244E+20,5.37321E+21,9.07101E+15,4.8512E+16
25899,25900,8,3,36,84,2016,3,19,4,3,5,3,2,0,0,1,0,0,0,0,4.02722E+20,5.27733E+21,7.70485E+15,4.76421E+16
25900,25901,8,4,15,61,2016,3,16,7,2,1,7,0,1,0,1,0,0,0,0,5.16848E+20,5.37472E+21,9.22819E+15,4.85253E+16
25901,25902,8,1,27,75,2016,3,12,4,3,2,2,0,0,0,1,0,0,0,1,5.71004E+20,5.46647E+21,9.97757E+15,4.93468E+16
25902,25903,8,2,21,0,2016,3,14,7,2,5,3,0,1,0,1,0,0,0,0,4.72035E+20,5.47298E+21,8.6145E+15,4.94088E+16
25903,25904,8,3,17,1,2016,3,13,6,3,2,6,0,1,0,1,0,0,0,1,4.31506E+20,5.38789E+21,8.07023E+15,4.86403E+16
25904,25905,8,4,36,64,2016,3,17,1,2,2,6,0,1,1,1,0,0,0,0,5.48451E+20,5.28404E+21,9.64588E+15,4.77079E+16
25905,25906,8,1,35,19,2016,3,19,5,2,3,6,2,2,0,1,0,0,0,0,5.90476E+20,5.39113E+21,1.02288E+16,4.86667E+16
25906,25907,8,1,18,48,2016,3,8,2,3,2,6,0,0,0,1,0,0,0,0,5.11441E+20,5.41872E+21,9.15617E+15,4.89213E+16
25907,25908,8,2,26,84,2016,3,6,6,3,1,6,2,2,0,1,0,0,0,0,4.67165E+20,5.46631E+21,8.54792E+15,4.93486E+16
25908,25909,8,2,12,0,2016,3,14,3,2,7,7,0,0,1,1,0,0,0,0,4.56745E+20,5.42827E+21,8.40855E+15,4.90058E+16
25909,25910,8,3,11,0,2016,3,20,1,3,3,6,2,0,0,1,0,0,1,0,4.14794E+20,5.31581E+21,7.85798E+15,4.79899E+16
25910,25911,8,1,15,28,2016,3,7,6,3,2,6,0,0,0,1,0,0,0,0,4.98607E+20,5.40389E+21,8.98104E+15,4.8788E+16
25911,25912,8,1,18,54,2016,3,8,3,3,3,6,0,0,0,0,0,1,1,0,5.18349E+20,5.42245E+21,9.25063E+15,4.89547E+16
25912,25913,8,3,17,116,2016,3,12,2,3,2,6,0,0,0,1,0,0,0,0,4.32935E+20,5.38746E+21,8.08969E+15,4.86366E+16
25913,25914,8,3,16,37,2016,3,17,4,3,1,7,0,0,0,1,0,0,0,0,4.08157E+20,5.33421E+21,7.76508E+15,4.81545E+16
25914,25915,8,1,28,14,2016,3,9,7,2,8,1,0,1,0,1,0,0,0,0,5.49806E+20,5.4777E+21,9.68716E+15,4.945E+16
25915,25916,8,4,36,93,2016,3,16,4,2,4,2,0,0,0,1,0,0,0,0,5.4534E+20,5.31188E+21,9.60733E+15,4.79587E+16
25916,25917,8,4,36,64,2016,3,18,3,3,2,6,2,1,0,1,0,0,0,0,5.45794E+20,5.29384E+21,9.6115E+15,4.77963E+16
25917,25918,8,3,17,47,2016,3,19,1,3,2,6,2,1,0,1,0,0,0,0,4.17639E+20,5.36247E+21,7.88705E+15,4.841E+16
25918,25919,8,4,36,13,2016,3,6,4,2,4,6,0,0,0,1,0,0,0,0,5.45861E+20,5.29816E+21,9.61285E+15,4.78352E+16
25919,25920,8,1,16,19,2016,3,8,4,3,2,6,0,0,0,1,0,0,0,0,5.23877E+20,5.39703E+21,9.32467E+15,4.87258E+16
25920,25921,8,4,15,60,2016,3,17,1,2,8,1,0,0,0,1,0,0,0,0,5.12883E+20,5.37897E+21,9.17461E+15,4.85636E+16
25921,25922,8,1,35,19,2016,3,19,5,3,8,1,2,2,0,1,0,0,0,0,5.90501E+20,5.39109E+21,1.02291E+16,4.86663E+16
25922,25923,8,2,26,96,2016,3,12,3,3,5,3,0,0,0,1,0,0,0,0,4.75345E+20,5.49201E+21,8.65895E+15,4.95802E+16
25923,25924,8,2,16,15,2016,3,14,1,3,2,6,0,1,0,1,0,0,0,0,4.48329E+20,5.40745E+21,8.29611E+15,4.88179E+16
25924,25925,8,1,16,81,2016,3,6,3,3,2,6,0,0,0,1,0,0,0,0,5.16881E+20,5.38721E+21,9.22914E+15,4.86377E+16
25925,25926,8,2,36,71,2016,3,15,2,3,8,1,0,1,0,1,0,0,0,0,4.67088E+20,5.4202E+21,8.55062E+15,4.89338E+16
25926,25927,8,2,31,0,2016,3,14,4,3,2,6,0,0,0,1,0,0,1,0,4.7481E+20,5.41682E+21,8.65626E+15,4.89038E+16
25927,25928,8,1,25,38,2016,3,19,7,3,4,6,2,1,0,1,0,0,0,0,4.99953E+20,5.43484E+21,8.99935E+15,4.90665E+16
25928,25929,8,3,16,37,2016,3,11,3,3,2,6,0,1,0,1,0,0,0,1,4.08877E+20,5.33223E+21,7.77518E+15,4.81368E+16
25929,25930,8,2,15,39,2016,3,17,3,3,8,1,0,0,0,1,0,0,0,0,4.7244E+20,5.45133E+21,8.62157E+15,4.92141E+16
25930,25931,8,1,11,0,2016,3,19,6,3,2,6,2,1,0,1,0,0,1,0,5.156E+20,5.40496E+21,9.21242E+15,4.87974E+16
25931,25932,8,3,26,68,2016,3,10,5,3,8,1,0,2,0,1,0,0,0,0,4.48725E+20,5.32021E+21,8.31218E+15,4.80331E+16
25932,25933,8,1,25,65,2016,3,0,1,3,8,1,2,0,0,1,0,0,0,0,5.16273E+20,5.4491E+21,9.22335E+15,4.91944E+16
25933,25934,8,4,15,91,2016,3,17,4,2,4,1,0,2,0,1,0,0,0,0,5.15181E+20,5.36385E+21,9.20521E+15,4.84276E+16
25934,25935,8,4,25,66,2016,3,17,2,2,5,3,0,0,0,1,0,0,0,0,5.75634E+20,5.35165E+21,1.00201E+16,4.83135E+16
25935,25936,8,4,36,12,2016,3,16,7,3,9,1,1,2,0,1,0,0,0,0,5.48821E+20,5.30122E+21,9.65275E+15,4.78625E+16
25936,25937,8,1,17,2,2016,3,5,6,3,5,3,1,1,0,1,0,0,0,0,5.41057E+20,5.38714E+21,9.55729E+15,4.8636E+16
25937,25938,8,4,15,61,2016,3,9,5,3,2,6,0,0,0,1,0,0,0,0,5.1142E+20,5.36606E+21,9.15443E+15,4.84476E+16
25938,25939,8,1,36,62,2016,3,19,1,3,5,3,2,1,0,1,0,0,0,0,5.67215E+20,5.41375E+21,9.91664E+15,4.8873E+16
25939,25940,8,4,15,61,2016,3,17,4,3,2,6,0,1,0,1,0,0,0,0,5.15339E+20,5.37085E+21,9.20761E+15,4.84906E+16
25940,25941,8,4,36,6,2016,3,17,2,3,4,6,0,0,0,1,0,0,1,0,5.5945E+20,5.28337E+21,9.7924E+15,4.77009E+16
25941,25942,8,2,35,66,2016,3,12,2,3,4,1,0,1,1,1,0,0,0,0,4.62917E+20,5.38543E+21,8.4968E+15,4.86209E+16
25942,25943,8,2,25,117,2016,3,7,4,3,2,6,0,0,0,1,0,0,0,0,5.14298E+20,5.47097E+21,9.19703E+15,4.93912E+16
25943,25944,8,3,35,57,2016,3,9,7,2,4,1,0,1,0,1,0,0,0,0,5.01312E+20,5.30552E+21,9.01756E+15,4.7903E+16
25944,25945,8,1,19,85,2016,3,3,7,2,8,1,2,1,0,1,0,0,0,0,5.28463E+20,5.41458E+21,9.38823E+15,4.88835E+16
25945,25946,8,4,37,47,2016,3,17,6,3,5,3,0,1,0,1,0,0,0,0,5.17573E+20,5.34103E+21,9.2366E+15,4.82223E+16
25946,25947,8,2,25,42,2016,3,8,2,3,4,1,0,1,0,1,0,0,0,0,5.07089E+20,5.46017E+21,9.0975E+15,4.92942E+16
25947,25948,8,3,26,6,2016,3,7,6,3,9,1,0,2,0,1,0,0,0,0,4.49546E+20,5.311E+21,8.32427E+15,4.79503E+16
25948,25949,8,3,35,79,2016,3,15,3,3,9,1,0,2,0,1,0,0,0,0,5.00959E+20,5.30534E+21,9.01283E+15,4.79014E+16
25949,25950,8,2,22,0,2016,3,17,6,3,5,3,1,1,0,1,0,0,0,1,4.65053E+20,5.48188E+21,8.51746E+15,4.94885E+16
25950,25951,8,1,16,35,2016,3,7,3,3,1,6,0,0,0,1,0,0,0,0,5.25607E+20,5.39133E+21,9.34783E+15,4.86745E+16
25951,25952,8,4,36,49,2016,3,10,5,3,2,2,0,0,0,1,0,0,1,0,5.80019E+20,5.28911E+21,1.00676E+16,4.77504E+16
25952,25953,8,3,15,47,2016,3,18,5,3,1,6,2,1,0,1,0,0,0,0,4.14807E+20,5.32177E+21,7.85696E+15,4.80436E+16
25953,25954,8,4,15,61,2016,3,16,4,3,5,3,0,1,0,1,0,0,0,1,5.15208E+20,5.37102E+21,9.20583E+15,4.84921E+16
25954,25955,8,4,25,19,2016,3,0,7,3,9,1,2,1,0,1,0,0,0,0,5.75203E+20,5.37358E+21,1.00182E+16,4.85108E+16
25955,25956,8,1,15,21,2016,3,11,4,3,3,6,0,0,0,1,0,0,0,0,4.92306E+20,5.38317E+21,8.89564E+15,4.86016E+16
25956,25957,8,2,31,0,2016,3,22,7,3,0,7,2,0,0,1,0,0,0,0,4.79899E+20,5.41479E+21,8.7258E+15,4.88857E+16
25957,25958,8,3,27,25,2016,3,16,6,3,9,1,0,2,0,1,0,0,0,0,4.77388E+20,5.30862E+21,8.69728E+15,4.79305E+16
25958,25959,8,1,16,77,2016,3,19,2,3,5,2,2,0,0,1,0,0,0,0,5.16834E+20,5.39024E+21,9.22863E+15,4.8665E+16
25959,25960,8,1,35,20,2016,3,19,5,2,8,1,2,2,0,1,0,0,0,0,5.8446E+20,5.37989E+21,1.01448E+16,4.85664E+16
25960,25961,8,2,15,47,2016,3,7,4,2,0,7,0,2,1,0,0,0,0,0,4.60119E+20,5.41388E+21,8.45609E+15,4.88766E+16
25961,25962,8,3,16,2,2016,3,11,7,3,1,6,0,0,0,1,0,0,0,0,4.06106E+20,5.3313E+21,7.73816E+15,4.81281E+16
25962,25963,8,1,11,0,2016,3,18,7,3,2,6,2,1,1,1,0,0,0,0,5.17716E+20,5.40417E+21,9.2412E+15,4.87902E+16
25963,25964,8,4,15,50,2016,3,18,6,3,3,3,2,1,0,1,0,0,1,0,5.19433E+20,5.37518E+21,9.26321E+15,4.85294E+16
25964,25965,8,1,35,20,2016,3,19,5,3,9,1,2,2,0,1,0,0,0,0,5.84491E+20,5.37993E+21,1.01453E+16,4.85667E+16
25965,25966,8,1,36,44,2016,3,8,2,3,2,6,0,2,0,1,0,0,0,0,5.57494E+20,5.40816E+21,9.78329E+15,4.88238E+16
25966,25967,8,3,11,0,2016,3,12,6,3,5,2,0,0,1,1,0,0,0,0,4.14559E+20,5.31722E+21,7.85455E+15,4.80026E+16