FID,OBJECTID,ULAND,UREGBEZ,UKREIS,UGEMEINDE,UJAHR,UMONAT,USTUNDE,UWOCHENTAG,UKATEGORIE,UART,UTYP1,ULICHTVERH,IstStrasse,IstRad,IstPKW,IstFuss,IstKrad,IstGkfz,IstSonstig,LINREFX,LINREFY,XGCSWGS84,YGCSWGS84
25967,25968,8,3,17,26,2016,3,18,3,3,8,1,2,0,0,1,0,0,0,0,4.17133E+20,5.34373E+21,7.8839E+15,4.82414E+16
25968,25969,8,2,16,43,2016,3,22,6,2,8,7,2,1,0,1,0,0,0,0,4.45506E+20,5.4121E+21,8.25705E+15,4.88595E+16
25969,25970,8,1,26,47,2016,3,8,3,3,2,6,0,1,0,1,0,0,0,0,5.48525E+20,5.45153E+21,9.66631E+15,4.92146E+16
25970,25971,8,3,15,108,2016,3,18,4,3,2,2,2,1,0,1,0,0,0,0,4.0553E+20,5.30572E+21,7.73606E+15,4.78978E+16
25971,25972,8,2,15,90,2016,3,10,5,3,2,6,0,0,0,1,0,0,0,0,4.6319E+20,5.43347E+21,8.4962E+15,4.9053E+16
25972,25973,8,3,35,2,2016,3,16,4,3,6,7,0,0,0,1,1,0,0,0,5.05138E+20,5.2846E+21,9.06851E+15,4.77148E+16
25973,25974,8,3,16,43,2016,3,12,7,3,2,1,0,0,0,1,0,0,0,0,4.09874E+20,5.3294E+21,7.78918E+15,4.81115E+16
25974,25975,8,1,19,20,2016,3,15,4,3,4,2,0,0,0,1,0,0,0,1,5.18841E+20,5.4078E+21,9.25668E+15,4.88229E+16
25975,25976,8,2,15,46,2016,3,10,7,3,2,6,0,0,0,1,0,0,0,0,4.49702E+20,5.41692E+21,8.31366E+15,4.89032E+16
25976,25977,8,4,36,82,2016,3,11,1,3,2,6,0,0,0,1,0,0,0,0,5.47694E+20,5.2953E+21,9.63702E+15,4.78093E+16
25977,25978,8,1,28,7,2016,3,9,5,3,2,6,0,0,0,1,0,0,0,0,5.55061E+20,5.48317E+21,9.76042E+15,4.94986E+16
25978,25979,8,1,15,45,2016,3,12,2,2,8,1,0,0,0,1,0,0,1,0,5.04384E+20,5.39718E+21,9.05961E+15,4.87276E+16
25979,25980,8,2,22,0,2016,3,16,6,3,3,2,0,1,1,1,0,0,0,0,4.61776E+20,5.48466E+21,8.47196E+15,4.95133E+16
25980,25981,8,2,35,66,2016,3,16,3,3,0,1,0,2,0,0,0,1,0,0,4.6071E+20,5.38658E+21,8.46676E+15,4.8631E+16
25981,25982,8,2,15,107,2016,3,13,1,2,0,7,0,1,1,0,0,0,0,0,4.63442E+20,5.45624E+21,8.49758E+15,4.92579E+16
25982,25983,8,1,27,52,2016,3,18,6,3,2,6,2,1,0,1,0,0,0,0,5.46645E+20,5.43734E+21,9.63884E+15,4.90871E+16
25983,25984,8,1,18,48,2016,3,16,3,3,2,6,0,0,0,1,0,0,0,0,5.1317E+20,5.41529E+21,9.17966E+15,4.88904E+16
25984,25985,8,3,16,20,2016,3,13,2,3,2,7,0,0,0,1,0,0,0,1,4.07823E+20,5.33796E+21,7.75978E+15,4.81882E+16
25985,25986,8,1,19,86,2016,3,14,2,3,9,1,0,0,0,1,0,0,0,0,5.35112E+20,5.40611E+21,9.4782E+15,4.8807E+16
25986,25987,8,2,35,85,2016,3,14,6,3,8,1,0,1,0,0,0,1,0,0,4.77989E+20,5.39874E+21,8.70062E+15,4.87413E+16
25987,25988,8,3,15,48,2016,3,17,3,3,5,3,0,1,0,1,0,0,0,0,3.94816E+20,5.30701E+21,7.59243E+15,4.79078E+16
25988,25989,8,2,12,0,2016,3,18,6,3,2,6,2,1,0,1,0,0,0,0,4.5581E+20,5.43098E+21,8.39548E+15,4.90302E+16
25989,25990,8,1,19,38,2016,3,6,3,3,5,3,1,2,0,1,0,0,0,0,5.26348E+20,5.4235E+21,9.35997E+15,4.89638E+16
25990,25991,8,4,16,31,2016,3,12,2,3,2,6,0,1,0,1,0,0,0,0,5.02846E+20,5.36289E+21,9.03846E+15,4.84191E+16
25991,25992,8,3,17,100,2016,3,7,4,3,2,6,0,0,0,1,0,0,0,0,4.22932E+20,5.36613E+21,7.95788E+15,4.84436E+16
25992,25993,8,4,36,55,2016,3,14,4,3,5,3,0,0,0,1,0,0,1,0,5.75339E+20,5.29783E+21,1.00067E+16,4.78294E+16
25993,25994,8,1,15,3,2016,3,6,4,3,9,1,2,1,0,1,0,0,0,0,4.97966E+20,5.39185E+21,8.97237E+15,4.86797E+16
25994,25995,8,3,35,43,2016,3,19,1,3,5,3,2,1,0,1,0,0,0,1,5.11129E+20,5.28166E+21,9.1483E+15,4.76883E+16
25995,25996,8,1,25,39,2016,3,8,6,3,2,6,0,0,0,1,0,0,0,0,5.15681E+20,5.45534E+21,9.21547E+15,4.92506E+16
25996,25997,8,4,21,0,2016,3,21,1,2,5,3,2,0,0,1,0,0,0,0,5.70098E+20,5.36154E+21,9.94711E+15,4.84031E+16
25997,25998,8,4,15,91,2016,3,10,4,3,4,1,0,1,0,1,0,0,1,0,5.13577E+20,5.36195E+21,9.18347E+15,4.84106E+16
25998,25999,8,1,16,81,2016,3,11,3,2,9,1,0,0,0,1,0,0,0,0,5.18352E+20,5.38579E+21,9.24904E+15,4.86249E+16
25999,26000,8,2,35,55,2016,3,21,2,3,4,6,2,2,0,1,0,0,0,0,4.74629E+20,5.39827E+21,8.65494E+15,4.8737E+16
26000,26001,8,2,26,96,2016,3,16,4,3,2,6,0,0,0,1,0,0,0,0,4.73784E+20,5.48867E+21,8.63757E+15,4.95501E+16
26001,26002,8,1,21,0,2016,3,5,7,3,4,2,2,1,0,1,0,0,0,0,5.14119E+20,5.44816E+21,9.19376E+15,4.91861E+16
26002,26003,8,1,11,0,2016,3,19,7,3,2,6,2,1,0,1,0,0,0,0,5.14814E+20,5.40469E+21,9.20171E+15,4.8795E+16
26003,26004,8,3,37,124,2016,3,17,3,3,8,1,0,2,0,1,0,0,0,0,4.557E+20,5.28375E+21,8.40949E+15,4.77056E+16
26004,26005,8,2,31,0,2016,3,12,4,3,2,6,0,0,0,1,0,0,0,0,4.84549E+20,5.41349E+21,8.78928E+15,4.88742E+16
26005,26006,8,1,36,82,2016,3,15,7,2,3,6,0,1,0,1,0,0,0,0,5.86246E+20,5.41671E+21,1.01767E+16,4.88973E+16
26006,26007,8,4,26,135,2016,3,6,4,2,9,1,1,0,0,1,0,0,0,0,5.71135E+20,5.33057E+21,9.95591E+15,4.81245E+16
26007,26008,8,4,26,38,2016,3,22,3,3,9,1,2,2,0,1,0,0,0,0,5.63491E+20,5.3163E+21,9.85109E+15,4.79968E+16
26008,26009,8,3,16,10,2016,3,16,1,3,4,6,0,2,0,1,0,0,0,0,4.31323E+20,5.33612E+21,8.07621E+15,4.81746E+16
26009,26010,8,1,16,14,2016,3,5,6,3,2,6,2,1,0,1,0,0,0,0,5.29455E+20,5.39572E+21,9.40042E+15,4.87138E+16
26010,26011,8,3,36,79,2016,3,11,5,3,2,6,0,1,0,1,0,0,0,0,4.17167E+20,5.2931E+21,7.89413E+15,4.7786E+16
26011,26012,8,1,35,16,2016,3,21,1,2,3,1,2,1,0,1,0,0,0,0,5.87256E+20,5.38243E+21,1.01833E+16,4.85888E+16
26012,26013,8,3,37,126,2016,3,16,4,3,5,3,0,1,0,1,0,0,1,0,4.42145E+20,5.27337E+21,8.23018E+15,4.76112E+16
26013,26014,8,4,35,16,2016,3,17,2,3,2,6,0,0,0,1,0,0,0,0,5.36924E+20,5.28054E+21,9.49192E+15,4.76772E+16
26014,26015,8,4,37,76,2016,3,23,7,3,8,1,2,1,0,1,0,0,0,0,5.24363E+20,5.32254E+21,9.32695E+15,4.80557E+16
26015,26016,8,2,36,33,2016,3,10,2,3,2,2,0,0,0,1,0,0,0,0,4.8278E+20,5.42961E+21,8.76448E+15,4.90191E+16
26016,26017,8,2,16,15,2016,3,13,4,3,1,6,0,0,0,1,0,0,0,0,4.50027E+20,5.40541E+21,8.3195E+15,4.87997E+16
26017,26018,8,3,17,96,2016,3,0,7,2,1,1,2,1,0,1,0,0,0,1,4.24995E+20,5.36307E+21,7.98632E+15,4.84163E+16
26018,26019,8,1,15,28,2016,3,19,7,3,2,6,2,0,0,1,0,0,0,0,5.00367E+20,5.40454E+21,9.005E+15,4.87938E+16
26019,26020,8,4,21,0,2016,3,23,6,3,1,6,2,1,0,1,0,0,0,0,5.72387E+20,5.36149E+21,9.97803E+15,4.84024E+16
26020,26021,8,1,25,26,2016,3,5,5,3,9,1,2,1,0,1,0,0,0,0,4.92601E+20,5.44175E+21,8.89858E+15,4.91286E+16
26021,26022,8,2,16,63,2016,3,16,2,3,2,2,0,1,0,1,0,0,0,0,4.30475E+20,5.3997E+21,8.05425E+15,4.87464E+16
26022,26023,8,3,36,8,2016,3,7,6,3,3,6,0,0,0,1,0,0,0,0,3.97765E+20,5.27611E+21,7.63916E+15,4.76303E+16
26023,26024,8,3,27,57,2016,3,16,3,3,9,1,0,2,0,1,0,0,0,0,4.9571E+20,5.30842E+21,8.94257E+15,4.79291E+16
26024,26025,8,2,26,38,2016,3,15,6,2,5,2,0,1,1,1,0,0,0,0,4.71488E+20,5.48026E+21,8.60643E+15,4.94743E+16
26025,26026,8,1,36,82,2016,3,15,3,3,1,7,0,0,0,1,0,0,0,0,5.85865E+20,5.41375E+21,1.01709E+16,4.88708E+16
26026,26027,8,4,25,81,2016,3,4,5,3,8,1,2,2,0,1,0,0,0,0,5.46717E+20,5.34316E+21,9.6292E+15,4.82399E+16
26027,26028,8,3,11,0,2016,3,0,4,3,0,1,2,1,1,0,0,0,0,0,4.14433E+20,5.31674E+21,7.85295E+15,4.79982E+16
26028,26029,8,2,26,10,2016,3,8,5,3,2,6,0,1,0,1,0,0,0,0,4.83467E+20,5.45759E+21,8.77272E+15,4.92708E+16
26029,26030,8,3,37,70,2016,3,11,4,3,2,6,0,0,0,1,0,0,0,0,4.67845E+20,5.27355E+21,8.57213E+15,4.76145E+16
26030,26031,8,2,22,0,2016,3,16,4,3,2,6,0,0,0,1,0,0,0,0,4.6471E+20,5.48191E+21,8.51272E+15,4.94888E+16
26031,26032,8,3,17,1,2016,3,7,6,3,1,6,0,0,0,1,0,0,0,0,4.29439E+20,5.38775E+21,8.0422E+15,4.86388E+16
26032,26033,8,1,15,21,2016,3,14,6,3,2,6,0,0,0,1,0,0,0,0,4.92385E+20,5.38249E+21,8.89672E+15,4.85954E+16
26033,26034,8,2,25,1,2016,3,17,3,2,4,2,0,0,1,1,0,0,0,0,5.28306E+20,5.4725E+21,9.39017E+15,4.94045E+16
26034,26035,8,2,15,7,2016,3,8,6,3,2,6,0,0,0,1,0,0,0,0,4.82452E+20,5.43505E+21,8.75975E+15,4.90681E+16
26035,26036,8,1,19,42,2016,3,12,3,3,2,2,0,1,0,1,0,0,0,1,5.31079E+20,5.41607E+21,9.42404E+15,4.88968E+16
26036,26037,8,2,31,0,2016,3,9,5,3,2,6,0,0,0,1,0,0,0,0,4.82202E+20,5.4187E+21,8.75705E+15,4.8921E+16
26037,26038,8,3,35,75,2016,3,12,5,3,8,7,0,0,0,1,0,0,0,0,4.87993E+20,5.289E+21,8.8398E+15,4.77543E+16
26038,26039,8,2,26,82,2016,3,12,2,3,1,6,0,0,0,1,0,0,0,1,4.75144E+20,5.48107E+21,8.65685E+15,4.94817E+16
26039,26040,8,1,25,58,2016,3,15,1,3,1,6,0,0,0,1,0,0,0,1,5.10533E+20,5.44328E+21,9.14441E+15,4.91422E+16
26040,26041,8,1,15,45,2016,3,22,6,3,5,2,2,0,1,1,0,0,0,0,4.99493E+20,5.3948E+21,8.9931E+15,4.87062E+16
26041,26042,8,3,35,43,2016,3,21,7,3,8,6,2,0,0,1,0,0,0,0,5.13719E+20,5.28014E+21,9.18277E+15,4.76745E+16
26042,26043,8,1,28,131,2016,3,11,7,3,2,6,0,0,0,1,0,0,0,0,5.36721E+20,5.51252E+21,9.50989E+15,4.9764E+16
26043,26044,8,4,17,79,2016,3,7,4,3,4,6,0,2,0,1,0,0,0,1,5.0301E+20,5.34313E+21,9.04055E+15,4.82413E+16
26044,26045,8,1,11,0,2016,3,16,7,3,2,6,0,0,0,1,0,0,0,0,5.16489E+20,5.40468E+21,9.22451E+15,4.87949E+16
26045,26046,8,1,35,16,2016,3,10,4,2,5,3,0,0,0,1,0,0,1,0,5.8835E+20,5.38666E+21,1.0199E+16,4.86267E+16
26046,26047,8,1,16,49,2016,3,5,5,2,5,3,2,0,0,1,0,0,1,0,5.28924E+20,5.38326E+21,9.39233E+15,4.86017E+16
26047,26048,8,3,26,74,2016,3,14,5,3,1,6,0,0,0,1,0,0,0,0,4.59211E+20,5.32471E+21,8.45241E+15,4.80743E+16
26048,26049,8,1,11,0,2016,3,8,3,2,5,3,0,0,1,1,0,0,0,0,5.15734E+20,5.40541E+21,9.21427E+15,4.88015E+16
26049,26050,8,1,28,115,2016,3,12,6,3,8,1,0,0,0,1,0,0,0,0,5.45831E+20,5.49784E+21,9.63466E+15,4.96313E+16
26050,26051,8,2,15,103,2016,3,0,5,3,1,6,2,0,0,1,0,0,0,0,4.64919E+20,5.44421E+21,8.51894E+15,4.91497E+16
26051,26052,8,1,28,131,2016,3,17,5,3,5,3,0,0,0,0,0,1,0,1,5.4472E+20,5.5091E+21,9.62056E+15,4.97328E+16
26052,26053,8,1,15,28,2016,3,6,2,3,3,6,1,0,0,1,0,0,1,0,5.01154E+20,5.40359E+21,9.01571E+15,4.87853E+16
26053,26054,8,1,18,11,2016,3,21,3,3,5,2,2,1,0,1,0,0,0,0,5.05613E+20,5.4078E+21,9.07647E+15,4.88231E+16
26054,26055,8,1,36,43,2016,3,16,6,3,2,6,0,0,0,1,0,0,0,0,5.71233E+20,5.40818E+21,9.97045E+15,4.88225E+16
26055,26056,8,2,31,0,2016,3,14,5,3,2,6,0,0,0,1,0,0,0,0,4.75068E+20,5.41578E+21,8.65985E+15,4.88945E+16
26056,26057,8,3,26,74,2016,3,18,5,3,5,3,1,0,0,1,0,0,0,0,4.55103E+20,5.32737E+21,8.39698E+15,4.8098E+16
26057,26058,8,2,15,105,2016,3,19,2,3,5,3,2,0,0,1,0,0,0,0,4.58236E+20,5.44289E+21,8.42743E+15,4.91374E+16
26058,26059,8,4,37,104,2016,3,15,7,3,9,7,0,0,0,1,0,0,0,0,5.14854E+20,5.32466E+21,9.19941E+15,4.80751E+16
26059,26060,8,1,11,0,2016,3,16,6,3,2,6,0,0,0,1,0,0,0,0,5.13407E+20,5.40487E+21,9.18256E+15,4.87967E+16
26060,26061,8,3,17,96,2016,3,9,7,2,8,1,0,0,0,1,0,0,0,0,4.19008E+20,5.36911E+21,7.90425E+15,4.84699E+16
26061,26062,8,1,25,39,2016,3,12,7,2,2,6,0,0,0,1,0,0,1,0,5.10617E+20,5.45983E+21,9.14601E+15,4.92912E+16
26062,26063,8,3,17,151,2016,3,15,4,3,2,6,0,0,0,1,0,0,1,1,4.1456E+20,5.3611E+21,7.84572E+15,4.83973E+16
26063,26064,8,4,36,83,2016,3,11,6,3,0,2,0,0,0,1,0,1,0,0,5.33002E+20,5.30181E+21,9.4413E+15,4.78688E+16
26064,26065,8,1,36,19,2016,3,13,4,3,2,6,0,0,0,1,0,0,0,0,5.86964E+20,5.42276E+21,1.01878E+16,4.89516E+16
26065,26066,8,1,11,0,2016,3,16,3,3,2,6,0,1,0,1,0,0,0,0,5.14391E+20,5.40187E+21,9.19585E+15,4.87696E+16
26066,26067,8,3,26,74,2016,3,15,5,3,6,4,0,0,0,1,1,0,0,0,4.65513E+20,5.32297E+21,8.53715E+15,4.8059E+16
26067,26068,8,1,15,45,2016,3,7,2,3,3,6,0,0,0,1,0,0,1,0,5.04336E+20,5.3972E+21,9.05897E+15,4.87278E+16
26068,26069,8,1,19,67,2016,3,15,6,3,5,3,0,0,1,1,0,0,0,0,5.39943E+20,5.40605E+21,9.54399E+15,4.88062E+16
26069,26070,8,2,11,0,2016,3,17,5,3,1,6,0,0,0,1,0,0,0,0,4.42896E+20,5.40623E+21,8.22229E+15,4.88065E+16
26070,26071,8,1,19,53,2016,3,14,5,2,6,4,0,0,0,1,1,0,0,0,5.33458E+20,5.42546E+21,9.45726E+15,4.89812E+16
26071,26072,8,3,11,0,2016,3,15,6,3,2,6,0,0,0,1,0,0,0,0,4.11484E+20,5.32282E+21,7.81218E+15,4.80525E+16
26072,26073,8,2,36,4,2016,3,10,6,3,2,6,0,0,0,1,0,0,0,0,4.72857E+20,5.41374E+21,8.62981E+15,4.8876E+16
26073,26074,8,3,26,27,2016,3,16,3,3,4,2,0,1,1,1,0,0,0,0,4.62041E+20,5.30863E+21,8.49183E+15,4.79298E+16
26074,26075,8,1,16,33,2016,3,20,4,3,2,2,2,0,0,1,0,0,0,0,5.3397E+20,5.38904E+21,9.46124E+15,4.86535E+16
26075,26076,8,3,17,96,2016,3,14,7,3,2,6,0,0,0,1,0,0,0,0,4.20799E+20,5.3756E+21,7.92725E+15,4.85285E+16
26076,26077,8,2,12,0,2016,3,7,4,2,3,6,0,0,0,1,0,0,0,0,4.60931E+20,5.42378E+21,8.46622E+15,4.89657E+16
26077,26078,8,1,19,67,2016,3,12,6,3,2,2,0,0,0,1,0,0,0,0,5.39786E+20,5.406E+21,9.54185E+15,4.88057E+16
26078,26079,8,4,17,13,2016,3,11,6,3,1,6,0,0,0,1,0,0,0,0,5.09763E+20,5.35627E+21,9.1318E+15,4.83595E+16
26079,26080,8,1,15,45,2016,3,16,4,2,2,6,0,0,0,0,0,1,1,0,4.99249E+20,5.39314E+21,8.9898E+15,4.86913E+16
26080,26081,8,3,26,74,2016,3,14,5,3,2,6,0,0,0,1,0,0,0,0,4.66293E+20,5.32379E+21,8.54755E+15,4.80665E+16
26081,26082,8,4,15,59,2016,3,15,2,3,5,3,0,0,1,1,0,0,0,0,5.16246E+20,5.3671E+21,9.21974E+15,4.84568E+16
26082,26083,8,3,17,40,2016,3,17,5,2,5,3,1,0,1,1,0,0,0,0,4.32707E+20,5.34772E+21,8.09298E+15,4.82791E+16
26083,26084,8,1,27,86,2016,3,18,2,3,2,6,2,0,0,1,0,1,0,0,5.54969E+20,5.44554E+21,9.75395E+15,4.91602E+16
26084,26085,8,1,16,33,2016,3,15,6,3,2,6,0,0,0,1,0,0,0,1,5.31696E+20,5.38764E+21,9.43027E+15,4.8641E+16
26085,26086,8,1,36,88,2016,3,7,5,3,2,6,0,0,0,1,0,0,0,0,5.86957E+20,5.40632E+21,1.01842E+16,4.88038E+16
26086,26087,8,4,25,140,2016,3,12,5,3,4,2,0,0,0,1,0,0,0,0,5.79902E+20,5.33753E+21,1.0075E+16,4.8186E+16
26087,26088,8,1,16,33,2016,3,17,5,3,1,6,0,0,0,1,0,0,0,0,5.34526E+20,5.38783E+21,9.46869E+15,4.86425E+16
26088,26089,8,2,25,14,2016,3,17,4,2,5,3,0,0,0,1,0,0,0,0,5.2221E+20,5.48389E+21,9.30678E+15,4.95072E+16
26089,26090,8,3,35,75,2016,3,5,6,3,5,2,2,0,1,1,0,0,0,0,4.90733E+20,5.29247E+21,8.87628E+15,4.77855E+16
26090,26091,8,1,18,11,2016,3,17,6,3,2,6,1,0,0,1,0,0,0,0,5.05465E+20,5.40735E+21,9.07444E+15,4.88191E+16
26091,26092,8,3,36,91,2016,3,17,3,3,6,4,0,1,0,1,1,0,0,0,3.95517E+20,5.27189E+21,7.61025E+15,4.7592E+16
26092,26093,8,4,15,59,2016,3,16,3,3,2,6,0,1,0,1,0,0,0,0,5.17379E+20,5.36674E+21,9.23504E+15,4.84536E+16
26093,26094,8,1,16,15,2016,3,14,3,3,1,6,0,1,0,1,0,0,0,0,5.23309E+20,5.39282E+21,9.3167E+15,4.8688E+16
26094,26095,8,2,26,10,2016,3,8,5,3,2,6,0,0,0,1,0,0,0,0,4.84432E+20,5.45721E+21,8.78601E+15,4.92674E+16
26095,26096,8,3,17,1,2016,3,9,5,3,1,6,0,0,0,1,0,0,0,0,4.31742E+20,5.3866E+21,8.07363E+15,4.86288E+16
26096,26097,8,2,37,40,2016,3,17,2,3,4,2,0,0,0,1,0,0,0,0,4.75564E+20,5.36985E+21,8.66933E+15,4.84813E+16
26097,26098,8,4,36,79,2016,3,14,1,2,8,1,0,0,0,0,0,1,0,0,5.52036E+20,5.28973E+21,9.69434E+15,4.77588E+16
26098,26099,8,2,31,0,2016,3,16,1,2,5,3,0,0,0,1,0,1,0,0,4.77652E+20,5.41537E+21,8.69512E+15,4.88909E+16
26099,26100,8,3,17,59,2016,3,7,5,2,5,2,0,0,0,1,0,0,0,0,4.12327E+20,5.35009E+21,7.81785E+15,4.82979E+16
26100,26101,8,3,17,9,2016,3,7,2,3,5,3,0,0,0,1,0,0,0,0,4.25511E+20,5.36182E+21,7.99351E+15,4.84051E+16
26101,26102,8,3,16,12,2016,3,21,5,2,5,2,2,0,0,1,0,0,0,0,4.02059E+20,5.3338E+21,7.6832E+15,4.81499E+16
26102,26103,8,1,18,73,2016,3,13,2,3,0,7,0,0,1,0,0,0,0,0,4.96024E+20,5.42081E+21,8.94571E+15,4.89402E+16
26103,26104,8,1,11,0,2016,3,15,6,3,2,6,0,0,0,1,0,0,0,0,5.10382E+20,5.40896E+21,9.14147E+15,4.88336E+16
26104,26105,8,3,35,25,2016,3,9,1,3,1,5,0,0,1,1,0,0,0,0,4.97682E+20,5.28008E+21,8.96912E+15,4.76741E+16
26105,26106,8,4,15,61,2016,3,10,5,3,6,4,0,0,0,0,1,0,0,1,5.15755E+20,5.37156E+21,9.21327E+15,4.8497E+16
26106,26107,8,2,26,102,2016,3,14,7,2,8,1,0,0,0,0,0,1,0,0,4.82114E+20,5.45442E+21,8.75427E+15,4.92423E+16
26107,26108,8,1,15,48,2016,3,17,5,2,4,6,0,0,0,1,0,0,0,0,5.09704E+20,5.38595E+21,9.13169E+15,4.86265E+16
26108,26109,8,2,15,17,2016,3,15,4,3,3,6,0,0,0,1,0,0,1,0,4.54766E+20,5.42297E+21,8.38208E+15,4.8958E+16
26109,26110,8,3,16,9,2016,3,13,6,2,5,3,0,0,0,1,0,0,0,0,4.16678E+20,5.32536E+21,7.88136E+15,4.80761E+16
26110,26111,8,1,36,65,2016,3,17,6,3,2,2,0,0,0,1,0,0,0,0,5.64238E+20,5.40425E+21,9.87455E+15,4.8788E+16
26111,26112,8,2,16,43,2016,3,5,3,3,4,2,2,0,0,1,0,0,0,0,4.39885E+20,5.41369E+21,8.18019E+15,4.88733E+16
26112,26113,8,1,17,19,2016,3,16,6,2,5,3,0,0,1,1,0,0,0,0,5.51649E+20,5.39436E+21,9.70195E+15,4.87001E+16
26113,26114,8,1,19,20,2016,3,12,3,3,5,3,0,1,0,1,0,0,0,0,5.19798E+20,5.40624E+21,9.26965E+15,4.88088E+16
26114,26115,8,2,15,25,2016,3,7,5,3,5,3,0,0,0,1,0,0,0,0,4.75009E+20,5.43407E+21,8.65793E+15,4.9059E+16
26115,26116,8,3,15,108,2016,3,16,5,3,4,2,0,0,0,1,0,0,0,0,4.05371E+20,5.30288E+21,7.73456E+15,4.78722E+16
26116,26117,8,2,16,43,2016,3,17,2,3,1,6,0,0,0,1,0,0,0,0,4.45001E+20,5.41229E+21,8.25013E+15,4.88611E+16
26117,26118,8,1,16,16,2016,3,14,1,3,2,6,0,0,0,1,0,0,0,0,5.33549E+20,5.38483E+21,9.45519E+15,4.86156E+16
26118,26119,8,1,11,0,2016,3,9,6,3,2,6,0,0,0,1,0,0,0,0,5.13704E+20,5.40318E+21,9.18654E+15,4.87815E+16
26119,26120,8,4,17,10,2016,3,11,7,2,5,3,0,0,0,1,0,0,0,0,5.07012E+20,5.3426E+21,9.09443E+15,4.82366E+16
26120,26121,8,1,26,66,2016,3,12,7,3,5,3,0,0,1,1,0,0,0,0,5.3636E+20,5.449E+21,9.49904E+15,4.91927E+16
26121,26122,8,3,36,50,2016,3,9,4,3,3,6,0,0,0,1,0,0,0,0,4.01253E+20,5.27401E+21,7.68604E+15,4.7612E+16
26122,26123,8,4,37,59,2016,3,14,6,3,9,1,0,0,0,1,0,0,0,0,5.11562E+20,5.32517E+21,9.15524E+15,4.80797E+16
26123,26124,8,2,25,82,2016,3,13,4,2,4,6,0,0,0,1,0,0,0,0,5.33366E+20,5.48143E+21,9.46067E+15,4.94846E+16
26124,26125,8,1,16,19,2016,3,15,5,3,2,6,0,0,0,1,0,1,0,0,5.23523E+20,5.39722E+21,9.31986E+15,4.87276E+16
26125,26126,8,4,36,6,2016,3,7,5,2,6,4,0,1,0,1,1,0,0,0,5.56094E+20,5.28392E+21,9.74774E+15,4.77062E+16
26126,26127,8,4,15,50,2016,3,14,7,3,9,6,0,0,0,1,0,0,0,0,5.21062E+20,5.37538E+21,9.28529E+15,4.85312E+16
26127,26128,8,1,15,45,2016,3,10,7,3,2,6,0,0,0,1,0,0,0,0,5.04475E+20,5.39717E+21,9.06085E+15,4.87276E+16
26128,26129,8,4,36,95,2016,3,8,4,3,5,3,0,0,0,1,0,0,0,0,5.33596E+20,5.29963E+21,9.44907E+15,4.78491E+16
26129,26130,8,1,16,56,2016,3,17,7,3,3,6,0,0,0,1,0,0,0,0,5.30576E+20,5.39762E+21,9.4158E+15,4.87309E+16
26130,26131,8,1,36,27,2016,3,21,4,3,9,1,2,0,0,1,0,0,0,0,5.59092E+20,5.41991E+21,9.80676E+15,4.89293E+16
26131,26132,8,2,12,0,2016,3,17,6,3,2,6,0,0,0,1,0,0,0,0,4.55183E+20,5.42848E+21,8.38717E+15,4.90076E+16
26132,26133,8,1,15,45,2016,3,7,5,3,6,4,1,0,0,1,1,0,0,0,4.97726E+20,5.39617E+21,8.96908E+15,4.87185E+16
26133,26134,8,1,21,0,2016,3,14,6,3,4,2,0,0,0,1,0,0,0,0,5.15933E+20,5.44228E+21,9.21842E+15,4.91332E+16
26134,26135,8,3,11,0,2016,3,12,5,3,6,4,0,0,0,1,1,0,0,0,4.14063E+20,5.3158E+21,7.84818E+15,4.79897E+16
26135,26136,8,1,16,56,2016,3,20,3,3,1,7,2,0,0,1,0,0,0,0,5.32691E+20,5.39454E+21,9.44431E+15,4.8703E+16
26136,26137,8,1,36,88,2016,3,11,6,3,2,6,0,0,0,1,0,0,0,0,5.82287E+20,5.40823E+21,1.0121E+16,4.88216E+16
26137,26138,8,2,36,40,2016,3,18,5,3,1,6,0,0,0,1,0,0,0,0,4.89756E+20,5.42417E+21,8.86003E+15,4.89704E+16
26138,26139,8,2,36,19,2016,3,0,5,3,8,1,2,1,0,1,0,0,0,0,4.87163E+20,5.40979E+21,8.82504E+15,4.88409E+16
26139,26140,8,1,18,21,2016,3,11,2,3,3,6,0,0,0,1,0,0,0,0,5.18269E+20,5.43011E+21,9.24989E+15,4.90236E+16
26140,26141,8,4,37,31,2016,3,14,7,3,5,3,0,0,0,1,0,0,0,0,5.20773E+20,5.34594E+21,9.27992E+15,4.82663E+16
26141,26142,8,4,36,39,2016,3,14,5,2,2,2,0,0,0,0,0,1,0,0,5.4877E+20,5.28921E+21,9.65071E+15,4.77544E+16
26142,26143,8,2,26,103,2016,3,11,7,3,2,6,0,0,0,0,0,0,1,1,4.71708E+20,5.45728E+21,8.61111E+15,4.92676E+16
26143,26144,8,1,21,0,2016,3,13,7,3,2,6,0,0,0,1,0,1,0,0,5.16449E+20,5.44614E+21,9.22564E+15,4.91678E+16
26144,26145,8,2,22,0,2016,3,7,4,3,2,6,0,0,0,1,0,0,0,0,4.65608E+20,5.47932E+21,8.52536E+15,4.94655E+16
26145,26146,8,1,18,63,2016,3,8,6,3,2,6,0,0,0,1,0,0,0,0,5.157E+20,5.42296E+21,9.21448E+15,4.89594E+16
26146,26147,8,4,35,16,2016,3,14,6,3,6,4,0,0,1,0,1,0,0,0,5.35495E+20,5.27774E+21,9.47266E+15,4.76521E+16
26147,26148,8,1,21,0,2016,3,18,4,3,8,1,1,0,0,1,0,0,0,0,5.10598E+20,5.44888E+21,9.14546E+15,4.91927E+16