FID,OBJECTID,ULAND,UREGBEZ,UKREIS,UGEMEINDE,UJAHR,UMONAT,USTUNDE,UWOCHENTAG,UKATEGORIE,UART,UTYP1,ULICHTVERH,IstStrasse,IstRad,IstPKW,IstFuss,IstKrad,IstGkfz,IstSonstig,LINREFX,LINREFY,XGCSWGS84,YGCSWGS84
26148,26149,8,3,36,57,2016,3,16,5,3,4,1,0,0,0,1,0,0,0,0,4.07796E+20,5.27778E+21,7.77229E+15,4.76468E+16
26149,26150,8,4,36,64,2016,3,5,2,3,4,2,1,0,0,1,0,0,0,0,5.44965E+20,5.28912E+21,9.59994E+15,4.77539E+16
26150,26151,8,2,31,0,2016,3,16,5,3,2,6,0,0,0,1,0,0,0,1,4.78652E+20,5.4179E+21,8.70863E+15,4.89136E+16
26151,26152,8,1,35,16,2016,3,10,2,2,2,6,0,0,0,1,0,0,0,0,5.93711E+20,5.38544E+21,1.02715E+16,4.8615E+16
26152,26153,8,1,18,81,2016,3,13,6,3,2,6,0,0,0,1,0,0,0,0,5.19596E+20,5.41452E+21,9.26729E+15,4.88833E+16
26153,26154,8,4,25,31,2016,3,15,5,3,2,1,0,0,0,1,0,0,1,0,5.64054E+20,5.37036E+21,9.86681E+15,4.84831E+16
26154,26155,8,4,37,100,2016,3,19,5,2,5,3,2,0,0,1,0,1,0,0,5.38745E+20,5.31772E+21,9.51952E+15,4.80116E+16
26155,26156,8,1,11,0,2016,3,14,3,3,5,3,0,1,0,1,0,0,0,0,5.12467E+20,5.3996E+21,9.1696E+15,4.87493E+16
26156,26157,8,2,16,5,2016,3,21,5,3,2,6,2,0,0,1,0,0,1,0,4.46828E+20,5.41479E+21,8.27472E+15,4.88838E+16
26157,26158,8,2,25,14,2016,3,13,6,2,4,2,0,0,0,1,0,1,0,0,5.24099E+20,5.48429E+21,9.3329E+15,4.95107E+16
26158,26159,8,2,15,7,2016,3,8,5,3,2,6,0,0,0,1,0,0,0,0,4.75753E+20,5.43157E+21,8.66825E+15,4.90365E+16
26159,26160,8,1,25,63,2016,3,14,5,3,2,6,0,0,0,1,0,0,0,0,5.27176E+20,5.46142E+21,9.37384E+15,4.93049E+16
26160,26161,8,3,36,45,2016,3,20,3,3,8,1,2,1,0,1,0,0,0,0,3.96834E+20,5.28553E+21,7.62455E+15,4.77149E+16
26161,26162,8,1,16,27,2016,3,15,4,3,2,6,0,0,0,1,0,0,0,0,5.33506E+20,5.39281E+21,9.45525E+15,4.86874E+16
26162,26163,8,3,17,34,2016,3,17,5,3,1,6,0,0,0,1,0,0,0,0,4.26473E+20,5.36129E+21,8.0066E+15,4.84005E+16
26163,26164,8,3,35,43,2016,3,12,2,3,5,3,0,0,0,1,0,0,0,0,5.10926E+20,5.28055E+21,9.14557E+15,4.76783E+16
26164,26165,8,2,15,9,2016,3,8,5,3,2,6,0,0,0,1,0,0,0,1,4.66099E+20,5.43822E+21,8.53562E+15,4.90959E+16
26165,26166,8,1,25,107,2016,3,22,2,3,6,4,2,0,0,0,1,0,0,1,5.35611E+20,5.43965E+21,9.48793E+15,4.91086E+16
26166,26167,8,1,15,45,2016,3,15,6,3,5,3,0,0,0,1,0,0,0,0,5.01722E+20,5.39489E+21,9.02341E+15,4.8707E+16
26167,26168,8,4,17,31,2016,3,15,5,3,4,6,0,0,0,1,0,0,0,0,5.0121E+20,5.35509E+21,9.01633E+15,4.8349E+16
26168,26169,8,1,16,14,2016,3,16,5,3,2,6,0,0,0,1,0,1,0,0,5.28142E+20,5.39578E+21,9.38257E+15,4.87144E+16
26169,26170,8,2,22,0,2016,3,15,4,2,2,6,0,0,0,1,0,1,0,0,4.62844E+20,5.48647E+21,8.48654E+15,4.95297E+16
26170,26171,8,3,26,12,2016,3,10,6,3,5,3,0,0,0,1,0,0,1,0,4.66486E+20,5.30995E+21,8.55123E+15,4.7942E+16
26171,26172,8,1,18,79,2016,3,15,5,3,2,6,0,0,0,1,0,0,0,0,5.09653E+20,5.42316E+21,9.13187E+15,4.89613E+16
26172,26173,8,3,37,60,2016,3,10,6,3,9,1,0,0,0,1,0,0,0,0,4.66166E+20,5.27632E+21,8.54957E+15,4.76394E+16
26173,26174,8,2,25,91,2016,3,8,6,3,5,3,0,0,0,1,0,0,0,0,5.24313E+20,5.47698E+21,9.3354E+15,4.9445E+16
26174,26175,8,3,27,50,2016,3,6,3,2,4,6,2,0,0,1,0,0,1,0,4.89561E+20,5.31129E+21,8.86018E+15,4.79548E+16
26175,26176,8,1,11,0,2016,3,18,4,3,2,6,2,0,0,1,0,0,0,0,5.14634E+20,5.39558E+21,9.19894E+15,4.87131E+16
26176,26177,8,1,25,102,2016,3,7,3,3,3,3,0,0,0,1,0,0,1,1,5.21441E+20,5.44509E+21,9.29407E+15,4.91583E+16
26177,26178,8,3,36,50,2016,3,9,5,3,2,6,0,0,0,1,0,0,0,0,4.00382E+20,5.27377E+21,7.67451E+15,4.76097E+16
26178,26179,8,3,15,115,2016,3,20,2,3,3,6,2,0,1,1,0,0,0,0,4.07872E+20,5.32051E+21,7.76421E+15,4.80312E+16
26179,26180,8,2,37,40,2016,3,15,5,3,1,2,0,0,0,1,0,0,0,0,4.71652E+20,5.36625E+21,8.61665E+15,4.84487E+16
26180,26181,8,2,12,0,2016,3,12,2,3,2,6,0,0,0,1,0,0,0,0,4.60765E+20,5.42397E+21,8.46393E+15,4.89674E+16
26181,26182,8,1,16,81,2016,3,8,2,3,2,6,0,0,0,1,0,0,0,0,5.19375E+20,5.38608E+21,9.26294E+15,4.86275E+16
26182,26183,8,4,37,101,2016,3,15,5,3,5,3,0,0,0,1,0,0,0,0,5.22027E+20,5.32482E+21,9.29572E+15,4.80763E+16
26183,26184,8,3,16,20,2016,3,18,1,3,1,6,2,0,0,1,0,1,0,0,4.07817E+20,5.33894E+21,7.75948E+15,4.8197E+16
26184,26185,8,4,36,85,2016,3,16,5,3,5,3,0,0,0,1,0,0,0,0,5.59632E+20,5.29622E+21,9.79659E+15,4.78165E+16
26185,26186,8,3,36,14,2016,3,9,5,3,2,6,0,0,0,1,0,0,0,0,3.89176E+20,5.28133E+21,7.52354E+15,4.76759E+16
26186,26187,8,4,25,110,2016,3,19,7,3,9,1,2,0,0,1,0,0,0,0,5.74162E+20,5.34674E+21,9.99941E+15,4.82695E+16
26187,26188,8,2,15,84,2016,3,3,7,3,8,1,2,0,0,1,0,0,0,0,4.72635E+20,5.4447E+21,8.62471E+15,4.91545E+16
26188,26189,8,1,11,0,2016,3,16,5,3,3,6,0,0,0,1,0,0,0,0,5.13921E+20,5.40381E+21,9.18952E+15,4.87871E+16
26189,26190,8,1,19,75,2016,3,15,7,3,8,1,0,0,0,0,0,1,0,0,5.36716E+20,5.42881E+21,9.5021E+15,4.90111E+16
26190,26191,8,1,15,13,2016,3,16,4,3,2,6,0,0,0,1,0,0,0,0,4.97272E+20,5.39013E+21,8.96295E+15,4.86642E+16
26191,26192,8,3,11,0,2016,3,19,6,3,6,2,2,0,0,1,1,0,0,0,4.18399E+20,5.31534E+21,7.90637E+15,4.79861E+16
26192,26193,8,1,15,29,2016,3,8,5,3,2,6,0,0,0,1,0,0,1,0,4.95886E+20,5.40013E+21,8.94403E+15,4.87542E+16
26193,26194,8,1,25,39,2016,3,19,6,2,8,1,1,0,0,0,0,1,0,0,5.15931E+20,5.45933E+21,9.21906E+15,4.92865E+16
26194,26195,8,2,12,0,2016,3,11,3,3,5,3,0,0,0,1,0,0,0,0,4.59138E+20,5.43242E+21,8.44085E+15,4.90433E+16
26195,26196,8,2,37,28,2016,3,12,5,3,3,6,0,0,0,1,0,1,0,0,4.57485E+20,5.3682E+21,8.42487E+15,4.84655E+16
26196,26197,8,1,15,45,2016,3,5,6,3,2,6,2,0,0,1,0,0,0,0,5.04227E+20,5.39639E+21,9.05747E+15,4.87205E+16
26197,26198,8,1,18,48,2016,3,8,3,3,2,6,0,0,0,1,0,0,0,0,5.14434E+20,5.41517E+21,9.19691E+15,4.88893E+16
26198,26199,8,1,36,65,2016,3,10,6,3,2,2,0,0,0,1,0,0,0,0,5.60548E+20,5.40587E+21,9.82456E+15,4.88029E+16
26199,26200,8,2,31,0,2016,3,16,5,2,2,6,0,0,0,1,0,0,0,0,4.78705E+20,5.41792E+21,8.70936E+15,4.89139E+16
26200,26201,8,2,35,6,2016,3,23,5,3,8,7,2,0,0,1,0,0,0,0,4.68831E+20,5.38084E+21,8.5774E+15,4.85798E+16
26201,26202,8,1,18,51,2016,3,14,6,3,1,6,0,0,0,1,0,0,0,0,5.10601E+20,5.41445E+21,9.14459E+15,4.88829E+16
26202,26203,8,2,31,0,2016,3,15,3,3,5,3,0,1,0,1,0,0,0,0,4.77647E+20,5.41524E+21,8.69506E+15,4.88897E+16
26203,26204,8,2,15,89,2016,3,7,6,2,8,1,1,0,0,1,0,0,0,0,4.71059E+20,5.42602E+21,8.60443E+15,4.89864E+16
26204,26205,8,3,37,62,2016,3,13,3,3,2,6,0,0,0,1,0,0,0,0,4.5564E+20,5.27633E+21,8.40943E+15,4.76389E+16
26205,26206,8,1,36,88,2016,3,17,3,3,2,6,1,1,0,1,0,0,0,0,5.77782E+20,5.41034E+21,1.00601E+16,4.88412E+16
26206,26207,8,2,31,0,2016,3,16,5,3,2,6,0,0,0,1,0,0,0,0,4.80829E+20,5.4188E+21,8.7383E+15,4.89219E+16
26207,26208,8,2,35,85,2016,3,13,5,3,2,6,0,0,0,1,0,0,0,0,4.81228E+20,5.39564E+21,8.7448E+15,4.87135E+16
26208,26209,8,2,31,0,2016,3,18,2,3,0,7,2,0,0,1,0,1,0,0,4.75739E+20,5.41541E+21,8.66903E+15,4.88911E+16
26209,26210,8,1,36,28,2016,3,18,1,2,4,1,2,0,0,1,0,1,0,0,5.69279E+20,5.40277E+21,9.94292E+15,4.87741E+16
26210,26211,8,4,26,21,2016,3,8,5,1,4,1,0,0,0,1,0,0,1,0,5.60753E+20,5.32487E+21,9.81561E+15,4.80742E+16
26211,26212,8,3,35,79,2016,3,11,7,3,2,6,0,0,0,1,0,0,0,0,5.00456E+20,5.29997E+21,9.0061E+15,4.7853E+16
26212,26213,8,1,16,33,2016,3,22,7,2,9,1,2,0,0,1,0,0,0,0,5.31786E+20,5.38757E+21,9.43147E+15,4.86404E+16
26213,26214,8,4,37,88,2016,3,11,4,3,2,6,0,0,0,1,0,0,0,0,5.182E+20,5.30829E+21,9.24364E+15,4.79277E+16
26214,26215,8,1,15,3,2016,3,0,7,3,5,3,2,0,0,1,0,0,0,0,5.01412E+20,5.39182E+21,9.01918E+15,4.86794E+16
26215,26216,8,4,25,5,2016,3,21,4,2,5,3,2,1,0,1,0,0,0,0,5.75536E+20,5.38124E+21,1.00241E+16,4.85797E+16
26216,26217,8,1,15,13,2016,3,6,5,3,3,6,2,0,1,1,0,0,0,0,4.95972E+20,5.38974E+21,8.9453E+15,4.86607E+16
26217,26218,8,2,26,12,2016,3,14,5,2,4,6,0,0,0,1,0,0,0,0,4.76178E+20,5.47726E+21,8.67136E+15,4.94475E+16
26218,26219,8,1,15,3,2016,3,10,3,3,2,6,0,0,0,1,0,0,0,0,4.97215E+20,5.39287E+21,8.96215E+15,4.86888E+16
26219,26220,8,1,35,25,2016,3,19,6,3,4,6,2,0,0,1,0,0,0,0,5.80689E+20,5.3959E+21,1.00968E+16,4.87109E+16
26220,26221,8,2,22,0,2016,3,12,5,3,2,6,0,0,0,1,0,0,0,0,4.63583E+20,5.48346E+21,8.49702E+15,4.95026E+16
26221,26222,8,1,28,131,2016,3,15,5,3,6,4,0,0,0,1,1,0,0,0,5.3681E+20,5.51213E+21,9.5111E+15,4.97605E+16
26222,26223,8,1,15,50,2016,3,11,2,2,6,4,0,0,0,1,1,0,0,0,4.89885E+20,5.39997E+21,8.86239E+15,4.87527E+16
26223,26224,8,2,16,49,2016,3,23,7,2,7,6,2,0,0,1,0,0,1,0,4.37262E+20,5.40309E+21,8.14603E+15,4.87776E+16
26224,26225,8,2,12,0,2016,3,14,4,2,6,7,0,0,0,0,1,0,0,1,4.55716E+20,5.42821E+21,8.39448E+15,4.90052E+16
26225,26226,8,2,15,7,2016,3,18,2,3,0,3,0,0,0,0,0,0,1,1,4.76633E+20,5.42894E+21,8.68044E+15,4.90129E+16
26226,26227,8,1,11,0,2016,3,11,1,3,2,6,0,0,0,1,0,0,0,0,5.17455E+20,5.40444E+21,9.23766E+15,4.87927E+16
26227,26228,8,4,26,11,2016,3,9,5,2,4,2,0,0,0,1,0,0,0,0,5.51497E+20,5.32946E+21,9.69191E+15,4.81163E+16
26228,26229,8,3,17,96,2016,3,21,7,2,4,6,2,0,0,1,0,1,0,0,4.21295E+20,5.3666E+21,7.93566E+15,4.84477E+16
26229,26230,8,1,25,34,2016,3,8,7,2,8,1,0,0,0,1,0,0,0,0,4.97918E+20,5.44352E+21,8.97146E+15,4.91445E+16
26230,26231,8,3,27,2,2016,3,18,4,3,5,3,1,0,0,1,0,0,0,0,4.77853E+20,5.32659E+21,8.70258E+15,4.80922E+16
26231,26232,8,4,36,11,2016,3,14,6,3,5,3,0,0,0,1,0,0,0,0,5.48912E+20,5.29795E+21,9.65359E+15,4.7833E+16
26232,26233,8,1,27,101,2016,3,8,4,2,4,1,0,1,0,1,0,0,1,0,5.87674E+20,5.43908E+21,1.0201E+16,4.90983E+16
26233,26234,8,1,11,0,2016,3,13,3,3,2,6,0,1,0,1,0,0,1,0,5.1483E+20,5.4047E+21,9.20192E+15,4.87951E+16
26234,26235,8,2,26,17,2016,3,14,5,2,5,3,0,0,1,1,0,0,0,0,4.94855E+20,5.46588E+21,8.92917E+15,4.93456E+16
26235,26236,8,1,18,78,2016,3,7,2,3,2,6,0,0,0,0,0,0,1,1,5.12818E+20,5.41963E+21,9.175E+15,4.89295E+16
26236,26237,8,1,19,79,2016,3,20,6,3,4,2,2,0,0,1,0,0,0,0,5.24485E+20,5.40971E+21,9.33368E+15,4.88398E+16
26237,26238,8,2,16,49,2016,3,13,5,3,5,3,0,0,1,1,0,0,0,0,4.38872E+20,5.40096E+21,8.16828E+15,4.87586E+16
26238,26239,8,1,19,1,2016,3,14,5,3,8,1,0,0,0,1,0,0,0,0,5.51225E+20,5.41352E+21,9.69856E+15,4.88725E+16
26239,26240,8,4,15,50,2016,3,15,6,3,5,3,0,0,0,1,0,0,0,0,5.21801E+20,5.37669E+21,9.29537E+15,4.85429E+16
26240,26241,8,2,36,4,2016,3,15,6,2,5,3,0,0,1,1,0,0,0,0,4.71283E+20,5.41315E+21,8.60839E+15,4.88707E+16
26241,26242,8,3,27,50,2016,3,12,3,3,6,4,0,0,0,1,1,0,0,0,4.86821E+20,5.31488E+21,8.82338E+15,4.79871E+16
26242,26243,8,1,16,19,2016,3,15,4,3,2,1,0,0,0,1,0,1,0,0,5.24696E+20,5.3977E+21,9.33585E+15,4.87318E+16
26243,26244,8,3,17,65,2016,3,11,5,3,2,7,0,0,0,1,0,0,0,0,4.16106E+20,5.35449E+21,7.86793E+15,4.8338E+16
26244,26245,8,3,17,40,2016,3,14,2,3,2,6,0,0,0,1,0,0,0,0,4.3249E+20,5.34776E+21,8.09006E+15,4.82794E+16
26245,26246,8,2,22,0,2016,3,14,5,3,5,7,0,0,0,1,0,0,1,0,4.62738E+20,5.47944E+21,8.48574E+15,4.94664E+16
26246,26247,8,4,25,33,2016,3,14,6,3,1,6,0,0,0,1,0,0,0,0,5.48926E+20,5.34526E+21,9.65918E+15,4.82586E+16
26247,26248,8,1,18,40,2016,3,15,4,2,3,6,0,0,1,1,0,0,0,0,5.10641E+20,5.43151E+21,9.14558E+15,4.90364E+16
26248,26249,8,3,27,49,2016,3,8,5,3,4,2,0,0,0,1,0,0,0,0,4.75218E+20,5.32255E+21,8.66742E+15,4.80558E+16
26249,26250,8,4,15,61,2016,3,17,2,2,3,6,1,0,0,1,0,0,0,0,5.17352E+20,5.3728E+21,9.23493E+15,4.85081E+16
26250,26251,8,2,22,0,2016,3,10,5,2,2,6,0,0,0,1,0,0,0,1,4.61237E+20,5.48298E+21,8.46467E+15,4.94982E+16
26251,26252,8,1,28,45,2016,3,14,2,2,2,6,0,0,0,1,0,0,0,0,5.55117E+20,5.50161E+21,9.76378E+15,4.96645E+16
26252,26253,8,1,18,79,2016,3,10,6,3,1,6,0,0,0,1,0,0,0,0,5.09657E+20,5.42271E+21,9.13192E+15,4.89573E+16
26253,26254,8,1,18,68,2016,3,16,5,2,4,7,0,0,0,1,0,0,0,0,5.01688E+20,5.42349E+21,9.02306E+15,4.89643E+16
26254,26255,8,4,26,21,2016,3,10,5,3,2,6,0,0,0,1,0,0,0,0,5.59969E+20,5.33109E+21,9.80596E+15,4.81302E+16
26255,26256,8,1,17,19,2016,3,13,5,3,0,3,0,0,0,1,0,0,0,0,5.50358E+20,5.39405E+21,9.68435E+15,4.86975E+16
26256,26257,8,2,36,76,2016,3,15,4,2,4,1,0,0,0,1,0,0,0,0,4.75526E+20,5.42348E+21,8.66564E+15,4.89638E+16
26257,26258,8,3,35,77,2016,3,16,6,3,5,2,0,0,0,1,0,0,0,0,4.93619E+20,5.2909E+21,8.91484E+15,4.77715E+16
26258,26259,8,3,17,116,2016,3,21,6,2,8,1,2,0,0,1,0,0,0,0,4.30919E+20,5.39007E+21,8.06189E+15,4.86599E+16
26259,26260,8,3,11,0,2016,3,17,3,3,2,6,0,1,0,1,0,0,0,0,4.09812E+20,5.31912E+21,7.79052E+15,4.8019E+16
26260,26261,8,4,17,57,2016,3,18,3,3,5,3,2,1,0,1,0,0,0,0,4.81848E+20,5.33964E+21,8.75567E+15,4.82097E+16
26261,26262,8,1,15,28,2016,3,18,3,3,3,6,2,1,0,1,0,0,1,0,5.00294E+20,5.40341E+21,9.00401E+15,4.87837E+16
26262,26263,8,2,26,85,2016,3,9,5,3,2,6,0,0,0,1,0,0,0,0,4.87135E+20,5.45617E+21,8.82319E+15,4.92582E+16
26263,26264,8,3,11,0,2016,3,12,2,3,2,1,0,0,0,1,0,0,0,0,4.04822E+20,5.317E+21,7.72409E+15,4.79993E+16
26264,26265,8,2,16,15,2016,3,17,5,3,4,2,0,0,0,1,0,0,0,0,4.51402E+20,5.40374E+21,8.33842E+15,4.87848E+16
26265,26266,8,2,12,0,2016,3,7,2,3,3,6,0,0,0,1,0,0,0,0,4.53028E+20,5.42874E+21,8.35767E+15,4.90097E+16
26266,26267,8,1,16,49,2016,3,13,2,1,6,4,0,0,0,0,1,0,1,0,5.25255E+20,5.38596E+21,9.34273E+15,4.86262E+16
26267,26268,8,4,35,57,2016,3,7,5,3,9,1,0,0,0,0,0,1,0,0,5.47723E+20,5.27619E+21,9.63532E+15,4.76373E+16
26268,26269,8,2,15,84,2016,3,15,1,3,2,6,0,0,0,1,0,0,0,0,4.68979E+20,5.44661E+21,8.57442E+15,4.91715E+16
26269,26270,8,4,17,2,2016,3,22,5,3,8,1,2,0,0,0,0,1,0,0,4.89609E+20,5.35149E+21,8.85984E+15,4.83165E+16
26270,26271,8,4,17,16,2016,3,16,7,3,2,6,0,0,0,1,0,0,0,0,4.84839E+20,5.34232E+21,8.79583E+15,4.82339E+16
26271,26272,8,2,11,0,2016,3,14,7,3,5,3,0,0,0,1,0,0,0,1,4.42239E+20,5.40414E+21,8.21363E+15,4.87875E+16
26272,26273,8,4,36,94,2016,3,4,4,3,9,1,2,2,0,1,0,0,0,0,5.74061E+20,5.28105E+21,9.98673E+15,4.76786E+16
26273,26274,8,1,18,73,2016,3,6,2,2,8,1,0,0,0,0,0,1,0,0,4.97968E+20,5.4158E+21,8.97228E+15,4.88952E+16
26274,26275,8,1,11,0,2016,3,8,6,2,6,4,0,0,0,0,1,0,1,0,5.17519E+20,5.40713E+21,9.23865E+15,4.88169E+16
26275,26276,8,3,36,43,2016,3,13,1,3,3,5,0,0,0,1,0,1,0,0,4.01724E+20,5.2713E+21,7.69292E+15,4.75877E+16
26276,26277,8,4,15,19,2016,3,15,5,3,2,6,0,0,0,1,0,0,0,0,5.18753E+20,5.36979E+21,9.25376E+15,4.8481E+16
26277,26278,8,2,35,7,2016,3,1,7,3,9,1,2,0,0,1,0,0,0,0,4.86822E+20,5.39735E+21,8.8208E+15,4.87291E+16
26278,26279,8,1,15,13,2016,3,6,5,3,5,3,0,0,0,1,0,0,0,0,4.95922E+20,5.38917E+21,8.94463E+15,4.86556E+16
26279,26280,8,2,15,9,2016,3,5,4,3,4,2,2,0,0,1,0,0,0,0,4.70929E+20,5.44237E+21,8.60147E+15,4.91335E+16
26280,26281,8,3,17,1,2016,3,9,6,3,1,2,0,0,0,1,0,0,0,0,4.26614E+20,5.38567E+21,8.00422E+15,4.86198E+16
26281,26282,8,1,15,45,2016,3,7,6,3,3,6,0,0,0,1,0,0,1,0,5.04198E+20,5.39726E+21,9.05708E+15,4.87283E+16
26282,26283,8,2,26,105,2016,3,12,3,3,2,6,0,1,0,1,0,0,0,0,4.72045E+20,5.47718E+21,8.61434E+15,4.94466E+16
26283,26284,8,2,15,100,2016,3,16,6,3,2,2,0,0,0,1,0,0,0,1,4.74882E+20,5.45284E+21,8.65501E+15,4.92278E+16
26284,26285,8,1,19,61,2016,3,9,3,3,6,4,0,0,0,1,1,0,0,0,5.38804E+20,5.41471E+21,9.5293E+15,4.88841E+16
26285,26286,8,2,12,0,2016,3,7,5,3,3,6,0,0,0,1,0,0,1,0,4.59185E+20,5.42734E+21,8.44201E+15,4.89976E+16
26286,26287,8,2,11,0,2016,3,8,5,2,0,1,0,0,0,0,0,1,0,0,4.43023E+20,5.40017E+21,8.22485E+15,4.87519E+16
26287,26288,8,2,21,0,2016,3,16,2,3,4,6,0,0,0,1,0,0,0,0,4.74176E+20,5.47403E+21,8.64394E+15,4.94184E+16
26288,26289,8,1,19,79,2016,3,17,1,3,5,3,0,0,0,1,0,1,0,0,5.23983E+20,5.40799E+21,9.32675E+15,4.88245E+16
26289,26290,8,4,16,26,2016,3,16,5,3,2,6,0,0,0,1,0,0,0,0,5.04896E+20,5.36335E+21,9.06618E+15,4.84233E+16
26290,26291,8,3,35,35,2016,3,9,7,2,8,1,0,0,0,1,0,0,0,0,4.8567E+20,5.29051E+21,8.80876E+15,4.77678E+16
26291,26292,8,1,27,86,2016,3,5,7,3,9,1,2,0,0,1,0,0,0,0,5.53842E+20,5.44302E+21,9.73817E+15,4.91376E+16
26292,26293,8,4,15,61,2016,3,13,4,3,2,6,0,0,0,1,0,0,1,0,5.16058E+20,5.37054E+21,9.21733E+15,4.84878E+16
26293,26294,8,1,11,0,2016,3,10,7,3,2,6,0,0,0,1,0,0,0,0,5.14831E+20,5.4047E+21,9.20194E+15,4.87951E+16
26294,26295,8,1,28,139,2016,3,4,4,3,8,1,2,0,0,1,0,0,0,0,5.55495E+20,5.49157E+21,9.76758E+15,4.95742E+16
26295,26296,8,1,11,0,2016,3,13,5,3,2,6,0,0,0,1,0,0,0,0,5.16452E+20,5.40423E+21,9.224E+15,4.87908E+16
26296,26297,8,3,17,102,2016,3,18,5,2,5,2,0,0,0,1,0,1,0,0,4.37768E+20,5.37974E+21,8.15644E+15,4.85677E+16
26297,26298,8,1,11,0,2016,3,16,3,3,2,6,0,0,0,1,0,0,0,0,5.1855E+20,5.40637E+21,9.25266E+15,4.88101E+16
26298,26299,8,1,18,11,2016,3,11,7,3,1,6,0,0,0,1,0,0,0,0,5.03251E+20,5.40895E+21,9.0443E+15,4.88336E+16
26299,26300,8,1,36,65,2016,3,11,4,3,8,1,0,0,0,1,0,0,0,0,5.55806E+20,5.40467E+21,9.75983E+15,4.87926E+16
26300,26301,8,2,22,0,2016,3,8,6,3,3,6,0,0,0,1,0,0,1,0,4.68152E+20,5.48535E+21,8.55997E+15,4.952E+16
26301,26302,8,1,11,0,2016,3,16,5,3,2,6,0,0,0,1,0,0,0,0,5.13891E+20,5.40607E+21,9.18919E+15,4.88074E+16
26302,26303,8,1,25,102,2016,3,19,6,3,4,2,2,0,0,1,0,0,0,0,5.22598E+20,5.4429E+21,9.30982E+15,4.91385E+16
26303,26304,8,2,16,49,2016,3,17,3,3,2,6,0,1,0,1,0,0,0,0,4.39459E+20,5.40267E+21,8.176E+15,4.87741E+16
26304,26305,8,1,25,57,2016,3,21,5,3,3,6,2,0,0,1,0,0,1,1,5.22063E+20,5.44047E+21,9.30235E+15,4.91167E+16
26305,26306,8,1,18,11,2016,3,14,6,3,2,6,0,0,0,1,0,0,0,0,5.05973E+20,5.40809E+21,9.08137E+15,4.88258E+16
26306,26307,8,1,17,24,2016,3,22,3,3,0,2,2,1,0,1,0,1,0,0,5.60806E+20,5.38612E+21,9.82516E+15,4.86252E+16
26307,26308,8,1,36,19,2016,3,13,6,3,2,6,0,0,0,1,0,0,0,0,5.82521E+20,5.42418E+21,1.01274E+16,4.89651E+16
26308,26309,8,2,36,71,2016,3,16,5,2,2,6,0,0,0,1,0,0,0,1,4.70049E+20,5.42279E+21,8.59086E+15,4.89573E+16
26309,26310,8,1,15,45,2016,3,16,5,3,2,6,0,0,0,1,0,0,0,0,5.04379E+20,5.39652E+21,9.05953E+15,4.87217E+16
26310,26311,8,1,25,6,2016,3,5,2,3,3,6,2,0,0,1,0,0,1,0,5.06992E+20,5.44942E+21,9.09597E+15,4.91976E+16
26311,26312,8,4,36,82,2016,3,18,7,3,3,3,1,0,1,1,0,0,0,0,5.47345E+20,5.29599E+21,9.63244E+15,4.78155E+16
26312,26313,8,4,15,14,2016,3,6,5,3,4,1,1,2,0,1,0,0,0,0,5.24593E+20,5.3759E+21,9.33315E+15,4.85357E+16
26313,26314,8,3,15,59,2016,3,20,7,3,4,6,2,0,0,1,0,0,0,0,3.97613E+20,5.32176E+21,7.62633E+15,4.80409E+16
26314,26315,8,1,25,96,2016,3,14,7,3,2,6,0,0,0,1,0,0,0,0,5.14929E+20,5.44898E+21,9.2049E+15,4.91934E+16
26315,26316,8,3,15,74,2016,3,5,4,3,9,1,2,0,0,1,0,0,0,0,3.94711E+20,5.29576E+21,7.59377E+15,4.78066E+16
26316,26317,8,4,35,5,2016,3,11,6,3,5,3,0,0,1,1,0,0,0,0,5.25889E+20,5.2867E+21,9.34528E+15,4.77332E+16
26317,26318,8,1,25,46,2016,3,13,4,3,2,6,0,0,0,1,0,0,1,0,5.18635E+20,5.43375E+21,9.25507E+15,4.90563E+16
26318,26319,8,1,11,0,2016,3,18,3,3,2,6,1,1,0,1,0,0,0,0,5.12572E+20,5.39967E+21,9.17103E+15,4.87499E+16
26319,26320,8,1,15,13,2016,3,17,5,3,2,6,1,0,0,1,0,0,0,0,4.97312E+20,5.39062E+21,8.96349E+15,4.86686E+16
26320,26321,8,1,36,88,2016,3,12,2,3,2,6,0,0,0,1,0,0,0,1,5.80194E+20,5.41152E+21,1.00932E+16,4.88515E+16
26321,26322,8,1,19,44,2016,3,16,6,3,0,6,0,0,0,1,0,0,0,1,5.45796E+20,5.42173E+21,9.62546E+15,4.89468E+16
26322,26323,8,1,21,0,2016,3,11,5,3,2,6,0,0,0,1,0,0,0,0,5.09214E+20,5.44819E+21,9.12645E+15,4.91865E+16
26323,26324,8,1,18,7,2016,3,17,5,2,2,6,0,0,0,1,0,0,0,0,5.11393E+20,5.42613E+21,9.15573E+15,4.8988E+16
26324,26325,8,1,28,7,2016,3,18,6,3,5,3,1,0,0,1,0,1,0,0,5.55739E+20,5.48113E+21,9.76948E+15,4.94803E+16
26325,26326,8,2,15,89,2016,3,15,5,3,5,3,0,0,0,1,0,0,0,0,4.68753E+20,5.43136E+21,8.5725E+15,4.90343E+16
26326,26327,8,1,27,12,2016,3,7,5,3,5,3,0,0,0,1,0,0,0,0,5.66131E+20,5.4324E+21,9.90489E+15,4.90409E+16
26327,26328,8,4,15,61,2016,3,15,5,3,2,5,0,0,0,0,0,0,0,1,5.1518E+20,5.37206E+21,9.2055E+15,4.85014E+16
26328,26329,8,2,37,4,2016,3,3,4,2,8,1,2,0,0,1,0,0,0,0,4.53483E+20,5.37321E+21,8.37018E+15,4.85102E+16