FID,OBJECTID,ULAND,UREGBEZ,UKREIS,UGEMEINDE,UJAHR,UMONAT,USTUNDE,UWOCHENTAG,UKATEGORIE,UART,UTYP1,ULICHTVERH,IstStrasse,IstRad,IstPKW,IstFuss,IstKrad,IstGkfz,IstSonstig,LINREFX,LINREFY,XGCSWGS84,YGCSWGS84
26329,26330,8,1,15,4,2016,3,13,4,2,2,6,0,0,0,1,0,0,1,0,4.88207E+20,5.37225E+21,8.84035E+15,4.85033E+16
26330,26331,8,3,25,12,2016,3,6,5,2,4,6,1,0,0,1,0,0,0,0,4.65462E+20,5.35732E+21,8.53367E+15,4.83681E+16
26331,26332,8,4,16,48,2016,3,8,2,3,4,1,0,0,0,1,0,0,0,0,4.96183E+20,5.37841E+21,8.94827E+15,4.85588E+16
26332,26333,8,1,27,25,2016,3,9,5,3,4,6,0,0,0,1,0,0,1,0,5.54491E+20,5.43021E+21,9.74533E+15,4.90224E+16
26333,26334,8,1,26,58,2016,3,14,2,3,8,1,0,0,0,1,0,0,0,0,5.43069E+20,5.45605E+21,9.59188E+15,4.92557E+16
26334,26335,8,1,16,19,2016,3,22,6,3,2,6,2,0,0,0,0,1,0,0,5.24456E+20,5.39752E+21,9.33256E+15,4.87302E+16
26335,26336,8,4,17,31,2016,3,13,5,2,4,6,0,0,0,1,0,0,0,0,4.94643E+20,5.35789E+21,8.92766E+15,4.83742E+16
26336,26337,8,1,16,78,2016,3,9,5,3,5,3,0,0,0,1,0,1,0,0,5.10228E+20,5.39341E+21,9.13898E+15,4.86937E+16
26337,26338,8,2,22,0,2016,3,17,4,3,2,6,0,0,0,1,0,0,0,0,4.63373E+20,5.47813E+21,8.49462E+15,4.94547E+16
26338,26339,8,3,35,75,2016,3,11,6,2,5,2,0,0,1,1,0,0,0,0,4.86943E+20,5.2897E+21,8.82577E+15,4.77605E+16
26339,26340,8,1,15,3,2016,3,16,6,3,5,3,0,0,0,1,0,0,0,0,5.00487E+20,5.39238E+21,9.00662E+15,4.86844E+16
26340,26341,8,2,36,71,2016,3,8,3,3,2,6,0,0,0,1,0,0,0,0,4.71308E+20,5.41867E+21,8.60834E+15,4.89203E+16
26341,26342,8,2,16,7,2016,3,7,6,3,2,6,0,0,0,1,0,0,0,0,4.38034E+20,5.39434E+21,8.15786E+15,4.8699E+16
26342,26343,8,4,16,41,2016,3,13,3,3,5,3,0,1,0,1,0,0,0,0,5.0573E+20,5.37506E+21,9.07761E+15,4.85286E+16
26343,26344,8,1,36,10,2016,3,15,3,3,5,3,0,1,0,1,0,0,0,0,5.9987E+20,5.41232E+21,1.03615E+16,4.88558E+16
26344,26345,8,2,26,10,2016,3,8,5,3,2,6,0,0,0,1,0,0,0,1,4.84429E+20,5.45721E+21,8.78597E+15,4.92675E+16
26345,26346,8,3,16,20,2016,3,15,6,3,2,6,0,0,0,1,0,0,0,1,4.06824E+20,5.34004E+21,7.74589E+15,4.82067E+16
26346,26347,8,2,26,13,2016,3,7,6,3,2,6,1,0,0,1,0,0,0,0,4.98919E+20,5.47872E+21,8.98508E+15,4.94611E+16
26347,26348,8,3,25,72,2016,3,16,3,3,2,6,0,1,0,1,0,0,0,0,4.69273E+20,5.32534E+21,8.58744E+15,4.80806E+16
26348,26349,8,1,11,0,2016,3,8,4,3,2,6,0,0,0,1,0,0,0,0,5.12847E+20,5.40581E+21,9.17497E+15,4.88052E+16
26349,26350,8,3,15,6,2016,3,16,5,3,5,3,0,0,0,1,0,0,0,0,4.01299E+20,5.30601E+21,7.67939E+15,4.78999E+16
26350,26351,8,3,16,55,2016,3,10,2,3,2,1,0,0,0,1,0,0,0,0,4.26411E+20,5.33197E+21,8.01087E+15,4.81367E+16
26351,26352,8,1,27,59,2016,3,7,5,3,5,3,0,0,0,1,0,0,0,0,5.46246E+20,5.44224E+21,9.63394E+15,4.91312E+16
26352,26353,8,2,26,32,2016,3,10,2,3,2,6,0,0,0,1,0,0,0,0,4.67159E+20,5.46453E+21,8.54798E+15,4.93326E+16
26353,26354,8,1,18,81,2016,3,8,2,3,0,7,0,0,0,1,0,0,0,0,5.2022E+20,5.41266E+21,9.27572E+15,4.88666E+16
26354,26355,8,1,11,0,2016,3,14,6,3,8,1,0,0,0,1,0,0,0,0,5.16633E+20,5.39875E+21,9.22623E+15,4.87415E+16
26355,26356,8,3,17,113,2016,3,8,1,3,2,6,0,0,0,1,0,0,0,0,4.0805E+20,5.34509E+21,7.76129E+15,4.82524E+16
26356,26357,8,4,15,61,2016,3,10,5,3,2,2,0,0,0,1,0,0,1,0,5.1613E+20,5.37572E+21,9.21851E+15,4.85344E+16
26357,26358,8,4,25,64,2016,3,13,7,3,5,3,0,0,0,1,0,0,0,0,5.71375E+20,5.34831E+21,9.96212E+15,4.8284E+16
26358,26359,8,2,22,0,2016,3,12,7,3,2,6,0,0,0,1,0,0,0,0,4.61517E+20,5.48079E+21,8.46875E+15,4.94785E+16
26359,26360,8,1,11,0,2016,3,13,5,3,4,6,0,0,0,1,0,0,0,0,5.18631E+20,5.40459E+21,9.25368E+15,4.8794E+16
26360,26361,8,1,19,79,2016,3,11,7,3,2,6,0,0,0,1,0,0,0,0,5.25783E+20,5.40694E+21,9.35121E+15,4.88149E+16
26361,26362,8,4,25,75,2016,3,19,4,2,5,3,2,0,0,1,0,0,0,1,5.68206E+20,5.3796E+21,9.92451E+15,4.85658E+16
26362,26363,8,3,15,74,2016,3,8,6,3,4,2,0,0,0,1,0,0,1,0,3.96082E+20,5.29681E+21,7.61182E+15,4.78163E+16
26363,26364,8,1,25,102,2016,3,23,6,2,9,1,2,0,0,1,0,0,0,0,5.23833E+20,5.44534E+21,9.32689E+15,4.91605E+16
26364,26365,8,2,16,43,2016,3,15,3,3,2,6,0,1,0,1,0,0,0,0,4.44509E+20,5.41252E+21,8.24339E+15,4.88632E+16
26365,26366,8,1,11,0,2016,3,13,6,3,2,6,0,0,0,1,0,0,0,0,5.06603E+20,5.39778E+21,9.08979E+15,4.8733E+16
26366,26367,8,1,19,42,2016,3,16,3,2,4,2,0,1,0,1,0,0,0,0,5.28637E+20,5.41471E+21,9.39062E+15,4.88847E+16
26367,26368,8,2,12,0,2016,3,14,5,3,7,7,0,0,0,1,0,0,1,0,4.58807E+20,5.42505E+21,8.43707E+15,4.8977E+16
26368,26369,8,1,27,43,2016,3,17,5,2,2,6,0,0,0,1,0,1,0,0,5.69077E+20,5.44635E+21,9.94757E+15,4.9166E+16
26369,26370,8,2,15,7,2016,3,19,2,3,2,6,2,0,0,1,0,0,0,0,4.79106E+20,5.43215E+21,8.7141E+15,4.90419E+16
26370,26371,8,1,16,19,2016,3,11,1,2,8,3,0,0,0,1,0,0,0,0,5.24556E+20,5.3976E+21,9.33393E+15,4.8731E+16
26371,26372,8,3,26,61,2016,3,13,5,3,1,6,0,0,0,1,0,0,0,0,4.7147E+20,5.32003E+21,8.61729E+15,4.80329E+16
26372,26373,8,1,27,73,2016,3,15,5,2,2,6,0,0,0,0,0,0,1,0,5.77798E+20,5.4484E+21,1.00676E+16,4.91835E+16
26373,26374,8,2,31,0,2016,3,10,2,2,6,4,0,0,0,1,1,0,0,0,4.77647E+20,5.41521E+21,8.69507E+15,4.88895E+16
26374,26375,8,4,26,35,2016,3,2,1,3,9,1,2,1,0,1,0,0,0,0,5.38938E+20,5.32954E+21,9.52319E+15,4.8118E+16
26375,26376,8,1,18,21,2016,3,9,1,2,9,1,0,1,0,0,0,1,0,0,5.19867E+20,5.42892E+21,9.27169E+15,4.90128E+16
26376,26377,8,3,37,96,2016,3,17,5,3,5,3,0,0,1,1,0,0,0,0,4.20993E+20,5.26772E+21,7.9498E+15,4.75581E+16
26377,26378,8,3,36,91,2016,3,19,7,3,2,6,2,0,0,1,0,0,1,0,3.94165E+20,5.27417E+21,7.59172E+15,4.76123E+16
26378,26379,8,1,35,25,2016,3,15,7,2,8,1,0,0,0,0,0,1,0,0,5.76978E+20,5.39811E+21,1.00468E+16,4.87313E+16
26379,26380,8,4,37,124,2016,3,9,4,2,9,1,0,2,0,0,0,0,0,1,5.18008E+20,5.30164E+21,9.24079E+15,4.78679E+16
26380,26381,8,1,16,19,2016,3,15,7,3,5,3,0,0,0,1,0,0,0,0,5.24379E+20,5.39746E+21,9.33151E+15,4.87297E+16
26381,26382,8,1,36,19,2016,3,8,4,3,2,6,0,1,0,1,0,0,0,0,5.81744E+20,5.42527E+21,1.0117E+16,4.89749E+16
26382,26383,8,1,11,0,2016,3,17,5,3,2,6,0,0,0,1,0,0,0,0,5.1182E+20,5.3989E+21,9.16077E+15,4.8743E+16
26383,26384,8,1,19,85,2016,3,13,6,3,5,3,0,0,1,1,0,0,0,0,5.28659E+20,5.41376E+21,9.39086E+15,4.88761E+16
26384,26385,8,1,25,7,2016,3,18,5,3,0,7,2,0,0,1,0,0,0,0,5.09157E+20,5.45204E+21,9.12575E+15,4.92211E+16
26385,26386,8,1,15,45,2016,3,13,3,2,0,7,0,1,1,0,0,0,0,0,4.98065E+20,5.39571E+21,8.9737E+15,4.87144E+16
26386,26387,8,1,36,3,2016,3,14,6,3,9,1,0,0,0,1,0,0,0,0,5.72838E+20,5.42174E+21,9.99474E+15,4.89443E+16
26387,26388,8,2,22,0,2016,3,16,5,2,3,6,0,0,0,1,0,1,1,1,4.65508E+20,5.481E+21,8.52383E+15,4.94807E+16
26388,26389,8,1,35,16,2016,3,7,5,3,4,6,0,1,0,1,0,0,0,0,5.96372E+20,5.3847E+21,1.03074E+16,4.86079E+16
26389,26390,8,1,21,0,2016,3,9,2,3,2,6,0,0,0,1,0,0,0,0,5.07494E+20,5.44916E+21,9.10286E+15,4.91952E+16
26390,26391,8,3,37,2,2016,3,18,5,2,8,1,1,0,0,1,0,0,0,0,4.34672E+20,5.27076E+21,8.13114E+15,4.75869E+16
26391,26392,8,2,26,98,2016,3,17,7,3,3,6,0,0,0,1,0,0,0,0,4.79181E+20,5.45867E+21,8.71375E+15,4.92804E+16
26392,26393,8,1,19,42,2016,3,11,7,3,5,3,0,0,0,1,0,0,0,0,5.307E+20,5.41655E+21,9.4189E+15,4.89011E+16
26393,26394,8,2,12,0,2016,3,12,4,2,5,2,0,0,0,1,0,0,0,0,4.56885E+20,5.42828E+21,8.41047E+15,4.90059E+16
26394,26395,8,4,35,24,2016,3,20,6,3,3,6,2,0,0,1,0,0,0,0,5.26815E+20,5.27917E+21,9.35717E+15,4.76653E+16
26395,26396,8,1,19,8,2016,3,18,4,3,5,3,2,0,1,1,0,0,0,0,5.31071E+20,5.42163E+21,9.42435E+15,4.89468E+16
26396,26397,8,3,35,79,2016,3,8,5,2,5,3,0,1,1,1,0,0,0,0,5.03071E+20,5.30343E+21,9.04108E+15,4.78842E+16
26397,26398,8,4,16,23,2016,3,15,2,3,0,7,0,0,1,0,0,0,0,0,5.08771E+20,5.36897E+21,9.11867E+15,4.84738E+16
26398,26399,8,3,17,21,2016,3,14,7,3,0,1,0,0,1,0,0,0,0,0,4.28939E+20,5.37197E+21,8.0381E+15,4.84968E+16
26399,26400,8,1,26,47,2016,3,11,7,2,1,6,0,0,0,1,0,0,0,1,5.49333E+20,5.45155E+21,9.6774E+15,4.92147E+16
26400,26401,8,3,16,17,2016,3,0,4,3,2,6,2,0,0,1,0,0,0,1,4.06899E+20,5.34103E+21,7.74668E+15,4.82157E+16
26401,26402,8,4,37,76,2016,3,14,6,3,2,6,0,0,0,1,0,0,0,0,5.25583E+20,5.32245E+21,9.34332E+15,4.80548E+16
26402,26403,8,1,28,7,2016,3,23,4,2,5,3,2,0,0,1,0,0,0,0,5.5405E+20,5.4817E+21,9.74625E+15,4.94855E+16
26403,26404,8,1,11,0,2016,3,5,3,3,2,6,2,1,0,1,0,0,0,0,5.15215E+20,5.40556E+21,9.20721E+15,4.88029E+16
26404,26405,8,1,25,26,2016,3,10,5,2,0,1,0,0,0,0,0,1,0,0,4.92353E+20,5.44207E+21,8.89518E+15,4.91314E+16
26405,26406,8,1,21,0,2016,3,16,6,3,2,6,0,0,0,1,0,0,0,0,5.16169E+20,5.4462E+21,9.2218E+15,4.91684E+16
26406,26407,8,2,12,0,2016,3,15,5,3,5,2,0,0,0,1,0,1,0,0,4.51827E+20,5.4311E+21,8.34098E+15,4.90309E+16
26407,26408,8,1,21,0,2016,3,13,5,3,0,1,0,0,0,0,0,1,0,0,5.14743E+20,5.44709E+21,9.20228E+15,4.91764E+16
26408,26409,8,4,15,85,2016,3,14,6,3,2,6,0,0,0,1,0,0,0,0,5.34718E+20,5.34194E+21,9.46749E+15,4.82297E+16
26409,26410,8,3,27,48,2016,3,6,3,3,9,1,1,1,0,1,0,0,0,0,4.76981E+20,5.31651E+21,8.69141E+15,4.80015E+16
26410,26411,8,1,16,77,2016,3,20,4,3,1,6,2,0,0,1,0,0,0,0,5.17141E+20,5.38861E+21,9.23273E+15,4.86503E+16
26411,26412,8,3,17,96,2016,3,18,5,3,2,6,0,0,0,1,0,0,1,0,4.20986E+20,5.36777E+21,7.93126E+15,4.84581E+16
26412,26413,8,3,26,74,2016,3,19,2,3,2,6,2,0,0,1,0,0,0,0,4.64675E+20,5.32373E+21,8.52584E+15,4.80658E+16
26413,26414,8,1,25,34,2016,3,18,5,3,6,1,2,0,0,1,1,0,0,0,4.9852E+20,5.44513E+21,8.97971E+15,4.9159E+16
26414,26415,8,1,19,1,2016,3,14,2,3,3,6,0,0,0,0,0,1,0,0,5.47675E+20,5.41049E+21,9.64981E+15,4.88456E+16
26415,26416,8,1,15,42,2016,3,17,6,3,2,6,0,0,1,1,0,0,0,0,4.94881E+20,5.40642E+21,8.93027E+15,4.88108E+16
26416,26417,8,4,17,31,2016,3,10,1,3,2,6,0,0,0,1,0,0,0,0,4.97125E+20,5.35542E+21,8.9612E+15,4.83519E+16
26417,26418,8,4,15,61,2016,3,19,5,3,3,6,2,0,0,1,0,0,1,0,5.15625E+20,5.37143E+21,9.2115E+15,4.84958E+16
26418,26419,8,1,15,3,2016,3,12,5,3,1,6,0,0,0,1,0,0,0,0,5.00716E+20,5.39253E+21,9.00973E+15,4.86858E+16
26419,26420,8,1,18,79,2016,3,16,5,3,5,3,0,0,0,1,0,0,0,0,5.08022E+20,5.42154E+21,9.10956E+15,4.89467E+16
26420,26421,8,1,28,139,2016,3,8,2,3,2,6,0,0,0,1,0,0,0,1,5.52755E+20,5.49247E+21,9.72981E+15,4.95825E+16
26421,26422,8,1,18,79,2016,3,4,6,3,5,3,2,0,0,1,0,0,1,0,5.10763E+20,5.42167E+21,9.14699E+15,4.89478E+16
26422,26423,8,1,11,0,2016,3,8,5,3,2,6,0,0,0,1,0,0,0,0,5.09318E+20,5.39508E+21,9.12665E+15,4.87087E+16
26423,26424,8,4,36,55,2016,3,19,5,3,1,6,2,0,0,1,0,0,0,0,5.7486E+20,5.30066E+21,1.00008E+16,4.78549E+16
26424,26425,8,1,18,73,2016,3,15,5,2,2,6,0,0,0,1,0,1,0,0,4.97121E+20,5.42032E+21,8.96069E+15,4.89358E+16
26425,26426,8,3,36,84,2016,3,23,6,3,2,6,2,0,0,1,0,0,0,0,4.05542E+20,5.27703E+21,7.74245E+15,4.76398E+16
26426,26427,8,2,22,0,2016,3,20,6,3,3,2,2,0,1,1,0,0,0,0,4.65812E+20,5.48428E+21,8.52774E+15,4.95102E+16
26427,26428,8,3,17,88,2016,3,7,3,3,5,3,0,0,0,1,0,0,0,0,4.36671E+20,5.35942E+21,8.14466E+15,4.83847E+16
26428,26429,8,4,36,9,2016,3,12,3,3,5,3,0,1,0,1,0,0,1,1,5.54068E+20,5.30515E+21,9.72339E+15,4.78974E+16
26429,26430,8,1,16,33,2016,3,16,3,3,8,1,0,1,0,1,0,0,0,0,5.33823E+20,5.38652E+21,9.45905E+15,4.86308E+16
26430,26431,8,3,36,100,2016,3,18,5,3,8,1,0,0,0,0,0,1,0,0,3.98492E+20,5.28072E+21,7.64776E+15,4.76719E+16
26431,26432,8,3,15,13,2016,3,14,2,2,4,1,0,0,0,1,0,1,0,0,4.03538E+20,5.32412E+21,7.70527E+15,4.8063E+16
26432,26433,8,1,16,77,2016,3,8,5,3,1,6,0,0,0,1,0,0,0,0,5.16683E+20,5.39005E+21,9.22656E+15,4.86633E+16
26433,26434,8,2,12,0,2016,3,13,2,2,2,6,0,0,0,1,0,0,1,1,4.62523E+20,5.43199E+21,8.48721E+15,4.90396E+16
26434,26435,8,1,16,49,2016,3,20,2,3,5,2,2,0,0,1,0,0,0,0,5.22703E+20,5.38794E+21,9.30821E+15,4.86441E+16
26435,26436,8,4,35,52,2016,3,14,5,3,8,1,0,0,0,0,0,1,0,0,5.22723E+20,5.28881E+21,9.30317E+15,4.77522E+16
26436,26437,8,2,26,103,2016,3,14,1,3,2,6,0,0,0,1,0,0,0,0,4.7137E+20,5.45666E+21,8.6065E+15,4.9262E+16
26437,26438,8,3,36,69,2016,3,10,5,3,5,2,0,0,0,1,0,0,0,0,4.08406E+20,5.26833E+21,7.78238E+15,4.7562E+16
26438,26439,8,4,25,33,2016,3,13,7,3,2,6,0,0,0,1,0,0,0,0,5.4895E+20,5.35047E+21,9.66012E+15,4.83055E+16
26439,26440,8,2,11,0,2016,3,17,7,3,0,7,0,0,1,0,0,0,0,0,4.40512E+20,5.40447E+21,8.19008E+15,4.87904E+16
26440,26441,8,4,36,82,2016,3,16,4,3,5,3,0,0,1,1,0,0,0,0,5.47699E+20,5.2953E+21,9.63709E+15,4.78093E+16
26441,26442,8,1,18,48,2016,3,13,7,3,2,6,0,0,0,1,0,0,0,0,5.14233E+20,5.41583E+21,9.19419E+15,4.88952E+16
26442,26443,8,1,15,28,2016,3,19,4,3,3,6,2,0,0,1,0,0,1,0,5.01375E+20,5.40278E+21,9.01871E+15,4.8778E+16
26443,26444,8,2,31,0,2016,3,14,6,3,2,6,0,0,0,1,0,0,0,0,4.78646E+20,5.41789E+21,8.70856E+15,4.89136E+16
26444,26445,8,4,37,104,2016,3,7,4,3,5,3,0,0,0,1,0,0,0,0,5.16786E+20,5.32362E+21,9.22531E+15,4.80656E+16
26445,26446,8,1,25,58,2016,3,13,6,2,5,3,0,0,1,1,0,0,0,0,5.06753E+20,5.44364E+21,9.0926E+15,4.91455E+16
26446,26447,8,2,12,0,2016,3,13,3,3,1,5,0,1,0,1,0,0,0,0,4.55629E+20,5.43005E+21,8.3931E+15,4.90217E+16
26447,26448,8,4,16,48,2016,3,14,6,3,2,6,0,0,0,1,0,0,0,0,4.91942E+20,5.3763E+21,8.89083E+15,4.85398E+16
26448,26449,8,3,26,74,2016,3,19,5,3,5,3,2,0,1,1,0,0,0,0,4.63572E+20,5.32344E+21,8.51106E+15,4.80632E+16
26449,26450,8,1,17,24,2016,3,13,1,3,1,6,0,0,0,1,0,0,0,0,5.62077E+20,5.3848E+21,9.84221E+15,4.86132E+16
26450,26451,8,4,36,11,2016,3,9,7,3,9,3,0,0,0,1,0,1,0,0,5.49187E+20,5.29634E+21,9.65708E+15,4.78186E+16
26451,26452,8,2,35,85,2016,3,11,4,3,5,3,0,1,1,1,0,0,0,0,4.81065E+20,5.39557E+21,8.7426E+15,4.87128E+16
26452,26453,8,2,15,17,2016,3,4,7,1,1,1,2,0,0,1,0,0,1,0,4.57723E+20,5.42384E+21,8.42239E+15,4.89661E+16
26453,26454,8,3,17,141,2016,3,6,6,3,8,1,2,0,0,0,0,1,0,0,4.14942E+20,5.37537E+21,7.84799E+15,4.85257E+16
26454,26455,8,1,17,24,2016,3,7,4,3,6,4,0,0,0,1,1,0,0,0,5.60881E+20,5.38599E+21,9.82617E+15,4.8624E+16
26455,26456,8,1,18,53,2016,3,15,2,2,4,1,0,0,0,1,0,0,0,0,5.18251E+20,5.42833E+21,9.24956E+15,4.90076E+16
26456,26457,8,2,37,40,2016,3,21,7,2,5,3,2,0,0,1,0,1,0,0,4.76104E+20,5.36749E+21,8.67678E+15,4.84601E+16
26457,26458,8,2,12,0,2016,3,7,3,3,2,6,0,0,0,1,0,0,0,1,4.5881E+20,5.42539E+21,8.43707E+15,4.898E+16
26458,26459,8,3,11,0,2016,3,20,6,3,5,3,2,0,0,1,0,0,0,0,4.14002E+20,5.31523E+21,7.84748E+15,4.79846E+16
26459,26460,8,3,16,3,2016,3,10,2,3,3,2,0,0,0,1,0,0,0,1,4.32051E+20,5.33738E+21,8.08581E+15,4.8186E+16
26460,26461,8,1,21,0,2016,3,19,2,2,6,4,2,0,0,1,1,0,0,0,5.13452E+20,5.44835E+21,9.18461E+15,4.91878E+16
26461,26462,8,4,36,64,2016,3,14,5,2,0,2,0,0,1,1,0,0,0,0,5.45552E+20,5.2922E+21,9.60809E+15,4.77815E+16
26462,26463,8,4,36,82,2016,3,8,1,3,9,7,0,0,0,1,0,0,0,0,5.49678E+20,5.29501E+21,9.66348E+15,4.78065E+16
26463,26464,8,2,12,0,2016,3,15,5,3,2,6,0,0,0,1,0,0,0,0,4.61735E+20,5.43041E+21,8.47658E+15,4.90254E+16
26464,26465,8,1,17,26,2016,3,17,3,3,2,6,0,0,0,1,0,0,0,0,5.46276E+20,5.3955E+21,9.62905E+15,4.87108E+16
26465,26466,8,2,36,40,2016,3,12,6,2,5,2,0,0,0,1,0,1,0,0,4.89822E+20,5.42443E+21,8.86092E+15,4.89727E+16
26466,26467,8,1,18,48,2016,3,13,1,3,2,6,0,0,0,1,0,0,0,0,5.1055E+20,5.41479E+21,9.14392E+15,4.88859E+16
26467,26468,8,1,19,8,2016,3,15,4,2,4,6,0,0,0,1,0,0,1,0,5.31345E+20,5.42335E+21,9.42823E+15,4.89623E+16
26468,26469,8,2,16,17,2016,3,16,7,3,2,6,0,0,0,1,0,1,0,0,4.51359E+20,5.40218E+21,8.33801E+15,4.87707E+16
26469,26470,8,1,16,77,2016,3,11,2,2,0,1,0,0,0,0,0,1,0,0,5.15239E+20,5.38911E+21,9.20692E+15,4.86548E+16
26470,26471,8,3,26,74,2016,3,13,6,3,5,3,0,1,0,1,0,0,0,0,4.63536E+20,5.3264E+21,8.51033E+15,4.80898E+16
26471,26472,8,1,25,6,2016,3,22,3,3,3,6,2,0,0,1,0,0,0,1,5.04482E+20,5.45132E+21,9.06154E+15,4.92146E+16
26472,26473,8,2,25,14,2016,3,5,4,2,5,3,1,0,0,1,0,0,0,1,5.28426E+20,5.48467E+21,9.3927E+15,4.9514E+16
26473,26474,8,2,31,0,2016,3,5,7,3,5,3,2,1,0,1,0,0,0,0,4.78372E+20,5.41562E+21,8.70494E+15,4.88932E+16
26474,26475,8,1,27,103,2016,3,23,2,3,9,1,2,1,0,1,0,0,0,0,5.72321E+20,5.43721E+21,9.99043E+15,4.90835E+16
26475,26476,8,2,15,21,2016,3,15,7,3,2,6,0,0,0,1,0,0,0,1,4.69345E+20,5.44759E+21,8.57937E+15,4.91804E+16
26476,26477,8,2,21,0,2016,3,17,3,3,5,3,0,0,1,1,0,0,0,0,4.77023E+20,5.4751E+21,8.68314E+15,4.94281E+16
26477,26478,8,3,15,132,2016,3,6,6,3,4,6,0,0,0,1,0,0,0,0,4.09384E+20,5.32253E+21,7.78406E+15,4.80496E+16
26478,26479,8,2,25,82,2016,3,16,2,3,2,6,0,0,0,1,0,0,0,1,5.33394E+20,5.47987E+21,9.46092E+15,4.94705E+16
26479,26480,8,1,18,49,2016,3,16,2,3,1,7,0,0,0,1,0,0,0,0,5.19389E+20,5.42106E+21,9.26478E+15,4.89421E+16
26480,26481,8,4,26,38,2016,3,20,5,2,5,3,2,0,0,1,0,0,0,1,5.60048E+20,5.31606E+21,9.8049E+15,4.7995E+16
26481,26482,8,3,35,79,2016,3,14,1,3,5,2,0,0,0,1,0,0,0,0,5.00766E+20,5.29617E+21,9.01023E+15,4.78188E+16
26482,26483,8,2,37,19,2016,3,19,5,3,5,3,1,0,0,1,0,0,0,0,4.60651E+20,5.36823E+21,8.4677E+15,4.8466E+16
26483,26484,8,1,11,0,2016,3,15,3,2,6,4,0,0,0,1,1,0,0,0,5.12467E+20,5.39924E+21,9.16958E+15,4.87461E+16
26484,26485,8,1,11,0,2016,3,17,4,2,2,6,0,0,0,1,0,0,0,0,5.14271E+20,5.39377E+21,9.19394E+15,4.86968E+16
26485,26486,8,4,35,42,2016,3,16,7,3,8,1,0,0,0,0,0,1,0,0,5.54172E+20,5.27932E+21,9.72156E+15,4.7665E+16
26486,26487,8,1,15,29,2016,3,7,3,3,2,6,0,0,0,1,0,0,0,0,5.02359E+20,5.40119E+21,9.03209E+15,4.87638E+16
26487,26488,8,2,16,24,2016,3,18,7,3,2,6,0,0,0,1,0,1,0,0,4.44628E+20,5.40773E+21,8.24566E+15,4.88201E+16
26488,26489,8,4,21,0,2016,3,18,1,2,5,2,0,1,0,1,0,0,0,0,5.70093E+20,5.36201E+21,9.94713E+15,4.84073E+16
26489,26490,8,2,15,21,2016,3,10,6,3,2,6,0,1,0,1,0,0,0,0,4.69293E+20,5.44746E+21,8.57866E+15,4.91792E+16
26490,26491,8,3,15,89,2016,3,6,1,2,9,1,1,0,0,1,0,0,0,0,4.06088E+20,5.30937E+21,7.74272E+15,4.79308E+16
26491,26492,8,4,36,52,2016,3,16,6,3,2,6,0,0,0,1,0,0,0,0,5.68321E+20,5.28982E+21,9.91164E+15,4.77581E+16
26492,26493,8,1,25,5,2016,3,19,1,3,4,1,2,0,0,1,0,0,0,0,5.17517E+20,5.45501E+21,9.24069E+15,4.92476E+16
26493,26494,8,3,17,118,2016,3,20,4,3,9,1,2,0,0,1,0,0,0,0,4.38563E+20,5.38432E+21,8.16654E+15,4.86089E+16
26494,26495,8,3,26,74,2016,3,14,7,3,2,6,0,0,0,1,0,0,0,0,4.65546E+20,5.32137E+21,8.53773E+15,4.80447E+16
26495,26496,8,3,37,22,2016,3,10,6,3,4,6,0,0,0,1,0,0,0,0,4.49748E+20,5.29499E+21,8.32885E+15,4.78063E+16
26496,26497,8,1,17,51,2016,3,13,5,2,5,3,0,0,0,1,0,1,0,0,5.43379E+20,5.39508E+21,9.58963E+15,4.87072E+16
26497,26498,8,2,16,33,2016,3,6,2,3,0,7,1,0,0,1,0,0,0,0,4.4897E+20,5.41309E+21,8.30415E+15,4.88687E+16
26498,26499,8,3,35,75,2016,3,10,5,3,5,2,0,0,1,1,0,0,0,0,4.87758E+20,5.2899E+21,8.83664E+15,4.77624E+16
26499,26500,8,1,25,21,2016,3,15,7,3,9,1,0,0,0,1,0,0,0,0,5.24697E+20,5.45009E+21,9.33903E+15,4.92031E+16
26500,26501,8,4,17,13,2016,3,9,4,3,2,6,0,0,0,1,0,0,0,0,5.04779E+20,5.34757E+21,9.06441E+15,4.82813E+16
26501,26502,8,4,16,25,2016,3,17,6,3,0,1,0,0,1,0,0,0,0,0,5.03587E+20,5.36112E+21,9.04846E+15,4.84033E+16
26502,26503,8,1,11,0,2016,3,10,7,3,2,6,0,0,0,1,0,0,0,0,5.09604E+20,5.39511E+21,9.13054E+15,4.87089E+16
26503,26504,8,3,11,0,2016,3,14,1,2,3,1,0,0,0,1,0,1,0,0,4.13617E+20,5.31663E+21,7.84204E+15,4.79971E+16
26504,26505,8,2,15,109,2016,3,12,5,3,5,3,0,0,0,1,0,0,0,0,4.60688E+20,5.43617E+21,8.4617E+15,4.90771E+16
26505,26506,8,4,17,44,2016,3,22,2,3,8,1,2,1,0,1,0,0,0,0,4.95092E+20,5.33506E+21,8.93398E+15,4.81688E+16
26506,26507,8,2,15,39,2016,3,17,2,3,2,6,1,1,0,1,0,0,0,0,4.71004E+20,5.45422E+21,8.60164E+15,4.924E+16
26507,26508,8,4,37,104,2016,3,19,3,3,8,1,2,0,0,1,0,0,0,0,5.13697E+20,5.32644E+21,9.18394E+15,4.80911E+16
26508,26509,8,4,16,49,2016,3,6,7,3,4,6,0,1,0,1,0,0,0,0,4.89898E+20,5.37175E+21,8.86326E+15,4.84988E+16
26509,26510,8,1,28,131,2016,3,13,3,3,2,6,0,0,0,1,0,0,0,0,5.34363E+20,5.51022E+21,9.47695E+15,4.97435E+16