FID,OBJECTID,ULAND,UREGBEZ,UKREIS,UGEMEINDE,UJAHR,UMONAT,USTUNDE,UWOCHENTAG,UKATEGORIE,UART,UTYP1,ULICHTVERH,IstStrasse,IstRad,IstPKW,IstFuss,IstKrad,IstGkfz,IstSonstig,LINREFX,LINREFY,XGCSWGS84,YGCSWGS84
26510,26511,8,1,27,32,2016,3,14,7,2,2,2,0,0,0,1,0,1,0,0,5.67125E+20,5.45611E+21,9.92243E+15,4.92541E+16
26511,26512,8,3,17,34,2016,3,14,1,3,2,6,0,0,0,1,0,0,0,0,4.26561E+20,5.36246E+21,8.00758E+15,4.8411E+16
26512,26513,8,1,11,0,2016,3,17,7,3,5,3,0,0,0,1,0,1,0,0,5.18305E+20,5.40038E+21,9.24906E+15,4.87562E+16
26513,26514,8,1,18,78,2016,3,12,6,3,2,1,0,1,0,1,0,0,0,0,5.12428E+20,5.41943E+21,9.16967E+15,4.89276E+16
26514,26515,8,3,26,10,2016,3,9,5,3,0,1,0,1,1,0,0,0,0,0,4.66492E+20,5.32773E+21,8.54992E+15,4.8102E+16
26515,26516,8,2,16,7,2016,3,15,1,2,2,6,0,0,0,1,0,0,0,0,4.36128E+20,5.39335E+21,8.13212E+15,4.86899E+16
26516,26517,8,4,26,124,2016,3,13,6,2,5,3,0,0,1,1,0,0,0,0,5.45172E+20,5.33521E+21,9.60754E+15,4.81686E+16
26517,26518,8,1,11,0,2016,3,13,1,3,2,6,0,0,0,1,0,0,0,0,5.14879E+20,5.40448E+21,9.20259E+15,4.87931E+16
26518,26519,8,3,16,56,2016,3,11,4,2,5,7,0,0,0,1,0,0,1,0,4.14638E+20,5.32243E+21,7.85456E+15,4.80495E+16
26519,26520,8,3,11,0,2016,3,20,7,3,5,3,2,0,0,0,1,0,0,1,4.13156E+20,5.31543E+21,7.8361E+15,4.79862E+16
26520,26521,8,3,27,4,2016,3,17,6,1,5,3,0,0,1,0,0,0,0,1,4.94724E+20,5.32294E+21,8.92919E+15,4.80597E+16
26521,26522,8,4,25,92,2016,3,16,5,3,0,6,0,0,0,1,0,0,0,1,5.84509E+20,5.37347E+21,1.01442E+16,4.85086E+16
26522,26523,8,2,26,82,2016,3,15,4,2,9,1,0,1,0,0,0,1,0,0,4.82122E+20,5.48107E+21,8.75319E+15,4.9482E+16
26523,26524,8,2,26,85,2016,3,16,2,3,0,3,0,0,0,1,0,0,0,0,4.89074E+20,5.4565E+21,8.84984E+15,4.92612E+16
26524,26525,8,3,35,63,2016,3,12,7,3,2,5,0,0,0,1,0,0,0,0,4.98703E+20,5.28993E+21,8.98269E+15,4.77627E+16
26525,26526,8,2,22,0,2016,3,6,3,3,2,6,0,0,0,1,0,0,0,1,4.67094E+20,5.47856E+21,8.54592E+15,4.94588E+16
26526,26527,8,1,16,72,2016,3,17,3,3,6,7,1,0,0,1,1,0,0,0,5.30556E+20,5.39341E+21,9.41521E+15,4.8693E+16
26527,26528,8,2,35,6,2016,3,16,2,3,2,6,0,0,0,0,0,1,0,0,4.71624E+20,5.38146E+21,8.61522E+15,4.85856E+16
26528,26529,8,3,37,32,2016,3,15,3,3,2,7,0,0,1,1,0,0,0,0,4.3839E+20,5.27378E+21,8.18016E+15,4.76145E+16
26529,26530,8,3,37,126,2016,3,15,7,3,2,6,0,0,0,1,0,0,0,0,4.44819E+20,5.27518E+21,8.26554E+15,4.76277E+16
26530,26531,8,1,21,0,2016,3,4,3,3,0,3,2,0,1,0,0,0,0,1,5.15269E+20,5.44631E+21,9.20947E+15,4.91694E+16
26531,26532,8,1,25,74,2016,3,18,7,3,4,6,0,0,0,1,0,0,0,0,5.09603E+20,5.44012E+21,9.13159E+15,4.91139E+16
26532,26533,8,4,35,16,2016,3,12,6,3,2,6,0,1,0,1,0,0,0,0,5.33267E+20,5.27848E+21,9.44306E+15,4.76589E+16
26533,26534,8,2,16,49,2016,3,11,2,3,1,6,0,0,0,1,0,0,0,0,4.39434E+20,5.40265E+21,8.17566E+15,4.87739E+16
26534,26535,8,1,27,14,2016,3,12,6,3,9,1,0,1,0,1,0,0,0,0,5.72839E+20,5.44356E+21,9.99867E+15,4.91406E+16
26535,26536,8,3,17,141,2016,3,19,5,2,5,2,1,0,0,1,0,1,0,0,4.18827E+20,5.37705E+21,7.90026E+15,4.85413E+16
26536,26537,8,1,19,1,2016,3,12,1,2,4,2,0,0,0,1,0,0,0,0,5.50996E+20,5.40903E+21,9.69488E+15,4.88321E+16
26537,26538,8,4,36,52,2016,3,17,7,3,6,4,0,0,1,0,1,0,0,0,5.66005E+20,5.29323E+21,9.88126E+15,4.77891E+16
26538,26539,8,2,35,6,2016,3,10,7,3,2,2,0,0,0,1,0,0,0,0,4.7412E+20,5.38549E+21,8.64882E+15,4.8622E+16
26539,26540,8,3,17,57,2016,3,12,6,3,4,6,0,0,0,1,0,1,0,0,4.14648E+20,5.37676E+21,7.84372E+15,4.85381E+16
26540,26541,8,1,36,65,2016,3,9,4,2,4,6,0,0,0,1,0,0,0,0,5.61147E+20,5.40595E+21,9.83273E+15,4.88035E+16
26541,26542,8,1,15,50,2016,3,20,2,2,4,1,2,1,0,1,0,0,0,0,4.92828E+20,5.3997E+21,8.90243E+15,4.87503E+16
26542,26543,8,3,36,91,2016,3,13,7,2,6,4,0,0,0,0,1,0,0,1,3.94568E+20,5.27175E+21,7.59767E+15,4.75905E+16
26543,26544,8,2,31,0,2016,3,20,3,3,0,2,2,0,0,1,0,1,0,0,4.75719E+20,5.41539E+21,8.66876E+15,4.8891E+16
26544,26545,8,3,36,107,2016,3,17,6,3,0,6,0,0,0,1,0,0,0,1,4.10129E+20,5.28224E+21,7.80244E+15,4.76873E+16
26545,26546,8,2,37,4,2016,3,15,2,3,6,2,0,0,0,1,1,0,0,0,4.53516E+20,5.37306E+21,8.37064E+15,4.85089E+16
26546,26547,8,1,25,113,2016,3,10,2,3,5,3,0,0,0,1,0,0,0,0,5.31019E+20,5.45285E+21,9.42603E+15,4.92276E+16
26547,26548,8,4,36,64,2016,3,6,5,3,8,1,0,0,0,1,0,0,0,0,5.44978E+20,5.28826E+21,9.60002E+15,4.77462E+16
26548,26549,8,4,26,21,2016,3,17,1,2,0,1,0,0,1,0,0,0,0,0,5.59334E+20,5.32776E+21,9.79696E+15,4.81003E+16
26549,26550,8,2,15,103,2016,3,13,5,3,2,6,0,0,0,1,0,0,0,1,4.67462E+20,5.44292E+21,8.55391E+15,4.91383E+16
26550,26551,8,1,16,19,2016,3,21,3,3,8,1,2,0,0,1,0,0,0,0,5.22998E+20,5.40183E+21,9.31299E+15,4.87691E+16
26551,26552,8,2,36,28,2016,3,7,6,3,6,5,0,0,0,1,1,0,0,0,4.9405E+20,5.42245E+21,8.91872E+15,4.89549E+16
26552,26553,8,3,36,6,2016,3,8,6,2,5,3,0,0,0,1,0,0,0,1,3.91007E+20,5.28646E+21,7.54665E+15,4.77223E+16
26553,26554,8,3,35,22,2016,3,14,2,2,8,6,0,0,0,1,0,0,0,0,4.83998E+20,5.29607E+21,8.78624E+15,4.78178E+16
26554,26555,8,1,36,19,2016,3,21,2,2,2,6,2,0,0,0,0,0,1,1,5.8745E+20,5.42684E+21,1.01953E+16,4.89882E+16
26555,26556,8,1,15,13,2016,3,9,6,3,4,6,0,1,0,1,0,0,0,0,4.93949E+20,5.39012E+21,8.91783E+15,4.86641E+16
26556,26557,8,4,37,76,2016,3,14,1,3,5,2,0,0,0,1,0,0,0,0,5.26643E+20,5.32157E+21,9.3575E+15,4.80468E+16
26557,26558,8,2,31,0,2016,3,20,5,3,2,6,2,0,0,1,0,0,0,0,4.80911E+20,5.41886E+21,8.73941E+15,4.89223E+16
26558,26559,8,1,36,19,2016,3,13,1,3,3,6,0,0,0,1,0,0,0,0,5.86723E+20,5.42378E+21,1.01848E+16,4.89608E+16
26559,26560,8,2,26,48,2016,3,13,6,2,5,3,0,0,0,1,0,1,0,0,4.85169E+20,5.46483E+21,8.79586E+15,4.9336E+16
26560,26561,8,3,36,50,2016,3,14,7,3,2,6,0,0,0,1,0,0,0,0,3.99117E+20,5.27542E+21,7.65731E+15,4.76243E+16
26561,26562,8,1,36,66,2016,3,21,1,1,9,1,2,0,0,1,0,0,0,0,5.55921E+20,5.41343E+21,9.76258E+15,4.88713E+16
26562,26563,8,1,25,6,2016,3,6,4,1,9,1,0,1,0,0,0,0,0,1,5.06658E+20,5.44967E+21,9.09139E+15,4.91998E+16
26563,26564,8,2,26,6,2016,3,14,7,3,2,6,0,0,0,0,0,1,0,0,4.83154E+20,5.46738E+21,8.76802E+15,4.93589E+16
26564,26565,8,1,36,18,2016,3,14,2,3,2,6,0,0,0,1,0,0,0,0,5.87472E+20,5.43061E+21,1.01965E+16,4.90222E+16
26565,26566,8,2,35,80,2016,3,13,7,3,8,6,0,0,0,1,0,0,0,0,4.79173E+20,5.38346E+21,8.71749E+15,4.86039E+16
26566,26567,8,2,16,43,2016,3,8,3,3,5,3,0,0,0,1,0,0,0,0,4.41567E+20,5.411E+21,8.20351E+15,4.88492E+16
26567,26568,8,3,15,20,2016,3,19,6,2,4,6,2,0,0,1,0,0,0,0,4.27258E+20,5.31296E+21,8.02549E+15,4.79658E+16
26568,26569,8,2,21,0,2016,3,14,2,2,4,6,0,0,0,1,0,0,0,1,4.7902E+20,5.47368E+21,8.71075E+15,4.94154E+16
26569,26570,8,1,17,19,2016,3,9,2,3,1,7,0,0,0,1,0,0,0,0,5.50373E+20,5.39401E+21,9.68455E+15,4.86971E+16
26570,26571,8,4,15,73,2016,3,17,5,2,4,6,0,0,0,1,0,0,0,0,5.17388E+20,5.34885E+21,9.23442E+15,4.82926E+16
26571,26572,8,1,35,19,2016,3,13,7,3,2,6,0,0,0,1,0,0,0,0,5.88282E+20,5.39799E+21,1.02005E+16,4.87287E+16
26572,26573,8,1,21,0,2016,3,10,5,3,2,7,0,0,0,1,0,0,0,1,5.16434E+20,5.44616E+21,9.22545E+15,4.9168E+16
26573,26574,8,1,11,0,2016,3,11,7,3,3,6,0,0,0,1,0,0,1,0,5.08687E+20,5.39508E+21,9.11808E+15,4.87087E+16
26574,26575,8,3,26,17,2016,3,18,1,2,5,3,1,0,0,1,0,0,0,0,4.43589E+20,5.32189E+21,8.24307E+15,4.80478E+16
26575,26576,8,2,31,0,2016,3,10,5,3,2,6,0,0,0,1,0,0,1,1,4.7992E+20,5.4184E+21,8.72591E+15,4.89182E+16
26576,26577,8,1,11,0,2016,3,9,3,3,6,2,0,0,0,1,1,0,0,0,5.07795E+20,5.39601E+21,9.10598E+15,4.87171E+16
26577,26578,8,3,17,8,2016,3,14,2,2,6,6,0,0,0,1,1,0,0,0,4.41067E+20,5.36419E+21,8.20336E+15,4.84281E+16
26578,26579,8,1,11,0,2016,3,15,4,3,2,6,0,0,0,1,0,0,0,0,5.15319E+20,5.40317E+21,9.20854E+15,4.87814E+16
26579,26580,8,4,35,29,2016,3,16,7,2,0,7,0,0,1,0,0,0,0,0,5.45235E+20,5.27253E+21,9.60182E+15,4.76046E+16
26580,26581,8,1,36,88,2016,3,20,3,3,2,2,2,0,0,1,0,0,0,0,5.78802E+20,5.41279E+21,1.00744E+16,4.8863E+16
26581,26582,8,1,17,6,2016,3,12,7,3,2,6,0,0,0,1,0,0,0,0,5.49753E+20,5.37943E+21,9.67438E+15,4.8566E+16
26582,26583,8,4,15,50,2016,3,13,1,2,9,1,0,0,0,1,0,0,0,0,5.20548E+20,5.37549E+21,9.27833E+15,4.85322E+16
26583,26584,8,1,17,26,2016,3,10,7,2,5,3,0,0,1,1,0,0,0,0,5.46643E+20,5.39531E+21,9.63402E+15,4.87091E+16
26584,26585,8,1,18,73,2016,3,15,4,3,2,6,0,1,0,1,0,0,0,0,4.98559E+20,5.41839E+21,8.98033E+15,4.89184E+16
26585,26586,8,1,16,19,2016,3,15,1,3,5,2,0,0,0,1,0,0,0,0,5.22721E+20,5.39851E+21,9.30903E+15,4.87392E+16
26586,26587,8,2,15,9,2016,3,11,7,3,2,6,0,0,0,1,0,0,0,0,4.6881E+20,5.44275E+21,8.5724E+15,4.91368E+16
26587,26588,8,4,36,81,2016,3,20,1,3,8,6,2,1,0,1,0,0,0,0,5.5907E+20,5.28186E+21,9.78713E+15,4.76874E+16
26588,26589,8,2,26,103,2016,3,15,6,2,2,6,0,1,0,1,0,0,0,0,4.71573E+20,5.45703E+21,8.60927E+15,4.92654E+16
26589,26590,8,1,18,7,2016,3,16,7,2,2,6,0,0,0,1,0,0,0,0,5.10439E+20,5.42695E+21,9.14271E+15,4.89953E+16
26590,26591,8,3,27,50,2016,3,0,4,3,8,7,2,0,0,1,0,0,0,0,4.8442E+20,5.31565E+21,8.79117E+15,4.7994E+16
26591,26592,8,3,35,63,2016,3,12,7,3,5,2,0,0,1,1,0,0,0,0,4.96902E+20,5.28795E+21,8.95867E+15,4.77449E+16
26592,26593,8,4,15,61,2016,3,9,6,3,2,6,0,0,0,1,0,0,0,0,5.15202E+20,5.37214E+21,9.2058E+15,4.85022E+16
26593,26594,8,2,12,0,2016,3,19,5,3,2,6,2,0,0,1,0,0,0,0,4.62682E+20,5.42829E+21,8.48972E+15,4.90063E+16
26594,26595,8,4,16,36,2016,3,12,2,3,9,7,0,0,0,1,0,0,0,1,4.87428E+20,5.37098E+21,8.82984E+15,4.84918E+16
26595,26596,8,2,21,0,2016,3,8,2,2,8,1,0,0,0,1,0,0,0,0,4.73619E+20,5.47527E+21,8.63618E+15,4.94295E+16
26596,26597,8,1,16,77,2016,3,2,3,1,8,1,2,0,0,1,0,0,1,0,5.15465E+20,5.39025E+21,9.21004E+15,4.86651E+16
26597,26598,8,3,36,91,2016,3,20,7,3,3,6,2,0,0,1,0,0,0,0,3.9325E+20,5.27518E+21,7.57931E+15,4.76212E+16
26598,26599,8,1,25,59,2016,3,17,3,3,1,6,0,0,0,1,0,1,0,0,5.27532E+20,5.43822E+21,9.37714E+15,4.90962E+16
26599,26600,8,1,27,43,2016,3,13,7,2,8,1,0,0,0,0,0,1,0,0,5.6579E+20,5.4429E+21,9.90193E+15,4.91354E+16
26600,26601,8,1,11,0,2016,3,14,7,3,5,3,0,0,0,1,0,0,0,0,5.19401E+20,5.3998E+21,9.26394E+15,4.87509E+16
26601,26602,8,4,25,13,2016,3,21,6,2,2,6,2,1,0,1,0,0,0,0,5.81041E+20,5.37714E+21,1.0098E+16,4.85422E+16
26602,26603,8,3,26,74,2016,3,2,5,3,5,3,2,0,1,1,0,0,0,0,4.64424E+20,5.32345E+21,8.5225E+15,4.80633E+16
26603,26604,8,1,25,63,2016,3,20,1,3,3,6,2,0,0,1,0,0,0,0,5.27511E+20,5.46053E+21,9.37839E+15,4.92969E+16
26604,26605,8,2,15,101,2016,3,7,6,2,8,1,0,1,0,1,0,0,0,0,4.66441E+20,5.42961E+21,8.54102E+15,4.90185E+16
26605,26606,8,2,36,72,2016,3,17,1,3,4,2,0,0,0,1,0,1,0,0,4.66805E+20,5.4103E+21,8.54756E+15,4.88448E+16
26606,26607,8,4,26,97,2016,3,12,6,3,2,6,0,0,0,1,0,0,0,0,5.35358E+20,5.3341E+21,9.47547E+15,4.81591E+16
26607,26608,8,1,15,50,2016,3,12,1,3,2,6,0,0,0,1,0,0,0,0,4.90917E+20,5.3998E+21,8.87644E+15,4.87512E+16
26608,26609,8,3,16,17,2016,3,12,4,3,3,6,0,0,0,1,0,1,0,0,4.13991E+20,5.34038E+21,7.84226E+15,4.82108E+16
26609,26610,8,3,17,65,2016,3,19,7,3,0,1,2,0,0,0,0,1,0,0,4.16095E+20,5.35449E+21,7.86778E+15,4.8338E+16
26610,26611,8,3,36,25,2016,3,8,6,3,4,6,0,0,0,1,0,0,0,0,4.16639E+20,5.29083E+21,7.88751E+15,4.77654E+16
26611,26612,8,1,15,28,2016,3,15,5,3,3,6,0,0,0,1,0,0,1,0,5.01905E+20,5.40234E+21,9.02593E+15,4.87741E+16
26612,26613,8,2,36,76,2016,3,8,4,3,2,6,0,0,0,1,0,0,0,0,4.71356E+20,5.42345E+21,8.60867E+15,4.89633E+16
26613,26614,8,2,31,0,2016,3,0,2,3,6,3,2,0,0,1,1,0,0,0,4.77772E+20,5.4157E+21,8.69674E+15,4.88938E+16
26614,26615,8,3,35,43,2016,3,17,3,3,0,6,0,0,0,1,0,0,0,0,5.13022E+20,5.27972E+21,9.17346E+15,4.76707E+16
26615,26616,8,3,36,103,2016,3,15,7,2,0,1,0,0,0,0,0,0,0,1,4.17429E+20,5.2834E+21,7.89947E+15,4.76987E+16
26616,26617,8,3,16,17,2016,3,15,3,3,5,3,0,0,1,1,0,0,0,0,4.10039E+20,5.33978E+21,7.78921E+15,4.82049E+16
26617,26618,8,1,17,24,2016,3,11,3,3,5,3,0,0,0,1,0,0,0,0,5.62096E+20,5.38578E+21,9.84261E+15,4.8622E+16
26618,26619,8,1,25,26,2016,3,23,7,3,9,1,2,0,0,1,0,0,0,0,4.95069E+20,5.44632E+21,8.93235E+15,4.91697E+16
26619,26620,8,2,15,39,2016,3,20,6,3,3,6,2,0,0,1,0,0,0,0,4.71009E+20,5.45392E+21,8.60174E+15,4.92374E+16
26620,26621,8,3,36,45,2016,3,12,6,3,8,1,0,1,0,1,0,0,0,0,3.96919E+20,5.28554E+21,7.62568E+15,4.7715E+16
26621,26622,8,4,37,104,2016,3,8,2,3,2,6,0,0,0,1,0,0,0,0,5.15383E+20,5.32493E+21,9.20653E+15,4.80774E+16
26622,26623,8,1,17,19,2016,3,15,2,3,0,1,0,0,1,1,0,0,0,0,5.51582E+20,5.39377E+21,9.70096E+15,4.86949E+16
26623,26624,8,1,18,10,2016,3,22,6,2,9,1,2,1,0,1,0,0,0,0,5.0484E+20,5.42976E+21,9.0662E+15,4.90207E+16
26624,26625,8,1,16,56,2016,3,17,2,3,1,6,0,0,0,1,0,0,0,0,5.31142E+20,5.39493E+21,9.42329E+15,4.87066E+16
26625,26626,8,3,11,0,2016,3,13,5,1,2,6,0,0,0,1,0,0,0,0,4.12007E+20,5.32372E+21,7.81901E+15,4.80607E+16
26626,26627,8,1,28,45,2016,3,18,1,3,9,7,1,0,0,1,0,0,0,0,5.56547E+20,5.50388E+21,9.78391E+15,4.96848E+16
26627,26628,8,2,21,0,2016,3,9,6,3,2,7,0,0,0,1,0,0,0,0,4.76668E+20,5.47303E+21,8.67836E+15,4.94095E+16
26628,26629,8,4,37,59,2016,3,11,7,3,8,1,0,0,0,0,0,0,0,1,5.12081E+20,5.32368E+21,9.16217E+15,4.80663E+16
26629,26630,8,2,35,8,2016,3,21,7,2,6,1,2,0,0,1,1,0,0,0,4.79795E+20,5.40253E+21,8.72499E+15,4.87755E+16
26630,26631,8,3,11,0,2016,3,21,1,3,2,6,2,0,0,1,0,0,0,0,4.13158E+20,5.31615E+21,7.83598E+15,4.79928E+16
26631,26632,8,3,17,1,2016,3,7,6,3,5,2,0,0,1,1,0,0,0,0,4.31775E+20,5.38706E+21,8.07402E+15,4.86329E+16
26632,26633,8,2,25,39,2016,3,14,4,2,4,1,0,1,0,1,0,1,0,0,5.31282E+20,5.49081E+21,9.43264E+15,4.95691E+16
26633,26634,8,2,31,0,2016,3,14,7,2,3,2,0,0,0,1,0,1,0,0,4.77586E+20,5.41571E+21,8.6942E+15,4.88939E+16
26634,26635,8,1,28,131,2016,3,9,2,2,2,6,0,0,0,1,0,0,0,0,5.4121E+20,5.51412E+21,9.57239E+15,4.97782E+16
26635,26636,8,2,12,0,2016,3,11,7,3,2,6,0,0,0,1,0,0,0,0,4.56409E+20,5.42547E+21,8.40425E+15,4.89806E+16
26636,26637,8,4,37,88,2016,3,13,7,3,2,2,0,0,0,1,0,0,0,0,5.12782E+20,5.30222E+21,9.17093E+15,4.78732E+16
26637,26638,8,2,12,0,2016,3,20,4,3,2,6,2,0,0,1,0,0,1,0,4.63226E+20,5.42141E+21,8.49778E+15,4.89446E+16
26638,26639,8,2,12,0,2016,3,19,7,3,2,6,2,0,0,1,0,0,0,0,4.56269E+20,5.43496E+21,8.40132E+15,4.9066E+16
26639,26640,8,3,16,10,2016,3,16,6,3,4,6,0,0,0,1,0,0,0,0,4.32442E+20,5.33746E+21,8.09105E+15,4.81867E+16
26640,26641,8,1,25,5,2016,3,17,5,3,2,7,0,0,0,1,0,1,0,0,5.15071E+20,5.45276E+21,9.20699E+15,4.92275E+16
26641,26642,8,2,12,0,2016,3,14,4,3,2,6,0,0,0,1,0,0,1,0,4.62234E+20,5.42789E+21,8.48364E+15,4.90028E+16
26642,26643,8,4,25,71,2016,3,17,2,3,2,6,0,0,0,1,0,0,0,0,5.54633E+20,5.37216E+21,9.73956E+15,4.85002E+16
26643,26644,8,4,35,59,2016,3,23,7,2,5,3,1,0,0,1,0,1,0,0,5.13082E+20,5.2914E+21,9.17462E+15,4.77758E+16
26644,26645,8,2,15,17,2016,3,17,3,1,4,6,0,0,0,1,0,0,1,0,4.53661E+20,5.42152E+21,8.36715E+15,4.89449E+16
26645,26646,8,2,26,103,2016,3,12,6,3,2,6,0,0,0,1,0,0,0,0,4.70919E+20,5.4553E+21,8.6004E+15,4.92498E+16
26646,26647,8,3,17,51,2016,3,9,2,3,5,3,0,0,0,1,0,0,0,0,4.42985E+20,5.3396E+21,8.23261E+15,4.8207E+16
26647,26648,8,1,26,46,2016,3,15,2,3,5,3,0,0,1,1,0,0,0,0,5.50128E+20,5.45855E+21,9.68919E+15,4.92777E+16
26648,26649,8,1,11,0,2016,3,13,6,3,8,1,0,1,0,1,0,0,0,0,5.15115E+20,5.40493E+21,9.20582E+15,4.87971E+16
26649,26650,8,4,35,57,2016,3,15,1,2,3,2,0,0,1,0,0,1,0,0,5.46556E+20,5.27936E+21,9.62013E+15,4.76659E+16
26650,26651,8,2,15,84,2016,3,17,5,3,2,6,0,0,0,1,0,0,1,0,4.70322E+20,5.44976E+21,8.59261E+15,4.91999E+16
26651,26652,8,1,17,51,2016,3,15,3,3,9,1,0,0,0,0,0,1,0,0,5.42958E+20,5.39467E+21,9.58387E+15,4.87036E+16
26652,26653,8,2,22,0,2016,3,17,6,3,5,3,0,0,0,1,0,0,0,0,4.64216E+20,5.48392E+21,8.50573E+15,4.95069E+16
26653,26654,8,1,19,75,2016,3,17,1,3,2,6,0,0,0,1,0,0,0,0,5.35986E+20,5.42796E+21,9.49203E+15,4.90035E+16
26654,26655,8,1,21,0,2016,3,14,4,3,0,1,0,1,0,0,0,1,0,0,5.16401E+20,5.44658E+21,9.225E+15,4.91718E+16
26655,26656,8,2,22,0,2016,3,14,7,3,5,3,0,0,0,1,0,0,0,0,4.61986E+20,5.48153E+21,8.47515E+15,4.94852E+16
26656,26657,8,1,25,46,2016,3,19,2,3,2,6,1,1,0,1,0,0,0,0,5.19534E+20,5.43302E+21,9.26734E+15,4.90498E+16
26657,26658,8,3,27,17,2016,3,14,6,3,8,7,0,1,0,1,0,0,0,0,4.7807E+20,5.33155E+21,8.70524E+15,4.81369E+16
26658,26659,8,2,16,43,2016,3,16,3,2,4,2,0,0,0,1,0,1,0,0,4.35024E+20,5.40921E+21,8.11462E+15,4.88324E+16
26659,26660,8,2,16,24,2016,3,13,2,3,3,6,0,0,0,1,0,0,0,1,4.47836E+20,5.40792E+21,8.28934E+15,4.88221E+16
26660,26661,8,3,36,14,2016,3,15,5,3,3,6,0,0,0,1,0,0,0,0,3.89212E+20,5.28053E+21,7.52423E+15,4.76687E+16
26661,26662,8,1,25,69,2016,3,3,7,1,8,1,2,0,0,1,0,0,0,0,5.21781E+20,5.45585E+21,9.29932E+15,4.9255E+16
26662,26663,8,2,26,106,2016,3,5,3,3,9,1,2,0,0,1,0,0,0,0,4.98981E+20,5.46251E+21,8.98599E+15,4.93153E+16
26663,26664,8,2,26,103,2016,3,11,6,2,2,6,0,0,0,1,0,0,0,0,4.70921E+20,5.45522E+21,8.60044E+15,4.92491E+16
26664,26665,8,2,26,98,2016,3,7,2,3,4,2,0,0,0,1,0,0,0,0,4.77126E+20,5.45897E+21,8.68549E+15,4.92831E+16
26665,26666,8,1,18,63,2016,3,17,2,3,2,6,0,0,0,1,0,0,0,0,5.16296E+20,5.42291E+21,9.22261E+15,4.89589E+16
26666,26667,8,4,26,90,2016,3,19,5,3,2,1,2,0,0,1,0,0,0,0,5.48611E+20,5.32461E+21,9.65258E+15,4.80729E+16
26667,26668,8,4,15,53,2016,3,14,1,3,8,1,0,0,0,0,0,1,0,0,5.34078E+20,5.36493E+21,9.46074E+15,4.84366E+16
26668,26669,8,2,16,41,2016,3,16,5,3,2,6,0,0,0,1,0,0,0,0,4.32003E+20,5.39483E+21,8.07583E+15,4.87028E+16
26669,26670,8,1,16,78,2016,3,15,3,3,1,6,0,0,0,1,0,0,0,0,5.1312E+20,5.39301E+21,9.17827E+15,4.869E+16
26670,26671,8,1,17,10,2016,3,14,4,3,4,2,0,0,0,1,0,0,0,0,5.67847E+20,5.39024E+21,9.92138E+15,4.86615E+16
26671,26672,8,4,35,57,2016,3,16,7,2,4,6,0,0,1,0,0,1,0,0,5.4964E+20,5.27442E+21,9.66064E+15,4.76213E+16
26672,26673,8,1,17,9,2016,3,6,3,3,0,4,1,0,0,1,1,0,0,0,5.48289E+20,5.39937E+21,9.65686E+15,4.87454E+16
26673,26674,8,2,11,0,2016,3,13,7,3,5,3,0,0,0,1,0,0,0,1,4.40798E+20,5.40354E+21,8.1941E+15,4.8782E+16
26674,26675,8,4,36,52,2016,3,15,1,2,8,7,0,0,0,1,0,0,0,0,5.69475E+20,5.2911E+21,9.92723E+15,4.77695E+16
26675,26676,8,2,12,0,2016,3,19,6,3,5,3,2,1,1,0,0,0,0,1,4.55114E+20,5.42775E+21,8.38631E+15,4.9001E+16
26676,26677,8,3,11,0,2016,3,1,1,1,8,1,2,0,0,1,0,0,0,0,4.05446E+20,5.31474E+21,7.73295E+15,4.7979E+16
26677,26678,8,1,15,45,2016,3,12,7,3,2,6,0,0,0,1,0,0,0,0,4.95476E+20,5.39389E+21,8.93852E+15,4.8698E+16
26678,26679,8,1,25,13,2016,3,14,1,2,5,3,0,0,1,0,0,1,0,0,5.04283E+20,5.43705E+21,9.05866E+15,4.90863E+16
26679,26680,8,3,17,89,2016,3,16,4,3,5,3,0,0,0,1,0,0,0,0,4.31695E+20,5.37582E+21,8.07478E+15,4.85317E+16
26680,26681,8,3,26,41,2016,3,23,7,3,9,1,2,0,0,1,0,0,0,0,4.6178E+20,5.33097E+21,8.48633E+15,4.81308E+16
26681,26682,8,4,16,36,2016,3,12,6,2,3,3,0,0,0,1,0,0,1,0,4.88016E+20,5.37178E+21,8.83777E+15,4.8499E+16
26682,26683,8,1,21,0,2016,3,18,5,3,2,6,2,0,0,1,0,0,0,0,5.15778E+20,5.44794E+21,9.21652E+15,4.91841E+16
26683,26684,8,3,17,110,2016,3,20,2,2,2,6,2,1,0,1,0,1,0,0,4.30717E+20,5.38239E+21,8.06044E+15,4.85908E+16
26684,26685,8,2,16,43,2016,3,11,2,3,2,6,0,1,0,1,0,0,0,0,4.44686E+20,5.41241E+21,8.24583E+15,4.88622E+16
26685,26686,8,4,15,59,2016,3,14,3,3,2,6,0,0,0,1,0,1,0,0,5.17027E+20,5.36994E+21,9.23042E+15,4.84823E+16
26686,26687,8,3,37,128,2016,3,15,7,3,4,1,0,0,0,0,0,1,0,0,4.44318E+20,5.28129E+21,8.25809E+15,4.76826E+16
26687,26688,8,1,11,0,2016,3,12,5,3,2,6,0,0,0,1,0,0,0,0,5.13922E+20,5.40362E+21,9.18952E+15,4.87854E+16
26688,26689,8,4,17,16,2016,3,13,6,3,2,6,0,0,0,1,0,0,0,1,4.84556E+20,5.342E+21,8.79204E+15,4.8231E+16
26689,26690,8,3,15,6,2016,3,14,1,3,2,6,0,0,0,1,0,0,0,0,4.00492E+20,5.3119E+21,7.66723E+15,4.79527E+16
26690,26691,8,2,16,49,2016,3,21,5,2,8,1,2,0,0,1,0,0,0,0,4.31964E+20,5.39932E+21,8.07456E+15,4.87432E+16