FID,OBJECTID,ULAND,UREGBEZ,UKREIS,UGEMEINDE,UJAHR,UMONAT,USTUNDE,UWOCHENTAG,UKATEGORIE,UART,UTYP1,ULICHTVERH,IstStrasse,IstRad,IstPKW,IstFuss,IstKrad,IstGkfz,IstSonstig,LINREFX,LINREFY,XGCSWGS84,YGCSWGS84
26691,26692,8,4,35,35,2016,3,8,2,2,9,7,0,0,0,1,0,0,0,0,5.45651E+20,5.2843E+21,9.60859E+15,4.77105E+16
26692,26693,8,3,16,11,2016,3,16,2,3,2,6,0,0,0,1,0,0,0,0,4.14346E+20,5.32975E+21,7.84919E+15,4.81152E+16
26693,26694,8,4,36,4,2016,3,13,3,3,2,2,0,0,0,1,0,0,0,0,5.81852E+20,5.30991E+21,1.0096E+16,4.79373E+16
26694,26695,8,4,16,41,2016,3,13,7,3,1,6,0,0,0,1,0,0,0,0,5.02133E+20,5.37462E+21,9.02888E+15,4.85247E+16
26695,26696,8,1,35,19,2016,3,7,3,3,2,6,0,0,0,1,0,0,0,0,5.85184E+20,5.39294E+21,1.01573E+16,4.86837E+16
26696,26697,8,1,26,72,2016,3,15,7,2,3,6,0,0,0,0,0,1,0,1,5.35064E+20,5.46908E+21,9.48302E+15,4.93734E+16
26697,26698,8,3,36,69,2016,3,14,1,3,3,6,0,0,0,1,0,0,0,0,4.07377E+20,5.2688E+21,7.76861E+15,4.7566E+16
26698,26699,8,1,15,28,2016,3,14,7,3,8,1,0,0,0,0,0,1,0,0,5.01736E+20,5.40002E+21,9.02362E+15,4.87532E+16
26699,26700,8,2,15,64,2016,3,16,6,3,5,3,0,1,0,1,0,0,0,0,4.78805E+20,5.45176E+21,8.70895E+15,4.92183E+16
26700,26701,8,3,26,74,2016,3,5,5,2,6,4,2,0,0,1,1,0,0,0,4.64384E+20,5.32342E+21,8.52197E+15,4.80631E+16
26701,26702,8,2,25,58,2016,3,17,1,3,8,1,0,0,0,1,0,0,0,0,5.11442E+20,5.46731E+21,9.15757E+15,4.93584E+16
26702,26703,8,4,26,70,2016,3,13,6,3,5,2,0,0,0,1,0,0,0,0,5.64075E+20,5.34213E+21,9.8628E+15,4.82291E+16
26703,26704,8,1,11,0,2016,3,0,1,3,8,7,2,0,0,1,0,0,0,0,5.16212E+20,5.39404E+21,9.22032E+15,4.86992E+16
26704,26705,8,3,15,13,2016,3,7,4,3,8,1,0,0,0,1,0,0,0,0,4.03568E+20,5.32418E+21,7.70566E+15,4.80636E+16
26705,26706,8,3,17,1,2016,3,17,7,3,3,6,0,0,0,1,0,1,0,0,4.31538E+20,5.3878E+21,8.07067E+15,4.86395E+16
26706,26707,8,3,25,72,2016,3,12,6,3,5,3,0,0,0,1,0,0,0,0,4.70557E+20,5.3287E+21,8.60446E+15,4.81109E+16
26707,26708,8,1,36,88,2016,3,16,5,3,5,3,0,0,0,1,0,0,0,0,5.82342E+20,5.40801E+21,1.01217E+16,4.88196E+16
26708,26709,8,2,25,14,2016,3,18,4,3,0,1,1,1,1,1,0,0,0,0,5.23262E+20,5.48564E+21,9.32142E+15,4.95229E+16
26709,26710,8,2,26,54,2016,3,15,2,2,3,2,0,0,0,1,0,0,0,0,4.80306E+20,5.45585E+21,8.72936E+15,4.92551E+16
26710,26711,8,3,25,36,2016,3,16,3,3,0,2,0,0,0,1,0,1,0,0,4.51569E+20,5.34179E+21,8.34788E+15,4.82275E+16
26711,26712,8,3,35,28,2016,3,12,7,3,5,3,0,0,0,1,0,1,0,0,4.82982E+20,5.28694E+21,8.77302E+15,4.77356E+16
26712,26713,8,2,26,96,2016,3,15,3,2,9,1,0,0,0,0,0,1,0,0,4.73143E+20,5.48841E+21,8.62873E+15,4.95477E+16
26713,26714,8,1,16,78,2016,3,12,3,3,2,6,0,0,0,1,0,0,0,1,5.10517E+20,5.39345E+21,9.14292E+15,4.8694E+16
26714,26715,8,1,19,8,2016,3,9,7,2,8,1,0,0,0,1,0,0,0,0,5.3519E+20,5.42248E+21,9.48068E+15,4.89543E+16
26715,26716,8,2,31,0,2016,3,19,6,3,2,6,2,0,0,1,0,0,0,0,4.82618E+20,5.41816E+21,8.76275E+15,4.89161E+16
26716,26717,8,4,17,54,2016,3,10,2,2,4,6,0,0,0,1,0,0,1,0,4.783E+20,5.34838E+21,8.70747E+15,4.82883E+16
26717,26718,8,1,36,88,2016,3,4,2,3,4,6,2,0,0,1,0,0,0,0,5.88513E+20,5.40818E+21,1.02058E+16,4.88203E+16
26718,26719,8,1,16,80,2016,3,1,6,3,6,7,2,0,0,1,1,0,0,0,5.1825E+20,5.39751E+21,9.24818E+15,4.87304E+16
26719,26720,8,1,25,13,2016,3,7,3,3,2,6,0,0,0,1,0,0,0,0,5.06434E+20,5.43484E+21,9.08809E+15,4.90664E+16
26720,26721,8,1,25,98,2016,3,11,7,3,0,6,0,0,0,1,0,0,0,0,5.20111E+20,5.43712E+21,9.27543E+15,4.90866E+16
26721,26722,8,2,36,71,2016,3,8,7,2,4,6,0,1,0,1,0,0,1,0,4.70136E+20,5.42286E+21,8.59204E+15,4.8958E+16
26722,26723,8,2,12,0,2016,3,13,2,3,5,3,0,0,0,1,0,0,0,0,4.52816E+20,5.42966E+21,8.35466E+15,4.9018E+16
26723,26724,8,1,27,14,2016,3,12,6,3,4,2,0,1,0,1,0,0,0,0,5.77E+20,5.44482E+21,1.00559E+16,4.91513E+16
26724,26725,8,3,17,153,2016,3,21,5,3,9,7,2,0,0,1,0,0,0,0,4.21448E+20,5.38993E+21,7.93334E+15,4.86575E+16
26725,26726,8,1,36,10,2016,3,14,1,3,5,3,0,0,0,1,0,0,0,0,5.99399E+20,5.41265E+21,1.03552E+16,4.88589E+16
26726,26727,8,4,36,81,2016,3,9,7,3,2,6,0,0,0,1,0,0,0,0,5.63003E+20,5.2817E+21,9.83951E+15,4.76856E+16
26727,26728,8,2,37,40,2016,3,16,7,3,0,1,0,0,0,0,0,1,0,0,4.72221E+20,5.36218E+21,8.62461E+15,4.84121E+16
26728,26729,8,3,16,11,2016,3,16,6,3,1,7,0,0,0,1,0,1,0,0,4.13498E+20,5.33058E+21,7.83762E+15,4.81226E+16
26729,26730,8,1,15,28,2016,3,8,4,3,3,6,2,1,0,1,0,0,1,0,5.0139E+20,5.40406E+21,9.01893E+15,4.87895E+16
26730,26731,8,1,15,45,2016,3,14,2,3,2,6,0,0,0,1,0,0,0,0,5.04198E+20,5.39728E+21,9.05708E+15,4.87285E+16
26731,26732,8,3,17,65,2016,3,15,7,3,1,5,0,0,0,1,0,1,0,0,4.11712E+20,5.35261E+21,7.80904E+15,4.83205E+16
26732,26733,8,2,31,0,2016,3,18,3,3,5,3,1,0,0,1,0,0,0,0,4.77782E+20,5.41724E+21,8.69679E+15,4.89077E+16
26733,26734,8,2,22,0,2016,3,7,6,3,2,6,0,0,0,1,0,0,0,0,4.65202E+20,5.47953E+21,8.51974E+15,4.94674E+16
26734,26735,8,2,22,0,2016,3,7,2,3,2,6,0,0,0,1,0,0,0,0,4.65928E+20,5.47918E+21,8.52978E+15,4.94643E+16
26735,26736,8,1,26,11,2016,3,13,2,2,9,1,0,0,0,1,0,0,0,0,5.30604E+20,5.44705E+21,9.4199E+15,4.91755E+16
26736,26737,8,4,36,6,2016,3,8,5,3,2,6,0,0,0,1,0,0,0,0,5.59847E+20,5.28359E+21,9.79772E+15,4.77029E+16
26737,26738,8,4,25,33,2016,3,7,1,2,8,1,0,0,0,1,0,0,0,0,5.55023E+20,5.34657E+21,9.7415E+15,4.82699E+16
26738,26739,8,2,15,21,2016,3,18,5,3,2,6,1,0,0,1,0,0,0,0,4.68981E+20,5.44661E+21,8.57444E+15,4.91716E+16
26739,26740,8,1,17,24,2016,3,15,3,3,2,6,0,0,0,1,0,0,0,0,5.57321E+20,5.38357E+21,9.77753E+15,4.86026E+16
26740,26741,8,2,22,0,2016,3,8,6,3,5,3,0,0,0,1,0,0,0,0,4.61506E+20,5.48078E+21,8.46861E+15,4.94785E+16
26741,26742,8,1,17,26,2016,3,8,1,2,8,1,0,0,0,1,0,0,0,0,5.54536E+20,5.40013E+21,9.74193E+15,4.87518E+16
26742,26743,8,1,19,4,2016,3,1,4,2,8,1,2,0,0,1,0,0,0,0,5.41377E+20,5.42029E+21,9.56495E+15,4.89341E+16
26743,26744,8,4,37,82,2016,3,14,1,3,8,1,0,0,0,0,0,1,0,0,5.14501E+20,5.34334E+21,9.19531E+15,4.82431E+16
26744,26745,8,2,26,76,2016,3,12,5,2,2,6,0,0,0,1,0,0,0,0,4.73117E+20,5.46403E+21,8.63001E+15,4.93285E+16
26745,26746,8,1,27,14,2016,3,13,1,3,2,6,0,0,0,1,0,0,0,0,5.72864E+20,5.4472E+21,9.99967E+15,4.91733E+16
26746,26747,8,2,22,0,2016,3,11,6,3,5,3,0,0,1,1,0,0,0,0,4.65909E+20,5.47539E+21,8.52985E+15,4.94302E+16
26747,26748,8,4,15,73,2016,3,20,7,3,5,3,2,0,0,1,0,0,0,0,5.18562E+20,5.35155E+21,9.25037E+15,4.83169E+16
26748,26749,8,2,15,97,2016,3,19,7,3,2,6,2,0,0,1,0,0,0,0,4.76776E+20,5.44267E+21,8.68161E+15,4.91364E+16
26749,26750,8,2,15,46,2016,3,20,1,3,8,7,2,0,0,1,0,0,0,0,4.54481E+20,5.41166E+21,8.37945E+15,4.88562E+16
26750,26751,8,3,15,68,2016,3,16,6,3,9,1,0,0,0,1,0,0,0,0,4.37628E+20,5.30382E+21,8.16572E+15,4.78847E+16
26751,26752,8,1,27,76,2016,3,19,4,3,2,1,2,1,0,1,0,0,0,0,5.53989E+20,5.44015E+21,9.73979E+15,4.91118E+16
26752,26753,8,2,26,84,2016,3,11,7,3,2,6,0,0,0,1,0,0,0,0,4.68241E+20,5.47276E+21,8.56221E+15,4.94067E+16
26753,26754,8,1,27,43,2016,3,11,2,3,5,3,0,0,0,1,0,1,0,0,5.66312E+20,5.44643E+21,9.90967E+15,4.91671E+16
26754,26755,8,2,37,74,2016,3,17,7,3,5,3,0,0,0,1,0,1,0,0,4.70151E+20,5.37103E+21,8.59601E+15,4.84917E+16
26755,26756,8,2,22,0,2016,3,12,3,2,4,7,0,0,0,1,0,1,0,0,4.61022E+20,5.48367E+21,8.46163E+15,4.95044E+16
26756,26757,8,2,16,5,2016,3,21,6,2,2,6,2,0,0,1,0,0,0,0,4.48002E+20,5.41539E+21,8.29066E+15,4.88892E+16
26757,26758,8,2,21,0,2016,3,17,2,3,5,5,0,0,0,1,0,1,0,0,4.76849E+20,5.4761E+21,8.68068E+15,4.94372E+16
26758,26759,8,1,17,26,2016,3,12,2,2,5,3,0,0,0,1,0,0,0,0,5.49837E+20,5.39412E+21,9.67729E+15,4.86981E+16
26759,26760,8,4,15,61,2016,3,9,5,3,5,3,0,0,1,1,0,0,0,0,5.15035E+20,5.37098E+21,9.2035E+15,4.84918E+16
26760,26761,8,4,25,20,2016,3,18,7,2,4,6,2,0,0,1,0,0,0,0,5.57212E+20,5.36319E+21,9.77325E+15,4.84192E+16
26761,26762,8,1,25,59,2016,3,15,5,3,8,1,0,0,0,0,0,1,0,0,5.27413E+20,5.43848E+21,9.37553E+15,4.90985E+16
26762,26763,8,3,27,49,2016,3,23,1,3,5,3,2,0,0,1,0,0,0,0,4.72579E+20,5.32474E+21,8.63186E+15,4.80753E+16
26763,26764,8,2,31,0,2016,3,8,5,3,0,3,0,0,0,1,0,0,0,0,4.79389E+20,5.41875E+21,8.71866E+15,4.89214E+16
26764,26765,8,1,11,0,2016,3,14,3,3,2,6,0,0,0,1,0,0,0,0,5.13303E+20,5.40433E+21,9.18113E+15,4.87918E+16
26765,26766,8,1,16,77,2016,3,10,4,3,2,6,0,0,0,1,0,0,0,0,5.13918E+20,5.39172E+21,9.18908E+15,4.86784E+16
26766,26767,8,4,35,16,2016,3,17,7,3,6,4,0,0,0,1,1,0,0,0,5.36013E+20,5.27962E+21,9.47972E+15,4.7669E+16
26767,26768,8,1,36,79,2016,3,11,3,3,0,3,0,0,0,1,0,0,0,1,5.60264E+20,5.40165E+21,9.82008E+15,4.87649E+16
26768,26769,8,2,16,43,2016,3,14,7,3,0,4,0,0,0,0,1,0,0,1,4.41578E+20,5.41135E+21,8.2036E+15,4.88524E+16
26769,26770,8,4,15,87,2016,3,10,1,2,8,1,0,0,0,1,0,0,0,0,5.13068E+20,5.37989E+21,9.17715E+15,4.8572E+16
26770,26771,8,2,15,84,2016,3,16,6,3,8,1,0,1,0,1,0,0,0,0,4.70153E+20,5.44939E+21,8.59031E+15,4.91966E+16
26771,26772,8,2,16,63,2016,3,14,7,3,2,2,0,0,0,1,0,0,0,0,4.30348E+20,5.40376E+21,8.05182E+15,4.87829E+16
26772,26773,8,1,11,0,2016,3,12,2,3,2,6,0,0,0,1,0,0,0,0,5.15396E+20,5.40517E+21,9.20965E+15,4.87993E+16
26773,26774,8,3,17,57,2016,3,5,6,3,2,6,2,1,0,1,0,0,0,0,4.14197E+20,5.37957E+21,7.83703E+15,4.85633E+16
26774,26775,8,2,15,107,2016,3,20,6,2,5,3,2,0,0,1,0,0,0,0,4.63324E+20,5.45534E+21,8.49604E+15,4.92498E+16
26775,26776,8,3,26,17,2016,3,20,5,3,2,6,2,0,0,1,0,0,0,0,4.45031E+20,5.32167E+21,8.26245E+15,4.8046E+16
26776,26777,8,1,25,26,2016,3,16,7,3,9,1,0,0,0,1,0,0,0,0,4.97265E+20,5.44671E+21,8.96248E+15,4.91732E+16
26777,26778,8,4,15,91,2016,3,7,4,2,4,6,0,1,0,1,0,0,0,0,5.15139E+20,5.36213E+21,9.20458E+15,4.84122E+16
26778,26779,8,4,16,50,2016,3,14,6,3,3,2,0,0,0,1,0,0,1,0,4.86075E+20,5.36455E+21,8.81174E+15,4.84339E+16
26779,26780,8,2,15,17,2016,3,15,5,3,5,3,0,0,1,1,0,0,0,0,4.5379E+20,5.42092E+21,8.36898E+15,4.89395E+16
26780,26781,8,4,15,50,2016,3,16,2,2,9,7,0,0,0,0,0,1,0,0,5.1932E+20,5.37499E+21,9.26168E+15,4.85277E+16
26781,26782,8,2,26,95,2016,3,11,2,3,2,6,0,0,0,1,0,0,0,0,4.71358E+20,5.4596E+21,8.60613E+15,4.92884E+16
26782,26783,8,4,15,34,2016,3,8,3,2,9,6,0,0,0,1,0,0,0,0,5.35367E+20,5.34626E+21,9.47659E+15,4.82685E+16
26783,26784,8,4,15,59,2016,3,20,7,2,8,1,2,0,1,0,0,0,0,0,5.1508E+20,5.36403E+21,9.20386E+15,4.84292E+16
26784,26785,8,1,27,14,2016,3,9,3,1,6,1,0,0,1,1,1,0,0,1,5.78055E+20,5.44348E+21,1.00702E+16,4.91392E+16
26785,26786,8,1,27,86,2016,3,14,7,2,2,2,0,0,0,1,0,1,0,0,5.55461E+20,5.44568E+21,9.76073E+15,4.91614E+16
26786,26787,8,1,11,0,2016,3,10,7,3,5,3,0,0,0,1,0,0,0,0,5.18305E+20,5.40038E+21,9.24905E+15,4.87562E+16
26787,26788,8,1,15,29,2016,3,12,6,3,5,3,0,1,0,1,0,0,0,0,4.98208E+20,5.39796E+21,8.97563E+15,4.87347E+16
26788,26789,8,3,26,74,2016,3,15,5,3,5,2,0,0,0,1,0,0,0,1,4.68009E+20,5.32319E+21,8.57064E+15,4.80612E+16
26789,26790,8,2,11,0,2016,3,18,1,2,8,1,1,0,0,0,0,1,0,0,4.41809E+20,5.39572E+21,8.20897E+15,4.87118E+16
26790,26791,8,1,11,0,2016,3,16,1,3,2,6,0,0,0,1,0,0,0,0,5.13054E+20,5.40645E+21,9.1778E+15,4.88109E+16
26791,26792,8,2,26,95,2016,3,15,4,3,2,6,0,0,0,1,0,0,0,0,4.72688E+20,5.46004E+21,8.62439E+15,4.92925E+16
26792,26793,8,2,26,103,2016,3,15,7,3,2,6,0,0,0,1,0,0,0,0,4.72076E+20,5.45799E+21,8.61612E+15,4.92741E+16
26793,26794,8,3,15,113,2016,3,17,6,3,2,6,0,0,0,1,0,0,0,0,4.38115E+20,5.30749E+21,8.17171E+15,4.79177E+16
26794,26795,8,1,27,46,2016,3,12,5,3,2,6,0,0,0,1,0,0,0,0,5.70154E+20,5.44762E+21,9.96257E+15,4.91773E+16
26795,26796,8,2,16,22,2016,3,16,4,3,2,6,0,0,0,1,0,0,0,0,4.35272E+20,5.40563E+21,8.11855E+15,4.88003E+16
26796,26797,8,2,12,0,2016,3,14,2,2,5,3,0,0,0,1,0,0,0,0,4.63149E+20,5.42165E+21,8.49671E+15,4.89467E+16
26797,26798,8,2,26,95,2016,3,15,1,3,2,7,0,0,0,1,0,0,0,0,4.71505E+20,5.45945E+21,8.60816E+15,4.92872E+16
26798,26799,8,4,36,64,2016,3,8,6,3,2,2,0,0,0,1,0,0,0,0,5.43791E+20,5.29201E+21,9.58457E+15,4.77799E+16
26799,26800,8,1,18,81,2016,3,7,1,3,8,1,0,0,0,1,0,0,0,0,5.19826E+20,5.4131E+21,9.27036E+15,4.88706E+16
26800,26801,8,3,17,96,2016,3,7,4,3,5,3,1,0,1,1,0,0,0,0,4.21205E+20,5.3694E+21,7.93391E+15,4.84728E+16
26801,26802,8,2,37,28,2016,3,13,7,3,2,6,0,0,0,1,0,0,0,0,4.58843E+20,5.36767E+21,8.44329E+15,4.84608E+16
26802,26803,8,3,37,126,2016,3,22,6,3,2,7,2,0,0,1,0,0,0,0,4.42301E+20,5.27324E+21,8.23228E+15,4.761E+16
26803,26804,8,1,15,37,2016,3,19,5,3,3,6,2,0,0,1,0,0,1,0,4.94697E+20,5.38739E+21,8.92801E+15,4.86395E+16
26804,26805,8,2,35,55,2016,3,15,2,3,8,1,0,0,0,0,0,1,0,0,4.76337E+20,5.39799E+21,8.67818E+15,4.87345E+16
26805,26806,8,3,35,79,2016,3,6,3,3,0,1,1,0,1,0,0,0,0,0,5.01282E+20,5.30025E+21,9.01714E+15,4.78556E+16
26806,26807,8,3,36,91,2016,3,14,7,3,3,6,0,0,0,1,0,1,0,0,3.95198E+20,5.27206E+21,7.60597E+15,4.75934E+16
26807,26808,8,3,27,36,2016,3,16,3,2,4,2,0,0,0,1,0,1,0,0,4.91118E+20,5.31845E+21,8.88089E+15,4.80193E+16
26808,26809,8,1,25,6,2016,3,17,3,3,2,6,0,0,0,1,0,0,0,0,5.05785E+20,5.45101E+21,9.07943E+15,4.92119E+16
26809,26810,8,1,21,0,2016,3,14,7,3,2,6,0,0,0,1,0,0,0,0,5.1581E+20,5.44631E+21,9.21689E+15,4.91694E+16
26810,26811,8,3,11,0,2016,3,20,6,3,9,1,2,1,0,1,0,0,0,0,4.09566E+20,5.31978E+21,7.78709E+15,4.80249E+16
26811,26812,8,1,11,0,2016,3,8,3,3,2,6,0,0,0,1,0,0,0,0,5.08417E+20,5.40142E+21,9.11454E+15,4.87657E+16
26812,26813,8,1,17,19,2016,3,11,2,3,4,3,0,0,0,1,0,0,0,1,5.50435E+20,5.39365E+21,9.68536E+15,4.86939E+16
26813,26814,8,1,25,24,2016,3,12,6,2,2,1,0,1,0,1,0,0,0,0,5.22989E+20,5.44496E+21,9.31529E+15,4.91571E+16
26814,26815,8,1,16,77,2016,3,14,2,3,1,6,0,0,0,1,0,0,0,0,5.1666E+20,5.39007E+21,9.22625E+15,4.86635E+16
26815,26816,8,3,36,50,2016,3,12,5,3,2,6,0,0,0,1,0,0,0,0,3.98826E+20,5.27467E+21,7.65361E+15,4.76175E+16
26816,26817,8,1,26,72,2016,3,11,1,2,4,6,0,0,0,1,0,0,0,0,5.43648E+20,5.46807E+21,9.60115E+15,4.93637E+16
26817,26818,8,4,35,16,2016,3,7,7,3,0,1,0,0,0,1,0,0,0,0,5.37186E+20,5.27872E+21,9.49526E+15,4.76608E+16
26818,26819,8,2,35,79,2016,3,16,7,3,4,1,0,0,0,1,0,1,0,0,4.65672E+20,5.39362E+21,8.53351E+15,4.86947E+16
26819,26820,8,3,15,39,2016,3,7,6,3,4,6,0,0,0,1,0,0,0,1,4.46944E+20,5.30525E+21,8.29014E+15,4.78983E+16
26820,26821,8,1,28,131,2016,3,17,4,3,0,1,0,1,0,0,0,1,0,0,5.35569E+20,5.51458E+21,9.49409E+15,4.97826E+16
26821,26822,8,1,36,21,2016,3,20,2,3,2,2,2,1,0,1,0,0,0,0,5.75442E+20,5.40702E+21,1.00276E+16,4.88116E+16
26822,26823,8,3,11,0,2016,3,12,7,3,0,3,0,0,1,1,0,0,0,0,4.13712E+20,5.3168E+21,7.84327E+15,4.79987E+16
26823,26824,8,2,26,98,2016,3,7,3,3,1,6,0,0,0,1,0,0,0,0,4.7575E+20,5.4578E+21,8.66663E+15,4.92725E+16
26824,26825,8,2,12,0,2016,3,15,6,3,2,6,0,0,0,1,0,0,0,1,4.59198E+20,5.42733E+21,8.44219E+15,4.89975E+16
26825,26826,8,3,35,43,2016,3,13,7,3,2,2,0,0,0,1,0,0,0,0,5.13404E+20,5.28032E+21,9.17858E+15,4.76762E+16
26826,26827,8,2,12,0,2016,3,13,3,3,6,4,0,0,0,0,1,0,0,1,4.528E+20,5.42742E+21,8.35472E+15,4.89979E+16
26827,26828,8,1,11,0,2016,3,12,3,3,5,3,0,0,1,1,0,0,0,0,5.16199E+20,5.39858E+21,9.22033E+15,4.874E+16
26828,26829,8,2,37,28,2016,3,16,6,3,2,6,0,0,0,1,0,1,0,0,4.56553E+20,5.36805E+21,8.41227E+15,4.84641E+16
26829,26830,8,4,17,44,2016,3,6,2,2,4,2,0,0,0,1,0,0,0,0,4.93839E+20,5.33471E+21,8.91715E+15,4.81656E+16
26830,26831,8,1,35,32,2016,3,19,2,2,9,1,2,0,0,1,0,0,0,0,5.76957E+20,5.3916E+21,1.00453E+16,4.86727E+16
26831,26832,8,1,11,0,2016,3,12,6,3,2,6,0,1,0,1,0,0,0,0,5.06636E+20,5.40342E+21,9.09034E+15,4.87837E+16
26832,26833,8,4,36,93,2016,3,18,1,2,8,7,1,0,0,1,0,0,0,0,5.40712E+20,5.31245E+21,9.54539E+15,4.79641E+16
26833,26834,8,2,22,0,2016,3,11,5,3,1,6,0,0,0,1,0,0,0,0,4.6678E+20,5.47815E+21,8.54162E+15,4.94551E+16
26834,26835,8,2,21,0,2016,3,14,6,3,2,6,0,0,0,1,0,0,0,0,4.74405E+20,5.46943E+21,8.6474E+15,4.9377E+16
26835,26836,8,3,35,28,2016,3,12,7,3,5,3,0,0,0,1,0,0,0,0,4.81013E+20,5.28874E+21,8.74668E+15,4.77517E+16
26836,26837,8,1,19,79,2016,3,9,1,3,4,2,0,1,0,1,0,0,0,0,5.25537E+20,5.40704E+21,9.34786E+15,4.88158E+16
26837,26838,8,1,25,7,2016,3,15,4,3,1,6,0,0,0,1,0,0,0,0,5.12205E+20,5.45293E+21,9.16763E+15,4.9229E+16
26838,26839,8,2,25,2,2016,3,12,7,3,1,7,0,0,0,1,0,0,0,0,5.01652E+20,5.46791E+21,9.02275E+15,4.93639E+16
26839,26840,8,1,27,14,2016,3,13,2,2,2,6,0,0,0,1,0,1,0,0,5.72134E+20,5.44731E+21,9.98967E+15,4.91744E+16
26840,26841,8,3,35,22,2016,3,16,6,3,8,7,0,1,0,1,0,0,0,0,4.82701E+20,5.2989E+21,8.7688E+15,4.78432E+16
26841,26842,8,2,16,23,2016,3,18,3,3,4,3,0,0,0,1,0,1,0,0,4.38446E+20,5.40726E+21,8.16153E+15,4.88153E+16
26842,26843,8,2,35,20,2016,3,16,6,2,5,3,0,0,0,1,0,0,0,0,4.77219E+20,5.38281E+21,8.69101E+15,4.85979E+16
26843,26844,8,2,26,98,2016,3,7,2,2,4,6,0,0,0,1,0,0,0,0,4.77391E+20,5.45889E+21,8.68914E+15,4.92823E+16
26844,26845,8,1,16,77,2016,3,14,2,3,2,6,0,0,0,1,0,0,0,0,5.1667E+20,5.39006E+21,9.22639E+15,4.86634E+16
26845,26846,8,3,15,48,2016,3,16,5,3,2,6,0,0,0,1,0,0,0,0,3.98502E+20,5.31118E+21,7.64077E+15,4.79459E+16
26846,26847,8,1,25,6,2016,3,12,7,2,2,6,0,0,0,1,0,0,0,0,5.05047E+20,5.45111E+21,9.0693E+15,4.92128E+16
26847,26848,8,1,15,21,2016,3,10,5,3,5,3,0,0,0,1,0,0,0,0,4.93257E+20,5.38071E+21,8.90858E+15,4.85795E+16
26848,26849,8,4,25,108,2016,3,11,6,3,0,6,0,0,0,1,0,0,0,1,5.53071E+20,5.35566E+21,9.71634E+15,4.83519E+16
26849,26850,8,3,17,122,2016,3,5,1,2,9,7,2,0,0,1,0,0,0,0,4.14957E+20,5.37154E+21,7.84897E+15,4.84913E+16
26850,26851,8,2,36,28,2016,3,11,5,3,3,6,0,0,1,0,0,0,1,0,4.94075E+20,5.42252E+21,8.91907E+15,4.89556E+16
26851,26852,8,4,37,118,2016,3,17,2,3,5,3,0,0,0,1,0,0,0,0,5.13001E+20,5.3059E+21,9.17397E+15,4.79063E+16
26852,26853,8,3,16,14,2016,3,4,2,3,6,7,2,0,0,1,1,0,0,0,4.22769E+20,5.3322E+21,7.96188E+15,4.81384E+16
26853,26854,8,4,37,65,2016,3,13,3,3,5,3,0,0,0,1,0,0,0,0,5.14802E+20,5.31673E+21,9.19844E+15,4.80037E+16
26854,26855,8,2,36,40,2016,3,8,2,3,5,3,0,0,0,1,0,0,0,0,4.88412E+20,5.42141E+21,8.84175E+15,4.89455E+16
26855,26856,8,1,25,5,2016,3,7,2,3,9,7,0,1,0,0,0,1,0,0,5.15154E+20,5.45258E+21,9.20812E+15,4.92258E+16
26856,26857,8,4,36,55,2016,3,18,5,2,4,2,0,0,0,1,0,0,0,0,5.78577E+20,5.29172E+21,1.00488E+16,4.77741E+16
26857,26858,8,4,25,39,2016,3,20,1,3,5,3,2,1,0,1,0,0,0,0,5.66762E+20,5.35334E+21,9.90075E+15,4.83298E+16
26858,26859,8,2,16,43,2016,3,11,5,3,1,6,0,0,0,1,0,0,0,0,4.42189E+20,5.4085E+21,8.21234E+15,4.88268E+16
26859,26860,8,4,15,78,2016,3,17,3,2,4,6,0,0,0,1,0,0,0,0,5.29826E+20,5.37314E+21,9.40384E+15,4.85106E+16
26860,26861,8,1,18,6,2016,3,0,4,3,0,1,2,1,1,0,0,0,0,0,5.17854E+20,5.42184E+21,9.24385E+15,4.89492E+16
26861,26862,8,1,15,50,2016,3,9,1,3,9,7,0,1,0,1,0,0,0,1,4.88599E+20,5.40344E+21,8.84479E+15,4.87838E+16
26862,26863,8,2,15,47,2016,3,14,7,3,8,1,0,0,0,0,0,1,0,0,4.57141E+20,5.41392E+21,8.41548E+15,4.88768E+16
26863,26864,8,4,36,81,2016,3,19,1,2,9,6,1,1,0,1,0,0,0,0,5.61138E+20,5.28068E+21,9.81452E+15,4.76766E+16
26864,26865,8,2,26,32,2016,3,14,6,3,2,6,0,1,0,1,0,0,0,1,4.68043E+20,5.46433E+21,8.56017E+15,4.93309E+16
26865,26866,8,3,11,0,2016,3,16,1,3,3,6,0,0,1,0,1,0,0,0,4.01073E+20,5.31384E+21,7.67457E+15,4.79702E+16
26866,26867,8,1,16,20,2016,3,12,7,3,1,6,0,0,0,1,0,0,0,1,5.26971E+20,5.38138E+21,9.36572E+15,4.85849E+16
26867,26868,8,3,26,75,2016,3,17,4,3,0,7,0,1,1,0,0,0,0,0,4.6039E+20,5.31738E+21,8.46891E+15,4.80085E+16
26868,26869,8,3,26,74,2016,3,16,7,3,5,3,0,0,0,1,0,1,0,0,4.62816E+20,5.32335E+21,8.50092E+15,4.80623E+16
26869,26870,8,4,15,19,2016,3,16,6,2,2,6,0,0,0,1,0,1,0,0,5.18732E+20,5.36974E+21,9.25348E+15,4.84805E+16
26870,26871,8,2,16,43,2016,3,22,5,2,6,4,2,0,0,1,1,0,0,0,4.42049E+20,5.41208E+21,8.20992E+15,4.8859E+16
26871,26872,8,3,35,75,2016,3,16,2,3,5,3,0,0,0,1,0,0,0,0,4.92921E+20,5.2896E+21,8.90554E+15,4.77597E+16