FID,OBJECTID,ULAND,UREGBEZ,UKREIS,UGEMEINDE,UJAHR,UMONAT,USTUNDE,UWOCHENTAG,UKATEGORIE,UART,UTYP1,ULICHTVERH,IstStrasse,IstRad,IstPKW,IstFuss,IstKrad,IstGkfz,IstSonstig,LINREFX,LINREFY,XGCSWGS84,YGCSWGS84
26872,26873,8,2,12,0,2016,3,12,2,3,2,6,0,0,0,1,0,0,0,0,4.57913E+20,5.42795E+21,8.42455E+15,4.9003E+16
26873,26874,8,4,15,61,2016,3,12,3,3,8,1,0,1,0,0,0,1,0,0,5.1494E+20,5.37677E+21,9.20241E+15,4.85439E+16
26874,26875,8,3,15,76,2016,3,5,7,2,2,7,2,1,0,1,0,0,0,1,3.93235E+20,5.30377E+21,7.57209E+15,4.78784E+16
26875,26876,8,1,25,79,2016,3,7,3,3,1,6,0,0,0,0,0,0,0,1,5.11862E+20,5.45516E+21,9.16299E+15,4.92491E+16
26876,26877,8,1,27,9,2016,3,13,7,2,4,6,0,0,0,1,0,1,0,0,5.57004E+20,5.45035E+21,9.78255E+15,4.92033E+16
26877,26878,8,1,11,0,2016,3,12,7,3,2,6,0,0,0,1,0,0,0,0,5.06765E+20,5.39758E+21,9.09199E+15,4.87312E+16
26878,26879,8,1,35,26,2016,3,3,6,3,2,6,2,0,0,1,0,0,0,0,5.89419E+20,5.39312E+21,1.02149E+16,4.86847E+16
26879,26880,8,4,35,15,2016,3,11,7,2,5,3,0,0,0,1,0,0,0,0,5.18976E+20,5.29488E+21,9.25344E+15,4.7807E+16
26880,26881,8,1,36,35,2016,3,21,3,2,9,1,2,0,0,1,0,0,0,0,5.80877E+20,5.42994E+21,1.01061E+16,4.9017E+16
26881,26882,8,1,18,11,2016,3,15,7,2,9,1,0,0,0,0,0,1,0,0,5.01408E+20,5.41207E+21,9.0192E+15,4.88616E+16
26882,26883,8,3,36,105,2016,3,3,1,3,5,3,2,0,0,1,0,0,0,0,4.0154E+20,5.26708E+21,7.69142E+15,4.75497E+16
26883,26884,8,1,16,56,2016,3,10,7,3,6,7,0,0,0,1,1,0,0,0,5.30507E+20,5.39571E+21,9.41472E+15,4.87137E+16
26884,26885,8,2,16,43,2016,3,21,6,2,4,6,2,1,0,1,0,0,0,0,4.36743E+20,5.41073E+21,8.1378E+15,4.88463E+16
26885,26886,8,2,36,72,2016,3,13,1,3,7,7,0,0,0,0,0,1,0,0,4.67607E+20,5.41148E+21,8.5584E+15,4.88555E+16
26886,26887,8,4,26,73,2016,3,17,6,3,0,7,0,0,1,0,0,0,0,0,5.66775E+20,5.33701E+21,9.89834E+15,4.81828E+16
26887,26888,8,1,11,0,2016,3,14,1,3,2,6,0,0,0,1,0,0,0,0,5.1124E+20,5.40973E+21,9.15318E+15,4.88404E+16
26888,26889,8,3,15,113,2016,3,12,4,2,2,2,0,0,0,1,0,0,0,0,4.36361E+20,5.30645E+21,8.14838E+15,4.79082E+16
26889,26890,8,3,17,127,2016,3,12,7,3,5,3,0,0,0,1,0,1,0,0,4.21491E+20,5.35118E+21,7.94119E+15,4.83089E+16
26890,26891,8,3,27,51,2016,3,18,6,3,0,1,0,1,0,0,0,1,0,0,4.84561E+20,5.33174E+21,8.79248E+15,4.81388E+16
26891,26892,8,1,36,10,2016,3,20,5,3,4,6,2,0,0,1,0,0,0,0,6.02072E+20,5.4148E+21,1.03921E+16,4.88777E+16
26892,26893,8,2,25,14,2016,3,9,4,3,4,1,0,1,0,1,0,0,0,0,5.21679E+20,5.48574E+21,9.29955E+15,4.95239E+16
26893,26894,8,2,31,0,2016,3,11,2,3,3,6,0,0,0,1,0,1,0,0,4.77934E+20,5.41391E+21,8.69905E+15,4.88777E+16
26894,26895,8,3,26,3,2016,3,12,3,3,8,6,0,0,0,1,0,0,0,0,4.7166E+20,5.31424E+21,8.62022E+15,4.79808E+16
26895,26896,8,3,36,50,2016,3,15,7,2,3,2,0,0,1,1,0,0,0,0,3.99239E+20,5.27516E+21,7.65898E+15,4.7622E+16
26896,26897,8,3,15,15,2016,3,10,3,3,5,3,0,0,0,1,0,0,0,0,3.94764E+20,5.32014E+21,7.58853E+15,4.80259E+16
26897,26898,8,1,16,56,2016,3,19,3,3,5,3,2,0,0,1,0,0,0,0,5.30492E+20,5.39581E+21,9.41452E+15,4.87146E+16
26898,26899,8,1,25,26,2016,3,16,7,3,2,6,0,0,0,1,0,0,0,0,4.94099E+20,5.4443E+21,8.91908E+15,4.91515E+16
26899,26900,8,2,35,79,2016,3,17,6,3,3,2,0,0,0,1,0,0,0,0,4.65439E+20,5.39454E+21,8.53027E+15,4.87029E+16
26900,26901,8,4,17,31,2016,3,9,2,3,2,6,0,0,0,1,0,0,0,0,4.97677E+20,5.35599E+21,8.96864E+15,4.83571E+16
26901,26902,8,1,15,3,2016,3,7,2,3,2,6,0,0,0,1,0,0,0,0,4.97323E+20,5.39109E+21,8.96364E+15,4.86728E+16
26902,26903,8,1,17,19,2016,3,22,6,2,5,3,2,1,0,1,0,0,0,0,5.50671E+20,5.39399E+21,9.68861E+15,4.86969E+16
26903,26904,8,1,16,78,2016,3,12,2,3,2,6,0,0,0,1,0,0,0,0,5.136E+20,5.39193E+21,9.18476E+15,4.86802E+16
26904,26905,8,2,26,103,2016,3,13,5,3,2,6,0,0,0,1,0,0,1,0,4.71814E+20,5.45918E+21,8.61243E+15,4.92847E+16
26905,26906,8,1,27,100,2016,3,7,1,3,9,1,0,0,0,1,0,0,0,0,5.53807E+20,5.43297E+21,9.73634E+15,4.90472E+16
26906,26907,8,2,16,7,2016,3,15,6,3,8,1,0,0,0,0,0,0,0,1,4.36141E+20,5.3934E+21,8.13229E+15,4.86903E+16
26907,26908,8,4,17,79,2016,3,10,7,3,4,2,0,0,1,1,0,0,0,0,4.99876E+20,5.33995E+21,8.99833E+15,4.82127E+16
26908,26909,8,2,36,40,2016,3,16,7,3,1,7,0,0,0,1,0,0,0,0,4.89792E+20,5.42377E+21,8.86053E+15,4.89668E+16
26909,26910,8,2,15,9,2016,3,5,1,3,0,1,2,1,0,1,0,0,0,0,4.71454E+20,5.44336E+21,8.6086E+15,4.91424E+16
26910,26911,8,2,16,41,2016,4,9,1,3,8,1,0,0,0,1,0,0,0,0,4.31468E+20,5.39356E+21,8.06877E+15,4.86913E+16
26911,26912,8,1,11,0,2016,3,17,5,2,6,4,0,0,0,1,1,0,0,0,5.08071E+20,5.39736E+21,9.10975E+15,4.87292E+16
26912,26913,8,1,11,0,2016,4,16,5,3,2,6,0,0,0,1,0,0,0,0,5.12762E+20,5.40765E+21,9.17386E+15,4.88217E+16
26913,26914,8,3,36,78,2016,3,9,4,2,3,2,0,1,0,1,0,1,0,0,3.93475E+20,5.28931E+21,7.57886E+15,4.77483E+16
26914,26915,8,2,36,76,2016,4,18,7,3,8,1,0,0,0,1,0,0,0,0,4.76617E+20,5.42339E+21,8.68054E+15,4.8963E+16
26915,26916,8,1,26,11,2016,3,9,4,3,2,6,0,1,0,1,0,0,0,0,5.29987E+20,5.44816E+21,9.41151E+15,4.91856E+16
26916,26917,8,1,15,28,2016,4,7,4,3,2,6,0,1,0,1,0,0,0,0,5.02974E+20,5.40174E+21,9.04048E+15,4.87686E+16
26917,26918,8,2,22,0,2016,4,13,7,3,6,7,0,0,0,1,1,0,0,0,4.62986E+20,5.48297E+21,8.48882E+15,4.94982E+16
26918,26919,8,3,17,1,2016,4,12,3,3,5,3,0,1,0,1,0,0,0,0,4.31778E+20,5.38705E+21,8.07405E+15,4.86328E+16
26919,26920,8,4,15,89,2016,3,8,3,3,5,3,0,1,0,1,0,0,0,1,5.2139E+20,5.36096E+21,9.289E+15,4.84014E+16
26920,26921,8,4,15,61,2016,4,15,6,3,2,6,0,0,0,1,0,0,0,0,5.18636E+20,5.37432E+21,9.25238E+15,4.85217E+16
26921,26922,8,1,18,7,2016,3,17,4,3,2,6,0,1,0,1,0,0,0,0,5.14553E+20,5.4289E+21,9.19902E+15,4.90128E+16
26922,26923,8,1,19,68,2016,4,6,6,2,4,6,0,0,0,1,0,0,0,1,5.25898E+20,5.41454E+21,9.35325E+15,4.88833E+16
26923,26924,8,2,12,0,2016,3,11,5,2,3,7,0,0,0,1,0,1,0,0,4.52056E+20,5.43102E+21,8.34411E+15,4.90302E+16
26924,26925,8,3,35,66,2016,4,15,1,3,9,2,0,0,1,0,0,0,0,0,5.06498E+20,5.2815E+21,9.08658E+15,4.76868E+16
26925,26926,8,1,36,38,2016,3,17,5,3,5,3,0,0,0,1,0,0,0,0,5.90161E+20,5.41401E+21,1.02295E+16,4.88725E+16
26926,26927,8,1,17,19,2016,4,19,1,2,9,1,0,0,0,1,0,0,0,0,5.50411E+20,5.3935E+21,9.68501E+15,4.86925E+16
26927,26928,8,4,17,8,2016,4,12,4,3,5,3,0,0,0,1,0,0,0,0,4.94635E+20,5.35135E+21,8.92763E+15,4.83153E+16
26928,26929,8,1,21,0,2016,3,18,3,3,3,7,0,0,0,1,0,0,0,0,5.16369E+20,5.44616E+21,9.22455E+15,4.91681E+16
26929,26930,8,3,25,11,2016,3,10,3,3,8,7,0,0,0,0,0,0,1,0,4.73438E+20,5.34053E+21,8.64242E+15,4.82174E+16
26930,26931,8,1,36,65,2016,4,9,7,2,5,3,0,0,1,1,0,0,0,0,5.57988E+20,5.40512E+21,9.78959E+15,4.87963E+16
26931,26932,8,1,15,3,2016,4,7,3,3,2,6,0,0,0,0,0,0,1,1,4.98479E+20,5.3928E+21,8.97933E+15,4.86883E+16
26932,26933,8,2,16,7,2016,4,8,3,3,2,6,0,1,0,1,0,0,0,0,4.36552E+20,5.39428E+21,8.13774E+15,4.86983E+16
26933,26934,8,1,19,67,2016,4,9,2,3,2,6,0,0,0,1,0,0,0,0,5.39941E+20,5.40605E+21,9.54397E+15,4.88061E+16
26934,26935,8,3,17,9,2016,4,14,6,2,4,6,0,0,0,1,0,0,1,0,4.25487E+20,5.36259E+21,7.99306E+15,4.8412E+16
26935,26936,8,2,16,43,2016,4,11,7,2,8,1,0,0,0,0,0,1,0,0,4.36452E+20,5.41026E+21,8.13391E+15,4.8842E+16
26936,26937,8,1,18,21,2016,4,8,3,1,8,1,0,0,0,1,0,0,0,0,5.18267E+20,5.43011E+21,9.24986E+15,4.90236E+16
26937,26938,8,2,35,85,2016,4,17,3,3,2,6,0,1,0,1,0,0,0,0,4.81374E+20,5.39566E+21,8.74679E+15,4.87137E+16
26938,26939,8,3,37,126,2016,3,10,3,3,5,3,0,0,0,1,0,0,0,0,4.4255E+20,5.27347E+21,8.23556E+15,4.76121E+16
26939,26940,8,3,37,2,2016,4,10,6,3,2,6,0,0,0,1,0,0,0,0,4.35314E+20,5.27162E+21,8.13956E+15,4.75948E+16
26940,26941,8,1,18,51,2016,3,8,4,1,4,1,0,1,0,1,0,0,1,0,5.10146E+20,5.4133E+21,9.13837E+15,4.88726E+16
26941,26942,8,4,35,35,2016,3,22,5,2,8,1,2,0,0,0,0,1,0,0,5.40564E+20,5.28026E+21,9.54039E+15,4.76744E+16
26942,26943,8,2,26,95,2016,3,13,5,3,2,6,0,0,0,1,0,0,0,0,4.73449E+20,5.46067E+21,8.63482E+15,4.92982E+16
26943,26944,8,3,26,6,2016,4,16,1,2,9,1,0,0,0,0,0,1,0,0,4.53452E+20,5.30819E+21,8.37689E+15,4.79253E+16
26944,26945,8,1,25,38,2016,3,6,5,3,2,6,1,0,0,1,0,0,0,0,5.03543E+20,5.43549E+21,9.04851E+15,4.90722E+16
26945,26946,8,1,36,42,2016,4,11,1,3,0,1,0,0,0,0,0,1,0,0,5.51344E+20,5.4045E+21,9.69906E+15,4.87914E+16
26946,26947,8,3,37,128,2016,4,9,4,2,4,1,0,1,0,1,0,0,0,0,4.50781E+20,5.28899E+21,8.34332E+15,4.77524E+16
26947,26948,8,2,25,114,2016,4,16,7,2,9,1,0,0,0,1,0,0,0,0,5.34388E+20,5.47308E+21,9.47404E+15,4.94095E+16
26948,26949,8,3,37,60,2016,3,10,3,3,2,6,0,0,0,1,0,0,0,0,4.67287E+20,5.27679E+21,8.56446E+15,4.76437E+16
26949,26950,8,3,11,0,2016,4,11,6,3,1,6,0,1,0,1,0,0,0,0,4.05562E+20,5.31488E+21,7.73447E+15,4.79802E+16
26950,26951,8,4,35,57,2016,4,14,2,3,4,2,0,0,0,1,0,0,0,0,5.43489E+20,5.27946E+21,9.57928E+15,4.76671E+16
26951,26952,8,1,36,65,2016,4,16,3,3,5,3,0,0,0,1,0,0,0,0,5.62327E+20,5.40521E+21,9.84869E+15,4.87968E+16
26952,26953,8,1,16,49,2016,4,16,2,3,0,7,0,0,0,1,1,0,0,0,5.25689E+20,5.38451E+21,9.34852E+15,4.86131E+16
26953,26954,8,1,18,48,2016,3,7,5,3,5,3,0,0,0,1,0,0,0,0,5.11046E+20,5.41471E+21,9.15067E+15,4.88852E+16
26954,26955,8,1,18,76,2016,4,14,5,3,2,2,0,0,0,1,0,0,0,0,5.01551E+20,5.42737E+21,9.0212E+15,4.89993E+16
26955,26956,8,2,22,0,2016,4,19,4,3,5,2,0,0,1,1,0,0,0,0,4.62426E+20,5.48563E+21,8.48085E+15,4.95221E+16
26956,26957,8,4,17,31,2016,3,17,4,3,5,3,0,0,0,1,0,0,0,0,4.97681E+20,5.35864E+21,8.96868E+15,4.83809E+16
26957,26958,8,2,37,30,2016,4,16,7,2,7,7,0,0,0,0,0,1,0,0,4.6446E+20,5.36446E+21,8.51953E+15,4.84323E+16
26958,26959,8,2,16,24,2016,3,17,4,3,9,1,0,1,0,1,0,0,0,0,4.48049E+20,5.40774E+21,8.29227E+15,4.88205E+16
26959,26960,8,1,28,39,2016,4,10,4,2,8,1,0,0,0,0,0,0,1,0,5.22036E+20,5.50966E+21,9.30583E+15,4.9739E+16
26960,26961,8,1,19,68,2016,4,17,1,3,5,3,0,0,1,1,0,0,0,0,5.2537E+20,5.41365E+21,9.346E+15,4.88753E+16
26961,26962,8,3,35,100,2016,3,16,5,3,2,6,0,0,0,1,0,0,0,0,4.87074E+20,5.28714E+21,8.8276E+15,4.77375E+16
26962,26963,8,3,17,47,2016,4,18,1,3,2,6,1,0,0,1,0,0,0,0,4.16952E+20,5.36328E+21,7.87761E+15,4.84172E+16
26963,26964,8,2,15,84,2016,4,5,4,2,5,3,2,1,0,1,0,0,0,0,4.7224E+20,5.4465E+21,8.61916E+15,4.91707E+16
26964,26965,8,4,15,61,2016,4,16,7,2,8,1,0,0,0,1,0,0,0,0,5.18012E+20,5.37341E+21,9.2439E+15,4.85135E+16
26965,26966,8,1,16,70,2016,4,10,4,3,3,6,0,0,0,1,0,0,0,0,5.38976E+20,5.3865E+21,9.52897E+15,4.86304E+16
26966,26967,8,1,18,54,2016,3,14,4,3,2,6,0,1,0,1,0,0,0,1,5.17119E+20,5.4228E+21,9.23385E+15,4.89579E+16
26967,26968,8,1,19,75,2016,3,19,5,3,2,6,2,1,0,1,0,0,0,0,5.37726E+20,5.42774E+21,9.51581E+15,4.90014E+16
26968,26969,8,1,25,38,2016,4,0,1,3,4,1,2,0,0,1,0,0,0,1,4.99962E+20,5.43484E+21,8.99948E+15,4.90665E+16
26969,26970,8,3,35,28,2016,4,17,4,3,2,6,0,0,0,1,0,0,0,0,4.80226E+20,5.28742E+21,8.73624E+15,4.77399E+16
26970,26971,8,4,37,82,2016,4,16,3,2,5,3,0,0,0,1,0,0,1,0,5.13772E+20,5.34374E+21,9.18551E+15,4.82467E+16
26971,26972,8,1,25,98,2016,4,17,7,2,9,1,0,0,0,0,0,1,0,0,5.25193E+20,5.43711E+21,9.34504E+15,4.90863E+16
26972,26973,8,3,35,79,2016,3,12,3,3,5,3,0,0,0,1,0,0,0,1,4.99802E+20,5.299E+21,8.99735E+15,4.78444E+16
26973,26974,8,2,36,43,2016,4,15,6,3,2,6,0,0,0,1,0,0,0,0,4.70696E+20,5.40997E+21,8.60062E+15,4.8842E+16
26974,26975,8,4,15,85,2016,4,18,2,3,8,1,0,0,0,0,0,1,0,0,5.32762E+20,5.34181E+21,9.44115E+15,4.82287E+16
26975,26976,8,1,26,66,2016,4,20,3,3,2,6,2,1,0,1,0,0,0,0,5.36456E+20,5.44937E+21,9.50039E+15,4.9196E+16
26976,26977,8,2,26,37,2016,4,12,2,2,4,7,0,0,0,1,0,0,0,0,4.66994E+20,5.47104E+21,8.54518E+15,4.93911E+16
26977,26978,8,4,37,78,2016,4,12,1,3,7,7,0,0,1,0,0,0,0,0,5.0793E+20,5.32051E+21,9.10639E+15,4.80378E+16
26978,26979,8,2,15,39,2016,4,16,1,3,3,6,0,0,0,1,0,0,0,0,4.69156E+20,5.44709E+21,8.57681E+15,4.91758E+16
26979,26980,8,1,16,80,2016,3,9,5,2,2,6,0,1,0,1,0,0,1,0,5.21471E+20,5.39451E+21,9.29183E+15,4.87033E+16
26980,26981,8,1,17,26,2016,4,16,5,3,8,1,0,0,1,0,0,0,0,0,5.4779E+20,5.3952E+21,9.64959E+15,4.8708E+16
26981,26982,8,2,16,7,2016,4,22,4,3,5,3,2,0,0,1,0,0,0,0,4.35637E+20,5.39233E+21,8.12561E+15,4.86807E+16
26982,26983,8,3,26,75,2016,3,17,4,3,2,5,0,0,0,1,0,1,0,0,4.60139E+20,5.31672E+21,8.46562E+15,4.80026E+16
26983,26984,8,2,36,46,2016,4,12,7,3,2,6,0,0,0,1,0,0,0,1,4.82981E+20,5.4177E+21,8.76772E+15,4.8912E+16
26984,26985,8,1,18,48,2016,3,12,4,2,5,3,0,1,0,1,0,0,0,0,5.19417E+20,5.41798E+21,9.26501E+15,4.89145E+16
26985,26986,8,1,16,41,2016,4,18,4,3,5,3,0,0,0,1,0,1,0,0,5.19213E+20,5.38412E+21,9.26065E+15,4.86099E+16
26986,26987,8,1,17,26,2016,4,0,1,3,8,1,2,0,0,1,0,0,0,0,5.49748E+20,5.39447E+21,9.67612E+15,4.87013E+16
26987,26988,8,2,25,117,2016,4,7,7,3,8,1,1,0,0,1,0,0,0,0,5.17669E+20,5.47308E+21,9.24357E+15,4.94102E+16
26988,26989,8,3,26,74,2016,4,16,3,3,5,3,0,0,1,1,0,0,0,0,4.59762E+20,5.3226E+21,8.46E+15,4.80554E+16
26989,26990,8,3,35,100,2016,3,12,3,2,0,1,0,0,1,0,0,0,0,0,4.88475E+20,5.28594E+21,8.84631E+15,4.77267E+16
26990,26991,8,4,35,16,2016,4,16,6,3,0,2,0,0,0,1,0,1,0,0,5.36024E+20,5.27963E+21,9.47986E+15,4.7669E+16
26991,26992,8,1,25,46,2016,4,14,6,3,8,1,0,0,0,1,0,0,0,0,5.18966E+20,5.43201E+21,9.25951E+15,4.90407E+16
26992,26993,8,4,16,23,2016,4,19,3,2,5,3,0,1,0,1,0,0,0,0,5.09432E+20,5.37148E+21,9.12767E+15,4.84964E+16
26993,26994,8,1,19,86,2016,4,16,7,2,8,1,0,0,0,0,0,1,0,0,5.33842E+20,5.4033E+21,9.46068E+15,4.87818E+16
26994,26995,8,4,17,75,2016,3,1,3,3,6,6,2,1,0,1,1,0,0,0,5.12277E+20,5.33914E+21,9.16524E+15,4.82054E+16
26995,26996,8,2,16,7,2016,4,15,6,3,2,6,0,0,0,1,0,0,0,0,4.3194E+20,5.39593E+21,8.07479E+15,4.87127E+16
26996,26997,8,2,22,0,2016,4,6,2,3,2,6,0,0,0,1,0,0,0,0,4.66704E+20,5.47675E+21,8.54069E+15,4.94425E+16
26997,26998,8,1,27,52,2016,4,18,2,3,4,6,0,0,0,1,0,1,0,0,5.39564E+20,5.43812E+21,9.54194E+15,4.90947E+16
26998,26999,8,3,26,52,2016,3,17,5,3,4,2,0,0,1,1,0,0,0,0,4.54601E+20,5.33014E+21,8.38995E+15,4.81229E+16
26999,27000,8,4,36,96,2016,4,19,1,2,2,6,1,0,0,1,0,1,0,0,5.41316E+20,5.30077E+21,9.55236E+15,4.78589E+16
27000,27001,8,1,36,88,2016,4,18,5,3,3,6,0,0,0,1,0,0,0,0,5.80156E+20,5.4097E+21,1.00923E+16,4.88351E+16
27001,27002,8,2,31,0,2016,4,3,1,2,4,1,2,0,0,1,0,1,0,0,4.79298E+20,5.41467E+21,8.71761E+15,4.88847E+16
27002,27003,8,4,37,105,2016,3,11,4,3,8,1,0,0,0,1,0,0,0,0,5.17867E+20,5.32489E+21,9.23988E+15,4.8077E+16
27003,27004,8,4,35,24,2016,4,19,4,2,4,6,0,0,0,1,0,0,0,0,5.26963E+20,5.27923E+21,9.35914E+15,4.76659E+16
27004,27005,8,2,26,103,2016,3,17,4,3,2,6,0,0,0,1,0,0,1,0,4.72086E+20,5.45798E+21,8.61626E+15,4.92739E+16
27005,27006,8,1,25,34,2016,3,17,4,3,8,6,0,1,0,1,0,0,0,0,4.99437E+20,5.44436E+21,8.99228E+15,4.9152E+16
27006,27007,8,1,11,0,2016,4,6,4,3,5,2,0,0,0,1,0,0,1,0,5.12023E+20,5.41093E+21,9.16389E+15,4.88512E+16
27007,27008,8,2,22,0,2016,4,6,7,3,3,6,1,0,0,1,0,0,0,0,4.61191E+20,5.48104E+21,8.46423E+15,4.94808E+16
27008,27009,8,3,16,11,2016,4,22,3,3,5,3,2,1,0,1,0,0,0,0,4.14244E+20,5.32995E+21,7.84777E+15,4.8117E+16
27009,27010,8,3,17,39,2016,3,17,3,3,2,6,0,0,0,1,0,0,0,0,4.41185E+20,5.34761E+21,8.20726E+15,4.82789E+16
27010,27011,8,4,15,61,2016,4,6,6,3,4,6,0,1,0,1,0,0,0,0,5.10503E+20,5.36983E+21,9.14212E+15,4.84816E+16
27011,27012,8,1,16,33,2016,3,10,4,3,2,6,0,1,0,1,0,0,0,0,5.31844E+20,5.38773E+21,9.43227E+15,4.86419E+16
27012,27013,8,1,16,49,2016,4,22,6,3,5,3,2,0,1,1,0,0,0,0,5.2448E+20,5.38614E+21,9.33222E+15,4.86278E+16
27013,27014,8,2,31,0,2016,3,15,5,3,5,3,0,0,0,1,0,1,0,0,4.77593E+20,5.41561E+21,8.6943E+15,4.8893E+16
27014,27015,8,4,37,82,2016,4,9,1,2,9,1,0,0,0,1,0,0,0,0,5.13025E+20,5.34473E+21,9.17548E+15,4.82556E+16
27015,27016,8,1,27,76,2016,3,14,5,3,2,6,0,0,0,1,0,1,0,0,5.6069E+20,5.43854E+21,9.83136E+15,4.90967E+16
27016,27017,8,1,35,16,2016,4,14,1,2,0,6,0,0,1,0,0,1,0,0,5.89298E+20,5.38178E+21,1.02108E+16,4.85827E+16
27017,27018,8,4,16,22,2016,4,9,4,2,4,6,0,0,0,1,0,0,0,0,5.10954E+20,5.37469E+21,9.14835E+15,4.85253E+16
27018,27019,8,1,25,39,2016,3,16,3,2,4,1,0,0,0,1,0,0,0,0,5.1277E+20,5.45795E+21,9.17556E+15,4.92741E+16
27019,27020,8,1,16,16,2016,3,22,4,3,2,6,2,1,0,1,0,0,0,0,5.33559E+20,5.38536E+21,9.45537E+15,4.86204E+16
27020,27021,8,1,25,66,2016,4,16,6,2,5,3,0,1,0,1,0,0,0,0,5.17433E+20,5.43148E+21,9.23851E+15,4.90359E+16
27021,27022,8,2,22,0,2016,3,9,5,3,2,6,0,0,0,1,0,0,1,0,4.66618E+20,5.47881E+21,8.53934E+15,4.9461E+16
27022,27023,8,3,37,96,2016,4,17,1,3,5,3,0,0,0,1,0,1,0,0,4.20227E+20,5.26733E+21,7.93969E+15,4.75545E+16
27023,27024,8,1,17,28,2016,3,10,5,3,2,6,0,0,0,1,0,0,0,0,5.47733E+20,5.38257E+21,9.64737E+15,4.85944E+16
27024,27025,8,2,26,3,2016,4,13,1,3,3,2,0,0,1,0,0,0,0,0,4.60496E+20,5.46313E+21,8.45641E+15,4.93196E+16
27025,27026,8,4,21,0,2016,3,14,4,3,5,3,0,0,0,1,0,0,0,0,5.71306E+20,5.35373E+21,9.96211E+15,4.83327E+16
27026,27027,8,4,26,21,2016,4,5,4,2,9,1,2,1,0,1,0,0,0,0,5.60794E+20,5.32524E+21,9.81621E+15,4.80776E+16
27027,27028,8,1,25,63,2016,3,19,3,3,7,7,1,1,0,1,0,0,0,0,5.27407E+20,5.46105E+21,9.37699E+15,4.93016E+16
27028,27029,8,2,31,0,2016,3,16,4,3,5,3,0,0,0,1,0,0,0,0,4.75893E+20,5.41478E+21,8.67116E+15,4.88855E+16
27029,27030,8,3,17,65,2016,3,10,3,2,5,3,0,0,1,1,0,0,0,0,4.17063E+20,5.35483E+21,7.88076E+15,4.83412E+16
27030,27031,8,1,15,21,2016,4,12,7,3,2,6,0,0,0,1,0,0,0,0,4.92434E+20,5.38204E+21,8.8974E+15,4.85914E+16
27031,27032,8,1,19,20,2016,4,17,3,3,2,2,0,1,0,1,0,0,0,0,5.19799E+20,5.41095E+21,9.26989E+15,4.88512E+16
27032,27033,8,2,31,0,2016,4,14,3,3,4,2,0,0,0,1,0,1,0,0,4.75782E+20,5.41501E+21,8.66963E+15,4.88876E+16
27033,27034,8,3,15,59,2016,3,9,3,2,9,1,0,0,0,1,0,0,0,0,3.97816E+20,5.32203E+21,7.629E+15,4.80433E+16
27034,27035,8,3,35,77,2016,4,17,6,3,7,7,0,0,0,0,0,1,0,1,4.93692E+20,5.29225E+21,8.91578E+15,4.77836E+16
27035,27036,8,1,16,15,2016,3,15,4,3,5,3,0,1,0,1,0,0,0,0,5.23786E+20,5.39333E+21,9.32321E+15,4.86925E+16
27036,27037,8,4,15,50,2016,3,14,5,3,2,2,0,0,0,1,0,0,0,0,5.21418E+20,5.3775E+21,9.29022E+15,4.85502E+16
27037,27038,8,2,16,33,2016,3,16,5,3,3,2,0,0,1,1,0,0,0,0,4.47304E+20,5.41254E+21,8.2815E+15,4.88636E+16
27038,27039,8,3,26,27,2016,4,15,1,2,4,1,0,0,0,1,0,0,0,0,4.63047E+20,5.30772E+21,8.50537E+15,4.79217E+16
27039,27040,8,2,36,71,2016,4,17,4,3,2,1,0,0,0,1,0,0,0,0,4.71315E+20,5.41869E+21,8.60844E+15,4.89205E+16
27040,27041,8,4,37,101,2016,4,18,7,3,2,6,0,0,0,1,0,0,0,0,5.22642E+20,5.32294E+21,9.30388E+15,4.80593E+16
27041,27042,8,1,18,11,2016,3,18,4,3,2,6,0,1,0,1,0,0,0,0,5.05557E+20,5.40779E+21,9.0757E+15,4.88231E+16
27042,27043,8,1,21,0,2016,3,16,5,3,1,6,0,0,0,1,0,0,0,0,5.08903E+20,5.44743E+21,9.12216E+15,4.91797E+16
27043,27044,8,1,36,70,2016,4,13,1,3,0,2,0,0,0,1,0,1,0,0,5.6343E+20,5.41125E+21,9.86464E+15,4.8851E+16
27044,27045,8,3,36,82,2016,4,17,4,3,2,6,0,0,0,1,0,0,0,0,4.14759E+20,5.27144E+21,7.86622E+15,4.75908E+16
27045,27046,8,4,36,13,2016,4,16,3,3,2,6,0,0,0,1,0,0,0,0,5.43651E+20,5.2981E+21,9.58331E+15,4.78348E+16
27046,27047,8,1,19,84,2016,4,15,7,3,4,1,0,0,0,1,0,0,0,1,5.47265E+20,5.41485E+21,9.64472E+15,4.88848E+16
27047,27048,8,3,11,0,2016,3,18,3,2,4,2,0,0,1,1,0,0,0,0,4.14573E+20,5.3181E+21,7.85455E+15,4.80105E+16
27048,27049,8,2,16,7,2016,4,20,6,2,2,6,2,0,0,1,0,0,1,0,4.32349E+20,5.39542E+21,8.08044E+15,4.87081E+16
27049,27050,8,4,21,0,2016,4,14,2,2,9,1,0,1,0,0,0,1,0,0,5.72205E+20,5.36403E+21,9.976E+15,4.84253E+16
27050,27051,8,1,28,14,2016,4,15,3,3,2,6,0,0,0,1,0,0,0,0,5.48493E+20,5.48219E+21,9.66959E+15,4.94904E+16
27051,27052,8,2,36,40,2016,4,16,2,3,5,3,0,0,0,1,0,0,0,0,4.90658E+20,5.42242E+21,8.87239E+15,4.89546E+16
27052,27053,8,1,35,15,2016,4,11,7,2,9,1,0,0,0,0,0,1,0,0,5.75663E+20,5.3848E+21,1.00265E+16,4.86117E+16
27053,27054,8,2,36,46,2016,3,11,3,3,2,6,0,0,0,1,0,0,0,0,4.83143E+20,5.41749E+21,8.76995E+15,4.89101E+16