FID,OBJECTID,ULAND,UREGBEZ,UKREIS,UGEMEINDE,UJAHR,UMONAT,USTUNDE,UWOCHENTAG,UKATEGORIE,UART,UTYP1,ULICHTVERH,IstStrasse,IstRad,IstPKW,IstFuss,IstKrad,IstGkfz,IstSonstig,LINREFX,LINREFY,XGCSWGS84,YGCSWGS84
27054,27055,8,1,11,0,2016,4,18,3,3,2,6,0,1,0,1,0,0,0,0,5.06727E+20,5.40749E+21,9.09165E+15,4.88203E+16
27055,27056,8,1,18,51,2016,4,18,3,3,2,6,0,1,0,1,0,0,0,0,5.1085E+20,5.41522E+21,9.14802E+15,4.88898E+16
27056,27057,8,1,18,48,2016,4,19,2,3,2,6,0,0,0,1,0,0,0,0,5.13531E+20,5.41524E+21,9.18459E+15,4.889E+16
27057,27058,8,1,25,56,2016,4,8,5,3,5,3,0,0,0,1,0,0,0,0,5.11776E+20,5.43414E+21,9.1612E+15,4.906E+16
27058,27059,8,2,37,19,2016,4,6,4,3,5,3,1,1,0,1,0,1,0,0,4.62446E+20,5.36959E+21,8.49184E+15,4.84783E+16
27059,27060,8,4,15,59,2016,4,13,7,3,3,2,0,0,1,0,0,0,0,0,5.14406E+20,5.36645E+21,9.19482E+15,4.8451E+16
27060,27061,8,2,31,0,2016,3,16,4,3,1,6,0,1,0,1,0,0,0,0,4.75772E+20,5.41502E+21,8.6695E+15,4.88877E+16
27061,27062,8,1,15,28,2016,4,15,4,3,4,6,0,0,0,1,0,0,0,0,5.02861E+20,5.40094E+21,9.03894E+15,4.87615E+16
27062,27063,8,1,25,8,2016,4,15,1,3,1,6,0,0,0,1,0,1,0,0,5.23137E+20,5.43167E+21,9.31656E+15,4.90375E+16
27063,27064,8,3,26,5,2016,4,19,4,3,9,5,1,0,0,0,0,0,0,1,4.67923E+20,5.30115E+21,8.57112E+15,4.78628E+16
27064,27065,8,4,26,121,2016,4,16,3,3,4,1,0,0,0,1,0,0,1,0,5.38804E+20,5.33495E+21,9.52187E+15,4.81666E+16
27065,27066,8,1,25,94,2016,4,11,7,3,1,6,0,0,0,1,0,0,0,0,5.13736E+20,5.43768E+21,9.18814E+15,4.90918E+16
27066,27067,8,2,15,90,2016,3,15,3,3,2,6,0,0,0,1,0,0,0,0,4.64069E+20,5.43528E+21,8.50807E+15,4.90693E+16
27067,27068,8,2,22,0,2016,4,5,6,3,4,2,2,1,1,1,0,0,0,0,4.62426E+20,5.48563E+21,8.48085E+15,4.95221E+16
27068,27069,8,3,35,100,2016,4,7,2,3,5,3,0,0,0,1,0,0,0,0,4.85924E+20,5.28784E+21,8.81224E+15,4.77438E+16
27069,27070,8,1,25,102,2016,4,22,2,3,3,6,2,0,0,1,0,0,0,1,5.26267E+20,5.4454E+21,9.36028E+15,4.91608E+16
27070,27071,8,4,35,66,2016,4,9,1,3,5,3,0,0,0,1,0,1,0,0,5.19605E+20,5.28729E+21,9.26149E+15,4.77386E+16
27071,27072,8,2,12,0,2016,4,16,1,3,2,6,0,0,0,1,0,0,0,0,4.58333E+20,5.42733E+21,8.43036E+15,4.89974E+16
27072,27073,8,1,15,51,2016,3,6,5,3,0,1,2,1,0,1,0,0,0,0,5.05462E+20,5.38223E+21,9.07407E+15,4.85931E+16
27073,27074,8,1,16,77,2016,4,13,5,3,5,3,0,0,1,0,0,0,1,0,5.16105E+20,5.39228E+21,9.2188E+15,4.86834E+16
27074,27075,8,1,11,0,2016,4,16,2,3,0,1,0,0,1,0,0,0,0,0,5.17302E+20,5.40599E+21,9.23564E+15,4.88067E+16
27075,27076,8,1,16,77,2016,3,17,5,3,0,7,0,1,0,1,0,1,0,0,5.16632E+20,5.38976E+21,9.22586E+15,4.86606E+16
27076,27077,8,1,18,48,2016,4,17,5,3,2,2,0,0,0,1,0,0,0,0,5.1526E+20,5.41464E+21,9.20816E+15,4.88845E+16
27077,27078,8,2,21,0,2016,4,9,4,3,1,6,0,0,0,1,0,0,0,0,4.76467E+20,5.47188E+21,8.67566E+15,4.93991E+16
27078,27079,8,4,17,2,2016,3,16,4,3,1,6,0,0,0,1,0,0,0,0,4.89068E+20,5.34552E+21,8.8527E+15,4.82628E+16
27079,27080,8,3,16,45,2016,4,15,7,2,5,3,0,0,1,0,0,1,0,0,4.13718E+20,5.32483E+21,7.84174E+15,4.80709E+16
27080,27081,8,2,11,0,2016,3,15,4,3,5,3,0,1,1,1,0,0,0,0,4.41712E+20,5.4036E+21,8.20653E+15,4.87827E+16
27081,27082,8,1,25,13,2016,4,12,4,3,9,6,0,0,0,1,0,0,0,0,5.0592E+20,5.43665E+21,9.08108E+15,4.90827E+16
27082,27083,8,1,19,87,2016,4,16,1,3,2,6,0,0,0,1,0,0,0,0,5.28869E+20,5.42343E+21,9.39441E+15,4.89631E+16
27083,27084,8,2,35,66,2016,4,2,7,3,8,1,2,0,0,1,0,0,0,0,4.64188E+20,5.38665E+21,8.51396E+15,4.86319E+16
27084,27085,8,3,36,105,2016,4,9,3,3,4,6,0,0,0,1,0,0,0,0,4.02953E+20,5.26691E+21,7.71024E+15,4.75483E+16
27085,27086,8,1,18,48,2016,4,18,7,3,0,7,0,0,1,0,1,0,0,0,5.18936E+20,5.4175E+21,9.25843E+15,4.89101E+16
27086,27087,8,2,35,80,2016,3,14,3,2,0,1,0,0,0,0,0,1,0,0,4.77817E+20,5.38695E+21,8.69891E+15,4.86352E+16
27087,27088,8,1,11,0,2016,4,14,7,3,5,3,0,0,0,1,0,0,0,0,5.12733E+20,5.40517E+21,9.17339E+15,4.87994E+16
27088,27089,8,2,15,7,2016,4,14,6,3,4,2,0,0,0,1,0,0,0,0,4.77288E+20,5.43179E+21,8.68924E+15,4.90386E+16
27089,27090,8,2,12,0,2016,4,8,2,3,5,3,0,0,0,1,0,0,0,0,4.53588E+20,5.42819E+21,8.36539E+15,4.90049E+16
27090,27091,8,1,11,0,2016,3,21,4,3,3,6,2,0,0,1,0,0,0,0,5.10641E+20,5.40016E+21,9.14477E+15,4.87544E+16
27091,27092,8,1,26,28,2016,4,17,2,3,5,3,0,0,0,1,0,1,0,0,5.408E+20,5.46004E+21,9.5611E+15,4.92917E+16
27092,27093,8,1,15,28,2016,4,7,6,3,3,6,0,1,0,1,0,0,1,0,5.02434E+20,5.40052E+21,9.03312E+15,4.87577E+16
27093,27094,8,3,15,74,2016,3,15,5,3,5,3,0,0,1,1,0,0,0,0,3.96797E+20,5.29842E+21,7.62098E+15,4.78308E+16
27094,27095,8,4,15,61,2016,4,16,1,2,8,1,0,0,0,0,0,1,0,0,5.12755E+20,5.37115E+21,9.17265E+15,4.84933E+16
27095,27096,8,1,35,15,2016,4,19,5,3,5,3,0,0,0,1,0,0,0,0,5.78602E+20,5.38208E+21,1.00659E+16,4.85869E+16
27096,27097,8,2,12,0,2016,3,8,5,3,2,2,0,0,0,1,0,0,0,0,4.562E+20,5.42669E+21,8.40127E+15,4.89915E+16
27097,27098,8,2,36,40,2016,4,16,1,2,0,1,0,0,0,0,0,1,0,0,4.88059E+20,5.42166E+21,8.83691E+15,4.89478E+16
27098,27099,8,4,36,64,2016,3,17,4,3,5,3,0,0,0,1,0,0,0,0,5.41458E+20,5.29074E+21,9.5533E+15,4.77687E+16
27099,27100,8,4,35,66,2016,4,16,4,2,2,6,0,0,0,1,0,1,0,0,5.18181E+20,5.28524E+21,9.24241E+15,4.77203E+16
27100,27101,8,1,25,5,2016,3,9,3,3,2,6,0,0,0,1,0,0,0,0,5.15988E+20,5.45762E+21,9.21978E+15,4.92711E+16
27101,27102,8,2,35,60,2016,3,13,4,3,2,6,0,0,0,1,0,0,0,0,4.76394E+20,5.37951E+21,8.68002E+15,4.85682E+16
27102,27103,8,1,19,79,2016,3,23,4,3,9,1,2,1,0,1,0,0,0,0,5.21591E+20,5.40713E+21,9.29412E+15,4.88168E+16
27103,27104,8,2,35,85,2016,3,20,3,3,2,2,2,0,0,1,0,0,0,0,4.81033E+20,5.39558E+21,8.74216E+15,4.8713E+16
27104,27105,8,4,37,88,2016,4,14,3,3,2,7,0,0,0,0,0,1,0,1,5.19381E+20,5.30391E+21,9.25925E+15,4.78882E+16
27105,27106,8,2,11,0,2016,4,15,7,3,2,4,0,0,0,1,1,1,0,0,4.39384E+20,5.39847E+21,8.1756E+15,4.87363E+16
27106,27107,8,1,26,66,2016,4,7,3,3,5,2,0,0,0,1,0,0,0,0,5.35185E+20,5.45052E+21,9.48305E+15,4.92065E+16
27107,27108,8,2,37,74,2016,4,14,3,3,6,4,0,0,1,0,1,0,0,0,4.67855E+20,5.37076E+21,8.56494E+15,4.84891E+16
27108,27109,8,2,31,0,2016,3,17,3,3,2,6,0,0,0,1,0,0,0,0,4.75984E+20,5.41628E+21,8.67231E+15,4.8899E+16
27109,27110,8,3,26,74,2016,3,6,4,3,5,3,1,1,1,1,0,0,0,0,4.66005E+20,5.32351E+21,8.54371E+15,4.8064E+16
27110,27111,8,2,36,40,2016,4,15,7,2,9,1,0,0,0,0,0,0,0,1,4.92499E+20,5.41788E+21,8.89763E+15,4.89138E+16
27111,27112,8,1,27,14,2016,3,11,4,3,2,6,0,1,0,0,0,0,1,0,5.72778E+20,5.44722E+21,9.9985E+15,4.91734E+16
27112,27113,8,1,16,80,2016,4,16,4,3,2,6,0,0,0,1,0,0,1,0,5.22437E+20,5.39496E+21,9.30498E+15,4.87073E+16
27113,27114,8,1,15,3,2016,4,12,1,3,3,6,0,0,0,1,0,0,0,0,5.00507E+20,5.3929E+21,9.00689E+15,4.86892E+16
27114,27115,8,2,22,0,2016,4,16,7,3,1,6,0,0,0,1,0,0,0,0,4.61029E+20,5.48368E+21,8.46173E+15,4.95045E+16
27115,27116,8,3,17,5,2016,4,14,3,3,2,2,0,1,0,1,0,0,0,0,4.25103E+20,5.37977E+21,7.98478E+15,4.85665E+16
27116,27117,8,2,26,85,2016,3,9,3,3,8,6,0,0,0,1,0,0,0,0,4.88924E+20,5.45688E+21,8.84776E+15,4.92646E+16
27117,27118,8,4,21,0,2016,4,11,6,3,5,7,0,0,1,1,0,0,0,0,5.70731E+20,5.36136E+21,9.95563E+15,4.84014E+16
27118,27119,8,1,11,0,2016,3,17,4,3,2,6,0,0,0,1,0,0,0,0,5.13261E+20,5.40662E+21,9.18063E+15,4.88124E+16
27119,27120,8,1,19,8,2016,4,19,6,3,8,1,0,0,0,1,0,0,0,0,5.30446E+20,5.42384E+21,9.41598E+15,4.89667E+16
27120,27121,8,2,16,5,2016,3,7,5,3,3,6,0,1,0,0,0,0,1,1,4.47957E+20,5.41535E+21,8.29005E+15,4.88889E+16
27121,27122,8,3,36,84,2016,4,16,1,3,3,6,0,0,1,0,0,1,0,0,4.05689E+20,5.2789E+21,7.74401E+15,4.76566E+16
27122,27123,8,1,15,45,2016,3,23,5,2,8,1,2,1,0,0,0,1,0,0,4.94863E+20,5.39214E+21,8.9302E+15,4.86822E+16
27123,27124,8,2,26,84,2016,4,7,1,2,8,1,1,0,0,1,0,0,0,0,4.67129E+20,5.47294E+21,8.54688E+15,4.94082E+16
27124,27125,8,4,25,20,2016,4,7,4,2,8,1,0,1,0,0,0,1,0,0,5.56696E+20,5.36342E+21,9.7663E+15,4.84214E+16
27125,27126,8,1,25,13,2016,3,2,3,3,8,1,2,1,0,1,0,0,0,0,5.03699E+20,5.43751E+21,9.05066E+15,4.90904E+16
27126,27127,8,2,22,0,2016,3,17,3,3,2,6,0,0,0,1,0,0,0,0,4.62374E+20,5.482E+21,8.48046E+15,4.94895E+16
27127,27128,8,1,36,88,2016,4,11,7,2,9,1,0,0,0,1,0,0,0,0,5.74952E+20,5.41239E+21,1.00219E+16,4.88599E+16
27128,27129,8,1,16,80,2016,4,17,3,3,1,6,0,1,0,1,0,0,0,0,5.17413E+20,5.39798E+21,9.23681E+15,4.87346E+16
27129,27130,8,2,26,65,2016,4,16,3,2,4,6,0,1,0,1,0,0,0,0,4.79068E+20,5.45846E+21,8.71221E+15,4.92785E+16
27130,27131,8,1,26,11,2016,4,18,2,1,5,3,0,0,0,1,0,0,0,0,5.31028E+20,5.44848E+21,9.42582E+15,4.91884E+16
27131,27132,8,3,17,102,2016,4,18,6,3,5,2,0,0,0,1,0,0,0,0,4.34425E+20,5.3833E+21,8.11058E+15,4.85993E+16
27132,27133,8,3,36,103,2016,3,15,5,3,5,2,0,0,0,1,0,0,0,0,4.13676E+20,5.28404E+21,7.84933E+15,4.7704E+16
27133,27134,8,3,17,57,2016,4,14,1,3,8,1,0,0,0,0,0,1,0,0,4.17132E+20,5.38085E+21,7.87654E+15,4.85753E+16
27134,27135,8,2,12,0,2016,4,16,4,2,5,3,0,0,1,1,0,0,0,0,4.6292E+20,5.42146E+21,8.49361E+15,4.8945E+16
27135,27136,8,3,37,22,2016,4,22,6,3,6,4,2,0,0,1,1,0,0,0,4.50262E+20,5.29619E+21,8.33557E+15,4.78172E+16
27136,27137,8,1,11,0,2016,3,11,4,3,3,6,0,1,0,1,0,1,0,0,5.12063E+20,5.40688E+21,9.16431E+15,4.88148E+16
27137,27138,8,1,11,0,2016,4,0,6,3,5,3,2,0,0,1,0,1,0,0,5.14858E+20,5.40611E+21,9.20236E+15,4.88078E+16
27138,27139,8,2,36,40,2016,3,6,5,3,0,2,2,1,0,1,0,0,0,0,4.8812E+20,5.42164E+21,8.83775E+15,4.89475E+16
27139,27140,8,3,26,20,2016,4,17,1,3,4,6,0,0,0,1,0,1,0,0,4.35546E+20,5.31784E+21,8.13577E+15,4.80106E+16
27140,27141,8,1,25,39,2016,3,20,5,2,8,3,2,1,0,1,0,0,0,0,5.15339E+20,5.45596E+21,9.21079E+15,4.92562E+16
27141,27142,8,1,18,80,2016,4,16,1,2,9,1,0,0,0,0,0,1,0,0,5.09E+20,5.41092E+21,9.12269E+15,4.88511E+16
27142,27143,8,3,11,0,2016,4,15,4,3,2,6,0,0,0,1,0,0,0,0,4.07913E+20,5.31812E+21,7.76528E+15,4.80097E+16
27143,27144,8,1,28,128,2016,4,11,7,3,4,6,0,0,0,1,0,0,0,1,5.47141E+20,5.50096E+21,9.65317E+15,4.96593E+16
27144,27145,8,2,22,0,2016,3,21,3,2,4,1,2,0,0,1,0,1,0,0,4.66053E+20,5.4751E+21,8.53185E+15,4.94276E+16
27145,27146,8,3,15,16,2016,4,17,6,2,6,4,0,1,0,1,1,0,0,0,4.31387E+20,5.31001E+21,8.08126E+15,4.79397E+16
27146,27147,8,4,36,64,2016,4,7,2,3,2,6,0,0,0,1,0,0,0,0,5.44394E+20,5.28674E+21,9.59208E+15,4.77325E+16
27147,27148,8,1,15,28,2016,4,11,3,3,2,6,0,0,0,1,0,0,0,0,5.02455E+20,5.40047E+21,9.0334E+15,4.87572E+16
27148,27149,8,1,17,26,2016,4,15,2,3,5,3,0,0,1,1,0,0,0,0,5.48745E+20,5.394E+21,9.66243E+15,4.86971E+16
27149,27150,8,1,18,14,2016,3,8,5,3,2,2,0,0,0,1,0,0,0,0,5.20675E+20,5.42163E+21,9.28237E+15,4.89472E+16
27150,27151,8,1,21,0,2016,4,7,5,3,1,7,0,1,1,1,0,0,0,0,5.16723E+20,5.44271E+21,9.22927E+15,4.9137E+16
27151,27152,8,2,25,52,2016,4,14,4,3,8,1,0,0,0,1,0,0,0,0,5.18576E+20,5.4787E+21,9.25634E+15,4.94607E+16
27152,27153,8,4,21,0,2016,3,7,4,3,5,2,0,1,0,1,0,0,0,0,5.69085E+20,5.36327E+21,9.93372E+15,4.84188E+16
27153,27154,8,3,37,22,2016,4,16,7,3,4,1,0,0,0,1,0,1,0,0,4.49586E+20,5.29212E+21,8.32702E+15,4.77805E+16
27154,27155,8,2,21,0,2016,3,16,4,3,2,6,0,1,0,1,0,0,0,0,4.74194E+20,5.474E+21,8.64419E+15,4.94181E+16
27155,27156,8,1,35,21,2016,4,15,4,2,5,3,0,0,0,1,0,0,0,0,5.93008E+20,5.38391E+21,1.02616E+16,4.86014E+16
27156,27157,8,1,21,0,2016,4,13,1,3,5,3,0,0,0,1,0,0,0,0,5.15911E+20,5.44214E+21,9.21811E+15,4.91319E+16
27157,27158,8,3,17,96,2016,4,14,4,3,0,6,0,0,0,1,0,0,1,0,4.19193E+20,5.37281E+21,7.90604E+15,4.85032E+16
27158,27159,8,4,15,59,2016,4,21,3,3,5,3,2,1,0,1,0,0,0,0,5.16396E+20,5.36785E+21,9.22179E+15,4.84636E+16
27159,27160,8,1,19,91,2016,4,14,7,3,0,1,0,0,0,0,0,1,0,0,5.27559E+20,5.40684E+21,9.37539E+15,4.8814E+16
27160,27161,8,2,22,0,2016,3,16,3,2,6,4,0,0,0,1,1,0,0,0,4.65809E+20,5.47558E+21,8.52845E+15,4.9432E+16
27161,27162,8,4,26,21,2016,4,13,7,3,5,3,0,0,1,1,0,0,0,0,5.59348E+20,5.32775E+21,9.79715E+15,4.81002E+16
27162,27163,8,4,25,31,2016,4,14,4,3,3,6,0,0,0,1,0,0,1,0,5.70349E+20,5.36749E+21,9.95151E+15,4.84566E+16
27163,27164,8,1,19,68,2016,3,19,5,3,2,6,1,0,0,1,0,0,0,0,5.25794E+20,5.41359E+21,9.35177E+15,4.88747E+16
27164,27165,8,1,27,47,2016,4,14,1,3,0,1,0,0,0,0,0,1,0,0,5.61861E+20,5.45408E+21,9.8498E+15,4.92364E+16
27165,27166,8,3,36,50,2016,4,19,4,3,6,4,0,0,0,1,1,0,0,0,4.00897E+20,5.27659E+21,7.68072E+15,4.76352E+16
27166,27167,8,4,35,16,2016,4,17,3,3,3,2,0,0,1,0,0,1,0,0,5.35649E+20,5.27953E+21,9.47486E+15,4.76681E+16
27167,27168,8,1,26,58,2016,4,15,7,2,8,1,0,0,0,0,0,1,0,0,5.44139E+20,5.4497E+21,9.60588E+15,4.91985E+16
27168,27169,8,2,16,7,2016,3,14,3,3,1,6,0,0,0,1,0,0,0,0,4.36685E+20,5.39462E+21,8.13949E+15,4.87014E+16
27169,27170,8,2,31,0,2016,4,14,6,2,5,3,0,0,0,1,0,0,0,0,4.8143E+20,5.41763E+21,8.74656E+15,4.89113E+16
27170,27171,8,4,15,88,2016,4,17,2,1,8,1,0,0,0,1,0,0,0,0,5.38536E+20,5.37196E+21,9.52165E+15,4.84996E+16
27171,27172,8,1,27,73,2016,4,16,3,3,2,6,0,0,0,1,0,0,1,0,5.77547E+20,5.44841E+21,1.00641E+16,4.91836E+16
27172,27173,8,2,21,0,2016,4,14,2,3,6,3,0,0,1,0,1,0,0,0,4.77323E+20,5.47471E+21,8.68729E+15,4.94247E+16
27173,27174,8,1,11,0,2016,4,16,2,3,2,6,0,0,0,1,0,0,0,0,5.15176E+20,5.40495E+21,9.20665E+15,4.87973E+16
27174,27175,8,3,15,6,2016,4,23,1,2,8,1,2,0,0,1,0,0,0,0,3.99575E+20,5.3086E+21,7.65573E+15,4.79229E+16
27175,27176,8,1,16,4,2016,3,16,5,2,5,2,0,0,0,1,0,1,0,0,5.28203E+20,5.39657E+21,9.38345E+15,4.87215E+16
27176,27177,8,1,18,73,2016,4,16,5,2,5,3,0,0,0,1,0,0,0,0,4.96194E+20,5.42222E+21,8.94801E+15,4.89529E+16
27177,27178,8,2,16,41,2016,4,13,4,3,5,3,0,0,0,1,0,0,0,0,4.36222E+20,5.39072E+21,8.1338E+15,4.86662E+16
27178,27179,8,3,35,79,2016,3,18,4,2,4,1,0,0,0,0,0,1,1,0,5.00139E+20,5.30378E+21,9.00185E+15,4.78874E+16
27179,27180,8,2,31,0,2016,4,11,7,3,2,6,0,0,0,1,0,0,0,0,4.80999E+20,5.41892E+21,8.74062E+15,4.89229E+16
27180,27181,8,1,35,15,2016,3,23,4,3,4,2,2,1,0,1,0,0,0,0,5.69895E+20,5.38845E+21,9.94888E+15,4.86452E+16
27181,27182,8,1,18,48,2016,4,17,4,3,2,6,0,0,0,1,0,0,0,0,5.13047E+20,5.41529E+21,9.17799E+15,4.88905E+16
27182,27183,8,1,17,18,2016,4,18,1,3,9,1,0,0,0,1,0,0,0,0,5.36211E+20,5.3954E+21,9.49223E+15,4.87106E+16
27183,27184,8,2,26,22,2016,4,21,7,3,2,2,2,0,0,1,0,1,0,0,4.81886E+20,5.4682E+21,8.75051E+15,4.93662E+16
27184,27185,8,3,27,18,2016,4,13,3,3,4,2,0,0,0,1,0,0,0,0,4.75585E+20,5.30771E+21,8.67319E+15,4.79222E+16
27185,27186,8,1,15,44,2016,4,16,7,3,3,2,0,0,1,0,0,0,0,0,5.0544E+20,5.39012E+21,9.07388E+15,4.86641E+16
27186,27187,8,2,15,103,2016,3,14,3,3,3,6,0,0,0,1,0,0,1,0,4.68629E+20,5.44371E+21,8.56985E+15,4.91454E+16
27187,27188,8,4,36,64,2016,4,9,6,2,0,2,0,0,0,0,0,0,0,1,5.45101E+20,5.2923E+21,9.60208E+15,4.77825E+16
27188,27189,8,2,16,28,2016,4,9,6,3,5,3,0,1,0,1,0,1,0,0,4.24894E+20,5.39852E+21,7.97856E+15,4.87352E+16
27189,27190,8,2,37,28,2016,4,21,2,3,9,1,2,1,0,1,0,0,0,0,4.46553E+20,5.36994E+21,8.27677E+15,4.84803E+16
27190,27191,8,4,36,49,2016,3,17,3,2,4,6,0,0,0,1,0,0,0,1,5.74979E+20,5.28417E+21,9.99949E+15,4.77066E+16
27191,27192,8,1,36,42,2016,4,8,6,2,4,6,0,0,0,1,0,0,0,0,5.50758E+20,5.40453E+21,9.69108E+15,4.87917E+16
27192,27193,8,3,15,74,2016,3,15,5,3,8,1,0,1,0,1,0,0,0,0,3.9975E+20,5.29902E+21,7.66029E+15,4.78367E+16
27193,27194,8,3,37,127,2016,4,10,1,3,5,3,0,0,0,1,0,0,0,0,4.547E+20,5.297E+21,8.39478E+15,4.78248E+16
27194,27195,8,2,11,0,2016,4,19,6,3,5,3,0,0,0,1,0,0,0,0,4.37897E+20,5.39769E+21,8.1555E+15,4.87292E+16
27195,27196,8,3,27,50,2016,4,7,2,3,5,3,0,0,0,1,0,0,0,0,4.8594E+20,5.31484E+21,8.81157E+15,4.79867E+16
27196,27197,8,4,25,13,2016,4,16,2,3,2,6,0,0,0,1,0,0,0,0,5.81152E+20,5.37731E+21,1.00995E+16,4.85436E+16
27197,27198,8,3,27,18,2016,3,10,5,3,2,6,0,0,0,1,0,0,0,0,4.7597E+20,5.30709E+21,8.67838E+15,4.79167E+16
27198,27199,8,4,35,47,2016,4,16,1,2,8,1,0,0,0,0,0,1,0,0,5.13804E+20,5.29621E+21,9.18441E+15,4.78191E+16
27199,27200,8,2,11,0,2016,4,12,5,2,8,1,0,1,0,0,0,1,0,0,4.40924E+20,5.40356E+21,8.19582E+15,4.87822E+16
27200,27201,8,2,35,79,2016,4,16,1,3,8,1,0,0,0,0,0,1,0,0,4.69283E+20,5.40015E+21,8.58209E+15,4.87536E+16
27201,27202,8,1,11,0,2016,3,18,5,3,2,6,0,0,0,1,0,0,0,0,5.10672E+20,5.40916E+21,9.14543E+15,4.88353E+16
27202,27203,8,4,37,104,2016,4,15,4,3,2,6,0,0,0,1,0,1,0,0,5.16452E+20,5.32634E+21,9.22094E+15,4.80901E+16
27203,27204,8,3,15,89,2016,3,8,4,2,9,1,0,1,0,0,0,0,0,1,4.07154E+20,5.31106E+21,7.75663E+15,4.79461E+16
27204,27205,8,1,25,87,2016,3,11,4,3,2,6,0,1,0,1,0,0,0,0,5.0651E+20,5.4582E+21,9.08949E+15,4.92765E+16
27205,27206,8,1,15,21,2016,4,15,4,3,5,3,0,0,0,1,0,0,0,0,4.91016E+20,5.38203E+21,8.87817E+15,4.85913E+16
27206,27207,8,2,22,0,2016,4,0,7,3,2,6,2,0,0,1,0,1,0,0,4.61504E+20,5.4808E+21,8.46858E+15,4.94786E+16
27207,27208,8,3,17,31,2016,4,12,3,2,6,4,0,1,0,1,1,0,0,0,4.16616E+20,5.35825E+21,7.87406E+15,4.83719E+16
27208,27209,8,2,15,17,2016,3,9,3,3,1,6,0,0,0,1,0,0,0,0,4.56483E+20,5.42338E+21,8.40549E+15,4.89618E+16
27209,27210,8,4,15,61,2016,4,14,6,2,2,6,0,0,0,1,0,1,0,0,5.15562E+20,5.37073E+21,9.21062E+15,4.84895E+16
27210,27211,8,4,36,82,2016,3,22,3,3,5,3,2,1,0,1,0,0,0,0,5.46935E+20,5.29573E+21,9.62694E+15,4.78132E+16
27211,27212,8,1,19,55,2016,4,13,6,2,0,7,0,0,0,0,0,0,1,0,5.43994E+20,5.4049E+21,9.59904E+15,4.87956E+16
27212,27213,8,2,35,79,2016,3,16,5,3,5,3,0,0,0,1,0,0,0,0,4.69244E+20,5.40242E+21,8.5814E+15,4.8774E+16
27213,27214,8,3,35,98,2016,4,16,1,3,9,1,0,0,0,0,0,1,0,0,5.05148E+20,5.29687E+21,9.06878E+15,4.78252E+16
27214,27215,8,1,35,27,2016,3,15,5,3,6,4,0,0,0,0,1,0,0,1,5.90378E+20,5.37693E+21,1.02244E+16,4.8539E+16
27215,27216,8,1,35,19,2016,4,12,1,2,8,1,0,0,0,1,0,0,0,0,5.90608E+20,5.39091E+21,1.02306E+16,4.86646E+16
27216,27217,8,4,15,61,2016,4,12,4,3,2,2,0,0,0,1,0,0,0,0,5.15225E+20,5.37231E+21,9.20611E+15,4.85037E+16
27217,27218,8,1,19,8,2016,3,15,3,2,4,6,0,0,0,1,0,0,0,0,5.31304E+20,5.41756E+21,9.42721E+15,4.89102E+16
27218,27219,8,2,15,96,2016,3,8,3,3,3,6,0,0,1,1,0,0,0,0,4.64835E+20,5.41794E+21,8.52006E+15,4.89134E+16
27219,27220,8,1,36,88,2016,4,15,7,3,4,2,0,0,0,1,0,0,0,1,5.80294E+20,5.41059E+21,1.00943E+16,4.88431E+16
27220,27221,8,2,16,5,2016,3,16,5,3,3,6,0,0,1,1,0,0,0,0,4.44736E+20,5.41816E+21,8.24574E+15,4.89139E+16
27221,27222,8,2,26,84,2016,4,17,1,3,9,1,0,0,0,0,0,1,0,0,4.67186E+20,5.46614E+21,8.54822E+15,4.93471E+16
27222,27223,8,4,35,16,2016,3,14,4,3,2,6,0,0,0,1,0,0,0,0,5.36915E+20,5.2783E+21,9.49162E+15,4.76571E+16
27223,27224,8,4,26,97,2016,4,11,4,3,8,1,0,0,0,1,0,0,0,0,5.37445E+20,5.34057E+21,9.50409E+15,4.82173E+16
27224,27225,8,1,19,4,2016,3,20,3,2,8,1,2,0,0,0,0,1,0,0,5.42393E+20,5.41894E+21,9.57869E+15,4.89219E+16
27225,27226,8,2,36,75,2016,3,6,4,2,3,6,2,1,0,1,0,1,0,0,4.81819E+20,5.42263E+21,8.75164E+15,4.89564E+16
27226,27227,8,1,19,44,2016,3,19,4,2,5,3,0,1,0,1,0,0,0,0,5.46304E+20,5.42446E+21,9.63271E+15,4.89713E+16
27227,27228,8,1,16,15,2016,3,8,3,3,2,6,0,0,0,1,0,0,0,0,5.21432E+20,5.39351E+21,9.29123E+15,4.86942E+16
27228,27229,8,4,37,100,2016,4,17,3,2,4,6,0,0,0,1,0,1,0,0,5.41438E+20,5.31623E+21,9.55548E+15,4.7998E+16
27229,27230,8,1,15,21,2016,4,13,7,2,0,7,0,0,0,0,0,1,0,0,4.88574E+20,5.38261E+21,8.84503E+15,4.85965E+16
27230,27231,8,1,21,0,2016,4,16,3,3,6,6,0,0,1,0,1,0,0,0,5.15584E+20,5.44333E+21,9.21367E+15,4.91426E+16
27231,27232,8,2,36,30,2016,4,16,3,3,0,6,0,1,0,1,0,0,1,0,4.78069E+20,5.42027E+21,8.70055E+15,4.8935E+16
27232,27233,8,1,15,28,2016,3,16,3,3,2,6,0,0,0,1,0,0,0,0,5.01996E+20,5.40223E+21,9.02716E+15,4.87731E+16
27233,27234,8,3,37,90,2016,4,12,6,3,5,3,0,0,0,1,0,0,0,0,4.23435E+20,5.2746E+21,7.98105E+15,4.76202E+16
27234,27235,8,4,26,97,2016,3,17,3,3,5,3,0,0,0,1,0,0,0,0,5.36359E+20,5.33319E+21,9.48885E+15,4.81509E+16