FID,OBJECTID,ULAND,UREGBEZ,UKREIS,UGEMEINDE,UJAHR,UMONAT,USTUNDE,UWOCHENTAG,UKATEGORIE,UART,UTYP1,ULICHTVERH,IstStrasse,IstRad,IstPKW,IstFuss,IstKrad,IstGkfz,IstSonstig,LINREFX,LINREFY,XGCSWGS84,YGCSWGS84
27235,27236,8,4,37,104,2016,3,13,5,2,5,3,0,0,0,1,0,1,0,0,5.15243E+20,5.32586E+21,9.20468E+15,4.80858E+16
27236,27237,8,2,21,0,2016,3,18,5,3,1,5,0,1,1,1,0,0,0,0,4.76976E+20,5.47561E+21,8.68246E+15,4.94328E+16
27237,27238,8,4,17,13,2016,4,1,1,2,1,1,2,0,0,1,0,0,0,0,5.09048E+20,5.34858E+21,9.12198E+15,4.82903E+16
27238,27239,8,2,26,103,2016,4,14,4,1,2,6,0,0,0,1,0,0,1,0,4.71797E+20,5.45744E+21,8.61232E+15,4.92691E+16
27239,27240,8,1,11,0,2016,4,9,1,3,5,3,0,0,0,1,0,0,0,0,5.12124E+20,5.40673E+21,9.16515E+15,4.88134E+16
27240,27241,8,1,25,13,2016,3,6,5,3,3,6,0,0,0,1,0,0,1,0,5.03913E+20,5.43557E+21,9.05358E+15,4.90729E+16
27241,27242,8,1,36,15,2016,4,13,1,3,9,1,0,0,0,1,0,0,0,0,5.56723E+20,5.41121E+21,9.77322E+15,4.88513E+16
27242,27243,8,3,36,91,2016,4,23,4,3,8,1,2,0,0,0,0,1,0,0,3.97289E+20,5.27554E+21,7.63296E+15,4.76251E+16
27243,27244,8,1,27,76,2016,4,14,7,3,5,3,0,0,0,1,0,0,0,0,5.5177E+20,5.43961E+21,9.70932E+15,4.91071E+16
27244,27245,8,1,11,0,2016,3,15,3,3,2,6,0,0,0,1,0,0,0,0,5.09587E+20,5.39513E+21,9.13031E+15,4.87091E+16
27245,27246,8,2,15,17,2016,4,12,6,2,2,6,0,0,0,1,0,0,1,1,4.54157E+20,5.42213E+21,8.37386E+15,4.89504E+16
27246,27247,8,4,37,65,2016,4,17,2,2,8,1,0,0,0,0,0,0,0,1,5.16618E+20,5.31793E+21,9.22284E+15,4.80145E+16
27247,27248,8,4,25,72,2016,4,17,3,1,4,2,0,0,0,1,0,1,0,0,5.77358E+20,5.3696E+21,1.00467E+16,4.84748E+16
27248,27249,8,1,15,3,2016,4,7,2,3,5,3,0,0,0,1,0,0,0,0,4.95938E+20,5.39292E+21,8.94481E+15,4.86893E+16
27249,27250,8,1,11,0,2016,4,15,3,3,2,6,0,1,0,1,0,0,0,0,5.11799E+20,5.4066E+21,9.16071E+15,4.88123E+16
27250,27251,8,2,15,94,2016,4,20,3,3,9,7,2,1,0,1,0,0,0,0,4.87958E+20,5.44006E+21,8.83499E+15,4.91132E+16
27251,27252,8,1,19,86,2016,4,9,2,3,5,3,0,0,0,1,0,0,0,0,5.3392E+20,5.40287E+21,9.46171E+15,4.87779E+16
27252,27253,8,4,17,8,2016,3,11,3,3,1,2,0,0,0,1,0,0,0,0,4.93802E+20,5.35102E+21,8.9164E+15,4.83123E+16
27253,27254,8,1,28,139,2016,4,17,5,3,2,6,0,0,0,1,0,1,0,0,5.53298E+20,5.48783E+21,9.7367E+15,4.95408E+16
27254,27255,8,3,17,98,2016,4,15,1,2,9,1,0,0,0,0,0,1,0,0,4.40536E+20,5.37509E+21,8.19462E+15,4.85261E+16
27255,27256,8,2,12,0,2016,4,8,4,3,0,3,0,1,1,1,0,0,0,0,4.59619E+20,5.42797E+21,8.44787E+15,4.90033E+16
27256,27257,8,4,15,50,2016,4,14,7,3,8,7,0,0,0,1,0,0,0,0,5.2132E+20,5.37535E+21,9.28878E+15,4.85309E+16
27257,27258,8,1,15,45,2016,4,8,4,3,2,6,0,0,0,1,0,0,0,0,5.04095E+20,5.39731E+21,9.05568E+15,4.87288E+16
27258,27259,8,1,25,86,2016,4,14,1,2,8,1,0,0,0,0,0,1,0,0,4.99638E+20,5.43858E+21,8.99504E+15,4.91E+16
27259,27260,8,3,27,50,2016,4,15,4,3,1,6,0,0,0,1,0,0,0,0,4.8722E+20,5.31616E+21,8.82868E+15,4.79986E+16
27260,27261,8,4,26,38,2016,4,11,3,3,5,3,0,0,0,1,0,0,0,1,5.60744E+20,5.31271E+21,9.81376E+15,4.79648E+16
27261,27262,8,1,25,110,2016,4,18,7,3,6,4,0,0,0,1,1,0,0,0,5.25985E+20,5.44261E+21,9.35624E+15,4.91358E+16
27262,27263,8,1,36,65,2016,3,7,3,3,2,6,0,0,0,1,0,0,0,0,5.58082E+20,5.40267E+21,9.79053E+15,4.87744E+16
27263,27264,8,2,36,50,2016,4,6,6,3,5,3,2,1,0,1,0,1,0,0,4.87018E+20,5.42267E+21,8.82267E+15,4.89568E+16
27264,27265,8,3,37,2,2016,4,7,2,3,3,6,0,0,0,0,0,0,1,1,4.35455E+20,5.27169E+21,8.14142E+15,4.75954E+16
27265,27266,8,2,16,7,2016,4,18,2,3,1,6,0,1,0,1,0,0,0,0,4.36131E+20,5.39336E+21,8.13216E+15,4.869E+16
27266,27267,8,4,36,55,2016,4,11,1,3,4,2,0,0,0,1,0,1,0,0,5.78577E+20,5.29172E+21,1.00488E+16,4.77741E+16
27267,27268,8,2,15,46,2016,4,20,1,3,2,6,2,0,0,1,0,0,0,0,4.51921E+20,5.41697E+21,8.34393E+15,4.89038E+16
27268,27269,8,1,16,33,2016,3,12,5,3,2,2,0,0,0,1,0,1,0,0,5.3641E+20,5.38718E+21,9.49422E+15,4.86366E+16
27269,27270,8,1,16,19,2016,4,14,5,3,2,6,0,0,0,1,0,0,0,0,5.19621E+20,5.39911E+21,9.2669E+15,4.87447E+16
27270,27271,8,3,26,52,2016,3,14,4,3,5,3,0,0,0,1,0,0,0,0,4.52459E+20,5.33108E+21,8.36106E+15,4.81312E+16
27271,27272,8,2,15,97,2016,4,17,7,2,4,1,0,0,0,0,0,1,0,0,4.81576E+20,5.44183E+21,8.74745E+15,4.9129E+16
27272,27273,8,1,11,0,2016,3,11,4,3,9,1,0,1,0,1,0,0,0,0,5.12223E+20,5.39422E+21,9.16612E+15,4.87009E+16
27273,27274,8,1,16,19,2016,4,16,4,3,1,6,0,0,0,1,0,0,0,0,5.23476E+20,5.3972E+21,9.31923E+15,4.87273E+16
27274,27275,8,1,16,37,2016,4,14,1,2,8,1,0,0,0,0,0,1,0,0,5.34862E+20,5.40214E+21,9.47446E+15,4.87713E+16
27275,27276,8,2,25,52,2016,4,15,7,2,0,1,0,0,0,0,0,1,0,0,5.09253E+20,5.47961E+21,9.12771E+15,4.9469E+16
27276,27277,8,3,25,14,2016,4,20,3,3,8,1,2,1,0,1,0,0,0,0,4.62336E+20,5.34272E+21,8.49277E+15,4.82365E+16
27277,27278,8,1,17,26,2016,3,16,5,3,1,6,0,0,1,1,0,0,0,0,5.45393E+20,5.39528E+21,9.61703E+15,4.87089E+16
27278,27279,8,1,18,48,2016,4,7,5,3,3,6,0,1,0,1,0,0,0,0,5.1478E+20,5.41836E+21,9.20174E+15,4.8918E+16
27279,27280,8,2,22,0,2016,4,15,4,3,6,4,0,0,0,0,1,0,0,1,4.61872E+20,5.48131E+21,8.47361E+15,4.94832E+16
27280,27281,8,4,17,54,2016,3,19,4,3,9,1,1,0,0,1,0,0,0,0,4.78399E+20,5.3465E+21,8.70889E+15,4.82714E+16
27281,27282,8,3,17,47,2016,4,22,7,3,5,3,2,0,0,1,0,0,0,1,4.20726E+20,5.36575E+21,7.92813E+15,4.84399E+16
27282,27283,8,2,16,7,2016,3,17,4,3,4,2,0,0,0,1,0,0,0,1,4.36858E+20,5.395E+21,8.14178E+15,4.87048E+16
27283,27284,8,1,25,24,2016,4,13,4,3,2,6,0,0,0,1,0,0,1,0,5.21865E+20,5.44419E+21,9.29984E+15,4.91501E+16
27284,27285,8,1,19,44,2016,4,13,1,2,2,6,0,0,0,0,0,1,0,0,5.44672E+20,5.42126E+21,9.61005E+15,4.89426E+16
27285,27286,8,3,16,43,2016,4,22,3,3,2,6,2,1,0,1,0,0,0,0,4.09242E+20,5.33141E+21,7.78027E+15,4.81295E+16
27286,27287,8,1,19,20,2016,4,15,7,3,8,1,0,0,0,1,0,0,0,0,5.21387E+20,5.40577E+21,9.29126E+15,4.88045E+16
27287,27288,8,1,36,20,2016,3,14,3,2,4,6,0,0,0,1,0,0,0,0,5.60811E+20,5.41794E+21,9.82994E+15,4.89114E+16
27288,27289,8,1,11,0,2016,4,13,7,3,5,3,0,0,0,1,0,0,0,0,5.11333E+20,5.40637E+21,9.15436E+15,4.88102E+16
27289,27290,8,2,15,9,2016,4,15,6,3,5,3,0,0,1,1,0,0,0,0,4.73765E+20,5.43697E+21,8.6407E+15,4.9085E+16
27290,27291,8,2,15,39,2016,4,15,2,1,4,6,0,0,0,1,0,0,1,0,4.7292E+20,5.45138E+21,8.62816E+15,4.92146E+16
27291,27292,8,1,27,14,2016,4,10,2,2,8,1,0,0,0,0,0,0,1,0,5.70934E+20,5.44479E+21,9.97277E+15,4.91519E+16
27292,27293,8,1,17,24,2016,4,8,6,2,9,1,0,1,0,1,0,0,0,0,5.62109E+20,5.38814E+21,9.84314E+15,4.86432E+16
27293,27294,8,3,25,53,2016,3,12,5,3,8,7,0,0,0,0,0,1,0,0,4.55882E+20,5.33892E+21,8.40625E+15,4.82019E+16
27294,27295,8,4,26,70,2016,4,16,1,3,6,3,0,0,0,1,1,0,0,0,5.63167E+20,5.34203E+21,9.85055E+15,4.82283E+16
27295,27296,8,1,35,25,2016,4,8,5,3,2,1,0,0,0,1,0,0,0,0,5.81994E+20,5.39922E+21,1.01152E+16,4.87406E+16
27296,27297,8,2,12,0,2016,3,20,5,3,0,7,1,0,0,0,0,1,0,0,4.55672E+20,5.42758E+21,8.39395E+15,4.89995E+16
27297,27298,8,2,35,85,2016,4,8,1,2,8,1,0,0,0,1,0,0,0,0,4.81588E+20,5.39561E+21,8.7497E+15,4.87133E+16
27298,27299,8,4,36,96,2016,3,17,4,2,4,6,0,0,0,1,0,0,0,0,5.45421E+20,5.29949E+21,9.6071E+15,4.78471E+16
27299,27300,8,4,35,67,2016,4,18,4,3,2,2,0,0,0,1,0,0,0,0,5.32282E+20,5.2933E+21,9.43103E+15,4.77922E+16
27300,27301,8,2,26,68,2016,3,1,4,2,8,1,2,0,0,0,0,0,1,1,4.70416E+20,5.46083E+21,8.59309E+15,4.92995E+16
27301,27302,8,1,19,89,2016,3,17,4,3,5,3,0,0,0,1,0,0,0,0,5.34435E+20,5.41217E+21,9.4695E+15,4.88615E+16
27302,27303,8,1,11,0,2016,4,18,4,3,2,6,2,0,0,1,0,0,0,0,5.11614E+20,5.40026E+21,9.15801E+15,4.87552E+16
27303,27304,8,2,16,17,2016,4,14,7,3,0,1,0,0,0,0,0,1,0,0,4.49832E+20,5.40052E+21,8.31744E+15,4.87557E+16
27304,27305,8,3,36,100,2016,4,17,3,3,8,1,0,1,0,1,0,0,0,0,4.0087E+20,5.27767E+21,7.68012E+15,4.76448E+16
27305,27306,8,1,35,10,2016,3,7,3,2,2,6,0,0,0,1,0,0,1,0,5.98435E+20,5.39566E+21,1.0338E+16,4.87062E+16
27306,27307,8,4,15,34,2016,4,13,6,2,0,7,0,0,0,0,0,1,0,0,5.32092E+20,5.35231E+21,9.43292E+15,4.83232E+16
27307,27308,8,4,16,15,2016,3,13,3,3,5,3,0,0,0,1,0,0,0,0,5.06522E+20,5.3666E+21,9.0882E+15,4.84525E+16
27308,27309,8,1,28,64,2016,3,12,3,3,8,1,0,0,1,0,0,0,0,0,5.409E+20,5.501E+21,9.56671E+15,4.96602E+16
27309,27310,8,4,37,86,2016,4,14,6,2,5,2,0,0,0,1,0,0,1,0,5.30224E+20,5.31053E+21,9.40476E+15,4.79474E+16
27310,27311,8,1,17,31,2016,4,12,6,3,2,6,0,0,0,1,0,0,0,0,5.49732E+20,5.37564E+21,9.67365E+15,4.85319E+16
27311,27312,8,4,15,61,2016,3,12,3,3,2,5,0,0,0,1,0,0,0,1,5.15063E+20,5.37304E+21,9.20395E+15,4.85103E+16
27312,27313,8,1,25,96,2016,4,7,6,3,2,2,0,1,0,1,0,1,0,0,5.14729E+20,5.45072E+21,9.20222E+15,4.92091E+16
27313,27314,8,2,15,9,2016,3,7,5,3,9,7,0,0,0,1,0,0,1,0,4.65768E+20,5.43761E+21,8.53113E+15,4.90904E+16
27314,27315,8,3,36,84,2016,4,10,1,3,5,2,0,0,1,1,0,0,0,0,4.05475E+20,5.27752E+21,7.74145E+15,4.76442E+16
27315,27316,8,1,17,28,2016,3,11,5,2,9,7,0,0,0,1,0,0,0,0,5.47315E+20,5.38338E+21,9.64179E+15,4.86017E+16
27316,27317,8,2,25,74,2016,4,17,1,3,8,7,0,0,0,0,0,1,0,0,5.07042E+20,5.46519E+21,9.09694E+15,4.93394E+16
27317,27318,8,4,25,72,2016,4,4,4,3,5,3,2,1,0,1,0,0,1,0,5.79733E+20,5.37181E+21,1.00792E+16,4.84943E+16
27318,27319,8,1,18,51,2016,3,17,3,3,2,6,0,0,0,1,0,0,0,0,5.10549E+20,5.41478E+21,9.1439E+15,4.88859E+16
27319,27320,8,2,35,84,2016,3,19,4,2,8,1,0,1,0,1,0,0,0,0,4.78207E+20,5.39294E+21,8.70389E+15,4.86891E+16
27320,27321,8,1,28,131,2016,3,14,3,2,6,2,0,0,0,1,1,0,0,0,5.35852E+20,5.51451E+21,9.49801E+15,4.9782E+16
27321,27322,8,1,18,50,2016,4,19,7,2,9,1,1,0,0,0,0,1,0,0,5.07326E+20,5.41593E+21,9.09995E+15,4.88963E+16
27322,27323,8,1,16,80,2016,4,17,3,3,2,6,0,1,0,1,0,0,0,0,5.17586E+20,5.39556E+21,9.23907E+15,4.87128E+16
27323,27324,8,2,26,65,2016,4,7,3,3,2,6,0,0,0,1,0,0,0,0,4.7841E+20,5.45808E+21,8.70318E+15,4.92751E+16
27324,27325,8,1,25,65,2016,4,21,2,2,6,4,2,0,0,1,1,0,0,0,5.16954E+20,5.44958E+21,9.23273E+15,4.91988E+16
27325,27326,8,3,27,46,2016,4,19,6,3,2,2,0,0,0,1,0,0,0,0,4.80477E+20,5.32478E+21,8.7379E+15,4.8076E+16
27326,27327,8,4,15,53,2016,3,10,3,2,4,6,0,0,0,1,0,0,1,0,5.35876E+20,5.36237E+21,9.48483E+15,4.84134E+16
27327,27328,8,3,36,91,2016,3,22,5,3,5,5,2,0,0,1,0,1,0,0,3.95437E+20,5.27196E+21,7.60918E+15,4.75926E+16
27328,27329,8,2,12,0,2016,3,19,5,3,2,2,2,1,1,1,0,0,0,0,4.51422E+20,5.43166E+21,8.33537E+15,4.90359E+16
27329,27330,8,3,17,31,2016,4,15,1,3,6,4,0,0,0,1,1,0,0,0,4.16644E+20,5.35837E+21,7.87441E+15,4.8373E+16
27330,27331,8,2,15,90,2016,4,18,4,2,2,6,0,0,0,1,0,0,0,0,4.6348E+20,5.43405E+21,8.50012E+15,4.90583E+16
27331,27332,8,4,36,64,2016,4,9,7,3,0,1,0,0,0,0,0,0,1,0,5.46639E+20,5.29155E+21,9.62254E+15,4.77756E+16
27332,27333,8,2,12,0,2016,4,11,4,3,2,6,0,0,0,1,0,0,0,0,4.53227E+20,5.43117E+21,8.36011E+15,4.90316E+16
27333,27334,8,1,21,0,2016,3,14,5,3,0,6,0,0,0,1,0,0,0,0,5.1064E+20,5.44003E+21,9.1458E+15,4.9113E+16
27334,27335,8,1,36,82,2016,4,18,1,3,0,6,0,0,0,1,0,0,0,0,5.85159E+20,5.41699E+21,1.0162E+16,4.89E+16
27335,27336,8,3,36,50,2016,4,14,4,3,2,6,0,0,1,1,0,0,0,0,4.0358E+20,5.27713E+21,7.71632E+15,4.76403E+16
27336,27337,8,4,35,59,2016,4,17,3,3,2,6,0,0,0,1,0,1,0,0,5.15517E+20,5.28867E+21,9.20702E+15,4.77512E+16
27337,27338,8,1,19,84,2016,4,16,7,2,8,1,0,0,0,0,0,1,0,0,5.47591E+20,5.41713E+21,9.64943E+15,4.89053E+16
27338,27339,8,1,11,0,2016,4,0,6,3,5,7,2,0,0,1,0,0,0,1,5.1602E+20,5.40378E+21,9.21809E+15,4.87869E+16
27339,27340,8,2,31,0,2016,3,13,5,3,2,6,0,0,0,1,0,0,0,0,4.79363E+20,5.41811E+21,8.71833E+15,4.89155E+16
27340,27341,8,3,26,74,2016,4,16,1,3,5,3,0,0,0,1,0,0,0,0,4.5959E+20,5.32455E+21,8.45751E+15,4.80729E+16
27341,27342,8,1,25,46,2016,3,18,5,2,5,3,0,0,1,1,0,0,0,0,5.21173E+20,5.43419E+21,9.28982E+15,4.90602E+16
27342,27343,8,1,11,0,2016,4,15,1,3,2,6,0,0,0,1,0,0,0,0,5.09792E+20,5.39517E+21,9.13311E+15,4.87094E+16
27343,27344,8,3,11,0,2016,4,0,4,3,2,6,2,0,0,1,0,1,0,0,4.03291E+20,5.31297E+21,7.70447E+15,4.79627E+16
27344,27345,8,1,28,131,2016,4,14,7,3,5,3,0,0,0,1,0,1,0,0,5.37319E+20,5.51217E+21,9.51816E+15,4.97608E+16
27345,27346,8,1,28,47,2016,3,21,3,2,9,1,2,0,0,1,0,0,0,0,5.53488E+20,5.49664E+21,9.74052E+15,4.962E+16
27346,27347,8,4,36,8,2016,4,18,2,3,5,3,0,0,0,1,0,0,0,0,5.48303E+20,5.31015E+21,9.64682E+15,4.79428E+16
27347,27348,8,1,18,19,2016,4,23,3,3,2,6,2,1,0,1,0,0,0,0,5.02283E+20,5.40497E+21,9.03108E+15,4.87978E+16
27348,27349,8,1,18,81,2016,4,17,2,3,4,2,0,0,0,1,0,0,0,0,5.17657E+20,5.41247E+21,9.24075E+15,4.8865E+16
27349,27350,8,1,19,41,2016,3,11,5,3,4,6,0,0,0,0,0,0,1,1,5.26136E+20,5.41148E+21,9.3563E+15,4.88557E+16
27350,27351,8,1,25,74,2016,4,7,5,3,5,3,0,1,0,1,0,0,1,0,5.09036E+20,5.43937E+21,9.1238E+15,4.91071E+16
27351,27352,8,2,35,85,2016,4,12,4,3,5,3,0,0,0,1,0,0,0,0,4.80443E+20,5.39565E+21,8.73413E+15,4.87136E+16
27352,27353,8,4,15,73,2016,4,11,7,3,4,6,0,0,0,1,0,0,0,0,5.16251E+20,5.34822E+21,9.21907E+15,4.8287E+16
27353,27354,8,2,36,40,2016,3,1,4,3,8,1,2,0,0,1,0,0,0,0,4.92223E+20,5.42204E+21,8.89378E+15,4.89512E+16
27354,27355,8,1,36,43,2016,4,9,4,3,2,6,0,0,0,1,0,0,0,0,5.72163E+20,5.40816E+21,9.98311E+15,4.88222E+16
27355,27356,8,1,21,0,2016,4,12,1,3,5,3,0,0,0,1,0,0,0,0,5.14549E+20,5.44443E+21,9.19953E+15,4.91525E+16
27356,27357,8,3,17,110,2016,4,13,4,3,2,6,0,0,0,1,0,0,0,1,4.29932E+20,5.3811E+21,8.05001E+15,4.85791E+16
27357,27358,8,4,16,41,2016,4,12,3,1,4,6,0,0,0,1,0,0,0,0,4.99684E+20,5.3745E+21,8.99572E+15,4.85236E+16
27358,27359,8,1,25,8,2016,4,11,7,3,5,3,0,0,0,1,0,1,0,0,5.23136E+20,5.43169E+21,9.31655E+15,4.90376E+16
27359,27360,8,1,27,76,2016,3,12,3,3,6,4,0,0,0,1,1,0,0,0,5.50607E+20,5.43719E+21,9.69309E+15,4.90855E+16
27360,27361,8,2,22,0,2016,4,9,6,3,0,1,0,1,0,0,0,1,0,0,4.63257E+20,5.47847E+21,8.49299E+15,4.94578E+16
27361,27362,8,3,35,75,2016,4,12,2,3,2,2,0,0,0,1,0,0,0,0,4.90886E+20,5.28983E+21,8.87838E+15,4.77617E+16
27362,27363,8,1,35,15,2016,4,18,2,3,2,6,0,0,0,1,0,0,1,0,5.83442E+20,5.38269E+21,1.01316E+16,4.85917E+16
27363,27364,8,4,35,35,2016,4,12,1,3,0,7,0,0,0,0,0,1,0,0,5.45099E+20,5.2842E+21,9.60122E+15,4.77096E+16
27364,27365,8,1,27,46,2016,3,16,3,2,1,5,0,0,0,1,0,0,0,1,5.72247E+20,5.45109E+21,9.99191E+15,4.92083E+16
27365,27366,8,2,35,85,2016,4,18,6,3,5,3,0,0,0,1,0,1,0,0,4.79755E+20,5.3959E+21,8.72477E+15,4.87158E+16
27366,27367,8,4,21,0,2016,4,13,2,3,3,6,0,0,0,1,0,0,1,0,5.719E+20,5.363E+21,9.97171E+15,4.84161E+16
27367,27368,8,1,27,14,2016,4,16,3,3,2,6,0,0,0,1,0,1,0,0,5.77946E+20,5.44357E+21,1.00687E+16,4.914E+16
27368,27369,8,2,25,52,2016,4,6,2,2,9,1,0,0,0,1,0,0,0,0,5.14173E+20,5.47753E+21,9.19553E+15,4.94503E+16
27369,27370,8,1,11,0,2016,4,8,2,3,2,6,0,0,0,1,0,0,0,0,5.16489E+20,5.40463E+21,9.22452E+15,4.87944E+16
27370,27371,8,1,16,19,2016,3,14,5,3,2,6,0,0,0,1,0,0,0,0,5.24701E+20,5.3977E+21,9.33591E+15,4.87319E+16
27371,27372,8,1,18,15,2016,4,6,5,2,0,3,1,1,0,1,0,0,0,0,5.07435E+20,5.42895E+21,9.10168E+15,4.90134E+16
27372,27373,8,2,16,15,2016,4,12,4,3,5,3,0,0,1,1,0,0,0,0,4.49339E+20,5.41074E+21,8.30947E+15,4.88476E+16
27373,27374,8,4,15,61,2016,3,15,4,3,0,7,0,1,0,0,0,0,0,1,5.12948E+20,5.37178E+21,9.17527E+15,4.8499E+16
27374,27375,8,3,11,0,2016,4,18,7,3,0,7,0,0,0,1,0,0,0,1,4.14074E+20,5.3159E+21,7.84831E+15,4.79906E+16
27375,27376,8,2,16,49,2016,3,16,4,3,5,2,0,1,0,1,0,0,0,0,4.39561E+20,5.40315E+21,8.17733E+15,4.87784E+16
27376,27377,8,1,18,49,2016,4,19,4,3,5,3,0,0,0,1,0,1,0,0,5.18405E+20,5.42169E+21,9.25136E+15,4.89479E+16
27377,27378,8,1,18,7,2016,4,13,1,3,5,3,0,0,0,1,0,0,0,0,5.11138E+20,5.42718E+21,9.15226E+15,4.89974E+16
27378,27379,8,2,36,46,2016,4,11,7,3,2,2,0,0,0,1,0,0,0,0,4.86652E+20,5.41611E+21,8.81789E+15,4.88977E+16
27379,27380,8,3,35,79,2016,4,7,3,3,5,3,0,0,0,1,0,0,0,0,4.98763E+20,5.29802E+21,8.98346E+15,4.78356E+16
27380,27381,8,1,18,81,2016,4,14,7,3,5,2,0,0,0,1,0,1,0,0,5.20242E+20,5.41514E+21,9.27614E+15,4.88889E+16
27381,27382,8,1,21,0,2016,3,20,3,1,4,6,2,0,0,1,0,0,0,0,5.17214E+20,5.43965E+21,9.23587E+15,4.91094E+16
27382,27383,8,4,37,100,2016,4,16,6,3,5,3,0,0,0,1,0,0,0,0,5.40042E+20,5.31795E+21,9.53693E+15,4.80136E+16
27383,27384,8,2,15,17,2016,4,19,6,2,8,1,0,0,0,0,0,1,0,0,4.5664E+20,5.41722E+21,8.40829E+15,4.89064E+16
27384,27385,8,2,12,0,2016,4,6,2,2,5,3,1,0,0,1,0,1,0,0,4.54793E+20,5.42826E+21,8.38187E+15,4.90055E+16
27385,27386,8,4,15,50,2016,3,7,3,3,8,1,0,1,0,1,0,0,0,0,5.18356E+20,5.37588E+21,9.24866E+15,4.85357E+16
27386,27387,8,1,16,35,2016,4,23,6,2,3,6,2,0,0,1,0,0,0,0,5.24685E+20,5.39194E+21,9.33535E+15,4.868E+16
27387,27388,8,3,15,48,2016,3,5,5,2,0,7,2,1,0,0,0,1,0,0,3.98131E+20,5.31238E+21,7.63551E+15,4.79567E+16
27388,27389,8,4,15,61,2016,4,20,1,3,8,1,2,0,0,1,0,0,0,0,5.15128E+20,5.37097E+21,9.20475E+15,4.84917E+16
27389,27390,8,2,16,7,2016,3,17,5,3,5,3,0,0,0,1,0,0,0,0,4.34867E+20,5.39624E+21,8.11452E+15,4.87158E+16
27390,27391,8,2,26,95,2016,4,14,1,2,4,3,0,0,0,1,0,0,0,1,4.74481E+20,5.46048E+21,8.64901E+15,4.92965E+16
27391,27392,8,4,36,64,2016,3,10,4,3,5,2,0,0,0,1,0,0,0,0,5.46057E+20,5.29348E+21,9.61496E+15,4.7793E+16
27392,27393,8,4,35,57,2016,4,22,4,3,9,1,2,0,0,1,0,0,0,0,5.47855E+20,5.27637E+21,9.63709E+15,4.7639E+16
27393,27394,8,1,17,51,2016,3,17,3,3,5,3,0,0,1,1,0,0,0,0,5.44917E+20,5.39518E+21,9.61055E+15,4.87081E+16
27394,27395,8,2,35,7,2016,3,15,4,3,0,3,0,1,1,1,0,0,0,0,4.83879E+20,5.39826E+21,8.78075E+15,4.87372E+16
27395,27396,8,1,19,8,2016,3,5,4,3,5,2,0,0,0,1,0,0,0,0,5.32806E+20,5.41979E+21,9.44789E+15,4.89302E+16
27396,27397,8,4,36,12,2016,4,14,3,2,8,6,0,0,0,1,0,1,0,0,5.48013E+20,5.30118E+21,9.64194E+15,4.78621E+16
27397,27398,8,4,26,62,2016,4,14,6,3,2,6,0,1,0,1,0,0,0,0,5.55482E+20,5.31947E+21,9.74415E+15,4.80261E+16
27398,27399,8,2,36,75,2016,4,7,3,3,8,1,0,1,0,0,0,1,0,0,4.8003E+20,5.42226E+21,8.72723E+15,4.89529E+16
27399,27400,8,3,27,50,2016,4,12,6,3,2,2,0,1,0,1,0,0,0,1,4.88854E+20,5.31657E+21,8.85057E+15,4.80023E+16
27400,27401,8,4,36,69,2016,4,19,6,3,5,3,0,1,1,1,0,0,0,0,5.52298E+20,5.29402E+21,9.69836E+15,4.77974E+16
27401,27402,8,4,36,82,2016,4,21,2,2,0,7,2,0,1,0,0,0,0,0,5.4769E+20,5.2949E+21,9.63693E+15,4.78057E+16
27402,27403,8,3,36,105,2016,4,7,6,2,5,3,0,1,1,1,0,0,0,0,4.01595E+20,5.2673E+21,7.6921E+15,4.75517E+16
27403,27404,8,1,36,82,2016,4,13,2,3,2,6,0,0,0,0,0,0,1,0,5.87486E+20,5.42068E+21,1.01945E+16,4.89328E+16
27404,27405,8,2,22,0,2016,4,14,6,3,1,6,0,0,0,1,0,0,0,1,4.61461E+20,5.48416E+21,8.46766E+15,4.95088E+16
27405,27406,8,1,18,48,2016,4,15,6,3,5,7,0,0,1,1,0,0,0,0,5.12332E+20,5.41526E+21,9.16823E+15,4.88902E+16
27406,27407,8,1,17,24,2016,4,5,2,3,8,1,2,0,0,1,0,0,0,0,5.59524E+20,5.38441E+21,9.80753E+15,4.86099E+16
27407,27408,8,2,26,31,2016,4,15,5,3,3,6,0,0,0,1,0,0,1,0,4.73475E+20,5.49294E+21,8.63301E+15,4.95885E+16
27408,27409,8,3,36,14,2016,4,15,4,3,5,3,0,0,0,1,0,0,0,0,3.89443E+20,5.28159E+21,7.52703E+15,4.76783E+16
27409,27410,8,2,15,96,2016,4,11,6,3,0,7,0,0,0,1,0,0,0,0,4.6589E+20,5.42131E+21,8.53417E+15,4.89437E+16
27410,27411,8,3,15,130,2016,4,12,1,2,0,1,0,0,0,0,0,1,0,0,4.13866E+20,5.30275E+21,7.84815E+15,4.78723E+16
27411,27412,8,1,18,3,2016,4,18,6,2,5,3,0,0,1,1,0,0,0,0,5.09892E+20,5.41722E+21,9.13499E+15,4.89078E+16
27412,27413,8,1,25,46,2016,4,15,1,3,9,1,0,0,0,0,0,1,0,0,5.17476E+20,5.43516E+21,9.23926E+15,4.90691E+16
27413,27414,8,3,17,5,2016,4,17,7,3,8,6,0,0,0,1,0,0,0,0,4.23784E+20,5.38098E+21,7.96669E+15,4.85773E+16
27414,27415,8,3,36,105,2016,4,7,3,3,0,7,0,0,1,0,0,0,0,0,3.99387E+20,5.26742E+21,7.66273E+15,4.75524E+16
27415,27416,8,1,16,33,2016,4,13,7,3,2,1,0,0,0,1,0,0,0,0,5.38449E+20,5.38636E+21,9.52182E+15,4.86291E+16