FID,OBJECTID,ULAND,UREGBEZ,UKREIS,UGEMEINDE,UJAHR,UMONAT,USTUNDE,UWOCHENTAG,UKATEGORIE,UART,UTYP1,ULICHTVERH,IstStrasse,IstRad,IstPKW,IstFuss,IstKrad,IstGkfz,IstSonstig,LINREFX,LINREFY,XGCSWGS84,YGCSWGS84
27416,27417,8,2,15,21,2016,4,17,3,3,1,6,0,0,0,1,0,0,0,0,4.69224E+20,5.44345E+21,8.57802E+15,4.91431E+16
27417,27418,8,3,15,22,2016,4,18,6,3,2,6,0,0,0,1,0,0,0,0,3.98929E+20,5.30266E+21,7.64847E+15,4.78693E+16
27418,27419,8,4,16,25,2016,4,0,2,2,2,6,2,0,0,1,0,1,0,0,5.02841E+20,5.36182E+21,9.03839E+15,4.84095E+16
27419,27420,8,2,15,90,2016,4,15,5,2,2,6,0,0,0,0,0,0,1,0,4.63492E+20,5.43407E+21,8.50028E+15,4.90584E+16
27420,27421,8,1,11,0,2016,4,16,5,3,6,2,0,0,0,1,1,0,0,0,5.12613E+20,5.4016E+21,9.17165E+15,4.87673E+16
27421,27422,8,4,36,49,2016,4,14,1,2,5,2,0,0,0,1,0,1,0,0,5.78119E+20,5.28136E+21,1.00408E+16,4.76809E+16
27422,27423,8,2,21,0,2016,4,12,4,3,2,6,0,1,0,1,0,0,0,1,4.83138E+20,5.47354E+21,8.76753E+15,4.94143E+16
27423,27424,8,1,18,80,2016,4,9,5,3,2,6,0,0,0,1,0,0,0,0,5.08562E+20,5.41039E+21,9.11671E+15,4.88464E+16
27424,27425,8,1,15,41,2016,4,13,4,3,2,6,0,1,0,1,0,0,1,0,4.94987E+20,5.40071E+21,8.93179E+15,4.87594E+16
27425,27426,8,1,26,47,2016,4,16,6,3,3,6,0,0,0,1,0,0,0,0,5.50431E+20,5.44987E+21,9.69226E+15,4.91996E+16
27426,27427,8,2,35,85,2016,4,12,1,3,2,6,0,0,1,1,0,1,0,0,4.80429E+20,5.39758E+21,8.73385E+15,4.87309E+16
27427,27428,8,1,16,41,2016,4,18,2,3,1,6,0,0,0,1,0,0,0,0,5.18771E+20,5.38415E+21,9.25465E+15,4.86101E+16
27428,27429,8,2,26,96,2016,4,6,4,3,2,6,1,0,0,1,0,0,0,0,4.7339E+20,5.49039E+21,8.63201E+15,4.95655E+16
27429,27430,8,2,35,32,2016,4,17,5,3,3,2,0,0,0,1,0,1,0,0,4.73835E+20,5.37403E+21,8.64568E+15,4.85188E+16
27430,27431,8,3,16,37,2016,4,16,4,3,2,6,0,1,0,1,0,0,0,0,4.0504E+20,5.33598E+21,7.72279E+15,4.817E+16
27431,27432,8,2,16,43,2016,4,16,6,2,6,1,0,0,0,1,1,0,0,0,4.41684E+20,5.41168E+21,8.205E+15,4.88554E+16
27432,27433,8,2,26,10,2016,4,19,1,2,2,6,1,0,0,1,0,0,0,0,4.84379E+20,5.45722E+21,8.78528E+15,4.92676E+16
27433,27434,8,1,11,0,2016,4,17,6,3,2,6,0,0,0,1,0,0,0,0,5.08199E+20,5.39521E+21,9.11145E+15,4.87098E+16
27434,27435,8,1,16,78,2016,4,11,1,2,8,1,0,0,0,0,0,1,0,0,5.09518E+20,5.39211E+21,9.1293E+15,4.8682E+16
27435,27436,8,2,31,0,2016,4,17,7,3,9,1,0,0,0,1,0,0,0,0,4.81993E+20,5.41806E+21,8.75423E+15,4.89152E+16
27436,27437,8,3,26,41,2016,4,7,3,2,8,1,0,1,0,1,0,0,0,0,4.65952E+20,5.3313E+21,8.54238E+15,4.8134E+16
27437,27438,8,1,36,27,2016,4,9,7,3,2,6,0,0,0,1,0,0,0,0,5.54444E+20,5.4204E+21,9.74338E+15,4.89342E+16
27438,27439,8,4,25,31,2016,4,15,3,3,2,6,0,0,0,1,0,0,0,0,5.64053E+20,5.37036E+21,9.8668E+15,4.84831E+16
27439,27440,8,3,35,43,2016,4,9,2,3,2,6,0,0,0,1,0,0,0,0,5.09707E+20,5.28122E+21,9.12934E+15,4.76843E+16
27440,27441,8,4,26,62,2016,4,16,1,3,8,1,0,0,0,1,0,0,0,0,5.54686E+20,5.31445E+21,9.73284E+15,4.7981E+16
27441,27442,8,4,35,16,2016,4,20,4,2,4,2,2,0,0,1,0,1,0,0,5.36875E+20,5.27828E+21,9.49108E+15,4.76569E+16
27442,27443,8,2,36,33,2016,4,19,1,2,5,3,0,0,0,1,0,1,0,0,4.82291E+20,5.43034E+21,8.75776E+15,4.90257E+16
27443,27444,8,2,22,0,2016,4,17,4,3,2,6,0,0,0,1,0,0,0,0,4.62767E+20,5.48265E+21,8.48583E+15,4.94953E+16
27444,27445,8,1,26,66,2016,4,19,5,3,0,3,0,0,0,0,0,1,0,1,5.36168E+20,5.45E+21,9.49649E+15,4.92017E+16
27445,27446,8,1,11,0,2016,4,13,4,2,8,1,0,1,0,0,0,0,0,1,5.09948E+20,5.40995E+21,9.13558E+15,4.88425E+16
27446,27447,8,1,19,8,2016,4,11,6,3,6,4,0,0,0,1,1,0,0,0,5.34795E+20,5.42281E+21,9.47531E+15,4.89572E+16
27447,27448,8,1,19,67,2016,4,20,7,3,4,2,2,1,0,1,0,0,0,0,5.39043E+20,5.40635E+21,9.53176E+15,4.88089E+16
27448,27449,8,1,18,79,2016,4,15,3,3,5,2,0,0,0,1,0,0,0,0,5.08028E+20,5.42154E+21,9.10965E+15,4.89467E+16
27449,27450,8,1,17,3,2016,4,21,6,3,3,2,2,0,0,1,0,1,0,0,5.41676E+20,5.39343E+21,9.56632E+15,4.86925E+16
27450,27451,8,3,35,75,2016,4,20,6,3,2,6,2,1,0,1,0,0,0,0,4.92976E+20,5.28943E+21,8.90627E+15,4.77582E+16
27451,27452,8,2,22,0,2016,4,18,2,3,1,6,0,0,0,1,0,1,0,0,4.65692E+20,5.47582E+21,8.52682E+15,4.94341E+16
27452,27453,8,2,31,0,2016,4,16,6,3,4,6,0,0,0,1,0,0,0,0,4.79505E+20,5.41759E+21,8.72029E+15,4.89109E+16
27453,27454,8,1,16,33,2016,4,19,6,3,8,1,1,0,1,0,0,0,0,0,5.35294E+20,5.38965E+21,9.47928E+15,4.86589E+16
27454,27455,8,1,26,28,2016,4,14,3,3,5,3,0,0,1,1,0,0,0,0,5.34473E+20,5.45864E+21,9.47397E+15,4.92796E+16
27455,27456,8,1,11,0,2016,4,20,1,3,8,1,2,0,0,1,0,0,0,0,5.11578E+20,5.40673E+21,9.1577E+15,4.88135E+16
27456,27457,8,2,26,32,2016,4,13,3,3,3,6,0,0,0,1,0,0,1,0,4.65226E+20,5.46435E+21,8.52139E+15,4.93309E+16
27457,27458,8,1,17,26,2016,4,11,6,3,5,3,0,0,0,1,0,1,0,0,5.45302E+20,5.39549E+21,9.61581E+15,4.87108E+16
27458,27459,8,2,36,4,2016,4,15,2,2,3,6,0,0,0,1,0,0,0,0,4.72546E+20,5.41148E+21,8.62573E+15,4.88557E+16
27459,27460,8,1,16,54,2016,4,6,6,3,4,2,1,0,0,1,0,1,0,0,5.33274E+20,5.38147E+21,9.45118E+15,4.85854E+16
27460,27461,8,2,16,39,2016,4,15,6,3,5,3,0,0,0,1,0,0,0,0,4.45855E+20,5.41459E+21,8.26147E+15,4.88819E+16
27461,27462,8,1,21,0,2016,4,11,7,3,2,6,0,0,0,1,0,0,0,0,5.14885E+20,5.44156E+21,9.20402E+15,4.91267E+16
27462,27463,8,1,15,45,2016,4,6,3,3,2,6,1,1,0,1,0,0,0,0,5.03826E+20,5.39501E+21,9.052E+15,4.87081E+16
27463,27464,8,3,17,65,2016,4,23,2,3,8,1,2,0,0,1,0,0,0,0,4.1428E+20,5.35417E+21,7.84335E+15,4.83349E+16
27464,27465,8,4,15,61,2016,4,7,5,3,2,6,0,0,0,1,0,0,0,0,5.15188E+20,5.37208E+21,9.2056E+15,4.85016E+16
27465,27466,8,4,25,20,2016,4,20,1,3,2,6,2,0,0,1,0,0,0,0,5.58985E+20,5.3611E+21,9.79693E+15,4.84003E+16
27466,27467,8,4,35,47,2016,4,8,4,2,2,6,0,0,0,1,0,0,0,1,5.12268E+20,5.29565E+21,9.16387E+15,4.78141E+16
27467,27468,8,2,25,14,2016,4,14,1,2,9,1,0,0,0,1,0,0,0,0,5.19881E+20,5.48316E+21,9.27458E+15,4.95008E+16
27468,27469,8,1,36,88,2016,4,9,4,3,5,3,0,0,0,1,0,0,0,0,5.85227E+20,5.40923E+21,1.01613E+16,4.88302E+16
27469,27470,8,1,17,51,2016,4,16,5,3,3,6,0,0,0,1,0,1,0,0,5.42383E+20,5.39478E+21,9.57606E+15,4.87046E+16
27470,27471,8,1,19,61,2016,4,12,4,2,4,6,0,1,0,1,0,0,0,0,5.39712E+20,5.41072E+21,9.5413E+15,4.88482E+16
27471,27472,8,4,36,64,2016,4,15,3,3,4,6,0,0,0,1,0,0,1,0,5.46519E+20,5.29087E+21,9.62086E+15,4.77695E+16
27472,27473,8,1,11,0,2016,4,9,6,3,2,6,0,0,0,1,0,0,0,0,5.10816E+20,5.40019E+21,9.14716E+15,4.87547E+16
27473,27474,8,4,36,64,2016,4,14,6,3,5,2,0,0,1,1,0,0,0,0,5.45408E+20,5.29221E+21,9.60617E+15,4.77817E+16
27474,27475,8,2,37,40,2016,4,11,3,3,2,2,0,0,0,1,0,0,0,0,4.78965E+20,5.36812E+21,8.71545E+15,4.84659E+16
27475,27476,8,3,35,21,2016,4,13,6,3,6,2,0,0,0,0,1,0,1,0,4.92383E+20,5.30064E+21,8.89816E+15,4.7859E+16
27476,27477,8,1,15,15,2016,4,19,7,3,8,1,0,0,0,1,0,0,0,0,4.93279E+20,5.38728E+21,8.90877E+15,4.86386E+16
27477,27478,8,1,16,78,2016,4,23,3,3,5,3,2,1,0,1,0,0,0,0,5.13258E+20,5.39318E+21,9.18015E+15,4.86915E+16
27478,27479,8,1,15,37,2016,4,13,6,3,2,6,0,0,0,1,0,0,0,0,4.91454E+20,5.38462E+21,8.88406E+15,4.86146E+16
27479,27480,8,3,16,38,2016,4,9,6,2,0,7,0,0,1,1,0,0,0,0,3.97102E+20,5.33275E+21,7.61684E+15,4.81397E+16
27480,27481,8,1,17,38,2016,4,15,2,3,5,3,0,0,0,0,0,1,0,1,5.46675E+20,5.39862E+21,9.63483E+15,4.87388E+16
27481,27482,8,2,26,84,2016,4,14,6,3,2,6,0,0,0,1,0,0,0,1,4.67411E+20,5.46781E+21,8.55118E+15,4.93622E+16
27482,27483,8,4,36,81,2016,4,14,5,3,5,3,0,0,1,0,0,0,0,1,5.62992E+20,5.28153E+21,9.83935E+15,4.76841E+16
27483,27484,8,1,25,26,2016,4,6,3,3,6,7,0,1,0,1,1,0,0,0,4.95625E+20,5.44639E+21,8.93998E+15,4.91703E+16
27484,27485,8,1,19,86,2016,4,13,2,3,3,6,0,0,1,1,0,0,0,0,5.35172E+20,5.40555E+21,9.47897E+15,4.88019E+16
27485,27486,8,3,15,52,2016,4,4,5,3,9,1,1,1,0,0,0,0,0,1,4.31279E+20,5.30728E+21,8.08026E+15,4.79151E+16
27486,27487,8,3,37,127,2016,4,15,4,3,8,1,0,0,0,0,0,0,0,1,4.57413E+20,5.29813E+21,8.43091E+15,4.78351E+16
27487,27488,8,2,22,0,2016,4,18,6,3,2,6,0,1,0,1,0,0,0,0,4.62638E+20,5.48002E+21,8.48429E+15,4.94717E+16
27488,27489,8,3,27,18,2016,4,14,1,2,3,6,0,0,0,1,0,1,0,0,4.74124E+20,5.30191E+21,8.65399E+15,4.787E+16
27489,27490,8,1,15,3,2016,4,2,1,3,8,1,2,0,0,1,0,0,0,0,4.97764E+20,5.39214E+21,8.96962E+15,4.86823E+16
27490,27491,8,3,35,43,2016,4,17,5,3,5,3,0,0,0,1,0,1,0,0,5.12107E+20,5.28003E+21,9.16129E+15,4.76735E+16
27491,27492,8,4,15,61,2016,4,15,1,3,2,6,0,0,0,1,0,0,0,0,5.15752E+20,5.37198E+21,9.21324E+15,4.85008E+16
27492,27493,8,4,17,79,2016,4,13,4,3,2,6,0,0,0,1,0,0,0,0,4.96981E+20,5.34032E+21,8.95936E+15,4.82161E+16
27493,27494,8,2,37,2,2016,4,13,6,3,0,7,0,0,0,0,0,1,0,0,4.55764E+20,5.35485E+21,8.40299E+15,4.83453E+16
27494,27495,8,2,16,24,2016,4,14,1,3,5,3,0,0,0,1,0,1,0,0,4.43987E+20,5.40714E+21,8.23702E+15,4.88147E+16
27495,27496,8,1,36,35,2016,4,2,4,2,2,6,2,0,0,0,0,0,1,0,5.86025E+20,5.43367E+21,1.01773E+16,4.90499E+16
27496,27497,8,1,16,49,2016,4,13,4,3,1,6,0,1,0,1,0,0,0,0,5.25684E+20,5.3872E+21,9.34862E+15,4.86374E+16
27497,27498,8,4,35,16,2016,4,9,7,3,0,6,0,0,1,0,0,0,0,0,5.37861E+20,5.27882E+21,9.50427E+15,4.76617E+16
27498,27499,8,4,26,87,2016,4,7,3,3,5,3,0,1,0,1,0,1,0,0,5.69502E+20,5.32233E+21,9.93264E+15,4.80504E+16
27499,27500,8,4,37,65,2016,4,8,5,2,2,2,0,0,0,1,0,0,1,0,5.18317E+20,5.31836E+21,9.24564E+15,4.80183E+16
27500,27501,8,4,26,21,2016,4,7,6,3,5,2,0,1,1,1,0,0,0,0,5.58359E+20,5.32782E+21,9.78388E+15,4.8101E+16
27501,27502,8,2,26,85,2016,4,16,3,2,5,3,0,0,0,1,0,0,0,0,4.93973E+20,5.45315E+21,8.91721E+15,4.92311E+16
27502,27503,8,3,17,41,2016,4,7,6,3,5,2,0,1,0,1,0,0,0,0,4.38151E+20,5.34841E+21,8.16625E+15,4.82859E+16
27503,27504,8,4,35,16,2016,4,16,6,2,6,6,0,0,1,0,1,0,0,0,5.35662E+20,5.28182E+21,9.47522E+15,4.76888E+16
27504,27505,8,4,35,16,2016,4,7,2,3,0,1,0,0,0,0,0,1,0,0,5.34012E+20,5.27827E+21,9.45295E+15,4.76569E+16
27505,27506,8,2,26,96,2016,4,18,6,3,2,6,0,0,0,1,0,0,0,0,4.73359E+20,5.49029E+21,8.63158E+15,4.95646E+16
27506,27507,8,2,15,109,2016,4,17,6,3,5,3,0,0,0,1,0,0,0,0,4.62392E+20,5.4383E+21,8.48483E+15,4.90964E+16
27507,27508,8,4,36,81,2016,4,16,5,3,4,2,0,1,1,1,0,0,0,0,5.62009E+20,5.28147E+21,9.82624E+15,4.76836E+16
27508,27509,8,1,16,19,2016,4,17,2,3,0,6,0,0,0,1,0,0,0,1,5.22244E+20,5.39667E+21,9.30245E+15,4.87227E+16
27509,27510,8,2,12,0,2016,4,18,5,3,1,6,0,0,0,1,0,0,0,0,4.53418E+20,5.42836E+21,8.36305E+15,4.90064E+16
27510,27511,8,3,26,74,2016,4,19,4,2,5,3,0,1,0,1,0,0,0,0,4.56007E+20,5.31718E+21,8.41018E+15,4.80064E+16
27511,27512,8,2,12,0,2016,4,10,6,3,0,1,0,1,0,0,0,1,0,0,4.6143E+20,5.42662E+21,8.47276E+15,4.89913E+16
27512,27513,8,3,11,0,2016,4,14,1,3,0,1,0,0,1,0,0,0,0,0,4.15656E+20,5.31565E+21,7.86956E+15,4.79885E+16
27513,27514,8,1,11,0,2016,4,14,6,2,2,6,0,0,0,0,0,0,1,1,5.12532E+20,5.39471E+21,9.17033E+15,4.87053E+16
27514,27515,8,1,19,75,2016,4,15,1,2,9,1,0,0,0,0,0,1,0,0,5.37042E+20,5.42903E+21,9.50657E+15,4.90131E+16
27515,27516,8,2,15,17,2016,4,12,7,3,2,6,0,0,0,1,0,0,0,0,4.52215E+20,5.41731E+21,8.3479E+15,4.89069E+16
27516,27517,8,3,26,74,2016,4,18,3,3,2,6,0,0,0,1,0,0,0,0,4.59563E+20,5.324E+21,8.45721E+15,4.8068E+16
27517,27518,8,1,18,79,2016,4,19,7,2,5,3,1,1,1,1,0,0,0,0,5.10617E+20,5.42529E+21,9.1451E+15,4.89804E+16
27518,27519,8,2,16,17,2016,4,12,3,2,5,2,0,0,0,1,0,0,0,1,4.53483E+20,5.40049E+21,8.36711E+15,4.87557E+16
27519,27520,8,2,12,0,2016,4,16,6,3,2,6,0,0,0,1,0,0,0,0,4.58869E+20,5.42695E+21,8.43773E+15,4.89941E+16
27520,27521,8,3,36,50,2016,4,16,2,3,2,6,0,0,0,1,0,0,0,0,3.9883E+20,5.27342E+21,7.65395E+15,4.76062E+16
27521,27522,8,2,15,90,2016,4,15,5,3,2,6,0,0,0,1,0,0,1,0,4.64121E+20,5.43538E+21,8.50877E+15,4.90703E+16
27522,27523,8,1,36,43,2016,4,11,6,3,2,2,0,0,0,1,0,0,1,0,5.70572E+20,5.40824E+21,9.96146E+15,4.88231E+16
27523,27524,8,1,26,39,2016,4,15,1,2,8,1,0,0,0,0,0,1,0,0,5.50917E+20,5.46395E+21,9.70072E+15,4.93261E+16
27524,27525,8,3,25,72,2016,4,10,7,3,3,6,0,0,0,1,0,0,0,0,4.70238E+20,5.32728E+21,8.60027E+15,4.80981E+16
27525,27526,8,4,16,41,2016,4,16,3,3,1,6,0,0,0,1,0,0,0,0,5.02562E+20,5.37143E+21,9.03467E+15,4.8496E+16
27526,27527,8,3,37,128,2016,4,16,6,3,8,1,0,0,0,1,0,0,0,0,4.47676E+20,5.28326E+21,8.30259E+15,4.77006E+16
27527,27528,8,2,22,0,2016,4,13,7,3,1,6,0,0,0,1,0,0,0,0,4.63103E+20,5.47878E+21,8.49084E+15,4.94605E+16
27528,27529,8,2,21,0,2016,4,12,3,3,2,6,0,0,0,1,0,0,0,0,4.77299E+20,5.46846E+21,8.68732E+15,4.93685E+16
27529,27530,8,3,17,141,2016,4,14,6,3,4,1,0,1,0,1,0,0,1,0,4.19219E+20,5.38293E+21,7.90444E+15,4.85942E+16
27530,27531,8,4,16,41,2016,4,10,6,2,8,1,0,0,0,1,0,0,0,0,5.02557E+20,5.37143E+21,9.03461E+15,4.8496E+16
27531,27532,8,4,16,41,2016,4,9,2,3,2,6,0,0,0,1,0,0,0,1,5.03173E+20,5.37302E+21,9.04296E+15,4.85103E+16
27532,27533,8,2,12,0,2016,4,16,5,2,2,6,0,0,0,1,0,0,0,0,4.59585E+20,5.42797E+21,8.44741E+15,4.90033E+16
27533,27534,8,2,15,9,2016,4,13,6,3,2,6,0,0,0,1,0,0,0,0,4.67283E+20,5.44108E+21,8.5516E+15,4.91217E+16
27534,27535,8,1,15,52,2016,4,17,5,3,2,6,0,1,0,1,0,0,0,0,4.95071E+20,5.41039E+21,8.93282E+15,4.88464E+16
27535,27536,8,1,11,0,2016,4,7,2,3,5,3,0,0,0,1,0,0,0,0,5.16195E+20,5.40868E+21,9.22066E+15,4.88309E+16
27536,27537,8,2,35,85,2016,4,18,4,3,4,2,0,0,0,1,0,0,0,0,4.80721E+20,5.39622E+21,8.73789E+15,4.87187E+16
27537,27538,8,2,21,0,2016,4,18,5,3,1,5,0,0,1,1,0,0,0,0,4.79086E+20,5.47348E+21,8.71167E+15,4.94137E+16
27538,27539,8,3,15,16,2016,4,11,4,2,4,1,0,1,0,1,0,0,1,0,4.3108E+20,5.30748E+21,8.07756E+15,4.79169E+16
27539,27540,8,1,28,7,2016,4,20,6,2,7,7,2,0,0,0,0,1,0,0,5.59873E+20,5.47695E+21,9.82592E+15,4.94423E+16
27540,27541,8,2,31,0,2016,4,17,1,3,2,6,0,0,0,1,0,0,0,0,4.80207E+20,5.41848E+21,8.72983E+15,4.8919E+16
27541,27542,8,1,28,131,2016,4,15,6,3,3,2,0,0,0,0,0,1,0,0,5.36774E+20,5.51248E+21,9.51063E+15,4.97637E+16
27542,27543,8,1,15,28,2016,4,18,1,3,2,6,0,0,0,1,0,0,0,0,5.00695E+20,5.40335E+21,9.00946E+15,4.87831E+16
27543,27544,8,2,26,103,2016,4,10,7,3,9,1,0,0,0,1,0,0,0,0,4.74067E+20,5.45543E+21,8.64366E+15,4.92511E+16
27544,27545,8,3,17,153,2016,4,7,3,2,5,3,0,1,0,1,0,0,0,0,4.2048E+20,5.38719E+21,7.92071E+15,4.86327E+16
27545,27546,8,4,36,55,2016,4,7,5,3,5,3,0,0,0,1,0,0,0,1,5.73972E+20,5.29623E+21,9.98812E+15,4.78152E+16
27546,27547,8,4,17,25,2016,4,17,2,3,5,3,0,0,0,1,0,0,0,0,4.84391E+20,5.36149E+21,8.78909E+15,4.84064E+16
27547,27548,8,1,21,0,2016,4,18,6,3,2,6,0,0,0,1,0,0,0,0,5.07793E+20,5.44901E+21,9.10696E+15,4.91939E+16
27548,27549,8,1,36,27,2016,4,6,7,1,6,4,1,0,0,1,1,0,0,0,5.54308E+20,5.42127E+21,9.74164E+15,4.8942E+16
27549,27550,8,1,17,53,2016,4,6,3,2,3,2,1,1,0,1,0,0,1,0,5.51744E+20,5.40089E+21,9.70404E+15,4.87589E+16
27550,27551,8,3,26,12,2016,4,8,2,3,9,1,0,0,0,1,0,0,0,0,4.68613E+20,5.30648E+21,8.57996E+15,4.79109E+16
27551,27552,8,4,17,79,2016,4,21,5,3,8,1,2,1,0,1,0,0,0,0,4.95358E+20,5.34017E+21,8.93752E+15,4.82147E+16
27552,27553,8,4,26,21,2016,4,16,1,2,0,6,0,0,0,0,0,1,0,0,5.60677E+20,5.32495E+21,9.8146E+15,4.80749E+16
27553,27554,8,4,35,16,2016,4,14,4,3,0,6,0,1,0,1,0,1,0,0,5.36289E+20,5.27796E+21,9.48325E+15,4.7654E+16
27554,27555,8,2,26,46,2016,4,15,1,3,5,3,0,0,0,1,0,0,0,0,4.77044E+20,5.4548E+21,8.68459E+15,4.92455E+16
27555,27556,8,2,16,7,2016,4,17,4,3,2,6,0,0,0,1,0,0,0,0,4.36547E+20,5.39427E+21,8.13767E+15,4.86983E+16
27556,27557,8,1,25,46,2016,4,7,5,3,2,6,0,1,0,1,0,0,0,0,5.19825E+20,5.4339E+21,9.27136E+15,4.90577E+16
27557,27558,8,1,21,0,2016,4,22,4,3,5,3,2,0,0,1,0,0,0,0,5.13719E+20,5.44162E+21,9.18805E+15,4.91273E+16
27558,27559,8,4,35,16,2016,4,14,1,3,2,6,0,0,0,1,0,0,0,0,5.36276E+20,5.27886E+21,9.48315E+15,4.76622E+16
27559,27560,8,1,11,0,2016,4,16,5,3,0,7,0,1,0,0,0,1,0,0,5.15081E+20,5.40614E+21,9.2054E+15,4.88081E+16
27560,27561,8,2,21,0,2016,4,14,4,3,5,2,0,1,0,1,0,0,0,0,4.76403E+20,5.47297E+21,8.67471E+15,4.9409E+16
27561,27562,8,1,36,65,2016,4,16,5,3,4,2,0,0,0,1,0,1,0,0,5.63676E+20,5.40317E+21,9.86674E+15,4.87783E+16
27562,27563,8,1,15,53,2016,4,6,4,3,4,6,0,1,1,1,0,0,0,0,4.83633E+20,5.3789E+21,8.77817E+15,4.8563E+16
27563,27564,8,1,25,26,2016,4,21,6,2,4,6,2,0,0,1,0,0,0,0,4.89481E+20,5.44609E+21,8.8557E+15,4.91675E+16
27564,27565,8,1,18,48,2016,4,19,3,3,5,3,0,0,0,1,0,0,0,0,5.14216E+20,5.41608E+21,9.19396E+15,4.88975E+16
27565,27566,8,4,35,57,2016,4,13,5,3,6,4,0,0,1,0,1,0,0,0,5.44149E+20,5.2798E+21,9.5881E+15,4.76701E+16
27566,27567,8,2,26,66,2016,4,17,2,3,5,2,0,0,0,1,0,1,0,0,4.96274E+20,5.46724E+21,8.94868E+15,4.93579E+16
27567,27568,8,2,16,43,2016,4,22,6,2,2,6,2,0,0,1,0,1,0,0,4.44092E+20,5.4114E+21,8.23786E+15,4.8853E+16
27568,27569,8,4,35,16,2016,4,7,5,3,3,6,0,0,1,1,0,0,0,0,5.30702E+20,5.28179E+21,9.40913E+15,4.76888E+16
27569,27570,8,1,35,16,2016,4,20,3,3,8,1,2,0,0,1,0,0,0,0,5.93612E+20,5.3852E+21,1.02701E+16,4.86129E+16
27570,27571,8,3,36,91,2016,4,14,2,3,0,7,0,0,0,0,0,0,0,1,3.95202E+20,5.27206E+21,7.60602E+15,4.75934E+16
27571,27572,8,3,36,107,2016,4,9,5,3,8,1,0,1,0,1,0,0,0,0,4.09657E+20,5.28487E+21,7.7956E+15,4.77109E+16
27572,27573,8,4,15,59,2016,4,13,1,2,3,6,0,0,1,0,0,0,0,1,5.16353E+20,5.36808E+21,9.22122E+15,4.84656E+16
27573,27574,8,4,26,35,2016,4,16,4,3,6,4,0,1,0,1,1,0,0,0,5.38178E+20,5.33094E+21,9.5131E+15,4.81305E+16
27574,27575,8,2,16,15,2016,4,16,1,2,8,1,0,0,0,0,0,1,0,0,4.533E+20,5.40899E+21,8.36366E+15,4.88322E+16
27575,27576,8,1,35,19,2016,4,13,4,3,3,6,0,1,0,0,0,1,0,1,5.84387E+20,5.39243E+21,1.01464E+16,4.86792E+16
27576,27577,8,1,18,79,2016,4,16,4,3,2,2,0,1,0,1,0,0,0,0,5.10214E+20,5.42095E+21,9.13949E+15,4.89414E+16
27577,27578,8,4,36,81,2016,4,17,3,3,2,6,0,0,0,1,0,0,0,0,5.60911E+20,5.28026E+21,9.81144E+15,4.76729E+16
27578,27579,8,1,11,0,2016,4,15,6,3,3,6,0,0,0,0,0,1,0,1,5.0796E+20,5.39743E+21,9.10824E+15,4.87299E+16
27579,27580,8,4,35,16,2016,4,9,6,3,2,6,0,0,0,1,0,0,0,0,5.34986E+20,5.27813E+21,9.46591E+15,4.76557E+16
27580,27581,8,2,35,85,2016,4,6,3,3,6,2,2,1,0,1,1,0,0,0,4.80264E+20,5.39825E+21,8.73159E+15,4.87369E+16
27581,27582,8,3,27,46,2016,4,12,6,3,2,6,0,1,0,1,0,0,0,0,4.80922E+20,5.32418E+21,8.7439E+15,4.80706E+16
27582,27583,8,4,36,6,2016,4,7,6,2,0,3,1,1,0,1,0,1,0,0,5.55424E+20,5.28378E+21,9.73879E+15,4.7705E+16
27583,27584,8,1,11,0,2016,4,8,3,3,2,6,0,1,0,1,0,0,0,0,5.13105E+20,5.40644E+21,9.1785E+15,4.88108E+16
27584,27585,8,1,11,0,2016,4,6,4,3,5,2,1,0,0,1,0,0,0,0,5.15911E+20,5.40647E+21,9.21672E+15,4.8811E+16
27585,27586,8,1,15,16,2016,4,15,6,3,5,3,0,0,0,1,0,0,0,0,4.88418E+20,5.3773E+21,8.84307E+15,4.85487E+16
27586,27587,8,4,37,59,2016,4,12,6,3,2,6,0,1,0,1,0,0,0,0,5.11138E+20,5.32324E+21,9.14949E+15,4.80624E+16
27587,27588,8,1,16,58,2016,4,21,7,3,8,1,2,0,0,1,0,0,0,0,5.32991E+20,5.39461E+21,9.44839E+15,4.87037E+16
27588,27589,8,1,17,26,2016,4,11,3,3,4,2,0,0,0,1,0,0,0,0,5.48913E+20,5.39388E+21,9.6647E+15,4.8696E+16
27589,27590,8,4,26,19,2016,4,7,5,3,0,3,0,0,0,1,0,1,0,0,5.81038E+20,5.32166E+21,1.00873E+16,4.80431E+16
27590,27591,8,3,17,153,2016,4,22,6,3,5,3,2,0,0,1,0,0,0,0,4.19587E+20,5.38823E+21,7.9084E+15,4.8642E+16
27591,27592,8,2,12,0,2016,4,15,2,3,0,2,0,0,1,0,0,0,0,1,4.5339E+20,5.432E+21,8.36226E+15,4.90391E+16
27592,27593,8,2,36,70,2016,4,10,6,2,9,1,0,0,0,1,0,0,0,0,4.66503E+20,5.4169E+21,8.5429E+15,4.89042E+16
27593,27594,8,4,26,97,2016,4,12,5,3,4,1,0,0,0,1,0,0,1,0,5.3484E+20,5.33012E+21,9.46818E+15,4.81234E+16
27594,27595,8,1,25,79,2016,4,16,3,3,1,6,0,0,0,1,0,0,0,0,5.11961E+20,5.45427E+21,9.16432E+15,4.92411E+16
27595,27596,8,1,27,91,2016,4,16,2,2,2,6,0,0,0,1,0,0,0,0,5.77438E+20,5.45182E+21,1.00633E+16,4.92143E+16
27596,27597,8,3,26,12,2016,4,16,5,3,8,1,0,1,0,0,0,1,0,0,4.65926E+20,5.31052E+21,8.54368E+15,4.79471E+16