FID,OBJECTID,ULAND,UREGBEZ,UKREIS,UGEMEINDE,UJAHR,UMONAT,USTUNDE,UWOCHENTAG,UKATEGORIE,UART,UTYP1,ULICHTVERH,IstStrasse,IstRad,IstPKW,IstFuss,IstKrad,IstGkfz,IstSonstig,LINREFX,LINREFY,XGCSWGS84,YGCSWGS84
27959,27960,8,2,36,4,2016,4,8,4,3,2,6,0,0,0,1,0,1,0,0,4.70617E+20,5.41151E+21,8.59944E+15,4.88559E+16
27960,27961,8,2,15,102,2016,4,16,1,2,5,3,0,0,1,1,0,0,0,0,4.55306E+20,5.43633E+21,8.38799E+15,4.90782E+16
27961,27962,8,4,35,16,2016,4,22,7,2,9,1,2,0,0,1,0,0,0,0,5.36726E+20,5.28377E+21,9.48956E+15,4.77063E+16
27962,27963,8,2,15,46,2016,4,22,7,3,0,6,2,0,0,1,0,0,0,0,4.49899E+20,5.41611E+21,8.31644E+15,4.88959E+16
27963,27964,8,1,16,70,2016,4,16,4,3,5,3,0,0,1,1,0,0,0,0,5.39597E+20,5.38484E+21,9.53725E+15,4.86154E+16
27964,27965,8,1,28,20,2016,4,9,1,2,8,1,0,1,0,0,0,1,0,0,5.74669E+20,5.4837E+21,1.00313E+16,4.95013E+16
27965,27966,8,2,26,105,2016,4,8,3,2,6,4,0,0,0,1,1,0,0,0,4.71058E+20,5.47936E+21,8.60056E+15,4.94662E+16
27966,27967,8,1,16,77,2016,4,13,3,3,1,6,0,0,0,1,0,0,0,0,5.13971E+20,5.38815E+21,9.18967E+15,4.86462E+16
27967,27968,8,1,19,86,2016,4,13,6,3,9,1,0,0,0,1,0,0,0,0,5.34464E+20,5.40676E+21,9.46943E+15,4.88129E+16
27968,27969,8,4,15,90,2016,4,5,2,3,4,2,1,1,0,1,0,0,0,0,5.2429E+20,5.3525E+21,9.32769E+15,4.83252E+16
27969,27970,8,3,37,62,2016,4,18,5,2,5,3,0,0,0,1,0,1,0,0,4.57937E+20,5.27495E+21,8.44014E+15,4.76266E+16
27970,27971,8,1,19,79,2016,4,16,5,3,2,6,0,0,0,1,0,0,0,0,5.24043E+20,5.40855E+21,9.3276E+15,4.88295E+16
27971,27972,8,4,36,55,2016,4,17,4,3,2,6,0,0,0,1,0,0,0,0,5.75791E+20,5.29713E+21,1.00126E+16,4.7823E+16
27972,27973,8,1,21,0,2016,4,6,7,2,4,2,1,1,0,1,0,0,0,1,5.14117E+20,5.44816E+21,9.19372E+15,4.91861E+16
27973,27974,8,4,35,16,2016,4,15,7,3,6,4,0,0,0,1,1,0,0,0,5.32481E+20,5.27933E+21,9.43265E+15,4.76665E+16
27974,27975,8,2,11,0,2016,4,8,4,3,5,3,0,0,1,1,0,0,0,0,4.41822E+20,5.40327E+21,8.20807E+15,4.87797E+16
27975,27976,8,4,35,16,2016,4,17,6,2,9,7,0,0,0,0,0,1,0,0,5.37198E+20,5.2818E+21,9.49569E+15,4.76885E+16
27976,27977,8,1,19,20,2016,4,11,1,2,6,4,0,0,0,1,1,0,0,0,5.19017E+20,5.40873E+21,9.25912E+15,4.88313E+16
27977,27978,8,1,21,0,2016,4,16,3,3,2,6,0,0,0,1,0,0,0,0,5.15636E+20,5.44259E+21,9.21436E+15,4.9136E+16
27978,27979,8,2,15,59,2016,4,16,6,3,2,6,0,0,0,1,0,0,0,0,4.82481E+20,5.4351E+21,8.76015E+15,4.90685E+16
27979,27980,8,2,21,0,2016,4,17,7,3,4,2,0,0,0,1,0,0,0,0,4.75062E+20,5.46987E+21,8.65643E+15,4.9381E+16
27980,27981,8,4,37,65,2016,4,6,3,3,7,7,1,1,0,0,0,1,0,0,5.16418E+20,5.31791E+21,9.22016E+15,4.80142E+16
27981,27982,8,2,15,66,2016,4,22,4,3,2,6,2,0,0,1,0,0,0,0,4.6025E+20,5.44962E+21,8.45437E+15,4.91981E+16
27982,27983,8,4,36,10,2016,4,17,6,2,4,1,0,0,0,1,0,0,0,0,5.6386E+20,5.30009E+21,9.85363E+15,4.7851E+16
27983,27984,8,1,25,111,2016,4,22,1,3,8,1,2,2,0,1,0,0,0,0,5.25582E+20,5.45766E+21,9.35167E+15,4.92711E+16
27984,27985,8,4,35,20,2016,4,14,7,2,2,2,0,0,0,1,0,1,0,0,5.23226E+20,5.2964E+21,9.31029E+15,4.78205E+16
27985,27986,8,2,36,46,2016,4,15,7,2,6,1,0,1,0,1,1,0,0,0,4.83642E+20,5.41852E+21,8.77672E+15,4.89194E+16
27986,27987,8,1,15,24,2016,4,22,4,3,7,7,2,0,0,0,0,1,0,0,5.0295E+20,5.38768E+21,9.04004E+15,4.86421E+16
27987,27988,8,1,28,7,2016,4,13,1,2,8,1,0,1,0,1,0,0,0,0,5.59418E+20,5.47419E+21,9.81923E+15,4.94175E+16
27988,27989,8,1,18,80,2016,4,8,3,3,2,6,0,0,0,1,0,0,0,0,5.09111E+20,5.41151E+21,9.12421E+15,4.88565E+16
27989,27990,8,1,11,0,2016,4,17,3,3,2,6,0,0,0,1,0,0,0,0,5.07595E+20,5.40584E+21,9.10343E+15,4.88055E+16
27990,27991,8,1,16,20,2016,4,17,6,2,8,7,0,0,0,0,0,1,0,0,5.2589E+20,5.38307E+21,9.35116E+15,4.86002E+16
27991,27992,8,3,17,40,2016,4,16,2,3,4,6,0,1,0,1,0,0,0,0,4.32403E+20,5.34803E+21,8.08884E+15,4.82819E+16
27992,27993,8,3,26,37,2016,4,16,5,3,0,7,0,0,0,0,0,1,0,0,4.55016E+20,5.32973E+21,8.39557E+15,4.81192E+16
27993,27994,8,4,37,88,2016,4,8,4,2,4,6,0,0,0,1,0,0,1,0,5.16011E+20,5.30736E+21,9.2143E+15,4.79194E+16
27994,27995,8,1,15,37,2016,4,16,4,3,2,6,0,0,0,1,0,0,0,0,4.93607E+20,5.38586E+21,8.91325E+15,4.86258E+16
27995,27996,8,4,26,21,2016,4,0,7,3,8,1,2,1,0,1,0,0,0,0,5.58468E+20,5.32707E+21,9.78524E+15,4.80942E+16
27996,27997,8,4,37,78,2016,4,12,3,2,3,6,0,0,0,0,0,1,1,0,5.08932E+20,5.31622E+21,9.11974E+15,4.79992E+16
27997,27998,8,4,16,41,2016,4,9,6,3,2,2,0,0,0,1,0,0,0,0,5.09227E+20,5.37618E+21,9.12501E+15,4.85386E+16
27998,27999,8,1,11,0,2016,4,1,1,3,5,3,2,0,0,1,0,0,0,0,5.1337E+20,5.40642E+21,9.1821E+15,4.88106E+16
27999,28000,8,1,18,76,2016,4,17,3,2,6,4,0,0,0,1,1,0,0,0,5.04584E+20,5.42251E+21,9.06262E+15,4.89555E+16
28000,28001,8,2,25,58,2016,4,16,6,3,2,1,0,0,0,1,0,0,0,0,5.13606E+20,5.46576E+21,9.18732E+15,4.93444E+16
28001,28002,8,4,25,130,2016,4,15,7,2,4,6,0,1,0,1,0,0,0,0,5.71909E+20,5.37891E+21,9.97457E+15,4.85592E+16
28002,28003,8,2,22,0,2016,4,16,5,3,2,6,0,0,0,1,0,0,0,0,4.6103E+20,5.48368E+21,8.46174E+15,4.95045E+16
28003,28004,8,2,15,90,2016,4,12,2,3,2,6,0,0,0,1,0,0,0,0,4.65446E+20,5.43711E+21,8.52676E+15,4.90859E+16
28004,28005,8,1,18,50,2016,4,10,5,3,1,5,0,0,0,1,0,0,0,0,5.06517E+20,5.41557E+21,9.08891E+15,4.8893E+16
28005,28006,8,2,12,0,2016,4,10,2,3,1,6,0,0,0,0,0,0,1,0,4.58823E+20,5.42685E+21,8.43711E+15,4.89932E+16
28006,28007,8,1,26,11,2016,4,14,2,3,1,6,0,0,0,1,0,0,0,0,5.32375E+20,5.44863E+21,9.44432E+15,4.91896E+16
28007,28008,8,3,17,57,2016,4,15,4,3,4,6,0,0,0,1,0,0,0,0,4.15653E+20,5.38304E+21,7.85605E+15,4.85947E+16
28008,28009,8,4,26,70,2016,4,12,1,3,8,1,0,1,0,1,0,0,0,0,5.65041E+20,5.34352E+21,9.87601E+15,4.82416E+16
28009,28010,8,1,28,138,2016,4,14,2,2,8,1,0,2,0,1,0,0,0,0,5.38716E+20,5.482E+21,9.53458E+15,4.94894E+16
28010,28011,8,3,36,105,2016,4,16,5,3,5,3,0,0,0,1,0,1,0,0,4.00084E+20,5.26726E+21,7.67204E+15,4.75511E+16
28011,28012,8,1,21,0,2016,4,7,3,2,5,3,0,0,0,1,0,0,0,0,5.06579E+20,5.44932E+21,9.0903E+15,4.91967E+16
28012,28013,8,1,11,0,2016,4,19,6,3,2,6,0,0,0,1,0,0,0,0,5.1497E+20,5.40281E+21,9.20376E+15,4.87781E+16
28013,28014,8,3,25,72,2016,4,7,2,3,3,6,0,1,0,1,0,0,0,0,4.69574E+20,5.32625E+21,8.59141E+15,4.80888E+16
28014,28015,8,3,35,43,2016,4,18,4,3,5,3,0,0,0,1,0,0,0,0,5.10245E+20,5.28273E+21,9.13654E+15,4.76979E+16
28015,28016,8,2,16,23,2016,4,17,2,3,1,7,0,0,0,1,0,0,0,0,4.36937E+20,5.40799E+21,8.14087E+15,4.88217E+16
28016,28017,8,1,17,24,2016,4,17,1,2,4,6,0,1,0,1,0,0,0,0,5.60372E+20,5.38537E+21,9.81917E+15,4.86185E+16
28017,28018,8,3,36,50,2016,4,9,2,3,4,7,0,1,0,1,0,0,0,0,4.00878E+20,5.27658E+21,7.68048E+15,4.7635E+16
28018,28019,8,3,17,1,2016,4,19,5,3,5,3,0,0,0,1,0,0,1,0,4.29068E+20,5.38798E+21,8.03712E+15,4.86408E+16
28019,28020,8,4,16,41,2016,4,16,4,3,2,6,0,0,0,1,0,0,0,1,5.01678E+20,5.3752E+21,9.02273E+15,4.85299E+16
28020,28021,8,4,35,35,2016,4,14,1,3,5,3,0,0,1,1,0,0,0,0,5.41207E+20,5.28106E+21,9.54904E+15,4.76816E+16
28021,28022,8,1,27,13,2016,4,14,4,2,0,7,0,0,1,0,0,0,0,0,5.67123E+20,5.42686E+21,9.91754E+15,4.8991E+16
28022,28023,8,4,15,59,2016,4,4,7,3,9,1,2,1,0,1,0,0,0,0,5.1625E+20,5.3671E+21,9.21978E+15,4.84569E+16
28023,28024,8,3,27,49,2016,4,15,3,3,6,4,0,0,0,1,1,0,0,0,4.7261E+20,5.3246E+21,8.63229E+15,4.80741E+16
28024,28025,8,4,15,90,2016,4,5,6,3,5,3,1,0,0,1,0,0,0,0,5.24676E+20,5.35536E+21,9.33306E+15,4.8351E+16
28025,28026,8,4,15,50,2016,4,21,7,3,2,6,2,0,0,1,0,0,0,0,5.21413E+20,5.37669E+21,9.29011E+15,4.85429E+16
28026,28027,8,3,25,11,2016,4,23,6,2,5,3,2,0,0,0,0,0,1,1,4.71711E+20,5.33909E+21,8.61926E+15,4.82044E+16
28027,28028,8,1,16,15,2016,4,9,3,3,2,6,0,0,0,1,0,0,0,0,5.22499E+20,5.39477E+21,9.30581E+15,4.87056E+16
28028,28029,8,2,16,43,2016,4,19,6,3,5,2,1,0,0,1,0,0,0,0,4.46112E+20,5.41134E+21,8.26541E+15,4.88527E+16
28029,28030,8,1,26,39,2016,4,14,7,3,9,1,0,1,0,1,0,0,0,0,5.51921E+20,5.46533E+21,9.71472E+15,4.93385E+16
28030,28031,8,2,16,24,2016,4,8,5,3,5,3,0,0,1,1,0,0,0,0,4.45235E+20,5.40846E+21,8.25384E+15,4.88267E+16
28031,28032,8,4,36,8,2016,4,15,5,3,5,2,0,0,1,1,0,0,0,0,5.47063E+20,5.31092E+21,9.6303E+15,4.79498E+16
28032,28033,8,1,36,43,2016,4,16,5,3,3,2,0,0,0,1,0,0,1,0,5.70787E+20,5.40818E+21,9.96437E+15,4.88226E+16
28033,28034,8,2,26,37,2016,4,13,2,3,2,6,0,0,0,1,0,0,0,0,4.67105E+20,5.4694E+21,8.54684E+15,4.93764E+16
28034,28035,8,1,16,77,2016,4,17,5,2,5,3,0,0,0,1,0,1,0,0,5.17562E+20,5.39121E+21,9.23855E+15,4.86737E+16
28035,28036,8,2,26,60,2016,4,14,2,3,1,5,0,1,0,1,0,1,0,0,4.77862E+20,5.4635E+21,8.69535E+15,4.93238E+16
28036,28037,8,1,25,63,2016,4,7,2,2,4,2,0,0,0,0,0,1,0,1,5.27043E+20,5.46238E+21,9.37207E+15,4.93136E+16
28037,28038,8,3,36,103,2016,4,14,4,2,8,1,0,0,0,0,0,1,0,0,4.20457E+20,5.28251E+21,7.93999E+15,4.76911E+16
28038,28039,8,3,27,2,2016,4,23,1,3,9,1,2,0,0,1,0,0,0,0,4.78255E+20,5.32741E+21,8.70793E+15,4.80996E+16
28039,28040,8,1,21,0,2016,4,7,2,3,3,1,0,0,0,1,0,1,0,0,5.1486E+20,5.44154E+21,9.20368E+15,4.91265E+16
28040,28041,8,2,35,8,2016,4,16,5,3,4,6,0,0,0,1,0,1,0,0,4.80241E+20,5.40235E+21,8.73108E+15,4.87739E+16
28041,28042,8,2,36,44,2016,4,17,4,3,2,2,0,0,0,1,0,1,0,0,4.83153E+20,5.40464E+21,8.77061E+15,4.87945E+16
28042,28043,8,2,12,0,2016,4,16,1,2,2,6,0,0,0,1,0,1,0,0,4.5877E+20,5.4262E+21,8.43644E+15,4.89874E+16
28043,28044,8,4,15,59,2016,4,9,7,2,9,1,0,1,0,1,0,0,0,0,5.16552E+20,5.37016E+21,9.224E+15,4.84844E+16
28044,28045,8,3,15,132,2016,4,11,7,3,5,3,0,1,0,1,0,0,0,0,4.09129E+20,5.3227E+21,7.7806E+15,4.80511E+16
28045,28046,8,1,15,16,2016,4,18,4,1,1,5,0,0,0,1,0,0,0,0,4.91092E+20,5.37772E+21,8.87929E+15,4.85525E+16
28046,28047,8,3,15,64,2016,4,6,3,2,9,1,0,0,0,1,0,0,0,0,4.19783E+20,5.3138E+21,7.9252E+15,4.79725E+16
28047,28048,8,3,35,63,2016,4,1,1,2,6,4,2,0,0,1,1,0,0,0,4.93939E+20,5.28882E+21,8.91914E+15,4.77527E+16
28048,28049,8,1,25,102,2016,4,8,4,2,2,6,0,0,0,0,0,0,1,0,5.22502E+20,5.4449E+21,9.30862E+15,4.91565E+16
28049,28050,8,4,15,59,2016,4,21,7,3,0,3,2,1,0,1,0,1,0,0,5.1632E+20,5.3683E+21,9.22078E+15,4.84676E+16
28050,28051,8,3,35,43,2016,4,11,7,2,2,2,0,1,0,1,0,1,0,0,5.10575E+20,5.28313E+21,9.14096E+15,4.77015E+16
28051,28052,8,3,17,153,2016,4,18,3,2,0,1,0,0,0,0,0,1,0,0,4.18371E+20,5.38616E+21,7.8923E+15,4.86232E+16
28052,28053,8,3,36,45,2016,4,18,6,3,4,1,0,0,0,1,0,0,0,0,4.00643E+20,5.28544E+21,7.67534E+15,4.77147E+16
28053,28054,8,3,17,146,2016,4,15,6,2,5,3,0,0,1,1,0,0,0,0,4.31949E+20,5.35574E+21,8.08147E+15,4.83512E+16
28054,28055,8,4,36,64,2016,4,16,2,3,2,6,0,0,0,1,0,0,0,0,5.44043E+20,5.2907E+21,9.5878E+15,4.77681E+16
28055,28056,8,2,25,74,2016,4,17,3,2,3,2,0,0,0,1,0,0,0,1,5.02634E+20,5.46468E+21,9.03626E+15,4.93348E+16
28056,28057,8,1,21,0,2016,4,12,6,3,2,6,0,0,0,1,0,0,0,0,5.13788E+20,5.44839E+21,9.18923E+15,4.91881E+16
28057,28058,8,1,11,0,2016,4,20,7,2,6,4,1,0,0,1,1,0,0,0,5.16459E+20,5.40467E+21,9.2241E+15,4.87948E+16
28058,28059,8,2,15,84,2016,4,14,5,3,0,7,0,0,1,0,0,0,0,0,4.73123E+20,5.44544E+21,8.63135E+15,4.91611E+16
28059,28060,8,4,26,128,2016,4,17,5,3,2,6,0,0,0,1,0,0,0,0,5.59203E+20,5.33122E+21,9.79568E+15,4.81315E+16
28060,28061,8,1,26,46,2016,4,17,5,3,2,6,0,0,0,1,0,0,0,0,5.49828E+20,5.45391E+21,9.68449E+15,4.9236E+16
28061,28062,8,2,12,0,2016,4,17,2,3,2,6,0,0,0,1,0,0,0,0,4.59987E+20,5.43219E+21,8.45249E+15,4.90413E+16
28062,28063,8,1,11,0,2016,4,18,5,3,5,3,0,0,1,1,0,0,0,0,5.16546E+20,5.40966E+21,9.2255E+15,4.88397E+16
28063,28064,8,1,16,49,2016,4,13,2,3,3,6,0,0,0,1,0,1,0,0,5.24136E+20,5.38512E+21,9.32749E+15,4.86187E+16
28064,28065,8,2,12,0,2016,4,0,1,3,9,1,2,1,0,1,0,0,0,0,4.60787E+20,5.42397E+21,8.46423E+15,4.89674E+16
28065,28066,8,1,18,46,2016,4,13,2,3,2,6,0,0,0,1,0,0,0,0,5.14434E+20,5.41246E+21,9.19681E+15,4.88649E+16
28066,28067,8,2,26,12,2016,4,17,4,3,5,3,0,0,0,1,0,1,0,0,4.75786E+20,5.47818E+21,8.66589E+15,4.94558E+16
28067,28068,8,2,12,0,2016,4,12,1,3,0,7,0,0,1,0,0,0,0,0,4.57256E+20,5.42819E+21,8.41554E+15,4.90051E+16
28068,28069,8,3,25,61,2016,4,5,7,3,2,6,2,1,0,1,0,0,1,0,4.75049E+20,5.35502E+21,8.66324E+15,4.83479E+16
28069,28070,8,2,37,2,2016,4,14,7,3,9,1,0,1,0,1,0,0,0,0,4.58182E+20,5.35957E+21,8.43516E+15,4.83879E+16
28070,28071,8,1,16,78,2016,4,19,4,3,3,2,0,0,1,1,0,0,0,0,5.12288E+20,5.39284E+21,9.16696E+15,4.86885E+16
28071,28072,8,1,26,66,2016,4,16,1,2,9,1,0,0,0,1,0,0,0,0,5.32292E+20,5.45293E+21,9.44353E+15,4.92283E+16
28072,28073,8,2,16,15,2016,4,12,3,3,2,6,0,0,0,1,0,0,0,0,4.50014E+20,5.40541E+21,8.31932E+15,4.87996E+16
28073,28074,8,1,15,44,2016,4,10,3,3,5,3,0,0,1,1,0,0,0,0,5.04376E+20,5.38969E+21,9.05943E+15,4.86602E+16
28074,28075,8,1,15,45,2016,4,13,6,2,2,6,0,0,0,1,0,0,0,0,5.03986E+20,5.39583E+21,9.05418E+15,4.87155E+16
28075,28076,8,3,37,126,2016,4,20,2,3,1,2,1,1,0,1,0,0,0,0,4.39957E+20,5.27455E+21,8.20091E+15,4.76215E+16
28076,28077,8,3,27,33,2016,4,8,5,3,5,3,0,0,0,1,0,0,0,0,4.86066E+20,5.32589E+21,8.8129E+15,4.80861E+16
28077,28078,8,1,19,79,2016,4,9,5,3,5,3,0,0,0,1,0,0,0,0,5.23948E+20,5.4111E+21,9.32646E+15,4.88524E+16
28078,28079,8,4,35,66,2016,4,12,4,3,0,1,0,0,1,0,0,0,0,0,5.17732E+20,5.28471E+21,9.23641E+15,4.77155E+16
28079,28080,8,1,25,59,2016,4,14,7,3,9,1,0,1,0,1,0,0,0,0,5.31951E+20,5.43839E+21,9.43769E+15,4.90975E+16
28080,28081,8,1,25,13,2016,4,8,1,3,5,3,0,1,1,1,0,0,0,0,5.04946E+20,5.43617E+21,9.06773E+15,4.90784E+16
28081,28082,8,3,35,79,2016,4,16,2,3,2,6,0,0,0,1,0,0,0,0,4.99039E+20,5.29816E+21,8.98716E+15,4.78368E+16
28082,28083,8,2,26,29,2016,4,17,3,2,8,1,0,0,0,0,0,1,0,0,4.84267E+20,5.48244E+21,8.78274E+15,4.94944E+16
28083,28084,8,1,19,8,2016,4,11,3,3,2,6,0,0,0,1,0,0,0,0,5.3281E+20,5.41978E+21,9.44795E+15,4.89301E+16
28084,28085,8,1,27,59,2016,4,16,6,2,8,1,0,0,0,0,0,1,0,0,5.45731E+20,5.44264E+21,9.62693E+15,4.91348E+16
28085,28086,8,1,17,55,2016,4,6,5,2,5,3,1,0,1,1,0,0,0,0,5.44743E+20,5.39711E+21,9.60839E+15,4.87254E+16
28086,28087,8,4,15,87,2016,4,19,2,3,5,3,0,0,0,1,0,0,0,0,5.12355E+20,5.38198E+21,9.16755E+15,4.85908E+16
28087,28088,8,4,15,62,2016,4,17,5,3,1,6,0,0,0,1,0,1,0,0,5.19203E+20,5.37848E+21,9.26025E+15,4.85591E+16
28088,28089,8,1,25,38,2016,4,20,5,3,5,3,1,0,0,1,0,1,0,0,5.00503E+20,5.43479E+21,9.00689E+15,4.90659E+16
28089,28090,8,1,27,73,2016,4,2,2,3,2,6,2,1,0,1,0,0,1,0,5.79682E+20,5.44866E+21,1.00935E+16,4.91855E+16
28090,28091,8,4,36,9,2016,4,18,4,3,5,3,0,0,1,1,0,0,0,0,5.56628E+20,5.30889E+21,9.75812E+15,4.79308E+16
28091,28092,8,1,25,98,2016,4,20,7,3,2,6,2,1,0,1,0,0,0,0,5.19719E+20,5.43741E+21,9.27008E+15,4.90892E+16
28092,28093,8,1,11,0,2016,4,7,2,3,0,2,0,1,0,0,0,1,1,0,5.19424E+20,5.40141E+21,9.26433E+15,4.87654E+16
28093,28094,8,3,11,0,2016,4,3,7,2,2,1,2,1,0,1,0,0,1,0,4.07029E+20,5.31672E+21,7.75372E+15,4.7997E+16
28094,28095,8,2,15,9,2016,4,19,4,3,8,6,0,0,0,1,0,0,0,0,4.68824E+20,5.44234E+21,8.57262E+15,4.91331E+16
28095,28096,8,4,35,16,2016,4,15,6,2,2,6,0,0,0,1,0,1,0,0,5.37795E+20,5.28271E+21,9.50373E+15,4.76967E+16
28096,28097,8,1,25,59,2016,4,23,1,2,8,1,2,0,0,1,0,0,0,0,5.29427E+20,5.43678E+21,9.403E+15,4.90832E+16
28097,28098,8,1,26,56,2016,4,14,3,2,9,1,0,0,0,1,0,0,0,0,5.55554E+20,5.46861E+21,9.76518E+15,4.93677E+16
28098,28099,8,3,37,65,2016,4,19,7,3,4,6,0,0,0,1,0,0,0,0,4.46955E+20,5.27528E+21,8.29394E+15,4.76287E+16
28099,28100,8,2,26,98,2016,4,13,7,2,3,6,0,1,0,1,0,0,0,0,4.76158E+20,5.46032E+21,8.67208E+15,4.92952E+16
28100,28101,8,1,11,0,2016,4,17,4,3,3,6,0,0,0,1,0,0,0,0,5.08474E+20,5.40061E+21,9.11529E+15,4.87585E+16
28101,28102,8,1,19,67,2016,4,22,1,3,4,2,2,1,0,1,0,0,0,0,5.3958E+20,5.40593E+21,9.53904E+15,4.88051E+16
28102,28103,8,1,27,25,2016,4,17,3,2,4,6,0,0,0,1,0,0,0,0,5.57595E+20,5.42926E+21,9.78765E+15,4.90135E+16
28103,28104,8,1,11,0,2016,4,5,3,3,2,6,1,0,0,1,0,1,0,0,5.15364E+20,5.40592E+21,9.20924E+15,4.88061E+16
28104,28105,8,1,11,0,2016,4,13,6,3,2,6,0,0,0,1,0,0,0,0,5.14159E+20,5.40604E+21,9.19283E+15,4.88072E+16
28105,28106,8,3,26,31,2016,4,8,2,3,6,4,0,1,0,1,1,0,0,0,4.56994E+20,5.33196E+21,8.42192E+15,4.81394E+16
28106,28107,8,3,36,45,2016,4,16,4,3,2,6,0,0,0,0,0,1,0,1,3.98382E+20,5.28272E+21,7.64583E+15,4.76899E+16
28107,28108,8,1,36,21,2016,4,13,1,3,2,6,0,1,0,1,0,0,0,0,5.75444E+20,5.40806E+21,1.00278E+16,4.88209E+16
28108,28109,8,3,17,5,2016,4,11,2,3,4,6,0,1,0,0,0,0,1,1,4.25514E+20,5.3755E+21,7.99112E+15,4.85282E+16
28109,28110,8,3,25,49,2016,4,8,5,3,2,6,0,0,0,1,0,0,0,0,4.70965E+20,5.33468E+21,8.60952E+15,4.81647E+16
28110,28111,8,4,17,31,2016,4,14,4,3,4,2,0,0,0,1,0,0,0,0,4.9727E+20,5.35585E+21,8.96314E+15,4.83558E+16
28111,28112,8,1,11,0,2016,4,0,2,2,5,3,2,1,0,1,0,0,0,0,5.11947E+20,5.39666E+21,9.16243E+15,4.87229E+16
28112,28113,8,1,36,19,2016,4,15,4,2,4,2,0,0,0,1,0,0,0,0,5.80518E+20,5.42514E+21,1.01003E+16,4.89739E+16
28113,28114,8,3,37,126,2016,4,11,7,3,2,6,0,0,0,1,0,0,0,0,4.44981E+20,5.27553E+21,8.26764E+15,4.76308E+16
28114,28115,8,4,25,39,2016,4,13,3,3,5,3,0,0,0,0,0,1,1,0,5.6658E+20,5.35342E+21,9.89831E+15,4.83304E+16
28115,28116,8,4,16,22,2016,4,12,6,2,5,3,0,0,0,1,0,1,0,0,5.11689E+20,5.37532E+21,9.15833E+15,4.85309E+16
28116,28117,8,4,36,95,2016,4,15,7,3,8,1,0,1,0,1,0,0,0,0,5.37698E+20,5.29409E+21,9.50341E+15,4.77991E+16
28117,28118,8,3,35,43,2016,4,18,6,3,5,3,0,0,1,0,0,0,0,1,5.10583E+20,5.28291E+21,9.14106E+15,4.76995E+16
28118,28119,8,2,11,0,2016,4,16,4,2,2,6,0,0,0,1,0,0,0,0,4.38301E+20,5.40486E+21,8.15992E+15,4.87937E+16
28119,28120,8,3,35,66,2016,4,19,7,3,1,5,0,0,0,1,0,0,0,0,5.09681E+20,5.28175E+21,9.129E+15,4.76891E+16
28120,28121,8,4,26,43,2016,4,17,6,3,3,6,0,0,0,1,0,0,0,0,5.77404E+20,5.32509E+21,1.00392E+16,4.80743E+16
28121,28122,8,1,18,73,2016,4,15,1,3,8,1,0,0,0,1,0,0,0,0,4.9715E+20,5.41589E+21,8.96111E+15,4.88959E+16
28122,28123,8,1,19,79,2016,4,7,3,3,2,6,0,1,0,1,0,0,0,0,5.23673E+20,5.4088E+21,9.32257E+15,4.88318E+16
28123,28124,8,2,26,91,2016,4,21,6,3,8,1,2,0,0,0,0,1,0,0,4.93872E+20,5.46296E+21,8.91568E+15,4.93193E+16
28124,28125,8,2,16,7,2016,4,15,7,3,2,2,0,1,0,1,0,1,0,0,4.3736E+20,5.39393E+21,8.14877E+15,4.86952E+16
28125,28126,8,1,25,98,2016,4,21,5,3,8,1,2,0,0,1,0,0,0,0,5.21473E+20,5.43834E+21,9.29415E+15,4.90975E+16
28126,28127,8,1,19,20,2016,4,16,5,3,4,2,0,0,0,1,0,0,0,0,5.1916E+20,5.40665E+21,9.26098E+15,4.88125E+16
28127,28128,8,3,15,37,2016,4,6,2,3,4,1,0,2,0,1,0,0,0,0,4.29764E+20,5.30152E+21,8.06092E+15,4.78632E+16
28128,28129,8,4,35,59,2016,4,8,4,2,1,5,0,0,0,1,0,0,0,0,5.10921E+20,5.29335E+21,9.14583E+15,4.77934E+16
28129,28130,8,4,36,8,2016,4,17,1,3,8,1,0,1,0,1,0,0,0,0,5.50911E+20,5.31259E+21,9.68203E+15,4.79646E+16
28130,28131,8,1,15,28,2016,4,21,2,3,8,7,2,0,0,0,0,0,0,1,5.01869E+20,5.4024E+21,9.02544E+15,4.87746E+16
28131,28132,8,3,17,96,2016,4,7,5,3,5,2,0,0,1,1,0,0,0,0,4.21633E+20,5.37036E+21,7.93953E+15,4.84815E+16
28132,28133,8,4,15,60,2016,4,19,4,3,0,7,1,0,1,0,0,0,0,0,5.14943E+20,5.37804E+21,9.2025E+15,4.85553E+16
28133,28134,8,4,15,89,2016,4,20,1,3,5,3,2,1,0,1,0,0,0,0,5.21535E+20,5.3599E+21,9.2909E+15,4.83919E+16
28134,28135,8,1,36,10,2016,4,16,4,2,4,6,0,0,0,1,0,1,0,0,6.03942E+20,5.41117E+21,1.04167E+16,4.88448E+16
28135,28136,8,3,26,74,2016,4,17,7,3,4,2,0,0,0,1,0,0,0,0,4.65655E+20,5.3238E+21,8.53898E+15,4.80666E+16
28136,28137,8,3,25,24,2016,4,7,3,3,8,1,0,0,0,0,0,1,0,0,4.55976E+20,5.33807E+21,8.4076E+15,4.81943E+16
28137,28138,8,4,15,78,2016,4,18,6,3,2,6,0,0,0,1,0,0,0,0,5.2755E+20,5.37226E+21,9.37296E+15,4.85029E+16
28138,28139,8,3,27,25,2016,4,7,6,2,5,3,0,0,0,1,0,0,0,0,4.80706E+20,5.3091E+21,8.74168E+15,4.7935E+16
28139,28140,8,1,16,42,2016,4,9,3,3,9,1,0,1,0,1,0,0,0,0,5.17129E+20,5.38065E+21,9.23224E+15,4.85787E+16
28140,28141,8,2,16,22,2016,4,20,6,3,0,2,1,0,0,1,0,0,0,0,4.34768E+20,5.40532E+21,8.11175E+15,4.87975E+16