FID,OBJECTID,ULAND,UREGBEZ,UKREIS,UGEMEINDE,UJAHR,UMONAT,USTUNDE,UWOCHENTAG,UKATEGORIE,UART,UTYP1,ULICHTVERH,IstStrasse,IstRad,IstPKW,IstFuss,IstKrad,IstGkfz,IstSonstig,LINREFX,LINREFY,XGCSWGS84,YGCSWGS84
28322,28323,8,4,15,87,2016,4,9,5,3,5,2,0,0,0,1,0,0,0,0,5.12358E+20,5.38197E+21,9.16759E+15,4.85907E+16
28323,28324,8,1,25,68,2016,4,19,5,3,5,3,0,0,0,1,0,1,0,0,5.19592E+20,5.45979E+21,9.26943E+15,4.92906E+16
28324,28325,8,1,27,25,2016,4,15,2,3,2,2,0,0,0,1,0,0,0,0,5.54003E+20,5.43323E+21,9.73906E+15,4.90496E+16
28325,28326,8,4,36,55,2016,4,11,4,2,9,1,0,0,0,1,0,0,0,0,5.71619E+20,5.29255E+21,9.95609E+15,4.77824E+16
28326,28327,8,1,18,49,2016,4,22,7,2,8,1,2,1,0,0,0,1,0,0,5.23202E+20,5.42268E+21,9.31695E+15,4.89566E+16
28327,28328,8,1,15,3,2016,4,6,2,3,2,6,0,1,0,1,0,0,0,0,4.98275E+20,5.3928E+21,8.97656E+15,4.86883E+16
28328,28329,8,2,16,43,2016,4,4,1,3,5,3,2,1,0,1,0,0,0,0,4.41588E+20,5.41128E+21,8.20375E+15,4.88518E+16
28329,28330,8,1,16,33,2016,4,2,7,3,9,6,2,1,0,1,0,0,0,0,5.38424E+20,5.38634E+21,9.52147E+15,4.86289E+16
28330,28331,8,1,15,51,2016,4,9,2,3,5,3,0,0,0,1,0,0,0,0,5.04176E+20,5.38548E+21,9.05667E+15,4.86224E+16
28331,28332,8,2,15,66,2016,4,19,4,3,1,6,0,0,1,1,0,0,0,0,4.56766E+20,5.45334E+21,8.40615E+15,4.92313E+16
28332,28333,8,4,37,100,2016,4,17,6,2,5,3,0,0,1,1,0,0,0,0,5.36742E+20,5.3196E+21,9.49283E+15,4.80286E+16
28333,28334,8,1,15,28,2016,4,7,1,3,8,7,0,0,0,1,0,0,0,0,4.99028E+20,5.40372E+21,8.98677E+15,4.87865E+16
28334,28335,8,1,15,45,2016,4,8,7,2,5,3,0,1,0,1,0,0,0,0,4.98322E+20,5.39448E+21,8.97719E+15,4.87033E+16
28335,28336,8,2,36,4,2016,4,22,7,3,2,6,2,1,0,1,0,0,0,0,4.74242E+20,5.41411E+21,8.64868E+15,4.88794E+16
28336,28337,8,1,11,0,2016,4,13,4,3,5,2,0,0,0,1,0,0,0,0,5.1038E+20,5.40965E+21,9.14146E+15,4.88397E+16
28337,28338,8,4,37,100,2016,4,13,7,3,8,1,0,0,1,0,0,0,0,0,5.33687E+20,5.31892E+21,9.4518E+15,4.80227E+16
28338,28339,8,1,35,20,2016,4,17,3,3,2,6,0,0,0,1,0,0,1,1,5.85786E+20,5.38094E+21,1.0163E+16,4.85757E+16
28339,28340,8,1,11,0,2016,4,9,3,3,5,2,0,0,1,1,0,0,0,0,5.13354E+20,5.40448E+21,9.18183E+15,4.87932E+16
28340,28341,8,1,15,37,2016,4,15,6,3,5,3,0,0,0,1,0,0,1,0,4.92315E+20,5.38528E+21,8.89572E+15,4.86205E+16
28341,28342,8,3,27,2,2016,4,5,2,2,5,3,1,1,0,1,0,0,0,0,4.77101E+20,5.3291E+21,8.69233E+15,4.81147E+16
28342,28343,8,3,37,116,2016,4,9,4,3,2,2,0,0,0,1,0,0,0,0,4.1775E+20,5.2708E+21,7.90611E+15,4.75854E+16
28343,28344,8,3,17,96,2016,4,17,2,3,2,2,0,1,0,1,0,0,0,0,4.20728E+20,5.36576E+21,7.92815E+15,4.844E+16
28344,28345,8,3,25,53,2016,4,21,5,3,4,6,2,0,0,1,0,0,0,1,4.55368E+20,5.34222E+21,8.39899E+15,4.82316E+16
28345,28346,8,3,35,28,2016,4,17,4,3,0,6,0,0,0,1,0,0,0,1,4.85328E+20,5.28723E+21,8.80431E+15,4.77383E+16
28346,28347,8,1,18,51,2016,4,7,4,2,6,4,0,0,1,0,1,0,0,0,5.09707E+20,5.41506E+21,9.13242E+15,4.88884E+16
28347,28348,8,1,18,73,2016,4,14,7,3,9,1,0,1,0,1,0,0,0,0,4.95911E+20,5.41967E+21,8.94417E+15,4.893E+16
28348,28349,8,4,25,73,2016,4,16,3,2,5,3,0,0,0,1,0,0,1,0,5.43895E+20,5.345E+21,9.59138E+15,4.82567E+16
28349,28350,8,4,15,58,2016,4,9,6,2,8,1,0,0,0,0,0,0,1,0,5.26881E+20,5.34692E+21,9.36229E+15,4.82749E+16
28350,28351,8,4,35,30,2016,4,20,7,2,4,6,2,1,1,0,0,0,0,0,5.40659E+20,5.27264E+21,9.54095E+15,4.76059E+16
28351,28352,8,1,18,60,2016,4,6,3,2,5,3,0,1,0,1,0,1,0,0,5.23129E+20,5.42975E+21,9.31635E+15,4.90202E+16
28352,28353,8,2,25,67,2016,4,15,6,3,2,6,0,0,0,1,0,0,0,0,5.11198E+20,5.46118E+21,9.15403E+15,4.93032E+16
28353,28354,8,1,18,80,2016,4,13,7,3,2,6,0,1,0,1,0,0,0,0,5.09287E+20,5.41193E+21,9.12662E+15,4.88603E+16
28354,28355,8,2,22,0,2016,4,10,5,3,3,6,0,0,0,1,0,0,1,0,4.64696E+20,5.4775E+21,8.51293E+15,4.94491E+16
28355,28356,8,4,26,67,2016,4,13,6,3,8,7,0,0,0,1,0,0,0,0,5.22627E+20,5.33603E+21,9.30437E+15,4.81771E+16
28356,28357,8,1,36,65,2016,4,17,1,3,4,6,0,1,0,1,0,0,0,0,5.61261E+20,5.40689E+21,9.83442E+15,4.8812E+16
28357,28358,8,1,21,0,2016,4,7,3,3,2,6,0,1,0,1,0,0,0,0,5.16325E+20,5.44162E+21,9.22376E+15,4.91272E+16
28358,28359,8,2,15,109,2016,4,16,6,3,2,6,0,0,0,1,0,0,0,1,4.62102E+20,5.43739E+21,8.48094E+15,4.90882E+16
28359,28360,8,2,21,0,2016,4,17,7,3,2,6,0,0,0,1,0,1,0,0,4.77537E+20,5.47193E+21,8.6904E+15,4.93996E+16
28360,28361,8,4,35,16,2016,4,7,7,2,5,3,0,0,0,1,0,0,1,0,5.34912E+20,5.27825E+21,9.46495E+15,4.76567E+16
28361,28362,8,1,19,76,2016,4,7,5,3,5,3,0,0,0,1,0,0,0,0,5.41714E+20,5.40663E+21,9.56817E+15,4.88113E+16
28362,28363,8,4,36,55,2016,4,17,5,3,2,6,0,0,0,1,0,0,0,0,5.80184E+20,5.28787E+21,1.00695E+16,4.77392E+16
28363,28364,8,3,17,96,2016,4,8,2,3,0,6,0,0,0,0,0,0,0,1,4.21264E+20,5.36876E+21,7.93484E+15,4.8467E+16
28364,28365,8,3,35,63,2016,4,12,4,3,5,3,0,0,1,1,0,0,0,0,4.96344E+20,5.28729E+21,8.95123E+15,4.77389E+16
28365,28366,8,2,12,0,2016,4,8,2,3,5,3,0,0,1,1,0,0,0,0,4.56408E+20,5.42445E+21,8.40435E+15,4.89714E+16
28366,28367,8,3,17,150,2016,4,8,5,3,2,6,0,0,0,1,0,0,1,0,4.1065E+20,5.35704E+21,7.79377E+15,4.83602E+16
28367,28368,8,4,16,36,2016,4,9,4,3,5,3,0,0,0,1,0,1,0,0,4.95238E+20,5.36884E+21,8.93557E+15,4.84727E+16
28368,28369,8,4,25,91,2016,4,16,1,2,5,3,0,0,0,1,0,0,0,0,5.50838E+20,5.3388E+21,9.68417E+15,4.82004E+16
28369,28370,8,1,27,59,2016,4,18,4,3,0,1,0,0,1,0,0,0,0,0,5.49447E+20,5.43835E+21,9.67735E+15,4.9096E+16
28370,28371,8,1,36,42,2016,4,1,7,3,8,1,2,1,0,1,0,0,0,0,5.5154E+20,5.40518E+21,9.70181E+15,4.87975E+16
28371,28372,8,3,27,46,2016,4,17,3,2,5,3,0,0,1,1,0,0,0,0,4.80836E+20,5.32428E+21,8.74273E+15,4.80715E+16
28372,28373,8,4,15,85,2016,4,19,6,3,2,6,0,0,0,1,0,0,0,0,5.34124E+20,5.34219E+21,9.45952E+15,4.82321E+16
28373,28374,8,3,26,12,2016,4,20,6,3,1,1,0,0,0,0,0,1,1,0,4.64258E+20,5.31088E+21,8.52132E+15,4.79502E+16
28374,28375,8,1,16,72,2016,4,18,3,3,2,1,0,0,0,1,0,0,0,0,5.29083E+20,5.3933E+21,9.39518E+15,4.8692E+16
28375,28376,8,2,16,23,2016,4,14,6,3,1,6,0,0,0,1,0,0,0,0,4.3787E+20,5.40755E+21,8.15365E+15,4.88178E+16
28376,28377,8,1,17,55,2016,4,9,7,3,8,1,0,0,0,1,0,0,0,0,5.42588E+20,5.39968E+21,9.57935E+15,4.87487E+16
28377,28378,8,2,16,39,2016,4,10,5,3,5,3,0,0,0,1,0,0,0,0,4.44656E+20,5.41528E+21,8.24503E+15,4.8888E+16
28378,28379,8,4,35,16,2016,4,8,5,2,8,1,0,0,0,1,0,0,0,0,5.36719E+20,5.28426E+21,9.48951E+15,4.77107E+16
28379,28380,8,1,36,82,2016,4,16,5,3,0,7,0,0,0,1,0,0,1,0,5.86072E+20,5.41504E+21,1.0174E+16,4.88823E+16
28380,28381,8,2,25,14,2016,4,6,2,2,8,1,0,0,0,1,0,0,0,0,5.19086E+20,5.48249E+21,9.26357E+15,4.94947E+16
28381,28382,8,1,15,13,2016,4,7,5,3,3,6,0,0,0,1,0,1,0,0,4.95375E+20,5.39237E+21,8.93716E+15,4.86843E+16
28382,28383,8,1,21,0,2016,4,7,2,3,5,3,0,0,1,1,0,0,0,0,5.16702E+20,5.44245E+21,9.22897E+15,4.91347E+16
28383,28384,8,3,15,47,2016,4,7,4,3,5,3,0,0,1,1,0,0,0,0,4.16187E+20,5.32063E+21,7.87571E+15,4.80334E+16
28384,28385,8,3,26,74,2016,4,3,1,3,1,7,2,1,0,1,0,0,0,0,4.58187E+20,5.32601E+21,8.43854E+15,4.8086E+16
28385,28386,8,1,21,0,2016,4,14,2,3,2,6,0,1,0,1,0,1,0,0,5.16746E+20,5.44303E+21,9.22959E+15,4.91399E+16
28386,28387,8,2,36,40,2016,4,17,5,2,0,1,0,0,1,0,0,0,0,0,4.89878E+20,5.42469E+21,8.86168E+15,4.8975E+16
28387,28388,8,2,31,0,2016,4,22,4,3,5,3,2,0,0,1,0,0,0,0,4.77584E+20,5.41568E+21,8.69418E+15,4.88937E+16
28388,28389,8,2,31,0,2016,4,20,1,2,9,1,1,1,0,1,0,0,0,0,4.76526E+20,5.41256E+21,8.67993E+15,4.88656E+16
28389,28390,8,2,15,46,2016,4,10,2,3,2,6,0,0,0,1,0,0,1,0,4.48197E+20,5.41544E+21,8.2933E+15,4.88898E+16
28390,28391,8,1,17,24,2016,4,7,5,3,4,6,0,0,0,1,0,0,0,0,5.64728E+20,5.3879E+21,9.87865E+15,4.86408E+16
28391,28392,8,2,12,0,2016,4,8,2,3,2,6,0,0,0,1,0,0,0,1,4.58842E+20,5.42497E+21,8.43756E+15,4.89763E+16
28392,28393,8,1,26,85,2016,4,11,2,2,3,6,0,0,0,1,0,0,0,0,5.48315E+20,5.45041E+21,9.66329E+15,4.92046E+16
28393,28394,8,3,15,50,2016,4,17,4,3,1,5,0,0,0,1,0,0,0,0,3.9997E+20,5.30398E+21,7.66209E+15,4.78813E+16
28394,28395,8,4,25,39,2016,4,15,1,3,3,6,0,0,0,1,0,0,0,0,5.68567E+20,5.35112E+21,9.92474E+15,4.83096E+16
28395,28396,8,1,27,62,2016,4,14,2,3,4,1,0,1,0,1,0,0,0,0,5.47601E+20,5.43072E+21,9.65116E+15,4.90275E+16
28396,28397,8,3,11,0,2016,4,17,5,3,5,2,0,0,1,1,0,0,0,0,4.13617E+20,5.31663E+21,7.84204E+15,4.79971E+16
28397,28398,8,3,36,14,2016,4,15,1,2,2,6,0,0,0,1,0,0,0,0,3.89199E+20,5.28066E+21,7.52402E+15,4.76698E+16
28398,28399,8,1,25,57,2016,4,7,4,3,5,3,0,0,0,1,0,0,0,0,5.23905E+20,5.4414E+21,9.32765E+15,4.91249E+16
28399,28400,8,1,36,88,2016,4,9,7,2,3,1,0,1,0,1,0,0,1,0,5.88877E+20,5.40653E+21,1.02104E+16,4.88054E+16
28400,28401,8,3,26,31,2016,4,11,7,2,0,1,0,1,1,0,0,0,0,0,4.56908E+20,5.33165E+21,8.42079E+15,4.81366E+16
28401,28402,8,1,19,41,2016,4,16,4,3,4,1,0,0,1,1,0,0,0,0,5.27335E+20,5.40876E+21,9.37247E+15,4.88312E+16
28402,28403,8,3,15,74,2016,4,17,3,3,1,6,0,0,0,1,0,0,0,0,3.96794E+20,5.29838E+21,7.62095E+15,4.78305E+16
28403,28404,8,3,36,87,2016,4,15,6,2,9,1,0,0,0,1,0,0,0,0,4.23228E+20,5.29922E+21,7.97395E+15,4.78417E+16
28404,28405,8,3,15,108,2016,4,15,6,3,2,6,0,0,0,1,0,0,0,0,4.04772E+20,5.3043E+21,7.72622E+15,4.7885E+16
28405,28406,8,4,37,44,2016,4,16,2,2,5,2,0,0,0,1,0,0,0,0,5.34227E+20,5.32161E+21,9.45926E+15,4.80469E+16
28406,28407,8,2,12,0,2016,4,14,3,2,2,6,0,0,0,1,0,0,1,0,4.58787E+20,5.42587E+21,8.43671E+15,4.89843E+16
28407,28408,8,1,25,56,2016,4,16,3,3,5,3,0,0,0,1,0,0,0,0,5.12116E+20,5.43593E+21,9.1659E+15,4.90761E+16
28408,28409,8,1,16,71,2016,4,13,6,3,8,7,0,0,0,1,0,0,0,0,5.27549E+20,5.38997E+21,9.37412E+15,4.86622E+16
28409,28410,8,1,11,0,2016,4,5,7,2,8,1,1,0,0,1,0,0,0,0,5.16524E+20,5.40431E+21,9.22498E+15,4.87916E+16
28410,28411,8,2,12,0,2016,4,17,5,3,2,6,0,0,0,1,0,0,0,0,4.53429E+20,5.42836E+21,8.3632E+15,4.90064E+16
28411,28412,8,4,35,67,2016,4,7,2,3,4,6,0,0,0,1,0,0,0,0,5.26821E+20,5.29183E+21,9.35803E+15,4.77793E+16
28412,28413,8,4,26,21,2016,4,17,5,1,4,1,0,0,0,1,0,0,0,0,5.59537E+20,5.32252E+21,9.79895E+15,4.80532E+16
28413,28414,8,1,26,46,2016,4,14,5,3,6,4,0,0,0,0,1,0,0,1,5.50004E+20,5.45867E+21,9.68749E+15,4.92787E+16
28414,28415,8,4,25,31,2016,4,6,2,2,3,6,0,0,0,1,0,0,1,0,5.64549E+20,5.37003E+21,9.87346E+15,4.84801E+16
28415,28416,8,1,11,0,2016,4,17,5,3,5,3,0,0,0,1,0,1,0,0,5.10477E+20,5.39717E+21,9.14247E+15,4.87275E+16
28416,28417,8,1,15,45,2016,4,22,2,3,2,6,2,0,0,1,0,0,0,0,5.03423E+20,5.39444E+21,9.04652E+15,4.8703E+16
28417,28418,8,2,12,0,2016,4,21,1,3,0,7,2,1,0,1,0,0,0,0,4.54186E+20,5.42721E+21,8.37368E+15,4.89961E+16
28418,28419,8,1,18,18,2016,4,13,2,2,4,7,0,0,0,1,0,0,1,0,5.1195E+20,5.43141E+21,9.1635E+15,4.90354E+16
28419,28420,8,2,22,0,2016,4,7,4,3,6,7,0,0,1,0,1,0,0,0,4.63333E+20,5.47824E+21,8.49406E+15,4.94557E+16
28420,28421,8,2,11,0,2016,4,20,1,3,2,1,1,2,0,1,0,0,0,0,4.4628E+20,5.40242E+21,8.26887E+15,4.87725E+16
28421,28422,8,1,17,23,2016,4,14,7,2,8,1,0,1,0,1,0,0,0,0,5.47743E+20,5.38896E+21,9.64823E+15,4.86519E+16
28422,28423,8,2,37,45,2016,4,18,7,3,9,1,0,1,0,1,0,0,0,0,4.59034E+20,5.36086E+21,8.44654E+15,4.83996E+16
28423,28424,8,1,15,45,2016,4,17,4,3,2,6,0,0,0,1,0,0,0,0,4.99937E+20,5.39459E+21,8.99915E+15,4.87044E+16
28424,28425,8,4,36,52,2016,4,17,7,3,5,3,0,0,0,1,0,1,0,0,5.68443E+20,5.28991E+21,9.91328E+15,4.7759E+16
28425,28426,8,4,25,75,2016,4,9,7,2,4,1,0,1,0,1,0,1,0,0,5.65821E+20,5.37888E+21,9.89206E+15,4.85595E+16
28426,28427,8,2,31,0,2016,4,7,7,3,2,6,0,2,0,1,0,0,0,0,4.73034E+20,5.41746E+21,8.63199E+15,4.89095E+16
28427,28428,8,1,17,51,2016,4,3,4,3,9,1,2,0,0,1,0,0,0,0,5.4155E+20,5.39598E+21,9.56486E+15,4.87155E+16
28428,28429,8,2,12,0,2016,4,7,3,3,5,3,0,0,0,1,0,0,1,0,4.59623E+20,5.42778E+21,8.44795E+15,4.90016E+16
28429,28430,8,4,36,94,2016,4,12,7,3,5,3,0,1,0,1,0,0,0,0,5.74747E+20,5.28122E+21,9.99589E+15,4.76801E+16
28430,28431,8,3,35,77,2016,4,15,2,2,5,2,0,0,0,1,0,0,0,0,4.93619E+20,5.2909E+21,8.91484E+15,4.77715E+16
28431,28432,8,2,26,81,2016,4,6,3,3,5,3,0,0,0,1,0,0,0,1,4.98281E+20,5.47217E+21,8.97631E+15,4.94022E+16
28432,28433,8,1,18,10,2016,4,11,3,2,5,3,0,0,0,1,0,0,0,0,5.06955E+20,5.4323E+21,9.09518E+15,4.90435E+16
28433,28434,8,1,25,8,2016,4,10,6,3,8,1,0,0,0,1,0,0,0,0,5.28665E+20,5.43274E+21,9.39228E+15,4.90469E+16
28434,28435,8,4,15,34,2016,4,15,2,2,5,3,0,1,0,1,0,1,0,0,5.35278E+20,5.34689E+21,9.47546E+15,4.82743E+16
28435,28436,8,3,11,0,2016,4,16,5,3,2,6,0,0,0,1,0,0,1,0,4.0876E+20,5.31917E+21,7.77641E+15,4.80193E+16
28436,28437,8,1,21,0,2016,4,17,5,3,2,6,0,0,0,1,0,0,0,0,5.12751E+20,5.44486E+21,9.17488E+15,4.91565E+16
28437,28438,8,4,36,18,2016,4,17,4,3,2,6,0,0,0,1,0,0,0,1,5.53695E+20,5.28595E+21,9.71602E+15,4.77247E+16
28438,28439,8,1,15,45,2016,4,18,7,3,5,3,0,0,0,1,0,0,0,0,5.00142E+20,5.39447E+21,9.00193E+15,4.87033E+16
28439,28440,8,4,36,94,2016,4,18,1,2,4,6,0,1,0,1,0,0,0,0,5.71348E+20,5.27982E+21,9.95038E+15,4.76679E+16
28440,28441,8,1,28,139,2016,4,16,7,3,0,6,0,0,0,1,0,0,0,0,5.58982E+20,5.48823E+21,9.81532E+15,4.95438E+16
28441,28442,8,2,15,59,2016,4,17,4,3,4,1,0,0,0,1,0,1,0,0,4.88239E+20,5.43348E+21,8.83903E+15,4.90541E+16
28442,28443,8,4,36,55,2016,4,7,6,3,0,7,0,0,1,1,0,0,0,0,5.7638E+20,5.2972E+21,1.00205E+16,4.78236E+16
28443,28444,8,1,19,90,2016,4,17,1,3,4,1,0,1,0,1,0,0,0,0,5.34491E+20,5.4068E+21,9.46981E+15,4.88132E+16
28444,28445,8,1,27,43,2016,4,9,3,2,0,2,0,1,0,1,0,0,0,0,5.67667E+20,5.44686E+21,9.92832E+15,4.91708E+16
28445,28446,8,2,36,46,2016,4,14,6,3,2,6,0,0,0,1,0,0,0,0,4.83983E+20,5.41636E+21,8.78146E+15,4.88999E+16
28446,28447,8,2,26,49,2016,4,21,7,2,0,1,2,0,0,1,0,0,0,0,4.86659E+20,5.46231E+21,8.81645E+15,4.93134E+16
28447,28448,8,1,11,0,2016,4,15,4,3,3,6,0,0,0,1,0,0,0,1,5.1159E+20,5.40882E+21,9.15793E+15,4.88322E+16
28448,28449,8,4,36,49,2016,4,12,7,3,8,1,0,1,0,1,0,0,0,0,5.74235E+20,5.28504E+21,9.98973E+15,4.77145E+16
28449,28450,8,1,26,66,2016,4,9,3,3,1,1,0,0,0,1,0,0,0,0,5.34395E+20,5.45106E+21,9.47224E+15,4.92114E+16
28450,28451,8,4,36,64,2016,4,14,2,3,2,6,0,1,0,1,0,0,0,0,5.46084E+20,5.29365E+21,9.61534E+15,4.77945E+16
28451,28452,8,1,11,0,2016,4,19,6,3,2,6,1,0,0,1,0,0,0,0,5.14925E+20,5.40476E+21,9.20323E+15,4.87956E+16
28452,28453,8,3,26,74,2016,4,7,2,3,5,3,0,1,1,1,0,0,0,0,4.64463E+20,5.32348E+21,8.52301E+15,4.80636E+16
28453,28454,8,3,35,79,2016,4,14,4,3,5,3,0,0,0,1,0,1,0,0,5.00474E+20,5.29993E+21,9.00633E+15,4.78527E+16
28454,28455,8,2,26,96,2016,4,11,2,3,0,4,0,1,0,0,1,1,0,0,4.75802E+20,5.48888E+21,8.66545E+15,4.9552E+16
28455,28456,8,3,16,17,2016,4,7,2,2,7,1,0,1,0,0,0,1,0,0,4.1417E+20,5.34043E+21,7.84467E+15,4.82113E+16
28456,28457,8,3,17,41,2016,4,8,5,3,2,6,0,0,0,1,0,0,0,0,4.39131E+20,5.34883E+21,8.17941E+15,4.82897E+16
28457,28458,8,4,17,63,2016,4,0,4,3,0,1,2,0,0,0,0,1,0,0,5.06817E+20,5.33663E+21,9.09171E+15,4.81829E+16
28458,28459,8,4,35,16,2016,4,8,1,2,9,7,0,0,0,1,0,0,0,0,5.36859E+20,5.28013E+21,9.49103E+15,4.76735E+16
28459,28460,8,1,36,65,2016,4,15,4,3,0,6,0,0,1,0,0,0,0,1,5.58846E+20,5.4059E+21,9.8014E+15,4.88033E+16
28460,28461,8,2,15,9,2016,4,11,3,3,5,3,0,0,1,1,0,0,0,0,4.70884E+20,5.44242E+21,8.60086E+15,4.91339E+16
28461,28462,8,1,15,24,2016,4,18,3,3,2,6,0,0,0,1,0,0,0,0,5.00814E+20,5.38654E+21,9.01105E+15,4.8632E+16
28462,28463,8,1,17,37,2016,4,17,6,3,0,1,0,0,0,0,0,1,0,0,5.54684E+20,5.39756E+21,9.7436E+15,4.87287E+16
28463,28464,8,3,35,79,2016,4,17,2,3,5,3,0,1,0,1,0,0,0,0,4.99048E+20,5.29817E+21,8.98727E+15,4.78368E+16
28464,28465,8,3,26,74,2016,4,18,5,3,1,6,0,0,0,1,0,0,0,0,4.60114E+20,5.32404E+21,8.46459E+15,4.80684E+16
28465,28466,8,4,35,16,2016,4,21,4,2,0,7,2,0,0,0,0,1,0,0,5.38601E+20,5.28116E+21,9.51432E+15,4.76827E+16
28466,28467,8,1,17,25,2016,4,13,4,3,1,6,0,0,0,1,0,0,0,0,5.58136E+20,5.38829E+21,9.78924E+15,4.86449E+16
28467,28468,8,1,28,115,2016,4,11,7,3,2,1,0,1,0,1,0,0,0,0,5.48259E+20,5.49325E+21,9.66772E+15,4.95899E+16
28468,28469,8,4,21,0,2016,4,11,6,3,2,6,0,0,0,1,0,0,0,0,5.70133E+20,5.36151E+21,9.94758E+15,4.84028E+16
28469,28470,8,1,17,15,2016,4,11,1,3,5,3,0,0,0,1,0,0,0,0,5.60429E+20,5.39413E+21,9.82122E+15,4.86973E+16
28470,28471,8,1,19,44,2016,4,21,3,2,9,1,2,0,1,1,0,0,0,0,5.4279E+20,5.42616E+21,9.58487E+15,4.89868E+16
28471,28472,8,2,26,84,2016,4,13,6,3,2,2,0,0,0,1,0,0,0,0,4.67933E+20,5.4696E+21,8.55822E+15,4.93782E+16
28472,28473,8,2,16,43,2016,4,2,7,3,9,1,2,0,0,1,0,0,0,0,4.41349E+20,5.4107E+21,8.20057E+15,4.88465E+16
28473,28474,8,2,26,12,2016,4,15,5,2,2,6,0,0,0,1,0,1,0,0,4.75932E+20,5.47763E+21,8.66793E+15,4.94508E+16
28474,28475,8,3,36,14,2016,4,16,2,3,4,6,0,1,0,1,0,0,0,1,3.92728E+20,5.28384E+21,7.57024E+15,4.76991E+16
28475,28476,8,1,19,6,2016,4,6,5,3,3,6,0,0,0,1,0,1,0,0,5.36556E+20,5.42036E+21,9.49915E+15,4.8935E+16
28476,28477,8,2,26,85,2016,4,8,2,3,2,6,0,0,0,1,0,0,1,0,4.88637E+20,5.45567E+21,8.84385E+15,4.92537E+16
28477,28478,8,3,26,12,2016,4,18,4,3,9,1,0,1,0,0,0,1,0,1,4.68385E+20,5.30829E+21,8.57677E+15,4.79272E+16
28478,28479,8,4,35,52,2016,4,11,1,3,8,1,0,1,1,0,0,0,0,0,5.27995E+20,5.29356E+21,9.37382E+15,4.77948E+16
28479,28480,8,1,11,0,2016,4,1,2,3,8,1,2,1,0,1,0,0,0,0,5.12266E+20,5.39413E+21,9.1667E+15,4.87001E+16
28480,28481,8,3,17,34,2016,4,15,5,2,4,6,0,0,1,0,0,0,0,0,4.26374E+20,5.36269E+21,8.00502E+15,4.84131E+16
28481,28482,8,4,15,61,2016,4,13,4,3,2,2,0,0,0,1,0,1,0,0,5.15239E+20,5.37046E+21,9.20623E+15,4.84871E+16
28482,28483,8,3,36,79,2016,4,21,1,3,4,1,2,1,0,1,0,0,0,0,4.17051E+20,5.29291E+21,7.89262E+15,4.77842E+16
28483,28484,8,1,25,27,2016,4,11,4,2,2,6,0,0,0,0,0,0,1,1,5.20837E+20,5.44525E+21,9.2858E+15,4.91597E+16
28484,28485,8,1,25,58,2016,4,13,7,2,2,6,0,1,0,1,0,0,0,1,5.08147E+20,5.44422E+21,9.11173E+15,4.91507E+16
28485,28486,8,3,25,60,2016,4,14,3,3,5,3,0,0,0,1,0,1,0,0,4.69504E+20,5.33884E+21,8.58957E+15,4.82021E+16
28486,28487,8,4,15,78,2016,4,17,6,3,8,1,0,0,0,0,0,1,0,0,5.34817E+20,5.36783E+21,9.47097E+15,4.84626E+16
28487,28488,8,3,17,145,2016,4,14,6,3,8,1,0,0,0,1,0,0,0,0,4.459E+20,5.34899E+21,8.27063E+15,4.82918E+16
28488,28489,8,4,36,9,2016,4,9,2,3,5,3,0,0,1,1,0,0,0,0,5.55724E+20,5.30809E+21,9.74592E+15,4.79237E+16
28489,28490,8,2,15,59,2016,4,16,6,3,5,3,0,0,0,1,0,0,0,0,4.84161E+20,5.43632E+21,8.78311E+15,4.90796E+16
28490,28491,8,1,15,28,2016,4,7,7,3,2,6,0,1,0,1,0,0,0,1,5.00034E+20,5.40531E+21,9.00047E+15,4.88007E+16
28491,28492,8,1,25,69,2016,4,13,7,2,4,2,0,1,0,1,0,0,0,0,5.25038E+20,5.45375E+21,9.34395E+15,4.9236E+16
28492,28493,8,4,16,31,2016,4,17,3,3,5,3,0,0,0,1,0,1,0,0,5.0252E+20,5.36198E+21,9.03405E+15,4.8411E+16
28493,28494,8,4,15,60,2016,4,20,6,3,8,1,2,0,0,1,0,0,0,0,5.12638E+20,5.37779E+21,9.17126E+15,4.8553E+16
28494,28495,8,4,35,29,2016,4,10,7,3,2,6,0,1,0,1,0,0,0,0,5.43972E+20,5.27292E+21,9.58505E+15,4.76082E+16
28495,28496,8,3,35,43,2016,4,11,6,2,6,2,0,0,0,1,1,0,0,0,5.10954E+20,5.28201E+21,9.14598E+15,4.76914E+16
28496,28497,8,1,17,30,2016,4,13,3,3,6,4,0,0,0,1,1,0,0,0,5.47923E+20,5.38965E+21,9.65076E+15,4.8658E+16
28497,28498,8,2,16,59,2016,4,18,6,2,2,6,0,0,0,1,0,0,0,0,4.52672E+20,5.39696E+21,8.35648E+15,4.87239E+16
28498,28499,8,1,28,14,2016,4,13,7,3,8,1,0,1,0,1,0,0,0,0,5.48439E+20,5.47776E+21,9.66831E+15,4.94506E+16
28499,28500,8,2,22,0,2016,4,16,5,3,5,6,0,0,1,0,0,0,0,0,4.60846E+20,5.48125E+21,8.45945E+15,4.94827E+16
28500,28501,8,1,16,35,2016,4,8,5,2,1,6,0,0,0,1,0,0,0,1,5.29783E+20,5.38884E+21,9.40438E+15,4.86519E+16
28501,28502,8,2,36,39,2016,4,9,2,3,2,2,0,0,0,1,0,0,0,0,4.90292E+20,5.41089E+21,8.86766E+15,4.88509E+16
28502,28503,8,1,16,22,2016,4,17,5,3,2,6,0,0,0,1,0,0,0,0,5.21761E+20,5.38166E+21,9.29509E+15,4.85876E+16