FID,OBJECTID,ULAND,UREGBEZ,UKREIS,UGEMEINDE,UJAHR,UMONAT,USTUNDE,UWOCHENTAG,UKATEGORIE,UART,UTYP1,ULICHTVERH,IstStrasse,IstRad,IstPKW,IstFuss,IstKrad,IstGkfz,IstSonstig,LINREFX,LINREFY,XGCSWGS84,YGCSWGS84
28684,28685,8,1,35,21,2016,4,18,4,3,4,2,0,0,0,1,0,0,0,0,5.93664E+20,5.3831E+21,1.02703E+16,4.8594E+16
28685,28686,8,4,26,45,2016,4,12,3,3,5,3,0,1,0,1,0,1,0,0,5.34035E+20,5.32764E+21,9.45715E+15,4.81011E+16
28686,28687,8,1,27,14,2016,4,10,7,3,2,6,0,0,0,1,0,0,0,0,5.77549E+20,5.44329E+21,1.00632E+16,4.91376E+16
28687,28688,8,1,27,52,2016,4,9,7,2,5,3,0,0,0,1,0,0,1,0,5.42392E+20,5.43625E+21,9.58049E+15,4.90776E+16
28688,28689,8,2,26,38,2016,4,17,4,2,8,7,0,0,0,1,0,0,0,0,4.69593E+20,5.48174E+21,8.58017E+15,4.94876E+16
28689,28690,8,2,15,90,2016,4,10,4,3,5,3,0,0,0,1,0,0,0,0,4.65408E+20,5.43261E+21,8.52663E+15,4.90454E+16
28690,28691,8,1,36,68,2016,4,23,7,3,0,7,2,1,0,1,0,0,0,0,5.95989E+20,5.42704E+21,1.03121E+16,4.89888E+16
28691,28692,8,2,15,100,2016,4,13,7,3,3,6,0,0,0,1,0,0,0,0,4.70931E+20,5.45116E+21,8.60087E+15,4.92125E+16
28692,28693,8,2,25,24,2016,4,13,5,3,8,1,0,1,0,1,0,0,0,0,5.11201E+20,5.47667E+21,9.15452E+15,4.94426E+16
28693,28694,8,2,36,68,2016,4,7,3,2,9,1,1,2,0,1,0,0,0,0,4.86827E+20,5.41398E+21,8.82034E+15,4.88786E+16
28694,28695,8,4,35,59,2016,4,20,4,3,5,3,2,0,0,1,0,0,0,0,5.13496E+20,5.29196E+21,9.18016E+15,4.77809E+16
28695,28696,8,4,35,59,2016,4,7,5,3,5,2,0,0,1,1,0,0,0,0,5.15035E+20,5.29101E+21,9.20067E+15,4.77723E+16
28696,28697,8,1,11,0,2016,4,7,7,3,8,7,0,0,0,1,0,0,0,0,5.18678E+20,5.40065E+21,9.25414E+15,4.87586E+16
28697,28698,8,1,19,41,2016,4,11,4,2,5,3,0,0,1,1,0,0,0,0,5.26032E+20,5.4114E+21,9.35488E+15,4.88551E+16
28698,28699,8,4,26,38,2016,4,14,3,2,8,1,0,1,0,1,0,0,0,0,5.5789E+20,5.31451E+21,9.77577E+15,4.79813E+16
28699,28700,8,3,16,17,2016,4,17,6,3,2,6,0,0,0,1,0,0,0,0,4.07071E+20,5.34205E+21,7.74878E+15,4.82248E+16
28700,28701,8,1,18,78,2016,4,7,6,3,4,6,0,0,0,1,0,0,1,0,5.15139E+20,5.4207E+21,9.20672E+15,4.8939E+16
28701,28702,8,1,36,88,2016,4,11,3,2,8,1,0,1,0,1,0,0,0,0,5.86625E+20,5.40637E+21,1.01797E+16,4.88043E+16
28702,28703,8,3,17,40,2016,4,7,6,3,5,3,0,0,0,1,0,0,0,0,4.3205E+20,5.34765E+21,8.08415E+15,4.82784E+16
28703,28704,8,1,35,16,2016,4,16,5,3,2,6,0,1,0,1,0,0,0,1,5.9226E+20,5.38631E+21,1.0252E+16,4.86231E+16
28704,28705,8,1,21,0,2016,4,14,6,3,5,3,0,0,1,1,0,0,0,0,5.15938E+20,5.44647E+21,9.21866E+15,4.91708E+16
28705,28706,8,1,35,32,2016,4,14,3,2,9,1,0,1,0,1,0,0,0,0,5.75079E+20,5.39112E+21,1.00197E+16,4.86686E+16
28706,28707,8,3,35,75,2016,4,22,6,3,3,6,2,0,0,1,0,0,0,0,4.87488E+20,5.29357E+21,8.83292E+15,4.77954E+16
28707,28708,8,2,15,99,2016,4,8,5,3,2,6,0,1,0,1,0,0,0,0,4.6412E+20,5.44544E+21,8.50786E+15,4.91607E+16
28708,28709,8,2,36,40,2016,4,9,3,3,2,6,0,1,0,1,0,0,0,0,4.85741E+20,5.42005E+21,8.80531E+15,4.89333E+16
28709,28710,8,4,15,62,2016,4,11,5,3,6,4,0,0,0,1,1,0,0,0,5.19809E+20,5.37861E+21,9.26847E+15,4.85603E+16
28710,28711,8,4,36,3,2016,4,7,6,2,4,6,0,0,0,1,0,0,0,1,5.81608E+20,5.30696E+21,1.00921E+16,4.79108E+16
28711,28712,8,1,16,33,2016,4,14,4,3,2,6,0,0,0,1,0,0,0,1,5.3576E+20,5.3898E+21,9.48562E+15,4.86603E+16
28712,28713,8,3,11,0,2016,4,18,6,3,5,3,0,0,1,1,0,0,0,0,4.15166E+20,5.31564E+21,7.86299E+15,4.79884E+16
28713,28714,8,4,25,20,2016,4,14,3,3,2,6,0,1,0,1,0,0,0,0,5.59616E+20,5.36101E+21,9.80543E+15,4.83994E+16
28714,28715,8,2,36,33,2016,4,6,3,3,8,1,0,2,0,1,0,0,0,0,4.80981E+20,5.42795E+21,8.73995E+15,4.90041E+16
28715,28716,8,1,16,19,2016,4,6,6,3,1,6,0,0,0,1,0,0,0,0,5.23576E+20,5.39775E+21,9.32061E+15,4.87324E+16
28716,28717,8,2,15,7,2016,4,7,6,3,2,6,0,0,0,1,0,0,0,0,4.77461E+20,5.43192E+21,8.6916E+15,4.90398E+16
28717,28718,8,3,35,21,2016,4,7,4,3,8,1,0,1,0,1,0,0,0,0,4.97132E+20,5.3068E+21,8.96162E+15,4.79145E+16
28718,28719,8,2,26,95,2016,4,0,7,3,0,6,2,0,0,1,0,1,0,0,4.73295E+20,5.46081E+21,8.63268E+15,4.92994E+16
28719,28720,8,2,26,60,2016,4,10,6,3,0,3,0,0,0,1,0,0,0,0,4.77015E+20,5.46276E+21,8.68374E+15,4.93171E+16
28720,28721,8,3,17,65,2016,4,16,5,3,8,1,0,0,0,1,0,0,0,0,4.12191E+20,5.35303E+21,7.81541E+15,4.83243E+16
28721,28722,8,4,15,61,2016,4,14,4,3,2,6,0,0,0,1,0,0,0,0,5.13072E+20,5.37117E+21,9.17694E+15,4.84935E+16
28722,28723,8,2,37,54,2016,4,7,6,2,0,5,0,0,1,0,0,0,0,0,4.67775E+20,5.37473E+21,8.56355E+15,4.85249E+16
28723,28724,8,4,25,79,2016,4,18,3,3,3,2,0,1,0,1,0,0,1,0,5.55975E+20,5.37407E+21,9.75799E+15,4.85172E+16
28724,28725,8,2,26,32,2016,4,20,3,3,8,1,1,1,0,1,0,0,0,0,4.68511E+20,5.46134E+21,8.56684E+15,4.9304E+16
28725,28726,8,2,21,0,2016,4,6,3,3,4,6,0,1,0,1,0,0,0,0,4.80151E+20,5.46936E+21,8.72656E+15,4.93766E+16
28726,28727,8,1,25,57,2016,4,13,5,3,8,1,0,0,0,1,0,0,0,0,5.24033E+20,5.44056E+21,9.32936E+15,4.91174E+16
28727,28728,8,4,25,31,2016,4,10,6,3,3,1,0,0,0,1,0,0,0,0,5.69108E+20,5.36787E+21,9.93478E+15,4.84602E+16
28728,28729,8,3,17,59,2016,4,19,4,3,5,3,0,0,0,1,0,0,1,0,4.1176E+20,5.35157E+21,7.8099E+15,4.83112E+16
28729,28730,8,2,15,108,2016,4,14,7,3,2,6,0,0,0,1,0,0,0,0,4.513E+20,5.42628E+21,8.33435E+15,4.89875E+16
28730,28731,8,2,31,0,2016,4,13,5,2,2,6,0,0,0,1,0,0,0,1,4.77203E+20,5.41593E+21,8.68897E+15,4.88959E+16
28731,28732,8,2,22,0,2016,4,10,3,2,3,6,0,0,0,0,0,1,0,1,4.60836E+20,5.48232E+21,8.4592E+15,4.94923E+16
28732,28733,8,2,22,0,2016,4,14,3,3,2,6,0,0,0,1,0,0,0,0,4.63367E+20,5.47816E+21,8.49453E+15,4.94549E+16
28733,28734,8,2,21,0,2016,4,9,3,3,0,7,0,1,0,0,0,1,0,0,4.76112E+20,5.46983E+21,8.67089E+15,4.93807E+16
28734,28735,8,1,17,51,2016,4,15,5,3,4,2,0,1,0,1,0,0,0,0,5.41008E+20,5.39613E+21,9.5575E+15,4.87168E+16
28735,28736,8,1,36,28,2016,4,13,6,3,0,1,0,0,0,0,0,1,0,0,5.73526E+20,5.40646E+21,1.00014E+16,4.88068E+16
28736,28737,8,1,25,98,2016,4,15,7,3,3,2,0,0,1,1,0,0,0,0,5.1989E+20,5.43735E+21,9.27241E+15,4.90887E+16
28737,28738,8,1,18,54,2016,4,14,4,2,2,6,0,0,0,1,0,0,0,0,5.1693E+20,5.42284E+21,9.23127E+15,4.89582E+16
28738,28739,8,2,36,43,2016,4,15,4,3,0,7,0,0,0,0,0,0,0,1,4.69733E+20,5.41049E+21,8.58745E+15,4.88467E+16
28739,28740,8,1,35,19,2016,4,4,7,2,5,3,1,0,0,1,0,0,0,0,5.8464E+20,5.39245E+21,1.01498E+16,4.86793E+16
28740,28741,8,1,25,113,2016,4,7,6,3,2,6,0,0,0,1,0,0,0,0,5.27978E+20,5.45326E+21,9.3843E+15,4.92315E+16
28741,28742,8,3,17,1,2016,4,7,7,3,2,6,0,0,0,1,0,0,0,1,4.30344E+20,5.39165E+21,8.05382E+15,4.86741E+16
28742,28743,8,3,35,75,2016,4,16,6,2,5,2,0,0,0,1,0,0,0,0,4.87546E+20,5.29003E+21,8.8338E+15,4.77635E+16
28743,28744,8,2,21,0,2016,4,20,5,3,4,2,1,0,0,1,0,0,0,0,4.75083E+20,5.47142E+21,8.65661E+15,4.93949E+16
28744,28745,8,2,16,24,2016,4,15,3,3,0,7,0,0,1,0,0,0,0,0,4.45351E+20,5.40891E+21,8.25536E+15,4.88308E+16
28745,28746,8,4,17,2,2016,4,20,4,3,5,3,0,0,0,1,0,0,0,0,4.89214E+20,5.34347E+21,8.85472E+15,4.82444E+16
28746,28747,8,4,26,21,2016,4,17,5,2,0,1,0,0,0,0,0,1,0,0,5.58309E+20,5.32729E+21,9.78313E+15,4.80962E+16
28747,28748,8,4,36,94,2016,4,16,6,2,5,3,0,0,0,1,0,1,0,0,5.71562E+20,5.28231E+21,9.95364E+15,4.76902E+16
28748,28749,8,1,16,49,2016,4,7,4,3,1,6,0,0,0,1,0,0,0,0,5.24703E+20,5.38582E+21,9.33522E+15,4.8625E+16
28749,28750,8,3,17,89,2016,4,10,6,3,1,5,0,0,1,0,0,0,0,1,4.31233E+20,5.37625E+21,8.06844E+15,4.85356E+16
28750,28751,8,4,16,41,2016,4,8,3,3,3,6,0,1,0,1,0,0,0,0,5.04339E+20,5.37363E+21,9.05875E+15,4.85158E+16
28751,28752,8,4,37,104,2016,4,16,4,3,2,6,0,0,0,1,0,0,0,0,5.1903E+20,5.32254E+21,9.25539E+15,4.80559E+16
28752,28753,8,1,27,23,2016,4,8,6,3,5,3,0,0,0,1,0,0,0,0,5.53014E+20,5.4261E+21,9.72459E+15,4.89856E+16
28753,28754,8,1,11,0,2016,4,7,6,3,2,6,0,0,0,1,0,1,0,0,5.15614E+20,5.40528E+21,9.21263E+15,4.88003E+16
28754,28755,8,1,16,33,2016,4,16,7,3,5,3,0,0,0,1,0,0,0,0,5.30364E+20,5.38696E+21,9.41214E+15,4.8635E+16
28755,28756,8,1,36,88,2016,4,21,4,3,2,6,2,0,0,1,0,0,0,0,5.88966E+20,5.40693E+21,1.02117E+16,4.8809E+16
28756,28757,8,4,15,61,2016,4,14,3,3,2,6,0,1,0,1,0,0,0,0,5.16261E+20,5.37231E+21,9.22014E+15,4.85037E+16
28757,28758,8,4,35,34,2016,4,7,6,3,0,1,0,0,1,0,0,0,0,0,5.29623E+20,5.28561E+21,9.39501E+15,4.77232E+16
28758,28759,8,1,19,87,2016,4,6,6,3,4,2,1,0,1,1,0,0,0,0,5.28348E+20,5.42437E+21,9.38735E+15,4.89716E+16
28759,28760,8,2,25,115,2016,4,8,3,2,0,6,0,1,0,1,0,0,0,0,5.25704E+20,5.47275E+21,9.35432E+15,4.94069E+16
28760,28761,8,3,25,72,2016,4,19,6,3,5,3,0,0,0,1,0,0,0,0,4.70557E+20,5.3287E+21,8.60445E+15,4.81109E+16
28761,28762,8,2,12,0,2016,4,8,5,3,2,6,0,1,0,1,0,0,0,1,4.6144E+20,5.42665E+21,8.4729E+15,4.89915E+16
28762,28763,8,3,37,96,2016,4,18,5,3,2,6,0,0,0,1,0,0,0,0,4.19847E+20,5.26727E+21,7.93465E+15,4.75539E+16
28763,28764,8,2,15,90,2016,4,12,6,3,2,1,0,0,0,1,0,0,1,0,4.63881E+20,5.43488E+21,8.50554E+15,4.90658E+16
28764,28765,8,4,15,50,2016,4,21,3,3,5,3,2,1,0,1,0,0,0,0,5.21415E+20,5.37677E+21,9.29014E+15,4.85436E+16
28765,28766,8,2,16,7,2016,4,18,3,3,5,3,0,1,0,1,0,0,0,0,4.37122E+20,5.39561E+21,8.14528E+15,4.87104E+16
28766,28767,8,2,15,89,2016,4,6,3,3,8,1,1,2,0,1,0,0,0,0,4.7327E+20,5.42696E+21,8.63459E+15,4.89949E+16
28767,28768,8,1,11,0,2016,4,13,6,3,5,3,0,0,0,1,0,0,0,1,5.08362E+20,5.40159E+21,9.1138E+15,4.87672E+16
28768,28769,8,3,37,118,2016,4,4,6,1,0,7,2,0,0,1,0,0,0,1,4.36916E+20,5.28062E+21,8.15957E+15,4.76759E+16
28769,28770,8,1,11,0,2016,4,9,6,2,8,1,0,0,0,0,0,1,0,0,5.12228E+20,5.39459E+21,9.1662E+15,4.87043E+16
28770,28771,8,4,21,0,2016,4,18,5,3,4,2,0,0,0,1,0,0,0,0,5.72669E+20,5.36386E+21,9.98225E+15,4.84237E+16
28771,28772,8,3,11,0,2016,4,16,5,2,6,4,0,0,0,1,1,0,0,1,4.14619E+20,5.31858E+21,7.85507E+15,4.80148E+16
28772,28773,8,3,15,6,2016,4,13,4,3,9,7,0,0,0,1,0,0,1,0,3.99571E+20,5.31152E+21,7.655E+15,4.79491E+16
28773,28774,8,2,31,0,2016,4,1,7,3,0,1,2,0,1,1,0,0,0,0,4.81164E+20,5.4169E+21,8.74296E+15,4.89047E+16
28774,28775,8,2,36,40,2016,4,4,6,3,8,6,2,0,0,1,0,0,0,1,4.89888E+20,5.41785E+21,8.86199E+15,4.89135E+16
28775,28776,8,2,15,97,2016,4,12,3,3,6,4,0,0,0,1,1,0,0,0,4.75861E+20,5.44338E+21,8.66903E+15,4.91428E+16
28776,28777,8,2,15,47,2016,4,7,3,3,9,1,1,1,0,1,0,0,0,0,4.59815E+20,5.41272E+21,8.45207E+15,4.88661E+16
28777,28778,8,1,25,66,2016,4,16,5,3,2,6,0,0,0,1,0,1,0,0,5.14372E+20,5.43359E+21,9.19671E+15,4.9055E+16
28778,28779,8,1,18,80,2016,4,18,6,3,2,6,0,0,0,1,0,0,0,0,5.08863E+20,5.41096E+21,9.12081E+15,4.88515E+16
28779,28780,8,1,27,23,2016,4,13,7,3,2,6,0,0,0,1,0,1,0,0,5.54081E+20,5.42616E+21,9.73919E+15,4.8986E+16
28780,28781,8,2,25,2,2016,4,17,4,3,8,7,0,1,0,1,0,0,0,0,4.98763E+20,5.46716E+21,8.98296E+15,4.93572E+16
28781,28782,8,3,36,82,2016,4,10,4,3,5,3,0,0,1,0,0,0,1,0,4.15071E+20,5.27152E+21,7.87036E+15,4.75915E+16
28782,28783,8,1,18,80,2016,4,7,7,3,3,6,0,0,0,1,0,0,0,0,5.09125E+20,5.41066E+21,9.12438E+15,4.88488E+16
28783,28784,8,3,17,116,2016,4,21,6,2,0,1,2,0,0,1,0,0,1,0,4.34297E+20,5.38713E+21,8.10822E+15,4.86338E+16
28784,28785,8,3,26,5,2016,4,16,4,3,2,2,0,0,0,1,0,0,0,0,4.66202E+20,5.29747E+21,8.54839E+15,4.78297E+16
28785,28786,8,2,25,9,2016,4,19,7,2,9,1,0,0,0,1,0,0,0,0,5.19998E+20,5.4668E+21,9.27536E+15,4.93535E+16
28786,28787,8,2,26,76,2016,4,7,6,3,1,6,0,0,0,1,0,0,0,0,4.75439E+20,5.46615E+21,8.66185E+15,4.93476E+16
28787,28788,8,2,12,0,2016,4,17,3,3,5,3,0,0,1,1,0,0,0,0,4.57885E+20,5.42801E+21,8.42417E+15,4.90035E+16
28788,28789,8,2,11,0,2016,4,17,3,3,5,2,0,0,0,1,0,0,0,0,4.41576E+20,5.40365E+21,8.20467E+15,4.87831E+16
28789,28790,8,1,11,0,2016,4,10,5,3,2,6,0,0,0,1,0,0,0,0,5.15419E+20,5.40584E+21,9.21E+15,4.88054E+16
28790,28791,8,1,35,19,2016,4,21,6,3,5,3,2,0,0,1,0,1,0,0,5.85124E+20,5.39225E+21,1.01564E+16,4.86775E+16
28791,28792,8,1,18,11,2016,4,7,7,3,6,6,0,0,1,0,1,0,0,0,5.04984E+20,5.40731E+21,9.0679E+15,4.88187E+16
28792,28793,8,1,36,88,2016,4,17,4,2,2,1,0,1,0,1,0,0,0,0,5.88954E+20,5.41061E+21,1.02124E+16,4.88421E+16
28793,28794,8,3,26,3,2016,4,12,3,3,8,1,0,1,0,1,0,0,0,0,4.70561E+20,5.31632E+21,8.60536E+15,4.79995E+16
28794,28795,8,1,27,101,2016,4,9,7,2,4,2,0,0,0,0,0,1,1,0,5.85883E+20,5.446E+21,1.0178E+16,4.91608E+16
28795,28796,8,1,21,0,2016,4,14,6,3,6,4,0,0,0,1,1,0,0,0,5.15976E+20,5.44609E+21,9.21916E+15,4.91674E+16
28796,28797,8,2,25,118,2016,4,7,3,2,6,4,0,2,0,1,1,0,0,0,5.05696E+20,5.47586E+21,9.07856E+15,4.94354E+16
28797,28798,8,2,35,33,2016,4,12,7,3,1,5,0,0,0,1,0,0,0,0,4.58688E+20,5.40511E+21,8.43746E+15,4.87976E+16
28798,28799,8,3,35,43,2016,4,9,6,3,0,4,0,0,0,1,1,1,0,0,5.10919E+20,5.28054E+21,9.14547E+15,4.76782E+16
28799,28800,8,2,22,0,2016,4,8,5,3,3,6,0,0,0,1,0,0,0,0,4.65064E+20,5.48183E+21,8.51762E+15,4.94881E+16
28800,28801,8,3,17,26,2016,5,18,4,3,2,6,0,0,0,1,0,0,0,0,4.13457E+20,5.34489E+21,7.83415E+15,4.82513E+16
28801,28802,8,1,27,71,2016,5,13,1,2,0,1,0,0,1,0,0,0,0,0,5.80678E+20,5.45596E+21,1.01086E+16,4.92511E+16
28802,28803,8,1,35,16,2016,5,22,3,2,0,1,2,0,0,0,0,1,0,0,5.91584E+20,5.38632E+21,1.02428E+16,4.86232E+16
28803,28804,8,1,21,0,2016,5,16,4,3,5,3,0,0,1,1,0,0,0,0,5.15763E+20,5.4407E+21,9.21602E+15,4.9119E+16
28804,28805,8,2,36,4,2016,5,16,4,3,5,3,0,0,0,1,0,0,0,0,4.72906E+20,5.41415E+21,8.63045E+15,4.88797E+16
28805,28806,8,4,17,79,2016,5,6,2,3,5,3,1,0,0,0,0,1,0,1,5.02054E+20,5.34286E+21,9.02767E+15,4.82389E+16
28806,28807,8,2,36,71,2016,5,17,2,3,3,7,0,0,0,1,0,0,0,1,4.70474E+20,5.41919E+21,8.59693E+15,4.89249E+16
28807,28808,8,3,17,65,2016,5,4,1,2,5,3,2,1,0,1,0,0,0,0,4.13495E+20,5.35483E+21,7.83263E+15,4.83408E+16
28808,28809,8,4,21,0,2016,5,7,4,3,2,6,0,0,0,1,0,0,0,0,5.70274E+20,5.35826E+21,9.94895E+15,4.83736E+16
28809,28810,8,1,15,28,2016,5,6,2,3,3,2,0,0,0,1,0,1,0,0,4.99396E+20,5.40552E+21,8.99178E+15,4.88027E+16
28810,28811,8,1,19,85,2016,5,16,2,3,5,3,0,0,0,1,0,1,0,0,5.28665E+20,5.41405E+21,9.39095E+15,4.88788E+16
28811,28812,8,3,37,2,2016,4,13,7,3,4,6,0,0,0,1,0,1,0,0,4.31619E+20,5.27375E+21,8.09008E+15,4.76135E+16
28812,28813,8,3,26,74,2016,5,21,1,3,5,3,2,1,0,1,0,0,0,0,4.65775E+20,5.32147E+21,8.54079E+15,4.80456E+16
28813,28814,8,1,26,66,2016,5,15,1,2,0,7,0,0,0,0,0,0,0,1,5.37948E+20,5.44979E+21,9.52091E+15,4.91997E+16
28814,28815,8,1,16,70,2016,5,13,4,3,5,3,0,0,0,1,0,0,0,0,5.40577E+20,5.38243E+21,9.5503E+15,4.85936E+16
28815,28816,8,1,11,0,2016,5,20,4,3,2,6,0,0,0,1,0,1,0,0,5.13917E+20,5.40378E+21,9.18947E+15,4.87869E+16
28816,28817,8,2,15,9,2016,5,16,4,3,1,6,0,0,0,1,0,0,0,0,4.6559E+20,5.43908E+21,8.52857E+15,4.91036E+16
28817,28818,8,1,18,11,2016,5,14,4,3,0,7,0,0,0,0,0,1,0,0,5.0548E+20,5.40781E+21,9.07466E+15,4.88233E+16
28818,28819,8,2,22,0,2016,5,17,4,3,2,6,0,0,0,1,0,0,0,0,4.64674E+20,5.47757E+21,8.51262E+15,4.94497E+16
28819,28820,8,3,36,84,2016,5,10,2,3,5,3,0,0,0,0,0,1,0,1,4.056E+20,5.27705E+21,7.74322E+15,4.764E+16
28820,28821,8,2,31,0,2016,5,21,2,3,3,6,2,0,0,1,0,0,0,0,4.84602E+20,5.41317E+21,8.79002E+15,4.88713E+16
28821,28822,8,3,16,37,2016,5,13,3,3,5,3,0,1,0,1,0,0,0,0,4.09192E+20,5.33439E+21,7.77896E+15,4.81563E+16
28822,28823,8,3,17,127,2016,5,16,1,2,0,1,0,0,0,0,0,0,0,1,4.2124E+20,5.35236E+21,7.93759E+15,4.83195E+16
28823,28824,8,4,16,36,2016,5,7,4,2,9,6,0,0,0,1,0,0,0,0,4.87866E+20,5.37161E+21,8.83575E+15,4.84975E+16
28824,28825,8,1,11,0,2016,5,7,2,3,2,6,0,0,0,1,0,0,0,0,5.0788E+20,5.39691E+21,9.10715E+15,4.87252E+16
28825,28826,8,1,18,76,2016,5,15,2,2,8,1,0,0,0,0,0,1,0,0,5.02721E+20,5.42533E+21,9.03718E+15,4.89808E+16
28826,28827,8,1,25,65,2016,5,22,3,3,2,6,2,0,0,1,0,0,0,0,5.16348E+20,5.44924E+21,9.22439E+15,4.91957E+16
28827,28828,8,2,15,17,2016,5,0,4,3,2,6,2,0,0,1,0,0,0,0,4.53964E+20,5.42226E+21,8.37121E+15,4.89515E+16
28828,28829,8,1,15,44,2016,5,18,4,3,5,3,0,0,0,1,0,1,0,0,5.04767E+20,5.38952E+21,9.06474E+15,4.86587E+16
28829,28830,8,4,15,59,2016,5,13,3,2,3,3,0,0,1,0,0,0,0,0,5.16406E+20,5.36927E+21,9.22199E+15,4.84763E+16
28830,28831,8,2,21,0,2016,5,15,2,3,2,6,0,0,0,1,0,0,0,0,4.76623E+20,5.47201E+21,8.6778E+15,4.94003E+16
28831,28832,8,2,15,90,2016,5,8,3,2,2,6,0,0,0,0,0,0,1,0,4.63681E+20,5.43446E+21,8.50284E+15,4.9062E+16
28832,28833,8,3,36,81,2016,5,16,4,3,8,1,0,0,0,0,0,1,0,0,4.0981E+20,5.27797E+21,7.79907E+15,4.76488E+16
28833,28834,8,2,26,76,2016,5,8,3,2,3,6,0,0,0,1,0,0,0,1,4.73173E+20,5.46503E+21,8.63071E+15,4.93374E+16
28834,28835,8,4,16,36,2016,5,10,4,3,9,1,0,0,0,0,0,1,0,0,4.87595E+20,5.37118E+21,8.8321E+15,4.84936E+16
28835,28836,8,3,17,5,2016,5,8,1,2,0,1,1,1,0,0,0,1,0,0,4.24415E+20,5.37622E+21,7.97611E+15,4.85345E+16
28836,28837,8,2,36,72,2016,5,18,3,3,2,6,0,0,0,1,0,0,0,0,4.67208E+20,5.4107E+21,8.55302E+15,4.88484E+16
28837,28838,8,1,17,7,2016,5,7,3,3,5,3,0,0,0,1,0,0,0,0,5.58101E+20,5.38324E+21,9.78805E+15,4.85996E+16
28838,28839,8,2,11,0,2016,5,17,4,3,1,6,0,0,0,1,0,0,0,0,4.42347E+20,5.40576E+21,8.21487E+15,4.88021E+16
28839,28840,8,3,36,79,2016,5,7,3,2,2,6,0,0,0,1,0,1,0,0,4.17244E+20,5.29327E+21,7.89512E+15,4.77875E+16
28840,28841,8,2,16,43,2016,5,20,2,3,5,3,0,0,0,1,0,0,0,0,4.43149E+20,5.41295E+21,8.22479E+15,4.88669E+16
28841,28842,8,3,27,57,2016,5,12,4,2,4,6,0,0,0,1,0,0,0,0,4.91081E+20,5.30888E+21,8.8806E+15,4.79332E+16
28842,28843,8,1,18,1,2016,5,10,1,3,3,6,0,0,0,1,0,0,0,1,5.24202E+20,5.41865E+21,9.33036E+15,4.89203E+16
28843,28844,8,1,11,0,2016,5,16,3,3,2,6,0,0,0,1,0,0,0,0,5.13288E+20,5.39423E+21,9.18059E+15,4.8701E+16
28844,28845,8,4,36,3,2016,5,13,2,2,4,6,0,0,0,1,0,1,0,0,5.82108E+20,5.30788E+21,1.0099E+16,4.7919E+16
28845,28846,8,2,35,85,2016,5,18,4,3,4,1,0,0,0,1,0,0,0,0,4.82242E+20,5.39525E+21,8.75861E+15,4.871E+16
28846,28847,8,1,27,76,2016,5,19,4,2,5,3,0,0,1,1,0,0,0,0,5.51894E+20,5.43944E+21,9.71099E+15,4.91056E+16
28847,28848,8,4,21,0,2016,5,8,2,2,1,1,0,0,0,1,0,0,0,0,5.70087E+20,5.35392E+21,9.9457E+15,4.83346E+16
28848,28849,8,3,36,84,2016,5,18,2,3,8,1,0,0,0,0,0,0,0,1,4.0531E+20,5.2823E+21,7.73823E+15,4.76871E+16
28849,28850,8,2,15,106,2016,5,12,3,2,5,3,0,1,0,1,0,0,0,0,4.67681E+20,5.45347E+21,8.55607E+15,4.92332E+16
28850,28851,8,1,11,0,2016,5,8,3,3,5,3,0,0,0,1,0,1,0,0,5.14973E+20,5.40282E+21,9.20381E+15,4.87782E+16
28851,28852,8,1,35,31,2016,5,14,4,3,0,3,0,0,1,0,0,0,1,0,5.95839E+20,5.37784E+21,1.02986E+16,4.85464E+16
28852,28853,8,4,35,16,2016,5,12,2,3,0,2,0,0,1,1,0,0,0,0,5.3058E+20,5.27973E+21,9.40736E+15,4.76702E+16
28853,28854,8,3,26,52,2016,5,17,2,3,5,3,0,0,1,1,0,0,0,0,4.54605E+20,5.33014E+21,8.39E+15,4.81229E+16
28854,28855,8,3,26,74,2016,5,7,3,3,2,6,0,0,0,1,0,0,0,0,4.59273E+20,5.32465E+21,8.45325E+15,4.80739E+16
28855,28856,8,1,36,65,2016,5,11,2,3,2,6,0,0,0,1,0,0,0,0,5.58038E+20,5.40563E+21,9.79035E+15,4.88009E+16
28856,28857,8,1,28,20,2016,5,16,2,3,8,1,0,0,0,0,0,1,0,0,5.75318E+20,5.48407E+21,1.00403E+16,4.95045E+16
28857,28858,8,3,15,48,2016,5,18,4,3,0,7,0,1,1,0,0,0,1,0,3.97959E+20,5.31049E+21,7.63365E+15,4.79396E+16
28858,28859,8,1,18,81,2016,5,6,1,3,8,7,0,0,0,1,0,0,0,0,5.18037E+20,5.41478E+21,9.24604E+15,4.88857E+16
28859,28860,8,2,25,32,2016,5,13,3,2,4,6,0,1,0,1,0,0,1,0,5.32611E+20,5.496E+21,9.45145E+15,4.96157E+16
28860,28861,8,1,19,67,2016,5,11,4,3,4,2,0,0,0,1,0,1,0,0,5.39434E+20,5.40589E+21,9.53704E+15,4.88048E+16
28861,28862,8,2,26,85,2016,5,15,4,3,2,6,0,0,0,1,0,0,0,0,4.88606E+20,5.45708E+21,8.84339E+15,4.92664E+16
28862,28863,8,4,15,62,2016,5,6,2,3,0,7,0,0,1,0,0,0,1,0,5.19922E+20,5.37799E+21,9.26998E+15,4.85547E+16
28863,28864,8,2,16,7,2016,5,0,2,3,2,6,2,0,0,1,0,0,1,0,4.34727E+20,5.39837E+21,8.11229E+15,4.87349E+16
28864,28865,8,3,17,75,2016,5,11,3,3,5,3,0,1,0,1,0,0,0,0,4.12746E+20,5.36034E+21,7.82137E+15,4.83902E+16
28865,28866,8,3,16,9,2016,5,2,1,3,8,1,2,1,0,1,0,0,0,0,4.16761E+20,5.32545E+21,7.88246E+15,4.80769E+16