FID,OBJECTID,ULAND,UREGBEZ,UKREIS,UGEMEINDE,UJAHR,UMONAT,USTUNDE,UWOCHENTAG,UKATEGORIE,UART,UTYP1,ULICHTVERH,IstStrasse,IstRad,IstPKW,IstFuss,IstKrad,IstGkfz,IstSonstig,LINREFX,LINREFY,XGCSWGS84,YGCSWGS84
28866,28867,8,4,17,79,2016,5,16,4,3,1,6,0,0,0,1,0,0,0,0,5.00576E+20,5.33965E+21,9.00776E+15,4.82101E+16
28867,28868,8,1,15,3,2016,5,17,2,3,5,3,0,0,1,1,0,0,0,0,5.00553E+20,5.39284E+21,9.00752E+15,4.86886E+16
28868,28869,8,1,18,48,2016,5,14,2,3,1,6,0,0,0,1,0,0,0,0,5.13334E+20,5.41531E+21,9.18191E+15,4.88906E+16
28869,28870,8,3,36,105,2016,4,10,7,3,2,6,0,0,0,1,0,0,0,0,4.03152E+20,5.26663E+21,7.71294E+15,4.75458E+16
28870,28871,8,3,16,56,2016,5,13,1,2,8,1,0,0,0,1,0,0,0,0,4.25594E+20,5.33025E+21,8.00019E+15,4.81211E+16
28871,28872,8,1,25,65,2016,5,18,2,3,5,3,0,0,1,0,0,0,0,0,5.16008E+20,5.44862E+21,9.2197E+15,4.91901E+16
28872,28873,8,3,27,18,2016,4,11,7,3,8,1,0,0,0,1,0,0,0,0,4.74263E+20,5.30282E+21,8.65579E+15,4.78782E+16
28873,28874,8,4,16,25,2016,5,15,1,3,0,7,0,1,0,0,0,1,0,0,5.02945E+20,5.36177E+21,9.03979E+15,4.84091E+16
28874,28875,8,1,15,45,2016,5,16,1,3,5,3,0,1,0,1,0,0,0,0,5.00503E+20,5.39453E+21,9.00683E+15,4.87038E+16
28875,28876,8,1,17,26,2016,5,13,4,3,2,3,0,0,1,1,0,0,0,0,5.48894E+20,5.39447E+21,9.66451E+15,4.87014E+16
28876,28877,8,2,16,15,2016,5,18,4,3,2,6,0,0,0,1,0,0,1,0,4.50334E+20,5.40554E+21,8.32366E+15,4.88008E+16
28877,28878,8,3,35,61,2016,5,17,2,3,5,3,0,0,0,1,0,1,0,0,4.91864E+20,5.27889E+21,8.89164E+15,4.76634E+16
28878,28879,8,2,25,58,2016,5,17,2,3,2,6,0,0,0,1,0,0,0,1,5.10461E+20,5.46681E+21,9.14404E+15,4.93539E+16
28879,28880,8,3,15,74,2016,5,11,3,3,5,3,0,1,0,1,0,0,0,0,3.96837E+20,5.29862E+21,7.62148E+15,4.78326E+16
28880,28881,8,2,26,85,2016,5,20,1,2,6,4,1,0,0,1,1,0,0,0,4.86559E+20,5.4563E+21,8.81528E+15,4.92593E+16
28881,28882,8,4,16,41,2016,5,16,4,3,1,6,0,0,0,1,0,0,0,0,5.03072E+20,5.37285E+21,9.04159E+15,4.85087E+16
28882,28883,8,3,17,96,2016,5,0,1,3,2,6,2,1,0,1,0,0,0,0,4.18857E+20,5.37021E+21,7.902E+15,4.84798E+16
28883,28884,8,1,16,20,2016,5,15,2,3,5,3,0,0,0,1,0,0,0,0,5.27151E+20,5.3811E+21,9.36814E+15,4.85824E+16
28884,28885,8,1,18,12,2016,5,12,3,2,6,4,0,0,0,1,1,0,0,0,4.97524E+20,5.41424E+21,8.96623E+15,4.88811E+16
28885,28886,8,2,12,0,2016,5,18,4,3,2,6,0,0,0,1,0,0,0,0,4.56453E+20,5.42654E+21,8.40474E+15,4.89902E+16
28886,28887,8,3,26,27,2016,5,13,1,3,0,7,0,0,0,0,0,1,0,0,4.6299E+20,5.3075E+21,8.50463E+15,4.79197E+16
28887,28888,8,1,11,0,2016,5,21,1,3,6,4,2,0,0,0,1,0,0,1,5.18217E+20,5.4037E+21,9.248E+15,4.8786E+16
28888,28889,8,1,16,77,2016,5,13,4,3,5,3,0,0,0,1,0,1,0,0,5.1586E+20,5.3915E+21,9.21545E+15,4.86764E+16
28889,28890,8,4,35,57,2016,5,15,3,2,4,2,0,1,0,1,0,1,1,0,5.4302E+20,5.27922E+21,9.57301E+15,4.76649E+16
28890,28891,8,2,26,95,2016,5,12,2,2,5,3,0,0,0,1,0,1,0,0,4.74475E+20,5.46048E+21,8.64894E+15,4.92965E+16
28891,28892,8,2,22,0,2016,5,15,3,3,2,6,0,0,0,1,0,0,0,0,4.67105E+20,5.47855E+21,8.54608E+15,4.94587E+16
28892,28893,8,3,37,2,2016,5,12,4,2,8,7,0,0,0,1,0,0,0,0,4.34919E+20,5.27113E+21,8.13438E+15,4.75903E+16
28893,28894,8,2,26,98,2016,5,9,3,2,8,7,0,0,0,1,0,0,0,0,4.79623E+20,5.46045E+21,8.71975E+15,4.92965E+16
28894,28895,8,1,16,71,2016,5,14,3,3,3,6,0,1,0,1,0,0,0,0,5.28036E+20,5.39286E+21,9.38093E+15,4.86881E+16
28895,28896,8,1,36,65,2016,5,19,4,3,2,6,1,0,0,1,0,0,0,0,5.58949E+20,5.40221E+21,9.80226E+15,4.87701E+16
28896,28897,8,3,35,43,2016,5,11,3,3,6,7,0,0,1,0,1,0,0,0,5.12183E+20,5.27929E+21,9.16228E+15,4.76669E+16
28897,28898,8,1,17,51,2016,5,13,2,2,1,6,0,0,0,1,0,1,0,0,5.43231E+20,5.39508E+21,9.58762E+15,4.87073E+16
28898,28899,8,3,17,96,2016,5,15,4,3,0,2,0,0,0,1,1,0,0,0,4.21544E+20,5.36882E+21,7.93861E+15,4.84676E+16
28899,28900,8,3,37,118,2016,5,5,3,3,8,1,2,0,0,1,0,0,0,0,4.42611E+20,5.27809E+21,8.23577E+15,4.76537E+16
28900,28901,8,2,15,84,2016,5,17,2,3,2,6,0,0,0,1,0,0,0,0,4.74201E+20,5.44402E+21,8.64622E+15,4.91485E+16
28901,28902,8,2,36,43,2016,5,19,3,2,6,4,0,0,0,1,1,0,0,0,4.68242E+20,5.41192E+21,8.56703E+15,4.88594E+16
28902,28903,8,3,35,75,2016,5,18,4,3,6,2,0,0,0,1,1,0,0,0,4.87657E+20,5.28947E+21,8.83531E+15,4.77585E+16
28903,28904,8,2,11,0,2016,5,17,3,2,2,6,0,0,0,1,0,0,0,0,4.39705E+20,5.40335E+21,8.17925E+15,4.87802E+16
28904,28905,8,1,11,0,2016,5,16,3,3,8,1,0,1,0,1,0,0,0,0,5.07146E+20,5.39826E+21,9.09719E+15,4.87373E+16
28905,28906,8,2,15,46,2016,5,10,4,2,4,6,0,0,0,1,0,1,0,0,4.52943E+20,5.41614E+21,8.35797E+15,4.88964E+16
28906,28907,8,1,28,115,2016,5,21,4,3,5,3,2,0,0,1,0,0,0,0,5.48052E+20,5.49788E+21,9.66542E+15,4.96315E+16
28907,28908,8,4,26,128,2016,5,17,2,3,6,4,0,0,0,1,1,0,0,0,5.59276E+20,5.33113E+21,9.79664E+15,4.81307E+16
28908,28909,8,3,17,34,2016,5,11,2,2,0,6,0,0,0,1,0,1,0,0,4.25751E+20,5.36368E+21,7.99643E+15,4.84219E+16
28909,28910,8,2,36,40,2016,5,11,1,2,1,5,0,0,0,1,0,0,0,0,4.8883E+20,5.42154E+21,8.84744E+15,4.89467E+16
28910,28911,8,1,36,75,2016,5,9,2,2,8,1,0,0,0,1,0,0,0,0,5.96169E+20,5.42365E+21,1.03137E+16,4.89583E+16
28911,28912,8,1,26,66,2016,5,19,2,3,5,3,0,0,1,1,0,0,0,0,5.35702E+20,5.45086E+21,9.49017E+15,4.92095E+16
28912,28913,8,2,37,54,2016,4,16,7,3,5,3,0,0,0,1,0,0,0,0,4.66238E+20,5.3744E+21,8.54277E+15,4.85218E+16
28913,28914,8,3,36,14,2016,5,17,4,3,5,3,0,0,0,1,0,1,0,0,3.92551E+20,5.27928E+21,7.56899E+15,4.7658E+16
28914,28915,8,4,36,9,2016,5,20,1,3,5,3,2,1,0,1,0,0,0,0,5.56753E+20,5.30923E+21,9.75984E+15,4.79338E+16
28915,28916,8,1,11,0,2016,5,18,1,3,5,3,0,0,0,1,0,0,0,0,5.11563E+20,5.40883E+21,9.15756E+15,4.88323E+16
28916,28917,8,1,18,6,2016,5,16,4,2,0,7,0,0,1,0,0,0,0,0,5.1482E+20,5.41869E+21,9.2023E+15,4.8921E+16
28917,28918,8,1,11,0,2016,5,17,1,2,5,2,0,0,0,1,0,0,0,1,5.13043E+20,5.407E+21,9.17768E+15,4.88158E+16
28918,28919,8,1,36,88,2016,5,20,3,3,0,3,0,0,0,1,0,1,0,0,5.80455E+20,5.41007E+21,1.00964E+16,4.88384E+16
28919,28920,8,4,36,79,2016,5,18,2,3,5,3,0,0,0,1,0,0,0,0,5.53264E+20,5.29167E+21,9.71097E+15,4.77762E+16
28920,28921,8,1,26,69,2016,5,23,4,3,6,7,2,0,0,1,1,0,0,0,5.39226E+20,5.44566E+21,9.53804E+15,4.91625E+16
28921,28922,8,2,36,68,2016,5,12,4,2,2,6,0,0,0,1,0,1,0,0,4.84913E+20,5.41362E+21,8.79424E+15,4.88753E+16
28922,28923,8,4,17,23,2016,5,15,2,3,6,7,0,0,0,0,1,0,0,1,4.91596E+20,5.35328E+21,8.88661E+15,4.83327E+16
28923,28924,8,3,11,0,2016,5,21,2,3,1,5,2,0,0,1,0,0,0,0,4.14543E+20,5.31595E+21,7.85459E+15,4.79911E+16
28924,28925,8,2,36,40,2016,5,19,1,2,0,1,0,0,1,0,0,0,0,0,4.89759E+20,5.42418E+21,8.86007E+15,4.89704E+16
28925,28926,8,1,16,49,2016,5,13,2,3,2,6,0,0,0,1,0,0,0,0,5.24477E+20,5.38612E+21,9.33218E+15,4.86277E+16
28926,28927,8,1,25,34,2016,5,7,2,3,0,2,0,0,0,1,0,0,0,1,4.98795E+20,5.44484E+21,8.98348E+15,4.91564E+16
28927,28928,8,3,17,65,2016,4,4,7,2,8,7,2,0,0,1,0,0,0,0,4.12283E+20,5.35313E+21,7.81663E+15,4.83253E+16
28928,28929,8,3,35,75,2016,5,3,1,3,9,1,2,1,0,1,0,0,0,0,4.89167E+20,5.29468E+21,8.85531E+15,4.78054E+16
28929,28930,8,4,36,9,2016,4,20,7,3,3,6,2,0,0,1,0,0,0,0,5.5442E+20,5.30718E+21,9.72835E+15,4.79157E+16
28930,28931,8,1,17,19,2016,5,11,4,3,1,6,0,0,0,1,0,0,0,0,5.52175E+20,5.39413E+21,9.70906E+15,4.8698E+16
28931,28932,8,1,11,0,2016,5,20,4,3,3,6,0,0,0,1,0,0,0,1,5.18794E+20,5.40082E+21,9.25573E+15,4.87601E+16
28932,28933,8,2,15,9,2016,5,15,4,2,8,1,0,0,0,0,0,1,0,0,4.7357E+20,5.43965E+21,8.63786E+15,4.91091E+16
28933,28934,8,3,11,0,2016,5,14,3,3,2,6,0,1,0,1,0,0,0,0,4.14485E+20,5.31694E+21,7.8536E+15,4.80001E+16
28934,28935,8,4,15,61,2016,5,12,4,3,5,3,0,0,0,1,0,0,0,0,5.15042E+20,5.37096E+21,9.2036E+15,4.84916E+16
28935,28936,8,2,22,0,2016,5,18,4,3,1,6,0,0,0,1,0,0,0,0,4.64865E+20,5.47912E+21,8.51512E+15,4.94638E+16
28936,28937,8,3,26,74,2016,5,11,2,3,3,6,0,0,0,1,0,0,1,0,4.71558E+20,5.32307E+21,8.61827E+15,4.80603E+16
28937,28938,8,2,35,79,2016,5,15,2,2,5,3,0,0,0,1,0,0,0,0,4.67346E+20,5.40134E+21,8.55565E+15,4.87642E+16
28938,28939,8,3,17,146,2016,5,11,3,2,6,7,0,1,0,1,1,0,0,0,4.3085E+20,5.3553E+21,8.06672E+15,4.83471E+16
28939,28940,8,2,26,85,2016,5,2,1,3,8,5,2,0,0,1,0,0,0,0,4.91193E+20,5.45583E+21,8.87897E+15,4.92551E+16
28940,28941,8,4,16,6,2016,5,8,4,2,5,2,0,0,0,1,0,0,0,0,4.97718E+20,5.35918E+21,8.96918E+15,4.83857E+16
28941,28942,8,1,11,0,2016,5,8,2,3,5,2,0,0,0,1,0,0,0,1,5.1039E+20,5.40968E+21,9.1416E+15,4.884E+16
28942,28943,8,1,18,79,2016,5,15,2,3,2,6,0,0,0,1,0,0,0,0,5.09809E+20,5.42261E+21,9.13399E+15,4.89564E+16
28943,28944,8,2,15,109,2016,5,16,4,3,2,6,0,0,0,1,0,0,0,0,4.62311E+20,5.43774E+21,8.48378E+15,4.90913E+16
28944,28945,8,1,15,50,2016,5,0,4,3,8,1,2,1,0,1,0,0,0,0,4.86398E+20,5.40253E+21,8.81486E+15,4.87756E+16
28945,28946,8,4,25,20,2016,5,16,3,2,9,1,0,0,0,1,0,0,1,0,5.63345E+20,5.36225E+21,9.856E+15,4.84102E+16
28946,28947,8,2,26,38,2016,5,15,2,2,2,6,0,0,1,1,0,0,0,0,4.71397E+20,5.48073E+21,8.60514E+15,4.94785E+16
28947,28948,8,2,15,90,2016,5,16,3,3,2,6,0,0,0,0,0,0,1,0,4.65309E+20,5.43695E+21,8.5249E+15,4.90844E+16
28948,28949,8,3,36,45,2016,5,9,4,3,5,3,0,0,0,1,0,0,0,1,3.98244E+20,5.28195E+21,7.64417E+15,4.76829E+16
28949,28950,8,2,21,0,2016,5,7,3,3,1,7,0,0,1,0,0,0,1,0,4.73818E+20,5.47283E+21,8.63909E+15,4.94076E+16
28950,28951,8,1,11,0,2016,5,3,3,3,5,3,2,0,0,1,0,0,0,0,5.16288E+20,5.40403E+21,9.22176E+15,4.87891E+16
28951,28952,8,1,16,78,2016,5,0,2,3,4,6,2,0,0,0,0,0,1,0,5.12323E+20,5.39152E+21,9.1674E+15,4.86766E+16
28952,28953,8,2,31,0,2016,5,15,3,2,6,4,0,0,0,1,1,0,0,0,4.82296E+20,5.41818E+21,8.75835E+15,4.89163E+16
28953,28954,8,1,17,51,2016,5,17,3,3,5,3,0,1,0,1,0,1,0,0,5.42399E+20,5.39529E+21,9.57633E+15,4.87092E+16
28954,28955,8,2,12,0,2016,5,17,4,3,8,1,0,0,0,0,0,1,0,0,4.61342E+20,5.42482E+21,8.47174E+15,4.89751E+16
28955,28956,8,3,37,126,2016,5,17,3,3,2,6,0,0,0,1,0,0,0,0,4.40951E+20,5.27478E+21,8.2141E+15,4.76237E+16
28956,28957,8,2,12,0,2016,5,18,2,3,2,6,0,0,0,1,0,0,0,0,4.63509E+20,5.42207E+21,8.50159E+15,4.89505E+16
28957,28958,8,2,31,0,2016,5,15,3,3,5,3,0,1,0,1,0,0,0,0,4.75784E+20,5.41501E+21,8.66966E+15,4.88875E+16
28958,28959,8,3,26,74,2016,5,9,4,3,5,3,0,0,1,1,0,0,0,0,4.59993E+20,5.32284E+21,8.46309E+15,4.80576E+16
28959,28960,8,4,36,81,2016,4,13,7,2,8,1,0,0,0,0,0,1,0,0,5.56011E+20,5.27868E+21,9.74597E+15,4.76591E+16
28960,28961,8,1,18,51,2016,5,8,3,2,2,6,0,0,0,1,0,0,1,0,5.09916E+20,5.41314E+21,9.13522E+15,4.88711E+16
28961,28962,8,4,35,45,2016,5,15,2,2,5,3,0,0,0,1,0,0,0,0,5.36696E+20,5.28488E+21,9.48926E+15,4.77163E+16
28962,28963,8,2,37,19,2016,5,10,4,2,0,1,0,0,0,0,0,1,0,0,4.61737E+20,5.36964E+21,8.48225E+15,4.84788E+16
28963,28964,8,1,27,43,2016,5,19,4,3,1,6,0,0,0,1,0,0,0,1,5.6295E+20,5.45083E+21,9.86424E+15,4.92071E+16
28964,28965,8,4,21,0,2016,5,16,2,2,2,6,0,0,0,1,0,0,0,0,5.71032E+20,5.36424E+21,9.96019E+15,4.84273E+16
28965,28966,8,3,17,1,2016,5,8,2,3,3,2,0,0,0,1,0,1,0,0,4.26152E+20,5.38556E+21,7.99798E+15,4.86188E+16
28966,28967,8,2,15,59,2016,5,3,1,2,0,1,2,1,0,1,0,0,0,0,4.84255E+20,5.43946E+21,8.78427E+15,4.91078E+16
28967,28968,8,1,28,7,2016,5,5,2,2,5,3,1,0,0,1,0,0,0,0,5.54405E+20,5.48025E+21,9.75095E+15,4.94724E+16
28968,28969,8,1,36,27,2016,5,17,4,3,5,3,0,0,0,1,0,1,0,0,5.54443E+20,5.4204E+21,9.74337E+15,4.89342E+16
28969,28970,8,4,36,64,2016,5,18,2,3,2,6,0,0,0,1,0,0,0,0,5.44098E+20,5.29069E+21,9.58852E+15,4.77681E+16
28970,28971,8,3,27,50,2016,5,21,2,3,2,2,2,0,0,1,0,0,0,0,4.87262E+20,5.31444E+21,8.82929E+15,4.79831E+16
28971,28972,8,3,27,49,2016,5,16,3,3,4,2,0,0,0,1,0,0,0,1,4.72228E+20,5.32406E+21,8.6272E+15,4.80692E+16
28972,28973,8,1,36,65,2016,5,11,2,3,0,7,0,0,0,1,0,0,0,0,5.62135E+20,5.40788E+21,9.84648E+15,4.88208E+16
28973,28974,8,3,16,42,2016,5,17,4,2,9,1,0,0,0,1,0,0,0,0,4.29032E+20,5.32832E+21,8.04671E+15,4.81042E+16
28974,28975,8,4,36,81,2016,4,11,7,2,9,1,0,0,0,0,0,1,0,0,5.62578E+20,5.28395E+21,9.83418E+15,4.77059E+16
28975,28976,8,1,28,115,2016,5,14,3,3,2,6,0,1,0,1,0,0,0,0,5.48157E+20,5.49724E+21,9.6668E+15,4.96258E+16
28976,28977,8,1,25,26,2016,5,16,4,3,8,7,0,0,0,0,0,1,0,0,4.90213E+20,5.44261E+21,8.86582E+15,4.91363E+16
28977,28978,8,2,26,65,2016,5,18,4,3,2,6,0,0,0,1,0,0,0,0,4.77794E+20,5.45782E+21,8.69474E+15,4.92727E+16
28978,28979,8,4,16,41,2016,5,8,2,3,2,6,0,0,0,1,0,0,0,0,5.05591E+20,5.37328E+21,9.07571E+15,4.85126E+16
28979,28980,8,2,16,7,2016,5,10,2,3,3,6,0,0,0,1,0,0,1,0,4.34374E+20,5.39788E+21,8.10757E+15,4.87304E+16
28980,28981,8,2,12,0,2016,5,22,1,3,5,3,2,0,0,1,0,0,0,0,4.5255E+20,5.43159E+21,8.35081E+15,4.90354E+16
28981,28982,8,4,17,79,2016,5,11,4,3,3,2,0,0,0,1,0,1,0,0,4.99913E+20,5.34412E+21,8.99882E+15,4.82503E+16
28982,28983,8,1,15,16,2016,5,12,2,3,2,7,0,0,0,1,0,0,0,0,4.88641E+20,5.37797E+21,8.84607E+15,4.85548E+16
28983,28984,8,1,19,79,2016,5,14,2,3,2,6,0,0,0,1,0,0,0,0,5.23651E+20,5.40879E+21,9.32227E+15,4.88316E+16
28984,28985,8,3,17,1,2016,4,17,7,3,5,3,0,0,1,1,0,0,0,0,4.30016E+20,5.38957E+21,8.04972E+15,4.86553E+16
28985,28986,8,3,26,27,2016,5,12,1,3,5,3,0,0,0,1,0,0,0,0,4.63048E+20,5.30772E+21,8.50538E+15,4.79218E+16
28986,28987,8,4,36,78,2016,4,18,7,3,8,1,0,0,0,1,0,0,0,0,5.58458E+20,5.29123E+21,9.78023E+15,4.77718E+16
28987,28988,8,2,25,64,2016,5,14,2,2,8,1,0,0,0,0,0,1,0,0,5.05262E+20,5.47142E+21,9.07252E+15,4.93954E+16
28988,28989,8,3,16,11,2016,4,19,7,3,2,6,2,1,0,1,0,0,0,0,4.1447E+20,5.32889E+21,7.85102E+15,4.81076E+16
28989,28990,8,4,16,41,2016,5,18,1,3,2,6,0,0,0,1,0,0,0,0,5.05218E+20,5.37319E+21,9.07066E+15,4.85118E+16
28990,28991,8,4,35,34,2016,4,8,7,3,2,2,0,0,0,1,0,0,0,1,5.26638E+20,5.28357E+21,9.35508E+15,4.77049E+16
28991,28992,8,1,15,4,2016,5,17,4,3,5,3,0,0,0,1,0,0,1,0,4.87214E+20,5.37258E+21,8.8269E+15,4.85062E+16
28992,28993,8,2,26,37,2016,5,13,4,2,3,6,0,0,1,0,0,0,0,0,4.66755E+20,5.46905E+21,8.54205E+15,4.93733E+16
28993,28994,8,3,35,61,2016,5,8,2,3,5,3,0,0,0,1,0,1,0,0,4.94676E+20,5.27857E+21,8.9291E+15,4.76605E+16
28994,28995,8,2,26,85,2016,5,15,2,3,6,4,0,0,0,0,1,1,0,0,4.91175E+20,5.45542E+21,8.87874E+15,4.92515E+16
28995,28996,8,3,15,76,2016,5,16,3,3,5,2,0,0,0,1,0,0,0,0,3.91991E+20,5.29672E+21,7.55721E+15,4.78148E+16
28996,28997,8,3,17,153,2016,5,14,1,3,9,7,0,0,0,1,0,0,0,0,4.24745E+20,5.38907E+21,7.97825E+15,4.86501E+16
28997,28998,8,4,16,36,2016,5,7,4,3,0,7,0,0,1,1,0,0,0,0,4.95474E+20,5.37247E+21,8.93873E+15,4.85053E+16
28998,28999,8,1,17,26,2016,5,8,2,3,5,3,0,0,0,1,0,1,0,0,5.48016E+20,5.3966E+21,9.65283E+15,4.87206E+16
28999,29000,8,1,19,79,2016,5,16,3,2,5,3,0,0,0,1,0,0,0,0,5.23591E+20,5.4106E+21,9.32156E+15,4.8848E+16
29000,29001,8,2,12,0,2016,5,11,4,3,5,2,0,0,1,1,0,0,0,0,4.5283E+20,5.42924E+21,8.35491E+15,4.90142E+16
29001,29002,8,3,37,128,2016,5,6,3,3,0,7,0,0,0,1,1,0,0,0,4.48903E+20,5.28549E+21,8.31868E+15,4.77208E+16
29002,29003,8,2,16,43,2016,5,8,2,3,5,3,0,0,0,1,0,0,0,0,4.43772E+20,5.41223E+21,8.23339E+15,4.88605E+16
29003,29004,8,3,17,1,2016,5,16,3,3,9,6,0,0,0,1,0,0,0,0,4.28824E+20,5.38939E+21,8.03357E+15,4.86535E+16
29004,29005,8,1,16,80,2016,5,20,4,3,5,3,0,0,0,1,0,1,0,0,5.17487E+20,5.39816E+21,9.23782E+15,4.87362E+16
29005,29006,8,1,11,0,2016,5,16,4,3,2,6,0,0,0,1,0,0,0,0,5.11458E+20,5.40668E+21,9.15607E+15,4.8813E+16
29006,29007,8,2,22,0,2016,5,1,3,3,7,7,2,0,0,1,0,0,0,0,4.63178E+20,5.48924E+21,8.4909E+15,4.95546E+16
29007,29008,8,1,18,3,2016,5,22,1,2,8,7,2,0,0,1,0,0,0,0,5.11331E+20,5.41678E+21,9.15463E+15,4.89038E+16
29008,29009,8,3,15,48,2016,5,18,4,2,5,3,0,0,0,1,0,0,0,1,3.94714E+20,5.30704E+21,7.59107E+15,4.7908E+16
29009,29010,8,2,36,46,2016,5,6,3,3,8,1,1,0,0,1,0,0,0,0,4.84532E+20,5.41934E+21,8.78883E+15,4.89268E+16
29010,29011,8,1,16,11,2016,5,16,3,3,5,2,0,1,0,1,0,0,0,0,5.29461E+20,5.37977E+21,9.39936E+15,4.85703E+16
29011,29012,8,1,18,79,2016,5,11,4,3,5,2,0,0,0,1,0,0,0,1,5.09657E+20,5.42271E+21,9.13192E+15,4.89573E+16
29012,29013,8,3,35,43,2016,5,15,3,3,6,1,0,0,0,0,1,0,0,1,5.12974E+20,5.28454E+21,9.17297E+15,4.77141E+16
29013,29014,8,1,21,0,2016,5,14,2,3,2,6,0,0,0,1,0,0,0,1,5.1332E+20,5.44847E+21,9.18281E+15,4.91889E+16
29014,29015,8,3,25,61,2016,5,19,4,2,0,6,0,0,0,1,0,1,0,0,4.73054E+20,5.35042E+21,8.63662E+15,4.83064E+16
29015,29016,8,4,35,52,2016,4,11,7,3,2,6,0,0,0,1,0,1,0,0,5.20712E+20,5.29165E+21,9.27647E+15,4.77779E+16
29016,29017,8,3,36,84,2016,5,16,4,3,3,6,0,0,0,1,0,1,0,0,4.05377E+20,5.27738E+21,7.74018E+15,4.76429E+16
29017,29018,8,2,15,101,2016,5,16,3,3,2,6,0,0,0,1,0,0,0,0,4.64837E+20,5.42808E+21,8.51921E+15,4.90046E+16
29018,29019,8,1,11,0,2016,5,8,3,3,2,6,0,0,0,1,0,0,1,0,5.15591E+20,5.40496E+21,9.2123E+15,4.87974E+16
29019,29020,8,2,12,0,2016,5,15,4,3,2,6,0,0,0,1,0,0,0,0,4.58189E+20,5.42717E+21,8.42841E+15,4.8996E+16
29020,29021,8,4,25,72,2016,5,16,4,2,2,6,0,0,0,1,0,0,0,0,5.80096E+20,5.37241E+21,1.00843E+16,4.84997E+16
29021,29022,8,4,37,86,2016,5,10,2,3,5,3,0,0,0,1,0,0,0,1,5.24523E+20,5.31588E+21,9.32871E+15,4.79957E+16
29022,29023,8,4,17,75,2016,5,5,2,3,4,6,2,1,0,1,0,0,0,0,5.09496E+20,5.33496E+21,9.12771E+15,4.81678E+16
29023,29024,8,3,26,3,2016,5,13,3,3,1,6,0,0,0,1,0,0,0,0,4.6455E+20,5.31985E+21,8.52449E+15,4.80309E+16
29024,29025,8,1,36,28,2016,5,17,2,3,2,1,0,0,0,1,0,1,0,0,5.70976E+20,5.40126E+21,9.96576E+15,4.87603E+16
29025,29026,8,1,25,63,2016,5,18,2,2,2,1,0,0,1,1,0,0,0,0,5.26404E+20,5.46159E+21,9.36323E+15,4.93065E+16
29026,29027,8,3,15,130,2016,5,10,4,3,8,1,0,0,0,0,0,1,0,0,4.07077E+20,5.30152E+21,7.75765E+15,4.78603E+16
29027,29028,8,1,11,0,2016,5,8,2,3,1,5,0,0,0,1,0,0,0,0,5.18699E+20,5.40266E+21,9.25452E+15,4.87766E+16
29028,29029,8,4,26,62,2016,4,22,7,3,5,3,2,1,0,1,0,0,0,1,5.52793E+20,5.32043E+21,9.7082E+15,4.8035E+16
29029,29030,8,1,27,99,2016,5,19,3,2,2,6,0,0,0,1,0,0,1,1,5.63399E+20,5.44724E+21,9.86984E+15,4.91747E+16
29030,29031,8,1,19,20,2016,5,8,4,3,1,6,0,0,0,1,0,0,0,0,5.21026E+20,5.40711E+21,9.28642E+15,4.88166E+16
29031,29032,8,2,26,84,2016,5,19,4,3,5,3,0,0,0,1,0,1,0,0,4.69275E+20,5.47175E+21,8.57655E+15,4.93977E+16
29032,29033,8,4,15,61,2016,5,16,2,2,0,1,0,0,1,0,0,0,0,0,5.14805E+20,5.36999E+21,9.20035E+15,4.84829E+16
29033,29034,8,2,37,28,2016,5,0,2,3,8,1,2,1,0,1,0,0,0,0,4.55549E+20,5.36874E+21,8.39861E+15,4.84702E+16
29034,29035,8,3,17,89,2016,5,12,3,3,5,3,0,1,1,1,0,0,0,0,4.32815E+20,5.37512E+21,8.09005E+15,4.85256E+16
29035,29036,8,1,18,63,2016,5,14,1,2,9,1,0,0,0,1,0,0,0,0,5.16032E+20,5.42315E+21,9.21902E+15,4.8961E+16
29036,29037,8,1,16,15,2016,5,17,3,3,2,6,0,0,0,1,0,0,0,0,5.22067E+20,5.39337E+21,9.29986E+15,4.8693E+16
29037,29038,8,4,36,55,2016,5,11,2,3,3,6,0,0,0,1,0,0,1,0,5.75147E+20,5.30095E+21,1.00046E+16,4.78575E+16
29038,29039,8,1,27,8,2016,5,10,4,3,5,3,0,0,0,1,0,0,0,0,5.65782E+20,5.4621E+21,9.90497E+15,4.93081E+16
29039,29040,8,2,36,62,2016,5,18,4,3,5,3,0,0,0,1,0,0,0,0,4.85369E+20,5.40792E+21,8.80066E+15,4.88241E+16
29040,29041,8,1,27,73,2016,5,0,4,3,5,3,2,0,0,1,0,0,0,0,5.77997E+20,5.44799E+21,1.00702E+16,4.91798E+16
29041,29042,8,4,25,71,2016,5,16,2,3,0,1,0,0,0,0,0,1,0,0,5.53995E+20,5.37131E+21,9.73082E+15,4.84926E+16
29042,29043,8,3,11,0,2016,5,10,2,3,1,1,0,0,0,1,0,0,0,1,4.146E+20,5.31783E+21,7.85498E+15,4.8008E+16
29043,29044,8,1,36,75,2016,5,5,1,2,8,1,2,0,0,1,0,0,0,0,6.00235E+20,5.41751E+21,1.03678E+16,4.89024E+16
29044,29045,8,1,16,49,2016,5,17,2,3,5,3,0,0,0,1,0,1,0,0,5.23237E+20,5.38293E+21,9.31517E+15,4.8599E+16
29045,29046,8,1,21,0,2016,5,21,2,3,1,6,2,0,0,1,0,0,0,0,5.16346E+20,5.44474E+21,9.22418E+15,4.91553E+16
29046,29047,8,3,15,130,2016,4,15,7,3,8,1,0,0,1,0,0,0,0,0,4.09945E+20,5.30141E+21,7.796E+15,4.78597E+16