FID,OBJECTID,ULAND,UREGBEZ,UKREIS,UGEMEINDE,UJAHR,UMONAT,USTUNDE,UWOCHENTAG,UKATEGORIE,UART,UTYP1,ULICHTVERH,IstStrasse,IstRad,IstPKW,IstFuss,IstKrad,IstGkfz,IstSonstig,LINREFX,LINREFY,XGCSWGS84,YGCSWGS84
29047,29048,8,3,36,100,2016,5,20,1,3,2,7,1,1,0,1,0,0,0,0,3.99008E+20,5.27894E+21,7.65505E+15,4.76559E+16
29048,29049,8,4,15,60,2016,4,18,7,3,8,1,0,0,0,1,0,0,0,0,5.1407E+20,5.37991E+21,9.19074E+15,4.85721E+16
29049,29050,8,1,17,26,2016,5,12,4,3,4,2,0,0,0,1,0,0,0,0,5.48362E+20,5.39407E+21,9.65723E+15,4.86978E+16
29050,29051,8,2,16,7,2016,5,19,4,3,5,3,0,0,0,1,0,0,0,0,4.36023E+20,5.39344E+21,8.13068E+15,4.86907E+16
29051,29052,8,3,15,132,2016,5,15,3,3,6,4,0,1,0,1,1,0,0,0,4.09035E+20,5.32377E+21,7.77912E+15,4.80608E+16
29052,29053,8,1,35,15,2016,5,2,1,2,6,7,2,0,0,1,1,0,0,0,5.77826E+20,5.38416E+21,1.00557E+16,4.86057E+16
29053,29054,8,4,15,61,2016,5,13,4,3,5,3,0,0,0,0,0,1,1,0,5.14994E+20,5.3756E+21,9.20311E+15,4.85333E+16
29054,29055,8,1,16,81,2016,5,17,2,3,1,6,0,0,0,1,0,0,0,0,5.18295E+20,5.38508E+21,9.24824E+15,4.86186E+16
29055,29056,8,4,16,25,2016,5,16,4,3,1,1,0,1,0,1,0,0,0,0,5.00535E+20,5.36044E+21,9.00723E+15,4.83972E+16
29056,29057,8,1,15,13,2016,5,9,2,3,4,7,0,0,0,1,0,0,1,0,4.95044E+20,5.38882E+21,8.93271E+15,4.86525E+16
29057,29058,8,1,18,48,2016,5,15,2,3,2,6,0,0,0,1,0,0,0,0,5.13335E+20,5.4153E+21,9.18192E+15,4.88905E+16
29058,29059,8,3,15,76,2016,4,4,7,2,2,6,2,0,0,1,0,0,1,0,3.90707E+20,5.29066E+21,7.54159E+15,4.77601E+16
29059,29060,8,1,15,45,2016,5,7,4,3,2,6,0,1,0,1,0,1,0,0,4.99032E+20,5.39483E+21,8.98684E+15,4.87065E+16
29060,29061,8,4,36,67,2016,5,17,3,3,5,2,0,0,0,1,0,1,0,0,5.32143E+20,5.30608E+21,9.43013E+15,4.79072E+16
29061,29062,8,2,26,38,2016,5,7,2,3,1,6,0,0,0,1,0,0,0,0,4.71115E+20,5.48125E+21,8.60121E+15,4.94832E+16
29062,29063,8,2,15,94,2016,5,11,3,1,5,3,0,0,0,1,0,0,1,0,4.8731E+20,5.43989E+21,8.82612E+15,4.91117E+16
29063,29064,8,3,37,116,2016,5,16,4,3,8,1,0,0,0,0,0,1,0,0,4.18772E+20,5.27496E+21,7.91894E+15,4.7623E+16
29064,29065,8,2,22,0,2016,5,17,3,3,2,6,0,0,0,1,0,0,0,0,4.64677E+20,5.47739E+21,8.51268E+15,4.94481E+16
29065,29066,8,1,16,19,2016,5,13,3,2,0,6,0,0,0,1,0,1,0,0,5.2232E+20,5.39806E+21,9.30356E+15,4.87351E+16
29066,29067,8,1,36,19,2016,5,12,4,2,0,1,0,0,1,0,0,0,0,0,5.82257E+20,5.42453E+21,1.01239E+16,4.89682E+16
29067,29068,8,4,36,64,2016,5,13,2,2,2,6,0,0,0,1,0,0,0,0,5.41461E+20,5.29074E+21,9.55335E+15,4.77687E+16
29068,29069,8,3,35,43,2016,5,16,2,3,5,3,0,0,0,1,0,0,0,0,5.13465E+20,5.27934E+21,9.17936E+15,4.76673E+16
29069,29070,8,3,35,43,2016,5,18,3,3,1,5,0,0,0,1,0,1,0,0,5.1338E+20,5.28034E+21,9.17826E+15,4.76763E+16
29070,29071,8,1,15,28,2016,5,17,2,3,5,3,0,0,0,0,0,0,1,1,5.0184E+20,5.40265E+21,9.02504E+15,4.87769E+16
29071,29072,8,1,15,53,2016,5,16,3,2,5,3,0,0,0,1,0,0,0,0,4.86296E+20,5.37983E+21,8.81423E+15,4.85714E+16
29072,29073,8,2,12,0,2016,5,17,4,3,1,6,0,0,0,1,0,0,0,1,4.59654E+20,5.43031E+21,8.44812E+15,4.90244E+16
29073,29074,8,3,37,126,2016,5,16,3,3,1,6,0,1,0,1,0,0,1,0,4.38617E+20,5.27385E+21,8.18318E+15,4.76151E+16
29074,29075,8,2,12,0,2016,5,7,2,3,9,1,0,0,0,1,0,0,0,0,4.5445E+20,5.4345E+21,8.37647E+15,4.90617E+16
29075,29076,8,2,31,0,2016,5,22,3,2,4,2,2,1,0,1,0,0,0,0,4.78139E+20,5.41606E+21,8.70174E+15,4.88971E+16
29076,29077,8,3,27,25,2016,5,18,4,3,5,3,0,0,0,1,0,0,0,0,4.81787E+20,5.30519E+21,8.75631E+15,4.78998E+16
29077,29078,8,1,21,0,2016,5,13,3,3,8,1,0,1,0,1,0,0,0,0,5.08454E+20,5.44856E+21,9.11602E+15,4.91898E+16
29078,29079,8,1,11,0,2016,5,6,3,3,2,6,0,0,0,1,0,0,0,0,5.09056E+20,5.4006E+21,9.12321E+15,4.87584E+16
29079,29080,8,2,12,0,2016,5,8,4,1,2,6,0,0,0,1,0,0,1,0,4.62563E+20,5.43208E+21,8.48775E+15,4.90405E+16
29080,29081,8,1,28,47,2016,5,15,4,2,0,1,0,0,1,0,0,0,0,0,5.53626E+20,5.49587E+21,9.74232E+15,4.9613E+16
29081,29082,8,4,26,120,2016,5,8,2,3,0,1,0,0,1,0,0,0,0,0,5.60476E+20,5.32437E+21,9.81182E+15,4.80697E+16
29082,29083,8,3,17,121,2016,5,16,2,3,4,1,0,0,0,1,0,1,0,0,4.21114E+20,5.3417E+21,7.93787E+15,4.82237E+16
29083,29084,8,1,27,76,2016,5,22,1,3,7,7,2,0,0,1,0,0,0,0,5.5886E+20,5.43963E+21,9.80646E+15,4.91067E+16
29084,29085,8,1,35,19,2016,5,17,2,3,2,6,0,0,0,1,0,0,0,0,5.83256E+20,5.39249E+21,1.01311E+16,4.86799E+16
29085,29086,8,1,26,39,2016,5,16,2,2,0,7,0,0,0,0,0,1,0,0,5.50395E+20,5.46332E+21,9.69346E+15,4.93205E+16
29086,29087,8,3,16,56,2016,4,15,7,3,4,1,0,0,0,1,0,1,0,0,4.29132E+20,5.32216E+21,8.04906E+15,4.80488E+16
29087,29088,8,2,31,0,2016,5,18,4,2,2,6,0,0,0,1,0,0,0,0,4.82517E+20,5.41829E+21,8.76137E+15,4.89173E+16
29088,29089,8,4,35,34,2016,5,15,1,3,8,1,0,1,0,1,0,0,0,0,5.28317E+20,5.28632E+21,9.37764E+15,4.77297E+16
29089,29090,8,1,36,45,2016,5,15,1,3,2,2,0,0,0,1,0,0,0,0,5.89486E+20,5.40649E+21,1.02187E+16,4.88049E+16
29090,29091,8,1,17,38,2016,5,19,1,3,0,3,0,0,0,1,0,1,0,0,5.4736E+20,5.39774E+21,9.64405E+15,4.87309E+16
29091,29092,8,4,36,64,2016,5,13,6,3,3,6,0,0,0,1,0,0,1,0,5.44172E+20,5.29073E+21,9.58952E+15,4.77684E+16
29092,29093,8,4,25,108,2016,5,17,7,3,8,1,0,0,0,0,0,1,0,0,5.43352E+20,5.35967E+21,9.58557E+15,4.83887E+16
29093,29094,8,3,26,52,2016,5,10,6,3,5,3,0,0,0,1,0,0,0,0,4.54603E+20,5.33014E+21,8.38998E+15,4.81229E+16
29094,29095,8,1,26,58,2016,5,22,6,2,9,1,2,0,0,1,0,0,0,0,5.43077E+20,5.45362E+21,9.59172E+15,4.92339E+16
29095,29096,8,4,36,78,2016,5,17,5,3,2,2,0,0,0,1,0,0,0,0,5.55514E+20,5.29175E+21,9.74101E+15,4.77768E+16
29096,29097,8,1,11,0,2016,5,18,2,2,4,1,0,0,0,1,0,1,0,0,5.1348E+20,5.4015E+21,9.18344E+15,4.87664E+16
29097,29098,8,2,35,8,2016,5,9,5,3,9,1,0,0,0,1,0,0,0,0,4.8067E+20,5.40206E+21,8.73692E+15,4.87713E+16
29098,29099,8,3,15,113,2016,5,12,1,2,5,3,0,0,0,0,0,1,0,0,4.38016E+20,5.30658E+21,8.17052E+15,4.79095E+16
29099,29100,8,1,36,10,2016,5,10,5,3,4,2,0,0,0,1,0,1,0,0,5.96768E+20,5.40907E+21,1.03185E+16,4.88271E+16
29100,29101,8,3,15,39,2016,5,9,5,3,2,6,0,0,0,1,0,0,0,0,4.48349E+20,5.30538E+21,8.30893E+15,4.78996E+16
29101,29102,8,1,15,13,2016,5,11,5,3,2,6,0,0,0,1,0,1,0,0,4.93506E+20,5.39167E+21,8.91178E+15,4.8678E+16
29102,29103,8,1,28,128,2016,5,17,5,2,9,1,0,0,0,0,0,1,0,0,5.43372E+20,5.50269E+21,9.60114E+15,4.96752E+16
29103,29104,8,4,36,6,2016,5,12,7,2,5,3,0,0,0,1,0,0,0,0,5.60432E+20,5.28398E+21,9.80557E+15,4.77064E+16
29104,29105,8,3,25,72,2016,5,3,7,3,8,7,2,0,0,1,0,0,0,0,4.70235E+20,5.32727E+21,8.60023E+15,4.8098E+16
29105,29106,8,3,11,0,2016,5,10,7,3,4,3,0,0,1,0,0,0,0,0,4.13359E+20,5.31613E+21,7.83869E+15,4.79926E+16
29106,29107,8,3,15,41,2016,5,12,6,3,0,1,0,0,1,0,0,0,0,0,4.20859E+20,5.32233E+21,7.93805E+15,4.80494E+16
29107,29108,8,3,37,22,2016,5,14,7,3,8,1,0,0,0,0,0,1,0,0,4.49026E+20,5.29419E+21,8.31929E+15,4.77991E+16
29108,29109,8,3,17,121,2016,5,9,6,3,8,7,0,0,0,0,0,1,0,0,4.2073E+20,5.3414E+21,7.93277E+15,4.82209E+16
29109,29110,8,1,19,1,2016,5,6,6,3,5,3,0,0,0,1,0,1,0,0,5.50193E+20,5.40979E+21,9.68404E+15,4.88391E+16
29110,29111,8,4,26,21,2016,5,13,5,3,0,1,0,0,0,0,0,1,0,0,5.65813E+20,5.32477E+21,9.88352E+15,4.80728E+16
29111,29112,8,1,36,88,2016,5,1,7,3,1,5,2,0,0,1,0,0,0,0,5.83442E+20,5.40763E+21,1.01366E+16,4.88161E+16
29112,29113,8,4,36,81,2016,5,14,1,3,8,3,0,0,0,1,1,0,0,0,5.63334E+20,5.28141E+21,9.84388E+15,4.7683E+16
29113,29114,8,2,36,74,2016,5,18,5,3,2,6,0,0,0,1,0,1,0,0,4.73813E+20,5.41978E+21,8.64248E+15,4.89304E+16
29114,29115,8,2,31,0,2016,5,17,1,3,2,6,0,0,0,1,0,0,0,0,4.78977E+20,5.41805E+21,8.71306E+15,4.8915E+16
29115,29116,8,1,27,46,2016,5,16,5,2,0,1,0,0,1,0,0,0,0,0,5.70742E+20,5.4503E+21,9.97111E+15,4.92014E+16
29116,29117,8,2,12,0,2016,5,15,5,3,2,6,0,0,0,1,0,0,0,0,4.51427E+20,5.43165E+21,8.33544E+15,4.90358E+16
29117,29118,8,4,35,47,2016,5,13,6,3,5,2,0,0,0,1,0,0,0,1,5.12905E+20,5.29843E+21,9.17246E+15,4.78391E+16
29118,29119,8,2,12,0,2016,5,15,6,3,6,4,0,0,0,1,1,0,0,0,4.54798E+20,5.42826E+21,8.38194E+15,4.90055E+16
29119,29120,8,1,21,0,2016,5,10,2,2,5,3,0,0,0,0,0,1,0,0,5.09898E+20,5.4484E+21,9.13583E+15,4.91883E+16
29120,29121,8,3,15,130,2016,5,14,7,3,8,1,0,0,0,0,0,1,0,0,4.13927E+20,5.3044E+21,7.84863E+15,4.78872E+16
29121,29122,8,2,35,46,2016,5,10,7,3,8,1,0,0,0,1,0,0,0,0,4.77962E+20,5.37286E+21,8.70162E+15,4.85085E+16
29122,29123,8,4,15,28,2016,5,15,5,2,5,3,0,0,0,1,0,1,0,0,5.35711E+20,5.372E+21,9.48342E+15,4.85001E+16
29123,29124,8,1,25,98,2016,5,22,7,3,2,6,2,0,0,1,0,0,0,0,5.19807E+20,5.43726E+21,9.27128E+15,4.90879E+16
29124,29125,8,3,35,98,2016,5,14,1,3,4,6,0,0,0,1,0,0,0,0,5.02336E+20,5.29797E+21,9.03121E+15,4.78351E+16
29125,29126,8,2,26,36,2016,5,22,1,3,8,1,2,0,0,1,0,0,0,0,4.68605E+20,5.48236E+21,8.56648E+15,4.9493E+16
29126,29127,8,1,27,63,2016,5,19,7,2,5,3,0,0,0,1,0,1,0,0,5.64677E+20,5.43358E+21,9.88518E+15,4.90517E+16
29127,29128,8,4,17,10,2016,5,19,1,3,5,3,0,0,0,1,0,0,0,0,5.07008E+20,5.3426E+21,9.09438E+15,4.82366E+16
29128,29129,8,2,35,80,2016,5,11,1,2,4,1,0,0,0,0,0,1,0,0,4.81095E+20,5.38791E+21,8.74336E+15,4.86439E+16
29129,29130,8,2,37,73,2016,5,14,5,2,9,1,0,0,0,0,0,1,0,0,4.58704E+20,5.38226E+21,8.43996E+15,4.8592E+16
29130,29131,8,1,17,26,2016,5,16,7,3,0,3,0,0,0,1,0,1,0,0,5.45092E+20,5.39587E+21,9.613E+15,4.87143E+16
29131,29132,8,4,26,21,2016,5,9,6,2,0,3,0,0,0,1,0,1,0,0,5.58259E+20,5.32727E+21,9.78245E+15,4.8096E+16
29132,29133,8,2,35,79,2016,5,22,6,3,9,1,2,0,0,1,0,0,0,0,4.69262E+20,5.40236E+21,8.58164E+15,4.87735E+16
29133,29134,8,1,19,67,2016,5,20,2,3,9,1,0,0,0,0,0,1,0,0,5.40869E+20,5.40476E+21,9.55647E+15,4.87945E+16
29134,29135,8,2,25,14,2016,5,18,7,3,9,6,0,0,0,1,0,0,0,0,5.17983E+20,5.48127E+21,9.24827E+15,4.94838E+16
29135,29136,8,3,37,116,2016,5,19,5,3,5,2,0,0,0,1,0,1,0,0,4.17396E+20,5.27612E+21,7.9004E+15,4.76332E+16
29136,29137,8,1,11,0,2016,5,14,1,3,2,6,0,0,0,1,0,0,0,0,5.07232E+20,5.39549E+21,9.09832E+15,4.87124E+16
29137,29138,8,1,25,13,2016,5,15,1,3,5,3,0,0,0,1,0,1,0,0,5.04799E+20,5.4358E+21,9.06571E+15,4.90751E+16
29138,29139,8,4,37,118,2016,5,14,6,3,7,7,0,0,0,0,0,1,0,0,5.13913E+20,5.30631E+21,9.18618E+15,4.791E+16
29139,29140,8,3,15,48,2016,5,11,6,3,2,6,0,0,0,1,0,0,0,0,3.94526E+20,5.30695E+21,7.58857E+15,4.79072E+16
29140,29141,8,3,35,43,2016,5,18,6,3,2,6,0,0,0,1,0,0,0,0,5.15148E+20,5.28123E+21,9.20184E+15,4.76843E+16
29141,29142,8,2,15,66,2016,5,1,6,2,0,1,2,0,1,0,0,0,0,0,4.57834E+20,5.45293E+21,8.42086E+15,4.92277E+16
29142,29143,8,1,36,88,2016,5,12,6,3,2,6,0,0,0,1,0,0,0,0,5.88834E+20,5.40609E+21,1.02097E+16,4.88014E+16
29143,29144,8,4,36,52,2016,5,13,5,2,4,1,0,0,0,1,0,1,0,0,5.65418E+20,5.28922E+21,9.87282E+15,4.77531E+16
29144,29145,8,1,16,19,2016,5,8,2,3,2,6,0,0,0,1,0,0,0,0,5.2303E+20,5.39761E+21,9.31318E+15,4.87311E+16
29145,29146,8,1,16,78,2016,5,21,7,2,5,3,1,0,0,1,0,1,0,0,5.12303E+20,5.39364E+21,9.16719E+15,4.86956E+16
29146,29147,8,4,16,41,2016,5,13,6,3,2,6,0,0,0,1,0,0,0,0,5.05483E+20,5.37333E+21,9.07424E+15,4.85131E+16
29147,29148,8,2,26,13,2016,5,10,6,3,0,3,0,0,0,0,0,1,0,1,4.9869E+20,5.47862E+21,8.98192E+15,4.94603E+16
29148,29149,8,4,25,31,2016,5,18,6,2,7,7,0,0,1,0,0,0,0,0,5.67006E+20,5.36999E+21,9.9067E+15,4.84795E+16
29149,29150,8,1,11,0,2016,5,10,6,3,2,6,0,0,0,1,0,0,0,0,5.17778E+20,5.40734E+21,9.24219E+15,4.88188E+16
29150,29151,8,1,15,1,2016,5,13,2,2,0,4,0,0,1,0,1,0,0,0,4.91647E+20,5.39168E+21,8.88652E+15,4.86781E+16
29151,29152,8,3,26,27,2016,5,12,1,3,0,7,0,0,0,1,0,1,0,0,4.62879E+20,5.30733E+21,8.50315E+15,4.79182E+16
29152,29153,8,1,35,32,2016,5,15,7,3,4,2,0,0,1,1,0,0,0,0,5.72202E+20,5.3914E+21,9.98071E+15,4.86714E+16
29153,29154,8,3,35,75,2016,5,9,5,1,5,3,0,0,0,1,0,1,0,0,4.89226E+20,5.29083E+21,8.85621E+15,4.77707E+16
29154,29155,8,3,17,47,2016,5,18,5,3,5,3,0,0,0,1,0,1,0,0,4.17666E+20,5.36303E+21,7.88729E+15,4.84151E+16
29155,29156,8,2,25,91,2016,5,19,1,2,3,2,0,0,0,1,0,1,0,0,5.24518E+20,5.47653E+21,9.33821E+15,4.9441E+16
29156,29157,8,1,16,49,2016,5,10,1,3,5,3,0,0,1,1,0,0,0,0,5.24874E+20,5.38583E+21,9.33756E+15,4.86251E+16
29157,29158,8,4,35,52,2016,5,13,6,3,4,2,0,0,0,1,0,1,0,0,5.20308E+20,5.28765E+21,9.2709E+15,4.77419E+16
29158,29159,8,1,16,79,2016,5,1,7,2,9,1,2,0,0,1,0,0,0,0,5.35978E+20,5.37615E+21,9.48739E+15,4.85374E+16
29159,29160,8,3,26,12,2016,5,14,6,3,5,3,0,0,1,1,0,0,0,0,4.62708E+20,5.30992E+21,8.50063E+15,4.79415E+16
29160,29161,8,1,25,8,2016,5,17,6,3,2,6,0,0,0,1,0,0,0,0,5.22911E+20,5.43206E+21,9.3135E+15,4.9041E+16
29161,29162,8,4,35,29,2016,5,9,5,3,2,6,0,0,0,1,0,0,0,0,5.48459E+20,5.27109E+21,9.64455E+15,4.75914E+16
29162,29163,8,1,15,28,2016,5,16,7,3,3,6,0,0,0,1,0,0,1,0,5.02347E+20,5.40131E+21,9.03194E+15,4.87648E+16
29163,29164,8,1,11,0,2016,5,8,2,3,2,6,0,0,0,1,0,0,0,0,5.08109E+20,5.3989E+21,9.1103E+15,4.87431E+16
29164,29165,8,2,36,76,2016,5,0,5,2,9,1,2,0,0,1,0,0,0,0,4.77203E+20,5.42358E+21,8.68854E+15,4.89647E+16
29165,29166,8,3,15,109,2016,5,13,1,3,0,1,0,0,0,0,0,1,0,0,4.2605E+20,5.31817E+21,8.0084E+15,4.80125E+16
29166,29167,8,1,27,76,2016,5,16,5,3,0,7,0,0,1,0,0,0,0,0,5.53772E+20,5.4396E+21,9.73674E+15,4.91069E+16
29167,29168,8,3,15,94,2016,5,17,5,3,9,1,0,0,0,1,0,0,0,0,4.32057E+20,5.31827E+21,8.08893E+15,4.80141E+16
29168,29169,8,1,15,45,2016,5,3,5,3,8,7,2,0,0,1,0,0,0,0,4.94143E+20,5.39419E+21,8.9204E+15,4.87007E+16
29169,29170,8,2,26,13,2016,5,12,5,2,8,1,0,0,0,0,0,1,0,0,5.00412E+20,5.47909E+21,9.00568E+15,4.94645E+16
29170,29171,8,3,17,113,2016,5,12,1,3,1,6,0,0,0,1,0,0,0,0,4.08173E+20,5.34539E+21,7.76288E+15,4.8255E+16
29171,29172,8,3,17,113,2016,5,8,5,3,2,6,0,0,0,1,0,0,0,0,4.08022E+20,5.34502E+21,7.76092E+15,4.82517E+16
29172,29173,8,1,15,50,2016,5,12,5,3,0,7,0,0,1,0,0,0,0,0,4.89233E+20,5.40228E+21,8.85346E+15,4.87734E+16
29173,29174,8,1,36,42,2016,5,18,5,2,8,1,0,0,0,0,0,1,0,0,5.47291E+20,5.40747E+21,9.64422E+15,4.88184E+16
29174,29175,8,1,11,0,2016,5,13,1,3,2,6,0,0,0,1,0,1,0,0,5.17E+20,5.40368E+21,9.23143E+15,4.87859E+16
29175,29176,8,3,37,116,2016,5,15,7,3,5,3,0,0,0,1,0,0,0,0,4.17003E+20,5.2765E+21,7.8951E+15,4.76366E+16
29176,29177,8,3,16,53,2016,5,10,6,3,2,6,0,0,0,1,0,0,0,0,4.06156E+20,5.34251E+21,7.73636E+15,4.82288E+16
29177,29178,8,1,18,46,2016,5,11,6,3,2,6,0,0,0,1,0,0,0,0,5.16053E+20,5.41263E+21,9.21889E+15,4.88664E+16
29178,29179,8,4,25,33,2016,5,14,5,3,6,7,0,0,0,1,1,0,0,0,5.42626E+20,5.35066E+21,9.57485E+15,4.83077E+16
29179,29180,8,1,36,10,2016,5,12,7,2,9,1,0,0,0,0,0,1,0,0,5.9804E+20,5.41102E+21,1.03363E+16,4.88444E+16
29180,29181,8,4,35,34,2016,5,15,1,3,4,6,0,0,0,1,0,0,0,0,5.27784E+20,5.28433E+21,9.3704E+15,4.77118E+16
29181,29182,8,2,21,0,2016,5,18,5,2,2,2,0,0,0,1,0,0,0,0,4.84077E+20,5.47236E+21,8.78052E+15,4.94037E+16
29182,29183,8,2,22,0,2016,5,17,1,3,2,6,0,0,0,1,0,0,0,0,4.66757E+20,5.47708E+21,8.54141E+15,4.94455E+16
29183,29184,8,2,35,79,2016,5,16,5,2,4,6,2,0,0,1,0,0,0,0,4.6726E+20,5.39954E+21,8.55463E+15,4.8748E+16
29184,29185,8,2,15,17,2016,5,11,5,2,5,2,0,0,1,1,0,0,0,0,4.57544E+20,5.41596E+21,8.42076E+15,4.88951E+16
29185,29186,8,4,35,16,2016,5,15,6,2,5,3,0,0,1,1,0,0,0,0,5.35692E+20,5.27916E+21,9.4754E+15,4.76648E+16
29186,29187,8,2,37,54,2016,5,8,6,3,8,1,0,0,0,1,0,0,0,0,4.64854E+20,5.37263E+21,8.52418E+15,4.85058E+16
29187,29188,8,1,25,65,2016,5,12,2,3,4,1,0,0,0,1,0,0,0,1,5.15774E+20,5.45122E+21,9.21659E+15,4.92136E+16
29188,29189,8,1,26,11,2016,5,12,5,3,4,7,0,0,1,1,0,0,0,0,5.32151E+20,5.44736E+21,9.44114E+15,4.91782E+16
29189,29190,8,4,36,10,2016,5,15,7,3,4,6,0,0,0,1,0,0,0,0,5.63622E+20,5.31076E+21,9.85202E+15,4.7947E+16
29190,29191,8,3,17,75,2016,5,4,7,3,2,7,2,0,0,1,0,0,1,0,4.13087E+20,5.35977E+21,7.82611E+15,4.83851E+16
29191,29192,8,2,26,10,2016,5,10,7,3,2,6,0,0,0,1,0,0,0,0,4.84633E+20,5.45716E+21,8.78877E+15,4.9267E+16
29192,29193,8,4,25,33,2016,5,14,5,3,0,7,0,0,0,1,1,0,0,0,5.42637E+20,5.34997E+21,9.57494E+15,4.83015E+16
29193,29194,8,1,25,26,2016,5,12,7,3,5,3,0,0,1,1,0,0,0,0,4.92799E+20,5.43845E+21,8.90135E+15,4.90988E+16
29194,29195,8,3,37,59,2016,5,14,1,2,3,6,0,0,0,0,0,1,0,0,4.29218E+20,5.28935E+21,8.05561E+15,4.77537E+16
29195,29196,8,2,26,3,2016,5,17,1,3,1,6,0,0,0,1,0,0,0,0,4.60486E+20,5.46296E+21,8.4563E+15,4.93181E+16
29196,29197,8,1,17,16,2016,5,15,7,3,5,3,0,0,0,1,0,1,0,0,5.50319E+20,5.37823E+21,9.68191E+15,4.85551E+16
29197,29198,8,4,17,8,2016,5,11,6,3,1,6,0,0,0,1,0,0,0,0,4.9385E+20,5.35083E+21,8.91706E+15,4.83106E+16
29198,29199,8,2,35,7,2016,5,16,6,3,2,2,0,0,0,1,0,0,0,0,4.84354E+20,5.39727E+21,8.78724E+15,4.87282E+16
29199,29200,8,1,19,8,2016,5,15,2,3,5,3,0,0,0,1,0,1,0,0,5.31279E+20,5.42156E+21,9.42719E+15,4.89462E+16
29200,29201,8,2,22,0,2016,5,14,7,2,2,6,0,0,0,1,0,1,0,0,4.66071E+20,5.48387E+21,8.53135E+15,4.95065E+16
29201,29202,8,3,35,2,2016,5,16,5,3,2,6,0,0,0,1,0,0,0,0,5.04625E+20,5.28569E+21,9.06167E+15,4.77246E+16
29202,29203,8,1,15,28,2016,5,17,1,1,5,3,0,0,0,1,0,1,0,0,5.0139E+20,5.40593E+21,9.01894E+15,4.88063E+16
29203,29204,8,2,36,4,2016,5,9,7,1,5,3,0,0,0,1,0,1,0,0,4.71961E+20,5.41316E+21,8.61765E+15,4.88707E+16
29204,29205,8,4,15,34,2016,5,16,5,3,8,1,0,0,0,0,0,1,0,0,5.3716E+20,5.35109E+21,9.50118E+15,4.83119E+16
29205,29206,8,1,19,87,2016,5,11,7,2,6,6,0,0,0,1,1,0,0,0,5.26202E+20,5.42671E+21,9.35817E+15,4.89927E+16
29206,29207,8,2,15,9,2016,5,9,1,3,3,6,0,0,0,1,0,0,0,0,4.68828E+20,5.44233E+21,8.57268E+15,4.9133E+16
29207,29208,8,1,11,0,2016,5,20,7,2,5,3,0,0,1,1,0,0,0,0,5.12282E+20,5.40734E+21,9.16731E+15,4.8819E+16
29208,29209,8,4,16,25,2016,5,11,6,3,5,3,0,0,0,1,0,0,0,0,5.02151E+20,5.36038E+21,9.02906E+15,4.83966E+16
29209,29210,8,3,37,126,2016,5,11,6,3,5,2,0,0,0,1,0,0,0,0,4.44222E+20,5.27438E+21,8.25769E+15,4.76204E+16
29210,29211,8,2,22,0,2016,5,10,6,3,2,6,0,0,0,1,0,0,0,0,4.65561E+20,5.47608E+21,8.52499E+15,4.94364E+16
29211,29212,8,1,36,65,2016,5,12,6,3,2,2,0,0,0,1,0,0,0,0,5.61567E+20,5.40307E+21,9.83802E+15,4.87776E+16
29212,29213,8,4,37,78,2016,5,9,5,3,8,7,0,0,0,1,0,0,0,0,5.0829E+20,5.31949E+21,9.11119E+15,4.80286E+16
29213,29214,8,1,16,78,2016,5,11,2,3,5,3,0,0,0,1,0,0,0,0,5.10703E+20,5.39328E+21,9.14544E+15,4.86924E+16
29214,29215,8,2,26,13,2016,5,15,5,2,2,6,0,0,0,0,0,1,0,0,5.00476E+20,5.47626E+21,9.00657E+15,4.9439E+16
29215,29216,8,3,17,40,2016,5,15,1,2,0,7,0,0,1,0,0,0,0,0,4.32656E+20,5.34806E+21,8.09225E+15,4.82821E+16
29216,29217,8,3,26,60,2016,5,19,5,3,8,1,0,0,0,0,0,1,0,0,4.42375E+20,5.33091E+21,8.22557E+15,4.81288E+16
29217,29218,8,3,17,57,2016,5,19,5,3,5,2,0,0,1,1,0,0,0,0,4.16584E+20,5.37966E+21,7.86935E+15,4.85644E+16
29218,29219,8,1,11,0,2016,5,12,5,3,2,6,0,0,0,1,0,0,0,0,5.07567E+20,5.39745E+21,9.1029E+15,4.873E+16
29219,29220,8,1,27,103,2016,5,14,1,2,4,1,0,0,0,1,0,0,0,0,5.77054E+20,5.43645E+21,1.00551E+16,4.90761E+16
29220,29221,8,1,26,11,2016,5,21,5,2,0,7,2,0,1,0,0,0,0,0,5.28867E+20,5.44754E+21,9.3961E+15,4.918E+16
29221,29222,8,1,15,44,2016,5,12,1,3,0,1,0,0,0,0,0,1,0,0,5.04517E+20,5.39075E+21,9.06135E+15,4.86698E+16
29222,29223,8,4,15,28,2016,5,11,7,2,8,1,0,0,0,0,0,1,0,0,5.32982E+20,5.37443E+21,9.44668E+15,4.85221E+16
29223,29224,8,1,25,49,2016,5,22,1,2,8,1,2,0,0,1,0,0,0,0,5.01991E+20,5.45039E+21,9.02734E+15,4.92063E+16
29224,29225,8,4,36,5,2016,5,10,6,3,2,6,0,0,0,1,0,0,0,0,5.42092E+20,5.30625E+21,9.56327E+15,4.79082E+16
29225,29226,8,3,37,96,2016,5,11,6,2,1,6,0,0,0,1,0,0,0,1,4.19536E+20,5.26736E+21,7.9305E+15,4.75547E+16
29226,29227,8,4,26,38,2016,5,11,7,2,4,6,0,0,0,1,0,0,0,1,5.57744E+20,5.31476E+21,9.77385E+15,4.79835E+16