FID,OBJECTID,ULAND,UREGBEZ,UKREIS,UGEMEINDE,UJAHR,UMONAT,USTUNDE,UWOCHENTAG,UKATEGORIE,UART,UTYP1,ULICHTVERH,IstStrasse,IstRad,IstPKW,IstFuss,IstKrad,IstGkfz,IstSonstig,LINREFX,LINREFY,XGCSWGS84,YGCSWGS84
29227,29228,8,3,35,98,2016,5,4,6,2,2,6,2,0,0,1,0,0,1,0,5.02949E+20,5.29864E+21,9.03942E+15,4.78411E+16
29228,29229,8,1,27,75,2016,5,18,6,3,0,6,0,0,0,1,0,0,0,0,5.66945E+20,5.46633E+21,9.92168E+15,4.93461E+16
29229,29230,8,4,36,52,2016,5,5,5,3,8,7,1,0,0,1,0,0,0,0,5.68405E+20,5.28987E+21,9.91276E+15,4.77586E+16
29230,29231,8,1,15,3,2016,5,6,2,3,5,2,0,0,0,1,0,1,0,0,4.9646E+20,5.3932E+21,8.95189E+15,4.86918E+16
29231,29232,8,2,21,0,2016,5,20,5,3,6,4,0,0,0,0,1,0,0,1,4.78339E+20,5.47337E+21,8.70137E+15,4.94127E+16
29232,29233,8,3,16,54,2016,5,20,1,2,8,1,0,0,0,0,0,1,0,0,4.20978E+20,5.33939E+21,7.93647E+15,4.82028E+16
29233,29234,8,1,21,0,2016,5,5,5,2,8,1,1,0,0,1,0,0,0,0,5.16041E+20,5.44216E+21,9.2199E+15,4.91321E+16
29234,29235,8,3,15,16,2016,5,14,5,2,1,6,0,0,0,1,0,1,0,0,4.32363E+20,5.30998E+21,8.09434E+15,4.79395E+16
29235,29236,8,4,35,30,2016,5,6,4,2,5,3,1,0,0,1,0,0,0,1,5.40555E+20,5.27222E+21,9.53953E+15,4.76021E+16
29236,29237,8,1,25,103,2016,5,11,5,2,4,1,0,0,0,0,0,1,0,0,5.31431E+20,5.46185E+21,9.4324E+15,4.93085E+16
29237,29238,8,4,35,13,2016,5,18,7,2,0,7,0,0,1,0,0,0,0,0,5.39808E+20,5.2754E+21,9.52989E+15,4.76308E+16
29238,29239,8,3,27,48,2016,5,12,7,2,0,1,0,0,0,0,0,1,0,0,4.73775E+20,5.31942E+21,8.64826E+15,4.80275E+16
29239,29240,8,3,15,84,2016,5,15,7,2,8,1,0,0,0,0,0,1,0,0,4.19968E+20,5.3061E+21,7.92911E+15,4.79032E+16
29240,29241,8,3,36,91,2016,5,11,6,3,2,6,0,0,0,1,0,0,0,0,3.95129E+20,5.2711E+21,7.60528E+15,4.75848E+16
29241,29242,8,1,28,128,2016,5,10,7,2,5,3,0,0,0,1,0,1,0,0,5.47973E+20,5.50243E+21,9.66489E+15,4.96725E+16
29242,29243,8,4,26,14,2016,5,14,1,3,2,6,0,0,0,1,0,0,0,0,5.48183E+20,5.31918E+21,9.64622E+15,4.80241E+16
29243,29244,8,2,37,45,2016,5,12,1,2,0,6,0,0,0,1,0,1,0,0,4.5862E+20,5.36441E+21,8.44059E+15,4.84315E+16
29244,29245,8,3,17,41,2016,5,15,6,3,5,3,0,0,0,1,0,0,0,1,4.38217E+20,5.3488E+21,8.16709E+15,4.82894E+16
29245,29246,8,1,25,86,2016,5,15,6,2,2,6,0,0,0,0,0,1,0,1,5.01244E+20,5.44219E+21,9.01705E+15,4.91325E+16
29246,29247,8,4,26,43,2016,5,18,5,2,5,3,0,0,0,1,0,1,0,0,5.76852E+20,5.32319E+21,1.00314E+16,4.80574E+16
29247,29248,8,1,36,19,2016,5,9,7,3,5,3,0,0,0,1,0,0,0,0,5.92231E+20,5.42415E+21,1.02601E+16,4.89634E+16
29248,29249,8,4,35,57,2016,5,11,1,2,5,3,0,0,1,1,0,0,0,0,5.45769E+20,5.27984E+21,9.60968E+15,4.76704E+16
29249,29250,8,2,15,29,2016,5,14,5,3,2,6,0,0,0,1,0,1,0,0,4.66929E+20,5.44967E+21,8.54605E+15,4.9199E+16
29250,29251,8,3,15,95,2016,5,8,1,3,8,1,0,0,0,0,0,1,0,0,4.3087E+20,5.31903E+21,8.07289E+15,4.80208E+16
29251,29252,8,1,21,0,2016,5,0,5,3,0,7,2,0,0,1,0,0,0,1,5.16132E+20,5.44376E+21,9.2212E+15,4.91465E+16
29252,29253,8,3,15,41,2016,5,15,5,3,8,6,0,0,1,1,0,0,0,0,4.21002E+20,5.32235E+21,7.93996E+15,4.80495E+16
29253,29254,8,2,12,0,2016,5,12,6,3,3,6,0,0,0,1,0,1,1,0,4.63081E+20,5.42815E+21,8.49519E+15,4.90051E+16
29254,29255,8,3,15,113,2016,5,15,7,3,3,1,0,0,0,1,0,1,0,0,4.35855E+20,5.30625E+21,8.14165E+15,4.79063E+16
29255,29256,8,2,37,28,2016,5,15,7,3,8,1,0,0,0,0,0,1,0,0,4.53121E+20,5.3661E+21,8.36607E+15,4.84463E+16
29256,29257,8,4,15,59,2016,5,14,5,2,8,1,0,0,0,0,0,1,0,0,5.15821E+20,5.36384E+21,9.21386E+15,4.84275E+16
29257,29258,8,1,25,98,2016,5,15,7,3,4,1,0,0,0,0,0,1,0,0,5.25197E+20,5.43708E+21,9.34508E+15,4.90861E+16
29258,29259,8,3,36,107,2016,5,11,1,2,8,1,0,0,1,0,0,0,0,0,4.13022E+20,5.29453E+21,7.83852E+15,4.77983E+16
29259,29260,8,2,26,82,2016,5,12,1,2,9,1,0,0,0,0,0,1,0,0,4.81525E+20,5.48071E+21,8.74496E+15,4.94787E+16
29260,29261,8,1,16,78,2016,5,14,7,3,2,6,0,0,0,1,0,0,0,0,5.13451E+20,5.39216E+21,9.18274E+15,4.86823E+16
29261,29262,8,4,17,63,2016,5,16,6,3,3,6,0,0,0,1,0,1,0,0,5.0663E+20,5.33725E+21,9.0892E+15,4.81885E+16
29262,29263,8,2,37,75,2016,5,15,5,3,2,2,0,0,0,1,0,1,0,0,4.53002E+20,5.36546E+21,8.36453E+15,4.84405E+16
29263,29264,8,1,17,26,2016,5,10,7,3,5,3,0,0,1,1,0,0,0,0,5.49839E+20,5.39413E+21,9.67732E+15,4.86982E+16
29264,29265,8,4,26,71,2016,5,13,6,3,2,2,0,0,0,1,0,1,0,0,5.6214E+20,5.33326E+21,9.83545E+15,4.81495E+16
29265,29266,8,2,35,6,2016,5,21,6,3,0,6,2,0,0,1,0,1,0,0,4.70521E+20,5.38188E+21,8.60024E+15,4.85893E+16
29266,29267,8,1,19,67,2016,5,7,2,3,3,1,0,0,1,0,0,0,0,1,5.38993E+20,5.40643E+21,9.53109E+15,4.88097E+16
29267,29268,8,2,26,97,2016,5,23,7,2,0,7,2,0,1,0,0,0,0,0,4.85263E+20,5.46761E+21,8.79704E+15,4.9361E+16
29268,29269,8,3,37,49,2016,5,18,5,3,5,3,0,0,0,1,0,0,0,0,4.25917E+20,5.27889E+21,8.01335E+15,4.76592E+16
29269,29270,8,1,17,51,2016,5,8,7,3,4,2,0,0,0,1,0,0,1,0,5.41008E+20,5.39613E+21,9.5575E+15,4.87168E+16
29270,29271,8,1,25,27,2016,5,20,1,3,2,6,0,0,0,1,0,0,0,0,5.19026E+20,5.44608E+21,9.261E+15,4.91672E+16
29271,29272,8,1,26,46,2016,5,12,1,2,8,1,0,0,0,1,0,0,0,0,5.52928E+20,5.46022E+21,9.7279E+15,4.92924E+16
29272,29273,8,1,11,0,2016,5,12,7,3,3,7,0,0,0,1,0,0,0,0,5.1792E+20,5.40389E+21,9.24396E+15,4.87877E+16
29273,29274,8,3,15,76,2016,5,19,6,3,2,6,0,0,0,1,0,0,0,0,3.91498E+20,5.29667E+21,7.55064E+15,4.78142E+16
29274,29275,8,3,35,43,2016,5,7,6,3,5,2,0,0,1,1,0,0,0,0,5.13669E+20,5.28017E+21,9.1821E+15,4.76748E+16
29275,29276,8,2,16,7,2016,5,14,6,3,2,6,0,0,0,1,0,0,0,1,4.35107E+20,5.39364E+21,8.1182E+15,4.86924E+16
29276,29277,8,1,36,28,2016,5,14,6,2,6,4,0,0,0,1,1,0,0,0,5.68716E+20,5.40503E+21,9.93564E+15,4.87945E+16
29277,29278,8,4,37,76,2016,5,15,5,3,0,7,0,0,1,0,0,0,0,0,5.2363E+20,5.32246E+21,9.31711E+15,4.80549E+16
29278,29279,8,1,16,80,2016,5,12,2,3,5,3,0,0,1,1,0,0,0,0,5.196E+20,5.39699E+21,9.2665E+15,4.87256E+16
29279,29280,8,2,15,46,2016,5,6,5,3,8,1,0,0,0,1,0,0,0,0,4.50574E+20,5.41565E+21,8.32571E+15,4.88918E+16
29280,29281,8,3,17,98,2016,5,11,1,3,2,6,0,0,0,1,0,1,0,0,4.40521E+20,5.37518E+21,8.19441E+15,4.85269E+16
29281,29282,8,3,17,39,2016,5,18,5,3,2,2,0,0,0,0,0,1,0,0,4.40826E+20,5.34648E+21,8.20258E+15,4.82688E+16
29282,29283,8,2,26,59,2016,5,8,6,3,2,7,0,0,0,0,0,0,0,1,4.65901E+20,5.45994E+21,8.53106E+15,4.92913E+16
29283,29284,8,2,11,0,2016,5,12,6,3,1,6,0,0,0,1,0,1,0,0,4.42853E+20,5.40256E+21,8.22221E+15,4.87734E+16
29284,29285,8,1,15,54,2016,5,22,6,3,5,3,2,0,0,1,0,0,0,0,4.91576E+20,5.39605E+21,8.88548E+15,4.87174E+16
29285,29286,8,1,15,45,2016,5,8,2,2,2,6,0,0,0,1,0,1,0,0,5.02614E+20,5.39933E+21,9.03555E+15,4.8747E+16
29286,29287,8,2,11,0,2016,5,16,7,2,8,1,0,0,0,0,0,1,0,0,4.43572E+20,5.39547E+21,8.23297E+15,4.87097E+16
29287,29288,8,3,35,97,2016,5,13,5,3,2,6,0,0,0,1,0,0,0,0,4.87887E+20,5.29654E+21,8.83817E+15,4.78221E+16
29288,29289,8,1,17,53,2016,5,14,1,1,4,6,0,0,0,1,0,1,0,0,5.52156E+20,5.40047E+21,9.7096E+15,4.87551E+16
29289,29290,8,1,17,24,2016,5,23,1,3,8,1,2,0,0,1,0,0,0,0,5.61997E+20,5.38663E+21,9.8414E+15,4.86297E+16
29290,29291,8,4,36,10,2016,5,13,6,3,0,7,0,0,0,0,0,1,0,0,5.62978E+20,5.30531E+21,9.8426E+15,4.78981E+16
29291,29292,8,4,16,41,2016,5,9,7,3,2,6,0,0,0,1,0,0,0,0,5.04376E+20,5.37268E+21,9.05925E+15,4.85072E+16
29292,29293,8,3,27,49,2016,5,9,6,3,1,6,0,0,0,1,0,0,0,0,4.72818E+20,5.32433E+21,8.6351E+15,4.80716E+16
29293,29294,8,1,25,84,2016,5,14,6,2,4,6,0,0,0,1,0,1,0,0,5.2572E+20,5.46804E+21,9.35424E+15,4.93645E+16
29294,29295,8,4,35,67,2016,5,14,5,3,0,1,0,0,0,0,0,1,0,0,5.31861E+20,5.29085E+21,9.42523E+15,4.77702E+16
29295,29296,8,1,11,0,2016,5,11,2,3,5,2,0,0,1,1,0,0,0,0,5.15464E+20,5.40332E+21,9.2105E+15,4.87827E+16
29296,29297,8,2,11,0,2016,5,17,5,3,8,1,0,0,0,0,0,1,0,0,4.43901E+20,5.39611E+21,8.23735E+15,4.87155E+16
29297,29298,8,3,15,132,2016,5,18,1,3,5,3,0,0,1,1,0,0,0,0,4.09092E+20,5.32223E+21,7.7802E+15,4.80469E+16
29298,29299,8,1,19,90,2016,5,16,5,3,4,2,0,0,1,1,0,0,0,0,5.32363E+20,5.40652E+21,9.44079E+15,4.88108E+16
29299,29300,8,3,15,37,2016,5,16,5,3,2,6,0,0,0,1,0,0,0,0,4.32366E+20,5.3022E+21,8.09559E+15,4.78696E+16
29300,29301,8,4,35,16,2016,5,15,4,2,3,2,0,0,0,1,0,1,0,0,5.38762E+20,5.27942E+21,9.51632E+15,4.7667E+16
29301,29302,8,1,19,37,2016,5,11,5,3,8,1,0,0,0,0,0,1,0,0,5.45155E+20,5.41908E+21,9.6164E+15,4.8923E+16
29302,29303,8,4,36,82,2016,5,11,7,3,5,3,0,0,0,1,0,0,0,0,5.4852E+20,5.29516E+21,9.64805E+15,4.7808E+16
29303,29304,8,3,17,1,2016,5,15,5,3,5,3,0,0,0,1,0,1,0,0,4.3046E+20,5.38628E+21,8.0563E+15,4.86257E+16
29304,29305,8,4,36,81,2016,5,17,4,3,1,5,0,0,1,1,0,0,0,0,5.6361E+20,5.28254E+21,9.84772E+15,4.76931E+16
29305,29306,8,1,19,20,2016,5,0,5,3,8,2,2,0,0,1,0,0,0,0,5.21442E+20,5.40587E+21,9.29201E+15,4.88054E+16
29306,29307,8,1,15,51,2016,5,3,1,3,9,1,2,0,0,1,0,0,0,0,5.05455E+20,5.38221E+21,9.07398E+15,4.8593E+16
29307,29308,8,3,36,81,2016,5,11,7,2,5,3,0,0,0,1,0,1,0,0,4.13149E+20,5.27912E+21,7.84329E+15,4.76596E+16
29308,29309,8,3,17,1,2016,5,11,6,3,2,6,0,0,0,1,0,0,0,0,4.29454E+20,5.38774E+21,8.04241E+15,4.86388E+16
29309,29310,8,1,18,76,2016,5,14,6,3,2,6,0,0,0,1,0,0,0,0,5.04109E+20,5.42338E+21,9.05613E+15,4.89634E+16
29310,29311,8,4,26,11,2016,5,15,5,2,9,1,0,0,0,0,0,1,0,0,5.53498E+20,5.33539E+21,9.71954E+15,4.81695E+16
29311,29312,8,1,36,45,2016,5,20,7,3,8,1,2,0,0,1,0,0,0,0,5.95227E+20,5.40841E+21,1.02973E+16,4.88213E+16
29312,29313,8,4,36,64,2016,5,15,1,3,5,3,0,0,0,1,0,0,0,0,5.44758E+20,5.28636E+21,9.5969E+15,4.77291E+16
29313,29314,8,3,17,56,2016,5,14,5,2,0,7,0,0,1,0,0,0,0,0,4.33603E+20,5.38274E+21,8.09952E+15,4.85942E+16
29314,29315,8,2,26,31,2016,5,13,1,2,2,6,0,0,0,1,0,0,0,0,4.73425E+20,5.49324E+21,8.6323E+15,4.95912E+16
29315,29316,8,2,12,0,2016,5,18,5,3,2,6,0,0,0,1,0,0,1,0,4.60848E+20,5.4239E+21,8.46507E+15,4.89667E+16
29316,29317,8,4,35,16,2016,5,17,6,3,0,7,0,0,1,0,0,0,0,0,5.37263E+20,5.27756E+21,9.49619E+15,4.76504E+16
29317,29318,8,2,15,106,2016,5,19,6,2,3,6,0,0,0,1,0,1,0,0,4.65979E+20,5.45482E+21,8.53256E+15,4.92453E+16
29318,29319,8,1,26,66,2016,5,16,2,2,9,1,0,0,0,0,0,0,1,0,5.41798E+20,5.44554E+21,9.57332E+15,4.91613E+16
29319,29320,8,2,35,8,2016,5,18,7,3,1,3,0,0,0,1,0,0,0,0,4.80446E+20,5.40223E+21,8.73387E+15,4.87728E+16
29320,29321,8,4,16,31,2016,5,18,5,3,2,6,0,0,0,1,0,0,0,0,5.02344E+20,5.36216E+21,9.03168E+15,4.84126E+16
29321,29322,8,1,25,84,2016,5,13,7,3,9,1,0,0,0,1,0,0,0,0,5.22811E+20,5.46855E+21,9.31421E+15,4.93692E+16
29322,29323,8,3,35,55,2016,5,14,1,3,0,3,0,0,0,1,0,1,0,0,4.94759E+20,5.28414E+21,8.93013E+15,4.77106E+16
29323,29324,8,3,26,54,2016,5,14,7,1,8,1,0,0,0,0,0,1,0,0,4.4157E+20,5.32797E+21,8.21515E+15,4.81023E+16
29324,29325,8,3,15,133,2016,5,18,7,2,0,1,0,0,1,0,0,0,0,0,4.02447E+20,5.3268E+21,7.69002E+15,4.8087E+16
29325,29326,8,1,27,76,2016,5,19,7,2,4,2,0,0,0,1,0,0,0,0,5.59953E+20,5.43907E+21,9.82135E+15,4.91016E+16
29326,29327,8,4,15,61,2016,5,16,1,3,2,6,0,0,0,1,0,0,0,0,5.16353E+20,5.37236E+21,9.22139E+15,4.85042E+16
29327,29328,8,2,16,13,2016,5,15,5,2,5,3,0,0,0,1,0,1,0,0,4.44074E+20,5.38958E+21,8.24058E+15,4.86568E+16
29328,29329,8,2,36,43,2016,5,15,1,1,4,6,0,0,0,1,0,0,0,0,4.65928E+20,5.40567E+21,8.536E+15,4.88031E+16
29329,29330,8,1,17,26,2016,5,16,7,3,0,1,0,0,0,0,0,1,0,0,5.51473E+20,5.39724E+21,9.6999E+15,4.8726E+16
29330,29331,8,4,25,141,2016,5,18,6,3,2,6,0,0,0,1,0,0,0,0,5.66585E+20,5.36329E+21,9.89993E+15,4.84193E+16
29331,29332,8,2,35,7,2016,5,12,6,3,5,3,0,0,0,1,0,0,0,0,4.84692E+20,5.3967E+21,8.79186E+15,4.87231E+16
29332,29333,8,1,19,44,2016,5,14,2,3,6,2,0,0,0,0,1,0,0,1,5.41761E+20,5.42556E+21,9.57074E+15,4.89815E+16
29333,29334,8,2,26,12,2016,5,5,7,2,9,7,2,0,0,1,0,0,0,0,4.74326E+20,5.47744E+21,8.6458E+15,4.94491E+16
29334,29335,8,3,37,97,2016,5,15,5,1,8,1,0,0,0,0,0,1,0,0,4.36056E+20,5.28969E+21,8.14678E+15,4.77574E+16
29335,29336,8,1,15,45,2016,5,13,1,3,2,6,0,0,0,1,0,0,0,0,5.04529E+20,5.39665E+21,9.06158E+15,4.87229E+16
29336,29337,8,1,21,0,2016,5,6,1,3,1,1,0,0,0,1,0,0,0,0,5.12545E+20,5.44516E+21,9.17206E+15,4.91591E+16
29337,29338,8,2,16,22,2016,5,15,1,3,3,6,0,0,1,1,0,0,0,0,4.33439E+20,5.4061E+21,8.09353E+15,4.88043E+16
29338,29339,8,1,16,73,2016,5,11,7,3,5,2,0,0,0,1,0,0,0,0,5.19926E+20,5.39006E+21,9.27061E+15,4.86633E+16
29339,29340,8,4,16,41,2016,5,22,6,2,8,1,2,0,0,0,0,1,0,0,5.05491E+20,5.37943E+21,9.07444E+15,4.8568E+16
29340,29341,8,3,37,22,2016,5,14,6,2,3,6,0,0,0,1,0,1,0,0,4.4875E+20,5.29643E+21,8.31535E+15,4.78192E+16
29341,29342,8,2,25,58,2016,5,14,6,3,9,1,0,0,0,1,0,1,0,0,5.11286E+20,5.46689E+21,9.15541E+15,4.93546E+16
29342,29343,8,1,11,0,2016,5,9,6,3,0,6,0,0,0,0,0,1,0,0,5.10393E+20,5.39521E+21,9.14128E+15,4.87099E+16
29343,29344,8,4,37,78,2016,5,10,5,3,9,1,0,0,0,0,0,1,0,0,5.08604E+20,5.31684E+21,9.11535E+15,4.80048E+16
29344,29345,8,1,16,12,2016,5,7,2,3,4,2,0,0,0,1,0,0,0,1,5.36015E+20,5.38397E+21,9.48856E+15,4.86078E+16
29345,29346,8,3,25,45,2016,5,12,1,2,5,3,0,0,0,1,0,1,0,0,4.71574E+20,5.35016E+21,8.61667E+15,4.8304E+16
29346,29347,8,1,35,15,2016,5,15,7,2,3,6,0,0,0,1,0,0,0,0,5.80076E+20,5.38329E+21,1.00861E+16,4.85976E+16
29347,29348,8,3,27,11,2016,5,11,5,3,8,1,0,0,0,0,0,1,0,0,4.85019E+20,5.3231E+21,8.79893E+15,4.8061E+16
29348,29349,8,3,17,26,2016,5,20,5,3,8,1,0,0,0,1,0,0,0,0,4.11331E+20,5.34596E+21,7.8053E+15,4.82607E+16
29349,29350,8,1,28,47,2016,5,13,1,3,2,6,0,0,0,1,0,0,0,0,5.52683E+20,5.49748E+21,9.72949E+15,4.96276E+16
29350,29351,8,1,18,7,2016,5,4,5,3,9,1,2,0,0,1,0,0,0,0,5.11511E+20,5.426E+21,9.15734E+15,4.89868E+16
29351,29352,8,1,15,21,2016,5,16,1,2,9,1,0,0,0,0,0,1,0,0,4.892E+20,5.38408E+21,8.85349E+15,4.86097E+16
29352,29353,8,4,35,59,2016,5,12,6,3,2,6,0,0,0,1,0,1,0,0,5.14845E+20,5.28936E+21,9.19808E+15,4.77574E+16
29353,29354,8,4,16,41,2016,5,11,7,3,5,6,0,0,0,1,0,1,0,0,5.04313E+20,5.37361E+21,9.0584E+15,4.85156E+16
29354,29355,8,3,27,2,2016,5,23,6,1,8,1,2,0,0,1,0,0,0,0,4.76258E+20,5.3289E+21,8.68102E+15,4.81129E+16
29355,29356,8,1,25,48,2016,5,15,6,3,8,1,0,0,0,0,0,1,0,0,5.34061E+20,5.46098E+21,9.4685E+15,4.93006E+16
29356,29357,8,4,36,5,2016,5,12,5,2,5,3,0,0,0,1,0,0,0,0,5.41922E+20,5.30654E+21,9.56103E+15,4.79108E+16
29357,29358,8,1,18,11,2016,5,14,7,3,5,2,0,0,0,1,0,0,0,0,5.05635E+20,5.40937E+21,9.07679E+15,4.88373E+16
29358,29359,8,4,35,16,2016,5,18,1,2,4,7,0,0,0,1,0,1,0,0,5.38999E+20,5.27621E+21,9.51918E+15,4.76381E+16
29359,29360,8,2,11,0,2016,5,17,5,2,8,1,0,0,0,0,0,1,0,0,4.44018E+20,5.39449E+21,8.23916E+15,4.8701E+16
29360,29361,8,4,36,9,2016,5,15,6,2,9,7,0,0,0,1,0,0,0,0,5.55914E+20,5.30663E+21,9.74828E+15,4.79106E+16
29361,29362,8,3,37,39,2016,5,13,6,3,4,6,0,0,0,0,0,1,0,1,4.44482E+20,5.2943E+21,8.2586E+15,4.77997E+16
29362,29363,8,4,35,35,2016,5,20,7,3,8,1,0,0,0,0,0,1,0,0,5.39084E+20,5.28361E+21,9.52099E+15,4.77047E+16
29363,29364,8,3,35,43,2016,5,10,6,2,4,6,0,0,0,1,0,0,0,0,5.09281E+20,5.28308E+21,9.1237E+15,4.7701E+16
29364,29365,8,2,12,0,2016,5,14,6,3,1,6,0,0,0,1,0,1,0,0,4.55091E+20,5.42749E+21,8.38602E+15,4.89987E+16
29365,29366,8,1,28,138,2016,5,6,6,3,9,1,0,0,0,0,0,0,1,0,5.40952E+20,5.48113E+21,9.56537E+15,4.94814E+16
29366,29367,8,4,36,24,2016,5,11,5,3,3,6,0,0,1,1,0,0,0,0,5.3844E+20,5.30481E+21,9.51428E+15,4.78955E+16
29367,29368,8,1,16,15,2016,5,15,2,3,5,3,0,0,1,0,0,0,1,0,5.26437E+20,5.39556E+21,9.35937E+15,4.87125E+16
29368,29369,8,1,17,31,2016,5,10,5,3,2,6,0,0,0,1,0,0,0,1,5.4943E+20,5.37571E+21,9.66956E+15,4.85325E+16
29369,29370,8,3,16,56,2016,5,12,1,3,8,7,0,0,1,0,0,1,0,0,4.27415E+20,5.32333E+21,8.02584E+15,4.80591E+16
29370,29371,8,1,18,15,2016,5,15,5,3,8,7,0,0,0,0,0,1,0,0,5.06133E+20,5.42944E+21,9.08388E+15,4.90178E+16
29371,29372,8,2,16,49,2016,5,15,5,2,9,1,0,0,0,0,0,1,0,0,4.33093E+20,5.39965E+21,8.08986E+15,4.87462E+16
29372,29373,8,4,35,15,2016,5,16,4,3,5,3,0,0,1,1,0,0,0,0,5.19996E+20,5.29501E+21,9.26707E+15,4.78081E+16
29373,29374,8,1,17,18,2016,5,18,5,2,6,6,0,0,1,0,1,0,0,0,5.3993E+20,5.39624E+21,9.54287E+15,4.87179E+16
29374,29375,8,4,35,16,2016,5,16,7,3,5,3,0,0,1,1,0,0,0,0,5.35016E+20,5.27802E+21,9.46631E+15,4.76546E+16
29375,29376,8,3,35,55,2016,5,21,7,3,8,7,2,0,0,0,0,1,0,0,4.97813E+20,5.2827E+21,8.97085E+15,4.76977E+16
29376,29377,8,3,11,0,2016,5,16,6,3,0,1,0,0,1,0,0,0,0,0,4.14036E+20,5.31484E+21,7.84801E+15,4.79811E+16
29377,29378,8,1,28,7,2016,5,17,7,3,5,2,0,1,1,1,0,0,0,0,5.56968E+20,5.47785E+21,9.78598E+15,4.94506E+16
29378,29379,8,4,35,24,2016,5,13,1,2,3,3,0,0,1,1,0,0,0,0,5.28744E+20,5.27962E+21,9.38289E+15,4.76693E+16
29379,29380,8,1,35,15,2016,5,15,5,2,5,3,0,0,0,1,0,0,0,0,5.85638E+20,5.38299E+21,1.01614E+16,4.85942E+16
29380,29381,8,2,37,73,2016,5,16,1,3,0,1,0,0,0,0,0,1,0,0,4.65717E+20,5.38185E+21,8.5351E+15,4.85888E+16
29381,29382,8,2,15,84,2016,5,11,5,3,2,3,0,0,1,0,0,0,0,1,4.73028E+20,5.44816E+21,8.62986E+15,4.91856E+16
29382,29383,8,3,16,54,2016,5,17,1,2,8,1,0,0,0,0,0,1,0,0,4.21403E+20,5.33976E+21,7.94212E+15,4.82062E+16
29383,29384,8,1,17,15,2016,5,17,5,3,8,1,0,0,0,0,0,1,0,0,5.60425E+20,5.39413E+21,9.82116E+15,4.86972E+16
29384,29385,8,3,36,104,2016,5,15,5,2,8,1,0,0,0,0,0,1,0,0,4.05768E+20,5.29204E+21,7.74222E+15,4.77748E+16
29385,29386,8,4,35,24,2016,5,10,7,3,2,6,0,0,0,1,0,0,0,0,5.25516E+20,5.27947E+21,9.33988E+15,4.76681E+16
29386,29387,8,3,16,10,2016,5,11,7,3,0,3,0,0,1,1,0,0,0,0,4.32043E+20,5.33727E+21,8.08572E+15,4.8185E+16
29387,29388,8,2,15,97,2016,5,19,7,1,8,1,0,0,0,1,0,0,0,0,4.77563E+20,5.43834E+21,8.69264E+15,4.90975E+16
29388,29389,8,4,17,63,2016,5,13,5,3,3,7,0,0,0,1,0,1,0,0,5.06372E+20,5.33771E+21,9.08574E+15,4.81926E+16
29389,29390,8,1,25,26,2016,5,13,7,2,5,3,0,0,1,1,0,0,0,0,4.955E+20,5.44702E+21,8.93825E+15,4.9176E+16
29390,29391,8,3,37,128,2016,5,11,1,3,0,1,0,0,1,0,0,0,0,0,4.48554E+20,5.28833E+21,8.31369E+15,4.77463E+16
29391,29392,8,2,26,13,2016,5,16,1,2,2,6,0,0,0,1,0,1,0,0,4.97432E+20,5.47994E+21,8.96456E+15,4.94721E+16
29392,29393,8,1,17,49,2016,5,9,7,3,0,1,0,0,1,0,0,0,0,0,5.55521E+20,5.39209E+21,9.75426E+15,4.86794E+16
29393,29394,8,4,17,8,2016,5,16,6,3,2,2,0,0,0,1,0,0,0,0,4.94094E+20,5.35044E+21,8.92035E+15,4.83071E+16
29394,29395,8,2,31,0,2016,5,20,6,3,5,2,0,0,0,1,1,0,0,0,4.7852E+20,5.416E+21,8.70693E+15,4.88966E+16
29395,29396,8,2,15,101,2016,5,9,6,3,2,6,0,0,0,1,0,0,0,0,4.64668E+20,5.42812E+21,8.51689E+15,4.9005E+16
29396,29397,8,1,16,79,2016,5,14,6,3,8,1,0,0,0,0,0,1,0,0,5.33608E+20,5.37858E+21,9.45549E+15,4.85594E+16
29397,29398,8,1,18,51,2016,5,13,2,3,2,6,0,0,0,1,0,0,0,0,5.10009E+20,5.41502E+21,9.13654E+15,4.88881E+16
29398,29399,8,2,16,49,2016,5,11,7,3,4,2,0,0,0,1,0,0,0,0,4.39238E+20,5.40248E+21,8.17302E+15,4.87724E+16
29399,29400,8,3,35,2,2016,5,17,5,3,2,6,0,0,0,1,0,0,0,0,5.03148E+20,5.28601E+21,9.04197E+15,4.77275E+16
29400,29401,8,4,35,16,2016,5,15,6,3,2,6,0,0,0,0,0,1,0,0,5.34812E+20,5.27785E+21,9.46358E+15,4.76531E+16
29401,29402,8,2,37,4,2016,5,18,6,2,8,1,0,0,0,0,0,0,0,1,4.50965E+20,5.3741E+21,8.33597E+15,4.85181E+16
29402,29403,8,1,25,6,2016,5,16,2,3,2,2,0,0,0,1,0,0,0,0,5.04895E+20,5.45625E+21,9.06728E+15,4.9259E+16
29403,29404,8,2,36,44,2016,5,13,7,2,9,1,0,0,0,0,0,1,0,0,4.83869E+20,5.40485E+21,8.78035E+15,4.87964E+16
29404,29405,8,3,37,51,2016,5,14,5,2,8,1,0,0,0,0,0,1,0,0,4.35907E+20,5.28307E+21,8.14577E+15,4.76979E+16
29405,29406,8,1,18,73,2016,5,18,7,3,0,7,0,0,1,0,0,0,0,0,4.94391E+20,5.42064E+21,8.92341E+15,4.89387E+16
29406,29407,8,2,16,43,2016,5,18,1,2,2,6,0,0,0,1,0,1,0,1,4.43388E+20,5.40923E+21,8.22857E+15,4.88335E+16
29407,29408,8,1,11,0,2016,5,17,7,3,5,3,0,0,0,1,0,1,0,0,5.12365E+20,5.39781E+21,9.16816E+15,4.87332E+16
29408,29409,8,4,15,92,2016,5,17,6,3,2,6,0,0,0,1,0,0,1,0,5.18752E+20,5.36396E+21,9.25349E+15,4.84285E+16