FID,OBJECTID,ULAND,UREGBEZ,UKREIS,UGEMEINDE,UJAHR,UMONAT,USTUNDE,UWOCHENTAG,UKATEGORIE,UART,UTYP1,ULICHTVERH,IstStrasse,IstRad,IstPKW,IstFuss,IstKrad,IstGkfz,IstSonstig,LINREFX,LINREFY,XGCSWGS84,YGCSWGS84
29409,29410,8,3,36,103,2016,5,14,6,3,4,6,0,0,0,1,0,0,0,0,4.13577E+20,5.28395E+21,7.84803E+15,4.77032E+16
29410,29411,8,2,11,0,2016,5,15,6,3,2,2,0,0,0,1,0,0,0,0,4.38444E+20,5.39905E+21,8.16273E+15,4.87414E+16
29411,29412,8,1,36,2,2016,5,13,6,2,8,1,0,0,0,0,0,1,0,0,5.72693E+20,5.41797E+21,9.99208E+15,4.89104E+16
29412,29413,8,4,37,104,2016,5,15,5,2,8,1,0,0,0,0,0,1,0,0,5.18154E+20,5.32182E+21,9.24359E+15,4.80494E+16
29413,29414,8,1,16,78,2016,5,20,2,3,2,6,1,0,0,1,0,0,0,0,5.12326E+20,5.39321E+21,9.16749E+15,4.86918E+16
29414,29415,8,1,15,45,2016,5,10,5,3,2,6,0,0,0,1,0,0,0,0,5.04622E+20,5.39673E+21,9.06284E+15,4.87236E+16
29415,29416,8,3,17,96,2016,5,18,1,3,0,7,0,0,1,0,0,0,0,0,4.21619E+20,5.36881E+21,7.93963E+15,4.84675E+16
29416,29417,8,3,25,45,2016,5,20,5,3,4,1,0,0,0,1,0,1,0,0,4.6882E+20,5.34976E+21,8.57956E+15,4.83002E+16
29417,29418,8,3,17,57,2016,5,19,5,3,9,7,0,0,1,0,0,0,0,0,4.1213E+20,5.38106E+21,7.8087E+15,4.85765E+16
29418,29419,8,4,35,35,2016,5,13,4,3,2,6,0,0,0,1,0,1,0,0,5.42118E+20,5.28319E+21,9.56138E+15,4.77007E+16
29419,29420,8,1,25,102,2016,5,12,1,2,2,6,0,0,0,1,0,0,0,0,5.21913E+20,5.44131E+21,9.30034E+15,4.91243E+16
29420,29421,8,1,15,48,2016,5,14,1,3,5,3,0,0,0,1,0,0,0,0,5.12416E+20,5.38693E+21,9.16852E+15,4.86353E+16
29421,29422,8,4,25,31,2016,5,12,6,3,2,6,0,1,0,1,0,0,0,0,5.72987E+20,5.36765E+21,9.98721E+15,4.84578E+16
29422,29423,8,3,15,84,2016,5,13,2,3,9,1,0,0,0,0,0,1,0,0,4.16832E+20,5.30728E+21,7.88693E+15,4.79134E+16
29423,29424,8,2,25,14,2016,5,7,1,2,9,1,0,0,0,1,0,0,0,0,5.19975E+20,5.49057E+21,9.27625E+15,4.95674E+16
29424,29425,8,4,15,59,2016,5,17,4,3,4,6,0,0,0,1,0,0,0,0,5.15852E+20,5.36523E+21,9.21434E+15,4.844E+16
29425,29426,8,4,26,19,2016,5,9,5,1,5,3,0,0,0,1,0,0,0,0,5.80536E+20,5.32295E+21,1.00808E+16,4.80548E+16
29426,29427,8,2,15,84,2016,5,12,4,3,2,6,0,0,0,1,0,0,0,0,4.72172E+20,5.44663E+21,8.61823E+15,4.91718E+16
29427,29428,8,3,27,19,2016,5,6,3,2,4,1,1,1,0,1,0,0,0,0,4.81813E+20,5.3306E+21,8.75558E+15,4.81284E+16
29428,29429,8,2,25,109,2016,5,12,3,3,1,6,0,0,0,1,0,0,0,0,5.27564E+20,5.49242E+21,9.38134E+15,4.95838E+16
29429,29430,8,4,26,14,2016,5,11,6,3,5,3,0,1,0,1,0,0,0,1,5.48759E+20,5.31762E+21,9.65377E+15,4.80101E+16
29430,29431,8,1,15,45,2016,5,3,7,3,9,1,2,1,0,1,0,0,0,0,5.00676E+20,5.39345E+21,9.00918E+15,4.86941E+16
29431,29432,8,4,17,79,2016,5,18,2,3,2,6,0,0,0,1,0,0,0,1,4.96533E+20,5.34023E+21,8.95333E+15,4.82153E+16
29432,29433,8,2,12,0,2016,5,13,6,3,5,3,0,1,0,1,0,0,0,0,4.58764E+20,5.42672E+21,8.43632E+15,4.8992E+16
29433,29434,8,2,25,58,2016,5,16,6,2,5,3,0,0,0,1,0,0,0,1,5.11283E+20,5.46941E+21,9.15544E+15,4.93773E+16
29434,29435,8,1,16,58,2016,5,15,3,3,4,2,0,0,0,1,0,0,1,0,5.34405E+20,5.39523E+21,9.46766E+15,4.87092E+16
29435,29436,8,1,36,2,2016,5,7,2,3,8,1,0,0,0,1,0,0,0,0,5.70123E+20,5.41598E+21,9.95668E+15,4.88928E+16
29436,29437,8,1,11,0,2016,5,19,6,3,2,6,0,1,0,1,0,0,0,0,5.17841E+20,5.40739E+21,9.24304E+15,4.88192E+16
29437,29438,8,3,36,73,2016,5,17,2,2,2,6,0,0,1,1,0,0,0,0,3.97966E+20,5.27713E+21,7.6416E+15,4.76395E+16
29438,29439,8,4,26,87,2016,5,9,7,3,2,6,0,1,0,1,0,0,0,0,5.78642E+20,5.32738E+21,1.00562E+16,4.80948E+16
29439,29440,8,3,26,12,2016,5,20,5,3,8,1,1,1,0,1,0,0,0,0,4.63628E+20,5.31339E+21,8.51267E+15,4.79728E+16
29440,29441,8,3,17,65,2016,5,13,5,3,5,3,0,1,0,1,0,1,0,0,4.19294E+20,5.35443E+21,7.91095E+15,4.83379E+16
29441,29442,8,1,35,16,2016,5,23,4,3,2,1,2,0,0,1,0,0,0,0,5.9015E+20,5.3846E+21,1.0223E+16,4.8608E+16
29442,29443,8,4,37,76,2016,5,17,7,3,5,3,0,1,0,1,0,1,0,0,5.21724E+20,5.31972E+21,9.29139E+15,4.80304E+16
29443,29444,8,3,36,14,2016,5,15,5,3,8,1,0,1,0,1,0,0,0,0,3.89077E+20,5.28239E+21,7.52195E+15,4.76854E+16
29444,29445,8,1,25,46,2016,5,12,4,3,8,7,0,0,0,1,0,0,0,0,5.19224E+20,5.4324E+21,9.26307E+15,4.90441E+16
29445,29446,8,3,17,89,2016,5,8,3,3,5,3,0,1,1,1,0,0,0,0,4.31907E+20,5.37536E+21,8.07773E+15,4.85277E+16
29446,29447,8,2,22,0,2016,5,20,3,3,2,6,1,1,0,1,0,1,0,0,4.67048E+20,5.48023E+21,8.54515E+15,4.94738E+16
29447,29448,8,1,17,2,2016,5,19,5,2,9,1,1,1,0,1,0,0,0,0,5.44052E+20,5.38506E+21,9.59771E+15,4.86171E+16
29448,29449,8,4,16,25,2016,5,13,6,3,2,6,0,0,0,1,0,0,1,0,5.02116E+20,5.36184E+21,9.02859E+15,4.84097E+16
29449,29450,8,4,15,50,2016,5,17,2,3,1,6,0,0,0,1,0,0,0,0,5.19464E+20,5.3759E+21,9.26367E+15,4.85359E+16
29450,29451,8,2,35,47,2016,5,8,6,2,4,1,0,1,0,1,0,0,0,0,4.7696E+20,5.38926E+21,8.68715E+15,4.86559E+16
29451,29452,8,1,18,73,2016,5,13,6,3,2,6,0,1,0,1,0,0,0,0,4.99928E+20,5.41848E+21,8.99901E+15,4.89193E+16
29452,29453,8,1,11,0,2016,5,8,3,3,2,6,0,1,0,1,0,0,0,0,5.09842E+20,5.40238E+21,9.13396E+15,4.87744E+16
29453,29454,8,3,35,79,2016,5,15,4,1,6,4,0,0,0,0,1,0,0,1,5.00383E+20,5.29941E+21,9.00513E+15,4.7848E+16
29454,29455,8,1,28,115,2016,5,19,4,3,2,6,0,0,0,1,0,0,0,0,5.48417E+20,5.4964E+21,9.67028E+15,4.96182E+16
29455,29456,8,4,25,8,2016,5,11,7,2,5,3,0,0,0,1,0,0,0,0,5.64683E+20,5.38053E+21,9.87691E+15,4.85745E+16
29456,29457,8,3,35,75,2016,5,16,7,3,5,3,0,0,1,1,0,0,0,0,4.89344E+20,5.28783E+21,8.85786E+15,4.77437E+16
29457,29458,8,3,17,5,2016,5,8,5,3,2,6,0,1,0,1,0,0,0,0,4.23586E+20,5.37579E+21,7.96496E+15,4.85305E+16
29458,29459,8,2,36,46,2016,5,10,5,3,2,6,0,0,0,0,0,0,1,0,4.82555E+20,5.41824E+21,8.76189E+15,4.89169E+16
29459,29460,8,2,15,59,2016,5,13,3,3,5,3,0,1,1,1,0,0,0,0,4.84799E+20,5.43689E+21,8.79183E+15,4.90847E+16
29460,29461,8,1,25,107,2016,5,20,5,3,5,3,1,0,0,1,0,0,0,0,5.3565E+20,5.43773E+21,9.4883E+15,4.90914E+16
29461,29462,8,4,17,2,2016,5,13,6,3,2,6,0,1,0,1,0,0,1,0,4.8971E+20,5.34799E+21,8.86129E+15,4.8285E+16
29462,29463,8,2,22,0,2016,5,4,6,2,5,3,2,0,0,1,0,0,0,0,4.60723E+20,5.48821E+21,8.45706E+15,4.95452E+16
29463,29464,8,2,25,14,2016,5,11,5,2,8,1,0,1,0,1,0,0,0,0,5.18395E+20,5.48099E+21,9.25395E+15,4.94812E+16
29464,29465,8,3,36,79,2016,5,11,6,3,5,2,0,1,1,1,0,0,0,0,4.1717E+20,5.29311E+21,7.89417E+15,4.7786E+16
29465,29466,8,2,26,85,2016,5,0,6,3,9,1,2,1,0,1,0,0,0,0,4.94486E+20,5.45135E+21,8.92429E+15,4.92149E+16
29466,29467,8,4,25,72,2016,5,8,2,3,2,6,0,0,0,1,0,0,0,0,5.79144E+20,5.37185E+21,1.00713E+16,4.84948E+16
29467,29468,8,2,15,9,2016,5,20,1,3,5,3,0,0,0,1,0,1,0,0,4.744E+20,5.43874E+21,8.64929E+15,4.9101E+16
29468,29469,8,1,16,54,2016,5,17,5,3,2,6,0,0,0,1,0,0,0,0,5.31857E+20,5.38083E+21,9.43193E+15,4.85797E+16
29469,29470,8,3,17,114,2016,5,16,4,2,8,7,0,0,0,1,0,0,0,0,4.0515E+20,5.34592E+21,7.72204E+15,4.82594E+16
29470,29471,8,1,18,79,2016,5,15,4,3,5,2,0,0,1,0,0,0,0,1,5.09807E+20,5.42297E+21,9.13397E+15,4.89596E+16
29471,29472,8,1,25,46,2016,5,20,7,3,8,1,1,0,0,1,0,0,0,0,5.15811E+20,5.43505E+21,9.21646E+15,4.90681E+16
29472,29473,8,3,25,57,2016,5,7,7,3,4,6,0,1,0,1,0,0,0,0,4.79764E+20,5.35509E+21,8.72688E+15,4.83487E+16
29473,29474,8,2,37,40,2016,5,6,5,3,3,6,0,0,0,1,0,0,1,0,4.80818E+20,5.36353E+21,8.74072E+15,4.84247E+16
29474,29475,8,1,36,65,2016,5,15,3,3,0,1,0,1,0,0,0,1,0,0,5.58475E+20,5.40325E+21,9.79597E+15,4.87795E+16
29475,29476,8,2,15,46,2016,5,13,6,3,8,1,0,1,0,0,0,0,0,1,4.52495E+20,5.41255E+21,8.35228E+15,4.88641E+16
29476,29477,8,2,26,10,2016,5,9,2,3,2,6,0,0,0,1,0,0,1,0,4.80183E+20,5.45849E+21,8.72753E+15,4.92788E+16
29477,29478,8,1,15,28,2016,5,10,1,3,2,6,0,0,0,1,0,0,0,1,4.99795E+20,5.40353E+21,8.99721E+15,4.87848E+16
29478,29479,8,4,35,16,2016,5,15,4,3,0,1,0,0,0,0,0,1,0,0,5.3156E+20,5.28044E+21,9.42046E+15,4.76766E+16
29479,29480,8,2,26,85,2016,5,7,4,3,5,3,0,0,0,1,0,1,0,0,4.91227E+20,5.45576E+21,8.87944E+15,4.92545E+16
29480,29481,8,2,16,24,2016,5,18,4,3,2,6,0,0,0,1,0,0,0,0,4.46169E+20,5.40868E+21,8.26653E+15,4.88288E+16
29481,29482,8,1,11,0,2016,5,16,4,3,2,6,0,0,0,1,0,0,1,0,5.16714E+20,5.40371E+21,9.22754E+15,4.87862E+16
29482,29483,8,3,36,87,2016,5,16,3,3,8,1,0,0,0,1,0,0,0,0,4.21792E+20,5.29382E+21,7.95574E+15,4.7793E+16
29483,29484,8,2,26,85,2016,5,16,3,3,2,5,0,1,0,1,0,0,0,0,4.88169E+20,5.4584E+21,8.83733E+15,4.92782E+16
29484,29485,8,4,36,82,2016,5,14,6,3,2,6,0,1,0,1,0,0,0,0,5.48255E+20,5.29661E+21,9.64467E+15,4.7821E+16
29485,29486,8,1,11,0,2016,5,7,5,2,5,3,0,0,0,1,0,1,0,0,5.16402E+20,5.39401E+21,9.2229E+15,4.86989E+16
29486,29487,8,2,15,9,2016,5,18,4,2,8,1,0,0,0,0,0,1,0,0,4.72886E+20,5.44006E+21,8.62846E+15,4.91128E+16
29487,29488,8,1,16,79,2016,5,20,4,3,5,3,0,0,0,1,0,0,0,0,5.33645E+20,5.3801E+21,9.45611E+15,4.85731E+16
29488,29489,8,4,35,16,2016,5,21,3,3,0,1,2,0,1,0,0,0,0,0,5.33116E+20,5.28038E+21,9.44118E+15,4.7676E+16
29489,29490,8,2,36,71,2016,5,9,3,2,8,1,0,0,0,0,0,0,0,1,4.70533E+20,5.41919E+21,8.59773E+15,4.89249E+16
29490,29491,8,1,15,28,2016,5,17,7,3,0,7,0,0,0,1,0,1,0,0,5.01817E+20,5.40266E+21,9.02473E+15,4.87769E+16
29491,29492,8,2,22,0,2016,5,9,7,3,2,6,0,0,0,1,0,0,0,1,4.66726E+20,5.47698E+21,8.54098E+15,4.94446E+16
29492,29493,8,3,17,110,2016,5,15,6,3,5,3,0,0,1,1,0,0,0,0,4.27399E+20,5.38232E+21,8.01545E+15,4.85897E+16
29493,29494,8,2,22,0,2016,5,9,5,3,2,6,0,0,0,1,0,0,0,0,4.62049E+20,5.48166E+21,8.47602E+15,4.94864E+16
29494,29495,8,1,25,6,2016,5,18,3,2,9,6,0,1,0,1,0,0,1,0,4.96688E+20,5.45229E+21,8.95452E+15,4.92234E+16
29495,29496,8,1,21,0,2016,5,17,3,3,2,6,0,1,0,1,0,0,0,0,5.16738E+20,5.44293E+21,9.22948E+15,4.9139E+16
29496,29497,8,1,36,65,2016,5,14,6,3,2,6,0,0,0,1,0,0,0,0,5.60732E+20,5.40954E+21,9.82761E+15,4.88359E+16
29497,29498,8,2,12,0,2016,5,15,2,3,2,6,0,0,0,1,0,0,0,0,4.53652E+20,5.42818E+21,8.36627E+15,4.90048E+16
29498,29499,8,1,19,44,2016,5,18,1,2,9,1,0,0,1,0,0,0,0,0,5.41681E+20,5.42749E+21,9.56985E+15,4.89989E+16
29499,29500,8,4,15,87,2016,5,5,4,3,1,5,1,0,0,1,0,0,0,0,5.13801E+20,5.38158E+21,9.18714E+15,4.85871E+16
29500,29501,8,4,26,38,2016,5,17,5,2,4,1,0,1,0,1,0,0,1,0,5.60226E+20,5.3124E+21,9.80678E+15,4.79621E+16
29501,29502,8,2,11,0,2016,5,18,4,2,9,1,0,0,0,0,0,1,0,0,4.43394E+20,5.39611E+21,8.23046E+15,4.87155E+16
29502,29503,8,2,37,45,2016,5,0,3,1,4,1,2,0,0,1,0,0,0,0,4.60429E+20,5.35614E+21,8.46583E+15,4.83572E+16
29503,29504,8,2,22,0,2016,5,16,3,2,1,6,0,1,0,1,0,0,0,0,4.62837E+20,5.48036E+21,8.48702E+15,4.94747E+16
29504,29505,8,2,15,89,2016,5,15,5,3,2,6,0,1,0,1,0,0,0,0,4.69516E+20,5.4303E+21,8.58302E+15,4.90248E+16
29505,29506,8,4,16,22,2016,5,8,6,3,5,3,0,1,1,1,0,0,0,0,5.10309E+20,5.3753E+21,9.13964E+15,4.85307E+16
29506,29507,8,3,26,74,2016,5,8,2,3,3,6,0,0,0,1,0,0,1,1,4.71284E+20,5.32349E+21,8.61457E+15,4.8064E+16
29507,29508,8,2,35,79,2016,5,11,6,3,5,3,0,1,0,1,0,0,0,0,4.68657E+20,5.4026E+21,8.5734E+15,4.87756E+16
29508,29509,8,1,19,90,2016,5,7,6,3,2,6,0,1,0,1,0,0,0,0,5.32284E+20,5.40619E+21,9.43969E+15,4.88078E+16
29509,29510,8,1,16,56,2016,5,6,3,3,4,2,0,0,1,1,0,0,0,0,5.29481E+20,5.39636E+21,9.40081E+15,4.87195E+16
29510,29511,8,1,28,126,2016,5,15,2,2,2,6,0,0,0,1,0,1,0,0,5.65408E+20,5.48305E+21,9.90327E+15,4.94965E+16
29511,29512,8,2,21,0,2016,5,13,7,3,5,3,0,0,0,1,0,0,0,0,4.76665E+20,5.47306E+21,8.67831E+15,4.94098E+16
29512,29513,8,3,16,17,2016,5,22,2,3,3,6,2,1,0,1,0,0,1,0,4.06811E+20,5.33968E+21,7.74579E+15,4.82035E+16
29513,29514,8,3,36,69,2016,5,18,6,3,6,4,0,0,0,1,1,0,0,0,4.09893E+20,5.26923E+21,7.80197E+15,4.75702E+16
29514,29515,8,1,18,7,2016,5,19,3,3,8,1,0,1,0,1,0,0,0,0,5.1081E+20,5.42634E+21,9.14776E+15,4.89899E+16
29515,29516,8,2,25,14,2016,5,7,2,2,5,2,0,0,0,1,0,0,0,0,5.24099E+20,5.48429E+21,9.3329E+15,4.95107E+16
29516,29517,8,1,16,19,2016,5,8,6,3,1,7,0,1,1,1,0,0,0,0,5.20131E+20,5.40032E+21,9.27389E+15,4.87556E+16
29517,29518,8,2,12,0,2016,5,11,2,3,5,3,0,0,0,1,0,0,1,0,4.53113E+20,5.42881E+21,8.35882E+15,4.90104E+16
29518,29519,8,4,35,52,2016,5,11,7,3,5,3,0,1,0,1,0,0,0,0,5.22228E+20,5.28731E+21,9.29649E+15,4.77388E+16
29519,29520,8,3,35,28,2016,5,17,5,3,2,6,0,1,0,1,0,0,0,0,4.84767E+20,5.28717E+21,8.79682E+15,4.77377E+16
29520,29521,8,1,18,19,2016,5,6,4,3,2,6,0,0,0,1,0,0,1,0,5.04389E+20,5.40663E+21,9.05979E+15,4.88126E+16
29521,29522,8,3,36,50,2016,5,9,3,3,2,6,0,0,0,1,0,0,0,0,3.99235E+20,5.27513E+21,7.65895E+15,4.76217E+16
29522,29523,8,2,22,0,2016,5,12,3,3,2,6,0,0,0,1,0,0,0,0,4.60588E+20,5.48166E+21,8.45584E+15,4.94863E+16
29523,29524,8,1,36,33,2016,5,6,5,3,8,1,0,0,0,1,0,0,0,0,5.77782E+20,5.41631E+21,1.00612E+16,4.88949E+16
29524,29525,8,3,16,43,2016,5,16,6,3,2,6,0,0,0,1,0,0,0,0,4.09008E+20,5.33195E+21,7.777E+15,4.81343E+16
29525,29526,8,3,16,43,2016,5,6,2,3,2,6,0,0,0,1,0,0,0,0,4.09671E+20,5.33016E+21,7.78629E+15,4.81183E+16
29526,29527,8,2,36,43,2016,5,5,6,3,5,3,2,1,0,1,0,0,0,1,4.68269E+20,5.41218E+21,8.56737E+15,4.88618E+16
29527,29528,8,4,25,73,2016,5,18,2,3,5,3,0,0,0,1,0,0,0,0,5.43895E+20,5.34501E+21,9.59139E+15,4.82567E+16
29528,29529,8,4,36,81,2016,5,17,2,3,5,3,0,0,0,1,0,0,0,0,5.61793E+20,5.28851E+21,9.82436E+15,4.7747E+16
29529,29530,8,2,26,85,2016,5,22,1,3,2,6,2,0,0,1,0,0,0,0,4.89152E+20,5.45537E+21,8.85094E+15,4.9251E+16
29530,29531,8,3,26,5,2016,5,12,4,3,6,4,0,0,0,1,1,0,0,0,4.64964E+20,5.29858E+21,8.53176E+15,4.78397E+16
29531,29532,8,1,27,25,2016,5,8,4,3,3,6,0,0,0,1,0,0,0,0,5.58397E+20,5.42957E+21,9.79866E+15,4.90162E+16
29532,29533,8,2,25,114,2016,5,14,7,2,5,3,0,0,1,1,0,0,0,0,5.37003E+20,5.47229E+21,9.51002E+15,4.94021E+16
29533,29534,8,3,35,43,2016,5,17,7,3,2,6,0,1,0,1,0,0,0,0,5.1218E+20,5.27926E+21,9.16224E+15,4.76667E+16
29534,29535,8,4,37,65,2016,5,19,5,3,4,6,0,1,0,1,0,0,1,0,5.18743E+20,5.31877E+21,9.25137E+15,4.80219E+16
29535,29536,8,2,12,0,2016,5,14,2,2,5,7,0,0,0,1,0,0,0,1,4.52979E+20,5.42893E+21,8.35698E+15,4.90115E+16
29536,29537,8,4,26,14,2016,5,11,7,2,5,3,0,0,1,1,0,0,0,0,5.48513E+20,5.31771E+21,9.65049E+15,4.80108E+16
29537,29538,8,3,25,49,2016,5,19,5,2,8,1,0,1,0,1,0,0,0,0,4.68126E+20,5.33272E+21,8.57149E+15,4.81469E+16
29538,29539,8,3,15,108,2016,5,11,5,2,0,7,0,1,1,0,0,0,0,0,4.04772E+20,5.3043E+21,7.72622E+15,4.7885E+16
29539,29540,8,2,16,17,2016,5,18,3,3,5,3,0,0,0,1,0,0,0,0,4.52076E+20,5.39891E+21,8.34816E+15,4.87414E+16
29540,29541,8,1,27,102,2016,5,8,5,3,5,3,0,1,1,1,0,0,0,0,5.87796E+20,5.43404E+21,1.02016E+16,4.9053E+16
29541,29542,8,3,35,75,2016,5,14,6,2,8,1,0,1,0,1,0,0,0,0,4.92404E+20,5.29184E+21,8.8986E+15,4.77799E+16
29542,29543,8,2,26,13,2016,5,13,6,2,9,7,0,0,0,0,0,0,0,1,4.99799E+20,5.48084E+21,8.99722E+15,4.94802E+16
29543,29544,8,1,16,33,2016,5,21,1,3,9,1,2,0,0,1,0,0,0,0,5.31782E+20,5.38759E+21,9.43142E+15,4.86406E+16
29544,29545,8,1,15,24,2016,5,13,5,3,8,1,0,0,0,1,0,0,1,0,5.00626E+20,5.38818E+21,9.0085E+15,4.86466E+16
29545,29546,8,3,15,48,2016,5,8,4,3,4,6,0,0,0,0,0,0,1,1,3.98945E+20,5.30721E+21,7.64762E+15,4.79102E+16
29546,29547,8,1,17,55,2016,5,16,4,3,8,6,0,0,0,1,0,1,0,0,5.43265E+20,5.39819E+21,9.5884E+15,4.87352E+16
29547,29548,8,1,19,20,2016,5,19,7,3,4,3,0,0,0,1,0,0,0,0,5.19046E+20,5.40704E+21,9.25944E+15,4.88161E+16
29548,29549,8,3,17,116,2016,5,11,7,3,5,3,0,0,0,1,0,1,0,0,4.32936E+20,5.38746E+21,8.0897E+15,4.86366E+16
29549,29550,8,2,26,82,2016,5,4,5,2,7,7,2,1,0,1,0,1,0,0,4.75207E+20,5.47845E+21,8.65789E+15,4.94582E+16
29550,29551,8,1,27,104,2016,5,6,3,2,4,6,0,0,0,1,0,1,0,0,5.79834E+20,5.43486E+21,1.00928E+16,4.90614E+16
29551,29552,8,1,25,46,2016,5,11,6,3,9,1,0,1,0,1,0,0,0,0,5.18746E+20,5.43169E+21,9.25649E+15,4.90378E+16
29552,29553,8,2,26,31,2016,5,7,5,3,3,6,0,0,0,0,0,1,0,1,4.73467E+20,5.49304E+21,8.63289E+15,4.95894E+16
29553,29554,8,2,16,43,2016,5,6,3,2,2,6,0,1,0,1,0,0,0,0,4.44942E+20,5.41232E+21,8.24933E+15,4.88614E+16
29554,29555,8,1,15,50,2016,5,8,5,2,4,6,0,0,0,1,0,0,0,1,4.92605E+20,5.39972E+21,8.8994E+15,4.87505E+16
29555,29556,8,2,21,0,2016,5,20,6,3,6,4,1,0,0,1,1,0,0,0,4.78666E+20,5.47345E+21,8.70588E+15,4.94133E+16
29556,29557,8,4,35,24,2016,5,8,4,2,5,3,0,0,0,1,0,0,0,1,5.27145E+20,5.27971E+21,9.36159E+15,4.76702E+16
29557,29558,8,2,35,7,2016,5,17,4,3,2,6,0,0,0,1,0,0,0,0,4.84569E+20,5.39811E+21,8.79014E+15,4.87358E+16
29558,29559,8,2,22,0,2016,5,14,4,2,2,6,0,0,0,1,0,0,0,0,4.60221E+20,5.4887E+21,8.45007E+15,4.95496E+16
29559,29560,8,1,15,45,2016,5,5,4,3,5,3,1,0,0,1,0,0,0,0,5.02395E+20,5.39489E+21,9.03255E+15,4.87071E+16
29560,29561,8,4,37,123,2016,5,15,3,2,5,3,0,0,0,1,0,1,0,0,5.02739E+20,5.31048E+21,9.03668E+15,4.79476E+16
29561,29562,8,2,31,0,2016,5,18,3,3,4,2,0,0,0,1,0,0,0,0,4.7993E+20,5.41479E+21,8.72624E+15,4.88858E+16
29562,29563,8,1,11,0,2016,5,0,7,3,0,6,2,1,0,1,0,0,0,1,5.15605E+20,5.40527E+21,9.21251E+15,4.88002E+16
29563,29564,8,2,15,9,2016,5,19,7,2,4,6,0,0,0,1,0,0,0,0,4.74407E+20,5.43681E+21,8.6495E+15,4.90836E+16
29564,29565,8,3,15,76,2016,5,6,2,2,2,6,0,0,0,1,0,0,0,0,3.93383E+20,5.30406E+21,7.574E+15,4.7881E+16
29565,29566,8,3,17,51,2016,5,18,6,1,4,6,0,0,0,1,0,1,0,0,4.47243E+20,5.33935E+21,8.28994E+15,4.82052E+16
29566,29567,8,1,25,65,2016,5,16,3,3,3,6,0,0,0,1,0,0,0,0,5.16407E+20,5.44668E+21,9.22509E+15,4.91727E+16
29567,29568,8,1,18,63,2016,5,15,3,3,2,6,0,1,0,1,0,0,0,0,5.1622E+20,5.42292E+21,9.22158E+15,4.8959E+16
29568,29569,8,1,28,47,2016,5,10,2,3,2,6,0,0,0,0,0,0,1,0,5.51704E+20,5.49581E+21,9.71572E+15,4.96126E+16
29569,29570,8,1,35,19,2016,5,7,6,3,2,6,0,1,0,1,0,0,1,0,5.85344E+20,5.3904E+21,1.0159E+16,4.86609E+16
29570,29571,8,1,18,51,2016,5,7,6,3,3,6,0,1,0,1,0,0,0,0,5.10372E+20,5.41484E+21,9.14149E+15,4.88864E+16
29571,29572,8,3,17,5,2016,5,11,2,3,2,6,0,0,0,1,0,0,0,1,4.24513E+20,5.38221E+21,7.97635E+15,4.85884E+16
29572,29573,8,4,37,105,2016,5,6,7,3,8,1,0,1,0,1,0,0,0,0,5.17919E+20,5.32487E+21,9.24057E+15,4.80768E+16
29573,29574,8,4,17,22,2016,5,16,5,3,2,2,0,0,0,1,0,0,0,0,4.85864E+20,5.3486E+21,8.80943E+15,4.82904E+16
29574,29575,8,2,36,46,2016,5,13,2,3,2,6,0,0,0,1,0,0,1,0,4.83935E+20,5.41897E+21,8.7807E+15,4.89234E+16
29575,29576,8,1,28,7,2016,5,17,1,3,8,1,0,0,0,0,0,1,0,1,5.56134E+20,5.48022E+21,9.77481E+15,4.9472E+16
29576,29577,8,4,25,33,2016,5,15,4,3,8,6,0,0,0,1,0,0,0,0,5.50944E+20,5.34702E+21,9.68658E+15,4.82743E+16
29577,29578,8,2,26,56,2016,5,8,4,3,2,6,0,0,0,1,0,0,0,0,4.8731E+20,5.47152E+21,8.82511E+15,4.93963E+16
29578,29579,8,4,35,16,2016,5,21,5,3,8,6,2,1,1,1,0,0,0,1,5.35306E+20,5.27943E+21,9.47028E+15,4.76673E+16
29579,29580,8,2,15,9,2016,5,17,4,3,2,6,0,0,0,1,0,0,0,0,4.69839E+20,5.44097E+21,8.58663E+15,4.91208E+16
29580,29581,8,3,35,97,2016,5,4,3,3,8,7,2,0,0,1,0,0,0,0,4.87015E+20,5.29735E+21,8.8265E+15,4.78294E+16
29581,29582,8,2,26,49,2016,5,9,3,3,4,6,0,0,0,1,0,1,0,0,4.86625E+20,5.46278E+21,8.81597E+15,4.93176E+16
29582,29583,8,4,35,16,2016,5,13,6,3,5,2,0,1,1,1,0,0,0,0,5.32616E+20,5.27873E+21,9.4344E+15,4.76611E+16
29583,29584,8,2,11,0,2016,5,16,7,2,2,6,0,0,0,1,0,0,0,0,4.41211E+20,5.40556E+21,8.19944E+15,4.88002E+16
29584,29585,8,3,37,45,2016,5,10,2,3,8,7,0,0,0,0,0,1,0,0,4.37563E+20,5.28928E+21,8.16694E+15,4.77538E+16
29585,29586,8,2,12,0,2016,5,14,6,3,5,2,0,0,1,1,0,0,0,0,4.53055E+20,5.42876E+21,8.35804E+15,4.901E+16
29586,29587,8,1,26,66,2016,5,15,6,3,1,6,0,0,0,1,0,0,0,0,5.38564E+20,5.44971E+21,9.52936E+15,4.9199E+16
29587,29588,8,1,17,19,2016,5,16,3,3,2,6,0,0,0,1,0,1,0,0,5.52802E+20,5.39396E+21,9.71756E+15,4.86964E+16
29588,29589,8,2,25,75,2016,5,15,2,2,0,1,0,0,0,0,0,1,0,0,5.29273E+20,5.47424E+21,9.40363E+15,4.94201E+16
29589,29590,8,1,11,0,2016,5,6,6,3,5,3,0,1,0,1,0,0,0,0,5.11272E+20,5.41007E+21,9.15363E+15,4.88435E+16