FID,OBJECTID,ULAND,UREGBEZ,UKREIS,UGEMEINDE,UJAHR,UMONAT,USTUNDE,UWOCHENTAG,UKATEGORIE,UART,UTYP1,ULICHTVERH,IstStrasse,IstRad,IstPKW,IstFuss,IstKrad,IstGkfz,IstSonstig,LINREFX,LINREFY,XGCSWGS84,YGCSWGS84
29590,29591,8,2,26,12,2016,5,17,2,2,5,3,0,0,0,1,0,0,0,0,4.75788E+20,5.47642E+21,8.66603E+15,4.944E+16
29591,29592,8,3,35,96,2016,5,15,7,2,8,1,0,1,0,1,0,0,0,0,5.04578E+20,5.30418E+21,9.06124E+15,4.7891E+16
29592,29593,8,3,26,74,2016,5,10,5,3,2,6,0,1,0,1,0,0,0,0,4.59022E+20,5.32484E+21,8.44986E+15,4.80755E+16
29593,29594,8,3,17,122,2016,5,22,5,3,8,1,2,1,0,1,0,0,0,0,4.18884E+20,5.36713E+21,7.90296E+15,4.84521E+16
29594,29595,8,1,36,19,2016,5,17,4,3,2,6,0,0,0,1,0,0,0,0,5.81752E+20,5.42527E+21,1.01172E+16,4.89749E+16
29595,29596,8,2,25,32,2016,5,14,5,2,5,3,0,0,0,1,0,0,0,0,5.35431E+20,5.4916E+21,9.49009E+15,4.9576E+16
29596,29597,8,3,36,45,2016,5,13,6,3,6,4,0,0,0,1,1,0,0,0,3.99443E+20,5.28513E+21,7.65941E+15,4.77117E+16
29597,29598,8,2,26,76,2016,5,3,6,3,5,2,2,0,0,1,0,0,0,0,4.7573E+20,5.46521E+21,8.66591E+15,4.93391E+16
29598,29599,8,1,21,0,2016,5,16,4,3,3,6,0,0,0,1,0,0,0,0,5.14573E+20,5.44815E+21,9.19999E+15,4.9186E+16
29599,29600,8,3,17,65,2016,5,10,3,3,5,3,0,0,1,1,0,0,0,0,4.14175E+20,5.3552E+21,7.84173E+15,4.83441E+16
29600,29601,8,2,22,0,2016,5,17,3,3,5,3,0,0,0,1,0,0,0,0,4.62933E+20,5.4791E+21,8.48846E+15,4.94634E+16
29601,29602,8,1,25,63,2016,5,6,5,3,9,7,0,0,0,0,0,0,1,0,5.2713E+20,5.46002E+21,9.3731E+15,4.92923E+16
29602,29603,8,4,16,41,2016,5,8,6,2,4,2,0,1,1,1,0,0,0,0,5.05475E+20,5.37332E+21,9.07413E+15,4.8513E+16
29603,29604,8,3,37,13,2016,5,17,2,2,5,3,0,0,0,0,0,1,0,1,4.31327E+20,5.29356E+21,8.08307E+15,4.77918E+16
29604,29605,8,2,31,0,2016,5,11,6,3,5,3,0,1,0,1,0,0,0,0,4.79809E+20,5.41796E+21,8.72443E+15,4.89143E+16
29605,29606,8,1,19,90,2016,5,15,6,3,2,6,0,0,0,1,0,0,0,0,5.34915E+20,5.40628E+21,9.47553E+15,4.88085E+16
29606,29607,8,1,15,3,2016,5,21,3,3,5,3,2,0,0,1,0,0,0,0,5.01457E+20,5.39177E+21,9.01979E+15,4.8679E+16
29607,29608,8,1,28,131,2016,5,7,4,2,8,1,0,0,0,0,0,1,0,0,5.36641E+20,5.5113E+21,9.50866E+15,4.97531E+16
29608,29609,8,1,15,45,2016,5,7,7,2,5,3,0,1,0,1,0,0,0,0,5.00142E+20,5.39356E+21,9.00193E+15,4.86951E+16
29609,29610,8,4,16,49,2016,5,17,7,2,0,7,0,0,1,0,0,0,0,1,4.9066E+20,5.37226E+21,8.87355E+15,4.85034E+16
29610,29611,8,3,17,65,2016,5,9,5,3,5,3,0,1,1,1,0,0,0,0,4.16326E+20,5.35432E+21,7.87092E+15,4.83365E+16
29611,29612,8,2,26,84,2016,5,8,5,3,2,6,0,0,0,1,0,0,0,0,4.67356E+20,5.46679E+21,8.5505E+15,4.93529E+16
29612,29613,8,2,15,99,2016,5,17,3,3,2,6,0,1,0,1,0,0,0,0,4.64249E+20,5.44479E+21,8.50969E+15,4.91549E+16
29613,29614,8,1,25,39,2016,5,7,5,2,3,2,0,0,0,1,0,0,0,0,5.1249E+20,5.45833E+21,9.17172E+15,4.92776E+16
29614,29615,8,3,26,61,2016,5,19,6,3,4,2,1,1,0,1,0,0,0,0,4.70984E+20,5.32025E+21,8.61075E+15,4.80349E+16
29615,29616,8,2,26,95,2016,5,9,6,3,2,6,0,1,0,1,0,0,0,0,4.72946E+20,5.45876E+21,8.62802E+15,4.9281E+16
29616,29617,8,1,18,67,2016,5,23,1,3,5,3,2,0,0,1,0,0,0,0,5.06167E+20,5.41418E+21,9.08411E+15,4.88806E+16
29617,29618,8,1,11,0,2016,5,18,5,3,2,6,0,0,0,1,0,0,0,1,5.10229E+20,5.40009E+21,9.13916E+15,4.87538E+16
29618,29619,8,3,15,48,2016,5,16,4,3,5,3,0,1,0,1,0,1,0,0,3.99874E+20,5.31127E+21,7.6591E+15,4.79469E+16
29619,29620,8,4,35,35,2016,5,14,2,3,0,3,0,0,0,1,0,1,0,0,5.45103E+20,5.28421E+21,9.60127E+15,4.77097E+16
29620,29621,8,2,22,0,2016,5,0,1,1,6,4,2,0,0,1,1,0,0,0,4.60891E+20,5.4824E+21,8.45996E+15,4.9493E+16
29621,29622,8,1,16,33,2016,5,19,5,3,1,6,0,1,0,1,0,0,0,0,5.34252E+20,5.38797E+21,9.46499E+15,4.86439E+16
29622,29623,8,3,17,40,2016,5,17,4,3,2,6,0,1,0,1,0,0,0,0,4.32492E+20,5.34745E+21,8.09013E+15,4.82767E+16
29623,29624,8,1,19,55,2016,5,7,4,3,6,4,0,0,0,1,1,0,0,0,5.44403E+20,5.40447E+21,9.60456E+15,4.87916E+16
29624,29625,8,1,26,11,2016,5,23,7,3,4,6,2,0,0,1,0,0,0,0,5.2883E+20,5.44743E+21,9.39559E+15,4.9179E+16
29625,29626,8,3,26,74,2016,5,10,7,3,5,3,0,0,0,1,0,0,0,0,4.6058E+20,5.31989E+21,8.47123E+15,4.8031E+16
29626,29627,8,3,17,1,2016,5,9,5,2,3,6,0,1,0,1,0,0,0,0,4.27024E+20,5.38549E+21,8.00982E+15,4.86182E+16
29627,29628,8,1,15,21,2016,5,19,3,3,5,3,0,0,1,1,0,0,0,0,4.88398E+20,5.38451E+21,8.84259E+15,4.86135E+16
29628,29629,8,1,16,78,2016,5,17,5,3,2,6,0,1,0,1,0,0,0,0,5.13169E+20,5.39262E+21,9.17892E+15,4.86865E+16
29629,29630,8,2,15,7,2016,5,14,6,3,2,6,0,1,0,1,0,0,0,0,4.79106E+20,5.43202E+21,8.7141E+15,4.90407E+16
29630,29631,8,2,21,0,2016,5,7,2,3,5,3,0,0,1,1,0,0,0,0,4.80789E+20,5.4741E+21,8.73512E+15,4.94193E+16
29631,29632,8,4,36,55,2016,5,14,4,3,6,7,0,0,0,1,0,0,0,1,5.76053E+20,5.29429E+21,1.00156E+16,4.77975E+16
29632,29633,8,2,36,43,2016,5,17,4,3,2,2,0,0,0,1,0,0,0,0,4.70656E+20,5.41014E+21,8.60006E+15,4.88435E+16
29633,29634,8,2,16,15,2016,5,9,4,3,0,3,0,0,1,1,0,0,0,0,4.50973E+20,5.40486E+21,8.33244E+15,4.87948E+16
29634,29635,8,1,11,0,2016,5,8,4,3,1,5,0,0,1,1,0,0,0,0,5.09067E+20,5.39743E+21,9.1233E+15,4.87299E+16
29635,29636,8,4,15,59,2016,5,17,3,2,2,2,0,0,0,1,0,0,0,1,5.1332E+20,5.36622E+21,9.18014E+15,4.8449E+16
29636,29637,8,2,26,95,2016,5,6,3,3,0,7,1,0,0,0,0,1,1,0,4.71587E+20,5.46094E+21,8.60918E+15,4.93006E+16
29637,29638,8,1,11,0,2016,5,10,7,3,6,4,0,0,0,1,1,0,0,0,5.08129E+20,5.39743E+21,9.11054E+15,4.87298E+16
29638,29639,8,2,22,0,2016,5,18,7,2,5,2,0,0,1,1,0,0,0,0,4.64229E+20,5.48393E+21,8.50591E+15,4.95069E+16
29639,29640,8,3,35,43,2016,5,14,2,3,0,7,0,0,0,0,0,1,0,0,5.12547E+20,5.2837E+21,9.16726E+15,4.77066E+16
29640,29641,8,3,15,84,2016,5,13,6,3,5,3,0,1,0,1,0,0,0,0,4.17145E+20,5.30502E+21,7.89155E+15,4.78932E+16
29641,29642,8,1,21,0,2016,5,7,3,3,5,3,0,0,1,1,0,0,0,0,5.16625E+20,5.44227E+21,9.2279E+15,4.91331E+16
29642,29643,8,1,16,33,2016,5,14,4,3,0,1,0,0,0,0,0,1,0,0,5.32551E+20,5.38874E+21,9.44196E+15,4.86509E+16
29643,29644,8,4,35,57,2016,5,11,3,3,3,2,0,0,1,0,0,0,1,0,5.44737E+20,5.27999E+21,9.59595E+15,4.76717E+16
29644,29645,8,2,26,10,2016,5,6,3,2,0,7,0,0,0,0,0,0,1,0,4.83236E+20,5.45771E+21,8.76955E+15,4.92719E+16
29645,29646,8,1,16,19,2016,5,13,7,3,6,4,0,0,0,1,1,0,0,0,5.23784E+20,5.39798E+21,9.32345E+15,4.87344E+16
29646,29647,8,3,15,74,2016,5,22,7,3,9,1,2,0,0,1,0,0,0,0,3.98963E+20,5.29504E+21,7.65071E+15,4.78008E+16
29647,29648,8,2,25,74,2016,5,19,5,3,5,3,0,0,1,1,0,0,0,0,5.06998E+20,5.46658E+21,9.09635E+15,4.93519E+16
29648,29649,8,2,25,114,2016,5,16,3,3,4,2,0,0,0,1,0,0,0,0,5.41534E+20,5.46946E+21,9.57218E+15,4.93764E+16
29649,29650,8,4,16,48,2016,5,16,6,3,2,6,0,1,0,1,0,0,0,0,4.91815E+20,5.37719E+21,8.8891E+15,4.85477E+16
29650,29651,8,2,22,0,2016,5,12,2,3,2,6,0,0,0,1,0,0,0,0,4.64051E+20,5.47744E+21,8.50403E+15,4.94485E+16
29651,29652,8,1,27,63,2016,5,4,1,3,8,1,2,0,0,1,0,0,0,0,5.64667E+20,5.43357E+21,9.88504E+15,4.90516E+16
29652,29653,8,4,16,41,2016,5,13,4,3,2,6,0,0,0,1,0,0,1,0,5.06465E+20,5.37317E+21,9.08754E+15,4.85116E+16
29653,29654,8,4,26,28,2016,5,20,5,2,9,1,2,1,0,1,0,0,0,0,5.71039E+20,5.34112E+21,9.95639E+15,4.82193E+16
29654,29655,8,2,11,0,2016,5,13,4,3,2,6,0,0,0,1,0,0,0,0,4.45402E+20,5.40192E+21,8.25699E+15,4.87679E+16
29655,29656,8,3,26,60,2016,5,16,3,3,8,1,0,0,0,1,0,0,0,0,4.46104E+20,5.33162E+21,8.27558E+15,4.81356E+16
29656,29657,8,2,22,0,2016,5,15,3,3,1,6,0,1,0,1,0,0,0,0,4.62088E+20,5.48181E+21,8.47654E+15,4.94877E+16
29657,29658,8,4,26,44,2016,5,10,6,2,5,3,0,1,0,1,0,1,0,0,5.80196E+20,5.32692E+21,1.0077E+16,4.80905E+16
29658,29659,8,3,35,63,2016,5,16,2,3,6,4,0,0,0,1,1,0,0,0,4.97978E+20,5.2922E+21,8.97301E+15,4.77832E+16
29659,29660,8,2,37,19,2016,5,17,6,3,9,1,0,1,0,1,0,0,0,0,4.65408E+20,5.3691E+21,8.53196E+15,4.84741E+16
29660,29661,8,1,19,89,2016,5,15,6,3,0,1,0,0,0,0,0,1,0,0,5.33243E+20,5.41069E+21,9.45312E+15,4.88483E+16
29661,29662,8,1,16,78,2016,5,9,3,3,2,6,0,0,0,1,0,0,0,0,5.12324E+20,5.39318E+21,9.16747E+15,4.86915E+16
29662,29663,8,1,27,14,2016,5,17,2,3,5,3,0,0,0,1,0,1,0,0,5.79731E+20,5.44167E+21,1.00928E+16,4.91227E+16
29663,29664,8,1,11,0,2016,5,15,6,3,2,6,0,1,0,1,0,0,0,0,5.1406E+20,5.40396E+21,9.19142E+15,4.87885E+16
29664,29665,8,2,26,36,2016,5,7,2,3,2,6,0,0,0,1,0,0,0,0,4.67799E+20,5.48101E+21,8.55546E+15,4.94808E+16
29665,29666,8,1,18,15,2016,5,17,3,3,8,1,0,1,0,1,0,0,0,0,5.04887E+20,5.42903E+21,9.06683E+15,4.90142E+16
29666,29667,8,1,27,71,2016,5,9,2,3,5,3,0,0,0,1,0,0,1,0,5.78844E+20,5.45912E+21,1.0084E+16,4.92797E+16
29667,29668,8,1,17,18,2016,5,12,6,3,9,1,0,1,0,1,0,0,0,0,5.37852E+20,5.39552E+21,9.51455E+15,4.87115E+16
29668,29669,8,2,22,0,2016,5,18,2,3,2,6,0,0,0,1,0,0,0,0,4.66495E+20,5.48281E+21,8.53729E+15,4.9497E+16
29669,29670,8,4,36,14,2016,5,18,7,3,8,6,0,1,0,1,0,0,0,0,5.54209E+20,5.30012E+21,9.72464E+15,4.78522E+16
29670,29671,8,3,37,22,2016,5,13,5,3,1,6,0,1,0,1,0,0,0,0,4.5085E+20,5.29589E+21,8.34347E+15,4.78145E+16
29671,29672,8,1,18,80,2016,5,8,4,3,2,7,0,0,0,1,0,0,0,0,5.07527E+20,5.40959E+21,9.10258E+15,4.88392E+16
29672,29673,8,3,17,96,2016,5,7,3,3,0,1,0,1,0,0,0,1,0,0,4.19953E+20,5.36788E+21,7.91727E+15,4.84589E+16
29673,29674,8,2,22,0,2016,5,18,3,3,1,6,0,1,0,1,0,0,0,0,4.69434E+20,5.47856E+21,8.57821E+15,4.94589E+16
29674,29675,8,1,17,28,2016,5,14,5,2,2,6,0,1,0,1,0,0,1,0,5.47859E+20,5.38235E+21,9.64905E+15,4.85924E+16
29675,29676,8,4,16,49,2016,5,14,6,2,2,6,0,1,0,1,0,0,1,0,4.90804E+20,5.37167E+21,8.87552E+15,4.84981E+16
29676,29677,8,3,17,114,2016,5,23,2,2,8,1,2,1,0,1,0,0,0,0,4.05386E+20,5.34674E+21,7.72504E+15,4.82668E+16
29677,29678,8,2,31,0,2016,5,12,6,3,6,4,0,1,0,1,1,0,0,0,4.7779E+20,5.41567E+21,8.69699E+15,4.88936E+16
29678,29679,8,4,36,82,2016,5,18,2,3,3,7,0,0,1,1,0,0,0,0,5.47171E+20,5.29408E+21,9.6299E+15,4.77984E+16
29679,29680,8,3,16,10,2016,5,17,1,2,4,1,0,1,0,1,0,1,0,0,4.30592E+20,5.33568E+21,8.06646E+15,4.81705E+16
29680,29681,8,3,27,50,2016,5,10,4,3,5,3,0,0,0,1,0,1,0,0,4.87455E+20,5.31427E+21,8.83189E+15,4.79816E+16
29681,29682,8,1,28,139,2016,5,7,4,3,9,1,0,0,0,1,0,0,0,0,5.45843E+20,5.48977E+21,9.63389E+15,4.95588E+16
29682,29683,8,1,28,58,2016,5,10,7,3,2,6,0,0,0,1,0,0,1,0,5.58721E+20,5.48274E+21,9.81089E+15,4.94944E+16
29683,29684,8,3,35,63,2016,5,15,7,3,2,6,0,1,0,1,0,0,0,0,4.97733E+20,5.28795E+21,8.96975E+15,4.77449E+16
29684,29685,8,2,21,0,2016,5,16,5,3,2,6,0,0,0,1,0,0,0,0,4.7348E+20,5.4697E+21,8.63464E+15,4.93794E+16
29685,29686,8,2,11,0,2016,5,12,3,2,5,4,0,1,0,1,1,0,0,0,4.42854E+20,5.40272E+21,8.22221E+15,4.87749E+16
29686,29687,8,1,18,68,2016,5,7,5,3,1,6,0,0,0,1,0,0,0,0,5.01109E+20,5.42191E+21,9.01515E+15,4.89501E+16
29687,29688,8,3,17,65,2016,5,12,6,3,5,3,0,1,0,1,0,1,0,0,4.16803E+20,5.35495E+21,7.87723E+15,4.83423E+16
29688,29689,8,1,17,26,2016,5,21,7,3,4,3,2,0,0,1,0,0,0,0,5.47668E+20,5.39485E+21,9.6479E+15,4.87048E+16
29689,29690,8,3,25,69,2016,5,19,5,3,2,6,0,1,0,1,0,0,0,0,4.68088E+20,5.33246E+21,8.571E+15,4.81446E+16
29690,29691,8,3,15,74,2016,5,7,5,2,0,3,0,1,0,0,0,1,1,0,3.96755E+20,5.29408E+21,7.62146E+15,4.77918E+16
29691,29692,8,1,27,86,2016,5,18,5,3,0,6,0,0,0,0,0,0,1,1,5.51613E+20,5.44937E+21,9.70843E+15,4.91949E+16
29692,29693,8,3,35,43,2016,5,12,6,3,5,3,0,1,1,1,0,0,0,0,5.13387E+20,5.28033E+21,9.17834E+15,4.76762E+16
29693,29694,8,3,17,11,2016,5,10,2,2,5,3,0,0,0,1,0,0,0,1,4.27442E+20,5.3549E+21,8.0208E+15,4.83431E+16
29694,29695,8,2,26,6,2016,5,10,6,2,5,3,0,1,0,1,0,0,0,0,4.83682E+20,5.46645E+21,8.77532E+15,4.93506E+16
29695,29696,8,3,17,153,2016,5,13,1,2,5,2,0,0,0,1,0,0,0,0,4.27128E+20,5.39097E+21,8.01027E+15,4.86675E+16
29696,29697,8,1,15,41,2016,5,6,5,3,5,3,0,0,0,1,0,0,0,0,4.93523E+20,5.3996E+21,8.91189E+15,4.87494E+16
29697,29698,8,3,17,1,2016,5,15,4,3,5,3,0,0,1,1,0,0,0,0,4.316E+20,5.38663E+21,8.07171E+15,4.8629E+16
29698,29699,8,1,17,55,2016,5,7,4,3,5,3,0,0,0,1,0,0,0,0,5.44743E+20,5.39711E+21,9.60839E+15,4.87254E+16
29699,29700,8,1,25,68,2016,5,18,7,3,4,6,0,0,0,1,0,0,0,1,5.18915E+20,5.45902E+21,9.26008E+15,4.92837E+16
29700,29701,8,3,17,153,2016,5,15,7,3,5,3,0,0,0,1,0,0,0,0,4.24767E+20,5.39284E+21,7.97786E+15,4.86841E+16
29701,29702,8,2,37,2,2016,5,8,5,3,8,6,0,0,0,1,0,0,0,0,4.60641E+20,5.35334E+21,8.46895E+15,4.8332E+16
29702,29703,8,1,26,45,2016,5,10,3,2,8,1,0,0,0,0,0,0,0,1,5.46041E+20,5.47049E+21,9.63438E+15,4.93853E+16
29703,29704,8,2,12,0,2016,5,15,6,3,5,3,0,0,1,1,0,0,0,0,4.58971E+20,5.42814E+21,8.439E+15,4.90048E+16
29704,29705,8,2,22,0,2016,5,11,2,2,1,6,0,0,0,1,0,0,0,0,4.64381E+20,5.47996E+21,8.50837E+15,4.94712E+16
29705,29706,8,2,26,96,2016,5,15,6,3,2,6,0,0,0,1,0,0,0,1,4.75588E+20,5.49096E+21,8.66236E+15,4.95707E+16
29706,29707,8,1,11,0,2016,5,9,5,3,6,7,0,0,1,0,1,0,0,0,5.16685E+20,5.39856E+21,9.22693E+15,4.87398E+16
29707,29708,8,2,11,0,2016,5,20,4,2,3,1,1,1,0,1,0,0,0,1,4.37852E+20,5.40414E+21,8.15391E+15,4.87871E+16
29708,29709,8,2,26,82,2016,5,8,4,3,4,6,0,0,0,1,0,0,0,1,4.7528E+20,5.48027E+21,8.65878E+15,4.94746E+16
29709,29710,8,1,16,71,2016,5,16,4,3,5,3,0,0,0,0,0,1,0,0,5.27762E+20,5.39121E+21,9.3771E+15,4.86733E+16
29710,29711,8,4,35,45,2016,5,8,3,3,5,3,0,0,1,1,0,0,0,0,5.36004E+20,5.28755E+21,9.48025E+15,4.77403E+16
29711,29712,8,2,31,0,2016,5,17,3,3,2,6,0,1,0,1,0,0,0,0,4.76805E+20,5.41368E+21,8.68367E+15,4.88756E+16
29712,29713,8,1,15,21,2016,5,12,7,3,2,6,0,1,0,1,0,0,0,0,4.92148E+20,5.38104E+21,8.89354E+15,4.85824E+16
29713,29714,8,2,15,103,2016,5,9,7,3,2,6,0,0,0,1,0,0,0,0,4.68154E+20,5.44458E+21,8.56326E+15,4.91532E+16
29714,29715,8,3,17,96,2016,5,15,6,2,8,7,0,0,0,1,0,0,0,0,4.1889E+20,5.37169E+21,7.90216E+15,4.84931E+16
29715,29716,8,2,16,7,2016,5,14,5,3,2,2,0,1,0,1,0,0,0,0,4.38964E+20,5.39419E+21,8.17053E+15,4.86977E+16
29716,29717,8,1,25,34,2016,5,15,3,2,5,3,0,1,1,1,0,0,0,0,4.98552E+20,5.44498E+21,8.98013E+15,4.91577E+16
29717,29718,8,1,18,73,2016,5,18,3,3,9,1,0,0,0,1,0,0,0,0,4.95968E+20,5.41897E+21,8.94496E+15,4.89236E+16
29718,29719,8,1,36,19,2016,5,12,6,3,3,6,0,0,0,1,0,0,1,0,5.87311E+20,5.42592E+21,1.01933E+16,4.898E+16
29719,29720,8,1,18,48,2016,5,17,6,3,2,6,0,0,0,1,0,0,0,0,5.12947E+20,5.41529E+21,9.17662E+15,4.88904E+16
29720,29721,8,2,16,17,2016,5,20,2,2,3,6,1,0,1,1,0,0,0,0,4.51152E+20,5.40053E+21,8.33539E+15,4.87558E+16
29721,29722,8,1,18,50,2016,5,14,1,2,0,7,0,0,1,0,0,0,0,0,5.03676E+20,5.42033E+21,9.05019E+15,4.89359E+16
29722,29723,8,3,35,43,2016,5,14,4,3,0,1,0,1,1,0,0,0,0,0,5.13452E+20,5.27934E+21,9.17919E+15,4.76673E+16
29723,29724,8,4,25,33,2016,5,10,5,3,5,3,0,0,0,1,0,0,0,0,5.3958E+20,5.34448E+21,9.5332E+15,4.82523E+16
29724,29725,8,2,11,0,2016,5,16,4,2,5,3,0,0,1,1,0,0,0,0,4.46537E+20,5.39894E+21,8.27282E+15,4.87412E+16
29725,29726,8,3,17,75,2016,5,12,3,3,4,2,0,1,0,1,0,0,0,0,4.09276E+20,5.3623E+21,7.77409E+15,4.84073E+16
29726,29727,8,2,22,0,2016,5,20,3,2,5,3,0,0,1,1,0,0,0,0,4.62238E+20,5.48181E+21,8.4786E+15,4.94878E+16
29727,29728,8,2,11,0,2016,5,22,5,3,5,3,2,0,0,1,0,1,0,0,4.40798E+20,5.40354E+21,8.1941E+15,4.8782E+16
29728,29729,8,4,16,36,2016,5,8,6,3,0,2,0,1,0,1,0,1,0,0,4.95228E+20,5.37069E+21,8.93541E+15,4.84894E+16
29729,29730,8,3,16,9,2016,5,16,2,3,9,1,0,0,0,1,0,0,0,0,4.15791E+20,5.32315E+21,7.8699E+15,4.80561E+16
29730,29731,8,1,28,14,2016,5,23,1,3,9,1,2,0,0,1,0,0,0,0,5.4754E+20,5.48641E+21,9.65695E+15,4.95285E+16
29731,29732,8,4,21,0,2016,5,17,4,2,9,1,0,0,0,0,0,1,0,0,5.71634E+20,5.36128E+21,9.96782E+15,4.84006E+16
29732,29733,8,2,26,84,2016,5,8,4,3,2,6,0,1,0,1,0,0,0,0,4.66944E+20,5.4727E+21,8.54434E+15,4.9406E+16
29733,29734,8,4,35,59,2016,5,6,5,3,8,7,0,0,0,1,0,0,0,0,5.16967E+20,5.29291E+21,9.22653E+15,4.77893E+16
29734,29735,8,2,15,106,2016,5,16,4,3,2,6,0,0,0,1,0,0,0,0,4.64548E+20,5.45013E+21,8.51333E+15,4.9203E+16
29735,29736,8,4,37,65,2016,5,1,3,3,8,1,2,0,0,1,0,0,0,0,5.18556E+20,5.31868E+21,9.24886E+15,4.80211E+16
29736,29737,8,3,35,28,2016,5,9,3,3,2,2,0,0,0,1,0,0,0,0,4.83355E+20,5.2867E+21,8.77801E+15,4.77335E+16
29737,29738,8,2,26,102,2016,5,17,3,3,4,2,0,1,0,1,0,1,0,0,4.83113E+20,5.45331E+21,8.76805E+15,4.92323E+16
29738,29739,8,4,36,5,2016,5,17,6,3,2,1,0,0,0,1,0,0,0,0,5.39832E+20,5.30928E+21,9.53332E+15,4.79356E+16
29739,29740,8,2,15,9,2016,5,11,7,3,5,3,0,0,1,0,0,1,0,0,4.71008E+20,5.44113E+21,8.60265E+15,4.91224E+16
29740,29741,8,3,16,13,2016,5,7,2,3,5,3,0,0,0,1,0,0,0,1,4.03043E+20,5.33508E+21,7.69614E+15,4.81616E+16
29741,29742,8,2,26,103,2016,5,15,6,2,2,6,0,0,0,1,0,0,0,0,4.72213E+20,5.45822E+21,8.61798E+15,4.92761E+16
29742,29743,8,1,27,43,2016,5,18,6,2,5,2,0,1,0,1,0,0,1,0,5.69997E+20,5.44718E+21,9.96034E+15,4.91734E+16
29743,29744,8,1,18,51,2016,5,8,3,2,6,4,0,0,0,1,1,0,0,0,5.09251E+20,5.41494E+21,9.12619E+15,4.88873E+16
29744,29745,8,1,27,23,2016,5,18,2,3,3,1,0,0,0,1,0,1,0,0,5.49764E+20,5.42555E+21,9.68011E+15,4.89808E+16
29745,29746,8,1,15,1,2016,5,12,6,3,2,6,0,1,0,1,0,0,0,0,4.92181E+20,5.39184E+21,8.89378E+15,4.86796E+16
29746,29747,8,1,25,98,2016,5,11,2,3,8,1,0,0,0,0,0,0,1,0,5.22112E+20,5.44017E+21,9.30301E+15,4.9114E+16
29747,29748,8,4,35,13,2016,5,14,7,3,2,6,0,1,0,1,0,0,0,0,5.39621E+20,5.27569E+21,9.52742E+15,4.76334E+16
29748,29749,8,3,27,48,2016,5,7,5,3,5,3,0,1,0,1,0,0,1,0,4.75309E+20,5.31739E+21,8.66894E+15,4.80093E+16
29749,29750,8,1,15,3,2016,5,17,4,3,2,6,0,0,0,1,0,0,0,1,4.97895E+20,5.39224E+21,8.97141E+15,4.86832E+16
29750,29751,8,1,36,28,2016,5,7,5,2,0,6,0,0,0,1,0,0,0,0,5.71933E+20,5.40032E+21,9.97862E+15,4.87518E+16
29751,29752,8,3,37,116,2016,5,11,6,2,2,6,0,0,0,1,0,0,0,0,4.1715E+20,5.27115E+21,7.89807E+15,4.75884E+16
29752,29753,8,3,15,74,2016,5,15,2,3,2,6,0,0,1,0,0,0,0,0,3.98404E+20,5.29583E+21,7.64306E+15,4.78078E+16
29753,29754,8,2,36,38,2016,5,15,6,3,1,6,0,0,0,1,0,0,0,0,4.87743E+20,5.42627E+21,8.83246E+15,4.89892E+16
29754,29755,8,4,35,57,2016,5,14,2,3,0,7,0,0,0,0,0,1,0,0,5.47315E+20,5.27601E+21,9.62987E+15,4.76358E+16
29755,29756,8,2,15,47,2016,5,12,1,2,8,1,0,0,0,0,0,1,0,0,4.5982E+20,5.41182E+21,8.45222E+15,4.88581E+16
29756,29757,8,2,36,38,2016,5,14,6,2,4,1,0,1,0,1,0,0,0,0,4.84899E+20,5.42646E+21,8.79357E+15,4.89908E+16
29757,29758,8,1,19,90,2016,5,7,6,3,2,6,0,1,0,1,0,0,0,0,5.31199E+20,5.40678E+21,9.42497E+15,4.88132E+16
29758,29759,8,1,15,45,2016,5,15,3,3,2,6,0,0,0,1,0,0,0,0,4.97639E+20,5.39423E+21,8.96791E+15,4.87011E+16
29759,29760,8,1,15,28,2016,5,17,2,3,2,6,0,0,0,1,0,0,0,0,5.00706E+20,5.40325E+21,9.00962E+15,4.87823E+16
29760,29761,8,4,16,48,2016,5,12,7,3,2,6,0,0,0,1,0,0,0,0,4.919E+20,5.37664E+21,8.89025E+15,4.85428E+16
29761,29762,8,4,26,121,2016,5,16,7,3,5,3,0,1,0,1,0,0,0,0,5.38893E+20,5.33519E+21,9.5231E+15,4.81687E+16
29762,29763,8,3,17,65,2016,5,11,5,3,5,3,0,1,0,1,0,0,0,0,4.1198E+20,5.35283E+21,7.81261E+15,4.83225E+16
29763,29764,8,3,15,89,2016,5,8,5,3,2,6,0,1,0,1,0,0,0,0,4.07268E+20,5.31129E+21,7.7581E+15,4.79482E+16
29764,29765,8,2,16,7,2016,5,16,3,3,5,3,0,0,0,1,0,0,0,0,4.37122E+20,5.39561E+21,8.14527E+15,4.87104E+16
29765,29766,8,2,25,58,2016,5,15,5,2,6,4,0,1,0,1,1,0,0,0,5.10415E+20,5.46666E+21,9.14341E+15,4.93526E+16
29766,29767,8,3,35,35,2016,5,7,6,3,3,1,0,1,0,1,0,0,0,0,4.83093E+20,5.28892E+21,8.77442E+15,4.77534E+16
29767,29768,8,2,26,85,2016,5,18,6,2,9,1,0,1,0,0,0,0,1,0,4.95206E+20,5.45283E+21,8.93415E+15,4.92282E+16
29768,29769,8,1,35,16,2016,5,17,1,3,1,6,0,0,0,0,0,1,0,0,5.92727E+20,5.38651E+21,1.02584E+16,4.86248E+16
29769,29770,8,1,11,0,2016,5,0,5,3,2,6,2,0,0,1,0,1,0,0,5.16855E+20,5.40361E+21,9.22946E+15,4.87852E+16
29770,29771,8,3,15,108,2016,5,16,4,3,2,6,0,1,0,1,0,1,0,0,4.04797E+20,5.305E+21,7.7264E+15,4.78913E+16