FID,OBJECTID,ULAND,UREGBEZ,UKREIS,UGEMEINDE,UJAHR,UMONAT,USTUNDE,UWOCHENTAG,UKATEGORIE,UART,UTYP1,ULICHTVERH,IstStrasse,IstRad,IstPKW,IstFuss,IstKrad,IstGkfz,IstSonstig,LINREFX,LINREFY,XGCSWGS84,YGCSWGS84
29771,29772,8,1,17,26,2016,5,17,4,2,5,7,0,0,1,0,0,0,1,0,5.48931E+20,5.39376E+21,9.66493E+15,4.8695E+16
29772,29773,8,4,36,64,2016,5,11,3,3,5,3,0,0,0,1,0,0,0,0,5.47603E+20,5.28635E+21,9.63482E+15,4.77288E+16
29773,29774,8,2,26,85,2016,5,16,3,3,4,6,0,1,0,1,0,0,0,0,4.91158E+20,5.45231E+21,8.87858E+15,4.92235E+16
29774,29775,8,1,18,21,2016,5,18,7,3,5,3,0,0,0,1,0,0,0,0,5.20993E+20,5.42778E+21,9.28703E+15,4.90026E+16
29775,29776,8,3,16,11,2016,5,13,7,3,2,6,0,1,0,1,0,0,0,0,4.14365E+20,5.32969E+21,7.84944E+15,4.81147E+16
29776,29777,8,2,25,14,2016,5,23,5,3,8,1,2,0,0,1,0,0,0,0,5.27746E+20,5.48227E+21,9.38313E+15,4.94924E+16
29777,29778,8,1,26,66,2016,5,12,3,3,5,3,0,1,1,1,0,0,0,0,5.36014E+20,5.45012E+21,9.49439E+15,4.92029E+16
29778,29779,8,4,17,45,2016,5,12,4,2,8,1,0,0,0,0,0,1,0,0,4.92566E+20,5.33001E+21,8.9001E+15,4.81233E+16
29779,29780,8,1,19,76,2016,5,12,4,3,5,3,0,0,0,1,0,1,0,0,5.41714E+20,5.40663E+21,9.56817E+15,4.88113E+16
29780,29781,8,1,28,138,2016,5,12,7,3,2,6,0,0,0,1,0,0,0,0,5.41249E+20,5.4852E+21,9.56989E+15,4.95181E+16
29781,29782,8,3,27,54,2016,5,15,7,3,5,3,0,1,0,1,0,1,0,0,4.83179E+20,5.31606E+21,8.77451E+15,4.79976E+16
29782,29783,8,2,15,90,2016,5,11,5,2,2,6,0,0,0,0,0,0,1,0,4.64996E+20,5.43657E+21,8.52065E+15,4.9081E+16
29783,29784,8,1,18,70,2016,5,21,3,3,3,6,2,0,0,1,0,0,0,0,5.17039E+20,5.42673E+21,9.23292E+15,4.89933E+16
29784,29785,8,1,16,35,2016,5,7,5,3,5,3,0,0,0,1,0,1,0,0,5.27437E+20,5.3925E+21,9.37277E+15,4.86849E+16
29785,29786,8,2,16,43,2016,5,15,6,3,2,6,0,0,0,1,0,0,0,0,4.4327E+20,5.41363E+21,8.22635E+15,4.88731E+16
29786,29787,8,4,35,42,2016,5,16,4,2,5,3,0,0,0,1,0,0,0,0,5.50025E+20,5.27824E+21,9.6662E+15,4.76557E+16
29787,29788,8,2,35,50,2016,5,13,4,3,9,1,0,0,0,1,0,0,0,0,4.69943E+20,5.39405E+21,8.59152E+15,4.86988E+16
29788,29789,8,2,16,15,2016,5,7,4,3,5,2,0,0,0,1,0,0,0,0,4.50683E+20,5.40447E+21,8.32854E+15,4.87913E+16
29789,29790,8,1,15,21,2016,5,22,4,3,8,1,2,1,0,1,0,0,0,0,4.89189E+20,5.38406E+21,8.85333E+15,4.86095E+16
29790,29791,8,4,21,0,2016,5,15,3,3,2,6,0,0,0,1,0,0,0,0,5.71186E+20,5.35629E+21,9.96093E+15,4.83558E+16
29791,29792,8,2,36,68,2016,5,17,3,3,6,4,0,0,0,1,1,0,0,0,4.86517E+20,5.4131E+21,8.81614E+15,4.88707E+16
29792,29793,8,1,11,0,2016,5,15,7,3,0,1,0,0,1,0,0,0,0,0,5.19043E+20,5.4021E+21,9.25917E+15,4.87716E+16
29793,29794,8,2,36,75,2016,5,18,7,2,5,3,0,0,0,1,0,0,0,0,4.80179E+20,5.42253E+21,8.72925E+15,4.89554E+16
29794,29795,8,3,11,0,2016,5,15,2,3,2,6,0,0,0,0,0,0,1,1,4.16697E+20,5.31517E+21,7.8836E+15,4.79844E+16
29795,29796,8,3,15,74,2016,5,9,6,3,4,6,0,0,0,1,0,0,1,0,3.96802E+20,5.29844E+21,7.62105E+15,4.78311E+16
29796,29797,8,1,25,38,2016,5,7,3,3,1,6,0,1,0,1,0,0,0,0,4.99464E+20,5.43492E+21,8.99266E+15,4.90671E+16
29797,29798,8,1,18,48,2016,5,18,3,3,1,6,0,1,0,1,0,0,0,0,5.13697E+20,5.41664E+21,9.1869E+15,4.89026E+16
29798,29799,8,1,27,14,2016,5,7,2,3,2,6,0,0,0,1,0,0,0,1,5.74253E+20,5.44729E+21,1.00187E+16,4.91739E+16
29799,29800,8,1,27,91,2016,5,10,6,2,8,1,0,0,0,0,0,0,1,0,5.79612E+20,5.44994E+21,1.00928E+16,4.91971E+16
29800,29801,8,1,15,45,2016,5,15,6,3,2,6,0,0,0,1,0,0,0,0,5.01069E+20,5.3936E+21,9.01453E+15,4.86954E+16
29801,29802,8,2,26,12,2016,5,14,7,3,5,3,0,0,0,1,0,0,0,0,4.76251E+20,5.4772E+21,8.67237E+15,4.9447E+16
29802,29803,8,1,27,25,2016,5,10,7,2,5,3,0,0,1,1,0,0,0,0,5.5647E+20,5.42759E+21,9.77203E+15,4.89986E+16
29803,29804,8,1,28,20,2016,5,11,1,2,9,1,0,0,0,0,0,1,0,0,5.77405E+20,5.47314E+21,1.0067E+16,4.9406E+16
29804,29805,8,1,11,0,2016,5,8,6,3,6,2,0,0,0,1,1,0,0,0,5.17317E+20,5.40598E+21,9.23584E+15,4.88065E+16
29805,29806,8,4,37,65,2016,5,6,6,3,2,6,0,0,0,1,0,0,0,0,5.18366E+20,5.3184E+21,9.2463E+15,4.80186E+16
29806,29807,8,2,15,109,2016,5,17,5,3,1,6,0,0,0,1,0,0,0,0,4.62942E+20,5.43838E+21,8.49236E+15,4.90971E+16
29807,29808,8,3,15,59,2016,5,11,4,3,6,4,0,0,0,1,1,0,0,0,3.99009E+20,5.32224E+21,7.64494E+15,4.80455E+16
29808,29809,8,1,19,84,2016,5,21,4,2,8,1,2,1,0,1,0,0,0,0,5.44526E+20,5.41437E+21,9.60732E+15,4.88807E+16
29809,29810,8,3,35,66,2016,5,11,1,3,5,2,0,0,0,1,0,0,0,0,5.05898E+20,5.28188E+21,9.0786E+15,4.76903E+16
29810,29811,8,3,37,128,2016,5,6,7,3,8,1,0,0,0,1,0,0,0,0,4.44068E+20,5.2821E+21,8.25464E+15,4.76899E+16
29811,29812,8,1,18,49,2016,5,15,3,3,2,6,0,0,0,1,0,0,0,0,5.18547E+20,5.4204E+21,9.25325E+15,4.89363E+16
29812,29813,8,3,17,21,2016,5,12,7,3,2,2,0,0,0,1,0,0,0,0,4.25747E+20,5.37159E+21,7.99497E+15,4.84931E+16
29813,29814,8,3,25,51,2016,5,13,2,3,5,3,0,1,0,1,0,0,0,0,4.49799E+20,5.34883E+21,8.32321E+15,4.82907E+16
29814,29815,8,1,28,7,2016,5,12,3,2,5,3,0,0,0,1,0,0,0,0,5.53136E+20,5.47331E+21,9.73251E+15,4.94102E+16
29815,29816,8,1,27,76,2016,5,12,2,3,2,6,0,1,0,1,0,0,1,1,5.53845E+20,5.44039E+21,9.73785E+15,4.9114E+16
29816,29817,8,1,21,0,2016,5,19,2,3,2,3,1,0,0,1,0,0,0,0,5.15838E+20,5.44147E+21,9.21708E+15,4.91258E+16
29817,29818,8,3,17,151,2016,5,11,2,3,5,3,0,1,0,1,0,1,0,0,4.13491E+20,5.37193E+21,7.82905E+15,4.84945E+16
29818,29819,8,1,15,50,2016,5,13,7,2,5,3,0,0,0,1,0,1,0,0,4.89088E+20,5.40176E+21,8.8515E+15,4.87687E+16
29819,29820,8,1,16,77,2016,5,21,1,3,5,3,2,0,0,1,0,0,0,0,5.14155E+20,5.3917E+21,9.19229E+15,4.86782E+16
29820,29821,8,4,15,61,2016,5,15,6,3,5,3,0,0,0,1,0,0,0,0,5.14157E+20,5.37814E+21,9.19185E+15,4.85562E+16
29821,29822,8,3,17,34,2016,5,15,6,3,5,3,0,0,0,1,0,0,0,0,4.26089E+20,5.36296E+21,8.00112E+15,4.84154E+16
29822,29823,8,1,18,79,2016,5,18,5,2,8,1,0,0,0,0,0,1,0,0,5.03561E+20,5.42105E+21,9.04864E+15,4.89424E+16
29823,29824,8,1,19,8,2016,5,16,1,2,5,3,0,0,1,1,0,0,0,0,5.32721E+20,5.42011E+21,9.44677E+15,4.89331E+16
29824,29825,8,4,17,31,2016,5,18,6,3,1,7,0,0,0,1,0,0,0,1,4.98837E+20,5.35774E+21,8.9843E+15,4.83729E+16
29825,29826,8,2,11,0,2016,5,17,5,3,2,6,0,0,0,1,0,0,0,0,4.42003E+20,5.40369E+21,8.21048E+15,4.87835E+16
29826,29827,8,3,16,9,2016,5,7,4,2,4,2,0,0,0,1,0,1,0,0,4.15251E+20,5.32517E+21,7.86224E+15,4.80742E+16
29827,29828,8,1,16,81,2016,5,14,4,3,3,2,0,0,1,1,0,0,0,0,5.18721E+20,5.38598E+21,9.25406E+15,4.86266E+16
29828,29829,8,2,25,58,2016,5,16,6,3,9,6,0,0,0,1,0,0,0,0,5.08196E+20,5.46901E+21,9.11291E+15,4.93737E+16
29829,29830,8,4,17,13,2016,5,14,1,2,2,6,0,0,0,1,0,1,0,0,5.05927E+20,5.35223E+21,9.07996E+15,4.83232E+16
29830,29831,8,1,18,63,2016,5,17,3,3,2,6,0,0,0,1,0,0,0,0,5.16518E+20,5.42288E+21,9.22565E+15,4.89586E+16
29831,29832,8,3,16,14,2016,5,11,7,2,1,1,0,0,0,1,0,1,0,0,4.25342E+20,5.33023E+21,7.99681E+15,4.81209E+16
29832,29833,8,3,17,89,2016,5,15,2,3,0,3,0,1,0,1,0,1,0,0,4.31654E+20,5.37626E+21,8.07414E+15,4.85357E+16
29833,29834,8,1,25,34,2016,5,19,3,2,2,2,0,0,0,1,0,1,0,0,4.99818E+20,5.44534E+21,8.99751E+15,4.91609E+16
29834,29835,8,1,21,0,2016,5,11,2,3,6,2,0,1,0,1,1,0,0,0,5.14382E+20,5.44619E+21,9.1973E+15,4.91684E+16
29835,29836,8,1,11,0,2016,5,19,6,3,2,6,0,0,0,1,0,0,0,0,5.11514E+20,5.40193E+21,9.1567E+15,4.87702E+16
29836,29837,8,4,25,72,2016,5,12,5,3,5,3,0,1,1,1,0,0,0,0,5.82624E+20,5.37196E+21,1.01184E+16,4.84953E+16
29837,29838,8,1,11,0,2016,5,11,2,3,3,6,0,1,0,1,0,0,1,0,5.15793E+20,5.4047E+21,9.21504E+15,4.87951E+16
29838,29839,8,4,36,39,2016,5,7,7,2,5,3,0,0,0,1,0,0,0,0,5.47865E+20,5.28922E+21,9.63864E+15,4.77545E+16
29839,29840,8,4,17,25,2016,5,6,6,1,4,6,0,0,0,1,0,1,1,0,4.84406E+20,5.35534E+21,8.78952E+15,4.8351E+16
29840,29841,8,3,16,11,2016,5,10,6,3,2,6,0,0,0,1,0,0,0,0,4.13624E+20,5.33051E+21,7.83933E+15,4.8122E+16
29841,29842,8,4,25,33,2016,5,13,3,3,2,6,0,0,0,1,0,0,1,0,5.53008E+20,5.34816E+21,9.71455E+15,4.82844E+16
29842,29843,8,2,16,17,2016,5,12,6,3,8,1,0,0,0,1,0,0,0,0,4.55337E+20,5.39775E+21,8.39263E+15,4.87311E+16
29843,29844,8,1,15,28,2016,5,13,1,3,3,6,0,0,0,1,0,1,0,1,5.02392E+20,5.40112E+21,9.03255E+15,4.87631E+16
29844,29845,8,2,12,0,2016,5,2,7,3,2,6,2,0,0,1,0,0,1,0,4.58757E+20,5.42611E+21,8.43628E+15,4.89865E+16
29845,29846,8,2,22,0,2016,5,14,6,3,3,7,0,0,0,1,0,0,0,1,4.62631E+20,5.47996E+21,8.48421E+15,4.94711E+16
29846,29847,8,2,26,20,2016,5,6,1,2,9,1,0,0,0,1,0,0,0,0,4.88711E+20,5.46249E+21,8.84467E+15,4.9315E+16
29847,29848,8,3,11,0,2016,5,17,7,1,3,1,0,0,1,0,0,0,0,1,4.11403E+20,5.31977E+21,7.81172E+15,4.8025E+16
29848,29849,8,1,19,44,2016,5,13,3,3,2,6,0,0,0,1,0,0,0,0,5.42999E+20,5.4251E+21,9.58762E+15,4.89773E+16
29849,29850,8,1,15,28,2016,5,16,2,2,4,6,0,1,0,1,0,0,0,0,5.03265E+20,5.40171E+21,9.04443E+15,4.87684E+16
29850,29851,8,1,28,115,2016,5,11,6,3,2,6,0,0,0,1,0,0,0,0,5.48428E+20,5.49638E+21,9.67045E+15,4.9618E+16
29851,29852,8,4,17,79,2016,5,21,5,3,8,1,2,0,0,1,0,0,0,0,5.02586E+20,5.34515E+21,9.03484E+15,4.82595E+16
29852,29853,8,1,19,61,2016,5,8,5,1,4,6,0,1,0,1,0,0,1,0,5.3552E+20,5.41593E+21,9.48461E+15,4.88953E+16
29853,29854,8,4,36,18,2016,5,13,1,3,5,3,0,0,0,1,0,0,0,0,5.50314E+20,5.28538E+21,9.67087E+15,4.77198E+16
29854,29855,8,4,26,21,2016,5,11,7,3,2,1,0,0,1,1,0,0,0,0,5.58389E+20,5.32721E+21,9.78419E+15,4.80955E+16
29855,29856,8,2,21,0,2016,5,6,6,3,2,6,0,0,0,1,0,0,0,0,4.73498E+20,5.47483E+21,8.63454E+15,4.94256E+16
29856,29857,8,3,27,46,2016,5,18,3,3,6,4,0,0,0,1,1,0,0,0,4.80901E+20,5.3242E+21,8.74361E+15,4.80708E+16
29857,29858,8,2,31,0,2016,5,17,7,2,8,1,0,0,0,0,0,1,0,0,4.77524E+20,5.41244E+21,8.69353E+15,4.88645E+16
29858,29859,8,1,15,13,2016,5,12,7,2,2,2,0,0,0,1,0,1,0,0,4.95471E+20,5.38902E+21,8.93851E+15,4.86543E+16
29859,29860,8,1,18,76,2016,5,10,1,3,4,6,0,0,0,1,0,0,0,0,5.05272E+20,5.42405E+21,9.07203E+15,4.89694E+16
29860,29861,8,1,18,7,2016,5,8,6,3,5,3,0,0,0,1,0,1,0,0,5.14462E+20,5.42894E+21,9.19778E+15,4.90132E+16
29861,29862,8,3,25,12,2016,5,7,5,3,5,3,0,0,0,1,0,1,0,0,4.63088E+20,5.35556E+21,8.50177E+15,4.83521E+16
29862,29863,8,2,15,100,2016,5,13,5,3,2,2,0,0,1,1,0,0,0,0,4.74694E+20,5.45188E+21,8.65249E+15,4.92192E+16
29863,29864,8,4,36,55,2016,5,9,4,3,0,7,0,0,1,0,0,0,0,0,5.76633E+20,5.29734E+21,1.00239E+16,4.78248E+16
29864,29865,8,3,26,37,2016,5,5,4,3,0,1,0,0,1,0,0,0,0,0,4.57348E+20,5.32806E+21,8.42707E+15,4.81043E+16
29865,29866,8,1,26,46,2016,5,6,4,3,0,7,0,0,1,0,0,0,0,0,5.50986E+20,5.4584E+21,9.70096E+15,4.92762E+16
29866,29867,8,3,36,103,2016,5,11,1,2,4,6,0,0,0,1,0,1,0,0,4.15956E+20,5.28434E+21,7.87966E+15,4.7707E+16
29867,29868,8,1,19,79,2016,5,17,6,3,2,6,0,0,0,1,0,0,0,0,5.23677E+20,5.4088E+21,9.32262E+15,4.88317E+16
29868,29869,8,3,36,84,2016,5,15,5,3,5,2,0,0,0,1,0,0,0,0,4.03244E+20,5.27687E+21,7.71191E+15,4.7638E+16
29869,29870,8,1,16,78,2016,5,16,5,3,2,6,0,0,0,1,0,0,0,0,5.13146E+20,5.39293E+21,9.17863E+15,4.86893E+16
29870,29871,8,4,21,0,2016,5,15,4,2,2,6,0,0,0,1,0,0,0,0,5.68814E+20,5.36202E+21,9.92985E+15,4.84076E+16
29871,29872,8,2,16,17,2016,5,23,4,2,4,2,2,0,0,1,0,0,0,0,4.51455E+20,5.40121E+21,8.33944E+15,4.8762E+16
29872,29873,8,4,17,79,2016,5,14,1,3,5,2,0,0,0,1,0,1,0,0,4.9824E+20,5.33996E+21,8.97631E+15,4.82129E+16
29873,29874,8,4,16,36,2016,5,17,7,3,0,7,0,0,0,0,0,1,0,1,4.99624E+20,5.36312E+21,8.99492E+15,4.84212E+16
29874,29875,8,3,37,22,2016,5,16,7,2,9,1,0,0,0,0,0,1,0,0,4.49859E+20,5.29166E+21,8.33071E+15,4.77763E+16
29875,29876,8,2,35,46,2016,5,15,6,3,2,6,0,0,0,1,0,0,0,0,4.82087E+20,5.37881E+21,8.75721E+15,4.85621E+16
29876,29877,8,3,16,11,2016,5,11,3,3,2,7,0,0,0,1,0,0,0,1,4.1291E+20,5.33121E+21,7.82959E+15,4.81282E+16
29877,29878,8,2,15,97,2016,5,22,3,2,4,2,2,0,0,0,0,1,0,1,4.76576E+20,5.44286E+21,8.67886E+15,4.91381E+16
29878,29879,8,2,36,72,2016,5,23,2,3,5,3,2,0,0,1,0,0,0,0,4.64905E+20,5.41075E+21,8.52163E+15,4.88488E+16
29879,29880,8,2,15,100,2016,5,21,7,3,2,6,2,0,0,1,0,0,0,1,4.74522E+20,5.4507E+21,8.6502E+15,4.92086E+16
29880,29881,8,1,25,8,2016,5,11,7,3,0,7,0,1,0,0,0,1,0,1,5.28564E+20,5.43269E+21,9.39089E+15,4.90465E+16
29881,29882,8,1,25,7,2016,5,15,1,3,0,6,0,0,0,1,0,1,0,0,5.12387E+20,5.453E+21,9.17014E+15,4.92297E+16
29882,29883,8,1,11,0,2016,5,8,6,3,3,6,0,0,0,1,0,1,0,0,5.12255E+20,5.40863E+21,9.16699E+15,4.88305E+16
29883,29884,8,4,36,8,2016,5,7,6,2,4,2,0,0,0,1,0,0,0,1,5.50268E+20,5.30872E+21,9.67297E+15,4.79298E+16
29884,29885,8,2,12,0,2016,5,16,5,3,2,6,0,0,0,1,0,0,0,0,4.54266E+20,5.42635E+21,8.37487E+15,4.89884E+16
29885,29886,8,3,11,0,2016,5,16,4,2,9,1,0,0,0,1,0,0,0,0,4.12783E+20,5.31461E+21,7.83127E+15,4.79789E+16
29886,29887,8,1,18,79,2016,5,9,4,3,5,3,0,0,0,1,0,0,0,0,5.10022E+20,5.42188E+21,9.13688E+15,4.89497E+16
29887,29888,8,2,36,13,2016,5,16,6,3,5,3,0,0,0,1,0,1,0,0,4.76263E+20,5.40868E+21,8.67656E+15,4.88306E+16
29888,29889,8,3,27,18,2016,5,12,1,3,2,6,0,0,0,1,0,0,0,0,4.78458E+20,5.30443E+21,8.71181E+15,4.78928E+16
29889,29890,8,1,18,77,2016,5,8,3,3,2,2,0,0,0,1,0,0,0,0,5.12883E+20,5.42307E+21,9.17599E+15,4.89604E+16
29890,29891,8,3,17,96,2016,5,9,7,3,5,3,0,0,1,1,0,0,0,0,4.2269E+20,5.37188E+21,7.95355E+15,4.84953E+16
29891,29892,8,3,15,102,2016,5,2,2,3,9,1,2,0,0,1,0,0,0,0,4.38649E+20,5.2956E+21,8.18054E+15,4.78108E+16
29892,29893,8,1,27,25,2016,5,12,3,3,6,7,0,0,0,0,1,0,0,1,5.56614E+20,5.42715E+21,9.77394E+15,4.89946E+16
29893,29894,8,1,26,66,2016,5,14,2,3,5,3,0,1,0,1,0,0,0,0,5.35531E+20,5.45029E+21,9.48778E+15,4.92044E+16
29894,29895,8,1,19,4,2016,5,13,2,3,4,6,0,1,0,1,0,0,0,1,5.39833E+20,5.42103E+21,9.54395E+15,4.8941E+16
29895,29896,8,4,15,53,2016,5,12,7,2,9,1,0,0,0,0,0,1,0,0,5.4283E+20,5.36164E+21,9.57873E+15,4.84064E+16
29896,29897,8,1,17,51,2016,5,13,3,3,4,2,0,0,0,1,0,1,0,0,5.42943E+20,5.39504E+21,9.5837E+15,4.87069E+16
29897,29898,8,4,17,2,2016,5,3,7,2,9,1,2,0,0,1,0,0,0,0,4.8972E+20,5.348E+21,8.86142E+15,4.82851E+16
29898,29899,8,2,15,64,2016,5,18,3,3,0,1,0,0,1,0,0,0,0,0,4.77244E+20,5.45133E+21,8.68754E+15,4.92144E+16
29899,29900,8,2,16,43,2016,5,13,2,3,2,6,0,1,0,1,0,0,0,0,4.41478E+20,5.41053E+21,8.20236E+15,4.88449E+16
29900,29901,8,1,19,8,2016,5,10,2,3,4,6,0,1,0,1,0,0,0,0,5.30128E+20,5.42163E+21,9.41148E+15,4.89469E+16
29901,29902,8,2,12,0,2016,5,13,2,3,9,1,0,1,0,1,0,0,0,0,4.60778E+20,5.42398E+21,8.46411E+15,4.89675E+16
29902,29903,8,1,18,46,2016,5,20,7,3,0,1,0,0,1,0,0,0,0,0,5.13639E+20,5.4126E+21,9.18598E+15,4.88662E+16
29903,29904,8,1,18,73,2016,5,11,1,3,0,7,0,0,0,0,0,1,0,0,4.97941E+20,5.42143E+21,8.97188E+15,4.89458E+16
29904,29905,8,4,16,41,2016,5,16,6,3,1,6,0,0,0,1,0,0,0,0,5.05739E+20,5.37536E+21,9.07773E+15,4.85313E+16
29905,29906,8,2,11,0,2016,5,0,5,2,8,1,2,1,0,1,0,0,1,0,4.42171E+20,5.40849E+21,8.2121E+15,4.88267E+16
29906,29907,8,2,36,40,2016,5,23,4,3,0,6,2,1,0,1,0,1,0,0,4.88015E+20,5.4217E+21,8.83631E+15,4.89481E+16
29907,29908,8,4,37,88,2016,5,5,3,3,0,7,2,1,0,1,0,0,1,0,5.22488E+20,5.30496E+21,9.30087E+15,4.78976E+16
29908,29909,8,2,26,54,2016,5,19,6,2,4,6,0,0,0,1,0,0,0,0,4.78354E+20,5.45361E+21,8.70266E+15,4.92348E+16
29909,29910,8,2,12,0,2016,5,12,1,3,5,2,0,0,1,1,0,0,0,0,4.57874E+20,5.42796E+21,8.42401E+15,4.90031E+16
29910,29911,8,1,17,30,2016,5,20,3,3,8,6,0,0,0,1,0,0,0,0,5.48102E+20,5.39114E+21,9.65336E+15,4.86715E+16
29911,29912,8,3,15,94,2016,5,14,7,2,8,1,0,0,0,0,0,1,0,0,4.34728E+20,5.31541E+21,8.12517E+15,4.79886E+16
29912,29913,8,1,18,73,2016,5,17,3,3,5,3,0,0,1,0,0,0,0,1,5.01205E+20,5.41608E+21,9.01644E+15,4.88976E+16
29913,29914,8,1,25,65,2016,5,14,3,3,2,6,0,0,0,1,0,0,0,0,5.14928E+20,5.44898E+21,9.20489E+15,4.91934E+16
29914,29915,8,1,19,85,2016,5,20,2,2,8,1,2,1,0,1,0,0,0,0,5.32487E+20,5.41585E+21,9.44322E+15,4.88947E+16
29915,29916,8,4,26,21,2016,5,13,5,2,5,3,0,1,1,1,0,0,0,0,5.59128E+20,5.32643E+21,9.79401E+15,4.80884E+16
29916,29917,8,1,27,52,2016,5,16,5,1,5,3,0,0,1,1,0,0,0,0,5.39083E+20,5.43533E+21,9.53509E+15,4.90696E+16
29917,29918,8,4,37,114,2016,5,23,1,3,8,1,2,0,0,1,0,0,0,0,5.15464E+20,5.33615E+21,9.20802E+15,4.81784E+16
29918,29919,8,4,35,52,2016,5,9,7,3,8,1,0,0,0,1,0,0,0,0,5.25857E+20,5.29176E+21,9.34515E+15,4.77787E+16
29919,29920,8,2,12,0,2016,5,18,2,3,2,6,0,1,0,1,0,0,0,1,4.58821E+20,5.42515E+21,8.43725E+15,4.89779E+16
29920,29921,8,1,11,0,2016,5,10,7,3,2,6,0,0,0,1,0,0,0,0,5.14059E+20,5.40398E+21,9.19141E+15,4.87886E+16
29921,29922,8,1,11,0,2016,5,17,1,2,5,3,0,0,0,1,0,1,0,0,5.07864E+20,5.40753E+21,9.10714E+15,4.88207E+16
29922,29923,8,3,35,98,2016,5,18,6,3,2,6,0,0,0,1,0,0,1,0,5.03873E+20,5.29797E+21,9.05175E+15,4.7835E+16
29923,29924,8,3,17,89,2016,5,16,6,3,0,6,0,0,0,1,0,1,0,0,4.32833E+20,5.37925E+21,8.08964E+15,4.85627E+16
29924,29925,8,4,37,76,2016,5,7,3,3,5,3,0,1,0,1,0,0,0,1,5.23373E+20,5.31828E+21,9.31344E+15,4.80174E+16
29925,29926,8,2,15,100,2016,5,21,6,2,0,6,1,0,0,0,0,1,0,1,4.74893E+20,5.4536E+21,8.65512E+15,4.92347E+16
29926,29927,8,2,15,84,2016,5,14,1,3,5,3,0,0,0,1,0,0,0,0,4.71103E+20,5.44651E+21,8.60357E+15,4.91707E+16
29927,29928,8,2,22,0,2016,5,14,7,2,2,6,0,0,0,1,0,0,0,0,4.68677E+20,5.47766E+21,8.56784E+15,4.94508E+16
29928,29929,8,1,17,24,2016,5,10,2,3,5,3,0,1,0,1,0,0,0,0,5.62119E+20,5.38639E+21,9.84302E+15,4.86275E+16
29929,29930,8,1,25,110,2016,5,9,6,2,4,6,0,0,0,1,0,0,1,0,5.2649E+20,5.44157E+21,9.36309E+15,4.91264E+16
29930,29931,8,4,15,53,2016,5,18,5,3,8,1,0,0,0,0,0,1,0,0,5.34076E+20,5.36481E+21,9.4607E+15,4.84355E+16
29931,29932,8,1,15,28,2016,5,18,5,3,2,6,0,0,0,1,0,0,0,0,5.01252E+20,5.40379E+21,9.01705E+15,4.87871E+16
29932,29933,8,4,36,85,2016,5,12,1,3,5,3,0,0,0,1,0,0,0,0,5.59031E+20,5.29932E+21,9.78898E+15,4.78445E+16
29933,29934,8,4,26,38,2016,5,11,7,2,8,1,0,0,0,0,0,1,0,0,5.62005E+20,5.31794E+21,9.83141E+15,4.80117E+16
29934,29935,8,3,17,1,2016,5,10,6,3,7,7,0,0,0,1,0,0,1,1,4.30063E+20,5.39129E+21,8.05007E+15,4.86708E+16
29935,29936,8,3,17,122,2016,5,10,3,3,2,6,0,0,0,1,0,0,0,1,4.1727E+20,5.36765E+21,7.88103E+15,4.84566E+16
29936,29937,8,2,22,0,2016,5,16,7,2,3,6,0,0,0,1,0,1,0,0,4.68502E+20,5.47924E+21,8.5653E+15,4.9465E+16
29937,29938,8,3,36,91,2016,5,16,6,3,5,3,0,0,0,1,0,0,0,0,3.94231E+20,5.27362E+21,7.59274E+15,4.76073E+16
29938,29939,8,3,25,57,2016,5,18,3,3,2,6,0,0,0,1,0,0,0,0,4.78449E+20,5.35829E+21,8.70897E+15,4.83774E+16
29939,29940,8,1,17,1,2016,5,16,6,2,4,6,0,0,0,1,0,1,0,0,5.43585E+20,5.40157E+21,9.59312E+15,4.87656E+16
29940,29941,8,2,37,28,2016,5,9,7,3,9,1,0,0,0,1,0,0,0,0,4.57845E+20,5.37324E+21,8.42923E+15,4.85109E+16
29941,29942,8,1,19,53,2016,5,7,6,3,2,6,0,0,0,1,0,0,0,0,5.34262E+20,5.42674E+21,9.46836E+15,4.89926E+16
29942,29943,8,3,27,11,2016,5,15,5,3,8,1,0,0,0,1,0,0,0,0,4.84271E+20,5.32182E+21,8.78894E+15,4.80495E+16
29943,29944,8,2,22,0,2016,5,17,5,3,2,6,0,0,0,1,0,0,0,0,4.67108E+20,5.47855E+21,8.54612E+15,4.94587E+16
29944,29945,8,1,15,3,2016,5,20,5,3,5,3,1,0,1,1,0,0,0,0,5.00185E+20,5.39222E+21,9.00251E+15,4.8683E+16
29945,29946,8,3,37,96,2016,5,9,4,2,3,2,0,0,1,0,0,0,0,1,4.21323E+20,5.26776E+21,7.95417E+15,4.75585E+16
29946,29947,8,1,18,19,2016,5,12,4,3,2,6,0,0,0,0,0,0,1,0,5.04594E+20,5.40675E+21,9.06258E+15,4.88138E+16
29947,29948,8,1,16,77,2016,5,17,1,2,9,1,0,0,0,1,0,0,0,0,5.17062E+20,5.38802E+21,9.23163E+15,4.8645E+16
29948,29949,8,4,15,85,2016,5,11,7,2,5,2,0,0,0,1,0,1,0,0,5.36181E+20,5.34096E+21,9.48711E+15,4.82209E+16
29949,29950,8,1,16,77,2016,5,20,3,3,2,6,0,0,0,1,0,0,0,0,5.13931E+20,5.39172E+21,9.18924E+15,4.86784E+16
29950,29951,8,3,36,50,2016,5,15,7,3,2,6,0,0,0,1,0,1,0,0,4.00895E+20,5.27642E+21,7.68073E+15,4.76336E+16
29951,29952,8,3,15,48,2016,5,13,3,3,9,1,0,0,1,1,0,0,0,0,3.95805E+20,5.30514E+21,7.60611E+15,4.78911E+16