FID,OBJECTID,ULAND,UREGBEZ,UKREIS,UGEMEINDE,UJAHR,UMONAT,USTUNDE,UWOCHENTAG,UKATEGORIE,UART,UTYP1,ULICHTVERH,IstStrasse,IstRad,IstPKW,IstFuss,IstKrad,IstGkfz,IstSonstig,LINREFX,LINREFY,XGCSWGS84,YGCSWGS84
29952,29953,8,2,35,80,2016,5,16,3,3,8,1,0,0,0,1,0,0,0,0,4.8496E+20,5.39053E+21,8.79573E+15,4.86676E+16
29953,29954,8,2,21,0,2016,5,17,2,2,8,7,0,1,0,1,0,0,0,0,4.79779E+20,5.46986E+21,8.72141E+15,4.93811E+16
29954,29955,8,1,18,48,2016,5,22,2,3,5,2,2,0,0,1,0,0,0,0,5.10838E+20,5.41471E+21,9.14784E+15,4.88852E+16
29955,29956,8,1,18,53,2016,5,19,7,3,3,6,0,0,0,1,0,0,1,0,5.17225E+20,5.42778E+21,9.23551E+15,4.90027E+16
29956,29957,8,2,11,0,2016,5,13,2,3,8,1,0,1,0,1,0,0,0,0,4.38163E+20,5.40454E+21,8.15809E+15,4.87907E+16
29957,29958,8,1,19,79,2016,5,15,7,2,5,2,0,0,0,1,0,1,0,0,5.2366E+20,5.40881E+21,9.3224E+15,4.88318E+16
29958,29959,8,1,19,38,2016,5,17,1,3,2,6,0,0,0,0,0,1,0,0,5.23736E+20,5.42127E+21,9.32415E+15,4.89439E+16
29959,29960,8,4,21,0,2016,5,14,6,3,4,6,0,0,0,1,0,0,0,1,5.7082E+20,5.35846E+21,9.95635E+15,4.83753E+16
29960,29961,8,1,28,131,2016,5,9,7,2,5,3,0,0,0,1,0,0,0,0,5.44722E+20,5.5091E+21,9.62059E+15,4.97328E+16
29961,29962,8,2,25,14,2016,5,14,1,2,1,1,0,0,0,1,0,1,0,0,5.22615E+20,5.48615E+21,9.31251E+15,4.95276E+16
29962,29963,8,1,11,0,2016,5,13,6,3,6,7,0,0,0,1,1,0,0,0,5.18829E+20,5.40085E+21,9.25621E+15,4.87604E+16
29963,29964,8,3,11,0,2016,5,14,5,3,2,6,0,1,0,1,0,1,0,0,4.13581E+20,5.31656E+21,7.84157E+15,4.79965E+16
29964,29965,8,1,11,0,2016,5,20,7,3,2,6,0,0,0,1,0,1,0,0,5.13764E+20,5.40324E+21,9.18736E+15,4.8782E+16
29965,29966,8,2,26,36,2016,5,12,5,3,2,2,0,0,0,1,0,0,0,0,4.68668E+20,5.48241E+21,8.56734E+15,4.94935E+16
29966,29967,8,3,17,26,2016,5,8,4,2,0,2,0,0,1,1,0,0,0,0,4.11972E+20,5.34566E+21,7.81399E+15,4.8258E+16
29967,29968,8,1,19,85,2016,5,11,4,2,6,7,0,0,0,1,1,0,0,0,5.2849E+20,5.41414E+21,9.38858E+15,4.88795E+16
29968,29969,8,3,35,15,2016,5,16,1,3,4,6,0,0,1,0,0,0,0,0,4.74951E+20,5.28149E+21,8.66621E+15,4.76863E+16
29969,29970,8,3,15,132,2016,5,14,7,3,2,6,0,0,0,1,0,0,0,0,4.11437E+20,5.32458E+21,7.81117E+15,4.80683E+16
29970,29971,8,1,16,33,2016,5,17,3,3,2,6,0,0,0,1,0,1,0,0,5.33961E+20,5.38875E+21,9.4611E+15,4.86509E+16
29971,29972,8,3,17,40,2016,5,17,7,3,3,5,0,0,1,1,0,0,0,0,4.32488E+20,5.34748E+21,8.09008E+15,4.8277E+16
29972,29973,8,2,35,85,2016,5,6,2,3,9,1,0,1,0,1,0,0,0,0,4.80247E+20,5.39622E+21,8.73144E+15,4.87187E+16
29973,29974,8,1,15,45,2016,5,16,3,3,2,6,0,0,0,1,0,0,1,0,5.02709E+20,5.39853E+21,9.03684E+15,4.87398E+16
29974,29975,8,1,35,19,2016,5,16,2,3,0,6,0,0,0,1,0,0,0,0,5.85502E+20,5.39002E+21,1.0161E+16,4.86574E+16
29975,29976,8,1,18,10,2016,5,5,2,2,9,1,2,1,0,1,0,0,0,0,5.06884E+20,5.43073E+21,9.09418E+15,4.90294E+16
29976,29977,8,2,26,85,2016,5,13,2,3,5,3,0,1,0,1,0,1,0,0,4.89392E+20,5.45501E+21,8.85424E+15,4.92478E+16
29977,29978,8,1,18,10,2016,5,17,7,3,7,6,0,0,1,1,0,0,0,0,5.07029E+20,5.43201E+21,9.09618E+15,4.9041E+16
29978,29979,8,1,16,49,2016,5,12,1,3,0,1,0,0,1,0,0,0,0,0,5.24837E+20,5.38584E+21,9.33705E+15,4.86251E+16
29979,29980,8,4,15,87,2016,5,23,6,3,8,1,2,0,0,0,0,1,0,0,5.11743E+20,5.38223E+21,9.15926E+15,4.8593E+16
29980,29981,8,3,17,129,2016,5,9,6,3,5,3,0,0,1,1,0,0,0,0,4.30084E+20,5.35077E+21,8.05713E+15,4.83063E+16
29981,29982,8,1,18,76,2016,5,15,5,3,8,7,0,0,0,0,0,0,1,0,4.93886E+20,5.43089E+21,8.91636E+15,4.90308E+16
29982,29983,8,2,22,0,2016,5,6,6,2,5,3,0,0,0,0,0,1,0,1,4.62115E+20,5.48032E+21,8.47705E+15,4.94744E+16
29983,29984,8,2,36,4,2016,5,16,1,3,2,6,0,0,0,1,0,0,0,0,4.73225E+20,5.41583E+21,8.6347E+15,4.88949E+16
29984,29985,8,3,11,0,2016,5,13,7,3,2,2,0,0,0,0,0,1,0,1,4.1949E+20,5.31516E+21,7.92102E+15,4.79847E+16
29985,29986,8,2,11,0,2016,5,12,5,2,8,6,0,0,0,1,0,0,0,0,4.4202E+20,5.40342E+21,8.21075E+15,4.87811E+16
29986,29987,8,3,15,64,2016,5,18,4,3,4,6,0,0,0,1,0,0,1,0,4.24217E+20,5.31308E+21,7.98473E+15,4.79665E+16
29987,29988,8,1,16,77,2016,5,18,4,3,3,6,0,0,0,1,0,0,0,0,5.18837E+20,5.3903E+21,9.25583E+15,4.86655E+16
29988,29989,8,2,26,98,2016,5,10,6,3,2,6,0,0,0,1,0,0,0,0,4.77502E+20,5.4587E+21,8.69067E+15,4.92806E+16
29989,29990,8,2,37,75,2016,5,12,1,2,4,6,0,0,0,0,0,1,0,0,4.50665E+20,5.3655E+21,8.33292E+15,4.84407E+16
29990,29991,8,1,16,47,2016,5,18,3,3,5,3,0,0,0,1,0,1,0,0,5.19666E+20,5.39316E+21,9.26722E+15,4.86912E+16
29991,29992,8,3,17,98,2016,5,16,7,2,8,7,0,0,0,0,0,1,0,0,4.40333E+20,5.37624E+21,8.19171E+15,4.85365E+16
29992,29993,8,2,22,0,2016,5,3,2,3,8,1,2,1,0,1,0,0,0,0,4.63437E+20,5.47794E+21,8.49552E+15,4.9453E+16
29993,29994,8,1,27,52,2016,5,5,3,1,8,1,1,0,0,1,0,0,0,0,5.39402E+20,5.43561E+21,9.53948E+15,4.90721E+16
29994,29995,8,1,21,0,2016,5,16,2,3,0,3,0,0,1,1,0,0,0,0,5.13449E+20,5.44373E+21,9.18442E+15,4.91462E+16
29995,29996,8,1,36,65,2016,5,16,5,3,2,6,0,0,0,1,0,0,0,0,5.54695E+20,5.40514E+21,9.74476E+15,4.87969E+16
29996,29997,8,1,11,0,2016,5,6,2,3,2,7,0,0,0,1,0,0,0,0,5.18745E+20,5.40262E+21,9.25514E+15,4.87763E+16
29997,29998,8,1,11,0,2016,5,9,1,2,9,1,0,0,0,0,0,1,0,0,5.12653E+20,5.40983E+21,9.17244E+15,4.88413E+16
29998,29999,8,3,27,49,2016,5,12,6,1,1,5,0,0,0,1,0,0,0,0,4.73886E+20,5.32227E+21,8.64956E+15,4.80532E+16
29999,30000,8,3,17,96,2016,5,14,6,3,2,2,0,0,0,1,0,1,0,0,4.23186E+20,5.36572E+21,7.96139E+15,4.84399E+16
30000,30001,8,4,26,71,2016,5,6,3,2,8,1,1,0,0,1,0,0,0,0,5.63899E+20,5.33513E+21,9.85937E+15,4.81662E+16
30001,30002,8,3,17,126,2016,5,13,6,3,8,1,0,0,0,0,0,1,0,0,4.38588E+20,5.38088E+21,8.16739E+15,4.8578E+16
30002,30003,8,2,16,13,2016,5,12,1,3,8,1,0,0,0,0,0,1,0,0,4.50915E+20,5.38863E+21,8.33359E+15,4.86488E+16
30003,30004,8,2,15,99,2016,5,13,7,3,2,6,0,0,0,1,0,0,0,0,4.64252E+20,5.44478E+21,8.50973E+15,4.91548E+16
30004,30005,8,1,16,56,2016,5,13,2,3,8,1,0,1,0,1,0,0,0,0,5.30395E+20,5.39511E+21,9.41315E+15,4.87083E+16
30005,30006,8,1,21,0,2016,5,6,6,3,9,7,0,0,0,1,0,0,0,0,5.07375E+20,5.44795E+21,9.1012E+15,4.91843E+16
30006,30007,8,3,37,62,2016,5,14,5,2,5,3,0,0,0,1,0,0,0,0,4.58089E+20,5.27549E+21,8.44212E+15,4.76315E+16
30007,30008,8,1,36,42,2016,5,20,3,3,3,6,0,0,1,0,0,0,0,1,5.46051E+20,5.40374E+21,9.62691E+15,4.87849E+16
30008,30009,8,1,18,27,2016,5,9,2,3,5,3,0,1,0,1,0,0,0,0,5.02364E+20,5.41279E+21,9.03224E+15,4.88681E+16
30009,30010,8,1,35,10,2016,5,11,6,3,9,1,0,0,0,0,0,1,0,0,6.00939E+20,5.39727E+21,1.03724E+16,4.87202E+16
30010,30011,8,4,17,2,2016,5,16,5,3,1,6,0,0,0,1,0,0,0,1,4.89072E+20,5.34551E+21,8.85275E+15,4.82627E+16
30011,30012,8,1,19,20,2016,5,11,5,3,4,2,0,0,0,1,0,0,0,0,5.18355E+20,5.40899E+21,9.25012E+15,4.88336E+16
30012,30013,8,4,36,10,2016,5,12,1,3,8,7,0,0,0,1,0,0,0,0,5.73241E+20,5.30411E+21,9.9797E+15,4.78862E+16
30013,30014,8,4,26,128,2016,5,10,7,3,2,2,0,0,0,1,0,0,0,0,5.58769E+20,5.3346E+21,9.79031E+15,4.81619E+16
30014,30015,8,2,26,84,2016,5,13,6,3,2,6,0,0,0,1,0,0,0,1,4.66954E+20,5.47187E+21,8.54456E+15,4.93986E+16
30015,30016,8,3,36,69,2016,5,23,3,3,8,1,2,0,0,1,0,0,0,0,4.10187E+20,5.27007E+21,7.80571E+15,4.75779E+16
30016,30017,8,1,36,88,2016,5,15,6,2,2,6,0,0,0,1,0,0,0,0,5.79358E+20,5.41273E+21,1.0082E+16,4.88624E+16
30017,30018,8,2,31,0,2016,5,18,7,3,2,6,0,0,0,1,0,0,0,0,4.77512E+20,5.41589E+21,8.69319E+15,4.88956E+16
30018,30019,8,1,15,3,2016,5,9,7,3,1,6,0,0,0,1,0,0,0,0,4.9749E+20,5.39179E+21,8.9659E+15,4.86792E+16
30019,30020,8,1,18,76,2016,5,17,6,3,1,6,0,0,0,1,0,0,0,0,5.05236E+20,5.42414E+21,9.07154E+15,4.89702E+16
30020,30021,8,3,26,74,2016,5,20,5,3,5,3,0,1,0,1,0,0,0,0,4.61748E+20,5.32739E+21,8.48623E+15,4.80986E+16
30021,30022,8,2,12,0,2016,5,14,5,2,1,7,0,0,1,1,0,0,0,0,4.55355E+20,5.42825E+21,8.38955E+15,4.90055E+16
30022,30023,8,4,35,16,2016,5,20,4,3,8,1,1,0,0,0,0,1,0,0,5.3877E+20,5.27966E+21,9.51644E+15,4.76692E+16
30023,30024,8,3,35,77,2016,5,14,4,3,3,6,0,0,0,1,0,0,1,0,4.91305E+20,5.2962E+21,8.88385E+15,4.78191E+16
30024,30025,8,1,36,88,2016,5,16,4,3,3,6,0,0,0,1,0,0,0,0,5.88848E+20,5.40633E+21,1.021E+16,4.88036E+16
30025,30026,8,4,15,78,2016,5,20,1,3,8,1,0,0,0,1,0,0,0,0,5.33994E+20,5.36517E+21,9.45963E+15,4.84388E+16
30026,30027,8,4,15,61,2016,5,11,7,2,5,3,0,0,1,1,0,0,0,0,5.15205E+20,5.37148E+21,9.20581E+15,4.84962E+16
30027,30028,8,1,15,53,2016,5,10,3,3,5,2,0,0,1,1,0,0,0,0,4.82819E+20,5.37876E+21,8.76714E+15,4.85617E+16
30028,30029,8,3,26,74,2016,5,18,7,2,0,1,0,0,1,0,0,0,0,0,4.65188E+20,5.32215E+21,8.53285E+15,4.80517E+16
30029,30030,8,2,26,85,2016,5,16,3,3,3,7,0,0,0,1,0,0,1,0,4.89538E+20,5.45517E+21,8.85625E+15,4.92492E+16
30030,30031,8,1,16,49,2016,5,6,5,2,5,3,0,1,0,1,0,0,0,0,5.25358E+20,5.38677E+21,9.34418E+15,4.86335E+16
30031,30032,8,4,21,0,2016,5,7,4,3,5,3,0,0,0,1,0,0,1,0,5.70976E+20,5.35779E+21,9.95834E+15,4.83693E+16
30032,30033,8,2,22,0,2016,5,19,4,3,2,6,0,0,0,1,0,0,0,0,4.60998E+20,5.48152E+21,8.46152E+15,4.94851E+16
30033,30034,8,4,26,134,2016,5,11,1,3,8,1,0,0,0,1,0,0,0,0,5.54779E+20,5.33405E+21,9.73659E+15,4.81573E+16
30034,30035,8,4,17,79,2016,5,16,7,3,1,6,0,0,0,1,0,1,0,0,5.0106E+20,5.34477E+21,9.01429E+15,4.82561E+16
30035,30036,8,2,37,45,2016,5,15,6,3,4,6,0,0,0,1,0,0,1,0,4.60778E+20,5.35537E+21,8.47061E+15,4.83503E+16
30036,30037,8,3,17,110,2016,5,13,3,2,0,7,0,0,1,0,0,0,0,0,4.29059E+20,5.38001E+21,8.03835E+15,4.85692E+16
30037,30038,8,2,15,9,2016,5,20,7,3,5,3,0,0,0,1,0,0,0,0,4.70726E+20,5.44113E+21,8.59878E+15,4.91223E+16
30038,30039,8,1,26,85,2016,5,20,7,3,9,1,1,0,0,0,0,1,0,0,5.46841E+20,5.44893E+21,9.64287E+15,4.91914E+16
30039,30040,8,1,26,11,2016,5,19,1,3,5,3,0,0,0,1,0,0,0,0,5.2941E+20,5.4479E+21,9.40357E+15,4.91832E+16
30040,30041,8,1,11,0,2016,5,12,6,3,2,6,0,0,0,1,0,0,1,0,5.13029E+20,5.407E+21,9.17747E+15,4.88158E+16
30041,30042,8,4,37,100,2016,5,6,6,3,5,3,0,0,0,1,0,0,0,0,5.37658E+20,5.31778E+21,9.50495E+15,4.80122E+16
30042,30043,8,2,15,110,2016,5,17,5,3,4,1,0,0,0,1,0,0,0,0,4.60274E+20,5.41835E+21,8.45777E+15,4.89169E+16
30043,30044,8,3,15,107,2016,5,13,4,3,8,1,0,0,0,1,0,0,0,0,4.10962E+20,5.30803E+21,7.80824E+15,4.79194E+16
30044,30045,8,1,19,68,2016,5,11,4,3,8,1,0,0,0,1,0,0,0,0,5.26263E+20,5.41236E+21,9.35808E+15,4.88637E+16
30045,30046,8,3,35,77,2016,5,18,1,3,5,3,0,0,0,1,0,0,0,0,4.93539E+20,5.29066E+21,8.91377E+15,4.77693E+16
30046,30047,8,1,11,0,2016,5,9,3,3,2,6,0,0,0,1,0,0,0,0,5.1578E+20,5.40627E+21,9.21493E+15,4.88092E+16
30047,30048,8,3,17,96,2016,5,21,7,3,8,7,2,0,1,0,0,0,0,0,4.2206E+20,5.36976E+21,7.94542E+15,4.84762E+16
30048,30049,8,2,16,59,2016,5,18,2,3,8,1,0,1,0,1,0,0,0,0,4.53448E+20,5.39603E+21,8.36713E+15,4.87156E+16
30049,30050,8,1,27,14,2016,5,6,3,3,0,2,0,0,0,0,0,1,0,0,5.77637E+20,5.43857E+21,1.00635E+16,4.90951E+16
30050,30051,8,1,27,79,2016,5,10,2,2,8,1,0,1,0,0,0,0,0,1,5.63222E+20,5.4245E+21,9.86385E+15,4.89702E+16
30051,30052,8,1,15,37,2016,5,16,2,2,2,6,0,1,0,1,0,0,0,0,4.93089E+20,5.38691E+21,8.9062E+15,4.86352E+16
30052,30053,8,2,15,66,2016,5,16,2,3,2,6,0,0,0,1,0,0,0,0,4.56567E+20,5.45328E+21,8.40343E+15,4.92308E+16
30053,30054,8,1,11,0,2016,5,10,7,3,5,2,0,0,0,1,0,0,0,0,5.1493E+20,5.40273E+21,9.20322E+15,4.87774E+16
30054,30055,8,2,16,15,2016,5,8,3,3,1,6,0,0,0,1,0,0,0,0,4.49417E+20,5.40339E+21,8.31143E+15,4.87815E+16
30055,30056,8,2,16,43,2016,5,19,2,3,0,1,0,1,1,0,0,0,0,0,4.42476E+20,5.41253E+21,8.21569E+15,4.8863E+16
30056,30057,8,4,36,3,2016,5,1,1,2,8,1,2,1,0,1,0,0,0,0,5.78333E+20,5.30519E+21,1.0048E+16,4.78953E+16
30057,30058,8,2,15,100,2016,5,14,2,3,5,3,0,0,0,1,0,0,0,0,4.74747E+20,5.45222E+21,8.6532E+15,4.92222E+16
30058,30059,8,1,18,73,2016,5,13,7,3,5,3,0,0,0,1,0,0,0,0,4.98805E+20,5.41837E+21,8.98369E+15,4.89182E+16
30059,30060,8,1,18,67,2016,5,10,1,3,2,6,0,0,0,1,0,0,0,0,5.07168E+20,5.41427E+21,9.09777E+15,4.88813E+16
30060,30061,8,4,17,79,2016,5,15,6,2,1,5,0,0,0,1,0,0,0,1,5.01968E+20,5.34066E+21,9.02649E+15,4.82192E+16
30061,30062,8,2,16,7,2016,5,11,5,2,3,6,0,0,0,1,0,0,1,0,4.33565E+20,5.39699E+21,8.09672E+15,4.87224E+16
30062,30063,8,2,15,21,2016,5,9,4,3,2,6,0,0,0,1,0,0,0,0,4.69314E+20,5.44756E+21,8.57895E+15,4.91801E+16
30063,30064,8,4,15,59,2016,5,13,4,2,4,6,0,0,0,1,0,0,0,1,5.17396E+20,5.36696E+21,9.23529E+15,4.84555E+16
30064,30065,8,2,25,74,2016,5,19,6,3,8,6,0,0,0,1,0,0,0,0,5.03584E+20,5.4642E+21,9.04933E+15,4.93305E+16
30065,30066,8,3,17,51,2016,5,16,1,2,5,3,0,0,0,1,0,1,0,0,4.43167E+20,5.33899E+21,8.23513E+15,4.82016E+16
30066,30067,8,1,11,0,2016,5,11,3,3,2,6,0,0,0,1,0,0,0,0,5.1245E+20,5.40128E+21,9.16941E+15,4.87644E+16
30067,30068,8,3,16,17,2016,5,17,7,3,9,6,0,0,0,0,0,1,0,0,4.17912E+20,5.34037E+21,7.89503E+15,4.82113E+16
30068,30069,8,1,25,98,2016,5,17,3,2,9,1,0,0,0,0,0,1,0,0,5.27266E+20,5.43748E+21,9.37345E+15,4.90896E+16
30069,30070,8,1,19,53,2016,5,6,2,2,9,1,0,0,0,1,0,0,0,0,5.34265E+20,5.42674E+21,9.46841E+15,4.89927E+16
30070,30071,8,4,37,100,2016,5,0,5,2,3,6,2,1,1,1,0,0,0,0,5.40764E+20,5.31766E+21,9.54658E+15,4.80109E+16
30071,30072,8,1,28,7,2016,5,6,5,3,9,1,0,1,0,0,0,0,0,1,5.55571E+20,5.47884E+21,9.76685E+15,4.94597E+16
30072,30073,8,4,37,107,2016,5,14,1,3,4,1,0,0,0,1,0,1,0,0,5.07706E+20,5.33325E+21,9.1036E+15,4.81525E+16
30073,30074,8,4,36,11,2016,5,7,7,3,9,7,0,0,0,1,0,0,0,1,5.48772E+20,5.29729E+21,9.65164E+15,4.78271E+16
30074,30075,8,3,15,72,2016,5,21,6,3,0,1,2,0,0,1,0,1,0,0,4.01768E+20,5.3193E+21,7.68262E+15,4.80194E+16
30075,30076,8,4,16,31,2016,5,17,3,2,2,6,0,0,0,1,0,0,0,0,5.04035E+20,5.36464E+21,9.05455E+15,4.84349E+16
30076,30077,8,1,21,0,2016,5,18,6,2,9,6,0,0,0,1,0,0,0,1,5.08882E+20,5.44832E+21,9.12189E+15,4.91876E+16
30077,30078,8,1,15,28,2016,5,7,1,3,3,6,0,0,0,1,0,0,0,0,5.0152E+20,5.4043E+21,9.02069E+15,4.87917E+16
30078,30079,8,1,16,19,2016,5,16,1,3,1,7,0,0,0,1,0,1,0,0,5.20261E+20,5.39867E+21,9.27558E+15,4.87407E+16
30079,30080,8,3,16,36,2016,5,8,6,3,2,6,0,0,0,1,0,0,0,0,4.10619E+20,5.32651E+21,7.79979E+15,4.80856E+16
30080,30081,8,3,17,57,2016,5,12,6,3,5,3,0,0,1,1,0,0,0,0,4.12033E+20,5.38102E+21,7.80739E+15,4.85761E+16
30081,30082,8,2,15,59,2016,5,10,6,3,2,6,0,0,0,1,0,0,0,0,4.84316E+20,5.43608E+21,8.78524E+15,4.90773E+16
30082,30083,8,2,21,0,2016,5,11,1,3,3,7,0,0,0,1,0,1,0,0,4.78157E+20,5.47334E+21,8.69887E+15,4.94124E+16
30083,30084,8,1,11,0,2016,5,16,3,3,2,6,0,0,0,1,0,0,0,0,5.17079E+20,5.4056E+21,9.23259E+15,4.88032E+16
30084,30085,8,2,21,0,2016,5,14,7,2,8,1,0,0,0,0,0,1,0,0,4.73435E+20,5.47392E+21,8.63373E+15,4.94174E+16
30085,30086,8,1,17,53,2016,5,14,2,3,1,7,0,1,0,0,0,1,0,1,5.50631E+20,5.4011E+21,9.68893E+15,4.87608E+16
30086,30087,8,1,28,139,2016,5,18,6,3,3,5,0,0,0,1,0,0,0,0,5.51966E+20,5.4922E+21,9.71887E+15,4.95801E+16
30087,30088,8,4,17,79,2016,5,18,5,3,1,6,0,0,0,1,0,0,0,0,4.98529E+20,5.34003E+21,8.9802E+15,4.82135E+16
30088,30089,8,1,18,12,2016,5,19,5,3,4,6,0,0,0,1,0,0,0,0,5.00065E+20,5.41412E+21,9.00089E+15,4.888E+16
30089,30090,8,4,36,78,2016,5,15,1,3,3,7,0,0,0,1,0,1,0,0,5.57189E+20,5.29156E+21,9.76334E+15,4.77748E+16
30090,30091,8,4,26,28,2016,5,13,7,3,5,3,0,0,1,1,0,0,0,0,5.69094E+20,5.34289E+21,9.9305E+15,4.82354E+16
30091,30092,8,2,15,97,2016,5,18,6,2,5,3,0,0,0,1,0,1,0,0,4.78407E+20,5.43852E+21,8.7042E+15,4.90992E+16
30092,30093,8,3,25,12,2016,5,18,3,3,2,2,0,0,0,1,0,0,0,0,4.65371E+20,5.3533E+21,8.53277E+15,4.83319E+16
30093,30094,8,2,25,58,2016,5,12,7,3,0,6,0,0,0,0,0,1,0,1,5.09761E+20,5.46599E+21,9.13439E+15,4.93466E+16
30094,30095,8,1,36,44,2016,5,15,7,3,2,6,0,0,0,1,0,1,0,0,5.56739E+20,5.4112E+21,9.77343E+15,4.88511E+16
30095,30096,8,2,37,40,2016,5,16,7,3,2,2,0,0,0,1,0,1,0,0,4.80739E+20,5.3666E+21,8.7395E+15,4.84522E+16
30096,30097,8,1,19,8,2016,5,22,6,3,0,1,2,0,0,0,0,1,0,0,5.31905E+20,5.424E+21,9.43593E+15,4.89681E+16
30097,30098,8,3,35,75,2016,5,16,5,3,6,4,0,0,0,0,1,0,0,1,4.92143E+20,5.285E+21,8.89524E+15,4.77183E+16
30098,30099,8,2,36,19,2016,5,17,5,3,2,1,0,0,0,1,0,0,0,0,4.86844E+20,5.40993E+21,8.82069E+15,4.88422E+16
30099,30100,8,1,15,21,2016,5,12,5,3,9,6,0,0,0,1,0,0,0,0,4.91083E+20,5.38402E+21,8.87903E+15,4.86092E+16
30100,30101,8,4,16,25,2016,5,17,4,3,8,1,0,0,0,1,0,0,0,0,5.08821E+20,5.36383E+21,9.11924E+15,4.84275E+16
30101,30102,8,2,16,7,2016,5,16,4,3,1,6,0,0,0,1,0,0,1,0,4.34704E+20,5.39727E+21,8.11214E+15,4.8725E+16
30102,30103,8,4,16,36,2016,5,10,1,3,0,7,0,0,0,1,0,1,0,0,4.85984E+20,5.3714E+21,8.81029E+15,4.84956E+16
30103,30104,8,4,16,41,2016,5,0,7,3,4,6,2,0,0,1,0,0,0,1,5.01811E+20,5.37228E+21,9.02451E+15,4.85036E+16
30104,30105,8,3,37,49,2016,5,14,7,3,5,3,0,0,0,1,0,1,0,0,4.25521E+20,5.27814E+21,8.0082E+15,4.76524E+16
30105,30106,8,2,31,0,2016,5,17,6,3,5,3,0,0,0,1,0,0,0,0,4.84357E+20,5.41405E+21,8.78664E+15,4.88792E+16
30106,30107,8,3,15,48,2016,5,13,3,3,5,3,0,0,1,1,0,0,0,0,3.94717E+20,5.30703E+21,7.5911E+15,4.7908E+16
30107,30108,8,2,35,85,2016,5,10,3,3,1,6,0,0,0,1,0,0,1,0,4.82191E+20,5.39529E+21,8.75791E+15,4.87104E+16
30108,30109,8,2,25,58,2016,5,14,2,3,2,6,0,1,0,1,0,0,0,0,5.12553E+20,5.46624E+21,9.17283E+15,4.93488E+16
30109,30110,8,4,25,31,2016,5,16,7,3,2,6,0,0,0,1,0,0,0,0,5.64714E+20,5.36992E+21,9.87567E+15,4.84791E+16
30110,30111,8,1,11,0,2016,5,7,2,3,9,1,0,1,0,1,0,0,0,0,5.1401E+20,5.39373E+21,9.19039E+15,4.86965E+16
30111,30112,8,1,25,26,2016,5,10,7,3,5,3,0,0,0,1,0,1,0,0,4.87972E+20,5.44757E+21,8.83495E+15,4.91808E+16
30112,30113,8,1,19,90,2016,5,17,1,3,5,3,0,0,1,1,0,0,0,0,5.30632E+20,5.40718E+21,9.41728E+15,4.88169E+16
30113,30114,8,1,11,0,2016,5,7,6,3,0,7,0,0,0,0,0,1,0,0,5.17039E+20,5.40856E+21,9.23217E+15,4.88297E+16
30114,30115,8,4,36,6,2016,5,18,6,3,2,2,0,0,0,1,0,0,0,0,5.56655E+20,5.28865E+21,9.75583E+15,4.77487E+16
30115,30116,8,2,11,0,2016,5,18,5,3,6,2,0,0,0,1,1,0,0,0,4.43258E+20,5.40228E+21,8.22776E+15,4.87709E+16
30116,30117,8,3,36,6,2016,5,17,4,2,8,1,0,0,0,0,0,1,0,0,3.92237E+20,5.28972E+21,7.56223E+15,4.77519E+16
30117,30118,8,1,17,7,2016,5,8,4,3,4,6,0,0,0,0,0,0,1,0,5.57557E+20,5.38328E+21,9.78068E+15,4.85999E+16
30118,30119,8,2,36,33,2016,5,14,6,2,7,7,0,0,1,0,0,0,0,0,4.85666E+20,5.43057E+21,8.80391E+15,4.90279E+16
30119,30120,8,3,25,24,2016,5,15,1,3,9,6,0,0,0,0,0,1,0,1,4.54031E+20,5.3359E+21,8.38166E+15,4.81746E+16
30120,30121,8,4,35,16,2016,5,17,2,3,2,6,0,1,0,1,0,0,0,0,5.36949E+20,5.28041E+21,9.49225E+15,4.7676E+16
30121,30122,8,1,36,65,2016,5,14,1,3,5,3,0,0,1,1,0,0,0,0,5.62223E+20,5.40451E+21,9.84716E+15,4.87905E+16
30122,30123,8,1,15,48,2016,5,14,6,2,0,7,0,0,1,0,0,0,0,0,5.10246E+20,5.38811E+21,9.1391E+15,4.8646E+16
30123,30124,8,3,16,43,2016,5,20,5,3,8,6,0,0,0,1,0,0,0,0,4.09777E+20,5.33363E+21,7.78699E+15,4.81495E+16
30124,30125,8,1,11,0,2016,5,20,7,3,0,7,1,0,0,0,0,1,0,0,5.11566E+20,5.40884E+21,9.15761E+15,4.88324E+16
30125,30126,8,2,22,0,2016,5,15,5,3,6,4,0,0,0,1,1,0,0,0,4.65489E+20,5.47623E+21,8.52399E+15,4.94377E+16
30126,30127,8,4,35,59,2016,5,15,4,3,2,3,0,0,0,1,0,0,0,0,5.14803E+20,5.29177E+21,9.1976E+15,4.77791E+16
30127,30128,8,3,26,52,2016,5,7,4,3,4,6,0,0,0,1,0,0,0,0,4.52294E+20,5.33102E+21,8.35886E+15,4.81306E+16
30128,30129,8,1,25,59,2016,5,11,4,2,8,1,0,0,0,0,0,0,1,0,5.28741E+20,5.43769E+21,9.39366E+15,4.90914E+16
30129,30130,8,3,36,69,2016,5,1,1,2,0,1,2,0,1,0,0,0,0,0,4.09656E+20,5.27114E+21,7.79842E+15,4.75874E+16
30130,30131,8,3,36,8,2016,5,17,7,3,2,6,0,0,0,1,0,0,0,0,3.95401E+20,5.27565E+21,7.60781E+15,4.76258E+16
30131,30132,8,3,11,0,2016,5,15,2,2,3,6,0,1,0,1,0,1,0,0,4.11436E+20,5.31611E+21,7.81292E+15,4.79921E+16
30132,30133,8,3,25,49,2016,5,15,7,2,8,1,0,0,0,1,0,0,0,0,4.77505E+20,5.33809E+21,8.69729E+15,4.81956E+16