FID,OBJECTID,ULAND,UREGBEZ,UKREIS,UGEMEINDE,UJAHR,UMONAT,USTUNDE,UWOCHENTAG,UKATEGORIE,UART,UTYP1,ULICHTVERH,IstStrasse,IstRad,IstPKW,IstFuss,IstKrad,IstGkfz,IstSonstig,LINREFX,LINREFY,XGCSWGS84,YGCSWGS84
30314,30315,8,1,15,28,2016,5,20,1,3,2,6,2,1,0,1,0,0,0,0,5.02271E+20,5.4015E+21,9.0309E+15,4.87665E+16
30315,30316,8,3,15,20,2016,5,16,2,2,4,6,0,1,0,1,0,0,1,0,4.25596E+20,5.31054E+21,8.00365E+15,4.79439E+16
30316,30317,8,1,11,0,2016,5,15,7,3,2,6,0,1,0,1,0,0,0,0,5.16012E+20,5.40378E+21,9.21798E+15,4.87868E+16
30317,30318,8,4,21,0,2016,5,15,2,3,1,6,0,1,0,1,0,0,0,0,5.73005E+20,5.3601E+21,9.98613E+15,4.83898E+16
30318,30319,8,1,28,7,2016,5,10,2,3,4,6,0,1,0,1,0,1,0,0,5.55987E+20,5.47918E+21,9.77264E+15,4.94627E+16
30319,30320,8,3,36,19,2016,5,14,6,2,5,2,0,0,0,1,0,0,0,0,3.94903E+20,5.27579E+21,7.60115E+15,4.7627E+16
30320,30321,8,1,17,38,2016,5,12,5,2,1,1,0,0,1,0,0,1,0,0,5.42177E+20,5.40307E+21,9.57411E+15,4.87792E+16
30321,30322,8,4,16,48,2016,5,17,3,2,4,3,0,0,1,1,0,0,0,0,4.96954E+20,5.37543E+21,8.95874E+15,4.8532E+16
30322,30323,8,1,18,79,2016,5,17,3,3,0,7,0,0,0,0,0,0,0,1,5.09876E+20,5.42233E+21,9.1349E+15,4.89538E+16
30323,30324,8,2,31,0,2016,5,11,4,3,8,1,0,0,0,1,0,0,0,0,4.76688E+20,5.41731E+21,8.68187E+15,4.89083E+16
30324,30325,8,1,27,25,2016,5,2,4,3,8,1,2,1,0,0,0,1,0,0,5.5746E+20,5.42934E+21,9.78582E+15,4.90143E+16
30325,30326,8,1,25,27,2016,5,0,6,3,2,6,2,0,0,1,0,0,1,0,5.1871E+20,5.44621E+21,9.25666E+15,4.91684E+16
30326,30327,8,2,36,4,2016,5,16,2,3,2,6,0,0,0,1,0,1,0,0,4.73367E+20,5.41541E+21,8.63667E+15,4.8891E+16
30327,30328,8,1,19,79,2016,5,11,3,3,2,6,0,1,0,1,0,0,0,0,5.22306E+20,5.40939E+21,9.30398E+15,4.88371E+16
30328,30329,8,2,12,0,2016,5,12,7,3,5,3,0,0,1,1,0,0,0,0,4.56267E+20,5.42825E+21,8.40202E+15,4.90056E+16
30329,30330,8,1,27,25,2016,5,12,3,3,8,1,0,1,0,1,0,0,0,0,5.56268E+20,5.42497E+21,9.76892E+15,4.89751E+16
30330,30331,8,2,21,0,2016,5,8,3,3,4,6,0,1,0,1,0,0,0,0,4.70075E+20,5.47388E+21,8.58741E+15,4.94168E+16
30331,30332,8,1,11,0,2016,5,11,1,3,2,6,0,0,0,1,0,0,0,0,5.07593E+20,5.40208E+21,9.10333E+15,4.87717E+16
30332,30333,8,4,26,67,2016,5,9,5,2,0,7,0,0,0,0,0,1,0,0,5.23579E+20,5.33828E+21,9.3173E+15,4.81973E+16
30333,30334,8,1,16,49,2016,6,17,4,3,3,6,0,0,0,0,0,1,0,1,5.23825E+20,5.3857E+21,9.32331E+15,4.86239E+16
30334,30335,8,2,25,91,2016,5,7,3,3,6,4,0,0,0,1,1,0,0,0,5.24356E+20,5.47673E+21,9.33599E+15,4.94428E+16
30335,30336,8,1,26,66,2016,5,20,5,3,4,2,0,0,0,1,0,0,0,0,5.35304E+20,5.45046E+21,9.48468E+15,4.92059E+16
30336,30337,8,4,36,81,2016,5,14,2,2,5,3,0,0,0,1,0,0,0,0,5.56616E+20,5.27563E+21,9.75362E+15,4.76316E+16
30337,30338,8,1,16,19,2016,5,17,2,3,2,6,0,0,0,1,0,0,0,0,5.22428E+20,5.39812E+21,9.30503E+15,4.87357E+16
30338,30339,8,4,36,39,2016,5,13,6,3,5,3,0,0,0,1,0,1,0,0,5.47867E+20,5.28921E+21,9.63866E+15,4.77545E+16
30339,30340,8,4,16,36,2016,5,16,2,3,2,6,0,1,0,1,0,0,0,0,4.88893E+20,5.37201E+21,8.84965E+15,4.85011E+16
30340,30341,8,2,31,0,2016,5,17,3,2,1,5,0,0,0,1,0,0,0,1,4.82387E+20,5.41772E+21,8.75961E+15,4.89121E+16
30341,30342,8,1,18,76,2016,5,17,2,2,2,6,0,0,0,1,0,0,0,0,5.04634E+20,5.42282E+21,9.0633E+15,4.89583E+16
30342,30343,8,3,27,2,2016,5,9,6,3,2,6,0,0,0,1,0,0,0,0,4.78364E+20,5.32729E+21,8.7094E+15,4.80986E+16
30343,30344,8,3,26,68,2016,5,15,6,2,0,2,0,0,0,0,0,1,0,0,4.49063E+20,5.3192E+21,8.31684E+15,4.8024E+16
30344,30345,8,3,27,18,2016,5,9,3,3,2,6,0,0,0,1,0,0,0,1,4.76819E+20,5.30632E+21,8.68979E+15,4.79098E+16
30345,30346,8,1,26,28,2016,5,9,4,3,5,3,0,0,0,1,0,0,0,1,5.34247E+20,5.46029E+21,9.471E+15,4.92944E+16
30346,30347,8,1,16,49,2016,5,16,3,3,3,3,0,0,1,1,0,0,0,0,5.2383E+20,5.3857E+21,9.32338E+15,4.86239E+16
30347,30348,8,1,28,131,2016,5,16,6,3,5,3,0,0,1,1,0,0,0,0,5.36171E+20,5.51449E+21,9.50244E+15,4.97818E+16
30348,30349,8,2,15,9,2016,5,8,2,3,4,1,1,1,0,1,0,1,0,0,4.70144E+20,5.4417E+21,8.59076E+15,4.91274E+16
30349,30350,8,3,17,34,2016,5,22,1,2,4,6,2,1,0,1,0,0,0,0,4.24852E+20,5.36322E+21,7.98437E+15,4.84177E+16
30350,30351,8,2,26,32,2016,5,13,7,3,3,3,0,0,0,1,0,1,0,0,4.66527E+20,5.46359E+21,8.53937E+15,4.93241E+16
30351,30352,8,4,26,58,2016,5,12,7,2,5,3,0,0,0,1,0,1,0,0,5.59762E+20,5.32117E+21,9.80178E+15,4.8041E+16
30352,30353,8,1,18,79,2016,5,11,6,3,5,3,0,0,0,1,0,0,0,0,5.06724E+20,5.4226E+21,9.09185E+15,4.89563E+16
30353,30354,8,4,15,90,2016,5,13,5,3,0,1,0,0,0,0,0,1,0,0,5.24689E+20,5.35536E+21,9.33324E+15,4.8351E+16
30354,30355,8,1,11,0,2016,6,21,4,3,0,1,0,0,0,0,0,1,0,0,5.15443E+20,5.40519E+21,9.21029E+15,4.87995E+16
30355,30356,8,2,12,0,2016,5,10,3,3,0,2,0,0,1,1,0,0,0,0,4.57902E+20,5.42795E+21,8.4244E+15,4.9003E+16
30356,30357,8,1,16,79,2016,5,13,5,2,4,6,0,0,0,1,0,1,0,0,5.38879E+20,5.37935E+21,9.52699E+15,4.8566E+16
30357,30358,8,4,15,61,2016,5,7,2,3,5,3,0,1,1,1,0,0,0,0,5.15742E+20,5.37244E+21,9.21311E+15,4.85049E+16
30358,30359,8,4,37,104,2016,5,11,1,3,8,1,0,0,0,0,0,1,0,0,5.14142E+20,5.32422E+21,9.18985E+15,4.80711E+16
30359,30360,8,2,37,40,2016,5,14,6,3,5,3,0,0,0,0,0,0,1,1,4.77634E+20,5.36713E+21,8.69749E+15,4.8457E+16
30360,30361,8,1,15,28,2016,5,18,4,3,2,7,0,0,0,1,0,1,0,0,5.01956E+20,5.40266E+21,9.02663E+15,4.87769E+16
30361,30362,8,2,25,9,2016,5,3,1,3,8,1,2,0,0,1,0,0,0,0,5.18431E+20,5.46608E+21,9.25376E+15,4.93472E+16
30362,30363,8,1,36,21,2016,5,17,7,3,2,6,0,1,0,1,0,0,0,0,5.7535E+20,5.40803E+21,1.00265E+16,4.88207E+16
30363,30364,8,3,36,50,2016,5,19,6,3,4,6,0,0,0,1,0,1,0,0,4.03525E+20,5.27407E+21,7.71626E+15,4.76128E+16
30364,30365,8,1,18,73,2016,5,9,4,3,2,6,0,0,0,1,0,0,0,1,4.96642E+20,5.41866E+21,8.95417E+15,4.89208E+16
30365,30366,8,1,19,44,2016,5,15,6,3,8,1,0,0,0,0,0,1,0,0,5.42521E+20,5.42452E+21,9.58102E+15,4.89721E+16
30366,30367,8,2,12,0,2016,5,16,1,2,2,6,0,1,0,1,0,0,0,0,4.56381E+20,5.42664E+21,8.40375E+15,4.89911E+16
30367,30368,8,1,26,66,2016,5,20,7,3,9,1,0,0,0,1,0,0,0,0,5.37154E+20,5.45117E+21,9.51014E+15,4.92122E+16
30368,30369,8,1,16,15,2016,5,12,6,2,6,2,0,0,0,1,1,0,0,0,5.22821E+20,5.39435E+21,9.31016E+15,4.87018E+16
30369,30370,8,3,36,87,2016,5,10,5,2,4,6,0,0,0,1,0,1,0,0,4.22389E+20,5.29113E+21,7.96419E+15,4.77689E+16
30370,30371,8,3,25,61,2016,5,19,5,2,9,1,0,1,0,1,0,0,0,0,4.74617E+20,5.35471E+21,8.65744E+15,4.8345E+16
30371,30372,8,4,37,88,2016,5,11,3,3,8,3,0,0,0,1,0,0,0,0,5.20992E+20,5.30884E+21,9.28104E+15,4.79326E+16
30372,30373,8,1,27,104,2016,5,19,3,2,4,6,0,0,0,1,0,0,0,0,5.83086E+20,5.43684E+21,1.01378E+16,4.90788E+16
30373,30374,8,1,11,0,2016,5,17,5,3,5,2,0,0,0,1,0,1,0,0,5.12672E+20,5.40255E+21,9.17247E+15,4.87758E+16
30374,30375,8,3,15,76,2016,5,19,4,2,7,7,0,0,0,0,0,1,1,0,3.92759E+20,5.30112E+21,7.56638E+15,4.78544E+16
30375,30376,8,2,36,74,2016,5,10,4,3,8,1,0,0,0,0,0,0,0,1,4.73234E+20,5.4186E+21,8.63465E+15,4.89197E+16
30376,30377,8,3,25,53,2016,5,18,2,3,0,7,0,0,1,0,0,0,0,0,4.54647E+20,5.34195E+21,8.38931E+15,4.82291E+16
30377,30378,8,3,26,61,2016,5,23,1,3,8,1,2,1,0,1,0,0,0,0,4.71713E+20,5.32025E+21,8.62053E+15,4.80349E+16
30378,30379,8,1,19,18,2016,5,6,3,2,4,6,0,1,0,1,0,0,0,0,5.29143E+20,5.42001E+21,9.39791E+15,4.89324E+16
30379,30380,8,3,35,22,2016,5,11,7,3,8,7,0,0,1,0,0,0,0,0,4.8277E+20,5.30196E+21,8.7696E+15,4.78707E+16
30380,30381,8,4,36,55,2016,5,16,3,3,5,3,0,0,1,1,0,0,0,0,5.7632E+20,5.29822E+21,1.00198E+16,4.78328E+16
30381,30382,8,3,25,69,2016,5,6,3,3,3,1,0,1,0,1,0,0,1,0,4.68361E+20,5.33604E+21,8.5744E+15,4.81768E+16
30382,30383,8,2,36,25,2016,5,22,1,3,9,1,2,1,0,1,0,0,0,0,4.90989E+20,5.40819E+21,8.87722E+15,4.88266E+16
30383,30384,8,3,11,0,2016,5,13,2,2,1,5,0,1,0,1,0,0,0,0,4.18437E+20,5.31534E+21,7.90688E+15,4.79861E+16
30384,30385,8,1,27,104,2016,5,14,7,3,5,3,0,0,0,1,0,0,0,0,5.82046E+20,5.43716E+21,1.01236E+16,4.90818E+16
30385,30386,8,1,16,56,2016,5,18,7,3,4,2,0,0,0,1,0,0,0,0,5.3272E+20,5.39458E+21,9.44471E+15,4.87034E+16
30386,30387,8,4,15,50,2016,5,11,2,3,5,3,0,1,0,1,0,0,0,0,5.20397E+20,5.37524E+21,9.27628E+15,4.85299E+16
30387,30388,8,1,27,76,2016,5,15,2,3,2,6,0,0,0,1,0,0,1,0,5.5184E+20,5.43962E+21,9.71029E+15,4.91073E+16
30388,30389,8,3,37,126,2016,5,19,6,3,0,7,0,0,1,0,0,0,0,0,4.44611E+20,5.27476E+21,8.26281E+15,4.76239E+16
30389,30390,8,4,15,14,2016,5,15,2,3,2,6,0,1,0,1,0,0,0,0,5.27015E+20,5.37295E+21,9.36576E+15,4.85091E+16
30390,30391,8,1,36,88,2016,5,16,2,3,2,2,0,0,0,1,0,0,0,0,5.81358E+20,5.40916E+21,1.01086E+16,4.88301E+16
30391,30392,8,4,36,9,2016,5,20,5,3,5,3,0,0,0,1,0,1,0,0,5.56864E+20,5.30926E+21,9.76133E+15,4.79341E+16
30392,30393,8,3,35,2,2016,5,4,5,2,8,1,1,0,0,0,0,1,0,0,5.02851E+20,5.28612E+21,9.03802E+15,4.77285E+16
30393,30394,8,4,36,10,2016,5,10,6,3,5,3,0,0,0,1,0,0,0,0,5.67093E+20,5.30557E+21,9.8977E+15,4.79E+16
30394,30395,8,2,22,0,2016,5,15,5,3,5,3,0,0,1,1,0,0,0,0,4.68124E+20,5.4791E+21,8.5601E+15,4.94637E+16
30395,30396,8,4,36,39,2016,5,5,3,3,9,1,1,0,0,1,0,0,0,0,5.50934E+20,5.28772E+21,9.6794E+15,4.77408E+16
30396,30397,8,1,27,86,2016,5,5,3,3,4,6,0,0,0,1,0,0,1,0,5.53446E+20,5.44411E+21,9.73288E+15,4.91475E+16
30397,30398,8,3,26,60,2016,5,16,4,3,8,1,0,0,0,1,0,0,0,0,4.44497E+20,5.33123E+21,8.25404E+15,4.81319E+16
30398,30399,8,2,25,74,2016,5,17,4,3,2,6,0,0,1,1,0,0,0,0,5.06715E+20,5.46667E+21,9.09246E+15,4.93527E+16
30399,30400,8,3,17,96,2016,5,11,2,2,2,6,0,1,0,1,0,0,0,0,4.19471E+20,5.37349E+21,7.90967E+15,4.85094E+16
30400,30401,8,4,17,2,2016,5,20,1,3,5,3,1,1,0,1,0,0,0,0,4.88658E+20,5.34546E+21,8.84717E+15,4.82623E+16
30401,30402,8,1,18,11,2016,5,15,3,3,3,6,0,0,0,1,0,0,1,0,5.06066E+20,5.40825E+21,9.08264E+15,4.88272E+16
30402,30403,8,3,17,57,2016,5,12,7,3,5,3,0,0,0,1,0,0,0,0,4.14035E+20,5.37776E+21,7.8352E+15,4.85471E+16
30403,30404,8,1,27,52,2016,5,14,7,3,0,1,0,1,0,0,0,1,0,0,5.40344E+20,5.43718E+21,9.55254E+15,4.90862E+16
30404,30405,8,3,17,57,2016,5,6,3,3,0,1,0,1,0,0,0,1,0,0,4.12229E+20,5.38148E+21,7.80995E+15,4.85802E+16
30405,30406,8,1,27,86,2016,5,10,1,3,8,1,0,0,0,0,0,0,1,0,5.52664E+20,5.4489E+21,9.72278E+15,4.91906E+16
30406,30407,8,2,26,85,2016,5,7,2,3,2,6,0,1,0,0,0,0,1,0,4.88016E+20,5.45598E+21,8.83531E+15,4.92565E+16
30407,30408,8,1,11,0,2016,5,20,7,3,2,6,0,0,0,1,0,0,0,0,5.12987E+20,5.40646E+21,9.17688E+15,4.8811E+16
30408,30409,8,4,15,50,2016,5,19,2,3,8,1,0,1,0,1,0,0,0,0,5.1903E+20,5.37484E+21,9.25774E+15,4.85264E+16
30409,30410,8,3,15,74,2016,5,15,3,3,5,3,0,0,0,1,0,0,0,0,3.9674E+20,5.29795E+21,7.62033E+15,4.78266E+16
30410,30411,8,1,21,0,2016,5,12,2,3,5,3,0,1,0,1,0,0,1,0,5.15371E+20,5.44633E+21,9.21088E+15,4.91696E+16
30411,30412,8,3,35,79,2016,5,17,6,3,2,6,0,0,0,1,0,0,0,0,5.0041E+20,5.29972E+21,9.00548E+15,4.78508E+16
30412,30413,8,3,25,1,2016,5,17,6,3,2,6,0,0,0,0,0,1,0,0,4.56461E+20,5.34453E+21,8.41346E+15,4.82525E+16
30413,30414,8,1,27,23,2016,5,15,5,3,4,6,0,0,0,1,0,1,0,0,5.51642E+20,5.42593E+21,9.70582E+15,4.89841E+16
30414,30415,8,4,15,89,2016,5,15,3,3,8,1,0,0,0,0,0,1,0,0,5.20476E+20,5.35828E+21,9.27651E+15,4.83774E+16
30415,30416,8,1,15,28,2016,5,13,3,3,2,6,0,0,0,1,0,0,0,0,5.00232E+20,5.40342E+21,9.00316E+15,4.87837E+16
30416,30417,8,1,36,89,2016,5,14,6,3,2,6,0,0,1,1,0,0,0,0,5.84071E+20,5.41807E+21,1.01474E+16,4.89099E+16
30417,30418,8,2,25,58,2016,5,12,2,3,5,3,0,0,0,1,0,0,0,0,5.10436E+20,5.46659E+21,9.14369E+15,4.9352E+16
30418,30419,8,2,26,40,2016,5,13,7,3,9,1,0,0,0,0,0,1,0,0,4.74639E+20,5.4964E+21,8.64889E+15,4.96197E+16
30419,30420,8,2,16,17,2016,5,14,5,2,8,1,0,0,0,0,0,1,0,0,4.52933E+20,5.39883E+21,8.35982E+15,4.87407E+16
30420,30421,8,4,25,33,2016,5,18,3,3,5,3,0,0,0,1,0,0,0,0,5.55689E+20,5.34801E+21,9.75066E+15,4.82828E+16
30421,30422,8,1,19,91,2016,5,19,3,3,4,1,0,0,0,1,0,1,0,0,5.30944E+20,5.40122E+21,9.42108E+15,4.87633E+16
30422,30423,8,3,36,91,2016,5,14,4,3,3,5,0,0,1,1,0,0,0,0,3.94476E+20,5.27176E+21,7.59644E+15,4.75907E+16
30423,30424,8,1,36,75,2016,5,6,4,3,9,1,0,1,0,1,0,0,0,0,5.96575E+20,5.41963E+21,1.03183E+16,4.89221E+16
30424,30425,8,2,26,98,2016,5,11,6,2,6,7,0,0,0,0,1,0,1,0,4.78904E+20,5.46062E+21,8.70984E+15,4.9298E+16
30425,30426,8,2,35,33,2016,5,12,2,3,4,6,0,1,0,0,0,0,1,0,4.61503E+20,5.40744E+21,8.47557E+15,4.88187E+16
30426,30427,8,1,17,24,2016,5,21,3,3,0,1,2,0,1,0,0,0,0,0,5.60753E+20,5.38588E+21,9.82441E+15,4.86231E+16
30427,30428,8,3,11,0,2016,5,22,7,3,0,1,2,0,1,0,0,0,0,0,4.04437E+20,5.31744E+21,7.71883E+15,4.80031E+16
30428,30429,8,1,19,20,2016,5,14,7,2,0,1,0,0,0,0,0,1,0,0,5.20015E+20,5.4052E+21,9.27256E+15,4.87995E+16
30429,30430,8,2,36,40,2016,5,17,3,3,2,6,0,1,0,1,0,0,0,0,4.89004E+20,5.42157E+21,8.84983E+15,4.89469E+16
30430,30431,8,1,16,72,2016,5,14,1,3,5,3,0,0,0,1,0,0,0,0,5.30183E+20,5.39371E+21,9.41017E+15,4.86957E+16
30431,30432,8,2,36,72,2016,5,6,3,3,5,3,0,0,0,1,0,1,0,0,4.66499E+20,5.41051E+21,8.54338E+15,4.88466E+16
30432,30433,8,1,27,52,2016,5,12,5,2,4,1,0,0,0,1,0,1,0,0,5.3894E+20,5.43477E+21,9.53307E+15,4.90646E+16
30433,30434,8,1,15,2,2016,5,11,3,3,5,3,0,0,0,1,0,0,0,0,4.9925E+20,5.38611E+21,8.98982E+15,4.8628E+16
30434,30435,8,1,16,49,2016,5,17,2,3,2,6,0,0,0,1,0,0,0,0,5.23478E+20,5.38542E+21,9.31859E+15,4.86214E+16
30435,30436,8,3,26,27,2016,5,1,6,3,0,7,2,0,0,1,0,0,0,0,4.63643E+20,5.30483E+21,8.51359E+15,4.78958E+16
30436,30437,8,3,17,113,2016,5,12,6,2,0,6,0,0,0,1,0,0,1,1,4.07716E+20,5.34429E+21,7.75697E+15,4.82451E+16
30437,30438,8,3,17,57,2016,5,7,3,3,5,3,0,0,0,1,0,0,0,0,4.15817E+20,5.37995E+21,7.8589E+15,4.8567E+16
30438,30439,8,1,25,102,2016,5,12,4,3,8,1,0,0,0,1,0,0,0,0,5.246E+20,5.44544E+21,9.33742E+15,4.91612E+16
30439,30440,8,1,27,14,2016,5,12,6,3,5,3,0,0,1,0,0,1,0,0,5.78405E+20,5.44278E+21,1.00748E+16,4.91328E+16
30440,30441,8,2,15,109,2016,5,17,2,3,5,3,0,0,0,1,0,0,0,0,4.64572E+20,5.44057E+21,8.5145E+15,4.9117E+16
30441,30442,8,2,15,96,2016,5,14,1,2,2,6,0,0,0,1,0,0,0,0,4.6523E+20,5.42057E+21,8.52523E+15,4.8937E+16
30442,30443,8,2,12,0,2016,5,13,7,3,0,7,0,0,0,0,0,0,0,1,4.53209E+20,5.42721E+21,8.36032E+15,4.89961E+16
30443,30444,8,4,15,50,2016,5,12,7,3,5,2,0,0,0,1,0,1,0,0,5.20996E+20,5.376E+21,9.28443E+15,4.85368E+16
30444,30445,8,1,16,14,2016,5,11,6,3,2,6,0,0,0,1,0,0,0,0,5.28112E+20,5.39597E+21,9.38218E+15,4.87161E+16
30445,30446,8,3,37,65,2016,5,16,5,3,5,3,0,0,0,1,0,0,0,0,4.50195E+20,5.27601E+21,8.33699E+15,4.76356E+16
30446,30447,8,1,11,0,2016,6,17,4,3,8,7,0,0,1,0,0,0,0,0,5.15802E+20,5.40521E+21,9.21518E+15,4.87997E+16
30447,30448,8,1,15,28,2016,5,16,3,3,2,6,0,0,0,1,0,0,0,0,5.01197E+20,5.40296E+21,9.01629E+15,4.87797E+16
30448,30449,8,4,35,16,2016,5,10,7,3,6,4,0,0,1,0,1,0,0,0,5.36354E+20,5.27781E+21,9.4841E+15,4.76526E+16
30449,30450,8,1,18,71,2016,5,10,6,2,5,3,0,0,0,1,0,0,0,1,5.09235E+20,5.4187E+21,9.12606E+15,4.89211E+16
30450,30451,8,4,17,79,2016,5,13,5,3,4,1,0,0,0,1,0,1,0,0,4.97372E+20,5.34796E+21,8.96457E+15,4.82848E+16
30451,30452,8,1,11,0,2016,6,17,4,2,2,6,0,0,0,1,0,1,0,0,5.16227E+20,5.39862E+21,9.22071E+15,4.87404E+16
30452,30453,8,2,21,0,2016,5,8,3,3,3,2,0,0,1,0,0,0,0,1,4.76598E+20,5.47242E+21,8.67743E+15,4.9404E+16
30453,30454,8,1,19,20,2016,5,15,5,2,5,2,0,0,1,1,0,0,0,0,5.1979E+20,5.40648E+21,9.26955E+15,4.8811E+16
30454,30455,8,4,36,64,2016,5,13,2,3,2,6,0,0,0,1,0,0,0,1,5.45701E+20,5.29257E+21,9.61011E+15,4.77848E+16
30455,30456,8,1,15,28,2016,5,10,2,3,0,7,0,0,0,1,0,1,0,0,5.00841E+20,5.40484E+21,9.01146E+15,4.87966E+16
30456,30457,8,2,15,46,2016,5,11,6,2,9,1,0,0,0,1,0,0,0,0,4.54394E+20,5.41147E+21,8.37828E+15,4.88545E+16
30457,30458,8,1,18,79,2016,5,16,4,3,1,6,0,0,0,1,0,0,0,0,5.09306E+20,5.4232E+21,9.12714E+15,4.89616E+16
30458,30459,8,1,19,69,2016,5,17,6,2,4,6,0,0,0,0,0,1,0,0,5.32739E+20,5.43465E+21,9.44818E+15,4.90639E+16
30459,30460,8,2,36,44,2016,5,22,1,3,4,6,2,1,0,1,0,0,0,0,4.8177E+20,5.40632E+21,8.7517E+15,4.88096E+16
30460,30461,8,1,15,53,2016,5,16,7,3,4,2,0,0,0,1,0,0,0,1,4.83665E+20,5.37991E+21,8.77856E+15,4.85721E+16
30461,30462,8,4,15,61,2016,5,17,2,3,2,6,0,1,0,1,0,0,0,0,5.1563E+20,5.37143E+21,9.21156E+15,4.84958E+16
30462,30463,8,1,11,0,2016,5,4,6,3,5,2,2,0,0,1,0,0,0,0,5.14776E+20,5.40305E+21,9.20114E+15,4.87803E+16
30463,30464,8,3,35,66,2016,5,14,5,3,4,6,0,0,1,0,0,0,0,0,5.09032E+20,5.28163E+21,9.12036E+15,4.7688E+16
30464,30465,8,3,36,81,2016,5,11,5,1,4,6,0,0,0,0,0,1,0,0,4.15361E+20,5.27957E+21,7.87265E+15,4.76639E+16
30465,30466,8,4,36,64,2016,5,13,3,2,9,7,0,0,0,1,0,0,0,0,5.47937E+20,5.28584E+21,9.63923E+15,4.77241E+16
30466,30467,8,1,27,99,2016,5,7,3,3,4,2,0,0,0,1,0,0,0,0,5.62526E+20,5.44655E+21,9.85776E+15,4.91686E+16
30467,30468,8,4,36,4,2016,5,13,4,3,2,6,0,0,0,1,0,0,0,1,5.81102E+20,5.30864E+21,1.00857E+16,4.79259E+16
30468,30469,8,3,37,2,2016,5,14,4,3,0,7,0,0,0,0,0,1,0,0,4.3456E+20,5.27433E+21,8.12912E+15,4.76191E+16
30469,30470,8,2,26,82,2016,5,9,4,3,5,3,0,0,1,1,0,0,0,0,4.75503E+20,5.48041E+21,8.66184E+15,4.94759E+16
30470,30471,8,3,25,64,2016,5,7,2,3,2,6,0,1,0,1,0,0,0,0,4.77977E+20,5.33274E+21,8.70393E+15,4.81476E+16
30471,30472,8,3,37,97,2016,5,20,1,3,9,1,1,1,0,1,0,0,0,0,4.3651E+20,5.28946E+21,8.15287E+15,4.77554E+16
30472,30473,8,1,16,47,2016,5,16,3,3,2,6,0,1,0,1,0,0,0,0,5.1947E+20,5.39323E+21,9.26456E+15,4.86918E+16
30473,30474,8,3,26,41,2016,5,19,7,3,8,6,0,0,0,0,0,1,0,1,4.62441E+20,5.33344E+21,8.495E+15,4.81531E+16
30474,30475,8,4,35,36,2016,5,18,3,3,8,1,0,0,1,0,0,0,0,0,5.19946E+20,5.28249E+21,9.26583E+15,4.76955E+16
30475,30476,8,1,25,27,2016,5,18,3,3,2,6,0,0,0,1,0,0,0,1,5.19261E+20,5.44598E+21,9.26421E+15,4.91664E+16
30476,30477,8,1,15,51,2016,5,14,5,3,2,6,0,0,0,1,0,1,0,0,5.02946E+20,5.38414E+21,9.03996E+15,4.86103E+16
30477,30478,8,4,37,78,2016,5,18,4,2,5,3,0,0,0,0,0,1,0,1,5.08006E+20,5.31861E+21,9.10736E+15,4.80207E+16
30478,30479,8,2,15,97,2016,5,14,4,3,4,6,0,0,0,1,0,0,0,1,4.84316E+20,5.44415E+21,8.78493E+15,4.91499E+16
30479,30480,8,2,37,27,2016,5,14,2,3,2,6,0,0,0,1,0,0,0,0,4.85068E+20,5.36955E+21,8.79794E+15,4.84789E+16
30480,30481,8,4,26,66,2016,5,18,1,3,8,1,0,1,0,1,0,0,0,0,5.82411E+20,5.3257E+21,1.01065E+16,4.80792E+16
30481,30482,8,2,35,85,2016,5,13,6,3,0,1,0,0,1,0,0,0,0,0,4.8043E+20,5.3962E+21,8.73394E+15,4.87186E+16
30482,30483,8,1,15,3,2016,5,23,4,2,5,3,2,0,0,1,0,0,0,0,4.97554E+20,5.39282E+21,8.96676E+15,4.86884E+16
30483,30484,8,4,25,31,2016,5,22,1,3,8,1,2,1,0,1,0,0,0,0,5.70889E+20,5.36745E+21,9.9588E+15,4.84562E+16
30484,30485,8,1,35,16,2016,5,10,7,3,4,6,0,0,0,1,0,0,0,0,5.91596E+20,5.38626E+21,1.0243E+16,4.86227E+16
30485,30486,8,3,37,30,2016,5,13,2,2,4,6,0,1,0,0,0,0,1,0,4.6204E+20,5.27545E+21,8.49471E+15,4.76314E+16
30486,30487,8,1,36,2,2016,5,12,2,2,5,3,0,0,0,1,0,0,1,0,5.74253E+20,5.41629E+21,1.00131E+16,4.88951E+16
30487,30488,8,4,36,94,2016,5,12,5,3,2,6,0,0,0,0,0,1,0,0,5.7467E+20,5.28406E+21,9.99536E+15,4.77056E+16
30488,30489,8,4,37,100,2016,5,19,6,3,5,3,0,0,0,1,0,1,0,0,5.36853E+20,5.31862E+21,9.49423E+15,4.80198E+16
30489,30490,8,2,21,0,2016,5,17,5,3,2,6,0,0,0,1,0,1,0,0,4.78107E+20,5.47333E+21,8.69819E+15,4.94123E+16
30490,30491,8,4,35,16,2016,5,7,3,3,0,7,0,1,0,0,0,1,0,1,5.36945E+20,5.27832E+21,9.49203E+15,4.76572E+16
30491,30492,8,1,26,46,2016,5,7,3,3,3,6,0,0,0,1,0,0,0,0,5.58481E+20,5.45757E+21,9.80388E+15,4.92681E+16
30492,30493,8,3,25,53,2016,5,19,4,2,8,1,0,0,0,0,0,1,0,0,4.54247E+20,5.33892E+21,8.38424E+15,4.82018E+16
30493,30494,8,2,12,0,2016,5,20,4,2,5,3,1,0,0,1,0,1,0,0,4.54028E+20,5.42664E+21,8.37158E+15,4.8991E+16
30494,30495,8,3,36,84,2016,5,7,2,2,5,3,0,1,0,1,0,0,0,0,4.03248E+20,5.27687E+21,7.71195E+15,4.7638E+16