FID,OBJECTID,ULAND,UREGBEZ,UKREIS,UGEMEINDE,UJAHR,UMONAT,USTUNDE,UWOCHENTAG,UKATEGORIE,UART,UTYP1,ULICHTVERH,IstStrasse,IstRad,IstPKW,IstFuss,IstKrad,IstGkfz,IstSonstig,LINREFX,LINREFY,XGCSWGS84,YGCSWGS84
30676,30677,8,1,27,14,2016,6,6,1,3,4,6,0,1,0,1,0,0,0,0,5.77278E+20,5.44262E+21,1.00593E+16,4.91315E+16
30677,30678,8,4,37,124,2016,6,12,7,3,3,6,0,0,0,1,0,0,0,0,5.16852E+20,5.30123E+21,9.22532E+15,4.78642E+16
30678,30679,8,1,21,0,2016,6,17,3,3,5,3,0,0,0,1,0,0,0,0,5.11634E+20,5.44306E+21,9.15951E+15,4.91403E+16
30679,30680,8,3,15,16,2016,6,22,6,3,8,1,2,1,0,1,0,0,0,0,4.31321E+20,5.307E+21,8.08086E+15,4.79126E+16
30680,30681,8,4,15,78,2016,6,15,7,3,2,6,0,0,0,1,0,0,0,0,5.27028E+20,5.37294E+21,9.36594E+15,4.8509E+16
30681,30682,8,1,28,115,2016,6,20,6,3,6,4,0,0,0,1,1,0,0,0,5.48082E+20,5.49696E+21,9.66573E+15,4.96233E+16
30682,30683,8,2,26,85,2016,6,13,4,2,8,7,0,0,0,1,0,0,0,0,4.88718E+20,5.45061E+21,8.8451E+15,4.92082E+16
30683,30684,8,4,36,96,2016,6,18,3,2,4,2,0,0,1,1,0,0,0,0,5.38941E+20,5.30084E+21,9.52062E+15,4.78597E+16
30684,30685,8,3,11,0,2016,6,17,5,3,5,3,0,0,0,1,0,0,1,0,4.1336E+20,5.31608E+21,7.8387E+15,4.79922E+16
30685,30686,8,4,25,8,2016,6,17,5,3,5,3,0,0,0,1,0,0,0,0,5.63862E+20,5.38156E+21,9.86593E+15,4.85839E+16
30686,30687,8,2,12,0,2016,6,19,3,3,0,1,0,0,0,1,0,0,0,0,4.54674E+20,5.42687E+21,8.38039E+15,4.8993E+16
30687,30688,8,4,25,33,2016,6,20,2,3,5,3,0,0,0,1,0,0,0,1,5.5309E+20,5.34876E+21,9.71573E+15,4.82898E+16
30688,30689,8,4,15,60,2016,6,19,4,3,1,6,0,0,0,1,0,0,0,0,5.16215E+20,5.37913E+21,9.21979E+15,4.8565E+16
30689,30690,8,1,16,49,2016,6,8,2,3,1,6,0,0,0,1,0,0,0,0,5.25782E+20,5.38407E+21,9.34976E+15,4.86092E+16
30690,30691,8,3,16,14,2016,6,7,4,3,8,1,0,0,0,1,0,0,0,0,4.25844E+20,5.33133E+21,8.00336E+15,4.81309E+16
30691,30692,8,2,26,13,2016,6,17,2,2,8,1,0,0,1,0,0,0,0,0,5.03594E+20,5.48176E+21,9.04962E+15,4.94885E+16
30692,30693,8,2,16,24,2016,6,20,4,3,2,6,1,1,0,1,0,0,0,0,4.48061E+20,5.40776E+21,8.29243E+15,4.88206E+16
30693,30694,8,3,16,55,2016,6,15,4,3,2,6,0,0,0,1,0,0,0,0,4.27005E+20,5.33245E+21,8.01877E+15,4.81411E+16
30694,30695,8,4,16,41,2016,6,16,7,3,8,7,0,0,0,1,0,0,0,0,5.07866E+20,5.38195E+21,9.10667E+15,4.85906E+16
30695,30696,8,1,35,32,2016,6,9,4,2,2,1,0,1,0,0,0,1,0,1,5.78597E+20,5.39199E+21,1.00677E+16,4.8676E+16
30696,30697,8,1,15,13,2016,6,7,3,3,0,3,0,0,0,1,0,0,0,0,4.94672E+20,5.39199E+21,8.92762E+15,4.86809E+16
30697,30698,8,3,17,40,2016,6,14,7,3,2,6,0,0,0,1,0,0,0,0,4.31818E+20,5.34787E+21,8.08098E+15,4.82804E+16
30698,30699,8,2,16,49,2016,6,14,7,3,3,6,0,0,0,1,0,0,0,0,4.36255E+20,5.40078E+21,8.1327E+15,4.87568E+16
30699,30700,8,1,18,79,2016,6,8,6,3,2,6,0,0,0,1,0,0,0,1,5.1025E+20,5.42066E+21,9.13996E+15,4.89388E+16
30700,30701,8,1,16,71,2016,6,19,4,2,9,1,0,1,0,1,0,0,1,0,5.27452E+20,5.39009E+21,9.37282E+15,4.86633E+16
30701,30702,8,3,25,49,2016,6,10,3,3,2,6,0,0,0,1,0,0,1,0,4.68056E+20,5.33183E+21,8.57062E+15,4.81389E+16
30702,30703,8,1,18,79,2016,6,14,3,3,2,6,0,0,0,1,0,1,0,0,5.09996E+20,5.42194E+21,9.13653E+15,4.89503E+16
30703,30704,8,3,36,91,2016,6,20,7,3,8,1,1,0,0,0,0,1,0,0,3.95064E+20,5.27175E+21,7.60426E+15,4.75906E+16
30704,30705,8,1,21,0,2016,6,12,6,3,5,2,0,0,0,1,0,0,0,1,5.15651E+20,5.44196E+21,9.21454E+15,4.91303E+16
30705,30706,8,2,22,0,2016,6,16,4,2,1,6,0,0,0,1,0,1,0,0,4.62081E+20,5.48032E+21,8.47659E+15,4.94744E+16
30706,30707,8,4,26,38,2016,6,17,3,3,4,6,0,0,0,1,0,0,0,0,5.59299E+20,5.31213E+21,9.79432E+15,4.79598E+16
30707,30708,8,2,31,0,2016,6,18,5,3,5,2,0,0,0,1,0,0,0,0,4.7976E+20,5.41788E+21,8.72376E+15,4.89135E+16
30708,30709,8,1,25,24,2016,6,17,5,3,5,3,0,0,1,1,0,0,0,0,5.23243E+20,5.44406E+21,9.31873E+15,4.91489E+16
30709,30710,8,1,17,26,2016,6,6,7,2,9,1,0,1,0,1,0,0,0,0,5.54834E+20,5.40032E+21,9.74602E+15,4.87535E+16
30710,30711,8,1,17,58,2016,6,17,3,2,5,2,0,0,0,1,0,0,0,0,5.4705E+20,5.37779E+21,9.63755E+15,4.85514E+16
30711,30712,8,4,15,80,2016,6,9,4,3,5,3,0,0,0,1,0,1,0,0,5.11712E+20,5.3732E+21,9.15859E+15,4.85118E+16
30712,30713,8,4,37,65,2016,6,17,1,3,2,2,0,0,0,1,0,0,0,0,5.1837E+20,5.3184E+21,9.24635E+15,4.80186E+16
30713,30714,8,3,16,55,2016,6,19,4,3,5,3,0,0,1,0,0,0,0,1,4.2761E+20,5.333E+21,8.0268E+15,4.81461E+16
30714,30715,8,2,12,0,2016,6,18,2,3,2,6,0,0,0,1,0,0,0,0,4.55566E+20,5.42824E+21,8.39243E+15,4.90054E+16
30715,30716,8,2,22,0,2016,6,7,6,3,3,6,0,0,0,1,0,0,1,0,4.67087E+20,5.48111E+21,8.54562E+15,4.94818E+16
30716,30717,8,4,16,15,2016,6,14,4,3,5,3,0,0,0,1,0,0,0,0,5.07019E+20,5.36647E+21,9.09493E+15,4.84513E+16
30717,30718,8,1,26,66,2016,6,10,4,2,5,3,0,0,1,1,0,0,0,0,5.3711E+20,5.44994E+21,9.50942E+15,4.92011E+16
30718,30719,8,1,16,49,2016,6,11,6,3,6,7,0,0,0,1,1,0,0,0,5.2521E+20,5.38619E+21,9.34214E+15,4.86283E+16
30719,30720,8,3,17,89,2016,6,13,3,3,8,1,0,0,1,0,0,0,0,0,4.32621E+20,5.37534E+21,8.0874E+15,4.85275E+16
30720,30721,8,1,15,50,2016,6,17,3,3,5,3,0,0,0,1,0,0,0,0,4.90266E+20,5.39972E+21,8.86758E+15,4.87504E+16
30721,30722,8,2,12,0,2016,6,21,7,2,5,3,2,1,0,1,0,0,0,0,4.55375E+20,5.42973E+21,8.38965E+15,4.90188E+16
30722,30723,8,2,22,0,2016,6,9,7,3,2,6,0,1,0,1,0,0,0,0,4.62049E+20,5.48166E+21,8.47602E+15,4.94864E+16
30723,30724,8,1,35,16,2016,6,18,4,3,2,6,0,0,0,1,0,0,0,0,5.90243E+20,5.39006E+21,1.02254E+16,4.86571E+16
30724,30725,8,1,18,67,2016,6,0,5,3,4,7,2,0,0,1,0,0,1,0,5.05564E+20,5.41416E+21,9.0759E+15,4.88804E+16
30725,30726,8,4,15,61,2016,6,13,6,3,2,6,0,1,0,1,0,0,0,0,5.15641E+20,5.37145E+21,9.21171E+15,4.8496E+16
30726,30727,8,1,27,46,2016,6,7,3,3,2,6,0,0,0,0,0,0,1,0,5.70902E+20,5.44751E+21,9.97281E+15,4.91763E+16
30727,30728,8,3,36,14,2016,6,15,2,3,5,3,0,0,1,0,0,0,0,1,3.92554E+20,5.27928E+21,7.56904E+15,4.7658E+16
30728,30729,8,3,25,49,2016,6,16,1,3,0,7,0,0,0,1,0,0,0,0,4.72939E+20,5.33648E+21,8.63595E+15,4.8181E+16
30729,30730,8,2,15,107,2016,6,16,1,3,0,7,0,0,1,0,0,0,0,0,4.61664E+20,5.45809E+21,8.47297E+15,4.92744E+16
30730,30731,8,4,36,64,2016,6,6,6,3,2,2,0,0,0,1,0,0,0,0,5.43405E+20,5.28925E+21,9.57913E+15,4.77551E+16
30731,30732,8,1,35,19,2016,6,5,3,2,2,6,0,0,0,0,0,0,1,1,5.88308E+20,5.39789E+21,1.02008E+16,4.87278E+16
30732,30733,8,3,25,57,2016,6,0,1,3,8,1,2,1,0,1,0,0,0,0,4.78332E+20,5.35825E+21,8.70739E+15,4.83771E+16
30733,30734,8,4,15,61,2016,6,10,4,2,6,4,0,0,0,1,1,0,0,0,5.14845E+20,5.37378E+21,9.20103E+15,4.85169E+16
30734,30735,8,1,36,34,2016,6,12,2,2,4,6,0,0,0,1,0,0,0,1,5.65081E+20,5.40786E+21,9.88661E+15,4.88203E+16
30735,30736,8,3,26,74,2016,6,13,6,3,0,7,0,0,0,0,0,0,0,1,4.59711E+20,5.32334E+21,8.45924E+15,4.80621E+16
30736,30737,8,2,35,6,2016,6,7,6,3,8,1,0,0,0,1,0,0,0,0,4.69043E+20,5.37799E+21,8.58049E+15,4.85543E+16
30737,30738,8,3,17,31,2016,6,13,4,3,1,6,0,0,0,1,0,0,0,0,4.16151E+20,5.3578E+21,7.86787E+15,4.83678E+16
30738,30739,8,1,15,48,2016,6,11,4,1,4,1,0,0,0,1,0,0,1,0,5.09799E+20,5.38778E+21,9.13303E+15,4.8643E+16
30739,30740,8,4,37,88,2016,6,8,5,3,5,2,0,0,0,1,0,0,1,0,5.17215E+20,5.3142E+21,9.2307E+15,4.79809E+16
30740,30741,8,2,26,95,2016,6,17,3,2,2,6,0,0,0,1,0,0,0,0,4.73081E+20,5.46274E+21,8.62961E+15,4.93168E+16
30741,30742,8,1,11,0,2016,6,7,3,3,2,2,0,0,0,1,0,0,0,0,5.16966E+20,5.40987E+21,9.23123E+15,4.88416E+16
30742,30743,8,4,16,36,2016,6,16,7,3,3,6,0,0,0,1,0,0,0,0,4.91945E+20,5.37556E+21,8.89089E+15,4.85331E+16
30743,30744,8,1,15,42,2016,6,18,5,3,4,1,0,0,0,1,0,0,0,0,4.97183E+20,5.40582E+21,8.96164E+15,4.88053E+16
30744,30745,8,3,15,6,2016,6,13,2,2,2,2,0,0,0,1,0,1,0,0,4.00898E+20,5.30839E+21,7.67349E+15,4.79211E+16
30745,30746,8,2,12,0,2016,6,20,1,3,2,6,1,0,0,1,0,0,0,0,4.56639E+20,5.42825E+21,8.4071E+15,4.90056E+16
30746,30747,8,1,15,29,2016,6,13,1,3,2,6,0,1,0,1,0,0,0,0,5.02527E+20,5.39949E+21,9.03438E+15,4.87484E+16
30747,30748,8,1,15,21,2016,6,17,1,3,4,2,0,0,0,1,0,0,0,0,4.91533E+20,5.38149E+21,8.88518E+15,4.85864E+16
30748,30749,8,1,26,45,2016,6,13,3,3,2,6,0,0,0,1,0,0,0,0,5.48887E+20,5.47078E+21,9.67363E+15,4.93877E+16
30749,30750,8,3,17,5,2016,6,17,6,3,2,6,0,0,0,1,0,0,0,0,4.24722E+20,5.37682E+21,7.98015E+15,4.854E+16
30750,30751,8,2,25,58,2016,6,13,6,3,9,7,0,1,0,1,0,0,0,0,5.07487E+20,5.46675E+21,9.10309E+15,4.93534E+16
30751,30752,8,4,25,79,2016,6,23,6,3,9,1,2,0,0,1,0,0,0,0,5.5385E+20,5.3749E+21,9.72932E+15,4.85249E+16
30752,30753,8,2,35,46,2016,6,4,4,3,5,3,1,1,0,1,0,0,0,0,4.79636E+20,5.37796E+21,8.72403E+15,4.85544E+16
30753,30754,8,4,37,86,2016,6,7,3,3,2,6,0,0,0,1,0,0,0,0,5.33014E+20,5.31403E+21,9.44239E+15,4.79787E+16
30754,30755,8,3,37,65,2016,6,17,5,3,8,7,0,0,0,1,0,0,0,0,4.4883E+20,5.27517E+21,8.31892E+15,4.76279E+16
30755,30756,8,3,17,1,2016,6,15,5,2,2,6,0,0,0,1,0,0,0,0,4.31081E+20,5.3834E+21,8.0652E+15,4.85999E+16
30756,30757,8,2,15,109,2016,6,16,5,3,2,6,0,0,0,1,0,0,0,1,4.61907E+20,5.44032E+21,8.47799E+15,4.91145E+16
30757,30758,8,2,15,17,2016,6,18,3,2,7,7,0,0,1,0,0,0,0,0,4.54822E+20,5.41909E+21,8.38328E+15,4.89231E+16
30758,30759,8,4,17,10,2016,6,16,6,2,4,6,0,1,0,1,0,0,0,0,5.05901E+20,5.34388E+21,9.07949E+15,4.82481E+16
30759,30760,8,2,26,96,2016,6,16,6,3,0,4,0,0,0,1,1,0,0,0,4.7611E+20,5.48962E+21,8.66967E+15,4.95587E+16
30760,30761,8,3,11,0,2016,6,8,4,3,3,6,0,1,0,1,0,0,1,0,4.09269E+20,5.31969E+21,7.78312E+15,4.8024E+16
30761,30762,8,1,16,68,2016,6,18,4,3,2,6,0,1,0,1,0,0,0,0,5.26133E+20,5.39086E+21,9.35496E+15,4.86702E+16
30762,30763,8,4,17,2,2016,6,19,5,3,9,1,0,0,0,1,0,0,0,0,4.89733E+20,5.34801E+21,8.8616E+15,4.82852E+16
30763,30764,8,3,36,81,2016,6,7,5,3,2,6,0,1,0,1,0,0,0,1,4.02693E+20,5.27714E+21,7.70451E+15,4.76403E+16
30764,30765,8,2,25,58,2016,6,17,5,3,2,6,0,0,0,1,0,0,0,0,5.07204E+20,5.46475E+21,9.09915E+15,4.93354E+16
30765,30766,8,2,37,28,2016,6,10,3,3,5,3,0,0,0,1,0,0,0,0,4.55695E+20,5.36696E+21,8.40078E+15,4.84542E+16
30766,30767,8,4,35,16,2016,6,10,2,3,5,3,0,0,1,1,0,0,0,0,5.34502E+20,5.27944E+21,9.45957E+15,4.76675E+16
30767,30768,8,1,26,46,2016,6,14,2,3,0,7,0,0,0,0,0,1,1,0,5.52698E+20,5.45804E+21,9.72445E+15,4.92728E+16
30768,30769,8,1,26,72,2016,6,21,7,3,5,3,1,0,0,1,0,0,0,0,5.38198E+20,5.46579E+21,9.52587E+15,4.93436E+16
30769,30770,8,4,26,108,2016,6,7,4,3,3,6,0,0,0,0,0,1,1,0,5.71112E+20,5.33467E+21,9.95629E+15,4.81613E+16
30770,30771,8,2,37,40,2016,6,15,2,3,8,1,0,0,0,0,0,0,0,1,4.75918E+20,5.37074E+21,8.67407E+15,4.84893E+16
30771,30772,8,2,26,41,2016,6,14,1,3,4,6,0,1,0,1,0,0,0,0,4.78663E+20,5.46707E+21,8.70618E+15,4.93559E+16
30772,30773,8,1,26,11,2016,6,13,1,3,8,1,0,1,0,1,0,0,0,0,5.37571E+20,5.4417E+21,9.51499E+15,4.9127E+16
30773,30774,8,4,36,6,2016,6,14,7,3,2,2,0,0,0,1,0,0,0,0,5.60674E+20,5.28406E+21,9.8088E+15,4.7707E+16
30774,30775,8,1,18,48,2016,6,6,3,3,6,4,0,0,0,1,1,0,0,0,5.1937E+20,5.41761E+21,9.26435E+15,4.89111E+16
30775,30776,8,2,26,95,2016,6,19,6,3,2,6,0,0,0,1,0,0,1,0,4.71219E+20,5.45974E+21,8.60421E+15,4.92897E+16
30776,30777,8,3,25,15,2016,6,18,7,3,9,1,0,1,0,1,0,0,0,0,4.73304E+20,5.34716E+21,8.64019E+15,4.82771E+16
30777,30778,8,2,25,58,2016,6,6,6,2,4,6,0,0,0,1,0,0,0,0,5.07584E+20,5.47439E+21,9.10457E+15,4.94222E+16
30778,30779,8,2,21,0,2016,6,13,4,3,5,2,0,0,1,1,0,0,0,0,4.77029E+20,5.4749E+21,8.68323E+15,4.94264E+16
30779,30780,8,4,36,11,2016,6,8,3,3,2,6,0,0,0,1,0,0,0,0,5.46228E+20,5.29731E+21,9.61766E+15,4.78275E+16
30780,30781,8,2,15,90,2016,6,12,5,3,2,6,0,0,0,0,0,0,1,0,4.63245E+20,5.43355E+21,8.49694E+15,4.90537E+16
30781,30782,8,1,36,88,2016,6,5,5,3,5,3,1,1,0,1,0,1,0,0,5.80732E+20,5.41183E+21,1.01006E+16,4.88542E+16
30782,30783,8,1,19,67,2016,6,13,7,3,6,4,0,1,0,1,1,0,0,0,5.3907E+20,5.40708E+21,9.5322E+15,4.88155E+16
30783,30784,8,2,16,43,2016,6,7,3,3,8,1,0,0,0,1,0,0,0,1,4.37747E+20,5.41219E+21,8.15125E+15,4.88596E+16
30784,30785,8,4,15,91,2016,6,8,4,3,6,2,0,0,0,0,1,0,0,1,5.13282E+20,5.35962E+21,9.17941E+15,4.83896E+16
30785,30786,8,1,16,7,2016,6,20,2,2,2,2,0,0,0,1,0,1,0,0,5.32024E+20,5.39908E+21,9.4356E+15,4.87439E+16
30786,30787,8,3,16,53,2016,6,19,4,3,4,2,0,0,0,1,0,0,0,0,4.06421E+20,5.34248E+21,7.73992E+15,4.82287E+16
30787,30788,8,2,22,0,2016,6,19,2,3,3,5,0,0,1,1,0,0,0,0,4.6203E+20,5.48165E+21,8.47575E+15,4.94863E+16
30788,30789,8,2,16,9,2016,6,16,4,2,5,3,0,0,1,1,0,0,0,0,4.46353E+20,5.4202E+21,8.26753E+15,4.89324E+16
30789,30790,8,4,25,140,2016,6,6,2,3,8,1,0,0,0,1,0,0,0,0,5.7927E+20,5.33731E+21,1.00665E+16,4.81841E+16
30790,30791,8,2,37,40,2016,6,5,4,3,8,1,1,0,0,1,0,0,0,0,4.81259E+20,5.36417E+21,8.74665E+15,4.84304E+16
30791,30792,8,1,18,79,2016,6,19,2,3,5,3,0,0,1,1,0,0,0,0,5.10005E+20,5.42188E+21,9.13665E+15,4.89497E+16
30792,30793,8,2,36,73,2016,6,16,2,3,2,2,0,0,0,1,0,0,0,0,4.79397E+20,5.42066E+21,8.71866E+15,4.89385E+16
30793,30794,8,1,15,13,2016,6,8,4,3,0,1,0,0,0,0,0,1,0,0,4.96454E+20,5.38882E+21,8.95185E+15,4.86524E+16
30794,30795,8,1,16,56,2016,6,11,1,2,8,1,0,0,0,0,0,1,0,0,5.30988E+20,5.39501E+21,9.42121E+15,4.87074E+16
30795,30796,8,3,36,91,2016,6,7,4,3,4,6,0,0,1,0,0,0,0,0,3.95318E+20,5.2716E+21,7.60767E+15,4.75894E+16
30796,30797,8,1,17,15,2016,6,4,7,3,6,6,1,1,0,0,1,0,0,1,5.58181E+20,5.39279E+21,9.79048E+15,4.86855E+16
30797,30798,8,1,18,70,2016,6,11,3,3,0,6,0,0,0,1,0,0,1,0,5.1683E+20,5.42549E+21,9.23002E+15,4.89821E+16
30798,30799,8,3,36,84,2016,6,13,7,3,0,1,0,0,1,0,0,0,0,0,4.05378E+20,5.27738E+21,7.74019E+15,4.76429E+16
30799,30800,8,1,19,79,2016,6,13,6,3,4,6,0,0,1,0,0,0,0,0,5.23147E+20,5.40719E+21,9.31532E+15,4.88173E+16
30800,30801,8,2,15,99,2016,6,20,4,3,8,1,1,1,0,0,0,1,0,0,4.64255E+20,5.4448E+21,8.50977E+15,4.9155E+16
30801,30802,8,4,21,0,2016,6,20,3,3,5,3,0,0,0,1,0,0,0,0,5.74222E+20,5.3618E+21,1.00029E+16,4.8405E+16
30802,30803,8,2,36,38,2016,6,16,5,3,2,6,0,0,0,1,0,0,0,0,4.87752E+20,5.42626E+21,8.83258E+15,4.89892E+16
30803,30804,8,1,25,63,2016,6,9,5,3,2,2,0,0,0,1,0,0,0,0,5.23325E+20,5.46045E+21,9.32081E+15,4.92963E+16
30804,30805,8,1,15,15,2016,6,7,7,3,3,1,0,1,0,1,0,0,0,0,4.93705E+20,5.38701E+21,8.91456E+15,4.86362E+16
30805,30806,8,1,15,45,2016,6,6,3,2,2,6,0,0,0,1,0,1,0,0,4.99793E+20,5.39338E+21,8.99718E+15,4.86934E+16
30806,30807,8,3,37,60,2016,6,22,4,3,8,6,2,0,0,1,0,0,0,1,4.70083E+20,5.27748E+21,8.60163E+15,4.765E+16
30807,30808,8,4,25,108,2016,6,20,1,3,9,1,0,1,0,1,0,0,0,0,5.53295E+20,5.3593E+21,9.71982E+15,4.83846E+16
30808,30809,8,4,16,48,2016,6,1,4,3,8,1,2,0,0,0,0,1,0,0,4.92903E+20,5.37925E+21,8.9038E+15,4.85663E+16
30809,30810,8,1,15,28,2016,6,16,2,3,2,6,0,0,0,0,0,0,0,1,5.01289E+20,5.4039E+21,9.01755E+15,4.87881E+16
30810,30811,8,2,12,0,2016,6,0,6,3,4,6,2,0,0,1,0,1,0,0,4.63922E+20,5.43019E+21,8.50651E+15,4.90235E+16
30811,30812,8,4,15,61,2016,6,21,4,3,4,1,2,1,0,1,0,0,1,0,5.15696E+20,5.37231E+21,9.21249E+15,4.85037E+16
30812,30813,8,1,18,50,2016,6,15,4,3,5,3,0,0,0,1,0,1,0,0,5.05697E+20,5.41719E+21,9.07775E+15,4.89076E+16
30813,30814,8,1,16,78,2016,6,3,6,2,8,1,2,0,0,0,0,1,0,0,5.12979E+20,5.39099E+21,9.1763E+15,4.86718E+16
30814,30815,8,3,15,50,2016,6,13,3,2,5,1,0,0,1,0,0,1,0,0,4.01204E+20,5.30217E+21,7.679E+15,4.78653E+16
30815,30816,8,1,15,24,2016,6,6,3,3,2,6,0,0,0,1,0,0,0,0,5.01429E+20,5.38606E+21,9.01939E+15,4.86276E+16
30816,30817,8,2,26,103,2016,6,22,4,3,2,6,2,1,0,1,0,0,0,0,4.73473E+20,5.45817E+21,8.6353E+15,4.92757E+16
30817,30818,8,4,15,61,2016,6,10,7,2,0,1,0,0,1,0,0,0,0,0,5.15663E+20,5.37222E+21,9.21204E+15,4.85029E+16
30818,30819,8,1,27,14,2016,6,20,4,3,5,3,1,1,0,1,0,0,0,0,5.77544E+20,5.44365E+21,1.00632E+16,4.91408E+16
30819,30820,8,4,15,62,2016,6,16,3,3,1,6,0,0,0,1,0,0,0,0,5.19337E+20,5.3792E+21,9.26211E+15,4.85656E+16
30820,30821,8,3,17,65,2016,6,14,7,2,0,1,0,0,1,0,0,0,0,0,4.16337E+20,5.35438E+21,7.87107E+15,4.8337E+16
30821,30822,8,2,35,46,2016,6,16,7,2,8,1,0,0,0,1,0,0,0,0,4.78031E+20,5.37864E+21,8.70225E+15,4.85605E+16
30822,30823,8,1,18,40,2016,6,15,4,3,5,3,0,0,1,1,0,0,0,0,5.1054E+20,5.43195E+21,9.14423E+15,4.90404E+16
30823,30824,8,1,25,58,2016,6,16,5,3,5,3,0,0,0,1,0,0,0,0,5.08589E+20,5.44393E+21,9.11777E+15,4.91481E+16
30824,30825,8,3,35,75,2016,6,17,3,3,5,3,0,0,0,1,0,0,0,0,4.91629E+20,5.28578E+21,8.88837E+15,4.77253E+16
30825,30826,8,4,36,47,2016,6,18,6,3,3,2,0,0,0,1,0,0,0,1,5.31801E+20,5.31E+21,9.42583E+15,4.79425E+16
30826,30827,8,1,28,7,2016,6,3,3,3,8,1,2,0,0,0,0,0,1,0,5.53514E+20,5.47406E+21,9.73782E+15,4.94168E+16
30827,30828,8,4,15,92,2016,6,13,2,2,6,7,0,0,0,0,1,0,0,1,5.18638E+20,5.36366E+21,9.25193E+15,4.84258E+16
30828,30829,8,3,35,63,2016,6,19,1,3,0,3,0,0,0,1,0,1,0,0,4.98755E+20,5.28821E+21,8.98339E+15,4.77473E+16
30829,30830,8,1,27,14,2016,6,15,2,3,0,1,0,0,0,0,0,1,0,0,5.75544E+20,5.44074E+21,1.00352E+16,4.91149E+16
30830,30831,8,3,26,5,2016,6,6,6,3,8,1,0,1,0,1,0,0,0,0,4.6753E+20,5.30277E+21,8.56575E+15,4.78774E+16
30831,30832,8,2,36,40,2016,6,16,6,3,5,3,0,0,0,1,0,0,0,0,4.88022E+20,5.42169E+21,8.83641E+15,4.8948E+16
30832,30833,8,3,26,60,2016,6,18,4,3,9,1,0,1,0,1,0,0,0,0,4.37431E+20,5.33529E+21,8.15849E+15,4.81678E+16
30833,30834,8,1,17,53,2016,6,14,4,3,2,6,0,1,0,1,0,0,0,0,5.50378E+20,5.40092E+21,9.68547E+15,4.87592E+16
30834,30835,8,4,36,9,2016,6,6,5,3,4,2,0,1,0,1,0,0,0,0,5.58197E+20,5.31105E+21,9.77942E+15,4.79501E+16
30835,30836,8,2,36,74,2016,6,3,3,3,2,6,2,0,0,0,0,0,1,0,4.72004E+20,5.41796E+21,8.6179E+15,4.89139E+16
30836,30837,8,4,36,81,2016,6,7,2,3,2,6,0,1,0,1,0,0,0,0,5.62857E+20,5.28221E+21,9.83764E+15,4.76902E+16
30837,30838,8,1,15,44,2016,6,19,7,2,4,1,0,0,0,1,0,1,0,0,5.04727E+20,5.38921E+21,9.06419E+15,4.86559E+16
30838,30839,8,1,11,0,2016,6,17,5,3,1,6,0,0,0,1,0,0,0,0,5.13208E+20,5.41012E+21,9.18001E+15,4.88439E+16
30839,30840,8,2,15,21,2016,6,12,2,2,8,1,0,0,0,1,0,0,0,0,4.70233E+20,5.44708E+21,8.59159E+15,4.91758E+16
30840,30841,8,2,36,70,2016,6,21,1,3,9,1,2,0,0,1,0,0,0,0,4.72722E+20,5.4158E+21,8.62784E+15,4.88945E+16
30841,30842,8,1,27,14,2016,6,13,1,3,5,3,0,0,1,1,0,0,0,0,5.75435E+20,5.4436E+21,1.00343E+16,4.91406E+16
30842,30843,8,2,16,43,2016,6,1,7,2,8,1,2,1,0,0,0,1,0,0,4.39594E+20,5.41423E+21,8.17613E+15,4.8878E+16
30843,30844,8,1,17,2,2016,6,23,5,2,7,1,2,0,0,1,0,0,0,0,5.41059E+20,5.38714E+21,9.55731E+15,4.8636E+16
30844,30845,8,3,36,107,2016,6,15,6,3,2,6,0,0,0,1,0,0,0,0,4.09807E+20,5.28247E+21,7.7981E+15,4.76893E+16
30845,30846,8,3,26,12,2016,6,17,2,3,3,6,0,0,1,0,0,0,0,1,4.54361E+20,5.31437E+21,8.38841E+15,4.7981E+16
30846,30847,8,3,17,89,2016,6,20,1,2,0,7,0,0,1,0,0,0,0,0,4.31031E+20,5.37731E+21,8.06553E+15,4.85451E+16
30847,30848,8,2,16,24,2016,6,14,1,2,2,6,0,0,0,1,0,1,0,0,4.48051E+20,5.40774E+21,8.2923E+15,4.88205E+16
30848,30849,8,3,17,96,2016,6,14,6,3,3,6,0,0,1,0,0,0,0,0,4.20537E+20,5.36818E+21,7.92511E+15,4.84617E+16
30849,30850,8,2,26,37,2016,6,10,6,3,5,1,0,0,1,1,0,0,0,0,4.66184E+20,5.46879E+21,8.5342E+15,4.93709E+16
30850,30851,8,1,25,102,2016,6,16,6,3,2,6,0,1,0,1,0,0,0,1,5.25059E+20,5.4454E+21,9.34371E+15,4.91609E+16
30851,30852,8,2,12,0,2016,6,14,4,3,2,6,0,0,0,1,0,0,0,0,4.59191E+20,5.42735E+21,8.44209E+15,4.89977E+16
30852,30853,8,1,15,21,2016,6,9,4,3,4,2,0,0,1,1,0,0,0,0,4.90212E+20,5.38254E+21,8.86725E+15,4.85959E+16
30853,30854,8,4,15,80,2016,6,16,5,2,5,3,0,0,0,1,0,1,0,0,5.11243E+20,5.37346E+21,9.15224E+15,4.85141E+16
30854,30855,8,3,26,74,2016,6,7,5,3,6,4,0,1,0,0,1,0,0,1,4.60466E+20,5.32316E+21,8.46941E+15,4.80605E+16
30855,30856,8,2,21,0,2016,6,10,5,3,1,2,0,0,0,1,0,0,0,0,4.76335E+20,5.47176E+21,8.67385E+15,4.9398E+16
30856,30857,8,2,26,96,2016,6,16,3,2,2,6,0,0,0,0,0,1,0,1,4.74689E+20,5.49E+21,8.65E+15,4.95621E+16
30857,30858,8,4,35,35,2016,6,16,2,3,9,7,0,0,0,0,0,1,0,0,5.4465E+20,5.2855E+21,9.59537E+15,4.77213E+16