FID,OBJECTID,ULAND,UREGBEZ,UKREIS,UGEMEINDE,UJAHR,UMONAT,USTUNDE,UWOCHENTAG,UKATEGORIE,UART,UTYP1,ULICHTVERH,IstStrasse,IstRad,IstPKW,IstFuss,IstKrad,IstGkfz,IstSonstig,LINREFX,LINREFY,XGCSWGS84,YGCSWGS84
30858,30859,8,3,37,123,2016,6,14,4,3,4,2,0,0,0,1,0,0,0,0,4.53038E+20,5.27927E+21,8.37448E+15,4.76651E+16
30859,30860,8,1,25,68,2016,6,18,2,3,9,1,0,0,0,1,0,0,0,0,5.23572E+20,5.45905E+21,9.32412E+15,4.92838E+16
30860,30861,8,4,16,36,2016,6,6,4,3,4,6,0,0,0,1,0,1,0,0,4.98925E+20,5.36963E+21,8.98546E+15,4.84798E+16
30861,30862,8,2,35,85,2016,6,16,2,3,0,6,0,0,0,1,0,1,0,0,4.78365E+20,5.39864E+21,8.70573E+15,4.87404E+16
30862,30863,8,1,36,29,2016,6,17,4,3,8,1,0,0,0,0,0,1,0,0,5.69173E+20,5.41106E+21,9.94289E+15,4.88486E+16
30863,30864,8,2,25,58,2016,6,15,1,2,5,2,0,1,0,1,0,0,0,0,5.09999E+20,5.46648E+21,9.13767E+15,4.93509E+16
30864,30865,8,1,18,48,2016,6,18,1,3,1,6,0,1,0,1,0,1,0,0,5.14246E+20,5.41541E+21,9.19435E+15,4.88914E+16
30865,30866,8,2,26,95,2016,6,8,4,3,2,6,0,0,0,1,0,0,0,0,4.73085E+20,5.46324E+21,8.62963E+15,4.93213E+16
30866,30867,8,4,26,38,2016,6,16,7,3,9,1,0,0,0,1,0,0,0,0,5.57979E+20,5.31546E+21,9.7771E+15,4.79898E+16
30867,30868,8,1,18,46,2016,6,16,3,3,2,6,0,0,0,1,0,0,0,0,5.13637E+20,5.41258E+21,9.18595E+15,4.8866E+16
30868,30869,8,3,36,91,2016,6,11,7,3,4,6,0,0,0,1,0,0,0,0,3.94303E+20,5.27292E+21,7.59385E+15,4.7601E+16
30869,30870,8,1,11,0,2016,6,19,1,2,6,4,0,0,0,0,1,0,0,1,5.15957E+20,5.40679E+21,9.21735E+15,4.88139E+16
30870,30871,8,1,21,0,2016,6,6,3,2,4,7,0,0,0,1,0,0,0,0,5.11578E+20,5.44855E+21,9.1589E+15,4.91897E+16
30871,30872,8,3,16,36,2016,6,15,6,3,5,3,0,0,0,1,0,0,0,0,4.11527E+20,5.3255E+21,7.8122E+15,4.80766E+16
30872,30873,8,2,26,37,2016,6,20,6,2,2,6,1,0,0,1,0,0,0,1,4.66995E+20,5.47111E+21,8.54518E+15,4.93918E+16
30873,30874,8,4,15,53,2016,6,17,7,3,5,2,0,0,0,1,0,0,0,1,5.34671E+20,5.36273E+21,9.46857E+15,4.84167E+16
30874,30875,8,1,36,88,2016,6,10,6,2,4,6,0,0,0,1,0,0,0,1,5.84124E+20,5.40695E+21,1.01458E+16,4.88098E+16
30875,30876,8,2,36,71,2016,6,16,4,3,2,2,0,1,0,1,0,0,0,0,4.70784E+20,5.42029E+21,8.60108E+15,4.89349E+16
30876,30877,8,4,36,69,2016,6,10,3,2,9,6,0,0,0,0,0,1,0,0,5.52297E+20,5.2938E+21,9.69832E+15,4.77954E+16
30877,30878,8,3,15,74,2016,6,15,5,3,5,2,0,0,1,1,0,0,0,0,4.00611E+20,5.29801E+21,7.67203E+15,4.78278E+16
30878,30879,8,1,25,102,2016,6,9,5,3,2,6,0,0,0,1,0,0,0,0,5.21914E+20,5.44115E+21,9.30034E+15,4.91228E+16
30879,30880,8,2,12,0,2016,6,19,3,3,5,3,0,0,1,1,0,0,0,0,4.57093E+20,5.42824E+21,8.41331E+15,4.90055E+16
30880,30881,8,4,25,108,2016,6,18,2,3,5,3,0,0,1,1,0,0,0,0,5.56806E+20,5.36112E+21,9.76748E+15,4.84007E+16
30881,30882,8,3,37,66,2016,6,17,4,3,5,3,0,0,0,1,0,0,0,0,4.30163E+20,5.2702E+21,8.07127E+15,4.75815E+16
30882,30883,8,1,17,30,2016,6,17,2,3,2,6,0,0,0,1,0,0,0,0,5.48522E+20,5.39176E+21,9.65914E+15,4.8677E+16
30883,30884,8,2,22,0,2016,6,23,4,2,2,6,2,1,0,0,0,1,1,0,4.66357E+20,5.47574E+21,8.536E+15,4.94334E+16
30884,30885,8,2,26,84,2016,6,15,2,3,3,6,0,0,0,1,0,1,0,0,4.68379E+20,5.47119E+21,8.56425E+15,4.93926E+16
30885,30886,8,1,36,88,2016,6,7,4,3,2,1,0,0,1,1,0,0,0,0,5.79986E+20,5.41107E+21,1.00902E+16,4.88474E+16
30886,30887,8,1,15,45,2016,6,17,1,3,8,1,0,1,0,1,0,0,0,0,5.015E+20,5.39489E+21,9.02039E+15,4.8707E+16
30887,30888,8,2,12,0,2016,6,12,4,3,2,6,0,0,0,1,0,0,1,0,4.60471E+20,5.42427E+21,8.45989E+15,4.89701E+16
30888,30889,8,4,17,57,2016,6,10,7,3,5,3,0,0,0,1,0,0,0,0,4.80323E+20,5.33709E+21,8.73526E+15,4.81868E+16
30889,30890,8,1,17,10,2016,6,12,4,2,4,6,0,0,0,1,0,0,0,0,5.68293E+20,5.38992E+21,9.92738E+15,4.86586E+16
30890,30891,8,1,11,0,2016,6,16,3,3,3,6,0,0,0,1,0,0,0,0,5.10409E+20,5.39521E+21,9.1415E+15,4.87098E+16
30891,30892,8,2,37,4,2016,6,11,7,2,1,5,0,1,0,1,0,0,0,0,4.55784E+20,5.37509E+21,8.40113E+15,4.85273E+16
30892,30893,8,2,15,9,2016,6,9,7,3,2,6,0,0,0,0,0,1,0,1,4.66806E+20,5.43956E+21,8.54519E+15,4.91079E+16
30893,30894,8,1,19,20,2016,6,23,6,3,5,3,2,1,0,1,0,0,0,1,5.19046E+20,5.40704E+21,9.25945E+15,4.88161E+16
30894,30895,8,2,16,52,2016,6,14,4,3,6,4,0,0,0,1,1,0,0,0,4.4109E+20,5.41608E+21,8.19627E+15,4.88948E+16
30895,30896,8,4,16,26,2016,6,7,3,3,2,6,0,0,0,1,0,0,0,1,5.04661E+20,5.3634E+21,9.063E+15,4.84237E+16
30896,30897,8,4,36,8,2016,6,11,6,3,2,1,0,0,0,0,0,1,0,0,5.47854E+20,5.30862E+21,9.64063E+15,4.79291E+16
30897,30898,8,1,17,15,2016,6,13,3,2,3,6,0,0,0,1,0,1,0,0,5.64326E+20,5.39556E+21,9.8744E+15,4.87097E+16
30898,30899,8,3,27,18,2016,6,20,1,3,2,1,1,1,0,1,0,0,0,0,4.7208E+20,5.30917E+21,8.62618E+15,4.79353E+16
30899,30900,8,1,25,5,2016,6,16,6,3,5,3,0,1,0,1,0,0,0,0,5.15701E+20,5.45536E+21,9.21575E+15,4.92508E+16
30900,30901,8,2,22,0,2016,6,18,4,3,1,6,0,0,0,1,0,0,0,0,4.61683E+20,5.48109E+21,8.47101E+15,4.94812E+16
30901,30902,8,4,36,55,2016,6,16,3,3,3,2,0,0,1,1,0,0,0,0,5.76826E+20,5.29727E+21,1.00264E+16,4.78242E+16
30902,30903,8,2,31,0,2016,6,23,5,3,4,2,2,1,0,1,0,0,0,0,4.78525E+20,5.416E+21,8.707E+15,4.88966E+16
30903,30904,8,1,25,87,2016,6,21,5,2,3,2,0,0,0,1,0,1,0,0,5.09968E+20,5.45655E+21,9.137E+15,4.92617E+16
30904,30905,8,1,19,76,2016,6,12,7,2,2,6,0,1,0,1,0,0,0,0,5.40951E+20,5.40697E+21,9.55781E+15,4.88143E+16
30905,30906,8,1,26,58,2016,6,10,3,3,2,6,0,0,0,0,0,0,1,1,5.42336E+20,5.45166E+21,9.58133E+15,4.92162E+16
30906,30907,8,3,36,50,2016,6,22,4,3,5,3,2,1,0,1,0,1,0,0,3.9885E+20,5.27347E+21,7.6542E+15,4.76067E+16
30907,30908,8,1,15,21,2016,6,17,2,3,2,2,0,0,0,1,0,0,0,0,4.90351E+20,5.38316E+21,8.86912E+15,4.86015E+16
30908,30909,8,2,31,0,2016,6,8,4,3,4,2,0,0,0,1,0,0,0,0,4.75894E+20,5.41477E+21,8.67117E+15,4.88854E+16
30909,30910,8,2,15,9,2016,6,15,2,3,3,6,0,0,1,1,0,0,0,0,4.7059E+20,5.44166E+21,8.59688E+15,4.91271E+16
30910,30911,8,4,16,36,2016,6,22,4,3,8,1,2,1,0,1,0,0,0,0,4.96824E+20,5.37121E+21,8.95702E+15,4.8494E+16
30911,30912,8,1,26,60,2016,6,7,4,3,5,3,0,0,0,1,0,1,0,0,5.44944E+20,5.45902E+21,9.61798E+15,4.92822E+16
30912,30913,8,1,16,49,2016,6,14,6,3,1,6,0,0,0,1,0,0,0,0,5.24125E+20,5.38584E+21,9.32739E+15,4.86252E+16
30913,30914,8,3,17,47,2016,6,12,3,3,2,6,0,0,0,1,0,0,0,0,4.17626E+20,5.36256E+21,7.88685E+15,4.84108E+16
30914,30915,8,1,16,80,2016,6,21,3,2,5,3,2,1,1,1,0,0,0,0,5.18938E+20,5.39538E+21,9.25743E+15,4.87111E+16
30915,30916,8,2,26,95,2016,6,2,7,3,2,6,2,1,0,1,0,0,0,0,4.7136E+20,5.45959E+21,8.60616E+15,4.92884E+16
30916,30917,8,2,21,0,2016,6,17,7,3,4,2,0,0,0,1,0,0,0,0,4.76572E+20,5.47249E+21,8.67706E+15,4.94047E+16
30917,30918,8,1,36,43,2016,6,20,4,2,9,1,0,1,0,1,0,0,0,0,5.70507E+20,5.40906E+21,9.96071E+15,4.88306E+16
30918,30919,8,1,25,26,2016,6,22,5,3,5,3,2,0,0,1,0,0,0,0,4.87802E+20,5.44803E+21,8.83261E+15,4.91849E+16
30919,30920,8,4,15,61,2016,6,15,6,2,5,3,0,1,0,1,0,0,0,0,5.14168E+20,5.37088E+21,9.19176E+15,4.84909E+16
30920,30921,8,1,27,100,2016,6,7,3,3,5,3,0,0,0,1,0,1,0,0,5.53001E+20,5.43526E+21,9.72562E+15,4.90679E+16
30921,30922,8,4,15,50,2016,6,19,2,3,8,6,0,0,0,0,0,1,0,1,5.22086E+20,5.37671E+21,9.29923E+15,4.85431E+16
30922,30923,8,3,35,22,2016,6,17,1,2,5,3,0,0,0,1,0,1,0,0,4.84871E+20,5.30016E+21,8.79776E+15,4.78546E+16
30923,30924,8,1,26,39,2016,6,13,2,3,4,6,0,0,0,0,0,1,0,1,5.51839E+20,5.46524E+21,9.71358E+15,4.93377E+16
30924,30925,8,4,17,44,2016,6,9,6,2,4,6,0,0,0,1,0,0,1,0,4.95549E+20,5.33527E+21,8.94013E+15,4.81707E+16
30925,30926,8,2,26,98,2016,6,20,6,2,0,1,0,1,0,1,0,0,0,0,4.82694E+20,5.46352E+21,8.76184E+15,4.93241E+16
30926,30927,8,3,11,0,2016,6,17,4,3,0,1,0,1,1,0,0,0,0,0,4.14008E+20,5.31514E+21,7.84758E+15,4.79837E+16
30927,30928,8,1,36,33,2016,6,16,2,3,3,6,0,0,0,1,0,1,0,0,5.77848E+20,5.41634E+21,1.00621E+16,4.88951E+16
30928,30929,8,3,35,43,2016,6,19,6,3,5,2,0,0,0,1,0,1,0,0,5.13795E+20,5.28001E+21,9.18377E+15,4.76733E+16
30929,30930,8,2,12,0,2016,6,17,6,3,5,3,0,0,1,1,0,0,0,0,4.5641E+20,5.42675E+21,8.40413E+15,4.89921E+16
30930,30931,8,4,17,79,2016,6,16,4,3,6,4,0,0,0,1,1,0,0,0,4.99893E+20,5.34793E+21,8.99856E+15,4.82845E+16
30931,30932,8,1,18,7,2016,6,7,4,3,2,6,0,0,0,1,0,0,0,0,5.14442E+20,5.42897E+21,9.1975E+15,4.90135E+16
30932,30933,8,1,15,15,2016,6,14,6,3,2,6,0,0,0,1,0,0,0,0,4.93764E+20,5.38757E+21,8.91534E+15,4.86412E+16
30933,30934,8,3,11,0,2016,6,15,3,3,1,7,0,0,1,0,0,0,0,0,4.13859E+20,5.31592E+21,7.84543E+15,4.79908E+16
30934,30935,8,1,11,0,2016,6,15,3,3,2,2,0,0,0,1,0,0,0,0,5.06644E+20,5.40315E+21,9.09044E+15,4.87813E+16
30935,30936,8,1,35,19,2016,6,0,7,1,8,1,2,1,0,1,0,0,0,0,5.86291E+20,5.39877E+21,1.01736E+16,4.87359E+16
30936,30937,8,1,17,26,2016,6,8,5,3,4,6,0,1,0,1,0,0,0,0,5.51845E+20,5.39815E+21,9.70508E+15,4.87342E+16
30937,30938,8,3,35,2,2016,6,12,6,3,0,7,0,0,1,0,0,0,0,0,5.0499E+20,5.28469E+21,9.06653E+15,4.77156E+16
30938,30939,8,3,25,57,2016,6,17,2,3,8,7,0,0,0,0,0,1,0,0,4.72594E+20,5.3565E+21,8.63002E+15,4.83611E+16
30939,30940,8,2,26,95,2016,6,19,1,3,8,1,0,0,0,1,0,0,0,0,4.72819E+20,5.46118E+21,8.62611E+15,4.93027E+16
30940,30941,8,1,18,48,2016,6,2,1,3,2,6,2,0,1,1,0,0,0,0,5.1535E+20,5.41456E+21,9.20937E+15,4.88838E+16
30941,30942,8,1,15,1,2016,6,18,1,2,0,1,0,1,1,0,0,0,0,0,4.89194E+20,5.39158E+21,8.85321E+15,4.86771E+16
30942,30943,8,3,17,65,2016,6,23,6,3,9,1,2,1,0,1,0,0,0,0,4.1609E+20,5.35449E+21,7.86771E+15,4.8338E+16
30943,30944,8,2,25,117,2016,6,12,6,3,8,1,0,1,0,1,0,0,0,0,5.13533E+20,5.4717E+21,9.18651E+15,4.93979E+16
30944,30945,8,1,17,28,2016,6,17,6,3,2,6,0,0,0,1,0,0,0,0,5.47412E+20,5.38311E+21,9.64307E+15,4.85993E+16
30945,30946,8,2,15,21,2016,6,7,4,3,2,6,0,0,0,0,0,0,1,0,4.68966E+20,5.44662E+21,8.57424E+15,4.91716E+16
30946,30947,8,4,37,31,2016,6,17,3,3,1,5,0,0,0,1,0,0,0,0,5.20236E+20,5.34465E+21,9.27262E+15,4.82548E+16
30947,30948,8,3,37,2,2016,6,17,5,2,4,2,0,0,0,1,0,1,0,0,4.34941E+20,5.27125E+21,8.13466E+15,4.75914E+16
30948,30949,8,3,17,65,2016,6,11,5,3,2,6,0,0,0,1,0,0,0,0,4.15799E+20,5.35756E+21,7.86317E+15,4.83656E+16
30949,30950,8,2,15,102,2016,6,13,5,3,2,6,0,0,0,1,0,0,0,0,4.55335E+20,5.43616E+21,8.3884E+15,4.90767E+16
30950,30951,8,2,15,103,2016,6,11,3,3,2,6,0,0,0,1,0,0,0,0,4.66818E+20,5.44427E+21,8.54496E+15,4.91503E+16
30951,30952,8,4,25,140,2016,6,13,2,3,1,6,0,0,0,1,0,0,0,0,5.79786E+20,5.33858E+21,1.00737E+16,4.81954E+16
30952,30953,8,3,35,75,2016,6,22,4,3,5,2,2,1,0,1,0,0,0,0,4.92921E+20,5.2896E+21,8.90554E+15,4.77597E+16
30953,30954,8,1,19,20,2016,6,17,2,3,2,6,0,0,0,1,0,0,0,1,5.18844E+20,5.40779E+21,9.25673E+15,4.88228E+16
30954,30955,8,4,15,60,2016,6,21,4,2,9,1,2,0,0,0,0,1,0,0,5.15665E+20,5.37822E+21,9.21229E+15,4.85569E+16
30955,30956,8,1,16,49,2016,6,8,4,3,2,6,0,0,0,1,0,0,1,0,5.2433E+20,5.38737E+21,9.33026E+15,4.86389E+16
30956,30957,8,4,21,0,2016,6,16,5,3,3,6,0,0,0,1,0,0,1,0,5.71964E+20,5.36369E+21,9.97269E+15,4.84222E+16
30957,30958,8,3,36,69,2016,6,8,5,3,5,3,0,1,0,1,0,0,0,0,4.06688E+20,5.26709E+21,7.75982E+15,4.75506E+16
30958,30959,8,2,26,56,2016,6,5,5,2,8,7,0,1,0,0,0,0,0,1,4.87557E+20,5.4715E+21,8.82851E+15,4.9396E+16
30959,30960,8,2,12,0,2016,6,18,3,2,4,2,0,0,0,1,0,0,0,1,4.59102E+20,5.42961E+21,8.44064E+15,4.90181E+16
30960,30961,8,4,36,64,2016,6,3,2,3,8,7,2,0,0,1,0,0,0,0,5.44743E+20,5.29218E+21,9.59729E+15,4.77814E+16
30961,30962,8,1,28,115,2016,6,14,7,3,2,6,0,1,0,1,0,0,0,0,5.50707E+20,5.4956E+21,9.7019E+15,4.96109E+16
30962,30963,8,4,36,55,2016,6,11,4,2,5,3,0,0,1,0,0,0,0,1,5.81102E+20,5.30012E+21,1.00841E+16,4.78493E+16
30963,30964,8,3,17,1,2016,6,9,2,3,3,6,0,0,0,1,0,0,0,0,4.28445E+20,5.38826E+21,8.02861E+15,4.86433E+16
30964,30965,8,2,36,25,2016,6,10,1,3,3,7,0,0,0,1,0,0,0,0,4.9045E+20,5.40858E+21,8.86988E+15,4.88301E+16
30965,30966,8,1,27,52,2016,6,12,1,3,8,1,0,1,0,0,0,1,0,0,5.39957E+20,5.43767E+21,9.54728E+15,4.90906E+16
30966,30967,8,4,36,5,2016,6,19,7,3,8,1,0,0,0,1,0,0,0,0,5.39823E+20,5.30894E+21,9.53316E+15,4.79326E+16
30967,30968,8,1,19,8,2016,6,14,3,3,2,6,0,0,0,1,0,0,0,0,5.31362E+20,5.41773E+21,9.42803E+15,4.89117E+16
30968,30969,8,3,36,50,2016,6,17,6,3,5,3,0,0,0,1,0,1,0,0,4.00332E+20,5.27377E+21,7.67386E+15,4.76097E+16
30969,30970,8,3,26,12,2016,6,12,7,3,8,1,0,1,0,1,0,0,0,0,4.67048E+20,5.31601E+21,8.55829E+15,4.79966E+16
30970,30971,8,1,27,76,2016,6,14,6,2,4,6,0,0,0,1,0,0,1,0,5.61043E+20,5.43909E+21,9.83629E+15,4.91016E+16
30971,30972,8,2,26,12,2016,6,16,4,2,8,1,0,0,0,0,0,1,0,0,4.75546E+20,5.47643E+21,8.66268E+15,4.944E+16
30972,30973,8,4,36,9,2016,6,15,3,3,0,7,0,0,1,0,0,0,0,0,5.55674E+20,5.3081E+21,9.74525E+15,4.79238E+16
30973,30974,8,3,11,0,2016,6,11,5,3,2,6,0,0,0,1,0,0,0,0,4.13161E+20,5.31561E+21,7.83614E+15,4.79879E+16
30974,30975,8,1,36,82,2016,6,7,5,3,2,6,0,0,0,1,0,1,0,0,5.87078E+20,5.41536E+21,1.01878E+16,4.8885E+16
30975,30976,8,2,11,0,2016,6,16,3,2,5,3,0,0,0,1,0,0,0,0,4.46537E+20,5.39894E+21,8.27282E+15,4.87412E+16
30976,30977,8,3,26,74,2016,6,7,4,3,5,3,0,0,1,0,0,0,1,0,4.60176E+20,5.32393E+21,8.46544E+15,4.80674E+16
30977,30978,8,1,16,33,2016,6,17,2,3,1,6,0,0,0,1,0,1,0,0,5.33584E+20,5.38662E+21,9.45581E+15,4.86317E+16
30978,30979,8,2,36,4,2016,6,14,4,3,1,2,0,0,0,1,0,0,0,0,4.72855E+20,5.41388E+21,8.62978E+15,4.88773E+16
30979,30980,8,2,26,13,2016,6,17,2,1,4,6,0,0,0,1,0,0,0,1,5.00374E+20,5.47519E+21,9.00515E+15,4.94294E+16
30980,30981,8,1,27,76,2016,6,12,4,3,5,3,0,0,0,1,0,0,0,0,5.56006E+20,5.43991E+21,9.7674E+15,4.91095E+16
30981,30982,8,2,26,17,2016,6,16,4,3,8,6,0,0,0,1,0,1,0,0,4.93508E+20,5.46563E+21,8.91063E+15,4.93434E+16
30982,30983,8,4,16,22,2016,6,23,7,3,9,1,2,1,0,1,0,0,0,0,5.10107E+20,5.3758E+21,9.13691E+15,4.85352E+16
30983,30984,8,1,26,72,2016,6,17,4,3,8,1,0,1,0,1,0,0,0,0,5.34027E+20,5.47106E+21,9.46891E+15,4.93913E+16
30984,30985,8,2,31,0,2016,6,18,2,3,2,6,0,0,0,1,0,0,0,0,4.75569E+20,5.41422E+21,8.66678E+15,4.88804E+16
30985,30986,8,1,27,43,2016,6,6,4,2,5,3,0,0,0,1,0,0,0,0,5.65982E+20,5.44607E+21,9.90508E+15,4.91639E+16
30986,30987,8,1,17,18,2016,6,20,1,2,9,1,0,1,0,1,0,0,0,0,5.38643E+20,5.39563E+21,9.52531E+15,4.87125E+16
30987,30988,8,2,26,32,2016,6,16,4,2,4,6,0,0,0,1,0,0,1,0,4.65641E+20,5.46533E+21,8.52702E+15,4.93398E+16
30988,30989,8,4,26,38,2016,6,19,7,3,4,6,0,1,0,1,0,0,0,0,5.57932E+20,5.31426E+21,9.7763E+15,4.7979E+16
30989,30990,8,1,18,40,2016,6,7,3,3,1,6,0,0,0,1,0,0,1,0,5.10886E+20,5.43332E+21,9.14899E+15,4.90527E+16
30990,30991,8,3,36,81,2016,6,9,7,3,5,3,0,1,0,1,0,0,0,0,4.12483E+20,5.27792E+21,7.83466E+15,4.76488E+16
30991,30992,8,1,19,85,2016,6,18,6,3,4,6,0,0,0,1,0,0,0,0,5.28799E+20,5.41245E+21,9.39268E+15,4.88644E+16
30992,30993,8,2,22,0,2016,6,13,4,3,5,2,0,0,1,0,0,0,1,0,4.63088E+20,5.47881E+21,8.49063E+15,4.94608E+16
30993,30994,8,4,26,128,2016,6,11,3,2,5,3,0,0,0,1,0,0,0,0,5.58767E+20,5.3334E+21,9.79013E+15,4.81511E+16
30994,30995,8,2,36,31,2016,6,13,5,3,5,3,0,0,0,1,0,0,0,0,4.81688E+20,5.42016E+21,8.74997E+15,4.89341E+16
30995,30996,8,1,25,63,2016,6,9,5,3,5,3,0,1,0,1,0,0,0,0,5.26576E+20,5.46314E+21,9.36569E+15,4.93204E+16
30996,30997,8,1,16,19,2016,6,14,7,3,2,6,0,0,0,1,0,0,0,0,5.24381E+20,5.39745E+21,9.33155E+15,4.87296E+16
30997,30998,8,1,15,42,2016,6,9,3,3,2,6,0,0,0,1,0,0,0,1,4.97068E+20,5.40474E+21,8.96008E+15,4.87957E+16
30998,30999,8,3,26,31,2016,6,18,4,3,0,3,0,0,0,0,0,1,0,1,4.5682E+20,5.33141E+21,8.41963E+15,4.81345E+16
30999,31000,8,4,25,138,2016,6,4,1,3,8,1,2,0,0,1,0,0,0,0,5.75013E+20,5.34923E+21,1.00113E+16,4.82918E+16
31000,31001,8,2,11,0,2016,6,7,2,2,5,2,0,0,0,1,0,1,0,0,4.41975E+20,5.40704E+21,8.20963E+15,4.88136E+16
31001,31002,8,2,22,0,2016,6,8,6,3,2,6,0,0,0,1,0,0,0,0,4.65529E+20,5.47936E+21,8.52426E+15,4.94659E+16
31002,31003,8,4,16,36,2016,6,0,4,3,8,7,2,0,0,1,0,0,0,0,4.94097E+20,5.36588E+21,8.92018E+15,4.8446E+16
31003,31004,8,1,25,74,2016,6,7,4,3,5,3,0,0,0,1,0,0,0,0,5.09836E+20,5.43923E+21,9.13477E+15,4.91059E+16
31004,31005,8,1,16,80,2016,6,14,6,3,2,6,0,0,0,1,0,0,0,0,5.18253E+20,5.39391E+21,9.24806E+15,4.8698E+16
31005,31006,8,3,17,31,2016,6,17,3,2,1,6,0,0,0,1,0,0,0,1,4.16075E+20,5.35775E+21,7.86685E+15,4.83673E+16
31006,31007,8,1,15,24,2016,6,15,3,3,4,2,0,0,0,1,0,1,0,0,4.99022E+20,5.38826E+21,8.98672E+15,4.86474E+16
31007,31008,8,2,22,0,2016,6,19,7,3,5,2,0,0,1,1,0,0,0,0,4.62044E+20,5.48179E+21,8.47593E+15,4.94875E+16
31008,31009,8,1,18,80,2016,6,15,5,3,2,6,0,0,0,1,0,0,0,0,5.07059E+20,5.41255E+21,9.09625E+15,4.88659E+16
31009,31010,8,4,15,61,2016,6,16,6,3,2,6,0,0,0,1,0,0,0,0,5.14927E+20,5.37104E+21,9.20204E+15,4.84923E+16
31010,31011,8,1,27,76,2016,6,10,3,2,5,3,0,0,1,1,0,0,0,0,5.52213E+20,5.43908E+21,9.71533E+15,4.91024E+16
31011,31012,8,1,17,49,2016,6,8,3,3,2,6,0,0,0,1,0,0,0,0,5.56296E+20,5.39253E+21,9.76484E+15,4.86833E+16
31012,31013,8,3,17,65,2016,6,16,7,3,9,7,0,0,1,0,0,0,0,0,4.1557E+20,5.35274E+21,7.86105E+15,4.83222E+16
31013,31014,8,2,35,33,2016,6,13,7,3,8,1,0,1,0,1,0,0,0,0,4.62787E+20,5.40713E+21,8.4931E+15,4.8816E+16
31014,31015,8,1,18,63,2016,6,0,4,2,8,1,2,1,0,1,0,0,0,0,5.16607E+20,5.42411E+21,9.22691E+15,4.89697E+16
31015,31016,8,3,36,79,2016,6,18,3,3,6,4,0,0,0,0,1,0,0,1,4.17196E+20,5.29316E+21,7.89451E+15,4.77864E+16
31016,31017,8,4,36,10,2016,6,23,6,3,9,1,2,1,0,1,0,0,0,0,5.69852E+20,5.30968E+21,9.93528E+15,4.79366E+16
31017,31018,8,1,35,26,2016,6,14,3,3,2,1,0,0,0,1,0,0,0,0,5.89403E+20,5.3948E+21,1.0215E+16,4.86998E+16
31018,31019,8,3,26,74,2016,6,18,4,2,5,3,0,0,0,1,0,1,0,0,4.57836E+20,5.32387E+21,8.43403E+15,4.80667E+16
31019,31020,8,4,16,15,2016,6,7,2,3,1,6,0,0,0,1,0,0,0,1,5.07101E+20,5.36696E+21,9.09604E+15,4.84557E+16
31020,31021,8,3,11,0,2016,6,17,1,3,5,6,0,0,0,1,0,0,0,0,4.05574E+20,5.3149E+21,7.73462E+15,4.79804E+16
31021,31022,8,1,36,66,2016,6,7,2,3,4,6,0,0,0,1,0,0,0,1,5.56044E+20,5.4145E+21,9.76442E+15,4.88809E+16
31022,31023,8,3,26,3,2016,6,18,6,3,1,2,0,1,0,1,0,0,0,0,4.67265E+20,5.31698E+21,8.56112E+15,4.80053E+16
31023,31024,8,2,31,0,2016,6,7,6,3,4,2,0,0,0,0,0,1,0,1,4.75391E+20,5.41503E+21,8.6643E+15,4.88877E+16
31024,31025,8,3,16,10,2016,6,18,4,3,2,6,0,1,0,1,0,0,0,0,4.3213E+20,5.34042E+21,8.08638E+15,4.82134E+16
31025,31026,8,1,17,51,2016,6,21,4,3,5,3,1,1,0,1,0,0,0,0,5.42875E+20,5.39507E+21,9.58278E+15,4.87072E+16
31026,31027,8,4,36,3,2016,6,5,5,3,8,1,1,1,0,1,0,0,0,0,5.78947E+20,5.3055E+21,1.00563E+16,4.7898E+16
31027,31028,8,2,36,71,2016,6,14,3,3,3,1,0,1,0,1,0,0,1,0,4.70753E+20,5.41911E+21,8.60074E+15,4.89243E+16
31028,31029,8,1,11,0,2016,6,12,3,3,2,6,0,0,0,1,0,0,0,0,5.1489E+20,5.40611E+21,9.20279E+15,4.88078E+16
31029,31030,8,1,18,81,2016,6,10,7,2,0,7,0,1,0,0,0,1,0,0,5.19954E+20,5.41344E+21,9.27212E+15,4.88736E+16
31030,31031,8,1,15,3,2016,6,15,5,3,2,6,0,0,0,1,0,0,0,0,5.00506E+20,5.39238E+21,9.00687E+15,4.86845E+16
31031,31032,8,3,36,105,2016,6,19,2,2,9,1,0,0,0,1,0,0,0,0,4.0069E+20,5.26725E+21,7.68008E+15,4.7551E+16
31032,31033,8,2,37,40,2016,6,16,1,3,0,6,0,1,0,1,0,1,0,0,4.77735E+20,5.36572E+21,8.69892E+15,4.84442E+16
31033,31034,8,1,36,34,2016,6,11,1,3,2,6,0,0,0,1,0,0,0,1,5.62748E+20,5.40855E+21,9.85493E+15,4.88267E+16
31034,31035,8,1,11,0,2016,6,12,1,3,3,7,0,1,0,1,0,0,0,0,5.16525E+20,5.40431E+21,9.22499E+15,4.87916E+16
31035,31036,8,3,35,43,2016,6,22,2,3,5,3,2,0,0,1,0,1,0,0,5.13073E+20,5.27971E+21,9.17415E+15,4.76706E+16
31036,31037,8,3,17,127,2016,6,16,1,3,8,1,0,0,0,0,0,1,0,0,4.22156E+20,5.34944E+21,7.95048E+15,4.82934E+16
31037,31038,8,2,15,84,2016,6,16,1,3,0,7,0,0,1,0,0,0,0,0,4.74108E+20,5.4486E+21,8.64465E+15,4.91897E+16
31038,31039,8,3,17,96,2016,6,14,6,3,5,3,0,0,0,1,0,1,0,0,4.23755E+20,5.37067E+21,7.96818E+15,4.84846E+16