FID,OBJECTID,ULAND,UREGBEZ,UKREIS,UGEMEINDE,UJAHR,UMONAT,USTUNDE,UWOCHENTAG,UKATEGORIE,UART,UTYP1,ULICHTVERH,IstStrasse,IstRad,IstPKW,IstFuss,IstKrad,IstGkfz,IstSonstig,LINREFX,LINREFY,XGCSWGS84,YGCSWGS84
31039,31040,8,2,26,91,2016,6,18,6,3,2,6,0,1,0,1,0,0,0,0,4.92919E+20,5.45794E+21,8.90265E+15,4.92742E+16
31040,31041,8,1,25,66,2016,6,10,6,3,2,6,0,0,0,1,0,0,0,0,5.1856E+20,5.43108E+21,9.25391E+15,4.90323E+16
31041,31042,8,2,12,0,2016,6,15,4,3,5,3,0,0,1,1,0,0,0,0,4.56205E+20,5.42669E+21,8.40134E+15,4.89915E+16
31042,31043,8,1,15,42,2016,6,12,4,3,4,2,0,1,0,1,0,0,0,0,4.96824E+20,5.40596E+21,8.95674E+15,4.88066E+16
31043,31044,8,4,17,44,2016,6,6,5,3,5,3,0,1,0,1,0,0,1,0,4.93841E+20,5.33471E+21,8.91717E+15,4.81656E+16
31044,31045,8,3,27,36,2016,6,17,5,3,4,7,0,0,0,1,0,0,0,1,4.91418E+20,5.31914E+21,8.88489E+15,4.80255E+16
31045,31046,8,2,26,102,2016,6,23,5,2,8,3,1,0,0,0,0,1,0,1,4.83675E+20,5.45323E+21,8.77576E+15,4.92317E+16
31046,31047,8,2,35,7,2016,6,5,3,3,2,6,0,0,0,1,0,0,0,0,4.87018E+20,5.39739E+21,8.82346E+15,4.87294E+16
31047,31048,8,4,35,35,2016,6,4,2,3,8,1,2,1,0,1,0,0,0,0,5.40169E+20,5.28014E+21,9.53512E+15,4.76734E+16
31048,31049,8,1,25,68,2016,6,2,2,2,8,1,2,0,0,1,0,0,0,0,5.18467E+20,5.46032E+21,9.25398E+15,4.92953E+16
31049,31050,8,1,25,102,2016,6,13,7,2,8,1,0,1,0,1,0,0,0,0,5.21852E+20,5.44447E+21,9.29967E+15,4.91527E+16
31050,31051,8,4,25,39,2016,6,11,4,2,1,7,0,0,0,1,0,0,0,1,5.67336E+20,5.35045E+21,9.90802E+15,4.83036E+16
31051,31052,8,2,37,45,2016,6,7,2,3,4,6,0,0,0,1,0,0,0,0,4.59789E+20,5.36164E+21,8.45667E+15,4.84066E+16
31052,31053,8,2,26,98,2016,6,18,1,3,2,2,0,0,0,1,0,0,0,0,4.81173E+20,5.46209E+21,8.74098E+15,4.93112E+16
31053,31054,8,1,25,8,2016,6,13,1,3,0,1,0,1,0,0,0,1,0,0,5.2647E+20,5.43507E+21,9.36239E+15,4.9068E+16
31054,31055,8,2,22,0,2016,6,23,4,3,9,1,2,1,0,1,0,0,0,0,4.65046E+20,5.48501E+21,8.51709E+15,4.95167E+16
31055,31056,8,4,36,55,2016,6,10,7,3,9,1,0,0,0,0,0,1,0,0,5.76234E+20,5.30028E+21,1.00191E+16,4.78513E+16
31056,31057,8,1,18,81,2016,6,20,3,3,0,7,0,0,0,0,0,1,0,0,5.20242E+20,5.4151E+21,9.27613E+15,4.88886E+16
31057,31058,8,2,36,46,2016,6,19,6,3,2,6,0,0,0,1,0,0,0,0,4.8291E+20,5.41779E+21,8.76675E+15,4.89128E+16
31058,31059,8,3,36,91,2016,6,14,7,3,1,6,0,0,0,1,0,0,0,0,3.95139E+20,5.2719E+21,7.60521E+15,4.7592E+16
31059,31060,8,1,25,27,2016,6,16,6,2,1,6,0,1,0,1,0,0,0,0,5.19672E+20,5.44542E+21,9.26983E+15,4.91613E+16
31060,31061,8,2,22,0,2016,6,21,4,3,8,1,1,1,0,1,0,0,0,0,4.66463E+20,5.47418E+21,8.53759E+15,4.94193E+16
31061,31062,8,4,36,8,2016,6,13,3,3,5,3,0,0,1,1,0,0,0,0,5.47753E+20,5.31146E+21,9.6396E+15,4.79547E+16
31062,31063,8,2,35,8,2016,6,19,5,3,8,1,0,0,0,1,0,0,0,0,4.84924E+20,5.4004E+21,8.79488E+15,4.87564E+16
31063,31064,8,1,21,0,2016,6,22,5,1,6,4,2,0,0,1,1,0,0,0,5.14435E+20,5.44207E+21,9.19788E+15,4.91313E+16
31064,31065,8,1,19,24,2016,6,18,7,2,9,1,0,0,0,1,0,0,0,0,5.38007E+20,5.4325E+21,9.52009E+15,4.90442E+16
31065,31066,8,1,26,66,2016,6,8,3,3,3,6,0,0,0,1,0,0,1,0,5.33884E+20,5.44999E+21,9.46514E+15,4.92018E+16
31066,31067,8,2,37,4,2016,6,15,4,2,8,1,0,0,0,0,0,1,0,0,4.46191E+20,5.37732E+21,8.27091E+15,4.85467E+16
31067,31068,8,1,21,0,2016,6,8,3,2,5,2,0,0,0,1,0,1,0,0,5.11751E+20,5.44607E+21,9.1612E+15,4.91673E+16
31068,31069,8,3,17,59,2016,6,19,6,3,5,3,0,0,1,1,0,0,0,0,4.12727E+20,5.34951E+21,7.82337E+15,4.82927E+16
31069,31070,8,2,26,55,2016,6,10,6,2,4,6,0,0,0,1,0,1,0,0,4.9839E+20,5.45972E+21,8.97786E+15,4.92903E+16
31070,31071,8,4,15,61,2016,6,13,7,3,5,2,0,0,0,1,0,1,0,0,5.14809E+20,5.37E+21,9.2004E+15,4.84829E+16
31071,31072,8,1,18,12,2016,6,15,6,3,8,1,0,0,0,0,0,0,1,0,4.97221E+20,5.41461E+21,8.9621E+15,4.88844E+16
31072,31073,8,2,31,0,2016,6,15,4,2,4,6,0,0,0,1,0,0,1,0,4.76863E+20,5.41345E+21,8.68447E+15,4.88735E+16
31073,31074,8,4,37,86,2016,6,7,3,3,2,6,0,0,0,1,0,0,0,0,5.3301E+20,5.31403E+21,9.44234E+15,4.79787E+16
31074,31075,8,3,37,22,2016,6,16,5,3,4,6,0,0,0,1,0,0,0,0,4.52424E+20,5.29314E+21,8.36479E+15,4.77899E+16
31075,31076,8,3,17,31,2016,6,10,5,2,6,4,0,0,0,1,1,0,0,0,4.1773E+20,5.35847E+21,7.88906E+15,4.83741E+16
31076,31077,8,2,12,0,2016,6,8,5,3,0,2,0,1,0,1,0,1,0,0,4.5419E+20,5.42826E+21,8.37361E+15,4.90055E+16
31077,31078,8,2,15,108,2016,6,20,3,3,1,6,2,1,0,1,0,0,0,0,4.48606E+20,5.42307E+21,8.29793E+15,4.89584E+16
31078,31079,8,4,21,0,2016,6,16,2,3,4,1,0,0,0,0,0,1,0,1,5.74479E+20,5.36263E+21,1.00065E+16,4.84125E+16
31079,31080,8,3,17,96,2016,6,16,4,3,5,3,0,0,0,1,0,0,0,0,4.22889E+20,5.37243E+21,7.95614E+15,4.85003E+16
31080,31081,8,1,17,26,2016,6,9,2,2,5,3,0,0,0,1,0,0,0,0,5.51299E+20,5.39061E+21,9.69672E+15,4.86665E+16
31081,31082,8,2,22,0,2016,6,18,4,3,1,6,0,0,0,1,0,0,0,0,4.63789E+20,5.48031E+21,8.50017E+15,4.94743E+16
31082,31083,8,2,26,85,2016,6,10,2,3,5,3,0,0,0,1,0,0,0,0,4.89403E+20,5.45502E+21,8.85439E+15,4.92479E+16
31083,31084,8,1,19,20,2016,6,22,4,2,5,3,2,1,1,1,0,0,0,0,5.20692E+20,5.407E+21,9.28187E+15,4.88156E+16
31084,31085,8,1,16,78,2016,6,17,1,3,8,1,0,0,0,1,0,0,0,0,5.09587E+20,5.39299E+21,9.13026E+15,4.86899E+16
31085,31086,8,2,22,0,2016,6,15,4,2,3,6,0,0,0,1,0,1,0,0,4.65895E+20,5.48427E+21,8.52889E+15,4.95101E+16
31086,31087,8,4,17,13,2016,6,4,7,3,8,1,2,1,0,0,0,0,0,1,5.09547E+20,5.35739E+21,9.12891E+15,4.83696E+16
31087,31088,8,1,11,0,2016,6,20,3,3,1,6,1,1,0,1,0,0,0,0,5.1232E+20,5.39463E+21,9.16744E+15,4.87046E+16
31088,31089,8,3,35,99,2016,6,13,7,3,5,3,0,0,1,0,0,0,0,0,4.95846E+20,5.29705E+21,8.9445E+15,4.78268E+16
31089,31090,8,1,19,20,2016,6,12,6,3,2,6,0,0,0,1,0,0,0,0,5.18493E+20,5.40814E+21,9.25196E+15,4.8826E+16
31090,31091,8,2,12,0,2016,6,20,4,3,3,6,0,1,0,1,0,0,0,0,4.53717E+20,5.43311E+21,8.3666E+15,4.90491E+16
31091,31092,8,4,17,36,2016,6,15,3,3,4,2,0,0,0,1,0,0,0,0,5.03909E+20,5.35215E+21,9.05273E+15,4.83225E+16
31092,31093,8,1,11,0,2016,6,21,7,3,2,6,2,0,0,1,0,0,0,0,5.14344E+20,5.40182E+21,9.19521E+15,4.87692E+16
31093,31094,8,1,36,65,2016,6,16,3,3,4,6,0,0,0,1,0,0,1,0,5.61401E+20,5.40591E+21,9.83618E+15,4.88031E+16
31094,31095,8,2,16,33,2016,6,20,4,3,4,2,0,1,0,1,0,0,0,0,4.46214E+20,5.41148E+21,8.26678E+15,4.8854E+16
31095,31096,8,4,17,31,2016,6,18,1,3,5,3,0,0,0,1,0,0,0,0,4.97248E+20,5.356E+21,8.96285E+15,4.83572E+16
31096,31097,8,1,11,0,2016,6,9,2,3,3,7,0,0,0,1,0,0,1,0,5.07655E+20,5.39535E+21,9.10405E+15,4.87111E+16
31097,31098,8,1,15,28,2016,6,16,2,2,2,6,0,0,0,0,0,1,0,0,4.97626E+20,5.40582E+21,8.96767E+15,4.88054E+16
31098,31099,8,2,21,0,2016,6,17,4,3,2,6,0,0,0,1,0,0,0,0,4.7769E+20,5.4734E+21,8.69243E+15,4.94128E+16
31099,31100,8,2,15,107,2016,6,17,2,3,7,2,0,0,0,1,0,0,0,0,4.62375E+20,5.45654E+21,8.48289E+15,4.92604E+16
31100,31101,8,4,16,41,2016,6,17,7,3,9,7,0,0,0,1,0,0,0,0,5.06599E+20,5.37378E+21,9.08936E+15,4.85171E+16
31101,31102,8,4,21,0,2016,6,19,4,3,5,3,0,0,0,1,0,0,0,0,5.72358E+20,5.36148E+21,9.97763E+15,4.84023E+16
31102,31103,8,1,27,76,2016,6,17,4,3,9,1,0,1,0,1,0,0,0,0,5.47194E+20,5.4355E+21,9.64614E+15,4.90706E+16
31103,31104,8,3,26,31,2016,6,22,3,3,4,6,2,1,0,1,0,0,0,0,4.56202E+20,5.33356E+21,8.4111E+15,4.81538E+16
31104,31105,8,1,16,78,2016,6,15,3,3,2,6,0,0,0,1,0,0,0,0,5.11621E+20,5.39309E+21,9.15791E+15,4.86907E+16
31105,31106,8,3,15,20,2016,6,11,7,3,3,2,0,1,0,1,0,0,0,0,4.25372E+20,5.31066E+21,8.00062E+15,4.79449E+16
31106,31107,8,2,25,60,2016,6,13,7,2,9,1,0,1,0,0,0,1,0,0,5.09179E+20,5.48827E+21,9.12688E+15,4.9547E+16
31107,31108,8,1,36,88,2016,6,17,4,2,4,6,0,0,0,1,0,0,0,0,5.82431E+20,5.40759E+21,1.01229E+16,4.88158E+16
31108,31109,8,1,21,0,2016,6,19,5,3,2,1,0,0,0,1,0,1,0,0,5.14699E+20,5.44772E+21,9.20171E+15,4.91821E+16
31109,31110,8,4,17,2,2016,6,11,6,3,1,2,0,1,0,1,0,0,0,1,4.90209E+20,5.34368E+21,8.86811E+15,4.82462E+16
31110,31111,8,1,27,25,2016,6,0,3,3,8,1,2,0,0,1,0,0,0,0,5.57071E+20,5.42906E+21,9.78046E+15,4.90118E+16
31111,31112,8,4,15,61,2016,6,18,2,3,2,6,0,0,0,1,0,1,0,0,5.14896E+20,5.37104E+21,9.20162E+15,4.84923E+16
31112,31113,8,3,35,66,2016,6,11,1,3,0,1,0,0,1,0,0,0,0,0,5.09369E+20,5.28178E+21,9.12485E+15,4.76893E+16
31113,31114,8,1,26,72,2016,6,20,2,3,8,1,0,0,0,0,0,1,0,0,5.38822E+20,5.46551E+21,9.53443E+15,4.93411E+16
31114,31115,8,3,26,12,2016,6,18,6,3,8,1,0,1,0,1,0,0,0,0,4.63564E+20,5.31295E+21,8.51184E+15,4.79688E+16
31115,31116,8,2,26,98,2016,6,14,6,3,8,7,0,0,0,0,0,1,0,0,4.81086E+20,5.46184E+21,8.7398E+15,4.9309E+16
31116,31117,8,3,15,7,2016,6,18,4,3,9,7,0,0,0,1,0,0,0,0,4.0182E+20,5.29587E+21,7.68867E+15,4.78087E+16
31117,31118,8,1,17,24,2016,6,15,4,3,5,3,0,0,0,1,0,0,0,0,5.60119E+20,5.3865E+21,9.81591E+15,4.86287E+16
31118,31119,8,4,35,36,2016,6,6,5,3,0,7,1,1,0,0,0,1,0,1,5.19947E+20,5.28249E+21,9.26584E+15,4.76955E+16
31119,31120,8,3,37,123,2016,6,15,5,3,2,6,0,0,0,1,0,1,0,0,4.51248E+20,5.27742E+21,8.35084E+15,4.76484E+16
31120,31121,8,2,26,96,2016,6,20,5,3,1,7,0,0,0,1,0,0,0,0,4.75341E+20,5.487E+21,8.6592E+15,4.95352E+16
31121,31122,8,2,12,0,2016,6,12,3,3,1,5,0,0,1,1,0,0,0,0,4.55214E+20,5.4289E+21,8.38755E+15,4.90113E+16
31122,31123,8,4,36,8,2016,6,12,2,3,2,6,0,0,1,0,0,0,0,0,5.45522E+20,5.30869E+21,9.60942E+15,4.79299E+16
31123,31124,8,2,25,117,2016,6,11,7,2,9,1,0,1,0,1,0,0,0,0,5.1337E+20,5.47195E+21,9.18428E+15,4.94001E+16
31124,31125,8,4,36,64,2016,6,17,4,3,2,2,0,0,0,1,0,0,0,0,5.45721E+20,5.29286E+21,9.61042E+15,4.77875E+16
31125,31126,8,2,12,0,2016,6,12,6,2,5,3,0,0,1,1,0,0,0,0,4.5248E+20,5.42827E+21,8.35024E+15,4.90055E+16
31126,31127,8,3,35,75,2016,6,8,4,3,0,7,0,1,1,0,0,0,0,0,4.91948E+20,5.28558E+21,8.89263E+15,4.77236E+16
31127,31128,8,1,18,12,2016,6,16,4,3,5,3,0,0,0,1,0,0,0,0,4.98681E+20,5.41441E+21,8.982E+15,4.88826E+16
31128,31129,8,1,16,42,2016,6,13,6,3,5,3,0,0,0,1,0,0,0,0,5.17402E+20,5.3823E+21,9.23601E+15,4.85935E+16
31129,31130,8,3,36,19,2016,6,19,3,3,5,3,0,0,1,1,0,0,0,0,3.94552E+20,5.2759E+21,7.59645E+15,4.76279E+16
31130,31131,8,1,11,0,2016,6,14,3,3,5,3,0,0,0,1,0,0,0,0,5.07803E+20,5.40615E+21,9.10627E+15,4.88083E+16
31131,31132,8,1,25,69,2016,6,10,7,3,8,1,0,1,0,1,0,0,0,0,5.25378E+20,5.45177E+21,9.34849E+15,4.92182E+16
31132,31133,8,1,17,3,2016,6,15,5,3,2,6,0,0,0,1,0,0,0,0,5.41566E+20,5.39328E+21,9.5648E+15,4.86912E+16
31133,31134,8,3,35,63,2016,6,21,6,3,5,3,0,1,0,1,0,0,0,0,4.96774E+20,5.28772E+21,8.95697E+15,4.77428E+16
31134,31135,8,3,25,45,2016,6,9,2,3,2,2,0,0,0,1,0,0,0,0,4.6619E+20,5.34934E+21,8.54413E+15,4.82964E+16
31135,31136,8,3,16,10,2016,6,19,1,3,4,6,0,1,0,1,0,0,0,0,4.30427E+20,5.33551E+21,8.06427E+15,4.8169E+16
31136,31137,8,1,15,28,2016,6,9,1,3,2,6,0,0,0,1,0,0,0,0,5.0188E+20,5.40241E+21,9.02559E+15,4.87747E+16
31137,31138,8,3,17,65,2016,6,23,6,3,5,2,2,1,0,1,0,0,0,0,4.1426E+20,5.35406E+21,7.84311E+15,4.83339E+16
31138,31139,8,2,26,49,2016,6,18,6,2,5,3,0,1,0,1,0,0,0,0,4.86687E+20,5.4629E+21,8.81681E+15,4.93187E+16
31139,31140,8,4,25,79,2016,6,9,6,3,2,6,0,0,0,0,0,0,1,1,5.56941E+20,5.37418E+21,9.77109E+15,4.85182E+16
31140,31141,8,2,15,90,2016,6,15,4,2,3,6,0,0,0,1,0,1,0,0,4.63273E+20,5.43365E+21,8.49732E+15,4.90546E+16
31141,31142,8,4,37,47,2016,6,10,3,3,4,6,0,0,0,1,0,0,0,0,5.21017E+20,5.33857E+21,9.28284E+15,4.82E+16
31142,31143,8,2,37,40,2016,6,7,5,3,9,7,0,0,0,0,0,0,0,1,4.8122E+20,5.3641E+21,8.74612E+15,4.84298E+16
31143,31144,8,3,17,65,2016,6,10,5,3,2,6,0,0,0,1,0,0,1,0,4.16081E+20,5.35449E+21,7.86759E+15,4.8338E+16
31144,31145,8,2,16,15,2016,6,15,5,2,8,1,0,0,1,0,0,0,0,0,4.52507E+20,5.40841E+21,8.35292E+15,4.88269E+16
31145,31146,8,2,21,0,2016,6,17,3,3,2,6,0,0,0,1,0,0,0,0,4.78248E+20,5.47336E+21,8.70013E+15,4.94125E+16
31146,31147,8,4,26,117,2016,6,16,2,3,4,2,0,0,0,1,0,0,0,0,5.80985E+20,5.31657E+21,1.00856E+16,4.79973E+16
31147,31148,8,3,16,42,2016,6,21,4,2,3,2,1,0,1,0,0,0,0,0,4.28782E+20,5.32853E+21,8.0433E+15,4.81061E+16
31148,31149,8,1,25,65,2016,6,16,2,3,4,6,0,0,0,1,0,0,0,0,5.16156E+20,5.44745E+21,9.22168E+15,4.91797E+16
31149,31150,8,4,15,61,2016,6,15,4,3,6,6,0,0,0,0,1,0,0,1,5.15555E+20,5.37136E+21,9.21055E+15,4.84952E+16
31150,31151,8,2,35,8,2016,6,19,2,3,9,1,0,0,0,0,0,1,0,0,4.80794E+20,5.40238E+21,8.7386E+15,4.87742E+16
31151,31152,8,1,15,28,2016,6,18,4,3,7,7,0,0,0,1,0,0,0,0,5.00044E+20,5.40346E+21,9.0006E+15,4.87842E+16
31152,31153,8,2,26,81,2016,6,13,1,2,8,7,0,1,0,0,0,0,1,0,4.97181E+20,5.47414E+21,8.96113E+15,4.94199E+16
31153,31154,8,1,18,48,2016,6,18,1,3,5,3,0,1,0,1,0,0,0,0,5.16159E+20,5.41739E+21,9.22053E+15,4.89092E+16
31154,31155,8,4,26,21,2016,6,14,7,3,2,6,0,0,0,1,0,0,0,0,5.59824E+20,5.32915E+21,9.80373E+15,4.81128E+16
31155,31156,8,1,11,0,2016,6,1,6,2,5,3,2,1,0,1,0,0,0,0,5.12904E+20,5.40196E+21,9.17561E+15,4.87705E+16
31156,31157,8,3,26,60,2016,6,17,2,3,4,2,0,1,1,1,0,0,0,0,4.42287E+20,5.33129E+21,8.22433E+15,4.81323E+16
31157,31158,8,4,15,61,2016,6,17,2,3,5,2,0,1,1,1,0,0,0,0,5.16999E+20,5.37892E+21,9.2304E+15,4.85631E+16
31158,31159,8,2,22,0,2016,6,14,5,3,2,6,0,0,0,1,0,0,0,0,4.62409E+20,5.48564E+21,8.48061E+15,4.95223E+16
31159,31160,8,1,18,49,2016,6,20,5,3,0,3,1,0,0,1,0,1,0,0,5.22099E+20,5.42209E+21,9.30185E+15,4.89513E+16
31160,31161,8,1,15,42,2016,6,20,3,3,9,1,1,1,0,1,0,0,0,0,4.91198E+20,5.4081E+21,8.88008E+15,4.88258E+16
31161,31162,8,1,25,102,2016,6,15,7,3,5,3,0,0,0,1,0,1,0,0,5.2111E+20,5.44508E+21,9.28953E+15,4.91582E+16
31162,31163,8,2,26,85,2016,6,9,1,2,0,1,0,1,0,0,0,1,0,0,4.88582E+20,5.45729E+21,8.84305E+15,4.92683E+16
31163,31164,8,3,35,21,2016,6,14,6,2,4,6,0,0,1,1,0,0,1,0,4.94935E+20,5.30435E+21,8.93224E+15,4.78925E+16
31164,31165,8,1,11,0,2016,6,9,5,3,5,2,0,1,0,1,0,0,0,0,5.12028E+20,5.41092E+21,9.16396E+15,4.88512E+16
31165,31166,8,1,27,52,2016,6,4,4,2,5,3,1,0,0,1,0,0,0,0,5.40668E+20,5.43603E+21,9.55686E+15,4.90758E+16
31166,31167,8,1,18,14,2016,6,17,6,3,4,7,0,0,0,1,0,0,0,0,5.21945E+20,5.42065E+21,9.29966E+15,4.89384E+16
31167,31168,8,1,16,78,2016,6,19,6,3,2,6,0,0,0,1,0,0,0,0,5.12334E+20,5.39412E+21,9.16762E+15,4.87E+16
31168,31169,8,3,17,96,2016,6,15,3,3,2,6,0,1,0,1,0,0,0,1,4.18947E+20,5.36961E+21,7.90334E+15,4.84744E+16
31169,31170,8,4,36,64,2016,6,7,2,3,2,6,0,1,0,1,0,0,1,0,5.44973E+20,5.28913E+21,9.60004E+15,4.7754E+16
31170,31171,8,4,25,141,2016,6,7,5,2,4,1,0,1,0,1,0,0,1,0,5.64906E+20,5.36373E+21,9.87731E+15,4.84234E+16
31171,31172,8,1,36,88,2016,6,16,2,3,8,1,0,1,0,1,0,0,0,0,5.85611E+20,5.40597E+21,1.01658E+16,4.88008E+16
31172,31173,8,1,28,58,2016,6,7,6,3,4,2,0,1,0,1,0,0,0,0,5.59066E+20,5.48295E+21,9.81568E+15,4.94963E+16
31173,31174,8,4,26,108,2016,6,8,5,2,8,1,0,0,0,1,0,0,0,0,5.75373E+20,5.34117E+21,1.00147E+16,4.82193E+16
31174,31175,8,4,26,134,2016,6,19,1,3,9,1,0,1,0,1,0,0,0,0,5.58037E+20,5.33594E+21,9.78066E+15,4.81741E+16
31175,31176,8,3,11,0,2016,6,7,2,3,8,1,0,1,0,1,0,0,0,0,4.05612E+20,5.315E+21,7.73511E+15,4.79813E+16
31176,31177,8,4,37,102,2016,6,13,4,2,0,1,0,0,0,0,0,1,0,0,4.96838E+20,5.32904E+21,8.95752E+15,4.81146E+16
31177,31178,8,3,15,131,2016,6,9,1,3,8,1,0,1,0,1,0,0,0,0,4.07371E+20,5.30738E+21,7.76032E+15,4.79131E+16
31178,31179,8,1,18,48,2016,6,0,5,3,2,6,2,0,0,1,0,0,0,0,5.11933E+20,5.41807E+21,9.16288E+15,4.89154E+16
31179,31180,8,3,25,57,2016,6,11,4,2,8,1,0,1,1,0,0,0,0,0,4.73408E+20,5.35653E+21,8.641E+15,4.83614E+16
31180,31181,8,1,25,63,2016,6,13,3,3,6,7,0,1,0,1,1,0,0,0,5.25765E+20,5.46437E+21,9.35462E+15,4.93315E+16
31181,31182,8,1,26,66,2016,6,16,1,3,0,1,0,1,1,0,0,0,0,0,5.38649E+20,5.44954E+21,9.53051E+15,4.91974E+16
31182,31183,8,4,37,86,2016,6,10,7,3,8,6,0,1,0,1,0,0,0,1,5.24393E+20,5.30707E+21,9.32648E+15,4.79165E+16
31183,31184,8,2,26,103,2016,6,11,6,3,3,6,0,0,0,1,0,0,0,0,4.72197E+20,5.45825E+21,8.61776E+15,4.92763E+16
31184,31185,8,3,25,45,2016,6,7,4,3,3,1,0,1,0,1,0,0,0,0,4.72934E+20,5.3493E+21,8.63507E+15,4.82963E+16
31185,31186,8,1,16,19,2016,6,13,4,3,4,6,0,0,0,1,0,0,0,1,5.25373E+20,5.39779E+21,9.34505E+15,4.87326E+16
31186,31187,8,1,28,131,2016,6,19,3,2,2,6,0,1,0,0,0,0,1,0,5.45876E+20,5.51237E+21,9.63699E+15,4.97621E+16
31187,31188,8,1,15,28,2016,6,17,1,3,5,6,0,0,0,1,0,0,0,0,5.02394E+20,5.40111E+21,9.03258E+15,4.8763E+16
31188,31189,8,3,17,1,2016,6,14,6,3,8,6,0,0,0,0,0,1,0,0,4.29255E+20,5.38487E+21,8.04019E+15,4.86129E+16
31189,31190,8,4,21,0,2016,6,21,4,1,6,7,0,1,0,1,1,0,0,0,5.72184E+20,5.36544E+21,9.97597E+15,4.8438E+16
31190,31191,8,1,18,18,2016,6,19,4,3,3,6,0,0,0,1,0,0,0,1,5.13493E+20,5.4304E+21,9.18457E+15,4.90264E+16
31191,31192,8,1,28,131,2016,6,14,6,3,3,6,0,0,0,1,0,0,0,0,5.41397E+20,5.51368E+21,9.57495E+15,4.97742E+16
31192,31193,8,4,36,82,2016,6,17,5,3,5,3,0,0,1,1,0,0,0,0,5.47335E+20,5.29682E+21,9.6324E+15,4.7823E+16
31193,31194,8,3,16,12,2016,6,19,7,3,5,3,0,0,0,1,0,1,0,0,4.04815E+20,5.33541E+21,7.71989E+15,4.81648E+16
31194,31195,8,2,15,17,2016,6,12,3,3,2,1,0,1,0,1,0,0,0,0,4.54675E+20,5.42308E+21,8.38082E+15,4.89589E+16
31195,31196,8,1,15,42,2016,6,20,5,3,2,6,0,0,0,1,1,0,1,0,4.92156E+20,5.40775E+21,8.89314E+15,4.88227E+16
31196,31197,8,1,27,14,2016,6,9,2,3,2,2,0,1,0,1,0,0,0,0,5.78178E+20,5.44406E+21,1.00719E+16,4.91444E+16
31197,31198,8,1,21,0,2016,6,14,6,3,4,2,0,0,0,1,0,1,0,0,5.1531E+20,5.44632E+21,9.21004E+15,4.91695E+16
31198,31199,8,4,15,61,2016,6,10,5,3,5,3,0,1,0,1,0,0,0,0,5.1417E+20,5.37088E+21,9.19178E+15,4.84909E+16
31199,31200,8,3,35,79,2016,6,3,1,3,8,1,2,1,0,1,0,0,0,0,5.01983E+20,5.30199E+21,9.02652E+15,4.78712E+16
31200,31201,8,2,35,6,2016,6,18,2,3,8,1,0,0,0,0,0,1,0,0,4.72806E+20,5.38367E+21,8.63111E+15,4.86055E+16
31201,31202,8,1,19,93,2016,6,4,7,2,9,1,2,0,0,1,0,0,0,0,5.24324E+20,5.40579E+21,9.33126E+15,4.88046E+16
31202,31203,8,1,26,58,2016,6,17,5,3,2,6,0,0,0,1,0,0,0,0,5.42993E+20,5.45156E+21,9.59035E+15,4.92153E+16
31203,31204,8,3,11,0,2016,6,9,4,3,0,1,0,1,1,0,0,0,0,0,4.14613E+20,5.31777E+21,7.85517E+15,4.80075E+16
31204,31205,8,2,26,12,2016,6,13,6,2,2,6,0,0,0,1,0,0,0,1,4.74108E+20,5.47642E+21,8.64284E+15,4.94399E+16
31205,31206,8,1,11,0,2016,6,17,4,3,5,3,0,0,0,1,0,0,0,0,5.09603E+20,5.39728E+21,9.13059E+15,4.87285E+16
31206,31207,8,1,18,60,2016,6,16,3,2,5,3,0,1,1,1,0,0,0,0,5.23513E+20,5.43036E+21,9.32163E+15,4.90257E+16
31207,31208,8,4,37,8,2016,6,18,7,3,5,3,0,0,0,1,0,0,0,0,5.2026E+20,5.3287E+21,9.27219E+15,4.81112E+16
31208,31209,8,4,26,1,2016,6,12,7,3,9,1,0,1,0,1,0,0,0,0,5.67319E+20,5.34586E+21,9.90706E+15,4.82623E+16
31209,31210,8,3,26,74,2016,6,20,4,3,2,3,0,0,0,1,0,0,0,0,4.67992E+20,5.323E+21,8.57042E+15,4.80595E+16
31210,31211,8,4,26,97,2016,6,7,5,3,1,6,0,1,0,1,0,0,0,0,5.3683E+20,5.33339E+21,9.4952E+15,4.81527E+16
31211,31212,8,2,36,73,2016,6,16,7,3,5,2,0,0,0,1,0,0,0,0,4.80765E+20,5.42443E+21,8.73717E+15,4.89725E+16
31212,31213,8,2,11,0,2016,6,9,3,3,0,7,0,0,1,0,0,0,0,0,4.37988E+20,5.39769E+21,8.15674E+15,4.87291E+16
31213,31214,8,4,17,51,2016,6,12,2,3,9,1,0,1,0,1,0,0,0,0,4.91382E+20,5.36069E+21,8.88357E+15,4.83993E+16
31214,31215,8,1,18,48,2016,6,6,2,2,0,1,0,1,0,0,0,1,0,0,5.16228E+20,5.41733E+21,9.22146E+15,4.89087E+16
31215,31216,8,2,26,85,2016,6,8,5,3,2,6,0,0,0,1,0,0,1,0,4.85313E+20,5.45693E+21,8.79813E+15,4.92649E+16
31216,31217,8,2,15,39,2016,6,9,5,3,2,6,0,1,0,1,0,0,0,0,4.71052E+20,5.45342E+21,8.60236E+15,4.92328E+16
31217,31218,8,2,15,39,2016,6,11,7,2,1,5,0,0,0,1,0,0,0,0,4.72971E+20,5.45196E+21,8.62882E+15,4.92198E+16
31218,31219,8,2,25,14,2016,6,6,3,3,1,6,0,0,0,1,0,0,0,0,5.23991E+20,5.48637E+21,9.33153E+15,4.95295E+16
31219,31220,8,1,25,27,2016,6,12,2,3,2,6,0,1,0,1,0,0,0,1,5.19642E+20,5.44583E+21,9.26944E+15,4.9165E+16