FID,OBJECTID,ULAND,UREGBEZ,UKREIS,UGEMEINDE,UJAHR,UMONAT,USTUNDE,UWOCHENTAG,UKATEGORIE,UART,UTYP1,ULICHTVERH,IstStrasse,IstRad,IstPKW,IstFuss,IstKrad,IstGkfz,IstSonstig,LINREFX,LINREFY,XGCSWGS84,YGCSWGS84
31220,31221,8,1,15,21,2016,6,15,6,2,5,3,0,0,0,1,0,1,0,0,4.94848E+20,5.38022E+21,8.93015E+15,4.85751E+16
31221,31222,8,2,16,43,2016,6,16,5,2,9,7,0,0,0,0,0,0,0,1,4.44138E+20,5.41148E+21,8.23849E+15,4.88538E+16
31222,31223,8,3,26,60,2016,6,11,5,3,8,1,0,1,0,1,0,0,0,0,4.43014E+20,5.3353E+21,8.23356E+15,4.81684E+16
31223,31224,8,2,25,14,2016,6,7,2,3,0,1,0,1,0,0,0,1,0,0,5.23606E+20,5.48564E+21,9.32616E+15,4.95229E+16
31224,31225,8,2,16,7,2016,6,1,7,3,2,6,2,0,0,1,0,0,0,0,4.37126E+20,5.39563E+21,8.14533E+15,4.87105E+16
31225,31226,8,1,16,19,2016,6,21,7,3,5,3,2,1,0,1,0,0,0,0,5.23811E+20,5.39795E+21,9.32383E+15,4.87341E+16
31226,31227,8,1,36,45,2016,6,12,5,3,5,3,0,0,0,1,0,0,0,0,5.9817E+20,5.4011E+21,1.03357E+16,4.87552E+16
31227,31228,8,2,15,108,2016,6,16,4,2,2,6,0,0,0,1,0,1,0,0,4.48284E+20,5.42267E+21,8.29358E+15,4.89548E+16
31228,31229,8,2,15,25,2016,6,18,6,2,6,4,0,0,1,0,1,0,0,0,4.74804E+20,5.43415E+21,8.65511E+15,4.90597E+16
31229,31230,8,4,35,34,2016,6,6,3,3,8,1,0,1,0,0,0,0,1,0,5.27513E+20,5.28389E+21,9.36676E+15,4.77078E+16
31230,31231,8,1,16,49,2016,6,20,3,2,5,3,0,0,0,1,0,0,0,0,5.24332E+20,5.38738E+21,9.33028E+15,4.8639E+16
31231,31232,8,3,35,22,2016,6,14,7,3,5,3,0,0,0,1,0,0,0,0,4.82822E+20,5.30021E+21,8.77036E+15,4.7855E+16
31232,31233,8,3,16,45,2016,6,17,5,3,2,6,0,0,0,1,0,0,0,0,4.10763E+20,5.3262E+21,7.8018E+15,4.80828E+16
31233,31234,8,1,16,79,2016,6,13,6,3,0,1,0,0,1,0,0,0,0,0,5.36294E+20,5.3749E+21,9.49156E+15,4.85261E+16
31234,31235,8,4,15,61,2016,6,17,2,3,2,6,0,0,0,1,0,1,0,0,5.15279E+20,5.37057E+21,9.20678E+15,4.8488E+16
31235,31236,8,1,16,49,2016,6,7,2,3,1,6,0,1,0,1,0,0,0,0,5.24422E+20,5.38776E+21,9.33153E+15,4.86424E+16
31236,31237,8,2,36,46,2016,6,17,5,3,2,6,0,0,0,1,0,0,0,0,4.83232E+20,5.41807E+21,8.77114E+15,4.89154E+16
31237,31238,8,1,18,81,2016,6,23,5,3,0,7,2,0,0,0,0,1,0,1,5.17653E+20,5.41247E+21,9.2407E+15,4.8865E+16
31238,31239,8,2,12,0,2016,6,14,5,3,2,6,0,0,0,1,0,0,0,1,4.6089E+20,5.42381E+21,8.46565E+15,4.8966E+16
31239,31240,8,2,16,49,2016,6,11,3,3,2,6,0,0,0,1,0,0,0,0,4.38845E+20,5.40082E+21,8.16793E+15,4.87574E+16
31240,31241,8,1,18,48,2016,6,19,7,3,2,6,0,1,0,1,0,0,0,1,5.12679E+20,5.41722E+21,9.17303E+15,4.89078E+16
31241,31242,8,4,26,67,2016,6,14,6,1,4,6,0,0,0,1,0,1,0,0,5.23698E+20,5.33995E+21,9.31899E+15,4.82123E+16
31242,31243,8,3,16,17,2016,6,14,6,3,2,7,0,0,0,1,0,0,0,0,4.07292E+20,5.34303E+21,7.75153E+15,4.82337E+16
31243,31244,8,1,15,21,2016,6,16,5,3,5,3,0,0,0,1,0,0,0,0,4.89689E+20,5.38297E+21,8.86014E+15,4.85997E+16
31244,31245,8,1,28,39,2016,6,6,4,3,9,7,0,1,0,1,0,0,0,0,5.33695E+20,5.51334E+21,9.46795E+15,4.97716E+16
31245,31246,8,2,11,0,2016,6,12,6,3,2,6,0,0,0,1,0,1,0,0,4.3812E+20,5.39727E+21,8.15859E+15,4.87254E+16
31246,31247,8,1,15,45,2016,6,10,6,3,2,6,0,0,0,1,0,0,0,1,5.01686E+20,5.39404E+21,9.02292E+15,4.86994E+16
31247,31248,8,1,17,18,2016,6,14,6,3,1,6,0,0,0,1,0,0,0,0,5.39091E+20,5.39503E+21,9.53134E+15,4.87071E+16
31248,31249,8,3,17,59,2016,6,12,3,3,5,3,0,1,0,1,0,1,0,0,4.12355E+20,5.35002E+21,7.81825E+15,4.82973E+16
31249,31250,8,2,12,0,2016,6,14,7,2,2,6,0,0,0,1,0,0,0,0,4.53744E+20,5.42786E+21,8.36757E+15,4.90019E+16
31250,31251,8,4,36,9,2016,6,8,6,3,5,3,0,1,0,1,0,0,0,0,5.52256E+20,5.30513E+21,9.69913E+15,4.78974E+16
31251,31252,8,2,25,67,2016,6,11,5,2,4,1,0,0,0,1,0,0,0,0,5.09424E+20,5.46289E+21,9.12968E+15,4.93186E+16
31252,31253,8,2,15,107,2016,6,13,4,3,5,3,0,0,1,1,0,0,0,0,4.62972E+20,5.45639E+21,8.49111E+15,4.92592E+16
31253,31254,8,2,26,31,2016,6,18,6,3,2,6,0,0,0,1,0,1,0,0,4.7294E+20,5.49352E+21,8.62557E+15,4.95937E+16
31254,31255,8,2,12,0,2016,6,19,6,2,4,1,0,0,0,1,0,1,0,0,4.6072E+20,5.42384E+21,8.46333E+15,4.89662E+16
31255,31256,8,1,19,87,2016,6,18,6,3,5,3,0,0,0,1,0,0,0,0,5.27877E+20,5.42349E+21,9.38085E+15,4.89637E+16
31256,31257,8,3,35,63,2016,6,12,3,2,8,1,0,1,0,1,0,0,0,1,4.97191E+20,5.2908E+21,8.96251E+15,4.77706E+16
31257,31258,8,1,11,0,2016,6,17,3,3,2,6,0,0,0,1,0,0,0,0,5.11261E+20,5.40903E+21,9.15345E+15,4.88342E+16
31258,31259,8,2,15,64,2016,6,11,2,2,2,6,0,1,0,1,0,0,0,0,4.77637E+20,5.45133E+21,8.69293E+15,4.92144E+16
31259,31260,8,3,17,5,2016,6,8,7,3,4,7,0,1,0,1,0,0,0,0,4.2468E+20,5.37675E+21,7.97961E+15,4.85394E+16
31260,31261,8,3,25,49,2016,6,5,5,2,5,3,0,1,1,1,0,0,0,0,4.70761E+20,5.33415E+21,8.60682E+15,4.81599E+16
31261,31262,8,4,37,65,2016,6,5,5,2,8,1,1,1,0,1,0,0,0,0,5.16616E+20,5.31793E+21,9.22281E+15,4.80145E+16
31262,31263,8,3,25,45,2016,6,6,2,3,8,1,0,1,0,1,0,0,0,0,4.68933E+20,5.34944E+21,8.58112E+15,4.82974E+16
31263,31264,8,1,11,0,2016,6,16,2,3,2,6,0,0,0,1,0,0,0,0,5.18449E+20,5.40048E+21,9.25101E+15,4.87571E+16
31264,31265,8,2,22,0,2016,6,17,5,3,1,6,0,0,0,1,0,0,0,0,4.64152E+20,5.48196E+21,8.50503E+15,4.94892E+16
31265,31266,8,1,18,10,2016,6,6,5,3,0,1,0,0,1,0,0,0,0,0,5.06993E+20,5.43194E+21,9.09568E+15,4.90403E+16
31266,31267,8,1,36,33,2016,6,7,3,3,8,1,0,1,0,1,0,0,0,0,5.77706E+20,5.41632E+21,1.00602E+16,4.88949E+16
31267,31268,8,1,25,38,2016,6,13,7,3,8,1,0,0,0,1,0,0,0,0,5.00594E+20,5.43485E+21,9.00814E+15,4.90665E+16
31268,31269,8,2,15,64,2016,6,15,1,3,8,1,0,0,0,1,0,0,0,0,4.80532E+20,5.448E+21,8.73284E+15,4.91845E+16
31269,31270,8,3,27,38,2016,6,15,6,2,8,1,0,0,0,0,0,1,0,0,4.99201E+20,5.31597E+21,8.98929E+15,4.7997E+16
31270,31271,8,4,36,52,2016,6,7,4,3,5,3,0,0,1,1,0,0,0,0,5.67047E+20,5.29383E+21,9.89526E+15,4.77944E+16
31271,31272,8,1,21,0,2016,6,19,4,3,5,3,0,0,1,1,0,0,0,0,5.16392E+20,5.4418E+21,9.22469E+15,4.91288E+16
31272,31273,8,1,36,65,2016,6,22,6,3,8,1,2,0,0,1,0,0,0,0,5.62236E+20,5.40609E+21,9.84758E+15,4.88047E+16
31273,31274,8,1,15,42,2016,6,16,6,3,1,6,0,0,0,1,0,0,0,0,4.96807E+20,5.40658E+21,8.95651E+15,4.88122E+16
31274,31275,8,3,17,1,2016,6,14,7,3,8,1,0,1,0,1,0,0,0,0,4.28449E+20,5.38808E+21,8.0287E+15,4.86417E+16
31275,31276,8,2,36,71,2016,6,13,3,3,9,1,0,1,0,1,0,0,0,0,4.70744E+20,5.41912E+21,8.60062E+15,4.89243E+16
31276,31277,8,1,11,0,2016,6,1,5,3,9,1,2,1,0,1,0,0,0,0,5.13799E+20,5.39388E+21,9.18753E+15,4.86978E+16
31277,31278,8,1,35,19,2016,6,17,2,3,9,1,0,1,0,1,0,0,0,0,5.88667E+20,5.39062E+21,1.02041E+16,4.86623E+16
31278,31279,8,1,27,59,2016,6,9,6,3,3,6,0,1,0,1,0,1,0,0,5.48301E+20,5.43832E+21,9.66163E+15,4.90958E+16
31279,31280,8,4,25,62,2016,6,10,5,3,5,3,0,1,0,1,0,0,1,0,5.72945E+20,5.37598E+21,9.98809E+15,4.85326E+16
31280,31281,8,4,17,2,2016,6,11,1,3,8,1,0,1,0,1,0,0,0,0,4.89637E+20,5.3477E+21,8.86031E+15,4.82824E+16
31281,31282,8,2,31,0,2016,6,12,2,2,3,6,0,1,0,1,0,0,0,1,4.82271E+20,5.41861E+21,8.758E+15,4.89202E+16
31282,31283,8,4,36,6,2016,6,10,4,1,6,6,0,0,0,0,1,0,0,1,5.54836E+20,5.28482E+21,9.73109E+15,4.77144E+16
31283,31284,8,4,36,94,2016,6,8,2,3,2,2,0,1,0,1,0,0,0,1,5.69982E+20,5.27885E+21,9.93203E+15,4.76593E+16
31284,31285,8,1,15,28,2016,6,0,5,3,3,1,2,1,0,1,0,0,0,0,5.02433E+20,5.40077E+21,9.0331E+15,4.87599E+16
31285,31286,8,1,25,98,2016,6,9,2,3,2,6,0,1,0,0,0,0,1,0,5.21269E+20,5.4374E+21,9.29131E+15,4.90891E+16
31286,31287,8,1,35,16,2016,6,7,6,3,2,6,0,1,0,1,0,0,0,0,5.8927E+20,5.38549E+21,1.02112E+16,4.86161E+16
31287,31288,8,4,35,36,2016,6,6,5,3,5,3,0,1,1,1,0,0,0,0,5.19977E+20,5.28234E+21,9.26624E+15,4.76941E+16
31288,31289,8,3,17,145,2016,6,14,2,3,2,2,0,0,0,1,0,0,0,0,4.425E+20,5.34994E+21,8.22467E+15,4.83E+16
31289,31290,8,4,36,9,2016,6,8,4,3,6,4,0,1,0,1,1,0,0,0,5.52212E+20,5.3056E+21,9.69861E+15,4.79016E+16
31290,31291,8,2,12,0,2016,6,12,5,3,6,7,0,0,1,0,1,0,0,0,4.58352E+20,5.42736E+21,8.43061E+15,4.89977E+16
31291,31292,8,3,17,73,2016,6,16,1,3,2,6,0,1,0,1,0,0,0,0,4.10264E+20,5.35057E+21,7.78994E+15,4.8302E+16
31292,31293,8,1,18,10,2016,6,18,5,3,5,2,0,0,0,1,0,0,0,0,5.06852E+20,5.43095E+21,9.09373E+15,4.90314E+16
31293,31294,8,1,27,99,2016,6,11,3,3,2,6,0,0,0,1,0,0,0,0,5.5937E+20,5.44699E+21,9.81453E+15,4.91728E+16
31294,31295,8,1,36,88,2016,6,3,1,3,9,1,2,1,0,1,0,0,0,0,5.84094E+20,5.40709E+21,1.01454E+16,4.88111E+16
31295,31296,8,3,15,108,2016,6,17,6,3,0,6,0,0,0,0,0,1,0,0,4.04767E+20,5.305E+21,7.72601E+15,4.78913E+16
31296,31297,8,4,16,50,2016,6,10,4,3,4,2,0,1,1,1,0,0,0,0,4.8522E+20,5.36579E+21,8.80014E+15,4.84451E+16
31297,31298,8,1,16,41,2016,6,17,4,3,1,6,0,0,0,1,0,0,0,0,5.18787E+20,5.38423E+21,9.25488E+15,4.86109E+16
31298,31299,8,1,26,47,2016,6,12,6,2,0,1,0,0,0,0,0,1,0,0,5.4997E+20,5.45015E+21,9.68597E+15,4.92021E+16
31299,31300,8,4,35,16,2016,6,15,5,3,2,6,0,0,1,0,0,0,0,0,5.35946E+20,5.28068E+21,9.47891E+15,4.76785E+16
31300,31301,8,2,15,96,2016,6,3,7,2,9,1,2,0,0,1,0,0,0,0,4.6126E+20,5.41598E+21,8.47145E+15,4.88956E+16
31301,31302,8,2,36,43,2016,6,20,3,3,9,1,0,1,0,1,0,0,0,0,4.69126E+20,5.40706E+21,8.57944E+15,4.88158E+16
31302,31303,8,1,36,65,2016,6,3,5,3,5,3,2,1,0,1,0,0,0,0,5.61729E+20,5.40373E+21,9.84032E+15,4.87835E+16
31303,31304,8,1,27,73,2016,6,17,2,1,4,6,0,0,0,1,0,0,1,0,5.77964E+20,5.44674E+21,1.00695E+16,4.91685E+16
31304,31305,8,1,18,48,2016,6,15,6,3,5,3,0,1,0,1,0,0,0,0,5.11584E+20,5.41525E+21,9.15802E+15,4.889E+16
31305,31306,8,4,21,0,2016,6,16,5,3,2,6,0,0,0,1,0,0,0,0,5.72336E+20,5.36757E+21,9.97839E+15,4.84571E+16
31306,31307,8,3,37,96,2016,6,17,5,3,2,6,0,1,0,1,0,0,0,0,4.21532E+20,5.26785E+21,7.95694E+15,4.75593E+16
31307,31308,8,2,36,50,2016,6,10,2,3,5,3,0,1,0,1,0,0,0,0,4.85406E+20,5.42317E+21,8.80063E+15,4.89613E+16
31308,31309,8,1,18,51,2016,6,22,7,3,5,2,2,1,0,1,0,0,0,0,5.10567E+20,5.41481E+21,9.14415E+15,4.88861E+16
31309,31310,8,1,36,65,2016,6,13,5,3,2,2,0,1,0,1,0,0,1,0,5.59633E+20,5.40591E+21,9.8121E+15,4.88033E+16
31310,31311,8,2,12,0,2016,6,10,4,3,5,3,0,0,0,1,0,0,0,0,4.52856E+20,5.42978E+21,8.3552E+15,4.90191E+16
31311,31312,8,2,22,0,2016,6,21,6,3,8,1,1,0,0,1,0,0,0,0,4.66935E+20,5.48061E+21,8.54357E+15,4.94772E+16
31312,31313,8,4,36,55,2016,6,19,3,3,2,2,0,0,0,1,0,0,0,1,5.73032E+20,5.29942E+21,9.97611E+15,4.7844E+16
31313,31314,8,1,17,14,2016,6,18,3,3,9,1,0,1,0,1,0,0,0,0,5.55143E+20,5.38398E+21,9.74804E+15,4.86064E+16
31314,31315,8,3,17,96,2016,6,8,1,3,3,1,0,1,0,1,0,0,0,0,4.22067E+20,5.37717E+21,7.94412E+15,4.85428E+16
31315,31316,8,1,15,28,2016,6,18,5,2,0,1,0,0,0,0,0,1,0,0,4.98751E+20,5.40393E+21,8.983E+15,4.87883E+16
31316,31317,8,2,15,64,2016,6,19,5,3,5,3,0,0,0,1,0,0,0,0,4.80154E+20,5.4526E+21,8.72743E+15,4.92259E+16
31317,31318,8,3,17,65,2016,6,17,4,3,2,2,0,1,0,1,0,0,0,0,4.20112E+20,5.35387E+21,7.92209E+15,4.8333E+16
31318,31319,8,1,19,61,2016,6,6,3,3,5,3,0,1,0,1,0,0,0,0,5.36287E+20,5.41223E+21,9.49475E+15,4.8862E+16
31319,31320,8,1,15,3,2016,6,11,1,2,1,7,0,1,0,1,0,1,0,0,4.97655E+20,5.39326E+21,8.96813E+15,4.86924E+16
31320,31321,8,4,37,100,2016,6,15,7,3,9,1,0,1,0,1,0,0,0,0,5.35969E+20,5.31914E+21,9.48241E+15,4.80245E+16
31321,31322,8,3,37,90,2016,6,18,4,3,2,6,0,0,0,1,0,0,1,0,4.21185E+20,5.27654E+21,7.95076E+15,4.76375E+16
31322,31323,8,4,35,16,2016,6,8,5,3,5,3,0,1,1,0,0,1,0,0,5.36797E+20,5.2778E+21,9.49001E+15,4.76525E+16
31323,31324,8,1,15,37,2016,6,18,4,3,1,6,0,0,0,1,0,0,0,0,4.91436E+20,5.38456E+21,8.8838E+15,4.86141E+16
31324,31325,8,3,17,96,2016,6,14,7,3,3,1,0,1,0,1,0,0,0,0,4.22059E+20,5.37716E+21,7.94402E+15,4.85427E+16
31325,31326,8,2,26,85,2016,6,15,3,2,4,6,0,1,0,1,0,0,0,0,4.94931E+20,5.45083E+21,8.9304E+15,4.92102E+16
31326,31327,8,4,35,59,2016,6,11,2,2,5,2,0,1,0,0,0,1,0,1,5.15337E+20,5.28888E+21,9.20463E+15,4.77531E+16
31327,31328,8,1,25,13,2016,6,11,2,3,2,6,0,0,0,1,0,0,0,1,5.01863E+20,5.43866E+21,9.02553E+15,4.91008E+16
31328,31329,8,3,16,43,2016,6,18,5,3,2,6,0,1,0,1,0,0,0,0,4.11535E+20,5.33117E+21,7.81113E+15,4.81276E+16
31329,31330,8,2,21,0,2016,6,16,2,3,4,2,0,0,1,1,0,0,0,0,4.76556E+20,5.47287E+21,8.67682E+15,4.9408E+16
31330,31331,8,2,16,9,2016,6,10,7,3,2,6,0,1,0,1,0,0,0,0,4.47892E+20,5.42208E+21,8.28831E+15,4.89495E+16
31331,31332,8,4,37,31,2016,6,12,6,3,2,6,0,0,0,1,0,0,0,0,5.16531E+20,5.34372E+21,9.22267E+15,4.82465E+16
31332,31333,8,1,35,26,2016,6,14,5,3,9,1,0,1,0,1,0,0,0,0,5.89695E+20,5.39481E+21,1.0219E+16,4.86998E+16
31333,31334,8,2,21,0,2016,6,17,4,3,2,6,0,1,0,1,0,0,0,1,4.74353E+20,5.47365E+21,8.64641E+15,4.9415E+16
31334,31335,8,2,31,0,2016,6,10,6,3,1,7,0,0,0,1,0,0,1,0,4.77981E+20,5.41477E+21,8.69965E+15,4.88855E+16
31335,31336,8,3,37,22,2016,6,15,3,2,9,1,0,0,0,0,0,1,0,0,4.4959E+20,5.29879E+21,8.3263E+15,4.78405E+16
31336,31337,8,1,16,19,2016,6,10,3,2,5,3,0,0,0,1,0,0,0,0,5.22082E+20,5.39798E+21,9.3003E+15,4.87345E+16
31337,31338,8,3,26,52,2016,6,11,7,3,2,6,0,0,0,1,0,0,0,0,4.53622E+20,5.33096E+21,8.3767E+15,4.81302E+16
31338,31339,8,3,36,82,2016,6,23,5,3,3,6,2,0,1,0,0,0,0,1,4.17114E+20,5.27117E+21,7.89759E+15,4.75886E+16
31339,31340,8,1,15,41,2016,6,7,6,2,0,7,0,0,0,1,0,0,0,0,4.95792E+20,5.40059E+21,8.94274E+15,4.87583E+16
31340,31341,8,3,35,43,2016,6,23,2,3,8,1,2,1,0,1,0,0,0,0,5.08744E+20,5.28728E+21,9.11663E+15,4.77389E+16
31341,31342,8,4,15,87,2016,6,17,2,2,8,1,0,0,0,1,0,0,1,0,5.11201E+20,5.38222E+21,9.15191E+15,4.8593E+16
31342,31343,8,2,26,85,2016,6,18,5,3,4,6,0,0,0,1,0,0,0,0,4.89204E+20,5.45626E+21,8.85163E+15,4.9259E+16
31343,31344,8,4,16,48,2016,6,11,7,3,4,6,0,0,0,1,0,0,0,0,4.93535E+20,5.37967E+21,8.91236E+15,4.85701E+16
31344,31345,8,4,16,18,2016,6,14,5,2,4,3,0,0,1,1,0,0,0,0,4.91727E+20,5.36202E+21,8.88821E+15,4.84113E+16
31345,31346,8,2,26,96,2016,6,13,7,2,6,7,0,0,1,0,1,0,0,0,4.75802E+20,5.48888E+21,8.66545E+15,4.9552E+16
31346,31347,8,4,17,63,2016,6,21,2,3,8,6,2,1,0,1,0,0,0,0,5.07424E+20,5.337E+21,9.09989E+15,4.81862E+16
31347,31348,8,1,18,79,2016,6,17,2,3,5,3,0,0,0,1,0,0,0,0,5.09741E+20,5.4226E+21,9.13306E+15,4.89563E+16
31348,31349,8,2,31,0,2016,6,0,5,3,2,6,2,0,0,1,0,0,0,0,4.74451E+20,5.41469E+21,8.6515E+15,4.88846E+16
31349,31350,8,2,31,0,2016,6,10,5,3,2,6,0,1,0,0,0,0,1,0,4.84443E+20,5.4147E+21,8.7878E+15,4.88851E+16
31350,31351,8,2,12,0,2016,6,5,7,3,9,1,1,1,0,1,0,0,0,0,4.64024E+20,5.43031E+21,8.5079E+15,4.90246E+16
31351,31352,8,4,35,59,2016,6,14,6,3,2,2,0,0,1,1,0,0,0,0,5.12969E+20,5.29085E+21,9.17309E+15,4.77709E+16
31352,31353,8,4,15,53,2016,6,16,6,1,4,6,0,0,0,1,0,1,0,0,5.34135E+20,5.36475E+21,9.46149E+15,4.84349E+16
31353,31354,8,1,18,81,2016,6,8,5,3,4,2,0,1,0,1,0,0,0,0,5.19935E+20,5.4153E+21,9.27195E+15,4.88903E+16
31354,31355,8,1,15,28,2016,6,7,4,3,2,6,0,1,0,1,0,0,0,0,4.98363E+20,5.40401E+21,8.97772E+15,4.8789E+16
31355,31356,8,2,21,0,2016,6,18,6,2,3,6,0,0,0,1,0,1,0,0,4.77294E+20,5.46988E+21,8.68717E+15,4.93812E+16
31356,31357,8,1,26,58,2016,6,0,6,3,7,6,2,0,0,0,0,0,1,0,5.43008E+20,5.45157E+21,9.59056E+15,4.92154E+16
31357,31358,8,1,18,51,2016,6,8,6,3,5,3,0,0,1,1,0,0,0,0,5.09411E+20,5.41499E+21,9.12838E+15,4.88878E+16
31358,31359,8,4,17,25,2016,6,10,3,2,3,6,0,1,0,1,0,1,0,0,4.86556E+20,5.35761E+21,8.81847E+15,4.83715E+16
31359,31360,8,1,11,0,2016,6,18,3,3,2,6,0,1,0,1,0,1,0,0,5.1481E+20,5.40469E+21,9.20166E+15,4.8795E+16
31360,31361,8,1,28,139,2016,6,10,5,3,5,3,0,0,0,1,0,0,1,0,5.52988E+20,5.48833E+21,9.73249E+15,4.95453E+16
31361,31362,8,1,26,58,2016,6,10,2,3,2,6,0,0,0,1,0,0,1,0,5.43502E+20,5.45153E+21,9.59734E+15,4.9215E+16
31362,31363,8,1,36,65,2016,6,9,6,3,4,7,0,1,1,1,0,0,0,0,5.57908E+20,5.40717E+21,9.7888E+15,4.88148E+16
31363,31364,8,3,17,153,2016,6,7,5,3,4,6,0,0,1,0,0,0,0,0,4.20702E+20,5.38927E+21,7.92333E+15,4.86514E+16
31364,31365,8,4,36,64,2016,6,11,5,3,5,3,0,1,0,1,0,0,0,0,5.45421E+20,5.29415E+21,9.60655E+15,4.77991E+16
31365,31366,8,3,17,96,2016,6,13,2,3,4,7,0,0,0,1,0,0,0,0,4.22123E+20,5.36952E+21,7.94632E+15,4.8474E+16
31366,31367,8,4,36,9,2016,6,17,4,3,5,3,0,0,0,1,0,0,0,0,5.59642E+20,5.30781E+21,9.79833E+15,4.79209E+16
31367,31368,8,1,11,0,2016,6,8,2,3,0,1,0,1,0,0,0,1,0,0,5.132E+20,5.40098E+21,9.17962E+15,4.87617E+16
31368,31369,8,2,21,0,2016,6,18,5,3,5,2,0,0,1,0,0,0,0,1,4.76557E+20,5.47284E+21,8.67684E+15,4.94078E+16
31369,31370,8,3,35,77,2016,6,10,1,2,5,2,0,0,0,1,0,1,0,0,4.93841E+20,5.29285E+21,8.91778E+15,4.7789E+16
31370,31371,8,1,17,26,2016,6,21,5,3,9,1,1,0,0,1,0,0,0,0,5.49569E+20,5.39347E+21,9.67356E+15,4.86923E+16
31371,31372,8,2,25,75,2016,6,7,3,2,5,3,0,0,0,1,0,1,0,0,5.31703E+20,5.47553E+21,9.43723E+15,4.94316E+16
31372,31373,8,1,15,28,2016,6,18,1,3,2,6,0,1,0,1,0,0,0,1,4.998E+20,5.40352E+21,8.99728E+15,4.87846E+16
31373,31374,8,1,17,26,2016,6,7,5,3,4,2,0,1,1,1,0,0,0,0,5.4863E+20,5.394E+21,9.66087E+15,4.86972E+16
31374,31375,8,2,31,0,2016,6,6,5,3,4,6,0,1,0,1,0,0,0,0,4.77962E+20,5.41684E+21,8.69927E+15,4.89041E+16
31375,31376,8,1,18,3,2016,6,6,3,3,2,6,0,0,0,1,0,0,0,0,5.11313E+20,5.41743E+21,9.15439E+15,4.89097E+16
31376,31377,8,1,26,20,2016,6,10,7,3,1,1,0,0,0,1,1,0,0,0,5.51184E+20,5.47067E+21,9.70526E+15,4.93866E+16
31377,31378,8,4,17,25,2016,6,18,6,3,4,1,0,0,0,1,0,1,0,0,4.85287E+20,5.35564E+21,8.8014E+15,4.83537E+16
31378,31379,8,2,35,46,2016,6,12,1,2,4,1,0,1,0,1,0,0,0,0,4.81732E+20,5.3783E+21,8.75243E+15,4.85575E+16
31379,31380,8,3,35,43,2016,6,15,6,3,2,6,0,0,0,1,0,1,0,0,5.12912E+20,5.28405E+21,9.17213E+15,4.77097E+16
31380,31381,8,1,11,0,2016,6,16,5,3,2,6,0,0,0,1,0,0,0,0,5.14219E+20,5.40415E+21,9.19359E+15,4.87902E+16
31381,31382,8,1,27,14,2016,6,10,4,3,3,6,0,0,1,1,0,0,0,0,5.77275E+20,5.44375E+21,1.00595E+16,4.91417E+16
31382,31383,8,1,18,79,2016,6,14,6,3,3,6,0,0,0,1,0,1,0,0,5.09897E+20,5.42171E+21,9.13518E+15,4.89483E+16
31383,31384,8,1,17,58,2016,6,11,6,3,0,1,0,0,0,0,0,1,0,0,5.46829E+20,5.37765E+21,9.63455E+15,4.85502E+16
31384,31385,8,3,17,5,2016,6,16,3,3,2,6,0,0,0,1,0,0,0,0,4.24368E+20,5.37607E+21,7.97549E+15,4.85331E+16
31385,31386,8,4,36,95,2016,6,17,2,3,2,6,0,0,0,1,0,0,0,1,5.37831E+20,5.29384E+21,9.50517E+15,4.77968E+16
31386,31387,8,1,27,43,2016,6,9,5,3,0,7,0,0,0,0,0,0,1,0,5.66559E+20,5.44759E+21,9.91325E+15,4.91775E+16
31387,31388,8,1,15,45,2016,6,13,2,3,2,6,0,1,0,1,0,0,0,1,5.04156E+20,5.3973E+21,9.05652E+15,4.87287E+16
31388,31389,8,1,28,7,2016,6,13,6,3,2,6,0,0,0,1,0,0,0,0,5.55098E+20,5.48314E+21,9.76092E+15,4.94984E+16
31389,31390,8,4,26,70,2016,6,19,5,3,9,1,0,1,0,1,0,0,0,0,5.66715E+20,5.34491E+21,9.89879E+15,4.82539E+16
31390,31391,8,4,26,70,2016,6,3,1,3,8,1,2,0,0,1,0,0,0,0,5.68675E+20,5.34052E+21,9.92446E+15,4.82142E+16
31391,31392,8,3,11,0,2016,6,10,2,3,0,1,0,1,0,0,0,1,0,0,4.12846E+20,5.31533E+21,7.83197E+15,4.79853E+16
31392,31393,8,4,36,64,2016,6,7,4,3,5,3,0,0,0,1,0,0,0,0,5.38934E+20,5.29297E+21,9.51981E+15,4.77889E+16
31393,31394,8,2,16,33,2016,6,19,5,2,5,3,0,0,0,1,0,1,0,0,4.4762E+20,5.41268E+21,8.28579E+15,4.88649E+16
31394,31395,8,3,15,39,2016,6,8,1,3,5,3,0,1,0,1,0,0,0,0,4.46134E+20,5.30507E+21,8.27932E+15,4.78967E+16
31395,31396,8,1,17,24,2016,6,23,5,3,9,1,2,0,0,1,0,0,0,0,5.58983E+20,5.38152E+21,9.79978E+15,4.8584E+16
31396,31397,8,3,25,61,2016,6,17,4,3,5,2,0,0,0,1,0,0,0,1,4.7552E+20,5.35416E+21,8.66965E+15,4.83401E+16
31397,31398,8,1,25,30,2016,6,9,3,2,4,6,0,0,0,1,0,0,1,0,5.15946E+20,5.43784E+21,9.21842E+15,4.90932E+16
31398,31399,8,1,28,45,2016,6,17,1,3,3,6,0,1,0,1,0,0,0,0,5.55849E+20,5.5028E+21,9.77409E+15,4.96752E+16
31399,31400,8,4,37,82,2016,6,10,7,3,2,6,0,0,0,1,0,0,0,0,5.13663E+20,5.3436E+21,9.18403E+15,4.82455E+16
31400,31401,8,3,11,0,2016,6,16,6,2,8,1,0,0,0,0,0,1,0,0,4.16459E+20,5.30786E+21,7.88183E+15,4.79186E+16