FID,OBJECTID,ULAND,UREGBEZ,UKREIS,UGEMEINDE,UJAHR,UMONAT,USTUNDE,UWOCHENTAG,UKATEGORIE,UART,UTYP1,ULICHTVERH,IstStrasse,IstRad,IstPKW,IstFuss,IstKrad,IstGkfz,IstSonstig,LINREFX,LINREFY,XGCSWGS84,YGCSWGS84
31401,31402,8,4,16,41,2016,6,12,4,3,8,1,0,0,0,1,0,0,0,0,5.06494E+20,5.37314E+21,9.08793E+15,4.85114E+16
31402,31403,8,1,16,56,2016,6,14,4,3,2,6,0,0,0,1,0,0,0,0,5.2999E+20,5.39556E+21,9.40768E+15,4.87123E+16
31403,31404,8,2,12,0,2016,6,15,7,2,3,2,0,0,0,0,0,1,0,1,4.55861E+20,5.42702E+21,8.3966E+15,4.89945E+16
31404,31405,8,2,26,41,2016,6,11,3,3,5,3,0,0,1,1,0,0,0,0,4.77217E+20,5.46658E+21,8.68629E+15,4.93515E+16
31405,31406,8,1,25,38,2016,6,18,2,2,0,1,0,0,1,0,0,0,0,0,5.00032E+20,5.43287E+21,9.00044E+15,4.90487E+16
31406,31407,8,1,18,79,2016,6,13,6,3,1,6,0,1,0,1,0,0,0,0,5.09046E+20,5.42246E+21,9.12356E+15,4.8955E+16
31407,31408,8,3,17,116,2016,6,19,6,3,5,3,0,0,1,1,0,0,0,0,4.33846E+20,5.38708E+21,8.10212E+15,4.86333E+16
31408,31409,8,4,25,33,2016,6,12,4,2,9,6,0,0,0,0,0,0,0,1,5.38748E+20,5.34265E+21,9.52182E+15,4.82359E+16
31409,31410,8,1,18,73,2016,6,19,4,3,2,6,0,0,0,1,0,0,0,1,5.01363E+20,5.41662E+21,9.0186E+15,4.89025E+16
31410,31411,8,4,25,75,2016,6,16,6,2,4,6,0,0,0,1,0,0,0,0,5.67748E+20,5.37973E+21,9.91832E+15,4.8567E+16
31411,31412,8,1,11,0,2016,6,6,6,3,5,3,0,0,1,1,0,0,0,0,5.19594E+20,5.40088E+21,9.26662E+15,4.87606E+16
31412,31413,8,3,16,45,2016,6,11,7,3,5,3,0,0,0,1,0,0,0,0,4.11534E+20,5.32549E+21,7.81229E+15,4.80766E+16
31413,31414,8,2,15,9,2016,6,7,3,3,2,6,0,0,0,1,0,0,1,0,4.71098E+20,5.44373E+21,8.6037E+15,4.91457E+16
31414,31415,8,1,27,76,2016,6,9,5,3,6,4,0,0,0,1,1,0,0,0,5.52983E+20,5.43895E+21,9.72585E+15,4.91011E+16
31415,31416,8,1,27,46,2016,6,19,2,3,5,3,0,0,0,1,0,0,0,0,5.70298E+20,5.44844E+21,9.96469E+15,4.91847E+16
31416,31417,8,1,25,107,2016,6,18,6,3,9,1,0,1,0,1,0,0,0,0,5.32762E+20,5.43572E+21,9.44858E+15,4.90735E+16
31417,31418,8,4,17,25,2016,6,6,5,3,2,6,0,0,0,1,0,0,0,0,4.86602E+20,5.35742E+21,8.81909E+15,4.83698E+16
31418,31419,8,4,16,22,2016,6,17,1,2,8,1,0,0,0,1,0,0,0,0,5.10213E+20,5.3759E+21,9.13835E+15,4.85361E+16
31419,31420,8,4,16,50,2016,6,9,2,2,0,1,0,1,1,0,0,0,0,0,4.83726E+20,5.36589E+21,8.77994E+15,4.84459E+16
31420,31421,8,2,16,49,2016,6,17,5,3,3,2,0,0,0,1,0,0,0,1,4.39002E+20,5.40256E+21,8.16981E+15,4.8773E+16
31421,31422,8,3,36,69,2016,6,7,4,2,6,4,0,1,0,1,1,0,0,0,4.09111E+20,5.27258E+21,7.79088E+15,4.76002E+16
31422,31423,8,2,26,84,2016,6,18,6,2,2,6,0,0,0,1,0,0,0,0,4.67183E+20,5.47326E+21,8.54759E+15,4.94111E+16
31423,31424,8,1,11,0,2016,6,14,4,1,6,4,0,0,0,1,1,0,0,0,5.16117E+20,5.40566E+21,9.21949E+15,4.88038E+16
31424,31425,8,1,18,48,2016,6,19,3,3,1,6,0,0,0,1,0,0,0,0,5.13953E+20,5.41515E+21,9.19034E+15,4.88891E+16
31425,31426,8,1,11,0,2016,6,0,1,3,5,3,2,0,0,1,0,0,0,0,5.13184E+20,5.4101E+21,9.17969E+15,4.88438E+16
31426,31427,8,4,26,28,2016,6,10,7,3,4,6,0,0,0,1,0,0,0,0,5.6755E+20,5.3419E+21,9.90955E+15,4.82267E+16
31427,31428,8,3,27,49,2016,6,20,4,3,2,6,0,0,0,1,0,0,0,0,4.73072E+20,5.32492E+21,8.63848E+15,4.8077E+16
31428,31429,8,4,26,97,2016,6,18,5,3,1,6,0,0,0,1,0,0,0,0,5.3658E+20,5.33337E+21,9.49184E+15,4.81525E+16
31429,31430,8,2,31,0,2016,6,7,7,3,5,3,0,1,0,1,0,0,0,0,4.75555E+20,5.41522E+21,8.66653E+15,4.88894E+16
31430,31431,8,2,22,0,2016,6,16,3,3,1,3,0,0,1,1,0,1,0,0,4.60936E+20,5.48265E+21,8.46055E+15,4.94953E+16
31431,31432,8,4,17,8,2016,6,18,2,3,4,2,0,1,1,1,0,0,0,0,4.91659E+20,5.35093E+21,8.8875E+15,4.83116E+16
31432,31433,8,1,19,93,2016,6,13,2,3,5,2,0,0,0,1,0,0,0,0,5.23318E+20,5.40677E+21,9.31761E+15,4.88135E+16
31433,31434,8,3,15,6,2016,6,6,5,3,2,6,0,1,0,1,0,0,0,1,4.00509E+20,5.31188E+21,7.66747E+15,4.79525E+16
31434,31435,8,2,15,84,2016,6,18,2,3,2,6,0,0,0,1,0,0,0,0,4.74165E+20,5.44792E+21,8.64548E+15,4.91835E+16
31435,31436,8,2,12,0,2016,6,11,7,3,9,7,0,0,0,1,0,0,0,0,4.50797E+20,5.43171E+21,8.32681E+15,4.90363E+16
31436,31437,8,4,36,6,2016,6,21,6,2,4,2,0,0,0,1,0,1,0,0,5.56895E+20,5.28278E+21,9.75827E+15,4.76959E+16
31437,31438,8,1,25,94,2016,6,15,5,2,8,1,0,0,0,1,0,0,0,0,5.15319E+20,5.43677E+21,9.2098E+15,4.90836E+16
31438,31439,8,3,35,43,2016,6,14,5,2,6,4,0,1,0,1,1,0,0,0,5.13792E+20,5.27996E+21,9.18373E+15,4.76729E+16
31439,31440,8,2,26,29,2016,6,17,2,3,4,6,0,0,1,1,0,0,0,0,4.85617E+20,5.48132E+21,8.80142E+15,4.94843E+16
31440,31441,8,2,16,13,2016,6,6,7,2,0,7,0,1,1,0,0,0,0,0,4.51243E+20,5.38784E+21,8.33812E+15,4.86417E+16
31441,31442,8,1,17,26,2016,6,18,7,3,8,1,0,1,0,1,0,0,0,0,5.46649E+20,5.39531E+21,9.6341E+15,4.8709E+16
31442,31443,8,1,36,19,2016,6,17,5,3,2,2,0,0,0,1,0,0,0,0,5.88902E+20,5.42166E+21,1.02141E+16,4.89415E+16
31443,31444,8,2,12,0,2016,6,17,4,3,2,6,0,0,0,1,0,0,0,1,4.54101E+20,5.42586E+21,8.37267E+15,4.89839E+16
31444,31445,8,2,15,17,2016,6,22,6,2,5,3,2,0,0,1,0,0,0,0,4.5759E+20,5.41661E+21,8.42131E+15,4.8901E+16
31445,31446,8,4,35,36,2016,6,19,3,2,4,1,0,0,0,1,0,0,0,0,5.21979E+20,5.28372E+21,9.29298E+15,4.77065E+16
31446,31447,8,1,16,77,2016,6,15,3,3,2,6,0,1,0,1,0,0,0,0,5.16023E+20,5.39261E+21,9.2177E+15,4.86863E+16
31447,31448,8,3,35,98,2016,6,20,7,3,5,3,0,0,0,1,0,0,0,1,5.04553E+20,5.29587E+21,9.06082E+15,4.78162E+16
31448,31449,8,4,15,61,2016,6,7,5,3,0,1,0,1,0,0,0,1,0,0,5.14074E+20,5.37089E+21,9.19048E+15,4.8491E+16
31449,31450,8,2,26,60,2016,6,7,7,2,8,1,0,0,0,0,0,1,0,0,4.78159E+20,5.46215E+21,8.69951E+15,4.93117E+16
31450,31451,8,1,17,42,2016,6,18,6,3,2,6,0,0,0,1,0,0,0,0,5.54042E+20,5.3928E+21,9.73425E+15,4.86859E+16
31451,31452,8,4,16,41,2016,6,12,2,3,5,3,0,0,1,1,0,0,0,0,5.0373E+20,5.37187E+21,9.05049E+15,4.85E+16
31452,31453,8,1,17,18,2016,6,14,2,3,8,1,0,1,0,1,0,0,0,0,5.36822E+20,5.39548E+21,9.50053E+15,4.87112E+16
31453,31454,8,2,31,0,2016,6,17,5,3,2,6,0,0,0,1,0,0,0,0,4.78403E+20,5.41602E+21,8.70533E+15,4.88967E+16
31454,31455,8,1,16,20,2016,6,17,5,3,1,6,0,0,0,1,0,0,0,0,5.27294E+20,5.38095E+21,9.37006E+15,4.8581E+16
31455,31456,8,2,15,84,2016,6,5,5,2,2,6,0,0,0,1,0,0,1,0,4.69927E+20,5.44893E+21,8.58725E+15,4.91924E+16
31456,31457,8,1,15,45,2016,6,0,7,3,2,6,2,0,0,1,0,0,0,0,5.00789E+20,5.39348E+21,9.01072E+15,4.86943E+16
31457,31458,8,4,26,43,2016,6,8,6,3,4,6,0,0,0,1,0,0,0,0,5.7901E+20,5.32641E+21,1.0061E+16,4.8086E+16
31458,31459,8,3,36,69,2016,6,17,6,3,0,7,0,0,0,0,0,1,0,0,4.0667E+20,5.26918E+21,7.75913E+15,4.75693E+16
31459,31460,8,1,15,10,2016,6,20,5,3,5,3,0,1,0,1,0,1,0,0,4.86895E+20,5.38786E+21,8.8221E+15,4.86436E+16
31460,31461,8,1,36,21,2016,6,15,4,3,2,6,0,0,0,1,0,0,0,0,5.75794E+20,5.40811E+21,1.00326E+16,4.88213E+16
31461,31462,8,2,22,0,2016,6,14,6,3,2,1,0,0,0,0,0,1,0,1,4.62482E+20,5.48581E+21,8.4816E+15,4.95237E+16
31462,31463,8,4,25,108,2016,6,16,6,2,9,1,0,0,0,0,0,1,0,0,5.43334E+20,5.35971E+21,9.58534E+15,4.83891E+16
31463,31464,8,1,11,0,2016,6,18,6,3,1,6,0,0,0,1,0,0,0,0,5.09592E+20,5.39511E+21,9.13038E+15,4.87089E+16
31464,31465,8,3,17,152,2016,6,12,3,3,2,2,0,1,0,1,0,0,0,0,4.09268E+20,5.3482E+21,7.77702E+15,4.82805E+16
31465,31466,8,4,36,49,2016,6,7,2,2,8,7,0,1,0,1,0,0,0,0,5.75553E+20,5.28383E+21,1.00071E+16,4.77034E+16
31466,31467,8,1,21,0,2016,6,10,5,2,6,7,0,0,0,1,1,0,0,0,5.15896E+20,5.44204E+21,9.2179E+15,4.9131E+16
31467,31468,8,1,25,21,2016,6,13,2,3,2,6,0,0,0,1,0,0,1,0,5.2395E+20,5.44663E+21,9.32858E+15,4.9172E+16
31468,31469,8,1,35,25,2016,6,6,6,2,8,1,0,1,0,0,0,1,0,0,5.80693E+20,5.39776E+21,1.00973E+16,4.87277E+16
31469,31470,8,3,15,108,2016,6,15,5,3,4,2,0,0,0,1,0,0,0,1,4.04279E+20,5.30327E+21,7.71987E+15,4.78756E+16
31470,31471,8,2,16,17,2016,6,17,4,3,2,2,0,1,0,1,0,0,0,0,4.51865E+20,5.39866E+21,8.34532E+15,4.87391E+16
31471,31472,8,2,26,54,2016,6,18,6,3,5,2,0,0,0,1,0,0,0,0,4.81178E+20,5.45491E+21,8.74139E+15,4.92467E+16
31472,31473,8,2,12,0,2016,6,18,6,3,2,2,0,0,0,1,0,0,0,0,4.56491E+20,5.4234E+21,8.4056E+15,4.8962E+16
31473,31474,8,1,19,67,2016,6,17,6,3,1,1,0,0,0,1,0,0,0,0,5.3657E+20,5.40188E+21,9.49768E+15,4.87688E+16
31474,31475,8,3,35,43,2016,6,14,3,3,0,7,0,0,0,0,1,0,0,1,5.13783E+20,5.27991E+21,9.18361E+15,4.76724E+16
31475,31476,8,1,11,0,2016,6,16,3,2,5,3,0,1,1,1,0,0,0,0,5.11675E+20,5.40678E+21,9.15903E+15,4.88139E+16
31476,31477,8,4,17,63,2016,6,0,7,1,4,1,2,1,0,1,0,0,0,0,5.07404E+20,5.33702E+21,9.09962E+15,4.81864E+16
31477,31478,8,3,35,43,2016,6,18,5,2,2,6,0,0,0,1,0,1,0,0,5.13006E+20,5.27972E+21,9.17326E+15,4.76708E+16
31478,31479,8,1,11,0,2016,6,11,6,3,0,4,0,0,0,0,1,0,0,1,5.13724E+20,5.40232E+21,9.18679E+15,4.87737E+16
31479,31480,8,3,26,12,2016,6,7,2,3,4,2,0,1,0,1,0,0,0,0,4.53628E+20,5.31526E+21,8.37849E+15,4.7989E+16
31480,31481,8,1,15,54,2016,6,12,2,3,8,1,0,1,0,0,0,0,0,1,4.9382E+20,5.39437E+21,8.916E+15,4.87023E+16
31481,31482,8,2,22,0,2016,6,16,5,3,1,6,0,0,0,1,0,0,0,0,4.60942E+20,5.4836E+21,8.46054E+15,4.95038E+16
31482,31483,8,1,16,79,2016,6,10,5,3,8,1,0,1,0,0,0,1,0,0,5.39266E+20,5.37536E+21,9.53186E+15,4.85301E+16
31483,31484,8,1,18,51,2016,6,8,3,3,2,6,0,0,0,0,0,0,1,1,5.09866E+20,5.41305E+21,9.13454E+15,4.88703E+16
31484,31485,8,1,25,5,2016,6,15,7,3,5,3,0,0,0,1,0,1,0,0,5.15647E+20,5.45314E+21,9.21491E+15,4.92308E+16
31485,31486,8,2,16,17,2016,6,17,1,3,8,7,0,1,1,0,0,0,0,0,4.52285E+20,5.40044E+21,8.35082E+15,4.87552E+16
31486,31487,8,3,27,46,2016,6,12,6,3,2,6,0,1,0,1,0,0,0,0,4.81192E+20,5.32406E+21,8.74752E+15,4.80695E+16
31487,31488,8,4,36,9,2016,6,19,4,3,4,2,0,0,0,1,0,0,0,0,5.56365E+20,5.30755E+21,9.75442E+15,4.79188E+16
31488,31489,8,1,27,14,2016,6,17,4,2,8,1,0,0,0,0,0,1,0,0,5.80858E+20,5.44069E+21,1.0108E+16,4.91137E+16
31489,31490,8,1,16,47,2016,6,18,6,3,2,6,0,0,0,1,0,0,0,0,5.19779E+20,5.39361E+21,9.26878E+15,4.86952E+16
31490,31491,8,1,16,19,2016,6,7,6,3,2,6,0,0,0,1,0,1,0,0,5.25656E+20,5.39712E+21,9.34886E+15,4.87266E+16
31491,31492,8,3,16,9,2016,6,12,3,3,3,6,0,1,0,1,0,0,0,0,4.15612E+20,5.32436E+21,7.86725E+15,4.80669E+16
31492,31493,8,1,25,24,2016,6,7,5,3,1,6,0,0,0,1,0,1,0,0,5.22331E+20,5.44386E+21,9.30622E+15,4.91472E+16
31493,31494,8,1,36,43,2016,6,13,2,2,5,3,0,1,1,1,0,0,0,0,5.70776E+20,5.40811E+21,9.96422E+15,4.88219E+16
31494,31495,8,1,28,138,2016,6,13,6,2,2,6,0,0,0,1,0,0,1,0,5.40967E+20,5.48175E+21,9.56564E+15,4.9487E+16
31495,31496,8,4,26,21,2016,6,6,5,3,0,1,0,1,1,0,0,0,0,0,5.57681E+20,5.32708E+21,9.77466E+15,4.80944E+16
31496,31497,8,4,26,108,2016,6,14,1,2,0,1,0,1,1,0,0,0,0,0,5.72412E+20,5.33622E+21,9.97404E+15,4.81751E+16
31497,31498,8,2,26,98,2016,6,17,2,3,2,6,0,0,0,1,0,0,0,0,4.75681E+20,5.45773E+21,8.66568E+15,4.92719E+16
31498,31499,8,4,35,5,2016,6,12,4,3,6,6,0,0,0,1,1,0,0,0,5.26119E+20,5.28646E+21,9.34833E+15,4.7731E+16
31499,31500,8,2,22,0,2016,6,21,1,2,9,1,2,1,0,1,0,0,0,1,4.66751E+20,5.47826E+21,8.54121E+15,4.94561E+16
31500,31501,8,1,15,41,2016,6,17,5,3,2,6,0,0,0,1,0,0,0,0,4.94799E+20,5.40111E+21,8.92923E+15,4.8763E+16
31501,31502,8,3,17,9,2016,6,17,4,3,5,3,0,0,0,1,0,0,0,0,4.26179E+20,5.36152E+21,8.00259E+15,4.84025E+16
31502,31503,8,4,35,34,2016,6,15,5,3,4,6,0,1,0,1,0,0,0,1,5.30974E+20,5.28479E+21,9.41296E+15,4.77157E+16
31503,31504,8,3,17,1,2016,6,7,2,3,5,3,0,1,0,1,0,0,0,0,4.31921E+20,5.38472E+21,8.07637E+15,4.86118E+16
31504,31505,8,4,35,45,2016,6,18,4,3,4,2,0,0,0,1,0,1,0,0,5.3495E+20,5.2859E+21,9.46606E+15,4.77255E+16
31505,31506,8,2,12,0,2016,6,18,5,3,0,7,0,0,1,0,0,0,0,0,4.55681E+20,5.4277E+21,8.39406E+15,4.90006E+16
31506,31507,8,2,37,28,2016,6,12,1,2,5,3,0,1,0,1,0,0,0,0,4.60656E+20,5.36823E+21,8.46776E+15,4.8466E+16
31507,31508,8,1,15,3,2016,6,18,5,2,5,3,0,0,1,1,0,0,0,0,5.03145E+20,5.39298E+21,9.04274E+15,4.86899E+16
31508,31509,8,1,27,76,2016,6,14,3,3,5,3,0,0,0,1,0,1,0,0,5.52262E+20,5.43838E+21,9.71591E+15,4.9096E+16
31509,31510,8,1,15,28,2016,6,12,1,3,2,6,0,0,0,1,0,0,0,0,5.01085E+20,5.40303E+21,9.01477E+15,4.87803E+16
31510,31511,8,3,15,74,2016,6,7,6,3,5,3,0,0,1,1,0,0,0,0,3.99181E+20,5.29743E+21,7.65306E+15,4.78223E+16
31511,31512,8,4,17,2,2016,6,16,4,3,2,6,0,0,0,1,0,0,0,0,4.90062E+20,5.34914E+21,8.86601E+15,4.82954E+16
31512,31513,8,1,17,18,2016,6,16,4,3,2,6,0,0,0,1,0,0,0,0,5.37054E+20,5.39304E+21,9.50347E+15,4.86893E+16
31513,31514,8,1,26,45,2016,6,10,6,3,8,6,0,0,0,1,0,0,1,0,5.47609E+20,5.469E+21,9.65581E+15,4.93719E+16
31514,31515,8,4,36,6,2016,6,14,5,3,8,1,0,1,0,0,0,1,0,0,5.586E+20,5.28307E+21,9.78103E+15,4.76984E+16
31515,31516,8,2,36,46,2016,6,13,7,3,2,6,0,0,0,1,0,0,0,0,4.83354E+20,5.41722E+21,8.77284E+15,4.89077E+16
31516,31517,8,2,31,0,2016,6,12,3,3,0,7,0,0,0,1,0,1,0,0,4.78368E+20,5.41602E+21,8.70486E+15,4.88968E+16
31517,31518,8,1,25,56,2016,6,5,5,3,8,1,0,1,0,1,0,0,0,0,5.13362E+20,5.43525E+21,9.18294E+15,4.907E+16
31518,31519,8,1,27,23,2016,6,13,2,2,5,3,0,1,0,1,0,0,0,0,5.50839E+20,5.42616E+21,9.69488E+15,4.89863E+16
31519,31520,8,1,21,0,2016,6,10,6,3,2,6,0,0,0,1,0,0,0,1,5.15486E+20,5.44268E+21,9.21231E+15,4.91368E+16
31520,31521,8,1,16,8,2016,6,14,5,1,4,6,0,0,0,1,0,0,1,0,5.18753E+20,5.38037E+21,9.25424E+15,4.85761E+16
31521,31522,8,2,36,31,2016,6,8,2,3,5,3,0,0,0,1,0,1,0,0,4.81689E+20,5.42016E+21,8.74998E+15,4.89341E+16
31522,31523,8,1,19,75,2016,6,11,7,2,4,1,0,1,0,1,0,1,0,0,5.36999E+20,5.43035E+21,9.5061E+15,4.9025E+16
31523,31524,8,1,15,45,2016,6,5,5,3,0,6,0,0,0,1,0,0,0,0,5.04382E+20,5.39718E+21,9.05959E+15,4.87277E+16
31524,31525,8,2,22,0,2016,6,17,4,3,2,6,0,0,0,1,0,0,0,0,4.6317E+20,5.48924E+21,8.49079E+15,4.95546E+16
31525,31526,8,2,22,0,2016,6,21,6,3,3,6,1,0,0,1,0,0,0,1,4.66936E+20,5.48061E+21,8.54358E+15,4.94772E+16
31526,31527,8,4,35,35,2016,6,16,3,2,5,3,0,1,0,0,0,1,0,0,5.41936E+20,5.28191E+21,9.55883E+15,4.76892E+16
31527,31528,8,1,18,46,2016,6,8,3,2,2,6,0,0,0,1,0,0,1,0,5.14375E+20,5.41182E+21,9.19598E+15,4.88592E+16
31528,31529,8,4,17,57,2016,6,16,7,3,2,6,0,1,0,0,0,1,0,0,4.82386E+20,5.33906E+21,8.76293E+15,4.82045E+16
31529,31530,8,4,16,23,2016,6,0,5,3,8,1,2,1,0,1,0,0,0,0,5.0668E+20,5.37309E+21,9.09045E+15,4.85109E+16
31530,31531,8,2,26,103,2016,6,14,7,3,8,1,0,0,0,1,0,0,0,0,4.69996E+20,5.45828E+21,8.58749E+15,4.92765E+16
31531,31532,8,2,16,39,2016,6,14,3,3,0,7,0,1,0,0,0,1,0,0,4.43764E+20,5.41335E+21,8.23313E+15,4.88705E+16
31532,31533,8,1,25,38,2016,6,17,3,3,2,6,0,0,0,1,0,0,0,0,5.00362E+20,5.43477E+21,9.00496E+15,4.90658E+16
31533,31534,8,1,16,77,2016,6,17,1,3,8,1,0,1,1,0,0,0,0,0,5.16997E+20,5.38848E+21,9.23076E+15,4.86492E+16
31534,31535,8,4,37,76,2016,6,9,7,3,2,6,0,1,1,0,0,0,0,0,5.2256E+20,5.32037E+21,9.30265E+15,4.80362E+16
31535,31536,8,3,36,91,2016,6,6,4,3,3,6,0,1,0,1,0,0,0,0,3.94897E+20,5.27298E+21,7.60175E+15,4.76017E+16
31536,31537,8,1,15,45,2016,6,11,4,2,5,3,0,0,1,1,0,0,0,0,5.00232E+20,5.39394E+21,9.00316E+15,4.86985E+16
31537,31538,8,2,15,100,2016,6,19,7,3,8,1,0,0,0,1,0,0,0,0,4.75434E+20,5.4507E+21,8.66272E+15,4.92086E+16
31538,31539,8,2,25,64,2016,6,19,3,3,0,6,0,1,0,0,0,1,0,1,5.05737E+20,5.4713E+21,9.07906E+15,4.93943E+16
31539,31540,8,1,21,0,2016,6,13,5,3,0,7,0,0,1,0,0,0,0,0,5.15666E+20,5.44039E+21,9.21468E+15,4.91162E+16
31540,31541,8,4,36,55,2016,6,13,2,3,5,3,0,1,0,1,0,0,0,1,5.811E+20,5.30013E+21,1.0084E+16,4.78494E+16
31541,31542,8,1,25,46,2016,6,9,2,3,2,6,0,1,0,1,0,0,1,0,5.19544E+20,5.43398E+21,9.26752E+15,4.90584E+16
31542,31543,8,1,17,24,2016,6,8,6,3,1,6,0,1,0,1,0,0,0,0,5.61591E+20,5.3859E+21,9.83578E+15,4.86232E+16
31543,31544,8,3,17,89,2016,6,10,5,3,2,6,0,1,0,1,0,0,0,0,4.30708E+20,5.37565E+21,8.06144E+15,4.85301E+16
31544,31545,8,2,25,109,2016,6,16,2,3,8,1,0,0,0,1,0,0,0,0,5.31294E+20,5.48602E+21,9.43242E+15,4.9526E+16
31545,31546,8,2,16,43,2016,6,18,7,3,0,1,0,0,1,0,0,0,0,0,4.35308E+20,5.41079E+21,8.11824E+15,4.88467E+16
31546,31547,8,1,16,58,2016,6,18,7,2,4,6,0,1,0,1,0,0,0,0,5.34125E+20,5.3963E+21,9.46394E+15,4.87188E+16
31547,31548,8,1,36,10,2016,6,15,5,3,4,6,0,0,0,1,0,0,0,0,5.94578E+20,5.41431E+21,1.02898E+16,4.88745E+16
31548,31549,8,2,26,49,2016,6,16,4,2,5,2,0,0,0,1,0,0,0,0,4.86046E+20,5.4643E+21,8.80794E+15,4.93313E+16
31549,31550,8,2,31,0,2016,6,6,6,3,3,6,0,0,0,1,0,1,0,0,4.83488E+20,5.41552E+21,8.77473E+15,4.88924E+16
31550,31551,8,4,37,104,2016,6,19,3,2,9,7,0,0,0,0,0,0,0,1,5.13842E+20,5.32512E+21,9.18585E+15,4.80792E+16
31551,31552,8,1,16,19,2016,6,16,3,3,2,6,0,1,0,1,0,0,0,0,5.24958E+20,5.3965E+21,9.33934E+15,4.8721E+16
31552,31553,8,3,35,43,2016,6,13,7,3,5,3,0,1,1,1,0,0,0,0,5.13774E+20,5.27988E+21,9.18348E+15,4.76722E+16
31553,31554,8,3,37,96,2016,6,19,5,3,5,3,0,0,0,1,0,0,0,0,4.24266E+20,5.26776E+21,7.99329E+15,4.75589E+16
31554,31555,8,1,16,36,2016,6,16,6,2,5,3,0,0,0,1,0,0,0,0,5.24488E+20,5.37846E+21,9.33188E+15,4.85587E+16
31555,31556,8,3,16,17,2016,6,6,2,3,2,6,1,1,0,1,0,0,0,0,4.07113E+20,5.34225E+21,7.74929E+15,4.82266E+16
31556,31557,8,1,16,19,2016,6,14,2,3,2,6,0,1,0,1,0,0,0,0,5.20284E+20,5.3997E+21,9.27594E+15,4.875E+16
31557,31558,8,2,26,28,2016,6,17,5,3,5,3,0,0,0,1,0,0,0,0,4.73254E+20,5.48321E+21,8.63061E+15,4.95009E+16
31558,31559,8,1,15,3,2016,6,16,5,3,0,7,0,0,1,0,0,0,0,0,5.05455E+20,5.39008E+21,9.07409E+15,4.86637E+16
31559,31560,8,2,12,0,2016,6,10,5,2,2,6,0,1,0,1,0,0,0,1,4.55079E+20,5.42761E+21,8.38584E+15,4.89998E+16
31560,31561,8,4,17,2,2016,6,17,2,3,1,6,0,1,0,1,0,0,0,1,4.88554E+20,5.34519E+21,8.84578E+15,4.82598E+16
31561,31562,8,1,18,40,2016,6,17,2,3,2,6,0,1,0,1,0,0,0,0,5.1054E+20,5.43196E+21,9.14422E+15,4.90404E+16
31562,31563,8,2,15,21,2016,6,15,5,3,2,6,0,0,0,1,0,0,0,0,4.68794E+20,5.44616E+21,8.57192E+15,4.91674E+16
31563,31564,8,2,15,96,2016,6,12,5,2,8,6,0,1,0,1,0,0,0,1,4.66219E+20,5.42063E+21,8.53872E+15,4.89376E+16
31564,31565,8,2,12,0,2016,6,15,7,2,4,2,0,0,0,1,0,0,0,0,4.56511E+20,5.42317E+21,8.4059E+15,4.89599E+16
31565,31566,8,4,36,64,2016,6,21,6,3,2,2,0,0,0,1,0,0,0,0,5.40037E+20,5.29241E+21,9.5345E+15,4.77839E+16
31566,31567,8,4,17,44,2016,6,12,6,3,2,6,0,0,0,1,0,0,1,0,4.9312E+20,5.33469E+21,8.90747E+15,4.81654E+16
31567,31568,8,1,19,67,2016,6,19,5,3,5,3,0,0,1,1,0,0,0,0,5.40787E+20,5.40345E+21,9.55523E+15,4.87827E+16
31568,31569,8,2,15,59,2016,6,15,4,3,6,4,0,0,0,1,1,0,0,0,4.84262E+20,5.43709E+21,8.78446E+15,4.90865E+16
31569,31570,8,2,26,85,2016,6,13,6,3,4,2,0,0,1,0,0,0,0,1,4.90643E+20,5.4555E+21,8.87142E+15,4.92522E+16
31570,31571,8,2,16,13,2016,6,13,6,1,8,1,0,0,0,0,0,1,0,0,4.52971E+20,5.3852E+21,8.36188E+15,4.86181E+16
31571,31572,8,1,18,48,2016,6,12,6,3,3,6,0,0,0,1,0,0,0,0,5.11589E+20,5.41525E+21,9.15809E+15,4.88901E+16
31572,31573,8,3,26,37,2016,6,11,3,3,5,3,0,1,0,1,0,0,0,0,4.57602E+20,5.3267E+21,8.43061E+15,4.80921E+16
31573,31574,8,1,11,0,2016,6,13,3,2,5,2,0,1,0,1,0,0,1,0,5.12027E+20,5.41093E+21,9.16394E+15,4.88512E+16
31574,31575,8,2,15,109,2016,6,13,2,3,5,3,0,0,0,1,0,0,0,0,4.64368E+20,5.43751E+21,8.51197E+15,4.90894E+16
31575,31576,8,1,15,24,2016,6,15,6,2,4,2,0,0,0,1,0,1,0,0,5.02607E+20,5.38736E+21,9.03539E+15,4.86393E+16
31576,31577,8,3,17,1,2016,6,13,7,3,8,1,0,1,0,1,0,0,0,0,4.31781E+20,5.38791E+21,8.07396E+15,4.86405E+16
31577,31578,8,3,17,65,2016,6,12,5,3,4,6,0,0,1,0,0,0,0,0,4.12894E+20,5.35383E+21,7.82472E+15,4.83317E+16
31578,31579,8,4,37,59,2016,6,4,5,3,4,6,1,0,0,1,0,0,1,0,5.09259E+20,5.32068E+21,9.12422E+15,4.80394E+16
31579,31580,8,3,17,34,2016,6,16,2,3,5,3,0,1,1,1,0,0,0,0,4.26178E+20,5.36152E+21,8.00258E+15,4.84026E+16
31580,31581,8,1,11,0,2016,6,8,2,3,3,6,0,1,0,1,0,0,0,1,5.12664E+20,5.39996E+21,9.17229E+15,4.87525E+16
31581,31582,8,2,22,0,2016,6,13,5,3,3,6,0,0,0,1,0,0,0,1,4.62323E+20,5.4853E+21,8.47944E+15,4.95191E+16