FID,OBJECTID,ULAND,UREGBEZ,UKREIS,UGEMEINDE,UJAHR,UMONAT,USTUNDE,UWOCHENTAG,UKATEGORIE,UART,UTYP1,ULICHTVERH,IstStrasse,IstRad,IstPKW,IstFuss,IstKrad,IstGkfz,IstSonstig,LINREFX,LINREFY,XGCSWGS84,YGCSWGS84
31582,31583,8,3,35,15,2016,6,16,1,3,9,7,0,0,0,1,0,0,0,0,4.75929E+20,5.28185E+21,8.67924E+15,4.76896E+16
31583,31584,8,1,11,0,2016,6,17,5,2,2,6,0,0,0,1,0,0,0,1,5.11038E+20,5.40648E+21,9.15034E+15,4.88112E+16
31584,31585,8,1,35,16,2016,6,12,3,2,8,1,0,1,0,1,0,0,0,0,5.89924E+20,5.38705E+21,1.02204E+16,4.86301E+16
31585,31586,8,1,21,0,2016,6,15,7,3,5,2,0,0,0,1,0,0,0,0,5.15933E+20,5.44229E+21,9.21842E+15,4.91332E+16
31586,31587,8,1,15,3,2016,6,21,1,2,4,1,2,1,0,1,0,0,0,0,4.99438E+20,5.38992E+21,8.99236E+15,4.86623E+16
31587,31588,8,3,17,118,2016,6,20,6,3,8,1,0,0,0,0,0,1,0,0,4.3457E+20,5.3847E+21,8.11232E+15,4.8612E+16
31588,31589,8,4,35,57,2016,6,15,4,3,5,3,0,0,1,1,0,0,0,0,5.43261E+20,5.27933E+21,9.57623E+15,4.76659E+16
31589,31590,8,1,19,20,2016,6,11,4,2,1,1,0,1,1,1,0,0,0,0,5.18908E+20,5.40884E+21,9.25764E+15,4.88323E+16
31590,31591,8,1,35,27,2016,6,18,6,3,4,2,0,0,0,0,0,1,0,1,5.89918E+20,5.37737E+21,1.02183E+16,4.8543E+16
31591,31592,8,1,11,0,2016,6,10,6,3,5,3,0,0,0,1,0,0,1,0,5.13177E+20,5.40347E+21,9.17938E+15,4.87841E+16
31592,31593,8,3,17,31,2016,6,14,7,3,8,1,0,1,0,1,0,0,0,0,4.15898E+20,5.36216E+21,7.86358E+15,4.8407E+16
31593,31594,8,2,21,0,2016,6,14,3,2,3,6,0,0,0,1,0,0,1,0,4.73519E+20,5.47329E+21,8.63493E+15,4.94117E+16
31594,31595,8,1,19,89,2016,6,10,5,3,5,3,0,0,0,1,0,0,1,0,5.34454E+20,5.41058E+21,9.46962E+15,4.88473E+16
31595,31596,8,2,11,0,2016,6,22,3,3,0,3,2,1,0,1,0,1,0,0,4.43058E+20,5.4024E+21,8.22502E+15,4.8772E+16
31596,31597,8,4,25,79,2016,6,8,7,2,8,1,0,1,0,0,0,0,0,1,5.56243E+20,5.37418E+21,9.76163E+15,4.85183E+16
31597,31598,8,4,21,0,2016,6,13,6,3,2,6,0,0,0,1,0,0,0,0,5.70715E+20,5.35841E+21,9.95492E+15,4.83749E+16
31598,31599,8,2,11,0,2016,6,3,1,3,9,7,2,1,0,1,0,0,0,0,4.42162E+20,5.40848E+21,8.21197E+15,4.88266E+16
31599,31600,8,3,37,106,2016,6,13,6,3,8,7,0,0,0,0,0,0,0,1,4.58803E+20,5.28817E+21,8.45042E+15,4.77456E+16
31600,31601,8,1,11,0,2016,6,18,5,2,5,3,0,0,0,1,0,1,0,0,5.11789E+20,5.40659E+21,9.16057E+15,4.88122E+16
31601,31602,8,1,28,131,2016,6,15,4,3,2,6,0,0,0,1,0,0,0,0,5.35574E+20,5.51457E+21,9.49416E+15,4.97826E+16
31602,31603,8,2,15,89,2016,6,17,6,2,4,6,0,0,0,1,0,0,0,0,4.73191E+20,5.42999E+21,8.63331E+15,4.90223E+16
31603,31604,8,1,18,19,2016,6,11,6,3,3,6,0,0,0,1,0,0,1,0,5.02806E+20,5.4056E+21,9.03822E+15,4.88034E+16
31604,31605,8,1,17,6,2016,6,19,6,3,2,6,0,0,0,1,0,0,0,1,5.4986E+20,5.38564E+21,9.67658E+15,4.86218E+16
31605,31606,8,3,17,65,2016,6,17,3,3,5,3,0,1,0,1,0,0,0,0,4.16197E+20,5.35447E+21,7.86916E+15,4.83379E+16
31606,31607,8,4,36,64,2016,6,7,2,3,2,6,0,1,0,1,0,0,0,1,5.44971E+20,5.28913E+21,9.60002E+15,4.7754E+16
31607,31608,8,1,19,69,2016,6,18,5,3,9,1,0,0,0,1,0,0,0,0,5.31636E+20,5.43051E+21,9.43276E+15,4.90266E+16
31608,31609,8,1,17,18,2016,6,14,2,3,2,6,0,0,0,1,0,0,0,0,5.38535E+20,5.39561E+21,9.52384E+15,4.87123E+16
31609,31610,8,4,25,85,2016,6,17,6,3,2,1,0,0,0,1,0,0,0,0,5.8092E+20,5.37698E+21,1.00963E+16,4.85407E+16
31610,31611,8,4,35,16,2016,6,10,5,3,0,7,0,0,0,0,0,1,0,0,5.35647E+20,5.2782E+21,9.47472E+15,4.76562E+16
31611,31612,8,4,35,52,2016,6,4,1,3,8,7,2,0,0,1,0,0,0,0,5.24342E+20,5.28821E+21,9.32473E+15,4.77468E+16
31612,31613,8,3,16,17,2016,6,11,2,3,1,2,0,0,0,0,0,1,1,0,4.07277E+20,5.34237E+21,7.75148E+15,4.82278E+16
31613,31614,8,4,35,16,2016,6,12,4,3,0,7,0,1,0,0,0,1,0,0,5.35539E+20,5.27985E+21,9.47342E+15,4.76711E+16
31614,31615,8,3,17,126,2016,6,12,5,2,4,1,0,0,0,0,0,1,1,0,4.41305E+20,5.38052E+21,8.20427E+15,4.8575E+16
31615,31616,8,3,17,96,2016,6,6,1,3,3,6,0,1,0,1,0,0,1,0,4.2E+20,5.37448E+21,7.91665E+15,4.85184E+16
31616,31617,8,1,11,0,2016,6,16,5,3,0,6,0,0,0,0,0,1,0,1,5.16522E+20,5.40431E+21,9.22494E+15,4.87915E+16
31617,31618,8,1,25,6,2016,6,13,3,2,0,7,0,1,0,0,0,1,0,0,5.05903E+20,5.45703E+21,9.08114E+15,4.9266E+16
31618,31619,8,1,28,58,2016,6,10,1,3,4,2,0,1,0,1,0,0,0,0,5.5916E+20,5.4829E+21,9.81698E+15,4.94958E+16
31619,31620,8,3,11,0,2016,6,8,6,2,5,3,0,0,0,1,0,1,0,0,4.04103E+20,5.31454E+21,7.71501E+15,4.7977E+16
31620,31621,8,4,16,36,2016,6,16,4,3,1,6,0,0,0,1,0,0,0,0,4.97416E+20,5.37202E+21,8.96501E+15,4.85013E+16
31621,31622,8,1,16,33,2016,6,0,4,2,9,1,2,1,0,1,0,0,0,0,5.33614E+20,5.38705E+21,9.45625E+15,4.86356E+16
31622,31623,8,2,12,0,2016,6,13,7,3,0,2,0,1,0,1,0,0,0,0,4.56776E+20,5.42334E+21,8.4095E+15,4.89614E+16
31623,31624,8,2,36,40,2016,6,14,3,3,9,1,0,1,0,1,0,0,0,0,4.88111E+20,5.42165E+21,8.83762E+15,4.89477E+16
31624,31625,8,1,19,20,2016,6,16,5,3,6,4,0,0,0,1,1,0,0,0,5.19798E+20,5.40673E+21,9.26967E+15,4.88133E+16
31625,31626,8,1,26,58,2016,6,6,2,2,4,2,0,1,0,1,0,0,0,0,5.42845E+20,5.45167E+21,9.58833E+15,4.92163E+16
31626,31627,8,1,18,7,2016,6,22,6,3,5,3,2,0,0,1,0,0,0,0,5.10436E+20,5.42698E+21,9.14267E+15,4.89956E+16
31627,31628,8,3,37,66,2016,6,9,5,3,2,6,0,1,0,1,0,0,0,0,4.29358E+20,5.26839E+21,8.06087E+15,4.75651E+16
31628,31629,8,2,26,107,2016,6,6,2,3,0,7,0,1,0,0,0,1,1,0,4.73685E+20,5.48414E+21,8.6365E+15,4.95093E+16
31629,31630,8,1,35,19,2016,6,15,2,3,2,6,0,1,0,1,0,0,0,0,5.83397E+20,5.39248E+21,1.0133E+16,4.86798E+16
31630,31631,8,1,26,66,2016,6,16,6,3,4,2,0,1,0,1,0,0,0,1,5.32808E+20,5.45339E+21,9.45065E+15,4.92324E+16
31631,31632,8,4,17,25,2016,6,13,5,3,5,2,0,1,0,1,0,0,0,0,4.83887E+20,5.35714E+21,8.78245E+15,4.83672E+16
31632,31633,8,4,17,44,2016,6,9,1,3,6,7,0,1,0,1,0,0,0,1,4.97262E+20,5.33641E+21,8.96316E+15,4.81809E+16
31633,31634,8,2,26,84,2016,6,11,2,2,9,1,0,1,0,1,0,0,0,0,4.67198E+20,5.47296E+21,8.54783E+15,4.94084E+16
31634,31635,8,1,11,0,2016,6,18,5,3,2,6,0,0,0,1,0,0,0,0,5.16481E+20,5.4039E+21,9.22437E+15,4.87878E+16
31635,31636,8,2,12,0,2016,6,17,5,2,3,2,0,0,1,1,0,0,0,0,4.55733E+20,5.42822E+21,8.39472E+15,4.90053E+16
31636,31637,8,3,17,5,2016,6,20,4,3,2,2,0,0,0,1,0,0,0,0,4.25105E+20,5.37977E+21,7.98481E+15,4.85666E+16
31637,31638,8,1,11,0,2016,6,7,4,3,3,6,0,0,0,1,0,1,0,0,5.17725E+20,5.40416E+21,9.24132E+15,4.87902E+16
31638,31639,8,1,18,48,2016,6,14,3,3,2,6,0,1,0,1,0,0,0,0,5.14218E+20,5.41622E+21,9.19399E+15,4.88987E+16
31639,31640,8,1,11,0,2016,6,17,1,3,2,6,0,1,0,1,0,0,0,0,5.12063E+20,5.40687E+21,9.16431E+15,4.88147E+16
31640,31641,8,4,35,59,2016,6,13,7,3,2,2,0,0,0,1,0,0,0,0,5.12859E+20,5.29072E+21,9.17162E+15,4.77697E+16
31641,31642,8,3,35,43,2016,6,17,4,2,3,6,0,0,1,0,0,0,0,0,5.13506E+20,5.27942E+21,9.17991E+15,4.7668E+16
31642,31643,8,4,37,105,2016,6,17,5,2,5,2,0,0,1,1,0,0,0,0,5.19559E+20,5.32327E+21,9.26252E+15,4.80624E+16
31643,31644,8,2,37,40,2016,6,10,7,3,5,2,0,0,0,1,0,0,0,0,4.73965E+20,5.36051E+21,8.64828E+15,4.83972E+16
31644,31645,8,2,22,0,2016,6,0,3,3,4,3,2,0,0,1,0,0,0,0,4.64612E+20,5.48521E+21,8.51108E+15,4.95185E+16
31645,31646,8,4,26,21,2016,6,8,2,3,3,6,0,1,0,1,0,0,1,0,5.60844E+20,5.3253E+21,9.81689E+15,4.80781E+16
31646,31647,8,1,19,91,2016,6,7,2,3,3,2,0,1,1,1,0,0,0,0,5.26941E+20,5.40682E+21,9.36696E+15,4.88138E+16
31647,31648,8,3,16,11,2016,6,13,5,3,5,3,0,0,1,1,0,0,0,0,4.1319E+20,5.33195E+21,7.83321E+15,4.81349E+16
31648,31649,8,2,21,0,2016,6,7,2,3,5,2,0,1,1,0,0,0,0,1,4.77796E+20,5.47294E+21,8.69391E+15,4.94087E+16
31649,31650,8,2,15,106,2016,6,14,7,3,5,2,0,0,1,1,0,0,0,0,4.66065E+20,5.45348E+21,8.53386E+15,4.92331E+16
31650,31651,8,4,35,24,2016,6,14,6,2,3,2,0,0,0,1,0,1,0,0,5.26903E+20,5.2792E+21,9.35834E+15,4.76656E+16
31651,31652,8,1,25,65,2016,6,23,5,2,5,3,2,1,0,1,0,0,0,0,5.16523E+20,5.45075E+21,9.22685E+15,4.92093E+16
31652,31653,8,2,16,15,2016,6,19,4,3,5,3,0,1,0,1,0,1,0,0,4.49155E+20,5.40336E+21,8.30788E+15,4.87812E+16
31653,31654,8,2,36,40,2016,6,12,6,3,6,4,0,0,0,1,1,0,0,0,4.88594E+20,5.42123E+21,8.84423E+15,4.89439E+16
31654,31655,8,2,15,108,2016,6,12,6,3,2,6,0,0,0,1,0,0,0,0,4.50755E+20,5.42563E+21,8.32697E+15,4.89816E+16
31655,31656,8,1,25,38,2016,6,6,6,3,6,4,0,0,0,1,1,0,0,0,5.01649E+20,5.43503E+21,9.02257E+15,4.90681E+16
31656,31657,8,3,37,96,2016,6,16,3,2,2,6,0,0,0,1,0,1,0,0,4.19846E+20,5.26727E+21,7.93462E+15,4.75539E+16
31657,31658,8,1,15,21,2016,6,17,3,3,2,6,0,1,0,1,0,0,0,0,4.87566E+20,5.38252E+21,8.83136E+15,4.85957E+16
31658,31659,8,3,26,12,2016,6,1,7,2,8,1,2,1,0,0,0,1,0,0,4.6724E+20,5.30639E+21,8.56159E+15,4.791E+16
31659,31660,8,3,35,43,2016,6,16,5,3,0,7,0,0,1,0,0,0,0,0,5.14624E+20,5.28006E+21,9.19482E+15,4.76738E+16
31660,31661,8,1,17,30,2016,6,18,7,3,8,1,0,1,0,1,0,0,0,0,5.48831E+20,5.39225E+21,9.6634E+15,4.86814E+16
31661,31662,8,1,36,19,2016,6,7,5,3,2,2,0,1,0,1,0,0,0,0,5.85503E+20,5.42545E+21,1.01684E+16,4.8976E+16
31662,31663,8,2,12,0,2016,6,14,4,3,5,3,0,1,1,1,0,0,0,0,4.56364E+20,5.42631E+21,8.40355E+15,4.89882E+16
31663,31664,8,2,12,0,2016,6,20,6,2,2,6,0,0,0,1,0,1,0,0,4.50715E+20,5.43173E+21,8.32568E+15,4.90365E+16
31664,31665,8,4,35,52,2016,6,11,3,3,5,2,0,0,1,0,0,0,0,1,5.22819E+20,5.28968E+21,9.30449E+15,4.776E+16
31665,31666,8,1,16,33,2016,6,13,3,3,8,1,0,1,0,1,0,0,0,0,5.29659E+20,5.38682E+21,9.40255E+15,4.86338E+16
31666,31667,8,3,36,50,2016,6,13,7,3,2,6,0,0,0,1,0,0,0,0,3.9921E+20,5.27551E+21,7.65852E+15,4.76251E+16
31667,31668,8,4,15,61,2016,6,12,5,3,2,2,0,0,0,1,0,0,0,1,5.15756E+20,5.37158E+21,9.21327E+15,4.84971E+16
31668,31669,8,2,21,0,2016,6,14,7,3,5,3,0,0,0,1,0,0,0,1,4.82812E+20,5.47388E+21,8.76302E+15,4.94173E+16
31669,31670,8,4,15,61,2016,6,18,2,3,2,6,0,1,0,1,0,0,0,1,5.15125E+20,5.37094E+21,9.20471E+15,4.84914E+16
31670,31671,8,1,18,60,2016,6,17,2,3,8,1,0,0,0,0,0,0,1,0,5.23933E+20,5.42965E+21,9.32733E+15,4.90193E+16
31671,31672,8,2,31,0,2016,6,16,5,3,1,6,0,0,0,1,0,0,0,1,4.75418E+20,5.41506E+21,8.66467E+15,4.8888E+16
31672,31673,8,2,15,17,2016,6,17,5,3,2,6,0,0,0,1,0,0,0,0,4.54325E+20,5.42284E+21,8.37607E+15,4.89568E+16
31673,31674,8,1,25,102,2016,6,3,7,2,8,1,2,0,0,1,0,0,0,0,5.2167E+20,5.44483E+21,9.29721E+15,4.91559E+16
31674,31675,8,4,35,16,2016,6,10,6,3,3,6,0,0,0,1,0,1,0,0,5.36274E+20,5.27894E+21,9.48313E+15,4.76629E+16
31675,31676,8,4,15,19,2016,6,17,6,3,0,1,0,0,0,0,0,1,0,0,5.19184E+20,5.37046E+21,9.25963E+15,4.84869E+16
31676,31677,8,1,15,3,2016,6,7,5,2,3,6,0,0,0,1,0,1,0,0,4.99774E+20,5.39338E+21,8.99693E+15,4.86934E+16
31677,31678,8,1,18,80,2016,6,8,4,3,2,6,0,1,0,0,0,0,0,1,5.08607E+20,5.41046E+21,9.11732E+15,4.88471E+16
31678,31679,8,2,21,0,2016,6,12,6,3,5,2,0,0,0,1,0,0,0,0,4.73703E+20,5.47466E+21,8.63738E+15,4.9424E+16
31679,31680,8,1,26,66,2016,6,18,6,3,2,6,0,0,0,1,0,0,1,0,5.34527E+20,5.45029E+21,9.474E+15,4.92044E+16
31680,31681,8,1,18,80,2016,6,16,6,3,1,6,0,0,0,1,0,0,0,0,5.06256E+20,5.41048E+21,9.08527E+15,4.88473E+16
31681,31682,8,3,17,96,2016,6,13,3,3,2,6,0,1,0,1,0,0,0,0,4.23445E+20,5.37394E+21,7.96338E+15,4.85139E+16
31682,31683,8,1,11,0,2016,6,17,3,3,4,7,0,1,0,1,0,0,1,0,5.1522E+20,5.40544E+21,9.20727E+15,4.88018E+16
31683,31684,8,1,18,59,2016,6,16,5,3,5,3,0,0,0,1,0,0,0,1,5.01729E+20,5.41878E+21,9.0236E+15,4.89219E+16
31684,31685,8,1,25,66,2016,6,6,2,3,2,6,0,1,0,1,0,0,1,0,5.18473E+20,5.43057E+21,9.2527E+15,4.90278E+16
31685,31686,8,1,36,18,2016,6,17,6,2,8,1,0,1,0,1,0,0,0,0,5.8952E+20,5.42608E+21,1.02235E+16,4.89812E+16
31686,31687,8,3,17,88,2016,6,18,5,2,8,1,0,0,0,0,0,1,0,0,4.34789E+20,5.35762E+21,8.11952E+15,4.83684E+16
31687,31688,8,4,36,64,2016,6,13,5,3,4,1,0,1,0,1,0,0,0,0,5.45961E+20,5.28753E+21,9.61306E+15,4.77395E+16
31688,31689,8,3,17,75,2016,6,11,2,3,5,3,0,0,0,1,0,0,0,0,4.11161E+20,5.35958E+21,7.80014E+15,4.83832E+16
31689,31690,8,4,26,74,2016,6,12,4,2,1,6,0,1,0,1,0,1,0,0,5.56841E+20,5.32685E+21,9.76336E+15,4.80924E+16
31690,31691,8,4,35,35,2016,6,14,1,2,0,7,0,0,1,0,0,0,0,0,5.43831E+20,5.2857E+21,9.58447E+15,4.77232E+16
31691,31692,8,2,16,17,2016,6,17,5,3,8,1,0,0,0,0,0,1,0,0,4.49318E+20,5.39948E+21,8.31057E+15,4.87463E+16
31692,31693,8,3,26,31,2016,6,9,1,2,8,1,0,1,0,1,0,1,0,0,4.5661E+20,5.33385E+21,8.41657E+15,4.81565E+16
31693,31694,8,1,16,15,2016,6,15,5,3,0,1,0,0,0,0,0,1,0,0,5.22984E+20,5.39386E+21,9.31235E+15,4.86973E+16
31694,31695,8,2,26,85,2016,6,16,4,3,2,6,0,0,0,1,0,0,0,0,4.87139E+20,5.45617E+21,8.82325E+15,4.92582E+16
31695,31696,8,4,26,97,2016,6,12,3,3,2,6,0,0,0,1,0,0,0,0,5.372E+20,5.33344E+21,9.50017E+15,4.81531E+16
31696,31697,8,1,27,14,2016,6,19,7,2,5,3,0,0,1,1,0,0,0,0,5.76029E+20,5.44381E+21,1.00425E+16,4.91424E+16
31697,31698,8,3,36,69,2016,6,5,3,3,5,3,1,1,0,1,0,1,0,0,4.09858E+20,5.26915E+21,7.80152E+15,4.75695E+16
31698,31699,8,3,35,63,2016,6,14,5,3,5,3,0,0,1,1,0,0,0,0,4.98113E+20,5.28848E+21,8.97483E+15,4.77497E+16
31699,31700,8,2,26,55,2016,6,18,2,3,2,2,0,0,0,1,0,0,0,0,4.9877E+20,5.45925E+21,8.98308E+15,4.9286E+16
31700,31701,8,2,37,40,2016,6,10,3,3,5,3,0,0,0,1,0,0,0,0,4.77283E+20,5.36545E+21,8.69283E+15,4.84418E+16
31701,31702,8,1,16,35,2016,6,18,2,3,2,6,0,0,0,1,0,0,0,0,5.24653E+20,5.39194E+21,9.33491E+15,4.868E+16
31702,31703,8,4,16,41,2016,6,10,6,3,2,6,0,0,0,1,0,0,0,0,5.04687E+20,5.37176E+21,9.06345E+15,4.84989E+16
31703,31704,8,2,36,38,2016,6,15,6,3,1,6,0,0,0,1,0,0,0,0,4.84111E+20,5.42622E+21,8.78281E+15,4.89887E+16
31704,31705,8,1,36,70,2016,6,7,1,3,8,1,0,0,0,1,0,0,0,0,5.62404E+20,5.41297E+21,9.85092E+15,4.88666E+16
31705,31706,8,1,15,42,2016,6,10,1,3,5,3,0,0,1,1,0,0,0,0,4.96125E+20,5.40712E+21,8.94721E+15,4.8817E+16
31706,31707,8,4,36,64,2016,6,6,5,3,2,2,0,0,0,1,0,0,0,1,5.48138E+20,5.29144E+21,9.64253E+15,4.77746E+16
31707,31708,8,2,21,0,2016,6,18,5,3,9,1,0,0,0,0,0,1,0,0,4.75996E+20,5.47289E+21,8.66911E+15,4.94082E+16
31708,31709,8,1,18,60,2016,6,10,7,3,2,6,0,0,0,1,0,0,0,0,5.23744E+20,5.43014E+21,9.32478E+15,4.90237E+16
31709,31710,8,1,25,74,2016,6,20,4,3,5,3,0,0,0,1,0,1,0,0,5.09352E+20,5.43982E+21,9.12815E+15,4.91111E+16
31710,31711,8,1,25,78,2016,6,13,5,3,0,7,0,0,0,1,0,0,0,1,5.18469E+20,5.45407E+21,9.25373E+15,4.92391E+16
31711,31712,8,4,36,81,2016,6,12,4,3,5,3,0,0,1,1,0,0,0,0,5.62465E+20,5.28184E+21,9.83236E+15,4.76869E+16
31712,31713,8,4,15,34,2016,6,17,6,3,4,2,0,0,0,1,0,0,0,0,5.35538E+20,5.34742E+21,9.479E+15,4.8279E+16
31713,31714,8,2,25,117,2016,6,16,4,2,4,6,0,0,0,1,0,1,0,0,5.13906E+20,5.47111E+21,9.19163E+15,4.93925E+16
31714,31715,8,2,31,0,2016,6,10,6,2,6,4,0,0,0,0,1,0,0,1,4.78146E+20,5.41607E+21,8.70182E+15,4.88972E+16
31715,31716,8,3,36,81,2016,6,20,6,2,8,1,0,0,0,1,0,0,0,0,4.12923E+20,5.28032E+21,7.84003E+15,4.76704E+16
31716,31717,8,3,17,73,2016,6,19,3,2,2,6,0,0,0,1,0,0,0,0,4.10294E+20,5.35355E+21,7.78971E+15,4.83288E+16
31717,31718,8,3,17,141,2016,6,10,6,3,2,6,0,0,1,0,0,0,0,0,4.2112E+20,5.37986E+21,7.93079E+15,4.85669E+16
31718,31719,8,3,17,96,2016,6,20,5,3,8,7,0,0,0,0,0,1,0,0,4.22671E+20,5.3724E+21,7.95319E+15,4.85E+16
31719,31720,8,1,27,14,2016,6,16,3,3,0,1,0,0,0,0,0,1,0,0,5.75213E+20,5.4436E+21,1.00312E+16,4.91406E+16
31720,31721,8,2,12,0,2016,6,9,5,3,4,6,0,0,0,0,0,1,0,1,4.617E+20,5.42374E+21,8.47672E+15,4.89654E+16
31721,31722,8,1,16,80,2016,6,15,3,3,1,6,0,0,0,1,0,0,0,0,5.22347E+20,5.39616E+21,9.30381E+15,4.8718E+16
31722,31723,8,1,11,0,2016,6,15,2,3,2,6,0,0,0,1,0,0,0,0,5.12527E+20,5.39968E+21,9.17042E+15,4.875E+16
31723,31724,8,3,35,75,2016,6,14,6,2,5,3,0,0,1,1,0,0,0,0,4.89073E+20,5.29304E+21,8.85411E+15,4.77907E+16
31724,31725,8,1,15,41,2016,6,9,6,3,5,3,0,0,0,1,0,0,1,0,4.94977E+20,5.40071E+21,8.93166E+15,4.87594E+16
31725,31726,8,3,26,31,2016,6,17,5,3,5,3,0,0,0,1,0,0,0,1,4.54649E+20,5.33319E+21,8.39026E+15,4.81503E+16
31726,31727,8,2,26,18,2016,6,7,3,3,5,3,0,0,1,1,0,0,0,0,4.73193E+20,5.47196E+21,8.63054E+15,4.93997E+16
31727,31728,8,1,11,0,2016,6,23,2,3,5,2,2,1,0,1,0,0,0,0,5.16553E+20,5.40965E+21,9.22559E+15,4.88396E+16
31728,31729,8,3,16,37,2016,6,19,6,3,2,6,0,0,0,1,0,0,0,0,4.08568E+20,5.33281E+21,7.77091E+15,4.81419E+16
31729,31730,8,2,16,7,2016,6,21,6,3,8,6,0,0,0,0,0,1,0,0,4.39618E+20,5.38876E+21,8.18021E+15,4.8649E+16
31730,31731,8,1,25,79,2016,6,11,1,3,3,6,0,0,1,0,0,0,0,0,5.11232E+20,5.45692E+21,9.15438E+15,4.9265E+16
31731,31732,8,4,26,21,2016,6,18,7,3,2,6,0,1,0,1,0,0,0,0,5.59561E+20,5.32732E+21,9.79995E+15,4.80964E+16
31732,31733,8,4,17,51,2016,6,8,2,3,2,2,0,0,0,1,0,0,0,0,4.91529E+20,5.35919E+21,8.88559E+15,4.83858E+16
31733,31734,8,4,37,100,2016,6,6,5,2,5,3,0,1,0,1,0,0,0,0,5.40042E+20,5.31795E+21,9.53693E+15,4.80136E+16
31734,31735,8,1,18,81,2016,6,14,7,3,2,6,0,1,0,1,0,0,0,0,5.18144E+20,5.41147E+21,9.24736E+15,4.8856E+16
31735,31736,8,1,18,54,2016,6,17,4,3,2,6,0,0,0,1,0,0,0,0,5.1611E+20,5.42293E+21,9.22008E+15,4.89591E+16
31736,31737,8,1,19,91,2016,6,17,5,3,5,3,0,0,0,1,0,1,0,0,5.2694E+20,5.40328E+21,9.36672E+15,4.8782E+16
31737,31738,8,4,26,97,2016,6,8,4,3,6,4,0,0,0,1,1,0,0,0,5.35445E+20,5.33407E+21,9.47663E+15,4.81589E+16
31738,31739,8,3,35,43,2016,6,11,6,3,2,6,0,0,0,1,0,0,0,0,5.11743E+20,5.2812E+21,9.15646E+15,4.76841E+16
31739,31740,8,2,16,43,2016,6,19,4,3,0,4,0,0,1,0,1,0,0,0,4.39733E+20,5.41151E+21,8.17843E+15,4.88536E+16
31740,31741,8,2,21,0,2016,6,23,2,3,5,2,2,1,1,1,0,0,0,0,4.77032E+20,5.47513E+21,8.68325E+15,4.94284E+16
31741,31742,8,1,16,72,2016,6,20,7,3,2,6,1,0,0,1,0,0,0,0,5.31431E+20,5.39208E+21,9.427E+15,4.8681E+16
31742,31743,8,3,17,9,2016,6,16,6,1,4,6,0,0,0,1,0,1,1,0,4.24614E+20,5.3635E+21,7.9811E+15,4.84201E+16
31743,31744,8,1,11,0,2016,6,16,2,3,5,3,0,0,1,0,0,1,0,0,5.15106E+20,5.40312E+21,9.20563E+15,4.87809E+16
31744,31745,8,1,25,49,2016,6,20,6,2,2,6,0,0,0,1,0,0,1,0,5.00881E+20,5.45143E+21,9.0121E+15,4.92157E+16
31745,31746,8,3,15,6,2016,6,13,5,3,1,6,0,0,0,1,0,0,1,0,4.00669E+20,5.31165E+21,7.66967E+15,4.79504E+16
31746,31747,8,1,26,39,2016,6,16,3,3,8,1,0,0,0,0,0,1,0,0,5.4634E+20,5.46567E+21,9.63794E+15,4.9342E+16
31747,31748,8,1,25,6,2016,6,14,5,3,2,6,0,0,0,1,0,0,0,0,5.05173E+20,5.45094E+21,9.07103E+15,4.92112E+16
31748,31749,8,1,11,0,2016,6,13,3,2,2,6,0,0,0,1,0,1,0,0,5.15521E+20,5.40524E+21,9.21136E+15,4.88E+16
31749,31750,8,3,17,96,2016,6,13,6,3,5,3,0,0,1,1,0,0,0,0,4.22043E+20,5.37012E+21,7.94512E+15,4.84794E+16
31750,31751,8,3,36,50,2016,6,0,7,3,5,3,2,1,0,1,0,0,0,0,3.99223E+20,5.27552E+21,7.65869E+15,4.76253E+16
31751,31752,8,4,17,25,2016,6,4,2,2,8,6,2,0,0,1,0,0,0,1,4.87851E+20,5.35333E+21,8.83608E+15,4.8333E+16
31752,31753,8,3,36,78,2016,6,12,5,2,0,1,0,0,0,0,0,1,0,0,3.9895E+20,5.29153E+21,7.65135E+15,4.77692E+16
31753,31754,8,3,17,8,2016,6,20,4,2,8,1,0,0,0,0,0,1,0,0,4.45576E+20,5.36897E+21,8.26368E+15,4.84715E+16
31754,31755,8,1,11,0,2016,6,23,4,3,5,2,2,0,0,1,0,1,0,0,5.16968E+20,5.40985E+21,9.23125E+15,4.88414E+16
31755,31756,8,2,21,0,2016,6,17,7,3,8,1,0,1,0,0,0,1,0,0,4.77674E+20,5.47352E+21,8.6922E+15,4.94139E+16
31756,31757,8,3,27,8,2016,6,16,4,3,2,6,0,0,0,1,0,1,0,0,4.99211E+20,5.31875E+21,8.98943E+15,4.8022E+16
31757,31758,8,3,35,43,2016,6,15,2,3,0,7,0,0,1,0,0,0,0,0,5.13394E+20,5.28033E+21,9.17844E+15,4.76762E+16
31758,31759,8,4,26,21,2016,6,7,5,3,8,1,0,0,1,0,0,0,1,0,5.60322E+20,5.32518E+21,9.80986E+15,4.8077E+16
31759,31760,8,1,16,33,2016,6,18,4,3,2,6,0,0,0,1,0,0,0,0,5.34269E+20,5.38796E+21,9.46521E+15,4.86438E+16
31760,31761,8,1,17,26,2016,6,20,5,2,9,1,0,0,0,0,0,1,0,0,5.53392E+20,5.40037E+21,9.72641E+15,4.87541E+16
31761,31762,8,2,16,43,2016,6,11,6,3,1,7,0,1,0,1,0,0,1,1,4.43485E+20,5.41033E+21,8.22974E+15,4.88434E+16
31762,31763,8,4,16,36,2016,6,20,4,3,2,6,1,0,0,1,0,0,0,0,4.85903E+20,5.37123E+21,8.8092E+15,4.8494E+16
31763,31764,8,4,25,20,2016,6,16,4,2,4,6,0,0,0,1,0,0,0,0,5.60187E+20,5.36683E+21,9.81398E+15,4.84517E+16