FID,OBJECTID,ULAND,UREGBEZ,UKREIS,UGEMEINDE,UJAHR,UMONAT,USTUNDE,UWOCHENTAG,UKATEGORIE,UART,UTYP1,ULICHTVERH,IstStrasse,IstRad,IstPKW,IstFuss,IstKrad,IstGkfz,IstSonstig,LINREFX,LINREFY,XGCSWGS84,YGCSWGS84
31764,31765,8,3,15,37,2016,6,9,2,2,5,3,0,0,0,1,0,0,0,0,4.35055E+20,5.30265E+21,8.13149E+15,4.78739E+16
31765,31766,8,2,11,0,2016,6,11,2,3,8,1,0,0,0,1,0,0,0,0,4.46376E+20,5.40407E+21,8.26996E+15,4.87873E+16
31766,31767,8,4,36,82,2016,6,15,6,3,2,6,0,0,0,1,0,0,0,0,5.47728E+20,5.29567E+21,9.63752E+15,4.78126E+16
31767,31768,8,2,26,10,2016,6,14,6,3,2,6,0,0,0,1,0,0,0,0,4.84636E+20,5.45716E+21,8.78881E+15,4.9267E+16
31768,31769,8,4,26,28,2016,6,16,1,2,8,1,0,1,0,0,0,1,0,0,5.71085E+20,5.34102E+21,9.95699E+15,4.82184E+16
31769,31770,8,2,15,7,2016,6,12,7,3,2,6,0,0,0,1,0,0,0,0,4.78435E+20,5.43091E+21,8.70499E+15,4.90307E+16
31770,31771,8,1,19,20,2016,6,13,6,3,2,6,0,0,0,1,0,0,0,0,5.18339E+20,5.40891E+21,9.24989E+15,4.88329E+16
31771,31772,8,2,15,39,2016,6,9,5,3,2,6,0,0,0,1,0,0,1,0,4.7109E+20,5.45294E+21,8.60293E+15,4.92286E+16
31772,31773,8,1,27,14,2016,6,19,7,3,2,2,0,0,0,1,0,0,0,0,5.78618E+20,5.44254E+21,1.00777E+16,4.91306E+16
31773,31774,8,1,17,28,2016,6,11,5,2,1,6,0,0,0,1,0,1,0,0,5.47659E+20,5.38273E+21,9.64638E+15,4.85959E+16
31774,31775,8,4,35,57,2016,6,20,2,2,4,2,0,0,1,1,0,0,0,0,5.49443E+20,5.2748E+21,9.65806E+15,4.76248E+16
31775,31776,8,3,17,5,2016,6,15,7,1,4,6,0,0,0,1,0,0,1,0,4.22817E+20,5.37605E+21,7.9545E+15,4.85328E+16
31776,31777,8,1,16,19,2016,6,8,5,3,2,6,0,0,0,1,0,0,0,0,5.24777E+20,5.40077E+21,9.33713E+15,4.87594E+16
31777,31778,8,3,15,47,2016,6,17,4,3,2,6,0,0,0,1,0,1,0,0,4.15242E+20,5.32277E+21,7.8626E+15,4.80526E+16
31778,31779,8,4,35,52,2016,6,8,3,3,8,1,0,0,0,1,0,0,1,0,5.19928E+20,5.29115E+21,9.26598E+15,4.77734E+16
31779,31780,8,4,21,0,2016,6,8,7,2,4,2,0,0,0,1,0,0,0,0,5.71307E+20,5.35373E+21,9.96213E+15,4.83327E+16
31780,31781,8,4,15,61,2016,6,8,3,2,6,4,0,0,0,1,1,0,0,0,5.16271E+20,5.37233E+21,9.22027E+15,4.85038E+16
31781,31782,8,3,25,11,2016,6,17,4,2,8,1,0,0,0,0,0,1,0,0,4.76036E+20,5.3445E+21,8.67716E+15,4.82532E+16
31782,31783,8,3,35,75,2016,6,14,5,3,5,3,0,0,0,1,0,1,0,0,4.92211E+20,5.28539E+21,8.89613E+15,4.77219E+16
31783,31784,8,2,31,0,2016,6,17,2,3,8,1,0,0,0,1,0,0,0,0,4.76901E+20,5.40947E+21,8.68522E+15,4.88378E+16
31784,31785,8,1,27,25,2016,6,16,2,3,4,6,0,0,0,1,0,1,0,0,5.58358E+20,5.42538E+21,9.79753E+15,4.89786E+16
31785,31786,8,1,18,15,2016,6,8,2,2,5,3,0,0,0,1,0,1,0,0,5.0711E+20,5.42985E+21,9.09725E+15,4.90215E+16
31786,31787,8,4,26,120,2016,6,19,6,2,4,6,0,0,0,1,0,1,0,0,5.60902E+20,5.32273E+21,9.8173E+15,4.80549E+16
31787,31788,8,2,35,35,2016,6,12,6,3,5,3,0,0,0,1,0,1,0,0,4.69334E+20,5.40487E+21,8.58244E+15,4.8796E+16
31788,31789,8,2,12,0,2016,6,18,1,3,2,6,0,0,0,1,0,0,0,0,4.5378E+20,5.42681E+21,8.36818E+15,4.89924E+16
31789,31790,8,1,11,0,2016,6,23,1,3,2,6,2,0,0,1,0,0,0,0,5.15224E+20,5.39335E+21,9.20687E+15,4.8693E+16
31790,31791,8,1,16,43,2016,6,20,1,2,0,1,0,0,0,0,0,1,0,0,5.41637E+20,5.38076E+21,9.56452E+15,4.85786E+16
31791,31792,8,1,11,0,2016,6,20,6,3,0,6,0,0,0,1,0,1,0,0,5.10577E+20,5.40161E+21,9.14393E+15,4.87674E+16
31792,31793,8,2,21,0,2016,6,7,2,3,2,6,0,0,0,1,0,0,0,0,4.73832E+20,5.47578E+21,8.63908E+15,4.94342E+16
31793,31794,8,1,36,40,2016,6,17,2,3,5,3,0,0,0,1,0,0,0,0,5.63433E+20,5.41125E+21,9.86467E+15,4.8851E+16
31794,31795,8,4,35,59,2016,6,8,6,3,5,3,0,0,0,1,0,0,0,0,5.15816E+20,5.29117E+21,9.2111E+15,4.77737E+16
31795,31796,8,2,15,7,2016,6,14,6,3,4,6,0,0,0,1,0,0,0,0,4.76055E+20,5.43223E+21,8.67235E+15,4.90425E+16
31796,31797,8,3,17,146,2016,6,14,1,2,2,6,0,0,0,1,0,1,0,0,4.30608E+20,5.35526E+21,8.06346E+15,4.83467E+16
31797,31798,8,1,11,0,2016,6,11,7,3,1,6,0,0,0,1,0,1,0,0,5.09274E+20,5.39509E+21,9.12606E+15,4.87087E+16
31798,31799,8,2,21,0,2016,6,15,1,3,3,6,0,0,0,1,0,0,0,0,4.7413E+20,5.46908E+21,8.64363E+15,4.93739E+16
31799,31800,8,1,19,67,2016,6,19,1,2,8,1,0,0,0,1,0,0,0,0,5.38098E+20,5.40828E+21,9.51907E+15,4.88263E+16
31800,31801,8,1,16,35,2016,6,19,6,3,3,6,0,0,0,1,0,1,0,0,5.27556E+20,5.39215E+21,9.37436E+15,4.86818E+16
31801,31802,8,2,37,73,2016,6,3,5,3,8,1,2,1,0,1,0,0,0,0,4.63693E+20,5.38022E+21,8.5078E+15,4.8574E+16
31802,31803,8,1,19,76,2016,6,17,7,3,4,2,0,1,0,1,0,0,0,0,5.41714E+20,5.40663E+21,9.56817E+15,4.88113E+16
31803,31804,8,1,28,131,2016,6,16,4,3,2,6,0,0,0,1,0,0,0,1,5.31705E+20,5.514E+21,9.44036E+15,4.97776E+16
31804,31805,8,1,15,21,2016,6,6,5,3,2,6,0,0,0,1,0,0,0,0,4.92489E+20,5.38155E+21,8.89815E+15,4.8587E+16
31805,31806,8,4,35,5,2016,6,18,2,3,5,3,0,0,0,1,0,0,0,0,5.26301E+20,5.28646E+21,9.35077E+15,4.7731E+16
31806,31807,8,2,36,4,2016,6,23,7,3,8,7,2,1,0,1,0,0,0,0,4.71648E+20,5.41319E+21,8.61337E+15,4.8871E+16
31807,31808,8,1,15,44,2016,6,19,5,3,3,6,1,0,1,1,0,0,0,0,5.07145E+20,5.39016E+21,9.09704E+15,4.86644E+16
31808,31809,8,2,15,100,2016,6,22,4,3,5,3,1,0,1,1,0,0,0,0,4.75422E+20,5.45173E+21,8.6625E+15,4.92178E+16
31809,31810,8,4,25,73,2016,6,11,3,3,9,1,0,0,0,1,0,0,0,0,5.43431E+20,5.34474E+21,9.58511E+15,4.82543E+16
31810,31811,8,1,26,66,2016,6,0,7,3,5,3,2,0,0,0,0,1,1,0,5.35816E+20,5.4501E+21,9.49167E+15,4.92027E+16
31811,31812,8,3,35,22,2016,6,17,3,3,5,3,0,0,1,1,0,0,0,0,4.8277E+20,5.29938E+21,8.7697E+15,4.78476E+16
31812,31813,8,3,35,75,2016,6,18,5,3,8,1,0,0,0,0,0,1,0,0,4.86822E+20,5.29189E+21,8.82409E+15,4.77803E+16
31813,31814,8,2,22,0,2016,6,17,2,3,2,6,0,0,0,1,0,0,0,0,4.65424E+20,5.48022E+21,8.52273E+15,4.94736E+16
31814,31815,8,2,37,28,2016,6,23,3,3,8,1,2,0,0,1,0,0,0,0,4.5869E+20,5.36498E+21,8.44148E+15,4.84366E+16
31815,31816,8,1,16,11,2016,6,19,2,3,8,1,0,0,0,1,0,0,0,0,5.31826E+20,5.37925E+21,9.43139E+15,4.85655E+16
31816,31817,8,4,15,61,2016,6,12,6,3,2,6,0,0,0,1,0,1,0,0,5.1646E+20,5.37021E+21,9.22275E+15,4.84848E+16
31817,31818,8,2,26,13,2016,6,0,6,3,9,1,2,0,0,1,0,0,0,0,4.89146E+20,5.48329E+21,8.8501E+15,4.95022E+16
31818,31819,8,1,26,11,2016,6,0,1,3,8,1,2,0,0,1,0,0,0,0,5.32362E+20,5.44597E+21,9.44393E+15,4.91657E+16
31819,31820,8,1,15,3,2016,6,18,1,3,5,2,0,0,1,1,0,0,0,0,5.00714E+20,5.39251E+21,9.0097E+15,4.86856E+16
31820,31821,8,4,35,59,2016,6,13,2,2,9,7,0,0,0,1,0,0,0,0,5.0932E+20,5.2922E+21,9.12442E+15,4.77831E+16
31821,31822,8,4,35,29,2016,6,8,5,3,6,4,0,0,0,1,1,0,0,0,5.44996E+20,5.27168E+21,9.59856E+15,4.7597E+16
31822,31823,8,1,16,49,2016,6,12,7,3,3,2,0,0,1,1,0,0,0,0,5.23028E+20,5.38502E+21,9.31245E+15,4.86178E+16
31823,31824,8,1,19,6,2016,6,14,4,3,0,3,0,0,0,0,0,1,0,1,5.38237E+20,5.41958E+21,9.52203E+15,4.8928E+16
31824,31825,8,1,25,13,2016,6,20,5,3,2,6,0,0,0,1,0,0,0,0,5.05732E+20,5.43733E+21,9.07851E+15,4.90888E+16
31825,31826,8,4,35,34,2016,6,19,4,3,2,6,0,0,0,1,0,0,0,0,5.31384E+20,5.28474E+21,9.41843E+15,4.77153E+16
31826,31827,8,3,35,43,2016,6,13,6,3,6,4,0,0,0,1,1,0,0,0,5.12222E+20,5.28081E+21,9.16284E+15,4.76806E+16
31827,31828,8,2,26,105,2016,6,21,4,3,0,7,1,1,0,0,0,1,0,1,4.69656E+20,5.477E+21,8.5814E+15,4.94449E+16
31828,31829,8,2,26,96,2016,6,18,6,2,5,3,0,0,0,1,0,0,0,0,4.75241E+20,5.4864E+21,8.65785E+15,4.95298E+16
31829,31830,8,2,26,85,2016,6,0,5,3,1,5,2,0,0,1,0,0,0,1,4.91227E+20,5.45548E+21,8.87945E+15,4.92521E+16
31830,31831,8,1,16,79,2016,6,19,7,3,2,6,0,1,0,1,0,0,0,0,5.33671E+20,5.38036E+21,9.45648E+15,4.85754E+16
31831,31832,8,1,25,94,2016,6,18,4,3,5,3,0,0,0,1,0,0,0,0,5.16503E+20,5.43693E+21,9.22601E+15,4.9085E+16
31832,31833,8,1,27,46,2016,6,19,5,3,2,6,0,0,0,1,0,0,0,0,5.71885E+20,5.44734E+21,9.98627E+15,4.91746E+16
31833,31834,8,4,35,52,2016,6,15,4,2,9,1,0,0,0,0,0,1,0,0,5.20228E+20,5.28765E+21,9.26982E+15,4.77419E+16
31834,31835,8,2,35,60,2016,6,21,4,1,8,1,1,0,0,1,0,0,0,0,4.76365E+20,5.37955E+21,8.67962E+15,4.85686E+16
31835,31836,8,2,26,62,2016,6,7,6,3,5,3,0,1,0,1,0,0,0,0,4.69268E+20,5.46831E+21,8.57672E+15,4.93668E+16
31836,31837,8,1,19,44,2016,6,23,7,3,9,1,2,1,0,1,0,0,0,0,5.47802E+20,5.42351E+21,9.65306E+15,4.89626E+16
31837,31838,8,3,26,60,2016,6,12,6,3,0,1,0,0,0,0,0,1,0,0,4.43127E+20,5.33501E+21,8.23513E+15,4.81658E+16
31838,31839,8,4,17,22,2016,6,7,3,2,4,1,0,0,0,1,0,0,0,0,4.85364E+20,5.34874E+21,8.80269E+15,4.82917E+16
31839,31840,8,3,25,53,2016,6,13,5,2,4,2,0,0,0,1,0,0,0,0,4.5854E+20,5.34162E+21,8.44176E+15,4.82264E+16
31840,31841,8,1,18,51,2016,6,17,3,3,2,6,0,0,0,1,0,0,0,1,5.1077E+20,5.41499E+21,9.14692E+15,4.88877E+16
31841,31842,8,1,11,0,2016,6,15,2,2,2,6,0,0,0,1,0,1,0,0,5.13679E+20,5.40024E+21,9.18611E+15,4.8755E+16
31842,31843,8,3,37,2,2016,6,9,6,3,5,3,0,0,0,1,0,0,0,0,4.34937E+20,5.27123E+21,8.13461E+15,4.75912E+16
31843,31844,8,2,15,7,2016,6,13,6,3,2,6,0,0,0,1,0,0,0,0,4.78378E+20,5.43005E+21,8.70425E+15,4.9023E+16
31844,31845,8,1,21,0,2016,6,14,1,3,2,7,0,0,0,1,0,0,0,0,5.12842E+20,5.44304E+21,9.17606E+15,4.914E+16
31845,31846,8,4,16,25,2016,6,18,7,3,5,3,0,1,0,1,0,1,0,0,5.07642E+20,5.35913E+21,9.10322E+15,4.83852E+16
31846,31847,8,3,15,50,2016,6,11,2,3,2,6,0,0,0,1,0,0,0,0,3.94411E+20,5.30647E+21,7.58715E+15,4.79029E+16
31847,31848,8,4,35,52,2016,6,6,5,2,8,1,0,0,0,0,0,1,0,0,5.24884E+20,5.29199E+21,9.33218E+15,4.77808E+16
31848,31849,8,1,16,77,2016,6,20,7,3,2,6,1,0,0,1,0,0,0,0,5.15198E+20,5.39029E+21,9.20641E+15,4.86655E+16
31849,31850,8,1,18,48,2016,6,19,4,3,0,7,0,0,1,0,1,0,0,0,5.15192E+20,5.41671E+21,9.2073E+15,4.89032E+16
31850,31851,8,1,19,79,2016,6,8,5,3,2,6,0,0,0,1,0,0,0,0,5.2473E+20,5.40709E+21,9.33687E+15,4.88163E+16
31851,31852,8,2,37,45,2016,6,9,6,3,8,1,0,1,0,1,0,0,0,0,4.58633E+20,5.36425E+21,8.44078E+15,4.84301E+16
31852,31853,8,4,25,33,2016,6,7,4,3,5,3,0,0,0,1,0,0,0,0,5.57052E+20,5.34349E+21,9.76843E+15,4.8242E+16
31853,31854,8,2,15,109,2016,6,13,4,2,9,3,0,0,1,1,0,0,0,0,4.58854E+20,5.43768E+21,8.43643E+15,4.90906E+16
31854,31855,8,2,15,103,2016,6,14,2,3,2,6,0,0,0,1,0,0,0,0,4.67892E+20,5.444E+21,8.55971E+15,4.9148E+16
31855,31856,8,1,15,3,2016,6,22,7,3,2,6,2,0,0,1,0,0,0,0,4.9783E+20,5.3928E+21,8.97052E+15,4.86883E+16
31856,31857,8,3,15,50,2016,6,14,6,2,4,6,0,0,0,1,0,1,0,0,3.99946E+20,5.30395E+21,7.66177E+15,4.78811E+16
31857,31858,8,4,35,59,2016,6,14,1,2,9,7,0,1,0,0,0,1,0,0,5.13858E+20,5.29143E+21,9.18498E+15,4.77761E+16
31858,31859,8,2,36,40,2016,6,15,7,2,8,1,0,1,0,0,0,1,0,0,4.90587E+20,5.42204E+21,8.87144E+15,4.89512E+16
31859,31860,8,1,25,58,2016,6,7,6,3,1,6,0,0,0,1,0,0,0,0,5.08987E+20,5.44396E+21,9.12323E+15,4.91484E+16
31860,31861,8,3,36,91,2016,6,4,5,2,5,3,2,0,0,0,0,1,0,1,3.9449E+20,5.273E+21,7.59632E+15,4.76018E+16
31861,31862,8,1,28,131,2016,6,19,7,3,0,1,0,1,0,0,0,1,0,0,5.36764E+20,5.5121E+21,9.51045E+15,4.97603E+16
31862,31863,8,3,17,150,2016,6,22,6,3,8,7,2,0,0,1,0,0,0,0,4.08228E+20,5.352E+21,7.76219E+15,4.83145E+16
31863,31864,8,2,12,0,2016,6,7,3,2,2,6,0,0,0,1,0,0,0,0,4.6091E+20,5.42942E+21,8.46538E+15,4.90164E+16
31864,31865,8,1,18,79,2016,6,13,7,3,4,5,0,0,0,1,0,0,0,0,5.07428E+20,5.42329E+21,9.10148E+15,4.89625E+16
31865,31866,8,3,17,141,2016,6,7,6,3,5,3,0,0,0,1,0,0,0,1,4.15257E+20,5.37571E+21,7.85218E+15,4.85288E+16
31866,31867,8,3,17,47,2016,6,1,5,3,8,1,2,0,0,1,0,0,0,0,4.17789E+20,5.36448E+21,7.88868E+15,4.84281E+16
31867,31868,8,1,27,76,2016,6,17,3,3,5,3,0,0,0,1,0,0,0,0,5.55795E+20,5.4384E+21,9.76429E+15,4.9096E+16
31868,31869,8,2,11,0,2016,6,16,5,2,2,2,0,0,0,1,1,1,0,0,4.41905E+20,5.4035E+21,8.20917E+15,4.87818E+16
31869,31870,8,1,15,45,2016,6,15,3,3,6,4,0,0,0,0,1,0,0,1,4.99964E+20,5.39458E+21,8.99951E+15,4.87042E+16
31870,31871,8,3,26,12,2016,6,12,6,3,2,2,0,0,0,1,0,0,0,0,4.66352E+20,5.31007E+21,8.54942E+15,4.79431E+16
31871,31872,8,3,16,17,2016,6,0,7,3,8,1,2,0,0,1,0,0,0,0,4.06809E+20,5.33913E+21,7.74589E+15,4.81985E+16
31872,31873,8,1,35,32,2016,6,13,6,3,2,6,0,0,0,1,0,0,0,0,5.80065E+20,5.39213E+21,1.00876E+16,4.86771E+16
31873,31874,8,3,25,53,2016,6,6,2,3,5,2,0,0,0,1,0,0,0,0,4.61951E+20,5.34518E+21,8.48736E+15,4.82587E+16
31874,31875,8,4,16,41,2016,6,6,5,2,5,3,0,0,0,1,0,1,0,0,5.0234E+20,5.37132E+21,9.03168E+15,4.8495E+16
31875,31876,8,3,17,102,2016,6,14,4,3,4,6,0,0,0,1,0,0,1,0,4.3761E+20,5.37973E+21,8.1543E+15,4.85676E+16
31876,31877,8,1,16,70,2016,6,11,4,3,0,6,0,0,0,1,0,1,0,0,5.41116E+20,5.38402E+21,9.55777E+15,4.86079E+16
31877,31878,8,4,15,59,2016,6,11,4,3,3,6,0,0,0,1,0,0,1,0,5.16883E+20,5.37001E+21,9.22847E+15,4.8483E+16
31878,31879,8,1,36,88,2016,6,7,4,3,6,4,0,0,1,0,1,0,0,0,5.80557E+20,5.41213E+21,1.00982E+16,4.88569E+16
31879,31880,8,3,15,52,2016,6,14,2,1,8,1,0,0,0,0,0,1,0,0,4.35156E+20,5.30362E+21,8.13269E+15,4.78827E+16
31880,31881,8,1,16,70,2016,6,16,2,3,2,6,0,0,0,1,0,0,0,1,5.38036E+20,5.38627E+21,9.5162E+15,4.86283E+16
31881,31882,8,4,36,81,2016,6,19,6,3,8,1,0,0,0,0,0,1,0,0,5.58696E+20,5.2881E+21,9.78299E+15,4.77436E+16
31882,31883,8,2,12,0,2016,6,17,6,3,2,6,0,0,0,1,0,0,0,0,4.59774E+20,5.42788E+21,8.45E+15,4.90025E+16
31883,31884,8,4,15,59,2016,6,13,1,1,8,7,0,0,0,1,0,0,0,0,5.15825E+20,5.36404E+21,9.21392E+15,4.84293E+16
31884,31885,8,2,16,49,2016,6,12,7,2,5,3,0,0,0,1,0,1,0,0,4.33517E+20,5.40013E+21,8.09554E+15,4.87507E+16
31885,31886,8,1,18,80,2016,6,15,6,3,2,6,0,0,0,1,0,0,0,0,5.09335E+20,5.41049E+21,9.12724E+15,4.88473E+16
31886,31887,8,2,12,0,2016,6,12,5,3,5,2,0,0,0,1,0,0,0,1,4.52979E+20,5.42893E+21,8.35698E+15,4.90115E+16
31887,31888,8,1,26,56,2016,6,17,7,3,2,6,0,1,0,1,0,0,0,0,5.60963E+20,5.46935E+21,9.83979E+15,4.93738E+16
31888,31889,8,4,25,71,2016,6,9,5,3,2,6,0,0,0,0,0,0,1,1,5.51561E+20,5.37552E+21,9.6984E+15,4.85307E+16
31889,31890,8,4,36,64,2016,6,17,2,3,2,2,0,0,0,1,0,0,0,0,5.46057E+20,5.29348E+21,9.61496E+15,4.7793E+16
31890,31891,8,2,16,5,2016,6,11,7,3,9,1,0,0,0,0,0,1,0,0,4.47627E+20,5.41521E+21,8.28556E+15,4.88876E+16
31891,31892,8,1,16,11,2016,6,12,5,3,0,1,0,0,1,0,0,0,0,0,5.30335E+20,5.38012E+21,9.41124E+15,4.85734E+16
31892,31893,8,2,26,76,2016,6,18,4,2,2,6,0,0,0,1,0,0,0,0,4.7311E+20,5.46386E+21,8.62993E+15,4.93269E+16
31893,31894,8,4,37,59,2016,6,18,3,3,8,7,0,0,0,1,0,0,1,0,5.1048E+20,5.32223E+21,9.14063E+15,4.80533E+16
31894,31895,8,1,18,51,2016,6,14,7,3,2,6,0,1,0,1,0,0,0,1,5.10541E+20,5.41433E+21,9.14378E+15,4.88818E+16
31895,31896,8,1,17,53,2016,6,17,5,3,0,7,0,0,0,0,0,0,0,1,5.5036E+20,5.40089E+21,9.68523E+15,4.8759E+16
31896,31897,8,4,37,8,2016,6,16,2,3,5,3,0,0,0,1,0,0,0,0,5.19221E+20,5.32788E+21,9.25819E+15,4.81039E+16
31897,31898,8,4,17,54,2016,6,18,7,2,5,3,0,0,0,1,0,0,0,0,4.78727E+20,5.34706E+21,8.71328E+15,4.82764E+16
31898,31899,8,3,17,96,2016,6,19,2,3,3,6,0,0,1,0,0,0,0,0,4.21205E+20,5.36941E+21,7.93391E+15,4.84728E+16
31899,31900,8,3,15,68,2016,6,18,4,3,8,1,0,0,0,0,0,1,0,0,4.37718E+20,5.30582E+21,8.16663E+15,4.79027E+16
31900,31901,8,1,11,0,2016,6,9,4,3,2,6,0,0,0,1,0,0,0,0,5.1405E+20,5.40396E+21,9.19128E+15,4.87885E+16
31901,31902,8,2,12,0,2016,6,14,7,3,5,3,0,0,1,1,0,0,0,0,4.58993E+20,5.42882E+21,8.43923E+15,4.90109E+16
31902,31903,8,3,26,74,2016,6,10,4,3,5,3,0,0,1,1,0,0,0,0,4.65796E+20,5.32379E+21,8.54088E+15,4.80665E+16
31903,31904,8,2,12,0,2016,6,17,2,3,2,6,0,0,0,1,0,0,0,0,4.56995E+20,5.4283E+21,8.41196E+15,4.90061E+16
31904,31905,8,1,36,33,2016,6,19,2,3,5,3,0,0,0,1,0,0,0,0,5.80482E+20,5.41613E+21,1.0098E+16,4.88929E+16
31905,31906,8,1,21,0,2016,6,7,2,3,2,6,0,0,0,1,0,0,0,0,5.15131E+20,5.44431E+21,9.2075E+15,4.91515E+16
31906,31907,8,4,37,104,2016,6,7,6,3,7,7,0,0,1,0,0,0,0,0,5.16294E+20,5.32629E+21,9.21881E+15,4.80896E+16
31907,31908,8,2,12,0,2016,6,14,6,3,5,3,0,0,0,1,0,0,1,0,4.58759E+20,5.42654E+21,8.43626E+15,4.89903E+16
31908,31909,8,3,17,73,2016,6,2,1,2,2,6,2,0,0,1,0,0,0,1,4.09967E+20,5.3491E+21,7.78625E+15,4.82887E+16
31909,31910,8,1,18,19,2016,6,14,7,3,2,6,0,0,0,1,0,0,0,0,5.01608E+20,5.40439E+21,9.02189E+15,4.87925E+16
31910,31911,8,2,15,110,2016,6,22,1,3,5,3,2,0,0,1,0,0,0,0,4.60317E+20,5.41805E+21,8.45838E+15,4.89141E+16
31911,31912,8,1,18,80,2016,6,0,1,3,3,3,2,0,0,1,0,0,0,0,5.0705E+20,5.41257E+21,9.09613E+15,4.88661E+16
31912,31913,8,1,16,80,2016,6,9,6,3,0,3,0,0,0,0,0,1,1,0,5.22434E+20,5.39496E+21,9.30494E+15,4.87073E+16
31913,31914,8,2,35,80,2016,6,16,5,3,2,1,0,0,0,1,0,1,0,0,4.8119E+20,5.3856E+21,8.74474E+15,4.86232E+16
31914,31915,8,1,16,77,2016,6,0,7,2,8,1,2,0,0,1,0,0,0,0,5.1367E+20,5.38962E+21,9.18564E+15,4.86595E+16
31915,31916,8,1,18,67,2016,6,8,7,3,8,1,0,1,0,1,0,0,0,0,5.02237E+20,5.41514E+21,9.03052E+15,4.88892E+16
31916,31917,8,1,26,28,2016,6,17,4,3,4,2,0,0,0,1,0,0,0,0,5.408E+20,5.46003E+21,9.5611E+15,4.92917E+16
31917,31918,8,1,28,7,2016,6,17,5,2,0,1,0,0,1,0,0,0,0,0,5.54374E+20,5.48505E+21,9.75119E+15,4.95156E+16
31918,31919,8,2,26,96,2016,6,15,7,3,5,2,0,0,0,1,0,0,0,0,4.75035E+20,5.48549E+21,8.65507E+15,4.95215E+16
31919,31920,8,1,11,0,2016,6,10,5,2,5,3,0,0,0,1,0,0,0,0,5.09604E+20,5.39728E+21,9.1306E+15,4.87285E+16
31920,31921,8,2,37,28,2016,6,19,4,3,2,6,0,0,0,1,0,0,0,0,4.58188E+20,5.36779E+21,8.43441E+15,4.84619E+16
31921,31922,8,2,25,9,2016,6,16,6,3,8,1,0,1,0,1,0,0,0,0,5.16577E+20,5.46599E+21,9.22822E+15,4.93464E+16
31922,31923,8,4,17,54,2016,6,7,3,3,2,6,0,0,0,1,0,0,0,0,4.85159E+20,5.34892E+21,8.79991E+15,4.82933E+16
31923,31924,8,1,19,85,2016,6,10,7,3,5,3,0,0,0,1,0,0,0,0,5.29228E+20,5.41406E+21,9.39864E+15,4.88788E+16
31924,31925,8,3,17,65,2016,6,16,6,3,2,6,0,0,0,1,0,0,1,0,4.10326E+20,5.35208E+21,7.79046E+15,4.83156E+16
31925,31926,8,3,35,43,2016,6,10,3,3,6,7,0,0,1,0,1,0,0,0,5.13795E+20,5.28001E+21,9.18377E+15,4.76734E+16
31926,31927,8,3,27,50,2016,6,14,5,3,4,6,0,0,0,0,0,0,1,1,4.84712E+20,5.31538E+21,8.79509E+15,4.79915E+16
31927,31928,8,2,26,3,2016,6,10,3,3,3,2,0,0,1,1,0,0,0,0,4.634E+20,5.46145E+21,8.49652E+15,4.93047E+16
31928,31929,8,3,37,53,2016,6,13,3,2,0,1,0,0,1,0,0,0,0,0,4.56834E+20,5.26859E+21,8.42609E+15,4.75693E+16
31929,31930,8,3,17,96,2016,6,17,4,3,5,3,0,0,1,1,0,0,0,0,4.2258E+20,5.37022E+21,7.95236E+15,4.84803E+16
31930,31931,8,3,35,63,2016,6,7,5,3,4,6,0,0,1,0,0,0,0,0,4.97231E+20,5.28793E+21,8.96306E+15,4.77447E+16
31931,31932,8,2,36,43,2016,6,6,2,3,2,4,0,0,0,1,1,0,0,0,4.70575E+20,5.41073E+21,8.59892E+15,4.88488E+16
31932,31933,8,1,25,69,2016,6,14,2,3,8,1,0,0,0,1,0,0,0,0,5.22449E+20,5.45488E+21,9.30845E+15,4.92463E+16
31933,31934,8,2,12,0,2016,6,23,3,2,0,7,2,0,1,0,0,0,0,0,4.55483E+20,5.42825E+21,8.3913E+15,4.90055E+16
31934,31935,8,1,18,79,2016,6,12,2,3,4,2,0,0,0,1,0,0,0,0,5.08602E+20,5.42135E+21,9.11747E+15,4.8945E+16
31935,31936,8,4,17,13,2016,6,13,6,3,2,6,0,0,0,1,0,0,0,0,5.08199E+20,5.35014E+21,9.11057E+15,4.83044E+16
31936,31937,8,2,36,38,2016,6,16,6,3,5,2,0,0,0,1,0,1,0,0,4.85514E+20,5.42716E+21,8.80196E+15,4.89972E+16
31937,31938,8,1,11,0,2016,6,2,1,3,2,6,2,0,0,1,0,0,0,0,5.16164E+20,5.3934E+21,9.21965E+15,4.86934E+16
31938,31939,8,1,16,79,2016,6,18,1,1,4,6,0,0,0,1,0,1,0,0,5.32814E+20,5.37877E+21,9.44474E+15,4.85612E+16
31939,31940,8,4,36,81,2016,6,7,5,3,6,2,0,0,0,1,1,0,0,0,5.62526E+20,5.28229E+21,9.83325E+15,4.7691E+16
31940,31941,8,2,25,117,2016,6,23,5,3,7,1,2,0,0,0,0,1,0,0,5.1247E+20,5.46948E+21,9.17179E+15,4.93779E+16
31941,31942,8,1,11,0,2016,6,15,7,3,2,6,0,0,0,1,0,0,0,1,5.15346E+20,5.40522E+21,9.20898E+15,4.87998E+16
31942,31943,8,1,25,13,2016,6,23,4,3,4,6,2,0,0,1,0,0,0,0,5.08303E+20,5.43455E+21,9.11367E+15,4.90638E+16
31943,31944,8,1,27,8,2016,6,19,5,2,9,1,0,0,0,0,0,1,0,0,5.679E+20,5.45988E+21,9.93373E+15,4.92879E+16
31944,31945,8,4,36,14,2016,6,19,4,3,8,1,0,0,0,0,0,1,0,0,5.54604E+20,5.30071E+21,9.72999E+15,4.78574E+16