FID,OBJECTID,ULAND,UREGBEZ,UKREIS,UGEMEINDE,UJAHR,UMONAT,USTUNDE,UWOCHENTAG,UKATEGORIE,UART,UTYP1,ULICHTVERH,IstStrasse,IstRad,IstPKW,IstFuss,IstKrad,IstGkfz,IstSonstig,LINREFX,LINREFY,XGCSWGS84,YGCSWGS84
31945,31946,8,3,17,141,2016,6,16,6,2,2,2,1,1,0,1,0,1,0,0,4.22309E+20,5.37919E+21,7.94703E+15,4.8561E+16
31946,31947,8,2,26,82,2016,6,8,4,3,2,6,0,0,0,1,0,0,0,0,4.7512E+20,5.48109E+21,8.65651E+15,4.94819E+16
31947,31948,8,2,25,24,2016,6,15,6,3,2,6,0,0,0,1,0,0,0,0,5.11217E+20,5.4749E+21,9.15468E+15,4.94267E+16
31948,31949,8,1,36,28,2016,6,15,7,2,3,2,0,0,1,0,0,1,0,0,5.711E+20,5.40637E+21,9.96832E+15,4.88063E+16
31949,31950,8,3,15,125,2016,6,7,6,3,0,7,0,1,1,0,0,0,0,1,4.11757E+20,5.31074E+21,7.81832E+15,4.79439E+16
31950,31951,8,3,17,110,2016,6,11,3,3,2,6,0,0,0,0,0,1,0,0,4.25258E+20,5.38896E+21,7.98523E+15,4.86492E+16
31951,31952,8,3,17,57,2016,6,19,6,3,9,1,0,1,0,0,0,1,0,0,4.1281E+20,5.37409E+21,7.81937E+15,4.85139E+16
31952,31953,8,4,17,16,2016,6,20,5,2,8,6,0,0,0,1,0,1,0,0,4.8548E+20,5.34243E+21,8.80446E+15,4.82349E+16
31953,31954,8,4,16,36,2016,6,17,3,3,9,7,0,0,0,1,0,0,1,0,4.91379E+20,5.37435E+21,8.88325E+15,4.85222E+16
31954,31955,8,2,15,21,2016,6,15,5,3,5,7,0,0,0,1,0,0,0,0,4.68289E+20,5.44536E+21,8.56505E+15,4.91602E+16
31955,31956,8,1,19,8,2016,6,15,3,3,3,2,0,0,1,1,0,0,0,0,5.31023E+20,5.42151E+21,9.42368E+15,4.89458E+16
31956,31957,8,1,11,0,2016,6,15,2,2,3,6,0,0,0,1,0,0,0,0,5.10409E+20,5.40968E+21,9.14186E+15,4.884E+16
31957,31958,8,3,35,100,2016,6,10,6,2,0,1,0,0,1,0,0,0,0,0,4.87801E+20,5.28672E+21,8.8373E+15,4.77338E+16
31958,31959,8,1,16,47,2016,6,10,6,2,3,6,0,0,0,1,0,0,1,0,5.20072E+20,5.39362E+21,9.27277E+15,4.86953E+16
31959,31960,8,3,36,50,2016,6,16,2,3,5,3,0,0,1,1,0,0,0,0,4.00896E+20,5.27659E+21,7.68072E+15,4.76351E+16
31960,31961,8,4,26,74,2016,6,0,5,2,3,6,2,0,1,0,0,0,0,0,5.54379E+20,5.32567E+21,9.73014E+15,4.8082E+16
31961,31962,8,1,17,51,2016,6,18,4,3,1,6,0,0,0,1,0,0,0,0,5.42868E+20,5.39276E+21,9.58244E+15,4.86864E+16
31962,31963,8,1,18,48,2016,6,14,5,3,1,6,0,0,0,1,0,0,1,0,5.14241E+20,5.4156E+21,9.19428E+15,4.88932E+16
31963,31964,8,1,11,0,2016,6,7,2,3,1,5,0,0,0,1,0,1,0,0,5.15241E+20,5.40314E+21,9.20747E+15,4.87811E+16
31964,31965,8,4,15,78,2016,6,14,6,2,8,1,0,0,0,0,0,1,0,0,5.3475E+20,5.36945E+21,9.4702E+15,4.84772E+16
31965,31966,8,2,26,36,2016,6,7,6,3,5,2,0,0,1,1,0,0,0,0,4.67877E+20,5.48097E+21,8.55654E+15,4.94806E+16
31966,31967,8,1,25,5,2016,6,15,1,3,2,6,0,0,0,1,0,0,0,0,5.15783E+20,5.45283E+21,9.21678E+15,4.9228E+16
31967,31968,8,4,36,1,2016,6,3,7,2,8,7,2,1,0,1,0,0,0,0,5.55713E+20,5.27609E+21,9.74166E+15,4.76358E+16
31968,31969,8,4,26,87,2016,6,13,2,3,2,6,0,0,0,1,0,0,0,0,5.70584E+20,5.32996E+21,9.94841E+15,4.8119E+16
31969,31970,8,4,35,30,2016,6,17,5,3,2,6,0,0,0,1,0,0,0,0,5.4113E+20,5.275E+21,9.54744E+15,4.76271E+16
31970,31971,8,1,11,0,2016,6,15,7,3,2,6,0,1,0,1,0,0,0,0,5.13386E+20,5.40151E+21,9.18216E+15,4.87665E+16
31971,31972,8,1,18,73,2016,6,17,4,2,5,3,0,0,0,1,0,1,0,0,4.97856E+20,5.41898E+21,8.97073E+15,4.89237E+16
31972,31973,8,1,21,0,2016,6,15,5,3,8,1,0,0,0,1,0,0,0,0,5.16431E+20,5.44504E+21,9.22536E+15,4.91579E+16
31973,31974,8,4,35,67,2016,6,7,4,2,3,6,0,0,0,1,0,1,0,0,5.33543E+20,5.2896E+21,9.44759E+15,4.77589E+16
31974,31975,8,3,15,48,2016,6,16,6,3,3,6,0,0,0,1,0,1,0,0,3.95164E+20,5.30851E+21,7.59672E+15,4.79213E+16
31975,31976,8,2,21,0,2016,6,17,4,3,5,2,0,0,1,1,0,0,0,0,4.76556E+20,5.47285E+21,8.67683E+15,4.94079E+16
31976,31977,8,1,16,47,2016,6,14,7,2,8,1,0,0,0,1,0,0,0,0,5.20803E+20,5.39356E+21,9.2827E+15,4.86947E+16
31977,31978,8,3,17,26,2016,6,13,6,2,5,2,0,0,1,1,0,0,0,0,4.11973E+20,5.34651E+21,7.81384E+15,4.82656E+16
31978,31979,8,1,11,0,2016,6,10,2,3,2,6,0,0,0,1,0,0,0,0,5.12343E+20,5.39952E+21,9.16791E+15,4.87486E+16
31979,31980,8,1,27,23,2016,6,7,6,3,2,6,0,0,0,1,0,0,0,0,5.49378E+20,5.42568E+21,9.67485E+15,4.8982E+16
31980,31981,8,3,16,12,2016,6,8,5,3,1,7,0,0,0,1,0,0,0,0,4.03392E+20,5.33399E+21,7.70108E+15,4.81518E+16
31981,31982,8,1,27,73,2016,6,7,3,2,2,6,0,1,0,1,0,0,1,0,5.78598E+20,5.44841E+21,1.00786E+16,4.91835E+16
31982,31983,8,2,11,0,2016,6,16,5,2,4,2,0,0,0,1,0,1,0,0,4.42688E+20,5.39616E+21,8.22085E+15,4.87159E+16
31983,31984,8,1,11,0,2016,6,12,3,3,3,6,0,0,0,1,0,0,1,0,5.15856E+20,5.40461E+21,9.2159E+15,4.87943E+16
31984,31985,8,3,17,34,2016,6,7,6,3,5,3,0,0,0,1,0,1,0,0,4.26661E+20,5.36217E+21,8.00899E+15,4.84084E+16
31985,31986,8,3,36,100,2016,6,11,7,2,0,7,0,0,0,1,0,0,0,1,3.9997E+20,5.27856E+21,7.66794E+15,4.76527E+16
31986,31987,8,2,37,40,2016,6,7,2,2,6,4,0,0,0,1,1,0,0,0,4.78158E+20,5.36467E+21,8.7047E+15,4.84348E+16
31987,31988,8,3,36,91,2016,6,14,5,3,2,6,0,0,0,1,0,0,0,1,3.93586E+20,5.27475E+21,7.58387E+15,4.76174E+16
31988,31989,8,3,17,59,2016,6,15,4,2,5,2,0,0,1,1,0,0,0,0,4.12897E+20,5.35006E+21,7.82555E+15,4.82977E+16
31989,31990,8,1,15,21,2016,6,10,4,3,5,2,0,0,1,1,0,0,0,0,4.90373E+20,5.38242E+21,8.86944E+15,4.85948E+16
31990,31991,8,3,37,125,2016,6,15,4,3,5,3,0,0,0,1,0,1,0,0,4.46633E+20,5.27433E+21,8.28977E+15,4.76202E+16
31991,31992,8,1,28,45,2016,6,11,4,3,2,6,0,0,0,1,0,0,0,0,5.48993E+20,5.49696E+21,9.67833E+15,4.96232E+16
31992,31993,8,2,26,98,2016,6,13,2,3,9,1,0,0,0,1,0,0,1,0,4.77632E+20,5.45813E+21,8.69248E+15,4.92755E+16
31993,31994,8,1,18,80,2016,6,6,2,3,2,6,0,0,0,1,0,0,1,0,5.10013E+20,5.41331E+21,9.13655E+15,4.88727E+16
31994,31995,8,4,35,36,2016,6,20,6,3,2,2,0,0,0,1,0,1,0,0,5.21023E+20,5.28221E+21,9.28017E+15,4.76929E+16
31995,31996,8,4,17,31,2016,6,7,4,3,9,1,0,0,0,1,0,0,0,0,4.93016E+20,5.35539E+21,8.90574E+15,4.83516E+16
31996,31997,8,2,12,0,2016,6,13,4,3,2,6,0,0,0,1,0,0,0,0,4.59633E+20,5.43028E+21,8.44784E+15,4.9024E+16
31997,31998,8,3,15,113,2016,6,21,2,2,5,3,1,0,1,1,0,0,0,0,4.39801E+20,5.30812E+21,8.19419E+15,4.79236E+16
31998,31999,8,2,12,0,2016,6,9,2,3,2,6,0,0,0,1,0,0,0,0,4.52671E+20,5.42918E+21,8.35275E+15,4.90137E+16
31999,32000,8,4,37,86,2016,6,10,6,3,5,3,0,0,0,1,0,0,0,0,5.27871E+20,5.31193E+21,9.37334E+15,4.79601E+16
32000,32001,8,3,11,0,2016,6,6,6,2,4,6,0,0,1,1,0,0,0,0,4.18165E+20,5.31544E+21,7.90322E+15,4.7987E+16
32001,32002,8,4,26,87,2016,6,16,1,3,2,6,0,1,0,1,0,1,0,0,5.70925E+20,5.32469E+21,9.95211E+15,4.80716E+16
32002,32003,8,2,26,38,2016,6,17,7,2,0,1,0,1,1,0,0,0,0,0,4.70673E+20,5.4803E+21,8.59518E+15,4.94746E+16
32003,32004,8,1,19,89,2016,6,7,6,3,9,1,0,0,0,1,0,0,0,0,5.33993E+20,5.41056E+21,9.46333E+15,4.8847E+16
32004,32005,8,3,11,0,2016,6,19,5,2,2,6,0,0,0,1,0,1,0,0,4.18583E+20,5.3145E+21,7.909E+15,4.79786E+16
32005,32006,8,1,28,126,2016,6,11,7,2,4,6,0,0,0,1,0,0,0,0,5.64307E+20,5.48022E+21,9.88761E+15,4.94712E+16
32006,32007,8,4,26,134,2016,6,0,5,2,9,1,2,0,0,1,0,0,0,0,5.6131E+20,5.33873E+21,9.82508E+15,4.81989E+16
32007,32008,8,4,35,67,2016,6,18,2,2,3,2,0,0,0,1,0,1,0,0,5.3024E+20,5.2913E+21,9.40364E+15,4.77743E+16
32008,32009,8,3,17,122,2016,6,19,7,2,5,3,0,0,0,1,0,1,0,0,4.16634E+20,5.36663E+21,7.87263E+15,4.84473E+16
32009,32010,8,3,16,17,2016,6,17,2,3,2,6,0,0,0,1,0,0,0,1,4.06998E+20,5.34242E+21,7.74771E+15,4.82282E+16
32010,32011,8,1,16,77,2016,6,15,5,3,3,6,0,0,0,1,0,1,0,0,5.15862E+20,5.3915E+21,9.21547E+15,4.86764E+16
32011,32012,8,3,36,50,2016,6,11,4,3,3,6,0,0,1,0,0,0,0,1,4.01041E+20,5.27394E+21,7.68324E+15,4.76113E+16
32012,32013,8,1,11,0,2016,6,0,4,3,2,7,2,0,0,1,0,1,0,0,5.13208E+20,5.40358E+21,9.17981E+15,4.87851E+16
32013,32014,8,2,11,0,2016,6,15,7,2,5,2,0,1,1,0,0,1,0,0,4.42886E+20,5.40622E+21,8.22215E+15,4.88064E+16
32014,32015,8,4,16,36,2016,6,23,3,3,8,1,2,0,0,1,0,0,0,0,4.95446E+20,5.36891E+21,8.93838E+15,4.84733E+16
32015,32016,8,3,25,69,2016,6,14,4,3,8,1,0,0,0,1,0,0,0,0,4.6652E+20,5.33366E+21,8.54983E+15,4.81553E+16
32016,32017,8,2,35,65,2016,6,10,2,2,8,1,0,0,0,1,0,0,0,0,4.77369E+20,5.40334E+21,8.69193E+15,4.87827E+16
32017,32018,8,1,27,14,2016,6,11,2,3,8,1,0,0,0,1,1,0,0,0,5.78062E+20,5.4434E+21,1.00702E+16,4.91384E+16
32018,32019,8,1,19,53,2016,6,19,2,3,5,3,0,0,0,0,0,1,0,1,5.33451E+20,5.42545E+21,9.45717E+15,4.8981E+16
32019,32020,8,4,26,108,2016,6,7,6,2,8,1,0,0,0,0,0,1,0,0,5.70865E+20,5.33439E+21,9.95293E+15,4.81588E+16
32020,32021,8,2,37,4,2016,6,13,6,3,5,3,0,0,0,1,0,1,0,0,4.53483E+20,5.37321E+21,8.37018E+15,4.85102E+16
32021,32022,8,3,15,94,2016,6,18,1,3,9,1,0,0,0,0,0,1,0,0,4.31848E+20,5.31854E+21,8.08609E+15,4.80165E+16
32022,32023,8,1,36,88,2016,6,5,7,3,8,1,1,0,0,1,0,0,0,0,5.80576E+20,5.40972E+21,1.0098E+16,4.88353E+16
32023,32024,8,1,16,47,2016,6,18,1,2,9,1,0,0,0,0,0,0,0,1,5.18727E+20,5.39383E+21,9.2545E+15,4.86972E+16
32024,32025,8,1,16,41,2016,6,12,1,3,1,6,0,0,0,1,0,0,0,0,5.1878E+20,5.3845E+21,9.25479E+15,4.86133E+16
32025,32026,8,1,11,0,2016,6,16,6,3,4,6,0,0,0,1,0,0,0,0,5.0663E+20,5.40406E+21,9.09027E+15,4.87895E+16
32026,32027,8,2,36,46,2016,6,14,5,3,6,7,0,0,1,0,1,0,0,0,4.84189E+20,5.41819E+21,8.7842E+15,4.89164E+16
32027,32028,8,4,36,55,2016,6,17,6,1,8,1,0,0,0,1,0,0,0,0,5.7704E+20,5.30127E+21,1.003E+16,4.78601E+16
32028,32029,8,1,25,102,2016,6,10,4,3,5,3,0,0,0,1,0,0,0,0,5.22355E+20,5.44273E+21,9.30648E+15,4.9137E+16
32029,32030,8,1,27,75,2016,6,8,5,3,5,3,0,0,0,1,0,1,0,0,5.70492E+20,5.46643E+21,9.97052E+15,4.93465E+16
32030,32031,8,2,25,117,2016,6,22,7,2,9,1,2,0,0,1,0,0,0,0,5.17081E+20,5.47522E+21,9.23557E+15,4.94294E+16
32031,32032,8,2,12,0,2016,6,10,6,3,5,3,0,0,1,1,0,0,0,0,4.56439E+20,5.42456E+21,8.40477E+15,4.89724E+16
32032,32033,8,3,25,72,2016,6,19,1,3,5,5,0,0,0,1,0,0,0,0,4.72056E+20,5.33025E+21,8.62449E+15,4.81249E+16
32033,32034,8,1,11,0,2016,6,19,7,3,2,6,0,0,0,1,0,0,0,0,5.14294E+20,5.3936E+21,9.19424E+15,4.86952E+16
32034,32035,8,2,25,67,2016,6,15,1,3,6,1,0,0,1,0,1,0,0,0,5.09982E+20,5.4626E+21,9.13735E+15,4.9316E+16
32035,32036,8,1,19,42,2016,6,14,1,3,9,1,0,0,0,1,0,0,0,0,5.28689E+20,5.41458E+21,9.39133E+15,4.88835E+16
32036,32037,8,1,16,33,2016,6,7,6,3,5,3,0,0,0,0,1,0,1,0,5.34003E+20,5.38909E+21,9.4617E+15,4.8654E+16
32037,32038,8,2,12,0,2016,6,10,5,3,2,6,0,0,0,1,0,0,1,0,4.59195E+20,5.42733E+21,8.44215E+15,4.89975E+16
32038,32039,8,1,21,0,2016,6,4,7,3,9,1,2,1,0,1,0,0,0,0,5.14433E+20,5.44275E+21,9.19787E+15,4.91375E+16
32039,32040,8,1,11,0,2016,6,8,5,3,1,6,0,0,0,1,0,0,0,0,5.11545E+20,5.39492E+21,9.15693E+15,4.87072E+16
32040,32041,8,4,35,5,2016,6,13,2,3,1,2,0,0,0,1,0,0,0,1,5.26106E+20,5.28647E+21,9.34816E+15,4.77311E+16
32041,32042,8,2,36,40,2016,6,20,7,2,4,6,0,0,0,1,0,0,0,0,4.85883E+20,5.42031E+21,8.80724E+15,4.89356E+16
32042,32043,8,1,15,24,2016,6,10,5,3,2,6,0,0,0,1,0,0,0,0,5.00972E+20,5.38642E+21,9.01319E+15,4.86308E+16
32043,32044,8,2,12,0,2016,6,20,4,3,3,6,0,0,0,1,0,1,0,0,4.5796E+20,5.42788E+21,8.42521E+15,4.90023E+16
32044,32045,8,4,21,0,2016,6,17,3,3,4,6,0,0,1,0,0,0,0,0,5.72347E+20,5.36193E+21,9.97756E+15,4.84063E+16
32045,32046,8,1,27,89,2016,6,16,7,2,9,1,0,0,0,1,0,0,0,0,5.63321E+20,5.43708E+21,9.86717E+15,4.90834E+16
32046,32047,8,3,36,50,2016,6,17,3,3,5,3,0,0,1,1,0,0,0,0,3.98299E+20,5.27613E+21,7.64626E+15,4.76305E+16
32047,32048,8,3,35,43,2016,6,14,5,3,2,6,0,0,0,1,0,1,0,0,5.13198E+20,5.27962E+21,9.1758E+15,4.76699E+16
32048,32049,8,2,21,0,2016,6,11,2,3,2,6,0,0,0,1,0,0,0,0,4.77683E+20,5.4725E+21,8.69239E+15,4.94047E+16
32049,32050,8,2,37,4,2016,6,16,3,3,2,6,0,0,0,1,0,0,0,0,4.53547E+20,5.37283E+21,8.37109E+15,4.85069E+16
32050,32051,8,1,17,26,2016,6,18,2,3,8,1,0,0,0,0,0,1,0,0,5.52235E+20,5.39786E+21,9.71034E+15,4.87315E+16
32051,32052,8,4,15,61,2016,6,19,6,3,3,2,0,0,0,1,0,1,0,0,5.15578E+20,5.37073E+21,9.21083E+15,4.84895E+16
32052,32053,8,2,36,50,2016,6,10,6,3,0,7,0,0,0,1,0,0,1,0,4.86715E+20,5.42274E+21,8.81853E+15,4.89574E+16
32053,32054,8,1,36,88,2016,6,14,1,2,9,1,0,0,1,0,0,0,0,0,5.77176E+20,5.41663E+21,1.0053E+16,4.88978E+16
32054,32055,8,1,15,42,2016,6,13,1,3,5,3,0,0,0,0,0,0,1,1,4.96125E+20,5.40711E+21,8.94722E+15,4.8817E+16
32055,32056,8,4,35,59,2016,6,10,5,3,5,2,0,0,0,1,0,0,0,0,5.15145E+20,5.29239E+21,9.20219E+15,4.77847E+16
32056,32057,8,4,35,67,2016,6,12,6,3,8,1,0,0,0,0,0,1,0,0,5.28296E+20,5.28666E+21,9.37738E+15,4.77327E+16
32057,32058,8,1,25,6,2016,6,19,4,3,5,3,0,0,0,1,0,1,0,0,5.10914E+20,5.4564E+21,9.14999E+15,4.92603E+16
32058,32059,8,1,25,86,2016,6,15,5,3,4,2,0,0,0,1,0,1,0,0,5.04178E+20,5.44319E+21,9.05729E+15,4.91415E+16
32059,32060,8,4,36,64,2016,6,15,4,2,5,3,0,0,0,1,0,1,0,0,5.43438E+20,5.28839E+21,9.5795E+15,4.77474E+16
32060,32061,8,3,15,64,2016,6,4,6,3,8,1,1,0,0,0,0,0,0,1,4.2213E+20,5.31375E+21,7.95665E+15,4.79724E+16
32061,32062,8,2,22,0,2016,6,18,4,3,3,5,0,0,0,1,0,1,0,0,4.683E+20,5.4795E+21,8.56249E+15,4.94674E+16
32062,32063,8,2,16,9,2016,6,17,6,3,3,2,0,0,0,1,0,0,0,0,4.47883E+20,5.42209E+21,8.28818E+15,4.89496E+16
32063,32064,8,2,36,25,2016,6,1,6,3,9,1,2,1,0,1,0,0,0,0,4.90036E+20,5.40864E+21,8.86424E+15,4.88306E+16
32064,32065,8,3,15,6,2016,6,16,3,3,2,6,0,0,0,1,0,1,0,0,4.00686E+20,5.31163E+21,7.6699E+15,4.79502E+16
32065,32066,8,3,17,116,2016,6,13,6,3,5,2,0,0,0,1,0,1,0,0,4.34652E+20,5.38745E+21,8.113E+15,4.86367E+16
32066,32067,8,4,37,86,2016,6,13,4,3,2,6,0,0,0,1,0,0,0,0,5.26977E+20,5.30914E+21,9.36119E+15,4.7935E+16
32067,32068,8,2,36,13,2016,6,18,4,2,6,4,0,0,0,1,1,0,0,0,4.74974E+20,5.4083E+21,8.65902E+15,4.88272E+16
32068,32069,8,2,16,23,2016,6,13,6,3,6,4,0,1,0,1,1,0,0,0,4.3755E+20,5.40779E+21,8.14924E+15,4.882E+16
32069,32070,8,1,19,67,2016,6,11,7,3,2,6,0,0,0,1,0,0,0,0,5.38885E+20,5.40658E+21,9.52963E+15,4.8811E+16
32070,32071,8,2,36,46,2016,6,13,6,3,2,6,0,1,0,1,0,0,0,0,4.84261E+20,5.41574E+21,8.78527E+15,4.88944E+16
32071,32072,8,2,37,45,2016,6,17,3,2,8,6,0,0,0,1,0,1,0,0,4.62159E+20,5.36453E+21,8.48842E+15,4.84328E+16
32072,32073,8,3,26,12,2016,6,16,5,3,8,1,0,0,0,0,0,1,0,0,4.57067E+20,5.31228E+21,8.42487E+15,4.79624E+16
32073,32074,8,2,12,0,2016,6,0,3,3,2,6,2,0,0,1,0,0,1,0,4.52362E+20,5.42965E+21,8.34846E+15,4.90179E+16
32074,32075,8,1,11,0,2016,6,6,2,3,2,6,0,0,0,1,0,0,0,1,5.14185E+20,5.40603E+21,9.19319E+15,4.88071E+16
32075,32076,8,3,37,22,2016,6,16,6,3,8,7,0,1,0,0,0,1,0,1,4.48871E+20,5.29868E+21,8.3167E+15,4.78394E+16
32076,32077,8,2,16,39,2016,6,18,6,3,1,6,0,0,0,1,0,0,0,0,4.44525E+20,5.41379E+21,8.24345E+15,4.88745E+16
32077,32078,8,1,25,13,2016,6,15,1,3,2,6,0,0,0,1,0,0,0,0,5.04893E+20,5.43658E+21,9.06701E+15,4.90821E+16
32078,32079,8,4,26,21,2016,6,8,7,2,5,3,0,0,0,1,0,0,0,0,5.58863E+20,5.32698E+21,9.79053E+15,4.80934E+16
32079,32080,8,4,15,61,2016,6,16,2,2,0,1,0,0,1,0,0,0,0,0,5.13066E+20,5.37187E+21,9.17687E+15,4.84998E+16
32080,32081,8,4,37,76,2016,6,16,5,3,2,6,0,0,0,1,0,0,0,0,5.23911E+20,5.32142E+21,9.32082E+15,4.80456E+16
32081,32082,8,4,35,59,2016,6,11,6,3,2,6,0,0,0,1,0,0,0,0,5.12842E+20,5.29071E+21,9.17139E+15,4.77696E+16
32082,32083,8,1,18,63,2016,6,16,4,2,3,6,0,0,1,0,0,0,0,1,5.1496E+20,5.42319E+21,9.20437E+15,4.89614E+16
32083,32084,8,1,19,79,2016,6,18,5,2,0,1,0,0,0,0,0,1,0,0,5.23049E+20,5.4101E+21,9.31414E+15,4.88434E+16
32084,32085,8,4,21,0,2016,6,13,4,3,0,1,0,0,0,0,0,1,0,0,5.7233E+20,5.35955E+21,9.97692E+15,4.83849E+16
32085,32086,8,2,15,59,2016,6,22,4,3,4,6,2,0,0,1,0,0,0,0,4.84021E+20,5.43633E+21,8.78118E+15,4.90796E+16
32086,32087,8,2,26,85,2016,6,13,2,3,5,3,0,0,1,1,0,0,0,0,4.90026E+20,5.4552E+21,8.86296E+15,4.92495E+16
32087,32088,8,1,15,28,2016,6,8,7,3,8,1,0,0,0,1,0,0,0,0,5.00126E+20,5.40671E+21,9.00172E+15,4.88134E+16
32088,32089,8,3,16,17,2016,6,16,6,3,4,2,0,0,0,1,0,0,0,0,4.08984E+20,5.3405E+21,7.77486E+15,4.82112E+16
32089,32090,8,4,37,104,2016,6,15,1,3,5,3,0,0,0,1,0,0,0,0,5.15423E+20,5.3263E+21,9.20711E+15,4.80898E+16
32090,32091,8,1,25,46,2016,6,8,6,3,2,6,0,0,0,1,0,0,0,0,5.20652E+20,5.43332E+21,9.28264E+15,4.90524E+16
32091,32092,8,3,16,56,2016,6,14,5,2,8,2,0,0,1,1,0,0,0,0,4.27032E+20,5.32338E+21,8.02068E+15,4.80596E+16
32092,32093,8,1,17,2,2016,6,14,5,3,1,6,0,0,0,1,0,0,0,0,5.47449E+20,5.38305E+21,9.64356E+15,4.85987E+16
32093,32094,8,1,11,0,2016,6,16,3,2,3,6,0,0,0,1,0,0,0,0,5.16008E+20,5.40883E+21,9.21813E+15,4.88323E+16
32094,32095,8,3,26,74,2016,6,11,7,3,8,7,0,0,0,0,0,0,0,1,4.56618E+20,5.3244E+21,8.41763E+15,4.80714E+16
32095,32096,8,3,17,96,2016,6,20,2,2,3,6,0,0,0,1,0,0,0,0,4.19704E+20,5.37399E+21,7.91273E+15,4.85139E+16
32096,32097,8,3,36,87,2016,6,19,5,3,4,6,0,0,0,1,0,0,0,0,4.22785E+20,5.29101E+21,7.96949E+15,4.77678E+16
32097,32098,8,3,17,57,2016,6,7,5,3,5,7,0,0,0,1,0,0,0,1,4.19109E+20,5.38481E+21,7.90257E+15,4.86111E+16
32098,32099,8,1,27,76,2016,6,16,3,3,5,3,0,0,1,1,0,0,0,0,5.54154E+20,5.43928E+21,9.74194E+15,4.9104E+16
32099,32100,8,2,15,46,2016,6,6,5,3,0,7,0,0,1,0,0,0,0,0,4.54462E+20,5.4184E+21,8.37843E+15,4.89168E+16
32100,32101,8,1,16,42,2016,6,12,3,3,5,3,0,0,1,1,0,0,0,0,5.17774E+20,5.3825E+21,9.24106E+15,4.85953E+16
32101,32102,8,3,26,41,2016,6,18,6,3,4,6,0,0,0,1,0,1,0,0,4.64452E+20,5.33008E+21,8.52232E+15,4.8123E+16
32102,32103,8,1,36,9,2016,6,13,6,2,4,6,0,0,0,1,0,0,0,1,5.66899E+20,5.40793E+21,9.91138E+15,4.88208E+16
32103,32104,8,3,35,35,2016,6,16,2,2,5,3,0,0,0,1,0,0,1,0,4.78873E+20,5.29356E+21,8.71789E+15,4.77951E+16
32104,32105,8,4,17,8,2016,6,6,5,3,5,3,0,0,0,1,0,1,0,0,4.93613E+20,5.35166E+21,8.91384E+15,4.83181E+16
32105,32106,8,4,35,53,2016,6,17,6,3,5,3,0,0,1,1,0,0,0,0,5.0729E+20,5.29353E+21,9.09734E+15,4.77951E+16
32106,32107,8,3,17,150,2016,6,20,4,3,5,3,0,0,0,1,0,0,0,0,4.08112E+20,5.356E+21,7.75975E+15,4.83505E+16
32107,32108,8,1,16,78,2016,6,17,4,2,8,1,0,0,0,0,0,1,0,0,5.09595E+20,5.39234E+21,9.13037E+15,4.8684E+16
32108,32109,8,1,16,81,2016,6,6,5,3,2,6,0,0,0,1,0,1,0,0,5.17343E+20,5.38627E+21,9.23537E+15,4.86293E+16
32109,32110,8,4,16,41,2016,6,16,4,2,2,6,0,0,0,1,0,1,0,0,5.05707E+20,5.37335E+21,9.07728E+15,4.85133E+16
32110,32111,8,1,15,28,2016,6,16,4,3,2,6,0,0,0,1,0,0,0,0,5.00108E+20,5.40345E+21,9.00147E+15,4.8784E+16
32111,32112,8,3,15,131,2016,6,12,2,2,5,3,0,0,0,1,0,1,0,0,4.0587E+20,5.30835E+21,7.74002E+15,4.79216E+16
32112,32113,8,1,25,6,2016,6,1,2,3,2,7,2,0,0,1,0,0,1,0,5.04838E+20,5.45121E+21,9.06643E+15,4.92136E+16
32113,32114,8,4,36,53,2016,6,11,6,3,5,3,0,0,0,1,0,0,0,1,5.30744E+20,5.30889E+21,9.41161E+15,4.79326E+16
32114,32115,8,2,36,46,2016,6,18,6,3,2,6,0,0,0,1,0,0,0,0,4.82927E+20,5.41777E+21,8.76698E+15,4.89126E+16
32115,32116,8,4,26,100,2016,6,12,1,2,9,1,0,1,0,0,0,1,0,0,5.75275E+20,5.3162E+21,1.0009E+16,4.79947E+16
32116,32117,8,2,12,0,2016,6,15,7,3,5,3,0,0,1,1,0,0,0,0,4.54791E+20,5.42826E+21,8.38183E+15,4.90055E+16
32117,32118,8,1,18,77,2016,6,17,6,3,0,1,0,0,1,0,0,0,0,0,5.13804E+20,5.42308E+21,9.18857E+15,4.89605E+16
32118,32119,8,2,26,85,2016,6,9,5,3,5,2,0,0,0,1,0,1,0,0,4.9345E+20,5.45404E+21,8.91002E+15,4.92391E+16
32119,32120,8,1,27,62,2016,6,17,7,2,4,1,0,0,0,1,0,0,0,0,5.50533E+20,5.42681E+21,9.69078E+15,4.89921E+16
32120,32121,8,1,17,35,2016,6,16,5,3,5,3,0,0,0,0,0,1,1,0,5.48793E+20,5.38128E+21,9.66159E+15,4.85827E+16
32121,32122,8,4,36,82,2016,6,8,2,3,2,6,0,0,0,1,0,0,1,0,5.48176E+20,5.29559E+21,9.64349E+15,4.78118E+16
32122,32123,8,2,15,90,2016,6,14,7,3,2,6,0,1,0,1,0,0,0,0,4.63667E+20,5.43447E+21,8.50263E+15,4.9062E+16
32123,32124,8,1,16,48,2016,6,17,5,3,9,1,0,0,0,1,0,0,0,0,5.33262E+20,5.39169E+21,9.45185E+15,4.86773E+16
32124,32125,8,3,15,84,2016,6,15,4,2,0,1,0,0,0,0,0,1,0,0,4.18147E+20,5.30627E+21,7.90473E+15,4.79046E+16
32125,32126,8,4,35,29,2016,6,5,3,3,1,5,0,1,0,1,0,1,0,0,5.42477E+20,5.27147E+21,9.56502E+15,4.75953E+16