FID,OBJECTID,ULAND,UREGBEZ,UKREIS,UGEMEINDE,UJAHR,UMONAT,USTUNDE,UWOCHENTAG,UKATEGORIE,UART,UTYP1,ULICHTVERH,IstStrasse,IstRad,IstPKW,IstFuss,IstKrad,IstGkfz,IstSonstig,LINREFX,LINREFY,XGCSWGS84,YGCSWGS84
32126,32127,8,1,17,25,2016,6,11,7,3,2,2,0,0,0,1,0,1,0,0,5.58104E+20,5.38835E+21,9.78881E+15,4.86455E+16
32127,32128,8,4,15,78,2016,6,12,3,2,8,7,0,0,0,1,0,0,0,0,5.3073E+20,5.36824E+21,9.41572E+15,4.84665E+16
32128,32129,8,3,17,34,2016,6,17,4,3,8,7,0,0,0,0,0,1,0,0,4.28369E+20,5.35873E+21,8.03266E+15,4.83777E+16
32129,32130,8,3,16,9,2016,6,16,4,3,0,6,0,0,0,1,0,0,0,0,4.16877E+20,5.32548E+21,7.88401E+15,4.80772E+16
32130,32131,8,1,11,0,2016,6,7,4,3,5,2,0,0,1,0,0,0,1,0,5.15665E+20,5.40353E+21,9.21325E+15,4.87845E+16
32131,32132,8,2,16,13,2016,6,11,7,3,4,6,0,0,0,1,0,1,0,0,4.52427E+20,5.39119E+21,8.35382E+15,4.86719E+16
32132,32133,8,3,27,56,2016,6,17,4,3,0,7,0,0,1,0,0,0,0,0,4.83223E+20,5.31939E+21,8.77498E+15,4.80276E+16
32133,32134,8,2,15,64,2016,6,14,2,2,0,7,0,0,0,0,0,1,0,0,4.7811E+20,5.45121E+21,8.69943E+15,4.92133E+16
32134,32135,8,1,36,10,2016,6,16,2,3,5,3,0,0,0,1,0,0,0,0,5.99426E+20,5.41264E+21,1.03555E+16,4.88588E+16
32135,32136,8,1,25,74,2016,6,7,2,3,5,3,0,0,0,1,0,0,0,0,5.07654E+20,5.43882E+21,9.10487E+15,4.91022E+16
32136,32137,8,4,37,104,2016,6,17,6,3,2,7,0,0,0,1,0,0,0,1,5.15496E+20,5.32598E+21,9.20808E+15,4.80869E+16
32137,32138,8,2,12,0,2016,6,12,6,3,3,6,0,0,0,0,0,1,1,0,4.53062E+20,5.43058E+21,8.35792E+15,4.90264E+16
32138,32139,8,3,17,96,2016,6,13,1,3,4,2,0,0,0,1,0,1,0,0,4.2294E+20,5.36841E+21,7.95757E+15,4.84641E+16
32139,32140,8,1,11,0,2016,6,16,7,3,2,6,0,0,0,1,0,0,0,1,5.11439E+20,5.39498E+21,9.15549E+15,4.87077E+16
32140,32141,8,2,21,0,2016,6,15,1,3,1,1,0,0,0,1,0,0,0,0,4.77309E+20,5.47312E+21,8.6872E+15,4.94103E+16
32141,32142,8,1,18,48,2016,6,15,1,3,1,6,0,0,0,1,0,0,0,0,5.12147E+20,5.41526E+21,9.16572E+15,4.88902E+16
32142,32143,8,1,16,12,2016,6,16,6,3,4,6,0,0,0,0,0,1,0,1,5.3902E+20,5.37971E+21,9.52893E+15,4.85693E+16
32143,32144,8,2,37,28,2016,6,10,5,3,2,6,0,0,0,1,0,0,0,0,4.56435E+20,5.36812E+21,8.41067E+15,4.84647E+16
32144,32145,8,1,19,20,2016,6,15,7,2,5,3,0,1,0,1,0,0,0,0,5.20198E+20,5.4056E+21,9.27507E+15,4.8803E+16
32145,32146,8,1,27,47,2016,6,19,4,2,2,6,0,0,1,1,0,0,0,0,5.60496E+20,5.45351E+21,9.83095E+15,4.92314E+16
32146,32147,8,1,36,75,2016,6,15,5,2,2,2,0,0,0,1,0,1,0,0,5.99991E+20,5.42193E+21,1.03655E+16,4.89422E+16
32147,32148,8,4,35,16,2016,6,17,2,3,5,3,0,0,0,1,0,1,0,0,5.37786E+20,5.27878E+21,9.50327E+15,4.76613E+16
32148,32149,8,2,26,54,2016,6,11,7,3,0,7,0,0,0,0,0,1,0,0,4.81795E+20,5.45632E+21,8.7498E+15,4.92594E+16
32149,32150,8,1,11,0,2016,6,6,5,3,3,6,0,0,0,1,0,1,1,0,5.16197E+20,5.40393E+21,9.22051E+15,4.87881E+16
32150,32151,8,2,37,24,2016,6,19,4,3,4,6,0,0,0,1,0,0,0,0,4.77523E+20,5.36169E+21,8.69629E+15,4.84079E+16
32151,32152,8,4,17,36,2016,6,6,3,3,2,6,0,1,0,1,0,0,0,0,5.03258E+20,5.35257E+21,9.04395E+15,4.83263E+16
32152,32153,8,1,25,69,2016,6,18,7,3,9,7,0,0,0,1,0,0,0,0,5.21911E+20,5.45567E+21,9.3011E+15,4.92534E+16
32153,32154,8,2,22,0,2016,6,15,6,3,2,6,0,0,0,1,0,0,1,0,4.66621E+20,5.4791E+21,8.53935E+15,4.94636E+16
32154,32155,8,3,35,75,2016,6,7,3,3,5,3,0,1,1,1,0,0,0,0,4.87851E+20,5.28917E+21,8.8379E+15,4.77558E+16
32155,32156,8,3,27,50,2016,6,22,5,3,4,6,2,0,0,1,0,0,0,0,4.86761E+20,5.31507E+21,8.82256E+15,4.79888E+16
32156,32157,8,2,22,0,2016,6,13,2,3,6,2,0,0,0,1,1,0,0,0,4.65621E+20,5.47596E+21,8.52583E+15,4.94353E+16
32157,32158,8,2,26,82,2016,6,13,3,2,1,7,0,0,0,1,0,0,0,0,4.75144E+20,5.48108E+21,8.65685E+15,4.94818E+16
32158,32159,8,1,15,41,2016,6,7,2,3,2,6,0,0,0,1,0,0,0,0,4.94889E+20,5.40315E+21,8.93043E+15,4.87813E+16
32159,32160,8,4,15,61,2016,6,23,6,2,0,7,2,1,0,0,0,1,0,0,5.15591E+20,5.37575E+21,9.2112E+15,4.85347E+16
32160,32161,8,2,26,29,2016,6,16,6,2,8,1,0,0,0,0,0,1,0,0,4.84307E+20,5.48299E+21,8.78327E+15,4.94994E+16
32161,32162,8,1,21,0,2016,6,23,1,2,5,3,2,0,0,1,0,0,0,0,5.1613E+20,5.44375E+21,9.22118E+15,4.91464E+16
32162,32163,8,1,11,0,2016,6,17,1,3,2,6,0,0,0,1,0,0,0,0,5.11972E+20,5.39929E+21,9.16285E+15,4.87465E+16
32163,32164,8,4,37,31,2016,6,16,2,3,2,6,0,0,0,1,0,1,0,0,5.21217E+20,5.34178E+21,9.2857E+15,4.82289E+16
32164,32165,8,4,35,16,2016,6,23,5,3,8,7,2,0,1,0,0,0,0,0,5.37145E+20,5.27873E+21,9.49472E+15,4.76609E+16
32165,32166,8,4,37,8,2016,6,14,6,3,5,3,0,0,1,1,0,0,0,0,5.20353E+20,5.32846E+21,9.27343E+15,4.81091E+16
32166,32167,8,3,35,75,2016,6,17,5,3,5,3,0,0,1,1,0,0,0,0,4.86797E+20,5.28945E+21,8.82383E+15,4.77583E+16
32167,32168,8,2,31,0,2016,6,6,2,3,9,1,0,0,0,0,0,1,0,0,4.77452E+20,5.4125E+21,8.69255E+15,4.88651E+16
32168,32169,8,1,25,98,2016,6,6,2,3,4,2,0,0,0,1,0,0,0,0,5.19791E+20,5.43724E+21,9.27106E+15,4.90877E+16
32169,32170,8,2,15,110,2016,6,12,3,2,5,3,0,0,0,1,0,1,0,0,4.6207E+20,5.41945E+21,8.48218E+15,4.89268E+16
32170,32171,8,1,18,79,2016,6,10,2,2,5,3,0,0,1,0,0,0,0,0,5.09645E+20,5.42157E+21,9.13173E+15,4.8947E+16
32171,32172,8,4,25,33,2016,6,13,6,1,2,6,0,0,0,0,0,1,0,1,5.56595E+20,5.34095E+21,9.76193E+15,4.82192E+16
32172,32173,8,2,36,76,2016,6,18,6,3,4,1,0,0,0,1,0,0,0,0,4.72675E+20,5.42322E+21,8.62671E+15,4.89613E+16
32173,32174,8,2,16,43,2016,6,11,1,3,0,1,0,0,0,0,0,1,0,0,4.44088E+20,5.41136E+21,8.23782E+15,4.88527E+16
32174,32175,8,1,18,73,2016,6,21,1,2,8,1,0,0,0,1,0,0,0,0,5.01397E+20,5.41876E+21,9.01907E+15,4.89217E+16
32175,32176,8,1,16,56,2016,6,16,1,3,3,2,0,0,1,1,0,0,0,0,5.30706E+20,5.39528E+21,9.41739E+15,4.87098E+16
32176,32177,8,4,36,49,2016,6,10,5,3,9,1,0,0,0,0,0,0,0,1,5.79892E+20,5.28212E+21,1.00646E+16,4.76876E+16
32177,32178,8,2,25,109,2016,6,11,5,3,8,1,0,0,0,1,0,0,0,0,5.269E+20,5.49156E+21,9.37208E+15,4.95761E+16
32178,32179,8,4,36,8,2016,6,18,6,2,5,3,1,0,0,1,0,1,0,0,5.45336E+20,5.31189E+21,9.60727E+15,4.79587E+16
32179,32180,8,1,25,65,2016,6,17,4,3,5,3,0,0,1,1,0,0,0,0,5.17065E+20,5.45003E+21,9.23426E+15,4.92028E+16
32180,32181,8,1,27,62,2016,6,17,5,2,8,1,0,0,0,0,0,1,0,0,5.49727E+20,5.42615E+21,9.67968E+15,4.89862E+16
32181,32182,8,4,35,16,2016,6,9,4,2,5,3,0,0,0,1,0,1,0,0,5.36195E+20,5.27811E+21,9.48202E+15,4.76554E+16
32182,32183,8,2,12,0,2016,6,18,6,3,9,1,0,1,0,1,0,0,0,0,4.58777E+20,5.42507E+21,8.43666E+15,4.89771E+16
32183,32184,8,2,31,0,2016,6,8,4,3,0,7,0,0,0,0,0,1,0,0,4.74165E+20,5.41742E+21,8.64742E+15,4.89091E+16
32184,32185,8,1,11,0,2016,6,7,6,2,3,6,0,1,0,1,0,0,1,0,5.08958E+20,5.39506E+21,9.12177E+15,4.87085E+16
32185,32186,8,1,19,85,2016,6,0,7,3,2,1,2,0,0,1,0,0,0,1,5.27901E+20,5.41341E+21,9.3805E+15,4.8873E+16
32186,32187,8,2,12,0,2016,6,13,6,3,2,6,0,1,0,1,0,0,0,0,4.59192E+20,5.42732E+21,8.4421E+15,4.89975E+16
32187,32188,8,3,17,96,2016,6,8,3,3,5,3,0,0,1,1,0,0,0,0,4.22213E+20,5.3688E+21,7.94767E+15,4.84675E+16
32188,32189,8,3,25,11,2016,6,6,5,3,5,3,0,0,0,1,0,1,0,0,4.73719E+20,5.33874E+21,8.64631E+15,4.82013E+16
32189,32190,8,1,18,80,2016,6,17,3,3,2,6,0,0,0,1,0,0,0,0,5.09261E+20,5.41189E+21,9.12626E+15,4.88599E+16
32190,32191,8,2,22,0,2016,6,15,5,3,2,6,0,0,0,1,0,0,0,0,4.67633E+20,5.48227E+21,8.55306E+15,4.94922E+16
32191,32192,8,1,11,0,2016,6,17,2,3,2,6,0,0,0,1,0,1,0,0,5.16295E+20,5.39374E+21,9.22144E+15,4.86965E+16
32192,32193,8,3,35,43,2016,6,14,6,3,2,6,0,0,0,1,0,1,0,0,5.1227E+20,5.28358E+21,9.16355E+15,4.77055E+16
32193,32194,8,1,16,47,2016,6,16,6,2,2,6,0,0,0,1,0,0,0,0,5.20096E+20,5.3936E+21,9.27309E+15,4.86951E+16
32194,32195,8,3,37,97,2016,6,12,2,3,1,6,0,0,0,1,0,0,0,0,4.34632E+20,5.28987E+21,8.12775E+15,4.77589E+16
32195,32196,8,4,26,87,2016,6,7,5,3,5,3,0,0,0,1,0,0,0,1,5.73657E+20,5.32885E+21,9.9895E+15,4.81087E+16
32196,32197,8,4,26,71,2016,6,15,6,2,8,1,0,0,0,1,0,0,0,0,5.64648E+20,5.33738E+21,9.86979E+15,4.81863E+16
32197,32198,8,1,18,73,2016,6,18,4,2,5,3,0,0,0,1,0,1,0,0,5.01135E+20,5.42699E+21,9.01551E+15,4.89958E+16
32198,32199,8,1,18,48,2016,6,18,5,3,1,6,0,0,0,1,0,0,0,0,5.13682E+20,5.41665E+21,9.1867E+15,4.89026E+16
32199,32200,8,4,25,33,2016,6,0,4,3,4,6,2,0,0,1,0,0,0,0,5.56796E+20,5.34824E+21,9.76561E+15,4.82848E+16
32200,32201,8,2,12,0,2016,6,13,4,3,2,6,0,0,0,1,0,0,0,0,4.59633E+20,5.43028E+21,8.44784E+15,4.90241E+16
32201,32202,8,1,19,4,2016,6,19,4,2,5,3,0,0,0,1,0,1,0,0,5.4156E+20,5.41863E+21,9.56729E+15,4.89192E+16
32202,32203,8,1,21,0,2016,6,19,5,3,4,6,0,0,1,0,0,0,0,0,5.14085E+20,5.44438E+21,9.19316E+15,4.91521E+16
32203,32204,8,4,35,24,2016,6,8,4,3,8,1,0,0,1,0,0,0,0,0,5.25655E+20,5.27941E+21,9.34173E+15,4.76675E+16
32204,32205,8,2,16,43,2016,6,22,6,3,0,6,2,1,0,1,0,0,1,1,4.43785E+20,5.41086E+21,8.23375E+15,4.88482E+16
32205,32206,8,2,22,0,2016,6,7,4,3,2,6,0,0,0,1,0,1,0,0,4.6541E+20,5.48412E+21,8.5222E+15,4.95088E+16
32206,32207,8,2,12,0,2016,6,11,3,3,2,6,0,0,0,1,0,0,0,1,4.54744E+20,5.42697E+21,8.38134E+15,4.8994E+16
32207,32208,8,1,16,71,2016,6,12,7,3,5,3,0,0,1,1,0,0,0,0,5.27701E+20,5.39124E+21,9.37627E+15,4.86736E+16
32208,32209,8,3,17,34,2016,6,10,6,2,5,3,0,0,1,0,0,0,0,1,4.27722E+20,5.35966E+21,8.02376E+15,4.8386E+16
32209,32210,8,2,25,75,2016,6,15,6,2,4,3,0,0,0,1,0,0,0,0,5.34178E+20,5.47296E+21,9.47114E+15,4.94084E+16
32210,32211,8,3,17,8,2016,6,20,5,2,8,1,0,1,0,0,0,1,0,0,4.45015E+20,5.36708E+21,8.25634E+15,4.84544E+16
32211,32212,8,1,27,73,2016,6,7,3,2,2,6,0,0,0,0,0,0,1,0,5.78652E+20,5.44843E+21,1.00793E+16,4.91837E+16
32212,32213,8,2,11,0,2016,6,8,5,2,5,3,0,0,0,1,0,1,0,0,4.42545E+20,5.39986E+21,8.2184E+15,4.87491E+16
32213,32214,8,1,11,0,2016,6,16,3,3,2,2,0,0,1,1,0,0,0,0,5.13005E+20,5.40646E+21,9.17714E+15,4.8811E+16
32214,32215,8,3,17,85,2016,6,23,6,2,9,1,2,0,0,1,0,0,0,0,4.35959E+20,5.36477E+21,8.13422E+15,4.84328E+16
32215,32216,8,3,37,66,2016,6,21,7,2,3,6,0,0,0,1,0,0,0,0,4.303E+20,5.26847E+21,8.07337E+15,4.75659E+16
32216,32217,8,2,37,27,2016,6,14,2,1,5,3,0,0,1,1,0,0,0,0,4.85923E+20,5.36811E+21,8.80957E+15,4.8466E+16
32217,32218,8,4,15,73,2016,6,18,5,3,9,1,0,0,0,1,0,0,0,0,5.21939E+20,5.34896E+21,9.29578E+15,4.82935E+16
32218,32219,8,3,17,1,2016,6,18,4,3,2,6,0,0,0,1,0,0,0,0,4.30949E+20,5.3857E+21,8.06303E+15,4.86205E+16
32219,32220,8,1,15,45,2016,6,7,4,3,5,7,0,0,0,1,0,0,0,0,5.01559E+20,5.39489E+21,9.0212E+15,4.8707E+16
32220,32221,8,4,15,58,2016,6,18,4,3,2,6,0,0,0,1,0,0,0,0,5.26833E+20,5.34709E+21,9.36164E+15,4.82765E+16
32221,32222,8,1,35,27,2016,6,17,4,2,5,3,0,0,0,1,0,1,0,0,5.91158E+20,5.37716E+21,1.0235E+16,4.85409E+16
32222,32223,8,3,16,10,2016,6,17,2,2,0,1,0,0,0,0,0,1,0,0,4.33084E+20,5.33825E+21,8.09957E+15,4.81939E+16
32223,32224,8,1,17,24,2016,6,7,2,3,5,3,0,0,0,1,0,0,0,0,5.61563E+20,5.38502E+21,9.83527E+15,4.86152E+16
32224,32225,8,4,36,64,2016,6,14,6,3,2,2,0,0,1,1,0,0,0,0,5.46306E+20,5.29218E+21,9.61815E+15,4.77813E+16
32225,32226,8,2,12,0,2016,6,10,6,3,5,2,0,0,1,1,0,0,0,0,4.55984E+20,5.42939E+21,8.39802E+15,4.90158E+16
32226,32227,8,3,16,37,2016,6,5,1,2,2,6,1,1,0,1,0,0,0,1,4.0888E+20,5.33222E+21,7.77523E+15,4.81367E+16
32227,32228,8,1,18,53,2016,6,14,7,3,2,6,0,0,0,0,0,1,0,1,5.17746E+20,5.42853E+21,9.24267E+15,4.90094E+16
32228,32229,8,2,37,75,2016,6,14,1,3,4,6,0,0,0,1,0,1,0,0,4.4603E+20,5.35926E+21,8.27107E+15,4.83842E+16
32229,32230,8,1,19,8,2016,6,1,1,3,9,6,2,0,0,1,0,0,0,0,5.3073E+20,5.4227E+21,9.41978E+15,4.89564E+16
32230,32231,8,1,16,79,2016,6,17,6,3,5,3,0,0,1,1,0,0,0,0,5.34783E+20,5.37752E+21,9.47132E+15,4.85498E+16
32231,32232,8,2,15,84,2016,6,7,5,3,6,4,0,0,0,1,1,0,0,0,4.74085E+20,5.44761E+21,8.6444E+15,4.91807E+16
32232,32233,8,1,25,102,2016,6,1,7,3,8,1,2,1,0,1,0,0,0,0,5.25965E+20,5.44534E+21,9.35614E+15,4.91603E+16
32233,32234,8,1,15,45,2016,6,15,5,3,2,6,0,0,0,1,0,0,0,0,5.03402E+20,5.3978E+21,9.04627E+15,4.87332E+16
32234,32235,8,4,36,55,2016,6,20,2,3,2,6,0,0,0,1,0,0,0,0,5.82635E+20,5.30106E+21,1.01047E+16,4.78576E+16
32235,32236,8,2,31,0,2016,6,19,7,3,3,1,0,0,0,1,0,0,0,0,4.7547E+20,5.41524E+21,8.66536E+15,4.88896E+16
32236,32237,8,2,15,9,2016,6,9,2,3,3,2,0,0,1,1,0,0,0,0,4.66875E+20,5.43728E+21,8.54632E+15,4.90875E+16
32237,32238,8,1,11,0,2016,6,13,7,3,5,2,0,0,1,1,0,0,0,0,5.17984E+20,5.40414E+21,9.24485E+15,4.879E+16
32238,32239,8,3,36,91,2016,6,12,6,3,5,3,0,0,1,1,0,0,0,0,3.95518E+20,5.27189E+21,7.61027E+15,4.7592E+16
32239,32240,8,4,26,124,2016,6,3,1,2,8,1,2,0,0,1,0,0,0,0,5.42332E+20,5.3319E+21,9.56902E+15,4.8139E+16
32240,32241,8,2,22,0,2016,6,17,7,3,5,3,0,1,1,1,0,0,0,0,4.62169E+20,5.4851E+21,8.47734E+15,4.95174E+16
32241,32242,8,1,21,0,2016,6,8,6,3,2,6,0,0,0,1,0,0,0,0,5.16306E+20,5.44157E+21,9.2235E+15,4.91268E+16
32242,32243,8,3,11,0,2016,6,16,5,3,2,6,0,0,0,1,0,0,0,0,4.10767E+20,5.31635E+21,7.80389E+15,4.79942E+16
32243,32244,8,1,28,7,2016,6,10,7,3,2,6,0,0,0,1,0,0,0,0,5.54444E+20,5.48469E+21,9.7521E+15,4.95124E+16
32244,32245,8,1,17,58,2016,6,10,5,2,9,1,0,0,0,0,0,1,0,0,5.47441E+20,5.37725E+21,9.64279E+15,4.85466E+16
32245,32246,8,4,37,100,2016,6,12,2,3,1,5,0,0,0,1,0,1,0,0,5.37182E+20,5.31758E+21,9.49856E+15,4.80105E+16
32246,32247,8,3,17,65,2016,6,10,7,3,2,6,0,0,0,1,0,0,0,0,4.11952E+20,5.35852E+21,7.81104E+15,4.83737E+16
32247,32248,8,3,16,10,2016,6,7,2,3,2,6,0,0,0,1,0,0,0,0,4.30607E+20,5.33569E+21,8.06666E+15,4.81707E+16
32248,32249,8,3,36,69,2016,6,13,4,2,3,6,0,0,0,1,0,1,0,0,4.10449E+20,5.27032E+21,7.80914E+15,4.75801E+16
32249,32250,8,1,11,0,2016,6,7,4,3,2,6,0,0,0,1,0,0,0,0,5.0758E+20,5.40582E+21,9.10324E+15,4.88053E+16
32250,32251,8,2,16,9,2016,6,9,7,3,5,3,0,0,0,1,0,1,0,0,4.46534E+20,5.41997E+21,8.27003E+15,4.89304E+16
32251,32252,8,3,25,49,2016,6,17,4,3,5,3,0,0,0,1,0,0,0,1,4.74985E+20,5.33104E+21,8.66379E+15,4.81321E+16
32252,32253,8,2,35,25,2016,6,16,2,3,0,1,0,0,0,0,0,1,0,0,4.62485E+20,5.39276E+21,8.49029E+15,4.86868E+16
32253,32254,8,1,19,1,2016,6,13,2,3,4,1,0,0,0,1,0,1,0,0,5.47021E+20,5.40808E+21,9.64062E+15,4.88239E+16
32254,32255,8,1,19,18,2016,6,13,2,3,0,1,0,0,1,0,0,0,0,0,5.29615E+20,5.42029E+21,9.40437E+15,4.89348E+16
32255,32256,8,4,26,70,2016,6,13,6,3,2,6,0,0,0,1,0,0,0,0,5.64562E+20,5.34376E+21,9.8696E+15,4.82437E+16
32256,32257,8,2,15,9,2016,6,17,6,2,2,6,0,0,0,1,0,0,1,0,4.6652E+20,5.43902E+21,8.54132E+15,4.91031E+16
32257,32258,8,3,16,42,2016,6,21,1,2,0,1,1,0,0,0,0,1,0,0,4.33455E+20,5.32236E+21,8.10704E+15,4.8051E+16
32258,32259,8,1,36,10,2016,6,19,7,2,0,1,0,0,0,0,0,0,0,1,5.96817E+20,5.41278E+21,1.032E+16,4.88604E+16
32259,32260,8,2,12,0,2016,6,22,1,3,5,3,2,0,0,1,0,0,0,0,4.52671E+20,5.42919E+21,8.35274E+15,4.90138E+16
32260,32261,8,1,18,27,2016,6,18,1,3,7,1,0,0,0,0,0,1,0,0,4.99531E+20,5.41315E+21,8.9936E+15,4.88713E+16
32261,32262,8,1,15,1,2016,6,14,6,3,0,6,0,0,0,1,0,0,0,0,4.92666E+20,5.39253E+21,8.90035E+15,4.86858E+16
32262,32263,8,2,31,0,2016,6,11,5,3,4,2,0,0,0,1,0,1,0,0,4.78928E+20,5.4169E+21,8.71246E+15,4.89047E+16
32263,32264,8,4,15,61,2016,6,21,6,3,2,6,2,0,0,1,0,1,0,0,5.16241E+20,5.3723E+21,9.21987E+15,4.85036E+16
32264,32265,8,1,26,72,2016,6,8,4,3,2,6,0,0,0,1,0,0,0,0,5.37478E+20,5.46263E+21,9.51566E+15,4.93152E+16
32265,32266,8,1,27,71,2016,6,6,5,2,8,1,0,0,0,0,0,1,0,0,5.79698E+20,5.45993E+21,1.00959E+16,4.92869E+16
32266,32267,8,2,25,14,2016,6,14,7,3,2,1,0,0,0,1,0,1,0,0,5.25479E+20,5.48298E+21,9.35187E+15,4.94989E+16
32267,32268,8,1,11,0,2016,6,7,5,3,5,2,0,0,1,1,0,0,0,0,5.16023E+20,5.39877E+21,9.21794E+15,4.87418E+16
32268,32269,8,2,35,7,2016,6,16,4,3,5,3,0,0,0,1,0,1,0,0,4.84869E+20,5.39716E+21,8.79425E+15,4.87273E+16
32269,32270,8,1,15,28,2016,6,13,6,3,2,6,0,0,0,1,0,0,0,0,5.0112E+20,5.403E+21,9.01525E+15,4.878E+16
32270,32271,8,4,16,23,2016,6,8,3,3,5,3,0,0,0,1,0,0,0,0,5.09432E+20,5.37148E+21,9.12767E+15,4.84964E+16
32271,32272,8,1,19,61,2016,6,14,7,3,2,2,0,0,0,1,0,0,0,0,5.39969E+20,5.41573E+21,9.5453E+15,4.88933E+16
32272,32273,8,3,27,55,2016,6,20,3,3,8,1,1,0,0,1,0,0,0,0,4.78277E+20,5.31921E+21,8.70864E+15,4.80258E+16
32273,32274,8,1,25,27,2016,6,9,3,3,2,6,0,0,0,1,0,0,0,0,5.1758E+20,5.44701E+21,9.2412E+15,4.91756E+16
32274,32275,8,3,35,43,2016,6,18,2,3,0,6,0,0,0,0,0,1,0,0,5.1257E+20,5.27983E+21,9.16745E+15,4.76717E+16
32275,32276,8,4,37,88,2016,6,17,7,2,5,3,0,0,0,1,0,1,0,0,5.2187E+20,5.30799E+21,9.29275E+15,4.79249E+16
32276,32277,8,2,26,49,2016,6,17,1,2,4,1,0,0,0,1,0,0,0,0,4.86708E+20,5.46288E+21,8.8171E+15,4.93185E+16
32277,32278,8,1,28,115,2016,6,8,2,2,5,2,0,0,0,1,0,0,0,0,5.49642E+20,5.49527E+21,9.6871E+15,4.9608E+16
32278,32279,8,4,36,81,2016,6,18,2,3,9,7,0,0,0,0,0,1,0,0,5.60062E+20,5.28745E+21,9.80112E+15,4.77376E+16
32279,32280,8,2,12,0,2016,6,19,4,2,5,3,0,0,1,1,0,0,0,0,4.58821E+20,5.42938E+21,8.43682E+15,4.9016E+16
32280,32281,8,2,25,14,2016,6,3,1,2,8,1,2,0,0,1,0,0,0,0,5.2347E+20,5.48396E+21,9.32419E+15,4.95078E+16
32281,32282,8,3,17,65,2016,6,16,3,3,2,6,0,0,0,1,0,0,1,0,4.13117E+20,5.35416E+21,7.82766E+15,4.83346E+16
32282,32283,8,1,19,89,2016,6,12,2,3,0,2,0,0,1,1,0,0,0,0,5.33465E+20,5.4154E+21,9.45653E+15,4.88906E+16
32283,32284,8,1,28,126,2016,6,14,3,3,0,1,0,0,1,0,0,0,0,0,5.68441E+20,5.47772E+21,9.94423E+15,4.94483E+16
32284,32285,8,1,18,51,2016,6,17,4,2,3,7,0,0,0,1,0,1,0,0,5.09112E+20,5.41446E+21,9.12429E+15,4.8883E+16
32285,32286,8,3,35,2,2016,6,4,1,2,8,1,1,0,0,0,0,1,0,0,5.07222E+20,5.28397E+21,9.09628E+15,4.77091E+16
32286,32287,8,3,17,65,2016,6,2,7,3,9,1,2,1,0,1,0,0,0,0,4.16107E+20,5.35449E+21,7.86793E+15,4.8338E+16
32287,32288,8,2,12,0,2016,6,18,2,3,2,6,0,0,0,1,0,0,0,0,4.61065E+20,5.4236E+21,8.46806E+15,4.89641E+16
32288,32289,8,4,21,0,2016,6,21,7,3,8,1,2,0,0,1,0,0,0,0,5.71486E+20,5.35896E+21,9.96543E+15,4.83798E+16
32289,32290,8,1,17,28,2016,6,16,4,2,8,1,0,0,0,0,0,1,0,0,5.46862E+20,5.3836E+21,9.63567E+15,4.86037E+16
32290,32291,8,1,36,65,2016,6,6,1,2,2,1,0,0,1,0,0,0,0,0,5.53961E+20,5.40285E+21,9.73448E+15,4.87763E+16
32291,32292,8,2,15,105,2016,6,17,4,3,2,6,0,0,0,1,0,1,0,0,4.57507E+20,5.43887E+21,8.41785E+15,4.91012E+16
32292,32293,8,1,15,45,2016,6,19,4,3,4,6,0,0,0,1,0,0,0,0,4.96368E+20,5.39536E+21,8.95062E+15,4.87113E+16
32293,32294,8,2,15,59,2016,6,14,1,3,2,6,0,0,0,1,0,0,0,0,4.8318E+20,5.43218E+21,8.76985E+15,4.90423E+16
32294,32295,8,2,26,76,2016,6,15,4,3,1,6,0,0,0,1,0,0,0,0,4.75731E+20,5.46522E+21,8.66593E+15,4.93392E+16
32295,32296,8,1,27,14,2016,6,13,1,2,9,1,0,0,0,0,0,1,0,0,5.82492E+20,5.44159E+21,1.01306E+16,4.91216E+16
32296,32297,8,2,36,25,2016,6,15,3,3,8,1,0,1,0,1,0,0,0,0,4.90109E+20,5.40858E+21,8.86523E+15,4.88301E+16
32297,32298,8,1,11,0,2016,6,12,2,3,2,6,0,0,0,1,0,0,0,0,5.17304E+20,5.40598E+21,9.23567E+15,4.88065E+16
32298,32299,8,1,21,0,2016,6,14,3,2,6,7,0,0,0,0,1,0,0,1,5.15606E+20,5.44391E+21,9.214E+15,4.91478E+16
32299,32300,8,1,15,41,2016,6,16,4,2,2,2,0,0,0,1,0,1,0,0,4.93568E+20,5.39944E+21,8.9125E+15,4.8748E+16
32300,32301,8,3,17,75,2016,6,19,1,3,9,7,0,0,0,1,0,0,0,0,4.11517E+20,5.35996E+21,7.80486E+15,4.83866E+16
32301,32302,8,1,36,60,2016,6,19,4,3,4,7,0,0,0,1,0,0,0,0,5.76568E+20,5.42879E+21,1.0047E+16,4.90072E+16
32302,32303,8,4,36,55,2016,6,15,3,1,4,6,0,0,0,1,0,0,1,0,5.71741E+20,5.2992E+21,9.95882E+15,4.78421E+16
32303,32304,8,2,16,33,2016,6,8,3,3,5,3,0,0,0,1,0,0,0,0,4.47309E+20,5.41253E+21,8.28157E+15,4.88635E+16
32304,32305,8,1,16,19,2016,6,17,3,3,2,6,0,0,0,1,0,0,0,0,5.23527E+20,5.39723E+21,9.31992E+15,4.87277E+16
32305,32306,8,2,35,7,2016,6,17,3,3,3,2,0,0,0,1,0,1,0,0,4.84193E+20,5.39899E+21,8.78498E+15,4.87437E+16
32306,32307,8,1,18,79,2016,6,10,3,3,3,2,0,0,0,1,0,0,0,1,5.10136E+20,5.42159E+21,9.13843E+15,4.89472E+16
32307,32308,8,4,36,81,2016,6,12,7,3,5,3,0,0,0,1,0,1,0,0,5.61349E+20,5.28381E+21,9.81777E+15,4.77047E+16