FID,OBJECTID,ULAND,UREGBEZ,UKREIS,UGEMEINDE,UJAHR,UMONAT,USTUNDE,UWOCHENTAG,UKATEGORIE,UART,UTYP1,ULICHTVERH,IstStrasse,IstRad,IstPKW,IstFuss,IstKrad,IstGkfz,IstSonstig,LINREFX,LINREFY,XGCSWGS84,YGCSWGS84
32308,32309,8,1,16,19,2016,6,11,4,3,2,6,0,0,0,1,0,1,0,0,5.23604E+20,5.3974E+21,9.32097E+15,4.87292E+16
32309,32310,8,2,36,61,2016,6,8,2,3,0,7,0,0,0,0,0,1,0,1,4.89322E+20,5.4299E+21,8.85394E+15,4.90219E+16
32310,32311,8,1,28,7,2016,6,18,4,3,0,6,0,0,0,1,0,0,0,0,5.58659E+20,5.47617E+21,9.80907E+15,4.94353E+16
32311,32312,8,4,36,55,2016,6,19,3,3,6,4,0,0,0,1,1,0,0,0,5.76484E+20,5.298E+21,1.0022E+16,4.78308E+16
32312,32313,8,2,12,0,2016,6,18,3,3,2,6,0,0,0,1,0,0,0,0,4.52864E+20,5.42874E+21,8.35543E+15,4.90097E+16
32313,32314,8,3,36,8,2016,6,14,2,3,5,3,0,0,0,1,0,0,0,0,3.95222E+20,5.2757E+21,7.60541E+15,4.76262E+16
32314,32315,8,4,17,44,2016,6,23,7,3,9,1,2,0,0,1,0,0,0,0,4.94863E+20,5.3349E+21,8.93092E+15,4.81673E+16
32315,32316,8,2,25,32,2016,6,20,1,2,8,1,0,0,0,1,0,0,0,0,5.36567E+20,5.49184E+21,9.50582E+15,4.9578E+16
32316,32317,8,1,11,0,2016,6,15,2,2,3,6,0,0,0,1,0,0,1,0,5.06255E+20,5.39593E+21,9.08503E+15,4.87163E+16
32317,32318,8,4,37,102,2016,6,7,2,3,8,7,0,0,0,1,0,0,0,0,4.97261E+20,5.32892E+21,8.9632E+15,4.81135E+16
32318,32319,8,4,15,61,2016,6,15,2,3,0,1,0,0,0,0,0,1,0,0,5.15643E+20,5.37144E+21,9.21174E+15,4.84959E+16
32319,32320,8,2,15,47,2016,6,16,2,3,8,7,0,0,0,1,0,0,0,0,4.59136E+20,5.40819E+21,8.44325E+15,4.88254E+16
32320,32321,8,4,25,20,2016,6,6,2,3,4,2,0,0,0,1,0,0,0,0,5.60273E+20,5.35806E+21,9.81388E+15,4.83728E+16
32321,32322,8,4,21,0,2016,6,18,3,3,5,2,0,0,1,1,0,0,0,0,5.72275E+20,5.36143E+21,9.97651E+15,4.84019E+16
32322,32323,8,1,25,1,2016,6,10,2,3,2,1,0,0,0,1,0,0,0,0,5.21277E+20,5.43561E+21,9.29133E+15,4.9073E+16
32323,32324,8,4,25,8,2016,6,8,3,2,5,3,0,0,0,1,0,0,0,0,5.6407E+20,5.38173E+21,9.86877E+15,4.85854E+16
32324,32325,8,4,36,55,2016,6,1,1,3,9,1,2,1,0,1,0,0,0,0,5.72311E+20,5.29335E+21,9.96546E+15,4.77894E+16
32325,32326,8,3,25,49,2016,6,9,2,2,5,3,0,0,1,1,0,0,0,0,4.72668E+20,5.33634E+21,8.63232E+15,4.81797E+16
32326,32327,8,4,16,25,2016,6,13,7,3,2,6,0,0,0,1,0,0,0,0,5.00686E+20,5.36056E+21,9.00927E+15,4.83982E+16
32327,32328,8,2,16,8,2016,6,16,1,2,8,1,0,0,0,0,0,1,0,0,4.43365E+20,5.3884E+21,8.23112E+15,4.86461E+16
32328,32329,8,1,27,59,2016,6,13,2,3,2,6,0,0,0,1,0,0,0,0,5.49404E+20,5.4384E+21,9.67675E+15,4.90965E+16
32329,32330,8,4,36,64,2016,6,12,2,3,3,2,0,0,1,1,0,0,0,0,5.43895E+20,5.292E+21,9.58596E+15,4.77799E+16
32330,32331,8,2,36,30,2016,6,14,4,3,5,2,0,0,0,1,0,0,0,0,4.77801E+20,5.42014E+21,8.69689E+15,4.89338E+16
32331,32332,8,1,27,43,2016,6,13,1,2,8,1,0,0,0,1,0,0,0,0,5.6752E+20,5.44757E+21,9.92642E+15,4.91772E+16
32332,32333,8,3,17,102,2016,6,9,3,3,8,6,0,0,0,0,0,0,1,1,4.41394E+20,5.37934E+21,8.20564E+15,4.85644E+16
32333,32334,8,1,18,21,2016,6,17,2,3,2,6,0,0,0,1,0,0,0,0,5.21219E+20,5.42723E+21,9.29009E+15,4.89976E+16
32334,32335,8,1,27,76,2016,6,13,3,3,5,3,0,0,1,1,0,0,0,0,5.51984E+20,5.43905E+21,9.71218E+15,4.91021E+16
32335,32336,8,1,18,27,2016,6,7,4,3,5,3,0,0,0,1,0,1,0,0,5.0385E+20,5.41169E+21,9.05249E+15,4.88582E+16
32336,32337,8,2,37,54,2016,6,14,1,2,4,1,0,0,0,0,0,1,0,0,4.65521E+20,5.3745E+21,8.53305E+15,4.85227E+16
32337,32338,8,3,17,151,2016,6,11,7,2,2,6,0,0,1,0,0,0,0,0,4.11305E+20,5.36345E+21,7.80126E+15,4.8418E+16
32338,32339,8,1,26,85,2016,6,20,1,2,9,1,0,0,0,0,0,1,0,0,5.4687E+20,5.44894E+21,9.64328E+15,4.91914E+16
32339,32340,8,3,26,31,2016,6,15,3,2,5,3,0,0,1,1,0,0,0,0,4.5683E+20,5.33139E+21,8.41977E+15,4.81343E+16
32340,32341,8,1,19,8,2016,6,9,2,3,2,6,0,0,0,1,0,0,1,0,5.3213E+20,5.42105E+21,9.43877E+15,4.89416E+16
32341,32342,8,1,21,0,2016,6,12,4,3,2,6,0,0,0,1,0,0,0,0,5.16168E+20,5.44417E+21,9.22172E+15,4.91502E+16
32342,32343,8,1,28,14,2016,6,9,3,3,2,6,0,0,0,1,0,0,0,0,5.48492E+20,5.48218E+21,9.66958E+15,4.94903E+16
32343,32344,8,3,16,43,2016,6,14,1,3,2,6,0,0,0,1,0,0,0,0,4.09529E+20,5.33062E+21,7.78429E+15,4.81224E+16
32344,32345,8,2,26,85,2016,6,12,7,3,2,6,0,0,0,1,0,0,0,0,4.88555E+20,5.45572E+21,8.84273E+15,4.92541E+16
32345,32346,8,2,12,0,2016,6,12,2,3,5,2,0,0,1,1,0,0,0,0,4.55651E+20,5.42733E+21,8.3937E+15,4.89973E+16
32346,32347,8,4,16,36,2016,6,1,7,3,8,1,2,1,0,1,0,0,0,0,4.95265E+20,5.37134E+21,8.9359E+15,4.84952E+16
32347,32348,8,2,12,0,2016,6,14,4,3,2,6,0,0,0,1,0,0,0,0,4.54268E+20,5.42636E+21,8.3749E+15,4.89884E+16
32348,32349,8,1,25,21,2016,6,19,1,3,8,1,0,0,0,1,0,0,0,0,5.24396E+20,5.44693E+21,9.33471E+15,4.91747E+16
32349,32350,8,2,21,0,2016,6,13,4,3,1,1,0,0,0,1,0,0,0,1,4.75449E+20,5.47075E+21,8.6617E+15,4.9389E+16
32350,32351,8,1,25,110,2016,6,11,1,2,5,3,0,0,0,1,0,1,0,0,5.29153E+20,5.4419E+21,9.39961E+15,4.91292E+16
32351,32352,8,2,12,0,2016,6,18,3,3,5,3,0,0,1,1,0,0,0,0,4.56397E+20,5.42658E+21,8.40397E+15,4.89905E+16
32352,32353,8,1,11,0,2016,6,14,2,3,0,1,0,0,0,0,0,1,0,0,5.18545E+20,5.40635E+21,9.25258E+15,4.88098E+16
32353,32354,8,1,19,91,2016,6,18,3,3,5,3,0,0,1,1,0,0,0,0,5.29466E+20,5.40441E+21,9.40119E+15,4.8792E+16
32354,32355,8,4,36,64,2016,6,14,7,3,2,6,0,0,0,1,0,0,0,0,5.44833E+20,5.2882E+21,9.59808E+15,4.77456E+16
32355,32356,8,1,16,11,2016,6,13,4,2,2,6,0,0,0,1,0,1,0,0,5.30376E+20,5.38014E+21,9.41179E+15,4.85736E+16
32356,32357,8,2,16,13,2016,6,15,1,2,4,1,0,0,0,1,0,1,0,0,4.50918E+20,5.38861E+21,8.33362E+15,4.86486E+16
32357,32358,8,1,35,32,2016,6,17,4,3,4,6,0,0,0,0,0,1,0,1,5.79031E+20,5.39428E+21,1.0074E+16,4.86965E+16
32358,32359,8,4,36,81,2016,6,19,3,2,4,6,0,0,0,1,0,1,0,0,5.64406E+20,5.28101E+21,9.85811E+15,4.76793E+16
32359,32360,8,2,37,40,2016,6,12,2,2,9,1,0,0,0,1,0,0,0,0,4.70515E+20,5.36344E+21,8.60146E+15,4.84234E+16
32360,32361,8,4,15,50,2016,6,12,7,2,5,3,0,0,1,1,0,0,0,0,5.21469E+20,5.37606E+21,9.29084E+15,4.85373E+16
32361,32362,8,1,11,0,2016,6,9,4,3,2,6,0,0,0,1,0,0,0,0,5.10996E+20,5.39507E+21,9.14947E+15,4.87085E+16
32362,32363,8,1,11,0,2016,6,12,4,3,2,6,0,0,0,1,0,1,0,0,5.12213E+20,5.40841E+21,9.1664E+15,4.88285E+16
32363,32364,8,1,15,24,2016,6,15,3,2,8,1,0,0,0,0,0,1,0,0,5.01981E+20,5.3874E+21,9.02689E+15,4.86397E+16
32364,32365,8,2,22,0,2016,6,14,2,3,2,6,0,0,0,1,0,0,0,0,4.64428E+20,5.47718E+21,8.50926E+15,4.94462E+16
32365,32366,8,1,28,82,2016,6,20,4,3,8,1,0,0,0,0,0,1,0,0,5.70732E+20,5.47402E+21,9.97517E+15,4.94148E+16
32366,32367,8,4,37,56,2016,6,19,3,2,9,1,0,0,0,0,0,1,0,0,5.29544E+20,5.29805E+21,9.3948E+15,4.78351E+16
32367,32368,8,3,17,1,2016,6,10,3,2,2,6,0,0,0,0,0,1,0,1,4.26467E+20,5.38876E+21,8.00168E+15,4.86476E+16
32368,32369,8,2,15,7,2016,6,15,3,2,9,1,0,1,0,1,0,0,0,0,4.78788E+20,5.42895E+21,8.70992E+15,4.90131E+16
32369,32370,8,1,15,48,2016,6,19,3,3,4,6,0,0,0,1,0,0,0,0,5.09912E+20,5.38815E+21,9.13456E+15,4.86463E+16
32370,32371,8,2,12,0,2016,6,10,1,3,1,6,0,0,1,0,0,0,0,0,4.55884E+20,5.43033E+21,8.39655E+15,4.90242E+16
32371,32372,8,1,15,48,2016,6,22,2,2,9,1,2,0,0,0,0,1,0,0,5.10185E+20,5.38789E+21,9.13826E+15,4.8644E+16
32372,32373,8,1,11,0,2016,6,17,3,3,2,6,0,0,0,1,0,0,0,0,5.16608E+20,5.4038E+21,9.2261E+15,4.8787E+16
32373,32374,8,4,17,25,2016,6,17,2,3,4,6,0,0,0,1,0,1,0,0,4.86686E+20,5.3559E+21,8.82028E+15,4.83562E+16
32374,32375,8,4,16,41,2016,6,16,3,3,2,6,0,0,0,1,0,0,0,0,5.03498E+20,5.37341E+21,9.04736E+15,4.85138E+16
32375,32376,8,1,25,26,2016,6,16,1,3,8,1,0,0,0,0,0,1,0,0,4.92915E+20,5.43755E+21,8.90295E+15,4.90908E+16
32376,32377,8,4,15,61,2016,6,9,3,2,6,2,0,0,0,1,1,0,0,0,5.15499E+20,5.37131E+21,9.20979E+15,4.84947E+16
32377,32378,8,1,21,0,2016,6,10,2,3,9,2,0,0,0,1,0,0,1,0,5.16222E+20,5.44094E+21,9.22233E+15,4.9121E+16
32378,32379,8,1,25,69,2016,6,22,4,3,5,3,2,0,0,1,0,0,0,0,5.23564E+20,5.4538E+21,9.3237E+15,4.92365E+16
32379,32380,8,1,36,21,2016,6,11,3,3,2,6,0,0,0,1,0,0,1,0,5.75575E+20,5.40808E+21,1.00296E+16,4.88211E+16
32380,32381,8,4,37,5,2016,6,14,1,2,4,1,0,0,0,1,0,1,0,0,4.98194E+20,5.32049E+21,8.97577E+15,4.80377E+16
32381,32382,8,2,15,105,2016,6,13,7,2,4,6,0,0,0,1,0,0,0,1,4.58478E+20,5.44137E+21,8.4309E+15,4.91238E+16
32382,32383,8,3,11,0,2016,6,17,2,3,5,3,0,0,0,1,0,0,0,0,4.04104E+20,5.31455E+21,7.71501E+15,4.79771E+16
32383,32384,8,4,15,61,2016,6,8,7,3,5,3,0,1,0,1,0,0,0,0,5.13417E+20,5.37755E+21,9.18181E+15,4.85509E+16
32384,32385,8,2,16,39,2016,6,4,1,2,9,7,2,0,0,1,0,0,0,0,4.46038E+20,5.4147E+21,8.26395E+15,4.88829E+16
32385,32386,8,2,36,73,2016,6,7,4,3,2,6,0,1,0,1,0,0,0,1,4.79734E+20,5.42144E+21,8.72323E+15,4.89455E+16
32386,32387,8,3,35,43,2016,6,7,2,3,8,1,0,0,0,1,0,0,0,0,5.05925E+20,5.28988E+21,9.07906E+15,4.77623E+16
32387,32388,8,4,15,59,2016,6,12,7,3,2,7,0,0,0,1,0,1,0,1,5.16372E+20,5.36797E+21,9.22147E+15,4.84646E+16
32388,32389,8,2,22,0,2016,6,11,1,3,5,3,0,0,0,1,0,0,0,0,4.63176E+20,5.48067E+21,8.49166E+15,4.94776E+16
32389,32390,8,1,35,31,2016,6,18,2,3,5,3,0,0,0,1,0,0,0,0,5.95115E+20,5.37912E+21,1.0289E+16,4.85579E+16
32390,32391,8,4,36,49,2016,6,6,2,3,5,2,0,0,0,1,0,0,0,0,5.79167E+20,5.28207E+21,1.00549E+16,4.76872E+16
32391,32392,8,2,26,103,2016,6,8,4,3,0,6,0,0,0,0,0,0,1,1,4.73682E+20,5.4581E+21,8.63819E+15,4.92751E+16
32392,32393,8,1,25,65,2016,6,12,1,2,2,6,0,0,0,1,0,0,0,0,5.16231E+20,5.44906E+21,9.22278E+15,4.91941E+16
32393,32394,8,3,17,96,2016,6,11,3,2,5,3,0,0,1,1,0,0,0,0,4.22876E+20,5.36849E+21,7.9567E+15,4.84648E+16
32394,32395,8,1,19,91,2016,6,16,2,2,8,1,0,0,0,0,0,1,0,0,5.3047E+20,5.40216E+21,9.41469E+15,4.87717E+16
32395,32396,8,1,18,12,2016,6,18,4,3,2,6,0,0,0,1,0,0,0,0,4.97649E+20,5.41279E+21,8.96794E+15,4.88681E+16
32396,32397,8,4,35,59,2016,6,18,1,2,8,1,0,0,0,0,0,1,0,0,5.05331E+20,5.29987E+21,9.07126E+15,4.78522E+16
32397,32398,8,2,15,109,2016,6,18,7,3,5,3,0,0,0,1,0,0,0,0,4.61715E+20,5.4403E+21,8.47537E+15,4.91143E+16
32398,32399,8,2,15,17,2016,6,7,2,2,2,6,0,0,0,1,0,0,0,0,4.54593E+20,5.42264E+21,8.37975E+15,4.8955E+16
32399,32400,8,3,11,0,2016,6,14,7,3,2,1,0,0,0,1,0,0,0,0,4.08112E+20,5.31841E+21,7.76787E+15,4.80124E+16
32400,32401,8,2,11,0,2016,6,20,4,3,2,6,0,0,1,0,0,0,0,0,4.41243E+20,5.40347E+21,8.20017E+15,4.87814E+16
32401,32402,8,1,17,38,2016,6,15,1,3,1,6,0,0,0,0,0,1,0,0,5.46671E+20,5.39862E+21,9.63478E+15,4.87388E+16
32402,32403,8,2,16,43,2016,6,15,4,3,3,6,0,0,0,1,0,0,1,0,4.43812E+20,5.41324E+21,8.2338E+15,4.88696E+16
32403,32404,8,2,35,85,2016,6,16,3,3,8,1,0,0,0,0,0,1,0,0,4.80716E+20,5.39624E+21,8.73782E+15,4.87189E+16
32404,32405,8,1,18,68,2016,6,9,3,3,5,3,0,0,0,1,0,0,0,0,5.01871E+20,5.42348E+21,9.02557E+15,4.89642E+16
32405,32406,8,1,25,38,2016,6,8,1,3,8,1,0,0,0,1,0,0,0,0,5.02351E+20,5.43527E+21,9.03219E+15,4.90703E+16
32406,32407,8,3,15,43,2016,6,17,3,3,9,2,0,0,0,1,0,0,0,1,4.04061E+20,5.32233E+21,7.71269E+15,4.8047E+16
32407,32408,8,1,15,3,2016,6,6,2,3,1,6,0,0,1,0,0,0,1,0,5.01845E+20,5.39161E+21,9.02506E+15,4.86775E+16
32408,32409,8,1,26,47,2016,6,22,3,3,0,1,2,0,0,0,0,1,0,0,5.51376E+20,5.45432E+21,9.7058E+15,4.92395E+16
32409,32410,8,1,18,79,2016,6,17,4,3,1,6,0,0,0,1,0,0,0,0,5.09828E+20,5.42246E+21,9.13425E+15,4.8955E+16
32410,32411,8,2,37,4,2016,6,14,1,2,8,1,0,0,0,0,0,1,0,0,4.56592E+20,5.37984E+21,8.41157E+15,4.85701E+16
32411,32412,8,1,36,89,2016,6,7,4,3,6,7,0,0,0,0,1,0,0,1,5.85675E+20,5.41939E+21,1.01695E+16,4.89215E+16
32412,32413,8,4,37,53,2016,6,17,3,3,9,1,0,0,0,1,0,0,0,0,5.29506E+20,5.31517E+21,9.39547E+15,4.79891E+16
32413,32414,8,2,22,0,2016,6,14,3,3,1,7,0,0,1,1,0,0,0,0,4.6317E+20,5.47864E+21,8.49177E+15,4.94593E+16
32414,32415,8,1,17,25,2016,6,17,3,3,4,6,0,0,0,1,0,0,0,0,5.56947E+20,5.39018E+21,9.77336E+15,4.86621E+16
32415,32416,8,2,15,59,2016,6,13,2,3,2,2,0,0,0,1,0,0,0,0,4.84168E+20,5.43633E+21,8.78319E+15,4.90796E+16
32416,32417,8,1,27,99,2016,6,6,4,2,4,6,0,1,0,1,0,0,0,0,5.64056E+20,5.44854E+21,9.87905E+15,4.91863E+16
32417,32418,8,4,35,30,2016,6,6,2,3,2,6,0,0,0,1,0,1,0,0,5.42541E+20,5.27388E+21,9.56611E+15,4.76169E+16
32418,32419,8,1,16,19,2016,6,19,4,3,0,1,0,0,0,0,0,1,0,0,5.26993E+20,5.39898E+21,9.36717E+15,4.87433E+16
32419,32420,8,3,16,37,2016,6,17,1,2,5,3,0,0,0,1,0,1,0,0,4.08454E+20,5.33247E+21,7.76945E+15,4.81389E+16
32420,32421,8,2,36,70,2016,6,16,2,2,4,6,0,0,0,1,0,0,0,0,4.68299E+20,5.41676E+21,8.56743E+15,4.8903E+16
32421,32422,8,1,35,16,2016,6,7,4,3,5,3,0,0,0,1,0,0,0,0,5.93714E+20,5.38545E+21,1.02715E+16,4.86151E+16
32422,32423,8,4,36,83,2016,6,17,3,3,4,2,0,0,0,1,0,1,0,0,5.3205E+20,5.30015E+21,9.42845E+15,4.78539E+16
32423,32424,8,2,12,0,2016,6,17,3,3,3,6,0,0,0,1,0,1,0,0,4.54055E+20,5.42741E+21,8.37186E+15,4.89979E+16
32424,32425,8,4,16,41,2016,6,7,2,3,1,6,0,0,0,1,0,0,0,0,5.04622E+20,5.37185E+21,9.06257E+15,4.84998E+16
32425,32426,8,3,36,19,2016,6,14,7,3,5,2,0,1,1,0,0,0,0,1,3.94909E+20,5.27579E+21,7.60123E+15,4.76269E+16
32426,32427,8,2,35,80,2016,6,17,1,2,9,1,0,0,0,0,0,1,0,0,4.8056E+20,5.38326E+21,8.73632E+15,4.86021E+16
32427,32428,8,1,18,51,2016,6,22,2,3,2,6,2,0,0,1,0,0,0,0,5.11449E+20,5.41869E+21,9.15628E+15,4.89211E+16
32428,32429,8,1,11,0,2016,6,11,3,3,2,6,0,0,0,1,0,0,0,0,5.15595E+20,5.39425E+21,9.21195E+15,4.87011E+16
32429,32430,8,4,16,48,2016,6,16,2,2,5,3,0,0,0,1,0,0,0,0,4.94637E+20,5.37633E+21,8.92734E+15,4.854E+16
32430,32431,8,1,25,65,2016,6,16,1,3,8,1,0,0,0,0,0,1,0,0,5.15032E+20,5.44975E+21,9.20635E+15,4.92004E+16
32431,32432,8,3,25,69,2016,6,14,3,3,3,2,0,0,0,0,0,1,0,1,4.66435E+20,5.33503E+21,8.54857E+15,4.81676E+16
32432,32433,8,1,19,91,2016,6,15,2,3,2,6,0,0,0,1,0,0,0,0,5.26922E+20,5.40685E+21,9.36672E+15,4.8814E+16
32433,32434,8,4,26,97,2016,6,16,3,2,7,7,0,0,1,0,0,0,1,1,5.34665E+20,5.33385E+21,9.46613E+15,4.8157E+16
32434,32435,8,1,27,86,2016,6,8,2,3,2,6,0,0,0,1,0,0,0,0,5.5316E+20,5.44861E+21,9.72956E+15,4.9188E+16
32435,32436,8,1,16,33,2016,6,18,3,3,2,6,0,0,0,1,0,0,0,0,5.35812E+20,5.38637E+21,9.48603E+15,4.86294E+16
32436,32437,8,3,25,49,2016,6,19,2,3,0,1,0,0,1,0,0,0,0,0,4.72285E+20,5.33501E+21,8.62726E+15,4.81677E+16
32437,32438,8,3,36,6,2016,6,4,7,3,9,1,2,1,0,1,0,0,0,0,3.8944E+20,5.28346E+21,7.52653E+15,4.76951E+16
32438,32439,8,2,16,59,2016,6,14,1,3,0,1,0,0,1,0,0,0,0,0,4.5228E+20,5.39803E+21,8.35102E+15,4.87335E+16
32439,32440,8,1,27,23,2016,6,10,2,3,4,2,0,0,0,1,0,0,0,0,5.55364E+20,5.42597E+21,9.7567E+15,4.89841E+16
32440,32441,8,4,36,6,2016,6,16,2,3,9,2,0,0,0,1,0,0,0,0,5.56889E+20,5.28279E+21,9.75819E+15,4.7696E+16
32441,32442,8,2,35,33,2016,6,18,4,3,2,6,0,0,0,1,0,0,0,0,4.59214E+20,5.40621E+21,8.44451E+15,4.88076E+16
32442,32443,8,1,21,0,2016,6,18,1,3,1,6,0,0,0,1,0,0,0,0,5.14705E+20,5.44283E+21,9.2016E+15,4.91381E+16
32443,32444,8,3,17,5,2016,6,22,3,3,3,2,2,0,0,1,0,0,0,1,4.25721E+20,5.37689E+21,7.99367E+15,4.85408E+16
32444,32445,8,1,18,53,2016,6,6,2,3,1,6,0,0,0,1,0,0,0,0,5.17519E+20,5.42812E+21,9.23955E+15,4.90057E+16
32445,32446,8,1,27,103,2016,6,8,3,3,5,3,0,0,0,1,0,0,0,0,5.74655E+20,5.43797E+21,1.00225E+16,4.90901E+16
32446,32447,8,1,18,46,2016,6,12,4,3,5,3,0,0,0,0,0,0,1,1,5.14347E+20,5.414E+21,9.19568E+15,4.88788E+16
32447,32448,8,2,37,4,2016,6,17,1,2,4,6,0,0,0,1,0,1,0,0,4.42197E+20,5.37686E+21,8.21687E+15,4.85422E+16
32448,32449,8,2,15,46,2016,6,6,7,3,2,6,1,1,0,1,0,0,1,0,4.51412E+20,5.41671E+21,8.33702E+15,4.89014E+16
32449,32450,8,2,15,103,2016,6,10,2,3,9,1,0,0,0,0,0,1,0,0,4.67927E+20,5.4441E+21,8.56018E+15,4.91489E+16
32450,32451,8,3,27,50,2016,6,17,7,3,2,6,0,1,0,1,0,0,0,0,4.84709E+20,5.31538E+21,8.79504E+15,4.79916E+16
32451,32452,8,1,17,51,2016,6,15,4,2,5,3,0,0,0,1,0,0,0,1,5.43565E+20,5.39506E+21,9.59215E+15,4.87071E+16
32452,32453,8,1,35,32,2016,6,10,1,2,2,6,0,0,1,0,0,0,0,1,5.75483E+20,5.39729E+21,1.00264E+16,4.87241E+16
32453,32454,8,1,21,0,2016,6,17,4,3,5,3,0,0,1,1,0,0,0,0,5.15939E+20,5.44498E+21,9.21861E+15,4.91574E+16
32454,32455,8,4,25,72,2016,6,17,3,2,4,6,0,0,0,1,0,1,0,0,5.81663E+20,5.37609E+21,1.01062E+16,4.85326E+16
32455,32456,8,4,15,61,2016,6,21,1,3,9,7,0,1,0,1,0,0,0,0,5.12793E+20,5.36413E+21,9.17294E+15,4.84302E+16
32456,32457,8,2,16,49,2016,6,17,7,3,9,1,0,0,0,1,0,0,0,0,4.36277E+20,5.40083E+21,8.13298E+15,4.87572E+16
32457,32458,8,2,22,0,2016,6,13,2,3,9,1,0,0,0,1,0,0,0,0,4.67098E+20,5.48117E+21,8.54577E+15,4.94823E+16
32458,32459,8,3,26,10,2016,6,18,7,3,0,1,0,0,0,0,0,1,0,0,4.66499E+20,5.32638E+21,8.55011E+15,4.80898E+16
32459,32460,8,2,15,17,2016,6,17,1,3,5,3,0,0,1,1,0,0,0,0,4.54105E+20,5.41793E+21,8.37362E+15,4.89126E+16
32460,32461,8,2,26,96,2016,6,20,4,3,2,6,0,0,0,1,0,0,0,0,4.76049E+20,5.48904E+21,8.66886E+15,4.95535E+16
32461,32462,8,1,18,1,2016,6,19,1,3,5,2,0,0,0,1,0,0,0,0,5.2198E+20,5.41956E+21,9.30007E+15,4.89286E+16
32462,32463,8,2,15,9,2016,6,16,3,2,9,7,0,0,0,1,0,0,0,0,4.66715E+20,5.4359E+21,8.54424E+15,4.9075E+16
32463,32464,8,1,11,0,2016,6,11,2,3,6,4,0,0,0,1,1,0,0,0,5.12473E+20,5.39958E+21,9.16969E+15,4.87491E+16
32464,32465,8,1,25,21,2016,6,9,3,2,2,6,0,0,0,1,0,0,0,0,5.23962E+20,5.44663E+21,9.32874E+15,4.9172E+16
32465,32466,8,1,17,51,2016,6,12,4,3,5,3,0,0,0,1,0,0,0,0,5.44394E+20,5.395E+21,9.60342E+15,4.87064E+16
32466,32467,8,3,17,113,2016,6,5,1,1,9,1,1,0,0,0,0,1,0,0,4.08715E+20,5.34483E+21,7.7703E+15,4.82501E+16
32467,32468,8,1,36,65,2016,6,21,4,3,2,1,1,0,0,1,0,0,0,1,5.64026E+20,5.39969E+21,9.87096E+15,4.87469E+16
32468,32469,8,4,35,35,2016,6,12,3,3,5,3,0,0,0,1,0,0,0,0,5.41936E+20,5.28191E+21,9.55883E+15,4.76892E+16
32469,32470,8,1,15,24,2016,6,9,4,3,5,7,0,0,0,1,0,0,1,0,5.01008E+20,5.38648E+21,9.01368E+15,4.86314E+16
32470,32471,8,1,15,3,2016,6,21,1,3,6,7,1,0,0,1,1,0,0,0,5.01017E+20,5.39233E+21,9.01381E+15,4.8684E+16
32471,32472,8,1,11,0,2016,6,8,3,3,3,6,0,0,0,1,0,0,0,0,5.13286E+20,5.39427E+21,9.18057E+15,4.87013E+16
32472,32473,8,2,26,91,2016,6,22,2,2,0,1,2,0,0,1,0,0,0,0,4.95709E+20,5.46153E+21,8.94097E+15,4.93065E+16
32473,32474,8,1,28,7,2016,6,5,4,3,2,6,0,1,0,1,0,0,1,0,5.5594E+20,5.47971E+21,9.77207E+15,4.94674E+16
32474,32475,8,4,35,16,2016,6,17,3,3,2,2,0,0,1,1,0,0,0,0,5.36799E+20,5.28173E+21,9.49037E+15,4.76879E+16
32475,32476,8,2,11,0,2016,6,16,3,3,2,6,0,0,0,1,0,0,0,0,4.42947E+20,5.40248E+21,8.2235E+15,4.87727E+16
32476,32477,8,3,35,25,2016,6,17,2,3,8,1,0,0,1,0,0,0,0,0,4.96642E+20,5.27977E+21,8.95527E+15,4.76713E+16
32477,32478,8,3,27,50,2016,6,4,7,2,9,1,2,1,0,1,0,0,0,0,4.79855E+20,5.31526E+21,8.72999E+15,4.79904E+16
32478,32479,8,2,25,2,2016,6,11,1,3,8,1,0,0,0,0,0,0,0,1,4.98731E+20,5.46868E+21,8.98252E+15,4.93708E+16
32479,32480,8,1,15,28,2016,6,16,2,3,2,6,0,0,0,1,0,0,0,0,5.001E+20,5.40344E+21,9.00136E+15,4.87839E+16
32480,32481,8,4,36,9,2016,6,7,2,3,6,2,0,0,0,1,1,0,0,0,5.53891E+20,5.30497E+21,9.72099E+15,4.78958E+16
32481,32482,8,2,16,43,2016,6,14,3,3,5,3,0,0,1,1,0,0,0,0,4.42653E+20,5.41265E+21,8.21807E+15,4.88641E+16
32482,32483,8,1,16,14,2016,6,5,3,3,5,3,0,0,0,1,0,0,0,0,5.2811E+20,5.39598E+21,9.38216E+15,4.87162E+16
32483,32484,8,2,15,17,2016,6,18,2,3,7,7,0,0,0,0,0,1,0,0,4.56639E+20,5.41689E+21,8.40831E+15,4.89034E+16
32484,32485,8,1,11,0,2016,6,11,3,3,5,2,0,0,1,1,0,0,0,0,5.16117E+20,5.40566E+21,9.21949E+15,4.88038E+16
32485,32486,8,4,17,13,2016,6,16,2,3,4,6,0,0,0,1,0,0,0,0,5.06948E+20,5.34753E+21,9.09366E+15,4.82809E+16
32486,32487,8,4,17,2,2016,6,7,3,3,2,6,0,0,0,1,0,0,0,0,4.88925E+20,5.34569E+21,8.85077E+15,4.82643E+16
32487,32488,8,4,15,61,2016,6,7,3,3,5,2,0,0,0,1,0,0,0,0,5.15927E+20,5.37176E+21,9.2156E+15,4.84987E+16
32488,32489,8,1,25,24,2016,6,17,2,3,5,3,0,0,0,1,0,1,0,0,5.22559E+20,5.4441E+21,9.30935E+15,4.91493E+16