FID,OBJECTID,ULAND,UREGBEZ,UKREIS,UGEMEINDE,UJAHR,UMONAT,USTUNDE,UWOCHENTAG,UKATEGORIE,UART,UTYP1,ULICHTVERH,IstStrasse,IstRad,IstPKW,IstFuss,IstKrad,IstGkfz,IstSonstig,LINREFX,LINREFY,XGCSWGS84,YGCSWGS84
32489,32490,8,1,25,65,2016,6,16,4,3,5,3,0,0,0,1,0,1,0,0,5.16031E+20,5.44749E+21,9.21997E+15,4.91801E+16
32490,32491,8,1,18,11,2016,6,16,3,3,3,6,0,0,0,1,0,0,0,0,5.05227E+20,5.40799E+21,9.07121E+15,4.88249E+16
32491,32492,8,4,36,64,2016,6,0,1,3,5,3,2,1,0,1,0,0,0,0,5.45419E+20,5.29221E+21,9.60632E+15,4.77817E+16
32492,32493,8,3,17,65,2016,6,8,2,3,5,2,0,0,1,1,0,0,0,0,4.16535E+20,5.35448E+21,7.87371E+15,4.8338E+16
32493,32494,8,4,17,14,2016,6,10,7,2,8,1,0,0,0,1,0,0,0,0,4.80999E+20,5.34236E+21,8.74412E+15,4.82342E+16
32494,32495,8,2,16,39,2016,6,15,1,3,5,3,0,0,0,1,0,0,0,0,4.45855E+20,5.41459E+21,8.26148E+15,4.88819E+16
32495,32496,8,2,31,0,2016,6,7,4,3,0,1,0,1,0,0,0,1,0,1,4.78373E+20,5.41493E+21,8.70498E+15,4.8887E+16
32496,32497,8,1,15,44,2016,6,11,1,2,6,4,0,0,0,1,1,0,0,0,5.04795E+20,5.3888E+21,9.06511E+15,4.86523E+16
32497,32498,8,4,37,59,2016,6,15,7,3,8,7,0,0,0,0,0,1,0,0,5.10593E+20,5.32277E+21,9.14216E+15,4.80581E+16
32498,32499,8,3,17,41,2016,6,14,3,3,2,6,0,0,0,1,0,0,0,0,4.38169E+20,5.34878E+21,8.16645E+15,4.82892E+16
32499,32500,8,1,19,8,2016,6,16,2,2,4,6,0,0,0,1,0,0,0,0,5.33406E+20,5.42234E+21,9.4563E+15,4.89531E+16
32500,32501,8,1,19,75,2016,6,6,4,3,8,1,0,0,0,1,0,0,0,0,5.36747E+20,5.42884E+21,9.50251E+15,4.90113E+16
32501,32502,8,3,36,8,2016,6,11,1,3,8,1,0,0,1,0,0,0,0,0,3.97516E+20,5.2762E+21,7.63582E+15,4.76311E+16
32502,32503,8,2,35,80,2016,6,14,7,2,8,1,0,0,0,0,0,1,0,0,4.83444E+20,5.38528E+21,8.77535E+15,4.86203E+16
32503,32504,8,2,12,0,2016,6,15,2,3,2,6,0,0,0,1,0,0,0,0,4.59546E+20,5.43009E+21,8.44666E+15,4.90223E+16
32504,32505,8,3,17,41,2016,6,6,7,3,9,7,1,1,0,1,0,0,0,0,4.36638E+20,5.34824E+21,8.14589E+15,4.82842E+16
32505,32506,8,2,12,0,2016,6,13,4,3,5,3,0,0,0,1,0,0,0,0,4.55002E+20,5.42824E+21,8.38472E+15,4.90054E+16
32506,32507,8,1,25,69,2016,6,15,1,3,5,3,0,0,0,1,0,1,0,0,5.25565E+20,5.45426E+21,9.35121E+15,4.92406E+16
32507,32508,8,2,16,7,2016,6,14,4,3,2,6,0,0,0,1,0,0,0,0,4.3523E+20,5.3938E+21,8.11984E+15,4.86939E+16
32508,32509,8,4,37,86,2016,6,15,7,3,8,7,0,0,0,1,0,0,0,0,5.27081E+20,5.31139E+21,9.36273E+15,4.79552E+16
32509,32510,8,2,37,45,2016,6,15,3,3,5,3,0,0,0,1,0,1,0,0,4.59875E+20,5.36114E+21,8.45788E+15,4.84021E+16
32510,32511,8,4,37,107,2016,6,7,1,3,8,6,0,0,0,1,0,0,0,1,5.05855E+20,5.32969E+21,9.07867E+15,4.81205E+16
32511,32512,8,1,19,86,2016,6,14,3,3,8,1,0,0,0,1,0,0,0,0,5.3481E+20,5.4045E+21,9.47395E+15,4.87925E+16
32512,32513,8,1,16,49,2016,6,19,4,2,2,6,0,0,0,1,0,0,0,0,5.25097E+20,5.38579E+21,9.34058E+15,4.86247E+16
32513,32514,8,3,16,17,2016,6,17,1,3,2,6,0,0,0,1,0,0,0,0,4.08054E+20,5.34213E+21,7.76198E+15,4.82257E+16
32514,32515,8,2,31,0,2016,6,20,2,3,5,3,0,0,0,1,0,0,0,0,4.78515E+20,5.4149E+21,8.70692E+15,4.88867E+16
32515,32516,8,1,35,16,2016,6,7,4,3,5,3,0,0,0,1,0,0,0,0,5.9326E+20,5.38425E+21,1.02651E+16,4.86043E+16
32516,32517,8,3,15,76,2016,6,5,3,2,5,3,0,0,0,1,0,0,0,0,3.93861E+20,5.29625E+21,7.5823E+15,4.78109E+16
32517,32518,8,1,18,48,2016,6,17,2,3,2,6,0,0,0,1,0,0,0,0,5.1604E+20,5.41863E+21,9.21895E+15,4.89204E+16
32518,32519,8,1,36,18,2016,6,11,3,3,2,6,0,0,0,1,0,0,0,0,5.87229E+20,5.43137E+21,1.01933E+16,4.9029E+16
32519,32520,8,1,18,79,2016,6,0,4,2,0,1,2,0,1,0,0,0,0,0,5.08036E+20,5.42141E+21,9.10975E+15,4.89456E+16
32520,32521,8,3,25,53,2016,6,10,1,2,8,1,0,0,0,0,0,1,0,0,4.54185E+20,5.33863E+21,8.38344E+15,4.81992E+16
32521,32522,8,2,36,46,2016,6,19,2,2,8,1,0,0,0,0,0,1,0,0,4.84691E+20,5.41705E+21,8.79109E+15,4.89062E+16
32522,32523,8,3,17,96,2016,6,14,7,3,2,6,0,0,0,1,0,0,0,0,4.22214E+20,5.3688E+21,7.94768E+15,4.84675E+16
32523,32524,8,1,15,45,2016,6,19,4,3,0,1,0,0,0,0,0,1,0,0,5.0488E+20,5.39705E+21,9.06635E+15,4.87265E+16
32524,32525,8,1,11,0,2016,6,19,4,3,2,6,0,0,0,1,0,0,0,0,5.11596E+20,5.40196E+21,9.15781E+15,4.87705E+16
32525,32526,8,2,22,0,2016,6,21,3,3,8,1,2,0,0,1,0,0,0,0,4.6131E+20,5.48764E+21,8.46522E+15,4.95401E+16
32526,32527,8,1,17,26,2016,6,16,3,3,1,6,0,0,0,1,0,0,0,0,5.47675E+20,5.39484E+21,9.64798E+15,4.87047E+16
32527,32528,8,2,22,0,2016,6,17,2,3,1,6,0,0,0,1,0,0,0,0,4.62121E+20,5.48032E+21,8.47714E+15,4.94743E+16
32528,32529,8,1,27,14,2016,6,17,4,3,5,3,0,0,1,1,0,0,0,0,5.77441E+20,5.4437E+21,1.00618E+16,4.91412E+16
32529,32530,8,4,35,16,2016,6,15,2,3,4,6,0,0,1,0,0,0,0,0,5.3684E+20,5.28087E+21,9.49084E+15,4.76801E+16
32530,32531,8,4,25,39,2016,6,16,3,3,5,3,0,0,0,1,0,0,0,1,5.64006E+20,5.35147E+21,9.86328E+15,4.83132E+16
32531,32532,8,4,36,81,2016,6,16,3,3,2,6,0,0,0,1,0,1,0,0,5.63133E+20,5.28143E+21,9.8412E+15,4.76832E+16
32532,32533,8,2,15,17,2016,6,8,3,3,5,3,0,0,1,1,0,0,0,0,4.5379E+20,5.42092E+21,8.36898E+15,4.89395E+16
32533,32534,8,2,12,0,2016,6,13,1,2,2,6,0,0,0,1,0,0,0,0,4.59196E+20,5.42733E+21,8.44215E+15,4.89975E+16
32534,32535,8,1,18,48,2016,6,6,2,2,0,2,0,0,0,0,0,1,1,0,5.14244E+20,5.41514E+21,9.19431E+15,4.88891E+16
32535,32536,8,1,11,0,2016,6,9,3,3,6,4,0,0,0,1,1,0,0,0,5.15604E+20,5.39425E+21,9.21207E+15,4.87011E+16
32536,32537,8,4,17,10,2016,6,6,2,3,4,6,0,0,0,1,0,0,0,0,5.05446E+20,5.34182E+21,9.07333E+15,4.82295E+16
32537,32538,8,4,36,83,2016,6,21,7,3,7,7,1,1,0,1,0,0,0,0,5.3026E+20,5.30347E+21,9.40475E+15,4.78839E+16
32538,32539,8,3,35,79,2016,6,11,3,3,5,3,0,0,0,1,0,0,1,0,5.01581E+20,5.29869E+21,9.02113E+15,4.78415E+16
32539,32540,8,1,19,85,2016,6,17,2,3,3,6,0,0,0,1,0,1,0,0,5.28259E+20,5.41326E+21,9.38536E+15,4.88716E+16
32540,32541,8,1,21,0,2016,6,23,4,3,4,2,2,0,1,1,0,0,0,0,5.16347E+20,5.44475E+21,9.22419E+15,4.91553E+16
32541,32542,8,1,35,19,2016,6,15,3,2,2,6,0,0,0,1,1,0,0,0,5.85561E+20,5.39109E+21,1.01621E+16,4.8667E+16
32542,32543,8,4,17,31,2016,6,20,1,3,5,3,0,0,0,1,0,0,0,0,4.96251E+20,5.35386E+21,8.94942E+15,4.83379E+16
32543,32544,8,2,31,0,2016,6,13,7,3,3,6,0,0,0,1,0,0,0,0,4.73459E+20,5.41745E+21,8.63779E+15,4.89095E+16
32544,32545,8,2,26,85,2016,6,7,2,3,2,6,0,0,0,0,0,0,1,0,4.89239E+20,5.45533E+21,8.85213E+15,4.92506E+16
32545,32546,8,2,15,46,2016,6,10,5,3,2,6,0,0,0,1,0,0,0,0,4.50963E+20,5.41653E+21,8.33091E+15,4.88998E+16
32546,32547,8,4,37,31,2016,6,13,4,2,8,7,0,0,0,1,0,0,0,0,5.15576E+20,5.34436E+21,9.20983E+15,4.82522E+16
32547,32548,8,3,16,54,2016,7,19,1,2,4,1,0,0,0,1,0,1,0,0,4.20302E+20,5.33879E+21,7.92749E+15,4.81973E+16
32548,32549,8,4,36,49,2016,7,13,6,2,8,1,0,0,0,1,0,0,0,0,5.76854E+20,5.2881E+21,1.00252E+16,4.77416E+16
32549,32550,8,3,27,27,2016,7,17,6,3,4,6,0,0,0,1,0,1,0,0,4.96565E+20,5.32304E+21,8.9539E+15,4.80606E+16
32550,32551,8,2,22,0,2016,7,17,6,3,2,6,0,0,0,1,0,0,0,0,4.63123E+20,5.48924E+21,8.49013E+15,4.95546E+16
32551,32552,8,4,15,61,2016,7,0,1,3,8,1,2,0,0,1,0,0,0,0,5.1279E+20,5.37205E+21,9.17314E+15,4.85014E+16
32552,32553,8,1,18,48,2016,6,9,5,3,3,6,0,0,0,1,0,0,1,0,5.12152E+20,5.41526E+21,9.16578E+15,4.88902E+16
32553,32554,8,1,36,88,2016,7,8,6,3,2,6,0,0,0,1,0,0,0,1,5.80036E+20,5.40986E+21,1.00907E+16,4.88365E+16
32554,32555,8,1,15,3,2016,7,17,6,2,6,4,0,0,1,0,1,0,0,0,4.96575E+20,5.393E+21,8.95346E+15,4.869E+16
32555,32556,8,1,27,52,2016,7,13,1,3,4,6,0,0,0,1,0,0,0,0,5.43584E+20,5.43548E+21,9.59672E+15,4.90706E+16
32556,32557,8,4,25,141,2016,6,11,5,2,3,2,0,0,1,1,0,0,0,0,5.68891E+20,5.36228E+21,9.93093E+15,4.84099E+16
32557,32558,8,1,36,65,2016,6,7,5,3,0,1,0,1,0,0,0,1,0,0,5.63553E+20,5.40975E+21,9.86609E+15,4.88375E+16
32558,32559,8,3,17,141,2016,6,20,4,3,2,6,0,0,0,1,0,0,0,0,4.20441E+20,5.37617E+21,7.9223E+15,4.85336E+16
32559,32560,8,4,25,39,2016,6,6,4,3,0,3,0,0,0,1,0,1,0,0,5.66367E+20,5.35316E+21,9.89539E+15,4.83282E+16
32560,32561,8,1,26,66,2016,7,6,1,3,8,7,0,0,0,1,0,0,0,0,5.36185E+20,5.45092E+21,9.49682E+15,4.921E+16
32561,32562,8,2,37,75,2016,7,11,7,2,4,6,0,1,0,1,0,1,0,0,4.47695E+20,5.36704E+21,8.29258E+15,4.84543E+16
32562,32563,8,4,26,66,2016,7,12,6,2,5,2,0,0,0,1,0,1,0,0,5.80581E+20,5.32653E+21,1.00821E+16,4.80869E+16
32563,32564,8,3,25,12,2016,7,2,1,3,1,1,2,0,0,1,0,0,0,0,4.6363E+20,5.35519E+21,8.50912E+15,4.83488E+16
32564,32565,8,2,35,18,2016,7,13,7,3,6,4,0,0,0,1,1,0,0,0,4.62983E+20,5.40514E+21,8.49594E+15,4.87982E+16
32565,32566,8,4,35,52,2016,7,14,6,3,2,6,0,0,0,1,0,0,0,0,5.2137E+20,5.2897E+21,9.28516E+15,4.77603E+16
32566,32567,8,3,35,79,2016,7,15,1,3,2,6,0,0,1,0,0,0,0,0,5.08939E+20,5.29885E+21,9.11947E+15,4.78429E+16
32567,32568,8,1,15,28,2016,6,9,5,3,2,6,0,0,0,1,0,0,0,0,5.01188E+20,5.40295E+21,9.01617E+15,4.87796E+16
32568,32569,8,1,27,46,2016,7,8,6,3,0,1,0,0,1,0,0,0,0,0,5.69985E+20,5.45061E+21,9.96077E+15,4.92043E+16
32569,32570,8,1,16,14,2016,7,16,6,3,2,6,0,0,0,1,0,0,0,0,5.27659E+20,5.39591E+21,9.37602E+15,4.87156E+16
32570,32571,8,1,15,28,2016,7,11,1,3,2,6,0,0,0,1,0,0,0,0,4.99868E+20,5.4045E+21,8.9982E+15,4.87935E+16
32571,32572,8,4,15,61,2016,6,14,5,3,0,1,0,0,1,0,0,0,0,0,5.15496E+20,5.37131E+21,9.20975E+15,4.84947E+16
32572,32573,8,1,27,79,2016,6,20,5,3,8,1,0,0,0,0,0,1,0,0,5.64373E+20,5.41971E+21,9.87883E+15,4.89269E+16
32573,32574,8,1,19,79,2016,7,18,2,3,4,2,0,0,0,1,0,0,0,0,5.25205E+20,5.40976E+21,9.34351E+15,4.88403E+16
32574,32575,8,3,15,6,2016,7,15,7,2,5,3,0,0,0,1,0,0,0,0,4.00493E+20,5.3119E+21,7.66725E+15,4.79527E+16
32575,32576,8,2,26,13,2016,7,5,7,3,1,7,0,1,0,1,0,0,0,0,4.98951E+20,5.47869E+21,8.98553E+15,4.94609E+16
32576,32577,8,3,17,40,2016,6,14,5,3,4,2,0,0,0,1,0,0,0,0,4.32483E+20,5.34753E+21,8.09001E+15,4.82774E+16
32577,32578,8,4,25,33,2016,7,6,7,3,8,1,0,0,0,1,0,0,0,0,5.5854E+20,5.34875E+21,9.78918E+15,4.82892E+16
32578,32579,8,1,21,0,2016,7,9,6,2,2,6,0,0,0,1,0,0,0,0,5.14163E+20,5.44826E+21,9.19437E+15,4.9187E+16
32579,32580,8,1,11,0,2016,7,14,1,3,2,6,0,0,0,1,0,0,0,0,5.12537E+20,5.40147E+21,9.17061E+15,4.87661E+16
32580,32581,8,1,19,20,2016,6,16,5,3,2,6,0,0,0,1,0,0,0,0,5.20933E+20,5.40547E+21,9.28506E+15,4.88018E+16
32581,32582,8,3,35,75,2016,6,16,5,3,5,3,0,0,0,1,0,0,0,0,4.87589E+20,5.2931E+21,8.83429E+15,4.77911E+16
32582,32583,8,4,15,61,2016,7,18,6,3,2,3,0,0,0,1,0,0,0,0,5.15449E+20,5.37211E+21,9.20914E+15,4.85019E+16
32583,32584,8,1,17,38,2016,7,12,2,3,8,6,0,0,0,1,0,0,0,1,5.45608E+20,5.39926E+21,9.62038E+15,4.87447E+16
32584,32585,8,2,15,90,2016,7,6,7,3,9,1,0,1,0,1,0,0,0,0,4.64238E+20,5.43562E+21,8.51036E+15,4.90724E+16
32585,32586,8,1,15,16,2016,7,5,7,1,4,1,1,1,0,1,0,0,0,0,4.89338E+20,5.37944E+21,8.85547E+15,4.8568E+16
32586,32587,8,2,26,10,2016,6,11,5,3,3,6,0,0,0,1,0,0,0,1,4.84327E+20,5.45723E+21,8.78456E+15,4.92676E+16
32587,32588,8,4,25,71,2016,6,10,4,3,5,3,0,0,0,0,0,1,1,0,5.50705E+20,5.37131E+21,9.68629E+15,4.84928E+16
32588,32589,8,3,17,153,2016,7,5,1,3,9,7,1,0,0,1,0,0,1,0,4.22496E+20,5.3912E+21,7.94732E+15,4.86691E+16
32589,32590,8,4,37,100,2016,7,10,6,3,6,4,0,0,1,0,1,0,0,0,5.37015E+20,5.31876E+21,9.49641E+15,4.80211E+16
32590,32591,8,3,35,80,2016,7,15,6,2,4,6,0,0,0,0,0,1,0,1,4.72586E+20,5.29495E+21,8.63386E+15,4.78073E+16
32591,32592,8,3,16,43,2016,7,10,6,2,0,7,0,0,1,1,0,0,0,0,4.12892E+20,5.33464E+21,7.82865E+15,4.8159E+16
32592,32593,8,4,26,73,2016,7,20,1,2,5,3,1,0,0,1,0,1,0,0,5.64256E+20,5.3355E+21,9.86423E+15,4.81695E+16
32593,32594,8,2,22,0,2016,7,22,6,2,8,1,2,0,0,0,0,1,0,0,4.65284E+20,5.48402E+21,8.52048E+15,4.95078E+16
32594,32595,8,3,36,87,2016,7,12,6,3,8,1,0,0,0,1,0,0,0,0,4.20796E+20,5.29772E+21,7.94172E+15,4.78279E+16
32595,32596,8,4,37,8,2016,7,13,1,3,2,6,0,0,0,1,0,1,0,0,5.21805E+20,5.32816E+21,9.29291E+15,4.81064E+16
32596,32597,8,2,31,0,2016,7,22,6,3,5,2,2,0,0,1,0,0,0,0,4.75985E+20,5.41549E+21,8.67238E+15,4.88919E+16
32597,32598,8,1,21,0,2016,7,7,7,3,5,3,0,0,0,1,0,0,0,0,5.15913E+20,5.44214E+21,9.21813E+15,4.91319E+16
32598,32599,8,1,25,46,2016,7,15,6,3,2,7,0,0,0,1,0,1,0,0,5.19553E+20,5.43398E+21,9.26764E+15,4.90584E+16
32599,32600,8,2,16,7,2016,6,15,5,3,2,2,0,0,0,1,0,1,0,0,4.36657E+20,5.39858E+21,8.13851E+15,4.87371E+16
32600,32601,8,2,22,0,2016,6,21,5,2,0,1,1,0,0,0,0,1,0,0,4.68375E+20,5.47944E+21,8.56352E+15,4.94668E+16
32601,32602,8,4,25,33,2016,6,15,4,3,8,1,0,0,0,1,0,0,0,0,5.46833E+20,5.34581E+21,9.63105E+15,4.82638E+16
32602,32603,8,3,15,130,2016,7,11,1,3,2,2,0,0,0,1,0,1,0,0,4.09804E+20,5.29963E+21,7.7945E+15,4.78437E+16
32603,32604,8,4,36,64,2016,7,17,6,3,4,6,0,0,0,1,0,0,1,0,5.42136E+20,5.29112E+21,9.56238E+15,4.77721E+16
32604,32605,8,3,25,72,2016,7,18,6,3,2,6,0,0,0,1,0,0,0,0,4.70865E+20,5.3293E+21,8.60854E+15,4.81163E+16
32605,32606,8,2,15,108,2016,7,17,6,2,5,3,0,0,1,1,0,0,0,0,4.48602E+20,5.42305E+21,8.29787E+15,4.89582E+16
32606,32607,8,3,37,126,2016,7,1,1,3,2,6,2,0,0,1,0,0,0,0,4.43422E+20,5.27385E+21,8.24712E+15,4.76155E+16
32607,32608,8,1,15,29,2016,6,14,5,2,5,3,0,0,0,1,0,0,1,0,4.96242E+20,5.39908E+21,8.94888E+15,4.87447E+16
32608,32609,8,4,21,0,2016,7,16,6,2,5,3,0,0,1,1,0,0,0,0,5.72538E+20,5.36566E+21,9.9808E+15,4.84399E+16
32609,32610,8,1,16,81,2016,7,11,6,3,0,7,0,0,0,1,1,0,0,0,5.18373E+20,5.38581E+21,9.24933E+15,4.86251E+16
32610,32611,8,1,18,48,2016,7,12,1,3,2,6,0,0,0,1,0,0,0,0,5.14399E+20,5.41663E+21,9.19648E+15,4.89024E+16
32611,32612,8,4,17,13,2016,6,21,5,2,8,1,0,0,1,0,0,0,0,0,5.04627E+20,5.34837E+21,9.06238E+15,4.82885E+16
32612,32613,8,1,35,32,2016,6,18,5,3,1,6,0,0,0,1,0,0,0,0,5.79263E+20,5.39453E+21,1.00772E+16,4.86988E+16
32613,32614,8,3,17,89,2016,6,7,4,3,2,2,0,0,0,1,0,0,0,1,4.30422E+20,5.378E+21,8.05717E+15,4.85512E+16
32614,32615,8,1,16,33,2016,6,14,5,3,1,6,0,0,0,1,0,0,0,0,5.33917E+20,5.38897E+21,9.46052E+15,4.86528E+16
32615,32616,8,1,16,68,2016,7,13,6,3,9,1,0,0,0,0,0,0,1,0,5.2605E+20,5.39066E+21,9.35381E+15,4.86684E+16
32616,32617,8,1,19,89,2016,7,15,6,2,3,6,0,0,0,0,0,1,0,0,5.33257E+20,5.41061E+21,9.45331E+15,4.88476E+16
32617,32618,8,4,37,123,2016,6,13,5,3,8,7,0,0,0,1,0,0,0,0,5.03284E+20,5.30995E+21,9.04398E+15,4.79428E+16
32618,32619,8,2,22,0,2016,6,14,5,3,2,6,0,0,0,1,0,0,0,1,4.62376E+20,5.48543E+21,8.48018E+15,4.95203E+16
32619,32620,8,2,16,41,2016,6,15,5,2,2,6,0,0,0,1,0,0,0,0,4.31431E+20,5.39347E+21,8.06828E+15,4.86905E+16
32620,32621,8,3,17,1,2016,6,14,4,3,5,3,0,0,0,1,0,1,0,0,4.32191E+20,5.38665E+21,8.07973E+15,4.86292E+16
32621,32622,8,4,15,59,2016,6,17,4,3,2,6,0,0,0,1,0,0,0,0,5.17001E+20,5.36993E+21,9.23006E+15,4.84823E+16
32622,32623,8,2,22,0,2016,7,14,1,3,0,7,0,0,1,0,0,0,0,0,4.68389E+20,5.47943E+21,8.56373E+15,4.94667E+16
32623,32624,8,3,35,63,2016,7,12,7,3,8,1,0,1,0,1,0,0,0,0,4.98903E+20,5.28996E+21,8.98536E+15,4.7763E+16
32624,32625,8,4,35,52,2016,7,19,6,3,5,3,0,0,0,1,0,0,0,0,5.24464E+20,5.29258E+21,9.32661E+15,4.77861E+16
32625,32626,8,3,35,75,2016,7,15,1,3,2,6,0,0,0,1,0,0,0,0,4.88234E+20,5.29396E+21,8.84288E+15,4.77989E+16
32626,32627,8,1,16,80,2016,6,17,5,3,1,6,0,0,0,1,0,0,0,0,5.18253E+20,5.39393E+21,9.24805E+15,4.86981E+16
32627,32628,8,1,26,58,2016,7,17,6,3,0,7,0,0,0,0,0,1,0,0,5.48653E+20,5.45695E+21,9.66872E+15,4.92633E+16
32628,32629,8,1,11,0,2016,7,4,6,2,1,1,2,0,0,1,0,0,0,0,5.11553E+20,5.40194E+21,9.15724E+15,4.87704E+16
32629,32630,8,1,15,37,2016,7,9,1,3,8,1,0,0,0,1,0,0,0,0,4.91113E+20,5.38458E+21,8.87943E+15,4.86142E+16
32630,32631,8,1,18,48,2016,6,17,5,3,2,6,0,0,0,1,0,0,0,0,5.14229E+20,5.41597E+21,9.19413E+15,4.88966E+16
32631,32632,8,3,37,65,2016,6,16,5,3,4,2,0,0,0,1,0,0,0,0,4.51119E+20,5.27347E+21,8.34958E+15,4.76128E+16
32632,32633,8,1,21,0,2016,6,18,5,3,2,6,0,0,0,1,0,0,0,0,5.14903E+20,5.44621E+21,9.20445E+15,4.91685E+16
32633,32634,8,1,19,53,2016,7,21,2,2,4,6,2,0,0,1,0,0,1,0,5.34396E+20,5.42937E+21,9.47042E+15,4.90163E+16
32634,32635,8,3,15,15,2016,7,19,7,3,4,6,0,0,0,1,0,0,0,0,4.00446E+20,5.31838E+21,7.66512E+15,4.8011E+16
32635,32636,8,2,21,0,2016,7,14,7,3,0,1,0,1,0,0,0,1,0,0,4.77378E+20,5.46816E+21,8.68843E+15,4.93657E+16
32636,32637,8,1,27,32,2016,7,18,2,2,8,1,0,0,0,1,0,0,0,0,5.70661E+20,5.45757E+21,9.97127E+15,4.92668E+16
32637,32638,8,3,37,62,2016,6,19,4,3,8,7,0,0,0,1,0,0,0,0,4.52141E+20,5.27386E+21,8.36312E+15,4.76164E+16
32638,32639,8,1,28,14,2016,7,0,1,1,4,6,2,0,0,1,0,0,0,0,5.47024E+20,5.48163E+21,9.64925E+15,4.94855E+16
32639,32640,8,3,17,89,2016,7,12,7,3,5,3,0,0,1,1,0,0,0,0,4.27464E+20,5.37762E+21,8.01716E+15,4.85475E+16
32640,32641,8,2,36,43,2016,7,15,7,2,8,1,0,1,0,0,0,1,0,0,4.67514E+20,5.40811E+21,8.5574E+15,4.88252E+16
32641,32642,8,4,36,10,2016,7,11,7,2,4,6,0,0,0,1,0,0,0,0,5.67031E+20,5.30504E+21,9.89679E+15,4.78952E+16
32642,32643,8,3,37,126,2016,7,16,6,3,5,2,0,0,0,1,0,0,0,1,4.37222E+20,5.27914E+21,8.16386E+15,4.76626E+16
32643,32644,8,1,16,72,2016,7,15,2,3,2,6,0,0,0,1,0,0,0,0,5.30203E+20,5.39421E+21,9.41048E+15,4.87002E+16
32644,32645,8,2,37,28,2016,7,20,7,3,5,3,0,0,0,1,0,0,0,0,4.56464E+20,5.36768E+21,8.41111E+15,4.84607E+16
32645,32646,8,2,25,60,2016,7,4,7,2,9,1,2,1,0,1,0,0,0,0,5.14225E+20,5.48907E+21,9.19668E+15,4.95541E+16
32646,32647,8,2,15,64,2016,6,20,5,2,8,1,1,0,0,1,0,0,0,0,4.79988E+20,5.448E+21,8.72538E+15,4.91845E+16
32647,32648,8,3,17,57,2016,6,19,5,3,5,3,0,0,0,1,0,0,0,0,4.14192E+20,5.38365E+21,7.83612E+15,4.86001E+16
32648,32649,8,3,36,69,2016,7,10,7,2,4,6,0,0,0,1,0,0,0,1,4.08145E+20,5.26751E+21,7.77909E+15,4.75545E+16
32649,32650,8,1,11,0,2016,7,14,7,2,4,1,0,1,0,1,0,0,0,0,5.14069E+20,5.40043E+21,9.19141E+15,4.87567E+16
32650,32651,8,3,36,69,2016,7,11,6,3,0,1,0,0,0,0,0,1,0,0,4.05608E+20,5.26963E+21,7.74493E+15,4.75732E+16
32651,32652,8,3,17,65,2016,7,17,6,3,5,2,0,0,1,1,0,0,0,0,4.16534E+20,5.35448E+21,7.8737E+15,4.8338E+16
32652,32653,8,4,36,81,2016,7,15,1,2,8,1,0,0,0,0,0,1,0,0,5.62683E+20,5.28466E+21,9.83567E+15,4.77123E+16
32653,32654,8,2,35,6,2016,7,18,6,2,5,3,0,0,0,0,0,1,0,0,4.68931E+20,5.38291E+21,8.5786E+15,4.85985E+16
32654,32655,8,1,18,40,2016,7,7,7,2,4,1,0,1,0,1,0,0,1,0,5.10518E+20,5.43268E+21,9.14393E+15,4.90469E+16
32655,32656,8,1,16,78,2016,6,20,5,3,5,2,0,1,0,1,0,1,0,0,5.12848E+20,5.39084E+21,9.17451E+15,4.86705E+16
32656,32657,8,2,15,66,2016,7,15,6,3,8,1,0,0,0,1,0,0,0,0,4.56061E+20,5.45284E+21,8.39652E+15,4.92267E+16
32657,32658,8,1,25,7,2016,7,14,6,3,6,2,0,0,0,1,1,0,0,0,5.13324E+20,5.45317E+21,9.18301E+15,4.92312E+16
32658,32659,8,1,11,0,2016,7,17,6,3,5,2,0,0,0,1,0,0,0,0,5.13431E+20,5.40259E+21,9.18281E+15,4.87761E+16
32659,32660,8,2,37,4,2016,6,14,5,2,8,1,0,0,0,0,0,1,0,0,4.54065E+20,5.37093E+21,8.3783E+15,4.84898E+16
32660,32661,8,2,11,0,2016,6,10,5,3,2,6,0,0,0,1,0,0,1,0,4.36489E+20,5.39728E+21,8.13642E+15,4.87253E+16
32661,32662,8,3,16,56,2016,6,17,4,3,2,1,0,0,0,1,0,1,0,0,4.1835E+20,5.32675E+21,7.90354E+15,4.80888E+16
32662,32663,8,3,37,96,2016,6,16,4,3,5,3,0,0,1,1,0,0,0,0,4.22803E+20,5.26792E+21,7.97381E+15,4.75601E+16
32663,32664,8,2,15,17,2016,7,18,1,3,0,7,0,0,0,0,0,1,0,0,4.53656E+20,5.42144E+21,8.36709E+15,4.89441E+16
32664,32665,8,4,36,55,2016,7,16,6,3,5,3,0,0,1,1,0,0,0,0,5.72957E+20,5.29456E+21,9.97428E+15,4.78003E+16
32665,32666,8,3,37,38,2016,7,15,1,1,8,1,0,0,0,1,0,0,0,0,4.28702E+20,5.27525E+21,8.05102E+15,4.76268E+16
32666,32667,8,3,36,14,2016,6,18,4,3,5,2,0,0,0,1,0,0,0,0,3.89446E+20,5.28158E+21,7.52707E+15,4.76782E+16
32667,32668,8,3,17,51,2016,7,11,1,2,5,2,0,0,0,1,0,1,0,0,4.42274E+20,5.34121E+21,8.22282E+15,4.82215E+16
32668,32669,8,4,36,12,2016,7,12,6,3,8,1,0,0,0,1,0,0,0,0,5.5343E+20,5.29893E+21,9.71408E+15,4.78415E+16
32669,32670,8,3,27,5,2016,7,6,6,3,5,3,0,0,0,1,0,1,0,0,4.82571E+20,5.32332E+21,8.76607E+15,4.80629E+16