FID,OBJECTID,ULAND,UREGBEZ,UKREIS,UGEMEINDE,UJAHR,UMONAT,USTUNDE,UWOCHENTAG,UKATEGORIE,UART,UTYP1,ULICHTVERH,IstStrasse,IstRad,IstPKW,IstFuss,IstKrad,IstGkfz,IstSonstig,LINREFX,LINREFY,XGCSWGS84,YGCSWGS84
32670,32671,8,3,15,48,2016,7,10,6,3,4,6,0,0,0,1,0,0,0,0,3.9729E+20,5.31017E+21,7.62478E+15,4.79366E+16
32671,32672,8,4,17,16,2016,7,17,1,3,2,6,0,0,0,1,0,0,0,0,4.84781E+20,5.34222E+21,8.79505E+15,4.8233E+16
32672,32673,8,1,16,49,2016,6,16,5,2,4,6,0,0,0,1,0,0,0,0,5.25783E+20,5.38405E+21,9.34977E+15,4.8609E+16
32673,32674,8,1,17,26,2016,7,10,6,2,4,6,0,0,0,0,0,1,1,0,5.53393E+20,5.40037E+21,9.72642E+15,4.87541E+16
32674,32675,8,1,15,28,2016,7,10,6,3,3,6,0,0,0,1,0,1,0,0,5.00652E+20,5.40326E+21,9.00888E+15,4.87824E+16
32675,32676,8,4,26,13,2016,6,5,5,3,8,1,0,1,0,1,0,0,0,0,5.43202E+20,5.32355E+21,9.57986E+15,4.80638E+16
32676,32677,8,1,15,13,2016,6,17,5,3,2,6,0,0,0,1,0,0,0,0,4.97459E+20,5.39173E+21,8.96548E+15,4.86786E+16
32677,32678,8,3,16,39,2016,6,7,4,3,3,3,0,0,1,0,0,0,0,1,4.17605E+20,5.32668E+21,7.89355E+15,4.80881E+16
32678,32679,8,3,36,50,2016,6,22,4,3,5,3,2,0,0,1,0,0,0,0,3.99227E+20,5.27552E+21,7.65875E+15,4.76252E+16
32679,32680,8,1,25,102,2016,7,22,1,3,2,6,2,0,0,1,0,0,0,0,5.21925E+20,5.44168E+21,9.30053E+15,4.91275E+16
32680,32681,8,2,37,4,2016,7,13,7,2,4,6,0,1,0,1,0,1,0,0,4.42612E+20,5.3764E+21,8.22256E+15,4.85381E+16
32681,32682,8,4,26,121,2016,7,16,6,2,2,6,0,0,0,1,0,0,0,0,5.38067E+20,5.3334E+21,9.51182E+15,4.81527E+16
32682,32683,8,3,26,5,2016,7,18,1,3,8,1,0,0,0,0,0,1,0,0,4.6812E+20,5.29612E+21,8.57413E+15,4.78176E+16
32683,32684,8,1,25,65,2016,7,8,6,2,5,2,0,0,1,1,0,0,0,0,5.17064E+20,5.45002E+21,9.23425E+15,4.92027E+16
32684,32685,8,1,11,0,2016,7,13,1,3,1,7,0,0,0,1,0,0,0,0,5.15019E+20,5.40312E+21,9.20444E+15,4.87809E+16
32685,32686,8,1,11,0,2016,6,11,5,3,2,6,0,0,0,1,0,0,0,0,5.15381E+20,5.40589E+21,9.20948E+15,4.88059E+16
32686,32687,8,1,27,8,2016,7,2,6,2,8,1,2,0,0,1,0,0,0,0,5.68731E+20,5.4628E+21,9.94565E+15,4.93141E+16
32687,32688,8,1,16,18,2016,7,19,6,3,2,6,0,0,0,0,0,1,0,0,5.30093E+20,5.37781E+21,9.4078E+15,4.85527E+16
32688,32689,8,1,16,19,2016,7,10,1,3,6,4,0,0,0,1,1,0,0,0,5.22707E+20,5.3983E+21,9.30882E+15,4.87373E+16
32689,32690,8,4,15,62,2016,6,17,5,2,2,6,0,0,0,1,0,0,0,0,5.1929E+20,5.37781E+21,9.2614E+15,4.85531E+16
32690,32691,8,1,27,73,2016,6,17,5,3,2,6,0,0,0,1,0,0,0,0,5.78085E+20,5.44825E+21,1.00715E+16,4.91821E+16
32691,32692,8,1,19,85,2016,7,12,2,3,0,3,0,0,1,0,0,0,0,1,5.28832E+20,5.41233E+21,9.39311E+15,4.88633E+16
32692,32693,8,3,16,9,2016,7,19,7,3,8,1,0,0,0,1,0,0,0,0,4.17335E+20,5.326E+21,7.89006E+15,4.80819E+16
32693,32694,8,2,26,82,2016,7,14,7,2,4,6,0,1,0,1,0,0,0,0,4.80498E+20,5.48119E+21,8.73076E+15,4.9483E+16
32694,32695,8,3,27,49,2016,6,18,5,3,5,3,0,0,0,1,0,1,0,0,4.72619E+20,5.32462E+21,8.63241E+15,4.80742E+16
32695,32696,8,4,36,83,2016,7,0,7,2,4,1,2,0,1,1,0,0,0,0,5.32449E+20,5.30107E+21,9.43384E+15,4.78622E+16
32696,32697,8,3,36,78,2016,7,16,6,3,3,2,0,0,0,1,0,1,0,0,3.97227E+20,5.28995E+21,7.62874E+15,4.77547E+16
32697,32698,8,1,15,41,2016,7,12,2,2,5,2,0,0,0,1,0,0,0,1,4.94975E+20,5.40071E+21,8.93163E+15,4.87594E+16
32698,32699,8,2,31,0,2016,7,11,7,3,3,2,0,1,0,1,0,0,0,0,4.76375E+20,5.41613E+21,8.67766E+15,4.88977E+16
32699,32700,8,2,35,65,2016,7,14,6,3,8,1,0,0,0,1,0,0,0,0,4.74283E+20,5.40683E+21,8.6497E+15,4.8814E+16
32700,32701,8,3,35,75,2016,6,1,5,2,0,7,2,0,0,1,0,0,0,0,4.87838E+20,5.28919E+21,8.83772E+15,4.7756E+16
32701,32702,8,1,19,20,2016,6,8,5,3,2,2,0,0,0,1,0,0,1,0,5.19967E+20,5.40542E+21,9.27191E+15,4.88014E+16
32702,32703,8,4,15,61,2016,7,13,6,3,5,3,0,0,0,1,0,0,0,0,5.11412E+20,5.36605E+21,9.15433E+15,4.84475E+16
32703,32704,8,1,18,48,2016,7,11,2,3,1,6,0,0,0,1,0,0,0,0,5.12681E+20,5.41722E+21,9.17306E+15,4.89078E+16
32704,32705,8,2,36,46,2016,7,11,7,3,2,6,0,1,0,1,0,0,0,0,4.82907E+20,5.41779E+21,8.76672E+15,4.89128E+16
32705,32706,8,4,25,72,2016,7,10,7,3,9,1,0,1,0,0,0,1,0,0,5.79865E+20,5.37343E+21,1.00813E+16,4.85089E+16
32706,32707,8,2,26,98,2016,6,9,5,3,2,6,0,0,0,1,0,0,1,0,4.75071E+20,5.45775E+21,8.65731E+15,4.9272E+16
32707,32708,8,3,35,22,2016,6,7,4,3,2,6,0,0,0,1,0,0,0,0,4.83722E+20,5.30031E+21,8.78239E+15,4.78559E+16
32708,32709,8,4,17,63,2016,7,19,1,2,4,1,0,0,0,1,0,1,0,0,5.07407E+20,5.33702E+21,9.09965E+15,4.81864E+16
32709,32710,8,4,37,88,2016,7,11,6,3,5,3,0,0,0,1,0,1,0,0,5.14866E+20,5.30659E+21,9.19895E+15,4.79125E+16
32710,32711,8,3,35,77,2016,7,16,6,3,4,6,0,0,0,1,0,0,0,1,4.91976E+20,5.29143E+21,8.8929E+15,4.77762E+16
32711,32712,8,3,16,45,2016,7,12,6,3,0,1,0,0,0,0,0,0,1,0,4.11543E+20,5.32549E+21,7.81241E+15,4.80766E+16
32712,32713,8,4,36,69,2016,7,15,1,3,1,2,0,0,1,1,0,0,0,0,5.51692E+20,5.29451E+21,9.69033E+15,4.78019E+16
32713,32714,8,2,26,48,2016,7,11,6,3,4,6,0,0,0,1,0,0,1,0,4.85204E+20,5.4648E+21,8.79634E+15,4.93358E+16
32714,32715,8,1,11,0,2016,6,16,5,3,5,2,0,0,1,1,0,0,0,0,5.11517E+20,5.41045E+21,9.15698E+15,4.88469E+16
32715,32716,8,2,12,0,2016,7,13,6,3,5,3,0,0,1,0,0,0,1,0,4.50443E+20,5.43179E+21,8.32196E+15,4.9037E+16
32716,32717,8,1,21,0,2016,7,12,6,3,5,3,0,0,1,1,0,0,0,0,5.16615E+20,5.44226E+21,9.22777E+15,4.91329E+16
32717,32718,8,1,25,56,2016,7,17,7,3,2,6,0,0,0,1,0,0,0,0,5.14408E+20,5.4345E+21,9.19724E+15,4.90632E+16
32718,32719,8,1,25,38,2016,7,13,6,2,8,1,0,0,0,0,0,1,0,0,5.02162E+20,5.43501E+21,9.0296E+15,4.9068E+16
32719,32720,8,2,16,7,2016,6,7,5,3,2,6,0,0,0,1,0,0,0,0,4.34669E+20,5.39829E+21,8.11152E+15,4.87342E+16
32720,32721,8,3,35,63,2016,6,19,4,3,2,2,1,0,0,1,0,1,0,0,4.9892E+20,5.29096E+21,8.98559E+15,4.7772E+16
32721,32722,8,3,16,17,2016,7,17,1,3,8,7,0,0,0,1,0,0,0,0,4.17075E+20,5.34019E+21,7.88381E+15,4.82096E+16
32722,32723,8,4,36,81,2016,7,17,6,3,2,6,0,0,0,1,0,0,0,0,5.6346E+20,5.28132E+21,9.84554E+15,4.76821E+16
32723,32724,8,3,26,61,2016,7,7,6,3,2,2,0,0,0,1,0,0,0,0,4.70935E+20,5.32008E+21,8.61012E+15,4.80333E+16
32724,32725,8,2,26,84,2016,7,17,6,3,2,6,0,0,0,1,0,0,0,0,4.67206E+20,5.47355E+21,8.54788E+15,4.94138E+16
32725,32726,8,4,15,50,2016,7,10,1,3,0,1,0,0,0,0,0,1,0,0,5.2188E+20,5.37661E+21,9.29644E+15,4.85422E+16
32726,32727,8,1,11,0,2016,6,0,5,3,0,5,2,0,0,1,0,0,0,0,5.15096E+20,5.40614E+21,9.2056E+15,4.88081E+16
32727,32728,8,1,35,19,2016,7,16,6,3,1,6,0,0,0,1,0,0,0,0,5.84192E+20,5.3924E+21,1.01437E+16,4.86789E+16
32728,32729,8,1,17,24,2016,7,15,6,3,4,2,0,0,0,1,0,1,0,0,5.6062E+20,5.38574E+21,9.82258E+15,4.86218E+16
32729,32730,8,1,27,59,2016,7,13,1,3,2,6,0,0,0,1,0,1,0,0,5.50108E+20,5.43892E+21,9.68646E+15,4.91011E+16
32730,32731,8,4,25,33,2016,6,13,5,3,5,3,0,0,0,1,0,0,0,0,5.46974E+20,5.34456E+21,9.63281E+15,4.82525E+16
32731,32732,8,1,36,2,2016,6,16,5,3,5,3,0,0,0,1,0,1,0,0,5.7348E+20,5.41603E+21,1.00025E+16,4.88929E+16
32732,32733,8,3,15,102,2016,6,10,4,3,9,1,0,0,0,0,0,1,0,0,4.38097E+20,5.30139E+21,8.17233E+15,4.78628E+16
32733,32734,8,1,27,89,2016,7,12,2,3,4,6,0,0,0,1,0,0,0,0,5.65878E+20,5.44218E+21,9.90301E+15,4.91289E+16
32734,32735,8,3,35,75,2016,6,16,4,3,9,6,0,0,0,0,0,1,0,1,4.89339E+20,5.29486E+21,8.85761E+15,4.7807E+16
32735,32736,8,1,15,45,2016,7,18,1,2,0,1,0,0,0,0,0,1,0,0,4.99315E+20,5.39494E+21,8.99069E+15,4.87075E+16
32736,32737,8,3,17,151,2016,7,9,7,3,4,6,0,1,0,1,0,0,0,1,4.1431E+20,5.36845E+21,7.84085E+15,4.84633E+16
32737,32738,8,4,17,63,2016,7,14,6,3,4,6,0,0,0,1,0,0,0,0,5.07733E+20,5.33328E+21,9.10397E+15,4.81527E+16
32738,32739,8,1,11,0,2016,7,15,6,3,2,6,0,0,0,1,0,0,0,0,5.16288E+20,5.40403E+21,9.22176E+15,4.87891E+16
32739,32740,8,2,31,0,2016,6,13,5,3,5,3,0,0,0,1,0,0,0,0,4.78171E+20,5.41613E+21,8.70217E+15,4.88977E+16
32740,32741,8,2,15,17,2016,6,17,5,3,5,3,0,0,0,1,0,0,0,0,4.53808E+20,5.42213E+21,8.3691E+15,4.89503E+16
32741,32742,8,3,15,48,2016,6,17,4,2,3,2,0,0,0,1,0,1,0,0,3.95537E+20,5.30711E+21,7.60206E+15,4.79088E+16
32742,32743,8,3,27,46,2016,6,20,4,3,8,1,0,0,1,0,0,0,0,0,4.81266E+20,5.32523E+21,8.74847E+15,4.80801E+16
32743,32744,8,2,25,9,2016,7,23,1,3,8,1,2,0,0,1,0,0,0,0,5.17179E+20,5.46612E+21,9.23653E+15,4.93476E+16
32744,32745,8,4,35,59,2016,7,14,6,3,2,6,0,0,0,1,0,0,0,0,5.13966E+20,5.29097E+21,9.1864E+15,4.7772E+16
32745,32746,8,3,35,1,2016,7,9,1,2,5,3,0,0,1,1,0,0,0,0,4.89441E+20,5.29846E+21,8.85888E+15,4.78394E+16
32746,32747,8,1,11,0,2016,6,7,5,3,5,3,0,1,0,1,0,1,0,0,5.10219E+20,5.39722E+21,9.13895E+15,4.87279E+16
32747,32748,8,1,27,76,2016,7,17,6,3,2,6,0,0,0,1,0,0,0,0,5.53924E+20,5.44254E+21,9.73922E+15,4.91333E+16
32748,32749,8,1,15,48,2016,7,13,6,2,8,1,0,0,0,1,0,0,0,0,5.09752E+20,5.38836E+21,9.1324E+15,4.86482E+16
32749,32750,8,1,15,21,2016,7,18,1,3,5,3,0,0,0,1,0,0,0,0,4.90475E+20,5.3824E+21,8.87082E+15,4.85946E+16
32750,32751,8,4,15,61,2016,6,10,5,3,0,6,0,0,0,0,0,1,0,1,5.1585E+20,5.37168E+21,9.21455E+15,4.84981E+16
32751,32752,8,1,27,99,2016,6,14,5,3,3,6,0,0,0,1,0,0,1,0,5.62202E+20,5.44719E+21,9.85341E+15,4.91744E+16
32752,32753,8,1,19,90,2016,7,8,2,3,2,6,0,0,0,1,0,0,0,0,5.33451E+20,5.40606E+21,9.45558E+15,4.88066E+16
32753,32754,8,3,11,0,2016,7,14,7,3,2,6,0,0,0,1,0,1,0,0,4.14737E+20,5.31588E+21,7.85719E+15,4.79905E+16
32754,32755,8,2,21,0,2016,7,10,7,2,0,1,0,1,1,0,0,0,0,0,4.77675E+20,5.4735E+21,8.69222E+15,4.94138E+16
32755,32756,8,2,31,0,2016,7,18,7,3,5,2,0,0,0,1,0,0,0,0,4.7777E+20,5.41494E+21,8.69676E+15,4.8887E+16
32756,32757,8,1,11,0,2016,6,17,5,3,2,6,0,0,0,1,0,0,0,0,5.09861E+20,5.40126E+21,9.13419E+15,4.87643E+16
32757,32758,8,4,36,78,2016,7,10,7,2,0,1,0,1,1,0,0,0,0,0,5.57021E+20,5.29157E+21,9.7611E+15,4.77749E+16
32758,32759,8,4,15,61,2016,7,18,6,3,5,3,0,0,0,1,0,1,0,0,5.15578E+20,5.37073E+21,9.21083E+15,4.84895E+16
32759,32760,8,1,16,42,2016,7,15,2,3,4,6,0,0,0,1,0,0,0,0,5.18292E+20,5.38152E+21,9.24804E+15,4.85865E+16
32760,32761,8,2,12,0,2016,7,7,7,3,2,6,0,1,0,1,0,0,0,0,4.62373E+20,5.43169E+21,8.48518E+15,4.9037E+16
32761,32762,8,1,18,53,2016,7,17,7,2,5,3,0,0,0,1,0,1,0,0,5.17251E+20,5.42804E+21,9.23587E+15,4.9005E+16
32762,32763,8,2,12,0,2016,6,12,5,3,2,6,0,0,0,1,0,1,0,0,4.53117E+20,5.43079E+21,8.35866E+15,4.90282E+16
32763,32764,8,3,26,41,2016,6,18,4,3,4,2,0,0,0,1,0,1,0,0,4.63199E+20,5.32882E+21,8.50559E+15,4.81115E+16
32764,32765,8,3,17,31,2016,7,16,1,2,5,2,0,0,0,1,0,1,0,0,4.16695E+20,5.35858E+21,7.87507E+15,4.83749E+16
32765,32766,8,4,36,81,2016,7,21,6,3,3,6,0,0,0,1,0,0,0,1,5.59642E+20,5.28315E+21,9.79493E+15,4.7699E+16
32766,32767,8,3,35,63,2016,7,15,6,3,5,3,0,0,0,1,0,0,0,0,4.98709E+20,5.28992E+21,8.98278E+15,4.77626E+16
32767,32768,8,3,11,0,2016,7,0,6,2,3,2,2,0,1,1,0,0,0,0,4.12813E+20,5.31469E+21,7.83166E+15,4.79795E+16
32768,32769,8,4,25,72,2016,7,15,1,3,3,6,0,0,0,1,0,0,0,1,5.85999E+20,5.36889E+21,1.01634E+16,4.84673E+16
32769,32770,8,3,17,100,2016,6,16,5,3,2,6,0,0,0,1,0,0,0,0,4.23659E+20,5.36749E+21,7.96746E+15,4.84559E+16
32770,32771,8,3,36,91,2016,7,6,7,3,0,1,0,1,0,0,0,1,0,0,3.95826E+20,5.2752E+21,7.61358E+15,4.76218E+16
32771,32772,8,3,36,69,2016,7,7,6,3,5,2,0,0,0,1,0,1,0,0,4.06431E+20,5.26703E+21,7.75641E+15,4.755E+16
32772,32773,8,3,27,55,2016,7,12,6,2,6,4,0,0,0,1,1,0,0,0,4.79241E+20,5.31835E+21,8.72161E+15,4.80181E+16
32773,32774,8,4,36,81,2016,7,19,1,3,4,2,0,0,1,0,0,1,0,0,5.62978E+20,5.28148E+21,9.83915E+15,4.76837E+16
32774,32775,8,2,36,40,2016,7,23,6,1,8,1,2,0,0,0,0,1,0,0,4.90932E+20,5.42205E+21,8.87614E+15,4.89513E+16
32775,32776,8,1,18,73,2016,7,20,7,3,1,6,0,0,0,1,0,0,0,1,4.97544E+20,5.4197E+21,8.96647E+15,4.89302E+16
32776,32777,8,2,16,9,2016,7,14,6,3,3,7,0,0,0,1,0,1,0,0,4.46799E+20,5.4208E+21,8.27353E+15,4.89378E+16
32777,32778,8,1,25,59,2016,7,19,6,3,8,1,0,0,0,0,0,1,0,0,5.28777E+20,5.43785E+21,9.39417E+15,4.90929E+16
32778,32779,8,1,11,0,2016,7,14,6,2,5,3,0,0,1,1,0,0,0,0,5.14409E+20,5.39587E+21,9.19589E+15,4.87157E+16
32779,32780,8,2,37,61,2016,6,19,5,3,8,1,0,0,0,0,0,1,0,0,4.66297E+20,5.36145E+21,8.54461E+15,4.84053E+16
32780,32781,8,2,22,0,2016,6,11,5,3,2,6,0,0,0,1,0,0,0,0,4.62922E+20,5.47912E+21,8.48831E+15,4.94636E+16
32781,32782,8,3,25,72,2016,6,11,4,3,2,2,0,0,0,1,0,0,0,0,4.70956E+20,5.32939E+21,8.60976E+15,4.81171E+16
32782,32783,8,2,12,0,2016,7,11,1,3,3,6,0,0,0,1,0,1,0,0,4.58335E+20,5.42733E+21,8.43039E+15,4.89975E+16
32783,32784,8,4,36,95,2016,7,16,6,3,5,2,0,0,0,1,0,0,0,0,5.34578E+20,5.29796E+21,9.46206E+15,4.78341E+16
32784,32785,8,3,37,108,2016,7,15,1,2,5,2,0,0,0,1,0,1,0,0,4.24978E+20,5.28903E+21,7.9991E+15,4.77503E+16
32785,32786,8,4,36,64,2016,6,18,4,2,0,1,0,0,0,0,0,1,0,0,5.44349E+20,5.28669E+21,9.59148E+15,4.77321E+16
32786,32787,8,4,35,34,2016,6,7,4,2,0,1,0,1,1,0,0,0,0,0,5.317E+20,5.28482E+21,9.42265E+15,4.7716E+16
32787,32788,8,1,17,14,2016,7,12,6,2,6,4,0,0,0,1,1,0,0,0,5.53013E+20,5.38291E+21,9.71901E+15,4.8597E+16
32788,32789,8,1,18,18,2016,7,16,6,3,5,2,0,0,0,1,0,1,0,0,5.11336E+20,5.43043E+21,9.15507E+15,4.90266E+16
32789,32790,8,4,36,10,2016,6,10,5,2,4,7,0,1,0,1,0,0,0,1,5.61623E+20,5.30631E+21,9.82462E+15,4.79071E+16
32790,32791,8,1,11,0,2016,6,21,5,3,3,6,1,0,0,1,0,0,1,0,5.11276E+20,5.39501E+21,9.15328E+15,4.8708E+16
32791,32792,8,3,36,91,2016,6,14,4,3,2,6,0,0,0,1,0,1,0,0,3.94295E+20,5.27182E+21,7.59402E+15,4.75911E+16
32792,32793,8,3,25,69,2016,6,11,4,1,4,6,0,0,0,0,0,0,1,0,4.69819E+20,5.33603E+21,8.59401E+15,4.81768E+16
32793,32794,8,2,16,13,2016,7,16,1,2,0,1,0,0,0,0,0,1,0,0,4.50865E+20,5.3886E+21,8.33291E+15,4.86485E+16
32794,32795,8,3,35,63,2016,7,2,7,2,9,1,2,0,0,1,0,0,0,0,4.95225E+20,5.29125E+21,8.93626E+15,4.77746E+16
32795,32796,8,4,26,14,2016,7,15,6,3,1,1,0,0,0,1,0,0,0,0,5.51732E+20,5.31932E+21,9.69384E+15,4.80251E+16
32796,32797,8,3,27,48,2016,7,20,1,3,4,6,0,0,0,1,0,0,0,0,4.73568E+20,5.31893E+21,8.64551E+15,4.80231E+16
32797,32798,8,4,36,55,2016,6,19,4,2,0,1,0,0,1,0,0,0,0,0,5.76207E+20,5.29778E+21,1.00182E+16,4.78289E+16
32798,32799,8,1,25,17,2016,7,16,6,2,0,7,0,0,0,1,0,0,0,1,5.02682E+20,5.43183E+21,9.0367E+15,4.90393E+16
32799,32800,8,1,11,0,2016,7,13,6,3,0,3,0,0,0,0,0,1,1,0,5.18456E+20,5.40048E+21,9.25112E+15,4.8757E+16
32800,32801,8,1,11,0,2016,7,10,1,3,5,3,0,0,0,1,0,0,0,0,5.162E+20,5.39425E+21,9.22017E+15,4.8701E+16
32801,32802,8,3,37,116,2016,6,6,5,3,5,3,0,0,0,1,0,0,0,0,4.17932E+20,5.27082E+21,7.90853E+15,4.75856E+16
32802,32803,8,1,19,1,2016,6,10,5,3,8,1,0,1,0,1,0,0,0,0,5.51177E+20,5.40983E+21,9.69745E+15,4.88394E+16
32803,32804,8,4,16,41,2016,7,18,6,3,2,7,0,0,0,1,0,0,0,0,5.06091E+20,5.37439E+21,9.0825E+15,4.85226E+16
32804,32805,8,1,19,1,2016,7,18,2,3,0,1,0,0,1,0,0,0,0,0,5.47401E+20,5.41067E+21,9.6461E+15,4.88472E+16
32805,32806,8,2,26,95,2016,7,12,7,3,8,1,0,1,0,1,0,0,0,0,4.72324E+20,5.45894E+21,8.61946E+15,4.92826E+16
32806,32807,8,1,35,25,2016,7,17,6,3,8,1,0,0,0,1,0,0,0,0,5.80181E+20,5.39614E+21,1.009E+16,4.87131E+16
32807,32808,8,1,16,70,2016,7,18,6,3,8,1,0,0,0,0,0,1,0,0,5.42342E+20,5.38423E+21,9.57442E+15,4.86097E+16
32808,32809,8,1,18,79,2016,7,15,1,3,5,3,0,0,0,1,0,0,0,0,5.09652E+20,5.42316E+21,9.13186E+15,4.89613E+16
32809,32810,8,4,16,41,2016,6,8,5,3,5,3,0,1,1,1,0,0,0,0,5.02206E+20,5.3746E+21,9.02987E+15,4.85245E+16
32810,32811,8,1,35,32,2016,6,17,5,3,6,4,0,0,0,1,1,0,0,0,5.78312E+20,5.39379E+21,1.00641E+16,4.86922E+16
32811,32812,8,1,27,52,2016,7,14,2,2,8,1,0,0,0,1,0,0,0,0,5.37441E+20,5.43729E+21,9.51279E+15,4.90873E+16
32812,32813,8,3,17,65,2016,6,16,4,3,2,6,0,0,0,1,0,0,0,0,4.16745E+20,5.3548E+21,7.87648E+15,4.83409E+16
32813,32814,8,1,28,115,2016,7,17,1,3,2,1,0,0,0,1,0,0,0,0,5.48984E+20,5.49403E+21,9.67785E+15,4.95969E+16
32814,32815,8,3,17,1,2016,7,16,7,3,8,1,0,0,0,1,0,0,0,0,4.24206E+20,5.38535E+21,7.97161E+15,4.86167E+16
32815,32816,8,2,36,4,2016,7,12,7,3,2,6,0,1,0,1,0,0,0,0,4.73412E+20,5.41216E+21,8.63749E+15,4.88618E+16
32816,32817,8,3,35,43,2016,6,12,5,3,4,6,0,0,0,1,0,0,0,0,5.13306E+20,5.28315E+21,9.17736E+15,4.77016E+16
32817,32818,8,4,36,9,2016,7,17,7,3,0,1,0,1,0,0,0,1,0,0,5.56397E+20,5.30756E+21,9.75486E+15,4.79189E+16
32818,32819,8,3,37,116,2016,7,16,6,2,8,1,0,0,0,0,0,1,0,0,4.18165E+20,5.27472E+21,7.9109E+15,4.76207E+16
32819,32820,8,1,16,49,2016,7,12,2,3,6,4,0,0,0,1,1,0,0,0,5.25243E+20,5.3858E+21,9.34255E+15,4.86248E+16
32820,32821,8,2,35,46,2016,7,17,7,2,2,6,0,0,0,1,0,0,0,0,4.78872E+20,5.37778E+21,8.71369E+15,4.85527E+16
32821,32822,8,2,35,6,2016,7,14,6,3,2,6,0,0,0,1,0,1,0,0,4.68552E+20,5.38147E+21,8.57357E+15,4.85855E+16
32822,32823,8,1,25,65,2016,7,12,7,2,5,3,0,1,1,1,0,0,0,0,5.15796E+20,5.44853E+21,9.21679E+15,4.91894E+16
32823,32824,8,2,15,99,2016,7,17,7,3,5,3,0,0,0,1,0,0,0,1,4.64212E+20,5.44482E+21,8.50918E+15,4.91552E+16
32824,32825,8,3,15,16,2016,6,14,5,3,8,1,0,0,0,0,0,1,0,0,4.31143E+20,5.30766E+21,8.07838E+15,4.79185E+16
32825,32826,8,1,11,0,2016,7,20,7,3,8,1,0,0,0,1,0,0,0,0,5.14118E+20,5.40403E+21,9.19221E+15,4.87891E+16
32826,32827,8,3,35,100,2016,7,14,6,3,5,3,0,0,0,1,0,0,0,0,4.89864E+20,5.28737E+21,8.86479E+15,4.77396E+16
32827,32828,8,3,17,151,2016,7,15,6,1,5,3,0,0,0,1,0,0,0,0,4.14897E+20,5.36359E+21,7.84977E+15,4.84197E+16
32828,32829,8,4,36,85,2016,7,10,1,3,8,1,0,0,0,1,0,0,0,0,5.58614E+20,5.29643E+21,9.78303E+15,4.78186E+16
32829,32830,8,2,25,2,2016,7,17,6,2,7,1,0,0,0,0,0,1,0,0,4.98768E+20,5.46718E+21,8.98304E+15,4.93574E+16
32830,32831,8,4,35,59,2016,6,17,4,3,5,3,0,0,0,1,0,1,0,0,5.15037E+20,5.29101E+21,9.2007E+15,4.77723E+16
32831,32832,8,2,15,46,2016,7,18,6,3,8,7,0,0,0,0,0,0,0,1,4.49251E+20,5.41665E+21,8.30753E+15,4.89007E+16
32832,32833,8,1,25,78,2016,7,19,6,3,5,3,0,0,0,1,0,1,0,0,5.19509E+20,5.45395E+21,9.268E+15,4.9238E+16
32833,32834,8,1,11,0,2016,7,9,6,2,9,1,0,0,0,0,0,1,0,0,5.09382E+20,5.40061E+21,9.12765E+15,4.87585E+16
32834,32835,8,2,35,33,2016,6,7,5,3,5,3,0,0,0,1,0,0,0,0,4.58992E+20,5.40549E+21,8.44156E+15,4.88011E+16
32835,32836,8,2,16,43,2016,6,22,5,3,3,6,2,0,1,0,0,0,0,1,4.41233E+20,5.41165E+21,8.19886E+15,4.8855E+16
32836,32837,8,3,36,69,2016,6,16,4,2,4,6,0,0,0,1,0,0,1,0,4.10677E+20,5.2708E+21,7.81206E+15,4.75844E+16
32837,32838,8,2,36,72,2016,7,11,1,3,5,3,0,0,0,1,0,1,0,0,4.66777E+20,5.41061E+21,8.54715E+15,4.88475E+16
32838,32839,8,1,18,10,2016,7,17,3,3,5,3,0,0,0,1,0,1,0,0,5.06899E+20,5.43169E+21,9.09439E+15,4.9038E+16
32839,32840,8,3,36,50,2016,7,12,5,3,5,2,0,0,0,1,0,0,0,0,3.99328E+20,5.27565E+21,7.66007E+15,4.76264E+16
32840,32841,8,2,35,60,2016,7,7,2,3,4,2,0,0,0,1,0,0,0,0,4.76398E+20,5.3795E+21,8.68007E+15,4.85682E+16
32841,32842,8,3,17,151,2016,7,12,4,3,3,6,0,0,1,1,0,0,0,0,4.122E+20,5.36851E+21,7.8123E+15,4.84636E+16
32842,32843,8,1,28,139,2016,7,16,4,3,2,6,0,0,0,1,0,0,0,0,5.52964E+20,5.48843E+21,9.73216E+15,4.95461E+16
32843,32844,8,1,18,14,2016,7,9,4,3,0,7,0,0,1,0,0,0,0,0,5.21327E+20,5.42107E+21,9.29124E+15,4.89421E+16
32844,32845,8,4,17,25,2016,7,19,5,3,0,1,0,0,1,0,0,0,0,0,4.84611E+20,5.36162E+21,8.79206E+15,4.84076E+16
32845,32846,8,3,16,9,2016,7,17,2,3,5,3,0,0,0,1,0,1,0,0,4.179E+20,5.32385E+21,7.89806E+15,4.80626E+16
32846,32847,8,1,28,47,2016,7,16,6,3,4,6,0,0,0,1,0,1,0,0,5.54956E+20,5.49482E+21,9.76058E+15,4.96034E+16
32847,32848,8,4,26,70,2016,7,0,3,3,5,3,2,0,0,1,0,0,0,0,5.65701E+20,5.34364E+21,9.88492E+15,4.82426E+16
32848,32849,8,3,15,43,2016,7,14,3,2,4,6,0,0,0,1,0,0,0,0,4.07178E+20,5.3226E+21,7.75445E+15,4.80499E+16
32849,32850,8,2,35,55,2016,7,12,5,2,3,6,0,0,0,1,0,0,0,0,4.73934E+20,5.39883E+21,8.64545E+15,4.87419E+16
32850,32851,8,2,22,0,2016,7,9,3,2,2,6,0,0,0,1,0,0,0,0,4.65509E+20,5.48052E+21,8.52388E+15,4.94764E+16