FID,OBJECTID,ULAND,UREGBEZ,UKREIS,UGEMEINDE,UJAHR,UMONAT,USTUNDE,UWOCHENTAG,UKATEGORIE,UART,UTYP1,ULICHTVERH,IstStrasse,IstRad,IstPKW,IstFuss,IstKrad,IstGkfz,IstSonstig,LINREFX,LINREFY,XGCSWGS84,YGCSWGS84
32851,32852,8,4,17,79,2016,7,14,2,3,5,3,0,0,0,1,0,0,0,1,4.96498E+20,5.34022E+21,8.95285E+15,4.82152E+16
32852,32853,8,1,15,48,2016,7,20,2,2,5,6,0,0,0,1,0,1,0,0,5.08537E+20,5.385E+21,9.11584E+15,4.86181E+16
32853,32854,8,1,16,78,2016,7,20,6,3,5,3,0,0,0,1,0,0,0,0,5.10502E+20,5.39346E+21,9.14271E+15,4.86941E+16
32854,32855,8,2,36,30,2016,7,17,5,3,4,2,0,0,0,1,0,0,0,0,4.75466E+20,5.41836E+21,8.66513E+15,4.89177E+16
32855,32856,8,2,35,46,2016,7,16,2,3,2,2,0,0,0,1,0,0,0,0,4.79902E+20,5.37613E+21,8.72773E+15,4.85379E+16
32856,32857,8,1,21,0,2016,7,16,5,3,2,6,0,0,0,1,0,0,0,0,5.16375E+20,5.44483E+21,9.22458E+15,4.91561E+16
32857,32858,8,2,31,0,2016,7,9,4,3,2,6,0,0,0,1,0,0,0,1,4.7796E+20,5.41607E+21,8.69929E+15,4.88972E+16
32858,32859,8,3,17,59,2016,7,9,5,3,0,7,0,0,1,0,0,0,0,0,4.12821E+20,5.34973E+21,7.82459E+15,4.82947E+16
32859,32860,8,1,15,24,2016,7,16,5,3,2,6,0,0,0,1,0,1,1,0,5.00969E+20,5.38642E+21,9.01315E+15,4.86308E+16
32860,32861,8,2,26,95,2016,7,15,4,2,2,6,0,0,0,0,0,0,1,0,4.71554E+20,5.45941E+21,8.60883E+15,4.92868E+16
32861,32862,8,3,35,75,2016,7,18,5,2,5,2,0,0,0,1,0,1,0,0,4.86904E+20,5.28968E+21,8.82524E+15,4.77604E+16
32862,32863,8,3,16,11,2016,7,17,2,3,1,6,0,0,0,1,0,0,0,0,4.16434E+20,5.3284E+21,7.8775E+15,4.81033E+16
32863,32864,8,1,26,66,2016,7,16,6,3,1,6,0,0,0,1,0,0,0,0,5.35301E+20,5.45047E+21,9.48463E+15,4.9206E+16
32864,32865,8,4,15,59,2016,7,13,3,3,2,6,0,0,0,1,0,0,0,0,5.16817E+20,5.36716E+21,9.22745E+15,4.84573E+16
32865,32866,8,2,22,0,2016,7,7,3,1,2,6,0,0,0,1,0,0,1,0,4.6046E+20,5.48914E+21,8.45332E+15,4.95536E+16
32866,32867,8,2,12,0,2016,7,17,5,3,2,2,0,0,0,1,0,0,0,0,4.59891E+20,5.43233E+21,8.45116E+15,4.90425E+16
32867,32868,8,2,16,5,2016,7,14,3,3,4,6,0,0,0,1,0,0,0,0,4.45158E+20,5.41694E+21,8.25166E+15,4.8903E+16
32868,32869,8,3,15,102,2016,7,15,2,2,9,7,0,0,0,1,0,0,0,0,4.38624E+20,5.29275E+21,8.18061E+15,4.77852E+16
32869,32870,8,1,11,0,2016,7,8,6,3,5,3,0,0,0,1,0,1,0,0,5.12495E+20,5.39949E+21,9.16998E+15,4.87483E+16
32870,32871,8,1,18,50,2016,7,14,5,3,7,1,0,0,0,0,0,0,1,0,5.04262E+20,5.42088E+21,9.0582E+15,4.89409E+16
32871,32872,8,4,36,12,2016,7,21,4,3,8,1,0,0,0,1,0,0,0,0,5.52477E+20,5.2984E+21,9.70129E+15,4.78368E+16
32872,32873,8,2,36,31,2016,7,11,6,3,0,1,0,0,0,1,0,0,0,1,4.81965E+20,5.42047E+21,8.75374E+15,4.89369E+16
32873,32874,8,1,35,19,2016,7,17,3,2,3,6,0,0,0,1,0,1,0,0,5.84474E+20,5.39238E+21,1.01476E+16,4.86788E+16
32874,32875,8,1,28,64,2016,7,14,5,2,4,6,0,0,1,0,0,1,0,0,5.34588E+20,5.49988E+21,9.47915E+15,4.96505E+16
32875,32876,8,1,19,85,2016,7,7,6,3,5,3,0,0,1,1,0,0,0,0,5.30938E+20,5.41339E+21,9.42191E+15,4.88727E+16
32876,32877,8,3,37,65,2016,7,7,3,2,5,3,0,0,0,1,0,1,0,0,4.47379E+20,5.27569E+21,8.29955E+15,4.76324E+16
32877,32878,8,4,25,31,2016,7,16,5,3,2,6,0,0,0,1,0,1,0,0,5.63443E+20,5.37268E+21,9.8589E+15,4.8504E+16
32878,32879,8,3,25,53,2016,7,16,2,3,2,2,0,0,0,1,0,0,0,0,4.58293E+20,5.34401E+21,8.4382E+15,4.82479E+16
32879,32880,8,1,36,42,2016,7,7,3,3,3,6,0,0,0,1,0,0,1,0,5.45573E+20,5.40364E+21,9.6204E+15,4.87841E+16
32880,32881,8,2,26,85,2016,7,15,4,3,5,3,0,0,0,1,0,0,0,0,4.91084E+20,5.45501E+21,8.87749E+15,4.92478E+16
32881,32882,8,1,11,0,2016,7,14,6,3,0,1,0,0,0,0,0,1,0,0,5.12671E+20,5.39985E+21,9.17238E+15,4.87516E+16
32882,32883,8,1,18,47,2016,7,14,5,3,9,3,0,0,0,1,0,1,0,0,5.07623E+20,5.42698E+21,9.10421E+15,4.89957E+16
32883,32884,8,4,26,21,2016,7,17,4,3,0,7,0,0,0,1,0,0,0,0,5.59507E+20,5.32556E+21,9.79898E+15,4.80805E+16
32884,32885,8,2,26,29,2016,7,19,6,3,4,6,0,0,0,1,0,1,0,0,4.83395E+20,5.48436E+21,8.77062E+15,4.95117E+16
32885,32886,8,1,19,85,2016,7,20,3,2,3,2,0,0,0,0,0,1,0,1,5.30938E+20,5.41339E+21,9.42191E+15,4.88727E+16
32886,32887,8,3,17,57,2016,7,16,5,3,5,3,0,0,0,1,0,0,0,0,4.14535E+20,5.3823E+21,7.84105E+15,4.85879E+16
32887,32888,8,2,35,80,2016,7,21,2,3,5,3,0,0,0,1,0,1,0,0,4.78646E+20,5.38587E+21,8.71022E+15,4.86255E+16
32888,32889,8,3,25,15,2016,7,19,4,3,8,1,0,0,0,1,0,0,0,0,4.70334E+20,5.34625E+21,8.60023E+15,4.82688E+16
32889,32890,8,4,25,31,2016,7,18,4,2,4,6,0,0,0,1,0,0,0,0,5.69006E+20,5.37004E+21,9.93376E+15,4.84797E+16
32890,32891,8,1,25,79,2016,7,11,4,3,2,6,0,0,0,0,0,1,0,1,5.1239E+20,5.45357E+21,9.17019E+15,4.92347E+16
32891,32892,8,4,26,21,2016,7,10,5,2,4,6,0,0,0,1,0,1,0,0,5.57442E+20,5.32446E+21,9.7711E+15,4.80708E+16
32892,32893,8,1,11,0,2016,7,19,4,3,2,6,0,0,0,1,0,0,0,0,5.128E+20,5.4065E+21,9.17435E+15,4.88113E+16
32893,32894,8,2,15,39,2016,7,23,4,3,9,1,2,0,0,1,0,0,0,0,4.72839E+20,5.45154E+21,8.62704E+15,4.9216E+16
32894,32895,8,4,36,55,2016,7,21,5,3,5,3,1,0,1,1,0,0,0,0,5.76829E+20,5.29727E+21,1.00265E+16,4.78242E+16
32895,32896,8,1,15,52,2016,7,10,4,3,2,6,0,0,0,1,0,0,0,0,4.92904E+20,5.40745E+21,8.90332E+15,4.882E+16
32896,32897,8,3,37,116,2016,7,14,4,2,8,1,0,0,0,0,0,1,0,0,4.18801E+20,5.27499E+21,7.91932E+15,4.76232E+16
32897,32898,8,1,17,24,2016,7,13,6,2,5,3,0,0,0,1,0,1,0,0,5.62212E+20,5.38591E+21,9.84422E+15,4.86232E+16
32898,32899,8,3,25,50,2016,7,9,3,3,2,2,0,0,0,0,0,1,0,1,4.54631E+20,5.35176E+21,8.38804E+15,4.83174E+16
32899,32900,8,1,17,24,2016,7,14,3,3,1,6,0,0,0,1,0,0,0,0,5.61324E+20,5.38599E+21,9.83218E+15,4.86239E+16
32900,32901,8,1,11,0,2016,7,17,3,3,2,6,0,0,0,1,0,1,0,0,5.12117E+20,5.40694E+21,9.16505E+15,4.88153E+16
32901,32902,8,2,22,0,2016,7,13,5,3,3,6,0,0,0,1,0,0,0,0,4.68788E+20,5.47743E+21,8.56938E+15,4.94487E+16
32902,32903,8,2,35,85,2016,7,19,2,3,2,6,0,0,0,1,0,0,0,0,4.81019E+20,5.3956E+21,8.74197E+15,4.87131E+16
32903,32904,8,3,15,133,2016,7,16,4,3,3,6,0,0,1,0,0,0,0,1,3.96221E+20,5.32841E+21,7.60605E+15,4.81005E+16
32904,32905,8,1,27,76,2016,7,9,4,3,2,6,0,0,0,1,0,0,0,0,5.53788E+20,5.44111E+21,9.73717E+15,4.91204E+16
32905,32906,8,1,18,27,2016,7,12,4,3,0,7,0,1,0,0,0,1,0,1,5.02426E+20,5.41265E+21,9.03307E+15,4.88668E+16
32906,32907,8,4,16,36,2016,7,7,5,3,5,3,0,0,0,1,0,1,0,0,4.97742E+20,5.36909E+21,8.96945E+15,4.8475E+16
32907,32908,8,3,16,37,2016,7,8,2,3,5,3,0,0,0,1,0,0,0,0,4.07458E+20,5.33362E+21,7.75582E+15,4.81491E+16
32908,32909,8,1,27,101,2016,7,17,6,3,8,1,0,0,0,0,0,1,0,0,5.8286E+20,5.43948E+21,1.01352E+16,4.91026E+16
32909,32910,8,4,17,22,2016,7,14,3,3,3,2,0,0,0,1,0,1,0,0,4.86581E+20,5.34831E+21,8.8191E+15,4.82878E+16
32910,32911,8,3,11,0,2016,7,9,3,3,3,2,0,0,1,1,0,0,0,0,4.14755E+20,5.31906E+21,7.8568E+15,4.80191E+16
32911,32912,8,2,26,32,2016,7,6,5,2,0,2,0,0,0,1,0,1,0,0,4.63997E+20,5.46446E+21,8.50446E+15,4.93318E+16
32912,32913,8,2,16,17,2016,7,11,3,3,5,3,0,0,0,1,0,0,0,1,4.51253E+20,5.40204E+21,8.33659E+15,4.87695E+16
32913,32914,8,4,15,89,2016,7,14,2,1,5,3,0,0,0,0,0,1,0,1,5.24581E+20,5.36093E+21,9.33211E+15,4.8401E+16
32914,32915,8,1,16,15,2016,7,23,2,3,2,6,2,0,0,1,0,0,1,0,5.22467E+20,5.3933E+21,9.30529E+15,4.86923E+16
32915,32916,8,3,15,94,2016,7,11,2,2,2,6,0,0,0,1,0,1,0,0,4.33463E+20,5.31726E+21,8.10793E+15,4.80052E+16
32916,32917,8,1,36,24,2016,7,15,6,3,3,2,0,0,0,1,0,0,0,1,5.65432E+20,5.4129E+21,9.89219E+15,4.88656E+16
32917,32918,8,4,36,4,2016,7,6,3,3,9,7,0,0,0,1,0,0,0,0,5.82599E+20,5.30998E+21,1.0106E+16,4.79378E+16
32918,32919,8,3,17,65,2016,7,14,3,2,3,2,0,0,1,1,0,0,0,0,4.17323E+20,5.3548E+21,7.88428E+15,4.8341E+16
32919,32920,8,2,35,6,2016,7,18,3,2,9,1,0,0,0,0,0,1,0,0,4.68092E+20,5.3815E+21,8.56733E+15,4.85857E+16
32920,32921,8,1,15,3,2016,7,7,3,3,2,6,0,0,0,1,0,0,0,0,4.98129E+20,5.39116E+21,8.97458E+15,4.86735E+16
32921,32922,8,4,36,79,2016,7,14,2,3,8,3,0,0,0,1,0,0,1,0,5.53264E+20,5.29167E+21,9.71097E+15,4.77762E+16
32922,32923,8,1,36,10,2016,7,16,2,2,0,1,0,0,1,0,0,0,0,0,5.9995E+20,5.41228E+21,1.03626E+16,4.88554E+16
32923,32924,8,1,15,48,2016,7,15,6,3,9,1,0,0,0,1,0,0,0,0,5.09717E+20,5.38611E+21,9.13188E+15,4.8628E+16
32924,32925,8,2,37,40,2016,7,11,5,3,3,2,0,0,1,1,0,0,0,0,4.73903E+20,5.36068E+21,8.64743E+15,4.83988E+16
32925,32926,8,2,36,71,2016,7,16,2,2,2,6,0,0,0,1,0,1,0,0,4.68718E+20,5.42237E+21,8.57271E+15,4.89534E+16
32926,32927,8,1,25,65,2016,7,14,5,2,1,6,0,0,0,1,0,1,0,0,5.15931E+20,5.44854E+21,9.21863E+15,4.91894E+16
32927,32928,8,2,37,74,2016,7,14,4,3,2,6,0,0,0,1,0,0,0,0,4.68063E+20,5.37E+21,8.56783E+15,4.84824E+16
32928,32929,8,3,25,61,2016,7,10,5,3,5,7,0,0,0,1,0,0,0,0,4.74173E+20,5.3524E+21,8.65158E+15,4.83243E+16
32929,32930,8,3,15,113,2016,7,11,2,3,0,3,0,0,0,1,0,0,0,0,4.37382E+20,5.30651E+21,8.16204E+15,4.79088E+16
32930,32931,8,1,26,69,2016,7,18,6,2,5,3,0,0,0,1,0,1,0,0,5.3659E+20,5.44727E+21,9.50204E+15,4.91772E+16
32931,32932,8,4,15,28,2016,7,16,3,3,0,1,0,0,1,0,0,0,0,0,5.3287E+20,5.37427E+21,9.44514E+15,4.85207E+16
32932,32933,8,2,12,0,2016,7,16,3,3,2,6,0,0,0,1,0,0,0,0,4.5382E+20,5.42776E+21,8.36862E+15,4.9001E+16
32933,32934,8,2,15,46,2016,7,6,5,3,0,2,0,0,1,1,0,0,0,0,4.49197E+20,5.41695E+21,8.30676E+15,4.89034E+16
32934,32935,8,4,17,79,2016,7,7,2,3,6,4,0,0,0,1,1,0,0,0,5.01014E+20,5.3453E+21,9.01366E+15,4.82609E+16
32935,32936,8,1,18,73,2016,7,0,3,2,8,1,2,0,0,1,0,0,0,0,4.95921E+20,5.41967E+21,8.94431E+15,4.893E+16
32936,32937,8,3,36,69,2016,7,9,2,3,5,3,0,0,0,1,0,0,0,0,4.0826E+20,5.26848E+21,7.78041E+15,4.75632E+16
32937,32938,8,1,11,0,2016,7,15,6,3,3,6,0,0,0,1,0,1,0,0,5.0728E+20,5.4074E+21,9.09917E+15,4.88195E+16
32938,32939,8,1,18,80,2016,7,16,5,3,2,6,0,0,1,1,0,0,0,0,5.06496E+20,5.41023E+21,9.08854E+15,4.8845E+16
32939,32940,8,4,36,64,2016,7,10,4,3,5,3,0,0,0,1,0,0,0,0,5.44493E+20,5.29045E+21,9.59378E+15,4.77659E+16
32940,32941,8,2,36,25,2016,7,9,6,3,4,6,0,0,0,0,0,0,1,0,4.91038E+20,5.40905E+21,8.87788E+15,4.88344E+16
32941,32942,8,1,16,19,2016,7,12,6,3,2,6,0,0,0,1,0,0,0,0,5.22132E+20,5.39721E+21,9.30096E+15,4.87275E+16
32942,32943,8,2,31,0,2016,7,11,5,2,0,7,0,0,1,1,0,0,0,0,4.80556E+20,5.41483E+21,8.73477E+15,4.88862E+16
32943,32944,8,2,31,0,2016,7,18,2,3,4,6,0,0,1,0,0,0,0,0,4.76722E+20,5.41309E+21,8.68257E+15,4.88703E+16
32944,32945,8,1,19,84,2016,7,17,5,3,5,3,0,0,0,1,0,1,0,0,5.42281E+20,5.41158E+21,9.5764E+15,4.88557E+16
32945,32946,8,1,11,0,2016,7,22,5,2,1,5,2,0,0,1,0,0,0,0,5.12183E+20,5.4066E+21,9.16595E+15,4.88123E+16
32946,32947,8,2,35,25,2016,7,10,6,3,4,1,0,0,0,1,0,1,0,0,4.59106E+20,5.38595E+21,8.44504E+15,4.86253E+16
32947,32948,8,1,18,73,2016,7,18,6,3,2,6,0,0,0,1,0,0,0,0,4.99783E+20,5.41848E+21,8.99703E+15,4.89193E+16
32948,32949,8,1,36,19,2016,7,13,5,3,2,2,0,0,0,1,0,0,0,0,5.85175E+20,5.42473E+21,1.01638E+16,4.89697E+16
32949,32950,8,2,21,0,2016,7,18,4,2,3,5,0,0,1,1,0,0,0,0,4.77606E+20,5.47216E+21,8.69134E+15,4.94017E+16
32950,32951,8,4,36,64,2016,7,18,5,3,3,2,0,0,0,0,0,1,0,0,5.46351E+20,5.29172E+21,9.61871E+15,4.77772E+16
32951,32952,8,1,15,3,2016,7,14,5,2,8,7,0,0,0,0,0,1,0,0,4.97648E+20,5.39216E+21,8.96804E+15,4.86825E+16
32952,32953,8,4,15,80,2016,7,17,4,3,2,2,0,0,0,1,0,0,0,0,5.10967E+20,5.37393E+21,9.14851E+15,4.85184E+16
32953,32954,8,2,12,0,2016,7,16,6,3,0,7,0,0,1,0,0,0,0,0,4.56378E+20,5.42655E+21,8.40371E+15,4.89904E+16
32954,32955,8,1,18,46,2016,7,17,3,3,2,6,0,0,0,1,0,0,0,0,5.14434E+20,5.41246E+21,9.19681E+15,4.88649E+16
32955,32956,8,1,26,56,2016,7,22,3,3,5,3,2,0,0,1,0,1,0,0,5.54579E+20,5.46909E+21,9.75182E+15,4.9372E+16
32956,32957,8,1,27,14,2016,7,20,5,3,3,6,0,0,0,0,0,1,0,0,5.77233E+20,5.44377E+21,1.0059E+16,4.91419E+16
32957,32958,8,3,35,75,2016,7,6,4,2,3,6,0,0,0,1,0,0,0,0,4.93827E+20,5.29069E+21,8.91761E+15,4.77696E+16
32958,32959,8,2,15,46,2016,7,8,4,3,5,2,0,0,0,1,0,0,0,0,4.50155E+20,5.41578E+21,8.31998E+15,4.8893E+16
32959,32960,8,1,27,102,2016,7,18,4,2,8,1,0,0,0,0,0,1,0,0,5.86296E+20,5.4358E+21,1.01815E+16,4.9069E+16
32960,32961,8,4,35,16,2016,7,7,5,3,5,3,0,0,1,1,0,0,0,0,5.37187E+20,5.27759E+21,9.49518E+15,4.76507E+16
32961,32962,8,1,15,3,2016,7,7,4,3,2,6,0,0,0,1,0,0,0,0,5.00499E+20,5.3929E+21,9.00678E+15,4.86892E+16
32962,32963,8,3,35,75,2016,7,11,4,3,3,6,0,0,0,1,0,0,1,0,4.89607E+20,5.29504E+21,8.86119E+15,4.78086E+16
32963,32964,8,3,36,50,2016,7,15,2,3,5,3,0,0,0,1,0,0,0,0,4.02704E+20,5.27714E+21,7.70466E+15,4.76403E+16
32964,32965,8,1,17,38,2016,7,10,6,2,4,1,0,0,0,1,0,0,0,0,5.44191E+20,5.4007E+21,9.60127E+15,4.87578E+16
32965,32966,8,4,36,81,2016,7,18,3,3,2,2,0,0,0,1,0,0,0,0,5.57305E+20,5.27677E+21,9.76294E+15,4.76418E+16
32966,32967,8,3,17,141,2016,7,20,3,3,7,7,0,0,1,0,0,0,0,1,4.18453E+20,5.37318E+21,7.89596E+15,4.85064E+16
32967,32968,8,3,17,110,2016,7,13,3,3,1,5,0,0,0,1,0,0,0,1,4.25908E+20,5.38417E+21,7.99491E+15,4.86062E+16
32968,32969,8,1,16,49,2016,7,9,3,3,2,6,0,0,0,1,0,0,0,0,5.23429E+20,5.38537E+21,9.31792E+15,4.8621E+16
32969,32970,8,1,11,0,2016,7,16,3,3,3,6,0,0,0,1,0,0,0,0,5.09692E+20,5.39728E+21,9.13179E+15,4.87285E+16
32970,32971,8,1,36,50,2016,7,9,2,3,4,2,0,0,0,1,0,0,0,0,5.82156E+20,5.40407E+21,1.01184E+16,4.87842E+16
32971,32972,8,2,15,107,2016,7,20,5,2,5,3,0,0,1,1,0,0,0,0,4.62518E+20,5.45645E+21,8.48486E+15,4.92597E+16
32972,32973,8,2,31,0,2016,7,16,2,3,1,6,0,0,0,1,0,0,0,0,4.79378E+20,5.41776E+21,8.71855E+15,4.89124E+16
32973,32974,8,3,16,3,2016,7,16,4,1,4,1,0,0,0,1,0,1,0,0,4.32212E+20,5.34055E+21,8.08747E+15,4.82145E+16
32974,32975,8,3,26,61,2016,7,16,5,3,2,6,0,0,0,1,0,0,0,0,4.71469E+20,5.32003E+21,8.61728E+15,4.80329E+16
32975,32976,8,3,15,130,2016,7,18,5,3,0,6,0,0,0,1,0,0,0,1,4.0951E+20,5.30024E+21,7.79044E+15,4.78491E+16
32976,32977,8,2,26,96,2016,7,12,2,3,3,2,0,0,1,1,0,0,0,0,4.76024E+20,5.48901E+21,8.66852E+15,4.95532E+16
32977,32978,8,3,27,18,2016,7,13,4,1,5,3,0,0,0,1,0,0,1,0,4.75587E+20,5.30771E+21,8.67321E+15,4.79222E+16
32978,32979,8,1,36,88,2016,7,20,4,3,5,3,0,0,1,1,0,0,0,0,5.88466E+20,5.40856E+21,1.02053E+16,4.88237E+16
32979,32980,8,1,19,79,2016,7,16,4,3,5,3,0,0,1,1,0,0,0,0,5.23593E+20,5.40888E+21,9.32149E+15,4.88324E+16
32980,32981,8,4,25,85,2016,7,12,5,3,5,3,0,0,0,1,0,0,0,1,5.82671E+20,5.37479E+21,1.01196E+16,4.85207E+16
32981,32982,8,3,15,98,2016,7,14,2,2,9,7,0,0,0,1,1,0,0,0,4.07358E+20,5.31225E+21,7.7591E+15,4.79568E+16
32982,32983,8,1,35,19,2016,7,17,6,2,5,3,0,0,0,1,0,1,0,0,5.84512E+20,5.39259E+21,1.01481E+16,4.86806E+16
32983,32984,8,4,35,59,2016,7,15,3,1,4,6,0,0,0,1,0,0,0,0,5.15934E+20,5.28859E+21,9.21259E+15,4.77505E+16
32984,32985,8,3,15,50,2016,7,14,3,3,2,6,0,0,0,1,0,0,0,0,3.9876E+20,5.30235E+21,7.64629E+15,4.78665E+16
32985,32986,8,2,21,0,2016,7,14,3,3,4,6,0,0,1,1,0,0,0,0,4.77505E+20,5.47136E+21,8.68999E+15,4.93946E+16
32986,32987,8,4,17,2,2016,7,12,2,3,5,3,0,0,0,1,0,1,0,0,4.88964E+20,5.34698E+21,8.85126E+15,4.8276E+16
32987,32988,8,1,35,19,2016,7,17,2,2,1,7,0,0,1,0,0,0,0,0,5.85293E+20,5.3964E+21,1.01595E+16,4.87148E+16
32988,32989,8,1,17,44,2016,7,9,6,3,4,6,0,0,0,0,0,0,1,0,5.3705E+20,5.39076E+21,9.50322E+15,4.86688E+16
32989,32990,8,2,36,44,2016,7,13,5,2,8,1,0,0,0,1,0,0,0,0,4.83962E+20,5.40568E+21,8.78159E+15,4.88039E+16
32990,32991,8,2,25,14,2016,7,7,2,3,2,2,0,0,1,1,0,0,0,0,5.23441E+20,5.48573E+21,9.32389E+15,4.95238E+16
32991,32992,8,1,25,65,2016,7,19,5,3,3,6,0,0,0,1,0,1,0,0,5.16629E+20,5.44991E+21,9.22828E+15,4.92018E+16
32992,32993,8,2,37,45,2016,7,6,4,3,4,6,0,0,0,1,0,1,0,0,4.59741E+20,5.36148E+21,8.45602E+15,4.84052E+16
32993,32994,8,3,17,152,2016,7,9,5,3,5,3,0,0,0,1,0,0,0,0,4.06663E+20,5.34957E+21,7.74162E+15,4.82924E+16
32994,32995,8,1,21,0,2016,7,6,6,3,2,6,0,0,0,1,0,0,0,0,5.16162E+20,5.44375E+21,9.22161E+15,4.91463E+16
32995,32996,8,3,37,128,2016,7,11,3,2,9,1,0,0,0,0,0,1,0,0,4.51145E+20,5.28596E+21,8.34852E+15,4.77252E+16
32996,32997,8,4,25,71,2016,7,17,5,2,5,6,0,0,1,1,0,0,0,0,5.50676E+20,5.36936E+21,9.68566E+15,4.84754E+16
32997,32998,8,3,11,0,2016,7,17,2,3,5,3,0,0,0,1,0,0,0,0,4.04185E+20,5.31627E+21,7.71571E+15,4.79925E+16
32998,32999,8,1,26,66,2016,7,7,6,3,4,6,0,0,0,0,0,0,1,0,5.39427E+20,5.44916E+21,9.54115E+15,4.9194E+16
32999,33000,8,4,15,73,2016,7,19,3,3,5,2,0,0,0,1,0,1,0,0,5.20743E+20,5.35046E+21,9.27974E+15,4.8307E+16
33000,33001,8,2,26,105,2016,7,5,3,3,8,1,1,0,0,1,0,0,0,0,4.70846E+20,5.47631E+21,8.59786E+15,4.94387E+16
33001,33002,8,2,15,7,2016,7,6,5,3,5,3,0,0,0,1,0,1,0,0,4.78378E+20,5.43005E+21,8.70425E+15,4.9023E+16
33002,33003,8,2,11,0,2016,7,10,3,3,5,2,0,0,0,1,0,0,0,0,4.41573E+20,5.40365E+21,8.20464E+15,4.87831E+16
33003,33004,8,4,15,59,2016,7,19,2,3,2,6,0,0,0,1,0,0,0,0,5.16543E+20,5.37016E+21,9.22387E+15,4.84843E+16
33004,33005,8,1,15,3,2016,7,5,6,3,2,6,1,0,0,1,0,0,0,0,4.98447E+20,5.39281E+21,8.97889E+15,4.86883E+16
33005,33006,8,1,19,93,2016,7,11,5,3,4,2,0,0,1,0,0,0,0,1,5.24089E+20,5.40625E+21,9.32809E+15,4.88088E+16
33006,33007,8,4,36,82,2016,7,7,4,2,5,3,0,0,1,0,0,0,1,0,5.46847E+20,5.29383E+21,9.62556E+15,4.77961E+16
33007,33008,8,2,31,0,2016,7,18,6,3,2,6,0,0,0,1,0,0,0,0,4.77655E+20,5.41514E+21,8.69518E+15,4.88888E+16
33008,33009,8,1,36,66,2016,7,13,3,3,4,6,0,0,0,1,0,0,0,0,5.5602E+20,5.41312E+21,9.7639E+15,4.88685E+16
33009,33010,8,1,28,82,2016,7,16,5,3,2,6,0,0,0,1,0,0,0,0,5.62127E+20,5.47044E+21,9.85599E+15,4.93835E+16
33010,33011,8,2,16,33,2016,7,14,4,3,2,6,0,0,0,1,0,0,1,0,4.46394E+20,5.41488E+21,8.26878E+15,4.88846E+16
33011,33012,8,4,36,64,2016,7,18,5,3,3,6,0,0,0,1,0,1,0,0,5.45973E+20,5.29254E+21,9.61375E+15,4.77846E+16
33012,33013,8,1,15,52,2016,7,19,5,3,0,1,0,0,1,0,0,0,0,0,4.93903E+20,5.40789E+21,8.91694E+15,4.8824E+16
33013,33014,8,1,18,79,2016,7,7,4,3,2,6,0,0,0,1,0,1,0,0,5.09701E+20,5.42297E+21,9.13253E+15,4.89596E+16
33014,33015,8,1,36,42,2016,7,8,3,3,2,6,0,0,0,1,0,0,0,0,5.53142E+20,5.40433E+21,9.72351E+15,4.87897E+16
33015,33016,8,3,26,12,2016,7,15,2,3,4,6,0,0,1,0,0,0,0,0,4.62412E+20,5.31075E+21,8.4966E+15,4.7949E+16
33016,33017,8,2,35,46,2016,7,13,4,1,9,1,0,0,0,0,0,0,1,0,4.77912E+20,5.37866E+21,8.70064E+15,4.85606E+16
33017,33018,8,1,11,0,2016,7,0,6,3,2,6,2,0,0,1,0,0,0,0,5.14313E+20,5.40054E+21,9.19474E+15,4.87577E+16
33018,33019,8,1,18,47,2016,7,16,5,3,2,6,0,0,0,1,0,0,0,0,5.06731E+20,5.42643E+21,9.09201E+15,4.89907E+16
33019,33020,8,4,26,121,2016,7,16,4,3,1,6,0,0,0,1,0,0,0,0,5.38593E+20,5.33352E+21,9.51891E+15,4.81538E+16
33020,33021,8,2,26,31,2016,7,10,6,3,5,3,0,0,1,1,0,0,0,0,4.74406E+20,5.49332E+21,8.64587E+15,4.95919E+16
33021,33022,8,1,19,20,2016,7,12,3,3,2,6,0,0,0,1,0,1,0,0,5.19713E+20,5.41055E+21,9.2687E+15,4.88476E+16
33022,33023,8,3,17,65,2016,7,19,5,3,5,2,0,0,1,1,0,0,0,0,4.1658E+20,5.35457E+21,7.8743E+15,4.83388E+16
33023,33024,8,2,25,2,2016,7,16,2,3,5,3,0,0,0,1,0,0,0,0,4.99184E+20,5.46645E+21,8.98876E+15,4.93507E+16
33024,33025,8,3,25,64,2016,7,16,4,3,8,1,0,0,0,0,0,1,0,0,4.80621E+20,5.33302E+21,8.73945E+15,4.81501E+16
33025,33026,8,2,15,101,2016,7,11,4,3,6,4,0,0,0,1,1,0,0,0,4.66928E+20,5.42445E+21,8.5481E+15,4.8972E+16
33026,33027,8,1,25,65,2016,7,18,4,3,2,6,0,0,0,1,0,0,0,0,5.15901E+20,5.44852E+21,9.21823E+15,4.91893E+16
33027,33028,8,4,26,38,2016,7,16,5,2,5,2,0,0,0,1,0,1,0,0,5.58799E+20,5.3117E+21,9.78756E+15,4.79559E+16
33028,33029,8,1,11,0,2016,7,6,4,3,5,2,0,0,0,1,0,1,0,0,5.14779E+20,5.40304E+21,9.20117E+15,4.87802E+16
33029,33030,8,3,11,0,2016,7,10,2,3,2,1,0,0,0,1,0,0,0,0,4.14066E+20,5.3159E+21,7.8482E+15,4.79906E+16
33030,33031,8,1,15,28,2016,7,11,6,3,2,6,0,0,0,1,0,0,0,0,5.01522E+20,5.40271E+21,9.02072E+15,4.87774E+16
33031,33032,8,4,36,4,2016,7,14,3,3,5,3,0,0,0,1,0,0,0,0,5.80969E+20,5.31028E+21,1.00842E+16,4.79407E+16