FID,OBJECTID,ULAND,UREGBEZ,UKREIS,UGEMEINDE,UJAHR,UMONAT,USTUNDE,UWOCHENTAG,UKATEGORIE,UART,UTYP1,ULICHTVERH,IstStrasse,IstRad,IstPKW,IstFuss,IstKrad,IstGkfz,IstSonstig,LINREFX,LINREFY,XGCSWGS84,YGCSWGS84
33032,33033,8,3,17,26,2016,7,7,3,2,5,3,0,0,1,1,0,0,0,0,4.11688E+20,5.34674E+21,7.80994E+15,4.82677E+16
33033,33034,8,3,37,97,2016,7,15,4,2,9,1,0,0,0,1,0,0,0,0,4.34064E+20,5.29096E+21,8.12001E+15,4.77686E+16
33034,33035,8,1,17,24,2016,7,18,6,2,4,6,0,0,0,1,0,0,0,0,5.60011E+20,5.38259E+21,9.81387E+15,4.85935E+16
33035,33036,8,3,35,75,2016,7,20,3,3,4,6,0,0,1,0,0,1,0,0,4.9374E+20,5.28285E+21,8.91657E+15,4.7699E+16
33036,33037,8,1,18,80,2016,7,7,3,2,3,7,0,0,0,1,0,1,0,0,5.06243E+20,5.4105E+21,9.0851E+15,4.88474E+16
33037,33038,8,3,11,0,2016,7,18,5,3,2,1,0,0,0,1,0,0,0,0,4.05666E+20,5.31488E+21,7.73586E+15,4.79802E+16
33038,33039,8,2,26,41,2016,7,15,2,2,4,6,0,0,0,1,0,0,0,1,4.76637E+20,5.46542E+21,8.67839E+15,4.93411E+16
33039,33040,8,3,17,1,2016,7,18,4,3,5,3,0,0,0,1,0,0,0,0,4.26391E+20,5.38564E+21,8.00121E+15,4.86195E+16
33040,33041,8,1,28,7,2016,7,7,4,2,5,3,0,0,1,1,0,0,0,0,5.60505E+20,5.48092E+21,9.83525E+15,4.94779E+16
33041,33042,8,1,18,53,2016,7,11,4,3,5,2,0,0,1,1,0,0,0,0,5.15096E+20,5.42757E+21,9.20639E+15,4.90009E+16
33042,33043,8,4,17,57,2016,7,12,5,3,8,1,0,0,0,0,0,0,0,1,4.81385E+20,5.34068E+21,8.74939E+15,4.82191E+16
33043,33044,8,2,26,85,2016,7,9,2,3,2,6,0,0,0,0,0,0,1,1,4.89044E+20,5.45544E+21,8.84945E+15,4.92516E+16
33044,33045,8,1,28,115,2016,7,14,6,3,5,3,0,0,1,1,0,0,0,0,5.47728E+20,5.49754E+21,9.6609E+15,4.96285E+16
33045,33046,8,4,26,124,2016,7,12,3,2,5,2,0,0,0,0,0,1,0,1,5.41791E+20,5.33373E+21,9.56193E+15,4.81555E+16
33046,33047,8,3,36,91,2016,7,18,3,2,9,1,0,0,0,0,0,1,0,0,3.93692E+20,5.27495E+21,7.58524E+15,4.76192E+16
33047,33048,8,2,36,50,2016,7,6,5,3,5,3,0,0,0,1,0,0,0,0,4.87016E+20,5.42267E+21,8.82263E+15,4.89568E+16
33048,33049,8,2,21,0,2016,7,19,3,3,3,2,0,0,1,1,0,0,0,0,4.77698E+20,5.47299E+21,8.69256E+15,4.94092E+16
33049,33050,8,4,15,91,2016,7,14,2,2,0,1,0,0,0,0,0,1,0,0,5.13551E+20,5.36198E+21,9.18311E+15,4.84108E+16
33050,33051,8,4,25,14,2016,7,14,2,2,2,6,0,0,1,1,0,0,0,0,5.72898E+20,5.37227E+21,9.98681E+15,4.84993E+16
33051,33052,8,1,16,37,2016,7,11,6,3,5,3,0,0,0,1,0,0,0,0,5.36062E+20,5.40092E+21,9.49069E+15,4.87603E+16
33052,33053,8,2,31,0,2016,7,12,5,3,1,6,0,0,0,1,0,1,0,0,4.78402E+20,5.41602E+21,8.70533E+15,4.88967E+16
33053,33054,8,2,21,0,2016,7,17,2,3,1,7,0,0,0,1,0,0,0,0,4.77409E+20,5.46752E+21,8.68889E+15,4.936E+16
33054,33055,8,1,19,79,2016,7,18,5,3,5,3,0,0,0,1,0,0,0,0,5.25447E+20,5.40974E+21,9.3468E+15,4.88401E+16
33055,33056,8,2,36,44,2016,7,7,4,3,5,3,0,0,0,1,0,1,0,0,4.84342E+20,5.40649E+21,8.78673E+15,4.88112E+16
33056,33057,8,2,35,50,2016,7,22,3,2,8,1,2,0,0,1,0,0,0,0,4.67876E+20,5.39218E+21,8.56357E+15,4.86819E+16
33057,33058,8,1,15,45,2016,7,17,3,3,2,6,0,0,0,1,0,0,0,1,4.96061E+20,5.39618E+21,8.94644E+15,4.87187E+16
33058,33059,8,4,36,64,2016,7,7,2,2,4,2,0,0,0,1,0,0,0,0,5.42682E+20,5.29134E+21,9.5697E+15,4.7774E+16
33059,33060,8,1,28,138,2016,7,12,2,2,5,2,0,0,0,1,0,0,1,1,5.40574E+20,5.4798E+21,9.56001E+15,4.94695E+16
33060,33061,8,3,17,5,2016,7,18,5,3,0,6,0,0,0,1,0,0,1,1,4.22684E+20,5.37838E+21,7.95226E+15,4.85538E+16
33061,33062,8,2,22,0,2016,7,15,2,3,1,6,0,0,0,1,0,0,0,0,4.63241E+20,5.4832E+21,8.49232E+15,4.95003E+16
33062,33063,8,2,26,32,2016,7,7,4,3,2,6,0,0,0,1,0,0,0,0,4.6381E+20,5.46436E+21,8.5019E+15,4.93309E+16
33063,33064,8,3,26,17,2016,7,16,5,3,4,6,0,0,1,0,0,0,0,0,4.41035E+20,5.32203E+21,8.20878E+15,4.80488E+16
33064,33065,8,2,31,0,2016,7,6,2,3,2,6,0,0,0,1,0,0,0,0,4.81824E+20,5.41901E+21,8.75188E+15,4.89238E+16
33065,33066,8,1,26,47,2016,7,19,6,2,8,7,0,0,0,0,1,0,0,1,5.50376E+20,5.45299E+21,9.69189E+15,4.92276E+16
33066,33067,8,4,15,92,2016,7,11,3,3,0,1,0,1,0,0,0,1,0,0,5.20075E+20,5.36475E+21,9.27141E+15,4.84356E+16
33067,33068,8,2,12,0,2016,7,15,3,3,5,3,0,0,1,1,0,0,0,0,4.54503E+20,5.42827E+21,8.37789E+15,4.90057E+16
33068,33069,8,2,15,17,2016,7,15,5,3,2,6,0,0,0,1,0,0,0,0,4.54049E+20,5.42192E+21,8.37241E+15,4.89485E+16
33069,33070,8,1,26,11,2016,7,18,3,3,2,6,0,0,0,0,0,0,1,0,5.29185E+20,5.4471E+21,9.40042E+15,4.9176E+16
33070,33071,8,3,37,123,2016,7,13,2,2,5,3,0,0,0,1,0,0,1,0,4.52218E+20,5.27895E+21,8.36359E+15,4.76622E+16
33071,33072,8,1,11,0,2016,7,7,6,2,0,1,0,0,0,0,0,1,0,0,5.12517E+20,5.40655E+21,9.1705E+15,4.88118E+16
33072,33073,8,1,18,48,2016,7,20,5,2,4,2,0,0,1,1,0,0,0,0,5.12716E+20,5.41835E+21,9.17357E+15,4.8918E+16
33073,33074,8,4,36,81,2016,7,7,4,3,5,3,0,0,0,1,0,1,0,0,5.62519E+20,5.28228E+21,9.83315E+15,4.76909E+16
33074,33075,8,2,36,38,2016,7,17,6,2,6,4,0,0,0,1,1,0,0,0,4.85734E+20,5.42726E+21,8.80496E+15,4.89981E+16
33075,33076,8,1,15,51,2016,7,20,5,3,2,6,0,0,0,1,0,0,0,0,5.045E+20,5.38577E+21,9.06107E+15,4.8625E+16
33076,33077,8,2,15,64,2016,7,6,6,3,9,1,0,0,0,1,0,0,0,0,4.86506E+20,5.44912E+21,8.81479E+15,4.91948E+16
33077,33078,8,2,22,0,2016,7,15,2,1,2,6,0,0,0,1,0,0,1,0,4.60371E+20,5.48914E+21,8.45209E+15,4.95536E+16
33078,33079,8,1,19,44,2016,7,16,6,2,3,2,0,0,0,1,0,1,0,0,5.48731E+20,5.42551E+21,9.666E+15,4.89806E+16
33079,33080,8,1,18,51,2016,7,15,5,3,2,6,0,0,0,1,0,0,0,0,5.10145E+20,5.41352E+21,9.13835E+15,4.88745E+16
33080,33081,8,2,22,0,2016,7,10,4,2,5,2,0,0,0,1,0,0,0,0,4.63171E+20,5.48069E+21,8.49159E+15,4.94777E+16
33081,33082,8,4,36,85,2016,7,10,5,3,5,3,0,0,0,1,0,0,1,0,5.59031E+20,5.29933E+21,9.78899E+15,4.78446E+16
33082,33083,8,1,15,42,2016,7,16,5,2,2,6,0,0,0,1,0,1,0,0,4.9496E+20,5.40434E+21,8.93138E+15,4.87921E+16
33083,33084,8,4,17,2,2016,7,17,4,2,5,3,0,0,0,0,0,1,0,1,4.92135E+20,5.34232E+21,8.89409E+15,4.82341E+16
33084,33085,8,2,12,0,2016,7,7,6,3,2,6,0,0,0,1,0,0,0,0,4.56491E+20,5.4234E+21,8.4056E+15,4.8962E+16
33085,33086,8,1,18,81,2016,7,17,3,3,3,6,0,0,1,1,0,0,0,0,5.21235E+20,5.41339E+21,9.28959E+15,4.88731E+16
33086,33087,8,3,17,89,2016,7,17,5,2,6,2,0,0,0,1,1,0,0,0,4.32103E+20,5.37549E+21,8.08036E+15,4.85289E+16
33087,33088,8,2,16,15,2016,7,13,2,3,5,3,0,0,0,1,0,0,1,0,4.4888E+20,5.40657E+21,8.30373E+15,4.881E+16
33088,33089,8,2,37,2,2016,7,16,4,3,2,6,0,0,0,1,0,0,0,1,4.60905E+20,5.35448E+21,8.47241E+15,4.83423E+16
33089,33090,8,1,36,9,2016,7,17,4,3,5,3,0,0,0,1,0,1,0,0,5.67752E+20,5.40712E+21,9.92286E+15,4.88133E+16
33090,33091,8,1,25,58,2016,7,9,4,3,5,3,0,0,0,1,0,1,0,0,5.09225E+20,5.44345E+21,9.12649E+15,4.91438E+16
33091,33092,8,4,26,120,2016,7,16,5,2,5,2,0,0,0,1,0,1,0,0,5.63215E+20,5.32183E+21,9.8482E+15,4.80466E+16
33092,33093,8,1,27,91,2016,7,15,3,2,3,2,0,0,0,1,0,0,0,1,5.76687E+20,5.45306E+21,1.00532E+16,4.92255E+16
33093,33094,8,1,27,14,2016,7,20,5,3,2,6,0,0,0,1,0,1,0,0,5.77238E+20,5.44377E+21,1.0059E+16,4.91419E+16
33094,33095,8,2,15,100,2016,7,6,4,3,5,3,0,0,0,1,0,0,0,0,4.72903E+20,5.45032E+21,8.628E+15,4.92051E+16
33095,33096,8,1,36,38,2016,7,11,4,3,2,6,0,0,0,1,0,0,0,0,5.87853E+20,5.41114E+21,1.01975E+16,4.8847E+16
33096,33097,8,4,35,34,2016,7,12,5,3,4,6,0,0,1,0,0,0,0,0,5.29854E+20,5.2845E+21,9.39801E+15,4.77132E+16
33097,33098,8,1,16,77,2016,7,6,4,3,2,6,0,0,0,1,0,1,0,0,5.1599E+20,5.39145E+21,9.21721E+15,4.86759E+16
33098,33099,8,3,37,116,2016,7,14,4,3,8,1,0,0,0,0,0,1,0,0,4.18803E+20,5.27499E+21,7.91934E+15,4.76232E+16
33099,33100,8,1,17,6,2016,7,15,6,3,8,1,0,0,0,0,0,1,0,0,5.50838E+20,5.38132E+21,9.68932E+15,4.85829E+16
33100,33101,8,1,11,0,2016,7,10,4,3,4,7,0,0,0,1,0,0,0,1,5.1522E+20,5.40544E+21,9.20727E+15,4.88018E+16
33101,33102,8,2,37,54,2016,7,16,3,2,8,1,0,0,0,1,0,0,0,0,4.68803E+20,5.37287E+21,8.57762E+15,4.85082E+16
33102,33103,8,2,12,0,2016,7,17,3,2,5,3,0,0,1,0,0,0,0,1,4.5312E+20,5.4288E+21,8.35892E+15,4.90103E+16
33103,33104,8,1,16,49,2016,7,17,3,3,2,6,0,0,0,1,0,1,0,0,5.24838E+20,5.38584E+21,9.33706E+15,4.86251E+16
33104,33105,8,1,11,0,2016,7,7,3,3,2,6,0,0,0,1,0,0,0,0,5.16152E+20,5.40915E+21,9.2201E+15,4.88351E+16
33105,33106,8,2,15,46,2016,7,13,5,3,3,6,0,0,0,1,0,0,1,0,4.50072E+20,5.4162E+21,8.31879E+15,4.88967E+16
33106,33107,8,2,15,107,2016,7,15,2,3,5,2,0,0,0,1,0,0,0,0,4.6243E+20,5.45651E+21,8.48365E+15,4.92602E+16
33107,33108,8,3,11,0,2016,7,21,4,3,3,2,1,0,1,1,0,0,0,0,4.16001E+20,5.31556E+21,7.8742E+15,4.79878E+16
33108,33109,8,4,15,92,2016,7,19,5,3,5,3,0,0,1,1,0,0,0,0,5.21182E+20,5.36274E+21,9.28628E+15,4.84174E+16
33109,33110,8,2,22,0,2016,7,17,2,2,8,7,0,0,0,1,0,0,0,0,4.58791E+20,5.48902E+21,8.43026E+15,4.95524E+16
33110,33111,8,1,26,85,2016,7,20,6,3,9,1,0,0,0,1,0,0,0,0,5.47734E+20,5.45028E+21,9.65529E+15,4.92035E+16
33111,33112,8,2,15,17,2016,7,10,2,3,2,6,0,0,0,1,0,0,1,0,4.53689E+20,5.42148E+21,8.36754E+15,4.89445E+16
33112,33113,8,1,36,88,2016,7,9,6,3,4,1,0,0,0,1,0,1,0,0,5.82508E+20,5.40777E+21,1.01239E+16,4.88174E+16
33113,33114,8,4,35,57,2016,7,8,3,3,5,3,0,0,0,1,0,0,0,0,5.48789E+20,5.28189E+21,9.65015E+15,4.76885E+16
33114,33115,8,3,15,113,2016,7,17,3,3,8,7,0,0,0,1,0,0,0,0,4.36188E+20,5.30636E+21,8.14609E+15,4.79074E+16
33115,33116,8,2,25,118,2016,7,18,3,3,5,3,0,0,1,1,0,0,0,0,5.07331E+20,5.47848E+21,9.10116E+15,4.94589E+16
33116,33117,8,4,37,82,2016,7,18,2,3,5,3,0,0,0,1,0,1,0,0,5.1359E+20,5.34387E+21,9.18307E+15,4.82479E+16
33117,33118,8,1,28,82,2016,7,18,2,2,4,2,0,0,0,0,0,1,0,1,5.6808E+20,5.47036E+21,9.93799E+15,4.93821E+16
33118,33119,8,1,18,48,2016,7,13,6,3,3,6,0,0,0,1,0,1,0,0,5.12994E+20,5.41529E+21,9.17727E+15,4.88904E+16
33119,33120,8,2,37,45,2016,7,7,5,3,4,2,0,0,0,1,0,0,0,0,4.62111E+20,5.36447E+21,8.48778E+15,4.84322E+16
33120,33121,8,2,12,0,2016,7,13,2,3,5,2,0,0,1,1,0,0,0,0,4.57876E+20,5.42795E+21,8.42404E+15,4.9003E+16
33121,33122,8,1,25,98,2016,7,7,5,3,2,6,0,0,0,1,0,0,0,0,5.19672E+20,5.43758E+21,9.26944E+15,4.90908E+16
33122,33123,8,2,37,45,2016,7,17,4,3,4,6,0,0,0,1,0,0,0,0,4.59365E+20,5.35868E+21,8.45122E+15,4.83799E+16
33123,33124,8,3,17,96,2016,7,18,5,3,6,6,0,0,1,0,1,0,0,0,4.21817E+20,5.36885E+21,7.9423E+15,4.84679E+16
33124,33125,8,2,12,0,2016,7,7,2,3,8,1,0,0,0,1,0,0,0,0,4.58825E+20,5.42657E+21,8.43716E+15,4.89907E+16
33125,33126,8,1,21,0,2016,7,18,6,3,5,3,0,0,0,1,0,0,0,0,5.1455E+20,5.44443E+21,9.19953E+15,4.91525E+16
33126,33127,8,3,37,126,2016,7,13,3,2,2,6,0,1,0,0,0,1,0,1,4.42251E+20,5.27324E+21,8.2316E+15,4.761E+16
33127,33128,8,2,15,47,2016,7,19,3,2,2,2,0,0,0,0,0,1,0,0,4.58551E+20,5.41287E+21,8.43481E+15,4.88674E+16
33128,33129,8,2,16,43,2016,7,10,5,2,5,3,0,0,1,1,0,0,0,0,4.42054E+20,5.41207E+21,8.21E+15,4.88589E+16
33129,33130,8,1,18,11,2016,7,15,3,3,2,6,0,0,0,1,0,0,1,0,5.06297E+20,5.40864E+21,9.0858E+15,4.88307E+16
33130,33131,8,3,35,2,2016,7,12,2,3,4,6,0,0,0,1,0,0,0,1,5.05323E+20,5.28544E+21,9.07098E+15,4.77224E+16
33131,33132,8,2,31,0,2016,7,11,4,3,0,7,0,0,0,1,1,0,0,0,4.81419E+20,5.41762E+21,8.74642E+15,4.89112E+16
33132,33133,8,1,11,0,2016,7,15,6,3,0,1,0,0,0,1,0,0,0,0,5.09792E+20,5.40375E+21,9.13331E+15,4.87867E+16
33133,33134,8,1,18,10,2016,7,18,5,3,2,6,0,0,0,1,0,0,0,0,5.04801E+20,5.42971E+21,9.06566E+15,4.90202E+16
33134,33135,8,4,15,92,2016,7,19,3,3,8,1,0,0,1,0,0,0,0,0,5.19603E+20,5.36213E+21,9.26491E+15,4.8412E+16
33135,33136,8,2,22,0,2016,7,8,3,3,2,6,0,0,0,1,0,0,0,0,4.6077E+20,5.48914E+21,8.45761E+15,4.95536E+16
33136,33137,8,2,21,0,2016,7,13,5,2,5,2,0,0,1,1,0,0,0,0,4.76623E+20,5.47201E+21,8.6778E+15,4.94003E+16
33137,33138,8,2,12,0,2016,7,13,3,3,3,6,0,0,0,1,0,0,0,0,4.56176E+20,5.42823E+21,8.40077E+15,4.90054E+16
33138,33139,8,4,15,50,2016,7,19,2,3,5,3,0,0,0,1,0,1,0,0,5.20119E+20,5.3766E+21,9.27258E+15,4.85421E+16
33139,33140,8,1,16,49,2016,7,15,6,2,6,4,0,0,0,1,1,0,0,0,5.27593E+20,5.38453E+21,9.37435E+15,4.86133E+16
33140,33141,8,2,36,65,2016,7,12,5,2,8,1,0,0,0,0,0,1,0,0,4.92177E+20,5.41318E+21,8.89332E+15,4.88715E+16
33141,33142,8,2,12,0,2016,7,15,2,3,3,2,0,0,0,1,0,1,0,0,4.52809E+20,5.42931E+21,8.35461E+15,4.90148E+16
33142,33143,8,1,19,84,2016,7,17,5,3,2,6,0,0,0,1,0,0,0,0,5.45736E+20,5.41173E+21,9.62352E+15,4.88569E+16
33143,33144,8,1,11,0,2016,7,16,5,3,3,6,0,0,0,0,0,0,1,1,5.12723E+20,5.4053E+21,9.17326E+15,4.88005E+16
33144,33145,8,2,35,8,2016,7,13,6,3,0,6,0,0,0,1,0,0,1,0,4.84862E+20,5.40029E+21,8.79403E+15,4.87554E+16
33145,33146,8,1,18,47,2016,7,14,6,3,2,6,0,0,0,1,0,0,0,0,5.07644E+20,5.42797E+21,9.10452E+15,4.90046E+16
33146,33147,8,1,36,65,2016,7,22,3,3,2,6,2,0,0,0,0,1,0,1,5.55166E+20,5.40639E+21,9.75135E+15,4.8808E+16
33147,33148,8,1,35,19,2016,7,12,5,3,5,3,0,0,1,1,0,0,0,0,5.8382E+20,5.39245E+21,1.01387E+16,4.86794E+16
33148,33149,8,2,16,17,2016,7,16,4,3,2,6,0,0,0,0,0,1,0,0,4.5213E+20,5.3998E+21,8.34879E+15,4.87493E+16
33149,33150,8,4,36,64,2016,7,8,5,3,2,6,0,0,0,1,0,0,0,0,5.46549E+20,5.29059E+21,9.62123E+15,4.7767E+16
33150,33151,8,1,15,28,2016,7,19,5,2,5,2,0,0,0,1,0,1,0,0,5.01591E+20,5.40601E+21,9.02167E+15,4.88071E+16
33151,33152,8,1,18,79,2016,7,16,4,3,2,6,0,0,0,1,0,0,0,1,5.10289E+20,5.42287E+21,9.14056E+15,4.89586E+16
33152,33153,8,4,15,78,2016,7,20,4,3,2,6,0,0,0,1,0,1,0,0,5.30345E+20,5.36864E+21,9.41054E+15,4.84701E+16
33153,33154,8,2,16,13,2016,7,17,6,2,0,1,0,0,0,0,0,1,0,0,4.51767E+20,5.38728E+21,8.34531E+15,4.86368E+16
33154,33155,8,4,37,47,2016,7,19,4,3,3,6,0,0,0,1,0,1,0,1,5.21018E+20,5.33855E+21,9.28286E+15,4.81999E+16
33155,33156,8,2,26,65,2016,7,17,6,3,2,6,0,0,0,1,0,0,0,0,4.75784E+20,5.45651E+21,8.66717E+15,4.92609E+16
33156,33157,8,1,19,79,2016,7,10,3,3,5,3,0,0,0,1,0,0,0,0,5.22551E+20,5.40762E+21,9.30722E+15,4.88212E+16
33157,33158,8,3,25,36,2016,7,11,4,3,5,3,0,0,1,1,0,0,0,0,4.51566E+20,5.34178E+21,8.34784E+15,4.82274E+16
33158,33159,8,2,12,0,2016,7,9,4,3,2,6,0,0,0,1,0,1,0,0,4.50542E+20,5.43177E+21,8.32331E+15,4.90368E+16
33159,33160,8,1,25,74,2016,7,17,4,2,4,6,0,0,0,1,0,0,0,0,5.099E+20,5.43864E+21,9.13563E+15,4.91005E+16
33160,33161,8,4,35,52,2016,7,18,5,2,4,6,0,0,1,0,0,0,0,0,5.21964E+20,5.29198E+21,9.29321E+15,4.77808E+16
33161,33162,8,1,11,0,2016,7,9,4,3,5,2,0,0,1,1,0,0,0,0,5.17157E+20,5.40683E+21,9.2337E+15,4.88143E+16
33162,33163,8,2,16,43,2016,7,21,2,3,8,6,1,0,0,1,0,0,0,1,4.44679E+20,5.41245E+21,8.24572E+15,4.88625E+16
33163,33164,8,1,11,0,2016,7,18,6,3,8,7,0,0,0,1,0,0,0,0,5.17802E+20,5.39381E+21,9.24192E+15,4.86971E+16
33164,33165,8,4,36,81,2016,7,15,3,3,2,6,0,0,0,1,0,0,0,0,5.63859E+20,5.28438E+21,9.85131E+15,4.77096E+16
33165,33166,8,3,17,31,2016,7,10,3,3,5,3,0,0,0,1,0,1,0,0,4.2055E+20,5.36123E+21,7.92661E+15,4.83992E+16
33166,33167,8,2,37,4,2016,7,17,3,3,5,3,0,0,1,1,0,0,0,0,4.54145E+20,5.37353E+21,8.3791E+15,4.85132E+16
33167,33168,8,1,16,14,2016,7,6,3,2,5,2,0,0,0,1,0,1,0,0,5.29462E+20,5.39568E+21,9.40051E+15,4.87134E+16
33168,33169,8,4,36,18,2016,7,11,2,3,2,6,0,0,0,1,0,0,0,0,5.53844E+20,5.28595E+21,9.718E+15,4.77246E+16
33169,33170,8,1,27,14,2016,7,17,2,3,2,6,0,0,0,1,0,0,0,0,5.77466E+20,5.44277E+21,1.00619E+16,4.91328E+16
33170,33171,8,2,12,0,2016,7,15,5,3,2,6,0,0,0,1,0,0,0,1,4.58763E+20,5.4266E+21,8.43631E+15,4.89909E+16
33171,33172,8,2,36,30,2016,7,15,7,2,5,3,0,0,0,1,0,0,0,0,4.75043E+20,5.41871E+21,8.65933E+15,4.89208E+16
33172,33173,8,3,11,0,2016,7,15,6,3,2,1,0,0,0,0,0,0,1,1,4.09318E+20,5.31962E+21,7.78379E+15,4.80234E+16
33173,33174,8,1,18,47,2016,7,12,3,2,5,2,0,0,0,1,0,1,0,0,5.07152E+20,5.42673E+21,9.09777E+15,4.89934E+16
33174,33175,8,1,15,45,2016,7,15,5,3,2,7,0,0,0,1,0,0,0,1,4.97642E+20,5.39424E+21,8.96795E+15,4.87011E+16
33175,33176,8,1,36,2,2016,7,8,2,2,0,1,0,0,1,0,0,0,0,0,5.6498E+20,5.41863E+21,9.88694E+15,4.89172E+16
33176,33177,8,4,35,36,2016,7,13,1,3,0,1,0,0,1,0,0,0,0,0,5.19978E+20,5.28236E+21,9.26625E+15,4.76943E+16
33177,33178,8,3,37,116,2016,7,2,1,3,9,1,2,0,0,1,0,0,0,0,4.18256E+20,5.27474E+21,7.91211E+15,4.76209E+16
33178,33179,8,1,19,67,2016,7,7,4,3,0,2,0,0,1,1,0,0,0,0,5.39329E+20,5.40587E+21,9.53561E+15,4.88046E+16
33179,33180,8,1,17,10,2016,7,22,7,3,8,6,2,0,0,1,0,0,0,1,5.66094E+20,5.39134E+21,9.89776E+15,4.86716E+16
33180,33181,8,2,35,46,2016,7,19,3,2,5,3,0,0,0,1,0,0,0,0,4.80638E+20,5.37753E+21,8.73764E+15,4.85506E+16
33181,33182,8,2,26,103,2016,7,21,1,3,5,3,0,0,1,1,0,0,0,0,4.6917E+20,5.4557E+21,8.57634E+15,4.92533E+16
33182,33183,8,1,25,26,2016,7,12,1,2,3,2,0,0,0,1,0,1,0,0,4.92717E+20,5.44113E+21,8.90018E+15,4.9123E+16
33183,33184,8,1,15,21,2016,7,22,3,3,2,6,2,1,0,1,0,0,0,0,4.92155E+20,5.38327E+21,8.89359E+15,4.86025E+16
33184,33185,8,4,17,31,2016,7,21,7,3,1,7,1,0,0,1,0,1,0,0,4.98273E+20,5.3555E+21,8.97669E+15,4.83527E+16
33185,33186,8,4,25,84,2016,7,14,7,2,2,1,0,0,0,1,0,1,0,0,5.59081E+20,5.37444E+21,9.80009E+15,4.85203E+16
33186,33187,8,3,17,65,2016,7,13,6,3,2,6,0,0,0,1,0,0,0,0,4.17188E+20,5.35482E+21,7.88245E+15,4.83411E+16
33187,33188,8,2,15,21,2016,7,8,4,3,2,6,0,0,0,0,0,0,1,0,4.68653E+20,5.44577E+21,8.57001E+15,4.91639E+16
33188,33189,8,3,37,97,2016,7,12,6,2,9,1,0,0,0,0,0,1,0,0,4.32795E+20,5.28922E+21,8.10335E+15,4.77528E+16
33189,33190,8,1,15,52,2016,7,15,3,2,0,1,0,0,0,0,0,1,0,0,4.92586E+20,5.41126E+21,8.89894E+15,4.88543E+16
33190,33191,8,3,17,96,2016,7,16,2,3,2,6,0,1,0,1,0,0,0,0,4.24184E+20,5.364E+21,7.97519E+15,4.84246E+16
33191,33192,8,1,17,12,2016,7,22,4,2,6,7,2,1,0,1,1,0,0,0,5.46163E+20,5.38764E+21,9.62664E+15,4.86401E+16
33192,33193,8,1,19,69,2016,7,6,2,3,9,1,1,0,0,1,0,0,0,1,5.32906E+20,5.43084E+21,9.45015E+15,4.90296E+16
33193,33194,8,1,11,0,2016,7,14,4,3,2,6,0,0,0,1,0,0,0,0,5.13241E+20,5.40375E+21,9.18026E+15,4.87866E+16
33194,33195,8,2,15,21,2016,7,9,2,2,2,6,0,0,0,1,0,1,0,0,4.68524E+20,5.44545E+21,8.56826E+15,4.91611E+16
33195,33196,8,4,36,8,2016,7,16,3,3,5,3,0,0,1,1,0,0,0,0,5.45516E+20,5.30869E+21,9.60934E+15,4.79299E+16
33196,33197,8,1,26,46,2016,7,16,2,2,4,1,0,1,0,1,0,0,0,0,5.49675E+20,5.45725E+21,9.6828E+15,4.9266E+16
33197,33198,8,1,15,50,2016,7,20,4,3,5,3,0,0,0,1,0,0,0,0,4.90934E+20,5.39964E+21,8.87667E+15,4.87497E+16
33198,33199,8,1,16,77,2016,7,16,7,3,2,6,0,0,0,1,0,0,0,0,5.15014E+20,5.39018E+21,9.2039E+15,4.86645E+16
33199,33200,8,2,26,91,2016,7,22,3,2,8,1,2,1,0,1,0,0,0,0,4.94669E+20,5.46079E+21,8.92667E+15,4.92998E+16
33200,33201,8,2,16,43,2016,7,15,1,3,2,6,0,0,0,1,0,0,0,0,4.42133E+20,5.41212E+21,8.21106E+15,4.88593E+16
33201,33202,8,1,18,47,2016,7,10,1,2,5,3,0,0,1,1,0,0,0,0,5.07692E+20,5.42752E+21,9.10517E+15,4.90005E+16
33202,33203,8,4,35,13,2016,7,8,2,3,2,6,0,0,0,1,0,0,0,0,5.39833E+20,5.27561E+21,9.53024E+15,4.76327E+16
33203,33204,8,4,17,79,2016,7,12,7,2,5,3,0,0,0,1,0,0,0,1,4.99998E+20,5.34689E+21,8.99997E+15,4.82752E+16
33204,33205,8,1,27,47,2016,7,10,7,3,8,1,0,0,0,0,0,1,0,0,5.6182E+20,5.45423E+21,9.84925E+15,4.92377E+16
33205,33206,8,2,26,96,2016,7,17,4,3,0,3,0,0,1,0,0,0,0,1,4.75717E+20,5.4884E+21,8.66431E+15,4.95477E+16
33206,33207,8,3,15,16,2016,7,17,2,3,4,6,0,0,0,1,0,0,0,0,4.27714E+20,5.30844E+21,8.03236E+15,4.79252E+16
33207,33208,8,4,16,41,2016,7,15,4,3,3,6,0,0,0,1,0,0,1,0,5.02466E+20,5.37201E+21,9.03339E+15,4.85012E+16
33208,33209,8,2,36,70,2016,7,14,2,3,5,3,0,0,0,1,0,1,0,0,4.70929E+20,5.41596E+21,8.60337E+15,4.88959E+16
33209,33210,8,4,15,61,2016,7,10,3,3,2,6,0,1,0,1,0,0,0,0,5.1495E+20,5.37103E+21,9.20234E+15,4.84922E+16
33210,33211,8,1,26,28,2016,7,4,5,2,4,6,2,1,0,1,0,0,0,0,5.41261E+20,5.46187E+21,9.56763E+15,4.93081E+16
33211,33212,8,3,15,37,2016,7,19,7,3,5,2,0,0,0,1,0,0,0,0,4.32366E+20,5.30221E+21,8.09559E+15,4.78697E+16
33212,33213,8,4,15,78,2016,7,14,2,3,5,3,0,0,0,1,0,0,0,1,5.34706E+20,5.37022E+21,9.46966E+15,4.84842E+16