FID,OBJECTID,ULAND,UREGBEZ,UKREIS,UGEMEINDE,UJAHR,UMONAT,USTUNDE,UWOCHENTAG,UKATEGORIE,UART,UTYP1,ULICHTVERH,IstStrasse,IstRad,IstPKW,IstFuss,IstKrad,IstGkfz,IstSonstig,LINREFX,LINREFY,XGCSWGS84,YGCSWGS84
33394,33395,8,1,35,20,2016,7,12,1,3,0,3,0,0,0,1,0,0,0,0,5.85032E+20,5.38092E+21,1.01528E+16,4.85756E+16
33395,33396,8,2,12,0,2016,7,8,2,3,2,2,0,0,0,1,0,0,0,0,4.55243E+20,5.42927E+21,8.3879E+15,4.90147E+16
33396,33397,8,2,36,71,2016,7,21,3,3,8,1,2,1,0,0,0,0,0,1,4.67418E+20,5.4202E+21,8.55512E+15,4.89339E+16
33397,33398,8,1,15,28,2016,7,8,1,2,2,6,0,0,0,1,0,0,0,0,5.00132E+20,5.40344E+21,9.0018E+15,4.8784E+16
33398,33399,8,2,26,96,2016,7,19,7,3,0,7,0,0,0,0,0,1,0,0,4.77372E+20,5.48769E+21,8.68722E+15,4.95414E+16
33399,33400,8,3,35,43,2016,7,12,6,3,2,2,0,0,0,1,0,1,0,0,5.13185E+20,5.28044E+21,9.17566E+15,4.76772E+16
33400,33401,8,1,18,19,2016,7,17,3,3,2,6,0,0,0,1,0,0,0,0,5.02308E+20,5.40506E+21,9.03143E+15,4.87986E+16
33401,33402,8,1,15,28,2016,7,17,5,3,2,6,0,0,0,1,0,0,0,0,4.98564E+20,5.40383E+21,8.98045E+15,4.87875E+16
33402,33403,8,1,36,27,2016,7,15,2,2,4,6,0,0,0,1,0,0,1,0,5.54242E+20,5.42145E+21,9.74076E+15,4.89436E+16
33403,33404,8,4,35,52,2016,7,2,1,3,9,1,2,0,0,1,0,0,0,0,5.21276E+20,5.28721E+21,9.28379E+15,4.7738E+16
33404,33405,8,3,36,57,2016,7,14,1,3,2,6,0,0,0,1,0,0,0,0,4.08538E+20,5.27802E+21,7.78212E+15,4.76491E+16
33405,33406,8,1,19,79,2016,7,9,4,2,0,1,0,0,0,0,0,0,0,1,5.22926E+20,5.41523E+21,9.31275E+15,4.88896E+16
33406,33407,8,4,36,49,2016,7,20,6,3,5,3,0,0,0,1,0,1,0,0,5.77988E+20,5.28348E+21,1.00395E+16,4.77E+16
33407,33408,8,2,36,4,2016,7,5,3,3,2,6,0,0,0,1,0,0,0,0,4.74231E+20,5.4141E+21,8.64853E+15,4.88793E+16
33408,33409,8,2,26,82,2016,7,14,1,2,4,2,0,0,0,1,0,1,0,0,4.79439E+20,5.48021E+21,8.71618E+15,4.94742E+16
33409,33410,8,1,25,26,2016,7,0,1,2,9,1,2,0,0,1,0,0,0,0,4.89415E+20,5.44614E+21,8.85479E+15,4.9168E+16
33410,33411,8,1,11,0,2016,7,9,3,3,2,6,0,0,0,1,0,0,0,0,5.12535E+20,5.40805E+21,9.17079E+15,4.88253E+16
33411,33412,8,3,37,96,2016,7,11,7,3,9,1,0,0,0,0,0,1,0,0,4.24026E+20,5.27184E+21,7.98939E+15,4.75955E+16
33412,33413,8,1,28,131,2016,7,14,7,3,5,3,0,0,0,1,0,0,0,0,5.33526E+20,5.50973E+21,9.46528E+15,4.97391E+16
33413,33414,8,3,36,45,2016,7,13,6,2,8,1,0,0,0,1,0,0,0,0,3.96558E+20,5.2856E+21,7.62085E+15,4.77155E+16
33414,33415,8,2,35,29,2016,7,12,4,3,5,7,0,1,1,1,0,0,0,0,4.87423E+20,5.39359E+21,8.82909E+15,4.86952E+16
33415,33416,8,3,35,43,2016,7,19,6,2,0,7,0,0,1,0,0,0,0,0,5.14525E+20,5.28153E+21,9.19355E+15,4.7687E+16
33416,33417,8,1,16,47,2016,7,18,3,3,2,6,0,0,0,1,0,0,0,0,5.20909E+20,5.39385E+21,9.28415E+15,4.86973E+16
33417,33418,8,3,17,96,2016,7,13,2,3,0,7,0,0,1,0,0,0,0,0,4.21817E+20,5.36885E+21,7.9423E+15,4.84679E+16
33418,33419,8,4,17,2,2016,7,17,4,2,5,3,0,0,1,1,0,0,0,0,4.89143E+20,5.34697E+21,8.85367E+15,4.82758E+16
33419,33420,8,1,18,81,2016,7,7,2,3,2,6,0,0,0,1,0,0,0,0,5.19731E+20,5.41376E+21,9.26909E+15,4.88765E+16
33420,33421,8,4,35,45,2016,7,15,7,2,0,1,0,0,0,0,0,1,0,0,5.36009E+20,5.28756E+21,9.48033E+15,4.77404E+16
33421,33422,8,2,16,23,2016,7,17,7,2,5,3,0,0,1,1,0,0,0,0,4.36102E+20,5.40884E+21,8.12935E+15,4.88292E+16
33422,33423,8,1,15,45,2016,7,5,7,3,9,1,1,0,0,1,0,0,0,0,5.00782E+20,5.39348E+21,9.01063E+15,4.86943E+16
33423,33424,8,3,36,96,2016,7,17,6,2,8,1,0,0,0,0,0,1,0,0,4.16588E+20,5.29945E+21,7.88518E+15,4.7843E+16
33424,33425,8,3,25,49,2016,7,8,6,3,2,5,0,0,1,1,0,0,0,0,4.72218E+20,5.33187E+21,8.62656E+15,4.81395E+16
33425,33426,8,1,19,89,2016,7,18,3,3,5,3,0,0,0,1,0,0,0,1,5.35971E+20,5.41092E+21,9.49032E+15,4.88502E+16
33426,33427,8,4,36,64,2016,7,7,4,3,8,1,0,1,0,1,0,0,0,0,5.47302E+20,5.28802E+21,9.63099E+15,4.77438E+16
33427,33428,8,1,19,79,2016,7,12,2,3,2,6,0,0,0,1,0,0,1,0,5.21871E+20,5.40761E+21,9.29795E+15,4.8821E+16
33428,33429,8,1,15,42,2016,7,16,4,3,2,6,0,0,0,1,0,0,0,0,4.93587E+20,5.40678E+21,8.91264E+15,4.8814E+16
33429,33430,8,4,35,59,2016,7,17,6,3,0,7,0,0,1,0,0,0,0,0,5.13131E+20,5.29095E+21,9.17525E+15,4.77718E+16
33430,33431,8,2,22,0,2016,7,19,3,3,4,6,1,1,1,1,0,0,0,0,4.62457E+20,5.48749E+21,8.48109E+15,4.95389E+16
33431,33432,8,2,15,9,2016,7,15,1,3,5,2,0,0,0,1,0,0,0,1,4.70966E+20,5.44225E+21,8.602E+15,4.91324E+16
33432,33433,8,1,11,0,2016,7,11,1,3,4,7,0,0,0,0,0,1,0,1,5.1522E+20,5.40544E+21,9.20727E+15,4.88018E+16
33433,33434,8,4,35,66,2016,7,15,2,2,0,1,0,0,0,1,0,0,0,0,5.1797E+20,5.28539E+21,9.23961E+15,4.77216E+16
33434,33435,8,3,26,27,2016,7,18,7,1,4,6,0,0,0,1,0,1,0,0,4.60379E+20,5.30302E+21,8.47009E+15,4.78793E+16
33435,33436,8,1,25,8,2016,7,18,7,2,5,3,0,0,0,0,0,1,0,0,5.27063E+20,5.43554E+21,9.37053E+15,4.90721E+16
33436,33437,8,2,21,0,2016,7,22,4,3,1,6,2,0,0,1,0,0,0,0,4.76621E+20,5.472E+21,8.67777E+15,4.94003E+16
33437,33438,8,3,15,6,2016,7,8,2,3,5,2,0,0,0,1,0,0,0,1,3.99775E+20,5.31113E+21,7.65782E+15,4.79457E+16
33438,33439,8,4,15,93,2016,7,18,4,2,9,1,0,1,0,1,0,0,0,0,5.28432E+20,5.36187E+21,9.3842E+15,4.84093E+16
33439,33440,8,2,36,65,2016,7,15,2,3,2,2,0,0,0,1,0,0,1,0,4.89255E+20,5.41548E+21,8.85341E+15,4.88922E+16
33440,33441,8,3,35,43,2016,7,12,3,3,2,6,0,1,0,1,0,0,0,0,5.14867E+20,5.28025E+21,9.19806E+15,4.76755E+16
33441,33442,8,1,21,0,2016,7,18,5,2,6,4,0,0,0,1,1,0,0,0,5.16541E+20,5.44237E+21,9.22676E+15,4.91339E+16
33442,33443,8,2,11,0,2016,7,16,2,3,2,1,0,1,0,1,0,0,0,0,4.39588E+20,5.40608E+21,8.17725E+15,4.88048E+16
33443,33444,8,4,36,85,2016,7,15,3,3,2,6,0,1,0,1,0,0,0,0,5.59275E+20,5.29625E+21,9.79182E+15,4.78168E+16
33444,33445,8,4,35,57,2016,7,7,6,3,2,6,0,0,0,1,0,0,0,0,5.44512E+20,5.27985E+21,9.59295E+15,4.76705E+16
33445,33446,8,2,26,82,2016,7,14,3,2,8,1,0,0,0,0,0,1,0,0,4.81639E+20,5.48112E+21,8.74651E+15,4.94825E+16
33446,33447,8,4,17,22,2016,7,19,2,2,0,1,0,0,1,0,0,0,0,0,4.8591E+20,5.34849E+21,8.81005E+15,4.82895E+16
33447,33448,8,1,15,3,2016,7,17,2,3,2,6,0,0,0,1,0,0,0,0,4.98379E+20,5.39281E+21,8.97797E+15,4.86883E+16
33448,33449,8,2,11,0,2016,7,9,4,3,2,6,0,0,0,1,0,0,0,0,4.42053E+20,5.40824E+21,8.21052E+15,4.88245E+16
33449,33450,8,2,26,85,2016,7,7,2,3,2,6,0,0,0,1,0,0,0,1,4.88557E+20,5.45572E+21,8.84275E+15,4.92541E+16
33450,33451,8,3,27,18,2016,7,17,4,3,8,1,0,1,0,1,0,0,1,0,4.7615E+20,5.3068E+21,8.6808E+15,4.7914E+16
33451,33452,8,2,15,17,2016,7,19,2,3,2,1,0,0,0,1,0,1,0,0,4.57176E+20,5.42216E+21,8.41508E+15,4.89508E+16
33452,33453,8,3,25,12,2016,7,19,3,2,8,1,0,0,1,0,0,0,0,0,4.64517E+20,5.35621E+21,8.52101E+15,4.83581E+16
33453,33454,8,1,18,48,2016,7,18,5,3,1,6,0,0,0,1,0,0,0,0,5.12786E+20,5.41528E+21,9.17442E+15,4.88904E+16
33454,33455,8,2,35,8,2016,7,13,7,3,8,1,0,0,0,1,0,0,0,0,4.80002E+20,5.4047E+21,8.72771E+15,4.87949E+16
33455,33456,8,3,25,57,2016,7,5,6,3,9,1,0,0,0,1,0,0,0,0,4.72495E+20,5.35641E+21,8.62868E+15,4.83603E+16
33456,33457,8,2,15,17,2016,7,22,3,2,7,7,2,1,0,0,0,1,0,0,4.56249E+20,5.41787E+21,8.40288E+15,4.89122E+16
33457,33458,8,1,16,78,2016,7,6,5,3,0,1,0,1,0,0,0,1,0,0,5.13005E+20,5.39305E+21,9.17671E+15,4.86904E+16
33458,33459,8,1,36,27,2016,7,12,2,3,6,4,0,0,0,1,1,0,0,0,5.54077E+20,5.42045E+21,9.73838E+15,4.89346E+16
33459,33460,8,4,35,59,2016,7,11,1,3,5,3,0,0,1,1,0,0,0,0,5.15038E+20,5.29101E+21,9.20072E+15,4.77723E+16
33460,33461,8,3,37,2,2016,7,0,1,2,8,1,2,0,0,0,0,1,0,0,4.32535E+20,5.27532E+21,8.10203E+15,4.76278E+16
33461,33462,8,1,25,65,2016,7,15,4,3,5,3,0,0,1,1,0,0,0,0,5.16039E+20,5.44749E+21,9.22008E+15,4.918E+16
33462,33463,8,2,31,0,2016,7,15,7,2,3,6,0,0,0,1,0,0,0,0,4.74192E+20,5.4174E+21,8.6478E+15,4.8909E+16
33463,33464,8,3,35,21,2016,7,14,2,3,2,6,0,0,0,1,0,1,0,0,4.92652E+20,5.30045E+21,8.90177E+15,4.78574E+16
33464,33465,8,1,11,0,2016,7,16,2,3,3,6,0,0,0,1,0,1,0,0,5.15354E+20,5.40508E+21,9.20907E+15,4.87985E+16
33465,33466,8,4,37,5,2016,7,13,1,2,2,6,0,0,0,0,0,1,0,0,5.00356E+20,5.32411E+21,9.00477E+15,4.80702E+16
33466,33467,8,1,18,78,2016,7,7,4,3,2,6,0,0,0,1,0,0,0,0,5.14289E+20,5.42104E+21,9.19513E+15,4.89422E+16
33467,33468,8,3,17,102,2016,7,12,1,3,3,6,0,0,1,1,0,0,0,0,4.40687E+20,5.3767E+21,8.19643E+15,4.85406E+16
33468,33469,8,3,17,57,2016,7,10,4,3,0,1,0,1,0,0,0,1,0,0,4.12856E+20,5.37384E+21,7.82006E+15,4.85117E+16
33469,33470,8,2,11,0,2016,7,15,2,2,2,6,0,0,0,1,0,0,0,0,4.36695E+20,5.40654E+21,8.13779E+15,4.88086E+16
33470,33471,8,2,12,0,2016,7,9,3,3,5,3,0,0,0,1,0,0,1,0,4.58326E+20,5.42688E+21,8.43031E+15,4.89934E+16
33471,33472,8,2,12,0,2016,7,0,1,3,5,3,2,0,0,1,0,0,0,0,4.57896E+20,5.42795E+21,8.42432E+15,4.9003E+16
33472,33473,8,1,15,15,2016,7,13,1,2,5,3,0,0,0,1,0,1,0,0,4.92113E+20,5.38689E+21,8.89295E+15,4.8635E+16
33473,33474,8,4,35,34,2016,7,19,7,3,0,3,1,0,1,1,0,0,0,0,5.29672E+20,5.28503E+21,9.39562E+15,4.77179E+16
33474,33475,8,2,16,24,2016,7,21,7,3,9,1,0,0,0,1,0,0,0,0,4.45314E+20,5.40583E+21,8.25526E+15,4.88031E+16
33475,33476,8,1,15,45,2016,7,15,7,3,2,6,0,0,0,1,0,1,0,0,5.05231E+20,5.39691E+21,9.07113E+15,4.87252E+16
33476,33477,8,3,26,12,2016,7,7,6,2,4,2,0,0,0,1,0,1,0,0,4.61749E+20,5.31072E+21,8.48773E+15,4.79487E+16
33477,33478,8,1,35,21,2016,7,16,3,3,4,2,0,1,0,1,0,0,0,0,5.9301E+20,5.38391E+21,1.02616E+16,4.86014E+16
33478,33479,8,1,11,0,2016,7,13,5,3,2,6,0,0,0,1,0,0,0,0,5.12848E+20,5.40581E+21,9.17498E+15,4.88052E+16
33479,33480,8,1,19,24,2016,7,8,2,2,8,1,0,0,0,1,0,0,0,0,5.37715E+20,5.4338E+21,9.51621E+15,4.90559E+16
33480,33481,8,1,18,47,2016,7,17,4,3,2,6,0,0,0,1,0,0,0,0,5.0765E+20,5.42801E+21,9.1046E+15,4.90049E+16
33481,33482,8,4,36,52,2016,7,10,6,3,5,3,0,0,0,1,0,0,0,1,5.66701E+20,5.2913E+21,9.89025E+15,4.77716E+16
33482,33483,8,2,25,64,2016,7,12,3,3,0,1,0,0,1,0,0,0,0,0,5.05708E+20,5.47249E+21,9.07868E+15,4.94051E+16
33483,33484,8,4,26,66,2016,7,19,6,3,8,2,0,0,1,1,0,0,0,0,5.84984E+20,5.32488E+21,1.01408E+16,4.80715E+16
33484,33485,8,2,35,57,2016,7,19,3,3,2,6,0,0,0,1,0,0,0,0,4.88307E+20,5.39414E+21,8.84109E+15,4.87001E+16
33485,33486,8,2,31,0,2016,7,11,1,3,4,3,0,0,1,1,0,0,0,0,4.75553E+20,5.41521E+21,8.66649E+15,4.88894E+16
33486,33487,8,1,26,11,2016,7,17,1,2,4,1,0,0,0,1,0,0,0,0,5.33391E+20,5.44539E+21,9.45799E+15,4.91605E+16
33487,33488,8,4,26,120,2016,7,15,7,3,3,6,0,0,0,1,0,1,0,0,5.64398E+20,5.32437E+21,9.86446E+15,4.80693E+16
33488,33489,8,1,36,10,2016,7,12,7,2,8,1,0,0,0,0,0,1,0,0,5.97231E+20,5.416E+21,1.03264E+16,4.88893E+16
33489,33490,8,3,15,33,2016,7,7,6,2,4,6,0,0,0,0,0,0,1,1,3.97501E+20,5.30594E+21,7.6286E+15,4.78986E+16
33490,33491,8,3,11,0,2016,7,12,4,3,0,1,0,1,0,0,0,1,0,0,4.14605E+20,5.31781E+21,7.85505E+15,4.80078E+16
33491,33492,8,3,27,18,2016,7,10,6,2,5,3,0,0,0,1,0,0,1,0,4.75441E+20,5.30754E+21,8.67127E+15,4.79207E+16
33492,33493,8,1,19,85,2016,7,16,3,2,5,3,0,0,0,1,0,0,0,0,5.29829E+20,5.41258E+21,9.40673E+15,4.88654E+16
33493,33494,8,2,37,19,2016,7,17,2,2,5,3,0,0,0,1,0,0,0,0,4.64778E+20,5.36854E+21,8.52349E+15,4.8469E+16
33494,33495,8,4,35,57,2016,7,14,4,3,2,6,0,1,0,1,0,0,0,0,5.43016E+20,5.27921E+21,9.57296E+15,4.76649E+16
33495,33496,8,1,19,41,2016,7,10,2,3,4,2,0,0,0,1,0,0,0,0,5.25933E+20,5.4098E+21,9.35343E+15,4.88407E+16
33496,33497,8,1,11,0,2016,7,18,4,3,5,3,0,0,1,1,0,0,0,0,5.15309E+20,5.39943E+21,9.20825E+15,4.87477E+16
33497,33498,8,4,26,21,2016,7,0,6,3,1,1,2,0,0,1,0,0,0,1,5.57744E+20,5.3271E+21,9.77552E+15,4.80946E+16
33498,33499,8,2,22,0,2016,7,8,3,3,2,6,0,0,0,1,0,0,0,0,4.63033E+20,5.48303E+21,8.48947E+15,4.94988E+16
33499,33500,8,2,12,0,2016,7,17,1,3,0,1,0,0,0,0,0,1,0,0,4.62405E+20,5.42838E+21,8.48593E+15,4.90072E+16
33500,33501,8,4,36,64,2016,7,13,7,3,2,6,0,0,0,1,0,0,0,0,5.43936E+20,5.2907E+21,9.58637E+15,4.77681E+16
33501,33502,8,4,25,141,2016,7,7,2,3,8,1,0,0,0,0,0,1,0,0,5.65556E+20,5.36333E+21,9.88603E+15,4.84198E+16
33502,33503,8,3,17,98,2016,7,14,7,3,4,1,0,0,0,1,0,1,0,0,4.39647E+20,5.36979E+21,8.18334E+15,4.84784E+16
33503,33504,8,1,21,0,2016,7,10,7,3,5,3,0,0,1,1,0,0,0,0,5.15247E+20,5.44174E+21,9.209E+15,4.91283E+16
33504,33505,8,1,16,70,2016,7,18,2,3,5,2,0,0,0,1,0,0,0,0,5.40299E+20,5.38364E+21,9.54666E+15,4.86046E+16
33505,33506,8,2,15,21,2016,7,16,4,3,5,3,0,0,0,1,0,0,0,0,4.69976E+20,5.44332E+21,8.58834E+15,4.91419E+16
33506,33507,8,3,36,91,2016,7,17,2,2,0,1,0,0,1,0,0,0,0,0,3.94438E+20,5.27177E+21,7.59593E+15,4.75908E+16
33507,33508,8,2,22,0,2016,7,7,1,3,5,3,0,0,0,1,0,0,0,0,4.60086E+20,5.49224E+21,8.44784E+15,4.95814E+16
33508,33509,8,1,21,0,2016,7,1,1,3,0,7,2,0,1,0,0,0,0,0,5.16747E+20,5.44318E+21,9.22962E+15,4.91412E+16
33509,33510,8,4,36,82,2016,7,18,2,3,2,6,0,0,0,1,0,0,0,0,5.46216E+20,5.29732E+21,9.61751E+15,4.78276E+16
33510,33511,8,3,26,52,2016,7,17,7,3,4,3,0,0,0,1,0,0,0,0,4.53613E+20,5.33096E+21,8.37658E+15,4.81302E+16
33511,33512,8,1,28,131,2016,7,10,7,3,8,1,0,0,0,0,0,1,0,0,5.32051E+20,5.50889E+21,9.44475E+15,4.97316E+16
33512,33513,8,2,36,19,2016,7,13,4,2,8,1,0,0,0,1,0,0,0,0,4.86058E+20,5.40923E+21,8.81001E+15,4.88359E+16
33513,33514,8,3,26,17,2016,7,23,6,3,4,6,2,0,0,1,0,0,0,0,4.4207E+20,5.32184E+21,8.2227E+15,4.80472E+16
33514,33515,8,1,15,28,2016,7,11,3,3,3,2,0,0,1,1,0,0,0,0,4.99797E+20,5.40487E+21,8.99723E+15,4.87968E+16
33515,33516,8,3,17,96,2016,7,16,2,2,8,1,0,1,0,1,0,0,0,0,4.22054E+20,5.37716E+21,7.94396E+15,4.85427E+16
33516,33517,8,4,15,61,2016,7,10,4,2,2,6,0,0,0,1,0,0,0,1,5.16049E+20,5.37054E+21,9.2172E+15,4.84877E+16
33517,33518,8,2,37,4,2016,7,14,2,3,2,2,0,0,0,1,0,0,0,0,4.56605E+20,5.37984E+21,8.41175E+15,4.85701E+16
33518,33519,8,4,26,21,2016,7,18,3,3,5,3,0,1,0,1,0,0,0,0,5.59232E+20,5.3262E+21,9.79537E+15,4.80863E+16
33519,33520,8,1,27,13,2016,7,8,5,2,8,1,0,1,0,0,0,1,0,0,5.66609E+20,5.42596E+21,9.91037E+15,4.89829E+16
33520,33521,8,2,21,0,2016,7,9,3,3,2,7,0,0,0,1,0,0,0,0,4.82249E+20,5.47389E+21,8.75526E+15,4.94174E+16
33521,33522,8,3,17,34,2016,7,20,7,3,5,2,0,0,1,1,0,0,0,0,4.26684E+20,5.36133E+21,8.00945E+15,4.84008E+16
33522,33523,8,4,15,91,2016,7,0,2,2,9,1,2,0,0,1,0,0,0,0,5.16062E+20,5.35698E+21,9.21686E+15,4.83658E+16
33523,33524,8,1,11,0,2016,7,22,2,3,5,2,2,0,0,1,0,1,0,0,5.10633E+20,5.39721E+21,9.14458E+15,4.87278E+16
33524,33525,8,1,15,21,2016,7,12,4,3,2,1,0,0,0,1,0,0,0,0,4.92551E+20,5.38087E+21,8.89901E+15,4.85809E+16
33525,33526,8,2,12,0,2016,7,8,2,3,2,6,0,0,0,1,0,0,0,0,4.53082E+20,5.42878E+21,8.35841E+15,4.90101E+16
33526,33527,8,3,26,68,2016,7,19,1,3,8,6,0,0,1,0,0,1,0,0,4.49229E+20,5.3232E+21,8.31859E+15,4.806E+16
33527,33528,8,3,25,72,2016,7,17,4,2,5,3,0,0,0,1,0,0,0,0,4.70558E+20,5.3287E+21,8.60446E+15,4.81109E+16
33528,33529,8,2,12,0,2016,7,17,2,2,5,3,0,0,0,1,0,0,1,0,4.55478E+20,5.42823E+21,8.39124E+15,4.90054E+16
33529,33530,8,3,11,0,2016,7,23,3,3,3,2,2,1,1,1,0,0,0,0,4.12859E+20,5.31476E+21,7.83226E+15,4.79802E+16
33530,33531,8,3,36,81,2016,7,20,4,3,9,1,0,0,0,0,0,1,0,0,4.21196E+20,5.28127E+21,7.95005E+15,4.768E+16
33531,33532,8,2,26,105,2016,7,13,2,3,3,6,0,0,1,0,0,0,1,0,4.69659E+20,5.47701E+21,8.58144E+15,4.9445E+16
33532,33533,8,3,27,10,2016,7,6,3,3,8,1,0,1,0,1,0,0,0,0,4.81169E+20,5.33019E+21,8.74695E+15,4.81247E+16
33533,33534,8,1,19,67,2016,7,8,5,3,4,6,0,1,0,0,0,0,1,1,5.39712E+20,5.40999E+21,9.54122E+15,4.88416E+16
33534,33535,8,2,15,46,2016,7,18,7,3,4,6,0,0,0,1,0,1,0,0,4.54471E+20,5.41335E+21,8.37913E+15,4.88714E+16
33535,33536,8,1,15,28,2016,7,17,5,3,2,6,0,0,0,1,0,0,0,1,5.01389E+20,5.40283E+21,9.01891E+15,4.87784E+16
33536,33537,8,1,15,28,2016,7,15,2,3,2,6,0,1,0,1,0,1,0,0,5.01213E+20,5.40295E+21,9.01651E+15,4.87796E+16
33537,33538,8,1,11,0,2016,7,19,2,3,2,2,0,0,0,1,0,0,0,0,5.11621E+20,5.40197E+21,9.15816E+15,4.87706E+16
33538,33539,8,4,25,73,2016,7,14,1,2,0,3,0,0,0,1,0,0,0,0,5.43894E+20,5.345E+21,9.59136E+15,4.82567E+16
33539,33540,8,1,35,16,2016,7,18,4,3,1,6,0,1,0,1,0,0,0,0,5.88431E+20,5.38663E+21,1.02001E+16,4.86265E+16
33540,33541,8,3,15,16,2016,7,9,1,2,8,1,0,0,0,0,0,1,0,0,4.31296E+20,5.30695E+21,8.08053E+15,4.79122E+16
33541,33542,8,3,17,150,2016,7,19,4,2,2,6,0,0,0,1,0,0,1,0,4.10222E+20,5.35465E+21,7.78851E+15,4.83386E+16
33542,33543,8,4,17,51,2016,7,16,6,3,1,2,0,0,0,1,0,1,0,0,4.9045E+20,5.35895E+21,8.87102E+15,4.83837E+16
33543,33544,8,2,12,0,2016,7,13,3,3,2,6,0,0,0,1,0,0,0,0,4.5581E+20,5.43099E+21,8.39546E+15,4.90302E+16
33544,33545,8,2,35,46,2016,7,14,1,2,4,6,0,0,0,1,0,0,0,0,4.81002E+20,5.3812E+21,8.7424E+15,4.85836E+16
33545,33546,8,1,36,66,2016,7,12,1,3,5,3,0,0,1,1,0,0,0,0,5.56925E+20,5.41479E+21,9.77647E+15,4.88834E+16
33546,33547,8,4,35,35,2016,7,18,7,3,4,6,0,0,0,1,0,0,0,0,5.39564E+20,5.28108E+21,9.52715E+15,4.76819E+16
33547,33548,8,2,15,96,2016,7,0,7,3,4,2,2,0,0,1,0,0,0,0,4.6469E+20,5.41411E+21,8.51841E+15,4.88789E+16
33548,33549,8,1,18,54,2016,7,22,7,2,5,3,2,0,0,1,0,1,0,0,5.17794E+20,5.42269E+21,9.24306E+15,4.89568E+16
33549,33550,8,3,15,3,2016,7,8,6,3,1,5,0,0,1,0,0,0,0,0,4.12472E+20,5.31163E+21,7.8277E+15,4.7952E+16
33550,33551,8,1,26,58,2016,7,18,3,2,9,1,0,0,0,1,0,0,0,1,5.44658E+20,5.45131E+21,9.61319E+15,4.9213E+16
33551,33552,8,4,35,16,2016,7,11,4,2,0,7,0,0,1,0,0,0,0,0,5.33521E+20,5.27993E+21,9.44654E+15,4.76719E+16
33552,33553,8,1,11,0,2016,7,16,7,3,3,6,0,0,0,1,0,1,0,0,5.09416E+20,5.39826E+21,9.12806E+15,4.87372E+16
33553,33554,8,2,35,85,2016,7,21,6,3,4,2,2,0,0,1,0,0,0,0,4.82345E+20,5.39452E+21,8.76004E+15,4.87034E+16
33554,33555,8,4,25,5,2016,7,11,5,3,9,6,0,1,0,1,0,0,0,0,5.75943E+20,5.38303E+21,1.003E+16,4.85957E+16
33555,33556,8,1,11,0,2016,7,10,2,3,2,6,0,0,0,1,0,1,0,0,5.13185E+20,5.40351E+21,9.17949E+15,4.87845E+16
33556,33557,8,3,11,0,2016,7,12,1,3,2,6,0,0,0,1,0,0,0,0,4.11578E+20,5.3238E+21,7.81324E+15,4.80614E+16
33557,33558,8,1,21,0,2016,7,17,1,3,2,6,0,0,0,1,0,0,0,0,5.15313E+20,5.44804E+21,9.21014E+15,4.9185E+16
33558,33559,8,1,17,26,2016,7,8,3,3,5,3,0,0,0,1,0,0,0,1,5.47654E+20,5.39437E+21,9.64765E+15,4.87006E+16
33559,33560,8,4,35,29,2016,7,16,3,3,5,3,0,0,1,0,0,1,0,0,5.45335E+20,5.27118E+21,9.60301E+15,4.75924E+16
33560,33561,8,3,17,57,2016,7,11,3,3,2,6,0,0,0,1,0,0,0,0,4.13403E+20,5.38102E+21,7.82597E+15,4.85763E+16
33561,33562,8,1,25,5,2016,7,10,6,3,5,3,0,0,0,1,0,0,0,0,5.16468E+20,5.45535E+21,9.22628E+15,4.92507E+16
33562,33563,8,4,17,79,2016,7,21,2,2,9,1,0,0,0,0,0,1,0,0,4.96699E+20,5.3449E+21,8.95552E+15,4.82573E+16
33563,33564,8,4,35,45,2016,7,9,7,3,2,6,0,0,0,1,0,0,0,0,5.35669E+20,5.28736E+21,9.47577E+15,4.77386E+16
33564,33565,8,3,17,26,2016,7,16,7,2,5,3,0,0,0,1,0,1,0,0,4.11977E+20,5.34651E+21,7.81388E+15,4.82657E+16
33565,33566,8,2,12,0,2016,7,12,7,3,5,3,0,0,0,1,0,0,0,0,4.66433E+20,5.42311E+21,8.54144E+15,4.896E+16
33566,33567,8,3,26,74,2016,7,17,6,2,8,1,0,0,1,0,0,0,0,0,4.60886E+20,5.32327E+21,8.47503E+15,4.80615E+16
33567,33568,8,1,17,2,2016,7,16,5,2,5,3,0,0,0,1,0,0,1,0,5.40689E+20,5.38714E+21,9.55229E+15,4.8636E+16
33568,33569,8,2,12,0,2016,7,7,3,3,5,3,0,0,1,1,0,0,0,0,4.55774E+20,5.43136E+21,8.39494E+15,4.90335E+16
33569,33570,8,1,36,82,2016,7,14,6,3,2,6,0,0,0,1,0,0,0,1,5.88464E+20,5.41423E+21,1.02065E+16,4.88747E+16
33570,33571,8,2,25,33,2016,7,16,2,3,5,2,0,0,1,1,0,0,0,0,5.10064E+20,5.46229E+21,9.13847E+15,4.93133E+16
33571,33572,8,3,37,96,2016,7,19,5,3,2,6,0,0,0,1,0,0,0,0,4.20256E+20,5.26735E+21,7.94006E+15,4.75546E+16
33572,33573,8,4,16,41,2016,7,12,1,3,5,3,0,0,1,1,0,0,0,0,5.05406E+20,5.37336E+21,9.0732E+15,4.85133E+16
33573,33574,8,1,11,0,2016,7,12,3,3,2,6,0,0,0,1,0,1,0,0,5.12306E+20,5.40224E+21,9.16749E+15,4.8773E+16
33574,33575,8,4,26,117,2016,7,20,2,2,9,1,0,0,0,1,0,0,0,0,5.83901E+20,5.3195E+21,1.01253E+16,4.80232E+16
33575,33576,8,1,11,0,2016,7,13,3,3,2,6,0,0,0,1,0,0,0,0,5.11385E+20,5.40568E+21,9.15505E+15,4.8804E+16