FID,OBJECTID,ULAND,UREGBEZ,UKREIS,UGEMEINDE,UJAHR,UMONAT,USTUNDE,UWOCHENTAG,UKATEGORIE,UART,UTYP1,ULICHTVERH,IstStrasse,IstRad,IstPKW,IstFuss,IstKrad,IstGkfz,IstSonstig,LINREFX,LINREFY,XGCSWGS84,YGCSWGS84
33576,33577,8,4,25,141,2016,7,18,3,3,2,6,0,0,0,1,0,0,0,0,5.67006E+20,5.36366E+21,9.90568E+15,4.84225E+16
33577,33578,8,4,37,107,2016,7,16,1,2,8,1,0,0,0,0,0,1,0,0,5.06677E+20,5.32873E+21,9.0897E+15,4.81118E+16
33578,33579,8,1,15,16,2016,7,19,3,3,5,7,0,0,1,1,0,0,0,0,4.89701E+20,5.37728E+21,8.86045E+15,4.85486E+16
33579,33580,8,4,26,14,2016,7,12,3,3,5,3,0,0,0,1,0,1,0,0,5.48171E+20,5.31743E+21,9.64587E+15,4.80083E+16
33580,33581,8,3,15,13,2016,7,17,3,2,5,3,0,0,0,0,0,1,1,0,4.06325E+20,5.32506E+21,7.74247E+15,4.80719E+16
33581,33582,8,1,25,8,2016,7,17,6,3,4,6,0,0,0,1,0,0,0,1,5.25675E+20,5.43458E+21,9.35147E+15,4.90636E+16
33582,33583,8,3,16,20,2016,7,19,2,3,4,6,0,0,0,1,0,0,0,0,4.04815E+20,5.33897E+21,7.7191E+15,4.81968E+16
33583,33584,8,4,15,53,2016,7,15,7,3,2,2,0,0,0,1,0,1,0,0,5.37578E+20,5.35156E+21,9.50687E+15,4.83161E+16
33584,33585,8,3,11,0,2016,7,15,7,3,5,2,0,0,1,1,0,0,0,0,4.12416E+20,5.31535E+21,7.8262E+15,4.79854E+16
33585,33586,8,1,27,46,2016,7,6,7,3,5,3,0,0,0,1,0,0,0,0,5.72324E+20,5.45114E+21,9.99297E+15,4.92088E+16
33586,33587,8,3,15,76,2016,7,5,6,2,3,6,0,0,0,0,0,0,1,1,3.92187E+20,5.29765E+21,7.5596E+15,4.78232E+16
33587,33588,8,1,36,65,2016,7,14,3,3,2,6,0,0,0,1,0,0,0,0,5.579E+20,5.4056E+21,9.78846E+15,4.88007E+16
33588,33589,8,2,16,7,2016,7,16,2,3,5,3,0,0,1,1,0,0,0,0,4.36258E+20,5.39438E+21,8.13372E+15,4.86992E+16
33589,33590,8,3,37,126,2016,7,14,5,3,8,7,0,0,0,0,0,0,1,0,4.48594E+20,5.27733E+21,8.31552E+15,4.76473E+16
33590,33591,8,1,25,24,2016,7,7,2,3,2,6,0,0,0,1,0,0,0,0,5.23337E+20,5.44406E+21,9.32002E+15,4.91489E+16
33591,33592,8,4,35,16,2016,7,7,2,3,5,3,0,0,1,1,0,0,0,0,5.3238E+20,5.27902E+21,9.43127E+15,4.76638E+16
33592,33593,8,3,11,0,2016,7,8,3,3,1,1,0,0,0,1,0,0,0,0,4.09374E+20,5.31971E+21,7.78453E+15,4.80243E+16
33593,33594,8,2,36,30,2016,7,18,3,3,5,3,0,0,0,1,0,0,0,0,4.75035E+20,5.41873E+21,8.65922E+15,4.8921E+16
33594,33595,8,1,19,69,2016,7,15,7,2,0,1,0,0,0,0,0,1,0,0,5.32739E+20,5.43465E+21,9.44818E+15,4.90639E+16
33595,33596,8,2,15,46,2016,7,23,3,1,9,7,2,0,1,0,0,0,0,0,4.52943E+20,5.41613E+21,8.35797E+15,4.88964E+16
33596,33597,8,2,12,0,2016,7,16,2,3,2,6,0,0,0,1,0,0,0,0,4.59894E+20,5.428E+21,8.45163E+15,4.90036E+16
33597,33598,8,3,36,45,2016,7,13,7,3,3,2,0,0,0,0,0,1,0,1,3.97532E+20,5.28553E+21,7.63385E+15,4.7715E+16
33598,33599,8,1,26,85,2016,7,12,6,3,4,2,0,0,0,1,0,0,0,0,5.47915E+20,5.45123E+21,9.65789E+15,4.9212E+16
33599,33600,8,1,21,0,2016,7,14,7,2,8,1,0,0,1,0,0,0,0,0,5.16504E+20,5.44549E+21,9.22638E+15,4.9162E+16
33600,33601,8,3,36,87,2016,7,7,1,3,8,1,0,0,0,1,0,0,0,0,4.20546E+20,5.29837E+21,7.93826E+15,4.78337E+16
33601,33602,8,1,36,28,2016,7,20,3,1,8,1,0,0,0,0,0,1,0,0,5.70643E+20,5.40155E+21,9.96129E+15,4.87629E+16
33602,33603,8,2,16,7,2016,7,19,2,2,5,2,0,0,0,1,0,1,0,0,4.36107E+20,5.39869E+21,8.131E+15,4.8738E+16
33603,33604,8,3,35,79,2016,7,13,5,3,7,7,0,0,0,1,0,0,0,0,5.00583E+20,5.30421E+21,9.0078E+15,4.78912E+16
33604,33605,8,1,16,19,2016,7,18,4,2,5,3,0,0,0,1,0,1,0,0,5.27704E+20,5.39885E+21,9.37683E+15,4.87421E+16
33605,33606,8,3,35,75,2016,7,17,3,3,5,3,0,0,1,1,0,0,0,0,4.88226E+20,5.28839E+21,8.84293E+15,4.77488E+16
33606,33607,8,1,18,48,2016,7,11,2,3,3,6,0,0,0,1,0,0,0,0,5.14509E+20,5.41517E+21,9.19793E+15,4.88893E+16
33607,33608,8,4,25,4,2016,7,17,2,2,3,6,0,0,0,1,0,1,0,1,5.55754E+20,5.35246E+21,9.75213E+15,4.83229E+16
33608,33609,8,2,22,0,2016,7,7,3,3,5,3,0,0,1,1,0,0,0,0,4.6294E+20,5.4829E+21,8.4882E+15,4.94976E+16
33609,33610,8,1,17,19,2016,7,13,7,3,1,6,0,0,0,1,0,0,0,0,5.50376E+20,5.39406E+21,9.6846E+15,4.86976E+16
33610,33611,8,2,37,40,2016,7,23,6,2,1,5,2,0,0,1,0,1,0,0,4.69243E+20,5.36552E+21,8.58412E+15,4.8442E+16
33611,33612,8,3,35,2,2016,7,12,5,3,2,6,0,0,0,1,0,0,0,0,5.05335E+20,5.28543E+21,9.07114E+15,4.77223E+16
33612,33613,8,1,11,0,2016,7,16,2,3,5,3,0,0,0,1,0,1,0,0,5.17935E+20,5.40423E+21,9.24418E+15,4.87908E+16
33613,33614,8,3,17,151,2016,7,17,1,3,2,6,0,0,0,1,0,0,0,0,4.1478E+20,5.36126E+21,7.84866E+15,4.83987E+16
33614,33615,8,2,15,100,2016,7,17,1,3,4,2,0,0,0,1,0,0,0,0,4.74464E+20,5.4508E+21,8.6494E+15,4.92095E+16
33615,33616,8,1,19,91,2016,7,17,3,2,3,2,0,0,0,1,0,1,0,0,5.30968E+20,5.404E+21,9.42161E+15,4.87882E+16
33616,33617,8,1,19,8,2016,7,7,1,3,0,1,0,0,0,1,0,0,0,0,5.32251E+20,5.41833E+21,9.4402E+15,4.8917E+16
33617,33618,8,3,25,49,2016,7,7,5,3,2,6,0,1,0,1,0,0,0,0,4.69804E+20,5.33346E+21,8.59399E+15,4.81537E+16
33618,33619,8,4,35,29,2016,7,12,3,2,0,7,0,0,1,0,0,0,0,0,5.44961E+20,5.27166E+21,9.59808E+15,4.75968E+16
33619,33620,8,3,25,72,2016,7,14,3,2,4,7,0,0,0,1,0,0,1,0,4.69015E+20,5.32515E+21,8.58399E+15,4.80789E+16
33620,33621,8,3,27,51,2016,7,15,1,2,4,6,0,0,0,1,0,1,0,0,4.86862E+20,5.33198E+21,8.8234E+15,4.81409E+16
33621,33622,8,1,25,68,2016,7,7,3,2,5,3,0,0,0,1,0,0,0,0,5.22651E+20,5.46247E+21,9.31165E+15,4.93145E+16
33622,33623,8,1,27,14,2016,7,15,1,3,5,3,0,0,0,1,0,1,0,0,5.7723E+20,5.44377E+21,1.00589E+16,4.91419E+16
33623,33624,8,3,17,26,2016,7,9,5,3,2,6,0,0,0,1,0,1,0,0,4.1197E+20,5.34565E+21,7.81397E+15,4.82579E+16
33624,33625,8,1,11,0,2016,7,15,4,3,5,2,0,0,0,1,0,0,0,0,5.09617E+20,5.40324E+21,9.13092E+15,4.87821E+16
33625,33626,8,3,27,49,2016,7,7,3,3,5,3,0,0,1,1,0,0,0,0,4.72619E+20,5.32462E+21,8.63241E+15,4.80742E+16
33626,33627,8,1,17,15,2016,7,10,2,3,2,2,0,0,0,1,0,1,0,0,5.57315E+20,5.3926E+21,9.77869E+15,4.86838E+16
33627,33628,8,4,15,61,2016,7,21,2,3,2,6,2,0,0,1,0,0,0,0,5.14569E+20,5.37171E+21,9.19721E+15,4.84984E+16
33628,33629,8,3,36,36,2016,7,12,7,2,0,1,0,0,1,0,0,0,0,0,4.13358E+20,5.28125E+21,7.84565E+15,4.76788E+16
33629,33630,8,4,36,9,2016,7,22,6,3,4,6,2,0,0,1,0,1,0,0,5.566E+20,5.30867E+21,9.75772E+15,4.79289E+16
33630,33631,8,4,26,21,2016,7,16,6,3,4,2,0,0,0,1,0,0,0,0,5.65432E+20,5.32495E+21,9.87843E+15,4.80744E+16
33631,33632,8,2,26,85,2016,7,17,6,3,5,3,0,0,0,1,0,0,0,0,4.89401E+20,5.45502E+21,8.85437E+15,4.92478E+16
33632,33633,8,3,17,65,2016,7,16,5,3,2,6,0,1,0,1,0,1,0,0,4.17147E+20,5.35482E+21,7.88191E+15,4.83412E+16
33633,33634,8,4,35,24,2016,7,20,1,2,0,7,0,0,1,0,0,0,0,0,5.25768E+20,5.27935E+21,9.34324E+15,4.7667E+16
33634,33635,8,2,37,54,2016,7,14,1,3,9,1,0,0,0,0,0,1,0,0,4.69453E+20,5.37339E+21,8.58638E+15,4.85129E+16
33635,33636,8,1,36,19,2016,7,10,1,3,0,3,0,0,0,1,0,0,0,0,5.88052E+20,5.41941E+21,1.0202E+16,4.89213E+16
33636,33637,8,1,16,77,2016,7,12,3,3,0,6,0,0,0,1,0,0,0,1,5.13945E+20,5.39171E+21,9.18943E+15,4.86783E+16
33637,33638,8,4,35,16,2016,7,0,3,3,0,1,2,0,1,0,0,0,0,0,5.37329E+20,5.27753E+21,9.49706E+15,4.76501E+16
33638,33639,8,3,17,88,2016,7,3,3,2,8,1,2,0,0,1,0,0,0,0,4.36728E+20,5.36009E+21,8.14532E+15,4.83908E+16
33639,33640,8,1,25,61,2016,7,18,6,3,0,1,0,0,1,0,0,0,0,0,5.05235E+20,5.44737E+21,9.07183E+15,4.91792E+16
33640,33641,8,4,17,2,2016,7,13,2,2,4,6,0,0,0,1,0,0,0,0,4.90597E+20,5.34295E+21,8.87336E+15,4.82397E+16
33641,33642,8,4,17,63,2016,7,15,7,3,2,6,0,0,0,1,0,1,0,0,5.07736E+20,5.33436E+21,9.10404E+15,4.81624E+16
33642,33643,8,3,15,6,2016,7,10,7,3,2,7,0,0,0,1,0,0,0,0,4.01879E+20,5.30907E+21,7.68646E+15,4.79274E+16
33643,33644,8,1,15,28,2016,7,12,7,3,2,6,0,0,0,1,0,0,0,0,4.98294E+20,5.40404E+21,8.97678E+15,4.87894E+16
33644,33645,8,3,17,57,2016,7,16,6,3,3,6,0,0,0,1,0,0,1,0,4.16835E+20,5.37939E+21,7.87281E+15,4.85621E+16
33645,33646,8,1,15,45,2016,7,11,5,3,2,6,0,0,0,1,0,0,0,0,5.04229E+20,5.39639E+21,9.0575E+15,4.87205E+16
33646,33647,8,1,19,90,2016,7,17,6,3,4,6,0,0,0,1,0,0,0,0,5.29896E+20,5.40878E+21,9.40736E+15,4.88312E+16
33647,33648,8,3,16,43,2016,7,7,2,3,2,6,0,0,0,1,0,0,0,0,4.09207E+20,5.3315E+21,7.77977E+15,4.81303E+16
33648,33649,8,4,37,78,2016,7,14,7,3,0,1,0,0,0,0,0,1,0,0,5.11551E+20,5.31742E+21,9.15488E+15,4.80099E+16
33649,33650,8,3,26,55,2016,7,14,7,3,8,1,0,0,0,0,0,1,0,0,4.41659E+20,5.3317E+21,8.21584E+15,4.81359E+16
33650,33651,8,2,16,17,2016,7,12,7,3,0,6,0,0,0,0,0,1,0,0,4.49158E+20,5.40012E+21,8.30832E+15,4.8752E+16
33651,33652,8,4,26,100,2016,7,19,6,3,0,1,0,0,1,0,0,0,0,0,5.78075E+20,5.31439E+21,1.00462E+16,4.7978E+16
33652,33653,8,3,11,0,2016,7,8,6,3,9,6,0,0,0,1,0,0,0,1,4.07957E+20,5.31818E+21,7.76586E+15,4.80103E+16
33653,33654,8,1,36,42,2016,7,10,5,3,0,6,0,0,0,1,0,0,0,1,5.48663E+20,5.40514E+21,9.66263E+15,4.87974E+16
33654,33655,8,2,16,33,2016,7,14,3,3,1,7,0,0,0,0,0,1,1,0,4.48913E+20,5.41205E+21,8.30349E+15,4.88594E+16
33655,33656,8,2,12,0,2016,7,15,6,3,8,7,0,0,0,0,0,1,0,0,4.54657E+20,5.42826E+21,8.38E+15,4.90056E+16
33656,33657,8,2,37,2,2016,7,16,2,2,8,1,0,0,0,1,0,0,0,0,4.56572E+20,5.3557E+21,8.41381E+15,4.8353E+16
33657,33658,8,3,17,65,2016,7,16,5,3,2,6,0,0,0,1,0,0,0,1,4.11215E+20,5.35637E+21,7.80154E+15,4.83543E+16
33658,33659,8,4,17,31,2016,7,16,1,3,4,2,0,0,0,1,0,1,0,0,4.97154E+20,5.35649E+21,8.96157E+15,4.83616E+16
33659,33660,8,1,15,2,2016,7,19,3,3,5,3,0,0,1,1,0,0,0,0,5.00199E+20,5.38684E+21,9.0027E+15,4.86346E+16
33660,33661,8,4,21,0,2016,7,8,3,2,3,6,0,0,0,1,0,1,0,0,5.71555E+20,5.3567E+21,9.96598E+15,4.83594E+16
33661,33662,8,2,26,85,2016,7,9,3,3,2,6,0,0,0,1,0,0,0,1,4.92247E+20,5.45405E+21,8.89349E+15,4.92392E+16
33662,33663,8,1,18,63,2016,7,10,6,3,9,6,0,0,0,1,0,0,0,0,5.14341E+20,5.42114E+21,9.19585E+15,4.8943E+16
33663,33664,8,3,15,15,2016,7,15,2,2,4,1,0,0,0,1,0,0,0,0,4.00673E+20,5.31421E+21,7.66913E+15,4.79734E+16
33664,33665,8,3,37,96,2016,7,17,7,3,1,6,0,0,0,1,0,0,0,0,4.20447E+20,5.26746E+21,7.94258E+15,4.75557E+16
33665,33666,8,2,37,19,2016,7,22,7,3,4,6,2,0,0,1,0,0,0,0,4.63606E+20,5.37081E+21,8.50743E+15,4.84893E+16
33666,33667,8,1,25,87,2016,7,19,6,2,8,1,0,0,0,1,0,0,0,0,5.07289E+20,5.45677E+21,9.10018E+15,4.92636E+16
33667,33668,8,1,27,12,2016,7,12,7,3,2,6,0,0,0,1,0,0,0,0,5.66437E+20,5.43196E+21,9.90899E+15,4.9037E+16
33668,33669,8,2,15,21,2016,7,7,6,2,2,6,0,0,0,0,0,0,1,0,4.68419E+20,5.4452E+21,8.56685E+15,4.91588E+16
33669,33670,8,1,35,19,2016,7,21,3,3,2,6,1,0,0,1,0,0,0,0,5.8509E+20,5.39126E+21,1.01557E+16,4.86686E+16
33670,33671,8,2,15,9,2016,7,13,2,3,2,6,0,0,0,1,0,0,0,0,4.73388E+20,5.43977E+21,8.63536E+15,4.91102E+16
33671,33672,8,3,17,110,2016,7,16,5,3,5,3,0,0,0,1,0,1,0,0,4.29296E+20,5.3797E+21,8.04163E+15,4.85664E+16
33672,33673,8,1,21,0,2016,7,7,2,3,0,7,0,0,0,1,0,0,0,0,5.12607E+20,5.44118E+21,9.17278E+15,4.91233E+16
33673,33674,8,4,35,16,2016,7,10,2,3,0,7,0,0,1,0,0,0,0,0,5.36013E+20,5.27962E+21,9.47972E+15,4.7669E+16
33674,33675,8,1,25,27,2016,7,9,3,3,2,6,0,0,0,1,0,0,0,0,5.17854E+20,5.44678E+21,9.24495E+15,4.91735E+16
33675,33676,8,1,35,16,2016,7,9,6,2,0,1,0,0,1,0,0,0,0,0,5.93753E+20,5.3868E+21,1.02723E+16,4.86272E+16
33676,33677,8,2,26,41,2016,7,12,2,2,8,1,0,0,0,1,0,0,0,0,4.72298E+20,5.46423E+21,8.61874E+15,4.93301E+16
33677,33678,8,3,17,5,2016,7,16,5,2,5,3,0,0,0,0,0,1,0,0,4.24244E+20,5.37583E+21,7.97386E+15,4.8531E+16
33678,33679,8,1,27,76,2016,7,19,2,3,2,6,0,0,0,1,0,0,0,0,5.51773E+20,5.4396E+21,9.70937E+15,4.9107E+16
33679,33680,8,4,36,12,2016,7,10,2,3,3,6,0,0,0,1,0,0,1,0,5.48957E+20,5.30129E+21,9.65457E+15,4.7863E+16
33680,33681,8,4,15,61,2016,7,11,3,3,2,6,0,0,0,1,0,0,0,0,5.1493E+20,5.3735E+21,9.20217E+15,4.85144E+16
33681,33682,8,2,37,28,2016,7,22,3,3,4,2,2,0,0,1,0,0,0,0,4.56543E+20,5.36772E+21,8.41218E+15,4.84611E+16
33682,33683,8,3,17,1,2016,7,6,2,3,9,1,0,0,0,1,0,0,0,0,4.28863E+20,5.38948E+21,8.03408E+15,4.86544E+16
33683,33684,8,3,35,43,2016,7,14,1,2,9,3,0,0,1,0,0,0,0,0,5.13456E+20,5.27934E+21,9.17924E+15,4.76673E+16
33684,33685,8,1,26,39,2016,7,17,3,3,8,1,0,0,0,1,0,0,0,0,5.48516E+20,5.46442E+21,9.66774E+15,4.93306E+16
33685,33686,8,1,36,88,2016,7,11,2,3,5,3,0,0,0,1,0,0,0,1,5.7896E+20,5.4139E+21,1.00768E+16,4.8873E+16
33686,33687,8,3,17,151,2016,7,19,5,3,2,6,0,0,0,1,0,0,0,1,4.14551E+20,5.36108E+21,7.84561E+15,4.83971E+16
33687,33688,8,1,15,15,2016,7,9,4,3,5,3,0,0,0,1,0,0,0,0,4.93881E+20,5.38741E+21,8.91694E+15,4.86397E+16
33688,33689,8,3,35,63,2016,7,18,3,3,8,7,0,0,1,0,0,0,0,0,4.97962E+20,5.29239E+21,8.97279E+15,4.77849E+16
33689,33690,8,1,15,54,2016,7,7,2,2,0,7,0,0,0,0,0,1,0,0,4.94706E+20,5.39597E+21,8.92803E+15,4.87167E+16
33690,33691,8,4,17,2,2016,7,17,2,3,6,4,0,0,0,1,1,0,0,0,4.88942E+20,5.34802E+21,8.85093E+15,4.82853E+16
33691,33692,8,2,26,13,2016,7,14,3,3,4,1,0,0,0,1,0,0,0,0,4.98039E+20,5.47702E+21,8.97295E+15,4.94458E+16
33692,33693,8,1,11,0,2016,7,19,7,3,5,2,0,0,1,1,0,0,0,0,5.15145E+20,5.39448E+21,9.20584E+15,4.87032E+16
33693,33694,8,3,16,37,2016,7,16,3,3,2,6,0,0,0,1,0,0,0,0,4.0892E+20,5.33213E+21,7.77579E+15,4.81359E+16
33694,33695,8,2,36,43,2016,7,13,3,3,0,7,0,0,0,0,0,0,0,1,4.70282E+20,5.41094E+21,8.59491E+15,4.88507E+16
33695,33696,8,1,18,6,2016,7,11,7,3,1,6,0,0,0,1,0,0,0,0,5.17609E+20,5.42169E+21,9.24049E+15,4.89479E+16
33696,33697,8,3,16,10,2016,7,23,5,3,9,1,2,0,0,1,0,0,0,0,4.33082E+20,5.33827E+21,8.09953E+15,4.81941E+16
33697,33698,8,1,16,7,2016,7,23,2,2,9,1,2,0,0,1,0,0,0,0,5.3181E+20,5.40096E+21,9.43283E+15,4.87609E+16
33698,33699,8,3,17,102,2016,7,13,1,3,4,1,0,0,0,1,0,1,0,0,4.41137E+20,5.37753E+21,8.20242E+15,4.85481E+16
33699,33700,8,2,26,80,2016,7,21,1,2,8,1,0,0,0,1,0,0,0,0,4.86094E+20,5.47451E+21,8.80825E+15,4.94231E+16
33700,33701,8,1,21,0,2016,7,10,3,3,2,6,0,0,0,1,0,0,0,0,5.16627E+20,5.44228E+21,9.22793E+15,4.91331E+16
33701,33702,8,1,25,59,2016,7,15,1,3,5,3,0,0,1,1,0,0,0,0,5.26621E+20,5.44021E+21,9.36479E+15,4.91141E+16
33702,33703,8,3,16,54,2016,7,7,5,3,5,2,0,0,1,1,0,0,0,0,4.18133E+20,5.33764E+21,7.89853E+15,4.81867E+16
33703,33704,8,1,11,0,2016,7,18,4,2,2,7,0,0,0,1,0,0,0,0,5.07611E+20,5.39845E+21,9.10351E+15,4.87391E+16
33704,33705,8,3,26,37,2016,7,6,3,2,0,1,0,0,1,0,0,0,1,0,4.57515E+20,5.32763E+21,8.42935E+15,4.81005E+16
33705,33706,8,1,16,72,2016,7,13,2,3,2,6,0,0,0,1,0,1,0,0,5.3019E+20,5.39371E+21,9.41027E+15,4.86957E+16
33706,33707,8,1,16,49,2016,7,12,6,2,8,1,0,0,1,0,0,0,0,0,5.23042E+20,5.38771E+21,9.3128E+15,4.86421E+16
33707,33708,8,4,15,59,2016,7,17,2,3,2,6,0,0,0,1,0,0,0,0,5.16396E+20,5.36785E+21,9.2218E+15,4.84636E+16
33708,33709,8,1,16,37,2016,7,11,1,3,2,6,0,0,1,0,0,1,0,0,5.35395E+20,5.40159E+21,9.48166E+15,4.87663E+16
33709,33710,8,3,35,98,2016,7,11,7,3,0,7,0,0,1,0,0,0,0,0,4.99428E+20,5.29441E+21,8.99236E+15,4.7803E+16
33710,33711,8,2,31,0,2016,7,23,7,3,0,1,2,0,0,1,0,0,0,0,4.80037E+20,5.41823E+21,8.72753E+15,4.89166E+16
33711,33712,8,4,35,35,2016,7,4,6,2,0,7,2,0,0,0,0,1,0,0,5.44247E+20,5.28422E+21,9.58986E+15,4.77098E+16
33712,33713,8,4,17,79,2016,7,15,6,3,5,3,0,0,0,1,0,0,0,1,4.93477E+20,5.34122E+21,8.91217E+15,4.82242E+16
33713,33714,8,1,36,2,2016,7,6,5,3,0,3,1,1,0,1,0,0,0,1,5.73565E+20,5.41521E+21,1.00035E+16,4.88854E+16
33714,33715,8,2,26,28,2016,7,19,6,3,5,3,0,0,0,1,0,0,0,0,4.72015E+20,5.4846E+21,8.6134E+15,4.95134E+16
33715,33716,8,3,11,0,2016,7,16,5,3,2,1,0,0,0,1,0,0,0,0,4.12536E+20,5.31645E+21,7.82758E+15,4.79954E+16
33716,33717,8,4,35,5,2016,7,15,1,2,8,7,0,0,1,0,0,0,0,0,5.24381E+20,5.2858E+21,9.32512E+15,4.77251E+16
33717,33718,8,1,18,19,2016,7,15,3,3,1,6,0,0,0,1,0,0,0,0,5.04246E+20,5.40381E+21,9.05781E+15,4.87873E+16
33718,33719,8,2,35,46,2016,7,16,6,3,2,6,0,0,0,1,0,0,0,1,4.80393E+20,5.38256E+21,8.73407E+15,4.85958E+16
33719,33720,8,2,31,0,2016,7,9,5,3,2,6,0,0,0,1,0,0,0,0,4.84481E+20,5.41396E+21,8.78833E+15,4.88784E+16
33720,33721,8,1,11,0,2016,7,10,2,3,2,6,0,0,0,1,0,0,0,1,5.12756E+20,5.40763E+21,9.17378E+15,4.88216E+16
33721,33722,8,3,16,36,2016,7,14,1,3,0,1,0,0,0,0,0,1,0,0,4.11546E+20,5.32549E+21,7.81246E+15,4.80766E+16
33722,33723,8,2,11,0,2016,7,13,1,3,5,3,0,0,1,1,0,0,0,0,4.43695E+20,5.39178E+21,8.23514E+15,4.86765E+16
33723,33724,8,1,15,28,2016,7,10,3,2,2,6,0,0,0,1,0,0,1,0,4.9957E+20,5.40359E+21,8.99415E+15,4.87853E+16
33724,33725,8,4,36,64,2016,7,11,3,3,5,3,0,0,1,1,0,0,0,0,5.46996E+20,5.2917E+21,9.62732E+15,4.7777E+16
33725,33726,8,3,17,114,2016,7,9,3,3,2,6,0,0,0,1,0,0,0,0,4.06553E+20,5.34571E+21,7.74099E+15,4.82577E+16
33726,33727,8,1,16,43,2016,7,18,6,3,0,2,0,0,1,1,0,0,0,0,5.41921E+20,5.38053E+21,9.56834E+15,4.85764E+16
33727,33728,8,3,26,68,2016,7,17,2,3,5,2,0,0,0,1,0,1,0,0,4.49394E+20,5.31619E+21,8.32163E+15,4.7997E+16
33728,33729,8,4,36,64,2016,7,11,7,3,4,2,0,0,0,1,0,0,0,0,5.39254E+20,5.2926E+21,9.52406E+15,4.77856E+16
33729,33730,8,3,17,34,2016,7,10,7,3,0,7,0,0,1,0,0,0,0,0,4.26008E+20,5.36309E+21,8E+15,4.84166E+16
33730,33731,8,2,12,0,2016,7,12,7,3,5,3,0,0,0,1,0,0,0,0,4.54228E+20,5.43258E+21,8.37365E+15,4.90444E+16
33731,33732,8,3,35,79,2016,7,20,6,2,9,1,0,1,0,1,0,0,1,0,4.97693E+20,5.29778E+21,8.96918E+15,4.78333E+16
33732,33733,8,1,17,29,2016,7,21,5,2,0,1,2,0,0,0,0,1,0,0,5.4359E+20,5.39087E+21,9.59205E+15,4.86694E+16
33733,33734,8,2,15,109,2016,7,18,3,3,5,3,0,0,1,1,0,0,0,0,4.6319E+20,5.43404E+21,8.49615E+15,4.90581E+16
33734,33735,8,1,18,73,2016,7,12,6,3,8,1,0,0,0,1,0,0,0,0,4.97012E+20,5.41589E+21,8.95924E+15,4.8896E+16
33735,33736,8,2,36,65,2016,7,17,2,3,4,2,0,0,0,1,0,0,0,0,4.90919E+20,5.41529E+21,8.87612E+15,4.88905E+16
33736,33737,8,2,26,107,2016,7,13,5,2,2,6,0,0,0,1,0,0,0,0,4.73888E+20,5.48446E+21,8.63929E+15,4.95122E+16
33737,33738,8,4,16,25,2016,7,18,1,3,2,6,0,0,0,1,0,0,0,0,4.99748E+20,5.35939E+21,8.9966E+15,4.83877E+16
33738,33739,8,1,11,0,2016,7,13,3,2,5,3,0,0,0,1,0,1,0,0,5.13246E+20,5.40369E+21,9.18032E+15,4.87861E+16
33739,33740,8,4,21,0,2016,7,4,3,3,4,2,2,0,0,1,0,0,1,0,5.70094E+20,5.36152E+21,9.94706E+15,4.8403E+16
33740,33741,8,2,12,0,2016,7,15,3,2,2,6,0,0,0,1,0,0,0,0,4.5935E+20,5.42747E+21,8.44425E+15,4.89988E+16
33741,33742,8,3,11,0,2016,7,18,2,3,1,6,0,0,0,1,0,0,0,0,4.13361E+20,5.31613E+21,7.83871E+15,4.79926E+16
33742,33743,8,3,36,78,2016,7,12,7,3,2,6,0,0,0,1,0,0,0,0,3.92487E+20,5.29028E+21,7.56543E+15,4.77569E+16
33743,33744,8,4,35,66,2016,7,11,3,2,0,7,0,0,1,0,0,0,0,0,5.19673E+20,5.2877E+21,9.26242E+15,4.77424E+16
33744,33745,8,3,15,33,2016,7,6,3,3,3,6,1,0,0,0,0,1,0,1,3.98334E+20,5.30594E+21,7.63975E+15,4.78987E+16
33745,33746,8,1,15,45,2016,7,8,6,3,4,2,0,0,0,1,0,0,0,0,5.03425E+20,5.39444E+21,9.04655E+15,4.87029E+16
33746,33747,8,3,17,110,2016,7,13,2,3,5,3,0,0,1,1,0,0,0,0,4.28215E+20,5.38013E+21,8.0269E+15,4.85701E+16
33747,33748,8,4,15,59,2016,7,21,7,3,9,1,0,0,0,0,0,1,0,0,5.14902E+20,5.3648E+21,9.20148E+15,4.84362E+16
33748,33749,8,3,15,20,2016,7,17,7,3,4,6,0,0,0,1,0,0,0,0,4.24152E+20,5.31313E+21,7.98385E+15,4.7967E+16
33749,33750,8,1,36,88,2016,7,22,7,3,9,1,2,0,0,0,0,1,0,0,5.87676E+20,5.4068E+21,1.01941E+16,4.8808E+16
33750,33751,8,3,17,114,2016,7,5,6,2,4,6,0,0,0,1,0,0,0,0,4.05329E+20,5.34636E+21,7.72436E+15,4.82634E+16
33751,33752,8,1,36,40,2016,7,7,3,3,5,3,0,0,0,1,0,0,0,0,5.64022E+20,5.41088E+21,9.87265E+15,4.88476E+16
33752,33753,8,2,22,0,2016,7,9,2,3,2,6,0,0,0,1,0,0,0,0,4.60929E+20,5.48267E+21,8.46046E+15,4.94954E+16
33753,33754,8,2,22,0,2016,7,15,5,3,2,6,0,0,0,1,0,0,0,0,4.67372E+20,5.47841E+21,8.54977E+15,4.94575E+16
33754,33755,8,1,21,0,2016,7,15,2,2,4,2,0,0,0,1,0,1,0,0,5.14586E+20,5.44401E+21,9.20002E+15,4.91488E+16
33755,33756,8,4,35,66,2016,7,16,2,3,0,3,0,0,1,0,0,0,0,0,5.18179E+20,5.28691E+21,9.24246E+15,4.77353E+16
33756,33757,8,4,15,78,2016,7,16,3,3,2,2,0,0,0,1,0,0,0,0,5.31368E+20,5.37225E+21,9.42465E+15,4.85026E+16