FID,OBJECTID,ULAND,UREGBEZ,UKREIS,UGEMEINDE,UJAHR,UMONAT,USTUNDE,UWOCHENTAG,UKATEGORIE,UART,UTYP1,ULICHTVERH,IstStrasse,IstRad,IstPKW,IstFuss,IstKrad,IstGkfz,IstSonstig,LINREFX,LINREFY,XGCSWGS84,YGCSWGS84
33757,33758,8,2,36,28,2016,7,16,3,2,5,3,0,0,0,1,0,0,0,0,4.93829E+20,5.42217E+21,8.91571E+15,4.89524E+16
33758,33759,8,1,25,59,2016,7,18,7,3,8,1,0,0,0,0,0,1,0,0,5.28813E+20,5.43784E+21,9.39466E+15,4.90927E+16
33759,33760,8,3,26,12,2016,7,10,1,3,0,7,0,0,0,0,0,1,0,0,4.65512E+20,5.30828E+21,8.53831E+15,4.79269E+16
33760,33761,8,2,25,33,2016,7,20,3,1,3,6,0,0,1,1,0,0,0,0,5.09721E+20,5.46245E+21,9.13375E+15,4.93147E+16
33761,33762,8,4,25,39,2016,7,21,2,2,8,1,2,0,0,1,0,0,0,0,5.65308E+20,5.3521E+21,9.88094E+15,4.83187E+16
33762,33763,8,2,25,14,2016,7,16,1,2,8,1,0,0,0,0,0,1,0,0,5.25074E+20,5.47983E+21,9.34609E+15,4.94706E+16
33763,33764,8,2,12,0,2016,7,18,5,2,5,3,0,0,0,1,0,0,0,1,4.56443E+20,5.42386E+21,8.40489E+15,4.89662E+16
33764,33765,8,1,27,14,2016,7,12,7,2,2,6,0,0,0,1,0,0,0,1,5.72687E+20,5.44361E+21,9.99659E+15,4.9141E+16
33765,33766,8,2,16,49,2016,7,2,6,3,2,6,2,0,0,1,0,0,0,0,4.37526E+20,5.40364E+21,8.14954E+15,4.87826E+16
33766,33767,8,3,37,38,2016,7,6,1,3,0,1,0,0,0,0,0,1,0,0,4.30207E+20,5.27599E+21,8.07094E+15,4.76336E+16
33767,33768,8,1,27,9,2016,7,9,3,3,3,2,0,0,0,1,0,0,0,0,5.57049E+20,5.44675E+21,9.78266E+15,4.91709E+16
33768,33769,8,2,15,100,2016,7,14,2,3,2,6,0,0,0,1,0,0,0,1,4.74709E+20,5.45165E+21,8.65272E+15,4.92171E+16
33769,33770,8,2,12,0,2016,7,11,5,3,2,6,0,0,0,1,0,0,0,0,4.53083E+20,5.42878E+21,8.35843E+15,4.90101E+16
33770,33771,8,1,16,77,2016,7,11,4,3,2,6,0,0,0,1,0,0,0,0,5.16359E+20,5.38974E+21,9.22215E+15,4.86605E+16
33771,33772,8,3,36,14,2016,7,10,3,3,5,3,0,0,0,1,0,0,0,0,3.92552E+20,5.27928E+21,7.56901E+15,4.7658E+16
33772,33773,8,1,18,63,2016,7,14,2,3,2,6,0,0,0,1,0,0,0,0,5.17707E+20,5.42268E+21,9.24188E+15,4.89568E+16
33773,33774,8,4,21,0,2016,7,12,2,2,3,2,0,0,0,1,0,1,0,0,5.73225E+20,5.3579E+21,9.98872E+15,4.837E+16
33774,33775,8,3,37,126,2016,7,11,3,3,2,6,0,0,0,1,0,1,0,0,4.44241E+20,5.27621E+21,8.2577E+15,4.76368E+16
33775,33776,8,2,22,0,2016,7,7,3,3,2,6,0,0,0,1,0,0,0,0,4.64477E+20,5.48531E+21,8.50921E+15,4.95194E+16
33776,33777,8,1,17,26,2016,7,11,7,3,2,6,0,0,0,1,0,0,0,0,5.46761E+20,5.39525E+21,9.63561E+15,4.87085E+16
33777,33778,8,2,11,0,2016,7,13,6,2,9,6,0,0,0,1,0,0,1,0,4.41767E+20,5.40819E+21,8.20663E+15,4.88239E+16
33778,33779,8,2,16,39,2016,7,18,5,3,9,7,0,0,0,1,0,0,1,0,4.464E+20,5.41454E+21,8.26892E+15,4.88815E+16
33779,33780,8,1,15,28,2016,7,0,2,3,2,6,2,0,0,1,0,0,0,0,5.0036E+20,5.40454E+21,9.0049E+15,4.87938E+16
33780,33781,8,3,17,151,2016,7,17,1,3,2,6,0,0,0,1,0,0,0,0,4.14707E+20,5.36122E+21,7.84769E+15,4.83984E+16
33781,33782,8,2,15,7,2016,7,22,1,3,9,1,2,0,0,1,0,0,0,0,4.7982E+20,5.43667E+21,8.72365E+15,4.90826E+16
33782,33783,8,1,19,8,2016,7,17,3,3,5,3,0,0,0,1,0,1,0,0,5.32632E+20,5.42063E+21,9.44559E+15,4.89377E+16
33783,33784,8,1,25,26,2016,7,15,1,3,9,1,0,0,0,0,0,1,0,0,4.95628E+20,5.43992E+21,8.94009E+15,4.91121E+16
33784,33785,8,2,15,84,2016,7,21,5,3,8,7,2,1,0,1,0,0,0,0,4.69922E+20,5.44892E+21,8.58718E+15,4.91923E+16
33785,33786,8,1,11,0,2016,7,8,4,3,2,6,0,0,0,1,0,1,0,0,5.10243E+20,5.40144E+21,9.13939E+15,4.87659E+16
33786,33787,8,3,26,31,2016,7,13,3,3,5,3,0,0,0,1,0,0,1,0,4.57487E+20,5.33217E+21,8.42852E+15,4.81414E+16
33787,33788,8,1,11,0,2016,7,9,6,3,5,3,0,0,0,1,0,1,0,0,5.09778E+20,5.40224E+21,9.13308E+15,4.8773E+16
33788,33789,8,3,11,0,2016,7,6,2,3,2,6,0,0,0,1,0,0,0,0,4.11505E+20,5.32296E+21,7.81243E+15,4.80538E+16
33789,33790,8,1,11,0,2016,7,14,1,3,0,7,0,0,1,0,0,0,0,0,5.16585E+20,5.40733E+21,9.22593E+15,4.88188E+16
33790,33791,8,3,35,77,2016,7,3,7,3,8,1,2,0,0,1,0,0,0,0,4.93695E+20,5.29225E+21,8.91582E+15,4.77836E+16
33791,33792,8,1,11,0,2016,7,9,4,3,5,3,0,0,1,0,0,0,0,1,5.1786E+20,5.40437E+21,9.24318E+15,4.8792E+16
33792,33793,8,3,35,61,2016,7,19,3,3,1,5,0,0,0,1,0,0,1,0,4.91386E+20,5.27848E+21,8.88528E+15,4.76597E+16
33793,33794,8,1,17,33,2016,7,19,2,3,2,6,0,0,0,1,0,0,0,0,5.59219E+20,5.387E+21,9.80376E+15,4.86333E+16
33794,33795,8,4,16,23,2016,7,18,2,3,2,6,0,0,0,1,0,0,0,1,5.07644E+20,5.37124E+21,9.10346E+15,4.84943E+16
33795,33796,8,3,36,91,2016,7,8,7,3,0,7,0,0,0,1,0,1,0,0,3.9508E+20,5.27083E+21,7.60469E+15,4.75824E+16
33796,33797,8,4,37,78,2016,7,18,6,3,5,3,0,0,0,1,0,1,0,0,5.08879E+20,5.31618E+21,9.11902E+15,4.79989E+16
33797,33798,8,2,36,70,2016,7,16,6,3,6,7,0,0,0,1,1,0,0,0,4.7075E+20,5.41603E+21,8.60092E+15,4.88965E+16
33798,33799,8,2,11,0,2016,7,6,5,3,2,6,0,1,0,1,0,0,1,0,4.38633E+20,5.40505E+21,8.1644E+15,4.87954E+16
33799,33800,8,1,11,0,2016,7,19,2,3,2,6,0,0,0,1,0,0,0,0,5.13361E+20,5.40643E+21,9.18198E+15,4.88107E+16
33800,33801,8,3,15,47,2016,7,0,1,3,4,3,2,0,0,1,0,0,0,0,4.14802E+20,5.32182E+21,7.85689E+15,4.80439E+16
33801,33802,8,1,36,68,2016,7,18,1,3,5,3,0,0,0,1,0,0,0,0,5.92711E+20,5.42752E+21,1.02674E+16,4.89936E+16
33802,33803,8,1,16,33,2016,7,8,3,3,1,7,0,0,1,0,0,0,0,0,5.30534E+20,5.38977E+21,9.41464E+15,4.86603E+16
33803,33804,8,4,35,16,2016,7,7,3,3,4,2,0,0,1,1,0,0,0,0,5.36182E+20,5.27798E+21,9.48183E+15,4.76542E+16
33804,33805,8,3,17,126,2016,7,19,3,2,8,1,0,0,1,0,0,0,0,0,4.38444E+20,5.38131E+21,8.16538E+15,4.85818E+16
33805,33806,8,1,11,0,2016,7,16,6,3,4,7,0,0,0,1,0,0,0,0,5.06692E+20,5.40417E+21,9.09111E+15,4.87905E+16
33806,33807,8,3,25,72,2016,7,7,2,3,5,3,0,0,1,1,0,0,0,0,4.72056E+20,5.33029E+21,8.62448E+15,4.81252E+16
33807,33808,8,4,26,124,2016,7,14,7,3,8,1,0,0,0,1,0,0,0,0,5.48517E+20,5.33136E+21,9.65209E+15,4.81336E+16
33808,33809,8,3,17,121,2016,7,15,7,3,5,3,0,0,1,1,0,0,0,0,4.20623E+20,5.34104E+21,7.93139E+15,4.82176E+16
33809,33810,8,2,16,17,2016,7,18,7,2,4,1,0,0,0,0,0,1,0,0,4.58828E+20,5.39487E+21,8.44038E+15,4.87055E+16
33810,33811,8,3,17,150,2016,7,8,6,3,0,1,0,0,1,0,0,0,0,0,4.07931E+20,5.35914E+21,7.75662E+15,4.83787E+16
33811,33812,8,1,28,139,2016,7,14,5,3,2,6,0,0,0,1,0,0,0,0,5.53128E+20,5.48808E+21,9.73438E+15,4.9543E+16
33812,33813,8,2,11,0,2016,7,13,3,3,2,6,0,0,0,1,0,0,0,0,4.41117E+20,5.40578E+21,8.19812E+15,4.88022E+16
33813,33814,8,1,36,88,2016,7,6,6,2,4,1,0,0,0,0,0,1,1,0,5.88744E+20,5.40865E+21,1.02091E+16,4.88245E+16
33814,33815,8,2,21,0,2016,7,9,2,3,2,6,0,0,0,1,0,0,0,0,4.80108E+20,5.47392E+21,8.72574E+15,4.94176E+16
33815,33816,8,2,37,4,2016,7,17,5,3,8,1,0,0,0,1,0,0,0,0,4.46189E+20,5.37732E+21,8.27089E+15,4.85467E+16
33816,33817,8,3,37,127,2016,7,13,1,3,5,3,0,0,0,1,0,1,0,0,4.58422E+20,5.29839E+21,8.44436E+15,4.78375E+16
33817,33818,8,2,22,0,2016,7,16,7,3,2,6,0,0,0,1,0,0,0,0,4.6292E+20,5.48257E+21,8.48796E+15,4.94946E+16
33818,33819,8,4,26,19,2016,7,18,6,3,5,3,0,0,0,1,0,0,0,0,5.8103E+20,5.32042E+21,1.00869E+16,4.80319E+16
33819,33820,8,4,15,50,2016,7,15,6,3,2,7,0,0,0,1,0,0,0,0,5.23408E+20,5.37478E+21,9.31703E+15,4.85257E+16
33820,33821,8,1,26,20,2016,7,13,5,3,8,1,0,0,0,0,0,1,0,0,5.53134E+20,5.46752E+21,9.7317E+15,4.93581E+16
33821,33822,8,2,15,84,2016,7,17,6,3,1,2,0,0,0,1,0,0,0,0,4.73105E+20,5.44473E+21,8.63115E+15,4.91548E+16
33822,33823,8,2,31,0,2016,7,7,5,3,2,6,0,0,0,1,0,0,0,0,4.7735E+20,5.41635E+21,8.69095E+15,4.88997E+16
33823,33824,8,4,26,21,2016,7,16,1,2,3,6,0,0,0,1,0,0,1,1,5.59464E+20,5.32238E+21,9.79796E+15,4.80519E+16
33824,33825,8,1,15,3,2016,7,20,3,3,3,6,0,0,0,1,0,1,0,0,5.00459E+20,5.39237E+21,9.00624E+15,4.86844E+16
33825,33826,8,4,26,21,2016,7,14,3,3,1,6,0,0,0,1,0,0,0,0,5.60046E+20,5.32969E+21,9.80679E+15,4.81176E+16
33826,33827,8,3,15,59,2016,7,7,3,3,5,3,0,0,1,1,0,0,0,0,3.99201E+20,5.32137E+21,7.64772E+15,4.80376E+16
33827,33828,8,4,37,78,2016,7,22,5,3,5,2,2,1,0,1,0,0,0,0,5.08591E+20,5.3168E+21,9.11518E+15,4.80045E+16
33828,33829,8,3,15,33,2016,7,15,2,3,5,3,0,0,0,1,0,0,0,1,3.99278E+20,5.30509E+21,7.65257E+15,4.78912E+16
33829,33830,8,3,16,17,2016,7,12,7,3,2,6,0,0,0,1,0,0,0,0,4.07273E+20,5.33575E+21,7.75286E+15,4.81682E+16
33830,33831,8,2,26,40,2016,7,15,7,3,3,6,0,0,0,1,0,0,0,0,4.72988E+20,5.49587E+21,8.62607E+15,4.96148E+16
33831,33832,8,1,27,102,2016,7,15,7,2,0,1,0,0,0,0,0,1,0,0,5.88558E+20,5.43596E+21,1.02125E+16,4.90701E+16
33832,33833,8,2,15,109,2016,7,12,6,2,4,2,0,0,0,0,0,1,0,1,4.64581E+20,5.43796E+21,8.51485E+15,4.90935E+16
33833,33834,8,1,36,65,2016,7,19,3,3,4,6,0,0,0,1,0,0,0,0,5.58589E+20,5.40368E+21,9.79757E+15,4.87834E+16
33834,33835,8,2,15,9,2016,7,20,2,2,8,7,0,0,0,0,0,1,0,0,4.6738E+20,5.43719E+21,8.55325E+15,4.90867E+16
33835,33836,8,2,26,10,2016,7,13,5,2,0,3,0,0,1,1,0,0,0,0,4.83136E+20,5.45952E+21,8.76809E+15,4.92882E+16
33836,33837,8,1,21,0,2016,7,10,2,3,5,3,0,0,0,1,0,0,0,1,5.1443E+20,5.44205E+21,9.19781E+15,4.91311E+16
33837,33838,8,4,35,16,2016,7,22,2,3,0,2,2,0,0,1,0,0,0,1,5.3684E+20,5.27826E+21,9.49062E+15,4.76567E+16
33838,33839,8,3,16,17,2016,7,9,3,3,2,6,0,0,0,1,0,0,0,0,4.07073E+20,5.34205E+21,7.74879E+15,4.82249E+16
33839,33840,8,2,31,0,2016,7,13,3,2,2,6,0,0,0,0,0,0,1,1,4.7983E+20,5.41837E+21,8.72469E+15,4.8918E+16
33840,33841,8,1,27,52,2016,7,17,2,3,2,2,0,0,0,1,0,0,1,0,5.41073E+20,5.43615E+21,9.56241E+15,4.90769E+16
33841,33842,8,1,11,0,2016,7,13,3,3,2,6,0,0,0,1,0,0,0,0,5.16629E+20,5.40378E+21,9.22639E+15,4.87868E+16
33842,33843,8,4,16,41,2016,7,16,3,3,1,5,0,0,0,1,0,1,0,0,5.01207E+20,5.37098E+21,9.01634E+15,4.84919E+16
33843,33844,8,2,12,0,2016,7,20,3,3,2,6,0,0,0,1,0,0,0,0,4.63519E+20,5.42968E+21,8.50105E+15,4.90189E+16
33844,33845,8,4,36,55,2016,7,17,5,3,9,1,0,1,0,1,0,0,0,0,5.72262E+20,5.29325E+21,9.96478E+15,4.77885E+16
33845,33846,8,2,15,84,2016,7,10,2,3,2,6,0,0,0,1,0,0,0,0,4.69941E+20,5.44896E+21,8.58744E+15,4.91927E+16
33846,33847,8,3,35,21,2016,7,15,1,3,8,7,0,0,0,0,0,1,0,0,4.94131E+20,5.29974E+21,8.92155E+15,4.7851E+16
33847,33848,8,1,27,103,2016,7,16,3,2,2,2,0,0,0,1,0,1,0,0,5.78599E+20,5.43558E+21,1.00761E+16,4.90681E+16
33848,33849,8,1,36,84,2016,7,17,2,3,0,1,0,0,0,1,0,0,0,0,5.93039E+20,5.43174E+21,1.02728E+16,4.90315E+16
33849,33850,8,2,26,103,2016,7,7,5,3,2,6,0,0,0,1,0,0,0,0,4.71419E+20,5.45715E+21,8.60714E+15,4.92665E+16
33850,33851,8,1,15,29,2016,7,16,4,3,4,6,0,0,0,1,0,0,0,0,4.95978E+20,5.39956E+21,8.94529E+15,4.8749E+16
33851,33852,8,3,35,43,2016,7,12,3,3,2,6,0,0,0,1,0,0,0,0,5.13563E+20,5.27947E+21,9.18067E+15,4.76685E+16
33852,33853,8,1,18,7,2016,7,16,2,3,5,3,0,0,0,1,0,1,0,0,5.1123E+20,5.42793E+21,9.15354E+15,4.90042E+16
33853,33854,8,4,17,31,2016,7,6,2,3,3,6,0,0,0,0,0,1,0,1,5.01523E+20,5.35495E+21,9.02056E+15,4.83477E+16
33854,33855,8,2,22,0,2016,7,20,3,3,1,6,0,0,0,1,0,0,0,0,4.61907E+20,5.48136E+21,8.47408E+15,4.94837E+16
33855,33856,8,1,11,0,2016,7,12,7,3,2,6,0,0,0,1,0,1,0,0,5.14359E+20,5.40185E+21,9.19542E+15,4.87695E+16
33856,33857,8,2,37,54,2016,7,15,6,3,2,6,0,0,0,1,0,0,0,0,4.67055E+20,5.37514E+21,8.55377E+15,4.85285E+16
33857,33858,8,2,22,0,2016,7,0,5,3,5,2,2,0,0,1,0,0,0,0,4.62857E+20,5.48276E+21,8.48707E+15,4.94963E+16
33858,33859,8,1,11,0,2016,7,20,2,3,5,2,0,0,0,1,0,0,0,1,5.14929E+20,5.40272E+21,9.2032E+15,4.87773E+16
33859,33860,8,3,15,59,2016,7,17,1,3,2,6,0,0,0,1,0,0,0,0,3.97735E+20,5.32196E+21,7.62793E+15,4.80427E+16
33860,33861,8,2,12,0,2016,7,19,1,3,2,6,0,0,0,1,0,1,0,0,4.56858E+20,5.42828E+21,8.41009E+15,4.90059E+16
33861,33862,8,1,18,49,2016,7,16,3,3,5,3,0,0,0,1,0,1,0,0,5.19764E+20,5.42127E+21,9.26992E+15,4.89441E+16
33862,33863,8,1,19,75,2016,7,13,7,2,8,1,0,0,0,0,0,1,0,0,5.3715E+20,5.43019E+21,9.50815E+15,4.90234E+16
33863,33864,8,3,17,31,2016,7,17,1,2,2,6,0,0,0,1,0,0,0,0,4.14325E+20,5.3609E+21,7.84259E+15,4.83954E+16
33864,33865,8,2,35,8,2016,7,15,1,3,2,6,0,0,0,1,0,1,0,0,4.78099E+20,5.40287E+21,8.70189E+15,4.87785E+16
33865,33866,8,1,21,0,2016,7,12,3,3,3,6,0,0,0,1,0,0,0,0,5.14596E+20,5.44387E+21,9.20015E+15,4.91475E+16
33866,33867,8,1,26,47,2016,7,14,1,3,2,6,0,0,0,0,0,1,0,0,5.49816E+20,5.45528E+21,9.68449E+15,4.92482E+16
33867,33868,8,2,16,15,2016,7,22,5,2,8,1,2,0,0,1,0,0,0,0,4.51971E+20,5.40558E+21,8.34595E+15,4.88013E+16
33868,33869,8,1,11,0,2016,7,15,4,3,2,6,0,0,0,1,0,1,0,0,5.13382E+20,5.4064E+21,9.18226E+15,4.88104E+16
33869,33870,8,3,26,74,2016,7,16,3,3,5,3,0,0,0,1,0,1,0,0,4.58437E+20,5.32374E+21,8.44212E+15,4.80655E+16
33870,33871,8,4,25,31,2016,7,14,2,3,3,3,0,0,0,1,0,1,0,0,5.71253E+20,5.36731E+21,9.9637E+15,4.84548E+16
33871,33872,8,4,15,61,2016,7,19,2,3,8,1,0,0,1,0,0,0,0,0,5.11968E+20,5.36852E+21,9.16191E+15,4.84697E+16
33872,33873,8,4,25,2,2016,7,4,1,2,8,1,2,0,0,1,0,0,0,0,5.52918E+20,5.35536E+21,9.71424E+15,4.83492E+16
33873,33874,8,3,36,69,2016,7,16,7,2,0,7,0,0,1,0,0,0,0,0,4.09657E+20,5.2712E+21,7.79842E+15,4.75879E+16
33874,33875,8,2,31,0,2016,7,17,7,3,2,6,0,0,0,1,0,0,0,0,4.78238E+20,5.41625E+21,8.70307E+15,4.88988E+16
33875,33876,8,4,35,30,2016,7,17,6,3,3,6,0,0,0,1,0,1,0,0,5.42768E+20,5.27359E+21,9.56911E+15,4.76143E+16
33876,33877,8,4,26,38,2016,7,19,6,3,5,3,0,0,0,1,0,0,0,0,5.59527E+20,5.3133E+21,9.79754E+15,4.79702E+16
33877,33878,8,2,26,13,2016,7,7,6,3,4,2,0,0,0,1,0,1,0,0,4.9847E+20,5.47928E+21,8.97889E+15,4.94662E+16
33878,33879,8,2,16,17,2016,7,6,5,3,0,3,0,0,0,1,0,1,0,0,4.5034E+20,5.40161E+21,8.32422E+15,4.87655E+16
33879,33880,8,4,36,82,2016,7,18,1,3,3,6,0,0,1,1,0,0,0,0,5.48771E+20,5.29526E+21,9.65141E+15,4.78088E+16
33880,33881,8,1,16,70,2016,7,12,3,3,5,2,0,0,1,1,0,0,0,0,5.39575E+20,5.38483E+21,9.53695E+15,4.86153E+16
33881,33882,8,4,35,16,2016,7,0,3,3,0,7,2,0,1,0,0,0,0,0,5.37269E+20,5.27756E+21,9.49628E+15,4.76503E+16
33882,33883,8,3,15,74,2016,7,20,3,3,8,7,0,0,0,1,0,0,0,0,3.97951E+20,5.29608E+21,7.63695E+15,4.78099E+16
33883,33884,8,4,35,35,2016,7,10,5,3,5,3,0,0,1,0,0,0,0,1,5.42238E+20,5.2828E+21,9.56294E+15,4.76972E+16
33884,33885,8,4,17,36,2016,7,7,2,2,5,3,0,0,0,1,0,1,0,0,5.02637E+20,5.35321E+21,9.03557E+15,4.83321E+16
33885,33886,8,4,36,8,2016,7,15,3,3,5,3,0,0,0,1,0,0,0,1,5.47857E+20,5.30862E+21,9.64068E+15,4.79292E+16
33886,33887,8,3,17,40,2016,7,12,3,2,5,2,0,0,0,1,0,1,0,0,4.32229E+20,5.34709E+21,8.08665E+15,4.82734E+16
33887,33888,8,4,35,16,2016,7,13,5,3,2,2,0,0,1,0,0,0,0,0,5.36052E+20,5.27988E+21,9.48026E+15,4.76713E+16
33888,33889,8,3,35,43,2016,7,14,2,3,2,6,0,0,0,1,0,0,0,0,5.14907E+20,5.2804E+21,9.1986E+15,4.76769E+16
33889,33890,8,4,37,76,2016,7,8,7,3,5,2,0,0,0,1,0,0,0,1,5.22461E+20,5.31904E+21,9.30125E+15,4.80242E+16
33890,33891,8,3,26,27,2016,7,11,7,3,0,1,0,0,1,0,0,0,0,0,4.61875E+20,5.30826E+21,8.48963E+15,4.79266E+16
33891,33892,8,2,15,100,2016,7,16,7,3,4,2,0,0,0,1,0,0,0,0,4.74882E+20,5.45284E+21,8.65501E+15,4.92278E+16
33892,33893,8,3,36,69,2016,7,22,6,3,5,2,2,0,0,1,0,0,0,0,4.06895E+20,5.26908E+21,7.76215E+15,4.75685E+16
33893,33894,8,1,27,71,2016,7,12,5,3,5,3,0,0,0,1,0,0,0,0,5.75377E+20,5.4557E+21,1.00357E+16,4.92494E+16
33894,33895,8,2,15,82,2016,7,17,3,3,8,1,0,0,0,1,0,0,0,0,4.89368E+20,5.44067E+21,8.85429E+15,4.91188E+16
33895,33896,8,4,25,31,2016,7,7,6,3,3,6,0,0,0,1,0,0,1,0,5.7001E+20,5.36752E+21,9.94692E+15,4.84569E+16
33896,33897,8,2,35,50,2016,7,16,2,2,4,6,0,0,0,0,0,0,1,1,4.67368E+20,5.39052E+21,8.5568E+15,4.86668E+16
33897,33898,8,2,16,43,2016,7,22,5,3,3,6,2,0,0,1,0,0,0,0,4.45798E+20,5.41189E+21,8.26105E+15,4.88576E+16
33898,33899,8,4,17,25,2016,7,18,1,3,3,2,0,0,0,1,0,1,0,0,4.86515E+20,5.35633E+21,8.81795E+15,4.836E+16
33899,33900,8,1,11,0,2016,7,6,3,3,5,3,0,0,0,1,0,0,0,0,5.15561E+20,5.40596E+21,9.21193E+15,4.88065E+16
33900,33901,8,4,21,0,2016,7,15,3,2,1,3,0,0,1,1,0,0,0,0,5.71629E+20,5.36128E+21,9.96776E+15,4.84006E+16
33901,33902,8,2,26,85,2016,7,9,3,3,2,6,0,0,0,0,0,0,1,0,4.90577E+20,5.45468E+21,8.87053E+15,4.92448E+16
33902,33903,8,4,26,71,2016,7,19,5,3,7,1,0,1,0,1,0,0,0,0,5.63891E+20,5.33581E+21,9.85937E+15,4.81723E+16
33903,33904,8,3,11,0,2016,7,16,2,3,5,3,0,0,0,1,0,1,0,0,4.14575E+20,5.31819E+21,7.85457E+15,4.80113E+16
33904,33905,8,3,36,78,2016,7,15,7,3,3,2,0,0,0,1,0,1,0,0,3.97363E+20,5.28999E+21,7.63055E+15,4.77551E+16
33905,33906,8,2,35,79,2016,7,14,7,3,0,7,0,0,1,0,0,0,0,0,4.69499E+20,5.40196E+21,8.5849E+15,4.87699E+16
33906,33907,8,1,27,52,2016,7,13,7,3,5,3,0,0,0,1,0,1,0,0,5.40477E+20,5.43597E+21,9.55424E+15,4.90753E+16
33907,33908,8,2,15,84,2016,7,11,6,3,2,6,0,0,0,1,0,0,0,0,4.70219E+20,5.44958E+21,8.59121E+15,4.91983E+16
33908,33909,8,3,37,27,2016,7,10,1,3,4,6,0,0,0,1,0,1,0,0,4.33061E+20,5.28817E+21,8.10706E+15,4.77435E+16
33909,33910,8,1,35,16,2016,7,18,3,1,0,1,0,0,1,0,0,0,0,0,5.93689E+20,5.3868E+21,1.02715E+16,4.86273E+16
33910,33911,8,2,15,7,2016,7,9,2,3,2,6,0,0,0,1,0,0,0,1,4.777E+20,5.4321E+21,8.69487E+15,4.90414E+16
33911,33912,8,4,15,62,2016,7,18,7,3,6,6,0,0,1,0,1,0,0,0,5.19832E+20,5.37874E+21,9.26879E+15,4.85614E+16
33912,33913,8,3,11,0,2016,7,11,7,2,4,2,0,0,1,1,0,0,0,0,4.1874E+20,5.31436E+21,7.91113E+15,4.79773E+16
33913,33914,8,1,36,15,2016,7,17,7,3,5,3,0,0,0,1,0,0,0,0,5.56724E+20,5.41121E+21,9.77323E+15,4.88513E+16
33914,33915,8,3,17,150,2016,7,8,6,2,4,6,0,0,0,1,0,0,0,0,4.07899E+20,5.35492E+21,7.75711E+15,4.83407E+16
33915,33916,8,1,18,3,2016,7,6,3,3,2,6,0,0,0,1,0,0,0,0,5.1122E+20,5.4163E+21,9.15309E+15,4.88995E+16
33916,33917,8,1,28,131,2016,7,18,6,3,5,3,0,0,1,1,0,0,0,0,5.36539E+20,5.5142E+21,9.50752E+15,4.97792E+16
33917,33918,8,2,22,0,2016,7,16,2,3,4,6,0,0,1,0,0,0,0,0,4.63574E+20,5.48348E+21,8.4969E+15,4.95028E+16
33918,33919,8,2,15,9,2016,7,16,5,3,2,6,0,0,0,1,0,0,0,0,4.689E+20,5.44262E+21,8.57365E+15,4.91356E+16
33919,33920,8,1,27,101,2016,7,18,2,2,5,3,0,0,1,1,0,0,0,0,5.86162E+20,5.44272E+21,1.01811E+16,4.91313E+16
33920,33921,8,4,35,54,2016,7,14,2,3,5,3,0,0,1,1,0,0,0,0,5.22418E+20,5.2821E+21,9.29875E+15,4.76919E+16
33921,33922,8,4,15,61,2016,7,13,3,3,5,2,0,0,0,1,0,0,0,0,5.13291E+20,5.37198E+21,9.17993E+15,4.85008E+16
33922,33923,8,2,31,0,2016,7,14,3,3,2,6,0,0,0,1,0,0,0,0,4.7302E+20,5.41787E+21,8.63178E+15,4.89131E+16
33923,33924,8,2,37,28,2016,7,18,2,3,4,2,0,0,0,1,0,0,0,0,4.58345E+20,5.3678E+21,8.43654E+15,4.8462E+16
33924,33925,8,1,25,110,2016,7,17,7,3,5,3,0,0,0,1,0,1,0,0,5.27537E+20,5.44265E+21,9.37752E+15,4.91361E+16
33925,33926,8,3,27,50,2016,7,17,1,3,2,2,0,0,0,1,0,0,0,0,4.89704E+20,5.31696E+21,8.86196E+15,4.80058E+16
33926,33927,8,1,26,58,2016,7,17,3,3,2,6,0,0,0,1,0,0,0,1,5.40627E+20,5.44932E+21,9.55764E+15,4.91953E+16
33927,33928,8,4,21,0,2016,7,23,2,3,5,3,2,0,1,1,1,0,0,0,5.74243E+20,5.36116E+21,1.0003E+16,4.83992E+16
33928,33929,8,1,28,137,2016,7,13,1,3,2,6,0,0,0,1,0,1,0,0,5.5886E+20,5.49516E+21,9.81466E+15,4.96062E+16
33929,33930,8,2,15,7,2016,7,23,5,3,2,6,2,0,0,1,0,0,0,0,4.74486E+20,5.43031E+21,8.651E+15,4.90252E+16
33930,33931,8,1,11,0,2016,7,7,4,3,3,6,0,0,0,1,0,1,0,0,5.17893E+20,5.40275E+21,9.24355E+15,4.87775E+16
33931,33932,8,4,35,16,2016,7,0,3,2,0,1,2,0,1,0,0,0,0,0,5.37322E+20,5.27753E+21,9.49698E+15,4.76501E+16
33932,33933,8,1,17,26,2016,7,19,2,3,2,2,0,0,0,1,0,0,0,0,5.45598E+20,5.39451E+21,9.61973E+15,4.8702E+16
33933,33934,8,4,16,41,2016,7,12,2,3,2,6,0,0,0,1,0,0,0,0,5.05709E+20,5.37326E+21,9.0773E+15,4.85124E+16
33934,33935,8,2,15,84,2016,7,18,5,3,1,6,0,0,0,1,0,0,0,0,4.74167E+20,5.44792E+21,8.6455E+15,4.91835E+16
33935,33936,8,1,16,49,2016,7,22,4,3,1,7,2,0,0,1,0,0,0,0,5.24467E+20,5.38614E+21,9.33204E+15,4.86278E+16
33936,33937,8,1,19,8,2016,7,14,2,3,2,6,0,0,0,1,0,0,1,0,5.31307E+20,5.42052E+21,9.42749E+15,4.89369E+16
33937,33938,8,4,35,16,2016,7,7,2,3,2,6,0,0,0,1,0,0,0,0,5.35725E+20,5.27773E+21,9.47573E+15,4.7652E+16