FID,OBJECTID,ULAND,UREGBEZ,UKREIS,UGEMEINDE,UJAHR,UMONAT,USTUNDE,UWOCHENTAG,UKATEGORIE,UART,UTYP1,ULICHTVERH,IstStrasse,IstRad,IstPKW,IstFuss,IstKrad,IstGkfz,IstSonstig,LINREFX,LINREFY,XGCSWGS84,YGCSWGS84
34119,34120,8,1,17,26,2016,7,13,7,3,0,6,0,0,1,0,1,0,0,0,5.47615E+20,5.39485E+21,9.64717E+15,4.87049E+16
34120,34121,8,3,17,96,2016,7,6,3,3,3,6,0,0,1,1,0,0,0,0,4.21226E+20,5.36926E+21,7.93423E+15,4.84715E+16
34121,34122,8,1,18,48,2016,7,15,2,3,1,7,0,0,0,1,0,0,1,0,5.14208E+20,5.41622E+21,9.19385E+15,4.88988E+16
34122,34123,8,3,15,84,2016,7,12,1,2,8,1,0,0,0,0,0,1,0,0,4.18275E+20,5.30395E+21,7.90687E+15,4.78837E+16
34123,34124,8,1,25,65,2016,7,17,5,3,1,6,0,0,0,1,0,0,0,0,5.16055E+20,5.44748E+21,9.2203E+15,4.91799E+16
34124,34125,8,3,17,21,2016,7,18,3,3,8,7,0,0,0,1,0,0,0,0,4.2585E+20,5.3717E+21,7.99635E+15,4.84941E+16
34125,34126,8,1,17,24,2016,7,14,3,3,2,1,0,0,0,1,0,0,0,0,5.62173E+20,5.38406E+21,9.8434E+15,4.86065E+16
34126,34127,8,4,21,0,2016,7,15,6,2,9,1,0,0,0,0,0,1,0,0,5.71317E+20,5.35657E+21,9.96274E+15,4.83582E+16
34127,34128,8,1,19,86,2016,7,18,6,3,3,2,0,0,1,1,0,0,0,0,5.35147E+20,5.40599E+21,9.47867E+15,4.88059E+16
34128,34129,8,1,15,28,2016,7,16,3,3,2,6,0,0,0,1,0,0,0,0,5.01532E+20,5.40431E+21,9.02086E+15,4.87918E+16
34129,34130,8,4,37,59,2016,7,20,5,3,8,6,1,0,0,1,0,0,1,0,5.14026E+20,5.32417E+21,9.18828E+15,4.80707E+16
34130,34131,8,3,15,95,2016,7,11,2,2,4,1,0,0,0,1,0,1,0,0,4.2756E+20,5.31952E+21,8.02843E+15,4.80248E+16
34131,34132,8,2,11,0,2016,7,18,2,2,2,6,0,0,0,1,0,1,0,0,4.38365E+20,5.40477E+21,8.16081E+15,4.87929E+16
34132,34133,8,1,11,0,2016,7,18,2,3,2,6,0,0,0,1,0,0,0,0,5.12091E+20,5.40215E+21,9.16456E+15,4.87723E+16
34133,34134,8,2,12,0,2016,7,13,6,3,2,6,0,0,0,1,0,0,0,0,4.52884E+20,5.42871E+21,8.35571E+15,4.90095E+16
34134,34135,8,3,15,16,2016,7,19,4,3,8,6,0,0,0,0,0,0,0,1,4.26923E+20,5.30976E+21,8.02154E+15,4.7937E+16
34135,34136,8,1,18,76,2016,7,17,1,3,2,2,0,0,0,1,0,0,0,0,5.06732E+20,5.42643E+21,9.09202E+15,4.89907E+16
34136,34137,8,4,35,66,2016,7,9,5,3,2,6,0,0,0,1,0,0,0,0,5.1788E+20,5.28695E+21,9.23847E+15,4.77357E+16
34137,34138,8,2,15,21,2016,7,20,5,2,4,2,0,0,0,1,0,1,0,0,4.7037E+20,5.44702E+21,8.59347E+15,4.91752E+16
34138,34139,8,1,18,11,2016,7,15,5,2,2,6,0,0,0,1,0,0,0,0,5.05783E+20,5.4078E+21,9.07879E+15,4.88232E+16
34139,34140,8,1,11,0,2016,7,12,5,3,0,1,0,1,0,0,0,1,0,0,5.06601E+20,5.4041E+21,9.08987E+15,4.87898E+16
34140,34141,8,4,36,55,2016,7,15,4,3,0,3,0,0,0,1,0,1,0,0,5.76316E+20,5.29749E+21,1.00197E+16,4.78262E+16
34141,34142,8,1,11,0,2016,7,14,7,3,2,6,0,0,0,1,0,0,0,0,5.18561E+20,5.4016E+21,9.25259E+15,4.87671E+16
34142,34143,8,1,19,41,2016,7,8,4,2,4,2,0,0,1,1,0,0,0,0,5.25698E+20,5.41071E+21,9.35028E+15,4.88489E+16
34143,34144,8,3,11,0,2016,7,17,3,3,3,7,0,0,0,1,0,0,1,0,4.13529E+20,5.31604E+21,7.84097E+15,4.79918E+16
34144,34145,8,2,16,7,2016,7,19,4,2,0,7,0,0,1,0,0,0,0,0,4.31368E+20,5.39609E+21,8.06699E+15,4.87141E+16
34145,34146,8,4,26,21,2016,7,20,2,3,8,1,1,1,0,1,0,0,0,0,5.6188E+20,5.3295E+21,9.83141E+15,4.81158E+16
34146,34147,8,1,25,65,2016,7,14,3,3,1,6,0,0,0,1,0,0,0,0,5.156E+20,5.4488E+21,9.21411E+15,4.91918E+16
34147,34148,8,1,25,27,2016,7,16,4,3,2,6,0,0,0,1,0,0,1,0,5.20326E+20,5.44555E+21,9.2788E+15,4.91625E+16
34148,34149,8,1,11,0,2016,7,7,3,3,2,6,0,0,0,1,0,0,0,0,5.11974E+20,5.40857E+21,9.16315E+15,4.883E+16
34149,34150,8,1,26,58,2016,7,7,6,3,5,3,0,0,0,1,0,0,0,0,5.41827E+20,5.45136E+21,9.57432E+15,4.92136E+16
34150,34151,8,1,18,79,2016,7,17,6,3,5,2,0,0,1,0,0,0,0,1,5.08036E+20,5.42141E+21,9.10975E+15,4.89456E+16
34151,34152,8,1,35,20,2016,7,16,3,2,4,6,0,0,0,1,0,0,1,0,5.85916E+20,5.38761E+21,1.01662E+16,4.86357E+16
34152,34153,8,2,25,75,2016,7,0,7,3,5,3,2,1,0,1,0,0,0,0,5.30893E+20,5.47537E+21,9.42605E+15,4.94302E+16
34153,34154,8,1,28,139,2016,7,18,2,3,4,6,0,0,0,1,0,0,0,0,5.52339E+20,5.48957E+21,9.72368E+15,4.95565E+16
34154,34155,8,4,37,104,2016,7,18,1,2,8,1,0,0,0,0,0,1,0,0,5.09489E+20,5.32527E+21,9.1274E+15,4.80806E+16
34155,34156,8,3,15,130,2016,7,11,4,3,8,1,0,0,0,0,0,1,0,0,4.08291E+20,5.29588E+21,7.77507E+15,4.78097E+16
34156,34157,8,1,11,0,2016,7,18,1,3,2,6,0,0,0,1,0,0,0,0,5.14828E+20,5.4047E+21,9.2019E+15,4.87951E+16
34157,34158,8,4,21,0,2016,7,17,5,3,3,6,0,0,0,1,0,1,0,0,5.72883E+20,5.36021E+21,9.98451E+15,4.83909E+16
34158,34159,8,2,22,0,2016,7,15,5,3,2,6,0,0,0,1,0,0,0,0,4.61349E+20,5.4813E+21,8.46638E+15,4.94832E+16
34159,34160,8,1,15,28,2016,7,6,5,3,2,6,0,1,0,1,0,0,0,0,5.02213E+20,5.40177E+21,9.03012E+15,4.8769E+16
34160,34161,8,4,37,78,2016,7,7,4,2,5,3,0,0,0,1,0,0,0,0,5.08006E+20,5.31861E+21,9.10737E+15,4.80207E+16
34161,34162,8,1,19,83,2016,7,19,4,2,5,3,0,0,0,0,0,1,0,0,5.35211E+20,5.41992E+21,9.48074E+15,4.89312E+16
34162,34163,8,2,15,9,2016,7,7,3,3,2,6,0,0,0,1,0,0,0,0,4.66444E+20,5.43884E+21,8.54029E+15,4.91015E+16
34163,34164,8,4,36,64,2016,7,17,6,3,2,6,0,0,0,1,0,0,0,0,5.38251E+20,5.28853E+21,9.51031E+15,4.7749E+16
34164,34165,8,1,15,45,2016,7,8,4,3,1,6,0,0,0,1,0,0,0,0,4.98959E+20,5.39286E+21,8.98585E+15,4.86888E+16
34165,34166,8,3,36,69,2016,7,17,6,3,3,6,0,1,0,1,0,0,0,0,4.10334E+20,5.27009E+21,7.80765E+15,4.7578E+16
34166,34167,8,4,16,15,2016,7,15,2,3,2,6,0,0,0,1,0,0,0,0,5.06546E+20,5.3666E+21,9.08853E+15,4.84525E+16
34167,34168,8,1,19,20,2016,7,15,3,3,5,3,0,0,0,1,0,0,0,0,5.19798E+20,5.40625E+21,9.26965E+15,4.8809E+16
34168,34169,8,1,25,65,2016,7,22,2,3,8,1,2,0,0,1,0,0,0,0,5.23095E+20,5.45181E+21,9.31714E+15,4.92187E+16
34169,34170,8,3,36,105,2016,7,18,1,3,0,1,0,0,1,0,0,0,0,0,3.99879E+20,5.26728E+21,7.66931E+15,4.75512E+16
34170,34171,8,3,27,18,2016,7,20,7,3,9,1,1,1,0,1,0,0,0,0,4.73749E+20,5.30819E+21,8.64858E+15,4.79265E+16
34171,34172,8,1,36,50,2016,7,7,7,1,8,1,0,0,0,1,0,0,0,0,5.80891E+20,5.40212E+21,1.01008E+16,4.87669E+16
34172,34173,8,3,17,96,2016,7,6,5,3,5,3,0,0,1,1,0,0,0,0,4.22343E+20,5.36885E+21,7.94941E+15,4.8468E+16
34173,34174,8,2,12,0,2016,7,18,7,3,2,2,0,0,0,1,0,0,0,0,4.52991E+20,5.42894E+21,8.35714E+15,4.90115E+16
34174,34175,8,1,26,72,2016,7,16,2,3,5,3,0,0,1,0,0,0,1,0,5.37737E+20,5.46532E+21,9.51948E+15,4.93395E+16
34175,34176,8,4,16,22,2016,7,15,1,2,5,3,0,0,1,0,0,1,0,0,5.1004E+20,5.37544E+21,9.136E+15,4.8532E+16
34176,34177,8,3,36,87,2016,7,19,4,1,8,1,0,0,0,0,0,1,0,0,4.22647E+20,5.29171E+21,7.96753E+15,4.77741E+16
34177,34178,8,4,37,78,2016,7,10,7,3,5,3,0,0,0,1,0,0,0,0,5.09253E+20,5.3159E+21,9.12403E+15,4.79963E+16
34178,34179,8,3,35,1,2016,7,9,5,3,5,2,0,0,0,1,0,0,0,0,4.89559E+20,5.29837E+21,8.86046E+15,4.78385E+16
34179,34180,8,2,15,66,2016,7,21,5,3,2,6,2,0,0,1,0,0,0,0,4.56321E+20,5.45305E+21,8.40007E+15,4.92287E+16
34180,34181,8,1,28,82,2016,7,9,5,3,9,1,0,0,0,1,0,0,0,0,5.7397E+20,5.47412E+21,1.00198E+16,4.94153E+16
34181,34182,8,4,15,50,2016,7,9,4,3,5,2,0,0,1,1,0,0,0,0,5.21469E+20,5.37606E+21,9.29084E+15,4.85373E+16
34182,34183,8,2,35,7,2016,7,18,3,3,0,7,0,0,1,1,0,0,0,0,4.82554E+20,5.39897E+21,8.76269E+15,4.87435E+16
34183,34184,8,4,17,79,2016,7,22,6,2,8,1,2,0,0,1,0,0,0,0,5.00903E+20,5.3456E+21,9.01217E+15,4.82636E+16
34184,34185,8,4,36,83,2016,7,12,6,3,6,7,0,0,0,1,1,0,0,0,5.31701E+20,5.30121E+21,9.42385E+15,4.78634E+16
34185,34186,8,4,36,55,2016,7,14,2,2,2,2,0,0,0,1,0,1,0,0,5.76861E+20,5.29687E+21,1.00268E+16,4.78206E+16
34186,34187,8,2,12,0,2016,7,14,6,2,2,6,0,0,0,1,0,0,0,1,4.59741E+20,5.42448E+21,8.44989E+15,4.89719E+16
34187,34188,8,2,15,96,2016,7,10,1,2,2,6,0,0,1,0,0,0,0,0,4.63774E+20,5.41835E+21,8.50554E+15,4.8917E+16
34188,34189,8,1,25,26,2016,7,19,2,3,8,1,0,0,0,0,0,1,0,0,4.88142E+20,5.44368E+21,8.83741E+15,4.91458E+16
34189,34190,8,3,17,57,2016,7,2,1,2,9,1,2,0,0,1,0,0,0,0,4.14564E+20,5.37686E+21,7.84256E+15,4.8539E+16
34190,34191,8,1,25,49,2016,7,17,5,2,4,1,0,0,0,1,0,1,0,0,4.99359E+20,5.45184E+21,8.99119E+15,4.92193E+16
34191,34192,8,1,18,48,2016,7,20,7,3,5,3,1,1,0,1,0,0,0,0,5.11046E+20,5.41471E+21,9.15067E+15,4.88852E+16
34192,34193,8,2,15,90,2016,7,13,7,3,2,6,0,0,0,1,0,0,0,0,4.63488E+20,5.43406E+21,8.50022E+15,4.90583E+16
34193,34194,8,1,36,88,2016,7,16,6,3,2,6,0,0,0,1,0,0,0,0,5.83216E+20,5.41515E+21,1.01351E+16,4.88837E+16
34194,34195,8,3,17,126,2016,7,19,3,3,9,1,0,0,0,0,0,1,0,0,4.42098E+20,5.379E+21,8.21523E+15,4.85614E+16
34195,34196,8,3,15,133,2016,7,16,6,3,8,1,0,1,0,1,0,0,0,0,3.97017E+20,5.32772E+21,7.6169E+15,4.80945E+16
34196,34197,8,1,15,21,2016,7,18,6,3,8,1,1,1,0,1,0,0,0,0,4.90746E+20,5.38353E+21,8.87447E+15,4.86048E+16
34197,34198,8,3,16,9,2016,7,16,2,2,4,2,0,0,0,1,0,0,0,0,4.18025E+20,5.32364E+21,7.89977E+15,4.80608E+16
34198,34199,8,3,17,96,2016,7,13,7,3,2,6,0,0,0,1,0,0,0,1,4.21938E+20,5.36985E+21,7.94375E+15,4.84769E+16
34199,34200,8,1,26,66,2016,7,17,5,3,2,6,0,0,0,1,0,0,0,0,5.36701E+20,5.44949E+21,9.50377E+15,4.91971E+16
34200,34201,8,3,35,43,2016,7,16,4,3,2,6,0,0,1,1,0,0,0,0,5.10015E+20,5.2881E+21,9.1336E+15,4.77462E+16
34201,34202,8,4,25,79,2016,7,19,6,3,8,1,0,1,0,1,0,0,0,0,5.58039E+20,5.37427E+21,9.78596E+15,4.85188E+16
34202,34203,8,2,21,0,2016,7,7,3,3,5,3,0,0,1,1,0,0,0,0,4.76326E+20,5.47175E+21,8.67373E+15,4.9398E+16
34203,34204,8,3,17,1,2016,7,18,6,3,5,2,1,1,1,1,0,0,0,0,4.31777E+20,5.38705E+21,8.07404E+15,4.86328E+16
34204,34205,8,4,15,61,2016,7,12,6,3,6,2,0,0,0,1,1,0,0,0,5.11018E+20,5.36446E+21,9.14895E+15,4.84332E+16
34205,34206,8,3,25,49,2016,7,7,2,3,2,6,0,0,0,1,0,1,0,0,4.74035E+20,5.33418E+21,8.65084E+15,4.81603E+16
34206,34207,8,2,26,76,2016,7,5,2,2,5,3,0,0,0,1,0,1,0,0,4.74198E+20,5.46748E+21,8.64467E+15,4.93595E+16
34207,34208,8,1,15,13,2016,7,13,2,3,4,1,0,0,0,1,0,0,0,0,4.97619E+20,5.38925E+21,8.96768E+15,4.86563E+16
34208,34209,8,2,35,66,2016,7,20,6,3,8,1,1,1,0,1,0,0,0,0,4.62591E+20,5.38804E+21,8.49215E+15,4.86443E+16
34209,34210,8,1,28,115,2016,7,3,1,3,9,1,2,0,0,1,0,0,0,0,5.4754E+20,5.49776E+21,9.65831E+15,4.96305E+16
34210,34211,8,1,18,10,2016,7,7,2,3,6,4,0,0,0,1,1,0,0,0,5.06699E+20,5.43222E+21,9.09167E+15,4.90428E+16
34211,34212,8,2,15,107,2016,7,9,1,3,0,1,0,1,0,0,0,1,0,0,4.63759E+20,5.45539E+21,8.50201E+15,4.92502E+16
34212,34213,8,1,19,3,2016,7,16,5,3,8,1,0,0,0,1,0,0,0,0,5.33577E+20,5.41897E+21,9.45836E+15,4.89228E+16
34213,34214,8,3,17,57,2016,7,14,3,3,5,3,0,0,0,1,0,0,0,0,4.14105E+20,5.38296E+21,7.83508E+15,4.85939E+16
34214,34215,8,1,36,28,2016,7,12,4,3,2,6,0,0,0,1,0,0,0,0,5.68461E+20,5.40485E+21,9.93214E+15,4.87929E+16
34215,34216,8,1,16,77,2016,7,11,3,3,1,5,0,0,0,1,0,0,1,0,5.15824E+20,5.38911E+21,9.21487E+15,4.86548E+16
34216,34217,8,1,27,100,2016,7,15,6,3,2,1,0,0,0,1,0,0,0,0,5.5278E+20,5.43677E+21,9.72279E+15,4.90816E+16
34217,34218,8,1,19,8,2016,7,14,6,3,1,6,0,0,0,1,0,0,0,0,5.32038E+20,5.42016E+21,9.43744E+15,4.89335E+16
34218,34219,8,1,36,75,2016,7,9,3,3,0,3,0,0,0,1,0,0,0,1,5.99914E+20,5.42247E+21,1.03646E+16,4.89471E+16
34219,34220,8,4,36,69,2016,7,19,5,3,8,1,0,0,0,1,0,0,0,0,5.53937E+20,5.29428E+21,9.72028E+15,4.77997E+16
34220,34221,8,2,15,100,2016,7,9,2,2,3,6,0,1,1,0,0,0,0,1,4.74719E+20,5.45186E+21,8.65283E+15,4.9219E+16
34221,34222,8,1,26,66,2016,7,9,2,3,3,1,0,0,0,1,0,0,0,0,5.348E+20,5.45037E+21,9.47775E+15,4.92052E+16
34222,34223,8,4,36,55,2016,7,16,1,2,5,3,0,0,0,1,0,1,0,0,5.78343E+20,5.29711E+21,1.00467E+16,4.78226E+16
34223,34224,8,3,36,82,2016,7,16,4,2,1,6,0,0,0,1,0,1,0,0,4.16497E+20,5.27152E+21,7.88931E+15,4.75917E+16
34224,34225,8,4,25,20,2016,7,17,1,2,9,1,0,1,0,1,0,0,0,0,5.60134E+20,5.36613E+21,9.81316E+15,4.84454E+16
34225,34226,8,3,35,43,2016,7,22,5,3,5,3,2,0,0,1,0,0,0,0,5.09754E+20,5.2812E+21,9.12996E+15,4.76841E+16
34226,34227,8,2,35,6,2016,7,16,5,3,2,2,0,0,0,1,0,0,0,0,4.71639E+20,5.38147E+21,8.61543E+15,4.85857E+16
34227,34228,8,2,11,0,2016,7,19,2,2,1,7,0,0,0,1,0,0,1,0,4.39186E+20,5.40371E+21,8.17214E+15,4.87834E+16
34228,34229,8,1,16,81,2016,7,15,2,2,4,6,0,0,0,1,0,0,0,0,5.18751E+20,5.386E+21,9.25447E+15,4.86268E+16
34229,34230,8,2,26,28,2016,7,19,6,3,5,2,0,0,1,1,0,0,0,0,4.72014E+20,5.4846E+21,8.61339E+15,4.95134E+16
34230,34231,8,1,19,91,2016,7,18,1,3,2,6,0,0,0,1,0,0,0,0,5.26918E+20,5.40685E+21,9.36665E+15,4.8814E+16
34231,34232,8,3,15,84,2016,7,19,5,3,2,2,0,0,0,0,0,1,0,1,4.20946E+20,5.30905E+21,7.94165E+15,4.79299E+16
34232,34233,8,1,17,26,2016,7,16,5,3,3,6,0,0,0,1,0,0,0,0,5.50072E+20,5.39345E+21,9.6804E+15,4.86921E+16
34233,34234,8,1,11,0,2016,7,9,7,3,1,6,0,0,0,1,0,0,0,0,5.14082E+20,5.39389E+21,9.19137E+15,4.86979E+16
34234,34235,8,3,16,53,2016,7,7,3,3,4,6,0,0,1,0,0,0,0,0,4.07362E+20,5.33812E+21,7.75355E+15,4.81895E+16
34235,34236,8,1,36,10,2016,7,16,4,3,2,2,0,0,0,1,0,1,0,0,5.96269E+20,5.40895E+21,1.03116E+16,4.88261E+16
34236,34237,8,1,11,0,2016,7,8,3,3,0,1,0,0,1,0,0,0,0,0,5.166E+20,5.4044E+21,9.22602E+15,4.87923E+16
34237,34238,8,1,26,94,2016,7,15,6,2,8,1,0,0,0,0,0,1,0,0,5.37258E+20,5.45744E+21,9.51215E+15,4.92686E+16
34238,34239,8,1,18,79,2016,7,12,6,3,2,6,0,0,0,1,0,0,0,0,5.09666E+20,5.4227E+21,9.13204E+15,4.89571E+16
34239,34240,8,1,28,47,2016,7,20,3,3,3,6,1,1,0,1,0,0,0,1,5.52799E+20,5.49869E+21,9.73125E+15,4.96385E+16
34240,34241,8,2,16,6,2016,7,6,7,3,8,1,0,0,0,1,0,0,0,0,4.46479E+20,5.40926E+21,8.27068E+15,4.8834E+16
34241,34242,8,1,26,20,2016,7,5,2,2,8,1,0,0,0,0,0,1,0,0,5.53159E+20,5.46714E+21,9.73201E+15,4.93546E+16
34242,34243,8,4,15,78,2016,7,1,1,3,5,3,2,1,0,1,0,0,0,0,5.29704E+20,5.37052E+21,9.40201E+15,4.84871E+16
34243,34244,8,3,11,0,2016,7,9,4,3,2,7,0,0,0,1,0,0,1,0,4.12084E+20,5.32369E+21,7.82004E+15,4.80604E+16
34244,34245,8,4,36,9,2016,7,17,7,3,8,1,0,0,0,0,0,1,0,0,5.52301E+20,5.31136E+21,9.7005E+15,4.79534E+16
34245,34246,8,4,15,50,2016,7,20,5,3,5,3,0,0,0,1,0,1,0,0,5.21358E+20,5.37758E+21,9.28942E+15,4.85509E+16
34246,34247,8,2,22,0,2016,7,20,5,3,2,6,0,0,0,1,0,0,0,0,4.64262E+20,5.4773E+21,8.50695E+15,4.94473E+16
34247,34248,8,1,36,45,2016,7,17,5,2,4,2,0,0,0,1,0,1,0,0,5.99302E+20,5.40359E+21,1.03517E+16,4.87774E+16
34248,34249,8,4,26,38,2016,7,17,4,3,9,1,0,0,0,1,0,0,0,0,5.62672E+20,5.3193E+21,9.84055E+15,4.8024E+16
34249,34250,8,1,18,53,2016,7,17,4,3,0,6,0,0,0,0,0,1,0,0,5.17251E+20,5.42804E+21,9.23588E+15,4.9005E+16
34250,34251,8,2,15,17,2016,7,15,3,2,9,1,0,0,0,1,0,0,1,0,4.52964E+20,5.41965E+21,8.35785E+15,4.8928E+16
34251,34252,8,4,35,5,2016,7,10,6,3,2,6,0,0,0,0,0,1,0,0,5.24821E+20,5.28488E+21,9.33093E+15,4.77168E+16
34252,34253,8,1,36,2,2016,7,17,4,2,4,1,0,0,0,1,0,1,0,0,5.72807E+20,5.41768E+21,9.99359E+15,4.89078E+16
34253,34254,8,4,36,69,2016,7,8,6,3,8,1,0,0,0,1,0,0,0,0,5.52956E+20,5.29238E+21,9.70695E+15,4.77826E+16
34254,34255,8,4,15,78,2016,7,17,2,1,9,1,0,0,0,0,0,1,0,0,5.30577E+20,5.36835E+21,9.41365E+15,4.84676E+16
34255,34256,8,1,15,45,2016,7,12,5,3,2,6,0,1,0,1,0,0,0,0,5.02986E+20,5.39449E+21,9.04059E+15,4.87035E+16
34256,34257,8,1,11,0,2016,7,10,5,3,2,6,0,0,0,1,0,0,0,0,5.09204E+20,5.39739E+21,9.12515E+15,4.87295E+16
34257,34258,8,4,36,64,2016,7,8,4,3,5,2,0,0,0,1,0,1,0,0,5.44399E+20,5.28674E+21,9.59215E+15,4.77325E+16
34258,34259,8,1,11,0,2016,7,15,7,3,2,6,0,0,0,1,0,0,0,0,5.10462E+20,5.40013E+21,9.14234E+15,4.87541E+16
34259,34260,8,1,18,79,2016,7,13,4,3,2,6,0,0,0,1,0,0,0,0,5.09979E+20,5.42203E+21,9.1363E+15,4.89511E+16
34260,34261,8,4,36,64,2016,7,2,6,3,4,1,2,0,0,1,0,0,1,0,5.46361E+20,5.2875E+21,9.61838E+15,4.77392E+16
34261,34262,8,1,35,25,2016,7,18,4,2,4,6,0,0,0,1,0,1,0,0,5.77933E+20,5.39796E+21,1.00598E+16,4.87298E+16
34262,34263,8,4,25,138,2016,7,14,2,3,0,1,0,0,1,0,0,0,0,0,5.73534E+20,5.35051E+21,9.9916E+15,4.83035E+16
34263,34264,8,1,19,42,2016,7,8,3,3,5,3,0,0,0,1,0,1,0,0,5.28265E+20,5.41452E+21,9.38553E+15,4.8883E+16
34264,34265,8,1,21,0,2016,7,15,2,2,5,3,0,0,1,1,0,0,0,0,5.15395E+20,5.44633E+21,9.2112E+15,4.91696E+16
34265,34266,8,3,15,76,2016,7,16,1,3,8,1,0,0,0,1,0,0,0,0,3.93084E+20,5.30342E+21,7.57016E+15,4.78752E+16
34266,34267,8,2,12,0,2016,7,8,4,3,5,3,0,0,0,1,0,1,0,0,4.56232E+20,5.4267E+21,8.40171E+15,4.89916E+16
34267,34268,8,4,25,33,2016,7,14,7,2,9,1,0,0,0,1,0,0,0,0,5.5758E+20,5.3438E+21,9.77558E+15,4.82448E+16
34268,34269,8,1,17,51,2016,7,11,7,2,5,3,0,0,1,1,0,0,0,0,5.43007E+20,5.39473E+21,9.58453E+15,4.87041E+16
34269,34270,8,4,35,52,2016,7,1,5,2,5,3,2,0,0,1,0,0,0,1,5.22462E+20,5.29063E+21,9.29978E+15,4.77686E+16
34270,34271,8,2,12,0,2016,7,16,5,3,5,3,0,0,1,1,0,0,0,0,4.55738E+20,5.43171E+21,8.39441E+15,4.90367E+16
34271,34272,8,1,28,45,2016,7,6,5,3,8,1,0,1,0,1,0,0,0,0,5.55984E+20,5.50306E+21,9.77599E+15,4.96774E+16
34272,34273,8,3,37,51,2016,7,7,4,3,5,3,0,0,0,1,0,0,0,1,4.37164E+20,5.28674E+21,8.16199E+15,4.77309E+16
34273,34274,8,2,31,0,2016,7,6,3,3,8,1,0,0,1,0,0,0,0,0,4.75763E+20,5.41447E+21,8.6694E+15,4.88827E+16
34274,34275,8,2,37,4,2016,7,21,6,2,9,1,1,1,0,1,0,0,0,0,4.54815E+20,5.37412E+21,8.38811E+15,4.85186E+16
34275,34276,8,4,26,71,2016,7,17,6,2,5,3,0,1,0,1,0,0,0,0,5.62966E+20,5.33356E+21,9.84659E+15,4.81522E+16
34276,34277,8,3,35,21,2016,7,19,2,2,5,3,0,0,0,1,0,1,0,0,4.95234E+20,5.30666E+21,8.93621E+15,4.79133E+16
34277,34278,8,2,15,9,2016,7,10,2,3,2,6,0,0,0,1,0,0,0,1,4.66562E+20,5.43906E+21,8.54189E+15,4.91035E+16
34278,34279,8,2,16,43,2016,7,17,6,3,3,6,0,0,0,1,0,0,0,0,4.4444E+20,5.41201E+21,8.24253E+15,4.88586E+16
34279,34280,8,1,36,35,2016,7,13,1,3,0,1,0,1,0,0,0,1,0,0,5.85287E+20,5.43453E+21,1.01674E+16,4.90578E+16
34280,34281,8,1,19,76,2016,7,10,2,2,3,2,0,0,1,1,0,0,0,0,5.42362E+20,5.40651E+21,9.57698E+15,4.88102E+16
34281,34282,8,3,16,43,2016,7,19,1,2,3,6,0,0,0,1,0,1,0,0,4.10328E+20,5.32728E+21,7.79573E+15,4.80925E+16
34282,34283,8,3,36,50,2016,7,16,6,3,2,6,0,1,0,1,0,0,0,0,3.98853E+20,5.27348E+21,7.65424E+15,4.76069E+16
34283,34284,8,2,16,7,2016,7,18,1,3,8,1,0,0,0,1,0,0,0,0,4.36158E+20,5.39339E+21,8.13252E+15,4.86902E+16
34284,34285,8,1,25,66,2016,7,8,2,3,2,6,0,0,0,1,0,0,0,0,5.15051E+20,5.43376E+21,9.206E+15,4.90566E+16
34285,34286,8,3,35,26,2016,7,17,1,2,8,1,0,0,0,0,0,1,0,0,4.80887E+20,5.28307E+21,8.74524E+15,4.77008E+16
34286,34287,8,2,15,82,2016,7,13,4,1,8,1,0,0,0,1,0,0,0,0,4.90253E+20,5.43806E+21,8.86649E+15,4.90953E+16
34287,34288,8,3,36,100,2016,7,19,7,2,8,1,0,0,1,0,0,0,0,0,3.98429E+20,5.27849E+21,7.64744E+15,4.76518E+16
34288,34289,8,1,19,84,2016,7,1,7,2,8,1,2,0,0,1,0,0,0,0,5.45673E+20,5.41466E+21,9.62299E+15,4.88832E+16
34289,34290,8,3,17,151,2016,7,9,7,2,5,2,0,0,0,1,0,1,0,0,4.12535E+20,5.36809E+21,7.81691E+15,4.84599E+16
34290,34291,8,4,16,48,2016,7,13,6,3,2,6,0,0,0,1,0,0,0,0,4.91815E+20,5.37719E+21,8.8891E+15,4.85478E+16
34291,34292,8,2,16,43,2016,7,11,3,3,5,3,0,0,1,1,0,0,0,0,4.42716E+20,5.41035E+21,8.21926E+15,4.88435E+16
34292,34293,8,3,15,111,2016,7,12,6,2,0,1,0,0,1,0,0,0,0,0,4.0162E+20,5.29976E+21,7.68511E+15,4.78436E+16
34293,34294,8,4,15,61,2016,7,17,6,3,2,6,0,1,0,1,0,1,0,0,5.15496E+20,5.3717E+21,9.20976E+15,4.84983E+16
34294,34295,8,3,17,65,2016,7,19,2,3,5,3,0,0,1,1,0,0,0,0,4.16775E+20,5.3549E+21,7.87686E+15,4.83418E+16
34295,34296,8,2,22,0,2016,7,17,2,3,1,1,0,0,0,1,0,0,0,0,4.63171E+20,5.47863E+21,8.49179E+15,4.94592E+16
34296,34297,8,1,17,38,2016,7,14,2,3,9,1,0,0,0,0,0,1,0,0,5.45913E+20,5.39802E+21,9.62439E+15,4.87336E+16
34297,34298,8,2,36,38,2016,7,14,6,3,2,6,0,0,0,1,0,0,0,0,4.87588E+20,5.42639E+21,8.83033E+15,4.89903E+16
34298,34299,8,1,26,46,2016,7,10,1,3,3,6,0,0,1,1,0,0,0,0,5.54594E+20,5.45952E+21,9.75072E+15,4.9286E+16
34299,34300,8,2,37,40,2016,7,17,1,3,2,7,0,1,0,0,0,1,0,0,4.68529E+20,5.36527E+21,8.57448E+15,4.84397E+16