FID,OBJECTID,ULAND,UREGBEZ,UKREIS,UGEMEINDE,UJAHR,UMONAT,USTUNDE,UWOCHENTAG,UKATEGORIE,UART,UTYP1,ULICHTVERH,IstStrasse,IstRad,IstPKW,IstFuss,IstKrad,IstGkfz,IstSonstig,LINREFX,LINREFY,XGCSWGS84,YGCSWGS84
34300,34301,8,1,18,21,2016,7,16,5,3,8,1,0,0,0,0,0,1,0,0,5.19844E+20,5.42904E+21,9.27138E+15,4.90139E+16
34301,34302,8,3,17,1,2016,7,8,3,3,5,3,0,0,0,1,0,0,0,0,4.32825E+20,5.38865E+21,8.08801E+15,4.86473E+16
34302,34303,8,1,17,26,2016,7,14,4,2,4,6,0,0,0,1,0,0,0,1,5.45957E+20,5.39384E+21,9.62452E+15,4.86959E+16
34303,34304,8,1,11,0,2016,7,12,3,3,3,6,0,0,0,1,0,0,1,0,5.10291E+20,5.40644E+21,9.14017E+15,4.88108E+16
34304,34305,8,1,27,79,2016,7,12,6,2,0,1,0,0,0,0,0,1,0,0,5.62735E+20,5.42401E+21,9.85713E+15,4.89658E+16
34305,34306,8,1,18,48,2016,7,19,6,3,5,3,1,1,1,1,0,0,0,0,5.13067E+20,5.41682E+21,9.17831E+15,4.89042E+16
34306,34307,8,1,36,88,2016,7,10,3,3,2,2,0,0,0,1,0,0,0,0,5.82282E+20,5.40827E+21,1.0121E+16,4.8822E+16
34307,34308,8,2,25,9,2016,7,8,5,2,4,6,0,1,0,1,0,0,0,0,5.1732E+20,5.46636E+21,9.23847E+15,4.93497E+16
34308,34309,8,3,17,145,2016,7,15,3,3,5,2,0,0,0,1,0,0,0,0,4.42266E+20,5.34912E+21,8.22162E+15,4.82927E+16
34309,34310,8,2,36,72,2016,7,21,7,3,5,3,1,0,1,1,0,0,0,0,4.67359E+20,5.41069E+21,8.55509E+15,4.88483E+16
34310,34311,8,4,25,33,2016,7,22,6,2,5,3,2,0,0,0,0,1,0,0,5.53887E+20,5.34664E+21,9.72619E+15,4.82706E+16
34311,34312,8,1,19,79,2016,7,22,6,3,2,6,2,1,0,1,0,0,0,0,5.21527E+20,5.40741E+21,9.29325E+15,4.88193E+16
34312,34313,8,1,15,21,2016,7,12,3,3,2,6,0,0,0,1,0,0,0,1,4.92378E+20,5.38256E+21,8.89663E+15,4.85961E+16
34313,34314,8,3,35,75,2016,7,19,5,2,8,6,0,0,0,1,0,0,0,1,4.89729E+20,5.29014E+21,8.86294E+15,4.77646E+16
34314,34315,8,3,15,113,2016,7,13,2,3,8,1,0,0,0,0,0,1,0,0,4.38231E+20,5.31591E+21,8.17204E+15,4.79935E+16
34315,34316,8,2,11,0,2016,7,15,2,2,2,6,0,0,0,0,0,0,1,0,4.41476E+20,5.40791E+21,8.20271E+15,4.88214E+16
34316,34317,8,1,11,0,2016,7,14,2,3,2,2,0,0,0,1,0,0,0,0,5.13449E+20,5.40252E+21,9.18305E+15,4.87756E+16
34317,34318,8,2,16,43,2016,7,13,6,3,5,2,0,0,1,1,0,0,0,0,4.42876E+20,5.41278E+21,8.2211E+15,4.88654E+16
34318,34319,8,1,18,14,2016,7,15,1,3,8,1,0,1,1,0,0,0,0,0,5.21814E+20,5.42111E+21,9.2979E+15,4.89425E+16
34319,34320,8,4,36,10,2016,7,7,5,3,2,7,0,1,0,1,0,0,0,1,5.65818E+20,5.30617E+21,9.88073E+15,4.79055E+16
34320,34321,8,2,26,82,2016,7,13,5,3,8,1,0,1,0,1,0,0,0,0,4.73898E+20,5.48088E+21,8.63966E+15,4.948E+16
34321,34322,8,4,25,31,2016,7,17,5,3,2,6,0,0,0,1,0,0,0,0,5.71691E+20,5.36749E+21,9.96966E+15,4.84565E+16
34322,34323,8,1,11,0,2016,7,6,5,3,5,2,0,0,0,1,0,0,0,0,5.06714E+20,5.40749E+21,9.09147E+15,4.88204E+16
34323,34324,8,4,36,64,2016,7,12,4,2,6,4,0,0,0,1,1,0,0,0,5.4674E+20,5.29384E+21,9.62412E+15,4.77962E+16
34324,34325,8,1,15,44,2016,7,18,7,3,5,2,0,0,1,1,0,0,0,0,5.02799E+20,5.38742E+21,9.03799E+15,4.86399E+16
34325,34326,8,3,15,130,2016,7,18,3,3,4,6,0,0,0,0,0,1,0,0,4.15812E+20,5.30483E+21,7.87376E+15,4.78913E+16
34326,34327,8,1,28,45,2016,7,15,4,2,4,7,0,0,0,1,0,0,0,0,5.53638E+20,5.50242E+21,9.74339E+15,4.96719E+16
34327,34328,8,4,37,44,2016,7,18,2,2,9,3,0,0,0,1,0,0,0,0,5.33034E+20,5.32382E+21,9.44342E+15,4.80668E+16
34328,34329,8,1,25,102,2016,7,0,3,3,2,6,2,0,0,0,0,0,1,0,5.24832E+20,5.44545E+21,9.3406E+15,4.91614E+16
34329,34330,8,2,15,102,2016,7,14,7,3,9,1,0,0,0,0,0,1,0,0,4.57134E+20,5.43811E+21,8.41283E+15,4.90943E+16
34330,34331,8,1,27,75,2016,7,17,2,3,3,2,0,0,0,1,0,0,0,0,5.68961E+20,5.46549E+21,9.94927E+15,4.93382E+16
34331,34332,8,4,15,73,2016,7,11,1,3,8,1,0,0,0,1,0,0,0,0,5.18539E+20,5.35253E+21,9.25011E+15,4.83257E+16
34332,34333,8,2,15,21,2016,7,6,4,3,2,6,0,0,0,0,0,0,1,1,4.68508E+20,5.44541E+21,8.56805E+15,4.91607E+16
34333,34334,8,4,36,52,2016,7,8,7,3,0,6,0,1,1,0,0,0,0,1,5.61874E+20,5.29003E+21,9.82565E+15,4.77607E+16
34334,34335,8,2,26,96,2016,7,14,7,3,1,6,0,0,0,1,0,0,0,0,4.76076E+20,5.48907E+21,8.66924E+15,4.95538E+16
34335,34336,8,1,36,65,2016,7,12,2,3,2,6,0,0,0,1,0,0,0,0,5.59144E+20,5.40586E+21,9.80545E+15,4.8803E+16
34336,34337,8,4,35,16,2016,7,19,1,3,0,1,0,0,1,0,0,0,0,0,5.35956E+20,5.27775E+21,9.4788E+15,4.76521E+16
34337,34338,8,2,37,2,2016,7,16,4,3,6,4,0,0,0,1,1,0,0,0,4.55568E+20,5.35473E+21,8.40036E+15,4.83441E+16
34338,34339,8,1,16,33,2016,7,19,1,2,3,6,0,0,0,1,0,1,0,0,5.33577E+20,5.3869E+21,9.45573E+15,4.86343E+16
34339,34340,8,4,26,97,2016,7,8,5,2,4,6,0,0,0,1,0,0,0,0,5.37528E+20,5.33887E+21,9.50506E+15,4.8202E+16
34340,34341,8,2,36,71,2016,7,21,5,3,5,2,2,0,0,0,0,1,0,0,4.68357E+20,5.41952E+21,8.568E+15,4.89278E+16
34341,34342,8,1,18,12,2016,7,23,5,2,3,6,2,0,0,1,0,1,0,0,5.0077E+20,5.41571E+21,9.0105E+15,4.88943E+16
34342,34343,8,4,36,64,2016,7,7,4,3,2,6,0,0,0,1,0,0,0,0,5.44045E+20,5.29071E+21,9.58782E+15,4.77682E+16
34343,34344,8,1,15,45,2016,7,15,4,3,2,6,0,0,0,1,0,0,1,0,5.00781E+20,5.39348E+21,9.01062E+15,4.86943E+16
34344,34345,8,3,15,6,2016,7,16,3,2,4,6,0,0,0,1,0,0,0,0,4.02631E+20,5.30895E+21,7.69655E+15,4.79265E+16
34345,34346,8,4,36,94,2016,7,15,6,3,8,1,0,0,0,0,0,1,0,0,5.67315E+20,5.2833E+21,9.89721E+15,4.76995E+16
34346,34347,8,1,21,0,2016,7,8,4,3,3,6,0,0,0,1,0,0,0,0,5.11057E+20,5.44312E+21,9.1516E+15,4.91408E+16
34347,34348,8,3,36,104,2016,7,17,6,3,3,6,0,0,1,0,0,0,1,0,4.0256E+20,5.28711E+21,7.7005E+15,4.773E+16
34348,34349,8,4,17,79,2016,7,13,2,3,8,7,0,0,0,1,0,0,0,0,4.93195E+20,5.34151E+21,8.90837E+15,4.82267E+16
34349,34350,8,1,19,8,2016,7,9,3,3,5,3,0,0,0,0,0,1,0,1,5.32183E+20,5.42185E+21,9.43955E+15,4.89487E+16
34350,34351,8,1,25,65,2016,7,13,2,2,5,3,0,0,0,1,0,1,0,0,5.15119E+20,5.44892E+21,9.20751E+15,4.91929E+16
34351,34352,8,3,37,97,2016,7,17,1,2,9,1,0,0,0,0,0,1,0,0,4.31297E+20,5.29403E+21,8.0826E+15,4.7796E+16
34352,34353,8,2,31,0,2016,7,12,4,3,2,6,0,0,0,1,0,0,0,0,4.75715E+20,5.41538E+21,8.66871E+15,4.88909E+16
34353,34354,8,4,15,60,2016,7,13,7,2,2,6,0,0,0,1,0,0,0,0,5.14012E+20,5.378E+21,9.18989E+15,4.85549E+16
34354,34355,8,1,27,103,2016,7,3,7,3,9,1,2,1,0,1,0,0,0,0,5.69206E+20,5.43761E+21,9.94785E+15,4.90875E+16
34355,34356,8,3,26,5,2016,7,19,5,2,8,1,0,0,0,0,0,1,0,0,4.6503E+20,5.29604E+21,8.53285E+15,4.78168E+16
34356,34357,8,1,25,69,2016,7,16,5,3,8,1,0,1,0,1,0,0,0,0,5.25581E+20,5.44914E+21,9.35111E+15,4.91945E+16
34357,34358,8,3,27,48,2016,7,20,7,1,4,1,0,1,0,1,0,0,0,0,4.77175E+20,5.31645E+21,8.69402E+15,4.8001E+16
34358,34359,8,1,26,66,2016,7,6,5,3,5,3,0,0,1,1,0,0,0,0,5.35184E+20,5.45053E+21,9.48303E+15,4.92065E+16
34359,34360,8,3,35,75,2016,7,10,4,3,3,6,0,0,0,1,0,0,0,1,4.88224E+20,5.28997E+21,8.84285E+15,4.7763E+16
34360,34361,8,2,15,101,2016,7,21,6,3,2,6,2,1,0,1,0,0,0,0,4.65433E+20,5.42802E+21,8.52737E+15,4.90041E+16
34361,34362,8,2,22,0,2016,7,8,3,3,5,3,0,0,1,1,0,0,0,0,4.68834E+20,5.47815E+21,8.56997E+15,4.94552E+16
34362,34363,8,3,17,98,2016,7,9,6,3,0,1,0,0,1,0,0,0,0,0,4.38188E+20,5.3669E+21,8.16404E+15,4.84522E+16
34363,34364,8,3,36,6,2016,7,7,5,3,5,3,0,0,0,1,0,0,0,0,3.90101E+20,5.2852E+21,7.53489E+15,4.77108E+16
34364,34365,8,2,22,0,2016,7,15,5,3,2,6,0,0,0,0,0,0,0,1,4.65559E+20,5.47609E+21,8.52496E+15,4.94365E+16
34365,34366,8,1,35,16,2016,7,19,5,3,2,6,0,0,0,1,0,0,0,0,5.87137E+20,5.38226E+21,1.01816E+16,4.85874E+16
34366,34367,8,4,16,41,2016,7,11,4,3,9,7,0,0,0,0,0,1,0,0,5.06544E+20,5.37362E+21,9.08861E+15,4.85157E+16
34367,34368,8,2,37,2,2016,7,16,3,3,2,2,0,0,0,1,0,0,0,0,4.60339E+20,5.35274E+21,8.46493E+15,4.83266E+16
34368,34369,8,4,35,35,2016,7,17,6,3,5,3,0,1,0,1,0,0,0,0,5.42805E+20,5.28343E+21,9.57056E+15,4.77029E+16
34369,34370,8,1,25,65,2016,7,22,4,3,5,3,2,0,1,1,0,0,0,0,5.15898E+20,5.44852E+21,9.21819E+15,4.91893E+16
34370,34371,8,3,26,52,2016,7,18,6,3,2,2,0,0,0,1,0,0,0,0,4.51737E+20,5.33092E+21,8.35137E+15,4.81297E+16
34371,34372,8,3,37,60,2016,7,9,2,3,6,7,0,0,0,1,1,0,0,0,4.67914E+20,5.27769E+21,8.57273E+15,4.76518E+16
34372,34373,8,2,12,0,2016,7,13,6,3,5,2,0,0,1,1,0,0,0,0,4.55981E+20,5.42942E+21,8.39798E+15,4.90161E+16
34373,34374,8,2,15,17,2016,7,19,1,3,2,6,0,0,0,1,0,0,0,0,4.59467E+20,5.42011E+21,8.44658E+15,4.89326E+16
34374,34375,8,1,21,0,2016,7,15,2,3,2,6,0,0,0,1,0,0,0,0,5.16272E+20,5.44374E+21,9.22312E+15,4.91463E+16
34375,34376,8,3,17,96,2016,7,11,1,3,5,2,0,0,0,1,0,1,0,0,4.21662E+20,5.3697E+21,7.94004E+15,4.84755E+16
34376,34377,8,3,27,54,2016,7,11,7,3,5,3,0,0,0,1,0,0,0,1,4.83123E+20,5.31542E+21,8.77378E+15,4.79919E+16
34377,34378,8,1,26,28,2016,7,12,5,3,5,3,0,0,0,1,0,0,0,0,5.34242E+20,5.46029E+21,9.47093E+15,4.92944E+16
34378,34379,8,1,18,54,2016,7,20,7,3,1,6,0,0,0,1,0,1,0,0,5.18338E+20,5.42201E+21,9.25046E+15,4.89507E+16
34379,34380,8,2,15,89,2016,7,11,7,3,2,2,0,0,0,1,0,0,0,0,4.72061E+20,5.42892E+21,8.61792E+15,4.90126E+16
34380,34381,8,1,36,65,2016,7,17,6,2,9,1,0,0,0,0,0,1,0,0,5.55046E+20,5.40074E+21,9.74896E+15,4.87573E+16
34381,34382,8,3,17,122,2016,7,13,3,2,2,6,0,0,0,0,0,0,1,0,4.17691E+20,5.37006E+21,7.88626E+15,4.84783E+16
34382,34383,8,3,15,74,2016,7,13,6,2,0,7,0,0,1,0,0,0,0,0,3.97197E+20,5.29632E+21,7.62683E+15,4.7812E+16
34383,34384,8,1,16,56,2016,7,6,6,3,0,1,1,0,0,1,0,0,0,0,5.31812E+20,5.39517E+21,9.43242E+15,4.87087E+16
34384,34385,8,3,17,96,2016,7,12,2,2,4,6,0,0,0,1,0,0,0,0,4.22884E+20,5.37242E+21,7.95608E+15,4.85002E+16
34385,34386,8,2,11,0,2016,7,19,2,3,2,6,0,0,0,1,0,1,0,0,4.45454E+20,5.39891E+21,8.25809E+15,4.87408E+16
34386,34387,8,1,16,79,2016,7,15,2,3,0,6,0,0,0,0,0,1,1,0,5.33181E+20,5.37723E+21,9.44958E+15,4.85473E+16
34387,34388,8,2,26,38,2016,7,23,6,3,5,3,2,1,1,1,0,0,0,0,4.72052E+20,5.48008E+21,8.61423E+15,4.94727E+16
34388,34389,8,1,21,0,2016,7,16,1,2,5,3,0,0,0,1,0,1,0,0,5.15886E+20,5.44198E+21,9.21776E+15,4.91305E+16
34389,34390,8,4,17,16,2016,7,10,6,3,1,6,0,0,0,1,0,0,0,0,4.8407E+20,5.34158E+21,8.7855E+15,4.82273E+16
34390,34391,8,3,27,50,2016,7,18,2,3,1,6,0,0,0,1,0,0,0,0,4.85264E+20,5.31418E+21,8.80253E+15,4.79808E+16
34391,34392,8,2,37,75,2016,7,15,2,2,8,1,0,0,1,0,0,0,0,0,4.50203E+20,5.36236E+21,8.32706E+15,4.84124E+16
34392,34393,8,2,35,46,2016,7,17,6,3,3,2,0,0,0,0,0,1,0,0,4.8019E+20,5.38152E+21,8.73137E+15,4.85865E+16
34393,34394,8,1,36,19,2016,7,15,1,3,8,1,0,0,0,1,0,0,0,0,5.87463E+20,5.42673E+21,1.01955E+16,4.89873E+16
34394,34395,8,1,18,27,2016,7,20,2,3,2,6,0,0,0,1,0,0,0,0,5.0268E+20,5.41251E+21,9.03654E+15,4.88655E+16
34395,34396,8,2,12,0,2016,7,17,1,2,5,3,0,0,0,1,0,1,0,0,4.53786E+20,5.42823E+21,8.3681E+15,4.90053E+16
34396,34397,8,1,19,76,2016,7,11,5,3,3,2,0,1,1,1,0,0,0,0,5.41546E+20,5.40643E+21,9.56587E+15,4.88095E+16
34397,34398,8,3,17,127,2016,7,8,3,3,4,7,0,0,0,0,0,1,1,0,4.21303E+20,5.35193E+21,7.93852E+15,4.83156E+16
34398,34399,8,1,35,19,2016,7,17,3,2,5,3,0,0,0,1,0,0,0,0,5.8309E+20,5.39248E+21,1.01288E+16,4.86799E+16
34399,34400,8,1,27,71,2016,7,11,6,3,5,3,0,0,0,1,0,0,0,0,5.74619E+20,5.45601E+21,1.00254E+16,4.92523E+16
34400,34401,8,1,19,76,2016,7,22,6,3,4,6,2,0,0,1,0,0,0,0,5.42373E+20,5.40651E+21,9.57714E+15,4.88101E+16
34401,34402,8,1,15,37,2016,7,10,3,3,5,3,0,0,0,1,0,0,1,0,4.93575E+20,5.38579E+21,8.91281E+15,4.86252E+16
34402,34403,8,4,36,79,2016,7,17,5,3,2,6,0,0,0,1,0,1,0,0,5.52977E+20,5.28929E+21,9.70686E+15,4.77548E+16
34403,34404,8,2,26,107,2016,7,14,2,3,9,6,0,0,0,0,0,0,0,1,4.73922E+20,5.48392E+21,8.63979E+15,4.95074E+16
34404,34405,8,1,25,103,2016,7,14,2,3,8,1,0,1,0,1,0,0,0,0,5.29163E+20,5.46208E+21,9.40122E+15,4.93108E+16
34405,34406,8,1,11,0,2016,7,13,2,3,2,6,0,0,0,1,0,0,0,0,5.12816E+20,5.40572E+21,9.17453E+15,4.88043E+16
34406,34407,8,2,31,0,2016,7,5,4,3,0,7,0,0,0,0,0,1,0,0,4.77466E+20,5.41591E+21,8.69256E+15,4.88957E+16
34407,34408,8,1,17,51,2016,7,12,1,2,4,2,0,0,0,1,0,1,0,0,5.42408E+20,5.39528E+21,9.57645E+15,4.87091E+16
34408,34409,8,4,35,16,2016,7,16,5,3,6,6,0,0,1,1,1,0,0,0,5.36296E+20,5.27891E+21,9.48342E+15,4.76626E+16
34409,34410,8,2,35,6,2016,7,8,5,3,5,3,0,0,0,1,0,0,0,0,4.70528E+20,5.38164E+21,8.60036E+15,4.85871E+16
34410,34411,8,1,11,0,2016,7,16,5,3,2,6,0,0,0,1,0,0,0,0,5.05627E+20,5.39654E+21,9.0765E+15,4.87219E+16
34411,34412,8,1,11,0,2016,7,8,5,3,2,6,0,0,0,1,0,0,0,0,5.06711E+20,5.40748E+21,9.09142E+15,4.88203E+16
34412,34413,8,4,36,64,2016,7,12,4,3,2,6,0,0,0,1,0,0,0,0,5.44043E+20,5.2907E+21,9.5878E+15,4.77681E+16
34413,34414,8,1,11,0,2016,7,15,7,3,2,6,0,0,0,1,0,0,0,0,5.15753E+20,5.40479E+21,9.21449E+15,4.87959E+16
34414,34415,8,1,17,44,2016,7,12,4,1,4,1,0,0,0,0,0,1,1,0,5.38289E+20,5.39202E+21,9.52016E+15,4.868E+16
34415,34416,8,3,11,0,2016,7,17,3,2,5,3,0,0,0,1,0,1,0,0,4.13156E+20,5.31543E+21,7.8361E+15,4.79862E+16
34416,34417,8,4,36,52,2016,7,17,6,3,2,1,0,1,0,1,0,0,0,0,5.66049E+20,5.28696E+21,9.8809E+15,4.77326E+16
34417,34418,8,4,26,21,2016,7,14,2,3,4,6,0,0,0,1,0,0,0,0,5.59535E+20,5.32598E+21,9.79941E+15,4.80843E+16
34418,34419,8,1,19,18,2016,8,17,3,3,9,1,0,1,0,0,0,1,0,0,5.26314E+20,5.42058E+21,9.35932E+15,4.89376E+16
34419,34420,8,3,36,50,2016,7,22,4,2,5,3,2,0,1,1,0,0,0,0,3.99227E+20,5.27552E+21,7.65875E+15,4.76252E+16
34420,34421,8,4,25,8,2016,7,19,6,2,2,6,0,0,0,1,0,1,0,0,5.64479E+20,5.3811E+21,9.87423E+15,4.85796E+16
34421,34422,8,2,16,41,2016,7,5,6,3,8,1,0,0,0,1,0,0,0,0,4.31524E+20,5.39369E+21,8.06951E+15,4.86925E+16
34422,34423,8,1,26,46,2016,7,16,4,3,2,6,0,0,0,1,0,0,1,0,5.56699E+20,5.45808E+21,9.77946E+15,4.92728E+16
34423,34424,8,3,35,22,2016,7,9,5,2,5,3,0,0,0,1,0,1,0,0,4.82811E+20,5.29951E+21,8.77024E+15,4.78487E+16
34424,34425,8,2,12,0,2016,7,8,5,3,2,6,0,0,0,1,0,0,0,0,4.59659E+20,5.42794E+21,8.44843E+15,4.9003E+16
34425,34426,8,1,36,28,2016,8,13,2,3,5,3,0,0,0,1,0,1,0,0,5.68518E+20,5.40483E+21,9.93291E+15,4.87927E+16
34426,34427,8,1,17,26,2016,8,8,2,2,5,3,0,0,0,1,0,0,0,0,5.48913E+20,5.39387E+21,9.66471E+15,4.8696E+16
34427,34428,8,2,26,37,2016,7,19,1,3,2,6,0,0,0,1,0,0,0,1,4.66898E+20,5.47037E+21,8.54391E+15,4.93851E+16
34428,34429,8,2,16,43,2016,7,19,4,3,0,1,0,0,0,0,0,1,0,0,4.40918E+20,5.41161E+21,8.19457E+15,4.88546E+16
34429,34430,8,3,17,152,2016,7,0,7,3,5,3,2,0,0,1,0,1,0,0,4.08382E+20,5.34872E+21,7.76498E+15,4.8285E+16
34430,34431,8,1,36,27,2016,7,16,5,3,5,3,0,0,1,1,0,0,0,0,5.54486E+20,5.42041E+21,9.74395E+15,4.89342E+16
34431,34432,8,1,16,49,2016,7,22,5,3,5,3,2,0,0,1,0,0,0,0,5.23447E+20,5.3831E+21,9.31802E+15,4.86006E+16
34432,34433,8,4,15,73,2016,7,16,6,3,9,1,0,0,0,1,0,0,0,0,5.21825E+20,5.35144E+21,9.29438E+15,4.83158E+16
34433,34434,8,1,19,44,2016,7,11,7,3,5,3,0,0,0,1,0,0,0,0,5.47371E+20,5.42491E+21,9.64734E+15,4.89752E+16
34434,34435,8,4,26,38,2016,7,15,4,3,2,6,0,1,0,1,0,0,1,0,5.58797E+20,5.3117E+21,9.78755E+15,4.79559E+16
34435,34436,8,4,35,59,2016,8,20,2,3,8,1,0,0,0,0,0,1,0,0,5.06534E+20,5.29864E+21,9.08732E+15,4.78411E+16
34436,34437,8,2,12,0,2016,7,19,4,3,5,3,0,0,1,0,0,0,0,0,4.57896E+20,5.42795E+21,8.42432E+15,4.9003E+16
34437,34438,8,3,36,81,2016,7,11,3,3,2,6,0,0,0,1,0,0,0,0,4.12742E+20,5.27831E+21,7.83803E+15,4.76523E+16
34438,34439,8,3,17,11,2016,8,12,2,2,2,1,0,0,0,1,0,1,0,0,4.25332E+20,5.35315E+21,7.99263E+15,4.83271E+16
34439,34440,8,2,15,84,2016,7,14,6,3,8,1,0,0,0,1,0,0,0,1,4.7341E+20,5.44589E+21,8.63525E+15,4.91652E+16
34440,34441,8,1,15,21,2016,7,4,6,3,2,6,2,0,0,0,0,0,1,1,4.92526E+20,5.37959E+21,8.89869E+15,4.85693E+16
34441,34442,8,1,25,13,2016,7,22,4,2,9,7,2,0,0,1,0,0,0,0,5.02301E+20,5.43831E+21,9.03152E+15,4.90976E+16
34442,34443,8,1,26,46,2016,8,17,2,3,4,2,0,0,0,1,0,0,0,0,5.49526E+20,5.45971E+21,9.68106E+15,4.92882E+16
34443,34444,8,1,18,10,2016,7,10,6,3,5,3,0,0,0,0,0,1,0,1,5.06831E+20,5.43224E+21,9.09347E+15,4.9043E+16
34444,34445,8,4,37,101,2016,7,10,7,2,5,3,0,0,0,1,0,1,0,0,5.21981E+20,5.3245E+21,9.29509E+15,4.80734E+16
34445,34446,8,1,11,0,2016,8,16,2,3,2,6,0,0,0,1,0,1,0,0,5.13977E+20,5.40605E+21,9.19036E+15,4.88073E+16
34446,34447,8,1,28,7,2016,8,14,2,3,5,3,0,0,0,1,0,1,0,0,5.54497E+20,5.48438E+21,9.7528E+15,4.95096E+16
34447,34448,8,1,16,33,2016,8,22,2,3,0,3,2,0,0,1,0,0,0,1,5.34429E+20,5.38925E+21,9.46749E+15,4.86554E+16
34448,34449,8,2,22,0,2016,7,11,1,3,2,6,0,0,0,1,0,0,0,0,4.61629E+20,5.48112E+21,8.47027E+15,4.94815E+16
34449,34450,8,2,15,9,2016,7,18,4,3,1,6,0,0,0,1,0,1,0,0,4.70888E+20,5.44128E+21,8.601E+15,4.91237E+16
34450,34451,8,3,15,68,2016,7,22,7,3,8,1,2,0,0,1,0,0,0,0,4.37957E+20,5.30435E+21,8.17004E+15,4.78895E+16
34451,34452,8,1,28,61,2016,7,15,5,2,5,2,0,0,1,1,0,0,0,0,5.39076E+20,5.49293E+21,9.54063E+15,4.95877E+16
34452,34453,8,1,11,0,2016,7,13,5,2,6,4,0,1,0,0,1,0,0,1,5.11601E+20,5.40196E+21,9.15788E+15,4.87705E+16
34453,34454,8,3,35,63,2016,7,13,6,3,2,2,0,0,0,1,0,0,0,0,4.96012E+20,5.28729E+21,8.9468E+15,4.7739E+16
34454,34455,8,1,18,79,2016,7,15,7,3,1,6,0,0,0,1,0,0,0,0,5.09284E+20,5.4228E+21,9.12682E+15,4.89581E+16
34455,34456,8,1,28,126,2016,8,12,3,3,4,6,0,1,0,1,0,0,0,0,5.68211E+20,5.48069E+21,9.94156E+15,4.9475E+16
34456,34457,8,4,25,72,2016,7,17,4,3,2,6,0,0,0,1,0,0,0,0,5.79198E+20,5.371E+21,1.00718E+16,4.84871E+16
34457,34458,8,4,25,24,2016,8,18,2,3,3,6,0,0,1,1,0,0,0,0,5.72968E+20,5.37245E+21,9.98778E+15,4.8501E+16
34458,34459,8,2,36,62,2016,7,17,4,3,0,7,0,0,0,0,0,1,0,0,4.87045E+20,5.40572E+21,8.82357E+15,4.88043E+16
34459,34460,8,3,15,37,2016,8,11,2,2,3,2,0,0,0,1,0,1,0,0,4.29947E+20,5.30112E+21,8.06344E+15,4.78596E+16
34460,34461,8,1,35,15,2016,7,18,6,3,5,3,0,0,0,1,0,0,0,0,5.83446E+20,5.38269E+21,1.01317E+16,4.85918E+16
34461,34462,8,1,25,65,2016,7,7,4,3,3,2,0,0,0,1,0,0,0,0,5.16995E+20,5.44979E+21,9.23329E+15,4.92007E+16
34462,34463,8,4,26,62,2016,7,2,6,2,3,6,2,0,1,1,0,0,0,0,5.53067E+20,5.31585E+21,9.71131E+15,4.79938E+16
34463,34464,8,4,35,16,2016,7,11,7,2,5,3,0,0,1,1,0,0,0,0,5.32171E+20,5.27919E+21,9.42851E+15,4.76653E+16
34464,34465,8,4,35,16,2016,7,16,1,3,8,7,0,1,1,0,0,0,0,0,5.33034E+20,5.28037E+21,9.4401E+15,4.76759E+16
34465,34466,8,1,36,88,2016,7,13,1,3,9,1,0,1,0,1,0,0,0,0,5.88858E+20,5.40645E+21,1.02101E+16,4.88047E+16
34466,34467,8,4,16,36,2016,7,16,4,3,5,2,0,0,0,1,0,1,0,0,4.96802E+20,5.37118E+21,8.95671E+15,4.84937E+16
34467,34468,8,3,17,129,2016,7,14,6,2,5,2,0,0,0,1,0,0,0,0,4.30071E+20,5.35115E+21,8.0569E+15,4.83097E+16
34468,34469,8,4,35,16,2016,7,0,6,3,8,1,2,0,0,1,0,0,0,0,5.38942E+20,5.27954E+21,9.51873E+15,4.76681E+16
34469,34470,8,3,27,49,2016,8,22,2,3,6,2,2,0,0,1,1,0,0,0,4.72933E+20,5.32416E+21,8.63665E+15,4.80702E+16
34470,34471,8,2,12,0,2016,7,14,1,3,5,2,0,0,0,1,0,0,0,0,4.64557E+20,5.42295E+21,8.51583E+15,4.89585E+16
34471,34472,8,2,36,39,2016,7,14,7,3,0,3,0,0,1,1,0,0,0,0,4.88781E+20,5.41122E+21,8.84706E+15,4.88539E+16
34472,34473,8,1,21,0,2016,7,11,5,2,1,2,0,0,0,1,0,0,0,0,5.13372E+20,5.4458E+21,9.18342E+15,4.91649E+16
34473,34474,8,3,26,17,2016,7,10,6,3,6,7,0,0,0,1,1,0,0,0,4.40204E+20,5.32181E+21,8.19767E+15,4.80468E+16
34474,34475,8,1,15,21,2016,7,18,7,3,0,1,0,0,0,1,0,1,0,0,4.89178E+20,5.38406E+21,8.85318E+15,4.86095E+16
34475,34476,8,1,26,58,2016,8,13,3,3,8,7,0,1,1,0,0,0,0,0,5.42502E+20,5.45124E+21,9.58357E+15,4.92125E+16
34476,34477,8,2,16,24,2016,7,13,4,3,0,3,0,0,0,1,0,1,0,0,4.45457E+20,5.40858E+21,8.25685E+15,4.88278E+16
34477,34478,8,4,16,25,2016,7,16,4,3,2,6,0,0,0,1,0,0,0,0,5.0765E+20,5.35907E+21,9.10333E+15,4.83848E+16
34478,34479,8,3,37,126,2016,8,16,2,3,3,6,0,0,0,1,0,1,0,0,4.44029E+20,5.27438E+21,8.25512E+15,4.76204E+16
34479,34480,8,4,36,64,2016,7,21,5,3,4,2,2,0,0,1,0,0,0,0,5.42629E+20,5.29151E+21,9.569E+15,4.77756E+16
34480,34481,8,2,15,102,2016,8,19,2,3,4,6,0,0,0,1,0,0,0,0,4.56837E+20,5.43709E+21,8.40886E+15,4.90852E+16