FID,OBJECTID,ULAND,UREGBEZ,UKREIS,UGEMEINDE,UJAHR,UMONAT,USTUNDE,UWOCHENTAG,UKATEGORIE,UART,UTYP1,ULICHTVERH,IstStrasse,IstRad,IstPKW,IstFuss,IstKrad,IstGkfz,IstSonstig,LINREFX,LINREFY,XGCSWGS84,YGCSWGS84
34662,34663,8,1,17,31,2016,7,18,6,3,2,6,0,0,0,1,0,0,0,0,5.50299E+20,5.37554E+21,9.68132E+15,4.8531E+16
34663,34664,8,4,35,45,2016,7,13,7,3,2,6,0,0,0,1,0,1,0,1,5.35457E+20,5.28734E+21,9.47294E+15,4.77384E+16
34664,34665,8,4,36,9,2016,7,18,1,3,2,6,0,1,0,1,0,0,0,0,5.54971E+20,5.30621E+21,9.7356E+15,4.79068E+16
34665,34666,8,1,27,99,2016,7,0,1,3,8,1,2,0,0,1,0,0,0,0,5.63492E+20,5.44666E+21,9.87102E+15,4.91695E+16
34666,34667,8,4,16,36,2016,7,16,4,3,8,6,0,0,0,1,0,0,0,1,4.82742E+20,5.37285E+21,8.76635E+15,4.85085E+16
34667,34668,8,3,17,29,2016,7,18,6,3,8,7,0,0,1,0,0,0,0,0,4.34221E+20,5.3487E+21,8.11324E+15,4.82881E+16
34668,34669,8,4,37,78,2016,7,14,6,3,2,6,0,0,0,1,0,0,0,0,5.08161E+20,5.31928E+21,9.10945E+15,4.80267E+16
34669,34670,8,4,37,88,2016,8,20,2,2,8,1,0,0,1,0,0,0,0,0,5.21104E+20,5.30188E+21,9.2822E+15,4.78699E+16
34670,34671,8,4,15,14,2016,7,4,5,2,4,2,2,0,0,1,0,0,0,0,5.27014E+20,5.37295E+21,9.36575E+15,4.85091E+16
34671,34672,8,2,31,0,2016,8,18,2,3,2,6,0,0,0,1,0,1,0,0,4.7776E+20,5.41567E+21,8.69658E+15,4.88936E+16
34672,34673,8,1,19,61,2016,7,19,6,3,6,4,0,0,0,1,1,0,0,0,5.38942E+20,5.41469E+21,9.53118E+15,4.88839E+16
34673,34674,8,2,25,14,2016,7,0,5,2,8,1,2,0,0,1,0,0,0,0,5.19398E+20,5.48272E+21,9.26789E+15,4.94968E+16
34674,34675,8,1,15,3,2016,7,6,4,3,5,3,0,0,1,0,0,0,0,0,4.99836E+20,5.39207E+21,8.99777E+15,4.86817E+16
34675,34676,8,4,17,13,2016,7,21,4,2,7,7,2,0,0,0,0,1,0,0,5.04459E+20,5.34665E+21,9.06009E+15,4.8273E+16
34676,34677,8,3,37,116,2016,8,19,2,2,0,1,0,0,1,0,0,0,0,0,4.18937E+20,5.27749E+21,7.92066E+15,4.76457E+16
34677,34678,8,2,26,85,2016,7,19,4,2,8,1,0,0,0,0,0,1,0,0,4.90798E+20,5.45281E+21,8.87361E+15,4.9228E+16
34678,34679,8,4,36,81,2016,7,13,5,3,5,7,0,0,0,1,0,1,0,0,5.62465E+20,5.28184E+21,9.83236E+15,4.76869E+16
34679,34680,8,2,15,29,2016,8,6,2,2,5,3,0,0,0,1,0,0,0,0,4.68289E+20,5.44536E+21,8.56506E+15,4.91602E+16
34680,34681,8,1,25,68,2016,7,0,6,3,8,1,2,0,0,1,0,0,0,0,5.18134E+20,5.45767E+21,9.24928E+15,4.92716E+16
34681,34682,8,1,11,0,2016,7,17,4,3,2,6,0,0,0,1,0,0,0,0,5.09481E+20,5.40053E+21,9.12899E+15,4.87577E+16
34682,34683,8,1,25,56,2016,8,17,2,3,4,2,0,0,1,1,0,0,0,0,5.11406E+20,5.43576E+21,9.15617E+15,4.90746E+16
34683,34684,8,4,16,25,2016,7,17,1,3,2,6,0,0,0,1,0,0,0,0,5.02991E+20,5.36174E+21,9.04042E+15,4.84088E+16
34684,34685,8,1,16,80,2016,7,16,6,3,1,6,0,0,0,1,0,0,0,0,5.19381E+20,5.39506E+21,9.26345E+15,4.87083E+16
34685,34686,8,4,17,79,2016,7,15,7,3,2,6,0,0,0,1,0,0,0,0,5.01915E+20,5.34108E+21,9.02579E+15,4.82229E+16
34686,34687,8,4,17,54,2016,7,14,1,3,5,3,0,0,0,1,0,1,0,0,4.79125E+20,5.34817E+21,8.7186E+15,4.82864E+16
34687,34688,8,1,19,18,2016,7,21,1,3,0,6,2,0,0,1,0,0,0,1,5.25913E+20,5.42087E+21,9.35385E+15,4.89402E+16
34688,34689,8,1,26,20,2016,8,11,3,3,5,3,0,1,0,1,0,0,0,1,5.51179E+20,5.47065E+21,9.70519E+15,4.93864E+16
34689,34690,8,4,15,80,2016,7,5,4,3,5,3,0,0,0,1,0,1,0,0,5.11084E+20,5.37367E+21,9.15009E+15,4.8516E+16
34690,34691,8,4,36,64,2016,7,16,6,3,8,1,0,0,0,0,0,1,0,0,5.42186E+20,5.29194E+21,9.56313E+15,4.77795E+16
34691,34692,8,3,15,20,2016,7,8,6,3,1,2,0,0,0,1,0,0,0,0,4.2594E+20,5.31247E+21,8.00791E+15,4.79613E+16
34692,34693,8,1,11,0,2016,7,15,4,3,2,6,0,0,0,1,0,0,1,0,5.14768E+20,5.40609E+21,9.20114E+15,4.88076E+16
34693,34694,8,3,26,52,2016,8,6,2,3,9,1,0,0,0,1,0,0,0,0,4.48048E+20,5.32799E+21,8.30216E+15,4.81031E+16
34694,34695,8,3,37,96,2016,7,8,5,3,5,2,0,0,0,1,0,0,0,1,4.19995E+20,5.26725E+21,7.93662E+15,4.75538E+16
34695,34696,8,3,17,57,2016,7,11,5,3,5,2,0,0,0,1,0,0,0,1,4.14152E+20,5.37824E+21,7.83669E+15,4.85514E+16
34696,34697,8,2,15,9,2016,8,17,2,3,3,2,0,0,1,1,0,0,0,0,4.69724E+20,5.44103E+21,8.58506E+15,4.91214E+16
34697,34698,8,2,15,9,2016,7,18,5,3,5,3,0,0,1,1,0,0,0,0,4.70606E+20,5.44168E+21,8.59709E+15,4.91273E+16
34698,34699,8,1,11,0,2016,7,6,4,3,3,6,0,0,0,1,0,1,0,0,5.15243E+20,5.40547E+21,9.20758E+15,4.88021E+16
34699,34700,8,1,18,67,2016,8,11,2,3,3,3,0,0,0,1,0,0,0,0,5.06997E+20,5.41263E+21,9.09541E+15,4.88666E+16
34700,34701,8,3,17,96,2016,7,11,1,3,1,5,0,0,1,1,0,0,0,0,4.22579E+20,5.36868E+21,7.95264E+15,4.84665E+16
34701,34702,8,1,11,0,2016,7,18,4,3,2,6,0,0,0,1,0,1,0,0,5.1135E+20,5.39498E+21,9.15427E+15,4.87077E+16
34702,34703,8,3,35,75,2016,7,10,7,3,6,4,0,0,0,1,1,0,0,0,4.88299E+20,5.28805E+21,8.84391E+15,4.77457E+16
34703,34704,8,1,15,28,2016,7,2,5,3,9,7,2,0,0,0,0,0,0,1,5.02099E+20,5.40205E+21,9.02857E+15,4.87715E+16
34704,34705,8,1,18,54,2016,7,15,5,1,5,2,0,0,0,1,0,0,0,0,5.19429E+20,5.42401E+21,9.26547E+15,4.89687E+16
34705,34706,8,1,21,0,2016,7,17,7,3,2,6,0,0,0,1,0,0,0,0,5.14449E+20,5.44216E+21,9.19807E+15,4.91321E+16
34706,34707,8,1,19,42,2016,8,15,2,3,6,4,0,0,0,0,1,0,1,0,5.28295E+20,5.41542E+21,9.38601E+15,4.88911E+16
34707,34708,8,3,27,2,2016,7,19,1,3,4,6,0,0,0,1,0,0,0,0,4.78714E+20,5.32718E+21,8.71411E+15,4.80975E+16
34708,34709,8,1,11,0,2016,7,16,6,3,2,6,0,0,0,1,0,0,0,0,5.1795E+20,5.40267E+21,9.24432E+15,4.87768E+16
34709,34710,8,4,15,61,2016,7,15,7,3,2,6,0,0,0,1,0,0,0,0,5.15215E+20,5.37251E+21,9.20599E+15,4.85055E+16
34710,34711,8,1,25,86,2016,7,12,5,3,2,6,0,0,0,1,0,0,0,0,5.01417E+20,5.44364E+21,9.01943E+15,4.91456E+16
34711,34712,8,1,18,48,2016,8,17,3,3,2,6,0,0,0,1,0,0,0,0,5.14258E+20,5.4149E+21,9.1945E+15,4.88869E+16
34712,34713,8,3,35,35,2016,7,13,4,3,2,6,0,0,0,1,0,0,0,1,4.81189E+20,5.28976E+21,8.74898E+15,4.77609E+16
34713,34714,8,4,25,79,2016,7,15,6,3,1,6,0,0,0,1,0,0,0,1,5.55258E+20,5.37373E+21,9.74823E+15,4.85143E+16
34714,34715,8,2,37,40,2016,7,17,6,3,4,6,0,0,0,1,0,1,0,0,4.73968E+20,5.36373E+21,8.64811E+15,4.84261E+16
34715,34716,8,1,11,0,2016,7,15,4,3,5,3,0,0,1,1,0,0,0,0,5.13032E+20,5.40699E+21,9.17751E+15,4.88157E+16
34716,34717,8,3,35,80,2016,7,14,5,2,4,1,0,0,0,0,0,1,0,1,4.74324E+20,5.29501E+21,8.65707E+15,4.78079E+16
34717,34718,8,2,35,6,2016,7,23,5,2,9,1,2,0,0,0,0,1,0,0,4.72801E+20,5.38369E+21,8.63105E+15,4.86057E+16
34718,34719,8,1,35,19,2016,8,13,2,3,0,7,0,1,0,1,0,1,1,0,5.85478E+20,5.39204E+21,1.01611E+16,4.86755E+16
34719,34720,8,1,17,19,2016,8,11,2,2,5,3,0,0,0,1,0,0,0,0,5.50668E+20,5.39399E+21,9.68857E+15,4.86969E+16
34720,34721,8,2,12,0,2016,7,22,1,3,5,3,2,0,1,1,0,0,0,0,4.56231E+20,5.4267E+21,8.4017E+15,4.89916E+16
34721,34722,8,1,36,19,2016,7,11,4,3,4,2,0,0,0,1,0,0,0,0,5.81751E+20,5.42527E+21,1.01171E+16,4.89749E+16
34722,34723,8,3,17,57,2016,7,3,7,3,5,3,2,0,0,1,0,0,0,0,4.14292E+20,5.37822E+21,7.8386E+15,4.85512E+16
34723,34724,8,1,36,65,2016,7,17,5,3,5,3,0,0,0,1,0,1,0,0,5.62093E+20,5.40433E+21,9.84537E+15,4.87889E+16
34724,34725,8,1,15,45,2016,7,8,5,3,2,6,0,0,0,1,0,0,0,0,4.99603E+20,5.39473E+21,8.9946E+15,4.87056E+16
34725,34726,8,4,15,90,2016,7,20,6,3,1,5,0,0,0,1,0,0,0,0,5.27513E+20,5.35514E+21,9.37135E+15,4.83488E+16
34726,34727,8,1,18,21,2016,7,12,7,3,5,3,0,0,0,1,0,1,0,0,5.20975E+20,5.42695E+21,9.28674E+15,4.89951E+16
34727,34728,8,4,26,38,2016,7,15,4,3,2,6,0,1,0,1,0,0,0,0,5.58797E+20,5.3117E+21,9.78755E+15,4.79559E+16
34728,34729,8,4,35,36,2016,8,16,2,3,3,6,0,0,1,0,0,0,0,0,5.19825E+20,5.28252E+21,9.26422E+15,4.76958E+16
34729,34730,8,2,35,6,2016,7,17,4,3,2,6,0,0,0,1,0,0,0,0,4.72351E+20,5.38264E+21,8.62501E+15,4.85962E+16
34730,34731,8,3,25,11,2016,7,15,3,1,9,1,0,0,0,0,0,1,0,0,4.74299E+20,5.34005E+21,8.65403E+15,4.82131E+16
34731,34732,8,3,17,75,2016,8,6,2,3,5,2,0,0,0,1,0,0,0,1,4.12238E+20,5.36027E+21,7.81454E+15,4.83895E+16
34732,34733,8,2,15,101,2016,7,16,6,3,5,3,0,0,0,1,0,1,0,0,4.65592E+20,5.42825E+21,8.52952E+15,4.90061E+16
34733,34734,8,1,36,10,2016,7,13,6,3,5,3,0,0,1,1,0,0,0,0,5.99302E+20,5.4127E+21,1.03539E+16,4.88593E+16
34734,34735,8,4,37,88,2016,7,9,3,3,0,7,0,0,0,0,0,0,0,1,5.15089E+20,5.30622E+21,9.20192E+15,4.79092E+16
34735,34736,8,4,36,64,2016,7,16,4,3,4,2,0,0,0,1,0,0,0,0,5.44829E+20,5.28827E+21,9.59804E+15,4.77462E+16
34736,34737,8,1,11,0,2016,8,17,3,3,5,3,0,0,1,1,0,0,0,0,5.18409E+20,5.40042E+21,9.25048E+15,4.87566E+16
34737,34738,8,4,17,2,2016,7,11,4,1,4,6,0,1,0,1,0,0,0,0,4.89098E+20,5.34386E+21,8.85315E+15,4.82478E+16
34738,34739,8,3,15,6,2016,7,13,4,3,5,3,0,0,0,1,0,0,0,0,4.00485E+20,5.31192E+21,7.66714E+15,4.79528E+16
34739,34740,8,3,26,5,2016,7,18,3,2,5,3,0,0,0,0,0,1,0,1,4.62832E+20,5.30091E+21,8.50308E+15,4.78605E+16
34740,34741,8,2,22,0,2016,7,17,6,3,2,6,0,0,0,1,0,0,0,0,4.64599E+20,5.48192E+21,8.5112E+15,4.94889E+16
34741,34742,8,4,36,9,2016,7,19,3,3,2,6,0,0,0,1,0,0,1,0,5.52275E+20,5.30243E+21,9.69907E+15,4.78731E+16
34742,34743,8,1,28,20,2016,8,0,2,3,0,1,2,0,0,0,0,1,0,1,5.76448E+20,5.47943E+21,1.0055E+16,4.94627E+16
34743,34744,8,1,16,77,2016,8,14,2,2,5,3,0,0,0,1,0,0,0,0,5.1662E+20,5.38978E+21,9.2257E+15,4.86608E+16
34744,34745,8,2,26,38,2016,7,15,1,3,2,6,0,0,0,1,0,1,0,0,4.71172E+20,5.48142E+21,8.60198E+15,4.94847E+16
34745,34746,8,1,28,61,2016,7,19,4,2,5,3,0,0,1,1,0,0,0,0,5.38046E+20,5.49221E+21,9.52632E+15,4.95812E+16
34746,34747,8,2,26,103,2016,7,17,7,3,2,6,0,0,0,1,0,1,0,0,4.71786E+20,5.4592E+21,8.61205E+15,4.92849E+16
34747,34748,8,1,27,23,2016,7,12,5,3,5,3,0,0,0,1,0,0,0,1,5.52102E+20,5.42597E+21,9.71212E+15,4.89845E+16
34748,34749,8,1,11,0,2016,7,18,5,3,5,3,0,0,0,1,0,0,0,0,5.09882E+20,5.39726E+21,9.13438E+15,4.87283E+16
34749,34750,8,4,35,42,2016,7,16,6,3,4,1,0,0,0,1,0,1,0,0,5.53126E+20,5.28127E+21,9.70786E+15,4.76826E+16
34750,34751,8,1,17,24,2016,7,15,7,3,1,1,0,0,0,1,0,1,0,0,5.61439E+20,5.38595E+21,9.83373E+15,4.86236E+16
34751,34752,8,1,27,71,2016,8,17,3,3,2,6,0,1,0,1,0,0,0,0,5.75862E+20,5.45401E+21,1.00421E+16,4.92341E+16
34752,34753,8,4,17,2,2016,7,10,4,3,5,3,0,0,0,1,0,0,0,0,4.89044E+20,5.34557E+21,8.85237E+15,4.82633E+16
34753,34754,8,4,17,79,2016,8,9,2,3,4,2,0,0,0,1,0,1,0,0,5.02008E+20,5.34249E+21,9.02704E+15,4.82356E+16
34754,34755,8,2,31,0,2016,7,20,4,3,2,1,0,0,0,1,0,0,0,0,4.78922E+20,5.41688E+21,8.71237E+15,4.89045E+16
34755,34756,8,3,11,0,2016,8,18,2,3,1,5,0,0,0,1,0,1,0,0,4.1335E+20,5.31614E+21,7.83856E+15,4.79927E+16
34756,34757,8,1,27,14,2016,7,6,6,2,4,2,0,1,0,1,0,1,0,0,5.79089E+20,5.44113E+21,1.00839E+16,4.9118E+16
34757,34758,8,4,36,81,2016,7,18,3,3,1,5,0,0,0,1,0,1,0,0,5.57218E+20,5.28861E+21,9.76334E+15,4.77484E+16
34758,34759,8,1,25,17,2016,8,18,2,2,5,3,0,0,0,1,0,1,0,0,5.03995E+20,5.43193E+21,9.05467E+15,4.90403E+16
34759,34760,8,4,26,14,2016,7,17,6,2,4,6,0,0,0,1,0,1,0,0,5.47288E+20,5.31912E+21,9.63422E+15,4.80236E+16
34760,34761,8,4,35,29,2016,7,19,7,3,2,6,0,0,0,1,0,0,0,0,5.45082E+20,5.27154E+21,9.59968E+15,4.75957E+16
34761,34762,8,4,25,108,2016,7,16,1,2,2,6,0,1,0,1,0,0,0,0,5.55588E+20,5.35891E+21,9.75073E+15,4.83809E+16
34762,34763,8,1,26,20,2016,7,12,1,3,0,7,0,0,0,0,0,1,0,0,5.51227E+20,5.47034E+21,9.70581E+15,4.93836E+16
34763,34764,8,1,18,19,2016,7,6,6,3,2,6,0,0,0,1,0,0,0,0,5.02778E+20,5.40561E+21,9.03783E+15,4.88035E+16
34764,34765,8,4,36,52,2016,7,10,7,2,4,6,0,0,0,1,0,1,0,0,5.66319E+20,5.28695E+21,9.88449E+15,4.77325E+16
34765,34766,8,1,11,0,2016,8,11,2,2,6,7,0,0,1,0,1,0,0,0,5.13738E+20,5.40195E+21,9.18697E+15,4.87704E+16
34766,34767,8,1,26,11,2016,7,16,1,3,2,6,0,0,0,1,0,0,0,0,5.32004E+20,5.44932E+21,9.43928E+15,4.91958E+16
34767,34768,8,1,27,101,2016,7,18,4,3,8,1,0,0,0,0,1,0,0,1,5.84664E+20,5.44583E+21,1.01612E+16,4.91595E+16
34768,34769,8,2,25,33,2016,7,12,7,3,2,1,0,0,0,0,0,1,0,0,5.11027E+20,5.46114E+21,9.15168E+15,4.93029E+16
34769,34770,8,3,25,49,2016,7,15,6,3,5,3,0,0,0,1,0,1,0,0,4.75989E+20,5.33002E+21,8.67735E+15,4.8123E+16
34770,34771,8,1,15,37,2016,7,11,7,3,3,7,0,0,0,1,0,1,0,0,4.92192E+20,5.38518E+21,8.89406E+15,4.86196E+16
34771,34772,8,1,26,94,2016,8,18,3,3,5,2,0,0,0,1,0,0,0,0,5.3811E+20,5.45561E+21,9.52369E+15,4.92521E+16
34772,34773,8,3,37,66,2016,8,14,2,2,2,6,0,0,0,1,0,1,0,0,4.29429E+20,5.26837E+21,8.06181E+15,4.75649E+16
34773,34774,8,4,35,34,2016,7,17,5,3,5,3,0,0,1,1,0,0,0,0,5.28788E+20,5.28548E+21,9.38386E+15,4.77221E+16
34774,34775,8,2,15,9,2016,8,13,2,3,2,6,0,0,0,1,0,0,0,0,4.6647E+20,5.43892E+21,8.54065E+15,4.91022E+16
34775,34776,8,1,21,0,2016,7,0,6,3,4,2,2,0,0,1,0,0,0,0,5.15148E+20,5.4443E+21,9.20773E+15,4.91513E+16
34776,34777,8,4,36,95,2016,7,7,3,3,8,6,0,0,0,1,0,0,0,0,5.38982E+20,5.29743E+21,9.52086E+15,4.7829E+16
34777,34778,8,1,21,0,2016,8,18,2,3,2,6,0,0,0,1,0,0,0,0,5.16543E+20,5.44212E+21,9.22677E+15,4.91317E+16
34778,34779,8,3,37,126,2016,7,16,1,2,8,1,0,1,0,1,0,0,0,0,4.43458E+20,5.27387E+21,8.24759E+15,4.76158E+16
34779,34780,8,4,15,50,2016,7,16,6,3,4,2,0,0,0,1,0,0,1,0,5.22124E+20,5.37843E+21,9.29984E+15,4.85586E+16
34780,34781,8,1,16,33,2016,7,3,7,2,9,1,2,0,0,0,0,1,0,0,5.32407E+20,5.3888E+21,9.44001E+15,4.86514E+16
34781,34782,8,1,18,67,2016,7,19,1,3,2,6,0,0,0,1,0,0,0,0,5.07166E+20,5.41427E+21,9.09774E+15,4.88813E+16
34782,34783,8,1,19,42,2016,8,15,3,3,0,7,0,1,0,1,0,1,0,0,5.30797E+20,5.41658E+21,9.42023E+15,4.89014E+16
34783,34784,8,3,37,30,2016,7,21,4,2,5,3,1,0,0,1,0,1,0,0,4.60039E+20,5.27388E+21,8.46822E+15,4.76171E+16
34784,34785,8,4,35,57,2016,7,17,6,3,5,2,0,0,1,1,0,0,0,0,5.44717E+20,5.27997E+21,9.59569E+15,4.76716E+16
34785,34786,8,2,31,0,2016,7,13,6,3,2,6,0,0,0,1,0,0,0,0,4.82661E+20,5.4181E+21,8.76334E+15,4.89156E+16
34786,34787,8,4,36,55,2016,7,11,3,3,6,4,0,0,0,1,1,0,0,0,5.76392E+20,5.29703E+21,1.00206E+16,4.78221E+16
34787,34788,8,3,17,9,2016,8,17,2,3,2,6,0,0,0,1,0,0,0,0,4.24594E+20,5.36352E+21,7.98083E+15,4.84203E+16
34788,34789,8,3,35,2,2016,7,12,5,3,0,7,0,0,1,0,0,0,0,0,5.03997E+20,5.28524E+21,9.05329E+15,4.77205E+16
34789,34790,8,3,15,15,2016,7,19,5,3,5,3,0,0,0,1,0,0,0,0,3.953E+20,5.32043E+21,7.59564E+15,4.80285E+16
34790,34791,8,2,15,108,2016,8,0,2,3,5,3,2,0,1,1,0,0,0,0,4.48518E+20,5.42308E+21,8.29673E+15,4.89585E+16
34791,34792,8,4,15,61,2016,7,8,4,3,2,6,0,0,0,1,0,1,0,0,5.15148E+20,5.37092E+21,9.20502E+15,4.84912E+16
34792,34793,8,3,17,75,2016,7,14,6,3,1,6,0,0,0,1,0,0,0,0,4.1268E+20,5.35934E+21,7.8207E+15,4.83812E+16
34793,34794,8,4,36,9,2016,7,5,6,2,8,1,2,0,0,1,0,0,0,0,5.61109E+20,5.3044E+21,9.81747E+15,4.789E+16
34794,34795,8,3,26,74,2016,8,9,2,3,2,6,0,0,0,1,0,0,0,0,4.59998E+20,5.32258E+21,8.46318E+15,4.80552E+16
34795,34796,8,4,15,53,2016,7,15,5,3,4,6,0,0,1,1,0,0,0,0,5.32143E+20,5.36346E+21,9.43447E+15,4.84235E+16
34796,34797,8,3,26,74,2016,7,9,5,3,5,3,0,0,0,1,0,1,0,0,4.64059E+20,5.32601E+21,8.51739E+15,4.80864E+16
34797,34798,8,2,21,0,2016,8,18,2,3,5,3,0,0,1,1,0,0,0,0,4.77506E+20,5.47134E+21,8.69001E+15,4.93944E+16
34798,34799,8,2,21,0,2016,7,11,5,3,1,6,0,0,0,1,0,0,0,1,4.75933E+20,5.46845E+21,8.6685E+15,4.93683E+16
34799,34800,8,4,17,13,2016,7,9,3,3,1,5,0,0,1,1,0,0,0,0,5.08433E+20,5.34843E+21,9.11369E+15,4.8289E+16
34800,34801,8,1,19,67,2016,8,7,2,3,5,3,0,0,0,1,0,0,1,0,5.39042E+20,5.40635E+21,9.53175E+15,4.88089E+16
34801,34802,8,3,25,69,2016,7,20,1,3,0,1,0,0,0,0,0,1,0,0,4.67629E+20,5.33524E+21,8.56462E+15,4.81696E+16
34802,34803,8,1,11,0,2016,7,15,6,3,2,6,0,0,0,1,0,0,0,0,5.15416E+20,5.40516E+21,9.20992E+15,4.87993E+16
34803,34804,8,3,37,128,2016,7,11,7,3,0,7,0,1,0,0,0,1,0,1,4.51178E+20,5.28455E+21,8.34911E+15,4.77125E+16
34804,34805,8,2,15,96,2016,7,14,5,3,2,6,0,0,0,1,0,1,0,0,4.6117E+20,5.41619E+21,8.47021E+15,4.88974E+16
34805,34806,8,1,19,67,2016,7,16,5,3,2,6,0,0,0,1,0,0,0,0,5.39957E+20,5.40949E+21,9.54452E+15,4.88371E+16
34806,34807,8,1,36,65,2016,7,9,7,2,5,3,0,0,1,1,0,0,0,0,5.59816E+20,5.40395E+21,9.81431E+15,4.87857E+16
34807,34808,8,1,11,0,2016,7,16,5,3,1,7,0,0,0,1,0,0,0,0,5.17566E+20,5.40609E+21,9.23924E+15,4.88076E+16
34808,34809,8,1,16,78,2016,8,18,3,3,5,3,0,0,0,1,0,0,0,1,5.10228E+20,5.39341E+21,9.13898E+15,4.86937E+16
34809,34810,8,4,36,55,2016,7,17,4,2,0,6,0,0,0,1,0,1,0,0,5.75749E+20,5.29712E+21,1.0012E+16,4.7823E+16
34810,34811,8,3,17,96,2016,7,17,4,2,0,4,0,0,1,0,1,0,0,0,4.22745E+20,5.37032E+21,7.95458E+15,4.84813E+16
34811,34812,8,4,16,41,2016,7,19,6,3,2,6,0,0,0,1,0,0,0,0,5.05753E+20,5.37541E+21,9.07793E+15,4.85317E+16
34812,34813,8,2,36,4,2016,7,6,6,3,5,3,1,0,0,1,0,1,0,0,4.72837E+20,5.41375E+21,8.62954E+15,4.88762E+16
34813,34814,8,4,16,25,2016,7,0,3,3,4,6,2,0,0,1,0,0,0,1,5.00979E+20,5.36071E+21,9.01323E+15,4.83995E+16
34814,34815,8,1,35,20,2016,8,16,2,2,4,1,0,0,0,1,0,1,0,0,5.86726E+20,5.39875E+21,1.01795E+16,4.87358E+16
34815,34816,8,1,17,28,2016,8,8,2,3,2,6,0,0,0,1,0,0,1,1,5.45277E+20,5.38474E+21,9.61429E+15,4.86141E+16
34816,34817,8,2,26,60,2016,7,2,1,3,9,1,2,1,0,1,0,0,0,0,4.76651E+20,5.46404E+21,8.67865E+15,4.93286E+16
34817,34818,8,1,27,12,2016,7,23,4,2,8,1,2,0,0,0,0,1,0,0,5.66116E+20,5.43138E+21,9.90451E+15,4.90317E+16
34818,34819,8,3,17,102,2016,7,13,7,3,8,6,0,0,0,1,0,0,0,0,4.39265E+20,5.37735E+21,8.17707E+15,4.85463E+16
34819,34820,8,1,17,2,2016,8,11,2,3,2,6,0,0,0,1,0,0,0,0,5.42208E+20,5.38634E+21,9.57283E+15,4.86287E+16
34820,34821,8,2,26,10,2016,7,21,1,3,2,6,2,0,0,1,0,0,0,0,4.84332E+20,5.45724E+21,8.78463E+15,4.92677E+16
34821,34822,8,1,27,14,2016,7,12,4,3,2,6,0,0,0,0,0,1,0,1,5.78943E+20,5.44169E+21,1.0082E+16,4.91229E+16
34822,34823,8,3,25,53,2016,7,11,7,3,3,2,0,0,0,1,0,1,0,0,4.54583E+20,5.3406E+21,8.38858E+15,4.8217E+16
34823,34824,8,1,18,7,2016,7,12,5,3,5,3,0,0,0,1,0,0,0,0,5.10351E+20,5.42706E+21,9.14151E+15,4.89964E+16
34824,34825,8,4,25,33,2016,7,21,5,2,4,1,2,0,0,1,0,0,0,0,5.54228E+20,5.34609E+21,9.73073E+15,4.82657E+16
34825,34826,8,1,19,91,2016,7,14,7,3,2,6,0,0,0,1,0,0,0,0,5.24942E+20,5.40719E+21,9.33977E+15,4.88172E+16
34826,34827,8,4,35,20,2016,7,20,4,3,0,1,1,1,1,0,0,0,0,0,5.23622E+20,5.2983E+21,9.31568E+15,4.78377E+16
34827,34828,8,1,11,0,2016,8,17,3,3,2,6,0,0,0,1,0,0,0,0,5.17799E+20,5.40449E+21,9.24234E+15,4.87931E+16
34828,34829,8,2,12,0,2016,7,16,4,3,2,6,0,0,0,1,0,0,0,0,4.5477E+20,5.42677E+21,8.38172E+15,4.89922E+16
34829,34830,8,3,27,16,2016,7,6,3,2,4,6,0,0,0,1,0,0,0,0,4.92985E+20,5.3175E+21,8.90594E+15,4.80108E+16
34830,34831,8,3,17,65,2016,8,11,2,3,2,6,0,0,0,1,0,0,0,0,4.16422E+20,5.35441E+21,7.8722E+15,4.83374E+16
34831,34832,8,2,22,0,2016,7,16,6,3,2,6,0,0,0,1,0,1,0,0,4.62049E+20,5.48166E+21,8.47602E+15,4.94864E+16
34832,34833,8,1,25,102,2016,7,13,6,3,2,6,0,0,0,1,0,0,0,0,5.22103E+20,5.44405E+21,9.30309E+15,4.91489E+16
34833,34834,8,4,16,26,2016,7,12,3,3,1,6,0,0,0,1,0,0,0,1,5.0511E+20,5.36372E+21,9.06907E+15,4.84266E+16
34834,34835,8,1,27,76,2016,8,10,2,3,5,3,0,0,0,1,0,0,0,0,5.52993E+20,5.43898E+21,9.72599E+15,4.91014E+16
34835,34836,8,1,15,1,2016,8,19,2,3,0,1,0,0,1,0,0,0,0,0,4.92521E+20,5.39334E+21,8.89836E+15,4.8693E+16
34836,34837,8,2,16,28,2016,7,12,1,3,2,6,0,0,1,0,0,0,0,0,4.26376E+20,5.39674E+21,7.99902E+15,4.87193E+16
34837,34838,8,1,27,52,2016,7,16,4,2,5,3,0,0,0,0,0,1,0,1,5.39796E+20,5.44135E+21,9.54544E+15,4.91237E+16
34838,34839,8,2,36,43,2016,7,11,7,3,0,1,0,0,1,0,0,0,0,0,4.69754E+20,5.41113E+21,8.5877E+15,4.88524E+16
34839,34840,8,1,26,66,2016,7,18,5,3,2,6,0,0,0,1,0,0,0,0,5.36349E+20,5.45001E+21,9.49897E+15,4.92018E+16
34840,34841,8,1,11,0,2016,7,18,5,3,2,6,0,0,0,1,0,0,0,0,5.07042E+20,5.39752E+21,9.09576E+15,4.87307E+16
34841,34842,8,3,35,22,2016,7,14,6,3,0,7,0,0,0,0,0,1,0,0,4.83426E+20,5.30196E+21,8.77837E+15,4.78708E+16
34842,34843,8,1,17,58,2016,7,13,7,3,8,1,0,0,0,0,0,1,0,0,5.46045E+20,5.37522E+21,9.62366E+15,4.85284E+16