FID,OBJECTID,ULAND,UREGBEZ,UKREIS,UGEMEINDE,UJAHR,UMONAT,USTUNDE,UWOCHENTAG,UKATEGORIE,UART,UTYP1,ULICHTVERH,IstStrasse,IstRad,IstPKW,IstFuss,IstKrad,IstGkfz,IstSonstig,LINREFX,LINREFY,XGCSWGS84,YGCSWGS84
34843,34844,8,1,27,47,2016,8,6,3,2,9,1,0,0,0,1,0,0,0,0,5.60478E+20,5.45357E+21,9.83072E+15,4.9232E+16
34844,34845,8,4,17,79,2016,7,11,4,3,5,3,0,0,0,1,0,0,0,0,5.02411E+20,5.34309E+21,9.03248E+15,4.8241E+16
34845,34846,8,3,36,69,2016,8,16,2,3,2,6,0,0,0,1,0,0,0,0,4.06694E+20,5.2688E+21,7.75954E+15,4.75659E+16
34846,34847,8,2,26,6,2016,7,23,4,3,5,2,2,0,0,1,0,0,0,1,4.84511E+20,5.46808E+21,8.78668E+15,4.93652E+16
34847,34848,8,4,37,88,2016,7,16,5,3,2,6,0,0,0,1,0,0,0,0,5.17641E+20,5.30812E+21,9.23615E+15,4.79261E+16
34848,34849,8,2,21,0,2016,8,16,2,3,2,6,0,0,0,1,0,0,0,0,4.7234E+20,5.47498E+21,8.61857E+15,4.94269E+16
34849,34850,8,1,21,0,2016,7,14,6,2,4,2,0,0,0,1,0,0,0,0,5.10638E+20,5.44965E+21,9.14602E+15,4.91995E+16
34850,34851,8,1,28,131,2016,7,7,5,3,3,6,0,0,0,1,0,0,0,0,5.42544E+20,5.51326E+21,9.59082E+15,4.97703E+16
34851,34852,8,1,15,41,2016,7,12,5,3,0,1,0,1,0,0,0,1,0,0,4.93164E+20,5.40205E+21,8.90696E+15,4.87714E+16
34852,34853,8,3,16,36,2016,7,9,6,3,2,6,0,0,0,1,0,0,0,0,4.10611E+20,5.32653E+21,7.79969E+15,4.80858E+16
34853,34854,8,1,18,48,2016,7,23,7,2,0,6,2,0,0,1,0,1,0,0,5.16485E+20,5.41493E+21,9.22487E+15,4.88871E+16
34854,34855,8,4,25,33,2016,7,16,4,3,2,6,0,0,0,1,0,1,0,0,5.5632E+20,5.34806E+21,9.75917E+15,4.82833E+16
34855,34856,8,3,35,57,2016,8,19,2,2,8,1,0,0,0,0,0,1,0,0,5.03129E+20,5.30515E+21,9.04186E+15,4.78997E+16
34856,34857,8,2,36,74,2016,7,20,4,3,2,6,0,0,0,1,0,0,0,0,4.73789E+20,5.41979E+21,8.64215E+15,4.89305E+16
34857,34858,8,3,15,15,2016,8,17,2,3,2,6,0,0,0,1,0,1,0,0,4.00362E+20,5.315E+21,7.66478E+15,4.79806E+16
34858,34859,8,2,16,15,2016,7,10,6,2,5,3,0,0,0,1,0,1,0,0,4.50978E+20,5.40486E+21,8.33251E+15,4.87948E+16
34859,34860,8,1,36,88,2016,7,14,6,3,2,6,0,0,0,1,0,1,0,0,5.80591E+20,5.41239E+21,1.00988E+16,4.88592E+16
34860,34861,8,3,11,0,2016,7,15,3,3,2,6,0,0,0,1,0,0,0,0,4.06268E+20,5.31571E+21,7.74374E+15,4.79878E+16
34861,34862,8,1,17,31,2016,7,19,6,3,2,6,0,0,0,1,0,0,0,0,5.4881E+20,5.3758E+21,9.66118E+15,4.85334E+16
34862,34863,8,4,35,18,2016,7,13,7,3,2,6,0,0,0,1,0,0,0,1,5.23625E+20,5.2805E+21,9.31475E+15,4.76774E+16
34863,34864,8,1,11,0,2016,8,12,2,3,2,6,0,0,0,1,0,0,0,1,5.1524E+20,5.40545E+21,9.20754E+15,4.88018E+16
34864,34865,8,1,36,88,2016,7,14,1,3,0,3,0,1,0,1,0,1,0,0,5.83311E+20,5.41521E+21,1.01364E+16,4.88842E+16
34865,34866,8,2,16,41,2016,7,10,7,2,5,3,0,0,1,1,0,0,0,0,4.33157E+20,5.39235E+21,8.09192E+15,4.86806E+16
34866,34867,8,4,16,41,2016,7,17,4,3,2,6,0,0,0,1,0,0,0,0,5.0447E+20,5.37367E+21,9.06053E+15,4.85162E+16
34867,34868,8,2,37,24,2016,7,14,6,2,6,4,0,0,0,1,1,0,0,0,4.79047E+20,5.35962E+21,8.71698E+15,4.83894E+16
34868,34869,8,4,37,102,2016,7,11,6,3,5,3,0,0,1,1,0,0,0,0,4.99779E+20,5.32798E+21,8.99703E+15,4.81051E+16
34869,34870,8,3,35,43,2016,8,13,2,3,2,6,0,0,0,1,0,0,0,0,5.1229E+20,5.27986E+21,9.16371E+15,4.7672E+16
34870,34871,8,4,17,25,2016,7,19,5,3,5,3,0,0,0,1,0,1,0,0,4.85008E+20,5.35838E+21,8.79753E+15,4.83784E+16
34871,34872,8,2,35,65,2016,8,18,2,1,4,6,0,0,0,1,0,1,0,0,4.75109E+20,5.40301E+21,8.66118E+15,4.87796E+16
34872,34873,8,1,19,76,2016,7,18,6,3,2,1,0,0,1,1,0,0,0,0,5.43244E+20,5.40593E+21,9.58893E+15,4.88048E+16
34873,34874,8,2,36,74,2016,7,18,5,3,1,2,0,0,0,1,0,1,0,0,4.73076E+20,5.41988E+21,8.6324E+15,4.89313E+16
34874,34875,8,3,37,118,2016,7,9,3,3,5,3,0,0,0,1,0,0,0,0,4.43026E+20,5.2786E+21,8.24122E+15,4.76583E+16
34875,34876,8,1,21,0,2016,8,19,2,3,5,3,0,0,1,1,0,0,0,0,5.15595E+20,5.44635E+21,9.21394E+15,4.91697E+16
34876,34877,8,3,36,79,2016,7,15,1,3,8,1,0,1,0,1,0,0,0,0,4.16497E+20,5.28965E+21,7.88585E+15,4.77548E+16
34877,34878,8,1,16,68,2016,7,17,6,3,5,3,0,0,0,1,0,0,0,0,5.26714E+20,5.39017E+21,9.36279E+15,4.8664E+16
34878,34879,8,4,15,61,2016,7,22,7,3,4,6,2,0,0,1,0,0,0,0,5.12902E+20,5.37112E+21,9.17463E+15,4.84931E+16
34879,34880,8,3,37,127,2016,7,17,3,2,4,6,0,0,0,1,0,0,0,0,4.57192E+20,5.29795E+21,8.42797E+15,4.78334E+16
34880,34881,8,1,25,65,2016,8,17,2,3,5,3,0,0,1,1,0,0,0,0,5.15797E+20,5.44853E+21,9.21679E+15,4.91894E+16
34881,34882,8,1,16,43,2016,7,15,6,3,9,1,0,0,0,0,0,1,0,0,5.40381E+20,5.37732E+21,9.54715E+15,4.85477E+16
34882,34883,8,4,26,118,2016,7,3,7,2,8,1,2,0,0,1,0,0,0,0,5.48613E+20,5.32602E+21,9.65277E+15,4.80856E+16
34883,34884,8,4,17,2,2016,7,14,1,3,0,1,0,1,0,0,0,1,0,0,4.88691E+20,5.34559E+21,8.84762E+15,4.82635E+16
34884,34885,8,1,19,20,2016,7,10,1,3,0,1,0,0,1,0,0,0,0,0,5.19799E+20,5.40623E+21,9.26966E+15,4.88088E+16
34885,34886,8,4,15,61,2016,7,8,4,2,6,4,0,0,0,1,1,0,0,0,5.14926E+20,5.37104E+21,9.20203E+15,4.84923E+16
34886,34887,8,4,36,94,2016,7,19,6,3,2,6,0,0,0,1,0,0,0,0,5.73472E+20,5.28102E+21,9.97887E+15,4.76784E+16
34887,34888,8,3,37,123,2016,7,14,3,3,2,6,0,0,0,1,0,0,0,0,4.53376E+20,5.28067E+21,8.37884E+15,4.76778E+16
34888,34889,8,3,26,60,2016,8,19,2,3,8,1,0,0,0,0,0,1,0,0,4.46326E+20,5.33153E+21,8.27858E+15,4.81347E+16
34889,34890,8,3,37,51,2016,7,15,5,3,2,6,0,0,0,1,0,0,0,0,4.37326E+20,5.28748E+21,8.16404E+15,4.77376E+16
34890,34891,8,3,26,27,2016,7,9,5,3,5,3,0,0,0,1,0,0,0,1,4.62938E+20,5.30715E+21,8.50395E+15,4.79166E+16
34891,34892,8,2,16,59,2016,8,9,2,3,5,2,0,0,1,1,0,0,0,0,4.52525E+20,5.39752E+21,8.35443E+15,4.87289E+16
34892,34893,8,2,16,43,2016,7,14,5,3,2,6,0,0,0,1,0,0,0,0,4.38484E+20,5.41455E+21,8.16096E+15,4.88809E+16
34893,34894,8,3,36,14,2016,7,6,3,3,5,3,0,0,0,0,0,1,1,0,3.93031E+20,5.27901E+21,7.57546E+15,4.76556E+16
34894,34895,8,1,18,73,2016,8,18,2,3,2,6,0,0,0,1,0,0,0,0,5.01672E+20,5.41629E+21,9.02281E+15,4.88995E+16
34895,34896,8,2,37,28,2016,7,15,1,2,4,7,0,0,0,1,0,0,0,0,4.60302E+20,5.36825E+21,8.46296E+15,4.84661E+16
34896,34897,8,1,26,11,2016,7,21,4,3,1,6,2,0,0,1,0,0,0,0,5.30123E+20,5.44747E+21,9.41332E+15,4.91793E+16
34897,34898,8,3,35,100,2016,7,7,7,3,8,2,0,0,0,1,0,0,0,0,4.87661E+20,5.28676E+21,8.83543E+15,4.77341E+16
34898,34899,8,2,12,0,2016,7,14,5,3,3,6,0,0,0,1,0,1,0,0,4.57576E+20,5.42808E+21,8.41993E+15,4.90041E+16
34899,34900,8,1,18,40,2016,7,17,5,3,4,2,0,0,0,1,0,0,0,0,5.10543E+20,5.4325E+21,9.14428E+15,4.90453E+16
34900,34901,8,1,26,45,2016,7,5,7,3,8,6,0,0,0,0,0,0,0,1,5.42914E+20,5.47297E+21,9.59157E+15,4.94079E+16
34901,34902,8,4,36,96,2016,7,13,4,3,9,1,0,1,0,1,0,0,0,0,5.42865E+20,5.30381E+21,9.57337E+15,4.78862E+16
34902,34903,8,1,11,0,2016,8,21,3,2,0,6,2,0,0,1,0,1,0,0,5.1271E+20,5.40012E+21,9.17292E+15,4.87539E+16
34903,34904,8,2,37,40,2016,7,13,4,2,0,1,0,0,0,0,0,1,0,0,4.77187E+20,5.36572E+21,8.69152E+15,4.84442E+16
34904,34905,8,3,15,52,2016,7,16,4,3,1,3,0,0,0,1,0,0,0,0,4.3429E+20,5.30637E+21,8.12068E+15,4.79073E+16
34905,34906,8,2,37,28,2016,7,13,3,2,8,1,0,0,0,1,0,0,1,0,4.54733E+20,5.36918E+21,8.38754E+15,4.84741E+16
34906,34907,8,4,15,92,2016,7,11,6,3,2,6,0,0,0,1,0,0,0,1,5.1828E+20,5.36559E+21,9.24718E+15,4.84432E+16
34907,34908,8,2,25,118,2016,7,20,6,3,1,5,0,0,0,1,0,0,0,0,5.06703E+20,5.47919E+21,9.09251E+15,4.94653E+16
34908,34909,8,1,15,45,2016,8,8,2,3,3,6,0,0,0,1,0,0,0,0,5.02792E+20,5.39835E+21,9.03797E+15,4.87382E+16
34909,34910,8,2,36,46,2016,8,17,1,2,2,6,0,0,0,1,0,0,0,0,4.82909E+20,5.41779E+21,8.76673E+15,4.89128E+16
34910,34911,8,4,35,47,2016,8,20,3,3,8,1,0,1,0,1,0,0,0,0,5.14383E+20,5.29417E+21,9.19207E+15,4.78007E+16
34911,34912,8,4,25,71,2016,8,19,5,2,8,1,0,0,0,0,0,1,0,0,5.5007E+20,5.372E+21,9.67778E+15,4.84991E+16
34912,34913,8,2,16,7,2016,8,7,1,3,7,7,0,0,0,0,0,1,0,0,4.39844E+20,5.3899E+21,8.1831E+15,4.86592E+16
34913,34914,8,1,28,139,2016,8,17,6,3,2,6,0,0,0,0,0,0,0,1,5.4317E+20,5.48813E+21,9.59674E+15,4.95442E+16
34914,34915,8,1,18,7,2016,8,18,6,3,2,6,0,0,0,1,0,0,0,0,5.10484E+20,5.42708E+21,9.14333E+15,4.89965E+16
34915,34916,8,2,26,31,2016,8,7,5,2,5,2,0,0,0,1,0,0,1,0,4.73562E+20,5.4935E+21,8.63417E+15,4.95935E+16
34916,34917,8,1,15,3,2016,8,16,4,3,1,6,0,0,0,1,0,0,0,0,5.00237E+20,5.39337E+21,9.00322E+15,4.86934E+16
34917,34918,8,2,12,0,2016,8,22,3,3,3,6,2,0,0,1,0,0,1,0,4.58538E+20,5.42433E+21,8.43346E+15,4.89705E+16
34918,34919,8,2,15,7,2016,8,14,4,3,2,6,0,0,0,1,0,0,0,1,4.79804E+20,5.43343E+21,8.72358E+15,4.90534E+16
34919,34920,8,3,15,22,2016,8,13,2,3,4,6,0,0,0,1,0,0,1,0,3.97801E+20,5.30102E+21,7.63378E+15,4.78544E+16
34920,34921,8,4,16,41,2016,8,14,5,2,4,6,0,0,0,1,0,0,0,0,5.02257E+20,5.37446E+21,9.03056E+15,4.85233E+16
34921,34922,8,2,22,0,2016,8,19,5,3,2,6,1,1,0,1,0,0,0,0,4.60733E+20,5.48116E+21,8.45789E+15,4.94818E+16
34922,34923,8,2,15,106,2016,8,16,7,2,5,3,0,0,1,1,0,0,0,0,4.68122E+20,5.45467E+21,8.56203E+15,4.92439E+16
34923,34924,8,4,15,53,2016,8,11,1,2,0,1,0,0,0,0,0,1,0,0,5.35372E+20,5.36231E+21,9.47801E+15,4.84129E+16
34924,34925,8,1,15,3,2016,8,13,6,3,1,1,0,0,0,1,0,0,0,0,4.97561E+20,5.39282E+21,8.96686E+15,4.86884E+16
34925,34926,8,3,27,5,2016,8,23,7,3,0,7,2,0,0,0,0,1,0,0,4.82186E+20,5.32374E+21,8.76088E+15,4.80667E+16
34926,34927,8,4,36,6,2016,8,7,4,3,8,1,0,0,0,1,0,0,0,0,5.56097E+20,5.2827E+21,9.74763E+15,4.76952E+16
34927,34928,8,1,36,89,2016,8,13,2,3,2,6,0,0,0,1,0,0,0,0,5.87359E+20,5.41868E+21,1.01924E+16,4.89149E+16
34928,34929,8,2,15,103,2016,8,8,4,3,0,1,0,0,0,0,0,0,1,0,4.65407E+20,5.44404E+21,8.52564E+15,4.91482E+16
34929,34930,8,3,11,0,2016,8,12,3,3,8,1,0,0,0,0,0,1,0,0,4.04175E+20,5.31629E+21,7.71557E+15,4.79927E+16
34930,34931,8,4,15,85,2016,8,7,5,3,5,2,0,0,0,1,0,0,0,0,5.36177E+20,5.34097E+21,9.48706E+15,4.82209E+16
34931,34932,8,4,35,35,2016,8,15,3,3,0,7,0,0,1,0,0,0,0,0,5.40635E+20,5.27979E+21,9.5413E+15,4.76702E+16
34932,34933,8,1,25,79,2016,8,11,7,3,6,2,0,0,0,1,1,0,0,0,5.11872E+20,5.45487E+21,9.16312E+15,4.92465E+16
34933,34934,8,4,16,41,2016,8,13,4,3,2,6,0,0,0,1,0,0,0,0,5.05857E+20,5.3734E+21,9.0793E+15,4.85137E+16
34934,34935,8,1,25,98,2016,8,19,5,3,5,3,0,0,0,1,0,0,0,0,5.21943E+20,5.43722E+21,9.30053E+15,4.90874E+16
34935,34936,8,3,36,69,2016,8,16,6,3,5,3,0,0,0,1,0,1,0,0,4.08703E+20,5.26788E+21,7.78643E+15,4.75579E+16
34936,34937,8,1,15,24,2016,8,14,3,3,2,6,0,0,0,1,0,0,0,0,5.00449E+20,5.38698E+21,9.0061E+15,4.86359E+16
34937,34938,8,4,26,87,2016,8,14,3,3,4,6,0,0,0,1,0,0,0,1,5.68307E+20,5.32921E+21,9.9177E+15,4.81125E+16
34938,34939,8,1,21,0,2016,8,18,5,3,2,6,0,0,0,1,0,0,0,0,5.11212E+20,5.44839E+21,9.15388E+15,4.91882E+16
34939,34940,8,4,35,16,2016,8,14,3,3,6,4,0,1,0,1,1,0,0,0,5.35426E+20,5.27775E+21,9.47174E+15,4.76521E+16
34940,34941,8,2,26,17,2016,8,11,3,3,5,3,0,0,0,1,0,0,0,0,4.93267E+20,5.46517E+21,8.90732E+15,4.93392E+16
34941,34942,8,2,12,0,2016,8,10,4,3,5,3,0,0,1,1,0,0,0,0,4.55774E+20,5.43136E+21,8.39494E+15,4.90335E+16
34942,34943,8,3,15,76,2016,8,9,2,3,2,6,0,0,0,1,0,0,0,0,3.92546E+20,5.29864E+21,7.56415E+15,4.78321E+16
34943,34944,8,3,37,38,2016,8,7,5,3,5,3,0,0,0,1,0,0,0,0,4.30709E+20,5.27383E+21,8.07796E+15,4.76142E+16
34944,34945,8,1,35,16,2016,8,23,5,3,5,3,2,0,0,1,0,1,0,0,5.92018E+20,5.38622E+21,1.02487E+16,4.86223E+16
34945,34946,8,2,31,0,2016,8,17,7,2,4,2,0,0,0,1,0,0,0,0,4.75986E+20,5.4155E+21,8.67239E+15,4.88919E+16
34946,34947,8,3,36,87,2016,8,12,1,3,8,1,0,0,0,0,0,1,0,0,4.24514E+20,5.29494E+21,7.99189E+15,4.78033E+16
34947,34948,8,4,35,16,2016,8,17,5,3,5,2,0,0,1,0,0,0,0,1,5.31374E+20,5.27961E+21,9.41792E+15,4.76691E+16
34948,34949,8,4,26,70,2016,8,7,4,3,5,3,0,0,0,1,0,1,0,0,5.64826E+20,5.34346E+21,9.87312E+15,4.82411E+16
34949,34950,8,1,18,49,2016,8,20,2,3,4,3,1,0,0,1,0,0,0,0,5.18533E+20,5.42036E+21,9.25306E+15,4.89359E+16
34950,34951,8,2,26,95,2016,8,13,4,3,2,2,0,0,0,1,0,0,0,0,4.72946E+20,5.45876E+21,8.62802E+15,4.9281E+16
34951,34952,8,3,37,2,2016,8,16,5,2,4,6,0,0,0,1,0,0,0,0,4.34713E+20,5.27078E+21,8.13169E+15,4.75872E+16
34952,34953,8,1,18,76,2016,8,15,7,3,0,1,0,0,1,0,0,0,0,0,5.04492E+20,5.42326E+21,9.06137E+15,4.89622E+16
34953,34954,8,3,35,2,2016,8,15,4,2,4,6,0,0,0,1,0,0,1,0,5.04214E+20,5.28573E+21,9.05619E+15,4.77249E+16
34954,34955,8,3,17,40,2016,8,18,6,3,5,3,0,1,1,0,0,0,0,1,4.3159E+20,5.34858E+21,8.0778E+15,4.82868E+16
34955,34956,8,4,36,55,2016,8,12,2,3,5,3,0,0,0,0,0,1,0,1,5.73523E+20,5.29638E+21,9.98215E+15,4.78166E+16
34956,34957,8,3,17,113,2016,8,8,7,3,2,6,0,0,0,1,0,0,0,0,4.08033E+20,5.34506E+21,7.76107E+15,4.8252E+16
34957,34958,8,1,25,8,2016,8,14,1,2,0,6,0,0,0,0,0,1,0,1,5.26665E+20,5.43237E+21,9.36488E+15,4.90436E+16
34958,34959,8,3,36,69,2016,8,0,3,2,5,3,2,0,0,1,0,0,0,0,4.09118E+20,5.27169E+21,7.79115E+15,4.75923E+16
34959,34960,8,1,19,91,2016,8,20,3,2,8,1,1,0,0,1,0,0,0,0,5.25301E+20,5.40613E+21,9.34459E+15,4.88077E+16
34960,34961,8,1,36,20,2016,8,14,7,3,2,2,0,0,0,1,0,1,0,0,5.62594E+20,5.41686E+21,9.8541E+15,4.89015E+16
34961,34962,8,3,16,20,2016,8,13,1,3,3,7,0,0,1,0,0,0,0,1,4.0935E+20,5.3381E+21,7.7803E+15,4.81897E+16
34962,34963,8,2,35,47,2016,8,14,1,3,0,7,0,0,0,1,0,0,0,0,4.76419E+20,5.38915E+21,8.67981E+15,4.86549E+16
34963,34964,8,1,11,0,2016,8,11,2,3,2,6,0,0,0,0,0,0,1,1,5.13381E+20,5.4015E+21,9.1821E+15,4.87664E+16
34964,34965,8,1,36,19,2016,8,5,3,3,5,3,0,0,0,1,0,0,0,0,5.81979E+20,5.42496E+21,1.01202E+16,4.89721E+16
34965,34966,8,2,31,0,2016,8,16,2,3,2,6,0,0,0,1,0,0,0,0,4.75135E+20,5.41099E+21,8.66106E+15,4.88514E+16
34966,34967,8,3,35,98,2016,8,18,5,2,0,1,0,1,1,0,0,0,0,0,5.04676E+20,5.29684E+21,9.06247E+15,4.78249E+16
34967,34968,8,2,16,43,2016,8,11,7,3,1,5,0,0,0,1,0,0,0,0,4.40984E+20,5.41258E+21,8.19533E+15,4.88633E+16
34968,34969,8,3,27,11,2016,8,10,1,3,9,1,0,0,0,0,0,1,0,0,4.84654E+20,5.32463E+21,8.79398E+15,4.80748E+16
34969,34970,8,4,21,0,2016,8,19,5,2,9,1,0,0,0,0,0,1,0,0,5.66136E+20,5.35636E+21,9.89278E+15,4.83569E+16
34970,34971,8,2,22,0,2016,8,13,4,3,5,2,0,0,1,1,0,0,0,0,4.61695E+20,5.48441E+21,8.47086E+15,4.95111E+16
34971,34972,8,3,35,75,2016,8,6,4,3,2,6,0,0,0,1,0,1,0,0,4.87047E+20,5.28975E+21,8.82715E+15,4.7761E+16
34972,34973,8,1,16,77,2016,8,10,2,3,1,6,0,0,0,1,0,0,0,0,5.15007E+20,5.39019E+21,9.20381E+15,4.86646E+16
34973,34974,8,2,35,73,2016,8,15,6,3,5,3,0,0,0,1,0,0,0,0,4.79547E+20,5.40631E+21,8.72142E+15,4.88094E+16
34974,34975,8,3,27,50,2016,8,21,5,3,4,2,2,0,0,1,0,0,0,0,4.86847E+20,5.3147E+21,8.82372E+15,4.79854E+16
34975,34976,8,4,37,104,2016,8,14,6,2,8,1,0,0,0,1,0,0,0,0,5.15751E+20,5.32437E+21,9.21145E+15,4.80724E+16
34976,34977,8,3,15,6,2016,8,0,4,3,8,1,2,1,0,1,0,0,0,0,4.00983E+20,5.3063E+21,7.6751E+15,4.79024E+16
34977,34978,8,1,36,2,2016,8,20,4,2,0,7,1,0,0,0,0,1,0,0,5.75709E+20,5.41641E+21,1.00329E+16,4.8896E+16
34978,34979,8,4,35,36,2016,8,12,3,3,3,6,0,1,0,1,0,0,1,0,5.21729E+20,5.28191E+21,9.28956E+15,4.76902E+16
34979,34980,8,2,26,85,2016,8,15,6,3,2,6,0,0,0,1,0,0,0,0,4.87138E+20,5.45617E+21,8.82323E+15,4.92582E+16
34980,34981,8,4,17,75,2016,8,12,2,3,3,2,0,0,0,1,0,1,0,0,5.0867E+20,5.33622E+21,9.11663E+15,4.81792E+16
34981,34982,8,2,12,0,2016,8,18,7,3,2,6,0,0,0,1,0,0,0,0,4.59632E+20,5.42774E+21,8.44807E+15,4.90012E+16
34982,34983,8,2,15,40,2016,8,5,1,3,9,1,1,0,0,1,0,0,0,0,4.87427E+20,5.43601E+21,8.82784E+15,4.90768E+16
34983,34984,8,1,28,82,2016,8,9,6,2,8,7,0,1,0,1,0,0,0,0,5.63349E+20,5.47062E+21,9.87286E+15,4.9385E+16
34984,34985,8,4,25,72,2016,8,18,1,1,2,6,0,0,0,1,0,1,0,0,5.84213E+20,5.37097E+21,1.01397E+16,4.84862E+16
34985,34986,8,1,17,53,2016,8,16,3,3,1,5,0,0,0,1,0,0,0,0,5.50526E+20,5.40104E+21,9.68749E+15,4.87603E+16
34986,34987,8,2,16,43,2016,8,17,2,3,5,3,0,0,1,1,0,0,0,0,4.42892E+20,5.4128E+21,8.22132E+15,4.88655E+16
34987,34988,8,3,11,0,2016,8,12,1,3,4,2,0,0,0,1,0,1,0,0,4.0641E+20,5.31681E+21,7.74541E+15,4.79977E+16
34988,34989,8,4,26,87,2016,8,21,3,3,5,2,2,1,0,1,0,0,0,0,5.71665E+20,5.32389E+21,9.96191E+15,4.80642E+16
34989,34990,8,1,19,85,2016,8,7,5,3,5,3,0,0,0,1,0,0,0,0,5.32092E+20,5.41181E+21,9.43752E+15,4.88584E+16
34990,34991,8,2,21,0,2016,8,19,1,3,5,3,0,0,0,1,0,0,0,0,4.76761E+20,5.47216E+21,8.6797E+15,4.94017E+16
34991,34992,8,4,36,81,2016,8,18,1,2,9,1,0,0,0,1,0,0,0,0,5.56402E+20,5.27562E+21,9.75078E+15,4.76316E+16
34992,34993,8,1,35,15,2016,8,16,6,3,5,3,0,0,0,1,0,0,0,0,5.83444E+20,5.38269E+21,1.01316E+16,4.85918E+16
34993,34994,8,1,18,54,2016,8,12,6,3,4,6,0,0,0,0,0,0,0,1,5.18159E+20,5.42266E+21,9.24805E+15,4.89566E+16
34994,34995,8,2,35,33,2016,8,14,5,2,9,1,0,0,0,0,0,1,0,0,4.63111E+20,5.40724E+21,8.4975E+15,4.88171E+16
34995,34996,8,4,36,10,2016,8,15,5,3,3,6,0,0,0,1,0,1,0,0,5.62034E+20,5.30092E+21,9.82934E+15,4.78587E+16
34996,34997,8,2,16,7,2016,8,22,4,3,5,2,2,0,0,1,0,0,0,0,4.38351E+20,5.39443E+21,8.16216E+15,4.86998E+16
34997,34998,8,1,16,81,2016,8,15,4,3,3,6,0,0,0,1,0,0,0,0,5.15837E+20,5.38572E+21,9.21491E+15,4.86243E+16
34998,34999,8,2,36,46,2016,8,10,3,2,2,6,0,1,0,1,0,0,1,0,4.83561E+20,5.41695E+21,8.77567E+15,4.89053E+16
34999,35000,8,1,25,27,2016,8,12,6,3,2,6,0,0,0,1,0,0,0,0,5.17536E+20,5.44704E+21,9.2406E+15,4.91759E+16
35000,35001,8,3,16,39,2016,8,16,5,3,5,3,0,0,0,1,0,1,0,0,4.17692E+20,5.32738E+21,7.89458E+15,4.80944E+16
35001,35002,8,1,16,7,2016,8,17,6,3,2,6,0,1,0,0,0,1,0,0,5.31897E+20,5.39901E+21,9.43387E+15,4.87433E+16
35002,35003,8,2,37,40,2016,8,16,4,3,9,1,0,0,0,1,0,0,0,0,4.73671E+20,5.36927E+21,8.64375E+15,4.8476E+16
35003,35004,8,1,25,58,2016,8,12,4,3,2,2,0,0,0,1,0,1,0,0,5.1032E+20,5.44335E+21,9.1415E+15,4.91429E+16
35004,35005,8,3,17,31,2016,8,18,3,3,9,1,0,0,1,1,0,0,0,0,4.1458E+20,5.35856E+21,7.84651E+15,4.83745E+16
35005,35006,8,2,12,0,2016,8,13,6,3,2,6,0,0,0,1,0,0,0,0,4.59924E+20,5.42803E+21,8.45204E+15,4.90038E+16
35006,35007,8,3,35,63,2016,8,14,2,3,0,7,0,0,1,0,0,0,0,0,5.0228E+20,5.29101E+21,9.03043E+15,4.77725E+16
35007,35008,8,1,36,42,2016,8,21,1,3,4,2,2,0,0,1,0,0,0,0,5.51392E+20,5.4052E+21,9.6998E+15,4.87977E+16
35008,35009,8,3,17,122,2016,8,7,5,3,3,6,0,0,0,0,0,0,1,1,4.18925E+20,5.3673E+21,7.90348E+15,4.84536E+16
35009,35010,8,4,36,81,2016,8,17,1,3,2,6,0,0,0,1,0,0,0,0,5.62195E+20,5.28264E+21,9.82888E+15,4.76941E+16
35010,35011,8,1,19,1,2016,8,13,6,3,9,1,0,1,0,1,0,0,0,0,5.52313E+20,5.41097E+21,9.71308E+15,4.88495E+16
35011,35012,8,1,15,24,2016,8,11,1,3,2,6,0,0,0,1,0,0,0,0,5.00979E+20,5.38641E+21,9.01329E+15,4.86308E+16
35012,35013,8,1,36,68,2016,8,18,2,3,5,3,0,0,1,1,0,0,0,0,5.95027E+20,5.42851E+21,1.02993E+16,4.90022E+16
35013,35014,8,4,36,52,2016,8,14,4,2,0,7,0,0,1,0,0,0,0,0,5.67548E+20,5.29441E+21,9.90203E+15,4.77995E+16
35014,35015,8,2,15,39,2016,8,13,1,3,5,3,0,0,0,1,0,0,0,0,4.72561E+20,5.45207E+21,8.62319E+15,4.92208E+16
35015,35016,8,4,15,87,2016,8,17,3,3,2,6,0,0,0,1,0,0,0,0,5.13625E+20,5.38285E+21,9.1848E+15,4.85985E+16
35016,35017,8,1,11,0,2016,8,19,5,3,2,6,0,0,0,1,0,0,0,0,5.1696E+20,5.39845E+21,9.23067E+15,4.87388E+16
35017,35018,8,1,25,6,2016,8,15,6,2,5,3,0,1,0,1,0,0,0,0,5.07301E+20,5.45094E+21,9.10024E+15,4.92112E+16
35018,35019,8,1,17,9,2016,8,15,6,3,2,6,0,0,0,1,0,0,0,0,5.48682E+20,5.39942E+21,9.66221E+15,4.87459E+16
35019,35020,8,2,15,9,2016,8,17,5,3,2,6,0,0,0,1,0,0,0,0,4.69702E+20,5.44104E+21,8.58475E+15,4.91215E+16
35020,35021,8,1,11,0,2016,8,13,4,3,2,6,0,0,0,1,0,1,0,0,5.18312E+20,5.40342E+21,9.24929E+15,4.87835E+16
35021,35022,8,2,31,0,2016,8,10,3,3,6,4,0,0,0,0,1,0,0,1,4.78414E+20,5.41601E+21,8.70549E+15,4.88967E+16
35022,35023,8,1,18,48,2016,8,18,4,2,3,6,0,0,1,0,0,0,0,0,5.14841E+20,5.41668E+21,9.20252E+15,4.89029E+16
35023,35024,8,3,15,84,2016,8,16,2,2,8,1,0,0,0,0,0,1,0,0,4.18412E+20,5.30315E+21,7.90886E+15,4.78765E+16