FID,OBJECTID,ULAND,UREGBEZ,UKREIS,UGEMEINDE,UJAHR,UMONAT,USTUNDE,UWOCHENTAG,UKATEGORIE,UART,UTYP1,ULICHTVERH,IstStrasse,IstRad,IstPKW,IstFuss,IstKrad,IstGkfz,IstSonstig,LINREFX,LINREFY,XGCSWGS84,YGCSWGS84
35024,35025,8,3,36,91,2016,8,17,5,3,3,6,0,0,0,1,0,0,1,0,3.9467E+20,5.27552E+21,7.59812E+15,4.76245E+16
35025,35026,8,1,25,6,2016,8,22,5,3,3,6,2,1,0,1,0,0,0,0,5.06001E+20,5.45023E+21,9.08238E+15,4.92049E+16
35026,35027,8,2,37,19,2016,8,16,7,3,8,1,0,0,0,1,0,0,0,0,4.6299E+20,5.37003E+21,8.49917E+15,4.84823E+16
35027,35028,8,3,37,66,2016,8,14,1,2,5,3,0,0,0,1,0,0,0,0,4.30862E+20,5.27099E+21,8.08045E+15,4.75887E+16
35028,35029,8,4,36,18,2016,8,18,5,3,3,6,0,0,1,0,0,0,0,0,5.5106E+20,5.28466E+21,9.68073E+15,4.77133E+16
35029,35030,8,3,26,68,2016,8,16,7,3,5,3,0,0,0,1,0,0,0,1,4.44054E+20,5.31713E+21,8.24993E+15,4.80051E+16
35030,35031,8,4,35,59,2016,8,9,4,3,2,6,0,0,0,1,0,0,0,1,5.1393E+20,5.29115E+21,9.18592E+15,4.77736E+16
35031,35032,8,1,25,65,2016,8,9,2,2,2,6,0,0,0,1,0,0,0,1,5.16215E+20,5.44779E+21,9.2225E+15,4.91827E+16
35032,35033,8,2,15,46,2016,8,0,4,3,2,6,2,0,0,1,0,0,0,0,4.5044E+20,5.41633E+21,8.32379E+15,4.88979E+16
35033,35034,8,3,11,0,2016,8,22,3,2,0,1,2,1,0,0,0,1,0,0,4.10741E+20,5.31792E+21,7.80323E+15,4.80083E+16
35034,35035,8,1,36,40,2016,8,17,4,3,2,1,0,0,0,1,0,0,0,0,5.63943E+20,5.41076E+21,9.87156E+15,4.88465E+16
35035,35036,8,3,25,53,2016,8,18,2,1,4,1,0,0,0,1,0,0,0,1,4.55548E+20,5.34242E+21,8.40139E+15,4.82335E+16
35036,35037,8,4,21,0,2016,8,16,5,3,5,3,0,0,1,1,0,0,0,0,5.75152E+20,5.36322E+21,1.00157E+16,4.84177E+16
35037,35038,8,2,12,0,2016,8,21,5,3,8,1,2,1,0,0,0,0,1,0,4.60475E+20,5.42427E+21,8.45994E+15,4.89701E+16
35038,35039,8,1,35,19,2016,8,23,1,2,8,1,2,0,0,0,0,1,0,0,5.85657E+20,5.39361E+21,1.01639E+16,4.86896E+16
35039,35040,8,1,16,70,2016,8,17,6,3,2,6,0,0,0,1,0,0,0,0,5.3943E+20,5.38572E+21,9.53507E+15,4.86233E+16
35040,35041,8,3,36,87,2016,8,21,7,3,5,3,1,0,0,1,0,0,0,0,4.18499E+20,5.3031E+21,7.91003E+15,4.7876E+16
35041,35042,8,4,21,0,2016,8,15,7,3,2,6,0,0,0,1,0,0,0,0,5.7238E+20,5.36389E+21,9.97834E+15,4.8424E+16
35042,35043,8,1,16,33,2016,8,21,5,2,8,1,2,1,0,1,0,0,0,0,5.36826E+20,5.38632E+21,9.49978E+15,4.86288E+16
35043,35044,8,1,36,34,2016,8,9,2,3,2,6,0,0,0,1,0,1,0,0,5.67409E+20,5.40786E+21,9.91832E+15,4.882E+16
35044,35045,8,3,17,96,2016,8,3,4,1,8,7,2,0,0,0,0,0,1,0,4.20106E+20,5.37464E+21,7.91805E+15,4.85198E+16
35045,35046,8,2,37,45,2016,8,13,3,3,2,2,0,0,0,1,0,0,0,0,4.62115E+20,5.36447E+21,8.48783E+15,4.84322E+16
35046,35047,8,4,16,36,2016,8,16,5,3,1,6,0,0,0,1,0,0,0,0,4.92902E+20,5.37126E+21,8.90392E+15,4.84945E+16
35047,35048,8,4,15,85,2016,8,19,3,2,4,1,0,1,0,1,0,0,0,0,5.3299E+20,5.34228E+21,9.44425E+15,4.82329E+16
35048,35049,8,1,27,101,2016,8,17,7,2,4,1,0,0,0,1,0,0,0,0,5.85755E+20,5.44407E+21,1.01758E+16,4.91435E+16
35049,35050,8,4,35,16,2016,8,13,4,3,4,7,0,1,0,1,0,0,0,0,5.385E+20,5.277E+21,9.51261E+15,4.76453E+16
35050,35051,8,1,36,38,2016,8,15,5,2,3,6,0,0,1,0,0,0,0,0,5.9167E+20,5.41574E+21,1.02505E+16,4.88878E+16
35051,35052,8,4,35,16,2016,8,16,3,3,3,6,0,1,0,1,0,0,0,0,5.38196E+20,5.27713E+21,9.50857E+15,4.76464E+16
35052,35053,8,2,26,46,2016,8,9,3,2,5,3,0,1,0,1,0,0,1,0,4.75162E+20,5.45452E+21,8.65876E+15,4.9243E+16
35053,35054,8,1,35,20,2016,8,18,4,3,7,1,0,0,0,1,0,0,0,0,5.84599E+20,5.38702E+21,1.01482E+16,4.86305E+16
35054,35055,8,2,12,0,2016,8,17,2,2,2,6,0,0,0,1,0,0,0,0,4.6263E+20,5.43227E+21,8.48864E+15,4.90422E+16
35055,35056,8,3,35,43,2016,8,8,5,3,5,3,0,0,0,1,0,0,0,0,5.10919E+20,5.28054E+21,9.14547E+15,4.76782E+16
35056,35057,8,1,28,7,2016,8,9,5,2,4,2,0,0,0,1,0,0,0,0,5.57645E+20,5.48048E+21,9.7957E+15,4.94742E+16
35057,35058,8,2,26,96,2016,8,15,7,3,0,7,0,0,1,0,0,0,0,0,4.75875E+20,5.48891E+21,8.66645E+15,4.95523E+16
35058,35059,8,3,35,22,2016,8,20,1,3,0,6,1,0,0,1,0,0,0,0,4.83259E+20,5.30303E+21,8.7761E+15,4.78803E+16
35059,35060,8,4,26,70,2016,8,16,5,3,9,1,0,0,0,1,0,0,0,0,5.59479E+20,5.34042E+21,9.80068E+15,4.82142E+16
35060,35061,8,2,21,0,2016,8,18,4,3,3,2,0,0,1,1,0,0,0,0,4.77462E+20,5.47433E+21,8.68923E+15,4.94212E+16
35061,35062,8,4,17,79,2016,8,16,4,3,2,6,0,0,0,1,0,0,0,0,4.96506E+20,5.34022E+21,8.95297E+15,4.82152E+16
35062,35063,8,1,18,53,2016,8,20,2,3,5,3,0,0,1,1,0,0,0,0,5.15405E+20,5.42755E+21,9.21062E+15,4.90006E+16
35063,35064,8,2,26,102,2016,8,6,4,2,0,1,0,1,0,1,0,0,0,0,4.82773E+20,5.45407E+21,8.76333E+15,4.92392E+16
35064,35065,8,3,35,43,2016,8,19,5,3,0,2,0,0,0,1,0,1,0,0,5.13092E+20,5.28049E+21,9.17442E+15,4.76777E+16
35065,35066,8,1,15,4,2016,8,17,7,3,1,6,0,0,0,1,0,0,0,0,4.88307E+20,5.37221E+21,8.84171E+15,4.85029E+16
35066,35067,8,3,17,26,2016,8,10,4,3,5,3,0,0,1,0,0,0,1,0,4.11983E+20,5.34575E+21,7.81412E+15,4.82589E+16
35067,35068,8,2,11,0,2016,8,15,4,3,1,5,0,0,0,1,0,1,0,0,4.41958E+20,5.40361E+21,8.20989E+15,4.87828E+16
35068,35069,8,3,17,26,2016,8,14,6,3,5,3,0,1,0,1,0,0,0,0,4.10886E+20,5.34633E+21,7.79922E+15,4.82639E+16
35069,35070,8,4,35,20,2016,8,18,2,3,5,3,0,0,0,1,0,1,0,0,5.19455E+20,5.30128E+21,9.26013E+15,4.78646E+16
35070,35071,8,3,11,0,2016,8,13,7,3,3,6,0,0,1,1,0,0,0,0,4.12899E+20,5.31484E+21,7.83277E+15,4.79809E+16
35071,35072,8,3,16,17,2016,8,11,5,3,2,6,0,0,0,1,0,0,0,0,4.0713E+20,5.34239E+21,7.74949E+15,4.82279E+16
35072,35073,8,4,15,60,2016,8,6,3,3,5,3,0,1,0,1,0,0,1,0,5.16342E+20,5.37927E+21,9.22151E+15,4.85663E+16
35073,35074,8,1,19,79,2016,8,9,7,2,2,6,0,0,0,1,0,0,0,0,5.24454E+20,5.4083E+21,9.33318E+15,4.88272E+16
35074,35075,8,3,37,60,2016,8,6,4,2,4,1,0,1,0,0,0,1,0,1,4.67211E+20,5.27712E+21,8.56341E+15,4.76466E+16
35075,35076,8,3,26,17,2016,8,16,6,3,2,2,0,0,0,1,0,0,0,0,4.4031E+20,5.32655E+21,8.19843E+15,4.80894E+16
35076,35077,8,1,11,0,2016,8,17,3,3,2,6,0,0,0,1,0,0,0,0,5.12596E+20,5.39975E+21,9.17136E+15,4.87506E+16
35077,35078,8,3,17,127,2016,8,14,7,2,9,1,0,0,0,0,0,1,0,0,4.22173E+20,5.34916E+21,7.95076E+15,4.82909E+16
35078,35079,8,1,28,14,2016,8,13,1,3,2,6,0,0,0,1,0,0,0,0,5.4134E+20,5.48555E+21,9.57118E+15,4.95212E+16
35079,35080,8,4,16,49,2016,8,15,3,3,8,7,0,0,0,1,0,0,0,0,4.93167E+20,5.3687E+21,8.90755E+15,4.84714E+16
35080,35081,8,1,35,20,2016,8,0,3,3,0,7,2,0,0,1,0,0,0,1,5.86259E+20,5.38132E+21,1.01695E+16,4.85791E+16
35081,35082,8,2,21,0,2016,8,14,2,3,4,6,0,0,1,0,0,0,0,0,4.78074E+20,5.47348E+21,8.69771E+15,4.94136E+16
35082,35083,8,2,12,0,2016,8,10,7,3,2,6,0,0,0,1,0,0,0,1,4.60645E+20,5.42565E+21,8.46213E+15,4.89825E+16
35083,35084,8,3,17,98,2016,8,10,1,2,9,1,0,0,0,0,0,1,0,0,4.42163E+20,5.37094E+21,8.21724E+15,4.84889E+16
35084,35085,8,1,16,72,2016,8,16,2,3,3,6,0,0,0,1,0,0,0,0,5.31208E+20,5.39448E+21,9.42416E+15,4.87026E+16
35085,35086,8,2,15,109,2016,8,22,6,3,5,2,2,0,0,1,0,0,0,0,4.63072E+20,5.43983E+21,8.494E+15,4.91102E+16
35086,35087,8,3,27,18,2016,8,16,5,2,9,1,0,0,0,0,0,1,0,0,4.73493E+20,5.30152E+21,8.64557E+15,4.78665E+16
35087,35088,8,4,17,31,2016,8,18,6,3,8,1,0,0,0,1,0,0,0,0,4.97423E+20,5.35441E+21,8.96522E+15,4.83429E+16
35088,35089,8,3,15,43,2016,8,18,4,2,4,6,0,0,0,1,0,0,0,0,4.06348E+20,5.32296E+21,7.74323E+15,4.80531E+16
35089,35090,8,2,25,1,2016,8,4,4,3,3,6,2,0,0,0,0,0,0,1,5.31549E+20,5.46831E+21,9.43453E+15,4.93666E+16
35090,35091,8,3,25,45,2016,8,21,3,3,1,6,2,0,0,1,0,0,0,0,4.68831E+20,5.34952E+21,8.57974E+15,4.82981E+16
35091,35092,8,2,31,0,2016,8,13,6,3,2,6,0,0,0,1,0,0,0,0,4.79E+20,5.41806E+21,8.71338E+15,4.89151E+16
35092,35093,8,3,36,19,2016,8,10,2,3,0,1,0,0,1,0,0,0,0,0,3.9456E+20,5.2759E+21,7.59656E+15,4.76279E+16
35093,35094,8,2,16,13,2016,8,15,1,2,2,6,0,0,0,0,0,1,0,0,4.51448E+20,5.38746E+21,8.34096E+15,4.86383E+16
35094,35095,8,1,25,21,2016,8,22,6,3,5,3,2,0,1,0,0,1,0,0,5.23436E+20,5.44727E+21,9.32156E+15,4.91778E+16
35095,35096,8,1,16,76,2016,8,20,3,3,2,6,1,0,0,0,0,1,0,0,5.28714E+20,5.40384E+21,9.39092E+15,4.87869E+16
35096,35097,8,2,16,8,2016,8,16,2,2,8,7,0,0,0,1,0,0,1,0,4.40834E+20,5.39183E+21,8.19627E+15,4.86767E+16
35097,35098,8,3,11,0,2016,8,23,1,3,5,3,2,0,1,1,0,0,0,0,4.13651E+20,5.31669E+21,7.84248E+15,4.79976E+16
35098,35099,8,1,25,13,2016,8,16,1,3,8,1,0,0,0,1,0,0,0,0,5.08361E+20,5.43481E+21,9.11447E+15,4.90661E+16
35099,35100,8,3,35,28,2016,8,18,3,3,5,3,0,0,1,1,0,0,0,0,4.83306E+20,5.28679E+21,8.77735E+15,4.77343E+16
35100,35101,8,1,18,73,2016,8,11,3,3,8,7,0,0,0,1,0,0,0,0,4.98274E+20,5.41631E+21,8.97645E+15,4.88997E+16
35101,35102,8,1,28,7,2016,8,20,7,3,5,3,1,0,0,1,0,1,0,0,5.5559E+20,5.48124E+21,9.76744E+15,4.94813E+16
35102,35103,8,3,15,39,2016,8,12,1,2,8,1,0,0,0,0,0,1,0,0,4.46958E+20,5.30524E+21,8.29033E+15,4.78983E+16
35103,35104,8,1,25,13,2016,8,9,5,3,8,1,0,0,0,1,0,0,0,0,5.07489E+20,5.43813E+21,9.10258E+15,4.9096E+16
35104,35105,8,2,31,0,2016,8,19,1,3,3,6,0,0,0,1,0,0,0,1,4.80781E+20,5.41694E+21,8.73774E+15,4.89051E+16
35105,35106,8,4,37,124,2016,8,17,1,3,5,2,0,0,0,1,0,1,0,0,5.17136E+20,5.30051E+21,9.22909E+15,4.78577E+16
35106,35107,8,4,16,48,2016,8,14,6,3,2,6,0,0,0,1,0,0,0,0,4.91853E+20,5.37687E+21,8.88962E+15,4.85449E+16
35107,35108,8,1,25,39,2016,8,14,6,3,5,3,0,1,1,1,0,0,0,0,5.11614E+20,5.45906E+21,9.1597E+15,4.92842E+16
35108,35109,8,2,15,90,2016,8,8,5,2,6,4,0,0,0,1,1,0,0,0,4.64674E+20,5.43317E+21,8.51653E+15,4.90504E+16
35109,35110,8,1,15,29,2016,8,13,6,2,8,1,0,1,0,0,0,1,0,0,4.97336E+20,5.39784E+21,8.96377E+15,4.87336E+16
35110,35111,8,2,22,0,2016,8,15,4,3,5,2,0,1,0,1,0,0,0,0,4.66662E+20,5.48032E+21,8.53982E+15,4.94746E+16
35111,35112,8,1,18,48,2016,8,12,4,3,2,6,0,0,0,1,0,0,1,0,5.142E+20,5.41642E+21,9.19376E+15,4.89005E+16
35112,35113,8,3,17,127,2016,8,19,3,1,8,1,0,0,0,0,0,1,0,0,4.22831E+20,5.35284E+21,7.95896E+15,4.8324E+16
35113,35114,8,2,16,41,2016,8,0,6,3,2,6,2,1,0,1,0,0,0,0,4.3168E+20,5.39408E+21,8.07156E+15,4.8696E+16
35114,35115,8,1,35,32,2016,8,8,4,3,1,6,0,0,0,1,0,0,0,0,5.81476E+20,5.39249E+21,1.01069E+16,4.86802E+16
35115,35116,8,3,35,98,2016,8,19,2,2,5,2,0,0,0,0,0,1,0,1,5.04453E+20,5.29679E+21,9.05949E+15,4.78245E+16
35116,35117,8,1,28,138,2016,8,9,1,2,8,1,0,0,0,1,0,0,0,0,5.38979E+20,5.48166E+21,9.53819E+15,4.94864E+16
35117,35118,8,4,26,21,2016,8,11,5,3,2,6,0,0,0,1,0,0,1,0,5.61938E+20,5.33302E+21,9.8327E+15,4.81474E+16
35118,35119,8,3,11,0,2016,8,4,5,2,8,1,2,0,0,0,0,1,0,0,4.14871E+20,5.31573E+21,7.85903E+15,4.79892E+16
35119,35120,8,4,36,49,2016,8,14,1,1,5,3,0,0,0,1,0,1,0,0,5.78475E+20,5.28378E+21,1.0046E+16,4.77026E+16
35120,35121,8,1,18,48,2016,8,16,6,3,5,2,0,0,0,1,0,0,0,0,5.11939E+20,5.41687E+21,9.16292E+15,4.89047E+16
35121,35122,8,1,11,0,2016,8,5,1,3,2,6,1,0,0,1,0,0,0,0,5.16099E+20,5.39462E+21,9.21881E+15,4.87044E+16
35122,35123,8,1,25,110,2016,8,13,5,3,1,6,0,0,0,1,0,0,0,0,5.28289E+20,5.44177E+21,9.38777E+15,4.91281E+16
35123,35124,8,1,36,88,2016,8,9,2,3,3,6,0,0,0,1,0,0,0,0,5.83702E+20,5.40721E+21,1.01401E+16,4.88123E+16
35124,35125,8,3,27,49,2016,8,19,4,3,4,1,0,0,0,1,0,0,0,1,4.73055E+20,5.32493E+21,8.63825E+15,4.80771E+16
35125,35126,8,2,35,6,2016,8,23,3,2,8,1,2,1,0,1,0,0,0,0,4.68476E+20,5.38339E+21,8.5724E+15,4.86028E+16
35126,35127,8,2,15,100,2016,8,11,1,2,2,6,0,0,0,1,0,1,0,0,4.74886E+20,5.45329E+21,8.65504E+15,4.92319E+16
35127,35128,8,3,37,116,2016,8,15,3,2,8,1,0,0,0,0,0,1,0,1,4.18199E+20,5.27475E+21,7.91135E+15,4.7621E+16
35128,35129,8,4,36,39,2016,8,8,4,3,2,2,0,1,0,1,0,0,0,0,5.51608E+20,5.28735E+21,9.68836E+15,4.77375E+16
35129,35130,8,2,12,0,2016,8,11,5,3,6,4,0,0,0,0,1,1,0,0,4.55206E+20,5.42881E+21,8.38745E+15,4.90106E+16
35130,35131,8,3,37,49,2016,8,17,3,3,5,3,0,1,0,1,0,0,0,0,4.25523E+20,5.27824E+21,8.00821E+15,4.76533E+16
35131,35132,8,1,17,38,2016,8,7,5,3,0,1,1,0,0,0,0,1,0,0,5.45033E+20,5.39962E+21,9.61261E+15,4.8748E+16
35132,35133,8,2,16,33,2016,8,8,1,3,7,7,0,0,0,0,0,1,0,0,4.48709E+20,5.41216E+21,8.3007E+15,4.88602E+16
35133,35134,8,4,36,1,2016,8,15,1,2,8,1,0,0,0,0,0,1,0,0,5.55598E+20,5.27512E+21,9.74001E+15,4.76271E+16
35134,35135,8,1,28,138,2016,8,18,6,2,4,1,0,0,0,1,0,1,0,0,5.4019E+20,5.48845E+21,9.55559E+15,4.95474E+16
35135,35136,8,1,18,48,2016,8,15,6,3,2,6,0,1,0,1,0,0,0,0,5.12E+20,5.41526E+21,9.1637E+15,4.88901E+16
35136,35137,8,2,25,82,2016,8,10,5,2,0,2,0,0,0,0,0,1,0,0,5.35024E+20,5.4779E+21,9.48325E+15,4.94528E+16
35137,35138,8,1,15,53,2016,8,9,4,3,2,6,0,0,0,1,0,1,0,0,4.83096E+20,5.38108E+21,8.7708E+15,4.85826E+16
35138,35139,8,2,15,17,2016,8,17,3,2,5,3,0,0,1,1,0,0,0,0,4.58267E+20,5.42296E+21,8.42991E+15,4.89581E+16
35139,35140,8,1,27,73,2016,8,21,4,2,2,1,0,0,0,1,0,0,0,0,5.80861E+20,5.44921E+21,1.01098E+16,4.91903E+16
35140,35141,8,3,16,55,2016,8,8,2,3,2,6,0,0,0,1,0,0,0,0,4.27667E+20,5.33307E+21,8.02756E+15,4.81467E+16
35141,35142,8,4,17,2,2016,8,12,5,3,5,3,0,0,0,1,0,0,0,0,4.89566E+20,5.34791E+21,8.85935E+15,4.82843E+16
35142,35143,8,2,36,46,2016,8,8,5,3,5,3,0,0,0,1,0,0,0,0,4.83109E+20,5.41802E+21,8.76946E+15,4.89149E+16
35143,35144,8,4,15,91,2016,8,15,1,3,4,1,0,0,0,1,0,1,0,0,5.13256E+20,5.36202E+21,9.17913E+15,4.84112E+16
35144,35145,8,1,15,41,2016,8,18,6,3,5,3,0,0,0,1,0,0,0,1,4.94974E+20,5.40071E+21,8.93162E+15,4.87594E+16
35145,35146,8,3,35,43,2016,8,15,7,2,0,1,0,0,1,0,0,0,0,0,5.14817E+20,5.28018E+21,9.1974E+15,4.76748E+16
35146,35147,8,4,15,19,2016,8,9,7,2,4,1,0,0,0,1,0,1,0,0,5.21384E+20,5.37078E+21,9.28942E+15,4.84897E+16
35147,35148,8,1,11,0,2016,8,7,5,3,0,1,0,0,0,0,0,1,0,0,5.17653E+20,5.40034E+21,9.24018E+15,4.87558E+16
35148,35149,8,1,28,7,2016,8,10,2,3,2,6,0,0,0,1,0,0,0,0,5.53175E+20,5.48169E+21,9.73417E+15,4.94855E+16
35149,35150,8,3,15,64,2016,8,16,4,3,3,6,0,0,1,1,0,0,0,0,4.23865E+20,5.31357E+21,7.97993E+15,4.79709E+16
35150,35151,8,2,26,85,2016,8,16,3,3,2,6,0,1,0,1,0,0,0,0,4.8902E+20,5.45489E+21,8.84913E+15,4.92467E+16
35151,35152,8,4,15,50,2016,8,12,5,3,5,3,0,0,0,1,0,0,0,0,5.21403E+20,5.37584E+21,9.28993E+15,4.85353E+16
35152,35153,8,3,36,91,2016,8,23,3,3,2,6,2,0,0,1,0,1,0,0,3.97779E+20,5.27171E+21,7.64037E+15,4.75908E+16
35153,35154,8,1,25,46,2016,8,15,7,3,5,3,0,0,0,1,0,1,0,0,5.20252E+20,5.43407E+21,9.27722E+15,4.90592E+16
35154,35155,8,4,17,22,2016,8,15,4,3,2,6,0,0,1,0,0,0,0,0,4.87022E+20,5.34805E+21,8.82505E+15,4.82855E+16
35155,35156,8,1,25,68,2016,8,8,5,2,4,6,0,0,0,0,0,1,1,0,5.19014E+20,5.46033E+21,9.2615E+15,4.92954E+16
35156,35157,8,4,26,108,2016,8,17,3,3,5,3,0,1,0,1,0,0,0,0,5.72286E+20,5.33805E+21,9.97265E+15,4.81915E+16
35157,35158,8,1,25,6,2016,8,14,3,2,2,6,0,0,0,1,0,0,1,0,5.01564E+20,5.45129E+21,9.02148E+15,4.92144E+16
35158,35159,8,2,31,0,2016,8,11,2,3,0,7,0,0,0,1,0,0,0,0,4.83022E+20,5.41411E+21,8.76843E+15,4.88797E+16
35159,35160,8,4,35,16,2016,8,7,5,2,5,3,0,0,1,1,0,0,0,0,5.38563E+20,5.28065E+21,9.51377E+15,4.76781E+16
35160,35161,8,2,26,68,2016,8,12,7,3,2,6,0,0,0,1,0,0,0,0,4.68018E+20,5.46141E+21,8.56005E+15,4.93046E+16
35161,35162,8,3,35,43,2016,8,10,1,2,0,3,0,0,0,1,0,1,0,0,5.12052E+20,5.27999E+21,9.16055E+15,4.76732E+16
35162,35163,8,4,26,124,2016,8,4,5,2,3,6,2,0,1,1,0,0,0,0,5.49534E+20,5.33015E+21,9.66562E+15,4.81227E+16
35163,35164,8,4,35,24,2016,8,2,3,3,0,6,2,0,1,1,0,0,0,0,5.28357E+20,5.27933E+21,9.37772E+15,4.76667E+16
35164,35165,8,2,26,41,2016,8,10,3,3,5,3,0,0,0,1,0,0,0,0,4.77038E+20,5.46608E+21,8.68386E+15,4.9347E+16
35165,35166,8,1,21,0,2016,8,18,4,3,2,6,0,0,0,1,0,0,0,0,5.16432E+20,5.44617E+21,9.22541E+15,4.91681E+16
35166,35167,8,3,11,0,2016,8,21,2,3,2,6,2,0,1,1,0,0,0,0,4.12597E+20,5.31441E+21,7.82882E+15,4.7977E+16
35167,35168,8,3,37,66,2016,8,11,5,2,2,6,0,0,0,1,0,1,0,0,4.30023E+20,5.26854E+21,8.06967E+15,4.75665E+16
35168,35169,8,1,36,65,2016,8,21,5,3,5,3,2,1,0,1,0,0,0,0,5.62576E+20,5.40832E+21,9.85256E+15,4.88247E+16
35169,35170,8,2,35,79,2016,8,14,7,3,3,2,0,0,0,1,0,1,0,0,4.69409E+20,5.40211E+21,8.58367E+15,4.87713E+16
35170,35171,8,3,36,45,2016,8,20,1,3,8,1,1,0,0,1,0,0,0,0,4.00648E+20,5.28545E+21,7.67539E+15,4.77148E+16
35171,35172,8,4,35,29,2016,8,13,5,3,2,6,0,0,0,1,0,0,0,0,5.45235E+20,5.2713E+21,9.60169E+15,4.75935E+16
35172,35173,8,2,37,40,2016,8,0,7,2,6,6,2,0,0,1,1,0,0,0,4.75368E+20,5.36467E+21,8.66699E+15,4.84347E+16
35173,35174,8,4,26,31,2016,8,17,4,3,5,3,0,0,0,1,0,1,0,0,5.82372E+20,5.32894E+21,1.01066E+16,4.81084E+16
35174,35175,8,1,18,73,2016,8,16,2,3,2,6,0,0,0,1,0,0,0,0,4.97623E+20,5.4192E+21,8.96755E+15,4.89257E+16
35175,35176,8,2,35,46,2016,8,18,4,3,6,4,0,0,1,0,1,0,0,0,4.80123E+20,5.37677E+21,8.7307E+15,4.85437E+16
35176,35177,8,3,37,96,2016,8,17,5,2,2,6,0,0,0,1,0,0,0,1,4.22473E+20,5.26803E+21,7.9694E+15,4.7561E+16
35177,35178,8,1,19,55,2016,8,11,7,3,5,3,0,0,0,1,0,0,0,0,5.43978E+20,5.40492E+21,9.59882E+15,4.87958E+16
35178,35179,8,3,35,79,2016,8,12,4,3,2,6,0,0,0,1,0,0,0,0,5.00759E+20,5.29943E+21,9.01014E+15,4.78482E+16
35179,35180,8,3,25,57,2016,8,9,6,3,1,7,0,0,0,0,0,0,1,1,4.68675E+20,5.35772E+21,8.57702E+15,4.83718E+16
35180,35181,8,4,36,9,2016,8,9,2,3,4,3,0,0,1,1,0,0,0,0,5.57124E+20,5.30798E+21,9.76464E+15,4.79226E+16
35181,35182,8,3,17,31,2016,8,10,7,3,2,6,0,0,0,1,0,0,0,0,4.15249E+20,5.36163E+21,7.85492E+15,4.84022E+16
35182,35183,8,1,27,86,2016,8,17,1,3,2,6,0,0,0,1,0,0,0,0,5.53406E+20,5.44846E+21,9.73291E+15,4.91867E+16
35183,35184,8,3,36,14,2016,8,14,3,3,3,6,0,1,0,1,0,0,1,0,3.89459E+20,5.28358E+21,7.52674E+15,4.76961E+16
35184,35185,8,1,19,44,2016,8,21,3,3,2,1,2,1,0,1,0,0,0,0,5.41272E+20,5.42558E+21,9.56406E+15,4.89817E+16
35185,35186,8,1,18,50,2016,8,20,7,3,0,3,0,0,0,1,0,1,0,0,5.07337E+20,5.41591E+21,9.1001E+15,4.88961E+16
35186,35187,8,3,16,20,2016,8,6,1,3,9,1,0,0,0,1,0,0,0,0,4.08241E+20,5.3372E+21,7.76557E+15,4.81814E+16
35187,35188,8,1,11,0,2016,8,10,2,3,2,6,0,0,0,1,0,0,0,0,5.13511E+20,5.40628E+21,9.18402E+15,4.88094E+16
35188,35189,8,2,16,24,2016,8,19,6,2,8,1,1,0,0,1,0,0,0,0,4.44752E+20,5.40781E+21,8.24735E+15,4.88208E+16
35189,35190,8,3,17,65,2016,8,14,5,3,2,6,0,0,0,1,0,0,0,1,4.17262E+20,5.35481E+21,7.88346E+15,4.83411E+16
35190,35191,8,4,16,36,2016,8,22,6,2,9,1,2,0,0,1,0,0,0,0,4.96799E+20,5.36898E+21,8.9567E+15,4.84739E+16
35191,35192,8,1,16,4,2016,8,3,6,2,8,1,2,1,0,1,0,0,0,0,5.28292E+20,5.39651E+21,9.38466E+15,4.8721E+16
35192,35193,8,2,12,0,2016,8,7,4,3,8,7,0,0,0,1,0,0,0,0,4.53205E+20,5.42858E+21,8.36011E+15,4.90084E+16
35193,35194,8,3,37,13,2016,8,12,4,3,8,1,0,0,0,0,0,1,0,0,4.24144E+20,5.29448E+21,7.98702E+15,4.77992E+16
35194,35195,8,1,17,9,2016,8,19,2,2,0,6,0,0,0,1,0,1,0,0,5.4868E+20,5.39942E+21,9.6622E+15,4.87459E+16
35195,35196,8,2,25,67,2016,8,12,4,3,2,1,0,0,0,1,0,0,0,1,5.09769E+20,5.4628E+21,9.13442E+15,4.93178E+16
35196,35197,8,2,35,57,2016,8,19,6,2,0,1,0,0,1,0,0,0,0,0,4.88927E+20,5.39701E+21,8.84944E+15,4.8726E+16
35197,35198,8,4,35,16,2016,8,10,5,2,6,4,0,0,0,1,1,0,0,0,5.34394E+20,5.27802E+21,9.45803E+15,4.76547E+16
35198,35199,8,4,35,54,2016,8,13,6,3,2,6,0,1,0,1,0,0,0,0,5.22802E+20,5.28134E+21,9.30383E+15,4.7685E+16
35199,35200,8,3,15,68,2016,8,11,4,3,4,6,0,0,0,1,0,0,0,1,4.43259E+20,5.30554E+21,8.2408E+15,4.79007E+16
35200,35201,8,1,36,27,2016,8,9,4,3,5,3,0,0,0,1,0,0,0,0,5.54444E+20,5.4204E+21,9.74338E+15,4.89341E+16
35201,35202,8,3,35,43,2016,8,18,3,2,5,2,0,0,1,1,0,0,0,0,5.13795E+20,5.28001E+21,9.18377E+15,4.76733E+16
35202,35203,8,3,15,16,2016,8,17,6,2,5,3,0,0,0,1,0,0,0,0,4.29207E+20,5.30808E+21,8.0524E+15,4.79221E+16
35203,35204,8,4,21,0,2016,8,17,2,3,4,2,0,0,0,1,0,1,0,0,5.66643E+20,5.3559E+21,9.89954E+15,4.83528E+16
35204,35205,8,2,15,97,2016,8,2,7,3,5,3,2,0,0,1,0,0,0,0,4.81151E+20,5.43887E+21,8.74177E+15,4.91024E+16