FID,OBJECTID,ULAND,UREGBEZ,UKREIS,UGEMEINDE,UJAHR,UMONAT,USTUNDE,UWOCHENTAG,UKATEGORIE,UART,UTYP1,ULICHTVERH,IstStrasse,IstRad,IstPKW,IstFuss,IstKrad,IstGkfz,IstSonstig,LINREFX,LINREFY,XGCSWGS84,YGCSWGS84
35205,35206,8,1,28,14,2016,8,11,6,3,9,1,0,0,0,1,0,0,0,0,5.44388E+20,5.4789E+21,9.61254E+15,4.94611E+16
35206,35207,8,1,19,24,2016,8,14,1,2,8,1,0,0,0,0,0,1,0,0,5.37532E+20,5.43242E+21,9.51358E+15,4.90435E+16
35207,35208,8,3,35,28,2016,8,15,3,3,4,6,0,0,0,1,0,0,0,0,4.83488E+20,5.28673E+21,8.77978E+15,4.77337E+16
35208,35209,8,1,17,1,2016,8,21,3,3,7,7,2,0,0,0,0,1,0,0,5.43253E+20,5.40218E+21,9.58866E+15,4.87711E+16
35209,35210,8,2,16,9,2016,8,8,2,3,9,1,0,0,0,1,0,0,0,0,4.46429E+20,5.42091E+21,8.26848E+15,4.89388E+16
35210,35211,8,3,15,130,2016,8,10,1,3,8,1,0,0,0,0,0,1,0,0,4.14929E+20,5.30041E+21,7.86283E+15,4.78514E+16
35211,35212,8,4,36,79,2016,8,18,3,2,4,1,0,1,0,1,0,0,0,0,5.53265E+20,5.29105E+21,9.71091E+15,4.77706E+16
35212,35213,8,1,25,6,2016,8,16,5,3,5,3,0,0,0,1,0,0,0,1,5.06182E+20,5.45396E+21,9.08493E+15,4.92384E+16
35213,35214,8,2,26,9,2016,8,11,1,1,5,3,0,0,1,1,0,0,0,0,4.66844E+20,5.47313E+21,8.54293E+15,4.941E+16
35214,35215,8,4,36,95,2016,8,18,1,1,5,3,0,0,0,1,0,0,0,1,5.37666E+20,5.29791E+21,9.50332E+15,4.78335E+16
35215,35216,8,1,36,33,2016,8,19,6,3,0,6,0,0,0,0,0,1,0,1,5.8183E+20,5.41649E+21,1.01165E+16,4.88959E+16
35216,35217,8,1,18,73,2016,8,14,6,3,2,6,0,0,0,1,0,0,0,0,4.97187E+20,5.42047E+21,8.96158E+15,4.89372E+16
35217,35218,8,2,35,85,2016,8,16,5,2,5,3,0,0,0,0,0,0,1,1,4.81351E+20,5.39038E+21,8.74672E+15,4.86662E+16
35218,35219,8,4,36,9,2016,8,7,5,3,4,6,0,0,0,1,0,0,1,0,5.56347E+20,5.30751E+21,9.75418E+15,4.79184E+16
35219,35220,8,2,26,10,2016,8,12,4,2,5,3,0,0,0,0,0,1,1,0,4.81016E+20,5.45896E+21,8.73898E+15,4.92831E+16
35220,35221,8,1,17,9,2016,8,18,4,2,2,6,0,0,0,1,0,1,0,0,5.48816E+20,5.39944E+21,9.66405E+15,4.87461E+16
35221,35222,8,3,36,91,2016,8,8,3,3,4,6,0,0,1,0,0,0,0,0,3.95081E+20,5.27176E+21,7.60448E+15,4.75908E+16
35222,35223,8,1,18,46,2016,8,17,4,3,3,2,0,0,1,0,0,0,0,1,5.13629E+20,5.4125E+21,9.18584E+15,4.88654E+16
35223,35224,8,2,37,45,2016,8,18,2,2,2,2,0,0,1,0,0,0,0,0,4.63263E+20,5.36261E+21,8.50352E+15,4.84156E+16
35224,35225,8,4,25,97,2016,8,19,5,3,8,1,0,0,0,0,0,1,0,0,5.85907E+20,5.37415E+21,1.01633E+16,4.85145E+16
35225,35226,8,2,26,85,2016,8,19,5,3,8,1,0,1,0,1,0,0,0,0,4.93122E+20,5.45309E+21,8.90553E+15,4.92305E+16
35226,35227,8,4,26,1,2016,8,16,1,2,4,2,0,0,0,1,0,0,0,0,5.66594E+20,5.3448E+21,9.89713E+15,4.82529E+16
35227,35228,8,1,17,26,2016,8,18,6,2,5,3,0,0,0,1,0,1,0,0,5.49842E+20,5.39413E+21,9.67736E+15,4.86982E+16
35228,35229,8,4,15,61,2016,8,16,7,3,0,1,0,0,1,0,0,0,0,0,5.15866E+20,5.37202E+21,9.21478E+15,4.85011E+16
35229,35230,8,4,26,21,2016,8,21,7,3,5,3,1,0,0,1,0,0,0,1,5.59057E+20,5.32704E+21,9.79314E+15,4.80939E+16
35230,35231,8,1,26,46,2016,8,22,4,3,5,3,2,0,0,1,0,0,0,1,5.58062E+20,5.45927E+21,9.79837E+15,4.92834E+16
35231,35232,8,3,27,54,2016,8,16,3,1,4,6,0,0,0,1,0,0,1,0,4.83053E+20,5.31827E+21,8.77274E+15,4.80175E+16
35232,35233,8,2,16,39,2016,8,14,6,3,2,6,0,0,0,1,0,0,0,0,4.44979E+20,5.41298E+21,8.24974E+15,4.88674E+16
35233,35234,8,3,35,79,2016,8,13,2,3,0,6,0,0,0,0,0,1,0,0,5.0045E+20,5.3E+21,9.00601E+15,4.78533E+16
35234,35235,8,1,36,65,2016,8,16,1,3,0,1,0,0,0,0,0,1,0,0,5.56467E+20,5.41028E+21,9.76959E+15,4.88429E+16
35235,35236,8,3,26,5,2016,8,18,5,3,0,1,0,1,0,0,0,1,0,0,4.67982E+20,5.29612E+21,8.57229E+15,4.78176E+16
35236,35237,8,1,19,85,2016,8,0,6,3,8,1,2,0,0,0,0,1,0,0,5.29313E+20,5.41207E+21,9.39965E+15,4.88609E+16
35237,35238,8,1,16,19,2016,8,15,1,2,8,1,0,0,0,0,0,1,0,0,5.22937E+20,5.40189E+21,9.31216E+15,4.87696E+16
35238,35239,8,1,36,65,2016,8,16,2,3,4,7,0,0,0,1,0,1,0,0,5.58971E+20,5.4058E+21,9.80308E+15,4.88024E+16
35239,35240,8,2,12,0,2016,8,11,1,3,2,6,0,0,0,1,0,0,0,0,4.58805E+20,5.42477E+21,8.43707E+15,4.89744E+16
35240,35241,8,3,26,5,2016,8,18,3,3,5,3,0,1,1,0,0,0,0,1,4.66201E+20,5.29746E+21,8.54839E+15,4.78296E+16
35241,35242,8,1,11,0,2016,8,14,5,2,0,7,0,0,1,0,0,0,0,0,5.16602E+20,5.4044E+21,9.22604E+15,4.87924E+16
35242,35243,8,1,27,14,2016,8,14,6,3,2,6,0,0,0,1,0,0,0,0,5.75515E+20,5.44333E+21,1.00353E+16,4.91382E+16
35243,35244,8,1,18,79,2016,8,19,6,3,2,6,0,1,0,1,0,0,0,0,5.0886E+20,5.42249E+21,9.12103E+15,4.89553E+16
35244,35245,8,2,26,28,2016,8,19,5,2,5,3,0,0,0,1,0,0,0,0,4.70786E+20,5.48459E+21,8.59642E+15,4.95133E+16
35245,35246,8,1,11,0,2016,8,16,4,2,5,3,0,0,0,1,0,1,0,0,5.10045E+20,5.40251E+21,9.13672E+15,4.87755E+16
35246,35247,8,3,17,1,2016,8,7,3,3,3,7,0,0,0,1,0,0,1,0,4.2857E+20,5.38864E+21,8.03024E+15,4.86467E+16
35247,35248,8,4,25,71,2016,8,16,4,3,4,2,0,0,0,1,0,1,0,0,5.52087E+20,5.37142E+21,9.70502E+15,4.84938E+16
35248,35249,8,3,15,48,2016,8,13,2,3,8,6,0,0,0,1,0,1,0,0,3.987E+20,5.30853E+21,7.64403E+15,4.79221E+16
35249,35250,8,4,16,48,2016,8,16,5,3,0,1,0,0,1,0,0,0,0,0,4.97459E+20,5.37536E+21,8.96558E+15,4.85313E+16
35250,35251,8,2,12,0,2016,8,17,5,3,2,6,0,1,0,1,0,0,0,0,4.59886E+20,5.4315E+21,8.45117E+15,4.90351E+16
35251,35252,8,2,15,17,2016,8,0,7,3,5,3,2,0,0,0,0,1,0,1,4.54553E+20,5.42263E+21,8.37921E+15,4.89549E+16
35252,35253,8,4,15,61,2016,8,13,1,3,2,6,0,0,0,1,0,0,0,0,5.14076E+20,5.37091E+21,9.19052E+15,4.84912E+16
35253,35254,8,4,36,24,2016,8,13,5,3,1,5,0,0,0,1,1,0,0,0,5.38292E+20,5.30563E+21,9.51237E+15,4.79029E+16
35254,35255,8,3,27,49,2016,8,9,7,3,5,3,0,0,0,1,0,0,0,0,4.72736E+20,5.32441E+21,8.63399E+15,4.80723E+16
35255,35256,8,4,35,36,2016,8,15,4,3,5,3,0,0,1,0,0,0,0,1,5.17968E+20,5.28435E+21,9.23955E+15,4.77123E+16
35256,35257,8,1,26,47,2016,8,17,2,3,1,7,0,0,0,1,0,0,0,0,5.4938E+20,5.45238E+21,9.67815E+15,4.92222E+16
35257,35258,8,2,12,0,2016,8,8,4,3,2,6,0,0,0,1,0,0,0,1,4.62588E+20,5.43218E+21,8.48809E+15,4.90413E+16
35258,35259,8,2,21,0,2016,8,16,3,3,3,1,0,1,0,1,0,0,0,0,4.74418E+20,5.46932E+21,8.64758E+15,4.93761E+16
35259,35260,8,3,16,17,2016,8,9,5,3,1,6,0,0,0,1,0,0,0,0,4.07027E+20,5.33685E+21,7.74932E+15,4.81781E+16
35260,35261,8,3,17,127,2016,8,18,3,3,8,1,0,0,0,1,0,0,0,0,4.23698E+20,5.35325E+21,7.97058E+15,4.83278E+16
35261,35262,8,1,25,38,2016,8,15,7,3,2,6,0,0,0,1,0,0,0,0,5.00664E+20,5.43484E+21,9.00909E+15,4.90665E+16
35262,35263,8,3,37,66,2016,8,17,4,3,1,6,0,0,0,1,0,0,0,0,4.30867E+20,5.27099E+21,8.08051E+15,4.75887E+16
35263,35264,8,1,17,2,2016,8,11,5,3,2,6,0,0,0,0,0,0,1,0,5.42164E+20,5.38637E+21,9.57222E+15,4.8629E+16
35264,35265,8,1,36,46,2016,8,20,2,3,2,2,0,0,0,1,0,1,0,0,5.78907E+20,5.41898E+21,1.00771E+16,4.89187E+16
35265,35266,8,3,17,75,2016,8,18,4,3,1,5,0,0,0,1,0,0,0,0,4.09234E+20,5.36226E+21,7.77354E+15,4.8407E+16
35266,35267,8,2,21,0,2016,8,20,3,3,5,3,1,0,1,1,0,0,0,0,4.77795E+20,5.47294E+21,8.6939E+15,4.94087E+16
35267,35268,8,3,17,57,2016,8,17,3,3,7,7,0,1,0,1,0,0,0,1,4.16419E+20,5.38354E+21,7.86634E+15,4.85994E+16
35268,35269,8,4,36,10,2016,8,17,4,3,0,1,0,1,0,0,0,1,0,0,5.68029E+20,5.30261E+21,9.90974E+15,4.78732E+16
35269,35270,8,1,36,71,2016,8,15,5,2,8,1,0,0,0,0,0,1,0,0,5.9908E+20,5.42708E+21,1.03543E+16,4.89887E+16
35270,35271,8,4,35,35,2016,8,17,3,3,5,3,0,1,1,1,0,0,0,0,5.45047E+20,5.28457E+21,9.60055E+15,4.77129E+16
35271,35272,8,2,26,85,2016,8,17,3,3,5,2,0,0,0,1,0,0,0,0,4.94144E+20,5.45281E+21,8.91957E+15,4.9228E+16
35272,35273,8,1,16,33,2016,8,2,4,2,0,1,2,0,0,0,0,1,0,0,5.322E+20,5.38794E+21,9.43713E+15,4.86437E+16
35273,35274,8,2,26,96,2016,8,17,2,3,3,6,0,0,0,1,0,0,0,0,4.73492E+20,5.49078E+21,8.63339E+15,4.9569E+16
35274,35275,8,3,36,107,2016,8,17,5,2,8,1,0,0,0,0,0,1,0,0,4.09701E+20,5.28313E+21,7.79655E+15,4.76952E+16
35275,35276,8,1,35,20,2016,8,15,5,2,5,3,0,0,1,0,0,1,0,0,5.87519E+20,5.38342E+21,1.0187E+16,4.85977E+16
35276,35277,8,2,31,0,2016,8,8,7,3,5,3,0,0,0,1,0,0,0,0,4.78364E+20,5.41563E+21,8.70482E+15,4.88932E+16
35277,35278,8,3,35,100,2016,8,14,1,3,2,2,0,0,0,1,0,0,0,0,4.85933E+20,5.28784E+21,8.81235E+15,4.77437E+16
35278,35279,8,4,26,14,2016,8,7,5,3,0,3,0,0,0,1,0,0,0,1,5.48656E+20,5.31751E+21,9.65238E+15,4.8009E+16
35279,35280,8,4,17,31,2016,8,11,4,3,4,6,0,0,0,1,0,0,0,0,4.98157E+20,5.35561E+21,8.97512E+15,4.83537E+16
35280,35281,8,1,18,60,2016,8,18,2,3,0,7,0,0,0,0,0,1,0,0,5.24609E+20,5.43122E+21,9.33667E+15,4.90333E+16
35281,35282,8,2,26,96,2016,8,5,4,3,9,1,1,1,0,1,0,0,0,0,4.7877E+20,5.48431E+21,8.70673E+15,4.9511E+16
35282,35283,8,3,36,96,2016,8,18,5,3,8,1,0,0,0,0,0,1,0,0,4.17373E+20,5.29766E+21,7.89601E+15,4.7827E+16
35283,35284,8,1,16,79,2016,8,0,7,3,2,6,2,0,0,1,0,1,0,0,5.39071E+20,5.37534E+21,9.52921E+15,4.85299E+16
35284,35285,8,3,26,27,2016,8,18,4,3,4,6,0,0,0,0,0,0,0,1,4.6672E+20,5.3082E+21,8.5545E+15,4.79263E+16
35285,35286,8,2,15,17,2016,8,15,4,3,4,2,0,0,0,1,0,0,0,0,4.5405E+20,5.42189E+21,8.37242E+15,4.89482E+16
35286,35287,8,3,17,47,2016,8,13,6,3,5,3,0,0,1,0,0,0,0,1,4.21291E+20,5.36142E+21,7.93658E+15,4.8401E+16
35287,35288,8,4,35,52,2016,8,13,2,3,5,3,0,0,0,1,0,1,0,0,5.23286E+20,5.28964E+21,9.31072E+15,4.77597E+16
35288,35289,8,3,17,31,2016,8,10,7,3,2,6,0,0,0,1,0,0,0,0,4.13581E+20,5.36025E+21,7.83267E+15,4.83895E+16
35289,35290,8,1,26,39,2016,8,21,1,2,5,3,2,0,0,1,0,0,0,0,5.46374E+20,5.46145E+21,9.63792E+15,4.9304E+16
35290,35291,8,3,36,50,2016,8,9,3,3,5,3,0,0,0,1,0,0,0,0,4.0221E+20,5.27343E+21,7.6989E+15,4.76069E+16
35291,35292,8,1,18,73,2016,8,14,3,3,5,3,0,0,0,1,0,0,0,0,4.98907E+20,5.42245E+21,8.98507E+15,4.89549E+16
35292,35293,8,3,27,54,2016,8,8,6,3,4,6,0,1,0,1,0,0,1,0,4.81092E+20,5.31539E+21,8.74657E+15,4.79915E+16
35293,35294,8,1,11,0,2016,8,14,3,3,6,4,0,0,0,0,1,1,0,0,5.13628E+20,5.4024E+21,9.18549E+15,4.87745E+16
35294,35295,8,4,17,2,2016,8,10,3,2,9,1,0,1,0,1,0,0,0,0,4.89729E+20,5.34801E+21,8.86154E+15,4.82852E+16
35295,35296,8,1,36,88,2016,8,10,3,2,4,6,0,1,0,1,0,0,0,0,5.82629E+20,5.4067E+21,1.01254E+16,4.88078E+16
35296,35297,8,1,16,19,2016,8,16,4,2,5,3,0,0,0,1,0,1,0,0,5.23465E+20,5.39817E+21,9.31913E+15,4.87361E+16
35297,35298,8,2,26,76,2016,8,7,2,3,5,3,0,0,0,0,0,0,0,1,4.74198E+20,5.46748E+21,8.64468E+15,4.93594E+16
35298,35299,8,2,15,59,2016,8,13,7,3,5,3,0,0,1,1,0,0,0,0,4.856E+20,5.43499E+21,8.80285E+15,4.90676E+16
35299,35300,8,3,25,12,2016,8,1,1,3,8,1,2,0,0,1,0,0,0,0,4.63915E+20,5.35485E+21,8.51299E+15,4.83458E+16
35300,35301,8,4,17,31,2016,8,19,5,3,1,6,0,0,0,1,0,0,0,0,4.9851E+20,5.3571E+21,8.97988E+15,4.83671E+16
35301,35302,8,1,16,78,2016,8,12,2,3,2,6,0,0,0,1,0,0,0,0,5.09521E+20,5.39327E+21,9.12937E+15,4.86924E+16
35302,35303,8,2,22,0,2016,8,19,6,3,5,7,0,0,0,1,0,0,0,1,4.6319E+20,5.48071E+21,8.49186E+15,4.94779E+16
35303,35304,8,3,25,15,2016,8,19,5,3,8,7,0,0,0,0,0,1,0,0,4.71784E+20,5.34744E+21,8.61969E+15,4.82795E+16
35304,35305,8,4,37,65,2016,8,10,6,1,3,6,0,1,0,1,0,1,0,0,5.18185E+20,5.32048E+21,9.24396E+15,4.80374E+16
35305,35306,8,3,11,0,2016,8,16,4,2,5,3,0,0,1,1,0,0,0,0,4.14015E+20,5.31464E+21,7.84777E+15,4.79793E+16
35306,35307,8,1,17,10,2016,8,21,4,2,8,1,2,0,0,0,0,1,0,0,5.68823E+20,5.39287E+21,9.93506E+15,4.86851E+16
35307,35308,8,3,25,11,2016,8,18,3,3,1,2,0,0,0,1,0,1,0,0,4.74554E+20,5.34422E+21,8.65722E+15,4.82507E+16
35308,35309,8,2,26,32,2016,8,11,6,3,2,6,0,0,0,1,0,0,0,0,4.69015E+20,5.46282E+21,8.57366E+15,4.93173E+16
35309,35310,8,3,37,65,2016,8,10,2,2,8,1,0,0,0,0,0,1,0,0,4.51184E+20,5.273E+21,8.35049E+15,4.76085E+16
35310,35311,8,2,15,25,2016,8,3,1,2,9,1,2,0,0,1,0,0,0,0,4.74688E+20,5.43466E+21,8.65349E+15,4.90643E+16
35311,35312,8,1,26,47,2016,8,15,6,3,2,6,0,1,0,1,0,0,1,0,5.49388E+20,5.45246E+21,9.67827E+15,4.92229E+16
35312,35313,8,1,35,25,2016,8,19,3,2,9,1,0,0,0,0,0,1,0,0,5.81085E+20,5.39866E+21,1.01028E+16,4.87357E+16
35313,35314,8,2,12,0,2016,8,19,2,3,5,2,0,0,0,1,0,1,0,0,4.56408E+20,5.42445E+21,8.40435E+15,4.89715E+16
35314,35315,8,3,15,6,2016,8,20,1,1,0,1,0,0,0,0,0,1,0,0,4.00497E+20,5.3119E+21,7.6673E+15,4.79527E+16
35315,35316,8,3,17,89,2016,8,9,3,3,8,7,0,0,0,0,0,1,0,0,4.29527E+20,5.37927E+21,8.04483E+15,4.85625E+16
35316,35317,8,1,15,28,2016,8,15,5,2,8,7,0,0,0,1,0,0,0,0,4.98755E+20,5.40393E+21,8.98304E+15,4.87883E+16
35317,35318,8,2,26,12,2016,8,5,1,2,3,7,1,0,0,1,0,1,0,0,4.76234E+20,5.47721E+21,8.67213E+15,4.94471E+16
35318,35319,8,4,36,64,2016,8,13,1,2,4,6,0,0,0,1,0,0,0,0,5.47633E+20,5.28749E+21,9.63535E+15,4.77391E+16
35319,35320,8,1,28,139,2016,8,11,6,3,2,6,0,0,0,1,0,0,0,0,5.51526E+20,5.49119E+21,9.71265E+15,4.95711E+16
35320,35321,8,1,18,48,2016,8,18,6,3,2,6,0,0,0,1,0,0,0,0,5.14349E+20,5.41663E+21,9.1958E+15,4.89024E+16
35321,35322,8,2,36,38,2016,8,15,5,3,8,1,0,0,0,0,0,1,0,0,4.893E+20,5.42825E+21,8.85369E+15,4.9007E+16
35322,35323,8,1,35,19,2016,8,10,7,2,5,2,0,0,1,1,0,0,0,0,5.8517E+20,5.39677E+21,1.01579E+16,4.87181E+16
35323,35324,8,3,16,17,2016,8,16,1,2,8,1,0,0,0,0,0,1,0,0,4.16578E+20,5.34016E+21,7.87712E+15,4.82092E+16
35324,35325,8,2,35,73,2016,8,6,1,3,2,2,1,0,0,1,0,0,0,0,4.78997E+20,5.40733E+21,8.71389E+15,4.88186E+16
35325,35326,8,1,11,0,2016,8,19,2,3,0,1,1,0,1,0,0,0,0,0,5.17086E+20,5.40558E+21,9.23269E+15,4.8803E+16
35326,35327,8,1,21,0,2016,8,19,6,3,2,6,0,0,0,1,0,0,0,0,5.1495E+20,5.44809E+21,9.20516E+15,4.91854E+16
35327,35328,8,1,25,30,2016,8,20,6,2,4,6,0,0,0,1,0,1,0,0,5.18246E+20,5.43707E+21,9.24989E+15,4.90862E+16
35328,35329,8,3,16,11,2016,8,7,5,3,5,3,0,0,0,1,0,0,0,0,4.14475E+20,5.3289E+21,7.85108E+15,4.81076E+16
35329,35330,8,1,16,16,2016,8,7,6,3,5,2,0,1,0,1,0,0,0,0,5.33551E+20,5.38538E+21,9.45526E+15,4.86206E+16
35330,35331,8,2,36,46,2016,8,11,4,2,2,6,0,0,0,1,0,0,0,0,4.82718E+20,5.41784E+21,8.76413E+15,4.89133E+16
35331,35332,8,1,19,20,2016,8,10,4,3,3,6,0,0,1,1,0,0,0,0,5.19324E+20,5.40897E+21,9.26331E+15,4.88334E+16
35332,35333,8,3,17,89,2016,8,9,3,2,5,3,0,1,1,1,0,0,0,0,4.28914E+20,5.37894E+21,8.03657E+15,4.85595E+16
35333,35334,8,2,12,0,2016,8,18,6,3,2,6,0,0,0,1,0,0,0,1,4.60783E+20,5.42395E+21,8.46418E+15,4.89672E+16
35334,35335,8,3,35,43,2016,8,20,2,3,6,6,0,0,0,0,1,0,0,1,5.15796E+20,5.28097E+21,9.21047E+15,4.7682E+16
35335,35336,8,1,28,47,2016,8,12,1,3,5,3,0,0,0,1,0,0,0,0,5.57493E+20,5.50121E+21,9.79663E+15,4.96607E+16
35336,35337,8,4,26,1,2016,8,22,5,3,7,1,2,1,0,1,0,0,0,0,5.67295E+20,5.34588E+21,9.90675E+15,4.82625E+16
35337,35338,8,3,36,103,2016,8,4,5,1,8,1,2,0,0,1,0,0,0,0,4.1328E+20,5.28445E+21,7.84398E+15,4.77076E+16
35338,35339,8,4,35,59,2016,8,21,1,3,9,1,1,0,1,0,0,0,0,0,5.1337E+20,5.2912E+21,9.17845E+15,4.7774E+16
35339,35340,8,1,18,49,2016,8,16,6,3,5,2,0,0,0,1,0,0,0,0,5.19917E+20,5.42029E+21,9.27195E+15,4.89353E+16
35340,35341,8,1,11,0,2016,8,17,1,2,1,7,0,0,0,1,0,1,0,0,5.12441E+20,5.39876E+21,9.16922E+15,4.87417E+16
35341,35342,8,1,27,9,2016,8,19,5,3,8,1,1,1,0,1,0,0,0,0,5.58652E+20,5.44523E+21,9.80443E+15,4.91571E+16
35342,35343,8,1,36,45,2016,8,11,2,3,5,3,0,0,1,1,0,0,0,0,6.01083E+20,5.40213E+21,1.03755E+16,4.8764E+16
35343,35344,8,3,35,2,2016,8,19,4,2,2,6,0,0,1,0,0,0,0,0,5.07193E+20,5.28398E+21,9.09589E+15,4.77092E+16
35344,35345,8,2,12,0,2016,8,6,1,2,5,7,0,0,0,1,0,0,0,0,4.58767E+20,5.42646E+21,8.43638E+15,4.89897E+16
35345,35346,8,3,16,39,2016,8,9,3,3,4,6,0,0,0,1,0,0,1,0,4.17391E+20,5.32651E+21,7.89071E+15,4.80865E+16
35346,35347,8,4,35,35,2016,8,2,4,2,4,2,2,0,0,1,0,1,0,0,5.45241E+20,5.28413E+21,9.60311E+15,4.7709E+16
35347,35348,8,2,15,64,2016,8,17,5,3,5,3,0,0,0,1,0,0,0,0,4.80868E+20,5.45247E+21,8.73725E+15,4.92248E+16
35348,35349,8,4,35,29,2016,8,14,3,3,4,6,0,1,0,1,0,0,0,0,5.44449E+20,5.27397E+21,9.59151E+15,4.76176E+16
35349,35350,8,2,36,30,2016,8,11,3,3,0,1,0,1,0,0,0,1,0,0,4.76673E+20,5.41951E+21,8.68154E+15,4.89281E+16
35350,35351,8,1,11,0,2016,8,9,4,3,2,6,0,0,0,1,0,0,0,0,5.11826E+20,5.39891E+21,9.16086E+15,4.87431E+16
35351,35352,8,3,36,50,2016,8,10,2,3,3,6,0,0,0,1,0,0,1,0,3.99726E+20,5.27423E+21,7.66569E+15,4.76137E+16
35352,35353,8,1,15,52,2016,8,18,4,3,2,6,0,0,0,1,0,0,0,0,4.9448E+20,5.41049E+21,8.92476E+15,4.88474E+16
35353,35354,8,2,22,0,2016,8,12,3,2,9,1,0,0,0,0,0,0,1,0,4.66789E+20,5.4787E+21,8.54171E+15,4.946E+16
35354,35355,8,1,11,0,2016,8,8,4,3,4,7,0,0,0,1,0,0,0,0,5.1522E+20,5.40544E+21,9.20726E+15,4.88018E+16
35355,35356,8,3,17,146,2016,8,0,2,2,8,7,2,0,1,0,0,0,0,0,4.30427E+20,5.35526E+21,8.06102E+15,4.83467E+16
35356,35357,8,4,17,22,2016,8,19,5,3,9,1,0,1,0,1,0,0,0,0,4.82947E+20,5.34535E+21,8.77024E+15,4.82611E+16
35357,35358,8,2,35,85,2016,8,16,5,3,0,7,0,0,1,0,0,0,0,0,4.80799E+20,5.39603E+21,8.73896E+15,4.8717E+16
35358,35359,8,4,15,61,2016,8,9,1,3,2,6,0,0,0,1,0,0,0,0,5.15079E+20,5.37094E+21,9.20408E+15,4.84914E+16
35359,35360,8,1,16,35,2016,8,16,6,2,6,1,0,0,0,0,1,0,1,0,5.27035E+20,5.39154E+21,9.36725E+15,4.86763E+16
35360,35361,8,3,35,61,2016,8,14,7,3,5,7,0,0,0,1,0,1,0,0,4.91845E+20,5.27844E+21,8.89139E+15,4.76593E+16
35361,35362,8,4,25,20,2016,8,22,7,3,5,2,2,0,0,1,0,0,0,0,5.58359E+20,5.36151E+21,9.78852E+15,4.84041E+16
35362,35363,8,1,11,0,2016,8,21,5,3,1,5,2,1,0,1,0,0,0,1,5.15927E+20,5.40559E+21,9.2169E+15,4.88031E+16
35363,35364,8,1,28,115,2016,8,18,2,3,4,2,0,0,0,1,0,1,0,1,5.4742E+20,5.49621E+21,9.65646E+15,4.96166E+16
35364,35365,8,3,17,73,2016,8,16,4,2,4,7,0,0,0,1,0,0,1,0,4.10333E+20,5.34705E+21,7.79162E+15,4.82703E+16
35365,35366,8,2,15,17,2016,8,14,3,3,2,6,0,0,0,1,0,0,0,0,4.58457E+20,5.42044E+21,8.43276E+15,4.89355E+16
35366,35367,8,4,15,28,2016,8,21,5,3,5,3,2,0,0,1,0,0,0,0,5.34263E+20,5.37282E+21,9.46388E+15,4.85075E+16
35367,35368,8,3,15,74,2016,8,15,3,3,8,1,0,0,0,0,0,1,0,0,3.98793E+20,5.2951E+21,7.64843E+15,4.78013E+16
35368,35369,8,1,25,17,2016,8,18,7,2,5,3,0,0,0,1,0,1,0,0,5.04003E+20,5.43192E+21,9.05477E+15,4.90402E+16
35369,35370,8,4,37,88,2016,8,16,4,2,0,1,0,0,1,0,0,0,0,0,5.18421E+20,5.30536E+21,9.24648E+15,4.79013E+16
35370,35371,8,1,36,19,2016,8,14,5,2,4,2,0,0,0,1,0,1,0,0,5.8492E+20,5.42509E+21,1.01604E+16,4.89729E+16
35371,35372,8,4,26,108,2016,8,10,3,3,5,7,0,0,0,1,0,0,0,1,5.71857E+20,5.33541E+21,9.96643E+15,4.81678E+16
35372,35373,8,2,15,106,2016,8,5,3,3,7,7,2,0,0,0,0,1,0,0,4.70141E+20,5.45317E+21,8.58987E+15,4.92306E+16
35373,35374,8,4,37,101,2016,8,11,3,3,2,6,0,0,0,1,0,0,0,0,5.21989E+20,5.3245E+21,9.29519E+15,4.80734E+16
35374,35375,8,2,37,40,2016,8,22,2,3,2,6,2,0,0,1,0,1,0,0,4.75621E+20,5.36874E+21,8.67017E+15,4.84713E+16
35375,35376,8,4,35,57,2016,8,6,5,3,9,7,0,0,0,1,0,0,0,0,5.47997E+20,5.27535E+21,9.63887E+15,4.76298E+16
35376,35377,8,1,27,43,2016,8,15,5,3,0,3,0,0,0,1,0,0,0,0,5.6848E+20,5.44665E+21,9.93944E+15,4.91688E+16
35377,35378,8,2,26,96,2016,8,12,7,3,5,2,0,0,0,1,0,0,0,0,4.75361E+20,5.48743E+21,8.65944E+15,4.9539E+16
35378,35379,8,3,35,66,2016,8,3,1,3,6,6,2,0,1,0,1,0,0,0,5.07838E+20,5.28149E+21,9.10445E+15,4.76867E+16
35379,35380,8,4,26,97,2016,8,19,5,3,3,6,0,0,0,1,0,1,0,0,5.36413E+20,5.33803E+21,9.48999E+15,4.81945E+16
35380,35381,8,4,15,78,2016,8,20,4,3,5,3,0,0,0,1,0,0,0,0,5.29937E+20,5.37E+21,9.40511E+15,4.84824E+16
35381,35382,8,1,16,47,2016,8,18,2,2,2,6,0,0,0,1,0,0,0,0,5.20573E+20,5.39357E+21,9.27957E+15,4.86949E+16
35382,35383,8,2,26,84,2016,8,8,4,3,2,6,0,0,0,1,0,0,0,0,4.68243E+20,5.47134E+21,8.56236E+15,4.9394E+16
35383,35384,8,2,37,40,2016,8,19,6,3,3,7,0,0,0,1,0,1,0,0,4.75101E+20,5.36058E+21,8.66362E+15,4.83979E+16
35384,35385,8,4,36,8,2016,8,14,5,2,5,3,0,0,1,1,0,0,0,0,5.47869E+20,5.31185E+21,9.64119E+15,4.79582E+16
35385,35386,8,1,11,0,2016,8,18,7,3,2,6,0,0,0,1,0,0,0,1,5.1896E+20,5.40092E+21,9.25798E+15,4.8761E+16