FID,OBJECTID,ULAND,UREGBEZ,UKREIS,UGEMEINDE,UJAHR,UMONAT,USTUNDE,UWOCHENTAG,UKATEGORIE,UART,UTYP1,ULICHTVERH,IstStrasse,IstRad,IstPKW,IstFuss,IstKrad,IstGkfz,IstSonstig,LINREFX,LINREFY,XGCSWGS84,YGCSWGS84
35386,35387,8,3,37,106,2016,8,16,5,2,0,1,0,0,0,0,0,1,0,0,4.57782E+20,5.28788E+21,8.43684E+15,4.77429E+16
35387,35388,8,1,11,0,2016,8,13,5,3,2,6,0,0,0,1,0,0,0,0,5.09096E+20,5.39506E+21,9.12364E+15,4.87085E+16
35388,35389,8,2,35,6,2016,8,18,7,3,8,1,0,0,0,0,0,1,0,0,4.74481E+20,5.37983E+21,8.65406E+15,4.8571E+16
35389,35390,8,3,37,51,2016,8,13,1,2,2,6,0,0,0,1,0,1,0,0,4.37324E+20,5.28748E+21,8.16402E+15,4.77376E+16
35390,35391,8,4,35,5,2016,8,9,5,2,5,2,0,0,1,1,0,0,0,0,5.25656E+20,5.28622E+21,9.34214E+15,4.77288E+16
35391,35392,8,3,26,17,2016,8,18,7,2,3,2,0,0,0,1,0,1,0,0,4.40608E+20,5.32286E+21,8.20294E+15,4.80562E+16
35392,35393,8,4,26,113,2016,8,16,4,3,2,6,0,0,0,1,0,0,0,0,5.50554E+20,5.31923E+21,9.67803E+15,4.80244E+16
35393,35394,8,1,19,79,2016,8,14,2,3,2,6,0,0,0,0,0,1,1,0,5.22534E+20,5.40762E+21,9.30699E+15,4.88212E+16
35394,35395,8,2,37,28,2016,8,19,4,3,1,5,0,0,0,1,0,0,1,1,4.48966E+20,5.36891E+21,8.30954E+15,4.84713E+16
35395,35396,8,3,37,13,2016,8,23,5,2,3,6,2,0,0,1,0,0,0,0,4.27518E+20,5.29555E+21,8.03189E+15,4.78092E+16
35396,35397,8,3,36,4,2016,8,15,3,3,5,3,0,0,1,1,0,0,0,0,4.18029E+20,5.29448E+21,7.90537E+15,4.77985E+16
35397,35398,8,1,19,79,2016,8,15,7,2,3,2,0,0,1,0,0,1,0,0,5.2339E+20,5.41339E+21,9.31898E+15,4.88731E+16
35398,35399,8,3,36,82,2016,8,16,4,3,3,6,0,0,0,0,0,1,1,0,4.16877E+20,5.27131E+21,7.89441E+15,4.75899E+16
35399,35400,8,3,25,72,2016,8,16,6,3,5,3,0,0,0,0,0,1,1,0,4.6919E+20,5.32552E+21,8.58632E+15,4.80822E+16
35400,35401,8,1,11,0,2016,8,21,3,3,5,3,1,0,0,1,0,0,0,0,5.09865E+20,5.40127E+21,9.13424E+15,4.87643E+16
35401,35402,8,3,17,1,2016,8,17,7,2,5,3,0,0,0,1,0,0,0,0,4.30959E+20,5.38569E+21,8.06317E+15,4.86204E+16
35402,35403,8,1,26,47,2016,8,17,1,3,2,6,0,0,0,1,0,0,0,1,5.51422E+20,5.44944E+21,9.7058E+15,4.91956E+16
35403,35404,8,4,16,41,2016,8,18,3,2,4,2,0,0,1,0,0,0,0,0,4.98562E+20,5.37466E+21,8.98052E+15,4.85251E+16
35404,35405,8,1,19,8,2016,8,21,3,3,5,3,2,0,0,1,0,0,0,0,5.32121E+20,5.42105E+21,9.43864E+15,4.89415E+16
35405,35406,8,2,26,12,2016,8,8,2,3,2,6,0,0,0,1,0,0,1,0,4.75771E+20,5.4764E+21,8.6658E+15,4.94398E+16
35406,35407,8,2,16,13,2016,8,16,7,3,8,1,0,0,0,0,0,1,0,0,4.51328E+20,5.38772E+21,8.3393E+15,4.86406E+16
35407,35408,8,3,16,54,2016,8,20,1,3,8,1,0,0,0,1,0,1,0,0,4.24609E+20,5.33158E+21,7.98672E+15,4.8133E+16
35408,35409,8,1,15,3,2016,8,14,2,3,2,2,0,0,0,1,0,1,0,0,5.0007E+20,5.39218E+21,9.00095E+15,4.86827E+16
35409,35410,8,2,12,0,2016,8,14,6,3,0,1,0,1,0,0,0,1,0,1,4.54292E+20,5.42639E+21,8.37522E+15,4.89887E+16
35410,35411,8,3,26,5,2016,8,7,5,2,9,1,0,0,0,0,0,1,0,0,4.63878E+20,5.2934E+21,8.51769E+15,4.7793E+16
35411,35412,8,4,16,6,2016,8,12,6,3,2,6,0,0,0,1,0,0,0,0,4.9894E+20,5.35914E+21,8.98568E+15,4.83854E+16
35412,35413,8,1,17,26,2016,8,18,6,3,5,3,0,0,1,1,0,0,0,0,5.45642E+20,5.39546E+21,9.62043E+15,4.87105E+16
35413,35414,8,3,16,10,2016,8,17,4,2,4,2,0,0,0,1,0,1,0,0,4.28373E+20,5.3401E+21,8.03586E+15,4.82101E+16
35414,35415,8,1,27,102,2016,8,9,4,3,4,2,0,0,0,1,0,0,1,0,5.88356E+20,5.43859E+21,1.02103E+16,4.90938E+16
35415,35416,8,3,27,49,2016,8,9,3,2,5,2,0,1,1,1,0,0,0,0,4.72622E+20,5.32462E+21,8.63245E+15,4.80742E+16
35416,35417,8,2,15,17,2016,8,8,6,3,0,7,0,0,0,0,0,0,1,1,4.54396E+20,5.4229E+21,8.37703E+15,4.89574E+16
35417,35418,8,3,36,103,2016,8,17,2,3,5,3,0,0,0,1,0,0,0,0,4.16741E+20,5.2896E+21,7.88911E+15,4.77544E+16
35418,35419,8,1,18,81,2016,8,18,1,2,2,6,0,0,0,1,0,0,0,0,5.1786E+20,5.41074E+21,9.24345E+15,4.88493E+16
35419,35420,8,1,25,111,2016,8,10,6,3,4,6,0,1,0,1,0,1,0,0,5.28417E+20,5.45327E+21,9.39033E+15,4.92315E+16
35420,35421,8,3,17,122,2016,8,10,4,3,2,6,0,0,0,1,0,0,0,0,4.18993E+20,5.36772E+21,7.90432E+15,4.84574E+16
35421,35422,8,2,16,9,2016,8,17,4,1,5,3,0,1,1,0,0,1,0,0,4.46219E+20,5.42098E+21,8.26559E+15,4.89394E+16
35422,35423,8,3,16,9,2016,8,16,6,3,2,6,0,0,0,1,0,0,1,0,4.18027E+20,5.32364E+21,7.8998E+15,4.80608E+16
35423,35424,8,4,26,128,2016,8,7,2,3,2,6,0,0,0,1,0,0,0,0,5.59127E+20,5.32977E+21,9.79445E+15,4.81184E+16
35424,35425,8,2,22,0,2016,8,0,7,3,2,6,2,0,0,1,0,0,0,0,4.64505E+20,5.4799E+21,8.51008E+15,4.94707E+16
35425,35426,8,1,19,4,2016,8,12,1,3,5,3,0,0,0,1,0,1,0,0,5.42605E+20,5.41906E+21,9.58159E+15,4.8923E+16
35426,35427,8,3,35,75,2016,8,10,3,3,2,6,0,0,0,1,0,0,0,0,4.87625E+20,5.28984E+21,8.83487E+15,4.77618E+16
35427,35428,8,1,18,48,2016,8,13,3,3,2,6,0,0,0,1,0,0,0,0,5.18363E+20,5.41999E+21,9.25072E+15,4.89325E+16
35428,35429,8,3,15,113,2016,8,10,1,3,2,6,0,0,0,0,0,1,0,0,4.40324E+20,5.31008E+21,8.20092E+15,4.79412E+16
35429,35430,8,1,21,0,2016,8,12,5,3,3,6,0,0,0,1,0,0,1,1,5.16199E+20,5.4424E+21,9.22207E+15,4.91342E+16
35430,35431,8,2,26,36,2016,8,21,1,3,0,3,1,0,0,1,0,0,0,0,4.68541E+20,5.48224E+21,8.5656E+15,4.9492E+16
35431,35432,8,4,37,88,2016,8,19,1,2,5,3,0,0,0,1,0,0,0,0,5.14398E+20,5.31236E+21,9.19288E+15,4.79644E+16
35432,35433,8,1,15,21,2016,8,23,6,1,4,6,2,0,0,1,0,0,0,0,4.92387E+20,5.38247E+21,8.89675E+15,4.85952E+16
35433,35434,8,1,19,85,2016,8,16,6,3,2,6,0,0,0,1,0,0,0,0,5.28244E+20,5.41458E+21,9.38526E+15,4.88835E+16
35434,35435,8,2,31,0,2016,8,13,5,3,2,6,0,0,0,1,0,0,0,0,4.77038E+20,5.41592E+21,8.68672E+15,4.88958E+16
35435,35436,8,4,36,52,2016,8,9,5,3,3,6,0,0,0,1,0,0,0,0,5.66579E+20,5.28743E+21,9.88803E+15,4.77368E+16
35436,35437,8,2,21,0,2016,8,2,4,3,0,7,2,0,1,0,0,0,0,0,4.80403E+20,5.4742E+21,8.72979E+15,4.94201E+16
35437,35438,8,1,17,26,2016,8,21,4,3,2,2,1,0,0,1,0,0,0,0,5.47656E+20,5.39484E+21,9.64773E+15,4.87048E+16
35438,35439,8,3,17,34,2016,8,20,3,2,9,7,0,0,0,0,0,1,0,0,4.26593E+20,5.36226E+21,8.00805E+15,4.84092E+16
35439,35440,8,4,36,64,2016,8,19,3,3,8,7,0,0,0,1,0,0,0,0,5.44516E+20,5.286E+21,9.59363E+15,4.77259E+16
35440,35441,8,4,35,66,2016,8,20,2,2,5,3,2,0,0,1,0,0,0,0,5.17626E+20,5.28571E+21,9.23504E+15,4.77245E+16
35441,35442,8,1,28,131,2016,8,12,1,2,8,1,0,0,0,0,0,1,0,0,5.37529E+20,5.50898E+21,9.52077E+15,4.97321E+16
35442,35443,8,4,21,0,2016,8,7,5,3,1,6,0,0,0,1,0,0,0,0,5.71427E+20,5.35673E+21,9.96425E+15,4.83597E+16
35443,35444,8,2,26,85,2016,8,21,5,2,8,1,2,1,0,1,0,0,1,0,4.8591E+20,5.45655E+21,8.80634E+15,4.92616E+16
35444,35445,8,4,26,97,2016,8,14,1,3,8,1,0,0,0,0,0,1,0,0,5.38129E+20,5.3407E+21,9.51332E+15,4.82184E+16
35445,35446,8,1,17,26,2016,8,15,6,3,1,6,0,0,0,1,0,0,0,0,5.47651E+20,5.39484E+21,9.64766E+15,4.87048E+16
35446,35447,8,4,36,5,2016,8,10,7,3,4,2,0,0,0,1,0,0,0,0,5.40513E+20,5.3101E+21,9.54251E+15,4.7943E+16
35447,35448,8,1,18,18,2016,8,19,5,3,5,3,0,1,1,1,0,0,0,0,5.11337E+20,5.43042E+21,9.15509E+15,4.90265E+16
35448,35449,8,1,36,88,2016,8,11,2,3,5,3,0,0,0,1,0,0,0,1,5.80397E+20,5.41092E+21,1.00958E+16,4.8846E+16
35449,35450,8,3,27,19,2016,8,11,4,3,2,2,0,0,0,1,0,0,0,1,4.8209E+20,5.33166E+21,8.75926E+15,4.8138E+16
35450,35451,8,1,28,131,2016,8,13,3,3,2,6,0,1,0,1,0,0,0,0,5.36659E+20,5.51272E+21,9.50905E+15,4.97659E+16
35451,35452,8,2,11,0,2016,8,13,1,3,2,6,0,0,0,1,0,0,1,0,4.41106E+20,5.40761E+21,8.19771E+15,4.88187E+16
35452,35453,8,4,36,64,2016,8,17,4,3,2,6,0,0,0,1,0,0,0,0,5.4115E+20,5.29048E+21,9.54916E+15,4.77664E+16
35453,35454,8,3,17,97,2016,8,15,4,3,3,6,0,0,1,1,0,0,0,0,4.25607E+20,5.36459E+21,7.99433E+15,4.84301E+16
35454,35455,8,3,16,39,2016,8,7,3,3,5,3,0,0,1,0,0,0,0,1,4.17934E+20,5.32727E+21,7.89785E+15,4.80934E+16
35455,35456,8,1,27,76,2016,8,10,3,3,5,3,0,0,0,1,0,0,0,0,5.52464E+20,5.4396E+21,9.71883E+15,4.9107E+16
35456,35457,8,1,25,8,2016,8,16,7,2,4,1,0,0,0,0,0,1,0,0,5.26736E+20,5.43236E+21,9.36585E+15,4.90435E+16
35457,35458,8,3,26,74,2016,8,14,1,3,5,3,0,0,0,1,0,1,0,0,4.59307E+20,5.32537E+21,8.45364E+15,4.80803E+16
35458,35459,8,3,16,10,2016,8,19,1,2,5,3,0,0,0,1,0,0,0,0,4.32038E+20,5.33728E+21,8.08564E+15,4.81851E+16
35459,35460,8,4,36,82,2016,8,12,7,3,5,2,0,0,1,1,0,0,0,0,5.47221E+20,5.29415E+21,9.63058E+15,4.77989E+16
35460,35461,8,2,15,9,2016,8,15,2,3,4,2,0,0,1,1,0,0,0,0,4.70097E+20,5.44164E+21,8.59013E+15,4.91268E+16
35461,35462,8,1,36,27,2016,8,13,7,3,4,2,0,0,0,1,0,0,0,0,5.57696E+20,5.42078E+21,9.78783E+15,4.89372E+16
35462,35463,8,3,36,81,2016,8,17,6,3,5,3,0,0,0,1,0,1,0,0,4.11121E+20,5.27737E+21,7.81664E+15,4.76437E+16
35463,35464,8,2,21,0,2016,8,10,7,3,1,6,0,0,0,1,0,0,0,0,4.75987E+20,5.47289E+21,8.66898E+15,4.94082E+16
35464,35465,8,3,25,61,2016,8,16,5,2,5,3,0,0,0,1,0,1,0,0,4.7583E+20,5.35286E+21,8.6739E+15,4.83284E+16
35465,35466,8,3,17,126,2016,8,12,1,2,5,2,0,0,0,1,0,1,0,0,4.42089E+20,5.38173E+21,8.21474E+15,4.85859E+16
35466,35467,8,4,36,64,2016,8,12,7,2,9,1,0,0,0,0,0,1,0,0,5.45665E+20,5.29247E+21,9.60962E+15,4.77839E+16
35467,35468,8,1,16,15,2016,8,22,3,3,5,3,2,0,0,1,0,1,0,0,5.23788E+20,5.39333E+21,9.32324E+15,4.86925E+16
35468,35469,8,4,16,25,2016,8,7,3,3,0,7,0,0,1,0,0,0,0,0,5.03163E+20,5.36084E+21,9.04274E+15,4.84007E+16
35469,35470,8,1,15,3,2016,8,13,5,3,2,6,0,0,0,1,0,0,0,0,5.00378E+20,5.39233E+21,9.00514E+15,4.86841E+16
35470,35471,8,3,37,108,2016,8,17,7,2,8,1,0,0,0,0,0,1,0,0,4.22766E+20,5.28275E+21,7.9707E+15,4.76935E+16
35471,35472,8,2,36,33,2016,8,19,4,3,8,1,0,0,0,0,0,1,0,0,4.83732E+20,5.43081E+21,8.77744E+15,4.903E+16
35472,35473,8,3,15,6,2016,8,16,7,3,5,3,0,0,0,1,0,0,0,0,4.04024E+20,5.30781E+21,7.71544E+15,4.79164E+16
35473,35474,8,2,26,95,2016,8,15,6,3,2,7,0,0,0,1,0,0,0,0,4.74496E+20,5.46049E+21,8.64923E+15,4.92966E+16
35474,35475,8,2,26,40,2016,8,12,1,3,0,1,0,1,1,0,0,0,0,0,4.74625E+20,5.49638E+21,8.64869E+15,4.96194E+16
35475,35476,8,1,17,42,2016,8,17,3,1,5,3,0,0,1,1,0,0,0,0,5.54238E+20,5.39261E+21,9.73689E+15,4.86842E+16
35476,35477,8,3,17,113,2016,8,9,2,3,2,6,0,0,0,1,0,0,0,0,4.07777E+20,5.34444E+21,7.75775E+15,4.82465E+16
35477,35478,8,1,21,0,2016,8,1,7,3,4,7,2,0,0,1,0,0,0,0,5.16442E+20,5.44504E+21,9.2255E+15,4.9158E+16
35478,35479,8,1,21,0,2016,8,23,2,2,2,6,2,0,0,1,0,0,0,0,5.11074E+20,5.44045E+21,9.15176E+15,4.91168E+16
35479,35480,8,3,25,60,2016,8,7,7,2,3,6,0,0,0,1,0,0,0,0,4.70861E+20,5.3387E+21,8.60785E+15,4.82009E+16
35480,35481,8,2,26,56,2016,8,12,2,2,8,1,0,0,0,1,0,0,0,0,4.87767E+20,5.47151E+21,8.83142E+15,4.93962E+16
35481,35482,8,1,17,23,2016,8,17,6,3,4,6,0,0,0,1,0,1,0,0,5.48112E+20,5.38691E+21,9.65301E+15,4.86334E+16
35482,35483,8,2,26,105,2016,8,18,5,3,2,6,0,0,0,1,0,0,0,0,4.71854E+20,5.47741E+21,8.6117E+15,4.94487E+16
35483,35484,8,2,16,43,2016,8,15,2,2,5,3,0,0,1,1,0,0,0,0,4.41576E+20,5.41136E+21,8.20358E+15,4.88524E+16
35484,35485,8,1,19,44,2016,8,18,7,3,0,1,0,1,1,0,0,0,0,0,5.45145E+20,5.42459E+21,9.61689E+15,4.89726E+16
35485,35486,8,1,36,18,2016,8,16,2,2,3,2,0,0,0,0,0,1,0,1,5.89543E+20,5.43104E+21,1.02249E+16,4.90257E+16
35486,35487,8,4,26,87,2016,8,13,7,3,6,7,0,0,0,0,1,0,0,1,5.70946E+20,5.32458E+21,9.95238E+15,4.80706E+16
35487,35488,8,2,22,0,2016,8,16,2,3,3,6,0,0,0,0,0,1,1,0,4.61751E+20,5.48117E+21,8.47195E+15,4.9482E+16
35488,35489,8,1,28,20,2016,8,11,7,3,5,3,0,0,0,1,0,1,0,0,5.7448E+20,5.48058E+21,1.00281E+16,4.94733E+16
35489,35490,8,2,12,0,2016,8,12,3,3,5,3,0,0,0,1,0,0,0,0,4.52671E+20,5.42919E+21,8.35274E+15,4.90138E+16
35490,35491,8,2,37,28,2016,8,14,6,3,2,6,0,0,0,1,0,0,0,0,4.58302E+20,5.36768E+21,8.43597E+15,4.84609E+16
35491,35492,8,2,16,7,2016,8,19,7,2,5,2,0,0,0,1,0,1,0,0,4.34467E+20,5.39943E+21,8.10858E+15,4.87445E+16
35492,35493,8,3,15,74,2016,8,19,5,3,8,1,0,1,0,1,0,0,0,0,3.96742E+20,5.29275E+21,7.6216E+15,4.77798E+16
35493,35494,8,1,28,131,2016,8,10,1,3,3,2,0,0,0,1,0,0,0,0,5.34186E+20,5.5101E+21,9.47448E+15,4.97424E+16
35494,35495,8,4,35,52,2016,8,12,7,3,0,6,0,0,0,1,0,1,0,0,5.19003E+20,5.29093E+21,9.25363E+15,4.77715E+16
35495,35496,8,1,11,0,2016,8,15,3,3,2,6,0,0,0,1,0,0,0,0,5.14912E+20,5.40477E+21,9.20305E+15,4.87957E+16
35496,35497,8,3,11,0,2016,8,13,3,3,3,6,0,0,0,1,0,0,1,0,4.11521E+20,5.32407E+21,7.81242E+15,4.80638E+16
35497,35498,8,4,35,54,2016,8,16,4,3,2,6,0,0,0,1,0,0,1,0,5.23137E+20,5.28111E+21,9.30829E+15,4.76829E+16
35498,35499,8,3,35,79,2016,8,21,7,3,8,6,2,0,1,0,0,0,0,0,4.997E+20,5.29744E+21,8.99599E+15,4.78303E+16
35499,35500,8,2,16,15,2016,8,15,4,3,8,1,0,0,0,0,0,1,0,0,4.55939E+20,5.41157E+21,8.39933E+15,4.88556E+16
35500,35501,8,2,12,0,2016,8,20,7,3,5,2,0,0,0,1,0,0,0,0,4.56511E+20,5.42317E+21,8.40589E+15,4.896E+16
35501,35502,8,1,18,12,2016,8,14,1,3,8,1,0,0,0,1,0,0,0,0,4.98152E+20,5.41422E+21,8.97479E+15,4.88809E+16
35502,35503,8,2,26,96,2016,8,17,2,3,2,6,0,0,0,1,0,0,0,0,4.73534E+20,5.48639E+21,8.63427E+15,4.95296E+16
35503,35504,8,1,18,7,2016,8,22,7,2,4,2,2,0,0,1,0,1,0,0,5.10436E+20,5.42698E+21,9.14267E+15,4.89956E+16
35504,35505,8,4,16,48,2016,8,19,2,2,8,1,0,0,0,1,0,0,0,0,4.92764E+20,5.37608E+21,8.90198E+15,4.85378E+16
35505,35506,8,1,18,76,2016,8,10,2,3,5,3,0,0,0,1,0,0,0,0,5.01601E+20,5.42735E+21,9.02189E+15,4.89991E+16
35506,35507,8,1,25,102,2016,8,13,2,2,5,2,0,0,0,1,0,0,0,0,5.22367E+20,5.44273E+21,9.30665E+15,4.9137E+16
35507,35508,8,1,16,80,2016,8,8,6,3,2,6,0,0,0,1,0,0,0,1,5.21032E+20,5.39415E+21,9.28583E+15,4.87E+16
35508,35509,8,1,15,3,2016,8,22,5,2,3,6,2,0,0,1,0,0,0,1,4.97319E+20,5.391E+21,8.96359E+15,4.86721E+16
35509,35510,8,4,37,88,2016,8,6,6,3,5,3,0,1,0,1,0,0,0,0,5.17357E+20,5.31173E+21,9.23249E+15,4.79587E+16
35510,35511,8,2,26,85,2016,8,14,3,2,0,1,0,0,0,1,0,0,0,0,4.91185E+20,5.45557E+21,8.87887E+15,4.92528E+16
35511,35512,8,1,36,89,2016,8,13,6,2,5,3,0,0,0,1,0,0,0,0,5.86913E+20,5.41853E+21,1.01862E+16,4.89136E+16
35512,35513,8,3,35,22,2016,8,12,2,3,5,2,0,0,0,1,0,0,0,0,4.85077E+20,5.30014E+21,8.80051E+15,4.78544E+16
35513,35514,8,3,25,57,2016,8,16,3,3,8,1,0,0,0,0,0,1,0,0,4.73229E+20,5.35649E+21,8.63858E+15,4.8361E+16
35514,35515,8,1,25,63,2016,8,19,4,3,6,4,0,0,0,1,1,0,0,0,5.26007E+20,5.46344E+21,9.35789E+15,4.93231E+16
35515,35516,8,2,26,98,2016,8,10,3,3,5,3,0,0,1,1,0,0,0,0,4.78329E+20,5.45987E+21,8.70198E+15,4.92912E+16
35516,35517,8,2,15,96,2016,8,22,6,3,0,1,2,0,0,0,0,1,0,0,4.60695E+20,5.41452E+21,8.46389E+15,4.88824E+16
35517,35518,8,2,21,0,2016,8,0,5,3,2,6,2,0,0,1,0,0,0,0,4.73464E+20,5.47443E+21,8.6341E+15,4.9422E+16
35518,35519,8,1,27,76,2016,8,15,1,3,5,3,0,0,0,1,0,0,0,0,5.53071E+20,5.4391E+21,9.72708E+15,4.91025E+16
35519,35520,8,4,25,5,2016,8,0,2,2,9,1,2,0,0,1,0,0,0,0,5.75421E+20,5.38351E+21,1.0023E+16,4.86001E+16
35520,35521,8,4,36,9,2016,8,16,3,2,5,3,0,1,0,1,0,1,0,0,5.56235E+20,5.30816E+21,9.75276E+15,4.79243E+16
35521,35522,8,4,15,59,2016,8,21,4,3,8,1,2,0,0,1,0,0,0,0,5.16289E+20,5.36891E+21,9.22039E+15,4.84731E+16
35522,35523,8,2,26,56,2016,8,9,7,2,8,1,0,0,0,0,0,1,0,0,4.85061E+20,5.47133E+21,8.79412E+15,4.93945E+16
35523,35524,8,3,26,52,2016,8,17,7,3,4,2,0,0,1,1,0,0,0,0,4.54602E+20,5.33014E+21,8.38996E+15,4.81229E+16
35524,35525,8,1,27,14,2016,8,12,4,3,2,6,0,0,0,1,0,0,0,1,5.78054E+20,5.44349E+21,1.00701E+16,4.91393E+16
35525,35526,8,4,15,92,2016,8,10,1,2,0,1,0,0,0,0,0,1,0,0,5.20181E+20,5.36391E+21,9.2728E+15,4.8428E+16
35526,35527,8,1,26,47,2016,8,15,1,3,9,1,0,0,0,1,0,0,0,0,5.50295E+20,5.44735E+21,9.69009E+15,4.91769E+16
35527,35528,8,2,35,33,2016,8,18,2,3,8,2,0,0,0,1,0,0,0,0,4.58462E+20,5.40684E+21,8.43421E+15,4.88132E+16
35528,35529,8,1,18,7,2016,8,16,7,3,2,6,0,0,0,1,0,0,0,0,5.10866E+20,5.42821E+21,9.14858E+15,4.90067E+16
35529,35530,8,3,17,75,2016,8,17,2,3,2,2,0,0,0,1,0,0,0,0,4.09601E+20,5.36256E+21,7.77843E+15,4.84097E+16
35530,35531,8,2,12,0,2016,8,15,7,2,0,7,0,0,1,0,0,0,0,0,4.55999E+20,5.42921E+21,8.39825E+15,4.90142E+16
35531,35532,8,1,17,26,2016,8,11,2,3,5,3,0,0,0,1,0,0,0,0,5.47453E+20,5.39489E+21,9.64498E+15,4.87052E+16
35532,35533,8,4,25,137,2016,8,10,6,2,5,3,0,0,0,1,0,0,0,0,5.71998E+20,5.35394E+21,9.97147E+15,4.83345E+16
35533,35534,8,1,17,26,2016,8,5,2,3,5,3,1,0,0,1,0,0,0,0,5.47995E+20,5.39677E+21,9.65256E+15,4.87221E+16
35534,35535,8,4,36,11,2016,8,16,5,3,4,6,0,1,0,1,0,0,1,0,5.50749E+20,5.29496E+21,9.67779E+15,4.7806E+16
35535,35536,8,3,26,74,2016,8,10,1,2,8,1,0,0,0,1,0,0,0,0,4.66059E+20,5.322E+21,8.54456E+15,4.80504E+16
35536,35537,8,1,26,69,2016,8,14,5,3,4,6,0,0,0,1,0,0,1,0,5.36848E+20,5.44807E+21,9.50565E+15,4.91843E+16
35537,35538,8,3,17,56,2016,8,21,3,2,0,7,2,0,1,0,0,0,0,0,4.34505E+20,5.38267E+21,8.11176E+15,4.85937E+16
35538,35539,8,1,18,48,2016,8,8,6,3,1,6,0,0,0,1,0,0,0,0,5.15301E+20,5.41517E+21,9.20873E+15,4.88893E+16
35539,35540,8,4,36,64,2016,8,15,4,2,0,2,0,0,0,1,0,1,0,0,5.46569E+20,5.29387E+21,9.62184E+15,4.77965E+16
35540,35541,8,3,17,8,2016,8,14,3,2,5,2,0,0,0,1,0,1,0,0,4.4467E+20,5.3666E+21,8.25173E+15,4.84501E+16
35541,35542,8,1,28,14,2016,8,11,3,3,2,6,0,0,0,1,0,0,0,0,5.50549E+20,5.48481E+21,9.69832E+15,4.95138E+16
35542,35543,8,1,17,51,2016,8,16,7,3,4,6,0,0,0,1,0,0,0,0,5.39357E+20,5.39999E+21,9.53543E+15,4.87517E+16
35543,35544,8,1,16,49,2016,8,12,4,3,2,6,0,0,0,1,0,0,0,1,5.24468E+20,5.38615E+21,9.33206E+15,4.86279E+16
35544,35545,8,3,35,96,2016,8,9,1,2,9,1,0,0,0,0,0,1,0,0,5.04372E+20,5.30351E+21,9.05848E+15,4.78849E+16
35545,35546,8,3,17,110,2016,8,4,1,2,9,7,2,0,1,0,0,0,0,0,4.29167E+20,5.38071E+21,8.0397E+15,4.85754E+16
35546,35547,8,1,11,0,2016,8,6,1,3,8,1,0,0,0,1,0,0,0,0,5.06928E+20,5.39811E+21,9.09422E+15,4.8736E+16
35547,35548,8,2,25,114,2016,8,19,1,2,5,3,0,0,0,1,0,0,0,0,5.36926E+20,5.47226E+21,9.50896E+15,4.94019E+16
35548,35549,8,1,16,19,2016,8,14,7,2,2,6,0,0,0,1,0,0,0,0,5.24995E+20,5.39926E+21,9.34001E+15,4.87459E+16
35549,35550,8,3,15,56,2016,8,14,2,3,8,1,0,0,0,0,0,1,0,0,4.1522E+20,5.30991E+21,7.86484E+15,4.79369E+16
35550,35551,8,2,15,17,2016,8,10,7,3,5,3,0,0,0,1,0,0,0,0,4.56021E+20,5.41334E+21,8.40026E+15,4.88715E+16
35551,35552,8,3,27,18,2016,8,14,6,3,8,1,0,0,0,0,0,1,0,0,4.75875E+20,5.30628E+21,8.67715E+15,4.79094E+16
35552,35553,8,3,37,126,2016,8,8,1,2,7,7,0,0,0,0,0,1,0,0,4.43818E+20,5.27987E+21,8.2516E+15,4.76698E+16
35553,35554,8,1,17,19,2016,8,15,1,3,5,3,0,0,1,1,0,0,0,0,5.52024E+20,5.39419E+21,9.70702E+15,4.86985E+16
35554,35555,8,3,15,94,2016,8,13,1,1,4,6,0,0,0,1,0,1,0,0,4.33642E+20,5.31329E+21,8.11094E+15,4.79695E+16
35555,35556,8,1,15,28,2016,8,13,7,3,5,3,0,0,1,0,0,0,1,0,5.01146E+20,5.40378E+21,9.0156E+15,4.8787E+16
35556,35557,8,3,15,113,2016,8,17,2,3,2,2,0,0,0,1,0,0,0,0,4.35777E+20,5.31447E+21,8.13937E+15,4.79803E+16
35557,35558,8,2,31,0,2016,8,16,7,3,2,2,0,1,0,1,0,0,0,0,4.73018E+20,5.41786E+21,8.63175E+15,4.89131E+16
35558,35559,8,4,36,6,2016,8,17,1,2,4,6,0,0,0,1,0,0,0,0,5.58991E+20,5.28316E+21,9.78625E+15,4.76991E+16
35559,35560,8,4,15,78,2016,8,6,6,2,8,7,0,0,0,1,0,0,0,0,5.37032E+20,5.37136E+21,9.50125E+15,4.84943E+16
35560,35561,8,4,37,47,2016,8,16,1,3,5,3,0,0,0,1,0,0,0,0,5.20616E+20,5.33731E+21,9.27738E+15,4.81887E+16
35561,35562,8,4,15,50,2016,8,19,5,3,4,1,0,0,0,1,0,0,0,0,5.19549E+20,5.37733E+21,9.26488E+15,4.85487E+16
35562,35563,8,2,31,0,2016,8,12,1,3,9,6,0,0,0,1,0,0,0,0,4.84506E+20,5.41388E+21,8.78869E+15,4.88777E+16
35563,35564,8,1,25,24,2016,8,18,1,3,5,2,0,0,0,1,0,1,0,0,5.22493E+20,5.44388E+21,9.30843E+15,4.91473E+16
35564,35565,8,1,11,0,2016,8,18,4,3,5,3,0,0,0,1,0,0,0,0,5.11271E+20,5.41007E+21,9.15362E+15,4.88435E+16
35565,35566,8,1,19,38,2016,8,11,5,3,2,6,0,0,0,1,0,1,0,0,5.24291E+20,5.42102E+21,9.33172E+15,4.89416E+16
35566,35567,8,3,17,57,2016,8,14,4,3,2,2,0,0,0,1,0,0,0,0,4.1405E+20,5.37999E+21,7.83495E+15,4.85671E+16