FID,OBJECTID,ULAND,UREGBEZ,UKREIS,UGEMEINDE,UJAHR,UMONAT,USTUNDE,UWOCHENTAG,UKATEGORIE,UART,UTYP1,ULICHTVERH,IstStrasse,IstRad,IstPKW,IstFuss,IstKrad,IstGkfz,IstSonstig,LINREFX,LINREFY,XGCSWGS84,YGCSWGS84
35567,35568,8,2,37,28,2016,8,17,7,2,4,6,0,0,0,0,0,1,0,0,4.5559E+20,5.36874E+21,8.39918E+15,4.84702E+16
35568,35569,8,3,15,15,2016,8,16,3,3,3,6,0,0,0,1,0,1,0,0,3.94759E+20,5.32007E+21,7.58847E+15,4.80252E+16
35569,35570,8,1,27,86,2016,8,16,3,2,4,1,0,0,0,1,0,0,0,1,5.53347E+20,5.44742E+21,9.73197E+15,4.91773E+16
35570,35571,8,1,11,0,2016,8,16,7,2,0,7,0,0,0,0,0,1,0,0,5.12659E+20,5.40771E+21,9.17246E+15,4.88222E+16
35571,35572,8,3,26,27,2016,8,14,1,3,4,6,0,0,0,1,0,0,0,0,4.61758E+20,5.30481E+21,8.48838E+15,4.78955E+16
35572,35573,8,3,15,16,2016,8,10,1,2,2,6,0,0,0,1,0,1,0,0,4.32106E+20,5.31065E+21,8.0908E+15,4.79455E+16
35573,35574,8,4,35,57,2016,8,9,7,3,0,4,0,0,1,0,1,0,0,0,5.44136E+20,5.27978E+21,9.58794E+15,4.76699E+16
35574,35575,8,2,31,0,2016,8,17,2,3,2,6,0,0,0,1,0,0,0,0,4.75457E+20,5.41649E+21,8.66512E+15,4.89009E+16
35575,35576,8,1,35,26,2016,8,13,7,3,9,1,0,1,0,0,0,1,0,0,5.89722E+20,5.39484E+21,1.02194E+16,4.87002E+16
35576,35577,8,2,26,103,2016,8,11,6,3,2,6,0,0,0,1,0,0,0,0,4.71702E+20,5.45727E+21,8.61103E+15,4.92675E+16
35577,35578,8,2,15,25,2016,8,17,7,3,5,3,0,0,0,1,0,0,0,0,4.75283E+20,5.43327E+21,8.66172E+15,4.90518E+16
35578,35579,8,3,17,1,2016,8,5,5,3,5,2,2,0,1,1,0,0,0,0,4.31517E+20,5.38789E+21,8.07037E+15,4.86404E+16
35579,35580,8,1,35,20,2016,8,1,1,3,8,7,2,0,0,1,0,0,0,0,5.85845E+20,5.38277E+21,1.01642E+16,4.85921E+16
35580,35581,8,4,36,64,2016,8,22,7,3,4,6,2,0,0,1,0,0,0,1,5.47304E+20,5.28802E+21,9.63102E+15,4.77439E+16
35581,35582,8,1,11,0,2016,8,15,3,3,2,6,0,0,0,1,0,0,1,0,5.13239E+20,5.40231E+21,9.18019E+15,4.87736E+16
35582,35583,8,4,15,91,2016,8,8,3,3,4,6,0,0,0,1,0,0,0,0,5.12034E+20,5.35904E+21,9.16253E+15,4.83844E+16
35583,35584,8,1,11,0,2016,8,19,5,3,2,6,0,1,0,1,0,0,0,0,5.13413E+20,5.40264E+21,9.18257E+15,4.87766E+16
35584,35585,8,3,36,96,2016,8,11,7,2,8,1,0,0,0,0,0,1,0,0,4.17255E+20,5.29866E+21,7.89424E+15,4.78359E+16
35585,35586,8,2,22,0,2016,8,11,4,3,2,6,0,0,0,1,0,0,0,0,4.6325E+20,5.48206E+21,8.49256E+15,4.94901E+16
35586,35587,8,3,11,0,2016,8,10,7,3,5,3,0,0,1,1,0,0,0,0,4.11678E+20,5.3192E+21,7.81552E+15,4.802E+16
35587,35588,8,2,26,96,2016,8,15,6,3,1,6,0,0,0,1,0,0,0,0,4.76127E+20,5.4892E+21,8.66993E+15,4.95549E+16
35588,35589,8,2,15,39,2016,8,11,7,3,5,3,0,0,0,1,0,0,0,0,4.70654E+20,5.45295E+21,8.59693E+15,4.92287E+16
35589,35590,8,3,35,22,2016,8,13,5,3,5,3,0,0,0,1,0,0,0,0,4.83241E+20,5.30091E+21,8.77593E+15,4.78613E+16
35590,35591,8,2,16,59,2016,8,15,1,3,0,1,0,0,1,0,0,0,0,0,4.52279E+20,5.39803E+21,8.35102E+15,4.87335E+16
35591,35592,8,1,16,78,2016,8,15,1,3,5,3,0,0,1,1,0,0,0,0,5.10209E+20,5.39341E+21,9.13873E+15,4.86936E+16
35592,35593,8,4,26,21,2016,8,13,3,3,5,3,0,0,1,1,0,0,0,0,5.59556E+20,5.32731E+21,9.79988E+15,4.80963E+16
35593,35594,8,1,15,3,2016,8,18,5,3,5,2,0,0,0,1,0,0,0,1,5.03418E+20,5.39444E+21,9.04646E+15,4.87029E+16
35594,35595,8,4,15,53,2016,8,17,7,3,5,3,0,0,1,1,0,0,0,0,5.33003E+20,5.36288E+21,9.44604E+15,4.84182E+16
35595,35596,8,2,15,96,2016,8,21,4,2,1,5,2,0,0,1,0,0,0,0,4.64114E+20,5.41862E+21,8.51016E+15,4.89195E+16
35596,35597,8,3,17,98,2016,8,12,7,3,8,1,0,0,0,0,0,1,0,0,4.3993E+20,5.37158E+21,8.18692E+15,4.84945E+16
35597,35598,8,2,26,85,2016,8,19,6,3,8,1,0,0,0,0,0,1,0,0,4.9143E+20,5.45213E+21,8.88231E+15,4.92219E+16
35598,35599,8,3,17,1,2016,8,4,1,3,3,6,2,1,0,1,0,0,1,0,4.29392E+20,5.39045E+21,8.0411E+15,4.86631E+16
35599,35600,8,1,18,59,2016,8,20,3,3,6,4,0,0,0,0,1,1,0,0,5.02124E+20,5.4193E+21,9.029E+15,4.89267E+16
35600,35601,8,4,35,35,2016,8,12,2,2,8,7,0,1,0,0,0,1,0,1,5.45125E+20,5.28433E+21,9.60158E+15,4.77108E+16
35601,35602,8,4,37,88,2016,8,22,6,3,5,3,2,0,0,1,0,0,0,0,5.18263E+20,5.30834E+21,9.24448E+15,4.79281E+16
35602,35603,8,2,25,75,2016,8,16,2,2,5,3,0,0,0,1,0,1,0,0,5.26667E+20,5.4777E+21,9.36793E+15,4.94513E+16
35603,35604,8,3,35,26,2016,8,16,7,3,0,6,0,0,1,1,0,0,0,0,4.81454E+20,5.28274E+21,8.75282E+15,4.76978E+16
35604,35605,8,2,21,0,2016,8,13,2,3,0,7,0,0,0,0,0,0,0,1,4.77721E+20,5.47322E+21,8.69287E+15,4.94113E+16
35605,35606,8,1,25,98,2016,8,5,7,3,9,1,2,0,0,1,0,0,0,0,5.18343E+20,5.43945E+21,9.25133E+15,4.91076E+16
35606,35607,8,2,36,76,2016,8,13,3,2,0,6,0,0,0,1,0,1,0,0,4.71148E+20,5.42546E+21,8.60568E+15,4.89814E+16
35607,35608,8,2,25,74,2016,8,14,6,3,2,6,0,0,0,1,0,0,0,1,5.0702E+20,5.46495E+21,9.09664E+15,4.93372E+16
35608,35609,8,2,11,0,2016,8,15,7,2,4,1,0,0,0,1,0,1,0,0,4.43824E+20,5.39589E+21,8.23633E+15,4.87136E+16
35609,35610,8,2,36,19,2016,8,10,5,3,3,6,0,0,0,1,0,0,1,0,4.87184E+20,5.40978E+21,8.82534E+15,4.88409E+16
35610,35611,8,1,28,45,2016,8,10,1,3,3,6,0,0,0,1,0,0,0,0,5.57187E+20,5.50532E+21,9.79299E+15,4.96977E+16
35611,35612,8,4,36,5,2016,8,16,7,2,4,2,0,0,0,1,0,0,0,0,5.40847E+20,5.31036E+21,9.547E+15,4.79453E+16
35612,35613,8,4,36,85,2016,8,16,2,3,5,3,0,0,1,0,0,0,0,1,5.60341E+20,5.30223E+21,9.80689E+15,4.78705E+16
35613,35614,8,3,37,128,2016,8,11,3,2,0,1,0,1,0,0,0,1,0,1,4.45655E+20,5.28184E+21,8.27582E+15,4.76876E+16
35614,35615,8,4,25,141,2016,8,17,4,3,1,6,0,0,0,1,0,0,0,1,5.67132E+20,5.36341E+21,9.90735E+15,4.84203E+16
35615,35616,8,2,25,60,2016,8,10,7,3,8,1,0,0,0,1,0,0,0,0,5.18152E+20,5.48858E+21,9.25095E+15,4.95496E+16
35616,35617,8,3,35,66,2016,8,19,7,3,2,6,0,0,0,1,0,0,0,0,5.08841E+20,5.28188E+21,9.11782E+15,4.76902E+16
35617,35618,8,1,35,20,2016,8,16,4,3,2,6,0,0,0,1,0,0,0,0,5.86105E+20,5.38119E+21,1.01674E+16,4.85779E+16
35618,35619,8,2,35,85,2016,8,16,7,2,8,1,0,0,0,0,0,1,0,0,4.7821E+20,5.39875E+21,8.70362E+15,4.87414E+16
35619,35620,8,4,25,72,2016,8,11,1,3,8,6,0,0,0,1,0,0,0,0,5.81826E+20,5.36997E+21,1.01072E+16,4.84775E+16
35620,35621,8,2,15,89,2016,8,7,2,2,4,6,0,0,0,1,0,0,0,0,4.68137E+20,5.43182E+21,8.56403E+15,4.90384E+16
35621,35622,8,4,37,76,2016,8,21,6,2,8,1,2,0,0,0,0,1,0,0,5.25643E+20,5.32397E+21,9.34422E+15,4.80685E+16
35622,35623,8,3,37,116,2016,8,15,2,3,2,6,0,0,0,1,0,0,0,0,4.17932E+20,5.27084E+21,7.90853E+15,4.75857E+16
35623,35624,8,3,36,78,2016,8,11,7,3,1,7,0,0,0,1,0,0,0,0,3.93222E+20,5.29018E+21,7.57525E+15,4.77562E+16
35624,35625,8,1,18,54,2016,8,10,2,3,5,3,0,0,0,1,0,0,0,0,5.18342E+20,5.42246E+21,9.25055E+15,4.89547E+16
35625,35626,8,1,19,91,2016,8,17,2,3,2,6,0,0,0,1,0,0,0,0,5.25886E+20,5.40682E+21,9.3526E+15,4.88139E+16
35626,35627,8,1,11,0,2016,8,5,6,3,5,3,1,1,0,1,0,0,0,0,5.1522E+20,5.40544E+21,9.20727E+15,4.88018E+16
35627,35628,8,3,35,75,2016,8,20,1,3,8,1,0,0,0,0,0,1,0,0,4.93888E+20,5.28289E+21,8.91854E+15,4.76994E+16
35628,35629,8,2,25,58,2016,8,11,1,2,9,1,0,0,0,0,0,1,0,0,5.12454E+20,5.46656E+21,9.17148E+15,4.93517E+16
35629,35630,8,1,17,19,2016,8,8,3,2,5,3,0,0,0,1,0,0,0,0,5.50364E+20,5.39406E+21,9.68444E+15,4.86976E+16
35630,35631,8,3,15,68,2016,8,13,2,3,8,6,0,0,0,1,0,0,0,0,4.35231E+20,5.30369E+21,8.13368E+15,4.78833E+16
35631,35632,8,4,36,83,2016,8,11,6,2,4,2,0,0,0,1,0,0,0,0,5.33566E+20,5.29981E+21,9.44869E+15,4.78508E+16
35632,35633,8,1,21,0,2016,8,15,2,2,5,2,0,0,1,1,0,0,0,0,5.16969E+20,5.44395E+21,9.23268E+15,4.91481E+16
35633,35634,8,1,11,0,2016,8,18,2,2,9,1,0,0,0,0,0,1,0,0,5.12001E+20,5.39488E+21,9.16312E+15,4.87068E+16
35634,35635,8,1,16,49,2016,8,18,6,2,9,1,0,0,0,0,0,1,0,0,5.23078E+20,5.38337E+21,9.31304E+15,4.86029E+16
35635,35636,8,2,26,6,2016,8,14,5,2,4,6,0,0,0,1,0,0,0,0,4.8518E+20,5.46691E+21,8.79593E+15,4.93547E+16
35636,35637,8,1,36,19,2016,8,10,2,2,2,6,0,0,0,1,0,0,0,1,5.8716E+20,5.42553E+21,1.01911E+16,4.89765E+16
35637,35638,8,1,15,51,2016,8,17,7,3,9,1,0,1,0,1,0,0,0,0,5.0438E+20,5.383E+21,9.05941E+15,4.86001E+16
35638,35639,8,2,26,96,2016,8,17,3,3,5,3,0,0,1,1,0,0,0,0,4.75752E+20,5.48854E+21,8.66479E+15,4.9549E+16
35639,35640,8,1,18,50,2016,8,20,6,1,4,1,1,0,0,1,0,0,0,0,5.07157E+20,5.41555E+21,9.09764E+15,4.88928E+16
35640,35641,8,2,26,85,2016,8,21,5,3,2,6,2,0,0,1,0,0,0,0,4.90761E+20,5.45129E+21,8.87314E+15,4.92143E+16
35641,35642,8,3,37,66,2016,8,11,2,3,2,6,0,0,0,1,0,0,1,0,4.31241E+20,5.26868E+21,8.08585E+15,4.75679E+16
35642,35643,8,3,27,54,2016,8,16,3,3,5,3,0,0,0,1,0,1,0,0,4.83246E+20,5.31806E+21,8.77534E+15,4.80156E+16
35643,35644,8,1,27,14,2016,8,12,4,3,2,6,0,0,0,1,0,0,0,0,5.75511E+20,5.44335E+21,1.00353E+16,4.91383E+16
35644,35645,8,3,25,61,2016,8,2,1,3,3,6,2,0,0,1,0,0,0,0,4.73838E+20,5.35345E+21,8.647E+15,4.83337E+16
35645,35646,8,1,19,4,2016,8,15,1,3,4,6,0,0,0,1,0,1,0,0,5.39934E+20,5.41756E+21,9.54499E+15,4.89097E+16
35646,35647,8,2,25,32,2016,8,18,2,3,2,6,0,0,0,1,0,0,0,0,5.33292E+20,5.49532E+21,9.46082E+15,4.96095E+16
35647,35648,8,4,26,14,2016,8,11,6,3,5,3,0,0,0,1,0,0,0,1,5.48656E+20,5.31751E+21,9.65238E+15,4.8009E+16
35648,35649,8,3,17,113,2016,8,9,2,3,2,6,0,0,0,1,0,0,0,0,4.08012E+20,5.34501E+21,7.76079E+15,4.82516E+16
35649,35650,8,2,35,80,2016,8,12,7,2,5,3,0,0,0,1,0,1,0,0,4.75631E+20,5.38782E+21,8.66919E+15,4.86429E+16
35650,35651,8,1,16,49,2016,8,12,2,3,5,3,0,0,1,1,0,0,0,0,5.25484E+20,5.38705E+21,9.3459E+15,4.8636E+16
35651,35652,8,4,17,63,2016,8,23,6,3,1,1,2,0,0,1,0,0,0,0,5.06372E+20,5.33772E+21,9.08574E+15,4.81927E+16
35652,35653,8,1,16,58,2016,8,16,2,3,5,3,0,0,0,1,0,0,0,0,5.34301E+20,5.39544E+21,9.46627E+15,4.87111E+16
35653,35654,8,4,35,16,2016,8,17,5,3,0,6,0,1,0,1,0,1,0,0,5.31933E+20,5.27969E+21,9.42537E+15,4.76698E+16
35654,35655,8,3,17,96,2016,8,12,1,3,9,1,0,0,0,0,0,1,0,0,4.22916E+20,5.37278E+21,7.95644E+15,4.85034E+16
35655,35656,8,1,25,102,2016,8,1,5,3,9,1,2,0,0,0,0,1,0,0,5.21655E+20,5.44572E+21,9.29704E+15,4.91639E+16
35656,35657,8,1,18,48,2016,8,9,6,2,0,7,0,0,0,1,0,0,0,0,5.13465E+20,5.41529E+21,9.18369E+15,4.88904E+16
35657,35658,8,3,17,39,2016,8,12,4,2,8,1,0,0,0,0,0,1,0,0,4.39679E+20,5.34289E+21,8.18764E+15,4.82363E+16
35658,35659,8,3,16,20,2016,8,19,3,3,5,7,1,0,0,1,0,1,0,0,4.07833E+20,5.33794E+21,7.75992E+15,4.8188E+16
35659,35660,8,1,36,45,2016,8,14,5,2,8,1,0,0,0,0,0,1,0,0,6.03843E+20,5.40381E+21,1.04135E+16,4.87786E+16
35660,35661,8,4,36,19,2016,8,12,6,3,0,1,0,0,0,0,0,1,0,0,5.38003E+20,5.31375E+21,9.50922E+15,4.7976E+16
35661,35662,8,2,16,23,2016,8,12,3,3,2,6,0,0,0,1,0,0,0,0,4.36656E+20,5.40649E+21,8.13728E+15,4.88081E+16
35662,35663,8,1,25,27,2016,8,14,6,3,2,6,0,0,0,1,0,0,0,0,5.19188E+20,5.44619E+21,9.26323E+15,4.91683E+16
35663,35664,8,4,35,57,2016,8,19,2,2,4,2,0,0,0,1,0,0,0,0,5.43332E+20,5.27951E+21,9.5772E+15,4.76676E+16
35664,35665,8,3,17,96,2016,8,11,3,3,2,6,0,0,0,1,0,0,0,0,4.24226E+20,5.36396E+21,7.97578E+15,4.84242E+16
35665,35666,8,4,26,67,2016,8,12,6,3,2,6,0,0,0,1,0,0,0,0,5.28681E+20,5.33277E+21,9.38559E+15,4.81475E+16
35666,35667,8,1,18,48,2016,8,17,4,3,1,6,0,0,0,1,0,0,0,0,5.11915E+20,5.41809E+21,9.16263E+15,4.89156E+16
35667,35668,8,3,37,128,2016,8,11,1,2,4,6,0,0,0,0,0,1,0,0,4.50202E+20,5.29086E+21,8.33538E+15,4.77692E+16
35668,35669,8,3,17,65,2016,8,16,1,3,3,6,0,0,0,0,0,1,0,1,4.12599E+20,5.35349E+21,7.82081E+15,4.83285E+16
35669,35670,8,1,17,28,2016,8,12,1,3,2,6,0,0,0,1,0,0,0,0,5.46148E+20,5.3843E+21,9.62606E+15,4.861E+16
35670,35671,8,2,31,0,2016,8,2,1,2,4,6,2,0,0,1,0,0,0,0,4.75759E+20,5.41446E+21,8.66936E+15,4.88826E+16
35671,35672,8,4,25,108,2016,8,14,6,3,8,1,0,0,0,1,0,0,0,0,5.55119E+20,5.35847E+21,9.74435E+15,4.8377E+16
35672,35673,8,3,15,6,2016,8,12,2,3,1,6,0,0,0,1,0,0,0,0,4.01617E+20,5.31048E+21,7.68262E+15,4.794E+16
35673,35674,8,2,26,76,2016,8,17,7,3,5,3,0,1,0,1,0,0,0,0,4.75729E+20,5.46519E+21,8.6659E+15,4.9339E+16
35674,35675,8,4,36,13,2016,8,19,1,3,0,1,0,0,1,0,0,0,0,0,5.4458E+20,5.29833E+21,9.59575E+15,4.78368E+16
35675,35676,8,3,36,69,2016,8,15,6,3,0,1,0,0,0,0,0,1,0,0,4.09701E+20,5.26896E+21,7.79948E+15,4.75678E+16
35676,35677,8,4,35,52,2016,8,13,1,2,9,7,0,0,1,0,0,0,0,0,5.23291E+20,5.29178E+21,9.3109E+15,4.7779E+16
35677,35678,8,1,25,102,2016,8,10,7,3,2,6,0,0,0,1,0,0,0,0,5.22514E+20,5.44489E+21,9.30878E+15,4.91564E+16
35678,35679,8,3,37,66,2016,8,6,5,3,4,2,0,0,0,1,0,0,0,0,4.29117E+20,5.26845E+21,8.05765E+15,4.75656E+16
35679,35680,8,2,26,12,2016,8,13,1,3,2,6,0,1,0,1,0,0,0,0,4.74175E+20,5.47661E+21,8.64376E+15,4.94416E+16
35680,35681,8,2,22,0,2016,8,0,1,3,3,6,2,0,0,1,0,0,0,0,4.64596E+20,5.47703E+21,8.5116E+15,4.94449E+16
35681,35682,8,1,19,79,2016,8,11,1,3,0,2,0,0,0,1,0,1,0,0,5.25552E+20,5.40748E+21,9.3481E+15,4.88198E+16
35682,35683,8,4,37,100,2016,8,11,3,3,5,3,0,0,1,1,0,0,0,0,5.37538E+20,5.31816E+21,9.50338E+15,4.80157E+16
35683,35684,8,1,18,73,2016,8,10,5,3,2,6,0,0,0,1,0,0,0,1,4.96522E+20,5.41873E+21,8.95252E+15,4.89215E+16
35684,35685,8,4,16,41,2016,8,1,7,3,0,7,2,0,1,0,0,0,0,0,5.01713E+20,5.37509E+21,9.02321E+15,4.85289E+16
35685,35686,8,3,16,55,2016,8,15,4,3,0,6,0,0,0,1,0,1,0,0,4.28534E+20,5.33386E+21,8.03908E+15,4.81539E+16
35686,35687,8,3,17,31,2016,8,9,7,3,2,6,0,0,0,1,0,0,0,0,4.14163E+20,5.36078E+21,7.84043E+15,4.83944E+16
35687,35688,8,2,22,0,2016,8,16,6,2,3,6,0,0,0,1,0,0,0,0,4.65423E+20,5.47639E+21,8.52306E+15,4.94392E+16
35688,35689,8,2,26,105,2016,8,18,3,3,2,6,0,0,0,1,0,0,0,0,4.69591E+20,5.47713E+21,8.58049E+15,4.94461E+16
35689,35690,8,1,25,78,2016,8,14,3,3,5,3,0,0,1,1,0,0,0,0,5.19385E+20,5.45357E+21,9.26629E+15,4.92346E+16
35690,35691,8,4,25,33,2016,8,16,6,3,0,7,0,0,0,1,0,1,0,0,5.53061E+20,5.34844E+21,9.7153E+15,4.82869E+16
35691,35692,8,1,36,2,2016,8,7,2,2,4,6,0,0,0,1,0,0,0,1,5.72671E+20,5.41669E+21,9.99156E+15,4.88989E+16
35692,35693,8,4,26,21,2016,8,12,7,2,5,3,0,0,0,1,0,0,0,0,5.59277E+20,5.32785E+21,9.7962E+15,4.81011E+16
35693,35694,8,1,27,59,2016,8,16,3,3,2,6,0,0,0,1,0,1,0,0,5.50559E+20,5.43917E+21,9.69267E+15,4.91033E+16
35694,35695,8,3,16,37,2016,8,17,6,3,2,6,0,0,0,1,0,0,0,0,4.08449E+20,5.33301E+21,7.76927E+15,4.81438E+16
35695,35696,8,1,11,0,2016,8,17,4,3,3,6,0,0,1,1,0,0,0,0,5.13022E+20,5.40608E+21,9.17736E+15,4.88075E+16
35696,35697,8,3,27,50,2016,8,21,1,3,5,3,2,0,0,1,0,0,0,0,4.87444E+20,5.31429E+21,8.83174E+15,4.79818E+16
35697,35698,8,3,17,129,2016,8,10,1,2,3,6,0,0,0,1,0,1,0,0,4.30686E+20,5.34884E+21,8.06557E+15,4.8289E+16
35698,35699,8,4,36,94,2016,8,13,7,3,5,3,0,0,1,1,0,0,0,0,5.71562E+20,5.28231E+21,9.95365E+15,4.76902E+16
35699,35700,8,2,12,0,2016,8,10,2,2,6,2,0,0,0,1,1,0,0,0,4.54789E+20,5.42826E+21,8.3818E+15,4.90055E+16
35700,35701,8,1,15,42,2016,8,0,7,3,2,6,2,0,0,1,0,0,0,0,4.9476E+20,5.40601E+21,8.92863E+15,4.8807E+16
35701,35702,8,3,17,113,2016,8,20,6,3,3,6,1,0,0,1,0,0,1,0,4.08332E+20,5.34568E+21,7.76495E+15,4.82577E+16
35702,35703,8,1,25,102,2016,8,10,7,3,2,6,0,0,0,1,0,0,0,0,5.22511E+20,5.44489E+21,9.30874E+15,4.91564E+16
35703,35704,8,3,26,74,2016,8,18,5,3,5,3,0,0,0,1,0,1,0,0,4.67145E+20,5.32345E+21,8.55901E+15,4.80635E+16
35704,35705,8,2,16,15,2016,8,16,1,3,8,1,0,0,0,0,0,1,0,0,4.53754E+20,5.40918E+21,8.36982E+15,4.88338E+16
35705,35706,8,4,37,88,2016,8,17,7,3,9,1,0,0,1,0,0,0,0,0,5.22499E+20,5.30496E+21,9.30102E+15,4.78975E+16
35706,35707,8,4,17,8,2016,8,12,3,3,4,2,0,0,0,1,0,0,0,0,4.91659E+20,5.35093E+21,8.8875E+15,4.83116E+16
35707,35708,8,1,16,77,2016,8,0,5,3,2,6,2,0,0,1,0,0,0,0,5.16991E+20,5.38775E+21,9.23066E+15,4.86426E+16
35708,35709,8,3,25,45,2016,8,2,7,3,2,6,2,0,0,1,0,0,0,1,4.72964E+20,5.35011E+21,8.63543E+15,4.83036E+16
35709,35710,8,2,36,43,2016,8,18,4,3,2,6,0,0,0,0,0,1,0,0,4.69184E+20,5.40713E+21,8.58022E+15,4.88164E+16
35710,35711,8,3,15,48,2016,8,14,7,3,5,3,0,0,0,1,0,0,0,0,3.9987E+20,5.31127E+21,7.65906E+15,4.79469E+16
35711,35712,8,2,22,0,2016,8,11,6,3,2,6,0,1,0,1,0,0,1,0,4.62081E+20,5.48032E+21,8.47658E+15,4.94744E+16
35712,35713,8,2,26,82,2016,8,4,1,3,0,1,2,1,0,1,0,0,0,0,4.74089E+20,5.48067E+21,8.64231E+15,4.94781E+16
35713,35714,8,1,17,19,2016,8,5,3,3,5,2,0,0,0,1,0,0,0,0,5.50435E+20,5.39365E+21,9.68536E+15,4.86939E+16
35714,35715,8,3,26,12,2016,8,18,2,3,2,6,0,0,0,1,0,0,0,0,4.63449E+20,5.31317E+21,8.51029E+15,4.79708E+16
35715,35716,8,3,16,37,2016,8,0,6,3,9,7,2,0,0,0,0,0,1,1,4.08443E+20,5.33302E+21,7.76918E+15,4.81439E+16
35716,35717,8,1,28,131,2016,8,22,2,3,2,6,2,0,0,1,0,0,0,0,5.45698E+20,5.51237E+21,9.63452E+15,4.9762E+16
35717,35718,8,3,27,17,2016,8,12,7,3,4,6,0,0,0,1,0,0,0,0,4.79143E+20,5.33033E+21,8.71971E+15,4.81258E+16
35718,35719,8,2,25,117,2016,8,14,5,3,9,1,0,0,0,1,0,0,0,0,5.1444E+20,5.47517E+21,9.19914E+15,4.94291E+16
35719,35720,8,2,15,39,2016,8,18,2,3,5,3,0,0,0,1,0,0,0,0,4.7256E+20,5.45208E+21,8.62317E+15,4.92209E+16
35720,35721,8,1,25,13,2016,8,12,7,3,1,6,0,0,0,1,0,0,0,0,5.04988E+20,5.43608E+21,9.0683E+15,4.90776E+16
35721,35722,8,2,36,25,2016,8,7,3,3,4,2,0,0,0,1,0,0,0,0,4.90363E+20,5.40834E+21,8.86869E+15,4.8828E+16
35722,35723,8,2,16,43,2016,8,15,6,3,2,6,0,0,0,1,0,0,0,0,4.43656E+20,5.41348E+21,8.23163E+15,4.88717E+16
35723,35724,8,2,31,0,2016,8,11,5,3,2,6,0,0,0,1,0,0,0,0,4.78422E+20,5.41781E+21,8.7055E+15,4.89128E+16
35724,35725,8,1,27,25,2016,8,15,1,3,8,1,0,0,0,0,0,1,0,0,5.55218E+20,5.42964E+21,9.75521E+15,4.90172E+16
35725,35726,8,4,26,100,2016,8,17,2,3,8,1,0,0,0,0,0,1,0,0,5.71318E+20,5.31266E+21,9.95539E+15,4.79632E+16
35726,35727,8,3,35,75,2016,8,15,3,3,3,6,0,0,1,0,0,1,0,0,4.94181E+20,5.28312E+21,8.92244E+15,4.77014E+16
35727,35728,8,4,16,41,2016,8,18,4,3,5,3,0,0,1,0,0,1,0,0,5.04634E+20,5.37861E+21,9.06281E+15,4.85606E+16
35728,35729,8,2,26,28,2016,8,22,2,3,1,5,2,0,0,1,0,0,0,0,4.71953E+20,5.48377E+21,8.61261E+15,4.95059E+16
35729,35730,8,1,35,19,2016,8,9,7,2,2,6,0,0,0,1,0,1,0,0,5.89264E+20,5.39579E+21,1.02134E+16,4.87087E+16
35730,35731,8,2,12,0,2016,8,15,3,3,1,5,0,0,1,1,0,0,0,0,4.61199E+20,5.42265E+21,8.46999E+15,4.89555E+16
35731,35732,8,2,37,28,2016,8,12,6,3,0,6,0,0,1,0,0,0,0,1,4.5645E+20,5.36809E+21,8.41087E+15,4.84644E+16
35732,35733,8,1,15,45,2016,8,13,7,1,2,6,0,0,0,1,0,1,0,0,4.96115E+20,5.39698E+21,8.94717E+15,4.87258E+16
35733,35734,8,3,16,20,2016,8,14,5,2,9,1,0,1,0,0,0,1,0,0,4.07803E+20,5.33795E+21,7.75951E+15,4.81881E+16
35734,35735,8,4,25,75,2016,8,20,1,2,8,1,0,0,0,0,0,1,0,0,5.71055E+20,5.37945E+21,9.96309E+15,4.85641E+16
35735,35736,8,4,35,18,2016,8,13,7,3,5,2,0,0,1,1,0,0,0,0,5.2416E+20,5.2803E+21,9.32187E+15,4.76757E+16
35736,35737,8,1,11,0,2016,8,13,3,3,2,6,0,0,0,1,0,0,0,0,5.14054E+20,5.40397E+21,9.19134E+15,4.87886E+16
35737,35738,8,4,15,78,2016,8,13,3,3,8,1,0,0,0,0,0,1,0,0,5.29295E+20,5.37005E+21,9.39643E+15,4.84829E+16
35738,35739,8,4,36,55,2016,8,10,4,3,4,6,0,0,0,1,0,0,0,0,5.73177E+20,5.2961E+21,9.97748E+15,4.78141E+16
35739,35740,8,3,36,50,2016,8,18,7,3,5,3,0,0,1,1,0,0,0,0,3.98802E+20,5.27496E+21,7.65323E+15,4.76201E+16
35740,35741,8,2,16,49,2016,8,17,4,2,5,2,0,0,0,1,0,1,0,0,4.39561E+20,5.40314E+21,8.17732E+15,4.87783E+16
35741,35742,8,3,11,0,2016,8,9,7,3,2,6,0,0,0,1,0,0,0,0,4.0597E+20,5.31485E+21,7.73994E+15,4.798E+16
35742,35743,8,1,25,46,2016,8,17,1,3,2,6,0,0,0,1,0,0,0,0,5.19564E+20,5.43329E+21,9.26776E+15,4.90521E+16
35743,35744,8,2,26,76,2016,8,3,2,3,9,7,2,0,0,1,0,0,0,0,4.73123E+20,5.46418E+21,8.63009E+15,4.93298E+16
35744,35745,8,3,37,60,2016,8,13,6,3,4,6,0,0,0,1,0,0,0,0,4.68808E+20,5.27838E+21,8.58459E+15,4.7658E+16
35745,35746,8,1,25,6,2016,8,19,2,3,2,6,0,0,0,1,0,1,0,0,5.04386E+20,5.45086E+21,9.06022E+15,4.92105E+16
35746,35747,8,1,26,58,2016,8,7,2,3,4,2,0,0,0,1,0,0,0,0,5.42847E+20,5.45169E+21,9.58835E+15,4.92165E+16
35747,35748,8,1,16,80,2016,8,16,6,3,4,6,0,0,0,1,0,0,0,0,5.17859E+20,5.39488E+21,9.24274E+15,4.87067E+16