FID,OBJECTID,ULAND,UREGBEZ,UKREIS,UGEMEINDE,UJAHR,UMONAT,USTUNDE,UWOCHENTAG,UKATEGORIE,UART,UTYP1,ULICHTVERH,IstStrasse,IstRad,IstPKW,IstFuss,IstKrad,IstGkfz,IstSonstig,LINREFX,LINREFY,XGCSWGS84,YGCSWGS84
35748,35749,8,1,25,27,2016,8,9,5,3,3,6,0,0,0,1,0,0,1,0,5.20161E+20,5.44563E+21,9.27654E+15,4.91631E+16
35749,35750,8,1,11,0,2016,8,21,7,3,2,6,2,1,0,1,0,0,0,0,5.17003E+20,5.40368E+21,9.23147E+15,4.87859E+16
35750,35751,8,2,25,1,2016,8,16,3,3,2,6,0,0,0,1,0,0,0,1,5.27106E+20,5.47541E+21,9.37382E+15,4.94307E+16
35751,35752,8,1,36,88,2016,8,10,6,2,3,2,0,0,0,1,0,1,0,0,5.77847E+20,5.41634E+21,1.00621E+16,4.88951E+16
35752,35753,8,3,35,100,2016,8,9,2,3,5,2,0,0,0,1,0,0,0,0,4.88063E+20,5.28663E+21,8.8408E+15,4.7733E+16
35753,35754,8,3,26,74,2016,8,18,3,3,5,3,0,0,1,1,0,0,0,0,4.64406E+20,5.32343E+21,8.52226E+15,4.80632E+16
35754,35755,8,1,25,59,2016,8,13,4,2,2,6,0,0,0,1,0,1,0,0,5.30115E+20,5.43783E+21,9.41249E+15,4.90926E+16
35755,35756,8,3,16,43,2016,8,20,1,2,2,6,0,0,0,1,0,0,0,0,4.08985E+20,5.332E+21,7.77669E+15,4.81347E+16
35756,35757,8,1,19,67,2016,8,15,1,2,1,1,0,0,0,1,0,1,0,0,5.38978E+20,5.40701E+21,9.53094E+15,4.88148E+16
35757,35758,8,2,22,0,2016,8,8,2,2,5,2,0,0,0,0,0,0,1,1,4.64601E+20,5.47703E+21,8.51167E+15,4.94449E+16
35758,35759,8,3,15,94,2016,8,11,1,3,0,6,0,0,0,1,0,1,0,0,4.29942E+20,5.31927E+21,8.0604E+15,4.80229E+16
35759,35760,8,3,36,45,2016,8,19,6,3,8,1,0,0,0,0,0,1,0,0,3.96579E+20,5.28402E+21,7.6215E+15,4.77013E+16
35760,35761,8,3,27,36,2016,8,17,7,2,8,1,0,0,0,0,0,1,0,0,4.92007E+20,5.32114E+21,8.89276E+15,4.80435E+16
35761,35762,8,1,27,14,2016,8,12,4,3,3,2,0,0,0,1,0,1,0,0,5.78304E+20,5.44359E+21,1.00736E+16,4.91402E+16
35762,35763,8,2,36,33,2016,8,14,7,3,2,2,0,0,0,1,0,0,0,0,4.80824E+20,5.42838E+21,8.73779E+15,4.9008E+16
35763,35764,8,4,15,50,2016,8,17,1,2,8,1,0,0,0,1,0,0,0,0,5.22719E+20,5.3741E+21,9.30766E+15,4.85196E+16
35764,35765,8,1,27,76,2016,8,11,1,3,2,6,0,0,0,1,0,1,0,0,5.51766E+20,5.43959E+21,9.70926E+15,4.9107E+16
35765,35766,8,2,12,0,2016,8,2,2,3,3,6,2,0,0,1,0,0,1,0,4.56085E+20,5.42316E+21,8.40008E+15,4.89598E+16
35766,35767,8,3,35,15,2016,8,13,6,2,0,7,0,0,1,0,0,0,0,0,4.77509E+20,5.28262E+21,8.70024E+15,4.76966E+16
35767,35768,8,3,25,12,2016,8,13,2,3,4,6,0,0,0,1,0,0,1,0,4.66583E+20,5.36025E+21,8.54857E+15,4.83945E+16
35768,35769,8,2,31,0,2016,8,20,7,3,8,1,0,1,0,1,0,0,0,0,4.84466E+20,5.41444E+21,8.78812E+15,4.88827E+16
35769,35770,8,1,17,2,2016,8,17,2,3,5,3,0,0,0,1,0,0,0,0,5.41054E+20,5.38671E+21,9.55719E+15,4.86321E+16
35770,35771,8,4,21,0,2016,8,12,6,3,5,3,0,0,0,1,0,0,0,0,5.69709E+20,5.35342E+21,9.94051E+15,4.83301E+16
35771,35772,8,1,18,7,2016,8,10,2,3,1,6,0,0,0,1,0,0,0,0,5.10648E+20,5.42732E+21,9.14558E+15,4.89987E+16
35772,35773,8,4,36,96,2016,8,16,5,3,4,1,0,1,0,1,0,0,1,0,5.44169E+20,5.30076E+21,9.5905E+15,4.78586E+16
35773,35774,8,3,27,16,2016,8,1,1,3,8,7,2,1,0,0,0,1,0,0,4.93414E+20,5.31728E+21,8.91169E+15,4.80088E+16
35774,35775,8,4,25,72,2016,8,14,5,3,0,1,0,0,1,0,0,0,0,0,5.82642E+20,5.37175E+21,1.01186E+16,4.84935E+16
35775,35776,8,4,26,87,2016,8,10,6,3,2,6,0,0,0,1,0,0,0,0,5.70381E+20,5.32472E+21,9.94482E+15,4.80718E+16
35776,35777,8,2,11,0,2016,8,17,3,3,9,1,0,0,0,1,0,0,0,0,4.43907E+20,5.40233E+21,8.23659E+15,4.87714E+16
35777,35778,8,1,18,48,2016,8,13,6,3,5,3,0,0,0,1,0,0,0,0,5.1478E+20,5.41666E+21,9.20168E+15,4.89027E+16
35778,35779,8,3,35,79,2016,8,17,4,3,2,6,0,0,0,1,0,0,0,0,4.99626E+20,5.29876E+21,8.995E+15,4.78422E+16
35779,35780,8,3,17,96,2016,8,5,3,2,8,7,1,0,0,0,0,0,1,0,4.193E+20,5.37315E+21,7.90743E+15,4.85062E+16
35780,35781,8,1,36,88,2016,8,16,3,3,0,1,0,0,0,0,0,1,0,0,5.886E+20,5.40884E+21,1.02072E+16,4.88262E+16
35781,35782,8,3,35,43,2016,8,17,6,3,2,6,0,0,0,1,0,0,0,0,5.13061E+20,5.28051E+21,9.17401E+15,4.76779E+16
35782,35783,8,1,18,46,2016,8,17,4,2,5,3,0,0,1,1,0,0,0,0,5.14857E+20,5.41268E+21,9.20259E+15,4.88669E+16
35783,35784,8,3,35,1,2016,8,12,1,2,2,2,0,0,0,1,0,1,0,0,4.87624E+20,5.29953E+21,8.83458E+15,4.7849E+16
35784,35785,8,3,17,5,2016,8,20,1,3,8,7,0,0,0,1,0,0,0,0,4.24243E+20,5.37583E+21,7.97385E+15,4.8531E+16
35785,35786,8,1,16,56,2016,8,19,1,1,4,6,0,0,1,1,0,0,0,0,5.30124E+20,5.39625E+21,9.40956E+15,4.87186E+16
35786,35787,8,2,26,81,2016,8,10,1,3,9,1,0,0,0,0,0,1,0,0,4.9382E+20,5.4749E+21,8.91477E+15,4.94267E+16
35787,35788,8,3,35,63,2016,8,13,6,2,0,1,0,0,1,0,0,0,0,0,5.0188E+20,5.29115E+21,9.02509E+15,4.77737E+16
35788,35789,8,3,36,84,2016,8,16,2,2,9,1,0,0,0,0,0,1,0,0,4.05499E+20,5.27948E+21,7.74134E+15,4.76618E+16
35789,35790,8,2,21,0,2016,8,7,7,2,9,1,0,0,0,1,0,0,0,0,4.80218E+20,5.47204E+21,8.72735E+15,4.94007E+16
35790,35791,8,3,36,91,2016,8,9,1,3,7,1,0,1,0,0,0,1,0,0,3.95693E+20,5.27262E+21,7.61242E+15,4.75986E+16
35791,35792,8,4,36,87,2016,8,16,6,2,6,4,0,0,1,0,1,0,0,0,5.47243E+20,5.30266E+21,9.6318E+15,4.78756E+16
35792,35793,8,1,15,51,2016,8,7,7,2,8,1,0,0,0,1,0,0,0,0,5.05455E+20,5.38221E+21,9.07398E+15,4.8593E+16
35793,35794,8,3,35,100,2016,8,15,5,3,0,7,0,1,1,0,0,0,0,0,4.87772E+20,5.2866E+21,8.83692E+15,4.77326E+16
35794,35795,8,2,21,0,2016,8,15,1,3,4,6,0,0,1,0,0,0,0,0,4.79198E+20,5.47369E+21,8.7132E+15,4.94155E+16
35795,35796,8,1,17,16,2016,8,18,1,2,9,1,0,0,0,0,0,1,0,0,5.49054E+20,5.37855E+21,9.66481E+15,4.85581E+16
35796,35797,8,4,26,38,2016,8,16,3,2,9,1,0,0,0,1,0,0,0,0,5.61854E+20,5.31254E+21,9.8286E+15,4.79632E+16
35797,35798,8,1,18,11,2016,8,22,5,2,5,3,2,0,0,1,0,0,0,0,5.05609E+20,5.4078E+21,9.07641E+15,4.88231E+16
35798,35799,8,3,16,17,2016,8,18,2,2,5,3,0,0,1,1,0,0,0,0,4.08333E+20,5.3418E+21,7.76581E+15,4.82228E+16
35799,35800,8,2,35,85,2016,8,19,7,3,0,7,0,1,0,1,0,0,0,0,4.80695E+20,5.39661E+21,8.73752E+15,4.87222E+16
35800,35801,8,1,11,0,2016,8,6,2,3,2,6,0,0,0,1,0,0,0,0,5.15298E+20,5.40598E+21,9.20835E+15,4.88066E+16
35801,35802,8,4,15,61,2016,8,16,6,3,0,1,0,0,1,0,0,0,0,0,5.12756E+20,5.37167E+21,9.17266E+15,4.84981E+16
35802,35803,8,1,11,0,2016,8,10,2,3,1,5,0,0,1,1,0,0,0,0,5.15775E+20,5.39897E+21,9.21457E+15,4.87436E+16
35803,35804,8,4,15,78,2016,8,16,5,1,5,3,0,0,0,0,0,1,0,1,5.33664E+20,5.37069E+21,9.4556E+15,4.84884E+16
35804,35805,8,3,15,68,2016,8,15,1,3,4,2,0,0,0,0,0,1,0,1,4.42588E+20,5.30253E+21,8.23223E+15,4.78736E+16
35805,35806,8,1,36,45,2016,8,17,1,2,2,1,0,0,0,1,0,0,0,1,6.04345E+20,5.40689E+21,1.04211E+16,4.88062E+16
35806,35807,8,1,25,68,2016,8,15,5,3,9,7,0,0,0,1,0,0,0,0,5.19634E+20,5.45952E+21,9.27E+15,4.92881E+16
35807,35808,8,3,17,65,2016,8,20,4,3,1,6,1,0,0,1,0,0,0,0,4.18936E+20,5.35457E+21,7.90609E+15,4.83391E+16
35808,35809,8,3,15,74,2016,8,16,3,3,2,1,0,0,0,1,0,1,0,0,3.94381E+20,5.29593E+21,7.58932E+15,4.78081E+16
35809,35810,8,1,27,73,2016,8,15,3,2,5,3,0,0,0,0,0,1,0,1,5.83137E+20,5.44801E+21,1.01408E+16,4.91793E+16
35810,35811,8,4,36,81,2016,8,9,6,3,5,3,0,1,0,1,0,0,0,0,5.56615E+20,5.27563E+21,9.75362E+15,4.76316E+16
35811,35812,8,3,26,60,2016,8,17,1,3,5,3,0,0,1,1,0,0,0,0,4.43197E+20,5.33173E+21,8.2365E+15,4.81363E+16
35812,35813,8,3,16,56,2016,8,13,1,3,1,6,0,0,0,1,0,0,0,0,4.21502E+20,5.32615E+21,7.94597E+15,4.80838E+16
35813,35814,8,4,36,64,2016,8,18,7,3,2,6,0,0,0,1,0,0,0,1,5.46351E+20,5.29177E+21,9.61871E+15,4.77777E+16
35814,35815,8,2,12,0,2016,8,16,2,3,2,6,0,0,0,1,0,0,0,0,4.60163E+20,5.42826E+21,8.45529E+15,4.9006E+16
35815,35816,8,1,36,27,2016,8,0,7,2,4,6,2,0,0,1,0,0,0,0,5.53529E+20,5.42209E+21,9.73111E+15,4.89494E+16
35816,35817,8,3,15,94,2016,8,12,6,3,8,7,0,1,1,0,0,1,1,0,4.29903E+20,5.31928E+21,8.05988E+15,4.8023E+16
35817,35818,8,1,36,65,2016,8,9,7,3,5,3,0,0,1,1,0,0,0,0,5.59295E+20,5.40602E+21,9.80753E+15,4.88043E+16
35818,35819,8,3,27,50,2016,8,12,5,1,5,3,0,0,0,1,0,1,0,0,4.82226E+20,5.31126E+21,8.76194E+15,4.79544E+16
35819,35820,8,1,36,3,2016,8,16,1,3,9,1,0,0,0,1,0,0,0,0,5.72559E+20,5.42472E+21,9.99145E+15,4.89711E+16
35820,35821,8,4,35,42,2016,8,11,7,2,5,3,0,0,1,1,0,0,0,0,5.53824E+20,5.27868E+21,9.71685E+15,4.76593E+16
35821,35822,8,1,16,15,2016,8,14,3,3,9,1,0,0,0,1,0,0,0,0,5.26265E+20,5.3954E+21,9.35704E+15,4.87111E+16
35822,35823,8,4,15,91,2016,8,16,3,2,8,1,0,0,0,0,0,1,0,0,5.13345E+20,5.36231E+21,9.18035E+15,4.84138E+16
35823,35824,8,1,11,0,2016,8,6,5,3,0,6,0,0,0,0,0,1,0,0,5.13494E+20,5.40268E+21,9.18367E+15,4.8777E+16
35824,35825,8,3,37,126,2016,8,3,7,1,6,4,2,0,0,1,1,0,0,0,4.4371E+20,5.27409E+21,8.25092E+15,4.76178E+16
35825,35826,8,2,26,82,2016,8,9,4,3,3,6,0,0,0,1,0,0,0,0,4.75143E+20,5.48095E+21,8.65684E+15,4.94807E+16
35826,35827,8,3,15,6,2016,8,1,7,3,9,1,2,0,0,1,0,0,0,0,4.03642E+20,5.30847E+21,7.71019E+15,4.79223E+16
35827,35828,8,3,17,126,2016,8,13,6,3,8,7,0,0,0,1,0,0,0,0,4.41152E+20,5.38289E+21,8.20186E+15,4.85963E+16
35828,35829,8,2,26,85,2016,8,5,1,3,8,1,2,0,0,1,0,0,0,0,4.83712E+20,5.4545E+21,8.77622E+15,4.9243E+16
35829,35830,8,1,17,6,2016,8,17,3,3,1,5,0,0,0,1,0,1,0,0,5.52013E+20,5.38159E+21,9.70529E+15,4.85853E+16
35830,35831,8,3,17,153,2016,8,12,2,3,5,2,0,0,0,0,0,1,0,1,4.21932E+20,5.39068E+21,7.93976E+15,4.86643E+16
35831,35832,8,3,17,40,2016,8,15,6,3,8,7,0,0,1,0,0,0,0,0,4.32185E+20,5.3473E+21,8.08602E+15,4.82753E+16
35832,35833,8,4,15,59,2016,8,14,7,1,8,1,0,0,0,0,0,1,0,0,5.15144E+20,5.36457E+21,9.20474E+15,4.84341E+16
35833,35834,8,3,11,0,2016,8,14,4,3,1,1,0,0,0,1,0,0,0,0,4.13573E+20,5.31654E+21,7.84146E+15,4.79963E+16
35834,35835,8,3,17,34,2016,8,11,7,2,4,6,0,0,1,0,0,0,0,0,4.26004E+20,5.36307E+21,7.99996E+15,4.84164E+16
35835,35836,8,1,25,6,2016,8,19,6,3,3,6,1,0,0,1,0,0,0,0,5.05312E+20,5.45094E+21,9.07293E+15,4.92112E+16
35836,35837,8,1,19,41,2016,8,15,3,3,5,3,0,0,0,1,0,1,0,0,5.252E+20,5.40976E+21,9.34343E+15,4.88403E+16
35837,35838,8,3,17,96,2016,8,18,6,3,2,6,0,0,0,1,0,0,1,0,4.21287E+20,5.36876E+21,7.93515E+15,4.84671E+16
35838,35839,8,1,28,139,2016,8,15,2,2,2,2,0,0,0,1,0,0,0,0,5.51373E+20,5.49116E+21,9.71052E+15,4.95709E+16
35839,35840,8,3,37,125,2016,8,13,7,3,8,1,0,1,0,1,0,0,0,0,4.46607E+20,5.27479E+21,8.28938E+15,4.76243E+16
35840,35841,8,2,22,0,2016,8,18,2,3,2,6,0,0,0,1,0,0,0,0,4.67189E+20,5.4852E+21,8.54668E+15,4.95185E+16
35841,35842,8,1,27,71,2016,8,12,7,3,5,3,0,0,0,1,0,0,0,0,5.74562E+20,5.45665E+21,1.00247E+16,4.9258E+16
35842,35843,8,2,12,0,2016,8,18,3,3,4,6,0,0,1,0,0,0,0,0,4.57906E+20,5.42795E+21,8.42446E+15,4.9003E+16
35843,35844,8,2,25,32,2016,8,11,6,3,9,1,0,0,0,0,0,1,0,0,5.37618E+20,5.48499E+21,9.5197E+15,4.95164E+16
35844,35845,8,1,28,131,2016,8,18,7,2,5,3,0,0,0,1,0,0,0,0,5.36001E+20,5.51107E+21,9.49977E+15,4.97511E+16
35845,35846,8,3,15,6,2016,8,5,5,1,6,1,2,0,0,0,1,0,0,1,4.04403E+20,5.30589E+21,7.72094E+15,4.78992E+16
35846,35847,8,1,28,64,2016,8,12,1,3,2,6,0,0,0,1,0,0,0,0,5.34589E+20,5.49988E+21,9.47917E+15,4.96504E+16
35847,35848,8,4,35,16,2016,8,18,7,3,8,7,0,0,0,1,0,0,0,0,5.34901E+20,5.27949E+21,9.4649E+15,4.76678E+16
35848,35849,8,4,36,55,2016,8,21,2,2,2,6,2,0,0,1,0,0,0,1,5.78204E+20,5.29312E+21,1.00441E+16,4.77867E+16
35849,35850,8,3,37,65,2016,8,11,3,3,5,3,0,0,0,1,0,0,0,0,4.47519E+20,5.27561E+21,8.30141E+15,4.76318E+16
35850,35851,8,4,35,54,2016,8,16,4,3,2,6,0,0,0,1,0,0,0,0,5.21777E+20,5.28188E+21,9.2902E+15,4.769E+16
35851,35852,8,3,35,28,2016,8,5,7,3,8,7,2,0,0,1,0,0,0,0,4.81862E+20,5.28637E+21,8.75811E+15,4.77305E+16
35852,35853,8,1,36,15,2016,8,15,4,2,0,1,0,0,1,0,0,0,0,0,5.57637E+20,5.41326E+21,9.78596E+15,4.88696E+16
35853,35854,8,2,15,84,2016,8,7,7,3,9,6,0,0,0,1,0,0,0,0,4.69829E+20,5.44867E+21,8.58592E+15,4.91901E+16
35854,35855,8,1,19,85,2016,8,14,1,2,5,3,0,0,0,1,0,1,0,0,5.31596E+20,5.41535E+21,9.43104E+15,4.88903E+16
35855,35856,8,2,22,0,2016,8,16,2,3,3,6,0,0,0,1,0,0,1,0,4.66815E+20,5.48002E+21,8.54195E+15,4.9472E+16
35856,35857,8,3,17,113,2016,8,8,6,3,2,6,0,0,0,1,0,0,0,0,4.0803E+20,5.34505E+21,7.76102E+15,4.8252E+16
35857,35858,8,4,16,36,2016,8,14,2,3,9,1,0,0,0,1,0,0,0,0,4.97309E+20,5.36124E+21,8.96364E+15,4.84043E+16
35858,35859,8,3,15,113,2016,8,13,7,2,4,6,0,1,0,1,0,0,1,1,4.3692E+20,5.30496E+21,8.15609E+15,4.78948E+16
35859,35860,8,1,18,73,2016,8,9,2,3,0,3,0,0,0,1,0,0,0,1,4.99666E+20,5.41846E+21,8.99544E+15,4.89191E+16
35860,35861,8,1,25,102,2016,8,13,2,2,2,6,0,0,0,0,0,0,1,0,5.22342E+20,5.4431E+21,9.30631E+15,4.91403E+16
35861,35862,8,1,15,48,2016,8,4,6,3,8,1,2,1,0,1,0,0,0,0,5.04779E+20,5.38864E+21,9.06488E+15,4.86508E+16
35862,35863,8,1,36,88,2016,8,9,5,3,2,6,0,0,0,0,0,1,0,1,5.88583E+20,5.40862E+21,1.02069E+16,4.88243E+16
35863,35864,8,4,36,81,2016,8,14,6,3,8,3,0,0,0,1,0,0,0,0,5.62576E+20,5.28292E+21,9.834E+15,4.76967E+16
35864,35865,8,2,16,17,2016,8,16,3,3,2,6,0,0,0,1,0,0,0,0,4.51393E+20,5.4012E+21,8.33859E+15,4.87619E+16
35865,35866,8,1,21,0,2016,8,17,6,3,5,3,0,0,0,0,0,1,0,1,5.1018E+20,5.44737E+21,9.13969E+15,4.9179E+16
35866,35867,8,1,26,47,2016,8,9,2,2,5,3,0,0,0,1,0,0,1,0,5.50072E+20,5.44995E+21,9.68734E+15,4.92003E+16
35867,35868,8,1,26,66,2016,8,7,2,3,8,7,0,0,0,1,0,0,0,0,5.3979E+20,5.45133E+21,9.54635E+15,4.92135E+16
35868,35869,8,1,17,24,2016,8,11,6,2,5,3,0,0,0,1,1,0,1,0,5.60122E+20,5.38505E+21,9.81573E+15,4.86157E+16
35869,35870,8,2,26,3,2016,8,19,5,2,2,6,0,1,0,1,0,0,0,0,4.61079E+20,5.46335E+21,8.46441E+15,4.93217E+16
35870,35871,8,1,25,65,2016,8,11,2,3,2,6,0,0,0,1,0,0,0,1,5.17279E+20,5.44722E+21,9.23708E+15,4.91775E+16
35871,35872,8,1,16,48,2016,8,14,7,3,0,1,0,0,0,0,0,1,0,0,5.35477E+20,5.39138E+21,9.48191E+15,4.86745E+16
35872,35873,8,2,26,98,2016,8,8,3,3,3,6,0,0,0,0,0,0,0,1,4.78597E+20,5.46044E+21,8.70563E+15,4.92963E+16
35873,35874,8,2,11,0,2016,8,7,6,3,2,6,0,0,0,1,0,0,0,0,4.4336E+20,5.40209E+21,8.22918E+15,4.87692E+16
35874,35875,8,1,28,7,2016,8,22,7,2,5,3,2,0,0,1,0,1,0,0,5.60202E+20,5.48117E+21,9.8311E+15,4.94802E+16
35875,35876,8,2,15,90,2016,8,12,5,2,6,5,0,0,0,1,1,0,0,0,4.6581E+20,5.4337E+21,8.53203E+15,4.90552E+16
35876,35877,8,3,16,43,2016,8,9,2,3,2,6,0,0,0,1,0,0,0,0,4.08936E+20,5.33213E+21,7.77601E+15,4.81359E+16
35877,35878,8,3,35,79,2016,8,8,3,3,5,2,0,0,0,0,0,1,1,0,4.97388E+20,5.30306E+21,8.96506E+15,4.78808E+16
35878,35879,8,3,37,65,2016,8,11,4,3,2,6,0,0,0,1,0,0,0,0,4.51124E+20,5.27347E+21,8.34963E+15,4.76128E+16
35879,35880,8,1,27,14,2016,8,12,4,3,0,1,0,0,0,0,0,1,0,0,5.75503E+20,5.44292E+21,1.00351E+16,4.91345E+16
35880,35881,8,4,15,85,2016,8,11,1,3,8,1,0,0,0,0,0,1,0,0,5.33495E+20,5.34454E+21,9.45123E+15,4.82532E+16
35881,35882,8,1,25,13,2016,8,16,1,3,0,1,0,0,0,1,0,0,0,0,5.06441E+20,5.43504E+21,9.08819E+15,4.90682E+16
35882,35883,8,2,26,82,2016,8,8,2,3,1,6,0,0,0,1,0,0,0,0,4.79218E+20,5.4803E+21,8.71313E+15,4.9475E+16
35883,35884,8,3,16,37,2016,8,18,6,2,5,3,0,0,0,1,0,1,0,0,4.0738E+20,5.33419E+21,7.75465E+15,4.81542E+16
35884,35885,8,3,17,89,2016,8,15,2,3,4,6,0,0,0,1,0,0,0,0,4.30408E+20,5.3759E+21,8.05733E+15,4.85323E+16
35885,35886,8,2,37,45,2016,8,12,7,3,0,1,0,0,1,0,0,0,0,0,4.59313E+20,5.36243E+21,8.45016E+15,4.84137E+16
35886,35887,8,1,16,78,2016,8,17,2,3,2,6,0,0,0,1,0,1,0,0,5.12339E+20,5.39127E+21,9.16761E+15,4.86743E+16
35887,35888,8,4,17,8,2016,8,11,6,3,5,3,0,0,0,1,0,0,0,0,4.91557E+20,5.35083E+21,8.88614E+15,4.83106E+16
35888,35889,8,1,17,23,2016,8,17,2,2,5,3,0,0,0,1,0,1,0,0,5.48291E+20,5.3868E+21,9.65542E+15,4.86324E+16
35889,35890,8,4,36,39,2016,8,16,5,3,2,2,0,1,0,1,0,0,0,1,5.5159E+20,5.28736E+21,9.68812E+15,4.77375E+16
35890,35891,8,2,37,27,2016,8,18,1,2,3,2,0,0,0,1,0,1,0,0,4.81665E+20,5.36979E+21,8.75189E+15,4.84809E+16
35891,35892,8,1,25,98,2016,8,19,5,3,4,1,1,1,0,1,0,0,0,0,5.27165E+20,5.43724E+21,9.37205E+15,4.90874E+16
35892,35893,8,1,15,28,2016,8,18,3,3,3,6,0,0,0,1,0,0,1,0,5.01228E+20,5.40374E+21,9.01672E+15,4.87866E+16
35893,35894,8,1,18,80,2016,8,10,6,3,2,6,0,0,0,1,0,0,0,1,5.07871E+20,5.40981E+21,9.10727E+15,4.88412E+16
35894,35895,8,4,35,59,2016,8,13,4,3,4,7,0,0,0,1,0,0,0,0,5.09591E+20,5.29441E+21,9.12809E+15,4.7803E+16
35895,35896,8,3,16,38,2016,8,14,3,2,0,1,0,0,1,0,0,0,0,0,3.97002E+20,5.32982E+21,7.6162E+15,4.81133E+16
35896,35897,8,2,25,24,2016,8,5,3,2,8,1,1,0,0,0,0,1,0,0,5.12061E+20,5.47846E+21,9.16643E+15,4.94587E+16
35897,35898,8,3,15,74,2016,8,12,6,3,9,1,0,0,0,1,0,0,0,0,3.96862E+20,5.29556E+21,7.62254E+15,4.78052E+16
35898,35899,8,1,16,77,2016,8,15,4,3,2,6,0,0,0,1,0,0,0,0,5.14916E+20,5.38994E+21,9.20256E+15,4.86623E+16
35899,35900,8,3,27,49,2016,8,16,1,3,3,2,0,0,1,1,0,0,0,0,4.73147E+20,5.3249E+21,8.63949E+15,4.80768E+16
35900,35901,8,3,17,98,2016,8,13,1,2,9,1,0,0,0,0,0,1,0,0,4.39911E+20,5.37143E+21,8.18669E+15,4.84931E+16
35901,35902,8,4,37,76,2016,8,9,7,2,2,2,0,0,0,1,0,1,0,0,5.22981E+20,5.32068E+21,9.30831E+15,4.8039E+16
35902,35903,8,3,35,77,2016,8,13,2,3,5,3,0,0,1,1,0,0,0,0,4.94787E+20,5.29288E+21,8.93039E+15,4.77892E+16
35903,35904,8,3,17,40,2016,8,13,3,3,2,2,0,0,0,1,0,0,0,0,4.32504E+20,5.34722E+21,8.09033E+15,4.82746E+16
35904,35905,8,1,19,8,2016,8,18,4,3,0,1,0,0,0,0,0,1,0,0,5.3228E+20,5.42483E+21,9.44111E+15,4.89755E+16
35905,35906,8,3,37,108,2016,8,15,1,3,8,1,0,0,0,0,0,1,0,0,4.24845E+20,5.28608E+21,7.99784E+15,4.77237E+16
35906,35907,8,3,26,6,2016,8,2,1,2,6,6,2,0,0,1,1,0,0,0,4.58204E+20,5.3097E+21,8.44036E+15,4.79392E+16
35907,35908,8,1,17,58,2016,8,15,1,1,4,6,0,0,0,1,0,1,0,0,5.45197E+20,5.37912E+21,9.6126E+15,4.85635E+16
35908,35909,8,2,15,66,2016,8,19,1,2,5,3,0,0,0,1,0,0,0,0,4.58817E+20,5.45443E+21,8.43421E+15,4.92412E+16
35909,35910,8,3,11,0,2016,8,12,6,2,3,7,0,0,0,1,0,0,0,1,4.11728E+20,5.31599E+21,7.81686E+15,4.79911E+16
35910,35911,8,3,15,22,2016,8,8,2,3,5,3,0,0,0,1,0,0,0,1,3.97173E+20,5.30029E+21,7.62557E+15,4.78477E+16
35911,35912,8,2,36,40,2016,8,0,7,3,8,1,2,0,0,1,0,0,0,0,4.85638E+20,5.41987E+21,8.80392E+15,4.89316E+16
35912,35913,8,4,36,64,2016,8,8,1,3,0,1,0,0,0,0,0,1,0,0,5.46543E+20,5.29105E+21,9.6212E+15,4.77711E+16
35913,35914,8,3,25,11,2016,8,6,6,3,8,1,0,0,0,0,0,0,0,1,4.71904E+20,5.33919E+21,8.62186E+15,4.82053E+16
35914,35915,8,4,36,94,2016,8,11,1,2,0,1,0,0,1,0,0,0,0,0,5.67512E+20,5.28558E+21,9.90018E+15,4.772E+16
35915,35916,8,3,37,62,2016,8,16,5,3,3,6,0,1,0,1,0,0,0,0,4.53038E+20,5.27443E+21,8.37499E+15,4.76216E+16
35916,35917,8,2,36,46,2016,8,11,1,3,2,6,0,0,0,1,0,0,0,0,4.83988E+20,5.41635E+21,8.78153E+15,4.88998E+16
35917,35918,8,2,25,52,2016,8,11,1,3,2,2,0,0,1,1,0,0,0,0,5.15526E+20,5.48088E+21,9.21434E+15,4.94804E+16
35918,35919,8,1,25,59,2016,8,14,1,3,2,6,0,0,0,1,0,1,0,0,5.26863E+20,5.44087E+21,9.36816E+15,4.91201E+16
35919,35920,8,4,37,78,2016,8,22,3,3,5,3,1,0,0,1,0,0,0,0,5.0767E+20,5.3214E+21,9.10291E+15,4.80458E+16
35920,35921,8,1,19,37,2016,8,18,5,2,8,1,0,0,0,1,0,0,0,0,5.47485E+20,5.41833E+21,9.64813E+15,4.89161E+16
35921,35922,8,4,25,108,2016,8,19,7,3,9,1,0,0,0,0,0,1,0,0,5.44201E+20,5.35916E+21,9.59698E+15,4.83841E+16
35922,35923,8,3,17,153,2016,8,18,4,2,4,1,0,0,0,1,0,0,0,0,4.21078E+20,5.38891E+21,7.92851E+15,4.86483E+16
35923,35924,8,3,17,26,2016,8,15,7,3,2,6,0,0,0,1,0,0,0,0,4.10891E+20,5.34635E+21,7.79929E+15,4.82641E+16
35924,35925,8,3,36,91,2016,8,17,3,2,5,3,0,0,1,0,0,0,0,1,3.95129E+20,5.27187E+21,7.6051E+15,4.75918E+16
35925,35926,8,1,25,107,2016,8,15,3,3,9,1,0,0,0,0,0,1,0,0,5.31987E+20,5.43834E+21,9.43818E+15,4.90971E+16
35926,35927,8,3,11,0,2016,8,15,6,3,2,1,0,0,0,1,0,0,0,0,4.10174E+20,5.31545E+21,7.79615E+15,4.7986E+16
35927,35928,8,4,26,97,2016,8,10,7,3,5,3,0,0,0,0,0,1,0,1,5.36149E+20,5.33692E+21,9.48634E+15,4.81845E+16
35928,35929,8,2,36,40,2016,8,14,2,3,8,1,0,0,0,1,0,0,0,0,4.89968E+20,5.42627E+21,8.86288E+15,4.89893E+16