FID,OBJECTID,ULAND,UREGBEZ,UKREIS,UGEMEINDE,UJAHR,UMONAT,USTUNDE,UWOCHENTAG,UKATEGORIE,UART,UTYP1,ULICHTVERH,IstStrasse,IstRad,IstPKW,IstFuss,IstKrad,IstGkfz,IstSonstig,LINREFX,LINREFY,XGCSWGS84,YGCSWGS84
35929,35930,8,1,35,25,2016,8,23,7,3,8,1,2,1,0,1,0,0,0,0,5.81076E+20,5.39869E+21,1.01027E+16,4.87359E+16
35930,35931,8,2,26,95,2016,8,13,6,3,2,6,0,0,0,1,0,0,0,1,4.71355E+20,5.4596E+21,8.60609E+15,4.92885E+16
35931,35932,8,1,28,7,2016,8,12,7,2,8,1,0,0,0,0,0,1,0,0,5.5448E+20,5.47564E+21,9.75136E+15,4.9431E+16
35932,35933,8,3,17,96,2016,8,10,5,2,6,6,0,0,1,0,1,0,0,0,4.21685E+20,5.3688E+21,7.94052E+15,4.84674E+16
35933,35934,8,2,26,105,2016,8,16,2,2,2,6,0,0,0,1,0,0,0,0,4.71372E+20,5.47584E+21,8.60516E+15,4.94346E+16
35934,35935,8,2,11,0,2016,8,13,7,1,8,1,0,0,0,0,0,1,0,0,4.43884E+20,5.39635E+21,8.23708E+15,4.87176E+16
35935,35936,8,3,25,45,2016,8,12,6,3,0,7,0,1,0,1,0,1,0,0,4.67334E+20,5.34875E+21,8.5596E+15,4.82911E+16
35936,35937,8,1,27,100,2016,8,14,7,3,5,3,0,0,0,1,0,0,0,0,5.53054E+20,5.43517E+21,9.72633E+15,4.90671E+16
35937,35938,8,3,35,43,2016,8,10,5,3,0,6,0,0,0,1,0,1,0,0,5.13901E+20,5.27958E+21,9.18517E+15,4.76695E+16
35938,35939,8,2,15,97,2016,8,10,1,3,2,2,0,0,0,1,0,1,0,0,4.78338E+20,5.44166E+21,8.70308E+15,4.91274E+16
35939,35940,8,4,37,65,2016,8,13,7,3,2,6,0,0,0,1,0,1,0,0,5.18353E+20,5.32016E+21,9.2462E+15,4.80344E+16
35940,35941,8,4,25,141,2016,8,16,3,3,5,3,0,0,1,0,0,0,0,0,5.68154E+20,5.36246E+21,9.921E+15,4.84116E+16
35941,35942,8,4,25,31,2016,8,0,5,3,0,6,2,0,0,1,0,0,0,0,5.64158E+20,5.37029E+21,9.86821E+15,4.84824E+16
35942,35943,8,4,15,53,2016,8,12,7,3,0,1,0,0,1,0,0,0,0,0,5.36027E+20,5.36238E+21,9.48687E+15,4.84136E+16
35943,35944,8,2,36,44,2016,8,11,4,3,1,3,0,0,0,1,0,0,0,1,4.83244E+20,5.40572E+21,8.77181E+15,4.88042E+16
35944,35945,8,3,15,108,2016,8,0,7,2,2,6,2,0,0,1,0,0,0,1,4.05628E+20,5.30603E+21,7.73729E+15,4.79007E+16
35945,35946,8,1,36,19,2016,8,7,6,3,4,6,0,1,0,1,0,0,1,0,5.77814E+20,5.42491E+21,1.00633E+16,4.89722E+16
35946,35947,8,2,35,20,2016,8,14,1,2,9,1,0,0,0,0,0,1,0,0,4.74516E+20,5.38432E+21,8.65426E+15,4.86114E+16
35947,35948,8,1,17,26,2016,8,9,3,3,5,3,0,0,0,1,0,0,0,0,5.50323E+20,5.39338E+21,9.6838E+15,4.86914E+16
35948,35949,8,3,26,12,2016,8,17,2,3,3,6,0,0,0,1,0,0,1,0,4.63663E+20,5.31342E+21,8.51313E+15,4.79731E+16
35949,35950,8,2,21,0,2016,8,22,6,3,2,6,2,0,0,1,0,0,0,0,4.73475E+20,5.47455E+21,8.63424E+15,4.94231E+16
35950,35951,8,2,25,82,2016,8,15,2,2,8,1,0,1,0,1,0,0,0,0,5.36062E+20,5.4762E+21,9.49741E+15,4.94374E+16
35951,35952,8,3,35,55,2016,8,10,7,3,5,3,0,0,0,1,0,0,0,0,4.96751E+20,5.28432E+21,8.95669E+15,4.77123E+16
35952,35953,8,2,25,14,2016,8,17,5,3,5,3,0,0,0,1,0,1,0,0,5.18955E+20,5.48241E+21,9.26175E+15,4.9494E+16
35953,35954,8,2,16,5,2016,8,12,2,3,2,6,0,0,0,1,0,0,0,0,4.45634E+20,5.4167E+21,8.25818E+15,4.89008E+16
35954,35955,8,1,25,78,2016,8,15,7,3,1,1,0,0,1,1,0,0,0,0,5.17919E+20,5.45467E+21,9.2462E+15,4.92445E+16
35955,35956,8,2,36,72,2016,8,15,3,3,5,3,0,0,0,1,0,0,0,0,4.66856E+20,5.40966E+21,8.54831E+15,4.88391E+16
35956,35957,8,2,21,0,2016,8,14,6,3,4,1,0,0,1,0,0,0,0,1,4.77498E+20,5.47146E+21,8.68989E+15,4.93954E+16
35957,35958,8,1,36,2,2016,8,9,7,2,3,2,0,0,0,1,0,1,0,0,5.65361E+20,5.419E+21,9.8922E+15,4.89205E+16
35958,35959,8,2,36,19,2016,8,3,5,3,2,6,2,0,0,1,0,0,0,0,4.89231E+20,5.40926E+21,8.85325E+15,4.88362E+16
35959,35960,8,1,27,12,2016,8,20,1,2,8,1,1,0,0,1,0,0,0,0,5.66116E+20,5.43078E+21,9.90441E+15,4.90264E+16
35960,35961,8,4,26,124,2016,8,18,7,2,5,2,0,0,0,0,0,1,0,1,5.45345E+20,5.33561E+21,9.60991E+15,4.81721E+16
35961,35962,8,4,35,35,2016,8,9,2,3,6,2,0,1,0,0,1,0,1,0,5.45243E+20,5.28413E+21,9.60313E+15,4.7709E+16
35962,35963,8,3,36,105,2016,8,12,3,3,8,1,0,0,0,1,0,0,0,0,4.03941E+20,5.26656E+21,7.72343E+15,4.75454E+16
35963,35964,8,4,17,54,2016,8,7,4,3,8,1,0,0,0,1,0,0,0,0,4.78808E+20,5.34765E+21,8.71435E+15,4.82817E+16
35964,35965,8,3,35,35,2016,8,3,7,3,6,6,2,0,1,0,1,0,0,0,4.85443E+20,5.28966E+21,8.80576E+15,4.77601E+16
35965,35966,8,1,28,47,2016,8,11,4,3,0,1,0,0,0,0,0,1,0,0,5.52322E+20,5.49885E+21,9.72468E+15,4.964E+16
35966,35967,8,2,31,0,2016,8,21,7,3,0,6,2,0,0,0,0,1,0,0,4.78408E+20,5.41601E+21,8.70541E+15,4.88967E+16
35967,35968,8,4,16,36,2016,8,15,1,2,8,1,0,0,0,0,0,1,0,0,4.95107E+20,5.36503E+21,8.93385E+15,4.84384E+16
35968,35969,8,1,28,14,2016,8,6,1,2,8,1,0,0,0,1,0,0,0,0,5.46006E+20,5.4767E+21,9.63462E+15,4.94412E+16
35969,35970,8,2,15,46,2016,8,16,2,2,0,7,0,0,0,0,0,1,0,0,4.52009E+20,5.41707E+21,8.34511E+15,4.89047E+16
35970,35971,8,1,35,16,2016,8,13,1,3,2,6,0,0,0,1,0,1,0,0,5.89832E+20,5.3874E+21,1.02193E+16,4.86332E+16
35971,35972,8,4,36,3,2016,8,16,7,3,2,6,0,0,1,0,0,1,0,0,5.79891E+20,5.30427E+21,1.00687E+16,4.78868E+16
35972,35973,8,1,11,0,2016,8,17,3,3,2,6,0,0,0,1,0,0,0,0,5.08007E+20,5.40028E+21,9.10894E+15,4.87555E+16
35973,35974,8,4,15,50,2016,8,11,3,3,5,3,0,0,1,1,0,0,0,0,5.20525E+20,5.37576E+21,9.27804E+15,4.85346E+16
35974,35975,8,4,36,9,2016,8,18,4,3,8,1,0,0,0,1,0,0,0,0,5.54387E+20,5.30917E+21,9.72816E+15,4.79335E+16
35975,35976,8,3,36,87,2016,8,16,7,2,8,1,0,0,0,0,0,1,0,0,4.22684E+20,5.29163E+21,7.96803E+15,4.77734E+16
35976,35977,8,2,21,0,2016,8,22,4,3,3,6,2,0,0,1,0,0,0,0,4.77799E+20,5.47274E+21,8.69397E+15,4.94069E+16
35977,35978,8,3,15,59,2016,8,13,7,2,9,1,0,0,0,0,0,1,0,0,3.97572E+20,5.32168E+21,7.62581E+15,4.80402E+16
35978,35979,8,2,15,97,2016,8,15,1,2,8,1,0,0,0,1,0,0,0,0,4.82974E+20,5.44067E+21,8.76666E+15,4.91187E+16
35979,35980,8,1,16,19,2016,8,19,3,3,5,3,0,0,0,1,0,1,0,0,5.23214E+20,5.39674E+21,9.31563E+15,4.87232E+16
35980,35981,8,3,15,6,2016,8,17,2,3,5,3,0,0,0,1,0,0,0,0,4.02171E+20,5.30919E+21,7.69033E+15,4.79286E+16
35981,35982,8,2,15,47,2016,8,15,6,2,8,7,0,0,0,1,0,0,0,0,4.59653E+20,5.41297E+21,8.44983E+15,4.88684E+16
35982,35983,8,1,21,0,2016,8,7,2,3,1,6,0,0,0,1,0,1,0,0,5.12548E+20,5.44519E+21,9.1721E+15,4.91594E+16
35983,35984,8,1,36,50,2016,8,7,2,2,8,1,0,0,0,1,0,0,0,0,5.82604E+20,5.4042E+21,1.01245E+16,4.87854E+16
35984,35985,8,1,16,78,2016,8,8,6,3,2,6,0,0,1,1,0,0,0,0,5.12536E+20,5.39309E+21,9.17034E+15,4.86907E+16
35985,35986,8,2,16,59,2016,8,13,5,3,2,6,0,0,0,1,0,0,0,0,4.52606E+20,5.3976E+21,8.35552E+15,4.87297E+16
35986,35987,8,1,11,0,2016,8,1,7,3,2,6,2,0,0,1,0,1,0,0,5.13045E+20,5.40699E+21,9.17769E+15,4.88158E+16
35987,35988,8,2,26,20,2016,8,11,3,2,8,1,0,0,0,1,0,0,0,0,4.89762E+20,5.46331E+21,8.85911E+15,4.93224E+16
35988,35989,8,1,15,28,2016,8,17,6,3,2,6,0,0,0,1,0,0,0,0,5.00888E+20,5.40317E+21,9.01209E+15,4.87816E+16
35989,35990,8,2,26,6,2016,8,14,5,3,4,6,0,0,1,0,0,0,0,0,4.83932E+20,5.46672E+21,8.77876E+15,4.9353E+16
35990,35991,8,3,37,128,2016,8,11,2,3,4,6,0,0,0,0,0,1,0,0,4.51075E+20,5.2873E+21,8.34743E+15,4.77372E+16
35991,35992,8,3,26,74,2016,8,20,3,3,9,1,1,0,0,1,0,0,0,0,4.616E+20,5.31994E+21,8.48491E+15,4.80316E+16
35992,35993,8,1,26,66,2016,8,12,4,3,1,6,0,0,0,1,0,0,0,0,5.36825E+20,5.44979E+21,9.5055E+15,4.91998E+16
35993,35994,8,3,27,49,2016,8,18,1,3,2,6,0,0,0,1,0,0,0,0,4.70971E+20,5.32387E+21,8.61034E+15,4.80674E+16
35994,35995,8,1,19,75,2016,8,13,1,3,9,1,0,0,0,0,0,1,0,0,5.3715E+20,5.43019E+21,9.50815E+15,4.90234E+16
35995,35996,8,2,22,0,2016,8,0,2,2,8,1,2,0,0,0,0,1,0,0,4.6853E+20,5.47555E+21,8.56598E+15,4.94318E+16
35996,35997,8,3,15,94,2016,8,15,1,3,9,1,0,0,0,0,0,1,0,0,4.32503E+20,5.31431E+21,8.09553E+15,4.79785E+16
35997,35998,8,2,12,0,2016,8,11,6,3,2,6,0,0,0,1,0,0,0,0,4.52749E+20,5.42953E+21,8.35377E+15,4.90168E+16
35998,35999,8,3,17,65,2016,8,10,2,3,8,7,0,0,0,1,0,0,0,0,4.09959E+20,5.34907E+21,7.78616E+15,4.82885E+16
35999,36000,8,2,35,85,2016,8,16,7,3,2,6,0,0,0,1,0,0,0,0,4.82499E+20,5.39175E+21,8.76226E+15,4.86785E+16
36000,36001,8,1,16,72,2016,8,23,2,3,9,1,2,0,0,1,0,0,0,0,5.30961E+20,5.39454E+21,9.4208E+15,4.87031E+16
36001,36002,8,4,15,87,2016,8,11,6,2,5,3,0,0,0,1,0,0,0,0,5.14258E+20,5.38207E+21,9.19335E+15,4.85916E+16
36002,36003,8,1,15,53,2016,8,12,2,3,0,3,0,0,0,1,0,1,0,0,4.83666E+20,5.37991E+21,8.77858E+15,4.85721E+16
36003,36004,8,4,17,79,2016,8,14,5,3,8,1,0,0,0,0,0,1,0,0,5.02978E+20,5.34314E+21,9.04011E+15,4.82414E+16
36004,36005,8,3,15,16,2016,8,19,1,3,0,1,0,0,0,0,0,1,0,0,4.31202E+20,5.30732E+21,8.07922E+15,4.79155E+16
36005,36006,8,1,25,78,2016,8,14,5,3,2,6,0,0,0,1,0,0,1,0,5.18129E+20,5.45335E+21,9.24901E+15,4.92327E+16
36006,36007,8,2,12,0,2016,8,18,6,3,2,6,0,0,0,1,0,0,0,0,4.58906E+20,5.42903E+21,8.43802E+15,4.90128E+16
36007,36008,8,3,26,74,2016,8,10,2,3,5,3,0,0,0,1,0,0,0,1,4.56578E+20,5.31653E+21,8.41789E+15,4.80006E+16
36008,36009,8,2,36,74,2016,8,19,7,3,3,1,0,1,0,1,0,0,0,0,4.71887E+20,5.41812E+21,8.61629E+15,4.89154E+16
36009,36010,8,1,18,79,2016,8,12,2,3,2,6,0,0,0,1,0,0,0,0,5.1022E+20,5.42174E+21,9.13958E+15,4.89485E+16
36010,36011,8,1,18,81,2016,8,18,2,3,2,6,0,0,0,1,0,0,0,0,5.18278E+20,5.41177E+21,9.2492E+15,4.88586E+16
36011,36012,8,4,36,85,2016,8,22,5,3,9,1,2,0,0,1,0,0,0,0,5.58985E+20,5.29828E+21,9.78822E+15,4.78352E+16
36012,36013,8,3,27,18,2016,8,18,1,3,5,3,0,0,0,1,0,0,0,0,4.74265E+20,5.3071E+21,8.65556E+15,4.79167E+16
36013,36014,8,4,25,4,2016,8,14,5,2,8,7,0,0,0,0,0,1,0,0,5.73239E+20,5.38388E+21,9.99346E+15,4.86037E+16
36014,36015,8,4,35,16,2016,8,9,6,3,4,2,0,0,1,1,0,0,0,0,5.34917E+20,5.27948E+21,9.46511E+15,4.76678E+16
36015,36016,8,2,11,0,2016,8,14,3,3,5,3,0,0,0,1,0,1,0,0,4.40845E+20,5.40356E+21,8.19474E+15,4.87823E+16
36016,36017,8,1,18,70,2016,8,19,6,3,5,3,1,0,0,1,0,1,0,0,5.20178E+20,5.42388E+21,9.27569E+15,4.89675E+16
36017,36018,8,3,17,89,2016,8,18,3,3,5,3,0,0,0,1,0,0,0,0,4.3077E+20,5.37561E+21,8.06228E+15,4.85298E+16
36018,36019,8,2,35,32,2016,8,5,6,3,8,1,2,0,0,1,0,0,0,0,4.73348E+20,5.37302E+21,8.63914E+15,4.85097E+16
36019,36020,8,1,18,46,2016,8,19,4,3,2,2,0,0,0,1,0,0,1,0,5.14855E+20,5.41268E+21,9.20255E+15,4.88669E+16
36020,36021,8,3,35,63,2016,8,19,1,3,8,1,0,0,1,0,0,0,0,0,5.02094E+20,5.29128E+21,9.02795E+15,4.77749E+16
36021,36022,8,3,17,5,2016,8,3,1,3,4,7,2,0,0,1,0,0,0,0,4.26609E+20,5.37481E+21,8.00607E+15,4.85221E+16
36022,36023,8,1,16,70,2016,8,17,1,3,9,1,0,0,0,0,0,1,0,0,5.42346E+20,5.38423E+21,9.57448E+15,4.86097E+16
36023,36024,8,2,35,57,2016,8,15,1,3,4,1,0,0,0,1,0,1,0,0,4.88742E+20,5.39631E+21,8.84694E+15,4.87198E+16
36024,36025,8,2,36,43,2016,8,3,6,2,8,1,2,0,0,1,0,0,0,0,4.70715E+20,5.40982E+21,8.60088E+15,4.88407E+16
36025,36026,8,3,15,43,2016,8,22,2,3,0,1,2,0,0,1,0,0,0,0,4.03931E+20,5.32239E+21,7.71094E+15,4.80476E+16
36026,36027,8,2,26,102,2016,8,1,7,3,8,1,2,0,0,1,0,0,0,0,4.82013E+20,5.45277E+21,8.75295E+15,4.92275E+16
36027,36028,8,4,37,78,2016,8,11,1,2,8,1,0,0,0,1,0,0,0,0,5.10082E+20,5.31446E+21,9.13511E+15,4.79833E+16
36028,36029,8,3,35,43,2016,8,19,6,2,2,6,1,0,1,0,0,0,0,0,5.14748E+20,5.28008E+21,9.19647E+15,4.7674E+16
36029,36030,8,1,26,72,2016,8,15,7,3,4,6,0,0,0,1,0,0,0,0,5.42692E+20,5.46737E+21,9.58791E+15,4.93575E+16
36030,36031,8,3,37,49,2016,8,15,5,2,8,6,0,0,0,1,0,1,0,0,4.24819E+20,5.28009E+21,7.99851E+15,4.76698E+16
36031,36032,8,2,26,13,2016,8,15,1,2,8,1,0,0,0,0,0,1,0,0,4.97439E+20,5.48263E+21,8.96464E+15,4.94963E+16
36032,36033,8,1,18,48,2016,8,0,1,3,3,6,2,0,0,1,0,0,0,0,5.11444E+20,5.41872E+21,9.15621E+15,4.89213E+16
36033,36034,8,4,35,35,2016,8,19,3,3,2,6,0,0,0,1,0,1,0,0,5.41143E+20,5.28121E+21,9.5482E+15,4.7683E+16
36034,36035,8,1,18,48,2016,8,13,5,3,1,6,0,0,0,1,0,0,0,0,5.13829E+20,5.41661E+21,9.1887E+15,4.89023E+16
36035,36036,8,4,16,36,2016,8,11,7,3,1,3,0,0,0,1,0,0,0,0,4.95021E+20,5.36779E+21,8.93265E+15,4.84632E+16
36036,36037,8,3,36,91,2016,8,18,4,3,3,6,0,0,0,1,0,0,0,0,3.9466E+20,5.27356E+21,7.59845E+15,4.76068E+16
36037,36038,8,3,17,51,2016,8,9,7,2,8,7,0,0,0,0,0,1,0,0,4.42371E+20,5.34041E+21,8.22422E+15,4.82143E+16
36038,36039,8,1,36,10,2016,8,7,6,2,5,3,0,1,0,1,0,0,0,0,5.97751E+20,5.40964E+21,1.0332E+16,4.8832E+16
36039,36040,8,2,12,0,2016,8,16,3,3,5,2,0,0,1,1,0,0,0,0,4.55183E+20,5.42848E+21,8.38717E+15,4.90076E+16
36040,36041,8,1,25,6,2016,8,16,3,3,2,6,0,0,0,1,0,0,0,0,5.0549E+20,5.45089E+21,9.07538E+15,4.92108E+16
36041,36042,8,4,35,34,2016,8,18,3,3,5,3,0,0,0,1,0,1,0,0,5.29974E+20,5.2839E+21,9.39957E+15,4.77078E+16
36042,36043,8,3,11,0,2016,8,11,4,3,3,6,0,0,1,0,0,0,1,0,4.14562E+20,5.31829E+21,7.85437E+15,4.80122E+16
36043,36044,8,1,15,28,2016,8,15,5,3,3,6,0,0,0,1,0,0,1,0,4.99802E+20,5.40353E+21,8.99731E+15,4.87848E+16
36044,36045,8,2,16,49,2016,8,21,3,2,8,1,2,0,1,0,0,0,0,0,4.33286E+20,5.3998E+21,8.09246E+15,4.87477E+16
36045,36046,8,3,36,100,2016,8,17,6,2,8,1,0,0,0,0,0,1,0,0,3.98516E+20,5.27902E+21,7.64848E+15,4.76566E+16
36046,36047,8,1,21,0,2016,8,22,6,2,8,7,2,0,0,1,0,0,0,0,5.13346E+20,5.44007E+21,9.18288E+15,4.91134E+16
36047,36048,8,4,16,26,2016,8,12,5,3,2,6,0,0,0,1,0,0,0,0,5.05909E+20,5.36573E+21,9.0799E+15,4.84447E+16
36048,36049,8,3,16,9,2016,8,19,5,3,5,3,0,0,0,1,0,1,0,0,4.17994E+20,5.32395E+21,7.89929E+15,4.80636E+16
36049,36050,8,1,25,6,2016,8,18,4,3,2,6,0,0,0,1,0,1,0,0,5.04831E+20,5.45073E+21,9.06632E+15,4.92093E+16
36050,36051,8,2,36,38,2016,8,16,3,3,3,2,0,0,0,1,0,1,0,0,4.84437E+20,5.42703E+21,8.78724E+15,4.8996E+16
36051,36052,8,1,15,51,2016,8,17,3,3,2,6,0,0,0,1,0,0,0,0,5.05476E+20,5.38217E+21,9.07426E+15,4.85926E+16
36052,36053,8,1,27,25,2016,8,14,5,2,5,3,0,0,0,1,0,1,0,0,5.55411E+20,5.42802E+21,9.75762E+15,4.90026E+16
36053,36054,8,1,15,21,2016,8,20,3,3,8,1,0,0,0,1,0,0,0,0,4.89845E+20,5.38095E+21,8.86231E+15,4.85816E+16
36054,36055,8,4,35,24,2016,8,13,5,3,4,6,0,0,0,1,0,0,1,0,5.30825E+20,5.27971E+21,9.41062E+15,4.76701E+16
36055,36056,8,2,12,0,2016,8,14,4,3,5,3,0,0,1,1,0,0,0,0,4.5644E+20,5.42456E+21,8.40478E+15,4.89724E+16
36056,36057,8,2,21,0,2016,8,16,5,3,2,6,0,0,0,1,0,0,0,0,4.79785E+20,5.4737E+21,8.72129E+15,4.94157E+16
36057,36058,8,3,36,78,2016,8,20,5,3,1,5,0,0,0,1,0,0,0,0,3.93307E+20,5.29014E+21,7.57641E+15,4.77558E+16
36058,36059,8,2,26,85,2016,8,12,5,3,2,6,0,0,0,1,0,0,0,0,4.88559E+20,5.45571E+21,8.84278E+15,4.92541E+16
36059,36060,8,1,18,48,2016,8,8,4,3,1,2,0,0,0,1,0,0,1,0,5.1307E+20,5.41529E+21,9.1783E+15,4.88904E+16
36060,36061,8,3,25,50,2016,8,21,3,2,9,1,2,0,0,0,0,1,0,0,4.55073E+20,5.35219E+21,8.39395E+15,4.83213E+16
36061,36062,8,2,26,46,2016,8,19,3,3,5,2,0,0,1,1,0,0,0,0,4.75055E+20,5.45456E+21,8.65727E+15,4.92433E+16
36062,36063,8,1,18,81,2016,8,13,5,3,2,6,0,0,0,1,0,0,0,1,5.19941E+20,5.41346E+21,9.27195E+15,4.88738E+16
36063,36064,8,1,19,4,2016,8,18,6,2,5,3,0,0,0,0,0,1,0,1,5.41781E+20,5.41818E+21,9.57026E+15,4.89151E+16
36064,36065,8,3,25,14,2016,8,16,5,3,8,1,0,0,0,0,0,1,0,0,4.64201E+20,5.34178E+21,8.51796E+15,4.82282E+16
36065,36066,8,2,36,40,2016,8,14,4,3,2,6,0,0,0,1,0,0,0,0,4.91372E+20,5.42199E+21,8.88215E+15,4.89507E+16
36066,36067,8,3,15,47,2016,8,20,3,2,0,1,0,0,1,0,0,0,0,0,4.15347E+20,5.32104E+21,7.86435E+15,4.8037E+16
36067,36068,8,1,16,80,2016,8,15,4,3,4,6,0,0,0,0,0,0,1,0,5.17863E+20,5.39522E+21,9.24282E+15,4.87098E+16
36068,36069,8,3,27,18,2016,8,7,4,3,0,7,0,0,0,0,0,0,1,0,4.73521E+20,5.30143E+21,8.64595E+15,4.78657E+16
36069,36070,8,4,35,30,2016,8,16,6,2,5,3,0,0,0,1,0,1,0,0,5.44325E+20,5.27537E+21,9.59E+15,4.76302E+16
36070,36071,8,4,26,134,2016,8,17,6,3,2,6,0,0,0,1,0,0,0,0,5.58756E+20,5.3334E+21,9.78997E+15,4.81511E+16
36071,36072,8,3,17,57,2016,8,6,3,3,5,3,0,0,0,1,0,0,0,1,4.15173E+20,5.38275E+21,7.8496E+15,4.85921E+16
36072,36073,8,3,37,106,2016,8,14,4,3,4,6,0,0,0,1,0,0,1,0,4.59925E+20,5.28944E+21,8.46528E+15,4.77571E+16
36073,36074,8,2,36,28,2016,8,19,3,2,2,6,0,0,1,1,0,0,0,0,4.92104E+20,5.42716E+21,8.89206E+15,4.89973E+16
36074,36075,8,2,22,0,2016,8,7,6,3,3,6,0,0,0,1,0,0,0,0,4.62675E+20,5.48657E+21,8.48419E+15,4.95306E+16
36075,36076,8,1,16,80,2016,8,9,5,3,5,3,0,0,0,1,0,1,0,0,5.17029E+20,5.39666E+21,9.23154E+15,4.87227E+16
36076,36077,8,1,11,0,2016,8,12,6,3,2,6,0,0,0,1,0,1,0,0,5.1933E+20,5.40112E+21,9.26304E+15,4.87628E+16
36077,36078,8,2,12,0,2016,8,8,4,3,2,6,0,0,0,1,0,0,0,0,4.62973E+20,5.43302E+21,8.49328E+15,4.9049E+16
36078,36079,8,4,37,76,2016,8,17,3,3,5,3,0,0,0,1,0,0,0,0,5.25814E+20,5.32329E+21,9.34647E+15,4.80624E+16
36079,36080,8,3,26,74,2016,8,12,4,2,3,6,0,0,0,1,0,1,0,0,4.65566E+20,5.32346E+21,8.53783E+15,4.80635E+16
36080,36081,8,2,16,43,2016,8,22,5,3,5,2,2,0,0,1,0,0,0,0,4.39886E+20,5.41369E+21,8.1802E+15,4.88733E+16
36081,36082,8,1,36,40,2016,8,20,3,3,2,2,0,0,0,1,0,1,0,0,5.63438E+20,5.41125E+21,9.86475E+15,4.88509E+16
36082,36083,8,3,17,121,2016,8,11,6,3,1,6,0,0,0,1,0,0,0,0,4.22504E+20,5.34836E+21,7.95537E+15,4.82837E+16
36083,36084,8,1,28,64,2016,8,19,6,3,9,1,0,0,0,1,0,0,0,0,5.35176E+20,5.50097E+21,9.48741E+15,4.96603E+16
36084,36085,8,4,21,0,2016,8,14,5,2,5,3,0,0,0,1,0,1,0,0,5.71136E+20,5.35649E+21,9.96029E+15,4.83575E+16
36085,36086,8,3,17,153,2016,8,14,5,2,5,3,0,0,0,1,0,1,0,0,4.20936E+20,5.38946E+21,7.92646E+15,4.86532E+16
36086,36087,8,1,21,0,2016,8,17,4,2,8,1,0,0,0,0,0,1,0,0,5.131E+20,5.44844E+21,9.17978E+15,4.91886E+16
36087,36088,8,2,16,17,2016,8,15,6,2,4,1,0,0,0,1,0,1,0,0,4.57969E+20,5.39505E+21,8.42869E+15,4.8707E+16
36088,36089,8,4,36,96,2016,8,13,4,3,2,1,0,0,0,1,0,0,0,0,5.43903E+20,5.30136E+21,9.58701E+15,4.78641E+16
36089,36090,8,4,35,16,2016,8,15,5,3,5,3,0,0,1,0,0,0,0,1,5.34859E+20,5.27834E+21,9.46425E+15,4.76575E+16
36090,36091,8,1,28,115,2016,8,18,4,1,4,6,0,0,0,1,0,0,0,0,5.458E+20,5.49785E+21,9.63423E+15,4.96315E+16
36091,36092,8,1,36,88,2016,8,16,4,3,2,6,0,0,0,1,0,0,0,0,5.80424E+20,5.41098E+21,1.00962E+16,4.88465E+16
36092,36093,8,4,26,45,2016,8,15,3,3,4,2,0,0,0,1,0,0,0,0,5.3432E+20,5.32853E+21,9.46105E+15,4.81091E+16
36093,36094,8,1,36,65,2016,8,10,5,3,4,6,0,0,1,0,0,0,0,0,5.59291E+20,5.40596E+21,9.80746E+15,4.88038E+16
36094,36095,8,1,36,65,2016,8,17,3,3,5,3,0,0,0,1,0,0,0,0,5.58343E+20,5.40474E+21,9.79437E+15,4.87929E+16
36095,36096,8,2,22,0,2016,8,14,6,3,2,6,0,0,0,1,0,0,0,0,4.6674E+20,5.47698E+21,8.54118E+15,4.94446E+16
36096,36097,8,1,25,107,2016,8,17,6,3,8,1,0,0,0,0,0,0,0,1,5.32036E+20,5.43341E+21,9.43845E+15,4.90527E+16
36097,36098,8,4,16,15,2016,8,16,5,3,5,1,0,0,0,1,0,0,0,0,5.06226E+20,5.3666E+21,9.08421E+15,4.84525E+16
36098,36099,8,3,15,95,2016,8,19,5,2,9,1,0,0,0,0,0,1,0,0,4.2752E+20,5.3197E+21,8.02785E+15,4.80265E+16
36099,36100,8,1,19,93,2016,8,19,4,1,4,6,0,0,1,0,0,0,0,0,5.24606E+20,5.40619E+21,9.33513E+15,4.88082E+16
36100,36101,8,3,35,21,2016,8,5,3,3,0,7,2,0,0,0,0,1,0,0,4.95099E+20,5.30746E+21,8.9344E+15,4.79204E+16
36101,36102,8,2,26,107,2016,8,9,3,3,6,4,0,0,0,1,1,0,0,0,4.75138E+20,5.48448E+21,8.65655E+15,4.95125E+16
36102,36103,8,1,15,3,2016,8,10,3,3,5,3,0,0,0,1,0,0,0,0,4.97199E+20,5.39361E+21,8.96194E+15,4.86956E+16
36103,36104,8,2,26,106,2016,8,15,3,3,2,7,0,0,0,1,0,0,0,1,4.97721E+20,5.46328E+21,8.96864E+15,4.93223E+16
36104,36105,8,3,36,105,2016,8,17,3,3,5,3,0,0,1,1,0,0,0,0,4.01181E+20,5.26729E+21,7.68661E+15,4.75515E+16
36105,36106,8,1,11,0,2016,8,17,3,3,0,7,0,0,1,0,1,0,0,0,5.15804E+20,5.4055E+21,9.21522E+15,4.88022E+16
36106,36107,8,1,28,14,2016,8,18,5,2,5,3,0,0,0,1,0,1,0,0,5.48516E+20,5.48624E+21,9.67041E+15,4.95269E+16
36107,36108,8,1,36,21,2016,8,23,3,3,5,3,2,0,0,1,0,0,0,0,5.76566E+20,5.40821E+21,1.00431E+16,4.88221E+16
36108,36109,8,2,26,85,2016,8,14,6,3,5,3,0,0,0,1,0,0,0,0,4.89393E+20,5.45501E+21,8.85426E+15,4.92478E+16
36109,36110,8,3,36,84,2016,8,10,5,3,3,6,0,0,1,1,0,0,0,0,4.05559E+20,5.27758E+21,7.74256E+15,4.76448E+16