FID,OBJECTID,ULAND,UREGBEZ,UKREIS,UGEMEINDE,UJAHR,UMONAT,USTUNDE,UWOCHENTAG,UKATEGORIE,UART,UTYP1,ULICHTVERH,IstStrasse,IstRad,IstPKW,IstFuss,IstKrad,IstGkfz,IstSonstig,LINREFX,LINREFY,XGCSWGS84,YGCSWGS84
36110,36111,8,2,16,7,2016,8,12,5,3,2,7,0,0,0,1,0,0,0,0,4.34251E+20,5.39772E+21,8.10592E+15,4.87291E+16
36111,36112,8,1,18,21,2016,8,17,4,2,8,1,0,0,0,0,0,1,0,0,5.19886E+20,5.42888E+21,9.27195E+15,4.90125E+16
36112,36113,8,3,17,145,2016,8,11,3,3,4,6,0,0,1,1,0,0,0,0,4.42466E+20,5.34995E+21,8.22421E+15,4.83001E+16
36113,36114,8,2,25,32,2016,8,12,3,3,5,2,0,0,0,1,0,1,0,0,5.34265E+20,5.49494E+21,9.47426E+15,4.96061E+16
36114,36115,8,4,17,44,2016,8,7,4,3,3,6,0,0,1,0,0,0,1,0,4.95466E+20,5.33725E+21,8.939E+15,4.81885E+16
36115,36116,8,2,36,70,2016,8,19,3,3,5,2,0,0,1,1,0,0,0,0,4.6908E+20,5.41651E+21,8.57811E+15,4.89008E+16
36116,36117,8,1,16,42,2016,8,9,5,3,2,6,0,0,0,1,0,0,0,0,5.18627E+20,5.38242E+21,9.25262E+15,4.85945E+16
36117,36118,8,1,17,24,2016,8,10,6,3,1,6,0,0,0,1,0,0,0,0,5.60617E+20,5.38628E+21,9.82262E+15,4.86266E+16
36118,36119,8,1,25,7,2016,8,0,5,3,0,1,2,0,0,0,0,1,0,0,5.12405E+20,5.45301E+21,9.17039E+15,4.92298E+16
36119,36120,8,1,25,98,2016,8,1,5,2,8,1,2,0,0,1,0,0,0,0,5.24851E+20,5.43724E+21,9.34036E+15,4.90875E+16
36120,36121,8,4,25,72,2016,8,14,3,2,0,1,0,0,0,0,0,1,0,0,5.82661E+20,5.37328E+21,1.01191E+16,4.85072E+16
36121,36122,8,3,27,18,2016,8,18,5,3,5,3,0,0,1,1,0,0,0,0,4.71806E+20,5.30995E+21,8.62247E+15,4.79422E+16
36122,36123,8,2,35,85,2016,8,17,4,3,2,6,0,0,0,1,0,0,0,0,4.82346E+20,5.39443E+21,8.76006E+15,4.87026E+16
36123,36124,8,3,17,110,2016,8,21,3,2,5,3,2,0,1,1,0,0,0,0,4.29746E+20,5.38048E+21,8.0476E+15,4.85734E+16
36124,36125,8,3,35,80,2016,8,15,4,3,8,1,0,0,0,0,0,1,0,0,4.73649E+20,5.2963E+21,8.64798E+15,4.78195E+16
36125,36126,8,4,35,36,2016,8,13,6,3,0,2,0,0,1,1,0,0,0,0,5.20339E+20,5.28264E+21,9.27107E+15,4.76968E+16
36126,36127,8,2,21,0,2016,8,15,6,3,5,3,0,0,0,1,0,1,0,0,4.77332E+20,5.46907E+21,8.68775E+15,4.93739E+16
36127,36128,8,1,11,0,2016,8,5,5,3,5,3,0,0,0,1,0,0,0,0,5.15563E+20,5.40596E+21,9.21195E+15,4.88065E+16
36128,36129,8,4,36,12,2016,8,11,5,3,3,6,0,0,0,1,0,0,1,0,5.47771E+20,5.29964E+21,9.63853E+15,4.78483E+16
36129,36130,8,1,15,42,2016,8,20,4,2,3,6,0,0,0,1,0,0,1,0,4.94407E+20,5.40631E+21,8.92382E+15,4.88098E+16
36130,36131,8,4,36,6,2016,8,17,3,3,2,6,0,0,0,1,0,0,0,0,5.59448E+20,5.28549E+21,9.79267E+15,4.77201E+16
36131,36132,8,3,15,76,2016,8,13,4,2,3,1,0,0,0,1,0,0,1,0,3.90429E+20,5.29362E+21,7.53714E+15,4.77866E+16
36132,36133,8,2,15,106,2016,8,19,4,3,5,3,0,0,1,1,0,0,0,0,4.65221E+20,5.45139E+21,8.52246E+15,4.92143E+16
36133,36134,8,2,37,19,2016,8,8,3,3,4,2,0,0,0,1,0,0,0,0,4.6318E+20,5.36867E+21,8.50187E+15,4.84701E+16
36134,36135,8,1,11,0,2016,8,14,4,3,3,2,0,0,1,1,0,0,0,0,5.1148E+20,5.41054E+21,9.15647E+15,4.88477E+16
36135,36136,8,3,26,74,2016,8,17,4,3,5,3,0,0,0,1,0,0,0,0,4.60479E+20,5.32823E+21,8.4691E+15,4.81061E+16
36136,36137,8,3,26,10,2016,8,23,6,2,8,1,2,0,0,1,0,0,0,0,4.66494E+20,5.32616E+21,8.55006E+15,4.80878E+16
36137,36138,8,3,37,53,2016,8,15,6,3,0,7,0,0,1,0,0,0,0,0,4.53392E+20,5.26927E+21,8.38026E+15,4.75752E+16
36138,36139,8,1,36,88,2016,8,14,6,3,2,6,0,0,0,1,0,0,0,0,5.80395E+20,5.41037E+21,1.00957E+16,4.88411E+16
36139,36140,8,4,36,55,2016,8,17,4,3,2,6,0,0,0,1,0,0,0,0,5.78586E+20,5.29172E+21,1.00489E+16,4.7774E+16
36140,36141,8,4,35,42,2016,8,19,5,3,5,3,0,0,0,1,0,0,0,0,5.54849E+20,5.27827E+21,9.73044E+15,4.76555E+16
36141,36142,8,4,17,79,2016,8,19,5,2,4,6,0,0,0,1,0,0,0,0,4.9536E+20,5.34017E+21,8.93754E+15,4.82147E+16
36142,36143,8,1,27,14,2016,8,16,4,3,5,3,0,0,1,1,0,0,0,0,5.75361E+20,5.44238E+21,1.0033E+16,4.91296E+16
36143,36144,8,2,25,14,2016,8,5,3,2,5,3,2,0,1,1,0,0,0,0,5.23705E+20,5.4854E+21,9.32752E+15,4.95208E+16
36144,36145,8,4,16,36,2016,8,13,3,3,9,1,0,0,0,1,0,0,0,0,4.93487E+20,5.37245E+21,8.91183E+15,4.85051E+16
36145,36146,8,4,35,59,2016,8,11,2,2,5,3,0,0,1,1,0,0,0,0,5.13486E+20,5.29195E+21,9.18003E+15,4.77807E+16
36146,36147,8,1,36,89,2016,8,11,5,3,4,2,0,0,0,1,0,0,0,0,5.86915E+20,5.41853E+21,1.01863E+16,4.89136E+16
36147,36148,8,1,25,39,2016,8,16,3,2,4,2,0,0,0,1,0,1,0,1,5.1143E+20,5.45865E+21,9.15716E+15,4.92805E+16
36148,36149,8,2,36,62,2016,8,7,6,2,5,3,0,0,1,1,0,0,0,0,4.86919E+20,5.40593E+21,8.82185E+15,4.88062E+16
36149,36150,8,3,37,22,2016,8,10,5,3,8,1,0,0,0,0,0,1,0,0,4.52662E+20,5.2932E+21,8.36796E+15,4.77904E+16
36150,36151,8,2,12,0,2016,8,18,5,3,5,7,0,0,0,1,0,1,0,0,4.53383E+20,5.43199E+21,8.36215E+15,4.9039E+16
36151,36152,8,1,27,99,2016,8,5,3,2,4,2,1,0,0,1,0,0,0,0,5.63055E+20,5.44728E+21,9.86513E+15,4.91751E+16
36152,36153,8,3,17,65,2016,8,17,6,3,2,6,0,0,0,1,0,0,0,0,4.11961E+20,5.35853E+21,7.81116E+15,4.83738E+16
36153,36154,8,1,27,52,2016,8,5,6,3,8,1,2,0,0,0,0,0,0,1,5.40776E+20,5.4393E+21,9.55866E+15,4.91052E+16
36154,36155,8,4,25,33,2016,8,0,5,3,0,1,2,0,1,0,0,0,0,0,5.53831E+20,5.34684E+21,9.72547E+15,4.82724E+16
36155,36156,8,4,16,41,2016,8,17,5,3,1,6,0,0,0,1,0,0,0,1,5.04516E+20,5.37202E+21,9.06114E+15,4.85013E+16
36156,36157,8,3,17,110,2016,8,17,5,3,8,1,0,0,0,1,0,0,0,0,4.27897E+20,5.38104E+21,8.02244E+15,4.85783E+16
36157,36158,8,1,21,0,2016,8,14,4,3,5,3,0,0,0,1,0,0,0,0,5.15785E+20,5.44092E+21,9.21634E+15,4.91209E+16
36158,36159,8,2,22,0,2016,8,5,3,3,0,6,2,0,1,0,0,0,0,1,4.60757E+20,5.4817E+21,8.45817E+15,4.94867E+16
36159,36160,8,4,21,0,2016,8,17,2,2,0,1,0,0,1,0,0,0,0,0,5.76433E+20,5.36439E+21,1.00332E+16,4.8428E+16
36160,36161,8,1,27,52,2016,8,10,5,2,0,7,0,0,0,0,0,0,1,1,5.40808E+20,5.43979E+21,9.55916E+15,4.91096E+16
36161,36162,8,1,26,11,2016,8,15,3,2,6,4,0,0,0,1,1,0,0,0,5.31823E+20,5.44733E+21,9.43665E+15,4.91779E+16
36162,36163,8,3,35,43,2016,8,14,5,3,2,6,0,0,0,1,0,0,0,0,5.13492E+20,5.27941E+21,9.17972E+15,4.76679E+16
36163,36164,8,2,22,0,2016,8,13,4,3,3,6,0,0,0,1,0,0,0,0,4.68197E+20,5.48354E+21,8.56074E+15,4.95036E+16
36164,36165,8,2,36,4,2016,8,13,5,3,2,1,0,0,0,1,0,0,0,0,4.74023E+20,5.41304E+21,8.64576E+15,4.88698E+16
36165,36166,8,3,17,65,2016,8,11,3,3,6,7,0,0,0,1,1,0,0,0,4.16237E+20,5.35446E+21,7.8697E+15,4.83378E+16
36166,36167,8,4,15,53,2016,8,15,4,3,5,3,0,0,0,1,0,1,0,0,5.3622E+20,5.36235E+21,9.48947E+15,4.84133E+16
36167,36168,8,2,26,37,2016,8,17,5,3,2,6,0,0,0,1,0,0,0,0,4.66926E+20,5.46936E+21,8.54438E+15,4.93761E+16
36168,36169,8,1,18,48,2016,8,16,4,3,5,3,0,0,0,1,0,1,0,0,5.1423E+20,5.41593E+21,9.19415E+15,4.88961E+16
36169,36170,8,3,26,55,2016,8,17,3,3,8,1,0,0,1,0,0,0,0,0,4.40789E+20,5.33249E+21,8.20403E+15,4.81429E+16
36170,36171,8,2,22,0,2016,8,15,3,3,3,2,0,0,1,0,0,0,1,0,4.61544E+20,5.48425E+21,8.46878E+15,4.95096E+16
36171,36172,8,1,19,83,2016,8,13,5,3,2,6,0,0,0,1,0,0,0,0,5.34529E+20,5.41945E+21,9.47139E+15,4.8927E+16
36172,36173,8,3,26,54,2016,8,23,5,2,8,7,2,0,0,1,0,0,0,0,4.40917E+20,5.32711E+21,8.2065E+15,4.80946E+16
36173,36174,8,2,35,85,2016,8,13,4,3,5,3,0,0,0,1,0,0,0,0,4.80255E+20,5.39969E+21,8.73139E+15,4.87499E+16
36174,36175,8,3,17,75,2016,8,9,3,2,2,2,0,0,0,1,0,0,0,0,4.12057E+20,5.36144E+21,7.81185E+15,4.83999E+16
36175,36176,8,1,17,19,2016,8,17,4,3,1,6,0,0,0,1,0,0,0,0,5.50374E+20,5.39406E+21,9.68457E+15,4.86976E+16
36176,36177,8,3,35,63,2016,8,12,4,2,0,1,0,0,0,0,0,1,0,0,4.98265E+20,5.28894E+21,8.97685E+15,4.77538E+16
36177,36178,8,3,35,2,2016,8,17,6,3,2,6,0,0,0,1,0,0,0,0,5.02708E+20,5.28608E+21,9.03611E+15,4.77281E+16
36178,36179,8,4,35,24,2016,8,16,6,3,3,2,0,0,0,0,0,1,0,0,5.28546E+20,5.2794E+21,9.38024E+15,4.76674E+16
36179,36180,8,2,15,39,2016,8,14,6,3,2,2,0,0,0,0,0,1,0,0,4.72963E+20,5.45196E+21,8.62872E+15,4.92198E+16
36180,36181,8,1,11,0,2016,8,8,5,3,2,6,0,0,0,1,0,0,0,0,5.14528E+20,5.40216E+21,9.19773E+15,4.87723E+16
36181,36182,8,4,36,10,2016,8,12,5,3,0,1,0,0,0,0,0,1,0,0,5.62727E+20,5.30048E+21,9.83854E+15,4.78546E+16
36182,36183,8,2,25,1,2016,8,10,6,3,3,2,0,0,0,1,0,1,0,0,5.28454E+20,5.47213E+21,9.39218E+15,4.94012E+16
36183,36184,8,1,16,8,2016,8,16,5,3,5,3,0,0,1,1,0,0,0,0,5.20291E+20,5.37989E+21,9.27507E+15,4.85718E+16
36184,36185,8,1,16,20,2016,8,9,6,3,4,2,0,0,0,1,0,0,0,0,5.26533E+20,5.38236E+21,9.35984E+15,4.85937E+16
36185,36186,8,2,12,0,2016,8,16,4,3,3,2,0,0,1,1,0,0,0,0,4.58108E+20,5.42763E+21,8.42726E+15,4.90001E+16
36186,36187,8,2,35,55,2016,8,10,3,3,0,7,0,0,1,0,0,0,0,0,4.75603E+20,5.39717E+21,8.66825E+15,4.87271E+16
36187,36188,8,4,37,104,2016,8,16,3,3,2,2,0,0,0,1,0,0,0,0,5.15395E+20,5.32492E+21,9.20668E+15,4.80773E+16
36188,36189,8,3,26,27,2016,8,13,4,2,4,2,0,0,0,1,0,1,0,0,4.62906E+20,5.30753E+21,8.5035E+15,4.792E+16
36189,36190,8,2,21,0,2016,8,8,5,2,5,2,0,0,1,1,0,0,0,0,4.81407E+20,5.47385E+21,8.74365E+15,4.94171E+16
36190,36191,8,1,18,48,2016,8,14,3,3,2,6,0,0,0,1,0,0,0,0,5.11065E+20,5.41472E+21,9.15093E+15,4.88853E+16
36191,36192,8,3,25,60,2016,8,19,6,2,4,2,0,0,0,1,0,1,0,0,4.67174E+20,5.33791E+21,8.55829E+15,4.81936E+16
36192,36193,8,1,35,20,2016,8,14,6,3,1,6,0,0,0,1,0,0,0,0,5.85914E+20,5.38702E+21,1.0166E+16,4.86303E+16
36193,36194,8,4,17,2,2016,8,21,4,3,0,2,2,0,1,1,0,0,0,0,4.90416E+20,5.34382E+21,8.8709E+15,4.82475E+16
36194,36195,8,4,26,1,2016,8,14,5,3,5,6,0,0,0,1,0,0,0,1,5.67071E+20,5.34631E+21,9.90379E+15,4.82665E+16
36195,36196,8,3,17,65,2016,8,18,5,2,0,7,0,0,1,0,0,0,0,0,4.15817E+20,5.35383E+21,7.86416E+15,4.83321E+16
36196,36197,8,1,26,86,2016,8,16,4,3,9,1,0,0,0,1,0,0,0,0,5.43332E+20,5.46254E+21,9.59619E+15,4.9314E+16
36197,36198,8,2,22,0,2016,8,8,3,3,3,6,0,0,0,1,0,0,1,0,4.60689E+20,5.48114E+21,8.45729E+15,4.94816E+16
36198,36199,8,1,28,115,2016,8,10,4,2,5,3,0,0,1,1,0,0,0,0,5.47359E+20,5.49819E+21,9.65587E+15,4.96344E+16
36199,36200,8,1,36,88,2016,8,13,4,3,6,4,0,0,0,1,1,0,0,0,5.80046E+20,5.40986E+21,1.00908E+16,4.88365E+16
36200,36201,8,4,26,62,2016,8,17,3,3,1,6,0,0,0,1,0,0,0,1,5.52789E+20,5.31933E+21,9.70801E+15,4.80251E+16
36201,36202,8,2,36,46,2016,8,9,4,3,2,6,0,0,0,1,0,0,0,0,4.83695E+20,5.41678E+21,8.7775E+15,4.89038E+16
36202,36203,8,1,36,65,2016,8,4,5,3,9,1,2,0,0,1,0,0,0,0,5.6228E+20,5.40793E+21,9.84846E+15,4.88212E+16
36203,36204,8,1,18,40,2016,8,10,3,3,2,6,0,0,0,1,0,0,0,0,5.10562E+20,5.43231E+21,9.14453E+15,4.90436E+16
36204,36205,8,2,36,67,2016,8,13,6,3,9,6,0,0,0,1,0,0,0,0,4.8588E+20,5.41048E+21,8.80754E+15,4.88471E+16
36205,36206,8,1,25,13,2016,8,16,6,2,8,1,0,0,0,0,0,1,0,0,5.00864E+20,5.43685E+21,9.01183E+15,4.90845E+16
36206,36207,8,4,15,61,2016,8,11,5,3,8,1,0,0,0,0,0,1,0,0,5.14435E+20,5.37265E+21,9.19543E+15,4.85068E+16
36207,36208,8,3,11,0,2016,8,18,5,3,2,6,0,0,0,1,0,0,0,0,4.09142E+20,5.31948E+21,7.78145E+15,4.80222E+16
36208,36209,8,1,19,67,2016,8,19,4,3,2,2,0,0,0,1,0,0,0,0,5.38577E+20,5.40759E+21,9.52553E+15,4.88201E+16
36209,36210,8,2,22,0,2016,8,18,3,2,5,3,0,0,1,1,0,0,0,0,4.63016E+20,5.48637E+21,8.48892E+15,4.95289E+16
36210,36211,8,4,21,0,2016,8,22,2,2,2,2,2,0,0,1,0,1,0,0,5.6964E+20,5.35748E+21,9.94025E+15,4.83667E+16
36211,36212,8,1,25,86,2016,8,19,5,2,9,1,0,0,0,0,0,1,0,0,5.01337E+20,5.44034E+21,9.01832E+15,4.91159E+16
36212,36213,8,1,18,79,2016,8,16,3,3,5,3,0,0,0,1,0,0,0,0,5.10225E+20,5.42174E+21,9.13965E+15,4.89485E+16
36213,36214,8,3,36,107,2016,8,7,3,3,8,1,0,0,0,0,0,1,0,0,4.10098E+20,5.28548E+21,7.80135E+15,4.77164E+16
36214,36215,8,4,17,31,2016,8,15,2,3,0,3,0,0,0,1,0,1,0,0,4.98293E+20,5.35537E+21,8.97695E+15,4.83515E+16
36215,36216,8,1,28,82,2016,8,9,5,3,3,2,0,0,0,1,0,0,1,0,5.62109E+20,5.47044E+21,9.85575E+15,4.93835E+16
36216,36217,8,1,16,33,2016,8,6,3,3,3,3,0,0,1,1,0,0,0,0,5.32176E+20,5.38896E+21,9.43689E+15,4.86529E+16
36217,36218,8,2,26,41,2016,8,1,6,3,2,6,2,0,1,1,0,0,0,0,4.77828E+20,5.46492E+21,8.69481E+15,4.93366E+16
36218,36219,8,3,36,106,2016,8,20,5,2,8,1,2,0,0,0,0,1,0,0,4.21402E+20,5.28828E+21,7.95153E+15,4.77431E+16
36219,36220,8,2,31,0,2016,8,9,5,3,2,6,0,0,0,1,0,0,0,0,4.82477E+20,5.41834E+21,8.76082E+15,4.89178E+16
36220,36221,8,1,15,21,2016,8,9,4,2,4,2,0,0,0,0,0,1,1,0,4.90797E+20,5.37961E+21,8.87525E+15,4.85695E+16
36221,36222,8,3,17,41,2016,8,17,3,3,2,6,0,0,0,1,0,1,0,0,4.35515E+20,5.3479E+21,8.1308E+15,4.8281E+16
36222,36223,8,2,21,0,2016,8,12,3,3,2,1,0,0,0,1,0,0,0,0,4.79556E+20,5.47358E+21,8.71814E+15,4.94145E+16
36223,36224,8,4,25,33,2016,8,15,5,2,4,6,0,0,0,1,0,1,0,0,5.4365E+20,5.34795E+21,9.58838E+15,4.82833E+16
36224,36225,8,1,18,40,2016,8,10,6,2,6,4,0,0,0,1,0,0,0,1,5.10879E+20,5.43125E+21,9.14883E+15,4.90341E+16
36225,36226,8,2,16,43,2016,8,15,4,3,5,3,0,0,0,1,0,0,0,1,4.42358E+20,5.41223E+21,8.21411E+15,4.88604E+16
36226,36227,8,2,15,90,2016,8,16,3,3,2,6,0,0,0,1,0,0,1,0,4.63309E+20,5.43373E+21,8.49781E+15,4.90553E+16
36227,36228,8,3,35,96,2016,8,21,5,2,8,7,2,0,0,0,0,1,0,0,5.06373E+20,5.3054E+21,9.08527E+15,4.79019E+16
36228,36229,8,2,15,9,2016,8,3,4,3,0,4,2,0,0,1,1,0,0,0,4.70694E+20,5.44164E+21,8.5983E+15,4.91269E+16
36229,36230,8,3,17,57,2016,8,12,3,3,6,4,0,0,0,0,1,1,0,0,4.11997E+20,5.38097E+21,7.80691E+15,4.85757E+16
36230,36231,8,2,26,76,2016,8,15,3,2,4,6,0,0,0,1,0,0,0,0,4.75679E+20,5.46584E+21,8.66517E+15,4.93448E+16
36231,36232,8,3,37,128,2016,8,20,4,2,8,1,1,0,0,0,0,1,0,0,4.46038E+20,5.28271E+21,8.28082E+15,4.76955E+16
36232,36233,8,4,36,10,2016,8,18,6,3,2,2,0,0,0,1,0,0,0,0,5.7008E+20,5.3075E+21,9.93796E+15,4.7917E+16
36233,36234,8,2,26,32,2016,8,6,6,1,4,6,1,0,0,1,0,0,1,0,4.66441E+20,5.46576E+21,8.538E+15,4.93436E+16
36234,36235,8,1,11,0,2016,8,12,5,3,5,3,0,0,1,1,0,0,0,0,5.15619E+20,5.39912E+21,9.21245E+15,4.87449E+16
36235,36236,8,1,11,0,2016,8,20,6,3,2,6,0,0,0,1,0,0,0,0,5.13368E+20,5.40267E+21,9.18196E+15,4.87769E+16
36236,36237,8,1,26,58,2016,8,4,4,3,3,6,2,0,0,1,0,0,1,0,5.44949E+20,5.45123E+21,9.61717E+15,4.92122E+16
36237,36238,8,4,36,81,2016,8,12,3,3,2,6,0,0,0,1,0,1,0,0,5.59816E+20,5.27961E+21,9.79676E+15,4.76672E+16
36238,36239,8,3,17,96,2016,8,19,4,3,4,6,0,0,0,1,0,0,0,0,4.20901E+20,5.3724E+21,7.92924E+15,4.84997E+16
36239,36240,8,2,15,107,2016,8,22,5,3,4,2,2,0,0,1,0,1,0,0,4.62128E+20,5.45558E+21,8.47958E+15,4.92518E+16
36240,36241,8,1,16,46,2016,8,11,3,2,0,1,0,0,1,0,0,0,0,0,5.26885E+20,5.37819E+21,9.36435E+15,4.85562E+16
36241,36242,8,3,17,57,2016,8,9,6,2,4,2,0,0,0,1,0,1,0,0,4.13385E+20,5.38059E+21,7.82581E+15,4.85724E+16
36242,36243,8,1,16,19,2016,8,16,4,3,4,6,0,0,1,0,0,0,0,0,5.23421E+20,5.39696E+21,9.31846E+15,4.87252E+16
36243,36244,8,3,26,74,2016,8,12,4,3,5,2,0,0,0,1,0,0,0,0,4.60195E+20,5.32412E+21,8.46567E+15,4.80691E+16
36244,36245,8,3,26,52,2016,8,6,6,3,2,6,0,0,0,1,0,0,0,0,4.54425E+20,5.33029E+21,8.38757E+15,4.81242E+16
36245,36246,8,4,16,6,2016,8,18,6,2,8,1,0,0,0,1,0,0,0,0,4.96253E+20,5.36167E+21,8.94937E+15,4.84082E+16
36246,36247,8,1,36,87,2016,8,16,6,3,5,3,0,0,0,1,0,1,0,0,6.055E+20,5.40969E+21,1.04376E+16,4.88312E+16
36247,36248,8,4,36,78,2016,8,12,4,3,2,2,0,0,0,1,0,0,1,0,5.57747E+20,5.29173E+21,9.77081E+15,4.77764E+16
36248,36249,8,4,35,16,2016,8,18,5,3,4,2,0,0,0,1,0,0,0,0,5.36281E+20,5.27781E+21,9.48314E+15,4.76527E+16
36249,36250,8,3,25,53,2016,8,21,5,2,5,3,2,0,0,1,0,0,0,0,4.54434E+20,5.34187E+21,8.38644E+15,4.82284E+16
36250,36251,8,1,28,64,2016,8,6,4,2,8,7,0,0,0,1,0,0,0,0,5.33899E+20,5.50344E+21,9.46991E+15,4.96825E+16
36251,36252,8,1,36,27,2016,8,0,4,2,9,1,2,0,0,1,0,0,0,0,5.54758E+20,5.41962E+21,9.74757E+15,4.89271E+16
36252,36253,8,4,16,11,2016,8,10,3,2,3,6,0,0,0,1,0,1,0,0,5.04801E+20,5.36967E+21,9.06497E+15,4.84802E+16
36253,36254,8,1,36,65,2016,8,16,5,3,4,2,0,0,0,1,0,1,0,0,5.62654E+20,5.40463E+21,9.85305E+15,4.87915E+16
36254,36255,8,1,15,50,2016,8,19,3,3,0,7,1,0,0,1,0,0,0,1,4.91393E+20,5.39721E+21,8.88296E+15,4.87279E+16
36255,36256,8,2,31,0,2016,8,20,6,2,6,4,2,0,0,1,1,0,0,0,4.78524E+20,5.41599E+21,8.70699E+15,4.88965E+16
36256,36257,8,1,19,68,2016,8,14,6,3,5,3,0,0,0,1,0,0,0,0,5.26637E+20,5.41182E+21,9.36315E+15,4.88588E+16
36257,36258,8,4,15,27,2016,8,17,5,2,4,6,0,0,0,1,0,0,0,0,5.31665E+20,5.35825E+21,9.42761E+15,4.83767E+16
36258,36259,8,3,11,0,2016,8,18,5,1,2,6,0,0,0,0,0,0,1,1,4.0897E+20,5.31934E+21,7.77919E+15,4.80209E+16
36259,36260,8,1,18,54,2016,8,14,4,3,1,1,0,0,0,1,0,1,0,0,5.17497E+20,5.42272E+21,9.23901E+15,4.89571E+16
36260,36261,8,3,35,100,2016,8,21,3,3,0,7,0,0,1,0,0,0,0,0,4.87661E+20,5.28677E+21,8.83543E+15,4.77342E+16
36261,36262,8,2,16,22,2016,8,8,3,3,5,3,0,0,0,1,0,0,0,0,4.35477E+20,5.40434E+21,8.12155E+15,4.87887E+16
36262,36263,8,1,28,139,2016,8,17,6,3,3,6,0,0,0,1,0,0,0,0,5.43714E+20,5.48859E+21,9.60432E+15,4.95483E+16
36263,36264,8,4,21,0,2016,8,23,5,3,3,6,2,0,0,1,0,0,0,1,5.72832E+20,5.35736E+21,9.98332E+15,4.83652E+16
36264,36265,8,4,17,2,2016,8,19,5,3,5,3,0,0,0,1,0,0,0,0,4.89761E+20,5.34792E+21,8.86198E+15,4.82844E+16
36265,36266,8,3,17,57,2016,8,11,5,3,3,6,0,0,0,1,0,1,0,0,4.14114E+20,5.37806E+21,7.83621E+15,4.85498E+16
36266,36267,8,1,21,0,2016,8,11,4,3,6,6,0,0,0,0,1,0,1,0,5.16282E+20,5.44458E+21,9.2233E+15,4.91538E+16
36267,36268,8,2,15,9,2016,8,14,3,3,3,6,0,0,0,1,0,1,0,0,4.65647E+20,5.43936E+21,8.52933E+15,4.91061E+16
36268,36269,8,4,16,25,2016,8,13,2,3,2,6,0,0,0,1,0,0,0,0,5.0295E+20,5.36177E+21,9.03986E+15,4.8409E+16
36269,36270,8,1,27,25,2016,8,17,5,3,5,3,0,0,1,1,0,0,0,0,5.57015E+20,5.42737E+21,9.77946E+15,4.89966E+16
36270,36271,8,1,15,28,2016,8,7,3,3,8,1,0,0,0,1,0,0,0,0,4.98855E+20,5.40103E+21,8.98442E+15,4.87623E+16
36271,36272,8,2,26,13,2016,8,17,6,3,2,6,0,0,0,1,0,0,0,0,4.97368E+20,5.47935E+21,8.96367E+15,4.94668E+16
36272,36273,8,3,35,15,2016,8,18,5,3,0,7,0,1,1,0,0,0,0,1,4.77416E+20,5.28259E+21,8.69901E+15,4.76963E+16
36273,36274,8,2,35,8,2016,8,10,5,3,2,2,0,0,0,1,0,0,0,0,4.80435E+20,5.40209E+21,8.73372E+15,4.87715E+16
36274,36275,8,3,17,114,2016,8,9,3,3,2,6,0,0,0,1,0,0,0,0,4.0536E+20,5.34584E+21,7.72488E+15,4.82587E+16
36275,36276,8,2,12,0,2016,8,20,3,3,2,2,1,0,0,1,0,0,0,0,4.59892E+20,5.4315E+21,8.45126E+15,4.90351E+16
36276,36277,8,4,16,25,2016,8,17,4,3,2,6,0,0,0,1,0,0,0,0,5.02777E+20,5.36045E+21,9.03751E+15,4.83972E+16
36277,36278,8,1,16,41,2016,8,19,5,3,5,3,0,0,1,1,0,0,0,0,5.19719E+20,5.38408E+21,9.26751E+15,4.86095E+16
36278,36279,8,1,25,7,2016,8,16,5,3,6,4,0,0,0,1,1,0,0,0,5.13041E+20,5.4532E+21,9.17913E+15,4.92314E+16
36279,36280,8,1,25,65,2016,8,22,5,3,5,3,2,0,0,1,0,0,0,0,5.21643E+20,5.4513E+21,9.29718E+15,4.92141E+16
36280,36281,8,1,15,28,2016,8,15,3,3,1,2,0,0,0,1,0,0,0,0,5.01397E+20,5.40355E+21,9.01902E+15,4.87849E+16
36281,36282,8,3,27,18,2016,8,21,5,3,5,3,2,0,0,1,0,1,0,0,4.75589E+20,5.30693E+21,8.67329E+15,4.79153E+16
36282,36283,8,2,31,0,2016,8,19,4,3,1,6,0,0,0,1,0,0,0,0,4.7937E+20,5.41809E+21,8.71842E+15,4.89154E+16
36283,36284,8,3,17,121,2016,8,15,3,2,5,2,0,0,0,1,0,1,0,0,4.22526E+20,5.34754E+21,7.95581E+15,4.82763E+16
36284,36285,8,1,17,24,2016,8,20,4,3,5,3,2,0,1,1,0,0,0,0,5.62065E+20,5.38467E+21,9.84203E+15,4.8612E+16
36285,36286,8,3,35,99,2016,8,11,4,3,5,3,0,0,0,1,0,0,0,0,4.94726E+20,5.29965E+21,8.92951E+15,4.78502E+16
36286,36287,8,4,35,57,2016,8,10,6,3,0,7,0,0,0,0,0,1,0,0,5.43129E+20,5.2813E+21,9.57467E+15,4.76836E+16
36287,36288,8,2,22,0,2016,8,15,6,3,2,6,0,0,0,1,0,0,0,0,4.60135E+20,5.48913E+21,8.44884E+15,4.95535E+16
36288,36289,8,1,11,0,2016,8,11,5,3,3,6,0,0,0,1,0,0,1,0,5.1385E+20,5.40344E+21,9.18854E+15,4.87838E+16
36289,36290,8,4,36,64,2016,8,12,5,3,2,2,0,0,0,1,0,0,0,0,5.38009E+20,5.28837E+21,9.50707E+15,4.77476E+16