FID,OBJECTID,ULAND,UREGBEZ,UKREIS,UGEMEINDE,UJAHR,UMONAT,USTUNDE,UWOCHENTAG,UKATEGORIE,UART,UTYP1,ULICHTVERH,IstStrasse,IstRad,IstPKW,IstFuss,IstKrad,IstGkfz,IstSonstig,LINREFX,LINREFY,XGCSWGS84,YGCSWGS84
36290,36291,8,1,35,20,2016,8,11,4,3,2,6,0,0,0,1,0,0,0,0,5.84532E+20,5.37994E+21,1.01458E+16,4.85669E+16
36291,36292,8,1,36,65,2016,8,12,4,3,3,5,0,0,1,1,0,0,0,0,5.59021E+20,5.40473E+21,9.8036E+15,4.87928E+16
36292,36293,8,1,17,35,2016,8,9,6,3,2,6,0,0,0,1,0,0,0,0,5.49429E+20,5.3811E+21,9.67019E+15,4.8581E+16
36293,36294,8,2,15,7,2016,8,17,4,3,2,6,0,0,0,1,0,1,0,0,4.76017E+20,5.43177E+21,8.67185E+15,4.90384E+16
36294,36295,8,2,37,28,2016,8,15,3,3,1,6,0,0,0,1,0,0,0,0,4.56618E+20,5.36808E+21,8.41315E+15,4.84644E+16
36295,36296,8,1,11,0,2016,8,14,4,3,5,2,0,0,0,1,0,1,0,0,5.19336E+20,5.40113E+21,9.26311E+15,4.87629E+16
36296,36297,8,3,25,69,2016,8,16,4,3,1,6,0,0,0,1,0,1,0,1,4.66103E+20,5.33447E+21,8.54415E+15,4.81626E+16
36297,36298,8,3,25,71,2016,8,16,6,2,3,2,0,0,0,0,0,1,0,1,4.62833E+20,5.33929E+21,8.49977E+15,4.82057E+16
36298,36299,8,3,36,79,2016,8,18,6,3,2,6,0,0,0,1,0,0,0,0,4.17243E+20,5.29327E+21,7.89512E+15,4.77875E+16
36299,36300,8,1,36,60,2016,8,21,6,2,4,6,2,0,0,1,0,1,0,0,5.77259E+20,5.42786E+21,1.00563E+16,4.89988E+16
36300,36301,8,4,26,70,2016,8,3,4,3,4,6,2,0,1,0,0,0,0,0,5.65284E+20,5.34117E+21,9.87893E+15,4.82204E+16
36301,36302,8,4,37,88,2016,8,17,5,1,5,2,0,0,0,1,0,1,0,0,5.20427E+20,5.31077E+21,9.27357E+15,4.79499E+16
36302,36303,8,2,37,73,2016,8,16,5,2,8,1,0,0,0,0,0,1,0,0,4.63746E+20,5.38029E+21,8.50851E+15,4.85747E+16
36303,36304,8,1,27,14,2016,8,12,4,1,4,6,0,0,0,1,0,0,0,0,5.73772E+20,5.44347E+21,1.00114E+16,4.91397E+16
36304,36305,8,2,15,17,2016,8,17,3,3,2,6,0,0,0,1,0,1,0,0,4.565E+20,5.42318E+21,8.40575E+15,4.896E+16
36305,36306,8,3,36,106,2016,8,16,3,3,4,1,0,0,0,1,0,1,0,0,4.21593E+20,5.2882E+21,7.95409E+15,4.77424E+16
36306,36307,8,4,16,36,2016,8,11,2,3,6,4,0,0,0,1,1,0,0,0,4.90283E+20,5.37494E+21,8.86839E+15,4.85275E+16
36307,36308,8,1,17,10,2016,8,6,5,3,4,6,0,0,0,1,0,1,0,0,5.66056E+20,5.39143E+21,9.89725E+15,4.86724E+16
36308,36309,8,2,26,65,2016,8,7,6,2,2,2,0,0,0,1,0,0,0,0,4.76626E+20,5.45654E+21,8.67875E+15,4.92612E+16
36309,36310,8,3,17,96,2016,8,16,4,3,5,3,0,0,0,1,0,1,0,0,4.22354E+20,5.36998E+21,7.94935E+15,4.84781E+16
36310,36311,8,4,25,84,2016,8,15,1,3,2,6,0,1,0,1,0,0,0,0,5.59015E+20,5.37445E+21,9.79921E+15,4.85204E+16
36311,36312,8,4,21,0,2016,8,13,2,2,5,2,0,0,1,1,0,0,0,0,5.70814E+20,5.36136E+21,9.95675E+15,4.84014E+16
36312,36313,8,4,17,13,2016,8,19,7,2,9,1,0,0,0,0,0,1,0,0,5.04836E+20,5.34864E+21,9.06519E+15,4.8291E+16
36313,36314,8,1,16,58,2016,8,15,4,2,4,2,0,0,1,1,0,0,0,0,5.3404E+20,5.39524E+21,9.4627E+15,4.87093E+16
36314,36315,8,2,16,29,2016,8,23,7,3,7,7,2,0,0,0,0,1,0,1,4.54967E+20,5.40251E+21,8.38708E+15,4.8774E+16
36315,36316,8,2,36,46,2016,8,10,2,3,2,6,0,0,0,1,0,0,0,0,4.83098E+20,5.41755E+21,8.76933E+15,4.89106E+16
36316,36317,8,4,15,61,2016,8,8,3,3,3,2,0,0,1,0,0,0,0,1,5.15208E+20,5.37102E+21,9.20583E+15,4.84921E+16
36317,36318,8,4,26,71,2016,8,13,1,3,2,6,0,0,0,1,0,0,0,0,5.61948E+20,5.3332E+21,9.83286E+15,4.81491E+16
36318,36319,8,2,35,7,2016,8,19,1,3,5,3,0,0,1,1,0,0,0,0,4.85008E+20,5.39652E+21,8.79617E+15,4.87215E+16
36319,36320,8,3,17,100,2016,8,9,7,3,5,3,0,0,0,1,0,0,0,0,4.22887E+20,5.36609E+21,7.95728E+15,4.84432E+16
36320,36321,8,2,26,6,2016,8,8,4,3,5,3,0,0,1,1,0,0,0,0,4.83893E+20,5.46721E+21,8.7782E+15,4.93574E+16
36321,36322,8,1,19,67,2016,8,19,7,3,8,1,1,0,0,0,0,1,0,0,5.4142E+20,5.40456E+21,9.56395E+15,4.87926E+16
36322,36323,8,3,35,21,2016,8,10,7,3,5,2,0,0,0,1,0,0,0,1,4.93864E+20,5.29981E+21,8.91798E+15,4.78516E+16
36323,36324,8,4,26,97,2016,8,15,3,2,4,6,0,0,0,1,0,0,0,1,5.32838E+20,5.33513E+21,9.44165E+15,4.81686E+16
36324,36325,8,3,27,25,2016,8,16,3,3,1,6,0,0,0,1,0,0,0,0,4.79885E+20,5.30937E+21,8.73067E+15,4.79373E+16
36325,36326,8,3,17,65,2016,8,11,3,3,5,3,0,0,0,1,0,0,0,0,4.14261E+20,5.35541E+21,7.84285E+15,4.8346E+16
36326,36327,8,3,26,3,2016,8,20,1,3,8,1,1,0,0,1,0,0,0,0,4.66109E+20,5.32136E+21,8.54527E+15,4.80446E+16
36327,36328,8,3,35,75,2016,8,23,3,3,0,4,2,0,1,1,1,0,0,0,4.8818E+20,5.28868E+21,8.8423E+15,4.77514E+16
36328,36329,8,3,35,22,2016,8,18,1,3,1,7,0,0,0,1,1,0,0,0,4.82565E+20,5.30426E+21,8.76676E+15,4.78914E+16
36329,36330,8,4,25,84,2016,8,12,1,3,5,3,0,0,0,1,0,1,0,0,5.5978E+20,5.37546E+21,9.80971E+15,4.85294E+16
36330,36331,8,2,12,0,2016,8,17,3,3,2,2,0,0,0,1,0,0,1,0,4.52072E+20,5.42778E+21,8.34471E+15,4.90011E+16
36331,36332,8,3,17,47,2016,8,15,7,3,5,2,0,0,0,1,0,0,0,0,4.19791E+20,5.36466E+21,7.9157E+15,4.843E+16
36332,36333,8,2,12,0,2016,8,18,4,3,2,6,0,0,0,1,0,1,0,0,4.52463E+20,5.42825E+21,8.35E+15,4.90054E+16
36333,36334,8,2,36,38,2016,8,14,2,2,4,2,0,0,0,1,0,1,0,0,4.89674E+20,5.42836E+21,8.8588E+15,4.9008E+16
36334,36335,8,1,25,65,2016,8,14,2,3,3,2,0,0,1,1,0,0,0,0,5.16435E+20,5.44741E+21,9.22551E+15,4.91793E+16
36335,36336,8,3,26,5,2016,8,10,3,3,5,3,0,0,0,1,0,0,0,0,4.68621E+20,5.29595E+21,8.58083E+15,4.78161E+16
36336,36337,8,3,15,108,2016,8,17,3,3,2,6,0,0,0,1,0,0,0,0,4.04824E+20,5.30423E+21,7.72694E+15,4.78843E+16
36337,36338,8,1,27,86,2016,8,12,3,3,8,1,0,0,0,1,0,0,0,0,5.55785E+20,5.44565E+21,9.76516E+15,4.91611E+16
36338,36339,8,1,26,60,2016,8,21,1,3,2,6,2,0,0,1,0,0,0,1,5.44922E+20,5.46113E+21,9.61791E+15,4.93013E+16
36339,36340,8,1,15,41,2016,8,12,3,3,2,2,0,0,0,1,0,1,0,0,4.9472E+20,5.40378E+21,8.92811E+15,4.8787E+16
36340,36341,8,2,16,9,2016,8,18,7,3,0,3,0,0,0,1,0,1,0,0,4.45665E+20,5.4211E+21,8.25802E+15,4.89405E+16
36341,36342,8,1,27,76,2016,8,11,4,3,3,1,0,0,0,1,0,0,0,0,5.54453E+20,5.44022E+21,9.74616E+15,4.91124E+16
36342,36343,8,1,36,19,2016,8,19,3,1,9,1,0,0,0,0,0,1,0,0,5.94193E+20,5.42333E+21,1.02867E+16,4.89557E+16
36343,36344,8,1,18,81,2016,8,18,3,2,5,3,0,0,0,1,0,1,0,0,5.16416E+20,5.41387E+21,9.2239E+15,4.88776E+16
36344,36345,8,1,28,82,2016,8,7,4,3,7,1,0,0,0,1,0,0,1,0,5.6742E+20,5.47205E+21,9.92919E+15,4.93974E+16
36345,36346,8,3,17,145,2016,8,3,7,3,8,7,2,0,1,0,0,0,0,0,4.4224E+20,5.35006E+21,8.22114E+15,4.83011E+16
36346,36347,8,4,15,61,2016,8,14,2,3,8,1,0,0,0,1,0,0,0,0,5.16762E+20,5.37725E+21,9.22712E+15,4.85481E+16
36347,36348,8,2,22,0,2016,8,13,2,3,5,3,0,0,0,1,0,0,0,1,4.59835E+20,5.48986E+21,8.44462E+15,4.956E+16
36348,36349,8,1,19,4,2016,8,15,2,3,2,6,0,0,0,1,0,1,0,0,5.39119E+20,5.41735E+21,9.53385E+15,4.89078E+16
36349,36350,8,2,12,0,2016,8,7,3,2,4,6,0,0,0,1,0,0,0,0,4.62688E+20,5.42104E+21,8.49047E+15,4.89412E+16
36350,36351,8,3,26,74,2016,8,10,4,3,5,3,0,0,0,1,0,0,0,0,4.58745E+20,5.32341E+21,8.44628E+15,4.80627E+16
36351,36352,8,1,21,0,2016,8,13,1,3,0,7,0,0,1,1,0,0,0,0,5.1599E+20,5.44374E+21,9.21926E+15,4.91463E+16
36352,36353,8,4,35,52,2016,8,6,2,2,0,7,0,0,1,0,0,0,0,0,5.22466E+20,5.29294E+21,9.29996E+15,4.77894E+16
36353,36354,8,4,26,71,2016,8,11,7,3,2,6,0,0,0,1,0,0,0,0,5.61948E+20,5.33321E+21,9.83285E+15,4.81491E+16
36354,36355,8,1,18,68,2016,8,8,4,3,2,1,0,0,0,1,0,0,0,0,4.99566E+20,5.42266E+21,8.99407E+15,4.89569E+16
36355,36356,8,3,17,1,2016,8,12,7,3,3,6,0,0,0,1,0,0,0,0,4.28522E+20,5.38849E+21,8.02962E+15,4.86454E+16
36356,36357,8,3,36,14,2016,8,14,2,3,8,1,0,0,0,0,0,1,0,0,3.94844E+20,5.28063E+21,7.5992E+15,4.76705E+16
36357,36358,8,1,15,3,2016,8,12,2,3,2,6,0,0,0,1,0,0,0,0,4.97695E+20,5.39281E+21,8.96868E+15,4.86883E+16
36358,36359,8,4,37,88,2016,8,17,1,2,5,3,0,0,0,1,0,1,0,0,5.20995E+20,5.30885E+21,9.28108E+15,4.79327E+16
36359,36360,8,2,37,28,2016,8,13,1,3,7,1,0,0,0,0,0,1,0,0,4.57801E+20,5.37194E+21,8.42877E+15,4.84992E+16
36360,36361,8,3,35,75,2016,8,16,2,3,5,2,0,0,0,1,0,0,0,0,4.87741E+20,5.28933E+21,8.83642E+15,4.77572E+16
36361,36362,8,1,15,28,2016,8,6,2,3,3,6,0,0,0,1,0,0,1,0,5.02105E+20,5.40204E+21,9.02865E+15,4.87714E+16
36362,36363,8,1,18,79,2016,8,10,2,3,1,6,0,0,0,1,0,0,0,0,5.10208E+20,5.42097E+21,9.13939E+15,4.89416E+16
36363,36364,8,2,11,0,2016,8,18,1,3,8,1,0,0,1,0,0,0,0,0,4.42356E+20,5.40318E+21,8.21536E+15,4.8779E+16
36364,36365,8,2,22,0,2016,8,5,3,2,5,3,2,0,0,1,0,0,0,0,4.62855E+20,5.48275E+21,8.48704E+15,4.94963E+16
36365,36366,8,3,17,73,2016,8,15,4,2,8,7,0,0,0,1,0,0,0,0,4.10313E+20,5.35554E+21,7.78954E+15,4.83466E+16
36366,36367,8,1,16,19,2016,8,0,1,3,6,4,2,0,0,1,1,0,0,0,5.24367E+20,5.39747E+21,9.33136E+15,4.87298E+16
36367,36368,8,4,16,22,2016,8,17,7,3,5,3,0,0,0,1,0,0,0,0,5.10235E+20,5.3754E+21,9.13863E+15,4.85316E+16
36368,36369,8,4,15,60,2016,8,21,4,2,2,6,2,0,0,1,0,1,0,0,5.13125E+20,5.3776E+21,9.17785E+15,4.85514E+16
36369,36370,8,1,25,27,2016,8,11,7,3,2,6,0,0,0,1,0,0,0,0,5.17526E+20,5.44704E+21,9.24046E+15,4.91759E+16
36370,36371,8,2,12,0,2016,8,8,2,2,5,2,0,0,1,1,0,0,0,0,4.61445E+20,5.42465E+21,8.47316E+15,4.89736E+16
36371,36372,8,3,36,19,2016,8,16,3,3,5,3,0,0,1,1,0,0,0,0,3.94655E+20,5.27585E+21,7.59784E+15,4.76275E+16
36372,36373,8,4,15,58,2016,8,15,1,3,8,1,0,1,0,0,0,1,0,0,5.29817E+20,5.34947E+21,9.40204E+15,4.82977E+16
36373,36374,8,2,26,98,2016,8,15,1,2,5,3,0,0,0,1,0,0,0,0,4.76782E+20,5.45944E+21,8.68073E+15,4.92873E+16
36374,36375,8,2,15,40,2016,8,11,3,3,5,3,0,0,0,1,0,0,0,1,4.87433E+20,5.43601E+21,8.82792E+15,4.90768E+16
36375,36376,8,3,17,73,2016,8,9,7,3,2,6,0,0,0,1,0,0,0,0,4.09815E+20,5.34862E+21,7.7843E+15,4.82843E+16
36376,36377,8,2,22,0,2016,8,23,4,3,1,5,2,0,0,1,0,0,0,0,4.61578E+20,5.48429E+21,8.46925E+15,4.951E+16
36377,36378,8,1,19,4,2016,8,17,7,2,4,2,0,0,0,1,0,1,0,0,5.42596E+20,5.41905E+21,9.58148E+15,4.89229E+16
36378,36379,8,3,11,0,2016,8,11,7,2,8,1,0,0,0,1,0,0,0,0,4.01103E+20,5.31383E+21,7.67498E+15,4.79702E+16
36379,36380,8,2,37,28,2016,8,18,4,2,2,6,0,0,0,1,0,1,0,0,4.56522E+20,5.36794E+21,8.41187E+15,4.8463E+16
36380,36381,8,4,36,64,2016,8,12,7,3,0,7,0,0,0,0,0,1,0,0,5.38746E+20,5.28907E+21,9.51696E+15,4.77538E+16
36381,36382,8,1,18,51,2016,8,16,7,3,1,6,0,0,0,1,0,0,0,0,5.10562E+20,5.41481E+21,9.14408E+15,4.88862E+16
36382,36383,8,3,36,19,2016,8,11,7,3,5,3,0,0,0,1,0,0,0,0,3.94459E+20,5.2762E+21,7.59514E+15,4.76306E+16
36383,36384,8,4,37,88,2016,8,17,3,3,2,6,0,0,0,1,0,0,0,0,5.17928E+20,5.30931E+21,9.24004E+15,4.79369E+16
36384,36385,8,1,18,48,2016,8,0,7,2,2,6,2,0,0,1,0,1,0,0,5.14212E+20,5.41633E+21,9.19392E+15,4.88998E+16
36385,36386,8,3,35,75,2016,8,23,3,2,4,6,2,0,1,0,0,0,0,0,4.89587E+20,5.29015E+21,8.86104E+15,4.77647E+16
36386,36387,8,3,35,22,2016,8,14,1,2,9,1,0,0,0,1,0,0,0,0,4.82195E+20,5.2958E+21,8.76216E+15,4.78153E+16
36387,36388,8,1,27,59,2016,8,10,1,3,0,1,0,1,0,0,0,1,0,0,5.47333E+20,5.43806E+21,9.64836E+15,4.90936E+16
36388,36389,8,1,18,80,2016,8,8,3,2,2,6,0,0,0,1,0,0,1,0,5.08347E+20,5.41015E+21,9.11376E+15,4.88443E+16
36389,36390,8,2,26,85,2016,8,10,7,3,2,6,0,0,0,1,0,0,0,0,4.85738E+20,5.45666E+21,8.80397E+15,4.92626E+16
36390,36391,8,1,25,6,2016,8,15,3,2,5,3,0,0,0,1,0,0,0,0,5.04758E+20,5.45611E+21,9.06539E+15,4.92578E+16
36391,36392,8,1,26,11,2016,8,18,4,3,2,6,0,0,0,1,0,0,0,0,5.27809E+20,5.4467E+21,9.38153E+15,4.91725E+16
36392,36393,8,3,17,51,2016,8,11,7,3,4,6,0,0,0,1,0,0,0,0,4.43032E+20,5.33558E+21,8.23377E+15,4.81709E+16
36393,36394,8,2,36,61,2016,8,5,2,3,4,6,2,0,0,1,0,0,0,0,4.89011E+20,5.43178E+21,8.84965E+15,4.90388E+16
36394,36395,8,1,25,86,2016,8,17,2,3,5,2,0,0,0,1,0,0,0,0,5.042E+20,5.4462E+21,9.05761E+15,4.91686E+16
36395,36396,8,2,35,65,2016,8,23,2,3,8,1,2,0,0,1,0,0,0,0,4.70862E+20,5.40539E+21,8.6032E+15,4.88008E+16
36396,36397,8,3,26,17,2016,8,18,7,3,8,1,0,0,0,1,0,0,0,0,4.41825E+20,5.32196E+21,8.21939E+15,4.80483E+16
36397,36398,8,4,17,54,2016,8,11,3,2,5,3,0,0,0,1,0,0,0,0,4.79757E+20,5.3519E+21,8.72694E+15,4.832E+16
36398,36399,8,3,26,55,2016,8,17,3,3,8,1,0,0,0,0,0,1,0,0,4.40783E+20,5.33249E+21,8.20395E+15,4.81429E+16
36399,36400,8,3,17,141,2016,8,20,3,3,2,6,0,0,0,1,0,0,0,0,4.18642E+20,5.37744E+21,7.89768E+15,4.85448E+16
36400,36401,8,1,27,32,2016,8,22,3,3,8,1,2,0,1,0,0,0,0,0,5.67183E+20,5.4566E+21,9.92332E+15,4.92585E+16
36401,36402,8,1,17,26,2016,8,16,3,3,8,1,0,0,1,0,0,0,0,0,5.50337E+20,5.39434E+21,9.68411E+15,4.87001E+16
36402,36403,8,2,25,109,2016,8,6,4,3,1,6,0,0,0,1,0,0,0,0,5.29474E+20,5.49137E+21,9.40768E+15,4.95742E+16
36403,36404,8,3,37,123,2016,8,4,2,1,4,6,2,0,0,1,0,0,1,0,4.53118E+20,5.27973E+21,8.3755E+15,4.76693E+16
36404,36405,8,2,16,43,2016,8,23,2,2,5,3,2,0,0,1,0,1,0,0,4.43978E+20,5.40714E+21,8.23689E+15,4.88147E+16
36405,36406,8,1,18,50,2016,8,18,2,3,0,1,0,0,1,0,0,0,0,0,5.05671E+20,5.41752E+21,9.0774E+15,4.89106E+16
36406,36407,8,2,37,4,2016,8,15,3,3,3,2,0,0,0,1,0,0,0,0,4.54689E+20,5.37384E+21,8.38643E+15,4.85161E+16
36407,36408,8,3,17,96,2016,8,12,4,3,5,2,0,0,0,1,0,1,0,0,4.22298E+20,5.37081E+21,7.94844E+15,4.84856E+16
36408,36409,8,1,17,51,2016,8,10,1,3,8,1,0,0,0,1,0,0,0,0,5.4115E+20,5.39573E+21,9.5594E+15,4.87133E+16
36409,36410,8,4,26,71,2016,8,18,2,3,8,7,0,0,0,1,0,0,0,0,5.64467E+20,5.33697E+21,9.8673E+15,4.81827E+16
36410,36411,8,2,36,46,2016,8,16,3,3,2,7,0,0,0,1,0,0,1,0,4.83269E+20,5.41731E+21,8.77168E+15,4.89085E+16
36411,36412,8,1,25,98,2016,8,0,3,3,2,6,2,0,0,1,0,0,0,0,5.23261E+20,5.43678E+21,9.31856E+15,4.90835E+16
36412,36413,8,3,35,25,2016,8,18,4,3,6,4,0,0,0,1,1,0,0,0,4.9785E+20,5.28025E+21,8.97136E+15,4.76756E+16
36413,36414,8,1,25,107,2016,8,13,1,2,0,2,0,0,0,1,0,1,0,0,5.33719E+20,5.43677E+21,9.46177E+15,4.90829E+16
36414,36415,8,1,11,0,2016,8,13,3,3,2,7,0,0,0,1,0,0,0,1,5.10004E+20,5.39943E+21,9.13609E+15,4.87478E+16
36415,36416,8,1,18,11,2016,8,13,7,3,8,6,0,0,0,1,0,0,0,0,5.06214E+20,5.40853E+21,9.08467E+15,4.88297E+16
36416,36417,8,1,25,61,2016,8,17,4,2,5,3,0,0,1,1,0,0,0,0,5.03385E+20,5.4471E+21,9.04644E+15,4.91767E+16
36417,36418,8,3,25,60,2016,8,14,2,3,2,6,0,0,0,1,0,1,0,0,4.69536E+20,5.33885E+21,8.59001E+15,4.82022E+16
36418,36419,8,4,26,64,2016,8,13,2,2,2,6,0,0,0,1,0,0,0,1,5.43461E+20,5.32343E+21,9.58332E+15,4.80627E+16
36419,36420,8,4,25,20,2016,8,16,2,2,4,2,0,0,0,1,0,0,0,0,5.60527E+20,5.36438E+21,9.81822E+15,4.84297E+16
36420,36421,8,4,36,81,2016,8,20,1,2,5,3,1,0,0,1,0,1,0,0,5.58829E+20,5.28806E+21,9.78475E+15,4.77432E+16
36421,36422,8,3,36,87,2016,8,9,1,1,5,6,0,0,0,1,0,1,0,0,4.21448E+20,5.29426E+21,7.95107E+15,4.77969E+16
36422,36423,8,2,31,0,2016,8,13,7,3,2,6,0,0,0,1,0,1,0,0,4.84525E+20,5.41368E+21,8.78895E+15,4.88759E+16
36423,36424,8,3,15,59,2016,8,14,4,3,5,3,0,0,0,1,0,1,0,0,3.99198E+20,5.32197E+21,7.64755E+15,4.8043E+16
36424,36425,8,3,35,57,2016,8,11,7,3,1,7,0,0,1,1,0,0,0,0,5.03032E+20,5.30514E+21,9.04057E+15,4.78996E+16
36425,36426,8,1,35,31,2016,8,15,7,2,4,3,0,0,0,1,0,1,0,0,5.95163E+20,5.37915E+21,1.02897E+16,4.85583E+16
36426,36427,8,4,16,25,2016,8,18,7,3,5,3,0,0,0,1,0,1,0,0,5.07819E+20,5.35883E+21,9.1056E+15,4.83826E+16
36427,36428,8,1,11,0,2016,8,17,4,3,2,4,0,0,0,1,1,0,0,0,5.13707E+20,5.40233E+21,9.18656E+15,4.87739E+16
36428,36429,8,1,35,16,2016,8,11,7,3,1,6,0,0,0,1,0,0,0,0,5.91508E+20,5.38635E+21,1.02418E+16,4.86235E+16
36429,36430,8,3,35,75,2016,8,20,3,3,3,6,0,0,1,0,0,0,0,1,4.87055E+20,5.28975E+21,8.82726E+15,4.7761E+16
36430,36431,8,4,17,51,2016,8,13,7,3,5,3,0,0,0,1,0,0,0,0,4.92393E+20,5.35859E+21,8.89726E+15,4.83805E+16
36431,36432,8,1,18,7,2016,8,8,4,3,2,6,0,0,0,1,0,0,0,0,5.10586E+20,5.42785E+21,9.14474E+15,4.90034E+16
36432,36433,8,2,25,1,2016,8,18,7,2,2,6,0,0,0,1,0,1,0,0,5.29046E+20,5.47369E+21,9.40046E+15,4.94152E+16
36433,36434,8,2,26,98,2016,8,8,2,3,2,7,0,0,0,1,0,0,1,0,4.76841E+20,5.45798E+21,8.68162E+15,4.92741E+16
36434,36435,8,1,11,0,2016,8,13,2,3,5,3,0,0,0,1,0,0,1,0,5.15673E+20,5.40534E+21,9.21344E+15,4.88009E+16
36435,36436,8,4,17,75,2016,8,16,3,3,5,3,0,0,0,0,0,1,0,1,5.08761E+20,5.33619E+21,9.11786E+15,4.81789E+16
36436,36437,8,4,26,113,2016,8,8,1,3,8,1,0,0,0,1,0,0,0,0,5.67863E+20,5.31807E+21,9.90996E+15,4.80124E+16
36437,36438,8,2,35,33,2016,8,12,1,2,8,1,0,0,0,1,0,0,0,0,4.56873E+20,5.40473E+21,8.41279E+15,4.8794E+16
36438,36439,8,2,31,0,2016,8,10,7,3,2,6,0,0,0,1,0,0,0,0,4.84471E+20,5.41437E+21,8.78819E+15,4.88821E+16
36439,36440,8,2,26,76,2016,8,20,4,3,5,2,2,0,0,1,0,0,0,0,4.74308E+20,5.46357E+21,8.64644E+15,4.93243E+16
36440,36441,8,1,11,0,2016,8,9,7,3,5,2,0,0,1,0,0,0,0,1,5.15042E+20,5.40613E+21,9.20486E+15,4.8808E+16
36441,36442,8,3,36,84,2016,8,8,7,2,2,6,0,0,0,1,0,1,0,0,4.0656E+20,5.27732E+21,7.75594E+15,4.76425E+16
36442,36443,8,4,26,70,2016,8,12,3,3,5,3,0,0,1,1,0,0,0,0,5.65218E+20,5.34175E+21,9.87813E+15,4.82257E+16
36443,36444,8,3,35,63,2016,8,17,3,2,5,2,0,0,0,1,0,1,0,0,5.01959E+20,5.29146E+21,9.02615E+15,4.77765E+16
36444,36445,8,3,17,96,2016,8,22,3,3,6,4,2,0,0,0,1,1,0,0,4.24924E+20,5.36938E+21,7.98423E+15,4.84731E+16
36445,36446,8,3,26,74,2016,8,19,1,3,0,1,0,0,0,0,0,1,0,0,4.59561E+20,5.32409E+21,8.45717E+15,4.80688E+16
36446,36447,8,1,36,89,2016,8,16,3,3,5,3,0,0,0,1,0,0,0,0,5.8301E+20,5.41835E+21,1.01329E+16,4.89125E+16
36447,36448,8,1,18,48,2016,8,16,3,3,2,6,0,0,0,1,0,0,0,0,5.1211E+20,5.41785E+21,9.16528E+15,4.89135E+16
36448,36449,8,3,36,69,2016,8,19,1,2,8,1,0,0,0,0,0,1,0,0,4.10444E+20,5.27342E+21,7.80843E+15,4.7608E+16
36449,36450,8,1,35,20,2016,8,13,1,3,2,6,0,0,0,1,0,0,0,0,5.85108E+20,5.38042E+21,1.01537E+16,4.85711E+16
36450,36451,8,2,15,96,2016,8,12,3,3,4,2,0,0,0,1,0,0,0,0,4.5988E+20,5.41445E+21,8.45278E+15,4.88817E+16
36451,36452,8,2,15,103,2016,8,16,7,2,4,1,0,0,0,1,0,1,1,0,4.6446E+20,5.44467E+21,8.51259E+15,4.91539E+16
36452,36453,8,2,16,15,2016,8,5,4,3,2,6,2,0,0,1,0,1,0,0,4.50028E+20,5.40541E+21,8.31951E+15,4.87997E+16
36453,36454,8,2,31,0,2016,8,16,2,3,1,6,0,0,0,1,0,0,0,1,4.75558E+20,5.41522E+21,8.66656E+15,4.88894E+16
36454,36455,8,4,17,22,2016,8,16,3,2,4,6,0,0,0,1,0,0,0,0,4.87006E+20,5.34806E+21,8.82484E+15,4.82856E+16
36455,36456,8,3,15,70,2016,8,16,3,3,2,6,0,0,0,1,0,1,0,0,4.55249E+20,5.30413E+21,8.40137E+15,4.7889E+16
36456,36457,8,1,27,76,2016,8,17,3,3,3,6,0,0,0,1,0,0,1,0,5.53622E+20,5.44099E+21,9.73487E+15,4.91194E+16
36457,36458,8,1,36,19,2016,8,17,1,3,2,1,0,1,0,1,0,0,0,0,5.86961E+20,5.42281E+21,1.01878E+16,4.89521E+16
36458,36459,8,1,16,58,2016,8,15,3,2,2,6,0,0,0,1,0,1,0,0,5.33868E+20,5.39515E+21,9.46036E+15,4.87085E+16
36459,36460,8,1,28,138,2016,8,14,7,2,4,6,0,0,0,1,0,1,0,0,5.3923E+20,5.48442E+21,9.54192E+15,4.95112E+16
36460,36461,8,1,27,86,2016,8,6,4,3,4,6,2,0,0,1,0,0,1,0,5.53844E+20,5.4426E+21,9.73813E+15,4.91339E+16
36461,36462,8,3,36,19,2016,8,6,2,3,0,3,0,0,0,1,0,1,0,0,3.94063E+20,5.27727E+21,7.58962E+15,4.76402E+16
36462,36463,8,2,16,49,2016,8,14,2,2,1,5,0,0,0,0,0,0,1,0,4.3684E+20,5.40213E+21,8.14045E+15,4.8769E+16
36463,36464,8,1,18,48,2016,8,18,2,3,1,6,0,0,0,1,0,0,0,0,5.14364E+20,5.41663E+21,9.196E+15,4.89024E+16
36464,36465,8,1,36,65,2016,8,18,4,3,2,6,0,0,0,1,0,0,0,1,5.58151E+20,5.40565E+21,9.79189E+15,4.88011E+16
36465,36466,8,4,16,26,2016,8,17,2,3,5,2,1,0,0,1,0,0,0,0,5.0491E+20,5.36354E+21,9.06637E+15,4.8425E+16
36466,36467,8,2,25,58,2016,8,21,2,3,2,6,2,0,0,1,0,0,0,0,5.07517E+20,5.46681E+21,9.1035E+15,4.93539E+16
36467,36468,8,1,25,26,2016,8,16,2,3,4,2,0,0,0,1,0,0,0,0,4.94017E+20,5.44407E+21,8.91796E+15,4.91494E+16
36468,36469,8,2,15,109,2016,8,15,3,3,2,6,0,0,0,1,0,0,0,0,4.6266E+20,5.43807E+21,8.48852E+15,4.90943E+16
36469,36470,8,1,25,86,2016,8,10,3,3,5,3,0,0,0,1,0,1,0,0,5.00872E+20,5.44192E+21,9.01196E+15,4.91301E+16
36470,36471,8,4,36,9,2016,8,17,4,2,5,3,0,0,0,1,0,0,0,0,5.5884E+20,5.30548E+21,9.78727E+15,4.78999E+16