FID,OBJECTID,ULAND,UREGBEZ,UKREIS,UGEMEINDE,UJAHR,UMONAT,USTUNDE,UWOCHENTAG,UKATEGORIE,UART,UTYP1,ULICHTVERH,IstStrasse,IstRad,IstPKW,IstFuss,IstKrad,IstGkfz,IstSonstig,LINREFX,LINREFY,XGCSWGS84,YGCSWGS84
36471,36472,8,1,25,86,2016,8,14,1,3,4,6,0,0,0,1,0,0,0,0,4.99938E+20,5.4411E+21,8.99914E+15,4.91228E+16
36472,36473,8,4,36,3,2016,8,10,2,3,4,6,0,1,0,1,0,0,0,1,5.78921E+20,5.30608E+21,1.0056E+16,4.79032E+16
36473,36474,8,4,35,16,2016,8,12,7,3,6,4,0,0,0,1,1,0,0,0,5.36143E+20,5.27907E+21,9.4814E+15,4.7664E+16
36474,36475,8,1,19,67,2016,8,18,4,3,8,1,0,0,0,0,0,1,0,0,5.38353E+20,5.40358E+21,9.52211E+15,4.8784E+16
36475,36476,8,2,25,52,2016,8,21,7,1,2,1,2,0,0,1,0,0,0,1,5.18085E+20,5.47854E+21,9.24955E+15,4.94592E+16
36476,36477,8,3,16,53,2016,8,16,2,3,2,6,0,0,0,1,0,1,0,0,4.06696E+20,5.34247E+21,7.74363E+15,4.82285E+16
36477,36478,8,1,27,99,2016,8,14,2,3,2,6,0,0,0,1,0,0,0,0,5.65121E+20,5.44754E+21,9.89351E+15,4.91773E+16
36478,36479,8,1,16,46,2016,8,19,2,3,8,1,0,0,1,0,0,0,0,0,5.2942E+20,5.37697E+21,9.39862E+15,4.85452E+16
36479,36480,8,4,35,30,2016,8,9,1,2,8,1,0,0,1,0,0,0,0,0,5.41227E+20,5.27172E+21,9.54843E+15,4.75976E+16
36480,36481,8,2,26,10,2016,8,18,1,3,2,6,0,0,0,1,0,0,0,0,4.83873E+20,5.4574E+21,8.77831E+15,4.92691E+16
36481,36482,8,2,37,28,2016,8,20,7,2,4,2,2,0,0,1,0,1,0,0,4.56609E+20,5.36808E+21,8.41303E+15,4.84643E+16
36482,36483,8,2,31,0,2016,8,11,4,3,2,6,0,0,0,1,0,0,0,0,4.84484E+20,5.41419E+21,8.78837E+15,4.88805E+16
36483,36484,8,3,17,98,2016,8,12,1,3,8,1,0,0,0,0,0,1,0,0,4.4113E+20,5.37E+21,8.20338E+15,4.84804E+16
36484,36485,8,2,22,0,2016,8,16,3,3,1,6,0,0,0,1,0,0,0,0,4.66127E+20,5.47495E+21,8.53289E+15,4.94262E+16
36485,36486,8,3,17,26,2016,8,19,4,2,8,1,0,0,0,0,0,1,0,0,4.17042E+20,5.34367E+21,7.88267E+15,4.82408E+16
36486,36487,8,1,16,19,2016,8,19,1,3,3,6,0,0,0,1,0,1,0,0,5.23502E+20,5.40062E+21,9.31978E+15,4.87581E+16
36487,36488,8,4,26,73,2016,8,2,2,3,8,1,2,0,0,1,0,0,0,0,5.64796E+20,5.33811E+21,9.8719E+15,4.81929E+16
36488,36489,8,4,17,10,2016,8,16,7,3,4,2,0,0,0,1,0,0,0,0,5.06062E+20,5.34379E+21,9.08166E+15,4.82473E+16
36489,36490,8,1,16,19,2016,8,13,4,3,1,6,0,0,1,1,0,0,0,0,5.27611E+20,5.39865E+21,9.37554E+15,4.87402E+16
36490,36491,8,1,28,138,2016,8,18,7,3,8,1,0,0,0,1,0,0,0,0,5.40056E+20,5.47936E+21,9.55281E+15,4.94656E+16
36491,36492,8,2,26,96,2016,8,15,2,2,2,6,0,0,0,1,0,1,0,0,4.73537E+20,5.49096E+21,8.634E+15,4.95707E+16
36492,36493,8,4,15,59,2016,8,20,3,2,5,3,0,0,0,1,0,0,0,0,5.17017E+20,5.36994E+21,9.23027E+15,4.84823E+16
36493,36494,8,4,25,88,2016,8,13,1,2,2,6,0,0,0,1,0,0,0,0,5.62039E+20,5.3499E+21,9.83652E+15,4.82993E+16
36494,36495,8,2,26,82,2016,8,6,1,3,5,3,0,0,1,1,0,0,0,0,4.75278E+20,5.48028E+21,8.65875E+15,4.94746E+16
36495,36496,8,2,37,45,2016,8,11,7,3,2,2,0,0,0,1,0,0,0,0,4.62813E+20,5.35959E+21,8.4977E+15,4.83884E+16
36496,36497,8,2,22,0,2016,8,23,4,3,3,6,2,0,0,1,0,0,1,0,4.61177E+20,5.48385E+21,8.46376E+15,4.95061E+16
36497,36498,8,4,37,8,2016,8,3,6,3,8,1,2,0,0,0,0,0,0,1,5.19307E+20,5.33267E+21,9.25956E+15,4.8147E+16
36498,36499,8,3,26,74,2016,8,8,7,3,4,2,0,0,0,1,0,1,0,0,4.56031E+20,5.32E+21,8.41021E+15,4.80318E+16
36499,36500,8,4,25,20,2016,8,19,3,2,0,1,0,0,0,0,0,1,0,0,5.59372E+20,5.36092E+21,9.80212E+15,4.83986E+16
36500,36501,8,4,36,52,2016,8,9,7,3,5,3,0,0,1,1,0,0,0,0,5.65891E+20,5.292E+21,9.87955E+15,4.77779E+16
36501,36502,8,4,37,76,2016,8,9,6,3,8,7,0,0,0,0,0,1,0,0,5.21224E+20,5.32055E+21,9.28473E+15,4.80379E+16
36502,36503,8,3,37,49,2016,8,15,7,3,3,6,0,0,0,0,0,1,0,0,4.25513E+20,5.27814E+21,8.0081E+15,4.76524E+16
36503,36504,8,1,11,0,2016,8,14,4,3,2,6,0,0,0,1,0,0,0,0,5.13163E+20,5.40349E+21,9.1792E+15,4.87843E+16
36504,36505,8,1,27,76,2016,8,21,7,2,1,7,2,0,0,1,0,0,0,0,5.52452E+20,5.43847E+21,9.71851E+15,4.90969E+16
36505,36506,8,4,36,12,2016,8,9,3,2,8,7,0,0,0,0,0,0,0,1,5.52192E+20,5.30239E+21,9.69795E+15,4.78727E+16
36506,36507,8,3,35,22,2016,8,12,1,2,8,1,0,1,1,0,0,0,0,0,4.85117E+20,5.30013E+21,8.80104E+15,4.78544E+16
36507,36508,8,4,25,112,2016,8,19,1,2,8,1,0,0,0,1,0,0,0,0,5.82045E+20,5.37817E+21,1.01118E+16,4.85513E+16
36508,36509,8,1,15,45,2016,8,18,3,2,8,1,0,0,0,1,0,0,0,0,5.04568E+20,5.39713E+21,9.06212E+15,4.87272E+16
36509,36510,8,2,37,45,2016,8,15,7,3,3,2,0,0,0,1,0,1,0,0,4.59039E+20,5.36215E+21,8.44648E+15,4.84111E+16
36510,36511,8,2,12,0,2016,8,17,4,3,8,7,0,0,0,1,0,0,0,0,4.61939E+20,5.42975E+21,8.47943E+15,4.90195E+16
36511,36512,8,2,36,61,2016,8,16,2,2,3,6,0,0,0,1,0,0,0,0,4.90016E+20,5.43344E+21,8.86335E+15,4.90537E+16
36512,36513,8,1,25,5,2016,8,15,2,3,5,3,0,0,0,1,0,0,0,0,5.15677E+20,5.45164E+21,9.21527E+15,4.92174E+16
36513,36514,8,3,15,76,2016,8,15,3,2,5,3,0,0,0,1,0,0,0,0,3.94378E+20,5.29593E+21,7.58927E+15,4.78081E+16
36514,36515,8,1,26,46,2016,8,21,3,3,2,6,2,0,0,1,0,0,0,0,5.47077E+20,5.46102E+21,9.64754E+15,4.93001E+16
36515,36516,8,3,35,43,2016,8,22,4,3,5,3,2,0,0,1,0,0,0,0,5.10246E+20,5.28273E+21,9.13656E+15,4.76979E+16
36516,36517,8,3,27,25,2016,8,22,3,3,8,1,2,0,0,1,0,0,0,0,4.83372E+20,5.30718E+21,8.77744E+15,4.79178E+16
36517,36518,8,3,17,121,2016,8,10,3,3,3,2,0,0,0,1,0,1,0,0,4.22469E+20,5.34862E+21,7.95485E+15,4.82861E+16
36518,36519,8,1,36,45,2016,8,12,3,2,4,6,0,0,0,1,0,0,0,0,5.97106E+20,5.40106E+21,1.03212E+16,4.8755E+16
36519,36520,8,2,36,74,2016,8,12,7,3,2,6,0,0,1,0,0,0,0,0,4.72954E+20,5.42051E+21,8.63069E+15,4.89369E+16
36520,36521,8,1,18,79,2016,8,8,3,2,4,2,0,0,0,1,0,0,0,1,5.07364E+20,5.42588E+21,9.10065E+15,4.89858E+16
36521,36522,8,1,28,131,2016,8,16,4,2,5,3,0,0,0,1,0,0,0,0,5.36003E+20,5.51108E+21,9.49979E+15,4.97511E+16
36522,36523,8,4,15,61,2016,8,17,2,3,2,6,0,0,0,1,0,0,1,0,5.12688E+20,5.37118E+21,9.17173E+15,4.84936E+16
36523,36524,8,2,15,39,2016,8,7,2,3,8,7,0,0,0,1,0,0,0,0,4.73221E+20,5.45186E+21,8.63226E+15,4.9219E+16
36524,36525,8,1,19,44,2016,8,15,2,3,4,6,0,0,0,0,0,1,1,0,5.44977E+20,5.42153E+21,9.61425E+15,4.89451E+16
36525,36526,8,2,15,90,2016,8,12,3,2,2,6,0,0,0,0,0,0,1,0,4.64986E+20,5.43656E+21,8.52051E+15,4.90809E+16
36526,36527,8,4,17,75,2016,8,7,4,3,4,1,0,0,0,1,0,0,0,0,5.13226E+20,5.33703E+21,9.17794E+15,4.81863E+16
36527,36528,8,1,19,84,2016,8,12,1,2,3,2,0,0,0,0,0,1,0,1,5.45672E+20,5.41754E+21,9.6233E+15,4.89091E+16
36528,36529,8,4,37,101,2016,8,15,2,2,5,3,0,1,0,1,0,0,0,0,5.22413E+20,5.32313E+21,9.30081E+15,4.8061E+16
36529,36530,8,4,17,31,2016,8,16,7,2,8,1,0,0,0,0,0,1,0,0,4.97422E+20,5.35598E+21,8.9652E+15,4.8357E+16
36530,36531,8,1,18,80,2016,8,17,4,3,1,1,0,0,0,1,0,0,0,0,5.09784E+20,5.40861E+21,9.13331E+15,4.88304E+16
36531,36532,8,1,25,59,2016,8,7,7,3,4,6,0,0,0,1,0,1,0,0,5.27306E+20,5.43997E+21,9.37417E+15,4.91119E+16
36532,36533,8,1,26,46,2016,8,11,1,3,2,6,0,0,0,1,0,1,0,0,5.49012E+20,5.45701E+21,9.67366E+15,4.92639E+16
36533,36534,8,1,15,3,2016,8,17,3,3,4,2,0,0,1,1,0,0,0,0,5.00547E+20,5.3924E+21,9.00744E+15,4.86846E+16
36534,36535,8,1,25,86,2016,8,17,7,3,4,2,0,0,0,1,0,0,0,0,5.04312E+20,5.44381E+21,9.05912E+15,4.91471E+16
36535,36536,8,1,25,58,2016,8,17,4,1,0,1,0,0,0,1,0,0,0,0,5.09521E+20,5.44134E+21,9.1305E+15,4.91248E+16
36536,36537,8,3,26,74,2016,8,21,2,3,5,3,2,0,0,1,0,0,0,1,4.65652E+20,5.3238E+21,8.53895E+15,4.80666E+16
36537,36538,8,1,36,43,2016,8,12,2,3,2,6,0,0,0,1,0,0,1,0,5.70761E+20,5.40782E+21,9.96397E+15,4.88193E+16
36538,36539,8,1,17,30,2016,8,10,2,3,5,3,0,0,0,1,0,0,0,0,5.47988E+20,5.38983E+21,9.65166E+15,4.86597E+16
36539,36540,8,4,36,81,2016,8,19,1,2,4,1,0,0,0,1,0,0,0,0,5.5664E+20,5.27546E+21,9.75392E+15,4.76301E+16
36540,36541,8,3,15,15,2016,8,0,1,3,5,3,2,0,0,1,0,0,0,0,3.95929E+20,5.31937E+21,7.60433E+15,4.80192E+16
36541,36542,8,2,16,43,2016,8,9,3,3,2,6,0,0,0,1,0,0,0,0,4.43149E+20,5.41296E+21,8.2248E+15,4.8867E+16
36542,36543,8,3,16,17,2016,8,17,4,3,8,1,0,0,0,0,0,1,0,0,4.14071E+20,5.3404E+21,7.84334E+15,4.8211E+16
36543,36544,8,1,11,0,2016,8,20,1,3,1,1,1,0,0,1,0,0,0,0,5.15804E+20,5.40879E+21,9.21534E+15,4.88319E+16
36544,36545,8,4,15,53,2016,8,12,7,2,8,1,0,0,0,0,0,1,0,0,5.42823E+20,5.36213E+21,9.57868E+15,4.84109E+16
36545,36546,8,1,11,0,2016,8,15,4,2,5,3,0,0,0,1,0,0,0,0,5.09604E+20,5.39728E+21,9.13059E+15,4.87285E+16
36546,36547,8,1,21,0,2016,8,18,7,3,1,6,0,0,0,1,0,0,0,0,5.16425E+20,5.44622E+21,9.22532E+15,4.91686E+16
36547,36548,8,2,16,49,2016,8,17,2,2,2,6,0,0,0,1,0,0,0,1,4.36766E+20,5.4019E+21,8.13947E+15,4.87669E+16
36548,36549,8,3,36,105,2016,8,18,3,3,1,6,0,0,0,1,0,1,0,0,3.99914E+20,5.26728E+21,7.66978E+15,4.75512E+16
36549,36550,8,3,36,69,2016,8,18,1,3,2,6,0,0,0,1,0,0,0,0,4.06559E+20,5.26689E+21,7.75814E+15,4.75487E+16
36550,36551,8,2,12,0,2016,8,13,1,3,5,3,0,0,0,1,0,0,0,0,4.53586E+20,5.42819E+21,8.36536E+15,4.90048E+16
36551,36552,8,2,15,100,2016,8,19,3,3,1,2,0,0,0,1,0,1,0,0,4.74429E+20,5.45066E+21,8.64893E+15,4.92082E+16
36552,36553,8,2,36,70,2016,8,9,7,2,1,3,0,0,0,1,0,1,0,0,4.70718E+20,5.41604E+21,8.60049E+15,4.88967E+16
36553,36554,8,3,11,0,2016,8,15,2,3,5,3,0,0,0,1,0,0,0,0,4.14487E+20,5.31593E+21,7.85383E+15,4.7991E+16
36554,36555,8,1,11,0,2016,8,12,2,3,2,6,0,0,0,1,0,0,0,0,5.1289E+20,5.40286E+21,9.17546E+15,4.87786E+16
36555,36556,8,4,17,16,2016,8,10,3,3,5,3,0,0,1,1,0,0,0,0,4.84891E+20,5.34229E+21,8.79653E+15,4.82336E+16
36556,36557,8,4,35,59,2016,8,14,1,2,8,1,0,0,0,0,0,1,0,0,5.09328E+20,5.29526E+21,9.12459E+15,4.78106E+16
36557,36558,8,2,35,6,2016,8,13,1,3,5,3,0,0,0,1,0,1,0,0,4.70528E+20,5.38164E+21,8.60036E+15,4.85872E+16
36558,36559,8,2,26,96,2016,8,18,7,3,1,6,0,0,0,1,0,0,0,0,4.76117E+20,5.4892E+21,8.66978E+15,4.95549E+16
36559,36560,8,2,35,47,2016,8,19,4,3,8,1,1,0,0,1,0,0,0,0,4.76055E+20,5.38846E+21,8.67491E+15,4.86488E+16
36560,36561,8,4,36,10,2016,8,18,6,3,5,3,0,0,0,1,0,0,0,0,5.66915E+20,5.30054E+21,9.89453E+15,4.78547E+16
36561,36562,8,3,36,81,2016,8,14,7,3,1,6,0,0,0,1,0,0,0,0,4.1249E+20,5.27805E+21,7.83473E+15,4.76499E+16
36562,36563,8,4,35,34,2016,8,17,3,2,8,1,0,0,0,0,0,1,0,0,5.30453E+20,5.28643E+21,9.40613E+15,4.77306E+16
36563,36564,8,1,25,49,2016,8,2,7,3,1,5,2,0,0,1,0,0,0,0,4.98553E+20,5.44778E+21,8.98014E+15,4.91829E+16
36564,36565,8,3,35,35,2016,8,18,3,2,4,1,0,0,0,0,0,1,1,0,4.7968E+20,5.29451E+21,8.72862E+15,4.78037E+16
36565,36566,8,3,35,97,2016,8,9,1,3,2,6,0,0,0,1,0,0,0,1,4.88271E+20,5.29621E+21,8.84331E+15,4.78192E+16
36566,36567,8,1,36,9,2016,8,17,3,3,2,2,0,0,0,1,0,0,0,0,5.68717E+20,5.40673E+21,9.93594E+15,4.88097E+16
36567,36568,8,2,25,52,2016,8,14,7,3,2,6,0,0,0,0,0,0,0,1,5.13598E+20,5.48072E+21,9.18772E+15,4.9479E+16
36568,36569,8,1,19,42,2016,8,17,3,3,6,6,0,0,0,0,1,0,0,1,5.29222E+20,5.41553E+21,9.39866E+15,4.8892E+16
36569,36570,8,1,25,6,2016,8,1,4,3,2,7,2,0,0,0,0,0,1,0,4.97398E+20,5.45217E+21,8.96427E+15,4.92223E+16
36570,36571,8,2,26,85,2016,8,14,2,3,2,6,0,0,0,1,0,0,0,0,4.92985E+20,5.45493E+21,8.90361E+15,4.92471E+16
36571,36572,8,2,16,33,2016,8,17,4,2,9,1,0,0,0,1,0,0,0,0,4.45888E+20,5.41302E+21,8.26213E+15,4.88678E+16
36572,36573,8,2,36,62,2016,8,15,2,2,4,2,0,0,0,1,0,1,0,0,4.85422E+20,5.40833E+21,8.80137E+15,4.88278E+16
36573,36574,8,3,26,5,2016,8,16,7,3,8,1,0,0,0,0,0,1,0,0,4.64035E+20,5.29863E+21,8.51935E+15,4.784E+16
36574,36575,8,4,17,2,2016,8,18,3,3,8,1,0,0,0,0,0,1,0,0,4.8903E+20,5.34087E+21,8.85231E+15,4.82209E+16
36575,36576,8,3,25,49,2016,8,7,3,3,2,7,0,0,0,1,0,0,0,0,4.71124E+20,5.3366E+21,8.61153E+15,4.8182E+16
36576,36577,8,3,17,89,2016,8,20,3,3,2,7,0,0,0,1,0,0,0,0,4.31275E+20,5.37533E+21,8.06916E+15,4.85273E+16
36577,36578,8,1,27,14,2016,8,17,3,3,9,1,0,0,0,0,0,1,0,0,5.79523E+20,5.44035E+21,1.00897E+16,4.91108E+16
36578,36579,8,1,36,19,2016,8,17,1,3,2,6,0,1,0,1,0,0,0,1,5.86912E+20,5.42295E+21,1.01872E+16,4.89533E+16
36579,36580,8,1,16,5,2016,8,15,3,3,2,6,0,0,0,1,0,0,0,0,5.19952E+20,5.38249E+21,9.27059E+15,4.85952E+16
36580,36581,8,1,27,76,2016,8,20,4,3,8,1,1,0,1,0,0,0,0,0,5.47959E+20,5.43578E+21,9.65665E+15,4.9073E+16
36581,36582,8,3,37,51,2016,8,17,2,3,8,1,0,0,0,1,0,0,0,1,4.35835E+20,5.28444E+21,8.14461E+15,4.77102E+16
36582,36583,8,2,11,0,2016,8,11,2,2,4,2,0,0,1,1,0,0,0,0,4.42901E+20,5.40624E+21,8.22236E+15,4.88065E+16
36583,36584,8,1,18,49,2016,8,13,2,3,2,6,0,0,0,1,0,0,0,0,5.18373E+20,5.42192E+21,9.25094E+15,4.89499E+16
36584,36585,8,3,17,129,2016,8,5,1,2,8,1,2,0,0,1,0,0,0,0,4.30064E+20,5.35116E+21,8.0568E+15,4.83098E+16
36585,36586,8,2,36,46,2016,8,17,3,3,5,3,0,0,0,1,0,0,0,0,4.84304E+20,5.41808E+21,8.78577E+15,4.89155E+16
36586,36587,8,1,25,13,2016,8,15,2,3,4,6,0,0,0,1,0,0,0,0,5.08364E+20,5.43467E+21,9.11451E+15,4.90649E+16
36587,36588,8,2,31,0,2016,8,13,3,3,3,6,0,0,0,1,0,0,1,0,4.79431E+20,5.41823E+21,8.71925E+15,4.89167E+16
36588,36589,8,1,25,86,2016,8,11,3,3,4,6,0,0,0,1,0,0,0,0,5.01752E+20,5.44355E+21,9.02402E+15,4.91448E+16
36589,36590,8,3,35,22,2016,8,14,4,2,8,1,0,0,0,0,0,1,0,0,4.8748E+20,5.30038E+21,8.83262E+15,4.78567E+16
36590,36591,8,1,25,108,2016,8,16,1,3,8,1,0,0,0,0,0,1,0,0,4.93987E+20,5.43193E+21,8.91773E+15,4.90402E+16
36591,36592,8,4,37,104,2016,8,11,2,3,2,2,0,0,0,1,0,0,0,1,5.17165E+20,5.32617E+21,9.2305E+15,4.80886E+16
36592,36593,8,1,19,61,2016,8,20,7,3,8,1,1,0,0,0,0,1,0,0,5.35696E+20,5.41607E+21,9.48702E+15,4.88965E+16
36593,36594,8,1,19,85,2016,8,7,4,3,5,3,0,0,0,1,0,0,0,0,5.29638E+20,5.41419E+21,9.40423E+15,4.888E+16
36594,36595,8,3,16,10,2016,8,15,2,3,5,3,0,0,1,1,0,0,0,0,4.3062E+20,5.3357E+21,8.06682E+15,4.81707E+16
36595,36596,8,1,28,7,2016,8,5,2,3,5,2,1,0,0,1,0,0,0,0,5.55252E+20,5.48256E+21,9.76297E+15,4.94932E+16
36596,36597,8,1,16,56,2016,8,19,2,3,3,6,0,0,0,1,0,1,0,0,5.30258E+20,5.3953E+21,9.41131E+15,4.871E+16
36597,36598,8,4,35,18,2016,8,9,1,3,2,6,0,0,0,1,0,0,0,0,5.24174E+20,5.2803E+21,9.32205E+15,4.76756E+16
36598,36599,8,3,15,109,2016,8,15,1,3,5,3,0,0,1,1,0,0,0,0,4.20936E+20,5.31518E+21,7.94039E+15,4.79851E+16
36599,36600,8,2,22,0,2016,8,8,7,3,2,6,0,0,0,1,0,0,0,0,4.60903E+20,5.48241E+21,8.46012E+15,4.94931E+16
36600,36601,8,3,36,50,2016,8,10,4,3,2,6,0,0,0,1,0,1,0,0,3.98577E+20,5.27273E+21,7.65074E+15,4.76E+16
36601,36602,8,4,35,13,2016,8,20,7,2,4,6,2,0,0,1,0,0,0,0,5.40432E+20,5.27663E+21,9.5383E+15,4.76418E+16
36602,36603,8,4,36,64,2016,8,16,6,3,2,6,0,0,0,1,0,0,0,0,5.46253E+20,5.29201E+21,9.61743E+15,4.77798E+16
36603,36604,8,4,15,53,2016,8,16,7,3,9,1,0,0,0,0,0,1,0,0,5.38041E+20,5.35799E+21,9.51368E+15,4.83739E+16
36604,36605,8,1,11,0,2016,8,15,4,3,3,6,0,0,0,1,0,1,0,0,5.13486E+20,5.40249E+21,9.18355E+15,4.87753E+16
36605,36606,8,4,35,59,2016,9,12,1,3,2,6,0,0,0,1,0,1,0,0,5.09717E+20,5.29167E+21,9.12971E+15,4.77784E+16
36606,36607,8,3,35,75,2016,9,11,5,3,5,2,0,0,1,1,0,0,0,0,4.88615E+20,5.28803E+21,8.84812E+15,4.77455E+16
36607,36608,8,1,26,20,2016,9,11,7,3,2,6,0,0,0,1,0,1,0,0,5.52779E+20,5.46633E+21,9.72666E+15,4.93474E+16
36608,36609,8,3,11,0,2016,9,17,5,3,5,3,0,0,1,1,0,0,0,0,4.06311E+20,5.31681E+21,7.74409E+15,4.79977E+16
36609,36610,8,1,16,33,2016,9,11,5,3,5,2,0,0,1,1,0,0,0,0,5.35013E+20,5.38945E+21,9.47544E+15,4.86571E+16
36610,36611,8,4,21,0,2016,9,12,7,3,2,6,0,0,0,1,0,0,1,0,5.74499E+20,5.36768E+21,1.00077E+16,4.84578E+16
36611,36612,8,4,15,53,2016,9,12,6,2,8,1,0,0,0,0,0,1,0,0,5.42787E+20,5.36212E+21,9.57819E+15,4.84107E+16
36612,36613,8,1,25,6,2016,9,18,1,2,9,1,0,1,0,1,0,0,0,0,5.08341E+20,5.45175E+21,9.11454E+15,4.92185E+16
36613,36614,8,1,28,126,2016,9,10,6,1,8,1,0,0,0,1,0,0,0,0,5.67598E+20,5.48099E+21,9.93316E+15,4.94777E+16
36614,36615,8,1,15,28,2016,9,18,6,3,0,1,0,0,0,0,0,1,0,0,5.02703E+20,5.39987E+21,9.03677E+15,4.87518E+16
36615,36616,8,2,15,107,2016,9,10,2,2,4,2,0,0,0,1,0,0,0,0,4.63322E+20,5.45534E+21,8.49601E+15,4.92498E+16
36616,36617,8,1,36,88,2016,9,12,5,3,2,2,0,0,0,1,0,0,0,0,5.81101E+20,5.41031E+21,1.01053E+16,4.88405E+16
36617,36618,8,3,35,98,2016,9,12,1,3,5,3,0,0,0,1,0,0,0,0,4.99424E+20,5.2944E+21,8.9923E+15,4.78029E+16
36618,36619,8,4,16,15,2016,8,11,4,3,1,3,0,0,1,1,0,0,0,0,5.06531E+20,5.36656E+21,9.08833E+15,4.84522E+16
36619,36620,8,2,25,118,2016,9,17,5,3,5,3,0,0,0,1,0,1,0,0,5.04183E+20,5.47926E+21,9.05773E+15,4.9466E+16
36620,36621,8,1,16,49,2016,9,12,5,3,5,3,0,0,1,0,0,0,0,0,5.24021E+20,5.38704E+21,9.32604E+15,4.8636E+16
36621,36622,8,1,11,0,2016,9,8,1,3,8,1,0,0,0,1,0,0,0,0,5.0739E+20,5.40555E+21,9.10064E+15,4.88029E+16
36622,36623,8,4,35,29,2016,9,10,7,3,2,6,0,0,0,1,0,0,0,0,5.44061E+20,5.27295E+21,9.58625E+15,4.76085E+16
36623,36624,8,1,19,79,2016,9,15,6,2,9,1,0,0,0,0,0,1,0,0,5.22229E+20,5.40929E+21,9.30292E+15,4.88362E+16
36624,36625,8,1,16,71,2016,9,15,1,3,3,6,0,0,0,1,0,0,0,0,5.27166E+20,5.39029E+21,9.36894E+15,4.86651E+16
36625,36626,8,1,25,59,2016,9,19,6,3,0,6,0,0,0,1,0,1,0,0,5.27779E+20,5.43819E+21,9.38053E+15,4.9096E+16
36626,36627,8,4,37,123,2016,9,21,5,3,5,3,2,0,0,1,0,0,0,0,5.08485E+20,5.31E+21,9.11363E+15,4.79433E+16
36627,36628,8,3,27,30,2016,9,11,7,3,0,1,0,0,1,0,0,0,0,0,4.92807E+20,5.32273E+21,8.90347E+15,4.80579E+16
36628,36629,8,2,21,0,2016,9,7,2,2,9,1,0,0,0,1,0,0,0,0,4.7738E+20,5.46813E+21,8.68845E+15,4.93655E+16
36629,36630,8,1,28,139,2016,9,13,5,3,2,6,0,0,0,1,0,0,0,0,5.52744E+20,5.48895E+21,9.72919E+15,4.95509E+16
36630,36631,8,3,17,47,2016,9,23,1,3,8,1,2,1,0,1,0,0,0,0,4.17165E+20,5.36354E+21,7.88042E+15,4.84196E+16
36631,36632,8,4,35,57,2016,9,10,6,2,2,6,0,0,0,1,0,0,1,0,5.41327E+20,5.27981E+21,9.55051E+15,4.76703E+16
36632,36633,8,2,37,74,2016,9,19,6,2,8,1,0,0,0,0,0,1,0,0,4.67309E+20,5.36888E+21,8.5577E+15,4.84722E+16
36633,36634,8,4,36,64,2016,9,21,7,3,5,3,2,0,0,1,0,0,0,0,5.42632E+20,5.29151E+21,9.56905E+15,4.77756E+16
36634,36635,8,4,25,5,2016,9,12,7,3,9,1,0,0,0,0,0,1,0,0,5.75872E+20,5.3845E+21,1.00293E+16,4.86089E+16
36635,36636,8,2,35,8,2016,9,17,7,3,2,6,0,0,0,1,0,0,0,0,4.81719E+20,5.40186E+21,8.75122E+15,4.87694E+16
36636,36637,8,1,16,72,2016,9,16,2,3,2,6,0,0,0,1,0,0,0,0,5.29795E+20,5.39374E+21,9.4049E+15,4.8696E+16
36637,36638,8,1,19,83,2016,9,19,2,3,2,6,1,0,0,1,0,0,0,0,5.35327E+20,5.41918E+21,9.48226E+15,4.89246E+16
36638,36639,8,4,36,95,2016,9,18,5,3,0,1,0,0,1,0,0,0,0,0,5.33895E+20,5.28949E+21,9.45227E+15,4.77579E+16
36639,36640,8,1,15,21,2016,9,11,7,3,8,1,0,0,0,1,0,0,0,0,4.92604E+20,5.38033E+21,8.89973E+15,4.8576E+16
36640,36641,8,1,25,58,2016,9,12,7,3,2,6,0,0,0,1,0,0,0,0,5.06706E+20,5.44362E+21,9.09195E+15,4.91453E+16
36641,36642,8,2,16,41,2016,9,11,1,3,5,3,0,0,0,1,0,0,0,0,4.34839E+20,5.39158E+21,8.11488E+15,4.86739E+16
36642,36643,8,3,17,40,2016,9,10,7,2,5,3,0,0,1,1,0,0,0,0,4.3281E+20,5.34767E+21,8.09439E+15,4.82787E+16
36643,36644,8,1,36,19,2016,9,16,2,3,2,6,0,0,0,1,0,0,0,0,5.8516E+20,5.42395E+21,1.01634E+16,4.89626E+16
36644,36645,8,2,15,108,2016,9,13,7,3,2,6,0,0,0,1,0,0,0,0,4.51053E+20,5.42599E+21,8.331E+15,4.89848E+16
36645,36646,8,2,15,9,2016,9,12,1,2,0,6,0,1,0,0,0,1,0,0,4.68818E+20,5.44235E+21,8.57255E+15,4.91332E+16
36646,36647,8,2,15,101,2016,9,6,5,3,0,1,0,0,0,0,0,1,0,0,4.6733E+20,5.42385E+21,8.55363E+15,4.89667E+16
36647,36648,8,4,36,93,2016,9,6,6,3,5,3,0,0,0,1,0,1,0,0,5.45334E+20,5.31189E+21,9.60725E+15,4.79587E+16
36648,36649,8,3,17,31,2016,9,18,6,3,2,6,0,0,0,1,0,0,0,0,4.15819E+20,5.36209E+21,7.86254E+15,4.84063E+16
36649,36650,8,2,36,46,2016,9,1,6,2,6,4,2,0,0,1,1,0,0,0,4.83862E+20,5.41844E+21,8.77972E+15,4.89187E+16
36650,36651,8,4,16,41,2016,9,11,2,1,4,6,0,0,0,1,0,0,1,0,5.00853E+20,5.3721E+21,9.01155E+15,4.85021E+16
36651,36652,8,4,15,78,2016,9,14,7,3,2,6,0,0,1,0,0,1,0,0,5.34921E+20,5.36842E+21,9.47243E+15,4.8468E+16