FID,OBJECTID,ULAND,UREGBEZ,UKREIS,UGEMEINDE,UJAHR,UMONAT,USTUNDE,UWOCHENTAG,UKATEGORIE,UART,UTYP1,ULICHTVERH,IstStrasse,IstRad,IstPKW,IstFuss,IstKrad,IstGkfz,IstSonstig,LINREFX,LINREFY,XGCSWGS84,YGCSWGS84
36652,36653,8,4,36,49,2016,9,13,1,3,4,6,0,0,1,1,0,0,0,0,5.7658E+20,5.28847E+21,1.00216E+16,4.77451E+16
36653,36654,8,3,37,128,2016,9,17,5,2,4,1,0,0,0,1,0,1,0,0,4.44239E+20,5.28151E+21,8.25701E+15,4.76845E+16
36654,36655,8,1,28,139,2016,9,14,7,2,5,7,0,0,0,0,0,1,0,0,5.44507E+20,5.48872E+21,9.61529E+15,4.95494E+16
36655,36656,8,3,17,65,2016,9,9,5,2,5,3,0,0,1,1,0,0,0,0,4.142E+20,5.35506E+21,7.84209E+15,4.83429E+16
36656,36657,8,1,15,28,2016,9,9,5,3,2,6,0,0,0,1,0,0,0,0,4.98567E+20,5.40384E+21,8.98049E+15,4.87875E+16
36657,36658,8,1,18,71,2016,9,23,7,3,1,6,2,0,0,1,0,0,0,0,5.11239E+20,5.41904E+21,9.15342E+15,4.89242E+16
36658,36659,8,4,16,41,2016,9,21,6,3,4,2,2,0,0,1,0,0,0,0,5.04893E+20,5.37112E+21,9.06623E+15,4.84932E+16
36659,36660,8,2,15,107,2016,9,12,6,3,1,7,0,0,1,1,0,0,0,0,4.6287E+20,5.45644E+21,8.4897E+15,4.92596E+16
36660,36661,8,1,36,43,2016,9,18,6,2,2,6,0,0,0,1,0,0,0,0,5.71106E+20,5.40817E+21,9.96872E+15,4.88224E+16
36661,36662,8,1,16,77,2016,9,7,6,3,5,3,0,0,0,1,0,0,0,0,5.16181E+20,5.39112E+21,9.21979E+15,4.86729E+16
36662,36663,8,4,35,16,2016,9,15,6,3,5,3,0,0,0,1,0,0,0,0,5.39632E+20,5.27995E+21,9.52795E+15,4.76717E+16
36663,36664,8,2,26,32,2016,9,17,6,2,3,6,0,0,0,1,0,0,1,0,4.68211E+20,5.46402E+21,8.5625E+15,4.93281E+16
36664,36665,8,2,26,13,2016,9,17,6,3,2,7,0,0,0,1,0,1,0,0,4.99615E+20,5.47975E+21,8.99469E+15,4.94704E+16
36665,36666,8,1,17,42,2016,9,12,6,3,0,3,0,0,0,1,0,0,1,0,5.54041E+20,5.3928E+21,9.73424E+15,4.86859E+16
36666,36667,8,3,25,45,2016,9,14,2,3,5,3,0,0,0,1,0,0,0,0,4.68217E+20,5.35169E+21,8.57129E+15,4.83176E+16
36667,36668,8,3,35,75,2016,9,23,7,3,9,1,2,0,0,0,0,1,0,0,4.87357E+20,5.29428E+21,8.83116E+15,4.78018E+16
36668,36669,8,4,26,113,2016,9,11,1,3,8,1,0,0,1,0,0,0,0,0,5.71381E+20,5.31939E+21,9.95736E+15,4.80238E+16
36669,36670,8,3,35,28,2016,9,12,5,3,3,7,0,0,0,1,0,0,0,0,4.83192E+20,5.28684E+21,8.77583E+15,4.77347E+16
36670,36671,8,2,12,0,2016,9,18,5,3,2,6,0,0,0,1,0,0,0,0,4.5996E+20,5.42444E+21,8.45288E+15,4.89716E+16
36671,36672,8,1,11,0,2016,9,16,5,3,5,3,0,0,1,1,0,0,0,0,5.13059E+20,5.40645E+21,9.17787E+15,4.88109E+16
36672,36673,8,1,16,80,2016,9,18,7,2,4,6,0,0,0,1,0,0,0,0,5.22022E+20,5.39452E+21,9.29931E+15,4.87033E+16
36673,36674,8,4,15,78,2016,9,21,6,3,0,7,2,0,1,0,0,0,0,0,5.29831E+20,5.37116E+21,9.40376E+15,4.84929E+16
36674,36675,8,1,25,103,2016,9,11,1,3,8,1,0,1,0,0,0,1,0,0,5.32777E+20,5.46527E+21,9.45119E+15,4.93393E+16
36675,36676,8,1,27,46,2016,9,1,6,2,2,6,2,0,0,0,0,0,1,1,5.70995E+20,5.44748E+21,9.97408E+15,4.9176E+16
36676,36677,8,1,15,24,2016,9,16,6,3,2,6,0,0,0,1,0,0,0,0,5.00453E+20,5.38723E+21,9.00614E+15,4.86381E+16
36677,36678,8,3,35,97,2016,9,9,7,3,2,6,0,0,0,1,0,1,0,0,4.88111E+20,5.29634E+21,8.84117E+15,4.78203E+16
36678,36679,8,2,26,96,2016,9,15,2,3,3,7,0,0,1,1,0,0,0,0,4.74907E+20,5.48861E+21,8.6531E+15,4.95496E+16
36679,36680,8,1,28,126,2016,9,10,5,2,4,7,0,0,0,1,0,0,0,1,5.66916E+20,5.47696E+21,9.92306E+15,4.94417E+16
36680,36681,8,3,27,46,2016,9,12,1,3,5,3,0,0,0,1,0,1,0,0,4.8086E+20,5.32444E+21,8.74305E+15,4.80729E+16
36681,36682,8,4,16,48,2016,8,19,4,2,4,2,0,0,1,1,0,0,0,0,4.97549E+20,5.37533E+21,8.9668E+15,4.85311E+16
36682,36683,8,3,15,108,2016,9,14,2,3,3,6,0,0,0,1,0,1,0,1,4.06754E+20,5.3018E+21,7.75327E+15,4.78627E+16
36683,36684,8,1,27,62,2016,9,11,5,3,5,3,0,0,0,1,0,0,0,0,5.48949E+20,5.4293E+21,9.66943E+15,4.90147E+16
36684,36685,8,3,26,74,2016,9,0,1,3,3,6,2,0,0,1,0,0,0,0,4.7164E+20,5.32296E+21,8.61938E+15,4.80593E+16
36685,36686,8,3,17,1,2016,9,7,5,3,5,3,0,0,0,1,0,0,1,0,4.31523E+20,5.38399E+21,8.0711E+15,4.86052E+16
36686,36687,8,4,16,41,2016,8,21,4,3,5,2,2,0,0,1,0,0,0,1,5.0462E+20,5.37185E+21,9.06254E+15,4.84998E+16
36687,36688,8,2,31,0,2016,9,13,5,3,3,7,0,0,0,1,0,1,0,0,4.77651E+20,5.41537E+21,8.69511E+15,4.88909E+16
36688,36689,8,4,37,76,2016,8,8,4,3,0,2,0,0,0,1,0,1,0,0,5.25612E+20,5.32415E+21,9.34382E+15,4.80701E+16
36689,36690,8,1,11,0,2016,9,14,7,3,3,6,0,0,0,1,0,1,0,0,5.10659E+20,5.40206E+21,9.14507E+15,4.87715E+16
36690,36691,8,1,16,19,2016,9,10,1,3,1,5,0,0,1,1,0,0,0,0,5.25019E+20,5.39841E+21,9.34028E+15,4.87382E+16
36691,36692,8,1,21,0,2016,9,11,6,3,5,2,0,0,0,1,0,1,0,0,5.12841E+20,5.44304E+21,9.17605E+15,4.914E+16
36692,36693,8,4,36,9,2016,9,22,5,2,5,7,2,0,0,1,0,0,0,0,5.53808E+20,5.30488E+21,9.71987E+15,4.7895E+16
36693,36694,8,3,17,39,2016,9,14,7,3,7,7,0,0,0,0,0,1,0,0,4.3851E+20,5.34265E+21,8.17194E+15,4.82341E+16
36694,36695,8,2,15,102,2016,9,6,2,3,0,3,1,0,0,1,0,1,0,0,4.56673E+20,5.4382E+21,8.4065E+15,4.90951E+16
36695,36696,8,1,25,59,2016,9,7,5,2,4,1,0,0,0,0,0,1,1,0,5.27484E+20,5.43851E+21,9.3765E+15,4.90988E+16
36696,36697,8,2,22,0,2016,9,15,7,3,1,6,0,0,0,1,0,0,0,0,4.60835E+20,5.48232E+21,8.45919E+15,4.94923E+16
36697,36698,8,3,15,74,2016,9,17,1,3,8,1,0,1,0,1,0,0,0,0,3.98959E+20,5.29505E+21,7.65065E+15,4.78009E+16
36698,36699,8,2,16,41,2016,9,17,5,3,2,6,0,0,0,1,0,0,0,0,4.34476E+20,5.39094E+21,8.11005E+15,4.86681E+16
36699,36700,8,3,26,65,2016,9,6,6,3,3,6,1,0,1,0,0,0,0,1,4.55669E+20,5.32641E+21,8.40469E+15,4.80894E+16
36700,36701,8,2,35,85,2016,9,13,6,3,1,2,0,0,0,1,0,0,0,0,4.80508E+20,5.39805E+21,8.73491E+15,4.87351E+16
36701,36702,8,3,35,57,2016,9,14,6,3,5,2,0,0,0,1,0,0,0,0,5.03062E+20,5.30493E+21,9.04097E+15,4.78977E+16
36702,36703,8,2,26,12,2016,9,15,5,3,5,2,0,0,0,1,0,1,0,0,4.75937E+20,5.47757E+21,8.668E+15,4.94503E+16
36703,36704,8,4,36,81,2016,8,18,4,3,2,6,0,0,0,1,0,0,0,0,5.63064E+20,5.28086E+21,9.8402E+15,4.76781E+16
36704,36705,8,4,37,86,2016,9,13,7,2,8,7,0,0,0,1,0,0,0,0,5.2881E+20,5.31082E+21,9.38584E+15,4.795E+16
36705,36706,8,4,26,21,2016,9,16,7,3,8,1,0,0,0,1,0,0,0,0,5.55471E+20,5.32943E+21,9.7453E+15,4.81157E+16
36706,36707,8,3,15,115,2016,9,11,7,2,4,2,0,0,0,0,0,1,0,1,4.0819E+20,5.32194E+21,7.76817E+15,4.80441E+16
36707,36708,8,1,35,32,2016,9,14,2,3,5,3,0,0,0,1,0,0,0,0,5.72203E+20,5.3914E+21,9.98073E+15,4.86714E+16
36708,36709,8,2,11,0,2016,9,15,7,2,4,1,0,0,0,1,0,1,0,0,4.4811E+20,5.39942E+21,8.29415E+15,4.87457E+16
36709,36710,8,2,36,71,2016,9,18,1,3,0,7,0,1,0,0,0,1,0,0,4.68665E+20,5.4209E+21,8.57211E+15,4.89402E+16
36710,36711,8,4,36,64,2016,9,12,6,3,5,3,0,0,0,1,0,0,0,0,5.47533E+20,5.28796E+21,9.63408E+15,4.77433E+16
36711,36712,8,3,17,152,2016,9,9,6,2,0,2,0,0,0,1,0,0,1,0,4.06818E+20,5.34949E+21,7.74373E+15,4.82918E+16
36712,36713,8,2,36,76,2016,9,16,6,2,4,6,0,0,0,1,0,0,0,0,4.73677E+20,5.4232E+21,8.64039E+15,4.89612E+16
36713,36714,8,3,35,66,2016,9,8,2,2,8,7,0,1,0,1,0,0,0,0,5.01611E+20,5.287E+21,9.02149E+15,4.77364E+16
36714,36715,8,3,37,49,2016,9,16,7,2,8,1,0,0,0,0,0,1,0,0,4.25364E+20,5.27726E+21,8.00626E+15,4.76444E+16
36715,36716,8,4,36,4,2016,9,12,1,3,0,3,0,0,0,1,0,1,0,0,5.82616E+20,5.31009E+21,1.01062E+16,4.79388E+16
36716,36717,8,3,36,105,2016,9,20,5,3,5,3,1,0,1,1,0,0,0,0,3.99618E+20,5.26731E+21,7.66583E+15,4.75514E+16
36717,36718,8,1,27,76,2016,9,11,7,2,6,4,0,0,0,1,1,0,0,0,5.5644E+20,5.43929E+21,9.77326E+15,4.91038E+16
36718,36719,8,4,17,54,2016,9,10,7,3,5,3,0,0,0,1,0,0,0,0,4.79757E+20,5.3519E+21,8.72694E+15,4.832E+16
36719,36720,8,2,26,96,2016,9,1,7,3,3,6,2,0,1,1,0,0,0,0,4.75167E+20,5.48856E+21,8.65669E+15,4.95492E+16
36720,36721,8,1,15,4,2016,9,10,2,3,3,6,0,0,0,1,0,0,0,0,4.87189E+20,5.37259E+21,8.82655E+15,4.85063E+16
36721,36722,8,1,16,35,2016,9,12,2,2,2,6,0,0,0,0,0,0,1,0,5.23332E+20,5.39283E+21,9.31702E+15,4.8688E+16
36722,36723,8,4,26,108,2016,9,14,5,3,8,1,0,0,0,1,0,0,0,0,5.71379E+20,5.33212E+21,9.95945E+15,4.81384E+16
36723,36724,8,1,15,28,2016,9,15,7,3,2,6,0,0,0,1,0,0,0,0,5.02437E+20,5.40071E+21,9.03316E+15,4.87594E+16
36724,36725,8,1,19,91,2016,9,23,7,3,9,1,2,0,0,0,0,1,0,0,5.2892E+20,5.40476E+21,9.39378E+15,4.87952E+16
36725,36726,8,1,18,80,2016,9,0,1,2,8,7,2,0,0,1,0,0,0,0,5.09464E+20,5.4104E+21,9.12899E+15,4.88465E+16
36726,36727,8,4,35,16,2016,9,6,6,3,0,1,1,0,0,0,0,1,0,0,5.35652E+20,5.27952E+21,9.47491E+15,4.76681E+16
36727,36728,8,2,15,29,2016,9,15,6,3,4,6,0,0,0,1,0,0,0,0,4.67315E+20,5.44825E+21,8.55146E+15,4.91862E+16
36728,36729,8,2,26,106,2016,9,19,6,2,4,6,0,0,0,1,0,0,0,0,4.99482E+20,5.46225E+21,8.99288E+15,4.9313E+16
36729,36730,8,1,15,45,2016,9,22,6,2,8,1,2,0,0,0,0,1,0,0,4.98864E+20,5.3948E+21,8.98455E+15,4.87063E+16
36730,36731,8,1,16,72,2016,9,14,6,2,2,6,0,0,0,1,0,0,0,1,5.30598E+20,5.39451E+21,9.41586E+15,4.87029E+16
36731,36732,8,3,17,96,2016,9,8,2,2,5,3,0,0,1,0,0,0,0,0,4.20033E+20,5.37235E+21,7.9175E+15,4.84991E+16
36732,36733,8,1,19,89,2016,9,8,5,2,3,6,0,0,0,1,0,1,0,0,5.34317E+20,5.41546E+21,9.46816E+15,4.88911E+16
36733,36734,8,4,15,61,2016,9,14,1,2,8,7,0,0,0,1,0,1,0,0,5.17906E+20,5.37944E+21,9.24272E+15,4.85678E+16
36734,36735,8,3,35,75,2016,9,8,5,2,5,3,0,0,1,1,0,0,0,0,4.88717E+20,5.28791E+21,8.84949E+15,4.77445E+16
36735,36736,8,4,15,14,2016,8,16,4,3,2,6,0,0,0,1,0,0,0,0,5.23657E+20,5.37528E+21,9.32044E+15,4.85301E+16
36736,36737,8,2,36,4,2016,9,13,5,2,4,1,0,0,0,1,0,1,0,0,4.72356E+20,5.41149E+21,8.62314E+15,4.88557E+16
36737,36738,8,4,36,95,2016,8,19,4,3,5,3,0,0,0,1,0,1,0,0,5.37328E+20,5.29389E+21,9.49845E+15,4.77973E+16
36738,36739,8,1,15,4,2016,9,15,7,3,1,6,0,0,0,1,0,0,0,1,4.88194E+20,5.37226E+21,8.84017E+15,4.85033E+16
36739,36740,8,1,18,11,2016,9,18,1,3,2,6,0,1,0,1,0,0,0,0,5.05842E+20,5.40776E+21,9.0796E+15,4.88228E+16
36740,36741,8,3,36,50,2016,9,16,5,3,5,3,0,0,1,1,0,0,0,0,3.98679E+20,5.27305E+21,7.65203E+15,4.76029E+16
36741,36742,8,4,35,67,2016,8,10,4,3,5,3,0,0,1,1,0,0,0,0,5.27561E+20,5.29174E+21,9.36789E+15,4.77785E+16
36742,36743,8,1,17,42,2016,9,21,7,3,7,1,2,0,1,0,0,0,0,0,5.54951E+20,5.39304E+21,9.74663E+15,4.8688E+16
36743,36744,8,4,15,61,2016,9,14,6,3,0,1,0,0,1,0,0,0,0,0,5.15187E+20,5.37121E+21,9.20556E+15,4.84939E+16
36744,36745,8,1,21,0,2016,9,13,6,3,2,6,0,0,0,1,0,0,0,1,5.0985E+20,5.44817E+21,9.13517E+15,4.91863E+16
36745,36746,8,1,25,30,2016,9,18,1,3,8,1,0,1,0,1,0,0,0,0,5.17956E+20,5.43719E+21,9.24592E+15,4.90873E+16
36746,36747,8,1,17,10,2016,9,14,6,2,8,1,0,0,0,0,0,1,0,0,5.65541E+20,5.39213E+21,9.89036E+15,4.86788E+16
36747,36748,8,1,15,45,2016,9,14,6,3,2,6,0,0,0,1,0,0,0,0,4.97632E+20,5.39423E+21,8.96782E+15,4.87011E+16
36748,36749,8,3,36,84,2016,9,11,2,1,5,3,0,1,0,1,0,0,1,0,4.06643E+20,5.27733E+21,7.75704E+15,4.76427E+16
36749,36750,8,1,19,8,2016,9,5,5,3,4,2,2,0,0,1,0,0,0,0,5.30963E+20,5.42295E+21,9.42297E+15,4.89587E+16
36750,36751,8,3,36,87,2016,9,13,1,2,8,1,0,0,0,0,0,1,0,0,4.23617E+20,5.29381E+21,7.98011E+15,4.77931E+16
36751,36752,8,3,37,126,2016,8,15,4,3,2,6,0,0,0,1,0,0,0,0,4.44057E+20,5.27439E+21,8.25549E+15,4.76205E+16
36752,36753,8,2,36,40,2016,9,13,5,3,2,6,0,0,0,0,0,1,0,1,4.87943E+20,5.4218E+21,8.83532E+15,4.8949E+16
36753,36754,8,4,35,35,2016,8,17,4,3,5,3,0,0,1,1,0,0,0,0,5.41361E+20,5.28099E+21,9.55109E+15,4.7681E+16
36754,36755,8,1,11,0,2016,9,13,1,3,9,1,0,0,0,0,0,1,0,0,5.13524E+20,5.40581E+21,9.18418E+15,4.88051E+16
36755,36756,8,4,35,36,2016,9,19,7,3,0,6,1,0,0,1,0,0,0,1,5.21754E+20,5.28189E+21,9.2899E+15,4.76901E+16
36756,36757,8,1,19,79,2016,9,22,6,3,9,1,2,0,0,0,0,0,0,1,5.23669E+20,5.4072E+21,9.32242E+15,4.88173E+16
36757,36758,8,3,17,65,2016,9,9,7,3,1,5,0,0,0,1,0,0,0,0,4.18699E+20,5.35467E+21,7.90287E+15,4.834E+16
36758,36759,8,1,16,15,2016,9,12,2,3,2,6,0,0,0,1,0,0,0,0,5.22254E+20,5.39335E+21,9.3024E+15,4.86928E+16
36759,36760,8,2,15,102,2016,9,22,7,3,8,7,2,0,0,1,0,0,0,0,4.56727E+20,5.43598E+21,8.40748E+15,4.90751E+16
36760,36761,8,1,26,69,2016,9,8,6,2,5,3,0,0,0,1,0,1,0,0,5.36903E+20,5.44748E+21,9.50635E+15,4.9179E+16
36761,36762,8,1,11,0,2016,9,14,6,3,2,7,0,0,0,1,0,1,0,0,5.15243E+20,5.40545E+21,9.20757E+15,4.88018E+16
36762,36763,8,3,35,22,2016,9,0,7,2,9,7,2,0,0,1,0,0,0,0,4.79252E+20,5.3036E+21,8.72247E+15,4.78854E+16
36763,36764,8,2,22,0,2016,9,16,2,3,5,3,0,0,1,1,0,0,0,0,4.62294E+20,5.48042E+21,8.47952E+15,4.94753E+16
36764,36765,8,1,18,50,2016,9,17,5,3,5,2,0,0,1,1,0,0,0,0,5.04416E+20,5.42044E+21,9.06029E+15,4.89369E+16
36765,36766,8,3,17,110,2016,9,17,1,3,0,1,0,1,1,0,0,0,0,0,4.27306E+20,5.38219E+21,8.01422E+15,4.85886E+16
36766,36767,8,4,36,81,2016,9,14,6,3,5,3,0,0,1,1,0,0,0,0,5.62735E+20,5.28196E+21,9.83598E+15,4.7688E+16
36767,36768,8,4,36,95,2016,9,12,7,3,5,2,0,0,1,0,0,1,0,0,5.34044E+20,5.28941E+21,9.45425E+15,4.77571E+16
36768,36769,8,4,26,97,2016,9,13,7,2,4,6,0,0,0,0,0,1,0,0,5.29111E+20,5.33614E+21,9.3916E+15,4.81778E+16
36769,36770,8,2,37,28,2016,9,12,7,3,8,1,0,0,0,0,0,1,0,0,4.54086E+20,5.36613E+21,8.37911E+15,4.84467E+16
36770,36771,8,1,21,0,2016,9,16,2,3,2,6,0,0,0,1,0,0,0,0,5.1643E+20,5.44504E+21,9.22535E+15,4.91579E+16
36771,36772,8,4,36,83,2016,9,16,5,3,8,1,0,0,0,0,0,1,0,0,5.32344E+20,5.30369E+21,9.43263E+15,4.78858E+16
36772,36773,8,1,25,65,2016,9,13,7,3,2,6,0,0,0,1,0,0,0,0,5.1687E+20,5.44747E+21,9.23147E+15,4.91798E+16
36773,36774,8,1,25,17,2016,9,1,7,2,8,1,2,0,0,0,0,1,0,0,5.03908E+20,5.43207E+21,9.05348E+15,4.90415E+16
36774,36775,8,2,26,22,2016,9,12,1,3,2,6,0,1,0,1,0,0,0,0,4.81845E+20,5.46816E+21,8.74995E+15,4.93659E+16
36775,36776,8,4,35,13,2016,9,10,6,3,2,6,0,0,0,1,0,0,0,0,5.41031E+20,5.27507E+21,9.54613E+15,4.76277E+16
36776,36777,8,3,15,108,2016,9,18,6,3,2,6,0,0,0,1,0,0,0,0,4.05322E+20,5.30544E+21,7.73334E+15,4.78953E+16
36777,36778,8,2,26,3,2016,9,13,6,3,2,1,0,0,0,1,0,0,0,0,4.60437E+20,5.46293E+21,8.45563E+15,4.93178E+16
36778,36779,8,2,12,0,2016,9,17,1,2,8,1,0,1,0,1,0,0,0,0,4.5897E+20,5.42647E+21,8.43915E+15,4.89898E+16
36779,36780,8,4,36,3,2016,9,18,6,2,0,6,0,0,1,1,0,0,0,0,5.78259E+20,5.30497E+21,1.0047E+16,4.78933E+16
36780,36781,8,3,17,116,2016,9,15,6,3,2,6,0,0,0,1,0,0,0,0,4.32465E+20,5.38892E+21,8.08307E+15,4.86497E+16
36781,36782,8,2,36,28,2016,9,12,6,2,5,3,0,0,1,1,0,0,0,0,4.94902E+20,5.4221E+21,8.93036E+15,4.89518E+16
36782,36783,8,4,16,41,2016,9,11,2,3,3,6,0,0,0,1,0,0,1,0,5.01206E+20,5.37221E+21,9.01633E+15,4.8503E+16
36783,36784,8,4,15,61,2016,9,1,7,3,2,6,2,0,0,1,0,0,1,0,5.1513E+20,5.37096E+21,9.20478E+15,4.84916E+16
36784,36785,8,2,25,32,2016,9,22,7,3,1,6,2,0,0,0,0,1,0,0,5.32502E+20,5.49623E+21,9.44996E+15,4.96178E+16
36785,36786,8,4,37,100,2016,9,4,1,3,6,6,2,0,0,1,1,0,0,0,5.36895E+20,5.31908E+21,9.49482E+15,4.80239E+16
36786,36787,8,1,16,47,2016,9,16,2,3,2,6,0,0,0,1,0,0,0,0,5.20795E+20,5.39336E+21,9.28258E+15,4.86929E+16
36787,36788,8,4,15,88,2016,9,11,5,3,2,2,0,0,0,1,0,0,0,0,5.3619E+20,5.37114E+21,9.48982E+15,4.84923E+16
36788,36789,8,4,25,5,2016,9,15,7,2,9,1,0,0,0,0,0,1,0,0,5.74138E+20,5.38195E+21,1.00053E+16,4.85862E+16
36789,36790,8,3,17,73,2016,9,11,5,3,2,6,0,0,0,1,0,0,0,0,4.10053E+20,5.34938E+21,7.78735E+15,4.82912E+16
36790,36791,8,4,35,16,2016,8,22,4,3,8,1,2,0,0,1,0,0,0,0,5.37583E+20,5.28397E+21,9.501E+15,4.7708E+16
36791,36792,8,1,18,7,2016,9,1,7,3,9,1,2,0,0,1,0,0,0,0,5.10436E+20,5.42774E+21,9.14269E+15,4.90025E+16
36792,36793,8,4,26,38,2016,9,16,6,3,2,6,0,0,0,1,0,0,0,1,5.59405E+20,5.31219E+21,9.79576E+15,4.79603E+16
36793,36794,8,2,12,0,2016,9,9,6,3,2,6,0,0,0,1,0,1,0,0,4.60765E+20,5.42397E+21,8.46394E+15,4.89674E+16
36794,36795,8,2,15,107,2016,9,18,6,3,2,6,0,0,0,1,0,0,0,0,4.62075E+20,5.45719E+21,8.4787E+15,4.92663E+16
36795,36796,8,1,15,42,2016,9,23,6,2,2,6,2,0,0,1,0,0,0,0,4.94876E+20,5.40593E+21,8.93022E+15,4.88063E+16
36796,36797,8,1,16,77,2016,9,16,6,2,8,1,0,0,1,0,0,0,0,0,5.12668E+20,5.38714E+21,9.17195E+15,4.86372E+16
36797,36798,8,3,15,74,2016,9,1,2,3,9,1,2,1,0,1,0,0,0,0,3.9862E+20,5.297E+21,7.64567E+15,4.78184E+16
36798,36799,8,1,18,48,2016,9,16,5,3,1,6,0,0,0,1,0,0,0,1,5.15699E+20,5.41512E+21,9.21416E+15,4.88888E+16
36799,36800,8,4,15,50,2016,9,6,1,3,3,6,0,0,0,1,0,0,0,0,5.19466E+20,5.3757E+21,9.26368E+15,4.85341E+16
36800,36801,8,1,18,51,2016,9,17,6,3,5,2,0,0,0,1,0,0,0,0,5.1055E+20,5.4148E+21,9.14391E+15,4.88861E+16
36801,36802,8,3,27,11,2016,9,0,2,3,9,1,2,1,0,1,0,0,0,0,4.84608E+20,5.32299E+21,8.79342E+15,4.806E+16
36802,36803,8,3,35,96,2016,9,13,7,3,8,7,0,0,0,0,0,1,0,0,5.04404E+20,5.30351E+21,9.05891E+15,4.78849E+16
36803,36804,8,4,35,47,2016,9,16,1,3,8,1,0,1,0,0,0,1,0,0,5.12803E+20,5.29624E+21,9.17104E+15,4.78194E+16
36804,36805,8,3,35,35,2016,9,16,5,2,5,2,0,0,0,0,0,1,1,0,4.80764E+20,5.29016E+21,8.7433E+15,4.77645E+16
36805,36806,8,1,25,5,2016,9,17,7,3,2,6,0,0,0,1,0,0,0,0,5.15734E+20,5.45297E+21,9.21611E+15,4.92293E+16
36806,36807,8,3,36,34,2016,9,18,5,1,4,6,0,0,1,0,0,1,0,0,4.16986E+20,5.28103E+21,7.89402E+15,4.76774E+16
36807,36808,8,4,26,70,2016,8,20,4,3,0,1,0,0,1,0,0,0,0,0,5.65495E+20,5.34293E+21,9.88204E+15,4.82362E+16
36808,36809,8,1,17,35,2016,9,10,7,2,1,6,0,0,0,1,0,1,0,0,5.48914E+20,5.38138E+21,9.66323E+15,4.85836E+16
36809,36810,8,4,15,85,2016,9,17,6,3,9,1,0,0,0,0,0,1,0,0,5.32763E+20,5.34181E+21,9.44116E+15,4.82287E+16
36810,36811,8,1,25,69,2016,9,6,1,3,2,6,1,0,0,1,0,0,0,0,5.25553E+20,5.44889E+21,9.35071E+15,4.91922E+16
36811,36812,8,1,27,76,2016,9,16,6,3,5,3,0,0,0,1,0,0,0,0,5.52999E+20,5.43896E+21,9.72607E+15,4.91012E+16
36812,36813,8,1,15,41,2016,9,12,6,3,3,6,0,0,0,1,0,0,0,0,4.96209E+20,5.40167E+21,8.94841E+15,4.8768E+16
36813,36814,8,2,31,0,2016,9,16,2,2,5,2,0,0,0,0,0,1,0,1,4.76448E+20,5.41571E+21,8.67868E+15,4.88939E+16
36814,36815,8,1,18,48,2016,9,16,5,2,5,3,0,0,1,1,0,0,0,0,5.14231E+20,5.41561E+21,9.19415E+15,4.88933E+16
36815,36816,8,3,35,63,2016,9,16,1,3,9,7,0,0,0,1,0,0,0,0,4.95466E+20,5.29005E+21,8.93949E+15,4.77638E+16
36816,36817,8,3,36,91,2016,8,16,4,3,2,6,0,0,0,1,0,0,0,0,3.95824E+20,5.27518E+21,7.61354E+15,4.76216E+16
36817,36818,8,2,22,0,2016,9,12,5,3,5,3,0,0,1,1,0,0,0,0,4.67527E+20,5.48207E+21,8.55161E+15,4.94904E+16
36818,36819,8,4,26,74,2016,8,21,4,3,8,1,2,0,0,1,0,0,0,0,5.56129E+20,5.3243E+21,9.75346E+15,4.80695E+16
36819,36820,8,3,26,12,2016,9,17,5,3,5,3,0,0,0,1,0,1,0,0,4.66486E+20,5.30995E+21,8.55123E+15,4.7942E+16
36820,36821,8,3,36,106,2016,8,18,4,2,8,1,0,0,0,0,0,1,0,0,4.22414E+20,5.28854E+21,7.96499E+15,4.77456E+16
36821,36822,8,2,31,0,2016,9,13,5,3,5,3,0,0,0,1,0,0,0,0,4.79438E+20,5.41594E+21,8.71945E+15,4.88961E+16
36822,36823,8,4,26,120,2016,8,9,4,2,6,4,0,0,0,0,1,0,1,0,5.61452E+20,5.32473E+21,9.82496E+15,4.80729E+16
36823,36824,8,1,11,0,2016,9,16,7,3,9,1,0,0,0,0,0,1,0,0,5.08542E+20,5.40062E+21,9.11623E+15,4.87585E+16
36824,36825,8,1,16,11,2016,9,11,1,3,9,1,0,1,1,0,0,0,0,0,5.3128E+20,5.3794E+21,9.424E+15,4.85669E+16
36825,36826,8,1,25,5,2016,9,16,6,3,1,6,0,0,0,1,0,1,0,0,5.15731E+20,5.45298E+21,9.21607E+15,4.92294E+16
36826,36827,8,4,36,52,2016,9,12,5,2,5,3,0,0,0,1,0,1,0,0,5.6803E+20,5.28907E+21,9.90764E+15,4.77514E+16
36827,36828,8,2,37,4,2016,9,12,7,1,4,1,0,0,0,1,0,1,0,0,4.45796E+20,5.37762E+21,8.26553E+15,4.85493E+16
36828,36829,8,2,15,7,2016,9,12,2,3,5,3,0,0,0,1,0,1,0,0,4.79834E+20,5.42853E+21,8.72425E+15,4.90093E+16
36829,36830,8,1,17,26,2016,9,17,5,3,3,6,0,0,0,1,0,1,0,0,5.49084E+20,5.39332E+21,9.66695E+15,4.8691E+16
36830,36831,8,3,15,76,2016,9,11,1,3,5,3,0,0,0,1,0,0,0,0,3.94005E+20,5.30334E+21,7.58249E+15,4.78747E+16
36831,36832,8,3,26,68,2016,9,20,6,3,8,1,2,0,0,1,0,0,0,0,4.51199E+20,5.32015E+21,8.34538E+15,4.80327E+16
36832,36833,8,2,37,28,2016,9,8,6,3,9,1,0,0,0,1,0,0,0,0,4.61345E+20,5.36655E+21,8.47723E+15,4.84509E+16