FID,OBJECTID,ULAND,UREGBEZ,UKREIS,UGEMEINDE,UJAHR,UMONAT,USTUNDE,UWOCHENTAG,UKATEGORIE,UART,UTYP1,ULICHTVERH,IstStrasse,IstRad,IstPKW,IstFuss,IstKrad,IstGkfz,IstSonstig,LINREFX,LINREFY,XGCSWGS84,YGCSWGS84
36833,36834,8,4,17,25,2016,9,14,7,3,0,3,0,0,0,0,0,1,0,1,4.8524E+20,5.35701E+21,8.80072E+15,4.83661E+16
36834,36835,8,2,36,40,2016,9,16,7,3,5,3,0,0,0,1,0,0,0,0,4.89905E+20,5.42495E+21,8.86204E+15,4.89774E+16
36835,36836,8,1,15,52,2016,9,8,2,2,2,2,0,0,0,1,0,0,0,0,4.93472E+20,5.40816E+21,8.91105E+15,4.88264E+16
36836,36837,8,1,18,48,2016,9,14,2,3,3,6,0,0,0,1,0,0,1,0,5.13869E+20,5.41514E+21,9.1892E+15,4.8889E+16
36837,36838,8,4,37,88,2016,9,16,7,3,8,1,0,0,0,0,0,1,0,0,5.19845E+20,5.31039E+21,9.26576E+15,4.79465E+16
36838,36839,8,4,37,31,2016,9,11,7,3,5,3,0,0,0,1,0,1,0,0,5.16051E+20,5.34413E+21,9.21623E+15,4.82501E+16
36839,36840,8,3,16,54,2016,9,1,7,3,8,1,2,0,0,1,0,0,0,0,4.17292E+20,5.33483E+21,7.88777E+15,4.81613E+16
36840,36841,8,1,36,50,2016,9,9,2,3,5,3,0,0,1,0,0,0,0,1,5.80844E+20,5.40331E+21,1.01004E+16,4.87775E+16
36841,36842,8,1,17,24,2016,9,15,5,3,1,6,0,0,0,1,0,0,0,0,5.60204E+20,5.38647E+21,9.81704E+15,4.86284E+16
36842,36843,8,2,12,0,2016,9,16,7,3,8,1,0,0,0,0,0,1,0,0,4.60683E+20,5.42388E+21,8.46282E+15,4.89666E+16
36843,36844,8,2,31,0,2016,9,15,1,3,2,6,0,0,0,1,0,0,0,0,4.78935E+20,5.41691E+21,8.71255E+15,4.89048E+16
36844,36845,8,4,36,96,2016,9,9,6,3,5,3,0,0,1,1,0,0,0,0,5.43907E+20,5.30136E+21,9.58707E+15,4.78641E+16
36845,36846,8,3,17,96,2016,9,21,6,3,9,6,2,0,0,1,0,0,0,0,4.18975E+20,5.3721E+21,7.90322E+15,4.84968E+16
36846,36847,8,2,36,73,2016,9,14,6,3,6,4,0,0,0,1,1,0,0,0,4.79933E+20,5.42419E+21,8.72581E+15,4.89703E+16
36847,36848,8,4,15,59,2016,9,14,2,3,5,3,0,0,1,1,0,0,0,0,5.16241E+20,5.36912E+21,9.21975E+15,4.8475E+16
36848,36849,8,3,37,126,2016,9,14,7,3,1,6,0,0,0,1,0,0,0,0,4.43553E+20,5.27393E+21,8.24884E+15,4.76163E+16
36849,36850,8,4,35,29,2016,9,19,1,3,4,2,2,1,0,1,0,0,0,0,5.4497E+20,5.27167E+21,9.59821E+15,4.75969E+16
36850,36851,8,3,37,96,2016,9,16,5,2,8,1,0,0,0,1,0,1,0,0,4.22818E+20,5.26907E+21,7.9738E+15,4.75705E+16
36851,36852,8,1,27,76,2016,9,4,7,3,8,1,2,0,0,1,0,0,0,0,5.50818E+20,5.43737E+21,9.696E+15,4.9087E+16
36852,36853,8,3,15,50,2016,9,17,5,2,0,1,0,0,0,0,0,1,0,0,4.02315E+20,5.30411E+21,7.69342E+15,4.78829E+16
36853,36854,8,4,25,28,2016,8,12,4,2,4,2,0,0,1,1,0,0,0,0,5.79689E+20,5.33953E+21,1.00725E+16,4.8204E+16
36854,36855,8,1,17,26,2016,9,11,7,3,1,6,0,0,0,1,0,0,0,0,5.47622E+20,5.39582E+21,9.64739E+15,4.87136E+16
36855,36856,8,4,37,104,2016,9,17,5,2,6,4,0,0,0,1,1,0,0,0,5.15142E+20,5.32595E+21,9.20333E+15,4.80866E+16
36856,36857,8,1,15,42,2016,9,0,7,3,2,6,2,0,0,1,0,0,1,0,4.95638E+20,5.40536E+21,8.9406E+15,4.88012E+16
36857,36858,8,1,21,0,2016,9,17,7,3,2,6,0,0,0,1,0,1,0,0,5.14105E+20,5.44144E+21,9.19333E+15,4.91256E+16
36858,36859,8,3,17,153,2016,9,2,1,1,6,4,2,0,0,1,1,0,0,0,4.23292E+20,5.38983E+21,7.95838E+15,4.86568E+16
36859,36860,8,4,35,16,2016,9,17,6,3,3,6,0,0,1,0,0,0,0,1,5.36438E+20,5.2778E+21,9.48522E+15,4.76526E+16
36860,36861,8,2,26,85,2016,9,18,6,2,3,6,0,0,0,1,0,1,0,0,4.92693E+20,5.45366E+21,8.89963E+15,4.92356E+16
36861,36862,8,2,22,0,2016,9,21,6,3,2,6,2,0,0,1,0,1,0,0,4.62462E+20,5.48672E+21,8.48124E+15,4.95319E+16
36862,36863,8,1,15,29,2016,9,15,6,3,2,6,0,0,0,1,0,0,1,0,5.02526E+20,5.3995E+21,9.03436E+15,4.87485E+16
36863,36864,8,1,16,36,2016,9,16,6,3,8,1,0,0,0,0,0,1,0,1,5.24488E+20,5.37846E+21,9.33188E+15,4.85588E+16
36864,36865,8,3,17,85,2016,9,20,2,3,8,7,2,0,1,0,0,0,0,0,4.31695E+20,5.36075E+21,8.07723E+15,4.83962E+16
36865,36866,8,3,35,22,2016,9,19,7,2,9,1,0,0,0,0,0,1,0,0,4.8094E+20,5.30247E+21,8.7451E+15,4.78753E+16
36866,36867,8,4,25,138,2016,9,13,1,2,0,1,0,0,0,0,0,1,0,0,5.73291E+20,5.34996E+21,9.98824E+15,4.82986E+16
36867,36868,8,4,35,34,2016,9,17,5,2,8,1,0,0,0,1,0,1,0,0,5.30453E+20,5.28643E+21,9.40613E+15,4.77306E+16
36868,36869,8,2,12,0,2016,9,9,5,3,2,6,0,0,0,1,0,0,0,0,4.62526E+20,5.43204E+21,8.48725E+15,4.90401E+16
36869,36870,8,4,17,2,2016,8,10,4,2,2,6,0,0,0,1,0,0,1,0,4.88067E+20,5.34477E+21,8.83924E+15,4.8256E+16
36870,36871,8,1,15,28,2016,9,15,7,3,0,1,0,0,0,0,0,1,0,0,5.02695E+20,5.39976E+21,9.03666E+15,4.87508E+16
36871,36872,8,3,36,50,2016,9,9,6,3,4,6,0,0,0,1,0,0,0,0,4.02332E+20,5.27714E+21,7.69971E+15,4.76403E+16
36872,36873,8,1,18,76,2016,9,16,1,3,8,1,0,1,0,1,0,0,0,0,5.03433E+20,5.42349E+21,9.0469E+15,4.89643E+16
36873,36874,8,1,26,39,2016,9,16,6,3,5,3,0,0,0,1,0,0,0,0,5.48103E+20,5.46274E+21,9.66185E+15,4.93155E+16
36874,36875,8,1,11,0,2016,9,22,6,3,9,1,2,0,0,1,0,0,0,0,5.14998E+20,5.40615E+21,9.20427E+15,4.88082E+16
36875,36876,8,3,35,43,2016,9,23,7,2,5,3,2,0,0,1,0,0,0,0,5.10243E+20,5.28273E+21,9.13651E+15,4.76979E+16
36876,36877,8,2,25,60,2016,9,15,2,3,0,7,0,0,0,0,0,1,0,0,5.14686E+20,5.48654E+21,9.20296E+15,4.95313E+16
36877,36878,8,1,17,19,2016,9,18,5,3,2,6,0,0,0,1,0,0,0,0,5.51137E+20,5.39388E+21,9.69492E+15,4.86959E+16
36878,36879,8,4,15,78,2016,9,10,6,3,5,2,0,0,0,1,0,0,0,0,5.33344E+20,5.37092E+21,9.4513E+15,4.84905E+16
36879,36880,8,2,16,28,2016,9,7,6,2,6,4,0,0,0,1,1,0,0,0,4.26211E+20,5.39718E+21,7.9967E+15,4.87232E+16
36880,36881,8,1,27,99,2016,9,3,1,3,9,1,2,0,0,1,0,0,0,0,5.60953E+20,5.4464E+21,9.83616E+15,4.91674E+16
36881,36882,8,4,25,112,2016,9,15,6,3,0,6,0,0,0,1,0,0,0,0,5.82296E+20,5.37835E+21,1.01152E+16,4.85528E+16
36882,36883,8,1,16,35,2016,9,16,6,3,0,6,0,0,0,0,0,1,0,0,5.25551E+20,5.39264E+21,9.34715E+15,4.86863E+16
36883,36884,8,3,15,76,2016,9,16,2,3,2,6,0,0,0,1,0,0,1,0,3.91833E+20,5.29666E+21,7.55512E+15,4.78142E+16
36884,36885,8,1,17,2,2016,9,12,5,3,3,6,0,0,0,1,0,0,0,0,5.39699E+20,5.38667E+21,9.53881E+15,4.86318E+16
36885,36886,8,3,36,87,2016,9,14,1,3,9,1,0,0,0,0,0,1,0,0,4.22924E+20,5.29261E+21,7.97106E+15,4.77823E+16
36886,36887,8,3,36,50,2016,8,19,4,3,3,2,0,0,0,1,0,0,0,0,3.99208E+20,5.2755E+21,7.65849E+15,4.76251E+16
36887,36888,8,2,36,71,2016,9,19,5,3,0,1,0,0,0,0,0,1,0,0,4.68347E+20,5.4207E+21,8.56777E+15,4.89384E+16
36888,36889,8,4,17,2,2016,8,16,4,3,4,2,0,0,0,1,0,1,0,0,4.89208E+20,5.34099E+21,8.8547E+15,4.8222E+16
36889,36890,8,1,11,0,2016,9,14,7,3,2,6,0,0,0,1,0,0,0,0,5.12639E+20,5.40166E+21,9.17201E+15,4.87678E+16
36890,36891,8,1,11,0,2016,9,18,1,3,2,6,0,1,0,1,0,0,0,0,5.15354E+20,5.4053E+21,9.20908E+15,4.88005E+16
36891,36892,8,1,21,0,2016,9,15,6,3,1,4,0,0,0,1,1,0,0,0,5.15939E+20,5.44244E+21,9.21851E+15,4.91346E+16
36892,36893,8,3,17,96,2016,9,23,7,3,0,7,2,0,1,0,0,0,0,0,4.21822E+20,5.36885E+21,7.94236E+15,4.84679E+16
36893,36894,8,1,15,45,2016,9,7,2,3,2,6,0,0,0,1,0,0,0,1,5.04237E+20,5.39726E+21,9.05762E+15,4.87283E+16
36894,36895,8,4,25,79,2016,9,14,5,1,5,6,0,0,0,0,0,0,0,1,5.55112E+20,5.37376E+21,9.74626E+15,4.85146E+16
36895,36896,8,2,21,0,2016,9,14,7,2,6,7,0,0,1,1,1,0,0,0,4.78519E+20,5.47359E+21,8.70385E+15,4.94146E+16
36896,36897,8,3,15,64,2016,9,1,1,3,9,1,2,0,0,1,0,0,0,0,4.2127E+20,5.31302E+21,7.94526E+15,4.79656E+16
36897,36898,8,3,25,53,2016,9,18,6,3,0,1,0,0,1,0,0,0,0,0,4.57553E+20,5.34292E+21,8.42834E+15,4.82381E+16
36898,36899,8,3,17,41,2016,9,13,1,3,2,6,0,0,0,1,0,0,0,0,4.40417E+20,5.3479E+21,8.19687E+15,4.82815E+16
36899,36900,8,3,35,63,2016,9,8,6,3,5,2,0,0,0,1,0,0,0,1,4.99552E+20,5.28814E+21,8.99402E+15,4.77466E+16
36900,36901,8,2,26,102,2016,9,17,5,2,4,6,0,0,0,1,0,0,0,0,4.84955E+20,5.45175E+21,8.7934E+15,4.92184E+16
36901,36902,8,4,16,48,2016,8,8,4,3,5,2,0,0,0,1,0,0,0,0,4.93568E+20,5.37979E+21,8.91281E+15,4.85712E+16
36902,36903,8,4,36,94,2016,9,14,7,2,2,2,0,0,0,1,0,0,0,0,5.71829E+20,5.28055E+21,9.95691E+15,4.76743E+16
36903,36904,8,4,26,58,2016,9,10,7,3,4,7,0,0,0,1,0,1,0,0,5.58218E+20,5.31858E+21,9.78072E+15,4.80178E+16
36904,36905,8,2,15,46,2016,9,16,7,3,1,2,0,0,0,1,0,0,0,0,4.51615E+20,5.4181E+21,8.33962E+15,4.89139E+16
36905,36906,8,1,25,38,2016,9,9,2,3,8,6,0,0,0,1,0,0,0,1,5.02142E+20,5.43433E+21,9.02932E+15,4.90619E+16
36906,36907,8,4,36,81,2016,9,17,5,3,5,3,0,0,0,1,0,1,0,0,5.62701E+20,5.28199E+21,9.83553E+15,4.76883E+16
36907,36908,8,1,26,11,2016,9,18,7,3,3,6,0,0,0,1,0,0,0,0,5.30088E+20,5.44757E+21,9.41285E+15,4.91802E+16
36908,36909,8,2,26,85,2016,9,15,1,2,5,3,0,1,0,1,0,0,0,1,4.89396E+20,5.45501E+21,8.85429E+15,4.92478E+16
36909,36910,8,4,35,52,2016,9,19,6,3,0,7,1,0,1,0,0,0,0,0,5.22742E+20,5.28804E+21,9.30338E+15,4.77453E+16
36910,36911,8,3,15,130,2016,9,16,6,3,8,6,0,0,1,0,0,0,0,0,4.14134E+20,5.30471E+21,7.85135E+15,4.789E+16
36911,36912,8,2,26,49,2016,9,11,6,3,5,3,0,0,0,1,0,0,0,0,4.86656E+20,5.46295E+21,8.81638E+15,4.93192E+16
36912,36913,8,1,19,44,2016,9,14,6,3,8,1,0,0,1,0,0,0,0,0,5.45775E+20,5.42453E+21,9.62548E+15,4.8972E+16
36913,36914,8,3,35,75,2016,9,6,2,3,8,1,0,1,0,1,0,0,0,0,4.88911E+20,5.29544E+21,8.85188E+15,4.78122E+16
36914,36915,8,3,36,69,2016,9,10,7,3,5,3,0,0,0,1,0,0,0,0,4.0955E+20,5.27E+21,7.79724E+15,4.75771E+16
36915,36916,8,2,35,25,2016,9,15,6,2,9,1,0,0,0,0,0,1,0,0,4.62358E+20,5.38971E+21,8.48884E+15,4.86593E+16
36916,36917,8,4,17,79,2016,9,17,2,3,8,1,0,0,0,1,0,0,0,0,5.0185E+20,5.34341E+21,9.02492E+15,4.82439E+16
36917,36918,8,4,17,2,2016,9,14,7,3,5,3,0,0,0,1,1,0,0,0,4.8897E+20,5.347E+21,8.85134E+15,4.82761E+16
36918,36919,8,2,25,39,2016,9,11,7,3,4,1,0,0,0,1,0,0,0,0,5.33447E+20,5.49109E+21,9.46261E+15,4.95715E+16
36919,36920,8,1,11,0,2016,9,15,2,3,5,3,0,0,0,1,0,0,0,0,5.11451E+20,5.40642E+21,9.15597E+15,4.88107E+16
36920,36921,8,1,17,49,2016,9,19,2,3,5,2,0,0,0,1,0,1,0,0,5.55825E+20,5.39222E+21,9.7584E+15,4.86805E+16
36921,36922,8,4,26,108,2016,9,19,5,2,3,6,0,0,0,0,0,1,0,1,5.70173E+20,5.33949E+21,9.94446E+15,4.82047E+16
36922,36923,8,1,36,65,2016,9,19,7,2,0,1,1,0,1,0,0,0,0,0,5.58219E+20,5.40489E+21,9.79271E+15,4.87943E+16
36923,36924,8,1,19,55,2016,9,15,7,3,8,1,0,0,0,0,0,1,0,0,5.41409E+20,5.40457E+21,9.56381E+15,4.87928E+16
36924,36925,8,1,36,88,2016,9,5,1,3,8,1,1,0,0,1,0,0,0,0,5.824E+20,5.41451E+21,1.01238E+16,4.88781E+16
36925,36926,8,4,26,74,2016,9,16,6,3,2,6,0,0,0,1,0,0,0,0,5.51327E+20,5.32643E+21,9.68927E+15,4.8089E+16
36926,36927,8,2,12,0,2016,9,22,6,3,2,6,2,0,0,1,0,0,0,0,4.51957E+20,5.42726E+21,8.34321E+15,4.89964E+16
36927,36928,8,2,16,15,2016,9,10,6,3,2,6,0,0,0,1,0,1,0,0,4.48057E+20,5.40773E+21,8.29238E+15,4.88204E+16
36928,36929,8,1,18,78,2016,9,23,6,2,5,3,2,0,0,0,0,1,0,1,5.15977E+20,5.42118E+21,9.21819E+15,4.89433E+16
36929,36930,8,1,16,33,2016,9,6,6,2,8,1,0,0,0,1,0,0,0,0,5.3103E+20,5.38717E+21,9.42118E+15,4.86368E+16
36930,36931,8,3,15,37,2016,9,18,2,3,2,7,0,0,0,1,0,1,0,0,4.32367E+20,5.30221E+21,8.09561E+15,4.78696E+16
36931,36932,8,1,17,14,2016,9,16,5,2,9,1,0,0,0,1,0,1,1,0,5.51756E+20,5.38682E+21,9.70245E+15,4.86323E+16
36932,36933,8,4,16,26,2016,9,11,1,3,8,7,0,0,0,1,0,0,0,0,5.04191E+20,5.36502E+21,9.05667E+15,4.84383E+16
36933,36934,8,3,26,74,2016,9,19,5,3,5,3,0,0,0,1,0,1,0,0,4.64377E+20,5.32342E+21,8.52187E+15,4.80631E+16
36934,36935,8,3,35,75,2016,8,20,4,3,1,5,2,0,1,1,0,0,0,0,4.89198E+20,5.28784E+21,8.85591E+15,4.77439E+16
36935,36936,8,2,31,0,2016,9,13,5,3,5,3,0,0,0,1,0,0,0,0,4.79029E+20,5.41469E+21,8.71395E+15,4.88848E+16
36936,36937,8,1,15,34,2016,9,5,7,3,9,7,2,0,0,1,0,0,0,0,4.83566E+20,5.37441E+21,8.77743E+15,4.85226E+16
36937,36938,8,3,16,56,2016,9,19,6,3,0,3,0,0,0,1,0,1,0,0,4.25374E+20,5.32846E+21,7.99755E+15,4.81051E+16
36938,36939,8,4,16,26,2016,9,17,3,3,2,6,0,0,0,1,0,0,0,0,5.04803E+20,5.36348E+21,9.06493E+15,4.84244E+16
36939,36940,8,1,11,0,2016,9,17,5,3,2,6,0,0,0,1,0,0,0,0,5.16601E+20,5.39346E+21,9.22559E+15,4.8694E+16
36940,36941,8,3,17,57,2016,9,19,3,3,5,3,0,0,1,1,0,0,0,0,4.12692E+20,5.381E+21,7.81634E+15,4.8576E+16
36941,36942,8,1,25,79,2016,9,18,6,3,2,6,0,0,0,1,0,0,0,0,5.13077E+20,5.4537E+21,9.17964E+15,4.92359E+16
36942,36943,8,1,26,66,2016,9,15,3,2,3,6,0,0,1,0,0,0,0,1,5.3312E+20,5.45695E+21,9.45523E+15,4.92644E+16
36943,36944,8,2,26,95,2016,9,16,7,2,5,2,0,0,0,0,0,1,0,0,4.73295E+20,5.46079E+21,8.63268E+15,4.92993E+16
36944,36945,8,1,15,3,2016,9,14,6,3,1,6,0,0,0,1,0,1,0,0,5.00694E+20,5.39246E+21,9.00943E+15,4.86852E+16
36945,36946,8,2,36,40,2016,9,21,4,3,2,6,2,0,0,1,0,0,0,1,4.89941E+20,5.42181E+21,8.86261E+15,4.89492E+16
36946,36947,8,1,18,73,2016,9,17,4,3,2,6,0,0,0,1,0,0,0,0,5.01406E+20,5.41656E+21,9.01919E+15,4.8902E+16
36947,36948,8,4,35,52,2016,9,12,6,3,9,1,0,0,0,0,0,1,0,0,5.2187E+20,5.28844E+21,9.29177E+15,4.7749E+16
36948,36949,8,2,25,14,2016,9,17,3,3,2,6,0,0,0,1,0,0,0,0,5.26273E+20,5.48105E+21,9.36272E+15,4.94815E+16
36949,36950,8,2,11,0,2016,9,17,6,3,2,6,0,0,0,1,0,0,0,0,4.40535E+20,5.40705E+21,8.19002E+15,4.88135E+16
36950,36951,8,1,11,0,2016,9,13,3,3,2,6,0,0,0,1,0,0,0,0,5.13256E+20,5.4066E+21,9.18056E+15,4.88122E+16
36951,36952,8,3,35,21,2016,9,17,7,2,9,7,0,0,0,0,0,1,0,0,4.93807E+20,5.29981E+21,8.91722E+15,4.78516E+16
36952,36953,8,2,31,0,2016,9,20,3,2,6,4,0,0,0,1,1,0,0,0,4.77587E+20,5.41565E+21,8.69422E+15,4.88934E+16
36953,36954,8,1,18,51,2016,9,5,6,2,5,3,2,0,0,1,0,0,0,0,5.08148E+20,5.41465E+21,9.11114E+15,4.88848E+16
36954,36955,8,1,15,29,2016,9,14,7,2,8,1,0,0,0,0,0,1,0,0,4.95947E+20,5.39999E+21,8.94486E+15,4.87529E+16
36955,36956,8,2,16,7,2016,9,16,6,3,9,1,0,0,0,0,0,1,0,0,4.39029E+20,5.38818E+21,8.17229E+15,4.86437E+16
36956,36957,8,4,25,33,2016,9,12,5,3,0,1,0,0,1,0,0,0,0,0,5.61664E+20,5.34619E+21,9.83093E+15,4.82659E+16
36957,36958,8,4,36,39,2016,9,16,5,2,4,2,0,0,0,0,0,1,1,1,5.51599E+20,5.28735E+21,9.68823E+15,4.77375E+16
36958,36959,8,1,36,65,2016,9,16,4,3,5,3,0,0,0,1,0,0,0,0,5.65291E+20,5.408E+21,9.88948E+15,4.88215E+16
36959,36960,8,1,15,28,2016,9,0,7,3,2,6,2,0,0,1,0,0,0,0,5.02452E+20,5.40052E+21,9.03336E+15,4.87577E+16
36960,36961,8,1,11,0,2016,9,21,6,3,2,6,2,0,0,1,0,0,0,0,5.17168E+20,5.40382E+21,9.23373E+15,4.87871E+16
36961,36962,8,2,12,0,2016,9,15,4,3,2,6,0,0,0,1,0,0,0,0,4.5581E+20,5.43099E+21,8.39547E+15,4.90302E+16
36962,36963,8,1,18,54,2016,9,5,4,2,4,2,2,0,0,1,0,0,0,0,5.19396E+20,5.42418E+21,9.26502E+15,4.89702E+16
36963,36964,8,2,22,0,2016,9,14,5,3,6,4,0,0,0,1,1,0,0,0,4.62862E+20,5.48277E+21,8.48713E+15,4.94964E+16
36964,36965,8,4,35,59,2016,9,11,6,2,8,1,0,0,1,0,0,0,0,0,5.18671E+20,5.29502E+21,9.24937E+15,4.78083E+16
36965,36966,8,2,15,46,2016,9,11,3,3,2,6,0,0,0,1,0,0,0,0,4.51133E+20,5.41479E+21,8.33343E+15,4.88841E+16
36966,36967,8,2,35,85,2016,9,17,6,3,1,2,0,0,0,1,0,0,0,1,4.81521E+20,5.39049E+21,8.74903E+15,4.86672E+16
36967,36968,8,2,37,4,2016,9,16,7,2,2,2,0,0,0,1,0,1,0,0,4.46629E+20,5.37677E+21,8.27692E+15,4.85417E+16
36968,36969,8,1,17,26,2016,9,18,5,3,8,1,0,0,0,0,0,1,0,0,5.5344E+20,5.40034E+21,9.72705E+15,4.87538E+16
36969,36970,8,3,36,19,2016,9,7,4,3,5,3,0,0,0,0,0,0,1,1,3.94904E+20,5.27579E+21,7.60117E+15,4.7627E+16
36970,36971,8,1,27,12,2016,9,13,7,3,4,6,0,0,0,1,0,0,0,1,5.66162E+20,5.43239E+21,9.90531E+15,4.90408E+16
36971,36972,8,2,11,0,2016,9,15,6,2,2,6,0,0,0,1,0,0,0,0,4.38376E+20,5.40478E+21,8.16095E+15,4.87929E+16
36972,36973,8,3,36,104,2016,9,21,5,2,8,1,2,0,0,0,0,1,0,0,4.01932E+20,5.28692E+21,7.69219E+15,4.77282E+16
36973,36974,8,3,11,0,2016,9,15,5,3,5,3,0,0,0,1,1,0,0,1,4.11472E+20,5.31957E+21,7.81269E+15,4.80233E+16
36974,36975,8,1,11,0,2016,9,7,5,3,2,6,0,0,0,1,0,0,0,0,5.09108E+20,5.39506E+21,9.12381E+15,4.87085E+16
36975,36976,8,3,37,96,2016,9,17,6,3,1,6,0,0,0,1,0,0,0,0,4.21382E+20,5.26778E+21,7.95495E+15,4.75587E+16
36976,36977,8,4,16,41,2016,9,12,6,2,1,6,0,0,0,1,0,0,0,0,5.05393E+20,5.37325E+21,9.07302E+15,4.85123E+16
36977,36978,8,1,11,0,2016,9,17,4,3,2,6,0,0,0,1,0,0,0,0,5.12742E+20,5.40772E+21,9.17359E+15,4.88223E+16
36978,36979,8,1,26,58,2016,9,16,5,2,5,3,0,0,0,1,0,0,0,0,5.44624E+20,5.45498E+21,9.61312E+15,4.92459E+16
36979,36980,8,1,19,79,2016,9,11,3,3,2,2,0,0,0,1,0,0,0,0,5.24927E+20,5.4072E+21,9.33956E+15,4.88173E+16
36980,36981,8,2,22,0,2016,9,12,6,3,6,4,0,0,0,0,1,0,0,1,4.69374E+20,5.47663E+21,8.57754E+15,4.94415E+16
36981,36982,8,2,15,9,2016,9,16,5,3,2,6,0,0,0,1,0,0,0,1,4.72405E+20,5.44008E+21,8.62187E+15,4.91129E+16
36982,36983,8,4,26,21,2016,9,16,6,2,2,2,0,0,0,1,0,1,0,0,5.62708E+20,5.3248E+21,9.84183E+15,4.80734E+16
36983,36984,8,4,21,0,2016,9,10,5,2,4,6,0,0,0,1,0,0,0,0,5.72643E+20,5.36484E+21,9.98206E+15,4.84325E+16
36984,36985,8,2,26,106,2016,9,19,6,3,8,1,2,0,0,1,0,0,0,0,4.98119E+20,5.46438E+21,8.97412E+15,4.93321E+16
36985,36986,8,2,36,38,2016,9,15,3,3,4,2,0,0,0,1,0,1,0,0,4.84109E+20,5.4262E+21,8.78279E+15,4.89885E+16
36986,36987,8,1,11,0,2016,9,13,5,3,5,7,0,0,0,1,0,0,0,0,5.1522E+20,5.40544E+21,9.20727E+15,4.88018E+16
36987,36988,8,3,27,49,2016,9,6,4,3,9,1,0,0,0,1,0,0,0,0,4.77013E+20,5.32328E+21,8.69147E+15,4.80624E+16
36988,36989,8,1,25,7,2016,9,17,7,1,2,6,0,0,0,0,0,1,0,1,5.08984E+20,5.45198E+21,9.12338E+15,4.92205E+16
36989,36990,8,1,15,28,2016,9,4,6,2,2,6,2,0,0,0,0,0,1,0,5.01976E+20,5.40224E+21,9.02689E+15,4.87731E+16
36990,36991,8,1,15,2,2016,9,20,7,3,5,3,0,0,1,1,0,0,0,0,4.99455E+20,5.3862E+21,8.9926E+15,4.86289E+16
36991,36992,8,2,21,0,2016,9,18,5,3,2,6,0,0,0,1,0,0,0,0,4.73434E+20,5.47416E+21,8.6337E+15,4.94195E+16
36992,36993,8,4,17,2,2016,9,12,6,1,2,6,0,0,0,0,0,0,1,1,4.88546E+20,5.34518E+21,8.84567E+15,4.82597E+16
36993,36994,8,4,21,0,2016,9,7,3,3,5,3,0,0,0,1,0,0,1,0,5.68047E+20,5.35589E+21,9.9185E+15,4.83525E+16
36994,36995,8,1,19,55,2016,9,0,5,2,9,1,2,0,0,1,0,0,0,0,5.43163E+20,5.40465E+21,9.5877E+15,4.87934E+16
36995,36996,8,3,27,49,2016,9,9,3,3,5,3,0,0,0,1,0,0,0,0,4.72391E+20,5.32414E+21,8.62938E+15,4.807E+16
36996,36997,8,1,25,38,2016,9,16,6,2,8,1,0,0,1,0,0,0,0,0,4.99869E+20,5.4348E+21,8.9982E+15,4.9066E+16
36997,36998,8,1,19,87,2016,9,9,3,3,0,7,0,0,0,1,0,1,0,0,5.25887E+20,5.42717E+21,9.3539E+15,4.89969E+16
36998,36999,8,2,36,28,2016,9,13,7,2,5,3,0,0,1,1,0,0,0,0,4.94004E+20,5.42235E+21,8.9181E+15,4.89541E+16
36999,37000,8,3,15,48,2016,9,9,4,3,4,2,0,0,0,1,0,0,1,0,3.94818E+20,5.30701E+21,7.59246E+15,4.79078E+16
37000,37001,8,2,36,4,2016,9,13,4,3,1,5,0,0,0,1,0,0,0,0,4.73556E+20,5.41291E+21,8.6394E+15,4.88686E+16
37001,37002,8,1,19,18,2016,9,6,4,2,5,3,0,0,0,1,0,1,0,0,5.29104E+20,5.41877E+21,9.39729E+15,4.89212E+16
37002,37003,8,2,15,9,2016,9,17,7,3,1,1,0,0,0,1,0,0,0,0,4.67827E+20,5.43694E+21,8.55938E+15,4.90845E+16
37003,37004,8,4,26,21,2016,9,7,4,3,2,6,0,0,0,1,0,1,0,0,5.67468E+20,5.32495E+21,9.90575E+15,4.80742E+16
37004,37005,8,3,17,88,2016,9,10,4,2,8,7,0,0,0,1,0,0,0,0,4.36187E+20,5.35891E+21,8.13819E+15,4.83801E+16
37005,37006,8,1,27,46,2016,9,17,4,3,5,3,0,0,0,1,0,0,0,0,5.71044E+20,5.44638E+21,9.97456E+15,4.91661E+16
37006,37007,8,1,17,61,2016,9,17,6,3,2,6,0,0,0,1,0,1,0,0,5.64508E+20,5.3956E+21,9.87688E+15,4.87101E+16
37007,37008,8,1,11,0,2016,9,13,7,3,2,6,0,0,0,1,0,0,0,0,5.12928E+20,5.40722E+21,9.1761E+15,4.88178E+16
37008,37009,8,2,15,47,2016,9,8,5,2,5,3,0,0,0,1,0,0,0,0,4.59884E+20,5.41444E+21,8.45283E+15,4.88816E+16
37009,37010,8,2,26,103,2016,9,18,6,3,2,7,0,0,0,1,0,0,0,0,4.70904E+20,5.45521E+21,8.6002E+15,4.9249E+16
37010,37011,8,4,15,61,2016,9,17,3,3,3,2,0,0,1,1,0,0,0,0,5.13649E+20,5.3716E+21,9.18475E+15,4.84974E+16
37011,37012,8,4,15,89,2016,9,17,7,3,2,6,0,0,0,1,0,0,0,0,5.21172E+20,5.35933E+21,9.28597E+15,4.83868E+16
37012,37013,8,3,16,51,2016,9,16,3,3,8,1,0,0,0,1,0,0,0,0,4.00691E+20,5.33711E+21,7.66405E+15,4.81794E+16
37013,37014,8,1,21,0,2016,9,16,6,3,2,6,0,0,0,1,0,0,0,0,5.13496E+20,5.43947E+21,9.18492E+15,4.9108E+16
37014,37015,8,1,19,20,2016,9,16,3,3,2,5,0,0,0,1,0,1,0,1,5.19532E+20,5.40512E+21,9.26597E+15,4.87987E+16