FID,OBJECTID,ULAND,UREGBEZ,UKREIS,UGEMEINDE,UJAHR,UMONAT,USTUNDE,UWOCHENTAG,UKATEGORIE,UART,UTYP1,ULICHTVERH,IstStrasse,IstRad,IstPKW,IstFuss,IstKrad,IstGkfz,IstSonstig,LINREFX,LINREFY,XGCSWGS84,YGCSWGS84
37015,37016,8,2,15,82,2016,9,8,7,3,6,3,0,0,0,1,1,0,0,0,4.89545E+20,5.4387E+21,8.85677E+15,4.91011E+16
37016,37017,8,1,15,3,2016,9,14,6,3,5,3,0,0,0,1,0,1,0,0,5.01167E+20,5.39288E+21,9.01585E+15,4.8689E+16
37017,37018,8,2,16,17,2016,9,18,4,3,0,6,0,0,0,0,0,1,0,0,4.51892E+20,5.39874E+21,8.34567E+15,4.87398E+16
37018,37019,8,1,18,3,2016,9,7,4,3,1,6,0,0,0,1,0,0,0,0,5.09684E+20,5.41698E+21,9.13214E+15,4.89056E+16
37019,37020,8,2,36,76,2016,9,7,5,2,1,6,0,0,0,1,0,0,0,0,4.73703E+20,5.4232E+21,8.64075E+15,4.89612E+16
37020,37021,8,4,35,29,2016,9,16,6,3,5,3,0,0,1,1,0,0,0,0,5.43934E+20,5.27252E+21,9.58451E+15,4.76046E+16
37021,37022,8,3,17,116,2016,9,10,3,2,5,3,0,0,1,1,0,0,0,0,4.33687E+20,5.3874E+21,8.09991E+15,4.86362E+16
37022,37023,8,2,37,73,2016,9,18,6,2,5,3,0,0,0,1,0,0,0,0,4.57186E+20,5.38161E+21,8.41944E+15,4.85861E+16
37023,37024,8,1,11,0,2016,9,17,3,3,6,2,0,0,0,1,1,0,0,0,5.14986E+20,5.39529E+21,9.20371E+15,4.87105E+16
37024,37025,8,4,36,81,2016,9,12,6,2,2,6,0,0,0,1,0,1,0,0,5.58835E+20,5.2805E+21,9.78382E+15,4.76752E+16
37025,37026,8,1,25,6,2016,9,5,3,3,5,3,2,0,0,1,0,0,0,0,5.05402E+20,5.45087E+21,9.07417E+15,4.92106E+16
37026,37027,8,2,15,7,2016,9,18,6,2,5,3,0,0,0,1,0,0,0,0,4.76013E+20,5.43178E+21,8.67179E+15,4.90384E+16
37027,37028,8,4,35,16,2016,9,11,3,3,3,2,0,0,1,1,0,0,0,0,5.30441E+20,5.27971E+21,9.4055E+15,4.767E+16
37028,37029,8,1,11,0,2016,9,19,3,3,2,6,0,0,0,1,0,0,0,1,5.07496E+20,5.4057E+21,9.10209E+15,4.88043E+16
37029,37030,8,3,36,103,2016,9,13,7,3,9,1,0,0,0,0,0,1,0,0,4.16877E+20,5.28334E+21,7.89213E+15,4.76981E+16
37030,37031,8,2,26,85,2016,9,9,3,3,2,6,0,0,0,0,0,0,1,0,4.88287E+20,5.45587E+21,8.83903E+15,4.92554E+16
37031,37032,8,1,18,48,2016,9,8,6,3,1,6,0,0,0,1,0,0,0,0,5.14203E+20,5.41634E+21,9.19379E+15,4.88998E+16
37032,37033,8,1,18,78,2016,9,15,3,2,0,7,0,0,1,0,0,0,0,0,5.15077E+20,5.42083E+21,9.20588E+15,4.89402E+16
37033,37034,8,1,15,45,2016,9,23,7,3,1,6,2,0,0,1,0,0,0,0,5.03817E+20,5.395E+21,9.05188E+15,4.8708E+16
37034,37035,8,4,37,31,2016,9,16,5,2,8,1,0,0,0,0,0,1,0,0,5.21904E+20,5.34572E+21,9.29515E+15,4.82643E+16
37035,37036,8,1,21,0,2016,9,16,4,2,2,6,0,0,0,1,0,0,0,0,5.11624E+20,5.44839E+21,9.15952E+15,4.91882E+16
37036,37037,8,4,25,71,2016,9,17,4,2,5,3,0,0,0,1,0,0,0,0,5.53934E+20,5.37139E+21,9.73E+15,4.84933E+16
37037,37038,8,2,22,0,2016,9,20,5,3,0,1,0,0,0,1,0,0,0,0,4.60528E+20,5.48226E+21,8.45495E+15,4.94917E+16
37038,37039,8,4,26,35,2016,9,15,6,3,2,6,0,0,0,1,0,0,0,0,5.3985E+20,5.33211E+21,9.53567E+15,4.8141E+16
37039,37040,8,1,18,19,2016,9,15,3,3,2,6,0,0,0,1,0,0,0,0,5.01863E+20,5.40462E+21,9.02536E+15,4.87946E+16
37040,37041,8,1,36,2,2016,9,6,5,3,2,6,0,0,0,1,0,0,0,0,5.65494E+20,5.41853E+21,9.89393E+15,4.89163E+16
37041,37042,8,2,35,18,2016,9,15,6,2,9,1,0,0,0,0,0,1,0,0,4.61813E+20,5.40577E+21,8.47996E+15,4.88038E+16
37042,37043,8,2,25,14,2016,9,21,3,3,5,3,2,0,0,1,0,1,0,0,5.22366E+20,5.48402E+21,9.30894E+15,4.95084E+16
37043,37044,8,3,17,65,2016,9,15,7,3,2,2,0,0,0,1,0,0,0,0,4.1636E+20,5.35443E+21,7.87136E+15,4.83375E+16
37044,37045,8,1,16,14,2016,9,15,5,3,1,6,0,0,0,1,0,0,0,0,5.28016E+20,5.3958E+21,9.38086E+15,4.87146E+16
37045,37046,8,3,35,43,2016,9,7,4,3,2,6,0,0,1,0,0,0,0,1,5.15812E+20,5.28098E+21,9.21068E+15,4.7682E+16
37046,37047,8,1,36,88,2016,9,15,7,2,5,3,0,0,0,1,0,1,0,0,5.80578E+20,5.40972E+21,1.0098E+16,4.88352E+16
37047,37048,8,2,11,0,2016,9,17,6,2,2,6,0,0,0,1,0,0,0,0,4.3962E+20,5.40609E+21,8.1777E+15,4.88049E+16
37048,37049,8,1,17,26,2016,9,13,7,3,4,2,0,0,0,1,0,1,0,0,5.47192E+20,5.39502E+21,9.64145E+15,4.87064E+16
37049,37050,8,3,35,97,2016,9,11,7,3,8,1,0,0,0,1,0,0,0,0,4.88407E+20,5.29608E+21,8.84514E+15,4.78179E+16
37050,37051,8,1,18,51,2016,9,15,5,3,2,6,0,0,0,1,0,1,0,0,5.08447E+20,5.4146E+21,9.11522E+15,4.88843E+16
37051,37052,8,2,36,43,2016,9,15,3,3,2,6,0,0,0,1,0,1,0,0,4.70053E+20,5.41102E+21,8.59178E+15,4.88514E+16
37052,37053,8,1,16,33,2016,9,15,6,3,8,6,0,0,0,1,0,0,0,0,5.39465E+20,5.38661E+21,9.53562E+15,4.86313E+16
37053,37054,8,1,36,88,2016,9,10,7,3,4,2,0,0,0,1,0,0,0,0,5.78794E+20,5.40886E+21,1.00736E+16,4.88277E+16
37054,37055,8,2,12,0,2016,9,18,6,3,5,3,0,0,1,1,0,0,0,0,4.52781E+20,5.42957E+21,8.3542E+15,4.90172E+16
37055,37056,8,4,17,79,2016,9,6,5,3,5,3,0,0,0,1,0,0,0,1,4.96819E+20,5.34027E+21,8.95718E+15,4.82156E+16
37056,37057,8,3,17,96,2016,9,18,5,3,8,1,0,0,0,1,0,0,0,0,4.20925E+20,5.37573E+21,7.92893E+15,4.85297E+16
37057,37058,8,2,12,0,2016,9,9,5,3,5,3,0,0,1,1,0,0,0,0,4.59126E+20,5.42963E+21,8.44097E+15,4.90182E+16
37058,37059,8,4,25,33,2016,9,10,6,2,0,1,0,0,1,0,0,0,0,0,5.5197E+20,5.34957E+21,9.70073E+15,4.82972E+16
37059,37060,8,1,28,7,2016,9,10,5,3,5,3,0,0,0,1,0,1,0,0,5.5507E+20,5.48313E+21,9.76054E+15,4.94983E+16
37060,37061,8,2,25,2,2016,9,7,6,3,6,7,0,0,0,1,1,0,0,0,4.99278E+20,5.46687E+21,8.99005E+15,4.93545E+16
37061,37062,8,3,15,102,2016,9,17,7,3,8,1,0,0,0,0,0,1,0,0,4.40012E+20,5.29732E+21,8.1985E+15,4.78264E+16
37062,37063,8,4,35,34,2016,9,7,4,3,5,3,0,0,0,1,0,0,0,0,5.29545E+20,5.2852E+21,9.39393E+15,4.77195E+16
37063,37064,8,3,26,74,2016,9,10,4,3,0,7,0,0,0,1,1,0,0,0,4.60573E+20,5.31994E+21,8.47114E+15,4.80315E+16
37064,37065,8,1,19,8,2016,9,15,7,3,9,1,0,0,0,0,0,1,0,0,5.3332E+20,5.41922E+21,9.45487E+15,4.8925E+16
37065,37066,8,1,15,45,2016,9,6,6,3,3,3,0,0,0,1,0,0,1,0,5.03731E+20,5.39485E+21,9.05071E+15,4.87067E+16
37066,37067,8,1,11,0,2016,9,18,7,3,5,3,0,0,1,1,0,0,0,0,5.13228E+20,5.40233E+21,9.18004E+15,4.87738E+16
37067,37068,8,2,15,17,2016,9,5,5,3,2,6,1,0,0,1,0,0,0,0,4.5404E+20,5.42189E+21,8.37229E+15,4.89483E+16
37068,37069,8,3,17,113,2016,9,9,6,3,2,6,0,0,0,1,0,0,0,0,4.08186E+20,5.34499E+21,7.76314E+15,4.82515E+16
37069,37070,8,4,16,41,2016,9,14,3,3,2,6,0,0,0,1,0,0,0,1,5.05295E+20,5.37323E+21,9.0717E+15,4.85121E+16
37070,37071,8,1,18,40,2016,9,14,5,3,4,1,0,0,0,1,0,0,1,0,5.09718E+20,5.43301E+21,9.133E+15,4.90499E+16
37071,37072,8,2,26,85,2016,9,14,5,2,2,6,0,0,0,0,0,0,1,0,4.88835E+20,5.45556E+21,8.84658E+15,4.92527E+16
37072,37073,8,1,18,19,2016,9,18,5,2,3,6,0,0,0,1,0,1,0,0,5.01104E+20,5.40349E+21,9.01503E+15,4.87844E+16
37073,37074,8,3,35,28,2016,9,11,6,3,0,3,0,0,0,1,0,1,0,0,4.83612E+20,5.28688E+21,8.78142E+15,4.77351E+16
37074,37075,8,4,16,41,2016,9,11,6,1,5,2,0,0,0,0,0,1,0,1,5.06774E+20,5.3763E+21,9.09177E+15,4.85398E+16
37075,37076,8,4,37,76,2016,9,10,3,3,5,2,0,0,1,1,0,0,0,0,5.24251E+20,5.32203E+21,9.32542E+15,4.80511E+16
37076,37077,8,1,25,13,2016,9,6,5,3,5,3,0,0,0,0,0,1,0,0,5.07287E+20,5.43445E+21,9.09975E+15,4.90629E+16
37077,37078,8,1,18,49,2016,9,20,3,3,0,3,2,0,0,1,0,0,0,0,5.18592E+20,5.42088E+21,9.25389E+15,4.89405E+16
37078,37079,8,2,21,0,2016,9,14,6,3,0,5,0,0,1,0,0,0,0,0,4.77663E+20,5.47379E+21,8.69204E+15,4.94164E+16
37079,37080,8,2,37,28,2016,9,15,7,3,5,3,0,0,0,1,0,1,0,0,4.56391E+20,5.36838E+21,8.41004E+15,4.84671E+16
37080,37081,8,4,15,78,2016,9,16,4,3,0,7,0,0,0,1,0,1,0,0,5.34117E+20,5.36477E+21,9.46126E+15,4.84351E+16
37081,37082,8,3,16,9,2016,9,8,4,3,1,6,0,0,0,1,0,0,0,0,4.17612E+20,5.32402E+21,7.89416E+15,4.80641E+16
37082,37083,8,2,31,0,2016,9,17,4,3,9,1,0,0,0,1,0,0,0,0,4.80561E+20,5.41674E+21,8.73475E+15,4.89033E+16
37083,37084,8,1,25,94,2016,9,16,4,3,5,3,0,0,0,1,0,1,0,0,5.16495E+20,5.43693E+21,9.2259E+15,4.9085E+16
37084,37085,8,1,28,131,2016,9,18,6,2,2,2,0,0,0,1,0,1,0,0,5.3704E+20,5.51098E+21,9.51418E+15,4.97501E+16
37085,37086,8,1,11,0,2016,9,7,7,3,2,6,0,0,0,1,0,1,0,0,5.13253E+20,5.40383E+21,9.18042E+15,4.87873E+16
37086,37087,8,1,15,45,2016,9,11,3,3,2,6,0,0,0,0,0,0,1,1,5.03238E+20,5.39792E+21,9.04404E+15,4.87343E+16
37087,37088,8,2,31,0,2016,9,17,6,3,2,6,0,0,0,1,0,0,1,0,4.80395E+20,5.41855E+21,8.7324E+15,4.89196E+16
37088,37089,8,3,36,87,2016,9,15,3,3,2,1,0,0,0,1,0,1,0,0,4.22605E+20,5.29142E+21,7.96702E+15,4.77715E+16
37089,37090,8,1,11,0,2016,9,17,3,3,2,2,0,0,0,1,0,0,0,0,5.15525E+20,5.40578E+21,9.21143E+15,4.88048E+16
37090,37091,8,3,37,32,2016,9,18,7,3,2,6,0,0,0,1,0,0,0,0,4.3856E+20,5.27383E+21,8.18242E+15,4.7615E+16
37091,37092,8,3,15,50,2016,9,7,3,3,2,6,0,0,0,1,0,0,0,0,3.98831E+20,5.30379E+21,7.6469E+15,4.78794E+16
37092,37093,8,1,19,86,2016,9,11,6,2,3,2,0,0,0,1,0,1,0,0,5.34649E+20,5.40634E+21,9.47192E+15,4.8809E+16
37093,37094,8,1,18,48,2016,9,9,3,3,5,3,0,0,1,1,0,0,0,0,5.12132E+20,5.41785E+21,9.16558E+15,4.89135E+16
37094,37095,8,2,16,7,2016,9,2,7,1,9,1,2,0,0,1,0,0,0,0,4.34181E+20,5.3974E+21,8.10502E+15,4.87262E+16
37095,37096,8,1,11,0,2016,9,15,6,3,3,6,0,0,0,1,0,1,0,0,5.13234E+20,5.40371E+21,9.18017E+15,4.87863E+16
37096,37097,8,3,25,49,2016,9,17,3,3,2,6,0,0,0,1,0,0,0,0,4.7106E+20,5.33658E+21,8.61067E+15,4.81818E+16
37097,37098,8,1,26,28,2016,9,6,6,2,3,6,1,0,1,1,0,0,0,0,5.33343E+20,5.45862E+21,9.45844E+15,4.92794E+16
37098,37099,8,1,18,80,2016,9,17,3,3,8,7,0,0,0,0,0,1,0,0,5.09153E+20,5.41063E+21,9.12476E+15,4.88486E+16
37099,37100,8,2,26,82,2016,9,12,7,2,8,1,0,0,0,0,0,1,0,0,4.76377E+20,5.48091E+21,8.67387E+15,4.94804E+16
37100,37101,8,2,26,37,2016,9,10,4,3,1,7,0,0,0,0,0,0,1,1,4.66895E+20,5.46975E+21,8.54391E+15,4.93795E+16
37101,37102,8,1,15,28,2016,9,20,6,3,1,6,2,0,0,1,0,0,0,0,4.98758E+20,5.40393E+21,8.98309E+15,4.87883E+16
37102,37103,8,2,36,40,2016,9,19,4,3,2,6,0,0,1,1,0,0,0,0,4.91435E+20,5.42129E+21,8.88303E+15,4.89445E+16
37103,37104,8,1,19,89,2016,9,17,4,3,5,3,0,0,0,1,0,1,0,0,5.36739E+20,5.41129E+21,9.50083E+15,4.88535E+16
37104,37105,8,4,36,39,2016,9,15,6,3,2,6,0,0,0,1,0,0,0,1,5.50276E+20,5.28797E+21,9.67066E+15,4.77431E+16
37105,37106,8,1,36,88,2016,9,17,3,3,5,3,0,0,0,1,0,0,0,0,5.80496E+20,5.40989E+21,1.0097E+16,4.88368E+16
37106,37107,8,2,12,0,2016,9,19,6,3,5,3,0,0,1,1,0,0,0,0,4.55172E+20,5.42825E+21,8.38704E+15,4.90055E+16
37107,37108,8,1,11,0,2016,9,19,3,3,2,2,0,0,0,1,0,0,0,0,5.1869E+20,5.40266E+21,9.2544E+15,4.87767E+16
37108,37109,8,3,35,43,2016,9,15,7,3,0,1,0,0,1,0,0,0,0,0,5.08499E+20,5.28722E+21,9.11336E+15,4.77383E+16
37109,37110,8,2,36,44,2016,9,14,3,2,8,7,0,0,0,0,0,1,0,0,4.83748E+20,5.40657E+21,8.77864E+15,4.88119E+16
37110,37111,8,1,18,11,2016,9,14,6,3,6,2,0,0,0,1,1,0,0,0,5.05337E+20,5.40779E+21,9.07271E+15,4.88231E+16
37111,37112,8,1,18,76,2016,9,15,7,2,5,3,0,0,0,0,0,1,0,1,4.98243E+20,5.43034E+21,8.97597E+15,4.90259E+16
37112,37113,8,4,35,57,2016,9,10,5,3,4,2,0,0,1,1,0,0,0,0,5.42113E+20,5.27963E+21,9.56097E+15,4.76687E+16
37113,37114,8,4,36,94,2016,9,14,5,2,4,7,0,0,0,1,0,0,0,0,5.71371E+20,5.27997E+21,9.95071E+15,4.76692E+16
37114,37115,8,1,16,35,2016,9,7,4,3,2,6,0,0,0,1,0,0,0,0,5.21327E+20,5.39352E+21,9.28981E+15,4.86944E+16
37115,37116,8,2,15,9,2016,9,17,5,3,4,6,0,0,0,1,0,0,0,0,4.76864E+20,5.43883E+21,8.68304E+15,4.91019E+16
37116,37117,8,4,26,21,2016,9,16,6,3,5,3,0,0,1,1,0,0,0,0,5.58561E+20,5.32802E+21,9.78661E+15,4.81027E+16
37117,37118,8,1,35,25,2016,9,13,5,3,0,7,0,0,1,0,0,0,0,0,5.84222E+20,5.39962E+21,1.01456E+16,4.87439E+16
37118,37119,8,2,15,96,2016,9,17,4,3,5,3,0,0,0,1,0,1,0,0,4.64022E+20,5.41478E+21,8.50924E+15,4.88849E+16
37119,37120,8,1,15,21,2016,9,8,4,3,1,6,0,0,0,1,0,0,0,0,4.92431E+20,5.38207E+21,8.89735E+15,4.85917E+16
37120,37121,8,2,36,73,2016,9,17,5,2,2,6,0,0,0,1,0,1,0,0,4.79491E+20,5.41971E+21,8.71999E+15,4.89299E+16
37121,37122,8,4,37,107,2016,9,18,6,2,4,6,0,0,0,0,0,1,0,0,5.07017E+20,5.32771E+21,9.09426E+15,4.81026E+16
37122,37123,8,1,36,88,2016,9,16,3,3,2,6,0,0,0,1,0,0,0,0,5.80576E+20,5.41229E+21,1.00985E+16,4.88583E+16
37123,37124,8,2,36,4,2016,9,12,6,2,1,2,0,0,0,1,0,1,0,0,4.73103E+20,5.41603E+21,8.63302E+15,4.88966E+16
37124,37125,8,3,25,57,2016,9,21,7,3,8,1,2,0,0,1,0,0,0,0,4.77908E+20,5.35897E+21,8.70163E+15,4.83835E+16
37125,37126,8,1,17,28,2016,9,20,5,3,2,6,2,0,0,1,0,0,0,0,5.48559E+20,5.38155E+21,9.65845E+15,4.85852E+16
37126,37127,8,1,27,59,2016,9,17,7,3,4,6,0,0,0,1,0,1,0,0,5.50227E+20,5.43898E+21,9.68811E+15,4.91016E+16
37127,37128,8,2,15,101,2016,9,8,6,3,4,2,0,0,0,1,0,0,0,0,4.64694E+20,5.42812E+21,8.51724E+15,4.90049E+16
37128,37129,8,3,37,60,2016,9,13,5,2,2,6,0,0,0,0,0,1,1,0,4.67545E+20,5.27744E+21,8.56784E+15,4.76496E+16
37129,37130,8,3,15,130,2016,9,16,5,2,5,7,0,0,1,1,0,0,0,0,4.10142E+20,5.30187E+21,7.79854E+15,4.78639E+16
37130,37131,8,1,15,28,2016,9,22,5,3,2,6,2,0,0,1,0,0,0,0,4.99086E+20,5.4037E+21,8.98756E+15,4.87863E+16
37131,37132,8,4,25,33,2016,9,10,6,3,9,6,0,0,0,1,0,1,0,0,5.48942E+20,5.35047E+21,9.66001E+15,4.83055E+16
37132,37133,8,1,15,50,2016,9,9,4,2,8,7,0,0,0,0,0,1,0,0,4.87873E+20,5.40484E+21,8.83487E+15,4.87965E+16
37133,37134,8,1,26,11,2016,9,12,5,3,2,6,0,0,0,1,0,1,0,0,5.31964E+20,5.44635E+21,9.4385E+15,4.91691E+16
37134,37135,8,1,15,45,2016,9,11,3,3,2,6,0,0,0,1,0,0,0,0,5.04455E+20,5.39718E+21,9.06058E+15,4.87276E+16
37135,37136,8,2,22,0,2016,9,15,6,3,5,3,0,0,0,1,0,0,0,0,4.62691E+20,5.48253E+21,8.4848E+15,4.94943E+16
37136,37137,8,2,21,0,2016,9,10,7,2,2,6,0,0,0,1,0,0,0,0,4.73448E+20,5.4744E+21,8.63388E+15,4.94217E+16
37137,37138,8,4,35,45,2016,9,18,4,3,2,6,0,0,0,1,0,0,0,0,5.36215E+20,5.28763E+21,9.48307E+15,4.7741E+16
37138,37139,8,3,17,96,2016,9,20,4,3,8,1,2,0,0,0,0,1,0,0,4.23323E+20,5.37237E+21,7.96202E+15,4.84997E+16
37139,37140,8,2,36,46,2016,9,15,6,3,2,2,0,0,0,1,0,0,0,1,4.83925E+20,5.41842E+21,8.78058E+15,4.89185E+16
37140,37141,8,3,17,34,2016,9,8,7,2,5,3,0,0,0,1,0,1,0,0,4.26006E+20,5.36309E+21,7.99998E+15,4.84166E+16
37141,37142,8,1,11,0,2016,9,16,5,3,5,3,0,0,0,1,0,0,0,0,5.13708E+20,5.40318E+21,9.1866E+15,4.87815E+16
37142,37143,8,4,36,82,2016,9,15,4,2,6,4,0,0,0,1,1,0,0,0,5.47706E+20,5.29515E+21,9.63717E+15,4.78079E+16
37143,37144,8,1,25,5,2016,9,16,7,3,9,1,0,0,0,0,0,1,0,0,5.15667E+20,5.45143E+21,9.21512E+15,4.92154E+16
37144,37145,8,4,16,36,2016,9,15,6,3,1,6,0,0,0,1,0,0,0,0,4.88911E+20,5.37274E+21,8.84987E+15,4.85077E+16
37145,37146,8,1,17,24,2016,9,15,7,2,8,1,0,0,1,0,0,0,0,0,5.64984E+20,5.38717E+21,9.88203E+15,4.86342E+16
37146,37147,8,2,36,46,2016,9,6,5,3,2,6,0,0,0,1,0,0,0,0,4.82691E+20,5.41806E+21,8.76376E+15,4.89153E+16
37147,37148,8,1,15,45,2016,9,16,5,3,2,6,0,0,0,1,0,0,0,0,5.03472E+20,5.39464E+21,9.04719E+15,4.87048E+16
37148,37149,8,4,17,44,2016,9,15,6,2,2,2,0,0,0,0,0,1,0,0,4.93838E+20,5.33471E+21,8.91712E+15,4.81656E+16
37149,37150,8,3,27,50,2016,9,12,6,3,8,6,0,0,0,0,0,0,1,1,4.84349E+20,5.31323E+21,8.7903E+15,4.79721E+16
37150,37151,8,4,26,14,2016,9,16,3,3,2,6,0,0,0,1,0,0,0,0,5.48329E+20,5.31421E+21,9.64763E+15,4.79794E+16
37151,37152,8,1,21,0,2016,9,8,5,3,3,6,0,0,0,1,0,0,1,0,5.16089E+20,5.44623E+21,9.22072E+15,4.91687E+16
37152,37153,8,3,35,28,2016,9,7,3,3,2,6,0,0,0,1,0,0,0,0,4.80864E+20,5.28727E+21,8.74476E+15,4.77385E+16
37153,37154,8,1,26,39,2016,9,20,6,3,5,3,1,0,0,1,0,0,0,0,5.47542E+20,5.46094E+21,9.65392E+15,4.92993E+16
37154,37155,8,1,15,21,2016,9,16,3,2,6,4,0,0,0,1,1,0,0,0,4.90212E+20,5.38253E+21,8.86726E+15,4.85958E+16
37155,37156,8,2,31,0,2016,9,18,7,2,0,1,0,0,1,0,0,0,0,0,4.77695E+20,5.41615E+21,8.69567E+15,4.88979E+16
37156,37157,8,3,37,128,2016,9,8,4,2,4,2,0,0,0,1,0,1,0,0,4.48576E+20,5.28831E+21,8.31398E+15,4.77461E+16
37157,37158,8,3,16,20,2016,9,17,4,3,8,6,0,0,0,1,0,0,0,0,4.04831E+20,5.33894E+21,7.71931E+15,4.81966E+16
37158,37159,8,2,31,0,2016,9,15,4,3,1,6,0,0,0,1,0,0,0,0,4.78286E+20,5.41633E+21,8.70373E+15,4.88996E+16
37159,37160,8,1,19,44,2016,9,7,4,3,5,3,0,0,1,1,0,0,0,0,5.42169E+20,5.42583E+21,9.57635E+15,4.8984E+16
37160,37161,8,4,36,52,2016,9,18,6,3,2,6,0,0,0,1,0,0,0,0,5.69243E+20,5.29085E+21,9.9241E+15,4.77673E+16
37161,37162,8,4,25,72,2016,9,18,3,3,0,1,0,0,1,0,0,0,0,0,5.82768E+20,5.37232E+21,1.01204E+16,4.84986E+16
37162,37163,8,2,15,97,2016,9,14,6,2,8,1,0,0,0,0,0,1,0,0,4.79633E+20,5.44517E+21,8.72065E+15,4.9159E+16
37163,37164,8,1,18,60,2016,9,14,7,3,1,7,0,0,0,1,0,0,0,0,5.23539E+20,5.43019E+21,9.32198E+15,4.90241E+16
37164,37165,8,4,25,72,2016,9,18,4,3,2,6,0,0,0,1,0,0,0,1,5.78237E+20,5.3704E+21,1.00587E+16,4.84819E+16
37165,37166,8,1,35,16,2016,9,15,6,3,5,3,0,0,0,1,0,0,0,0,5.91169E+20,5.3869E+21,1.02373E+16,4.86285E+16
37166,37167,8,1,11,0,2016,9,16,7,2,0,2,0,0,0,1,0,0,0,1,5.07582E+20,5.40582E+21,9.10326E+15,4.88053E+16
37167,37168,8,2,15,17,2016,9,18,5,2,7,7,0,0,0,1,0,0,0,1,4.54298E+20,5.42232E+21,8.37576E+15,4.89521E+16
37168,37169,8,3,36,73,2016,9,14,6,3,8,1,0,0,0,0,0,1,0,0,3.97616E+20,5.27746E+21,7.63686E+15,4.76424E+16
37169,37170,8,4,15,61,2016,9,21,3,3,3,6,2,0,0,1,0,0,0,0,5.15036E+20,5.37017E+21,9.20347E+15,4.84845E+16
37170,37171,8,1,15,42,2016,9,11,5,3,2,6,0,0,0,1,0,0,0,0,4.95643E+20,5.40536E+21,8.94067E+15,4.88012E+16
37171,37172,8,3,17,47,2016,9,16,3,2,2,6,0,0,0,1,0,1,0,0,4.17453E+20,5.36397E+21,7.88424E+15,4.84234E+16
37172,37173,8,1,25,65,2016,9,19,6,3,2,6,0,0,0,1,0,0,0,0,5.17259E+20,5.45036E+21,9.23694E+15,4.92058E+16
37173,37174,8,1,17,26,2016,9,23,3,3,9,1,2,0,0,1,0,0,0,0,5.47641E+20,5.39463E+21,9.6475E+15,4.87028E+16
37174,37175,8,2,16,43,2016,9,14,7,2,2,6,0,0,0,1,0,0,0,0,4.43441E+20,5.41312E+21,8.22875E+15,4.88685E+16
37175,37176,8,1,15,3,2016,9,13,6,3,2,6,0,0,0,1,0,0,0,0,4.98356E+20,5.39281E+21,8.97767E+15,4.86884E+16
37176,37177,8,2,21,0,2016,9,9,4,3,3,2,0,0,1,1,0,0,0,0,4.77507E+20,5.47132E+21,8.69003E+15,4.93942E+16
37177,37178,8,1,18,60,2016,9,20,4,3,1,6,1,0,0,1,0,0,0,0,5.23934E+20,5.43084E+21,9.32742E+15,4.903E+16
37178,37179,8,4,35,57,2016,9,16,6,3,2,2,0,0,0,1,0,1,0,0,5.43658E+20,5.2795E+21,9.58154E+15,4.76674E+16
37179,37180,8,1,35,20,2016,9,18,3,2,8,1,0,0,1,0,0,0,0,0,5.85893E+20,5.38693E+21,1.01657E+16,4.86295E+16
37180,37181,8,2,37,27,2016,9,18,6,3,5,2,0,0,0,1,0,0,0,0,4.83621E+20,5.3662E+21,8.7785E+15,4.84488E+16
37181,37182,8,4,36,18,2016,9,8,2,3,4,6,0,1,0,1,0,0,0,0,5.53025E+20,5.28655E+21,9.70715E+15,4.77302E+16
37182,37183,8,3,35,97,2016,9,12,7,3,2,6,0,0,0,1,0,0,0,0,4.87887E+20,5.29654E+21,8.83818E+15,4.78221E+16
37183,37184,8,2,31,0,2016,9,7,3,3,5,3,0,0,0,1,0,0,0,0,4.75256E+20,5.41118E+21,8.6627E+15,4.88531E+16
37184,37185,8,1,17,26,2016,9,21,6,3,1,6,2,0,0,1,0,0,0,0,5.45371E+20,5.39536E+21,9.61674E+15,4.87096E+16
37185,37186,8,4,35,16,2016,9,17,3,2,6,4,0,0,0,1,1,0,0,0,5.36818E+20,5.28161E+21,9.49061E+15,4.76868E+16
37186,37187,8,4,35,13,2016,9,11,2,2,3,2,0,0,0,1,0,0,0,1,5.40566E+20,5.27515E+21,9.53995E+15,4.76284E+16
37187,37188,8,3,36,81,2016,9,15,7,3,2,6,0,0,0,1,0,1,0,0,4.09005E+20,5.27798E+21,7.78835E+15,4.76488E+16
37188,37189,8,3,11,0,2016,9,17,3,3,2,6,0,0,0,1,0,0,0,0,4.07221E+20,5.3149E+21,7.7567E+15,4.79807E+16
37189,37190,8,1,18,76,2016,9,17,6,3,8,1,0,0,0,1,0,0,0,0,4.97966E+20,5.43149E+21,8.97217E+15,4.90363E+16
37190,37191,8,1,17,26,2016,9,6,3,3,5,3,2,0,0,1,0,0,0,0,5.50195E+20,5.39336E+21,9.68206E+15,4.86912E+16
37191,37192,8,1,15,34,2016,9,18,7,2,0,7,0,0,1,0,0,0,0,0,4.84484E+20,5.37534E+21,8.78983E+15,4.8531E+16
37192,37193,8,4,37,104,2016,9,16,5,3,8,1,0,0,0,0,0,1,0,0,5.18867E+20,5.32232E+21,9.25318E+15,4.80539E+16
37193,37194,8,2,12,0,2016,9,16,4,3,2,6,0,0,0,1,0,0,0,0,4.59749E+20,5.42794E+21,8.44966E+15,4.9003E+16
37194,37195,8,1,17,37,2016,9,17,4,3,0,4,0,0,1,0,1,0,0,0,5.54676E+20,5.39753E+21,9.7435E+15,4.87284E+16
37195,37196,8,2,22,0,2016,9,17,5,3,2,6,0,0,0,1,0,0,0,0,4.60591E+20,5.48172E+21,8.45588E+15,4.94868E+16