FID,OBJECTID,ULAND,UREGBEZ,UKREIS,UGEMEINDE,UJAHR,UMONAT,USTUNDE,UWOCHENTAG,UKATEGORIE,UART,UTYP1,ULICHTVERH,IstStrasse,IstRad,IstPKW,IstFuss,IstKrad,IstGkfz,IstSonstig,LINREFX,LINREFY,XGCSWGS84,YGCSWGS84
37196,37197,8,3,35,97,2016,9,21,6,3,3,6,2,0,0,1,0,0,0,0,4.88407E+20,5.29609E+21,8.84513E+15,4.78181E+16
37197,37198,8,1,28,14,2016,9,17,3,3,2,6,0,0,0,1,0,0,0,0,5.46168E+20,5.4783E+21,9.63704E+15,4.94556E+16
37198,37199,8,2,35,7,2016,9,13,6,2,2,6,0,0,0,0,0,1,0,1,4.84748E+20,5.3967E+21,8.79262E+15,4.87231E+16
37199,37200,8,3,17,127,2016,9,1,7,3,8,7,2,0,1,0,0,0,0,0,4.25211E+20,5.35304E+21,7.99103E+15,4.83261E+16
37200,37201,8,1,16,72,2016,9,16,5,3,2,6,0,0,0,1,0,0,0,0,5.29608E+20,5.39359E+21,9.40235E+15,4.86947E+16
37201,37202,8,3,35,61,2016,9,10,4,3,8,1,0,0,0,1,0,0,0,0,4.91926E+20,5.27945E+21,8.89245E+15,4.76683E+16
37202,37203,8,1,27,12,2016,9,9,7,3,5,3,0,0,1,0,0,1,0,0,5.66661E+20,5.43237E+21,9.91213E+15,4.90406E+16
37203,37204,8,2,16,49,2016,9,17,6,3,8,1,0,0,0,0,0,1,0,0,4.39264E+20,5.40272E+21,8.17334E+15,4.87745E+16
37204,37205,8,1,18,7,2016,9,14,7,3,4,6,0,0,0,1,0,0,0,0,5.14194E+20,5.42858E+21,9.1941E+15,4.90099E+16
37205,37206,8,2,26,103,2016,9,19,5,3,8,7,1,0,0,1,0,0,0,0,4.75021E+20,5.45775E+21,8.65661E+15,4.9272E+16
37206,37207,8,1,15,42,2016,9,14,5,2,2,6,0,0,0,1,0,0,0,0,4.96571E+20,5.405E+21,8.95331E+15,4.8798E+16
37207,37208,8,3,37,125,2016,9,10,6,2,3,6,0,0,1,1,0,0,0,0,4.47727E+20,5.27104E+21,8.30473E+15,4.75907E+16
37208,37209,8,4,15,61,2016,9,8,6,2,2,6,0,0,0,1,0,1,0,0,5.12701E+20,5.37116E+21,9.17192E+15,4.84934E+16
37209,37210,8,1,36,42,2016,9,18,7,3,9,1,1,0,0,0,0,1,0,0,5.51601E+20,5.4073E+21,9.70291E+15,4.88165E+16
37210,37211,8,2,15,21,2016,9,8,6,3,1,6,0,0,0,1,0,0,0,0,4.70058E+20,5.44347E+21,8.58945E+15,4.91433E+16
37211,37212,8,4,21,0,2016,9,9,5,3,3,3,0,0,0,1,0,1,0,0,5.70597E+20,5.35836E+21,9.95332E+15,4.83745E+16
37212,37213,8,3,17,96,2016,9,18,5,3,5,2,0,0,1,0,0,0,0,0,4.20241E+20,5.36803E+21,7.92114E+15,4.84604E+16
37213,37214,8,2,12,0,2016,9,17,5,3,0,6,0,0,0,1,0,1,0,0,4.52652E+20,5.42911E+21,8.35249E+15,4.90131E+16
37214,37215,8,4,25,33,2016,9,21,6,2,5,2,2,0,0,1,0,0,0,0,5.53006E+20,5.34816E+21,9.71452E+15,4.82844E+16
37215,37216,8,1,28,7,2016,9,13,3,3,4,6,0,0,0,0,0,0,1,1,5.53495E+20,5.4773E+21,9.738E+15,4.9446E+16
37216,37217,8,1,28,115,2016,9,13,5,3,1,1,0,0,0,1,0,1,0,0,5.48004E+20,5.49706E+21,9.66465E+15,4.96242E+16
37217,37218,8,2,26,37,2016,9,18,6,3,2,6,0,0,0,1,0,0,0,0,4.67256E+20,5.46929E+21,8.54892E+15,4.93754E+16
37218,37219,8,3,16,11,2016,9,10,7,3,5,3,0,0,1,1,0,0,0,0,4.18785E+20,5.33E+21,7.90877E+15,4.8118E+16
37219,37220,8,4,37,123,2016,9,18,4,3,5,2,0,0,0,1,0,0,0,0,5.09286E+20,5.30823E+21,9.12431E+15,4.79273E+16
37220,37221,8,3,27,50,2016,9,16,4,2,5,3,0,0,0,1,0,0,1,0,4.8465E+20,5.31358E+21,8.79432E+15,4.79753E+16
37221,37222,8,1,25,69,2016,9,4,7,2,2,6,2,0,0,1,0,0,1,0,5.25419E+20,5.45358E+21,9.34917E+15,4.92345E+16
37222,37223,8,1,18,19,2016,9,17,6,3,2,6,0,0,0,1,0,0,0,0,5.04139E+20,5.40649E+21,9.05638E+15,4.88114E+16
37223,37224,8,1,15,3,2016,9,20,7,3,4,3,1,0,0,1,0,0,0,1,5.00089E+20,5.39219E+21,9.00121E+15,4.86827E+16
37224,37225,8,2,15,7,2016,9,6,5,2,9,1,1,0,0,1,0,0,0,0,4.76152E+20,5.43166E+21,8.67371E+15,4.90374E+16
37225,37226,8,3,17,39,2016,9,12,6,3,8,1,0,0,0,0,0,1,0,0,4.39664E+20,5.34288E+21,8.18744E+15,4.82363E+16
37226,37227,8,4,17,22,2016,9,8,3,3,5,3,0,0,0,1,0,0,0,0,4.83454E+20,5.34894E+21,8.77693E+15,4.82935E+16
37227,37228,8,1,18,51,2016,9,18,5,3,1,6,0,0,0,1,0,0,0,0,5.08263E+20,5.41464E+21,9.11272E+15,4.88847E+16
37228,37229,8,3,27,57,2016,9,18,3,3,8,6,0,0,0,1,0,0,0,0,4.91297E+20,5.30885E+21,8.88348E+15,4.79329E+16
37229,37230,8,1,25,13,2016,9,15,6,2,8,1,0,0,0,1,0,0,0,0,5.02557E+20,5.43673E+21,9.03502E+15,4.90834E+16
37230,37231,8,1,16,49,2016,9,7,3,3,3,6,0,0,0,1,0,0,0,1,5.24413E+20,5.38778E+21,9.33141E+15,4.86426E+16
37231,37232,8,2,36,38,2016,9,10,7,3,9,1,0,0,0,1,0,0,0,0,4.90123E+20,5.4283E+21,8.86494E+15,4.90075E+16
37232,37233,8,1,11,0,2016,9,13,4,3,2,6,0,0,0,1,0,0,0,0,5.16692E+20,5.39857E+21,9.22703E+15,4.87399E+16
37233,37234,8,1,25,46,2016,9,22,5,3,5,3,2,0,0,1,0,1,0,0,5.18311E+20,5.43374E+21,9.25063E+15,4.90562E+16
37234,37235,8,1,16,19,2016,9,17,3,3,2,5,0,0,0,1,0,0,0,0,5.23518E+20,5.39721E+21,9.3198E+15,4.87275E+16
37235,37236,8,2,22,0,2016,9,0,6,3,5,3,2,0,0,1,0,1,0,0,4.65219E+20,5.48494E+21,8.5195E+15,4.95161E+16
37236,37237,8,2,15,90,2016,9,16,7,3,3,7,0,0,0,1,0,0,0,0,4.63283E+20,5.43367E+21,8.49746E+15,4.90548E+16
37237,37238,8,4,15,78,2016,9,7,4,3,5,2,0,0,0,1,0,1,0,0,5.29842E+20,5.37128E+21,9.40393E+15,4.84939E+16
37238,37239,8,3,17,88,2016,9,10,4,2,8,7,0,0,0,1,1,0,0,0,4.35798E+20,5.35855E+21,8.13299E+15,4.83769E+16
37239,37240,8,2,31,0,2016,9,23,4,3,2,6,2,0,0,1,0,0,0,0,4.78505E+20,5.41376E+21,8.70685E+15,4.88764E+16
37240,37241,8,1,27,14,2016,9,10,4,3,5,3,0,0,1,1,0,0,0,0,5.77627E+20,5.44365E+21,1.00643E+16,4.91407E+16
37241,37242,8,4,25,13,2016,9,16,6,2,0,1,0,0,0,0,0,1,0,0,5.81717E+20,5.37788E+21,1.01073E+16,4.85487E+16
37242,37243,8,1,11,0,2016,9,23,7,2,9,1,2,0,0,1,0,0,0,0,5.06642E+20,5.40347E+21,9.09042E+15,4.87842E+16
37243,37244,8,2,31,0,2016,9,13,5,3,5,3,0,0,0,1,0,0,0,0,4.75784E+20,5.41501E+21,8.66966E+15,4.88875E+16
37244,37245,8,2,31,0,2016,9,17,6,3,2,6,0,0,0,1,0,0,0,1,4.79251E+20,5.41816E+21,8.7168E+15,4.89161E+16
37245,37246,8,3,37,126,2016,9,12,3,3,2,6,0,0,0,1,0,0,0,0,4.44769E+20,5.27508E+21,8.26488E+15,4.76267E+16
37246,37247,8,4,15,34,2016,9,16,7,3,9,1,0,0,0,0,0,1,0,0,5.358E+20,5.34909E+21,9.48268E+15,4.8294E+16
37247,37248,8,3,15,102,2016,9,17,3,3,9,1,0,0,0,1,0,0,0,0,4.34627E+20,5.29944E+21,8.12625E+15,4.78449E+16
37248,37249,8,1,19,68,2016,9,9,6,3,5,1,0,0,1,1,0,0,0,0,5.25775E+20,5.41361E+21,9.35152E+15,4.88749E+16
37249,37250,8,1,15,21,2016,9,16,3,3,2,6,0,0,0,1,0,0,0,0,4.88539E+20,5.38414E+21,8.84451E+15,4.86102E+16
37250,37251,8,2,12,0,2016,9,10,7,3,2,6,0,0,0,1,0,0,0,0,4.54879E+20,5.4271E+21,8.38317E+15,4.89952E+16
37251,37252,8,1,11,0,2016,9,13,6,3,5,2,0,0,1,1,0,0,0,0,5.08067E+20,5.39717E+21,9.10969E+15,4.87275E+16
37252,37253,8,2,16,9,2016,9,5,4,3,8,6,2,0,0,0,0,1,0,1,4.46136E+20,5.421E+21,8.26446E+15,4.89396E+16
37253,37254,8,1,18,48,2016,9,18,4,3,2,6,0,0,0,1,0,0,0,0,5.10856E+20,5.41471E+21,9.14808E+15,4.88853E+16
37254,37255,8,2,36,43,2016,9,9,5,2,5,3,0,0,1,1,0,0,0,0,4.69445E+20,5.41121E+21,8.58348E+15,4.88531E+16
37255,37256,8,4,35,16,2016,9,9,6,3,5,3,0,0,1,1,0,0,0,0,5.36192E+20,5.27832E+21,9.482E+15,4.76573E+16
37256,37257,8,2,25,39,2016,9,18,3,2,2,1,0,0,0,1,0,0,0,0,5.32014E+20,5.49517E+21,9.44311E+15,4.96083E+16
37257,37258,8,3,36,8,2016,9,6,4,3,5,3,1,0,0,1,0,1,0,0,3.95794E+20,5.2756E+21,7.61304E+15,4.76254E+16
37258,37259,8,1,16,77,2016,9,13,6,3,1,3,0,0,1,1,0,0,0,0,5.12614E+20,5.38705E+21,9.17122E+15,4.86364E+16
37259,37260,8,2,36,40,2016,9,16,4,3,8,1,0,0,0,0,0,1,0,0,4.90049E+20,5.42663E+21,8.86397E+15,4.89925E+16
37260,37261,8,1,19,90,2016,9,18,4,3,9,1,0,0,0,1,0,0,0,0,5.29888E+20,5.40701E+21,9.40712E+15,4.88154E+16
37261,37262,8,4,36,55,2016,9,9,6,2,5,3,0,0,1,1,0,0,0,0,5.7622E+20,5.29765E+21,1.00184E+16,4.78277E+16
37262,37263,8,1,26,46,2016,9,5,3,3,5,3,2,0,0,1,0,0,0,0,5.49774E+20,5.45861E+21,9.68433E+15,4.92782E+16
37263,37264,8,2,12,0,2016,9,9,6,3,3,6,0,0,0,1,0,0,1,0,4.58758E+20,5.42598E+21,8.43631E+15,4.89853E+16
37264,37265,8,4,37,104,2016,9,14,2,3,5,3,0,0,0,1,0,0,0,0,5.15298E+20,5.32633E+21,9.20544E+15,4.80901E+16
37265,37266,8,3,36,69,2016,9,10,7,3,5,3,0,0,1,1,0,0,0,0,4.09245E+20,5.2719E+21,7.7928E+15,4.75941E+16
37266,37267,8,2,12,0,2016,9,7,3,2,5,3,0,0,1,1,0,0,0,0,4.52755E+20,5.42952E+21,8.35386E+15,4.90167E+16
37267,37268,8,1,18,79,2016,9,17,6,3,1,6,0,0,0,1,0,0,0,0,5.09859E+20,5.42052E+21,9.13463E+15,4.89375E+16
37268,37269,8,1,11,0,2016,9,13,3,3,8,1,0,0,0,1,0,0,0,0,5.12605E+20,5.40245E+21,9.17157E+15,4.8775E+16
37269,37270,8,1,15,21,2016,9,10,7,3,2,6,0,0,0,1,0,0,0,0,4.92474E+20,5.38168E+21,8.89794E+15,4.85882E+16
37270,37271,8,4,37,76,2016,9,19,5,3,5,3,0,0,1,1,0,0,0,0,5.21723E+20,5.31975E+21,9.29138E+15,4.80307E+16
37271,37272,8,1,18,11,2016,9,17,4,3,0,1,0,0,1,0,0,0,0,0,4.98969E+20,5.41106E+21,8.98595E+15,4.88525E+16
37272,37273,8,2,16,9,2016,9,21,5,3,5,3,2,0,0,1,0,1,0,0,4.45979E+20,5.42106E+21,8.2623E+15,4.89401E+16
37273,37274,8,4,26,70,2016,9,8,6,3,0,7,0,0,1,0,0,0,0,0,5.6521E+20,5.3417E+21,9.87801E+15,4.82252E+16
37274,37275,8,1,26,20,2016,9,16,3,3,2,6,0,0,0,1,0,0,0,0,5.5167E+20,5.47012E+21,9.71188E+15,4.93816E+16
37275,37276,8,1,36,88,2016,9,18,5,3,8,1,0,0,0,1,0,0,0,0,5.87876E+20,5.40706E+21,1.01969E+16,4.88103E+16
37276,37277,8,2,36,43,2016,9,7,6,3,1,6,0,0,0,1,0,0,0,0,4.7059E+20,5.41027E+21,8.59915E+15,4.88447E+16
37277,37278,8,3,17,89,2016,9,15,7,3,5,3,0,0,1,1,0,0,0,0,4.30243E+20,5.37605E+21,8.05507E+15,4.85337E+16
37278,37279,8,1,16,19,2016,9,13,5,3,1,6,0,0,0,1,0,0,0,0,5.22901E+20,5.39891E+21,9.3115E+15,4.87428E+16
37279,37280,8,2,35,6,2016,9,4,6,3,1,5,2,0,0,1,0,0,0,0,4.71038E+20,5.3813E+21,8.60729E+15,4.85841E+16
37280,37281,8,4,35,36,2016,9,21,7,2,4,6,2,0,1,0,0,0,0,0,5.18424E+20,5.28374E+21,9.2456E+15,4.77068E+16
37281,37282,8,1,18,7,2016,9,13,5,2,5,3,0,0,0,1,0,1,0,0,5.10487E+20,5.42687E+21,9.14336E+15,4.89946E+16
37282,37283,8,2,36,40,2016,9,8,3,3,1,2,0,0,0,1,0,0,0,0,4.84935E+20,5.41967E+21,8.79432E+15,4.89298E+16
37283,37284,8,1,16,71,2016,9,17,6,3,2,6,0,0,0,1,0,0,0,0,5.27296E+20,5.39126E+21,9.37077E+15,4.86738E+16
37284,37285,8,1,35,19,2016,9,7,7,3,5,3,0,0,0,1,0,0,0,0,5.84695E+20,5.39236E+21,1.01506E+16,4.86786E+16
37285,37286,8,2,12,0,2016,9,10,6,3,5,3,0,0,1,1,0,0,0,0,4.56364E+20,5.42631E+21,8.40356E+15,4.89881E+16
37286,37287,8,3,15,48,2016,9,17,5,3,1,6,0,0,0,1,0,0,1,0,3.94614E+20,5.30718E+21,7.58969E+15,4.79092E+16
37287,37288,8,3,17,122,2016,9,16,5,3,0,1,0,0,0,0,0,1,0,0,4.19062E+20,5.36821E+21,7.90516E+15,4.84618E+16
37288,37289,8,1,15,28,2016,9,9,5,2,2,6,0,0,0,1,0,1,0,0,5.00334E+20,5.4034E+21,9.00455E+15,4.87836E+16
37289,37290,8,4,26,38,2016,9,12,6,2,5,2,0,0,0,1,0,1,0,0,5.59418E+20,5.3122E+21,9.79593E+15,4.79603E+16
37290,37291,8,1,16,11,2016,9,15,4,3,0,6,0,0,1,1,0,0,0,0,5.3137E+20,5.37932E+21,9.42521E+15,4.85662E+16
37291,37292,8,1,28,115,2016,9,19,5,2,4,2,0,0,0,0,0,1,1,0,5.5187E+20,5.49874E+21,9.7184E+15,4.9639E+16
37292,37293,8,2,22,0,2016,9,9,6,3,0,1,0,0,0,0,0,1,0,0,4.59957E+20,5.48951E+21,8.44633E+15,4.95569E+16
37293,37294,8,3,15,109,2016,9,19,7,2,5,3,0,0,0,1,0,1,0,0,4.25124E+20,5.31721E+21,7.99616E+15,4.80038E+16
37294,37295,8,4,35,16,2016,9,15,4,3,2,6,0,0,0,1,0,0,0,0,5.3354E+20,5.27991E+21,9.4468E+15,4.76717E+16
37295,37296,8,3,17,11,2016,9,14,4,3,5,3,0,0,1,1,0,0,0,0,4.27921E+20,5.35446E+21,8.02734E+15,4.83392E+16
37296,37297,8,1,18,54,2016,9,21,7,3,4,2,2,0,0,1,0,0,0,0,5.19429E+20,5.42401E+21,9.26546E+15,4.89687E+16
37297,37298,8,1,36,10,2016,9,19,4,2,5,3,0,0,0,1,0,1,0,0,5.96025E+20,5.40892E+21,1.03083E+16,4.88258E+16
37298,37299,8,1,36,88,2016,9,13,6,2,2,6,0,0,0,0,0,1,1,0,5.80762E+20,5.40958E+21,1.01005E+16,4.88339E+16
37299,37300,8,1,11,0,2016,9,15,7,3,5,3,0,0,0,1,0,1,0,0,5.07432E+20,5.40561E+21,9.10121E+15,4.88034E+16
37300,37301,8,2,12,0,2016,9,9,5,3,2,6,0,0,0,1,0,0,0,1,4.63016E+20,5.43311E+21,8.49385E+15,4.90498E+16
37301,37302,8,4,36,9,2016,9,17,4,3,8,6,0,0,0,1,0,0,0,0,5.52198E+20,5.30239E+21,9.69803E+15,4.78727E+16
37302,37303,8,1,27,32,2016,9,10,7,2,5,3,0,0,1,1,0,0,0,0,5.67166E+20,5.45556E+21,9.92291E+15,4.92492E+16
37303,37304,8,1,25,27,2016,9,15,6,3,2,6,0,0,0,1,0,0,0,0,5.19704E+20,5.44582E+21,9.27029E+15,4.91649E+16
37304,37305,8,1,17,24,2016,9,16,7,3,5,2,0,0,0,1,0,1,0,0,5.60173E+20,5.3864E+21,9.81662E+15,4.86278E+16
37305,37306,8,2,31,0,2016,9,18,5,3,2,6,0,0,0,1,0,0,0,0,4.78796E+20,5.41796E+21,8.7106E+15,4.89143E+16
37306,37307,8,1,18,51,2016,9,16,5,3,2,6,0,0,0,1,0,0,0,0,5.09032E+20,5.41135E+21,9.12312E+15,4.88551E+16
37307,37308,8,3,25,53,2016,9,15,6,3,2,5,0,0,0,1,0,0,0,0,4.54228E+20,5.34206E+21,8.38365E+15,4.82301E+16
37308,37309,8,1,16,68,2016,9,0,6,1,8,1,2,0,0,1,0,0,0,0,5.26246E+20,5.38886E+21,9.35637E+15,4.86522E+16
37309,37310,8,4,37,56,2016,9,18,3,2,9,1,0,0,0,0,0,1,0,0,5.26797E+20,5.30007E+21,9.35821E+15,4.78534E+16
37310,37311,8,1,21,0,2016,9,14,5,3,5,2,0,0,0,1,0,0,0,0,5.14092E+20,5.44097E+21,9.19314E+15,4.91214E+16
37311,37312,8,1,11,0,2016,9,17,3,3,2,6,0,0,0,1,0,0,0,0,5.1637E+20,5.40413E+21,9.22287E+15,4.879E+16
37312,37313,8,2,21,0,2016,9,20,6,2,3,6,1,0,1,1,0,0,0,0,4.76929E+20,5.47587E+21,8.68179E+15,4.94351E+16
37313,37314,8,2,35,85,2016,9,11,7,3,5,3,0,0,0,1,0,0,0,0,4.82366E+20,5.39407E+21,8.76035E+15,4.86994E+16
37314,37315,8,4,15,14,2016,9,17,4,3,2,6,0,0,0,1,0,0,0,0,5.23944E+20,5.37532E+21,9.32432E+15,4.85305E+16
37315,37316,8,3,16,55,2016,9,16,4,3,5,3,0,0,0,1,0,0,0,0,4.27072E+20,5.33249E+21,8.01967E+15,4.81415E+16
37316,37317,8,2,31,0,2016,9,13,4,3,2,6,0,0,0,1,0,0,0,0,4.74461E+20,5.41707E+21,8.65149E+15,4.8906E+16
37317,37318,8,1,25,65,2016,9,17,4,3,2,6,0,0,0,1,0,0,0,0,5.17109E+20,5.45025E+21,9.23488E+15,4.92048E+16
37318,37319,8,4,37,118,2016,9,14,6,3,4,6,0,0,0,1,0,0,0,0,5.15614E+20,5.31347E+21,9.20921E+15,4.79744E+16
37319,37320,8,1,26,66,2016,9,8,3,2,2,6,0,0,0,0,0,0,1,0,5.38129E+20,5.4511E+21,9.52352E+15,4.92115E+16
37320,37321,8,2,15,90,2016,9,15,6,3,2,6,0,0,0,1,0,0,0,0,4.64897E+20,5.43646E+21,8.51931E+15,4.908E+16
37321,37322,8,3,35,43,2016,9,12,3,3,3,6,0,0,0,1,0,0,0,0,5.12103E+20,5.27999E+21,9.16123E+15,4.76732E+16
37322,37323,8,4,37,100,2016,9,15,2,2,9,6,0,0,0,1,0,0,0,0,5.36547E+20,5.32005E+21,9.49025E+15,4.80327E+16
37323,37324,8,3,37,13,2016,9,14,7,3,2,6,0,0,0,1,0,1,0,0,4.32965E+20,5.29218E+21,8.10515E+15,4.77795E+16
37324,37325,8,3,36,91,2016,9,8,3,2,5,3,0,0,1,1,0,0,0,0,3.95333E+20,5.2716E+21,7.60787E+15,4.75894E+16
37325,37326,8,1,18,50,2016,9,14,6,3,5,3,0,0,1,1,0,0,0,0,5.07915E+20,5.41797E+21,9.10803E+15,4.89146E+16
37326,37327,8,1,15,42,2016,9,9,5,3,3,6,0,0,0,1,0,0,0,1,4.94841E+20,5.40594E+21,8.92974E+15,4.88064E+16
37327,37328,8,4,35,59,2016,9,19,1,2,2,2,0,0,0,1,0,1,0,0,5.1401E+20,5.29075E+21,9.18699E+15,4.77699E+16
37328,37329,8,1,25,102,2016,9,18,3,3,2,6,0,0,0,1,0,0,0,0,5.2325E+20,5.44698E+21,9.319E+15,4.91752E+16
37329,37330,8,2,35,22,2016,9,10,4,3,2,2,0,0,0,1,0,0,0,0,4.70982E+20,5.37791E+21,8.60678E+15,4.85536E+16
37330,37331,8,3,25,69,2016,9,14,1,3,0,1,0,0,0,0,0,1,0,0,4.68308E+20,5.33615E+21,8.57369E+15,4.81778E+16
37331,37332,8,1,27,76,2016,9,15,1,3,9,1,0,0,0,0,0,1,0,0,5.56255E+20,5.43874E+21,9.77065E+15,4.9099E+16
37332,37333,8,1,16,73,2016,9,8,3,3,2,6,0,0,0,1,0,0,0,0,5.21096E+20,5.38986E+21,9.28649E+15,4.86614E+16
37333,37334,8,1,35,26,2016,9,18,6,3,2,6,0,0,0,1,0,0,0,0,5.89517E+20,5.39374E+21,1.02164E+16,4.86903E+16
37334,37335,8,1,26,58,2016,9,17,4,1,2,2,0,0,0,0,0,1,0,0,5.40609E+20,5.44932E+21,9.55739E+15,4.91953E+16
37335,37336,8,2,12,0,2016,9,8,2,3,3,6,0,0,0,1,0,1,0,0,4.54231E+20,5.43432E+21,8.3735E+15,4.906E+16
37336,37337,8,1,25,102,2016,9,15,2,3,5,3,0,0,0,1,0,0,0,0,5.25307E+20,5.4454E+21,9.34711E+15,4.91609E+16
37337,37338,8,2,26,28,2016,9,12,5,3,2,6,0,0,0,1,0,0,0,0,4.7381E+20,5.48502E+21,8.63818E+15,4.95172E+16
37338,37339,8,2,16,63,2016,9,19,1,3,4,7,0,0,0,1,0,0,0,0,4.28077E+20,5.39838E+21,8.02186E+15,4.87343E+16
37339,37340,8,4,36,64,2016,9,17,4,3,2,6,0,0,0,1,0,0,0,0,5.43536E+20,5.29219E+21,9.58117E+15,4.77816E+16
37340,37341,8,1,11,0,2016,9,5,1,2,0,3,1,0,1,1,0,0,0,0,5.12809E+20,5.40184E+21,9.17432E+15,4.87694E+16
37341,37342,8,2,15,46,2016,9,14,4,3,2,3,0,0,0,1,0,0,0,0,4.49402E+20,5.41674E+21,8.30958E+15,4.89015E+16
37342,37343,8,2,15,103,2016,9,14,1,3,2,6,0,0,0,1,0,0,0,0,4.68025E+20,5.44428E+21,8.56152E+15,4.91506E+16
37343,37344,8,1,36,82,2016,9,17,1,1,2,1,0,0,0,1,0,1,0,0,5.8564E+20,5.41522E+21,1.01682E+16,4.8884E+16
37344,37345,8,1,16,56,2016,9,17,6,3,8,1,0,0,0,1,0,0,0,0,5.3024E+20,5.39534E+21,9.41107E+15,4.87104E+16
37345,37346,8,4,15,50,2016,9,18,4,3,0,2,0,0,0,0,0,1,0,0,5.20431E+20,5.37648E+21,9.27679E+15,4.85411E+16
37346,37347,8,1,17,19,2016,9,21,4,3,5,3,2,0,0,1,0,1,0,0,5.52E+20,5.39418E+21,9.70669E+15,4.86985E+16
37347,37348,8,4,26,134,2016,9,13,3,3,8,1,0,0,0,0,0,0,0,1,5.54632E+20,5.33511E+21,9.73475E+15,4.81669E+16
37348,37349,8,1,36,88,2016,9,7,2,3,5,3,0,0,0,1,0,1,0,0,5.78187E+20,5.41312E+21,1.00661E+16,4.88661E+16
37349,37350,8,1,19,91,2016,9,14,6,3,4,1,0,0,0,1,0,1,0,0,5.27533E+20,5.40267E+21,9.37476E+15,4.87764E+16
37350,37351,8,1,19,1,2016,9,18,4,3,0,1,0,0,0,0,0,1,0,0,5.50578E+20,5.41718E+21,9.6902E+15,4.89055E+16
37351,37352,8,1,15,42,2016,9,6,2,3,2,6,1,0,0,1,0,0,0,0,4.94045E+20,5.40663E+21,8.91889E+15,4.88126E+16
37352,37353,8,1,19,8,2016,9,18,2,3,4,6,0,0,0,1,0,0,0,0,5.33952E+20,5.41978E+21,9.46354E+15,4.893E+16
37353,37354,8,3,17,65,2016,9,17,3,2,2,6,0,0,0,1,0,0,0,1,4.11799E+20,5.35525E+21,7.80966E+15,4.83443E+16
37354,37355,8,2,31,0,2016,9,6,5,1,1,5,1,0,0,1,0,1,0,1,4.77914E+20,5.41437E+21,8.69875E+15,4.88819E+16
37355,37356,8,2,15,7,2016,9,21,1,3,5,3,2,0,0,1,0,1,0,0,4.79734E+20,5.43091E+21,8.72276E+15,4.90308E+16
37356,37357,8,4,35,35,2016,9,14,4,3,5,3,0,0,1,1,0,0,0,0,5.39253E+20,5.27998E+21,9.52291E+15,4.7672E+16
37357,37358,8,1,36,42,2016,9,16,4,2,8,1,0,0,0,0,0,1,0,0,5.52393E+20,5.40616E+21,9.71355E+15,4.88062E+16
37358,37359,8,4,35,30,2016,9,13,2,3,2,6,0,0,0,1,0,0,0,1,5.4092E+20,5.27514E+21,9.54466E+15,4.76284E+16
37359,37360,8,3,27,54,2016,9,7,2,3,2,6,0,0,0,1,0,0,0,0,4.78225E+20,5.31611E+21,8.70811E+15,4.79979E+16
37360,37361,8,1,11,0,2016,9,18,6,3,2,6,0,0,0,1,0,0,0,0,5.1439E+20,5.40187E+21,9.19584E+15,4.87696E+16
37361,37362,8,1,15,3,2016,9,22,4,3,2,6,2,0,0,1,0,1,0,0,4.99026E+20,5.39264E+21,8.98676E+15,4.86868E+16
37362,37363,8,1,16,33,2016,9,16,4,3,2,6,0,0,0,1,0,0,0,0,5.30051E+20,5.38688E+21,9.40788E+15,4.86343E+16
37363,37364,8,4,15,60,2016,9,9,3,3,2,7,0,0,0,1,0,0,0,0,5.14943E+20,5.37806E+21,9.2025E+15,4.85555E+16
37364,37365,8,2,35,50,2016,9,15,3,3,5,3,0,0,0,1,0,0,1,0,4.67983E+20,5.38983E+21,8.56522E+15,4.86607E+16
37365,37366,8,1,27,52,2016,9,7,5,3,4,1,0,0,0,1,0,0,0,0,5.42033E+20,5.43781E+21,9.57574E+15,4.90917E+16
37366,37367,8,1,36,45,2016,9,17,5,2,4,6,0,0,0,1,0,0,0,0,6.0074E+20,5.40557E+21,1.03717E+16,4.87949E+16
37367,37368,8,1,15,45,2016,9,11,2,3,5,3,0,0,0,1,0,0,0,0,4.97015E+20,5.39412E+21,8.95943E+15,4.87001E+16
37368,37369,8,2,16,39,2016,9,18,3,3,5,3,0,0,0,1,0,0,0,0,4.44389E+20,5.41436E+21,8.24152E+15,4.88797E+16
37369,37370,8,3,15,6,2016,9,18,4,3,2,6,0,0,0,1,0,1,0,0,4.04745E+20,5.30806E+21,7.72504E+15,4.79188E+16
37370,37371,8,1,19,91,2016,9,18,3,3,2,6,0,0,0,1,0,0,0,0,5.25781E+20,5.40694E+21,9.35117E+15,4.88149E+16
37371,37372,8,3,36,87,2016,9,15,4,3,4,6,0,0,0,0,0,1,0,1,4.23278E+20,5.29045E+21,7.97616E+15,4.77629E+16
37372,37373,8,2,15,101,2016,9,9,3,3,2,6,0,0,0,1,0,0,0,0,4.64855E+20,5.42808E+21,8.51946E+15,4.90046E+16
37373,37374,8,2,16,7,2016,9,11,5,3,8,1,0,0,0,0,0,1,0,0,4.31291E+20,5.39623E+21,8.06592E+15,4.87153E+16
37374,37375,8,2,22,0,2016,9,8,3,3,2,6,0,0,0,1,0,0,0,0,4.62318E+20,5.48015E+21,8.47987E+15,4.94728E+16
37375,37376,8,3,26,6,2016,9,5,4,2,5,3,2,0,0,1,0,1,0,0,4.5942E+20,5.30889E+21,8.45671E+15,4.7932E+16
37376,37377,8,4,16,41,2016,9,19,4,3,5,3,0,0,0,1,0,0,0,0,5.01364E+20,5.37608E+21,9.01848E+15,4.85379E+16