FID,OBJECTID,ULAND,UREGBEZ,UKREIS,UGEMEINDE,UJAHR,UMONAT,USTUNDE,UWOCHENTAG,UKATEGORIE,UART,UTYP1,ULICHTVERH,IstStrasse,IstRad,IstPKW,IstFuss,IstKrad,IstGkfz,IstSonstig,LINREFX,LINREFY,XGCSWGS84,YGCSWGS84
37558,37559,8,1,11,0,2016,9,16,5,3,3,6,0,0,0,1,0,1,0,0,5.18284E+20,5.40308E+21,9.24888E+15,4.87804E+16
37559,37560,8,4,15,53,2016,9,14,5,2,4,6,0,0,0,1,0,0,0,1,5.36213E+20,5.36236E+21,9.48938E+15,4.84133E+16
37560,37561,8,1,36,18,2016,9,12,2,2,2,1,0,0,0,0,0,0,0,1,5.87506E+20,5.42969E+21,1.01967E+16,4.90139E+16
37561,37562,8,4,36,79,2016,9,17,3,3,4,2,0,0,0,1,0,0,0,1,5.54819E+20,5.29147E+21,9.7317E+15,4.77743E+16
37562,37563,8,3,25,53,2016,9,17,5,3,2,6,0,0,0,1,0,0,0,0,4.57641E+20,5.3428E+21,8.42954E+15,4.8237E+16
37563,37564,8,4,35,16,2016,9,19,3,2,5,7,1,0,1,1,0,0,0,0,5.30036E+20,5.28219E+21,9.40027E+15,4.76924E+16
37564,37565,8,1,17,24,2016,9,15,5,3,2,6,0,0,0,1,0,1,0,0,5.61655E+20,5.38609E+21,9.83668E+15,4.86248E+16
37565,37566,8,4,36,83,2016,9,14,1,2,4,6,0,0,1,0,0,0,0,0,5.29124E+20,5.30221E+21,9.38947E+15,4.78726E+16
37566,37567,8,1,25,21,2016,9,17,3,3,0,7,0,0,0,0,0,0,1,1,5.23513E+20,5.44707E+21,9.32261E+15,4.9176E+16
37567,37568,8,2,35,65,2016,9,13,4,3,2,6,0,0,0,1,0,0,0,0,4.73329E+20,5.40548E+21,8.63679E+15,4.88017E+16
37568,37569,8,3,17,126,2016,9,12,1,3,8,1,0,0,0,0,0,1,0,0,4.42338E+20,5.38154E+21,8.21813E+15,4.85843E+16
37569,37570,8,1,18,21,2016,9,15,1,3,5,3,0,0,0,1,0,0,0,0,5.21425E+20,5.42745E+21,9.29292E+15,4.89996E+16
37570,37571,8,1,16,33,2016,9,19,3,3,8,1,0,0,0,1,0,0,0,0,5.31158E+20,5.39004E+21,9.42314E+15,4.86626E+16
37571,37572,8,1,28,138,2016,9,20,6,3,3,6,2,0,0,1,0,0,1,0,5.40936E+20,5.48087E+21,9.56511E+15,4.94791E+16
37572,37573,8,1,25,111,2016,9,16,4,3,2,6,0,0,0,1,0,0,0,0,5.29153E+20,5.45679E+21,9.40069E+15,4.92631E+16
37573,37574,8,2,15,17,2016,9,13,2,3,2,6,0,0,0,1,0,0,0,0,4.58456E+20,5.42044E+21,8.43275E+15,4.89355E+16
37574,37575,8,1,25,63,2016,9,13,2,3,5,3,0,0,0,1,0,0,0,1,5.26693E+20,5.45997E+21,9.3671E+15,4.92919E+16
37575,37576,8,2,21,0,2016,9,1,5,3,2,6,2,0,0,1,0,0,0,1,4.73703E+20,5.47218E+21,8.63754E+15,4.94017E+16
37576,37577,8,1,15,42,2016,9,15,1,3,2,6,0,0,0,1,0,0,0,0,4.98303E+20,5.40404E+21,8.97689E+15,4.87893E+16
37577,37578,8,4,36,64,2016,9,11,4,3,0,6,0,0,0,1,0,1,0,0,5.45509E+20,5.29251E+21,9.60755E+15,4.77844E+16
37578,37579,8,4,35,53,2016,9,8,7,2,2,6,0,0,1,0,0,0,0,0,5.08421E+20,5.29286E+21,9.11243E+15,4.7789E+16
37579,37580,8,2,15,90,2016,9,17,4,2,2,6,0,0,0,1,0,0,0,0,4.65651E+20,5.43305E+21,8.52991E+15,4.90494E+16
37580,37581,8,2,35,25,2016,9,2,1,3,9,1,2,0,0,1,0,0,0,0,4.60616E+20,5.38976E+21,8.46518E+15,4.86596E+16
37581,37582,8,1,18,77,2016,9,12,1,3,0,7,0,0,1,0,0,0,0,0,5.14001E+20,5.42313E+21,9.19127E+15,4.89609E+16
37582,37583,8,3,16,17,2016,9,17,1,2,8,7,0,0,0,1,0,0,0,0,4.06824E+20,5.33868E+21,7.74618E+15,4.81945E+16
37583,37584,8,3,35,98,2016,9,16,7,3,2,6,0,0,0,1,0,0,0,0,5.01914E+20,5.29602E+21,9.02557E+15,4.78175E+16
37584,37585,8,2,26,6,2016,9,17,4,3,0,7,0,0,1,0,0,0,0,0,4.83757E+20,5.46663E+21,8.77635E+15,4.93521E+16
37585,37586,8,3,15,15,2016,9,13,1,2,2,6,0,0,0,1,0,1,0,0,3.95294E+20,5.31975E+21,7.59572E+15,4.80225E+16
37586,37587,8,1,18,79,2016,9,10,1,3,5,3,0,0,0,1,0,0,0,0,5.10245E+20,5.42118E+21,9.13991E+15,4.89435E+16
37587,37588,8,1,11,0,2016,9,16,3,3,6,7,0,0,1,0,1,0,0,0,5.12472E+20,5.39959E+21,9.16966E+15,4.87492E+16
37588,37589,8,1,18,3,2016,9,13,6,3,8,1,0,0,0,0,0,1,0,0,5.10667E+20,5.41687E+21,9.14556E+15,4.89047E+16
37589,37590,8,1,19,87,2016,9,9,4,3,0,1,0,0,1,0,0,0,0,0,5.26454E+20,5.42644E+21,9.36161E+15,4.89903E+16
37590,37591,8,1,15,45,2016,9,9,2,2,2,6,0,0,0,1,0,1,0,0,5.02528E+20,5.39445E+21,9.03436E+15,4.87031E+16
37591,37592,8,1,18,60,2016,9,10,2,3,0,7,0,0,0,1,0,0,0,0,5.23E+20,5.42954E+21,9.31456E+15,4.90184E+16
37592,37593,8,3,15,76,2016,9,17,3,3,5,2,0,0,0,1,0,1,0,0,3.92779E+20,5.2973E+21,7.56759E+15,4.78201E+16
37593,37594,8,2,36,76,2016,9,19,5,3,8,1,2,0,0,1,0,0,0,0,4.73522E+20,5.4262E+21,8.63808E+15,4.89881E+16
37594,37595,8,1,18,63,2016,9,19,1,3,1,6,0,0,0,1,0,0,0,0,5.14104E+20,5.42072E+21,9.19259E+15,4.89392E+16
37595,37596,8,3,35,75,2016,9,5,4,3,9,6,2,0,0,1,0,0,0,0,4.87253E+20,5.2933E+21,8.8298E+15,4.77929E+16
37596,37597,8,4,37,31,2016,9,12,4,2,5,3,0,0,0,1,0,0,0,1,5.20828E+20,5.34465E+21,9.2806E+15,4.82547E+16
37597,37598,8,1,36,37,2016,9,19,4,2,4,2,0,0,1,1,0,0,0,0,6.03909E+20,5.41582E+21,1.04174E+16,4.88866E+16
37598,37599,8,4,26,70,2016,9,8,2,3,3,6,0,0,0,1,0,0,0,0,5.65489E+20,5.34291E+21,9.88196E+15,4.8236E+16
37599,37600,8,3,26,74,2016,9,21,2,3,5,3,2,0,0,1,0,0,0,0,4.59565E+20,5.32257E+21,8.45737E+15,4.80551E+16
37600,37601,8,4,36,10,2016,9,9,5,2,5,3,0,0,0,1,0,0,0,0,5.68067E+20,5.30253E+21,9.91024E+15,4.78725E+16
37601,37602,8,1,11,0,2016,9,16,4,3,2,6,0,0,0,1,0,0,0,0,5.1736E+20,5.40601E+21,9.23643E+15,4.88069E+16
37602,37603,8,4,15,61,2016,9,8,5,3,4,2,0,0,0,1,0,0,1,0,5.12731E+20,5.37745E+21,9.17251E+15,4.855E+16
37603,37604,8,4,15,61,2016,9,10,3,3,3,6,0,0,0,1,0,0,0,0,5.15215E+20,5.37089E+21,9.20593E+15,4.84909E+16
37604,37605,8,2,36,76,2016,9,13,3,2,0,6,0,0,0,1,0,1,0,0,4.73411E+20,5.42433E+21,8.63669E+15,4.89713E+16
37605,37606,8,1,25,27,2016,9,22,5,3,0,7,2,0,0,0,0,1,0,0,5.18221E+20,5.44636E+21,9.24997E+15,4.91698E+16
37606,37607,8,1,35,19,2016,9,19,5,3,2,6,0,0,0,1,0,0,0,0,5.84936E+20,5.39229E+21,1.01538E+16,4.86779E+16
37607,37608,8,1,16,72,2016,9,19,6,3,0,1,0,0,1,0,0,0,0,0,5.30591E+20,5.39338E+21,9.41568E+15,4.86927E+16
37608,37609,8,4,16,31,2016,9,16,4,3,2,6,0,0,0,1,0,0,0,0,5.02264E+20,5.36205E+21,9.0306E+15,4.84116E+16
37609,37610,8,1,17,61,2016,9,11,4,3,0,1,0,0,1,0,0,0,0,0,5.66513E+20,5.39495E+21,9.90402E+15,4.8704E+16
37610,37611,8,4,17,22,2016,9,17,3,3,8,6,0,0,0,0,0,1,0,1,4.8512E+20,5.34683E+21,8.79946E+15,4.82745E+16
37611,37612,8,2,12,0,2016,9,14,3,3,2,6,0,0,0,1,0,0,0,0,4.62589E+20,5.43218E+21,8.48809E+15,4.90414E+16
37612,37613,8,2,16,43,2016,9,13,5,3,2,6,0,0,0,1,0,1,0,0,4.43251E+20,5.41301E+21,8.22618E+15,4.88675E+16
37613,37614,8,1,36,65,2016,9,12,1,3,0,1,0,0,1,0,0,0,0,0,5.58981E+20,5.40218E+21,9.8027E+15,4.87698E+16
37614,37615,8,2,22,0,2016,9,6,3,3,3,6,0,0,0,1,0,0,0,0,4.64787E+20,5.47692E+21,8.51423E+15,4.94439E+16
37615,37616,8,3,17,41,2016,9,13,4,3,0,7,0,0,1,0,0,0,0,0,4.40444E+20,5.34836E+21,8.19716E+15,4.82856E+16
37616,37617,8,4,15,73,2016,9,16,4,3,5,3,0,0,0,1,0,0,0,0,5.18562E+20,5.35155E+21,9.25037E+15,4.83169E+16
37617,37618,8,4,15,87,2016,9,12,2,2,1,6,0,0,0,1,0,1,0,0,5.12862E+20,5.38067E+21,9.17439E+15,4.85789E+16
37618,37619,8,3,17,34,2016,9,7,2,3,0,1,0,0,1,0,0,0,0,0,4.26005E+20,5.36306E+21,7.99997E+15,4.84164E+16
37619,37620,8,4,17,31,2016,9,12,5,3,0,3,0,0,0,1,0,1,0,0,4.97269E+20,5.35585E+21,8.96314E+15,4.83558E+16
37620,37621,8,1,11,0,2016,9,20,4,3,2,6,2,0,0,1,0,0,0,0,5.12458E+20,5.40124E+21,9.16953E+15,4.8764E+16
37621,37622,8,4,35,57,2016,9,8,5,2,6,4,0,0,0,0,1,1,0,0,5.44503E+20,5.27984E+21,9.59282E+15,4.76704E+16
37622,37623,8,3,35,80,2016,9,19,3,2,4,7,1,1,0,0,0,1,1,1,4.73718E+20,5.29628E+21,8.64889E+15,4.78193E+16
37623,37624,8,1,18,48,2016,9,14,5,3,2,6,0,0,0,1,0,0,0,1,5.12809E+20,5.41528E+21,9.17474E+15,4.88904E+16
37624,37625,8,4,37,76,2016,9,20,1,3,2,6,2,0,0,1,0,0,0,0,5.25056E+20,5.31501E+21,9.33581E+15,4.79879E+16
37625,37626,8,1,35,15,2016,9,15,3,3,5,3,0,0,0,1,0,1,0,0,5.75306E+20,5.38667E+21,1.0022E+16,4.86285E+16
37626,37627,8,2,37,45,2016,9,19,4,3,2,6,0,0,0,1,0,1,0,0,4.59329E+20,5.35861E+21,8.45073E+15,4.83793E+16
37627,37628,8,3,35,25,2016,9,12,1,3,0,7,0,0,1,0,0,0,0,0,4.97874E+20,5.28263E+21,8.97167E+15,4.7697E+16
37628,37629,8,1,17,18,2016,9,11,1,3,5,3,0,0,0,1,0,1,0,0,5.37174E+20,5.3957E+21,9.50535E+15,4.87132E+16
37629,37630,8,1,17,31,2016,9,16,3,3,1,6,0,0,0,1,0,0,0,0,5.50296E+20,5.37554E+21,9.68127E+15,4.8531E+16
37630,37631,8,1,15,28,2016,9,20,6,3,2,6,2,0,0,1,0,0,0,0,5.02452E+20,5.40052E+21,9.03336E+15,4.87577E+16
37631,37632,8,1,15,45,2016,9,10,2,3,2,6,0,0,0,1,0,0,0,0,4.96389E+20,5.3951E+21,8.95091E+15,4.8709E+16
37632,37633,8,2,15,108,2016,9,16,3,3,0,1,0,0,1,0,0,0,0,0,4.5059E+20,5.42436E+21,8.32488E+15,4.89701E+16
37633,37634,8,2,31,0,2016,9,14,4,2,9,6,0,0,0,1,0,0,0,1,4.84654E+20,5.41296E+21,8.79074E+15,4.88694E+16
37634,37635,8,1,19,20,2016,9,9,3,3,5,3,0,0,0,1,0,0,0,1,5.19763E+20,5.41055E+21,9.26938E+15,4.88476E+16
37635,37636,8,3,36,50,2016,9,6,4,3,4,6,1,0,0,1,0,0,0,1,4.00914E+20,5.27747E+21,7.68076E+15,4.7643E+16
37636,37637,8,3,35,75,2016,9,14,2,3,5,2,0,0,0,1,0,0,0,0,4.89225E+20,5.29083E+21,8.85619E+15,4.77707E+16
37637,37638,8,2,15,9,2016,9,6,2,3,2,2,0,0,0,1,0,1,0,0,4.70898E+20,5.44209E+21,8.60107E+15,4.91309E+16
37638,37639,8,2,36,46,2016,9,17,2,3,2,6,0,0,0,1,0,0,0,0,4.84594E+20,5.41761E+21,8.78975E+15,4.89113E+16
37639,37640,8,1,28,139,2016,9,16,2,3,2,6,0,0,0,1,0,0,0,0,5.5231E+20,5.48972E+21,9.7233E+15,4.95578E+16
37640,37641,8,4,35,59,2016,9,17,3,3,8,1,0,0,0,0,0,1,0,0,5.06997E+20,5.29532E+21,9.09346E+15,4.78112E+16
37641,37642,8,3,17,96,2016,9,18,5,3,5,3,0,0,1,1,0,0,0,0,4.21413E+20,5.36965E+21,7.93668E+15,4.8475E+16
37642,37643,8,3,17,96,2016,9,9,3,3,5,2,0,0,0,1,0,1,0,0,4.21467E+20,5.3664E+21,7.93803E+15,4.84458E+16
37643,37644,8,1,15,52,2016,9,17,5,3,2,6,0,1,0,1,0,0,0,0,4.96372E+20,5.41046E+21,8.95055E+15,4.88471E+16
37644,37645,8,4,26,120,2016,9,0,1,3,5,3,2,0,0,1,0,1,0,0,5.63317E+20,5.32165E+21,9.84955E+15,4.8045E+16
37645,37646,8,2,36,71,2016,9,12,4,3,5,3,0,0,0,1,0,0,0,0,4.67706E+20,5.42317E+21,8.55882E+15,4.89606E+16
37646,37647,8,3,17,34,2016,9,14,1,2,1,7,0,0,0,1,0,0,0,0,4.26672E+20,5.3611E+21,8.00933E+15,4.83988E+16
37647,37648,8,1,16,77,2016,9,13,1,3,9,1,0,0,1,0,0,0,0,0,5.15924E+20,5.39165E+21,9.21631E+15,4.86777E+16
37648,37649,8,1,15,28,2016,9,11,3,3,2,6,0,0,0,1,0,0,0,0,5.02663E+20,5.39926E+21,9.03622E+15,4.87464E+16
37649,37650,8,1,27,14,2016,9,23,6,3,5,3,2,1,0,1,0,0,0,0,5.76028E+20,5.44381E+21,1.00424E+16,4.91424E+16
37650,37651,8,1,21,0,2016,9,16,4,3,1,7,0,0,0,0,0,1,1,0,5.16424E+20,5.44498E+21,9.22525E+15,4.91574E+16
37651,37652,8,2,11,0,2016,9,13,2,3,5,3,0,0,1,1,0,0,0,0,4.42248E+20,5.40411E+21,8.21375E+15,4.87873E+16
37652,37653,8,1,19,20,2016,9,13,2,3,5,1,0,0,1,1,0,0,0,0,5.19084E+20,5.40651E+21,9.25994E+15,4.88113E+16
37653,37654,8,3,17,141,2016,9,16,3,3,5,2,0,0,0,1,0,0,0,0,4.20147E+20,5.37658E+21,7.91824E+15,4.85373E+16
37654,37655,8,2,15,90,2016,9,10,5,3,2,6,0,0,0,1,0,0,0,1,4.64052E+20,5.43528E+21,8.50784E+15,4.90693E+16
37655,37656,8,1,36,21,2016,9,14,1,3,2,6,0,0,0,1,0,0,0,0,5.75395E+20,5.40805E+21,1.00271E+16,4.88208E+16
37656,37657,8,2,35,46,2016,9,14,2,3,3,3,0,0,0,1,0,0,0,0,4.79578E+20,5.37556E+21,8.72338E+15,4.85328E+16
37657,37658,8,1,26,47,2016,9,7,4,3,3,6,0,0,0,0,0,1,1,0,5.49373E+20,5.4523E+21,9.67804E+15,4.92215E+16
37658,37659,8,2,21,0,2016,9,7,2,3,2,6,0,0,0,1,0,0,0,0,4.82739E+20,5.47371E+21,8.76203E+15,4.94158E+16
37659,37660,8,1,26,72,2016,9,7,2,3,8,1,0,0,0,1,0,0,0,0,5.35893E+20,5.46439E+21,9.49401E+15,4.93312E+16
37660,37661,8,3,15,133,2016,9,13,5,3,8,1,0,0,0,1,0,0,0,0,3.97119E+20,5.32766E+21,7.6183E+15,4.80939E+16
37661,37662,8,1,35,16,2016,9,21,1,3,0,7,2,0,0,1,0,1,0,0,5.90221E+20,5.39008E+21,1.02251E+16,4.86573E+16
37662,37663,8,4,37,104,2016,9,12,4,3,0,7,0,0,1,0,0,0,0,0,5.16862E+20,5.32347E+21,9.22633E+15,4.80643E+16
37663,37664,8,4,35,16,2016,9,11,7,3,2,6,0,0,0,1,0,0,0,0,5.35266E+20,5.27776E+21,9.46962E+15,4.76523E+16
37664,37665,8,2,15,9,2016,9,18,4,3,3,2,0,0,0,1,0,0,1,0,4.68814E+20,5.44235E+21,8.57249E+15,4.91332E+16
37665,37666,8,3,15,84,2016,9,15,1,3,2,6,0,0,0,1,0,1,0,0,4.21783E+20,5.31107E+21,7.95249E+15,4.79481E+16
37666,37667,8,1,16,11,2016,9,14,1,3,4,6,0,0,0,1,0,0,0,0,5.28892E+20,5.38035E+21,9.3917E+15,4.85756E+16
37667,37668,8,4,36,81,2016,9,16,2,3,5,3,0,0,1,1,0,0,0,0,5.58004E+20,5.27886E+21,9.77253E+15,4.76606E+16
37668,37669,8,1,17,33,2016,9,15,6,3,2,6,0,0,0,1,0,0,0,0,5.59293E+20,5.38694E+21,9.80475E+15,4.86327E+16
37669,37670,8,1,18,80,2016,9,16,4,3,2,6,0,0,0,1,0,0,1,0,5.09238E+20,5.41056E+21,9.12591E+15,4.8848E+16
37670,37671,8,1,36,42,2016,9,17,2,3,4,2,0,0,1,1,0,0,0,0,5.46499E+20,5.40404E+21,9.63304E+15,4.87876E+16
37671,37672,8,3,15,68,2016,9,15,3,2,4,6,0,0,0,1,0,0,0,0,4.36075E+20,5.3041E+21,8.14491E+15,4.7887E+16
37672,37673,8,2,25,74,2016,9,20,5,3,3,6,2,0,0,0,0,1,0,1,5.06396E+20,5.46679E+21,9.08807E+15,4.93538E+16
37673,37674,8,1,27,76,2016,9,4,1,2,8,1,2,0,0,1,0,0,0,0,5.52945E+20,5.43999E+21,9.72547E+15,4.91104E+16
37674,37675,8,2,25,42,2016,9,16,3,3,8,1,0,0,0,1,0,0,0,0,5.07112E+20,5.46014E+21,9.09781E+15,4.9294E+16
37675,37676,8,3,25,57,2016,9,7,4,3,7,7,0,0,1,0,0,0,0,0,4.7255E+20,5.35708E+21,8.62939E+15,4.83663E+16
37676,37677,8,4,25,33,2016,9,21,4,3,8,1,2,0,0,1,0,0,0,0,5.62906E+20,5.34509E+21,9.84749E+15,4.82559E+16
37677,37678,8,1,28,115,2016,9,7,4,3,2,6,0,0,0,1,0,0,0,0,5.49394E+20,5.49551E+21,9.6837E+15,4.96101E+16
37678,37679,8,4,25,39,2016,9,18,2,3,2,6,0,0,0,1,0,0,0,0,5.64E+20,5.35146E+21,9.8632E+15,4.83131E+16
37679,37680,8,4,36,64,2016,9,7,4,3,5,3,0,0,1,1,0,0,0,0,5.38933E+20,5.29298E+21,9.5198E+15,4.7789E+16
37680,37681,8,1,16,15,2016,9,16,4,3,1,6,0,0,0,1,0,0,0,0,5.23918E+20,5.39244E+21,9.32496E+15,4.86845E+16
37681,37682,8,4,35,34,2016,9,9,2,2,4,6,0,0,0,1,0,0,0,1,5.28556E+20,5.28511E+21,9.38074E+15,4.77188E+16
37682,37683,8,2,35,6,2016,9,13,1,2,5,3,0,0,0,1,0,0,0,0,4.69148E+20,5.37816E+21,8.5819E+15,4.85558E+16
37683,37684,8,1,15,42,2016,9,16,1,2,9,1,0,0,0,0,0,1,0,0,4.94226E+20,5.40773E+21,8.92134E+15,4.88225E+16
37684,37685,8,1,11,0,2016,9,13,6,3,5,3,0,0,1,1,0,0,0,0,5.13947E+20,5.40371E+21,9.18987E+15,4.87863E+16
37685,37686,8,1,16,19,2016,9,16,4,3,8,1,0,0,0,0,0,1,0,0,5.25172E+20,5.39907E+21,9.3424E+15,4.87441E+16
37686,37687,8,1,17,29,2016,9,19,4,3,8,1,0,0,0,0,0,1,0,0,5.41409E+20,5.39049E+21,9.56239E+15,4.86661E+16
37687,37688,8,4,15,53,2016,9,18,3,2,4,1,0,0,0,1,0,1,0,0,5.36583E+20,5.35416E+21,9.49366E+15,4.83395E+16
37688,37689,8,2,37,40,2016,9,20,3,3,4,2,1,0,0,1,0,0,0,0,4.79796E+20,5.36468E+21,8.72685E+15,4.84349E+16
37689,37690,8,2,11,0,2016,9,15,5,3,8,1,0,0,0,1,0,0,0,0,4.43327E+20,5.40212E+21,8.22872E+15,4.87695E+16
37690,37691,8,1,17,18,2016,9,20,2,2,8,1,1,0,1,0,0,0,0,0,5.40723E+20,5.39679E+21,9.55369E+15,4.87228E+16
37691,37692,8,2,16,24,2016,9,16,3,2,5,3,0,0,0,1,0,0,0,0,4.4611E+20,5.41134E+21,8.26538E+15,4.88527E+16
37692,37693,8,3,17,151,2016,9,17,4,3,2,6,0,0,0,1,0,0,1,0,4.14702E+20,5.3612E+21,7.84762E+15,4.83982E+16
37693,37694,8,3,16,43,2016,9,1,4,2,9,1,2,0,0,1,0,0,0,0,4.10533E+20,5.32672E+21,7.79859E+15,4.80874E+16
37694,37695,8,4,15,78,2016,9,17,2,3,1,6,0,1,0,1,0,0,0,0,5.27351E+20,5.37259E+21,9.37029E+15,4.85058E+16
37695,37696,8,3,16,37,2016,9,17,2,3,1,6,0,0,0,1,0,0,0,0,4.07918E+20,5.3342E+21,7.76187E+15,4.81543E+16
37696,37697,8,4,16,25,2016,9,14,5,3,2,6,0,0,0,1,0,0,0,0,5.00836E+20,5.36068E+21,9.01129E+15,4.83993E+16
37697,37698,8,1,36,21,2016,9,15,2,3,2,6,0,0,0,1,0,0,0,0,5.75599E+20,5.40809E+21,1.00299E+16,4.88211E+16
37698,37699,8,4,37,88,2016,9,14,3,3,5,3,0,0,0,1,0,1,0,0,5.21132E+20,5.30292E+21,9.28263E+15,4.78793E+16
37699,37700,8,3,26,65,2016,9,19,5,2,3,6,0,0,1,0,0,0,0,0,4.56798E+20,5.32439E+21,8.42005E+15,4.80713E+16
37700,37701,8,4,36,9,2016,9,9,3,3,4,6,0,0,0,1,0,0,0,1,5.53216E+20,5.30362E+21,9.71179E+15,4.78837E+16
37701,37702,8,4,17,31,2016,9,20,2,2,2,2,2,0,0,1,0,0,0,0,5.01837E+20,5.35466E+21,9.02479E+15,4.83451E+16
37702,37703,8,4,37,86,2016,9,16,5,3,8,6,0,0,0,1,0,0,1,0,5.31223E+20,5.31018E+21,9.41812E+15,4.79442E+16
37703,37704,8,1,11,0,2016,9,7,4,3,5,3,0,0,0,1,0,0,0,0,5.07177E+20,5.40749E+21,9.09777E+15,4.88204E+16
37704,37705,8,3,37,65,2016,9,16,5,3,5,3,0,0,1,0,0,1,0,0,4.49424E+20,5.27432E+21,8.32692E+15,4.76203E+16
37705,37706,8,3,35,79,2016,9,17,3,3,5,3,0,0,0,1,0,0,0,0,4.99969E+20,5.2991E+21,8.99959E+15,4.78453E+16
37706,37707,8,2,35,85,2016,9,15,3,2,6,4,0,0,0,0,1,1,0,0,4.80377E+20,5.40053E+21,8.73301E+15,4.87575E+16
37707,37708,8,1,21,0,2016,9,13,5,3,3,6,0,0,0,1,0,0,1,0,5.15053E+20,5.44287E+21,9.20637E+15,4.91385E+16
37708,37709,8,1,28,131,2016,9,14,5,3,3,2,0,0,0,1,0,0,1,0,5.36607E+20,5.51302E+21,9.50835E+15,4.97685E+16
37709,37710,8,1,11,0,2016,9,17,2,3,3,6,0,0,0,0,0,1,1,0,5.09407E+20,5.39734E+21,9.12793E+15,4.8729E+16
37710,37711,8,1,36,65,2016,9,17,3,3,5,3,0,0,0,1,0,0,0,1,5.57844E+20,5.40558E+21,9.7877E+15,4.88005E+16
37711,37712,8,2,15,17,2016,9,17,4,2,2,6,0,0,0,1,0,0,0,0,4.53953E+20,5.42184E+21,8.37111E+15,4.89478E+16
37712,37713,8,1,18,11,2016,9,7,3,3,3,2,0,0,1,1,0,0,0,0,5.05048E+20,5.40694E+21,9.06876E+15,4.88154E+16
37713,37714,8,3,35,28,2016,9,18,4,3,2,6,0,0,0,1,0,0,0,0,4.82907E+20,5.28701E+21,8.77201E+15,4.77362E+16
37714,37715,8,2,12,0,2016,9,15,6,3,0,2,0,0,1,1,0,0,0,0,4.57261E+20,5.42818E+21,8.41561E+15,4.90051E+16
37715,37716,8,3,35,43,2016,9,22,2,3,5,3,2,0,0,1,0,0,0,0,5.11464E+20,5.2802E+21,9.15273E+15,4.76751E+16
37716,37717,8,2,12,0,2016,9,23,2,3,2,7,2,0,0,0,0,0,1,1,4.55649E+20,5.4273E+21,8.39367E+15,4.8997E+16
37717,37718,8,2,26,96,2016,9,19,2,3,9,1,0,0,0,0,0,1,0,0,4.75031E+20,5.48571E+21,8.655E+15,4.95235E+16
37718,37719,8,1,28,138,2016,9,5,2,3,9,7,2,0,0,0,0,1,0,0,5.39935E+20,5.4866E+21,9.55187E+15,4.95307E+16
37719,37720,8,3,17,31,2016,9,15,5,2,2,6,0,0,0,1,0,0,0,0,4.15323E+20,5.36169E+21,7.85591E+15,4.84027E+16
37720,37721,8,1,27,76,2016,9,10,1,3,4,2,0,0,0,1,0,0,0,0,5.51776E+20,5.4396E+21,9.7094E+15,4.9107E+16
37721,37722,8,1,11,0,2016,9,17,5,2,2,6,0,0,0,1,0,0,0,0,5.16479E+20,5.40392E+21,9.22435E+15,4.87881E+16
37722,37723,8,4,17,75,2016,9,19,1,3,8,1,0,0,0,1,0,0,0,0,5.07054E+20,5.34179E+21,9.09498E+15,4.82293E+16
37723,37724,8,4,16,41,2016,9,13,7,2,3,6,0,0,0,1,0,1,0,0,5.05196E+20,5.37343E+21,9.07036E+15,4.8514E+16
37724,37725,8,2,36,46,2016,9,10,4,3,2,2,0,0,0,1,0,0,0,0,4.8458E+20,5.41734E+21,8.78956E+15,4.89088E+16
37725,37726,8,3,15,7,2016,9,10,1,3,0,2,0,0,0,1,0,1,0,0,4.0289E+20,5.29556E+21,7.70302E+15,4.78061E+16
37726,37727,8,1,11,0,2016,9,7,3,3,3,6,0,0,0,1,0,0,1,0,5.12283E+20,5.40502E+21,9.16725E+15,4.87981E+16
37727,37728,8,4,16,41,2016,9,17,4,3,0,7,0,0,0,0,0,1,0,0,4.99018E+20,5.37464E+21,8.9867E+15,4.85248E+16
37728,37729,8,2,26,37,2016,9,12,7,3,2,6,0,0,0,1,0,0,0,1,4.66949E+20,5.46896E+21,8.54472E+15,4.93724E+16
37729,37730,8,4,15,59,2016,9,16,6,2,8,1,0,0,0,0,0,1,0,0,5.15147E+20,5.36421E+21,9.20477E+15,4.84309E+16
37730,37731,8,1,19,8,2016,9,15,4,3,2,2,0,0,0,1,0,1,0,0,5.32033E+20,5.42175E+21,9.4375E+15,4.89479E+16
37731,37732,8,2,15,96,2016,9,9,7,3,4,2,0,0,0,1,0,1,0,0,4.63921E+20,5.41276E+21,8.50804E+15,4.88668E+16
37732,37733,8,2,21,0,2016,9,9,3,3,1,7,0,0,0,1,0,1,0,0,4.76381E+20,5.47179E+21,8.67448E+15,4.93984E+16
37733,37734,8,4,37,100,2016,9,17,6,2,8,1,0,1,0,1,0,0,0,0,5.44598E+20,5.31805E+21,9.59803E+15,4.80142E+16
37734,37735,8,3,17,121,2016,9,12,6,2,5,3,0,0,0,1,0,1,0,0,4.20624E+20,5.34103E+21,7.93141E+15,4.82176E+16
37735,37736,8,4,36,82,2016,9,22,5,3,2,6,2,0,0,1,0,0,0,0,5.48017E+20,5.2962E+21,9.64144E+15,4.78173E+16
37736,37737,8,2,26,54,2016,9,17,6,2,9,1,0,0,0,1,0,0,0,0,4.81952E+20,5.45452E+21,8.75204E+15,4.92432E+16
37737,37738,8,1,17,26,2016,9,6,3,3,0,1,2,0,1,0,0,0,0,0,5.506E+20,5.3925E+21,9.68745E+15,4.86835E+16
37738,37739,8,2,12,0,2016,9,0,1,3,3,6,2,1,0,1,0,1,0,0,4.55246E+20,5.42932E+21,8.38793E+15,4.90151E+16