FID,OBJECTID,ULAND,UREGBEZ,UKREIS,UGEMEINDE,UJAHR,UMONAT,USTUNDE,UWOCHENTAG,UKATEGORIE,UART,UTYP1,ULICHTVERH,IstStrasse,IstRad,IstPKW,IstFuss,IstKrad,IstGkfz,IstSonstig,LINREFX,LINREFY,XGCSWGS84,YGCSWGS84
37739,37740,8,1,17,61,2016,9,15,1,2,4,6,0,1,0,1,0,0,0,0,5.62283E+20,5.3949E+21,9.84652E+15,4.8704E+16
37740,37741,8,1,36,19,2016,9,10,5,3,5,3,0,0,1,1,0,0,0,0,5.82555E+20,5.42412E+21,1.01279E+16,4.89645E+16
37741,37742,8,1,18,48,2016,9,13,7,3,1,2,0,0,0,1,0,0,0,0,5.15572E+20,5.41437E+21,9.21241E+15,4.88821E+16
37742,37743,8,3,26,12,2016,9,17,4,3,4,2,0,0,0,1,0,0,0,0,4.61747E+20,5.31072E+21,8.48771E+15,4.79487E+16
37743,37744,8,2,15,9,2016,9,14,6,2,3,2,0,0,1,0,0,0,1,0,4.69966E+20,5.44167E+21,8.58832E+15,4.91271E+16
37744,37745,8,1,11,0,2016,9,21,4,2,8,1,2,0,0,1,0,0,0,0,5.15522E+20,5.39703E+21,9.21106E+15,4.87261E+16
37745,37746,8,1,19,84,2016,9,21,7,2,8,1,2,1,0,1,0,0,0,0,5.48427E+20,5.41618E+21,9.66073E+15,4.88967E+16
37746,37747,8,1,19,8,2016,9,10,3,3,2,6,0,0,0,1,0,0,0,0,5.31829E+20,5.42133E+21,9.43468E+15,4.89441E+16
37747,37748,8,3,36,79,2016,9,15,5,2,5,3,0,0,0,1,0,1,0,0,4.17879E+20,5.29419E+21,7.90343E+15,4.77958E+16
37748,37749,8,4,15,93,2016,9,6,2,3,2,2,0,1,0,1,0,0,0,1,5.28343E+20,5.36138E+21,9.38296E+15,4.84049E+16
37749,37750,8,1,27,14,2016,9,11,6,3,2,6,0,0,0,1,0,0,0,1,5.74862E+20,5.44345E+21,1.00264E+16,4.91393E+16
37750,37751,8,4,37,123,2016,9,17,2,2,2,2,0,0,0,1,0,1,0,0,5.07389E+20,5.31257E+21,9.09899E+15,4.79664E+16
37751,37752,8,2,35,46,2016,9,16,2,2,4,6,0,0,0,1,0,1,0,0,4.78869E+20,5.37373E+21,8.71386E+15,4.85163E+16
37752,37753,8,1,36,88,2016,9,8,1,3,8,1,0,1,0,0,0,0,1,0,5.88846E+20,5.40631E+21,1.021E+16,4.88034E+16
37753,37754,8,2,12,0,2016,9,15,6,2,8,6,0,0,0,1,0,0,0,1,4.58893E+20,5.42652E+21,8.4381E+15,4.89902E+16
37754,37755,8,4,17,57,2016,9,14,5,3,4,2,0,0,0,1,0,0,0,0,4.8201E+20,5.3398E+21,8.75785E+15,4.82112E+16
37755,37756,8,1,36,65,2016,9,20,6,3,2,6,2,0,0,1,0,0,0,0,5.58845E+20,5.40592E+21,9.80138E+15,4.88034E+16
37756,37757,8,1,11,0,2016,9,17,3,3,2,6,0,0,0,1,0,1,0,0,5.1207E+20,5.39936E+21,9.16419E+15,4.87472E+16
37757,37758,8,1,16,15,2016,9,15,1,3,3,6,0,1,0,1,0,0,0,0,5.22305E+20,5.39334E+21,9.30309E+15,4.86927E+16
37758,37759,8,3,37,76,2016,9,8,3,3,5,2,0,0,0,1,0,0,0,0,4.27247E+20,5.27033E+21,8.03248E+15,4.75823E+16
37759,37760,8,1,11,0,2016,9,14,1,2,8,1,0,1,0,1,0,0,0,0,5.16658E+20,5.40448E+21,9.22681E+15,4.87931E+16
37760,37761,8,2,25,9,2016,9,6,2,2,7,1,2,1,1,0,0,0,0,0,5.19003E+20,5.46799E+21,9.26172E+15,4.93643E+16
37761,37762,8,1,27,99,2016,9,13,5,2,1,7,0,0,0,1,0,0,1,0,5.61598E+20,5.44719E+21,9.84513E+15,4.91744E+16
37762,37763,8,1,18,48,2016,9,17,7,3,2,6,0,0,0,1,0,0,0,0,5.12187E+20,5.41779E+21,9.16633E+15,4.89129E+16
37763,37764,8,3,15,130,2016,9,17,4,3,1,6,0,0,0,0,0,1,0,1,4.1038E+20,5.30201E+21,7.8017E+15,4.78652E+16
37764,37765,8,4,36,64,2016,9,15,3,3,8,1,0,0,0,0,0,1,0,0,5.47265E+20,5.29108E+21,9.63084E+15,4.77714E+16
37765,37766,8,1,11,0,2016,9,13,2,2,2,6,0,0,0,1,0,1,0,0,5.18725E+20,5.40076E+21,9.25478E+15,4.87596E+16
37766,37767,8,3,25,57,2016,9,0,1,2,3,1,2,1,0,1,0,0,0,0,4.78522E+20,5.3583E+21,8.70995E+15,4.83775E+16
37767,37768,8,3,27,6,2016,9,17,5,3,5,2,0,0,0,1,0,1,0,0,4.85547E+20,5.32744E+21,8.80588E+15,4.81001E+16
37768,37769,8,3,26,27,2016,9,6,2,2,5,3,2,1,0,1,0,1,0,0,4.60809E+20,5.30819E+21,8.47537E+15,4.79258E+16
37769,37770,8,1,25,65,2016,9,6,6,3,2,6,1,0,0,1,0,0,0,0,5.16251E+20,5.44908E+21,9.22305E+15,4.91943E+16
37770,37771,8,4,16,49,2016,9,16,2,2,8,1,0,0,0,1,0,0,0,0,4.89329E+20,5.36939E+21,8.85561E+15,4.84775E+16
37771,37772,8,2,22,0,2016,9,17,2,3,1,6,0,0,0,1,0,0,0,0,4.62503E+20,5.48226E+21,8.48223E+15,4.94918E+16
37772,37773,8,3,17,40,2016,9,17,3,3,2,6,0,0,0,1,0,0,0,0,4.3195E+20,5.34784E+21,8.08277E+15,4.82801E+16
37773,37774,8,1,17,3,2016,9,6,2,3,5,3,0,1,0,1,0,1,0,0,5.42024E+20,5.39421E+21,9.57113E+15,4.86995E+16
37774,37775,8,4,36,12,2016,9,18,4,3,5,3,0,0,0,1,0,1,0,0,5.47959E+20,5.29945E+21,9.64102E+15,4.78466E+16
37775,37776,8,1,17,42,2016,9,10,5,3,4,2,0,0,0,1,0,0,0,0,5.53521E+20,5.39302E+21,9.72721E+15,4.86879E+16
37776,37777,8,4,26,14,2016,9,13,7,3,5,3,0,0,0,1,0,0,0,0,5.50497E+20,5.31388E+21,9.67663E+15,4.79762E+16
37777,37778,8,4,37,76,2016,9,14,6,2,0,1,0,0,1,0,0,0,0,0,5.25602E+20,5.3224E+21,9.34357E+15,4.80544E+16
37778,37779,8,1,35,19,2016,9,17,4,3,0,1,0,0,1,0,0,0,0,0,5.85531E+20,5.39557E+21,1.01626E+16,4.87073E+16
37779,37780,8,4,26,21,2016,9,17,6,2,8,1,0,1,0,1,0,0,0,0,5.6188E+20,5.32879E+21,9.8313E+15,4.81093E+16
37780,37781,8,2,26,13,2016,9,15,4,3,8,1,0,0,0,1,0,0,0,0,4.91109E+20,5.48047E+21,8.87727E+15,4.94769E+16
37781,37782,8,3,26,17,2016,9,17,3,2,4,2,0,0,0,1,0,0,0,0,4.39645E+20,5.32141E+21,8.19022E+15,4.80431E+16
37782,37783,8,1,21,0,2016,9,7,2,3,1,6,0,0,0,1,0,0,0,0,5.16649E+20,5.44232E+21,9.22824E+15,4.91335E+16
37783,37784,8,1,19,8,2016,9,12,5,3,5,3,0,0,0,1,0,0,0,0,5.32116E+20,5.42105E+21,9.43857E+15,4.89415E+16
37784,37785,8,1,15,1,2016,9,18,7,2,0,1,0,0,1,0,0,0,0,0,4.93476E+20,5.39174E+21,8.91137E+15,4.86787E+16
37785,37786,8,2,15,46,2016,9,16,4,3,2,6,0,0,0,1,0,0,0,1,4.49641E+20,5.41689E+21,8.31283E+15,4.89029E+16
37786,37787,8,2,15,46,2016,9,16,4,3,2,6,0,0,0,1,0,0,0,0,4.49728E+20,5.41694E+21,8.314E+15,4.89033E+16
37787,37788,8,1,18,50,2016,9,23,7,3,5,3,2,1,0,1,0,0,0,0,5.06151E+20,5.41708E+21,9.08394E+15,4.89066E+16
37788,37789,8,4,26,21,2016,9,15,1,2,9,1,0,1,0,1,0,0,0,0,5.6098E+20,5.32623E+21,9.81885E+15,4.80864E+16
37789,37790,8,3,15,102,2016,9,16,1,2,5,3,0,1,0,1,0,0,0,0,4.40014E+20,5.29443E+21,8.19894E+15,4.78004E+16
37790,37791,8,3,15,70,2016,9,21,5,3,3,3,2,0,0,1,0,0,0,0,4.51287E+20,5.30409E+21,8.34838E+15,4.78883E+16
37791,37792,8,3,17,113,2016,9,8,2,3,8,1,0,0,0,0,0,0,1,0,4.07807E+20,5.34456E+21,7.75813E+15,4.82475E+16
37792,37793,8,2,31,0,2016,9,12,5,3,4,2,0,0,0,1,0,0,0,0,4.75458E+20,5.41649E+21,8.66513E+15,4.89009E+16
37793,37794,8,1,19,67,2016,9,16,6,2,3,6,0,0,1,1,0,0,0,0,5.39207E+20,5.40588E+21,9.53395E+15,4.88046E+16
37794,37795,8,2,16,43,2016,9,17,2,2,3,5,0,0,0,1,0,1,0,0,4.42242E+20,5.41217E+21,8.21254E+15,4.88598E+16
37795,37796,8,2,26,85,2016,9,9,3,3,2,6,0,0,0,1,0,0,0,0,4.92412E+20,5.45392E+21,8.89576E+15,4.9238E+16
37796,37797,8,4,25,2,2016,9,7,4,3,0,1,0,0,1,0,0,0,0,0,5.54251E+20,5.3526E+21,9.73187E+15,4.83243E+16
37797,37798,8,4,15,78,2016,9,19,7,3,8,1,1,1,0,0,0,1,0,0,5.33902E+20,5.36546E+21,9.4584E+15,4.84414E+16
37798,37799,8,4,26,124,2016,9,19,6,2,6,7,2,0,0,1,1,0,0,0,5.48534E+20,5.33044E+21,9.65221E+15,4.81253E+16
37799,37800,8,1,25,24,2016,9,13,4,3,3,2,0,0,0,1,0,0,0,0,5.23412E+20,5.44406E+21,9.32105E+15,4.91489E+16
37800,37801,8,2,26,27,2016,9,20,7,3,0,7,2,1,0,0,0,1,0,0,4.87467E+20,5.48087E+21,8.82698E+15,4.94803E+16
37801,37802,8,2,15,103,2016,9,7,3,3,2,6,0,0,0,1,0,0,0,0,4.68023E+20,5.44428E+21,8.56149E+15,4.91505E+16
37802,37803,8,4,26,21,2016,9,16,6,2,8,1,0,1,0,1,0,0,0,0,5.61034E+20,5.32631E+21,9.81958E+15,4.80871E+16
37803,37804,8,3,17,40,2016,9,8,6,3,2,6,0,0,0,1,0,0,1,0,4.31954E+20,5.34784E+21,8.08282E+15,4.82801E+16
37804,37805,8,1,11,0,2016,9,23,6,3,2,6,2,0,0,1,0,0,0,0,5.1891E+20,5.40081E+21,9.2573E+15,4.876E+16
37805,37806,8,2,26,37,2016,9,21,6,2,4,6,2,0,0,1,0,0,0,0,4.67026E+20,5.4701E+21,8.54569E+15,4.93827E+16
37806,37807,8,2,36,40,2016,9,20,1,2,8,1,2,1,0,0,0,0,0,1,4.91772E+20,5.42353E+21,8.88759E+15,4.89647E+16
37807,37808,8,2,15,105,2016,9,18,1,3,5,3,0,1,0,1,0,0,0,0,4.58834E+20,5.44051E+21,8.43586E+15,4.9116E+16
37808,37809,8,1,18,48,2016,9,19,1,3,2,6,2,1,0,1,0,0,0,0,5.12145E+20,5.41784E+21,9.16576E+15,4.89134E+16
37809,37810,8,1,16,42,2016,9,4,6,3,2,6,2,0,1,1,0,0,0,0,5.18129E+20,5.38273E+21,9.24588E+15,4.85974E+16
37810,37811,8,3,16,45,2016,9,17,1,3,9,6,0,1,0,1,0,0,0,0,4.10408E+20,5.32704E+21,7.79686E+15,4.80903E+16
37811,37812,8,2,31,0,2016,9,13,1,3,3,1,0,1,0,1,0,0,0,0,4.79552E+20,5.41828E+21,8.7209E+15,4.89171E+16
37812,37813,8,1,25,56,2016,9,17,1,3,4,2,0,0,0,1,0,0,0,0,5.09607E+20,5.43513E+21,9.13153E+15,4.9069E+16
37813,37814,8,3,16,37,2016,9,22,2,3,0,7,2,0,0,0,0,1,0,0,4.05879E+20,5.33673E+21,7.7339E+15,4.81768E+16
37814,37815,8,2,26,106,2016,9,20,5,2,8,1,2,0,0,0,0,1,0,0,4.98108E+20,5.46526E+21,8.97395E+15,4.934E+16
37815,37816,8,1,25,49,2016,9,14,2,3,3,7,0,0,0,1,0,0,1,0,4.99944E+20,5.45166E+21,8.99923E+15,4.92177E+16
37816,37817,8,3,36,91,2016,9,19,4,3,6,4,2,0,0,0,1,0,0,1,3.94276E+20,5.27174E+21,7.59378E+15,4.75904E+16
37817,37818,8,2,15,66,2016,9,11,7,2,5,3,0,0,1,0,0,1,0,0,4.60265E+20,5.44993E+21,8.45455E+15,4.92009E+16
37818,37819,8,3,16,37,2016,9,9,6,3,2,6,0,0,0,1,0,0,0,1,4.08825E+20,5.33235E+21,7.77446E+15,4.81379E+16
37819,37820,8,1,15,44,2016,9,15,4,3,2,2,0,0,0,1,0,0,0,0,5.05487E+20,5.38999E+21,9.07452E+15,4.86629E+16
37820,37821,8,1,25,65,2016,9,9,7,3,2,6,0,0,0,1,0,0,0,0,5.16688E+20,5.44758E+21,9.22898E+15,4.91808E+16
37821,37822,8,2,15,109,2016,9,12,3,3,5,3,0,0,0,1,0,0,0,0,4.60833E+20,5.43598E+21,8.4637E+15,4.90754E+16
37822,37823,8,4,17,25,2016,9,13,6,3,3,6,0,0,0,0,0,1,1,0,4.86717E+20,5.35504E+21,8.82072E+15,4.83484E+16
37823,37824,8,3,36,91,2016,9,17,6,3,3,6,0,0,0,1,0,1,0,0,3.94956E+20,5.2717E+21,7.60283E+15,4.75902E+16
37824,37825,8,4,35,36,2016,9,12,5,2,4,2,0,0,0,1,0,1,0,0,5.17886E+20,5.28635E+21,9.23853E+15,4.77303E+16
37825,37826,8,2,12,0,2016,9,10,6,3,2,6,0,0,0,1,0,0,0,0,4.53082E+20,5.42878E+21,8.35841E+15,4.90101E+16
37826,37827,8,1,15,52,2016,9,16,3,3,2,6,0,0,0,1,0,1,0,0,4.93105E+20,5.41088E+21,8.90601E+15,4.88508E+16
37827,37828,8,2,16,33,2016,9,14,1,3,9,1,0,1,0,0,0,0,1,0,4.48059E+20,5.41394E+21,8.29162E+15,4.88762E+16
37828,37829,8,1,16,71,2016,9,8,1,3,2,6,0,1,0,1,0,0,0,0,5.2806E+20,5.39286E+21,9.38127E+15,4.86881E+16
37829,37830,8,1,36,21,2016,9,19,2,3,0,3,0,1,0,1,0,0,0,1,5.75437E+20,5.40806E+21,1.00277E+16,4.88209E+16
37830,37831,8,1,35,19,2016,9,15,5,2,3,2,0,0,1,0,0,0,1,0,5.84884E+20,5.3923E+21,1.01531E+16,4.8678E+16
37831,37832,8,1,18,48,2016,9,23,7,3,9,1,2,1,0,1,0,0,0,0,5.15416E+20,5.4145E+21,9.21028E+15,4.88833E+16
37832,37833,8,3,16,56,2016,9,21,4,3,5,3,2,0,0,1,0,1,0,0,4.18721E+20,5.32657E+21,7.90856E+15,4.80872E+16
37833,37834,8,2,31,0,2016,9,17,6,3,5,3,0,0,0,1,0,1,0,0,4.78034E+20,5.41156E+21,8.70054E+15,4.88566E+16
37834,37835,8,1,15,45,2016,9,15,5,3,2,6,0,0,0,1,0,0,0,0,4.9901E+20,5.39293E+21,8.98655E+15,4.86894E+16
37835,37836,8,1,18,51,2016,9,12,7,3,0,7,0,0,0,1,0,0,0,0,5.09261E+20,5.415E+21,9.12634E+15,4.88879E+16
37836,37837,8,3,35,43,2016,9,22,4,3,0,7,2,0,1,0,0,0,0,0,5.15301E+20,5.28108E+21,9.20387E+15,4.76829E+16
37837,37838,8,2,36,70,2016,9,9,7,3,8,1,0,0,0,0,0,1,0,0,4.72651E+20,5.41559E+21,8.62689E+15,4.88927E+16
37838,37839,8,2,31,0,2016,9,16,6,3,1,1,0,1,0,1,0,1,0,0,4.75613E+20,5.41521E+21,8.66731E+15,4.88894E+16
37839,37840,8,1,15,3,2016,9,7,4,3,2,6,0,0,0,1,0,0,0,0,5.0014E+20,5.39229E+21,9.0019E+15,4.86837E+16
37840,37841,8,1,17,49,2016,9,8,7,2,2,6,0,0,0,1,0,0,0,0,5.53663E+20,5.39128E+21,9.72891E+15,4.86723E+16
37841,37842,8,1,25,56,2016,9,6,3,3,8,1,2,0,0,1,0,1,0,0,5.127E+20,5.43618E+21,9.17391E+15,4.90783E+16
37842,37843,8,4,17,16,2016,9,16,6,3,2,6,0,0,0,1,0,1,0,0,4.84535E+20,5.34198E+21,8.79175E+15,4.82309E+16
37843,37844,8,2,35,66,2016,9,15,6,3,9,6,0,0,0,1,0,1,0,0,4.60594E+20,5.38581E+21,8.46526E+15,4.86241E+16
37844,37845,8,4,16,41,2016,9,19,5,3,1,6,1,0,0,1,0,0,0,0,5.0431E+20,5.37362E+21,9.05836E+15,4.85156E+16
37845,37846,8,1,28,115,2016,9,14,6,3,9,6,0,0,0,1,0,0,0,0,5.47252E+20,5.49608E+21,9.65412E+15,4.96154E+16
37846,37847,8,4,36,8,2016,9,16,2,3,5,3,0,0,1,1,0,0,0,0,5.48041E+20,5.31041E+21,9.64334E+15,4.79452E+16
37847,37848,8,1,36,2,2016,9,11,1,3,4,1,0,1,0,1,0,0,0,0,5.72593E+20,5.4173E+21,9.9906E+15,4.89044E+16
37848,37849,8,3,35,75,2016,9,7,3,3,0,6,0,0,1,1,0,0,0,0,4.88322E+20,5.28852E+21,8.84421E+15,4.77499E+16
37849,37850,8,1,11,0,2016,9,15,1,3,2,6,0,0,0,1,0,0,0,0,5.11473E+20,5.40023E+21,9.1561E+15,4.8755E+16
37850,37851,8,1,25,6,2016,9,12,2,2,5,3,0,0,0,1,0,0,0,0,5.06774E+20,5.45093E+21,9.093E+15,4.92111E+16
37851,37852,8,1,21,0,2016,9,9,5,3,3,6,0,0,0,1,0,0,1,0,5.16573E+20,5.44217E+21,9.22718E+15,4.91322E+16
37852,37853,8,1,17,18,2016,9,20,7,3,6,4,2,1,0,1,1,0,0,0,5.39836E+20,5.39624E+21,9.54158E+15,4.87179E+16
37853,37854,8,1,16,77,2016,9,11,7,3,2,6,0,0,0,1,0,0,0,0,5.13943E+20,5.39171E+21,9.18941E+15,4.86783E+16
37854,37855,8,2,15,59,2016,9,7,4,3,8,1,0,0,0,0,0,1,0,0,4.88227E+20,5.43353E+21,8.83887E+15,4.90546E+16
37855,37856,8,2,31,0,2016,9,10,4,3,2,6,0,0,0,1,0,0,0,0,4.80926E+20,5.41887E+21,8.73962E+15,4.89224E+16
37856,37857,8,1,18,21,2016,9,0,7,3,5,2,2,0,0,1,0,0,0,0,5.19442E+20,5.42802E+21,9.26584E+15,4.90048E+16
37857,37858,8,4,25,20,2016,9,12,3,3,5,3,0,0,0,1,0,0,0,0,5.6052E+20,5.36525E+21,9.81825E+15,4.84375E+16
37858,37859,8,4,36,6,2016,9,14,1,3,2,6,0,1,0,1,0,0,0,0,5.60247E+20,5.28396E+21,9.8031E+15,4.77062E+16
37859,37860,8,3,17,65,2016,9,17,1,3,5,3,0,1,0,1,0,0,0,0,4.13852E+20,5.3532E+21,7.83778E+15,4.83261E+16
37860,37861,8,3,17,153,2016,9,6,5,3,5,3,1,0,1,1,0,0,0,0,4.18519E+20,5.38635E+21,7.89427E+15,4.86249E+16
37861,37862,8,3,17,96,2016,9,17,2,2,2,6,0,0,0,1,0,0,0,0,4.19092E+20,5.36942E+21,7.90533E+15,4.84727E+16
37862,37863,8,2,22,0,2016,9,16,5,3,2,6,0,0,0,1,0,1,0,0,4.58505E+20,5.48892E+21,8.42633E+15,4.95515E+16
37863,37864,8,1,25,6,2016,9,5,6,3,4,2,0,0,0,1,0,0,0,0,5.06773E+20,5.45093E+21,9.093E+15,4.92111E+16
37864,37865,8,4,36,82,2016,9,10,3,3,2,6,0,0,0,1,0,0,0,0,5.47754E+20,5.29574E+21,9.63787E+15,4.78132E+16
37865,37866,8,1,15,21,2016,9,0,2,3,5,3,2,0,0,1,0,0,0,0,4.91128E+20,5.37936E+21,8.87974E+15,4.85673E+16
37866,37867,8,1,19,3,2016,9,23,7,2,5,3,2,1,0,1,0,0,0,0,5.3555E+20,5.41736E+21,9.48514E+15,4.89082E+16
37867,37868,8,1,18,49,2016,9,18,3,3,5,3,0,0,1,1,0,0,0,0,5.19492E+20,5.42109E+21,9.26619E+15,4.89425E+16
37868,37869,8,3,35,100,2016,9,14,5,3,2,6,0,0,0,1,0,0,0,1,4.87931E+20,5.28679E+21,8.83903E+15,4.77344E+16
37869,37870,8,3,37,116,2016,9,21,2,3,5,3,2,0,0,1,0,0,0,0,4.17297E+20,5.27525E+21,7.89925E+15,4.76254E+16
37870,37871,8,1,21,0,2016,9,5,6,2,4,2,2,0,0,1,0,0,0,0,5.14119E+20,5.44816E+21,9.19375E+15,4.91861E+16
37871,37872,8,4,26,21,2016,9,11,2,3,4,7,0,0,0,1,0,0,0,0,5.60709E+20,5.32491E+21,9.81501E+15,4.80745E+16
37872,37873,8,2,31,0,2016,9,13,2,2,4,1,0,0,0,1,0,0,1,0,4.79233E+20,5.4103E+21,8.71695E+15,4.88453E+16
37873,37874,8,3,25,64,2016,9,7,3,3,8,1,0,0,0,1,0,0,0,0,4.76294E+20,5.33263E+21,8.6813E+15,4.81465E+16
37874,37875,8,1,19,84,2016,9,14,2,3,0,1,0,0,1,0,0,0,0,0,5.46027E+20,5.41208E+21,9.62752E+15,4.886E+16
37875,37876,8,1,11,0,2016,9,12,5,3,9,7,0,0,0,1,0,0,0,0,5.09563E+20,5.39513E+21,9.12999E+15,4.87091E+16
37876,37877,8,1,11,0,2016,9,12,7,2,5,3,0,0,0,1,0,1,0,0,5.10766E+20,5.40924E+21,9.14671E+15,4.8836E+16
37877,37878,8,2,12,0,2016,9,16,4,3,2,6,0,0,0,1,0,1,1,0,4.54503E+20,5.42666E+21,8.37808E+15,4.89912E+16
37878,37879,8,2,12,0,2016,9,13,4,3,3,6,0,0,0,1,0,0,1,0,4.59412E+20,5.42753E+21,8.4451E+15,4.89993E+16
37879,37880,8,1,18,48,2016,9,15,6,3,1,6,0,0,0,1,0,1,0,0,5.14233E+20,5.41582E+21,9.19419E+15,4.88951E+16
37880,37881,8,4,15,61,2016,9,12,1,3,1,6,0,0,0,1,0,0,0,0,5.14576E+20,5.3717E+21,9.19731E+15,4.84982E+16
37881,37882,8,2,26,85,2016,9,3,1,3,2,6,2,1,0,1,0,0,0,0,4.85318E+20,5.45692E+21,8.7982E+15,4.92649E+16
37882,37883,8,3,36,43,2016,9,19,5,3,2,6,1,0,0,1,0,1,0,0,4.02109E+20,5.27124E+21,7.69806E+15,4.75872E+16
37883,37884,8,3,17,129,2016,9,16,2,2,5,2,0,0,0,1,0,1,0,0,4.30069E+20,5.35028E+21,8.05702E+15,4.83019E+16
37884,37885,8,2,36,39,2016,9,18,5,2,9,1,0,0,0,0,0,1,0,0,4.90774E+20,5.41192E+21,8.87421E+15,4.88602E+16
37885,37886,8,2,16,49,2016,9,11,2,3,5,3,0,0,1,1,0,0,0,0,4.39062E+20,5.40244E+21,8.17063E+15,4.8772E+16
37886,37887,8,4,16,41,2016,9,6,4,3,2,6,0,0,0,1,0,0,1,0,4.99776E+20,5.37206E+21,8.99697E+15,4.85016E+16
37887,37888,8,3,17,114,2016,9,22,7,3,2,6,2,0,0,1,0,0,0,1,4.05495E+20,5.34704E+21,7.72644E+15,4.82695E+16
37888,37889,8,4,15,61,2016,9,12,6,2,5,3,0,0,1,1,0,0,0,0,5.15465E+20,5.37128E+21,9.20933E+15,4.84945E+16
37889,37890,8,1,19,55,2016,9,19,4,3,6,1,1,0,1,0,1,0,0,0,5.44213E+20,5.40482E+21,9.60201E+15,4.87948E+16
37890,37891,8,2,21,0,2016,9,17,2,3,2,6,0,0,0,1,0,0,0,0,4.77411E+20,5.46771E+21,8.6889E+15,4.93616E+16
37891,37892,8,3,17,1,2016,9,18,3,3,2,6,0,0,0,1,0,0,0,0,4.31931E+20,5.38661E+21,8.07621E+15,4.86289E+16
37892,37893,8,1,16,15,2016,9,8,2,3,5,3,0,1,0,1,0,0,0,1,5.24265E+20,5.39317E+21,9.32972E+15,4.86911E+16
37893,37894,8,4,35,16,2016,9,14,4,3,2,6,0,0,0,1,0,0,0,0,5.36191E+20,5.27807E+21,9.48196E+15,4.76551E+16
37894,37895,8,1,16,33,2016,9,14,5,3,2,6,0,0,0,1,0,0,0,0,5.35301E+20,5.38765E+21,9.4792E+15,4.86409E+16
37895,37896,8,4,17,25,2016,9,13,7,3,2,6,0,0,0,1,0,0,0,0,4.89273E+20,5.3523E+21,8.85528E+15,4.83238E+16
37896,37897,8,4,36,81,2016,9,11,6,3,0,7,0,0,1,0,0,0,0,0,5.62772E+20,5.28203E+21,9.83649E+15,4.76886E+16
37897,37898,8,1,27,23,2016,9,20,4,2,4,6,2,0,0,1,0,0,0,0,5.50087E+20,5.42604E+21,9.68458E+15,4.89853E+16
37898,37899,8,4,16,41,2016,9,14,6,3,2,6,0,0,0,1,0,0,0,0,5.05224E+20,5.37319E+21,9.07073E+15,4.85118E+16
37899,37900,8,2,22,0,2016,9,11,4,3,3,6,0,0,0,1,0,0,1,0,4.60986E+20,5.48246E+21,8.46125E+15,4.94935E+16
37900,37901,8,1,16,77,2016,9,9,6,2,5,3,0,0,0,1,0,1,0,0,5.16086E+20,5.39251E+21,9.21856E+15,4.86854E+16
37901,37902,8,3,37,45,2016,9,8,1,2,8,1,0,1,0,1,0,0,0,0,4.37032E+20,5.28895E+21,8.15991E+15,4.77508E+16
37902,37903,8,2,15,84,2016,9,22,1,2,2,6,2,0,0,1,0,0,0,0,4.69716E+20,5.44842E+21,8.5844E+15,4.91879E+16
37903,37904,8,2,26,91,2016,9,16,1,3,8,1,0,1,0,0,0,1,0,0,4.94672E+20,5.46079E+21,8.92672E+15,4.92999E+16
37904,37905,8,1,21,0,2016,9,6,1,2,6,4,1,1,0,1,1,0,0,0,5.16929E+20,5.44391E+21,9.23214E+15,4.91478E+16
37905,37906,8,2,35,46,2016,9,17,2,3,2,2,0,0,0,1,0,0,0,0,4.79494E+20,5.37478E+21,8.72227E+15,4.85258E+16
37906,37907,8,2,16,43,2016,9,14,5,3,2,6,0,0,0,1,0,0,0,0,4.39767E+20,5.4135E+21,8.17861E+15,4.88716E+16
37907,37908,8,1,17,26,2016,9,10,7,3,4,6,0,0,0,1,0,0,0,0,5.45065E+20,5.39615E+21,9.61266E+15,4.87168E+16
37908,37909,8,3,36,50,2016,9,8,4,2,2,6,0,0,0,1,0,0,0,0,3.99483E+20,5.27482E+21,7.66231E+15,4.76189E+16
37909,37910,8,2,16,43,2016,9,5,7,3,8,1,2,0,0,1,0,0,0,0,4.42811E+20,5.4092E+21,8.22071E+15,4.88331E+16
37910,37911,8,2,36,74,2016,9,15,6,3,4,6,0,1,0,1,0,0,1,0,4.73216E+20,5.41937E+21,8.63435E+15,4.89267E+16
37911,37912,8,3,26,74,2016,9,13,6,2,5,3,0,0,0,1,0,1,0,0,4.60678E+20,5.32193E+21,8.47236E+15,4.80495E+16
37912,37913,8,1,17,25,2016,9,16,4,2,3,6,0,0,0,1,0,1,0,0,5.56416E+20,5.39095E+21,9.76626E+15,4.8669E+16
37913,37914,8,1,36,42,2016,9,22,7,3,9,6,2,1,0,1,0,0,0,0,5.46395E+20,5.40409E+21,9.63163E+15,4.87881E+16
37914,37915,8,1,18,51,2016,9,22,3,3,3,6,2,0,0,1,0,0,1,0,5.10786E+20,5.41503E+21,9.14713E+15,4.88881E+16
37915,37916,8,4,16,36,2016,9,5,6,3,9,6,2,0,0,1,0,0,0,0,4.83028E+20,5.37268E+21,8.77022E+15,4.8507E+16
37916,37917,8,2,15,47,2016,9,17,6,3,5,3,0,0,1,1,0,0,0,0,4.5714E+20,5.41392E+21,8.41546E+15,4.88768E+16
37917,37918,8,4,21,0,2016,9,12,5,3,4,2,0,0,0,1,0,1,0,0,5.70093E+20,5.36201E+21,9.94713E+15,4.84073E+16
37918,37919,8,1,18,80,2016,9,15,6,3,2,6,0,0,0,1,0,0,0,0,5.07376E+20,5.40949E+21,9.10052E+15,4.88383E+16
37919,37920,8,1,11,0,2016,9,16,3,3,5,3,0,0,1,1,0,0,0,0,5.11528E+20,5.40646E+21,9.15701E+15,4.8811E+16