FID,OBJECTID,ULAND,UREGBEZ,UKREIS,UGEMEINDE,UJAHR,UMONAT,USTUNDE,UWOCHENTAG,UKATEGORIE,UART,UTYP1,ULICHTVERH,IstStrasse,IstRad,IstPKW,IstFuss,IstKrad,IstGkfz,IstSonstig,LINREFX,LINREFY,XGCSWGS84,YGCSWGS84
37920,37921,8,2,15,103,2016,9,22,7,3,9,1,2,1,0,1,0,0,0,0,4.68952E+20,5.44356E+21,8.57429E+15,4.91441E+16
37921,37922,8,2,22,0,2016,9,15,3,3,3,5,0,0,1,1,0,0,0,0,4.65912E+20,5.47538E+21,8.52988E+15,4.94301E+16
37922,37923,8,3,25,15,2016,9,18,6,3,3,1,0,0,0,1,0,0,0,0,4.73253E+20,5.347E+21,8.63952E+15,4.82756E+16
37923,37924,8,3,17,5,2016,9,11,6,3,2,6,0,0,0,1,0,0,0,0,4.24136E+20,5.37559E+21,7.97244E+15,4.85288E+16
37924,37925,8,1,11,0,2016,9,19,6,3,2,6,2,0,0,1,0,0,0,0,5.09056E+20,5.40128E+21,9.12324E+15,4.87645E+16
37925,37926,8,2,22,0,2016,9,8,6,3,2,6,0,0,0,1,0,0,0,0,4.67403E+20,5.48185E+21,8.54992E+15,4.94884E+16
37926,37927,8,2,31,0,2016,9,14,1,3,9,1,0,1,0,1,0,0,0,0,4.74161E+20,5.41782E+21,8.64734E+15,4.89128E+16
37927,37928,8,1,15,28,2016,9,7,3,3,2,6,1,0,0,1,0,0,0,0,4.97866E+20,5.40427E+21,8.97095E+15,4.87915E+16
37928,37929,8,2,15,96,2016,9,16,1,3,4,1,0,1,0,1,0,0,0,0,4.63474E+20,5.41967E+21,8.50132E+15,4.89289E+16
37929,37930,8,1,18,79,2016,9,17,1,3,5,3,0,1,0,1,0,0,0,0,5.10112E+20,5.42183E+21,9.13811E+15,4.89493E+16
37930,37931,8,1,16,15,2016,9,10,5,3,2,6,0,0,0,0,0,0,1,0,5.23906E+20,5.39245E+21,9.3248E+15,4.86846E+16
37931,37932,8,1,17,19,2016,9,10,7,3,4,2,0,0,1,1,0,0,0,0,5.50932E+20,5.39394E+21,9.69214E+15,4.86964E+16
37932,37933,8,3,35,22,2016,9,14,4,2,2,6,0,0,0,1,0,0,1,0,4.83222E+20,5.30348E+21,8.77558E+15,4.78844E+16
37933,37934,8,2,36,4,2016,9,9,6,3,5,3,0,0,0,1,0,0,0,0,4.73166E+20,5.41338E+21,8.63406E+15,4.88728E+16
37934,37935,8,1,11,0,2016,9,13,4,3,5,3,0,0,1,1,0,0,0,0,5.08145E+20,5.40782E+21,9.11096E+15,4.88233E+16
37935,37936,8,1,25,103,2016,9,14,7,3,9,7,0,0,0,1,0,0,0,0,5.30324E+20,5.4673E+21,9.41759E+15,4.93576E+16
37936,37937,8,1,19,44,2016,9,8,3,3,4,6,0,0,0,1,0,0,1,0,5.42911E+20,5.42512E+21,9.58641E+15,4.89775E+16
37937,37938,8,2,26,96,2016,9,17,6,3,0,1,0,0,0,0,0,1,0,0,4.75034E+20,5.48553E+21,8.65504E+15,4.95219E+16
37938,37939,8,3,15,76,2016,9,17,5,3,2,1,0,0,0,1,0,0,0,0,3.9172E+20,5.29671E+21,7.5536E+15,4.78147E+16
37939,37940,8,1,27,14,2016,9,21,6,3,9,1,2,0,0,1,0,0,0,0,5.75179E+20,5.44194E+21,1.00305E+16,4.91257E+16
37940,37941,8,4,37,100,2016,9,14,2,2,4,6,0,0,0,1,0,0,0,0,5.35889E+20,5.31921E+21,9.48135E+15,4.80252E+16
37941,37942,8,2,31,0,2016,9,6,2,3,4,2,1,1,0,1,0,0,0,0,4.75893E+20,5.41478E+21,8.67116E+15,4.88855E+16
37942,37943,8,1,35,16,2016,9,17,1,2,9,1,0,1,0,1,0,0,0,0,5.90441E+20,5.38944E+21,1.0228E+16,4.86515E+16
37943,37944,8,3,26,74,2016,9,19,3,3,5,3,2,0,0,1,0,0,0,1,4.61748E+20,5.32739E+21,8.48623E+15,4.80986E+16
37944,37945,8,1,21,0,2016,9,7,2,3,0,7,0,1,1,0,0,0,0,0,5.13215E+20,5.44061E+21,9.18111E+15,4.91181E+16
37945,37946,8,1,19,79,2016,9,16,5,2,2,6,0,0,0,1,0,0,0,0,5.19421E+20,5.41195E+21,9.26478E+15,4.88602E+16
37946,37947,8,1,16,49,2016,9,12,7,2,5,3,0,0,1,0,0,1,0,0,5.26026E+20,5.38578E+21,9.35318E+15,4.86245E+16
37947,37948,8,2,15,17,2016,9,7,4,3,0,1,0,0,0,0,0,1,0,0,4.54622E+20,5.41997E+21,8.38044E+15,4.8931E+16
37948,37949,8,1,18,48,2016,9,3,1,3,2,1,2,1,0,1,0,0,0,0,5.11348E+20,5.41804E+21,9.15488E+15,4.89152E+16
37949,37950,8,3,37,125,2016,9,21,3,3,5,3,2,0,0,1,0,0,0,0,4.51124E+20,5.27347E+21,8.34964E+15,4.76128E+16
37950,37951,8,1,15,42,2016,9,13,1,3,5,3,0,1,0,1,0,0,0,0,4.93279E+20,5.40674E+21,8.90845E+15,4.88136E+16
37951,37952,8,1,27,76,2016,9,7,2,3,3,2,1,0,1,0,0,0,0,1,5.51946E+20,5.43927E+21,9.71169E+15,4.91041E+16
37952,37953,8,1,28,137,2016,9,17,5,3,8,1,0,0,0,0,0,1,0,0,5.61589E+20,5.49789E+21,9.85286E+15,4.96304E+16
37953,37954,8,1,15,50,2016,9,17,7,3,4,2,0,0,0,1,0,1,0,0,4.91205E+20,5.3994E+21,8.88036E+15,4.87476E+16
37954,37955,8,3,16,11,2016,9,6,4,3,3,6,1,0,0,0,0,1,0,1,4.12365E+20,5.33148E+21,7.82222E+15,4.81306E+16
37955,37956,8,4,36,24,2016,9,7,3,3,9,1,0,0,0,1,0,0,0,0,5.3989E+20,5.30649E+21,9.53383E+15,4.79105E+16
37956,37957,8,1,11,0,2016,9,11,2,3,3,6,0,0,0,1,0,0,0,1,5.13313E+20,5.40654E+21,9.18133E+15,4.88117E+16
37957,37958,8,3,35,63,2016,9,10,5,2,5,3,0,0,0,1,0,0,0,1,4.96229E+20,5.28916E+21,8.94969E+15,4.77558E+16
37958,37959,8,3,26,37,2016,9,7,2,2,2,2,0,0,0,1,0,1,0,0,4.57501E+20,5.32714E+21,8.42921E+15,4.80961E+16
37959,37960,8,1,25,57,2016,9,6,6,3,4,2,0,0,0,1,0,1,0,0,5.23733E+20,5.44309E+21,9.32539E+15,4.91401E+16
37960,37961,8,4,21,0,2016,9,14,2,3,9,1,0,0,0,0,0,1,0,0,5.72229E+20,5.364E+21,9.97633E+15,4.8425E+16
37961,37962,8,2,25,109,2016,9,0,2,3,8,1,2,0,0,1,0,0,0,0,5.23452E+20,5.49574E+21,9.32465E+15,4.96138E+16
37962,37963,8,3,26,27,2016,9,21,3,2,6,7,2,0,0,1,1,0,0,0,4.6581E+20,5.30418E+21,8.54264E+15,4.789E+16
37963,37964,8,1,15,51,2016,9,16,2,2,4,6,0,0,0,1,0,0,0,0,5.04799E+20,5.38253E+21,9.06509E+15,4.85959E+16
37964,37965,8,4,25,108,2016,9,6,5,2,4,2,2,0,0,1,0,1,0,0,5.54482E+20,5.358E+21,9.73569E+15,4.83729E+16
37965,37966,8,4,35,66,2016,9,13,7,3,2,6,0,0,0,1,0,0,0,0,5.16861E+20,5.28798E+21,9.22493E+15,4.7745E+16
37966,37967,8,1,11,0,2016,9,15,7,3,2,6,0,0,0,1,0,0,0,0,5.08305E+20,5.3992E+21,9.11297E+15,4.87457E+16
37967,37968,8,1,36,75,2016,9,17,4,2,4,6,0,0,0,1,0,0,0,0,5.96987E+20,5.42159E+21,1.03244E+16,4.89396E+16
37968,37969,8,3,35,43,2016,9,10,6,3,5,3,0,0,0,1,0,0,0,1,5.11458E+20,5.28019E+21,9.15265E+15,4.7675E+16
37969,37970,8,2,26,96,2016,9,17,4,3,5,3,0,0,0,1,0,1,0,0,4.78438E+20,5.48428E+21,8.70215E+15,4.95108E+16
37970,37971,8,1,17,19,2016,9,6,6,3,2,6,1,0,0,1,0,0,0,0,5.50334E+20,5.39404E+21,9.68403E+15,4.86974E+16
37971,37972,8,3,15,76,2016,9,17,1,2,9,1,0,1,0,1,0,0,0,0,3.90332E+20,5.29223E+21,7.53619E+15,4.77741E+16
37972,37973,8,2,26,95,2016,9,11,1,3,2,6,0,1,0,1,0,0,0,0,4.71086E+20,5.45989E+21,8.60236E+15,4.92911E+16
37973,37974,8,2,26,105,2016,9,19,4,3,2,6,0,0,0,1,0,0,0,0,4.69504E+20,5.47718E+21,8.57929E+15,4.94465E+16
37974,37975,8,4,15,50,2016,9,7,3,3,2,6,1,0,0,1,0,0,0,0,5.20853E+20,5.37531E+21,9.28246E+15,4.85306E+16
37975,37976,8,4,35,34,2016,9,16,1,3,2,6,0,1,0,1,0,0,0,0,5.29647E+20,5.28518E+21,9.3953E+15,4.77193E+16
37976,37977,8,3,16,56,2016,9,3,1,3,2,6,2,1,0,1,0,0,0,0,4.2037E+20,5.32602E+21,7.93079E+15,4.80825E+16
37977,37978,8,3,17,151,2016,9,15,5,2,2,6,0,0,0,1,0,0,0,0,4.15082E+20,5.36149E+21,7.85269E+15,4.84009E+16
37978,37979,8,3,17,152,2016,9,15,2,3,1,6,0,0,0,1,0,1,1,0,4.09379E+20,5.34757E+21,7.77865E+15,4.82748E+16
37979,37980,8,2,15,106,2016,9,19,5,3,5,3,1,0,1,0,0,1,0,0,4.6568E+20,5.45261E+21,8.52865E+15,4.92253E+16
37980,37981,8,1,19,20,2016,9,17,6,3,2,6,0,0,0,1,0,0,0,0,5.18493E+20,5.40892E+21,9.252E+15,4.8833E+16
37981,37982,8,2,16,7,2016,9,7,2,3,5,3,0,0,0,1,0,1,0,0,4.35922E+20,5.39543E+21,8.12899E+15,4.87086E+16
37982,37983,8,3,36,69,2016,9,12,3,1,8,1,0,0,1,0,0,0,0,0,4.10796E+20,5.27397E+21,7.81301E+15,4.7613E+16
37983,37984,8,1,16,78,2016,9,18,2,3,2,6,0,0,0,1,0,0,0,0,5.13138E+20,5.39291E+21,9.17851E+15,4.86891E+16
37984,37985,8,4,37,44,2016,9,19,4,2,3,6,2,0,0,1,0,0,0,0,5.3034E+20,5.32379E+21,9.40725E+15,4.80667E+16
37985,37986,8,4,36,11,2016,9,17,4,3,2,6,0,0,0,1,0,0,0,0,5.49094E+20,5.29852E+21,9.65609E+15,4.78381E+16
37986,37987,8,4,15,59,2016,9,23,7,2,5,2,2,1,0,1,0,0,0,0,5.16504E+20,5.36954E+21,9.22332E+15,4.84788E+16
37987,37988,8,4,37,118,2016,9,17,6,3,5,3,0,0,0,1,0,1,0,0,5.12691E+20,5.30909E+21,9.16991E+15,4.7935E+16
37988,37989,8,1,25,102,2016,9,12,4,2,4,2,0,0,0,1,0,0,0,0,5.21093E+20,5.44508E+21,9.2893E+15,4.91582E+16
37989,37990,8,2,26,98,2016,9,18,7,3,2,6,0,0,0,1,0,0,0,1,4.77313E+20,5.459E+21,8.68805E+15,4.92834E+16
37990,37991,8,2,15,102,2016,9,19,3,2,1,1,0,0,0,1,0,0,1,0,4.56827E+20,5.43693E+21,8.40875E+15,4.90837E+16
37991,37992,8,4,36,95,2016,9,17,6,2,2,2,0,1,0,1,0,0,0,0,5.36263E+20,5.29581E+21,9.4844E+15,4.78146E+16
37992,37993,8,1,15,41,2016,9,17,6,2,5,3,0,0,0,1,0,0,0,0,4.94549E+20,5.40308E+21,8.9258E+15,4.87807E+16
37993,37994,8,3,36,45,2016,9,20,1,3,4,6,2,1,0,1,0,0,0,0,3.95943E+20,5.28402E+21,7.61302E+15,4.77012E+16
37994,37995,8,2,35,65,2016,9,1,1,2,8,1,2,1,0,1,0,0,0,0,4.74223E+20,5.40654E+21,8.6489E+15,4.88113E+16
37995,37996,8,2,16,59,2016,9,19,1,3,4,1,1,1,0,1,0,0,0,0,4.53467E+20,5.39592E+21,8.36741E+15,4.87146E+16
37996,37997,8,1,18,48,2016,9,17,1,3,1,6,0,1,0,1,0,0,0,0,5.11975E+20,5.41525E+21,9.16336E+15,4.88901E+16
37997,37998,8,2,15,100,2016,9,11,5,3,2,6,0,0,0,1,0,0,0,0,4.74345E+20,5.45015E+21,8.64781E+15,4.92037E+16
37998,37999,8,1,11,0,2016,9,16,7,3,5,2,0,0,1,1,0,0,0,0,5.08152E+20,5.39743E+21,9.11085E+15,4.87298E+16
37999,38000,8,3,35,66,2016,9,18,4,3,5,7,0,0,0,1,0,1,0,0,5.08487E+20,5.28271E+21,9.11312E+15,4.76977E+16
38000,38001,8,3,15,47,2016,9,8,5,3,2,6,0,0,0,1,0,0,0,0,4.14908E+20,5.32264E+21,7.85815E+15,4.80514E+16
38001,38002,8,1,25,69,2016,9,15,1,3,1,6,0,1,0,1,0,0,0,0,5.25559E+20,5.45373E+21,9.35111E+15,4.92358E+16
38002,38003,8,3,16,11,2016,9,9,2,3,4,2,0,0,0,1,0,0,0,0,4.14594E+20,5.32906E+21,7.85265E+15,4.81091E+16
38003,38004,8,2,21,0,2016,9,17,5,3,3,2,0,0,1,1,0,0,0,0,4.7769E+20,5.4729E+21,8.69245E+15,4.94084E+16
38004,38005,8,1,26,11,2016,9,7,2,3,2,6,0,0,0,1,0,0,1,0,5.32498E+20,5.44939E+21,9.44607E+15,4.91965E+16
38005,38006,8,4,15,59,2016,9,20,4,3,2,6,2,0,0,1,0,0,0,0,5.16556E+20,5.37016E+21,9.22405E+15,4.84843E+16
38006,38007,8,2,26,82,2016,9,9,7,3,2,6,0,0,0,1,0,0,0,1,4.73847E+20,5.48201E+21,8.63889E+15,4.94901E+16
38007,38008,8,4,15,61,2016,9,10,6,3,5,2,0,0,1,0,0,0,0,1,5.1626E+20,5.37232E+21,9.22013E+15,4.85038E+16
38008,38009,8,1,18,77,2016,9,7,4,3,4,6,0,0,0,1,0,0,0,0,5.13534E+20,5.42315E+21,9.1849E+15,4.89611E+16
38009,38010,8,3,17,1,2016,9,12,7,3,5,3,0,0,0,1,0,0,0,0,4.3192E+20,5.38472E+21,8.07636E+15,4.86118E+16
38010,38011,8,2,15,7,2016,9,6,3,3,4,2,2,0,0,1,0,0,0,0,4.79154E+20,5.43355E+21,8.71469E+15,4.90544E+16
38011,38012,8,4,36,55,2016,9,12,6,3,5,2,0,0,0,1,0,0,0,0,5.70624E+20,5.29688E+21,9.94351E+15,4.78214E+16
38012,38013,8,3,17,9,2016,9,10,6,3,2,6,0,0,0,1,0,0,1,1,4.25406E+20,5.36267E+21,7.99195E+15,4.84128E+16
38013,38014,8,4,36,49,2016,9,12,5,3,0,6,0,0,0,1,0,0,0,1,5.75679E+20,5.28164E+21,1.00084E+16,4.76837E+16
38014,38015,8,2,15,64,2016,9,14,6,3,4,6,0,0,0,1,0,0,0,0,4.83976E+20,5.44666E+21,8.78016E+15,4.91726E+16
38015,38016,8,1,16,78,2016,9,6,3,3,2,6,0,0,0,1,0,0,0,0,5.13684E+20,5.39137E+21,9.18588E+15,4.86752E+16
38016,38017,8,2,16,43,2016,9,20,1,2,4,1,2,1,0,1,0,0,0,0,4.43638E+20,5.41096E+21,8.23174E+15,4.8849E+16
38017,38018,8,4,25,72,2016,9,6,1,2,8,1,2,1,0,1,0,0,0,0,5.8463E+20,5.37357E+21,1.01459E+16,4.85095E+16
38018,38019,8,1,36,19,2016,9,12,5,3,2,6,0,0,0,1,0,0,1,1,5.86869E+20,5.42309E+21,1.01866E+16,4.89546E+16
38019,38020,8,1,11,0,2016,9,10,7,3,1,1,0,0,0,1,0,0,0,0,5.1827E+20,5.4042E+21,9.24875E+15,4.87905E+16
38020,38021,8,3,17,100,2016,9,21,4,2,0,7,2,0,1,0,0,0,0,0,4.23935E+20,5.36649E+21,7.97138E+15,4.8447E+16
38021,38022,8,2,26,49,2016,9,9,6,3,1,1,0,0,0,1,0,0,0,0,4.86679E+20,5.46229E+21,8.81672E+15,4.93132E+16
38022,38023,8,4,36,81,2016,9,13,3,3,2,6,0,0,0,1,0,0,1,0,5.57793E+20,5.27851E+21,9.76967E+15,4.76574E+16
38023,38024,8,1,19,8,2016,9,14,7,3,5,3,0,0,0,1,0,0,0,0,5.31166E+20,5.42158E+21,9.42564E+15,4.89464E+16
38024,38025,8,1,19,4,2016,9,20,3,2,9,1,2,0,0,1,0,0,0,0,5.40805E+20,5.41831E+21,9.55695E+15,4.89164E+16
38025,38026,8,2,31,0,2016,9,4,7,3,8,7,2,0,0,1,0,0,0,0,4.81285E+20,5.41286E+21,8.7448E+15,4.88684E+16
38026,38027,8,2,25,109,2016,9,18,6,3,8,2,1,0,0,0,0,1,0,0,5.27072E+20,5.49218E+21,9.37451E+15,4.95816E+16
38027,38028,8,1,15,42,2016,9,16,4,3,0,1,0,0,0,1,0,0,0,0,4.9671E+20,5.40671E+21,8.95519E+15,4.88134E+16
38028,38029,8,1,35,31,2016,9,17,7,3,2,6,0,1,0,1,0,0,0,0,5.94442E+20,5.37829E+21,1.02797E+16,4.85506E+16
38029,38030,8,1,27,14,2016,9,21,3,2,7,7,2,0,0,1,0,0,0,0,5.85046E+20,5.44308E+21,1.01659E+16,4.91347E+16
38030,38031,8,3,27,2,2016,9,12,6,3,1,7,0,0,0,1,0,0,0,0,4.77901E+20,5.32682E+21,8.70321E+15,4.80943E+16
38031,38032,8,2,11,0,2016,9,16,6,3,2,6,0,0,0,1,0,0,0,0,4.40248E+20,5.40676E+21,8.18615E+15,4.88109E+16
38032,38033,8,4,15,61,2016,9,16,5,2,6,4,0,0,1,0,1,0,0,0,5.1494E+20,5.37585E+21,9.20238E+15,4.85356E+16
38033,38034,8,1,36,27,2016,9,15,6,2,9,1,0,0,0,1,0,0,0,0,5.53304E+20,5.41947E+21,9.72769E+15,4.89258E+16
38034,38035,8,4,36,64,2016,9,5,2,3,2,2,2,1,1,1,0,0,0,0,5.49814E+20,5.2912E+21,9.66487E+15,4.77722E+16
38035,38036,8,1,36,43,2016,9,19,1,3,2,6,2,1,0,1,0,0,0,0,5.70772E+20,5.40819E+21,9.96417E+15,4.88227E+16
38036,38037,8,3,36,105,2016,9,16,3,3,6,4,0,0,0,0,1,0,0,1,3.98893E+20,5.26754E+21,7.65614E+15,4.75534E+16
38037,38038,8,1,11,0,2016,9,5,1,3,0,7,2,1,0,1,0,0,0,0,5.15492E+20,5.40808E+21,9.21107E+15,4.88255E+16
38038,38039,8,1,25,58,2016,9,11,2,2,9,1,0,0,0,1,0,0,0,0,5.09357E+20,5.44254E+21,9.12827E+15,4.91356E+16
38039,38040,8,1,21,0,2016,9,16,5,3,1,6,0,0,0,1,0,0,0,0,5.11117E+20,5.44049E+21,9.15235E+15,4.91171E+16
38040,38041,8,1,11,0,2016,9,15,7,3,2,6,0,0,0,1,0,0,0,0,5.1493E+20,5.40459E+21,9.20329E+15,4.87941E+16
38041,38042,8,2,26,95,2016,9,12,4,2,2,6,0,0,0,0,0,0,1,1,4.74478E+20,5.46048E+21,8.64898E+15,4.92965E+16
38042,38043,8,3,15,47,2016,9,18,4,3,2,6,0,0,0,1,0,0,0,0,4.15755E+20,5.32312E+21,7.86942E+15,4.80558E+16
38043,38044,8,4,35,66,2016,9,14,3,3,0,1,0,0,0,0,0,1,0,0,5.16708E+20,5.28811E+21,9.22289E+15,4.77461E+16
38044,38045,8,1,11,0,2016,9,17,2,3,2,6,0,0,0,1,0,1,0,0,5.1431E+20,5.40294E+21,9.19478E+15,4.87793E+16
38045,38046,8,3,17,96,2016,9,2,1,3,9,7,2,1,0,1,0,0,0,0,4.21539E+20,5.36882E+21,7.93854E+15,4.84676E+16
38046,38047,8,3,26,68,2016,9,17,5,3,6,4,0,0,0,1,1,0,0,0,4.47898E+20,5.32164E+21,8.30092E+15,4.80459E+16
38047,38048,8,3,17,96,2016,9,11,2,3,2,6,0,0,0,1,0,0,1,0,4.18834E+20,5.36944E+21,7.90184E+15,4.84728E+16
38048,38049,8,2,15,96,2016,9,7,5,3,2,6,0,0,0,1,0,0,0,0,4.66051E+20,5.42063E+21,8.53643E+15,4.89377E+16
38049,38050,8,1,25,113,2016,9,10,6,3,5,3,0,0,0,1,0,1,0,0,5.29628E+20,5.45141E+21,9.40683E+15,4.92147E+16
38050,38051,8,2,22,0,2016,9,16,2,3,2,6,0,0,0,1,0,0,0,0,4.65425E+20,5.48022E+21,8.52275E+15,4.94736E+16
38051,38052,8,3,17,65,2016,9,12,3,3,3,2,0,0,0,1,0,0,0,1,4.15767E+20,5.35754E+21,7.86274E+15,4.83654E+16
38052,38053,8,1,16,49,2016,9,19,2,3,5,2,0,0,1,0,0,0,0,1,5.25275E+20,5.38559E+21,9.34298E+15,4.86229E+16
38053,38054,8,4,35,16,2016,9,6,4,3,5,3,1,0,1,1,0,0,0,0,5.37853E+20,5.27881E+21,9.50416E+15,4.76616E+16
38054,38055,8,4,25,79,2016,9,16,5,3,8,1,0,0,1,0,0,0,0,0,5.554E+20,5.37358E+21,9.75013E+15,4.85129E+16
38055,38056,8,3,35,79,2016,9,17,5,3,0,3,0,0,0,0,0,1,0,0,4.99436E+20,5.29854E+21,8.99247E+15,4.78402E+16
38056,38057,8,4,15,61,2016,9,10,2,3,2,6,0,0,0,1,0,0,1,0,5.1606E+20,5.37054E+21,9.21735E+15,4.84878E+16
38057,38058,8,1,27,86,2016,9,14,6,3,2,6,0,0,0,1,0,0,0,0,5.53889E+20,5.44289E+21,9.73879E+15,4.91365E+16
38058,38059,8,4,26,113,2016,9,19,2,3,9,1,1,0,0,1,0,0,0,0,5.65743E+20,5.3174E+21,9.88144E+15,4.80065E+16
38059,38060,8,2,36,40,2016,9,9,2,2,4,6,0,0,0,1,0,0,0,0,4.91388E+20,5.42199E+21,8.88238E+15,4.89507E+16
38060,38061,8,3,25,53,2016,9,14,3,3,5,3,0,0,0,1,0,0,1,0,4.54618E+20,5.33601E+21,8.38954E+15,4.81757E+16
38061,38062,8,1,19,84,2016,9,15,2,3,5,3,0,0,0,1,0,1,0,0,5.4554E+20,5.41811E+21,9.62156E+15,4.89142E+16
38062,38063,8,1,15,28,2016,9,8,5,3,2,6,0,0,0,1,0,0,0,0,4.99256E+20,5.40366E+21,8.98987E+15,4.8786E+16
38063,38064,8,4,37,56,2016,9,16,6,3,2,6,0,0,1,0,0,0,0,0,5.2705E+20,5.29984E+21,9.36159E+15,4.78513E+16
38064,38065,8,1,15,15,2016,9,21,7,3,5,3,2,0,0,1,0,0,0,0,4.9214E+20,5.38772E+21,8.89329E+15,4.86425E+16
38065,38066,8,2,12,0,2016,9,16,4,3,2,6,0,0,0,1,0,0,0,0,4.56443E+20,5.42387E+21,8.40489E+15,4.89662E+16
38066,38067,8,2,12,0,2016,9,19,4,2,2,6,2,0,1,0,0,0,0,0,4.50353E+20,5.43181E+21,8.32072E+15,4.90371E+16
38067,38068,8,1,18,1,2016,9,17,6,3,1,6,0,0,0,1,0,0,0,0,5.23794E+20,5.41894E+21,9.32481E+15,4.8923E+16
38068,38069,8,4,26,71,2016,9,17,1,2,4,6,0,1,0,1,0,0,1,0,5.64237E+20,5.33517E+21,9.86393E+15,4.81666E+16
38069,38070,8,3,15,16,2016,9,15,1,3,8,1,0,1,0,1,0,0,0,0,4.27612E+20,5.30851E+21,8.03098E+15,4.79258E+16
38070,38071,8,3,16,12,2016,9,15,5,2,5,3,0,0,0,1,0,0,0,0,4.02061E+20,5.3338E+21,7.68323E+15,4.81499E+16
38071,38072,8,3,17,151,2016,9,18,2,3,8,1,0,0,0,0,0,1,0,0,4.12158E+20,5.36577E+21,7.81231E+15,4.84389E+16
38072,38073,8,2,31,0,2016,9,14,5,3,4,2,0,0,0,1,0,0,0,0,4.79605E+20,5.41766E+21,8.72165E+15,4.89116E+16
38073,38074,8,2,15,59,2016,9,18,2,3,0,1,0,0,0,0,0,1,0,0,4.85596E+20,5.43499E+21,8.80281E+15,4.90676E+16
38074,38075,8,2,26,107,2016,9,23,3,2,9,1,2,0,0,0,0,1,0,0,4.73945E+20,5.48398E+21,8.64011E+15,4.95079E+16
38075,38076,8,4,25,33,2016,9,9,4,3,1,6,0,0,0,1,0,0,0,0,5.53928E+20,5.34601E+21,9.72667E+15,4.8265E+16
38076,38077,8,3,17,100,2016,9,17,7,3,0,1,0,0,0,0,0,1,0,0,4.23938E+20,5.36701E+21,7.97132E+15,4.84516E+16
38077,38078,8,4,25,71,2016,9,15,6,3,5,3,0,0,0,1,0,0,0,0,5.50329E+20,5.37081E+21,9.68115E+15,4.84884E+16
38078,38079,8,1,19,84,2016,9,13,4,3,3,2,0,0,0,0,0,1,0,0,5.42281E+20,5.41158E+21,9.5764E+15,4.88557E+16
38079,38080,8,2,16,24,2016,9,16,7,3,0,6,0,0,1,0,0,0,0,1,4.45301E+20,5.40926E+21,8.25463E+15,4.88339E+16
38080,38081,8,2,35,22,2016,9,12,3,3,2,6,0,0,0,1,0,0,0,0,4.73083E+20,5.3788E+21,8.63519E+15,4.85617E+16
38081,38082,8,3,26,3,2016,9,10,6,3,8,1,0,1,0,1,0,0,0,0,4.69047E+20,5.31317E+21,8.58529E+15,4.79711E+16
38082,38083,8,3,17,96,2016,9,16,6,3,5,3,0,0,1,1,0,0,0,0,4.21919E+20,5.36978E+21,7.9435E+15,4.84763E+16
38083,38084,8,1,11,0,2016,9,13,6,3,5,3,0,0,1,0,0,0,0,1,5.15513E+20,5.40551E+21,9.21125E+15,4.88024E+16
38084,38085,8,4,25,20,2016,9,20,7,3,4,6,2,1,0,1,0,1,0,0,5.57486E+20,5.3631E+21,9.77695E+15,4.84184E+16
38085,38086,8,4,36,81,2016,9,16,6,3,0,1,0,0,1,0,0,0,0,0,5.61951E+20,5.2814E+21,9.82545E+15,4.7683E+16
38086,38087,8,2,25,114,2016,9,6,4,2,4,6,0,0,0,1,0,0,0,0,5.38356E+20,5.47188E+21,9.52863E+15,4.93984E+16
38087,38088,8,3,17,151,2016,9,16,6,3,9,7,0,0,0,1,0,0,0,0,4.14173E+20,5.36171E+21,7.84037E+15,4.84027E+16
38088,38089,8,2,22,0,2016,9,15,4,3,6,4,0,0,0,0,1,1,0,0,4.60903E+20,5.48355E+21,8.46001E+15,4.95033E+16
38089,38090,8,1,16,7,2016,9,17,6,2,8,1,0,0,0,0,0,1,0,0,5.3179E+20,5.40098E+21,9.43257E+15,4.8761E+16
38090,38091,8,3,16,43,2016,9,23,1,3,2,6,2,1,0,1,0,0,0,0,4.09698E+20,5.33012E+21,7.78667E+15,4.81179E+16
38091,38092,8,2,22,0,2016,9,1,1,3,3,6,2,1,0,1,0,0,0,0,4.66726E+20,5.47836E+21,8.54086E+15,4.9457E+16
38092,38093,8,2,36,40,2016,9,18,1,3,2,6,0,1,0,1,0,0,0,0,4.90592E+20,5.42201E+21,8.87151E+15,4.89509E+16
38093,38094,8,1,21,0,2016,9,18,1,3,5,2,0,1,0,1,0,0,0,0,5.16164E+20,5.44413E+21,9.22165E+15,4.91497E+16
38094,38095,8,2,36,74,2016,9,6,2,3,2,6,0,0,0,1,0,0,0,0,4.71908E+20,5.41809E+21,8.61658E+15,4.89151E+16
38095,38096,8,2,16,43,2016,9,17,5,3,4,1,0,0,0,1,0,0,0,0,4.43536E+20,5.40967E+21,8.23053E+15,4.88374E+16
38096,38097,8,1,36,65,2016,9,6,2,3,2,6,1,0,0,1,0,0,0,1,5.59223E+20,5.40592E+21,9.80653E+15,4.88034E+16
38097,38098,8,3,36,91,2016,9,19,4,2,0,1,2,0,1,0,0,0,0,0,3.95524E+20,5.2719E+21,7.61034E+15,4.75921E+16
38098,38099,8,3,17,1,2016,9,23,7,3,3,6,2,1,0,1,0,0,0,0,4.26243E+20,5.38459E+21,7.99938E+15,4.86101E+16
38099,38100,8,3,15,102,2016,9,17,6,2,9,1,0,0,0,0,0,1,0,0,4.41201E+20,5.29388E+21,8.21486E+15,4.77956E+16
38100,38101,8,1,17,12,2016,9,8,4,3,5,6,0,0,0,1,0,0,0,1,5.44934E+20,5.38822E+21,9.61001E+15,4.86455E+16