FID,OBJECTID,ULAND,UREGBEZ,UKREIS,UGEMEINDE,UJAHR,UMONAT,USTUNDE,UWOCHENTAG,UKATEGORIE,UART,UTYP1,ULICHTVERH,IstStrasse,IstRad,IstPKW,IstFuss,IstKrad,IstGkfz,IstSonstig,LINREFX,LINREFY,XGCSWGS84,YGCSWGS84
38101,38102,8,1,15,45,2016,9,14,7,2,4,2,0,0,0,1,0,1,0,0,5.03425E+20,5.39444E+21,9.04654E+15,4.87029E+16
38102,38103,8,2,12,0,2016,9,18,3,3,5,3,0,0,0,1,0,0,0,0,4.5457E+20,5.42827E+21,8.37882E+15,4.90056E+16
38103,38104,8,3,17,102,2016,9,12,6,3,4,1,0,1,0,1,0,0,0,0,4.38184E+20,5.38E+21,8.16204E+15,4.857E+16
38104,38105,8,2,31,0,2016,9,18,6,3,2,6,0,0,0,1,0,0,0,0,4.78556E+20,5.41787E+21,8.70733E+15,4.89134E+16
38105,38106,8,4,25,33,2016,9,12,5,2,5,3,0,0,1,1,0,0,0,0,5.53197E+20,5.34864E+21,9.71715E+15,4.82887E+16
38106,38107,8,1,15,42,2016,9,6,6,3,1,6,0,0,0,1,0,0,0,0,4.96474E+20,5.40502E+21,8.95199E+15,4.87982E+16
38107,38108,8,1,15,24,2016,9,17,3,3,3,6,0,0,0,1,0,0,0,0,5.00966E+20,5.38642E+21,9.01311E+15,4.86309E+16
38108,38109,8,1,25,6,2016,9,3,1,3,8,1,2,1,0,1,0,0,0,0,5.06205E+20,5.45002E+21,9.08518E+15,4.92029E+16
38109,38110,8,1,16,11,2016,9,9,1,2,0,1,0,1,0,1,0,1,0,0,5.31825E+20,5.37925E+21,9.43137E+15,4.85655E+16
38110,38111,8,1,36,65,2016,9,13,2,2,4,6,0,0,0,1,0,0,1,0,5.6278E+20,5.40625E+21,9.85502E+15,4.8806E+16
38111,38112,8,1,28,131,2016,9,11,5,3,5,2,0,0,1,1,0,0,0,0,5.36333E+20,5.51443E+21,9.50469E+15,4.97812E+16
38112,38113,8,4,37,88,2016,9,12,6,3,2,6,0,0,0,1,0,0,0,0,5.15574E+20,5.30701E+21,9.20844E+15,4.79162E+16
38113,38114,8,2,26,56,2016,9,17,6,2,6,4,0,0,0,0,1,1,0,0,4.88454E+20,5.47102E+21,8.8409E+15,4.93918E+16
38114,38115,8,2,31,0,2016,9,20,1,3,4,2,2,1,0,1,0,0,0,0,4.77652E+20,5.41538E+21,8.69513E+15,4.88909E+16
38115,38116,8,1,18,80,2016,9,6,3,3,2,6,1,0,0,1,0,0,0,0,5.09229E+20,5.4118E+21,9.12583E+15,4.88591E+16
38116,38117,8,2,15,59,2016,9,14,1,3,2,6,0,1,0,1,0,0,0,0,4.84334E+20,5.43605E+21,8.78548E+15,4.90771E+16
38117,38118,8,1,18,79,2016,9,4,1,3,9,1,2,1,0,1,0,0,0,0,5.10623E+20,5.4253E+21,9.14518E+15,4.89805E+16
38118,38119,8,1,15,3,2016,9,14,5,3,3,6,0,0,0,1,0,0,0,1,4.97462E+20,5.39172E+21,8.96552E+15,4.86785E+16
38119,38120,8,4,36,82,2016,9,17,6,3,4,6,1,1,1,0,0,0,0,0,5.46824E+20,5.29574E+21,9.62545E+15,4.78133E+16
38120,38121,8,3,35,63,2016,9,17,4,2,5,3,0,0,1,1,0,0,0,0,4.96896E+20,5.28798E+21,8.95859E+15,4.77452E+16
38121,38122,8,2,21,0,2016,9,18,6,2,1,6,0,0,0,1,0,0,0,0,4.77427E+20,5.46748E+21,8.68914E+15,4.93596E+16
38122,38123,8,1,15,3,2016,9,6,4,3,2,6,1,1,0,1,0,0,0,0,4.98251E+20,5.39126E+21,8.97625E+15,4.86744E+16
38123,38124,8,1,35,19,2016,9,14,7,3,2,6,0,0,0,1,0,0,0,0,5.85795E+20,5.39375E+21,1.01658E+16,4.86909E+16
38124,38125,8,1,19,93,2016,9,5,3,3,5,3,2,0,0,1,0,0,0,0,5.24096E+20,5.40622E+21,9.32818E+15,4.88085E+16
38125,38126,8,3,17,96,2016,9,6,6,2,5,2,1,0,0,1,0,1,0,0,4.2258E+20,5.37022E+21,7.95237E+15,4.84803E+16
38126,38127,8,2,36,73,2016,9,7,6,3,4,2,0,0,0,0,0,1,0,1,4.78647E+20,5.42261E+21,8.70832E+15,4.89561E+16
38127,38128,8,4,15,61,2016,9,21,5,3,5,3,2,0,0,1,0,0,0,0,5.14052E+20,5.37578E+21,9.19035E+15,4.8535E+16
38128,38129,8,1,28,7,2016,9,19,6,3,0,7,2,0,0,0,0,1,0,0,5.60828E+20,5.4742E+21,9.83867E+15,4.94175E+16
38129,38130,8,4,36,55,2016,9,18,2,3,5,3,0,0,0,1,0,1,0,0,5.76219E+20,5.29765E+21,1.00184E+16,4.78277E+16
38130,38131,8,1,36,88,2016,9,13,1,3,9,1,0,1,0,1,0,0,0,0,5.78814E+20,5.41265E+21,1.00746E+16,4.88618E+16
38131,38132,8,4,35,10,2016,9,0,3,2,8,1,2,0,0,0,0,1,0,0,5.199E+20,5.28438E+21,9.26531E+15,4.77125E+16
38132,38133,8,1,21,0,2016,9,14,2,3,3,2,0,0,0,1,0,1,0,0,5.14546E+20,5.44443E+21,9.19949E+15,4.91525E+16
38133,38134,8,1,19,67,2016,9,18,5,3,2,6,0,0,0,1,0,0,0,0,5.38354E+20,5.408E+21,9.52254E+15,4.88238E+16
38134,38135,8,4,36,55,2016,9,20,6,3,4,1,2,1,0,1,0,0,0,0,5.76922E+20,5.2936E+21,1.00271E+16,4.77912E+16
38135,38136,8,1,16,77,2016,9,13,7,2,5,2,0,0,0,1,0,1,0,0,5.16086E+20,5.39251E+21,9.21856E+15,4.86854E+16
38136,38137,8,2,15,47,2016,9,19,4,2,8,1,1,0,0,0,0,1,0,0,4.57799E+20,5.41285E+21,8.42456E+15,4.88672E+16
38137,38138,8,2,21,0,2016,9,16,4,3,2,6,0,0,0,1,0,0,0,0,4.73657E+20,5.47387E+21,8.63679E+15,4.94169E+16
38138,38139,8,4,15,92,2016,9,10,3,2,9,1,0,0,0,1,0,0,0,0,5.19602E+20,5.36181E+21,9.26487E+15,4.84092E+16
38139,38140,8,4,36,64,2016,9,13,1,3,2,6,0,1,0,1,0,0,0,0,5.46219E+20,5.29227E+21,9.617E+15,4.77821E+16
38140,38141,8,3,16,55,2016,9,7,4,3,4,6,0,0,0,1,0,0,0,0,4.29069E+20,5.33416E+21,8.04622E+15,4.81567E+16
38141,38142,8,4,36,13,2016,9,23,3,2,8,1,2,0,0,0,0,1,0,0,5.42826E+20,5.29979E+21,9.57245E+15,4.785E+16
38142,38143,8,1,15,3,2016,9,14,2,3,2,6,0,0,0,1,0,0,0,0,4.99826E+20,5.39206E+21,8.99763E+15,4.86816E+16
38143,38144,8,1,19,8,2016,9,18,7,3,5,3,1,1,0,1,0,0,0,0,5.32672E+20,5.42055E+21,9.44613E+15,4.8937E+16
38144,38145,8,1,18,79,2016,9,21,3,3,1,6,2,0,0,0,0,1,0,0,5.10159E+20,5.42183E+21,9.13876E+15,4.89493E+16
38145,38146,8,3,35,22,2016,9,16,5,2,5,2,0,0,1,1,0,0,0,0,4.82771E+20,5.29939E+21,8.76972E+15,4.78476E+16
38146,38147,8,3,35,43,2016,9,17,2,3,2,6,0,0,0,1,0,0,0,0,5.1155E+20,5.28136E+21,9.15391E+15,4.76855E+16
38147,38148,8,1,25,65,2016,9,14,6,2,2,6,0,0,0,1,0,1,0,0,5.16633E+20,5.44995E+21,9.22833E+15,4.92022E+16
38148,38149,8,4,25,138,2016,9,11,2,2,5,3,0,0,0,1,0,0,0,1,5.73512E+20,5.35001E+21,9.99122E+15,4.8299E+16
38149,38150,8,2,26,98,2016,9,16,2,3,2,6,0,0,0,1,0,0,0,1,4.77338E+20,5.45901E+21,8.68839E+15,4.92835E+16
38150,38151,8,3,25,57,2016,9,4,3,3,8,7,2,0,0,1,0,0,0,0,4.75378E+20,5.35812E+21,8.6675E+15,4.83757E+16
38151,38152,8,1,19,24,2016,9,10,2,2,8,1,0,0,0,0,0,0,1,0,5.38392E+20,5.43436E+21,9.52553E+15,4.9061E+16
38152,38153,8,1,17,35,2016,9,15,5,3,2,6,0,0,0,1,0,0,0,0,5.4896E+20,5.38075E+21,9.66379E+15,4.85779E+16
38153,38154,8,4,36,64,2016,9,13,7,3,2,2,0,0,0,1,0,1,0,0,5.46443E+20,5.29138E+21,9.61989E+15,4.77741E+16
38154,38155,8,1,11,0,2016,9,16,7,2,8,1,0,0,0,0,0,1,0,0,5.06454E+20,5.40014E+21,9.08781E+15,4.87542E+16
38155,38156,8,1,36,82,2016,9,7,4,3,3,6,0,0,0,1,0,1,0,0,5.84417E+20,5.41642E+21,1.01517E+16,4.8895E+16
38156,38157,8,2,12,0,2016,9,12,4,3,2,6,0,0,0,1,0,0,0,0,4.6066E+20,5.4241E+21,8.46248E+15,4.89685E+16
38157,38158,8,1,18,73,2016,9,14,6,2,4,6,0,0,0,1,0,0,0,1,5.01185E+20,5.41688E+21,9.01618E+15,4.89048E+16
38158,38159,8,4,15,78,2016,9,15,1,3,2,6,0,1,0,1,0,0,0,0,5.27749E+20,5.372E+21,9.37563E+15,4.85005E+16
38159,38160,8,2,26,85,2016,9,3,1,3,8,1,2,1,0,1,0,0,0,0,4.85316E+20,5.45693E+21,8.79817E+15,4.92649E+16
38160,38161,8,3,16,43,2016,9,14,5,3,5,3,0,0,1,1,0,0,0,0,4.11555E+20,5.33118E+21,7.81139E+15,4.81277E+16
38161,38162,8,1,36,34,2016,9,2,1,1,4,6,2,1,0,1,0,0,0,0,5.65174E+20,5.40801E+21,9.88789E+15,4.88217E+16
38162,38163,8,3,17,26,2016,9,6,2,2,4,3,2,0,0,0,0,1,0,1,4.11823E+20,5.34562E+21,7.812E+15,4.82577E+16
38163,38164,8,2,26,84,2016,9,9,5,3,1,6,0,0,0,1,0,0,0,0,4.68171E+20,5.46948E+21,8.56151E+15,4.93772E+16
38164,38165,8,2,16,7,2016,9,22,2,2,5,3,2,0,0,1,0,0,0,0,4.37229E+20,5.39585E+21,8.14669E+15,4.87125E+16
38165,38166,8,3,16,55,2016,9,12,1,3,8,1,0,1,1,0,0,0,0,0,4.28935E+20,5.33398E+21,8.04445E+15,4.81551E+16
38166,38167,8,3,17,89,2016,9,17,5,3,0,7,0,0,1,0,0,0,0,0,4.32104E+20,5.37549E+21,8.08037E+15,4.85289E+16
38167,38168,8,3,17,73,2016,9,14,2,3,2,6,0,0,0,1,0,0,0,0,4.12365E+20,5.34876E+21,7.81865E+15,4.82859E+16
38168,38169,8,2,15,17,2016,9,7,5,3,4,6,0,0,1,0,0,1,0,0,4.54592E+20,5.41985E+21,8.38005E+15,4.89299E+16
38169,38170,8,1,19,20,2016,9,6,6,3,2,6,0,0,0,1,0,0,0,0,5.2121E+20,5.40569E+21,9.28885E+15,4.88039E+16
38170,38171,8,2,26,12,2016,9,9,2,3,3,2,0,0,1,0,0,0,0,1,4.75994E+20,5.4774E+21,8.66881E+15,4.94488E+16
38171,38172,8,3,17,96,2016,9,17,3,3,0,6,0,0,1,0,0,0,0,0,4.21031E+20,5.36846E+21,7.93175E+15,4.84643E+16
38172,38173,8,1,16,78,2016,9,18,2,3,1,6,0,0,0,1,0,0,0,0,5.13007E+20,5.39307E+21,9.17674E+15,4.86905E+16
38173,38174,8,4,35,66,2016,9,6,4,2,8,1,1,0,0,1,0,0,0,0,5.17945E+20,5.28541E+21,9.23928E+15,4.77219E+16
38174,38175,8,4,37,65,2016,9,17,4,3,2,6,0,0,0,1,0,0,0,0,5.18544E+20,5.31884E+21,9.2487E+15,4.80226E+16
38175,38176,8,4,17,22,2016,9,21,7,2,0,7,2,1,1,0,0,0,0,0,4.859E+20,5.3482E+21,8.80992E+15,4.82868E+16
38176,38177,8,4,35,16,2016,9,7,6,3,8,1,0,0,0,0,0,1,0,0,5.3856E+20,5.27678E+21,9.51339E+15,4.76433E+16
38177,38178,8,1,26,47,2016,9,13,4,2,2,6,0,0,0,1,0,0,1,1,5.50052E+20,5.44999E+21,9.68707E+15,4.92006E+16
38178,38179,8,3,17,26,2016,9,11,6,2,2,7,0,0,1,1,0,0,0,0,4.17652E+20,5.34322E+21,7.89099E+15,4.82369E+16
38179,38180,8,2,21,0,2016,9,18,4,3,3,2,0,0,1,1,0,0,0,0,4.76632E+20,5.47154E+21,8.67795E+15,4.93961E+16
38180,38181,8,1,16,19,2016,9,6,6,2,8,1,1,0,0,0,0,1,0,0,5.28184E+20,5.39917E+21,9.38337E+15,4.87449E+16
38181,38182,8,3,36,91,2016,9,20,1,3,5,3,2,1,0,1,0,0,0,0,3.94775E+20,5.27171E+21,7.60042E+15,4.75902E+16
38182,38183,8,2,15,105,2016,9,14,1,2,4,6,0,1,0,1,0,0,0,0,4.58381E+20,5.44079E+21,8.42963E+15,4.91186E+16
38183,38184,8,2,26,102,2016,9,17,1,2,9,1,0,1,0,1,0,0,0,0,4.82277E+20,5.45428E+21,8.75652E+15,4.9241E+16
38184,38185,8,1,19,75,2016,9,12,1,3,8,1,0,1,0,1,0,0,0,0,5.37149E+20,5.43019E+21,9.50814E+15,4.90235E+16
38185,38186,8,2,15,9,2016,9,17,5,3,5,3,0,0,0,1,0,1,0,0,4.67319E+20,5.43717E+21,8.55241E+15,4.90865E+16
38186,38187,8,4,35,35,2016,9,20,6,3,2,6,2,1,1,1,0,0,0,0,5.40972E+20,5.28132E+21,9.54592E+15,4.7684E+16
38187,38188,8,3,35,75,2016,9,12,4,3,0,1,0,0,1,0,0,0,0,0,4.87644E+20,5.28967E+21,8.83512E+15,4.77603E+16
38188,38189,8,2,35,6,2016,9,17,7,3,1,3,0,0,0,1,0,1,0,0,4.70576E+20,5.38145E+21,8.60101E+15,4.85855E+16
38189,38190,8,2,15,96,2016,9,21,6,3,8,7,2,0,0,1,0,0,0,0,4.59856E+20,5.4148E+21,8.45242E+15,4.88848E+16
38190,38191,8,3,26,52,2016,9,19,6,3,2,6,2,0,0,1,0,1,0,0,4.51071E+20,5.33052E+21,8.34247E+15,4.8126E+16
38191,38192,8,1,16,22,2016,9,16,4,3,5,3,0,0,0,1,0,0,0,0,5.2348E+20,5.38225E+21,9.31843E+15,4.85929E+16
38192,38193,8,1,35,19,2016,9,16,7,3,2,6,0,1,0,1,0,0,0,0,5.85316E+20,5.39633E+21,1.01598E+16,4.87141E+16
38193,38194,8,1,36,19,2016,9,17,3,3,2,6,0,0,0,1,0,0,0,0,5.82318E+20,5.42443E+21,1.01247E+16,4.89673E+16
38194,38195,8,2,12,0,2016,9,17,5,3,7,4,0,0,0,0,1,1,0,0,4.52803E+20,5.42932E+21,8.35453E+15,4.9015E+16
38195,38196,8,1,27,14,2016,9,16,1,2,9,7,0,0,0,0,0,0,0,1,5.7472E+20,5.44749E+21,1.00252E+16,4.91757E+16
38196,38197,8,3,36,79,2016,9,19,4,3,2,6,1,0,0,0,0,1,0,1,4.16947E+20,5.29206E+21,7.89139E+15,4.77765E+16
38197,38198,8,2,16,33,2016,9,20,4,3,5,3,2,0,0,1,0,0,0,0,4.47874E+20,5.41354E+21,8.28915E+15,4.88727E+16
38198,38199,8,1,15,21,2016,9,13,1,2,0,1,0,0,0,0,0,1,0,0,4.91701E+20,5.3832E+21,8.88743E+15,4.86018E+16
38199,38200,8,2,16,63,2016,9,4,7,3,6,6,2,0,0,1,1,0,0,0,4.2951E+20,5.4013E+21,8.04084E+15,4.87608E+16
38200,38201,8,3,37,118,2016,9,13,2,3,8,1,0,0,0,0,0,0,1,0,4.38629E+20,5.28027E+21,8.18243E+15,4.76729E+16
38201,38202,8,4,26,58,2016,9,15,6,3,8,1,0,0,0,0,0,1,0,0,5.59237E+20,5.32195E+21,9.79485E+15,4.80481E+16
38202,38203,8,1,36,19,2016,9,8,6,3,5,3,0,0,0,1,0,0,0,0,5.85381E+20,5.42503E+21,1.01667E+16,4.89723E+16
38203,38204,8,3,27,36,2016,9,16,6,3,3,2,0,0,0,1,0,0,1,0,4.91125E+20,5.31846E+21,8.88097E+15,4.80194E+16
38204,38205,8,1,16,33,2016,9,14,4,3,2,6,0,0,0,1,0,0,0,0,5.30026E+20,5.38877E+21,9.40768E+15,4.86512E+16
38205,38206,8,4,17,2,2016,9,17,1,3,2,6,0,0,0,1,0,0,0,0,4.8904E+20,5.34564E+21,8.85232E+15,4.82639E+16
38206,38207,8,2,16,49,2016,9,16,1,2,8,1,0,0,0,0,0,1,0,0,4.37054E+20,5.40259E+21,8.14328E+15,4.87731E+16
38207,38208,8,4,15,73,2016,9,16,5,2,2,2,0,0,0,1,0,1,0,0,5.17973E+20,5.34993E+21,9.24235E+15,4.83023E+16
38208,38209,8,3,17,1,2016,9,10,7,3,4,2,0,0,0,1,0,0,0,0,4.32647E+20,5.38641E+21,8.08596E+15,4.86271E+16
38209,38210,8,1,18,78,2016,9,17,5,3,2,6,0,0,0,1,0,0,0,0,5.13368E+20,5.41987E+21,9.18252E+15,4.89316E+16
38210,38211,8,1,16,37,2016,10,15,7,3,8,1,0,0,0,1,0,0,0,0,5.35038E+20,5.40186E+21,9.47683E+15,4.87688E+16
38211,38212,8,2,15,96,2016,9,14,5,3,5,3,0,0,0,1,0,0,1,0,4.61455E+20,5.41526E+21,8.47419E+15,4.88891E+16
38212,38213,8,1,21,0,2016,9,12,7,2,5,2,0,0,0,1,0,1,0,0,5.15046E+20,5.44163E+21,9.20623E+15,4.91274E+16
38213,38214,8,1,19,89,2016,9,16,4,3,0,6,0,0,0,1,0,0,0,0,5.32335E+20,5.41134E+21,9.4408E+15,4.88542E+16
38214,38215,8,3,27,46,2016,9,16,7,3,1,1,0,0,0,1,0,1,0,0,4.79541E+20,5.32632E+21,8.72525E+15,4.80898E+16
38215,38216,8,2,15,9,2016,9,16,7,3,8,1,0,0,0,1,0,0,0,0,4.74643E+20,5.43617E+21,8.65278E+15,4.90779E+16
38216,38217,8,1,19,75,2016,9,18,6,3,2,2,0,0,0,0,0,1,0,1,5.36001E+20,5.42797E+21,9.49224E+15,4.90036E+16
38217,38218,8,4,25,39,2016,9,19,3,3,1,6,1,0,0,1,0,0,0,0,5.6604E+20,5.35271E+21,9.89091E+15,4.83241E+16
38218,38219,8,2,37,73,2016,9,15,6,2,8,1,0,0,0,0,0,1,0,0,4.63742E+20,5.38029E+21,8.50846E+15,4.85746E+16
38219,38220,8,1,11,0,2016,9,17,4,1,0,7,0,0,0,1,0,0,0,1,5.12886E+20,5.40648E+21,9.17551E+15,4.88112E+16
38220,38221,8,2,15,84,2016,9,7,3,3,8,1,2,1,0,1,0,0,0,0,4.7084E+20,5.45095E+21,8.59964E+15,4.92106E+16
38221,38222,8,3,17,89,2016,9,15,1,3,5,3,0,0,1,0,0,1,0,0,4.28177E+20,5.37631E+21,8.02705E+15,4.85357E+16
38222,38223,8,4,17,2,2016,9,15,6,3,1,2,0,0,0,1,0,0,0,0,4.89948E+20,5.34425E+21,8.86458E+15,4.82514E+16
38223,38224,8,1,25,17,2016,9,16,6,3,5,3,0,0,0,1,0,0,0,0,5.02659E+20,5.43182E+21,9.03638E+15,4.90392E+16
38224,38225,8,3,11,0,2016,9,7,6,3,8,1,0,0,0,0,0,1,0,0,4.12762E+20,5.31535E+21,7.83084E+15,4.79855E+16
38225,38226,8,1,16,41,2016,9,6,4,3,5,3,2,0,1,1,0,0,0,0,5.20672E+20,5.38423E+21,9.28044E+15,4.86108E+16
38226,38227,8,3,36,50,2016,9,15,1,3,8,1,0,0,0,0,0,1,0,0,4.02129E+20,5.27713E+21,7.69701E+15,4.76401E+16
38227,38228,8,2,15,102,2016,9,11,3,3,5,3,0,0,0,1,0,0,0,0,4.56232E+20,5.43834E+21,8.40045E+15,4.90964E+16
38228,38229,8,2,22,0,2016,9,11,1,3,3,7,0,0,0,1,0,0,0,0,4.64452E+20,5.48068E+21,8.50928E+15,4.94777E+16
38229,38230,8,1,17,16,2016,9,14,3,2,2,2,0,0,0,1,0,0,0,1,5.51202E+20,5.37686E+21,9.69371E+15,4.85427E+16
38230,38231,8,4,15,59,2016,9,18,5,3,0,1,0,0,0,0,0,1,0,0,5.17434E+20,5.36641E+21,9.23577E+15,4.84506E+16
38231,38232,8,3,17,65,2016,9,21,7,2,5,2,2,0,0,1,0,0,0,0,4.20503E+20,5.35341E+21,7.92746E+15,4.83289E+16
38232,38233,8,1,16,77,2016,9,18,5,3,2,6,0,0,0,1,0,0,0,0,5.16735E+20,5.39183E+21,9.22735E+15,4.86793E+16
38233,38234,8,4,37,76,2016,9,12,6,3,0,7,0,0,0,0,0,1,0,0,5.25588E+20,5.32238E+21,9.34339E+15,4.80542E+16
38234,38235,8,1,15,21,2016,9,20,5,3,2,6,2,0,0,1,0,0,0,0,4.92371E+20,5.38264E+21,8.89653E+15,4.85968E+16
38235,38236,8,1,19,79,2016,9,12,4,2,2,6,0,0,0,1,0,1,0,0,5.2313E+20,5.41016E+21,9.31525E+15,4.88439E+16
38236,38237,8,2,12,0,2016,9,10,2,3,3,2,0,0,1,0,0,0,0,1,4.55207E+20,5.42883E+21,8.38746E+15,4.90107E+16
38237,38238,8,1,28,138,2016,9,7,2,3,2,6,0,1,0,1,0,0,0,0,5.42653E+20,5.47923E+21,9.58865E+15,4.94642E+16
38238,38239,8,1,18,73,2016,9,14,6,3,3,6,0,0,0,1,0,0,1,0,4.99663E+20,5.41846E+21,8.9954E+15,4.89191E+16
38239,38240,8,4,16,23,2016,9,7,3,3,2,6,0,1,0,1,0,0,0,0,5.09484E+20,5.37171E+21,9.12839E+15,4.84985E+16
38240,38241,8,2,36,71,2016,9,22,6,3,9,1,2,0,0,0,0,1,0,0,4.68352E+20,5.42073E+21,8.56784E+15,4.89387E+16
38241,38242,8,4,37,104,2016,9,3,3,2,8,1,2,1,0,1,0,0,0,0,5.14896E+20,5.32616E+21,9.20004E+15,4.80886E+16
38242,38243,8,2,26,20,2016,9,19,3,2,4,2,1,0,1,1,0,0,0,0,4.90907E+20,5.46302E+21,8.87488E+15,4.93199E+16
38243,38244,8,1,25,110,2016,9,9,3,2,5,3,0,1,0,1,0,0,0,0,5.27737E+20,5.44263E+21,9.38026E+15,4.91359E+16
38244,38245,8,4,35,52,2016,9,19,2,3,5,3,1,0,0,1,0,0,0,1,5.18974E+20,5.29488E+21,9.25342E+15,4.7807E+16
38245,38246,8,3,17,75,2016,9,6,5,2,4,6,1,0,0,0,0,1,0,1,4.10896E+20,5.35926E+21,7.79662E+15,4.83802E+16
38246,38247,8,3,26,74,2016,9,18,5,3,8,1,0,0,0,0,0,1,0,0,4.59227E+20,5.3253E+21,8.45257E+15,4.80797E+16
38247,38248,8,1,25,27,2016,9,12,1,3,2,6,0,0,0,1,0,0,0,0,5.2016E+20,5.44562E+21,9.27653E+15,4.91631E+16
38248,38249,8,4,26,62,2016,9,16,4,3,5,3,0,0,0,1,0,0,0,0,5.55474E+20,5.31946E+21,9.74405E+15,4.80261E+16
38249,38250,8,2,12,0,2016,9,6,4,3,7,7,2,0,0,1,0,0,0,0,4.64088E+20,5.43039E+21,8.50876E+15,4.90253E+16
38250,38251,8,4,26,134,2016,9,18,2,3,9,1,0,0,0,1,0,0,0,0,5.58772E+20,5.33462E+21,9.79036E+15,4.81621E+16
38251,38252,8,1,21,0,2016,9,7,5,3,2,6,0,0,0,1,0,0,0,0,5.13643E+20,5.44155E+21,9.187E+15,4.91267E+16
38252,38253,8,1,18,19,2016,9,21,3,1,2,6,2,0,0,1,0,0,0,0,5.04207E+20,5.40654E+21,9.0573E+15,4.88118E+16
38253,38254,8,1,11,0,2016,9,13,3,3,3,6,0,0,0,1,0,0,1,0,5.16687E+20,5.40377E+21,9.22717E+15,4.87867E+16
38254,38255,8,3,35,66,2016,9,8,5,2,2,6,0,0,0,1,0,0,0,0,5.02738E+20,5.28608E+21,9.03651E+15,4.77281E+16
38255,38256,8,4,37,100,2016,9,10,4,3,2,6,0,0,0,1,0,0,0,0,5.34295E+20,5.32142E+21,9.46014E+15,4.80451E+16
38256,38257,8,4,35,29,2016,9,17,6,3,5,3,0,0,1,1,0,0,0,0,5.44434E+20,5.27227E+21,9.59114E+15,4.76023E+16
38257,38258,8,3,16,45,2016,9,7,4,3,2,6,0,0,0,1,0,0,0,0,4.11805E+20,5.32546E+21,7.81594E+15,4.80763E+16
38258,38259,8,1,36,60,2016,9,16,5,3,5,3,0,0,0,1,0,0,0,0,5.72752E+20,5.43058E+21,9.99515E+15,4.90239E+16
38259,38260,8,3,17,57,2016,9,12,7,3,5,2,0,0,1,1,0,0,0,0,4.12779E+20,5.38099E+21,7.81751E+15,4.8576E+16
38260,38261,8,2,26,103,2016,9,5,2,3,4,2,2,0,0,1,0,0,0,0,4.74758E+20,5.45753E+21,8.65302E+15,4.927E+16
38261,38262,8,1,25,49,2016,9,6,2,2,2,1,1,0,0,1,0,1,0,1,4.9822E+20,5.44732E+21,8.97557E+15,4.91786E+16
38262,38263,8,1,15,28,2016,9,17,6,2,3,6,0,0,0,1,0,0,1,0,5.02179E+20,5.40185E+21,9.02966E+15,4.87697E+16
38263,38264,8,3,27,38,2016,9,6,3,3,5,3,2,1,0,0,0,1,0,0,4.94522E+20,5.31333E+21,8.9266E+15,4.79733E+16
38264,38265,8,1,11,0,2016,9,23,6,2,5,2,2,0,0,1,0,0,0,0,5.13438E+20,5.40257E+21,9.18291E+15,4.8776E+16
38265,38266,8,2,26,28,2016,9,19,6,2,5,3,1,0,0,1,0,1,0,0,4.72407E+20,5.4839E+21,8.61887E+15,4.95071E+16
38266,38267,8,2,22,0,2016,9,18,3,3,3,6,2,0,0,1,0,0,1,0,4.65081E+20,5.47948E+21,8.51807E+15,4.9467E+16
38267,38268,8,1,15,45,2016,9,6,3,2,9,6,2,1,0,1,0,0,0,0,4.95841E+20,5.39281E+21,8.94349E+15,4.86883E+16
38268,38269,8,3,11,0,2016,9,12,5,2,1,6,0,0,1,1,0,0,0,0,4.14956E+20,5.31956E+21,7.8594E+15,4.80237E+16
38269,38270,8,1,35,16,2016,9,1,1,2,8,7,2,0,0,1,1,0,0,0,5.8972E+20,5.38762E+21,1.02178E+16,4.86352E+16
38270,38271,8,4,15,61,2016,9,8,4,3,4,6,0,0,0,1,0,0,0,0,5.16728E+20,5.37902E+21,9.22673E+15,4.85641E+16
38271,38272,8,2,26,96,2016,9,7,4,3,5,3,0,0,0,1,0,0,0,0,4.74596E+20,5.48944E+21,8.64874E+15,4.95571E+16
38272,38273,8,1,18,51,2016,9,18,1,3,5,3,0,0,1,1,0,0,0,0,5.09859E+20,5.41506E+21,9.13449E+15,4.88884E+16
38273,38274,8,2,15,64,2016,9,13,7,2,0,7,0,0,0,0,0,0,0,1,4.79116E+20,5.45197E+21,8.71321E+15,4.92201E+16
38274,38275,8,4,15,73,2016,9,18,2,2,5,3,0,0,0,1,0,0,0,0,5.18562E+20,5.35155E+21,9.25037E+15,4.83169E+16
38275,38276,8,4,35,16,2016,9,19,6,3,2,2,1,0,0,1,0,1,0,0,5.37507E+20,5.27863E+21,9.49953E+15,4.76599E+16
38276,38277,8,1,36,65,2016,9,12,6,3,2,6,0,0,0,1,0,0,0,0,5.59299E+20,5.40596E+21,9.80757E+15,4.88038E+16
38277,38278,8,3,35,66,2016,9,13,6,3,4,6,0,0,1,0,0,0,0,0,5.06472E+20,5.2815E+21,9.08624E+15,4.76868E+16
38278,38279,8,1,15,28,2016,9,8,2,2,4,2,0,1,0,1,0,0,0,1,5.00583E+20,5.40463E+21,9.00794E+15,4.87947E+16
38279,38280,8,4,36,32,2016,9,14,1,3,0,1,0,0,0,0,0,1,0,0,5.37003E+20,5.30137E+21,9.49475E+15,4.78646E+16
38280,38281,8,2,22,0,2016,9,14,1,3,2,6,0,0,0,1,0,0,0,0,4.67742E+20,5.4855E+21,8.5543E+15,4.95213E+16
38281,38282,8,1,18,3,2016,9,16,6,3,2,6,0,0,0,1,0,0,0,0,5.1102E+20,5.41567E+21,9.15034E+15,4.88939E+16