FID,OBJECTID,ULAND,UREGBEZ,UKREIS,UGEMEINDE,UJAHR,UMONAT,USTUNDE,UWOCHENTAG,UKATEGORIE,UART,UTYP1,ULICHTVERH,IstStrasse,IstRad,IstPKW,IstFuss,IstKrad,IstGkfz,IstSonstig,LINREFX,LINREFY,XGCSWGS84,YGCSWGS84
38282,38283,8,2,12,0,2016,9,17,2,2,2,6,0,0,0,1,0,1,0,0,4.55913E+20,5.43006E+21,8.39697E+15,4.90219E+16
38283,38284,8,1,17,24,2016,9,18,2,3,2,6,0,0,0,1,0,0,1,0,5.61153E+20,5.38603E+21,9.82986E+15,4.86243E+16
38284,38285,8,3,15,68,2016,9,17,1,3,3,2,0,0,0,1,0,1,0,0,4.35574E+20,5.30374E+21,8.13826E+15,4.78838E+16
38285,38286,8,3,11,0,2016,9,10,3,3,6,7,0,0,0,0,1,0,0,1,4.14116E+20,5.31679E+21,7.84869E+15,4.79987E+16
38286,38287,8,4,35,36,2016,9,14,5,3,3,6,0,0,1,0,0,0,0,0,5.18868E+20,5.28331E+21,9.2515E+15,4.77029E+16
38287,38288,8,1,19,20,2016,9,19,5,3,3,1,2,0,0,1,0,0,0,0,5.21496E+20,5.40716E+21,9.29282E+15,4.8817E+16
38288,38289,8,1,19,91,2016,10,18,7,3,2,6,0,0,0,1,0,0,0,0,5.26668E+20,5.40686E+21,9.36326E+15,4.88142E+16
38289,38290,8,2,15,66,2016,9,6,3,3,4,2,2,1,0,1,0,0,0,0,4.60242E+20,5.44963E+21,8.45426E+15,4.91981E+16
38290,38291,8,2,37,40,2016,9,20,5,3,5,3,2,0,0,1,0,1,0,0,4.69668E+20,5.36567E+21,8.58986E+15,4.84434E+16
38291,38292,8,1,25,61,2016,9,1,1,3,8,1,2,0,0,1,0,0,0,0,5.02847E+20,5.44777E+21,9.03906E+15,4.91827E+16
38292,38293,8,3,27,38,2016,9,16,4,3,6,7,0,0,0,1,1,0,0,0,4.94426E+20,5.31331E+21,8.92531E+15,4.79731E+16
38293,38294,8,2,11,0,2016,9,7,4,3,1,6,0,0,0,1,0,0,0,0,4.44838E+20,5.40013E+21,8.24955E+15,4.87518E+16
38294,38295,8,4,16,41,2016,9,0,7,2,9,1,2,0,0,1,0,0,0,0,5.04989E+20,5.37092E+21,9.06752E+15,4.84914E+16
38295,38296,8,2,15,106,2016,9,19,7,3,1,6,0,0,0,1,0,0,0,0,4.6358E+20,5.45524E+21,8.49957E+15,4.92488E+16
38296,38297,8,3,35,28,2016,9,16,2,3,5,3,0,0,1,0,0,0,0,1,4.83806E+20,5.28698E+21,8.78401E+15,4.7736E+16
38297,38298,8,4,26,1,2016,9,8,6,3,5,3,0,0,0,1,0,0,0,0,5.67108E+20,5.34551E+21,9.90416E+15,4.82592E+16
38298,38299,8,1,35,19,2016,9,23,6,3,0,2,2,0,1,0,0,0,0,1,5.84642E+20,5.39245E+21,1.01499E+16,4.86793E+16
38299,38300,8,3,17,96,2016,9,20,6,2,5,3,2,0,1,1,0,0,0,0,4.21995E+20,5.36956E+21,7.94457E+15,4.84744E+16
38300,38301,8,1,16,49,2016,9,15,4,3,2,6,0,0,0,1,0,0,0,0,5.2421E+20,5.38587E+21,9.32854E+15,4.86254E+16
38301,38302,8,4,15,53,2016,9,14,1,2,8,1,0,0,0,0,0,1,0,0,5.42972E+20,5.36015E+21,9.5805E+15,4.83931E+16
38302,38303,8,2,37,4,2016,9,18,1,3,9,6,0,0,0,1,0,1,0,0,4.42663E+20,5.37303E+21,8.22371E+15,4.85078E+16
38303,38304,8,1,17,38,2016,9,16,3,3,2,6,0,0,0,1,0,0,0,0,5.47248E+20,5.39744E+21,9.64248E+15,4.87282E+16
38304,38305,8,4,16,41,2016,9,20,5,3,3,7,2,0,0,1,0,1,0,0,5.07084E+20,5.37782E+21,9.096E+15,4.85535E+16
38305,38306,8,3,17,96,2016,9,14,7,2,5,3,0,0,1,0,0,0,0,0,4.24493E+20,5.3684E+21,7.97859E+15,4.84642E+16
38306,38307,8,1,17,26,2016,9,16,5,3,5,3,0,0,1,1,0,0,0,0,5.46221E+20,5.39283E+21,9.628E+15,4.86868E+16
38307,38308,8,1,15,41,2016,10,11,7,3,2,6,0,0,0,1,0,0,0,0,4.93603E+20,5.4019E+21,8.91295E+15,4.87701E+16
38308,38309,8,1,25,27,2016,9,11,5,3,2,6,0,0,0,1,0,0,1,0,5.18301E+20,5.44644E+21,9.25107E+15,4.91705E+16
38309,38310,8,1,25,5,2016,9,19,7,3,4,2,1,0,0,1,0,0,0,0,5.15764E+20,5.45285E+21,9.21652E+15,4.92282E+16
38310,38311,8,4,26,97,2016,9,20,5,3,5,3,2,0,0,1,0,0,0,0,5.3556E+20,5.33394E+21,9.47816E+15,4.81577E+16
38311,38312,8,3,17,57,2016,9,11,7,3,4,7,0,0,0,1,0,0,0,1,4.14535E+20,5.37815E+21,7.8419E+15,4.85507E+16
38312,38313,8,1,18,73,2016,9,14,5,2,5,3,0,0,0,1,0,0,0,0,4.99668E+20,5.41846E+21,8.99547E+15,4.89191E+16
38313,38314,8,1,17,51,2016,10,0,7,3,9,1,2,0,0,1,0,0,0,0,5.446E+20,5.39387E+21,9.6061E+15,4.86963E+16
38314,38315,8,2,26,85,2016,9,15,5,2,0,1,0,0,1,0,0,0,0,0,4.89038E+20,5.449E+21,8.84954E+15,4.91937E+16
38315,38316,8,1,18,67,2016,9,11,1,3,2,6,0,0,0,1,0,0,0,0,5.06881E+20,5.41477E+21,9.09387E+15,4.88859E+16
38316,38317,8,1,19,89,2016,9,13,7,2,5,3,0,0,0,0,0,1,0,1,5.36797E+20,5.41068E+21,9.50156E+15,4.8848E+16
38317,38318,8,1,25,27,2016,9,10,4,2,2,6,0,0,0,1,0,0,1,1,5.17533E+20,5.44704E+21,9.24056E+15,4.9176E+16
38318,38319,8,3,35,63,2016,9,21,7,3,9,1,2,0,0,1,0,0,0,0,4.9847E+20,5.29289E+21,8.97957E+15,4.77893E+16
38319,38320,8,2,15,90,2016,9,12,7,2,2,6,0,0,0,1,0,1,0,0,4.66389E+20,5.43332E+21,8.53999E+15,4.90518E+16
38320,38321,8,3,17,96,2016,9,13,2,3,4,1,0,0,0,1,0,0,0,0,4.2067E+20,5.37442E+21,7.92573E+15,4.85179E+16
38321,38322,8,3,37,66,2016,9,16,6,3,4,2,0,0,0,1,0,0,0,0,4.30021E+20,5.26854E+21,8.06965E+15,4.75665E+16
38322,38323,8,1,19,67,2016,9,16,6,3,6,4,0,0,0,1,1,0,0,0,5.40601E+20,5.40279E+21,9.55263E+15,4.87768E+16
38323,38324,8,2,16,5,2016,9,13,6,3,2,6,0,0,0,1,0,0,0,0,4.47266E+20,5.41503E+21,8.28067E+15,4.8886E+16
38324,38325,8,1,11,0,2016,9,6,4,2,5,2,0,0,0,1,0,0,0,0,5.12179E+20,5.41087E+21,9.16602E+15,4.88507E+16
38325,38326,8,3,27,57,2016,9,13,1,3,4,6,0,0,0,1,0,0,0,0,4.86615E+20,5.30824E+21,8.82082E+15,4.79273E+16
38326,38327,8,2,11,0,2016,9,10,3,2,6,6,0,0,1,0,1,0,0,0,4.41849E+20,5.40326E+21,8.20845E+15,4.87796E+16
38327,38328,8,2,16,17,2016,9,17,1,3,8,1,0,0,0,0,0,1,0,0,4.49843E+20,5.40048E+21,8.31759E+15,4.87553E+16
38328,38329,8,1,16,70,2016,9,8,3,3,4,6,0,0,0,1,0,0,1,0,5.4133E+20,5.38396E+21,9.56067E+15,4.86073E+16
38329,38330,8,3,16,17,2016,9,9,5,3,2,6,0,0,0,1,0,0,0,0,4.06972E+20,5.34155E+21,7.74754E+15,4.82204E+16
38330,38331,8,2,12,0,2016,9,13,7,3,0,6,0,0,1,0,0,0,0,0,4.59697E+20,5.42795E+21,8.44895E+15,4.90031E+16
38331,38332,8,1,11,0,2016,9,18,5,3,3,2,0,0,0,1,0,1,0,0,5.13738E+20,5.40319E+21,9.18701E+15,4.87815E+16
38332,38333,8,4,36,82,2016,9,11,6,3,5,3,0,0,0,1,0,0,0,1,5.46471E+20,5.296E+21,9.62076E+15,4.78157E+16
38333,38334,8,3,17,89,2016,9,5,4,3,1,5,2,0,0,1,0,0,0,1,4.27484E+20,5.37738E+21,8.01747E+15,4.85453E+16
38334,38335,8,1,36,65,2016,9,18,5,3,5,3,0,0,0,1,0,0,0,0,5.62328E+20,5.40521E+21,9.8487E+15,4.87968E+16
38335,38336,8,3,17,141,2016,9,13,7,3,8,7,0,0,0,1,0,0,0,0,4.18615E+20,5.37746E+21,7.89731E+15,4.85449E+16
38336,38337,8,1,18,70,2016,9,14,4,3,5,3,0,0,0,1,0,1,0,0,5.19746E+20,5.42379E+21,9.26978E+15,4.89667E+16
38337,38338,8,2,12,0,2016,9,16,2,3,2,6,0,0,0,1,0,0,0,0,4.63016E+20,5.43311E+21,8.49386E+15,4.90498E+16
38338,38339,8,1,27,76,2016,9,12,2,3,2,6,0,1,0,1,0,0,0,0,5.53509E+20,5.44085E+21,9.73331E+15,4.91182E+16
38339,38340,8,1,18,79,2016,9,16,6,3,2,7,0,0,0,1,0,0,0,0,5.09925E+20,5.42216E+21,9.13556E+15,4.89523E+16
38340,38341,8,3,35,81,2016,9,16,3,2,5,2,0,0,0,0,0,1,1,0,4.8969E+20,5.29731E+21,8.86225E+15,4.78291E+16
38341,38342,8,1,16,78,2016,9,17,6,3,5,3,0,0,0,1,0,1,0,0,5.10498E+20,5.39346E+21,9.14266E+15,4.86941E+16
38342,38343,8,2,26,68,2016,9,8,6,2,2,6,0,0,0,1,0,0,0,0,4.68393E+20,5.46136E+21,8.56522E+15,4.93041E+16
38343,38344,8,1,19,79,2016,9,19,4,3,2,6,2,1,0,1,0,0,0,0,5.23986E+20,5.408E+21,9.32679E+15,4.88245E+16
38344,38345,8,3,15,115,2016,9,15,2,3,3,6,0,0,0,1,0,1,0,0,4.08839E+20,5.32115E+21,7.77704E+15,4.80372E+16
38345,38346,8,3,27,25,2016,9,13,7,2,4,2,0,0,0,0,0,1,0,0,4.80107E+20,5.30943E+21,8.73365E+15,4.79379E+16
38346,38347,8,2,15,46,2016,9,15,7,3,2,6,0,0,0,1,0,0,0,0,4.49882E+20,5.41613E+21,8.31622E+15,4.88961E+16
38347,38348,8,1,19,67,2016,9,15,6,2,3,2,0,0,0,1,0,0,0,1,5.39579E+20,5.40593E+21,9.53902E+15,4.88051E+16
38348,38349,8,4,15,19,2016,9,14,3,3,5,3,0,0,1,1,0,0,0,0,5.18799E+20,5.3699E+21,9.25439E+15,4.84819E+16
38349,38350,8,2,31,0,2016,9,13,6,3,1,7,0,0,0,1,0,0,0,0,4.78623E+20,5.41488E+21,8.7084E+15,4.88865E+16
38350,38351,8,1,11,0,2016,9,23,4,3,3,6,2,0,0,1,0,0,0,1,5.16643E+20,5.39874E+21,9.22637E+15,4.87415E+16
38351,38352,8,2,36,25,2016,9,1,3,3,8,1,2,0,0,1,0,0,0,0,4.92334E+20,5.40516E+21,8.89561E+15,4.87994E+16
38352,38353,8,1,36,88,2016,9,16,3,3,5,3,0,0,1,1,0,0,0,0,5.80449E+20,5.41021E+21,1.00964E+16,4.88396E+16
38353,38354,8,1,11,0,2016,9,8,3,3,5,2,0,1,0,1,0,1,0,0,5.18217E+20,5.40036E+21,9.24785E+15,4.8756E+16
38354,38355,8,3,27,2,2016,9,17,5,3,2,6,0,0,0,1,0,0,0,0,4.78458E+20,5.32727E+21,8.71066E+15,4.80983E+16
38355,38356,8,4,35,66,2016,9,14,4,3,3,6,0,0,0,1,0,0,1,0,5.1799E+20,5.28712E+21,9.23995E+15,4.77372E+16
38356,38357,8,2,22,0,2016,9,16,4,2,2,6,0,0,0,1,0,0,0,0,4.67664E+20,5.48223E+21,8.5535E+15,4.94918E+16
38357,38358,8,1,27,76,2016,9,9,5,3,2,6,0,0,0,1,0,0,0,0,5.55935E+20,5.43849E+21,9.76623E+15,4.90967E+16
38358,38359,8,2,15,9,2016,9,18,6,3,4,2,1,0,0,1,0,0,0,0,4.65554E+20,5.43961E+21,8.52804E+15,4.91084E+16
38359,38360,8,2,22,0,2016,9,19,2,2,2,2,1,0,0,1,0,0,0,0,4.6147E+20,5.48417E+21,8.46778E+15,4.95089E+16
38360,38361,8,1,19,41,2016,9,17,2,3,5,3,0,0,1,1,0,0,0,0,5.26343E+20,5.41014E+21,9.35904E+15,4.88437E+16
38361,38362,8,1,16,70,2016,9,18,6,3,4,2,0,0,1,1,0,0,0,0,5.39857E+20,5.38459E+21,9.54074E+15,4.86131E+16
38362,38363,8,3,26,5,2016,9,18,3,2,8,1,0,0,0,0,0,1,0,0,4.67982E+20,5.29612E+21,8.57229E+15,4.78176E+16
38363,38364,8,1,11,0,2016,9,15,6,3,0,1,0,0,0,0,0,1,0,0,5.13289E+20,5.40136E+21,9.18084E+15,4.87651E+16
38364,38365,8,1,27,73,2016,10,5,7,1,4,6,2,0,0,1,0,0,0,0,5.78494E+20,5.44565E+21,1.00766E+16,4.91586E+16
38365,38366,8,2,16,17,2016,9,10,3,3,5,3,0,0,0,1,0,1,0,0,4.5225E+20,5.40045E+21,8.35035E+15,4.87552E+16
38366,38367,8,2,15,109,2016,9,16,5,2,4,2,0,0,0,1,0,0,0,0,4.61714E+20,5.4403E+21,8.47536E+15,4.91143E+16
38367,38368,8,1,28,14,2016,9,2,1,2,8,1,2,0,0,1,0,0,0,0,5.4688E+20,5.48157E+21,9.64726E+15,4.94849E+16
38368,38369,8,3,37,126,2016,9,17,4,2,5,2,0,0,0,1,0,0,0,0,4.44222E+20,5.27438E+21,8.25768E+15,4.76204E+16
38369,38370,8,2,26,98,2016,9,7,4,2,3,6,0,0,0,1,0,1,0,0,4.77758E+20,5.45803E+21,8.69422E+15,4.92746E+16
38370,38371,8,2,26,38,2016,9,17,3,3,2,6,0,0,0,1,0,0,0,0,4.72876E+20,5.48085E+21,8.62555E+15,4.94797E+16
38371,38372,8,1,18,48,2016,9,7,3,3,5,2,0,1,0,1,0,0,0,0,5.14456E+20,5.41664E+21,9.19725E+15,4.89025E+16
38372,38373,8,4,35,16,2016,9,10,2,3,6,4,0,0,0,1,1,0,0,0,5.36197E+20,5.2783E+21,9.48206E+15,4.76571E+16
38373,38374,8,3,36,8,2016,9,9,5,3,4,6,0,0,0,1,0,0,0,0,3.96313E+20,5.27584E+21,7.6199E+15,4.76276E+16
38374,38375,8,4,17,79,2016,9,17,5,3,1,6,0,0,0,1,0,0,0,0,4.98536E+20,5.33972E+21,8.9803E+15,4.82107E+16
38375,38376,8,1,15,28,2016,9,11,1,3,2,6,0,0,0,1,0,0,0,0,4.97446E+20,5.40451E+21,8.96522E+15,4.87935E+16
38376,38377,8,4,26,73,2016,9,10,4,2,9,6,0,0,0,1,0,0,0,1,5.64461E+20,5.33664E+21,9.86715E+15,4.81797E+16
38377,38378,8,2,31,0,2016,9,0,4,3,5,2,2,0,0,1,0,0,0,0,4.7572E+20,5.41539E+21,8.66877E+15,4.8891E+16
38378,38379,8,4,25,71,2016,9,16,2,3,0,3,0,0,1,1,0,0,0,0,5.50662E+20,5.37095E+21,9.68568E+15,4.84897E+16
38379,38380,8,1,19,67,2016,9,17,5,3,2,1,0,0,0,1,0,0,0,0,5.36791E+20,5.40615E+21,9.50107E+15,4.88073E+16
38380,38381,8,1,18,80,2016,9,17,6,3,1,6,0,0,0,1,0,0,0,1,5.07788E+20,5.40974E+21,9.10613E+15,4.88406E+16
38381,38382,8,1,18,70,2016,9,7,2,3,2,6,0,1,0,1,0,0,0,0,5.16791E+20,5.4248E+21,9.22945E+15,4.89759E+16
38382,38383,8,1,16,58,2016,9,6,2,3,2,6,1,1,0,1,0,0,0,0,5.3384E+20,5.39504E+21,9.45998E+15,4.87075E+16
38383,38384,8,4,37,104,2016,9,16,1,3,2,6,0,0,0,1,0,0,0,0,5.15236E+20,5.32613E+21,9.20459E+15,4.80882E+16
38384,38385,8,3,15,132,2016,9,11,1,3,2,1,0,0,0,1,0,0,0,1,4.08946E+20,5.32425E+21,7.77782E+15,4.8065E+16
38385,38386,8,3,11,0,2016,9,17,3,3,1,6,0,0,0,1,0,0,0,1,4.05433E+20,5.31489E+21,7.73274E+15,4.79803E+16
38386,38387,8,4,26,14,2016,9,8,5,3,2,6,0,0,0,1,0,0,0,0,5.51733E+20,5.31933E+21,9.69385E+15,4.80251E+16
38387,38388,8,2,37,19,2016,9,13,7,3,0,2,0,0,0,0,0,1,0,0,4.63926E+20,5.37131E+21,8.51173E+15,4.84939E+16
38388,38389,8,1,19,4,2016,9,16,5,2,3,2,0,0,1,1,0,0,0,0,5.4094E+20,5.41842E+21,9.55881E+15,4.89173E+16
38389,38390,8,1,19,20,2016,10,16,7,3,6,7,0,1,0,1,1,0,0,0,5.19179E+20,5.40656E+21,9.26123E+15,4.88117E+16
38390,38391,8,2,26,13,2016,9,7,5,3,2,2,0,0,0,1,0,0,0,0,4.98459E+20,5.47906E+21,8.97873E+15,4.94642E+16
38391,38392,8,1,25,6,2016,9,13,1,3,5,3,0,0,0,1,0,0,0,1,5.06772E+20,5.45093E+21,9.09297E+15,4.92111E+16
38392,38393,8,1,19,55,2016,9,11,7,3,5,3,0,0,1,1,0,0,0,0,5.43847E+20,5.40512E+21,9.59706E+15,4.87975E+16
38393,38394,8,3,26,52,2016,9,20,4,2,5,3,2,0,0,1,0,0,1,0,4.54814E+20,5.32997E+21,8.39283E+15,4.81214E+16
38394,38395,8,1,28,115,2016,9,17,4,3,8,2,0,0,0,0,0,1,0,0,5.48242E+20,5.497E+21,9.66794E+15,4.96236E+16
38395,38396,8,3,11,0,2016,9,18,7,2,8,6,0,0,0,1,0,0,0,0,4.11525E+20,5.32409E+21,7.81246E+15,4.8064E+16
38396,38397,8,2,12,0,2016,9,11,7,3,2,6,0,0,0,1,0,0,0,0,4.64555E+20,5.42295E+21,8.51581E+15,4.89585E+16
38397,38398,8,3,27,19,2016,9,5,2,3,8,6,2,0,0,1,0,0,0,1,4.81693E+20,5.33051E+21,8.75397E+15,4.81276E+16
38398,38399,8,4,21,0,2016,9,15,6,3,2,6,0,0,0,1,0,0,0,0,5.72304E+20,5.36143E+21,9.9769E+15,4.84019E+16
38399,38400,8,1,25,24,2016,9,10,6,3,1,6,0,0,0,1,0,0,0,0,5.23467E+20,5.44406E+21,9.3218E+15,4.91489E+16
38400,38401,8,3,36,105,2016,9,8,6,2,6,4,0,0,0,1,1,0,0,0,3.99771E+20,5.26728E+21,7.66787E+15,4.75512E+16
38401,38402,8,1,16,19,2016,9,17,4,3,2,6,0,0,0,1,0,1,0,0,5.22169E+20,5.39808E+21,9.30151E+15,4.87354E+16
38402,38403,8,1,16,18,2016,9,13,1,3,5,2,0,0,0,1,0,1,0,0,5.30716E+20,5.37613E+21,9.41611E+15,4.85376E+16
38403,38404,8,1,15,28,2016,9,11,7,3,5,2,0,0,0,1,0,1,0,0,5.0121E+20,5.40548E+21,9.01648E+15,4.88023E+16
38404,38405,8,4,15,61,2016,9,18,2,2,2,6,0,0,0,1,0,0,0,0,5.18517E+20,5.37416E+21,9.25077E+15,4.85203E+16
38405,38406,8,4,37,65,2016,9,11,6,2,2,6,0,0,0,1,0,0,1,0,5.18562E+20,5.31924E+21,9.24896E+15,4.80262E+16
38406,38407,8,1,36,19,2016,9,12,6,3,5,3,0,0,0,1,0,0,0,0,5.82358E+20,5.42334E+21,1.0125E+16,4.89575E+16
38407,38408,8,3,35,22,2016,9,20,6,3,2,6,2,0,0,1,0,0,0,1,4.83292E+20,5.30228E+21,8.77656E+15,4.78736E+16
38408,38409,8,1,11,0,2016,9,15,2,3,2,6,0,0,0,1,0,0,0,0,5.09519E+20,5.40314E+21,9.12957E+15,4.87812E+16
38409,38410,8,1,17,26,2016,9,0,4,3,3,6,2,0,1,0,0,0,0,1,5.49705E+20,5.39449E+21,9.67554E+15,4.87015E+16
38410,38411,8,4,37,88,2016,9,14,1,2,3,6,0,0,0,1,0,1,1,0,5.20826E+20,5.30633E+21,9.2787E+15,4.79099E+16
38411,38412,8,2,15,64,2016,9,10,1,2,3,6,0,0,1,1,0,0,0,0,4.79415E+20,5.4514E+21,8.71734E+15,4.9215E+16
38412,38413,8,4,16,6,2016,9,17,5,2,4,2,0,0,0,1,0,1,0,0,4.97719E+20,5.35918E+21,8.96919E+15,4.83857E+16
38413,38414,8,2,35,85,2016,9,20,7,3,2,2,2,0,0,1,0,0,0,0,4.80238E+20,5.39881E+21,8.73121E+15,4.8742E+16
38414,38415,8,1,15,28,2016,9,8,5,3,2,6,0,0,0,1,0,0,0,1,4.99253E+20,5.40366E+21,8.98982E+15,4.8786E+16
38415,38416,8,1,16,77,2016,10,15,7,3,5,3,0,0,0,1,0,0,0,0,5.16304E+20,5.39176E+21,9.22148E+15,4.86787E+16
38416,38417,8,2,15,9,2016,9,13,5,3,4,2,0,0,0,1,0,0,0,0,4.69932E+20,5.44064E+21,8.58794E+15,4.91179E+16
38417,38418,8,1,19,76,2016,9,8,7,3,2,6,0,0,0,1,0,0,0,0,5.41553E+20,5.40643E+21,9.56595E+15,4.88095E+16
38418,38419,8,1,21,0,2016,9,6,4,3,5,3,2,1,0,1,0,1,0,0,5.10604E+20,5.44888E+21,9.14554E+15,4.91926E+16
38419,38420,8,3,35,2,2016,9,17,7,3,2,6,0,0,0,1,0,0,0,1,5.05292E+20,5.28547E+21,9.07057E+15,4.77225E+16
38420,38421,8,1,15,21,2016,9,12,7,3,2,6,0,0,0,1,0,0,0,0,4.9249E+20,5.38154E+21,8.89817E+15,4.85869E+16
38421,38422,8,3,36,69,2016,9,19,6,2,3,6,1,0,0,1,0,1,0,0,4.09804E+20,5.27207E+21,7.80019E+15,4.75958E+16
38422,38423,8,1,19,4,2016,9,15,6,3,4,6,0,0,0,1,0,0,0,1,5.40814E+20,5.41832E+21,9.55708E+15,4.89164E+16
38423,38424,8,2,37,27,2016,9,21,6,2,9,1,2,0,0,1,0,0,0,0,4.79399E+20,5.37014E+21,8.72121E+15,4.8484E+16
38424,38425,8,1,11,0,2016,9,15,4,3,3,6,0,0,0,1,0,1,0,0,5.12723E+20,5.4053E+21,9.17325E+15,4.88006E+16
38425,38426,8,2,26,105,2016,9,14,3,2,2,6,0,0,0,1,0,0,0,0,4.71137E+20,5.47605E+21,8.6019E+15,4.94364E+16
38426,38427,8,3,26,55,2016,9,9,1,3,8,1,0,0,0,0,0,1,0,0,4.39024E+20,5.33327E+21,8.1802E+15,4.81497E+16
38427,38428,8,1,26,11,2016,9,8,3,3,8,1,1,1,0,1,0,0,0,0,5.29789E+20,5.44732E+21,9.40873E+15,4.9178E+16
38428,38429,8,1,15,37,2016,9,8,3,3,4,6,0,1,0,1,0,0,0,0,4.92087E+20,5.38513E+21,8.89264E+15,4.86192E+16
38429,38430,8,3,35,75,2016,9,16,5,3,5,2,0,0,1,1,0,0,0,0,4.87292E+20,5.28989E+21,8.83042E+15,4.77622E+16
38430,38431,8,1,11,0,2016,9,16,5,3,0,1,0,0,1,0,0,0,0,0,5.08535E+20,5.39767E+21,9.11607E+15,4.8732E+16
38431,38432,8,4,35,36,2016,9,13,6,3,0,7,0,0,1,0,1,0,0,0,5.19245E+20,5.28296E+21,9.25651E+15,4.76997E+16
38432,38433,8,3,17,122,2016,9,16,4,3,2,6,0,0,0,1,0,0,0,0,4.19204E+20,5.36746E+21,7.90722E+15,4.84551E+16
38433,38434,8,3,25,61,2016,9,19,1,3,3,6,1,0,0,1,0,1,0,0,4.7385E+20,5.3526E+21,8.64721E+15,4.83261E+16
38434,38435,8,2,15,9,2016,9,11,3,2,0,7,0,1,0,0,0,1,0,0,4.70141E+20,5.4417E+21,8.59073E+15,4.91274E+16
38435,38436,8,2,25,109,2016,9,11,1,3,8,3,0,0,0,1,0,0,0,0,5.27498E+20,5.49236E+21,9.38041E+15,4.95832E+16
38436,38437,8,1,17,15,2016,9,15,3,2,8,1,0,0,0,1,0,0,0,0,5.61213E+20,5.39432E+21,9.8319E+15,4.86989E+16
38437,38438,8,4,15,61,2016,9,16,5,3,2,6,0,0,0,1,0,0,0,0,5.14305E+20,5.37117E+21,9.19362E+15,4.84935E+16
38438,38439,8,2,35,57,2016,9,15,7,3,2,6,0,0,0,0,0,1,0,0,4.88351E+20,5.39737E+21,8.8416E+15,4.87293E+16
38439,38440,8,1,17,31,2016,9,16,5,3,2,6,0,0,0,1,0,0,0,0,5.49263E+20,5.37722E+21,9.66748E+15,4.85461E+16
38440,38441,8,1,11,0,2016,10,16,7,3,2,6,0,1,0,1,0,0,0,0,5.16191E+20,5.40392E+21,9.22043E+15,4.87881E+16
38441,38442,8,1,18,80,2016,9,21,5,3,2,7,2,0,0,1,0,0,0,1,5.09055E+20,5.41072E+21,9.12343E+15,4.88494E+16
38442,38443,8,1,19,84,2016,9,1,4,1,9,1,2,0,0,1,0,0,0,0,5.45917E+20,5.41656E+21,9.62652E+15,4.89003E+16
38443,38444,8,2,12,0,2016,9,6,2,3,2,6,2,0,1,1,0,0,0,0,4.5638E+20,5.42664E+21,8.40373E+15,4.89911E+16
38444,38445,8,1,18,50,2016,9,11,6,3,0,6,0,0,1,0,0,0,1,0,5.04256E+20,5.42057E+21,9.05811E+15,4.8938E+16
38445,38446,8,4,16,36,2016,9,21,3,3,8,1,2,0,0,1,0,0,0,0,4.97842E+20,5.36373E+21,8.97083E+15,4.84267E+16
38446,38447,8,2,36,4,2016,9,17,6,3,2,6,0,0,0,1,0,0,0,0,4.73147E+20,5.41594E+21,8.63363E+15,4.88958E+16
38447,38448,8,4,35,57,2016,9,16,3,3,5,3,0,0,1,1,0,0,0,0,5.44325E+20,5.27979E+21,9.59044E+15,4.76699E+16
38448,38449,8,2,26,54,2016,9,10,3,3,0,1,0,1,0,0,0,0,0,1,4.78873E+20,5.45531E+21,8.70969E+15,4.92502E+16
38449,38450,8,1,26,66,2016,9,15,3,3,5,3,0,0,0,1,0,1,0,0,5.37329E+20,5.45033E+21,9.51246E+15,4.92046E+16
38450,38451,8,4,36,95,2016,9,7,2,3,8,7,0,2,0,1,0,0,0,0,5.34999E+20,5.29326E+21,9.4673E+15,4.77918E+16
38451,38452,8,3,27,50,2016,9,18,5,3,4,2,0,0,1,1,0,0,0,0,4.82227E+20,5.31126E+21,8.76194E+15,4.79544E+16
38452,38453,8,2,12,0,2016,9,12,1,3,2,6,0,0,0,1,0,1,0,0,4.52768E+20,5.42941E+21,8.35404E+15,4.90158E+16
38453,38454,8,4,26,14,2016,9,20,4,3,2,6,2,0,0,1,0,0,0,0,5.51733E+20,5.31933E+21,9.69385E+15,4.80251E+16
38454,38455,8,2,12,0,2016,9,10,4,3,2,6,0,0,0,1,0,0,0,0,4.61585E+20,5.42701E+21,8.47485E+15,4.89948E+16
38455,38456,8,4,37,88,2016,9,21,2,3,0,1,2,0,1,0,0,0,0,0,5.23141E+20,5.3045E+21,9.30958E+15,4.78934E+16
38456,38457,8,1,25,27,2016,9,18,5,3,2,6,0,0,0,1,0,0,0,0,5.17944E+20,5.44734E+21,9.24621E+15,4.91786E+16
38457,38458,8,2,16,28,2016,9,11,6,2,4,6,0,0,1,0,0,0,0,0,4.24541E+20,5.39976E+21,7.97353E+15,4.87463E+16
38458,38459,8,2,15,64,2016,9,20,2,2,8,1,2,0,0,1,0,0,0,0,4.86841E+20,5.44797E+21,8.81942E+15,4.91844E+16
38459,38460,8,1,18,63,2016,9,6,2,3,2,6,1,1,0,1,0,0,0,0,5.16731E+20,5.4244E+21,9.22862E+15,4.89723E+16
38460,38461,8,1,36,89,2016,9,6,5,3,2,6,2,0,0,1,0,0,0,1,5.83828E+20,5.41956E+21,1.01443E+16,4.89233E+16
38461,38462,8,1,18,11,2016,9,16,4,3,2,4,0,0,0,1,1,0,0,0,4.98723E+20,5.41108E+21,8.98259E+15,4.88527E+16
38462,38463,8,2,35,6,2016,9,14,2,2,8,1,0,0,0,0,0,1,0,0,4.71822E+20,5.38156E+21,8.61791E+15,4.85865E+16