FID,OBJECTID,ULAND,UREGBEZ,UKREIS,UGEMEINDE,UJAHR,UMONAT,USTUNDE,UWOCHENTAG,UKATEGORIE,UART,UTYP1,ULICHTVERH,IstStrasse,IstRad,IstPKW,IstFuss,IstKrad,IstGkfz,IstSonstig,LINREFX,LINREFY,XGCSWGS84,YGCSWGS84
38463,38464,8,1,26,72,2016,9,19,2,2,5,3,1,0,0,1,0,0,0,1,5.38236E+20,5.4632E+21,9.52615E+15,4.93204E+16
38464,38465,8,1,18,71,2016,9,10,6,3,9,1,0,0,0,0,0,1,0,0,5.09261E+20,5.4201E+21,9.12645E+15,4.89338E+16
38465,38466,8,3,35,63,2016,9,20,3,3,9,1,0,0,0,1,0,1,0,0,5.01326E+20,5.29235E+21,9.0177E+15,4.77845E+16
38466,38467,8,1,15,45,2016,9,18,6,3,2,2,0,0,0,1,0,0,0,0,4.99972E+20,5.39457E+21,8.99962E+15,4.87042E+16
38467,38468,8,2,25,58,2016,9,12,6,3,4,2,0,0,0,1,0,1,0,0,5.10783E+20,5.46709E+21,9.14849E+15,4.93564E+16
38468,38469,8,2,26,96,2016,9,11,3,2,5,7,0,0,0,1,0,0,0,0,4.74582E+20,5.48945E+21,8.64855E+15,4.95571E+16
38469,38470,8,1,15,28,2016,9,10,3,3,3,6,0,1,0,1,0,0,1,0,5.02163E+20,5.40185E+21,9.02944E+15,4.87696E+16
38470,38471,8,4,36,47,2016,9,16,2,3,3,6,0,0,0,1,0,0,1,1,5.33929E+20,5.30977E+21,9.45432E+15,4.79403E+16
38471,38472,8,3,15,41,2016,9,11,5,3,3,6,0,0,1,1,0,0,0,0,4.20746E+20,5.32233E+21,7.93653E+15,4.80494E+16
38472,38473,8,3,17,1,2016,9,16,5,2,5,3,0,0,1,1,0,0,0,0,4.32468E+20,5.38544E+21,8.08368E+15,4.86183E+16
38473,38474,8,1,18,15,2016,9,4,1,2,8,1,2,0,0,1,0,0,0,0,5.07062E+20,5.43002E+21,9.0966E+15,4.9023E+16
38474,38475,8,4,15,61,2016,9,10,4,3,4,2,0,0,0,1,0,1,0,0,5.15116E+20,5.3719E+21,9.20462E+15,4.85E+16
38475,38476,8,2,22,0,2016,9,17,4,2,0,1,0,0,1,0,0,0,0,0,4.63084E+20,5.48245E+21,8.49023E+15,4.94935E+16
38476,38477,8,1,18,67,2016,9,14,1,3,5,3,0,0,0,1,0,1,0,0,5.07169E+20,5.41429E+21,9.09779E+15,4.88815E+16
38477,38478,8,1,36,2,2016,9,15,7,2,9,1,0,0,0,0,0,1,0,0,5.72748E+20,5.41785E+21,9.99281E+15,4.89093E+16
38478,38479,8,4,16,36,2016,9,6,2,3,2,6,0,1,0,1,0,0,0,0,4.95966E+20,5.36846E+21,8.94543E+15,4.84693E+16
38479,38480,8,1,16,35,2016,9,13,6,3,2,6,0,0,0,1,0,0,0,0,5.25513E+20,5.39137E+21,9.34657E+15,4.86748E+16
38480,38481,8,1,36,19,2016,9,7,2,3,0,6,0,0,0,1,0,0,1,0,5.86948E+20,5.4228E+21,1.01876E+16,4.8952E+16
38481,38482,8,1,16,33,2016,9,10,2,2,4,2,0,1,0,1,0,0,0,0,5.34431E+20,5.38925E+21,9.46752E+15,4.86554E+16
38482,38483,8,4,36,8,2016,9,4,1,3,8,1,2,0,0,0,0,0,0,1,5.47782E+20,5.30901E+21,9.63971E+15,4.79326E+16
38483,38484,8,2,26,10,2016,9,21,1,3,2,6,2,0,0,1,0,0,0,0,4.84675E+20,5.45715E+21,8.78935E+15,4.92669E+16
38484,38485,8,4,26,87,2016,9,6,5,2,2,6,1,0,0,1,0,1,0,0,5.70836E+20,5.32364E+21,9.95075E+15,4.80621E+16
38485,38486,8,2,35,66,2016,9,19,7,2,8,1,1,0,0,0,0,1,0,0,4.64484E+20,5.38909E+21,8.51776E+15,4.86539E+16
38486,38487,8,1,19,91,2016,9,9,5,2,5,3,0,0,0,1,0,0,1,0,5.25526E+20,5.40627E+21,9.34766E+15,4.88089E+16
38487,38488,8,1,17,24,2016,10,15,7,3,1,6,0,0,0,1,0,0,0,0,5.59756E+20,5.38666E+21,9.81099E+15,4.86302E+16
38488,38489,8,2,22,0,2016,9,19,5,3,5,3,0,0,1,1,0,0,0,0,4.63086E+20,5.47881E+21,8.49059E+15,4.94608E+16
38489,38490,8,1,16,77,2016,9,14,6,3,5,3,0,0,1,0,0,1,0,0,5.16958E+20,5.38812E+21,9.23021E+15,4.86459E+16
38490,38491,8,3,17,11,2016,9,15,1,3,9,1,0,0,0,0,0,1,0,0,4.27357E+20,5.35402E+21,8.01981E+15,4.83352E+16
38491,38492,8,3,11,0,2016,9,7,3,3,9,1,0,1,0,1,0,0,0,0,4.10572E+20,5.31798E+21,7.80095E+15,4.80089E+16
38492,38493,8,4,36,85,2016,9,13,5,3,8,1,0,0,0,1,0,0,0,0,5.5854E+20,5.29413E+21,9.78172E+15,4.77979E+16
38493,38494,8,1,25,98,2016,10,16,7,3,4,6,0,1,0,1,0,0,1,0,5.27274E+20,5.43749E+21,9.37356E+15,4.90897E+16
38494,38495,8,2,16,43,2016,9,14,3,3,5,3,0,0,0,1,0,0,0,0,4.43489E+20,5.40969E+21,8.22989E+15,4.88377E+16
38495,38496,8,2,12,0,2016,9,13,5,3,2,6,0,0,0,1,0,0,0,0,4.58762E+20,5.42636E+21,8.43632E+15,4.89888E+16
38496,38497,8,2,25,58,2016,9,15,1,2,8,1,0,0,0,0,0,1,0,0,5.10833E+20,5.4715E+21,9.1493E+15,4.93961E+16
38497,38498,8,4,36,64,2016,9,14,4,3,9,1,0,0,0,1,0,0,0,0,5.46832E+20,5.29381E+21,9.62536E+15,4.7796E+16
38498,38499,8,2,15,47,2016,9,16,4,3,2,6,0,0,0,1,0,0,0,0,4.59529E+20,5.41207E+21,8.44822E+15,4.88603E+16
38499,38500,8,1,11,0,2016,9,15,1,3,0,6,0,0,0,1,0,1,0,0,5.15753E+20,5.40543E+21,9.21452E+15,4.88017E+16
38500,38501,8,1,28,131,2016,9,2,7,3,8,1,2,0,0,1,0,0,0,0,5.40658E+20,5.51208E+21,9.56451E+15,4.97598E+16
38501,38502,8,3,35,98,2016,9,16,2,3,2,6,0,0,0,1,0,0,0,1,4.98847E+20,5.29375E+21,8.98461E+15,4.77971E+16
38502,38503,8,4,25,33,2016,9,14,6,2,4,6,0,0,0,1,0,0,0,0,5.55951E+20,5.34801E+21,9.7542E+15,4.82828E+16
38503,38504,8,1,36,88,2016,9,15,6,3,2,2,0,0,0,0,0,1,0,1,5.76828E+20,5.41368E+21,1.00477E+16,4.88714E+16
38504,38505,8,3,26,3,2016,9,0,6,2,8,1,2,0,0,1,0,0,0,0,4.71714E+20,5.31223E+21,8.62108E+15,4.79628E+16
38505,38506,8,1,16,71,2016,9,8,4,2,2,6,0,0,0,0,0,0,1,0,5.26204E+20,5.39094E+21,9.35592E+15,4.8671E+16
38506,38507,8,4,16,41,2016,9,11,1,3,3,6,0,0,0,1,0,1,0,0,5.05723E+20,5.37548E+21,9.07752E+15,4.85324E+16
38507,38508,8,2,16,7,2016,9,16,1,3,2,6,0,0,0,1,0,0,0,0,4.35818E+20,5.40004E+21,8.12686E+15,4.87501E+16
38508,38509,8,4,16,26,2016,9,13,5,3,2,6,0,0,0,1,0,0,0,0,5.05905E+20,5.36574E+21,9.07985E+15,4.84448E+16
38509,38510,8,2,31,0,2016,9,17,7,3,9,1,0,0,0,0,0,1,0,0,4.77501E+20,5.41243E+21,8.69322E+15,4.88644E+16
38510,38511,8,1,17,26,2016,9,10,5,3,0,6,0,0,0,1,0,0,0,0,5.47686E+20,5.39486E+21,9.64814E+15,4.87049E+16
38511,38512,8,1,16,70,2016,10,13,7,3,5,3,0,0,1,1,0,0,0,0,5.403E+20,5.38364E+21,9.54666E+15,4.86046E+16
38512,38513,8,2,12,0,2016,9,13,5,3,2,6,0,0,0,1,0,0,0,1,4.60885E+20,5.42382E+21,8.46559E+15,4.8966E+16
38513,38514,8,1,19,4,2016,9,14,7,3,0,1,0,0,0,0,0,1,0,0,5.41938E+20,5.4174E+21,9.57233E+15,4.89081E+16
38514,38515,8,1,19,91,2016,9,11,4,2,4,6,0,0,0,1,0,1,0,0,5.30069E+20,5.40365E+21,9.40934E+15,4.87851E+16
38515,38516,8,2,37,40,2016,9,16,7,2,5,3,0,0,0,1,0,1,0,0,4.75338E+20,5.36935E+21,8.66631E+15,4.84768E+16
38516,38517,8,1,27,14,2016,9,7,7,3,5,3,0,0,0,1,0,0,0,0,5.75425E+20,5.44365E+21,1.00341E+16,4.91411E+16
38517,38518,8,1,19,20,2016,9,17,1,3,4,1,0,0,0,1,0,0,0,0,5.18352E+20,5.409E+21,9.25008E+15,4.88337E+16
38518,38519,8,1,19,41,2016,9,12,7,2,0,1,0,0,0,0,0,1,0,0,5.26174E+20,5.41158E+21,9.35683E+15,4.88566E+16
38519,38520,8,1,28,6,2016,9,5,4,1,4,6,2,0,0,1,0,0,0,0,5.50328E+20,5.47739E+21,9.69432E+15,4.94471E+16
38520,38521,8,3,37,108,2016,9,11,7,3,8,1,0,0,0,0,0,1,0,0,4.25988E+20,5.28593E+21,8.0131E+15,4.77225E+16
38521,38522,8,1,27,62,2016,9,15,7,3,8,1,0,0,0,0,0,1,0,0,5.46166E+20,5.43225E+21,9.6317E+15,4.90414E+16
38522,38523,8,3,17,96,2016,9,18,2,3,2,6,0,0,0,1,0,0,0,0,4.21421E+20,5.36661E+21,7.93736E+15,4.84477E+16
38523,38524,8,4,15,61,2016,9,17,6,2,2,2,0,0,0,1,0,0,0,0,5.13252E+20,5.37269E+21,9.17942E+15,4.85072E+16
38524,38525,8,1,19,79,2016,9,14,6,3,2,2,0,0,0,1,0,0,0,0,5.24013E+20,5.41184E+21,9.32738E+15,4.8859E+16
38525,38526,8,2,12,0,2016,9,20,6,3,2,6,2,0,0,1,0,0,0,0,4.60747E+20,5.42899E+21,8.4632E+15,4.90126E+16
38526,38527,8,1,15,34,2016,9,15,4,3,8,6,0,0,0,0,0,1,1,0,4.83586E+20,5.37459E+21,8.77769E+15,4.85242E+16
38527,38528,8,3,35,79,2016,9,20,1,3,5,3,2,0,0,1,0,1,0,0,5.00332E+20,5.30073E+21,9.00443E+15,4.78599E+16
38528,38529,8,2,15,17,2016,9,5,3,2,8,1,2,1,0,0,0,1,0,0,4.57994E+20,5.4202E+21,8.42646E+15,4.89333E+16
38529,38530,8,2,21,0,2016,9,12,1,2,5,2,0,0,0,1,0,0,0,0,4.75082E+20,5.47142E+21,8.6566E+15,4.9395E+16
38530,38531,8,1,16,7,2016,9,1,3,3,8,1,2,0,0,1,0,0,0,0,5.32433E+20,5.39941E+21,9.44119E+15,4.87468E+16
38531,38532,8,4,15,14,2016,9,20,5,3,2,6,2,0,0,1,0,1,0,0,5.23879E+20,5.37532E+21,9.32344E+15,4.85305E+16
38532,38533,8,2,31,0,2016,9,19,7,3,2,6,0,0,0,1,0,0,0,0,4.79464E+20,5.41595E+21,8.71982E+15,4.88962E+16
38533,38534,8,1,16,49,2016,9,15,5,3,6,4,0,0,0,1,1,0,0,0,5.25443E+20,5.38506E+21,9.34522E+15,4.86181E+16
38534,38535,8,4,36,81,2016,9,15,6,3,9,1,0,0,0,1,0,0,0,0,5.64718E+20,5.28568E+21,9.86294E+15,4.77212E+16
38535,38536,8,3,17,65,2016,9,16,4,3,2,6,0,0,0,1,0,0,0,0,4.10774E+20,5.35692E+21,7.79547E+15,4.83592E+16
38536,38537,8,1,15,48,2016,9,6,5,2,2,6,2,0,1,1,0,0,0,0,5.11165E+20,5.38692E+21,9.15154E+15,4.86352E+16
38537,38538,8,1,18,1,2016,9,19,4,3,8,1,1,0,0,0,0,1,0,0,5.2576E+20,5.41913E+21,9.35166E+15,4.89246E+16
38538,38539,8,2,15,9,2016,9,8,2,3,2,6,0,0,0,1,0,0,0,0,4.66661E+20,5.43928E+21,8.54322E+15,4.91055E+16
38539,38540,8,2,25,117,2016,9,17,2,2,9,1,0,0,0,1,0,0,0,0,5.15557E+20,5.47325E+21,9.21446E+15,4.94117E+16
38540,38541,8,1,18,80,2016,9,21,6,3,2,6,2,0,0,1,0,0,0,0,5.08343E+20,5.41142E+21,9.11374E+15,4.88557E+16
38541,38542,8,3,35,43,2016,9,9,3,3,0,1,0,1,0,0,0,1,0,0,5.15237E+20,5.28108E+21,9.20302E+15,4.76829E+16
38542,38543,8,1,16,4,2016,9,14,6,3,2,6,0,0,0,1,0,0,0,0,5.28288E+20,5.39649E+21,9.3846E+15,4.87208E+16
38543,38544,8,2,26,96,2016,9,16,6,3,5,3,0,0,0,1,0,0,0,0,4.75352E+20,5.48729E+21,8.65933E+15,4.95377E+16
38544,38545,8,2,22,0,2016,9,7,3,3,2,6,0,1,0,1,0,0,0,0,4.62119E+20,5.48032E+21,8.4771E+15,4.94743E+16
38545,38546,8,1,18,49,2016,9,16,3,3,5,3,0,0,1,1,0,0,0,0,5.18629E+20,5.42104E+21,9.2544E+15,4.8942E+16
38546,38547,8,4,35,35,2016,9,12,2,3,0,7,0,0,1,0,0,0,0,0,5.43295E+20,5.28202E+21,9.57695E+15,4.76901E+16
38547,38548,8,3,17,65,2016,9,16,5,2,3,2,0,0,1,0,0,1,0,0,4.13632E+20,5.35526E+21,7.83439E+15,4.83446E+16
38548,38549,8,3,25,61,2016,9,13,5,3,0,1,0,1,0,0,0,1,0,0,4.7489E+20,5.35378E+21,8.66118E+15,4.83367E+16
38549,38550,8,1,19,6,2016,9,22,6,3,9,1,2,0,0,1,0,0,0,0,5.39142E+20,5.42146E+21,9.53456E+15,4.89448E+16
38550,38551,8,4,17,31,2016,9,17,3,3,4,7,0,0,0,1,0,0,0,0,5.00524E+20,5.35531E+21,9.00707E+15,4.8351E+16
38551,38552,8,2,31,0,2016,9,21,6,2,7,3,2,0,0,1,0,1,0,0,4.75581E+20,5.41425E+21,8.66695E+15,4.88807E+16
38552,38553,8,1,11,0,2016,9,19,4,3,2,6,2,0,0,1,0,0,0,0,5.15162E+20,5.40494E+21,9.20646E+15,4.87972E+16
38553,38554,8,2,37,54,2016,9,8,3,3,5,3,0,1,0,1,0,0,0,0,4.67073E+20,5.37516E+21,8.55402E+15,4.85286E+16
38554,38555,8,1,11,0,2016,9,22,3,3,2,6,2,0,0,1,0,0,1,0,5.17541E+20,5.39374E+21,9.23837E+15,4.86965E+16
38555,38556,8,1,11,0,2016,9,9,3,3,2,6,0,1,0,1,0,0,0,0,5.1633E+20,5.40403E+21,9.22233E+15,4.87891E+16
38556,38557,8,3,35,81,2016,9,19,5,3,2,6,1,0,0,1,0,0,0,0,4.90028E+20,5.29531E+21,8.86681E+15,4.78111E+16
38557,38558,8,2,36,70,2016,9,15,7,3,1,5,0,0,0,1,0,0,0,0,4.70608E+20,5.41608E+21,8.59898E+15,4.8897E+16
38558,38559,8,4,36,8,2016,9,12,4,3,5,3,0,0,1,1,0,0,0,0,5.47858E+20,5.30862E+21,9.64069E+15,4.79291E+16
38559,38560,8,4,35,16,2016,9,6,6,3,2,6,1,0,0,1,0,0,0,0,5.38916E+20,5.27953E+21,9.51838E+15,4.7668E+16
38560,38561,8,2,26,84,2016,9,7,4,3,2,6,0,0,0,1,0,0,0,0,4.67327E+20,5.46687E+21,8.5501E+15,4.93537E+16
38561,38562,8,1,35,19,2016,9,15,5,3,1,6,0,0,0,1,0,0,0,0,5.84188E+20,5.39242E+21,1.01437E+16,4.86791E+16
38562,38563,8,2,16,15,2016,9,18,6,3,2,6,0,0,0,1,0,0,0,0,4.50027E+20,5.40541E+21,8.31949E+15,4.87997E+16
38563,38564,8,2,25,14,2016,9,6,2,3,8,1,2,1,0,1,0,0,0,0,5.24469E+20,5.48551E+21,9.33809E+15,4.95217E+16
38564,38565,8,1,25,56,2016,9,6,2,3,4,1,1,1,0,1,0,0,0,0,5.14879E+20,5.43475E+21,9.20369E+15,4.90654E+16
38565,38566,8,1,17,33,2016,9,14,6,3,2,6,0,0,0,1,0,0,0,0,5.58169E+20,5.38815E+21,9.78966E+15,4.86437E+16
38566,38567,8,3,27,18,2016,9,0,3,1,8,1,2,1,0,1,0,0,1,0,4.73003E+20,5.30842E+21,8.63859E+15,4.79286E+16
38567,38568,8,1,11,0,2016,9,12,6,3,2,6,0,0,0,1,0,0,0,0,5.13185E+20,5.40346E+21,9.17948E+15,4.8784E+16
38568,38569,8,1,28,45,2016,10,15,7,3,9,1,0,1,0,1,0,0,0,0,5.55965E+20,5.50303E+21,9.77573E+15,4.96772E+16
38569,38570,8,2,22,0,2016,9,13,3,2,6,4,0,0,0,1,1,0,0,0,4.68372E+20,5.47944E+21,8.56349E+15,4.94668E+16
38570,38571,8,1,15,51,2016,9,16,3,2,5,2,0,0,0,1,0,0,0,1,5.028E+20,5.38743E+21,9.03801E+15,4.86399E+16
38571,38572,8,2,26,105,2016,9,13,5,3,2,6,0,0,0,1,0,0,0,0,4.70958E+20,5.47621E+21,8.59942E+15,4.94378E+16
38572,38573,8,2,25,32,2016,9,14,1,2,8,1,0,0,0,0,0,1,0,0,5.37265E+20,5.49624E+21,9.5159E+15,4.96175E+16
38573,38574,8,3,37,106,2016,9,13,4,3,8,7,0,0,0,1,0,0,0,0,4.60565E+20,5.29051E+21,8.47371E+15,4.77668E+16
38574,38575,8,2,26,28,2016,9,15,4,3,6,4,0,0,0,1,1,0,0,0,4.71229E+20,5.48356E+21,8.60262E+15,4.9504E+16
38575,38576,8,1,16,11,2016,9,14,1,3,5,2,0,0,1,1,0,0,0,0,5.29229E+20,5.37946E+21,9.39619E+15,4.85676E+16
38576,38577,8,1,27,79,2016,9,22,7,2,6,4,2,0,0,1,1,0,0,0,5.62762E+20,5.42177E+21,9.85715E+15,4.89457E+16
38577,38578,8,4,16,36,2016,9,7,2,3,1,6,1,1,0,1,0,0,0,0,4.96479E+20,5.37073E+21,8.95235E+15,4.84897E+16
38578,38579,8,4,37,65,2016,9,12,6,3,5,3,0,0,0,1,0,0,0,0,5.14804E+20,5.31673E+21,9.19847E+15,4.80037E+16
38579,38580,8,1,36,20,2016,9,1,6,3,8,1,2,0,0,1,0,0,0,0,5.64606E+20,5.41408E+21,9.88111E+15,4.88763E+16
38580,38581,8,4,16,48,2016,9,20,1,3,2,6,2,0,0,1,0,0,0,0,4.92005E+20,5.37839E+21,8.89165E+15,4.85586E+16
38581,38582,8,4,26,45,2016,9,9,4,3,1,7,0,0,0,0,0,1,1,0,5.31444E+20,5.32832E+21,9.42241E+15,4.81073E+16
38582,38583,8,3,17,1,2016,9,16,4,2,8,7,0,0,0,0,0,0,1,0,4.26608E+20,5.385E+21,8.00427E+15,4.86137E+16
38583,38584,8,4,21,0,2016,9,16,2,3,3,6,0,0,0,1,0,0,0,1,5.68237E+20,5.35196E+21,9.92042E+15,4.83171E+16
38584,38585,8,1,21,0,2016,9,15,5,3,1,6,0,0,0,1,0,0,0,1,5.16426E+20,5.44621E+21,9.22533E+15,4.91685E+16
38585,38586,8,1,18,78,2016,9,19,6,3,2,1,1,0,0,1,0,0,0,0,5.14027E+20,5.42055E+21,9.19153E+15,4.89377E+16
38586,38587,8,1,15,3,2016,9,17,2,2,4,6,0,0,0,1,0,0,0,1,5.00515E+20,5.38942E+21,9.00699E+15,4.86578E+16
38587,38588,8,1,16,48,2016,9,11,2,3,8,6,0,0,0,1,0,0,0,0,5.32295E+20,5.39072E+21,9.43863E+15,4.86687E+16
38588,38589,8,1,11,0,2016,9,17,2,3,0,1,0,0,1,0,0,0,0,0,5.06636E+20,5.40346E+21,9.09034E+15,4.87841E+16
38589,38590,8,3,15,113,2016,9,14,1,2,8,1,0,0,0,0,0,0,0,1,4.40092E+20,5.30943E+21,8.1979E+15,4.79354E+16
38590,38591,8,3,11,0,2016,9,6,3,3,2,1,2,1,0,1,0,0,0,0,4.08133E+20,5.31671E+21,7.76853E+15,4.79971E+16
38591,38592,8,4,35,16,2016,9,7,5,3,4,6,0,0,1,0,0,0,0,0,5.33345E+20,5.27848E+21,9.44409E+15,4.76589E+16
38592,38593,8,1,36,79,2016,9,15,5,2,4,1,0,0,0,1,0,1,0,0,5.57801E+20,5.40111E+21,9.78649E+15,4.87603E+16
38593,38594,8,1,19,20,2016,10,16,7,2,3,7,0,1,0,1,0,0,0,1,5.19193E+20,5.40656E+21,9.26142E+15,4.88117E+16
38594,38595,8,2,15,9,2016,9,7,3,3,2,6,0,1,0,1,0,0,0,0,4.65628E+20,5.43939E+21,8.52907E+15,4.91064E+16
38595,38596,8,2,26,98,2016,9,7,5,3,0,1,0,0,1,0,0,0,0,0,4.79426E+20,5.46087E+21,8.71701E+15,4.93003E+16
38596,38597,8,1,25,6,2016,9,11,1,3,2,6,0,0,0,1,0,0,0,0,5.07119E+20,5.44937E+21,9.09771E+15,4.91971E+16
38597,38598,8,3,25,9,2016,9,7,4,3,1,7,0,0,0,1,0,1,0,0,4.67192E+20,5.34299E+21,8.55814E+15,4.82393E+16
38598,38599,8,1,35,19,2016,9,18,4,3,3,6,0,0,0,1,0,1,0,0,5.85391E+20,5.39334E+21,1.01602E+16,4.86873E+16
38599,38600,8,4,15,27,2016,9,15,7,3,8,1,0,0,0,0,0,1,0,0,5.26022E+20,5.35893E+21,9.35146E+15,4.8383E+16
38600,38601,8,1,26,56,2016,9,18,7,3,0,6,0,0,0,0,0,1,0,0,5.57192E+20,5.46695E+21,9.78751E+15,4.93526E+16
38601,38602,8,3,35,66,2016,9,11,2,3,0,1,0,0,1,0,0,0,0,0,5.04734E+20,5.28261E+21,9.06309E+15,4.76968E+16
38602,38603,8,4,26,21,2016,9,15,6,2,8,1,0,0,0,1,0,0,0,0,5.60009E+20,5.33051E+21,9.80642E+15,4.8125E+16
38603,38604,8,1,25,102,2016,9,8,6,2,2,6,0,0,0,1,0,0,1,1,5.2485E+20,5.44545E+21,9.34084E+15,4.91613E+16
38604,38605,8,3,16,37,2016,9,19,6,3,2,6,1,0,0,1,0,0,0,0,4.06842E+20,5.33438E+21,7.74737E+15,4.81559E+16
38605,38606,8,1,16,78,2016,9,17,4,3,2,6,0,0,0,1,0,0,0,0,5.09599E+20,5.3933E+21,9.13044E+15,4.86927E+16
38606,38607,8,4,15,28,2016,9,17,1,2,8,1,0,0,0,0,0,1,0,0,5.32794E+20,5.37409E+21,9.4441E+15,4.85191E+16
38607,38608,8,2,31,0,2016,9,18,1,2,5,2,1,0,0,1,0,0,0,0,4.75982E+20,5.41549E+21,8.67233E+15,4.88919E+16
38608,38609,8,1,17,25,2016,9,10,3,3,4,6,0,0,0,1,0,0,0,0,5.5624E+20,5.39115E+21,9.76389E+15,4.86708E+16
38609,38610,8,4,15,87,2016,9,8,5,2,2,6,0,0,0,1,0,0,0,0,5.12772E+20,5.38088E+21,9.17317E+15,4.85809E+16
38610,38611,8,2,36,46,2016,9,13,7,3,2,6,0,0,0,1,0,0,0,0,4.83944E+20,5.41839E+21,8.78084E+15,4.89183E+16
38611,38612,8,3,35,2,2016,9,13,6,3,2,6,0,0,0,1,0,0,0,1,5.07646E+20,5.28368E+21,9.10192E+15,4.77065E+16
38612,38613,8,1,11,0,2016,9,8,2,3,3,6,0,1,0,1,0,1,0,0,5.13232E+20,5.4037E+21,9.18014E+15,4.87861E+16
38613,38614,8,1,18,7,2016,9,15,4,3,5,2,0,0,0,1,0,1,0,0,5.1089E+20,5.42683E+21,9.14887E+15,4.89943E+16
38614,38615,8,4,36,49,2016,9,18,1,3,0,1,0,0,0,0,0,1,0,1,5.75095E+20,5.28311E+21,1.00008E+16,4.7697E+16
38615,38616,8,2,12,0,2016,9,6,1,2,2,6,1,0,0,1,0,0,0,0,4.51612E+20,5.4304E+21,8.33811E+15,4.90246E+16
38616,38617,8,4,21,0,2016,9,16,5,3,2,6,0,0,0,1,0,0,0,0,5.68887E+20,5.35689E+21,9.93E+15,4.83614E+16
38617,38618,8,2,26,82,2016,9,14,7,2,8,1,0,0,0,0,0,1,0,0,4.81531E+20,5.48071E+21,8.74503E+15,4.94788E+16
38618,38619,8,1,18,71,2016,9,16,5,3,2,6,0,0,0,1,0,0,0,0,5.09433E+20,5.41863E+21,9.12876E+15,4.89205E+16
38619,38620,8,1,16,78,2016,10,11,7,3,5,3,0,0,1,1,0,0,0,0,5.10438E+20,5.39345E+21,9.14184E+15,4.8694E+16
38620,38621,8,2,16,43,2016,9,11,5,3,5,3,0,0,1,1,0,0,0,0,4.41475E+20,5.41053E+21,8.20231E+15,4.8845E+16
38621,38622,8,1,17,49,2016,9,0,7,3,4,6,2,0,0,1,0,0,0,0,5.56056E+20,5.39246E+21,9.76157E+15,4.86827E+16
38622,38623,8,1,25,107,2016,9,6,4,3,5,3,0,0,0,1,0,1,0,0,5.33645E+20,5.43649E+21,9.46074E+15,4.90803E+16
38623,38624,8,3,35,43,2016,9,14,7,3,0,1,0,0,1,0,0,0,0,0,5.1355E+20,5.27945E+21,9.18049E+15,4.76683E+16
38624,38625,8,1,25,78,2016,9,17,7,3,4,2,0,0,0,1,0,0,0,0,5.19507E+20,5.45394E+21,9.26798E+15,4.92379E+16
38625,38626,8,3,17,31,2016,9,12,2,2,5,2,0,0,0,0,0,1,0,1,4.15064E+20,5.36024E+21,7.85271E+15,4.83896E+16
38626,38627,8,3,37,39,2016,9,10,6,2,5,3,0,0,0,1,0,1,0,0,4.43275E+20,5.29389E+21,8.24255E+15,4.77959E+16
38627,38628,8,1,19,38,2016,9,14,6,3,0,7,0,1,0,0,0,1,0,1,5.24347E+20,5.42058E+21,9.33245E+15,4.89376E+16
38628,38629,8,2,16,7,2016,9,2,6,3,8,7,2,0,0,0,0,0,0,1,4.34569E+20,5.39811E+21,8.11018E+15,4.87325E+16
38629,38630,8,1,11,0,2016,9,8,4,3,2,6,0,0,0,1,0,0,0,0,5.16918E+20,5.40985E+21,9.23057E+15,4.88414E+16
38630,38631,8,3,27,38,2016,9,15,1,3,5,3,0,0,0,1,0,1,0,0,4.94616E+20,5.31414E+21,8.92786E+15,4.79806E+16
38631,38632,8,2,11,0,2016,9,7,3,3,5,3,0,0,0,1,0,0,0,0,4.43356E+20,5.4021E+21,8.22912E+15,4.87693E+16
38632,38633,8,1,15,45,2016,9,20,3,3,8,1,2,0,0,0,0,1,0,0,4.9886E+20,5.3948E+21,8.9845E+15,4.87062E+16
38633,38634,8,3,35,79,2016,9,20,5,3,5,3,2,0,0,1,0,0,0,0,4.99582E+20,5.2987E+21,8.99442E+15,4.78417E+16
38634,38635,8,2,22,0,2016,9,16,7,3,5,3,0,0,1,1,0,0,0,0,4.62939E+20,5.4829E+21,8.48818E+15,4.94976E+16
38635,38636,8,1,11,0,2016,9,17,5,3,5,2,0,0,0,1,0,0,0,0,5.13431E+20,5.40259E+21,9.18281E+15,4.87761E+16
38636,38637,8,4,36,64,2016,9,13,6,3,2,6,0,0,0,1,0,0,0,0,5.44931E+20,5.2923E+21,9.59981E+15,4.77825E+16
38637,38638,8,3,17,96,2016,9,14,4,3,3,6,0,0,0,1,0,0,0,0,4.18878E+20,5.37019E+21,7.90228E+15,4.84796E+16
38638,38639,8,1,36,62,2016,9,16,5,3,8,1,0,0,1,0,0,0,0,0,5.66805E+20,5.41344E+21,9.911E+15,4.88703E+16
38639,38640,8,1,18,48,2016,9,7,4,3,5,2,1,0,1,1,0,0,0,0,5.1426E+20,5.41462E+21,9.19451E+15,4.88843E+16
38640,38641,8,2,37,40,2016,9,11,2,3,5,3,0,0,0,1,0,0,1,0,4.72705E+20,5.36795E+21,8.63078E+15,4.84641E+16
38641,38642,8,1,17,26,2016,9,17,5,2,3,6,0,0,0,1,0,0,0,0,5.487E+20,5.39351E+21,9.66176E+15,4.86927E+16
38642,38643,8,1,11,0,2016,10,20,7,3,2,6,1,1,0,1,0,0,0,0,5.15621E+20,5.40528E+21,9.21272E+15,4.88003E+16
38643,38644,8,4,16,36,2016,9,18,5,2,2,6,0,0,0,1,0,1,0,0,4.90569E+20,5.37373E+21,8.87229E+15,4.85166E+16