FID,OBJECTID,ULAND,UREGBEZ,UKREIS,UGEMEINDE,UJAHR,UMONAT,USTUNDE,UWOCHENTAG,UKATEGORIE,UART,UTYP1,ULICHTVERH,IstStrasse,IstRad,IstPKW,IstFuss,IstKrad,IstGkfz,IstSonstig,LINREFX,LINREFY,XGCSWGS84,YGCSWGS84
38644,38645,8,1,19,20,2016,9,15,4,3,2,6,0,0,0,1,0,0,0,0,5.18646E+20,5.40476E+21,9.25389E+15,4.87956E+16
38645,38646,8,3,36,50,2016,9,7,2,3,5,3,0,1,0,1,0,0,0,0,3.99229E+20,5.27552E+21,7.65877E+15,4.76253E+16
38646,38647,8,3,17,100,2016,9,14,7,3,1,6,0,0,0,1,0,0,0,0,4.23793E+20,5.3672E+21,7.96933E+15,4.84533E+16
38647,38648,8,1,25,5,2016,9,11,7,2,2,6,0,0,0,1,0,0,0,0,5.15629E+20,5.45368E+21,9.21469E+15,4.92357E+16
38648,38649,8,1,19,44,2016,9,17,6,3,5,3,0,0,0,1,0,1,0,0,5.44139E+20,5.4248E+21,9.60316E+15,4.89746E+16
38649,38650,8,4,15,73,2016,9,15,3,2,8,1,0,0,0,1,0,0,0,0,5.21901E+20,5.34902E+21,9.29528E+15,4.8294E+16
38650,38651,8,2,31,0,2016,9,7,6,3,5,3,0,0,0,1,0,0,0,1,4.77775E+20,5.41725E+21,8.6967E+15,4.89078E+16
38651,38652,8,4,36,6,2016,9,16,3,3,5,3,0,0,0,1,0,0,0,0,5.56896E+20,5.28278E+21,9.75829E+15,4.76959E+16
38652,38653,8,2,36,40,2016,9,6,3,3,2,6,1,1,0,1,0,0,0,0,4.88708E+20,5.42154E+21,8.84578E+15,4.89466E+16
38653,38654,8,1,27,23,2016,9,11,3,3,9,1,0,1,0,1,0,0,0,0,5.50535E+20,5.4268E+21,9.6908E+15,4.89921E+16
38654,38655,8,4,36,52,2016,9,6,2,3,5,2,2,0,0,1,0,0,0,0,5.65768E+20,5.29381E+21,9.87818E+15,4.77943E+16
38655,38656,8,3,27,50,2016,9,22,5,3,5,3,2,0,0,1,0,0,0,0,4.86847E+20,5.31469E+21,8.82373E+15,4.79854E+16
38656,38657,8,2,12,0,2016,9,9,1,3,5,3,0,0,0,1,0,1,0,0,4.52986E+20,5.43031E+21,8.35691E+15,4.90239E+16
38657,38658,8,4,35,29,2016,9,7,4,3,4,6,0,0,0,1,0,1,1,0,5.44172E+20,5.27304E+21,9.58774E+15,4.76093E+16
38658,38659,8,2,15,102,2016,9,6,4,2,5,3,1,0,0,1,0,1,0,0,4.55301E+20,5.43625E+21,8.38793E+15,4.90775E+16
38659,38660,8,1,26,47,2016,9,9,5,3,4,2,0,0,0,1,0,0,0,1,5.49967E+20,5.45016E+21,9.68592E+15,4.92022E+16
38660,38661,8,2,12,0,2016,9,13,6,3,6,4,0,0,1,0,1,0,0,0,4.55711E+20,5.42824E+21,8.39442E+15,4.90054E+16
38661,38662,8,2,16,41,2016,9,16,2,3,5,3,0,0,0,1,0,0,0,0,4.34163E+20,5.39229E+21,8.10559E+15,4.86802E+16
38662,38663,8,1,18,73,2016,9,9,2,3,8,1,0,0,0,1,0,0,0,0,4.95912E+20,5.41967E+21,8.94419E+15,4.893E+16
38663,38664,8,1,16,77,2016,9,11,6,3,2,6,0,0,0,1,0,0,0,0,5.17468E+20,5.39135E+21,9.23729E+15,4.8675E+16
38664,38665,8,3,17,96,2016,9,17,1,2,2,6,0,0,0,1,0,0,0,1,4.20996E+20,5.36747E+21,7.93146E+15,4.84554E+16
38665,38666,8,3,17,41,2016,9,17,3,3,2,2,0,0,0,1,0,0,0,0,4.40391E+20,5.34838E+21,8.19646E+15,4.82858E+16
38666,38667,8,4,37,107,2016,9,6,5,3,8,1,0,0,0,1,0,0,0,0,5.07665E+20,5.33326E+21,9.10306E+15,4.81525E+16
38667,38668,8,2,25,109,2016,10,15,7,1,5,3,0,0,0,1,0,0,0,0,5.23599E+20,5.49691E+21,9.32675E+15,4.96243E+16
38668,38669,8,2,16,43,2016,9,7,3,3,2,6,0,1,0,1,0,0,0,0,4.40612E+20,5.41155E+21,8.19041E+15,4.88541E+16
38669,38670,8,1,26,66,2016,9,20,2,3,1,6,2,0,0,1,0,0,0,0,5.36103E+20,5.44898E+21,9.49551E+15,4.91926E+16
38670,38671,8,1,18,79,2016,9,21,6,3,2,6,2,0,0,1,0,0,0,0,5.09083E+20,5.42002E+21,9.12402E+15,4.8933E+16
38671,38672,8,4,36,64,2016,9,6,3,2,6,4,1,1,0,1,1,0,0,0,5.3867E+20,5.29327E+21,9.51632E+15,4.77917E+16
38672,38673,8,1,16,42,2016,9,16,6,3,3,6,0,0,0,1,0,1,0,0,5.18551E+20,5.38067E+21,9.25151E+15,4.85788E+16
38673,38674,8,2,25,82,2016,9,13,6,3,2,6,0,0,0,1,0,0,0,1,5.3491E+20,5.47789E+21,9.48167E+15,4.94526E+16
38674,38675,8,2,22,0,2016,9,16,3,3,5,3,0,0,0,1,0,0,0,0,4.62115E+20,5.48504E+21,8.4766E+15,4.95168E+16
38675,38676,8,1,18,81,2016,9,7,3,3,4,2,0,1,0,1,0,0,0,0,5.1835E+20,5.41171E+21,9.25017E+15,4.88581E+16
38676,38677,8,4,35,35,2016,9,15,2,3,2,6,0,0,0,1,0,1,0,0,5.39897E+20,5.28006E+21,9.53149E+15,4.76727E+16
38677,38678,8,3,16,14,2016,9,9,5,3,5,3,0,0,0,1,0,0,0,0,4.25728E+20,5.33105E+21,8.00185E+15,4.81284E+16
38678,38679,8,4,17,79,2016,9,16,5,3,8,1,0,0,0,0,0,1,0,0,5.01672E+20,5.33987E+21,9.02251E+15,4.82121E+16
38679,38680,8,1,18,48,2016,9,15,1,2,9,1,0,0,0,0,0,1,0,0,5.11657E+20,5.41841E+21,9.15912E+15,4.89185E+16
38680,38681,8,4,16,41,2016,9,12,4,2,0,2,0,0,1,0,0,0,0,1,5.05395E+20,5.37335E+21,9.07305E+15,4.85132E+16
38681,38682,8,2,26,95,2016,9,8,4,2,5,3,0,0,1,1,0,0,0,0,4.74292E+20,5.46084E+21,8.64639E+15,4.92998E+16
38682,38683,8,4,17,8,2016,9,18,2,3,4,1,0,0,0,1,0,1,0,0,4.95144E+20,5.35267E+21,8.93449E+15,4.83272E+16
38683,38684,8,1,19,20,2016,9,20,5,3,4,2,2,0,0,1,0,0,0,0,5.19823E+20,5.4091E+21,9.27013E+15,4.88346E+16
38684,38685,8,1,18,63,2016,9,17,6,3,2,6,0,0,0,1,0,0,0,0,5.15625E+20,5.42254E+21,9.21344E+15,4.89556E+16
38685,38686,8,1,11,0,2016,9,7,2,3,2,6,0,1,0,1,0,0,0,0,5.10655E+20,5.39516E+21,9.14484E+15,4.87094E+16
38686,38687,8,1,16,81,2016,9,11,2,2,8,1,0,1,0,1,0,0,0,0,5.16877E+20,5.38709E+21,9.22908E+15,4.86366E+16
38687,38688,8,4,36,85,2016,9,15,1,2,8,1,0,0,0,1,0,1,0,0,5.58392E+20,5.29454E+21,9.7798E+15,4.78016E+16
38688,38689,8,2,26,85,2016,9,17,1,3,2,6,0,0,0,1,0,0,0,0,4.9121E+20,5.45454E+21,8.87924E+15,4.92435E+16
38689,38690,8,4,26,87,2016,9,11,5,3,2,6,0,0,0,1,0,0,0,0,5.70928E+20,5.32468E+21,9.95215E+15,4.80715E+16
38690,38691,8,2,22,0,2016,9,18,7,3,4,1,0,0,0,1,0,0,0,0,4.69713E+20,5.47841E+21,8.58208E+15,4.94576E+16
38691,38692,8,1,36,34,2016,9,10,5,2,5,3,0,0,0,1,0,0,0,0,5.6529E+20,5.408E+21,9.88947E+15,4.88215E+16
38692,38693,8,1,17,18,2016,10,0,7,2,9,1,2,0,0,1,0,0,0,0,5.37797E+20,5.39552E+21,9.5138E+15,4.87116E+16
38693,38694,8,2,22,0,2016,9,11,5,3,2,6,0,0,0,1,0,0,0,0,4.63246E+20,5.47852E+21,8.49284E+15,4.94582E+16
38694,38695,8,1,19,67,2016,9,18,1,3,2,6,0,0,0,1,0,0,0,0,5.37585E+20,5.40871E+21,9.51212E+15,4.88302E+16
38695,38696,8,1,17,24,2016,9,18,7,2,2,6,0,0,1,1,0,0,0,0,5.56868E+20,5.38151E+21,9.7711E+15,4.85841E+16
38696,38697,8,3,17,31,2016,9,7,4,3,3,2,1,0,1,1,0,0,0,0,4.15224E+20,5.36005E+21,7.85491E+15,4.83879E+16
38697,38698,8,1,28,115,2016,9,8,4,3,1,5,0,0,0,1,0,0,0,0,5.49831E+20,5.49438E+21,9.68961E+15,4.96E+16
38698,38699,8,3,16,37,2016,9,9,7,3,2,6,0,0,0,1,0,0,0,0,4.08135E+20,5.33355E+21,7.76493E+15,4.81486E+16
38699,38700,8,3,26,10,2016,9,11,2,3,4,6,0,0,0,1,0,0,1,0,4.66882E+20,5.32657E+21,8.55524E+15,4.80915E+16
38700,38701,8,4,16,36,2016,10,21,6,3,3,6,2,0,0,1,0,0,0,0,4.85974E+20,5.37008E+21,8.8102E+15,4.84837E+16
38701,38702,8,4,16,36,2016,10,18,1,2,2,6,0,0,0,1,0,1,0,0,4.92877E+20,5.37128E+21,8.90359E+15,4.84946E+16
38702,38703,8,3,35,2,2016,10,17,5,2,5,3,0,0,1,1,0,0,0,0,5.0541E+20,5.28515E+21,9.07213E+15,4.77197E+16
38703,38704,8,2,15,103,2016,10,17,5,3,4,3,0,0,0,1,0,0,0,1,4.65376E+20,5.44069E+21,8.5255E+15,4.91181E+16
38704,38705,8,2,35,79,2016,10,2,1,2,8,1,2,0,0,1,0,0,0,0,4.69585E+20,5.40191E+21,8.58608E+15,4.87694E+16
38705,38706,8,3,15,76,2016,10,17,4,3,3,6,0,0,0,1,0,0,1,0,3.91507E+20,5.29668E+21,7.55076E+15,4.78143E+16
38706,38707,8,4,15,85,2016,10,9,7,3,4,6,0,0,0,1,0,1,0,0,5.35345E+20,5.34597E+21,9.47628E+15,4.82659E+16
38707,38708,8,4,15,29,2016,10,11,2,3,9,1,0,0,0,1,0,0,1,0,5.2245E+20,5.37897E+21,9.30428E+15,4.85635E+16
38708,38709,8,1,18,48,2016,10,14,2,3,3,6,0,0,0,1,0,0,0,1,5.14207E+20,5.41648E+21,9.19385E+15,4.89011E+16
38709,38710,8,3,11,0,2016,10,21,2,3,4,6,2,0,0,1,0,0,0,0,4.14748E+20,5.31961E+21,7.8566E+15,4.80241E+16
38710,38711,8,3,11,0,2016,10,16,4,3,2,6,0,0,1,1,0,0,0,0,4.14026E+20,5.31557E+21,7.84773E+15,4.79876E+16
38711,38712,8,3,17,31,2016,10,21,2,2,0,7,2,0,0,1,1,0,0,0,4.1408E+20,5.36071E+21,7.83932E+15,4.83937E+16
38712,38713,8,1,36,28,2016,10,17,2,3,5,3,0,0,0,1,0,0,0,0,5.68723E+20,5.40505E+21,9.93575E+15,4.87946E+16
38713,38714,8,1,25,24,2016,10,14,1,2,5,3,0,0,0,1,0,1,0,0,5.22421E+20,5.44408E+21,9.30746E+15,4.91491E+16
38714,38715,8,1,26,11,2016,10,19,1,3,1,5,2,0,0,1,0,0,0,1,5.28161E+20,5.44627E+21,9.38632E+15,4.91686E+16
38715,38716,8,1,16,77,2016,10,14,6,3,5,3,0,0,0,1,0,0,1,0,5.15959E+20,5.3915E+21,9.21679E+15,4.86763E+16
38716,38717,8,1,35,19,2016,10,9,7,3,5,3,0,0,1,1,0,0,0,0,5.84449E+20,5.39238E+21,1.01472E+16,4.86788E+16
38717,38718,8,2,37,4,2016,10,14,6,3,5,3,0,0,0,1,0,0,0,0,4.54039E+20,5.37159E+21,8.37788E+15,4.84958E+16
38718,38719,8,2,21,0,2016,10,3,7,2,4,6,2,1,0,1,0,0,0,0,4.73374E+20,5.46804E+21,8.63329E+15,4.93644E+16
38719,38720,8,1,17,51,2016,10,9,5,3,1,2,0,0,1,0,0,0,0,1,5.43007E+20,5.39501E+21,9.58456E+15,4.87066E+16
38720,38721,8,4,16,36,2016,10,21,1,3,3,6,2,0,0,1,0,0,0,0,4.91843E+20,5.37694E+21,8.88948E+15,4.85455E+16
38721,38722,8,3,15,74,2016,10,7,4,3,5,3,0,0,0,1,0,0,0,0,3.96794E+20,5.29839E+21,7.62096E+15,4.78306E+16
38722,38723,8,1,16,35,2016,10,20,2,3,5,3,2,0,1,1,0,0,0,0,5.26979E+20,5.39192E+21,9.36651E+15,4.86797E+16
38723,38724,8,2,15,102,2016,10,8,4,3,2,6,0,0,0,1,0,0,0,0,4.56736E+20,5.43818E+21,8.40737E+15,4.90949E+16
38724,38725,8,2,31,0,2016,10,15,2,3,0,6,0,0,0,1,0,1,0,0,4.77618E+20,5.41551E+21,8.69466E+15,4.88922E+16
38725,38726,8,2,31,0,2016,10,10,4,3,1,6,0,0,0,1,0,0,0,0,4.75342E+20,5.41653E+21,8.66354E+15,4.89012E+16
38726,38727,8,3,37,118,2016,10,19,7,1,9,1,1,0,0,1,0,0,0,0,4.4234E+20,5.27817E+21,8.23214E+15,4.76544E+16
38727,38728,8,1,21,0,2016,10,7,4,3,2,7,2,0,0,1,0,0,0,0,5.15283E+20,5.44631E+21,9.20967E+15,4.91694E+16
38728,38729,8,2,11,0,2016,10,11,2,3,2,6,0,0,0,1,0,0,0,0,4.39517E+20,5.40601E+21,8.1763E+15,4.88041E+16
38729,38730,8,3,37,60,2016,10,23,2,3,7,7,2,0,0,0,0,1,0,0,4.69345E+20,5.27912E+21,8.59169E+15,4.76648E+16
38730,38731,8,1,17,14,2016,10,6,2,3,9,1,2,0,0,1,0,0,0,0,5.55093E+20,5.384E+21,9.74736E+15,4.86067E+16
38731,38732,8,2,15,25,2016,10,1,2,2,4,6,2,0,0,1,0,0,0,0,4.75286E+20,5.43326E+21,8.66176E+15,4.90517E+16
38732,38733,8,3,17,141,2016,10,9,4,3,3,1,0,0,0,1,0,0,0,0,4.21468E+20,5.37645E+21,7.93615E+15,4.85362E+16
38733,38734,8,3,15,15,2016,10,17,2,2,1,6,0,0,0,1,0,0,0,0,3.99737E+20,5.31369E+21,7.65671E+15,4.79687E+16
38734,38735,8,4,37,100,2016,10,11,3,3,0,7,0,0,0,0,0,1,0,0,5.39869E+20,5.31487E+21,9.53432E+15,4.79859E+16
38735,38736,8,1,27,14,2016,10,14,2,2,2,6,0,1,0,1,0,0,0,0,5.77936E+20,5.44357E+21,1.00685E+16,4.914E+16
38736,38737,8,3,17,47,2016,10,14,3,3,4,2,0,1,0,1,0,1,0,0,4.1775E+20,5.36322E+21,7.8884E+15,4.84168E+16
38737,38738,8,1,17,24,2016,10,19,1,3,1,6,2,0,0,1,0,0,0,0,5.60707E+20,5.38585E+21,9.82378E+15,4.86227E+16
38738,38739,8,1,25,46,2016,10,14,1,3,5,3,0,0,0,1,0,0,0,0,5.19541E+20,5.43399E+21,9.26747E+15,4.90584E+16
38739,38740,8,1,15,13,2016,10,10,6,3,5,3,0,0,0,1,0,0,0,0,4.94538E+20,5.38854E+21,8.92584E+15,4.86499E+16
38740,38741,8,1,19,75,2016,10,15,7,3,8,1,0,0,0,0,0,1,0,0,5.37149E+20,5.43019E+21,9.50813E+15,4.90235E+16
38741,38742,8,2,11,0,2016,10,11,6,3,3,6,0,0,0,0,0,1,0,1,4.41974E+20,5.39608E+21,8.21116E+15,4.8715E+16
38742,38743,8,1,11,0,2016,10,6,5,3,2,7,1,0,0,1,0,0,0,0,5.12656E+20,5.39997E+21,9.17218E+15,4.87526E+16
38743,38744,8,2,15,21,2016,10,23,3,3,2,6,2,0,0,1,0,0,0,0,4.69152E+20,5.44325E+21,8.57705E+15,4.91413E+16
38744,38745,8,1,26,69,2016,10,17,3,3,5,3,0,0,0,1,0,0,0,0,5.41435E+20,5.4435E+21,9.56813E+15,4.9143E+16
38745,38746,8,4,35,16,2016,10,20,1,3,5,3,2,0,0,1,0,1,0,0,5.33107E+20,5.28035E+21,9.44106E+15,4.76757E+16
38746,38747,8,3,17,1,2016,10,9,4,3,4,6,0,0,0,1,0,0,0,1,4.26532E+20,5.38491E+21,8.00324E+15,4.8613E+16
38747,38748,8,1,25,65,2016,10,8,2,3,2,6,0,0,0,1,0,0,0,0,5.16397E+20,5.44771E+21,9.225E+15,4.9182E+16
38748,38749,8,2,21,0,2016,10,18,4,3,8,1,0,0,1,0,0,0,0,0,4.74396E+20,5.46939E+21,8.64728E+15,4.93767E+16
38749,38750,8,3,17,114,2016,10,19,7,3,5,3,2,0,0,1,0,0,0,0,4.06945E+20,5.34593E+21,7.74622E+15,4.82597E+16
38750,38751,8,1,18,40,2016,10,8,4,3,2,6,0,0,0,1,0,0,0,0,5.10173E+20,5.43227E+21,9.13921E+15,4.90432E+16
38751,38752,8,4,15,50,2016,10,10,3,3,2,6,0,0,0,1,0,0,1,0,5.19822E+20,5.37671E+21,9.26856E+15,4.85432E+16
38752,38753,8,2,31,0,2016,10,17,3,3,8,1,0,1,0,1,0,0,0,0,4.73637E+20,5.41802E+21,8.64018E+15,4.89145E+16
38753,38754,8,4,26,11,2016,10,6,6,3,4,2,2,1,0,1,0,0,0,0,5.51331E+20,5.33038E+21,9.68979E+15,4.81246E+16
38754,38755,8,4,36,10,2016,10,21,7,3,9,1,2,0,0,1,0,0,0,0,5.71205E+20,5.30424E+21,9.95249E+15,4.78875E+16
38755,38756,8,1,17,24,2016,10,22,2,3,0,1,2,1,0,0,0,1,0,0,5.60064E+20,5.38652E+21,9.81516E+15,4.86289E+16
38756,38757,8,4,25,20,2016,10,20,5,3,1,7,2,0,0,1,0,0,0,0,5.59082E+20,5.36101E+21,9.79822E+15,4.83995E+16
38757,38758,8,2,31,0,2016,10,16,5,3,3,6,0,0,0,1,0,0,0,0,4.77522E+20,5.41622E+21,8.6933E+15,4.88985E+16
38758,38759,8,3,37,96,2016,10,15,7,3,2,6,0,0,0,1,0,0,0,0,4.21892E+20,5.26797E+21,7.96169E+15,4.75605E+16
38759,38760,8,1,35,16,2016,10,12,6,3,3,2,0,0,1,1,0,0,0,0,5.91226E+20,5.38624E+21,1.02379E+16,4.86225E+16
38760,38761,8,4,25,20,2016,10,15,3,3,2,6,0,0,0,1,0,0,0,0,5.59676E+20,5.361E+21,9.80624E+15,4.83993E+16
38761,38762,8,3,15,130,2016,10,7,3,2,0,1,0,0,1,0,0,0,0,0,4.09779E+20,5.29994E+21,7.7941E+15,4.78464E+16
38762,38763,8,1,15,15,2016,10,15,1,3,0,3,0,0,1,1,0,0,0,0,4.91267E+20,5.38772E+21,8.88145E+15,4.86424E+16
38763,38764,8,1,11,0,2016,10,14,6,3,6,4,0,0,0,1,1,0,0,0,5.16651E+20,5.40582E+21,9.22677E+15,4.88052E+16
38764,38765,8,1,11,0,2016,10,20,7,3,9,1,2,1,0,1,0,0,0,0,5.08446E+20,5.40057E+21,9.11491E+15,4.87581E+16
38765,38766,8,3,15,30,2016,10,18,5,3,2,6,0,0,0,1,0,0,0,0,4.07111E+20,5.32586E+21,7.75284E+15,4.80792E+16
38766,38767,8,1,36,19,2016,10,14,6,3,5,3,0,0,1,1,0,0,0,0,5.82094E+20,5.42481E+21,1.01217E+16,4.89708E+16
38767,38768,8,1,27,25,2016,10,11,1,2,9,1,0,1,0,1,0,0,0,0,5.60376E+20,5.43057E+21,9.82588E+15,4.9025E+16
38768,38769,8,1,15,42,2016,10,13,3,3,1,6,0,0,0,0,0,0,1,0,4.96091E+20,5.40515E+21,8.94676E+15,4.87994E+16
38769,38770,8,1,19,67,2016,10,5,3,3,2,6,2,0,0,1,0,0,1,0,5.39646E+20,5.4102E+21,9.54035E+15,4.88435E+16
38770,38771,8,3,11,0,2016,10,13,1,3,1,6,0,1,0,1,0,0,0,0,4.11427E+20,5.32384E+21,7.81119E+15,4.80616E+16
38771,38772,8,1,36,65,2016,10,16,4,2,6,4,0,0,0,1,1,0,0,0,5.62077E+20,5.40782E+21,9.84567E+15,4.88203E+16
38772,38773,8,2,22,0,2016,10,9,1,2,1,6,0,0,0,1,0,0,0,0,4.66635E+20,5.47928E+21,8.53954E+15,4.94652E+16
38773,38774,8,1,27,73,2016,10,19,2,2,4,1,2,0,0,1,0,0,0,0,5.78091E+20,5.44827E+21,1.00716E+16,4.91822E+16
38774,38775,8,2,21,0,2016,10,23,7,2,3,3,2,0,0,1,0,0,0,0,4.73471E+20,5.47452E+21,8.63418E+15,4.94227E+16
38775,38776,8,1,16,77,2016,10,19,4,3,5,3,2,0,0,1,0,0,0,0,5.16622E+20,5.38978E+21,9.22573E+15,4.86608E+16
38776,38777,8,4,36,64,2016,10,6,3,3,5,3,2,1,0,1,0,0,0,0,5.44831E+20,5.28696E+21,9.59793E+15,4.77345E+16
38777,38778,8,4,37,88,2016,10,16,2,1,8,1,0,1,0,1,0,0,0,0,5.2206E+20,5.31392E+21,9.2956E+15,4.79782E+16
38778,38779,8,4,16,41,2016,10,19,6,3,5,2,2,0,0,1,0,0,0,1,5.04631E+20,5.37184E+21,9.06269E+15,4.84997E+16
38779,38780,8,4,35,24,2016,10,11,1,1,5,3,0,1,0,1,0,0,0,0,5.26835E+20,5.27917E+21,9.35744E+15,4.76654E+16
38780,38781,8,3,35,35,2016,10,8,5,3,5,3,0,0,0,0,0,1,1,0,4.83291E+20,5.28992E+21,8.77702E+15,4.77624E+16
38781,38782,8,2,25,24,2016,10,14,5,3,5,6,0,0,0,0,0,0,1,0,5.11823E+20,5.47889E+21,9.16316E+15,4.94626E+16
38782,38783,8,3,17,65,2016,10,17,1,3,8,7,0,0,0,1,0,0,0,0,4.1082E+20,5.35262E+21,7.79701E+15,4.83205E+16
38783,38784,8,4,36,95,2016,10,11,4,3,5,3,0,0,0,1,0,1,0,0,5.37313E+20,5.29388E+21,9.49826E+15,4.77972E+16
38784,38785,8,3,35,35,2016,10,12,7,3,8,1,0,0,0,0,0,1,0,0,4.79646E+20,5.29445E+21,8.72818E+15,4.78031E+16
38785,38786,8,4,26,128,2016,10,13,2,2,5,3,0,0,0,1,0,0,0,0,5.58767E+20,5.3334E+21,9.79012E+15,4.81511E+16
38786,38787,8,1,19,79,2016,10,16,2,2,4,2,0,0,0,1,0,1,0,0,5.24991E+20,5.40976E+21,9.3406E+15,4.88403E+16
38787,38788,8,3,17,1,2016,10,14,2,3,0,1,0,0,1,0,0,0,0,0,4.30048E+20,5.38596E+21,8.05076E+15,4.86228E+16
38788,38789,8,4,36,64,2016,10,16,2,2,0,7,0,0,0,0,0,0,0,1,5.47647E+20,5.28747E+21,9.63554E+15,4.77388E+16
38789,38790,8,3,26,12,2016,10,13,2,3,2,7,0,0,0,1,0,1,0,0,4.65518E+20,5.30827E+21,8.5384E+15,4.79268E+16
38790,38791,8,1,15,28,2016,10,21,2,3,2,6,2,1,0,1,0,0,0,0,4.99701E+20,5.40354E+21,8.99592E+15,4.87848E+16
38791,38792,8,1,19,68,2016,10,21,2,3,5,3,2,0,1,1,0,0,0,0,5.25583E+20,5.41388E+21,9.34891E+15,4.88773E+16
38792,38793,8,1,28,131,2016,10,7,3,3,8,1,1,0,0,1,0,0,0,0,5.32058E+20,5.5089E+21,9.44484E+15,4.97317E+16
38793,38794,8,1,16,77,2016,10,7,3,2,2,6,1,0,0,1,0,1,1,0,5.17835E+20,5.39087E+21,9.24224E+15,4.86706E+16
38794,38795,8,2,35,32,2016,10,17,2,3,8,1,0,0,0,0,0,1,0,0,4.74121E+20,5.37418E+21,8.64953E+15,4.85202E+16
38795,38796,8,1,27,14,2016,10,18,4,3,5,3,1,0,1,0,0,0,0,1,5.7742E+20,5.44371E+21,1.00615E+16,4.91413E+16
38796,38797,8,2,26,3,2016,10,15,1,3,1,6,0,1,0,1,0,0,0,1,4.60332E+20,5.46286E+21,8.45418E+15,4.93172E+16
38797,38798,8,1,25,46,2016,10,14,6,2,5,3,0,0,0,1,0,0,0,0,5.1999E+20,5.43409E+21,9.27362E+15,4.90594E+16
38798,38799,8,2,31,0,2016,10,11,7,3,0,2,0,0,0,1,0,0,0,1,4.77616E+20,5.41552E+21,8.69463E+15,4.88922E+16
38799,38800,8,1,11,0,2016,10,8,4,3,2,6,0,0,0,1,0,0,0,0,5.12867E+20,5.40587E+21,9.17523E+15,4.88057E+16
38800,38801,8,4,35,16,2016,10,12,6,3,3,6,0,0,1,0,0,0,0,0,5.36283E+20,5.27888E+21,9.48326E+15,4.76623E+16
38801,38802,8,3,37,128,2016,10,23,1,3,1,6,2,0,0,1,0,0,0,0,4.48682E+20,5.28526E+21,8.31576E+15,4.77187E+16
38802,38803,8,3,26,12,2016,10,15,5,2,2,2,0,0,0,1,0,0,0,0,4.62435E+20,5.30925E+21,8.49704E+15,4.79354E+16
38803,38804,8,2,15,47,2016,10,11,5,3,5,3,0,0,1,1,0,0,0,0,4.60366E+20,5.41211E+21,8.45962E+15,4.88607E+16
38804,38805,8,2,31,0,2016,10,17,1,3,2,6,0,0,0,1,0,0,0,0,4.79715E+20,5.41609E+21,8.72323E+15,4.88974E+16
38805,38806,8,3,36,81,2016,10,15,4,3,5,3,0,0,0,1,0,0,0,0,4.11071E+20,5.2772E+21,7.81601E+15,4.76421E+16
38806,38807,8,3,26,41,2016,10,15,7,2,9,1,0,0,0,0,0,1,0,0,4.63865E+20,5.33415E+21,8.51409E+15,4.81596E+16
38807,38808,8,4,16,41,2016,10,16,2,3,0,6,0,0,0,0,0,1,0,1,5.05088E+20,5.38215E+21,9.069E+15,4.85925E+16
38808,38809,8,4,16,48,2016,10,6,2,3,2,6,1,0,0,1,0,0,0,0,4.9183E+20,5.37772E+21,8.88929E+15,4.85525E+16
38809,38810,8,3,36,45,2016,10,17,2,2,5,3,0,0,1,1,0,0,0,0,3.99704E+20,5.28556E+21,7.66278E+15,4.77156E+16
38810,38811,8,3,15,47,2016,10,7,4,3,6,2,0,0,1,0,1,0,0,0,4.15339E+20,5.32105E+21,7.86425E+15,4.80371E+16
38811,38812,8,3,15,70,2016,10,16,2,3,2,6,0,0,0,1,0,0,0,0,4.54064E+20,5.30416E+21,8.38551E+15,4.78891E+16
38812,38813,8,1,35,26,2016,10,16,2,2,9,1,0,1,0,1,0,0,0,0,5.89629E+20,5.39478E+21,1.02181E+16,4.86996E+16
38813,38814,8,3,26,74,2016,10,21,3,3,8,1,2,1,0,1,0,0,0,0,4.65477E+20,5.32164E+21,8.53678E+15,4.80471E+16
38814,38815,8,1,19,68,2016,10,18,1,3,8,1,1,0,0,1,0,0,0,0,5.26536E+20,5.41216E+21,9.36179E+15,4.88619E+16
38815,38816,8,1,25,110,2016,10,14,1,3,4,2,0,0,0,1,0,0,0,0,5.2683E+20,5.44094E+21,9.36771E+15,4.91207E+16
38816,38817,8,1,15,45,2016,10,13,6,2,2,6,0,0,0,1,0,0,0,0,4.96755E+20,5.39646E+21,8.95589E+15,4.87212E+16
38817,38818,8,1,26,47,2016,10,6,7,3,3,6,2,0,0,1,0,0,1,0,5.50702E+20,5.44975E+21,9.69597E+15,4.91985E+16
38818,38819,8,2,36,46,2016,10,6,6,3,5,3,2,1,1,1,0,0,0,0,4.84323E+20,5.41802E+21,8.78603E+15,4.89149E+16
38819,38820,8,2,12,0,2016,10,20,7,3,5,3,2,1,0,1,0,0,0,0,4.59879E+20,5.43232E+21,8.451E+15,4.90424E+16
38820,38821,8,1,15,28,2016,10,18,1,3,3,6,0,0,0,1,0,0,0,1,5.01394E+20,5.40278E+21,9.01898E+15,4.8778E+16
38821,38822,8,1,19,20,2016,10,1,1,3,4,7,2,0,0,1,0,0,0,0,5.18562E+20,5.40829E+21,9.25291E+15,4.88273E+16
38822,38823,8,1,17,25,2016,10,16,6,3,5,3,0,0,0,1,0,0,0,0,5.57633E+20,5.3892E+21,9.78254E+15,4.86532E+16
38823,38824,8,1,11,0,2016,10,12,7,3,5,2,0,0,0,1,0,0,0,1,5.107E+20,5.39511E+21,9.14545E+15,4.87089E+16