FID,OBJECTID,ULAND,UREGBEZ,UKREIS,UGEMEINDE,UJAHR,UMONAT,USTUNDE,UWOCHENTAG,UKATEGORIE,UART,UTYP1,ULICHTVERH,IstStrasse,IstRad,IstPKW,IstFuss,IstKrad,IstGkfz,IstSonstig,LINREFX,LINREFY,XGCSWGS84,YGCSWGS84
38824,38825,8,2,12,0,2016,10,17,6,2,3,6,0,0,1,1,0,0,0,0,4.55165E+20,5.42817E+21,8.38696E+15,4.90048E+16
38825,38826,8,3,17,96,2016,10,22,1,3,2,2,2,0,0,1,0,0,0,0,4.21422E+20,5.37116E+21,7.93652E+15,4.84887E+16
38826,38827,8,2,15,17,2016,10,11,7,2,9,1,0,1,0,1,0,0,0,0,4.54844E+20,5.42289E+21,8.38316E+15,4.89573E+16
38827,38828,8,1,18,71,2016,10,15,5,2,5,3,0,0,0,1,0,1,0,0,5.08757E+20,5.41954E+21,9.11955E+15,4.89287E+16
38828,38829,8,1,16,35,2016,10,23,1,3,8,1,2,1,0,1,0,0,0,0,5.25487E+20,5.39139E+21,9.34621E+15,4.8675E+16
38829,38830,8,3,27,49,2016,10,17,4,3,5,3,0,0,0,1,0,0,0,0,4.73123E+20,5.32377E+21,8.63923E+15,4.80666E+16
38830,38831,8,2,37,4,2016,10,13,7,3,0,7,0,0,0,1,0,0,0,0,4.54145E+20,5.37353E+21,8.3791E+15,4.85132E+16
38831,38832,8,3,26,12,2016,10,21,2,2,8,1,2,0,0,1,0,0,0,0,4.6183E+20,5.31115E+21,8.48878E+15,4.79526E+16
38832,38833,8,1,16,49,2016,10,22,2,3,3,6,2,0,0,1,0,0,0,0,5.24242E+20,5.38657E+21,9.32902E+15,4.86317E+16
38833,38834,8,2,35,33,2016,10,14,2,3,9,1,0,0,0,1,0,0,0,0,4.62224E+20,5.40674E+21,8.48546E+15,4.88125E+16
38834,38835,8,2,37,28,2016,10,14,4,2,9,1,0,0,0,1,0,0,0,0,4.60429E+20,5.36827E+21,8.46468E+15,4.84663E+16
38835,38836,8,2,26,103,2016,10,16,2,3,2,6,0,0,0,1,0,0,0,0,4.72009E+20,5.45901E+21,8.61512E+15,4.92832E+16
38836,38837,8,4,37,107,2016,10,15,3,3,7,1,0,0,0,0,0,1,0,0,5.02152E+20,5.3291E+21,9.02891E+15,4.81151E+16
38837,38838,8,1,26,66,2016,10,12,2,3,3,6,0,1,0,1,0,0,0,0,5.38675E+20,5.45196E+21,9.5311E+15,4.92192E+16
38838,38839,8,3,17,89,2016,10,14,3,3,5,3,0,0,0,1,0,0,0,1,4.30776E+20,5.37759E+21,8.06203E+15,4.85476E+16
38839,38840,8,4,26,38,2016,10,3,1,2,8,1,2,0,0,1,0,0,0,0,5.57784E+20,5.31519E+21,9.77445E+15,4.79874E+16
38840,38841,8,1,18,48,2016,10,5,1,3,1,1,2,1,0,1,0,0,0,0,5.14228E+20,5.41515E+21,9.1941E+15,4.88891E+16
38841,38842,8,1,11,0,2016,10,13,6,3,2,6,0,0,0,1,0,0,0,1,5.11194E+20,5.4091E+21,9.15254E+15,4.88348E+16
38842,38843,8,1,18,79,2016,10,20,7,3,3,7,2,1,0,1,0,0,0,0,5.10207E+20,5.42097E+21,9.13938E+15,4.89416E+16
38843,38844,8,3,16,43,2016,10,6,5,3,5,3,2,0,0,1,0,0,0,0,4.12032E+20,5.33177E+21,7.81768E+15,4.81331E+16
38844,38845,8,1,15,45,2016,10,6,6,3,2,6,2,1,0,1,0,0,0,0,4.9896E+20,5.39286E+21,8.98587E+15,4.86888E+16
38845,38846,8,1,36,19,2016,10,22,1,3,9,1,2,0,0,1,0,0,0,0,5.81075E+20,5.42672E+21,1.01082E+16,4.8988E+16
38846,38847,8,1,11,0,2016,10,13,5,3,2,6,0,0,0,1,0,0,1,0,5.10372E+20,5.40964E+21,9.14135E+15,4.88396E+16
38847,38848,8,2,15,47,2016,10,7,3,3,8,6,1,1,0,1,0,0,0,0,4.59235E+20,5.41515E+21,8.44391E+15,4.8888E+16
38848,38849,8,1,25,65,2016,10,15,3,3,2,6,0,0,0,1,0,0,0,1,5.16051E+20,5.44748E+21,9.22024E+15,4.91799E+16
38849,38850,8,4,17,8,2016,10,12,1,3,5,3,0,1,0,1,0,1,0,0,4.9351E+20,5.35182E+21,8.91245E+15,4.83196E+16
38850,38851,8,4,16,36,2016,10,7,4,3,2,6,1,0,0,1,0,0,1,0,4.90975E+20,5.37397E+21,8.87778E+15,4.85188E+16
38851,38852,8,3,17,65,2016,10,14,1,3,2,6,0,0,0,1,0,0,0,0,4.10659E+20,5.35706E+21,7.79389E+15,4.83604E+16
38852,38853,8,1,36,50,2016,10,11,2,3,3,2,0,0,0,1,0,1,0,0,5.81114E+20,5.40383E+21,1.01042E+16,4.87821E+16
38853,38854,8,1,16,78,2016,10,18,5,3,5,3,0,0,0,1,0,0,0,1,5.13677E+20,5.39386E+21,9.18587E+15,4.86976E+16
38854,38855,8,2,21,0,2016,10,8,3,3,5,3,0,0,0,1,0,0,0,0,4.7632E+20,5.47176E+21,8.67364E+15,4.93981E+16
38855,38856,8,1,36,34,2016,10,2,1,3,5,3,2,0,0,1,0,0,0,1,5.63518E+20,5.40997E+21,9.86564E+15,4.88394E+16
38856,38857,8,3,15,59,2016,10,16,4,3,5,3,0,0,1,1,0,0,0,0,3.992E+20,5.32136E+21,7.64772E+15,4.80375E+16
38857,38858,8,1,11,0,2016,10,9,2,3,6,2,0,0,0,1,1,0,0,0,5.15674E+20,5.40353E+21,9.21338E+15,4.87846E+16
38858,38859,8,2,12,0,2016,10,16,4,3,2,6,0,0,0,1,0,0,0,0,4.53121E+20,5.4308E+21,8.35871E+15,4.90283E+16
38859,38860,8,2,36,19,2016,10,15,2,3,5,3,0,0,0,1,0,0,0,0,4.88623E+20,5.40937E+21,8.84496E+15,4.88372E+16
38860,38861,8,2,26,65,2016,10,18,4,3,2,2,0,0,0,1,0,0,0,0,4.76807E+20,5.45658E+21,8.68123E+15,4.92616E+16
38861,38862,8,3,27,46,2016,10,7,7,3,5,3,1,1,0,1,0,0,0,0,4.80861E+20,5.32444E+21,8.74307E+15,4.80729E+16
38862,38863,8,1,19,79,2016,10,6,4,3,0,7,2,0,1,1,0,0,0,0,5.22356E+20,5.41014E+21,9.30469E+15,4.88438E+16
38863,38864,8,4,15,78,2016,10,16,3,2,4,6,0,0,0,1,0,0,1,0,5.30009E+20,5.36972E+21,9.40607E+15,4.84799E+16
38864,38865,8,3,36,73,2016,10,13,3,3,5,6,0,0,1,1,0,0,0,0,3.97976E+20,5.27723E+21,7.64171E+15,4.76404E+16
38865,38866,8,1,11,0,2016,10,21,1,3,5,3,2,0,0,1,0,0,0,0,5.14869E+20,5.40307E+21,9.2024E+15,4.87804E+16
38866,38867,8,1,11,0,2016,10,20,6,3,2,6,2,0,0,1,0,0,0,0,5.14851E+20,5.40471E+21,9.20221E+15,4.87952E+16
38867,38868,8,3,36,91,2016,10,11,5,3,2,6,0,0,0,1,0,0,0,0,3.95342E+20,5.2716E+21,7.608E+15,4.75893E+16
38868,38869,8,1,35,19,2016,10,18,6,3,3,2,0,0,1,1,0,0,0,0,5.8524E+20,5.39246E+21,1.0158E+16,4.86793E+16
38869,38870,8,1,26,47,2016,10,23,2,2,5,3,2,0,0,0,0,1,1,0,5.49333E+20,5.45155E+21,9.67739E+15,4.92148E+16
38870,38871,8,1,36,65,2016,10,14,3,3,4,6,0,0,0,1,0,0,0,0,5.58893E+20,5.40606E+21,9.80206E+15,4.88047E+16
38871,38872,8,1,18,49,2016,10,7,3,3,1,6,0,1,0,1,0,0,0,1,5.18415E+20,5.42166E+21,9.25151E+15,4.89476E+16
38872,38873,8,3,36,50,2016,10,11,1,3,0,1,0,1,1,0,0,0,0,0,3.9978E+20,5.27434E+21,7.66637E+15,4.76147E+16
38873,38874,8,1,36,88,2016,10,18,4,3,3,6,1,0,0,1,0,0,0,0,5.8886E+20,5.40638E+21,1.02102E+16,4.88041E+16
38874,38875,8,2,37,45,2016,10,13,1,3,8,1,0,0,0,1,0,0,0,0,4.61946E+20,5.35632E+21,8.48629E+15,4.8359E+16
38875,38876,8,2,15,46,2016,10,2,7,2,9,7,2,0,0,1,0,0,0,0,4.52654E+20,5.41863E+21,8.35373E+15,4.89188E+16
38876,38877,8,1,16,19,2016,10,9,4,3,5,3,0,0,0,1,0,0,0,0,5.24225E+20,5.39657E+21,9.32937E+15,4.87217E+16
38877,38878,8,4,35,34,2016,10,13,2,3,5,3,0,0,1,1,0,0,0,0,5.29776E+20,5.28467E+21,9.39698E+15,4.77147E+16
38878,38879,8,4,15,89,2016,10,7,6,3,1,1,1,1,0,1,0,0,1,0,5.19154E+20,5.35757E+21,9.25863E+15,4.8371E+16
38879,38880,8,4,17,8,2016,10,13,1,3,8,1,0,0,0,0,0,1,0,0,4.95722E+20,5.34927E+21,8.94232E+15,4.82966E+16
38880,38881,8,3,35,43,2016,10,13,5,3,5,3,0,0,0,1,0,1,0,0,5.13465E+20,5.27934E+21,9.17936E+15,4.76673E+16
38881,38882,8,2,16,23,2016,10,19,5,3,5,2,2,0,0,1,0,0,0,0,4.36701E+20,5.40653E+21,8.13787E+15,4.88085E+16
38882,38883,8,3,17,1,2016,10,14,7,3,0,7,0,1,0,1,0,1,0,0,4.30423E+20,5.38649E+21,8.05576E+15,4.86276E+16
38883,38884,8,1,17,18,2016,10,11,4,1,3,2,0,0,1,1,0,0,0,0,5.36577E+20,5.39322E+21,9.49702E+15,4.8691E+16
38884,38885,8,3,35,79,2016,10,15,3,3,2,6,0,0,0,1,0,0,0,0,5.01283E+20,5.29981E+21,9.01715E+15,4.78516E+16
38885,38886,8,2,36,75,2016,10,18,3,2,8,1,0,0,0,1,0,0,0,0,4.82432E+20,5.42404E+21,8.75997E+15,4.8969E+16
38886,38887,8,4,25,90,2016,10,6,6,3,4,6,2,0,0,0,0,0,0,1,5.44644E+20,5.3429E+21,9.60126E+15,4.82377E+16
38887,38888,8,4,25,75,2016,10,5,7,3,8,1,2,0,0,1,0,0,0,0,5.66516E+20,5.37635E+21,9.90108E+15,4.85367E+16
38888,38889,8,1,11,0,2016,10,1,2,3,2,6,2,1,0,1,0,0,0,0,5.15373E+20,5.4059E+21,9.20936E+15,4.88059E+16
38889,38890,8,4,21,0,2016,10,17,5,3,2,6,1,0,0,1,0,0,0,0,5.74814E+20,5.36518E+21,1.00115E+16,4.84353E+16
38890,38891,8,2,26,96,2016,10,14,5,3,0,7,0,0,0,1,0,0,0,0,4.75775E+20,5.4911E+21,8.66495E+15,4.9572E+16
38891,38892,8,3,17,57,2016,10,12,7,2,8,1,0,1,0,0,0,1,0,0,4.1419E+20,5.37957E+21,7.83693E+15,4.85633E+16
38892,38893,8,1,28,115,2016,10,7,6,3,9,1,0,1,0,0,0,1,0,0,5.50637E+20,5.49425E+21,9.70075E+15,4.95987E+16
38893,38894,8,1,19,86,2016,10,11,2,3,2,6,0,0,0,1,0,0,0,1,5.33088E+20,5.40613E+21,9.45065E+15,4.88073E+16
38894,38895,8,1,27,14,2016,10,16,3,3,3,2,0,0,0,1,0,1,0,0,5.77551E+20,5.44291E+21,1.00631E+16,4.91341E+16
38895,38896,8,1,18,11,2016,10,11,3,3,8,1,0,0,0,1,0,0,0,0,4.98342E+20,5.41099E+21,8.9774E+15,4.88518E+16
38896,38897,8,4,15,53,2016,10,21,2,3,4,2,2,0,0,1,0,0,0,0,5.36364E+20,5.36215E+21,9.4914E+15,4.84115E+16
38897,38898,8,2,15,97,2016,10,19,2,3,9,1,1,1,0,1,0,0,0,0,4.83599E+20,5.44435E+21,8.77508E+15,4.91518E+16
38898,38899,8,1,27,14,2016,10,9,4,2,6,4,0,0,0,0,1,0,0,1,5.77403E+20,5.44371E+21,1.00613E+16,4.91413E+16
38899,38900,8,2,22,0,2016,10,12,1,3,5,3,0,0,0,1,0,0,0,1,4.62986E+20,5.48299E+21,8.48882E+15,4.94984E+16
38900,38901,8,1,18,79,2016,10,10,1,3,0,1,0,1,0,0,0,1,0,0,5.10225E+20,5.42174E+21,9.13966E+15,4.89485E+16
38901,38902,8,1,21,0,2016,10,15,6,3,3,6,0,0,0,1,0,1,0,0,5.16304E+20,5.44157E+21,9.22348E+15,4.91267E+16
38902,38903,8,2,25,14,2016,10,12,7,3,1,6,0,0,0,1,0,0,0,0,5.23802E+20,5.48595E+21,9.3289E+15,4.95257E+16
38903,38904,8,3,16,24,2016,10,17,6,3,5,3,0,0,0,1,0,0,0,0,4.082E+20,5.33628E+21,7.76521E+15,4.81731E+16
38904,38905,8,3,36,103,2016,10,12,1,2,4,1,0,1,0,1,0,0,0,0,4.16759E+20,5.28954E+21,7.88937E+15,4.77539E+16
38905,38906,8,2,12,0,2016,10,8,7,3,2,7,0,1,0,1,0,0,0,1,4.63011E+20,5.42818E+21,8.49424E+15,4.90054E+16
38906,38907,8,3,17,1,2016,10,17,5,3,2,6,0,0,0,1,0,0,0,0,4.31184E+20,5.38364E+21,8.06657E+15,4.86021E+16
38907,38908,8,1,27,14,2016,10,22,5,2,3,6,2,1,0,1,0,0,0,0,5.73929E+20,5.44345E+21,1.00136E+16,4.91394E+16
38908,38909,8,2,26,65,2016,10,21,1,3,0,7,2,0,1,0,0,0,0,0,4.75788E+20,5.45645E+21,8.66724E+15,4.92604E+16
38909,38910,8,3,35,99,2016,10,12,4,3,6,4,0,0,0,1,1,0,0,0,4.95036E+20,5.29812E+21,8.93367E+15,4.78364E+16
38910,38911,8,3,17,126,2016,10,12,7,3,8,1,0,0,0,0,0,1,0,0,4.38073E+20,5.38261E+21,8.16015E+15,4.85935E+16
38911,38912,8,3,15,6,2016,10,15,2,2,2,6,0,1,0,1,0,0,0,0,4.00527E+20,5.31173E+21,7.66774E+15,4.79512E+16
38912,38913,8,1,17,26,2016,10,5,2,3,8,2,2,1,0,1,0,0,0,0,5.47651E+20,5.39437E+21,9.64761E+15,4.87005E+16
38913,38914,8,2,15,90,2016,10,7,2,3,2,6,0,0,0,1,0,0,0,0,4.63964E+20,5.43509E+21,8.50665E+15,4.90677E+16
38914,38915,8,2,12,0,2016,10,12,4,3,3,6,0,0,0,1,0,0,0,0,4.55588E+20,5.4341E+21,8.39209E+15,4.90582E+16
38915,38916,8,2,12,0,2016,10,10,1,3,2,6,0,0,0,1,0,0,0,0,4.61735E+20,5.43044E+21,8.47657E+15,4.90257E+16
38916,38917,8,4,15,28,2016,10,6,4,3,5,3,0,0,0,1,0,0,0,0,5.34267E+20,5.37281E+21,9.46395E+15,4.85075E+16
38917,38918,8,3,11,0,2016,10,12,7,3,2,6,0,0,0,1,0,0,0,0,4.13308E+20,5.31599E+21,7.83803E+15,4.79913E+16
38918,38919,8,4,25,33,2016,10,16,2,3,2,6,0,0,0,1,0,0,0,0,5.55692E+20,5.348E+21,9.75071E+15,4.82828E+16
38919,38920,8,1,18,78,2016,10,8,2,3,2,6,0,0,0,1,0,0,0,0,5.12886E+20,5.42008E+21,9.17594E+15,4.89335E+16
38920,38921,8,3,15,15,2016,10,12,2,2,2,6,0,0,0,1,0,1,0,0,4.00487E+20,5.31191E+21,7.66718E+15,4.79528E+16
38921,38922,8,4,26,62,2016,10,15,2,1,4,6,0,0,0,1,0,0,0,0,5.52506E+20,5.31609E+21,9.70382E+15,4.79959E+16
38922,38923,8,3,15,98,2016,10,0,4,2,0,1,2,0,0,1,0,0,0,0,4.0814E+20,5.31265E+21,7.76949E+15,4.79605E+16
38923,38924,8,3,17,96,2016,10,4,2,2,9,1,2,0,0,1,0,0,0,0,4.21511E+20,5.37642E+21,7.93673E+15,4.85359E+16
38924,38925,8,1,36,65,2016,10,16,2,3,4,1,0,1,0,1,0,0,0,0,5.59352E+20,5.40601E+21,9.8083E+15,4.88042E+16
38925,38926,8,1,25,27,2016,10,19,1,3,4,6,2,1,0,1,0,0,0,0,5.18888E+20,5.44651E+21,9.25913E+15,4.91711E+16
38926,38927,8,1,17,7,2016,10,18,1,3,2,6,0,0,0,1,0,1,0,0,5.58321E+20,5.38513E+21,9.7913E+15,4.86165E+16
38927,38928,8,1,16,19,2016,10,14,6,3,3,6,0,0,0,1,0,0,1,0,5.19728E+20,5.39893E+21,9.26834E+15,4.87431E+16
38928,38929,8,1,36,70,2016,10,9,7,3,2,2,0,1,0,1,0,0,0,0,5.6286E+20,5.4101E+21,9.8567E+15,4.88407E+16
38929,38930,8,2,37,40,2016,10,7,6,3,5,3,0,1,0,1,0,0,0,0,4.73124E+20,5.36328E+21,8.63674E+15,4.84221E+16
38930,38931,8,1,26,47,2016,10,13,7,3,9,1,0,0,0,1,0,0,0,1,5.49863E+20,5.45011E+21,9.6845E+15,4.92017E+16
38931,38932,8,1,15,45,2016,10,18,5,3,2,6,1,0,0,1,0,0,0,0,5.04329E+20,5.39722E+21,9.05887E+15,4.8728E+16
38932,38933,8,1,18,70,2016,10,11,1,3,3,6,0,1,0,1,0,0,0,0,5.16788E+20,5.42457E+21,9.22941E+15,4.89738E+16
38933,38934,8,3,17,31,2016,10,18,4,2,5,2,0,0,0,1,0,1,0,0,4.20545E+20,5.36123E+21,7.92654E+15,4.83992E+16
38934,38935,8,3,17,96,2016,10,23,2,3,2,6,2,0,0,1,0,0,0,1,4.2104E+20,5.36713E+21,7.93212E+15,4.84523E+16
38935,38936,8,1,16,78,2016,10,16,2,3,5,3,0,0,0,1,0,0,0,0,5.123E+20,5.39367E+21,9.16715E+15,4.8696E+16
38936,38937,8,2,36,76,2016,10,6,2,1,8,1,2,0,0,0,0,0,0,1,4.75344E+20,5.42745E+21,8.66291E+15,4.89994E+16
38937,38938,8,2,35,57,2016,10,7,4,3,4,6,0,0,0,1,0,0,0,0,4.88424E+20,5.39593E+21,8.84262E+15,4.87163E+16
38938,38939,8,3,37,22,2016,10,21,7,2,8,1,2,0,0,1,0,0,0,0,4.49679E+20,5.29885E+21,8.32748E+15,4.7841E+16
38939,38940,8,1,25,86,2016,10,15,4,3,5,3,0,0,0,1,0,0,0,0,5.04094E+20,5.44639E+21,9.05617E+15,4.91703E+16
38940,38941,8,2,16,49,2016,10,23,2,3,2,6,2,1,0,1,0,0,0,0,4.3761E+20,5.40382E+21,8.15067E+15,4.87843E+16
38941,38942,8,4,26,38,2016,10,6,3,3,5,3,2,0,0,1,0,0,0,0,5.64901E+20,5.319E+21,9.8704E+15,4.8021E+16
38942,38943,8,3,17,75,2016,10,17,3,2,2,6,0,0,0,1,0,0,0,0,4.12639E+20,5.35931E+21,7.82015E+15,4.83809E+16
38943,38944,8,1,16,78,2016,10,16,1,2,0,6,0,0,0,1,0,1,0,0,5.14634E+20,5.39338E+21,9.19886E+15,4.86933E+16
38944,38945,8,1,11,0,2016,10,22,6,3,0,1,2,0,0,0,0,1,0,0,5.12201E+20,5.41087E+21,9.16632E+15,4.88507E+16
38945,38946,8,1,17,2,2016,10,8,7,3,2,6,0,1,0,1,0,0,0,0,5.47367E+20,5.38318E+21,9.64247E+15,4.85999E+16
38946,38947,8,3,15,6,2016,10,17,5,3,1,6,0,0,1,1,0,0,0,0,4.00085E+20,5.30646E+21,7.66305E+15,4.79037E+16
38947,38948,8,3,11,0,2016,10,17,2,2,0,7,0,0,0,1,0,0,0,0,4.05122E+20,5.31698E+21,7.72811E+15,4.7999E+16
38948,38949,8,4,37,31,2016,10,9,3,3,5,3,0,0,0,1,0,0,0,1,5.15826E+20,5.34667E+21,9.21328E+15,4.8273E+16
38949,38950,8,1,28,64,2016,10,20,2,2,8,1,2,1,0,1,0,0,0,0,5.35739E+20,5.50129E+21,9.49523E+15,4.96631E+16
38950,38951,8,3,17,47,2016,10,15,3,3,4,6,0,0,0,1,0,0,0,0,4.15612E+20,5.3635E+21,7.85945E+15,4.8419E+16
38951,38952,8,1,18,48,2016,10,15,1,3,2,6,0,0,0,1,0,0,0,0,5.14248E+20,5.41531E+21,9.19438E+15,4.88906E+16
38952,38953,8,1,16,47,2016,10,17,1,3,2,6,0,0,0,1,0,0,0,0,5.20903E+20,5.39383E+21,9.28406E+15,4.86972E+16
38953,38954,8,1,15,46,2016,10,21,6,3,5,3,2,0,0,1,0,0,0,0,5.08979E+20,5.38943E+21,9.12193E+15,4.86579E+16
38954,38955,8,1,19,79,2016,10,18,7,3,4,6,1,1,0,1,0,0,0,0,5.23628E+20,5.41073E+21,9.32206E+15,4.88491E+16
38955,38956,8,2,16,17,2016,10,6,6,2,2,6,2,0,0,1,0,0,0,1,4.51704E+20,5.40268E+21,8.34265E+15,4.87753E+16
38956,38957,8,1,11,0,2016,10,6,5,3,2,6,1,0,0,1,0,0,0,0,5.12667E+20,5.39994E+21,9.17232E+15,4.87523E+16
38957,38958,8,2,16,43,2016,10,16,3,3,1,6,0,0,0,1,0,0,0,0,4.44276E+20,5.41232E+21,8.24025E+15,4.88614E+16
38958,38959,8,4,36,95,2016,10,16,1,3,2,1,0,0,0,1,0,0,0,0,5.33578E+20,5.29963E+21,9.44883E+15,4.78491E+16
38959,38960,8,2,11,0,2016,10,16,4,3,6,4,0,0,0,1,1,0,0,0,4.43164E+20,5.40236E+21,8.22647E+15,4.87716E+16
38960,38961,8,2,16,23,2016,10,17,2,2,2,2,0,0,0,1,0,0,0,0,4.36411E+20,5.40989E+21,8.1334E+15,4.88387E+16
38961,38962,8,2,22,0,2016,10,14,4,3,1,6,0,0,0,1,0,0,0,0,4.68544E+20,5.47917E+21,8.56588E+15,4.94644E+16
38962,38963,8,4,17,13,2016,10,22,7,2,8,1,2,0,0,1,0,0,0,0,5.06716E+20,5.354E+21,9.09063E+15,4.83391E+16
38963,38964,8,1,18,48,2016,10,20,4,2,9,7,2,0,0,1,0,0,0,0,5.12676E+20,5.4187E+21,9.17303E+15,4.89211E+16
38964,38965,8,4,15,53,2016,10,7,3,3,9,1,2,1,0,1,0,0,0,0,5.372E+20,5.35112E+21,9.50172E+15,4.83122E+16
38965,38966,8,2,12,0,2016,10,16,3,3,3,6,0,0,0,1,0,0,1,0,4.58936E+20,5.42706E+21,8.43863E+15,4.8995E+16
38966,38967,8,4,36,13,2016,10,8,7,3,0,1,0,0,1,0,0,0,0,0,5.45651E+20,5.29649E+21,9.60986E+15,4.78201E+16
38967,38968,8,1,17,24,2016,10,18,2,3,2,6,0,0,0,1,0,0,0,0,5.61058E+20,5.38605E+21,9.82857E+15,4.86245E+16
38968,38969,8,4,26,43,2016,10,9,5,1,4,6,0,1,0,1,0,1,0,0,5.74325E+20,5.32073E+21,9.99706E+15,4.80355E+16
38969,38970,8,2,12,0,2016,10,16,5,3,2,6,0,0,0,1,0,0,0,0,4.59778E+20,5.42788E+21,8.45006E+15,4.90025E+16
38970,38971,8,3,15,20,2016,10,11,7,2,0,7,0,1,0,0,0,0,0,1,4.26511E+20,5.3101E+21,8.01597E+15,4.794E+16
38971,38972,8,1,35,32,2016,10,12,6,3,5,3,0,0,0,1,0,1,0,0,5.78575E+20,5.3939E+21,1.00677E+16,4.86932E+16
38972,38973,8,1,25,5,2016,10,18,2,3,5,3,0,0,0,1,0,1,0,0,5.14144E+20,5.45409E+21,9.19431E+15,4.92394E+16
38973,38974,8,1,35,16,2016,10,9,3,2,2,6,0,0,0,1,0,0,0,0,5.89135E+20,5.38535E+21,1.02094E+16,4.86148E+16
38974,38975,8,4,25,31,2016,10,12,3,2,8,7,0,0,0,0,0,0,1,0,5.61465E+20,5.37304E+21,9.83217E+15,4.85075E+16
38975,38976,8,1,15,28,2016,10,6,6,3,2,6,2,0,0,1,0,0,0,0,5.01529E+20,5.40274E+21,9.02081E+15,4.87777E+16
38976,38977,8,4,37,53,2016,10,17,4,3,9,1,0,0,0,1,0,0,0,0,5.30443E+20,5.31956E+21,9.40834E+15,4.80286E+16
38977,38978,8,2,15,102,2016,10,18,3,2,2,6,0,0,0,1,0,0,0,0,4.56802E+20,5.43673E+21,8.40843E+15,4.90819E+16
38978,38979,8,1,21,0,2016,10,15,3,3,1,6,0,0,0,1,0,0,0,0,5.16085E+20,5.4424E+21,9.22051E+15,4.91342E+16
38979,38980,8,3,25,57,2016,10,18,1,3,8,1,0,1,0,1,0,0,0,0,4.78343E+20,5.35824E+21,8.70753E+15,4.8377E+16
38980,38981,8,1,36,40,2016,10,6,4,3,2,6,0,0,0,1,0,0,0,0,5.64163E+20,5.41098E+21,9.87459E+15,4.88484E+16
38981,38982,8,2,22,0,2016,10,9,1,3,3,6,0,0,0,1,0,0,0,0,4.66787E+20,5.47812E+21,8.54172E+15,4.94548E+16
38982,38983,8,1,27,89,2016,10,13,2,2,0,7,0,1,0,0,0,1,0,1,5.64638E+20,5.443E+21,9.88615E+15,4.91364E+16
38983,38984,8,2,36,71,2016,10,17,7,3,9,1,0,1,0,1,0,0,0,0,4.71314E+20,5.41869E+21,8.60843E+15,4.89205E+16
38984,38985,8,1,16,81,2016,10,16,4,3,9,6,0,0,0,1,0,0,0,0,5.18361E+20,5.38741E+21,9.24923E+15,4.86395E+16
38985,38986,8,3,35,43,2016,10,8,3,2,3,6,0,0,1,0,0,0,0,0,5.13189E+20,5.27963E+21,9.17569E+15,4.76699E+16
38986,38987,8,2,22,0,2016,10,11,3,3,2,6,0,0,1,1,0,0,0,0,4.61782E+20,5.48122E+21,8.47236E+15,4.94824E+16
38987,38988,8,4,37,100,2016,10,6,2,2,4,6,2,0,0,1,0,0,0,1,5.32859E+20,5.31644E+21,9.4405E+15,4.80004E+16
38988,38989,8,4,16,31,2016,10,18,6,3,3,6,1,0,0,1,0,0,0,0,5.02238E+20,5.36201E+21,9.03024E+15,4.84112E+16
38989,38990,8,4,15,85,2016,10,21,7,3,3,1,2,0,0,1,0,0,0,0,5.32781E+20,5.34178E+21,9.4414E+15,4.82284E+16
38990,38991,8,4,37,100,2016,10,18,1,3,2,6,0,0,0,1,0,0,0,0,5.37172E+20,5.31757E+21,9.49842E+15,4.80104E+16
38991,38992,8,3,37,60,2016,10,10,5,2,0,7,0,0,0,0,0,0,1,0,4.68889E+20,5.27853E+21,8.58566E+15,4.76594E+16
38992,38993,8,2,26,85,2016,10,8,5,2,4,2,0,0,0,1,0,0,0,0,4.94121E+20,5.45264E+21,8.91925E+15,4.92265E+16
38993,38994,8,3,17,65,2016,10,19,1,3,5,3,1,0,0,1,0,0,0,0,4.13625E+20,5.3552E+21,7.8343E+15,4.83441E+16
38994,38995,8,4,36,79,2016,10,12,4,3,5,3,0,0,0,1,0,0,0,0,5.5401E+20,5.28955E+21,9.72066E+15,4.77571E+16
38995,38996,8,2,26,84,2016,10,6,7,2,8,1,2,1,0,1,0,0,0,0,4.67147E+20,5.47296E+21,8.54712E+15,4.94084E+16
38996,38997,8,1,19,20,2016,10,6,2,3,2,6,2,0,0,1,0,0,1,0,5.18339E+20,5.40891E+21,9.24989E+15,4.88329E+16
38997,38998,8,1,26,11,2016,10,19,3,3,5,3,2,0,0,1,0,0,0,0,5.29972E+20,5.44756E+21,9.41126E+15,4.91802E+16
38998,38999,8,1,11,0,2016,10,11,3,3,2,6,0,0,0,1,0,0,0,0,5.1524E+20,5.4056E+21,9.20754E+15,4.88032E+16
38999,39000,8,3,36,14,2016,10,13,2,3,5,3,0,0,1,1,0,0,0,0,3.9213E+20,5.27844E+21,7.5636E+15,4.76504E+16
39000,39001,8,1,18,18,2016,10,15,2,2,4,6,0,0,0,1,0,0,0,0,5.13918E+20,5.4295E+21,9.19036E+15,4.90183E+16
39001,39002,8,1,15,4,2016,10,21,1,3,8,1,2,1,0,1,0,0,0,0,4.88391E+20,5.37235E+21,8.84283E+15,4.85042E+16
39002,39003,8,1,16,47,2016,10,17,1,3,2,6,0,0,0,1,0,0,0,0,5.209E+20,5.39383E+21,9.28403E+15,4.86972E+16