FID,OBJECTID,ULAND,UREGBEZ,UKREIS,UGEMEINDE,UJAHR,UMONAT,USTUNDE,UWOCHENTAG,UKATEGORIE,UART,UTYP1,ULICHTVERH,IstStrasse,IstRad,IstPKW,IstFuss,IstKrad,IstGkfz,IstSonstig,LINREFX,LINREFY,XGCSWGS84,YGCSWGS84
39003,39004,8,1,19,44,2016,10,19,6,3,9,1,2,0,0,1,0,0,0,0,5.44746E+20,5.42767E+21,9.61177E+15,4.90003E+16
39004,39005,8,2,22,0,2016,10,18,7,3,1,6,1,0,0,1,0,0,0,0,4.64177E+20,5.48562E+21,8.50504E+15,4.95221E+16
39005,39006,8,2,31,0,2016,10,10,6,3,2,6,0,0,0,1,0,0,0,0,4.8255E+20,5.41825E+21,8.76182E+15,4.89169E+16
39006,39007,8,3,26,12,2016,10,20,1,3,3,6,2,1,0,1,0,0,0,0,4.6368E+20,5.31241E+21,8.51345E+15,4.7964E+16
39007,39008,8,2,31,0,2016,10,14,2,2,2,6,0,0,0,1,0,0,0,1,4.73692E+20,5.41746E+21,8.64097E+15,4.89095E+16
39008,39009,8,1,28,131,2016,10,16,4,2,8,1,0,0,0,1,0,0,0,0,5.38132E+20,5.50792E+21,9.52903E+15,4.97226E+16
39009,39010,8,2,26,91,2016,10,21,1,3,0,1,2,1,0,0,0,1,0,0,4.94668E+20,5.46081E+21,8.92665E+15,4.93E+16
39010,39011,8,2,35,6,2016,10,12,7,2,4,1,0,0,0,1,0,0,0,0,4.68471E+20,5.38339E+21,8.57233E+15,4.86028E+16
39011,39012,8,1,11,0,2016,10,0,4,3,0,1,2,0,1,0,0,0,0,0,5.14856E+20,5.40611E+21,9.20234E+15,4.88078E+16
39012,39013,8,3,35,35,2016,10,22,6,2,9,1,2,0,0,1,0,0,0,0,4.80146E+20,5.2905E+21,8.73503E+15,4.77675E+16
39013,39014,8,3,37,22,2016,10,15,1,3,2,6,0,0,0,1,0,0,0,0,4.50165E+20,5.29626E+21,8.33427E+15,4.78178E+16
39014,39015,8,3,27,46,2016,10,11,5,3,5,3,0,0,0,1,0,0,0,0,4.80477E+20,5.32461E+21,8.73791E+15,4.80744E+16
39015,39016,8,2,15,89,2016,10,16,5,3,5,3,0,0,0,1,0,0,0,0,4.68581E+20,5.43149E+21,8.57013E+15,4.90355E+16
39016,39017,8,2,31,0,2016,10,11,1,2,8,1,0,1,0,1,0,0,0,0,4.81611E+20,5.4097E+21,8.74939E+15,4.884E+16
39017,39018,8,3,37,53,2016,10,13,4,3,5,3,0,0,0,1,0,1,0,0,4.57458E+20,5.26873E+21,8.43438E+15,4.75706E+16
39018,39019,8,2,36,33,2016,10,22,7,3,9,1,2,1,0,1,0,0,0,0,4.8136E+20,5.42905E+21,8.74508E+15,4.9014E+16
39019,39020,8,4,16,41,2016,10,16,2,3,9,1,0,1,0,1,0,0,0,0,5.04686E+20,5.38151E+21,9.06354E+15,4.85867E+16
39020,39021,8,1,18,81,2016,10,15,2,2,2,6,0,0,0,1,0,0,0,0,5.20783E+20,5.41506E+21,9.28351E+15,4.88882E+16
39021,39022,8,3,11,0,2016,10,7,2,3,2,1,0,0,0,1,0,0,0,0,4.15335E+20,5.31558E+21,7.86527E+15,4.79879E+16
39022,39023,8,3,15,64,2016,10,15,4,3,0,1,0,0,0,0,0,1,0,0,4.21994E+20,5.31292E+21,7.95498E+15,4.79648E+16
39023,39024,8,3,16,11,2016,10,12,2,3,0,1,0,0,1,0,0,0,0,0,4.1631E+20,5.32959E+21,7.87559E+15,4.81141E+16
39024,39025,8,1,17,35,2016,10,7,2,2,9,1,0,0,0,1,0,0,0,0,5.49234E+20,5.37887E+21,9.66729E+15,4.8561E+16
39025,39026,8,1,25,66,2016,10,0,1,2,8,1,2,1,0,1,0,0,0,0,5.1747E+20,5.43164E+21,9.23903E+15,4.90374E+16
39026,39027,8,1,16,14,2016,10,12,1,3,5,3,0,0,0,1,0,0,0,0,5.27898E+20,5.39579E+21,9.37926E+15,4.87145E+16
39027,39028,8,1,15,1,2016,10,6,6,2,6,4,2,1,0,1,1,0,0,0,4.9055E+20,5.39171E+21,8.87162E+15,4.86783E+16
39028,39029,8,1,25,84,2016,10,13,7,2,8,1,0,1,0,1,0,0,0,0,5.22545E+20,5.46944E+21,9.31059E+15,4.93772E+16
39029,39030,8,2,31,0,2016,10,14,6,3,5,2,0,0,0,1,0,1,0,0,4.76445E+20,5.41571E+21,8.67864E+15,4.88939E+16
39030,39031,8,1,36,88,2016,10,16,7,3,8,1,0,0,0,0,0,1,0,0,5.84814E+20,5.40799E+21,1.01554E+16,4.88191E+16
39031,39032,8,1,17,14,2016,10,17,5,3,5,3,0,0,0,1,0,0,0,0,5.53528E+20,5.38322E+21,9.72604E+15,4.85998E+16
39032,39033,8,1,36,34,2016,10,12,1,3,4,7,0,1,0,1,0,0,0,0,5.63202E+20,5.40947E+21,9.86125E+15,4.8835E+16
39033,39034,8,3,15,4,2016,10,15,4,3,2,6,0,0,0,1,0,0,0,0,3.94366E+20,5.29357E+21,7.5897E+15,4.77869E+16
39034,39035,8,3,35,66,2016,10,14,1,3,2,6,0,0,0,1,0,0,0,0,5.0851E+20,5.28306E+21,9.11342E+15,4.77008E+16
39035,39036,8,1,36,2,2016,10,12,7,3,8,1,0,0,0,0,0,1,0,0,5.69458E+20,5.41762E+21,9.94788E+15,4.89076E+16
39036,39037,8,1,19,79,2016,10,6,5,3,4,2,2,0,1,1,0,0,0,0,5.23723E+20,5.40888E+21,9.32326E+15,4.88324E+16
39037,39038,8,2,15,100,2016,10,1,1,3,2,6,2,1,0,1,0,0,0,0,4.76132E+20,5.45118E+21,8.67228E+15,4.9213E+16
39038,39039,8,3,27,48,2016,10,8,4,3,5,3,0,0,0,1,0,0,0,0,4.73843E+20,5.31866E+21,8.6492E+15,4.80207E+16
39039,39040,8,1,25,26,2016,10,18,7,3,9,1,1,1,0,1,0,0,0,0,4.87674E+20,5.44851E+21,8.83083E+15,4.91893E+16
39040,39041,8,3,25,64,2016,10,22,2,3,8,1,2,0,0,1,0,0,0,0,4.78112E+20,5.33317E+21,8.70572E+15,4.81514E+16
39041,39042,8,1,16,72,2016,10,6,2,3,2,6,2,0,0,1,0,0,0,0,5.30343E+20,5.3944E+21,9.41239E+15,4.87019E+16
39042,39043,8,2,35,46,2016,10,20,2,3,6,6,2,0,0,0,1,1,0,0,4.78175E+20,5.37836E+21,8.70422E+15,4.85579E+16
39043,39044,8,3,17,110,2016,10,21,4,3,2,6,2,0,0,1,0,0,0,0,4.2477E+20,5.38261E+21,7.97976E+15,4.85921E+16
39044,39045,8,3,16,55,2016,10,16,2,1,4,1,0,0,0,0,0,1,0,1,4.25846E+20,5.33134E+21,8.00339E+15,4.8131E+16
39045,39046,8,4,35,16,2016,10,17,3,3,0,7,0,0,1,0,0,0,0,0,5.36202E+20,5.27826E+21,9.48212E+15,4.76567E+16
39046,39047,8,1,27,103,2016,10,15,2,2,9,1,0,1,0,1,0,0,0,0,5.71262E+20,5.43604E+21,9.97572E+15,4.90731E+16
39047,39048,8,3,17,100,2016,10,7,3,3,3,2,0,0,0,1,0,1,0,0,4.23851E+20,5.36591E+21,7.97035E+15,4.84417E+16
39048,39049,8,1,17,24,2016,10,0,1,3,8,1,2,1,0,1,0,0,0,0,5.63731E+20,5.38215E+21,9.86425E+15,4.85892E+16
39049,39050,8,4,36,8,2016,10,17,7,3,3,6,0,0,1,1,0,0,0,0,5.47985E+20,5.30839E+21,9.64237E+15,4.7927E+16
39050,39051,8,1,11,0,2016,10,5,6,2,9,7,2,1,0,1,0,1,0,0,5.095E+20,5.40054E+21,9.12926E+15,4.87578E+16
39051,39052,8,1,19,75,2016,10,1,7,3,8,1,2,0,0,1,0,0,0,0,5.38756E+20,5.42732E+21,9.52985E+15,4.89976E+16
39052,39053,8,3,17,122,2016,10,8,5,3,2,6,0,0,0,1,0,0,0,0,4.18812E+20,5.36692E+21,7.90202E+15,4.84502E+16
39053,39054,8,2,15,84,2016,10,17,6,3,1,7,0,0,0,1,0,0,0,0,4.72957E+20,5.44506E+21,8.6291E+15,4.91578E+16
39054,39055,8,1,11,0,2016,10,0,5,3,5,2,2,0,1,1,0,0,0,0,5.12524E+20,5.40235E+21,9.17045E+15,4.8774E+16
39055,39056,8,2,15,9,2016,10,17,3,3,5,3,1,1,0,1,0,1,0,0,4.71626E+20,5.44045E+21,8.61116E+15,4.91163E+16
39056,39057,8,1,25,46,2016,10,13,3,3,1,6,0,0,0,1,0,0,0,0,5.18741E+20,5.43379E+21,9.25651E+15,4.90567E+16
39057,39058,8,4,26,62,2016,10,17,1,3,8,1,0,0,0,0,0,1,0,0,5.5569E+20,5.32296E+21,9.74739E+15,4.80575E+16
39058,39059,8,1,25,27,2016,10,13,4,3,2,6,0,0,0,1,0,0,0,0,5.17529E+20,5.44703E+21,9.2405E+15,4.91759E+16
39059,39060,8,3,26,31,2016,10,2,1,1,8,1,2,0,0,1,0,0,0,0,4.57818E+20,5.3323E+21,8.43296E+15,4.81425E+16
39060,39061,8,1,11,0,2016,10,6,2,3,2,6,2,0,0,1,0,0,0,0,5.08782E+20,5.39507E+21,9.11937E+15,4.87086E+16
39061,39062,8,3,17,57,2016,10,11,7,3,5,3,0,0,0,1,0,0,0,0,4.12918E+20,5.37331E+21,7.821E+15,4.85069E+16
39062,39063,8,4,25,79,2016,10,11,4,3,8,1,0,0,0,1,0,0,0,0,5.52564E+20,5.3753E+21,9.71195E+15,4.85286E+16
39063,39064,8,3,36,69,2016,10,15,3,3,5,3,0,0,0,1,0,1,0,0,4.09245E+20,5.2719E+21,7.7928E+15,4.75941E+16
39064,39065,8,2,31,0,2016,10,17,3,3,0,1,0,1,0,0,0,1,0,0,4.75179E+20,5.41152E+21,8.66163E+15,4.88561E+16
39065,39066,8,4,21,0,2016,10,7,6,3,8,1,1,0,0,1,0,0,0,0,5.68359E+20,5.3606E+21,9.92346E+15,4.83948E+16
39066,39067,8,4,25,138,2016,10,18,7,3,8,1,0,0,0,1,0,0,0,0,5.75031E+20,5.34919E+21,1.00116E+16,4.82915E+16
39067,39068,8,1,15,53,2016,10,16,2,3,8,1,0,0,0,1,0,0,1,0,4.84906E+20,5.38141E+21,8.79532E+15,4.85856E+16
39068,39069,8,2,15,108,2016,10,10,4,3,5,3,0,0,0,1,0,0,0,0,4.48899E+20,5.42341E+21,8.30189E+15,4.89615E+16
39069,39070,8,2,36,71,2016,10,16,2,3,6,7,0,0,0,1,1,0,0,0,4.68882E+20,5.42139E+21,8.57503E+15,4.89446E+16
39070,39071,8,2,31,0,2016,10,4,4,3,8,1,2,0,0,1,0,0,0,0,4.79018E+20,5.4143E+21,8.71382E+15,4.88813E+16
39071,39072,8,3,36,19,2016,10,23,7,3,9,1,2,0,0,1,0,0,0,0,3.94459E+20,5.27621E+21,7.59514E+15,4.76307E+16
39072,39073,8,1,19,85,2016,10,6,4,3,5,3,2,0,0,1,0,0,0,0,5.2815E+20,5.41433E+21,9.38395E+15,4.88812E+16
39073,39074,8,4,16,26,2016,10,11,3,3,5,3,0,0,0,1,0,0,0,0,5.05355E+20,5.36409E+21,9.07239E+15,4.843E+16
39074,39075,8,3,11,0,2016,10,15,3,2,5,2,0,0,0,1,0,1,0,0,4.05503E+20,5.31488E+21,7.73368E+15,4.79802E+16
39075,39076,8,1,15,13,2016,10,15,1,3,4,6,0,0,0,1,0,1,0,0,4.94617E+20,5.38983E+21,8.9269E+15,4.86615E+16
39076,39077,8,4,36,64,2016,10,17,7,3,2,1,1,0,0,1,0,1,0,0,5.43778E+20,5.29071E+21,9.58426E+15,4.77682E+16
39077,39078,8,1,11,0,2016,10,0,6,3,2,6,2,0,0,1,0,0,0,0,5.16285E+20,5.40403E+21,9.22171E+15,4.8789E+16
39078,39079,8,4,36,79,2016,10,6,6,3,5,3,2,0,0,1,0,0,0,0,5.53262E+20,5.29167E+21,9.71094E+15,4.77762E+16
39079,39080,8,3,36,105,2016,10,8,5,2,3,6,0,0,1,0,0,1,0,0,4.01358E+20,5.26725E+21,7.68897E+15,4.75512E+16
39080,39081,8,1,36,88,2016,10,20,6,3,4,2,2,0,0,1,0,1,0,0,5.80295E+20,5.41059E+21,1.00944E+16,4.88431E+16
39081,39082,8,1,27,86,2016,10,16,2,2,4,2,0,0,0,1,0,0,0,0,5.51843E+20,5.44638E+21,9.71119E+15,4.91681E+16
39082,39083,8,1,18,19,2016,10,16,3,3,2,6,0,0,0,1,0,0,1,0,5.01903E+20,5.40466E+21,9.02591E+15,4.87949E+16
39083,39084,8,1,18,73,2016,10,17,3,3,1,6,0,0,0,1,0,0,0,0,4.9628E+20,5.41962E+21,8.94922E+15,4.89295E+16
39084,39085,8,3,37,66,2016,10,13,1,2,5,3,0,0,0,1,0,0,0,0,4.31074E+20,5.26889E+21,8.08359E+15,4.75697E+16
39085,39086,8,1,35,19,2016,10,7,4,3,1,6,1,0,0,1,0,0,0,0,5.84648E+20,5.39245E+21,1.01499E+16,4.86793E+16
39086,39087,8,3,17,1,2016,10,23,1,2,8,1,2,1,0,1,0,0,0,0,4.26053E+20,5.38437E+21,7.99684E+15,4.86081E+16
39087,39088,8,2,26,96,2016,10,13,7,3,2,6,0,1,0,1,0,0,0,0,4.73621E+20,5.49206E+21,8.63508E+15,4.95806E+16
39088,39089,8,1,16,4,2016,10,16,4,3,2,6,0,0,0,1,0,0,0,0,5.28201E+20,5.39638E+21,9.38342E+15,4.87198E+16
39089,39090,8,4,35,57,2016,10,17,3,3,5,3,0,0,0,0,0,0,0,1,5.42079E+20,5.27965E+21,9.56051E+15,4.76689E+16
39090,39091,8,4,35,52,2016,10,14,2,3,8,1,0,0,0,1,0,0,0,0,5.27595E+20,5.29175E+21,9.36836E+15,4.77785E+16
39091,39092,8,4,15,61,2016,10,16,6,3,8,1,0,0,0,0,0,1,0,0,5.14938E+20,5.37677E+21,9.20239E+15,4.85438E+16
39092,39093,8,4,25,33,2016,10,20,1,3,9,7,2,0,0,1,0,0,0,0,5.47707E+20,5.35284E+21,9.64363E+15,4.83269E+16
39093,39094,8,3,35,75,2016,10,17,5,3,1,5,0,0,1,1,0,0,0,0,4.8802E+20,5.29E+21,8.84012E+15,4.77632E+16
39094,39095,8,2,26,3,2016,10,15,5,2,4,6,0,0,0,1,0,0,1,0,4.63707E+20,5.4619E+21,8.50071E+15,4.93088E+16
39095,39096,8,2,22,0,2016,10,18,1,3,2,6,0,0,0,1,0,0,0,0,4.68412E+20,5.4778E+21,8.56417E+15,4.9452E+16
39096,39097,8,4,21,0,2016,10,18,4,3,8,1,0,0,0,0,0,1,0,0,5.72295E+20,5.36145E+21,9.97677E+15,4.84021E+16
39097,39098,8,2,25,109,2016,10,16,7,3,8,1,0,1,0,1,0,0,0,0,5.25141E+20,5.49429E+21,9.34793E+15,4.96006E+16
39098,39099,8,4,25,31,2016,10,6,2,3,6,4,2,0,0,1,1,0,0,0,5.69943E+20,5.36867E+21,9.94621E+15,4.84673E+16
39099,39100,8,1,18,54,2016,10,20,2,3,0,7,2,0,0,1,0,0,0,0,5.1736E+20,5.42275E+21,9.23715E+15,4.89574E+16
39100,39101,8,1,16,42,2016,10,14,2,3,3,6,0,0,0,1,0,0,0,0,5.18748E+20,5.3806E+21,9.25418E+15,4.85782E+16
39101,39102,8,4,21,0,2016,10,12,5,3,5,3,0,0,0,1,0,0,0,1,5.72112E+20,5.3656E+21,9.97503E+15,4.84394E+16
39102,39103,8,2,31,0,2016,10,7,5,3,2,6,2,0,0,1,0,0,0,0,4.7529E+20,5.41125E+21,8.66315E+15,4.88537E+16
39103,39104,8,2,22,0,2016,10,8,7,3,1,6,0,1,0,1,0,0,0,1,4.60582E+20,5.48175E+21,8.45576E+15,4.94871E+16
39104,39105,8,1,28,131,2016,10,20,6,2,8,7,2,0,0,1,0,0,0,0,5.35249E+20,5.50965E+21,9.48919E+15,4.97383E+16
39105,39106,8,1,19,91,2016,10,19,2,3,5,3,2,0,0,1,0,0,0,0,5.25677E+20,5.40611E+21,9.34971E+15,4.88075E+16
39106,39107,8,1,28,115,2016,10,0,3,3,9,1,2,1,0,1,0,0,0,0,5.45145E+20,5.498E+21,9.62518E+15,4.96328E+16
39107,39108,8,1,16,72,2016,10,13,3,3,2,6,0,0,0,1,0,0,0,0,5.30979E+20,5.39452E+21,9.42105E+15,4.8703E+16
39108,39109,8,4,16,36,2016,10,15,2,3,0,7,0,0,0,0,0,1,0,0,4.97966E+20,5.36373E+21,8.9725E+15,4.84267E+16
39109,39110,8,2,36,4,2016,10,3,2,3,9,1,2,1,0,1,0,0,0,0,4.70463E+20,5.41241E+21,8.59727E+15,4.88639E+16
39110,39111,8,1,27,14,2016,10,18,4,3,5,3,1,0,0,1,0,0,0,0,5.78528E+20,5.44339E+21,1.00766E+16,4.91384E+16
39111,39112,8,2,22,0,2016,10,17,1,3,2,2,0,0,0,1,0,0,0,1,4.68774E+20,5.47642E+21,8.56927E+15,4.94396E+16
39112,39113,8,1,25,110,2016,10,0,6,3,8,1,2,1,0,1,0,0,0,0,5.28898E+20,5.44095E+21,9.39605E+15,4.91207E+16
39113,39114,8,2,36,76,2016,10,20,7,3,8,1,2,1,0,1,0,0,0,0,4.70738E+20,5.42443E+21,8.60015E+15,4.89721E+16
39114,39115,8,1,11,0,2016,10,0,4,3,2,6,2,0,0,1,0,0,1,0,5.18584E+20,5.40158E+21,9.2529E+15,4.87669E+16
39115,39116,8,4,35,16,2016,10,13,6,2,0,7,0,0,1,0,0,0,0,0,5.36295E+20,5.27891E+21,9.48342E+15,4.76626E+16
39116,39117,8,3,37,51,2016,10,16,1,3,5,3,0,0,0,1,0,1,0,0,4.37628E+20,5.28637E+21,8.16823E+15,4.77277E+16
39117,39118,8,3,17,150,2016,10,7,5,3,8,1,0,0,0,1,0,0,0,0,4.08123E+20,5.35721E+21,7.75963E+15,4.83614E+16
39118,39119,8,1,36,34,2016,10,20,5,3,4,2,2,0,0,1,0,0,0,0,5.65391E+20,5.40821E+21,9.89088E+15,4.88234E+16
39119,39120,8,2,36,72,2016,10,15,1,3,1,6,0,0,0,1,0,0,0,0,4.67464E+20,5.40906E+21,8.55665E+15,4.88336E+16
39120,39121,8,3,36,84,2016,10,16,4,2,0,1,0,0,0,0,0,1,0,1,4.06418E+20,5.27731E+21,7.75405E+15,4.76424E+16
39121,39122,8,2,22,0,2016,10,16,7,3,5,2,0,1,0,1,0,0,0,0,4.66583E+20,5.47791E+21,8.53893E+15,4.9453E+16
39122,39123,8,4,15,61,2016,10,17,2,3,5,3,0,0,0,1,0,0,0,0,5.12157E+20,5.37144E+21,9.16455E+15,4.8496E+16
39123,39124,8,1,17,2,2016,10,8,2,3,5,3,0,0,0,1,0,0,0,0,5.41054E+20,5.38671E+21,9.5572E+15,4.86321E+16
39124,39125,8,2,31,0,2016,10,12,2,2,2,6,0,0,0,1,0,0,0,0,4.81075E+20,5.41897E+21,8.74166E+15,4.89233E+16
39125,39126,8,2,12,0,2016,10,6,4,2,4,6,2,0,1,0,0,0,0,0,4.58094E+20,5.42762E+21,8.42707E+15,4.90001E+16
39126,39127,8,3,15,74,2016,10,15,2,2,0,1,0,0,0,0,0,1,0,0,3.98536E+20,5.29675E+21,7.6446E+15,4.78161E+16
39127,39128,8,1,28,14,2016,10,19,2,3,0,1,2,1,0,0,0,1,0,0,5.44363E+20,5.47892E+21,9.6122E+15,4.94613E+16
39128,39129,8,3,25,49,2016,10,13,3,3,2,3,0,0,0,1,0,0,0,0,4.70675E+20,5.33464E+21,8.60562E+15,4.81643E+16
39129,39130,8,1,19,91,2016,10,15,1,3,0,2,0,0,0,1,0,0,0,0,5.29867E+20,5.40721E+21,9.40686E+15,4.88171E+16
39130,39131,8,4,21,0,2016,10,11,7,3,2,6,0,0,0,1,0,0,0,0,5.68782E+20,5.35315E+21,9.92797E+15,4.83278E+16
39131,39132,8,3,17,34,2016,10,13,2,2,6,4,0,0,0,1,1,0,0,0,4.26694E+20,5.364E+21,8.00912E+15,4.84249E+16
39132,39133,8,4,36,55,2016,10,3,2,3,5,3,2,0,0,1,0,0,0,0,5.80372E+20,5.29592E+21,1.00735E+16,4.78116E+16
39133,39134,8,3,15,133,2016,10,6,4,3,4,6,2,0,0,0,0,1,0,1,3.97068E+20,5.3277E+21,7.6176E+15,4.80943E+16
39134,39135,8,3,17,39,2016,10,15,2,3,2,2,0,0,0,1,0,0,0,0,4.41631E+20,5.34311E+21,8.2139E+15,4.82385E+16
39135,39136,8,1,36,42,2016,10,11,2,3,9,1,0,1,0,0,0,1,0,0,5.50507E+20,5.40303E+21,9.68748E+15,4.87782E+16
39136,39137,8,1,27,25,2016,10,17,1,3,0,1,0,1,0,0,0,1,0,0,5.56865E+20,5.42558E+21,9.77716E+15,4.89805E+16
39137,39138,8,4,17,2,2016,10,14,7,3,4,6,0,0,1,0,0,0,0,0,4.89792E+20,5.34914E+21,8.86237E+15,4.82954E+16
39138,39139,8,4,25,31,2016,10,13,6,3,2,6,0,0,0,1,0,0,0,0,5.64301E+20,5.37019E+21,9.87012E+15,4.84816E+16
39139,39140,8,1,18,63,2016,10,21,7,3,8,6,2,1,0,1,0,0,0,1,5.15859E+20,5.42284E+21,9.21664E+15,4.89583E+16
39140,39141,8,2,15,96,2016,10,20,6,3,4,2,2,0,1,1,0,0,0,0,4.61023E+20,5.41613E+21,8.4682E+15,4.88969E+16
39141,39142,8,1,35,19,2016,10,9,7,3,3,6,0,0,0,1,0,0,0,0,5.84225E+20,5.39242E+21,1.01442E+16,4.86792E+16
39142,39143,8,1,18,79,2016,10,6,5,3,1,6,2,0,0,1,0,0,0,1,5.10633E+20,5.42239E+21,9.14524E+15,4.89543E+16
39143,39144,8,1,15,42,2016,10,21,1,3,2,6,2,0,0,1,0,0,0,0,4.95106E+20,5.40571E+21,8.93335E+15,4.88043E+16
39144,39145,8,3,26,27,2016,10,8,4,2,2,2,0,0,0,0,0,1,0,0,4.60326E+20,5.30297E+21,8.46938E+15,4.78789E+16
39145,39146,8,2,21,0,2016,10,9,7,3,4,2,0,1,0,1,0,0,0,0,4.75062E+20,5.46987E+21,8.65643E+15,4.9381E+16
39146,39147,8,2,37,28,2016,10,12,2,1,5,3,0,0,0,1,0,0,1,0,4.465E+20,5.3699E+21,8.27606E+15,4.848E+16
39147,39148,8,1,16,70,2016,10,4,2,3,5,3,2,1,0,1,0,0,0,0,5.39836E+20,5.38516E+21,9.54052E+15,4.86183E+16
39148,39149,8,2,36,72,2016,10,13,2,2,6,4,0,0,0,1,1,0,0,0,4.67347E+20,5.41069E+21,8.55492E+15,4.88483E+16
39149,39150,8,2,35,32,2016,10,11,4,3,8,1,0,0,0,1,0,0,0,0,4.70671E+20,5.37332E+21,8.60288E+15,4.85123E+16
39150,39151,8,4,15,53,2016,10,12,7,3,8,1,0,0,0,1,0,0,0,0,5.36232E+20,5.36044E+21,9.48947E+15,4.83961E+16
39151,39152,8,2,12,0,2016,10,15,2,3,3,1,0,1,0,1,0,0,0,0,4.62454E+20,5.42209E+21,8.48718E+15,4.89506E+16
39152,39153,8,4,37,44,2016,10,13,3,3,2,6,0,0,0,1,0,0,0,0,5.35103E+20,5.32022E+21,9.47089E+15,4.80343E+16
39153,39154,8,3,17,65,2016,10,18,3,3,5,3,0,0,1,0,0,1,0,0,4.16928E+20,5.35478E+21,7.87895E+15,4.83407E+16
39154,39155,8,1,16,19,2016,10,14,1,3,4,7,0,1,0,1,0,0,0,0,5.23085E+20,5.39672E+21,9.31388E+15,4.87231E+16
39155,39156,8,4,16,41,2016,10,13,7,3,2,6,0,0,0,1,0,0,0,0,5.04475E+20,5.37289E+21,9.06059E+15,4.85092E+16
39156,39157,8,1,11,0,2016,10,12,6,3,2,6,0,0,0,1,0,0,0,0,5.12626E+20,5.40773E+21,9.17202E+15,4.88224E+16
39157,39158,8,1,17,35,2016,10,10,7,3,2,6,0,0,0,1,0,0,0,0,5.48912E+20,5.38138E+21,9.66322E+15,4.85836E+16
39158,39159,8,3,15,74,2016,10,5,5,3,2,1,2,0,0,1,0,0,0,0,3.9831E+20,5.29586E+21,7.64181E+15,4.78081E+16
39159,39160,8,1,15,21,2016,10,21,6,3,2,7,2,0,0,0,0,0,0,1,4.92449E+20,5.38178E+21,8.8976E+15,4.85891E+16
39160,39161,8,1,11,0,2016,10,8,5,3,2,6,0,0,0,1,0,0,0,0,5.14757E+20,5.40249E+21,9.20085E+15,4.87752E+16
39161,39162,8,2,15,17,2016,10,11,3,3,8,6,0,1,0,1,0,0,0,0,4.546E+20,5.42321E+21,8.37979E+15,4.89601E+16
39162,39163,8,1,15,21,2016,10,19,6,3,5,3,2,0,0,1,0,0,0,0,4.92152E+20,5.38105E+21,8.8936E+15,4.85824E+16
39163,39164,8,1,25,48,2016,10,22,7,3,8,1,2,0,0,1,0,0,0,0,5.32355E+20,5.46235E+21,9.44515E+15,4.93131E+16
39164,39165,8,2,22,0,2016,10,7,6,2,8,1,0,0,0,1,0,0,0,0,4.65334E+20,5.47654E+21,8.52182E+15,4.94405E+16
39165,39166,8,1,11,0,2016,10,18,5,3,2,6,0,0,0,1,0,0,0,0,5.13061E+20,5.40692E+21,9.17791E+15,4.88151E+16
39166,39167,8,2,16,43,2016,10,14,3,3,2,2,0,0,0,1,0,0,0,0,4.39884E+20,5.41369E+21,8.18018E+15,4.88733E+16
39167,39168,8,1,27,76,2016,10,3,1,3,5,3,2,0,0,1,0,0,0,1,5.53798E+20,5.44065E+21,9.73724E+15,4.91163E+16
39168,39169,8,3,15,132,2016,10,17,4,2,5,3,0,0,1,1,0,0,0,0,4.09125E+20,5.32309E+21,7.78047E+15,4.80546E+16
39169,39170,8,1,11,0,2016,10,17,2,3,2,6,0,0,0,1,0,0,0,0,5.13601E+20,5.40293E+21,9.18513E+15,4.87793E+16
39170,39171,8,2,15,101,2016,10,15,4,3,2,6,0,0,0,1,0,1,0,0,4.65469E+20,5.42808E+21,8.52785E+15,4.90047E+16
39171,39172,8,2,12,0,2016,10,12,2,3,2,6,0,0,0,1,0,0,0,0,4.53663E+20,5.42816E+21,8.36642E+15,4.90046E+16
39172,39173,8,2,22,0,2016,10,17,4,3,5,3,0,0,0,1,0,1,0,0,4.62429E+20,5.48564E+21,8.48088E+15,4.95222E+16
39173,39174,8,3,26,74,2016,10,18,7,3,5,3,0,0,0,1,0,0,0,0,4.60174E+20,5.32393E+21,8.46541E+15,4.80674E+16
39174,39175,8,1,19,67,2016,10,6,4,3,2,6,0,0,0,1,0,0,0,0,5.3988E+20,5.40744E+21,9.54326E+15,4.88186E+16
39175,39176,8,4,15,50,2016,10,16,3,3,8,7,0,0,0,1,0,0,0,0,5.18882E+20,5.37465E+21,9.25572E+15,4.85247E+16
39176,39177,8,2,31,0,2016,10,7,3,3,2,6,0,0,0,1,0,0,0,0,4.78991E+20,5.41805E+21,8.71326E+15,4.89151E+16
39177,39178,8,1,11,0,2016,10,0,1,3,5,2,2,1,0,1,0,0,0,1,5.18293E+20,5.40309E+21,9.24901E+15,4.87805E+16
39178,39179,8,1,19,91,2016,10,20,2,3,9,1,2,1,0,1,0,0,0,0,5.28371E+20,5.40406E+21,9.38626E+15,4.87889E+16
39179,39180,8,1,11,0,2016,10,15,6,3,5,2,0,0,0,1,0,0,0,0,5.09409E+20,5.39827E+21,9.12797E+15,4.87374E+16
39180,39181,8,2,12,0,2016,10,15,5,2,8,1,0,0,0,1,0,0,0,0,4.57984E+20,5.43332E+21,8.42497E+15,4.90513E+16
39181,39182,8,1,35,19,2016,10,15,6,3,1,6,0,0,0,1,0,0,0,0,5.83201E+20,5.39249E+21,1.01303E+16,4.86799E+16
39182,39183,8,1,25,46,2016,10,14,2,2,8,1,0,0,0,1,0,0,0,0,5.17806E+20,5.43213E+21,9.24364E+15,4.90418E+16