FID,OBJECTID,ULAND,UREGBEZ,UKREIS,UGEMEINDE,UJAHR,UMONAT,USTUNDE,UWOCHENTAG,UKATEGORIE,UART,UTYP1,ULICHTVERH,IstStrasse,IstRad,IstPKW,IstFuss,IstKrad,IstGkfz,IstSonstig,LINREFX,LINREFY,XGCSWGS84,YGCSWGS84
39362,39363,8,1,19,91,2016,10,7,2,2,3,7,0,0,0,1,0,1,0,0,5.26909E+20,5.40685E+21,9.36653E+15,4.8814E+16
39363,39364,8,3,35,98,2016,10,4,1,3,0,1,2,0,1,0,0,0,0,0,5.04308E+20,5.29645E+21,9.05755E+15,4.78214E+16
39364,39365,8,1,11,0,2016,10,15,4,3,3,6,0,0,0,1,0,0,1,0,5.11943E+20,5.40979E+21,9.16277E+15,4.8841E+16
39365,39366,8,1,11,0,2016,10,13,3,3,5,3,0,0,0,1,0,0,1,0,5.18546E+20,5.40637E+21,9.25261E+15,4.88101E+16
39366,39367,8,3,27,50,2016,10,15,7,3,8,6,0,0,0,1,0,0,0,0,4.84546E+20,5.31347E+21,8.79293E+15,4.79743E+16
39367,39368,8,3,15,98,2016,10,16,3,3,2,6,0,0,0,1,0,0,0,0,4.01996E+20,5.31222E+21,7.6873E+15,4.79558E+16
39368,39369,8,1,18,71,2016,10,19,3,3,5,3,2,0,0,1,0,0,0,0,5.09467E+20,5.42032E+21,9.12927E+15,4.89357E+16
39369,39370,8,2,22,0,2016,10,19,5,3,1,6,2,0,0,1,0,0,0,0,4.61459E+20,5.48416E+21,8.46763E+15,4.95088E+16
39370,39371,8,3,17,65,2016,10,19,3,3,5,3,2,0,1,1,0,0,0,0,4.14178E+20,5.35508E+21,7.84179E+15,4.83431E+16
39371,39372,8,1,19,79,2016,10,7,3,3,2,6,1,1,0,1,0,0,0,0,5.23978E+20,5.41128E+21,9.32688E+15,4.88541E+16
39372,39373,8,2,31,0,2016,10,16,3,3,2,6,0,1,0,1,0,0,0,0,4.82544E+20,5.41777E+21,8.76176E+15,4.89126E+16
39373,39374,8,2,16,17,2016,10,9,7,3,5,3,0,0,0,1,0,0,0,0,4.52076E+20,5.39891E+21,8.34815E+15,4.87414E+16
39374,39375,8,3,17,26,2016,10,7,4,2,5,3,0,0,1,1,0,0,0,0,4.11323E+20,5.34593E+21,7.8052E+15,4.82604E+16
39375,39376,8,2,22,0,2016,10,7,4,3,4,6,0,0,1,0,0,0,0,0,4.62712E+20,5.47948E+21,8.48537E+15,4.94668E+16
39376,39377,8,2,31,0,2016,10,15,6,3,2,6,0,0,0,1,0,0,0,1,4.80838E+20,5.41881E+21,8.73843E+15,4.89219E+16
39377,39378,8,1,21,0,2016,10,17,4,3,2,6,0,0,0,1,0,0,0,0,5.13808E+20,5.44838E+21,9.1895E+15,4.91881E+16
39378,39379,8,1,27,32,2016,10,15,6,3,0,6,0,0,0,1,0,0,0,0,5.7146E+20,5.45706E+21,9.98217E+15,4.92622E+16
39379,39380,8,1,11,0,2016,10,10,4,2,3,6,0,1,0,1,0,1,1,0,5.10098E+20,5.40028E+21,9.13739E+15,4.87554E+16
39380,39381,8,2,37,75,2016,10,17,2,2,4,1,1,1,0,1,0,0,0,0,4.4685E+20,5.35784E+21,8.28232E+15,4.83715E+16
39381,39382,8,3,36,91,2016,10,9,3,3,0,1,0,1,0,0,0,1,0,0,3.94366E+20,5.27179E+21,7.59497E+15,4.75909E+16
39382,39383,8,1,36,46,2016,10,18,1,3,4,6,0,0,1,1,0,0,0,0,5.78078E+20,5.41988E+21,1.00659E+16,4.8927E+16
39383,39384,8,4,37,104,2016,10,15,1,3,9,1,0,0,0,0,0,1,0,0,5.15463E+20,5.32738E+21,9.20769E+15,4.80995E+16
39384,39385,8,1,35,19,2016,10,14,1,2,2,6,0,0,0,1,0,1,0,0,5.87778E+20,5.40329E+21,1.01948E+16,4.87764E+16
39385,39386,8,3,17,1,2016,10,15,1,2,3,2,0,0,0,1,0,1,0,0,4.28947E+20,5.38444E+21,8.03608E+15,4.8609E+16
39386,39387,8,3,26,65,2016,10,18,3,2,9,1,1,1,0,1,0,0,0,0,4.54091E+20,5.32479E+21,8.38367E+15,4.80747E+16
39387,39388,8,2,26,85,2016,10,18,7,3,2,6,0,0,0,1,0,0,0,0,4.85732E+20,5.45667E+21,8.80389E+15,4.92626E+16
39388,39389,8,2,15,102,2016,10,17,5,3,5,3,0,0,0,1,0,0,0,0,4.56262E+20,5.43514E+21,8.40121E+15,4.90676E+16
39389,39390,8,1,25,63,2016,10,19,5,3,2,6,2,0,0,1,0,0,0,0,5.26429E+20,5.46331E+21,9.36369E+15,4.93219E+16
39390,39391,8,4,17,22,2016,10,22,4,3,1,6,2,0,0,1,0,0,0,0,4.82902E+20,5.34969E+21,8.76945E+15,4.83002E+16
39391,39392,8,1,17,14,2016,10,22,3,3,5,3,2,1,0,1,0,0,0,0,5.54177E+20,5.3843E+21,9.73498E+15,4.86094E+16
39392,39393,8,1,26,11,2016,10,12,7,3,5,3,0,0,0,1,0,0,0,0,5.31494E+20,5.44709E+21,9.43211E+15,4.91758E+16
39393,39394,8,4,36,55,2016,10,21,2,2,8,1,2,1,0,1,0,0,0,0,5.72346E+20,5.29345E+21,9.96594E+15,4.77903E+16
39394,39395,8,2,16,43,2016,10,15,3,3,2,6,0,1,0,1,0,0,0,0,4.41827E+20,5.41421E+21,8.20659E+15,4.88781E+16
39395,39396,8,3,17,96,2016,10,3,7,3,2,6,2,0,0,1,0,0,0,1,4.1882E+20,5.37121E+21,7.9013E+15,4.84887E+16
39396,39397,8,2,22,0,2016,10,8,5,2,6,4,0,0,0,0,1,0,0,1,4.61875E+20,5.48131E+21,8.47365E+15,4.94833E+16
39397,39398,8,3,25,53,2016,10,14,3,3,1,6,0,0,0,1,0,0,0,0,4.54355E+20,5.34185E+21,8.38539E+15,4.82283E+16
39398,39399,8,1,15,45,2016,10,11,3,3,2,6,0,0,0,0,0,0,1,0,5.01872E+20,5.40242E+21,9.02547E+15,4.87748E+16
39399,39400,8,4,26,100,2016,10,1,4,2,8,1,2,1,0,1,0,0,0,0,5.77402E+20,5.31767E+21,1.00378E+16,4.80076E+16
39400,39401,8,1,18,40,2016,10,13,3,3,5,3,0,1,0,1,0,0,1,0,5.10722E+20,5.43123E+21,9.14669E+15,4.90339E+16
39401,39402,8,1,35,26,2016,10,13,7,3,8,1,0,1,0,1,0,0,0,0,5.89724E+20,5.39485E+21,1.02194E+16,4.87002E+16
39402,39403,8,2,25,58,2016,10,6,3,3,0,1,2,1,0,0,0,1,0,0,5.07508E+20,5.46681E+21,9.10338E+15,4.93539E+16
39403,39404,8,1,15,28,2016,10,15,7,2,9,1,0,0,0,0,0,0,1,0,5.01318E+20,5.40397E+21,9.01795E+15,4.87887E+16
39404,39405,8,2,16,43,2016,10,17,2,3,5,3,0,0,1,1,0,0,0,0,4.41595E+20,5.41122E+21,8.20386E+15,4.88512E+16
39405,39406,8,1,11,0,2016,10,11,7,3,2,6,0,0,0,1,0,0,0,0,5.12256E+20,5.39677E+21,9.16665E+15,4.87238E+16
39406,39407,8,1,18,19,2016,10,20,4,3,3,6,2,0,0,1,0,0,1,0,5.02182E+20,5.40492E+21,9.02971E+15,4.87973E+16
39407,39408,8,2,26,65,2016,10,12,6,3,2,2,0,0,0,1,0,0,0,0,4.75823E+20,5.45694E+21,8.66769E+15,4.92648E+16
39408,39409,8,1,18,71,2016,10,8,6,3,2,6,0,0,0,1,0,0,0,0,5.11152E+20,5.41891E+21,9.15223E+15,4.89231E+16
39409,39410,8,4,35,34,2016,10,13,3,3,2,6,0,0,0,1,0,0,0,0,5.29876E+20,5.28446E+21,9.39831E+15,4.77128E+16
39410,39411,8,2,12,0,2016,10,9,2,3,2,6,0,0,0,1,0,0,0,0,4.54212E+20,5.42622E+21,8.37415E+15,4.89872E+16
39411,39412,8,2,25,2,2016,10,15,1,2,2,6,0,0,0,0,0,1,0,0,4.97822E+20,5.46776E+21,8.97001E+15,4.93625E+16
39412,39413,8,1,15,28,2016,10,12,1,3,2,6,0,0,0,1,0,1,0,0,5.02824E+20,5.40181E+21,9.03843E+15,4.87693E+16
39413,39414,8,3,36,78,2016,10,5,1,2,6,4,2,0,0,1,1,0,0,0,3.95299E+20,5.2887E+21,7.60332E+15,4.77432E+16
39414,39415,8,2,12,0,2016,10,17,3,2,3,2,0,0,1,1,0,0,0,0,4.59239E+20,5.42808E+21,8.44267E+15,4.90043E+16
39415,39416,8,1,25,46,2016,10,14,5,3,2,7,0,0,0,1,0,0,0,1,5.19469E+20,5.43279E+21,9.26644E+15,4.90477E+16
39416,39417,8,1,18,78,2016,10,12,5,3,6,4,0,0,0,0,1,0,0,1,5.13952E+20,5.41966E+21,9.19048E+15,4.89297E+16
39417,39418,8,3,35,79,2016,10,19,4,3,9,1,2,0,0,1,0,0,0,0,5.00572E+20,5.3051E+21,9.00765E+15,4.78993E+16
39418,39419,8,1,11,0,2016,10,7,3,3,2,6,1,1,0,1,0,0,0,0,5.11982E+20,5.40982E+21,9.1633E+15,4.88412E+16
39419,39420,8,1,36,65,2016,10,16,4,3,2,6,0,0,0,1,0,0,0,1,5.58845E+20,5.40592E+21,9.80138E+15,4.88034E+16
39420,39421,8,1,18,12,2016,10,14,7,3,9,1,0,0,0,0,0,1,0,0,4.9491E+20,5.41558E+21,8.93056E+15,4.88932E+16
39421,39422,8,4,25,130,2016,10,9,2,3,4,6,0,1,0,1,0,0,0,0,5.74182E+20,5.37886E+21,1.00054E+16,4.85585E+16
39422,39423,8,1,35,19,2016,10,19,2,3,5,3,2,1,1,1,0,0,0,0,5.83829E+20,5.39243E+21,1.01388E+16,4.86793E+16
39423,39424,8,3,26,61,2016,10,20,6,3,2,6,2,0,0,1,0,0,0,0,4.71984E+20,5.3215E+21,8.6241E+15,4.80461E+16
39424,39425,8,4,15,61,2016,10,15,3,3,4,1,0,0,0,1,0,0,0,0,5.14303E+20,5.37096E+21,9.19359E+15,4.84916E+16
39425,39426,8,4,15,59,2016,10,17,1,2,8,1,0,1,0,1,0,0,0,0,5.15771E+20,5.36383E+21,9.21319E+15,4.84274E+16
39426,39427,8,1,18,70,2016,10,17,4,3,1,7,1,0,0,1,0,1,0,0,5.20174E+20,5.42388E+21,9.27564E+15,4.89675E+16
39427,39428,8,1,18,7,2016,10,14,1,3,2,6,0,0,0,1,0,0,0,0,5.15612E+20,5.42799E+21,9.21346E+15,4.90046E+16
39428,39429,8,4,25,108,2016,10,13,7,3,8,1,0,1,0,1,0,0,0,0,5.53295E+20,5.3593E+21,9.71982E+15,4.83846E+16
39429,39430,8,4,16,36,2016,10,6,2,3,2,6,2,0,0,1,0,0,0,0,4.90011E+20,5.37345E+21,8.86474E+15,4.85141E+16
39430,39431,8,4,26,70,2016,10,6,6,2,5,3,2,0,0,1,0,1,0,0,5.61601E+20,5.3424E+21,9.82952E+15,4.82318E+16
39431,39432,8,2,15,96,2016,10,14,6,3,5,3,0,0,0,1,0,0,0,0,4.64689E+20,5.41411E+21,8.5184E+15,4.88789E+16
39432,39433,8,1,16,77,2016,10,12,6,3,2,6,0,0,0,0,0,1,0,1,5.15969E+20,5.39151E+21,9.21692E+15,4.86764E+16
39433,39434,8,4,26,113,2016,10,13,3,2,5,3,0,1,0,1,0,0,0,0,5.68243E+20,5.31841E+21,9.91511E+15,4.80154E+16
39434,39435,8,4,26,44,2016,10,10,1,3,5,3,0,0,0,1,0,0,0,0,5.80199E+20,5.32692E+21,1.0077E+16,4.80905E+16
39435,39436,8,2,36,46,2016,10,17,2,3,2,6,0,0,0,1,0,0,0,0,4.82834E+20,5.4179E+21,8.76571E+15,4.89138E+16
39436,39437,8,1,28,6,2016,10,13,4,3,3,2,0,0,0,1,0,1,0,0,5.51096E+20,5.47693E+21,9.70486E+15,4.94429E+16
39437,39438,8,1,19,76,2016,10,22,1,3,9,1,2,0,0,1,0,0,0,0,5.41567E+20,5.40654E+21,9.56616E+15,4.88105E+16
39438,39439,8,4,26,28,2016,10,1,7,3,8,1,2,0,0,1,0,0,0,0,5.68307E+20,5.3422E+21,9.91978E+15,4.82293E+16
39439,39440,8,4,35,57,2016,10,9,5,3,5,3,0,0,0,1,0,0,0,0,5.41152E+20,5.27981E+21,9.54819E+15,4.76704E+16
39440,39441,8,2,35,6,2016,10,2,1,3,8,1,2,0,0,1,0,0,0,0,4.68938E+20,5.37776E+21,8.57908E+15,4.85522E+16
39441,39442,8,1,35,19,2016,10,15,3,2,5,3,0,0,1,1,0,0,0,0,5.84279E+20,5.39239E+21,1.01449E+16,4.86789E+16
39442,39443,8,1,15,28,2016,10,19,5,3,2,6,2,0,0,1,0,0,0,0,5.02418E+20,5.40103E+21,9.03291E+15,4.87623E+16
39443,39444,8,1,17,26,2016,10,8,5,3,5,3,0,0,0,1,0,1,0,0,5.4571E+20,5.39561E+21,9.62137E+15,4.87118E+16
39444,39445,8,1,11,0,2016,10,20,5,3,2,6,2,0,0,1,0,0,0,0,5.13416E+20,5.40259E+21,9.18261E+15,4.87761E+16
39445,39446,8,3,26,37,2016,10,15,4,2,4,6,0,0,0,1,0,0,0,0,4.56006E+20,5.32897E+21,8.40895E+15,4.81124E+16
39446,39447,8,2,31,0,2016,10,6,4,3,1,5,2,0,0,1,0,0,0,0,4.81438E+20,5.41764E+21,8.74667E+15,4.89114E+16
39447,39448,8,1,26,66,2016,10,12,4,3,5,3,0,0,1,1,0,0,0,0,5.36456E+20,5.44944E+21,9.5004E+15,4.91966E+16
39448,39449,8,1,15,21,2016,10,17,7,3,5,2,0,0,0,1,0,0,0,0,4.88382E+20,5.38459E+21,8.84238E+15,4.86143E+16
39449,39450,8,4,15,78,2016,10,7,2,3,2,7,1,0,0,1,0,0,1,0,5.28117E+20,5.3717E+21,9.3806E+15,4.84978E+16
39450,39451,8,2,36,46,2016,10,9,3,3,2,6,0,0,0,1,0,0,0,0,4.82761E+20,5.41798E+21,8.76471E+15,4.89145E+16
39451,39452,8,2,36,67,2016,10,17,1,2,8,2,0,0,0,0,0,1,0,0,4.86912E+20,5.41214E+21,8.82156E+15,4.88621E+16
39452,39453,8,1,25,6,2016,10,7,2,3,0,7,1,0,0,1,0,0,0,0,5.04982E+20,5.45336E+21,9.06844E+15,4.9233E+16
39453,39454,8,3,35,35,2016,10,17,1,3,8,1,0,0,0,1,0,0,0,0,4.8205E+20,5.28983E+21,8.76047E+15,4.77616E+16
39454,39455,8,1,16,78,2016,10,17,4,3,2,6,0,0,0,1,0,0,0,0,5.12247E+20,5.39258E+21,9.1664E+15,4.86861E+16
39455,39456,8,1,11,0,2016,10,5,3,2,3,6,2,0,0,1,0,1,0,0,5.16302E+20,5.39356E+21,9.22153E+15,4.86949E+16
39456,39457,8,1,18,48,2016,10,15,1,2,2,6,0,0,0,1,0,0,0,0,5.13161E+20,5.41679E+21,9.17959E+15,4.89039E+16
39457,39458,8,3,35,77,2016,10,10,7,3,5,3,0,1,0,1,0,0,0,0,4.97118E+20,5.29083E+21,8.96154E+15,4.77708E+16
39458,39459,8,4,21,0,2016,10,12,3,2,9,1,0,0,0,1,0,0,0,0,5.7225E+20,5.35945E+21,9.97583E+15,4.83841E+16
39459,39460,8,1,36,65,2016,10,20,3,3,5,3,2,0,0,1,0,0,0,0,5.589E+20,5.40606E+21,9.80215E+15,4.88047E+16
39460,39461,8,3,15,47,2016,10,7,5,3,2,6,0,0,0,1,0,0,0,0,4.15454E+20,5.32294E+21,7.86541E+15,4.80541E+16
39461,39462,8,3,27,19,2016,10,7,3,3,8,1,2,1,0,1,0,0,0,0,4.81811E+20,5.33058E+21,8.75556E+15,4.81282E+16
39462,39463,8,1,25,65,2016,10,7,3,3,2,6,2,1,0,1,0,1,0,0,5.19203E+20,5.45085E+21,9.26365E+15,4.92101E+16
39463,39464,8,2,36,25,2016,10,13,3,3,4,6,0,1,0,1,0,0,0,0,4.89669E+20,5.40917E+21,8.85922E+15,4.88355E+16
39464,39465,8,2,22,0,2016,10,16,7,3,2,6,0,0,0,1,0,0,0,0,4.66041E+20,5.48091E+21,8.53119E+15,4.94799E+16
39465,39466,8,4,37,105,2016,10,5,3,3,8,6,2,0,0,1,0,0,0,0,5.18621E+20,5.32454E+21,9.24998E+15,4.80739E+16
39466,39467,8,1,35,19,2016,10,18,3,3,2,6,0,0,0,1,0,0,0,0,5.81281E+20,5.39247E+21,1.01042E+16,4.868E+16
39467,39468,8,3,37,32,2016,10,15,5,2,4,1,0,0,0,1,0,0,1,0,4.37236E+20,5.27245E+21,8.165E+15,4.76024E+16
39468,39469,8,3,11,0,2016,10,9,3,3,9,1,0,1,0,1,0,0,0,0,4.09548E+20,5.31981E+21,7.78684E+15,4.80251E+16
39469,39470,8,1,25,103,2016,10,22,3,2,2,6,2,1,0,0,0,0,1,1,5.29962E+20,5.46681E+21,9.41256E+15,4.93533E+16
39470,39471,8,2,16,43,2016,10,16,3,3,2,6,0,0,0,1,0,0,0,0,4.44063E+20,5.41135E+21,8.23748E+15,4.88526E+16
39471,39472,8,1,11,0,2016,10,7,5,3,5,3,1,0,1,1,0,0,0,0,5.10232E+20,5.39721E+21,9.13913E+15,4.87279E+16
39472,39473,8,2,31,0,2016,10,5,7,3,8,1,2,0,0,1,0,0,0,0,4.78923E+20,5.41676E+21,8.71239E+15,4.89034E+16
39473,39474,8,4,35,57,2016,10,21,4,3,9,7,2,0,0,1,0,0,0,0,5.45805E+20,5.28005E+21,9.61019E+15,4.76723E+16
39474,39475,8,2,37,40,2016,10,12,4,3,5,3,0,0,0,1,0,0,0,1,4.76499E+20,5.36533E+21,8.68223E+15,4.84407E+16
39475,39476,8,2,16,7,2016,10,6,4,3,5,3,2,0,1,1,0,0,0,0,4.35823E+20,5.39463E+21,8.12777E+15,4.87014E+16
39476,39477,8,1,18,7,2016,10,17,4,3,1,6,0,1,0,1,0,0,0,0,5.1048E+20,5.42707E+21,9.14327E+15,4.89965E+16
39477,39478,8,3,35,75,2016,10,14,2,3,2,6,0,1,0,1,0,0,0,0,4.90928E+20,5.28976E+21,8.87894E+15,4.77611E+16
39478,39479,8,2,26,107,2016,10,13,3,3,2,6,0,0,0,1,0,0,0,0,4.73889E+20,5.48427E+21,8.63931E+15,4.95105E+16
39479,39480,8,2,12,0,2016,10,19,1,3,5,3,2,0,0,1,0,0,0,0,4.58854E+20,5.42819E+21,8.4374E+15,4.90052E+16
39480,39481,8,1,18,78,2016,10,6,2,3,5,3,2,0,0,1,0,1,0,0,5.13199E+20,5.41962E+21,9.18021E+15,4.89294E+16
39481,39482,8,3,27,57,2016,10,23,1,3,8,1,2,1,0,1,0,0,0,0,4.87255E+20,5.30577E+21,8.82946E+15,4.79051E+16
39482,39483,8,1,11,0,2016,10,18,3,3,2,6,0,0,0,1,0,0,0,0,5.16848E+20,5.40361E+21,9.22937E+15,4.87853E+16
39483,39484,8,3,25,49,2016,10,15,7,1,4,6,0,0,0,1,0,0,0,0,4.79091E+20,5.33888E+21,8.71859E+15,4.82028E+16
39484,39485,8,3,35,77,2016,10,16,3,3,2,6,0,0,0,1,0,0,1,0,4.93543E+20,5.29068E+21,8.91383E+15,4.77694E+16
39485,39486,8,1,28,139,2016,10,11,3,2,5,3,0,0,0,1,0,0,0,0,5.44434E+20,5.48868E+21,9.61428E+15,4.95491E+16
39486,39487,8,3,17,65,2016,10,19,3,2,6,4,2,0,0,1,1,0,0,0,4.168E+20,5.35494E+21,7.87719E+15,4.83422E+16
39487,39488,8,1,19,53,2016,10,13,3,2,0,6,0,0,0,1,0,0,0,1,5.33302E+20,5.42975E+21,9.45548E+15,4.90197E+16
39488,39489,8,2,26,85,2016,10,16,3,3,8,1,0,1,0,1,0,0,0,0,4.9119E+20,5.45228E+21,8.87901E+15,4.92232E+16
39489,39490,8,2,16,43,2016,10,8,7,2,4,7,0,0,0,1,0,0,0,0,4.44191E+20,5.41271E+21,8.23904E+15,4.88648E+16
39490,39491,8,2,26,54,2016,10,6,2,3,5,3,2,0,0,1,0,0,0,0,4.81103E+20,5.45507E+21,8.74035E+15,4.92481E+16
39491,39492,8,1,15,24,2016,10,7,7,3,8,1,2,0,0,1,0,0,0,0,5.00554E+20,5.38765E+21,9.00752E+15,4.86419E+16
39492,39493,8,3,36,50,2016,10,11,4,3,5,2,0,0,0,1,0,0,0,0,3.98849E+20,5.27347E+21,7.65419E+15,4.76067E+16
39493,39494,8,2,21,0,2016,10,3,4,3,0,1,2,1,1,0,0,0,0,0,4.7981E+20,5.47372E+21,8.72165E+15,4.94158E+16
39494,39495,8,2,12,0,2016,10,16,6,2,5,3,0,0,1,1,0,0,0,0,4.59865E+20,5.42589E+21,8.45144E+15,4.89846E+16
39495,39496,8,1,25,86,2016,10,20,6,3,0,6,2,0,0,1,0,0,0,0,5.02673E+20,5.44267E+21,9.03665E+15,4.91368E+16
39496,39497,8,1,11,0,2016,10,6,4,2,3,1,2,1,0,1,0,0,0,0,5.17787E+20,5.40012E+21,9.24199E+15,4.87538E+16
39497,39498,8,3,17,57,2016,10,8,2,3,5,2,0,0,0,1,0,1,0,0,4.1638E+20,5.37971E+21,7.86658E+15,4.85649E+16
39498,39499,8,1,36,82,2016,10,9,1,2,5,3,0,0,0,1,0,0,0,0,5.84309E+20,5.41566E+21,1.01501E+16,4.88882E+16
39499,39500,8,4,36,9,2016,10,16,1,2,4,1,0,0,0,1,0,1,0,0,5.53244E+20,5.31249E+21,9.71327E+15,4.79635E+16
39500,39501,8,1,17,6,2016,10,15,1,3,4,2,0,0,0,1,0,0,0,0,5.49809E+20,5.38092E+21,9.67532E+15,4.85794E+16
39501,39502,8,3,26,74,2016,10,16,4,3,2,6,0,0,0,1,0,0,0,0,4.65422E+20,5.32172E+21,8.53603E+15,4.80478E+16
39502,39503,8,2,26,91,2016,10,6,4,3,4,6,2,1,0,1,0,0,0,0,4.93853E+20,5.45955E+21,8.91548E+15,4.92887E+16
39503,39504,8,3,26,5,2016,10,7,6,3,4,6,0,0,0,1,0,0,0,0,4.65995E+20,5.29691E+21,8.54568E+15,4.78247E+16
39504,39505,8,2,16,7,2016,10,22,4,2,8,1,2,0,0,1,0,0,0,0,4.35646E+20,5.39895E+21,8.12469E+15,4.87403E+16
39505,39506,8,4,21,0,2016,10,23,6,2,2,6,2,0,0,1,0,0,0,0,5.72287E+20,5.36521E+21,9.97732E+15,4.84359E+16
39506,39507,8,1,16,16,2016,10,17,4,3,2,6,0,0,0,1,0,0,0,0,5.33545E+20,5.38469E+21,9.45512E+15,4.86144E+16
39507,39508,8,3,26,17,2016,10,18,2,3,5,3,1,1,0,1,0,0,0,0,4.40294E+20,5.32192E+21,8.19886E+15,4.80478E+16
39508,39509,8,2,25,1,2016,10,9,3,3,2,6,0,0,0,1,0,0,1,0,5.28479E+20,5.47211E+21,9.39253E+15,4.9401E+16
39509,39510,8,4,16,48,2016,10,15,1,2,2,6,0,0,0,1,0,0,0,0,4.91931E+20,5.37818E+21,8.89065E+15,4.85567E+16
39510,39511,8,1,16,16,2016,10,15,2,2,9,1,0,0,0,1,0,0,0,0,5.33575E+20,5.386E+21,9.45563E+15,4.86262E+16
39511,39512,8,3,17,26,2016,10,16,1,3,5,3,0,0,0,1,0,1,0,0,4.14545E+20,5.34479E+21,7.84883E+15,4.82506E+16
39512,39513,8,3,15,6,2016,10,0,7,3,4,6,2,1,0,1,0,0,0,1,4.00318E+20,5.31169E+21,7.66496E+15,4.79508E+16
39513,39514,8,2,16,43,2016,10,9,5,3,1,7,0,0,0,1,0,0,0,0,4.41622E+20,5.41325E+21,8.20394E+15,4.88695E+16
39514,39515,8,1,17,24,2016,10,22,4,2,8,1,2,0,0,1,0,0,0,0,5.58496E+20,5.37941E+21,9.79287E+15,4.85651E+16
39515,39516,8,1,18,80,2016,10,10,3,2,2,6,0,0,0,0,0,0,1,0,5.09097E+20,5.41148E+21,9.12402E+15,4.88562E+16
39516,39517,8,1,27,14,2016,10,20,7,3,0,7,2,0,0,1,0,0,0,0,5.73699E+20,5.43947E+21,1.00097E+16,4.91037E+16
39517,39518,8,2,22,0,2016,10,6,3,3,5,2,2,1,0,1,0,0,0,0,4.63388E+20,5.47804E+21,8.49484E+15,4.94539E+16
39518,39519,8,1,11,0,2016,10,21,7,2,2,6,2,0,0,1,0,0,0,0,5.16694E+20,5.39348E+21,9.22685E+15,4.86942E+16
39519,39520,8,3,17,1,2016,10,9,2,2,5,3,0,0,0,1,0,0,1,0,4.27308E+20,5.38859E+21,8.01313E+15,4.86462E+16
39520,39521,8,4,36,82,2016,10,12,6,3,0,3,0,0,1,0,0,1,0,0,5.47304E+20,5.29537E+21,9.63182E+15,4.781E+16
39521,39522,8,2,16,7,2016,10,15,6,3,2,6,0,0,0,1,0,0,0,0,4.3525E+20,5.39383E+21,8.12011E+15,4.86941E+16
39522,39523,8,1,17,26,2016,10,12,6,3,2,6,0,0,1,1,0,0,0,0,5.4778E+20,5.39539E+21,9.64948E+15,4.87097E+16
39523,39524,8,4,35,16,2016,10,7,3,3,3,6,0,1,1,0,0,0,1,0,5.36204E+20,5.2779E+21,9.48211E+15,4.76535E+16
39524,39525,8,2,37,27,2016,10,9,2,3,8,1,0,0,0,1,0,0,0,0,4.79444E+20,5.36965E+21,8.72184E+15,4.84796E+16
39525,39526,8,1,18,51,2016,10,13,4,3,3,6,0,0,0,1,0,0,0,1,5.10606E+20,5.41447E+21,9.14467E+15,4.88831E+16
39526,39527,8,1,25,30,2016,10,12,1,2,0,1,0,0,0,0,0,1,0,0,5.15454E+20,5.43928E+21,9.21173E+15,4.91062E+16
39527,39528,8,1,15,24,2016,10,14,1,3,2,6,0,0,0,1,0,1,0,0,5.01799E+20,5.38478E+21,9.0244E+15,4.86161E+16
39528,39529,8,4,36,39,2016,10,12,5,3,5,3,0,0,0,1,0,0,0,0,5.49572E+20,5.28853E+21,9.66134E+15,4.77482E+16
39529,39530,8,2,15,108,2016,10,16,1,2,4,2,0,0,0,1,0,0,0,0,4.49444E+20,5.42406E+21,8.30925E+15,4.89674E+16
39530,39531,8,1,36,65,2016,10,7,3,3,5,3,1,0,0,1,0,0,0,0,5.59261E+20,5.40594E+21,9.80704E+15,4.88036E+16
39531,39532,8,1,15,13,2016,10,18,5,3,3,6,1,0,0,1,0,0,0,0,4.97306E+20,5.39047E+21,8.96342E+15,4.86672E+16
39532,39533,8,1,18,46,2016,10,20,5,3,2,6,2,0,0,1,0,0,0,0,5.14764E+20,5.41269E+21,9.20132E+15,4.8867E+16
39533,39534,8,3,16,45,2016,10,15,1,2,5,3,0,0,0,1,0,1,0,0,4.13719E+20,5.32483E+21,7.84176E+15,4.80709E+16
39534,39535,8,2,16,43,2016,10,8,7,3,2,6,0,0,0,1,0,0,1,0,4.4447E+20,5.41207E+21,8.24292E+15,4.88591E+16
39535,39536,8,2,12,0,2016,10,5,5,3,5,3,2,0,0,1,0,0,0,0,4.61258E+20,5.42629E+21,8.47044E+15,4.89883E+16
39536,39537,8,1,19,90,2016,10,6,5,3,2,6,2,1,0,1,0,0,0,0,5.29768E+20,5.40705E+21,9.4055E+15,4.88157E+16
39537,39538,8,4,16,22,2016,10,20,4,2,4,2,2,0,0,1,0,1,0,0,5.11496E+20,5.37494E+21,9.1557E+15,4.85275E+16
39538,39539,8,1,15,54,2016,10,9,3,2,5,3,0,0,1,1,0,0,0,0,4.92884E+20,5.39568E+21,8.90327E+15,4.87141E+16
39539,39540,8,1,18,80,2016,10,6,4,3,2,6,2,1,0,1,0,0,0,0,5.08604E+20,5.41044E+21,9.11727E+15,4.88469E+16
39540,39541,8,1,19,67,2016,10,16,7,2,0,1,0,0,0,0,0,1,0,0,5.39787E+20,5.40743E+21,9.542E+15,4.88186E+16
39541,39542,8,4,36,6,2016,10,9,2,3,2,6,0,0,0,1,0,0,1,0,5.60247E+20,5.28396E+21,9.8031E+15,4.77062E+16