FID,OBJECTID,ULAND,UREGBEZ,UKREIS,UGEMEINDE,UJAHR,UMONAT,USTUNDE,UWOCHENTAG,UKATEGORIE,UART,UTYP1,ULICHTVERH,IstStrasse,IstRad,IstPKW,IstFuss,IstKrad,IstGkfz,IstSonstig,LINREFX,LINREFY,XGCSWGS84,YGCSWGS84
39542,39543,8,2,15,46,2016,10,16,3,3,3,6,0,0,0,1,0,0,0,0,4.5209E+20,5.41713E+21,8.34622E+15,4.89053E+16
39543,39544,8,1,36,28,2016,10,7,2,3,5,3,0,0,1,1,0,0,0,0,5.71132E+20,5.40592E+21,9.96869E+15,4.88022E+16
39544,39545,8,4,15,62,2016,10,14,6,1,4,6,0,0,0,1,0,0,0,0,5.19191E+20,5.37842E+21,9.26009E+15,4.85586E+16
39545,39546,8,1,18,19,2016,10,16,6,3,2,6,0,0,0,1,0,0,0,0,5.0378E+20,5.40631E+21,9.05149E+15,4.88098E+16
39546,39547,8,1,15,42,2016,10,17,6,3,5,2,0,0,0,1,0,0,0,0,4.93284E+20,5.407E+21,8.90852E+15,4.88159E+16
39547,39548,8,4,17,16,2016,10,17,3,3,1,6,0,0,0,1,0,0,1,0,4.85051E+20,5.34234E+21,8.79869E+15,4.82341E+16
39548,39549,8,4,17,2,2016,10,18,1,3,0,7,1,1,0,1,0,1,0,0,4.8898E+20,5.34093E+21,8.85163E+15,4.82215E+16
39549,39550,8,2,36,33,2016,10,16,2,2,5,3,0,0,0,1,0,1,0,0,4.81331E+20,5.43031E+21,8.74463E+15,4.90254E+16
39550,39551,8,1,27,32,2016,10,10,4,2,4,6,0,0,0,1,0,0,0,1,5.6579E+20,5.45406E+21,9.90376E+15,4.92358E+16
39551,39552,8,1,19,87,2016,10,13,1,3,8,1,0,0,0,0,0,1,0,0,5.27054E+20,5.42347E+21,9.36962E+15,4.89635E+16
39552,39553,8,1,35,16,2016,10,13,7,2,5,3,0,0,0,1,0,0,0,0,5.8849E+20,5.38413E+21,1.02004E+16,4.8604E+16
39553,39554,8,1,11,0,2016,10,12,4,3,5,2,0,0,1,1,0,0,0,0,5.15698E+20,5.39904E+21,9.21353E+15,4.87442E+16
39554,39555,8,1,26,58,2016,10,16,3,3,2,6,0,0,0,1,0,0,0,0,5.45393E+20,5.45135E+21,9.62328E+15,4.92133E+16
39555,39556,8,4,16,25,2016,10,15,5,3,0,1,0,0,0,0,0,1,0,0,5.05992E+20,5.36172E+21,9.08097E+15,4.84086E+16
39556,39557,8,1,35,19,2016,10,7,3,3,2,6,1,1,0,1,0,0,0,0,5.81704E+20,5.39248E+21,1.011E+16,4.868E+16
39557,39558,8,1,27,71,2016,10,16,5,3,6,4,0,0,0,1,1,0,0,0,5.76001E+20,5.45633E+21,1.00444E+16,4.9255E+16
39558,39559,8,1,16,81,2016,10,20,5,3,4,6,2,0,0,1,0,0,0,0,5.18368E+20,5.38736E+21,9.24933E+15,4.8639E+16
39559,39560,8,4,36,12,2016,10,21,4,3,8,1,2,0,0,1,0,0,0,0,5.51484E+20,5.30164E+21,9.6884E+15,4.7866E+16
39560,39561,8,3,15,131,2016,10,7,4,3,3,1,1,1,1,1,0,0,0,0,4.03892E+20,5.31052E+21,7.71307E+15,4.79408E+16
39561,39562,8,2,25,42,2016,10,17,4,3,5,3,0,0,0,1,0,0,0,0,5.05179E+20,5.46306E+21,9.07126E+15,4.93203E+16
39562,39563,8,1,19,67,2016,10,7,4,3,5,3,1,1,1,1,0,0,0,0,5.39151E+20,5.40591E+21,9.5332E+15,4.88049E+16
39563,39564,8,3,37,70,2016,10,17,2,3,5,3,0,1,0,1,0,0,0,0,4.68279E+20,5.27378E+21,8.57787E+15,4.76167E+16
39564,39565,8,2,25,14,2016,10,8,3,3,2,1,0,0,0,1,0,0,1,0,5.25619E+20,5.48884E+21,9.3542E+15,4.95516E+16
39565,39566,8,2,26,12,2016,10,14,1,3,3,2,0,0,0,1,0,0,0,1,4.75936E+20,5.47758E+21,8.66799E+15,4.94504E+16
39566,39567,8,1,19,8,2016,10,8,2,3,2,6,0,0,0,1,0,0,1,0,5.32001E+20,5.42028E+21,9.43694E+15,4.89346E+16
39567,39568,8,3,35,100,2016,10,7,1,3,8,1,2,1,0,0,0,1,0,0,4.88154E+20,5.28757E+21,8.84199E+15,4.77414E+16
39568,39569,8,3,35,2,2016,10,17,4,2,3,6,0,0,0,1,0,0,1,0,5.08472E+20,5.28309E+21,9.11293E+15,4.77012E+16
39569,39570,8,1,11,0,2016,10,20,3,3,2,6,2,1,0,1,0,0,0,0,5.13454E+20,5.40254E+21,9.18313E+15,4.87757E+16
39570,39571,8,2,12,0,2016,10,13,4,3,2,6,0,0,0,1,0,0,1,0,4.59194E+20,5.42732E+21,8.44213E+15,4.89975E+16
39571,39572,8,1,35,19,2016,10,14,4,2,6,4,0,0,0,1,1,0,0,0,5.83906E+20,5.39244E+21,1.01399E+16,4.86794E+16
39572,39573,8,1,16,19,2016,10,18,7,3,2,6,2,0,0,1,0,0,0,0,5.24997E+20,5.39925E+21,9.34003E+15,4.87458E+16
39573,39574,8,4,25,33,2016,10,17,2,3,2,6,0,1,0,1,0,0,0,0,5.52717E+20,5.34784E+21,9.71058E+15,4.82816E+16
39574,39575,8,2,26,85,2016,10,8,2,2,0,7,0,0,0,0,0,1,0,0,4.96064E+20,5.45253E+21,8.94595E+15,4.92255E+16
39575,39576,8,3,35,22,2016,10,17,6,2,5,3,0,0,0,1,0,0,0,0,4.82823E+20,5.30021E+21,8.77037E+15,4.7855E+16
39576,39577,8,3,37,38,2016,10,2,1,3,8,1,2,0,0,1,0,0,0,0,4.3169E+20,5.27405E+21,8.09098E+15,4.76163E+16
39577,39578,8,1,17,14,2016,10,21,4,3,2,6,2,0,0,1,0,0,0,0,5.5417E+20,5.38431E+21,9.73489E+15,4.86095E+16
39578,39579,8,1,18,48,2016,10,20,1,3,5,3,2,0,1,1,0,0,0,0,5.1461E+20,5.41664E+21,9.19936E+15,4.89026E+16
39579,39580,8,3,36,69,2016,10,13,7,2,8,1,0,0,0,1,0,0,0,0,4.04326E+20,5.2717E+21,7.72743E+15,4.75917E+16
39580,39581,8,4,36,96,2016,10,14,3,3,4,6,0,0,0,1,0,0,0,1,5.42159E+20,5.30064E+21,9.56362E+15,4.78577E+16
39581,39582,8,1,25,86,2016,10,16,3,2,5,3,0,1,0,1,0,1,0,0,5.04201E+20,5.4462E+21,9.05763E+15,4.91686E+16
39582,39583,8,3,26,74,2016,10,18,5,3,3,7,0,0,0,1,0,0,0,0,4.60876E+20,5.32312E+21,8.47491E+15,4.80602E+16
39583,39584,8,3,37,96,2016,10,15,3,3,2,6,0,0,0,1,0,0,0,1,4.20274E+20,5.26736E+21,7.9403E+15,4.75547E+16
39584,39585,8,1,27,14,2016,10,11,3,3,5,3,0,0,0,1,0,0,0,0,5.77775E+20,5.44294E+21,1.00662E+16,4.91344E+16
39585,39586,8,2,37,45,2016,10,14,3,3,8,1,0,0,0,1,0,0,0,0,4.62915E+20,5.36302E+21,8.49878E+15,4.84193E+16
39586,39587,8,2,36,62,2016,10,6,7,2,8,1,1,0,0,1,0,0,0,0,4.83466E+20,5.40898E+21,8.7747E+15,4.88336E+16
39587,39588,8,4,35,16,2016,10,17,4,3,5,3,0,0,0,1,0,1,0,0,5.33096E+20,5.28036E+21,9.44091E+15,4.76758E+16
39588,39589,8,2,31,0,2016,10,9,4,2,6,7,0,1,0,1,1,0,0,0,4.77695E+20,5.41505E+21,8.69574E+15,4.8888E+16
39589,39590,8,2,15,66,2016,10,6,4,3,4,2,2,0,0,1,0,0,0,0,4.6176E+20,5.45361E+21,8.47472E+15,4.92341E+16
39590,39591,8,1,16,49,2016,10,13,4,3,0,6,0,1,0,0,0,1,0,1,5.24147E+20,5.38562E+21,9.32767E+15,4.86232E+16
39591,39592,8,3,35,75,2016,10,16,2,3,2,6,0,0,0,1,0,0,0,0,4.91039E+20,5.28975E+21,8.88043E+15,4.77611E+16
39592,39593,8,2,25,75,2016,10,18,3,3,9,1,1,0,0,1,0,0,0,0,5.33346E+20,5.47627E+21,9.45995E+15,4.94381E+16
39593,39594,8,1,18,80,2016,10,17,1,3,2,6,0,0,0,1,0,0,0,0,5.09267E+20,5.41189E+21,9.12635E+15,4.88599E+16
39594,39595,8,4,21,0,2016,10,13,2,3,2,6,0,0,0,1,0,0,0,0,5.7299E+20,5.36765E+21,9.98725E+15,4.84578E+16
39595,39596,8,2,37,75,2016,10,18,1,1,5,2,1,0,0,1,0,1,0,0,4.48879E+20,5.36605E+21,8.30871E+15,4.84455E+16
39596,39597,8,4,37,78,2016,10,12,2,3,5,3,0,0,0,1,0,0,0,0,5.13022E+20,5.31645E+21,9.17457E+15,4.80012E+16
39597,39598,8,3,17,5,2016,10,20,7,3,8,7,2,0,0,1,0,0,0,0,4.25231E+20,5.37994E+21,7.98649E+15,4.85681E+16
39598,39599,8,3,27,57,2016,10,7,3,3,0,1,0,0,0,1,0,0,0,0,4.90546E+20,5.31087E+21,8.87338E+15,4.79511E+16
39599,39600,8,1,25,7,2016,10,17,3,3,2,6,0,1,0,1,0,0,0,0,5.12377E+20,5.45307E+21,9.17E+15,4.92303E+16
39600,39601,8,1,11,0,2016,10,16,4,3,2,6,0,0,0,1,0,0,0,1,5.15962E+20,5.40896E+21,9.21751E+15,4.88334E+16
39601,39602,8,4,36,64,2016,10,14,2,3,2,6,0,0,0,1,0,0,0,0,5.45615E+20,5.29228E+21,9.60894E+15,4.77822E+16
39602,39603,8,3,35,21,2016,10,1,7,2,8,1,2,0,0,0,0,1,0,0,4.91038E+20,5.29983E+21,8.88021E+15,4.78517E+16
39603,39604,8,3,25,11,2016,10,18,3,2,1,6,0,0,0,0,0,0,1,0,4.73516E+20,5.34466E+21,8.64321E+15,4.82546E+16
39604,39605,8,1,19,8,2016,10,15,3,3,2,3,0,0,0,1,0,0,0,0,5.32758E+20,5.41893E+21,9.44718E+15,4.89225E+16
39605,39606,8,2,36,46,2016,10,7,5,3,6,2,1,0,0,0,1,0,0,1,4.83472E+20,5.41867E+21,8.77439E+15,4.89207E+16
39606,39607,8,3,17,26,2016,10,7,3,3,1,6,1,1,0,1,0,1,0,0,4.12357E+20,5.34532E+21,7.81925E+15,4.8255E+16
39607,39608,8,1,25,6,2016,10,9,3,3,5,3,0,0,0,1,0,0,1,0,5.07524E+20,5.45137E+21,9.10332E+15,4.92151E+16
39608,39609,8,2,36,38,2016,10,8,3,2,8,1,0,1,0,1,0,0,0,0,4.90201E+20,5.42727E+21,8.86603E+15,4.89983E+16
39609,39610,8,2,21,0,2016,10,12,7,3,6,6,0,0,1,1,0,0,0,1,4.76079E+20,5.47299E+21,8.67025E+15,4.94091E+16
39610,39611,8,3,17,73,2016,10,15,4,3,0,2,0,0,0,0,0,1,0,1,4.09902E+20,5.34761E+21,7.78569E+15,4.82753E+16
39611,39612,8,2,22,0,2016,10,0,4,2,4,1,2,1,0,1,0,1,0,0,4.65432E+20,5.48061E+21,8.52281E+15,4.94771E+16
39612,39613,8,3,17,9,2016,10,14,6,3,7,7,0,0,0,1,0,0,0,0,4.26383E+20,5.36138E+21,8.00538E+15,4.84013E+16
39613,39614,8,1,26,66,2016,10,10,4,3,2,6,0,0,0,0,0,0,1,0,5.3863E+20,5.45108E+21,9.5304E+15,4.92113E+16
39614,39615,8,1,28,126,2016,10,6,6,2,6,4,2,0,0,1,1,0,0,0,5.65349E+20,5.48319E+21,9.90249E+15,4.94978E+16
39615,39616,8,1,15,3,2016,10,18,4,3,2,6,1,0,0,1,0,0,0,0,5.02991E+20,5.39316E+21,9.04064E+15,4.86915E+16
39616,39617,8,3,25,24,2016,10,14,2,3,5,3,0,1,0,1,0,0,0,0,4.56348E+20,5.33631E+21,8.41279E+15,4.81786E+16
39617,39618,8,2,25,52,2016,10,7,3,3,5,3,0,0,0,1,0,0,0,0,5.15377E+20,5.47833E+21,9.21218E+15,4.94574E+16
39618,39619,8,1,15,28,2016,10,10,1,3,2,6,0,0,0,1,0,0,0,0,4.99729E+20,5.40353E+21,8.99631E+15,4.87848E+16
39619,39620,8,1,11,0,2016,10,5,2,3,2,6,2,1,0,1,0,0,0,0,5.1276E+20,5.40763E+21,9.17383E+15,4.88215E+16
39620,39621,8,1,17,26,2016,10,5,1,2,6,7,2,0,0,1,1,0,0,0,5.46036E+20,5.39044E+21,9.62522E+15,4.86653E+16
39621,39622,8,2,16,13,2016,10,17,1,2,4,1,0,0,0,1,0,1,0,0,4.49616E+20,5.38989E+21,8.31579E+15,4.866E+16
39622,39623,8,2,26,103,2016,10,8,7,3,3,6,0,0,0,1,0,0,0,0,4.71972E+20,5.45904E+21,8.61461E+15,4.92835E+16
39623,39624,8,2,15,103,2016,10,13,5,3,5,3,0,0,1,1,0,0,0,0,4.65192E+20,5.44111E+21,8.52294E+15,4.91218E+16
39624,39625,8,1,25,86,2016,10,14,5,2,4,1,0,0,0,1,0,0,0,0,5.01802E+20,5.44253E+21,9.0247E+15,4.91356E+16
39625,39626,8,4,17,22,2016,10,16,4,3,2,6,0,0,0,1,0,0,0,0,4.85838E+20,5.34877E+21,8.80907E+15,4.8292E+16
39626,39627,8,1,17,26,2016,10,15,3,3,5,3,0,0,0,1,0,0,1,0,5.45341E+20,5.39069E+21,9.61582E+15,4.86676E+16
39627,39628,8,1,36,82,2016,10,21,7,2,5,3,2,0,0,1,0,0,0,0,5.85335E+20,5.41535E+21,1.0164E+16,4.88853E+16
39628,39629,8,4,37,53,2016,10,18,2,3,5,3,1,1,0,1,0,1,0,0,5.28337E+20,5.31912E+21,9.38005E+15,4.80247E+16
39629,39630,8,2,26,96,2016,10,14,3,3,5,3,0,0,0,1,0,0,0,0,4.7379E+20,5.48866E+21,8.63765E+15,4.955E+16
39630,39631,8,1,15,15,2016,10,6,2,3,2,6,2,0,0,1,0,0,0,0,4.94919E+20,5.38753E+21,8.93102E+15,4.86408E+16
39631,39632,8,4,26,13,2016,10,13,6,3,0,1,0,0,0,0,0,1,0,0,5.46334E+20,5.32221E+21,9.62176E+15,4.80515E+16
39632,39633,8,2,15,64,2016,10,21,6,2,1,5,2,0,0,1,0,0,0,0,4.84806E+20,5.44704E+21,8.79153E+15,4.9176E+16
39633,39634,8,4,25,31,2016,10,16,6,2,4,6,0,1,0,1,0,0,0,0,5.67908E+20,5.36646E+21,9.91833E+15,4.84476E+16
39634,39635,8,4,26,43,2016,10,7,3,3,2,6,1,1,0,1,0,0,0,0,5.73264E+20,5.32387E+21,9.98337E+15,4.80639E+16
39635,39636,8,4,21,0,2016,10,13,1,2,0,6,0,0,0,1,0,0,0,1,5.70112E+20,5.36153E+21,9.9473E+15,4.8403E+16
39636,39637,8,2,36,71,2016,10,17,2,2,4,1,0,1,0,1,0,0,0,0,4.6788E+20,5.42274E+21,8.56123E+15,4.89567E+16
39637,39638,8,1,18,78,2016,10,9,3,3,2,6,0,1,0,1,0,0,0,0,5.12878E+20,5.41949E+21,9.17581E+15,4.89282E+16
39638,39639,8,1,19,67,2016,10,16,7,2,9,1,0,0,0,0,0,1,0,0,5.41672E+20,5.40144E+21,9.56707E+15,4.87646E+16
39639,39640,8,2,26,13,2016,10,5,3,3,1,2,2,1,0,1,0,0,0,0,4.98142E+20,5.47916E+21,8.97436E+15,4.94651E+16
39640,39641,8,1,25,27,2016,10,13,7,3,2,6,0,0,0,1,0,0,0,0,5.17534E+20,5.44704E+21,9.24058E+15,4.91759E+16
39641,39642,8,2,25,58,2016,10,14,2,3,2,1,0,0,0,0,0,1,1,0,5.10412E+20,5.46653E+21,9.14336E+15,4.93514E+16
39642,39643,8,1,11,0,2016,10,15,7,3,2,6,0,0,0,1,0,1,0,0,5.16707E+20,5.40698E+21,9.22758E+15,4.88155E+16
39643,39644,8,2,11,0,2016,10,14,4,3,1,5,0,0,0,0,0,0,1,1,4.41607E+20,5.40364E+21,8.2051E+15,4.8783E+16
39644,39645,8,2,12,0,2016,10,14,6,2,5,3,0,0,0,1,0,0,0,1,4.59137E+20,5.43242E+21,8.44083E+15,4.90433E+16
39645,39646,8,1,21,0,2016,10,14,6,3,1,6,0,0,0,1,0,0,0,0,5.15616E+20,5.44259E+21,9.21408E+15,4.91359E+16
39646,39647,8,4,36,94,2016,10,6,3,3,4,6,2,1,0,1,0,0,0,1,5.70265E+20,5.28642E+21,9.93702E+15,4.77273E+16
39647,39648,8,2,22,0,2016,10,17,2,3,2,6,0,0,0,1,0,0,0,1,4.65647E+20,5.47928E+21,8.5259E+15,4.94652E+16
39648,39649,8,2,22,0,2016,10,22,3,3,3,7,2,0,0,1,0,0,0,0,4.65556E+20,5.47609E+21,8.52491E+15,4.94365E+16
39649,39650,8,1,26,72,2016,10,17,1,2,4,2,0,0,0,1,0,1,0,0,5.43134E+20,5.4678E+21,9.59404E+15,4.93614E+16
39650,39651,8,4,35,35,2016,10,16,1,2,2,6,0,0,0,1,0,1,0,0,5.40251E+20,5.28015E+21,9.53622E+15,4.76735E+16
39651,39652,8,1,16,77,2016,10,9,1,3,5,3,0,0,0,1,0,1,0,0,5.14771E+20,5.38976E+21,9.20059E+15,4.86607E+16
39652,39653,8,3,11,0,2016,10,0,1,3,9,1,2,0,0,1,0,0,0,0,4.12948E+20,5.32328E+21,7.83173E+15,4.80568E+16
39653,39654,8,2,15,101,2016,10,20,3,3,2,5,2,1,0,1,0,0,0,0,4.67302E+20,5.42383E+21,8.55326E+15,4.89665E+16
39654,39655,8,3,17,1,2016,10,13,5,3,3,6,0,0,0,1,0,0,0,0,4.28832E+20,5.38941E+21,8.03367E+15,4.86537E+16
39655,39656,8,1,19,8,2016,10,19,5,3,2,6,2,0,0,1,0,0,0,0,5.31485E+20,5.41812E+21,9.42974E+15,4.89152E+16
39656,39657,8,3,11,0,2016,10,12,4,3,8,1,0,0,0,1,0,0,0,0,4.09297E+20,5.31948E+21,7.78353E+15,4.80222E+16
39657,39658,8,1,15,3,2016,10,21,3,3,0,7,2,0,0,1,0,0,1,0,4.98447E+20,5.39281E+21,8.97889E+15,4.86883E+16
39658,39659,8,1,11,0,2016,10,14,4,3,2,6,0,0,0,1,0,0,0,0,5.06777E+20,5.39757E+21,9.09216E+15,4.87311E+16
39659,39660,8,1,19,44,2016,10,11,7,3,8,1,0,0,0,1,0,0,0,0,5.42277E+20,5.42498E+21,9.57773E+15,4.89762E+16
39660,39661,8,4,35,16,2016,10,14,2,3,2,6,0,0,0,1,0,0,0,0,5.34982E+20,5.27814E+21,9.46587E+15,4.76557E+16
39661,39662,8,1,36,10,2016,10,6,2,2,9,1,2,0,0,1,0,0,0,0,5.95886E+20,5.40889E+21,1.03064E+16,4.88256E+16
39662,39663,8,4,15,14,2016,10,15,6,3,2,1,0,0,0,1,0,0,0,0,5.23886E+20,5.37532E+21,9.32353E+15,4.85305E+16
39663,39664,8,1,18,19,2016,10,15,6,3,2,6,0,0,0,1,0,0,0,0,5.02713E+20,5.40554E+21,9.03695E+15,4.88029E+16
39664,39665,8,4,16,6,2016,10,18,3,3,3,6,2,1,0,1,0,0,0,0,4.99765E+20,5.35941E+21,8.99683E+15,4.83878E+16
39665,39666,8,4,16,50,2016,10,13,1,3,8,1,0,0,0,1,0,0,0,0,4.85218E+20,5.36579E+21,8.80012E+15,4.84451E+16
39666,39667,8,1,19,8,2016,10,16,4,3,2,6,0,0,0,1,0,0,0,0,5.31941E+20,5.41949E+21,9.43607E+15,4.89275E+16
39667,39668,8,1,18,76,2016,10,13,1,3,2,6,0,0,0,1,0,1,0,0,4.93078E+20,5.43099E+21,8.90531E+15,4.90317E+16
39668,39669,8,4,25,84,2016,10,0,7,2,9,1,2,0,0,1,0,0,0,0,5.573E+20,5.37543E+21,9.77612E+15,4.85293E+16
39669,39670,8,4,37,78,2016,10,9,3,3,5,3,0,0,0,1,0,0,0,0,5.08572E+20,5.31728E+21,9.11493E+15,4.80088E+16
39670,39671,8,1,19,8,2016,10,16,3,2,8,1,0,0,0,1,0,0,0,0,5.3414E+20,5.42307E+21,9.46638E+15,4.89596E+16
39671,39672,8,3,37,123,2016,10,13,5,3,5,3,0,0,0,1,0,0,0,0,4.53037E+20,5.27927E+21,8.37447E+15,4.76651E+16
39672,39673,8,4,15,29,2016,10,17,3,3,2,6,0,0,0,1,0,0,0,0,5.22503E+20,5.37917E+21,9.30502E+15,4.85652E+16
39673,39674,8,1,28,7,2016,10,11,3,3,5,3,0,0,0,1,0,0,0,0,5.55954E+20,5.48065E+21,9.77239E+15,4.94759E+16
39674,39675,8,1,36,10,2016,10,14,4,3,5,3,0,0,0,1,0,0,0,0,5.99381E+20,5.41261E+21,1.03549E+16,4.88585E+16
39675,39676,8,1,19,85,2016,10,12,1,3,8,1,0,1,0,0,0,1,0,0,5.29314E+20,5.41259E+21,9.3997E+15,4.88656E+16
39676,39677,8,1,11,0,2016,10,13,1,3,2,6,0,0,0,1,0,0,0,0,5.13073E+20,5.40214E+21,9.17792E+15,4.87721E+16
39677,39678,8,4,35,66,2016,10,11,5,3,3,2,0,0,1,1,0,0,0,0,5.19626E+20,5.28729E+21,9.26178E+15,4.77387E+16
39678,39679,8,2,15,17,2016,10,20,1,3,2,6,2,0,0,1,0,0,0,0,4.59262E+20,5.42028E+21,8.44376E+15,4.89341E+16
39679,39680,8,1,36,27,2016,10,18,3,2,5,3,0,1,0,1,0,0,0,0,5.52478E+20,5.42022E+21,9.71652E+15,4.89327E+16
39680,39681,8,1,11,0,2016,10,6,5,3,2,6,2,0,0,1,0,0,0,0,5.0914E+20,5.39506E+21,9.12423E+15,4.87085E+16
39681,39682,8,1,18,73,2016,10,16,5,2,0,1,0,0,1,0,0,0,0,0,5.00006E+20,5.42589E+21,9.00008E+15,4.89859E+16
39682,39683,8,1,11,0,2016,10,8,5,3,2,6,0,0,0,1,0,0,0,0,5.10095E+20,5.40137E+21,9.13738E+15,4.87653E+16
39683,39684,8,3,26,74,2016,10,7,4,3,5,3,1,1,1,1,0,0,0,0,4.60474E+20,5.32316E+21,8.46951E+15,4.80605E+16
39684,39685,8,2,36,30,2016,10,13,4,3,5,3,0,0,0,1,0,0,0,0,4.75665E+20,5.41887E+21,8.66781E+15,4.89223E+16
39685,39686,8,1,27,14,2016,10,13,4,2,0,1,0,0,0,0,0,0,0,1,5.78185E+20,5.44401E+21,1.0072E+16,4.91439E+16
39686,39687,8,1,15,28,2016,10,23,7,3,2,6,2,0,0,1,0,0,0,0,5.01142E+20,5.40312E+21,9.01554E+15,4.87811E+16
39687,39688,8,4,16,36,2016,10,18,2,3,5,3,2,1,0,1,0,0,0,0,4.93439E+20,5.36327E+21,8.91133E+15,4.84225E+16
39688,39689,8,2,35,85,2016,10,22,1,3,9,7,2,0,0,1,0,0,0,0,4.8333E+20,5.39302E+21,8.77349E+15,4.869E+16
39689,39690,8,1,25,13,2016,10,17,2,3,8,1,1,0,0,1,0,1,0,0,5.07965E+20,5.43518E+21,9.10905E+15,4.90695E+16
39690,39691,8,3,35,66,2016,10,13,6,3,4,6,0,0,0,1,0,0,0,0,5.0812E+20,5.28333E+21,9.10823E+15,4.77033E+16
39691,39692,8,3,36,81,2016,10,19,1,3,5,3,2,0,0,1,0,0,0,0,4.12959E+20,5.28E+21,7.84058E+15,4.76676E+16
39692,39693,8,1,16,77,2016,10,12,4,3,0,7,0,0,0,1,0,1,0,0,5.16174E+20,5.3918E+21,9.21973E+15,4.86791E+16
39693,39694,8,1,18,48,2016,10,15,1,3,2,6,0,0,0,1,0,0,0,0,5.15194E+20,5.41469E+21,9.20725E+15,4.8885E+16
39694,39695,8,3,35,63,2016,10,13,7,3,2,2,0,0,0,1,0,0,0,0,4.96911E+20,5.28796E+21,8.95879E+15,4.7745E+16
39695,39696,8,4,35,16,2016,10,19,3,3,2,6,2,0,0,1,0,0,0,0,5.3619E+20,5.27807E+21,9.48195E+15,4.7655E+16
39696,39697,8,1,18,48,2016,10,20,3,3,5,3,2,0,1,1,0,0,0,0,5.13289E+20,5.41531E+21,9.18129E+15,4.88906E+16
39697,39698,8,3,17,96,2016,10,7,5,1,2,6,0,0,0,1,0,1,0,0,4.23243E+20,5.3734E+21,7.96075E+15,4.8509E+16
39698,39699,8,4,36,10,2016,10,6,3,2,5,3,2,1,0,1,0,0,1,0,5.65782E+20,5.30614E+21,9.88024E+15,4.79052E+16
39699,39700,8,1,25,34,2016,10,6,3,2,8,1,2,1,0,0,0,0,0,1,5.00658E+20,5.44587E+21,9.00903E+15,4.91656E+16
39700,39701,8,2,31,0,2016,10,13,3,2,4,6,0,1,0,1,0,0,0,0,4.7484E+20,5.41599E+21,8.65672E+15,4.88964E+16
39701,39702,8,2,36,72,2016,10,16,7,2,2,6,0,0,0,1,0,0,0,0,4.67249E+20,5.41071E+21,8.55358E+15,4.88485E+16
39702,39703,8,4,15,59,2016,10,19,4,2,2,2,2,0,1,1,0,0,0,0,5.15498E+20,5.36285E+21,9.20947E+15,4.84186E+16
39703,39704,8,2,26,96,2016,10,7,4,3,2,3,1,0,0,1,0,0,0,0,4.75216E+20,5.48617E+21,8.65752E+15,4.95276E+16
39704,39705,8,2,15,102,2016,10,17,4,3,5,3,0,0,1,1,0,0,0,0,4.56705E+20,5.43819E+21,8.40695E+15,4.9095E+16
39705,39706,8,4,25,112,2016,10,11,6,3,2,6,0,0,0,1,0,0,0,1,5.81431E+20,5.3776E+21,1.01033E+16,4.85462E+16
39706,39707,8,1,16,49,2016,10,7,4,2,2,6,0,1,0,1,0,0,0,0,5.29282E+20,5.38656E+21,9.39742E+15,4.86314E+16
39707,39708,8,3,26,74,2016,10,21,2,3,5,7,2,1,0,1,0,0,0,0,4.59846E+20,5.32217E+21,8.46117E+15,4.80516E+16
39708,39709,8,2,22,0,2016,10,9,3,3,1,5,0,0,1,1,0,0,0,0,4.62868E+20,5.47922E+21,8.48756E+15,4.94645E+16
39709,39710,8,2,15,46,2016,10,16,3,3,2,6,0,0,0,1,0,0,0,1,4.50927E+20,5.41654E+21,8.33041E+15,4.88998E+16
39710,39711,8,1,11,0,2016,10,17,5,3,3,6,0,0,0,1,0,1,0,0,5.15936E+20,5.40564E+21,9.21703E+15,4.88036E+16
39711,39712,8,2,36,62,2016,10,13,7,2,5,3,0,0,0,0,0,0,1,1,4.8692E+20,5.40593E+21,8.82186E+15,4.88062E+16
39712,39713,8,4,35,66,2016,10,17,4,3,2,6,0,0,0,1,0,0,0,0,5.1956E+20,5.28729E+21,9.2609E+15,4.77387E+16
39713,39714,8,2,12,0,2016,10,9,4,3,5,2,0,0,0,1,0,0,0,1,4.52671E+20,5.42918E+21,8.35275E+15,4.90137E+16
39714,39715,8,2,16,7,2016,10,10,4,3,2,6,0,0,0,1,0,0,0,0,4.3525E+20,5.39383E+21,8.12011E+15,4.86941E+16
39715,39716,8,1,18,48,2016,10,10,4,3,5,3,0,0,0,1,0,0,0,0,5.19417E+20,5.41798E+21,9.26501E+15,4.89145E+16
39716,39717,8,3,36,87,2016,10,0,2,3,9,1,2,0,0,1,0,0,0,0,4.21379E+20,5.29464E+21,7.95008E+15,4.78003E+16
39717,39718,8,2,21,0,2016,10,7,3,2,4,7,2,0,0,1,0,1,0,0,4.773E+20,5.46981E+21,8.68725E+15,4.93806E+16
39718,39719,8,2,12,0,2016,10,11,1,3,5,3,0,0,1,1,0,0,0,0,4.53792E+20,5.42823E+21,8.36818E+15,4.90053E+16
39719,39720,8,1,18,67,2016,10,18,2,3,2,6,2,1,0,1,0,0,0,0,5.06228E+20,5.41419E+21,9.08495E+15,4.88807E+16
39720,39721,8,3,27,49,2016,10,16,1,3,4,2,0,0,0,1,0,1,0,0,4.73041E+20,5.32493E+21,8.63806E+15,4.80771E+16