FID,OBJECTID,ULAND,UREGBEZ,UKREIS,UGEMEINDE,UJAHR,UMONAT,USTUNDE,UWOCHENTAG,UKATEGORIE,UART,UTYP1,ULICHTVERH,IstStrasse,IstRad,IstPKW,IstFuss,IstKrad,IstGkfz,IstSonstig,LINREFX,LINREFY,XGCSWGS84,YGCSWGS84
39721,39722,8,4,36,64,2016,10,7,2,2,2,6,0,0,0,1,0,0,0,0,5.46473E+20,5.29387E+21,9.62056E+15,4.77965E+16
39722,39723,8,3,26,74,2016,10,16,7,3,5,3,0,0,0,1,0,0,0,0,4.60098E+20,5.32404E+21,8.46437E+15,4.80684E+16
39723,39724,8,3,35,79,2016,10,6,3,3,5,3,2,0,0,1,0,0,0,1,5.00323E+20,5.30078E+21,9.00432E+15,4.78604E+16
39724,39725,8,1,18,19,2016,10,17,3,2,6,4,0,0,0,1,1,0,0,0,5.05363E+20,5.40539E+21,9.07304E+15,4.88014E+16
39725,39726,8,2,22,0,2016,10,7,5,3,3,5,0,0,1,1,0,0,0,0,4.65626E+20,5.47595E+21,8.5259E+15,4.94352E+16
39726,39727,8,3,17,110,2016,10,19,3,3,2,6,2,0,0,1,0,0,0,1,4.26136E+20,5.38096E+21,7.99857E+15,4.85773E+16
39727,39728,8,1,19,8,2016,10,7,3,3,5,3,1,1,1,1,0,0,0,0,5.32673E+20,5.42055E+21,9.44614E+15,4.8937E+16
39728,39729,8,2,26,98,2016,10,15,3,3,2,6,0,0,0,1,0,0,0,0,4.81376E+20,5.46233E+21,8.74376E+15,4.93135E+16
39729,39730,8,2,15,102,2016,10,9,7,3,5,3,0,0,1,1,0,0,0,0,4.55427E+20,5.43645E+21,8.38963E+15,4.90793E+16
39730,39731,8,2,36,33,2016,10,17,2,3,0,1,0,1,0,0,0,1,0,0,4.8218E+20,5.43043E+21,8.75624E+15,4.90265E+16
39731,39732,8,3,15,13,2016,10,16,4,3,0,1,0,0,0,0,0,0,0,1,4.0383E+20,5.32463E+21,7.70908E+15,4.80677E+16
39732,39733,8,2,22,0,2016,10,7,4,3,6,4,2,0,0,0,1,0,0,1,4.62616E+20,5.48242E+21,8.48378E+15,4.94933E+16
39733,39734,8,2,31,0,2016,10,8,6,3,2,6,0,0,0,1,0,0,0,0,4.74596E+20,5.41697E+21,8.65333E+15,4.89051E+16
39734,39735,8,1,27,86,2016,10,5,6,3,5,3,2,0,0,1,0,0,0,0,5.52034E+20,5.4465E+21,9.71382E+15,4.91691E+16
39735,39736,8,1,11,0,2016,10,8,4,3,0,2,0,1,0,1,0,1,0,0,5.16848E+20,5.40627E+21,9.22947E+15,4.88092E+16
39736,39737,8,3,17,5,2016,10,22,2,3,8,1,2,1,0,1,0,0,0,0,4.22815E+20,5.37882E+21,7.95396E+15,4.85577E+16
39737,39738,8,2,16,5,2016,10,14,3,3,4,7,0,0,0,1,0,0,0,0,4.4572E+20,5.41688E+21,8.25933E+15,4.89025E+16
39738,39739,8,1,36,15,2016,10,15,1,2,5,3,0,0,0,1,0,1,0,0,5.56271E+20,5.41165E+21,9.76712E+15,4.88552E+16
39739,39740,8,4,36,52,2016,10,16,1,3,2,2,0,0,0,1,0,1,0,0,5.67008E+20,5.29202E+21,9.89446E+15,4.77781E+16
39740,39741,8,1,17,24,2016,10,18,1,3,9,1,0,0,0,0,0,1,0,0,5.64973E+20,5.38727E+21,9.88189E+15,4.86351E+16
39741,39742,8,3,16,10,2016,10,16,1,3,1,6,0,0,0,1,0,1,0,0,4.32193E+20,5.34051E+21,8.08721E+15,4.82142E+16
39742,39743,8,2,12,0,2016,10,13,7,3,2,6,0,0,0,1,0,0,0,0,4.58355E+20,5.42737E+21,8.43065E+15,4.89978E+16
39743,39744,8,2,12,0,2016,10,0,5,3,2,6,2,0,0,1,0,0,0,0,4.53421E+20,5.42839E+21,8.36309E+15,4.90067E+16
39744,39745,8,1,15,53,2016,10,13,1,1,4,6,0,0,0,1,0,0,0,0,4.82166E+20,5.38039E+21,8.75822E+15,4.85764E+16
39745,39746,8,1,16,19,2016,10,20,2,3,1,6,2,1,0,1,0,0,0,0,5.23267E+20,5.39884E+21,9.31648E+15,4.87421E+16
39746,39747,8,4,17,44,2016,10,11,1,2,5,3,0,0,0,1,0,1,0,0,4.91912E+20,5.33847E+21,8.89116E+15,4.81994E+16
39747,39748,8,3,17,75,2016,10,12,7,2,5,3,0,0,0,0,0,1,0,1,4.11168E+20,5.35959E+21,7.80022E+15,4.83832E+16
39748,39749,8,2,16,49,2016,10,7,5,3,5,3,0,0,0,1,0,0,0,0,4.38442E+20,5.39904E+21,8.16271E+15,4.87414E+16
39749,39750,8,4,17,54,2016,10,19,3,2,4,6,2,0,0,1,0,0,0,0,4.78637E+20,5.34578E+21,8.71214E+15,4.82649E+16
39750,39751,8,1,16,78,2016,10,17,3,3,1,7,0,0,1,1,0,0,0,0,5.12177E+20,5.39234E+21,9.16543E+15,4.8684E+16
39751,39752,8,4,26,21,2016,10,8,4,2,1,6,0,1,0,1,0,0,0,1,5.62989E+20,5.32674E+21,9.84589E+15,4.80908E+16
39752,39753,8,1,18,71,2016,10,7,3,2,8,1,1,1,0,0,0,1,0,0,5.09392E+20,5.42029E+21,9.12825E+15,4.89354E+16
39753,39754,8,1,28,131,2016,10,9,7,3,2,2,0,0,0,1,0,0,0,0,5.3836E+20,5.51243E+21,9.53264E+15,4.97631E+16
39754,39755,8,2,25,58,2016,10,11,3,3,5,3,0,0,0,1,0,0,0,0,5.10807E+20,5.46738E+21,9.14882E+15,4.9359E+16
39755,39756,8,1,15,28,2016,10,15,7,3,2,6,0,0,0,1,0,0,0,0,4.99622E+20,5.40356E+21,8.99485E+15,4.8785E+16
39756,39757,8,2,15,109,2016,10,16,2,3,5,3,0,0,0,1,0,0,0,0,4.59636E+20,5.43769E+21,8.44713E+15,4.90908E+16
39757,39758,8,1,11,0,2016,10,10,7,3,5,2,0,0,0,1,0,0,0,0,5.12174E+20,5.39696E+21,9.16554E+15,4.87255E+16
39758,39759,8,2,21,0,2016,10,8,6,3,3,7,0,0,0,1,0,1,0,0,4.77512E+20,5.46997E+21,8.69017E+15,4.93821E+16
39759,39760,8,1,18,79,2016,10,7,6,3,2,6,0,1,0,1,0,0,0,0,5.09395E+20,5.4228E+21,9.12834E+15,4.89581E+16
39760,39761,8,4,35,16,2016,10,16,3,3,3,2,0,0,1,1,0,0,0,0,5.36812E+20,5.27962E+21,9.49036E+15,4.76689E+16
39761,39762,8,2,16,43,2016,10,21,2,3,3,1,2,1,0,1,0,0,1,0,4.4478E+20,5.41262E+21,8.24709E+15,4.8864E+16
39762,39763,8,1,18,53,2016,10,22,4,2,5,2,2,0,0,1,0,0,0,0,5.17246E+20,5.42803E+21,9.23581E+15,4.9005E+16
39763,39764,8,1,25,24,2016,10,13,1,3,1,6,0,0,0,1,0,0,0,0,5.22492E+20,5.44388E+21,9.30842E+15,4.91474E+16
39764,39765,8,1,15,21,2016,10,15,1,3,5,3,0,0,1,1,0,0,0,0,4.9081E+20,5.38239E+21,8.87537E+15,4.85945E+16
39765,39766,8,2,22,0,2016,10,15,1,2,3,6,0,0,0,1,0,0,0,0,4.67285E+20,5.48153E+21,8.54831E+15,4.94855E+16
39766,39767,8,2,16,41,2016,10,5,3,2,5,3,2,1,0,1,0,0,0,1,4.34942E+20,5.39077E+21,8.11641E+15,4.86666E+16
39767,39768,8,1,15,37,2016,10,17,5,2,3,6,0,0,0,1,0,1,0,1,4.91966E+20,5.38508E+21,8.89099E+15,4.86188E+16
39768,39769,8,1,18,48,2016,10,15,5,3,2,6,0,0,0,1,0,0,0,0,5.15234E+20,5.41466E+21,9.2078E+15,4.88847E+16
39769,39770,8,3,35,75,2016,10,15,4,3,8,7,0,0,0,1,0,0,0,0,4.89436E+20,5.29015E+21,8.85902E+15,4.77647E+16
39770,39771,8,1,11,0,2016,10,13,3,3,0,7,0,1,0,0,0,1,0,1,5.12749E+20,5.40773E+21,9.17368E+15,4.88225E+16
39771,39772,8,2,15,90,2016,10,16,4,2,2,6,0,0,0,0,0,0,1,0,4.64728E+20,5.43626E+21,8.51701E+15,4.90782E+16
39772,39773,8,1,36,45,2016,10,7,4,3,4,6,2,1,0,1,0,0,1,0,5.95109E+20,5.4056E+21,1.02951E+16,4.87961E+16
39773,39774,8,1,18,48,2016,10,15,7,3,2,6,0,0,0,1,0,0,0,0,5.14142E+20,5.41658E+21,9.19298E+15,4.8902E+16
39774,39775,8,4,25,79,2016,10,14,2,3,2,6,0,0,0,1,0,0,0,1,5.56754E+20,5.37353E+21,9.76846E+15,4.85123E+16
39775,39776,8,1,27,76,2016,10,12,2,3,5,3,0,0,1,1,0,0,0,0,5.54676E+20,5.44088E+21,9.74931E+15,4.91183E+16
39776,39777,8,3,36,103,2016,10,16,6,3,4,6,0,1,0,1,0,0,0,0,4.12431E+20,5.28536E+21,7.83247E+15,4.77156E+16
39777,39778,8,1,21,0,2016,10,5,5,3,4,2,2,0,0,1,0,0,0,0,5.13496E+20,5.43948E+21,9.18492E+15,4.9108E+16
39778,39779,8,4,16,41,2016,10,19,4,3,2,6,2,0,0,1,0,0,0,0,5.05261E+20,5.37341E+21,9.07124E+15,4.85138E+16
39779,39780,8,1,17,2,2016,10,16,3,2,4,2,0,1,0,1,0,0,0,0,5.40684E+20,5.38714E+21,9.55222E+15,4.8636E+16
39780,39781,8,1,25,26,2016,10,13,7,3,4,2,0,0,1,1,0,0,0,0,4.9779E+20,5.43834E+21,8.96972E+15,4.90979E+16
39781,39782,8,4,36,81,2016,10,2,2,2,2,6,2,1,0,1,0,0,0,0,5.5901E+20,5.28169E+21,9.78631E+15,4.76859E+16
39782,39783,8,2,15,97,2016,10,11,3,2,5,3,0,0,1,1,0,0,0,0,4.75361E+20,5.44367E+21,8.66215E+15,4.91454E+16
39783,39784,8,1,18,3,2016,10,15,2,3,2,6,0,0,0,1,0,0,0,1,5.11172E+20,5.41616E+21,9.15243E+15,4.88983E+16
39784,39785,8,4,17,51,2016,10,22,6,3,8,1,2,0,0,1,0,0,0,0,4.94837E+20,5.35788E+21,8.93028E+15,4.83741E+16
39785,39786,8,1,25,27,2016,10,13,6,3,2,6,0,0,0,1,0,0,0,0,5.18272E+20,5.44647E+21,9.25067E+15,4.91708E+16
39786,39787,8,1,16,58,2016,10,8,6,3,4,6,0,0,0,0,0,0,1,0,5.34202E+20,5.39691E+21,9.46504E+15,4.87243E+16
39787,39788,8,4,25,20,2016,10,16,3,3,5,7,0,1,1,1,0,0,0,0,5.58785E+20,5.36149E+21,9.79427E+15,4.84038E+16
39788,39789,8,4,25,33,2016,10,17,1,3,5,2,0,0,0,1,0,1,0,0,5.52721E+20,5.34784E+21,9.71064E+15,4.82816E+16
39789,39790,8,2,36,72,2016,10,17,2,3,2,6,0,1,0,1,0,0,0,0,4.66391E+20,5.41044E+21,8.54191E+15,4.88461E+16
39790,39791,8,1,28,7,2016,10,16,4,3,5,2,0,0,0,1,0,0,0,0,5.60744E+20,5.48087E+21,9.83854E+15,4.94774E+16
39791,39792,8,1,19,79,2016,10,15,1,3,2,6,0,0,0,1,0,0,0,0,5.2306E+20,5.41529E+21,9.31458E+15,4.88901E+16
39792,39793,8,4,25,4,2016,10,19,7,2,8,1,1,0,0,1,0,0,0,0,5.75417E+20,5.38401E+21,1.0023E+16,4.86046E+16
39793,39794,8,4,25,33,2016,10,6,5,3,5,3,2,0,0,1,0,0,0,0,5.61538E+20,5.34611E+21,9.82921E+15,4.82652E+16
39794,39795,8,2,35,6,2016,10,14,1,2,0,7,0,0,0,0,0,1,0,0,4.74088E+20,5.38545E+21,8.64838E+15,4.86215E+16
39795,39796,8,1,35,19,2016,10,7,3,3,2,6,1,1,0,1,0,0,0,0,5.81755E+20,5.39248E+21,1.01107E+16,4.868E+16
39796,39797,8,1,35,19,2016,10,16,5,3,5,3,0,0,1,1,0,0,0,0,5.85414E+20,5.39017E+21,1.01599E+16,4.86587E+16
39797,39798,8,4,25,84,2016,10,17,5,3,2,6,0,0,0,1,0,0,0,0,5.58873E+20,5.37443E+21,9.79728E+15,4.85202E+16
39798,39799,8,4,36,10,2016,10,23,4,2,8,1,2,0,0,1,0,0,0,0,5.70053E+20,5.30425E+21,9.93707E+15,4.78878E+16
39799,39800,8,3,15,4,2016,10,17,4,2,5,3,0,1,0,1,0,0,0,0,3.94753E+20,5.29458E+21,7.59462E+15,4.7796E+16
39800,39801,8,2,26,6,2016,10,17,4,3,9,2,0,0,0,1,0,1,0,0,4.84754E+20,5.46761E+21,8.79004E+15,4.9361E+16
39801,39802,8,1,25,74,2016,10,17,4,2,4,1,0,1,0,1,0,0,0,0,5.099E+20,5.43864E+21,9.13563E+15,4.91006E+16
39802,39803,8,3,26,74,2016,10,10,2,3,2,6,0,0,0,1,0,0,0,0,4.71926E+20,5.32219E+21,8.62326E+15,4.80524E+16
39803,39804,8,2,15,107,2016,10,9,3,3,4,1,0,0,0,1,0,0,0,0,4.62852E+20,5.45618E+21,8.48948E+15,4.92573E+16
39804,39805,8,2,31,0,2016,10,16,1,3,2,6,0,0,0,1,0,1,0,0,4.77586E+20,5.41572E+21,8.69421E+15,4.8894E+16
39805,39806,8,1,19,20,2016,10,6,2,3,2,6,2,0,0,1,0,0,0,0,5.19384E+20,5.40486E+21,9.26394E+15,4.87965E+16
39806,39807,8,3,35,35,2016,10,14,1,3,6,4,0,0,0,1,1,0,0,0,4.83291E+20,5.29001E+21,8.77702E+15,4.77632E+16
39807,39808,8,1,15,42,2016,10,19,4,3,5,3,2,0,0,1,0,0,0,1,4.9473E+20,5.40647E+21,8.92821E+15,4.88112E+16
39808,39809,8,4,35,35,2016,10,7,2,2,3,2,1,0,1,1,0,0,0,0,5.42808E+20,5.28343E+21,9.5706E+15,4.77029E+16
39809,39810,8,1,18,77,2016,10,15,1,3,6,4,0,0,0,1,1,0,0,0,5.1289E+20,5.42311E+21,9.17609E+15,4.89608E+16
39810,39811,8,3,35,75,2016,10,8,7,3,8,1,0,1,0,1,0,0,0,0,4.8867E+20,5.29586E+21,8.84866E+15,4.7816E+16
39811,39812,8,4,25,75,2016,10,16,3,3,9,1,0,1,0,1,0,0,0,0,5.66421E+20,5.37685E+21,9.89987E+15,4.85412E+16
39812,39813,8,2,15,46,2016,10,18,5,3,0,6,0,0,0,1,0,0,1,0,4.48096E+20,5.4154E+21,8.29194E+15,4.88894E+16
39813,39814,8,1,18,46,2016,10,18,2,3,5,2,2,1,1,1,0,0,0,0,5.14609E+20,5.41267E+21,9.1992E+15,4.88668E+16
39814,39815,8,4,36,49,2016,10,16,6,3,2,2,0,1,0,1,0,0,0,0,5.78897E+20,5.28513E+21,1.00519E+16,4.77148E+16
39815,39816,8,1,19,90,2016,10,19,5,3,0,1,2,1,0,1,0,0,0,0,5.31849E+20,5.40631E+21,9.43378E+15,4.8809E+16
39816,39817,8,3,26,17,2016,10,18,5,3,4,1,2,1,0,1,0,0,0,0,4.454E+20,5.32535E+21,8.26693E+15,4.80791E+16
39817,39818,8,2,31,0,2016,10,14,5,3,4,2,0,1,0,1,0,0,0,0,4.75985E+20,5.41628E+21,8.67233E+15,4.8899E+16
39818,39819,8,1,25,110,2016,10,11,7,3,5,3,0,1,0,1,0,0,0,0,5.26587E+20,5.44387E+21,9.36457E+15,4.91471E+16
39819,39820,8,3,36,50,2016,10,7,6,3,5,2,1,1,1,1,0,0,0,0,3.99241E+20,5.27519E+21,7.65901E+15,4.76223E+16
39820,39821,8,1,36,79,2016,10,17,1,3,2,2,0,0,0,1,0,0,0,0,5.60563E+20,5.40205E+21,9.8242E+15,4.87685E+16
39821,39822,8,2,15,40,2016,10,12,5,2,5,3,0,1,0,1,0,0,0,1,4.8846E+20,5.43616E+21,8.84198E+15,4.90782E+16
39822,39823,8,2,25,109,2016,10,14,6,3,2,6,0,1,0,1,0,0,0,0,5.28536E+20,5.493E+21,9.39482E+15,4.95889E+16
39823,39824,8,1,17,6,2016,10,21,6,3,2,6,2,0,0,1,0,0,0,0,5.49865E+20,5.38035E+21,9.67601E+15,4.85742E+16
39824,39825,8,1,11,0,2016,10,14,1,3,2,6,0,0,0,1,0,0,0,0,5.10957E+20,5.4002E+21,9.14908E+15,4.87547E+16
39825,39826,8,2,26,85,2016,10,15,2,3,2,6,0,1,0,1,0,0,0,0,4.89717E+20,5.45525E+21,8.85871E+15,4.925E+16
39826,39827,8,3,37,126,2016,10,17,1,3,1,6,0,1,0,1,0,0,0,0,4.41318E+20,5.27448E+21,8.21903E+15,4.76211E+16
39827,39828,8,1,16,7,2016,10,7,5,2,5,7,1,0,0,1,0,1,0,0,5.32456E+20,5.39954E+21,9.44152E+15,4.8748E+16
39828,39829,8,2,15,9,2016,10,7,5,3,0,1,0,1,0,0,0,1,0,0,4.68807E+20,5.44236E+21,8.57239E+15,4.91333E+16
39829,39830,8,2,22,0,2016,10,9,5,3,3,6,0,1,0,0,0,0,1,1,4.60832E+20,5.48233E+21,8.45915E+15,4.94923E+16
39830,39831,8,2,15,100,2016,10,9,6,3,2,6,0,0,0,1,0,0,0,0,4.70941E+20,5.45123E+21,8.601E+15,4.92131E+16
39831,39832,8,1,26,69,2016,10,13,1,3,3,6,0,0,1,1,0,0,0,0,5.39297E+20,5.44549E+21,9.539E+15,4.9161E+16
39832,39833,8,2,15,7,2016,10,15,5,3,2,6,0,1,0,1,0,0,0,0,4.80377E+20,5.43043E+21,8.73157E+15,4.90264E+16
39833,39834,8,1,25,6,2016,10,0,6,3,2,1,2,1,0,1,0,0,0,0,5.05208E+20,5.45103E+21,9.07151E+15,4.92121E+16
39834,39835,8,1,11,0,2016,10,20,6,3,2,1,2,0,0,1,0,0,0,0,5.14063E+20,5.40398E+21,9.19146E+15,4.87887E+16
39835,39836,8,4,17,31,2016,10,20,7,3,5,3,2,0,0,1,0,0,0,0,4.98112E+20,5.35522E+21,8.97452E+15,4.83501E+16
39836,39837,8,3,11,0,2016,10,11,1,3,0,7,0,1,0,0,0,0,0,1,4.1531E+20,5.31563E+21,7.86493E+15,4.79883E+16
39837,39838,8,2,26,84,2016,10,18,2,3,3,3,2,1,0,1,0,0,1,0,4.6684E+20,5.47353E+21,8.54284E+15,4.94135E+16
39838,39839,8,1,21,0,2016,10,17,2,3,0,7,0,1,0,0,0,1,0,1,5.19179E+20,5.44251E+21,9.26293E+15,4.91351E+16
39839,39840,8,2,12,0,2016,10,11,7,2,5,3,0,0,0,1,0,0,0,0,4.55195E+20,5.42862E+21,8.38731E+15,4.90088E+16
39840,39841,8,1,19,67,2016,10,21,7,2,9,1,2,0,0,1,0,0,0,0,5.41622E+20,5.40156E+21,9.56641E+15,4.87657E+16
39841,39842,8,1,19,91,2016,10,11,5,3,3,2,0,0,1,1,0,0,0,0,5.2866E+20,5.4053E+21,9.39028E+15,4.88001E+16
39842,39843,8,4,17,79,2016,10,17,5,3,5,3,0,0,0,1,0,0,0,0,5.00709E+20,5.34451E+21,9.00955E+15,4.82538E+16
39843,39844,8,1,15,42,2016,10,14,1,3,4,6,0,0,0,1,0,0,0,0,4.96521E+20,5.40691E+21,8.95261E+15,4.88151E+16
39844,39845,8,1,35,19,2016,10,17,6,2,2,6,1,0,0,1,0,0,0,0,5.88469E+20,5.40138E+21,1.02038E+16,4.87591E+16
39845,39846,8,3,35,75,2016,10,18,7,3,2,2,1,0,0,1,0,0,0,0,4.86464E+20,5.28904E+21,8.8194E+15,4.77546E+16
39846,39847,8,1,26,46,2016,10,18,5,3,6,4,2,1,0,1,1,0,0,0,5.50007E+20,5.45868E+21,9.68754E+15,4.92788E+16
39847,39848,8,2,15,7,2016,10,10,1,3,5,3,0,0,0,1,0,0,0,0,4.79691E+20,5.43594E+21,8.72192E+15,4.9076E+16
39848,39849,8,2,15,96,2016,10,17,2,3,8,6,0,1,0,1,0,0,0,0,4.60152E+20,5.41454E+21,8.45648E+15,4.88825E+16
39849,39850,8,2,35,85,2016,10,23,7,3,2,6,2,0,0,1,0,0,0,0,4.80403E+20,5.39448E+21,8.73365E+15,4.8703E+16
39850,39851,8,1,18,79,2016,10,13,2,3,2,6,0,1,0,1,0,0,0,0,5.10172E+20,5.42145E+21,9.13892E+15,4.89459E+16
39851,39852,8,1,11,0,2016,10,6,7,3,8,1,2,0,0,1,0,0,0,0,5.15476E+20,5.40496E+21,9.21074E+15,4.87975E+16
39852,39853,8,1,19,4,2016,10,17,5,3,8,1,1,1,0,1,0,0,0,0,5.45188E+20,5.41909E+21,9.61686E+15,4.89231E+16
39853,39854,8,3,37,76,2016,10,19,5,3,0,7,2,0,1,0,0,0,0,0,4.27228E+20,5.27057E+21,8.03219E+15,4.75845E+16
39854,39855,8,2,12,0,2016,10,14,5,3,2,2,0,1,0,1,0,1,0,0,4.59212E+20,5.42807E+21,8.4423E+15,4.90042E+16
39855,39856,8,1,27,43,2016,10,8,2,2,6,4,0,1,0,1,1,0,0,0,5.67236E+20,5.44666E+21,9.92238E+15,4.91691E+16
39856,39857,8,1,28,64,2016,10,3,7,3,4,6,2,1,0,1,0,0,0,0,5.34822E+20,5.50097E+21,9.48249E+15,4.96602E+16
39857,39858,8,3,25,70,2016,10,17,6,3,1,6,0,0,0,1,0,0,0,0,4.5911E+20,5.34877E+21,8.44874E+15,4.82908E+16
39858,39859,8,2,25,52,2016,10,7,2,2,8,1,2,1,0,1,0,0,0,0,5.15504E+20,5.48204E+21,9.21408E+15,4.94908E+16
39859,39860,8,1,18,48,2016,10,20,7,3,2,6,2,0,0,1,0,0,0,0,5.1143E+20,5.41874E+21,9.15603E+15,4.89215E+16
39860,39861,8,3,35,61,2016,10,13,6,3,5,3,0,1,0,0,0,1,0,1,4.92444E+20,5.28182E+21,8.89931E+15,4.76897E+16
39861,39862,8,1,28,58,2016,10,9,6,3,2,6,0,0,0,1,0,0,0,0,5.64659E+20,5.49051E+21,9.89415E+15,4.95637E+16
39862,39863,8,1,17,24,2016,10,17,2,3,5,3,0,0,0,1,0,0,0,0,5.60174E+20,5.3864E+21,9.81663E+15,4.86278E+16
39863,39864,8,4,36,79,2016,10,7,6,3,2,6,2,1,1,1,0,0,0,0,5.5332E+20,5.29023E+21,9.71155E+15,4.77632E+16
39864,39865,8,1,19,6,2016,10,18,5,3,2,2,2,1,0,1,0,0,0,0,5.3636E+20,5.42103E+21,9.49652E+15,4.89411E+16
39865,39866,8,3,17,65,2016,10,6,5,3,5,3,1,1,0,1,0,0,0,0,4.13601E+20,5.3514E+21,7.83476E+15,4.83099E+16
39866,39867,8,2,36,67,2016,10,7,5,3,2,6,0,1,0,1,0,0,0,0,4.8707E+20,5.41043E+21,8.82376E+15,4.88467E+16
39867,39868,8,1,21,0,2016,10,16,7,3,4,2,0,1,0,1,0,0,0,0,5.15932E+20,5.44228E+21,9.21841E+15,4.91332E+16
39868,39869,8,2,26,103,2016,10,16,6,3,3,6,0,1,0,1,0,0,1,0,4.71928E+20,5.45772E+21,8.6141E+15,4.92716E+16
39869,39870,8,1,28,6,2016,10,13,1,3,8,1,0,0,0,0,0,1,0,0,5.47667E+20,5.47422E+21,9.65723E+15,4.94188E+16
39870,39871,8,2,15,100,2016,10,13,5,3,2,2,0,1,0,1,0,0,0,0,4.74709E+20,5.45165E+21,8.65271E+15,4.92171E+16
39871,39872,8,2,25,68,2016,10,5,6,3,9,1,2,1,0,1,0,0,0,0,5.04095E+20,5.47041E+21,9.05642E+15,4.93864E+16
39872,39873,8,1,11,0,2016,10,6,6,2,5,2,2,1,0,1,0,0,0,0,5.12266E+20,5.39677E+21,9.16678E+15,4.87238E+16
39873,39874,8,4,35,59,2016,10,14,7,3,4,6,0,0,0,1,0,0,0,0,5.11046E+20,5.29325E+21,9.14749E+15,4.77925E+16
39874,39875,8,3,35,75,2016,10,20,1,3,0,7,2,1,1,0,0,0,0,0,4.88429E+20,5.28829E+21,8.84563E+15,4.77478E+16
39875,39876,8,1,11,0,2016,10,20,5,3,6,4,2,0,0,1,1,0,0,0,5.16199E+20,5.39858E+21,9.22033E+15,4.874E+16
39876,39877,8,1,15,21,2016,10,20,1,3,1,6,2,0,0,1,0,0,0,0,4.92498E+20,5.37949E+21,8.8983E+15,4.85684E+16
39877,39878,8,2,15,97,2016,10,6,5,2,5,3,2,1,0,1,0,0,0,0,4.82976E+20,5.44067E+21,8.76669E+15,4.91187E+16
39878,39879,8,2,35,46,2016,10,12,6,3,4,2,0,0,0,1,0,0,1,0,4.82326E+20,5.37553E+21,8.7606E+15,4.85326E+16
39879,39880,8,1,21,0,2016,10,13,6,3,2,6,0,0,0,1,0,0,1,0,5.14428E+20,5.44202E+21,9.19777E+15,4.91309E+16
39880,39881,8,2,16,43,2016,10,22,2,3,9,1,2,1,0,1,0,0,0,0,4.43563E+20,5.41047E+21,8.23079E+15,4.88446E+16
39881,39882,8,4,16,36,2016,10,23,1,1,9,1,2,1,0,1,0,0,0,0,4.9049E+20,5.36388E+21,8.87145E+15,4.8428E+16
39882,39883,8,1,11,0,2016,10,17,5,2,5,3,0,0,0,1,0,0,1,0,5.12028E+20,5.41092E+21,9.16396E+15,4.88512E+16
39883,39884,8,4,26,1,2016,10,6,6,3,8,1,2,1,0,1,0,0,0,0,5.6732E+20,5.34583E+21,9.90708E+15,4.82621E+16
39884,39885,8,1,19,8,2016,10,19,5,3,0,3,2,1,0,1,0,1,0,0,5.32804E+20,5.41979E+21,9.44787E+15,4.89301E+16
39885,39886,8,2,16,43,2016,10,18,5,3,5,3,1,1,0,1,0,0,0,0,4.44129E+20,5.41206E+21,8.23829E+15,4.8859E+16
39886,39887,8,1,19,67,2016,10,4,1,3,8,1,2,1,0,1,0,0,0,0,5.39895E+20,5.40903E+21,9.54363E+15,4.8833E+16
39887,39888,8,1,25,65,2016,10,6,5,3,9,1,2,1,0,1,0,0,0,0,5.16659E+20,5.44771E+21,9.22859E+15,4.9182E+16
39888,39889,8,1,15,42,2016,10,12,6,3,2,6,0,0,0,1,0,0,0,0,4.94855E+20,5.40595E+21,8.92993E+15,4.88065E+16
39889,39890,8,1,11,0,2016,10,8,6,3,2,2,0,0,0,1,0,0,0,0,5.14944E+20,5.40294E+21,9.20341E+15,4.87793E+16
39890,39891,8,3,15,6,2016,10,8,7,3,1,6,0,0,0,1,0,0,0,0,3.99778E+20,5.31156E+21,7.65776E+15,4.79495E+16
39891,39892,8,1,25,8,2016,10,9,5,3,6,4,0,0,0,0,1,0,0,1,5.22854E+20,5.43222E+21,9.31272E+15,4.90424E+16
39892,39893,8,2,36,38,2016,10,15,1,3,2,2,0,0,0,1,0,0,0,0,4.86319E+20,5.4275E+21,8.81295E+15,4.90002E+16
39893,39894,8,2,26,13,2016,10,14,2,3,0,3,0,1,1,1,0,0,0,0,4.9918E+20,5.47864E+21,8.98869E+15,4.94604E+16
39894,39895,8,1,25,8,2016,10,14,2,3,4,6,0,1,0,0,0,0,0,1,5.25379E+20,5.43381E+21,9.34738E+15,4.90566E+16
39895,39896,8,3,27,46,2016,10,22,7,3,5,3,2,0,0,1,0,1,0,0,4.80022E+20,5.3256E+21,8.73175E+15,4.80833E+16
39896,39897,8,4,25,66,2016,10,17,5,2,9,1,1,1,0,1,0,0,0,0,5.76446E+20,5.35099E+21,1.0031E+16,4.83075E+16
39897,39898,8,1,11,0,2016,10,22,2,3,8,1,2,1,0,1,0,0,0,0,5.13829E+20,5.39386E+21,9.18793E+15,4.86976E+16
39898,39899,8,2,26,85,2016,10,9,7,3,6,4,0,1,0,1,1,0,0,0,4.85827E+20,5.45077E+21,8.80541E+15,4.92095E+16
39899,39900,8,3,37,126,2016,10,12,6,2,6,4,0,1,0,1,1,0,0,0,4.4131E+20,5.2745E+21,8.21892E+15,4.76213E+16
39900,39901,8,1,18,79,2016,10,10,2,3,5,3,0,1,0,1,0,0,0,0,5.07857E+20,5.4229E+21,9.10733E+15,4.89589E+16