FID,OBJECTID,ULAND,UREGBEZ,UKREIS,UGEMEINDE,UJAHR,UMONAT,USTUNDE,UWOCHENTAG,UKATEGORIE,UART,UTYP1,ULICHTVERH,IstStrasse,IstRad,IstPKW,IstFuss,IstKrad,IstGkfz,IstSonstig,LINREFX,LINREFY,XGCSWGS84,YGCSWGS84
39901,39902,8,1,11,0,2016,10,14,7,3,2,6,0,0,0,1,0,0,0,0,5.129E+20,5.39974E+21,9.17549E+15,4.87505E+16
39902,39903,8,1,19,69,2016,10,18,2,3,9,1,1,1,0,1,0,0,0,0,5.28518E+20,5.43072E+21,9.39012E+15,4.90287E+16
39903,39904,8,2,15,89,2016,10,5,7,3,9,7,2,0,0,0,0,0,1,0,4.70441E+20,5.42972E+21,8.59571E+15,4.90197E+16
39904,39905,8,1,16,42,2016,10,20,7,2,3,6,2,0,0,1,0,0,0,1,5.18708E+20,5.38251E+21,9.25372E+15,4.85954E+16
39905,39906,8,1,19,8,2016,10,12,5,2,0,1,0,1,0,0,0,1,1,0,5.29547E+20,5.4201E+21,9.40342E+15,4.89331E+16
39906,39907,8,4,16,25,2016,10,19,5,3,4,2,2,0,0,1,0,0,0,0,5.04259E+20,5.36229E+21,9.05756E+15,4.84138E+16
39907,39908,8,2,26,85,2016,10,15,5,3,2,6,0,1,0,1,0,0,0,0,4.89412E+20,5.45523E+21,8.85452E+15,4.92497E+16
39908,39909,8,1,27,73,2016,10,19,2,3,2,6,2,1,0,1,0,0,0,0,5.78183E+20,5.44853E+21,1.00729E+16,4.91846E+16
39909,39910,8,1,36,65,2016,10,16,7,3,4,2,0,0,0,1,0,0,0,0,5.57095E+20,5.40736E+21,9.77775E+15,4.88166E+16
39910,39911,8,4,36,64,2016,10,7,6,2,5,3,2,1,0,1,0,1,0,0,5.40038E+20,5.29241E+21,9.5345E+15,4.77838E+16
39911,39912,8,2,15,97,2016,10,12,1,3,2,7,0,1,0,1,0,0,0,0,4.81375E+20,5.44125E+21,8.74472E+15,4.91238E+16
39912,39913,8,1,15,37,2016,10,7,5,3,2,1,0,1,0,1,0,0,0,0,4.92504E+20,5.38393E+21,8.89831E+15,4.86084E+16
39913,39914,8,2,12,0,2016,10,8,6,3,2,6,0,0,0,1,0,0,1,0,4.5883E+20,5.4251E+21,8.43738E+15,4.89774E+16
39914,39915,8,1,27,102,2016,10,16,6,3,8,1,0,1,0,1,0,0,0,0,5.88411E+20,5.43523E+21,1.02103E+16,4.90636E+16
39915,39916,8,1,16,19,2016,10,16,2,3,0,4,0,1,0,0,1,1,0,0,5.22679E+20,5.39634E+21,9.30834E+15,4.87197E+16
39916,39917,8,3,11,0,2016,10,19,2,3,0,6,2,1,1,0,0,0,0,0,4.13134E+20,5.31545E+21,7.8358E+15,4.79865E+16
39917,39918,8,4,17,25,2016,10,20,1,3,8,6,2,1,0,1,0,0,0,0,4.89604E+20,5.35211E+21,8.85976E+15,4.8322E+16
39918,39919,8,1,11,0,2016,10,15,5,3,5,3,0,0,0,1,0,1,0,0,5.16299E+20,5.40479E+21,9.22193E+15,4.87958E+16
39919,39920,8,4,36,55,2016,10,9,6,3,8,1,0,1,0,1,0,0,0,0,5.79328E+20,5.29085E+21,1.00587E+16,4.77661E+16
39920,39921,8,1,18,78,2016,10,12,5,3,0,3,0,0,0,1,0,0,0,0,5.1349E+20,5.42092E+21,9.18421E+15,4.89411E+16
39921,39922,8,3,17,126,2016,10,23,5,3,7,7,2,1,0,1,0,0,0,0,4.4258E+20,5.38116E+21,8.22146E+15,4.85809E+16
39922,39923,8,2,25,109,2016,10,10,5,3,2,1,0,1,0,1,0,0,0,0,5.27506E+20,5.49236E+21,9.38052E+15,4.95832E+16
39923,39924,8,1,18,6,2016,10,9,5,3,2,6,0,1,0,1,0,0,0,0,5.175E+20,5.4217E+21,9.23901E+15,4.89479E+16
39924,39925,8,4,36,94,2016,10,16,5,2,8,1,0,0,0,1,0,0,0,0,5.74477E+20,5.28116E+21,9.99228E+15,4.76796E+16
39925,39926,8,2,31,0,2016,10,8,5,3,4,2,0,1,0,1,0,0,0,0,4.75784E+20,5.41501E+21,8.66966E+15,4.88875E+16
39926,39927,8,1,26,66,2016,10,17,2,3,1,6,0,1,0,1,0,0,0,0,5.34827E+20,5.44967E+21,9.47806E+15,4.91989E+16
39927,39928,8,1,36,45,2016,10,12,7,2,5,3,0,0,0,1,0,1,0,0,5.97241E+20,5.40107E+21,1.0323E+16,4.87551E+16
39928,39929,8,3,17,5,2016,10,15,6,3,5,3,0,0,0,1,0,0,0,0,4.24715E+20,5.37647E+21,7.98013E+15,4.85368E+16
39929,39930,8,1,36,66,2016,10,16,1,3,9,1,0,0,0,1,0,0,0,0,5.55785E+20,5.41386E+21,9.7608E+15,4.88751E+16
39930,39931,8,1,18,81,2016,10,9,5,1,4,6,0,1,0,0,0,0,1,0,5.1813E+20,5.41185E+21,9.24718E+15,4.88593E+16
39931,39932,8,2,26,56,2016,10,12,6,3,5,3,0,1,0,1,0,0,0,0,4.85289E+20,5.47104E+21,8.79728E+15,4.93919E+16
39932,39933,8,4,21,0,2016,10,0,6,2,4,6,2,1,0,1,0,0,0,0,5.69177E+20,5.363E+21,9.93492E+15,4.84163E+16
39933,39934,8,2,31,0,2016,10,14,2,3,2,6,0,0,0,1,0,0,0,0,4.78808E+20,5.41662E+21,8.71083E+15,4.89022E+16
39934,39935,8,4,15,61,2016,10,4,1,2,8,1,2,0,0,1,0,0,0,0,5.14156E+20,5.37537E+21,9.19175E+15,4.85313E+16
39935,39936,8,4,36,6,2016,10,8,4,3,2,6,0,0,0,1,0,0,0,0,5.60247E+20,5.28396E+21,9.80311E+15,4.77063E+16
39936,39937,8,4,15,78,2016,10,5,6,2,4,6,2,1,0,1,0,0,0,0,5.33973E+20,5.3652E+21,9.45933E+15,4.8439E+16
39937,39938,8,2,15,9,2016,10,12,5,3,2,6,0,0,0,1,0,0,0,0,4.69929E+20,5.44064E+21,8.5879E+15,4.91179E+16
39938,39939,8,1,15,50,2016,10,11,1,3,5,2,0,0,0,1,0,1,0,0,4.90257E+20,5.4025E+21,8.86739E+15,4.87754E+16
39939,39940,8,1,36,43,2016,10,12,6,2,2,2,0,0,0,1,0,1,0,0,5.7022E+20,5.40994E+21,9.95696E+15,4.88385E+16
39940,39941,8,3,37,126,2016,10,15,7,2,5,2,0,0,0,1,0,0,0,0,4.4422E+20,5.27438E+21,8.25767E+15,4.76204E+16
39941,39942,8,2,12,0,2016,10,7,6,2,5,2,2,0,0,1,0,1,0,0,4.54793E+20,5.42826E+21,8.38187E+15,4.90055E+16
39942,39943,8,1,26,11,2016,10,17,1,3,5,3,0,0,0,1,0,0,0,0,5.29404E+20,5.44789E+21,9.40349E+15,4.91831E+16
39943,39944,8,1,36,19,2016,10,14,5,3,9,1,0,1,0,1,0,0,0,0,5.89671E+20,5.42259E+21,1.02248E+16,4.89497E+16
39944,39945,8,2,11,0,2016,10,0,6,3,8,1,2,1,0,1,0,0,0,0,4.3834E+20,5.40473E+21,8.16046E+15,4.87925E+16
39945,39946,8,1,11,0,2016,10,5,6,3,5,3,2,1,1,0,0,1,0,0,5.12359E+20,5.40818E+21,9.16839E+15,4.88265E+16
39946,39947,8,4,21,0,2016,10,19,7,3,8,7,2,0,0,1,0,0,0,0,5.68924E+20,5.35556E+21,9.93027E+15,4.83495E+16
39947,39948,8,3,16,24,2016,10,0,1,3,5,3,2,0,0,1,0,0,0,1,4.09405E+20,5.33444E+21,7.78181E+15,4.81568E+16
39948,39949,8,1,21,0,2016,10,6,2,3,4,2,2,1,0,1,0,0,0,0,5.10591E+20,5.4471E+21,9.14532E+15,4.91767E+16
39949,39950,8,3,17,26,2016,10,18,7,3,4,2,1,0,0,1,0,0,0,0,4.10874E+20,5.34634E+21,7.79906E+15,4.8264E+16
39950,39951,8,1,18,79,2016,10,14,5,3,5,3,0,1,0,1,0,0,0,0,5.10028E+20,5.42187E+21,9.13696E+15,4.89497E+16
39951,39952,8,4,17,25,2016,10,12,5,3,0,6,0,0,0,1,0,0,0,1,4.85053E+20,5.35628E+21,8.79822E+15,4.83596E+16
39952,39953,8,1,28,131,2016,10,8,2,3,2,6,0,0,0,0,0,0,0,1,5.46074E+20,5.51237E+21,9.63974E+15,4.9762E+16
39953,39954,8,2,22,0,2016,10,12,7,3,2,6,0,1,0,1,0,0,0,0,4.61537E+20,5.48118E+21,8.46899E+15,4.9482E+16
39954,39955,8,2,16,9,2016,10,5,1,2,8,7,2,0,0,1,0,0,0,0,4.44957E+20,5.4208E+21,8.24839E+15,4.89377E+16
39955,39956,8,2,15,97,2016,10,16,2,3,8,1,0,1,0,1,0,0,0,0,4.81323E+20,5.44114E+21,8.74402E+15,4.91228E+16
39956,39957,8,2,37,27,2016,10,13,7,3,2,6,0,0,0,1,0,0,0,0,4.83368E+20,5.37E+21,8.77492E+15,4.84829E+16
39957,39958,8,1,18,48,2016,10,7,2,3,2,6,0,0,0,1,0,0,0,0,5.11384E+20,5.41882E+21,9.15539E+15,4.89222E+16
39958,39959,8,1,15,42,2016,10,9,7,3,5,3,0,0,1,1,0,0,0,0,4.95507E+20,5.40709E+21,8.93879E+15,4.88167E+16
39959,39960,8,1,18,79,2016,10,18,5,2,3,6,1,1,0,1,0,1,0,0,5.09659E+20,5.42272E+21,9.13195E+15,4.89574E+16
39960,39961,8,3,37,60,2016,10,3,5,2,8,1,2,1,0,1,0,0,0,0,4.68595E+20,5.27691E+21,8.58186E+15,4.76449E+16
39961,39962,8,2,22,0,2016,10,7,5,2,2,6,1,1,0,1,0,0,1,0,4.66867E+20,5.475E+21,8.54309E+15,4.94268E+16
39962,39963,8,1,27,76,2016,10,16,2,3,5,3,0,1,0,1,0,0,0,0,5.58773E+20,5.44351E+21,9.80583E+15,4.91416E+16
39963,39964,8,1,36,19,2016,10,16,7,3,4,2,0,0,0,1,0,1,0,0,5.89365E+20,5.42545E+21,1.02212E+16,4.89755E+16
39964,39965,8,3,27,16,2016,10,21,6,3,6,2,2,0,0,1,1,0,0,0,4.94789E+20,5.31857E+21,8.93012E+15,4.80204E+16
39965,39966,8,2,16,43,2016,10,13,1,3,5,2,0,0,1,1,0,0,0,0,4.41582E+20,5.4115E+21,8.20364E+15,4.88537E+16
39966,39967,8,1,36,37,2016,10,2,5,3,9,1,2,1,0,1,0,0,0,0,6.0429E+20,5.41604E+21,1.04227E+16,4.88885E+16
39967,39968,8,2,37,27,2016,10,22,6,3,2,6,2,0,0,1,0,0,0,0,4.80523E+20,5.36925E+21,8.73646E+15,4.84761E+16
39968,39969,8,1,25,26,2016,10,14,6,2,9,7,0,0,0,0,0,1,0,0,5.01195E+20,5.43693E+21,9.01637E+15,4.90853E+16
39969,39970,8,4,36,6,2016,10,12,1,2,8,1,0,0,0,0,0,1,0,0,5.56438E+20,5.28642E+21,9.75265E+15,4.77287E+16
39970,39971,8,3,35,75,2016,10,14,6,3,5,3,0,1,1,1,0,0,0,0,4.87291E+20,5.28989E+21,8.83041E+15,4.77622E+16
39971,39972,8,1,28,39,2016,10,15,6,3,8,1,0,1,0,1,0,0,0,0,5.26127E+20,5.5134E+21,9.36286E+15,4.97725E+16
39972,39973,8,1,17,18,2016,10,7,2,2,3,1,0,1,0,1,0,0,0,0,5.38629E+20,5.39563E+21,9.52512E+15,4.87125E+16
39973,39974,8,4,36,94,2016,10,15,6,3,4,1,0,1,0,1,0,0,0,0,5.75156E+20,5.28159E+21,1.00014E+16,4.76834E+16
39974,39975,8,1,15,41,2016,10,6,5,2,4,6,2,1,0,1,0,0,0,0,4.93808E+20,5.39983E+21,8.91576E+15,4.87514E+16
39975,39976,8,3,17,96,2016,10,15,5,3,2,6,0,0,0,1,0,1,0,0,4.22565E+20,5.36869E+21,7.95245E+15,4.84665E+16
39976,39977,8,2,35,65,2016,10,14,5,3,8,1,0,1,0,1,0,0,0,0,4.72151E+20,5.40469E+21,8.62081E+15,4.87946E+16
39977,39978,8,1,25,65,2016,10,13,7,3,2,6,0,1,0,1,0,0,0,0,5.1707E+20,5.45023E+21,9.23434E+15,4.92046E+16
39978,39979,8,3,36,50,2016,10,9,6,3,5,3,0,1,0,1,0,0,0,0,3.98707E+20,5.27314E+21,7.65238E+15,4.76038E+16
39979,39980,8,1,36,18,2016,10,14,1,3,3,2,0,0,0,1,0,1,0,0,5.89542E+20,5.43104E+21,1.02249E+16,4.90257E+16
39980,39981,8,1,36,46,2016,10,14,5,2,9,1,0,1,0,1,0,0,0,0,5.77174E+20,5.41664E+21,1.0053E+16,4.88979E+16
39981,39982,8,2,25,9,2016,10,15,6,3,4,1,0,1,0,1,0,0,0,0,5.17455E+20,5.46642E+21,9.24033E+15,4.93502E+16
39982,39983,8,1,15,45,2016,10,13,6,3,2,6,0,0,0,1,0,0,0,0,4.96869E+20,5.39409E+21,8.95745E+15,4.86999E+16
39983,39984,8,4,35,30,2016,10,12,7,3,5,3,0,0,1,1,0,0,0,0,5.40497E+20,5.27204E+21,9.53875E+15,4.76005E+16
39984,39985,8,3,35,98,2016,10,16,1,3,2,6,0,1,0,1,0,0,0,0,5.04224E+20,5.29597E+21,9.05642E+15,4.7817E+16
39985,39986,8,4,36,9,2016,10,19,4,2,4,2,2,1,0,1,0,1,0,0,5.56001E+20,5.30815E+21,9.74964E+15,4.79242E+16
39986,39987,8,2,15,9,2016,10,9,5,3,3,6,0,1,0,1,0,0,1,0,4.68814E+20,5.44235E+21,8.57249E+15,4.91332E+16
39987,39988,8,2,12,0,2016,10,9,2,3,2,6,0,1,0,1,0,0,1,0,4.54161E+20,5.42722E+21,8.37334E+15,4.89962E+16
39988,39989,8,4,17,16,2016,10,15,1,3,1,6,0,1,0,1,0,0,0,0,4.84375E+20,5.34184E+21,8.7896E+15,4.82296E+16
39989,39990,8,4,36,81,2016,10,12,4,3,8,1,0,1,0,1,0,0,0,0,5.5786E+20,5.27751E+21,9.77043E+15,4.76484E+16
39990,39991,8,4,36,83,2016,10,16,6,2,5,3,0,0,0,1,0,1,0,0,5.28946E+20,5.30216E+21,9.38708E+15,4.78722E+16
39991,39992,8,1,17,24,2016,10,12,5,3,1,6,0,0,0,1,0,0,0,0,5.60431E+20,5.38637E+21,9.82011E+15,4.86275E+16
39992,39993,8,2,26,10,2016,10,17,5,3,9,1,2,1,0,1,0,0,0,0,4.80521E+20,5.45828E+21,8.73219E+15,4.9277E+16
39993,39994,8,2,21,0,2016,10,19,5,2,5,3,2,1,0,1,0,0,0,0,4.75472E+20,5.46891E+21,8.66213E+15,4.93724E+16
39994,39995,8,1,25,26,2016,10,10,1,2,0,1,0,0,0,0,0,1,0,0,4.92189E+20,5.44229E+21,8.89292E+15,4.91334E+16
39995,39996,8,1,35,25,2016,10,14,5,3,8,1,0,1,0,0,0,0,0,1,5.81067E+20,5.39869E+21,1.01025E+16,4.8736E+16
39996,39997,8,1,15,45,2016,10,18,6,3,2,6,2,0,0,1,0,0,0,0,4.99982E+20,5.39339E+21,8.99975E+15,4.86935E+16
39997,39998,8,1,11,0,2016,10,13,6,3,2,6,0,0,0,1,0,0,0,0,5.10025E+20,5.40992E+21,9.13662E+15,4.88421E+16
39998,39999,8,4,15,90,2016,10,9,7,2,4,1,0,0,0,1,0,0,0,0,5.25891E+20,5.3552E+21,9.34945E+15,4.83494E+16
39999,40000,8,2,36,46,2016,10,18,1,3,2,6,2,1,0,1,0,0,0,0,4.8374E+20,5.41672E+21,8.77812E+15,4.89032E+16
40000,40001,8,2,25,114,2016,10,9,2,3,8,1,0,1,0,1,0,0,0,0,5.34311E+20,5.47224E+21,9.47291E+15,4.94019E+16
40001,40002,8,1,19,20,2016,10,9,2,3,2,6,0,0,0,1,0,0,0,0,5.2009E+20,5.40523E+21,9.27357E+15,4.87997E+16
40002,40003,8,1,15,3,2016,10,21,1,3,9,1,2,1,0,1,0,0,0,0,4.9834E+20,5.39146E+21,8.97745E+15,4.86761E+16
40003,40004,8,1,28,115,2016,10,13,5,2,3,6,0,1,0,1,0,0,0,0,5.48425E+20,5.49664E+21,9.67043E+15,4.96203E+16
40004,40005,8,3,35,2,2016,10,12,7,3,5,2,0,0,0,1,0,1,0,0,5.05161E+20,5.28459E+21,9.06881E+15,4.77147E+16
40005,40006,8,1,15,28,2016,10,11,2,3,2,6,0,1,0,1,0,0,0,0,5.00695E+20,5.40326E+21,9.00946E+15,4.87823E+16
40006,40007,8,2,36,28,2016,10,0,7,3,8,7,2,0,0,1,0,0,0,0,4.92895E+20,5.42458E+21,8.90291E+15,4.89741E+16
40007,40008,8,3,37,66,2016,10,11,6,3,5,3,0,1,0,1,0,1,0,0,4.3053E+20,5.26844E+21,8.07643E+15,4.75656E+16
40008,40009,8,1,18,40,2016,10,6,2,3,5,3,2,1,0,1,0,0,1,0,5.10509E+20,5.43224E+21,9.14381E+15,4.9043E+16
40009,40010,8,1,11,0,2016,10,12,7,3,2,6,0,0,0,1,0,0,0,0,5.12203E+20,5.39945E+21,9.166E+15,4.8748E+16
40010,40011,8,1,17,26,2016,10,8,5,2,8,1,0,1,0,1,0,0,0,0,5.5222E+20,5.39782E+21,9.71013E+15,4.87312E+16
40011,40012,8,3,35,63,2016,10,7,5,3,5,2,1,0,1,1,0,0,0,0,4.97686E+20,5.28794E+21,8.96913E+15,4.77448E+16
40012,40013,8,2,15,9,2016,10,11,5,1,6,4,0,1,0,1,1,0,0,0,4.70669E+20,5.44155E+21,8.59798E+15,4.91261E+16
40013,40014,8,1,26,66,2016,10,16,2,3,2,6,0,1,0,1,0,0,0,0,5.34684E+20,5.44961E+21,9.47609E+15,4.91983E+16
40014,40015,8,1,27,100,2016,10,12,7,3,2,2,0,1,0,1,0,0,0,0,5.53879E+20,5.43261E+21,9.73728E+15,4.9044E+16
40015,40016,8,2,15,103,2016,10,13,7,3,2,6,0,0,0,1,0,0,0,0,4.68232E+20,5.44476E+21,8.56431E+15,4.91549E+16
40016,40017,8,1,19,1,2016,10,1,7,3,8,1,2,1,0,1,0,0,0,0,5.52296E+20,5.41166E+21,9.71294E+15,4.88557E+16
40017,40018,8,1,16,49,2016,10,11,5,3,2,6,0,0,0,1,0,0,0,0,5.2553E+20,5.3849E+21,9.34639E+15,4.86166E+16
40018,40019,8,4,15,61,2016,10,15,5,2,0,1,0,0,1,0,0,0,0,0,5.15262E+20,5.37107E+21,9.20657E+15,4.84926E+16
40019,40020,8,1,27,14,2016,10,13,2,3,2,6,0,0,0,1,0,0,0,0,5.78085E+20,5.44331E+21,1.00705E+16,4.91377E+16
40020,40021,8,1,15,13,2016,10,9,7,3,0,6,0,0,0,1,0,0,0,1,4.956E+20,5.38812E+21,8.94026E+15,4.86461E+16
40021,40022,8,3,35,2,2016,10,17,6,2,4,6,0,1,0,1,0,0,0,0,5.05726E+20,5.28474E+21,9.07634E+15,4.7716E+16
40022,40023,8,2,15,46,2016,10,18,6,2,8,6,0,0,0,1,0,0,1,0,4.51451E+20,5.418E+21,8.33739E+15,4.8913E+16
40023,40024,8,2,25,14,2016,10,13,6,2,5,3,0,0,0,1,0,0,0,0,5.18674E+20,5.48256E+21,9.25788E+15,4.94954E+16
40024,40025,8,1,16,16,2016,10,6,2,3,2,6,2,1,0,1,0,0,0,0,5.3336E+20,5.38384E+21,9.45254E+15,4.86068E+16
40025,40026,8,3,25,15,2016,10,16,2,3,0,1,0,1,0,0,0,1,0,1,4.75613E+20,5.34695E+21,8.67132E+15,4.82753E+16
40026,40027,8,4,35,5,2016,10,2,1,3,8,1,2,0,0,1,0,0,0,0,5.2609E+20,5.28646E+21,9.34794E+15,4.7731E+16
40027,40028,8,4,36,64,2016,10,7,6,3,6,2,0,1,0,1,1,0,0,0,5.44109E+20,5.29204E+21,9.58882E+15,4.77802E+16
40028,40029,8,1,16,72,2016,10,5,5,3,9,1,2,1,0,1,0,0,0,0,5.29827E+20,5.39383E+21,9.40534E+15,4.86968E+16
40029,40030,8,3,17,89,2016,10,5,5,3,0,3,2,1,0,1,0,1,0,0,4.31578E+20,5.37652E+21,8.07308E+15,4.85381E+16
40030,40031,8,2,26,96,2016,10,17,5,3,1,6,0,1,0,1,0,0,0,0,4.7389E+20,5.48853E+21,8.63905E+15,4.95488E+16
40031,40032,8,2,12,0,2016,10,13,6,2,0,7,0,0,1,0,0,0,0,0,4.55375E+20,5.42973E+21,8.38965E+15,4.90188E+16
40032,40033,8,1,28,58,2016,10,15,1,3,8,1,0,0,0,1,0,0,0,0,5.65029E+20,5.49114E+21,9.89937E+15,4.95694E+16
40033,40034,8,2,25,1,2016,10,8,5,3,8,1,0,1,0,1,0,0,0,0,5.25706E+20,5.47275E+21,9.35434E+15,4.94069E+16
40034,40035,8,3,17,89,2016,10,5,6,3,8,7,2,1,0,1,0,0,0,0,4.27859E+20,5.37687E+21,8.02264E+15,4.85408E+16
40035,40036,8,4,16,48,2016,10,20,1,3,3,6,2,1,0,1,0,0,0,0,4.91931E+20,5.37823E+21,8.89065E+15,4.85571E+16
40036,40037,8,1,28,14,2016,10,6,5,3,8,1,2,0,0,0,0,0,1,0,5.4257E+20,5.48767E+21,9.5884E+15,4.95402E+16
40037,40038,8,2,35,79,2016,10,19,6,3,3,6,2,0,0,1,0,0,1,0,4.69156E+20,5.40399E+21,8.58008E+15,4.87881E+16
40038,40039,8,1,18,48,2016,10,15,6,3,2,7,0,0,0,1,0,0,0,1,5.10855E+20,5.41471E+21,9.14807E+15,4.88853E+16
40039,40040,8,2,37,45,2016,10,6,2,3,5,3,1,0,0,1,0,1,0,0,4.58969E+20,5.35798E+21,8.44593E+15,4.83737E+16
40040,40041,8,4,15,92,2016,10,17,1,2,4,6,0,0,0,1,0,0,0,1,5.1972E+20,5.36514E+21,9.26663E+15,4.84391E+16
40041,40042,8,4,36,64,2016,10,19,4,3,5,3,2,0,0,1,0,0,0,0,5.46603E+20,5.28564E+21,9.62141E+15,4.77225E+16
40042,40043,8,4,21,0,2016,10,8,6,3,5,3,0,1,0,1,0,0,0,0,5.72635E+20,5.36489E+21,9.98196E+15,4.84329E+16
40043,40044,8,1,16,35,2016,10,18,5,3,2,6,2,1,0,1,0,0,0,0,5.26991E+20,5.39178E+21,9.36667E+15,4.86785E+16
40044,40045,8,2,16,9,2016,10,14,5,3,2,6,0,1,0,1,0,0,0,0,4.48052E+20,5.41846E+21,8.29095E+15,4.89169E+16
40045,40046,8,1,18,48,2016,10,23,1,3,2,6,2,1,0,1,0,0,0,0,5.17191E+20,5.4148E+21,9.2345E+15,4.88859E+16
40046,40047,8,1,27,8,2016,10,16,5,3,9,1,0,1,0,1,0,0,0,0,5.71653E+20,5.46416E+21,9.98609E+15,4.93259E+16
40047,40048,8,1,18,1,2016,10,0,6,2,9,1,2,1,0,1,0,0,0,0,5.25206E+20,5.41711E+21,9.34398E+15,4.89064E+16
40048,40049,8,4,36,82,2016,10,13,5,2,0,1,0,0,1,0,0,0,0,0,5.47892E+20,5.29598E+21,9.63974E+15,4.78154E+16
40049,40050,8,3,37,126,2016,10,9,7,3,5,2,0,0,0,1,0,0,0,0,4.4422E+20,5.27438E+21,8.25767E+15,4.76204E+16
40050,40051,8,2,22,0,2016,10,1,1,2,5,2,2,0,0,1,0,0,0,0,4.6299E+20,5.48299E+21,8.48889E+15,4.94984E+16
40051,40052,8,2,16,7,2016,10,11,2,3,5,3,0,1,0,1,0,0,0,0,4.37284E+20,5.39596E+21,8.14743E+15,4.87135E+16
40052,40053,8,2,37,74,2016,10,16,7,3,2,6,0,0,0,1,0,0,0,0,4.70356E+20,5.37094E+21,8.59878E+15,4.84909E+16
40053,40054,8,2,15,46,2016,10,7,6,3,0,4,1,0,0,0,1,0,0,1,4.51151E+20,5.41472E+21,8.33369E+15,4.88835E+16
40054,40055,8,1,11,0,2016,10,7,6,3,3,6,2,1,0,1,0,1,0,0,5.14295E+20,5.40002E+21,9.19447E+15,4.87531E+16
40055,40056,8,4,26,21,2016,10,11,7,2,4,1,0,0,0,1,0,0,0,0,5.5967E+20,5.3259E+21,9.80121E+15,4.80835E+16
40056,40057,8,3,35,79,2016,10,18,1,3,9,1,2,1,0,1,0,0,0,0,5.0559E+20,5.29692E+21,9.07469E+15,4.78256E+16
40057,40058,8,1,25,21,2016,10,15,2,3,5,3,0,1,0,1,0,0,0,0,5.23512E+20,5.44707E+21,9.32259E+15,4.91759E+16
40058,40059,8,3,27,38,2016,10,0,7,3,9,1,2,0,0,1,0,0,0,0,4.95084E+20,5.31167E+21,8.93415E+15,4.79583E+16
40059,40060,8,4,21,0,2016,10,19,5,3,2,6,2,0,0,1,0,0,0,0,5.6837E+20,5.35632E+21,9.92292E+15,4.83563E+16
40060,40061,8,1,28,131,2016,10,15,2,3,9,1,0,1,0,0,0,1,0,0,5.36493E+20,5.51207E+21,9.50668E+15,4.976E+16
40061,40062,8,2,26,85,2016,10,18,7,3,1,6,0,0,0,1,0,0,0,0,4.92479E+20,5.45768E+21,8.8966E+15,4.92718E+16
40062,40063,8,3,36,69,2016,10,7,6,3,2,6,2,1,0,1,0,0,0,0,4.09479E+20,5.26999E+21,7.7963E+15,4.7577E+16
40063,40064,8,1,18,76,2016,10,8,2,3,5,3,0,1,0,1,0,0,0,0,5.02041E+20,5.42718E+21,9.0279E+15,4.89975E+16
40064,40065,8,1,16,80,2016,10,10,7,3,2,6,0,0,0,1,0,1,0,0,5.22721E+20,5.3957E+21,9.30887E+15,4.87139E+16
40065,40066,8,1,16,19,2016,10,9,5,3,5,3,0,0,1,1,0,0,0,0,5.22627E+20,5.39848E+21,9.30774E+15,4.87389E+16
40066,40067,8,4,15,78,2016,10,6,5,3,5,3,2,1,0,1,0,0,0,0,5.29625E+20,5.37097E+21,9.40096E+15,4.84912E+16
40067,40068,8,2,22,0,2016,10,7,5,3,2,6,0,1,0,1,0,0,0,0,4.66667E+20,5.47875E+21,8.54001E+15,4.94605E+16
40068,40069,8,1,27,99,2016,10,19,2,3,4,6,2,1,0,1,0,0,0,0,5.63176E+20,5.44663E+21,9.86668E+15,4.91692E+16
40069,40070,8,1,36,9,2016,10,10,7,3,2,6,0,0,0,1,0,0,0,0,5.67399E+20,5.40786E+21,9.91818E+15,4.882E+16
40070,40071,8,3,27,50,2016,10,20,6,3,9,6,2,0,0,1,0,0,0,0,4.85283E+20,5.31444E+21,8.80278E+15,4.79831E+16
40071,40072,8,2,15,46,2016,10,17,1,2,4,2,0,0,1,1,0,0,0,0,4.50994E+20,5.41428E+21,8.33161E+15,4.88796E+16
40072,40073,8,1,27,14,2016,10,8,5,2,6,2,0,1,0,1,1,0,0,0,5.77084E+20,5.44248E+21,1.00567E+16,4.91303E+16
40073,40074,8,2,11,0,2016,10,11,6,3,2,6,0,0,0,1,0,0,0,0,4.398E+20,5.40629E+21,8.18012E+15,4.88067E+16
40074,40075,8,1,27,89,2016,10,22,6,3,4,2,1,1,0,1,0,0,0,0,5.63313E+20,5.43709E+21,9.86706E+15,4.90834E+16
40075,40076,8,1,11,0,2016,10,6,2,2,2,6,2,1,0,1,0,0,0,0,5.17811E+20,5.40419E+21,9.2425E+15,4.87904E+16
40076,40077,8,3,36,84,2016,10,7,2,3,5,2,2,1,0,1,0,0,0,0,4.0325E+20,5.27687E+21,7.71199E+15,4.7638E+16
40077,40078,8,4,17,31,2016,10,14,1,3,8,1,0,1,0,1,0,0,0,0,5.02388E+20,5.35402E+21,9.03222E+15,4.83393E+16
40078,40079,8,4,35,66,2016,10,6,4,2,5,3,2,0,0,0,0,1,0,1,5.17963E+20,5.28688E+21,9.23958E+15,4.77351E+16
40079,40080,8,4,35,16,2016,10,17,6,3,6,4,1,1,0,1,1,0,0,0,5.36868E+20,5.28015E+21,9.49114E+15,4.76737E+16
40080,40081,8,3,15,108,2016,10,9,5,3,5,3,0,1,0,1,0,1,0,0,4.05056E+20,5.30367E+21,7.73016E+15,4.78793E+16