FID,OBJECTID,ULAND,UREGBEZ,UKREIS,UGEMEINDE,UJAHR,UMONAT,USTUNDE,UWOCHENTAG,UKATEGORIE,UART,UTYP1,ULICHTVERH,IstStrasse,IstRad,IstPKW,IstFuss,IstKrad,IstGkfz,IstSonstig,LINREFX,LINREFY,XGCSWGS84,YGCSWGS84
40081,40082,8,4,25,134,2016,10,18,4,3,2,6,0,0,0,1,0,0,0,0,5.48434E+20,5.37245E+21,9.65569E+15,4.85033E+16
40082,40083,8,4,25,33,2016,10,15,6,3,2,6,0,0,0,1,0,0,0,1,5.53256E+20,5.34873E+21,9.71796E+15,4.82895E+16
40083,40084,8,2,15,108,2016,10,17,6,3,0,3,0,0,1,0,0,1,0,0,4.51295E+20,5.42386E+21,8.33457E+15,4.89657E+16
40084,40085,8,3,11,0,2016,10,12,3,3,0,1,0,1,0,0,0,1,0,0,4.12838E+20,5.31534E+21,7.83185E+15,4.79854E+16
40085,40086,8,3,15,6,2016,10,16,5,3,2,6,0,0,0,1,0,0,0,0,4.0058E+20,5.31174E+21,7.66845E+15,4.79513E+16
40086,40087,8,1,25,39,2016,10,11,3,3,5,3,0,1,0,1,0,0,0,0,5.11827E+20,5.4589E+21,9.16263E+15,4.92827E+16
40087,40088,8,3,16,54,2016,10,14,5,3,9,1,0,0,0,0,0,1,0,0,4.20759E+20,5.33897E+21,7.93361E+15,4.8199E+16
40088,40089,8,1,18,48,2016,10,14,5,3,2,6,0,0,0,1,0,0,0,0,5.16192E+20,5.41738E+21,9.22098E+15,4.89091E+16
40089,40090,8,1,15,45,2016,10,9,5,3,2,6,0,0,0,1,0,0,0,0,5.0247E+20,5.39488E+21,9.03357E+15,4.87069E+16
40090,40091,8,3,26,74,2016,10,18,6,3,2,6,0,0,0,1,0,0,0,0,4.65316E+20,5.3219E+21,8.53459E+15,4.80494E+16
40091,40092,8,4,16,31,2016,10,7,4,3,5,3,1,0,0,1,0,0,0,0,5.03115E+20,5.36327E+21,9.04211E+15,4.84226E+16
40092,40093,8,2,16,24,2016,10,17,3,3,6,4,0,0,0,1,1,0,0,0,4.4523E+20,5.40913E+21,8.25368E+15,4.88327E+16
40093,40094,8,3,11,0,2016,10,12,4,3,2,6,0,0,0,1,0,0,0,0,4.14526E+20,5.31709E+21,7.85413E+15,4.80014E+16
40094,40095,8,1,25,27,2016,10,11,4,3,2,6,0,0,0,1,0,0,0,1,5.17573E+20,5.44701E+21,9.2411E+15,4.91757E+16
40095,40096,8,1,25,56,2016,10,19,6,2,4,2,2,0,0,1,0,0,0,0,5.11609E+20,5.43483E+21,9.15892E+15,4.90662E+16
40096,40097,8,1,26,28,2016,10,11,6,3,0,7,0,0,0,1,0,0,0,0,5.40715E+20,5.46141E+21,9.56008E+15,4.93041E+16
40097,40098,8,4,17,10,2016,10,9,3,3,8,1,0,1,0,1,0,0,0,0,5.06113E+20,5.34373E+21,9.08235E+15,4.82467E+16
40098,40099,8,4,26,38,2016,10,6,2,3,4,2,2,1,0,1,0,0,1,0,5.57986E+20,5.3155E+21,9.7772E+15,4.79902E+16
40099,40100,8,2,15,105,2016,10,17,5,3,4,6,0,0,0,1,0,0,0,0,4.58367E+20,5.44071E+21,8.42944E+15,4.91178E+16
40100,40101,8,3,36,91,2016,10,11,5,2,0,1,0,0,1,0,0,0,0,0,3.94939E+20,5.27169E+21,7.60261E+15,4.75901E+16
40101,40102,8,1,11,0,2016,10,15,5,3,2,6,0,0,0,1,0,0,0,0,5.16703E+20,5.3986E+21,9.22718E+15,4.87402E+16
40102,40103,8,3,15,15,2016,10,5,6,3,4,6,2,1,0,1,0,0,0,0,3.96156E+20,5.31923E+21,7.60741E+15,4.80179E+16
40103,40104,8,3,36,91,2016,10,5,4,2,6,4,2,1,0,1,1,0,0,0,3.95416E+20,5.27207E+21,7.60886E+15,4.75936E+16
40104,40105,8,2,16,7,2016,10,8,3,3,2,6,1,1,0,1,0,0,0,0,4.35374E+20,5.39454E+21,8.12168E+15,4.87006E+16
40105,40106,8,2,15,90,2016,10,15,4,3,2,6,0,0,0,0,0,0,1,0,4.63244E+20,5.43359E+21,8.49693E+15,4.90541E+16
40106,40107,8,1,28,7,2016,10,17,4,1,4,1,1,0,0,1,0,1,0,0,5.54545E+20,5.4838E+21,9.75337E+15,4.95044E+16
40107,40108,8,1,18,19,2016,10,18,6,3,5,3,2,0,0,1,0,1,0,0,5.03621E+20,5.404E+21,9.04929E+15,4.8789E+16
40108,40109,8,3,35,79,2016,10,6,3,3,5,3,2,1,0,1,0,1,0,0,5.0063E+20,5.2995E+21,9.00842E+15,4.78488E+16
40109,40110,8,2,36,72,2016,10,19,5,3,0,2,2,0,0,1,0,0,0,1,4.6689E+20,5.41288E+21,8.54851E+15,4.8868E+16
40110,40111,8,1,27,76,2016,10,8,4,2,5,3,0,0,1,1,0,0,0,0,5.53398E+20,5.4404E+21,9.73173E+15,4.91141E+16
40111,40112,8,1,11,0,2016,10,12,7,3,2,6,0,0,0,1,0,0,0,0,5.15339E+20,5.40319E+21,9.2088E+15,4.87816E+16
40112,40113,8,2,15,17,2016,10,14,6,2,8,6,0,0,0,1,0,0,0,0,4.53163E+20,5.42035E+21,8.36048E+15,4.89343E+16
40113,40114,8,1,11,0,2016,10,13,6,2,5,3,0,0,1,1,0,0,0,0,5.16233E+20,5.39844E+21,9.22079E+15,4.87388E+16
40114,40115,8,4,35,34,2016,10,21,3,3,5,3,2,1,1,1,0,0,0,0,5.30397E+20,5.28394E+21,9.40521E+15,4.77081E+16
40115,40116,8,4,36,64,2016,10,9,5,3,5,3,0,0,0,1,0,0,0,0,5.45034E+20,5.28822E+21,9.60076E+15,4.77458E+16
40116,40117,8,1,25,65,2016,10,6,3,3,2,6,2,1,0,1,0,0,0,0,5.16959E+20,5.44961E+21,9.2328E+15,4.9199E+16
40117,40118,8,2,36,46,2016,10,13,6,3,2,6,0,0,0,1,0,0,0,0,4.83991E+20,5.41634E+21,8.78157E+15,4.88998E+16
40118,40119,8,3,35,75,2016,10,7,4,3,2,6,0,1,0,1,0,1,0,0,4.87858E+20,5.28995E+21,8.83797E+15,4.77628E+16
40119,40120,8,2,22,0,2016,10,13,4,3,1,6,0,0,0,1,0,0,0,0,4.62987E+20,5.48297E+21,8.48885E+15,4.94983E+16
40120,40121,8,1,16,56,2016,10,6,6,3,2,6,2,0,0,1,0,0,0,0,5.31882E+20,5.39438E+21,9.43331E+15,4.87016E+16
40121,40122,8,2,21,0,2016,10,7,3,3,2,6,1,1,0,1,0,0,0,0,4.75613E+20,5.46855E+21,8.66409E+15,4.93692E+16
40122,40123,8,4,35,16,2016,10,10,3,3,5,3,0,1,0,1,0,0,0,0,5.35693E+20,5.2793E+21,9.47542E+15,4.76661E+16
40123,40124,8,2,21,0,2016,10,17,5,3,2,6,1,0,0,1,0,0,0,0,4.76599E+20,5.47197E+21,8.67747E+15,4.93999E+16
40124,40125,8,1,27,25,2016,10,14,5,2,4,1,0,0,0,1,0,0,1,0,5.57431E+20,5.42934E+21,9.78542E+15,4.90142E+16
40125,40126,8,1,18,79,2016,10,11,4,3,1,6,0,0,0,1,0,0,1,0,5.09957E+20,5.42206E+21,9.136E+15,4.89514E+16
40126,40127,8,4,26,128,2016,10,18,6,2,6,4,1,0,0,1,1,0,0,0,5.60294E+20,5.33237E+21,9.8105E+15,4.81417E+16
40127,40128,8,2,22,0,2016,10,15,6,3,5,2,0,0,0,1,0,0,0,1,4.62918E+20,5.48257E+21,8.48792E+15,4.94946E+16
40128,40129,8,3,17,31,2016,10,6,3,3,5,3,2,1,1,1,0,0,0,0,4.16524E+20,5.35812E+21,7.87284E+15,4.83708E+16
40129,40130,8,4,16,15,2016,10,7,5,3,5,3,2,1,1,1,0,0,0,0,5.06963E+20,5.36681E+21,9.09418E+15,4.84544E+16
40130,40131,8,1,25,69,2016,10,15,3,3,4,7,0,0,0,1,0,0,0,0,5.2538E+20,5.45384E+21,9.34864E+15,4.92368E+16
40131,40132,8,3,17,151,2016,10,8,5,3,5,3,0,1,0,1,0,1,0,0,4.14906E+20,5.36359E+21,7.8499E+15,4.84197E+16
40132,40133,8,1,28,20,2016,10,15,5,2,0,7,0,0,1,0,0,0,0,0,5.76193E+20,5.47326E+21,1.00503E+16,4.94072E+16
40133,40134,8,1,19,75,2016,10,16,5,3,2,6,0,0,0,1,0,1,0,0,5.37138E+20,5.43088E+21,9.50805E+15,4.90297E+16
40134,40135,8,1,16,77,2016,10,20,5,3,0,2,2,0,0,1,0,1,0,0,5.17487E+20,5.39136E+21,9.23754E+15,4.86751E+16
40135,40136,8,2,15,64,2016,10,13,5,3,8,1,0,0,0,0,0,1,0,0,4.86366E+20,5.4498E+21,8.81284E+15,4.92008E+16
40136,40137,8,1,21,0,2016,10,17,5,3,3,6,0,0,0,1,0,0,0,0,5.15176E+20,5.44295E+21,9.20807E+15,4.91391E+16
40137,40138,8,1,17,26,2016,10,13,5,3,5,3,0,0,0,1,0,1,0,0,5.46487E+20,5.39337E+21,9.63168E+15,4.86917E+16
40138,40139,8,2,26,49,2016,10,7,4,2,4,1,0,0,0,1,0,1,1,0,4.85834E+20,5.4623E+21,8.8051E+15,4.93133E+16
40139,40140,8,1,16,35,2016,10,6,4,3,2,6,2,0,0,1,0,0,0,0,5.27016E+20,5.39041E+21,9.36691E+15,4.86662E+16
40140,40141,8,4,16,41,2016,10,12,6,3,3,6,0,0,0,1,0,1,0,0,5.0483E+20,5.36884E+21,9.06534E+15,4.84726E+16
40141,40142,8,2,12,0,2016,10,15,6,3,2,6,0,0,0,1,0,0,1,0,4.63953E+20,5.42815E+21,8.50711E+15,4.90052E+16
40142,40143,8,3,11,0,2016,10,13,3,3,0,1,0,1,0,0,0,1,0,0,4.12806E+20,5.31533E+21,7.83144E+15,4.79854E+16
40143,40144,8,3,36,73,2016,10,10,5,3,0,1,0,0,1,0,0,0,0,0,3.981E+20,5.2777E+21,7.64324E+15,4.76447E+16
40144,40145,8,1,19,67,2016,10,7,3,3,6,4,2,1,0,1,1,0,0,0,5.38751E+20,5.40685E+21,9.52783E+15,4.88135E+16
40145,40146,8,3,15,15,2016,10,21,5,3,4,2,2,0,0,0,0,1,0,1,3.95127E+20,5.32111E+21,7.59315E+15,4.80347E+16
40146,40147,8,1,18,11,2016,10,16,5,3,5,3,0,0,0,1,0,0,0,0,5.05262E+20,5.408E+21,9.07169E+15,4.8825E+16
40147,40148,8,1,15,15,2016,10,9,5,3,4,1,0,0,0,1,0,0,0,0,4.91309E+20,5.3891E+21,8.88199E+15,4.86549E+16
40148,40149,8,3,17,89,2016,10,15,6,3,2,6,0,0,0,1,0,0,0,0,4.30162E+20,5.37618E+21,8.05395E+15,4.85349E+16
40149,40150,8,4,15,62,2016,10,6,4,3,2,6,2,0,0,1,0,0,0,0,5.19188E+20,5.37849E+21,9.26005E+15,4.85592E+16
40150,40151,8,2,16,2,2016,10,6,3,3,8,1,2,0,0,1,0,0,0,0,4.44935E+20,5.42344E+21,8.24773E+15,4.89615E+16
40151,40152,8,2,26,85,2016,10,19,4,3,2,6,2,0,0,1,0,0,0,1,4.86653E+20,5.45628E+21,8.81657E+15,4.92592E+16
40152,40153,8,1,15,50,2016,10,9,4,2,4,6,0,0,0,1,0,0,0,0,4.92431E+20,5.3997E+21,8.89704E+15,4.87503E+16
40153,40154,8,1,19,79,2016,10,8,6,3,9,1,0,0,0,1,0,0,0,0,5.24438E+20,5.4086E+21,9.33299E+15,4.88299E+16
40154,40155,8,3,37,22,2016,10,18,3,3,5,3,1,1,0,1,0,1,0,0,4.50832E+20,5.29643E+21,8.34316E+15,4.78194E+16
40155,40156,8,4,25,72,2016,10,13,2,2,5,3,0,0,0,1,0,0,0,0,5.83523E+20,5.37207E+21,1.01306E+16,4.84962E+16
40156,40157,8,3,35,79,2016,10,11,6,3,5,2,0,0,0,1,0,1,0,0,4.97733E+20,5.30441E+21,8.96967E+15,4.7893E+16
40157,40158,8,4,36,9,2016,10,13,4,3,2,6,0,0,0,1,0,0,0,0,5.58412E+20,5.30799E+21,9.78189E+15,4.79226E+16
40158,40159,8,1,21,0,2016,10,7,3,3,2,6,0,1,0,1,0,0,0,0,5.10817E+20,5.44837E+21,9.14845E+15,4.91881E+16
40159,40160,8,3,17,98,2016,10,16,4,3,5,3,0,0,0,1,0,0,0,0,4.38291E+20,5.36939E+21,8.16506E+15,4.84746E+16
40160,40161,8,2,15,102,2016,10,17,4,3,0,6,0,0,0,1,0,0,0,0,4.56984E+20,5.43774E+21,8.41081E+15,4.9091E+16
40161,40162,8,4,15,59,2016,10,6,6,3,8,1,2,0,0,1,0,0,0,0,5.15558E+20,5.36617E+21,9.2104E+15,4.84485E+16
40162,40163,8,4,25,72,2016,10,12,6,3,2,6,0,0,0,1,0,0,0,0,5.81128E+20,5.37075E+21,1.00979E+16,4.84846E+16
40163,40164,8,4,36,19,2016,10,16,3,3,4,6,0,1,0,1,0,0,0,0,5.37991E+20,5.31275E+21,9.50897E+15,4.79669E+16
40164,40165,8,4,17,8,2016,10,16,2,3,5,3,0,0,0,1,0,0,0,0,4.93981E+20,5.35051E+21,8.91883E+15,4.83077E+16
40165,40166,8,2,37,2,2016,10,14,3,3,4,6,0,0,0,1,0,0,0,1,4.55656E+20,5.35481E+21,8.40154E+15,4.83449E+16
40166,40167,8,4,35,16,2016,10,12,5,3,5,3,0,0,1,1,0,0,0,0,5.32618E+20,5.27872E+21,9.43443E+15,4.76611E+16
40167,40168,8,2,31,0,2016,10,15,5,2,2,6,0,0,0,1,0,0,1,0,4.78523E+20,5.41784E+21,8.70688E+15,4.89131E+16
40168,40169,8,3,15,94,2016,10,13,6,3,4,6,0,0,0,1,0,0,1,0,4.28297E+20,5.31367E+21,8.03928E+15,4.79723E+16
40169,40170,8,3,36,57,2016,10,7,4,3,5,3,0,1,1,1,0,0,0,0,4.08375E+20,5.27732E+21,7.78009E+15,4.76428E+16
40170,40171,8,4,16,36,2016,10,9,3,2,2,6,0,1,0,1,0,0,1,0,4.89335E+20,5.37306E+21,8.8556E+15,4.85106E+16
40171,40172,8,2,26,65,2016,10,17,4,3,2,2,0,0,0,1,0,0,0,0,4.77403E+20,5.45674E+21,8.68942E+15,4.9263E+16
40172,40173,8,1,27,14,2016,10,11,4,3,2,6,0,0,0,1,0,0,0,0,5.78881E+20,5.44207E+21,1.00812E+16,4.91264E+16
40173,40174,8,1,17,20,2016,10,17,6,3,5,3,0,0,0,1,0,0,0,0,5.49502E+20,5.38962E+21,9.67219E+15,4.86577E+16
40174,40175,8,2,21,0,2016,10,6,3,3,3,2,2,1,1,1,0,0,0,0,4.7703E+20,5.4749E+21,8.68324E+15,4.94264E+16
40175,40176,8,3,35,2,2016,10,10,3,3,8,7,0,1,0,1,0,0,0,0,5.05907E+20,5.28989E+21,9.07883E+15,4.77623E+16
40176,40177,8,2,26,29,2016,10,14,5,2,5,3,0,0,0,1,0,1,0,0,4.85202E+20,5.48104E+21,8.79571E+15,4.94818E+16
40177,40178,8,1,27,76,2016,10,11,4,3,5,3,0,0,0,1,0,0,0,0,5.56055E+20,5.43856E+21,9.76787E+15,4.90973E+16
40178,40179,8,2,15,59,2016,10,7,6,3,5,3,2,0,0,1,0,1,0,0,4.85422E+20,5.43511E+21,8.80042E+15,4.90686E+16
40179,40180,8,1,11,0,2016,10,19,6,2,3,6,2,0,0,1,0,1,0,0,5.13193E+20,5.40352E+21,9.1796E+15,4.87846E+16
40180,40181,8,1,15,3,2016,10,17,3,2,5,3,1,0,0,1,0,0,1,1,4.9844E+20,5.39281E+21,8.9788E+15,4.86883E+16
40181,40182,8,2,26,46,2016,10,16,5,2,4,6,0,0,0,1,0,1,0,0,4.7472E+20,5.45469E+21,8.65267E+15,4.92445E+16
40182,40183,8,1,25,26,2016,10,18,5,2,6,4,0,0,0,1,1,0,0,0,4.89442E+20,5.44317E+21,8.85525E+15,4.91413E+16
40183,40184,8,1,15,3,2016,10,12,5,3,5,3,0,0,1,1,0,0,0,0,5.00542E+20,5.39239E+21,9.00736E+15,4.86846E+16
40184,40185,8,1,17,26,2016,10,11,4,3,1,5,0,0,0,1,0,0,0,0,5.49134E+20,5.3933E+21,9.66763E+15,4.86908E+16
40185,40186,8,4,26,67,2016,10,10,6,2,4,2,0,0,0,1,0,0,0,0,5.26298E+20,5.33313E+21,9.35357E+15,4.81509E+16
40186,40187,8,2,16,39,2016,10,17,6,3,2,6,1,0,0,1,0,0,0,0,4.44989E+20,5.41407E+21,8.24973E+15,4.88771E+16
40187,40188,8,3,15,74,2016,10,17,3,3,9,1,0,0,0,1,0,0,0,0,3.98627E+20,5.29702E+21,7.64576E+15,4.78186E+16
40188,40189,8,1,25,84,2016,10,15,4,3,8,1,0,0,0,1,0,0,0,0,5.23482E+20,5.46623E+21,9.32331E+15,4.93484E+16
40189,40190,8,4,35,34,2016,10,7,6,3,6,4,1,0,0,0,1,0,0,1,5.29776E+20,5.28467E+21,9.39699E+15,4.77147E+16
40190,40191,8,2,36,73,2016,10,7,6,3,1,6,1,0,0,1,0,0,0,1,4.80151E+20,5.42407E+21,8.72879E+15,4.89693E+16
40191,40192,8,4,36,11,2016,10,12,5,3,2,6,0,0,0,1,0,0,0,0,5.48758E+20,5.29727E+21,9.65145E+15,4.78269E+16
40192,40193,8,3,26,6,2016,10,6,3,3,3,6,2,1,0,1,0,0,1,0,4.5666E+20,5.30468E+21,8.42019E+15,4.7894E+16
40193,40194,8,4,21,0,2016,10,11,5,2,5,3,0,0,0,1,0,1,0,0,5.70844E+20,5.36135E+21,9.95717E+15,4.84013E+16
40194,40195,8,1,17,26,2016,10,17,3,3,2,6,1,0,0,1,0,0,0,0,5.4969E+20,5.39449E+21,9.67533E+15,4.87015E+16
40195,40196,8,4,17,16,2016,10,15,5,2,5,3,0,0,1,1,0,0,0,0,4.8489E+20,5.34229E+21,8.79652E+15,4.82336E+16
40196,40197,8,1,18,63,2016,10,16,5,3,3,6,0,0,0,1,0,0,0,1,5.15538E+20,5.42249E+21,9.21224E+15,4.89551E+16
40197,40198,8,1,25,6,2016,10,17,5,3,4,2,0,0,0,1,0,0,0,0,5.05198E+20,5.4508E+21,9.07137E+15,4.921E+16
40198,40199,8,1,17,58,2016,10,17,5,3,0,1,0,1,0,0,0,1,0,0,5.47709E+20,5.37996E+21,9.64675E+15,4.85709E+16
40199,40200,8,1,11,0,2016,10,10,5,3,2,6,0,0,0,1,0,0,0,0,5.13773E+20,5.40314E+21,9.18749E+15,4.87811E+16
40200,40201,8,1,15,45,2016,10,9,3,3,2,6,0,1,0,1,0,0,0,0,5.02984E+20,5.39449E+21,9.04055E+15,4.87035E+16
40201,40202,8,4,36,55,2016,10,11,4,2,0,7,0,1,1,0,0,0,0,1,5.766E+20,5.29809E+21,1.00236E+16,4.78316E+16
40202,40203,8,2,16,15,2016,10,15,4,2,8,1,0,0,0,0,0,1,0,0,4.52963E+20,5.40867E+21,8.3591E+15,4.88292E+16
40203,40204,8,1,16,77,2016,10,17,4,2,5,2,0,0,0,1,0,1,0,0,5.13995E+20,5.38945E+21,9.19004E+15,4.86579E+16
40204,40205,8,4,15,50,2016,10,12,6,3,3,6,0,0,0,1,0,0,0,0,5.18731E+20,5.37447E+21,9.25368E+15,4.85231E+16
40205,40206,8,2,11,0,2016,10,20,6,2,2,6,1,0,0,1,0,0,0,0,4.41849E+20,5.40823E+21,8.20774E+15,4.88243E+16
40206,40207,8,1,11,0,2016,10,7,4,3,3,6,1,0,0,1,0,1,1,0,5.15716E+20,5.40483E+21,9.214E+15,4.87963E+16
40207,40208,8,4,16,11,2016,10,9,2,2,9,1,0,1,0,1,0,0,0,0,5.04853E+20,5.36869E+21,9.06565E+15,4.84714E+16
40208,40209,8,2,36,71,2016,10,13,3,3,2,6,0,0,0,1,0,0,1,0,4.71568E+20,5.41852E+21,8.61191E+15,4.8919E+16
40209,40210,8,3,36,69,2016,10,16,5,3,5,2,0,0,0,1,0,1,0,0,4.06065E+20,5.26936E+21,7.75105E+15,4.75709E+16
40210,40211,8,4,25,31,2016,10,7,3,3,9,1,1,1,0,1,0,0,0,0,5.70013E+20,5.36754E+21,9.94697E+15,4.84571E+16
40211,40212,8,3,36,45,2016,10,17,5,3,5,2,0,0,1,1,0,0,0,0,3.99715E+20,5.28532E+21,7.66299E+15,4.77134E+16
40212,40213,8,4,16,36,2016,10,16,5,3,4,2,0,0,0,1,0,1,0,0,4.93227E+20,5.37108E+21,8.90833E+15,4.84928E+16
40213,40214,8,1,16,33,2016,10,0,3,3,9,1,2,1,0,1,0,0,0,0,5.30984E+20,5.38827E+21,9.42065E+15,4.86468E+16
40214,40215,8,3,17,73,2016,10,14,5,3,2,6,0,0,0,1,0,0,0,0,4.10104E+20,5.34959E+21,7.788E+15,4.82932E+16
40215,40216,8,1,27,14,2016,10,11,5,2,2,6,0,0,0,1,0,0,0,0,5.77821E+20,5.43894E+21,1.00661E+16,4.90984E+16
40216,40217,8,1,18,48,2016,10,13,5,3,2,6,0,0,0,1,0,0,0,0,5.13974E+20,5.41659E+21,9.19068E+15,4.89021E+16
40217,40218,8,1,16,19,2016,10,8,5,3,2,6,0,0,0,1,0,0,0,0,5.22309E+20,5.39643E+21,9.30331E+15,4.87205E+16
40218,40219,8,3,26,52,2016,10,22,6,3,8,1,2,0,0,0,0,1,0,0,4.51477E+20,5.33079E+21,8.3479E+15,4.81285E+16
40219,40220,8,4,25,39,2016,10,10,4,2,2,6,0,0,0,1,0,0,0,0,5.67642E+20,5.35491E+21,9.91287E+15,4.83438E+16
40220,40221,8,1,15,13,2016,10,23,3,3,2,6,2,1,0,1,0,0,0,0,4.96194E+20,5.38852E+21,8.94833E+15,4.86497E+16
40221,40222,8,3,36,91,2016,10,18,4,2,5,3,1,0,0,1,0,0,0,0,3.95037E+20,5.27302E+21,7.60359E+15,4.76021E+16
40222,40223,8,2,16,24,2016,10,7,4,2,4,6,0,0,0,1,0,0,1,0,4.45901E+20,5.41094E+21,8.26258E+15,4.88491E+16
40223,40224,8,3,37,106,2016,10,16,6,3,4,1,0,0,0,0,0,1,1,0,4.58336E+20,5.2866E+21,8.44434E+15,4.77315E+16
40224,40225,8,1,28,126,2016,10,18,6,3,5,3,2,0,0,1,0,0,0,0,5.63307E+20,5.48043E+21,9.87385E+15,4.94732E+16
40225,40226,8,4,37,31,2016,10,9,3,2,3,6,0,1,0,1,0,0,1,0,5.1824E+20,5.34308E+21,9.24566E+15,4.82406E+16
40226,40227,8,4,15,87,2016,10,9,2,3,2,6,0,0,0,1,0,0,0,0,5.14196E+20,5.38196E+21,9.19251E+15,4.85905E+16
40227,40228,8,2,26,46,2016,10,17,3,3,2,6,1,0,0,1,0,0,0,0,4.75163E+20,5.45452E+21,8.65876E+15,4.9243E+16
40228,40229,8,2,26,84,2016,10,16,5,3,2,6,0,0,0,1,0,0,0,0,4.67143E+20,5.47301E+21,8.54706E+15,4.94089E+16
40229,40230,8,2,36,71,2016,10,17,6,3,2,6,0,0,0,1,0,0,0,0,4.69419E+20,5.41966E+21,8.58249E+15,4.89291E+16
40230,40231,8,3,35,75,2016,10,7,4,3,0,6,1,1,0,1,0,1,0,0,4.86822E+20,5.2919E+21,8.82408E+15,4.77803E+16
40231,40232,8,2,22,0,2016,10,13,4,3,2,6,0,0,0,1,0,0,1,0,4.60723E+20,5.48821E+21,8.45705E+15,4.95452E+16
40232,40233,8,1,16,78,2016,10,16,6,3,3,6,0,0,0,1,0,0,0,0,5.12254E+20,5.39421E+21,9.16655E+15,4.87008E+16
40233,40234,8,1,11,0,2016,10,13,5,3,2,6,0,0,0,1,0,0,0,0,5.15267E+20,5.40542E+21,9.20791E+15,4.88016E+16
40234,40235,8,3,15,16,2016,10,15,6,3,2,6,0,0,0,1,0,0,0,0,4.32166E+20,5.31046E+21,8.09162E+15,4.79439E+16
40235,40236,8,3,37,123,2016,10,1,4,3,8,1,2,1,0,1,0,0,0,0,4.52795E+20,5.27942E+21,8.37123E+15,4.76665E+16
40236,40237,8,1,36,65,2016,10,17,3,3,2,6,1,0,0,1,0,0,0,0,5.58934E+20,5.40482E+21,9.80243E+15,4.87935E+16
40237,40238,8,2,12,0,2016,10,7,4,3,2,6,1,0,0,1,0,0,0,0,4.58771E+20,5.42618E+21,8.43647E+15,4.89871E+16
40238,40239,8,4,25,85,2016,10,14,4,3,3,1,0,0,0,1,0,0,1,0,5.80724E+20,5.37669E+21,1.00936E+16,4.85381E+16
40239,40240,8,1,18,7,2016,10,18,6,3,2,6,0,0,0,1,0,0,0,1,5.10643E+20,5.42734E+21,9.14551E+15,4.89989E+16
40240,40241,8,3,36,81,2016,10,5,3,3,5,3,2,1,0,1,0,0,0,0,4.11072E+20,5.2772E+21,7.81602E+15,4.76421E+16
40241,40242,8,1,27,76,2016,10,16,4,3,2,6,0,0,0,1,0,0,0,0,5.51773E+20,5.4396E+21,9.70937E+15,4.9107E+16
40242,40243,8,1,15,21,2016,10,12,7,3,5,3,0,1,0,1,0,0,0,0,4.93759E+20,5.38033E+21,8.91539E+15,4.8576E+16
40243,40244,8,2,15,103,2016,10,4,6,3,7,1,2,0,0,0,0,0,0,1,4.67897E+20,5.44399E+21,8.55979E+15,4.91479E+16
40244,40245,8,1,11,0,2016,10,11,6,3,6,7,0,0,0,1,1,0,0,0,5.14324E+20,5.40602E+21,9.19508E+15,4.8807E+16
40245,40246,8,4,36,64,2016,10,7,5,3,2,6,0,0,1,1,0,0,0,0,5.47108E+20,5.29001E+21,9.62863E+15,4.77617E+16
40246,40247,8,1,16,14,2016,10,15,3,3,2,6,0,0,0,1,0,0,0,0,5.27354E+20,5.3959E+21,9.37187E+15,4.87156E+16
40247,40248,8,2,16,15,2016,10,7,5,3,2,6,2,0,0,1,0,0,0,0,4.48876E+20,5.40657E+21,8.30368E+15,4.881E+16
40248,40249,8,1,21,0,2016,10,7,5,3,1,6,1,0,0,1,0,0,0,0,5.14863E+20,5.44154E+21,9.20372E+15,4.91266E+16
40249,40250,8,3,35,43,2016,10,11,3,2,5,3,0,0,1,0,0,0,0,1,5.13577E+20,5.27945E+21,9.18085E+15,4.76683E+16
40250,40251,8,2,21,0,2016,10,13,5,3,0,7,0,0,1,0,0,0,0,0,4.76582E+20,5.47197E+21,8.67724E+15,4.94E+16
40251,40252,8,1,27,62,2016,10,21,5,3,8,1,2,1,0,0,0,1,0,0,5.4592E+20,5.43236E+21,9.62836E+15,4.90424E+16
40252,40253,8,1,19,67,2016,10,19,4,2,6,4,2,0,0,1,1,0,0,0,5.38788E+20,5.40672E+21,9.52832E+15,4.88123E+16
40253,40254,8,4,26,100,2016,10,14,6,3,5,3,0,0,0,1,0,0,0,0,5.70075E+20,5.31351E+21,9.93888E+15,4.79711E+16
40254,40255,8,2,26,106,2016,10,13,6,3,0,6,0,0,0,0,0,1,0,0,4.97729E+20,5.46329E+21,8.96875E+15,4.93224E+16
40255,40256,8,3,17,96,2016,10,16,3,3,0,7,0,0,1,0,0,0,0,0,4.22115E+20,5.3695E+21,7.94622E+15,4.84738E+16
40256,40257,8,4,25,72,2016,10,15,5,2,0,2,0,0,0,1,0,0,0,0,5.79733E+20,5.37181E+21,1.00792E+16,4.84944E+16
40257,40258,8,1,11,0,2016,10,13,3,3,8,1,0,1,0,1,0,0,0,0,5.14625E+20,5.39359E+21,9.19874E+15,4.86951E+16
40258,40259,8,3,17,41,2016,10,15,5,2,2,2,0,0,0,1,0,0,0,0,4.39111E+20,5.34838E+21,8.17919E+15,4.82857E+16
40259,40260,8,1,36,65,2016,10,16,5,3,5,3,0,0,0,1,0,0,0,0,5.62328E+20,5.40521E+21,9.84871E+15,4.87968E+16