FID,OBJECTID,ULAND,UREGBEZ,UKREIS,UGEMEINDE,UJAHR,UMONAT,USTUNDE,UWOCHENTAG,UKATEGORIE,UART,UTYP1,ULICHTVERH,IstStrasse,IstRad,IstPKW,IstFuss,IstKrad,IstGkfz,IstSonstig,LINREFX,LINREFY,XGCSWGS84,YGCSWGS84
40260,40261,8,1,19,1,2016,10,13,5,3,4,2,0,0,0,1,0,0,0,0,5.50996E+20,5.40903E+21,9.69488E+15,4.88321E+16
40261,40262,8,1,16,79,2016,10,13,5,3,1,5,0,0,0,1,0,0,0,0,5.39274E+20,5.37641E+21,9.53207E+15,4.85396E+16
40262,40263,8,4,36,81,2016,10,15,4,3,4,2,0,0,0,1,0,1,0,0,5.57111E+20,5.27652E+21,9.76034E+15,4.76396E+16
40263,40264,8,1,35,27,2016,10,8,3,3,4,6,0,1,0,1,0,0,0,0,5.9004E+20,5.37716E+21,1.02199E+16,4.85411E+16
40264,40265,8,3,17,51,2016,10,21,4,3,5,3,2,0,0,1,0,1,0,0,4.43055E+20,5.33941E+21,8.23357E+15,4.82054E+16
40265,40266,8,2,15,7,2016,10,12,4,3,3,2,0,0,1,1,0,0,0,0,4.78952E+20,5.43018E+21,8.71209E+15,4.90241E+16
40266,40267,8,1,15,24,2016,10,20,4,3,2,6,2,0,0,1,0,0,0,0,5.0062E+20,5.38828E+21,9.00842E+15,4.86476E+16
40267,40268,8,4,15,60,2016,10,17,6,2,8,1,0,0,0,0,0,1,0,0,5.12862E+20,5.37906E+21,9.17434E+15,4.85645E+16
40268,40269,8,1,17,55,2016,10,18,5,3,3,2,2,0,0,1,0,0,0,0,5.43108E+20,5.39867E+21,9.58631E+15,4.87396E+16
40269,40270,8,2,22,0,2016,10,17,4,3,4,6,0,0,1,1,0,0,0,0,4.62798E+20,5.47933E+21,8.48657E+15,4.94655E+16
40270,40271,8,1,17,24,2016,10,7,4,2,5,3,0,0,0,1,0,1,0,0,5.5972E+20,5.38667E+21,9.8105E+15,4.86303E+16
40271,40272,8,4,17,79,2016,10,11,6,3,1,6,0,0,0,1,0,1,0,0,5.00967E+20,5.3446E+21,9.01302E+15,4.82546E+16
40272,40273,8,2,15,101,2016,10,16,6,3,4,2,0,0,0,1,0,0,0,0,4.65593E+20,5.42825E+21,8.52953E+15,4.90062E+16
40273,40274,8,3,11,0,2016,10,12,3,3,0,1,0,1,0,0,0,1,0,0,4.12919E+20,5.31534E+21,7.83295E+15,4.79854E+16
40274,40275,8,3,37,62,2016,10,16,5,3,5,3,0,0,0,1,0,0,0,0,4.53557E+20,5.27462E+21,8.38189E+15,4.76233E+16
40275,40276,8,1,16,33,2016,10,16,3,2,2,6,0,0,0,1,0,0,0,0,5.33573E+20,5.38664E+21,9.45566E+15,4.86319E+16
40276,40277,8,3,16,53,2016,10,16,5,3,5,3,0,0,1,1,0,0,0,0,4.04644E+20,5.34247E+21,7.71601E+15,4.82283E+16
40277,40278,8,1,18,19,2016,10,18,5,3,5,3,2,0,1,1,0,0,0,0,5.04642E+20,5.40501E+21,9.06321E+15,4.87981E+16
40278,40279,8,1,15,41,2016,10,14,5,3,1,1,0,0,0,1,0,0,0,0,4.96211E+20,5.40168E+21,8.94844E+15,4.87681E+16
40279,40280,8,3,26,12,2016,10,8,6,3,5,3,0,0,0,1,0,1,0,0,4.6347E+20,5.31162E+21,8.51069E+15,4.79569E+16
40280,40281,8,4,16,23,2016,10,16,4,3,8,1,0,0,0,1,0,0,0,0,5.09622E+20,5.37516E+21,9.13033E+15,4.85295E+16
40281,40282,8,1,28,131,2016,10,6,3,3,9,1,2,1,0,1,0,0,0,0,5.35219E+20,5.50951E+21,9.48876E+15,4.9737E+16
40282,40283,8,3,11,0,2016,10,9,4,3,5,3,0,0,1,0,0,0,0,1,4.14486E+20,5.31695E+21,7.85362E+15,4.80001E+16
40283,40284,8,1,18,63,2016,10,15,4,3,4,7,0,0,0,1,0,0,1,0,5.15868E+20,5.42296E+21,9.21677E+15,4.89593E+16
40284,40285,8,1,21,0,2016,10,13,6,3,2,6,0,0,0,1,0,0,0,0,5.14585E+20,5.44369E+21,9.19999E+15,4.91459E+16
40285,40286,8,3,16,43,2016,10,10,3,3,2,6,0,1,0,1,0,0,0,0,4.098E+20,5.32967E+21,7.78813E+15,4.81139E+16
40286,40287,8,4,15,91,2016,10,4,2,3,8,1,2,1,0,1,0,0,0,0,5.14722E+20,5.35637E+21,9.19875E+15,4.83603E+16
40287,40288,8,2,16,7,2016,10,1,5,3,2,6,2,0,0,0,0,0,1,1,4.35001E+20,5.39882E+21,8.11595E+15,4.8739E+16
40288,40289,8,1,25,102,2016,10,16,6,3,2,6,0,0,0,1,0,0,0,0,5.23411E+20,5.44523E+21,9.32109E+15,4.91594E+16
40289,40290,8,4,36,82,2016,10,6,3,3,6,2,2,1,0,1,1,0,0,0,5.47715E+20,5.29567E+21,9.63735E+15,4.78126E+16
40290,40291,8,3,15,76,2016,10,7,2,3,2,6,2,1,0,1,0,0,0,0,3.93589E+20,5.3044E+21,7.57666E+15,4.78841E+16
40291,40292,8,2,15,21,2016,10,13,3,3,1,5,0,0,0,1,0,0,1,0,4.68619E+20,5.44559E+21,8.56955E+15,4.91623E+16
40292,40293,8,3,35,2,2016,10,16,5,3,2,6,0,0,0,1,0,0,0,0,5.0754E+20,5.28376E+21,9.10051E+15,4.77072E+16
40293,40294,8,1,15,51,2016,10,7,3,3,5,3,1,1,1,1,0,0,0,0,5.04504E+20,5.38553E+21,9.06112E+15,4.86228E+16
40294,40295,8,3,15,64,2016,10,9,5,3,4,1,0,0,0,1,0,0,1,0,4.22516E+20,5.31371E+21,7.96183E+15,4.7972E+16
40295,40296,8,3,11,0,2016,10,7,6,3,0,6,1,0,0,1,0,1,0,0,4.1305E+20,5.31614E+21,7.83454E+15,4.79926E+16
40296,40297,8,3,36,91,2016,10,1,4,3,5,3,2,0,0,1,0,0,0,0,3.94782E+20,5.27293E+21,7.60022E+15,4.76012E+16
40297,40298,8,1,28,115,2016,10,16,3,3,9,6,0,1,0,1,0,0,0,1,5.4028E+20,5.50129E+21,9.55815E+15,4.96628E+16
40298,40299,8,2,36,39,2016,10,15,4,3,8,1,0,0,0,1,0,0,1,0,4.90473E+20,5.40981E+21,8.87016E+15,4.88412E+16
40299,40300,8,1,27,14,2016,10,7,4,3,4,2,2,0,0,1,0,1,0,0,5.77E+20,5.44482E+21,1.00559E+16,4.91513E+16
40300,40301,8,1,17,26,2016,10,9,6,3,2,6,0,0,0,1,0,1,0,0,5.47281E+20,5.39494E+21,9.64265E+15,4.87057E+16
40301,40302,8,3,35,63,2016,10,6,3,3,5,3,2,1,0,1,0,0,0,0,4.96922E+20,5.28797E+21,8.95894E+15,4.77451E+16
40302,40303,8,2,26,56,2016,10,7,5,3,2,6,1,0,0,1,0,0,0,0,4.85814E+20,5.47115E+21,8.80451E+15,4.93929E+16
40303,40304,8,1,25,98,2016,10,7,4,3,3,6,0,0,0,1,0,0,0,0,5.21127E+20,5.43698E+21,9.28935E+15,4.90853E+16
40304,40305,8,4,36,82,2016,10,7,6,3,5,3,2,0,0,1,0,1,0,0,5.49145E+20,5.2953E+21,9.6564E+15,4.78092E+16
40305,40306,8,2,35,80,2016,10,15,6,3,9,1,0,0,0,1,0,0,0,0,4.81116E+20,5.38578E+21,8.74374E+15,4.86248E+16
40306,40307,8,2,26,105,2016,10,17,6,3,2,6,0,0,0,1,0,0,1,0,4.70848E+20,5.47631E+21,8.59789E+15,4.94387E+16
40307,40308,8,3,35,63,2016,10,8,4,3,2,6,0,1,0,1,0,0,0,0,4.96904E+20,5.28798E+21,8.9587E+15,4.77452E+16
40308,40309,8,1,27,102,2016,10,17,3,2,9,1,1,0,0,1,0,0,0,0,5.91185E+20,5.43526E+21,1.02483E+16,4.90635E+16
40309,40310,8,1,15,45,2016,10,15,6,3,5,3,0,0,0,1,0,1,0,0,5.0112E+20,5.39477E+21,9.01522E+15,4.87059E+16
40310,40311,8,2,21,0,2016,10,15,5,3,3,2,0,0,1,1,0,0,0,0,4.76557E+20,5.47284E+21,8.67684E+15,4.94078E+16
40311,40312,8,1,26,39,2016,10,5,5,3,4,2,2,0,0,1,0,1,0,0,5.47543E+20,5.46094E+21,9.65393E+15,4.92993E+16
40312,40313,8,1,18,79,2016,10,13,5,3,2,6,0,0,0,1,0,0,0,0,5.07301E+20,5.42261E+21,9.09973E+15,4.89563E+16
40313,40314,8,1,16,15,2016,10,18,4,3,2,6,2,0,0,1,0,0,0,0,5.238E+20,5.3925E+21,9.32336E+15,4.86851E+16
40314,40315,8,4,26,21,2016,10,15,6,2,5,3,0,0,0,1,0,1,0,0,5.60228E+20,5.32621E+21,9.80875E+15,4.80863E+16
40315,40316,8,2,16,43,2016,10,18,6,3,0,7,1,0,1,0,0,0,0,0,4.44513E+20,5.41184E+21,8.24355E+15,4.88571E+16
40316,40317,8,3,16,11,2016,10,7,3,2,4,2,1,1,1,1,0,0,0,0,4.14703E+20,5.32988E+21,7.85395E+15,4.81164E+16
40317,40318,8,4,16,41,2016,10,15,5,3,5,3,0,0,0,1,0,0,0,1,5.05731E+20,5.37507E+21,9.07763E+15,4.85287E+16
40318,40319,8,1,11,0,2016,10,21,3,2,2,6,2,0,0,1,0,0,0,0,5.13305E+20,5.40418E+21,9.18115E+15,4.87904E+16
40319,40320,8,3,17,57,2016,10,16,5,2,5,3,0,0,1,0,0,0,0,0,4.13009E+20,5.37478E+21,7.82194E+15,4.85201E+16
40320,40321,8,1,28,139,2016,10,19,5,2,5,3,2,0,0,1,0,1,0,0,5.53826E+20,5.48655E+21,9.74382E+15,4.95291E+16
40321,40322,8,1,19,53,2016,10,5,5,3,5,3,2,0,0,1,0,0,0,0,5.33546E+20,5.42566E+21,9.45848E+15,4.89829E+16
40322,40323,8,4,37,100,2016,10,18,5,3,2,2,2,0,0,1,0,0,0,0,5.36718E+20,5.31868E+21,9.49243E+15,4.80204E+16
40323,40324,8,4,35,16,2016,10,18,3,2,6,4,2,1,0,1,1,0,0,0,5.3644E+20,5.27907E+21,9.48536E+15,4.7664E+16
40324,40325,8,4,35,57,2016,10,14,5,3,4,2,0,0,1,1,0,0,0,0,5.43258E+20,5.27932E+21,9.5762E+15,4.76659E+16
40325,40326,8,4,36,69,2016,10,1,2,3,9,1,2,1,0,1,0,0,0,0,5.52764E+20,5.29255E+21,9.7044E+15,4.77842E+16
40326,40327,8,1,15,21,2016,10,15,5,3,2,6,0,0,0,1,0,0,0,1,4.92605E+20,5.38017E+21,8.89975E+15,4.85746E+16
40327,40328,8,1,21,0,2016,10,14,5,3,0,7,0,0,1,0,0,0,0,0,5.15784E+20,5.44082E+21,9.21632E+15,4.912E+16
40328,40329,8,4,25,31,2016,10,16,5,3,2,6,0,0,0,1,0,0,0,0,5.64877E+20,5.36982E+21,9.87786E+15,4.84782E+16
40329,40330,8,3,35,43,2016,10,18,4,3,0,3,2,1,0,1,0,1,0,0,5.12244E+20,5.2808E+21,9.16314E+15,4.76805E+16
40330,40331,8,2,16,15,2016,10,16,4,3,5,3,0,0,1,1,0,0,0,0,4.51579E+20,5.40434E+21,8.34076E+15,4.87902E+16
40331,40332,8,1,16,19,2016,10,12,4,2,8,1,0,0,0,1,0,0,0,0,5.25275E+20,5.39636E+21,9.34363E+15,4.87198E+16
40332,40333,8,4,16,41,2016,10,11,6,3,2,6,0,0,0,1,0,0,0,1,5.00739E+20,5.37463E+21,9.01001E+15,4.85248E+16
40333,40334,8,2,16,7,2016,10,15,6,3,2,6,0,0,0,1,0,0,0,1,4.35349E+20,5.39935E+21,8.12059E+15,4.87438E+16
40334,40335,8,1,11,0,2016,10,18,4,3,2,6,1,0,0,1,0,0,0,0,5.13922E+20,5.40307E+21,9.1895E+15,4.87805E+16
40335,40336,8,3,15,102,2016,10,7,3,2,2,6,1,1,0,1,0,0,1,0,4.3978E+20,5.29437E+21,8.19582E+15,4.77998E+16
40336,40337,8,3,36,81,2016,10,10,5,3,5,2,0,0,0,1,0,0,0,0,4.11069E+20,5.27722E+21,7.81598E+15,4.76423E+16
40337,40338,8,4,35,30,2016,10,7,2,3,0,1,1,1,0,0,0,1,0,0,5.42732E+20,5.27364E+21,9.56862E+15,4.76147E+16
40338,40339,8,3,11,0,2016,10,22,5,3,9,1,2,0,0,1,0,0,0,0,4.00949E+20,5.31391E+21,7.67289E+15,4.79708E+16
40339,40340,8,1,11,0,2016,10,17,5,3,4,6,0,0,0,1,0,0,0,0,5.12647E+20,5.40167E+21,9.17211E+15,4.87679E+16
40340,40341,8,3,17,1,2016,10,17,6,3,2,6,0,0,0,1,0,0,0,0,4.28843E+20,5.38938E+21,8.03382E+15,4.86534E+16
40341,40342,8,3,15,76,2016,10,11,4,3,3,6,0,1,0,1,0,0,0,1,3.90082E+20,5.29245E+21,7.53281E+15,4.7776E+16
40342,40343,8,1,27,25,2016,10,7,3,1,5,3,2,1,1,0,0,0,1,0,5.56628E+20,5.4273E+21,9.77415E+15,4.8996E+16
40343,40344,8,1,16,50,2016,10,22,5,3,5,3,2,0,0,1,0,1,0,0,5.26766E+20,5.38798E+21,9.36336E+15,4.86443E+16
40344,40345,8,3,35,77,2016,10,14,6,3,2,2,0,0,0,1,0,0,0,1,4.93883E+20,5.29227E+21,8.91834E+15,4.77838E+16
40345,40346,8,4,35,52,2016,10,16,4,3,0,1,0,1,1,0,0,0,0,0,5.23636E+20,5.29328E+21,9.31559E+15,4.77924E+16
40346,40347,8,1,26,39,2016,10,11,3,3,2,6,0,0,0,1,0,1,0,0,5.47973E+20,5.46075E+21,9.65983E+15,4.92977E+16
40347,40348,8,3,15,52,2016,10,15,4,3,2,6,0,0,0,1,0,0,0,1,4.33353E+20,5.30692E+21,8.10807E+15,4.79121E+16
40348,40349,8,2,11,0,2016,10,10,4,2,2,6,0,0,0,1,0,0,0,1,4.42009E+20,5.40836E+21,8.20991E+15,4.88255E+16
40349,40350,8,3,37,2,2016,10,16,6,3,2,6,0,0,0,1,0,0,0,0,4.3439E+20,5.27114E+21,8.12734E+15,4.75904E+16
40350,40351,8,1,28,131,2016,10,12,6,3,2,6,0,0,0,1,0,0,0,0,5.36553E+20,5.51418E+21,9.50771E+15,4.97789E+16
40351,40352,8,4,35,35,2016,10,12,3,3,5,3,0,1,1,1,0,0,0,0,5.42238E+20,5.28279E+21,9.56294E+15,4.76972E+16
40352,40353,8,3,35,35,2016,10,21,2,3,2,2,2,0,0,1,0,0,0,0,4.84697E+20,5.28992E+21,8.79578E+15,4.77624E+16
40353,40354,8,2,36,46,2016,10,20,3,3,1,6,2,1,0,1,0,0,0,0,4.87562E+20,5.41719E+21,8.83026E+15,4.89075E+16
40354,40355,8,3,27,36,2016,10,7,5,3,2,6,1,0,0,1,0,0,0,0,4.91109E+20,5.31846E+21,8.88077E+15,4.80194E+16
40355,40356,8,2,36,71,2016,10,13,5,3,2,6,0,0,0,1,0,0,0,0,4.71155E+20,5.41877E+21,8.60625E+15,4.89212E+16
40356,40357,8,2,26,103,2016,10,18,6,3,2,6,1,0,0,1,0,0,0,0,4.71609E+20,5.4571E+21,8.60976E+15,4.9266E+16
40357,40358,8,3,35,28,2016,10,7,4,3,2,6,2,0,0,1,0,0,0,0,4.83134E+20,5.28687E+21,8.77505E+15,4.77349E+16
40358,40359,8,1,25,46,2016,10,15,3,3,5,3,0,0,0,1,0,0,0,0,5.1927E+20,5.43406E+21,9.26376E+15,4.90591E+16
40359,40360,8,2,26,85,2016,10,18,4,3,5,2,2,0,0,1,0,1,0,0,4.90445E+20,5.45583E+21,8.86869E+15,4.92552E+16
40360,40361,8,1,27,89,2016,10,23,4,2,4,1,2,0,0,1,0,0,0,0,5.64477E+20,5.43792E+21,9.88314E+15,4.90908E+16
40361,40362,8,1,17,26,2016,10,17,6,2,8,1,0,0,0,0,0,1,0,0,5.53055E+20,5.39984E+21,9.72176E+15,4.87493E+16
40362,40363,8,3,35,43,2016,10,7,3,3,5,2,1,1,1,1,0,0,0,0,5.13698E+20,5.2797E+21,9.18247E+15,4.76706E+16
40363,40364,8,2,22,0,2016,10,12,5,3,5,3,0,0,1,1,0,0,0,0,4.61693E+20,5.48441E+21,8.47083E+15,4.95111E+16
40364,40365,8,1,27,47,2016,10,6,5,3,6,7,2,0,0,1,1,0,0,0,5.61624E+20,5.45594E+21,9.84683E+15,4.92531E+16
40365,40366,8,2,12,0,2016,10,5,4,2,5,3,2,0,0,1,0,1,0,0,4.52717E+20,5.42954E+21,8.35332E+15,4.90169E+16
40366,40367,8,1,35,19,2016,10,10,4,3,0,7,0,0,1,0,0,0,1,0,5.84857E+20,5.39231E+21,1.01528E+16,4.86781E+16
40367,40368,8,1,18,48,2016,10,11,6,3,3,6,0,0,0,1,0,0,1,0,5.14213E+20,5.41632E+21,9.19393E+15,4.88997E+16
40368,40369,8,3,36,14,2016,10,9,3,3,5,3,0,1,0,1,0,0,0,0,3.91058E+20,5.28321E+21,7.54813E+15,4.76931E+16
40369,40370,8,1,27,100,2016,10,6,4,3,2,6,2,0,0,1,0,0,1,0,5.52462E+20,5.43847E+21,9.71866E+15,4.90969E+16
40370,40371,8,2,12,0,2016,10,13,6,3,2,2,0,0,0,1,0,1,0,0,4.57259E+20,5.42818E+21,8.41559E+15,4.90051E+16
40371,40372,8,1,11,0,2016,10,13,6,3,3,6,0,0,0,1,0,0,1,0,5.13023E+20,5.40324E+21,9.17728E+15,4.8782E+16
40372,40373,8,4,35,16,2016,10,7,2,3,2,6,0,0,0,1,0,0,0,0,5.36749E+20,5.28184E+21,9.4897E+15,4.76889E+16
40373,40374,8,2,16,15,2016,10,13,5,3,2,6,0,0,0,1,0,0,0,0,4.4888E+20,5.40639E+21,8.30375E+15,4.88084E+16
40374,40375,8,1,25,1,2016,10,8,5,3,2,6,0,0,0,1,0,0,0,0,5.21436E+20,5.43692E+21,9.29357E+15,4.90848E+16
40375,40376,8,1,18,7,2016,10,11,5,3,2,6,0,0,0,1,0,0,0,0,5.10438E+20,5.42699E+21,9.1427E+15,4.89958E+16
40376,40377,8,1,19,89,2016,10,20,4,3,8,1,2,0,0,1,0,0,0,0,5.34952E+20,5.412E+21,9.47653E+15,4.88599E+16
40377,40378,8,4,36,8,2016,10,16,6,3,5,3,0,0,1,0,0,0,1,0,5.49232E+20,5.31128E+21,9.65939E+15,4.7953E+16
40378,40379,8,2,36,46,2016,10,19,6,3,2,6,2,0,0,1,0,0,0,0,4.83879E+20,5.41652E+21,8.78003E+15,4.89015E+16
40379,40380,8,3,17,34,2016,10,7,3,3,5,3,2,1,1,1,0,0,0,0,4.27183E+20,5.36154E+21,8.01615E+15,4.84028E+16
40380,40381,8,4,21,0,2016,10,15,5,3,5,3,0,0,0,1,0,0,0,1,5.68045E+20,5.35589E+21,9.91847E+15,4.83525E+16
40381,40382,8,4,26,14,2016,10,12,2,2,2,6,0,1,0,1,0,0,0,0,5.49228E+20,5.31922E+21,9.66024E+15,4.80244E+16
40382,40383,8,3,25,69,2016,10,10,5,2,1,3,0,0,0,1,0,0,1,0,4.67424E+20,5.33639E+21,8.56177E+15,4.81799E+16
40383,40384,8,1,18,40,2016,10,15,5,2,6,4,0,0,0,1,1,0,0,0,5.1049E+20,5.43224E+21,9.14355E+15,4.9043E+16
40384,40385,8,1,19,89,2016,10,9,5,3,4,6,0,0,0,1,0,0,1,0,5.34375E+20,5.41203E+21,9.46866E+15,4.88603E+16
40385,40386,8,4,25,108,2016,10,12,5,2,9,1,0,0,0,1,0,0,0,0,5.53309E+20,5.3593E+21,9.72001E+15,4.83846E+16
40386,40387,8,4,37,88,2016,10,11,4,3,5,3,0,0,0,1,0,0,0,0,5.21095E+20,5.30183E+21,9.28208E+15,4.78694E+16
40387,40388,8,1,25,68,2016,10,23,3,2,8,1,2,1,0,0,0,1,0,0,5.16674E+20,5.45881E+21,9.22927E+15,4.92818E+16
40388,40389,8,4,36,82,2016,10,17,4,2,6,4,0,0,0,1,1,0,0,0,5.47925E+20,5.2956E+21,9.64014E+15,4.7812E+16
40389,40390,8,2,15,9,2016,10,20,4,3,5,3,2,0,1,1,0,0,0,0,4.6993E+20,5.44064E+21,8.58791E+15,4.91179E+16
40390,40391,8,1,15,42,2016,10,13,4,3,0,7,0,0,0,0,0,1,0,0,4.95499E+20,5.40707E+21,8.93869E+15,4.88166E+16
40391,40392,8,4,15,50,2016,10,0,6,2,8,1,2,0,0,1,0,0,0,0,5.21931E+20,5.37675E+21,9.29713E+15,4.85434E+16
40392,40393,8,2,16,7,2016,10,15,6,3,2,6,0,0,0,1,0,0,1,0,4.33934E+20,5.39734E+21,8.10167E+15,4.87256E+16
40393,40394,8,1,11,0,2016,10,7,4,3,2,6,1,0,0,1,0,0,0,0,5.09708E+20,5.39728E+21,9.13201E+15,4.87285E+16
40394,40395,8,3,25,45,2016,10,16,2,3,2,6,0,0,0,1,0,0,0,0,4.69562E+20,5.34755E+21,8.58973E+15,4.82805E+16
40395,40396,8,2,15,106,2016,10,18,3,3,4,6,1,0,0,1,0,0,0,0,4.64102E+20,5.44889E+21,8.50732E+15,4.91917E+16
40396,40397,8,3,35,100,2016,10,16,5,3,0,1,0,1,1,0,0,0,0,0,4.86214E+20,5.28846E+21,8.81608E+15,4.77493E+16
40397,40398,8,2,26,29,2016,10,18,1,2,2,6,2,0,0,0,0,1,0,0,4.84815E+20,5.48187E+21,8.79033E+15,4.94893E+16
40398,40399,8,3,35,75,2016,11,10,5,3,5,3,0,0,0,1,0,0,0,0,4.8811E+20,5.29002E+21,8.84133E+15,4.77634E+16
40399,40400,8,1,11,0,2016,11,18,5,2,2,6,2,0,0,1,0,0,0,0,5.12861E+20,5.40585E+21,9.17515E+15,4.88055E+16
40400,40401,8,4,15,19,2016,10,11,7,3,0,1,0,1,0,0,0,1,0,0,5.19278E+20,5.37066E+21,9.2609E+15,4.84888E+16
40401,40402,8,2,36,44,2016,10,15,7,3,8,1,0,0,0,1,0,0,0,0,4.84314E+20,5.40435E+21,8.78643E+15,4.8792E+16
40402,40403,8,1,26,46,2016,11,16,4,2,4,1,0,1,0,1,0,0,0,0,5.48974E+20,5.45734E+21,9.67318E+15,4.92669E+16
40403,40404,8,1,11,0,2016,11,6,4,3,6,2,2,1,0,1,1,0,0,0,5.09492E+20,5.40311E+21,9.12921E+15,4.87809E+16
40404,40405,8,4,15,59,2016,10,12,2,3,2,6,0,0,0,1,0,0,0,0,5.1814E+20,5.36571E+21,9.24529E+15,4.84442E+16
40405,40406,8,1,18,54,2016,11,14,6,3,2,6,0,1,0,1,0,0,0,0,5.16678E+20,5.42287E+21,9.22783E+15,4.89585E+16
40406,40407,8,3,17,65,2016,10,18,2,2,5,3,2,0,1,1,0,0,0,0,4.16264E+20,5.35446E+21,7.87007E+15,4.83377E+16
40407,40408,8,2,26,36,2016,11,16,5,3,2,6,0,0,0,1,0,0,0,0,4.67929E+20,5.48093E+21,8.55725E+15,4.94801E+16
40408,40409,8,2,37,40,2016,10,15,2,3,3,6,0,0,1,0,0,0,0,1,4.73283E+20,5.36913E+21,8.63852E+15,4.84747E+16
40409,40410,8,3,36,69,2016,10,12,7,3,2,6,0,0,0,1,0,0,0,0,4.07379E+20,5.26879E+21,7.76864E+15,4.7566E+16
40410,40411,8,1,27,73,2016,10,9,2,3,1,1,0,0,0,1,0,0,1,0,5.78579E+20,5.44693E+21,1.0078E+16,4.91702E+16
40411,40412,8,4,25,108,2016,10,12,1,3,2,6,0,0,0,1,0,1,0,0,5.48137E+20,5.36391E+21,9.65069E+15,4.84265E+16
40412,40413,8,3,37,126,2016,11,17,4,3,5,3,1,0,0,1,0,0,0,0,4.4422E+20,5.27438E+21,8.25767E+15,4.76204E+16
40413,40414,8,3,16,17,2016,11,14,4,3,2,6,0,0,0,1,0,0,1,0,4.06857E+20,5.34051E+21,7.74622E+15,4.82109E+16
40414,40415,8,1,27,86,2016,10,17,1,2,2,1,1,0,0,1,0,0,0,0,5.5217E+20,5.44913E+21,9.71604E+15,4.91927E+16
40415,40416,8,1,17,30,2016,10,16,7,2,8,1,0,0,0,1,0,0,0,0,5.48609E+20,5.38937E+21,9.66004E+15,4.86555E+16
40416,40417,8,4,26,21,2016,11,15,3,3,2,6,0,0,0,1,0,0,0,0,5.58986E+20,5.32949E+21,9.79252E+15,4.81159E+16
40417,40418,8,1,19,20,2016,11,8,4,3,2,6,0,1,0,1,0,0,0,0,5.20502E+20,5.40534E+21,9.27918E+15,4.88007E+16
40418,40419,8,1,17,19,2016,11,11,6,3,1,6,0,0,0,1,0,0,0,0,5.50405E+20,5.39404E+21,9.68499E+15,4.86974E+16
40419,40420,8,2,22,0,2016,10,12,2,2,2,6,0,0,0,1,0,0,0,0,4.66647E+20,5.47878E+21,8.53974E+15,4.94608E+16
40420,40421,8,1,36,44,2016,11,18,5,3,4,2,2,0,0,1,0,0,0,0,5.57999E+20,5.4096E+21,9.79038E+15,4.88367E+16
40421,40422,8,2,25,32,2016,10,20,2,3,5,3,2,0,0,1,0,0,0,0,5.34759E+20,5.49543E+21,9.48113E+15,4.96104E+16
40422,40423,8,3,36,50,2016,10,14,7,3,2,6,0,0,0,1,0,0,0,0,4.00513E+20,5.2763E+21,7.67568E+15,4.76325E+16
40423,40424,8,1,19,44,2016,10,14,2,2,3,6,0,0,0,1,0,1,0,0,5.46907E+20,5.42486E+21,9.64099E+15,4.89748E+16
40424,40425,8,3,35,22,2016,10,13,1,3,2,6,0,0,0,1,0,0,0,0,4.83535E+20,5.30173E+21,8.77983E+15,4.78687E+16
40425,40426,8,2,12,0,2016,11,10,4,3,2,6,0,1,0,1,0,0,0,0,4.59922E+20,5.42802E+21,8.45202E+15,4.90038E+16
40426,40427,8,1,19,76,2016,10,16,1,3,5,3,0,0,0,0,0,1,0,1,5.42088E+20,5.40786E+21,9.57339E+15,4.88223E+16
40427,40428,8,4,15,61,2016,11,17,3,3,5,2,1,0,1,1,0,0,0,0,5.1505E+20,5.37018E+21,9.20366E+15,4.84845E+16
40428,40429,8,3,15,84,2016,10,15,1,2,5,2,0,0,0,1,0,1,0,0,4.17228E+20,5.30437E+21,7.8928E+15,4.78873E+16
40429,40430,8,4,35,16,2016,11,7,5,3,3,6,0,0,1,0,0,0,0,0,5.36806E+20,5.2814E+21,9.49043E+15,4.7685E+16
40430,40431,8,1,19,67,2016,11,19,5,3,0,1,2,0,1,1,0,0,0,0,5.38912E+20,5.40696E+21,9.53003E+15,4.88144E+16
40431,40432,8,2,21,0,2016,11,16,4,3,2,6,0,0,0,1,0,0,0,0,4.77331E+20,5.4691E+21,8.68773E+15,4.93742E+16
40432,40433,8,1,16,54,2016,10,0,1,3,8,1,2,0,0,1,0,0,0,0,5.3311E+20,5.38255E+21,9.44906E+15,4.85952E+16
40433,40434,8,2,36,46,2016,10,10,7,3,0,7,0,1,0,0,0,0,0,1,4.83643E+20,5.41852E+21,8.77672E+15,4.89194E+16
40434,40435,8,1,15,28,2016,11,10,4,3,2,6,0,1,0,1,0,0,0,0,5.01394E+20,5.40284E+21,9.01897E+15,4.87786E+16
40435,40436,8,1,11,0,2016,11,13,6,2,5,3,0,0,1,1,0,0,0,0,5.12941E+20,5.39652E+21,9.17596E+15,4.87216E+16
40436,40437,8,1,28,115,2016,11,19,5,3,4,6,2,0,0,1,0,0,0,0,5.465E+20,5.49697E+21,9.64382E+15,4.96235E+16
40437,40438,8,2,16,49,2016,10,16,2,3,5,3,0,0,0,1,0,0,0,0,4.37984E+20,5.40102E+21,8.15618E+15,4.87591E+16
40438,40439,8,1,17,51,2016,10,16,2,2,5,3,0,0,0,1,0,0,0,0,5.41007E+20,5.39612E+21,9.55749E+15,4.87168E+16