FID,OBJECTID,ULAND,UREGBEZ,UKREIS,UGEMEINDE,UJAHR,UMONAT,USTUNDE,UWOCHENTAG,UKATEGORIE,UART,UTYP1,ULICHTVERH,IstStrasse,IstRad,IstPKW,IstFuss,IstKrad,IstGkfz,IstSonstig,LINREFX,LINREFY,XGCSWGS84,YGCSWGS84
40439,40440,8,2,25,117,2016,11,19,4,3,2,6,2,1,0,1,0,0,0,0,5.12583E+20,5.4695E+21,9.17335E+15,4.93781E+16
40440,40441,8,3,36,78,2016,10,15,7,2,3,2,0,0,0,1,0,1,0,0,3.99745E+20,5.28999E+21,7.66231E+15,4.77555E+16
40441,40442,8,1,16,19,2016,10,17,1,3,2,6,2,0,0,1,0,0,0,1,5.22305E+20,5.39642E+21,9.30325E+15,4.87204E+16
40442,40443,8,2,37,40,2016,11,15,3,2,8,1,0,0,0,0,0,1,0,0,4.75165E+20,5.36057E+21,8.66449E+15,4.83978E+16
40443,40444,8,4,37,104,2016,10,18,2,3,5,3,1,0,0,1,0,0,0,0,5.15687E+20,5.33164E+21,9.21086E+15,4.81378E+16
40444,40445,8,2,37,40,2016,10,13,1,3,9,1,0,0,0,1,0,0,0,0,4.79683E+20,5.3665E+21,8.72524E+15,4.84513E+16
40445,40446,8,4,17,23,2016,11,16,5,3,8,6,0,0,0,1,0,1,0,0,4.92201E+20,5.35537E+21,8.89473E+15,4.83514E+16
40446,40447,8,1,11,0,2016,11,9,5,3,2,6,0,0,0,1,0,0,0,0,5.1332E+20,5.40437E+21,9.18136E+15,4.87922E+16
40447,40448,8,4,17,51,2016,10,11,7,3,8,1,0,1,0,1,0,0,0,0,4.92067E+20,5.35747E+21,8.89288E+15,4.83703E+16
40448,40449,8,2,22,0,2016,10,13,7,2,2,6,0,0,0,1,0,0,0,0,4.67484E+20,5.48222E+21,8.551E+15,4.94917E+16
40449,40450,8,1,28,47,2016,11,18,4,2,0,1,2,1,0,0,0,1,0,0,5.50606E+20,5.49405E+21,9.70029E+15,4.95969E+16
40450,40451,8,1,16,80,2016,11,5,4,3,4,6,2,0,0,1,0,0,0,0,5.20011E+20,5.39531E+21,9.27201E+15,4.87105E+16
40451,40452,8,1,19,75,2016,11,16,3,2,3,6,1,0,0,1,0,1,0,0,5.37751E+20,5.43128E+21,9.51647E+15,4.90332E+16
40452,40453,8,4,25,137,2016,10,9,2,3,4,2,0,0,0,1,0,0,0,0,5.75544E+20,5.35283E+21,1.00191E+16,4.83241E+16
40453,40454,8,1,26,46,2016,11,7,6,3,8,1,0,0,0,0,0,1,0,0,5.50249E+20,5.45892E+21,9.6909E+15,4.9281E+16
40454,40455,8,3,17,96,2016,10,14,2,3,3,6,0,0,0,1,0,0,0,0,4.20905E+20,5.36845E+21,7.93004E+15,4.84642E+16
40455,40456,8,1,25,102,2016,11,13,3,3,9,6,0,0,0,1,0,0,0,0,5.21532E+20,5.44503E+21,9.29532E+15,4.91577E+16
40456,40457,8,4,35,35,2016,10,7,2,3,8,6,1,0,0,0,0,0,0,1,5.40825E+20,5.28466E+21,9.54428E+15,4.7714E+16
40457,40458,8,3,35,63,2016,10,20,2,2,4,6,2,0,0,1,0,0,0,0,4.9473E+20,5.28769E+21,8.92971E+15,4.77425E+16
40458,40459,8,1,15,21,2016,10,8,2,3,6,4,0,0,1,0,1,0,0,0,4.90413E+20,5.38241E+21,8.86998E+15,4.85947E+16
40459,40460,8,2,22,0,2016,10,14,1,2,9,1,0,0,0,0,0,1,0,0,4.6059E+20,5.48225E+21,8.45582E+15,4.94916E+16
40460,40461,8,3,26,74,2016,11,17,5,3,6,4,1,0,0,1,1,0,0,0,4.59993E+20,5.32284E+21,8.46309E+15,4.80576E+16
40461,40462,8,4,36,94,2016,11,13,4,3,3,2,0,0,0,1,0,0,0,1,5.66149E+20,5.2856E+21,9.88202E+15,4.77204E+16
40462,40463,8,4,15,19,2016,10,20,7,3,2,6,2,0,0,1,0,0,0,0,5.19168E+20,5.37026E+21,9.2594E+15,4.84852E+16
40463,40464,8,2,15,9,2016,10,20,7,3,2,6,2,0,0,1,0,0,0,0,4.71145E+20,5.44266E+21,8.60442E+15,4.91361E+16
40464,40465,8,1,25,48,2016,11,23,4,3,5,3,2,0,1,1,0,0,0,0,5.33807E+20,5.46185E+21,9.46509E+15,4.93085E+16
40465,40466,8,1,11,0,2016,11,16,4,3,5,3,1,1,1,1,0,0,0,0,5.15733E+20,5.40541E+21,9.21425E+15,4.88015E+16
40466,40467,8,3,37,22,2016,10,9,2,3,5,3,0,0,0,1,0,0,0,0,4.50278E+20,5.29622E+21,8.33578E+15,4.78174E+16
40467,40468,8,1,16,47,2016,11,10,6,3,1,6,0,0,0,1,0,0,0,0,5.20951E+20,5.39367E+21,9.28472E+15,4.86957E+16
40468,40469,8,3,15,115,2016,10,20,2,3,2,6,2,0,0,1,0,0,0,0,4.08669E+20,5.32149E+21,7.77469E+15,4.80402E+16
40469,40470,8,2,15,9,2016,11,11,5,3,2,6,0,0,0,1,0,0,0,0,4.65632E+20,5.43939E+21,8.52912E+15,4.91064E+16
40470,40471,8,2,31,0,2016,10,15,2,3,2,6,0,0,0,1,0,0,0,0,4.79289E+20,5.41832E+21,8.71731E+15,4.89175E+16
40471,40472,8,3,35,43,2016,10,16,7,3,5,7,0,0,0,1,0,1,0,0,5.13637E+20,5.27959E+21,9.18165E+15,4.76696E+16
40472,40473,8,1,26,28,2016,10,15,2,3,1,6,0,0,0,1,0,0,0,0,5.40797E+20,5.4601E+21,9.56107E+15,4.92923E+16
40473,40474,8,3,35,80,2016,10,11,1,3,2,6,0,0,0,1,0,0,0,0,4.75221E+20,5.29573E+21,8.66901E+15,4.78145E+16
40474,40475,8,3,16,10,2016,11,6,4,3,1,6,2,0,0,1,0,1,0,0,4.30163E+20,5.33536E+21,8.06074E+15,4.81677E+16
40475,40476,8,1,25,69,2016,10,11,1,3,5,3,0,0,0,1,0,0,0,0,5.24809E+20,5.45418E+21,9.34082E+15,4.92399E+16
40476,40477,8,1,17,26,2016,10,15,7,3,5,3,0,0,1,1,0,0,0,0,5.4649E+20,5.3934E+21,9.63172E+15,4.86919E+16
40477,40478,8,2,25,14,2016,11,11,5,3,2,6,0,0,0,1,0,0,0,0,5.23829E+20,5.48441E+21,9.32917E+15,4.95118E+16
40478,40479,8,2,12,0,2016,10,5,2,3,5,3,2,0,0,1,0,0,0,0,4.52986E+20,5.42894E+21,8.35708E+15,4.90116E+16
40479,40480,8,2,37,19,2016,10,22,7,2,6,1,2,0,0,1,1,0,0,0,4.62489E+20,5.36921E+21,8.49246E+15,4.84749E+16
40480,40481,8,1,36,88,2016,10,18,2,2,6,4,2,0,0,1,1,0,0,0,5.77845E+20,5.41027E+21,1.00609E+16,4.88405E+16
40481,40482,8,4,26,21,2016,10,8,1,2,4,1,0,1,0,1,0,0,0,0,5.63952E+20,5.32558E+21,9.85865E+15,4.80803E+16
40482,40483,8,2,35,8,2016,11,12,5,3,5,3,0,0,0,1,0,0,1,0,4.85201E+20,5.40118E+21,8.79862E+15,4.87635E+16
40483,40484,8,4,17,31,2016,11,6,4,3,4,6,2,0,0,1,0,0,1,0,4.94703E+20,5.35505E+21,8.92851E+15,4.83486E+16
40484,40485,8,1,28,131,2016,10,14,1,2,2,2,0,0,0,1,0,1,0,0,5.45495E+20,5.51086E+21,9.63153E+15,4.97485E+16
40485,40486,8,1,17,26,2016,10,10,7,3,2,2,0,0,0,1,0,0,0,0,5.52093E+20,5.39767E+21,9.70839E+15,4.87299E+16
40486,40487,8,3,37,126,2016,10,15,7,3,1,6,0,0,0,1,0,0,0,0,4.3899E+20,5.27404E+21,8.18811E+15,4.76169E+16
40487,40488,8,2,15,97,2016,10,11,7,3,4,1,0,0,0,1,0,0,0,0,4.81298E+20,5.4403E+21,8.74371E+15,4.91152E+16
40488,40489,8,1,11,0,2016,11,11,4,3,3,6,0,0,0,0,0,1,1,0,5.13799E+20,5.40332E+21,9.18784E+15,4.87827E+16
40489,40490,8,4,15,50,2016,11,18,6,3,4,6,2,0,0,1,0,0,0,0,5.19601E+20,5.37621E+21,9.26554E+15,4.85387E+16
40490,40491,8,1,35,19,2016,11,9,5,3,5,3,0,1,0,0,0,1,1,0,5.85052E+20,5.39227E+21,1.01554E+16,4.86777E+16
40491,40492,8,2,26,38,2016,10,12,2,3,5,3,0,0,0,1,0,1,0,0,4.73666E+20,5.47966E+21,8.63654E+15,4.9469E+16
40492,40493,8,3,15,6,2016,10,13,7,3,2,6,0,0,0,1,0,0,0,0,4.02341E+20,5.30716E+21,7.69307E+15,4.79103E+16
40493,40494,8,1,18,79,2016,10,11,2,3,1,6,0,0,0,1,0,0,0,0,5.08266E+20,5.42025E+21,9.11286E+15,4.89352E+16
40494,40495,8,3,26,5,2016,10,17,1,3,4,2,2,0,0,1,0,0,0,0,4.65508E+20,5.29627E+21,8.53922E+15,4.78189E+16
40495,40496,8,2,35,50,2016,11,4,4,2,8,1,2,1,0,1,0,0,0,0,4.70445E+20,5.39343E+21,8.59839E+15,4.86932E+16
40496,40497,8,3,36,4,2016,10,12,7,3,8,1,0,0,0,1,0,0,0,0,4.15001E+20,5.29661E+21,7.86453E+15,4.78172E+16
40497,40498,8,1,18,50,2016,10,9,1,3,5,3,0,0,0,1,0,0,0,0,5.01763E+20,5.4162E+21,9.02405E+15,4.88988E+16
40498,40499,8,3,35,97,2016,11,16,3,3,4,6,0,0,0,1,0,0,0,0,4.83864E+20,5.2961E+21,8.78445E+15,4.78181E+16
40499,40500,8,3,17,39,2016,10,16,1,3,5,3,0,0,1,1,0,0,0,0,4.40178E+20,5.34812E+21,8.19362E+15,4.82835E+16
40500,40501,8,4,36,11,2016,11,6,5,3,4,3,1,0,0,1,0,1,0,0,5.49063E+20,5.2979E+21,9.6556E+15,4.78326E+16
40501,40502,8,1,25,78,2016,11,19,5,3,5,3,2,0,0,1,0,0,0,0,5.18308E+20,5.45407E+21,9.25152E+15,4.92391E+16
40502,40503,8,2,22,0,2016,11,19,4,2,1,5,2,0,1,1,0,0,0,0,4.62962E+20,5.47904E+21,8.48886E+15,4.94629E+16
40503,40504,8,2,16,43,2016,11,11,4,3,0,1,0,0,0,0,0,1,0,0,4.42708E+20,5.41033E+21,8.21914E+15,4.88433E+16
40504,40505,8,3,16,13,2016,11,22,3,3,3,6,2,0,1,0,0,0,0,1,4.0347E+20,5.33474E+21,7.70196E+15,4.81586E+16
40505,40506,8,4,36,55,2016,10,7,2,3,8,1,0,0,0,1,0,0,0,0,5.74189E+20,5.29621E+21,9.99102E+15,4.7815E+16
40506,40507,8,3,35,96,2016,10,7,2,3,4,1,1,0,0,1,0,0,0,0,5.04405E+20,5.30351E+21,9.05892E+15,4.78849E+16
40507,40508,8,2,35,46,2016,10,9,1,2,8,1,0,0,0,1,0,0,0,0,4.79253E+20,5.37937E+21,8.71877E+15,4.85671E+16
40508,40509,8,3,37,96,2016,11,14,5,3,6,4,0,0,0,1,1,0,0,0,4.19995E+20,5.26725E+21,7.93662E+15,4.75537E+16
40509,40510,8,1,11,0,2016,11,9,5,3,2,6,0,0,0,1,0,0,0,0,5.15148E+20,5.40493E+21,9.20627E+15,4.87971E+16
40510,40511,8,4,15,61,2016,10,20,7,3,2,6,2,0,0,1,0,0,0,0,5.15204E+20,5.37216E+21,9.20583E+15,4.85024E+16
40511,40512,8,2,12,0,2016,10,14,1,3,2,6,0,0,0,1,0,0,0,0,4.62389E+20,5.43173E+21,8.48539E+15,4.90373E+16
40512,40513,8,4,26,19,2016,11,16,5,3,0,6,0,0,0,1,0,0,0,0,5.82879E+20,5.31979E+21,1.01116E+16,4.8026E+16
40513,40514,8,1,16,79,2016,11,17,5,3,5,3,2,0,0,1,0,0,0,0,5.348E+20,5.3775E+21,9.47155E+15,4.85496E+16
40514,40515,8,2,16,43,2016,11,16,4,3,2,2,1,0,0,1,0,0,0,0,4.44402E+20,5.41257E+21,8.24194E+15,4.88636E+16
40515,40516,8,4,36,9,2016,10,17,7,3,4,1,0,0,0,1,0,1,0,0,5.59654E+20,5.30779E+21,9.79848E+15,4.79207E+16
40516,40517,8,2,16,49,2016,10,1,7,3,8,1,2,0,0,1,0,0,0,0,4.39681E+20,5.40331E+21,8.17893E+15,4.87798E+16
40517,40518,8,1,36,88,2016,11,18,4,3,3,7,2,1,0,1,0,1,0,0,5.80124E+20,5.40929E+21,1.00918E+16,4.88314E+16
40518,40519,8,1,17,26,2016,11,7,4,3,2,6,0,1,0,1,0,0,0,0,5.47622E+20,5.39581E+21,9.64739E+15,4.87135E+16
40519,40520,8,1,28,139,2016,11,20,3,3,2,6,2,0,0,1,0,0,0,0,5.4454E+20,5.4898E+21,9.61587E+15,4.95591E+16
40520,40521,8,4,37,114,2016,10,14,2,2,9,7,0,0,0,1,0,0,0,0,5.14015E+20,5.33659E+21,9.18854E+15,4.81824E+16
40521,40522,8,3,25,57,2016,10,14,2,2,6,4,0,0,0,1,1,0,0,0,4.7289E+20,5.35667E+21,8.634E+15,4.83626E+16
40522,40523,8,2,22,0,2016,10,11,2,2,3,6,0,0,0,1,0,0,0,1,4.68187E+20,5.48344E+21,8.56062E+15,4.95028E+16
40523,40524,8,3,11,0,2016,10,15,7,3,3,1,0,0,1,1,0,0,0,0,4.14272E+20,5.31587E+21,7.85097E+15,4.79904E+16
40524,40525,8,1,18,48,2016,10,13,2,3,2,6,0,0,0,0,0,0,1,0,5.11598E+20,5.41525E+21,9.15822E+15,4.88901E+16
40525,40526,8,1,15,24,2016,10,19,2,3,8,7,2,0,0,1,0,0,0,0,5.01018E+20,5.38651E+21,9.01382E+15,4.86316E+16
40526,40527,8,2,15,66,2016,10,12,1,3,0,7,0,0,0,0,0,1,0,0,4.6115E+20,5.45333E+21,8.46636E+15,4.92315E+16
40527,40528,8,2,12,0,2016,11,16,5,3,2,6,0,0,0,1,0,0,0,0,4.5581E+20,5.43099E+21,8.39547E+15,4.90302E+16
40528,40529,8,4,35,59,2016,11,7,4,3,3,6,0,0,0,1,0,0,0,0,5.11597E+20,5.29177E+21,9.15481E+15,4.77792E+16
40529,40530,8,1,15,45,2016,10,19,1,3,2,6,2,0,0,1,0,0,0,0,5.03938E+20,5.39529E+21,9.05353E+15,4.87106E+16
40530,40531,8,1,17,15,2016,10,5,7,3,9,1,2,0,0,1,0,0,0,0,5.59411E+20,5.39294E+21,9.80721E+15,4.86866E+16
40531,40532,8,3,11,0,2016,10,16,7,3,2,6,0,0,0,1,0,0,0,0,4.09372E+20,5.3197E+21,7.7845E+15,4.80241E+16
40532,40533,8,1,18,51,2016,10,14,7,3,1,6,0,0,0,1,0,0,0,0,5.10927E+20,5.4154E+21,9.14907E+15,4.88914E+16
40533,40534,8,1,21,0,2016,11,19,4,3,4,2,2,0,0,1,0,0,0,0,5.09669E+20,5.44745E+21,9.13267E+15,4.91798E+16
40534,40535,8,1,11,0,2016,11,17,4,3,2,6,2,0,0,1,0,0,0,0,5.16066E+20,5.40428E+21,9.21874E+15,4.87913E+16
40535,40536,8,1,18,51,2016,10,14,7,3,2,6,0,0,0,1,0,0,0,0,5.10914E+20,5.4154E+21,9.14889E+15,4.88915E+16
40536,40537,8,1,26,94,2016,11,12,4,3,0,1,0,1,0,0,0,1,0,0,5.38608E+20,5.45617E+21,9.53058E+15,4.92571E+16
40537,40538,8,1,11,0,2016,11,12,4,3,1,7,0,0,0,1,0,0,0,0,5.15712E+20,5.40538E+21,9.21397E+15,4.88013E+16
40538,40539,8,1,18,48,2016,11,10,3,3,2,6,0,0,0,1,0,0,0,0,5.10563E+20,5.41481E+21,9.14408E+15,4.88862E+16
40539,40540,8,4,16,25,2016,10,17,2,1,2,6,0,0,0,1,0,0,0,0,5.0169E+20,5.36135E+21,9.02284E+15,4.84053E+16
40540,40541,8,1,18,68,2016,11,22,6,3,0,1,2,0,0,1,0,0,0,0,4.99681E+20,5.42272E+21,8.99564E+15,4.89574E+16
40541,40542,8,3,17,152,2016,10,3,2,3,2,7,2,0,0,1,0,0,1,0,4.09284E+20,5.34739E+21,7.77741E+15,4.82732E+16
40542,40543,8,2,21,0,2016,11,19,5,3,4,6,2,0,1,1,0,0,0,0,4.79001E+20,5.47367E+21,8.71048E+15,4.94154E+16
40543,40544,8,2,37,40,2016,10,11,2,3,3,2,0,0,0,1,0,1,0,0,4.7419E+20,5.37296E+21,8.65055E+15,4.85092E+16
40544,40545,8,2,26,76,2016,10,17,7,2,3,6,0,0,0,1,0,0,0,1,4.73191E+20,5.46551E+21,8.63094E+15,4.93417E+16
40545,40546,8,1,28,7,2016,10,13,2,3,2,6,0,0,0,1,0,1,0,0,5.55957E+20,5.48064E+21,9.77242E+15,4.94758E+16
40546,40547,8,4,25,31,2016,10,17,1,3,0,7,1,1,0,1,0,1,0,0,5.71244E+20,5.36731E+21,9.96358E+15,4.84549E+16
40547,40548,8,2,25,32,2016,11,14,5,3,6,1,0,0,0,1,1,0,0,0,5.34355E+20,5.49505E+21,9.4755E+15,4.9607E+16
40548,40549,8,3,25,57,2016,11,19,4,3,7,1,2,0,0,1,0,0,0,0,4.76884E+20,5.3569E+21,8.68791E+15,4.83649E+16
40549,40550,8,1,27,14,2016,10,14,1,2,6,1,0,0,1,0,1,0,0,0,5.75693E+20,5.44374E+21,1.00378E+16,4.91418E+16
40550,40551,8,1,17,16,2016,10,9,7,3,2,6,0,1,0,1,0,0,0,0,5.48997E+20,5.37867E+21,9.66404E+15,4.85593E+16
40551,40552,8,3,37,53,2016,10,15,7,2,4,6,0,0,0,1,0,0,0,0,4.52059E+20,5.26877E+21,8.3626E+15,4.75706E+16
40552,40553,8,4,37,53,2016,11,16,3,2,8,1,0,0,0,0,0,1,0,0,5.30299E+20,5.32171E+21,9.40655E+15,4.8048E+16
40553,40554,8,1,15,3,2016,11,19,6,3,2,6,2,1,0,1,0,0,0,0,4.98481E+20,5.3928E+21,8.97937E+15,4.86883E+16
40554,40555,8,1,28,58,2016,11,6,5,3,5,3,2,1,0,1,0,0,0,0,5.59066E+20,5.48295E+21,9.81568E+15,4.94963E+16
40555,40556,8,2,16,15,2016,10,21,2,3,2,6,2,0,0,1,0,0,1,0,4.5024E+20,5.4048E+21,8.32246E+15,4.87942E+16
40556,40557,8,1,17,1,2016,10,14,2,3,8,1,0,0,0,1,0,0,0,0,5.45034E+20,5.39963E+21,9.61262E+15,4.87481E+16
40557,40558,8,2,26,56,2016,11,15,4,3,2,6,0,1,0,1,0,0,0,0,4.85176E+20,5.47165E+21,8.79569E+15,4.93974E+16
40558,40559,8,1,17,19,2016,11,22,6,3,5,3,2,0,0,1,0,0,0,0,5.51945E+20,5.3937E+21,9.70588E+15,4.86942E+16
40559,40560,8,2,26,32,2016,10,10,2,2,9,1,0,0,0,0,0,1,0,0,4.63758E+20,5.46446E+21,8.50118E+15,4.93318E+16
40560,40561,8,1,11,0,2016,11,17,5,3,2,6,1,0,0,1,0,0,0,0,5.11144E+20,5.39504E+21,9.15148E+15,4.87083E+16
40561,40562,8,2,26,85,2016,10,18,2,3,2,2,2,0,0,1,0,0,0,0,4.90643E+20,5.4555E+21,8.87142E+15,4.92522E+16
40562,40563,8,2,26,85,2016,10,15,7,2,2,6,0,0,0,1,0,0,0,0,4.869E+20,5.45622E+21,8.81997E+15,4.92586E+16
40563,40564,8,1,19,44,2016,10,14,2,2,3,2,0,0,0,1,0,1,0,0,5.47779E+20,5.42504E+21,9.65292E+15,4.89764E+16
40564,40565,8,3,35,77,2016,10,13,1,2,5,2,0,0,0,1,0,1,0,0,4.93726E+20,5.29251E+21,8.91624E+15,4.77859E+16
40565,40566,8,2,12,0,2016,11,16,4,3,2,6,0,0,0,1,0,0,0,0,4.59776E+20,5.42788E+21,8.45003E+15,4.90025E+16
40566,40567,8,1,19,37,2016,10,13,1,3,3,2,0,0,0,1,0,1,0,0,5.44578E+20,5.41858E+21,9.60848E+15,4.89185E+16
40567,40568,8,3,16,12,2016,10,14,1,3,0,1,0,0,0,0,0,1,0,0,4.04744E+20,5.3353E+21,7.71896E+15,4.81638E+16
40568,40569,8,4,36,55,2016,11,17,5,3,8,1,2,1,0,1,0,0,0,0,5.68849E+20,5.30092E+21,9.92044E+15,4.78579E+16
40569,40570,8,1,21,0,2016,11,6,5,3,1,6,2,0,0,1,0,0,0,0,5.11988E+20,5.44304E+21,9.16437E+15,4.91401E+16
40570,40571,8,2,21,0,2016,11,10,4,3,2,6,0,0,0,1,0,0,0,1,4.7698E+20,5.47547E+21,8.68252E+15,4.94315E+16
40571,40572,8,1,18,19,2016,10,0,7,2,3,1,2,0,0,1,0,0,0,0,5.04386E+20,5.40662E+21,9.05974E+15,4.88126E+16
40572,40573,8,1,18,79,2016,11,9,4,2,8,7,0,1,0,0,0,1,0,0,5.104E+20,5.42399E+21,9.1421E+15,4.89688E+16
40573,40574,8,2,31,0,2016,11,16,3,3,2,6,0,0,0,1,0,0,0,0,4.77016E+20,5.41598E+21,8.68641E+15,4.88963E+16
40574,40575,8,4,35,52,2016,10,17,2,3,5,3,1,0,0,1,0,0,0,0,5.24332E+20,5.29211E+21,9.32482E+15,4.77819E+16
40575,40576,8,1,18,79,2016,10,18,1,3,8,7,2,0,0,1,0,1,0,0,5.06224E+20,5.42149E+21,9.085E+15,4.89463E+16
40576,40577,8,2,37,28,2016,11,17,3,3,4,2,2,0,0,1,0,1,0,0,4.5648E+20,5.36802E+21,8.4113E+15,4.84638E+16
40577,40578,8,1,11,0,2016,11,17,3,3,2,6,2,0,0,1,0,0,0,0,5.10219E+20,5.39722E+21,9.13896E+15,4.87279E+16
40578,40579,8,3,17,5,2016,10,23,1,3,1,6,2,0,0,1,0,0,1,0,4.24414E+20,5.38208E+21,7.97502E+15,4.85873E+16
40579,40580,8,4,26,21,2016,11,19,5,2,9,1,2,0,0,1,0,0,1,0,5.6075E+20,5.32547E+21,9.81564E+15,4.80796E+16
40580,40581,8,1,16,77,2016,11,18,5,3,6,4,2,0,0,1,1,0,0,0,5.15919E+20,5.39167E+21,9.21626E+15,4.86779E+16
40581,40582,8,4,26,71,2016,10,3,7,3,9,1,2,1,0,1,0,0,0,0,5.63608E+20,5.33372E+21,9.85524E+15,4.81535E+16
40582,40583,8,1,36,82,2016,10,7,7,3,4,2,0,1,0,1,0,0,0,0,5.85334E+20,5.41536E+21,1.0164E+16,4.88853E+16
40583,40584,8,4,25,85,2016,11,14,4,3,2,6,0,0,0,1,0,0,0,0,5.80423E+20,5.37617E+21,1.00894E+16,4.85335E+16
40584,40585,8,1,16,63,2016,11,8,4,3,8,1,0,1,0,1,0,0,0,0,5.13661E+20,5.38286E+21,9.18528E+15,4.85987E+16
40585,40586,8,1,21,0,2016,11,19,3,3,5,3,2,0,0,1,0,0,0,0,5.1577E+20,5.44441E+21,9.21627E+15,4.91523E+16
40586,40587,8,4,21,0,2016,10,19,2,2,6,4,2,0,0,1,1,0,0,0,5.74648E+20,5.36223E+21,1.00087E+16,4.84088E+16
40587,40588,8,1,26,47,2016,11,19,6,3,4,3,2,0,0,1,0,0,0,0,5.49968E+20,5.45016E+21,9.68595E+15,4.92022E+16
40588,40589,8,3,17,40,2016,10,13,2,3,2,6,0,0,0,1,0,0,0,0,4.32525E+20,5.34774E+21,8.09053E+15,4.82793E+16
40589,40590,8,2,12,0,2016,10,11,2,3,5,3,0,0,0,1,0,0,1,0,4.54604E+20,5.42677E+21,8.37944E+15,4.89922E+16
40590,40591,8,2,36,46,2016,10,12,7,3,2,6,0,0,0,1,0,0,0,0,4.84191E+20,5.41594E+21,8.78431E+15,4.88962E+16
40591,40592,8,1,36,88,2016,10,12,2,3,2,6,0,0,0,1,0,0,0,0,5.79891E+20,5.41019E+21,1.00888E+16,4.88395E+16
40592,40593,8,4,36,11,2016,10,17,1,3,2,6,2,0,0,1,0,0,0,0,5.47831E+20,5.29978E+21,9.63934E+15,4.78496E+16
40593,40594,8,2,15,108,2016,10,3,1,3,9,1,2,0,0,1,0,0,0,0,4.50771E+20,5.42565E+21,8.32718E+15,4.89818E+16
40594,40595,8,2,35,60,2016,11,12,5,3,8,1,0,0,0,1,0,0,0,0,4.7647E+20,5.37934E+21,8.68106E+15,4.85667E+16
40595,40596,8,3,35,75,2016,10,6,2,3,2,2,1,0,0,1,0,0,0,0,4.89236E+20,5.29479E+21,8.85624E+15,4.78064E+16
40596,40597,8,1,16,76,2016,10,18,2,3,4,6,2,0,0,1,0,0,0,0,5.2811E+20,5.40035E+21,9.38245E+15,4.87556E+16
40597,40598,8,2,22,0,2016,10,11,1,3,5,3,0,0,1,1,0,0,0,0,4.68649E+20,5.47588E+21,8.56759E+15,4.94348E+16
40598,40599,8,3,35,75,2016,11,19,5,3,4,6,2,0,0,1,0,0,0,0,4.87631E+20,5.2897E+21,8.83495E+15,4.77606E+16
40599,40600,8,1,11,0,2016,11,17,5,3,1,5,2,0,1,1,0,0,0,0,5.128E+20,5.40274E+21,9.17423E+15,4.87775E+16
40600,40601,8,4,15,59,2016,10,15,7,3,0,1,0,0,1,0,0,0,0,0,5.16539E+20,5.37005E+21,9.22381E+15,4.84833E+16
40601,40602,8,1,36,2,2016,10,17,7,2,8,1,0,0,0,0,0,1,0,0,5.71833E+20,5.4171E+21,9.98019E+15,4.89027E+16
40602,40603,8,1,25,65,2016,11,8,4,3,3,6,0,1,0,1,0,1,0,0,5.17121E+20,5.44756E+21,9.23493E+15,4.91806E+16
40603,40604,8,1,11,0,2016,11,12,4,3,2,6,0,1,0,1,0,0,0,0,5.14896E+20,5.39966E+21,9.20264E+15,4.87497E+16
40604,40605,8,4,15,50,2016,10,14,2,3,2,6,0,0,0,1,0,1,0,0,5.20419E+20,5.37526E+21,9.27657E+15,4.85301E+16
40605,40606,8,1,18,48,2016,11,14,6,3,4,3,0,0,0,1,0,0,0,0,5.1398E+20,5.4148E+21,9.1907E+15,4.8886E+16
40606,40607,8,3,16,11,2016,10,7,2,3,5,3,1,0,1,1,0,0,0,0,4.12745E+20,5.33128E+21,7.82736E+15,4.81288E+16
40607,40608,8,2,21,0,2016,11,19,5,3,2,6,2,0,0,1,0,0,0,0,4.76568E+20,5.47194E+21,8.67704E+15,4.93997E+16
40608,40609,8,2,35,85,2016,10,17,2,3,0,7,2,0,0,0,0,1,0,0,4.83319E+20,5.39582E+21,8.77323E+15,4.87152E+16
40609,40610,8,2,26,105,2016,10,14,7,3,2,6,0,0,0,1,0,0,0,0,4.69883E+20,5.47696E+21,8.58453E+15,4.94446E+16
40610,40611,8,1,27,52,2016,10,11,2,3,5,3,0,0,0,1,0,1,0,0,5.39923E+20,5.4359E+21,9.54665E+15,4.90746E+16
40611,40612,8,4,15,92,2016,10,18,1,2,4,6,2,0,0,1,0,0,0,0,5.1986E+20,5.36492E+21,9.26852E+15,4.84371E+16
40612,40613,8,3,17,65,2016,11,11,4,3,5,3,0,0,1,1,0,0,0,0,4.14164E+20,5.35515E+21,7.8416E+15,4.83437E+16
40613,40614,8,2,25,116,2016,10,12,1,2,4,2,0,0,0,1,0,1,0,0,4.98669E+20,5.46818E+21,8.98167E+15,4.93663E+16
40614,40615,8,1,16,33,2016,10,11,7,3,0,7,0,1,0,0,0,1,0,1,5.32662E+20,5.38959E+21,9.44352E+15,4.86585E+16
40615,40616,8,4,16,9,2016,11,6,3,2,4,6,1,0,0,1,0,0,0,0,5.08487E+20,5.38457E+21,9.11514E+15,4.86142E+16
40616,40617,8,4,37,100,2016,11,17,4,2,4,6,2,0,0,1,0,0,0,0,5.36025E+20,5.31246E+21,9.48261E+15,4.79645E+16
40617,40618,8,1,18,53,2016,10,5,1,2,6,6,2,1,0,1,1,0,0,0,5.15287E+20,5.42823E+21,9.20903E+15,4.90068E+16
40618,40619,8,1,16,33,2016,10,15,7,3,0,7,0,0,0,0,0,1,0,0,5.35978E+20,5.38428E+21,9.4881E+15,4.86105E+16