FID,OBJECTID,ULAND,UREGBEZ,UKREIS,UGEMEINDE,UJAHR,UMONAT,USTUNDE,UWOCHENTAG,UKATEGORIE,UART,UTYP1,ULICHTVERH,IstStrasse,IstRad,IstPKW,IstFuss,IstKrad,IstGkfz,IstSonstig,LINREFX,LINREFY,XGCSWGS84,YGCSWGS84
40798,40799,8,2,12,0,2016,11,13,2,3,5,3,0,0,0,1,0,0,0,0,4.59877E+20,5.43232E+21,8.45097E+15,4.90424E+16
40799,40800,8,3,37,126,2016,11,9,2,3,5,3,0,1,0,1,0,0,0,0,4.4418E+20,5.27463E+21,8.25709E+15,4.76227E+16
40800,40801,8,3,11,0,2016,11,15,2,3,1,6,0,0,0,1,0,0,0,0,4.13292E+20,5.31597E+21,7.83782E+15,4.79912E+16
40801,40802,8,4,16,36,2016,11,15,5,3,2,6,0,1,0,1,0,0,0,0,4.88646E+20,5.37209E+21,8.84629E+15,4.85019E+16
40802,40803,8,2,26,95,2016,11,19,2,3,5,3,2,0,0,0,0,1,0,1,4.73289E+20,5.46082E+21,8.6326E+15,4.92995E+16
40803,40804,8,2,15,103,2016,11,16,1,3,9,1,0,1,0,1,0,0,0,0,4.6803E+20,5.44421E+21,8.56159E+15,4.91498E+16
40804,40805,8,4,21,0,2016,11,14,7,3,2,6,0,1,0,1,0,0,0,0,5.69625E+20,5.35747E+21,9.94005E+15,4.83666E+16
40805,40806,8,1,18,48,2016,11,14,6,3,1,6,0,0,0,1,0,0,0,0,5.14241E+20,5.4156E+21,9.19428E+15,4.88932E+16
40806,40807,8,3,26,74,2016,11,16,4,3,2,6,1,1,0,1,0,0,0,0,4.60663E+20,5.31964E+21,8.47236E+15,4.80288E+16
40807,40808,8,1,18,78,2016,11,18,4,3,5,3,2,1,0,1,0,0,0,0,5.14228E+20,5.41938E+21,9.19424E+15,4.89272E+16
40808,40809,8,1,16,19,2016,11,13,6,2,6,4,0,1,0,1,1,0,0,0,5.24749E+20,5.39774E+21,9.33657E+15,4.87322E+16
40809,40810,8,1,36,50,2016,11,15,7,3,4,7,0,1,1,1,0,0,0,0,5.81127E+20,5.40387E+21,1.01044E+16,4.87825E+16
40810,40811,8,2,22,0,2016,11,8,3,3,3,6,0,1,0,1,0,0,1,0,4.61674E+20,5.48109E+21,8.47089E+15,4.94813E+16
40811,40812,8,3,35,66,2016,11,17,6,3,2,6,2,0,0,1,0,0,0,0,5.07938E+20,5.28346E+21,9.1058E+15,4.77045E+16
40812,40813,8,1,18,48,2016,11,16,3,3,5,2,0,1,1,1,0,0,0,0,5.1557E+20,5.41438E+21,9.21237E+15,4.88821E+16
40813,40814,8,2,36,50,2016,11,19,2,3,2,6,2,0,0,1,0,1,0,0,4.85234E+20,5.4232E+21,8.79828E+15,4.89616E+16
40814,40815,8,3,17,1,2016,11,15,5,3,8,1,0,1,1,0,0,0,0,0,4.32268E+20,5.38677E+21,8.08075E+15,4.86303E+16
40815,40816,8,2,31,0,2016,11,14,5,3,2,6,0,1,0,1,0,0,0,0,4.77091E+20,5.41593E+21,8.68745E+15,4.88959E+16
40816,40817,8,1,19,44,2016,11,6,5,3,2,6,2,1,1,1,0,0,0,0,5.47699E+20,5.42352E+21,9.65166E+15,4.89627E+16
40817,40818,8,4,25,72,2016,11,7,2,2,3,7,0,1,0,1,0,1,0,0,5.77358E+20,5.3696E+21,1.00467E+16,4.84748E+16
40818,40819,8,2,31,0,2016,11,17,4,3,1,6,2,1,0,1,0,0,0,0,4.81469E+20,5.41707E+21,8.74712E+15,4.89063E+16
40819,40820,8,1,17,2,2016,11,12,2,2,1,6,0,0,0,0,0,0,1,0,5.45037E+20,5.38475E+21,9.61104E+15,4.86142E+16
40820,40821,8,1,16,33,2016,11,16,7,3,8,1,1,1,0,1,0,0,0,0,5.38037E+20,5.38627E+21,9.51622E+15,4.86283E+16
40821,40822,8,3,26,55,2016,11,19,1,3,8,1,2,1,0,1,0,0,0,0,4.37445E+20,5.33139E+21,8.15925E+15,4.81327E+16
40822,40823,8,3,17,96,2016,11,14,1,2,2,6,0,1,0,1,0,0,0,1,4.19847E+20,5.3742E+21,7.91463E+15,4.85158E+16
40823,40824,8,1,11,0,2016,11,14,4,3,3,6,0,0,0,1,0,0,1,0,5.13688E+20,5.40307E+21,9.18633E+15,4.87805E+16
40824,40825,8,2,37,40,2016,11,9,7,3,3,2,0,1,0,1,0,0,1,0,4.7338E+20,5.3692E+21,8.63983E+15,4.84754E+16
40825,40826,8,4,26,113,2016,11,3,5,3,8,1,2,1,0,1,0,0,0,0,5.6902E+20,5.31968E+21,9.92574E+15,4.80267E+16
40826,40827,8,2,15,9,2016,11,14,6,3,2,6,0,0,0,1,0,0,0,0,4.65643E+20,5.43938E+21,8.52927E+15,4.91063E+16
40827,40828,8,2,26,37,2016,11,7,4,3,2,6,0,0,0,1,0,0,0,0,4.66974E+20,5.46866E+21,8.54509E+15,4.93697E+16
40828,40829,8,1,19,20,2016,11,18,2,3,4,2,2,0,0,1,0,0,0,0,5.19822E+20,5.4091E+21,9.27012E+15,4.88346E+16
40829,40830,8,1,17,51,2016,11,17,7,2,6,4,2,1,0,1,1,0,0,0,5.42969E+20,5.39503E+21,9.58405E+15,4.87068E+16
40830,40831,8,3,11,0,2016,11,9,1,2,3,3,0,0,0,1,0,0,0,0,4.09615E+20,5.31986E+21,7.78772E+15,4.80256E+16
40831,40832,8,2,25,114,2016,11,20,1,3,5,3,2,1,0,1,0,0,0,0,5.36932E+20,5.47226E+21,9.50904E+15,4.94019E+16
40832,40833,8,1,18,79,2016,11,18,6,3,2,6,2,1,0,1,0,0,0,0,5.09132E+20,5.42259E+21,9.12475E+15,4.89562E+16
40833,40834,8,3,36,84,2016,11,11,4,3,3,2,0,0,0,1,0,0,0,0,4.0481E+20,5.27671E+21,7.73278E+15,4.76368E+16
40834,40835,8,1,16,22,2016,11,18,4,3,5,3,2,1,0,1,0,0,0,0,5.20785E+20,5.38132E+21,9.28183E+15,4.85846E+16
40835,40836,8,3,16,51,2016,11,4,7,2,8,1,2,1,0,1,0,0,0,0,4.00619E+20,5.33524E+21,7.66352E+15,4.81626E+16
40836,40837,8,1,11,0,2016,11,13,6,3,9,1,0,1,0,1,0,0,0,0,5.16823E+20,5.40623E+21,9.22913E+15,4.88088E+16
40837,40838,8,2,15,7,2016,11,4,6,3,4,6,2,0,0,1,0,0,1,0,4.76059E+20,5.43225E+21,8.67241E+15,4.90427E+16
40838,40839,8,1,27,63,2016,11,10,7,3,3,2,0,1,0,1,0,0,0,0,5.63879E+20,5.43094E+21,9.87385E+15,4.90281E+16
40839,40840,8,2,15,46,2016,11,17,3,3,4,2,2,1,0,1,0,0,0,0,4.49217E+20,5.41663E+21,8.30708E+15,4.89005E+16
40840,40841,8,1,17,26,2016,11,6,3,3,6,4,2,0,0,1,1,0,0,0,5.4621E+20,5.39285E+21,9.62786E+15,4.8687E+16
40841,40842,8,2,15,17,2016,11,15,5,3,5,3,0,0,1,1,0,0,0,0,4.58239E+20,5.42044E+21,8.42979E+15,4.89355E+16
40842,40843,8,2,12,0,2016,11,11,5,3,3,2,0,1,1,1,0,0,0,0,4.55198E+20,5.42868E+21,8.38736E+15,4.90094E+16
40843,40844,8,1,16,58,2016,11,7,5,3,8,1,0,1,0,1,0,0,0,0,5.33544E+20,5.39617E+21,9.45604E+15,4.87176E+16
40844,40845,8,2,16,41,2016,11,16,4,3,5,3,1,1,0,1,0,0,0,0,4.31367E+20,5.39438E+21,8.06726E+15,4.86987E+16
40845,40846,8,1,11,0,2016,11,8,2,3,2,6,0,1,0,1,0,0,0,0,5.09165E+20,5.39741E+21,9.12464E+15,4.87296E+16
40846,40847,8,1,16,54,2016,11,7,7,3,4,6,1,1,0,1,0,0,0,0,5.33246E+20,5.38165E+21,9.45082E+15,4.85871E+16
40847,40848,8,3,17,96,2016,11,15,1,3,2,6,0,1,0,1,0,0,0,0,4.19601E+20,5.37375E+21,7.91138E+15,4.85118E+16
40848,40849,8,4,25,11,2016,11,18,1,1,4,6,2,1,0,1,0,0,0,0,5.89158E+20,5.3764E+21,1.02078E+16,4.85344E+16
40849,40850,8,4,21,0,2016,11,17,3,3,3,6,2,0,0,1,0,0,1,0,5.72329E+20,5.36103E+21,9.97717E+15,4.83983E+16
40850,40851,8,1,19,85,2016,11,16,7,3,5,3,1,1,0,1,0,0,0,0,5.28285E+20,5.41326E+21,9.38573E+15,4.88717E+16
40851,40852,8,2,36,4,2016,11,22,7,3,1,5,2,1,0,1,0,0,0,0,4.73845E+20,5.4147E+21,8.64324E+15,4.88847E+16
40852,40853,8,1,11,0,2016,11,7,3,3,5,3,0,0,1,1,0,0,0,0,5.15937E+20,5.40372E+21,9.21696E+15,4.87863E+16
40853,40854,8,1,26,66,2016,11,22,5,2,9,6,1,1,0,1,0,0,0,0,5.34594E+20,5.45033E+21,9.47491E+15,4.92048E+16
40854,40855,8,1,26,85,2016,11,14,1,3,8,6,0,0,0,1,0,0,0,0,5.47046E+20,5.4487E+21,9.64567E+15,4.91893E+16
40855,40856,8,1,11,0,2016,11,18,5,3,2,6,2,0,0,1,0,0,0,0,5.13893E+20,5.40354E+21,9.18914E+15,4.87847E+16
40856,40857,8,1,36,46,2016,11,13,4,3,1,6,0,0,0,1,0,0,0,0,5.78285E+20,5.42E+21,1.00688E+16,4.8928E+16
40857,40858,8,4,16,41,2016,11,6,3,3,5,3,2,0,1,1,0,0,0,0,5.0548E+20,5.37332E+21,9.07419E+15,4.8513E+16
40858,40859,8,3,26,12,2016,11,14,6,3,3,2,0,0,1,1,0,0,0,0,4.5504E+20,5.31243E+21,8.3977E+15,4.79636E+16
40859,40860,8,4,36,10,2016,11,5,2,3,2,6,2,2,0,1,0,0,0,0,5.67096E+20,5.30557E+21,9.89774E+15,4.79E+16
40860,40861,8,3,15,6,2016,11,17,2,3,5,3,2,0,0,1,0,0,0,0,4.03899E+20,5.30652E+21,7.71406E+15,4.79048E+16
40861,40862,8,2,15,89,2016,11,9,2,2,8,7,0,1,0,1,0,0,0,0,4.73443E+20,5.42646E+21,8.63699E+15,4.89905E+16
40862,40863,8,4,37,104,2016,11,12,7,3,8,1,0,1,0,1,0,0,0,0,5.15199E+20,5.33211E+21,9.20431E+15,4.8142E+16
40863,40864,8,3,37,126,2016,11,17,4,3,1,6,2,1,0,1,0,0,0,0,4.4496E+20,5.27549E+21,8.26738E+15,4.76305E+16
40864,40865,8,1,19,8,2016,11,17,4,2,2,6,2,1,0,1,0,0,0,1,5.32882E+20,5.41971E+21,9.44893E+15,4.89294E+16
40865,40866,8,1,17,30,2016,11,20,6,2,4,6,2,1,0,1,0,0,0,0,5.47965E+20,5.3908E+21,9.65146E+15,4.86684E+16
40866,40867,8,1,18,63,2016,11,17,7,3,2,6,2,1,0,1,0,0,0,0,5.16715E+20,5.4243E+21,9.22839E+15,4.89714E+16
40867,40868,8,1,16,56,2016,11,18,1,3,2,6,2,1,0,1,0,0,0,0,5.29895E+20,5.39557E+21,9.40639E+15,4.87124E+16
40868,40869,8,4,26,21,2016,11,21,4,3,4,2,2,1,0,1,0,0,0,0,5.59909E+20,5.32675E+21,9.80455E+15,4.80912E+16
40869,40870,8,1,28,131,2016,11,18,4,1,5,3,2,1,0,1,0,0,0,0,5.36002E+20,5.51107E+21,9.49978E+15,4.97511E+16
40870,40871,8,4,35,16,2016,11,7,3,2,6,4,1,1,0,0,1,0,0,1,5.34626E+20,5.27886E+21,9.46119E+15,4.76622E+16
40871,40872,8,2,15,7,2016,11,12,7,3,2,2,0,1,0,1,0,0,0,0,4.77282E+20,5.43179E+21,8.68916E+15,4.90386E+16
40872,40873,8,3,17,96,2016,11,11,3,2,5,3,0,1,0,1,0,0,1,0,4.22888E+20,5.37243E+21,7.95613E+15,4.85003E+16
40873,40874,8,3,25,49,2016,11,18,6,3,1,6,2,0,0,1,0,0,0,0,4.73166E+20,5.33234E+21,8.63926E+15,4.81437E+16
40874,40875,8,1,25,69,2016,11,22,3,2,9,1,2,0,0,1,0,0,0,0,5.25223E+20,5.45446E+21,9.34653E+15,4.92424E+16
40875,40876,8,3,36,69,2016,11,7,2,3,2,6,0,1,0,1,0,0,0,0,4.06929E+20,5.26907E+21,7.7626E+15,4.75683E+16
40876,40877,8,2,26,103,2016,11,9,2,2,2,6,0,0,0,1,0,0,1,1,4.71343E+20,5.45665E+21,8.60613E+15,4.92619E+16
40877,40878,8,4,15,61,2016,11,11,5,3,2,6,0,1,0,1,0,0,1,0,5.15477E+20,5.37129E+21,9.20949E+15,4.84946E+16
40878,40879,8,2,16,15,2016,11,16,2,3,3,7,0,1,0,1,0,0,0,1,4.4892E+20,5.4062E+21,8.30433E+15,4.88067E+16
40879,40880,8,1,25,46,2016,11,14,2,3,4,6,0,0,0,1,0,0,0,1,5.17771E+20,5.43212E+21,9.24317E+15,4.90417E+16
40880,40881,8,1,15,21,2016,11,15,7,3,9,7,0,1,0,1,0,0,0,0,4.87562E+20,5.38252E+21,8.83131E+15,4.85957E+16
40881,40882,8,4,16,26,2016,11,16,1,3,5,3,1,1,0,1,0,0,0,0,5.04249E+20,5.36501E+21,9.05744E+15,4.84382E+16
40882,40883,8,3,17,96,2016,11,14,1,3,8,1,0,1,0,1,0,0,0,0,4.19829E+20,5.37421E+21,7.91438E+15,4.85159E+16
40883,40884,8,4,25,33,2016,11,10,7,2,9,1,0,1,0,1,0,0,0,0,5.49942E+20,5.34617E+21,9.67298E+15,4.82668E+16
40884,40885,8,1,18,79,2016,11,5,6,3,0,7,2,1,0,1,0,0,0,0,5.10031E+20,5.42186E+21,9.13701E+15,4.89496E+16
40885,40886,8,3,25,12,2016,11,13,4,3,6,6,0,0,0,1,1,0,0,0,4.62664E+20,5.35586E+21,8.49602E+15,4.83548E+16
40886,40887,8,1,17,38,2016,11,10,4,1,4,1,0,0,0,1,0,0,0,1,5.4738E+20,5.39775E+21,9.64431E+15,4.8731E+16
40887,40888,8,3,36,14,2016,11,21,7,3,9,1,2,1,0,1,0,0,0,0,3.89132E+20,5.28203E+21,7.52278E+15,4.76821E+16
40888,40889,8,1,15,42,2016,11,17,6,3,2,6,1,1,0,1,0,0,0,0,4.96765E+20,5.40662E+21,8.95593E+15,4.88126E+16
40889,40890,8,2,15,90,2016,11,19,6,3,5,3,2,0,0,1,0,0,0,0,4.65416E+20,5.43264E+21,8.52674E+15,4.90457E+16
40890,40891,8,1,28,139,2016,11,16,7,3,8,1,0,1,0,1,0,0,0,0,5.52311E+20,5.48972E+21,9.7233E+15,4.95578E+16
40891,40892,8,2,22,0,2016,11,11,3,2,2,6,0,1,0,1,0,1,0,0,4.63236E+20,5.48207E+21,8.49236E+15,4.94902E+16
40892,40893,8,2,37,54,2016,11,20,6,2,4,1,2,0,0,1,0,0,0,0,4.69603E+20,5.37365E+21,8.5884E+15,4.85152E+16
40893,40894,8,1,18,11,2016,11,17,3,3,1,6,2,1,0,1,0,0,0,1,5.06147E+20,5.40768E+21,9.08375E+15,4.88221E+16
40894,40895,8,3,15,102,2016,11,8,5,3,4,1,0,1,0,1,0,0,0,0,4.35525E+20,5.29787E+21,8.13848E+15,4.78309E+16
40895,40896,8,2,22,0,2016,11,9,5,3,1,6,0,0,0,1,0,0,0,0,4.68923E+20,5.47767E+21,8.57123E+15,4.94509E+16
40896,40897,8,2,31,0,2016,11,16,3,3,2,6,0,0,0,1,0,0,0,0,4.77653E+20,5.41538E+21,8.69513E+15,4.88909E+16
40897,40898,8,3,17,96,2016,11,8,6,3,2,6,0,0,0,1,0,0,1,0,4.18923E+20,5.36989E+21,7.90295E+15,4.84769E+16
40898,40899,8,1,25,63,2016,11,15,3,2,3,6,0,0,0,1,0,0,1,0,5.27952E+20,5.46109E+21,9.38449E+15,4.9302E+16
40899,40900,8,3,26,17,2016,11,8,2,3,8,1,0,2,0,1,0,0,0,0,4.39915E+20,5.31641E+21,8.19455E+15,4.79982E+16
40900,40901,8,2,37,4,2016,11,11,2,3,0,6,0,1,0,1,0,0,0,0,4.57829E+20,5.377E+21,8.42863E+15,4.85447E+16
40901,40902,8,3,35,43,2016,11,17,5,3,5,2,2,1,0,1,0,0,0,0,5.10676E+20,5.28232E+21,9.14228E+15,4.76942E+16
40902,40903,8,2,37,40,2016,11,18,5,3,5,3,2,1,0,1,0,0,0,1,4.82489E+20,5.36261E+21,8.76334E+15,4.84164E+16
40903,40904,8,1,28,139,2016,11,7,5,3,4,2,0,1,0,1,0,0,0,0,5.51196E+20,5.49242E+21,9.70825E+15,4.95822E+16
40904,40905,8,2,12,0,2016,11,11,2,3,1,6,0,0,0,1,0,0,0,0,4.54832E+20,5.42707E+21,8.38253E+15,4.89949E+16
40905,40906,8,2,12,0,2016,11,21,4,2,6,4,2,1,0,1,1,0,0,0,4.57315E+20,5.42819E+21,8.41636E+15,4.90052E+16
40906,40907,8,1,19,53,2016,11,9,2,3,3,6,0,0,1,1,0,0,0,0,5.33459E+20,5.42547E+21,9.45728E+15,4.89812E+16
40907,40908,8,1,11,0,2016,11,8,7,3,5,3,0,1,0,1,0,0,1,0,5.19345E+20,5.40113E+21,9.26324E+15,4.87629E+16
40908,40909,8,3,36,45,2016,11,14,1,2,2,6,0,1,0,1,0,0,0,0,3.989E+20,5.28395E+21,7.65244E+15,4.7701E+16
40909,40910,8,2,15,103,2016,11,21,1,3,2,6,2,0,0,1,0,0,0,0,4.68199E+20,5.44469E+21,8.56387E+15,4.91542E+16
40910,40911,8,3,11,0,2016,11,8,4,3,5,2,0,0,1,1,0,0,0,0,4.13163E+20,5.31562E+21,7.83616E+15,4.7988E+16
40911,40912,8,1,11,0,2016,11,17,4,3,2,6,2,1,0,1,0,0,0,0,5.15236E+20,5.40605E+21,9.20751E+15,4.88072E+16
40912,40913,8,2,15,9,2016,11,10,7,3,2,6,0,1,0,1,0,0,0,0,4.66443E+20,5.43883E+21,8.54028E+15,4.91014E+16
40913,40914,8,1,11,0,2016,11,17,6,3,5,2,2,1,0,1,0,0,0,0,5.12266E+20,5.39677E+21,9.16679E+15,4.87238E+16
40914,40915,8,2,16,49,2016,11,14,6,3,1,6,0,0,0,1,0,0,1,0,4.38884E+20,5.40149E+21,8.16835E+15,4.87634E+16
40915,40916,8,1,21,0,2016,11,4,7,3,5,2,2,1,0,1,0,0,0,0,5.14154E+20,5.44128E+21,9.19399E+15,4.91242E+16
40916,40917,8,1,17,19,2016,11,18,3,3,6,4,2,1,0,1,1,0,0,0,5.52771E+20,5.39343E+21,9.71707E+15,4.86917E+16
40917,40918,8,2,12,0,2016,11,8,5,3,3,6,0,1,0,1,0,1,0,0,4.57895E+20,5.42795E+21,8.42431E+15,4.9003E+16
40918,40919,8,1,16,56,2016,11,9,5,2,4,6,0,1,0,1,0,0,0,0,5.33228E+20,5.395E+21,9.45165E+15,4.87072E+16
40919,40920,8,2,15,21,2016,11,19,4,3,2,6,2,1,0,1,0,0,0,1,4.69264E+20,5.44356E+21,8.57856E+15,4.91441E+16
40920,40921,8,1,11,0,2016,11,7,2,3,0,6,0,1,0,1,0,0,0,1,5.15115E+20,5.39451E+21,9.20544E+15,4.87034E+16
40921,40922,8,3,17,96,2016,11,14,1,2,2,6,0,1,0,1,0,0,0,0,4.19429E+20,5.3734E+21,7.90912E+15,4.85085E+16
40922,40923,8,4,25,71,2016,11,14,3,3,5,3,0,1,0,1,0,0,0,0,5.53936E+20,5.3714E+21,9.73003E+15,4.84934E+16
40923,40924,8,1,18,76,2016,11,7,5,2,6,4,0,1,0,1,1,0,0,0,5.04485E+20,5.42323E+21,9.06128E+15,4.8962E+16
40924,40925,8,2,25,60,2016,11,16,2,2,5,3,0,0,0,1,0,0,0,0,5.10784E+20,5.48306E+21,9.14894E+15,4.95001E+16
40925,40926,8,2,26,85,2016,11,6,4,3,8,1,2,1,0,1,0,0,0,0,4.95426E+20,5.45284E+21,8.93718E+15,4.92283E+16
40926,40927,8,1,16,71,2016,11,16,2,2,4,6,1,0,0,1,0,0,0,0,5.27294E+20,5.39126E+21,9.37074E+15,4.86738E+16
40927,40928,8,1,11,0,2016,11,21,7,2,6,4,2,0,0,1,1,0,0,0,5.12933E+20,5.40199E+21,9.17601E+15,4.87708E+16
40928,40929,8,3,17,5,2016,11,15,1,3,1,6,0,1,0,1,0,0,0,0,4.1999E+20,5.37447E+21,7.91652E+15,4.85182E+16
40929,40930,8,1,18,11,2016,11,12,1,3,5,1,0,0,0,1,0,0,1,0,5.05613E+20,5.40754E+21,9.07647E+15,4.88208E+16
40930,40931,8,4,37,100,2016,11,11,3,3,4,6,0,0,0,1,0,0,0,1,5.3688E+20,5.32126E+21,9.49482E+15,4.80435E+16
40931,40932,8,2,36,62,2016,11,14,7,2,9,1,0,1,0,1,0,0,0,0,4.86642E+20,5.40795E+21,8.81801E+15,4.88244E+16
40932,40933,8,1,21,0,2016,11,2,5,3,3,7,2,1,0,0,0,0,1,1,5.12526E+20,5.44851E+21,9.17191E+15,4.91892E+16
40933,40934,8,1,19,8,2016,11,0,1,3,4,1,2,1,0,1,0,0,0,0,5.32143E+20,5.42156E+21,9.43899E+15,4.89461E+16
40934,40935,8,4,36,64,2016,11,16,4,3,2,6,2,1,0,1,0,0,0,1,5.44179E+20,5.28701E+21,9.58924E+15,4.7735E+16
40935,40936,8,1,36,88,2016,11,8,4,3,5,3,0,0,0,1,0,0,0,0,5.82503E+20,5.41075E+21,1.01245E+16,4.88443E+16
40936,40937,8,4,15,50,2016,11,16,3,3,2,6,0,1,0,0,0,0,0,1,5.2208E+20,5.37489E+21,9.29905E+15,4.85267E+16
40937,40938,8,2,37,4,2016,11,12,3,2,8,1,0,0,0,1,0,0,0,0,4.54689E+20,5.37384E+21,8.38643E+15,4.85161E+16
40938,40939,8,3,16,51,2016,11,10,6,3,5,3,0,0,0,1,0,0,0,0,3.98837E+20,5.33482E+21,7.63966E+15,4.81585E+16
40939,40940,8,4,17,2,2016,11,13,2,3,2,6,0,2,0,1,0,0,0,0,4.89938E+20,5.34874E+21,8.86434E+15,4.82917E+16
40940,40941,8,3,36,84,2016,11,15,2,3,0,1,0,0,0,0,0,1,0,0,4.0271E+20,5.27715E+21,7.70473E+15,4.76404E+16
40941,40942,8,4,25,71,2016,11,17,5,3,6,4,2,1,0,1,1,0,0,0,5.50673E+20,5.37093E+21,9.68582E+15,4.84895E+16
40942,40943,8,2,26,59,2016,11,14,7,3,5,3,0,0,0,1,0,0,0,0,4.65149E+20,5.46022E+21,8.5207E+15,4.92937E+16
40943,40944,8,1,11,0,2016,11,19,3,3,2,6,2,1,0,1,0,0,0,0,5.18835E+20,5.40084E+21,9.25628E+15,4.87603E+16
40944,40945,8,3,17,96,2016,11,7,2,3,2,6,0,1,0,1,0,0,1,0,4.2364E+20,5.37453E+21,7.96592E+15,4.85193E+16
40945,40946,8,1,16,56,2016,11,12,1,2,5,3,0,1,1,1,0,0,0,0,5.31469E+20,5.39476E+21,9.42772E+15,4.87051E+16
40946,40947,8,4,17,8,2016,11,18,4,3,1,6,2,1,1,1,0,0,0,0,4.93859E+20,5.35077E+21,8.91718E+15,4.83101E+16
40947,40948,8,1,27,12,2016,11,13,4,2,8,1,0,0,0,1,0,0,0,0,5.66114E+20,5.43357E+21,9.90484E+15,4.90514E+16
40948,40949,8,1,17,24,2016,11,16,6,3,2,6,1,1,0,1,0,0,0,0,5.6078E+20,5.38591E+21,9.82478E+15,4.86233E+16
40949,40950,8,1,18,53,2016,11,6,7,3,2,6,1,1,0,1,0,0,0,1,5.17558E+20,5.4283E+21,9.24009E+15,4.90073E+16
40950,40951,8,2,26,84,2016,11,9,3,3,2,6,0,0,0,1,0,0,0,0,4.67184E+20,5.46737E+21,8.54809E+15,4.93582E+16
40951,40952,8,2,26,10,2016,11,19,6,3,2,6,2,0,0,1,0,0,0,0,4.84823E+20,5.45711E+21,8.79139E+15,4.92666E+16
40952,40953,8,1,36,43,2016,11,12,3,3,2,1,0,0,0,1,0,0,0,0,5.69878E+20,5.40818E+21,9.952E+15,4.88227E+16
40953,40954,8,4,36,8,2016,11,5,2,2,4,1,2,2,0,1,0,0,0,0,5.46311E+20,5.30897E+21,9.62002E+15,4.79324E+16
40954,40955,8,2,12,0,2016,11,17,2,2,6,4,2,0,0,0,0,0,0,1,4.51621E+20,5.43141E+21,8.33812E+15,4.90337E+16
40955,40956,8,3,11,0,2016,11,7,5,3,8,1,0,1,0,1,0,0,0,0,4.09628E+20,5.31984E+21,7.78791E+15,4.80254E+16
40956,40957,8,2,12,0,2016,11,12,5,3,2,6,0,0,0,1,0,0,0,1,4.6077E+20,5.42396E+21,8.464E+15,4.89673E+16
40957,40958,8,1,15,28,2016,11,16,5,3,3,6,0,0,0,1,0,0,1,0,5.01261E+20,5.40381E+21,9.01717E+15,4.87873E+16
40958,40959,8,2,15,9,2016,11,19,2,3,2,6,2,0,0,1,0,0,0,0,4.68787E+20,5.4427E+21,8.57209E+15,4.91363E+16
40959,40960,8,1,19,93,2016,11,16,2,3,1,1,1,2,0,1,0,0,0,0,5.23774E+20,5.40222E+21,9.32356E+15,4.87726E+16
40960,40961,8,4,36,9,2016,11,23,6,1,8,1,2,1,0,1,0,0,0,0,5.50906E+20,5.30724E+21,9.68132E+15,4.79164E+16
40961,40962,8,3,27,18,2016,11,16,1,3,8,1,2,1,0,1,0,0,0,0,4.75449E+20,5.30753E+21,8.67138E+15,4.79206E+16
40962,40963,8,2,26,102,2016,11,9,1,2,9,1,0,1,0,1,0,0,0,0,4.82355E+20,5.45422E+21,8.75758E+15,4.92405E+16
40963,40964,8,4,15,50,2016,11,12,7,3,5,3,0,0,0,1,0,0,0,0,5.21414E+20,5.3767E+21,9.29013E+15,4.85431E+16
40964,40965,8,1,18,7,2016,11,16,6,3,8,1,0,1,0,1,1,0,0,0,5.10098E+20,5.42699E+21,9.13805E+15,4.89957E+16
40965,40966,8,3,36,57,2016,11,15,4,2,4,6,0,1,0,1,0,0,1,0,4.07553E+20,5.2753E+21,7.76958E+15,4.76245E+16
40966,40967,8,2,36,33,2016,11,5,2,3,4,2,2,1,0,1,0,1,0,0,4.82514E+20,5.43016E+21,8.76082E+15,4.90241E+16
40967,40968,8,3,11,0,2016,11,11,1,3,9,1,0,1,0,1,0,0,0,0,4.1048E+20,5.31813E+21,7.79968E+15,4.80102E+16
40968,40969,8,4,36,95,2016,11,10,7,3,8,1,0,1,0,1,0,0,0,0,5.37245E+20,5.29579E+21,9.49751E+15,4.78144E+16
40969,40970,8,3,27,49,2016,11,14,4,3,2,6,0,1,0,1,0,0,0,0,4.72107E+20,5.32478E+21,8.62553E+15,4.80757E+16
40970,40971,8,1,18,73,2016,11,6,4,3,1,6,0,0,0,1,0,0,0,0,4.96643E+20,5.42371E+21,8.95413E+15,4.89663E+16
40971,40972,8,1,16,79,2016,11,16,6,3,8,1,0,2,0,1,0,0,0,0,5.39133E+20,5.37749E+21,9.53025E+15,4.85493E+16
40972,40973,8,1,15,45,2016,11,18,7,3,2,6,2,1,0,1,0,0,0,0,5.04239E+20,5.39638E+21,9.05764E+15,4.87205E+16
40973,40974,8,2,26,60,2016,11,16,3,3,5,3,0,0,0,1,0,0,0,0,4.76523E+20,5.46395E+21,8.67689E+15,4.93278E+16
40974,40975,8,2,22,0,2016,11,17,6,3,2,6,2,0,0,1,0,0,0,0,4.68108E+20,5.47797E+21,8.55996E+15,4.94536E+16
40975,40976,8,1,18,51,2016,11,17,3,3,2,6,2,1,0,1,0,0,0,1,5.0727E+20,5.41431E+21,9.09916E+15,4.88817E+16
40976,40977,8,2,37,45,2016,11,23,2,3,9,1,2,0,0,1,0,0,0,0,4.60197E+20,5.3608E+21,8.46226E+15,4.83991E+16
40977,40978,8,3,25,45,2016,11,16,5,2,4,6,1,1,0,1,0,0,0,0,4.65244E+20,5.35012E+21,8.53132E+15,4.83033E+16