FID,OBJECTID,ULAND,UREGBEZ,UKREIS,UGEMEINDE,UJAHR,UMONAT,USTUNDE,UWOCHENTAG,UKATEGORIE,UART,UTYP1,ULICHTVERH,IstStrasse,IstRad,IstPKW,IstFuss,IstKrad,IstGkfz,IstSonstig,LINREFX,LINREFY,XGCSWGS84,YGCSWGS84
41157,41158,8,1,15,13,2016,11,16,6,3,2,6,1,1,0,1,0,0,0,0,4.96888E+20,5.38923E+21,8.95775E+15,4.86561E+16
41158,41159,8,3,17,89,2016,11,21,5,2,8,1,2,0,0,0,0,1,0,0,4.32386E+20,5.37807E+21,8.08377E+15,4.85521E+16
41159,41160,8,1,26,72,2016,11,7,2,2,4,6,0,0,0,1,0,0,0,1,5.35154E+20,5.46415E+21,9.48382E+15,4.93291E+16
41160,41161,8,1,15,15,2016,11,7,5,3,2,6,0,1,0,1,0,0,0,0,4.94645E+20,5.38728E+21,8.92731E+15,4.86385E+16
41161,41162,8,1,16,19,2016,11,16,2,3,2,6,0,0,0,1,0,0,0,0,5.22609E+20,5.39843E+21,9.3075E+15,4.87385E+16
41162,41163,8,3,27,16,2016,11,12,6,3,4,1,0,1,0,1,0,0,0,0,4.93887E+20,5.31692E+21,8.91804E+15,4.80055E+16
41163,41164,8,2,35,8,2016,11,10,1,3,4,6,0,0,0,1,0,0,0,1,4.78286E+20,5.40279E+21,8.70443E+15,4.87777E+16
41164,41165,8,1,11,0,2016,11,16,1,3,2,6,2,0,0,1,0,0,0,0,5.14255E+20,5.40166E+21,9.194E+15,4.87678E+16
41165,41166,8,1,17,26,2016,11,20,4,3,4,2,2,1,0,1,0,0,0,0,5.50197E+20,5.39335E+21,9.68208E+15,4.86912E+16
41166,41167,8,1,25,63,2016,11,0,7,3,9,1,2,1,0,1,0,0,0,0,5.28793E+20,5.46276E+21,9.39617E+15,4.93169E+16
41167,41168,8,1,21,0,2016,11,20,3,3,5,3,2,0,0,1,0,0,0,0,5.16163E+20,5.44413E+21,9.22164E+15,4.91497E+16
41168,41169,8,4,15,92,2016,11,12,7,3,2,6,0,0,0,1,0,0,0,0,5.21205E+20,5.36117E+21,9.2865E+15,4.84033E+16
41169,41170,8,3,17,96,2016,11,8,4,3,2,6,0,1,0,1,0,0,0,0,4.20898E+20,5.36857E+21,7.92993E+15,4.84653E+16
41170,41171,8,2,31,0,2016,11,7,5,3,2,6,1,1,0,1,0,0,0,0,4.76814E+20,5.41278E+21,8.68384E+15,4.88675E+16
41171,41172,8,1,11,0,2016,11,13,5,3,5,3,0,0,0,1,0,0,0,0,5.09604E+20,5.39728E+21,9.13059E+15,4.87285E+16
41172,41173,8,1,11,0,2016,11,16,4,3,2,7,2,0,0,1,0,0,0,1,5.16742E+20,5.40687E+21,9.22805E+15,4.88146E+16
41173,41174,8,1,15,24,2016,11,15,7,3,0,6,0,0,0,1,0,0,0,0,5.00673E+20,5.38868E+21,9.00914E+15,4.86512E+16
41174,41175,8,2,25,32,2016,11,16,6,3,4,1,1,1,0,1,0,0,0,0,5.31039E+20,5.50072E+21,9.43006E+15,4.96582E+16
41175,41176,8,4,35,35,2016,11,5,3,3,8,1,2,0,0,1,0,0,0,0,5.4374E+20,5.28538E+21,9.58322E+15,4.77203E+16
41176,41177,8,2,15,39,2016,11,8,5,3,3,6,0,0,0,1,0,0,0,0,4.71068E+20,5.45321E+21,8.6026E+15,4.9231E+16
41177,41178,8,1,16,19,2016,11,7,5,2,5,2,0,1,1,1,0,0,0,0,5.22531E+20,5.39898E+21,9.30647E+15,4.87435E+16
41178,41179,8,1,11,0,2016,11,14,2,3,2,6,0,0,0,1,0,0,0,0,5.12732E+20,5.40518E+21,9.17338E+15,4.87995E+16
41179,41180,8,1,35,19,2016,11,21,1,3,6,7,2,0,0,1,1,0,0,0,5.84899E+20,5.3923E+21,1.01533E+16,4.8678E+16
41180,41181,8,1,16,20,2016,11,7,4,3,6,4,1,1,0,0,1,0,1,0,5.26762E+20,5.38189E+21,9.36292E+15,4.85896E+16
41181,41182,8,3,35,75,2016,11,13,6,3,2,6,0,1,0,1,0,0,0,0,4.86443E+20,5.28903E+21,8.81911E+15,4.77545E+16
41182,41183,8,1,16,20,2016,11,10,7,3,2,6,0,0,0,1,0,0,0,0,5.26607E+20,5.38228E+21,9.36084E+15,4.85931E+16
41183,41184,8,1,19,68,2016,11,12,3,2,6,4,0,1,0,1,1,0,0,0,5.2535E+20,5.41363E+21,9.34571E+15,4.88751E+16
41184,41185,8,1,11,0,2016,11,16,3,3,2,6,0,0,0,1,0,0,0,0,5.08278E+20,5.39743E+21,9.11257E+15,4.87298E+16
41185,41186,8,2,22,0,2016,11,11,6,2,3,6,0,1,0,1,0,0,0,0,4.66958E+20,5.4807E+21,8.54386E+15,4.94781E+16
41186,41187,8,3,35,63,2016,11,11,7,2,0,3,0,0,1,1,0,0,0,0,4.96929E+20,5.28796E+21,8.95903E+15,4.7745E+16
41187,41188,8,2,12,0,2016,11,18,4,3,3,2,2,1,1,1,0,0,0,0,4.62921E+20,5.42146E+21,8.49362E+15,4.8945E+16
41188,41189,8,2,25,9,2016,11,21,5,3,8,1,2,1,0,1,0,0,0,0,5.1723E+20,5.46616E+21,9.23722E+15,4.93479E+16
41189,41190,8,4,36,55,2016,11,7,4,3,6,2,0,1,0,1,1,0,0,0,5.76606E+20,5.29769E+21,1.00236E+16,4.7828E+16
41190,41191,8,1,18,80,2016,11,17,4,3,2,6,2,0,0,1,0,0,0,0,5.08893E+20,5.41103E+21,9.12123E+15,4.88522E+16
41191,41192,8,4,35,20,2016,11,12,6,3,8,1,0,2,0,1,0,0,0,0,5.2344E+20,5.2976E+21,9.3132E+15,4.78313E+16
41192,41193,8,2,25,1,2016,11,19,6,3,8,1,2,2,0,1,0,0,0,0,5.26386E+20,5.46886E+21,9.36346E+15,4.93719E+16
41193,41194,8,3,36,50,2016,11,17,3,2,8,1,2,0,0,1,0,0,0,0,4.0278E+20,5.27356E+21,7.70646E+15,4.76081E+16
41194,41195,8,2,22,0,2016,11,20,3,3,3,6,2,1,0,1,0,0,1,0,4.67101E+20,5.48118E+21,8.54581E+15,4.94823E+16
41195,41196,8,1,11,0,2016,11,15,3,2,6,2,0,1,0,1,1,0,0,0,5.08283E+20,5.39743E+21,9.11264E+15,4.87298E+16
41196,41197,8,3,17,96,2016,11,16,2,3,3,2,0,0,1,1,0,0,0,0,4.22842E+20,5.36853E+21,7.95623E+15,4.84652E+16
41197,41198,8,1,25,38,2016,11,16,6,1,4,2,0,1,0,1,0,1,0,0,5.00868E+20,5.43487E+21,9.01189E+15,4.90667E+16
41198,41199,8,1,16,7,2016,11,21,6,3,9,1,2,1,0,1,0,0,0,0,5.32093E+20,5.40018E+21,9.43662E+15,4.87538E+16
41199,41200,8,2,22,0,2016,11,10,6,3,1,6,0,0,0,1,0,0,0,0,4.60877E+20,5.48238E+21,8.45976E+15,4.94928E+16
41200,41201,8,3,11,0,2016,11,4,5,3,2,1,2,1,0,1,0,0,0,1,4.09636E+20,5.31989E+21,7.78799E+15,4.80259E+16
41201,41202,8,2,15,64,2016,11,11,2,3,2,6,0,0,0,1,0,0,0,0,4.77503E+20,5.45132E+21,8.69109E+15,4.92143E+16
41202,41203,8,1,17,26,2016,11,16,3,3,2,6,1,1,0,1,0,0,0,0,5.47209E+20,5.39501E+21,9.64168E+15,4.87063E+16
41203,41204,8,4,15,92,2016,11,17,2,3,5,3,2,0,0,1,0,0,0,0,5.18971E+20,5.36447E+21,9.25647E+15,4.84331E+16
41204,41205,8,1,35,20,2016,11,13,6,3,2,6,0,0,0,1,0,0,0,0,5.84104E+20,5.37961E+21,1.014E+16,4.85639E+16
41205,41206,8,2,36,74,2016,11,14,6,3,6,4,0,1,0,1,1,0,0,0,4.73093E+20,5.41996E+21,8.63263E+15,4.8932E+16
41206,41207,8,2,25,42,2016,11,13,2,3,1,1,0,0,0,1,0,0,0,0,5.06153E+20,5.4592E+21,9.08461E+15,4.92855E+16
41207,41208,8,1,25,103,2016,11,21,1,3,3,6,2,0,0,1,0,0,0,0,5.30031E+20,5.46329E+21,9.41324E+15,4.93216E+16
41208,41209,8,2,15,100,2016,11,11,7,3,5,3,0,0,0,1,0,0,0,0,4.7613E+20,5.45118E+21,8.67225E+15,4.9213E+16
41209,41210,8,2,21,0,2016,11,17,4,3,6,1,2,1,0,1,1,0,0,0,4.77382E+20,5.46811E+21,8.68848E+15,4.93653E+16
41210,41211,8,2,15,9,2016,11,6,5,3,1,6,2,1,0,1,0,0,0,0,4.69641E+20,5.4404E+21,8.58396E+15,4.91157E+16
41211,41212,8,4,26,128,2016,11,6,4,3,5,3,2,1,0,1,0,0,0,0,5.59126E+20,5.32993E+21,9.79447E+15,4.81199E+16
41212,41213,8,1,28,64,2016,11,11,4,2,5,3,0,1,0,1,0,0,0,1,5.34611E+20,5.50097E+21,9.47958E+15,4.96603E+16
41213,41214,8,4,17,63,2016,11,2,6,3,8,1,2,1,0,1,0,0,0,0,5.06817E+20,5.33663E+21,9.09172E+15,4.81829E+16
41214,41215,8,2,26,82,2016,11,8,6,3,1,6,0,1,0,1,0,0,0,0,4.79567E+20,5.4799E+21,8.71797E+15,4.94714E+16
41215,41216,8,3,26,74,2016,11,5,3,3,2,6,2,0,0,1,0,0,0,0,4.59485E+20,5.3245E+21,8.45611E+15,4.80724E+16
41216,41217,8,2,35,46,2016,11,7,3,3,2,2,0,0,0,1,0,0,0,0,4.78875E+20,5.37777E+21,8.71373E+15,4.85527E+16
41217,41218,8,2,26,76,2016,11,12,2,3,2,6,0,0,0,1,0,0,0,0,4.73206E+20,5.46594E+21,8.63112E+15,4.93456E+16
41218,41219,8,1,18,73,2016,11,13,6,3,2,6,0,1,0,1,0,0,1,0,4.95845E+20,5.42053E+21,8.94327E+15,4.89377E+16
41219,41220,8,1,11,0,2016,11,18,6,3,2,6,2,1,0,1,0,0,0,0,5.1826E+20,5.40223E+21,9.24852E+15,4.87728E+16
41220,41221,8,2,12,0,2016,11,17,6,3,2,6,2,1,0,1,0,0,0,0,4.5471E+20,5.42689E+21,8.38088E+15,4.89932E+16
41221,41222,8,3,25,57,2016,11,16,5,3,4,2,0,0,0,1,0,0,0,0,4.76102E+20,5.35916E+21,8.67723E+15,4.83852E+16
41222,41223,8,1,28,139,2016,11,7,2,3,2,2,1,1,0,1,0,0,0,0,5.53002E+20,5.48828E+21,9.73267E+15,4.95448E+16
41223,41224,8,1,18,78,2016,11,14,5,3,2,6,0,0,0,1,0,0,0,0,5.1482E+20,5.41919E+21,9.20232E+15,4.89254E+16
41224,41225,8,4,25,75,2016,11,11,2,2,9,1,0,0,0,1,0,0,0,0,5.65819E+20,5.37887E+21,9.89203E+15,4.85595E+16
41225,41226,8,3,25,51,2016,11,5,6,3,2,7,1,1,0,1,0,0,0,0,4.49797E+20,5.34883E+21,8.32318E+15,4.82907E+16
41226,41227,8,2,26,98,2016,11,0,1,2,2,7,2,0,0,1,0,0,1,0,4.76958E+20,5.45803E+21,8.68323E+15,4.92746E+16
41227,41228,8,1,15,21,2016,11,0,1,3,0,3,2,1,0,1,0,0,0,1,4.89097E+20,5.38465E+21,8.85207E+15,4.86148E+16
41228,41229,8,1,18,79,2016,11,15,4,3,5,3,0,1,0,1,0,0,0,0,5.1002E+20,5.42188E+21,9.13686E+15,4.89498E+16
41229,41230,8,1,27,104,2016,11,4,7,3,9,1,2,1,0,1,0,0,0,0,5.79017E+20,5.43453E+21,1.00816E+16,4.90586E+16
41230,41231,8,1,18,60,2016,11,18,4,2,4,1,2,1,0,1,0,0,0,0,5.24464E+20,5.42897E+21,9.33456E+15,4.90131E+16
41231,41232,8,1,25,94,2016,11,20,6,3,9,1,2,1,0,1,0,0,0,0,5.16667E+20,5.43693E+21,9.22826E+15,4.9085E+16
41232,41233,8,1,25,79,2016,11,11,5,3,3,2,0,0,1,1,0,0,0,0,5.11962E+20,5.45427E+21,9.16434E+15,4.9241E+16
41233,41234,8,1,21,0,2016,11,19,2,3,3,6,2,0,0,1,0,0,0,0,5.09672E+20,5.44745E+21,9.13271E+15,4.91798E+16
41234,41235,8,3,17,57,2016,11,18,6,3,0,6,2,1,0,1,0,1,0,0,4.17609E+20,5.3842E+21,7.88235E+15,4.86054E+16
41235,41236,8,4,15,50,2016,11,6,1,3,9,1,2,1,0,1,0,0,0,0,5.21158E+20,5.37537E+21,9.28659E+15,4.85311E+16
41236,41237,8,1,17,26,2016,11,9,1,2,5,3,0,0,0,1,0,0,0,1,5.4768E+20,5.39468E+21,9.64804E+15,4.87033E+16
41237,41238,8,2,11,0,2016,11,11,4,3,8,1,0,1,0,1,0,0,0,0,4.41786E+20,5.39973E+21,8.20809E+15,4.87479E+16
41238,41239,8,1,18,80,2016,11,18,5,3,2,6,2,0,0,1,0,0,0,0,5.08802E+20,5.41078E+21,9.11998E+15,4.88499E+16
41239,41240,8,4,15,61,2016,11,9,4,3,2,6,0,1,0,1,0,0,0,0,5.15978E+20,5.3718E+21,9.21629E+15,4.84991E+16
41240,41241,8,1,15,45,2016,11,14,7,3,2,6,0,0,0,1,0,0,0,0,5.03414E+20,5.39449E+21,9.04641E+15,4.87035E+16
41241,41242,8,1,21,0,2016,11,17,4,3,3,7,2,1,0,1,0,1,0,0,5.14842E+20,5.44626E+21,9.20361E+15,4.9169E+16
41242,41243,8,1,25,94,2016,11,15,6,3,9,1,0,1,0,1,0,0,0,0,5.15294E+20,5.43678E+21,9.20945E+15,4.90837E+16
41243,41244,8,3,36,69,2016,11,6,6,3,2,6,1,1,0,1,0,0,0,0,4.09464E+20,5.27005E+21,7.7961E+15,4.75775E+16
41244,41245,8,2,16,7,2016,11,17,6,3,5,3,2,1,0,1,0,0,0,0,4.36744E+20,5.39296E+21,8.14055E+15,4.86865E+16
41245,41246,8,1,15,45,2016,11,18,3,3,2,6,2,0,0,1,0,0,0,0,5.04294E+20,5.39646E+21,9.05838E+15,4.87211E+16
41246,41247,8,4,25,71,2016,11,18,6,2,4,6,2,1,0,1,0,0,0,0,5.49032E+20,5.37416E+21,9.66399E+15,4.85186E+16
41247,41248,8,4,36,95,2016,11,18,5,3,4,2,2,1,0,1,0,0,0,0,5.33595E+20,5.29963E+21,9.44906E+15,4.78491E+16
41248,41249,8,1,15,21,2016,11,12,6,3,2,6,0,1,0,1,0,0,0,0,4.92377E+20,5.38257E+21,8.89662E+15,4.85961E+16
41249,41250,8,3,36,69,2016,11,10,5,3,6,4,0,1,0,1,1,0,0,0,4.08553E+20,5.26802E+21,7.78441E+15,4.75592E+16
41250,41251,8,1,16,49,2016,11,18,5,3,2,6,2,0,0,1,0,0,0,0,5.22985E+20,5.38499E+21,9.31187E+15,4.86176E+16
41251,41252,8,1,15,45,2016,11,8,2,3,5,2,0,0,0,1,0,0,0,0,4.96401E+20,5.39515E+21,8.95107E+15,4.87094E+16
41252,41253,8,3,17,126,2016,11,11,6,3,4,6,0,2,0,1,0,0,0,1,4.4046E+20,5.38482E+21,8.19219E+15,4.86136E+16
41253,41254,8,2,15,17,2016,11,10,1,3,9,1,0,0,0,1,0,0,0,0,4.5484E+20,5.42289E+21,8.3831E+15,4.89573E+16
41254,41255,8,4,26,13,2016,11,18,7,3,5,2,2,0,0,1,0,0,0,0,5.43889E+20,5.32322E+21,9.58906E+15,4.80607E+16
41255,41256,8,1,17,14,2016,11,19,4,3,9,1,2,1,0,1,0,0,0,0,5.53991E+20,5.38546E+21,9.73261E+15,4.86199E+16
41256,41257,8,4,36,64,2016,11,13,6,3,9,1,0,1,0,1,0,0,0,0,5.47398E+20,5.29145E+21,9.63266E+15,4.77747E+16
41257,41258,8,1,17,18,2016,11,15,7,3,5,3,0,0,0,1,0,0,0,0,5.38253E+20,5.39583E+21,9.52003E+15,4.87144E+16
41258,41259,8,1,19,41,2016,11,17,3,3,2,6,1,1,0,1,0,0,0,0,5.25387E+20,5.41027E+21,9.34602E+15,4.88448E+16
41259,41260,8,3,11,0,2016,11,16,6,3,3,6,0,1,1,0,0,0,0,0,4.10224E+20,5.31646E+21,7.7966E+15,4.79951E+16
41260,41261,8,4,25,31,2016,11,16,5,3,2,6,0,0,0,1,0,0,0,0,5.63627E+20,5.3713E+21,9.86117E+15,4.84916E+16
41261,41262,8,4,16,36,2016,11,22,7,3,4,2,2,1,0,1,0,0,0,0,4.96645E+20,5.36871E+21,8.95461E+15,4.84715E+16
41262,41263,8,4,36,81,2016,11,15,4,2,6,4,0,1,0,1,1,0,0,0,5.62856E+20,5.28221E+21,9.83762E+15,4.76902E+16
41263,41264,8,2,15,9,2016,11,7,5,3,2,6,1,1,0,1,0,0,0,0,4.67272E+20,5.44095E+21,8.55146E+15,4.91205E+16
41264,41265,8,1,15,37,2016,11,6,5,3,5,3,2,1,0,1,0,0,0,0,4.92316E+20,5.38528E+21,8.89573E+15,4.86205E+16
41265,41266,8,1,16,54,2016,11,22,4,2,5,3,2,1,0,1,0,0,0,0,5.33196E+20,5.3818E+21,9.45016E+15,4.85884E+16
41266,41267,8,4,36,6,2016,11,9,3,3,2,2,0,0,0,1,0,0,0,0,5.54632E+20,5.28517E+21,9.72841E+15,4.77176E+16
41267,41268,8,1,15,3,2016,11,6,3,3,2,6,2,0,0,1,0,0,0,0,4.97325E+20,5.39111E+21,8.96366E+15,4.8673E+16
41268,41269,8,4,26,21,2016,11,19,2,2,8,7,2,0,0,1,0,1,0,0,5.57203E+20,5.32763E+21,9.76832E+15,4.80993E+16
41269,41270,8,2,12,0,2016,11,12,6,3,2,6,0,0,0,1,0,0,0,0,4.58774E+20,5.42502E+21,8.43662E+15,4.89767E+16
41270,41271,8,2,12,0,2016,11,13,2,2,6,2,0,0,0,1,1,0,0,0,4.55092E+20,5.4275E+21,8.38603E+15,4.89987E+16
41271,41272,8,3,17,141,2016,11,2,7,2,8,1,2,1,0,1,0,0,0,0,4.15747E+20,5.3791E+21,7.85813E+15,4.85593E+16
41272,41273,8,2,35,7,2016,11,7,4,3,4,6,0,1,0,1,0,0,0,0,4.84356E+20,5.39727E+21,8.78727E+15,4.87283E+16
41273,41274,8,2,21,0,2016,11,1,5,2,9,1,2,1,0,1,0,0,0,0,4.73665E+20,5.47594E+21,8.63677E+15,4.94356E+16
41274,41275,8,4,35,5,2016,11,16,4,2,4,6,1,1,0,1,0,0,0,0,5.25917E+20,5.28668E+21,9.34565E+15,4.7733E+16
41275,41276,8,1,15,3,2016,11,8,4,2,2,6,0,1,0,1,0,0,0,0,4.98191E+20,5.3928E+21,8.97542E+15,4.86882E+16
41276,41277,8,4,35,59,2016,11,18,6,3,2,3,2,1,0,1,0,0,0,1,5.13876E+20,5.29088E+21,9.1852E+15,4.77711E+16
41277,41278,8,3,26,3,2016,11,7,7,3,8,1,0,2,0,1,0,0,0,0,4.70803E+20,5.3153E+21,8.60867E+15,4.79904E+16
41278,41279,8,3,17,1,2016,11,18,4,3,6,4,2,0,0,1,1,0,0,0,4.32163E+20,5.38664E+21,8.07935E+15,4.86291E+16
41279,41280,8,2,26,82,2016,11,6,5,3,9,1,1,1,0,1,0,0,0,0,4.80505E+20,5.48119E+21,8.73085E+15,4.94831E+16
41280,41281,8,1,11,0,2016,11,18,5,3,5,3,2,0,0,1,0,1,0,0,5.14471E+20,5.40438E+21,9.19703E+15,4.87922E+16
41281,41282,8,1,11,0,2016,11,13,4,3,3,6,0,1,0,1,0,0,1,0,5.13112E+20,5.41012E+21,9.1787E+15,4.88439E+16
41282,41283,8,4,36,67,2016,11,15,6,3,2,2,0,1,0,1,0,0,0,1,5.32168E+20,5.30635E+21,9.43048E+15,4.79096E+16
41283,41284,8,2,12,0,2016,11,20,6,3,9,7,2,1,1,0,0,0,0,0,4.55739E+20,5.4317E+21,8.39443E+15,4.90366E+16
41284,41285,8,4,26,21,2016,11,11,3,3,2,6,0,0,0,1,0,0,0,0,5.58495E+20,5.32723E+21,9.78562E+15,4.80957E+16
41285,41286,8,3,15,52,2016,11,17,3,3,4,1,1,1,0,1,0,0,0,0,4.33395E+20,5.30691E+21,8.10863E+15,4.7912E+16
41286,41287,8,1,17,42,2016,11,17,3,3,6,4,2,1,0,1,1,0,0,0,5.54238E+20,5.39328E+21,9.73698E+15,4.86902E+16
41287,41288,8,3,35,2,2016,11,9,2,3,4,7,0,0,0,1,0,0,0,0,5.05144E+20,5.28557E+21,9.0686E+15,4.77235E+16
41288,41289,8,1,27,14,2016,11,10,6,2,6,1,0,1,0,1,1,0,0,1,5.78331E+20,5.44329E+21,1.00739E+16,4.91374E+16
41289,41290,8,2,31,0,2016,11,20,6,2,8,1,2,1,0,1,0,0,0,0,4.827E+20,5.41783E+21,8.76389E+15,4.89132E+16
41290,41291,8,2,22,0,2016,11,8,2,3,1,6,0,0,0,1,0,0,0,0,4.65373E+20,5.48483E+21,8.52162E+15,4.95151E+16
41291,41292,8,1,27,100,2016,11,7,2,3,1,2,0,0,0,1,0,0,0,0,5.54003E+20,5.43323E+21,9.73906E+15,4.90496E+16
41292,41293,8,3,16,11,2016,11,14,6,3,2,6,0,1,0,1,0,0,0,0,4.13427E+20,5.33072E+21,7.83663E+15,4.81239E+16
41293,41294,8,4,26,21,2016,11,4,1,2,8,1,2,1,0,1,0,0,0,0,5.57185E+20,5.32765E+21,9.76809E+15,4.80996E+16
41294,41295,8,1,25,102,2016,11,13,1,3,2,6,0,0,0,1,0,0,0,1,5.21093E+20,5.44508E+21,9.2893E+15,4.91582E+16
41295,41296,8,2,37,19,2016,11,1,7,3,4,6,2,1,0,1,0,0,0,0,4.61461E+20,5.36837E+21,8.47863E+15,4.84673E+16
41296,41297,8,2,22,0,2016,11,17,4,3,2,6,2,0,0,1,0,0,0,1,4.60101E+20,5.48913E+21,8.44837E+15,4.95535E+16
41297,41298,8,2,12,0,2016,11,23,5,2,0,1,2,1,0,0,0,1,0,0,4.55903E+20,5.43016E+21,8.39683E+15,4.90228E+16
41298,41299,8,4,21,0,2016,11,6,4,3,8,1,2,1,0,1,0,0,0,0,5.73998E+20,5.36441E+21,1.00003E+16,4.84285E+16
41299,41300,8,2,22,0,2016,11,7,7,3,4,2,1,1,0,1,0,1,0,0,4.65625E+20,5.47595E+21,8.52589E+15,4.94353E+16
41300,41301,8,1,21,0,2016,11,16,4,3,3,2,1,1,0,1,0,0,0,1,5.15658E+20,5.44332E+21,9.21469E+15,4.91425E+16
41301,41302,8,1,21,0,2016,11,7,6,3,6,2,1,1,0,0,1,0,0,1,5.1629E+20,5.44459E+21,9.2234E+15,4.91539E+16
41302,41303,8,4,15,88,2016,11,4,6,3,9,1,2,2,0,1,0,0,0,0,5.43214E+20,5.37446E+21,9.58524E+15,4.85218E+16
41303,41304,8,1,15,3,2016,11,13,6,3,2,6,0,0,0,1,0,0,0,0,4.97396E+20,5.39155E+21,8.96463E+15,4.8677E+16
41304,41305,8,3,26,27,2016,11,17,3,3,2,6,2,0,0,1,0,0,0,0,4.63172E+20,5.3062E+21,8.50716E+15,4.79081E+16
41305,41306,8,2,36,50,2016,11,17,3,3,2,6,2,1,0,1,0,0,0,0,4.87303E+20,5.42249E+21,8.82656E+15,4.89552E+16
41306,41307,8,1,18,70,2016,11,14,6,3,2,6,0,1,0,1,0,0,0,0,5.16896E+20,5.42606E+21,9.23094E+15,4.89872E+16
41307,41308,8,1,11,0,2016,11,14,6,3,2,6,0,1,0,1,0,0,0,0,5.10117E+20,5.40284E+21,9.13771E+15,4.87785E+16
41308,41309,8,1,11,0,2016,11,21,6,2,3,6,2,1,0,1,0,0,0,1,5.12351E+20,5.39469E+21,9.16787E+15,4.87051E+16
41309,41310,8,3,35,43,2016,11,21,3,3,5,3,2,1,1,1,0,0,0,0,5.10935E+20,5.28054E+21,9.14569E+15,4.76781E+16
41310,41311,8,2,12,0,2016,11,16,3,3,3,6,0,1,0,1,0,1,0,0,4.55981E+20,5.42823E+21,8.39811E+15,4.90054E+16
41311,41312,8,1,11,0,2016,11,22,3,3,2,6,2,1,0,1,0,0,0,0,5.15853E+20,5.40461E+21,9.21586E+15,4.87943E+16
41312,41313,8,3,16,11,2016,11,17,2,2,5,3,2,0,0,1,0,1,0,0,4.12441E+20,5.33143E+21,7.82324E+15,4.81301E+16
41313,41314,8,1,25,98,2016,11,19,6,3,2,6,2,1,0,1,0,0,0,0,5.19238E+20,5.43826E+21,9.26353E+15,4.90969E+16
41314,41315,8,1,15,41,2016,11,16,6,3,3,7,0,1,0,1,0,0,0,1,4.96208E+20,5.40167E+21,8.9484E+15,4.8768E+16
41315,41316,8,2,21,0,2016,11,17,6,3,3,2,2,0,0,1,0,0,1,0,4.75982E+20,5.47289E+21,8.66892E+15,4.94082E+16
41316,41317,8,3,37,66,2016,11,7,5,3,4,1,0,1,0,1,0,0,1,0,4.32905E+20,5.27042E+21,8.1077E+15,4.75837E+16
41317,41318,8,2,12,0,2016,11,18,2,3,2,6,1,1,0,1,0,0,0,0,4.61537E+20,5.42876E+21,8.47402E+15,4.90105E+16
41318,41319,8,1,19,42,2016,11,8,5,2,2,6,0,0,0,1,0,0,0,0,5.30785E+20,5.41661E+21,9.42007E+15,4.89017E+16
41319,41320,8,1,19,83,2016,11,18,2,3,8,1,2,0,0,1,0,0,0,0,5.38688E+20,5.41892E+21,9.52812E+15,4.8922E+16
41320,41321,8,3,15,113,2016,11,10,6,3,5,3,0,1,0,1,0,0,0,0,4.46128E+20,5.30507E+21,8.27925E+15,4.78967E+16
41321,41322,8,3,37,66,2016,11,22,1,3,8,1,2,1,0,1,0,0,0,0,4.30222E+20,5.27025E+21,8.07205E+15,4.75819E+16
41322,41323,8,1,16,19,2016,11,14,1,3,5,3,0,0,0,1,0,0,0,0,5.23582E+20,5.39777E+21,9.3207E+15,4.87325E+16
41323,41324,8,1,27,14,2016,11,9,5,3,2,1,0,1,0,1,0,0,0,1,5.74665E+20,5.44747E+21,1.00244E+16,4.91755E+16
41324,41325,8,3,35,22,2016,11,7,4,3,5,7,0,1,0,0,0,1,0,1,4.82346E+20,5.29712E+21,8.76412E+15,4.78272E+16
41325,41326,8,1,36,10,2016,11,3,7,3,1,1,2,1,0,1,0,0,0,0,5.98463E+20,5.41354E+21,1.03426E+16,4.8867E+16
41326,41327,8,1,21,0,2016,11,15,4,3,2,6,0,1,0,1,0,0,1,0,5.16425E+20,5.44617E+21,9.22533E+15,4.91681E+16
41327,41328,8,1,21,0,2016,11,18,6,3,2,6,2,1,0,1,0,0,0,0,5.16257E+20,5.44373E+21,9.22291E+15,4.91462E+16
41328,41329,8,3,35,79,2016,11,17,6,3,2,6,2,1,0,1,0,0,0,0,5.00105E+20,5.29919E+21,9.0014E+15,4.78461E+16
41329,41330,8,1,28,47,2016,11,17,3,3,5,3,2,1,0,1,0,0,0,0,5.53926E+20,5.49509E+21,9.74637E+15,4.9606E+16
41330,41331,8,4,35,57,2016,11,7,5,3,5,3,2,1,1,1,0,0,0,0,5.44588E+20,5.27917E+21,9.59388E+15,4.76644E+16
41331,41332,8,1,15,45,2016,11,4,6,2,5,2,2,1,0,1,0,0,0,0,5.00229E+20,5.39394E+21,9.00311E+15,4.86985E+16
41332,41333,8,3,11,0,2016,11,13,5,2,1,1,0,0,0,1,0,0,0,0,4.05656E+20,5.31488E+21,7.73573E+15,4.79802E+16
41333,41334,8,1,16,19,2016,11,16,5,2,6,4,0,0,0,1,1,0,0,0,5.2325E+20,5.39822E+21,9.3162E+15,4.87366E+16
41334,41335,8,1,11,0,2016,11,17,2,3,2,6,2,1,0,1,0,0,0,0,5.13001E+20,5.40646E+21,9.17708E+15,4.8811E+16
41335,41336,8,1,36,88,2016,11,11,1,3,6,4,0,0,0,1,1,0,0,0,5.80766E+20,5.40958E+21,1.01006E+16,4.88339E+16
41336,41337,8,1,16,19,2016,11,17,4,3,3,6,2,0,0,1,0,0,1,0,5.23417E+20,5.39723E+21,9.31842E+15,4.87277E+16