FID,OBJECTID,ULAND,UREGBEZ,UKREIS,UGEMEINDE,UJAHR,UMONAT,USTUNDE,UWOCHENTAG,UKATEGORIE,UART,UTYP1,ULICHTVERH,IstStrasse,IstRad,IstPKW,IstFuss,IstKrad,IstGkfz,IstSonstig,LINREFX,LINREFY,XGCSWGS84,YGCSWGS84
41337,41338,8,1,26,11,2016,11,21,6,3,2,6,2,0,0,1,0,0,0,0,5.27713E+20,5.4466E+21,9.3802E+15,4.91716E+16
41338,41339,8,2,37,40,2016,11,5,5,3,6,4,2,1,0,1,1,0,0,0,4.77004E+20,5.36556E+21,8.68906E+15,4.84428E+16
41339,41340,8,2,25,60,2016,11,7,2,2,8,1,0,1,0,1,0,0,0,0,5.21443E+20,5.48573E+21,9.29628E+15,4.95238E+16
41340,41341,8,1,18,81,2016,11,7,5,3,2,6,0,0,0,1,0,0,0,0,5.16379E+20,5.4139E+21,9.22339E+15,4.88779E+16
41341,41342,8,1,16,47,2016,11,17,2,3,2,6,2,0,0,1,0,0,0,0,5.20099E+20,5.39314E+21,9.27311E+15,4.86909E+16
41342,41343,8,2,26,85,2016,11,20,6,2,8,1,2,0,0,0,0,0,1,0,4.86625E+20,5.45628E+21,8.81618E+15,4.92592E+16
41343,41344,8,2,35,73,2016,11,10,1,3,5,7,0,0,0,1,0,0,0,0,4.79461E+20,5.40597E+21,8.72027E+15,4.88064E+16
41344,41345,8,1,11,0,2016,11,16,1,3,2,6,1,0,0,1,0,0,0,0,5.14313E+20,5.40602E+21,9.19494E+15,4.8807E+16
41345,41346,8,1,18,48,2016,11,6,4,3,5,2,2,0,1,1,0,0,0,0,5.15569E+20,5.41438E+21,9.21236E+15,4.88821E+16
41346,41347,8,1,25,46,2016,11,0,7,3,8,1,2,1,0,1,0,0,0,0,5.17778E+20,5.43518E+21,9.24339E+15,4.90692E+16
41347,41348,8,4,17,16,2016,11,7,5,3,4,1,0,1,0,1,0,0,0,0,4.84869E+20,5.34228E+21,8.79624E+15,4.82336E+16
41348,41349,8,4,15,61,2016,11,18,7,3,2,6,2,0,0,1,0,0,0,0,5.15137E+20,5.37163E+21,9.2049E+15,4.84976E+16
41349,41350,8,3,25,45,2016,11,13,4,3,5,3,0,1,0,1,0,0,0,1,4.71674E+20,5.34992E+21,8.61804E+15,4.83018E+16
41350,41351,8,2,35,7,2016,11,7,5,3,8,7,1,1,0,0,0,0,1,0,4.86433E+20,5.39724E+21,8.81552E+15,4.87281E+16
41351,41352,8,1,11,0,2016,11,7,5,3,2,6,0,0,0,1,0,0,0,0,5.12843E+20,5.4058E+21,9.17491E+15,4.8805E+16
41352,41353,8,1,11,0,2016,11,17,4,3,6,7,2,0,0,1,1,0,0,0,5.11187E+20,5.40191E+21,9.15225E+15,4.87701E+16
41353,41354,8,1,11,0,2016,11,7,6,3,2,6,0,1,0,1,0,0,0,0,5.13368E+20,5.39421E+21,9.18168E+15,4.87008E+16
41354,41355,8,4,35,35,2016,11,18,3,3,5,3,2,1,1,1,0,0,0,0,5.42119E+20,5.28262E+21,9.56134E+15,4.76956E+16
41355,41356,8,1,15,10,2016,11,17,3,2,5,2,2,1,0,1,0,0,0,0,4.87287E+20,5.38917E+21,8.82737E+15,4.86555E+16
41356,41357,8,4,17,51,2016,11,5,2,3,8,1,2,0,0,1,0,0,0,0,4.91548E+20,5.35976E+21,8.88583E+15,4.83909E+16
41357,41358,8,4,25,71,2016,11,8,6,2,5,3,0,1,0,1,0,0,0,0,5.5192E+20,5.3676E+21,9.70228E+15,4.84594E+16
41358,41359,8,1,16,49,2016,11,18,7,3,6,7,2,0,0,1,1,0,0,0,5.23085E+20,5.38507E+21,9.31323E+15,4.86183E+16
41359,41360,8,1,19,20,2016,11,17,3,3,3,2,2,1,1,1,0,0,0,0,5.19763E+20,5.40579E+21,9.26915E+15,4.88048E+16
41360,41361,8,1,11,0,2016,11,7,3,3,5,3,1,0,0,1,0,0,0,0,5.11695E+20,5.39673E+21,9.15901E+15,4.87235E+16
41361,41362,8,2,26,96,2016,11,21,6,3,8,1,2,1,0,1,0,0,1,0,4.73066E+20,5.48875E+21,8.62763E+15,4.95507E+16
41362,41363,8,3,35,75,2016,11,21,7,3,6,6,2,0,0,1,1,0,0,0,4.86878E+20,5.29186E+21,8.82484E+15,4.778E+16
41363,41364,8,3,11,0,2016,11,7,4,3,3,2,0,1,1,1,0,0,0,0,4.12806E+20,5.31467E+21,7.83156E+15,4.79794E+16
41364,41365,8,2,26,13,2016,11,17,5,3,2,6,2,1,0,1,0,0,0,0,4.98152E+20,5.47917E+21,8.97449E+15,4.94652E+16
41365,41366,8,4,36,81,2016,11,17,4,3,6,4,2,1,0,1,1,0,0,0,5.62336E+20,5.28166E+21,9.83062E+15,4.76853E+16
41366,41367,8,1,25,66,2016,11,12,4,3,3,1,0,1,0,1,0,0,1,0,5.1846E+20,5.43053E+21,9.25252E+15,4.90274E+16
41367,41368,8,4,36,55,2016,11,7,6,3,6,2,1,1,0,1,1,0,0,0,5.76411E+20,5.29713E+21,1.00209E+16,4.7823E+16
41368,41369,8,1,36,65,2016,11,7,6,3,2,6,0,1,0,1,0,0,0,0,5.61383E+20,5.40591E+21,9.83593E+15,4.88031E+16
41369,41370,8,1,16,20,2016,11,17,3,3,2,6,2,1,0,1,0,0,0,0,5.23558E+20,5.3805E+21,9.31938E+15,4.85772E+16
41370,41371,8,2,26,105,2016,11,15,3,3,2,6,0,0,0,1,0,0,0,1,4.69593E+20,5.47713E+21,8.58052E+15,4.9446E+16
41371,41372,8,1,16,19,2016,11,7,3,2,5,2,0,0,0,1,0,0,0,1,5.25671E+20,5.39595E+21,9.349E+15,4.87161E+16
41372,41373,8,3,17,47,2016,11,8,2,3,2,6,0,0,0,1,0,0,0,0,4.1949E+20,5.36461E+21,7.91165E+15,4.84295E+16
41373,41374,8,1,25,39,2016,11,5,6,2,5,3,2,1,0,1,0,0,0,0,5.11414E+20,5.45904E+21,9.15694E+15,4.9284E+16
41374,41375,8,1,16,19,2016,11,12,6,3,2,6,0,1,0,1,0,0,0,0,5.23493E+20,5.39711E+21,9.31944E+15,4.87266E+16
41375,41376,8,2,26,3,2016,11,23,6,3,6,1,2,1,0,0,1,1,0,0,4.66702E+20,5.45963E+21,8.54209E+15,4.92885E+16
41376,41377,8,4,15,87,2016,11,21,5,2,8,1,2,0,0,1,0,0,0,0,5.12761E+20,5.38095E+21,9.17302E+15,4.85815E+16
41377,41378,8,2,16,43,2016,11,7,2,3,2,6,1,0,0,1,0,0,0,0,4.43858E+20,5.41317E+21,8.23444E+15,4.88689E+16
41378,41379,8,1,25,58,2016,11,8,2,3,1,6,0,0,0,1,0,0,0,0,5.09298E+20,5.4428E+21,9.12748E+15,4.91379E+16
41379,41380,8,2,36,46,2016,11,12,6,3,2,6,0,1,0,1,0,0,0,0,4.83416E+20,5.41714E+21,8.77369E+15,4.8907E+16
41380,41381,8,4,16,22,2016,11,12,1,3,5,3,0,0,0,1,0,0,0,0,5.10036E+20,5.37587E+21,9.13595E+15,4.85358E+16
41381,41382,8,1,18,80,2016,11,18,1,3,2,6,2,0,0,1,0,0,0,0,5.07135E+20,5.4125E+21,9.09729E+15,4.88654E+16
41382,41383,8,2,31,0,2016,11,1,7,3,8,1,2,1,0,1,0,0,0,0,4.75078E+20,5.41183E+21,8.66022E+15,4.88589E+16
41383,41384,8,2,12,0,2016,11,18,4,3,1,6,2,1,0,1,0,0,0,0,4.63345E+20,5.42475E+21,8.49912E+15,4.89746E+16
41384,41385,8,1,18,11,2016,11,7,5,3,2,6,0,1,0,1,0,0,0,0,5.06016E+20,5.40817E+21,9.08196E+15,4.88265E+16
41385,41386,8,2,35,6,2016,11,7,6,2,8,1,1,1,1,0,0,0,0,0,4.71812E+20,5.38159E+21,8.61776E+15,4.85868E+16
41386,41387,8,2,31,0,2016,11,17,2,3,2,6,1,0,0,1,0,0,0,0,4.81315E+20,5.41475E+21,8.74513E+15,4.88855E+16
41387,41388,8,2,25,14,2016,11,9,1,2,4,1,0,0,0,1,0,0,0,0,5.27753E+20,5.48228E+21,9.38323E+15,4.94925E+16
41388,41389,8,2,31,0,2016,11,20,7,2,2,6,2,0,0,1,0,0,0,0,4.79966E+20,5.41843E+21,8.72654E+15,4.89185E+16
41389,41390,8,2,26,95,2016,11,6,4,3,9,1,2,1,0,1,0,0,0,0,4.72995E+20,5.46018E+21,8.62859E+15,4.92938E+16
41390,41391,8,2,16,7,2016,11,17,5,3,2,6,1,0,0,1,0,0,0,0,4.34664E+20,5.39727E+21,8.11161E+15,4.87251E+16
41391,41392,8,4,35,16,2016,11,17,4,3,6,4,2,1,0,1,1,0,0,0,5.35584E+20,5.27774E+21,9.47385E+15,4.76521E+16
41392,41393,8,1,36,82,2016,11,5,4,3,8,1,2,1,0,1,0,0,0,0,5.84425E+20,5.41646E+21,1.01518E+16,4.88953E+16
41393,41394,8,4,21,0,2016,11,9,6,3,8,1,0,1,0,1,0,0,0,0,5.68079E+20,5.36548E+21,9.92048E+15,4.84388E+16
41394,41395,8,1,36,43,2016,11,13,6,3,5,3,0,1,0,1,0,0,0,0,5.7029E+20,5.40829E+21,9.95763E+15,4.88236E+16
41395,41396,8,3,27,33,2016,11,17,3,3,4,1,1,1,0,1,0,0,0,0,4.88474E+20,5.32499E+21,8.84526E+15,4.8078E+16
41396,41397,8,3,17,1,2016,11,7,3,3,3,6,0,0,0,1,0,0,1,0,4.28613E+20,5.38871E+21,8.03082E+15,4.86474E+16
41397,41398,8,2,26,76,2016,11,13,2,3,2,6,0,0,0,1,0,0,0,0,4.73128E+20,5.46393E+21,8.63018E+15,4.93275E+16
41398,41399,8,1,25,26,2016,11,15,6,2,9,1,0,1,0,1,0,0,0,0,4.95973E+20,5.44612E+21,8.94476E+15,4.91679E+16
41399,41400,8,1,15,3,2016,11,6,6,3,5,3,2,1,1,0,0,0,0,1,5.00551E+20,5.39286E+21,9.00749E+15,4.86888E+16
41400,41401,8,2,15,17,2016,11,9,6,3,2,6,0,0,0,1,0,0,0,0,4.59508E+20,5.42007E+21,8.44714E+15,4.89322E+16
41401,41402,8,4,35,34,2016,11,17,5,2,5,3,0,0,0,1,0,1,0,0,5.29722E+20,5.2848E+21,9.39628E+15,4.77159E+16
41402,41403,8,1,35,31,2016,11,6,2,3,5,3,2,0,0,1,0,0,0,0,5.95376E+20,5.38072E+21,1.0293E+16,4.85723E+16
41403,41404,8,1,19,75,2016,11,13,5,3,4,6,0,0,0,1,0,0,0,1,5.39049E+20,5.42724E+21,9.53385E+15,4.89968E+16
41404,41405,8,1,17,30,2016,11,20,2,3,5,3,2,0,0,1,0,0,0,0,5.47534E+20,5.38988E+21,9.64551E+15,4.86602E+16
41405,41406,8,2,26,31,2016,11,13,6,3,2,6,0,1,0,1,0,0,1,0,4.73421E+20,5.49326E+21,8.63224E+15,4.95914E+16
41406,41407,8,3,17,96,2016,11,11,1,3,3,6,0,0,0,1,0,1,0,0,4.21701E+20,5.3697E+21,7.94057E+15,4.84756E+16
41407,41408,8,1,16,14,2016,11,22,1,3,8,1,2,0,0,1,0,0,0,1,5.29308E+20,5.39579E+21,9.39843E+15,4.87144E+16
41408,41409,8,1,18,7,2016,11,5,4,3,5,3,2,1,0,1,0,0,0,0,5.14452E+20,5.42896E+21,9.19764E+15,4.90134E+16
41409,41410,8,1,19,20,2016,11,11,7,2,5,3,0,0,1,1,0,0,0,0,5.18853E+20,5.40644E+21,9.25679E+15,4.88107E+16
41410,41411,8,1,18,73,2016,11,12,4,2,5,3,0,0,0,1,0,0,0,0,4.97091E+20,5.42004E+21,8.96028E+15,4.89333E+16
41411,41412,8,1,19,79,2016,11,7,6,3,6,2,2,1,0,1,1,0,0,0,5.21752E+20,5.41118E+21,9.29652E+15,4.88532E+16
41412,41413,8,1,25,30,2016,11,18,3,3,8,1,2,1,0,1,0,0,0,0,5.16874E+20,5.43697E+21,9.23109E+15,4.90853E+16
41413,41414,8,4,15,61,2016,11,8,4,3,6,7,0,1,0,0,0,0,1,1,5.1164E+20,5.36415E+21,9.15735E+15,4.84304E+16
41414,41415,8,2,16,63,2016,11,15,7,3,5,2,0,0,0,1,0,0,0,0,4.30731E+20,5.40261E+21,8.05723E+15,4.87726E+16
41415,41416,8,1,25,65,2016,11,17,4,3,6,4,2,1,0,1,1,0,0,0,5.15998E+20,5.44749E+21,9.21952E+15,4.918E+16
41416,41417,8,1,19,93,2016,11,12,6,2,5,1,0,1,1,1,0,0,0,0,5.23923E+20,5.40624E+21,9.32583E+15,4.88087E+16
41417,41418,8,3,36,80,2016,11,12,6,3,4,6,0,1,0,1,0,0,0,0,4.16357E+20,5.29373E+21,7.88319E+15,4.77915E+16
41418,41419,8,1,36,82,2016,11,6,6,3,4,2,2,1,0,1,0,0,0,0,5.85513E+20,5.41528E+21,1.01664E+16,4.88846E+16
41419,41420,8,3,17,31,2016,11,17,3,2,6,4,2,1,0,1,1,0,1,0,4.16637E+20,5.35833E+21,7.87433E+15,4.83727E+16
41420,41421,8,2,15,109,2016,11,7,3,3,2,6,1,0,0,1,0,0,0,0,4.62824E+20,5.43836E+21,8.49075E+15,4.9097E+16
41421,41422,8,4,25,79,2016,11,5,6,2,4,1,2,1,0,1,0,0,1,0,5.55156E+20,5.37364E+21,9.74684E+15,4.85135E+16
41422,41423,8,4,36,5,2016,11,13,5,3,2,6,0,0,0,1,0,0,0,0,5.398E+20,5.30898E+21,9.53285E+15,4.79329E+16
41423,41424,8,1,15,13,2016,11,14,6,3,9,7,0,1,0,1,0,0,0,0,4.9605E+20,5.38839E+21,8.94637E+15,4.86485E+16
41424,41425,8,3,15,59,2016,11,16,5,2,3,6,1,0,0,1,0,1,0,0,4.00556E+20,5.32241E+21,7.66565E+15,4.80472E+16
41425,41426,8,1,16,49,2016,11,17,5,3,2,6,1,0,0,1,0,0,0,0,5.25556E+20,5.38485E+21,9.34675E+15,4.86162E+16
41426,41427,8,1,16,19,2016,11,17,2,3,6,4,2,0,0,0,1,0,0,1,5.23594E+20,5.39811E+21,9.32088E+15,4.87356E+16
41427,41428,8,2,37,61,2016,11,10,6,3,2,6,0,1,0,1,0,0,0,0,4.69072E+20,5.36647E+21,8.58173E+15,4.84506E+16
41428,41429,8,2,36,46,2016,11,22,1,3,8,1,2,0,0,1,0,0,0,0,4.86226E+20,5.42111E+21,8.81189E+15,4.89428E+16
41429,41430,8,4,35,16,2016,11,4,7,3,9,7,2,1,0,1,0,0,0,0,5.35524E+20,5.27774E+21,9.47305E+15,4.76521E+16
41430,41431,8,4,25,17,2016,11,9,4,3,5,3,0,1,0,1,0,0,0,0,5.57067E+20,5.36783E+21,9.77192E+15,4.8461E+16
41431,41432,8,1,21,0,2016,11,21,7,3,2,6,2,0,0,1,0,0,0,0,5.15598E+20,5.44392E+21,9.21389E+15,4.91479E+16
41432,41433,8,1,19,85,2016,11,20,3,3,5,3,2,1,0,1,0,0,0,0,5.28822E+20,5.41244E+21,9.39299E+15,4.88642E+16
41433,41434,8,3,25,72,2016,11,7,7,3,3,6,0,2,0,1,0,0,1,0,4.69689E+20,5.3263E+21,8.59296E+15,4.80892E+16
41434,41435,8,3,17,96,2016,11,14,4,3,0,7,0,0,1,0,0,0,0,0,4.21733E+20,5.3688E+21,7.94118E+15,4.84675E+16
41435,41436,8,2,31,0,2016,11,10,5,3,6,4,0,0,0,1,1,0,0,0,4.77651E+20,5.41537E+21,8.69512E+15,4.88909E+16
41436,41437,8,1,11,0,2016,11,15,5,3,4,6,0,0,0,1,0,0,0,0,5.1893E+20,5.40472E+21,9.25775E+15,4.87952E+16
41437,41438,8,4,26,44,2016,11,11,5,3,5,3,0,1,0,1,0,0,0,0,5.80093E+20,5.32695E+21,1.00756E+16,4.80908E+16
41438,41439,8,2,26,76,2016,11,16,5,3,2,6,2,1,0,1,0,0,0,0,4.73184E+20,5.46571E+21,8.63082E+15,4.93436E+16
41439,41440,8,2,35,67,2016,11,17,5,3,2,6,1,0,0,1,0,0,0,0,4.88712E+20,5.39929E+21,8.84645E+15,4.87466E+16
41440,41441,8,4,26,35,2016,11,11,1,3,8,1,0,0,0,1,0,0,0,0,5.39272E+20,5.32915E+21,9.52764E+15,4.81144E+16
41441,41442,8,2,37,4,2016,11,14,6,3,9,1,0,1,0,1,0,0,0,0,4.54815E+20,5.37412E+21,8.38811E+15,4.85186E+16
41442,41443,8,1,16,58,2016,11,23,4,3,8,1,2,1,0,1,0,0,0,0,5.34147E+20,5.39683E+21,9.4643E+15,4.87235E+16
41443,41444,8,1,18,73,2016,11,17,3,3,2,6,2,1,0,1,0,0,0,0,4.99638E+20,5.41846E+21,8.99506E+15,4.8919E+16
41444,41445,8,4,36,55,2016,11,21,2,3,4,2,2,0,0,1,0,0,0,0,5.76829E+20,5.29727E+21,1.00265E+16,4.78242E+16
41445,41446,8,2,15,9,2016,11,11,6,3,2,6,0,1,0,1,0,0,0,0,4.65879E+20,5.43777E+21,8.53264E+15,4.90919E+16
41446,41447,8,2,22,0,2016,11,13,2,3,5,3,0,0,0,1,0,0,0,0,4.65196E+20,5.47953E+21,8.51965E+15,4.94674E+16
41447,41448,8,3,17,150,2016,11,18,7,3,8,1,2,1,0,1,0,0,0,0,4.08718E+20,5.36115E+21,7.76681E+15,4.83969E+16
41448,41449,8,2,12,0,2016,11,8,4,3,2,6,0,1,0,1,0,0,0,1,4.59052E+20,5.42721E+21,8.44019E+15,4.89964E+16
41449,41450,8,2,22,0,2016,11,17,5,3,2,6,2,1,0,1,0,0,0,0,4.64027E+20,5.4802E+21,8.50345E+15,4.94734E+16
41450,41451,8,4,35,20,2016,11,13,4,3,4,6,0,1,0,1,0,0,0,0,5.22223E+20,5.29917E+21,9.29703E+15,4.78455E+16
41451,41452,8,1,18,80,2016,11,19,4,3,2,6,2,1,0,1,0,0,0,0,5.07902E+20,5.41179E+21,9.10773E+15,4.8859E+16
41452,41453,8,4,35,67,2016,11,8,6,3,2,2,0,1,0,1,0,0,0,0,5.27293E+20,5.29176E+21,9.36433E+15,4.77786E+16
41453,41454,8,1,36,82,2016,11,6,6,3,2,6,2,1,0,1,0,0,0,0,5.84309E+20,5.41567E+21,1.01501E+16,4.88882E+16
41454,41455,8,3,36,50,2016,11,17,3,3,1,6,0,0,0,1,0,0,0,0,3.98546E+20,5.27239E+21,7.65041E+15,4.7597E+16
41455,41456,8,2,22,0,2016,11,6,3,3,2,6,1,1,0,1,0,0,0,0,4.65197E+20,5.47953E+21,8.51966E+15,4.94674E+16
41456,41457,8,1,11,0,2016,11,18,3,3,2,6,2,1,0,1,0,0,0,0,5.07682E+20,5.40597E+21,9.10462E+15,4.88067E+16
41457,41458,8,3,17,96,2016,11,6,2,3,5,3,2,0,1,1,0,0,0,0,4.22155E+20,5.37042E+21,7.94657E+15,4.84821E+16
41458,41459,8,1,11,0,2016,11,15,4,3,2,6,0,1,0,1,0,0,0,0,5.12671E+20,5.40171E+21,9.17243E+15,4.87683E+16
41459,41460,8,1,11,0,2016,11,18,7,3,2,6,2,0,0,1,0,0,0,0,5.14724E+20,5.40463E+21,9.20048E+15,4.87945E+16
41460,41461,8,1,35,19,2016,11,15,6,3,1,3,0,1,0,1,0,0,0,0,5.8516E+20,5.39144E+21,1.01567E+16,4.86702E+16
41461,41462,8,4,26,97,2016,11,18,3,3,5,3,2,1,0,1,0,0,0,0,5.36022E+20,5.33646E+21,9.48459E+15,4.81804E+16
41462,41463,8,1,17,14,2016,11,18,3,3,2,6,2,0,0,1,0,0,0,1,5.5468E+20,5.38432E+21,9.7418E+15,4.86095E+16
41463,41464,8,3,35,75,2016,11,17,2,2,2,6,1,0,0,1,0,0,0,0,4.92925E+20,5.2896E+21,8.90559E+15,4.77598E+16
41464,41465,8,1,28,82,2016,11,14,6,3,8,1,0,1,0,1,0,0,0,0,5.6161E+20,5.47039E+21,9.84887E+15,4.93831E+16
41465,41466,8,2,31,0,2016,11,17,6,3,5,3,2,1,0,1,0,0,0,1,4.7845E+20,5.41601E+21,8.70598E+15,4.88966E+16
41466,41467,8,2,25,117,2016,11,7,2,3,2,1,0,0,0,1,0,0,0,1,5.11323E+20,5.46865E+21,9.15597E+15,4.93705E+16
41467,41468,8,4,26,21,2016,11,18,1,3,5,3,2,0,0,1,0,1,0,0,5.57183E+20,5.32763E+21,9.76806E+15,4.80994E+16
41468,41469,8,1,27,63,2016,11,13,1,2,8,1,0,0,0,1,0,0,0,0,5.7047E+20,5.43578E+21,9.96484E+15,4.90708E+16
41469,41470,8,2,15,17,2016,11,12,7,3,9,3,0,0,0,1,0,0,0,0,4.57894E+20,5.42393E+21,8.42471E+15,4.89669E+16
41470,41471,8,2,21,0,2016,11,8,4,3,1,5,0,1,1,1,0,0,0,0,4.8217E+20,5.47443E+21,8.75414E+15,4.94223E+16
41471,41472,8,2,15,102,2016,11,11,5,3,2,6,0,0,0,1,0,0,1,0,4.57525E+20,5.43783E+21,8.41821E+15,4.90918E+16
41472,41473,8,4,26,21,2016,11,8,4,3,3,7,0,1,1,1,0,0,0,0,5.58561E+20,5.32802E+21,9.78661E+15,4.81027E+16
41473,41474,8,2,36,28,2016,11,12,7,3,3,6,0,0,0,1,0,1,0,0,4.93429E+20,5.42233E+21,8.91024E+15,4.89538E+16
41474,41475,8,1,27,59,2016,11,11,4,2,8,1,0,1,0,1,0,0,0,0,5.47371E+20,5.43764E+21,9.64883E+15,4.90898E+16
41475,41476,8,4,16,15,2016,11,17,6,3,5,3,1,1,0,1,0,1,0,0,5.06164E+20,5.3665E+21,9.08336E+15,4.84516E+16
41476,41477,8,1,28,138,2016,11,15,6,3,8,1,0,1,0,1,0,0,0,0,5.39497E+20,5.48072E+21,9.54524E+15,4.94778E+16
41477,41478,8,3,26,74,2016,11,17,3,3,6,3,2,1,0,1,1,0,0,0,4.59555E+20,5.3243E+21,8.45706E+15,4.80707E+16
41478,41479,8,2,36,75,2016,11,20,3,2,8,6,2,1,0,1,0,0,0,0,4.81463E+20,5.42472E+21,8.74669E+15,4.89751E+16
41479,41480,8,1,18,73,2016,11,12,6,3,9,1,0,1,0,1,0,0,0,0,4.98279E+20,5.41636E+21,8.97652E+15,4.89002E+16
41480,41481,8,1,11,0,2016,11,13,6,3,2,6,0,0,0,1,0,0,0,1,5.17541E+20,5.4031E+21,9.23877E+15,4.87806E+16
41481,41482,8,2,12,0,2016,11,16,6,3,5,3,1,0,0,1,0,0,1,0,4.58395E+20,5.42683E+21,8.43126E+15,4.8993E+16
41482,41483,8,4,17,79,2016,11,15,5,2,5,3,0,1,0,1,0,0,1,0,4.97551E+20,5.34016E+21,8.96703E+15,4.82147E+16
41483,41484,8,1,28,7,2016,11,14,2,2,3,6,0,0,0,1,0,0,1,0,5.59609E+20,5.47362E+21,9.82178E+15,4.94124E+16
41484,41485,8,1,18,48,2016,11,14,5,3,6,4,0,0,0,1,1,0,0,0,5.12329E+20,5.41526E+21,9.16819E+15,4.88902E+16
41485,41486,8,1,16,71,2016,11,14,2,3,2,6,0,0,0,1,0,0,0,0,5.27526E+20,5.39121E+21,9.3739E+15,4.86733E+16
41486,41487,8,2,35,57,2016,11,13,6,3,1,2,0,1,0,1,0,0,0,0,4.89217E+20,5.39713E+21,8.85337E+15,4.87271E+16
41487,41488,8,1,25,46,2016,11,18,6,3,2,6,2,1,0,1,0,0,0,1,5.1972E+20,5.43393E+21,9.26993E+15,4.9058E+16
41488,41489,8,1,16,80,2016,11,16,6,2,6,4,2,1,0,0,1,1,0,0,5.16947E+20,5.39618E+21,9.2304E+15,4.87184E+16
41489,41490,8,2,21,0,2016,11,13,6,3,1,6,0,1,0,1,0,0,0,0,4.78678E+20,5.47345E+21,8.70605E+15,4.94134E+16
41490,41491,8,3,37,125,2016,11,12,5,3,2,6,0,0,0,1,0,0,0,0,4.5178E+20,5.27362E+21,8.35835E+15,4.76142E+16
41491,41492,8,2,12,0,2016,11,6,2,3,6,2,2,0,0,1,1,0,0,0,4.52478E+20,5.42829E+21,8.3502E+15,4.90057E+16
41492,41493,8,1,21,0,2016,11,7,5,3,0,1,0,1,0,0,0,1,0,0,5.16268E+20,5.44148E+21,9.22298E+15,4.91259E+16
41493,41494,8,1,21,0,2016,11,13,2,3,3,6,0,0,0,1,0,0,1,0,5.14156E+20,5.44128E+21,9.19402E+15,4.91242E+16
41494,41495,8,2,35,80,2016,11,11,6,3,4,2,0,1,0,1,0,0,0,0,4.82319E+20,5.38716E+21,8.76001E+15,4.86372E+16
41495,41496,8,4,16,36,2016,11,5,1,3,2,6,2,1,0,1,0,0,0,0,4.87411E+20,5.37096E+21,8.82961E+15,4.84916E+16
41496,41497,8,1,16,15,2016,11,12,1,3,2,6,0,0,0,1,0,0,0,0,5.22506E+20,5.39474E+21,9.3059E+15,4.87053E+16
41497,41498,8,1,35,19,2016,11,13,5,3,1,6,0,0,0,1,0,0,0,0,5.84871E+20,5.39191E+21,1.01529E+16,4.86745E+16
41498,41499,8,3,37,96,2016,11,6,4,3,4,6,1,0,0,1,0,0,0,0,4.19473E+20,5.26742E+21,7.92964E+15,4.75552E+16
41499,41500,8,1,36,42,2016,11,17,7,3,2,6,2,1,0,1,0,0,0,0,5.51196E+20,5.40452E+21,9.69704E+15,4.87915E+16
41500,41501,8,1,25,27,2016,11,6,4,3,2,6,2,1,0,1,0,0,0,0,5.18271E+20,5.44703E+21,9.25069E+15,4.91758E+16
41501,41502,8,1,19,8,2016,11,15,6,3,6,4,0,1,0,1,1,0,0,0,5.32049E+20,5.42111E+21,9.43767E+15,4.89421E+16
41502,41503,8,3,36,69,2016,11,17,6,3,2,6,2,1,0,1,0,1,0,0,4.07222E+20,5.26892E+21,7.76653E+15,4.75671E+16
41503,41504,8,1,28,115,2016,11,11,6,3,8,1,0,2,0,1,0,0,0,0,5.50806E+20,5.4956E+21,9.70326E+15,4.96109E+16
41504,41505,8,1,15,45,2016,11,13,3,3,3,6,0,1,0,1,0,0,1,0,5.03728E+20,5.39756E+21,9.0507E+15,4.87311E+16
41505,41506,8,4,35,59,2016,11,9,5,3,6,4,0,1,0,1,1,0,0,0,5.13129E+20,5.29095E+21,9.17523E+15,4.77718E+16
41506,41507,8,1,11,0,2016,11,18,6,3,2,6,2,1,0,1,0,0,0,0,5.12158E+20,5.39471E+21,9.16525E+15,4.87053E+16
41507,41508,8,3,11,0,2016,11,10,5,3,0,1,0,1,1,0,1,0,0,0,4.15157E+20,5.31599E+21,7.86281E+15,4.79916E+16
41508,41509,8,1,16,19,2016,11,16,5,3,3,6,0,0,0,1,0,0,0,0,5.2345E+20,5.39702E+21,9.31886E+15,4.87258E+16
41509,41510,8,1,11,0,2016,11,14,2,3,5,3,0,0,1,1,0,0,0,0,5.14105E+20,5.40604E+21,9.1921E+15,4.88072E+16
41510,41511,8,2,36,74,2016,11,13,6,3,1,5,0,1,0,1,0,0,0,0,4.73612E+20,5.41987E+21,8.63972E+15,4.89312E+16
41511,41512,8,1,36,88,2016,11,16,1,3,2,6,1,0,0,1,0,0,0,0,5.82623E+20,5.40709E+21,1.01254E+16,4.88113E+16
41512,41513,8,4,16,41,2016,11,23,7,3,8,1,2,1,0,1,0,0,0,0,5.06744E+20,5.37308E+21,9.09132E+15,4.85108E+16
41513,41514,8,1,16,77,2016,11,12,4,3,2,6,0,1,0,1,0,0,0,0,5.14482E+20,5.39166E+21,9.19673E+15,4.86778E+16
41514,41515,8,1,17,26,2016,11,5,7,3,5,2,2,1,0,1,0,0,0,0,5.50197E+20,5.39335E+21,9.68208E+15,4.86912E+16
41515,41516,8,1,19,90,2016,11,6,3,3,2,6,1,0,0,1,0,0,0,0,5.31919E+20,5.40633E+21,9.43473E+15,4.88091E+16