FID,OBJECTID,ULAND,UREGBEZ,UKREIS,UGEMEINDE,UJAHR,UMONAT,USTUNDE,UWOCHENTAG,UKATEGORIE,UART,UTYP1,ULICHTVERH,IstStrasse,IstRad,IstPKW,IstFuss,IstKrad,IstGkfz,IstSonstig,LINREFX,LINREFY,XGCSWGS84,YGCSWGS84
41516,41517,8,1,11,0,2016,11,0,3,2,0,7,2,1,1,0,0,0,0,0,5.14926E+20,5.40272E+21,9.20316E+15,4.87773E+16
41517,41518,8,2,12,0,2016,11,8,1,2,8,7,0,0,0,0,0,0,0,1,4.58487E+20,5.42428E+21,8.43278E+15,4.89701E+16
41518,41519,8,1,15,3,2016,11,16,1,3,5,2,0,0,0,1,0,0,0,0,4.99031E+20,5.39265E+21,8.98684E+15,4.86869E+16
41519,41520,8,1,18,40,2016,11,13,4,3,2,6,0,1,0,1,0,0,0,0,5.10824E+20,5.43125E+21,9.14808E+15,4.9034E+16
41520,41521,8,1,36,35,2016,11,13,7,1,4,6,0,1,0,1,0,0,0,0,5.80574E+20,5.43031E+21,1.01021E+16,4.90204E+16
41521,41522,8,4,21,0,2016,11,15,5,3,5,3,0,0,0,1,0,0,0,0,5.75148E+20,5.36591E+21,1.00161E+16,4.84419E+16
41522,41523,8,4,16,48,2016,11,17,7,3,5,2,2,1,0,1,0,0,0,0,4.9755E+20,5.37533E+21,8.96681E+15,4.85311E+16
41523,41524,8,4,35,36,2016,11,7,4,2,5,3,1,1,0,1,0,1,0,0,5.20339E+20,5.28264E+21,9.27107E+15,4.76968E+16
41524,41525,8,2,12,0,2016,11,18,5,3,2,6,2,0,0,1,0,0,0,0,4.58781E+20,5.42599E+21,8.43663E+15,4.89854E+16
41525,41526,8,1,11,0,2016,11,20,5,3,2,6,2,1,0,1,0,0,0,0,5.14772E+20,5.40304E+21,9.20108E+15,4.87802E+16
41526,41527,8,1,15,45,2016,11,18,4,3,5,3,2,0,0,1,0,0,0,0,4.99766E+20,5.39466E+21,8.99682E+15,4.8705E+16
41527,41528,8,4,36,11,2016,11,16,3,3,4,2,1,0,1,1,0,0,0,0,5.48752E+20,5.29725E+21,9.65137E+15,4.78268E+16
41528,41529,8,1,18,76,2016,11,18,3,2,6,4,2,1,0,1,1,0,0,0,5.04745E+20,5.42295E+21,9.06482E+15,4.89595E+16
41529,41530,8,4,21,0,2016,11,21,2,3,2,6,2,0,0,1,0,0,0,0,5.70786E+20,5.36427E+21,9.95687E+15,4.84276E+16
41530,41531,8,2,37,40,2016,11,7,6,3,1,7,0,1,0,1,0,0,0,1,4.7717E+20,5.36554E+21,8.6913E+15,4.84426E+16
41531,41532,8,2,15,9,2016,11,17,2,3,2,6,0,0,0,1,0,0,0,0,4.66591E+20,5.43911E+21,8.54228E+15,4.91039E+16
41532,41533,8,2,36,46,2016,11,17,6,3,3,6,2,0,0,1,0,0,0,0,4.83967E+20,5.41638E+21,8.78124E+15,4.89002E+16
41533,41534,8,3,37,96,2016,11,18,7,3,4,1,2,1,0,1,0,0,0,0,4.24192E+20,5.26772E+21,7.99231E+15,4.75585E+16
41534,41535,8,3,11,0,2016,11,16,4,3,3,1,1,1,0,1,0,0,0,0,4.14724E+20,5.3224E+21,7.85572E+15,4.80492E+16
41535,41536,8,2,26,6,2016,11,19,5,3,8,1,2,1,0,1,0,0,0,0,4.82548E+20,5.46795E+21,8.75964E+15,4.9364E+16
41536,41537,8,4,36,81,2016,11,8,4,3,2,6,0,1,0,1,0,1,0,0,5.62966E+20,5.28144E+21,9.83898E+15,4.76833E+16
41537,41538,8,2,16,49,2016,11,17,4,2,3,6,2,1,1,1,0,0,0,0,4.38736E+20,5.40086E+21,8.16643E+15,4.87577E+16
41538,41539,8,4,36,64,2016,11,13,6,3,2,6,0,1,0,1,0,0,0,0,5.46598E+20,5.29038E+21,9.62186E+15,4.77651E+16
41539,41540,8,1,27,47,2016,11,8,6,2,9,1,0,1,0,1,0,0,0,0,5.61422E+20,5.4571E+21,9.84422E+15,4.92636E+16
41540,41541,8,4,25,39,2016,11,6,3,2,8,1,2,0,0,1,0,0,0,0,5.65393E+20,5.35402E+21,9.88239E+15,4.8336E+16
41541,41542,8,3,15,98,2016,11,7,3,3,4,2,1,0,0,1,0,0,0,1,4.08135E+20,5.31282E+21,7.76938E+15,4.79621E+16
41542,41543,8,1,16,19,2016,11,14,3,3,2,6,0,1,0,1,0,0,0,0,5.22851E+20,5.39892E+21,9.31083E+15,4.87429E+16
41543,41544,8,3,25,60,2016,11,19,2,3,9,1,2,0,0,1,0,0,0,0,4.66068E+20,5.33907E+21,8.54331E+15,4.8204E+16
41544,41545,8,1,26,11,2016,11,14,6,3,8,1,0,1,0,1,0,0,0,0,5.27501E+20,5.44747E+21,9.37735E+15,4.91794E+16
41545,41546,8,1,16,73,2016,11,10,6,3,5,3,0,1,0,1,0,0,0,0,5.21762E+20,5.38871E+21,9.29547E+15,4.86511E+16
41546,41547,8,2,26,60,2016,11,15,6,2,4,6,0,1,0,1,0,0,0,0,4.76063E+20,5.4622E+21,8.67068E+15,4.9312E+16
41547,41548,8,2,16,7,2016,11,18,2,3,5,3,2,0,0,1,0,1,0,0,4.36019E+20,5.39344E+21,8.13062E+15,4.86907E+16
41548,41549,8,1,27,76,2016,11,7,2,3,5,1,2,0,1,1,0,0,0,0,5.52466E+20,5.4396E+21,9.71885E+15,4.9107E+16
41549,41550,8,2,36,13,2016,11,7,6,3,5,3,0,1,0,1,0,1,0,0,4.74208E+20,5.40862E+21,8.64857E+15,4.883E+16
41550,41551,8,4,25,33,2016,11,17,1,2,9,1,2,0,0,1,0,0,0,0,5.56627E+20,5.34722E+21,9.76319E+15,4.82757E+16
41551,41552,8,1,19,91,2016,11,11,1,3,3,6,0,0,0,1,0,0,0,0,5.27854E+20,5.40693E+21,9.37942E+15,4.88148E+16
41552,41553,8,2,37,19,2016,11,10,7,3,2,2,0,1,0,1,0,0,0,0,4.64117E+20,5.37229E+21,8.51423E+15,4.85027E+16
41553,41554,8,2,21,0,2016,11,9,4,2,6,2,0,1,0,1,1,0,0,0,4.77286E+20,5.46997E+21,8.68705E+15,4.9382E+16
41554,41555,8,1,15,29,2016,11,20,5,2,6,6,2,0,1,0,1,0,0,0,4.95833E+20,5.40023E+21,8.9433E+15,4.87551E+16
41555,41556,8,4,17,8,2016,11,17,4,3,5,3,2,1,0,1,0,0,1,0,4.89756E+20,5.35178E+21,8.86182E+15,4.83192E+16
41556,41557,8,2,21,0,2016,11,14,7,3,3,7,0,0,1,1,1,0,0,0,4.76561E+20,5.47275E+21,8.6769E+15,4.9407E+16
41557,41558,8,1,25,110,2016,11,18,4,3,5,3,2,1,1,1,0,0,0,0,5.24865E+20,5.44386E+21,9.34096E+15,4.9147E+16
41558,41559,8,1,18,12,2016,11,13,6,3,2,6,0,1,0,1,0,0,0,0,5.01487E+20,5.41645E+21,9.02029E+15,4.8901E+16
41559,41560,8,3,36,45,2016,11,11,6,3,5,3,0,1,0,1,0,0,0,0,3.9849E+20,5.28073E+21,7.64774E+15,4.7672E+16
41560,41561,8,3,17,1,2016,11,5,3,2,5,2,2,0,0,1,0,1,0,0,4.30456E+20,5.38628E+21,8.05624E+15,4.86257E+16
41561,41562,8,1,19,20,2016,11,23,1,3,8,1,2,0,0,1,0,0,0,0,5.19453E+20,5.41056E+21,9.26515E+15,4.88477E+16
41562,41563,8,4,25,66,2016,11,20,4,2,8,7,2,1,0,1,0,0,0,0,5.76064E+20,5.34642E+21,1.0025E+16,4.82665E+16
41563,41564,8,4,37,124,2016,11,11,5,2,5,3,0,1,1,1,0,0,0,0,5.17151E+20,5.30207E+21,9.22935E+15,4.78718E+16
41564,41565,8,1,11,0,2016,11,16,5,3,5,3,1,0,0,1,0,0,1,0,5.11538E+20,5.39495E+21,9.15683E+15,4.87075E+16
41565,41566,8,3,15,15,2016,11,12,4,3,5,3,0,0,0,1,0,0,0,0,3.98772E+20,5.31526E+21,7.64341E+15,4.79826E+16
41566,41567,8,2,36,46,2016,11,18,7,3,2,6,2,1,0,1,0,0,0,0,4.83102E+20,5.41754E+21,8.76938E+15,4.89106E+16
41567,41568,8,4,37,100,2016,11,19,3,3,2,6,2,0,0,1,0,0,0,0,5.38311E+20,5.31721E+21,9.51366E+15,4.80071E+16
41568,41569,8,1,15,3,2016,11,11,7,3,2,6,0,1,0,1,0,0,0,0,4.98245E+20,5.39125E+21,8.97616E+15,4.86743E+16
41569,41570,8,3,35,35,2016,11,7,3,3,5,3,1,0,0,1,0,0,0,0,4.84685E+20,5.2899E+21,8.79563E+15,4.77623E+16
41570,41571,8,4,36,55,2016,11,18,2,3,2,6,2,0,0,1,0,0,0,0,5.74274E+20,5.29653E+21,9.99221E+15,4.78178E+16
41571,41572,8,2,31,0,2016,11,8,7,3,4,2,0,0,0,1,0,0,0,0,4.77652E+20,5.41538E+21,8.69513E+15,4.88909E+16
41572,41573,8,1,25,46,2016,11,23,7,3,8,6,2,1,0,1,0,0,0,1,5.17363E+20,5.43182E+21,9.23757E+15,4.9039E+16
41573,41574,8,2,36,68,2016,11,17,6,3,5,3,2,0,0,1,0,0,0,0,4.87745E+20,5.41345E+21,8.83288E+15,4.88739E+16
41574,41575,8,1,26,60,2016,11,2,6,3,9,1,2,0,0,1,0,0,0,0,5.44732E+20,5.46087E+21,9.61527E+15,4.9299E+16
41575,41576,8,3,17,59,2016,11,9,2,2,8,7,0,0,0,1,0,0,0,0,4.13477E+20,5.35115E+21,7.83314E+15,4.83076E+16
41576,41577,8,2,37,74,2016,11,14,5,2,4,6,0,0,0,1,0,0,0,1,4.65779E+20,5.36917E+21,8.53698E+15,4.84747E+16
41577,41578,8,2,26,96,2016,11,6,2,3,1,6,2,0,0,1,0,0,0,0,4.73741E+20,5.48862E+21,8.63698E+15,4.95497E+16
41578,41579,8,1,11,0,2016,11,5,7,3,2,6,2,0,0,1,0,0,0,0,5.06882E+20,5.39805E+21,9.09359E+15,4.87355E+16
41579,41580,8,4,25,31,2016,11,17,2,3,2,6,1,0,0,1,0,0,0,0,5.74451E+20,5.36767E+21,1.0007E+16,4.84577E+16
41580,41581,8,3,17,65,2016,11,22,1,3,8,1,2,0,0,1,0,0,0,0,4.17693E+20,5.35616E+21,7.88901E+15,4.83532E+16
41581,41582,8,2,21,0,2016,11,11,4,3,0,3,0,0,0,1,0,1,0,0,4.77168E+20,5.47481E+21,8.68515E+15,4.94255E+16
41582,41583,8,1,17,18,2016,11,17,5,3,5,3,2,0,0,1,0,0,0,0,5.38415E+20,5.39595E+21,9.52225E+15,4.87154E+16
41583,41584,8,3,25,70,2016,11,20,7,3,1,5,2,0,0,1,0,0,0,0,4.62161E+20,5.34977E+21,8.48979E+15,4.83E+16
41584,41585,8,2,25,109,2016,11,7,4,3,8,1,0,1,0,1,0,0,0,0,5.22323E+20,5.49969E+21,9.30924E+15,4.96493E+16
41585,41586,8,3,36,84,2016,11,18,6,3,6,4,2,1,0,1,1,0,0,0,4.05482E+20,5.2773E+21,7.74159E+15,4.76422E+16
41586,41587,8,3,16,56,2016,11,13,3,3,8,1,0,0,0,1,0,0,0,0,4.25142E+20,5.32935E+21,7.99428E+15,4.8113E+16
41587,41588,8,3,36,105,2016,11,7,6,3,5,2,1,0,1,0,0,0,0,1,3.99281E+20,5.26746E+21,7.66131E+15,4.75528E+16
41588,41589,8,4,17,63,2016,11,13,6,3,1,7,0,0,0,1,0,0,0,0,5.0637E+20,5.33772E+21,9.08572E+15,4.81927E+16
41589,41590,8,1,36,65,2016,11,7,6,3,3,6,0,0,0,1,0,1,0,0,5.63574E+20,5.40439E+21,9.86554E+15,4.87893E+16
41590,41591,8,4,17,75,2016,11,19,3,2,4,1,2,1,0,1,0,0,0,0,5.08363E+20,5.33505E+21,9.11248E+15,4.81686E+16
41591,41592,8,1,18,54,2016,11,17,7,3,2,6,2,1,0,1,0,0,0,0,5.16192E+20,5.42292E+21,9.22119E+15,4.8959E+16
41592,41593,8,1,11,0,2016,11,16,7,3,6,4,2,0,0,1,1,0,0,0,5.13421E+20,5.40507E+21,9.18275E+15,4.87985E+16
41593,41594,8,2,12,0,2016,11,6,6,3,5,3,2,0,0,1,0,0,0,0,4.61594E+20,5.42704E+21,8.47496E+15,4.89951E+16
41594,41595,8,1,19,3,2016,11,17,6,3,2,6,0,0,0,1,0,0,0,0,5.34147E+20,5.41766E+21,9.46603E+15,4.8911E+16
41595,41596,8,2,26,103,2016,11,12,2,3,2,6,0,0,0,1,0,0,0,0,4.72177E+20,5.45815E+21,8.6175E+15,4.92754E+16
41596,41597,8,3,11,0,2016,11,19,5,2,5,2,2,0,1,1,0,0,0,0,4.14049E+20,5.31582E+21,7.84798E+15,4.79899E+16
41597,41598,8,1,18,63,2016,11,15,2,3,3,6,0,0,0,1,0,0,0,1,5.16113E+20,5.42325E+21,9.22013E+15,4.8962E+16
41598,41599,8,1,36,88,2016,11,16,7,3,2,6,0,1,0,1,0,0,0,0,5.81354E+20,5.41358E+21,1.01094E+16,4.88698E+16
41599,41600,8,1,16,33,2016,11,7,2,2,6,4,1,0,0,1,1,0,0,0,5.31176E+20,5.38938E+21,9.42334E+15,4.86567E+16
41600,41601,8,2,26,85,2016,11,16,1,3,3,6,0,0,0,1,0,0,0,0,4.94075E+20,5.45273E+21,8.91862E+15,4.92273E+16
41601,41602,8,2,11,0,2016,11,14,4,3,4,6,0,0,0,1,0,0,0,0,4.4101E+20,5.40764E+21,8.19639E+15,4.8819E+16
41602,41603,8,3,17,89,2016,11,20,7,3,5,3,2,1,0,1,0,0,0,0,4.30176E+20,5.37618E+21,8.05414E+15,4.85348E+16
41603,41604,8,3,15,74,2016,11,18,3,3,5,3,2,0,0,1,0,0,0,0,3.94202E+20,5.29681E+21,7.58672E+15,4.78159E+16
41604,41605,8,1,18,48,2016,11,17,1,3,4,2,2,1,0,1,0,0,0,0,5.13699E+20,5.41665E+21,9.18692E+15,4.89026E+16
41605,41606,8,3,27,49,2016,11,12,6,3,5,3,0,0,1,1,0,0,0,0,4.72584E+20,5.32472E+21,8.63194E+15,4.80751E+16
41606,41607,8,2,16,43,2016,11,2,1,2,5,3,2,0,0,1,0,0,0,0,4.44573E+20,5.4125E+21,8.24427E+15,4.8863E+16
41607,41608,8,1,15,50,2016,11,22,5,3,8,1,2,0,0,1,0,0,0,0,4.90736E+20,5.39989E+21,8.87397E+15,4.87519E+16
41608,41609,8,1,16,35,2016,11,17,6,3,2,6,2,0,0,1,0,0,0,0,5.26534E+20,5.39116E+21,9.36042E+15,4.86729E+16
41609,41610,8,2,26,80,2016,11,7,5,2,6,3,0,0,0,1,1,0,0,0,4.86238E+20,5.47558E+21,8.8102E+15,4.94327E+16
41610,41611,8,1,18,40,2016,11,15,4,3,4,6,0,0,0,1,0,0,0,0,5.07631E+20,5.43437E+21,9.10446E+15,4.90622E+16
41611,41612,8,2,26,105,2016,11,15,7,3,2,6,0,1,0,1,0,0,0,0,4.69678E+20,5.47708E+21,8.58169E+15,4.94456E+16
41612,41613,8,1,16,80,2016,11,12,4,3,2,6,0,0,0,1,0,0,0,0,5.18132E+20,5.3976E+21,9.24658E+15,4.87312E+16
41613,41614,8,1,11,0,2016,11,18,7,1,6,4,2,0,0,1,1,0,0,0,5.11773E+20,5.39671E+21,9.16008E+15,4.87233E+16
41614,41615,8,1,18,15,2016,11,7,6,3,1,6,2,0,0,1,0,0,0,0,5.07205E+20,5.42949E+21,9.09854E+15,4.90183E+16
41615,41616,8,2,36,44,2016,11,18,5,3,2,6,2,0,0,1,0,0,0,0,4.81048E+20,5.4072E+21,8.74183E+15,4.88175E+16
41616,41617,8,1,35,15,2016,11,6,2,3,8,1,0,2,0,1,0,0,0,0,5.72456E+20,5.38728E+21,9.98344E+15,4.86344E+16
41617,41618,8,1,11,0,2016,11,6,2,3,2,6,2,0,0,1,0,0,0,0,5.11243E+20,5.40905E+21,9.15321E+15,4.88343E+16
41618,41619,8,1,26,94,2016,11,18,4,3,8,1,2,0,0,1,0,0,0,0,5.34235E+20,5.45281E+21,9.4702E+15,4.92271E+16
41619,41620,8,2,15,9,2016,11,13,7,3,2,6,0,1,0,1,0,0,0,0,4.67755E+20,5.43998E+21,8.55816E+15,4.91119E+16
41620,41621,8,2,26,105,2016,11,16,7,3,2,6,0,0,0,1,0,0,0,1,4.69595E+20,5.47713E+21,8.58055E+15,4.9446E+16
41621,41622,8,2,35,57,2016,11,17,3,3,4,2,2,0,0,1,0,0,0,0,4.88968E+20,5.39717E+21,8.84999E+15,4.87274E+16
41622,41623,8,1,19,90,2016,11,12,3,3,6,4,0,0,0,1,1,0,0,0,5.30822E+20,5.40729E+21,9.41987E+15,4.88178E+16
41623,41624,8,3,17,9,2016,11,0,6,1,4,6,2,1,0,1,0,1,0,0,4.25932E+20,5.36208E+21,7.99916E+15,4.84075E+16
41624,41625,8,1,15,28,2016,11,19,1,3,2,6,2,0,0,1,0,0,0,0,5.02271E+20,5.4015E+21,9.0309E+15,4.87665E+16
41625,41626,8,1,11,0,2016,11,18,5,3,6,2,2,0,0,0,1,0,0,1,5.14894E+20,5.3954E+21,9.20246E+15,4.87114E+16
41626,41627,8,1,11,0,2016,11,7,6,3,2,6,0,0,0,1,0,0,0,0,5.10951E+20,5.40365E+21,9.14908E+15,4.87857E+16
41627,41628,8,2,12,0,2016,11,15,5,3,2,6,0,0,0,1,0,0,0,0,4.55193E+20,5.42859E+21,8.38729E+15,4.90086E+16
41628,41629,8,3,17,65,2016,11,18,4,3,3,2,2,0,1,0,0,0,0,1,4.15543E+20,5.35153E+21,7.86092E+15,4.83113E+16
41629,41630,8,2,31,0,2016,11,21,7,3,4,2,2,0,0,1,0,0,0,0,4.78883E+20,5.41569E+21,8.7119E+15,4.88938E+16
41630,41631,8,1,11,0,2016,11,16,4,3,5,2,2,0,0,1,0,1,0,0,5.18243E+20,5.40037E+21,9.2482E+15,4.8756E+16
41631,41632,8,1,11,0,2016,11,13,7,3,3,7,0,1,0,1,0,0,0,0,5.16351E+20,5.40411E+21,9.22261E+15,4.87898E+16
41632,41633,8,3,37,65,2016,11,19,3,2,8,1,2,0,0,1,0,0,0,0,4.48702E+20,5.27552E+21,8.31717E+15,4.7631E+16
41633,41634,8,1,35,19,2016,11,16,3,3,5,3,1,0,0,1,0,0,0,0,5.85578E+20,5.39108E+21,1.01623E+16,4.86669E+16
41634,41635,8,4,37,86,2016,11,7,2,3,4,6,2,0,0,1,0,0,1,1,5.31388E+20,5.31016E+21,9.42033E+15,4.7944E+16
41635,41636,8,2,12,0,2016,11,16,7,3,2,6,1,1,0,1,0,0,0,0,4.55999E+20,5.42921E+21,8.39825E+15,4.90142E+16
41636,41637,8,1,27,71,2016,11,16,7,3,0,6,0,1,1,1,0,0,0,0,5.70012E+20,5.45481E+21,9.96188E+15,4.9242E+16
41637,41638,8,3,17,5,2016,11,16,6,2,3,6,0,0,0,1,0,0,1,0,4.23171E+20,5.37972E+21,7.95861E+15,4.85658E+16
41638,41639,8,1,27,14,2016,11,15,6,3,2,6,0,0,0,1,0,0,0,0,5.78296E+20,5.44285E+21,1.00733E+16,4.91335E+16
41639,41640,8,3,17,100,2016,11,8,2,3,6,6,0,0,0,0,1,0,0,1,4.23979E+20,5.36686E+21,7.97191E+15,4.84503E+16
41640,41641,8,2,12,0,2016,11,16,3,3,2,6,1,0,0,1,0,0,0,0,4.5308E+20,5.43065E+21,8.35816E+15,4.9027E+16
41641,41642,8,1,16,49,2016,11,17,3,3,2,6,2,0,0,1,0,0,0,0,5.24151E+20,5.38565E+21,9.32772E+15,4.86234E+16
41642,41643,8,4,16,25,2016,11,11,7,3,2,6,0,0,0,1,0,0,0,0,5.029E+20,5.36179E+21,9.03919E+15,4.84093E+16
41643,41644,8,2,31,0,2016,11,16,6,3,2,6,2,0,0,1,0,0,0,0,4.84623E+20,5.41308E+21,8.79031E+15,4.88705E+16
41644,41645,8,4,15,61,2016,11,17,2,3,2,6,2,0,0,1,0,0,0,0,5.15616E+20,5.37069E+21,9.21135E+15,4.84892E+16
41645,41646,8,4,26,70,2016,11,2,1,3,9,1,2,2,0,1,0,0,0,0,5.65845E+20,5.344E+21,9.88693E+15,4.82458E+16
41646,41647,8,1,11,0,2016,11,11,1,3,2,4,0,0,1,1,1,0,0,0,5.13711E+20,5.40233E+21,9.18662E+15,4.87738E+16
41647,41648,8,4,15,50,2016,11,17,4,3,2,6,2,0,0,1,0,0,0,0,5.19564E+20,5.3751E+21,9.26498E+15,4.85287E+16
41648,41649,8,4,21,0,2016,11,22,5,3,4,2,2,1,0,1,0,0,0,0,5.69977E+20,5.35839E+21,9.94496E+15,4.83748E+16
41649,41650,8,1,36,2,2016,11,12,5,2,8,1,0,0,0,0,0,1,0,0,5.72664E+20,5.41757E+21,9.99161E+15,4.89068E+16
41650,41651,8,2,22,0,2016,11,7,4,2,2,6,1,0,0,1,0,0,0,0,4.68774E+20,5.47744E+21,8.5692E+15,4.94488E+16
41651,41652,8,2,26,49,2016,11,13,7,3,1,5,0,1,0,1,0,0,0,0,4.86307E+20,5.46396E+21,8.81155E+15,4.93282E+16
41652,41653,8,4,36,81,2016,11,17,3,3,4,2,2,0,0,1,0,0,0,0,5.56782E+20,5.28112E+21,9.75655E+15,4.7681E+16
41653,41654,8,1,11,0,2016,11,17,7,3,2,6,2,0,0,1,0,0,0,0,5.14735E+20,5.40464E+21,9.20063E+15,4.87946E+16
41654,41655,8,3,27,30,2016,11,18,3,3,4,6,2,0,0,1,0,0,0,0,4.91748E+20,5.32282E+21,8.88925E+15,4.80586E+16
41655,41656,8,4,36,27,2016,11,17,2,2,6,4,2,0,0,1,1,0,0,0,5.38156E+20,5.3117E+21,9.51108E+15,4.79575E+16
41656,41657,8,2,22,0,2016,11,18,7,3,2,6,2,0,0,1,0,0,0,0,4.651E+20,5.47954E+21,8.51832E+15,4.94675E+16
41657,41658,8,1,18,63,2016,11,3,7,3,1,7,2,1,0,1,0,0,1,0,5.16173E+20,5.42292E+21,9.22093E+15,4.8959E+16
41658,41659,8,2,21,0,2016,11,22,6,3,0,1,2,0,0,0,0,1,0,0,4.77022E+20,5.47515E+21,8.68312E+15,4.94286E+16
41659,41660,8,1,25,66,2016,11,18,6,2,5,3,2,0,0,1,0,0,0,0,5.17434E+20,5.43148E+21,9.23853E+15,4.9036E+16
41660,41661,8,3,15,15,2016,11,7,2,3,8,1,0,0,0,1,0,0,0,0,3.98931E+20,5.31672E+21,7.64521E+15,4.79958E+16
41661,41662,8,3,17,96,2016,11,7,5,2,2,6,1,1,0,1,0,0,0,0,4.21632E+20,5.37627E+21,7.9384E+15,4.85346E+16
41662,41663,8,2,12,0,2016,11,16,2,3,0,7,0,0,0,1,0,0,0,0,4.56188E+20,5.4349E+21,8.40022E+15,4.90654E+16
41663,41664,8,1,28,39,2016,11,8,7,2,4,6,0,1,0,1,0,0,0,0,5.29727E+20,5.51429E+21,9.41292E+15,4.97804E+16
41664,41665,8,1,16,41,2016,11,6,2,3,5,3,1,0,0,1,0,1,0,0,5.19719E+20,5.38408E+21,9.26751E+15,4.86095E+16
41665,41666,8,3,16,43,2016,11,16,1,3,8,6,0,0,0,0,0,1,0,0,4.13557E+20,5.333E+21,7.83792E+15,4.81444E+16
41666,41667,8,2,16,43,2016,11,13,4,3,9,7,0,0,0,1,0,0,1,0,4.43832E+20,5.41321E+21,8.23407E+15,4.88693E+16
41667,41668,8,4,17,31,2016,11,20,7,2,9,1,2,1,0,1,0,0,0,0,4.98647E+20,5.357E+21,8.98173E+15,4.83662E+16
41668,41669,8,2,22,0,2016,11,20,4,3,4,2,2,0,0,1,0,0,0,0,4.62513E+20,5.48027E+21,8.48255E+15,4.94739E+16
41669,41670,8,4,36,13,2016,11,13,6,2,4,6,0,0,0,1,0,0,0,0,5.45809E+20,5.29828E+21,9.61217E+15,4.78362E+16
41670,41671,8,4,36,82,2016,11,7,5,2,5,3,0,0,0,1,0,0,0,0,5.46741E+20,5.29384E+21,9.62414E+15,4.77962E+16
41671,41672,8,2,35,85,2016,11,17,2,3,2,6,2,0,0,1,0,0,0,0,4.80188E+20,5.39893E+21,8.73052E+15,4.8743E+16
41672,41673,8,1,28,115,2016,11,5,7,1,8,1,2,1,0,1,0,0,0,0,5.45704E+20,5.49244E+21,9.63227E+15,4.95828E+16
41673,41674,8,1,19,76,2016,11,20,2,2,8,1,2,0,0,1,0,0,0,0,5.41643E+20,5.40653E+21,9.56719E+15,4.88104E+16
41674,41675,8,3,27,36,2016,11,20,1,3,5,3,2,1,0,1,0,0,0,0,4.91116E+20,5.31845E+21,8.88086E+15,4.80193E+16
41675,41676,8,3,25,53,2016,11,18,4,3,5,3,2,0,0,1,0,0,0,0,4.61806E+20,5.34571E+21,8.48536E+15,4.82634E+16
41676,41677,8,3,37,123,2016,11,17,5,2,5,3,2,0,0,1,0,0,1,0,4.52217E+20,5.27895E+21,8.36358E+15,4.76622E+16
41677,41678,8,1,25,30,2016,11,2,5,3,8,1,2,0,0,1,0,0,0,0,5.16518E+20,5.43693E+21,9.22621E+15,4.9085E+16
41678,41679,8,3,35,43,2016,11,12,7,3,5,2,0,1,0,1,0,0,0,0,5.15048E+20,5.2813E+21,9.20051E+15,4.76849E+16
41679,41680,8,2,31,0,2016,11,10,4,3,1,6,0,0,0,1,0,0,0,1,4.77646E+20,5.41528E+21,8.69505E+15,4.88901E+16
41680,41681,8,3,26,74,2016,11,16,6,3,5,3,0,1,0,1,0,0,0,0,4.59555E+20,5.3243E+21,8.45707E+15,4.80707E+16
41681,41682,8,2,22,0,2016,11,19,7,3,3,6,2,0,1,1,0,0,0,0,4.61068E+20,5.48148E+21,8.46248E+15,4.94847E+16
41682,41683,8,4,17,23,2016,11,19,3,3,4,2,2,0,0,1,0,1,0,0,4.91403E+20,5.35353E+21,8.88399E+15,4.83349E+16
41683,41684,8,3,17,96,2016,11,7,3,3,5,3,1,0,1,0,0,0,0,1,4.21205E+20,5.3694E+21,7.93391E+15,4.84728E+16
41684,41685,8,3,16,43,2016,11,7,6,3,2,6,1,0,0,1,0,0,0,0,4.09028E+20,5.33191E+21,7.77729E+15,4.81339E+16
41685,41686,8,1,11,0,2016,11,22,7,2,3,6,2,0,0,1,0,0,0,0,5.09838E+20,5.39518E+21,9.13373E+15,4.87096E+16
41686,41687,8,4,36,55,2016,11,13,6,1,8,6,0,1,0,1,0,0,0,1,5.71532E+20,5.29231E+21,9.95489E+15,4.77802E+16
41687,41688,8,1,25,65,2016,11,21,6,3,9,1,2,0,0,1,0,0,0,0,5.16701E+20,5.4474E+21,9.22916E+15,4.91791E+16
41688,41689,8,1,18,79,2016,11,18,6,3,5,3,2,0,1,1,0,0,0,0,5.10157E+20,5.42183E+21,9.13873E+15,4.89493E+16
41689,41690,8,2,12,0,2016,11,17,5,2,2,6,2,0,1,0,0,0,0,0,4.55697E+20,5.42779E+21,8.39427E+15,4.90014E+16
41690,41691,8,1,15,45,2016,11,10,2,3,3,6,0,0,0,1,0,0,1,0,5.03299E+20,5.39456E+21,9.04484E+15,4.87041E+16
41691,41692,8,1,27,23,2016,11,21,7,3,5,3,2,1,0,1,0,0,0,0,5.50838E+20,5.42616E+21,9.69487E+15,4.89863E+16
41692,41693,8,1,15,3,2016,11,7,2,3,0,1,1,0,1,0,0,0,0,0,5.00715E+20,5.39252E+21,9.00971E+15,4.86857E+16
41693,41694,8,2,12,0,2016,11,19,1,3,0,7,2,0,0,1,0,0,0,0,4.63541E+20,5.4193E+21,8.50227E+15,4.89256E+16
41694,41695,8,1,15,45,2016,11,17,4,3,2,6,2,0,0,1,0,0,0,0,5.03396E+20,5.3946E+21,9.04616E+15,4.87045E+16
41695,41696,8,1,16,47,2016,11,5,7,3,8,1,2,0,0,1,0,0,0,0,5.21052E+20,5.39359E+21,9.28609E+15,4.8695E+16