FID,OBJECTID,ULAND,UREGBEZ,UKREIS,UGEMEINDE,UJAHR,UMONAT,USTUNDE,UWOCHENTAG,UKATEGORIE,UART,UTYP1,ULICHTVERH,IstStrasse,IstRad,IstPKW,IstFuss,IstKrad,IstGkfz,IstSonstig,LINREFX,LINREFY,XGCSWGS84,YGCSWGS84
41696,41697,8,3,16,36,2016,11,13,7,3,0,7,0,1,0,0,0,1,0,0,4.12048E+20,5.32618E+21,7.81905E+15,4.80828E+16
41697,41698,8,2,31,0,2016,11,7,3,3,9,6,0,0,0,1,0,0,1,1,4.77828E+20,5.41754E+21,8.69741E+15,4.89104E+16
41698,41699,8,4,35,52,2016,11,18,7,3,2,6,2,0,0,1,0,0,0,0,5.20734E+20,5.29167E+21,9.27677E+15,4.77781E+16
41699,41700,8,3,17,96,2016,11,8,6,3,2,6,0,0,0,1,0,0,0,0,4.22946E+20,5.3684E+21,7.95765E+15,4.8464E+16
41700,41701,8,1,27,89,2016,11,10,1,3,5,3,0,0,0,1,0,0,0,0,5.63313E+20,5.43709E+21,9.86706E+15,4.90834E+16
41701,41702,8,3,35,43,2016,11,18,6,3,0,1,2,0,0,0,0,1,0,0,5.13277E+20,5.27943E+21,9.17685E+15,4.76681E+16
41702,41703,8,4,16,41,2016,11,20,6,3,2,6,2,0,0,1,0,0,0,0,5.03768E+20,5.37343E+21,9.05102E+15,4.85139E+16
41703,41704,8,2,22,0,2016,11,17,1,3,1,6,2,0,0,1,0,0,0,0,4.64914E+20,5.47918E+21,8.51578E+15,4.94643E+16
41704,41705,8,1,16,16,2016,11,13,5,3,2,6,0,0,0,1,0,0,1,0,5.33558E+20,5.38529E+21,9.45535E+15,4.86198E+16
41705,41706,8,1,15,28,2016,11,7,6,2,5,3,0,0,0,1,0,1,0,0,5.01343E+20,5.4055E+21,9.01829E+15,4.88025E+16
41706,41707,8,2,36,73,2016,11,5,5,2,8,1,2,1,0,1,0,0,0,0,4.79739E+20,5.42131E+21,8.72331E+15,4.89444E+16
41707,41708,8,1,19,68,2016,11,17,4,3,9,1,2,0,0,1,0,0,0,0,5.26437E+20,5.4122E+21,9.36046E+15,4.88622E+16
41708,41709,8,1,11,0,2016,11,2,7,3,6,7,2,0,0,1,1,0,0,0,5.14425E+20,5.40434E+21,9.1964E+15,4.87919E+16
41709,41710,8,2,22,0,2016,11,18,3,3,6,4,2,0,0,1,1,0,0,0,4.65554E+20,5.4761E+21,8.52489E+15,4.94366E+16
41710,41711,8,1,18,79,2016,11,6,3,3,2,6,2,0,0,1,0,0,0,0,5.10209E+20,5.42131E+21,9.13943E+15,4.89446E+16
41711,41712,8,3,16,39,2016,11,17,6,3,1,1,2,0,0,1,0,1,0,0,4.17841E+20,5.32731E+21,7.8966E+15,4.80938E+16
41712,41713,8,4,26,87,2016,11,18,2,3,5,3,2,0,0,1,0,0,0,0,5.70475E+20,5.32898E+21,9.94679E+15,4.81101E+16
41713,41714,8,1,21,0,2016,11,17,1,3,1,6,1,1,0,1,0,0,0,0,5.16442E+20,5.44616E+21,9.22556E+15,4.91681E+16
41714,41715,8,4,26,1,2016,11,19,4,3,9,1,2,1,0,1,0,0,0,0,5.72067E+20,5.3463E+21,9.97111E+15,4.82658E+16
41715,41716,8,4,37,123,2016,11,2,5,3,9,1,2,1,0,0,0,0,0,1,5.03317E+20,5.31199E+21,9.04444E+15,4.79612E+16
41716,41717,8,1,18,11,2016,11,8,5,3,2,6,0,0,0,1,0,0,0,0,5.06004E+20,5.40818E+21,9.08181E+15,4.88265E+16
41717,41718,8,3,15,6,2016,11,13,4,3,4,2,0,0,0,1,0,0,0,0,4.02208E+20,5.31119E+21,7.69037E+15,4.79465E+16
41718,41719,8,2,36,62,2016,11,16,7,3,1,5,0,0,0,1,0,0,0,0,4.86531E+20,5.40479E+21,8.81661E+15,4.8796E+16
41719,41720,8,1,15,28,2016,11,17,1,3,2,6,2,0,0,1,0,0,0,0,5.02217E+20,5.40169E+21,9.03017E+15,4.87682E+16
41720,41721,8,1,15,24,2016,11,18,5,2,6,2,2,0,0,1,1,0,0,0,5.01814E+20,5.38473E+21,9.02461E+15,4.86156E+16
41721,41722,8,1,16,68,2016,11,18,6,3,5,3,2,0,0,1,0,0,0,0,5.26714E+20,5.39017E+21,9.3628E+15,4.8664E+16
41722,41723,8,2,25,52,2016,11,10,5,3,4,6,0,0,0,0,0,0,1,0,5.14088E+20,5.47737E+21,9.19436E+15,4.94488E+16
41723,41724,8,1,17,19,2016,11,18,4,2,3,6,2,0,0,1,0,0,0,0,5.50513E+20,5.39433E+21,9.6865E+15,4.86999E+16
41724,41725,8,2,15,46,2016,11,19,7,3,4,1,2,1,0,1,0,0,0,0,4.49378E+20,5.41673E+21,8.30926E+15,4.89014E+16
41725,41726,8,1,16,19,2016,11,6,4,3,5,2,2,0,1,1,0,0,0,0,5.2047E+20,5.39898E+21,9.27844E+15,4.87435E+16
41726,41727,8,1,11,0,2016,11,18,7,3,5,3,2,1,0,1,0,0,0,1,5.15323E+20,5.39432E+21,9.20825E+15,4.87017E+16
41727,41728,8,4,16,31,2016,11,16,3,3,1,6,2,0,0,1,0,0,0,0,5.02977E+20,5.36308E+21,9.04023E+15,4.84208E+16
41728,41729,8,1,15,28,2016,11,7,3,2,6,4,0,0,0,1,1,0,0,0,5.00785E+20,5.40419E+21,9.01069E+15,4.87907E+16
41729,41730,8,1,16,77,2016,11,6,3,2,4,6,2,0,0,1,0,0,0,0,5.17279E+20,5.39112E+21,9.2347E+15,4.86729E+16
41730,41731,8,3,36,69,2016,11,11,7,3,2,6,0,0,0,1,0,0,0,0,4.06896E+20,5.26908E+21,7.76216E+15,4.75685E+16
41731,41732,8,2,36,46,2016,11,14,6,3,2,6,0,0,0,1,0,0,0,0,4.83587E+20,5.41692E+21,8.77602E+15,4.8905E+16
41732,41733,8,3,35,75,2016,11,19,2,2,6,2,2,0,0,1,1,0,0,0,4.86457E+20,5.28903E+21,8.8193E+15,4.77545E+16
41733,41734,8,2,26,40,2016,11,17,2,3,2,6,2,0,0,1,0,0,0,0,4.73243E+20,5.495E+21,8.62965E+15,4.9607E+16
41734,41735,8,1,27,76,2016,11,15,7,3,2,6,0,1,0,1,0,0,0,0,5.51074E+20,5.43944E+21,9.69977E+15,4.91056E+16
41735,41736,8,1,26,66,2016,11,5,2,1,4,6,2,0,0,1,0,0,0,0,5.34011E+20,5.45111E+21,9.46699E+15,4.92119E+16
41736,41737,8,4,15,92,2016,11,14,1,2,4,6,0,0,0,1,0,0,0,0,5.22312E+20,5.36487E+21,9.30166E+15,4.84366E+16
41737,41738,8,4,36,8,2016,11,13,7,3,0,1,0,1,0,0,0,1,0,0,5.47914E+20,5.31077E+21,9.64168E+15,4.79484E+16
41738,41739,8,3,35,43,2016,11,9,4,3,5,3,0,1,1,1,0,0,0,0,5.13763E+20,5.27985E+21,9.18335E+15,4.76719E+16
41739,41740,8,4,17,79,2016,11,17,5,3,2,6,2,0,0,1,0,0,0,0,4.98251E+20,5.33996E+21,8.97645E+15,4.82128E+16
41740,41741,8,1,28,115,2016,11,14,5,3,5,3,0,0,0,1,0,0,0,0,5.48675E+20,5.49704E+21,9.67395E+15,4.9624E+16
41741,41742,8,4,16,36,2016,11,7,7,2,9,1,0,1,0,0,0,0,0,1,4.94361E+20,5.37341E+21,8.92364E+15,4.85138E+16
41742,41743,8,2,37,54,2016,11,23,4,3,1,5,2,0,0,1,0,0,0,0,4.68265E+20,5.3745E+21,8.57021E+15,4.85228E+16
41743,41744,8,3,26,52,2016,11,11,6,3,5,3,0,1,0,1,0,0,0,0,4.50445E+20,5.33015E+21,8.3341E+15,4.81227E+16
41744,41745,8,2,25,58,2016,11,12,7,3,8,1,0,1,0,1,0,0,0,0,5.11184E+20,5.4697E+21,9.15408E+15,4.93799E+16
41745,41746,8,4,35,66,2016,11,17,3,3,4,6,2,1,1,0,0,0,0,0,5.17773E+20,5.28466E+21,9.23696E+15,4.77151E+16
41746,41747,8,1,11,0,2016,11,13,7,3,5,2,0,1,1,1,0,0,0,0,5.1304E+20,5.39989E+21,9.1774E+15,4.87518E+16
41747,41748,8,3,25,49,2016,11,17,3,3,5,3,2,0,0,1,0,0,0,0,4.74986E+20,5.33104E+21,8.66381E+15,4.81321E+16
41748,41749,8,2,16,17,2016,11,23,7,2,8,1,2,1,0,0,1,0,0,1,4.50306E+20,5.40162E+21,8.32376E+15,4.87656E+16
41749,41750,8,1,11,0,2016,11,18,7,2,6,4,0,0,0,1,1,0,0,0,5.16109E+20,5.40566E+21,9.21938E+15,4.88037E+16
41750,41751,8,1,11,0,2016,11,7,4,3,5,3,1,0,0,0,0,1,0,1,5.0783E+20,5.39612E+21,9.10645E+15,4.87181E+16
41751,41752,8,4,35,52,2016,11,17,6,2,6,4,2,1,0,1,1,0,0,0,5.21564E+20,5.29147E+21,9.28784E+15,4.77762E+16
41752,41753,8,3,36,8,2016,11,16,3,3,5,2,1,0,0,1,0,0,0,0,3.95223E+20,5.2757E+21,7.60543E+15,4.76262E+16
41753,41754,8,1,27,43,2016,11,17,3,2,4,6,2,0,0,0,0,1,0,1,5.63817E+20,5.44876E+21,9.87581E+15,4.91883E+16
41754,41755,8,4,36,64,2016,11,8,2,3,5,3,0,0,0,1,0,0,0,0,5.46231E+20,5.29226E+21,9.61716E+15,4.7782E+16
41755,41756,8,2,31,0,2016,11,17,7,3,2,6,2,0,0,1,0,0,0,0,4.76446E+20,5.41571E+21,8.67865E+15,4.88939E+16
41756,41757,8,1,26,58,2016,11,13,7,3,8,1,0,0,0,1,0,0,0,0,5.46691E+20,5.44994E+21,9.64094E+15,4.92005E+16
41757,41758,8,2,31,0,2016,11,11,6,3,6,4,0,0,0,1,1,0,0,0,4.7546E+20,5.41649E+21,8.66516E+15,4.89009E+16
41758,41759,8,1,27,43,2016,11,18,6,2,6,6,2,0,0,1,1,0,0,0,5.68282E+20,5.44573E+21,9.93656E+15,4.91606E+16
41759,41760,8,3,17,96,2016,11,15,2,3,5,3,0,0,0,1,0,1,0,0,4.21205E+20,5.3694E+21,7.93391E+15,4.84728E+16
41760,41761,8,3,26,74,2016,11,8,5,3,2,6,0,0,0,1,0,0,0,0,4.65335E+20,5.32435E+21,8.53466E+15,4.80715E+16
41761,41762,8,2,36,70,2016,11,18,2,3,1,6,2,0,0,1,0,0,0,0,4.72722E+20,5.41575E+21,8.62785E+15,4.88941E+16
41762,41763,8,1,27,14,2016,11,17,7,2,6,2,2,1,0,1,1,0,0,0,5.78695E+20,5.44349E+21,1.00789E+16,4.91392E+16
41763,41764,8,1,18,47,2016,11,17,2,2,5,3,2,0,0,1,0,1,0,0,5.08776E+20,5.42725E+21,9.11998E+15,4.89981E+16
41764,41765,8,3,25,45,2016,11,15,1,2,4,1,0,0,0,1,0,0,0,0,4.67335E+20,5.34875E+21,8.55963E+15,4.82911E+16
41765,41766,8,3,35,79,2016,11,19,5,2,0,7,2,0,1,0,0,0,0,0,4.99631E+20,5.29876E+21,8.99506E+15,4.78422E+16
41766,41767,8,1,18,54,2016,11,14,5,2,4,6,0,0,0,1,0,0,0,0,5.18622E+20,5.42244E+21,9.25437E+15,4.89546E+16
41767,41768,8,3,26,31,2016,11,16,7,3,5,3,2,1,0,1,0,0,0,0,4.57487E+20,5.33217E+21,8.42852E+15,4.81414E+16
41768,41769,8,2,15,106,2016,11,7,4,3,2,6,1,0,0,1,0,0,0,0,4.67668E+20,5.45729E+21,8.55558E+15,4.92675E+16
41769,41770,8,3,26,74,2016,11,17,6,3,4,2,2,1,0,1,0,0,0,0,4.68007E+20,5.32319E+21,8.5706E+15,4.80612E+16
41770,41771,8,2,16,43,2016,11,5,7,3,5,3,2,1,0,1,0,0,0,0,4.43754E+20,5.41333E+21,8.233E+15,4.88703E+16
41771,41772,8,3,17,122,2016,11,16,3,3,4,2,1,0,0,1,0,0,0,0,4.195E+20,5.36766E+21,7.91119E+15,4.84569E+16
41772,41773,8,3,36,81,2016,11,6,6,3,2,6,2,0,0,1,0,0,0,0,4.11114E+20,5.27737E+21,7.81655E+15,4.76437E+16
41773,41774,8,4,17,63,2016,11,13,6,3,2,6,0,1,0,1,0,0,0,0,5.06367E+20,5.33772E+21,9.08567E+15,4.81927E+16
41774,41775,8,1,16,47,2016,11,13,6,3,3,6,0,0,0,1,0,0,1,0,5.19926E+20,5.39362E+21,9.27078E+15,4.86953E+16
41775,41776,8,1,18,10,2016,11,7,6,3,1,6,1,0,0,1,0,0,0,1,5.04805E+20,5.4297E+21,9.06572E+15,4.90202E+16
41776,41777,8,2,35,20,2016,11,7,5,3,4,6,2,1,0,1,0,0,0,1,4.75175E+20,5.38292E+21,8.66329E+15,4.85988E+16
41777,41778,8,1,35,21,2016,11,14,2,3,5,3,0,1,0,1,0,0,0,0,5.91896E+20,5.38406E+21,1.02465E+16,4.86029E+16
41778,41779,8,1,11,0,2016,11,14,2,3,2,6,0,0,0,1,0,0,0,0,5.16722E+20,5.39872E+21,9.22745E+15,4.87413E+16
41779,41780,8,1,36,46,2016,11,6,4,2,5,3,2,1,0,1,0,0,0,0,5.76883E+20,5.42179E+21,1.005E+16,4.89442E+16
41780,41781,8,2,11,0,2016,11,2,6,3,8,1,2,0,0,1,0,0,0,0,4.41317E+20,5.39951E+21,8.20174E+15,4.87458E+16
41781,41782,8,1,21,0,2016,11,22,6,3,5,3,2,0,0,1,0,0,0,0,5.15938E+20,5.44646E+21,9.21866E+15,4.91708E+16
41782,41783,8,2,26,98,2016,11,14,2,3,2,6,0,0,0,1,0,0,0,0,4.79228E+20,5.45868E+21,8.71439E+15,4.92805E+16
41783,41784,8,3,11,0,2016,11,16,5,2,5,2,1,0,0,1,0,1,0,0,4.12047E+20,5.31528E+21,7.82128E+15,4.79848E+16
41784,41785,8,1,25,102,2016,11,0,2,3,2,6,2,0,0,1,0,0,0,0,5.22105E+20,5.44405E+21,9.30312E+15,4.91488E+16
41785,41786,8,1,25,63,2016,11,4,7,2,9,1,2,0,0,1,0,0,0,0,5.27468E+20,5.46085E+21,9.37782E+15,4.92998E+16
41786,41787,8,1,16,19,2016,11,17,2,3,2,6,2,0,0,1,0,0,0,0,5.2941E+20,5.39884E+21,9.40003E+15,4.87419E+16
41787,41788,8,2,26,10,2016,11,18,1,3,2,6,2,0,0,1,0,0,0,0,4.84824E+20,5.45711E+21,8.7914E+15,4.92666E+16
41788,41789,8,2,15,99,2016,11,7,4,3,2,6,0,0,0,1,0,0,0,0,4.64126E+20,5.44542E+21,8.50795E+15,4.91606E+16
41789,41790,8,3,17,59,2016,11,23,7,3,8,7,2,0,1,0,0,0,0,0,4.12721E+20,5.34944E+21,7.8233E+15,4.82921E+16
41790,41791,8,1,18,14,2016,11,18,1,3,2,1,2,0,1,1,0,0,0,0,5.22139E+20,5.42199E+21,9.30239E+15,4.89504E+16
41791,41792,8,3,27,19,2016,11,7,6,3,2,2,1,0,0,1,0,0,0,0,4.81551E+20,5.3304E+21,8.75207E+15,4.81266E+16
41792,41793,8,3,25,11,2016,11,22,6,3,3,6,2,0,0,1,0,0,0,0,4.71852E+20,5.33916E+21,8.62116E+15,4.8205E+16
41793,41794,8,2,21,0,2016,11,0,1,3,1,5,2,0,1,1,0,0,0,0,4.77533E+20,5.47018E+21,8.69045E+15,4.93839E+16
41794,41795,8,1,15,45,2016,11,18,5,3,2,6,2,0,0,1,0,0,0,0,5.02932E+20,5.39449E+21,9.03985E+15,4.87034E+16
41795,41796,8,4,25,75,2016,11,18,6,2,2,6,2,0,0,0,0,1,0,0,5.63455E+20,5.37544E+21,9.85948E+15,4.85289E+16
41796,41797,8,2,26,98,2016,11,16,5,3,1,6,2,0,0,1,0,0,0,0,4.7833E+20,5.46027E+21,8.70196E+15,4.92948E+16
41797,41798,8,1,18,49,2016,11,5,4,3,5,3,2,0,0,1,0,0,0,0,5.18444E+20,5.42008E+21,9.25183E+15,4.89334E+16
41798,41799,8,1,16,41,2016,11,7,4,2,5,3,2,0,0,1,0,1,0,0,5.18237E+20,5.38288E+21,9.24736E+15,4.85987E+16
41799,41800,8,4,26,14,2016,11,16,6,3,1,6,2,1,0,1,0,0,0,0,5.48181E+20,5.31918E+21,9.64621E+15,4.80241E+16
41800,41801,8,2,12,0,2016,11,7,3,3,2,2,0,0,0,1,0,0,0,1,4.52874E+20,5.42909E+21,8.35552E+15,4.90129E+16
41801,41802,8,1,17,26,2016,11,17,3,3,2,6,2,0,0,1,0,0,0,0,5.48939E+20,5.39369E+21,9.66503E+15,4.86943E+16
41802,41803,8,4,25,124,2016,11,0,7,3,5,3,2,1,0,1,0,0,0,0,5.50837E+20,5.3388E+21,9.68416E+15,4.82004E+16
41803,41804,8,2,36,46,2016,11,14,7,3,2,6,0,1,0,1,0,0,0,0,4.83419E+20,5.41714E+21,8.77372E+15,4.89069E+16
41804,41805,8,2,37,28,2016,11,6,3,3,5,2,2,0,0,1,0,0,0,0,4.5648E+20,5.36802E+21,8.4113E+15,4.84638E+16
41805,41806,8,2,25,113,2016,11,15,3,3,9,1,0,0,0,1,0,0,0,0,5.03011E+20,5.47325E+21,9.04151E+15,4.94119E+16
41806,41807,8,4,26,97,2016,11,17,7,1,6,4,2,1,0,1,1,0,0,0,5.37164E+20,5.33392E+21,9.49973E+15,4.81575E+16
41807,41808,8,3,17,89,2016,11,9,6,3,0,7,0,0,1,1,0,0,0,0,4.30165E+20,5.37618E+21,8.05399E+15,4.85348E+16
41808,41809,8,1,15,28,2016,11,19,1,3,1,6,2,0,0,1,0,0,0,0,4.97863E+20,5.40427E+21,8.97091E+15,4.87915E+16
41809,41810,8,1,15,13,2016,11,9,5,3,1,2,0,0,0,1,0,0,1,0,4.94335E+20,5.38836E+21,8.92309E+15,4.86482E+16
41810,41811,8,1,15,46,2016,11,19,6,3,5,3,2,1,0,1,0,0,0,0,5.08983E+20,5.38943E+21,9.12198E+15,4.86579E+16
41811,41812,8,2,16,23,2016,11,11,5,3,1,6,0,0,0,1,0,0,0,0,4.3751E+20,5.40783E+21,8.1487E+15,4.88203E+16
41812,41813,8,3,26,74,2016,11,7,4,3,5,3,1,0,0,1,0,0,0,0,4.61748E+20,5.32739E+21,8.48623E+15,4.80986E+16
41813,41814,8,2,35,8,2016,11,5,7,2,1,5,2,1,0,1,0,0,0,0,4.78985E+20,5.40133E+21,8.71402E+15,4.87646E+16
41814,41815,8,1,15,21,2016,11,6,4,3,5,3,1,0,1,1,0,0,0,0,4.89655E+20,5.38366E+21,8.85966E+15,4.86059E+16
41815,41816,8,4,26,21,2016,11,13,6,3,1,6,0,1,0,1,0,0,0,0,5.58943E+20,5.3278E+21,9.79171E+15,4.81008E+16
41816,41817,8,4,15,14,2016,11,16,3,3,2,6,2,0,0,1,0,0,0,0,5.24027E+20,5.37532E+21,9.32544E+15,4.85305E+16
41817,41818,8,1,36,21,2016,11,13,3,2,2,6,0,0,0,1,0,0,0,1,5.75951E+20,5.40813E+21,1.00347E+16,4.88215E+16
41818,41819,8,1,11,0,2016,11,18,3,3,2,6,2,0,0,1,0,0,0,0,5.12756E+20,5.40763E+21,9.17377E+15,4.88216E+16
41819,41820,8,3,17,57,2016,11,0,7,3,5,2,2,0,0,1,0,0,0,0,4.14052E+20,5.37999E+21,7.83497E+15,4.85671E+16
41820,41821,8,1,17,10,2016,11,16,7,2,5,3,2,1,0,1,0,0,0,1,5.68619E+20,5.39283E+21,9.93228E+15,4.86847E+16
41821,41822,8,2,12,0,2016,11,12,6,3,2,6,0,0,0,1,0,0,0,1,4.5358E+20,5.42819E+21,8.36528E+15,4.90049E+16
41822,41823,8,1,28,7,2016,11,17,6,2,4,1,2,0,0,1,0,0,1,0,5.58556E+20,5.47648E+21,9.80768E+15,4.94381E+16
41823,41824,8,3,17,40,2016,11,6,2,3,2,2,2,0,0,1,0,0,0,0,4.36204E+20,5.34811E+21,8.14006E+15,4.8283E+16
41824,41825,8,4,16,50,2016,11,18,2,3,9,1,2,0,0,1,0,0,0,0,4.82648E+20,5.36375E+21,8.76545E+15,4.84266E+16
41825,41826,8,1,25,98,2016,11,17,7,3,9,1,1,1,0,1,0,0,0,0,5.27036E+20,5.4372E+21,9.37028E+15,4.90871E+16
41826,41827,8,1,19,67,2016,11,14,2,2,9,1,0,0,0,0,0,0,1,0,5.3987E+20,5.40756E+21,9.54315E+15,4.88197E+16
41827,41828,8,3,16,17,2016,11,11,1,3,2,6,0,0,0,1,0,0,0,0,4.07044E+20,5.3419E+21,7.74845E+15,4.82235E+16
41828,41829,8,4,35,5,2016,11,17,7,3,5,3,2,1,0,1,0,0,0,0,5.23944E+20,5.2861E+21,9.31931E+15,4.77278E+16
41829,41830,8,3,27,46,2016,11,7,4,3,2,2,1,0,0,1,0,0,0,0,4.80038E+20,5.32541E+21,8.73198E+15,4.80816E+16
41830,41831,8,3,37,96,2016,11,17,5,3,5,3,2,0,1,1,0,0,0,0,4.21853E+20,5.26796E+21,7.96119E+15,4.75604E+16
41831,41832,8,2,26,84,2016,11,18,6,3,2,6,2,0,0,1,0,0,0,0,4.67094E+20,5.46777E+21,8.54682E+15,4.93618E+16
41832,41833,8,4,15,61,2016,11,7,2,3,9,1,1,0,0,1,0,0,0,0,5.18039E+20,5.37345E+21,9.24426E+15,4.85139E+16
41833,41834,8,1,11,0,2016,11,10,2,2,4,7,0,0,0,1,0,0,1,0,5.17994E+20,5.40012E+21,9.24481E+15,4.87538E+16
41834,41835,8,1,16,54,2016,11,13,1,3,2,6,0,0,0,1,0,0,0,0,5.33406E+20,5.38098E+21,9.45293E+15,4.8581E+16
41835,41836,8,4,16,26,2016,11,17,4,3,5,3,2,0,1,1,0,0,0,0,5.05345E+20,5.36408E+21,9.07226E+15,4.84299E+16
41836,41837,8,4,35,47,2016,11,7,5,3,0,3,1,1,0,1,0,1,0,0,5.13207E+20,5.29525E+21,9.17641E+15,4.78105E+16
41837,41838,8,1,36,88,2016,11,15,5,3,3,6,0,0,0,1,0,0,0,0,5.80047E+20,5.40986E+21,1.00908E+16,4.88365E+16
41838,41839,8,3,15,43,2016,11,17,4,2,4,2,2,0,0,1,0,0,0,0,4.0675E+20,5.32287E+21,7.74865E+15,4.80523E+16
41839,41840,8,2,36,70,2016,11,5,7,3,9,1,2,1,0,1,0,0,0,0,4.70934E+20,5.41596E+21,8.60344E+15,4.88959E+16
41840,41841,8,4,37,86,2016,11,18,3,3,2,6,2,0,0,1,0,0,0,0,5.25053E+20,5.31501E+21,9.33577E+15,4.79879E+16
41841,41842,8,4,25,28,2016,11,12,6,3,4,6,0,1,0,1,0,0,0,0,5.78884E+20,5.34291E+21,1.00623E+16,4.82345E+16
41842,41843,8,4,36,11,2016,11,11,3,2,4,6,0,1,0,1,0,0,0,0,5.54082E+20,5.29985E+21,9.72291E+15,4.78497E+16
41843,41844,8,4,35,13,2016,11,20,2,3,9,7,2,0,0,1,0,0,0,0,5.38933E+20,5.27627E+21,9.51831E+15,4.76387E+16
41844,41845,8,2,36,33,2016,11,10,7,3,2,2,0,0,0,1,0,0,0,0,4.82852E+20,5.42939E+21,8.76547E+15,4.90172E+16
41845,41846,8,1,18,6,2016,11,13,7,3,2,6,0,0,0,1,0,0,0,0,5.17712E+20,5.42151E+21,9.2419E+15,4.89463E+16
41846,41847,8,2,25,58,2016,11,15,6,2,4,1,0,0,0,1,0,0,0,0,5.08176E+20,5.46915E+21,9.11263E+15,4.9375E+16
41847,41848,8,1,25,46,2016,11,9,6,2,5,3,0,0,0,1,0,0,0,0,5.20304E+20,5.43369E+21,9.27791E+15,4.90558E+16
41848,41849,8,3,15,76,2016,11,18,2,3,4,2,2,0,0,1,0,0,0,0,3.91831E+20,5.29665E+21,7.5551E+15,4.78141E+16
41849,41850,8,4,17,44,2016,11,17,5,2,4,1,2,0,0,1,0,0,0,0,4.93974E+20,5.33422E+21,8.91896E+15,4.81612E+16
41850,41851,8,2,15,39,2016,11,19,2,3,2,2,2,0,0,1,0,0,0,0,4.73729E+20,5.4521E+21,8.63923E+15,4.92211E+16
41851,41852,8,1,25,7,2016,11,10,7,3,2,6,0,1,0,1,0,0,0,0,5.12382E+20,5.45306E+21,9.17007E+15,4.92302E+16
41852,41853,8,1,17,19,2016,11,17,2,2,4,6,2,0,1,0,0,0,0,0,5.50757E+20,5.39433E+21,9.68982E+15,4.86999E+16
41853,41854,8,3,17,34,2016,11,14,1,3,2,6,0,0,0,1,0,0,0,0,4.28367E+20,5.35705E+21,8.03291E+15,4.83626E+16
41854,41855,8,2,16,15,2016,11,6,4,3,2,6,2,0,0,1,0,0,0,0,4.50029E+20,5.40541E+21,8.31953E+15,4.87997E+16
41855,41856,8,3,26,74,2016,11,22,7,3,2,6,2,1,0,1,0,0,0,0,4.57689E+20,5.32301E+21,8.43214E+15,4.8059E+16
41856,41857,8,2,22,0,2016,11,0,4,3,5,3,2,0,1,0,0,0,0,1,4.61299E+20,5.48765E+21,8.46508E+15,4.95402E+16
41857,41858,8,3,25,72,2016,11,12,6,3,2,6,0,1,0,1,0,0,0,0,4.69376E+20,5.32561E+21,8.5888E+15,4.8083E+16
41858,41859,8,1,28,14,2016,11,0,1,2,8,1,2,0,0,0,0,1,0,0,5.47821E+20,5.48185E+21,9.66028E+15,4.94874E+16
41859,41860,8,3,15,6,2016,11,6,3,3,5,3,2,0,0,1,0,0,0,0,4.01296E+20,5.30601E+21,7.67936E+15,4.78998E+16
41860,41861,8,3,35,28,2016,11,7,6,3,2,6,1,0,0,1,0,0,0,1,4.80817E+20,5.28718E+21,8.74413E+15,4.77377E+16
41861,41862,8,1,26,86,2016,11,6,5,3,5,3,2,0,0,1,0,1,0,0,5.43124E+20,5.4607E+21,9.59314E+15,4.92975E+16
41862,41863,8,3,36,84,2016,11,17,7,3,2,6,1,0,0,1,0,0,0,0,4.06455E+20,5.27731E+21,7.75454E+15,4.76424E+16
41863,41864,8,2,37,45,2016,11,6,4,3,8,7,2,0,0,1,0,0,0,0,4.59435E+20,5.36048E+21,8.45199E+15,4.83961E+16
41864,41865,8,3,25,53,2016,11,16,6,3,2,6,1,1,0,1,0,0,0,1,4.59291E+20,5.34506E+21,8.45153E+15,4.82574E+16
41865,41866,8,2,22,0,2016,11,9,7,3,2,6,0,1,0,1,0,0,0,0,4.67179E+20,5.48476E+21,8.54658E+15,4.95146E+16
41866,41867,8,4,21,0,2016,11,15,3,3,2,6,0,0,0,1,0,0,0,0,5.70757E+20,5.35814E+21,9.95544E+15,4.83725E+16
41867,41868,8,4,16,41,2016,11,20,6,3,2,6,2,1,0,1,0,0,0,0,5.04907E+20,5.3731E+21,9.06644E+15,4.8511E+16
41868,41869,8,3,17,96,2016,11,14,3,3,0,7,0,0,1,0,0,0,0,0,4.23136E+20,5.37051E+21,7.95983E+15,4.8483E+16
41869,41870,8,1,15,28,2016,11,20,7,2,9,1,2,0,0,1,0,0,0,0,4.97466E+20,5.40449E+21,8.9655E+15,4.87934E+16
41870,41871,8,1,11,0,2016,11,13,7,3,0,7,0,0,0,0,0,0,1,1,5.18312E+20,5.40308E+21,9.24926E+15,4.87805E+16
41871,41872,8,2,11,0,2016,11,18,6,3,2,6,2,0,0,1,0,0,0,0,4.42771E+20,5.40264E+21,8.22109E+15,4.87741E+16
41872,41873,8,1,18,48,2016,11,17,6,3,2,6,2,0,0,1,0,0,0,0,5.16301E+20,5.41746E+21,9.22246E+15,4.89098E+16
41873,41874,8,2,26,103,2016,11,12,5,3,2,6,0,0,0,0,0,0,1,0,4.71945E+20,5.45771E+21,8.61434E+15,4.92715E+16
41874,41875,8,1,18,63,2016,11,20,2,3,1,1,2,0,0,1,0,0,1,0,5.15406E+20,5.42235E+21,9.21044E+15,4.89539E+16