FID,OBJECTID,ULAND,UREGBEZ,UKREIS,UGEMEINDE,UJAHR,UMONAT,USTUNDE,UWOCHENTAG,UKATEGORIE,UART,UTYP1,ULICHTVERH,IstStrasse,IstRad,IstPKW,IstFuss,IstKrad,IstGkfz,IstSonstig,LINREFX,LINREFY,XGCSWGS84,YGCSWGS84
41875,41876,8,1,21,0,2016,11,23,7,3,5,3,2,1,0,1,0,0,0,0,5.15988E+20,5.44626E+21,9.21933E+15,4.9169E+16
41876,41877,8,1,15,28,2016,11,9,2,3,4,6,0,0,0,1,0,1,0,0,5.02812E+20,5.4041E+21,9.03828E+15,4.87899E+16
41877,41878,8,2,15,96,2016,11,9,1,3,8,7,0,0,0,1,0,0,1,0,4.6625E+20,5.42062E+21,8.53915E+15,4.89376E+16
41878,41879,8,1,25,46,2016,11,8,4,3,2,6,0,0,0,1,0,0,0,0,5.19612E+20,5.43356E+21,9.26843E+15,4.90546E+16
41879,41880,8,3,16,56,2016,11,12,7,3,8,1,0,1,0,1,0,0,0,0,4.23968E+20,5.32759E+21,7.97882E+15,4.8097E+16
41880,41881,8,2,26,85,2016,11,16,3,2,2,6,0,0,0,0,0,0,1,0,4.9101E+20,5.45457E+21,8.87649E+15,4.92438E+16
41881,41882,8,1,15,45,2016,11,0,1,3,5,2,2,1,0,1,0,0,0,0,5.03131E+20,5.39463E+21,9.04256E+15,4.87047E+16
41882,41883,8,3,26,60,2016,11,17,6,3,4,6,1,1,0,1,0,0,0,0,4.40484E+20,5.33172E+21,8.20004E+15,4.8136E+16
41883,41884,8,1,15,28,2016,11,0,1,3,8,1,2,0,0,1,0,0,0,0,4.97943E+20,5.40423E+21,8.972E+15,4.87911E+16
41884,41885,8,1,15,53,2016,11,15,5,3,8,6,0,0,0,1,0,0,0,0,4.82995E+20,5.38237E+21,8.76938E+15,4.85942E+16
41885,41886,8,1,16,33,2016,11,20,6,3,8,1,2,0,0,1,0,0,0,0,5.30362E+20,5.38696E+21,9.41211E+15,4.8635E+16
41886,41887,8,2,26,68,2016,11,18,5,3,2,6,2,0,0,1,0,0,0,0,4.68283E+20,5.46137E+21,8.5637E+15,4.93043E+16
41887,41888,8,4,16,41,2016,11,15,6,3,2,6,0,0,0,1,0,0,0,0,5.02451E+20,5.37201E+21,9.03319E+15,4.85012E+16
41888,41889,8,1,18,79,2016,11,15,6,2,6,4,0,0,0,1,1,0,0,0,5.10022E+20,5.42188E+21,9.13689E+15,4.89497E+16
41889,41890,8,2,31,0,2016,11,19,5,2,1,6,2,0,0,1,0,1,0,0,4.79294E+20,5.41829E+21,8.71737E+15,4.89172E+16
41890,41891,8,2,25,32,2016,11,8,2,2,8,1,0,0,0,1,0,0,0,0,5.32973E+20,5.49608E+21,9.45647E+15,4.96164E+16
41891,41892,8,1,21,0,2016,11,15,7,3,0,7,0,1,0,1,0,0,0,0,5.15518E+20,5.44267E+21,9.21275E+15,4.91367E+16
41892,41893,8,1,21,0,2016,11,14,4,3,2,6,0,0,0,1,0,0,0,0,5.16524E+20,5.44526E+21,9.22664E+15,4.91599E+16
41893,41894,8,2,35,8,2016,11,13,3,3,9,1,0,0,0,1,0,0,0,0,4.77834E+20,5.40301E+21,8.69827E+15,4.87797E+16
41894,41895,8,1,18,48,2016,11,13,3,3,2,6,0,0,0,1,0,0,0,0,5.14371E+20,5.41663E+21,9.1961E+15,4.89024E+16
41895,41896,8,3,17,65,2016,11,13,6,2,0,2,0,0,0,0,0,1,0,1,4.13687E+20,5.35269E+21,7.83566E+15,4.83215E+16
41896,41897,8,4,26,121,2016,11,10,2,3,0,1,0,0,0,1,0,0,0,0,5.37595E+20,5.33152E+21,9.50532E+15,4.81358E+16
41897,41898,8,1,21,0,2016,11,11,1,3,6,4,0,0,0,1,1,0,0,0,5.17657E+20,5.44302E+21,9.24209E+15,4.91398E+16
41898,41899,8,1,11,0,2016,11,12,5,3,2,6,0,0,0,1,0,0,0,0,5.16587E+20,5.39558E+21,9.22548E+15,4.8713E+16
41899,41900,8,1,11,0,2016,11,18,6,3,2,6,2,0,0,1,0,0,0,0,5.132E+20,5.40226E+21,9.17965E+15,4.87732E+16
41900,41901,8,1,25,102,2016,11,6,5,3,9,6,2,1,0,1,0,0,0,1,5.22151E+20,5.44493E+21,9.3038E+15,4.91568E+16
41901,41902,8,3,16,39,2016,11,16,4,3,2,6,0,0,0,1,0,0,0,0,4.17332E+20,5.32606E+21,7.89E+15,4.80824E+16
41902,41903,8,2,36,71,2016,11,20,7,3,1,3,2,0,0,1,0,1,0,0,4.6881E+20,5.42169E+21,8.57402E+15,4.89473E+16
41903,41904,8,1,11,0,2016,11,17,4,3,6,4,0,0,0,1,1,0,0,0,5.13494E+20,5.40633E+21,9.1838E+15,4.88098E+16
41904,41905,8,4,15,61,2016,11,11,6,3,4,3,0,1,0,1,0,0,0,0,5.14805E+20,5.36999E+21,9.20035E+15,4.84829E+16
41905,41906,8,3,37,126,2016,11,14,3,3,2,6,0,0,0,1,0,0,0,0,4.40779E+20,5.27477E+21,8.21181E+15,4.76236E+16
41906,41907,8,1,27,76,2016,11,14,3,3,5,3,0,0,0,1,0,0,0,0,5.51984E+20,5.43905E+21,9.71218E+15,4.91021E+16
41907,41908,8,4,36,9,2016,11,17,2,2,5,3,2,0,0,1,0,0,0,1,5.59441E+20,5.30316E+21,9.795E+15,4.7879E+16
41908,41909,8,1,18,11,2016,11,10,4,3,2,6,0,0,0,1,0,0,1,0,5.05966E+20,5.40808E+21,9.08129E+15,4.88257E+16
41909,41910,8,2,12,0,2016,11,23,7,2,5,3,2,0,0,1,0,0,0,0,4.52105E+20,5.43109E+21,8.34478E+15,4.90308E+16
41910,41911,8,1,16,77,2016,11,18,4,3,2,6,2,0,0,1,0,1,0,0,5.16087E+20,5.39249E+21,9.21857E+15,4.86853E+16
41911,41912,8,4,15,61,2016,11,16,6,3,2,6,1,1,0,1,0,0,0,1,5.15462E+20,5.37574E+21,9.20946E+15,4.85346E+16
41912,41913,8,2,16,43,2016,11,17,3,2,2,6,2,0,0,1,0,0,0,0,4.40307E+20,5.40974E+21,8.18651E+15,4.88377E+16
41913,41914,8,1,16,19,2016,11,19,3,2,5,2,2,0,0,1,0,0,0,0,5.2996E+20,5.3986E+21,9.40749E+15,4.87397E+16
41914,41915,8,4,15,78,2016,11,6,7,2,4,1,2,2,0,1,0,0,0,1,5.31531E+20,5.36721E+21,9.42648E+15,4.84572E+16
41915,41916,8,2,36,46,2016,11,14,6,3,2,6,0,0,0,1,0,0,0,0,4.83573E+20,5.41694E+21,8.77584E+15,4.89052E+16
41916,41917,8,3,37,76,2016,11,17,2,3,4,1,1,0,0,1,0,0,0,1,4.27394E+20,5.27099E+21,8.03432E+15,4.75883E+16
41917,41918,8,1,27,14,2016,11,18,2,3,2,6,2,0,0,1,0,0,0,0,5.78427E+20,5.44333E+21,1.00752E+16,4.91378E+16
41918,41919,8,4,17,8,2016,11,13,1,3,4,1,0,0,0,1,0,1,0,0,4.96305E+20,5.34847E+21,8.95019E+15,4.82894E+16
41919,41920,8,1,11,0,2016,11,4,1,2,6,7,2,0,0,0,1,0,0,1,5.17932E+20,5.40035E+21,9.24398E+15,4.87559E+16
41920,41921,8,3,36,79,2016,11,7,4,3,6,4,1,0,0,0,1,0,0,1,4.17118E+20,5.29302E+21,7.89349E+15,4.77852E+16
41921,41922,8,4,21,0,2016,11,7,5,3,2,6,1,1,0,1,0,0,0,0,5.71964E+20,5.36369E+21,9.97269E+15,4.84222E+16
41922,41923,8,1,28,131,2016,11,12,5,3,2,2,0,0,0,1,0,0,0,1,5.36594E+20,5.51337E+21,9.5082E+15,4.97717E+16
41923,41924,8,4,35,57,2016,11,10,7,3,5,3,0,1,0,1,0,0,0,0,5.44568E+20,5.27884E+21,9.59359E+15,4.76614E+16
41924,41925,8,3,17,1,2016,11,14,4,3,3,6,0,0,0,1,0,0,0,0,4.28501E+20,5.38837E+21,8.02936E+15,4.86443E+16
41925,41926,8,2,25,117,2016,11,13,7,3,9,1,0,1,0,1,0,0,0,0,5.16298E+20,5.47449E+21,9.22473E+15,4.94229E+16
41926,41927,8,4,36,81,2016,11,7,3,3,4,2,2,1,1,1,0,0,0,0,5.62554E+20,5.28225E+21,9.8336E+15,4.76906E+16
41927,41928,8,3,36,69,2016,11,7,6,3,8,1,0,1,0,1,0,0,0,0,4.06542E+20,5.26751E+21,7.75779E+15,4.75543E+16
41928,41929,8,3,26,74,2016,11,16,3,3,1,6,2,0,0,1,0,0,0,0,4.65438E+20,5.32143E+21,8.53627E+15,4.80453E+16
41929,41930,8,2,26,76,2016,11,10,7,2,5,3,0,0,0,1,0,0,0,0,4.75401E+20,5.46438E+21,8.66142E+15,4.93317E+16
41930,41931,8,1,18,48,2016,11,17,7,3,2,6,2,0,0,1,0,0,0,0,5.14243E+20,5.41517E+21,9.1943E+15,4.88893E+16
41931,41932,8,2,21,0,2016,11,13,6,2,5,3,0,0,0,1,0,0,0,0,4.82577E+20,5.47372E+21,8.75978E+15,4.94159E+16
41932,41933,8,1,21,0,2016,11,10,6,3,2,6,0,0,0,1,0,0,0,0,5.1459E+20,5.44373E+21,9.20006E+15,4.91463E+16
41933,41934,8,2,26,65,2016,11,12,2,2,2,6,0,0,0,1,0,0,1,0,4.77778E+20,5.45817E+21,8.6945E+15,4.92759E+16
41934,41935,8,3,11,0,2016,11,17,5,2,2,6,2,0,0,1,0,0,0,0,4.09662E+20,5.31933E+21,7.78846E+15,4.80209E+16
41935,41936,8,2,12,0,2016,11,13,2,3,2,6,0,0,0,1,0,0,0,0,4.59885E+20,5.4315E+21,8.45117E+15,4.90351E+16
41936,41937,8,1,18,50,2016,11,17,7,3,6,4,2,1,0,1,1,0,0,0,5.06654E+20,5.41689E+21,9.0908E+15,4.89049E+16
41937,41938,8,2,35,85,2016,11,13,7,3,8,1,0,1,0,1,0,0,0,0,4.83462E+20,5.39191E+21,8.77533E+15,4.868E+16
41938,41939,8,1,27,47,2016,11,19,7,2,9,1,2,1,0,1,0,0,0,0,5.6004E+20,5.45712E+21,9.82524E+15,4.92639E+16
41939,41940,8,2,37,27,2016,11,0,6,3,4,6,2,0,0,1,0,0,0,0,4.82654E+20,5.37011E+21,8.76527E+15,4.84839E+16
41940,41941,8,1,27,102,2016,11,12,6,3,2,6,0,0,0,1,0,0,0,1,5.8638E+20,5.43503E+21,1.01825E+16,4.90621E+16
41941,41942,8,3,17,96,2016,11,13,2,3,8,7,0,0,0,1,0,0,0,0,4.20716E+20,5.37483E+21,7.92628E+15,4.85216E+16
41942,41943,8,3,27,50,2016,11,16,5,3,1,6,1,1,0,1,0,0,0,0,4.87294E+20,5.31643E+21,8.82967E+15,4.8001E+16
41943,41944,8,2,31,0,2016,11,19,2,3,3,6,2,0,0,1,0,0,0,0,4.77646E+20,5.41526E+21,8.69506E+15,4.88899E+16
41944,41945,8,1,18,11,2016,11,21,7,3,5,3,2,0,0,1,0,0,0,0,5.05605E+20,5.40779E+21,9.07636E+15,4.88231E+16
41945,41946,8,1,15,28,2016,11,6,2,3,2,6,2,0,0,1,0,0,0,0,4.98895E+20,5.40374E+21,8.98496E+15,4.87867E+16
41946,41947,8,3,26,74,2016,11,12,1,3,5,3,0,0,0,1,0,0,0,0,4.59307E+20,5.32537E+21,8.45363E+15,4.80803E+16
41947,41948,8,3,35,79,2016,11,17,5,3,2,6,2,0,0,1,0,0,0,0,4.99382E+20,5.30223E+21,8.99173E+15,4.78734E+16
41948,41949,8,1,19,20,2016,11,12,5,3,5,3,0,0,0,1,0,0,0,0,5.1908E+20,5.40692E+21,9.25991E+15,4.8815E+16
41949,41950,8,3,26,74,2016,11,22,7,3,9,1,2,2,0,1,0,0,0,0,4.57663E+20,5.323E+21,8.43179E+15,4.80589E+16
41950,41951,8,2,26,82,2016,11,9,4,3,1,6,0,0,0,1,0,0,0,0,4.81523E+20,5.48071E+21,8.74494E+15,4.94787E+16
41951,41952,8,4,17,2,2016,11,12,6,1,4,6,0,1,0,1,0,0,0,0,4.89144E+20,5.34401E+21,8.85377E+15,4.82492E+16
41952,41953,8,2,21,0,2016,11,18,7,3,4,2,2,1,0,1,0,0,0,0,4.75062E+20,5.46987E+21,8.65643E+15,4.9381E+16
41953,41954,8,4,17,63,2016,11,9,3,3,5,3,0,1,0,1,0,0,0,0,5.06819E+20,5.33663E+21,9.09174E+15,4.81829E+16
41954,41955,8,3,17,89,2016,11,21,3,2,8,1,2,0,0,1,0,0,0,0,4.32677E+20,5.37452E+21,8.08828E+15,4.85202E+16
41955,41956,8,3,37,125,2016,11,12,6,3,3,6,0,0,0,1,0,0,0,0,4.4601E+20,5.27383E+21,8.28154E+15,4.76156E+16
41956,41957,8,4,26,21,2016,11,8,6,2,0,1,0,1,1,0,0,0,0,0,5.59061E+20,5.32972E+21,9.79357E+15,4.8118E+16
41957,41958,8,1,15,48,2016,11,13,6,2,5,3,0,0,0,1,0,1,0,0,5.10186E+20,5.38789E+21,9.13829E+15,4.8644E+16
41958,41959,8,1,18,79,2016,11,14,6,3,5,3,0,0,0,1,0,0,0,0,5.06038E+20,5.42133E+21,9.08246E+15,4.89448E+16
41959,41960,8,2,12,0,2016,11,19,5,3,2,6,2,0,0,1,0,0,0,0,4.6135E+20,5.42335E+21,8.47198E+15,4.89618E+16
41960,41961,8,4,16,36,2016,11,6,2,3,1,6,2,0,0,1,0,0,0,0,4.88916E+20,5.37275E+21,8.84993E+15,4.85077E+16
41961,41962,8,1,16,33,2016,11,0,7,3,9,1,2,0,0,1,0,0,0,0,5.34834E+20,5.38776E+21,9.47287E+15,4.86419E+16
41962,41963,8,1,11,0,2016,11,15,2,3,5,3,0,0,0,1,0,0,0,1,5.18291E+20,5.40352E+21,9.249E+15,4.87844E+16
41963,41964,8,2,35,80,2016,11,13,1,3,4,1,0,0,0,1,0,1,0,0,4.81105E+20,5.38579E+21,8.74359E+15,4.86249E+16
41964,41965,8,1,15,28,2016,11,16,4,2,8,1,2,0,0,1,0,0,0,0,4.99539E+20,5.40358E+21,8.99372E+15,4.87852E+16
41965,41966,8,2,36,46,2016,11,16,7,3,2,6,0,0,0,1,0,0,0,0,4.83464E+20,5.41708E+21,8.77435E+15,4.89064E+16
41966,41967,8,2,12,0,2016,11,8,3,3,3,6,0,0,0,1,0,0,1,0,4.55144E+20,5.42812E+21,8.38667E+15,4.90043E+16
41967,41968,8,1,25,24,2016,11,19,3,3,4,2,2,0,0,1,0,0,0,0,5.23334E+20,5.44406E+21,9.31998E+15,4.91489E+16
41968,41969,8,4,35,16,2016,11,14,7,3,0,1,0,0,1,0,0,0,0,0,5.35724E+20,5.27783E+21,9.47572E+15,4.76529E+16
41969,41970,8,1,16,56,2016,11,7,2,3,1,6,1,0,0,1,0,0,0,0,5.30846E+20,5.3952E+21,9.41928E+15,4.8709E+16
41970,41971,8,3,15,31,2016,11,13,1,3,5,3,0,0,0,1,0,0,0,0,4.46576E+20,5.31388E+21,8.28415E+15,4.7976E+16
41971,41972,8,2,15,39,2016,11,17,4,3,4,2,2,0,0,1,0,0,0,1,4.70827E+20,5.45288E+21,8.59931E+15,4.9228E+16
41972,41973,8,3,17,47,2016,11,3,7,3,5,2,2,0,0,1,0,0,0,0,4.17637E+20,5.36248E+21,7.88702E+15,4.84101E+16
41973,41974,8,1,25,13,2016,11,8,1,3,9,1,0,1,0,1,0,0,0,0,5.05106E+20,5.43562E+21,9.06991E+15,4.90735E+16
41974,41975,8,3,35,75,2016,11,17,6,2,2,6,2,0,0,1,0,0,0,0,4.91015E+20,5.28975E+21,8.8801E+15,4.77611E+16
41975,41976,8,4,15,89,2016,11,7,6,3,5,3,1,1,0,1,0,0,0,0,5.21387E+20,5.36096E+21,9.28896E+15,4.84015E+16
41976,41977,8,2,22,0,2016,11,17,1,3,2,6,2,0,0,1,0,0,0,0,4.64931E+20,5.47921E+21,8.51602E+15,4.94645E+16
41977,41978,8,1,16,80,2016,11,7,5,3,6,2,1,0,0,1,1,0,0,0,5.18659E+20,5.39486E+21,9.25362E+15,4.87065E+16
41978,41979,8,1,17,42,2016,11,17,6,3,2,6,2,0,0,1,0,0,0,0,5.53526E+20,5.39302E+21,9.72727E+15,4.86879E+16
41979,41980,8,2,36,13,2016,11,14,5,2,9,1,0,0,0,1,0,0,0,0,4.754E+20,5.40876E+21,8.66479E+15,4.88313E+16
41980,41981,8,1,18,76,2016,11,17,4,3,1,6,2,0,0,1,0,0,0,1,5.04284E+20,5.42204E+21,9.05851E+15,4.89513E+16
41981,41982,8,3,37,65,2016,11,21,6,3,4,2,2,1,0,1,0,0,0,0,4.4737E+20,5.27569E+21,8.29943E+15,4.76325E+16
41982,41983,8,2,15,100,2016,11,15,3,3,8,1,0,0,0,1,0,0,0,0,4.74063E+20,5.44915E+21,8.64401E+15,4.91946E+16
41983,41984,8,1,15,28,2016,11,18,3,3,5,2,2,0,0,1,0,0,0,0,4.9834E+20,5.40571E+21,8.97739E+15,4.88043E+16
41984,41985,8,2,26,103,2016,11,15,6,3,2,6,0,0,0,1,0,0,0,0,4.71764E+20,5.45738E+21,8.61187E+15,4.92685E+16
41985,41986,8,4,17,13,2016,11,14,2,3,5,3,0,0,1,1,0,0,0,0,5.10861E+20,5.35629E+21,9.14662E+15,4.83597E+16
41986,41987,8,3,17,65,2016,11,13,6,3,2,1,0,0,0,1,0,0,1,0,4.25124E+20,5.35308E+21,7.98984E+15,4.83265E+16
41987,41988,8,1,15,42,2016,11,19,1,3,2,6,2,0,0,1,0,0,0,0,4.95581E+20,5.40537E+21,8.93982E+15,4.88013E+16
41988,41989,8,1,15,51,2016,11,6,5,3,5,3,1,0,0,0,0,0,1,0,5.048E+20,5.38558E+21,9.06513E+15,4.86232E+16
41989,41990,8,1,15,41,2016,11,14,6,3,2,6,0,0,0,1,0,0,0,0,4.93567E+20,5.39962E+21,8.91248E+15,4.87495E+16
41990,41991,8,2,21,0,2016,11,8,5,3,5,5,0,0,1,1,0,0,0,0,4.76977E+20,5.47541E+21,8.68249E+15,4.94309E+16
41991,41992,8,3,25,60,2016,11,19,4,3,5,3,2,0,0,1,0,0,0,0,4.69415E+20,5.33915E+21,8.58835E+15,4.82049E+16
41992,41993,8,2,15,108,2016,11,17,7,3,4,2,2,1,0,1,0,1,0,0,4.47446E+20,5.42374E+21,8.282E+15,4.89644E+16
41993,41994,8,1,15,41,2016,11,18,4,2,8,1,2,0,0,0,0,1,0,0,4.93985E+20,5.40177E+21,8.91814E+15,4.87689E+16
41994,41995,8,3,37,116,2016,11,18,6,2,5,2,2,1,0,1,0,0,0,0,4.18149E+20,5.27376E+21,7.91088E+15,4.76121E+16
41995,41996,8,4,15,73,2016,11,12,3,2,4,2,0,0,0,1,0,0,0,0,5.1933E+20,5.34969E+21,9.26065E+15,4.83001E+16
41996,41997,8,1,16,71,2016,11,17,3,3,2,6,1,0,0,1,0,0,0,1,5.26674E+20,5.39063E+21,9.36229E+15,4.86682E+16
41997,41998,8,1,15,41,2016,11,5,3,3,2,6,2,0,0,1,0,0,0,0,4.95843E+20,5.40053E+21,8.94344E+15,4.87578E+16
41998,41999,8,3,17,145,2016,11,12,7,3,6,4,0,0,0,1,1,0,0,0,4.42499E+20,5.34994E+21,8.22465E+15,4.83E+16
41999,42000,8,1,36,42,2016,11,23,7,2,9,1,2,1,0,1,0,0,0,0,5.52118E+20,5.40691E+21,9.7099E+15,4.8813E+16
42000,42001,8,2,15,46,2016,11,0,6,2,8,7,2,0,0,1,0,0,0,0,4.48381E+20,5.41612E+21,8.29574E+15,4.88959E+16
42001,42002,8,3,27,50,2016,11,16,2,3,2,6,2,0,0,1,0,0,0,0,4.85002E+20,5.31512E+21,8.79898E+15,4.79892E+16
42002,42003,8,2,12,0,2016,11,6,2,3,2,6,2,0,0,1,0,0,0,0,4.60765E+20,5.42397E+21,8.46392E+15,4.89674E+16
42003,42004,8,1,15,4,2016,11,5,7,2,4,6,2,1,0,1,0,0,0,0,4.87061E+20,5.37262E+21,8.82482E+15,4.85066E+16
42004,42005,8,1,25,111,2016,11,7,2,3,5,3,0,0,0,1,0,0,0,0,5.26088E+20,5.4541E+21,9.3584E+15,4.92392E+16
42005,42006,8,3,16,17,2016,11,13,1,2,2,6,0,0,0,1,0,0,0,0,4.07128E+20,5.34232E+21,7.74947E+15,4.82273E+16
42006,42007,8,4,35,59,2016,11,14,7,3,1,2,0,1,0,1,0,0,0,0,5.13925E+20,5.29115E+21,9.18586E+15,4.77736E+16
42007,42008,8,4,36,64,2016,11,6,4,2,0,1,1,1,1,0,0,0,0,0,5.45168E+20,5.29547E+21,9.60331E+15,4.7811E+16
42008,42009,8,3,36,69,2016,11,6,5,3,2,6,2,0,0,1,0,0,0,0,4.06547E+20,5.26799E+21,7.75775E+15,4.75586E+16
42009,42010,8,1,27,14,2016,11,17,5,3,5,2,2,0,0,1,0,0,0,0,5.75579E+20,5.44436E+21,1.00364E+16,4.91474E+16
42010,42011,8,3,15,48,2016,11,7,7,3,2,6,2,1,0,1,0,0,0,0,3.97341E+20,5.31065E+21,7.62535E+15,4.79409E+16
42011,42012,8,2,37,2,2016,11,7,4,3,2,6,1,0,0,1,0,0,0,0,4.56031E+20,5.35498E+21,8.40658E+15,4.83465E+16
42012,42013,8,3,15,68,2016,11,10,6,3,6,7,0,1,0,1,1,0,0,0,4.40519E+20,5.30174E+21,8.20467E+15,4.78662E+16
42013,42014,8,2,25,9,2016,11,3,7,3,9,1,2,0,0,1,0,0,0,0,5.18751E+20,5.46709E+21,9.25821E+15,4.93563E+16
42014,42015,8,4,35,59,2016,11,14,3,3,2,6,0,0,0,1,0,0,0,0,5.11438E+20,5.29171E+21,9.15268E+15,4.77786E+16
42015,42016,8,1,11,0,2016,11,17,3,2,2,6,2,0,0,1,0,0,0,0,5.067E+20,5.40029E+21,9.09116E+15,4.87556E+16
42016,42017,8,4,16,36,2016,12,4,5,3,8,1,2,2,0,1,0,0,0,0,4.91791E+20,5.36707E+21,8.88897E+15,4.84567E+16
42017,42018,8,2,26,82,2016,12,12,6,3,6,4,0,0,0,1,1,0,0,0,4.75348E+20,5.48005E+21,8.65972E+15,4.94726E+16
42018,42019,8,1,15,41,2016,12,11,6,3,2,6,0,0,0,1,0,0,0,0,4.95845E+20,5.40061E+21,8.94346E+15,4.87585E+16
42019,42020,8,3,17,96,2016,12,16,5,3,2,6,0,0,0,1,0,0,0,0,4.21291E+20,5.36899E+21,7.93517E+15,4.84691E+16
42020,42021,8,1,25,34,2016,12,15,2,3,5,3,0,0,0,1,0,0,0,1,4.95776E+20,5.44499E+21,8.94206E+15,4.91577E+16
42021,42022,8,1,18,80,2016,11,9,2,3,2,6,0,0,0,1,0,0,0,0,5.08116E+20,5.40997E+21,9.11062E+15,4.88426E+16
42022,42023,8,4,36,9,2016,11,6,1,3,9,1,2,1,0,1,0,0,0,0,5.52388E+20,5.31128E+21,9.70165E+15,4.79527E+16
42023,42024,8,4,36,52,2016,11,7,4,2,0,7,0,1,0,1,0,0,0,0,5.66679E+20,5.2927E+21,9.89017E+15,4.77842E+16
42024,42025,8,3,37,51,2016,11,8,4,2,8,1,0,2,0,1,0,0,0,0,4.36228E+20,5.28547E+21,8.14969E+15,4.77194E+16
42025,42026,8,1,21,0,2016,11,9,4,2,0,3,0,0,0,1,0,0,0,1,5.14049E+20,5.44329E+21,9.19263E+15,4.91423E+16
42026,42027,8,1,17,33,2016,12,4,1,3,4,6,2,0,0,1,0,0,0,0,5.5862E+20,5.38748E+21,9.7957E+15,4.86377E+16
42027,42028,8,3,36,81,2016,12,13,7,2,5,3,0,0,0,1,0,0,0,0,4.12483E+20,5.27793E+21,7.83466E+15,4.76488E+16
42028,42029,8,1,11,0,2016,12,19,3,3,8,1,2,1,0,0,0,1,0,0,5.06272E+20,5.40037E+21,9.08534E+15,4.87563E+16
42029,42030,8,1,17,26,2016,12,13,7,3,2,6,0,0,0,1,0,0,0,0,5.48874E+20,5.39411E+21,9.6642E+15,4.86981E+16
42030,42031,8,4,17,16,2016,12,20,6,3,8,1,2,1,0,1,0,0,0,0,4.85629E+20,5.3424E+21,8.80647E+15,4.82347E+16
42031,42032,8,4,25,88,2016,11,17,3,3,8,1,0,0,0,1,0,0,0,0,5.63696E+20,5.34773E+21,9.85854E+15,4.82796E+16
42032,42033,8,1,36,45,2016,12,18,6,3,8,1,2,1,0,1,0,0,0,0,5.99401E+20,5.39881E+21,1.03518E+16,4.87344E+16
42033,42034,8,3,35,75,2016,11,12,3,3,2,6,0,0,0,1,0,0,1,0,4.9204E+20,5.29238E+21,8.89374E+15,4.77847E+16
42034,42035,8,1,19,67,2016,11,8,2,3,6,4,0,0,0,1,1,0,0,0,5.38811E+20,5.40669E+21,9.52863E+15,4.8812E+16
42035,42036,8,2,37,54,2016,11,7,3,3,0,7,2,0,0,1,0,0,0,1,4.69265E+20,5.37623E+21,8.58362E+15,4.85384E+16
42036,42037,8,1,36,88,2016,11,16,3,3,2,3,2,0,0,1,0,1,0,1,5.80586E+20,5.41132E+21,1.00985E+16,4.88496E+16
42037,42038,8,2,36,46,2016,12,14,5,3,2,6,0,0,0,1,0,0,0,0,4.84396E+20,5.41792E+21,8.78704E+15,4.8914E+16
42038,42039,8,4,36,64,2016,12,5,5,3,9,1,2,2,0,1,0,0,0,0,5.42229E+20,5.29174E+21,9.56369E+15,4.77776E+16
42039,42040,8,3,17,96,2016,11,0,2,3,8,1,2,0,0,1,0,0,0,0,4.21868E+20,5.36959E+21,7.94285E+15,4.84746E+16
42040,42041,8,2,12,0,2016,12,21,5,2,5,6,2,0,0,1,0,0,1,0,4.62468E+20,5.43187E+21,8.48646E+15,4.90385E+16
42041,42042,8,2,26,28,2016,11,17,1,3,6,6,1,0,0,1,1,0,0,0,4.71001E+20,5.48365E+21,8.59946E+15,4.95048E+16
42042,42043,8,1,11,0,2016,12,6,2,3,2,6,2,0,0,1,0,0,0,0,5.16778E+20,5.40588E+21,9.2285E+15,4.88057E+16
42043,42044,8,3,35,75,2016,11,17,4,2,4,6,1,0,0,1,0,0,0,0,4.90667E+20,5.28977E+21,8.87545E+15,4.77613E+16
42044,42045,8,2,26,41,2016,12,14,7,3,5,2,0,0,0,1,0,0,0,0,4.76677E+20,5.46555E+21,8.67893E+15,4.93422E+16
42045,42046,8,2,12,0,2016,12,14,7,2,6,4,0,0,0,1,1,0,0,0,4.59537E+20,5.43246E+21,8.4463E+15,4.90437E+16
42046,42047,8,3,15,74,2016,12,18,2,2,5,3,2,0,0,1,0,0,0,1,3.96477E+20,5.29574E+21,7.61735E+15,4.78067E+16
42047,42048,8,4,36,55,2016,12,11,6,3,5,3,0,0,0,1,0,0,0,0,5.78147E+20,5.29347E+21,1.00434E+16,4.77899E+16
42048,42049,8,3,35,57,2016,11,22,4,3,9,1,2,2,0,1,0,0,0,0,5.03015E+20,5.30373E+21,9.04034E+15,4.78869E+16
42049,42050,8,4,26,21,2016,12,12,7,3,5,3,0,0,1,1,0,0,0,0,5.58756E+20,5.32706E+21,9.7891E+15,4.80941E+16
42050,42051,8,2,37,61,2016,12,13,7,1,5,3,0,0,0,1,0,0,0,0,4.65906E+20,5.36649E+21,8.53891E+15,4.84507E+16
42051,42052,8,3,36,91,2016,12,9,2,3,8,1,0,1,0,1,0,0,0,0,3.93303E+20,5.27512E+21,7.58002E+15,4.76207E+16
42052,42053,8,1,11,0,2016,12,19,7,3,2,6,2,0,0,1,0,0,0,0,5.15154E+20,5.4061E+21,9.20639E+15,4.88077E+16
42053,42054,8,3,35,80,2016,12,19,6,3,6,4,2,1,0,1,1,0,0,0,4.74926E+20,5.2964E+21,8.66503E+15,4.78205E+16
42054,42055,8,4,15,92,2016,11,17,3,3,2,6,2,0,0,1,0,0,0,0,5.18777E+20,5.36403E+21,9.25383E+15,4.84292E+16