FID,OBJECTID,ULAND,UREGBEZ,UKREIS,UGEMEINDE,UJAHR,UMONAT,USTUNDE,UWOCHENTAG,UKATEGORIE,UART,UTYP1,ULICHTVERH,IstStrasse,IstRad,IstPKW,IstFuss,IstKrad,IstGkfz,IstSonstig,LINREFX,LINREFY,XGCSWGS84,YGCSWGS84
42055,42056,8,1,25,69,2016,12,17,6,3,6,2,2,0,0,1,1,0,0,0,5.21849E+20,5.45575E+21,9.30026E+15,4.92541E+16
42056,42057,8,3,16,11,2016,11,12,3,3,2,3,0,0,0,1,0,0,0,0,4.14594E+20,5.32906E+21,7.85265E+15,4.81091E+16
42057,42058,8,1,19,8,2016,11,14,2,3,5,3,0,0,0,1,0,0,0,0,5.30955E+20,5.42295E+21,9.42287E+15,4.89587E+16
42058,42059,8,2,31,0,2016,11,7,3,2,4,1,1,0,0,1,0,0,0,0,4.73945E+20,5.41787E+21,8.64439E+15,4.89132E+16
42059,42060,8,1,27,14,2016,11,11,3,3,6,4,0,0,0,0,1,0,0,1,5.78054E+20,5.44349E+21,1.00701E+16,4.91393E+16
42060,42061,8,2,15,46,2016,12,0,5,3,8,1,2,0,0,0,0,1,0,0,4.48722E+20,5.4178E+21,8.30018E+15,4.8911E+16
42061,42062,8,2,36,71,2016,11,17,2,3,2,6,2,0,0,1,0,0,0,0,4.671E+20,5.42021E+21,8.55079E+15,4.8934E+16
42062,42063,8,3,25,45,2016,11,18,4,3,8,1,2,2,0,1,0,0,0,0,4.71602E+20,5.34754E+21,8.61722E+15,4.82804E+16
42063,42064,8,4,35,13,2016,12,20,1,3,8,7,2,0,0,1,0,0,0,0,5.40446E+20,5.2754E+21,9.53837E+15,4.76308E+16
42064,42065,8,2,21,0,2016,12,19,7,3,9,1,2,2,0,0,0,1,0,0,4.76647E+20,5.47203E+21,8.67813E+15,4.94005E+16
42065,42066,8,1,18,79,2016,11,10,3,3,9,7,0,0,0,1,0,0,0,0,5.10158E+20,5.42164E+21,9.13874E+15,4.89476E+16
42066,42067,8,4,35,16,2016,12,20,5,3,4,7,2,0,0,1,0,0,0,0,5.37594E+20,5.27888E+21,9.50072E+15,4.76622E+16
42067,42068,8,2,15,96,2016,12,6,6,3,2,6,2,1,0,1,0,0,0,0,4.63898E+20,5.4211E+21,8.50699E+15,4.89417E+16
42068,42069,8,1,16,49,2016,12,12,6,3,2,6,0,0,0,1,0,0,1,0,5.23827E+20,5.38413E+21,9.32325E+15,4.86098E+16
42069,42070,8,1,19,93,2016,12,11,5,3,5,3,0,0,0,1,0,0,0,0,5.23319E+20,5.40691E+21,9.31764E+15,4.88148E+16
42070,42071,8,1,11,0,2016,12,6,2,3,1,6,2,0,0,1,0,0,0,0,5.08863E+20,5.39506E+21,9.12048E+15,4.87085E+16
42071,42072,8,2,26,85,2016,11,11,2,2,2,2,0,0,0,1,0,0,0,0,4.91243E+20,5.45608E+21,8.87966E+15,4.92574E+16
42072,42073,8,4,35,16,2016,11,1,1,3,4,6,2,1,0,1,0,0,0,0,5.3537E+20,5.27944E+21,9.47114E+15,4.76674E+16
42073,42074,8,1,16,77,2016,12,17,5,3,5,3,2,0,1,1,0,0,0,0,5.1477E+20,5.38975E+21,9.20057E+15,4.86606E+16
42074,42075,8,3,17,114,2016,12,12,6,3,5,3,0,0,0,1,0,0,0,0,4.05618E+20,5.34584E+21,7.72837E+15,4.82587E+16
42075,42076,8,1,19,90,2016,12,7,6,2,5,2,2,1,0,1,0,0,0,0,5.29964E+20,5.40723E+21,9.40818E+15,4.88174E+16
42076,42077,8,2,26,95,2016,11,9,3,3,2,6,0,0,0,1,0,0,1,0,4.7306E+20,5.46259E+21,8.62934E+15,4.93154E+16
42077,42078,8,2,22,0,2016,11,18,3,3,2,6,2,0,0,1,0,0,0,0,4.60913E+20,5.48356E+21,8.46014E+15,4.95034E+16
42078,42079,8,1,35,19,2016,12,20,5,3,2,6,2,1,0,1,0,0,0,0,5.83852E+20,5.39244E+21,1.01391E+16,4.86794E+16
42079,42080,8,2,26,13,2016,12,19,2,2,6,2,2,0,0,1,1,0,0,0,4.97349E+20,5.47888E+21,8.96342E+15,4.94625E+16
42080,42081,8,1,21,0,2016,11,12,2,3,5,2,0,0,0,1,0,0,0,0,5.1654E+20,5.44238E+21,9.22674E+15,4.9134E+16
42081,42082,8,2,26,101,2016,11,13,2,3,6,4,0,0,0,1,1,0,0,0,4.87174E+20,5.46038E+21,8.8236E+15,4.92961E+16
42082,42083,8,3,17,1,2016,11,11,4,3,2,6,0,0,0,1,0,0,0,0,4.288E+20,5.38424E+21,8.03412E+15,4.86072E+16
42083,42084,8,2,12,0,2016,11,15,4,3,2,6,0,0,0,1,0,0,0,0,4.52703E+20,5.42916E+21,8.35318E+15,4.90135E+16
42084,42085,8,4,16,48,2016,12,11,7,3,2,6,0,0,0,1,0,0,0,0,4.92362E+20,5.37911E+21,8.89647E+15,4.8565E+16
42085,42086,8,1,16,33,2016,11,8,3,3,5,3,1,0,0,1,0,0,0,0,5.33584E+20,5.38664E+21,9.45581E+15,4.86319E+16
42086,42087,8,4,17,2,2016,12,9,5,3,2,6,0,0,0,1,0,0,1,0,4.89057E+20,5.34556E+21,8.85256E+15,4.82632E+16
42087,42088,8,2,35,85,2016,12,4,6,3,4,2,2,1,0,1,0,0,0,0,4.82566E+20,5.39504E+21,8.76303E+15,4.87081E+16
42088,42089,8,1,16,81,2016,12,20,6,2,5,3,2,1,0,1,0,0,0,1,5.17347E+20,5.38627E+21,9.23542E+15,4.86293E+16
42089,42090,8,3,27,54,2016,12,18,5,3,4,2,2,0,0,1,0,0,0,0,4.83125E+20,5.31542E+21,8.77381E+15,4.79919E+16
42090,42091,8,1,25,58,2016,12,17,2,2,5,3,2,0,0,1,0,0,0,0,5.10505E+20,5.44324E+21,9.14403E+15,4.91419E+16
42091,42092,8,1,18,51,2016,11,17,2,3,2,6,2,0,0,1,0,0,0,1,5.10315E+20,5.41382E+21,9.14068E+15,4.88772E+16
42092,42093,8,4,25,81,2016,11,4,1,3,4,6,2,1,0,1,0,0,0,0,5.47937E+20,5.34291E+21,9.6456E+15,4.82376E+16
42093,42094,8,1,15,41,2016,12,16,5,3,6,4,0,0,0,1,1,0,0,0,4.92619E+20,5.40263E+21,8.89954E+15,4.87766E+16
42094,42095,8,4,15,19,2016,11,11,4,3,5,3,0,0,0,1,0,0,0,0,5.19164E+20,5.37025E+21,9.25934E+15,4.8485E+16
42095,42096,8,2,31,0,2016,11,12,4,3,2,6,0,0,0,1,0,0,0,1,4.79401E+20,5.4188E+21,8.71881E+15,4.89218E+16
42096,42097,8,1,27,104,2016,11,12,4,3,4,6,0,0,0,1,0,0,1,0,5.79239E+20,5.43493E+21,1.00847E+16,4.90622E+16
42097,42098,8,1,18,79,2016,12,9,1,3,5,3,0,0,0,1,0,0,0,1,5.10649E+20,5.42243E+21,9.14546E+15,4.89547E+16
42098,42099,8,4,16,6,2016,12,13,7,2,2,6,0,0,0,1,0,0,0,0,4.98645E+20,5.35723E+21,8.9817E+15,4.83682E+16
42099,42100,8,1,11,0,2016,12,19,3,3,2,6,2,1,0,1,0,0,0,0,5.09278E+20,5.40125E+21,9.12626E+15,4.87642E+16
42100,42101,8,1,18,21,2016,12,10,7,3,2,6,0,0,0,1,0,0,0,0,5.21334E+20,5.42737E+21,9.29167E+15,4.89989E+16
42101,42102,8,4,35,16,2016,12,15,6,3,5,3,0,0,1,1,0,0,0,0,5.36025E+20,5.2778E+21,9.47973E+15,4.76526E+16
42102,42103,8,4,37,86,2016,11,6,3,3,4,6,2,0,0,1,0,0,0,0,5.30171E+20,5.31337E+21,9.40426E+15,4.79729E+16
42103,42104,8,2,26,38,2016,11,12,4,2,2,6,0,0,0,1,0,0,0,0,4.74045E+20,5.48015E+21,8.64174E+15,4.94734E+16
42104,42105,8,1,36,88,2016,11,18,4,3,2,6,2,1,0,1,0,0,0,1,5.84173E+20,5.40661E+21,1.01464E+16,4.88068E+16
42105,42106,8,2,36,43,2016,12,22,1,3,8,1,2,0,0,1,0,0,0,0,4.70729E+20,5.40877E+21,8.60115E+15,4.88312E+16
42106,42107,8,1,18,47,2016,12,5,3,3,5,3,2,1,0,1,0,0,0,0,5.06733E+20,5.42643E+21,9.09204E+15,4.89908E+16
42107,42108,8,1,21,0,2016,12,18,7,3,6,2,2,0,0,1,1,0,0,0,5.16093E+20,5.44242E+21,9.22061E+15,4.91344E+16
42108,42109,8,1,16,81,2016,11,2,4,3,2,6,2,0,0,0,0,0,1,1,5.16675E+20,5.38656E+21,9.22631E+15,4.86319E+16
42109,42110,8,2,15,106,2016,11,6,3,3,5,3,2,1,0,1,0,0,0,1,4.62726E+20,5.45327E+21,8.48801E+15,4.92311E+16
42110,42111,8,1,11,0,2016,11,19,3,3,5,2,2,0,0,1,0,0,0,0,5.16841E+20,5.40665E+21,9.22939E+15,4.88126E+16
42111,42112,8,4,15,92,2016,12,6,5,3,2,2,2,0,0,1,0,0,0,0,5.19056E+20,5.36443E+21,9.25762E+15,4.84328E+16
42112,42113,8,2,26,84,2016,12,7,6,3,5,3,0,1,0,1,0,0,0,0,4.68461E+20,5.46921E+21,8.56553E+15,4.93748E+16
42113,42114,8,1,11,0,2016,12,22,6,2,9,1,2,0,0,1,0,0,0,0,5.09277E+20,5.40065E+21,9.12623E+15,4.87588E+16
42114,42115,8,3,17,151,2016,12,7,5,1,4,1,1,2,0,1,0,0,0,0,4.09411E+20,5.37162E+21,7.7739E+15,4.84912E+16
42115,42116,8,1,18,79,2016,12,13,2,3,2,6,0,0,0,1,0,0,0,1,5.098E+20,5.42165E+21,9.13384E+15,4.89477E+16
42116,42117,8,1,18,63,2016,11,7,2,2,5,3,2,0,1,1,0,0,0,0,5.15228E+20,5.42299E+21,9.20803E+15,4.89597E+16
42117,42118,8,4,16,41,2016,11,17,1,3,8,1,2,1,0,1,0,0,0,0,5.06445E+20,5.37318E+21,9.08726E+15,4.85117E+16
42118,42119,8,4,36,79,2016,11,20,4,3,8,1,2,2,0,1,0,0,0,0,5.52796E+20,5.28749E+21,9.70421E+15,4.77386E+16
42119,42120,8,3,37,126,2016,11,9,4,3,5,3,0,0,0,1,0,0,0,0,4.44222E+20,5.27438E+21,8.25769E+15,4.76204E+16
42120,42121,8,1,19,89,2016,11,7,4,3,2,6,0,0,0,1,0,0,0,0,5.33675E+20,5.41546E+21,9.4594E+15,4.88912E+16
42121,42122,8,1,11,0,2016,12,15,1,3,3,6,0,0,0,1,0,0,0,0,5.15521E+20,5.40546E+21,9.21137E+15,4.8802E+16
42122,42123,8,3,26,3,2016,12,13,7,3,2,6,0,0,0,1,0,0,0,0,4.64346E+20,5.31931E+21,8.52179E+15,4.8026E+16
42123,42124,8,4,21,0,2016,12,16,2,3,2,6,1,0,0,1,0,0,0,0,5.7261E+20,5.35726E+21,9.98032E+15,4.83643E+16
42124,42125,8,4,21,0,2016,12,22,7,2,3,1,2,0,0,1,0,0,0,0,5.72873E+20,5.36024E+21,9.98437E+15,4.83911E+16
42125,42126,8,4,16,31,2016,12,17,6,3,2,6,2,1,0,1,0,0,0,1,5.03964E+20,5.36451E+21,9.0536E+15,4.84337E+16
42126,42127,8,4,26,21,2016,11,9,3,2,8,1,0,0,0,1,0,0,0,0,5.6027E+20,5.32831E+21,9.80961E+15,4.81052E+16
42127,42128,8,1,28,7,2016,12,7,6,3,5,3,1,1,0,1,0,1,0,0,5.55403E+20,5.48078E+21,9.7648E+15,4.94771E+16
42128,42129,8,3,25,53,2016,11,17,3,3,3,6,2,0,0,1,0,0,0,0,4.54296E+20,5.34184E+21,8.38459E+15,4.82281E+16
42129,42130,8,1,18,73,2016,11,18,2,2,6,4,2,0,0,1,1,0,0,0,4.97852E+20,5.41898E+21,8.97068E+15,4.89237E+16
42130,42131,8,2,31,0,2016,11,18,3,3,2,6,2,0,0,1,0,0,0,0,4.75452E+20,5.4151E+21,8.66513E+15,4.88884E+16
42131,42132,8,1,28,131,2016,11,12,3,3,5,3,0,0,0,1,0,0,0,0,5.3585E+20,5.51451E+21,9.49798E+15,4.9782E+16
42132,42133,8,2,22,0,2016,12,22,5,3,6,4,2,0,0,1,1,0,0,0,4.60942E+20,5.48252E+21,8.46065E+15,4.94941E+16
42133,42134,8,3,15,43,2016,11,11,2,3,1,1,0,0,0,1,0,1,0,0,4.04931E+20,5.32349E+21,7.7241E+15,4.80576E+16
42134,42135,8,2,31,0,2016,12,17,5,3,2,6,2,0,0,1,0,0,0,0,4.75274E+20,5.41294E+21,8.66283E+15,4.88689E+16
42135,42136,8,1,18,53,2016,11,16,1,3,2,6,2,0,0,1,0,0,0,0,5.17702E+20,5.4285E+21,9.24207E+15,4.90091E+16
42136,42137,8,1,15,21,2016,12,6,6,2,4,6,0,2,0,1,0,0,0,0,4.85365E+20,5.38431E+21,8.80146E+15,4.86117E+16
42137,42138,8,3,37,22,2016,11,13,3,3,3,6,0,0,0,1,0,0,0,0,4.50497E+20,5.2964E+21,8.33868E+15,4.78191E+16
42138,42139,8,1,18,54,2016,11,17,2,3,2,6,2,0,0,1,0,0,0,0,5.19505E+20,5.42375E+21,9.26649E+15,4.89664E+16
42139,42140,8,2,15,21,2016,11,11,3,2,1,6,0,0,0,1,0,0,1,0,4.69331E+20,5.44756E+21,8.57918E+15,4.91801E+16
42140,42141,8,1,25,6,2016,11,8,3,3,9,1,0,0,0,0,0,0,0,1,5.05612E+20,5.45068E+21,9.07704E+15,4.92088E+16
42141,42142,8,3,35,26,2016,12,8,5,2,8,1,0,2,0,1,0,0,0,0,4.80209E+20,5.28379E+21,8.73618E+15,4.77072E+16
42142,42143,8,2,11,0,2016,12,11,6,3,1,6,0,1,0,1,0,0,0,0,4.41109E+20,5.40393E+21,8.19828E+15,4.87856E+16
42143,42144,8,4,36,49,2016,12,5,5,3,8,1,2,2,0,1,0,0,0,0,5.77693E+20,5.28115E+21,1.00351E+16,4.76791E+16
42144,42145,8,3,26,5,2016,11,19,2,3,5,3,2,0,0,1,0,0,0,0,4.66716E+20,5.29918E+21,8.55514E+15,4.78451E+16
42145,42146,8,2,26,103,2016,12,14,5,3,8,1,0,0,0,0,0,0,1,0,4.72816E+20,5.45852E+21,8.62625E+15,4.92788E+16
42146,42147,8,1,15,42,2016,11,20,1,2,2,6,2,1,0,1,0,0,0,0,4.93824E+20,5.40682E+21,8.91588E+15,4.88143E+16
42147,42148,8,4,15,60,2016,12,6,2,3,2,6,1,0,0,1,0,0,0,1,5.1304E+20,5.3796E+21,9.17677E+15,4.85693E+16
42148,42149,8,1,21,0,2016,11,15,2,2,5,3,0,0,0,1,0,0,0,0,5.14155E+20,5.44128E+21,9.19401E+15,4.91242E+16
42149,42150,8,4,16,36,2016,11,1,1,3,2,1,2,1,0,1,0,0,0,0,4.83371E+20,5.3743E+21,8.7748E+15,4.85216E+16
42150,42151,8,4,36,9,2016,11,16,4,3,6,4,0,0,0,1,1,0,0,0,5.56004E+20,5.30729E+21,9.74957E+15,4.79165E+16
42151,42152,8,2,31,0,2016,12,16,7,3,8,1,0,0,0,1,0,0,0,0,4.73968E+20,5.41786E+21,8.6447E+15,4.89132E+16
42152,42153,8,4,16,49,2016,12,8,7,3,1,5,0,1,0,1,0,0,0,0,4.91796E+20,5.36979E+21,8.88898E+15,4.84812E+16
42153,42154,8,3,17,116,2016,12,10,7,3,5,3,0,0,0,1,0,1,0,0,4.32843E+20,5.38737E+21,8.08846E+15,4.86358E+16
42154,42155,8,4,17,79,2016,12,0,2,2,9,1,2,0,0,1,0,0,0,0,5.03944E+20,5.34039E+21,9.05309E+15,4.82168E+16
42155,42156,8,1,11,0,2016,12,5,7,3,5,3,2,0,0,1,0,0,0,0,5.15931E+20,5.40509E+21,9.21694E+15,4.87986E+16
42156,42157,8,3,25,61,2016,12,20,6,3,5,3,2,1,0,1,0,0,0,0,4.75054E+20,5.35457E+21,8.66335E+15,4.83439E+16
42157,42158,8,1,21,0,2016,12,13,6,3,6,4,0,0,0,0,1,0,0,1,5.13303E+20,5.44311E+21,9.18239E+15,4.91407E+16
42158,42159,8,3,15,13,2016,11,22,3,3,8,1,2,0,0,1,0,0,0,0,4.05726E+20,5.32548E+21,7.73434E+15,4.80756E+16
42159,42160,8,1,18,70,2016,11,12,2,3,2,6,0,0,0,1,0,0,0,0,5.19618E+20,5.42373E+21,9.26803E+15,4.89661E+16
42160,42161,8,2,26,76,2016,11,7,3,3,1,6,0,0,0,1,0,0,1,0,4.75419E+20,5.46438E+21,8.66168E+15,4.93317E+16
42161,42162,8,2,25,2,2016,11,18,3,2,5,2,1,0,0,1,0,0,0,0,4.99184E+20,5.46645E+21,8.98876E+15,4.93507E+16
42162,42163,8,2,16,43,2016,12,16,5,3,6,4,0,0,0,1,1,0,0,0,4.41587E+20,5.41129E+21,8.20373E+15,4.88518E+16
42163,42164,8,2,36,46,2016,12,13,2,2,4,6,0,0,0,1,0,0,0,0,4.83926E+20,5.41842E+21,8.7806E+15,4.89185E+16
42164,42165,8,1,25,49,2016,11,11,2,3,8,1,0,0,0,0,0,0,1,0,5.01208E+20,5.4527E+21,9.01659E+15,4.92271E+16
42165,42166,8,2,37,40,2016,11,17,2,3,5,3,2,0,0,1,0,0,0,0,4.76105E+20,5.36749E+21,8.67679E+15,4.84601E+16
42166,42167,8,3,27,49,2016,11,23,4,2,1,7,2,0,0,1,0,0,0,0,4.75013E+20,5.32251E+21,8.66467E+15,4.80553E+16
42167,42168,8,3,37,108,2016,12,10,1,2,5,3,0,0,0,1,0,0,0,0,4.25441E+20,5.28928E+21,8.00523E+15,4.77525E+16
42168,42169,8,2,15,84,2016,12,15,7,3,2,6,0,0,0,1,0,0,0,0,4.74163E+20,5.4485E+21,8.64542E+15,4.91888E+16
42169,42170,8,1,11,0,2016,12,18,2,3,2,6,2,0,0,1,0,0,1,0,5.13687E+20,5.40313E+21,9.18631E+15,4.8781E+16
42170,42171,8,2,25,58,2016,12,8,7,3,5,3,1,1,0,1,0,0,0,1,5.08207E+20,5.46894E+21,9.11306E+15,4.93731E+16
42171,42172,8,2,31,0,2016,12,12,7,3,6,4,0,0,0,1,1,0,0,0,4.77916E+20,5.41442E+21,8.69878E+15,4.88824E+16
42172,42173,8,3,11,0,2016,12,18,2,3,1,6,2,0,0,1,0,0,0,0,4.13645E+20,5.31668E+21,7.8424E+15,4.79975E+16
42173,42174,8,1,21,0,2016,11,17,3,3,1,6,1,0,0,1,0,0,0,0,5.14297E+20,5.44154E+21,9.19597E+15,4.91265E+16
42174,42175,8,4,35,47,2016,12,13,5,2,4,6,0,0,0,1,0,0,0,0,5.15507E+20,5.29558E+21,9.20714E+15,4.78134E+16
42175,42176,8,3,16,11,2016,12,17,6,3,5,3,2,0,1,1,0,0,0,0,4.15095E+20,5.3296E+21,7.85927E+15,4.8114E+16
42176,42177,8,1,18,63,2016,12,16,6,3,2,6,2,0,0,1,0,0,0,0,5.16149E+20,5.42331E+21,9.22062E+15,4.89625E+16
42177,42178,8,1,25,65,2016,12,9,5,3,2,6,0,0,0,1,0,0,0,0,5.17026E+20,5.45019E+21,9.23374E+15,4.92042E+16
42178,42179,8,2,16,15,2016,12,11,2,3,5,2,0,0,0,1,0,0,0,0,4.51369E+20,5.40449E+21,8.33788E+15,4.87915E+16
42179,42180,8,1,15,24,2016,12,18,5,3,5,3,2,1,0,1,0,0,0,0,5.02797E+20,5.38742E+21,9.03797E+15,4.86399E+16
42180,42181,8,3,36,73,2016,11,14,4,2,5,2,0,0,0,1,0,0,0,0,3.98266E+20,5.27656E+21,7.64572E+15,4.76345E+16
42181,42182,8,1,11,0,2016,11,10,4,2,2,6,0,0,0,1,0,0,0,0,5.13412E+20,5.39418E+21,9.18228E+15,4.87005E+16
42182,42183,8,1,28,45,2016,12,16,7,2,8,1,2,1,0,1,0,0,0,0,5.57681E+20,5.50186E+21,9.79933E+15,4.96666E+16
42183,42184,8,1,18,19,2016,11,13,4,3,5,3,0,1,0,1,0,0,0,0,5.03246E+20,5.40423E+21,9.0442E+15,4.87911E+16
42184,42185,8,1,15,45,2016,11,15,3,3,5,3,0,0,1,1,0,0,0,0,4.97327E+20,5.39613E+21,8.96366E+15,4.87182E+16
42185,42186,8,4,16,36,2016,12,5,5,3,9,1,2,0,0,1,0,0,0,0,4.96565E+20,5.37085E+21,8.95351E+15,4.84908E+16
42186,42187,8,2,36,50,2016,12,11,6,3,8,1,0,1,0,1,0,0,0,0,4.84181E+20,5.42295E+21,8.7839E+15,4.89592E+16
42187,42188,8,1,15,45,2016,12,15,6,3,2,6,0,1,0,1,0,0,0,0,5.01521E+20,5.39489E+21,9.02067E+15,4.8707E+16
42188,42189,8,4,17,13,2016,12,6,5,2,8,1,2,2,0,1,0,0,0,0,5.05122E+20,5.35178E+21,9.06909E+15,4.83192E+16
42189,42190,8,1,21,0,2016,12,7,2,3,5,3,2,0,0,1,0,1,0,0,5.12561E+20,5.44525E+21,9.17229E+15,4.91599E+16
42190,42191,8,1,15,21,2016,11,13,2,3,2,6,0,0,0,1,0,0,0,0,4.9253E+20,5.38119E+21,8.89872E+15,4.85837E+16
42191,42192,8,1,17,19,2016,11,12,3,3,2,6,0,0,0,1,0,0,0,0,5.50405E+20,5.39404E+21,9.685E+15,4.86974E+16
42192,42193,8,4,26,44,2016,12,4,5,3,9,1,2,2,0,1,0,0,0,0,5.75335E+20,5.32761E+21,1.00118E+16,4.80973E+16
42193,42194,8,2,31,0,2016,12,18,6,3,2,6,2,1,0,1,0,0,0,0,4.84676E+20,5.41288E+21,8.79104E+15,4.88687E+16
42194,42195,8,1,16,81,2016,12,8,6,3,2,6,0,0,0,1,0,0,0,0,5.18308E+20,5.38507E+21,9.24841E+15,4.86185E+16
42195,42196,8,1,18,49,2016,12,16,5,3,5,3,1,0,1,1,0,0,0,0,5.18628E+20,5.42104E+21,9.25438E+15,4.8942E+16
42196,42197,8,1,28,7,2016,12,17,2,3,7,7,2,0,0,1,0,0,0,0,5.54299E+20,5.47787E+21,9.74917E+15,4.94511E+16
42197,42198,8,2,15,102,2016,11,7,2,3,2,6,1,0,0,1,0,0,0,1,4.59129E+20,5.43242E+21,8.44073E+15,4.90433E+16
42198,42199,8,3,36,105,2016,11,17,1,3,9,1,2,1,0,1,0,0,0,0,3.99866E+20,5.26728E+21,7.66913E+15,4.75512E+16
42199,42200,8,1,16,77,2016,12,17,5,2,6,2,2,0,0,1,1,0,0,0,5.15245E+20,5.38908E+21,9.207E+15,4.86546E+16
42200,42201,8,4,26,21,2016,11,6,4,3,4,6,2,0,0,1,0,0,0,0,5.52861E+20,5.3265E+21,9.70987E+15,4.80895E+16
42201,42202,8,2,12,0,2016,11,5,4,3,5,2,2,0,0,1,0,0,0,0,4.55243E+20,5.42927E+21,8.3879E+15,4.90147E+16
42202,42203,8,1,36,88,2016,11,7,4,3,6,4,1,0,0,1,1,0,0,0,5.80348E+20,5.41081E+21,1.00951E+16,4.88451E+16
42203,42204,8,2,26,96,2016,12,14,1,3,2,2,0,0,0,1,0,0,0,0,4.76717E+20,5.48907E+21,8.67809E+15,4.95538E+16
42204,42205,8,1,16,54,2016,12,8,3,3,2,6,0,0,0,1,0,0,0,0,5.25819E+20,5.37835E+21,9.3499E+15,4.85577E+16
42205,42206,8,1,19,79,2016,12,20,7,3,0,1,2,0,0,1,0,0,0,0,5.25425E+20,5.40682E+21,9.34632E+15,4.88138E+16
42206,42207,8,1,16,71,2016,11,15,4,3,6,4,0,0,0,1,1,0,0,0,5.27537E+20,5.39123E+21,9.37405E+15,4.86735E+16
42207,42208,8,3,25,69,2016,11,6,3,3,2,6,2,1,0,0,0,0,1,0,4.6833E+20,5.33598E+21,8.57399E+15,4.81763E+16
42208,42209,8,1,18,48,2016,11,18,2,3,2,6,2,0,0,1,0,0,0,0,5.14207E+20,5.41649E+21,9.19385E+15,4.89012E+16
42209,42210,8,2,12,0,2016,11,17,3,3,3,5,2,0,1,1,0,0,0,0,4.55302E+20,5.42825E+21,8.38882E+15,4.90055E+16
42210,42211,8,2,15,9,2016,11,8,3,3,2,6,0,0,0,1,0,0,0,0,4.68934E+20,5.4426E+21,8.57411E+15,4.91355E+16
42211,42212,8,1,11,0,2016,11,21,3,3,2,6,2,0,0,1,0,0,0,0,5.12951E+20,5.4072E+21,9.17642E+15,4.88177E+16
42212,42213,8,3,11,0,2016,12,20,5,3,2,6,0,0,0,1,0,0,0,0,4.04338E+20,5.31377E+21,7.71832E+15,4.79701E+16
42213,42214,8,2,21,0,2016,12,10,6,3,6,4,0,0,0,1,1,0,0,0,4.7438E+20,5.46938E+21,8.64706E+15,4.93766E+16
42214,42215,8,1,11,0,2016,12,13,6,3,2,6,0,0,0,1,0,1,0,0,5.15366E+20,5.40592E+21,9.20927E+15,4.8806E+16
42215,42216,8,4,16,41,2016,11,13,2,3,2,6,0,0,0,1,0,0,0,0,5.02458E+20,5.37197E+21,9.03327E+15,4.85009E+16
42216,42217,8,3,15,15,2016,12,17,5,2,5,3,2,0,0,1,0,0,0,0,3.94707E+20,5.32217E+21,7.58727E+15,4.80441E+16
42217,42218,8,1,15,21,2016,11,8,1,3,2,6,0,0,0,1,0,0,0,0,4.92579E+20,5.38075E+21,8.89938E+15,4.85798E+16
42218,42219,8,1,16,41,2016,12,7,2,3,5,3,1,0,1,1,0,0,0,0,5.19717E+20,5.38408E+21,9.26749E+15,4.86095E+16
42219,42220,8,1,18,80,2016,11,10,2,3,1,6,0,0,0,1,0,0,0,0,5.08465E+20,5.41027E+21,9.11537E+15,4.88454E+16
42220,42221,8,3,35,77,2016,11,0,1,3,3,6,2,0,0,1,0,0,0,0,4.9385E+20,5.29069E+21,8.91792E+15,4.77695E+16
42221,42222,8,4,36,55,2016,11,16,4,3,2,6,2,0,0,0,0,1,1,0,5.76979E+20,5.29726E+21,1.00285E+16,4.78241E+16
42222,42223,8,3,36,84,2016,11,19,4,3,8,1,2,0,0,1,0,0,0,0,4.04233E+20,5.2769E+21,7.72505E+15,4.76384E+16
42223,42224,8,4,26,14,2016,12,21,7,2,9,1,2,1,0,1,0,0,0,0,5.49893E+20,5.31771E+21,9.66898E+15,4.80108E+16
42224,42225,8,3,25,15,2016,12,17,7,2,4,6,2,0,0,1,0,0,0,0,4.71273E+20,5.34527E+21,8.61295E+15,4.826E+16
42225,42226,8,3,17,56,2016,11,12,1,3,2,6,0,0,0,1,0,0,0,0,4.35226E+20,5.38235E+21,8.12158E+15,4.85909E+16
42226,42227,8,1,11,0,2016,12,7,5,3,3,7,1,0,0,1,0,0,0,0,5.15987E+20,5.39454E+21,9.21729E+15,4.87037E+16
42227,42228,8,3,37,96,2016,11,14,4,2,9,7,0,0,0,1,0,0,0,0,4.23872E+20,5.26987E+21,7.98768E+15,4.75777E+16
42228,42229,8,2,22,0,2016,11,11,4,3,5,2,0,0,0,1,0,0,0,1,4.63788E+20,5.48031E+21,8.50015E+15,4.94743E+16
42229,42230,8,1,21,0,2016,11,18,4,2,3,6,2,0,0,1,0,1,0,0,5.15261E+20,5.44175E+21,9.20918E+15,4.91284E+16
42230,42231,8,1,25,69,2016,12,19,1,3,4,2,2,0,0,1,0,0,0,0,5.23808E+20,5.45351E+21,9.32703E+15,4.92339E+16
42231,42232,8,3,16,37,2016,12,10,7,3,3,6,0,0,0,1,0,0,0,0,4.08281E+20,5.33332E+21,7.76694E+15,4.81465E+16
42232,42233,8,1,11,0,2016,12,18,3,3,2,6,2,0,0,1,0,0,0,0,5.17685E+20,5.40296E+21,9.24072E+15,4.87794E+16
42233,42234,8,1,17,51,2016,12,10,7,3,5,3,0,0,0,1,0,0,0,0,5.43084E+20,5.3948E+21,9.58558E+15,4.87047E+16