FID,OBJECTID,ULAND,UREGBEZ,UKREIS,UGEMEINDE,UJAHR,UMONAT,USTUNDE,UWOCHENTAG,UKATEGORIE,UART,UTYP1,ULICHTVERH,IstStrasse,IstRad,IstPKW,IstFuss,IstKrad,IstGkfz,IstSonstig,LINREFX,LINREFY,XGCSWGS84,YGCSWGS84
42234,42235,8,4,25,137,2016,12,12,6,3,5,3,0,1,0,1,0,0,0,0,5.75641E+20,5.35165E+21,1.00202E+16,4.83135E+16
42235,42236,8,4,26,97,2016,11,7,3,2,5,3,0,0,0,1,0,0,0,0,5.35107E+20,5.33385E+21,9.47206E+15,4.81569E+16
42236,42237,8,1,36,10,2016,12,6,6,3,4,1,2,1,0,1,0,0,0,0,5.95407E+20,5.41339E+21,1.03009E+16,4.88661E+16
42237,42238,8,3,36,81,2016,11,16,3,3,4,1,0,0,0,1,0,1,0,0,4.15908E+20,5.27986E+21,7.87988E+15,4.76667E+16
42238,42239,8,1,18,3,2016,11,6,2,3,0,7,2,0,0,0,0,1,0,0,5.09632E+20,5.41697E+21,9.13144E+15,4.89056E+16
42239,42240,8,2,37,74,2016,11,13,3,3,4,2,0,0,0,1,0,0,0,0,4.68012E+20,5.37004E+21,8.56713E+15,4.84827E+16
42240,42241,8,1,36,65,2016,11,11,3,3,5,3,0,0,1,1,0,0,0,0,5.5899E+20,5.40476E+21,9.80319E+15,4.87931E+16
42241,42242,8,1,21,0,2016,12,19,6,3,2,6,2,0,0,1,0,0,0,0,5.10811E+20,5.44838E+21,9.14836E+15,4.91882E+16
42242,42243,8,4,36,64,2016,12,6,5,3,8,1,2,2,0,1,0,0,0,0,5.48026E+20,5.29146E+21,9.64104E+15,4.77747E+16
42243,42244,8,2,37,28,2016,11,23,2,2,4,6,2,0,0,1,0,0,0,0,4.55865E+20,5.37061E+21,8.4027E+15,4.84871E+16
42244,42245,8,2,12,0,2016,12,11,5,2,9,6,0,0,0,1,0,0,0,0,4.54421E+20,5.43448E+21,8.37608E+15,4.90615E+16
42245,42246,8,1,11,0,2016,11,16,1,3,2,6,0,1,0,1,0,0,0,0,5.07555E+20,5.3954E+21,9.1027E+15,4.87116E+16
42246,42247,8,1,16,19,2016,12,18,2,3,0,1,2,2,0,0,0,1,0,0,5.23646E+20,5.39702E+21,9.32152E+15,4.87257E+16
42247,42248,8,1,21,0,2016,11,13,2,3,2,6,0,0,0,1,0,0,0,0,5.15227E+20,5.44406E+21,9.20881E+15,4.91491E+16
42248,42249,8,3,35,35,2016,11,22,4,3,8,1,2,2,0,1,0,0,0,0,4.83462E+20,5.28895E+21,8.77934E+15,4.77537E+16
42249,42250,8,2,36,28,2016,12,18,7,2,2,6,2,0,0,1,0,0,0,0,4.92926E+20,5.42276E+21,8.90337E+15,4.89577E+16
42250,42251,8,2,31,0,2016,12,10,7,3,2,6,0,0,0,1,0,0,0,0,4.84598E+20,5.41319E+21,8.78997E+15,4.88715E+16
42251,42252,8,3,16,56,2016,12,14,2,3,5,3,0,0,1,1,0,0,0,0,4.19128E+20,5.32505E+21,7.91431E+15,4.80736E+16
42252,42253,8,4,36,81,2016,12,7,6,3,9,1,0,2,0,1,0,0,0,0,5.61143E+20,5.28068E+21,9.81459E+15,4.76767E+16
42253,42254,8,3,27,33,2016,12,6,6,3,8,1,0,2,0,1,0,0,0,0,4.8691E+20,5.32475E+21,8.82426E+15,4.80758E+16
42254,42255,8,1,19,44,2016,12,20,6,3,5,2,2,0,0,1,0,0,0,0,5.42612E+20,5.42521E+21,9.58234E+15,4.89783E+16
42255,42256,8,2,26,85,2016,11,11,3,2,2,6,0,0,0,1,0,0,1,0,4.8842E+20,5.45579E+21,8.84086E+15,4.92548E+16
42256,42257,8,2,22,0,2016,11,14,3,2,5,3,0,0,1,0,0,0,0,1,4.62844E+20,5.48277E+21,8.48688E+15,4.94964E+16
42257,42258,8,1,15,45,2016,12,17,5,3,2,6,0,0,0,1,0,0,0,0,5.04E+20,5.39592E+21,9.05437E+15,4.87163E+16
42258,42259,8,2,22,0,2016,12,17,2,3,2,6,2,0,0,1,0,1,0,0,4.60699E+20,5.48224E+21,8.45732E+15,4.94915E+16
42259,42260,8,4,15,61,2016,12,16,2,3,2,6,1,0,0,1,0,0,0,0,5.15255E+20,5.3705E+21,9.20646E+15,4.84875E+16
42260,42261,8,1,15,21,2016,12,16,7,3,2,6,1,0,0,1,0,0,0,0,4.90506E+20,5.38289E+21,8.87123E+15,4.8599E+16
42261,42262,8,4,36,81,2016,12,8,6,1,4,6,0,2,0,1,0,0,1,0,5.63778E+20,5.2842E+21,9.8502E+15,4.7708E+16
42262,42263,8,4,15,61,2016,11,12,3,3,0,7,0,0,0,0,0,0,0,1,5.10844E+20,5.36493E+21,9.14661E+15,4.84375E+16
42263,42264,8,1,27,9,2016,12,14,6,2,5,3,0,1,0,1,0,0,0,0,5.55262E+20,5.44974E+21,9.75856E+15,4.9198E+16
42264,42265,8,3,16,55,2016,11,12,3,3,4,6,0,0,0,1,0,0,0,0,4.2926E+20,5.3343E+21,8.04877E+15,4.8158E+16
42265,42266,8,1,18,7,2016,11,17,2,3,5,3,2,0,0,1,0,0,0,0,5.14483E+20,5.42895E+21,9.19806E+15,4.90133E+16
42266,42267,8,2,35,8,2016,11,9,3,2,5,3,0,0,0,1,0,0,0,0,4.79998E+20,5.40469E+21,8.72765E+15,4.87948E+16
42267,42268,8,1,28,115,2016,11,14,3,3,2,6,0,0,0,1,0,0,0,0,5.47267E+20,5.49848E+21,9.65462E+15,4.9637E+16
42268,42269,8,2,16,23,2016,12,22,5,2,5,2,2,0,0,1,0,0,0,0,4.3996E+20,5.40942E+21,8.18183E+15,4.88349E+16
42269,42270,8,2,26,103,2016,11,7,2,3,1,6,0,0,0,1,0,0,0,0,4.71935E+20,5.45907E+21,8.6141E+15,4.92838E+16
42270,42271,8,1,11,0,2016,12,16,2,3,5,3,1,1,0,1,0,0,0,0,5.13691E+20,5.40192E+21,9.18633E+15,4.87701E+16
42271,42272,8,2,22,0,2016,12,15,7,3,6,6,0,0,0,1,1,0,0,0,4.63039E+20,5.47889E+21,8.48994E+15,4.94616E+16
42272,42273,8,2,31,0,2016,12,14,7,3,2,6,0,0,0,1,0,0,0,0,4.75443E+20,5.4165E+21,8.66492E+15,4.89009E+16
42273,42274,8,2,22,0,2016,12,9,2,3,2,6,0,0,0,1,0,0,0,0,4.66664E+20,5.4795E+21,8.53991E+15,4.94672E+16
42274,42275,8,1,18,11,2016,11,6,3,3,5,3,2,0,1,1,0,0,0,0,5.05193E+20,5.40843E+21,9.07076E+15,4.88288E+16
42275,42276,8,4,35,35,2016,12,18,5,3,2,6,2,0,0,1,0,0,0,0,5.41971E+20,5.2822E+21,9.55933E+15,4.76919E+16
42276,42277,8,2,26,103,2016,12,18,6,3,2,6,2,0,0,1,0,0,0,0,4.71728E+20,5.45732E+21,8.61138E+15,4.9268E+16
42277,42278,8,1,18,78,2016,12,18,6,2,3,7,2,0,0,1,0,0,0,0,5.12395E+20,5.41941E+21,9.16922E+15,4.89275E+16
42278,42279,8,1,19,42,2016,12,16,5,3,8,1,2,0,0,1,0,0,0,0,5.29338E+20,5.41498E+21,9.40021E+15,4.88871E+16
42279,42280,8,2,15,101,2016,12,6,2,3,5,3,2,0,0,1,0,0,0,0,4.67342E+20,5.42383E+21,8.5538E+15,4.89665E+16
42280,42281,8,2,26,103,2016,11,16,1,2,2,6,2,0,0,1,0,0,1,0,4.7167E+20,5.45721E+21,8.61059E+15,4.9267E+16
42281,42282,8,4,25,31,2016,12,7,5,3,1,1,0,0,0,1,0,0,1,0,5.65871E+20,5.36931E+21,9.89123E+15,4.84735E+16
42282,42283,8,2,26,10,2016,11,17,4,3,2,6,2,0,0,1,0,0,0,0,4.84335E+20,5.45724E+21,8.78467E+15,4.92677E+16
42283,42284,8,1,36,33,2016,11,15,4,3,0,1,0,0,0,1,0,0,0,0,5.79323E+20,5.41623E+21,1.00822E+16,4.8894E+16
42284,42285,8,2,35,65,2016,12,20,1,3,1,5,2,0,0,1,0,0,0,0,4.78149E+20,5.4054E+21,8.70244E+15,4.88012E+16
42285,42286,8,2,36,46,2016,11,12,2,3,2,6,0,0,0,1,0,0,0,0,4.83643E+20,5.41855E+21,8.77673E+15,4.89196E+16
42286,42287,8,3,17,141,2016,11,15,4,3,5,3,0,0,0,1,0,0,1,0,4.17828E+20,5.37785E+21,7.88657E+15,4.85483E+16
42287,42288,8,2,12,0,2016,11,16,4,3,5,3,0,0,0,1,0,0,0,0,4.54547E+20,5.43219E+21,8.37806E+15,4.90409E+16
42288,42289,8,2,15,103,2016,12,18,1,2,4,6,2,0,0,1,0,0,0,0,4.64449E+20,5.44468E+21,8.51245E+15,4.91539E+16
42289,42290,8,1,18,77,2016,12,0,7,2,4,2,2,1,1,1,0,0,0,0,5.12856E+20,5.42295E+21,9.17562E+15,4.89593E+16
42290,42291,8,4,25,84,2016,11,14,3,3,2,6,0,0,0,1,0,0,0,0,5.59862E+20,5.37434E+21,9.81066E+15,4.85194E+16
42291,42292,8,4,17,2,2016,12,17,5,3,1,6,2,0,0,1,0,0,0,0,4.87578E+20,5.34443E+21,8.83265E+15,4.8253E+16
42292,42293,8,2,35,79,2016,12,8,6,3,8,1,0,2,0,0,0,0,1,0,4.63078E+20,5.39381E+21,8.49825E+15,4.86962E+16
42293,42294,8,1,16,49,2016,12,15,6,2,4,6,0,0,0,1,0,0,1,0,5.23546E+20,5.38336E+21,9.31939E+15,4.86029E+16
42294,42295,8,3,35,97,2016,12,13,5,3,2,6,0,0,0,1,0,0,0,0,4.86164E+20,5.29865E+21,8.81509E+15,4.7841E+16
42295,42296,8,1,27,99,2016,12,16,2,3,2,6,2,0,0,1,0,0,0,0,5.64064E+20,5.44648E+21,9.87884E+15,4.91678E+16
42296,42297,8,1,25,27,2016,11,8,2,3,2,6,0,0,0,1,0,0,0,1,5.17534E+20,5.44704E+21,9.24057E+15,4.9176E+16
42297,42298,8,2,26,103,2016,11,16,1,3,2,6,2,0,0,1,0,0,0,1,4.72087E+20,5.45894E+21,8.61621E+15,4.92826E+16
42298,42299,8,1,15,28,2016,12,12,5,3,6,4,0,0,0,1,1,0,0,0,5.01451E+20,5.4057E+21,9.01976E+15,4.88043E+16
42299,42300,8,4,25,33,2016,11,12,4,3,2,6,0,0,0,1,0,0,1,0,5.58007E+20,5.34858E+21,9.78198E+15,4.82878E+16
42300,42301,8,2,31,0,2016,11,10,4,3,5,3,0,0,0,1,0,0,0,0,4.77781E+20,5.41724E+21,8.69679E+15,4.89077E+16
42301,42302,8,1,28,6,2016,11,20,4,3,1,5,2,0,0,1,0,0,0,0,5.50286E+20,5.47539E+21,9.69348E+15,4.94291E+16
42302,42303,8,2,11,0,2016,12,14,1,3,2,6,0,0,0,1,0,0,0,0,4.379E+20,5.39769E+21,8.15554E+15,4.87292E+16
42303,42304,8,4,16,31,2016,12,17,7,3,2,6,2,0,0,1,0,0,0,0,5.03368E+20,5.36364E+21,9.04552E+15,4.84259E+16
42304,42305,8,1,16,19,2016,12,23,3,3,5,2,2,0,0,1,0,0,0,0,5.2052E+20,5.39903E+21,9.27912E+15,4.87439E+16
42305,42306,8,1,18,76,2016,12,11,7,3,5,2,0,0,0,1,0,0,0,0,5.04444E+20,5.42314E+21,9.06071E+15,4.89612E+16
42306,42307,8,4,35,35,2016,12,6,6,3,5,3,1,2,0,1,0,0,0,0,5.44079E+20,5.28612E+21,9.58781E+15,4.77269E+16
42307,42308,8,1,11,0,2016,11,7,4,3,5,3,1,0,0,1,0,0,0,0,5.15398E+20,5.40325E+21,9.20961E+15,4.87821E+16
42308,42309,8,3,36,50,2016,11,7,3,3,2,6,1,0,0,1,0,0,0,1,3.99841E+20,5.27645E+21,7.66671E+15,4.76337E+16
42309,42310,8,1,17,25,2016,11,18,2,3,1,6,2,0,0,1,0,0,0,0,5.56331E+20,5.39104E+21,9.76512E+15,4.86699E+16
42310,42311,8,2,12,0,2016,11,13,3,3,2,6,0,0,0,1,0,0,0,0,4.55635E+20,5.42705E+21,8.3935E+15,4.89947E+16
42311,42312,8,1,26,66,2016,11,13,3,3,2,6,0,0,0,1,0,0,1,0,5.39601E+20,5.45127E+21,9.54374E+15,4.92129E+16
42312,42313,8,4,25,33,2016,11,20,2,3,5,2,2,0,0,1,0,0,0,0,5.53868E+20,5.3467E+21,9.72596E+15,4.82712E+16
42313,42314,8,3,36,91,2016,12,21,5,3,8,1,2,0,0,1,0,0,0,0,3.96096E+20,5.27318E+21,7.61764E+15,4.76037E+16
42314,42315,8,2,12,0,2016,12,18,6,3,5,3,2,0,0,1,0,0,0,0,4.58853E+20,5.42819E+21,8.43738E+15,4.90052E+16
42315,42316,8,1,21,0,2016,12,6,7,3,1,6,2,2,0,1,0,0,0,0,5.17029E+20,5.44399E+21,9.23351E+15,4.91485E+16
42316,42317,8,1,16,77,2016,11,18,4,3,2,6,2,0,0,1,0,0,0,0,5.14942E+20,5.39031E+21,9.20293E+15,4.86656E+16
42317,42318,8,2,21,0,2016,11,15,3,3,2,6,0,0,0,1,0,0,0,0,4.7561E+20,5.47094E+21,8.6639E+15,4.93907E+16
42318,42319,8,1,11,0,2016,11,13,3,3,5,2,0,0,0,1,0,0,0,1,5.13615E+20,5.40239E+21,9.18531E+15,4.87744E+16
42319,42320,8,4,15,61,2016,12,13,5,3,2,6,0,0,0,1,0,0,0,0,5.12707E+20,5.37744E+21,9.17218E+15,4.85499E+16
42320,42321,8,2,26,82,2016,12,11,6,3,4,6,0,2,0,1,0,0,0,0,4.79365E+20,5.48029E+21,8.71516E+15,4.94749E+16
42321,42322,8,1,15,37,2016,12,5,6,3,5,3,2,1,0,1,0,0,0,0,4.92315E+20,5.38528E+21,8.89572E+15,4.86205E+16
42322,42323,8,3,17,150,2016,12,16,5,3,2,2,1,0,0,1,0,1,0,0,4.09102E+20,5.35864E+21,7.77254E+15,4.83743E+16
42323,42324,8,1,18,81,2016,12,6,2,3,5,3,2,1,0,1,0,0,0,0,5.20032E+20,5.41326E+21,9.27318E+15,4.88719E+16
42324,42325,8,1,16,47,2016,11,8,2,3,2,6,0,0,0,1,0,0,0,0,5.20377E+20,5.39358E+21,9.27691E+15,4.8695E+16
42325,42326,8,2,26,103,2016,11,16,1,2,2,6,2,0,0,1,0,0,0,0,4.72098E+20,5.45893E+21,8.61635E+15,4.92825E+16
42326,42327,8,4,36,96,2016,11,21,4,3,9,1,2,2,0,1,0,0,0,0,5.41278E+20,5.30079E+21,9.55186E+15,4.78591E+16
42327,42328,8,3,37,39,2016,11,11,4,2,8,1,0,2,0,0,0,1,0,0,4.43507E+20,5.29375E+21,8.24566E+15,4.77947E+16
42328,42329,8,1,25,94,2016,11,19,4,3,5,3,2,0,0,1,0,0,0,0,5.14288E+20,5.43673E+21,9.19566E+15,4.90833E+16
42329,42330,8,1,11,0,2016,12,16,1,3,2,6,0,0,0,1,0,0,0,0,5.15099E+20,5.40614E+21,9.20564E+15,4.88081E+16
42330,42331,8,3,35,2,2016,12,11,7,3,2,6,0,0,0,1,0,0,0,0,5.07558E+20,5.28374E+21,9.10076E+15,4.7707E+16
42331,42332,8,4,26,21,2016,12,15,2,3,9,1,0,0,0,1,0,0,0,0,5.61938E+20,5.32912E+21,9.83213E+15,4.81123E+16
42332,42333,8,1,17,24,2016,12,16,7,3,0,1,0,0,0,0,0,1,0,0,5.5974E+20,5.3847E+21,9.8105E+15,4.86126E+16
42333,42334,8,4,16,41,2016,12,13,6,3,1,6,0,0,0,1,0,0,0,0,5.0584E+20,5.37341E+21,9.07908E+15,4.85138E+16
42334,42335,8,4,26,28,2016,11,7,3,2,4,6,0,0,0,1,0,0,1,0,5.68208E+20,5.34438E+21,9.91881E+15,4.82489E+16
42335,42336,8,4,25,83,2016,12,8,6,3,5,3,0,1,0,1,0,0,0,0,5.75823E+20,5.37781E+21,1.00274E+16,4.85488E+16
42336,42337,8,3,27,50,2016,11,17,3,3,2,6,1,0,0,1,0,0,1,0,4.88776E+20,5.31274E+21,8.84962E+15,4.79679E+16
42337,42338,8,1,16,78,2016,11,18,2,3,2,6,2,0,0,1,0,0,0,0,5.13179E+20,5.39333E+21,9.17909E+15,4.86929E+16
42338,42339,8,2,35,6,2016,11,10,3,3,2,6,0,0,0,1,0,0,0,0,4.72352E+20,5.38263E+21,8.62503E+15,4.85962E+16
42339,42340,8,1,35,20,2016,11,15,3,3,2,6,0,0,0,1,0,0,0,0,5.84104E+20,5.37961E+21,1.014E+16,4.85639E+16
42340,42341,8,2,25,32,2016,12,10,5,3,4,2,0,0,0,1,0,0,0,0,5.34265E+20,5.49494E+21,9.47425E+15,4.96061E+16
42341,42342,8,3,17,89,2016,11,13,2,3,5,3,0,0,0,1,0,0,0,0,4.30778E+20,5.37758E+21,8.06207E+15,4.85475E+16
42342,42343,8,2,35,80,2016,12,18,5,3,2,6,2,0,0,1,0,0,0,0,4.75537E+20,5.38772E+21,8.66792E+15,4.8642E+16
42343,42344,8,1,36,46,2016,11,17,1,3,8,1,2,1,0,1,0,0,0,0,5.74647E+20,5.42134E+21,1.00194E+16,4.89405E+16
42344,42345,8,1,11,0,2016,12,16,2,3,2,6,2,0,0,1,0,1,0,0,5.1548E+20,5.40519E+21,9.2108E+15,4.87995E+16
42345,42346,8,3,26,61,2016,11,6,4,3,5,3,2,0,0,1,0,0,0,0,4.7097E+20,5.32023E+21,8.61058E+15,4.80347E+16
42346,42347,8,2,25,91,2016,12,9,7,3,1,6,0,0,0,1,0,0,0,0,5.24314E+20,5.47699E+21,9.33542E+15,4.94451E+16
42347,42348,8,4,36,9,2016,12,16,5,3,2,2,1,0,1,1,0,0,0,0,5.55994E+20,5.30824E+21,9.74955E+15,4.7925E+16
42348,42349,8,3,37,97,2016,11,13,2,3,3,6,0,0,0,1,0,0,0,1,4.36296E+20,5.28961E+21,8.14999E+15,4.77567E+16
42349,42350,8,3,15,47,2016,12,14,5,3,5,3,0,0,0,1,0,0,0,0,4.14929E+20,5.32262E+21,7.85843E+15,4.80512E+16
42350,42351,8,1,36,18,2016,11,6,1,3,9,1,2,1,0,1,0,0,0,0,5.88973E+20,5.42966E+21,1.02168E+16,4.90134E+16
42351,42352,8,1,16,68,2016,12,8,2,3,2,6,0,1,0,1,0,0,1,0,5.25633E+20,5.39013E+21,9.34811E+15,4.86637E+16
42352,42353,8,1,27,91,2016,11,22,2,1,8,1,2,0,0,1,0,0,0,0,5.81233E+20,5.45375E+21,1.01158E+16,4.92311E+16
42353,42354,8,2,12,0,2016,11,17,1,2,5,2,2,0,0,1,0,0,0,0,4.55243E+20,5.42927E+21,8.3879E+15,4.90147E+16
42354,42355,8,4,26,118,2016,11,17,4,3,2,6,2,1,0,1,0,0,0,0,5.48509E+20,5.32584E+21,9.65135E+15,4.8084E+16
42355,42356,8,3,35,43,2016,11,8,4,3,0,1,0,0,0,0,0,1,0,0,5.13466E+20,5.27934E+21,9.17937E+15,4.76673E+16
42356,42357,8,4,26,97,2016,12,14,7,3,5,3,0,0,0,1,0,0,0,0,5.36022E+20,5.33646E+21,9.48459E+15,4.81804E+16
42357,42358,8,3,17,89,2016,12,17,7,3,5,3,2,0,0,1,0,0,0,0,4.30376E+20,5.37566E+21,8.05694E+15,4.85302E+16
42358,42359,8,3,25,49,2016,12,22,2,3,9,1,2,1,0,1,0,0,0,0,4.70885E+20,5.33649E+21,8.60832E+15,4.8181E+16
42359,42360,8,1,11,0,2016,12,11,7,3,5,3,0,0,0,1,0,0,0,0,5.13627E+20,5.4024E+21,9.18548E+15,4.87745E+16
42360,42361,8,3,27,2,2016,12,5,6,3,4,2,2,0,0,1,0,0,0,0,4.78974E+20,5.32692E+21,8.71762E+15,4.80952E+16
42361,42362,8,1,25,58,2016,12,17,6,3,6,2,1,0,0,1,1,0,0,0,5.0922E+20,5.44345E+21,9.12643E+15,4.91438E+16
42362,42363,8,3,15,4,2016,11,18,3,3,5,3,2,0,0,1,0,0,0,0,3.94752E+20,5.29458E+21,7.59461E+15,4.77959E+16
42363,42364,8,1,16,80,2016,11,8,2,3,2,6,0,0,0,1,0,0,0,0,5.22384E+20,5.39504E+21,9.30426E+15,4.8708E+16
42364,42365,8,2,36,33,2016,11,12,3,3,5,3,0,0,0,1,0,0,0,0,4.81467E+20,5.42908E+21,8.74654E+15,4.90143E+16
42365,42366,8,1,27,76,2016,11,10,3,3,5,3,0,0,0,1,0,0,1,0,5.58132E+20,5.4398E+21,9.7965E+15,4.91083E+16
42366,42367,8,2,15,21,2016,12,18,5,3,5,3,2,1,0,1,0,0,0,0,4.70062E+20,5.44347E+21,8.58951E+15,4.91433E+16
42367,42368,8,2,37,2,2016,12,21,2,3,8,7,2,2,0,1,0,0,0,0,4.57962E+20,5.35484E+21,8.43266E+15,4.83453E+16
42368,42369,8,2,26,12,2016,11,11,2,3,2,6,0,0,0,1,0,0,0,0,4.74144E+20,5.47652E+21,8.64334E+15,4.94408E+16
42369,42370,8,3,25,70,2016,11,0,4,3,8,1,2,2,0,1,0,0,0,0,4.59916E+20,5.3495E+21,8.45953E+15,4.82974E+16
42370,42371,8,4,36,55,2016,12,9,1,3,5,3,0,0,0,1,0,0,0,0,5.76045E+20,5.29429E+21,1.00155E+16,4.77975E+16
42371,42372,8,2,26,84,2016,12,17,7,2,6,4,2,0,0,1,1,0,0,0,4.68229E+20,5.47135E+21,8.56217E+15,4.9394E+16
42372,42373,8,1,17,25,2016,11,13,3,3,1,6,0,0,0,1,0,0,0,0,5.56777E+20,5.39051E+21,9.7711E+15,4.8665E+16
42373,42374,8,4,35,34,2016,12,15,5,2,2,2,0,0,0,1,0,0,0,0,5.30666E+20,5.28384E+21,9.40879E+15,4.77072E+16
42374,42375,8,2,36,46,2016,12,11,6,3,2,6,0,0,0,1,0,0,0,0,4.83118E+20,5.41752E+21,8.7696E+15,4.89104E+16
42375,42376,8,1,16,11,2016,12,21,6,3,8,1,2,1,0,1,0,0,0,0,5.31393E+20,5.37926E+21,9.42552E+15,4.85657E+16
42376,42377,8,2,35,57,2016,12,23,7,3,9,1,2,0,0,1,0,0,0,0,4.87636E+20,5.39755E+21,8.83186E+15,4.87308E+16
42377,42378,8,3,36,100,2016,12,0,2,3,5,3,2,0,0,1,0,0,0,0,3.98319E+20,5.28133E+21,7.64532E+15,4.76774E+16
42378,42379,8,2,16,9,2016,12,13,6,2,5,2,0,0,0,1,0,0,0,0,4.46654E+20,5.41931E+21,8.27175E+15,4.89244E+16
42379,42380,8,1,18,48,2016,12,7,6,3,6,2,2,1,0,1,1,0,0,0,5.12327E+20,5.41696E+21,9.16821E+15,4.89055E+16
42380,42381,8,2,26,103,2016,11,17,3,3,2,6,2,0,0,1,0,0,0,0,4.72667E+20,5.45862E+21,8.6242E+15,4.92798E+16
42381,42382,8,1,15,3,2016,11,14,2,3,3,2,0,0,1,1,0,0,0,0,4.96445E+20,5.39306E+21,8.9517E+15,4.86906E+16
42382,42383,8,1,25,94,2016,12,17,5,1,6,2,2,0,0,1,1,0,0,0,5.13967E+20,5.43717E+21,9.19128E+15,4.90872E+16
42383,42384,8,2,16,13,2016,12,6,2,3,8,1,1,2,0,1,0,0,1,0,4.52782E+20,5.39064E+21,8.3587E+15,4.8667E+16
42384,42385,8,3,15,50,2016,11,14,4,2,5,3,0,0,1,1,0,0,0,0,3.99402E+20,5.30334E+21,7.65465E+15,4.78755E+16
42385,42386,8,3,17,116,2016,11,17,4,3,9,7,2,0,0,1,0,0,0,0,4.31957E+20,5.38815E+21,8.0763E+15,4.86427E+16
42386,42387,8,1,36,45,2016,12,15,7,3,2,6,0,0,0,1,0,0,0,0,6.01609E+20,5.40634E+21,1.03837E+16,4.88017E+16
42387,42388,8,1,18,51,2016,11,12,4,3,5,3,0,0,0,1,0,0,0,0,5.09281E+20,5.41493E+21,9.12661E+15,4.88872E+16
42388,42389,8,1,16,73,2016,11,8,3,3,2,6,0,0,0,1,0,0,0,0,5.21573E+20,5.38882E+21,9.29291E+15,4.86521E+16
42389,42390,8,4,17,44,2016,12,13,5,3,1,3,0,0,0,1,0,0,0,0,4.9051E+20,5.33853E+21,8.87228E+15,4.82E+16
42390,42391,8,2,35,79,2016,12,8,6,2,4,1,0,2,0,1,0,0,1,0,4.6327E+20,5.39376E+21,8.50086E+15,4.86958E+16
42391,42392,8,1,15,45,2016,12,7,6,3,5,3,0,1,1,1,0,0,0,0,4.99456E+20,5.39482E+21,8.9926E+15,4.87064E+16
42392,42393,8,3,25,45,2016,12,14,5,3,2,6,0,0,0,1,0,0,0,0,4.68862E+20,5.34955E+21,8.58015E+15,4.82984E+16
42393,42394,8,1,26,58,2016,12,3,2,2,2,6,2,0,0,1,0,0,1,0,5.45122E+20,5.45116E+21,9.61953E+15,4.92115E+16
42394,42395,8,1,18,53,2016,11,16,2,3,2,6,1,0,0,0,0,0,1,1,5.1712E+20,5.42749E+21,9.23407E+15,4.9E+16
42395,42396,8,2,15,90,2016,11,2,1,3,8,1,2,1,0,1,0,0,0,0,4.66215E+20,5.4347E+21,8.5375E+15,4.90642E+16
42396,42397,8,1,11,0,2016,12,16,5,3,2,6,2,0,0,1,0,0,0,0,5.14187E+20,5.40296E+21,9.19311E+15,4.87795E+16
42397,42398,8,3,11,0,2016,11,20,4,3,5,3,2,0,0,1,0,0,0,0,4.09048E+20,5.3194E+21,7.78022E+15,4.80214E+16
42398,42399,8,2,26,17,2016,11,12,4,3,5,2,0,0,0,1,0,0,0,0,4.93483E+20,5.46491E+21,8.9103E+15,4.93369E+16
42399,42400,8,1,26,60,2016,11,13,4,3,5,3,0,0,0,1,0,0,0,0,5.4553E+20,5.46131E+21,9.62629E+15,4.93028E+16
42400,42401,8,1,18,50,2016,12,8,5,3,1,6,0,0,0,1,0,0,0,0,5.07829E+20,5.4179E+21,9.10685E+15,4.8914E+16
42401,42402,8,1,36,65,2016,12,17,2,3,2,6,2,0,0,1,0,1,0,0,5.58533E+20,5.40486E+21,9.79697E+15,4.8794E+16
42402,42403,8,2,26,36,2016,11,7,2,3,1,6,1,0,0,1,0,0,0,0,4.6855E+20,5.48225E+21,8.56573E+15,4.94921E+16
42403,42404,8,2,37,40,2016,11,14,1,3,5,3,0,0,0,1,0,0,0,0,4.77991E+20,5.36721E+21,8.70231E+15,4.84576E+16
42404,42405,8,1,16,4,2016,12,20,5,3,5,7,2,0,1,0,0,1,0,0,5.28291E+20,5.39652E+21,9.38465E+15,4.87211E+16
42405,42406,8,2,22,0,2016,11,15,4,2,2,6,0,0,0,1,0,0,0,0,4.68172E+20,5.48521E+21,8.56027E+15,4.95186E+16
42406,42407,8,1,36,82,2016,11,10,4,2,2,6,0,0,0,1,0,0,0,0,5.84309E+20,5.41567E+21,1.01501E+16,4.88882E+16
42407,42408,8,2,36,40,2016,12,14,1,3,2,6,0,0,0,1,0,0,0,0,4.90593E+20,5.42201E+21,8.87152E+15,4.89509E+16
42408,42409,8,1,16,71,2016,12,18,3,3,1,6,2,1,0,1,0,0,0,0,5.26737E+20,5.39057E+21,9.36314E+15,4.86676E+16
42409,42410,8,1,25,87,2016,12,16,7,3,9,1,0,0,0,0,0,1,0,0,5.10303E+20,5.45733E+21,9.14163E+15,4.92686E+16
42410,42411,8,1,16,19,2016,11,13,4,3,6,4,0,0,0,1,1,0,0,0,5.24694E+20,5.3977E+21,9.33582E+15,4.87318E+16
42411,42412,8,2,22,0,2016,11,21,3,3,3,6,2,0,0,1,0,0,0,0,4.68171E+20,5.48463E+21,8.5603E+15,4.95135E+16
42412,42413,8,2,15,111,2016,11,21,3,2,9,7,2,0,0,1,0,0,0,0,4.60142E+20,5.44523E+21,8.45332E+15,4.91586E+16
42413,42414,8,1,11,0,2016,11,10,3,3,2,6,0,0,0,1,0,0,0,0,5.16226E+20,5.40484E+21,9.22094E+15,4.87964E+16