FID,OBJECTID,ULAND,UREGBEZ,UKREIS,UGEMEINDE,UJAHR,UMONAT,USTUNDE,UWOCHENTAG,UKATEGORIE,UART,UTYP1,ULICHTVERH,IstStrasse,IstRad,IstPKW,IstFuss,IstKrad,IstGkfz,IstSonstig,LINREFX,LINREFY,XGCSWGS84,YGCSWGS84
42414,42415,8,4,15,50,2016,12,15,5,3,2,6,0,0,0,1,0,0,0,0,5.20267E+20,5.37661E+21,9.27458E+15,4.85423E+16
42415,42416,8,2,22,0,2016,12,20,6,3,2,6,2,1,0,1,0,0,0,0,4.62039E+20,5.48172E+21,8.47588E+15,4.9487E+16
42416,42417,8,1,11,0,2016,12,9,6,3,2,6,0,0,0,1,0,0,1,0,5.12886E+20,5.40739E+21,9.17555E+15,4.88194E+16
42417,42418,8,4,17,31,2016,11,12,2,3,5,3,0,0,0,1,0,0,0,0,4.98271E+20,5.3555E+21,8.97666E+15,4.83527E+16
42418,42419,8,3,16,9,2016,12,17,5,3,5,3,2,0,0,1,0,0,0,0,4.18033E+20,5.32365E+21,7.89988E+15,4.80608E+16
42419,42420,8,1,16,33,2016,12,18,2,3,3,6,2,0,0,1,0,0,0,1,5.36061E+20,5.38638E+21,9.4894E+15,4.86294E+16
42420,42421,8,1,16,15,2016,11,9,2,3,2,6,0,0,0,1,0,0,0,0,5.24151E+20,5.39229E+21,9.32812E+15,4.86832E+16
42421,42422,8,2,36,71,2016,11,2,1,2,8,1,2,1,0,1,0,0,0,0,4.70598E+20,5.41919E+21,8.59862E+15,4.8925E+16
42422,42423,8,4,36,10,2016,11,16,4,3,9,1,2,2,0,1,0,0,0,0,5.73483E+20,5.30841E+21,9.98366E+15,4.79248E+16
42423,42424,8,3,36,82,2016,11,13,4,3,1,6,0,0,0,1,0,0,0,0,4.12251E+20,5.27145E+21,7.83287E+15,4.75905E+16
42424,42425,8,1,11,0,2016,12,22,1,3,3,6,2,0,0,1,0,0,0,0,5.16158E+20,5.4042E+21,9.22E+15,4.87906E+16
42425,42426,8,3,25,61,2016,12,15,7,3,8,6,0,0,0,1,0,0,0,1,4.78878E+20,5.35166E+21,8.71509E+15,4.83178E+16
42426,42427,8,4,17,79,2016,12,6,2,3,6,4,2,0,0,1,1,0,0,0,4.99874E+20,5.34794E+21,8.9983E+15,4.82847E+16
42427,42428,8,1,16,41,2016,12,10,7,3,5,3,0,0,1,1,0,0,0,0,5.19718E+20,5.38408E+21,9.2675E+15,4.86095E+16
42428,42429,8,3,35,79,2016,12,5,6,3,8,1,2,1,0,1,0,0,0,0,4.99232E+20,5.29798E+21,8.98973E+15,4.78352E+16
42429,42430,8,4,15,14,2016,11,17,3,3,2,6,2,0,0,1,0,0,0,0,5.24022E+20,5.37532E+21,9.32539E+15,4.85305E+16
42430,42431,8,1,27,100,2016,12,8,6,3,6,7,0,0,0,0,1,0,0,1,5.50939E+20,5.43199E+21,9.69698E+15,4.90387E+16
42431,42432,8,3,17,150,2016,11,13,3,3,2,6,0,0,0,0,0,0,1,0,4.10371E+20,5.35586E+21,7.79026E+15,4.83496E+16
42432,42433,8,1,11,0,2016,11,8,2,3,2,6,2,0,0,1,0,0,0,0,5.14238E+20,5.40295E+21,9.1938E+15,4.87794E+16
42433,42434,8,1,28,131,2016,12,16,1,3,8,1,0,2,0,1,0,0,0,0,5.40827E+20,5.51032E+21,9.56667E+15,4.97439E+16
42434,42435,8,4,15,19,2016,12,17,7,3,2,6,1,0,0,1,0,0,0,0,5.17456E+20,5.36968E+21,9.23621E+15,4.848E+16
42435,42436,8,1,11,0,2016,12,18,3,3,2,6,2,1,0,1,0,0,0,0,5.1208E+20,5.40688E+21,9.16454E+15,4.88148E+16
42436,42437,8,1,18,47,2016,12,12,7,3,2,6,0,0,0,1,0,0,0,0,5.0765E+20,5.42801E+21,9.1046E+15,4.90049E+16
42437,42438,8,4,35,47,2016,12,12,6,3,6,4,0,0,0,1,1,0,0,0,5.1293E+20,5.29515E+21,9.1727E+15,4.78096E+16
42438,42439,8,4,36,69,2016,11,17,3,3,2,2,1,0,0,1,0,0,0,0,5.52642E+20,5.29268E+21,9.70278E+15,4.77853E+16
42439,42440,8,1,36,24,2016,12,11,6,3,8,1,0,1,0,1,0,0,0,0,5.66127E+20,5.41309E+21,9.9017E+15,4.88672E+16
42440,42441,8,3,37,76,2016,11,16,3,3,5,3,0,0,0,1,0,0,0,0,4.2703E+20,5.26819E+21,8.02996E+15,4.7563E+16
42441,42442,8,1,11,0,2016,11,8,2,3,2,6,0,0,0,1,0,0,0,0,5.12733E+20,5.40517E+21,9.17339E+15,4.87994E+16
42442,42443,8,2,15,9,2016,11,8,3,2,2,6,0,0,0,1,0,0,0,1,4.69029E+20,5.44256E+21,8.57542E+15,4.91351E+16
42443,42444,8,1,15,29,2016,11,11,3,3,2,6,0,0,0,1,0,0,0,0,5.04141E+20,5.3973E+21,9.05631E+15,4.87287E+16
42444,42445,8,3,17,1,2016,12,23,6,3,9,6,2,0,0,1,0,0,0,1,4.29371E+20,5.39039E+21,8.04082E+15,4.86625E+16
42445,42446,8,4,36,5,2016,12,17,5,3,5,3,2,1,0,1,0,0,0,0,5.40181E+20,5.3079E+21,9.53785E+15,4.79232E+16
42446,42447,8,3,25,45,2016,11,18,2,3,4,6,2,0,0,1,0,0,0,0,4.68531E+20,5.34344E+21,8.57614E+15,4.82434E+16
42447,42448,8,2,26,38,2016,12,17,5,3,2,6,2,0,0,1,0,0,0,0,4.73838E+20,5.48063E+21,8.63884E+15,4.94778E+16
42448,42449,8,1,36,43,2016,11,18,1,3,4,6,2,0,0,1,0,0,0,0,5.74976E+20,5.40788E+21,1.00214E+16,4.88194E+16
42449,42450,8,1,16,73,2016,12,7,2,2,4,7,2,0,1,0,0,1,0,0,5.21047E+20,5.38936E+21,9.2858E+15,4.8657E+16
42450,42451,8,1,25,56,2016,11,8,2,3,4,2,0,0,0,1,0,0,0,1,5.13317E+20,5.43533E+21,9.18233E+15,4.90707E+16
42451,42452,8,2,36,46,2016,11,14,1,3,5,3,0,1,0,1,0,0,0,0,4.83645E+20,5.41852E+21,8.77675E+15,4.89194E+16
42452,42453,8,3,35,22,2016,11,20,4,3,8,1,2,2,0,1,0,0,0,0,4.8168E+20,5.29617E+21,8.75526E+15,4.78187E+16
42453,42454,8,2,36,4,2016,12,15,7,2,4,6,0,0,0,1,0,0,0,0,4.73995E+20,5.41273E+21,8.64541E+15,4.8867E+16
42454,42455,8,3,16,11,2016,12,12,7,3,2,6,0,0,0,1,0,0,0,0,4.1296E+20,5.33118E+21,7.83027E+15,4.81279E+16
42455,42456,8,3,17,152,2016,12,8,2,3,8,1,0,2,0,1,0,0,0,0,4.20069E+20,5.34195E+21,7.92376E+15,4.82257E+16
42456,42457,8,4,37,65,2016,12,6,6,3,5,3,2,1,0,1,0,0,0,0,5.18567E+20,5.31867E+21,9.249E+15,4.80211E+16
42457,42458,8,3,26,74,2016,12,7,6,2,5,3,1,0,1,1,0,0,0,0,4.65975E+20,5.32378E+21,8.54329E+15,4.80664E+16
42458,42459,8,1,21,0,2016,12,10,6,3,1,6,0,0,0,1,0,0,0,0,5.15806E+20,5.44631E+21,9.21683E+15,4.91694E+16
42459,42460,8,3,36,50,2016,11,6,3,3,2,6,2,0,0,1,0,0,0,0,4.00505E+20,5.27632E+21,7.67558E+15,4.76326E+16
42460,42461,8,4,36,79,2016,11,12,1,2,8,1,0,1,0,1,0,0,0,0,5.53378E+20,5.29152E+21,9.71248E+15,4.77748E+16
42461,42462,8,2,22,0,2016,11,17,3,2,5,3,2,0,1,1,0,0,0,0,4.62939E+20,5.4829E+21,8.48819E+15,4.94976E+16
42462,42463,8,1,25,65,2016,11,7,3,3,4,2,2,1,0,1,0,0,0,0,5.16498E+20,5.44688E+21,9.22635E+15,4.91745E+16
42463,42464,8,2,16,43,2016,12,10,5,3,5,3,0,0,1,0,0,0,0,1,4.41347E+20,5.4107E+21,8.20055E+15,4.88465E+16
42464,42465,8,2,26,95,2016,12,14,2,3,2,6,0,0,0,1,0,0,0,1,4.73152E+20,5.46054E+21,8.63074E+15,4.9297E+16
42465,42466,8,2,35,85,2016,11,13,2,2,8,7,0,0,0,1,0,0,0,0,4.80783E+20,5.39094E+21,8.73899E+15,4.86712E+16
42466,42467,8,3,17,21,2016,11,15,4,3,4,6,0,0,0,1,0,0,0,0,4.26193E+20,5.37358E+21,8.00066E+15,4.8511E+16
42467,42468,8,2,16,43,2016,11,7,4,3,1,5,1,0,0,1,0,0,0,0,4.41163E+20,5.41171E+21,8.19789E+15,4.88555E+16
42468,42469,8,3,15,68,2016,12,6,1,3,8,1,2,0,0,1,0,0,0,0,4.38166E+20,5.30413E+21,8.17287E+15,4.78875E+16
42469,42470,8,2,31,0,2016,11,5,3,3,5,3,2,0,0,1,0,0,0,0,4.79289E+20,5.41833E+21,8.7173E+15,4.89175E+16
42470,42471,8,1,28,131,2016,11,9,3,3,5,3,0,0,0,1,0,0,0,0,5.38349E+20,5.5084E+21,9.5321E+15,4.97269E+16
42471,42472,8,2,16,7,2016,12,18,5,3,5,3,2,0,0,1,0,0,0,0,4.3564E+20,5.39234E+21,8.12564E+15,4.86808E+16
42472,42473,8,3,11,0,2016,11,17,2,3,2,6,2,0,0,1,0,0,0,0,4.13985E+20,5.31682E+21,7.84694E+15,4.79989E+16
42473,42474,8,1,11,0,2016,12,15,2,3,5,3,0,0,1,1,0,0,0,0,5.16932E+20,5.40592E+21,9.2306E+15,4.88061E+16
42474,42475,8,2,22,0,2016,12,0,7,3,8,1,2,1,0,1,0,0,0,0,4.62716E+20,5.48252E+21,8.48514E+15,4.94942E+16
42475,42476,8,2,35,8,2016,12,17,7,1,6,4,2,0,0,1,1,0,0,0,4.80281E+20,5.40262E+21,8.7316E+15,4.87763E+16
42476,42477,8,2,26,85,2016,12,17,2,3,2,6,2,0,0,1,0,0,0,0,4.8642E+20,5.45635E+21,8.81336E+15,4.92598E+16
42477,42478,8,1,18,49,2016,11,17,3,3,5,3,2,0,0,1,0,0,0,0,5.19927E+20,5.42104E+21,9.27212E+15,4.8942E+16
42478,42479,8,4,35,35,2016,12,17,5,3,2,6,2,0,0,1,0,0,0,1,5.42235E+20,5.28297E+21,9.56291E+15,4.76987E+16
42479,42480,8,3,15,74,2016,12,12,6,3,5,3,0,0,1,1,0,0,0,0,3.97937E+20,5.29609E+21,7.63676E+15,4.78101E+16
42480,42481,8,1,18,70,2016,12,18,6,3,2,6,2,0,0,1,0,0,0,0,5.16828E+20,5.4254E+21,9.22999E+15,4.89813E+16
42481,42482,8,1,21,0,2016,12,22,5,3,6,4,2,0,0,1,1,0,0,0,5.14607E+20,5.44459E+21,9.20032E+15,4.91539E+16
42482,42483,8,2,12,0,2016,12,9,2,3,0,7,0,0,1,0,0,0,0,0,4.55716E+20,5.42822E+21,8.39448E+15,4.90052E+16
42483,42484,8,1,17,24,2016,12,15,5,3,2,6,0,0,0,1,0,0,0,0,5.5992E+20,5.38487E+21,9.81296E+15,4.8614E+16
42484,42485,8,3,11,0,2016,11,9,4,3,1,6,0,0,0,1,0,0,0,0,4.12807E+20,5.31534E+21,7.83145E+15,4.79854E+16
42485,42486,8,1,36,27,2016,11,9,4,3,2,7,0,0,0,1,0,0,0,0,5.50665E+20,5.42134E+21,9.6919E+15,4.89429E+16
42486,42487,8,1,27,52,2016,12,9,7,3,5,3,0,0,0,1,0,0,0,0,5.39922E+20,5.43589E+21,9.54663E+15,4.90746E+16
42487,42488,8,1,16,49,2016,11,18,4,3,2,6,2,0,0,1,0,0,0,0,5.25587E+20,5.38477E+21,9.34716E+15,4.86155E+16
42488,42489,8,1,21,0,2016,12,15,7,3,2,6,0,0,0,1,0,0,0,0,5.15259E+20,5.44804E+21,9.2094E+15,4.9185E+16
42489,42490,8,1,17,14,2016,11,15,3,3,1,6,0,0,0,1,0,0,1,0,5.5283E+20,5.38289E+21,9.71653E+15,4.85968E+16
42490,42491,8,4,26,13,2016,12,7,5,2,4,6,2,0,0,1,0,0,1,0,5.43795E+20,5.32329E+21,9.5878E+15,4.80614E+16
42491,42492,8,2,12,0,2016,12,1,6,2,0,7,2,0,1,0,0,0,0,0,4.55264E+20,5.42824E+21,8.3883E+15,4.90054E+16
42492,42493,8,1,16,19,2016,12,6,6,3,2,6,2,1,0,1,0,0,0,0,5.23405E+20,5.39693E+21,9.31825E+15,4.87249E+16
42493,42494,8,4,36,78,2016,12,15,5,3,4,2,0,0,1,1,0,0,0,0,5.57756E+20,5.29194E+21,9.77095E+15,4.77782E+16
42494,42495,8,1,27,12,2016,12,19,2,3,9,1,2,2,0,1,0,0,0,0,5.67009E+20,5.43161E+21,9.91677E+15,4.90337E+16
42495,42496,8,2,12,0,2016,11,6,2,2,0,7,2,0,0,0,0,1,0,0,4.58874E+20,5.42653E+21,8.43783E+15,4.89903E+16
42496,42497,8,2,25,14,2016,11,19,1,3,9,1,2,0,0,1,0,0,0,0,5.29111E+20,5.48519E+21,9.4022E+15,4.95186E+16
42497,42498,8,1,16,72,2016,12,8,5,3,2,6,0,0,0,1,0,0,0,1,5.30637E+20,5.39469E+21,9.41641E+15,4.87045E+16
42498,42499,8,4,25,2,2016,11,10,4,3,1,6,0,0,0,1,0,0,1,0,5.53542E+20,5.35412E+21,9.7225E+15,4.8338E+16
42499,42500,8,2,15,100,2016,11,14,4,3,2,6,0,0,0,1,0,0,0,0,4.70969E+20,5.45125E+21,8.60139E+15,4.92133E+16
42500,42501,8,1,28,20,2016,11,6,4,3,6,4,2,0,0,1,1,0,0,0,5.7474E+20,5.48004E+21,1.00316E+16,4.94684E+16
42501,42502,8,2,16,43,2016,12,13,1,3,5,7,0,0,0,1,0,0,0,0,4.41349E+20,5.4107E+21,8.20057E+15,4.88465E+16
42502,42503,8,4,16,31,2016,12,18,7,3,2,6,2,0,0,1,0,0,0,0,5.0297E+20,5.36307E+21,9.04014E+15,4.84208E+16
42503,42504,8,1,16,77,2016,12,14,3,3,2,2,0,1,0,1,0,0,0,0,5.14475E+20,5.38952E+21,9.19655E+15,4.86586E+16
42504,42505,8,1,19,84,2016,12,9,7,3,4,2,0,2,0,0,0,1,1,0,5.47709E+20,5.41671E+21,9.651E+15,4.89015E+16
42505,42506,8,1,11,0,2016,11,19,4,3,2,6,2,0,0,1,0,0,0,0,5.18522E+20,5.40168E+21,9.25206E+15,4.87679E+16
42506,42507,8,3,36,91,2016,11,20,3,3,2,6,2,0,0,1,0,0,0,0,3.93583E+20,5.27476E+21,7.58384E+15,4.76175E+16
42507,42508,8,4,36,9,2016,11,17,1,3,6,6,2,0,1,0,1,0,0,0,5.56168E+20,5.3074E+21,9.75178E+15,4.79175E+16
42508,42509,8,2,12,0,2016,11,18,3,3,2,2,2,0,0,1,0,1,0,0,4.56747E+20,5.42827E+21,8.40858E+15,4.90058E+16
42509,42510,8,2,15,17,2016,11,12,3,3,5,3,0,0,0,1,0,1,0,0,4.53719E+20,5.42097E+21,8.368E+15,4.89399E+16
42510,42511,8,4,35,45,2016,11,15,2,3,2,2,0,0,0,1,0,0,0,0,5.36701E+20,5.28818E+21,9.4896E+15,4.77459E+16
42511,42512,8,3,37,124,2016,12,14,5,3,4,6,0,0,0,1,0,0,0,0,4.56048E+20,5.28411E+21,8.41408E+15,4.77088E+16
42512,42513,8,2,12,0,2016,12,7,6,3,2,6,0,0,0,1,0,0,0,0,4.54661E+20,5.42684E+21,8.38022E+15,4.89928E+16
42513,42514,8,4,37,100,2016,12,20,5,3,5,3,2,0,0,1,0,0,0,0,5.37536E+20,5.31817E+21,9.50335E+15,4.80157E+16
42514,42515,8,4,16,36,2016,11,6,2,3,5,3,2,0,0,1,0,0,1,0,4.83432E+20,5.37421E+21,8.77562E+15,4.85208E+16
42515,42516,8,3,36,84,2016,12,6,5,3,8,1,2,2,0,1,0,0,0,0,4.04565E+20,5.2768E+21,7.7295E+15,4.76376E+16
42516,42517,8,1,35,19,2016,11,18,1,2,4,2,2,1,0,1,0,0,0,0,5.85292E+20,5.3922E+21,1.01586E+16,4.8677E+16
42517,42518,8,1,16,35,2016,12,6,2,3,2,6,1,1,0,1,0,0,0,0,5.26554E+20,5.39118E+21,9.36069E+15,4.86731E+16
42518,42519,8,1,35,20,2016,11,17,2,3,4,2,2,0,0,1,0,0,0,0,5.8503E+20,5.38092E+21,1.01528E+16,4.85756E+16
42519,42520,8,4,37,107,2016,11,11,4,2,8,1,0,2,0,1,0,0,0,0,5.07627E+20,5.33068E+21,9.1025E+15,4.81294E+16
42520,42521,8,3,17,141,2016,12,18,4,2,9,1,2,1,0,1,0,0,0,0,4.19642E+20,5.38176E+21,7.91039E+15,4.85838E+16
42521,42522,8,3,26,3,2016,12,0,1,2,4,6,2,0,0,1,0,0,0,0,4.644E+20,5.31965E+21,8.5225E+15,4.80291E+16
42522,42523,8,2,26,103,2016,12,11,2,3,2,6,0,0,0,1,0,0,0,0,4.71394E+20,5.4567E+21,8.60682E+15,4.92624E+16
42523,42524,8,1,18,19,2016,12,17,2,3,6,2,2,0,0,1,1,0,0,0,5.0455E+20,5.40527E+21,9.06196E+15,4.88004E+16
42524,42525,8,2,25,114,2016,12,0,1,3,8,1,2,1,0,1,0,0,0,0,5.40173E+20,5.4745E+21,9.55394E+15,4.94219E+16
42525,42526,8,4,36,9,2016,12,16,7,3,2,6,0,0,0,1,0,0,0,0,5.53254E+20,5.30371E+21,9.71232E+15,4.78845E+16
42526,42527,8,1,18,48,2016,12,16,4,3,2,6,1,1,0,1,0,0,1,0,5.11877E+20,5.41813E+21,9.1621E+15,4.8916E+16
42527,42528,8,1,11,0,2016,12,17,7,3,3,6,2,0,0,1,0,0,0,0,5.1267E+20,5.40007E+21,9.17237E+15,4.87535E+16
42528,42529,8,4,17,75,2016,12,8,3,2,5,3,0,0,0,1,0,0,0,0,5.09885E+20,5.33511E+21,9.13295E+15,4.81692E+16
42529,42530,8,3,35,43,2016,12,6,6,3,0,1,2,1,0,0,0,1,0,0,5.15634E+20,5.28103E+21,9.20831E+15,4.76824E+16
42530,42531,8,1,17,2,2016,12,13,6,2,8,1,0,0,0,1,0,0,0,0,5.41357E+20,5.38679E+21,9.56132E+15,4.86328E+16
42531,42532,8,3,36,8,2016,12,17,4,3,2,6,2,0,0,1,0,0,0,0,3.95179E+20,5.27571E+21,7.60484E+15,4.76263E+16
42532,42533,8,2,15,39,2016,12,16,4,2,2,6,0,0,0,1,0,0,0,0,4.71017E+20,5.45382E+21,8.60186E+15,4.92365E+16
42533,42534,8,1,16,71,2016,12,6,4,3,4,6,2,1,0,1,0,0,0,0,5.26905E+20,5.38996E+21,9.36537E+15,4.86621E+16
42534,42535,8,1,27,91,2016,12,7,3,2,4,1,1,2,0,1,0,0,0,0,5.81243E+20,5.4538E+21,1.01159E+16,4.92315E+16
42535,42536,8,1,11,0,2016,12,10,3,3,2,6,0,0,0,1,0,0,0,0,5.13047E+20,5.40209E+21,9.17757E+15,4.87717E+16
42536,42537,8,3,26,74,2016,12,16,5,3,4,2,0,0,1,1,0,0,0,0,4.60532E+20,5.31989E+21,8.47059E+15,4.80311E+16
42537,42538,8,2,16,24,2016,12,7,2,3,5,3,2,0,1,1,0,0,0,0,4.43987E+20,5.40714E+21,8.23702E+15,4.88147E+16
42538,42539,8,2,36,40,2016,12,9,5,3,4,1,0,2,0,1,0,0,0,1,4.88948E+20,5.41845E+21,8.84914E+15,4.89189E+16
42539,42540,8,1,11,0,2016,12,11,4,3,6,4,0,0,0,1,1,0,0,0,5.075E+20,5.40571E+21,9.10214E+15,4.88043E+16
42540,42541,8,1,28,7,2016,12,6,5,3,5,3,2,1,0,1,0,0,0,0,5.60204E+20,5.48117E+21,9.83114E+15,4.94802E+16
42541,42542,8,1,11,0,2016,12,15,5,3,6,4,0,0,0,1,1,0,0,0,5.10787E+20,5.40346E+21,9.14684E+15,4.87841E+16
42542,42543,8,2,35,80,2016,12,14,7,3,1,2,0,1,0,1,0,0,0,0,4.79044E+20,5.38573E+21,8.71563E+15,4.86243E+16
42543,42544,8,4,37,31,2016,12,10,1,2,8,1,0,2,0,1,0,0,0,0,5.18263E+20,5.34307E+21,9.24597E+15,4.82406E+16
42544,42545,8,2,36,65,2016,12,18,4,3,5,3,2,0,0,1,0,0,0,0,4.89277E+20,5.41506E+21,8.85372E+15,4.88884E+16
42545,42546,8,1,27,14,2016,12,21,1,3,9,1,2,1,0,1,0,0,0,0,5.79098E+20,5.44065E+21,1.00839E+16,4.91136E+16
42546,42547,8,1,26,11,2016,12,6,3,3,9,1,2,2,0,1,0,0,0,0,5.28621E+20,5.44604E+21,9.39262E+15,4.91665E+16
42547,42548,8,3,26,74,2016,12,11,7,3,6,2,0,0,0,1,1,0,0,0,4.65411E+20,5.32419E+21,8.53569E+15,4.807E+16
42548,42549,8,3,11,0,2016,12,17,6,3,3,6,2,0,0,1,0,0,1,0,4.09777E+20,5.31919E+21,7.79003E+15,4.80196E+16
42549,42550,8,3,25,61,2016,12,10,3,3,5,3,0,1,0,1,0,0,0,0,4.72965E+20,5.35506E+21,8.63512E+15,4.83482E+16
42550,42551,8,2,36,40,2016,12,15,4,3,0,7,0,0,0,0,0,0,0,1,4.89843E+20,5.42449E+21,8.86121E+15,4.89733E+16
42551,42552,8,2,37,24,2016,12,17,3,3,3,6,2,0,0,1,0,0,1,0,4.79915E+20,5.35973E+21,8.7287E+15,4.83904E+16
42552,42553,8,1,16,49,2016,12,6,3,3,5,3,1,0,0,1,0,0,0,1,5.24098E+20,5.38581E+21,9.32701E+15,4.86249E+16
42553,42554,8,3,25,49,2016,12,6,6,3,5,3,2,1,0,1,0,0,0,0,4.75997E+20,5.33015E+21,8.67745E+15,4.81241E+16
42554,42555,8,3,27,49,2016,12,17,4,3,2,6,2,1,0,1,0,0,0,0,4.72874E+20,5.32477E+21,8.63583E+15,4.80756E+16
42555,42556,8,2,37,27,2016,12,12,4,3,5,3,0,0,1,1,0,0,0,0,4.79398E+20,5.36951E+21,8.72122E+15,4.84784E+16
42556,42557,8,4,37,53,2016,12,17,3,2,6,2,2,1,0,1,1,0,0,0,5.27969E+20,5.31976E+21,9.37516E+15,4.80305E+16
42557,42558,8,1,19,86,2016,12,16,3,2,8,1,0,0,0,1,0,0,0,0,5.34467E+20,5.40436E+21,9.46927E+15,4.87913E+16
42558,42559,8,4,36,10,2016,12,17,2,3,0,1,2,0,0,0,0,1,0,0,5.61801E+20,5.29929E+21,9.82599E+15,4.7844E+16
42559,42560,8,3,17,96,2016,12,17,5,3,0,7,2,0,1,0,0,0,0,0,4.21279E+20,5.36955E+21,7.93489E+15,4.84742E+16
42560,42561,8,2,11,0,2016,12,16,2,3,2,6,1,0,0,1,0,0,0,0,4.40791E+20,5.4043E+21,8.1939E+15,4.87888E+16
42561,42562,8,2,12,0,2016,12,18,5,3,4,2,2,0,1,1,0,0,0,0,4.55649E+20,5.4273E+21,8.39367E+15,4.8997E+16
42562,42563,8,4,36,10,2016,12,15,3,2,4,6,0,0,0,1,0,0,0,1,5.66335E+20,5.3098E+21,9.88821E+15,4.79381E+16
42563,42564,8,1,21,0,2016,12,6,5,3,5,3,2,0,0,1,0,1,0,0,5.12597E+20,5.44539E+21,9.17278E+15,4.91612E+16
42564,42565,8,4,26,66,2016,12,4,4,3,9,1,2,2,0,1,0,0,0,0,5.8292E+20,5.32561E+21,1.01133E+16,4.80784E+16
42565,42566,8,2,21,0,2016,12,10,7,3,2,6,0,0,0,1,0,0,0,0,4.76972E+20,5.47568E+21,8.6824E+15,4.94334E+16
42566,42567,8,2,15,9,2016,12,16,4,3,1,6,1,0,0,1,0,0,0,0,4.71146E+20,5.44266E+21,8.60443E+15,4.91361E+16
42567,42568,8,2,15,46,2016,12,17,6,3,2,6,2,0,0,1,0,0,0,0,4.50039E+20,5.41617E+21,8.31835E+15,4.88964E+16
42568,42569,8,3,15,108,2016,12,18,7,3,5,3,2,0,0,1,0,0,0,0,4.03732E+20,5.30396E+21,7.71239E+15,4.78817E+16
42569,42570,8,1,18,63,2016,12,15,4,3,2,6,0,0,0,1,0,0,0,0,5.16252E+20,5.42346E+21,9.22204E+15,4.89638E+16
42570,42571,8,2,36,46,2016,12,14,3,3,2,6,0,0,0,1,0,0,0,0,4.84004E+20,5.41632E+21,8.78174E+15,4.88996E+16
42571,42572,8,3,37,106,2016,12,17,4,3,2,6,2,1,0,1,0,0,1,0,4.62224E+20,5.29254E+21,8.49567E+15,4.77851E+16
42572,42573,8,3,15,76,2016,12,18,1,3,2,6,2,0,0,1,0,0,0,0,3.91598E+20,5.29649E+21,7.55202E+15,4.78126E+16
42573,42574,8,3,17,34,2016,12,7,2,3,5,3,2,1,1,1,0,0,0,0,4.26565E+20,5.36244E+21,8.00765E+15,4.84108E+16
42574,42575,8,1,11,0,2016,12,13,5,3,4,1,0,1,0,1,0,0,0,0,5.10927E+20,5.40149E+21,9.1487E+15,4.87663E+16
42575,42576,8,1,27,43,2016,12,3,2,2,2,1,2,0,0,0,0,0,1,0,5.68019E+20,5.44757E+21,9.93327E+15,4.91772E+16
42576,42577,8,1,28,7,2016,12,12,7,3,2,6,0,0,0,1,0,0,0,0,5.57953E+20,5.47868E+21,9.79969E+15,4.9458E+16
42577,42578,8,1,16,19,2016,12,13,1,3,1,6,0,1,0,1,0,0,0,0,5.25581E+20,5.39713E+21,9.34784E+15,4.87267E+16
42578,42579,8,1,15,28,2016,12,18,4,3,3,6,2,0,0,1,0,0,1,0,4.9778E+20,5.40434E+21,8.96977E+15,4.8792E+16
42579,42580,8,1,25,5,2016,12,15,7,3,4,2,0,0,0,1,0,1,0,0,5.12883E+20,5.45365E+21,9.17697E+15,4.92355E+16
42580,42581,8,3,17,141,2016,12,14,3,3,5,2,0,1,0,1,0,0,0,0,4.17827E+20,5.37785E+21,7.88657E+15,4.85484E+16
42581,42582,8,4,15,19,2016,12,7,2,2,6,4,1,1,0,1,1,0,0,0,5.19372E+20,5.37097E+21,9.2622E+15,4.84916E+16
42582,42583,8,1,15,21,2016,12,7,5,3,5,2,2,1,0,1,0,0,0,1,4.90019E+20,5.38172E+21,8.86466E+15,4.85885E+16
42583,42584,8,1,36,28,2016,12,17,2,3,2,2,2,0,0,1,0,1,0,0,5.68726E+20,5.40505E+21,9.93578E+15,4.87947E+16
42584,42585,8,1,15,28,2016,12,10,5,3,3,6,0,0,0,1,0,0,1,0,5.01301E+20,5.40389E+21,9.01771E+15,4.8788E+16
42585,42586,8,1,18,73,2016,12,17,5,3,3,6,2,0,0,1,0,0,0,0,4.9868E+20,5.41557E+21,8.98199E+15,4.88931E+16
42586,42587,8,1,15,28,2016,12,10,7,3,2,6,0,0,0,1,0,0,0,0,5.00974E+20,5.4031E+21,9.01326E+15,4.87809E+16
42587,42588,8,1,19,44,2016,12,10,1,3,8,1,0,2,0,1,0,0,0,0,5.46523E+20,5.4236E+21,9.63559E+15,4.89636E+16
42588,42589,8,3,27,4,2016,12,18,3,3,9,1,2,2,0,1,0,0,0,0,4.94502E+20,5.32557E+21,8.92618E+15,4.80833E+16
42589,42590,8,1,15,45,2016,12,18,4,3,1,6,2,0,0,1,0,0,0,0,5.02257E+20,5.39436E+21,9.03067E+15,4.87023E+16
42590,42591,8,2,36,28,2016,12,11,6,2,2,6,0,0,0,1,0,0,0,0,4.92977E+20,5.42269E+21,8.90407E+15,4.89571E+16
42591,42592,8,1,28,139,2016,12,16,6,3,1,6,0,0,0,1,0,0,0,0,5.51534E+20,5.49122E+21,9.71276E+15,4.95714E+16
42592,42593,8,1,28,131,2016,12,13,4,3,5,3,0,1,0,1,0,0,0,0,5.36899E+20,5.51232E+21,9.51235E+15,4.97622E+16
42593,42594,8,2,36,46,2016,12,17,3,3,6,4,2,0,0,1,1,0,0,0,4.83947E+20,5.41839E+21,8.78088E+15,4.89182E+16