FID,OBJECTID,ULAND,UREGBEZ,UKREIS,UGEMEINDE,UJAHR,UMONAT,USTUNDE,UWOCHENTAG,UKATEGORIE,UART,UTYP1,ULICHTVERH,IstStrasse,IstRad,IstPKW,IstFuss,IstKrad,IstGkfz,IstSonstig,LINREFX,LINREFY,XGCSWGS84,YGCSWGS84
42594,42595,8,3,27,18,2016,12,5,4,3,2,6,2,1,0,1,0,0,0,0,4.76217E+20,5.30672E+21,8.68171E+15,4.79133E+16
42595,42596,8,3,26,74,2016,12,10,1,2,9,1,0,2,0,0,0,0,0,1,4.57164E+20,5.32392E+21,8.42502E+15,4.80671E+16
42596,42597,8,3,15,74,2016,12,17,2,3,2,6,2,0,0,1,0,0,0,0,3.95768E+20,5.29597E+21,7.60783E+15,4.78086E+16
42597,42598,8,4,35,57,2016,12,16,4,3,8,1,0,1,1,1,0,0,0,0,5.44085E+20,5.28028E+21,9.5873E+15,4.76744E+16
42598,42599,8,1,21,0,2016,12,18,2,3,2,6,2,0,0,1,0,0,0,0,5.12755E+20,5.44486E+21,9.17493E+15,4.91564E+16
42599,42600,8,3,15,113,2016,12,9,1,1,4,6,0,2,0,1,0,0,0,1,4.40938E+20,5.30655E+21,8.20961E+15,4.79096E+16
42600,42601,8,1,11,0,2016,12,17,1,3,2,6,2,1,0,1,0,0,0,0,5.10639E+20,5.40021E+21,9.14475E+15,4.87548E+16
42601,42602,8,1,25,79,2016,12,17,4,3,2,6,2,0,0,1,0,0,0,0,5.12152E+20,5.454E+21,9.16694E+15,4.92387E+16
42602,42603,8,1,16,19,2016,12,1,7,3,8,1,2,1,0,1,0,0,0,0,5.20381E+20,5.39862E+21,9.27721E+15,4.87402E+16
42603,42604,8,3,11,0,2016,12,13,3,3,3,2,0,0,1,1,0,0,0,0,4.1184E+20,5.3152E+21,7.81852E+15,4.79841E+16
42604,42605,8,3,35,75,2016,12,17,6,3,2,6,1,0,0,1,0,0,0,0,4.8724E+20,5.28986E+21,8.82973E+15,4.7762E+16
42605,42606,8,2,12,0,2016,12,5,6,3,9,6,2,1,0,1,0,0,0,0,4.56489E+20,5.43524E+21,8.4043E+15,4.90685E+16
42606,42607,8,1,18,80,2016,12,16,6,3,2,6,1,0,0,1,0,0,0,0,5.06909E+20,5.41213E+21,9.0942E+15,4.88621E+16
42607,42608,8,4,16,31,2016,12,18,4,1,2,6,2,0,0,1,0,0,0,0,5.04052E+20,5.36467E+21,9.05478E+15,4.84352E+16
42608,42609,8,3,15,15,2016,12,17,4,3,5,3,2,1,0,1,0,0,0,0,3.98987E+20,5.31507E+21,7.64634E+15,4.7981E+16
42609,42610,8,1,17,15,2016,12,17,4,3,0,1,2,0,0,0,0,1,0,0,5.59592E+20,5.39293E+21,9.80967E+15,4.86865E+16
42610,42611,8,2,25,14,2016,12,5,3,2,4,1,2,2,0,1,0,0,0,0,5.26949E+20,5.48444E+21,9.37228E+15,4.95119E+16
42611,42612,8,1,15,45,2016,12,8,3,3,2,6,0,0,0,1,0,0,0,0,4.99487E+20,5.39483E+21,8.99303E+15,4.87065E+16
42612,42613,8,3,37,123,2016,12,17,5,3,2,6,2,0,0,1,0,0,0,0,4.50418E+20,5.2764E+21,8.33991E+15,4.76391E+16
42613,42614,8,2,22,0,2016,12,0,6,3,8,1,2,0,0,1,0,0,0,0,4.61921E+20,5.48138E+21,8.47428E+15,4.94839E+16
42614,42615,8,1,26,58,2016,12,22,6,2,8,1,2,0,0,1,0,0,0,0,5.40425E+20,5.45223E+21,9.55515E+15,4.92215E+16
42615,42616,8,1,35,19,2016,12,23,4,2,1,6,2,1,0,1,0,0,0,0,5.83825E+20,5.39243E+21,1.01388E+16,4.86793E+16
42616,42617,8,1,25,39,2016,12,8,4,3,8,1,0,1,0,1,0,0,0,0,5.16256E+20,5.45875E+21,9.22352E+15,4.92813E+16
42617,42618,8,1,25,65,2016,12,7,3,3,2,6,2,1,0,1,0,0,0,0,5.14096E+20,5.44828E+21,9.19345E+15,4.91872E+16
42618,42619,8,4,36,55,2016,12,4,5,1,4,6,2,1,0,1,0,0,0,1,5.76121E+20,5.30203E+21,1.00178E+16,4.78671E+16
42619,42620,8,1,15,34,2016,12,5,5,3,8,6,2,0,0,1,0,0,0,1,4.82449E+20,5.37633E+21,8.76222E+15,4.85398E+16
42620,42621,8,3,17,65,2016,12,17,4,2,5,3,2,1,0,1,0,1,0,0,4.13622E+20,5.35524E+21,7.83426E+15,4.83444E+16
42621,42622,8,4,17,75,2016,12,10,1,2,9,1,0,2,0,1,0,0,0,0,5.08401E+20,5.33487E+21,9.11298E+15,4.8167E+16
42622,42623,8,2,15,46,2016,12,7,2,2,4,6,1,0,0,1,0,0,0,1,4.51053E+20,5.41261E+21,8.3326E+15,4.88645E+16
42623,42624,8,1,18,76,2016,12,6,2,2,6,4,2,1,0,1,1,0,0,0,5.04485E+20,5.42323E+21,9.06128E+15,4.8962E+16
42624,42625,8,2,22,0,2016,12,6,1,3,5,3,2,1,0,1,0,0,0,0,4.60728E+20,5.4882E+21,8.45713E+15,4.95451E+16
42625,42626,8,4,17,31,2016,12,19,7,2,5,3,2,0,0,1,0,0,0,0,4.95319E+20,5.35773E+21,8.9368E+15,4.83727E+16
42626,42627,8,1,18,51,2016,12,17,4,3,5,2,2,1,0,1,0,1,0,0,5.08828E+20,5.41516E+21,9.12043E+15,4.88893E+16
42627,42628,8,4,37,31,2016,12,16,6,3,6,4,2,0,0,1,1,0,0,0,5.16062E+20,5.34412E+21,9.21637E+15,4.82501E+16
42628,42629,8,2,15,101,2016,12,16,3,3,4,6,2,1,0,1,0,0,0,0,4.67016E+20,5.42984E+21,8.54886E+15,4.90205E+16
42629,42630,8,3,26,3,2016,12,12,6,3,1,6,0,0,0,1,0,0,0,0,4.64348E+20,5.31932E+21,8.52182E+15,4.80262E+16
42630,42631,8,1,16,19,2016,12,7,6,3,4,6,2,1,0,1,0,0,0,0,5.22859E+20,5.39892E+21,9.31093E+15,4.87429E+16
42631,42632,8,4,35,66,2016,12,7,4,2,5,3,2,0,1,1,0,0,0,0,5.17831E+20,5.28614E+21,9.23779E+15,4.77284E+16
42632,42633,8,2,15,90,2016,12,14,4,1,4,6,0,0,0,1,0,0,1,0,4.64692E+20,5.43128E+21,8.51694E+15,4.90334E+16
42633,42634,8,1,11,0,2016,12,6,4,3,5,2,2,1,0,1,0,0,0,0,5.08603E+20,5.39743E+21,9.11698E+15,4.87298E+16
42634,42635,8,1,26,20,2016,12,7,3,3,9,1,1,2,0,1,0,0,0,0,5.56223E+20,5.46439E+21,9.7738E+15,4.93296E+16
42635,42636,8,1,11,0,2016,12,20,3,3,3,1,2,1,0,1,0,0,0,0,5.10697E+20,5.40018E+21,9.14554E+15,4.87545E+16
42636,42637,8,3,17,100,2016,12,16,5,3,2,6,0,0,0,1,0,0,0,0,4.23675E+20,5.36747E+21,7.96768E+15,4.84558E+16
42637,42638,8,2,15,7,2016,12,7,2,3,6,2,1,1,0,1,1,0,0,0,4.78005E+20,5.43166E+21,8.69906E+15,4.90374E+16
42638,42639,8,2,25,67,2016,12,8,5,2,9,1,2,1,0,1,0,0,0,0,5.10243E+20,5.46366E+21,9.14096E+15,4.93256E+16
42639,42640,8,4,36,81,2016,12,14,3,3,2,6,0,0,0,1,0,0,0,0,5.6302E+20,5.28253E+21,9.83986E+15,4.76931E+16
42640,42641,8,1,27,102,2016,12,13,5,3,0,6,0,0,0,1,0,0,0,1,5.88334E+20,5.43846E+21,1.021E+16,4.90927E+16
42641,42642,8,1,11,0,2016,12,6,5,3,2,6,2,1,0,1,0,0,0,0,5.13571E+20,5.40588E+21,9.18482E+15,4.88057E+16
42642,42643,8,2,26,13,2016,12,19,7,3,1,7,2,1,0,1,0,0,0,0,4.99033E+20,5.4785E+21,8.98666E+15,4.94591E+16
42643,42644,8,2,21,0,2016,12,7,4,3,3,2,2,0,1,1,0,0,0,0,4.76922E+20,5.47589E+21,8.6817E+15,4.94352E+16
42644,42645,8,1,27,76,2016,12,1,1,3,9,1,2,1,0,1,0,0,0,0,5.53772E+20,5.4396E+21,9.73674E+15,4.91069E+16
42645,42646,8,1,26,39,2016,12,16,3,3,1,6,2,0,0,1,0,0,0,0,5.47569E+20,5.46093E+21,9.65429E+15,4.92993E+16
42646,42647,8,2,22,0,2016,12,16,2,3,3,6,1,0,0,1,0,0,1,0,4.6067E+20,5.48113E+21,8.45702E+15,4.94815E+16
42647,42648,8,2,35,6,2016,12,15,5,3,2,6,0,0,0,1,0,0,0,0,4.71155E+20,5.38117E+21,8.60889E+15,4.85829E+16
42648,42649,8,4,36,6,2016,12,10,3,3,2,6,0,0,0,1,0,0,0,1,5.58944E+20,5.28314E+21,9.78563E+15,4.7699E+16
42649,42650,8,1,36,88,2016,12,6,5,3,5,3,2,0,0,1,0,0,0,0,5.82178E+20,5.40872E+21,1.01196E+16,4.8826E+16
42650,42651,8,1,16,77,2016,12,11,5,2,5,3,0,1,1,1,0,0,0,0,5.16304E+20,5.39176E+21,9.22149E+15,4.86787E+16
42651,42652,8,3,17,96,2016,12,14,1,3,2,6,0,0,0,1,0,0,0,0,4.18876E+20,5.3702E+21,7.90225E+15,4.84797E+16
42652,42653,8,2,31,0,2016,12,10,2,3,5,3,0,1,0,1,0,0,0,0,4.79551E+20,5.41599E+21,8.721E+15,4.88965E+16
42653,42654,8,1,11,0,2016,12,12,2,3,2,6,0,1,0,1,0,0,0,1,5.07034E+20,5.40803E+21,9.09583E+15,4.88252E+16
42654,42655,8,2,37,27,2016,12,13,4,3,4,3,0,0,0,1,0,0,0,1,4.79396E+20,5.36951E+21,8.7212E+15,4.84784E+16
42655,42656,8,1,36,82,2016,12,21,1,3,5,3,2,0,0,1,0,0,0,0,5.85333E+20,5.41536E+21,1.0164E+16,4.88853E+16
42656,42657,8,1,19,42,2016,12,5,3,3,9,1,2,1,0,1,0,0,0,0,5.2666E+20,5.41557E+21,9.36371E+15,4.88925E+16
42657,42658,8,4,15,61,2016,12,19,7,3,4,6,2,1,0,1,0,0,1,0,5.14818E+20,5.37557E+21,9.20072E+15,4.85331E+16
42658,42659,8,1,17,35,2016,12,15,4,2,5,3,0,0,0,1,0,0,0,0,5.48792E+20,5.38128E+21,9.66158E+15,4.85827E+16
42659,42660,8,4,17,2,2016,12,13,6,3,2,6,0,0,0,1,0,0,0,0,4.9063E+20,5.35001E+21,8.87364E+15,4.83032E+16
42660,42661,8,3,17,153,2016,12,18,6,3,5,3,2,0,0,1,0,0,0,0,4.21839E+20,5.39055E+21,7.93853E+15,4.86631E+16
42661,42662,8,4,35,59,2016,12,22,3,1,4,6,2,1,0,1,0,0,0,0,5.15512E+20,5.28867E+21,9.20696E+15,4.77512E+16
42662,42663,8,3,17,96,2016,12,19,4,3,0,7,2,0,0,0,1,0,0,1,4.21752E+20,5.37015E+21,7.94117E+15,4.84796E+16
42663,42664,8,2,36,43,2016,12,7,4,2,0,1,0,1,1,0,0,0,0,0,4.69721E+20,5.41052E+21,8.58729E+15,4.88469E+16
42664,42665,8,4,17,2,2016,12,7,3,3,5,3,1,1,0,1,0,1,0,0,4.89803E+20,5.34802E+21,8.86254E+15,4.82853E+16
42665,42666,8,1,18,48,2016,12,9,3,3,2,6,0,0,0,1,0,0,0,0,5.11037E+20,5.4147E+21,9.15055E+15,4.88852E+16
42666,42667,8,4,26,125,2016,12,13,2,3,5,3,0,0,0,1,0,0,0,0,5.74765E+20,5.33746E+21,1.00059E+16,4.8186E+16
42667,42668,8,1,16,78,2016,12,13,5,3,2,6,0,0,0,1,0,0,0,0,5.12981E+20,5.39306E+21,9.17639E+15,4.86904E+16
42668,42669,8,1,18,53,2016,12,14,2,3,3,6,0,0,0,1,0,0,0,0,5.17623E+20,5.42839E+21,9.24098E+15,4.90082E+16
42669,42670,8,2,11,0,2016,12,12,5,3,5,2,0,0,0,1,0,0,0,0,4.41903E+20,5.4035E+21,8.20915E+15,4.87818E+16
42670,42671,8,4,36,64,2016,12,7,3,3,2,6,0,1,0,1,0,0,0,0,5.45438E+20,5.29226E+21,9.60658E+15,4.77821E+16
42671,42672,8,1,21,0,2016,12,18,5,3,5,2,2,0,0,1,0,0,0,0,5.16646E+20,5.44234E+21,9.2282E+15,4.91336E+16
42672,42673,8,4,16,6,2016,12,16,4,3,6,4,0,1,0,1,1,0,0,0,4.98E+20,5.36007E+21,8.97299E+15,4.83938E+16
42673,42674,8,2,12,0,2016,12,15,7,3,2,6,0,0,0,1,0,0,0,0,4.59892E+20,5.4315E+21,8.45126E+15,4.90351E+16
42674,42675,8,1,26,11,2016,12,4,1,2,8,1,2,0,0,1,0,0,0,0,5.32598E+20,5.4494E+21,9.44745E+15,4.91965E+16
42675,42676,8,3,27,49,2016,12,14,3,2,4,6,0,1,0,1,0,0,0,0,4.71567E+20,5.32512E+21,8.61825E+15,4.80787E+16
42676,42677,8,1,11,0,2016,12,21,4,3,2,7,2,1,0,1,0,0,0,0,5.05802E+20,5.39635E+21,9.07888E+15,4.87201E+16
42677,42678,8,2,12,0,2016,12,8,6,3,2,6,0,1,0,1,0,0,0,0,4.61674E+20,5.42315E+21,8.47642E+15,4.89601E+16
42678,42679,8,3,15,15,2016,12,12,7,2,4,6,0,0,0,1,0,0,0,0,3.96753E+20,5.31863E+21,7.61556E+15,4.80126E+16
42679,42680,8,1,15,28,2016,12,15,4,3,1,6,0,0,0,1,0,0,0,0,5.02434E+20,5.40052E+21,9.03312E+15,4.87577E+16
42680,42681,8,2,37,19,2016,12,7,3,3,8,1,0,2,0,1,0,0,0,0,4.62197E+20,5.3707E+21,8.48838E+15,4.84883E+16
42681,42682,8,3,17,146,2016,12,10,7,3,5,3,0,0,0,1,0,0,0,0,4.30236E+20,5.35489E+21,8.0585E+15,4.83433E+16
42682,42683,8,1,26,11,2016,12,16,4,3,2,6,1,0,0,1,0,0,0,0,5.32496E+20,5.44939E+21,9.44604E+15,4.91965E+16
42683,42684,8,3,17,96,2016,12,11,3,3,5,3,0,0,0,1,0,0,0,0,4.21242E+20,5.36919E+21,7.93446E+15,4.84709E+16
42684,42685,8,2,25,58,2016,12,6,4,3,3,6,1,1,0,1,0,0,1,0,5.09626E+20,5.4659E+21,9.13253E+15,4.93457E+16
42685,42686,8,3,36,50,2016,12,13,3,3,2,6,0,1,0,1,0,0,0,0,4.00501E+20,5.27633E+21,7.67552E+15,4.76327E+16
42686,42687,8,4,15,61,2016,12,13,4,3,2,6,0,1,0,1,0,0,0,0,5.14323E+20,5.37128E+21,9.19387E+15,4.84945E+16
42687,42688,8,4,37,82,2016,12,9,1,2,4,1,0,2,0,1,0,0,0,0,5.12447E+20,5.34291E+21,9.16763E+15,4.82393E+16
42688,42689,8,3,36,81,2016,12,16,2,3,2,6,0,0,0,1,0,0,0,0,4.10572E+20,5.2771E+21,7.80939E+15,4.76411E+16
42689,42690,8,1,15,24,2016,12,17,5,2,8,1,2,1,0,1,0,0,0,0,5.00453E+20,5.387E+21,9.00615E+15,4.86361E+16
42690,42691,8,4,25,72,2016,12,17,2,3,3,6,2,0,0,1,0,0,0,0,5.80336E+20,5.37181E+21,1.00874E+16,4.84942E+16
42691,42692,8,1,36,42,2016,12,17,7,2,8,1,2,1,0,1,0,0,0,0,5.47477E+20,5.40452E+21,9.64642E+15,4.87919E+16
42692,42693,8,1,35,16,2016,12,12,1,2,0,3,0,1,0,1,0,0,0,0,5.91169E+20,5.3869E+21,1.02373E+16,4.86285E+16
42693,42694,8,2,12,0,2016,12,17,3,3,2,6,2,0,0,1,0,0,0,0,4.60243E+20,5.42439E+21,8.45676E+15,4.89712E+16
42694,42695,8,2,26,85,2016,12,19,6,2,4,2,2,0,0,1,0,0,0,0,4.9412E+20,5.45264E+21,8.91925E+15,4.92265E+16
42695,42696,8,1,27,71,2016,12,19,6,2,4,6,2,1,0,1,0,0,1,0,5.73664E+20,5.45748E+21,1.00125E+16,4.92656E+16
42696,42697,8,1,27,99,2016,12,2,4,2,2,6,2,0,0,0,0,0,1,1,5.6261E+20,5.44719E+21,9.85901E+15,4.91744E+16
42697,42698,8,2,22,0,2016,12,19,3,2,5,3,2,1,0,1,0,0,0,0,4.62103E+20,5.48503E+21,8.47644E+15,4.95167E+16
42698,42699,8,1,11,0,2016,12,13,6,3,9,1,0,1,0,1,0,0,0,0,5.06621E+20,5.40362E+21,9.09013E+15,4.87855E+16
42699,42700,8,3,26,12,2016,12,17,4,3,2,6,2,0,0,1,0,0,0,0,4.64102E+20,5.3101E+21,8.51929E+15,4.79432E+16
42700,42701,8,3,25,12,2016,12,9,1,3,8,1,0,2,0,1,0,0,0,0,4.69356E+20,5.35514E+21,8.58641E+15,4.83487E+16
42701,42702,8,2,26,103,2016,12,15,2,3,2,6,0,0,0,1,0,0,1,0,4.71131E+20,5.45622E+21,8.60324E+15,4.92581E+16
42702,42703,8,4,26,117,2016,12,20,4,3,2,7,2,1,0,1,0,0,0,0,5.8438E+20,5.3193E+21,1.01316E+16,4.80214E+16
42703,42704,8,1,18,73,2016,12,17,2,2,1,6,2,0,0,1,0,0,0,0,4.97161E+20,5.42043E+21,8.96123E+15,4.89368E+16
42704,42705,8,2,37,45,2016,12,10,1,3,9,1,0,2,0,1,0,0,0,0,4.63426E+20,5.35951E+21,8.506E+15,4.83877E+16
42705,42706,8,4,36,69,2016,12,2,7,2,8,1,2,0,0,1,0,0,0,0,5.52395E+20,5.29359E+21,9.6996E+15,4.77935E+16
42706,42707,8,1,19,20,2016,12,15,4,3,5,2,0,1,0,1,0,0,0,0,5.19177E+20,5.40659E+21,9.2612E+15,4.8812E+16
42707,42708,8,3,35,43,2016,12,15,4,3,5,3,0,0,0,1,0,1,0,0,5.13387E+20,5.28033E+21,9.17834E+15,4.76762E+16
42708,42709,8,3,35,97,2016,12,11,1,2,8,1,0,2,0,1,0,0,0,0,4.87342E+20,5.29704E+21,8.83087E+15,4.78266E+16
42709,42710,8,3,17,98,2016,12,8,2,3,8,1,1,2,0,1,0,0,0,0,4.43809E+20,5.37084E+21,8.23952E+15,4.84882E+16
42710,42711,8,4,36,82,2016,12,13,4,3,3,6,0,0,0,1,0,0,0,0,5.47462E+20,5.29449E+21,9.63384E+15,4.7802E+16
42711,42712,8,1,25,65,2016,12,7,2,3,1,6,1,1,0,1,0,0,0,0,5.1887E+20,5.45077E+21,9.25908E+15,4.92094E+16
42712,42713,8,1,25,66,2016,12,22,7,2,8,6,2,0,0,1,0,0,0,0,5.18442E+20,5.43048E+21,9.25228E+15,4.90269E+16
42713,42714,8,1,11,0,2016,12,16,1,3,3,6,0,0,0,1,0,0,0,0,5.15387E+20,5.40589E+21,9.20956E+15,4.88058E+16
42714,42715,8,4,21,0,2016,12,15,4,3,9,1,0,1,0,1,0,0,0,0,5.73669E+20,5.36421E+21,9.99582E+15,4.84267E+16
42715,42716,8,1,18,48,2016,12,10,7,3,3,6,0,0,0,1,0,0,0,0,5.11332E+20,5.41892E+21,9.1547E+15,4.89231E+16
42716,42717,8,2,37,19,2016,12,9,3,3,2,2,0,1,0,1,0,0,0,0,4.63428E+20,5.37033E+21,8.50508E+15,4.8485E+16
42717,42718,8,4,16,41,2016,12,14,6,3,1,6,0,0,0,1,0,0,0,0,5.0463E+20,5.37184E+21,9.06268E+15,4.84997E+16
42718,42719,8,2,11,0,2016,12,8,6,3,4,1,0,2,0,1,0,0,0,0,4.40828E+20,5.39931E+21,8.19512E+15,4.8744E+16
42719,42720,8,1,25,65,2016,12,20,6,3,8,1,2,0,0,1,0,0,0,0,5.23116E+20,5.45182E+21,9.31744E+15,4.92187E+16
42720,42721,8,4,26,1,2016,12,6,4,2,5,3,2,1,0,1,0,1,0,0,5.6713E+20,5.34561E+21,9.90448E+15,4.82602E+16
42721,42722,8,1,17,26,2016,12,17,4,3,5,3,2,1,1,1,0,0,0,0,5.48936E+20,5.39372E+21,9.66499E+15,4.86946E+16
42722,42723,8,1,11,0,2016,12,18,3,3,3,6,2,0,0,1,0,0,1,0,5.06361E+20,5.39585E+21,9.08647E+15,4.87157E+16
42723,42724,8,4,35,15,2016,12,13,5,2,6,4,0,0,0,1,1,0,0,0,5.19076E+20,5.29677E+21,9.25486E+15,4.7824E+16
42724,42725,8,3,16,17,2016,12,11,5,3,2,6,0,1,0,1,0,0,0,1,4.07375E+20,5.34328E+21,7.7526E+15,4.82359E+16
42725,42726,8,4,35,47,2016,12,13,3,1,5,3,0,1,0,1,0,0,1,0,5.12766E+20,5.29417E+21,9.17048E+15,4.78007E+16
42726,42727,8,1,36,34,2016,12,20,5,3,5,3,2,1,0,1,0,1,0,0,5.65445E+20,5.40815E+21,9.89161E+15,4.88229E+16
42727,42728,8,1,16,19,2016,12,8,5,3,5,3,0,1,0,1,0,0,0,0,5.22404E+20,5.39898E+21,9.30475E+15,4.87434E+16
42728,42729,8,3,15,98,2016,12,7,4,3,8,1,1,2,0,1,0,0,0,0,4.04694E+20,5.31218E+21,7.72345E+15,4.79558E+16
42729,42730,8,3,17,150,2016,12,13,1,3,9,1,0,1,0,1,0,0,0,0,4.10219E+20,5.35751E+21,7.78786E+15,4.83643E+16
42730,42731,8,2,12,0,2016,12,7,2,3,2,6,0,1,0,1,0,0,0,0,4.60631E+20,5.42886E+21,8.46163E+15,4.90114E+16
42731,42732,8,1,15,48,2016,12,17,2,3,2,6,2,0,0,1,0,0,0,0,5.07889E+20,5.38816E+21,9.1071E+15,4.86464E+16
42732,42733,8,2,26,105,2016,12,19,4,3,2,6,2,0,0,1,0,0,0,0,4.70921E+20,5.47624E+21,8.59891E+15,4.94381E+16
42733,42734,8,1,15,28,2016,12,17,1,3,2,6,2,0,0,1,0,0,0,0,5.01814E+20,5.40249E+21,9.02469E+15,4.87754E+16
42734,42735,8,1,19,87,2016,12,6,3,3,0,1,2,2,0,0,0,1,0,0,5.29121E+20,5.42383E+21,9.39788E+15,4.89667E+16
42735,42736,8,4,16,41,2016,12,23,7,3,2,6,2,0,0,1,0,0,0,0,5.0552E+20,5.37332E+21,9.07474E+15,4.8513E+16
42736,42737,8,1,18,79,2016,12,6,4,2,6,6,2,0,0,1,1,0,0,0,5.10754E+20,5.42268E+21,9.1469E+15,4.89569E+16
42737,42738,8,4,26,44,2016,12,17,6,3,2,6,2,0,0,1,0,0,0,1,5.80121E+20,5.32788E+21,1.00761E+16,4.80992E+16
42738,42739,8,2,36,46,2016,12,10,3,2,6,4,0,0,0,1,1,0,0,0,4.84188E+20,5.41819E+21,8.78417E+15,4.89164E+16
42739,42740,8,3,25,53,2016,12,12,6,3,2,6,0,0,0,1,0,0,0,0,4.54364E+20,5.34187E+21,8.3855E+15,4.82284E+16
42740,42741,8,3,35,63,2016,12,20,4,3,8,1,2,1,0,1,0,0,0,0,4.94283E+20,5.28832E+21,8.92373E+15,4.77482E+16
42741,42742,8,2,12,0,2016,12,7,4,3,2,6,0,1,0,1,0,0,0,0,4.60128E+20,5.42825E+21,8.45481E+15,4.90059E+16
42742,42743,8,1,15,3,2016,12,15,7,3,2,6,0,0,0,1,0,0,0,0,5.0057E+20,5.39283E+21,9.00775E+15,4.86885E+16
42743,42744,8,2,26,107,2016,12,16,3,3,2,6,1,0,0,1,0,0,0,0,4.7463E+20,5.48405E+21,8.64956E+15,4.95085E+16
42744,42745,8,3,35,43,2016,12,10,6,3,2,6,0,1,0,1,0,0,0,0,5.12214E+20,5.27957E+21,9.1627E+15,4.76694E+16
42745,42746,8,2,11,0,2016,12,13,6,3,2,6,0,0,0,1,0,0,0,0,4.42714E+20,5.40287E+21,8.22028E+15,4.87762E+16
42746,42747,8,1,18,73,2016,12,16,6,2,5,3,0,0,0,1,0,0,0,1,5.01492E+20,5.41646E+21,9.02035E+15,4.89011E+16
42747,42748,8,2,37,24,2016,12,15,4,3,2,6,0,0,0,1,0,0,0,0,4.79957E+20,5.36052E+21,8.72922E+15,4.83976E+16
42748,42749,8,3,11,0,2016,12,18,4,3,2,6,2,0,0,1,0,0,0,0,4.14433E+20,5.3167E+21,7.85296E+15,4.79979E+16
42749,42750,8,1,16,78,2016,12,20,4,3,2,6,2,0,0,1,0,0,0,0,5.12727E+20,5.39359E+21,9.17296E+15,4.86953E+16
42750,42751,8,1,27,76,2016,12,17,3,3,2,6,2,1,0,1,0,0,0,0,5.53782E+20,5.44074E+21,9.73703E+15,4.91172E+16
42751,42752,8,1,11,0,2016,12,18,3,3,4,7,2,0,0,1,0,0,0,0,5.09785E+20,5.40255E+21,9.13318E+15,4.87759E+16
42752,42753,8,4,37,123,2016,12,2,5,2,8,1,2,1,0,1,0,0,0,0,5.05547E+20,5.31305E+21,9.07431E+15,4.79707E+16
42753,42754,8,2,16,43,2016,12,14,2,3,2,6,0,0,0,1,0,0,1,0,4.45204E+20,5.41222E+21,8.25291E+15,4.88605E+16
42754,42755,8,2,36,40,2016,12,11,5,3,1,6,0,0,0,1,0,0,0,0,4.88493E+20,5.42136E+21,8.84285E+15,4.8945E+16
42755,42756,8,4,26,66,2016,12,8,3,3,1,6,0,0,0,1,0,0,0,0,5.82813E+20,5.31981E+21,1.01107E+16,4.80262E+16
42756,42757,8,1,28,39,2016,12,16,5,3,2,6,2,1,0,1,0,0,0,0,5.2243E+20,5.50965E+21,9.31129E+15,4.97389E+16
42757,42758,8,1,15,28,2016,12,16,5,2,2,6,2,0,0,1,0,0,0,0,4.99128E+20,5.40649E+21,8.98812E+15,4.88114E+16
42758,42759,8,2,25,33,2016,12,11,2,2,8,1,0,1,0,1,0,0,0,0,5.09014E+20,5.46013E+21,9.12397E+15,4.92939E+16
42759,42760,8,4,36,14,2016,12,11,1,2,8,1,0,2,0,1,0,0,0,0,5.54521E+20,5.30048E+21,9.72885E+15,4.78553E+16
42760,42761,8,2,31,0,2016,12,13,4,3,4,6,0,0,0,1,0,0,1,1,4.82226E+20,5.41765E+21,8.75743E+15,4.89115E+16
42761,42762,8,1,35,20,2016,12,11,1,3,9,1,0,2,0,1,0,0,0,0,5.83951E+20,5.38517E+21,1.0139E+16,4.86139E+16
42762,42763,8,1,19,8,2016,12,17,3,3,4,6,2,1,0,1,0,0,0,0,5.29376E+20,5.42272E+21,9.40128E+15,4.89567E+16
42763,42764,8,3,36,91,2016,12,20,7,3,3,6,2,0,0,1,0,0,0,1,3.94963E+20,5.2717E+21,7.60292E+15,4.75902E+16
42764,42765,8,1,15,3,2016,12,5,4,3,2,6,2,0,0,1,0,0,0,0,4.97728E+20,5.39249E+21,8.96913E+15,4.86855E+16
42765,42766,8,3,17,8,2016,12,17,6,3,2,2,2,0,0,1,0,0,0,0,4.40332E+20,5.36403E+21,8.19343E+15,4.84266E+16
42766,42767,8,3,25,72,2016,12,11,3,3,2,6,0,0,0,1,0,0,0,1,4.72404E+20,5.32993E+21,8.62918E+15,4.8122E+16
42767,42768,8,2,31,0,2016,12,7,4,2,6,4,2,1,0,1,1,0,0,0,4.78159E+20,5.41491E+21,8.70207E+15,4.88868E+16
42768,42769,8,4,15,61,2016,12,12,3,3,6,7,0,0,0,0,1,0,0,1,5.15408E+20,5.37132E+21,9.20856E+15,4.84949E+16
42769,42770,8,1,18,79,2016,12,8,3,3,6,6,0,1,1,0,1,0,0,0,5.10243E+20,5.42173E+21,9.1399E+15,4.89484E+16
42770,42771,8,4,17,2,2016,12,7,2,3,5,3,2,1,0,1,0,0,0,0,4.92135E+20,5.34232E+21,8.89408E+15,4.82341E+16
42771,42772,8,1,16,78,2016,12,11,5,3,5,3,0,0,0,1,0,1,0,0,5.13087E+20,5.3927E+21,9.17782E+15,4.86872E+16
42772,42773,8,1,18,76,2016,12,8,2,2,8,1,0,1,0,1,0,0,0,0,5.07651E+20,5.42254E+21,9.10451E+15,4.89558E+16