FID,OBJECTID,ULAND,UREGBEZ,UKREIS,UGEMEINDE,UJAHR,UMONAT,USTUNDE,UWOCHENTAG,UKATEGORIE,UART,UTYP1,ULICHTVERH,IstStrasse,IstRad,IstPKW,IstFuss,IstKrad,IstGkfz,IstSonstig,LINREFX,LINREFY,XGCSWGS84,YGCSWGS84
42773,42774,8,1,18,19,2016,12,14,5,3,3,6,0,0,0,1,0,0,1,0,5.0272E+20,5.4055E+21,9.03704E+15,4.88025E+16
42774,42775,8,1,19,20,2016,12,9,5,3,4,7,0,1,0,1,0,0,0,0,5.19291E+20,5.40881E+21,9.26287E+15,4.8832E+16
42775,42776,8,1,11,0,2016,12,16,7,3,8,1,2,0,0,1,0,0,0,0,5.15396E+20,5.39333E+21,9.20921E+15,4.86928E+16
42776,42777,8,1,19,20,2016,12,17,1,2,6,4,2,1,0,1,1,0,0,0,5.20545E+20,5.40581E+21,9.2798E+15,4.88049E+16
42777,42778,8,4,35,35,2016,12,19,3,3,4,2,2,0,1,1,0,0,0,0,5.41988E+20,5.28319E+21,9.55964E+15,4.77007E+16
42778,42779,8,1,19,90,2016,12,11,3,3,2,6,0,0,0,1,0,0,1,0,5.29844E+20,5.40701E+21,9.40653E+15,4.88154E+16
42779,42780,8,4,36,55,2016,12,7,2,3,2,6,0,1,0,1,0,0,0,0,5.74357E+20,5.29657E+21,9.99333E+15,4.78182E+16
42780,42781,8,3,17,96,2016,12,14,5,3,5,3,0,0,1,1,0,0,0,0,4.21755E+20,5.36882E+21,7.94147E+15,4.84676E+16
42781,42782,8,2,15,99,2016,12,14,2,3,5,3,0,1,0,1,0,0,0,0,4.61786E+20,5.44297E+21,8.47609E+15,4.91384E+16
42782,42783,8,2,15,84,2016,12,17,5,3,2,6,2,0,0,1,0,0,0,0,4.73047E+20,5.44791E+21,8.63015E+15,4.91834E+16
42783,42784,8,4,25,39,2016,12,17,3,2,9,1,2,0,0,1,0,0,0,0,5.63476E+20,5.35089E+21,9.85605E+15,4.8308E+16
42784,42785,8,1,25,102,2016,12,19,5,3,5,3,2,1,0,1,0,0,0,0,5.21089E+20,5.44509E+21,9.28924E+15,4.91582E+16
42785,42786,8,4,36,95,2016,12,0,4,3,5,3,2,1,0,1,0,0,0,0,5.37123E+20,5.29503E+21,9.49582E+15,4.78075E+16
42786,42787,8,2,21,0,2016,12,0,7,3,5,2,2,0,0,1,0,0,0,0,4.75062E+20,5.46987E+21,8.65643E+15,4.9381E+16
42787,42788,8,2,16,43,2016,12,7,4,3,4,3,1,0,1,1,0,0,0,0,4.41022E+20,5.41208E+21,8.19592E+15,4.88589E+16
42788,42789,8,3,17,5,2016,12,17,7,2,3,6,1,0,0,1,0,0,0,0,4.23878E+20,5.38116E+21,7.96793E+15,4.85789E+16
42789,42790,8,1,18,79,2016,12,18,4,3,0,7,2,0,0,0,0,1,0,0,5.10404E+20,5.424E+21,9.14215E+15,4.89688E+16
42790,42791,8,2,26,10,2016,12,7,3,3,2,6,0,0,0,1,0,0,0,0,4.84283E+20,5.45725E+21,8.78396E+15,4.92678E+16
42791,42792,8,2,16,43,2016,12,15,4,3,2,7,0,0,0,1,0,0,0,0,4.40501E+20,5.41153E+21,8.1889E+15,4.88539E+16
42792,42793,8,3,35,75,2016,12,18,3,3,4,2,2,1,0,1,0,0,0,0,4.92922E+20,5.2896E+21,8.90555E+15,4.77597E+16
42793,42794,8,4,15,50,2016,12,11,4,3,2,2,0,0,0,1,0,0,0,0,5.19617E+20,5.37287E+21,9.26561E+15,4.85087E+16
42794,42795,8,4,15,62,2016,12,14,1,3,2,6,0,1,0,1,0,0,0,0,5.19191E+20,5.37848E+21,9.26009E+15,4.85591E+16
42795,42796,8,3,26,74,2016,12,16,2,3,2,6,1,1,0,1,0,0,0,0,4.59679E+20,5.32447E+21,8.45871E+15,4.80722E+16
42796,42797,8,1,11,0,2016,12,7,5,3,6,2,2,1,0,1,1,0,0,0,5.14953E+20,5.40459E+21,9.2036E+15,4.87942E+16
42797,42798,8,1,27,43,2016,12,0,2,2,9,1,2,1,0,0,0,0,1,0,5.65919E+20,5.44762E+21,9.90447E+15,4.91778E+16
42798,42799,8,1,28,131,2016,12,17,7,3,5,3,2,1,0,1,0,0,0,0,5.42347E+20,5.51327E+21,9.58809E+15,4.97704E+16
42799,42800,8,4,25,8,2016,12,14,1,2,5,3,0,1,0,1,0,0,0,0,5.63956E+20,5.38182E+21,9.86724E+15,4.85862E+16
42800,42801,8,1,25,24,2016,12,9,7,3,4,1,0,0,0,1,0,0,0,0,5.23626E+20,5.44344E+21,9.32394E+15,4.91433E+16
42801,42802,8,2,22,0,2016,12,15,3,3,1,5,0,0,1,1,0,0,0,0,4.62698E+20,5.48254E+21,8.4849E+15,4.94944E+16
42802,42803,8,2,22,0,2016,12,0,6,3,2,6,2,1,0,1,0,0,1,0,4.65422E+20,5.48017E+21,8.52271E+15,4.94732E+16
42803,42804,8,1,26,66,2016,12,16,6,3,6,2,2,0,0,1,1,0,0,0,5.35716E+20,5.45089E+21,9.49037E+15,4.92098E+16
42804,42805,8,4,26,21,2016,12,13,4,3,6,3,0,0,0,1,1,0,0,0,5.58586E+20,5.32717E+21,9.78683E+15,4.80951E+16
42805,42806,8,1,16,35,2016,12,0,4,3,8,7,2,0,0,1,0,0,0,0,5.25812E+20,5.39118E+21,9.35062E+15,4.86731E+16
42806,42807,8,2,36,74,2016,12,8,6,3,9,1,0,0,0,1,0,0,0,0,4.71849E+20,5.41909E+21,8.6157E+15,4.89241E+16
42807,42808,8,1,36,10,2016,12,17,6,3,5,3,2,1,0,1,0,0,1,0,6.0063E+20,5.4116E+21,1.03717E+16,4.88492E+16
42808,42809,8,2,15,17,2016,12,15,7,3,2,6,0,0,0,1,0,0,0,1,4.52959E+20,5.41969E+21,8.35777E+15,4.89283E+16
42809,42810,8,1,35,15,2016,12,13,4,3,5,3,0,0,0,1,0,0,0,0,5.7585E+20,5.38729E+21,1.00295E+16,4.86341E+16
42810,42811,8,2,36,73,2016,12,0,3,3,5,3,2,1,0,1,0,0,0,0,4.80184E+20,5.42359E+21,8.72927E+15,4.89649E+16
42811,42812,8,3,35,100,2016,12,7,4,3,1,1,2,2,0,1,0,0,0,0,4.87473E+20,5.28533E+21,8.83296E+15,4.77212E+16
42812,42813,8,3,27,46,2016,12,9,1,3,0,1,0,2,1,0,0,0,0,0,4.80615E+20,5.32443E+21,8.73977E+15,4.80728E+16
42813,42814,8,3,15,113,2016,12,17,2,2,2,1,2,1,0,1,0,0,0,0,4.40669E+20,5.30759E+21,8.20587E+15,4.79189E+16
42814,42815,8,4,36,69,2016,12,12,4,3,5,3,0,0,0,1,0,0,0,0,5.53262E+20,5.29167E+21,9.71094E+15,4.77762E+16
42815,42816,8,1,25,13,2016,12,10,2,3,5,3,0,1,0,1,0,0,0,0,5.06474E+20,5.43339E+21,9.08861E+15,4.90534E+16
42816,42817,8,3,15,70,2016,12,11,1,3,9,7,0,1,0,1,0,0,0,0,4.51447E+20,5.3004E+21,8.35093E+15,4.78551E+16
42817,42818,8,1,11,0,2016,12,0,1,3,2,6,2,0,0,1,0,0,0,0,5.16274E+20,5.40402E+21,9.22156E+15,4.87889E+16
42818,42819,8,1,25,65,2016,12,11,4,2,0,1,0,0,0,0,0,0,1,0,5.17005E+20,5.45003E+21,9.23344E+15,4.92029E+16
42819,42820,8,1,17,30,2016,12,11,7,3,1,6,0,0,0,1,0,0,0,0,5.47954E+20,5.38994E+21,9.65121E+15,4.86606E+16
42820,42821,8,2,15,64,2016,12,8,3,3,9,1,0,2,0,1,0,0,0,0,4.8506E+20,5.44795E+21,8.79499E+15,4.91841E+16
42821,42822,8,3,35,97,2016,12,11,6,3,5,3,0,0,1,1,0,0,0,0,4.85035E+20,5.29663E+21,8.80007E+15,4.78229E+16
42822,42823,8,2,15,7,2016,12,14,6,3,2,6,0,1,0,1,0,0,0,0,4.77628E+20,5.43205E+21,8.69388E+15,4.90409E+16
42823,42824,8,1,18,48,2016,12,19,6,3,2,6,2,0,0,1,0,0,0,0,5.14217E+20,5.41623E+21,9.19398E+15,4.88988E+16
42824,42825,8,4,15,78,2016,12,17,4,3,4,6,2,1,0,1,0,0,1,0,5.31774E+20,5.37072E+21,9.43003E+15,4.84888E+16
42825,42826,8,3,15,111,2016,12,16,4,2,5,3,0,0,1,1,0,0,0,0,4.01543E+20,5.29916E+21,7.68421E+15,4.78382E+16
42826,42827,8,1,17,26,2016,12,15,4,3,5,3,0,0,0,1,0,1,0,0,5.45259E+20,5.39564E+21,9.61524E+15,4.87122E+16
42827,42828,8,1,35,16,2016,12,13,3,3,5,3,0,1,0,1,0,0,0,0,5.86853E+20,5.38269E+21,1.01779E+16,4.85912E+16
42828,42829,8,1,16,49,2016,12,10,3,3,2,6,0,0,0,1,0,0,1,0,5.24127E+20,5.38501E+21,9.32736E+15,4.86177E+16
42829,42830,8,4,15,50,2016,12,16,5,3,5,2,0,1,1,1,0,0,0,0,5.21417E+20,5.37675E+21,9.29016E+15,4.85435E+16
42830,42831,8,3,36,84,2016,12,16,5,3,5,3,1,0,0,1,0,0,0,1,4.07845E+20,5.28189E+21,7.77208E+15,4.76838E+16
42831,42832,8,4,25,39,2016,12,12,3,2,8,1,0,0,0,1,0,0,0,0,5.6818E+20,5.34868E+21,9.91912E+15,4.82876E+16
42832,42833,8,1,36,19,2016,12,7,5,3,4,6,1,1,0,1,0,0,0,0,5.88897E+20,5.42166E+21,1.0214E+16,4.89415E+16
42833,42834,8,1,16,78,2016,12,22,5,3,2,6,2,0,0,1,0,0,0,0,5.13541E+20,5.39157E+21,9.18394E+15,4.8677E+16
42834,42835,8,3,15,70,2016,12,15,4,1,4,6,0,0,0,1,0,0,1,0,4.52907E+20,5.30403E+21,8.37006E+15,4.78878E+16
42835,42836,8,3,17,56,2016,12,9,1,3,2,6,0,1,0,1,0,0,0,0,4.35243E+20,5.38232E+21,8.12182E+15,4.85906E+16
42836,42837,8,2,35,84,2016,12,10,2,2,9,1,0,1,0,1,0,0,0,0,4.76477E+20,5.39378E+21,8.68033E+15,4.86966E+16
42837,42838,8,1,25,46,2016,12,20,4,3,5,3,2,0,0,1,0,0,0,0,5.20306E+20,5.43369E+21,9.27794E+15,4.90558E+16
42838,42839,8,2,15,108,2016,12,18,3,3,4,2,2,0,0,1,0,0,0,0,4.48903E+20,5.42341E+21,8.30194E+15,4.89615E+16
42839,42840,8,4,37,78,2016,12,14,5,3,5,2,0,1,1,1,0,0,0,0,5.08755E+20,5.31554E+21,9.11735E+15,4.79931E+16
42840,42841,8,1,18,48,2016,12,7,5,3,1,6,1,1,0,1,0,0,0,0,5.10898E+20,5.4147E+21,9.14866E+15,4.88851E+16
42841,42842,8,3,17,1,2016,12,6,4,2,5,3,2,1,0,1,0,0,0,0,4.31889E+20,5.38329E+21,8.07617E+15,4.8599E+16
42842,42843,8,3,25,53,2016,12,9,1,2,4,1,0,2,0,1,0,0,0,0,4.58686E+20,5.34154E+21,8.44372E+15,4.82257E+16
42843,42844,8,2,15,66,2016,12,12,2,2,4,6,0,1,0,1,0,0,0,0,4.59798E+20,5.44986E+21,8.44814E+15,4.92002E+16
42844,42845,8,1,15,28,2016,12,19,2,3,0,6,2,0,0,1,0,0,0,0,5.02008E+20,5.40535E+21,9.02734E+15,4.88012E+16
42845,42846,8,2,25,9,2016,12,21,1,3,2,6,2,1,0,1,0,0,0,0,5.17922E+20,5.46425E+21,9.24667E+15,4.93307E+16
42846,42847,8,4,26,70,2016,12,2,7,3,9,1,2,0,0,1,0,0,0,0,5.64778E+20,5.34323E+21,9.87243E+15,4.82389E+16
42847,42848,8,1,18,48,2016,12,8,4,3,2,6,0,1,0,1,0,0,0,0,5.12654E+20,5.41725E+21,9.17269E+15,4.8908E+16
42848,42849,8,4,37,104,2016,12,18,6,3,6,2,2,1,0,1,1,0,0,0,5.17737E+20,5.32665E+21,9.2382E+15,4.80928E+16
42849,42850,8,2,12,0,2016,12,19,3,3,2,6,2,0,0,1,0,0,0,0,4.57103E+20,5.42688E+21,8.4136E+15,4.89933E+16
42850,42851,8,3,35,55,2016,12,14,6,2,4,6,0,0,0,1,0,0,0,0,4.94255E+20,5.2841E+21,8.92342E+15,4.77103E+16
42851,42852,8,1,16,71,2016,12,20,6,2,9,1,2,0,0,1,0,0,0,0,5.27168E+20,5.39045E+21,9.36898E+15,4.86665E+16
42852,42853,8,3,36,84,2016,12,12,4,3,2,6,0,1,0,1,0,0,0,0,4.05145E+20,5.27678E+21,7.73721E+15,4.76375E+16
42853,42854,8,2,26,18,2016,12,23,4,2,8,1,2,0,0,1,0,0,0,0,4.7378E+20,5.4707E+21,8.6387E+15,4.93885E+16
42854,42855,8,1,16,49,2016,12,15,4,3,8,7,0,0,0,1,0,0,0,0,5.25548E+20,5.3871E+21,9.34677E+15,4.86364E+16
42855,42856,8,1,26,11,2016,12,17,3,3,5,3,2,0,0,1,0,0,0,0,5.29791E+20,5.44766E+21,9.40878E+15,4.9181E+16
42856,42857,8,1,11,0,2016,12,8,3,3,6,4,1,1,0,1,1,0,0,0,5.11237E+20,5.40631E+21,9.15305E+15,4.88096E+16
42857,42858,8,3,17,41,2016,12,8,5,3,2,6,0,1,0,1,0,0,1,0,4.3588E+20,5.34801E+21,8.13571E+15,4.8282E+16
42858,42859,8,2,15,66,2016,12,21,2,3,5,3,2,0,0,1,0,0,0,0,4.57284E+20,5.45334E+21,8.41327E+15,4.92313E+16
42859,42860,8,2,26,81,2016,12,16,5,3,8,1,0,1,0,1,0,0,0,0,4.9854E+20,5.47284E+21,8.97988E+15,4.94083E+16
42860,42861,8,4,16,31,2016,12,17,3,3,2,6,2,0,0,1,0,0,0,0,5.02311E+20,5.36212E+21,9.03124E+15,4.84122E+16
42861,42862,8,1,27,76,2016,12,19,5,3,5,2,2,1,0,1,0,0,0,0,5.52463E+20,5.4396E+21,9.71881E+15,4.9107E+16
42862,42863,8,1,11,0,2016,12,16,5,3,2,6,2,0,0,1,0,0,0,0,5.11973E+20,5.40857E+21,9.16315E+15,4.883E+16
42863,42864,8,2,26,85,2016,12,17,7,3,8,1,2,0,0,0,0,1,0,0,4.92981E+20,5.45486E+21,8.90355E+15,4.92465E+16
42864,42865,8,2,26,32,2016,12,18,4,3,2,6,2,0,0,1,0,0,0,1,4.66195E+20,5.46238E+21,8.53489E+15,4.93133E+16
42865,42866,8,1,27,102,2016,12,0,1,3,8,1,2,2,0,1,0,0,0,0,5.86864E+20,5.43693E+21,1.01895E+16,4.90791E+16
42866,42867,8,1,19,61,2016,12,6,3,3,4,1,1,2,0,1,0,0,0,0,5.36276E+20,5.41606E+21,9.49494E+15,4.88964E+16
42867,42868,8,3,25,61,2016,12,14,7,3,5,2,0,0,0,1,0,0,0,0,4.74553E+20,5.35487E+21,8.65657E+15,4.83465E+16
42868,42869,8,2,15,99,2016,12,13,6,3,4,1,0,0,0,1,0,0,0,0,4.64167E+20,5.44467E+21,8.50857E+15,4.91538E+16
42869,42870,8,2,12,0,2016,12,8,4,3,2,6,0,0,0,1,0,0,0,0,4.54788E+20,5.42698E+21,8.38194E+15,4.89941E+16
42870,42871,8,3,26,12,2016,12,6,3,2,5,3,2,2,0,1,0,0,0,1,4.56577E+20,5.31653E+21,8.41788E+15,4.80006E+16
42871,42872,8,1,11,0,2016,12,10,2,2,2,1,0,0,0,1,0,0,0,0,5.12615E+20,5.40777E+21,9.17186E+15,4.88228E+16
42872,42873,8,3,17,1,2016,12,7,4,3,3,6,2,0,0,1,0,0,0,1,4.28586E+20,5.38863E+21,8.03047E+15,4.86466E+16
42873,42874,8,1,36,45,2016,12,11,1,3,9,1,0,1,0,1,0,0,0,0,6.03792E+20,5.40348E+21,1.04127E+16,4.87756E+16
42874,42875,8,1,19,79,2016,12,20,3,2,2,6,2,1,0,1,0,0,0,0,5.226E+20,5.40698E+21,9.30785E+15,4.88154E+16
42875,42876,8,4,16,26,2016,12,15,7,3,8,1,0,0,0,1,0,0,0,0,5.05827E+20,5.36492E+21,9.07878E+15,4.84374E+16
42876,42877,8,1,17,15,2016,12,7,4,3,6,4,1,0,0,1,1,0,0,0,5.5972E+20,5.39285E+21,9.8114E+15,4.86859E+16
42877,42878,8,4,25,20,2016,12,4,6,3,9,1,2,1,0,1,0,0,0,0,5.57497E+20,5.36309E+21,9.77709E+15,4.84183E+16
42878,42879,8,1,36,9,2016,12,7,3,3,2,6,0,0,0,1,0,0,0,0,5.68075E+20,5.40796E+21,9.9274E+15,4.88209E+16
42879,42880,8,3,17,96,2016,12,17,6,3,5,2,2,1,0,1,0,0,0,0,4.21637E+20,5.37035E+21,7.93958E+15,4.84814E+16
42880,42881,8,4,17,79,2016,12,13,4,1,4,6,0,0,0,1,0,0,0,0,4.95368E+20,5.34017E+21,8.93764E+15,4.82147E+16
42881,42882,8,2,37,40,2016,12,7,4,3,5,3,1,1,0,1,0,0,1,0,4.76783E+20,5.37031E+21,8.6858E+15,4.84855E+16
42882,42883,8,4,25,91,2016,12,18,3,3,4,1,2,1,0,1,0,0,0,0,5.54621E+20,5.33651E+21,9.73479E+15,4.81795E+16
42883,42884,8,1,19,20,2016,12,15,3,3,2,6,0,0,0,1,0,0,0,0,5.19292E+20,5.40511E+21,9.2627E+15,4.87987E+16
42884,42885,8,4,37,76,2016,12,10,2,3,4,1,0,1,0,1,0,0,0,0,5.20764E+20,5.32072E+21,9.27856E+15,4.80394E+16
42885,42886,8,1,16,33,2016,12,13,5,3,2,6,0,1,0,1,0,0,1,0,5.33572E+20,5.38666E+21,9.45565E+15,4.86321E+16
42886,42887,8,2,16,7,2016,12,15,2,2,2,7,0,0,0,1,0,0,0,1,4.35666E+20,5.3998E+21,8.12484E+15,4.87478E+16
42887,42888,8,2,15,47,2016,12,14,5,3,2,6,0,1,0,1,0,0,1,0,4.59783E+20,5.41527E+21,8.45138E+15,4.8889E+16
42888,42889,8,4,16,36,2016,12,18,3,3,5,3,2,1,0,1,0,0,0,0,4.97733E+20,5.37279E+21,8.96931E+15,4.85083E+16
42889,42890,8,1,21,0,2016,12,17,5,3,2,6,2,0,0,1,0,0,0,0,5.16421E+20,5.44187E+21,9.22509E+15,4.91294E+16
42890,42891,8,4,25,36,2016,12,7,4,3,2,2,1,2,0,1,0,0,0,1,5.48805E+20,5.34032E+21,9.65699E+15,4.82142E+16
42891,42892,8,2,15,84,2016,12,11,7,3,2,6,0,0,0,1,0,0,0,0,4.73253E+20,5.44809E+21,8.63296E+15,4.9185E+16
42892,42893,8,1,27,8,2016,12,18,1,2,6,4,2,1,0,1,1,0,0,0,5.71482E+20,5.46222E+21,9.9834E+15,4.93085E+16
42893,42894,8,2,12,0,2016,12,18,4,3,5,2,2,0,0,1,0,0,0,0,4.59029E+20,5.42833E+21,8.43977E+15,4.90065E+16
42894,42895,8,2,12,0,2016,12,11,6,3,3,6,0,0,0,1,0,0,1,0,4.58756E+20,5.42612E+21,8.43627E+15,4.89866E+16
42895,42896,8,3,15,94,2016,12,16,7,3,0,1,1,2,0,0,0,1,0,0,4.29655E+20,5.31342E+21,8.05752E+15,4.79702E+16
42896,42897,8,1,18,63,2016,12,15,4,3,2,6,0,0,0,1,0,0,0,0,5.15996E+20,5.42305E+21,9.21852E+15,4.89602E+16
42897,42898,8,2,35,32,2016,12,17,3,3,5,3,2,0,0,1,0,0,0,0,4.74605E+20,5.37425E+21,8.65609E+15,4.85208E+16
42898,42899,8,3,35,100,2016,12,7,4,3,9,1,2,2,0,0,0,0,0,1,4.87759E+20,5.28544E+21,8.83678E+15,4.77222E+16
42899,42900,8,3,35,79,2016,12,0,1,3,2,1,2,1,0,1,0,0,0,0,4.97895E+20,5.29784E+21,8.97187E+15,4.78339E+16
42900,42901,8,3,17,89,2016,12,13,2,3,5,2,0,0,0,1,0,0,0,0,4.30886E+20,5.37636E+21,8.06373E+15,4.85365E+16
42901,42902,8,1,11,0,2016,12,22,5,3,5,2,2,0,1,1,0,0,0,0,5.1581E+20,5.4055E+21,9.2153E+15,4.88023E+16
42902,42903,8,1,25,98,2016,12,14,2,2,4,6,0,0,0,1,0,0,1,0,5.27157E+20,5.43723E+21,9.37194E+15,4.90873E+16
42903,42904,8,2,36,33,2016,12,10,4,3,1,2,0,0,0,1,0,0,0,0,4.82854E+20,5.4305E+21,8.76546E+15,4.90272E+16
42904,42905,8,3,25,61,2016,12,14,3,3,2,6,0,0,0,1,0,0,1,0,4.73866E+20,5.35248E+21,8.64744E+15,4.8325E+16
42905,42906,8,4,15,50,2016,12,22,2,3,9,1,2,2,0,1,0,0,0,0,5.20746E+20,5.37214E+21,9.28084E+15,4.8502E+16
42906,42907,8,1,15,3,2016,12,6,5,3,5,2,1,1,0,1,0,1,0,0,5.0012E+20,5.3922E+21,9.00163E+15,4.86828E+16
42907,42908,8,1,36,19,2016,12,7,2,3,5,3,2,1,0,1,0,0,0,0,5.87888E+20,5.41926E+21,1.01997E+16,4.892E+16
42908,42909,8,1,15,28,2016,12,7,5,3,1,6,1,0,0,1,0,0,0,0,5.02252E+20,5.40157E+21,9.03064E+15,4.87671E+16
42909,42910,8,3,36,103,2016,12,15,3,3,2,6,0,0,0,1,0,0,0,0,4.13557E+20,5.28392E+21,7.84777E+15,4.77029E+16
42910,42911,8,1,36,43,2016,12,14,7,3,2,6,0,0,0,1,0,0,0,0,5.72185E+20,5.40815E+21,9.98341E+15,4.88222E+16
42911,42912,8,1,17,49,2016,12,19,1,3,5,3,2,1,0,1,0,0,0,0,5.53874E+20,5.39095E+21,9.73174E+15,4.86693E+16
42912,42913,8,2,31,0,2016,12,9,6,2,6,4,0,0,0,1,1,0,0,0,4.78448E+20,5.41601E+21,8.70595E+15,4.88966E+16
42913,42914,8,1,27,14,2016,12,15,6,3,2,6,0,1,0,1,0,0,0,0,5.73802E+20,5.44347E+21,1.00119E+16,4.91396E+16
42914,42915,8,1,27,8,2016,12,18,4,3,5,3,2,0,0,1,0,0,0,0,5.75028E+20,5.46103E+21,1.00319E+16,4.92974E+16
42915,42916,8,2,22,0,2016,12,7,3,3,2,6,2,0,0,1,0,0,0,0,4.65123E+20,5.47958E+21,8.51864E+15,4.94679E+16
42916,42917,8,1,15,24,2016,12,14,6,3,2,6,0,0,0,1,0,0,0,0,5.00985E+20,5.38641E+21,9.01336E+15,4.86307E+16
42917,42918,8,3,27,2,2016,12,12,4,3,5,3,0,1,0,1,0,0,0,0,4.7731E+20,5.32874E+21,8.69517E+15,4.81115E+16
42918,42919,8,3,25,69,2016,12,11,1,3,0,1,0,2,0,1,0,0,0,0,4.6368E+20,5.33536E+21,8.5115E+15,4.81704E+16
42919,42920,8,3,15,15,2016,12,16,2,3,5,3,0,0,0,1,0,0,0,0,3.95932E+20,5.31937E+21,7.60437E+15,4.80192E+16
42920,42921,8,4,37,88,2016,12,16,4,2,8,1,2,1,0,1,0,0,0,0,5.1334E+20,5.30425E+21,9.17846E+15,4.78915E+16
42921,42922,8,1,19,79,2016,12,17,2,3,2,6,1,0,0,1,0,0,0,0,5.25557E+20,5.40717E+21,9.34813E+15,4.8817E+16
42922,42923,8,2,31,0,2016,12,17,1,3,9,1,2,1,0,1,0,0,0,0,4.79501E+20,5.4183E+21,8.7202E+15,4.89173E+16
42923,42924,8,4,37,76,2016,12,17,7,3,5,3,2,0,0,1,0,0,0,0,5.25723E+20,5.32276E+21,9.34522E+15,4.80576E+16
42924,42925,8,1,21,0,2016,12,10,4,3,2,6,0,0,0,1,0,0,0,0,5.13538E+20,5.4443E+21,9.18565E+15,4.91514E+16
42925,42926,8,1,15,28,2016,12,14,7,3,0,7,0,0,1,0,0,0,0,1,4.98872E+20,5.40137E+21,8.98465E+15,4.87653E+16
42926,42927,8,1,36,88,2016,12,8,3,2,8,1,0,0,0,0,0,0,0,1,5.74011E+20,5.41337E+21,1.00092E+16,4.88688E+16
42927,42928,8,3,35,43,2016,12,9,6,3,0,1,0,2,1,0,0,0,0,0,5.1219E+20,5.27937E+21,9.16237E+15,4.76676E+16
42928,42929,8,2,11,0,2016,12,18,6,3,2,6,2,0,0,1,0,0,0,0,4.43474E+20,5.40171E+21,8.23077E+15,4.87659E+16
42929,42930,8,1,11,0,2016,12,16,6,3,2,6,0,0,0,1,0,0,0,0,5.06153E+20,5.39602E+21,9.08364E+15,4.87171E+16
42930,42931,8,1,26,46,2016,12,7,7,3,8,1,0,2,0,1,0,0,0,0,5.53404E+20,5.4575E+21,9.73409E+15,4.92679E+16
42931,42932,8,1,16,47,2016,12,3,1,3,5,3,2,1,0,1,0,0,0,0,5.20679E+20,5.39306E+21,9.28099E+15,4.86902E+16
42932,42933,8,1,36,88,2016,12,15,4,3,0,6,0,0,0,1,0,0,0,1,5.76079E+20,5.41459E+21,1.00377E+16,4.88796E+16
42933,42934,8,1,19,91,2016,12,0,7,3,2,6,2,0,0,1,0,0,0,0,5.29748E+20,5.40706E+21,9.40522E+15,4.88158E+16
42934,42935,8,1,17,10,2016,12,6,3,2,6,4,2,1,0,1,1,0,0,0,5.68622E+20,5.39283E+21,9.93233E+15,4.86847E+16
42935,42936,8,2,26,12,2016,12,10,6,3,5,3,0,0,0,1,0,0,0,0,4.75779E+20,5.47643E+21,8.66591E+15,4.944E+16
42936,42937,8,1,25,69,2016,12,17,6,2,4,1,2,1,0,1,0,1,0,0,5.22226E+20,5.4538E+21,9.30532E+15,4.92366E+16
42937,42938,8,4,26,120,2016,12,12,4,3,8,1,0,1,0,1,0,0,0,0,5.6094E+20,5.32279E+21,9.81781E+15,4.80555E+16
42938,42939,8,1,18,81,2016,12,6,4,3,2,6,2,1,0,1,0,0,0,0,5.18194E+20,5.41182E+21,9.24805E+15,4.88591E+16
42939,42940,8,1,16,35,2016,12,16,3,3,2,6,1,0,0,1,0,0,1,0,5.2517E+20,5.3916E+21,9.34191E+15,4.86769E+16
42940,42941,8,4,36,64,2016,12,12,5,3,2,6,0,0,0,1,0,0,0,0,5.46526E+20,5.29096E+21,9.62097E+15,4.77703E+16
42941,42942,8,1,18,80,2016,12,8,5,3,2,7,0,0,0,1,0,0,1,0,5.06152E+20,5.40843E+21,9.08382E+15,4.88288E+16
42942,42943,8,1,17,3,2016,12,18,5,3,2,6,2,0,0,1,0,0,0,0,5.41338E+20,5.39295E+21,9.56167E+15,4.86882E+16
42943,42944,8,3,11,0,2016,12,0,4,2,0,1,2,2,1,0,0,0,0,0,4.12333E+20,5.3186E+21,7.82442E+15,4.80147E+16
42944,42945,8,3,17,40,2016,12,19,1,3,2,6,2,1,0,1,0,0,0,0,4.31763E+20,5.34798E+21,8.08022E+15,4.82813E+16
42945,42946,8,2,15,102,2016,12,22,2,3,5,3,2,0,0,1,0,0,0,0,4.55616E+20,5.43573E+21,8.3923E+15,4.90729E+16
42946,42947,8,1,15,3,2016,12,10,2,3,2,6,0,1,0,1,0,0,0,0,4.97779E+20,5.39279E+21,8.96983E+15,4.86882E+16
42947,42948,8,2,26,31,2016,12,19,4,3,2,6,2,0,0,1,0,0,0,0,4.7355E+20,5.49348E+21,8.63401E+15,4.95934E+16
42948,42949,8,2,16,7,2016,12,0,1,2,4,1,2,1,0,1,0,0,0,0,4.37253E+20,5.39428E+21,8.14727E+15,4.86984E+16
42949,42950,8,4,17,22,2016,12,11,7,3,2,2,0,0,0,1,0,0,0,0,4.85878E+20,5.34873E+21,8.80962E+15,4.82917E+16
42950,42951,8,1,18,46,2016,12,15,4,3,1,6,0,1,0,1,0,0,0,0,5.1448E+20,5.41253E+21,9.19744E+15,4.88655E+16
42951,42952,8,4,35,16,2016,12,18,6,3,5,3,2,0,1,1,0,0,0,0,5.34392E+20,5.27802E+21,9.45801E+15,4.76547E+16
42952,42953,8,1,28,115,2016,12,10,3,3,4,2,0,0,0,1,0,0,0,0,5.49805E+20,5.49504E+21,9.68934E+15,4.96059E+16