FID,OBJECTID,ULAND,UREGBEZ,UKREIS,UGEMEINDE,UJAHR,UMONAT,USTUNDE,UWOCHENTAG,UKATEGORIE,UART,UTYP1,ULICHTVERH,IstStrasse,IstRad,IstPKW,IstFuss,IstKrad,IstGkfz,IstSonstig,LINREFX,LINREFY,XGCSWGS84,YGCSWGS84
42953,42954,8,3,26,10,2016,12,12,6,3,5,3,0,0,0,1,0,0,0,0,4.6683E+20,5.32657E+21,8.55455E+15,4.80915E+16
42954,42955,8,4,35,16,2016,12,2,4,3,9,1,2,0,0,1,0,0,0,0,5.38334E+20,5.28206E+21,9.51084E+15,4.76908E+16
42955,42956,8,2,12,0,2016,12,5,4,2,9,1,2,1,0,1,0,0,0,0,4.58176E+20,5.42703E+21,8.42825E+15,4.89947E+16
42956,42957,8,4,35,59,2016,12,7,3,3,5,3,1,1,1,1,0,0,0,0,5.12689E+20,5.29068E+21,9.16935E+15,4.77693E+16
42957,42958,8,1,21,0,2016,12,11,3,2,5,3,0,1,1,1,0,0,0,0,5.16234E+20,5.44448E+21,9.22263E+15,4.91529E+16
42958,42959,8,4,37,100,2016,12,17,2,3,5,3,2,1,0,1,0,0,0,0,5.3688E+20,5.31817E+21,9.49455E+15,4.80157E+16
42959,42960,8,3,17,34,2016,12,23,5,3,3,2,2,1,0,1,0,1,0,0,4.26666E+20,5.36217E+21,8.00906E+15,4.84084E+16
42960,42961,8,2,15,97,2016,12,13,2,3,9,1,0,1,0,1,0,0,0,0,4.80244E+20,5.43861E+21,8.72936E+15,4.91E+16
42961,42962,8,2,21,0,2016,12,18,5,3,3,2,2,0,1,1,0,0,0,0,4.76376E+20,5.47181E+21,8.67441E+15,4.93985E+16
42962,42963,8,3,35,43,2016,12,18,3,3,1,5,1,0,0,1,0,1,0,0,5.13252E+20,5.28041E+21,9.17656E+15,4.76769E+16
42963,42964,8,4,15,61,2016,12,18,4,3,2,1,2,1,1,1,0,0,0,0,5.15366E+20,5.37079E+21,9.20797E+15,4.849E+16
42964,42965,8,3,36,84,2016,12,15,4,3,5,3,0,1,0,1,0,0,0,0,4.06544E+20,5.27731E+21,7.75573E+15,4.76425E+16
42965,42966,8,1,16,49,2016,12,11,4,3,5,3,0,0,0,1,0,0,0,0,5.25444E+20,5.3859E+21,9.34529E+15,4.86256E+16
42966,42967,8,1,27,25,2016,12,9,3,3,4,6,0,1,0,1,0,0,0,0,5.55264E+20,5.42961E+21,9.75583E+15,4.90169E+16
42967,42968,8,1,15,52,2016,12,9,3,3,1,1,0,0,0,1,0,0,0,1,4.94534E+20,5.41041E+21,8.9255E+15,4.88466E+16
42968,42969,8,3,37,123,2016,12,12,5,2,4,6,0,0,0,1,0,0,1,0,4.51679E+20,5.27811E+21,8.35651E+15,4.76545E+16
42969,42970,8,2,21,0,2016,12,21,2,3,4,2,2,1,0,1,0,0,0,0,4.76377E+20,5.47181E+21,8.67443E+15,4.93985E+16
42970,42971,8,2,36,19,2016,12,6,5,3,6,2,2,0,0,1,1,0,0,0,4.88404E+20,5.40933E+21,8.84198E+15,4.88368E+16
42971,42972,8,4,36,95,2016,12,12,3,2,8,1,0,1,0,1,0,0,0,0,5.37173E+20,5.29553E+21,9.49652E+15,4.78121E+16
42972,42973,8,1,35,19,2016,12,18,5,3,2,6,2,1,0,1,0,0,0,0,5.8128E+20,5.39247E+21,1.01042E+16,4.868E+16
42973,42974,8,1,15,28,2016,12,17,5,3,2,6,2,0,0,1,0,0,0,0,5.02558E+20,5.40232E+21,9.03481E+15,4.87739E+16
42974,42975,8,2,31,0,2016,12,7,2,3,5,3,1,1,0,1,0,0,0,0,4.77778E+20,5.41725E+21,8.69674E+15,4.89078E+16
42975,42976,8,1,11,0,2016,12,14,2,3,2,6,0,0,0,1,0,0,0,0,5.13642E+20,5.403E+21,9.1857E+15,4.87798E+16
42976,42977,8,2,35,22,2016,12,13,4,3,5,1,0,0,0,1,0,0,0,0,4.71846E+20,5.37829E+21,8.61845E+15,4.85571E+16
42977,42978,8,1,35,26,2016,12,19,1,3,9,1,2,1,0,1,0,0,0,0,5.89716E+20,5.39483E+21,1.02193E+16,4.87001E+16
42978,42979,8,1,19,3,2016,12,17,3,2,4,1,2,2,0,1,0,0,0,0,5.35844E+20,5.41633E+21,9.48907E+15,4.88988E+16
42979,42980,8,3,37,106,2016,12,23,7,2,5,3,2,0,0,1,0,0,0,0,4.53107E+20,5.29046E+21,8.3742E+15,4.77658E+16
42980,42981,8,1,16,20,2016,12,15,4,3,2,6,0,0,0,1,0,0,0,0,5.26123E+20,5.38282E+21,9.35431E+15,4.8598E+16
42981,42982,8,4,17,2,2016,12,12,6,3,2,6,0,0,0,1,0,0,0,0,4.90441E+20,5.34971E+21,8.87111E+15,4.83005E+16
42982,42983,8,3,17,57,2016,12,15,6,3,5,2,0,0,0,1,0,0,0,0,4.13151E+20,5.3812E+21,7.82251E+15,4.85779E+16
42983,42984,8,3,27,10,2016,12,18,3,3,5,3,1,1,0,1,0,0,0,0,4.80386E+20,5.32955E+21,8.73646E+15,4.81189E+16
42984,42985,8,2,36,75,2016,12,13,4,3,5,3,0,0,0,1,0,0,0,0,4.83985E+20,5.42617E+21,8.7811E+15,4.89882E+16
42985,42986,8,4,15,59,2016,12,18,3,2,5,3,2,1,0,1,0,1,0,0,5.16461E+20,5.36748E+21,9.22266E+15,4.84603E+16
42986,42987,8,1,18,40,2016,12,16,3,3,5,3,2,0,0,1,0,0,0,0,5.10887E+20,5.43332E+21,9.14901E+15,4.90527E+16
42987,42988,8,4,17,36,2016,12,7,2,3,5,3,1,1,0,1,0,0,0,0,5.03911E+20,5.35215E+21,9.05276E+15,4.83225E+16
42988,42989,8,1,16,78,2016,12,10,5,3,3,6,0,0,0,1,0,0,0,0,5.1232E+20,5.39404E+21,9.16743E+15,4.86993E+16
42989,42990,8,1,15,45,2016,12,6,2,2,5,3,2,1,0,1,0,0,1,0,5.0038E+20,5.39341E+21,9.00517E+15,4.86937E+16
42990,42991,8,1,25,65,2016,12,18,5,3,2,6,2,0,0,1,0,0,0,0,5.16432E+20,5.44771E+21,9.22548E+15,4.9182E+16
42991,42992,8,3,35,79,2016,12,22,3,2,9,1,2,2,0,1,0,0,0,0,4.97841E+20,5.30424E+21,8.97112E+15,4.78915E+16
42992,42993,8,1,19,41,2016,12,6,5,3,5,3,2,1,1,1,0,0,0,0,5.26135E+20,5.41148E+21,9.35629E+15,4.88557E+16
42993,42994,8,4,16,41,2016,12,14,4,3,9,6,0,1,0,1,0,0,0,0,5.02993E+20,5.37148E+21,9.04051E+15,4.84964E+16
42994,42995,8,2,11,0,2016,12,10,7,2,0,1,0,2,1,0,0,0,0,0,4.47786E+20,5.39866E+21,8.28984E+15,4.87388E+16
42995,42996,8,1,21,0,2016,12,17,1,3,6,7,2,0,0,1,1,0,0,0,5.14781E+20,5.44625E+21,9.20277E+15,4.91689E+16
42996,42997,8,1,15,28,2016,12,19,4,3,2,6,2,1,0,1,0,0,0,0,5.01527E+20,5.40273E+21,9.02078E+15,4.87775E+16
42997,42998,8,2,31,0,2016,12,13,6,3,2,6,0,0,0,1,0,0,0,0,4.7596E+20,5.41549E+21,8.67204E+15,4.88919E+16
42998,42999,8,1,18,80,2016,12,12,6,3,2,6,0,0,0,1,0,0,0,0,5.08624E+20,5.41047E+21,9.11754E+15,4.88471E+16
42999,43000,8,2,21,0,2016,12,12,7,3,2,6,0,0,0,1,0,0,0,1,4.73265E+20,5.46744E+21,8.63183E+15,4.9359E+16
43000,43001,8,1,26,47,2016,12,17,5,3,4,2,2,0,0,1,0,0,0,1,5.503E+20,5.44948E+21,9.69042E+15,4.9196E+16
43001,43002,8,4,36,81,2016,12,8,4,3,9,1,0,1,0,1,0,0,0,0,5.55997E+20,5.2787E+21,9.74577E+15,4.76593E+16
43002,43003,8,2,22,0,2016,12,19,7,3,6,4,2,0,0,1,1,0,0,0,4.66064E+20,5.47507E+21,8.53201E+15,4.94274E+16
43003,43004,8,2,21,0,2016,12,13,4,3,1,7,0,0,0,1,0,0,0,1,4.77712E+20,5.47273E+21,8.69276E+15,4.94069E+16
43004,43005,8,3,17,40,2016,12,12,7,3,5,2,0,1,0,1,0,1,0,0,4.32155E+20,5.34749E+21,8.08558E+15,4.82769E+16
43005,43006,8,1,18,3,2016,12,18,4,3,2,6,2,0,0,1,0,0,0,0,5.11314E+20,5.41715E+21,9.1544E+15,4.89072E+16
43006,43007,8,3,17,121,2016,12,7,3,3,6,4,1,0,0,1,1,0,0,0,4.2234E+20,5.34436E+21,7.95389E+15,4.82477E+16
43007,43008,8,2,16,7,2016,12,17,4,3,2,6,2,0,0,1,0,0,0,0,4.35302E+20,5.39405E+21,8.12078E+15,4.86962E+16
43008,43009,8,3,37,96,2016,12,16,3,3,2,6,1,0,0,1,0,0,0,0,4.2213E+20,5.26805E+21,7.96485E+15,4.75612E+16
43009,43010,8,4,15,14,2016,12,14,4,3,2,6,0,0,0,1,0,0,0,0,5.25159E+20,5.37478E+21,9.34075E+15,4.85256E+16
43010,43011,8,4,21,0,2016,12,18,1,2,8,7,2,1,0,1,0,0,0,0,5.72731E+20,5.35684E+21,9.98187E+15,4.83605E+16
43011,43012,8,3,35,43,2016,12,14,2,2,1,6,0,0,0,1,0,1,0,0,5.13472E+20,5.27937E+21,9.17944E+15,4.76676E+16
43012,43013,8,1,15,3,2016,12,17,5,3,2,2,2,0,0,1,0,0,0,0,4.97162E+20,5.39287E+21,8.96144E+15,4.86889E+16
43013,43014,8,1,27,104,2016,12,14,2,3,8,1,0,1,0,1,0,0,0,0,5.78523E+20,5.43584E+21,1.00751E+16,4.90704E+16
43014,43015,8,1,17,24,2016,12,15,7,3,2,6,0,0,0,1,0,0,0,0,5.61117E+20,5.38626E+21,9.82941E+15,4.86264E+16
43015,43016,8,1,35,19,2016,12,11,1,2,9,1,0,2,0,1,0,0,0,0,5.86085E+20,5.39864E+21,1.01708E+16,4.87348E+16
43016,43017,8,1,28,138,2016,12,8,3,3,2,6,0,0,0,1,0,0,0,0,5.40314E+20,5.47959E+21,9.5564E+15,4.94676E+16
43017,43018,8,2,25,58,2016,12,12,6,3,2,6,0,1,0,1,0,0,0,0,5.11273E+20,5.46881E+21,9.15529E+15,4.93718E+16
43018,43019,8,1,26,66,2016,12,17,6,3,5,3,2,0,0,1,0,0,0,0,5.36099E+20,5.45022E+21,9.49557E+15,4.92037E+16
43019,43020,8,1,26,46,2016,12,17,4,3,2,6,2,0,0,1,0,0,0,0,5.49016E+20,5.46019E+21,9.67411E+15,4.92925E+16
43020,43021,8,2,16,43,2016,12,17,3,3,5,2,2,1,0,1,0,0,0,0,4.39031E+20,5.41171E+21,8.16884E+15,4.88554E+16
43021,43022,8,1,11,0,2016,12,23,6,2,4,2,2,0,0,1,0,1,0,0,5.19544E+20,5.401E+21,9.26594E+15,4.87617E+16
43022,43023,8,1,36,88,2016,12,18,4,3,5,3,2,1,0,1,0,0,0,0,5.80959E+20,5.41258E+21,1.01038E+16,4.88609E+16
43023,43024,8,2,35,85,2016,12,6,3,3,4,6,2,1,0,0,0,0,1,1,4.76459E+20,5.39702E+21,8.67991E+15,4.87258E+16
43024,43025,8,3,35,43,2016,12,19,4,2,0,3,2,0,0,1,0,1,0,0,5.11128E+20,5.28167E+21,9.14829E+15,4.76883E+16
43025,43026,8,3,35,81,2016,12,10,1,3,9,1,0,2,0,1,0,0,0,0,4.89885E+20,5.29515E+21,8.8649E+15,4.78097E+16
43026,43027,8,3,17,1,2016,12,6,2,3,1,5,2,1,0,1,0,0,0,0,4.27935E+20,5.39152E+21,8.02112E+15,4.86726E+16
43027,43028,8,4,36,81,2016,12,14,4,3,4,6,0,0,0,1,0,0,0,0,5.59186E+20,5.27742E+21,9.78807E+15,4.76474E+16
43028,43029,8,1,25,65,2016,12,15,2,3,2,6,0,0,0,1,0,0,0,0,5.17165E+20,5.44868E+21,9.23558E+15,4.91907E+16
43029,43030,8,3,16,43,2016,12,19,1,3,2,1,2,0,0,1,0,0,0,0,4.08825E+20,5.32901E+21,7.77518E+15,4.81078E+16
43030,43031,8,1,11,0,2016,12,0,1,3,5,3,2,1,0,1,0,0,0,0,5.13183E+20,5.4101E+21,9.17968E+15,4.88437E+16
43031,43032,8,1,26,11,2016,12,5,4,1,6,4,2,0,0,0,1,0,0,1,5.30206E+20,5.4474E+21,9.41446E+15,4.91787E+16
43032,43033,8,1,17,51,2016,12,14,7,3,1,7,0,0,0,1,0,0,0,0,5.43052E+20,5.39499E+21,9.58517E+15,4.87065E+16
43033,43034,8,1,27,73,2016,12,6,3,2,4,2,2,1,0,1,0,0,1,0,5.78188E+20,5.44855E+21,1.0073E+16,4.91848E+16
43034,43035,8,3,36,50,2016,12,12,6,3,5,2,0,0,0,1,0,0,0,0,3.99801E+20,5.27466E+21,7.66659E+15,4.76176E+16
43035,43036,8,2,16,43,2016,12,19,6,3,2,7,2,0,0,1,0,0,0,0,4.43845E+20,5.41124E+21,8.23452E+15,4.88516E+16
43036,43037,8,1,18,73,2016,12,17,6,3,2,7,2,0,0,1,0,0,0,0,5.0169E+20,5.41627E+21,9.02306E+15,4.88994E+16
43037,43038,8,4,21,0,2016,12,18,4,2,2,6,2,0,0,1,0,0,0,0,5.75249E+20,5.36603E+21,1.00175E+16,4.84429E+16
43038,43039,8,3,16,43,2016,12,17,4,3,4,6,2,0,0,1,0,0,0,0,4.10291E+20,5.3303E+21,7.7946E+15,4.81196E+16
43039,43040,8,1,17,26,2016,12,11,4,2,3,6,0,0,0,1,0,0,0,0,5.48948E+20,5.39362E+21,9.66515E+15,4.86937E+16
43040,43041,8,1,36,27,2016,12,11,3,3,5,3,0,0,0,1,0,0,0,0,5.54422E+20,5.42054E+21,9.74309E+15,4.89353E+16
43041,43042,8,4,26,21,2016,12,17,5,3,4,6,2,0,0,1,0,0,1,0,5.6445E+20,5.32521E+21,9.86529E+15,4.80769E+16
43042,43043,8,3,15,31,2016,12,6,5,2,8,1,2,2,0,1,0,0,0,0,4.48261E+20,5.31514E+21,8.30657E+15,4.79875E+16
43043,43044,8,3,27,46,2016,12,15,3,2,6,4,0,1,0,1,1,0,0,0,4.80849E+20,5.32427E+21,8.74292E+15,4.80714E+16
43044,43045,8,1,36,34,2016,12,13,5,3,5,3,0,0,0,1,0,0,0,0,5.6529E+20,5.408E+21,9.88948E+15,4.88215E+16
43045,43046,8,1,16,19,2016,12,1,5,3,3,6,2,1,0,1,0,0,1,0,5.23521E+20,5.3972E+21,9.31984E+15,4.87274E+16
43046,43047,8,3,11,0,2016,12,10,4,3,2,6,0,0,0,1,0,0,1,0,4.14556E+20,5.31595E+21,7.85475E+15,4.79911E+16
43047,43048,8,3,17,116,2016,12,0,1,3,9,7,2,0,0,1,0,0,0,0,4.33587E+20,5.38937E+21,8.09823E+15,4.86539E+16
43048,43049,8,2,35,85,2016,12,18,2,3,5,3,2,1,0,1,0,0,0,0,4.7964E+20,5.39586E+21,8.72322E+15,4.87154E+16
43049,43050,8,1,11,0,2016,12,20,2,3,6,2,2,0,0,1,1,0,0,0,5.13309E+20,5.40437E+21,9.1812E+15,4.87922E+16
43050,43051,8,2,12,0,2016,12,17,4,2,4,6,2,0,0,1,0,0,0,0,4.53558E+20,5.42827E+21,8.36497E+15,4.90056E+16
43051,43052,8,1,15,45,2016,12,19,1,3,2,1,2,0,0,1,0,0,0,0,5.02759E+20,5.3984E+21,9.03753E+15,4.87386E+16
43052,43053,8,1,18,48,2016,12,15,3,3,2,6,0,1,0,1,0,0,0,0,5.1104E+20,5.4147E+21,9.15059E+15,4.88852E+16
43053,43054,8,4,16,41,2016,12,20,7,3,4,2,2,1,0,1,0,0,0,0,5.04618E+20,5.37186E+21,9.06252E+15,4.84998E+16
43054,43055,8,1,17,18,2016,12,13,4,3,4,6,0,0,0,1,0,0,0,0,5.39899E+20,5.39467E+21,9.54229E+15,4.87038E+16
43055,43056,8,4,25,75,2016,12,13,6,3,8,1,0,1,0,1,0,0,0,0,5.6655E+20,5.37688E+21,9.90163E+15,4.85415E+16
43056,43057,8,3,16,53,2016,12,18,6,3,2,6,2,1,0,1,0,0,0,0,4.02771E+20,5.34087E+21,7.69115E+15,4.82136E+16
43057,43058,8,3,17,153,2016,12,18,5,3,2,6,2,1,0,1,0,0,0,0,4.2267E+20,5.39002E+21,7.9499E+15,4.86585E+16
43058,43059,8,4,15,87,2016,12,15,4,3,1,5,0,1,0,1,0,0,0,0,5.13393E+20,5.3813E+21,9.1816E+15,4.85846E+16
43059,43060,8,3,25,53,2016,12,17,5,2,4,6,2,1,0,1,0,0,0,0,4.58123E+20,5.34207E+21,8.4361E+15,4.82304E+16
43060,43061,8,1,19,91,2016,12,18,5,3,5,2,2,1,0,1,0,1,0,0,5.28134E+20,5.40582E+21,9.38316E+15,4.88047E+16
43061,43062,8,2,15,110,2016,12,16,4,2,6,4,2,0,0,1,1,0,0,0,4.62213E+20,5.41878E+21,8.48419E+15,4.89208E+16
43062,43063,8,1,15,3,2016,12,18,4,3,3,6,2,0,0,1,0,0,0,1,4.98448E+20,5.39281E+21,8.97892E+15,4.86883E+16
43063,43064,8,4,36,55,2016,12,14,5,3,2,2,0,0,0,1,0,0,0,0,5.74106E+20,5.29857E+21,9.99031E+15,4.78362E+16
43064,43065,8,2,35,6,2016,12,14,5,3,2,2,0,1,0,1,0,0,0,0,4.71202E+20,5.38121E+21,8.60952E+15,4.85833E+16
43065,43066,8,1,18,51,2016,12,9,3,3,2,6,0,0,0,1,0,0,0,0,5.10896E+20,5.41531E+21,9.14864E+15,4.88906E+16
43066,43067,8,4,36,3,2016,12,13,2,2,8,7,0,0,0,1,0,0,0,0,5.79814E+20,5.30711E+21,1.00682E+16,4.79124E+16
43067,43068,8,1,11,0,2016,12,20,2,3,3,6,2,0,0,1,0,0,1,0,5.12959E+20,5.40718E+21,9.17654E+15,4.88175E+16
43068,43069,8,1,16,77,2016,12,12,5,3,2,6,0,0,0,1,0,0,0,0,5.15965E+20,5.39152E+21,9.21688E+15,4.86765E+16
43069,43070,8,3,26,68,2016,12,19,2,3,4,7,2,1,0,1,0,0,0,0,4.50273E+20,5.32034E+21,8.33293E+15,4.80344E+16
43070,43071,8,1,18,48,2016,12,20,2,3,2,6,2,1,0,1,0,0,0,0,5.10568E+20,5.41481E+21,9.14415E+15,4.88861E+16
43071,43072,8,1,11,0,2016,12,14,7,2,3,6,0,1,0,1,0,0,0,0,5.06311E+20,5.40866E+21,9.086E+15,4.88309E+16
43072,43073,8,2,21,0,2016,12,14,6,3,5,2,0,1,0,1,0,0,0,0,4.73703E+20,5.47465E+21,8.63738E+15,4.9424E+16
43073,43074,8,4,36,81,2016,12,17,5,3,6,4,2,0,0,1,1,0,0,0,5.62544E+20,5.28197E+21,9.83343E+15,4.7688E+16
43074,43075,8,1,18,76,2016,12,17,6,3,5,3,2,1,0,1,0,0,0,0,5.06243E+20,5.42264E+21,9.08528E+15,4.89566E+16
43075,43076,8,2,15,17,2016,12,20,1,2,7,1,2,1,0,1,0,0,0,0,4.54267E+20,5.42037E+21,8.37555E+15,4.89346E+16
43076,43077,8,3,37,32,2016,12,17,3,3,2,6,2,0,0,1,0,0,0,0,4.38562E+20,5.2738E+21,8.18245E+15,4.76147E+16
43077,43078,8,2,26,3,2016,12,16,5,3,2,6,1,1,0,1,0,0,0,0,4.66682E+20,5.45963E+21,8.54183E+15,4.92885E+16
43078,43079,8,1,27,52,2016,12,16,1,3,8,1,0,1,0,1,0,0,0,0,5.38749E+20,5.43471E+21,9.53045E+15,4.9064E+16
43079,43080,8,3,37,90,2016,12,17,5,2,0,6,2,1,0,0,0,0,0,1,4.23559E+20,5.27469E+21,7.98268E+15,4.76211E+16
43080,43081,8,2,15,29,2016,12,0,7,2,8,1,2,0,0,1,0,0,0,0,4.66385E+20,5.45055E+21,8.5385E+15,4.92068E+16
43081,43082,8,1,11,0,2016,12,19,7,3,2,6,2,0,0,1,0,0,0,0,5.13302E+20,5.40431E+21,9.18111E+15,4.87916E+16
43082,43083,8,3,15,131,2016,12,16,3,2,5,2,1,1,0,1,0,0,0,0,4.04149E+20,5.30935E+21,7.71678E+15,4.79303E+16
43083,43084,8,1,16,19,2016,12,19,5,3,2,6,2,1,0,1,0,0,0,0,5.23669E+20,5.39752E+21,9.32187E+15,4.87302E+16
43084,43085,8,2,25,42,2016,12,17,6,3,2,6,2,0,0,1,0,1,0,0,5.06342E+20,5.45873E+21,9.0872E+15,4.92813E+16
43085,43086,8,2,11,0,2016,12,18,4,3,8,7,2,0,0,1,0,0,0,0,4.41042E+20,5.40824E+21,8.19674E+15,4.88243E+16
43086,43087,8,1,27,71,2016,12,22,5,2,8,1,2,0,0,1,0,0,0,0,5.73182E+20,5.45515E+21,1.00055E+16,4.92448E+16
43087,43088,8,4,16,48,2016,12,16,3,3,6,6,1,1,1,0,1,0,0,0,4.95537E+20,5.37541E+21,8.93954E+15,4.85317E+16
43088,43089,8,3,27,2,2016,12,17,2,3,2,6,2,0,0,1,0,0,0,1,4.79099E+20,5.32663E+21,8.71931E+15,4.80926E+16
43089,43090,8,4,26,21,2016,12,14,6,3,2,6,0,1,0,1,0,0,0,0,5.58397E+20,5.3272E+21,9.7843E+15,4.80954E+16
43090,43091,8,3,15,109,2016,12,5,4,3,9,1,2,0,0,1,0,0,0,0,4.20142E+20,5.31529E+21,7.92974E+15,4.7986E+16
43091,43092,8,3,15,68,2016,12,11,1,3,9,1,0,1,0,1,0,0,0,0,4.43763E+20,5.30285E+21,8.2479E+15,4.78765E+16
43092,43093,8,1,17,3,2016,12,10,7,3,6,3,0,0,0,1,1,0,0,0,5.41604E+20,5.39333E+21,9.56533E+15,4.86916E+16
43093,43094,8,1,27,91,2016,12,17,6,2,4,1,2,0,0,1,0,0,1,0,5.76897E+20,5.45258E+21,1.0056E+16,4.92212E+16
43094,43095,8,4,16,41,2016,12,13,2,3,5,2,0,0,0,1,0,0,0,0,5.02312E+20,5.37133E+21,9.0313E+15,4.84951E+16
43095,43096,8,3,37,96,2016,12,9,4,3,5,3,0,1,1,1,0,0,0,0,4.20226E+20,5.26668E+21,7.93979E+15,4.75486E+16
43096,43097,8,2,36,40,2016,12,13,2,3,3,6,0,0,1,1,0,0,0,0,4.91154E+20,5.42111E+21,8.8792E+15,4.89429E+16
43097,43098,8,4,36,10,2016,12,20,1,3,5,3,2,1,0,1,0,0,0,0,5.66265E+20,5.30632E+21,9.88673E+15,4.79068E+16
43098,43099,8,2,25,115,2016,12,15,7,2,8,1,0,1,0,1,0,0,0,0,5.20973E+20,5.47551E+21,9.28924E+15,4.94319E+16
43099,43100,8,1,25,102,2016,12,9,6,3,2,6,0,1,0,1,0,0,0,0,5.26182E+20,5.44537E+21,9.35912E+15,4.91606E+16
43100,43101,8,3,17,11,2016,12,14,5,3,9,1,0,2,0,1,0,0,0,0,4.27126E+20,5.3552E+21,8.01648E+15,4.83458E+16
43101,43102,8,1,11,0,2016,12,0,6,3,5,2,2,1,0,1,0,0,0,0,5.16648E+20,5.40582E+21,9.22673E+15,4.88051E+16
43102,43103,8,2,16,43,2016,12,2,1,3,8,1,2,1,0,1,0,0,0,0,4.4439E+20,5.41256E+21,8.24177E+15,4.88635E+16
43103,43104,8,3,25,70,2016,12,5,3,3,9,1,2,2,0,1,0,0,0,0,4.61544E+20,5.34818E+21,8.4816E+15,4.82857E+16
43104,43105,8,2,15,106,2016,12,16,5,3,4,2,0,1,0,1,0,0,0,0,4.64885E+20,5.45551E+21,8.51748E+15,4.92514E+16
43105,43106,8,1,35,32,2016,12,4,7,2,8,1,2,1,0,1,0,0,0,0,5.8006E+20,5.39213E+21,1.00876E+16,4.86771E+16
43106,43107,8,3,36,105,2016,12,7,5,3,2,6,1,0,0,1,0,0,0,1,3.99849E+20,5.26728E+21,7.6689E+15,4.75512E+16
43107,43108,8,2,16,41,2016,12,11,7,3,4,6,0,0,0,1,0,0,0,0,4.35255E+20,5.39156E+21,8.12053E+15,4.86738E+16
43108,43109,8,4,35,57,2016,12,13,6,3,2,6,0,0,0,1,0,0,0,0,5.43003E+20,5.28099E+21,9.57296E+15,4.76808E+16
43109,43110,8,2,12,0,2016,12,19,3,3,2,6,2,0,0,1,0,0,0,0,4.55277E+20,5.42825E+21,8.38848E+15,4.90055E+16
43110,43111,8,1,18,81,2016,12,21,6,3,6,4,2,0,0,1,1,0,0,0,5.18368E+20,5.41169E+21,9.25042E+15,4.88579E+16
43111,43112,8,3,26,3,2016,12,9,2,3,8,1,0,1,0,1,0,0,0,0,4.67618E+20,5.31973E+21,8.56564E+15,4.803E+16
43112,43113,8,3,17,110,2016,12,22,3,3,5,3,2,1,0,1,0,0,0,0,4.29904E+20,5.38107E+21,8.04963E+15,4.85788E+16
43113,43114,8,1,15,3,2016,12,15,1,3,5,3,0,0,0,1,0,0,0,0,5.02148E+20,5.3915E+21,9.02917E+15,4.86766E+16
43114,43115,8,3,26,3,2016,12,8,6,3,2,1,0,2,0,1,0,0,0,0,4.69214E+20,5.31569E+21,8.58735E+15,4.79938E+16
43115,43116,8,2,26,85,2016,12,14,4,3,5,2,0,0,0,1,0,0,0,1,4.93076E+20,5.45513E+21,8.90486E+15,4.92489E+16
43116,43117,8,3,36,79,2016,12,11,6,3,1,6,0,0,0,1,0,0,0,0,4.17241E+20,5.29326E+21,7.89509E+15,4.77874E+16
43117,43118,8,2,26,3,2016,12,18,5,3,2,6,2,0,0,1,0,0,0,0,4.60331E+20,5.46286E+21,8.45418E+15,4.93172E+16
43118,43119,8,1,11,0,2016,12,1,5,3,2,6,2,0,0,1,0,0,0,0,5.12982E+20,5.40304E+21,9.17671E+15,4.87802E+16
43119,43120,8,3,16,45,2016,12,15,5,3,2,6,0,0,0,1,0,0,0,0,4.10785E+20,5.32616E+21,7.8021E+15,4.80824E+16
43120,43121,8,3,17,5,2016,12,0,3,3,2,6,2,0,0,1,0,0,0,0,4.24526E+20,5.38223E+21,7.97652E+15,4.85886E+16
43121,43122,8,1,27,25,2016,12,15,5,3,6,4,0,0,0,1,1,0,0,0,5.5626E+20,5.42762E+21,9.76917E+15,4.89989E+16
43122,43123,8,2,12,0,2016,12,15,3,3,2,6,0,0,0,1,0,0,0,0,4.58886E+20,5.42818E+21,8.43783E+15,4.90052E+16
43123,43124,8,1,17,26,2016,12,15,4,3,2,6,0,0,0,1,0,0,0,0,5.4767E+20,5.39469E+21,9.64791E+15,4.87034E+16
43124,43125,8,1,11,0,2016,12,15,6,2,4,6,0,0,0,1,0,0,0,0,5.09466E+20,5.40637E+21,9.12893E+15,4.88103E+16
43125,43126,8,2,36,72,2016,12,6,5,3,1,6,2,1,0,1,0,1,0,0,4.67255E+20,5.41077E+21,8.55366E+15,4.88491E+16
43126,43127,8,1,27,73,2016,12,3,3,3,2,1,2,0,0,1,0,0,1,0,5.77549E+20,5.44841E+21,1.00642E+16,4.91836E+16
43127,43128,8,3,15,131,2016,12,5,5,3,9,1,2,1,0,1,0,0,0,0,4.05459E+20,5.30873E+21,7.73445E+15,4.79249E+16
43128,43129,8,4,25,108,2016,12,15,5,3,1,6,0,0,0,1,0,0,0,0,5.54298E+20,5.35783E+21,9.73318E+15,4.83713E+16
43129,43130,8,2,36,25,2016,12,19,3,3,2,6,2,1,0,1,0,0,0,0,4.90053E+20,5.40863E+21,8.86446E+15,4.88306E+16
43130,43131,8,1,15,28,2016,12,15,5,3,2,6,0,0,0,1,0,0,0,0,5.01875E+20,5.4024E+21,9.02552E+15,4.87746E+16
43131,43132,8,3,36,50,2016,12,14,7,3,2,6,0,0,0,1,0,0,0,0,3.98849E+20,5.27347E+21,7.65419E+15,4.76067E+16