FID,OBJECTID,ULAND,UREGBEZ,UKREIS,UGEMEINDE,UJAHR,UMONAT,USTUNDE,UWOCHENTAG,UKATEGORIE,UART,UTYP1,ULICHTVERH,IstStrasse,IstRad,IstPKW,IstFuss,IstKrad,IstGkfz,IstSonstig,LINREFX,LINREFY,XGCSWGS84,YGCSWGS84
43132,43133,8,1,26,45,2016,12,2,7,2,8,1,2,0,0,0,0,0,0,1,5.45962E+20,5.47118E+21,9.63337E+15,4.93916E+16
43133,43134,8,2,26,85,2016,12,16,3,3,1,6,2,0,0,1,0,0,0,0,4.89952E+20,5.45611E+21,8.86191E+15,4.92577E+16
43134,43135,8,1,36,21,2016,12,15,4,2,2,1,0,0,0,1,0,0,1,0,5.76572E+20,5.40821E+21,1.00432E+16,4.88221E+16
43135,43136,8,2,22,0,2016,12,18,5,3,2,6,2,0,0,1,0,0,0,0,4.62356E+20,5.48921E+21,8.47954E+15,4.95543E+16
43136,43137,8,1,11,0,2016,12,18,6,3,2,6,2,0,0,1,0,0,0,0,5.1526E+20,5.40501E+21,9.20779E+15,4.87979E+16
43137,43138,8,3,17,141,2016,12,10,2,2,6,2,0,0,0,1,1,0,0,0,4.18313E+20,5.37709E+21,7.89329E+15,4.85416E+16
43138,43139,8,1,28,131,2016,12,8,2,3,9,1,0,1,0,1,0,0,0,0,5.37025E+20,5.50863E+21,9.51374E+15,4.9729E+16
43139,43140,8,4,25,33,2016,12,10,7,3,5,3,0,1,0,1,0,0,0,0,5.47564E+20,5.34637E+21,9.64097E+15,4.82688E+16
43140,43141,8,3,17,150,2016,12,17,6,3,5,3,2,1,0,1,0,0,0,1,4.09069E+20,5.35868E+21,7.77209E+15,4.83747E+16
43141,43142,8,1,28,20,2016,12,16,6,3,9,1,1,2,0,1,0,0,0,0,5.76152E+20,5.48456E+21,1.00519E+16,4.95089E+16
43142,43143,8,1,35,19,2016,12,13,4,3,5,3,0,0,0,1,0,0,0,0,5.85535E+20,5.39551E+21,1.01626E+16,4.87067E+16
43143,43144,8,1,21,0,2016,12,20,4,3,1,6,2,0,0,1,0,0,0,0,5.13087E+20,5.44427E+21,9.17946E+15,4.91511E+16
43144,43145,8,3,17,75,2016,12,8,6,3,2,7,1,1,0,1,0,0,1,0,4.10879E+20,5.35924E+21,7.7964E+15,4.83801E+16
43145,43146,8,2,11,0,2016,12,8,5,3,2,6,0,0,0,1,0,0,0,0,4.40785E+20,5.40354E+21,8.19393E+15,4.8782E+16
43146,43147,8,4,21,0,2016,12,11,4,3,4,2,0,1,0,1,0,0,0,0,5.7299E+20,5.36414E+21,9.98664E+15,4.84261E+16
43147,43148,8,4,36,82,2016,12,11,5,3,6,4,0,0,0,0,1,1,0,0,5.48297E+20,5.29552E+21,9.64511E+15,4.78113E+16
43148,43149,8,2,16,43,2016,12,18,3,2,3,6,2,0,0,1,0,0,1,0,4.42503E+20,5.4088E+21,8.21657E+15,4.88295E+16
43149,43150,8,1,25,7,2016,12,21,5,3,4,1,2,1,0,1,0,0,1,0,5.08359E+20,5.45176E+21,9.11478E+15,4.92186E+16
43150,43151,8,3,15,74,2016,12,7,4,3,4,6,1,0,0,1,0,0,0,1,3.98598E+20,5.29688E+21,7.64541E+15,4.78173E+16
43151,43152,8,1,16,27,2016,12,15,4,3,6,4,0,1,0,0,1,1,0,0,5.34154E+20,5.39333E+21,9.4641E+15,4.86921E+16
43152,43153,8,1,11,0,2016,12,13,6,3,5,3,0,0,0,1,0,0,0,0,5.13007E+20,5.40305E+21,9.17705E+15,4.87803E+16
43153,43154,8,2,26,98,2016,12,11,5,3,2,6,0,0,0,1,0,0,1,0,4.76243E+20,5.46056E+21,8.67324E+15,4.92974E+16
43154,43155,8,1,18,73,2016,12,11,3,3,2,2,0,0,0,1,0,0,0,0,4.95031E+20,5.42653E+21,8.93208E+15,4.89916E+16
43155,43156,8,1,11,0,2016,12,14,3,3,2,6,0,0,0,1,0,0,1,0,5.11403E+20,5.40894E+21,9.15538E+15,4.88333E+16
43156,43157,8,2,16,43,2016,12,14,2,3,5,3,0,0,0,1,0,0,0,0,4.4493E+20,5.41231E+21,8.24916E+15,4.88613E+16
43157,43158,8,1,11,0,2016,12,12,2,3,2,6,0,1,0,1,0,0,0,1,5.10755E+20,5.40923E+21,9.14656E+15,4.88359E+16
43158,43159,8,1,11,0,2016,12,18,5,3,1,6,2,0,0,1,0,0,0,0,5.05952E+20,5.39623E+21,9.08092E+15,4.87191E+16
43159,43160,8,4,36,5,2016,12,20,2,3,5,3,2,0,0,1,0,0,0,0,5.40769E+20,5.30822E+21,9.54576E+15,4.7926E+16
43160,43161,8,1,28,7,2016,12,16,2,3,5,3,2,1,0,1,0,0,0,0,5.52664E+20,5.48141E+21,9.72707E+15,4.9483E+16
43161,43162,8,2,12,0,2016,12,12,7,3,2,6,0,1,0,1,0,0,0,0,4.60616E+20,5.42955E+21,8.46136E+15,4.90176E+16
43162,43163,8,2,36,46,2016,12,17,6,3,2,6,2,0,0,1,0,0,0,0,4.83094E+20,5.41755E+21,8.76927E+15,4.89107E+16
43163,43164,8,1,15,21,2016,12,8,6,3,2,6,0,1,0,1,0,0,0,0,4.89845E+20,5.38095E+21,8.86232E+15,4.85815E+16
43164,43165,8,1,25,63,2016,12,10,6,3,3,6,0,1,0,0,0,1,1,0,5.25954E+20,5.46579E+21,9.35731E+15,4.93443E+16
43165,43166,8,3,15,15,2016,12,8,1,3,9,1,0,1,0,1,0,0,0,0,3.97361E+20,5.3175E+21,7.62398E+15,4.80025E+16
43166,43167,8,4,15,92,2016,12,1,3,2,8,1,2,2,0,1,0,0,0,0,5.17538E+20,5.36089E+21,9.23695E+15,4.84009E+16
43167,43168,8,2,12,0,2016,12,9,2,3,2,6,0,0,0,1,0,0,0,1,4.6258E+20,5.43216E+21,8.48797E+15,4.90412E+16
43168,43169,8,1,18,79,2016,12,16,2,3,1,6,0,0,0,1,0,0,0,0,5.0993E+20,5.42217E+21,9.13564E+15,4.89524E+16
43169,43170,8,1,26,72,2016,12,16,5,3,2,6,1,0,0,1,0,0,0,0,5.32243E+20,5.4688E+21,9.44413E+15,4.9371E+16
43170,43171,8,1,21,0,2016,12,2,3,2,5,3,2,1,0,1,0,0,1,0,5.10499E+20,5.44324E+21,9.14395E+15,4.91419E+16
43171,43172,8,2,36,46,2016,12,3,7,3,3,6,2,0,0,1,0,0,1,0,4.84407E+20,5.41505E+21,8.78729E+15,4.88882E+16
43172,43173,8,3,16,54,2016,12,8,6,3,8,1,0,1,0,1,0,0,0,0,4.19204E+20,5.33619E+21,7.91322E+15,4.81738E+16
43173,43174,8,1,18,18,2016,12,16,6,3,0,7,0,0,1,0,0,0,0,0,5.11664E+20,5.42868E+21,9.15951E+15,4.90109E+16
43174,43175,8,4,15,61,2016,12,12,1,3,5,2,0,1,0,1,0,0,0,0,5.13154E+20,5.3767E+21,9.17821E+15,4.85433E+16
43175,43176,8,4,35,45,2016,12,2,3,1,8,1,2,1,0,1,0,0,0,0,5.3544E+20,5.28802E+21,9.47277E+15,4.77446E+16
43176,43177,8,1,21,0,2016,12,7,7,3,8,7,2,0,0,1,0,0,0,0,5.1377E+20,5.44167E+21,9.18875E+15,4.91277E+16
43177,43178,8,3,15,3,2016,12,15,6,2,5,3,0,0,1,1,0,0,0,0,4.12584E+20,5.31208E+21,7.82912E+15,4.7956E+16
43178,43179,8,3,35,75,2016,12,10,4,3,0,7,0,1,0,0,0,1,0,0,4.8763E+20,5.28953E+21,8.83494E+15,4.7759E+16
43179,43180,8,3,36,50,2016,12,11,5,3,5,3,0,0,1,1,0,0,0,0,3.99248E+20,5.27528E+21,7.65909E+15,4.76231E+16
43180,43181,8,1,18,77,2016,12,14,5,3,1,6,0,0,0,1,0,0,0,0,5.12298E+20,5.42463E+21,9.16805E+15,4.89745E+16
43181,43182,8,2,35,33,2016,12,1,4,3,8,1,2,1,0,1,0,0,0,0,4.59642E+20,5.4069E+21,8.45028E+15,4.88138E+16
43182,43183,8,4,36,82,2016,12,6,3,3,0,3,2,0,1,0,0,0,0,1,5.47715E+20,5.29567E+21,9.63735E+15,4.78126E+16
43183,43184,8,4,35,16,2016,12,16,5,3,2,6,0,1,0,1,0,0,0,0,5.37384E+20,5.27856E+21,9.49789E+15,4.76593E+16
43184,43185,8,2,26,46,2016,12,17,5,3,1,6,2,0,0,1,0,0,0,0,4.75161E+20,5.45452E+21,8.65874E+15,4.92429E+16
43185,43186,8,1,17,2,2016,12,18,3,3,9,1,2,0,0,1,0,0,0,0,5.42432E+20,5.38627E+21,9.57585E+15,4.8628E+16
43186,43187,8,4,35,52,2016,12,17,2,2,4,6,2,1,0,1,0,0,1,0,5.24883E+20,5.29199E+21,9.33216E+15,4.77808E+16
43187,43188,8,4,36,55,2016,12,16,1,3,2,6,1,0,0,1,0,0,0,0,5.73481E+20,5.29455E+21,9.98128E+15,4.78001E+16
43188,43189,8,1,11,0,2016,12,17,5,3,2,6,2,0,0,1,0,0,0,0,5.12741E+20,5.40179E+21,9.17339E+15,4.8769E+16
43189,43190,8,3,15,20,2016,12,17,2,3,2,6,2,0,0,1,0,0,0,0,4.24768E+20,5.31137E+21,7.99242E+15,4.79512E+16
43190,43191,8,1,11,0,2016,12,17,2,3,6,2,2,1,0,1,1,0,0,0,5.17228E+20,5.40689E+21,9.23466E+15,4.88147E+16
43191,43192,8,1,36,82,2016,12,14,7,2,2,1,0,1,0,1,0,0,0,0,5.85482E+20,5.41556E+21,1.01661E+16,4.88871E+16
43192,43193,8,2,21,0,2016,12,11,6,3,5,5,0,1,0,1,0,0,0,0,4.81277E+20,5.47372E+21,8.74186E+15,4.94158E+16
43193,43194,8,4,16,25,2016,12,17,5,3,2,6,2,0,0,1,0,0,0,0,5.02116E+20,5.36184E+21,9.02859E+15,4.84097E+16
43194,43195,8,1,17,26,2016,12,3,6,3,8,1,2,1,0,1,0,0,0,0,5.4767E+20,5.39467E+21,9.6479E+15,4.87033E+16
43195,43196,8,2,35,46,2016,12,19,1,3,5,3,2,1,0,1,0,0,0,0,4.80396E+20,5.37752E+21,8.73436E+15,4.85505E+16
43196,43197,8,4,36,64,2016,12,11,3,2,6,4,0,0,0,1,1,0,0,0,5.43532E+20,5.2922E+21,9.58113E+15,4.77817E+16
43197,43198,8,2,22,0,2016,12,18,5,3,1,6,1,0,0,1,0,0,0,0,4.61666E+20,5.48438E+21,8.47046E+15,4.95108E+16
43198,43199,8,1,17,26,2016,12,17,1,3,4,2,1,1,0,1,0,0,0,0,5.4665E+20,5.39531E+21,9.63412E+15,4.8709E+16
43199,43200,8,3,36,69,2016,12,7,5,3,8,1,2,1,0,1,0,0,0,0,4.10421E+20,5.27338E+21,7.80813E+15,4.76077E+16
43200,43201,8,2,25,32,2016,12,7,7,3,8,1,2,0,0,1,0,0,0,0,5.30817E+20,5.50113E+21,9.42702E+15,4.96619E+16
43201,43202,8,1,11,0,2016,12,17,7,3,5,2,1,0,1,1,0,0,0,0,5.12902E+20,5.40196E+21,9.17559E+15,4.87705E+16
43202,43203,8,2,26,85,2016,12,23,3,3,2,6,2,0,0,0,0,0,1,0,4.91159E+20,5.45454E+21,8.87854E+15,4.92435E+16
43203,43204,8,1,25,69,2016,12,17,6,3,5,3,2,0,0,1,0,0,0,0,5.25133E+20,5.4541E+21,9.34527E+15,4.92391E+16
43204,43205,8,2,16,5,2016,12,18,4,3,5,2,2,0,0,1,0,0,0,0,4.46196E+20,5.41792E+21,8.26568E+15,4.89119E+16
43205,43206,8,1,26,66,2016,12,7,5,3,5,3,1,1,0,1,0,0,0,0,5.38697E+20,5.44943E+21,9.53116E+15,4.91964E+16
43206,43207,8,2,37,45,2016,12,11,5,3,3,6,0,0,0,0,0,1,1,0,4.58842E+20,5.36083E+21,8.44395E+15,4.83993E+16
43207,43208,8,1,27,76,2016,12,14,1,3,5,2,0,1,0,1,0,0,0,0,5.52464E+20,5.4396E+21,9.71883E+15,4.9107E+16
43208,43209,8,4,35,24,2016,12,9,5,2,4,6,0,1,0,1,0,0,1,0,5.28435E+20,5.27941E+21,9.37876E+15,4.76674E+16
43209,43210,8,3,17,113,2016,12,18,7,3,9,1,2,1,0,1,0,0,0,0,4.10009E+20,5.34521E+21,7.78765E+15,4.82537E+16
43210,43211,8,1,18,76,2016,12,1,7,2,8,1,2,0,0,1,0,0,0,0,5.02388E+20,5.42624E+21,9.03264E+15,4.8989E+16
43211,43212,8,3,17,153,2016,12,6,4,3,5,5,2,0,0,1,0,0,0,0,4.21925E+20,5.39067E+21,7.93967E+15,4.86642E+16
43212,43213,8,2,12,0,2016,12,11,5,3,3,2,0,0,1,1,0,0,0,0,4.55243E+20,5.42927E+21,8.3879E+15,4.90147E+16
43213,43214,8,1,17,33,2016,12,12,5,3,2,6,0,0,0,1,0,0,0,0,5.58159E+20,5.38821E+21,9.78954E+15,4.86442E+16
43214,43215,8,1,36,27,2016,12,16,6,3,8,7,0,0,1,0,0,0,0,0,5.54443E+20,5.42041E+21,9.74336E+15,4.89342E+16
43215,43216,8,2,26,17,2016,12,10,4,3,0,1,0,0,0,1,0,0,0,1,4.94065E+20,5.46707E+21,8.91827E+15,4.93563E+16
43216,43217,8,1,25,107,2016,12,13,5,3,9,1,0,1,0,1,0,0,0,0,5.31132E+20,5.43566E+21,9.42626E+15,4.9073E+16
43217,43218,8,4,35,35,2016,12,13,3,3,2,2,0,0,0,1,0,0,0,1,5.44469E+20,5.28584E+21,9.59298E+15,4.77244E+16
43218,43219,8,4,17,79,2016,12,17,5,3,2,6,2,0,0,1,0,0,0,0,4.98062E+20,5.34003E+21,8.97392E+15,4.82135E+16
43219,43220,8,2,26,68,2016,12,13,5,3,1,6,0,0,0,1,0,0,0,0,4.65842E+20,5.4617E+21,8.53009E+15,4.93071E+16
43220,43221,8,3,36,69,2016,12,13,2,3,2,6,0,0,0,1,0,0,0,0,4.12493E+20,5.27141E+21,7.83609E+15,4.75902E+16
43221,43222,8,4,35,30,2016,12,14,6,3,2,6,0,0,0,1,0,0,0,0,5.42539E+20,5.27387E+21,9.56609E+15,4.76169E+16
43222,43223,8,3,26,3,2016,12,13,4,3,1,5,0,0,0,1,0,0,0,0,4.6435E+20,5.31933E+21,8.52185E+15,4.80263E+16
43223,43224,8,2,11,0,2016,12,14,2,3,6,3,0,0,0,1,1,0,0,0,4.46728E+20,5.40254E+21,8.27494E+15,4.87736E+16
43224,43225,8,3,11,0,2016,12,11,1,3,2,6,0,0,0,1,0,0,0,0,4.11421E+20,5.32382E+21,7.81112E+15,4.80615E+16
43225,43226,8,1,25,102,2016,12,13,7,3,4,2,0,1,0,1,0,0,0,0,5.22367E+20,5.44273E+21,9.30665E+15,4.9137E+16
43226,43227,8,1,36,46,2016,12,11,6,3,5,3,0,1,0,1,0,0,0,0,5.78367E+20,5.42009E+21,1.00699E+16,4.89288E+16
43227,43228,8,3,17,57,2016,12,8,5,3,9,1,0,2,0,1,0,0,0,0,4.14101E+20,5.38296E+21,7.83503E+15,4.85938E+16
43228,43229,8,4,35,36,2016,12,14,5,3,6,4,0,0,0,1,1,0,0,0,5.20396E+20,5.28251E+21,9.27183E+15,4.76957E+16
43229,43230,8,3,17,73,2016,12,11,3,3,1,6,0,0,0,1,0,0,0,0,4.10257E+20,5.35389E+21,7.78914E+15,4.83319E+16
43230,43231,8,2,16,49,2016,12,14,5,3,8,7,0,0,0,1,0,0,0,0,4.39429E+20,5.40247E+21,8.17562E+15,4.87723E+16
43231,43232,8,4,15,19,2016,12,16,7,3,2,6,1,1,0,1,0,0,0,0,5.1962E+20,5.37158E+21,9.26558E+15,4.8497E+16
43232,43233,8,3,25,49,2016,12,18,5,3,4,6,2,0,0,1,0,0,0,0,4.70409E+20,5.33403E+21,8.6021E+15,4.81588E+16
43233,43234,8,1,36,10,2016,12,18,7,3,8,1,2,1,0,1,0,0,0,0,6.03853E+20,5.41108E+21,1.04155E+16,4.8844E+16
43234,43235,8,4,25,2,2016,12,17,6,3,8,1,2,1,0,1,0,0,0,0,5.49826E+20,5.35512E+21,9.67248E+15,4.83473E+16
43235,43236,8,2,31,0,2016,12,11,3,3,2,6,0,0,0,1,0,0,0,0,4.79304E+20,5.41747E+21,8.71755E+15,4.89098E+16
43236,43237,8,4,16,36,2016,12,14,4,2,2,6,0,0,0,1,0,0,0,0,4.89832E+20,5.37336E+21,8.86232E+15,4.85133E+16
43237,43238,8,2,15,108,2016,12,9,5,2,5,3,0,0,0,1,0,0,0,0,4.48909E+20,5.42342E+21,8.30202E+15,4.89616E+16
43238,43239,8,1,16,33,2016,12,17,6,3,2,6,2,0,0,1,0,0,0,0,5.33582E+20,5.38632E+21,9.45576E+15,4.86291E+16
43239,43240,8,3,17,96,2016,12,15,2,3,5,3,0,1,0,1,0,0,0,0,4.18629E+20,5.37303E+21,7.89837E+15,4.85051E+16
43240,43241,8,3,15,76,2016,12,6,3,3,7,7,2,0,0,1,0,0,0,0,3.94061E+20,5.30096E+21,7.58382E+15,4.78532E+16
43241,43242,8,4,36,55,2016,12,8,7,1,4,6,0,1,0,1,0,0,0,0,5.71319E+20,5.29899E+21,9.95314E+15,4.78403E+16
43242,43243,8,3,35,75,2016,12,13,6,3,6,2,0,0,0,1,1,0,0,0,4.87756E+20,5.2899E+21,8.83661E+15,4.77624E+16
43243,43244,8,1,25,1,2016,12,14,4,3,2,6,0,0,0,1,0,0,0,0,5.20819E+20,5.43597E+21,9.28507E+15,4.90762E+16
43244,43245,8,3,26,74,2016,12,7,3,3,2,6,2,1,0,1,0,0,0,0,4.71107E+20,5.32369E+21,8.61217E+15,4.80658E+16
43245,43246,8,1,19,61,2016,12,15,1,3,2,2,0,0,0,1,0,0,0,0,5.395E+20,5.41211E+21,9.53854E+15,4.88607E+16
43246,43247,8,4,25,33,2016,12,14,6,3,4,2,0,1,0,1,0,0,0,0,5.53006E+20,5.34816E+21,9.71452E+15,4.82844E+16
43247,43248,8,2,26,103,2016,12,14,4,3,2,6,0,0,0,1,0,0,0,0,4.7234E+20,5.4586E+21,8.6197E+15,4.92795E+16
43248,43249,8,2,31,0,2016,12,17,1,3,6,2,2,0,0,1,1,0,0,0,4.77652E+20,5.41538E+21,8.69513E+15,4.88909E+16
43249,43250,8,1,16,56,2016,12,15,7,3,3,6,0,1,0,1,0,0,0,0,5.3164E+20,5.39439E+21,9.43002E+15,4.87017E+16
43250,43251,8,4,16,25,2016,12,20,6,3,9,6,2,1,0,0,0,1,0,0,5.02921E+20,5.36063E+21,9.03947E+15,4.83988E+16
43251,43252,8,2,16,39,2016,12,14,5,2,2,6,0,0,0,1,0,0,0,0,4.45265E+20,5.41344E+21,8.25358E+15,4.88715E+16
43252,43253,8,1,15,52,2016,12,5,5,3,5,3,2,1,0,1,0,0,0,0,4.94505E+20,5.41048E+21,8.9251E+15,4.88473E+16
43253,43254,8,4,17,25,2016,12,16,5,3,4,7,0,1,0,1,0,0,0,0,4.86064E+20,5.35715E+21,8.81183E+15,4.83673E+16
43254,43255,8,2,36,25,2016,12,19,3,3,2,6,2,0,0,1,0,0,0,1,4.89674E+20,5.4089E+21,8.85929E+15,4.8833E+16
43255,43256,8,1,15,28,2016,12,17,5,3,1,6,2,0,0,1,0,0,0,0,4.99418E+20,5.40362E+21,8.99208E+15,4.87856E+16
43256,43257,8,2,16,43,2016,12,15,3,3,5,2,0,0,0,1,0,0,0,0,4.44406E+20,5.41257E+21,8.24198E+15,4.88636E+16
43257,43258,8,1,18,59,2016,12,7,4,3,6,4,2,0,0,1,1,0,0,0,5.02143E+20,5.41935E+21,9.02926E+15,4.8927E+16
43258,43259,8,1,35,10,2016,12,16,3,3,5,3,2,0,0,1,0,0,0,0,6.03104E+20,5.39748E+21,1.04019E+16,4.87218E+16
43259,43260,8,3,36,84,2016,12,18,2,3,5,3,2,1,0,1,0,0,0,0,4.06643E+20,5.27733E+21,7.75704E+15,4.76427E+16
43260,43261,8,1,26,66,2016,12,19,2,3,2,6,2,0,0,1,0,0,0,0,5.34667E+20,5.4496E+21,9.47586E+15,4.91982E+16
43261,43262,8,1,36,28,2016,12,17,5,3,2,6,2,0,0,1,0,0,0,0,5.68366E+20,5.40491E+21,9.93086E+15,4.87935E+16
43262,43263,8,3,36,91,2016,12,22,7,3,5,2,2,1,0,1,0,0,0,0,3.95035E+20,5.27302E+21,7.60357E+15,4.76021E+16
43263,43264,8,3,17,153,2016,12,17,6,3,1,1,2,0,0,1,0,0,0,0,4.20818E+20,5.38925E+21,7.9249E+15,4.86513E+16
43264,43265,8,1,18,48,2016,12,20,6,3,2,6,2,1,0,1,0,0,0,0,5.1143E+20,5.41874E+21,9.15603E+15,4.89215E+16
43265,43266,8,1,27,71,2016,12,2,4,3,4,6,2,1,0,1,0,0,1,0,5.73042E+20,5.45511E+21,1.00035E+16,4.92444E+16
43266,43267,8,4,26,124,2016,12,3,1,3,9,7,2,1,0,1,0,0,0,0,5.48836E+20,5.33005E+21,9.65623E+15,4.81218E+16
43267,43268,8,1,18,50,2016,12,7,4,2,4,6,1,0,0,1,0,0,0,1,5.08217E+20,5.41706E+21,9.11214E+15,4.89064E+16
43268,43269,8,3,16,20,2016,12,18,6,3,2,6,2,0,0,1,0,0,0,0,4.07864E+20,5.33836E+21,7.76024E+15,4.81918E+16
43269,43270,8,2,16,43,2016,12,14,5,3,2,6,0,0,0,1,0,0,0,0,4.43859E+20,5.41095E+21,8.23475E+15,4.8849E+16
43270,43271,8,4,16,41,2016,12,16,4,3,1,5,1,0,0,1,0,0,0,0,4.997E+20,5.3745E+21,8.99593E+15,4.85236E+16
43271,43272,8,4,17,79,2016,12,12,5,3,5,3,0,0,0,1,0,0,0,0,5.01841E+20,5.34015E+21,9.02478E+15,4.82145E+16
43272,43273,8,1,15,28,2016,12,11,3,3,2,6,0,0,0,1,0,0,0,0,5.01421E+20,5.40279E+21,9.01934E+15,4.87781E+16
43273,43274,8,1,21,0,2016,12,11,5,3,2,6,0,0,0,1,0,0,0,1,5.16343E+20,5.44477E+21,9.22414E+15,4.91555E+16
43274,43275,8,2,26,85,2016,12,19,4,3,2,6,2,0,0,1,0,0,0,0,4.92561E+20,5.45379E+21,8.89781E+15,4.92368E+16
43275,43276,8,1,15,28,2016,12,14,4,3,3,6,0,0,0,1,0,0,1,0,4.98544E+20,5.40368E+21,8.98018E+15,4.87861E+16
43276,43277,8,4,36,94,2016,12,13,5,3,4,2,0,0,0,1,0,0,0,1,5.7066E+20,5.27932E+21,9.94114E+15,4.76634E+16
43277,43278,8,3,26,74,2016,12,13,6,3,4,3,0,1,0,1,0,0,0,0,4.59673E+20,5.32447E+21,8.45863E+15,4.80722E+16
43278,43279,8,2,16,43,2016,12,10,5,3,5,3,0,2,0,1,0,0,0,0,4.4439E+20,5.41256E+21,8.24177E+15,4.88635E+16
43279,43280,8,4,26,21,2016,12,1,4,3,8,1,2,1,0,1,0,0,0,0,5.6291E+20,5.32681E+21,9.84485E+15,4.80915E+16
43280,43281,8,3,36,50,2016,12,10,5,3,2,6,0,0,0,1,0,0,0,0,3.99976E+20,5.2738E+21,7.66911E+15,4.76098E+16
43281,43282,8,2,36,72,2016,12,10,3,3,5,3,0,0,0,1,0,0,0,0,4.65556E+20,5.41171E+21,8.53042E+15,4.88574E+16
43282,43283,8,1,27,43,2016,12,17,5,2,6,4,2,0,0,1,1,0,0,0,5.65982E+20,5.4462E+21,9.9051E+15,4.91651E+16
43283,43284,8,1,35,19,2016,12,17,3,3,5,3,2,0,0,1,0,0,0,0,5.85488E+20,5.39219E+21,1.01613E+16,4.86769E+16
43284,43285,8,1,16,49,2016,12,16,4,3,2,6,1,0,0,1,0,0,0,0,5.24117E+20,5.38574E+21,9.32727E+15,4.86243E+16
43285,43286,8,1,11,0,2016,12,7,6,3,2,6,1,0,0,1,0,0,0,0,5.1348E+20,5.40634E+21,9.1836E+15,4.88099E+16
43286,43287,8,2,25,33,2016,12,7,5,3,2,6,1,0,0,1,0,0,1,0,5.10066E+20,5.46229E+21,9.13849E+15,4.93133E+16
43287,43288,8,1,25,49,2016,12,15,3,3,4,7,0,0,0,1,0,0,0,0,5.00614E+20,5.45025E+21,9.00842E+15,4.92051E+16
43288,43289,8,1,16,37,2016,12,15,3,3,4,6,0,0,0,1,0,0,0,0,5.3485E+20,5.40216E+21,9.4743E+15,4.87714E+16
43289,43290,8,2,22,0,2016,12,18,2,2,5,2,2,0,0,1,0,0,0,0,4.6842E+20,5.47939E+21,8.56416E+15,4.94664E+16
43290,43291,8,1,16,47,2016,12,14,2,3,2,6,0,1,0,1,0,0,0,0,5.2096E+20,5.39398E+21,9.28485E+15,4.86985E+16
43291,43292,8,1,25,74,2016,12,20,5,3,8,1,2,0,0,1,0,0,0,0,5.07548E+20,5.43857E+21,9.1034E+15,4.90999E+16
43292,43293,8,1,21,0,2016,12,5,3,3,5,3,2,1,1,1,0,0,0,0,5.1292E+20,5.44048E+21,9.17706E+15,4.9117E+16
43293,43294,8,2,36,25,2016,12,4,7,2,9,1,2,0,0,1,0,0,0,0,4.90134E+20,5.40905E+21,8.86556E+15,4.88344E+16
43294,43295,8,2,26,85,2016,12,17,6,3,2,6,2,0,0,1,0,0,0,0,4.86279E+20,5.4564E+21,8.81142E+15,4.92602E+16
43295,43296,8,1,16,49,2016,12,13,6,3,2,6,0,0,0,1,0,0,0,0,5.24718E+20,5.38871E+21,9.3356E+15,4.86509E+16
43296,43297,8,3,36,14,2016,12,11,1,3,3,6,0,1,0,1,0,0,0,0,3.92048E+20,5.27713E+21,7.56284E+15,4.76386E+16
43297,43298,8,4,25,39,2016,12,12,3,2,5,3,0,0,0,1,0,0,0,0,5.68045E+20,5.35588E+21,9.91846E+15,4.83525E+16
43298,43299,8,1,18,51,2016,12,5,1,3,9,1,2,1,0,1,0,0,0,0,5.10627E+20,5.41463E+21,9.14496E+15,4.88845E+16
43299,43300,8,4,17,25,2016,12,17,5,2,2,2,2,1,0,1,0,1,0,0,4.87314E+20,5.35759E+21,8.82871E+15,4.83713E+16
43300,43301,8,3,26,3,2016,12,12,7,3,1,6,0,1,0,1,0,0,0,0,4.64342E+20,5.31928E+21,8.52175E+15,4.80258E+16
43301,43302,8,1,21,0,2016,12,10,7,3,2,6,0,0,0,1,0,0,0,0,5.16085E+20,5.4424E+21,9.22051E+15,4.91342E+16
43302,43303,8,2,35,80,2016,12,6,6,3,1,2,2,1,0,1,0,0,1,0,4.83792E+20,5.38484E+21,8.78009E+15,4.86164E+16
43303,43304,8,4,36,81,2016,12,6,4,2,6,4,2,1,0,1,1,0,0,0,5.59137E+20,5.27919E+21,9.78766E+15,4.76634E+16
43304,43305,8,2,31,0,2016,12,17,5,3,2,6,2,1,0,1,0,0,0,0,4.84486E+20,5.41416E+21,8.7884E+15,4.88802E+16
43305,43306,8,1,15,21,2016,12,15,5,2,8,6,0,0,0,1,0,0,0,0,4.9257E+20,5.37979E+21,8.89929E+15,4.85712E+16
43306,43307,8,2,16,17,2016,12,5,6,3,8,1,2,2,0,1,0,0,0,0,4.53954E+20,5.39809E+21,8.37378E+15,4.87341E+16
43307,43308,8,2,25,14,2016,12,21,4,3,5,3,2,0,0,1,0,0,0,0,5.23528E+20,5.48577E+21,9.32509E+15,4.95241E+16
43308,43309,8,1,25,65,2016,12,18,5,3,1,6,2,0,0,1,0,0,0,0,5.17442E+20,5.4476E+21,9.23933E+15,4.91809E+16
43309,43310,8,4,36,39,2016,12,17,3,3,4,6,2,0,0,1,0,0,0,0,5.51369E+20,5.28755E+21,9.68519E+15,4.77392E+16
43310,43311,8,4,21,0,2016,12,19,5,3,2,6,2,1,0,1,0,0,0,0,5.71233E+20,5.35635E+21,9.96156E+15,4.83563E+16
43311,43312,8,2,16,7,2016,12,17,5,3,5,3,2,0,1,1,0,0,0,0,4.36537E+20,5.39426E+21,8.13754E+15,4.86981E+16