FID,OBJECTID,ULAND,UREGBEZ,UKREIS,UGEMEINDE,UJAHR,UMONAT,USTUNDE,UWOCHENTAG,UKATEGORIE,UART,UTYP1,ULICHTVERH,IstStrasse,IstRad,IstPKW,IstFuss,IstKrad,IstGkfz,IstSonstig,LINREFX,LINREFY,XGCSWGS84,YGCSWGS84
43312,43313,8,1,16,49,2016,12,23,3,3,9,1,2,0,0,1,0,0,0,0,5.24646E+20,5.38855E+21,9.33461E+15,4.86495E+16
43313,43314,8,4,26,108,2016,12,15,2,2,0,1,0,1,1,0,0,0,0,0,5.70207E+20,5.3339E+21,9.944E+15,4.81544E+16
43314,43315,8,4,26,100,2016,12,12,4,3,9,1,0,0,0,1,0,0,0,0,5.70145E+20,5.31336E+21,9.9398E+15,4.79697E+16
43315,43316,8,2,35,20,2016,12,21,2,3,5,3,2,1,0,1,0,0,0,0,4.76668E+20,5.38093E+21,8.68364E+15,4.8581E+16
43316,43317,8,1,11,0,2016,12,14,2,3,0,1,0,0,0,0,0,1,0,0,5.15235E+20,5.40559E+21,9.20747E+15,4.88031E+16
43317,43318,8,2,16,9,2016,12,17,5,3,2,6,1,0,0,1,0,0,0,0,4.46765E+20,5.41916E+21,8.27329E+15,4.89231E+16
43318,43319,8,1,18,77,2016,12,11,3,3,8,7,0,0,1,0,0,0,0,0,5.12775E+20,5.42294E+21,9.17452E+15,4.89593E+16
43319,43320,8,4,37,100,2016,12,16,2,3,8,1,1,1,0,1,0,0,0,0,5.35616E+20,5.3196E+21,9.47772E+15,4.80287E+16
43320,43321,8,2,11,0,2016,12,16,2,3,6,6,2,0,0,0,1,0,0,1,4.43273E+20,5.40181E+21,8.22803E+15,4.87667E+16
43321,43322,8,1,11,0,2016,12,15,2,2,5,3,0,0,1,1,0,0,0,0,5.19334E+20,5.40113E+21,9.26309E+15,4.87628E+16
43322,43323,8,1,17,24,2016,12,14,5,3,5,3,0,0,0,1,0,0,0,0,5.61382E+20,5.38524E+21,9.83286E+15,4.86172E+16
43323,43324,8,4,15,61,2016,12,22,2,3,5,3,2,1,0,1,0,0,0,0,5.15002E+20,5.3746E+21,9.20318E+15,4.85243E+16
43324,43325,8,2,25,74,2016,12,4,2,3,5,3,2,1,0,1,0,0,0,0,5.07043E+20,5.46495E+21,9.09695E+15,4.93373E+16
43325,43326,8,1,18,18,2016,12,14,7,2,5,2,0,1,0,1,0,0,0,1,5.13769E+20,5.42969E+21,9.18832E+15,4.902E+16
43326,43327,8,2,22,0,2016,12,6,6,3,8,1,2,1,0,1,0,0,0,0,4.65312E+20,5.48121E+21,8.52111E+15,4.94825E+16
43327,43328,8,4,36,82,2016,12,22,5,3,9,1,2,1,0,1,0,0,0,0,5.46619E+20,5.2958E+21,9.62272E+15,4.78139E+16
43328,43329,8,1,36,42,2016,12,5,6,2,9,1,2,1,0,1,0,0,0,0,5.50551E+20,5.4029E+21,9.68806E+15,4.8777E+16
43329,43330,8,2,22,0,2016,12,20,1,3,2,6,2,1,0,1,0,0,0,0,4.68286E+20,5.47787E+21,8.56243E+15,4.94527E+16
43330,43331,8,3,16,17,2016,12,13,3,3,2,6,0,0,0,1,0,0,0,0,4.07269E+20,5.33576E+21,7.7528E+15,4.81684E+16
43331,43332,8,2,36,39,2016,12,18,5,3,6,4,2,1,0,1,1,0,0,0,4.90031E+20,5.41225E+21,8.86407E+15,4.88631E+16
43332,43333,8,1,19,42,2016,12,5,1,3,8,1,2,1,0,1,0,0,0,0,5.27629E+20,5.41599E+21,9.37697E+15,4.88962E+16
43333,43334,8,4,17,13,2016,12,6,5,2,2,6,2,1,1,1,0,0,0,0,5.10665E+20,5.35677E+21,9.14399E+15,4.8364E+16
43334,43335,8,3,16,11,2016,12,4,7,3,9,1,2,2,0,1,0,0,0,0,4.16494E+20,5.3283E+21,7.87832E+15,4.81025E+16
43335,43336,8,1,15,50,2016,12,12,7,3,9,1,0,2,0,1,0,0,0,0,4.88088E+20,5.40233E+21,8.83788E+15,4.87739E+16
43336,43337,8,3,17,96,2016,12,12,5,3,9,6,0,0,0,1,0,0,0,0,4.22541E+20,5.378E+21,7.95039E+15,4.85503E+16
43337,43338,8,1,16,77,2016,12,17,5,3,4,2,2,1,0,1,0,0,0,0,5.15124E+20,5.39037E+21,9.20541E+15,4.86662E+16
43338,43339,8,1,35,19,2016,12,10,6,2,8,1,0,0,0,1,0,0,0,0,5.88667E+20,5.39716E+21,1.02055E+16,4.87212E+16
43339,43340,8,2,16,5,2016,12,18,4,3,2,6,2,0,0,1,0,0,0,0,4.45576E+20,5.41657E+21,8.2574E+15,4.88997E+16
43340,43341,8,1,25,6,2016,12,16,5,3,4,2,1,0,0,1,0,0,0,0,5.07034E+20,5.45333E+21,9.09662E+15,4.92327E+16
43341,43342,8,4,17,31,2016,12,16,3,3,3,6,0,0,0,1,0,0,1,0,4.96245E+20,5.35385E+21,8.94933E+15,4.83379E+16
43342,43343,8,4,16,41,2016,12,16,5,3,4,1,0,1,0,1,0,0,1,0,5.04612E+20,5.37875E+21,9.06251E+15,4.85618E+16
43343,43344,8,3,35,43,2016,12,7,2,3,5,2,1,1,0,1,0,0,0,0,5.14127E+20,5.27971E+21,9.18818E+15,4.76706E+16
43344,43345,8,4,26,21,2016,12,14,6,3,2,6,0,1,0,1,0,0,0,0,5.58386E+20,5.32722E+21,9.78416E+15,4.80956E+16
43345,43346,8,3,17,59,2016,12,15,4,3,5,3,0,0,0,1,0,0,0,0,4.13598E+20,5.35139E+21,7.83472E+15,4.83098E+16
43346,43347,8,3,15,113,2016,12,15,1,3,5,3,0,0,0,1,0,0,0,0,4.37944E+20,5.30637E+21,8.16958E+15,4.79076E+16
43347,43348,8,1,18,78,2016,12,10,7,3,5,3,0,1,0,1,0,0,0,0,5.12915E+20,5.42027E+21,9.17634E+15,4.89353E+16
43348,43349,8,1,26,56,2016,12,2,6,2,4,6,2,1,1,1,0,0,0,0,5.57444E+20,5.46651E+21,9.7909E+15,4.93486E+16
43349,43350,8,3,36,107,2016,12,15,5,2,4,1,0,1,0,1,0,1,0,0,4.08026E+20,5.28675E+21,7.77347E+15,4.77275E+16
43350,43351,8,4,26,35,2016,12,7,5,3,8,1,2,1,0,0,0,0,0,1,5.41727E+20,5.33189E+21,9.56088E+15,4.81389E+16
43351,43352,8,3,15,108,2016,12,19,3,3,5,3,2,0,0,1,0,1,0,0,4.04281E+20,5.30327E+21,7.71989E+15,4.78756E+16
43352,43353,8,1,18,11,2016,12,11,5,3,3,6,0,0,0,1,0,0,0,1,5.05658E+20,5.40758E+21,9.07708E+15,4.88211E+16
43353,43354,8,4,15,59,2016,12,13,7,3,2,2,0,0,0,1,0,0,0,0,5.14956E+20,5.36665E+21,9.20227E+15,4.84528E+16
43354,43355,8,1,35,20,2016,12,4,7,2,9,1,1,0,0,1,0,0,0,0,5.85459E+20,5.38062E+21,1.01585E+16,4.85728E+16
43355,43356,8,2,26,103,2016,12,14,3,3,5,3,0,0,1,1,0,0,0,0,4.71534E+20,5.45718E+21,8.60872E+15,4.92667E+16
43356,43357,8,1,36,68,2016,12,16,4,3,2,2,0,0,0,1,0,0,0,0,5.9383E+20,5.42975E+21,1.02832E+16,4.90135E+16
43357,43358,8,2,25,118,2016,12,18,7,2,1,1,2,1,0,1,0,0,0,0,5.03658E+20,5.47702E+21,9.05046E+15,4.94459E+16
43358,43359,8,2,16,43,2016,12,14,6,3,2,6,0,0,0,1,0,1,0,0,4.41852E+20,5.41197E+21,8.20726E+15,4.88579E+16
43359,43360,8,3,36,103,2016,12,15,5,3,5,3,0,0,0,1,0,0,0,0,4.13375E+20,5.28133E+21,7.84586E+15,4.76795E+16
43360,43361,8,1,16,77,2016,12,19,6,3,9,7,2,1,0,1,0,0,0,0,5.15628E+20,5.39077E+21,9.21227E+15,4.86698E+16
43361,43362,8,2,26,38,2016,12,5,1,2,4,1,2,0,0,1,0,0,0,0,4.71894E+20,5.48131E+21,8.61196E+15,4.94838E+16
43362,43363,8,3,26,17,2016,12,0,3,3,8,1,2,2,0,1,0,0,0,0,4.45846E+20,5.32566E+21,8.27288E+15,4.80819E+16
43363,43364,8,2,16,43,2016,12,16,5,3,5,3,2,1,0,1,0,0,0,0,4.43776E+20,5.41223E+21,8.23345E+15,4.88605E+16
43364,43365,8,4,37,100,2016,12,15,7,2,8,1,0,1,0,1,0,0,0,0,5.34809E+20,5.32053E+21,9.46698E+15,4.80371E+16
43365,43366,8,3,17,41,2016,12,11,5,3,2,2,0,1,0,1,0,0,0,0,4.40388E+20,5.34838E+21,8.19641E+15,4.82858E+16
43366,43367,8,2,22,0,2016,12,18,7,3,1,6,1,0,0,1,0,0,0,0,4.61881E+20,5.48136E+21,8.47373E+15,4.94837E+16
43367,43368,8,4,36,6,2016,12,14,6,3,9,1,0,1,0,1,0,0,0,0,5.55469E+20,5.28831E+21,9.73997E+15,4.77458E+16
43368,43369,8,2,15,17,2016,12,18,3,3,2,6,2,0,0,1,0,0,1,0,4.54426E+20,5.42383E+21,8.37734E+15,4.89657E+16
43369,43370,8,1,18,48,2016,12,14,6,3,2,6,0,0,0,1,0,0,0,1,5.15948E+20,5.41424E+21,9.21752E+15,4.88809E+16
43370,43371,8,3,25,53,2016,12,13,3,3,2,6,0,0,0,1,0,0,0,0,4.56697E+20,5.34054E+21,8.41705E+15,4.82166E+16
43371,43372,8,4,25,84,2016,12,20,1,3,2,7,2,1,0,1,0,0,0,0,5.59231E+20,5.37445E+21,9.80213E+15,4.85204E+16
43372,43373,8,4,17,79,2016,12,12,6,3,1,7,0,0,0,1,0,0,0,0,5.01584E+20,5.34376E+21,9.02134E+15,4.82471E+16
43373,43374,8,2,36,40,2016,12,11,4,3,3,2,0,0,0,1,0,0,0,0,4.9034E+20,5.42193E+21,8.86806E+15,4.89502E+16
43374,43375,8,2,22,0,2016,12,13,1,3,5,3,0,0,0,1,0,1,0,0,4.60098E+20,5.49224E+21,8.44801E+15,4.95814E+16
43375,43376,8,1,11,0,2016,12,16,7,3,3,6,1,1,0,1,0,0,0,0,5.1115E+20,5.4051E+21,9.15183E+15,4.87988E+16
43376,43377,8,3,16,17,2016,12,16,6,3,2,6,0,0,0,1,0,0,0,0,4.07546E+20,5.3348E+21,7.75674E+15,4.81597E+16
43377,43378,8,2,37,40,2016,12,0,5,3,4,6,2,2,0,1,0,0,0,0,4.73531E+20,5.36927E+21,8.64186E+15,4.8476E+16
43378,43379,8,1,11,0,2016,12,13,5,3,2,6,0,0,0,1,0,0,0,1,5.16664E+20,5.40583E+21,9.22695E+15,4.88052E+16
43379,43380,8,4,15,61,2016,12,14,5,3,5,3,0,0,1,1,0,0,0,0,5.14742E+20,5.37101E+21,9.19953E+15,4.84921E+16
43380,43381,8,2,12,0,2016,12,13,3,2,5,2,0,0,1,0,0,0,1,0,4.59059E+20,5.42834E+21,8.44019E+15,4.90066E+16
43381,43382,8,1,28,20,2016,12,12,5,3,2,2,0,0,0,1,0,0,0,0,5.73918E+20,5.48128E+21,1.00204E+16,4.94797E+16
43382,43383,8,2,12,0,2016,12,13,3,3,1,6,0,0,0,1,0,0,1,0,4.5583E+20,5.42642E+21,8.39625E+15,4.89891E+16
43383,43384,8,1,16,35,2016,12,17,4,3,2,6,2,0,0,1,0,0,0,0,5.22067E+20,5.39337E+21,9.29987E+15,4.8693E+16
43384,43385,8,2,15,9,2016,12,16,5,3,2,6,2,0,0,1,0,0,0,0,4.70061E+20,5.44347E+21,8.58949E+15,4.91433E+16
43385,43386,8,1,27,14,2016,12,1,3,3,8,1,2,0,0,1,0,0,0,0,5.75344E+20,5.44236E+21,1.00328E+16,4.91295E+16
43386,43387,8,2,15,84,2016,12,6,2,2,8,7,2,0,0,1,0,0,0,0,4.69911E+20,5.44889E+21,8.58703E+15,4.91921E+16
43387,43388,8,1,19,79,2016,12,9,2,3,2,6,0,1,0,1,0,0,0,0,5.2153E+20,5.40741E+21,9.29329E+15,4.88193E+16
43388,43389,8,1,35,19,2016,12,17,5,3,6,2,2,0,0,1,1,0,0,0,5.85126E+20,5.39225E+21,1.01564E+16,4.86775E+16
43389,43390,8,1,27,43,2016,12,7,3,3,8,1,1,2,0,1,0,0,0,0,5.64249E+20,5.44761E+21,9.88156E+15,4.9178E+16
43390,43391,8,1,15,24,2016,12,18,6,3,2,6,2,0,0,1,0,0,0,0,5.01612E+20,5.38549E+21,9.02188E+15,4.86224E+16
43391,43392,8,3,17,89,2016,12,15,2,3,2,6,0,0,0,1,0,0,0,0,4.30356E+20,5.37595E+21,8.05662E+15,4.85328E+16
43392,43393,8,1,35,19,2016,12,16,2,3,2,6,2,0,0,1,0,0,0,0,5.85102E+20,5.39129E+21,1.01559E+16,4.86689E+16
43393,43394,8,3,36,69,2016,12,14,3,3,3,6,0,0,0,1,0,0,1,0,4.06792E+20,5.27056E+21,7.76046E+15,4.75818E+16
43394,43395,8,4,25,8,2016,12,10,7,3,1,1,0,1,0,1,0,0,0,0,5.6454E+20,5.38095E+21,9.87502E+15,4.85783E+16
43395,43396,8,3,17,100,2016,12,0,6,3,9,1,2,1,0,1,0,0,0,0,4.23462E+20,5.36774E+21,7.96475E+15,4.84582E+16
43396,43397,8,1,15,45,2016,12,15,6,3,1,6,0,0,0,1,0,0,0,0,5.04605E+20,5.39672E+21,9.06262E+15,4.87235E+16
43397,43398,8,1,36,10,2016,12,11,4,3,2,2,0,0,0,1,0,0,0,0,5.99416E+20,5.41265E+21,1.03554E+16,4.88588E+16
43398,43399,8,2,25,2,2016,12,21,4,2,5,3,2,1,0,1,0,0,0,0,4.99751E+20,5.46653E+21,8.99658E+15,4.93515E+16
43399,43400,8,3,17,96,2016,12,10,6,3,5,3,0,0,1,1,0,0,0,0,4.20851E+20,5.36836E+21,7.92932E+15,4.84634E+16
43400,43401,8,2,15,46,2016,12,18,5,3,2,6,2,0,0,1,0,0,0,0,4.51503E+20,5.41803E+21,8.3381E+15,4.89133E+16
43401,43402,8,4,26,71,2016,12,6,4,2,9,1,2,1,0,1,0,0,0,0,5.6501E+20,5.32911E+21,9.87339E+15,4.81119E+16
43402,43403,8,4,35,16,2016,12,14,5,2,5,3,0,0,1,1,0,0,0,0,5.34371E+20,5.27948E+21,9.45783E+15,4.76678E+16
43403,43404,8,2,15,82,2016,12,13,3,3,4,1,0,1,0,1,0,0,0,0,4.89443E+20,5.44111E+21,8.85531E+15,4.91227E+16
43404,43405,8,1,25,102,2016,12,23,5,3,9,1,2,1,0,1,0,0,0,0,5.23617E+20,5.44466E+21,9.32389E+15,4.91543E+16
43405,43406,8,3,15,68,2016,12,7,4,3,4,6,1,0,0,1,0,0,0,1,4.40029E+20,5.3025E+21,8.19802E+15,4.7873E+16
43406,43407,8,1,16,81,2016,12,17,4,2,4,6,2,1,0,1,0,0,0,0,5.14426E+20,5.38621E+21,9.19578E+15,4.86288E+16
43407,43408,8,1,11,0,2016,12,7,6,3,5,3,2,0,1,1,0,0,0,0,5.15309E+20,5.39943E+21,9.20825E+15,4.87477E+16
43408,43409,8,2,15,102,2016,12,19,5,3,4,2,2,0,1,1,0,0,0,0,4.57247E+20,5.43799E+21,8.41438E+15,4.90933E+16
43409,43410,8,1,19,41,2016,12,7,3,2,5,3,2,0,1,1,0,0,0,0,5.26033E+20,5.4114E+21,9.35489E+15,4.88551E+16
43410,43411,8,1,11,0,2016,12,8,3,3,6,4,0,0,0,1,1,0,0,0,5.11691E+20,5.40651E+21,9.15924E+15,4.88115E+16
43411,43412,8,2,16,43,2016,12,11,2,3,5,3,0,0,1,1,0,0,0,0,4.43228E+20,5.41226E+21,8.22597E+15,4.88607E+16
43412,43413,8,1,15,3,2016,12,18,2,3,5,3,2,0,1,1,0,0,0,0,4.98884E+20,5.39159E+21,8.98484E+15,4.86774E+16
43413,43414,8,1,19,79,2016,12,11,5,3,2,2,0,1,0,1,0,0,0,0,5.22013E+20,5.41077E+21,9.30006E+15,4.88495E+16
43414,43415,8,1,15,28,2016,12,18,3,3,5,3,2,0,0,1,0,0,0,0,5.01748E+20,5.40383E+21,9.0238E+15,4.87874E+16
43415,43416,8,1,36,21,2016,12,20,2,3,2,6,2,0,0,1,0,0,0,0,5.75654E+20,5.40809E+21,1.00307E+16,4.88212E+16
43416,43417,8,2,16,5,2016,12,14,7,3,5,2,0,1,0,1,0,0,0,0,4.46194E+20,5.41792E+21,8.26566E+15,4.89119E+16
43417,43418,8,2,31,0,2016,12,6,6,3,8,1,2,1,0,0,0,0,1,0,4.82452E+20,5.41836E+21,8.76048E+15,4.89179E+16
43418,43419,8,1,15,4,2016,12,15,6,3,2,6,0,0,0,1,0,0,0,1,4.87691E+20,5.37408E+21,8.83331E+15,4.85197E+16
43419,43420,8,1,26,66,2016,12,11,6,3,5,3,0,1,0,1,0,0,0,0,5.33318E+20,5.45162E+21,9.45751E+15,4.92164E+16
43420,43421,8,3,26,27,2016,12,11,1,1,4,6,0,1,0,1,0,0,0,0,4.63316E+20,5.30844E+21,8.50891E+15,4.79282E+16
43421,43422,8,4,17,79,2016,12,11,3,2,0,7,0,0,0,1,0,0,0,0,5.00926E+20,5.34549E+21,9.01248E+15,4.82626E+16
43422,43423,8,1,28,115,2016,12,15,1,3,3,6,0,1,0,1,0,0,0,0,5.4865E+20,5.49378E+21,9.6732E+15,4.95947E+16
43423,43424,8,3,17,65,2016,12,12,5,3,2,6,0,0,0,1,0,0,0,0,4.16831E+20,5.35473E+21,7.87766E+15,4.83403E+16
43424,43425,8,3,17,151,2016,12,8,7,3,3,6,0,0,0,1,0,0,0,0,4.12012E+20,5.37209E+21,7.80901E+15,4.84958E+16
43425,43426,8,1,27,23,2016,12,14,7,2,5,2,0,0,0,1,0,0,0,0,5.5084E+20,5.42616E+21,9.69489E+15,4.89863E+16
43426,43427,8,2,22,0,2016,12,22,6,3,2,6,2,0,0,1,0,0,0,0,4.64866E+20,5.4791E+21,8.51514E+15,4.94635E+16
43427,43428,8,4,17,22,2016,12,15,4,2,4,7,0,0,0,1,0,0,0,0,4.83995E+20,5.34891E+21,8.78421E+15,4.82932E+16
43428,43429,8,2,31,0,2016,12,6,5,2,2,6,2,1,0,1,0,0,0,0,4.78688E+20,5.41793E+21,8.70912E+15,4.89139E+16
43429,43430,8,2,26,103,2016,12,11,7,3,3,6,0,1,0,1,0,0,0,0,4.72868E+20,5.45849E+21,8.62696E+15,4.92786E+16
43430,43431,8,3,17,65,2016,12,16,6,2,5,2,1,0,0,1,0,0,0,0,4.16101E+20,5.35449E+21,7.86785E+15,4.8338E+16
43431,43432,8,1,18,40,2016,12,13,6,2,6,4,0,0,0,1,1,0,0,0,5.10502E+20,5.43223E+21,9.14371E+15,4.90428E+16
43432,43433,8,1,25,58,2016,12,7,4,2,4,1,1,1,0,1,0,0,0,0,5.10283E+20,5.44337E+21,9.14099E+15,4.91431E+16
43433,43434,8,4,17,79,2016,12,1,1,3,8,1,2,1,0,1,0,0,0,0,4.9714E+20,5.33874E+21,8.96151E+15,4.82019E+16
43434,43435,8,4,36,64,2016,12,22,3,2,6,4,2,1,0,1,1,0,0,0,5.4701E+20,5.29394E+21,9.62774E+15,4.77971E+16
43435,43436,8,2,25,9,2016,12,16,7,2,8,1,0,1,0,1,0,0,0,0,5.19648E+20,5.46469E+21,9.27045E+15,4.93346E+16
43436,43437,8,3,16,37,2016,12,8,6,3,5,3,0,1,0,1,0,0,0,1,4.05835E+20,5.3367E+21,7.73331E+15,4.81766E+16
43437,43438,8,4,16,48,2016,12,13,5,3,2,6,0,0,0,1,0,0,0,0,4.91873E+20,5.37677E+21,8.88989E+15,4.8544E+16
43438,43439,8,3,37,125,2016,12,13,4,3,5,3,0,1,0,1,0,0,0,0,4.51113E+20,5.27347E+21,8.34949E+15,4.76128E+16
43439,43440,8,3,27,18,2016,12,11,5,2,5,3,0,1,0,1,0,0,0,1,4.74233E+20,5.3071E+21,8.65513E+15,4.79167E+16
43440,43441,8,1,19,67,2016,12,22,5,3,0,1,2,2,1,0,0,0,0,0,5.3907E+20,5.40614E+21,9.53211E+15,4.88071E+16
43441,43442,8,2,15,17,2016,12,20,4,2,9,1,2,1,0,1,0,0,0,0,4.54552E+20,5.4234E+21,8.37912E+15,4.89618E+16
43442,43443,8,1,11,0,2016,12,10,4,3,2,6,0,0,0,1,0,0,0,0,5.10661E+20,5.40206E+21,9.1451E+15,4.87715E+16
43443,43444,8,4,35,29,2016,12,23,5,2,8,1,2,1,0,1,0,0,0,0,5.45599E+20,5.27355E+21,9.60677E+15,4.76138E+16
43444,43445,8,2,11,0,2016,12,17,5,3,0,7,2,1,1,0,0,0,0,0,4.41339E+20,5.40343E+21,8.20148E+15,4.87811E+16
43445,43446,8,1,17,26,2016,12,15,3,3,0,6,0,0,0,1,0,0,0,0,5.49249E+20,5.39344E+21,9.66922E+15,4.8692E+16
43446,43447,8,4,36,55,2016,12,15,2,3,5,3,0,0,0,1,0,0,0,0,5.73522E+20,5.29638E+21,9.98214E+15,4.78166E+16
43447,43448,8,1,11,0,2016,12,8,2,3,2,6,0,1,0,1,0,0,0,0,5.13712E+20,5.40192E+21,9.18661E+15,4.87702E+16
43448,43449,8,1,11,0,2016,12,16,5,3,2,6,2,0,0,1,0,0,0,0,5.13152E+20,5.40219E+21,9.179E+15,4.87725E+16
43449,43450,8,3,16,37,2016,12,12,2,3,2,6,0,0,0,1,0,0,0,0,4.0797E+20,5.33384E+21,7.76265E+15,4.81512E+16
43450,43451,8,1,18,11,2016,12,8,2,3,5,2,0,0,0,1,0,1,0,0,5.0503E+20,5.40793E+21,9.06853E+15,4.88243E+16
43451,43452,8,1,36,19,2016,12,10,7,3,4,2,0,1,0,1,0,0,0,1,5.81751E+20,5.42527E+21,1.01171E+16,4.89749E+16
43452,43453,8,2,26,95,2016,12,17,6,2,5,7,2,0,0,1,0,0,0,0,4.75551E+20,5.46194E+21,8.66365E+15,4.93097E+16
43453,43454,8,4,36,79,2016,12,19,5,3,5,3,2,1,0,1,0,0,0,0,5.55522E+20,5.28852E+21,9.7407E+15,4.77477E+16
43454,43455,8,1,15,28,2016,12,13,6,3,1,7,0,1,0,1,0,0,0,0,4.98564E+20,5.40377E+21,8.98045E+15,4.87869E+16
43455,43456,8,3,17,1,2016,12,15,1,3,8,7,0,1,0,1,0,0,0,0,4.29725E+20,5.39088E+21,8.04555E+15,4.8667E+16
43456,43457,8,3,36,87,2016,12,21,3,3,9,1,2,1,0,1,0,0,0,0,4.19022E+20,5.30206E+21,7.91721E+15,4.78668E+16
43457,43458,8,2,22,0,2016,12,20,5,3,5,3,2,1,0,1,0,0,0,0,4.61109E+20,5.48145E+21,8.46306E+15,4.94845E+16
43458,43459,8,1,17,51,2016,12,16,1,3,5,3,2,1,0,1,0,0,0,0,5.42873E+20,5.39274E+21,9.5825E+15,4.86862E+16
43459,43460,8,3,17,100,2016,12,9,5,2,2,6,0,1,0,1,0,1,0,0,4.23775E+20,5.36729E+21,7.96906E+15,4.84542E+16
43460,43461,8,2,37,54,2016,12,14,7,3,4,2,0,1,0,1,0,0,0,0,4.68088E+20,5.37593E+21,8.56771E+15,4.85356E+16
43461,43462,8,1,11,0,2016,12,14,7,2,6,4,0,0,0,1,1,0,0,0,5.15559E+20,5.40596E+21,9.2119E+15,4.88064E+16
43462,43463,8,3,15,43,2016,12,17,3,3,5,3,2,0,0,1,0,0,0,0,4.04922E+20,5.32349E+21,7.72399E+15,4.80576E+16
43463,43464,8,1,25,46,2016,12,7,6,3,2,6,2,0,0,1,0,0,0,0,5.20068E+20,5.4341E+21,9.2747E+15,4.90594E+16
43464,43465,8,2,11,0,2016,12,17,4,3,2,6,2,0,0,1,0,0,0,0,4.41755E+20,5.40343E+21,8.20715E+15,4.87812E+16
43465,43466,8,1,19,85,2016,12,9,5,3,5,3,0,0,0,1,0,0,0,0,5.31596E+20,5.41535E+21,9.43103E+15,4.88903E+16
43466,43467,8,4,15,50,2016,12,12,3,2,6,4,0,0,0,1,1,0,0,0,5.22862E+20,5.37307E+21,9.30954E+15,4.85103E+16
43467,43468,8,3,26,52,2016,12,6,2,3,2,6,1,1,0,1,0,0,0,0,4.53594E+20,5.33097E+21,8.37632E+15,4.81303E+16
43468,43469,8,1,26,58,2016,12,19,1,2,8,1,2,0,0,1,0,0,0,0,5.43498E+20,5.45597E+21,9.59776E+15,4.9255E+16
43469,43470,8,4,25,88,2016,12,16,6,2,8,1,1,0,0,1,0,0,0,0,5.61153E+20,5.3504E+21,9.82465E+15,4.83038E+16
43470,43471,8,1,18,46,2016,12,12,5,2,0,7,0,1,1,0,0,0,0,0,5.13833E+20,5.41429E+21,9.18867E+15,4.88814E+16
43471,43472,8,1,15,21,2016,12,14,6,3,2,6,0,0,0,1,0,0,0,1,4.92418E+20,5.37923E+21,8.89722E+15,4.85661E+16
43472,43473,8,2,22,0,2016,12,13,4,3,3,6,0,0,0,1,0,0,1,0,4.60647E+20,5.48111E+21,8.45671E+15,4.94814E+16
43473,43474,8,1,18,79,2016,12,5,5,3,9,1,2,0,0,1,0,0,0,0,5.08694E+20,5.41984E+21,9.1187E+15,4.89314E+16
43474,43475,8,4,36,55,2016,12,8,3,3,3,2,0,0,1,1,0,0,0,0,5.7641E+20,5.29713E+21,1.00208E+16,4.7823E+16
43475,43476,8,4,25,141,2016,12,13,5,3,2,6,0,1,0,1,0,0,0,0,5.66959E+20,5.36354E+21,9.90503E+15,4.84215E+16
43476,43477,8,1,18,80,2016,12,13,5,2,2,2,0,0,0,1,0,0,0,0,5.05569E+20,5.41154E+21,9.07592E+15,4.88568E+16
43477,43478,8,1,16,16,2016,12,6,3,3,2,6,2,1,0,1,0,0,0,0,5.33581E+20,5.38625E+21,9.45574E+15,4.86284E+16
43478,43479,8,4,15,61,2016,12,7,2,3,2,6,1,1,0,1,0,0,0,0,5.15391E+20,5.37085E+21,9.2083E+15,4.84906E+16
43479,43480,8,3,35,28,2016,12,20,4,3,9,1,2,2,0,1,0,0,0,0,4.83171E+20,5.28897E+21,8.77546E+15,4.77539E+16
43480,43481,8,2,25,109,2016,12,21,2,3,2,6,2,1,0,1,0,0,0,0,5.29415E+20,5.49142E+21,9.40686E+15,4.95746E+16
43481,43482,8,4,26,113,2016,12,20,1,2,6,6,2,0,0,1,1,0,0,0,5.68941E+20,5.31996E+21,9.92472E+15,4.80292E+16
43482,43483,8,1,27,75,2016,12,12,7,3,5,3,0,1,0,1,0,0,0,0,5.71231E+20,5.4656E+21,9.98055E+15,4.9339E+16
43483,43484,8,1,25,65,2016,12,10,6,3,2,6,0,1,0,1,0,0,0,0,5.16261E+20,5.44777E+21,9.22314E+15,4.91825E+16
43484,43485,8,3,17,31,2016,12,7,5,3,5,3,1,0,0,1,0,1,0,0,4.16738E+20,5.3589E+21,7.87558E+15,4.83778E+16
43485,43486,8,4,36,64,2016,12,14,5,3,5,3,0,1,0,1,0,0,0,0,5.45089E+20,5.29078E+21,9.60177E+15,4.77688E+16
43486,43487,8,3,17,73,2016,12,19,3,3,5,3,2,0,0,1,0,0,0,0,4.09459E+20,5.34806E+21,7.77963E+15,4.82792E+16
43487,43488,8,2,15,103,2016,12,2,5,3,9,1,2,1,0,1,0,0,0,0,4.64898E+20,5.44423E+21,8.51864E+15,4.91499E+16
43488,43489,8,4,17,57,2016,12,10,7,3,1,6,0,0,0,1,0,0,0,0,4.81693E+20,5.33944E+21,8.75359E+15,4.82079E+16
43489,43490,8,3,16,17,2016,12,22,5,3,5,3,2,1,0,1,0,0,0,0,4.09318E+20,5.33944E+21,7.77957E+15,4.82017E+16
43490,43491,8,2,15,9,2016,12,18,7,2,0,7,2,1,1,0,0,0,0,0,4.6564E+20,5.43939E+21,8.52923E+15,4.91064E+16