FID,OBJECTID,ULAND,UREGBEZ,UKREIS,UGEMEINDE,UJAHR,UMONAT,USTUNDE,UWOCHENTAG,UKATEGORIE,UART,UTYP1,ULICHTVERH,IstStrasse,IstRad,IstPKW,IstFuss,IstKrad,IstGkfz,IstSonstig,LINREFX,LINREFY,XGCSWGS84,YGCSWGS84
43491,43492,8,4,21,0,2016,12,16,6,2,2,6,1,1,0,1,0,0,0,0,5.69661E+20,5.36251E+21,9.94137E+15,4.84119E+16
43492,43493,8,2,35,20,2016,12,13,3,2,8,3,0,0,0,1,0,1,0,0,4.75165E+20,5.38295E+21,8.66315E+15,4.85991E+16
43493,43494,8,1,25,65,2016,12,18,4,3,2,6,2,0,0,1,0,0,0,0,5.16284E+20,5.44776E+21,9.22345E+15,4.91824E+16
43494,43495,8,1,18,51,2016,12,14,6,3,2,6,0,0,0,1,0,0,0,0,5.09719E+20,5.41431E+21,9.13257E+15,4.88816E+16
43495,43496,8,3,26,74,2016,12,11,2,3,0,1,0,0,0,0,0,1,0,0,4.65161E+20,5.32213E+21,8.53249E+15,4.80515E+16
43496,43497,8,3,15,74,2016,12,12,3,3,0,3,0,1,0,1,0,0,0,0,3.96477E+20,5.29574E+21,7.61735E+15,4.78067E+16
43497,43498,8,1,11,0,2016,12,16,1,3,5,3,1,0,0,1,0,0,0,0,5.12656E+20,5.40169E+21,9.17223E+15,4.87681E+16
43498,43499,8,3,36,69,2016,12,20,6,3,8,1,0,1,0,1,0,0,0,0,4.03898E+20,5.26725E+21,7.72271E+15,4.75516E+16
43499,43500,8,2,16,24,2016,12,15,4,3,5,3,0,0,0,1,0,0,0,0,4.43985E+20,5.40714E+21,8.23699E+15,4.88147E+16
43500,43501,8,3,36,69,2016,12,20,6,3,8,1,2,1,0,1,0,0,0,0,4.10357E+20,5.27013E+21,7.80795E+15,4.75784E+16
43501,43502,8,2,22,0,2016,12,8,5,3,5,2,0,0,0,1,0,0,0,0,4.63789E+20,5.48031E+21,8.50015E+15,4.94743E+16
43502,43503,8,4,37,104,2016,12,15,4,3,2,6,0,0,0,1,0,0,0,1,5.15382E+20,5.32493E+21,9.20652E+15,4.80774E+16
43503,43504,8,3,16,17,2016,12,13,5,2,2,6,0,0,0,1,0,0,1,1,4.07294E+20,5.34299E+21,7.75156E+15,4.82334E+16
43504,43505,8,2,37,40,2016,12,14,3,3,4,2,0,0,0,1,0,0,0,0,4.79794E+20,5.36467E+21,8.72683E+15,4.84349E+16
43505,43506,8,1,27,63,2016,12,21,5,3,8,1,2,2,0,1,0,0,0,0,5.58832E+20,5.43604E+21,9.80555E+15,4.90744E+16
43506,43507,8,2,26,103,2016,12,14,4,3,2,6,0,0,0,1,0,0,0,1,4.71812E+20,5.45918E+21,8.61241E+15,4.92847E+16
43507,43508,8,2,37,28,2016,12,1,1,3,9,1,2,0,0,1,0,0,0,0,4.56986E+20,5.36812E+21,8.41813E+15,4.84647E+16
43508,43509,8,1,16,33,2016,12,16,7,3,0,6,1,1,0,1,0,0,0,0,5.31981E+20,5.38748E+21,9.43412E+15,4.86395E+16
43509,43510,8,2,36,46,2016,12,12,5,3,2,6,0,1,0,1,0,0,0,0,4.83153E+20,5.41748E+21,8.77008E+15,4.891E+16
43510,43511,8,4,25,33,2016,12,13,5,3,5,3,0,0,0,1,0,0,0,0,5.55688E+20,5.34801E+21,9.75065E+15,4.82828E+16
43511,43512,8,2,31,0,2016,12,16,3,3,2,6,0,0,0,1,0,0,0,0,4.78529E+20,5.41786E+21,8.70696E+15,4.89133E+16
43512,43513,8,1,15,28,2016,12,17,5,3,2,6,2,1,0,1,0,0,0,0,4.9895E+20,5.40375E+21,8.98571E+15,4.87867E+16
43513,43514,8,4,35,35,2016,12,17,7,2,5,3,2,0,1,1,0,0,0,0,5.41991E+20,5.28233E+21,9.5596E+15,4.7693E+16
43514,43515,8,3,15,7,2016,12,18,5,3,9,1,2,1,0,1,0,0,0,0,4.0036E+20,5.2934E+21,7.66974E+15,4.77863E+16
43515,43516,8,2,16,17,2016,12,12,3,3,0,1,0,0,1,0,0,0,0,0,4.52276E+20,5.39804E+21,8.35098E+15,4.87335E+16
43516,43517,8,1,21,0,2016,12,16,4,2,4,6,2,0,0,1,0,0,0,0,5.13668E+20,5.44317E+21,9.1874E+15,4.91412E+16
43517,43518,8,3,17,89,2016,12,14,2,2,5,2,0,0,0,1,0,0,0,0,4.30758E+20,5.37562E+21,8.06212E+15,4.85298E+16
43518,43519,8,1,27,89,2016,12,18,2,3,2,6,2,0,0,1,0,0,0,0,5.63319E+20,5.4371E+21,9.86715E+15,4.90835E+16
43519,43520,8,1,36,42,2016,12,16,5,3,8,1,0,0,0,1,0,0,0,0,5.52614E+20,5.40466E+21,9.71636E+15,4.87927E+16
43520,43521,8,3,36,91,2016,12,11,7,3,9,7,0,0,0,1,0,0,0,0,3.93286E+20,5.27512E+21,7.57979E+15,4.76207E+16
43521,43522,8,3,17,127,2016,12,14,6,3,4,1,0,1,0,1,0,0,0,0,4.22834E+20,5.35284E+21,7.959E+15,4.8324E+16
43522,43523,8,1,26,66,2016,12,19,6,3,5,3,2,1,0,1,0,0,0,0,5.36504E+20,5.45008E+21,9.50112E+15,4.92025E+16
43523,43524,8,1,35,27,2016,12,12,4,2,1,5,0,0,0,1,0,0,0,1,5.90111E+20,5.37717E+21,1.02208E+16,4.85411E+16
43524,43525,8,4,36,55,2016,12,16,1,2,5,3,1,1,0,1,0,0,0,0,5.78148E+20,5.29347E+21,1.00434E+16,4.77898E+16
43525,43526,8,1,18,40,2016,12,16,4,3,1,1,1,1,0,1,0,0,0,0,5.10537E+20,5.43228E+21,9.14419E+15,4.90433E+16
43526,43527,8,3,17,1,2016,12,20,6,3,5,2,2,0,0,1,0,0,0,0,4.2947E+20,5.38766E+21,8.04263E+15,4.8638E+16
43527,43528,8,2,11,0,2016,12,12,5,3,5,2,0,0,0,1,0,0,0,0,4.41575E+20,5.40365E+21,8.20467E+15,4.87831E+16
43528,43529,8,4,25,33,2016,12,8,4,3,2,6,0,0,0,1,0,0,0,0,5.53865E+20,5.35188E+21,9.72657E+15,4.83178E+16
43529,43530,8,3,25,14,2016,12,23,5,3,5,3,2,1,0,1,0,0,0,0,4.62985E+20,5.34008E+21,8.50173E+15,4.82129E+16
43530,43531,8,1,15,2,2016,12,7,3,3,6,4,2,1,0,1,1,0,0,0,4.99872E+20,5.38666E+21,8.99826E+15,4.8633E+16
43531,43532,8,1,21,0,2016,12,10,5,3,2,6,0,0,0,1,0,0,0,0,5.16279E+20,5.4415E+21,9.22312E+15,4.91261E+16
43532,43533,8,3,11,0,2016,12,15,4,3,3,6,0,0,0,1,0,0,0,0,4.14657E+20,5.31594E+21,7.85611E+15,4.7991E+16
43533,43534,8,1,15,45,2016,12,18,4,3,2,6,2,0,0,1,0,0,0,0,4.98335E+20,5.39449E+21,8.97737E+15,4.87035E+16
43534,43535,8,4,36,64,2016,12,21,5,2,8,1,2,1,0,1,0,0,0,0,5.43435E+20,5.28847E+21,9.57945E+15,4.77481E+16
43535,43536,8,1,15,45,2016,12,15,5,3,2,6,0,0,0,1,0,0,0,0,4.99767E+20,5.39339E+21,8.99684E+15,4.86935E+16
43536,43537,8,1,18,21,2016,12,6,3,3,4,6,2,0,0,0,0,0,0,1,5.2244E+20,5.42882E+21,9.30687E+15,4.90119E+16
43537,43538,8,1,11,0,2016,12,0,3,3,5,2,2,0,1,1,0,0,0,0,5.11496E+20,5.40192E+21,9.15646E+15,4.87702E+16
43538,43539,8,2,12,0,2016,12,7,2,3,0,1,0,0,1,0,0,0,0,0,4.55635E+20,5.42709E+21,8.39351E+15,4.89951E+16
43539,43540,8,1,11,0,2016,12,17,2,3,2,6,2,1,0,1,0,0,0,0,5.17985E+20,5.40375E+21,9.24484E+15,4.87865E+16
43540,43541,8,1,18,63,2016,12,15,5,2,8,1,0,0,0,1,0,0,0,0,5.1473E+20,5.42173E+21,9.20118E+15,4.89483E+16
43541,43542,8,1,11,0,2016,12,20,3,3,3,6,2,0,0,1,0,0,1,0,5.1245E+20,5.39471E+21,9.16923E+15,4.87053E+16
43542,43543,8,1,17,25,2016,12,16,4,3,2,1,1,1,0,1,0,0,0,0,5.56831E+20,5.39042E+21,9.77182E+15,4.86642E+16
43543,43544,8,1,11,0,2016,12,13,6,3,2,6,0,0,0,1,0,0,0,0,5.13277E+20,5.40657E+21,9.18084E+15,4.88119E+16
43544,43545,8,1,18,80,2016,12,13,5,3,1,6,0,0,0,1,0,0,0,0,5.08278E+20,5.41009E+21,9.11282E+15,4.88437E+16
43545,43546,8,1,36,88,2016,12,17,3,2,2,6,2,0,0,1,0,0,0,0,5.8907E+20,5.40722E+21,1.02132E+16,4.88116E+16
43546,43547,8,2,26,27,2016,12,10,2,3,4,6,0,1,0,1,0,0,1,0,4.87554E+20,5.48255E+21,8.82813E+15,4.94955E+16
43547,43548,8,1,18,79,2016,12,7,2,3,1,6,1,0,0,1,0,0,0,0,5.09927E+20,5.42184E+21,9.13558E+15,4.89494E+16
43548,43549,8,1,26,69,2016,12,23,5,3,9,1,2,2,0,1,0,0,0,0,5.35518E+20,5.4475E+21,9.48735E+15,4.91793E+16
43549,43550,8,1,25,5,2016,12,7,3,3,9,1,1,2,0,1,0,0,0,0,5.15262E+20,5.45215E+21,9.20959E+15,4.9222E+16
43550,43551,8,2,22,0,2016,12,16,7,3,3,6,0,0,0,1,0,0,0,0,4.6806E+20,5.48295E+21,8.5589E+15,4.94984E+16
43551,43552,8,3,11,0,2016,12,18,6,3,7,7,2,0,0,1,0,0,0,0,4.12464E+20,5.31846E+21,7.82621E+15,4.80135E+16
43552,43553,8,1,17,6,2016,12,0,6,3,9,1,2,2,0,1,0,0,0,0,5.50062E+20,5.38409E+21,9.67912E+15,4.86079E+16
43553,43554,8,4,15,85,2016,12,11,1,3,0,1,0,0,0,1,0,0,0,0,5.36277E+20,5.34076E+21,9.48839E+15,4.82191E+16
43554,43555,8,4,35,16,2016,12,10,3,3,5,3,0,0,0,1,0,0,0,0,5.35535E+20,5.27835E+21,9.47325E+15,4.76576E+16
43555,43556,8,3,27,57,2016,12,13,7,3,2,2,0,1,0,1,0,0,0,1,4.8989E+20,5.31019E+21,8.86461E+15,4.79449E+16
43556,43557,8,1,21,0,2016,12,4,7,3,8,1,2,0,0,1,0,0,0,0,5.15651E+20,5.44257E+21,9.21456E+15,4.91358E+16
43557,43558,8,2,31,0,2016,12,14,6,3,2,6,0,0,0,1,0,0,0,0,4.78525E+20,5.41784E+21,8.7069E+15,4.89131E+16
43558,43559,8,3,35,26,2016,12,12,4,2,5,3,0,1,0,1,0,0,0,0,4.80906E+20,5.28273E+21,8.74552E+15,4.76977E+16
43559,43560,8,2,31,0,2016,12,19,5,2,2,6,2,1,0,1,0,0,1,0,4.84549E+20,5.41349E+21,8.78928E+15,4.88742E+16
43560,43561,8,1,18,11,2016,12,17,5,3,2,6,2,0,0,1,0,0,0,0,5.05952E+20,5.40809E+21,9.0811E+15,4.88257E+16
43561,43562,8,2,22,0,2016,12,17,6,3,5,3,2,0,0,1,0,0,0,0,4.64207E+20,5.48392E+21,8.50561E+15,4.95068E+16
43562,43563,8,2,35,35,2016,12,10,4,2,1,5,0,0,0,1,0,0,0,0,4.69462E+20,5.40612E+21,8.58409E+15,4.88073E+16
43563,43564,8,4,36,11,2016,12,7,3,3,6,2,1,0,0,1,1,0,0,0,5.48616E+20,5.29665E+21,9.64949E+15,4.78214E+16
43564,43565,8,3,35,79,2016,12,8,5,2,2,6,0,1,0,1,0,0,1,0,5.02355E+20,5.30019E+21,9.03149E+15,4.7855E+16
43565,43566,8,1,15,28,2016,12,17,5,3,3,6,2,0,0,1,0,1,0,0,4.99258E+20,5.40366E+21,8.9899E+15,4.8786E+16
43566,43567,8,1,17,26,2016,12,7,3,3,6,7,2,0,0,1,1,0,0,0,5.49003E+20,5.39449E+21,9.66599E+15,4.87015E+16
43567,43568,8,4,26,73,2016,12,17,2,3,2,7,2,0,0,1,0,0,0,0,5.65313E+20,5.33969E+21,9.87909E+15,4.82071E+16
43568,43569,8,4,37,86,2016,12,16,4,3,5,3,0,1,0,1,0,0,0,0,5.22336E+20,5.31619E+21,9.29942E+15,4.79987E+16
43569,43570,8,2,35,20,2016,12,19,2,3,5,2,2,1,0,1,0,0,0,0,4.76922E+20,5.3807E+21,8.6871E+15,4.8579E+16
43570,43571,8,1,11,0,2016,12,6,2,2,8,1,2,0,0,1,0,0,0,0,5.12002E+20,5.39577E+21,9.16316E+15,4.87148E+16
43571,43572,8,1,17,49,2016,12,17,7,2,9,1,2,1,0,1,0,0,0,0,5.55055E+20,5.39154E+21,9.74785E+15,4.86745E+16
43572,43573,8,2,16,9,2016,12,15,6,3,0,3,0,1,0,1,0,1,0,0,4.46897E+20,5.42101E+21,8.27485E+15,4.89397E+16
43573,43574,8,4,15,87,2016,12,19,5,2,8,1,2,1,0,1,0,0,0,0,5.12938E+20,5.38253E+21,9.17547E+15,4.85957E+16
43574,43575,8,1,16,15,2016,12,10,6,3,2,6,0,0,0,1,0,0,0,0,5.22641E+20,5.39454E+21,9.30772E+15,4.87034E+16
43575,43576,8,2,22,0,2016,12,19,1,3,5,3,1,0,1,1,0,0,0,0,4.62926E+20,5.4829E+21,8.488E+15,4.94976E+16
43576,43577,8,4,36,4,2016,12,17,3,2,3,7,2,0,0,1,0,0,1,0,5.8066E+20,5.30822E+21,1.00797E+16,4.79222E+16
43577,43578,8,2,22,0,2016,12,20,5,3,0,7,2,0,0,0,0,0,0,1,4.62854E+20,5.48278E+21,8.48703E+15,4.94965E+16
43578,43579,8,4,36,64,2016,12,23,7,3,8,1,2,1,0,1,0,0,0,0,5.47275E+20,5.29151E+21,9.63101E+15,4.77752E+16
43579,43580,8,3,15,64,2016,12,17,5,3,3,3,2,1,0,1,0,0,0,0,4.21325E+20,5.31369E+21,7.94589E+15,4.79717E+16
43580,43581,8,4,26,14,2016,12,11,2,3,3,6,0,0,0,1,0,0,0,0,5.47368E+20,5.3205E+21,9.63545E+15,4.80361E+16
43581,43582,8,1,26,46,2016,12,9,2,3,9,1,0,1,0,1,0,0,0,0,5.49657E+20,5.46157E+21,9.68309E+15,4.93048E+16
43582,43583,8,1,15,28,2016,12,23,7,3,2,6,2,0,0,1,0,0,0,0,5.01014E+20,5.40346E+21,9.01381E+15,4.87841E+16
43583,43584,8,2,22,0,2016,12,11,6,3,1,6,0,1,0,1,0,0,0,0,4.63733E+20,5.48201E+21,8.49923E+15,4.94896E+16
43584,43585,8,1,11,0,2016,12,17,6,3,2,6,2,0,0,1,0,0,0,0,5.13753E+20,5.40228E+21,9.18719E+15,4.87734E+16
43585,43586,8,1,19,41,2016,12,13,6,3,2,6,0,0,0,1,0,0,0,0,5.25832E+20,5.40978E+21,9.35206E+15,4.88405E+16
43586,43587,8,2,26,12,2016,12,22,1,3,2,6,2,0,0,1,0,0,0,0,4.74383E+20,5.47843E+21,8.64652E+15,4.9458E+16
43587,43588,8,3,16,43,2016,12,16,3,3,2,6,0,0,0,1,0,0,1,0,4.09798E+20,5.32973E+21,7.78809E+15,4.81145E+16
43588,43589,8,2,36,4,2016,12,20,5,3,0,1,2,1,0,1,0,1,0,0,4.71796E+20,5.41136E+21,8.61551E+15,4.88545E+16
43589,43590,8,1,25,110,2016,12,19,1,3,8,3,2,1,0,1,0,0,0,0,5.2789E+20,5.4423E+21,9.38233E+15,4.91329E+16
43590,43591,8,3,36,84,2016,12,16,5,2,8,1,1,1,0,1,0,0,0,0,4.08135E+20,5.2764E+21,7.7771E+15,4.76344E+16
43591,43592,8,3,15,6,2016,12,19,7,3,5,2,2,0,0,1,0,0,0,0,4.00494E+20,5.3119E+21,7.66727E+15,4.79527E+16
43592,43593,8,1,35,20,2016,12,9,7,1,4,6,0,0,0,1,0,0,0,1,5.85914E+20,5.38874E+21,1.01664E+16,4.86458E+16
43593,43594,8,2,15,100,2016,12,7,5,3,4,6,1,0,0,1,0,0,0,0,4.73649E+20,5.45021E+21,8.63825E+15,4.92041E+16
43594,43595,8,1,17,35,2016,12,11,5,3,2,6,0,0,0,1,0,0,0,0,5.48795E+20,5.38145E+21,9.66164E+15,4.85842E+16
43595,43596,8,1,36,50,2016,12,7,6,2,6,4,1,0,0,1,1,0,0,0,5.81022E+20,5.40359E+21,1.01029E+16,4.87801E+16
43596,43597,8,2,16,8,2016,12,7,4,3,5,2,1,0,0,1,0,0,0,0,4.40916E+20,5.39135E+21,8.19746E+15,4.86724E+16
43597,43598,8,1,15,45,2016,12,9,5,3,2,6,0,0,0,1,0,0,0,0,4.99468E+20,5.39481E+21,8.99277E+15,4.87063E+16
43598,43599,8,4,25,108,2016,12,0,3,3,4,6,2,0,0,1,0,0,0,1,5.54272E+20,5.3578E+21,9.73283E+15,4.83711E+16
43599,43600,8,4,15,61,2016,12,0,5,3,6,4,2,1,0,1,1,0,0,0,5.15195E+20,5.37138E+21,9.20567E+15,4.84953E+16
43600,43601,8,1,36,65,2016,12,19,5,3,2,6,2,0,0,1,0,0,0,0,5.58019E+20,5.40562E+21,9.79009E+15,4.88009E+16
43601,43602,8,3,36,105,2016,12,19,2,3,8,1,2,0,0,1,0,0,0,0,4.01413E+20,5.26723E+21,7.6897E+15,4.7551E+16
43602,43603,8,4,35,16,2016,12,7,6,3,5,3,2,1,1,1,0,0,0,0,5.36819E+20,5.27979E+21,9.49046E+15,4.76705E+16
43603,43604,8,3,25,49,2016,12,7,4,3,5,3,2,1,0,1,0,0,0,0,4.70629E+20,5.33623E+21,8.60489E+15,4.81786E+16
43604,43605,8,3,35,66,2016,12,11,1,3,2,6,0,0,0,1,0,0,1,0,5.0974E+20,5.2812E+21,9.12978E+15,4.76841E+16
43605,43606,8,1,19,42,2016,12,2,7,2,8,7,2,0,0,1,0,0,0,0,5.29607E+20,5.41541E+21,9.40391E+15,4.88909E+16
43606,43607,8,1,36,88,2016,12,12,6,3,2,6,0,1,0,1,0,0,0,0,5.80684E+20,5.40947E+21,1.00994E+16,4.88329E+16
43607,43608,8,3,17,1,2016,12,3,5,3,9,1,2,2,0,1,0,0,0,0,4.27921E+20,5.38446E+21,8.02217E+15,4.86091E+16
43608,43609,8,4,35,16,2016,12,22,5,2,8,1,2,0,0,1,0,0,0,0,5.34743E+20,5.27948E+21,9.46278E+15,4.76678E+16
43609,43610,8,3,15,39,2016,12,22,3,2,8,1,2,1,0,1,0,0,0,0,4.44731E+20,5.30571E+21,8.26048E+15,4.79023E+16
43610,43611,8,1,21,0,2016,12,16,5,3,2,6,2,1,0,1,0,0,0,1,5.14759E+20,5.44813E+21,9.20254E+15,4.91858E+16
43611,43612,8,4,15,61,2016,12,17,7,3,3,6,2,1,0,1,0,0,0,0,5.15773E+20,5.37158E+21,9.21351E+15,4.84972E+16
43612,43613,8,3,15,98,2016,12,23,5,2,9,1,2,1,0,1,0,0,0,0,4.08183E+20,5.31299E+21,7.76999E+15,4.79636E+16
43613,43614,8,4,25,31,2016,12,21,7,3,2,6,2,0,0,1,0,0,0,0,5.71089E+20,5.36748E+21,9.9615E+15,4.84564E+16
43614,43615,8,4,16,41,2016,12,12,6,3,2,6,0,0,0,1,0,0,0,0,5.05598E+20,5.37328E+21,9.0758E+15,4.85126E+16
43615,43616,8,2,31,0,2016,12,9,3,3,1,6,0,0,0,1,0,0,0,0,4.77938E+20,5.41607E+21,8.69899E+15,4.88972E+16
43616,43617,8,1,15,21,2016,12,11,4,3,2,6,0,0,0,1,0,0,0,0,4.92549E+20,5.38103E+21,8.89897E+15,4.85823E+16
43617,43618,8,1,15,50,2016,12,18,6,3,2,6,2,1,0,1,0,0,0,0,4.88817E+20,5.40178E+21,8.84782E+15,4.87689E+16
43618,43619,8,3,17,65,2016,12,10,2,3,4,6,0,0,0,1,0,0,1,0,4.17115E+20,5.35483E+21,7.88147E+15,4.83412E+16
43619,43620,8,1,36,43,2016,12,16,2,3,2,6,2,1,0,1,0,0,0,0,5.70866E+20,5.40817E+21,9.96546E+15,4.88225E+16
43620,43621,8,3,15,15,2016,12,14,3,3,5,3,0,1,0,1,0,0,0,0,3.94711E+20,5.32219E+21,7.5873E+15,4.80443E+16
43621,43622,8,2,22,0,2016,12,18,7,3,5,2,2,0,1,0,0,0,0,1,4.61788E+20,5.48102E+21,8.47247E+15,4.94806E+16
43622,43623,8,4,36,85,2016,12,17,6,2,2,6,2,1,0,1,0,0,0,0,5.58945E+20,5.30142E+21,9.78812E+15,4.78634E+16
43623,43624,8,2,15,21,2016,12,12,3,2,2,6,0,0,0,1,0,0,1,0,4.69095E+20,5.44692E+21,8.57599E+15,4.91744E+16
43624,43625,8,1,19,93,2016,12,7,6,3,2,6,2,0,0,1,0,0,0,0,5.25081E+20,5.40466E+21,9.3415E+15,4.87945E+16
43625,43626,8,4,35,42,2016,12,10,3,3,5,3,0,1,0,1,0,0,0,0,5.52955E+20,5.27885E+21,9.70528E+15,4.76608E+16
43626,43627,8,1,19,8,2016,12,2,1,3,5,3,2,1,0,1,0,0,0,0,5.31021E+20,5.42151E+21,9.42366E+15,4.89457E+16
43627,43628,8,4,17,2,2016,12,15,6,3,4,1,0,0,0,1,0,0,0,0,4.90306E+20,5.34926E+21,8.8693E+15,4.82965E+16
43628,43629,8,2,15,9,2016,12,17,4,2,2,6,2,0,0,1,0,0,0,0,4.65595E+20,5.43735E+21,8.52879E+15,4.90881E+16
43629,43630,8,2,26,85,2016,12,14,1,3,0,1,0,1,0,0,0,1,0,0,4.86445E+20,5.44969E+21,8.81393E+15,4.91998E+16
43630,43631,8,1,15,45,2016,12,3,7,3,8,1,2,0,0,1,0,0,0,0,5.0021E+20,5.39392E+21,9.00285E+15,4.86983E+16
43631,43632,8,3,16,17,2016,12,22,6,3,2,6,2,0,0,0,0,0,1,0,4.07464E+20,5.33504E+21,7.75558E+15,4.81619E+16
43632,43633,8,2,12,0,2016,12,16,5,3,2,6,1,0,0,1,0,0,0,0,4.60703E+20,5.42896E+21,8.4626E+15,4.90123E+16
43633,43634,8,1,15,28,2016,12,14,5,3,2,6,0,0,0,1,0,0,0,0,4.98655E+20,5.40553E+21,8.98168E+15,4.88028E+16
43634,43635,8,4,17,79,2016,12,0,5,3,2,6,2,1,0,1,0,0,0,0,4.9768E+20,5.34155E+21,8.96876E+15,4.82272E+16
43635,43636,8,2,31,0,2016,12,12,3,3,2,6,0,0,0,1,0,0,0,0,4.8168E+20,5.41906E+21,8.74991E+15,4.89242E+16
43636,43637,8,1,36,65,2016,12,20,5,3,2,6,2,1,0,1,0,0,0,0,5.58951E+20,5.4058E+21,9.8028E+15,4.88024E+16
43637,43638,8,2,12,0,2016,12,9,3,3,3,6,0,0,0,1,0,0,1,0,4.53409E+20,5.4284E+21,8.36292E+15,4.90067E+16
43638,43639,8,1,18,21,2016,12,10,4,2,6,4,0,1,0,1,1,0,0,0,5.21873E+20,5.42792E+21,9.29907E+15,4.90038E+16
43639,43640,8,1,35,16,2016,12,17,3,3,0,4,2,0,0,1,1,0,0,0,5.90932E+20,5.38589E+21,1.02339E+16,4.86194E+16
43640,43641,8,2,12,0,2016,12,6,2,3,2,6,2,1,0,1,0,0,0,0,4.49739E+20,5.43181E+21,8.31232E+15,4.90371E+16
43641,43642,8,1,21,0,2016,12,6,2,3,2,6,2,1,0,1,0,0,0,1,5.152E+20,5.44171E+21,9.20835E+15,4.91281E+16
43642,43643,8,1,36,21,2016,12,11,5,3,2,6,0,0,0,1,0,0,0,0,5.75925E+20,5.40812E+21,1.00344E+16,4.88215E+16
43643,43644,8,3,35,63,2016,12,10,7,2,6,7,0,1,0,1,1,0,0,0,4.97625E+20,5.28793E+21,8.96831E+15,4.77448E+16
43644,43645,8,3,17,5,2016,12,10,6,3,2,6,0,0,0,1,0,0,0,0,4.24137E+20,5.37557E+21,7.97246E+15,4.85286E+16
43645,43646,8,1,18,11,2016,12,11,6,3,3,6,0,0,0,1,0,0,0,0,5.05047E+20,5.40778E+21,9.06876E+15,4.88229E+16
43646,43647,8,1,27,99,2016,12,13,4,3,5,3,0,0,0,1,0,0,0,0,5.62715E+20,5.44657E+21,9.86035E+15,4.91687E+16
43647,43648,8,4,17,8,2016,12,1,1,3,9,1,2,1,0,1,0,0,0,0,4.94696E+20,5.3529E+21,8.92844E+15,4.83292E+16
43648,43649,8,1,16,49,2016,12,0,4,3,2,6,2,0,0,1,0,0,0,0,5.24599E+20,5.38577E+21,9.33382E+15,4.86246E+16
43649,43650,8,4,26,21,2016,12,12,7,3,5,3,0,0,0,1,0,0,0,0,5.60041E+20,5.32966E+21,9.80672E+15,4.81174E+16
43650,43651,8,3,25,12,2016,12,12,6,3,5,3,0,1,0,1,0,0,0,0,4.67569E+20,5.35247E+21,8.56249E+15,4.83246E+16
43651,43652,8,1,25,1,2016,12,14,4,3,2,6,0,0,0,1,0,0,0,0,5.20356E+20,5.43507E+21,9.27868E+15,4.90681E+16
43652,43653,8,3,26,74,2016,12,11,6,3,5,3,0,1,0,1,0,0,0,0,4.59896E+20,5.32005E+21,8.46205E+15,4.80325E+16
43653,43654,8,2,16,43,2016,12,10,5,3,6,2,0,0,0,1,1,0,0,0,4.41583E+20,5.4115E+21,8.20366E+15,4.88537E+16
43654,43655,8,4,26,21,2016,12,15,4,3,8,1,0,0,0,1,0,0,0,0,5.58045E+20,5.3266E+21,9.77949E+15,4.80901E+16
43655,43656,8,3,35,43,2016,12,23,5,3,2,6,2,1,0,1,0,0,0,0,5.13564E+20,5.27945E+21,9.18068E+15,4.76683E+16
43656,43657,8,2,25,58,2016,12,16,3,3,5,3,0,0,0,1,0,0,0,0,5.07609E+20,5.46656E+21,9.10477E+15,4.93517E+16
43657,43658,8,1,25,102,2016,12,16,5,3,5,3,1,0,0,1,0,0,0,0,5.22594E+20,5.44289E+21,9.30977E+15,4.91384E+16
43658,43659,8,3,16,11,2016,12,7,4,3,2,6,2,0,0,1,0,0,0,0,4.12519E+20,5.33139E+21,7.8243E+15,4.81298E+16
43659,43660,8,1,16,33,2016,12,17,4,3,2,6,1,1,0,1,0,0,0,0,5.34972E+20,5.38777E+21,9.47474E+15,4.8642E+16
43660,43661,8,1,11,0,2016,12,20,6,3,6,4,2,0,0,1,1,0,0,0,5.15803E+20,5.40552E+21,9.21521E+15,4.88025E+16
43661,43662,8,1,28,138,2016,12,16,5,3,2,6,1,0,0,1,0,0,1,0,5.4094E+20,5.48434E+21,9.56553E+15,4.95103E+16
43662,43663,8,1,21,0,2016,12,17,3,3,5,3,2,0,0,1,0,0,0,0,5.15833E+20,5.44162E+21,9.21701E+15,4.91272E+16
43663,43664,8,1,11,0,2016,12,15,3,2,4,1,0,0,0,1,0,0,0,0,5.10833E+20,5.40144E+21,9.14742E+15,4.87659E+16
43664,43665,8,2,21,0,2016,12,17,2,2,2,6,0,0,0,1,0,0,0,0,4.74674E+20,5.46974E+21,8.65108E+15,4.93799E+16
43665,43666,8,1,16,77,2016,12,9,2,3,5,3,0,0,0,1,0,0,1,0,5.17682E+20,5.39107E+21,9.24018E+15,4.86724E+16
43666,43667,8,1,21,0,2016,12,10,5,3,1,6,0,0,0,1,0,0,0,0,5.1623E+20,5.44118E+21,9.22244E+15,4.91232E+16
43667,43668,8,1,15,45,2016,12,11,3,3,2,6,0,0,0,1,0,0,0,0,4.99776E+20,5.39338E+21,8.99696E+15,4.86934E+16
43668,43669,8,1,18,80,2016,12,19,2,3,2,6,2,1,0,1,0,0,0,0,5.09287E+20,5.41193E+21,9.12661E+15,4.88603E+16
43669,43670,8,2,22,0,2016,12,12,7,2,6,2,0,1,0,1,1,0,0,0,4.62907E+20,5.47912E+21,8.4881E+15,4.94636E+16