FID,OBJECTID,ULAND,UREGBEZ,UKREIS,UGEMEINDE,UJAHR,UMONAT,USTUNDE,UWOCHENTAG,UKATEGORIE,UART,UTYP1,ULICHTVERH,IstStrasse,IstRad,IstPKW,IstFuss,IstKrad,IstGkfz,IstSonstig,LINREFX,LINREFY,XGCSWGS84,YGCSWGS84
43849,43850,14,7,30,310,2016,1,17,6,3,4,6,1,1,0,1,0,0,0,0,7.79503E+20,5.71566E+21,1.30294E+16,5.15228E+16
43850,43851,14,6,26,580,2016,1,12,4,3,2,6,0,1,0,1,0,0,0,1,9.05306E+20,5.69581E+21,1.48119E+16,5.12691E+16
43851,43852,14,5,11,0,2016,1,22,5,3,8,1,2,1,1,0,0,0,0,0,7.68521E+20,5.63911E+21,1.28143E+16,5.08412E+16
43852,43853,14,5,24,330,2016,1,0,6,2,0,7,2,1,0,1,1,0,0,0,7.4609E+20,5.62696E+21,1.24882E+16,5.07422E+16
43853,43854,14,6,26,290,2016,1,23,3,2,8,1,2,1,0,1,0,0,0,0,8.98775E+20,5.67446E+21,1.46951E+16,5.10826E+16
43854,43855,14,5,23,370,2016,1,7,6,3,5,3,0,1,0,1,0,0,0,0,7.38623E+20,5.58439E+21,1.23553E+16,5.03632E+16
43855,43856,14,7,29,160,2016,1,10,4,3,8,1,0,1,0,1,0,0,0,0,7.60298E+20,5.68336E+21,1.27296E+16,5.12422E+16
43856,43857,14,6,28,410,2016,1,9,5,2,0,1,0,0,0,1,0,0,1,0,8.14126E+20,5.666E+21,1.34833E+16,5.10594E+16
43857,43858,14,6,12,0,2016,1,17,7,3,6,4,2,0,0,0,1,0,0,1,8.31958E+20,5.66522E+21,1.37362E+16,5.10424E+16
43858,43859,14,7,29,160,2016,1,14,3,2,6,4,0,0,0,1,1,0,0,0,7.59846E+20,5.68228E+21,1.27223E+16,5.12326E+16
43859,43860,14,7,30,70,2016,1,20,4,3,4,1,2,1,0,1,0,0,0,0,7.31529E+20,5.71034E+21,1.23357E+16,5.14967E+16
43860,43861,14,5,22,460,2016,1,11,1,3,5,3,0,2,0,1,0,0,0,0,7.58446E+20,5.64975E+21,1.2679E+16,5.09413E+16
43861,43862,14,7,13,0,2016,1,10,5,3,2,6,0,1,1,1,0,0,0,0,7.27208E+20,5.69357E+21,1.22628E+16,5.13479E+16
43862,43863,14,7,13,0,2016,1,10,5,3,0,1,0,2,1,0,0,0,0,0,7.36471E+20,5.69323E+21,1.23954E+16,5.13411E+16
43863,43864,14,6,26,370,2016,1,13,2,2,6,4,0,0,0,1,1,0,0,0,9.05916E+20,5.69882E+21,1.4824E+16,5.12956E+16
43864,43865,14,5,22,360,2016,1,13,2,1,8,1,0,1,0,1,0,0,0,0,7.75082E+20,5.65421E+21,1.29187E+16,5.09737E+16
43865,43866,14,5,11,0,2016,1,10,3,3,2,2,0,1,0,0,0,1,0,1,7.71203E+20,5.64174E+21,1.28543E+16,5.08636E+16
43866,43867,8,4,36,64,2016,12,12,6,3,2,6,0,1,0,1,0,0,0,1,5.45567E+20,5.2922E+21,9.6083E+15,4.77815E+16
43867,43868,14,6,28,80,2016,1,14,6,3,2,2,0,1,0,1,0,0,0,0,8.41034E+20,5.65803E+21,1.38585E+16,5.09726E+16
43868,43869,14,6,28,10,2016,1,14,4,3,4,1,0,2,0,1,0,0,0,0,8.31105E+20,5.63444E+21,1.36962E+16,5.0767E+16
43869,43870,14,5,24,90,2016,1,8,4,3,8,1,0,1,0,1,0,0,0,0,7.56879E+20,5.6208E+21,1.26365E+16,5.06822E+16
43870,43871,14,6,12,0,2016,1,8,3,3,2,6,0,1,0,1,0,0,1,0,8.32062E+20,5.67436E+21,1.37461E+16,5.11243E+16
43871,43872,14,5,22,310,2016,1,7,6,3,8,1,2,1,0,1,0,0,0,0,7.77746E+20,5.67978E+21,1.29762E+16,5.12018E+16
43872,43873,14,6,25,20,2016,1,15,4,3,6,4,0,1,0,1,1,0,0,0,8.80899E+20,5.68387E+21,1.4451E+16,5.1179E+16
43873,43874,14,6,26,370,2016,1,21,5,2,6,4,2,1,0,1,1,0,0,0,9.06044E+20,5.69938E+21,1.48265E+16,5.13005E+16
43874,43875,14,5,24,280,2016,1,7,3,1,6,4,2,1,0,1,1,0,0,0,7.55219E+20,5.63212E+21,1.26209E+16,5.07846E+16
43875,43876,14,5,22,300,2016,1,17,1,3,6,6,2,0,0,1,1,0,0,0,7.81802E+20,5.66357E+21,1.30214E+16,5.10544E+16
43876,43877,14,7,13,0,2016,1,18,2,3,2,2,2,1,0,1,0,0,0,0,7.40751E+20,5.69446E+21,1.24576E+16,5.13504E+16
43877,43878,8,4,35,36,2016,12,18,6,2,5,3,2,1,1,1,0,0,0,0,5.20259E+20,5.28298E+21,9.27002E+15,4.76999E+16
43878,43879,14,6,28,150,2016,1,9,6,1,8,1,0,2,0,1,0,0,0,0,8.22972E+20,5.63529E+21,1.3582E+16,5.07792E+16
43879,43880,14,5,11,0,2016,1,6,4,3,4,7,2,1,0,1,0,0,0,0,7.75055E+20,5.64332E+21,1.29101E+16,5.0876E+16
43880,43881,8,4,26,97,2016,12,17,7,3,4,2,2,1,0,1,0,0,0,0,5.35108E+20,5.33385E+21,9.47208E+15,4.81569E+16
43881,43882,14,7,30,330,2016,1,11,6,3,9,7,0,1,0,0,0,0,0,1,7.80077E+20,5.68698E+21,1.30151E+16,5.12653E+16
43882,43883,14,6,25,220,2016,1,6,3,3,9,1,2,2,0,1,0,0,0,0,8.51609E+20,5.68845E+21,1.40381E+16,5.12388E+16
43883,43884,8,2,35,8,2016,12,23,6,3,9,1,2,2,0,1,0,0,0,0,4.84301E+20,5.40125E+21,8.78638E+15,4.8764E+16
43884,43885,14,5,24,80,2016,1,22,7,3,0,6,2,1,1,1,0,0,0,0,7.48246E+20,5.63646E+21,1.25251E+16,5.08265E+16
43885,43886,14,6,12,0,2016,1,18,2,3,6,2,2,1,0,1,1,0,0,0,8.30523E+20,5.67073E+21,1.37209E+16,5.10926E+16
43886,43887,14,6,25,40,2016,1,21,1,2,5,3,2,1,0,1,0,0,0,0,8.63207E+20,5.67791E+21,1.4193E+16,5.11372E+16
43887,43888,14,7,29,410,2016,1,21,3,2,8,1,2,2,0,1,0,0,0,0,7.60247E+20,5.69726E+21,1.2739E+16,5.13669E+16
43888,43889,8,2,25,14,2016,12,13,6,3,8,1,0,1,0,1,0,0,0,0,5.27729E+20,5.48812E+21,9.38331E+15,4.95451E+16
43889,43890,14,6,26,170,2016,1,12,2,3,5,3,0,1,0,1,0,0,0,1,9.01056E+20,5.65766E+21,1.4709E+16,5.09308E+16
43890,43891,8,4,21,0,2016,12,6,6,3,9,1,2,2,0,1,0,0,0,0,5.68709E+20,5.36447E+21,9.92883E+15,4.84296E+16
43891,43892,14,6,12,0,2016,1,18,6,2,5,3,2,1,1,1,0,0,0,0,8.38315E+20,5.66539E+21,1.38268E+16,5.10403E+16
43892,43893,14,5,11,0,2016,1,14,6,3,2,6,0,1,0,1,0,0,0,0,7.80437E+20,5.64475E+21,1.29875E+16,5.08862E+16
43893,43894,14,5,11,0,2016,1,16,3,3,2,6,1,1,0,1,0,0,0,0,7.72953E+20,5.63605E+21,1.28748E+16,5.08117E+16
43894,43895,8,3,27,18,2016,12,19,7,3,2,2,2,1,0,1,0,0,0,0,4.75441E+20,5.30751E+21,8.67128E+15,4.79205E+16
43895,43896,14,6,25,320,2016,1,5,6,3,3,6,2,2,0,1,0,0,0,0,8.48459E+20,5.68016E+21,1.39852E+16,5.11665E+16
43896,43897,14,6,27,130,2016,1,14,3,3,8,1,0,1,0,1,0,0,0,0,7.97327E+20,5.67833E+21,1.32545E+16,5.11789E+16
43897,43898,14,6,28,190,2016,1,8,7,3,8,1,0,2,0,1,0,0,0,0,8.61922E+20,5.66282E+21,1.41596E+16,5.10028E+16
43898,43899,14,6,27,140,2016,1,17,5,3,5,2,2,0,1,1,0,0,0,0,8.13676E+20,5.67784E+21,1.34872E+16,5.11658E+16
43899,43900,14,6,25,300,2016,1,18,7,2,8,1,2,1,0,1,0,0,0,0,8.38306E+20,5.68719E+21,1.38471E+16,5.12356E+16
43900,43901,14,7,29,40,2016,1,13,3,3,8,7,0,0,0,1,0,0,0,0,7.37363E+20,5.67867E+21,1.23985E+16,5.121E+16
43901,43902,14,5,24,90,2016,1,7,4,3,4,6,0,1,0,1,0,0,1,0,7.58517E+20,5.6192E+21,1.26586E+16,5.06671E+16
43902,43903,14,6,12,0,2016,1,2,1,3,6,4,2,2,0,1,1,0,0,0,8.32584E+20,5.66763E+21,1.37474E+16,5.10636E+16
43903,43904,14,5,23,320,2016,1,18,5,3,5,3,2,1,1,1,0,0,0,0,7.22029E+20,5.59942E+21,1.21313E+16,5.05046E+16
43904,43905,14,7,29,160,2016,1,7,5,2,9,1,1,2,0,1,0,0,0,0,7.59706E+20,5.67856E+21,1.27176E+16,5.11993E+16
43905,43906,14,6,26,600,2016,1,13,2,1,5,3,0,0,1,1,0,0,0,0,8.90705E+20,5.7199E+21,1.46301E+16,5.14948E+16
43906,43907,14,6,12,0,2016,1,16,5,3,2,2,1,1,0,1,0,0,0,0,8.31223E+20,5.66691E+21,1.37273E+16,5.1058E+16
43907,43908,14,6,25,10,2016,1,10,1,3,9,1,0,2,0,1,0,0,0,0,8.51355E+20,5.67052E+21,1.4017E+16,5.10784E+16
43908,43909,14,5,11,0,2016,1,12,6,3,2,6,0,0,0,1,0,0,0,0,7.73679E+20,5.63676E+21,1.28857E+16,5.08178E+16
43909,43910,14,7,30,310,2016,1,6,5,3,4,1,2,2,0,1,0,0,0,0,7.77933E+20,5.71142E+21,1.30035E+16,5.14855E+16
43910,43911,14,7,29,70,2016,1,14,2,3,4,1,0,2,0,1,0,0,0,0,7.5338E+20,5.69223E+21,1.2637E+16,5.13248E+16
43911,43912,8,3,25,70,2016,12,11,7,3,2,6,0,1,1,1,0,0,0,0,4.6194E+20,5.34983E+21,8.48679E+15,4.83005E+16
43912,43913,14,6,28,340,2016,1,15,2,3,9,1,0,2,0,1,0,0,0,0,8.54694E+20,5.64643E+21,1.4041E+16,5.08605E+16
43913,43914,14,6,28,360,2016,1,15,6,2,8,1,0,1,0,1,0,0,0,0,8.69306E+20,5.66106E+21,1.42626E+16,5.09823E+16
43914,43915,14,7,29,30,2016,1,8,6,3,2,6,0,1,0,1,0,0,0,0,7.60298E+20,5.69251E+21,1.27362E+16,5.13242E+16
43915,43916,14,6,26,600,2016,1,6,4,2,0,1,2,2,1,0,0,0,0,0,8.91309E+20,5.72088E+21,1.46399E+16,5.15032E+16
43916,43917,14,6,27,190,2016,1,7,5,2,6,4,1,1,0,1,1,0,0,1,8.06146E+20,5.69213E+21,1.33921E+16,5.1298E+16
43917,43918,14,5,21,30,2016,1,1,7,1,9,1,2,2,0,1,0,0,0,0,7.59308E+20,5.61009E+21,1.26634E+16,5.05851E+16
43918,43919,14,7,13,0,2016,1,15,3,3,5,3,0,0,1,1,0,0,0,0,7.3373E+20,5.69315E+21,1.2356E+16,5.13415E+16
43919,43920,14,6,26,290,2016,1,12,4,3,5,3,0,1,0,1,0,0,0,0,8.97936E+20,5.67328E+21,1.46819E+16,5.10727E+16
43920,43921,14,7,13,0,2016,1,19,5,2,6,4,2,1,0,0,1,0,0,1,7.35352E+20,5.69351E+21,1.23795E+16,5.13441E+16
43921,43922,14,7,29,320,2016,1,6,5,2,4,1,2,2,0,1,0,0,0,0,7.38923E+20,5.6738E+21,1.24175E+16,5.11656E+16
43922,43923,14,6,25,430,2016,1,15,1,2,2,6,0,0,0,1,0,0,0,0,8.37379E+20,5.67998E+21,1.38271E+16,5.11715E+16
43923,43924,14,5,23,320,2016,1,18,2,3,5,3,2,1,0,1,0,0,0,0,7.2481E+20,5.59415E+21,1.21672E+16,5.04562E+16
43924,43925,8,4,25,20,2016,12,17,6,3,8,1,2,0,0,1,0,0,0,0,5.60172E+20,5.35803E+21,9.81251E+15,4.83726E+16
43925,43926,14,6,27,60,2016,1,12,6,3,2,2,0,0,0,1,0,0,0,0,8.15952E+20,5.69079E+21,1.35311E+16,5.12807E+16
43926,43927,14,5,21,610,2016,1,16,2,2,8,1,2,2,0,1,0,0,0,0,7.78021E+20,5.6141E+21,1.29301E+16,5.06124E+16
43927,43928,14,6,12,0,2016,1,5,6,3,9,1,2,1,0,1,0,0,0,0,8.38054E+20,5.6704E+21,1.38277E+16,5.10853E+16
43928,43929,8,3,16,45,2016,12,17,6,3,1,7,2,0,0,1,0,0,0,0,4.11212E+20,5.32526E+21,7.80802E+15,4.80744E+16
43929,43930,14,6,25,240,2016,1,16,6,3,4,2,1,1,0,1,0,0,0,0,8.64114E+20,5.71037E+21,1.42389E+16,5.14273E+16
43930,43931,14,6,26,610,2016,1,18,4,2,6,2,2,1,0,1,1,0,0,0,9.08897E+20,5.65458E+21,1.48165E+16,5.08977E+16
43931,43932,14,5,22,340,2016,1,11,5,3,5,3,0,0,0,1,0,0,0,0,8.13051E+20,5.64209E+21,1.34475E+16,5.08456E+16
43932,43933,14,6,26,450,2016,1,15,3,3,5,3,0,1,0,1,0,0,1,0,9.03973E+20,5.68205E+21,1.47774E+16,5.11469E+16
43933,43934,14,5,22,260,2016,1,21,4,3,8,1,2,2,0,1,0,0,0,0,7.67471E+20,5.642E+21,1.28016E+16,5.08677E+16
43934,43935,14,6,27,230,2016,1,14,5,2,5,3,0,1,1,0,0,0,1,0,7.98513E+20,5.69379E+21,1.32843E+16,5.1317E+16
43935,43936,14,7,30,90,2016,1,12,3,3,9,1,0,2,0,1,0,0,0,0,7.69363E+20,5.72759E+21,1.28928E+16,5.16347E+16
43936,43937,14,7,30,310,2016,1,6,2,3,2,6,2,2,0,1,0,0,1,0,7.80038E+20,5.71906E+21,1.30398E+16,5.1553E+16
43937,43938,8,3,25,64,2016,12,1,6,3,9,7,2,1,0,1,0,0,0,0,4.78046E+20,5.33224E+21,8.70488E+15,4.8143E+16
43938,43939,14,6,12,0,2016,1,18,6,2,6,6,2,1,0,1,1,0,0,0,8.44814E+20,5.6658E+21,1.39195E+16,5.104E+16
43939,43940,14,5,23,430,2016,1,5,3,3,5,3,2,1,0,1,0,0,0,0,7.37315E+20,5.60413E+21,1.23494E+16,5.05409E+16
43940,43941,14,5,22,50,2016,1,5,3,3,4,6,2,2,0,1,0,0,0,0,8.02765E+20,5.6414E+21,1.33013E+16,5.08449E+16
43941,43942,8,3,27,50,2016,12,0,7,2,9,1,2,2,0,1,0,0,0,0,4.86789E+20,5.31509E+21,8.82293E+15,4.7989E+16
43942,43943,14,6,12,0,2016,1,13,4,2,0,7,0,1,0,1,0,0,1,0,8.31626E+20,5.66731E+21,1.37334E+16,5.10613E+16
43943,43944,14,5,21,550,2016,1,7,3,3,8,1,0,2,0,0,0,0,0,1,7.68024E+20,5.6013E+21,1.27799E+16,5.05023E+16
43944,43945,8,3,17,110,2016,12,14,7,3,2,6,0,0,0,1,0,0,0,0,4.26992E+20,5.38189E+21,8.01002E+15,4.85858E+16
43945,43946,14,7,13,0,2016,1,14,3,3,8,1,0,1,0,1,0,0,0,0,7.31491E+20,5.69713E+21,1.23265E+16,5.13782E+16
43946,43947,8,3,17,118,2016,12,16,6,2,3,6,1,1,0,1,0,1,0,0,4.37374E+20,5.38538E+21,8.15025E+15,4.86184E+16
43947,43948,14,5,22,200,2016,1,10,1,3,5,3,0,2,0,1,0,0,0,0,8.03975E+20,5.63238E+21,1.33109E+16,5.07634E+16
43948,43949,14,6,26,110,2016,1,7,2,2,6,4,2,1,0,1,1,0,0,0,9.17396E+20,5.68483E+21,1.49715E+16,5.11622E+16
43949,43950,14,5,11,0,2016,1,6,2,3,3,6,2,1,0,1,0,0,1,0,7.74833E+20,5.6399E+21,1.29043E+16,5.08454E+16
43950,43951,14,5,21,710,2016,1,16,6,2,4,2,2,2,0,1,0,0,0,0,7.71207E+20,5.61437E+21,1.28342E+16,5.0618E+16
43951,43952,14,7,30,20,2016,1,15,1,2,5,3,0,1,0,1,0,0,0,0,7.48843E+20,5.72238E+21,1.25932E+16,5.15974E+16
43952,43953,14,5,22,320,2016,1,14,6,3,5,3,0,1,0,1,0,0,0,0,7.94303E+20,5.63632E+21,1.31773E+16,5.08037E+16
43953,43954,14,5,22,300,2016,1,14,3,3,5,3,0,1,0,1,0,0,0,0,7.83401E+20,5.66239E+21,1.30432E+16,5.1043E+16
43954,43955,8,3,16,10,2016,12,11,7,3,5,2,0,1,1,1,0,0,0,0,4.31025E+20,5.33578E+21,8.07226E+15,4.81715E+16
43955,43956,14,6,27,130,2016,1,15,2,3,8,1,0,2,0,1,0,0,0,0,8.02194E+20,5.68097E+21,1.33261E+16,5.12001E+16
43956,43957,14,6,25,330,2016,1,6,6,2,8,1,2,1,0,1,0,0,0,0,8.68813E+20,5.70425E+21,1.42999E+16,5.13695E+16
43957,43958,14,6,12,0,2016,1,17,3,3,3,5,2,2,0,1,0,0,0,1,8.28939E+20,5.66509E+21,1.36932E+16,5.1043E+16
43958,43959,14,6,28,110,2016,1,16,7,3,5,3,1,0,0,1,0,0,0,0,8.25789E+20,5.65912E+21,1.36431E+16,5.09913E+16
43959,43960,14,6,12,0,2016,1,8,5,3,2,6,0,1,0,1,0,0,0,0,8.33654E+20,5.66777E+21,1.37627E+16,5.10643E+16
43960,43961,14,6,27,310,2016,1,11,7,2,0,1,0,0,1,0,0,0,0,0,8.19105E+20,5.67711E+21,1.3564E+16,5.11562E+16
43961,43962,14,7,30,140,2016,1,13,6,2,8,1,0,0,0,1,0,0,0,0,7.48838E+20,5.70407E+21,1.25802E+16,5.14331E+16
43962,43963,14,6,26,110,2016,1,14,3,3,2,6,0,1,0,1,0,0,0,0,9.18313E+20,5.68315E+21,1.49826E+16,5.11465E+16
43963,43964,14,7,30,250,2016,1,14,7,3,8,1,0,0,0,1,0,0,0,0,7.32152E+20,5.70816E+21,1.23432E+16,5.14769E+16
43964,43965,14,7,13,0,2016,1,15,5,3,6,4,0,0,0,1,1,0,0,0,7.42159E+20,5.69156E+21,1.24758E+16,5.13237E+16
43965,43966,14,6,12,0,2016,1,13,2,2,8,1,0,1,0,1,0,0,0,0,8.31922E+20,5.67957E+21,1.37489E+16,5.1171E+16
43966,43967,14,5,22,70,2016,1,3,1,3,8,1,2,1,0,1,0,0,0,0,7.71059E+20,5.6478E+21,1.28567E+16,5.0918E+16
43967,43968,14,5,11,0,2016,1,8,5,3,8,1,0,1,0,1,0,0,0,0,7.67047E+20,5.63332E+21,1.27892E+16,5.079E+16
43968,43969,14,6,27,230,2016,1,19,1,3,4,1,2,2,0,1,0,0,0,0,7.99214E+20,5.69286E+21,1.32935E+16,5.13082E+16
43969,43970,14,5,24,300,2016,1,13,5,3,2,6,0,0,0,1,0,0,0,0,7.37676E+20,5.62423E+21,1.23674E+16,5.07212E+16
43970,43971,14,7,30,110,2016,1,4,5,2,8,1,2,2,0,1,0,0,0,0,7.50891E+20,5.70679E+21,1.26116E+16,5.14566E+16
43971,43972,14,7,29,270,2016,1,6,2,3,5,3,2,0,1,1,0,0,0,0,7.21478E+20,5.68565E+21,1.21758E+16,5.1279E+16
43972,43973,14,6,12,0,2016,1,15,2,3,5,2,0,0,1,1,0,0,0,0,8.32085E+20,5.66772E+21,1.37403E+16,5.10647E+16
43973,43974,14,6,28,410,2016,1,11,6,3,8,1,0,0,0,1,0,0,0,0,8.18394E+20,5.66286E+21,1.35413E+16,5.10289E+16
43974,43975,8,3,17,96,2016,12,18,6,3,2,2,2,1,0,1,0,0,0,0,4.22291E+20,5.37079E+21,7.94835E+15,4.84855E+16
43975,43976,14,7,13,0,2016,1,12,6,3,5,3,0,1,0,1,0,0,0,0,7.45899E+20,5.69219E+21,1.25298E+16,5.13277E+16
43976,43977,14,6,25,280,2016,1,17,4,3,2,6,1,1,0,1,0,0,0,0,8.71327E+20,5.69784E+21,1.43292E+16,5.13104E+16
43977,43978,14,5,21,390,2016,1,15,5,3,5,3,0,1,0,1,0,0,0,0,7.94235E+20,5.61912E+21,1.31626E+16,5.06495E+16
43978,43979,14,5,23,350,2016,1,8,6,3,8,7,0,2,0,1,0,0,0,0,7.1199E+20,5.59625E+21,1.19881E+16,5.04798E+16
43979,43980,14,6,26,610,2016,1,7,3,3,6,2,0,1,0,1,1,0,0,0,9.08513E+20,5.65482E+21,1.48114E+16,5.09001E+16
43980,43981,14,6,26,110,2016,1,7,4,3,9,1,1,2,0,1,0,0,0,0,9.16406E+20,5.67308E+21,1.49439E+16,5.10578E+16
43981,43982,14,6,25,600,2016,1,7,5,3,2,6,1,1,0,1,0,0,0,0,8.47118E+20,5.6786E+21,1.39645E+16,5.11533E+16
43982,43983,14,7,30,190,2016,1,16,3,2,2,1,0,1,0,1,0,0,0,0,7.67694E+20,5.71498E+21,1.28591E+16,5.15224E+16
43983,43984,14,5,23,370,2016,1,21,4,3,9,1,2,2,0,1,0,0,0,0,7.41271E+20,5.58622E+21,1.23936E+16,5.03785E+16
43984,43985,14,5,22,490,2016,1,16,1,3,4,1,1,2,0,1,0,0,0,0,7.66897E+20,5.66184E+21,1.2808E+16,5.1046E+16
43985,43986,14,7,30,230,2016,1,7,5,3,8,1,2,2,0,1,0,0,0,0,7.84621E+20,5.69054E+21,1.30829E+16,5.12949E+16
43986,43987,14,7,30,300,2016,1,7,5,3,5,3,0,0,1,1,0,0,0,0,7.43117E+20,5.69814E+21,1.2494E+16,5.13823E+16
43987,43988,14,6,25,480,2016,1,15,2,3,0,7,0,1,0,0,1,0,0,1,8.44789E+20,5.67507E+21,1.3928E+16,5.11231E+16
43988,43989,14,5,22,500,2016,1,17,2,2,8,1,2,2,0,1,0,0,0,0,7.8593E+20,5.65724E+21,1.30752E+16,5.09956E+16
43989,43990,8,3,16,11,2016,12,6,6,3,4,3,2,0,1,0,0,0,0,0,4.15858E+20,5.32898E+21,7.86964E+15,4.81085E+16
43990,43991,14,6,28,80,2016,1,13,6,3,6,4,0,1,0,0,1,0,0,1,8.41083E+20,5.65606E+21,1.38573E+16,5.0955E+16
43991,43992,14,6,27,60,2016,1,7,4,3,8,1,1,1,0,1,0,0,0,0,8.1006E+20,5.69427E+21,1.34499E+16,5.13151E+16
43992,43993,14,5,24,160,2016,1,5,4,2,6,4,2,1,0,1,1,0,0,0,7.56683E+20,5.62618E+21,1.26375E+16,5.07306E+16
43993,43994,14,6,27,210,2016,1,10,3,3,2,6,0,1,0,1,0,0,0,0,8.27764E+20,5.67159E+21,1.36824E+16,5.11019E+16
43994,43995,8,2,25,82,2016,12,16,7,3,9,1,1,1,0,1,0,0,0,0,5.33944E+20,5.47879E+21,9.46841E+15,4.94608E+16
43995,43996,14,7,30,160,2016,1,6,3,3,4,2,1,2,0,1,0,0,0,0,7.51826E+20,5.71701E+21,1.26323E+16,5.15479E+16
43996,43997,8,1,18,79,2016,12,1,6,3,5,3,2,0,0,1,0,0,0,0,5.09049E+20,5.42325E+21,9.12363E+15,4.89621E+16
43997,43998,14,7,13,0,2016,1,16,2,3,2,2,1,1,0,1,0,0,0,0,7.40114E+20,5.68787E+21,1.2444E+16,5.12914E+16
43998,43999,14,7,30,210,2016,1,7,3,3,5,3,1,1,0,1,0,0,0,0,7.92751E+20,5.68443E+21,1.31942E+16,5.1236E+16
43999,44000,14,7,30,270,2016,1,7,3,2,5,3,0,1,0,1,0,0,1,0,7.28401E+20,5.70163E+21,1.22851E+16,5.14198E+16
44000,44001,14,6,28,260,2016,1,4,3,3,9,1,2,1,0,1,0,0,0,0,8.66945E+20,5.66455E+21,1.42326E+16,5.10152E+16
44001,44002,14,7,29,160,2016,2,11,1,3,3,7,0,0,0,1,0,0,0,1,7.66493E+20,5.68495E+21,1.28193E+16,5.12535E+16
44002,44003,14,5,21,380,2016,2,9,5,2,5,7,0,0,1,1,0,0,0,0,7.63021E+20,5.62784E+21,1.27283E+16,5.07427E+16
44003,44004,14,6,26,600,2016,1,12,7,3,9,1,0,2,0,1,0,0,0,0,8.88048E+20,5.72397E+21,1.45965E+16,5.15331E+16
44004,44005,14,5,11,0,2016,2,6,3,3,5,3,2,1,0,1,0,0,0,0,7.6875E+20,5.63891E+21,1.28174E+16,5.08394E+16
44005,44006,14,6,25,160,2016,1,16,4,3,8,1,2,2,0,1,0,0,0,0,8.82887E+20,5.69248E+21,1.44885E+16,5.12547E+16
44006,44007,14,6,27,100,2016,2,10,7,3,8,1,0,0,0,1,0,0,0,0,8.16582E+20,5.66741E+21,1.35195E+16,5.10707E+16
44007,44008,14,5,21,410,2016,2,11,7,2,2,1,0,0,0,1,0,0,0,0,7.69629E+20,5.63249E+21,1.28252E+16,5.07813E+16
44008,44009,14,5,22,620,2016,1,7,5,3,9,1,0,2,0,1,0,0,0,0,7.94566E+20,5.67559E+21,1.32128E+16,5.11558E+16
44009,44010,14,6,27,180,2016,1,11,2,3,4,2,0,1,0,1,0,0,1,0,8.0119E+20,5.66289E+21,1.32967E+16,5.10385E+16
44010,44011,14,5,11,0,2016,2,17,3,3,6,4,1,1,0,1,1,0,0,0,7.75598E+20,5.63569E+21,1.2912E+16,5.08072E+16
44011,44012,14,6,26,120,2016,1,13,3,2,4,6,0,1,0,1,0,0,0,0,8.85912E+20,5.7289E+21,1.45713E+16,5.15787E+16
44012,44013,14,5,22,140,2016,2,14,6,3,2,6,0,1,0,1,0,0,0,0,7.85717E+20,5.6425E+21,1.30606E+16,5.08635E+16
44013,44014,14,6,12,0,2016,2,15,4,3,2,6,0,1,0,1,0,0,0,0,8.32282E+20,5.66568E+21,1.37413E+16,5.10464E+16
44014,44015,14,6,25,90,2016,2,19,7,3,7,1,2,0,0,1,0,0,0,0,8.87171E+20,5.67501E+21,1.45308E+16,5.10955E+16
44015,44016,14,5,21,60,2016,2,21,5,3,8,1,2,2,0,1,0,0,0,0,7.85479E+20,5.60333E+21,1.3027E+16,5.05122E+16
44016,44017,14,6,25,430,2016,2,9,4,3,1,6,0,0,0,1,0,0,1,0,8.36986E+20,5.67967E+21,1.38212E+16,5.1169E+16
44017,44018,14,6,28,410,2016,2,9,3,2,2,3,0,0,0,1,0,0,0,0,8.1772E+20,5.66241E+21,1.35313E+16,5.10253E+16
44018,44019,14,5,11,0,2016,2,14,2,3,6,4,0,0,0,1,1,0,0,0,7.68225E+20,5.63506E+21,1.28072E+16,5.08051E+16
44019,44020,14,5,21,390,2016,2,12,5,3,5,3,0,0,0,1,0,0,0,0,7.94499E+20,5.61947E+21,1.31666E+16,5.06525E+16
44020,44021,14,5,24,330,2016,2,20,7,3,5,3,2,0,0,1,0,0,0,0,7.46124E+20,5.62419E+21,1.24868E+16,5.07173E+16
44021,44022,14,5,24,160,2016,2,17,4,3,9,1,2,1,0,1,0,0,0,0,7.57198E+20,5.62882E+21,1.26466E+16,5.07541E+16
44022,44023,14,7,29,160,2016,2,18,2,3,5,3,2,1,0,1,0,0,0,0,7.60248E+20,5.68504E+21,1.27301E+16,5.12572E+16
44023,44024,14,6,12,0,2016,2,8,2,3,2,6,0,0,0,1,0,0,0,0,8.29739E+20,5.66424E+21,1.37038E+16,5.10349E+16
44024,44025,14,6,12,0,2016,2,10,5,3,2,6,0,0,0,1,0,0,0,0,8.35593E+20,5.67632E+21,1.37982E+16,5.11398E+16
44025,44026,14,5,23,170,2016,1,18,1,3,2,6,2,1,0,1,0,0,0,0,7.36231E+20,5.60996E+21,1.23379E+16,5.05936E+16
44026,44027,14,6,26,370,2016,1,10,6,3,6,2,0,0,0,1,1,0,0,0,9.05863E+20,5.69843E+21,1.48228E+16,5.12921E+16
44027,44028,14,6,28,360,2016,1,7,4,3,8,1,0,2,0,1,0,0,0,0,8.64938E+20,5.65561E+21,1.41952E+16,5.09363E+16