FID,OBJECTID,ULAND,UREGBEZ,UKREIS,UGEMEINDE,UJAHR,UMONAT,USTUNDE,UWOCHENTAG,UKATEGORIE,UART,UTYP1,ULICHTVERH,IstStrasse,IstRad,IstPKW,IstFuss,IstKrad,IstGkfz,IstSonstig,LINREFX,LINREFY,XGCSWGS84,YGCSWGS84
44028,44029,14,5,24,320,2016,2,16,6,3,6,4,0,1,0,1,1,0,0,0,7.48386E+20,5.61946E+21,1.25156E+16,5.06739E+16
44029,44030,14,6,25,150,2016,2,11,6,3,4,6,0,0,0,1,0,0,0,0,8.68767E+20,5.68133E+21,1.42756E+16,5.11643E+16
44030,44031,14,5,23,20,2016,1,12,4,3,2,6,0,2,0,1,0,0,0,0,7.39265E+20,5.60209E+21,1.23756E+16,5.05217E+16
44031,44032,14,7,30,70,2016,2,21,2,3,0,1,2,0,0,1,0,0,0,0,7.31726E+20,5.7132E+21,1.23404E+16,5.15223E+16
44032,44033,14,6,27,360,2016,1,11,7,2,9,1,0,2,0,1,0,0,0,0,8.03434E+20,5.69851E+21,1.33587E+16,5.13567E+16
44033,44034,14,7,29,30,2016,2,7,5,3,2,6,1,1,0,1,0,0,0,0,7.57518E+20,5.69663E+21,1.26994E+16,5.13624E+16
44034,44035,14,6,12,0,2016,1,14,6,3,0,7,0,0,0,1,0,0,1,0,8.32168E+20,5.67457E+21,1.37478E+16,5.1126E+16
44035,44036,14,5,22,330,2016,2,10,4,2,9,7,0,0,0,0,0,1,0,0,7.78801E+20,5.64673E+21,1.29658E+16,5.09048E+16
44036,44037,14,7,13,0,2016,2,18,4,3,1,6,2,0,0,1,0,0,0,0,7.39901E+20,5.69562E+21,1.24461E+16,5.13611E+16
44037,44038,14,5,23,320,2016,2,10,3,3,0,3,0,0,0,1,0,0,0,1,7.24305E+20,5.59876E+21,1.21629E+16,5.04978E+16
44038,44039,14,6,27,210,2016,2,10,5,3,1,2,0,0,1,1,0,0,0,0,8.28235E+20,5.67131E+21,1.36888E+16,5.10991E+16
44039,44040,14,7,30,70,2016,2,10,2,3,9,1,0,1,0,1,0,0,0,0,7.3868E+20,5.7165E+21,1.24427E+16,5.15491E+16
44040,44041,14,6,12,0,2016,2,17,1,2,4,6,2,0,1,0,0,0,0,0,8.28504E+20,5.66861E+21,1.36902E+16,5.10747E+16
44041,44042,14,5,22,490,2016,2,11,5,2,5,3,0,0,0,1,0,1,0,0,7.65542E+20,5.66301E+21,1.27895E+16,5.10571E+16
44042,44043,14,6,28,40,2016,1,21,7,3,2,7,2,1,0,0,0,0,0,1,8.4328E+20,5.64882E+21,1.38817E+16,5.08888E+16
44043,44044,14,7,30,270,2016,1,8,5,2,8,1,0,1,0,0,0,0,1,0,7.2976E+20,5.70118E+21,1.23043E+16,5.14152E+16
44044,44045,14,5,21,500,2016,1,8,5,3,4,2,0,1,0,1,0,0,0,0,7.71022E+20,5.60424E+21,1.28242E+16,5.05273E+16
44045,44046,14,6,25,110,2016,2,8,6,3,5,3,0,1,0,0,0,0,1,1,8.72978E+20,5.68011E+21,1.43343E+16,5.11506E+16
44046,44047,14,6,25,200,2016,1,7,3,3,4,6,0,1,0,1,0,0,0,0,8.48425E+20,5.67676E+21,1.39814E+16,5.1136E+16
44047,44048,14,7,30,110,2016,1,17,7,2,5,2,2,1,0,1,0,0,0,0,7.50584E+20,5.70702E+21,1.26073E+16,5.14588E+16
44048,44049,14,6,27,100,2016,1,18,6,3,2,6,2,0,0,1,0,0,0,1,8.08562E+20,5.66568E+21,1.34039E+16,5.10596E+16
44049,44050,14,6,25,340,2016,1,11,5,2,8,1,0,0,0,1,0,0,0,0,8.85396E+20,5.69072E+21,1.45224E+16,5.12373E+16
44050,44051,14,7,30,270,2016,2,13,6,3,2,6,0,1,0,1,0,0,0,0,7.23155E+20,5.69349E+21,1.22047E+16,5.13488E+16
44051,44052,14,6,25,610,2016,1,15,4,3,4,6,0,1,0,1,0,0,0,1,8.95233E+20,5.68679E+21,1.46583E+16,5.11955E+16
44052,44053,14,7,13,0,2016,2,8,2,3,5,3,0,0,1,1,0,0,0,0,7.4038E+20,5.69444E+21,1.24522E+16,5.13503E+16
44053,44054,14,5,22,570,2016,2,11,6,2,6,6,0,0,0,1,1,0,0,0,7.80292E+20,5.66412E+21,1.30003E+16,5.106E+16
44054,44055,14,5,22,80,2016,1,6,2,2,0,7,2,1,0,1,0,0,1,0,7.90823E+20,5.67311E+21,1.31575E+16,5.11354E+16
44055,44056,14,5,24,190,2016,1,11,7,3,3,1,0,2,0,1,0,0,1,0,7.41E+20,5.63634E+21,1.24224E+16,5.08286E+16
44056,44057,14,6,25,10,2016,2,17,5,3,2,2,2,1,0,1,0,0,0,0,8.46772E+20,5.67394E+21,1.39551E+16,5.11118E+16
44057,44058,14,5,21,540,2016,1,17,6,2,4,6,2,1,0,1,0,0,0,0,7.50998E+20,5.60073E+21,1.25399E+16,5.05047E+16
44058,44059,14,5,23,170,2016,2,6,3,3,5,3,1,1,0,1,0,0,1,0,7.40007E+20,5.60796E+21,1.23898E+16,5.05741E+16
44059,44060,14,6,12,0,2016,2,15,4,3,5,3,0,0,1,1,0,0,0,0,8.35207E+20,5.67399E+21,1.37906E+16,5.11191E+16
44060,44061,14,6,25,150,2016,2,8,3,3,5,3,0,0,0,1,0,0,0,0,8.71736E+20,5.68333E+21,1.43199E+16,5.11802E+16
44061,44062,14,6,27,170,2016,2,7,2,3,5,3,1,1,1,0,0,0,1,0,8.14646E+20,5.68085E+21,1.35037E+16,5.11922E+16
44062,44063,14,7,30,270,2016,2,8,7,3,3,6,0,0,0,1,0,0,0,0,7.23223E+20,5.6935E+21,1.22057E+16,5.13489E+16
44063,44064,14,7,13,0,2016,2,3,4,2,6,4,2,0,0,0,1,0,0,1,7.36772E+20,5.69446E+21,1.24005E+16,5.1352E+16
44064,44065,14,5,23,340,2016,1,17,6,3,2,6,2,0,0,1,0,1,0,0,7.34233E+20,5.61413E+21,1.23123E+16,5.06319E+16
44065,44066,14,7,13,0,2016,1,10,4,3,3,2,0,0,1,1,0,0,0,0,7.3281E+20,5.6928E+21,1.23426E+16,5.13387E+16
44066,44067,14,6,25,570,2016,1,20,3,3,2,6,2,2,0,1,0,0,0,0,8.7143E+20,5.71747E+21,1.43512E+16,5.14861E+16
44067,44068,14,6,25,560,2016,1,5,3,3,4,1,2,2,0,1,0,0,0,0,8.76321E+20,5.66978E+21,1.43711E+16,5.1056E+16
44068,44069,14,5,22,50,2016,2,13,2,2,8,1,0,0,0,1,0,0,0,0,8.03409E+20,5.64398E+21,1.33125E+16,5.08678E+16
44069,44070,14,6,27,140,2016,2,15,5,3,5,3,0,0,1,1,0,0,0,0,8.13679E+20,5.67784E+21,1.34873E+16,5.11658E+16
44070,44071,14,7,29,170,2016,1,10,7,3,9,1,0,2,0,1,0,0,0,0,7.30221E+20,5.66663E+21,1.22887E+16,5.11049E+16
44071,44072,14,7,29,40,2016,1,14,5,3,2,2,0,0,0,1,0,0,0,0,7.36496E+20,5.68043E+21,1.23873E+16,5.12261E+16
44072,44073,14,6,12,0,2016,2,8,3,3,2,6,0,1,0,1,0,0,0,0,8.32163E+20,5.66551E+21,1.37394E+16,5.10449E+16
44073,44074,14,6,12,0,2016,2,16,2,1,3,6,0,1,1,0,0,0,1,0,8.32899E+20,5.66758E+21,1.37518E+16,5.1063E+16
44074,44075,14,5,23,20,2016,2,8,5,2,4,2,0,0,0,1,0,0,0,0,7.41829E+20,5.60098E+21,1.2411E+16,5.05107E+16
44075,44076,14,5,21,390,2016,1,10,2,1,9,1,0,1,0,1,0,0,0,0,8.01801E+20,5.61949E+21,1.32697E+16,5.06489E+16
44076,44077,14,7,13,0,2016,1,17,6,3,9,1,1,0,0,1,0,0,0,0,7.32158E+20,5.69247E+21,1.23331E+16,5.13361E+16
44077,44078,14,5,21,30,2016,1,14,6,2,6,4,0,1,0,1,1,0,0,0,7.61831E+20,5.61065E+21,1.26993E+16,5.0589E+16
44078,44079,14,6,25,540,2016,2,7,3,2,8,1,1,1,0,1,0,0,0,0,8.52194E+20,5.69317E+21,1.40511E+16,5.12807E+16
44079,44080,14,7,30,150,2016,2,9,3,2,4,1,0,1,0,1,0,0,0,0,7.39168E+20,5.70689E+21,1.24432E+16,5.14626E+16
44080,44081,14,6,28,50,2016,2,15,2,3,3,6,0,0,0,1,0,0,1,0,8.32374E+20,5.66117E+21,1.37384E+16,5.10058E+16
44081,44082,14,6,28,380,2016,2,11,7,3,2,6,0,0,0,1,0,0,0,0,8.55035E+20,5.66818E+21,1.40671E+16,5.10552E+16
44082,44083,14,6,26,310,2016,2,12,4,3,9,1,0,1,0,1,0,0,0,0,9.06457E+20,5.6615E+21,1.47897E+16,5.09613E+16
44083,44084,14,6,27,130,2016,1,16,5,3,5,3,0,0,0,1,0,0,0,0,7.99858E+20,5.68374E+21,1.32951E+16,5.12262E+16
44084,44085,14,6,25,310,2016,1,5,3,3,8,1,2,2,0,1,0,0,0,0,8.55031E+20,5.71361E+21,1.41121E+16,5.1462E+16
44085,44086,14,6,28,410,2016,1,16,3,3,2,6,1,0,0,1,0,0,0,0,8.20854E+20,5.66391E+21,1.35772E+16,5.1037E+16
44086,44087,14,6,26,140,2016,2,14,1,2,4,6,0,0,0,1,0,0,0,0,8.97882E+20,5.65518E+21,1.46613E+16,5.09107E+16
44087,44088,14,5,22,570,2016,2,23,5,3,9,1,2,1,1,0,0,0,0,0,7.81626E+20,5.66547E+21,1.30204E+16,5.10715E+16
44088,44089,14,6,26,450,2016,1,13,7,2,4,1,0,2,0,1,0,0,0,0,9.03618E+20,5.68496E+21,1.47757E+16,5.11732E+16
44089,44090,14,5,22,230,2016,2,6,3,2,8,1,1,2,0,1,0,0,0,0,7.92779E+20,5.64781E+21,1.31649E+16,5.09076E+16
44090,44091,14,7,30,190,2016,1,14,6,3,4,2,0,0,0,1,0,0,0,0,7.68639E+20,5.71073E+21,1.28695E+16,5.14838E+16
44091,44092,14,6,28,270,2016,1,15,4,2,4,1,1,2,0,1,0,0,0,0,8.43971E+20,5.65325E+21,1.38957E+16,5.09281E+16
44092,44093,14,5,22,150,2016,2,14,7,2,5,3,0,0,1,1,0,0,0,0,7.85843E+20,5.65046E+21,1.30686E+16,5.09348E+16
44093,44094,14,7,30,270,2016,2,15,6,3,2,6,0,0,0,1,0,0,0,0,7.24554E+20,5.6937E+21,1.22249E+16,5.13501E+16
44094,44095,14,5,21,330,2016,1,16,5,3,9,1,1,2,0,1,0,0,0,0,7.88848E+20,5.60478E+21,1.30755E+16,5.05236E+16
44095,44096,14,6,28,400,2016,1,6,2,2,8,1,2,2,0,1,0,0,0,0,8.13756E+20,5.65308E+21,1.34669E+16,5.09438E+16
44096,44097,14,6,27,150,2016,1,14,4,2,5,3,0,1,0,1,0,0,1,0,8.2198E+20,5.68088E+21,1.36083E+16,5.11884E+16
44097,44098,14,6,12,0,2016,2,19,7,2,3,6,2,0,0,1,0,0,0,0,8.23512E+20,5.66727E+21,1.3618E+16,5.10656E+16
44098,44099,14,6,12,0,2016,1,15,5,3,2,6,0,2,0,1,0,0,0,1,8.30004E+20,5.66249E+21,1.3706E+16,5.1019E+16
44099,44100,14,5,22,140,2016,1,11,2,3,9,1,0,2,0,1,0,0,0,0,7.86867E+20,5.63943E+21,1.30745E+16,5.08353E+16
44100,44101,14,6,27,140,2016,2,5,3,3,5,2,2,0,0,1,0,0,0,1,8.12523E+20,5.6768E+21,1.34699E+16,5.11571E+16
44101,44102,14,6,27,230,2016,1,5,3,2,4,1,2,2,0,1,0,0,0,0,7.9897E+20,5.69327E+21,1.32904E+16,5.1312E+16
44102,44103,14,6,12,0,2016,2,18,6,3,2,6,2,1,0,1,0,0,0,0,8.32557E+20,5.66601E+21,1.37455E+16,5.10491E+16
44103,44104,14,6,28,360,2016,2,15,4,3,4,1,0,2,0,1,0,0,0,0,8.75962E+20,5.65493E+21,1.43507E+16,5.09232E+16
44104,44105,14,7,13,0,2016,2,16,7,3,2,6,0,0,0,1,0,0,0,0,7.35454E+20,5.6935E+21,1.2381E+16,5.13439E+16
44105,44106,14,5,24,330,2016,2,11,4,2,5,3,0,0,0,1,0,0,0,1,7.47002E+20,5.6265E+21,1.25008E+16,5.07377E+16
44106,44107,14,6,27,190,2016,2,6,2,3,5,3,2,0,1,1,0,0,0,0,8.06016E+20,5.69191E+21,1.339E+16,5.12961E+16
44107,44108,14,5,22,80,2016,2,6,2,2,5,3,2,0,1,0,0,0,0,1,7.88857E+20,5.67162E+21,1.31282E+16,5.11231E+16
44108,44109,14,6,12,0,2016,2,18,5,3,5,3,2,0,1,1,0,0,0,0,8.32683E+20,5.6663E+21,1.37475E+16,5.10517E+16
44109,44110,14,5,22,150,2016,1,5,1,2,0,1,2,2,1,0,0,0,0,0,7.85069E+20,5.64422E+21,1.30527E+16,5.08792E+16
44110,44111,14,6,25,20,2016,1,17,6,2,4,2,2,0,0,1,0,0,0,0,8.74437E+20,5.68455E+21,1.43597E+16,5.11894E+16
44111,44112,14,6,12,0,2016,1,16,4,3,2,6,1,1,0,1,0,0,0,0,8.31632E+20,5.66872E+21,1.37348E+16,5.10739E+16
44112,44113,14,6,25,200,2016,1,14,5,2,5,2,0,0,0,1,0,1,0,0,8.51068E+20,5.67794E+21,1.40202E+16,5.1145E+16
44113,44114,14,5,24,330,2016,2,19,6,2,5,3,1,1,0,1,0,0,1,0,7.46423E+20,5.62657E+21,1.24927E+16,5.07385E+16
44114,44115,14,6,25,525,2016,1,22,4,2,8,1,2,2,0,1,0,0,0,0,8.80718E+20,5.67486E+21,1.44389E+16,5.10985E+16
44115,44116,14,7,13,0,2016,1,12,4,3,1,2,0,1,0,1,0,0,0,0,7.34228E+20,5.69332E+21,1.23633E+16,5.13428E+16
44116,44117,14,7,29,190,2016,2,16,2,3,4,6,0,0,0,1,0,0,0,1,7.44666E+20,5.68758E+21,1.25089E+16,5.12869E+16
44117,44118,14,6,27,210,2016,2,7,6,3,0,1,1,2,1,0,0,0,0,0,8.26233E+20,5.67196E+21,1.36609E+16,5.11061E+16
44118,44119,14,5,21,710,2016,1,15,7,3,1,6,0,1,0,1,0,0,0,0,7.70809E+20,5.6151E+21,1.28291E+16,5.06248E+16
44119,44120,14,7,30,60,2016,2,8,5,2,1,6,0,0,0,1,0,0,0,0,7.82883E+20,5.69354E+21,1.30604E+16,5.13227E+16
44120,44121,14,6,27,180,2016,1,16,6,3,2,6,0,0,0,1,0,0,0,0,8.05967E+20,5.66487E+21,1.33663E+16,5.10536E+16
44121,44122,14,5,23,320,2016,2,20,3,2,8,1,2,0,0,1,0,0,0,0,7.20641E+20,5.60135E+21,1.21128E+16,5.05224E+16
44122,44123,14,7,13,0,2016,2,16,4,3,2,6,0,0,0,1,0,0,0,0,7.36336E+20,5.69434E+21,1.23942E+16,5.13511E+16
44123,44124,14,7,13,0,2016,2,8,3,3,2,6,0,0,0,1,0,0,0,0,7.3668E+20,5.69555E+21,1.23999E+16,5.13618E+16
44124,44125,14,5,11,0,2016,2,18,3,3,5,3,2,0,1,1,0,0,0,0,7.76934E+20,5.63952E+21,1.29338E+16,5.0841E+16
44125,44126,14,6,25,610,2016,1,8,7,3,8,1,0,2,0,1,0,0,0,0,8.94832E+20,5.6857E+21,1.46514E+16,5.11859E+16
44126,44127,14,6,12,0,2016,1,6,3,3,2,6,1,1,0,1,0,0,0,0,8.30034E+20,5.67154E+21,1.37146E+16,5.11001E+16
44127,44128,14,5,22,150,2016,2,14,6,2,2,7,0,0,0,1,0,0,1,0,7.85473E+20,5.6516E+21,1.30642E+16,5.09452E+16
44128,44129,14,6,12,0,2016,2,15,4,3,8,1,0,1,0,0,0,0,0,1,8.25854E+20,5.66808E+21,1.3652E+16,5.10715E+16
44129,44130,14,5,24,330,2016,2,16,4,2,4,2,0,1,0,1,0,0,0,0,7.48949E+20,5.62934E+21,1.25303E+16,5.07623E+16
44130,44131,14,6,12,0,2016,2,14,4,3,2,6,0,0,0,1,0,0,0,0,8.35047E+20,5.67925E+21,1.37932E+16,5.11663E+16
44131,44132,14,6,26,400,2016,2,16,5,2,6,1,0,0,0,1,1,0,0,0,9.05415E+20,5.65102E+21,1.47633E+16,5.08683E+16
44132,44133,14,6,12,0,2016,2,19,3,3,5,2,2,1,0,1,0,0,0,0,8.31728E+20,5.67021E+21,1.37376E+16,5.10873E+16
44133,44134,14,7,30,310,2016,2,15,1,3,4,1,0,1,0,1,0,0,1,0,7.77644E+20,5.71932E+21,1.30056E+16,5.15565E+16
44134,44135,14,5,22,460,2016,2,17,5,2,2,1,0,0,0,1,0,0,1,0,7.59212E+20,5.65093E+21,1.26908E+16,5.09516E+16
44135,44136,14,6,27,100,2016,1,13,7,3,8,1,0,0,0,1,0,0,0,0,8.09846E+20,5.67295E+21,1.34284E+16,5.11241E+16
44136,44137,14,5,21,370,2016,1,9,6,2,9,1,0,2,0,1,0,0,0,0,7.62003E+20,5.61651E+21,1.27059E+16,5.06414E+16
44137,44138,14,6,28,60,2016,1,18,5,3,3,7,2,0,1,0,0,0,0,0,8.29958E+20,5.64134E+21,1.36862E+16,5.08295E+16
44138,44139,14,6,25,240,2016,2,18,6,2,6,2,2,1,0,1,1,0,0,0,8.64996E+20,5.71177E+21,1.4253E+16,5.14392E+16
44139,44140,14,7,13,0,2016,1,19,3,2,2,6,1,1,0,1,0,0,0,1,7.30938E+20,5.70118E+21,1.23212E+16,5.14147E+16
44140,44141,14,6,25,60,2016,2,0,2,2,3,1,2,0,0,1,0,0,1,0,8.61724E+20,5.68341E+21,1.41774E+16,5.11873E+16
44141,44142,14,5,23,30,2016,2,9,5,3,9,1,0,2,0,1,0,0,0,0,7.35501E+20,5.57158E+21,1.23035E+16,5.02494E+16
44142,44143,14,6,27,50,2016,1,14,2,3,5,2,0,1,1,1,0,0,0,0,8.09105E+20,5.70472E+21,1.34453E+16,5.14092E+16
44143,44144,14,5,22,520,2016,1,14,7,2,4,6,0,2,0,1,0,0,0,0,8.08858E+20,5.62935E+21,1.33774E+16,5.07337E+16
44144,44145,14,6,26,580,2016,2,5,5,3,5,3,2,1,0,1,0,1,0,0,9.05226E+20,5.69471E+21,1.48096E+16,5.12593E+16
44145,44146,14,5,24,120,2016,1,6,6,3,2,1,2,1,0,1,0,0,0,1,7.58924E+20,5.63552E+21,1.26758E+16,5.08134E+16
44146,44147,14,5,24,330,2016,2,17,3,3,2,6,2,0,0,1,0,0,0,0,7.4435E+20,5.62303E+21,1.2461E+16,5.07076E+16
44147,44148,14,6,12,0,2016,2,13,4,2,5,3,0,0,1,0,0,0,0,1,8.33282E+20,5.66951E+21,1.3759E+16,5.10801E+16
44148,44149,14,6,28,50,2016,2,13,2,3,2,6,0,1,0,1,0,0,0,0,8.30934E+20,5.65766E+21,1.37148E+16,5.09753E+16
44149,44150,14,6,26,490,2016,2,16,7,2,6,2,0,0,0,1,0,0,0,1,8.83502E+20,5.72433E+21,1.45317E+16,5.15394E+16
44150,44151,14,6,26,245,2016,2,16,4,3,6,4,0,2,0,1,1,0,0,0,8.96449E+20,5.66154E+21,1.4648E+16,5.09686E+16
44151,44152,14,7,29,150,2016,1,12,4,3,8,1,0,0,0,1,0,0,0,0,7.57717E+20,5.66098E+21,1.26767E+16,5.10425E+16
44152,44153,14,6,25,20,2016,2,7,2,3,3,2,0,1,1,1,0,0,0,0,8.80942E+20,5.68385E+21,1.44516E+16,5.11788E+16
44153,44154,14,7,29,370,2016,2,12,7,3,8,1,0,0,0,0,0,1,0,0,7.43583E+20,5.67929E+21,1.24878E+16,5.1213E+16
44154,44155,14,5,23,30,2016,2,16,4,2,8,1,0,2,0,1,0,0,0,0,7.3628E+20,5.56699E+21,1.23115E+16,5.02078E+16
44155,44156,14,5,23,300,2016,1,8,6,3,8,1,0,2,0,1,0,0,0,0,7.19088E+20,5.59077E+21,1.20848E+16,5.0428E+16
44156,44157,14,7,30,270,2016,1,22,5,3,2,6,2,0,0,1,0,0,0,0,7.23235E+20,5.6935E+21,1.22058E+16,5.13489E+16
44157,44158,14,5,24,30,2016,1,15,4,2,8,7,0,0,0,1,0,0,0,0,7.40244E+20,5.63534E+21,1.2411E+16,5.08198E+16
44158,44159,14,6,12,0,2016,2,5,6,3,5,3,2,1,0,1,0,0,0,0,8.28556E+20,5.66969E+21,1.36919E+16,5.10844E+16
44159,44160,14,6,25,600,2016,1,15,3,3,4,2,0,0,0,1,0,0,0,0,8.47607E+20,5.67909E+21,1.3972E+16,5.11574E+16
44160,44161,14,5,11,0,2016,2,15,2,3,0,7,0,0,0,1,0,0,0,0,7.69779E+20,5.63526E+21,1.28293E+16,5.08062E+16
44161,44162,14,6,26,610,2016,2,8,5,3,2,6,0,0,0,1,0,0,0,1,9.09289E+20,5.65508E+21,1.48226E+16,5.09019E+16
44162,44163,14,5,21,60,2016,1,9,1,3,8,7,0,1,0,1,0,0,0,0,7.85593E+20,5.60218E+21,1.30277E+16,5.05018E+16
44163,44164,14,6,25,560,2016,1,7,6,3,1,6,1,1,0,1,0,0,1,0,8.80389E+20,5.6703E+21,1.44295E+16,5.10579E+16
44164,44165,14,5,23,370,2016,1,15,5,3,9,1,0,2,0,1,0,0,0,0,7.3906E+20,5.58316E+21,1.23607E+16,5.03519E+16
44165,44166,14,6,26,110,2016,2,6,3,3,2,6,2,1,0,1,0,0,0,0,9.16588E+20,5.68664E+21,1.49621E+16,5.11789E+16
44166,44167,14,6,12,0,2016,2,12,3,2,5,3,0,0,0,1,0,0,0,0,8.29332E+20,5.6702E+21,1.37034E+16,5.10886E+16
44167,44168,14,6,28,80,2016,1,21,4,3,8,1,2,2,0,0,0,0,1,0,8.37982E+20,5.65797E+21,1.38151E+16,5.09739E+16
44168,44169,14,6,27,210,2016,2,9,7,3,8,7,0,0,1,1,0,0,0,0,8.28183E+20,5.67135E+21,1.36881E+16,5.10995E+16
44169,44170,14,6,27,210,2016,1,14,5,2,8,1,0,2,0,1,0,0,0,0,8.28782E+20,5.67087E+21,1.36962E+16,5.10949E+16
44170,44171,14,5,21,390,2016,1,10,2,2,5,2,0,1,0,1,0,0,0,1,7.94153E+20,5.61901E+21,1.31614E+16,5.06486E+16
44171,44172,14,6,12,0,2016,1,8,3,3,4,1,0,2,0,1,0,0,0,0,8.42581E+20,5.66874E+21,1.38906E+16,5.10677E+16
44172,44173,14,6,12,0,2016,1,7,3,3,1,6,1,1,0,1,0,0,0,1,8.2854E+20,5.66715E+21,1.36894E+16,5.10617E+16
44173,44174,14,6,25,120,2016,2,16,4,3,8,1,1,2,0,1,0,0,0,0,8.58775E+20,5.71198E+21,1.41641E+16,5.14451E+16
44174,44175,14,5,21,510,2016,2,12,1,3,5,3,0,0,0,1,0,0,0,0,7.7626E+20,5.60559E+21,1.28989E+16,5.05369E+16
44175,44176,14,5,22,80,2016,2,7,5,2,5,3,0,0,0,1,0,0,0,0,7.86781E+20,5.66971E+21,1.30971E+16,5.1107E+16
44176,44177,14,7,29,170,2016,2,16,2,3,8,1,0,1,0,0,0,1,0,0,7.30526E+20,5.66607E+21,1.22927E+16,5.10997E+16
44177,44178,14,6,12,0,2016,1,17,3,3,3,6,2,1,0,1,0,0,1,0,8.32212E+20,5.67496E+21,1.37488E+16,5.11296E+16
44178,44179,14,6,25,290,2016,1,18,3,2,5,3,2,0,0,1,0,0,0,0,8.84151E+20,5.68449E+21,1.4498E+16,5.11824E+16
44179,44180,14,7,29,320,2016,2,11,1,3,1,7,0,0,1,1,0,0,0,0,7.39122E+20,5.67099E+21,1.24185E+16,5.11404E+16
44180,44181,14,6,28,40,2016,2,6,5,3,2,6,2,0,0,0,0,0,1,0,8.43037E+20,5.64841E+21,1.38779E+16,5.08853E+16
44181,44182,14,6,26,390,2016,1,8,7,3,8,1,0,2,0,1,0,0,0,0,9.01207E+20,5.66102E+21,1.47148E+16,5.09607E+16
44182,44183,14,6,25,250,2016,1,4,5,3,8,1,2,2,0,0,0,1,0,0,8.53739E+20,5.69E+21,1.40701E+16,5.12514E+16
44183,44184,14,5,21,310,2016,2,6,3,2,5,3,1,1,1,1,0,0,0,0,7.72093E+20,5.62983E+21,1.28581E+16,5.07563E+16
44184,44185,14,5,21,180,2016,1,8,4,3,9,1,0,2,0,1,0,0,0,0,7.72367E+20,5.61061E+21,1.28478E+16,5.05837E+16
44185,44186,14,5,22,150,2016,2,14,7,3,0,7,0,0,0,1,0,0,0,0,7.84533E+20,5.64941E+21,1.30492E+16,5.0926E+16
44186,44187,14,5,22,210,2016,1,0,5,3,9,1,2,2,0,1,0,0,0,0,8.00998E+20,5.65888E+21,1.32906E+16,5.10026E+16
44187,44188,14,5,22,570,2016,1,11,2,3,5,3,0,0,0,1,0,0,0,0,7.79842E+20,5.66645E+21,1.29957E+16,5.10812E+16
44188,44189,14,5,22,20,2016,2,6,3,3,5,2,1,0,0,1,0,0,0,0,7.86751E+20,5.63786E+21,1.30716E+16,5.08214E+16
44189,44190,14,6,27,60,2016,1,15,3,2,6,4,0,0,0,1,1,0,0,0,8.16114E+20,5.69186E+21,1.35344E+16,5.12902E+16
44190,44191,14,5,21,380,2016,2,20,6,2,4,2,2,1,1,1,0,0,0,0,7.62592E+20,5.62821E+21,1.27225E+16,5.07462E+16
44191,44192,14,6,28,130,2016,2,13,4,3,8,1,0,2,0,1,0,0,0,0,8.33756E+20,5.64315E+21,1.37416E+16,5.08436E+16
44192,44193,14,6,26,250,2016,2,18,7,2,4,1,2,1,0,1,0,0,0,0,9.00897E+20,5.72242E+21,1.47791E+16,5.15102E+16
44193,44194,14,6,26,70,2016,2,16,4,2,8,7,1,0,0,1,0,0,0,0,8.9293E+20,5.67193E+21,1.46093E+16,5.10641E+16
44194,44195,14,6,12,0,2016,2,0,3,3,6,6,2,1,1,0,1,0,0,0,8.32906E+20,5.6688E+21,1.3753E+16,5.10739E+16
44195,44196,14,5,11,0,2016,2,7,2,3,3,6,1,0,0,1,0,0,1,0,7.71055E+20,5.64049E+21,1.28513E+16,5.08525E+16
44196,44197,14,6,12,0,2016,2,14,5,2,2,6,0,0,0,1,0,0,1,0,8.23252E+20,5.66424E+21,1.36116E+16,5.10386E+16
44197,44198,14,7,30,110,2016,1,14,7,3,2,6,0,1,0,1,0,0,0,0,7.5116E+20,5.70513E+21,1.26143E+16,5.14416E+16
44198,44199,14,6,25,410,2016,1,21,6,3,6,4,2,0,0,0,1,0,0,1,8.53861E+20,5.68081E+21,1.40627E+16,5.1169E+16
44199,44200,14,6,26,190,2016,1,14,5,3,4,6,0,0,0,1,0,0,0,1,8.95481E+20,5.69121E+21,1.46667E+16,5.12348E+16
44200,44201,14,7,29,410,2016,2,20,6,3,5,3,2,1,1,1,0,0,0,0,7.6004E+20,5.69802E+21,1.27366E+16,5.13738E+16
44201,44202,14,6,27,310,2016,2,12,2,3,2,6,0,0,0,1,0,0,0,1,8.19529E+20,5.67612E+21,1.35692E+16,5.11472E+16
44202,44203,14,6,12,0,2016,2,9,5,3,2,6,0,0,0,1,0,0,0,1,8.31667E+20,5.66381E+21,1.37308E+16,5.10299E+16
44203,44204,14,5,23,310,2016,1,12,1,2,9,1,0,1,0,1,0,0,0,0,7.1204E+20,5.6067E+21,1.19947E+16,5.05737E+16
44204,44205,14,7,13,0,2016,1,7,6,2,5,2,0,0,0,1,0,0,0,0,7.38578E+20,5.69452E+21,1.24264E+16,5.13518E+16
44205,44206,14,5,11,0,2016,1,20,4,2,4,2,2,2,0,1,0,0,0,0,7.64519E+20,5.63645E+21,1.27557E+16,5.08192E+16