FID,OBJECTID,ULAND,UREGBEZ,UKREIS,UGEMEINDE,UJAHR,UMONAT,USTUNDE,UWOCHENTAG,UKATEGORIE,UART,UTYP1,ULICHTVERH,IstStrasse,IstRad,IstPKW,IstFuss,IstKrad,IstGkfz,IstSonstig,LINREFX,LINREFY,XGCSWGS84,YGCSWGS84
44206,44207,14,5,21,690,2016,2,17,7,3,4,6,2,0,0,1,0,0,0,0,7.86505E+20,5.63113E+21,1.30629E+16,5.0761E+16
44207,44208,14,6,26,600,2016,2,10,6,2,2,6,0,0,0,1,0,0,0,1,8.92471E+20,5.72251E+21,1.46583E+16,5.1517E+16
44208,44209,14,5,24,210,2016,1,19,4,3,8,1,2,2,0,1,0,0,0,0,7.37445E+20,5.63032E+21,1.23681E+16,5.07759E+16
44209,44210,14,5,24,330,2016,2,12,2,3,2,6,0,0,0,1,0,0,0,0,7.46102E+20,5.62474E+21,1.24869E+16,5.07223E+16
44210,44211,14,6,28,380,2016,1,17,7,3,4,1,2,1,0,1,0,0,0,0,8.56907E+20,5.66759E+21,1.40931E+16,5.10487E+16
44211,44212,14,5,24,180,2016,2,15,5,3,6,4,0,0,0,1,1,0,0,0,7.64173E+20,5.64146E+21,1.27544E+16,5.08644E+16
44212,44213,14,5,11,0,2016,2,6,4,3,9,7,2,0,0,1,0,0,0,0,7.72004E+20,5.64114E+21,1.28652E+16,5.08578E+16
44213,44214,14,7,29,320,2016,2,18,4,3,4,6,2,0,1,0,0,0,0,0,7.42125E+20,5.67048E+21,1.2461E+16,5.11345E+16
44214,44215,14,5,11,0,2016,2,22,4,3,6,4,2,1,0,1,1,0,0,0,7.76219E+20,5.63843E+21,1.29229E+16,5.08316E+16
44215,44216,14,6,27,140,2016,2,14,5,3,3,6,0,0,1,1,0,0,0,0,8.13369E+20,5.67734E+21,1.34824E+16,5.11615E+16
44216,44217,14,7,30,20,2016,2,18,2,3,4,6,1,1,0,1,0,0,0,0,7.46406E+20,5.71992E+21,1.25563E+16,5.15764E+16
44217,44218,14,7,30,270,2016,2,1,1,2,8,7,2,1,0,1,0,0,0,0,7.22517E+20,5.69335E+21,1.21954E+16,5.13478E+16
44218,44219,14,5,21,20,2016,2,17,5,2,4,2,1,0,0,1,0,0,0,0,7.8414E+20,5.60892E+21,1.30124E+16,5.0563E+16
44219,44220,14,6,12,0,2016,1,19,7,3,5,2,2,1,1,1,0,0,0,0,8.32643E+20,5.6663E+21,1.3747E+16,5.10517E+16
44220,44221,14,5,24,310,2016,1,18,5,2,6,6,2,0,0,1,1,0,0,0,7.5149E+20,5.61738E+21,1.25581E+16,5.06539E+16
44221,44222,14,6,12,0,2016,1,12,5,3,5,3,0,1,0,1,0,0,0,0,8.43914E+20,5.66113E+21,1.39023E+16,5.09987E+16
44222,44223,14,6,25,510,2016,2,8,6,3,2,6,0,0,0,1,0,0,0,0,8.59861E+20,5.67941E+21,1.41468E+16,5.11527E+16
44223,44224,14,7,13,0,2016,1,12,3,3,4,2,0,0,0,1,0,0,0,0,7.36678E+20,5.69555E+21,1.23999E+16,5.13619E+16
44224,44225,14,6,12,0,2016,2,14,2,3,0,3,0,0,0,1,0,0,0,1,8.31049E+20,5.67361E+21,1.3731E+16,5.11181E+16
44225,44226,14,5,23,90,2016,2,20,5,2,4,2,2,0,0,1,0,1,0,0,7.40501E+20,5.598E+21,1.23904E+16,5.04845E+16
44226,44227,14,5,21,30,2016,1,16,2,3,2,6,1,1,0,1,0,0,0,0,7.62059E+20,5.61139E+21,1.2703E+16,5.05954E+16
44227,44228,14,5,24,180,2016,1,14,6,2,6,4,0,1,0,1,1,0,0,0,7.65511E+20,5.6418E+21,1.27736E+16,5.08668E+16
44228,44229,14,6,12,0,2016,2,10,5,3,6,4,0,0,0,1,1,0,0,0,8.30975E+20,5.66658E+21,1.37235E+16,5.10551E+16
44229,44230,14,5,11,0,2016,1,12,6,3,3,6,0,0,0,1,0,0,0,0,7.71491E+20,5.63704E+21,1.28549E+16,5.08213E+16
44230,44231,14,6,26,610,2016,2,13,3,3,5,3,0,1,0,1,0,0,0,0,9.10883E+20,5.66271E+21,1.48538E+16,5.0969E+16
44231,44232,14,7,30,270,2016,2,15,2,2,2,6,0,1,0,1,0,0,1,0,7.23382E+20,5.69351E+21,1.22079E+16,5.13489E+16
44232,44233,14,5,11,0,2016,2,12,6,3,2,6,0,0,0,1,0,0,0,0,7.75427E+20,5.63792E+21,1.29113E+16,5.08274E+16
44233,44234,14,7,29,410,2016,1,14,2,2,9,1,0,1,0,1,0,0,0,0,7.62174E+20,5.69157E+21,1.27624E+16,5.13149E+16
44234,44235,14,5,21,390,2016,1,15,7,2,9,1,0,2,0,1,0,0,0,0,8.01882E+20,5.61657E+21,1.32684E+16,5.06227E+16
44235,44236,14,6,26,180,2016,2,11,5,3,5,3,0,1,0,1,0,0,1,0,9.05852E+20,5.66396E+21,1.47839E+16,5.09838E+16
44236,44237,14,5,21,390,2016,1,14,6,3,2,6,0,1,0,1,0,0,0,1,7.94371E+20,5.6193E+21,1.31647E+16,5.0651E+16
44237,44238,14,5,24,330,2016,2,16,3,3,8,1,2,1,0,0,0,1,0,0,7.45106E+20,5.63271E+21,1.24781E+16,5.07942E+16
44238,44239,14,6,12,0,2016,2,12,4,3,5,3,0,0,1,1,0,0,0,0,8.31798E+20,5.66378E+21,1.37326E+16,5.10296E+16
44239,44240,14,6,25,240,2016,2,19,3,2,9,1,2,1,0,1,0,0,0,0,8.58025E+20,5.71158E+21,1.41529E+16,5.1442E+16
44240,44241,14,6,28,270,2016,2,5,2,3,5,3,2,1,1,1,0,0,0,0,8.46217E+20,5.65701E+21,1.39311E+16,5.09604E+16
44241,44242,14,7,29,260,2016,2,11,7,3,4,2,0,0,0,1,0,0,0,0,7.39261E+20,5.68668E+21,1.2431E+16,5.12811E+16
44242,44243,14,7,13,0,2016,2,10,4,3,5,3,0,0,0,1,0,0,1,0,7.27211E+20,5.69338E+21,1.22628E+16,5.13462E+16
44243,44244,14,5,23,90,2016,1,7,6,3,4,6,1,1,1,1,0,0,0,0,7.39887E+20,5.59864E+21,1.23821E+16,5.04906E+16
44244,44245,14,6,26,610,2016,1,10,5,3,5,3,0,1,0,1,0,0,0,0,9.06572E+20,5.65456E+21,1.47836E+16,5.08991E+16
44245,44246,14,7,30,45,2016,1,4,4,3,8,7,2,1,0,1,0,0,0,0,7.84119E+20,5.71215E+21,1.3093E+16,5.1489E+16
44246,44247,14,5,21,170,2016,1,12,3,3,5,3,0,1,0,1,1,0,0,0,7.55344E+20,5.60006E+21,1.26006E+16,5.04967E+16
44247,44248,14,6,26,520,2016,1,16,3,3,5,3,2,1,0,1,0,0,0,0,9.14797E+20,5.68513E+21,1.49349E+16,5.11668E+16
44248,44249,14,5,24,80,2016,2,9,2,3,8,1,0,0,0,1,0,0,0,0,7.4851E+20,5.63819E+21,1.253E+16,5.0842E+16
44249,44250,14,6,27,100,2016,2,21,5,3,8,1,2,2,0,1,0,0,0,0,8.14338E+20,5.67068E+21,1.34904E+16,5.11013E+16
44250,44251,14,7,30,80,2016,1,12,7,3,8,1,0,1,0,1,0,0,0,0,7.57882E+20,5.70609E+21,1.27115E+16,5.14472E+16
44251,44252,14,6,28,270,2016,1,13,6,3,9,1,0,2,0,1,0,0,0,0,8.50726E+20,5.65112E+21,1.39894E+16,5.0905E+16
44252,44253,14,7,29,250,2016,1,0,5,3,8,1,2,2,0,1,0,0,0,0,7.48722E+20,5.69604E+21,1.25729E+16,5.1361E+16
44253,44254,14,6,27,140,2016,2,6,3,3,2,6,2,1,0,1,0,0,0,0,8.14041E+20,5.67809E+21,1.34927E+16,5.11679E+16
44254,44255,14,5,21,150,2016,1,14,4,2,4,1,0,2,0,1,0,0,0,1,7.84979E+20,5.62478E+21,1.30364E+16,5.07049E+16
44255,44256,14,6,12,0,2016,2,6,7,2,0,1,1,0,1,0,0,0,0,0,8.33359E+20,5.66973E+21,1.37603E+16,5.1082E+16
44256,44257,14,5,23,320,2016,2,16,3,2,5,3,0,1,0,1,0,0,0,0,7.21256E+20,5.60547E+21,1.2124E+16,5.05592E+16
44257,44258,14,6,27,30,2016,2,8,2,3,2,6,0,1,0,1,0,0,0,0,8.29961E+20,5.68642E+21,1.37273E+16,5.12335E+16
44258,44259,14,6,26,230,2016,2,9,7,3,4,6,0,0,0,1,0,0,1,0,9.116E+20,5.69114E+21,1.48963E+16,5.12228E+16
44259,44260,14,6,26,610,2016,2,13,4,3,9,1,0,2,0,1,0,0,0,0,9.07759E+20,5.64867E+21,1.47939E+16,5.08456E+16
44260,44261,14,6,26,580,2016,1,7,5,2,4,2,1,2,0,1,0,0,0,0,9.05664E+20,5.69698E+21,1.48184E+16,5.12793E+16
44261,44262,14,7,13,0,2016,1,8,3,3,5,3,0,1,0,1,0,0,0,0,7.31588E+20,5.69269E+21,1.2325E+16,5.13383E+16
44262,44263,14,5,11,0,2016,1,17,3,3,2,6,2,1,0,1,0,0,0,0,7.7311E+20,5.63564E+21,1.28768E+16,5.0808E+16
44263,44264,14,6,27,10,2016,1,7,3,3,0,1,1,0,1,0,0,0,0,0,8.20627E+20,5.67486E+21,1.35837E+16,5.11353E+16
44264,44265,14,6,25,270,2016,2,19,1,2,6,4,2,0,0,1,1,0,0,0,8.41216E+20,5.68977E+21,1.38911E+16,5.1257E+16
44265,44266,14,5,22,570,2016,2,20,5,3,5,3,2,1,0,1,0,0,0,1,7.79843E+20,5.66645E+21,1.29957E+16,5.10812E+16
44266,44267,14,6,25,240,2016,1,12,7,3,9,7,0,1,0,1,0,0,0,0,8.62558E+20,5.71304E+21,1.42194E+16,5.14522E+16
44267,44268,14,5,11,0,2016,2,14,3,2,6,7,0,1,0,0,1,0,0,1,7.80399E+20,5.63208E+21,1.29772E+16,5.07726E+16
44268,44269,14,5,21,590,2016,1,6,4,2,5,3,2,1,0,1,0,0,0,0,7.66124E+20,5.62312E+21,1.27688E+16,5.06989E+16
44269,44270,14,6,28,10,2016,2,18,7,2,8,1,2,1,0,1,0,0,0,0,8.35955E+20,5.63369E+21,1.37641E+16,5.07575E+16
44270,44271,14,7,29,370,2016,2,10,6,3,5,3,0,0,1,0,0,0,0,1,7.38231E+20,5.67737E+21,1.241E+16,5.1198E+16
44271,44272,14,5,21,500,2016,1,11,5,3,6,4,0,1,0,1,1,0,0,0,7.74982E+20,5.60532E+21,1.28807E+16,5.0535E+16
44272,44273,14,5,21,560,2016,1,14,2,3,2,6,0,2,0,1,0,0,0,1,7.81827E+20,5.59923E+21,1.29725E+16,5.04772E+16
44273,44274,14,7,29,140,2016,2,19,3,2,2,6,2,1,0,1,0,0,1,0,7.54038E+20,5.66221E+21,1.26251E+16,5.10551E+16
44274,44275,14,5,24,310,2016,1,5,2,3,8,1,2,2,0,1,0,0,0,0,7.56617E+20,5.61903E+21,1.26316E+16,5.06664E+16
44275,44276,14,5,22,460,2016,2,17,6,2,2,1,2,1,0,1,0,0,0,0,7.61058E+20,5.64624E+21,1.27136E+16,5.09087E+16
44276,44277,14,6,12,0,2016,2,21,4,2,0,1,2,1,0,1,0,0,0,0,8.32228E+20,5.67478E+21,1.37489E+16,5.11279E+16
44277,44278,14,6,12,0,2016,1,12,5,3,2,6,0,1,0,1,0,0,0,0,8.35542E+20,5.66179E+21,1.3784E+16,5.10095E+16
44278,44279,14,5,21,630,2016,1,17,2,3,5,3,0,1,0,1,0,0,1,0,7.82661E+20,5.61337E+21,1.29949E+16,5.06036E+16
44279,44280,14,5,24,300,2016,1,6,2,3,5,3,2,2,0,1,0,0,0,0,7.42238E+20,5.62676E+21,1.24336E+16,5.07421E+16
44280,44281,14,7,30,250,2016,1,4,2,3,5,3,2,1,0,0,0,0,0,1,7.35027E+20,5.70212E+21,1.23806E+16,5.14215E+16
44281,44282,14,6,26,420,2016,2,14,4,2,4,6,0,2,0,1,0,0,1,0,9.15768E+20,5.66705E+21,1.4928E+16,5.10043E+16
44282,44283,14,7,30,270,2016,2,5,7,3,8,1,2,1,0,1,0,0,0,0,7.28369E+20,5.70123E+21,1.22844E+16,5.14162E+16
44283,44284,14,5,24,120,2016,2,20,4,3,9,1,2,1,0,1,0,0,0,0,7.64325E+20,5.63524E+21,1.27521E+16,5.08085E+16
44284,44285,14,6,25,200,2016,2,5,2,3,2,6,2,1,0,1,0,0,0,0,8.48822E+20,5.67883E+21,1.3989E+16,5.11544E+16
44285,44286,14,5,22,460,2016,2,6,2,3,5,2,1,0,0,1,0,0,0,1,7.59863E+20,5.65592E+21,1.27036E+16,5.09961E+16
44286,44287,14,6,12,0,2016,2,15,5,3,3,6,0,0,0,1,0,0,0,1,8.45841E+20,5.66642E+21,1.39347E+16,5.1045E+16
44287,44288,14,5,23,320,2016,1,12,1,2,4,1,0,1,0,1,0,0,0,0,7.20513E+20,5.59735E+21,1.21087E+16,5.04866E+16
44288,44289,14,6,26,110,2016,1,6,6,2,5,3,2,0,1,1,0,0,0,0,9.17427E+20,5.68356E+21,1.49705E+16,5.11508E+16
44289,44290,14,5,24,90,2016,1,6,3,2,8,1,1,2,0,1,0,0,0,0,7.61913E+20,5.61703E+21,1.2705E+16,5.06461E+16
44290,44291,14,5,23,340,2016,2,11,6,3,2,2,0,1,0,1,0,0,0,0,7.331E+20,5.61382E+21,1.22961E+16,5.06296E+16
44291,44292,14,6,25,600,2016,2,14,6,3,3,6,0,0,0,1,0,0,1,0,8.43884E+20,5.67994E+21,1.39197E+16,5.11673E+16
44292,44293,14,5,23,290,2016,1,22,4,3,9,1,2,2,0,1,0,0,0,0,7.36711E+20,5.59351E+21,1.23342E+16,5.04458E+16
44293,44294,14,7,29,300,2016,2,7,2,3,4,2,1,0,0,1,0,0,0,0,7.53904E+20,5.68806E+21,1.26415E+16,5.12872E+16
44294,44295,14,6,27,140,2016,1,18,7,3,8,1,2,2,0,1,0,0,0,0,8.13898E+20,5.67582E+21,1.34886E+16,5.11475E+16
44295,44296,14,7,13,0,2016,2,22,5,3,3,6,2,1,0,1,0,0,0,0,7.34457E+20,5.69341E+21,1.23666E+16,5.13435E+16
44296,44297,14,6,12,0,2016,1,17,6,3,2,6,2,1,0,1,0,0,0,0,8.3089E+20,5.66645E+21,1.37222E+16,5.10541E+16
44297,44298,14,5,24,200,2016,2,21,3,3,4,2,2,0,0,1,0,0,0,0,7.53724E+20,5.62765E+21,1.25967E+16,5.07451E+16
44298,44299,14,7,30,80,2016,2,7,4,2,5,3,2,0,0,1,0,0,0,1,7.53973E+20,5.71296E+21,1.26603E+16,5.15106E+16
44299,44300,14,5,23,310,2016,2,12,3,3,5,3,0,1,0,1,0,0,0,1,7.1198E+20,5.6073E+21,1.19942E+16,5.05791E+16
44300,44301,14,7,13,0,2016,2,6,2,2,3,6,2,1,0,1,0,0,1,0,7.30778E+20,5.68299E+21,1.23072E+16,5.12515E+16
44301,44302,14,5,21,590,2016,2,10,7,3,2,6,0,0,0,1,0,0,0,0,7.64937E+20,5.62363E+21,1.27524E+16,5.0704E+16
44302,44303,14,5,23,80,2016,2,17,4,3,9,1,1,2,0,1,0,0,0,0,7.25068E+20,5.58097E+21,1.2163E+16,5.03378E+16
44303,44304,14,6,12,0,2016,1,21,7,2,5,3,2,1,0,1,0,0,0,0,8.29473E+20,5.66522E+21,1.37009E+16,5.10438E+16
44304,44305,14,7,13,0,2016,1,12,5,3,9,1,0,0,0,1,0,0,0,0,7.36588E+20,5.70265E+21,1.24033E+16,5.14256E+16
44305,44306,14,5,11,0,2016,2,17,5,3,6,2,2,1,0,1,1,0,0,0,7.75001E+20,5.63774E+21,1.29051E+16,5.08259E+16
44306,44307,14,6,25,530,2016,2,18,4,3,4,2,2,0,0,1,0,0,0,0,8.63498E+20,5.67432E+21,1.41935E+16,5.11048E+16
44307,44308,14,6,27,110,2016,2,8,3,3,4,6,0,1,0,1,0,0,1,0,8.27932E+20,5.69702E+21,1.3708E+16,5.13297E+16
44308,44309,14,5,22,590,2016,2,17,2,2,4,6,1,0,0,1,0,0,0,0,8.09331E+20,5.64531E+21,1.33975E+16,5.08765E+16
44309,44310,14,5,11,0,2016,2,11,5,3,2,6,0,0,0,1,0,0,0,0,7.7314E+20,5.63629E+21,1.28777E+16,5.08138E+16
44310,44311,14,6,27,50,2016,1,16,7,3,5,2,0,1,0,1,0,0,0,0,8.09256E+20,5.70503E+21,1.34478E+16,5.1412E+16
44311,44312,14,5,21,550,2016,1,14,6,3,6,4,0,0,0,1,1,0,0,0,7.68008E+20,5.6051E+21,1.27824E+16,5.05363E+16
44312,44313,14,5,23,350,2016,1,8,3,3,8,1,0,0,0,1,0,0,0,0,7.11419E+20,5.59606E+21,1.19799E+16,5.04783E+16
44313,44314,14,6,28,210,2016,1,21,5,3,8,1,2,2,0,1,0,0,0,0,8.5589E+20,5.65113E+21,1.40625E+16,5.09018E+16
44314,44315,14,6,26,610,2016,2,14,6,3,2,6,0,0,0,1,0,0,0,0,9.09171E+20,5.65487E+21,1.48207E+16,5.09001E+16
44315,44316,14,6,25,640,2016,2,13,2,3,6,4,0,0,0,1,1,0,0,0,8.64223E+20,5.70547E+21,1.42355E+16,5.13833E+16
44316,44317,14,5,24,210,2016,2,5,5,3,9,1,2,1,0,0,0,0,1,0,7.37517E+20,5.63348E+21,1.23711E+16,5.08043E+16
44317,44318,14,7,13,0,2016,1,17,2,3,2,6,2,1,0,1,0,0,0,0,7.41637E+20,5.68487E+21,1.24637E+16,5.12639E+16
44318,44319,14,5,22,140,2016,1,14,7,3,5,3,0,1,0,1,0,0,0,0,7.87057E+20,5.64043E+21,1.3078E+16,5.08442E+16
44319,44320,14,6,26,370,2016,2,8,5,3,7,7,0,0,0,0,0,0,0,1,9.05114E+20,5.69978E+21,1.48137E+16,5.13047E+16
44320,44321,14,5,21,640,2016,1,13,6,3,1,6,0,1,0,1,0,1,1,0,7.79621E+20,5.62052E+21,1.29575E+16,5.06693E+16
44321,44322,14,5,24,330,2016,2,15,3,3,4,1,0,0,0,1,0,0,0,0,7.42565E+20,5.62429E+21,1.24366E+16,5.07197E+16
44322,44323,14,6,12,0,2016,2,17,4,3,5,3,2,0,1,1,0,0,0,0,8.31063E+20,5.6667E+21,1.37249E+16,5.10562E+16
44323,44324,14,6,27,140,2016,2,18,2,3,2,6,2,1,0,1,0,0,0,0,8.12957E+20,5.67735E+21,1.34766E+16,5.11618E+16
44324,44325,14,6,26,290,2016,2,11,7,2,6,4,0,0,0,1,1,0,0,0,8.96525E+20,5.67586E+21,1.46647E+16,5.10968E+16
44325,44326,14,6,26,85,2016,2,12,4,2,8,1,0,2,0,1,0,0,0,0,8.93974E+20,5.66353E+21,1.4615E+16,5.09881E+16
44326,44327,14,5,21,590,2016,1,15,6,3,2,6,0,0,0,1,0,0,1,1,7.65144E+20,5.6239E+21,1.27555E+16,5.07064E+16
44327,44328,14,6,28,370,2016,1,6,4,3,9,1,1,1,0,1,0,0,0,0,8.53357E+20,5.65724E+21,1.40326E+16,5.09582E+16
44328,44329,14,5,23,320,2016,1,17,2,2,5,2,2,1,0,1,0,0,0,0,7.20465E+20,5.60168E+21,1.21106E+16,5.05254E+16
44329,44330,14,6,25,530,2016,1,5,3,3,8,1,2,2,0,1,0,0,0,0,8.64747E+20,5.67259E+21,1.42095E+16,5.10885E+16
44330,44331,14,7,30,90,2016,2,14,1,2,9,7,0,0,0,1,0,0,0,0,7.6585E+20,5.73037E+21,1.28442E+16,5.16613E+16
44331,44332,14,5,24,170,2016,1,6,4,3,4,6,2,0,0,0,0,0,0,1,7.40897E+20,5.61982E+21,1.24101E+16,5.06803E+16
44332,44333,14,6,28,270,2016,2,13,6,2,2,6,0,0,0,1,0,0,0,0,8.47209E+20,5.65678E+21,1.39449E+16,5.09578E+16
44333,44334,14,6,25,50,2016,1,6,3,2,8,1,2,2,0,1,0,0,0,0,8.55854E+20,5.67942E+21,1.40898E+16,5.11553E+16
44334,44335,14,5,21,30,2016,2,5,2,2,2,6,2,0,0,1,0,0,0,0,7.62814E+20,5.61109E+21,1.27135E+16,5.05925E+16
44335,44336,14,5,24,330,2016,2,15,5,2,8,1,0,0,0,1,0,0,0,0,7.47003E+20,5.62799E+21,1.25018E+16,5.07511E+16
44336,44337,14,6,25,200,2016,1,15,1,3,9,1,0,1,0,1,0,0,0,0,8.50439E+20,5.67747E+21,1.40108E+16,5.11412E+16
44337,44338,14,7,30,270,2016,1,11,6,3,5,3,0,0,0,1,0,0,1,0,7.22942E+20,5.70214E+21,1.22071E+16,5.14266E+16
44338,44339,14,5,11,0,2016,1,15,6,3,4,2,0,1,0,1,0,0,0,0,7.79007E+20,5.64291E+21,1.29658E+16,5.08704E+16
44339,44340,14,6,25,250,2016,2,19,3,3,9,1,2,0,0,1,0,0,0,0,8.56437E+20,5.6946E+21,1.41132E+16,5.12909E+16
44340,44341,14,6,28,260,2016,2,16,3,2,5,3,0,0,0,1,0,0,0,0,8.64551E+20,5.66592E+21,1.42E+16,5.10289E+16
44341,44342,14,6,12,0,2016,2,16,2,3,2,6,0,1,0,1,0,0,0,0,8.31639E+20,5.67093E+21,1.37369E+16,5.10938E+16
44342,44343,14,6,28,20,2016,2,22,7,3,8,1,2,1,0,1,0,0,0,0,8.46957E+20,5.64419E+21,1.39294E+16,5.08452E+16
44343,44344,14,6,25,640,2016,2,15,4,3,8,1,0,2,0,1,0,0,0,0,8.64559E+20,5.707E+21,1.42418E+16,5.13968E+16
44344,44345,14,6,28,270,2016,1,16,5,3,1,7,0,2,0,1,0,0,0,1,8.45501E+20,5.661E+21,1.39247E+16,5.09966E+16
44345,44346,14,7,13,0,2016,1,16,2,3,2,6,2,0,0,1,0,0,0,0,7.39482E+20,5.69446E+21,1.24394E+16,5.13508E+16
44346,44347,14,6,28,110,2016,1,16,3,3,5,3,1,1,0,1,0,0,0,0,8.27124E+20,5.66177E+21,1.36644E+16,5.10143E+16
44347,44348,14,6,28,40,2016,2,20,1,3,8,1,2,0,0,1,0,0,0,0,8.45383E+20,5.65283E+21,1.39153E+16,5.09234E+16
44348,44349,14,5,11,0,2016,2,9,5,2,3,6,0,0,0,1,0,0,1,0,7.70761E+20,5.63874E+21,1.28458E+16,5.08369E+16
44349,44350,14,6,25,20,2016,1,19,7,3,6,2,2,1,0,1,1,0,0,0,8.79629E+20,5.68401E+21,1.44331E+16,5.11812E+16
44350,44351,14,5,24,90,2016,2,14,2,2,5,3,0,1,0,1,0,0,0,0,7.61217E+20,5.62213E+21,1.26987E+16,5.06922E+16
44351,44352,14,6,28,160,2016,2,11,2,3,2,6,0,0,0,1,0,0,0,0,8.4187E+20,5.65787E+21,1.38702E+16,5.09707E+16
44352,44353,14,6,28,110,2016,2,15,5,3,5,3,0,0,1,1,0,0,0,0,8.27435E+20,5.66044E+21,1.36676E+16,5.10022E+16
44353,44354,14,7,13,0,2016,1,11,6,2,5,3,0,0,0,1,0,0,0,0,7.33764E+20,5.6969E+21,1.2359E+16,5.13752E+16
44354,44355,14,5,24,50,2016,1,10,3,3,4,1,0,1,0,1,0,0,0,0,7.45133E+20,5.63509E+21,1.24801E+16,5.08156E+16
44355,44356,14,6,28,170,2016,2,7,5,3,8,1,0,1,0,1,0,0,0,0,8.23468E+20,5.63536E+21,1.35891E+16,5.07795E+16
44356,44357,14,7,13,0,2016,1,10,7,3,2,6,0,2,0,1,0,0,0,1,7.39489E+20,5.69446E+21,1.24395E+16,5.13508E+16
44357,44358,14,7,13,0,2016,1,17,5,3,6,2,1,1,0,1,1,0,0,0,7.34767E+20,5.69352E+21,1.23712E+16,5.13444E+16
44358,44359,14,5,21,520,2016,2,4,3,3,9,1,2,1,0,1,0,0,0,0,7.80954E+20,5.6081E+21,1.29669E+16,5.05572E+16
44359,44360,14,5,24,330,2016,1,14,3,2,2,6,0,1,0,1,0,0,1,0,7.46521E+20,5.62262E+21,1.24914E+16,5.07031E+16
44360,44361,14,7,29,50,2016,2,13,7,2,2,1,0,0,0,1,0,0,0,0,7.4645E+20,5.66729E+21,1.25205E+16,5.1104E+16
44361,44362,14,5,21,590,2016,1,17,5,3,4,2,2,1,0,1,0,0,0,1,7.66266E+20,5.6239E+21,1.27714E+16,5.07058E+16
44362,44363,14,5,24,330,2016,1,19,1,2,8,1,2,2,0,1,1,0,0,0,7.4591E+20,5.62451E+21,1.2484E+16,5.07203E+16
44363,44364,14,6,27,60,2016,2,18,3,3,5,3,2,1,0,1,0,0,0,0,8.16043E+20,5.69273E+21,1.35341E+16,5.1298E+16
44364,44365,14,6,26,390,2016,1,15,2,2,0,7,0,0,0,0,0,0,0,1,8.9869E+20,5.66234E+21,1.46806E+16,5.09742E+16
44365,44366,14,6,27,100,2016,2,17,6,2,2,6,1,1,0,1,0,0,0,0,8.08658E+20,5.66571E+21,1.34053E+16,5.10598E+16
44366,44367,14,6,27,140,2016,2,17,4,3,5,2,2,0,1,1,0,0,0,0,8.1362E+20,5.67777E+21,1.34864E+16,5.11652E+16
44367,44368,14,7,30,270,2016,2,13,7,3,2,6,0,0,0,1,0,0,0,0,7.24443E+20,5.6937E+21,1.22233E+16,5.13502E+16
44368,44369,14,7,30,270,2016,2,16,4,3,3,7,0,0,0,1,0,0,0,0,7.23187E+20,5.70499E+21,1.22124E+16,5.1452E+16
44369,44370,14,5,21,50,2016,2,20,2,2,4,6,2,1,0,1,0,0,0,0,7.59469E+20,5.61137E+21,1.26665E+16,5.05964E+16
44370,44371,14,6,27,100,2016,2,11,5,2,1,1,0,0,0,0,0,0,1,0,8.17352E+20,5.66635E+21,1.35296E+16,5.10608E+16
44371,44372,14,5,23,320,2016,1,17,7,2,5,3,2,1,0,1,0,0,0,0,7.22533E+20,5.59756E+21,1.21372E+16,5.04877E+16
44372,44373,14,6,25,20,2016,1,20,6,3,5,3,2,0,0,1,0,0,0,0,8.79984E+20,5.68314E+21,1.44372E+16,5.11731E+16
44373,44374,14,7,30,300,2016,1,10,3,3,2,6,0,0,0,1,0,0,0,0,7.44509E+20,5.69915E+21,1.25146E+16,5.13909E+16
44374,44375,14,6,25,450,2016,1,23,5,3,6,6,2,0,0,1,1,0,0,0,8.49907E+20,5.68346E+21,1.4009E+16,5.11952E+16
44375,44376,14,5,23,150,2016,2,15,6,3,2,6,0,1,0,1,0,0,0,0,7.35734E+20,5.61037E+21,1.23311E+16,5.05976E+16
44376,44377,14,6,26,350,2016,1,19,4,3,4,1,2,2,0,1,0,0,0,0,8.8793E+20,5.66881E+21,1.4535E+16,5.10395E+16
44377,44378,14,7,30,10,2016,2,10,2,3,5,2,0,0,0,1,0,0,0,0,7.86719E+20,5.71924E+21,1.31361E+16,5.15512E+16
44378,44379,14,5,22,280,2016,2,6,6,2,8,1,2,2,0,1,0,0,0,0,7.61331E+20,5.6657E+21,1.27315E+16,5.10831E+16
44379,44380,14,5,21,220,2016,1,11,7,2,3,3,0,2,0,1,0,0,1,0,7.85043E+20,5.62975E+21,1.30411E+16,5.07494E+16
44380,44381,14,7,30,150,2016,2,7,5,3,5,3,2,1,0,1,0,0,0,1,7.39983E+20,5.70749E+21,1.24554E+16,5.14676E+16
44381,44382,14,5,11,0,2016,2,9,7,2,2,6,0,1,0,1,0,1,0,0,7.74718E+20,5.6376E+21,1.2901E+16,5.08248E+16
44382,44383,14,7,29,270,2016,2,12,6,3,5,3,0,0,1,1,0,0,0,0,7.24792E+20,5.68875E+21,1.22252E+16,5.13056E+16
44383,44384,14,5,22,140,2016,1,17,5,1,4,1,2,1,0,1,0,0,0,1,7.85396E+20,5.64194E+21,1.30556E+16,5.08586E+16
44384,44385,14,5,24,230,2016,2,15,2,3,3,1,0,0,0,1,0,1,0,0,7.62794E+20,5.63293E+21,1.27287E+16,5.07885E+16