FID,OBJECTID,ULAND,UREGBEZ,UKREIS,UGEMEINDE,UJAHR,UMONAT,USTUNDE,UWOCHENTAG,UKATEGORIE,UART,UTYP1,ULICHTVERH,IstStrasse,IstRad,IstPKW,IstFuss,IstKrad,IstGkfz,IstSonstig,LINREFX,LINREFY,XGCSWGS84,YGCSWGS84
44385,44386,14,6,25,20,2016,1,13,7,2,4,6,0,1,0,1,0,0,0,0,8.77825E+20,5.6837E+21,1.44071E+16,5.11795E+16
44386,44387,14,6,26,490,2016,1,9,2,3,4,6,0,1,0,0,0,0,1,1,8.84081E+20,5.72495E+21,1.45406E+16,5.15445E+16
44387,44388,14,5,24,20,2016,2,9,5,3,1,5,0,0,0,1,0,0,0,1,7.59672E+20,5.63866E+21,1.26886E+16,5.08413E+16
44388,44389,14,6,12,0,2016,2,16,4,2,6,2,1,1,0,1,1,0,0,0,8.31058E+20,5.66989E+21,1.37277E+16,5.10847E+16
44389,44390,14,7,30,150,2016,2,1,4,3,8,1,2,1,0,1,0,0,0,0,7.38801E+20,5.70664E+21,1.24378E+16,5.14605E+16
44390,44391,14,5,21,560,2016,2,12,4,3,0,6,0,0,0,0,0,0,1,1,7.81809E+20,5.59983E+21,1.29727E+16,5.04826E+16
44391,44392,14,6,26,580,2016,2,9,5,3,2,6,0,0,0,1,0,0,0,0,9.06943E+20,5.68987E+21,1.48285E+16,5.12148E+16
44392,44393,14,5,22,50,2016,2,4,3,2,5,3,1,1,0,1,0,0,0,1,8.04078E+20,5.64447E+21,1.33224E+16,5.08717E+16
44393,44394,14,7,13,0,2016,2,2,1,2,0,7,2,1,1,0,0,0,0,0,7.3478E+20,5.69353E+21,1.23713E+16,5.13445E+16
44394,44395,14,5,21,30,2016,2,10,5,3,3,6,0,0,0,1,0,0,1,0,7.61953E+20,5.61039E+21,1.27009E+16,5.05866E+16
44395,44396,14,6,27,150,2016,1,12,7,2,8,1,0,0,0,1,0,0,0,0,8.27345E+20,5.67675E+21,1.36811E+16,5.11484E+16
44396,44397,14,5,24,300,2016,1,14,5,2,1,6,0,0,0,1,0,0,0,0,7.37036E+20,5.62915E+21,1.23615E+16,5.07657E+16
44397,44398,14,6,12,0,2016,1,7,5,3,3,6,0,0,0,1,0,0,0,0,8.31415E+20,5.67215E+21,1.37349E+16,5.11048E+16
44398,44399,14,6,25,490,2016,2,15,6,3,5,3,0,0,0,1,0,0,0,0,8.78603E+20,5.69237E+21,1.44273E+16,5.12566E+16
44399,44400,14,7,29,340,2016,1,17,3,2,4,6,0,0,0,1,0,0,0,0,7.55438E+20,5.68204E+21,1.26591E+16,5.12325E+16
44400,44401,14,6,28,80,2016,2,22,2,3,9,7,2,0,0,1,0,0,0,0,8.40504E+20,5.65643E+21,1.38495E+16,5.09586E+16
44401,44402,14,5,23,20,2016,2,15,5,3,5,3,0,1,0,1,0,0,0,1,7.43747E+20,5.59763E+21,1.24358E+16,5.04799E+16
44402,44403,14,6,27,80,2016,1,20,2,3,9,1,2,1,0,1,0,0,0,0,8.09804E+20,5.67506E+21,1.34296E+16,5.1143E+16
44403,44404,14,5,23,450,2016,1,7,6,2,8,1,1,0,0,1,0,0,0,0,7.15358E+20,5.59587E+21,1.20353E+16,5.04752E+16
44404,44405,14,6,12,0,2016,2,18,5,3,2,2,2,1,1,1,0,0,0,0,8.29808E+20,5.66463E+21,1.37051E+16,5.10383E+16
44405,44406,14,5,24,120,2016,1,6,6,2,3,6,2,1,0,1,0,0,0,0,7.58925E+20,5.63552E+21,1.26758E+16,5.08134E+16
44406,44407,14,7,13,0,2016,2,15,3,3,3,6,0,0,0,0,0,0,0,1,7.37274E+20,5.69092E+21,1.24053E+16,5.132E+16
44407,44408,14,5,21,470,2016,2,8,4,3,9,1,0,2,0,1,0,0,0,0,8.07518E+20,5.63014E+21,1.33592E+16,5.07414E+16
44408,44409,14,6,12,0,2016,2,15,2,3,2,6,0,0,0,1,0,0,0,0,8.2907E+20,5.66131E+21,1.36916E+16,5.1009E+16
44409,44410,14,6,25,330,2016,2,23,7,2,3,2,2,0,0,1,0,0,0,0,8.76064E+20,5.70665E+21,1.44061E+16,5.13862E+16
44410,44411,14,6,26,85,2016,2,14,4,3,9,1,0,2,0,1,0,0,0,0,8.91401E+20,5.66719E+21,1.45825E+16,5.10226E+16
44411,44412,14,6,27,180,2016,1,16,6,3,2,6,0,1,0,1,0,0,0,0,8.06204E+20,5.66505E+21,1.33698E+16,5.10552E+16
44412,44413,14,5,24,80,2016,2,10,3,2,5,3,0,1,0,1,0,0,0,0,7.47156E+20,5.63562E+21,1.25091E+16,5.08195E+16
44413,44414,14,6,26,250,2016,2,14,4,3,6,4,0,0,0,1,1,0,0,0,8.96621E+20,5.72274E+21,1.47181E+16,5.15161E+16
44414,44415,14,6,26,280,2016,2,9,3,3,8,1,0,0,0,1,0,0,0,0,8.97073E+20,5.65787E+21,1.46528E+16,5.09354E+16
44415,44416,14,6,27,130,2016,2,10,2,3,5,3,0,1,0,1,0,0,0,1,7.99859E+20,5.68375E+21,1.32951E+16,5.12262E+16
44416,44417,14,7,29,270,2016,2,11,7,3,0,7,0,0,1,0,0,0,0,0,7.24623E+20,5.68844E+21,1.22225E+16,5.13029E+16
44417,44418,14,7,30,340,2016,2,19,4,2,9,1,2,1,0,1,0,0,0,0,7.25256E+20,5.70786E+21,1.22439E+16,5.14769E+16
44418,44419,14,5,23,350,2016,1,7,6,3,8,1,1,2,0,1,0,0,0,0,7.09494E+20,5.5957E+21,1.19526E+16,5.04758E+16
44419,44420,14,6,26,85,2016,1,7,5,3,7,7,0,1,0,1,0,0,0,0,8.94635E+20,5.66358E+21,1.46245E+16,5.09882E+16
44420,44421,14,5,24,250,2016,1,7,4,3,2,6,1,0,0,1,0,0,0,0,7.52707E+20,5.62028E+21,1.25772E+16,5.06794E+16
44421,44422,14,6,25,450,2016,1,7,3,3,4,1,0,2,0,1,0,0,0,0,8.50531E+20,5.68051E+21,1.4015E+16,5.11683E+16
44422,44423,14,5,11,0,2016,2,14,2,3,2,6,0,0,0,1,0,0,0,0,7.7499E+20,5.63952E+21,1.29063E+16,5.08419E+16
44423,44424,14,6,25,525,2016,2,16,5,3,9,7,0,1,0,1,0,0,0,0,8.80862E+20,5.67492E+21,1.4441E+16,5.10989E+16
44424,44425,14,5,11,0,2016,1,11,1,3,0,3,0,1,1,1,0,0,0,0,7.72598E+20,5.64108E+21,1.28736E+16,5.08571E+16
44425,44426,14,6,25,20,2016,1,14,6,3,4,1,0,2,0,1,0,0,0,0,8.78497E+20,5.68027E+21,1.4413E+16,5.11484E+16
44426,44427,14,5,23,430,2016,1,15,5,3,4,2,0,0,0,1,0,0,0,0,7.32198E+20,5.60529E+21,1.22781E+16,5.05533E+16
44427,44428,14,6,26,230,2016,2,12,3,2,4,6,0,1,0,1,0,0,0,0,9.11934E+20,5.69156E+21,1.49015E+16,5.12264E+16
44428,44429,14,7,13,0,2016,1,14,3,3,6,4,0,0,0,0,1,0,0,1,7.38632E+20,5.6945E+21,1.24272E+16,5.13516E+16
44429,44430,14,6,12,0,2016,2,12,7,3,2,6,0,0,0,1,0,0,0,0,8.27461E+20,5.66769E+21,1.36745E+16,5.10671E+16
44430,44431,14,6,12,0,2016,1,4,5,3,8,1,2,2,0,1,0,0,0,0,8.25779E+20,5.66471E+21,1.36479E+16,5.10414E+16
44431,44432,14,5,23,430,2016,1,17,1,2,8,1,2,2,0,1,0,0,0,0,7.31625E+20,5.6046E+21,1.22696E+16,5.05474E+16
44432,44433,14,5,22,150,2016,1,9,3,3,4,7,0,1,0,1,0,0,0,0,7.84579E+20,5.6491E+21,1.30496E+16,5.09232E+16
44433,44434,14,6,26,450,2016,2,12,4,2,9,1,0,2,0,1,0,0,0,0,9.08041E+20,5.68219E+21,1.48355E+16,5.11453E+16
44434,44435,14,7,29,430,2016,3,6,6,2,5,2,0,0,1,1,0,0,0,0,7.28638E+20,5.67797E+21,1.22734E+16,5.12073E+16
44435,44436,14,5,11,0,2016,4,15,7,3,0,7,0,0,0,0,0,0,0,1,7.7626E+20,5.63845E+21,1.29235E+16,5.08317E+16
44436,44437,14,6,25,600,2016,3,14,3,3,2,6,0,1,0,1,0,0,0,1,8.4103E+20,5.68021E+21,1.38793E+16,5.11714E+16
44437,44438,14,5,22,620,2016,2,19,2,3,9,1,2,2,0,1,0,0,0,0,7.90928E+20,5.67549E+21,1.31609E+16,5.11568E+16
44438,44439,14,5,21,270,2016,2,16,4,2,4,1,0,1,0,1,0,0,0,0,7.90739E+20,5.63154E+21,1.31231E+16,5.07627E+16
44439,44440,14,6,25,410,2016,3,5,5,2,4,2,2,1,0,1,0,0,0,1,8.52977E+20,5.68041E+21,1.40498E+16,5.1166E+16
44440,44441,14,6,25,270,2016,3,15,1,2,9,1,0,0,0,1,0,0,0,0,8.42151E+20,5.69256E+21,1.39071E+16,5.12814E+16
44441,44442,14,6,26,10,2016,3,10,6,3,5,3,0,0,1,1,0,0,0,0,8.96994E+20,5.72515E+21,1.47262E+16,5.15375E+16
44442,44443,14,5,11,0,2016,2,12,1,3,2,6,0,0,0,1,0,0,0,0,7.74919E+20,5.64302E+21,1.29079E+16,5.08734E+16
44443,44444,14,6,12,0,2016,2,18,2,3,5,3,2,1,1,1,0,0,0,0,8.31067E+20,5.66987E+21,1.37278E+16,5.10846E+16
44444,44445,14,7,13,0,2016,3,16,4,3,5,2,0,0,1,1,0,0,0,0,7.29946E+20,5.69311E+21,1.23018E+16,5.13427E+16
44445,44446,14,5,22,540,2016,3,14,4,3,2,6,0,1,0,1,0,0,0,1,7.8995E+20,5.66363E+21,1.31374E+16,5.10508E+16
44446,44447,14,6,27,30,2016,2,13,3,3,5,3,0,0,0,1,0,0,0,0,8.2316E+20,5.69045E+21,1.36338E+16,5.12735E+16
44447,44448,14,5,23,20,2016,3,14,1,3,6,6,0,0,0,1,1,0,0,0,7.42375E+20,5.59972E+21,1.24179E+16,5.04993E+16
44448,44449,14,6,26,110,2016,3,13,5,2,0,7,0,0,0,0,0,0,0,1,9.18128E+20,5.68324E+21,1.49801E+16,5.11474E+16
44449,44450,14,6,26,10,2016,3,14,2,3,4,1,0,0,0,1,0,0,0,0,8.96935E+20,5.7258E+21,1.47261E+16,5.15433E+16
44450,44451,14,6,12,0,2016,3,9,6,2,0,1,0,0,1,0,0,0,0,0,8.29202E+20,5.67046E+21,1.37018E+16,5.10909E+16
44451,44452,14,6,26,410,2016,4,6,6,2,6,2,1,1,0,1,1,0,0,0,8.85344E+20,5.67056E+21,1.45001E+16,5.10569E+16
44452,44453,14,6,25,280,2016,3,13,2,2,8,1,0,0,0,1,0,0,0,0,8.70541E+20,5.7027E+21,1.4323E+16,5.13544E+16
44453,44454,14,5,24,330,2016,2,15,4,2,2,6,0,1,0,1,0,0,0,1,7.46356E+20,5.62429E+21,1.24902E+16,5.07181E+16
44454,44455,14,5,21,355,2016,2,16,6,3,5,3,0,0,0,1,0,0,0,0,7.67107E+20,5.60948E+21,1.27729E+16,5.0576E+16
44455,44456,14,5,21,110,2016,3,8,3,3,4,1,0,2,0,1,0,0,0,0,7.64129E+20,5.59721E+21,1.27222E+16,5.04673E+16
44456,44457,14,5,21,160,2016,3,13,2,3,2,6,0,0,0,1,0,0,0,0,7.8067E+20,5.61871E+21,1.29709E+16,5.06525E+16
44457,44458,14,6,12,0,2016,2,8,2,3,2,6,0,0,0,1,0,0,0,0,8.3254E+20,5.66786E+21,1.37469E+16,5.10657E+16
44458,44459,14,6,27,70,2016,3,19,7,3,3,6,1,0,1,1,0,0,0,0,8.02404E+20,5.68905E+21,1.33359E+16,5.12724E+16
44459,44460,14,5,24,180,2016,3,13,6,3,4,6,0,0,0,1,0,0,0,0,7.67345E+20,5.6399E+21,1.27982E+16,5.08489E+16
44460,44461,14,5,23,170,2016,3,9,5,2,2,7,0,0,0,1,0,0,0,1,7.38355E+20,5.60734E+21,1.23662E+16,5.05693E+16
44461,44462,14,7,13,0,2016,3,14,3,3,6,2,0,1,0,0,1,0,0,1,7.36427E+20,5.69275E+21,1.23944E+16,5.13368E+16
44462,44463,14,5,11,0,2016,3,11,5,3,2,6,0,0,0,1,0,0,0,0,7.70231E+20,5.63707E+21,1.2837E+16,5.08222E+16
44463,44464,14,5,24,120,2016,3,2,5,3,8,1,2,1,0,0,0,0,0,1,7.59952E+20,5.63544E+21,1.26903E+16,5.08123E+16
44464,44465,14,6,25,110,2016,3,16,4,3,9,7,0,0,0,1,0,0,0,0,8.76117E+20,5.6784E+21,1.43772E+16,5.11333E+16
44465,44466,14,5,11,0,2016,3,10,4,3,8,1,0,0,0,1,0,0,0,0,7.75561E+20,5.63501E+21,1.2911E+16,5.08012E+16
44466,44467,14,6,12,0,2016,3,18,5,2,5,3,0,0,1,1,0,0,0,0,8.33373E+20,5.66354E+21,1.37548E+16,5.10265E+16
44467,44468,14,7,13,0,2016,3,17,7,3,5,2,1,0,0,1,0,0,0,0,7.35098E+20,5.69704E+21,1.23782E+16,5.13758E+16
44468,44469,14,5,21,550,2016,3,14,6,3,5,3,0,0,0,1,0,0,0,0,7.65905E+20,5.60725E+21,1.27543E+16,5.05566E+16
44469,44470,14,6,25,240,2016,3,10,5,2,5,3,0,0,0,1,0,0,0,1,8.65533E+20,5.71298E+21,1.42619E+16,5.14497E+16
44470,44471,14,6,28,410,2016,2,19,2,1,6,4,2,1,0,1,1,0,0,0,8.18768E+20,5.66366E+21,1.35473E+16,5.10359E+16
44471,44472,14,7,13,0,2016,3,12,4,3,5,3,0,0,0,1,0,0,0,0,7.36237E+20,5.6937E+21,1.23923E+16,5.13454E+16
44472,44473,14,6,25,150,2016,3,12,4,2,4,6,0,0,0,1,0,0,0,0,8.6943E+20,5.68641E+21,1.42903E+16,5.12093E+16
44473,44474,14,6,26,230,2016,3,12,4,3,5,2,0,0,0,1,0,0,0,0,9.11943E+20,5.69156E+21,1.49017E+16,5.12263E+16
44474,44475,14,5,24,90,2016,3,23,3,3,9,1,2,2,0,1,0,0,0,0,7.6118E+20,5.61951E+21,1.26964E+16,5.06687E+16
44475,44476,14,6,12,0,2016,3,19,3,3,6,6,2,1,0,1,1,0,0,0,8.39975E+20,5.67773E+21,1.3862E+16,5.11498E+16
44476,44477,14,5,24,330,2016,3,17,3,3,2,6,0,0,0,1,0,0,0,0,7.46016E+20,5.62508E+21,1.24859E+16,5.07254E+16
44477,44478,14,6,12,0,2016,2,4,3,2,8,1,2,1,0,0,0,1,0,0,8.33988E+20,5.67246E+21,1.37718E+16,5.11061E+16
44478,44479,14,6,27,100,2016,3,17,1,2,3,6,0,0,0,1,0,0,0,1,8.17867E+20,5.66639E+21,1.35369E+16,5.10608E+16
44479,44480,14,5,11,0,2016,3,14,5,2,2,6,0,0,0,1,0,0,0,1,7.73956E+20,5.64266E+21,1.2894E+16,5.08706E+16
44480,44481,14,6,28,300,2016,3,16,2,3,9,1,0,0,0,1,0,0,0,0,8.30052E+20,5.65196E+21,1.36971E+16,5.09246E+16
44481,44482,14,5,21,520,2016,3,14,6,3,2,6,0,0,0,1,0,0,0,0,7.8199E+20,5.60778E+21,1.29812E+16,5.05538E+16
44482,44483,14,6,27,360,2016,4,16,6,3,9,1,0,0,0,1,0,0,0,0,7.96885E+20,5.70046E+21,1.32666E+16,5.13776E+16
44483,44484,14,5,21,270,2016,3,14,2,3,9,1,0,0,0,1,0,1,0,0,7.88853E+20,5.63187E+21,1.30967E+16,5.07666E+16
44484,44485,14,7,30,270,2016,2,9,4,2,5,3,0,0,0,1,0,0,0,1,7.28444E+20,5.70207E+21,1.2286E+16,5.14238E+16
44485,44486,14,5,24,320,2016,3,15,2,3,6,4,0,0,0,1,1,0,0,0,7.48244E+20,5.61952E+21,1.25137E+16,5.06745E+16
44486,44487,14,6,27,130,2016,2,16,7,2,9,1,0,0,0,1,0,0,0,0,8.02671E+20,5.68421E+21,1.33357E+16,5.12288E+16
44487,44488,14,5,23,80,2016,3,6,7,2,9,1,1,0,0,1,0,0,0,0,7.24613E+20,5.58296E+21,1.21578E+16,5.03558E+16
44488,44489,14,6,27,230,2016,2,10,6,3,2,6,0,0,0,1,0,0,0,0,7.98794E+20,5.69349E+21,1.32881E+16,5.13141E+16
44489,44490,14,5,22,80,2016,2,13,2,3,2,6,0,0,0,1,0,0,0,1,7.86292E+20,5.67176E+21,1.30918E+16,5.11257E+16
44490,44491,14,6,26,110,2016,3,9,6,3,0,7,0,0,1,1,0,0,0,0,9.17581E+20,5.68476E+21,1.49741E+16,5.11614E+16
44491,44492,14,7,13,0,2016,3,12,5,2,6,4,0,0,0,0,1,0,0,1,7.35462E+20,5.69349E+21,1.23811E+16,5.13439E+16
44492,44493,14,6,12,0,2016,3,7,3,3,5,3,0,1,0,1,0,0,0,0,8.27782E+20,5.66727E+21,1.36787E+16,5.10632E+16
44493,44494,14,7,30,70,2016,3,19,4,3,6,6,2,0,0,1,1,0,0,0,7.35584E+20,5.71608E+21,1.23979E+16,5.15466E+16
44494,44495,14,7,30,270,2016,3,21,4,3,0,7,2,0,0,1,0,0,0,0,7.22243E+20,5.6997E+21,1.21955E+16,5.14049E+16
44495,44496,14,5,21,380,2016,3,9,4,3,5,3,0,0,0,1,0,0,0,1,7.62612E+20,5.62821E+21,1.27228E+16,5.07462E+16
44496,44497,14,7,13,0,2016,3,6,3,3,3,2,0,1,1,1,0,0,0,0,7.32793E+20,5.69686E+21,1.2345E+16,5.13752E+16
44497,44498,14,5,21,310,2016,3,10,7,2,2,1,0,1,0,1,0,0,0,0,7.69404E+20,5.63204E+21,1.28216E+16,5.07774E+16
44498,44499,14,7,30,70,2016,3,11,3,2,4,2,0,1,0,1,0,0,0,0,7.29729E+20,5.71334E+21,1.23118E+16,5.15244E+16
44499,44500,14,5,23,320,2016,2,15,2,3,9,1,0,2,0,0,0,0,0,1,7.22105E+20,5.59657E+21,1.21306E+16,5.0479E+16
44500,44501,14,7,29,410,2016,3,10,3,2,2,6,0,0,0,1,0,0,0,0,7.60991E+20,5.69709E+21,1.27495E+16,5.1365E+16
44501,44502,14,6,26,110,2016,4,16,7,2,6,4,0,0,1,0,1,0,0,0,9.18405E+20,5.67994E+21,1.49802E+16,5.11178E+16
44502,44503,14,6,25,330,2016,2,21,2,3,8,1,2,2,0,1,0,0,0,0,8.77755E+20,5.704E+21,1.44275E+16,5.13613E+16
44503,44504,14,5,22,20,2016,3,15,4,3,6,4,0,1,0,1,1,0,0,0,7.89093E+20,5.63685E+21,1.3104E+16,5.08111E+16
44504,44505,14,6,25,580,2016,3,13,5,3,2,6,0,0,0,1,0,0,0,0,8.53521E+20,5.68366E+21,1.40607E+16,5.11947E+16
44505,44506,14,6,28,50,2016,2,7,4,3,5,3,0,0,0,1,0,0,0,1,8.32083E+20,5.65907E+21,1.37324E+16,5.09872E+16
44506,44507,14,5,22,170,2016,4,7,6,3,8,1,0,2,0,0,0,0,0,1,8.15953E+20,5.63501E+21,1.34825E+16,5.07806E+16
44507,44508,14,5,24,330,2016,3,14,7,3,5,3,0,0,1,0,0,0,0,1,7.4596E+20,5.62451E+21,1.24847E+16,5.07203E+16
44508,44509,14,5,23,380,2016,3,1,3,2,8,1,2,2,0,1,0,0,0,0,7.4642E+20,5.60362E+21,1.24774E+16,5.05325E+16
44509,44510,14,5,22,510,2016,3,8,3,3,9,1,0,2,0,1,0,0,0,0,7.92768E+20,5.66717E+21,1.31804E+16,5.10812E+16
44510,44511,14,7,30,45,2016,3,5,3,3,5,3,2,1,1,1,0,0,0,0,7.89107E+20,5.70852E+21,1.31617E+16,5.14539E+16
44511,44512,14,6,27,10,2016,3,1,7,3,8,1,2,1,1,0,0,0,0,0,8.1711E+20,5.67612E+21,1.35347E+16,5.11485E+16
44512,44513,14,7,30,270,2016,2,18,2,3,9,1,2,1,0,1,0,0,0,0,7.23758E+20,5.69539E+21,1.22145E+16,5.13656E+16
44513,44514,14,6,26,260,2016,3,12,4,3,4,1,0,0,0,1,0,0,0,0,8.97055E+20,5.70172E+21,1.47008E+16,5.13278E+16
44514,44515,14,7,30,170,2016,3,17,5,3,0,7,2,0,0,1,0,0,0,0,7.88386E+20,5.6942E+21,1.31397E+16,5.13258E+16
44515,44516,14,6,28,270,2016,2,19,3,2,2,6,2,0,1,1,0,0,0,0,8.46764E+20,5.65677E+21,1.39386E+16,5.09579E+16
44516,44517,14,5,22,80,2016,4,6,6,3,4,6,1,2,0,1,0,0,0,1,7.83476E+20,5.66818E+21,1.30488E+16,5.10949E+16
44517,44518,14,6,25,610,2016,3,3,1,2,9,1,2,0,0,1,0,0,0,0,8.88585E+20,5.68668E+21,1.45635E+16,5.1199E+16
44518,44519,14,6,25,20,2016,3,14,2,3,6,3,0,0,0,1,1,0,0,0,8.81209E+20,5.68375E+21,1.44553E+16,5.11778E+16
44519,44520,14,6,28,360,2016,3,13,7,2,8,7,0,1,0,1,0,0,0,0,8.69073E+20,5.65996E+21,1.42582E+16,5.09726E+16
44520,44521,14,5,11,0,2016,2,11,2,3,2,6,0,1,0,1,0,0,0,0,7.77996E+20,5.64124E+21,1.29502E+16,5.08559E+16
44521,44522,14,5,24,180,2016,2,12,6,3,1,6,0,1,0,1,0,0,0,0,7.64654E+20,5.64097E+21,1.27608E+16,5.08597E+16
44522,44523,14,6,28,160,2016,3,12,7,3,0,1,0,0,0,1,0,0,0,0,8.42469E+20,5.65751E+21,1.38784E+16,5.09671E+16
44523,44524,14,5,23,300,2016,2,1,5,3,4,1,2,0,0,1,0,0,1,0,7.26659E+20,5.58712E+21,1.2189E+16,5.03924E+16
44524,44525,14,5,11,0,2016,2,6,2,3,5,3,0,0,0,1,0,0,0,0,7.78098E+20,5.64177E+21,1.2952E+16,5.08606E+16
44525,44526,14,6,12,0,2016,3,14,6,3,3,6,0,0,0,1,0,0,1,0,8.33067E+20,5.66912E+21,1.37556E+16,5.10767E+16
44526,44527,14,6,26,370,2016,3,18,5,2,4,6,2,0,0,1,0,0,0,0,9.04861E+20,5.69904E+21,1.48092E+16,5.12983E+16
44527,44528,14,5,22,150,2016,3,21,3,1,2,6,2,1,0,1,0,1,0,0,7.86632E+20,5.64612E+21,1.30764E+16,5.08954E+16
44528,44529,14,6,25,410,2016,3,20,6,3,4,2,2,1,0,1,0,0,0,1,8.52976E+20,5.68041E+21,1.40498E+16,5.1166E+16
44529,44530,14,6,12,0,2016,3,10,4,3,4,6,0,0,1,0,0,0,0,0,8.29761E+20,5.6653E+21,1.37051E+16,5.10444E+16
44530,44531,14,5,22,210,2016,3,12,4,2,2,6,0,0,0,1,0,0,0,0,8.00122E+20,5.65741E+21,1.3277E+16,5.09899E+16
44531,44532,14,6,25,190,2016,3,15,3,3,2,6,0,0,0,1,0,0,0,0,8.80901E+20,5.67712E+21,1.44439E+16,5.11186E+16
44532,44533,14,5,23,320,2016,3,22,6,2,5,3,2,1,0,1,0,0,0,0,7.2707E+20,5.59931E+21,1.22022E+16,5.05017E+16
44533,44534,14,6,25,240,2016,3,7,3,3,4,6,0,2,0,1,0,0,0,1,8.56825E+20,5.71165E+21,1.41358E+16,5.14434E+16
44534,44535,14,5,21,120,2016,4,13,7,3,5,3,0,0,0,1,0,0,0,0,7.74299E+20,5.62596E+21,1.28864E+16,5.07206E+16
44535,44536,14,7,29,410,2016,3,5,3,2,5,3,2,1,0,1,0,0,0,1,7.65051E+20,5.69534E+21,1.28064E+16,5.13475E+16
44536,44537,14,6,28,110,2016,2,9,2,3,2,6,0,2,0,1,0,0,0,0,8.24222E+20,5.66256E+21,1.36239E+16,5.1023E+16
44537,44538,14,5,21,600,2016,2,6,4,3,9,1,0,2,0,1,0,0,0,0,7.50608E+20,5.60484E+21,1.25372E+16,5.05417E+16
44538,44539,14,7,29,10,2016,3,13,5,3,2,6,0,0,0,1,0,0,0,1,7.54103E+20,5.67316E+21,1.26338E+16,5.11534E+16
44539,44540,14,7,13,0,2016,3,14,7,3,2,6,0,0,0,1,0,0,0,0,7.41618E+20,5.68488E+21,1.24635E+16,5.1264E+16
44540,44541,14,5,22,520,2016,3,14,2,3,5,3,0,0,0,1,0,0,0,0,8.1127E+20,5.62753E+21,1.341E+16,5.0716E+16
44541,44542,14,6,26,610,2016,3,4,6,3,5,3,2,0,0,1,0,0,0,0,9.09194E+20,5.65491E+21,1.48211E+16,5.09004E+16
44542,44543,14,5,21,30,2016,2,19,1,3,6,6,2,0,0,1,1,0,0,0,7.6335E+20,5.60885E+21,1.27195E+16,5.05721E+16
44543,44544,14,6,26,610,2016,2,15,5,2,4,6,0,1,0,1,0,1,1,0,9.13401E+20,5.66362E+21,1.48905E+16,5.09753E+16
44544,44545,14,5,22,180,2016,2,6,2,2,6,2,0,0,0,1,1,0,0,0,8.05511E+20,5.6495E+21,1.33469E+16,5.09161E+16
44545,44546,14,5,24,70,2016,3,13,4,2,5,3,0,1,1,1,0,0,0,0,7.6084E+20,5.6316E+21,1.27001E+16,5.07774E+16
44546,44547,14,6,12,0,2016,3,18,4,3,1,7,0,0,0,1,0,0,0,0,8.23458E+20,5.66727E+21,1.36172E+16,5.10656E+16
44547,44548,14,5,22,110,2016,3,9,2,3,2,2,0,1,0,1,0,0,0,0,8.00363E+20,5.6351E+21,1.32621E+16,5.07897E+16
44548,44549,14,5,23,370,2016,3,11,6,3,5,2,0,1,0,1,0,0,0,0,7.37645E+20,5.58772E+21,1.23437E+16,5.03934E+16
44549,44550,14,5,24,30,2016,2,16,2,3,3,6,0,1,0,1,0,0,0,0,7.37746E+20,5.63695E+21,1.23766E+16,5.08354E+16
44550,44551,14,6,25,610,2016,2,16,6,3,5,3,0,0,0,1,0,0,0,0,8.95421E+20,5.68346E+21,1.46573E+16,5.11655E+16
44551,44552,14,6,25,370,2016,2,11,5,3,7,1,0,0,0,1,0,0,0,0,8.44856E+20,5.69082E+21,1.39441E+16,5.12642E+16
44552,44553,14,5,23,20,2016,2,9,1,2,8,7,0,1,0,1,0,0,0,0,7.41541E+20,5.6006E+21,1.24067E+16,5.05074E+16
44553,44554,14,5,23,450,2016,3,9,5,3,9,1,0,1,0,1,0,0,0,0,7.13875E+20,5.58722E+21,1.20095E+16,5.0398E+16
44554,44555,14,6,25,20,2016,3,9,2,3,5,3,0,0,0,1,0,0,0,1,8.76755E+20,5.68715E+21,1.43954E+16,5.12111E+16
44555,44556,14,5,23,320,2016,3,8,5,2,6,4,0,0,0,1,1,0,0,0,7.22422E+20,5.59967E+21,1.21369E+16,5.05066E+16
44556,44557,14,5,22,470,2016,3,9,4,2,4,6,0,1,0,1,0,0,0,0,8.18517E+20,5.63147E+21,1.35157E+16,5.07475E+16
44557,44558,14,6,27,10,2016,3,14,3,2,3,2,0,0,1,0,0,0,0,1,8.19949E+20,5.67375E+21,1.3573E+16,5.11256E+16
44558,44559,14,6,12,0,2016,3,18,3,2,6,2,2,0,0,1,1,0,0,0,8.30706E+20,5.67043E+21,1.37232E+16,5.10898E+16
44559,44560,14,7,13,0,2016,3,1,6,3,8,1,2,0,0,1,0,0,0,0,7.32316E+20,5.69244E+21,1.23353E+16,5.13357E+16
44560,44561,14,5,21,270,2016,4,10,7,2,4,6,0,0,0,1,0,0,0,0,7.91689E+20,5.63199E+21,1.31369E+16,5.07662E+16
44561,44562,14,6,27,260,2016,3,17,3,3,2,6,0,0,0,1,0,0,1,0,7.97197E+20,5.68788E+21,1.32605E+16,5.12646E+16
44562,44563,14,6,12,0,2016,2,2,5,3,9,1,2,0,0,1,0,0,0,0,8.3174E+20,5.6638E+21,1.37318E+16,5.10298E+16