FID,OBJECTID,ULAND,UREGBEZ,UKREIS,UGEMEINDE,UJAHR,UMONAT,USTUNDE,UWOCHENTAG,UKATEGORIE,UART,UTYP1,ULICHTVERH,IstStrasse,IstRad,IstPKW,IstFuss,IstKrad,IstGkfz,IstSonstig,LINREFX,LINREFY,XGCSWGS84,YGCSWGS84
44563,44564,14,7,13,0,2016,2,18,3,2,5,2,2,0,0,1,0,0,0,0,7.40531E+20,5.68669E+21,1.24491E+16,5.12807E+16
44564,44565,14,6,25,525,2016,3,18,5,3,9,7,0,0,0,1,0,0,0,0,8.80806E+20,5.67382E+21,1.44391E+16,5.10891E+16
44565,44566,14,7,29,245,2016,3,8,7,3,8,7,0,1,0,1,0,0,0,0,7.62218E+20,5.69994E+21,1.27692E+16,5.139E+16
44566,44567,14,6,27,10,2016,3,15,6,3,3,6,0,0,1,1,0,0,0,0,8.24023E+20,5.67764E+21,1.36346E+16,5.11582E+16
44567,44568,14,7,30,230,2016,2,9,7,3,2,6,0,0,0,1,0,0,0,0,7.87856E+20,5.6895E+21,1.31283E+16,5.1284E+16
44568,44569,14,7,29,300,2016,2,12,1,3,2,1,0,1,0,1,0,0,1,0,7.51755E+20,5.68939E+21,1.26117E+16,5.13001E+16
44569,44570,14,7,29,170,2016,3,8,4,2,5,3,0,1,1,1,0,0,0,0,7.29884E+20,5.67164E+21,1.22871E+16,5.115E+16
44570,44571,14,6,25,160,2016,3,7,3,2,9,1,0,2,0,1,0,0,0,0,8.80653E+20,5.69111E+21,1.44552E+16,5.1244E+16
44571,44572,14,5,24,190,2016,3,11,4,3,0,3,0,0,0,1,0,0,0,0,7.436E+20,5.636E+21,1.2459E+16,5.08244E+16
44572,44573,14,6,12,0,2016,2,15,3,3,2,6,0,0,0,1,0,0,0,0,8.30968E+20,5.66657E+21,1.37234E+16,5.1055E+16
44573,44574,14,6,27,230,2016,3,13,1,3,0,7,0,0,1,0,0,0,0,0,7.96138E+20,5.69356E+21,1.32501E+16,5.13161E+16
44574,44575,14,6,27,20,2016,3,18,5,3,8,1,1,0,0,1,0,0,0,0,8.09088E+20,5.68259E+21,1.34259E+16,5.12109E+16
44575,44576,14,6,27,230,2016,3,12,2,3,6,4,0,0,0,0,1,0,0,1,7.98447E+20,5.69384E+21,1.32834E+16,5.13174E+16
44576,44577,14,6,12,0,2016,3,14,6,3,2,6,0,0,0,1,0,0,0,0,8.29134E+20,5.66712E+21,1.36978E+16,5.10611E+16
44577,44578,14,6,25,610,2016,4,10,6,2,5,3,0,1,0,1,0,0,0,0,8.96199E+20,5.68668E+21,1.46719E+16,5.11938E+16
44578,44579,14,6,27,180,2016,3,15,2,3,8,1,0,0,0,0,0,0,0,1,7.98613E+20,5.67076E+21,1.32666E+16,5.11104E+16
44579,44580,14,7,13,0,2016,2,6,4,3,5,3,2,1,1,1,0,0,0,0,7.32964E+20,5.69286E+21,1.23449E+16,5.13392E+16
44580,44581,14,7,30,310,2016,2,9,5,3,8,1,0,0,0,1,0,0,0,0,7.81105E+20,5.71813E+21,1.30544E+16,5.15441E+16
44581,44582,14,6,12,0,2016,2,9,3,3,0,7,0,0,0,1,0,0,0,1,8.32236E+20,5.66772E+21,1.37425E+16,5.10646E+16
44582,44583,14,5,21,700,2016,3,9,2,2,4,2,0,1,0,1,0,0,0,0,7.57453E+20,5.60772E+21,1.26356E+16,5.05646E+16
44583,44584,14,7,30,70,2016,3,10,5,1,4,1,0,0,0,1,0,0,0,0,7.31782E+20,5.71086E+21,1.23397E+16,5.15013E+16
44584,44585,14,7,30,310,2016,3,6,2,3,5,3,0,0,1,1,0,0,0,0,7.76007E+20,5.71897E+21,1.29818E+16,5.15542E+16
44585,44586,14,6,28,380,2016,3,15,6,2,3,3,0,0,0,1,0,0,0,0,8.58555E+20,5.66694E+21,1.41159E+16,5.10418E+16
44586,44587,14,7,30,310,2016,4,21,6,2,3,2,2,0,1,1,0,0,0,0,7.74834E+20,5.72121E+21,1.29666E+16,5.15748E+16
44587,44588,14,5,22,330,2016,3,18,3,3,4,6,0,0,0,1,0,0,0,0,7.78717E+20,5.65098E+21,1.29678E+16,5.0943E+16
44588,44589,14,5,23,10,2016,2,7,4,3,2,7,1,2,0,1,0,0,0,0,7.30153E+20,5.58242E+21,1.22352E+16,5.03488E+16
44589,44590,14,7,30,300,2016,2,13,5,3,5,3,0,0,0,1,0,0,0,1,7.44024E+20,5.69869E+21,1.25074E+16,5.13869E+16
44590,44591,14,5,21,110,2016,3,23,3,3,9,1,2,1,0,1,0,0,0,0,7.67558E+20,5.59954E+21,1.27721E+16,5.04867E+16
44591,44592,14,6,12,0,2016,3,15,2,2,6,4,0,0,0,1,1,0,0,0,8.3196E+20,5.66849E+21,1.37393E+16,5.10717E+16
44592,44593,14,7,29,140,2016,2,15,1,2,5,3,0,1,0,1,0,0,0,0,7.50098E+20,5.66691E+21,1.25723E+16,5.1099E+16
44593,44594,14,6,26,590,2016,3,0,7,2,9,1,2,0,0,0,0,0,0,1,8.995E+20,5.71656E+21,1.47524E+16,5.14589E+16
44594,44595,14,5,21,120,2016,3,18,6,2,1,5,2,0,0,1,0,0,0,1,7.75815E+20,5.62687E+21,1.29085E+16,5.0728E+16
44595,44596,14,6,28,10,2016,3,13,5,3,8,1,0,0,0,1,0,0,0,0,8.36908E+20,5.6346E+21,1.37784E+16,5.07652E+16
44596,44597,14,7,13,0,2016,2,11,1,3,4,1,0,1,0,1,0,0,0,0,7.35967E+20,5.6938E+21,1.23885E+16,5.13464E+16
44597,44598,14,6,26,610,2016,3,14,4,2,5,3,0,0,0,1,0,0,0,0,9.12876E+20,5.65943E+21,1.48783E+16,5.09383E+16
44598,44599,14,6,28,410,2016,3,18,4,3,6,4,2,0,0,1,1,0,0,0,8.19454E+20,5.66225E+21,1.35558E+16,5.10229E+16
44599,44600,14,6,12,0,2016,3,8,4,2,0,1,0,1,1,0,0,0,0,0,8.29681E+20,5.66976E+21,1.3708E+16,5.10844E+16
44600,44601,14,5,23,330,2016,3,6,3,3,4,1,0,2,0,1,0,0,0,1,7.25463E+20,5.6049E+21,1.21829E+16,5.05525E+16
44601,44602,14,5,22,150,2016,3,7,3,3,8,1,0,2,0,1,0,0,0,0,7.86034E+20,5.65128E+21,1.3072E+16,5.0942E+16
44602,44603,14,5,23,10,2016,3,14,3,2,6,4,0,0,0,1,1,0,0,0,7.31862E+20,5.57934E+21,1.22573E+16,5.03205E+16
44603,44604,14,5,22,180,2016,2,4,3,2,5,3,2,1,0,1,0,0,1,0,8.04911E+20,5.64787E+21,1.33371E+16,5.09019E+16
44604,44605,14,7,13,0,2016,3,5,7,3,9,1,2,0,0,1,0,0,0,0,7.43201E+20,5.69523E+21,1.24932E+16,5.13562E+16
44605,44606,14,5,23,260,2016,2,14,2,2,4,1,0,2,0,1,0,0,1,0,7.27948E+20,5.61261E+21,1.22227E+16,5.06208E+16
44606,44607,14,5,24,230,2016,3,21,4,2,8,1,2,1,0,1,0,0,0,0,7.63633E+20,5.63321E+21,1.27408E+16,5.07906E+16
44607,44608,14,5,21,430,2016,3,6,6,2,4,7,0,0,0,1,0,0,1,0,7.64989E+20,5.62581E+21,1.27547E+16,5.07235E+16
44608,44609,14,6,27,20,2016,2,15,3,3,4,6,0,0,0,1,0,0,0,0,8.05045E+20,5.68308E+21,1.33686E+16,5.12175E+16
44609,44610,14,5,21,590,2016,4,8,6,3,8,1,0,2,0,1,0,0,0,0,7.62434E+20,5.61784E+21,1.27129E+16,5.06532E+16
44610,44611,14,5,11,0,2016,3,10,2,3,0,1,0,0,1,0,0,0,0,0,7.79122E+20,5.63821E+21,1.29638E+16,5.08282E+16
44611,44612,14,6,25,480,2016,2,20,4,3,5,3,2,1,0,1,0,0,0,0,8.44431E+20,5.67473E+21,1.39226E+16,5.11202E+16
44612,44613,14,5,23,340,2016,3,13,2,2,8,1,0,0,0,0,0,1,0,0,7.31303E+20,5.61473E+21,1.22713E+16,5.06385E+16
44613,44614,14,6,27,70,2016,3,12,7,3,9,1,0,0,0,1,0,0,0,0,8.03325E+20,5.68533E+21,1.3346E+16,5.12385E+16
44614,44615,14,5,21,60,2016,2,9,7,3,5,3,0,0,0,1,0,0,0,0,7.85695E+20,5.60433E+21,1.30308E+16,5.05211E+16
44615,44616,14,5,23,20,2016,3,17,7,3,5,3,0,0,0,1,0,0,0,0,7.42442E+20,5.5996E+21,1.24187E+16,5.04981E+16
44616,44617,14,6,12,0,2016,2,18,6,3,2,6,2,0,0,1,0,0,0,0,8.36007E+20,5.66812E+21,1.37965E+16,5.1066E+16
44617,44618,14,6,25,250,2016,2,19,1,3,3,6,2,1,0,1,0,0,0,0,8.5571E+20,5.69293E+21,1.41011E+16,5.12764E+16
44618,44619,14,6,25,380,2016,3,5,6,3,2,2,1,0,0,1,0,0,0,0,8.72739E+20,5.67345E+21,1.4324E+16,5.10911E+16
44619,44620,14,6,26,610,2016,3,11,5,3,5,3,0,0,0,1,0,0,0,0,9.08544E+20,5.65517E+21,1.48122E+16,5.09032E+16
44620,44621,14,5,22,530,2016,3,7,3,3,2,2,0,1,0,1,0,1,0,0,7.69959E+20,5.66395E+21,1.28531E+16,5.10635E+16
44621,44622,14,5,22,180,2016,3,13,3,1,5,3,0,0,1,1,0,0,0,0,8.04422E+20,5.64567E+21,1.33283E+16,5.08823E+16
44622,44623,14,6,25,20,2016,2,14,7,3,2,6,0,0,0,1,0,0,0,0,8.7766E+20,5.68372E+21,1.44047E+16,5.11798E+16
44623,44624,14,5,22,440,2016,3,17,2,2,5,3,0,0,0,1,0,1,0,0,7.97435E+20,5.64025E+21,1.32248E+16,5.08374E+16
44624,44625,14,6,25,590,2016,2,18,1,2,8,1,2,1,0,1,0,0,0,0,8.75442E+20,5.66997E+21,1.43588E+16,5.10582E+16
44625,44626,14,7,13,0,2016,3,11,6,2,5,3,0,0,1,1,0,0,0,0,7.27445E+20,5.69008E+21,1.2264E+16,5.13165E+16
44626,44627,14,5,24,330,2016,3,7,5,3,3,6,0,0,0,1,0,0,1,0,7.42286E+20,5.62914E+21,1.24358E+16,5.07634E+16
44627,44628,14,7,13,0,2016,3,9,3,3,2,6,0,1,0,1,0,0,1,0,7.35456E+20,5.6935E+21,1.2381E+16,5.13439E+16
44628,44629,14,5,11,0,2016,3,16,5,3,2,6,0,0,0,1,0,0,0,0,7.78371E+20,5.63676E+21,1.29521E+16,5.08155E+16
44629,44630,14,5,23,300,2016,3,9,4,3,2,6,0,1,0,1,0,0,0,1,7.24548E+20,5.59157E+21,1.2162E+16,5.04331E+16
44630,44631,14,6,27,60,2016,3,7,4,3,5,3,1,0,0,1,0,0,0,0,8.15503E+20,5.69167E+21,1.35255E+16,5.12888E+16
44631,44632,14,7,30,280,2016,3,15,3,3,8,1,0,1,0,1,0,0,0,0,7.4268E+20,5.71311E+21,1.2498E+16,5.15169E+16
44632,44633,14,7,30,170,2016,3,8,3,3,8,1,0,2,0,1,0,0,0,0,7.87897E+20,5.69138E+21,1.31304E+16,5.13008E+16
44633,44634,14,5,22,80,2016,3,14,3,3,8,1,0,1,0,1,0,0,0,0,7.88856E+20,5.67162E+21,1.31282E+16,5.11231E+16
44634,44635,14,7,29,380,2016,3,20,3,3,0,7,2,0,0,1,0,0,0,0,7.57234E+20,5.7012E+21,1.26986E+16,5.14036E+16
44635,44636,14,6,12,0,2016,3,16,7,3,5,2,0,0,0,1,0,1,0,0,8.33697E+20,5.66328E+21,1.37592E+16,5.1024E+16
44636,44637,14,6,26,530,2016,2,10,2,2,4,1,0,2,0,1,0,0,1,0,8.93042E+20,5.66006E+21,1.45981E+16,5.09577E+16
44637,44638,14,6,27,140,2016,3,6,4,2,5,3,0,1,1,1,0,0,0,0,8.13745E+20,5.67791E+21,1.34883E+16,5.11664E+16
44638,44639,14,7,13,0,2016,3,15,5,3,2,6,0,0,0,1,0,0,0,0,7.34471E+20,5.69704E+21,1.23692E+16,5.13761E+16
44639,44640,14,6,26,270,2016,2,6,4,3,1,6,1,0,0,1,0,0,0,0,8.92532E+20,5.67375E+21,1.46056E+16,5.10806E+16
44640,44641,14,5,22,230,2016,4,8,6,3,3,6,0,1,0,1,0,0,0,1,7.90324E+20,5.65725E+21,1.31376E+16,5.09934E+16
44641,44642,14,6,27,220,2016,3,10,1,3,5,2,0,0,1,1,0,0,0,0,8.30353E+20,5.68289E+21,1.37296E+16,5.12017E+16
44642,44643,14,6,28,220,2016,3,14,2,3,8,1,0,0,0,1,0,0,0,0,8.35519E+20,5.65616E+21,1.37785E+16,5.09591E+16
44643,44644,14,5,22,360,2016,3,12,7,3,2,2,0,1,0,1,0,0,0,0,7.79944E+20,5.65551E+21,1.29887E+16,5.0983E+16
44644,44645,14,5,11,0,2016,2,15,2,3,5,3,0,1,0,1,0,0,0,0,7.74962E+20,5.63964E+21,1.2906E+16,5.0843E+16
44645,44646,14,7,29,400,2016,2,9,6,2,5,3,0,0,0,0,0,0,1,1,7.61586E+20,5.68753E+21,1.2751E+16,5.1279E+16
44646,44647,14,5,11,0,2016,3,14,7,3,3,6,0,1,0,1,0,0,0,0,7.75014E+20,5.63918E+21,1.29064E+16,5.08388E+16
44647,44648,14,5,23,320,2016,2,12,5,2,5,3,0,0,0,1,0,0,0,0,7.2519E+20,5.59861E+21,1.21753E+16,5.04961E+16
44648,44649,14,6,12,0,2016,2,11,1,3,9,1,0,1,0,1,0,0,0,0,8.3166E+20,5.66165E+21,1.37287E+16,5.10106E+16
44649,44650,14,6,12,0,2016,3,21,6,3,5,2,2,0,0,1,0,0,0,0,8.30892E+20,5.66646E+21,1.37222E+16,5.10541E+16
44650,44651,14,5,23,340,2016,3,15,2,3,5,3,0,0,0,1,0,0,0,1,7.33528E+20,5.61153E+21,1.23007E+16,5.06088E+16
44651,44652,14,5,21,340,2016,3,23,6,3,4,7,2,1,0,1,0,0,0,0,7.85048E+20,5.60626E+21,1.30231E+16,5.05387E+16
44652,44653,14,5,22,60,2016,3,7,4,3,6,4,0,1,0,1,1,0,0,0,7.68242E+20,5.6476E+21,1.28166E+16,5.09176E+16
44653,44654,14,7,30,270,2016,3,13,3,3,0,6,0,0,0,0,0,0,1,1,7.26296E+20,5.70154E+21,1.22548E+16,5.14199E+16
44654,44655,14,6,25,20,2016,3,7,3,3,2,6,0,1,0,1,0,0,0,0,8.77822E+20,5.68572E+21,1.44091E+16,5.11976E+16
44655,44656,14,7,29,245,2016,3,20,6,3,1,5,2,0,1,1,0,0,0,0,7.61868E+20,5.70223E+21,1.27659E+16,5.14107E+16
44656,44657,14,5,22,310,2016,4,16,7,2,0,7,0,0,0,0,0,1,0,0,7.76932E+20,5.67362E+21,1.29598E+16,5.11469E+16
44657,44658,14,6,25,340,2016,3,13,3,2,2,6,0,0,0,1,0,0,0,0,8.87596E+20,5.6879E+21,1.45507E+16,5.12106E+16
44658,44659,14,5,22,570,2016,2,19,2,3,4,1,2,2,0,1,0,0,0,0,7.83327E+20,5.66616E+21,1.30451E+16,5.10769E+16
44659,44660,14,6,28,260,2016,3,10,7,3,8,7,0,0,1,0,0,0,0,0,8.65902E+20,5.66511E+21,1.42184E+16,5.10208E+16
44660,44661,14,6,28,390,2016,3,14,4,3,5,2,0,1,0,1,0,0,0,0,8.51399E+20,5.65475E+21,1.40024E+16,5.0937E+16
44661,44662,14,5,11,0,2016,3,6,4,3,2,2,0,1,0,1,0,0,0,0,7.80426E+20,5.64451E+21,1.29871E+16,5.08841E+16
44662,44663,14,7,13,0,2016,3,16,3,3,2,6,0,0,0,1,0,0,0,1,7.36465E+20,5.6964E+21,1.23974E+16,5.13695E+16
44663,44664,14,5,23,320,2016,3,12,6,2,5,2,0,0,0,1,0,0,0,0,7.21258E+20,5.60584E+21,1.21242E+16,5.05625E+16
44664,44665,14,6,26,600,2016,3,6,3,3,5,3,2,1,1,1,0,0,0,0,8.92934E+20,5.71967E+21,1.46618E+16,5.14913E+16
44665,44666,14,5,24,290,2016,2,13,2,2,9,1,0,2,0,1,0,0,0,0,7.56026E+20,5.64246E+21,1.26396E+16,5.0877E+16
44666,44667,14,7,13,0,2016,3,14,3,3,2,6,0,0,0,1,0,0,0,0,7.36217E+20,5.6938E+21,1.23921E+16,5.13463E+16
44667,44668,14,6,28,410,2016,4,20,7,3,2,6,2,0,0,1,0,0,0,0,8.2089E+20,5.66398E+21,1.35778E+16,5.10376E+16
44668,44669,14,6,25,190,2016,2,21,2,2,4,1,2,2,0,1,0,0,0,0,8.81858E+20,5.67625E+21,1.44566E+16,5.11102E+16
44669,44670,14,5,24,80,2016,3,8,3,3,5,3,0,1,1,0,0,0,0,0,7.48511E+20,5.63612E+21,1.25286E+16,5.08234E+16
44670,44671,14,6,12,0,2016,2,8,4,3,2,6,0,1,0,1,0,0,0,0,8.40125E+20,5.66793E+21,1.38549E+16,5.10619E+16
44671,44672,14,7,30,30,2016,3,16,5,3,2,2,0,1,0,1,0,0,1,0,7.79069E+20,5.72113E+21,1.30275E+16,5.1572E+16
44672,44673,14,7,30,45,2016,3,16,7,2,9,1,0,0,0,0,0,1,0,0,7.84656E+20,5.70708E+21,1.30966E+16,5.14432E+16
44673,44674,14,5,21,530,2016,3,14,2,3,5,3,0,0,0,1,0,0,0,0,7.57603E+20,5.6089E+21,1.26385E+16,5.05751E+16
44674,44675,14,7,30,230,2016,3,6,6,3,0,1,0,0,0,0,0,1,0,0,7.85511E+20,5.6907E+21,1.30957E+16,5.12959E+16
44675,44676,14,6,25,240,2016,2,7,1,3,9,1,0,0,0,1,0,0,0,0,8.64931E+20,5.71157E+21,1.42519E+16,5.14374E+16
44676,44677,14,6,25,20,2016,2,8,6,3,2,6,0,0,0,1,0,0,0,0,8.78785E+20,5.68377E+21,1.44208E+16,5.11796E+16
44677,44678,14,6,26,290,2016,2,15,5,3,6,2,0,1,0,1,1,0,0,0,8.96912E+20,5.67516E+21,1.46694E+16,5.10902E+16
44678,44679,14,5,22,20,2016,2,13,1,2,8,1,0,1,0,1,0,0,0,0,7.86055E+20,5.63747E+21,1.30615E+16,5.08182E+16
44679,44680,14,5,21,710,2016,3,7,5,2,5,2,0,1,0,1,0,0,1,0,7.70516E+20,5.61748E+21,1.28267E+16,5.06463E+16
44680,44681,14,5,21,450,2016,3,16,5,3,6,6,0,0,1,0,1,0,0,0,7.63577E+20,5.62561E+21,1.27346E+16,5.07224E+16
44681,44682,14,5,24,30,2016,2,6,3,2,8,1,2,2,0,1,0,0,0,0,7.37446E+20,5.63698E+21,1.23724E+16,5.08357E+16
44682,44683,14,6,12,0,2016,3,11,2,3,5,3,0,0,1,1,0,0,0,0,8.30654E+20,5.67053E+21,1.37226E+16,5.10908E+16
44683,44684,14,7,30,140,2016,3,5,5,3,8,1,1,1,0,0,0,0,1,0,7.48826E+20,5.70407E+21,1.258E+16,5.14331E+16
44684,44685,14,5,22,150,2016,3,10,3,3,8,1,0,0,0,0,0,0,0,1,7.83587E+20,5.64712E+21,1.3034E+16,5.0906E+16
44685,44686,14,6,26,450,2016,3,8,6,2,2,6,0,0,0,1,0,0,0,0,9.05268E+20,5.68252E+21,1.47964E+16,5.11502E+16
44686,44687,14,5,23,170,2016,4,6,6,2,4,1,0,2,0,1,0,0,0,1,7.42452E+20,5.61232E+21,1.24271E+16,5.06123E+16
44687,44688,14,6,12,0,2016,3,14,3,3,2,6,0,0,0,1,0,0,0,0,8.34802E+20,5.6784E+21,1.37889E+16,5.11588E+16
44688,44689,14,5,21,460,2016,2,16,5,3,4,1,0,0,0,1,0,0,0,0,8.08491E+20,5.61953E+21,1.3364E+16,5.06458E+16
44689,44690,14,7,13,0,2016,2,14,5,3,5,3,0,0,1,1,0,0,0,0,7.34615E+20,5.69019E+21,1.23668E+16,5.13146E+16
44690,44691,14,6,25,370,2016,2,15,3,2,5,2,0,0,0,1,0,0,0,0,8.42038E+20,5.6929E+21,1.39058E+16,5.12845E+16
44691,44692,14,5,21,170,2016,2,14,1,3,2,2,0,1,0,1,0,0,0,0,7.55953E+20,5.60147E+21,1.26101E+16,5.05092E+16
44692,44693,14,6,12,0,2016,3,6,5,2,8,1,0,1,0,1,0,0,0,0,8.29453E+20,5.66285E+21,1.36985E+16,5.10226E+16
44693,44694,14,7,30,150,2016,3,16,7,3,4,2,0,0,0,1,0,0,0,1,7.40154E+20,5.70945E+21,1.24591E+16,5.14851E+16
44694,44695,14,5,22,35,2016,3,12,6,3,2,2,0,0,0,1,0,0,0,1,8.10763E+20,5.6523E+21,1.34238E+16,5.09384E+16
44695,44696,14,6,26,110,2016,3,8,5,2,6,2,0,0,0,1,1,0,0,0,9.16602E+20,5.6821E+21,1.49571E+16,5.11383E+16
44696,44697,14,7,13,0,2016,2,14,7,3,5,3,0,0,0,1,0,0,0,0,7.26009E+20,5.69341E+21,1.22455E+16,5.1347E+16
44697,44698,14,5,21,180,2016,2,16,4,3,9,1,1,2,0,1,0,0,0,0,7.72704E+20,5.61278E+21,1.28541E+16,5.0603E+16
44698,44699,14,7,13,0,2016,3,18,5,3,5,3,0,1,1,1,0,0,0,0,7.36339E+20,5.69474E+21,1.23945E+16,5.13547E+16
44699,44700,14,7,30,270,2016,3,18,7,1,5,3,0,0,0,1,0,1,0,0,7.22896E+20,5.69951E+21,1.22047E+16,5.14029E+16
44700,44701,14,7,30,270,2016,3,10,1,3,5,3,0,0,1,1,0,0,0,0,7.24614E+20,5.69856E+21,1.22288E+16,5.13938E+16
44701,44702,14,6,26,290,2016,3,13,6,3,6,4,0,0,0,0,1,1,0,0,8.96413E+20,5.67587E+21,1.46631E+16,5.10969E+16
44702,44703,14,5,21,310,2016,2,11,1,3,0,7,0,0,0,1,0,0,0,0,7.68141E+20,5.62934E+21,1.28018E+16,5.07538E+16
44703,44704,14,6,28,390,2016,2,10,5,2,8,1,0,1,0,1,0,0,0,0,8.54429E+20,5.65381E+21,1.40444E+16,5.09268E+16
44704,44705,14,7,30,300,2016,2,19,7,2,6,4,2,1,0,1,1,0,0,0,7.42856E+20,5.69766E+21,1.24899E+16,5.13781E+16
44705,44706,14,7,29,10,2016,3,5,4,3,4,6,2,0,0,1,0,0,1,0,7.54263E+20,5.67261E+21,1.26357E+16,5.11484E+16
44706,44707,14,6,27,140,2016,3,5,4,2,6,4,2,0,0,1,1,0,0,0,8.13269E+20,5.67754E+21,1.34812E+16,5.11633E+16
44707,44708,14,5,22,490,2016,2,9,3,3,4,2,0,1,0,1,0,0,0,0,7.59863E+20,5.65592E+21,1.27036E+16,5.09961E+16
44708,44709,14,5,23,230,2016,3,17,1,3,0,7,0,0,0,1,0,0,0,0,7.28295E+20,5.5856E+21,1.22111E+16,5.03781E+16
44709,44710,14,7,30,310,2016,3,16,5,3,6,4,0,0,0,1,1,0,0,0,7.75285E+20,5.72057E+21,1.29726E+16,5.15688E+16
44710,44711,14,7,13,0,2016,3,16,2,3,2,6,0,0,0,1,0,0,0,0,7.43111E+20,5.6951E+21,1.24918E+16,5.13551E+16
44711,44712,14,6,27,80,2016,3,10,6,3,5,3,0,0,0,1,0,0,0,0,8.06072E+20,5.67189E+21,1.33738E+16,5.11166E+16
44712,44713,14,7,30,160,2016,4,15,6,3,3,2,0,0,0,1,0,0,0,0,7.59681E+20,5.72006E+21,1.27476E+16,5.15717E+16
44713,44714,14,7,29,40,2016,3,20,2,2,2,6,2,0,0,1,0,1,0,0,7.37216E+20,5.67876E+21,1.23965E+16,5.12109E+16
44714,44715,14,5,23,200,2016,2,7,4,2,6,7,0,1,0,1,1,0,0,0,7.37506E+20,5.57867E+21,1.2336E+16,5.03122E+16
44715,44716,14,7,30,340,2016,2,3,5,2,8,7,2,0,0,1,0,0,0,0,7.23174E+20,5.70789E+21,1.2214E+16,5.14781E+16
44716,44717,14,5,21,550,2016,3,6,3,3,8,1,0,2,0,1,0,0,0,0,7.66914E+20,5.60362E+21,1.27659E+16,5.05236E+16
44717,44718,14,5,21,550,2016,3,18,2,3,2,6,1,1,0,1,0,0,0,0,7.68406E+20,5.60534E+21,1.27882E+16,5.05384E+16
44718,44719,14,6,26,110,2016,2,18,7,3,6,2,2,1,0,1,1,0,0,0,9.17459E+20,5.68481E+21,1.49724E+16,5.1162E+16
44719,44720,14,6,27,130,2016,3,10,7,3,5,3,0,0,0,1,0,0,0,0,8.00793E+20,5.6802E+21,1.33055E+16,5.11939E+16
44720,44721,14,5,22,480,2016,3,5,6,3,5,3,2,0,0,1,0,0,1,0,8.04729E+20,5.66216E+21,1.33464E+16,5.10301E+16
44721,44722,14,5,21,50,2016,3,10,5,3,5,3,0,0,0,1,0,0,0,0,7.58037E+20,5.6154E+21,1.26491E+16,5.06333E+16
44722,44723,14,5,21,590,2016,3,20,5,2,6,4,2,0,0,1,1,0,0,0,7.66422E+20,5.62423E+21,1.27738E+16,5.07087E+16
44723,44724,14,6,26,290,2016,3,7,4,3,2,6,0,1,0,1,0,0,0,0,8.9651E+20,5.67584E+21,1.46644E+16,5.10965E+16
44724,44725,14,5,21,290,2016,3,13,4,2,5,3,0,0,0,1,0,0,0,0,7.58875E+20,5.62809E+21,1.26698E+16,5.07468E+16
44725,44726,14,5,23,360,2016,3,7,3,3,2,6,0,2,0,1,0,0,0,0,7.41192E+20,5.60339E+21,1.24036E+16,5.05326E+16
44726,44727,14,5,22,180,2016,3,7,3,3,2,7,0,2,0,1,0,0,0,0,8.0681E+20,5.64932E+21,1.33652E+16,5.09138E+16
44727,44728,14,5,23,360,2016,3,15,3,2,6,4,0,0,0,1,1,0,0,0,7.42028E+20,5.60328E+21,1.24153E+16,5.05313E+16
44728,44729,14,6,25,340,2016,3,7,7,2,5,3,0,1,0,1,0,0,0,0,8.85568E+20,5.69082E+21,1.4525E+16,5.12381E+16
44729,44730,14,7,13,0,2016,2,13,2,3,2,2,0,1,1,1,0,0,0,0,7.35077E+20,5.69024E+21,1.23734E+16,5.13148E+16
44730,44731,14,7,13,0,2016,3,12,4,3,0,7,0,0,0,0,0,1,0,0,7.36468E+20,5.69327E+21,1.23954E+16,5.13414E+16
44731,44732,14,5,24,170,2016,3,9,5,3,2,6,0,0,0,0,0,0,1,1,7.43819E+20,5.61583E+21,1.24487E+16,5.06433E+16
44732,44733,14,5,23,20,2016,3,16,4,3,2,2,0,0,0,1,0,1,0,0,7.42665E+20,5.60081E+21,1.24227E+16,5.05089E+16
44733,44734,14,6,26,610,2016,3,8,4,3,5,3,0,0,0,1,0,0,0,1,9.08574E+20,5.65456E+21,1.48119E+16,5.08977E+16
44734,44735,14,6,25,240,2016,3,14,4,3,2,6,0,0,0,1,0,0,0,0,8.61058E+20,5.70948E+21,1.41942E+16,5.14212E+16
44735,44736,14,5,24,90,2016,3,6,3,3,4,7,1,1,0,1,0,0,0,1,7.61235E+20,5.62198E+21,1.26989E+16,5.06909E+16
44736,44737,14,6,12,0,2016,3,10,3,3,2,6,0,1,0,1,0,0,0,0,8.37034E+20,5.6603E+21,1.38038E+16,5.09954E+16
44737,44738,14,5,22,70,2016,3,14,4,2,5,3,0,1,1,1,0,0,0,0,7.73225E+20,5.65038E+21,1.28894E+16,5.09402E+16
44738,44739,14,5,22,150,2016,2,6,3,3,8,1,2,2,0,1,0,0,0,0,7.85437E+20,5.65143E+21,1.30636E+16,5.09437E+16
44739,44740,14,6,12,0,2016,3,5,1,3,2,6,1,0,0,1,0,0,0,0,8.3089E+20,5.6657E+21,1.37215E+16,5.10473E+16
44740,44741,14,6,12,0,2016,3,15,5,3,5,3,0,0,1,1,0,0,0,0,8.33651E+20,5.66777E+21,1.37627E+16,5.10643E+16
44741,44742,14,6,28,60,2016,3,15,2,2,6,4,0,0,0,1,1,0,0,0,8.29897E+20,5.64881E+21,1.36921E+16,5.08965E+16