FID,OBJECTID,ULAND,UREGBEZ,UKREIS,UGEMEINDE,UJAHR,UMONAT,USTUNDE,UWOCHENTAG,UKATEGORIE,UART,UTYP1,ULICHTVERH,IstStrasse,IstRad,IstPKW,IstFuss,IstKrad,IstGkfz,IstSonstig,LINREFX,LINREFY,XGCSWGS84,YGCSWGS84
44742,44743,14,5,21,560,2016,3,21,6,3,9,6,2,1,0,1,0,0,0,0,7.83071E+20,5.60555E+21,1.29948E+16,5.05332E+16
44743,44744,14,6,25,240,2016,4,18,6,2,4,2,0,0,0,1,0,0,0,0,8.55944E+20,5.70659E+21,1.41181E+16,5.13986E+16
44744,44745,14,5,21,460,2016,3,17,2,3,5,2,0,0,1,0,0,0,0,1,8.0643E+20,5.62104E+21,1.33362E+16,5.06604E+16
44745,44746,14,7,30,280,2016,2,15,4,2,5,3,0,1,0,1,0,0,0,0,7.37883E+20,5.71061E+21,1.24273E+16,5.14965E+16
44746,44747,14,5,24,300,2016,3,11,2,3,8,1,0,0,0,1,0,0,0,0,7.40257E+20,5.62324E+21,1.24033E+16,5.07113E+16
44747,44748,14,6,12,0,2016,2,9,7,3,2,6,0,0,1,1,0,0,0,0,8.31945E+20,5.66762E+21,1.37383E+16,5.10639E+16
44748,44749,14,6,26,10,2016,3,14,1,1,8,1,0,0,0,1,0,0,0,0,8.95694E+20,5.72426E+21,1.47065E+16,5.15304E+16
44749,44750,14,6,28,240,2016,2,15,7,3,9,1,0,1,0,1,0,0,0,0,8.49236E+20,5.65962E+21,1.39764E+16,5.0982E+16
44750,44751,14,6,26,600,2016,3,20,6,2,9,1,2,0,0,1,0,0,0,0,8.90513E+20,5.72119E+21,1.46288E+16,5.15065E+16
44751,44752,14,7,13,0,2016,3,19,5,3,5,3,2,1,0,1,0,0,0,0,7.28034E+20,5.68423E+21,1.22687E+16,5.12638E+16
44752,44753,14,6,28,390,2016,3,10,3,3,5,3,0,1,0,1,0,0,0,0,8.49865E+20,5.65583E+21,1.39817E+16,5.09477E+16
44753,44754,14,5,24,270,2016,3,15,4,3,5,3,0,0,0,1,0,0,0,1,7.46502E+20,5.63991E+21,1.25027E+16,5.08582E+16
44754,44755,14,7,30,270,2016,3,7,4,2,4,6,0,1,0,1,0,0,1,1,7.28189E+20,5.70302E+21,1.2283E+16,5.14323E+16
44755,44756,14,6,12,0,2016,3,13,4,3,8,1,0,0,0,1,0,0,0,0,8.31909E+20,5.6694E+21,1.37394E+16,5.10799E+16
44756,44757,14,7,13,0,2016,3,5,3,3,5,3,2,1,1,1,0,0,0,0,7.28315E+20,5.69757E+21,1.22813E+16,5.13834E+16
44757,44758,14,5,21,310,2016,3,10,7,2,2,6,0,0,0,1,0,0,0,0,7.69403E+20,5.63204E+21,1.28216E+16,5.07774E+16
44758,44759,14,7,29,260,2016,3,5,3,3,8,1,2,2,0,1,0,0,0,0,7.35961E+20,5.68614E+21,1.23834E+16,5.12776E+16
44759,44760,14,5,22,360,2016,3,8,3,2,4,6,0,1,0,1,0,0,1,0,7.73986E+20,5.65367E+21,1.29027E+16,5.09693E+16
44760,44761,14,7,13,0,2016,3,7,3,3,5,2,0,0,1,1,0,0,0,0,7.36341E+20,5.69249E+21,1.2393E+16,5.13345E+16
44761,44762,14,7,13,0,2016,4,14,7,3,5,2,0,0,1,1,0,0,0,0,7.36117E+20,5.69389E+21,1.23907E+16,5.13472E+16
44762,44763,14,6,25,50,2016,2,19,2,3,8,1,2,2,0,1,0,0,0,0,8.55312E+20,5.67894E+21,1.40816E+16,5.11513E+16
44763,44764,14,5,11,0,2016,3,17,4,3,2,6,1,1,0,1,0,0,0,0,7.69148E+20,5.64307E+21,1.28261E+16,5.08765E+16
44764,44765,14,6,26,390,2016,3,15,5,3,3,6,0,0,1,1,0,0,0,0,9.03571E+20,5.6624E+21,1.47498E+16,5.09714E+16
44765,44766,14,6,28,400,2016,2,11,4,3,8,1,0,0,0,1,0,0,0,0,8.21102E+20,5.65847E+21,1.35759E+16,5.09881E+16
44766,44767,14,5,22,230,2016,4,8,6,3,8,1,0,1,0,1,0,0,0,0,7.89876E+20,5.65705E+21,1.31311E+16,5.09919E+16
44767,44768,14,6,12,0,2016,3,13,1,3,2,6,0,0,0,1,0,0,0,0,8.33062E+20,5.66911E+21,1.37555E+16,5.10766E+16
44768,44769,14,6,12,0,2016,3,19,2,3,6,6,2,0,0,1,1,0,0,0,8.42831E+20,5.6617E+21,1.38875E+16,5.10045E+16
44769,44770,14,5,24,310,2016,3,11,6,2,9,1,0,0,0,1,0,0,0,0,7.51761E+20,5.61685E+21,1.25615E+16,5.0649E+16
44770,44771,14,5,24,190,2016,2,15,2,2,0,1,0,2,0,1,0,0,1,0,7.45069E+20,5.63658E+21,1.24802E+16,5.0829E+16
44771,44772,14,7,13,0,2016,2,14,6,3,2,6,0,0,0,1,0,0,0,1,7.36162E+20,5.69444E+21,1.23918E+16,5.13521E+16
44772,44773,14,5,23,80,2016,3,7,6,3,0,7,0,0,0,1,0,0,0,0,7.27574E+20,5.586E+21,1.22012E+16,5.03819E+16
44773,44774,14,7,30,280,2016,2,8,5,2,5,2,0,1,0,1,0,1,0,0,7.41119E+20,5.71128E+21,1.24743E+16,5.15012E+16
44774,44775,14,6,12,0,2016,2,17,7,2,0,7,2,1,1,1,0,0,0,0,8.3271E+20,5.6684E+21,1.37499E+16,5.10705E+16
44775,44776,14,5,22,10,2016,4,6,6,3,4,6,0,2,0,1,0,0,0,0,7.78617E+20,5.65109E+21,1.29665E+16,5.0944E+16
44776,44777,14,6,25,380,2016,3,1,1,3,0,1,2,0,1,0,0,0,0,0,8.72907E+20,5.67324E+21,1.43262E+16,5.10892E+16
44777,44778,14,6,27,180,2016,3,10,2,3,8,1,0,0,0,0,0,0,1,0,7.98459E+20,5.66819E+21,1.32622E+16,5.10874E+16
44778,44779,14,6,28,220,2016,3,11,7,3,6,4,0,0,0,1,1,0,0,0,8.34204E+20,5.65453E+21,1.37583E+16,5.09453E+16
44779,44780,14,5,21,20,2016,2,18,2,3,4,1,2,2,0,1,0,0,0,0,7.83001E+20,5.61158E+21,1.29984E+16,5.05875E+16
44780,44781,14,5,24,190,2016,2,13,6,3,6,7,0,0,0,1,1,0,0,0,7.43224E+20,5.63829E+21,1.24552E+16,5.08451E+16
44781,44782,14,7,13,0,2016,3,12,7,3,5,2,0,0,0,1,0,0,0,0,7.40887E+20,5.69636E+21,1.24608E+16,5.13673E+16
44782,44783,14,5,21,590,2016,2,7,5,3,8,1,1,1,0,1,0,0,0,0,7.61221E+20,5.61896E+21,1.26966E+16,5.06638E+16
44783,44784,14,6,28,10,2016,2,15,7,2,8,1,0,2,0,1,0,0,0,0,8.43285E+20,5.63796E+21,1.38716E+16,5.07915E+16
44784,44785,14,6,28,110,2016,3,13,6,2,4,6,0,0,0,1,0,0,0,0,8.22148E+20,5.66212E+21,1.3594E+16,5.10202E+16
44785,44786,14,6,25,330,2016,3,9,5,3,8,1,0,0,0,0,0,0,0,1,8.71511E+20,5.71197E+21,1.43466E+16,5.14368E+16
44786,44787,14,5,11,0,2016,3,12,3,3,3,6,0,1,0,1,0,0,1,0,7.75054E+20,5.64278E+21,1.29096E+16,5.08711E+16
44787,44788,14,6,27,180,2016,3,9,7,2,8,7,0,0,0,1,0,0,0,0,8.04013E+20,5.66386E+21,1.33377E+16,5.10457E+16
44788,44789,14,6,27,200,2016,3,17,4,3,2,6,1,1,0,1,0,0,0,0,8.17336E+20,5.68731E+21,1.35478E+16,5.12487E+16
44789,44790,14,5,21,250,2016,3,15,4,2,5,3,0,0,0,1,0,0,0,0,7.92062E+20,5.61762E+21,1.31308E+16,5.06372E+16
44790,44791,14,6,25,10,2016,3,6,3,3,2,2,0,1,0,1,0,0,0,0,8.488E+20,5.67262E+21,1.39827E+16,5.10987E+16
44791,44792,14,5,24,120,2016,3,20,6,3,5,3,2,0,1,1,0,0,0,0,7.64904E+20,5.63527E+21,1.27603E+16,5.08085E+16
44792,44793,14,6,25,480,2016,3,6,3,3,4,6,1,2,0,1,0,0,0,1,8.43644E+20,5.67533E+21,1.39119E+16,5.11261E+16
44793,44794,14,5,23,280,2016,2,14,2,2,8,1,0,2,0,1,0,0,0,0,7.36898E+20,5.61813E+21,1.23525E+16,5.06667E+16
44794,44795,14,6,12,0,2016,4,11,7,2,4,2,0,0,0,1,0,0,0,0,8.30383E+20,5.6674E+21,1.37158E+16,5.10629E+16
44795,44796,14,7,30,30,2016,3,7,3,2,4,6,0,0,0,1,0,0,0,0,7.79619E+20,5.72517E+21,1.30387E+16,5.1608E+16
44796,44797,14,6,25,170,2016,2,20,2,1,4,1,2,2,0,1,0,0,1,0,8.57375E+20,5.67429E+21,1.41064E+16,5.11084E+16
44797,44798,14,7,29,290,2016,3,15,3,3,1,6,0,1,0,1,0,0,0,0,7.61157E+20,5.65781E+21,1.27233E+16,5.10125E+16
44798,44799,14,5,21,390,2016,2,7,4,2,9,1,0,2,0,1,0,0,0,0,8.02272E+20,5.614E+21,1.32718E+16,5.05995E+16
44799,44800,14,7,30,70,2016,3,11,5,3,2,6,0,0,1,1,0,0,0,0,7.31475E+20,5.71408E+21,1.23374E+16,5.15303E+16
44800,44801,14,7,13,0,2016,3,17,7,3,6,4,1,0,0,1,1,0,0,0,7.31485E+20,5.69273E+21,1.23236E+16,5.13386E+16
44801,44802,14,5,11,0,2016,3,17,2,2,5,3,0,0,0,1,0,0,0,0,7.77193E+20,5.63994E+21,1.29378E+16,5.08446E+16
44802,44803,14,6,26,610,2016,3,7,6,3,3,5,0,0,0,1,0,0,0,0,9.08568E+20,5.65496E+21,1.48123E+16,5.09013E+16
44803,44804,14,6,12,0,2016,2,19,1,3,0,5,2,0,0,1,0,0,0,1,8.32682E+20,5.66834E+21,1.37494E+16,5.107E+16
44804,44805,14,6,27,360,2016,2,6,6,3,5,3,2,1,1,1,0,0,0,0,8.02839E+20,5.69549E+21,1.33476E+16,5.13299E+16
44805,44806,14,6,25,40,2016,2,15,5,3,4,6,0,1,0,1,0,0,0,1,8.63383E+20,5.67809E+21,1.41957E+16,5.11387E+16
44806,44807,14,5,21,180,2016,2,8,7,3,8,1,0,1,0,1,0,0,0,0,7.73664E+20,5.60879E+21,1.28647E+16,5.05668E+16
44807,44808,14,5,23,40,2016,3,17,4,3,5,2,0,0,0,1,0,0,0,1,7.30749E+20,5.57508E+21,1.22391E+16,5.02827E+16
44808,44809,14,6,12,0,2016,3,18,4,3,8,1,0,1,0,1,0,0,0,0,8.31659E+20,5.66165E+21,1.37287E+16,5.10106E+16
44809,44810,14,5,22,480,2016,2,18,3,2,4,6,2,1,0,1,0,0,0,0,8.04777E+20,5.66011E+21,1.33454E+16,5.10116E+16
44810,44811,14,5,21,560,2016,3,14,2,3,9,1,0,0,0,1,0,0,0,0,7.82098E+20,5.6025E+21,1.29788E+16,5.05064E+16
44811,44812,14,7,29,300,2016,3,15,5,3,2,6,0,0,0,1,0,0,0,1,7.46742E+20,5.68904E+21,1.25397E+16,5.12991E+16
44812,44813,14,5,23,320,2016,3,6,2,3,0,7,1,1,0,1,0,0,0,1,7.19951E+20,5.59371E+21,1.20986E+16,5.04541E+16
44813,44814,14,6,28,260,2016,3,14,6,2,8,1,0,0,0,1,0,0,0,0,8.63104E+20,5.66331E+21,1.41768E+16,5.10064E+16
44814,44815,14,5,21,620,2016,3,12,6,3,2,2,0,0,0,1,0,0,0,0,7.715E+20,5.62255E+21,1.28443E+16,5.06913E+16
44815,44816,14,7,29,160,2016,3,13,2,3,0,2,0,0,1,1,0,0,0,0,7.62175E+20,5.6773E+21,1.2752E+16,5.11869E+16
44816,44817,14,5,23,170,2016,3,16,5,3,2,6,0,0,0,1,0,0,0,0,7.33251E+20,5.60791E+21,1.22946E+16,5.05765E+16
44817,44818,14,5,21,550,2016,3,10,4,2,5,3,0,1,0,1,0,0,0,0,7.6981E+20,5.60483E+21,1.28076E+16,5.05331E+16
44818,44819,14,6,27,140,2016,3,14,3,3,2,6,0,0,0,1,0,0,0,0,8.13241E+20,5.67754E+21,1.34808E+16,5.11634E+16
44819,44820,14,6,28,110,2016,3,12,3,2,5,3,0,0,0,0,0,1,0,1,8.26982E+20,5.65921E+21,1.36601E+16,5.09914E+16
44820,44821,14,7,13,0,2016,3,10,6,3,3,6,0,0,0,1,0,0,0,0,7.2887E+20,5.6841E+21,1.22806E+16,5.12623E+16
44821,44822,14,5,21,700,2016,4,15,7,2,2,6,0,0,0,0,0,1,0,0,7.57021E+20,5.60688E+21,1.26289E+16,5.05572E+16
44822,44823,14,6,28,380,2016,3,9,3,2,5,2,0,0,0,1,0,0,0,0,8.59692E+20,5.66676E+21,1.41318E+16,5.10395E+16
44823,44824,14,6,12,0,2016,2,8,5,3,2,6,0,0,0,1,0,0,0,0,8.36399E+20,5.66087E+21,1.37953E+16,5.10009E+16
44824,44825,14,5,21,700,2016,2,17,2,3,9,1,2,2,0,1,0,0,0,0,7.59026E+20,5.60963E+21,1.26591E+16,5.0581E+16
44825,44826,14,5,24,30,2016,2,11,3,3,9,1,0,1,0,1,0,0,0,0,7.40174E+20,5.63263E+21,1.24082E+16,5.07956E+16
44826,44827,14,6,25,300,2016,3,8,5,2,8,1,0,1,0,0,0,0,1,0,8.38604E+20,5.68756E+21,1.38517E+16,5.12387E+16
44827,44828,14,6,12,0,2016,3,13,1,2,0,1,0,0,1,0,0,0,0,0,8.33071E+20,5.66913E+21,1.37557E+16,5.10768E+16
44828,44829,14,6,26,110,2016,3,14,6,3,2,7,0,0,0,1,0,0,0,0,9.17461E+20,5.68269E+21,1.497E+16,5.11429E+16
44829,44830,14,7,30,310,2016,2,8,7,3,1,6,0,0,0,1,0,0,0,0,7.75535E+20,5.72011E+21,1.29759E+16,5.15646E+16
44830,44831,14,5,22,110,2016,2,9,7,2,8,1,0,1,0,1,0,0,0,0,8.02704E+20,5.633E+21,1.32935E+16,5.07696E+16
44831,44832,14,7,13,0,2016,3,10,4,3,6,4,0,0,0,1,1,0,0,0,7.35453E+20,5.6935E+21,1.2381E+16,5.13439E+16
44832,44833,14,5,22,220,2016,3,9,4,3,8,1,0,1,0,1,0,0,0,0,7.8216E+20,5.67753E+21,1.30374E+16,5.11794E+16
44833,44834,14,7,13,0,2016,2,14,2,3,3,2,0,1,1,1,0,0,0,0,7.29709E+20,5.69314E+21,1.22984E+16,5.1343E+16
44834,44835,14,7,30,60,2016,3,15,1,3,2,7,0,0,1,0,0,1,0,0,7.74678E+20,5.69989E+21,1.29478E+16,5.13837E+16
44835,44836,14,6,25,150,2016,3,15,5,2,2,6,0,0,0,1,0,0,0,1,8.74911E+20,5.68344E+21,1.43653E+16,5.11791E+16
44836,44837,14,6,25,590,2016,3,16,2,3,4,2,0,0,0,0,0,0,0,1,8.73969E+20,5.67182E+21,1.43398E+16,5.10757E+16
44837,44838,14,6,12,0,2016,3,17,6,3,5,3,1,0,0,1,0,0,0,0,8.32292E+20,5.66564E+21,1.37414E+16,5.10459E+16
44838,44839,14,6,25,40,2016,4,18,6,3,5,6,0,0,0,1,0,1,0,0,8.60925E+20,5.6729E+21,1.41555E+16,5.10938E+16
44839,44840,14,6,25,60,2016,3,16,2,3,2,6,0,0,0,1,0,0,0,0,8.58953E+20,5.68181E+21,1.41363E+16,5.11748E+16
44840,44841,14,5,24,120,2016,2,6,4,3,6,2,2,1,0,1,1,0,0,0,7.64733E+20,5.63521E+21,1.27578E+16,5.0808E+16
44841,44842,14,7,13,0,2016,2,9,5,3,5,3,0,0,0,1,0,0,0,0,7.34616E+20,5.69018E+21,1.23668E+16,5.13145E+16
44842,44843,14,5,11,0,2016,3,18,3,3,2,6,2,1,0,1,0,0,0,0,7.70702E+20,5.64202E+21,1.28474E+16,5.08664E+16
44843,44844,14,5,11,0,2016,3,9,2,3,2,6,0,0,0,1,0,0,0,1,7.75167E+20,5.63854E+21,1.29081E+16,5.08331E+16
44844,44845,14,5,24,10,2016,2,5,6,3,4,2,2,1,0,1,0,0,0,0,7.55391E+20,5.63058E+21,1.26223E+16,5.07707E+16
44845,44846,14,5,24,250,2016,4,14,6,2,4,7,0,0,0,1,0,0,1,0,7.53687E+20,5.62231E+21,1.25925E+16,5.06972E+16
44846,44847,14,5,21,430,2016,3,17,3,3,4,6,0,0,0,1,0,0,0,0,7.65873E+20,5.62629E+21,1.27675E+16,5.07275E+16
44847,44848,14,5,11,0,2016,2,12,5,2,5,3,0,0,0,1,0,0,0,0,7.75587E+20,5.63561E+21,1.29118E+16,5.08065E+16
44848,44849,14,7,30,60,2016,2,11,5,2,5,3,0,1,1,1,0,0,0,0,7.79564E+20,5.70092E+21,1.30187E+16,5.13906E+16
44849,44850,14,6,25,90,2016,2,12,3,3,0,6,0,1,0,0,0,1,1,0,8.85927E+20,5.67539E+21,1.45136E+16,5.10998E+16
44850,44851,14,7,30,310,2016,2,12,6,3,5,3,0,0,1,1,0,0,0,0,7.76608E+20,5.71954E+21,1.29909E+16,5.1559E+16
44851,44852,14,5,21,50,2016,3,7,5,3,5,3,0,1,0,1,0,0,1,0,7.58038E+20,5.61541E+21,1.26491E+16,5.06333E+16
44852,44853,14,6,26,590,2016,3,15,7,3,9,1,0,0,0,1,0,0,0,0,8.94133E+20,5.72024E+21,1.46796E+16,5.14955E+16
44853,44854,14,5,21,160,2016,3,18,6,2,2,6,1,0,0,1,0,0,0,1,7.80602E+20,5.61798E+21,1.29694E+16,5.0646E+16
44854,44855,14,6,27,140,2016,3,16,5,3,2,2,0,0,0,1,0,0,0,0,8.14184E+20,5.67915E+21,1.34956E+16,5.11773E+16
44855,44856,14,7,30,180,2016,2,13,6,3,5,3,0,0,1,1,0,0,0,0,7.39663E+20,5.71741E+21,1.24575E+16,5.15567E+16
44856,44857,14,7,13,0,2016,3,7,4,3,4,6,0,0,1,0,0,0,0,0,7.36512E+20,5.69223E+21,1.23953E+16,5.13321E+16
44857,44858,14,6,27,230,2016,3,15,4,3,5,3,0,0,1,0,0,0,0,1,7.96136E+20,5.69362E+21,1.32501E+16,5.13166E+16
44858,44859,14,6,28,320,2016,3,9,4,3,5,3,0,0,1,0,0,0,1,0,8.60528E+20,5.65469E+21,1.41318E+16,5.09309E+16
44859,44860,14,5,23,370,2016,3,8,3,2,8,1,0,2,0,1,0,0,0,0,7.38217E+20,5.58625E+21,1.23508E+16,5.038E+16
44860,44861,14,6,12,0,2016,3,7,3,3,5,3,0,2,0,0,0,0,0,1,8.35247E+20,5.67471E+21,1.37918E+16,5.11255E+16
44861,44862,14,5,24,300,2016,3,8,3,3,2,6,0,0,0,1,0,0,0,0,7.37042E+20,5.62914E+21,1.23616E+16,5.07655E+16
44862,44863,14,5,24,180,2016,2,12,2,3,5,3,0,0,0,1,0,0,0,0,7.60982E+20,5.64344E+21,1.27105E+16,5.08836E+16
44863,44864,14,7,29,430,2016,3,8,7,3,4,2,1,1,0,1,0,0,0,0,7.31865E+20,5.67747E+21,1.23191E+16,5.12015E+16
44864,44865,14,5,11,0,2016,3,19,5,3,2,6,2,0,0,1,0,0,0,0,7.73486E+20,5.64061E+21,1.28858E+16,5.08524E+16
44865,44866,14,6,12,0,2016,3,7,2,3,3,6,0,0,0,1,0,0,0,0,8.28416E+20,5.66964E+21,1.36899E+16,5.1084E+16
44866,44867,14,5,11,0,2016,3,13,6,3,6,4,0,0,0,1,1,0,0,0,7.77809E+20,5.64097E+21,1.29473E+16,5.08536E+16
44867,44868,14,6,28,410,2016,4,7,6,3,2,6,0,2,0,1,0,0,0,0,8.1563E+20,5.66108E+21,1.35005E+16,5.10145E+16
44868,44869,14,5,21,560,2016,3,5,2,3,6,7,1,1,0,1,1,0,0,0,7.81913E+20,5.59997E+21,1.29743E+16,5.04838E+16
44869,44870,14,6,25,600,2016,2,21,4,2,8,1,2,2,0,1,0,0,0,0,8.42561E+20,5.67785E+21,1.38989E+16,5.11493E+16
44870,44871,14,5,23,190,2016,3,17,2,3,5,3,0,0,0,1,0,0,0,0,7.31814E+20,5.60922E+21,1.22751E+16,5.05888E+16
44871,44872,14,5,22,80,2016,2,2,7,2,7,1,2,0,0,1,0,0,0,0,7.83703E+20,5.67169E+21,1.30548E+16,5.11263E+16
44872,44873,14,5,24,80,2016,3,11,7,3,2,6,0,0,0,1,0,0,0,0,7.52131E+20,5.63438E+21,1.25788E+16,5.08062E+16
44873,44874,14,6,27,100,2016,2,10,6,3,2,6,0,0,0,1,0,0,0,1,8.13026E+20,5.67414E+21,1.34748E+16,5.1133E+16
44874,44875,14,7,29,410,2016,2,11,6,3,5,3,0,0,1,1,0,0,0,0,7.60026E+20,5.6979E+21,1.27363E+16,5.13727E+16
44875,44876,14,6,25,340,2016,3,11,6,2,5,3,0,0,0,1,0,0,0,0,8.85534E+20,5.69078E+21,1.45244E+16,5.12378E+16
44876,44877,14,7,30,230,2016,3,18,5,2,2,6,2,0,1,1,0,0,0,0,7.85506E+20,5.68569E+21,1.30917E+16,5.1251E+16
44877,44878,14,6,12,0,2016,3,10,3,3,2,6,0,0,0,1,0,0,1,1,8.32077E+20,5.66773E+21,1.37402E+16,5.10648E+16
44878,44879,14,6,26,460,2016,3,14,7,3,2,6,0,0,0,1,0,0,0,0,9.02383E+20,5.71063E+21,1.4787E+16,5.14037E+16
44879,44880,14,6,25,250,2016,3,9,4,2,8,1,0,2,0,0,0,1,0,0,8.56114E+20,5.69261E+21,1.41066E+16,5.12733E+16
44880,44881,14,5,22,250,2016,3,7,4,3,8,1,0,1,0,1,0,0,0,0,7.76343E+20,5.66819E+21,1.29472E+16,5.10985E+16
44881,44882,14,7,30,170,2016,3,9,3,3,2,2,0,1,0,1,0,0,0,0,7.92404E+20,5.68916E+21,1.31931E+16,5.12786E+16
44882,44883,14,5,11,0,2016,3,11,7,3,2,6,0,1,0,1,0,0,0,0,7.79124E+20,5.63632E+21,1.29624E+16,5.08112E+16
44883,44884,14,7,13,0,2016,3,7,3,2,8,1,0,1,0,1,0,0,0,0,7.31547E+20,5.69712E+21,1.23273E+16,5.1378E+16
44884,44885,14,5,24,210,2016,2,15,2,2,8,1,0,2,0,1,0,0,0,0,7.40422E+20,5.63132E+21,1.24109E+16,5.07837E+16
44885,44886,14,7,30,140,2016,3,17,3,2,8,1,0,0,0,1,0,0,0,0,7.46411E+20,5.70149E+21,1.25435E+16,5.1411E+16
44886,44887,14,6,25,20,2016,4,16,7,2,2,6,0,0,0,1,0,1,0,0,8.81003E+20,5.68442E+21,1.44531E+16,5.11839E+16
44887,44888,14,7,29,300,2016,3,9,6,2,5,3,0,0,1,1,0,0,0,0,7.50404E+20,5.68686E+21,1.25906E+16,5.1278E+16
44888,44889,14,5,23,360,2016,3,6,5,3,2,6,0,0,0,1,0,0,0,0,7.41286E+20,5.60246E+21,1.24043E+16,5.05242E+16
44889,44890,14,7,13,0,2016,3,6,3,3,5,3,0,1,1,0,0,0,0,1,7.36491E+20,5.69223E+21,1.2395E+16,5.13321E+16
44890,44891,14,5,11,0,2016,3,9,5,3,1,5,0,0,0,1,0,0,1,0,7.7899E+20,5.6364E+21,1.29606E+16,5.0812E+16
44891,44892,14,5,22,420,2016,3,12,5,2,2,6,0,0,0,1,0,0,1,0,7.82009E+20,5.64217E+21,1.30078E+16,5.08624E+16
44892,44893,14,6,27,230,2016,3,12,4,3,6,4,0,0,0,1,1,0,0,0,8.01057E+20,5.69224E+21,1.33194E+16,5.13017E+16
44893,44894,14,5,24,330,2016,3,9,3,3,2,6,0,1,0,1,0,0,1,1,7.47136E+20,5.62286E+21,1.25003E+16,5.0705E+16
44894,44895,14,7,30,230,2016,3,6,3,3,2,6,1,2,0,1,0,0,0,0,7.86272E+20,5.69176E+21,1.31075E+16,5.1305E+16
44895,44896,14,5,22,510,2016,3,6,3,3,8,1,0,2,0,1,0,0,0,0,7.90968E+20,5.66636E+21,1.31541E+16,5.10748E+16
44896,44897,14,7,30,20,2016,3,11,3,3,2,2,0,1,0,1,0,0,0,0,7.48826E+20,5.72107E+21,1.2592E+16,5.15856E+16
44897,44898,14,7,29,300,2016,2,19,2,2,2,1,2,1,0,1,0,0,1,0,7.52627E+20,5.6887E+21,1.26237E+16,5.12935E+16
44898,44899,14,6,28,110,2016,3,7,7,3,5,3,0,1,0,1,0,0,0,0,8.27122E+20,5.66177E+21,1.36644E+16,5.10142E+16
44899,44900,14,6,26,290,2016,2,7,2,2,9,1,0,2,0,1,0,0,1,0,9.00922E+20,5.67876E+21,1.47304E+16,5.11197E+16
44900,44901,14,6,26,520,2016,3,22,4,3,2,6,2,0,0,1,0,0,0,0,9.1421E+20,5.68987E+21,1.4932E+16,5.12095E+16
44901,44902,14,7,13,0,2016,3,17,5,3,5,2,0,0,0,1,0,0,0,1,7.40533E+20,5.69613E+21,1.24556E+16,5.13655E+16
44902,44903,14,5,21,310,2016,4,17,6,3,2,6,0,0,0,1,0,0,0,0,7.68389E+20,5.62975E+21,1.28056E+16,5.07573E+16
44903,44904,14,6,25,290,2016,3,20,1,3,5,3,2,0,0,1,0,0,0,0,8.84378E+20,5.68385E+21,1.45005E+16,5.11765E+16
44904,44905,14,6,28,160,2016,3,14,2,3,5,3,0,0,1,1,0,0,0,0,8.42867E+20,5.65719E+21,1.38837E+16,5.0964E+16
44905,44906,14,6,27,150,2016,3,23,7,2,0,1,2,1,0,1,1,0,0,0,8.27126E+20,5.6786E+21,1.36797E+16,5.11651E+16
44906,44907,14,5,11,0,2016,2,8,2,3,2,6,1,1,0,1,0,0,0,0,7.77415E+20,5.64015E+21,1.29411E+16,5.08464E+16
44907,44908,14,5,23,450,2016,2,12,6,3,9,7,0,0,0,1,0,0,0,0,7.14953E+20,5.58819E+21,1.20252E+16,5.04064E+16
44908,44909,14,6,28,270,2016,3,16,7,3,5,3,0,0,0,1,0,0,0,0,8.47729E+20,5.65593E+21,1.39515E+16,5.09498E+16
44909,44910,14,5,23,100,2016,2,13,5,2,5,3,0,0,0,1,0,0,0,0,7.25832E+20,5.61281E+21,1.21929E+16,5.06233E+16
44910,44911,14,7,29,230,2016,2,6,6,3,8,1,1,2,0,1,0,0,0,0,7.5118E+20,5.65782E+21,1.25814E+16,5.1017E+16
44911,44912,14,6,12,0,2016,3,12,6,3,2,6,0,0,0,1,0,0,0,0,8.32074E+20,5.66761E+21,1.37401E+16,5.10637E+16
44912,44913,14,5,24,230,2016,3,0,2,3,2,6,2,0,0,1,0,0,0,0,7.60897E+20,5.63215E+21,1.27013E+16,5.07823E+16
44913,44914,14,6,12,0,2016,3,9,6,3,2,6,0,0,0,1,0,0,0,0,8.32554E+20,5.66764E+21,1.37469E+16,5.10637E+16
44914,44915,14,5,21,380,2016,3,21,4,3,9,1,2,1,0,1,0,0,0,0,7.62611E+20,5.62821E+21,1.27228E+16,5.07462E+16
44915,44916,14,5,24,330,2016,3,15,3,3,8,1,0,0,0,1,0,0,0,0,7.47343E+20,5.62429E+21,1.25041E+16,5.07177E+16
44916,44917,14,6,25,630,2016,3,5,3,3,9,1,2,2,0,1,0,0,0,0,8.74903E+20,5.67449E+21,1.43559E+16,5.1099E+16
44917,44918,14,5,23,20,2016,3,14,6,2,0,1,0,0,0,0,0,1,0,0,7.44621E+20,5.59484E+21,1.24463E+16,5.04545E+16
44918,44919,14,6,25,20,2016,3,19,3,3,5,3,2,2,0,1,0,0,0,0,8.78464E+20,5.68372E+21,1.44162E+16,5.11793E+16
44919,44920,14,5,21,460,2016,4,14,7,2,9,5,0,0,0,1,0,0,0,0,8.0629E+20,5.6214E+21,1.33346E+16,5.06638E+16