FID,OBJECTID,ULAND,UREGBEZ,UKREIS,UGEMEINDE,UJAHR,UMONAT,USTUNDE,UWOCHENTAG,UKATEGORIE,UART,UTYP1,ULICHTVERH,IstStrasse,IstRad,IstPKW,IstFuss,IstKrad,IstGkfz,IstSonstig,LINREFX,LINREFY,XGCSWGS84,YGCSWGS84
44920,44921,14,6,25,130,2016,3,8,3,3,4,6,0,0,0,1,0,0,1,0,8.59711E+20,5.685E+21,1.41503E+16,5.12029E+16
44921,44922,14,6,12,0,2016,2,7,2,3,2,6,0,1,0,1,0,0,0,1,8.34602E+20,5.66819E+21,1.37766E+16,5.10675E+16
44922,44923,14,5,21,120,2016,2,20,4,3,4,1,2,2,0,1,0,0,0,0,7.76293E+20,5.62763E+21,1.29158E+16,5.07346E+16
44923,44924,14,5,22,310,2016,3,7,5,3,2,6,0,0,0,1,0,0,1,0,7.75663E+20,5.68094E+21,1.29473E+16,5.12132E+16
44924,44925,14,7,30,150,2016,3,10,7,2,4,6,0,0,0,1,0,0,0,0,7.43578E+20,5.70624E+21,1.25061E+16,5.14548E+16
44925,44926,14,5,21,250,2016,3,7,2,2,5,3,0,1,0,1,0,0,0,0,7.92061E+20,5.61762E+21,1.31308E+16,5.06372E+16
44926,44927,14,6,25,290,2016,2,21,2,2,9,1,2,2,0,1,0,0,0,0,8.85663E+20,5.68218E+21,1.45171E+16,5.11607E+16
44927,44928,14,5,24,330,2016,3,18,3,3,0,1,1,1,0,0,0,1,0,0,7.45523E+20,5.62448E+21,1.24785E+16,5.07201E+16
44928,44929,14,6,25,530,2016,3,7,5,2,9,1,0,0,0,1,0,0,0,0,8.6582E+20,5.67299E+21,1.42252E+16,5.10915E+16
44929,44930,14,6,12,0,2016,2,14,4,3,2,6,0,0,0,1,0,0,0,0,8.24905E+20,5.66973E+21,1.364E+16,5.10868E+16
44930,44931,14,5,23,340,2016,3,12,5,3,3,2,0,1,0,1,0,0,0,0,7.32625E+20,5.61375E+21,1.22894E+16,5.06292E+16
44931,44932,14,5,23,320,2016,3,12,7,3,5,2,0,0,0,1,0,0,0,0,7.22204E+20,5.59908E+21,1.21335E+16,5.05015E+16
44932,44933,14,5,21,550,2016,3,13,2,3,8,7,0,0,0,1,0,0,0,0,7.66417E+20,5.60692E+21,1.27613E+16,5.05534E+16
44933,44934,14,5,24,330,2016,3,12,6,3,2,6,0,0,0,1,0,0,0,1,7.4694E+20,5.62708E+21,1.25003E+16,5.07429E+16
44934,44935,14,7,29,70,2016,2,0,1,3,0,7,2,0,0,1,0,0,0,0,7.49067E+20,5.69024E+21,1.25738E+16,5.13089E+16
44935,44936,14,6,26,110,2016,2,9,6,3,3,2,0,0,0,1,0,0,0,1,9.1832E+20,5.6844E+21,1.49842E+16,5.11577E+16
44936,44937,14,6,25,450,2016,2,23,5,2,8,1,2,1,0,1,0,0,0,0,8.48971E+20,5.68107E+21,1.39933E+16,5.11743E+16
44937,44938,14,7,13,0,2016,2,18,6,3,3,6,2,0,0,1,0,0,0,0,7.36159E+20,5.69442E+21,1.23917E+16,5.13519E+16
44938,44939,14,6,12,0,2016,3,7,5,3,0,1,0,2,1,0,0,0,0,0,8.2802E+20,5.66413E+21,1.36793E+16,5.10349E+16
44939,44940,14,6,25,150,2016,3,18,2,3,6,6,2,0,0,1,1,0,0,0,8.71875E+20,5.68543E+21,1.43241E+16,5.11989E+16
44940,44941,14,7,30,310,2016,3,16,5,3,1,6,0,0,0,1,0,0,0,0,7.75664E+20,5.71884E+21,1.29767E+16,5.15532E+16
44941,44942,14,5,24,320,2016,3,7,3,3,4,6,0,2,0,1,0,0,0,1,7.48114E+20,5.61904E+21,1.25115E+16,5.06702E+16
44942,44943,14,5,22,80,2016,3,8,3,3,0,2,0,1,0,1,0,1,0,0,7.93264E+20,5.67049E+21,1.31901E+16,5.11107E+16
44943,44944,14,5,21,270,2016,3,8,3,2,8,1,0,2,0,1,0,0,0,0,7.90545E+20,5.63278E+21,1.31213E+16,5.07739E+16
44944,44945,14,6,26,280,2016,3,15,6,3,2,6,0,0,0,1,0,0,0,1,8.97388E+20,5.65987E+21,1.46594E+16,5.09531E+16
44945,44946,14,5,24,330,2016,4,14,6,3,4,1,0,0,0,1,0,0,0,0,7.44266E+20,5.6206E+21,1.24582E+16,5.06859E+16
44946,44947,14,6,27,140,2016,3,12,3,3,2,2,0,1,0,1,0,0,1,0,8.14043E+20,5.6788E+21,1.34933E+16,5.11742E+16
44947,44948,14,6,28,380,2016,2,5,5,2,4,6,2,1,0,1,0,0,0,0,8.55123E+20,5.66813E+21,1.40683E+16,5.10547E+16
44948,44949,14,6,26,610,2016,2,6,3,3,9,1,2,1,0,1,0,0,0,0,9.0952E+20,5.65533E+21,1.48262E+16,5.0904E+16
44949,44950,14,6,27,220,2016,3,6,5,3,2,6,0,0,0,1,0,0,0,0,8.30774E+20,5.68392E+21,1.37366E+16,5.12107E+16
44950,44951,14,7,29,270,2016,3,10,7,3,5,3,0,0,0,1,0,0,0,0,7.25083E+20,5.68912E+21,1.22296E+16,5.13088E+16
44951,44952,14,6,12,0,2016,3,14,6,3,5,3,0,0,1,1,0,0,0,0,8.35028E+20,5.66817E+21,1.37826E+16,5.1067E+16
44952,44953,14,7,13,0,2016,2,11,7,3,2,6,0,0,0,1,0,0,0,0,7.34502E+20,5.6897E+21,1.23648E+16,5.13102E+16
44953,44954,14,6,25,20,2016,3,16,5,3,5,3,0,0,0,1,0,0,0,0,8.82309E+20,5.68404E+21,1.44713E+16,5.11796E+16
44954,44955,14,6,26,420,2016,2,9,6,1,9,1,0,0,0,1,0,0,1,0,9.1382E+20,5.66558E+21,1.48987E+16,5.09926E+16
44955,44956,14,5,24,290,2016,3,17,4,2,4,3,0,0,1,1,0,0,0,0,7.54556E+20,5.64187E+21,1.26183E+16,5.08723E+16
44956,44957,14,5,22,220,2016,3,14,4,3,8,1,0,0,0,1,0,0,0,0,7.79303E+20,5.6787E+21,1.29976E+16,5.11914E+16
44957,44958,14,6,25,200,2016,3,9,4,3,2,2,0,1,0,1,0,0,0,0,8.49947E+20,5.67728E+21,1.40036E+16,5.11398E+16
44958,44959,14,6,27,230,2016,3,7,3,2,3,6,0,2,1,1,0,0,0,0,7.99701E+20,5.69173E+21,1.32996E+16,5.12979E+16
44959,44960,14,5,11,0,2016,3,7,4,3,6,4,0,0,0,1,1,0,0,0,7.7449E+20,5.64011E+21,1.28996E+16,5.08474E+16
44960,44961,14,6,28,260,2016,2,15,2,3,2,2,0,0,0,1,0,0,0,0,8.68634E+20,5.66137E+21,1.42534E+16,5.09856E+16
44961,44962,14,6,27,230,2016,3,6,1,3,9,7,0,0,0,0,0,0,0,1,7.99063E+20,5.69324E+21,1.32917E+16,5.13117E+16
44962,44963,14,6,12,0,2016,3,6,5,3,8,1,1,1,1,0,0,0,0,0,8.29751E+20,5.66482E+21,1.37045E+16,5.10401E+16
44963,44964,14,6,26,610,2016,3,12,6,3,2,6,0,0,0,1,0,0,0,0,9.06299E+20,5.65457E+21,1.47798E+16,5.08994E+16
44964,44965,14,5,21,20,2016,2,16,1,3,2,6,0,0,0,1,0,0,0,0,7.8416E+20,5.61072E+21,1.3014E+16,5.05791E+16
44965,44966,14,6,27,260,2016,2,18,5,3,5,3,2,1,0,1,0,0,0,0,7.96871E+20,5.68828E+21,1.32562E+16,5.12684E+16
44966,44967,14,6,27,110,2016,2,14,6,3,2,6,0,0,0,1,0,0,0,0,8.23802E+20,5.6939E+21,1.36461E+16,5.13041E+16
44967,44968,14,5,23,430,2016,3,17,4,3,5,3,0,1,0,1,0,0,0,0,7.32196E+20,5.60529E+21,1.2278E+16,5.05534E+16
44968,44969,14,6,12,0,2016,3,17,4,2,5,3,0,1,0,1,0,0,0,0,8.31848E+20,5.67442E+21,1.37431E+16,5.11249E+16
44969,44970,14,6,28,80,2016,2,17,2,3,5,3,1,1,0,1,0,0,0,0,8.41919E+20,5.65527E+21,1.38685E+16,5.09474E+16
44970,44971,14,5,22,240,2016,3,6,2,2,8,1,0,0,0,1,0,0,0,0,8.05154E+20,5.6532E+21,1.33449E+16,5.09494E+16
44971,44972,14,7,30,340,2016,3,7,5,3,5,3,0,0,0,1,0,0,0,1,7.23541E+20,5.70647E+21,1.22184E+16,5.14652E+16
44972,44973,14,7,30,310,2016,3,9,2,3,4,1,0,0,0,1,0,0,0,1,7.74244E+20,5.72023E+21,1.29574E+16,5.15663E+16
44973,44974,14,6,27,230,2016,3,15,6,3,8,1,0,0,0,0,0,1,0,0,7.96539E+20,5.69177E+21,1.32544E+16,5.12999E+16
44974,44975,14,7,30,110,2016,4,10,6,3,4,2,0,1,1,1,0,0,0,0,7.5247E+20,5.70729E+21,1.26346E+16,5.14603E+16
44975,44976,14,5,11,0,2016,3,6,3,3,5,3,0,1,0,1,0,1,0,0,7.78725E+20,5.64115E+21,1.29604E+16,5.08547E+16
44976,44977,14,5,24,180,2016,2,14,4,3,2,6,0,1,0,1,0,0,0,0,7.66811E+20,5.6401E+21,1.27908E+16,5.0851E+16
44977,44978,14,6,25,250,2016,2,12,5,3,2,6,0,0,0,1,0,0,0,0,8.56525E+20,5.69189E+21,1.41117E+16,5.12666E+16
44978,44979,14,5,21,700,2016,3,17,3,3,8,1,1,1,0,1,0,0,0,0,7.56546E+20,5.60353E+21,1.26199E+16,5.05274E+16
44979,44980,14,5,22,230,2016,3,5,2,2,2,2,2,0,1,0,0,0,0,1,7.88797E+20,5.65444E+21,1.31137E+16,5.0969E+16
44980,44981,14,6,12,0,2016,2,10,6,3,2,6,0,0,0,1,0,0,0,0,8.36272E+20,5.66097E+21,1.37936E+16,5.10018E+16
44981,44982,14,6,26,60,2016,3,18,7,2,7,7,2,0,0,1,0,0,0,0,8.88847E+20,5.71107E+21,1.45938E+16,5.14171E+16
44982,44983,14,5,22,440,2016,3,22,6,2,8,1,2,0,0,1,0,0,0,0,7.90579E+20,5.64062E+21,1.3128E+16,5.08442E+16
44983,44984,14,6,12,0,2016,3,22,5,3,2,1,2,0,0,1,0,0,0,0,8.29532E+20,5.67144E+21,1.37074E+16,5.10995E+16
44984,44985,14,6,26,270,2016,3,8,4,3,5,3,0,2,0,1,0,0,0,0,8.92067E+20,5.67374E+21,1.4599E+16,5.10808E+16
44985,44986,14,5,11,0,2016,3,12,4,3,0,7,0,0,0,0,0,0,0,1,7.80201E+20,5.63205E+21,1.29744E+16,5.07724E+16
44986,44987,14,5,23,20,2016,3,8,3,3,9,1,0,2,0,1,0,0,0,0,7.43727E+20,5.5988E+21,1.24363E+16,5.04904E+16
44987,44988,14,5,22,140,2016,3,5,3,3,8,1,2,2,0,1,0,0,0,0,7.90671E+20,5.64233E+21,1.31307E+16,5.08595E+16
44988,44989,14,5,24,80,2016,3,7,3,2,1,6,1,1,0,1,0,0,0,0,7.5008E+20,5.63742E+21,1.25518E+16,5.08344E+16
44989,44990,14,6,27,210,2016,2,15,2,3,5,3,0,1,1,1,0,0,0,0,8.28939E+20,5.67072E+21,1.36983E+16,5.10934E+16
44990,44991,14,6,26,110,2016,3,11,7,3,2,6,0,0,0,1,0,0,0,0,9.16452E+20,5.68578E+21,1.49592E+16,5.11714E+16
44991,44992,14,5,24,330,2016,2,14,2,3,3,1,0,2,0,1,0,0,1,0,7.45374E+20,5.61655E+21,1.24712E+16,5.0649E+16
44992,44993,14,7,29,245,2016,3,8,4,3,8,1,0,0,0,1,0,0,0,0,7.63297E+20,5.69905E+21,1.2784E+16,5.13815E+16
44993,44994,14,5,23,320,2016,3,18,5,3,9,1,1,0,0,1,0,0,0,0,7.25929E+20,5.59608E+21,1.21841E+16,5.04731E+16
44994,44995,14,5,22,540,2016,4,6,6,3,4,1,1,2,0,1,0,0,0,0,7.91937E+20,5.65342E+21,1.31575E+16,5.09583E+16
44995,44996,14,6,26,300,2016,3,21,1,3,7,7,2,0,0,1,0,0,0,0,9.11998E+20,5.67789E+21,1.48868E+16,5.1104E+16
44996,44997,14,6,25,30,2016,2,10,4,2,5,2,0,0,1,0,0,0,1,0,8.52805E+20,5.70386E+21,1.40704E+16,5.13761E+16
44997,44998,14,7,29,430,2016,3,9,2,3,4,2,0,0,0,1,0,0,0,0,7.32688E+20,5.67783E+21,1.23311E+16,5.12044E+16
44998,44999,14,6,27,260,2016,3,22,7,2,9,1,2,0,0,1,0,0,0,0,7.93204E+20,5.68574E+21,1.32017E+16,5.12475E+16
44999,45000,14,5,24,300,2016,2,8,6,3,4,2,0,0,0,1,0,0,0,0,7.38296E+20,5.6261E+21,1.23774E+16,5.07377E+16
45000,45001,14,5,24,310,2016,3,14,7,1,2,1,0,0,0,1,0,0,1,0,7.55377E+20,5.62119E+21,1.26156E+16,5.06864E+16
45001,45002,14,6,28,270,2016,3,9,2,3,6,4,0,0,1,0,1,0,0,0,8.464E+20,5.65816E+21,1.39348E+16,5.09706E+16
45002,45003,14,5,22,500,2016,3,7,6,3,2,2,0,0,0,1,0,0,0,0,7.84041E+20,5.65606E+21,1.30474E+16,5.0986E+16
45003,45004,14,6,26,600,2016,4,10,6,1,4,6,0,1,0,1,0,0,1,0,8.9395E+20,5.72013E+21,1.46769E+16,5.14947E+16
45004,45005,14,6,27,100,2016,3,16,2,2,3,6,0,0,0,1,0,0,0,0,8.16474E+20,5.66627E+21,1.3517E+16,5.10606E+16
45005,45006,14,7,13,0,2016,2,15,4,3,5,3,0,0,1,1,0,0,0,0,7.26773E+20,5.69775E+21,1.22593E+16,5.13856E+16
45006,45007,14,5,22,50,2016,3,6,3,3,9,1,0,2,0,1,0,0,0,0,7.98042E+20,5.64247E+21,1.32352E+16,5.0857E+16
45007,45008,14,6,28,410,2016,2,17,7,3,2,2,0,0,0,1,0,0,0,0,8.20889E+20,5.66398E+21,1.35778E+16,5.10375E+16
45008,45009,14,7,13,0,2016,3,18,1,3,2,2,1,1,0,1,0,0,0,0,7.35624E+20,5.69343E+21,1.23834E+16,5.13433E+16
45009,45010,14,5,21,590,2016,2,13,6,3,2,6,0,0,0,1,0,0,0,1,7.66289E+20,5.62395E+21,1.27717E+16,5.07063E+16
45010,45011,14,7,30,300,2016,3,10,6,2,3,6,0,0,0,1,0,0,0,0,7.41704E+20,5.69643E+21,1.24725E+16,5.13676E+16
45011,45012,14,7,29,430,2016,3,20,5,2,9,1,2,0,0,1,0,0,0,0,7.29292E+20,5.67805E+21,1.22827E+16,5.12077E+16
45012,45013,14,6,26,110,2016,3,19,3,2,2,6,2,1,0,1,0,0,0,0,9.16037E+20,5.68775E+21,1.49556E+16,5.11893E+16
45013,45014,14,5,24,30,2016,3,16,4,3,5,3,0,0,0,1,0,0,0,0,7.38807E+20,5.63335E+21,1.23893E+16,5.08026E+16
45014,45015,14,7,30,70,2016,3,8,4,3,5,3,0,0,0,1,0,0,0,0,7.33493E+20,5.71251E+21,1.23654E+16,5.15154E+16
45015,45016,14,6,28,20,2016,3,3,4,3,2,6,2,1,0,0,0,0,0,1,8.44199E+20,5.64141E+21,1.38877E+16,5.08218E+16
45016,45017,14,7,13,0,2016,3,14,3,3,2,6,0,1,0,1,0,0,0,0,7.27426E+20,5.69008E+21,1.22637E+16,5.13165E+16
45017,45018,14,5,11,0,2016,3,13,7,3,6,4,0,0,0,1,1,0,0,0,7.75336E+20,5.63821E+21,1.29102E+16,5.083E+16
45018,45019,14,7,29,160,2016,3,16,3,2,5,3,0,0,0,1,0,0,0,1,7.71709E+20,5.68596E+21,1.28946E+16,5.12601E+16
45019,45020,14,5,21,510,2016,3,4,3,3,9,1,2,2,0,1,0,0,0,0,7.77201E+20,5.60678E+21,1.29131E+16,5.05471E+16
45020,45021,14,7,30,70,2016,3,6,3,3,5,3,1,1,0,1,0,0,0,0,7.29902E+20,5.71171E+21,1.23132E+16,5.15096E+16
45021,45022,14,6,12,0,2016,3,20,7,3,2,6,2,0,0,1,0,0,0,1,8.25956E+20,5.66811E+21,1.36535E+16,5.10717E+16
45022,45023,14,6,26,600,2016,2,7,2,3,7,1,1,1,0,1,0,0,0,0,8.90685E+20,5.71987E+21,1.46298E+16,5.14946E+16
45023,45024,14,6,27,80,2016,3,2,4,3,8,1,2,1,0,1,0,0,0,0,8.05255E+20,5.67044E+21,1.33609E+16,5.1104E+16
45024,45025,14,6,26,610,2016,3,12,5,3,5,3,0,0,1,1,0,0,0,0,9.08316E+20,5.65546E+21,1.48093E+16,5.0906E+16
45025,45026,14,6,28,40,2016,2,21,4,2,9,1,2,1,0,1,0,0,0,0,8.44985E+20,5.64812E+21,1.39052E+16,5.08815E+16
45026,45027,14,7,29,290,2016,4,11,6,2,1,1,0,1,0,1,0,0,0,1,7.58159E+20,5.66053E+21,1.26826E+16,5.10382E+16
45027,45028,14,6,28,130,2016,3,6,1,3,9,1,0,0,0,1,0,0,0,0,8.34834E+20,5.64902E+21,1.37622E+16,5.08956E+16
45028,45029,14,6,27,140,2016,3,8,2,3,4,6,0,0,0,1,0,0,0,1,8.11544E+20,5.67943E+21,1.34582E+16,5.11813E+16
45029,45030,14,5,21,710,2016,3,19,7,2,4,1,2,1,0,1,0,0,0,1,7.69399E+20,5.61821E+21,1.28115E+16,5.06533E+16
45030,45031,14,5,24,50,2016,2,14,2,3,2,1,0,2,0,1,0,0,0,0,7.44502E+20,5.63631E+21,1.2472E+16,5.08268E+16
45031,45032,14,7,29,410,2016,2,15,6,2,5,3,0,1,0,1,0,0,0,0,7.65054E+20,5.69535E+21,1.28065E+16,5.13475E+16
45032,45033,14,5,11,0,2016,3,11,7,3,2,2,0,0,0,1,0,0,0,0,7.76567E+20,5.63889E+21,1.29282E+16,5.08355E+16
45033,45034,14,7,13,0,2016,2,8,5,3,2,6,0,1,0,1,0,0,0,0,7.36996E+20,5.69138E+21,1.24017E+16,5.13243E+16
45034,45035,14,5,21,390,2016,2,17,6,3,5,3,2,0,0,1,0,0,0,0,8.03857E+20,5.61374E+21,1.3294E+16,5.05963E+16
45035,45036,14,6,12,0,2016,3,22,6,3,2,6,2,0,1,1,0,0,0,0,8.34053E+20,5.66798E+21,1.37686E+16,5.10659E+16
45036,45037,14,7,30,270,2016,3,7,2,3,4,2,0,0,0,1,0,0,0,0,7.28402E+20,5.70163E+21,1.22851E+16,5.14198E+16
45037,45038,14,5,21,390,2016,3,18,6,2,8,1,1,1,0,1,0,0,0,0,7.95634E+20,5.61985E+21,1.3183E+16,5.06553E+16
45038,45039,14,5,21,80,2016,3,12,4,3,4,2,0,0,0,1,0,0,0,0,7.61095E+20,5.60586E+21,1.26856E+16,5.05463E+16
45039,45040,14,6,25,540,2016,3,6,3,3,7,7,0,0,0,1,0,0,0,0,8.54915E+20,5.69627E+21,1.40931E+16,5.13068E+16
45040,45041,14,6,27,140,2016,3,14,3,3,5,2,0,0,1,1,0,0,0,0,8.13325E+20,5.67743E+21,1.34819E+16,5.11623E+16
45041,45042,14,5,21,170,2016,2,21,6,3,5,3,2,0,0,1,0,0,0,0,7.55344E+20,5.60006E+21,1.26006E+16,5.04967E+16
45042,45043,14,5,22,250,2016,2,7,6,3,2,6,0,1,0,1,0,0,0,0,7.76787E+20,5.66923E+21,1.29544E+16,5.11076E+16
45043,45044,14,6,28,380,2016,3,6,6,3,9,1,0,1,0,1,0,0,0,0,8.57344E+20,5.66408E+21,1.40958E+16,5.1017E+16
45044,45045,14,6,25,480,2016,3,10,5,2,4,2,0,0,0,1,0,0,0,0,8.45268E+20,5.6753E+21,1.3935E+16,5.11249E+16
45045,45046,14,5,11,0,2016,3,14,3,3,2,2,0,0,0,1,0,0,0,1,7.74927E+20,5.64301E+21,1.2908E+16,5.08732E+16
45046,45047,14,6,28,270,2016,3,10,7,3,2,2,0,1,0,1,0,0,0,0,8.47463E+20,5.65681E+21,1.39486E+16,5.09579E+16
45047,45048,14,6,28,270,2016,3,8,4,3,2,6,0,1,0,1,0,0,0,0,8.46849E+20,5.65676E+21,1.39398E+16,5.09578E+16
45048,45049,14,5,22,80,2016,3,14,4,2,0,1,0,0,1,0,0,0,0,0,7.90816E+20,5.67147E+21,1.3156E+16,5.11208E+16
45049,45050,14,6,26,85,2016,3,6,3,3,9,1,1,2,0,1,0,0,0,0,8.92977E+20,5.66137E+21,1.45986E+16,5.09696E+16
45050,45051,14,5,23,450,2016,3,6,6,3,8,1,1,2,0,1,0,0,0,0,7.12877E+20,5.58916E+21,1.19965E+16,5.04159E+16
45051,45052,14,6,25,200,2016,3,6,3,3,8,1,0,2,0,1,0,0,0,0,8.51605E+20,5.6762E+21,1.40261E+16,5.11291E+16
45052,45053,14,5,23,20,2016,2,15,2,3,4,6,0,2,0,1,0,0,0,0,7.45855E+20,5.6011E+21,1.24677E+16,5.05102E+16
45053,45054,14,6,28,220,2016,4,16,7,3,0,6,0,0,0,1,0,0,0,1,8.34532E+20,5.65627E+21,1.37646E+16,5.09607E+16
45054,45055,14,6,25,630,2016,2,6,2,3,8,1,1,2,0,1,0,0,0,0,8.7762E+20,5.67555E+21,1.43956E+16,5.11067E+16
45055,45056,14,7,29,290,2016,3,15,3,3,1,7,0,1,0,1,0,0,0,0,7.61159E+20,5.65782E+21,1.27234E+16,5.10125E+16
45056,45057,14,5,21,710,2016,2,15,4,3,8,1,0,2,0,1,0,0,0,0,7.69569E+20,5.61421E+21,1.2811E+16,5.06174E+16
45057,45058,14,7,30,20,2016,3,16,5,3,6,4,0,1,0,1,1,0,0,0,7.48748E+20,5.72169E+21,1.25913E+16,5.15913E+16
45058,45059,14,7,29,40,2016,3,14,7,3,8,1,0,0,0,1,0,0,0,0,7.36421E+20,5.67995E+21,1.23859E+16,5.12219E+16
45059,45060,14,5,22,230,2016,3,0,2,2,0,7,2,0,0,1,0,0,0,1,7.86652E+20,5.65445E+21,1.30832E+16,5.09702E+16
45060,45061,14,7,30,300,2016,3,15,6,3,1,1,0,0,0,1,0,0,0,0,7.42044E+20,5.69711E+21,1.24779E+16,5.13735E+16
45061,45062,14,6,12,0,2016,2,16,1,3,3,1,0,0,0,1,0,0,0,0,8.29704E+20,5.67152E+21,1.37099E+16,5.11001E+16
45062,45063,14,6,27,50,2016,2,17,6,3,2,2,0,0,0,1,0,0,0,0,8.09707E+20,5.7057E+21,1.34548E+16,5.14177E+16
45063,45064,14,6,25,20,2016,2,18,5,3,1,5,2,1,0,1,0,0,0,0,8.80256E+20,5.68245E+21,1.44404E+16,5.11667E+16
45064,45065,14,5,21,170,2016,2,12,6,3,9,1,0,1,0,1,0,0,0,0,7.56999E+20,5.59776E+21,1.26223E+16,5.04754E+16
45065,45066,14,5,23,320,2016,3,17,4,2,1,2,0,0,0,1,0,0,0,1,7.25456E+20,5.59872E+21,1.21791E+16,5.0497E+16
45066,45067,14,6,12,0,2016,3,18,4,3,8,1,0,1,0,0,0,1,0,0,8.31228E+20,5.66715E+21,1.37276E+16,5.10601E+16
45067,45068,14,6,12,0,2016,2,11,2,3,5,3,0,0,1,1,0,0,0,0,8.3661E+20,5.66046E+21,1.3798E+16,5.09971E+16
45068,45069,14,6,12,0,2016,3,21,2,3,5,3,2,1,0,1,0,0,0,0,8.31946E+20,5.66849E+21,1.37391E+16,5.10717E+16
45069,45070,14,7,30,270,2016,3,23,5,3,2,6,2,0,0,1,0,0,0,0,7.21384E+20,5.69921E+21,1.21828E+16,5.14008E+16
45070,45071,14,5,22,330,2016,3,18,3,3,5,3,2,0,0,1,0,0,0,0,7.79624E+20,5.64711E+21,1.29777E+16,5.09078E+16
45071,45072,14,6,25,170,2016,3,6,6,3,4,6,0,0,0,1,0,0,0,0,8.52721E+20,5.67407E+21,1.40399E+16,5.11093E+16
45072,45073,14,5,23,430,2016,4,16,6,3,8,1,0,0,0,0,0,0,0,1,7.30978E+20,5.60446E+21,1.22604E+16,5.05464E+16
45073,45074,14,6,12,0,2016,3,13,3,2,6,4,0,0,0,1,1,0,0,0,8.38334E+20,5.66744E+21,1.38289E+16,5.10586E+16
45074,45075,14,5,21,30,2016,2,8,5,3,8,1,0,1,0,1,0,0,0,0,7.62026E+20,5.61582E+21,1.27057E+16,5.06352E+16
45075,45076,14,6,26,290,2016,2,18,5,1,9,7,2,1,0,1,0,0,0,0,8.95302E+20,5.67733E+21,1.46489E+16,5.11107E+16
45076,45077,14,6,26,370,2016,2,18,3,2,9,7,2,0,0,1,0,0,0,0,9.0934E+20,5.69489E+21,1.48684E+16,5.1258E+16
45077,45078,14,5,22,120,2016,4,16,5,3,8,6,0,0,0,1,0,0,0,0,7.78138E+20,5.66178E+21,1.29679E+16,5.10401E+16
45078,45079,14,5,23,300,2016,5,14,6,3,4,2,0,0,0,1,0,1,0,0,7.21577E+20,5.59165E+21,1.21203E+16,5.0435E+16
45079,45080,14,5,22,240,2016,4,17,3,3,5,2,0,0,0,1,0,0,0,0,8.11534E+20,5.65631E+21,1.34382E+16,5.09739E+16
45080,45081,14,5,24,90,2016,4,6,6,2,9,1,0,0,0,1,0,0,0,0,7.61254E+20,5.61775E+21,1.26962E+16,5.06529E+16
45081,45082,14,5,22,310,2016,5,11,4,2,8,7,0,0,0,1,0,0,0,0,7.73675E+20,5.67648E+21,1.29155E+16,5.11741E+16
45082,45083,14,5,23,120,2016,4,13,1,3,5,3,0,0,0,1,0,1,0,0,7.3893E+20,5.59705E+21,1.23677E+16,5.04767E+16
45083,45084,14,7,30,110,2016,5,17,7,3,0,1,0,0,1,0,0,0,0,0,7.51902E+20,5.70698E+21,1.26262E+16,5.14578E+16
45084,45085,14,6,26,450,2016,5,14,5,3,5,6,0,0,1,0,0,1,0,0,9.07289E+20,5.68205E+21,1.48246E+16,5.11446E+16
45085,45086,14,7,29,340,2016,5,13,6,3,5,2,0,0,0,1,0,0,0,0,7.55536E+20,5.68191E+21,1.26604E+16,5.12313E+16
45086,45087,14,6,12,0,2016,5,9,4,3,8,1,0,1,0,1,0,0,0,0,8.35593E+20,5.66821E+21,1.37907E+16,5.10671E+16
45087,45088,14,5,22,390,2016,5,13,3,3,8,1,0,0,0,0,0,1,0,0,8.06822E+20,5.63727E+21,1.33553E+16,5.08058E+16
45088,45089,14,6,12,0,2016,5,16,3,3,6,4,0,0,0,1,0,0,0,1,8.24744E+20,5.66976E+21,1.36378E+16,5.10872E+16
45089,45090,14,5,11,0,2016,4,16,6,3,2,6,0,0,0,1,0,0,0,0,7.74983E+20,5.63773E+21,1.29048E+16,5.08258E+16
45090,45091,14,6,28,190,2016,5,14,2,3,8,1,0,0,0,0,0,0,0,1,8.55943E+20,5.66231E+21,1.40742E+16,5.1002E+16
45091,45092,14,6,25,240,2016,4,8,7,3,3,2,0,0,1,1,0,0,0,0,8.64739E+20,5.71127E+21,1.42488E+16,5.14349E+16
45092,45093,14,5,24,320,2016,4,7,6,3,4,1,0,0,0,1,0,0,0,0,7.48889E+20,5.61954E+21,1.25228E+16,5.06744E+16
45093,45094,14,6,12,0,2016,4,23,6,2,9,1,2,0,0,1,0,0,0,0,8.29791E+20,5.66542E+21,1.37056E+16,5.10454E+16
45094,45095,14,7,29,290,2016,5,6,5,2,4,6,0,0,0,1,0,0,0,0,7.58469E+20,5.66015E+21,1.26868E+16,5.10347E+16
45095,45096,14,7,13,0,2016,4,17,5,3,1,6,0,0,0,1,0,0,0,0,7.32633E+20,5.69241E+21,1.23398E+16,5.13353E+16
45096,45097,14,6,26,70,2016,4,16,2,3,5,3,0,0,0,1,0,0,0,0,8.92916E+20,5.67052E+21,1.46076E+16,5.10515E+16
45097,45098,14,6,27,180,2016,4,17,3,2,9,1,0,0,0,1,0,0,0,0,8.01425E+20,5.6738E+21,1.33091E+16,5.11361E+16
45098,45099,14,6,12,0,2016,5,20,1,3,5,3,0,0,1,1,0,0,0,0,8.29835E+20,5.66971E+21,1.37102E+16,5.10838E+16