FID,OBJECTID,ULAND,UREGBEZ,UKREIS,UGEMEINDE,UJAHR,UMONAT,USTUNDE,UWOCHENTAG,UKATEGORIE,UART,UTYP1,ULICHTVERH,IstStrasse,IstRad,IstPKW,IstFuss,IstKrad,IstGkfz,IstSonstig,LINREFX,LINREFY,XGCSWGS84,YGCSWGS84
45099,45100,14,5,24,20,2016,4,7,7,2,9,1,1,1,0,1,0,0,0,0,7.58686E+20,5.6399E+21,1.26755E+16,5.08528E+16
45100,45101,14,7,30,270,2016,4,18,6,3,2,6,0,1,0,1,0,0,0,0,7.23387E+20,5.69351E+21,1.2208E+16,5.13489E+16
45101,45102,14,7,13,0,2016,4,19,5,3,4,6,0,0,1,0,0,0,0,0,7.38473E+20,5.69456E+21,1.2425E+16,5.13522E+16
45102,45103,14,6,26,390,2016,4,8,4,2,5,3,0,0,0,1,0,1,0,0,9.03028E+20,5.65946E+21,1.47389E+16,5.09455E+16
45103,45104,14,6,12,0,2016,5,17,6,3,6,4,0,0,0,1,1,0,0,0,8.28656E+20,5.66942E+21,1.36931E+16,5.1082E+16
45104,45105,14,6,26,390,2016,4,16,2,3,2,6,0,0,0,1,0,0,0,0,8.99147E+20,5.66237E+21,1.46871E+16,5.09742E+16
45105,45106,14,5,24,320,2016,4,16,2,3,5,2,0,0,0,1,0,0,0,1,7.47093E+20,5.62084E+21,1.24983E+16,5.06868E+16
45106,45107,14,5,21,540,2016,4,13,1,3,8,6,0,0,0,0,0,1,0,1,7.48744E+20,5.59632E+21,1.25052E+16,5.04661E+16
45107,45108,14,5,22,70,2016,5,15,5,2,0,7,0,0,1,0,0,0,0,0,7.71266E+20,5.64755E+21,1.28595E+16,5.09157E+16
45108,45109,14,7,13,0,2016,5,11,3,3,5,2,0,0,1,0,0,0,0,1,7.36162E+20,5.69392E+21,1.23914E+16,5.13474E+16
45109,45110,14,6,25,350,2016,4,11,5,3,4,6,0,1,0,1,0,0,0,0,8.60689E+20,5.68957E+21,1.41688E+16,5.12432E+16
45110,45111,14,6,25,480,2016,5,23,1,2,4,1,2,0,0,1,0,0,1,0,8.45357E+20,5.67538E+21,1.39364E+16,5.11256E+16
45111,45112,14,6,26,610,2016,5,6,6,2,8,1,0,0,0,1,0,0,0,0,9.13391E+20,5.66131E+21,1.48877E+16,5.09547E+16
45112,45113,14,5,24,330,2016,5,16,3,3,0,4,0,0,0,1,1,0,0,0,7.46243E+20,5.62653E+21,1.24901E+16,5.07383E+16
45113,45114,14,5,24,180,2016,4,22,4,2,0,1,2,1,1,0,0,0,0,0,7.6515E+20,5.64095E+21,1.27679E+16,5.08594E+16
45114,45115,14,6,25,10,2016,5,19,2,2,2,2,0,0,0,1,0,0,0,0,8.51367E+20,5.67014E+21,1.40168E+16,5.1075E+16
45115,45116,14,7,13,0,2016,5,9,2,3,5,3,0,0,1,1,0,0,0,0,7.35415E+20,5.69352E+21,1.23804E+16,5.13441E+16
45116,45117,14,6,27,210,2016,4,9,4,3,6,4,0,0,0,1,1,0,0,0,8.22786E+20,5.67266E+21,1.36125E+16,5.11143E+16
45117,45118,14,5,24,330,2016,4,21,6,2,5,1,2,1,0,1,0,0,0,1,7.46437E+20,5.63032E+21,1.24954E+16,5.07722E+16
45118,45119,14,5,22,420,2016,4,6,4,3,5,3,1,0,0,1,0,1,0,0,7.82241E+20,5.64245E+21,1.30113E+16,5.08647E+16
45119,45120,14,6,12,0,2016,4,6,6,3,3,6,0,0,0,1,0,1,0,0,8.32668E+20,5.66643E+21,1.37474E+16,5.10528E+16
45120,45121,14,6,28,400,2016,5,16,5,3,3,6,0,0,1,0,0,0,0,1,8.20031E+20,5.65956E+21,1.35617E+16,5.09984E+16
45121,45122,14,6,28,240,2016,5,11,5,3,0,7,0,0,0,0,0,0,0,1,8.49893E+20,5.66005E+21,1.39861E+16,5.09854E+16
45122,45123,14,6,26,600,2016,5,15,6,3,7,1,0,1,1,0,0,0,0,0,8.91364E+20,5.72097E+21,1.46408E+16,5.1504E+16
45123,45124,14,5,11,0,2016,5,15,4,3,9,1,0,1,0,1,0,0,0,0,7.75023E+20,5.64329E+21,1.29096E+16,5.08758E+16
45124,45125,14,5,23,340,2016,5,14,2,2,0,7,0,0,0,1,0,0,0,0,7.33377E+20,5.61265E+21,1.22993E+16,5.0619E+16
45125,45126,14,5,23,340,2016,5,12,2,2,0,1,0,0,1,0,0,0,0,0,7.33661E+20,5.61351E+21,1.23039E+16,5.06266E+16
45126,45127,14,7,29,160,2016,5,17,1,3,2,2,0,1,0,1,0,0,0,0,7.6018E+20,5.68413E+21,1.27284E+16,5.12491E+16
45127,45128,14,5,21,495,2016,4,8,7,2,8,1,0,0,0,0,0,0,0,1,7.99447E+20,5.62526E+21,1.32411E+16,5.07019E+16
45128,45129,14,6,26,160,2016,4,22,6,3,9,1,2,0,0,1,0,0,0,0,9.08026E+20,5.70671E+21,1.48632E+16,5.13646E+16
45129,45130,14,6,28,270,2016,4,13,6,3,5,2,0,0,1,1,0,0,0,0,8.45723E+20,5.65936E+21,1.39263E+16,5.09818E+16
45130,45131,14,5,21,520,2016,4,18,6,3,4,1,0,0,0,1,0,0,0,0,7.8088E+20,5.60822E+21,1.2966E+16,5.05583E+16
45131,45132,14,6,27,270,2016,5,16,5,3,5,3,0,0,0,1,0,1,0,0,7.92839E+20,5.69477E+21,1.32039E+16,5.13286E+16
45132,45133,14,6,27,250,2016,4,12,3,3,9,1,0,0,0,1,0,0,0,0,8.30678E+20,5.69659E+21,1.37469E+16,5.13243E+16
45133,45134,14,5,21,160,2016,4,10,2,2,9,6,0,0,0,1,0,0,1,0,7.78941E+20,5.61593E+21,1.29444E+16,5.06284E+16
45134,45135,14,6,12,0,2016,4,17,5,3,5,2,0,0,1,1,0,0,0,0,8.3342E+20,5.66989E+21,1.37613E+16,5.10834E+16
45135,45136,14,6,25,480,2016,4,21,2,2,5,3,2,0,1,1,0,0,0,0,8.44431E+20,5.67473E+21,1.39226E+16,5.11202E+16
45136,45137,14,5,11,0,2016,4,10,3,3,5,3,0,1,0,1,0,0,0,1,7.77396E+20,5.64013E+21,1.29408E+16,5.08463E+16
45137,45138,14,6,12,0,2016,5,5,1,2,5,3,0,0,1,1,0,0,0,0,8.31858E+20,5.665E+21,1.37346E+16,5.10405E+16
45138,45139,14,7,30,270,2016,4,11,7,3,2,6,0,0,0,1,0,0,0,0,7.24517E+20,5.6937E+21,1.22243E+16,5.13501E+16
45139,45140,14,6,27,260,2016,4,16,6,3,5,3,0,0,0,1,0,0,0,0,7.96541E+20,5.68828E+21,1.32515E+16,5.12686E+16
45140,45141,14,6,25,250,2016,4,16,5,2,2,6,0,0,0,1,0,0,0,0,8.56485E+20,5.69479E+21,1.4114E+16,5.12925E+16
45141,45142,14,6,12,0,2016,5,12,5,2,5,3,0,0,1,0,0,0,0,0,8.38899E+20,5.67519E+21,1.38442E+16,5.11277E+16
45142,45143,14,6,12,0,2016,4,14,4,3,0,1,0,0,1,0,0,0,0,0,8.27393E+20,5.66392E+21,1.36702E+16,5.10333E+16
45143,45144,14,5,21,390,2016,5,16,6,3,2,6,0,0,0,1,0,0,0,0,7.94286E+20,5.61919E+21,1.31634E+16,5.06501E+16
45144,45145,14,6,27,200,2016,4,7,2,3,5,3,0,0,0,1,0,0,0,0,8.11858E+20,5.68913E+21,1.34711E+16,5.1268E+16
45145,45146,14,7,30,300,2016,4,13,2,2,6,4,0,0,0,1,1,0,0,0,7.42629E+20,5.69748E+21,1.24865E+16,5.13767E+16
45146,45147,14,5,23,120,2016,5,11,4,2,6,4,0,0,0,1,1,0,0,0,7.39041E+20,5.59701E+21,1.23692E+16,5.04763E+16
45147,45148,14,6,26,610,2016,5,12,3,3,5,3,0,0,1,1,0,0,0,0,9.06715E+20,5.65456E+21,1.47857E+16,5.08991E+16
45148,45149,14,6,26,60,2016,4,6,5,3,4,2,0,0,0,1,0,0,0,0,8.88063E+20,5.71047E+21,1.45819E+16,5.14123E+16
45149,45150,14,6,12,0,2016,4,8,5,3,0,7,0,0,0,1,0,0,0,0,8.29657E+20,5.66405E+21,1.37025E+16,5.10332E+16
45150,45151,14,6,25,280,2016,4,6,4,3,8,3,2,0,0,1,0,0,0,1,8.7015E+20,5.69762E+21,1.43121E+16,5.13092E+16
45151,45152,14,6,28,250,2016,5,13,1,3,3,6,0,0,1,1,0,0,0,0,8.39812E+20,5.65238E+21,1.38359E+16,5.09228E+16
45152,45153,14,6,27,100,2016,5,15,6,3,2,6,0,0,0,1,0,0,1,0,8.08061E+20,5.66492E+21,1.33961E+16,5.1053E+16
45153,45154,14,7,30,80,2016,4,16,4,2,5,3,0,0,0,1,0,0,0,0,7.57731E+20,5.70907E+21,1.27115E+16,5.1474E+16
45154,45155,14,6,12,0,2016,5,17,2,3,0,1,0,0,1,0,0,0,0,0,8.30958E+20,5.66557E+21,1.37223E+16,5.10461E+16
45155,45156,14,6,26,60,2016,5,12,2,2,8,1,0,0,0,0,0,1,0,0,8.93535E+20,5.71312E+21,1.46632E+16,5.14322E+16
45156,45157,14,5,21,520,2016,4,21,4,2,6,6,2,0,0,1,1,0,0,0,7.79913E+20,5.60858E+21,1.29526E+16,5.0562E+16
45157,45158,14,7,13,0,2016,4,21,6,3,5,3,2,0,0,1,0,1,0,0,7.27047E+20,5.6934E+21,1.22604E+16,5.13464E+16
45158,45159,14,5,22,320,2016,4,6,4,3,5,3,0,0,0,1,0,0,0,0,7.94303E+20,5.63632E+21,1.31773E+16,5.08037E+16
45159,45160,14,5,22,500,2016,4,21,6,3,0,7,2,0,0,1,0,0,0,0,7.82732E+20,5.65571E+21,1.30285E+16,5.09834E+16
45160,45161,14,6,28,250,2016,4,10,5,3,5,3,0,0,0,1,0,1,0,0,8.3733E+20,5.65281E+21,1.38011E+16,5.09281E+16
45161,45162,14,7,13,0,2016,4,14,2,3,2,2,0,0,0,1,0,0,0,0,7.27926E+20,5.69023E+21,1.2271E+16,5.13176E+16
45162,45163,14,7,13,0,2016,4,8,1,2,9,1,0,0,0,1,0,0,0,0,7.30826E+20,5.69291E+21,1.23143E+16,5.13406E+16
45163,45164,14,6,28,260,2016,4,9,4,2,8,7,0,0,1,0,0,0,0,0,8.6359E+20,5.66604E+21,1.41865E+16,5.10306E+16
45164,45165,14,7,13,0,2016,5,17,7,3,6,4,0,0,1,0,1,0,0,0,7.37639E+20,5.69049E+21,1.24103E+16,5.1316E+16
45165,45166,14,7,29,60,2016,4,11,7,3,5,3,0,0,0,1,0,0,0,0,7.45107E+20,5.69458E+21,1.25201E+16,5.13495E+16
45166,45167,14,5,23,340,2016,4,10,6,3,2,6,0,0,0,1,0,0,0,0,7.35968E+20,5.60997E+21,1.23342E+16,5.05939E+16
45167,45168,14,5,11,0,2016,4,13,6,2,4,1,0,1,0,1,0,0,0,0,7.75217E+20,5.64333E+21,1.29124E+16,5.0876E+16
45168,45169,14,6,26,110,2016,5,7,4,3,2,6,0,0,0,1,0,0,0,0,9.15869E+20,5.68315E+21,1.49479E+16,5.11482E+16
45169,45170,14,6,28,270,2016,4,7,3,2,5,3,0,0,0,1,0,0,0,0,8.46601E+20,5.65843E+21,1.39379E+16,5.0973E+16
45170,45171,14,5,23,380,2016,4,15,1,2,8,1,0,0,0,0,0,1,0,0,7.45579E+20,5.60538E+21,1.24667E+16,5.05487E+16
45171,45172,14,6,28,390,2016,5,10,1,2,5,2,0,0,0,1,0,1,0,0,8.52304E+20,5.65446E+21,1.40149E+16,5.09339E+16
45172,45173,14,7,29,140,2016,5,3,5,3,1,7,2,0,0,1,0,0,0,0,7.53663E+20,5.66262E+21,1.26201E+16,5.1059E+16
45173,45174,14,6,25,60,2016,4,13,1,2,3,6,0,0,0,1,0,0,0,0,8.58862E+20,5.68177E+21,1.4135E+16,5.11744E+16
45174,45175,14,5,11,0,2016,4,14,3,3,5,3,0,0,0,1,0,0,0,1,7.75635E+20,5.63652E+21,1.29132E+16,5.08147E+16
45175,45176,14,5,24,90,2016,4,18,1,2,8,1,0,0,0,1,0,0,0,0,7.57563E+20,5.62089E+21,1.26463E+16,5.06827E+16
45176,45177,14,7,30,60,2016,4,9,4,2,8,1,0,0,0,0,0,1,0,0,7.82012E+20,5.69441E+21,1.30486E+16,5.13309E+16
45177,45178,14,7,29,320,2016,4,5,2,2,5,3,0,0,0,1,0,1,0,0,7.35135E+20,5.6753E+21,1.23644E+16,5.11807E+16
45178,45179,14,5,21,495,2016,5,10,1,2,2,6,0,0,0,1,0,1,0,0,7.97605E+20,5.62577E+21,1.32155E+16,5.07075E+16
45179,45180,14,5,24,270,2016,4,12,7,3,5,3,0,0,0,1,0,0,0,0,7.46503E+20,5.63991E+21,1.25027E+16,5.08582E+16
45180,45181,14,5,21,270,2016,4,16,7,3,5,3,0,1,0,1,0,0,0,0,7.90733E+20,5.63188E+21,1.31233E+16,5.07657E+16
45181,45182,14,6,12,0,2016,4,17,6,3,2,6,0,1,0,1,0,0,0,0,8.33365E+20,5.67684E+21,1.3767E+16,5.11457E+16
45182,45183,14,5,23,450,2016,5,18,4,3,2,6,0,0,0,1,0,0,0,0,7.1775E+20,5.59251E+21,1.2067E+16,5.04442E+16
45183,45184,14,5,11,0,2016,4,19,4,2,8,1,0,0,0,1,0,0,0,0,7.67412E+20,5.63304E+21,1.27942E+16,5.07873E+16
45184,45185,14,6,26,180,2016,5,21,1,3,9,1,2,1,0,1,0,0,0,0,9.03269E+20,5.6667E+21,1.47503E+16,5.10101E+16
45185,45186,14,7,13,0,2016,4,19,2,3,3,2,0,0,1,1,0,0,0,0,7.3464E+20,5.69349E+21,1.23693E+16,5.13442E+16
45186,45187,14,7,30,110,2016,5,21,5,2,0,1,2,0,1,0,0,0,0,0,7.51876E+20,5.70698E+21,1.26259E+16,5.14578E+16
45187,45188,14,5,21,550,2016,4,13,2,2,4,6,0,0,0,1,0,0,1,0,7.70627E+20,5.6044E+21,1.28188E+16,5.05289E+16
45188,45189,14,7,13,0,2016,5,15,4,3,2,6,0,0,0,1,0,0,0,0,7.35098E+20,5.69704E+21,1.23782E+16,5.13758E+16
45189,45190,14,6,27,170,2016,5,9,3,3,2,2,0,0,0,1,0,0,0,0,8.18973E+20,5.68381E+21,1.35681E+16,5.12164E+16
45190,45191,14,5,23,320,2016,5,15,3,3,5,3,0,1,0,1,0,0,0,0,7.24293E+20,5.59275E+21,1.21591E+16,5.04439E+16
45191,45192,14,7,29,160,2016,4,18,6,3,8,1,0,0,1,0,0,0,0,0,7.61625E+20,5.67784E+21,1.27445E+16,5.1192E+16
45192,45193,14,6,27,230,2016,4,13,5,3,5,2,0,0,0,1,0,0,0,0,8.00043E+20,5.69238E+21,1.3305E+16,5.13035E+16
45193,45194,14,5,21,530,2016,4,14,5,2,6,4,0,1,0,1,1,0,0,0,7.57944E+20,5.61061E+21,1.26445E+16,5.05903E+16
45194,45195,14,6,28,110,2016,4,9,4,3,8,6,0,0,1,0,0,0,1,0,8.25194E+20,5.65829E+21,1.36339E+16,5.09841E+16
45195,45196,14,5,24,180,2016,4,17,7,3,5,3,0,0,0,1,0,0,0,0,7.64428E+20,5.64055E+21,1.27574E+16,5.0856E+16
45196,45197,14,5,21,310,2016,5,11,6,3,2,6,0,0,0,1,0,0,0,1,7.69309E+20,5.63186E+21,1.28202E+16,5.07759E+16
45197,45198,14,6,25,430,2016,4,17,4,3,2,6,0,0,0,1,0,0,0,0,8.37098E+20,5.67999E+21,1.38231E+16,5.11718E+16
45198,45199,14,5,11,0,2016,5,7,2,3,2,6,0,0,0,1,0,0,0,0,7.76083E+20,5.63773E+21,1.29204E+16,5.08254E+16
45199,45200,14,6,28,50,2016,5,15,2,3,3,6,0,0,0,0,0,0,1,1,8.31744E+20,5.66158E+21,1.37299E+16,5.10099E+16
45200,45201,14,5,24,90,2016,4,15,3,3,5,3,0,0,0,1,0,0,0,0,7.61375E+20,5.62159E+21,1.27006E+16,5.06873E+16
45201,45202,14,6,12,0,2016,4,20,2,3,0,1,2,0,1,0,0,0,0,0,8.32906E+20,5.66758E+21,1.37519E+16,5.1063E+16
45202,45203,14,7,13,0,2016,4,9,3,3,0,4,0,0,0,1,1,0,0,0,7.33726E+20,5.69314E+21,1.2356E+16,5.13414E+16
45203,45204,14,5,24,120,2016,4,15,6,3,0,6,0,0,0,1,0,0,0,0,7.63592E+20,5.63635E+21,1.27425E+16,5.08188E+16
45204,45205,14,6,12,0,2016,4,9,5,3,5,3,0,0,1,1,0,0,0,0,8.29916E+20,5.66498E+21,1.3707E+16,5.10414E+16
45205,45206,14,6,26,110,2016,4,8,2,3,7,1,0,0,1,0,0,0,0,0,9.18502E+20,5.68027E+21,1.4982E+16,5.11206E+16
45206,45207,14,5,22,230,2016,5,10,7,3,3,6,0,0,1,0,0,1,0,0,7.91735E+20,5.65221E+21,1.31536E+16,5.09476E+16
45207,45208,14,6,28,110,2016,4,14,3,3,2,2,0,0,0,1,0,0,0,0,8.26639E+20,5.65942E+21,1.36554E+16,5.09934E+16
45208,45209,14,5,21,20,2016,4,7,7,2,9,1,0,0,0,1,0,0,0,0,7.83023E+20,5.61121E+21,1.29984E+16,5.05841E+16
45209,45210,14,6,12,0,2016,5,16,4,3,5,3,0,0,1,0,0,0,0,1,8.41651E+20,5.66784E+21,1.38765E+16,5.10602E+16
45210,45211,14,5,24,80,2016,4,10,1,2,8,1,0,0,0,0,0,1,0,0,7.5221E+20,5.63437E+21,1.25799E+16,5.08061E+16
45211,45212,14,5,23,450,2016,5,8,7,3,5,3,0,0,0,1,0,0,0,0,7.13923E+20,5.59449E+21,1.20143E+16,5.04634E+16
45212,45213,14,6,25,220,2016,5,13,5,2,5,3,0,0,0,1,0,1,0,0,8.52655E+20,5.68761E+21,1.40523E+16,5.12307E+16
45213,45214,14,5,24,330,2016,4,17,7,3,2,6,0,0,0,1,0,0,0,0,7.47096E+20,5.62483E+21,1.2501E+16,5.07227E+16
45214,45215,14,5,23,330,2016,5,17,6,2,2,6,0,0,0,1,0,1,0,0,7.27795E+20,5.607E+21,1.22171E+16,5.05704E+16
45215,45216,14,6,25,490,2016,5,17,4,2,5,3,0,1,0,1,0,0,0,0,8.78602E+20,5.69237E+21,1.44273E+16,5.12567E+16
45216,45217,14,5,22,240,2016,5,12,3,3,2,2,0,0,0,1,0,0,0,1,8.11138E+20,5.65585E+21,1.34322E+16,5.09701E+16
45217,45218,14,5,22,620,2016,5,13,3,3,6,4,0,0,0,1,1,0,0,0,7.90958E+20,5.67725E+21,1.31627E+16,5.11725E+16
45218,45219,14,6,12,0,2016,4,7,6,2,3,6,0,0,0,1,0,1,0,0,8.31991E+20,5.66721E+21,1.37385E+16,5.10602E+16
45219,45220,14,6,25,240,2016,5,5,2,3,7,7,0,0,0,1,0,0,0,0,8.66258E+20,5.7141E+21,1.42735E+16,5.14593E+16
45220,45221,14,6,26,290,2016,4,12,3,3,2,6,0,0,0,1,0,0,0,0,8.98802E+20,5.67726E+21,1.46986E+16,5.11077E+16
45221,45222,14,6,28,410,2016,4,5,7,2,8,1,0,0,0,1,0,0,0,0,8.20476E+20,5.66012E+21,1.35685E+16,5.10032E+16
45222,45223,14,6,12,0,2016,4,13,6,3,2,6,0,0,0,1,0,0,0,0,8.35665E+20,5.66165E+21,1.37856E+16,5.10082E+16
45223,45224,14,7,13,0,2016,5,15,5,3,2,6,0,0,0,0,0,1,0,1,7.36205E+20,5.69382E+21,1.2392E+16,5.13465E+16
45224,45225,14,7,30,110,2016,4,20,5,3,8,1,0,0,0,1,0,0,0,0,7.50229E+20,5.70893E+21,1.26036E+16,5.14761E+16
45225,45226,14,6,25,20,2016,5,16,7,3,2,6,0,0,0,1,0,0,0,0,8.74324E+20,5.68492E+21,1.43585E+16,5.11928E+16
45226,45227,14,6,26,590,2016,5,16,4,3,2,6,0,1,0,1,0,0,0,0,8.98343E+20,5.72217E+21,1.47422E+16,5.15099E+16
45227,45228,14,6,12,0,2016,5,14,3,3,5,3,0,0,1,1,0,0,0,0,8.31227E+20,5.66692E+21,1.37274E+16,5.1058E+16
45228,45229,14,6,26,370,2016,5,16,3,2,3,2,0,0,0,1,0,0,0,0,9.04127E+20,5.70425E+21,1.48047E+16,5.13454E+16
45229,45230,14,6,26,610,2016,4,9,6,2,6,4,0,0,0,0,1,0,0,1,9.07752E+20,5.65462E+21,1.48004E+16,5.08989E+16
45230,45231,14,5,23,380,2016,4,17,4,3,2,2,0,0,0,1,0,0,0,0,7.47804E+20,5.60421E+21,1.24972E+16,5.05373E+16
45231,45232,14,5,11,0,2016,4,11,4,3,2,6,0,1,0,1,0,0,0,0,7.80422E+20,5.645E+21,1.29875E+16,5.08885E+16
45232,45233,14,6,26,460,2016,4,11,7,3,9,1,0,0,0,1,0,0,0,0,9.02536E+20,5.70855E+21,1.47868E+16,5.1385E+16
45233,45234,14,5,24,130,2016,5,11,5,3,2,6,0,0,0,1,0,0,0,0,7.49156E+20,5.61391E+21,1.25228E+16,5.06238E+16
45234,45235,14,6,28,400,2016,4,7,4,3,0,1,1,1,0,0,0,1,0,0,8.20684E+20,5.65866E+21,1.35701E+16,5.099E+16
45235,45236,14,7,29,320,2016,4,7,3,2,3,1,0,1,0,1,0,1,0,0,7.38634E+20,5.67232E+21,1.24124E+16,5.11524E+16
45236,45237,14,7,29,320,2016,5,17,1,2,2,6,0,0,0,1,0,1,0,0,7.40703E+20,5.6726E+21,1.24422E+16,5.11541E+16
45237,45238,14,7,29,80,2016,4,8,1,3,0,1,0,0,0,0,0,1,0,0,7.66095E+20,5.6708E+21,1.28031E+16,5.11267E+16
45238,45239,14,6,25,120,2016,4,13,3,3,3,6,0,0,0,1,0,0,0,0,8.60485E+20,5.72213E+21,1.41989E+16,5.15349E+16
45239,45240,14,5,24,330,2016,4,14,5,2,2,7,0,0,0,1,0,0,0,0,7.46737E+20,5.62345E+21,1.2495E+16,5.07104E+16
45240,45241,14,5,21,310,2016,4,11,5,3,3,6,0,0,0,1,0,0,1,0,7.68293E+20,5.62957E+21,1.28041E+16,5.07558E+16
45241,45242,14,7,30,340,2016,5,12,6,3,8,1,0,0,0,0,0,1,0,0,7.23355E+20,5.70909E+21,1.22174E+16,5.14888E+16
45242,45243,14,5,23,30,2016,4,11,2,3,4,6,0,0,0,1,0,0,0,0,7.35248E+20,5.57305E+21,1.23009E+16,5.02627E+16
45243,45244,14,6,12,0,2016,4,11,3,3,1,1,0,0,0,1,0,0,1,0,8.33741E+20,5.67124E+21,1.37671E+16,5.10953E+16
45244,45245,14,5,22,470,2016,5,17,4,2,4,1,0,0,0,0,0,1,0,1,8.18136E+20,5.63092E+21,1.35099E+16,5.07428E+16
45245,45246,14,7,29,400,2016,4,10,1,3,5,3,0,0,0,1,0,1,0,0,7.62661E+20,5.68904E+21,1.27675E+16,5.1292E+16
45246,45247,14,6,25,50,2016,5,15,5,2,0,1,0,0,1,0,0,0,0,0,8.55302E+20,5.67839E+21,1.40809E+16,5.11464E+16
45247,45248,14,6,25,230,2016,5,15,6,3,5,3,0,0,0,1,0,0,0,0,8.92994E+20,5.67917E+21,1.46181E+16,5.11288E+16
45248,45249,14,6,12,0,2016,5,12,4,3,6,2,0,0,0,1,1,0,0,0,8.35529E+20,5.6618E+21,1.37838E+16,5.10097E+16
45249,45250,14,5,24,160,2016,5,15,2,2,2,6,0,0,0,1,0,0,0,0,7.55806E+20,5.62897E+21,1.2627E+16,5.0756E+16
45250,45251,14,5,24,170,2016,5,18,2,2,3,5,0,0,0,1,0,1,0,0,7.40817E+20,5.61944E+21,1.24087E+16,5.06769E+16
45251,45252,14,5,21,200,2016,4,7,6,2,8,1,0,0,0,1,0,0,0,0,7.81794E+20,5.62389E+21,1.29907E+16,5.06984E+16
45252,45253,14,6,12,0,2016,5,17,2,3,1,1,0,0,0,1,0,0,0,0,8.32021E+20,5.66767E+21,1.37394E+16,5.10643E+16
45253,45254,14,6,28,60,2016,4,16,7,1,8,1,0,1,0,0,0,1,0,0,8.27885E+20,5.64324E+21,1.36586E+16,5.08477E+16
45254,45255,14,7,30,90,2016,4,15,6,3,2,1,0,0,0,1,0,1,0,0,7.68584E+20,5.72818E+21,1.2882E+16,5.16404E+16
45255,45256,14,5,21,230,2016,4,8,6,3,2,6,0,0,0,1,0,0,0,1,7.74268E+20,5.62351E+21,1.28841E+16,5.06986E+16
45256,45257,14,6,26,110,2016,5,15,5,3,6,6,0,0,1,0,1,0,0,0,9.178E+20,5.6828E+21,1.49749E+16,5.11437E+16
45257,45258,14,5,24,300,2016,5,16,1,3,2,6,0,0,0,1,0,1,0,0,7.38261E+20,5.62629E+21,1.2377E+16,5.07395E+16
45258,45259,14,6,25,610,2016,4,8,2,2,8,1,0,0,0,0,0,0,1,0,8.95023E+20,5.68416E+21,1.46524E+16,5.11721E+16
45259,45260,14,6,12,0,2016,4,21,5,3,5,2,2,0,0,1,0,0,0,0,8.31498E+20,5.66897E+21,1.37331E+16,5.10763E+16
45260,45261,14,6,25,20,2016,4,17,2,3,3,6,0,0,0,1,0,0,0,0,8.81449E+20,5.68449E+21,1.44595E+16,5.11842E+16
45261,45262,14,6,12,0,2016,4,14,3,3,2,6,0,0,0,1,0,0,0,0,8.37398E+20,5.66686E+21,1.38151E+16,5.1054E+16
45262,45263,14,6,27,180,2016,5,20,1,3,3,6,1,0,0,1,0,0,0,1,8.01484E+20,5.66262E+21,1.33007E+16,5.10359E+16
45263,45264,14,5,24,330,2016,4,21,7,2,9,1,2,1,0,1,0,0,0,0,7.44626E+20,5.61906E+21,1.24623E+16,5.06719E+16
45264,45265,14,6,26,610,2016,4,16,6,3,5,3,0,1,1,1,0,0,0,0,9.09553E+20,5.65534E+21,1.48267E+16,5.0904E+16
45265,45266,14,7,30,190,2016,4,7,5,3,5,2,0,0,0,1,0,0,1,0,7.72261E+20,5.71075E+21,1.29215E+16,5.14822E+16
45266,45267,14,6,25,490,2016,4,11,4,3,5,3,0,0,0,1,0,0,0,0,8.78602E+20,5.69237E+21,1.44273E+16,5.12567E+16
45267,45268,14,6,12,0,2016,5,18,6,3,4,6,0,0,0,1,0,1,0,0,8.45866E+20,5.66649E+21,1.39351E+16,5.10455E+16
45268,45269,14,6,28,160,2016,4,8,2,3,5,3,0,0,1,1,0,0,0,0,8.41594E+20,5.65794E+21,1.38663E+16,5.09715E+16
45269,45270,14,7,29,160,2016,4,14,2,3,2,2,0,0,0,1,0,0,0,0,7.58654E+20,5.68401E+21,1.27065E+16,5.12487E+16
45270,45271,14,5,22,450,2016,4,22,1,2,8,1,2,0,0,1,0,0,0,0,7.83429E+20,5.679E+21,1.30567E+16,5.1192E+16
45271,45272,14,6,28,360,2016,4,18,2,3,5,3,0,0,1,0,0,1,0,0,8.69944E+20,5.65938E+21,1.42699E+16,5.09669E+16
45272,45273,14,6,25,525,2016,4,14,3,3,9,7,0,0,0,1,0,0,0,0,8.80469E+20,5.67259E+21,1.4433E+16,5.10784E+16
45273,45274,14,6,25,380,2016,5,15,1,2,5,3,0,0,1,1,0,0,0,0,8.71756E+20,5.67385E+21,1.43105E+16,5.10953E+16
45274,45275,14,5,24,20,2016,4,8,1,3,0,7,0,0,0,1,0,0,0,0,7.57957E+20,5.63573E+21,1.26622E+16,5.08157E+16
45275,45276,14,7,29,320,2016,4,17,5,3,2,2,0,0,0,1,0,1,0,0,7.37222E+20,5.67328E+21,1.23929E+16,5.11617E+16
45276,45277,14,7,13,0,2016,4,15,4,3,2,6,0,0,0,1,0,0,1,0,7.36643E+20,5.69567E+21,1.23995E+16,5.13629E+16