FID,OBJECTID,ULAND,UREGBEZ,UKREIS,UGEMEINDE,UJAHR,UMONAT,USTUNDE,UWOCHENTAG,UKATEGORIE,UART,UTYP1,ULICHTVERH,IstStrasse,IstRad,IstPKW,IstFuss,IstKrad,IstGkfz,IstSonstig,LINREFX,LINREFY,XGCSWGS84,YGCSWGS84
45277,45278,14,6,28,270,2016,5,14,6,2,2,6,0,0,0,1,0,0,0,0,8.46287E+20,5.65541E+21,1.39305E+16,5.0946E+16
45278,45279,14,7,30,270,2016,4,9,2,3,2,6,0,0,0,1,0,0,0,0,7.24302E+20,5.69371E+21,1.22213E+16,5.13503E+16
45279,45280,14,5,22,60,2016,4,11,3,2,5,3,0,0,0,1,0,1,0,0,7.67907E+20,5.64793E+21,1.28121E+16,5.09207E+16
45280,45281,14,5,21,170,2016,4,13,1,2,4,1,0,0,0,0,0,1,0,0,7.57569E+20,5.60211E+21,1.26333E+16,5.05142E+16
45281,45282,14,6,28,60,2016,5,11,5,2,5,3,0,0,0,1,0,1,0,0,8.28033E+20,5.6483E+21,1.36652E+16,5.0893E+16
45282,45283,14,7,30,310,2016,5,7,3,3,5,3,0,0,0,1,0,1,0,0,7.77071E+20,5.72028E+21,1.29981E+16,5.15654E+16
45283,45284,14,7,13,0,2016,4,7,5,3,5,2,0,0,1,1,0,0,0,0,7.38493E+20,5.68961E+21,1.24219E+16,5.13077E+16
45284,45285,14,5,24,90,2016,5,15,1,2,4,1,0,0,0,1,0,1,0,0,7.59653E+20,5.61596E+21,1.26723E+16,5.06375E+16
45285,45286,14,6,26,320,2016,5,21,6,3,8,1,2,1,0,1,0,0,0,0,8.97455E+20,5.70036E+21,1.4705E+16,5.13153E+16
45286,45287,14,5,22,180,2016,5,15,4,3,2,2,0,1,0,1,0,1,0,0,8.06058E+20,5.64917E+21,1.33544E+16,5.09129E+16
45287,45288,14,7,13,0,2016,5,18,2,3,4,2,0,0,1,1,0,0,0,0,7.34476E+20,5.69704E+21,1.23693E+16,5.13761E+16
45288,45289,14,7,29,410,2016,5,17,2,2,3,6,0,0,1,1,0,0,0,0,7.61108E+20,5.69771E+21,1.27516E+16,5.13705E+16
45289,45290,14,6,27,180,2016,5,18,1,2,8,1,0,1,0,1,0,0,0,0,8.0139E+20,5.66734E+21,1.33033E+16,5.10782E+16
45290,45291,14,5,23,320,2016,4,11,6,2,5,3,0,0,0,1,0,0,0,1,7.26679E+20,5.59795E+21,1.21958E+16,5.04897E+16
45291,45292,14,6,28,260,2016,4,15,6,2,5,2,0,0,0,1,0,1,0,0,8.69324E+20,5.66877E+21,1.42707E+16,5.10514E+16
45292,45293,14,6,27,140,2016,4,16,6,2,5,2,0,0,0,0,0,1,1,0,8.13906E+20,5.67757E+21,1.34903E+16,5.11633E+16
45293,45294,14,5,22,60,2016,4,10,6,1,5,3,0,0,1,1,0,0,0,0,7.69757E+20,5.64991E+21,1.28398E+16,5.09376E+16
45294,45295,14,6,27,310,2016,5,19,5,3,5,3,0,0,0,1,0,1,0,0,8.19435E+20,5.67784E+21,1.35693E+16,5.11626E+16
45295,45296,14,6,28,110,2016,4,18,3,2,5,2,0,0,1,0,0,0,0,1,8.26478E+20,5.66048E+21,1.36541E+16,5.10031E+16
45296,45297,14,5,23,245,2016,4,12,1,3,0,2,0,0,0,1,0,1,0,0,7.46569E+20,5.59208E+21,1.24719E+16,5.04289E+16
45297,45298,14,5,24,230,2016,4,11,4,2,4,2,0,0,1,1,0,0,0,0,7.60196E+20,5.63222E+21,1.26914E+16,5.07832E+16
45298,45299,14,6,28,270,2016,4,7,2,3,5,2,0,0,1,1,0,0,0,0,8.47071E+20,5.6557E+21,1.39419E+16,5.09482E+16
45299,45300,14,7,30,310,2016,4,14,2,3,5,3,0,0,0,1,0,0,0,0,7.77001E+20,5.71246E+21,1.29909E+16,5.14953E+16
45300,45301,14,5,22,20,2016,5,14,1,2,0,1,0,0,0,0,0,1,0,0,7.86722E+20,5.63697E+21,1.30705E+16,5.08134E+16
45301,45302,14,5,22,150,2016,4,22,1,2,9,1,2,0,0,1,0,0,0,0,7.84732E+20,5.64966E+21,1.30522E+16,5.09282E+16
45302,45303,14,6,28,60,2016,4,16,7,2,8,1,0,1,0,1,0,0,0,0,8.28571E+20,5.64304E+21,1.36681E+16,5.08456E+16
45303,45304,14,6,27,210,2016,4,5,6,3,6,2,1,0,0,0,1,0,0,1,8.24087E+20,5.67205E+21,1.36305E+16,5.11081E+16
45304,45305,14,5,11,0,2016,5,18,5,3,5,3,0,0,1,1,0,0,0,0,7.75936E+20,5.63741E+21,1.29181E+16,5.08225E+16
45305,45306,14,6,12,0,2016,4,8,4,2,6,6,0,0,1,0,1,0,0,0,8.32211E+20,5.66772E+21,1.37421E+16,5.10647E+16
45306,45307,14,7,30,150,2016,4,19,2,2,8,1,1,0,0,1,0,0,0,0,7.37274E+20,5.7037E+21,1.24139E+16,5.14348E+16
45307,45308,14,5,21,540,2016,5,15,6,2,4,6,0,0,0,1,0,1,0,0,7.48726E+20,5.59635E+21,1.2505E+16,5.04663E+16
45308,45309,14,5,22,540,2016,4,6,2,3,5,3,0,0,0,1,0,0,0,1,7.9033E+20,5.66041E+21,1.31402E+16,5.10218E+16
45309,45310,14,7,30,280,2016,4,15,2,2,5,3,0,0,0,1,0,0,0,0,7.41421E+20,5.71311E+21,1.24799E+16,5.15174E+16
45310,45311,14,5,23,340,2016,5,2,4,3,8,1,2,1,0,1,0,0,0,0,7.35726E+20,5.60982E+21,1.23307E+16,5.05926E+16
45311,45312,14,6,25,20,2016,5,15,3,3,0,7,0,0,1,1,0,0,0,0,8.80266E+20,5.68243E+21,1.44405E+16,5.11665E+16
45312,45313,14,5,23,310,2016,5,6,3,2,5,3,0,0,1,1,0,0,0,0,7.12263E+20,5.60827E+21,1.19988E+16,5.05877E+16
45313,45314,14,6,25,320,2016,4,8,5,3,4,2,0,0,0,1,0,0,0,0,8.46778E+20,5.68095E+21,1.3962E+16,5.11746E+16
45314,45315,14,6,12,0,2016,4,15,5,3,2,6,0,0,0,1,0,0,0,0,8.31754E+20,5.66768E+21,1.37356E+16,5.10645E+16
45315,45316,14,6,28,260,2016,4,17,4,3,5,3,0,0,0,1,0,0,0,1,8.64177E+20,5.67E+21,1.41988E+16,5.10657E+16
45316,45317,14,6,27,180,2016,5,16,1,2,8,1,0,0,0,1,0,0,0,0,8.0611E+20,5.66501E+21,1.33685E+16,5.10549E+16
45317,45318,14,6,27,180,2016,5,15,6,3,3,6,0,0,0,1,0,0,1,0,8.03344E+20,5.66309E+21,1.33275E+16,5.10391E+16
45318,45319,14,6,25,310,2016,4,14,4,3,5,3,0,0,0,1,0,0,0,0,8.55122E+20,5.71358E+21,1.41133E+16,5.14617E+16
45319,45320,14,5,11,0,2016,5,1,2,3,9,1,2,0,0,1,0,0,0,0,7.7186E+20,5.63572E+21,1.28591E+16,5.08093E+16
45320,45321,14,6,12,0,2016,5,8,2,3,0,7,0,0,1,1,0,0,0,0,8.31782E+20,5.66482E+21,1.37334E+16,5.1039E+16
45321,45322,14,5,23,300,2016,4,19,3,2,2,6,0,0,0,1,0,0,0,0,7.24548E+20,5.59156E+21,1.2162E+16,5.0433E+16
45322,45323,14,5,21,30,2016,5,22,5,3,4,1,2,0,0,1,0,0,0,0,7.62427E+20,5.61143E+21,1.27083E+16,5.05957E+16
45323,45324,14,7,29,160,2016,5,19,3,3,3,6,1,0,0,1,0,0,0,0,7.66746E+20,5.68498E+21,1.28229E+16,5.12536E+16
45324,45325,14,5,24,330,2016,4,8,5,3,4,2,0,0,0,1,0,0,0,0,7.47093E+20,5.62084E+21,1.24983E+16,5.06868E+16
45325,45326,14,6,25,190,2016,4,17,5,3,2,7,0,1,0,1,0,0,0,0,8.81525E+20,5.67666E+21,1.44523E+16,5.11141E+16
45326,45327,14,6,28,190,2016,5,9,1,3,5,3,0,0,0,1,0,0,0,0,8.56168E+20,5.66298E+21,1.40781E+16,5.10078E+16
45327,45328,14,6,25,290,2016,5,13,6,2,8,1,0,1,0,1,0,0,0,0,8.84337E+20,5.68735E+21,1.45037E+16,5.12079E+16
45328,45329,14,7,30,110,2016,4,13,4,3,9,1,0,0,0,1,0,0,0,0,7.55528E+20,5.70688E+21,1.26783E+16,5.14553E+16
45329,45330,14,6,25,200,2016,5,7,2,3,2,6,0,0,0,1,0,0,1,1,8.49514E+20,5.6789E+21,1.3999E+16,5.11545E+16
45330,45331,14,7,29,245,2016,5,7,2,3,5,3,0,0,0,1,0,0,0,0,7.60234E+20,5.7013E+21,1.27417E+16,5.14031E+16
45331,45332,14,6,12,0,2016,4,18,4,2,3,7,0,1,0,1,0,0,1,0,8.3118E+20,5.67225E+21,1.37316E+16,5.11059E+16
45332,45333,14,7,30,310,2016,4,18,6,3,5,3,0,1,0,1,0,0,0,0,7.74926E+20,5.71861E+21,1.29659E+16,5.15515E+16
45333,45334,14,5,11,0,2016,4,7,4,3,2,6,0,0,0,1,0,0,0,0,7.75218E+20,5.63838E+21,1.29087E+16,5.08315E+16
45334,45335,14,6,12,0,2016,4,18,6,3,2,6,0,0,0,1,0,0,0,0,8.34426E+20,5.67796E+21,1.37831E+16,5.11551E+16
45335,45336,14,6,12,0,2016,5,20,5,3,4,1,1,1,0,1,0,0,0,0,8.34259E+20,5.66294E+21,1.37669E+16,5.10207E+16
45336,45337,14,5,24,330,2016,4,22,2,3,3,6,2,0,1,0,0,1,0,0,7.45167E+20,5.63293E+21,1.24791E+16,5.07962E+16
45337,45338,14,7,29,30,2016,4,2,1,3,9,1,2,0,0,0,0,1,0,0,7.60463E+20,5.69153E+21,1.27379E+16,5.13153E+16
45338,45339,14,6,26,390,2016,4,6,4,3,2,2,0,0,0,1,0,0,0,0,9.00611E+20,5.66187E+21,1.47073E+16,5.09687E+16
45339,45340,14,6,25,600,2016,4,14,2,2,1,6,0,0,0,0,0,0,1,0,8.45079E+20,5.6792E+21,1.39361E+16,5.11599E+16
45340,45341,14,5,24,280,2016,5,11,7,2,5,3,0,0,1,1,0,0,0,0,7.56057E+20,5.63219E+21,1.26328E+16,5.07849E+16
45341,45342,14,5,23,300,2016,4,13,7,2,4,1,0,0,0,1,0,0,0,0,7.23961E+20,5.58514E+21,1.21499E+16,5.03756E+16
45342,45343,14,5,22,570,2016,4,23,7,2,9,1,2,1,0,0,0,1,0,0,7.82866E+20,5.66393E+21,1.30368E+16,5.10571E+16
45343,45344,14,5,21,170,2016,4,17,6,3,8,1,0,0,0,0,0,1,0,0,7.60187E+20,5.60128E+21,1.26696E+16,5.05056E+16
45344,45345,14,5,22,220,2016,5,9,4,3,2,6,0,0,0,1,0,0,0,0,7.90017E+20,5.67412E+21,1.31468E+16,5.11449E+16
45345,45346,14,7,29,410,2016,4,9,3,3,5,3,0,0,0,1,0,0,0,0,7.59345E+20,5.69709E+21,1.27259E+16,5.13658E+16
45346,45347,14,7,29,140,2016,4,14,1,3,0,7,0,0,0,0,0,1,0,0,7.51088E+20,5.66006E+21,1.25816E+16,5.10371E+16
45347,45348,14,6,26,370,2016,5,15,1,3,8,1,0,0,0,1,0,0,0,0,9.01191E+20,5.69958E+21,1.47575E+16,5.13057E+16
45348,45349,14,7,29,160,2016,5,11,5,3,8,1,0,0,0,0,0,1,0,0,7.65749E+20,5.68453E+21,1.28084E+16,5.12501E+16
45349,45350,14,7,30,70,2016,4,18,1,3,8,1,0,0,0,1,0,0,0,0,7.3564E+20,5.71057E+21,1.2395E+16,5.14971E+16
45350,45351,14,7,13,0,2016,5,11,7,3,2,2,0,0,0,1,0,1,0,0,7.30172E+20,5.69308E+21,1.2305E+16,5.13423E+16
45351,45352,14,7,29,140,2016,5,20,4,3,5,3,2,0,0,1,0,0,0,0,7.49104E+20,5.65941E+21,1.2553E+16,5.10322E+16
45352,45353,14,6,12,0,2016,5,8,3,3,5,3,0,0,1,1,0,0,0,0,8.29238E+20,5.66696E+21,1.36991E+16,5.10595E+16
45353,45354,14,7,13,0,2016,5,3,3,3,0,7,2,0,1,0,0,0,0,1,7.28626E+20,5.69324E+21,1.22829E+16,5.13444E+16
45354,45355,14,7,13,0,2016,4,12,6,3,1,6,0,0,0,1,0,0,0,0,7.35427E+20,5.69351E+21,1.23806E+16,5.13441E+16
45355,45356,14,6,28,80,2016,4,10,5,1,5,2,0,0,0,1,0,1,0,0,8.42099E+20,5.65495E+21,1.38707E+16,5.09444E+16
45356,45357,14,5,24,310,2016,4,13,4,2,1,6,0,0,0,1,0,0,0,0,7.51622E+20,5.6169E+21,1.25596E+16,5.06495E+16
45357,45358,14,6,12,0,2016,4,7,4,3,2,6,0,1,0,1,0,0,0,0,8.40628E+20,5.67265E+21,1.38665E+16,5.11039E+16
45358,45359,14,7,29,160,2016,4,21,7,3,9,1,2,0,0,1,0,0,0,0,7.64005E+20,5.68036E+21,1.27803E+16,5.12135E+16
45359,45360,14,5,11,0,2016,5,15,6,3,3,6,0,0,0,1,0,0,0,0,7.71745E+20,5.63491E+21,1.28569E+16,5.08021E+16
45360,45361,14,6,27,310,2016,4,11,4,2,1,1,0,0,0,1,0,0,0,0,8.18579E+20,5.67838E+21,1.35576E+16,5.1168E+16
45361,45362,14,5,21,630,2016,5,9,2,3,0,2,0,0,0,1,0,0,0,1,7.85865E+20,5.61432E+21,1.30408E+16,5.06106E+16
45362,45363,14,7,30,230,2016,4,11,3,3,8,1,0,2,0,1,0,0,0,0,7.89196E+20,5.68816E+21,1.31464E+16,5.12713E+16
45363,45364,14,6,12,0,2016,4,7,2,3,5,2,0,0,1,1,0,0,0,0,8.32904E+20,5.66879E+21,1.3753E+16,5.10739E+16
45364,45365,14,7,30,300,2016,4,13,3,3,5,3,0,0,0,1,0,1,0,0,7.42374E+20,5.69732E+21,1.24828E+16,5.13753E+16
45365,45366,14,5,24,60,2016,4,7,5,2,0,1,0,0,1,0,0,0,0,0,7.37125E+20,5.62238E+21,1.23584E+16,5.07048E+16
45366,45367,14,6,12,0,2016,4,9,5,3,0,3,0,0,0,1,0,1,0,0,8.3365E+20,5.66777E+21,1.37626E+16,5.10643E+16
45367,45368,14,5,24,330,2016,5,0,6,3,8,1,2,0,0,1,0,0,0,0,7.49964E+20,5.62857E+21,1.25441E+16,5.0755E+16
45368,45369,14,5,22,230,2016,4,7,3,2,2,7,0,0,0,1,0,0,0,0,7.92475E+20,5.64869E+21,1.31613E+16,5.09156E+16
45369,45370,14,5,24,170,2016,4,15,6,2,9,1,0,0,0,1,0,0,0,0,7.41349E+20,5.62071E+21,1.24171E+16,5.06881E+16
45370,45371,14,6,27,210,2016,4,18,2,2,0,7,0,0,0,1,0,0,0,0,8.21538E+20,5.6717E+21,1.35939E+16,5.11064E+16
45371,45372,14,5,24,260,2016,4,5,3,3,5,3,2,0,1,1,0,0,0,0,7.49147E+20,5.63876E+21,1.25395E+16,5.08468E+16
45372,45373,14,5,11,0,2016,4,15,6,2,2,6,0,0,0,1,0,1,0,0,7.80439E+20,5.63103E+21,1.2977E+16,5.07631E+16
45373,45374,14,6,27,310,2016,4,15,5,3,2,2,0,0,0,1,0,1,0,0,8.21111E+20,5.67799E+21,1.35934E+16,5.1163E+16
45374,45375,14,7,30,270,2016,4,7,2,3,5,3,0,0,0,1,0,0,0,0,7.24541E+20,5.7064E+21,1.22327E+16,5.14642E+16
45375,45376,14,6,27,190,2016,4,5,1,3,8,7,2,0,0,1,0,0,0,0,8.07578E+20,5.68804E+21,1.3409E+16,5.12606E+16
45376,45377,14,6,28,270,2016,4,5,4,3,7,7,1,0,0,0,0,1,0,0,8.50189E+20,5.65359E+21,1.39841E+16,5.09274E+16
45377,45378,14,6,28,270,2016,5,19,7,3,5,2,0,0,0,1,0,0,0,0,8.4502E+20,5.65758E+21,1.39146E+16,5.09663E+16
45378,45379,14,6,25,240,2016,4,13,7,3,2,6,0,0,0,1,0,0,0,1,8.64814E+20,5.71211E+21,1.42507E+16,5.14424E+16
45379,45380,14,7,13,0,2016,4,11,6,2,5,2,0,0,1,1,0,0,0,0,7.35645E+20,5.69028E+21,1.23816E+16,5.1315E+16
45380,45381,14,5,24,260,2016,4,14,5,3,9,7,0,0,0,1,0,0,0,0,7.50893E+20,5.63938E+21,1.25646E+16,5.08516E+16
45381,45382,14,6,25,220,2016,5,6,4,2,5,3,0,0,0,1,0,1,0,0,8.52374E+20,5.68784E+21,1.40485E+16,5.12329E+16
45382,45383,14,7,29,300,2016,4,16,1,2,8,1,0,0,0,0,0,1,0,0,7.47022E+20,5.68818E+21,1.25431E+16,5.12913E+16
45383,45384,14,5,22,180,2016,5,12,1,2,0,1,0,1,0,0,0,1,0,0,8.04657E+20,5.65044E+21,1.33356E+16,5.0925E+16
45384,45385,14,6,26,420,2016,5,16,5,3,3,6,0,0,0,1,0,0,0,0,9.15772E+20,5.66783E+21,1.49289E+16,5.10113E+16
45385,45386,14,6,12,0,2016,4,9,1,3,2,6,0,1,0,1,0,1,0,0,8.3229E+20,5.66563E+21,1.37413E+16,5.10459E+16
45386,45387,14,6,27,100,2016,5,10,7,2,2,6,0,0,0,1,0,1,0,0,8.11902E+20,5.66599E+21,1.34517E+16,5.10605E+16
45387,45388,14,6,25,240,2016,5,7,4,3,5,3,0,1,0,0,0,1,1,0,8.63351E+20,5.70991E+21,1.42275E+16,5.14236E+16
45388,45389,14,6,12,0,2016,5,19,3,3,6,6,0,0,1,0,1,0,0,0,8.3039E+20,5.66901E+21,1.37174E+16,5.10772E+16
45389,45390,14,6,28,270,2016,5,18,3,3,2,7,0,0,0,1,0,0,0,1,8.46228E+20,5.65668E+21,1.39309E+16,5.09574E+16
45390,45391,14,6,28,260,2016,4,11,6,2,1,5,0,0,1,1,0,0,0,0,8.65879E+20,5.66615E+21,1.42191E+16,5.10302E+16
45391,45392,14,7,13,0,2016,4,15,4,2,3,6,0,0,0,1,0,0,1,0,7.34041E+20,5.70082E+21,1.23655E+16,5.14103E+16
45392,45393,14,7,13,0,2016,4,15,3,3,5,2,0,0,0,1,0,0,0,1,7.36145E+20,5.70151E+21,1.23962E+16,5.14155E+16
45393,45394,14,6,28,160,2016,4,17,7,3,8,1,0,0,1,0,0,0,0,0,8.40101E+20,5.65895E+21,1.38461E+16,5.09815E+16
45394,45395,14,6,27,230,2016,4,9,6,3,4,2,0,0,0,1,0,0,0,0,8.00082E+20,5.69236E+21,1.33055E+16,5.13033E+16
45395,45396,14,5,23,460,2016,5,13,5,3,9,1,0,0,0,1,0,0,0,0,7.33431E+20,5.59296E+21,1.22877E+16,5.04422E+16
45396,45397,14,6,12,0,2016,4,13,4,3,5,3,0,0,1,1,0,0,0,0,8.34502E+20,5.67319E+21,1.37798E+16,5.11124E+16
45397,45398,14,6,12,0,2016,4,8,2,2,5,3,0,0,1,1,0,0,0,0,8.42737E+20,5.66174E+21,1.38862E+16,5.10049E+16
45398,45399,14,7,29,160,2016,4,18,3,2,3,6,0,0,0,0,0,1,0,0,7.70404E+20,5.68443E+21,1.28748E+16,5.1247E+16
45399,45400,14,7,13,0,2016,5,11,1,2,5,3,0,0,1,0,0,0,0,1,7.38582E+20,5.69452E+21,1.24265E+16,5.13518E+16
45400,45401,14,7,30,20,2016,4,14,1,3,8,1,0,0,0,1,0,0,0,0,7.45068E+20,5.71866E+21,1.25362E+16,5.15656E+16
45401,45402,14,7,30,30,2016,4,0,5,3,3,6,2,0,1,1,0,0,0,0,7.84861E+20,5.72364E+21,1.31129E+16,5.15916E+16
45402,45403,14,5,24,330,2016,4,22,4,3,5,3,2,0,0,1,0,0,0,0,7.42389E+20,5.6257E+21,1.2435E+16,5.07325E+16
45403,45404,14,6,26,520,2016,5,11,6,3,2,2,0,0,0,1,0,0,0,0,9.13505E+20,5.69055E+21,1.49228E+16,5.12161E+16
45404,45405,14,7,30,110,2016,4,6,2,3,1,2,0,0,0,1,0,0,0,1,7.52871E+20,5.70746E+21,1.26405E+16,5.14617E+16
45405,45406,14,5,22,150,2016,4,10,3,2,0,1,0,0,1,0,0,0,0,0,7.84216E+20,5.6479E+21,1.30435E+16,5.09126E+16
45406,45407,14,5,24,170,2016,4,16,7,3,2,6,0,0,0,1,0,0,0,0,7.42121E+20,5.62265E+21,1.24292E+16,5.07052E+16
45407,45408,14,5,24,160,2016,5,6,3,2,4,6,0,0,0,1,0,0,0,0,7.56417E+20,5.62703E+21,1.26343E+16,5.07383E+16
45408,45409,14,6,25,610,2016,4,15,1,2,2,6,0,0,0,0,0,1,0,0,8.95427E+20,5.68344E+21,1.46574E+16,5.11654E+16
45409,45410,14,5,21,220,2016,5,13,2,3,5,3,0,0,0,1,0,1,0,0,7.85876E+20,5.63079E+21,1.30537E+16,5.07583E+16
45410,45411,14,6,25,20,2016,5,6,5,2,8,7,0,0,0,1,0,0,0,0,8.79604E+20,5.68591E+21,1.44347E+16,5.11982E+16
45411,45412,14,6,26,60,2016,5,15,6,3,4,2,0,1,0,1,0,0,0,1,8.88079E+20,5.71049E+21,1.45822E+16,5.14124E+16
45412,45413,14,6,12,0,2016,5,9,4,2,5,3,0,0,0,1,0,0,0,0,8.29863E+20,5.67178E+21,1.37124E+16,5.11024E+16
45413,45414,14,5,23,120,2016,5,7,2,3,4,2,0,0,0,1,0,0,0,0,7.38935E+20,5.59656E+21,1.23674E+16,5.04723E+16
45414,45415,14,5,24,80,2016,5,21,2,2,0,7,2,0,0,0,0,1,0,0,7.54141E+20,5.63804E+21,1.26097E+16,5.08381E+16
45415,45416,14,5,23,170,2016,5,18,1,3,6,7,0,0,0,0,1,0,0,1,7.38645E+20,5.60764E+21,1.23704E+16,5.05718E+16
45416,45417,14,5,22,380,2016,4,12,7,3,8,1,0,1,0,1,0,0,0,0,7.63485E+20,5.64437E+21,1.27467E+16,5.08908E+16
45417,45418,14,7,29,400,2016,4,7,6,2,4,2,0,0,0,1,0,1,0,0,7.61853E+20,5.68856E+21,1.27556E+16,5.12881E+16
45418,45419,14,6,12,0,2016,5,16,4,2,1,1,0,0,1,1,0,0,0,0,8.2975E+20,5.66976E+21,1.3709E+16,5.10843E+16
45419,45420,14,6,26,370,2016,4,14,1,1,4,6,0,0,0,1,0,1,0,0,9.07389E+20,5.69618E+21,1.4842E+16,5.12709E+16
45420,45421,14,5,23,350,2016,5,17,7,2,8,1,0,0,0,1,0,0,0,0,7.12631E+20,5.59482E+21,1.19963E+16,5.04668E+16
45421,45422,14,6,25,240,2016,5,20,5,2,9,6,1,0,1,0,0,0,0,0,8.64043E+20,5.71023E+21,1.42378E+16,5.1426E+16
45422,45423,14,7,30,20,2016,4,17,7,3,2,2,0,0,0,1,0,0,0,0,7.49087E+20,5.72262E+21,1.25969E+16,5.15995E+16
45423,45424,14,5,23,10,2016,5,14,6,2,5,3,0,0,0,1,0,0,0,0,7.32519E+20,5.57921E+21,1.22664E+16,5.03191E+16
45424,45425,14,6,12,0,2016,5,14,4,2,9,1,0,1,0,1,0,0,0,0,8.31729E+20,5.66999E+21,1.37374E+16,5.10853E+16
45425,45426,14,5,21,20,2016,5,19,3,2,5,1,0,0,0,1,0,1,0,0,7.84048E+20,5.61024E+21,1.30121E+16,5.05748E+16
45426,45427,14,5,22,35,2016,5,15,3,3,0,1,0,0,1,0,0,0,0,0,8.11686E+20,5.64793E+21,1.34332E+16,5.08988E+16
45427,45428,14,5,21,170,2016,4,12,6,2,2,6,0,0,0,1,0,0,0,0,7.5595E+20,5.60147E+21,1.26101E+16,5.05092E+16
45428,45429,14,6,25,20,2016,5,13,2,2,8,1,0,0,0,1,0,0,0,0,8.76034E+20,5.68454E+21,1.43824E+16,5.11882E+16
45429,45430,14,6,12,0,2016,4,19,3,3,5,3,0,0,1,1,0,0,0,0,8.32683E+20,5.6663E+21,1.37475E+16,5.10517E+16
45430,45431,14,6,25,430,2016,4,17,7,2,1,6,0,0,0,1,0,0,0,0,8.38599E+20,5.68153E+21,1.38459E+16,5.11846E+16
45431,45432,14,5,21,590,2016,4,18,7,2,5,3,0,0,0,1,0,1,0,0,7.62812E+20,5.6191E+21,1.27191E+16,5.06643E+16
45432,45433,14,6,12,0,2016,4,16,6,3,3,2,0,0,1,1,0,0,0,0,8.32407E+20,5.66579E+21,1.37431E+16,5.10472E+16
45433,45434,14,7,13,0,2016,5,4,5,2,8,1,2,0,0,1,0,0,0,0,7.30528E+20,5.68313E+21,1.23037E+16,5.12529E+16
45434,45435,14,7,30,250,2016,4,23,5,3,4,7,2,0,0,1,0,0,0,0,7.34164E+20,5.70341E+21,1.2369E+16,5.14334E+16
45435,45436,14,6,27,210,2016,4,10,2,3,5,3,0,0,1,1,0,0,0,0,8.24353E+20,5.67201E+21,1.36342E+16,5.11076E+16
45436,45437,14,6,27,180,2016,4,9,3,3,8,1,0,1,0,1,0,0,0,0,8.05134E+20,5.67031E+21,1.33591E+16,5.11029E+16
45437,45438,14,6,27,170,2016,5,8,1,3,5,3,0,0,0,1,0,0,0,0,8.17731E+20,5.67933E+21,1.35464E+16,5.11769E+16
45438,45439,14,5,24,330,2016,4,10,7,3,0,6,0,0,0,1,0,0,0,0,7.46933E+20,5.6258E+21,1.24994E+16,5.07314E+16
45439,45440,14,7,13,0,2016,4,18,5,3,2,3,0,0,1,1,0,0,0,0,7.38298E+20,5.6945E+21,1.24224E+16,5.13517E+16
45440,45441,14,7,13,0,2016,4,9,4,3,5,3,0,0,0,1,0,0,0,0,7.27158E+20,5.69339E+21,1.2262E+16,5.13463E+16
45441,45442,14,6,28,300,2016,5,16,6,2,8,1,0,0,0,0,0,1,0,0,8.29652E+20,5.65235E+21,1.36918E+16,5.09284E+16
45442,45443,14,7,13,0,2016,4,17,2,3,2,6,0,0,0,1,0,1,0,0,7.40258E+20,5.69593E+21,1.24515E+16,5.13638E+16
45443,45444,14,5,23,320,2016,4,13,2,3,6,7,0,0,1,0,1,0,0,0,7.23397E+20,5.59808E+21,1.21497E+16,5.04921E+16
45444,45445,14,7,29,300,2016,4,21,7,2,9,1,2,0,0,1,0,0,0,0,7.50619E+20,5.68506E+21,1.25924E+16,5.12617E+16
45445,45446,14,6,28,250,2016,5,14,5,2,4,1,0,0,0,0,0,1,0,0,8.38726E+20,5.65069E+21,1.38189E+16,5.09082E+16
45446,45447,14,7,30,80,2016,5,9,3,3,2,6,0,0,0,1,0,0,0,0,7.56519E+20,5.70865E+21,1.26938E+16,5.14708E+16
45447,45448,14,6,26,290,2016,4,14,5,3,2,6,0,1,0,1,0,0,0,0,8.9657E+20,5.67563E+21,1.46651E+16,5.10947E+16
45448,45449,14,6,26,85,2016,5,9,1,3,2,6,0,0,0,1,0,0,0,1,8.93153E+20,5.66352E+21,1.46034E+16,5.09887E+16
45449,45450,14,6,25,190,2016,5,20,6,2,8,1,1,0,0,1,0,0,0,0,8.8152E+20,5.67976E+21,1.44555E+16,5.11419E+16
45450,45451,14,5,24,330,2016,5,16,3,3,0,6,0,1,0,1,0,1,0,0,7.46957E+20,5.62549E+21,1.24995E+16,5.07286E+16
45451,45452,14,6,26,245,2016,5,14,2,3,1,6,0,0,0,1,0,0,0,0,8.97473E+20,5.66305E+21,1.46641E+16,5.09815E+16
45452,45453,14,7,13,0,2016,5,13,2,3,5,2,0,0,1,0,0,0,0,1,7.34642E+20,5.69349E+21,1.23693E+16,5.13442E+16
45453,45454,14,5,24,70,2016,4,14,6,2,4,6,0,1,0,1,0,0,0,0,7.61005E+20,5.63133E+21,1.27023E+16,5.07749E+16
45454,45455,14,6,28,110,2016,4,16,4,2,5,2,0,1,0,1,0,1,0,0,8.26981E+20,5.65921E+21,1.36601E+16,5.09914E+16