FID,OBJECTID,ULAND,UREGBEZ,UKREIS,UGEMEINDE,UJAHR,UMONAT,USTUNDE,UWOCHENTAG,UKATEGORIE,UART,UTYP1,ULICHTVERH,IstStrasse,IstRad,IstPKW,IstFuss,IstKrad,IstGkfz,IstSonstig,LINREFX,LINREFY,XGCSWGS84,YGCSWGS84
45455,45456,14,6,12,0,2016,4,21,6,3,0,3,2,0,1,1,0,0,0,0,8.31627E+20,5.67093E+21,1.37368E+16,5.10938E+16
45456,45457,14,6,28,110,2016,5,6,5,3,5,2,0,0,1,0,0,0,0,1,8.2648E+20,5.66131E+21,1.36548E+16,5.10105E+16
45457,45458,14,5,21,150,2016,4,13,3,2,0,7,0,0,0,1,0,0,0,0,7.84536E+20,5.62262E+21,1.30285E+16,5.06857E+16
45458,45459,14,5,24,330,2016,4,5,1,3,8,1,1,0,0,1,0,0,0,0,7.44324E+20,5.62054E+21,1.2459E+16,5.06853E+16
45459,45460,14,7,13,0,2016,4,20,4,3,6,4,0,1,0,0,1,0,0,1,7.33767E+20,5.69316E+21,1.23566E+16,5.13416E+16
45460,45461,14,7,13,0,2016,4,15,2,3,2,6,0,0,0,1,0,0,1,0,7.3596E+20,5.69712E+21,1.23906E+16,5.13762E+16
45461,45462,14,5,21,470,2016,5,14,1,2,4,6,0,0,0,1,0,1,0,0,8.05736E+20,5.624E+21,1.33289E+16,5.06873E+16
45462,45463,14,5,24,20,2016,4,10,7,2,2,2,0,0,0,1,0,0,0,0,7.56866E+20,5.63663E+21,1.26474E+16,5.08243E+16
45463,45464,14,6,12,0,2016,4,17,7,3,2,6,0,1,0,1,0,0,0,0,8.32763E+20,5.66851E+21,1.37507E+16,5.10714E+16
45464,45465,14,6,27,100,2016,4,14,6,3,2,6,0,1,0,1,0,0,0,0,8.09496E+20,5.66588E+21,1.34174E+16,5.10608E+16
45465,45466,14,5,24,330,2016,5,6,4,2,9,7,0,0,0,1,0,0,0,0,7.4709E+20,5.62372E+21,1.25002E+16,5.07127E+16
45466,45467,14,5,21,30,2016,4,16,4,3,5,2,0,0,0,1,0,0,0,0,7.62233E+20,5.6103E+21,1.27047E+16,5.05856E+16
45467,45468,14,6,26,370,2016,4,22,6,2,5,2,2,0,0,1,0,1,0,0,9.04884E+20,5.69863E+21,1.48091E+16,5.12946E+16
45468,45469,14,5,22,440,2016,4,12,6,3,5,2,0,0,0,1,0,1,0,0,7.9279E+20,5.64755E+21,1.31649E+16,5.09052E+16
45469,45470,14,6,25,20,2016,5,16,5,3,2,6,0,0,0,1,0,1,0,0,8.78863E+20,5.68191E+21,1.442E+16,5.11628E+16
45470,45471,14,5,23,190,2016,5,4,1,2,6,6,2,0,0,1,1,0,0,0,7.27517E+20,5.60931E+21,1.22146E+16,5.05913E+16
45471,45472,14,6,27,140,2016,4,15,3,3,5,2,0,0,0,1,0,1,0,0,8.14575E+20,5.67807E+21,1.35003E+16,5.11674E+16
45472,45473,14,6,12,0,2016,4,10,2,3,2,6,0,0,1,1,0,0,0,0,8.31808E+20,5.66761E+21,1.37363E+16,5.10639E+16
45473,45474,14,6,12,0,2016,4,18,5,3,5,2,0,0,0,1,0,0,0,0,8.35247E+20,5.67471E+21,1.37918E+16,5.11256E+16
45474,45475,14,6,27,60,2016,4,7,2,3,2,6,0,0,0,1,0,0,0,1,8.14871E+20,5.69121E+21,1.3516E+16,5.1285E+16
45475,45476,14,5,21,20,2016,4,7,3,3,2,7,0,1,0,1,0,0,0,0,7.8419E+20,5.61179E+21,1.30153E+16,5.05887E+16
45476,45477,14,6,12,0,2016,5,14,1,3,5,3,0,0,0,1,0,0,0,0,8.3089E+20,5.66645E+21,1.37222E+16,5.10541E+16
45477,45478,14,7,29,60,2016,4,18,7,3,2,6,0,0,0,1,0,0,0,0,7.45169E+20,5.69517E+21,1.25214E+16,5.13548E+16
45478,45479,14,6,25,190,2016,4,15,6,3,5,3,0,0,1,1,0,0,0,0,8.80627E+20,5.67772E+21,1.44407E+16,5.11242E+16
45479,45480,14,6,25,550,2016,4,7,5,3,9,7,0,0,0,1,0,0,0,0,8.41529E+20,5.70271E+21,1.39079E+16,5.13727E+16
45480,45481,14,6,27,180,2016,5,14,5,3,1,7,0,0,0,1,0,0,0,0,7.97262E+20,5.65954E+21,1.32381E+16,5.10104E+16
45481,45482,14,6,28,270,2016,4,9,4,3,2,6,0,0,0,1,0,0,0,0,8.46472E+20,5.65838E+21,1.3936E+16,5.09725E+16
45482,45483,14,6,12,0,2016,5,17,6,2,5,3,0,0,1,1,0,0,0,0,8.32551E+20,5.666E+21,1.37454E+16,5.1049E+16
45483,45484,14,6,27,10,2016,4,11,2,2,5,2,0,0,1,1,0,0,0,0,8.20479E+20,5.67424E+21,1.3581E+16,5.11298E+16
45484,45485,14,7,13,0,2016,4,11,2,3,2,6,0,0,0,1,0,0,0,0,7.36205E+20,5.69382E+21,1.2392E+16,5.13465E+16
45485,45486,14,5,22,230,2016,5,10,5,2,2,6,0,0,0,1,0,0,0,0,7.89483E+20,5.65698E+21,1.31255E+16,5.09915E+16
45486,45487,14,6,26,400,2016,5,9,3,3,0,3,0,0,0,1,0,1,0,0,9.06342E+20,5.6522E+21,1.47777E+16,5.08782E+16
45487,45488,14,7,29,160,2016,4,14,5,3,2,6,0,0,0,1,0,0,0,0,7.7108E+20,5.68313E+21,1.28835E+16,5.12351E+16
45488,45489,14,6,28,390,2016,4,9,5,2,9,1,0,1,0,1,0,0,0,0,8.5434E+20,5.65381E+21,1.40432E+16,5.09268E+16
45489,45490,14,6,27,260,2016,5,1,1,2,6,6,2,0,1,0,1,0,0,0,7.94507E+20,5.68258E+21,1.32177E+16,5.12185E+16
45490,45491,14,6,28,270,2016,5,14,6,3,2,6,0,1,0,1,0,0,0,0,8.46605E+20,5.65607E+21,1.39357E+16,5.09517E+16
45491,45492,14,7,30,300,2016,4,8,4,3,1,6,0,0,0,1,0,0,0,0,7.42302E+20,5.69727E+21,1.24817E+16,5.13749E+16
45492,45493,14,6,12,0,2016,5,7,2,3,3,7,0,0,0,1,0,0,1,0,8.28726E+20,5.66713E+21,1.3692E+16,5.10614E+16
45493,45494,14,7,13,0,2016,5,18,2,3,2,6,0,0,0,1,0,0,0,1,7.40261E+20,5.69592E+21,1.24515E+16,5.13637E+16
45494,45495,14,5,11,0,2016,4,16,4,3,4,2,0,0,1,1,0,0,0,0,7.73962E+20,5.64043E+21,1.28924E+16,5.08506E+16
45495,45496,14,7,29,300,2016,4,12,6,2,4,2,0,1,0,1,0,0,0,1,7.53904E+20,5.68806E+21,1.26415E+16,5.12872E+16
45496,45497,14,5,21,710,2016,4,7,4,3,9,1,0,0,0,1,0,0,0,0,7.75226E+20,5.62097E+21,1.28958E+16,5.06754E+16
45497,45498,14,6,12,0,2016,4,19,6,3,8,1,0,0,0,0,0,1,0,0,8.37583E+20,5.65873E+21,1.38102E+16,5.09809E+16
45498,45499,14,6,28,270,2016,4,12,5,3,2,6,0,0,0,1,0,0,0,0,8.4577E+20,5.65931E+21,1.39269E+16,5.09813E+16
45499,45500,14,7,13,0,2016,4,7,2,3,2,6,0,0,0,1,0,0,0,0,7.44844E+20,5.69196E+21,1.25145E+16,5.13262E+16
45500,45501,14,5,22,510,2016,4,12,1,3,8,1,0,0,0,1,0,0,0,0,7.92489E+20,5.67042E+21,1.3179E+16,5.11105E+16
45501,45502,14,6,26,600,2016,4,10,4,2,2,6,0,0,0,1,0,0,0,0,8.92319E+20,5.71982E+21,1.46532E+16,5.1493E+16
45502,45503,14,7,29,20,2016,5,13,7,2,8,1,0,0,0,0,0,1,0,0,7.50155E+20,5.68327E+21,1.25845E+16,5.12458E+16
45503,45504,14,7,29,150,2016,4,13,7,2,5,3,0,0,0,1,0,0,0,0,7.59804E+20,5.66213E+21,1.27072E+16,5.10518E+16
45504,45505,14,5,24,90,2016,4,16,6,3,2,7,0,0,0,1,0,0,0,0,7.61201E+20,5.62223E+21,1.26986E+16,5.06931E+16
45505,45506,14,5,11,0,2016,4,18,6,3,2,6,0,1,0,1,0,0,0,0,7.78146E+20,5.63689E+21,1.2949E+16,5.08168E+16
45506,45507,14,6,26,480,2016,5,13,4,3,8,6,0,0,0,0,0,1,1,0,9.13993E+20,5.7041E+21,1.49454E+16,5.1337E+16
45507,45508,14,7,29,370,2016,4,14,3,3,5,3,0,0,0,1,0,0,0,0,7.41988E+20,5.67718E+21,1.24636E+16,5.11947E+16
45508,45509,14,6,25,320,2016,4,3,1,3,9,7,2,0,0,1,0,0,0,0,8.47589E+20,5.6792E+21,1.39718E+16,5.11584E+16
45509,45510,14,6,25,590,2016,5,15,1,2,9,7,0,0,0,1,0,0,0,0,8.73273E+20,5.67227E+21,1.43304E+16,5.10802E+16
45510,45511,14,7,29,290,2016,5,15,5,3,4,1,0,0,0,1,0,1,0,0,7.57941E+20,5.65908E+21,1.26785E+16,5.10253E+16
45511,45512,14,6,26,310,2016,4,21,1,2,8,1,2,0,0,1,0,0,0,0,9.06811E+20,5.65944E+21,1.47924E+16,5.09426E+16
45512,45513,14,6,25,480,2016,5,13,7,2,0,1,0,0,0,0,0,1,0,0,8.4623E+20,5.67561E+21,1.3949E+16,5.11271E+16
45513,45514,14,6,26,410,2016,5,18,4,3,4,2,0,1,0,1,0,0,0,0,8.84527E+20,5.67233E+21,1.44904E+16,5.10733E+16
45514,45515,14,6,27,210,2016,5,7,3,2,5,2,0,0,1,0,0,0,0,1,8.27975E+20,5.67148E+21,1.36853E+16,5.11008E+16
45515,45516,14,6,26,600,2016,5,15,3,2,0,1,0,0,1,0,0,0,0,0,8.91054E+20,5.72093E+21,1.46363E+16,5.15038E+16
45516,45517,14,7,13,0,2016,4,12,6,3,5,3,0,0,0,1,0,1,0,0,7.28062E+20,5.6933E+21,1.22749E+16,5.13451E+16
45517,45518,14,5,22,50,2016,4,7,5,3,6,4,0,0,0,1,1,0,0,0,8.04741E+20,5.6441E+21,1.33315E+16,5.08681E+16
45518,45519,14,5,23,320,2016,4,16,4,3,2,6,0,0,0,1,0,0,0,0,7.22034E+20,5.60068E+21,1.21321E+16,5.05159E+16
45519,45520,14,5,22,350,2016,4,12,4,3,8,6,0,0,0,1,0,1,0,0,7.63966E+20,5.65273E+21,1.27596E+16,5.09656E+16
45520,45521,14,6,26,245,2016,4,3,7,3,9,1,2,0,0,1,0,0,0,0,8.98558E+20,5.66693E+21,1.46838E+16,5.10154E+16
45521,45522,14,7,13,0,2016,5,22,1,3,5,3,2,1,0,1,0,0,0,0,7.35178E+20,5.69355E+21,1.23771E+16,5.13445E+16
45522,45523,14,7,30,90,2016,5,13,5,2,5,2,0,0,1,0,0,0,0,0,7.64995E+20,5.73167E+21,1.28329E+16,5.16733E+16
45523,45524,14,5,11,0,2016,4,7,2,3,2,6,0,0,0,1,0,0,0,0,7.77594E+20,5.64027E+21,1.29438E+16,5.08474E+16
45524,45525,14,7,13,0,2016,5,21,4,3,1,6,2,0,0,1,0,1,0,0,7.33839E+20,5.69322E+21,1.23576E+16,5.13421E+16
45525,45526,14,6,28,270,2016,5,7,3,3,5,3,0,0,1,0,0,0,0,1,8.44277E+20,5.66078E+21,1.39071E+16,5.09954E+16
45526,45527,14,5,23,450,2016,5,8,3,3,9,6,0,0,0,1,0,0,0,0,7.12818E+20,5.58691E+21,1.19944E+16,5.03956E+16
45527,45528,14,7,30,230,2016,4,15,6,3,2,6,0,0,0,1,0,0,1,0,7.87416E+20,5.69023E+21,1.31226E+16,5.12907E+16
45528,45529,14,6,27,190,2016,4,11,5,2,6,5,0,0,0,0,1,0,1,0,8.06145E+20,5.69213E+21,1.33921E+16,5.1298E+16
45529,45530,14,5,11,0,2016,4,5,5,3,5,3,1,0,0,1,0,0,0,0,7.73519E+20,5.63666E+21,1.28833E+16,5.0817E+16
45530,45531,14,6,27,80,2016,4,13,4,3,5,3,0,0,0,1,0,0,0,0,8.06072E+20,5.67189E+21,1.33738E+16,5.11166E+16
45531,45532,14,5,24,170,2016,4,12,7,3,8,1,0,0,0,1,0,0,0,0,7.42776E+20,5.62004E+21,1.24368E+16,5.06815E+16
45532,45533,14,5,21,220,2016,5,16,6,2,5,3,0,0,1,1,0,0,0,0,7.85879E+20,5.63079E+21,1.30538E+16,5.07583E+16
45533,45534,14,6,25,20,2016,4,18,4,2,4,2,0,1,0,1,0,0,0,0,8.81789E+20,5.68618E+21,1.44662E+16,5.11991E+16
45534,45535,14,5,22,80,2016,5,10,2,3,5,2,0,0,0,0,0,1,0,1,7.87552E+20,5.67145E+21,1.31095E+16,5.11223E+16
45535,45536,14,6,12,0,2016,5,14,2,3,3,6,0,0,1,0,0,0,0,0,8.32434E+20,5.66585E+21,1.37436E+16,5.10478E+16
45536,45537,14,5,24,270,2016,4,9,3,2,5,3,0,1,0,1,0,0,0,0,7.46503E+20,5.63991E+21,1.25027E+16,5.08582E+16
45537,45538,14,6,12,0,2016,4,13,2,3,5,3,0,0,0,1,0,0,0,1,8.35524E+20,5.66179E+21,1.37838E+16,5.10096E+16
45538,45539,14,7,29,410,2016,4,16,3,2,0,3,0,0,1,1,0,0,0,0,7.60896E+20,5.69712E+21,1.27482E+16,5.13653E+16
45539,45540,14,5,21,310,2016,4,13,6,2,2,6,0,0,0,1,0,0,0,0,7.68428E+20,5.62984E+21,1.28062E+16,5.07581E+16
45540,45541,14,6,12,0,2016,4,7,5,3,5,3,0,0,1,1,0,0,0,0,8.31746E+20,5.67052E+21,1.37381E+16,5.109E+16
45541,45542,14,6,26,280,2016,4,15,2,3,2,6,0,0,0,1,0,1,0,0,8.99373E+20,5.65829E+21,1.46858E+16,5.09375E+16
45542,45543,14,6,12,0,2016,4,19,1,3,5,3,1,0,0,1,0,0,0,0,8.32541E+20,5.6669E+21,1.37461E+16,5.10572E+16
45543,45544,14,5,21,550,2016,5,12,7,3,4,1,0,0,0,1,0,0,0,0,7.68264E+20,5.60549E+21,1.27863E+16,5.05397E+16
45544,45545,14,6,27,60,2016,4,15,3,2,9,6,0,0,0,1,0,0,0,0,8.15133E+20,5.68968E+21,1.35184E+16,5.12711E+16
45545,45546,14,6,12,0,2016,4,9,7,3,2,6,0,0,0,1,0,0,0,1,8.30266E+20,5.6674E+21,1.37142E+16,5.10629E+16
45546,45547,14,6,25,250,2016,4,7,6,3,3,2,0,0,1,1,0,0,0,0,8.55307E+20,5.69273E+21,1.40951E+16,5.12748E+16
45547,45548,14,6,27,10,2016,5,7,4,3,5,3,0,0,1,1,0,0,0,0,8.20247E+20,5.67377E+21,1.35773E+16,5.11256E+16
45548,45549,14,6,28,270,2016,4,10,1,2,0,7,0,0,0,0,0,1,0,0,8.50371E+20,5.65329E+21,1.39864E+16,5.09246E+16
45549,45550,14,5,24,310,2016,5,4,7,3,0,7,1,0,0,1,0,0,0,0,7.52092E+20,5.61626E+21,1.25658E+16,5.06436E+16
45550,45551,14,6,25,250,2016,5,19,5,3,5,3,0,0,1,1,0,0,0,0,8.55144E+20,5.69255E+21,1.40926E+16,5.12733E+16
45551,45552,14,5,22,460,2016,4,16,1,2,9,1,0,0,0,1,0,0,0,0,7.60084E+20,5.64684E+21,1.27002E+16,5.09145E+16
45552,45553,14,5,23,300,2016,5,13,6,3,8,1,0,0,0,0,0,1,0,0,7.23631E+20,5.59059E+21,1.21485E+16,5.04247E+16
45553,45554,14,6,25,340,2016,5,14,4,2,5,3,0,1,0,1,0,0,0,0,8.82672E+20,5.69059E+21,1.44834E+16,5.1238E+16
45554,45555,14,5,21,460,2016,5,19,3,3,5,3,0,0,0,1,0,1,0,0,8.08441E+20,5.61958E+21,1.33634E+16,5.06463E+16
45555,45556,14,6,12,0,2016,5,12,3,3,2,6,0,0,0,1,0,1,0,0,8.31328E+20,5.66707E+21,1.3729E+16,5.10593E+16
45556,45557,14,6,27,150,2016,4,16,6,2,5,3,0,0,0,1,0,1,0,0,8.28259E+20,5.67364E+21,1.36913E+16,5.112E+16
45557,45558,14,6,25,580,2016,4,17,4,3,9,7,0,0,0,1,0,0,0,0,8.51097E+20,5.685E+21,1.40275E+16,5.12083E+16
45558,45559,14,6,25,480,2016,5,18,2,3,8,1,0,0,0,1,0,0,0,0,8.45768E+20,5.67157E+21,1.39386E+16,5.10911E+16
45559,45560,14,7,30,200,2016,4,1,3,1,8,1,2,0,0,0,0,0,1,0,7.7353E+20,5.68176E+21,1.29175E+16,5.12216E+16
45560,45561,14,6,27,150,2016,4,13,7,3,5,3,0,0,0,1,0,1,0,0,8.23848E+20,5.67787E+21,1.36323E+16,5.11604E+16
45561,45562,14,6,12,0,2016,4,7,6,2,6,4,0,0,0,1,1,0,0,0,8.30122E+20,5.66934E+21,1.37139E+16,5.10803E+16
45562,45563,14,7,29,70,2016,5,8,5,3,5,2,0,0,0,1,0,0,0,0,7.49871E+20,5.69246E+21,1.25868E+16,5.13285E+16
45563,45564,14,5,24,330,2016,4,15,5,3,3,3,0,1,0,1,0,1,0,0,7.45792E+20,5.62039E+21,1.24796E+16,5.06834E+16
45564,45565,14,6,28,50,2016,4,17,2,3,5,2,0,0,0,1,0,0,0,0,8.34371E+20,5.65981E+21,1.37656E+16,5.09925E+16
45565,45566,14,7,13,0,2016,4,10,3,3,2,6,0,1,0,1,0,0,0,0,7.33602E+20,5.69685E+21,1.23566E+16,5.13748E+16
45566,45567,14,6,25,30,2016,5,12,1,3,2,6,0,0,0,1,0,0,0,0,8.53172E+20,5.69965E+21,1.40715E+16,5.13382E+16
45567,45568,14,6,25,360,2016,4,11,1,2,3,6,0,1,1,0,0,0,0,0,8.72139E+20,5.69133E+21,1.4334E+16,5.12516E+16
45568,45569,14,7,29,190,2016,4,12,5,2,1,6,0,0,0,1,0,0,0,0,7.44082E+20,5.68513E+21,1.24989E+16,5.12652E+16
45569,45570,14,7,29,270,2016,4,14,4,3,5,3,0,0,0,1,0,0,0,1,7.21477E+20,5.68565E+21,1.21757E+16,5.1279E+16
45570,45571,14,5,21,460,2016,5,8,6,2,2,6,0,0,1,1,0,0,0,0,8.06365E+20,5.62132E+21,1.33355E+16,5.0663E+16
45571,45572,14,6,28,410,2016,4,9,4,2,0,7,0,0,1,0,0,0,0,0,8.18048E+20,5.66499E+21,1.35383E+16,5.10482E+16
45572,45573,14,7,29,250,2016,4,7,3,3,5,3,0,1,0,1,0,0,0,0,7.53105E+20,5.69476E+21,1.26348E+16,5.13477E+16
45573,45574,14,5,23,320,2016,4,15,1,2,4,2,0,0,0,1,0,0,0,0,7.19984E+20,5.60266E+21,1.21044E+16,5.05345E+16
45574,45575,14,6,25,430,2016,4,14,3,2,5,3,0,0,0,1,0,1,0,0,8.37798E+20,5.68203E+21,1.3835E+16,5.11896E+16
45575,45576,14,5,23,120,2016,4,13,5,3,5,3,0,0,0,1,0,0,0,0,7.3957E+20,5.59785E+21,1.23772E+16,5.04836E+16
45576,45577,14,5,22,20,2016,4,15,5,3,2,2,0,0,0,1,0,0,0,0,7.87321E+20,5.6378E+21,1.30796E+16,5.08205E+16
45577,45578,14,5,24,40,2016,5,14,6,2,4,6,0,0,0,1,0,0,0,0,7.47251E+20,5.60886E+21,1.24925E+16,5.05792E+16
45578,45579,14,5,11,0,2016,4,6,3,3,3,6,0,0,0,1,0,0,1,0,7.75652E+20,5.63654E+21,1.29134E+16,5.08148E+16
45579,45580,14,6,12,0,2016,4,13,3,2,9,1,0,0,0,1,0,0,0,0,8.31902E+20,5.67319E+21,1.37428E+16,5.11139E+16
45580,45581,14,5,23,310,2016,4,14,6,3,1,2,0,0,0,1,0,0,0,0,7.07553E+20,5.60285E+21,1.19293E+16,5.05407E+16
45581,45582,14,5,21,20,2016,5,12,4,3,5,3,0,0,0,1,0,0,0,0,7.85241E+20,5.61164E+21,1.303E+16,5.05869E+16
45582,45583,14,6,27,210,2016,4,16,1,2,0,1,0,0,1,0,0,0,0,0,8.2593E+20,5.67186E+21,1.36565E+16,5.11053E+16
45583,45584,14,6,26,520,2016,5,17,5,3,8,1,0,0,1,0,0,0,0,0,9.14695E+20,5.69008E+21,1.49392E+16,5.12111E+16
45584,45585,14,7,29,340,2016,5,13,6,3,0,1,0,0,1,0,0,0,0,0,7.54864E+20,5.68683E+21,1.26544E+16,5.12757E+16
45585,45586,14,6,12,0,2016,5,15,4,3,5,3,0,1,0,1,0,0,0,0,8.33786E+20,5.67359E+21,1.377E+16,5.11164E+16
45586,45587,14,5,24,330,2016,5,17,2,2,0,1,0,0,1,0,0,0,0,0,7.47333E+20,5.62413E+21,1.25039E+16,5.07163E+16
45587,45588,14,5,24,330,2016,5,7,2,3,5,3,0,0,1,1,0,0,0,0,7.45724E+20,5.62573E+21,1.24822E+16,5.07313E+16
45588,45589,14,5,22,540,2016,4,9,6,2,4,6,0,0,0,1,0,0,1,0,7.90241E+20,5.66034E+21,1.31389E+16,5.10212E+16
45589,45590,14,6,27,140,2016,5,20,2,3,3,6,0,0,0,0,0,1,0,0,8.13887E+20,5.67803E+21,1.34904E+16,5.11674E+16
45590,45591,14,6,25,60,2016,4,19,7,2,2,6,0,0,0,1,0,0,1,0,8.64767E+20,5.68483E+21,1.42222E+16,5.11981E+16
45591,45592,14,5,23,360,2016,4,16,6,3,6,6,0,0,0,1,1,0,0,0,7.42165E+20,5.60406E+21,1.24177E+16,5.05383E+16
45592,45593,14,6,12,0,2016,4,13,6,2,5,2,0,0,0,1,0,1,0,0,8.2963E+20,5.66397E+21,1.3702E+16,5.10325E+16
45593,45594,14,6,25,240,2016,5,7,5,2,5,3,0,0,1,1,0,0,0,0,8.6583E+20,5.71345E+21,1.42667E+16,5.14537E+16
45594,45595,14,5,24,330,2016,5,16,1,2,0,1,0,0,0,0,0,1,0,0,7.47359E+20,5.62432E+21,1.25044E+16,5.0718E+16
45595,45596,14,6,26,310,2016,4,13,5,3,5,3,0,0,0,1,0,1,0,0,9.035E+20,5.65684E+21,1.47427E+16,5.09218E+16
45596,45597,14,6,28,60,2016,4,15,2,3,5,3,0,0,0,1,0,0,0,0,8.28256E+20,5.6481E+21,1.36682E+16,5.0891E+16
45597,45598,14,6,12,0,2016,4,5,3,2,0,1,1,1,1,0,0,0,0,0,8.28175E+20,5.66716E+21,1.36842E+16,5.1062E+16
45598,45599,14,6,12,0,2016,5,19,1,3,2,6,0,0,0,1,0,0,0,0,8.31289E+20,5.66407E+21,1.37257E+16,5.10325E+16
45599,45600,14,5,23,280,2016,4,9,7,3,4,3,0,0,0,1,0,0,0,0,7.36188E+20,5.61582E+21,1.2341E+16,5.06463E+16
45600,45601,14,6,26,290,2016,4,18,6,3,2,6,0,1,0,1,0,0,0,0,8.95292E+20,5.67743E+21,1.46489E+16,5.11117E+16
45601,45602,14,7,29,170,2016,4,12,5,1,4,2,0,0,0,1,0,1,0,0,7.32767E+20,5.67055E+21,1.23276E+16,5.1139E+16
45602,45603,14,6,26,610,2016,4,16,4,3,7,7,0,0,0,0,0,1,0,0,9.13407E+20,5.66228E+21,1.48891E+16,5.09634E+16
45603,45604,14,6,12,0,2016,5,10,6,3,2,6,0,0,0,1,0,0,0,0,8.31099E+20,5.66844E+21,1.3727E+16,5.10718E+16
45604,45605,14,6,26,100,2016,4,20,2,3,7,7,2,0,0,1,0,0,0,0,8.92939E+20,5.72299E+21,1.46656E+16,5.1521E+16
45605,45606,14,7,29,70,2016,4,13,2,3,8,6,0,0,0,1,0,1,0,0,7.48078E+20,5.69294E+21,1.25615E+16,5.13335E+16
45606,45607,14,7,29,380,2016,4,11,7,3,0,2,0,0,0,0,0,1,0,1,7.61934E+20,5.70439E+21,1.27684E+16,5.14301E+16
45607,45608,14,5,22,490,2016,5,13,5,2,0,1,0,0,0,0,0,1,0,0,7.65312E+20,5.66129E+21,1.2785E+16,5.10417E+16
45608,45609,14,7,13,0,2016,5,8,3,3,4,2,0,0,0,1,0,1,0,0,7.3249E+20,5.69241E+21,1.23378E+16,5.13354E+16
45609,45610,14,6,25,350,2016,4,16,5,3,5,3,0,1,0,1,0,0,0,0,8.60547E+20,5.68951E+21,1.41667E+16,5.12427E+16
45610,45611,14,6,26,110,2016,5,19,1,3,2,6,0,0,0,1,0,0,0,0,9.17391E+20,5.67409E+21,1.49591E+16,5.10661E+16
45611,45612,14,6,25,130,2016,5,15,6,3,2,6,0,0,0,1,0,0,0,0,8.59585E+20,5.68707E+21,1.41506E+16,5.12215E+16
45612,45613,14,6,25,30,2016,5,22,6,2,8,1,2,0,0,0,0,1,0,0,8.5308E+20,5.70418E+21,1.40747E+16,5.13788E+16
45613,45614,14,7,29,430,2016,4,7,2,3,2,6,0,0,0,1,0,0,0,0,7.33571E+20,5.6788E+21,1.23444E+16,5.12127E+16
45614,45615,14,5,11,0,2016,4,4,3,2,2,6,2,0,0,1,0,0,0,0,7.76198E+20,5.64418E+21,1.29269E+16,5.08832E+16
45615,45616,14,7,29,230,2016,4,11,7,2,8,1,0,0,0,0,0,1,0,0,7.52558E+20,5.65544E+21,1.25994E+16,5.0995E+16
45616,45617,14,5,23,320,2016,5,14,3,2,0,7,0,0,0,1,0,1,0,1,7.24383E+20,5.59326E+21,1.21607E+16,5.04484E+16
45617,45618,14,6,28,50,2016,4,17,1,2,9,1,0,0,0,1,0,0,0,0,8.30176E+20,5.65597E+21,1.37025E+16,5.09605E+16
45618,45619,14,5,24,160,2016,5,12,1,3,2,3,0,0,1,1,0,0,0,0,7.56096E+20,5.62903E+21,1.26312E+16,5.07565E+16
45619,45620,14,6,27,100,2016,5,19,5,2,2,6,0,0,1,1,0,0,0,0,8.19796E+20,5.67201E+21,1.35693E+16,5.11102E+16
45620,45621,14,6,25,500,2016,5,20,6,3,8,1,2,1,0,1,0,0,0,0,8.6241E+20,5.69606E+21,1.41999E+16,5.13002E+16
45621,45622,14,5,11,0,2016,5,15,4,3,5,3,0,1,0,1,0,0,0,0,7.77609E+20,5.63721E+21,1.29417E+16,5.08199E+16
45622,45623,14,7,13,0,2016,5,6,2,3,4,2,0,0,0,1,0,1,0,0,7.34003E+20,5.69324E+21,1.236E+16,5.13422E+16
45623,45624,14,5,23,150,2016,5,8,2,2,0,1,0,0,1,0,0,0,0,0,7.4043E+20,5.61519E+21,1.24005E+16,5.06389E+16
45624,45625,14,7,29,50,2016,5,8,1,3,8,1,0,1,0,1,0,0,0,0,7.45553E+20,5.67097E+21,1.25103E+16,5.11375E+16
45625,45626,14,5,23,320,2016,4,19,6,3,6,7,0,0,0,1,1,0,0,0,7.22033E+20,5.59945E+21,1.21313E+16,5.05049E+16
45626,45627,14,6,26,520,2016,4,20,6,2,2,6,1,0,0,1,0,0,1,0,9.16371E+20,5.68878E+21,1.49615E+16,5.11983E+16
45627,45628,14,6,27,180,2016,4,7,6,3,5,3,0,0,1,1,0,0,0,0,8.00219E+20,5.66576E+21,1.32853E+16,5.10647E+16
45628,45629,14,5,11,0,2016,4,8,6,3,5,2,0,0,0,1,0,0,0,0,7.64519E+20,5.63645E+21,1.27557E+16,5.08192E+16
45629,45630,14,6,28,70,2016,5,13,5,3,8,1,0,0,0,1,0,0,0,0,8.46508E+20,5.65323E+21,1.39316E+16,5.09264E+16
45630,45631,14,6,27,220,2016,4,5,3,3,8,1,2,0,0,1,0,0,0,0,8.30341E+20,5.68527E+21,1.37316E+16,5.1223E+16
45631,45632,14,5,23,340,2016,4,12,1,3,4,2,0,0,0,1,0,1,0,0,7.34464E+20,5.61426E+21,1.23157E+16,5.0633E+16
45632,45633,14,5,22,260,2016,4,21,5,2,8,1,2,0,0,1,0,0,0,0,7.66292E+20,5.64304E+21,1.27856E+16,5.08776E+16
45633,45634,14,6,12,0,2016,4,9,2,3,5,2,0,0,1,1,0,0,0,0,8.32549E+20,5.66599E+21,1.37454E+16,5.1049E+16