FID,OBJECTID,ULAND,UREGBEZ,UKREIS,UGEMEINDE,UJAHR,UMONAT,USTUNDE,UWOCHENTAG,UKATEGORIE,UART,UTYP1,ULICHTVERH,IstStrasse,IstRad,IstPKW,IstFuss,IstKrad,IstGkfz,IstSonstig,LINREFX,LINREFY,XGCSWGS84,YGCSWGS84
45634,45635,14,5,24,30,2016,4,15,2,3,4,2,0,1,0,1,0,1,0,0,7.38517E+20,5.63532E+21,1.23865E+16,5.08204E+16
45635,45636,14,6,12,0,2016,5,18,1,1,2,1,0,0,0,1,0,1,0,0,8.43672E+20,5.66831E+21,1.39057E+16,5.10632E+16
45636,45637,14,6,25,360,2016,4,17,7,2,9,1,0,1,0,1,0,0,0,0,8.72711E+20,5.69267E+21,1.43435E+16,5.12632E+16
45637,45638,14,6,27,210,2016,4,22,6,3,8,1,2,1,0,1,0,0,0,0,8.24695E+20,5.67195E+21,1.3639E+16,5.11068E+16
45638,45639,14,6,25,90,2016,4,7,5,3,5,3,0,0,0,1,0,1,0,0,8.84525E+20,5.67649E+21,1.44948E+16,5.11105E+16
45639,45640,14,5,22,190,2016,5,8,5,2,5,3,0,0,0,1,0,0,0,0,7.73722E+20,5.66584E+21,1.29081E+16,5.10787E+16
45640,45641,14,6,12,0,2016,4,15,4,3,4,2,0,0,1,1,0,0,0,0,8.33418E+20,5.66989E+21,1.37613E+16,5.10834E+16
45641,45642,14,5,22,20,2016,5,9,6,2,8,1,0,0,0,1,0,0,0,0,7.86995E+20,5.63926E+21,1.30762E+16,5.08338E+16
45642,45643,14,6,12,0,2016,4,9,2,3,2,6,0,0,0,1,0,0,0,0,8.38931E+20,5.66493E+21,1.38351E+16,5.10357E+16
45643,45644,14,7,30,140,2016,4,14,2,3,8,1,0,0,0,0,0,1,0,0,7.46411E+20,5.70149E+21,1.25435E+16,5.1411E+16
45644,45645,14,5,24,330,2016,5,19,4,2,5,3,0,0,0,1,0,0,0,0,7.43779E+20,5.62427E+21,1.24537E+16,5.07191E+16
45645,45646,14,6,25,240,2016,5,17,3,2,5,3,0,0,1,1,0,0,0,0,8.61398E+20,5.7096E+21,1.41992E+16,5.14221E+16
45646,45647,14,6,25,500,2016,4,18,5,2,3,6,0,0,1,1,0,0,0,0,8.64148E+20,5.69871E+21,1.42275E+16,5.13228E+16
45647,45648,14,6,12,0,2016,4,16,5,3,5,2,0,0,1,1,0,0,0,0,8.32948E+20,5.66757E+21,1.37525E+16,5.10629E+16
45648,45649,14,6,25,600,2016,4,13,4,2,2,6,0,0,0,1,0,0,0,0,8.42866E+20,5.68023E+21,1.39055E+16,5.11705E+16
45649,45650,14,6,28,220,2016,5,14,1,3,0,7,0,0,0,1,0,1,0,0,8.36179E+20,5.65397E+21,1.37858E+16,5.09391E+16
45650,45651,14,6,27,100,2016,5,18,6,2,8,1,0,1,0,1,0,0,0,0,8.20258E+20,5.67158E+21,1.35755E+16,5.1106E+16
45651,45652,14,7,30,80,2016,4,6,4,3,8,1,0,1,0,1,0,0,0,0,7.58313E+20,5.70963E+21,1.27203E+16,5.14787E+16
45652,45653,14,6,12,0,2016,5,19,2,3,5,2,0,0,1,1,0,0,0,0,8.32291E+20,5.66564E+21,1.37414E+16,5.10459E+16
45653,45654,14,6,28,20,2016,5,19,2,3,4,6,0,0,0,1,0,0,0,0,8.48592E+20,5.64745E+21,1.39556E+16,5.08733E+16
45654,45655,14,5,11,0,2016,4,16,4,3,5,2,0,0,1,1,0,0,0,0,7.75505E+20,5.63796E+21,1.29124E+16,5.08277E+16
45655,45656,14,6,28,30,2016,4,14,2,2,2,5,0,0,0,1,0,0,0,0,8.62305E+20,5.6534E+21,1.41556E+16,5.09182E+16
45656,45657,14,5,24,150,2016,4,7,3,3,5,3,0,0,0,1,0,0,0,0,7.52591E+20,5.61441E+21,1.25716E+16,5.06268E+16
45657,45658,14,5,11,0,2016,4,14,6,3,2,6,0,0,0,1,0,0,0,0,7.74654E+20,5.63759E+21,1.29001E+16,5.08248E+16
45658,45659,14,6,27,140,2016,4,8,5,3,5,3,0,0,1,1,0,0,0,0,8.14009E+20,5.67799E+21,1.34921E+16,5.1167E+16
45659,45660,14,7,30,230,2016,4,15,2,2,5,3,0,0,0,1,0,0,0,0,7.85512E+20,5.6857E+21,1.30918E+16,5.1251E+16
45660,45661,14,6,25,290,2016,4,11,1,3,9,1,0,1,0,1,0,0,0,0,8.83258E+20,5.68302E+21,1.44837E+16,5.11699E+16
45661,45662,14,6,28,250,2016,4,12,4,3,4,6,0,0,0,1,0,0,0,0,8.41096E+20,5.65406E+21,1.38557E+16,5.0937E+16
45662,45663,14,6,27,360,2016,5,16,7,2,8,1,0,1,0,0,0,1,0,0,8.02443E+20,5.69457E+21,1.33412E+16,5.13218E+16
45663,45664,14,5,23,160,2016,4,9,4,3,1,1,0,0,0,1,0,0,0,0,7.46667E+20,5.58526E+21,1.24688E+16,5.03676E+16
45664,45665,14,6,25,60,2016,5,10,2,3,2,6,0,0,0,1,0,0,0,0,8.64554E+20,5.68479E+21,1.42191E+16,5.11979E+16
45665,45666,14,7,30,340,2016,5,11,2,2,9,1,0,0,0,1,0,0,0,0,7.22501E+20,5.70255E+21,1.2201E+16,5.14304E+16
45666,45667,14,6,12,0,2016,4,17,4,3,5,2,0,0,0,1,0,0,0,0,8.29703E+20,5.67484E+21,1.3713E+16,5.11299E+16
45667,45668,14,5,24,330,2016,4,15,6,3,2,6,0,0,0,1,0,0,0,0,7.4698E+20,5.62718E+21,1.25009E+16,5.07438E+16
45668,45669,14,5,21,340,2016,4,15,4,3,2,6,0,1,0,1,0,0,0,0,7.84904E+20,5.60664E+21,1.30214E+16,5.05422E+16
45669,45670,14,6,27,180,2016,4,19,6,3,2,6,0,0,0,1,0,0,0,0,8.05177E+20,5.6644E+21,1.33547E+16,5.10498E+16
45670,45671,14,6,12,0,2016,5,18,5,3,2,6,0,1,0,1,0,0,0,0,8.28268E+20,5.6672E+21,1.36856E+16,5.10623E+16
45671,45672,14,5,22,180,2016,4,11,3,3,0,1,0,0,1,0,0,0,0,0,8.03443E+20,5.64849E+21,1.33167E+16,5.09081E+16
45672,45673,14,7,30,70,2016,4,16,1,3,5,3,0,0,0,1,0,0,0,0,7.31369E+20,5.71442E+21,1.23361E+16,5.15334E+16
45673,45674,14,7,29,20,2016,4,10,4,3,5,3,0,0,0,1,0,0,0,0,7.47337E+20,5.68409E+21,1.25448E+16,5.12544E+16
45674,45675,14,5,22,330,2016,4,16,2,3,2,6,0,0,0,1,0,0,0,0,7.79606E+20,5.64716E+21,1.29775E+16,5.09083E+16
45675,45676,14,6,25,20,2016,4,8,2,2,5,3,0,0,0,1,0,0,1,0,8.77974E+20,5.68297E+21,1.44084E+16,5.11729E+16
45676,45677,14,5,23,440,2016,5,7,7,2,8,1,0,0,0,1,0,0,0,0,7.23444E+20,5.58535E+21,1.21428E+16,5.03777E+16
45677,45678,14,5,23,120,2016,4,9,7,3,5,3,0,0,0,1,0,0,0,0,7.39473E+20,5.59756E+21,1.23756E+16,5.0481E+16
45678,45679,14,5,21,400,2016,4,13,7,2,8,1,0,1,0,0,0,1,0,0,7.86433E+20,5.6128E+21,1.30477E+16,5.05967E+16
45679,45680,14,5,22,180,2016,4,16,6,3,2,6,0,1,0,1,0,0,1,0,8.04806E+20,5.64745E+21,1.33352E+16,5.08981E+16
45680,45681,14,7,29,270,2016,5,20,4,3,8,1,1,0,0,0,0,1,0,0,7.24347E+20,5.68364E+21,1.22156E+16,5.12599E+16
45681,45682,14,5,23,120,2016,4,19,3,2,5,3,0,0,0,1,0,0,0,0,7.38929E+20,5.59705E+21,1.23677E+16,5.04767E+16
45682,45683,14,6,25,450,2016,5,19,1,3,5,5,0,0,0,1,0,0,0,0,8.47983E+20,5.67946E+21,1.39777E+16,5.11605E+16
45683,45684,14,7,30,150,2016,5,16,5,2,8,1,0,0,0,0,0,1,0,0,7.38759E+20,5.7066E+21,1.24372E+16,5.14601E+16
45684,45685,14,5,21,620,2016,4,7,2,2,5,3,0,0,1,1,0,0,0,0,7.7196E+20,5.62393E+21,1.28518E+16,5.07034E+16
45685,45686,14,7,29,160,2016,5,13,7,3,9,1,0,0,1,0,0,0,0,0,7.64352E+20,5.67674E+21,1.27826E+16,5.11809E+16
45686,45687,14,7,13,0,2016,5,17,4,3,5,3,0,0,1,1,0,0,0,0,7.37892E+20,5.69022E+21,1.24137E+16,5.13134E+16
45687,45688,14,6,27,310,2016,5,16,3,2,8,1,0,0,0,1,0,0,0,0,8.19024E+20,5.67763E+21,1.35633E+16,5.1161E+16
45688,45689,14,5,24,140,2016,5,21,3,2,8,1,2,0,0,1,0,0,0,0,7.32423E+20,5.62888E+21,1.2296E+16,5.07651E+16
45689,45690,14,7,29,170,2016,4,16,6,3,4,6,0,0,0,1,0,0,0,0,7.3051E+20,5.67031E+21,1.22952E+16,5.11378E+16
45690,45691,14,6,27,100,2016,4,8,5,3,2,2,0,0,1,1,0,0,0,0,8.14761E+20,5.67024E+21,1.34961E+16,5.10971E+16
45691,45692,14,5,24,90,2016,4,19,4,3,8,1,2,1,0,1,0,0,0,0,7.6009E+20,5.62259E+21,1.26831E+16,5.06969E+16
45692,45693,14,6,12,0,2016,4,14,4,3,0,1,0,1,1,0,0,0,0,0,8.33578E+20,5.66773E+21,1.37616E+16,5.1064E+16
45693,45694,14,5,24,120,2016,4,23,7,2,5,3,2,0,0,1,0,1,0,0,7.62111E+20,5.63463E+21,1.27203E+16,5.0804E+16
45694,45695,14,5,22,150,2016,5,11,6,2,2,1,0,0,0,1,0,0,0,0,7.83234E+20,5.64846E+21,1.303E+16,5.09182E+16
45695,45696,14,6,28,140,2016,4,10,4,3,0,7,0,0,0,1,0,1,0,0,8.59023E+20,5.65231E+21,1.41081E+16,5.09105E+16
45696,45697,14,5,11,0,2016,5,11,2,3,2,6,0,0,0,1,0,0,0,0,7.7167E+20,5.63662E+21,1.28571E+16,5.08174E+16
45697,45698,14,7,30,310,2016,4,10,3,3,8,1,0,1,0,1,0,0,0,0,7.7643E+20,5.71957E+21,1.29883E+16,5.15593E+16
45698,45699,14,6,12,0,2016,4,12,2,2,6,4,0,0,0,1,1,0,0,0,8.31661E+20,5.66383E+21,1.37308E+16,5.10301E+16
45699,45700,14,7,13,0,2016,4,15,3,3,2,2,0,0,0,1,0,0,0,0,7.40767E+20,5.69448E+21,1.24578E+16,5.13505E+16
45700,45701,14,5,24,330,2016,4,5,5,3,6,4,2,0,0,0,1,0,0,1,7.44232E+20,5.62424E+21,1.24601E+16,5.07186E+16
45701,45702,14,6,12,0,2016,4,15,5,3,0,7,0,1,1,1,0,0,0,0,8.32664E+20,5.66761E+21,1.37485E+16,5.10634E+16
45702,45703,14,6,25,20,2016,4,15,2,3,2,6,0,0,0,1,0,0,0,0,8.7993E+20,5.68402E+21,1.44374E+16,5.1181E+16
45703,45704,14,5,22,320,2016,5,14,7,2,8,1,0,0,0,0,0,1,0,0,7.95444E+20,5.63591E+21,1.31931E+16,5.07995E+16
45704,45705,14,6,12,0,2016,4,14,3,3,5,3,0,0,0,1,0,0,0,0,8.38899E+20,5.6752E+21,1.38442E+16,5.11277E+16
45705,45706,14,5,11,0,2016,4,23,7,3,5,3,2,0,0,1,0,0,0,0,7.80421E+20,5.64452E+21,1.29871E+16,5.08841E+16
45706,45707,14,6,12,0,2016,5,18,4,3,5,3,0,0,0,1,0,0,0,1,8.28063E+20,5.66714E+21,1.36826E+16,5.10618E+16
45707,45708,14,6,28,130,2016,4,14,1,3,2,2,0,0,0,1,0,1,0,0,8.3868E+20,5.647E+21,1.38148E+16,5.08752E+16
45708,45709,14,5,23,60,2016,5,9,7,3,0,6,0,0,0,0,0,1,0,1,7.21351E+20,5.58579E+21,1.21137E+16,5.03825E+16
45709,45710,14,6,25,330,2016,5,17,5,2,0,1,0,0,1,0,0,0,0,0,8.74735E+20,5.70084E+21,1.4381E+16,5.1335E+16
45710,45711,14,5,24,90,2016,4,22,7,3,3,6,2,0,0,1,0,0,0,0,7.60689E+20,5.62196E+21,1.26912E+16,5.06909E+16
45711,45712,14,5,24,330,2016,5,8,6,3,6,4,0,0,0,1,1,0,0,0,7.43906E+20,5.62422E+21,1.24555E+16,5.07185E+16
45712,45713,14,6,12,0,2016,5,16,4,3,5,2,0,1,1,1,0,0,0,0,8.30435E+20,5.67089E+21,1.37198E+16,5.10941E+16
45713,45714,14,6,26,290,2016,4,20,7,3,2,6,2,1,0,1,0,0,0,0,8.96827E+20,5.67666E+21,1.46699E+16,5.11037E+16
45714,45715,14,7,13,0,2016,4,18,6,3,5,2,0,0,1,1,0,0,0,0,7.35855E+20,5.69371E+21,1.23869E+16,5.13457E+16
45715,45716,14,5,11,0,2016,4,16,6,3,2,6,0,0,0,1,0,1,0,0,7.779E+20,5.6386E+21,1.29468E+16,5.08322E+16
45716,45717,14,6,25,610,2016,5,16,4,3,5,3,0,0,0,1,0,0,0,0,8.92649E+20,5.6859E+21,1.46205E+16,5.11893E+16
45717,45718,14,6,27,60,2016,4,7,3,3,5,3,0,0,0,1,0,0,0,0,8.20706E+20,5.69329E+21,1.36013E+16,5.13004E+16
45718,45719,14,6,12,0,2016,4,16,1,3,5,2,0,0,0,1,0,0,0,0,8.30383E+20,5.6674E+21,1.37158E+16,5.10629E+16
45719,45720,14,6,27,140,2016,5,11,1,3,7,1,0,1,0,1,0,0,0,0,8.12849E+20,5.67835E+21,1.34759E+16,5.11708E+16
45720,45721,14,7,30,30,2016,5,12,5,2,8,1,0,0,0,0,0,1,0,0,7.79916E+20,5.72715E+21,1.30445E+16,5.16256E+16
45721,45722,14,6,12,0,2016,4,21,1,2,6,4,2,0,0,1,1,0,0,0,8.3039E+20,5.66901E+21,1.37174E+16,5.10772E+16
45722,45723,14,6,28,370,2016,5,10,7,3,5,3,0,0,0,1,0,1,0,0,8.52341E+20,5.65719E+21,1.40181E+16,5.09584E+16
45723,45724,14,6,25,430,2016,5,15,4,2,0,1,0,1,1,0,0,0,0,0,8.36659E+20,5.68121E+21,1.3818E+16,5.1183E+16
45724,45725,14,6,28,60,2016,5,10,3,2,3,6,0,0,1,1,0,0,0,0,8.28407E+20,5.64509E+21,1.36676E+16,5.0864E+16
45725,45726,14,6,28,360,2016,5,15,3,2,4,1,0,0,0,1,0,1,0,0,8.68936E+20,5.6612E+21,1.42575E+16,5.09839E+16
45726,45727,14,6,25,120,2016,4,16,6,3,9,7,0,0,0,1,0,0,0,1,8.5333E+20,5.71632E+21,1.40904E+16,5.14874E+16
45727,45728,14,5,23,90,2016,4,7,4,3,2,2,0,1,0,1,0,0,0,0,7.40156E+20,5.59774E+21,1.23854E+16,5.04824E+16
45728,45729,14,7,30,20,2016,4,16,3,2,5,2,0,0,0,1,0,0,1,0,7.45846E+20,5.71808E+21,1.2547E+16,5.15601E+16
45729,45730,14,6,25,525,2016,4,16,7,3,2,2,0,0,0,1,0,1,0,0,8.81142E+20,5.67557E+21,1.44457E+16,5.11045E+16
45730,45731,14,5,23,300,2016,5,14,5,2,5,3,0,0,0,1,0,1,0,0,7.25773E+20,5.59008E+21,1.21783E+16,5.04193E+16
45731,45732,14,6,12,0,2016,4,9,4,3,0,7,0,0,1,1,0,0,0,0,8.29324E+20,5.66518E+21,1.36988E+16,5.10436E+16
45732,45733,14,7,29,430,2016,4,16,3,3,9,1,0,0,0,1,0,0,0,0,7.31987E+20,5.68261E+21,1.23242E+16,5.12476E+16
45733,45734,14,7,30,110,2016,5,16,1,2,4,6,0,0,0,1,0,0,0,0,7.53258E+20,5.70665E+21,1.26455E+16,5.14543E+16
45734,45735,14,7,29,160,2016,4,10,1,2,9,1,0,0,0,1,0,0,0,0,7.55641E+20,5.68709E+21,1.26657E+16,5.12777E+16
45735,45736,14,6,28,190,2016,4,14,3,2,9,1,0,0,0,0,0,1,0,0,8.5666E+20,5.66053E+21,1.40826E+16,5.09856E+16
45736,45737,14,5,23,120,2016,4,16,5,2,5,2,0,0,0,1,0,1,0,0,7.37617E+20,5.5966E+21,1.23489E+16,5.04731E+16
45737,45738,14,5,21,310,2016,4,6,5,2,2,1,0,0,0,1,0,0,0,0,7.68255E+20,5.62951E+21,1.28035E+16,5.07552E+16
45738,45739,14,6,25,240,2016,5,16,6,3,2,6,0,0,0,1,0,0,0,0,8.62836E+20,5.70997E+21,1.42202E+16,5.14245E+16
45739,45740,14,5,24,330,2016,4,8,2,2,3,2,0,0,1,1,0,0,0,0,7.45085E+20,5.62058E+21,1.24698E+16,5.06853E+16
45740,45741,14,5,21,710,2016,4,18,3,3,5,3,0,0,0,1,0,0,0,0,7.70554E+20,5.61548E+21,1.28258E+16,5.06283E+16
45741,45742,14,5,22,620,2016,5,7,4,2,2,2,0,0,0,1,0,0,0,0,7.89511E+20,5.67695E+21,1.31418E+16,5.11705E+16
45742,45743,14,6,12,0,2016,4,4,1,3,6,4,2,0,0,0,1,0,0,1,8.31654E+20,5.66432E+21,1.37311E+16,5.10345E+16
45743,45744,14,6,25,290,2016,5,20,5,2,0,1,2,0,1,0,0,0,0,0,8.84106E+20,5.68273E+21,1.44955E+16,5.11667E+16
45744,45745,14,6,26,250,2016,5,14,6,3,0,7,0,0,1,0,0,0,0,0,8.9709E+20,5.72432E+21,1.47266E+16,5.15299E+16
45745,45746,14,6,12,0,2016,5,13,4,3,5,3,0,1,0,1,0,1,0,0,8.37855E+20,5.66629E+21,1.38211E+16,5.10486E+16
45746,45747,14,5,24,280,2016,5,8,2,3,2,6,0,0,0,1,0,0,0,0,7.56889E+20,5.63592E+21,1.26472E+16,5.08179E+16
45747,45748,14,5,24,160,2016,5,13,2,3,2,5,0,0,0,1,0,1,0,0,7.55776E+20,5.62998E+21,1.26273E+16,5.07651E+16
45748,45749,14,5,11,0,2016,4,14,6,2,5,3,0,0,0,1,0,1,0,0,7.77131E+20,5.62914E+21,1.29288E+16,5.07478E+16
45749,45750,14,5,21,270,2016,5,13,2,3,0,4,0,0,0,1,1,0,0,0,7.9301E+20,5.63234E+21,1.31558E+16,5.07687E+16
45750,45751,14,5,22,230,2016,4,10,7,3,8,1,0,1,0,1,0,0,0,0,7.94767E+20,5.65164E+21,1.31962E+16,5.09409E+16
45751,45752,14,7,30,80,2016,4,21,6,3,5,7,2,0,0,1,0,1,0,0,7.5851E+20,5.70826E+21,1.27221E+16,5.14664E+16
45752,45753,14,6,25,30,2016,4,6,6,3,9,1,0,0,0,1,0,0,0,0,8.53932E+20,5.70145E+21,1.40842E+16,5.13538E+16
45753,45754,14,5,22,150,2016,4,10,6,2,5,3,0,0,1,1,0,0,0,0,7.84552E+20,5.64714E+21,1.30477E+16,5.09056E+16
45754,45755,14,6,25,40,2016,5,5,5,2,7,7,1,0,1,0,0,0,0,0,8.63309E+20,5.68018E+21,1.41967E+16,5.11575E+16
45755,45756,14,5,21,590,2016,5,16,1,2,8,1,0,0,0,0,0,1,0,0,7.59906E+20,5.62889E+21,1.2685E+16,5.07535E+16
45756,45757,14,6,27,290,2016,4,10,2,2,3,2,0,0,0,1,0,0,0,0,8.35533E+20,5.68963E+21,1.38098E+16,5.12591E+16
45757,45758,14,6,12,0,2016,4,15,5,3,4,6,0,0,1,0,0,0,0,0,8.32183E+20,5.66374E+21,1.37381E+16,5.1029E+16
45758,45759,14,5,21,400,2016,4,7,2,3,5,3,0,0,0,1,0,0,0,0,7.88053E+20,5.6132E+21,1.30708E+16,5.05995E+16
45759,45760,14,6,12,0,2016,4,12,3,2,3,6,0,1,0,1,0,0,1,0,8.3223E+20,5.67512E+21,1.37492E+16,5.1131E+16
45760,45761,14,6,12,0,2016,5,15,1,3,2,6,0,0,0,1,0,0,0,0,8.25209E+20,5.66797E+21,1.36428E+16,5.10709E+16
45761,45762,14,7,13,0,2016,4,15,7,3,3,6,0,0,0,1,0,0,0,0,7.33293E+20,5.69297E+21,1.23497E+16,5.134E+16
45762,45763,14,5,11,0,2016,5,6,3,3,2,6,0,0,0,1,0,0,0,0,7.76598E+20,5.63803E+21,1.29279E+16,5.08278E+16
45763,45764,14,5,21,50,2016,5,6,3,3,0,7,0,0,0,0,0,1,0,0,7.60025E+20,5.61417E+21,1.26763E+16,5.06213E+16
45764,45765,14,5,22,510,2016,4,23,6,3,8,7,2,0,0,1,0,0,0,0,7.93403E+20,5.66463E+21,1.31873E+16,5.10581E+16
45765,45766,14,6,25,600,2016,5,15,2,3,2,6,0,0,0,1,0,0,0,0,8.41867E+20,5.68023E+21,1.38913E+16,5.1171E+16
45766,45767,14,6,26,290,2016,4,14,3,2,1,5,0,0,0,1,0,0,0,1,8.96577E+20,5.67589E+21,1.46655E+16,5.1097E+16
45767,45768,14,7,29,160,2016,4,9,7,3,5,3,0,1,0,1,0,0,0,0,7.58124E+20,5.68212E+21,1.26976E+16,5.1232E+16
45768,45769,14,6,12,0,2016,4,20,7,3,5,3,2,0,0,1,0,0,0,0,8.34423E+20,5.66812E+21,1.3774E+16,5.1067E+16
45769,45770,14,6,12,0,2016,4,11,6,3,0,7,0,0,1,0,0,0,0,0,8.3168E+20,5.66734E+21,1.37342E+16,5.10616E+16
45770,45771,14,7,13,0,2016,5,7,5,3,0,7,0,0,0,1,0,0,0,1,7.29916E+20,5.69299E+21,1.23013E+16,5.13416E+16
45771,45772,14,7,29,160,2016,4,16,5,3,2,6,0,0,0,1,0,1,0,0,7.59985E+20,5.68282E+21,1.27247E+16,5.12374E+16
45772,45773,14,5,22,20,2016,4,21,2,3,9,1,2,0,0,1,0,0,0,0,7.86533E+20,5.63782E+21,1.30685E+16,5.0821E+16
45773,45774,14,6,25,20,2016,4,10,3,3,5,3,0,0,0,1,0,0,0,0,8.8019E+20,5.68398E+21,1.4441E+16,5.11805E+16
45774,45775,14,6,28,190,2016,5,21,1,2,9,1,1,0,0,0,0,1,0,0,8.58106E+20,5.66047E+21,1.41031E+16,5.09842E+16
45775,45776,14,5,22,200,2016,4,16,1,2,5,3,0,1,0,1,0,0,0,0,8.02261E+20,5.62991E+21,1.32847E+16,5.07421E+16
45776,45777,14,7,13,0,2016,4,12,5,3,3,6,0,0,0,1,0,0,1,0,7.30066E+20,5.6931E+21,1.23035E+16,5.13425E+16
45777,45778,14,7,13,0,2016,4,19,4,2,6,7,1,0,0,1,1,0,0,0,7.34153E+20,5.69329E+21,1.23622E+16,5.13426E+16
45778,45779,14,6,27,30,2016,5,16,6,3,5,3,0,0,0,1,0,0,0,0,8.25459E+20,5.68972E+21,1.3666E+16,5.12657E+16
45779,45780,14,7,13,0,2016,4,11,2,3,2,6,0,0,0,1,0,0,0,0,7.28043E+20,5.68424E+21,1.22688E+16,5.12638E+16
45780,45781,14,5,23,80,2016,4,16,2,3,8,1,0,0,0,0,0,1,0,0,7.23312E+20,5.58037E+21,1.2138E+16,5.0333E+16
45781,45782,14,7,29,340,2016,4,11,7,2,2,2,0,0,0,1,0,1,0,0,7.5258E+20,5.68551E+21,1.26207E+16,5.12649E+16
45782,45783,14,6,28,410,2016,5,9,5,3,0,1,0,0,0,0,0,1,0,0,8.13293E+20,5.65999E+21,1.34663E+16,5.1006E+16
45783,45784,14,7,30,230,2016,5,17,3,3,3,2,0,0,1,1,0,0,0,0,7.86542E+20,5.6928E+21,1.31122E+16,5.13142E+16
45784,45785,14,7,13,0,2016,4,14,5,2,0,7,0,1,0,0,0,1,0,0,7.31085E+20,5.69285E+21,1.23179E+16,5.13399E+16
45785,45786,14,7,30,300,2016,5,0,1,2,4,2,2,0,0,1,0,0,0,0,7.41903E+20,5.69701E+21,1.24758E+16,5.13728E+16
45786,45787,14,6,25,590,2016,5,10,6,3,8,1,0,0,0,1,0,0,0,0,8.73595E+20,5.67207E+21,1.43348E+16,5.10782E+16
45787,45788,14,5,24,330,2016,5,7,3,3,2,6,0,0,0,1,0,0,0,0,7.47287E+20,5.62061E+21,1.25009E+16,5.06847E+16
45788,45789,14,6,26,85,2016,5,14,2,3,4,1,0,0,0,1,0,0,0,0,8.91462E+20,5.66607E+21,1.45822E+16,5.10126E+16
45789,45790,14,7,29,50,2016,5,7,2,2,2,2,0,0,0,1,0,0,0,0,7.45994E+20,5.66725E+21,1.2514E+16,5.11039E+16
45790,45791,14,5,23,320,2016,4,17,6,3,5,3,0,0,0,0,0,1,0,1,7.2033E+20,5.60213E+21,1.21089E+16,5.05296E+16
45791,45792,14,6,28,220,2016,4,14,6,3,2,6,0,0,0,1,0,1,0,0,8.33214E+20,5.65451E+21,1.37443E+16,5.09457E+16
45792,45793,14,6,28,110,2016,5,15,5,3,2,6,0,0,0,1,0,0,0,0,8.23267E+20,5.65808E+21,1.36063E+16,5.09834E+16
45793,45794,14,5,22,180,2016,4,7,3,2,5,3,0,0,0,1,0,0,0,0,8.07461E+20,5.64708E+21,1.33725E+16,5.08934E+16
45794,45795,14,5,23,300,2016,4,11,1,2,2,6,0,0,0,1,0,1,0,0,7.23851E+20,5.58555E+21,1.21486E+16,5.03794E+16
45795,45796,14,7,29,50,2016,4,10,4,3,5,3,0,0,1,0,0,0,0,1,7.4512E+20,5.66983E+21,1.25033E+16,5.11274E+16
45796,45797,14,5,11,0,2016,4,8,2,2,3,2,0,0,1,1,0,0,0,0,7.71818E+20,5.64357E+21,1.28643E+16,5.08798E+16
45797,45798,14,7,13,0,2016,4,16,2,3,5,2,0,0,1,1,0,0,0,0,7.27215E+20,5.69772E+21,1.22656E+16,5.13852E+16
45798,45799,14,5,22,140,2016,5,15,1,2,0,1,0,0,0,0,0,1,0,0,7.87628E+20,5.64113E+21,1.30866E+16,5.08502E+16
45799,45800,14,5,23,300,2016,4,10,7,3,4,2,0,0,0,1,0,1,0,0,7.24589E+20,5.58921E+21,1.21612E+16,5.0412E+16
45800,45801,14,6,12,0,2016,4,10,7,3,2,2,0,0,0,1,0,0,0,0,8.31304E+20,5.66715E+21,1.37287E+16,5.10601E+16
45801,45802,14,6,12,0,2016,4,16,6,3,3,6,0,1,0,1,0,0,1,0,8.3665E+20,5.66053E+21,1.37986E+16,5.09976E+16
45802,45803,14,5,24,60,2016,5,10,4,3,9,7,0,0,0,1,0,0,0,0,7.37346E+20,5.61886E+21,1.23593E+16,5.06731E+16
45803,45804,14,6,27,310,2016,4,15,4,3,3,6,0,0,1,1,0,0,0,0,8.2156E+20,5.67798E+21,1.35998E+16,5.11627E+16
45804,45805,14,5,22,510,2016,5,4,1,3,9,1,2,0,0,1,0,0,0,0,7.95949E+20,5.66857E+21,1.32268E+16,5.10921E+16
45805,45806,14,5,22,230,2016,5,9,6,2,5,3,0,0,0,1,0,0,0,0,7.88209E+20,5.65582E+21,1.31064E+16,5.09817E+16
45806,45807,14,5,21,120,2016,4,20,2,3,8,1,1,0,0,1,0,0,0,0,7.7707E+20,5.62868E+21,1.29276E+16,5.07437E+16
45807,45808,14,7,29,430,2016,4,22,2,2,5,2,2,0,0,1,0,1,0,0,7.32688E+20,5.67783E+21,1.23311E+16,5.12044E+16
45808,45809,14,7,30,110,2016,5,12,4,3,3,2,0,0,1,1,0,0,0,0,7.54542E+20,5.70756E+21,1.26646E+16,5.14619E+16
45809,45810,14,6,28,260,2016,5,10,3,2,5,2,0,0,0,1,0,0,0,0,8.66865E+20,5.66557E+21,1.42325E+16,5.10243E+16
45810,45811,14,5,24,330,2016,5,6,3,2,2,6,0,0,0,1,0,0,0,0,7.48325E+20,5.62241E+21,1.25168E+16,5.07004E+16
45811,45812,14,6,25,30,2016,4,15,5,2,6,4,0,0,0,1,1,0,0,0,8.50101E+20,5.70123E+21,1.40292E+16,5.13542E+16
45812,45813,14,6,12,0,2016,4,7,5,3,0,3,0,0,1,0,0,0,0,1,8.31696E+20,5.66295E+21,1.37304E+16,5.10222E+16