FID,OBJECTID,ULAND,UREGBEZ,UKREIS,UGEMEINDE,UJAHR,UMONAT,USTUNDE,UWOCHENTAG,UKATEGORIE,UART,UTYP1,ULICHTVERH,IstStrasse,IstRad,IstPKW,IstFuss,IstKrad,IstGkfz,IstSonstig,LINREFX,LINREFY,XGCSWGS84,YGCSWGS84
45813,45814,14,6,26,140,2016,4,14,6,3,5,3,0,1,0,1,0,0,0,0,8.9796E+20,5.65337E+21,1.46605E+16,5.08945E+16
45814,45815,14,7,29,80,2016,4,14,5,2,8,1,0,0,0,1,0,1,0,0,7.62026E+20,5.67355E+21,1.27471E+16,5.11533E+16
45815,45816,14,6,25,525,2016,4,16,4,3,5,3,0,0,0,1,0,0,0,0,8.7986E+20,5.67438E+21,1.44262E+16,5.10948E+16
45816,45817,14,6,12,0,2016,5,19,6,3,2,6,0,0,1,1,0,0,0,0,8.37677E+20,5.66802E+21,1.38201E+16,5.10641E+16
45817,45818,14,6,27,210,2016,4,15,2,3,2,2,0,0,0,1,0,1,0,0,8.24063E+20,5.67318E+21,1.36311E+16,5.11182E+16
45818,45819,14,7,29,430,2016,4,14,2,3,2,6,0,0,0,1,0,0,0,1,7.33453E+20,5.67868E+21,1.23426E+16,5.12117E+16
45819,45820,14,5,22,230,2016,5,10,5,2,2,6,0,0,0,1,0,0,0,0,7.89283E+20,5.65696E+21,1.31226E+16,5.09914E+16
45820,45821,14,7,13,0,2016,5,10,3,3,6,4,0,0,0,0,1,0,0,1,7.36974E+20,5.69139E+21,1.24014E+16,5.13244E+16
45821,45822,14,7,29,245,2016,4,19,5,2,3,6,0,0,1,0,0,0,0,1,7.68839E+20,5.7018E+21,1.28656E+16,5.14036E+16
45822,45823,14,6,25,20,2016,4,5,5,2,4,2,1,1,0,1,0,0,0,0,8.74437E+20,5.68455E+21,1.43597E+16,5.11894E+16
45823,45824,14,6,28,190,2016,5,13,1,2,8,1,0,0,0,0,0,1,0,0,8.5773E+20,5.66028E+21,1.40976E+16,5.09827E+16
45824,45825,14,6,27,190,2016,5,16,6,3,5,2,0,0,0,1,0,1,0,0,8.05521E+20,5.69242E+21,1.33834E+16,5.13009E+16
45825,45826,14,7,13,0,2016,4,22,4,2,0,1,2,1,0,0,0,1,0,0,7.34049E+20,5.69325E+21,1.23607E+16,5.13422E+16
45826,45827,14,6,12,0,2016,5,7,2,3,5,3,0,0,1,0,0,0,1,0,8.29873E+20,5.66625E+21,1.37075E+16,5.10528E+16
45827,45828,14,7,13,0,2016,5,16,2,2,6,4,0,0,0,1,1,0,0,0,7.42269E+20,5.69473E+21,1.24795E+16,5.13521E+16
45828,45829,14,5,21,560,2016,4,13,4,3,0,7,0,1,0,0,0,0,0,1,7.83179E+20,5.60532E+21,1.29961E+16,5.05312E+16
45829,45830,14,7,29,160,2016,4,15,6,2,4,2,0,1,1,1,0,0,0,0,7.60283E+20,5.68486E+21,1.27304E+16,5.12556E+16
45830,45831,14,5,22,150,2016,4,21,4,3,9,1,2,1,0,1,0,0,0,0,7.83669E+20,5.64872E+21,1.30364E+16,5.09203E+16
45831,45832,14,6,12,0,2016,4,12,6,2,8,7,0,0,0,1,0,0,0,0,8.23435E+20,5.66434E+21,1.36143E+16,5.10394E+16
45832,45833,14,6,12,0,2016,5,10,5,3,5,3,0,0,1,1,0,0,0,0,8.31327E+20,5.66707E+21,1.3729E+16,5.10593E+16
45833,45834,14,6,25,290,2016,4,17,5,2,3,6,0,0,0,1,0,0,1,0,8.84513E+20,5.68257E+21,1.45011E+16,5.1165E+16
45834,45835,14,7,30,310,2016,4,15,2,3,5,3,0,0,1,1,0,0,0,0,7.77033E+20,5.71893E+21,1.29965E+16,5.15533E+16
45835,45836,14,7,29,270,2016,4,14,1,3,3,5,0,0,1,1,0,0,0,0,7.24684E+20,5.68858E+21,1.22235E+16,5.13042E+16
45836,45837,14,6,26,590,2016,4,15,4,3,2,6,0,0,0,1,0,0,0,0,8.96965E+20,5.72026E+21,1.47203E+16,5.14937E+16
45837,45838,14,6,25,600,2016,4,7,2,3,3,1,0,0,0,1,0,0,1,0,8.40308E+20,5.6802E+21,1.3869E+16,5.11717E+16
45838,45839,14,5,23,380,2016,5,18,7,2,8,1,0,0,1,0,0,0,0,0,7.48441E+20,5.60506E+21,1.25068E+16,5.05446E+16
45839,45840,14,7,30,170,2016,4,8,7,3,4,6,0,0,0,1,0,0,0,0,7.92077E+20,5.6892E+21,1.31884E+16,5.12791E+16
45840,45841,14,5,22,440,2016,4,14,7,2,5,3,0,1,0,1,0,0,0,0,7.94447E+20,5.64337E+21,1.3185E+16,5.08669E+16
45841,45842,14,5,11,0,2016,4,18,6,2,8,1,0,0,0,1,0,0,0,0,7.69867E+20,5.64022E+21,1.28342E+16,5.08506E+16
45842,45843,14,7,30,340,2016,5,18,4,2,5,3,0,0,1,1,0,0,0,0,7.24027E+20,5.71212E+21,1.2229E+16,5.15157E+16
45843,45844,14,7,29,50,2016,4,15,3,3,5,3,0,0,1,1,0,0,0,0,7.44358E+20,5.66947E+21,1.24922E+16,5.11245E+16
45844,45845,14,6,27,60,2016,4,8,1,2,4,6,0,0,0,1,0,0,1,0,8.175E+20,5.69329E+21,1.35554E+16,5.13022E+16
45845,45846,14,6,26,200,2016,5,1,1,3,9,7,2,0,1,0,0,0,0,0,9.09168E+20,5.69827E+21,1.48698E+16,5.12883E+16
45846,45847,14,7,29,40,2016,5,17,5,2,4,1,0,0,1,0,0,0,0,0,7.3642E+20,5.67953E+21,1.23856E+16,5.12181E+16
45847,45848,14,7,29,140,2016,4,7,1,2,9,1,0,1,0,1,0,0,0,0,7.51104E+20,5.66019E+21,1.2582E+16,5.10383E+16
45848,45849,14,7,13,0,2016,5,10,7,3,6,4,0,0,0,1,1,0,0,0,7.34629E+20,5.69704E+21,1.23715E+16,5.1376E+16
45849,45850,14,6,26,500,2016,5,7,4,3,4,6,0,1,0,1,0,0,0,0,9.12105E+20,5.67322E+21,1.4883E+16,5.10621E+16
45850,45851,14,6,12,0,2016,5,16,3,3,5,3,0,0,1,1,0,0,0,0,8.31746E+20,5.67052E+21,1.37381E+16,5.109E+16
45851,45852,14,7,13,0,2016,5,14,3,3,2,6,0,0,0,1,0,0,0,0,7.33858E+20,5.69319E+21,1.23579E+16,5.13418E+16
45852,45853,14,7,30,270,2016,4,8,6,3,4,2,0,0,0,1,0,0,0,0,7.24615E+20,5.69856E+21,1.22288E+16,5.13938E+16
45853,45854,14,5,22,440,2016,4,5,5,3,0,7,0,0,0,0,0,1,0,0,7.9285E+20,5.64716E+21,1.31654E+16,5.09017E+16
45854,45855,14,5,23,100,2016,4,10,4,3,5,3,0,0,0,1,0,0,0,0,7.25831E+20,5.6128E+21,1.21929E+16,5.06233E+16
45855,45856,14,5,21,120,2016,4,14,4,3,2,6,0,0,0,1,0,0,0,0,7.73909E+20,5.6253E+21,1.28804E+16,5.07149E+16
45856,45857,14,6,26,610,2016,4,22,7,2,5,3,2,0,1,0,0,1,0,0,9.11955E+20,5.65805E+21,1.48637E+16,5.09266E+16
45857,45858,14,5,22,420,2016,5,20,6,3,5,3,0,1,0,1,0,0,0,0,7.80676E+20,5.64427E+21,1.29905E+16,5.08818E+16
45858,45859,14,6,27,100,2016,4,5,4,3,0,7,1,0,0,1,0,0,0,0,8.10774E+20,5.67045E+21,1.34395E+16,5.11011E+16
45859,45860,14,7,29,160,2016,4,21,3,3,0,7,2,0,0,1,0,0,0,0,7.56794E+20,5.68462E+21,1.26804E+16,5.1255E+16
45860,45861,14,5,23,270,2016,4,21,1,2,2,6,2,0,0,1,0,0,0,1,7.29769E+20,5.60227E+21,1.2242E+16,5.05272E+16
45861,45862,14,7,29,30,2016,4,8,3,2,4,6,0,0,0,1,0,0,0,1,7.60245E+20,5.6934E+21,1.27361E+16,5.13323E+16
45862,45863,14,5,23,320,2016,4,15,5,3,2,7,0,0,0,1,0,0,0,0,7.24365E+20,5.59257E+21,1.216E+16,5.04422E+16
45863,45864,14,6,27,10,2016,4,12,4,3,5,3,0,0,1,1,0,0,0,0,8.20471E+20,5.67422E+21,1.35809E+16,5.11296E+16
45864,45865,14,6,27,100,2016,5,12,1,3,4,1,0,0,0,1,0,0,0,0,8.13375E+20,5.67257E+21,1.34784E+16,5.11187E+16
45865,45866,14,6,12,0,2016,5,16,6,1,4,1,0,1,0,1,0,0,0,0,8.36675E+20,5.66811E+21,1.3806E+16,5.10655E+16
45866,45867,14,6,26,110,2016,4,17,4,2,8,7,0,1,0,1,0,0,0,0,9.15514E+20,5.68121E+21,1.49406E+16,5.11312E+16
45867,45868,14,5,22,80,2016,5,16,2,2,5,3,0,0,1,1,0,0,0,0,7.86271E+20,5.67168E+21,1.30914E+16,5.11249E+16
45868,45869,14,6,12,0,2016,5,8,2,3,2,2,0,0,1,0,0,0,1,0,8.3089E+20,5.66645E+21,1.37222E+16,5.10541E+16
45869,45870,14,5,24,120,2016,4,18,3,3,2,6,0,0,0,1,0,0,0,0,7.62698E+20,5.6344E+21,1.27284E+16,5.08017E+16
45870,45871,14,6,27,10,2016,4,16,2,3,5,2,0,0,1,1,0,0,0,0,8.19856E+20,5.67384E+21,1.35718E+16,5.11265E+16
45871,45872,14,7,30,310,2016,4,22,3,3,6,6,2,0,0,1,1,0,0,0,7.75026E+20,5.7193E+21,1.29679E+16,5.15576E+16
45872,45873,14,5,11,0,2016,4,8,6,3,5,2,0,0,1,0,0,0,0,1,7.74861E+20,5.63767E+21,1.29031E+16,5.08254E+16
45873,45874,14,6,12,0,2016,4,12,5,3,5,3,0,0,0,1,0,0,0,0,8.28558E+20,5.66968E+21,1.3692E+16,5.10844E+16
45874,45875,14,7,29,80,2016,4,14,2,2,6,4,0,0,0,1,1,0,0,0,7.71879E+20,5.67038E+21,1.28853E+16,5.11203E+16
45875,45876,14,6,12,0,2016,4,11,1,3,5,3,0,1,1,1,0,0,0,0,8.35413E+20,5.67555E+21,1.37949E+16,5.1133E+16
45876,45877,14,6,12,0,2016,5,22,7,3,8,1,2,0,1,0,0,0,0,0,8.39107E+20,5.67536E+21,1.38474E+16,5.11291E+16
45877,45878,14,6,27,50,2016,4,10,7,2,0,1,0,0,0,0,0,1,0,0,8.08337E+20,5.70416E+21,1.34338E+16,5.14047E+16
45878,45879,14,6,26,410,2016,4,14,6,3,4,2,0,0,0,1,0,0,0,0,8.84463E+20,5.67245E+21,1.44896E+16,5.10745E+16
45879,45880,14,6,28,160,2016,5,13,4,3,2,6,0,0,0,1,0,0,0,1,8.42205E+20,5.65772E+21,1.38748E+16,5.09692E+16
45880,45881,14,5,22,440,2016,4,7,1,3,8,1,0,0,0,1,0,0,0,0,7.93816E+20,5.6435E+21,1.31762E+16,5.08684E+16
45881,45882,14,5,22,80,2016,5,14,1,2,2,2,0,0,0,1,0,1,0,0,7.9042E+20,5.67145E+21,1.31504E+16,5.11207E+16
45882,45883,14,6,25,220,2016,5,20,5,2,5,3,1,0,1,1,0,0,0,0,8.53115E+20,5.68708E+21,1.40583E+16,5.12256E+16
45883,45884,14,5,11,0,2016,4,10,1,3,9,1,0,1,0,1,0,0,0,0,7.72957E+20,5.63604E+21,1.28749E+16,5.08117E+16
45884,45885,14,5,22,440,2016,5,11,7,3,5,3,0,0,0,1,0,1,0,0,7.9332E+20,5.64513E+21,1.31704E+16,5.08832E+16
45885,45886,14,6,25,360,2016,5,12,4,3,5,2,0,1,0,1,0,0,0,0,8.72591E+20,5.69359E+21,1.43428E+16,5.12715E+16
45886,45887,14,6,27,30,2016,5,12,3,1,4,1,0,0,0,1,0,0,0,1,8.25032E+20,5.68999E+21,1.36601E+16,5.12683E+16
45887,45888,14,6,12,0,2016,5,12,3,2,6,2,0,0,0,1,1,0,0,0,8.31171E+20,5.66974E+21,1.37292E+16,5.10833E+16
45888,45889,14,6,27,100,2016,4,20,6,2,6,4,2,0,0,0,1,0,0,1,8.09276E+20,5.67086E+21,1.34185E+16,5.11056E+16
45889,45890,14,6,26,490,2016,4,13,4,2,5,3,0,0,0,1,0,0,0,1,8.834E+20,5.72414E+21,1.453E+16,5.15378E+16
45890,45891,14,7,29,140,2016,5,5,2,2,9,1,0,0,0,1,0,0,0,0,7.53242E+20,5.66786E+21,1.26178E+16,5.11061E+16
45891,45892,14,7,13,0,2016,4,22,3,3,6,4,2,0,0,0,1,0,0,1,7.35411E+20,5.69352E+21,1.23804E+16,5.13441E+16
45892,45893,14,6,27,150,2016,4,15,7,3,3,2,0,0,1,1,0,0,0,0,8.27505E+20,5.67579E+21,1.36825E+16,5.11396E+16
45893,45894,14,6,27,80,2016,4,11,6,3,8,1,0,0,0,1,0,0,0,0,8.10545E+20,5.67734E+21,1.34422E+16,5.11631E+16
45894,45895,14,5,23,100,2016,5,18,5,2,4,7,0,0,0,0,0,1,0,1,7.26817E+20,5.61424E+21,1.22077E+16,5.06359E+16
45895,45896,14,5,23,320,2016,4,1,5,3,8,1,2,1,0,1,0,0,0,0,7.24547E+20,5.59386E+21,1.21634E+16,5.04537E+16
45896,45897,14,5,22,180,2016,4,17,2,3,4,2,0,0,1,1,0,0,0,0,8.03498E+20,5.64854E+21,1.33176E+16,5.09086E+16
45897,45898,14,7,30,180,2016,4,6,3,3,5,3,0,1,1,1,0,0,0,0,7.39882E+20,5.72025E+21,1.24626E+16,5.15822E+16
45898,45899,14,6,26,310,2016,5,17,1,3,3,6,0,0,1,1,0,0,0,0,9.07042E+20,5.65868E+21,1.47949E+16,5.09357E+16
45899,45900,14,6,25,20,2016,4,20,1,3,5,2,1,1,0,1,0,0,0,0,8.78027E+20,5.6839E+21,1.44102E+16,5.11812E+16
45900,45901,14,7,30,50,2016,4,17,5,2,9,1,0,0,0,1,0,0,0,0,7.83564E+20,5.6978E+21,1.30735E+16,5.13606E+16
45901,45902,14,7,30,340,2016,4,18,4,3,9,1,0,0,0,1,0,0,0,0,7.27322E+20,5.70465E+21,1.22716E+16,5.14473E+16
45902,45903,14,6,25,340,2016,5,1,6,2,8,1,2,0,1,0,0,0,0,0,8.87066E+20,5.69253E+21,1.45482E+16,5.12524E+16
45903,45904,14,7,29,410,2016,4,6,2,3,5,3,0,0,1,1,0,0,0,0,7.59111E+20,5.69922E+21,1.27241E+16,5.1385E+16
45904,45905,14,5,21,355,2016,4,18,3,3,2,2,0,0,0,1,0,0,0,0,7.66703E+20,5.60986E+21,1.27674E+16,5.05796E+16
45905,45906,14,7,13,0,2016,4,20,7,2,5,3,2,0,0,1,0,0,0,0,7.39638E+20,5.69446E+21,1.24416E+16,5.13508E+16
45906,45907,14,5,24,160,2016,5,6,3,2,8,1,0,0,0,0,0,0,0,1,7.5679E+20,5.62695E+21,1.26395E+16,5.07375E+16
45907,45908,14,5,21,390,2016,5,7,2,3,4,2,0,0,0,1,0,0,0,0,7.99903E+20,5.61968E+21,1.3243E+16,5.06516E+16
45908,45909,14,5,23,245,2016,6,11,7,3,3,2,0,0,0,1,0,0,0,0,7.4547E+20,5.59287E+21,1.24569E+16,5.04364E+16
45909,45910,14,6,26,610,2016,5,2,3,2,9,7,2,0,0,1,0,0,0,0,9.11987E+20,5.65809E+21,1.48642E+16,5.09269E+16
45910,45911,14,6,26,110,2016,6,17,6,3,5,3,0,0,1,1,0,0,0,0,9.18559E+20,5.68067E+21,1.49833E+16,5.11241E+16
45911,45912,14,5,24,330,2016,7,13,6,3,5,3,0,0,1,1,0,0,0,0,7.451E+20,5.62341E+21,1.24719E+16,5.07108E+16
45912,45913,14,7,30,270,2016,6,20,6,2,4,2,0,0,0,1,0,1,0,0,7.28401E+20,5.70163E+21,1.22851E+16,5.14198E+16
45913,45914,14,6,12,0,2016,6,5,6,2,5,3,0,1,0,1,0,0,0,0,8.35237E+20,5.66817E+21,1.37856E+16,5.10669E+16
45914,45915,14,6,26,30,2016,5,5,2,2,5,3,0,0,0,1,0,1,0,0,9.06129E+20,5.673E+21,1.47979E+16,5.10644E+16
45915,45916,14,6,12,0,2016,6,12,6,3,0,1,0,0,1,0,0,0,0,0,8.317E+20,5.66305E+21,1.37306E+16,5.10231E+16
45916,45917,14,5,23,320,2016,5,7,2,3,0,1,0,0,0,0,0,1,0,0,7.22137E+20,5.60383E+21,1.21354E+16,5.05442E+16
45917,45918,14,5,21,130,2016,7,6,6,2,8,1,0,0,0,1,0,0,0,0,7.78025E+20,5.60267E+21,1.29216E+16,5.05098E+16
45918,45919,14,7,13,0,2016,6,6,2,3,5,3,0,0,0,1,0,0,0,0,7.43073E+20,5.69286E+21,1.24897E+16,5.13349E+16
45919,45920,14,6,26,610,2016,6,9,5,3,9,7,0,0,0,1,0,0,0,0,9.10908E+20,5.65667E+21,1.48473E+16,5.0915E+16
45920,45921,14,6,27,210,2016,5,7,2,3,6,7,0,0,1,0,1,0,0,0,8.28043E+20,5.67144E+21,1.36862E+16,5.11004E+16
45921,45922,14,6,26,200,2016,6,17,3,3,1,5,0,0,1,1,0,0,0,0,9.10768E+20,5.69694E+21,1.48911E+16,5.12753E+16
45922,45923,14,5,21,355,2016,6,5,4,2,5,3,0,0,0,1,0,0,0,0,7.66854E+20,5.60913E+21,1.2769E+16,5.0573E+16
45923,45924,14,6,12,0,2016,7,2,4,3,3,6,2,0,1,1,0,0,0,0,8.30097E+20,5.66938E+21,1.37136E+16,5.10808E+16
45924,45925,14,5,24,120,2016,6,11,2,2,5,3,0,0,1,1,0,0,0,0,7.60876E+20,5.63372E+21,1.27021E+16,5.07964E+16
45925,45926,14,6,27,270,2016,6,9,4,3,4,6,0,0,0,1,0,0,1,0,7.94082E+20,5.6977E+21,1.32241E+16,5.13543E+16
45926,45927,14,5,22,180,2016,7,18,3,3,4,2,0,0,1,1,0,0,0,0,8.0397E+20,5.64891E+21,1.33246E+16,5.09116E+16
45927,45928,14,6,26,290,2016,6,8,4,3,9,1,0,1,0,0,0,1,0,0,8.95301E+20,5.67734E+21,1.46489E+16,5.11108E+16
45928,45929,14,7,29,160,2016,6,17,7,3,5,2,0,0,0,0,0,1,0,1,7.62323E+20,5.67725E+21,1.2754E+16,5.11864E+16
45929,45930,14,6,25,90,2016,6,0,3,2,9,1,2,0,0,1,0,0,0,0,8.88783E+20,5.67559E+21,1.45544E+16,5.10996E+16
45930,45931,14,6,25,20,2016,5,9,1,2,4,2,0,0,0,1,0,0,0,0,8.77797E+20,5.6837E+21,1.44067E+16,5.11796E+16
45931,45932,14,6,25,20,2016,6,18,4,3,5,3,0,0,0,1,0,1,0,0,8.78817E+20,5.68159E+21,1.4419E+16,5.116E+16
45932,45933,14,6,27,230,2016,5,10,5,2,6,2,0,0,0,1,1,0,0,0,7.99909E+20,5.69245E+21,1.33031E+16,5.13042E+16
45933,45934,14,6,26,60,2016,6,14,2,3,5,3,0,0,0,1,0,0,0,0,8.8158E+20,5.70513E+21,1.44834E+16,5.13689E+16
45934,45935,14,6,25,525,2016,6,5,2,3,5,3,1,0,1,1,0,0,0,0,8.79898E+20,5.67347E+21,1.44258E+16,5.10866E+16
45935,45936,14,6,26,180,2016,6,1,1,2,8,1,2,1,0,0,0,1,0,0,9.06025E+20,5.66317E+21,1.47855E+16,5.09766E+16
45936,45937,14,6,25,250,2016,7,14,1,2,5,3,0,1,0,1,0,1,0,0,8.57279E+20,5.69173E+21,1.41223E+16,5.12647E+16
45937,45938,14,5,22,440,2016,6,17,2,2,8,1,0,0,0,1,0,0,0,0,7.94337E+20,5.6433E+21,1.31834E+16,5.08663E+16
45938,45939,14,5,23,320,2016,5,12,5,3,2,6,0,1,0,1,0,0,0,0,7.22522E+20,5.59757E+21,1.21371E+16,5.04878E+16
45939,45940,14,6,28,240,2016,6,15,7,2,4,6,0,1,0,1,0,0,0,0,8.48353E+20,5.65956E+21,1.39638E+16,5.0982E+16
45940,45941,14,5,11,0,2016,6,23,7,2,8,1,2,0,0,1,0,0,0,0,7.77211E+20,5.6299E+21,1.29305E+16,5.07546E+16
45941,45942,14,6,28,110,2016,6,18,6,3,2,6,0,1,0,1,0,0,0,0,8.25048E+20,5.66221E+21,1.36353E+16,5.10194E+16
45942,45943,14,5,23,280,2016,6,7,4,3,0,1,0,1,1,1,0,0,0,0,7.37047E+20,5.61736E+21,1.23541E+16,5.06598E+16
45943,45944,14,6,28,10,2016,6,15,7,3,9,1,0,1,0,1,0,0,0,0,8.37773E+20,5.63508E+21,1.3791E+16,5.07689E+16
45944,45945,14,6,28,110,2016,5,17,3,3,2,6,0,0,0,1,0,0,0,0,8.25787E+20,5.65911E+21,1.3643E+16,5.09912E+16
45945,45946,14,6,28,220,2016,6,5,6,3,5,3,0,0,0,1,0,1,0,0,8.35398E+20,5.65591E+21,1.37765E+16,5.0957E+16
45946,45947,14,7,29,140,2016,6,11,5,3,5,3,0,0,1,1,0,0,0,0,7.55524E+20,5.66535E+21,1.26485E+16,5.10827E+16
45947,45948,14,5,21,170,2016,5,15,2,3,4,2,0,0,0,1,0,0,0,0,7.56125E+20,5.60245E+21,1.26132E+16,5.05178E+16
45948,45949,14,7,30,60,2016,6,13,5,3,0,3,0,0,1,1,0,0,0,0,7.77965E+20,5.69735E+21,1.2993E+16,5.13593E+16
45949,45950,14,6,28,380,2016,5,13,6,3,2,6,0,0,0,1,0,0,0,0,8.55936E+20,5.6677E+21,1.40794E+16,5.10503E+16
45950,45951,14,6,28,230,2016,5,18,3,2,4,1,0,0,0,1,0,0,0,0,8.42647E+20,5.64545E+21,1.38696E+16,5.0859E+16
45951,45952,14,6,26,450,2016,6,15,5,1,4,6,0,0,0,1,0,0,0,0,9.02838E+20,5.68001E+21,1.4759E+16,5.11295E+16
45952,45953,14,7,13,0,2016,6,10,5,3,2,6,0,0,1,1,0,0,0,0,7.38175E+20,5.68994E+21,1.24176E+16,5.13108E+16
45953,45954,14,5,22,70,2016,6,13,2,2,0,1,0,0,1,0,0,0,0,0,7.71764E+20,5.64919E+21,1.28678E+16,5.09302E+16
45954,45955,14,6,25,250,2016,5,23,7,3,5,3,2,0,0,1,0,1,0,0,8.5583E+20,5.69322E+21,1.41031E+16,5.12789E+16
45955,45956,14,6,27,140,2016,6,17,5,3,5,2,0,0,0,0,0,0,0,1,8.13268E+20,5.67754E+21,1.34812E+16,5.11633E+16
45956,45957,14,6,28,130,2016,5,17,5,3,4,6,0,0,0,1,0,1,0,0,8.35134E+20,5.65065E+21,1.3768E+16,5.091E+16
45957,45958,14,5,23,370,2016,7,13,3,3,9,7,0,0,0,1,0,0,0,0,7.38167E+20,5.58594E+21,1.23499E+16,5.03772E+16
45958,45959,14,7,29,50,2016,6,16,3,3,3,6,0,0,0,1,0,0,0,0,7.44346E+20,5.66946E+21,1.2492E+16,5.11244E+16
45959,45960,14,6,27,20,2016,6,10,2,3,2,6,0,0,0,1,0,0,0,0,8.08501E+20,5.68072E+21,1.34159E+16,5.11944E+16
45960,45961,14,5,21,320,2016,6,9,4,3,2,2,0,0,0,1,0,1,0,0,7.64616E+20,5.59419E+21,1.27269E+16,5.044E+16
45961,45962,14,6,26,230,2016,7,13,2,2,2,6,0,0,0,1,0,0,0,0,9.11197E+20,5.6922E+21,1.48918E+16,5.12326E+16
45962,45963,14,6,12,0,2016,6,7,4,3,2,6,0,1,0,1,0,0,0,0,8.39343E+20,5.65916E+21,1.38355E+16,5.09838E+16
45963,45964,14,7,29,245,2016,5,18,6,3,8,1,0,1,0,1,0,0,0,0,7.62646E+20,5.70363E+21,1.27781E+16,5.14229E+16
45964,45965,14,6,12,0,2016,6,12,7,2,5,3,0,0,1,0,0,0,0,1,8.35159E+20,5.67397E+21,1.37898E+16,5.11189E+16
45965,45966,14,5,21,420,2016,6,16,3,3,3,6,0,0,1,1,0,0,0,0,7.67173E+20,5.6262E+21,1.27858E+16,5.0726E+16
45966,45967,14,6,12,0,2016,6,19,1,3,4,1,0,1,0,1,0,0,0,0,8.29033E+20,5.66511E+21,1.36946E+16,5.10431E+16
45967,45968,14,5,11,0,2016,5,14,6,2,5,3,0,0,0,1,0,0,0,0,7.73883E+20,5.64516E+21,1.28948E+16,5.08931E+16
45968,45969,14,6,27,210,2016,6,5,5,3,0,1,2,1,0,0,0,1,0,0,8.24762E+20,5.67193E+21,1.364E+16,5.11067E+16
45969,45970,14,5,22,20,2016,6,16,2,3,4,6,0,0,0,1,0,0,0,0,7.88988E+20,5.63702E+21,1.31026E+16,5.08126E+16
45970,45971,14,5,24,90,2016,6,13,7,2,5,3,0,0,0,1,0,1,0,0,7.61217E+20,5.62213E+21,1.26987E+16,5.06923E+16
45971,45972,14,7,13,0,2016,6,8,3,3,5,2,0,0,1,1,0,0,0,0,7.36413E+20,5.69268E+21,1.23942E+16,5.13362E+16
45972,45973,14,5,22,80,2016,7,15,4,2,5,3,0,0,0,1,0,0,0,1,7.9042E+20,5.67145E+21,1.31504E+16,5.11207E+16
45973,45974,14,7,13,0,2016,6,19,2,3,5,3,0,0,0,1,0,0,0,0,7.33018E+20,5.69687E+21,1.23483E+16,5.13752E+16
45974,45975,14,6,27,60,2016,6,17,4,3,5,3,0,0,0,1,0,1,0,0,8.12145E+20,5.6936E+21,1.34791E+16,5.13079E+16
45975,45976,14,7,29,430,2016,7,11,2,3,8,1,0,0,0,0,0,1,0,0,7.31083E+20,5.67572E+21,1.23068E+16,5.11861E+16
45976,45977,14,6,12,0,2016,6,16,4,3,3,6,0,0,1,0,0,0,0,0,8.28094E+20,5.66714E+21,1.3683E+16,5.10618E+16
45977,45978,14,6,25,30,2016,6,14,7,2,9,1,0,0,0,0,0,1,0,0,8.55662E+20,5.70301E+21,1.41105E+16,5.13667E+16
45978,45979,14,5,22,380,2016,6,19,3,2,5,3,0,0,0,1,0,1,0,0,7.6367E+20,5.6462E+21,1.27507E+16,5.09072E+16
45979,45980,14,6,27,140,2016,6,22,4,2,8,1,2,0,0,1,0,0,0,0,8.1099E+20,5.67789E+21,1.3449E+16,5.11677E+16
45980,45981,14,6,12,0,2016,5,15,5,3,2,6,0,0,0,1,0,0,0,0,8.27451E+20,5.6677E+21,1.36744E+16,5.10672E+16
45981,45982,14,6,26,610,2016,6,20,5,3,8,1,1,0,0,1,0,0,0,0,9.0864E+20,5.65437E+21,1.48127E+16,5.0896E+16
45982,45983,14,6,28,80,2016,6,6,2,3,9,1,0,0,0,1,0,0,0,0,8.38958E+20,5.6572E+21,1.38282E+16,5.09664E+16
45983,45984,14,6,12,0,2016,6,15,2,3,5,3,0,0,0,1,0,0,0,0,8.30524E+20,5.66893E+21,1.37192E+16,5.10765E+16
45984,45985,14,5,22,140,2016,6,17,1,3,4,6,0,0,0,1,0,0,0,0,7.87239E+20,5.6411E+21,1.30811E+16,5.08501E+16
45985,45986,14,6,27,190,2016,7,13,1,3,2,6,0,0,0,0,0,1,0,1,8.05197E+20,5.69277E+21,1.3379E+16,5.13042E+16
45986,45987,14,6,12,0,2016,5,8,5,3,2,6,0,0,0,1,0,0,0,0,8.30895E+20,5.66646E+21,1.37223E+16,5.10541E+16
45987,45988,14,6,27,20,2016,5,7,4,3,2,6,0,0,0,1,0,0,0,0,8.05442E+20,5.68266E+21,1.33739E+16,5.12135E+16
45988,45989,14,5,24,330,2016,6,16,1,2,5,3,0,0,1,1,0,0,0,0,7.46423E+20,5.62657E+21,1.24927E+16,5.07385E+16
45989,45990,14,5,24,260,2016,5,16,5,3,1,6,0,0,0,1,0,0,0,0,7.49379E+20,5.63866E+21,1.25427E+16,5.08458E+16
45990,45991,14,6,12,0,2016,6,20,7,2,3,2,1,0,1,1,0,0,0,0,8.30435E+20,5.67089E+21,1.37198E+16,5.10941E+16