FID,OBJECTID,ULAND,UREGBEZ,UKREIS,UGEMEINDE,UJAHR,UMONAT,USTUNDE,UWOCHENTAG,UKATEGORIE,UART,UTYP1,ULICHTVERH,IstStrasse,IstRad,IstPKW,IstFuss,IstKrad,IstGkfz,IstSonstig,LINREFX,LINREFY,XGCSWGS84,YGCSWGS84
45991,45992,14,5,22,150,2016,6,12,7,2,8,1,0,1,0,1,0,0,0,0,7.83421E+20,5.64855E+21,1.30327E+16,5.09188E+16
45992,45993,14,5,22,330,2016,6,14,6,3,2,6,0,1,0,1,0,0,0,0,7.79687E+20,5.64665E+21,1.29783E+16,5.09036E+16
45993,45994,14,7,13,0,2016,6,7,4,3,3,6,0,1,0,1,0,0,0,0,7.38502E+20,5.68958E+21,1.2422E+16,5.13075E+16
45994,45995,14,6,25,640,2016,6,12,3,3,2,6,0,0,0,1,0,0,0,0,8.65576E+20,5.70576E+21,1.42551E+16,5.1385E+16
45995,45996,14,5,11,0,2016,6,11,7,3,0,1,0,0,1,0,0,0,0,0,7.7516E+20,5.64259E+21,1.2911E+16,5.08694E+16
45996,45997,14,6,12,0,2016,5,7,3,3,2,6,0,0,1,1,0,0,0,0,8.34492E+20,5.66168E+21,1.3769E+16,5.10092E+16
45997,45998,14,5,22,520,2016,6,10,6,3,8,1,0,0,0,1,0,0,0,0,8.13069E+20,5.62403E+21,1.34324E+16,5.06837E+16
45998,45999,14,6,27,60,2016,6,19,5,3,5,3,0,0,0,1,0,0,0,1,8.15948E+20,5.69178E+21,1.35319E+16,5.12895E+16
45999,46000,14,7,29,430,2016,5,9,1,2,4,6,0,0,0,1,0,0,0,0,7.30691E+20,5.67645E+21,1.23017E+16,5.11928E+16
46000,46001,14,6,28,50,2016,5,17,6,3,5,2,0,0,0,1,0,0,0,0,8.34371E+20,5.65981E+21,1.37656E+16,5.09925E+16
46001,46002,14,6,12,0,2016,6,17,5,3,2,6,0,0,0,1,0,0,0,0,8.30793E+20,5.66622E+21,1.37206E+16,5.1052E+16
46002,46003,14,6,25,380,2016,6,14,5,2,3,6,0,0,1,0,0,0,1,0,8.71761E+20,5.67384E+21,1.43105E+16,5.10953E+16
46003,46004,14,7,29,140,2016,6,6,2,3,2,1,0,0,0,1,0,0,0,1,7.53712E+20,5.66282E+21,1.26209E+16,5.10607E+16
46004,46005,14,6,28,170,2016,5,11,1,2,4,1,0,0,0,1,0,1,0,0,8.24624E+20,5.63512E+21,1.36052E+16,5.07767E+16
46005,46006,14,5,21,440,2016,5,5,7,3,8,1,0,0,0,1,0,0,0,0,7.84707E+20,5.5961E+21,1.30106E+16,5.04477E+16
46006,46007,14,6,12,0,2016,6,18,5,2,0,6,0,0,0,1,0,0,0,1,8.32632E+20,5.66662E+21,1.37471E+16,5.10545E+16
46007,46008,14,7,30,160,2016,5,14,7,2,0,1,0,0,0,0,0,1,0,0,7.53726E+20,5.72105E+21,1.26626E+16,5.15833E+16
46008,46009,14,6,12,0,2016,5,9,5,3,6,2,0,0,0,0,1,0,0,1,8.31055E+20,5.66549E+21,1.37236E+16,5.10453E+16
46009,46010,14,7,30,340,2016,7,19,3,1,2,6,0,0,0,1,0,0,1,0,7.20145E+20,5.70274E+21,1.21673E+16,5.1433E+16
46010,46011,14,6,26,110,2016,6,12,3,3,5,3,0,0,1,1,0,0,0,0,9.16819E+20,5.68348E+21,1.49618E+16,5.11505E+16
46011,46012,14,6,12,0,2016,6,11,2,3,2,6,0,0,0,1,0,0,0,1,8.32645E+20,5.66631E+21,1.3747E+16,5.10517E+16
46012,46013,14,6,27,10,2016,7,16,2,2,6,4,0,0,0,1,1,0,0,0,8.20454E+20,5.67407E+21,1.35805E+16,5.11282E+16
46013,46014,14,5,21,450,2016,6,13,4,3,5,3,0,0,0,1,0,0,0,0,7.63527E+20,5.6256E+21,1.27339E+16,5.07223E+16
46014,46015,14,6,25,310,2016,5,8,6,3,5,3,0,0,1,1,0,0,0,0,8.54934E+20,5.71194E+21,1.4109E+16,5.14471E+16
46015,46016,14,5,22,500,2016,6,10,7,2,4,2,0,0,0,1,0,0,0,0,7.88519E+20,5.66372E+21,1.31171E+16,5.10524E+16
46016,46017,14,5,24,140,2016,6,16,2,3,2,2,0,0,0,1,0,1,0,0,7.32893E+20,5.62708E+21,1.23016E+16,5.07487E+16
46017,46018,14,5,11,0,2016,6,18,1,2,0,1,0,0,0,1,0,1,0,0,7.76657E+20,5.63298E+21,1.2925E+16,5.07824E+16
46018,46019,14,7,29,140,2016,5,18,5,3,2,2,0,0,0,1,0,0,0,0,7.48989E+20,5.66186E+21,1.2553E+16,5.10542E+16
46019,46020,14,6,12,0,2016,6,18,5,3,2,6,0,0,0,1,0,0,0,0,8.3118E+20,5.66685E+21,1.37267E+16,5.10575E+16
46020,46021,14,7,30,310,2016,6,15,1,3,5,3,0,0,0,1,0,0,0,0,7.76431E+20,5.71957E+21,1.29883E+16,5.15593E+16
46021,46022,14,6,27,230,2016,6,17,4,2,5,2,0,0,0,1,0,1,0,0,7.97049E+20,5.69346E+21,1.32631E+16,5.13147E+16
46022,46023,14,7,29,70,2016,6,14,6,3,1,6,0,0,0,1,0,0,0,1,7.5087E+20,5.68987E+21,1.25993E+16,5.13048E+16
46023,46024,14,6,26,520,2016,7,1,7,3,2,6,2,0,0,1,0,0,0,0,9.15564E+20,5.68936E+21,1.49507E+16,5.1204E+16
46024,46025,14,5,23,320,2016,5,15,4,2,5,3,0,0,0,0,0,0,1,1,7.24365E+20,5.59258E+21,1.216E+16,5.04422E+16
46025,46026,14,7,13,0,2016,5,16,3,3,5,3,0,0,0,1,0,0,0,0,7.30001E+20,5.6931E+21,1.23026E+16,5.13426E+16
46026,46027,14,6,27,10,2016,6,11,1,3,0,7,0,0,1,0,0,0,0,0,8.20002E+20,5.67517E+21,1.35751E+16,5.11384E+16
46027,46028,14,6,27,230,2016,6,18,6,3,5,2,0,0,1,1,0,0,0,0,7.94059E+20,5.69328E+21,1.32201E+16,5.13147E+16
46028,46029,14,5,22,490,2016,5,13,3,3,2,2,0,0,0,1,0,0,0,0,7.66844E+20,5.66174E+21,1.28071E+16,5.10451E+16
46029,46030,14,7,30,270,2016,6,18,5,3,6,4,0,0,0,1,1,0,0,0,7.249E+20,5.69845E+21,1.22328E+16,5.13926E+16
46030,46031,14,6,27,100,2016,7,19,6,3,2,6,1,0,0,1,0,0,0,0,8.12408E+20,5.666E+21,1.34589E+16,5.10603E+16
46031,46032,14,5,11,0,2016,6,14,3,2,2,7,0,0,0,1,0,0,0,1,7.7644E+20,5.64019E+21,1.29273E+16,5.08472E+16
46032,46033,14,7,29,160,2016,6,13,6,3,8,1,0,0,0,1,0,0,0,0,7.71132E+20,5.68311E+21,1.28842E+16,5.12348E+16
46033,46034,14,7,29,70,2016,5,17,2,3,5,2,0,0,0,1,0,0,0,0,7.50715E+20,5.69106E+21,1.2598E+16,5.13155E+16
46034,46035,14,5,23,270,2016,6,11,5,3,2,6,0,0,0,1,0,0,0,0,7.29899E+20,5.60242E+21,1.22439E+16,5.05285E+16
46035,46036,14,7,29,370,2016,5,9,2,3,5,3,0,0,1,1,0,0,0,0,7.38231E+20,5.67737E+21,1.241E+16,5.1198E+16
46036,46037,14,5,24,180,2016,6,0,3,3,5,3,2,0,0,1,0,0,0,0,7.65708E+20,5.64057E+21,1.27755E+16,5.08557E+16
46037,46038,14,7,13,0,2016,6,17,4,2,3,2,0,1,1,1,0,0,0,0,7.36313E+20,5.69244E+21,1.23926E+16,5.13341E+16
46038,46039,14,5,11,0,2016,5,8,1,3,9,7,0,0,0,1,0,0,0,0,7.78494E+20,5.64229E+21,1.29581E+16,5.08651E+16
46039,46040,14,5,21,90,2016,7,20,1,3,8,1,0,1,0,1,0,0,0,0,7.92867E+20,5.62897E+21,1.31511E+16,5.07385E+16
46040,46041,14,5,22,180,2016,5,12,5,3,2,2,0,0,0,1,0,0,0,0,8.07462E+20,5.64708E+21,1.33726E+16,5.08934E+16
46041,46042,14,5,21,410,2016,5,11,4,2,4,6,0,0,0,1,0,0,0,0,7.73153E+20,5.63217E+21,1.28748E+16,5.07768E+16
46042,46043,14,6,25,40,2016,6,14,1,2,8,1,0,0,0,0,0,1,0,0,8.61272E+20,5.677E+21,1.41645E+16,5.11302E+16
46043,46044,14,5,21,550,2016,6,10,7,3,9,1,0,0,0,1,0,0,0,0,7.68383E+20,5.60571E+21,1.27881E+16,5.05417E+16
46044,46045,14,7,29,190,2016,6,6,6,3,2,1,0,1,0,1,0,0,0,0,7.41634E+20,5.68471E+21,1.24636E+16,5.12624E+16
46045,46046,14,6,27,200,2016,5,11,3,3,6,6,0,0,0,0,1,0,0,1,8.1717E+20,5.68856E+21,1.35465E+16,5.126E+16
46046,46047,14,5,24,20,2016,6,6,6,2,8,1,0,1,0,1,0,0,0,0,7.55027E+20,5.6367E+21,1.26214E+16,5.08257E+16
46047,46048,14,6,27,60,2016,7,16,6,2,0,1,0,0,1,0,0,0,0,0,8.16061E+20,5.69263E+21,1.35343E+16,5.12971E+16
46048,46049,14,6,12,0,2016,6,12,3,3,3,2,0,0,1,0,0,0,0,1,8.35908E+20,5.66133E+21,1.37888E+16,5.10052E+16
46049,46050,14,5,24,180,2016,6,19,6,2,3,2,0,0,1,1,0,0,0,0,7.65708E+20,5.64057E+21,1.27755E+16,5.08557E+16
46050,46051,14,5,22,60,2016,5,15,3,3,2,2,0,0,0,1,0,0,0,0,7.67608E+20,5.64583E+21,1.28063E+16,5.0902E+16
46051,46052,14,5,24,130,2016,6,9,5,2,6,4,0,0,0,0,1,1,0,0,7.49137E+20,5.61393E+21,1.25225E+16,5.06239E+16
46052,46053,14,5,22,10,2016,6,16,4,3,2,6,0,0,0,1,0,0,0,0,7.78926E+20,5.65203E+21,1.29716E+16,5.09523E+16
46053,46054,14,5,21,310,2016,5,12,6,3,2,6,0,0,0,1,0,0,0,1,7.69403E+20,5.63204E+21,1.28216E+16,5.07774E+16
46054,46055,14,5,22,500,2016,6,6,5,3,8,7,0,0,0,0,0,0,1,0,7.86172E+20,5.65366E+21,1.30758E+16,5.09633E+16
46055,46056,14,6,28,410,2016,5,10,1,3,2,6,0,0,0,1,0,0,0,0,8.1528E+20,5.66619E+21,1.34999E+16,5.10605E+16
46056,46057,14,5,11,0,2016,6,18,5,3,3,6,0,0,1,0,0,0,0,1,7.77575E+20,5.64032E+21,1.29435E+16,5.08479E+16
46057,46058,14,5,21,150,2016,6,13,5,3,9,6,0,0,0,1,0,0,0,0,7.86693E+20,5.62583E+21,1.30614E+16,5.07135E+16
46058,46059,14,7,29,410,2016,6,19,1,3,8,1,0,1,0,1,0,0,0,0,7.64066E+20,5.69342E+21,1.27909E+16,5.13306E+16
46059,46060,14,5,24,170,2016,6,11,3,3,3,6,0,0,1,0,0,0,0,1,7.4117E+20,5.6202E+21,1.24142E+16,5.06836E+16
46060,46061,14,6,12,0,2016,5,15,2,3,2,6,0,0,0,1,0,0,1,0,8.28069E+20,5.66892E+21,1.36843E+16,5.10777E+16
46061,46062,14,5,22,170,2016,5,20,1,2,8,1,0,0,0,0,0,1,0,0,8.20152E+20,5.63177E+21,1.35391E+16,5.07493E+16
46062,46063,14,5,24,50,2016,5,20,6,3,9,1,1,0,0,1,0,0,0,0,7.43049E+20,5.63492E+21,1.24505E+16,5.08149E+16
46063,46064,14,5,21,430,2016,6,14,5,2,6,4,0,0,0,1,1,0,0,0,7.64721E+20,5.62549E+21,1.27507E+16,5.07208E+16
46064,46065,14,6,25,20,2016,5,12,7,3,8,7,0,0,0,1,0,0,0,0,8.76563E+20,5.68446E+21,1.43899E+16,5.11872E+16
46065,46066,14,6,28,410,2016,5,14,5,3,2,6,0,0,0,1,0,0,0,0,8.15338E+20,5.66619E+21,1.35008E+16,5.10604E+16
46066,46067,14,6,12,0,2016,6,5,3,3,3,6,0,0,1,1,0,0,0,0,8.29094E+20,5.66284E+21,1.36934E+16,5.10227E+16
46067,46068,14,5,11,0,2016,6,4,2,3,5,3,1,0,1,1,0,0,0,0,7.76346E+20,5.63853E+21,1.29248E+16,5.08324E+16
46068,46069,14,5,22,330,2016,7,6,2,3,3,6,0,0,0,1,0,1,0,0,7.79698E+20,5.64681E+21,1.29786E+16,5.0905E+16
46069,46070,14,5,23,320,2016,6,23,3,3,9,1,2,0,0,1,0,0,0,0,7.2488E+20,5.59933E+21,1.21713E+16,5.05027E+16
46070,46071,14,6,28,205,2016,5,17,6,2,0,1,0,1,0,0,0,1,0,0,8.23322E+20,5.64981E+21,1.35998E+16,5.09092E+16
46071,46072,14,7,30,170,2016,6,16,6,3,8,1,0,0,0,1,0,0,0,0,7.91276E+20,5.68924E+21,1.3177E+16,5.12799E+16
46072,46073,14,5,24,90,2016,6,0,2,2,9,1,2,0,0,1,0,0,0,0,7.6189E+20,5.62205E+21,1.27082E+16,5.06913E+16
46073,46074,14,5,22,210,2016,6,13,1,3,9,7,0,0,0,1,0,0,0,0,8.00992E+20,5.66242E+21,1.32935E+16,5.10343E+16
46074,46075,14,7,30,300,2016,6,15,6,3,8,1,0,0,0,1,0,0,0,0,7.43197E+20,5.69822E+21,1.24952E+16,5.1383E+16
46075,46076,14,6,25,510,2016,5,10,5,3,8,1,0,0,0,1,0,0,0,0,8.58993E+20,5.67941E+21,1.41345E+16,5.11533E+16
46076,46077,14,5,22,360,2016,6,17,5,3,1,6,0,0,1,1,0,0,0,0,7.75726E+20,5.65459E+21,1.29281E+16,5.09767E+16
46077,46078,14,6,12,0,2016,6,10,1,2,4,2,0,0,0,1,0,0,0,0,8.37514E+20,5.65834E+21,1.38088E+16,5.09775E+16
46078,46079,14,5,23,320,2016,5,10,3,3,8,1,0,0,0,0,0,1,0,0,7.22035E+20,5.5979E+21,1.21304E+16,5.04909E+16
46079,46080,14,6,25,430,2016,6,9,6,3,5,3,0,0,1,1,0,0,0,0,8.37456E+20,5.68143E+21,1.38295E+16,5.11844E+16
46080,46081,14,5,24,80,2016,7,4,7,3,8,7,1,0,0,1,0,0,0,0,7.45308E+20,5.63677E+21,1.24837E+16,5.08306E+16
46081,46082,14,6,25,200,2016,5,7,4,3,2,6,0,1,0,1,0,0,0,0,8.51454E+20,5.67811E+21,1.40258E+16,5.11463E+16
46082,46083,14,6,12,0,2016,6,14,6,3,2,6,0,1,0,1,0,0,0,1,8.30712E+20,5.67042E+21,1.37233E+16,5.10897E+16
46083,46084,14,7,13,0,2016,5,11,2,3,2,6,0,0,0,1,0,0,0,0,7.37734E+20,5.69034E+21,1.24115E+16,5.13146E+16
46084,46085,14,6,27,100,2016,6,13,6,3,2,6,0,0,0,1,0,0,0,0,8.12608E+20,5.66599E+21,1.34618E+16,5.10601E+16
46085,46086,14,5,24,330,2016,5,14,2,3,3,6,0,0,0,1,0,0,0,0,7.46032E+20,5.6251E+21,1.24861E+16,5.07255E+16
46086,46087,14,5,21,250,2016,7,10,6,2,0,1,0,0,1,0,0,0,0,0,7.91701E+20,5.61682E+21,1.31251E+16,5.06302E+16
46087,46088,14,5,23,365,2016,6,18,2,3,3,6,0,0,1,1,0,0,0,0,7.15104E+20,5.60416E+21,1.20365E+16,5.05497E+16
46088,46089,14,7,13,0,2016,6,8,5,3,5,2,0,0,1,1,0,0,0,0,7.31224E+20,5.69281E+21,1.23199E+16,5.13395E+16
46089,46090,14,6,26,110,2016,5,11,2,3,0,7,0,0,1,0,0,0,0,0,9.18151E+20,5.67934E+21,1.49759E+16,5.11125E+16
46090,46091,14,6,26,180,2016,6,16,3,3,2,6,0,0,0,1,0,0,0,0,9.01025E+20,5.66875E+21,1.47208E+16,5.103E+16
46091,46092,14,6,12,0,2016,6,22,4,3,8,1,2,0,0,1,0,0,0,0,8.31748E+20,5.66344E+21,1.37316E+16,5.10266E+16
46092,46093,14,5,23,340,2016,5,10,7,2,4,2,0,0,0,1,0,1,0,0,7.3374E+20,5.61356E+21,1.2305E+16,5.0627E+16
46093,46094,14,6,27,10,2016,7,16,4,3,0,3,0,0,1,1,0,0,0,0,8.20471E+20,5.67422E+21,1.35809E+16,5.11296E+16
46094,46095,14,5,11,0,2016,6,17,3,2,2,1,0,0,0,1,0,0,0,1,7.74313E+20,5.64281E+21,1.28992E+16,5.08718E+16
46095,46096,14,6,25,200,2016,6,11,4,3,1,6,0,0,0,1,0,0,0,0,8.50516E+20,5.68003E+21,1.40143E+16,5.11641E+16
46096,46097,14,6,12,0,2016,7,7,3,3,3,6,0,1,0,1,0,1,0,0,8.34173E+20,5.67291E+21,1.37748E+16,5.111E+16
46097,46098,14,7,30,360,2016,6,15,4,2,3,2,0,0,1,0,0,0,0,1,7.46775E+20,5.71454E+21,1.25579E+16,5.1528E+16
46098,46099,14,5,24,330,2016,6,16,7,3,3,6,0,0,0,1,0,1,0,0,7.43294E+20,5.6223E+21,1.24456E+16,5.07015E+16
46099,46100,14,6,25,640,2016,6,7,3,3,2,6,0,0,0,1,0,0,0,0,8.64714E+20,5.70652E+21,1.42436E+16,5.13924E+16
46100,46101,14,7,30,110,2016,5,14,1,2,4,6,0,0,0,1,0,0,0,0,7.51767E+20,5.70428E+21,1.26224E+16,5.14337E+16
46101,46102,14,6,26,610,2016,6,9,4,3,5,3,0,0,0,1,0,0,0,0,9.07554E+20,5.65466E+21,1.47976E+16,5.08994E+16
46102,46103,14,5,24,130,2016,5,22,6,3,8,1,2,0,0,1,0,0,0,0,7.46777E+20,5.61142E+21,1.24876E+16,5.06024E+16
46103,46104,14,5,21,150,2016,5,13,5,2,5,3,0,0,0,1,0,1,0,0,7.84447E+20,5.62258E+21,1.30272E+16,5.06854E+16
46104,46105,14,7,29,160,2016,6,10,2,3,2,6,0,0,0,1,0,0,0,0,7.69251E+20,5.68392E+21,1.2858E+16,5.1243E+16
46105,46106,14,7,29,245,2016,6,11,2,2,5,3,0,0,0,1,0,0,0,0,7.60375E+20,5.70264E+21,1.27447E+16,5.14151E+16
46106,46107,14,5,23,450,2016,6,1,1,3,4,1,2,0,0,1,0,0,0,0,7.14144E+20,5.59428E+21,1.20173E+16,5.04613E+16
46107,46108,14,7,30,270,2016,7,19,1,3,5,3,0,0,0,1,0,0,0,1,7.22001E+20,5.69902E+21,1.21916E+16,5.13989E+16
46108,46109,14,6,12,0,2016,6,17,2,3,2,6,0,0,0,1,0,0,0,0,8.37802E+20,5.65957E+21,1.38141E+16,5.09884E+16
46109,46110,14,7,13,0,2016,7,8,4,3,4,2,0,0,1,1,0,0,0,0,7.32391E+20,5.69241E+21,1.23364E+16,5.13354E+16
46110,46111,14,6,12,0,2016,6,17,3,3,5,3,0,0,1,1,0,0,0,0,8.31661E+20,5.66866E+21,1.37352E+16,5.10734E+16
46111,46112,14,7,30,310,2016,6,18,4,2,8,1,0,0,0,1,0,0,0,0,7.81103E+20,5.71813E+21,1.30544E+16,5.15441E+16
46112,46113,14,6,25,10,2016,7,11,3,3,4,6,0,0,0,0,0,0,1,0,8.51949E+20,5.67102E+21,1.4026E+16,5.10825E+16
46113,46114,14,5,22,150,2016,6,17,5,3,3,6,0,0,0,1,0,1,0,0,7.83919E+20,5.6489E+21,1.30401E+16,5.09217E+16
46114,46115,14,6,28,190,2016,6,13,1,3,2,6,0,0,0,1,0,0,0,0,8.5604E+20,5.66058E+21,1.40739E+16,5.09864E+16
46115,46116,14,7,30,70,2016,6,18,3,3,0,7,0,0,0,1,0,1,0,0,7.32835E+20,5.71295E+21,1.23562E+16,5.15196E+16
46116,46117,14,5,22,50,2016,5,16,2,3,3,3,0,0,1,1,0,0,0,0,8.04504E+20,5.64449E+21,1.33285E+16,5.08717E+16
46117,46118,14,5,24,330,2016,5,22,7,3,4,2,2,0,1,1,0,0,0,0,7.46204E+20,5.62452E+21,1.24882E+16,5.07202E+16
46118,46119,14,5,23,320,2016,6,17,4,3,5,3,0,0,0,1,0,0,0,0,7.22381E+20,5.59971E+21,1.21364E+16,5.05071E+16
46119,46120,14,5,21,150,2016,5,14,7,3,8,1,0,0,0,0,0,1,0,0,7.81852E+20,5.62078E+21,1.29892E+16,5.06705E+16
46120,46121,14,5,11,0,2016,5,9,5,3,6,4,0,0,1,0,0,0,0,1,7.76081E+20,5.63774E+21,1.29204E+16,5.08254E+16
46121,46122,14,7,13,0,2016,6,16,2,3,2,6,0,0,0,1,0,0,0,0,7.33779E+20,5.69691E+21,1.23592E+16,5.13752E+16
46122,46123,14,5,23,10,2016,6,14,1,3,9,1,0,0,0,1,0,0,0,0,7.30569E+20,5.58191E+21,1.22407E+16,5.03441E+16
46123,46124,14,5,22,180,2016,7,14,2,3,3,2,0,0,1,1,0,0,0,0,8.03901E+20,5.64886E+21,1.33235E+16,5.09112E+16
46124,46125,14,7,30,230,2016,6,12,3,3,8,1,0,0,0,1,0,0,0,0,7.87457E+20,5.68845E+21,1.31217E+16,5.12747E+16
46125,46126,14,6,27,200,2016,5,17,6,2,4,6,0,0,0,1,0,0,0,0,8.17208E+20,5.68848E+21,1.3547E+16,5.12592E+16
46126,46127,14,5,22,220,2016,6,5,7,3,8,7,1,0,0,0,0,0,1,0,7.81236E+20,5.67786E+21,1.30245E+16,5.11828E+16
46127,46128,14,6,25,110,2016,6,12,7,3,1,6,0,0,0,1,0,1,0,0,8.77416E+20,5.68077E+21,1.43982E+16,5.11536E+16
46128,46129,14,6,25,50,2016,6,16,6,3,2,6,0,0,0,1,0,0,0,0,8.52907E+20,5.67914E+21,1.40475E+16,5.11546E+16
46129,46130,14,6,27,140,2016,5,8,5,3,5,3,0,0,0,1,0,0,0,0,8.10637E+20,5.67731E+21,1.34435E+16,5.11627E+16
46130,46131,14,5,11,0,2016,6,8,5,3,3,1,0,1,0,1,0,0,0,0,7.68657E+20,5.64131E+21,1.28179E+16,5.08609E+16
46131,46132,14,7,30,70,2016,6,5,7,3,8,1,0,0,0,0,0,0,1,0,7.30947E+20,5.71521E+21,1.23305E+16,5.15407E+16
46132,46133,14,6,26,110,2016,5,23,3,3,8,1,2,0,1,0,0,0,0,0,9.18545E+20,5.68058E+21,1.49829E+16,5.11233E+16
46133,46134,14,6,26,85,2016,6,16,6,3,5,3,0,0,0,1,0,0,0,0,8.93058E+20,5.66181E+21,1.46002E+16,5.09734E+16
46134,46135,14,5,23,230,2016,7,19,6,1,2,6,0,0,0,0,0,1,1,0,7.29151E+20,5.5841E+21,1.22222E+16,5.03643E+16
46135,46136,14,6,26,390,2016,6,10,6,3,4,6,0,0,1,0,0,1,0,0,8.9975E+20,5.66264E+21,1.46959E+16,5.09762E+16
46136,46137,14,5,11,0,2016,6,11,6,3,0,1,0,1,0,0,0,1,0,0,7.7127E+20,5.63533E+21,1.28505E+16,5.0806E+16
46137,46138,14,6,25,410,2016,5,0,2,1,6,4,2,0,0,1,1,0,0,0,8.54834E+20,5.68109E+21,1.40769E+16,5.11709E+16
46138,46139,14,5,21,460,2016,6,19,6,3,5,3,0,0,1,1,0,0,0,0,8.06589E+20,5.62087E+21,1.33383E+16,5.06588E+16
46139,46140,14,7,30,70,2016,5,17,6,3,5,3,0,0,0,1,0,0,0,0,7.33654E+20,5.71363E+21,1.23685E+16,5.15254E+16
46140,46141,14,5,21,170,2016,7,15,6,1,4,6,0,0,0,1,0,0,0,0,7.56278E+20,5.598E+21,1.26123E+16,5.04779E+16
46141,46142,14,6,25,300,2016,6,16,2,3,2,6,0,1,0,1,0,0,0,0,8.40428E+20,5.68872E+21,1.38788E+16,5.1248E+16
46142,46143,14,6,26,490,2016,6,15,5,3,0,1,0,0,0,0,0,1,0,0,8.82158E+20,5.7229E+21,1.45108E+16,5.15276E+16
46143,46144,14,6,12,0,2016,5,21,2,2,0,6,2,1,1,0,0,0,0,0,8.31497E+20,5.66898E+21,1.37331E+16,5.10763E+16
46144,46145,14,5,22,240,2016,6,5,4,2,8,1,1,1,0,1,0,0,0,0,8.10226E+20,5.65392E+21,1.34176E+16,5.09533E+16
46145,46146,14,6,12,0,2016,7,17,4,3,6,4,0,0,0,0,1,1,0,0,8.35302E+20,5.67498E+21,1.37928E+16,5.11279E+16
46146,46147,14,7,29,30,2016,6,15,2,3,2,6,0,0,0,1,0,0,1,0,7.58522E+20,5.69683E+21,1.27139E+16,5.13638E+16
46147,46148,14,6,28,30,2016,6,17,4,3,2,6,0,0,0,1,0,1,0,0,8.62865E+20,5.65279E+21,1.4163E+16,5.09124E+16
46148,46149,14,5,24,300,2016,7,16,2,3,3,2,0,0,1,1,0,0,0,0,7.36839E+20,5.62661E+21,1.23571E+16,5.07429E+16
46149,46150,14,6,26,230,2016,6,17,4,3,9,6,0,0,0,1,0,0,1,0,9.11986E+20,5.69121E+21,1.49019E+16,5.12232E+16
46150,46151,14,6,26,390,2016,6,13,7,3,5,3,0,0,1,0,0,1,0,0,9.02298E+20,5.66035E+21,1.47295E+16,5.0954E+16
46151,46152,14,6,12,0,2016,6,17,3,2,6,4,0,0,0,1,1,0,0,0,8.29608E+20,5.66522E+21,1.37028E+16,5.10437E+16
46152,46153,14,6,27,50,2016,5,19,1,3,3,6,2,0,1,0,0,0,0,1,8.08706E+20,5.70451E+21,1.34394E+16,5.14076E+16
46153,46154,14,6,26,290,2016,6,19,4,2,4,1,0,0,0,1,0,1,0,0,8.93417E+20,5.67426E+21,1.46188E+16,5.10845E+16
46154,46155,14,5,24,300,2016,5,18,4,2,4,2,0,0,0,1,0,0,0,0,7.38599E+20,5.62595E+21,1.23816E+16,5.07363E+16
46155,46156,14,6,25,560,2016,6,11,2,2,9,1,0,0,0,1,0,0,0,0,8.79726E+20,5.67001E+21,1.44197E+16,5.10557E+16
46156,46157,14,6,28,110,2016,6,9,2,3,0,3,0,0,1,1,0,0,0,0,8.26802E+20,5.66115E+21,1.36593E+16,5.10089E+16
46157,46158,14,6,28,380,2016,6,12,1,3,2,6,0,0,0,0,0,1,0,0,8.59772E+20,5.66687E+21,1.41331E+16,5.10404E+16
46158,46159,14,6,26,180,2016,6,15,7,3,8,1,0,1,0,1,0,0,0,0,9.0649E+20,5.66614E+21,1.47954E+16,5.10028E+16
46159,46160,14,6,25,640,2016,7,17,1,2,9,1,0,0,0,0,0,1,0,0,8.67327E+20,5.70636E+21,1.42808E+16,5.13893E+16
46160,46161,14,6,25,380,2016,5,6,4,3,4,7,0,1,0,1,0,0,0,1,8.71545E+20,5.67399E+21,1.43076E+16,5.10967E+16
46161,46162,14,5,24,200,2016,6,11,1,2,8,1,0,0,0,1,0,0,0,0,7.50456E+20,5.62827E+21,1.25509E+16,5.07521E+16
46162,46163,14,5,24,190,2016,5,14,5,2,2,6,0,0,0,1,0,0,0,0,7.4391E+20,5.63845E+21,1.2465E+16,5.08462E+16
46163,46164,14,6,12,0,2016,6,7,7,3,5,3,0,1,1,1,0,0,0,0,8.33694E+20,5.66328E+21,1.37591E+16,5.1024E+16
46164,46165,14,5,22,230,2016,6,11,7,2,0,7,0,0,0,1,0,0,1,0,7.86412E+20,5.65404E+21,1.30795E+16,5.09666E+16
46165,46166,14,6,12,0,2016,6,18,6,3,0,1,0,1,0,0,0,1,0,0,8.28504E+20,5.66801E+21,1.36897E+16,5.10694E+16
46166,46167,14,7,30,110,2016,6,5,4,3,4,1,0,0,0,1,0,0,0,1,7.54816E+20,5.70771E+21,1.26686E+16,5.14631E+16
46167,46168,14,6,27,30,2016,6,11,7,2,9,1,0,0,0,1,0,0,0,0,8.29462E+20,5.68998E+21,1.37234E+16,5.12657E+16
46168,46169,14,6,12,0,2016,5,17,3,3,5,3,0,1,1,1,0,0,0,0,8.30001E+20,5.66955E+21,1.37124E+16,5.10823E+16
46169,46170,14,6,12,0,2016,6,14,6,2,0,7,0,0,0,0,0,0,0,1,8.33078E+20,5.66914E+21,1.37558E+16,5.10768E+16