FID,OBJECTID,ULAND,UREGBEZ,UKREIS,UGEMEINDE,UJAHR,UMONAT,USTUNDE,UWOCHENTAG,UKATEGORIE,UART,UTYP1,ULICHTVERH,IstStrasse,IstRad,IstPKW,IstFuss,IstKrad,IstGkfz,IstSonstig,LINREFX,LINREFY,XGCSWGS84,YGCSWGS84
46170,46171,14,6,26,110,2016,6,7,5,2,8,1,0,0,1,0,0,0,0,0,9.1859E+20,5.68089E+21,1.4984E+16,5.11261E+16
46171,46172,14,5,24,180,2016,5,12,1,3,5,3,0,1,1,1,0,0,0,0,7.65707E+20,5.64036E+21,1.27753E+16,5.08538E+16
46172,46173,14,7,13,0,2016,6,16,5,3,5,3,0,0,1,0,0,0,0,0,7.35413E+20,5.69026E+21,1.23782E+16,5.13148E+16
46173,46174,14,6,28,110,2016,5,7,6,3,5,3,0,0,1,1,0,0,0,0,8.27125E+20,5.65914E+21,1.3662E+16,5.09907E+16
46174,46175,14,6,28,270,2016,5,8,3,3,0,3,0,0,0,1,0,0,0,1,8.46401E+20,5.65739E+21,1.3934E+16,5.09638E+16
46175,46176,14,5,23,340,2016,5,8,5,3,5,3,0,0,0,1,0,0,1,0,7.34227E+20,5.61413E+21,1.23122E+16,5.06319E+16
46176,46177,14,6,26,600,2016,6,13,7,2,0,7,0,0,0,0,0,1,0,0,8.92322E+20,5.71864E+21,1.46519E+16,5.14824E+16
46177,46178,14,6,12,0,2016,6,10,7,3,3,2,0,0,1,1,0,0,0,0,8.31514E+20,5.66894E+21,1.37333E+16,5.1076E+16
46178,46179,14,6,28,360,2016,6,14,6,2,9,7,0,1,0,1,0,0,0,0,8.69008E+20,5.66119E+21,1.42585E+16,5.09837E+16
46179,46180,14,5,24,90,2016,6,7,4,3,8,1,0,1,0,1,0,0,0,0,7.5673E+20,5.61902E+21,1.26332E+16,5.06663E+16
46180,46181,14,6,26,110,2016,6,17,7,3,0,7,0,1,1,0,0,0,0,0,9.18536E+20,5.68051E+21,1.49827E+16,5.11227E+16
46181,46182,14,6,27,360,2016,5,14,3,3,4,2,0,0,1,1,0,0,0,0,8.00848E+20,5.69443E+21,1.33182E+16,5.13214E+16
46182,46183,14,6,12,0,2016,6,7,6,3,5,7,0,0,0,1,0,1,0,0,8.29205E+20,5.66713E+21,1.36988E+16,5.10611E+16
46183,46184,14,6,25,300,2016,7,18,6,3,5,3,0,0,1,1,0,0,0,0,8.4065E+20,5.68902E+21,1.38823E+16,5.12506E+16
46184,46185,14,6,27,210,2016,6,7,6,3,1,5,0,0,0,1,0,0,0,1,8.24209E+20,5.67411E+21,1.3634E+16,5.11265E+16
46185,46186,14,5,23,430,2016,6,6,5,2,5,3,0,0,1,1,0,0,0,0,7.32199E+20,5.60529E+21,1.22781E+16,5.05533E+16
46186,46187,14,5,22,330,2016,5,10,2,2,8,1,0,0,0,0,0,1,0,0,7.77143E+20,5.64902E+21,1.2944E+16,5.09261E+16
46187,46188,14,5,11,0,2016,6,14,6,3,5,3,0,0,0,1,0,1,0,0,7.7924E+20,5.6412E+21,1.29678E+16,5.0855E+16
46188,46189,14,7,29,410,2016,5,14,6,2,5,3,0,0,0,1,0,1,0,0,7.62427E+20,5.6988E+21,1.27713E+16,5.13797E+16
46189,46190,14,6,28,300,2016,5,14,3,3,9,7,0,0,0,1,0,0,0,0,8.26727E+20,5.65559E+21,1.36532E+16,5.09591E+16
46190,46191,14,6,26,280,2016,6,18,5,3,4,6,0,0,0,1,0,0,0,1,8.98328E+20,5.65884E+21,1.46716E+16,5.09432E+16
46191,46192,14,5,23,360,2016,6,14,5,3,8,1,0,0,0,1,0,0,0,0,7.40277E+20,5.60465E+21,1.23915E+16,5.05444E+16
46192,46193,14,6,27,140,2016,6,7,2,3,5,2,0,1,0,1,0,0,0,0,8.12914E+20,5.67836E+21,1.34768E+16,5.11708E+16
46193,46194,14,7,30,340,2016,5,6,7,3,8,1,0,0,0,1,0,0,0,0,7.23353E+20,5.70693E+21,1.2216E+16,5.14694E+16
46194,46195,14,6,25,20,2016,6,6,5,3,5,3,0,0,1,0,0,0,0,1,8.79645E+20,5.68402E+21,1.44333E+16,5.11812E+16
46195,46196,14,5,23,320,2016,5,17,4,3,1,6,0,0,0,1,0,0,0,0,7.21976E+20,5.59795E+21,1.21296E+16,5.04914E+16
46196,46197,14,5,22,460,2016,7,7,4,3,5,3,0,0,0,1,0,0,0,0,7.618E+20,5.64578E+21,1.27238E+16,5.09042E+16
46197,46198,14,7,30,230,2016,6,16,3,2,5,3,0,0,1,1,0,0,0,0,7.88624E+20,5.69012E+21,1.31398E+16,5.12891E+16
46198,46199,14,7,30,140,2016,6,7,2,3,4,1,0,0,0,1,0,0,0,0,7.44784E+20,5.70312E+21,1.25213E+16,5.14263E+16
46199,46200,14,6,12,0,2016,6,8,4,3,5,3,0,0,1,1,0,0,0,0,8.32202E+20,5.66772E+21,1.3742E+16,5.10647E+16
46200,46201,14,7,29,160,2016,7,15,2,2,8,1,0,0,0,1,0,0,0,0,7.55202E+20,5.67606E+21,1.26515E+16,5.11789E+16
46201,46202,14,6,28,130,2016,6,20,4,2,9,7,1,0,0,0,0,1,0,0,8.34432E+20,5.64471E+21,1.37526E+16,5.08572E+16
46202,46203,14,6,27,140,2016,6,14,7,3,2,2,0,0,1,1,0,0,0,0,8.11791E+20,5.676E+21,1.34588E+16,5.11503E+16
46203,46204,14,5,21,30,2016,6,12,3,3,2,6,0,0,0,1,0,0,0,0,7.62375E+20,5.61156E+21,1.27076E+16,5.05969E+16
46204,46205,14,6,12,0,2016,6,12,4,2,3,6,0,0,0,1,0,0,1,0,8.31555E+20,5.67134E+21,1.37361E+16,5.10975E+16
46205,46206,14,7,30,200,2016,5,15,4,2,4,2,0,0,0,1,0,0,0,0,7.83506E+20,5.68376E+21,1.30615E+16,5.12346E+16
46206,46207,14,6,25,580,2016,6,12,5,3,2,6,0,0,0,1,0,0,0,0,8.51568E+20,5.68597E+21,1.40351E+16,5.12166E+16
46207,46208,14,6,27,140,2016,6,16,2,2,5,3,0,0,0,1,0,1,0,0,8.12673E+20,5.6771E+21,1.34723E+16,5.11597E+16
46208,46209,14,6,12,0,2016,6,9,2,3,6,4,0,0,1,0,1,0,0,0,8.33524E+20,5.66344E+21,1.37569E+16,5.10256E+16
46209,46210,14,5,21,630,2016,6,14,1,1,0,1,0,0,0,1,0,0,0,1,7.81551E+20,5.61515E+21,1.29807E+16,5.06202E+16
46210,46211,14,6,28,300,2016,7,11,1,3,2,1,0,1,1,0,0,0,0,0,8.29404E+20,5.65741E+21,1.36929E+16,5.09739E+16
46211,46212,14,6,27,100,2016,5,12,5,3,2,6,0,0,0,1,0,0,0,0,8.18151E+20,5.66642E+21,1.3541E+16,5.1061E+16
46212,46213,14,6,12,0,2016,5,10,4,3,2,7,0,0,0,0,0,1,0,1,8.28271E+20,5.66437E+21,1.3683E+16,5.10369E+16
46213,46214,14,7,30,30,2016,6,15,1,2,9,6,0,0,0,1,0,1,0,0,7.8428E+20,5.72348E+21,1.31044E+16,5.15905E+16
46214,46215,14,5,23,150,2016,5,15,5,3,1,6,0,0,0,1,0,0,0,0,7.35683E+20,5.61041E+21,1.23304E+16,5.05979E+16
46215,46216,14,5,21,710,2016,6,19,7,3,1,5,0,1,0,1,0,0,0,1,7.74052E+20,5.62169E+21,1.28797E+16,5.06824E+16
46216,46217,14,5,24,70,2016,6,9,6,2,2,2,0,1,0,1,0,0,0,0,7.61524E+20,5.62972E+21,1.27085E+16,5.07602E+16
46217,46218,14,6,25,590,2016,5,13,3,2,6,1,0,0,0,0,1,0,0,1,8.74385E+20,5.67068E+21,1.43446E+16,5.10653E+16
46218,46219,14,5,21,20,2016,6,11,6,3,8,1,0,1,0,1,0,0,0,0,7.83144E+20,5.60825E+21,1.29979E+16,5.05575E+16
46219,46220,14,6,27,50,2016,7,5,6,3,5,2,0,0,0,1,0,0,0,1,8.09765E+20,5.70577E+21,1.34557E+16,5.14183E+16
46220,46221,14,6,25,200,2016,6,20,3,1,3,6,0,0,0,0,0,1,1,0,8.50294E+20,5.67902E+21,1.40102E+16,5.11552E+16
46221,46222,14,5,23,320,2016,6,17,6,3,2,2,0,0,0,1,0,1,0,0,7.22621E+20,5.59738E+21,1.21384E+16,5.04861E+16
46222,46223,14,5,11,0,2016,5,10,3,3,8,7,0,0,0,1,0,0,0,0,7.78168E+20,5.6417E+21,1.2953E+16,5.086E+16
46223,46224,14,5,11,0,2016,6,16,6,3,2,6,0,0,0,1,0,0,0,0,7.70752E+20,5.64042E+21,1.28469E+16,5.0852E+16
46224,46225,14,5,24,320,2016,5,21,5,3,8,6,2,0,0,1,0,0,0,0,7.492E+20,5.61902E+21,1.25269E+16,5.06696E+16
46225,46226,14,5,22,290,2016,6,19,5,3,4,6,0,1,0,0,0,0,0,1,7.71202E+20,5.65677E+21,1.28654E+16,5.09985E+16
46226,46227,14,6,27,230,2016,5,12,1,2,0,1,0,0,1,0,0,0,0,0,8.00491E+20,5.68796E+21,1.33077E+16,5.12636E+16
46227,46228,14,5,21,520,2016,5,21,6,3,8,7,2,0,0,1,1,0,0,0,7.79814E+20,5.60816E+21,1.29509E+16,5.05583E+16
46228,46229,14,6,12,0,2016,6,7,5,3,5,3,0,0,1,1,0,0,0,0,8.293E+20,5.67028E+21,1.37031E+16,5.10893E+16
46229,46230,14,6,28,60,2016,6,19,5,3,8,1,0,0,0,0,0,1,0,0,8.27781E+20,5.64868E+21,1.3662E+16,5.08965E+16
46230,46231,14,5,21,20,2016,6,6,2,1,4,1,0,1,0,1,0,0,1,0,7.81961E+20,5.61344E+21,1.29851E+16,5.06046E+16
46231,46232,14,5,24,330,2016,6,14,3,3,2,6,0,0,0,1,0,0,0,0,7.47002E+20,5.6285E+21,1.25021E+16,5.07556E+16
46232,46233,14,5,21,450,2016,5,20,1,3,8,1,0,0,1,0,0,0,0,0,7.61844E+20,5.62436E+21,1.27092E+16,5.0712E+16
46233,46234,14,5,24,330,2016,5,14,6,3,4,2,0,0,0,1,0,0,0,1,7.42928E+20,5.62719E+21,1.24436E+16,5.07456E+16
46234,46235,14,5,11,0,2016,6,19,5,3,5,3,0,0,1,1,0,0,0,0,7.76919E+20,5.63758E+21,1.29322E+16,5.08236E+16
46235,46236,14,6,26,460,2016,5,16,7,2,2,6,0,0,0,1,0,1,0,0,9.05457E+20,5.71007E+21,1.48303E+16,5.13965E+16
46236,46237,14,7,29,160,2016,5,14,4,3,4,6,0,0,0,1,0,0,0,0,7.64681E+20,5.68738E+21,1.27952E+16,5.12762E+16
46237,46238,14,6,27,40,2016,6,9,3,2,0,7,0,0,1,0,0,0,1,0,8.05011E+20,5.69506E+21,1.33784E+16,5.13249E+16
46238,46239,14,6,27,110,2016,6,15,2,2,8,7,0,0,0,1,0,0,0,0,8.28918E+20,5.69985E+21,1.37247E+16,5.13545E+16
46239,46240,14,6,12,0,2016,7,15,2,3,5,3,0,0,1,1,0,0,0,0,8.30618E+20,5.66462E+21,1.37166E+16,5.10378E+16
46240,46241,14,5,21,540,2016,6,20,4,2,8,7,1,0,0,0,0,1,0,0,7.4899E+20,5.59774E+21,1.25096E+16,5.04786E+16
46241,46242,14,6,25,380,2016,5,16,6,3,2,6,0,0,0,1,0,0,0,0,8.71098E+20,5.67415E+21,1.43014E+16,5.10984E+16
46242,46243,14,5,23,320,2016,6,23,6,3,3,6,2,0,0,1,0,0,0,0,7.24843E+20,5.5994E+21,1.21709E+16,5.05034E+16
46243,46244,14,5,23,260,2016,6,16,2,2,0,7,0,0,0,1,0,0,0,0,7.29877E+20,5.6115E+21,1.22492E+16,5.061E+16
46244,46245,14,5,11,0,2016,6,14,1,3,2,6,0,0,0,1,0,0,0,0,7.76914E+20,5.63759E+21,1.29321E+16,5.08237E+16
46245,46246,14,6,25,40,2016,6,14,5,3,2,6,0,0,0,1,0,0,0,0,8.62053E+20,5.67646E+21,1.41751E+16,5.11249E+16
46246,46247,14,7,30,300,2016,6,14,5,3,0,3,0,0,1,0,0,1,0,0,7.42882E+20,5.69768E+21,1.24903E+16,5.13784E+16
46247,46248,14,5,22,430,2016,6,6,2,3,4,1,0,1,0,1,0,0,0,0,7.98873E+20,5.64719E+21,1.32509E+16,5.08989E+16
46248,46249,14,6,28,60,2016,5,10,1,3,3,6,0,0,0,1,0,1,0,0,8.25944E+20,5.64219E+21,1.36301E+16,5.08394E+16
46249,46250,14,6,12,0,2016,5,17,7,3,5,3,0,0,1,1,0,0,0,0,8.32202E+20,5.66772E+21,1.3742E+16,5.10647E+16
46250,46251,14,6,27,140,2016,6,18,5,3,6,2,0,0,0,1,0,0,0,1,8.13259E+20,5.67754E+21,1.3481E+16,5.11633E+16
46251,46252,14,7,29,360,2016,5,7,4,2,8,1,0,0,0,1,0,0,0,0,7.37102E+20,5.6657E+21,1.23862E+16,5.10937E+16
46252,46253,14,7,30,230,2016,7,12,3,3,3,6,0,0,1,1,0,0,0,0,7.8706E+20,5.69067E+21,1.31179E+16,5.12948E+16
46253,46254,14,6,26,390,2016,6,15,3,3,4,6,0,1,0,1,0,0,0,1,9.02333E+20,5.66041E+21,1.47301E+16,5.09545E+16
46254,46255,14,6,27,140,2016,6,14,2,3,2,4,0,0,0,1,1,0,0,0,8.14583E+20,5.67807E+21,1.35004E+16,5.11674E+16
46255,46256,14,6,25,20,2016,7,7,2,3,4,2,0,0,1,0,0,0,0,1,8.79979E+20,5.68313E+21,1.44371E+16,5.11731E+16
46256,46257,14,6,12,0,2016,6,7,4,3,2,6,0,1,0,1,0,0,0,0,8.30644E+20,5.67196E+21,1.37237E+16,5.11035E+16
46257,46258,14,7,29,140,2016,5,9,6,2,5,3,0,0,0,1,0,0,0,0,7.49104E+20,5.65941E+21,1.2553E+16,5.10322E+16
46258,46259,14,5,21,250,2016,6,13,7,2,9,1,0,0,0,0,0,1,0,1,7.88613E+20,5.61638E+21,1.30812E+16,5.06277E+16
46259,46260,14,5,21,690,2016,6,3,3,1,9,7,1,0,0,1,0,0,0,0,7.90409E+20,5.62743E+21,1.31152E+16,5.07259E+16
46260,46261,14,6,12,0,2016,6,18,1,2,9,1,0,1,0,0,0,1,0,0,8.39627E+20,5.66789E+21,1.38477E+16,5.10618E+16
46261,46262,14,5,21,130,2016,5,15,6,2,5,3,0,0,0,1,0,1,0,0,7.78955E+20,5.60193E+21,1.29341E+16,5.05028E+16
46262,46263,14,6,28,60,2016,6,15,5,3,6,7,0,1,1,0,1,0,0,0,8.29469E+20,5.64183E+21,1.36797E+16,5.08342E+16
46263,46264,14,5,24,20,2016,6,13,1,3,8,7,0,0,0,0,0,1,0,0,7.58919E+20,5.63954E+21,1.26785E+16,5.08495E+16
46264,46265,14,7,13,0,2016,6,12,7,3,3,2,0,0,0,1,0,1,0,0,7.35033E+20,5.69704E+21,1.23773E+16,5.13759E+16
46265,46266,14,7,29,40,2016,6,16,6,3,2,6,0,0,0,1,0,1,0,0,7.36419E+20,5.67929E+21,1.23854E+16,5.1216E+16
46266,46267,14,5,22,460,2016,7,11,1,2,8,1,0,0,0,0,0,1,0,0,7.60109E+20,5.65636E+21,1.27074E+16,5.09999E+16
46267,46268,14,5,11,0,2016,5,10,5,3,5,7,0,0,1,0,0,0,1,0,7.76031E+20,5.64167E+21,1.29227E+16,5.08607E+16
46268,46269,14,5,23,10,2016,5,14,3,3,2,2,0,1,0,1,0,0,0,0,7.31846E+20,5.57921E+21,1.2257E+16,5.03194E+16
46269,46270,14,6,28,210,2016,6,15,1,3,5,3,0,0,0,1,0,0,0,0,8.54803E+20,5.65369E+21,1.40496E+16,5.09255E+16
46270,46271,14,5,24,150,2016,6,4,6,2,0,7,1,1,0,1,0,0,0,0,7.52153E+20,5.61532E+21,1.2566E+16,5.06351E+16
46271,46272,14,6,25,560,2016,6,17,6,3,6,7,0,0,1,0,0,0,0,1,8.84321E+20,5.67063E+21,1.44857E+16,5.10582E+16
46272,46273,14,6,28,110,2016,5,5,3,3,8,1,0,0,0,1,0,0,0,0,8.24995E+20,5.6567E+21,1.36296E+16,5.097E+16
46273,46274,14,5,22,140,2016,6,22,6,3,8,1,2,1,0,1,0,0,0,0,7.90947E+20,5.64224E+21,1.31345E+16,5.08585E+16
46274,46275,14,6,28,110,2016,7,13,6,3,6,7,0,0,0,1,1,0,0,0,8.26263E+20,5.66024E+21,1.36508E+16,5.1001E+16
46275,46276,14,5,22,500,2016,6,16,3,3,6,4,0,0,0,1,1,0,0,0,7.83459E+20,5.65486E+21,1.30382E+16,5.09754E+16
46276,46277,14,7,30,30,2016,6,18,6,3,3,6,0,0,1,1,0,0,0,0,7.85015E+20,5.7237E+21,1.31152E+16,5.15921E+16
46277,46278,14,5,24,220,2016,5,14,2,3,2,6,0,0,1,1,0,0,0,0,7.63943E+20,5.64172E+21,1.27513E+16,5.08668E+16
46278,46279,14,5,23,360,2016,6,16,5,3,5,3,0,0,0,1,0,0,0,1,7.41203E+20,5.60336E+21,1.24037E+16,5.05324E+16
46279,46280,14,5,23,340,2016,5,7,2,2,4,2,0,0,0,1,0,0,0,0,7.34289E+20,5.61227E+21,1.23119E+16,5.06151E+16
46280,46281,14,5,23,310,2016,6,7,3,3,5,3,0,0,0,1,0,0,0,0,7.11742E+20,5.60698E+21,1.19907E+16,5.05763E+16
46281,46282,14,5,22,500,2016,6,12,5,3,2,6,0,0,0,1,0,0,0,0,7.83116E+20,5.65585E+21,1.30341E+16,5.09845E+16
46282,46283,14,5,21,110,2016,5,12,1,3,9,1,0,0,0,1,0,0,0,0,7.65896E+20,5.60051E+21,1.27494E+16,5.04961E+16
46283,46284,14,6,26,580,2016,6,10,3,3,9,1,0,0,0,1,0,0,0,0,9.03115E+20,5.69019E+21,1.47744E+16,5.12203E+16
46284,46285,14,5,24,320,2016,6,10,4,2,8,7,0,0,0,1,0,0,0,0,7.49173E+20,5.6194E+21,1.25267E+16,5.06731E+16
46285,46286,14,5,22,340,2016,6,15,5,3,9,1,0,0,0,1,0,0,0,0,8.10599E+20,5.63984E+21,1.34109E+16,5.08268E+16
46286,46287,14,6,26,60,2016,6,18,1,2,2,6,0,0,0,1,0,0,0,0,8.93207E+20,5.71282E+21,1.46581E+16,5.14297E+16
46287,46288,14,5,24,120,2016,6,11,3,3,5,3,0,0,0,1,0,1,0,0,7.61135E+20,5.63402E+21,1.2706E+16,5.0799E+16
46288,46289,14,6,12,0,2016,5,18,2,3,2,6,0,0,0,1,0,0,0,0,8.32422E+20,5.66582E+21,1.37434E+16,5.10475E+16
46289,46290,14,5,22,340,2016,5,12,1,2,8,6,0,0,0,0,0,1,0,0,8.10708E+20,5.63977E+21,1.34124E+16,5.08261E+16
46290,46291,14,7,29,410,2016,5,19,6,3,0,3,0,0,1,1,0,0,0,0,7.59557E+20,5.69722E+21,1.27291E+16,5.13668E+16
46291,46292,14,5,23,10,2016,6,10,4,3,1,2,0,1,0,1,0,1,0,0,7.3159E+20,5.57803E+21,1.22527E+16,5.03088E+16
46292,46293,14,6,28,205,2016,5,15,7,3,0,1,0,0,1,0,0,0,0,0,8.22197E+20,5.65357E+21,1.35871E+16,5.09436E+16
46293,46294,14,7,13,0,2016,5,17,4,3,2,7,0,0,0,1,0,0,0,0,7.43343E+20,5.69506E+21,1.24951E+16,5.13546E+16
46294,46295,14,5,21,710,2016,6,20,3,3,0,1,0,0,1,0,0,0,0,0,7.69094E+20,5.61982E+21,1.28083E+16,5.0668E+16
46295,46296,14,5,21,30,2016,6,9,2,2,5,2,0,0,0,1,0,1,0,0,7.61867E+20,5.61043E+21,1.26997E+16,5.05869E+16
46296,46297,14,5,21,30,2016,7,9,2,3,2,6,0,0,0,1,0,0,0,0,7.61721E+20,5.61057E+21,1.26977E+16,5.05882E+16
46297,46298,14,5,24,10,2016,6,15,3,3,2,6,0,0,0,1,0,0,0,0,7.58362E+20,5.63055E+21,1.26643E+16,5.0769E+16
46298,46299,14,6,12,0,2016,5,19,6,3,0,1,0,1,1,0,0,0,0,0,8.31816E+20,5.6676E+21,1.37364E+16,5.10638E+16
46299,46300,14,7,30,270,2016,6,15,6,3,5,3,0,0,1,1,0,0,0,0,7.24614E+20,5.69856E+21,1.22288E+16,5.13938E+16
46300,46301,14,5,24,330,2016,6,12,7,3,4,2,0,0,0,1,0,0,0,0,7.48512E+20,5.62444E+21,1.25208E+16,5.07186E+16
46301,46302,14,7,13,0,2016,6,22,6,3,2,6,2,0,0,1,0,0,0,0,7.35071E+20,5.69024E+21,1.23733E+16,5.13148E+16
46302,46303,14,6,26,370,2016,5,15,5,3,4,6,0,0,0,1,0,0,0,1,9.04787E+20,5.70294E+21,1.48126E+16,5.13333E+16
46303,46304,14,5,21,540,2016,6,11,5,2,2,6,0,1,0,1,0,0,0,0,7.52153E+20,5.60094E+21,1.25563E+16,5.05061E+16
46304,46305,14,5,21,590,2016,6,16,7,3,0,1,0,0,0,0,0,1,0,0,7.61115E+20,5.61814E+21,1.26945E+16,5.06565E+16
46305,46306,14,7,29,70,2016,5,7,3,3,5,3,0,0,1,1,0,0,0,0,7.48748E+20,5.69263E+21,1.25709E+16,5.13305E+16
46306,46307,14,6,25,240,2016,6,15,6,3,4,6,0,0,0,1,0,0,0,0,8.64361E+20,5.70788E+21,1.42399E+16,5.14048E+16
46307,46308,14,5,24,20,2016,7,17,6,2,5,3,0,0,0,1,0,0,0,0,7.5606E+20,5.6389E+21,1.26376E+16,5.0845E+16
46308,46309,14,7,13,0,2016,6,20,6,3,2,6,0,0,0,1,0,0,0,0,7.33255E+20,5.70099E+21,1.23544E+16,5.14121E+16
46309,46310,14,6,12,0,2016,6,16,6,2,6,4,0,0,0,1,1,0,0,0,8.30797E+20,5.66874E+21,1.3723E+16,5.10746E+16
46310,46311,14,7,13,0,2016,5,14,2,3,2,2,0,0,0,1,0,0,0,0,7.36066E+20,5.69382E+21,1.239E+16,5.13466E+16
46311,46312,14,6,12,0,2016,6,17,6,2,5,2,0,0,0,1,0,1,0,0,8.33705E+20,5.66779E+21,1.37634E+16,5.10644E+16
46312,46313,14,5,24,300,2016,5,13,2,3,5,3,0,0,0,1,0,1,0,0,7.38297E+20,5.6261E+21,1.23774E+16,5.07377E+16
46313,46314,14,5,21,30,2016,7,6,6,2,9,7,0,0,0,1,0,0,0,0,7.60222E+20,5.61147E+21,1.26772E+16,5.0597E+16
46314,46315,14,5,24,290,2016,6,8,6,2,8,1,0,1,0,1,0,0,0,0,7.55677E+20,5.64487E+21,1.26363E+16,5.08988E+16
46315,46316,14,7,29,400,2016,5,16,5,3,4,6,0,0,0,1,0,0,0,0,7.61113E+20,5.68629E+21,1.27434E+16,5.12681E+16
46316,46317,14,6,27,180,2016,6,16,5,3,3,6,0,0,0,1,0,0,0,0,7.99063E+20,5.66139E+21,1.32652E+16,5.10261E+16
46317,46318,14,6,28,260,2016,6,3,1,3,9,1,2,1,0,1,0,0,0,0,8.64632E+20,5.666E+21,1.42013E+16,5.10296E+16
46318,46319,14,5,22,460,2016,6,9,4,3,3,2,0,0,0,1,0,0,0,0,7.62449E+20,5.64694E+21,1.27339E+16,5.09143E+16
46319,46320,14,7,30,300,2016,6,16,6,3,3,6,0,0,0,1,0,0,0,0,7.41608E+20,5.69649E+21,1.24712E+16,5.13681E+16
46320,46321,14,6,28,110,2016,7,12,7,3,2,2,0,1,1,1,0,0,0,0,8.28673E+20,5.66057E+21,1.36853E+16,5.10026E+16
46321,46322,14,7,29,160,2016,5,15,4,3,0,7,0,1,0,0,0,1,0,1,7.60297E+20,5.68337E+21,1.27296E+16,5.12422E+16
46322,46323,14,7,29,245,2016,5,7,3,2,5,2,0,0,0,1,0,1,0,0,7.64443E+20,5.69951E+21,1.28008E+16,5.13851E+16
46323,46324,14,6,28,90,2016,6,20,1,3,4,1,0,1,0,1,0,0,0,1,8.22046E+20,5.6537E+21,1.35851E+16,5.09448E+16
46324,46325,14,6,28,270,2016,6,14,6,2,4,1,0,1,0,1,0,0,0,1,8.47453E+20,5.65682E+21,1.39484E+16,5.0958E+16
46325,46326,14,5,22,230,2016,5,11,3,3,5,3,0,0,0,1,0,0,0,0,7.87583E+20,5.6541E+21,1.30962E+16,5.09666E+16
46326,46327,14,7,13,0,2016,6,17,5,2,2,6,0,0,0,1,0,0,0,0,7.43313E+20,5.69512E+21,1.24947E+16,5.13551E+16
46327,46328,14,5,21,420,2016,7,18,6,2,1,2,0,0,0,1,0,0,0,1,7.67908E+20,5.62723E+21,1.2797E+16,5.07349E+16
46328,46329,14,5,11,0,2016,6,7,3,3,2,6,0,0,0,1,0,0,0,0,7.74998E+20,5.63937E+21,1.29063E+16,5.08405E+16
46329,46330,14,7,30,70,2016,6,7,5,3,8,1,0,0,0,0,0,1,0,0,7.3835E+20,5.71648E+21,1.2438E+16,5.1549E+16
46330,46331,14,6,25,430,2016,5,9,2,3,5,3,0,0,1,1,0,0,0,0,8.37021E+20,5.67942E+21,1.38215E+16,5.11667E+16
46331,46332,14,7,29,70,2016,6,7,3,2,6,4,0,0,0,1,1,0,0,0,7.5017E+20,5.69257E+21,1.25912E+16,5.13293E+16
46332,46333,14,6,28,20,2016,6,12,4,3,4,1,0,1,0,1,0,0,0,0,8.50142E+20,5.64281E+21,1.39732E+16,5.08309E+16
46333,46334,14,5,22,340,2016,5,17,1,3,8,1,0,0,0,1,0,0,0,0,8.10061E+20,5.6406E+21,1.34039E+16,5.08339E+16
46334,46335,14,6,25,440,2016,7,19,4,3,8,1,0,0,0,1,0,0,0,0,8.67213E+20,5.68724E+21,1.42595E+16,5.12182E+16
46335,46336,14,6,12,0,2016,6,9,3,2,8,1,0,0,0,1,0,0,0,0,8.44124E+20,5.66821E+21,1.3912E+16,5.1062E+16
46336,46337,14,7,29,50,2016,6,12,4,3,8,1,0,0,0,1,0,0,0,0,7.4417E+20,5.6682E+21,1.24887E+16,5.11132E+16
46337,46338,14,6,28,80,2016,7,10,3,3,0,7,0,0,0,1,0,0,0,0,8.42313E+20,5.65534E+21,1.38741E+16,5.09478E+16
46338,46339,14,5,22,310,2016,6,14,5,2,4,6,0,0,0,1,0,0,1,0,7.76005E+20,5.67859E+21,1.29504E+16,5.11919E+16
46339,46340,14,6,27,30,2016,6,17,1,3,5,3,0,0,0,1,0,0,0,0,8.27905E+20,5.68655E+21,1.3698E+16,5.12359E+16
46340,46341,14,7,13,0,2016,6,8,3,3,5,2,0,0,1,0,0,0,0,1,7.36496E+20,5.69223E+21,1.23951E+16,5.13321E+16
46341,46342,14,7,30,190,2016,5,16,1,3,8,1,0,0,0,0,0,1,0,0,7.68922E+20,5.71528E+21,1.2877E+16,5.15245E+16
46342,46343,14,7,30,20,2016,5,17,7,2,8,1,0,0,0,0,0,1,0,0,7.47042E+20,5.72147E+21,1.25666E+16,5.159E+16
46343,46344,14,7,13,0,2016,6,7,4,3,5,3,0,0,1,0,0,0,0,1,7.3384E+20,5.69319E+21,1.23576E+16,5.13418E+16
46344,46345,14,5,11,0,2016,5,10,7,2,2,1,0,0,0,1,0,0,0,0,7.76471E+20,5.64456E+21,1.29311E+16,5.08864E+16
46345,46346,14,6,26,390,2016,5,10,4,3,2,6,0,0,0,1,0,0,0,0,8.98772E+20,5.66235E+21,1.46818E+16,5.09743E+16
46346,46347,14,7,29,410,2016,6,12,2,3,0,7,0,1,0,0,0,1,0,1,7.59197E+20,5.69913E+21,1.27253E+16,5.13841E+16
46347,46348,14,5,22,220,2016,6,23,2,3,2,6,2,0,0,1,0,0,0,1,7.7949E+20,5.67865E+21,1.30002E+16,5.11908E+16