FID,OBJECTID,ULAND,UREGBEZ,UKREIS,UGEMEINDE,UJAHR,UMONAT,USTUNDE,UWOCHENTAG,UKATEGORIE,UART,UTYP1,ULICHTVERH,IstStrasse,IstRad,IstPKW,IstFuss,IstKrad,IstGkfz,IstSonstig,LINREFX,LINREFY,XGCSWGS84,YGCSWGS84
46348,46349,14,5,24,180,2016,6,3,1,3,6,4,1,0,0,1,1,0,0,0,7.6557E+20,5.63956E+21,1.27728E+16,5.08467E+16
46349,46350,14,5,23,340,2016,7,16,1,3,3,6,0,0,0,1,0,1,0,0,7.34583E+20,5.6117E+21,1.23157E+16,5.061E+16
46350,46351,14,5,22,300,2016,5,6,6,3,6,6,0,0,0,1,1,0,0,0,7.84695E+20,5.66224E+21,1.30615E+16,5.1041E+16
46351,46352,14,7,30,70,2016,5,10,5,3,2,2,0,0,0,1,0,0,0,0,7.30003E+20,5.71377E+21,1.2316E+16,5.15281E+16
46352,46353,14,7,30,80,2016,6,8,7,2,5,3,0,0,0,1,0,0,0,0,7.53837E+20,5.71286E+21,1.26583E+16,5.15098E+16
46353,46354,14,6,27,270,2016,6,23,7,3,8,1,2,0,0,1,0,0,0,0,7.97338E+20,5.69502E+21,1.32685E+16,5.13286E+16
46354,46355,14,6,26,110,2016,6,21,6,3,5,3,1,0,0,1,0,0,0,0,9.17642E+20,5.68404E+21,1.49741E+16,5.1155E+16
46355,46356,14,5,22,170,2016,6,18,5,3,5,2,0,1,0,1,0,0,0,1,8.19774E+20,5.63762E+21,1.35388E+16,5.08019E+16
46356,46357,14,6,26,610,2016,6,16,7,3,5,3,0,1,0,1,0,0,0,0,9.07465E+20,5.65371E+21,1.47953E+16,5.08909E+16
46357,46358,14,6,25,290,2016,5,17,3,3,5,3,0,1,0,1,0,0,0,0,8.83059E+20,5.6827E+21,1.44805E+16,5.11671E+16
46358,46359,14,6,27,140,2016,6,13,6,3,0,3,0,0,1,0,0,1,0,0,8.14174E+20,5.67798E+21,1.34945E+16,5.11668E+16
46359,46360,14,7,30,270,2016,7,17,6,3,3,6,0,0,0,1,0,0,0,0,7.22128E+20,5.7016E+21,1.2195E+16,5.1422E+16
46360,46361,14,6,28,260,2016,6,9,6,3,2,6,0,0,0,0,0,0,1,1,8.64125E+20,5.67222E+21,1.42003E+16,5.10856E+16
46361,46362,14,5,22,90,2016,6,11,6,3,9,1,0,1,0,1,0,0,0,0,8.12037E+20,5.63424E+21,1.34265E+16,5.07758E+16
46362,46363,14,6,12,0,2016,5,12,2,3,2,6,0,0,0,1,0,0,0,0,8.29619E+20,5.66381E+21,1.37017E+16,5.10311E+16
46363,46364,14,5,21,510,2016,6,11,6,3,3,2,0,0,0,1,0,1,0,0,7.76809E+20,5.60586E+21,1.29069E+16,5.05391E+16
46364,46365,14,7,29,260,2016,5,7,6,3,2,6,0,0,0,1,0,0,0,0,7.35883E+20,5.68561E+21,1.23819E+16,5.1273E+16
46365,46366,14,6,28,110,2016,5,19,3,2,5,3,0,0,0,1,0,0,0,0,8.25243E+20,5.66215E+21,1.3638E+16,5.10188E+16
46366,46367,14,5,22,210,2016,7,7,6,3,5,3,0,0,0,1,0,0,0,1,8.0195E+20,5.66133E+21,1.33062E+16,5.10241E+16
46367,46368,14,6,25,20,2016,6,14,2,2,5,3,0,0,1,0,0,0,1,0,8.82816E+20,5.68551E+21,1.44801E+16,5.11924E+16
46368,46369,14,6,25,10,2016,6,14,5,3,8,1,0,0,0,1,0,0,0,0,8.51206E+20,5.67265E+21,1.4017E+16,5.10975E+16
46369,46370,14,6,12,0,2016,5,16,2,3,8,1,0,0,0,1,0,0,0,0,8.4396E+20,5.66109E+21,1.39029E+16,5.09983E+16
46370,46371,14,6,25,200,2016,5,20,4,3,5,3,0,0,1,1,0,0,0,0,8.51066E+20,5.67793E+21,1.40201E+16,5.11449E+16
46371,46372,14,5,23,280,2016,6,21,3,3,2,6,2,1,0,1,0,0,0,0,7.38322E+20,5.61787E+21,1.23724E+16,5.06639E+16
46372,46373,14,6,27,140,2016,7,6,4,2,5,3,0,0,0,1,0,1,0,0,8.15322E+20,5.6783E+21,1.35111E+16,5.1169E+16
46373,46374,14,7,13,0,2016,6,18,2,3,3,2,0,0,1,1,0,0,0,0,7.32803E+20,5.69276E+21,1.23425E+16,5.13384E+16
46374,46375,14,6,27,210,2016,6,15,4,2,3,2,0,0,1,1,0,0,0,0,8.28447E+20,5.67117E+21,1.36917E+16,5.10977E+16
46375,46376,14,5,23,170,2016,7,15,2,3,4,6,0,0,0,1,0,0,1,0,7.40534E+20,5.61034E+21,1.23988E+16,5.05953E+16
46376,46377,14,6,27,210,2016,6,13,4,3,5,3,0,0,1,0,0,0,0,1,8.26555E+20,5.67185E+21,1.36654E+16,5.11049E+16
46377,46378,14,6,25,450,2016,6,13,7,2,4,1,0,0,0,1,0,0,0,0,8.50648E+20,5.68358E+21,1.40197E+16,5.11957E+16
46378,46379,14,6,28,80,2016,6,18,3,3,8,7,0,0,0,1,0,0,0,0,8.40429E+20,5.65727E+21,1.38492E+16,5.09662E+16
46379,46380,14,6,28,270,2016,6,20,4,3,2,6,0,0,0,1,0,0,0,0,8.46211E+20,5.65708E+21,1.3931E+16,5.0961E+16
46380,46381,14,6,25,50,2016,5,22,4,2,9,1,2,0,0,1,0,0,0,0,8.55537E+20,5.67897E+21,1.40848E+16,5.11515E+16
46381,46382,14,7,30,250,2016,6,5,2,3,8,1,0,1,0,1,0,0,0,0,7.32358E+20,5.70786E+21,1.2346E+16,5.14741E+16
46382,46383,14,7,13,0,2016,6,10,5,3,2,2,0,0,0,1,1,0,0,0,7.38703E+20,5.68927E+21,1.24247E+16,5.13046E+16
46383,46384,14,6,28,210,2016,5,9,2,3,9,7,0,0,0,1,0,0,0,0,8.59745E+20,5.65382E+21,1.41198E+16,5.09236E+16
46384,46385,14,6,25,480,2016,6,15,3,3,2,6,0,0,0,1,0,1,0,0,8.45581E+20,5.67589E+21,1.394E+16,5.11299E+16
46385,46386,14,6,28,340,2016,6,9,4,1,4,6,0,1,0,1,0,0,0,0,8.54117E+20,5.6484E+21,1.40348E+16,5.08785E+16
46386,46387,14,5,24,60,2016,5,15,7,3,8,7,0,0,0,1,0,0,0,0,7.38119E+20,5.62192E+21,1.23722E+16,5.07002E+16
46387,46388,14,6,27,30,2016,7,15,4,3,0,7,0,0,0,1,0,1,0,0,8.2635E+20,5.6892E+21,1.36782E+16,5.12606E+16
46388,46389,14,5,24,330,2016,6,8,2,3,2,6,0,0,0,1,0,1,0,0,7.46025E+20,5.62451E+21,1.24857E+16,5.07203E+16
46389,46390,14,6,26,110,2016,6,11,4,3,2,6,0,0,0,1,0,0,0,0,9.189E+20,5.68304E+21,1.49908E+16,5.11451E+16
46390,46391,14,5,22,250,2016,7,12,3,3,5,3,0,0,0,1,0,0,0,0,7.77643E+20,5.66845E+21,1.29659E+16,5.11002E+16
46391,46392,14,6,26,280,2016,6,12,4,3,1,7,0,1,0,1,0,1,0,0,8.96879E+20,5.66009E+21,1.46525E+16,5.09553E+16
46392,46393,14,7,30,70,2016,6,15,7,3,5,3,0,0,0,1,0,0,0,0,7.33167E+20,5.71527E+21,1.23625E+16,5.15403E+16
46393,46394,14,6,25,560,2016,6,10,3,3,1,2,0,0,0,1,0,0,0,0,8.80281E+20,5.66951E+21,1.44271E+16,5.10509E+16
46394,46395,14,6,26,110,2016,5,9,1,3,3,2,0,0,1,1,0,0,0,0,9.18189E+20,5.68231E+21,1.49799E+16,5.11391E+16
46395,46396,14,6,25,130,2016,6,20,4,3,4,6,0,0,0,1,0,0,0,0,8.57469E+20,5.68844E+21,1.41218E+16,5.12351E+16
46396,46397,14,5,24,120,2016,5,13,6,2,4,2,0,0,0,1,0,1,0,0,7.62776E+20,5.63466E+21,1.27297E+16,5.0804E+16
46397,46398,14,6,25,370,2016,5,12,4,2,9,7,0,0,0,1,0,0,0,0,8.42049E+20,5.69397E+21,1.3907E+16,5.12941E+16
46398,46399,14,6,26,290,2016,6,8,2,3,2,2,0,0,0,1,0,0,0,0,8.94924E+20,5.67798E+21,1.46443E+16,5.11168E+16
46399,46400,14,6,25,240,2016,6,15,2,3,2,6,0,0,0,1,0,0,0,0,8.57619E+20,5.70769E+21,1.41432E+16,5.14073E+16
46400,46401,14,7,29,270,2016,6,20,1,3,9,1,0,1,0,1,0,0,0,0,7.23555E+20,5.68754E+21,1.22067E+16,5.12952E+16
46401,46402,14,7,30,45,2016,7,13,1,2,8,7,0,0,0,1,0,0,0,0,7.82994E+20,5.71174E+21,1.30765E+16,5.14859E+16
46402,46403,14,5,21,130,2016,6,12,2,3,5,3,0,0,0,1,0,0,0,0,7.78954E+20,5.60193E+21,1.29341E+16,5.05028E+16
46403,46404,14,7,30,270,2016,5,14,5,2,2,6,0,0,0,1,0,0,0,0,7.21984E+20,5.69537E+21,1.21891E+16,5.13661E+16
46404,46405,14,6,25,410,2016,6,15,7,3,2,6,0,0,0,1,0,0,0,0,8.53818E+20,5.68077E+21,1.40621E+16,5.11687E+16
46405,46406,14,6,27,140,2016,6,17,7,1,4,6,0,1,0,1,0,0,0,0,8.15066E+20,5.67512E+21,1.35047E+16,5.11406E+16
46406,46407,14,6,27,180,2016,6,18,6,3,2,6,0,1,0,1,0,0,0,1,8.04844E+20,5.66873E+21,1.33536E+16,5.10889E+16
46407,46408,14,5,23,170,2016,6,18,4,3,9,1,0,1,0,1,0,0,0,0,7.38751E+20,5.60773E+21,1.2372E+16,5.05726E+16
46408,46409,14,6,27,60,2016,6,19,7,2,8,1,0,0,0,0,0,1,0,0,8.12983E+20,5.70062E+21,1.34973E+16,5.13704E+16
46409,46410,14,6,28,410,2016,5,6,3,3,5,2,0,0,0,1,0,0,1,0,8.11753E+20,5.66481E+21,1.34486E+16,5.10501E+16
46410,46411,14,6,26,110,2016,7,10,6,3,6,4,0,0,0,1,1,0,0,0,9.18156E+20,5.68424E+21,1.49817E+16,5.11563E+16
46411,46412,14,6,28,205,2016,6,17,6,2,8,1,0,0,0,1,0,0,0,0,8.24061E+20,5.65022E+21,1.36106E+16,5.09125E+16
46412,46413,14,5,24,330,2016,6,7,5,3,4,6,0,0,0,1,0,0,1,0,7.43467E+20,5.61753E+21,1.24449E+16,5.06587E+16
46413,46414,14,5,11,0,2016,5,9,2,2,6,4,0,0,0,1,1,0,0,0,7.75567E+20,5.63605E+21,1.29119E+16,5.08105E+16
46414,46415,14,5,24,170,2016,6,14,5,3,3,6,0,0,0,1,0,0,0,0,7.46138E+20,5.6242E+21,1.2487E+16,5.07174E+16
46415,46416,14,6,25,120,2016,5,18,6,2,4,2,0,0,1,1,0,0,0,0,8.60801E+20,5.7132E+21,1.41944E+16,5.14547E+16
46416,46417,14,5,22,60,2016,5,15,3,2,5,3,0,0,0,1,0,0,0,0,7.69756E+20,5.64991E+21,1.28398E+16,5.09376E+16
46417,46418,14,6,26,110,2016,6,16,5,3,5,3,0,0,1,1,0,0,0,0,9.16257E+20,5.68484E+21,1.49553E+16,5.11631E+16
46418,46419,14,7,13,0,2016,6,16,5,3,9,1,0,1,0,1,0,0,0,0,7.35614E+20,5.68745E+21,1.23793E+16,5.12895E+16
46419,46420,14,5,21,710,2016,6,9,2,3,2,6,0,1,0,1,0,0,1,0,7.69635E+20,5.61392E+21,1.28117E+16,5.06148E+16
46420,46421,14,6,25,320,2016,5,22,7,3,2,6,2,0,0,1,0,0,0,0,8.4823E+20,5.67976E+21,1.39815E+16,5.11631E+16
46421,46422,14,6,27,360,2016,6,15,5,2,5,3,0,0,0,1,0,1,0,0,8.00101E+20,5.69524E+21,1.33082E+16,5.13291E+16
46422,46423,14,6,26,110,2016,5,12,4,3,9,1,0,0,0,1,0,0,0,0,9.16266E+20,5.6739E+21,1.49429E+16,5.10652E+16
46423,46424,14,5,24,300,2016,7,5,3,3,8,1,0,1,0,0,0,1,0,0,7.40217E+20,5.62701E+21,1.24051E+16,5.07451E+16
46424,46425,14,7,29,350,2016,6,18,3,2,0,6,0,0,1,0,0,0,0,1,7.27172E+20,5.67432E+21,1.22501E+16,5.11751E+16
46425,46426,14,6,25,600,2016,6,15,2,3,3,2,0,0,0,1,0,1,0,0,8.42723E+20,5.67772E+21,1.39011E+16,5.11481E+16
46426,46427,14,5,11,0,2016,6,14,4,3,2,6,0,0,0,1,0,0,0,0,7.7719E+20,5.63993E+21,1.29378E+16,5.08445E+16
46427,46428,14,6,25,600,2016,7,13,2,3,8,1,0,0,0,1,0,0,0,0,8.40568E+20,5.6795E+21,1.38721E+16,5.11653E+16
46428,46429,14,6,12,0,2016,6,19,4,3,5,2,0,0,1,1,0,0,0,0,8.29849E+20,5.66543E+21,1.37065E+16,5.10455E+16
46429,46430,14,6,12,0,2016,6,8,7,3,0,2,0,0,1,1,0,0,0,0,8.31664E+20,5.6643E+21,1.37312E+16,5.10344E+16
46430,46431,14,5,21,410,2016,6,9,3,3,2,6,0,0,0,1,0,0,0,1,7.69686E+20,5.63257E+21,1.2826E+16,5.0782E+16
46431,46432,14,5,22,440,2016,5,16,6,3,2,2,0,1,0,1,0,0,0,0,7.93488E+20,5.64277E+21,1.31709E+16,5.0862E+16
46432,46433,14,6,25,20,2016,6,18,5,2,2,6,0,0,0,1,0,0,1,0,8.79349E+20,5.68397E+21,1.44291E+16,5.1181E+16
46433,46434,14,6,28,80,2016,6,4,2,3,8,1,2,0,0,0,0,0,1,0,8.38151E+20,5.65786E+21,1.38174E+16,5.09729E+16
46434,46435,14,5,24,230,2016,6,16,7,3,5,3,0,0,0,1,0,1,0,0,7.64002E+20,5.63311E+21,1.2746E+16,5.07896E+16
46435,46436,14,6,12,0,2016,7,1,1,3,9,1,2,1,0,1,0,0,0,0,8.40826E+20,5.67265E+21,1.38693E+16,5.11038E+16
46436,46437,14,6,12,0,2016,5,17,5,3,0,6,0,0,0,0,0,0,0,1,8.3312E+20,5.6692E+21,1.37564E+16,5.10774E+16
46437,46438,14,5,21,460,2016,5,11,4,2,0,1,0,0,1,0,0,0,0,0,8.06361E+20,5.62074E+21,1.3335E+16,5.06577E+16
46438,46439,14,7,29,410,2016,6,12,1,2,5,3,0,0,0,1,0,1,0,0,7.62424E+20,5.6988E+21,1.27713E+16,5.13796E+16
46439,46440,14,5,24,280,2016,6,12,7,3,3,6,0,0,0,1,0,0,0,0,7.5674E+20,5.63601E+21,1.26452E+16,5.08188E+16
46440,46441,14,5,23,170,2016,6,6,6,2,4,1,0,1,0,1,0,0,0,0,7.37649E+20,5.60844E+21,1.23569E+16,5.05794E+16
46441,46442,14,6,28,270,2016,5,16,3,3,5,3,0,0,1,1,0,0,0,0,8.46975E+20,5.65675E+21,1.39416E+16,5.09577E+16
46442,46443,14,5,22,500,2016,6,16,6,3,2,6,0,0,0,1,0,0,0,0,7.87786E+20,5.65637E+21,1.31009E+16,5.09869E+16
46443,46444,14,6,27,140,2016,7,16,6,3,2,6,0,0,0,1,0,0,0,0,8.13363E+20,5.67759E+21,1.34826E+16,5.11637E+16
46444,46445,14,6,12,0,2016,6,15,3,3,2,6,0,0,0,1,0,0,0,0,8.24478E+20,5.66977E+21,1.3634E+16,5.10874E+16
46445,46446,14,5,23,260,2016,6,14,6,3,9,1,0,0,0,0,0,1,0,0,7.27349E+20,5.61105E+21,1.22133E+16,5.0607E+16
46446,46447,14,5,24,50,2016,5,10,3,3,3,6,0,0,0,1,0,0,1,0,7.44408E+20,5.63628E+21,1.24706E+16,5.08265E+16
46447,46448,14,7,29,320,2016,6,6,5,2,5,3,0,0,0,1,0,0,0,0,7.40498E+20,5.67268E+21,1.24393E+16,5.1155E+16
46448,46449,14,6,28,270,2016,6,14,2,3,5,3,0,0,1,1,0,0,0,0,8.46942E+20,5.65607E+21,1.39405E+16,5.09516E+16
46449,46450,14,6,12,0,2016,6,8,2,3,2,6,0,0,1,0,0,0,0,0,8.2905E+20,5.66512E+21,1.36948E+16,5.10432E+16
46450,46451,14,6,12,0,2016,6,13,1,3,5,3,0,0,0,1,0,0,0,0,8.37692E+20,5.66664E+21,1.38191E+16,5.10518E+16
46451,46452,14,6,26,110,2016,6,8,7,3,5,3,0,0,1,1,0,0,0,0,9.18559E+20,5.68067E+21,1.49832E+16,5.11241E+16
46452,46453,14,6,26,480,2016,7,1,1,3,4,7,2,0,0,1,0,0,0,0,9.11414E+20,5.70843E+21,1.49136E+16,5.13776E+16
46453,46454,14,6,12,0,2016,5,17,5,3,2,6,0,0,0,1,0,0,0,0,8.31732E+20,5.66352E+21,1.37315E+16,5.10273E+16
46454,46455,14,6,28,240,2016,5,13,4,2,0,1,0,0,1,0,0,0,0,0,8.5078E+20,5.6607E+21,1.39994E+16,5.09907E+16
46455,46456,14,5,24,110,2016,6,13,1,2,8,1,0,0,0,1,0,1,0,0,7.45309E+20,5.61349E+21,1.24682E+16,5.06216E+16
46456,46457,14,7,30,270,2016,5,14,5,2,2,1,0,0,0,1,0,0,0,0,7.21984E+20,5.69537E+21,1.21891E+16,5.13661E+16
46457,46458,14,6,12,0,2016,6,10,7,2,2,6,0,0,0,1,0,1,0,0,8.23469E+20,5.66424E+21,1.36147E+16,5.10385E+16
46458,46459,14,5,22,500,2016,6,13,7,3,2,6,0,0,0,1,0,0,1,0,7.87065E+20,5.65517E+21,1.30897E+16,5.09764E+16
46459,46460,14,5,22,10,2016,6,16,6,3,2,6,0,1,0,1,0,0,0,0,7.7715E+20,5.65338E+21,1.29474E+16,5.09653E+16
46460,46461,14,7,30,270,2016,6,11,4,3,4,2,0,1,0,1,0,0,0,0,7.22025E+20,5.69919E+21,1.2192E+16,5.14005E+16
46461,46462,14,6,26,600,2016,6,7,3,2,5,3,0,0,1,1,0,0,0,0,8.91525E+20,5.72128E+21,1.46434E+16,5.15066E+16
46462,46463,14,5,21,530,2016,6,16,7,3,5,3,0,0,0,1,0,0,0,1,7.57772E+20,5.61049E+21,1.2642E+16,5.05893E+16
46463,46464,14,5,22,540,2016,5,17,3,2,3,6,0,0,0,0,0,0,1,1,7.96339E+20,5.65869E+21,1.32243E+16,5.10033E+16
46464,46465,14,6,12,0,2016,6,16,6,3,2,6,0,0,0,1,0,1,0,0,8.38606E+20,5.66754E+21,1.38329E+16,5.10594E+16
46465,46466,14,6,27,230,2016,6,11,5,3,0,1,0,0,0,1,0,1,0,0,8.00753E+20,5.69218E+21,1.3315E+16,5.13013E+16
46466,46467,14,7,30,300,2016,5,23,1,3,6,4,2,0,1,0,1,0,0,0,7.42289E+20,5.69726E+21,1.24815E+16,5.13748E+16
46467,46468,14,6,27,180,2016,5,12,6,3,2,6,0,0,0,1,0,0,0,0,8.05965E+20,5.66486E+21,1.33663E+16,5.10536E+16
46468,46469,14,6,12,0,2016,6,16,5,3,2,7,0,0,1,0,0,0,0,1,8.33368E+20,5.66975E+21,1.37605E+16,5.10822E+16
46469,46470,14,6,25,480,2016,6,11,5,3,6,2,0,0,0,1,1,0,0,0,8.44911E+20,5.67516E+21,1.39298E+16,5.11238E+16
46470,46471,14,7,29,50,2016,6,20,2,3,9,1,0,1,0,1,0,0,0,0,7.47341E+20,5.66592E+21,1.25323E+16,5.10914E+16
46471,46472,14,6,12,0,2016,5,21,1,3,5,3,2,0,0,1,0,0,0,0,8.39748E+20,5.6679E+21,1.38495E+16,5.10618E+16
46472,46473,14,5,22,440,2016,5,17,7,3,2,3,0,1,0,1,0,0,0,0,7.93488E+20,5.64277E+21,1.31709E+16,5.0862E+16
46473,46474,14,6,12,0,2016,6,10,5,3,0,7,0,0,0,0,0,0,0,1,8.30573E+20,5.66452E+21,1.37159E+16,5.10369E+16
46474,46475,14,6,25,340,2016,5,16,4,2,8,6,0,0,0,0,0,0,1,1,8.82746E+20,5.69109E+21,1.4485E+16,5.12424E+16
46475,46476,14,7,29,30,2016,7,16,3,3,2,6,0,0,0,1,0,0,0,0,7.57064E+20,5.69645E+21,1.26928E+16,5.1361E+16
46476,46477,14,6,25,250,2016,6,13,3,2,8,1,0,0,0,0,0,1,0,0,8.5818E+20,5.6941E+21,1.41376E+16,5.12854E+16
46477,46478,14,6,12,0,2016,6,9,2,3,3,5,0,0,1,0,0,0,0,1,8.3042E+20,5.67094E+21,1.37196E+16,5.10946E+16
46478,46479,14,6,27,140,2016,7,16,2,3,4,1,0,0,0,1,0,0,0,1,8.12092E+20,5.67883E+21,1.34655E+16,5.11755E+16
46479,46480,14,6,12,0,2016,6,19,4,3,5,3,0,0,0,1,0,0,0,0,8.33529E+20,5.67383E+21,1.37665E+16,5.11187E+16
46480,46481,14,6,25,480,2016,5,18,6,3,4,2,0,1,0,1,0,0,0,0,8.413E+20,5.67631E+21,1.38795E+16,5.11363E+16
46481,46482,14,5,22,500,2016,6,13,7,3,8,1,0,0,0,1,0,0,0,0,7.87691E+20,5.65627E+21,1.30994E+16,5.0986E+16
46482,46483,14,5,24,250,2016,6,13,2,3,2,6,0,0,0,1,0,0,0,0,7.50449E+20,5.62056E+21,1.25455E+16,5.06829E+16
46483,46484,14,5,22,480,2016,6,17,1,2,8,6,0,0,1,1,0,0,0,0,8.07038E+20,5.6576E+21,1.33754E+16,5.0988E+16
46484,46485,14,5,24,330,2016,5,16,5,3,5,2,0,0,1,1,0,0,0,0,7.45608E+20,5.62634E+21,1.2481E+16,5.07369E+16
46485,46486,14,6,12,0,2016,6,8,5,3,2,6,0,0,0,1,0,0,0,0,8.31638E+20,5.67088E+21,1.37369E+16,5.10934E+16
46486,46487,14,5,23,360,2016,6,15,1,2,9,1,0,0,0,1,0,1,0,0,7.43753E+20,5.6033E+21,1.24396E+16,5.05308E+16
46487,46488,14,6,26,330,2016,6,20,4,3,7,7,1,1,0,0,0,1,0,0,9.1581E+20,5.69482E+21,1.49605E+16,5.12527E+16
46488,46489,14,7,13,0,2016,6,15,6,2,2,6,0,0,0,1,0,0,0,0,7.37471E+20,5.69977E+21,1.24141E+16,5.13994E+16
46489,46490,14,6,26,110,2016,7,15,7,3,5,3,0,1,0,1,0,0,0,0,9.17539E+20,5.68303E+21,1.49715E+16,5.1146E+16
46490,46491,14,5,24,330,2016,5,15,4,3,2,2,0,0,0,1,0,1,0,0,7.46694E+20,5.62292E+21,1.2494E+16,5.07057E+16
46491,46492,14,7,29,245,2016,5,17,3,3,8,1,0,0,0,1,0,0,0,0,7.64657E+20,5.69972E+21,1.2804E+16,5.13869E+16
46492,46493,14,6,27,210,2016,6,15,1,3,2,2,0,0,0,1,0,1,0,0,8.28229E+20,5.67131E+21,1.36888E+16,5.10992E+16
46493,46494,14,6,25,480,2016,6,14,6,3,5,3,0,0,0,1,0,0,0,0,8.43492E+20,5.67403E+21,1.39085E+16,5.11145E+16
46494,46495,14,6,12,0,2016,5,13,3,3,5,3,0,0,0,1,0,0,0,0,8.34893E+20,5.66219E+21,1.37752E+16,5.10136E+16
46495,46496,14,5,23,430,2016,6,16,5,3,2,6,0,1,0,0,0,0,0,1,7.36659E+20,5.60454E+21,1.23405E+16,5.05448E+16
46496,46497,14,6,12,0,2016,7,12,6,3,5,3,0,0,1,1,0,0,0,0,8.30929E+20,5.6651E+21,1.37215E+16,5.10419E+16
46497,46498,14,5,24,30,2016,6,8,3,2,5,3,0,1,0,1,0,0,1,0,7.42457E+20,5.63601E+21,1.24428E+16,5.08249E+16
46498,46499,14,7,29,320,2016,6,22,6,2,9,1,2,0,0,1,0,0,0,0,7.38918E+20,5.67384E+21,1.24175E+16,5.1166E+16
46499,46500,14,7,30,210,2016,5,17,2,3,8,1,0,0,0,1,0,0,0,0,7.90493E+20,5.6861E+21,1.31633E+16,5.12521E+16
46500,46501,14,5,24,90,2016,6,7,5,2,8,1,0,0,0,1,0,0,0,0,7.58244E+20,5.62161E+21,1.26564E+16,5.06889E+16
46501,46502,14,7,30,150,2016,5,10,2,3,2,6,0,0,0,1,0,0,0,1,7.37536E+20,5.70491E+21,1.24185E+16,5.14455E+16
46502,46503,14,5,23,10,2016,6,16,3,2,5,3,0,0,0,1,0,0,0,0,7.31707E+20,5.5802E+21,1.22557E+16,5.03283E+16
46503,46504,14,7,29,220,2016,6,16,4,3,9,1,0,1,0,1,0,0,0,0,7.46871E+20,5.67615E+21,1.25326E+16,5.11834E+16
46504,46505,14,5,22,20,2016,5,15,1,3,8,1,0,0,0,0,0,1,0,0,7.88356E+20,5.6388E+21,1.30951E+16,5.0829E+16
46505,46506,14,7,30,210,2016,7,6,4,3,9,1,0,0,0,1,0,0,0,0,7.90389E+20,5.68671E+21,1.31623E+16,5.12576E+16
46506,46507,14,6,27,30,2016,6,16,3,3,5,3,0,0,0,1,0,0,0,0,8.20443E+20,5.68674E+21,1.35917E+16,5.12418E+16
46507,46508,14,5,23,20,2016,6,6,4,3,2,2,0,0,0,1,0,0,0,0,7.40212E+20,5.60072E+21,1.23881E+16,5.05091E+16
46508,46509,14,7,13,0,2016,7,19,3,3,3,2,0,0,0,1,0,1,0,0,7.39896E+20,5.69563E+21,1.24461E+16,5.13612E+16
46509,46510,14,7,29,140,2016,6,19,5,3,3,6,0,0,0,1,0,0,0,0,7.48551E+20,5.66452E+21,1.25486E+16,5.10783E+16
46510,46511,14,6,25,40,2016,6,18,1,3,5,2,0,0,1,1,0,0,0,0,8.63209E+20,5.67791E+21,1.4193E+16,5.11372E+16
46511,46512,14,7,30,70,2016,6,18,3,3,3,7,0,0,0,1,0,1,0,0,7.32822E+20,5.71296E+21,1.2356E+16,5.15197E+16
46512,46513,14,5,11,0,2016,5,18,2,2,4,2,0,1,0,1,0,0,0,0,7.74909E+20,5.64304E+21,1.29078E+16,5.08735E+16
46513,46514,14,5,24,230,2016,5,16,7,3,0,7,0,0,0,1,0,0,0,0,7.62086E+20,5.63352E+21,1.27191E+16,5.07941E+16
46514,46515,14,7,13,0,2016,5,20,6,3,5,3,0,0,0,1,0,0,0,0,7.2762E+20,5.68556E+21,1.22636E+16,5.12758E+16
46515,46516,14,5,23,320,2016,6,21,4,2,6,4,1,0,0,1,1,0,0,0,7.22438E+20,5.59702E+21,1.21356E+16,5.04829E+16
46516,46517,14,6,28,370,2016,5,16,7,2,4,6,0,0,0,1,0,0,0,0,8.50419E+20,5.65765E+21,1.39913E+16,5.09637E+16
46517,46518,14,6,27,360,2016,5,10,4,3,2,6,0,0,0,1,0,0,0,0,8.01275E+20,5.69412E+21,1.33241E+16,5.13185E+16
46518,46519,14,5,24,310,2016,6,7,5,3,2,6,0,0,0,1,0,0,0,1,7.53937E+20,5.6215E+21,1.25955E+16,5.06898E+16
46519,46520,14,5,21,20,2016,6,9,4,3,4,2,0,0,1,0,0,0,0,1,7.84014E+20,5.61177E+21,1.30128E+16,5.05886E+16
46520,46521,14,5,22,310,2016,6,18,5,3,9,1,0,1,0,0,0,1,0,0,7.73235E+20,5.6771E+21,1.29097E+16,5.11799E+16
46521,46522,14,6,12,0,2016,5,15,1,3,8,1,0,0,1,0,0,0,0,0,8.37941E+20,5.6673E+21,1.38232E+16,5.10575E+16
46522,46523,14,5,21,30,2016,6,13,5,2,8,1,0,0,0,0,0,0,0,1,7.63369E+20,5.60881E+21,1.27197E+16,5.05718E+16
46523,46524,14,6,28,410,2016,6,4,5,3,2,6,1,0,0,1,0,0,1,0,8.20362E+20,5.66664E+21,1.35726E+16,5.10618E+16
46524,46525,14,7,29,410,2016,6,23,1,3,9,1,2,1,0,1,0,0,0,0,7.64747E+20,5.69537E+21,1.28021E+16,5.13478E+16
46525,46526,14,5,24,210,2016,6,10,3,2,1,5,0,0,0,0,0,1,0,1,7.37676E+20,5.63283E+21,1.2373E+16,5.07984E+16
46526,46527,14,6,12,0,2016,5,20,2,3,2,6,2,1,0,1,0,0,0,0,8.32108E+20,5.66542E+21,1.37386E+16,5.10441E+16