FID,OBJECTID,ULAND,UREGBEZ,UKREIS,UGEMEINDE,UJAHR,UMONAT,USTUNDE,UWOCHENTAG,UKATEGORIE,UART,UTYP1,ULICHTVERH,IstStrasse,IstRad,IstPKW,IstFuss,IstKrad,IstGkfz,IstSonstig,LINREFX,LINREFY,XGCSWGS84,YGCSWGS84
46527,46528,14,5,21,270,2016,5,12,1,2,8,1,0,0,0,0,0,1,0,0,7.88708E+20,5.63356E+21,1.30959E+16,5.07818E+16
46528,46529,14,5,23,270,2016,5,17,6,3,5,3,0,0,0,1,0,0,0,1,7.28855E+20,5.59992E+21,1.22277E+16,5.05065E+16
46529,46530,14,5,21,330,2016,6,6,5,2,4,6,0,0,0,1,0,0,0,0,7.90683E+20,5.60734E+21,1.31033E+16,5.05456E+16
46530,46531,14,6,26,110,2016,5,12,7,3,5,3,0,0,1,1,0,0,0,0,9.16256E+20,5.68484E+21,1.49553E+16,5.11631E+16
46531,46532,14,6,28,110,2016,5,16,4,3,5,3,0,0,0,1,0,0,0,0,8.25114E+20,5.66219E+21,1.36362E+16,5.10192E+16
46532,46533,14,6,28,10,2016,6,14,3,3,2,6,0,0,0,1,0,0,0,0,8.39254E+20,5.63736E+21,1.38141E+16,5.07885E+16
46533,46534,14,5,22,490,2016,6,10,2,3,8,7,0,0,1,0,0,0,0,0,7.64683E+20,5.66084E+21,1.27757E+16,5.10381E+16
46534,46535,14,5,22,460,2016,7,20,2,2,8,1,0,0,0,1,0,0,0,0,7.57074E+20,5.65169E+21,1.26609E+16,5.09594E+16
46535,46536,14,5,24,30,2016,6,11,3,3,8,1,0,1,0,1,0,0,0,0,7.40182E+20,5.63262E+21,1.24083E+16,5.07955E+16
46536,46537,14,6,27,60,2016,5,13,6,3,6,2,0,0,0,1,1,0,0,0,8.16125E+20,5.69235E+21,1.35349E+16,5.12945E+16
46537,46538,14,5,24,120,2016,6,17,6,3,2,2,0,0,0,1,0,0,0,0,7.62721E+20,5.63467E+21,1.27289E+16,5.08041E+16
46538,46539,14,5,23,320,2016,6,16,2,1,4,6,0,0,0,1,0,0,0,1,7.24287E+20,5.59305E+21,1.21592E+16,5.04465E+16
46539,46540,14,5,22,180,2016,6,12,1,3,2,3,0,0,0,1,0,0,0,0,8.06228E+20,5.64957E+21,1.33571E+16,5.09164E+16
46540,46541,14,7,13,0,2016,6,7,6,3,5,3,0,1,1,1,0,0,0,0,7.31367E+20,5.69276E+21,1.23219E+16,5.1339E+16
46541,46542,14,6,25,240,2016,5,14,5,3,3,6,0,0,0,1,0,0,0,0,8.5527E+20,5.70615E+21,1.4108E+16,5.13951E+16
46542,46543,14,5,21,450,2016,6,16,5,3,4,1,0,1,0,1,0,0,0,0,7.59107E+20,5.62325E+21,1.26697E+16,5.07032E+16
46543,46544,14,6,27,30,2016,6,11,1,3,2,6,0,0,0,1,0,0,0,0,8.21674E+20,5.69197E+21,1.36139E+16,5.1288E+16
46544,46545,14,5,21,80,2016,6,5,4,2,5,3,0,0,0,1,0,0,0,0,7.60047E+20,5.6059E+21,1.26708E+16,5.05471E+16
46545,46546,14,7,13,0,2016,6,12,6,3,5,3,0,0,1,1,0,0,0,0,7.35114E+20,5.68875E+21,1.2373E+16,5.13014E+16
46546,46547,14,5,21,530,2016,7,5,7,3,8,1,0,0,0,1,0,0,0,0,7.576E+20,5.61342E+21,1.26416E+16,5.06157E+16
46547,46548,14,7,13,0,2016,5,18,4,3,2,6,0,0,0,1,0,0,0,0,7.4312E+20,5.69511E+21,1.24919E+16,5.13551E+16
46548,46549,14,6,26,110,2016,5,12,3,3,4,6,0,0,0,1,0,0,0,0,9.1888E+20,5.68304E+21,1.49906E+16,5.11451E+16
46549,46550,14,6,12,0,2016,6,13,6,3,2,2,0,1,0,1,0,0,0,0,8.36278E+20,5.66096E+21,1.37937E+16,5.10017E+16
46550,46551,14,7,29,70,2016,5,9,2,3,4,2,0,0,0,0,0,1,0,1,7.5026E+20,5.69224E+21,1.25923E+16,5.13263E+16
46551,46552,14,6,12,0,2016,6,6,6,2,6,4,0,0,0,1,1,0,0,0,8.31946E+20,5.66875E+21,1.37393E+16,5.1074E+16
46552,46553,14,5,22,430,2016,5,16,3,2,5,3,0,0,0,1,0,0,0,0,7.9804E+20,5.6513E+21,1.32424E+16,5.09362E+16
46553,46554,14,7,13,0,2016,6,17,5,3,1,6,0,0,0,1,0,0,0,0,7.36142E+20,5.7015E+21,1.23962E+16,5.14154E+16
46554,46555,14,5,21,460,2016,7,11,6,3,9,1,0,0,0,0,0,1,0,0,8.06813E+20,5.61567E+21,1.33372E+16,5.06121E+16
46555,46556,14,5,24,330,2016,6,18,2,3,3,6,0,0,1,0,0,0,0,1,7.43445E+20,5.62443E+21,1.24491E+16,5.07206E+16
46556,46557,14,7,30,110,2016,6,15,5,2,3,6,0,0,0,1,0,1,0,0,7.50891E+20,5.70679E+21,1.26116E+16,5.14566E+16
46557,46558,14,6,26,230,2016,5,17,2,3,4,6,0,0,0,0,0,0,1,0,9.12283E+20,5.69144E+21,1.49064E+16,5.1225E+16
46558,46559,14,6,26,610,2016,6,11,3,3,5,3,0,0,0,1,0,0,0,0,9.07568E+20,5.65466E+21,1.47978E+16,5.08993E+16
46559,46560,14,6,27,60,2016,6,10,4,3,2,2,0,1,0,0,0,0,1,0,8.1595E+20,5.69178E+21,1.3532E+16,5.12895E+16
46560,46561,14,5,23,120,2016,5,16,7,2,0,7,0,0,0,0,0,1,0,0,7.34024E+20,5.59862E+21,1.22996E+16,5.04928E+16
46561,46562,14,6,28,270,2016,7,17,4,3,5,3,0,0,1,1,0,0,0,0,8.46057E+20,5.65485E+21,1.39267E+16,5.09412E+16
46562,46563,14,5,21,380,2016,6,16,3,3,2,2,0,0,0,1,0,0,0,0,7.65314E+20,5.62893E+21,1.27615E+16,5.07514E+16
46563,46564,14,6,26,60,2016,6,8,4,3,1,6,0,0,0,1,0,0,0,0,8.88073E+20,5.71048E+21,1.45821E+16,5.14123E+16
46564,46565,14,6,12,0,2016,7,6,3,3,2,2,0,1,0,1,0,0,0,0,8.25002E+20,5.66968E+21,1.36414E+16,5.10863E+16
46565,46566,14,5,23,150,2016,6,9,4,2,5,3,0,0,0,1,0,0,1,0,7.34913E+20,5.61079E+21,1.23198E+16,5.06017E+16
46566,46567,14,5,22,200,2016,6,1,1,3,9,1,2,0,0,1,0,0,0,0,8.0456E+20,5.6369E+21,1.3323E+16,5.08036E+16
46567,46568,14,6,26,290,2016,6,18,3,3,4,1,0,0,0,1,0,1,0,0,9.00139E+20,5.68125E+21,1.4722E+16,5.11425E+16
46568,46569,14,7,30,150,2016,5,17,1,2,0,3,0,0,0,1,0,1,0,0,7.39617E+20,5.71001E+21,1.24518E+16,5.14904E+16
46569,46570,14,7,29,360,2016,5,14,7,3,4,6,0,0,0,0,0,1,0,1,7.3586E+20,5.66558E+21,1.23684E+16,5.10931E+16
46570,46571,14,6,26,310,2016,6,20,4,2,8,1,0,0,0,0,0,1,0,0,9.07279E+20,5.65817E+21,1.47977E+16,5.0931E+16
46571,46572,14,5,22,420,2016,5,13,7,2,2,6,0,0,0,1,0,0,0,1,7.81301E+20,5.64359E+21,1.29988E+16,5.08754E+16
46572,46573,14,6,12,0,2016,5,15,4,3,2,6,0,0,0,1,0,0,0,0,8.33705E+20,5.66779E+21,1.37634E+16,5.10644E+16
46573,46574,14,7,13,0,2016,6,20,2,2,0,1,0,0,0,0,0,1,0,0,7.35808E+20,5.70033E+21,1.23906E+16,5.14051E+16
46574,46575,14,7,30,270,2016,6,16,2,2,2,6,0,0,0,1,0,0,0,0,7.23254E+20,5.69351E+21,1.22061E+16,5.13489E+16
46575,46576,14,5,23,170,2016,6,17,1,2,8,1,0,1,0,1,0,0,0,0,7.3669E+20,5.61041E+21,1.23446E+16,5.05975E+16
46576,46577,14,5,23,340,2016,7,15,1,2,4,1,0,0,0,1,0,1,0,0,7.33398E+20,5.60929E+21,1.22975E+16,5.05888E+16
46577,46578,14,6,28,150,2016,6,18,2,2,8,1,0,0,0,1,0,0,0,0,8.2424E+20,5.6354E+21,1.36E+16,5.07795E+16
46578,46579,14,7,13,0,2016,5,20,5,2,5,2,0,0,1,1,0,0,0,0,7.42257E+20,5.69472E+21,1.24793E+16,5.1352E+16
46579,46580,14,6,25,60,2016,6,23,7,2,7,7,2,0,1,0,0,0,0,0,8.67014E+20,5.68498E+21,1.42544E+16,5.11981E+16
46580,46581,14,6,28,60,2016,6,14,7,3,0,1,0,1,0,0,0,1,0,0,8.27885E+20,5.64324E+21,1.36586E+16,5.08477E+16
46581,46582,14,6,25,380,2016,6,19,6,3,5,3,0,0,0,1,0,1,0,0,8.69562E+20,5.67388E+21,1.42793E+16,5.1097E+16
46582,46583,14,5,24,110,2016,6,10,4,3,1,6,0,0,0,1,0,0,0,0,7.42763E+20,5.61478E+21,1.24331E+16,5.06342E+16
46583,46584,14,6,26,390,2016,6,12,7,3,9,1,0,0,0,0,0,1,0,0,9.03448E+20,5.65898E+21,1.47443E+16,5.09409E+16
46584,46585,14,6,28,30,2016,5,14,3,3,2,6,0,1,0,1,0,0,0,0,8.62122E+20,5.65333E+21,1.4153E+16,5.09177E+16
46585,46586,14,6,28,110,2016,6,17,6,3,5,3,0,0,0,1,0,0,0,0,8.25113E+20,5.66219E+21,1.36362E+16,5.10192E+16
46586,46587,14,7,30,190,2016,7,15,6,2,9,1,0,0,0,1,0,0,0,0,7.68443E+20,5.7112E+21,1.2867E+16,5.14881E+16
46587,46588,14,6,28,270,2016,6,11,6,2,5,2,0,0,0,1,0,1,0,0,8.46916E+20,5.65885E+21,1.39427E+16,5.09765E+16
46588,46589,14,7,30,230,2016,6,18,2,2,2,2,0,0,0,1,0,0,0,0,7.89652E+20,5.68983E+21,1.31543E+16,5.1286E+16
46589,46590,14,5,22,320,2016,6,11,2,2,4,6,0,0,0,1,0,0,0,0,7.89336E+20,5.63541E+21,1.31063E+16,5.0798E+16
46590,46591,14,5,22,490,2016,7,8,2,3,2,2,0,0,0,1,0,0,0,0,7.6564E+20,5.66268E+21,1.27907E+16,5.10541E+16
46591,46592,14,5,23,365,2016,6,14,3,2,4,6,0,0,0,1,0,0,1,0,7.18607E+20,5.60321E+21,1.20853E+16,5.05399E+16
46592,46593,14,6,27,180,2016,5,9,6,2,9,1,0,0,0,0,0,0,1,0,8.04579E+20,5.66507E+21,1.33467E+16,5.10562E+16
46593,46594,14,7,29,80,2016,6,16,7,3,8,1,0,0,0,0,0,1,0,0,7.66483E+20,5.66867E+21,1.28071E+16,5.11075E+16
46594,46595,14,6,25,480,2016,6,11,6,3,8,1,0,0,0,1,0,0,0,0,8.43247E+20,5.67543E+21,1.39064E+16,5.11273E+16
46595,46596,14,6,27,310,2016,5,13,5,3,5,3,0,0,0,1,0,1,0,0,8.19049E+20,5.67736E+21,1.35634E+16,5.11586E+16
46596,46597,14,5,11,0,2016,6,8,5,2,2,6,0,1,0,1,0,0,0,0,7.68483E+20,5.64159E+21,1.28156E+16,5.08636E+16
46597,46598,14,7,30,90,2016,6,9,7,3,8,1,0,0,0,1,0,0,0,0,7.69363E+20,5.72759E+21,1.28928E+16,5.16347E+16
46598,46599,14,6,25,410,2016,5,7,3,3,4,2,0,0,0,1,0,0,0,0,8.52978E+20,5.68041E+21,1.40498E+16,5.1166E+16
46599,46600,14,6,25,20,2016,6,15,6,3,5,3,0,0,1,1,0,0,0,0,8.72911E+20,5.68406E+21,1.43374E+16,5.1186E+16
46600,46601,14,5,23,450,2016,7,18,6,3,3,6,0,0,0,1,0,0,0,0,7.17683E+20,5.59042E+21,1.20648E+16,5.04254E+16
46601,46602,14,7,13,0,2016,6,19,6,3,0,7,0,0,0,1,0,1,0,0,7.34766E+20,5.69352E+21,1.23711E+16,5.13444E+16
46602,46603,14,5,21,710,2016,6,13,6,3,1,6,0,0,0,1,0,0,0,0,7.68555E+20,5.61588E+21,1.27979E+16,5.06329E+16
46603,46604,14,6,25,480,2016,5,16,2,3,5,3,0,0,1,1,0,0,0,0,8.42665E+20,5.67382E+21,1.38966E+16,5.11131E+16
46604,46605,14,5,22,330,2016,6,19,6,2,4,2,0,0,0,1,0,0,0,0,7.73476E+20,5.64775E+21,1.2891E+16,5.09164E+16
46605,46606,14,5,23,430,2016,5,22,6,2,4,2,2,0,1,1,0,0,0,0,7.32198E+20,5.60529E+21,1.22781E+16,5.05533E+16
46606,46607,14,5,24,190,2016,5,8,2,3,5,3,0,0,1,1,0,0,0,0,7.44435E+20,5.63895E+21,1.24728E+16,5.08505E+16
46607,46608,14,5,11,0,2016,7,13,6,3,2,6,0,0,0,1,0,0,0,0,7.75004E+20,5.63774E+21,1.29052E+16,5.08259E+16
46608,46609,14,7,29,220,2016,6,17,2,1,9,1,0,0,0,0,0,0,0,1,7.47004E+20,5.67442E+21,1.25333E+16,5.11677E+16
46609,46610,14,6,26,180,2016,6,13,5,3,8,1,0,0,0,0,0,0,1,0,9.06537E+20,5.66711E+21,1.47971E+16,5.10115E+16
46610,46611,14,6,27,60,2016,5,14,2,3,5,2,0,0,0,1,0,0,0,0,8.15215E+20,5.69117E+21,1.35209E+16,5.12844E+16
46611,46612,14,5,22,50,2016,6,14,4,2,4,6,0,0,0,1,0,0,0,0,8.05812E+20,5.64293E+21,1.33457E+16,5.0857E+16
46612,46613,14,6,12,0,2016,7,17,4,3,2,6,0,0,0,1,0,0,0,0,8.3099E+20,5.67453E+21,1.3731E+16,5.11264E+16
46613,46614,14,7,30,340,2016,6,18,2,2,0,1,0,0,0,0,0,1,0,0,7.24068E+20,5.71005E+21,1.22282E+16,5.14971E+16
46614,46615,14,6,28,270,2016,6,14,4,3,3,5,0,0,0,1,0,1,0,0,8.47454E+20,5.65442E+21,1.39461E+16,5.09365E+16
46615,46616,14,5,24,170,2016,7,14,2,3,5,2,0,0,0,1,0,0,0,0,7.40815E+20,5.61942E+21,1.24087E+16,5.06767E+16
46616,46617,14,6,25,60,2016,6,19,4,3,5,3,0,0,1,1,0,0,0,0,8.61847E+20,5.68215E+21,1.41779E+16,5.1176E+16
46617,46618,14,7,30,20,2016,6,10,7,2,5,3,0,0,1,1,0,0,0,0,7.48478E+20,5.72208E+21,1.25877E+16,5.15949E+16
46618,46619,14,6,27,190,2016,6,6,3,3,5,3,0,0,1,1,0,0,0,0,8.07713E+20,5.68957E+21,1.34123E+16,5.12742E+16
46619,46620,14,6,28,30,2016,5,15,1,3,3,2,0,0,0,1,0,1,0,0,8.62385E+20,5.65333E+21,1.41567E+16,5.09176E+16
46620,46621,14,6,26,530,2016,6,12,4,3,9,7,0,0,0,0,0,1,0,0,8.95415E+20,5.65772E+21,1.46292E+16,5.09352E+16
46621,46622,14,6,12,0,2016,5,15,4,3,6,3,0,0,0,1,1,0,0,0,8.31109E+20,5.66982E+21,1.37284E+16,5.10841E+16
46622,46623,14,6,25,440,2016,6,18,2,2,8,1,0,0,1,0,0,0,0,0,8.61844E+20,5.686E+21,1.41817E+16,5.12105E+16
46623,46624,14,6,27,310,2016,6,5,2,2,5,3,0,0,0,1,0,0,0,0,8.19291E+20,5.67675E+21,1.35663E+16,5.1153E+16
46624,46625,14,6,28,260,2016,6,10,1,3,3,6,0,0,1,1,0,0,0,0,8.6786E+20,5.66195E+21,1.4243E+16,5.09913E+16
46625,46626,14,7,29,170,2016,6,18,7,3,9,6,0,0,0,1,0,0,0,0,7.29265E+20,5.67423E+21,1.22799E+16,5.11735E+16
46626,46627,14,6,25,450,2016,7,18,1,3,3,6,0,0,1,1,0,0,0,0,8.51342E+20,5.68195E+21,1.4028E+16,5.11808E+16
46627,46628,14,5,23,230,2016,6,14,1,2,4,6,0,1,0,1,0,0,0,0,7.27809E+20,5.58558E+21,1.22042E+16,5.03781E+16
46628,46629,14,7,30,100,2016,5,9,5,2,9,1,0,0,0,1,0,0,0,0,7.71001E+20,5.71788E+21,1.29089E+16,5.15468E+16
46629,46630,14,6,28,40,2016,6,13,7,2,5,3,0,0,0,1,0,1,0,1,8.4407E+20,5.64993E+21,1.38939E+16,5.08983E+16
46630,46631,14,5,24,20,2016,6,11,7,2,2,6,0,0,0,1,0,0,0,0,7.57765E+20,5.63579E+21,1.26595E+16,5.08164E+16
46631,46632,14,6,28,205,2016,6,21,6,2,0,1,2,0,1,0,0,0,0,0,8.23011E+20,5.65289E+21,1.35981E+16,5.09369E+16
46632,46633,14,5,23,260,2016,6,15,4,3,2,2,0,1,0,1,0,0,0,1,7.29886E+20,5.61188E+21,1.22496E+16,5.06134E+16
46633,46634,14,6,28,110,2016,6,21,7,3,0,1,1,0,1,0,0,0,0,0,8.269E+20,5.66084E+21,1.36604E+16,5.1006E+16
46634,46635,14,6,28,205,2016,5,16,3,3,5,2,0,1,0,1,0,0,0,0,8.17376E+20,5.65089E+21,1.35164E+16,5.09222E+16
46635,46636,14,6,12,0,2016,6,22,6,3,5,2,1,0,1,1,0,0,0,0,8.33769E+20,5.66321E+21,1.37601E+16,5.10233E+16
46636,46637,14,7,13,0,2016,6,13,5,3,5,3,0,0,0,1,0,0,0,1,7.37155E+20,5.6911E+21,1.24038E+16,5.13217E+16
46637,46638,14,5,24,80,2016,5,19,1,3,4,1,0,0,0,0,0,1,0,1,7.5038E+20,5.6372E+21,1.25559E+16,5.08323E+16
46638,46639,14,7,29,380,2016,6,14,5,3,5,2,0,0,0,1,0,0,0,1,7.56146E+20,5.70425E+21,1.26852E+16,5.14315E+16
46639,46640,14,6,28,270,2016,5,16,6,2,3,2,0,0,1,1,0,0,0,0,8.46403E+20,5.65779E+21,1.39344E+16,5.09673E+16
46640,46641,14,5,21,670,2016,5,9,3,3,5,3,0,0,0,1,0,1,0,0,7.88418E+20,5.61912E+21,1.30806E+16,5.06524E+16
46641,46642,14,6,25,60,2016,6,15,5,3,5,3,0,0,0,1,0,0,1,0,8.59224E+20,5.68183E+21,1.41402E+16,5.11748E+16
46642,46643,14,7,29,160,2016,6,5,5,2,4,6,0,0,0,1,0,0,0,0,7.66296E+20,5.68983E+21,1.28201E+16,5.12974E+16
46643,46644,14,5,22,180,2016,6,8,2,3,8,1,0,0,0,1,0,0,0,0,8.03646E+20,5.65104E+21,1.33218E+16,5.09309E+16
46644,46645,14,6,26,110,2016,5,13,7,3,2,6,0,0,0,1,0,0,0,0,9.18938E+20,5.68303E+21,1.49914E+16,5.11449E+16
46645,46646,14,6,27,60,2016,6,8,5,3,4,2,0,0,0,1,0,0,0,0,8.20703E+20,5.69329E+21,1.36013E+16,5.13004E+16
46646,46647,14,6,27,310,2016,5,18,4,2,5,3,0,0,0,1,0,1,0,0,8.23265E+20,5.67771E+21,1.36238E+16,5.11593E+16
46647,46648,14,7,30,45,2016,7,6,3,3,8,1,0,1,0,1,0,0,0,0,7.83537E+20,5.7121E+21,1.30846E+16,5.14889E+16
46648,46649,14,7,13,0,2016,6,13,3,3,5,3,0,0,1,1,0,0,0,0,7.32963E+20,5.69286E+21,1.23449E+16,5.13392E+16
46649,46650,14,6,27,140,2016,6,11,2,2,6,4,0,0,0,0,1,1,0,0,8.13674E+20,5.67784E+21,1.34872E+16,5.11658E+16
46650,46651,14,5,24,280,2016,6,9,5,3,1,6,0,0,0,1,0,0,1,0,7.56893E+20,5.6359E+21,1.26473E+16,5.08178E+16
46651,46652,14,6,12,0,2016,5,16,2,3,5,3,0,0,1,0,0,0,0,0,8.3089E+20,5.66645E+21,1.37222E+16,5.10541E+16
46652,46653,14,5,21,390,2016,6,18,6,2,5,3,0,0,0,1,0,1,0,0,7.948E+20,5.62003E+21,1.31713E+16,5.06574E+16
46653,46654,14,7,13,0,2016,5,7,6,3,9,6,0,0,0,1,0,0,0,0,7.35627E+20,5.7001E+21,1.23878E+16,5.14031E+16
46654,46655,14,5,22,390,2016,5,14,3,2,8,1,0,0,0,1,0,0,0,0,8.08818E+20,5.63805E+21,1.33842E+16,5.08117E+16
46655,46656,14,5,23,320,2016,6,18,5,2,0,7,0,0,0,0,0,1,0,0,7.2536E+20,5.59331E+21,1.21745E+16,5.04484E+16
46656,46657,14,6,28,240,2016,6,21,2,2,9,1,1,1,0,1,0,0,0,0,8.47915E+20,5.65964E+21,1.39577E+16,5.0983E+16
46657,46658,14,6,26,110,2016,6,5,5,3,5,3,1,0,1,1,0,0,0,0,9.18232E+20,5.67969E+21,1.49775E+16,5.11156E+16
46658,46659,14,6,12,0,2016,5,0,2,3,8,1,2,0,0,1,0,0,0,0,8.39601E+20,5.66776E+21,1.38473E+16,5.10607E+16
46659,46660,14,5,22,460,2016,5,14,4,3,5,3,0,0,0,1,0,0,0,0,7.59241E+20,5.65029E+21,1.26907E+16,5.09459E+16
46660,46661,14,6,26,610,2016,6,16,3,3,3,2,0,1,0,1,0,0,0,0,9.07806E+20,5.6543E+21,1.48008E+16,5.0896E+16
46661,46662,14,5,21,630,2016,7,14,4,2,5,2,0,0,0,1,0,0,0,0,7.85456E+20,5.61347E+21,1.30344E+16,5.06032E+16
46662,46663,14,7,13,0,2016,6,5,2,2,8,1,0,0,0,0,0,0,1,0,7.28868E+20,5.6841E+21,1.22806E+16,5.12623E+16
46663,46664,14,6,12,0,2016,6,10,4,3,5,3,0,0,1,1,0,0,0,0,8.31798E+20,5.66378E+21,1.37326E+16,5.10296E+16
46664,46665,14,7,29,260,2016,7,17,2,3,2,6,0,0,0,1,0,1,0,0,7.3822E+20,5.68576E+21,1.24155E+16,5.12733E+16
46665,46666,14,6,27,210,2016,6,15,4,3,2,6,0,0,0,1,0,0,0,0,8.25484E+20,5.6719E+21,1.36502E+16,5.1106E+16
46666,46667,14,6,27,230,2016,6,10,7,3,1,5,0,0,0,1,0,0,0,0,8.00153E+20,5.69221E+21,1.33064E+16,5.13019E+16
46667,46668,14,5,22,180,2016,6,12,3,3,8,1,0,0,0,1,0,0,0,0,8.04006E+20,5.65012E+21,1.33261E+16,5.09224E+16
46668,46669,14,6,12,0,2016,6,10,4,3,0,1,0,1,0,0,0,1,0,0,8.34495E+20,5.6617E+21,1.37691E+16,5.10093E+16
46669,46670,14,5,23,230,2016,5,8,3,3,0,7,0,0,0,1,0,0,0,0,7.28289E+20,5.58788E+21,1.22124E+16,5.03986E+16
46670,46671,14,6,25,450,2016,6,17,5,3,5,3,0,1,0,1,0,1,0,0,8.50348E+20,5.68151E+21,1.40134E+16,5.11774E+16
46671,46672,14,6,27,150,2016,6,9,2,3,0,7,0,0,1,0,0,0,0,0,8.28632E+20,5.6738E+21,1.36968E+16,5.11212E+16
46672,46673,14,6,12,0,2016,6,20,2,2,4,6,0,0,0,1,0,0,0,1,8.25145E+20,5.66962E+21,1.36433E+16,5.10858E+16
46673,46674,14,5,22,50,2016,6,5,1,2,9,1,0,0,0,1,0,0,0,0,8.03967E+20,5.64281E+21,1.33195E+16,5.0857E+16
46674,46675,14,6,28,270,2016,7,16,1,3,4,6,0,0,1,0,0,0,0,0,8.46866E+20,5.65665E+21,1.39399E+16,5.09569E+16
46675,46676,14,6,12,0,2016,5,18,5,3,5,2,0,0,1,1,0,0,0,0,8.34399E+20,5.6624E+21,1.37683E+16,5.10158E+16
46676,46677,14,6,28,410,2016,5,7,4,3,8,1,0,1,0,1,0,0,0,0,8.12466E+20,5.65865E+21,1.34534E+16,5.09944E+16
46677,46678,14,5,23,170,2016,6,2,1,3,8,1,2,0,0,1,0,0,0,0,7.34637E+20,5.60887E+21,1.23147E+16,5.05845E+16
46678,46679,14,7,30,20,2016,5,11,5,2,4,1,0,0,0,1,0,0,0,0,7.42655E+20,5.71796E+21,1.2501E+16,5.15604E+16
46679,46680,14,6,12,0,2016,6,7,7,2,5,3,0,0,0,1,0,1,0,0,8.31035E+20,5.66523E+21,1.37231E+16,5.1043E+16
46680,46681,14,5,23,310,2016,6,19,6,2,4,6,0,0,0,1,0,0,0,0,7.1196E+20,5.60729E+21,1.19939E+16,5.0579E+16
46681,46682,14,5,21,150,2016,6,14,6,3,9,1,0,1,0,1,0,0,0,0,7.86371E+20,5.62542E+21,1.30566E+16,5.07099E+16
46682,46683,14,6,26,245,2016,6,11,4,3,2,2,0,0,0,1,0,0,0,0,8.96615E+20,5.66362E+21,1.46526E+16,5.09871E+16
46683,46684,14,6,26,110,2016,6,6,3,3,6,7,0,0,1,0,1,0,0,0,9.17588E+20,5.68418E+21,1.49735E+16,5.11562E+16
46684,46685,14,5,24,330,2016,6,17,6,3,2,6,0,0,0,1,0,0,0,0,7.45718E+20,5.62451E+21,1.24813E+16,5.07203E+16
46685,46686,14,5,11,0,2016,5,9,3,3,2,6,0,0,0,1,0,0,0,1,7.76322E+20,5.63852E+21,1.29244E+16,5.08323E+16
46686,46687,14,5,11,0,2016,6,17,6,3,2,6,0,0,0,1,0,0,0,0,7.69767E+20,5.6402E+21,1.28328E+16,5.08505E+16
46687,46688,14,6,12,0,2016,6,17,5,3,5,2,0,1,1,1,0,0,0,0,8.30654E+20,5.67053E+21,1.37226E+16,5.10908E+16
46688,46689,14,6,26,290,2016,5,8,1,3,0,1,0,0,1,0,0,0,0,0,8.9674E+20,5.68007E+21,1.46724E+16,5.11343E+16
46689,46690,14,5,21,260,2016,5,14,6,3,5,3,0,0,1,1,0,0,0,0,7.69645E+20,5.60989E+21,1.28089E+16,5.05786E+16
46690,46691,14,6,12,0,2016,6,6,5,3,6,7,0,0,0,1,1,0,0,0,8.30787E+20,5.66612E+21,1.37204E+16,5.10512E+16
46691,46692,14,6,25,525,2016,6,13,5,3,2,6,0,0,0,1,0,0,0,1,8.80017E+20,5.67298E+21,1.4427E+16,5.10822E+16
46692,46693,14,5,21,170,2016,6,18,2,2,9,1,0,1,0,1,0,0,0,0,7.55831E+20,5.60172E+21,1.26086E+16,5.05114E+16
46693,46694,14,6,12,0,2016,5,8,1,3,5,3,0,0,0,1,0,0,0,0,8.31929E+20,5.66874E+21,1.37391E+16,5.1074E+16
46694,46695,14,5,11,0,2016,5,21,7,3,3,6,1,0,0,1,0,0,0,0,7.71856E+20,5.63562E+21,1.2859E+16,5.08084E+16
46695,46696,14,5,21,550,2016,6,13,5,3,8,1,0,0,0,0,0,1,0,0,7.70594E+20,5.60286E+21,1.28172E+16,5.05151E+16
46696,46697,14,6,26,350,2016,5,14,7,2,6,4,0,0,0,0,1,1,0,0,8.87042E+20,5.66884E+21,1.45224E+16,5.10404E+16
46697,46698,14,5,23,170,2016,5,15,3,2,5,3,0,0,0,1,0,0,0,0,7.39538E+20,5.60681E+21,1.23825E+16,5.0564E+16
46698,46699,14,6,25,340,2016,6,6,3,3,5,3,0,0,1,1,0,0,0,0,8.87753E+20,5.69186E+21,1.45572E+16,5.12459E+16
46699,46700,14,6,12,0,2016,6,13,2,3,5,3,0,0,0,1,0,0,0,1,8.32308E+20,5.6657E+21,1.37417E+16,5.10465E+16
46700,46701,14,6,12,0,2016,7,13,2,3,1,7,0,0,1,1,0,0,0,0,8.29471E+20,5.66521E+21,1.37009E+16,5.10438E+16
46701,46702,14,5,22,210,2016,6,10,4,3,5,3,0,0,0,1,0,0,0,0,8.00597E+20,5.65855E+21,1.32847E+16,5.09999E+16
46702,46703,14,6,26,300,2016,5,11,6,2,5,3,0,0,0,1,0,0,0,0,9.0959E+20,5.67848E+21,1.48533E+16,5.1111E+16
46703,46704,14,5,21,20,2016,6,11,7,2,6,4,0,0,0,1,1,0,0,0,7.8421E+20,5.60873E+21,1.30132E+16,5.05612E+16
46704,46705,14,5,24,290,2016,6,18,2,3,5,3,0,0,0,1,0,1,0,0,7.54753E+20,5.64209E+21,1.26212E+16,5.08743E+16