FID,OBJECTID,ULAND,UREGBEZ,UKREIS,UGEMEINDE,UJAHR,UMONAT,USTUNDE,UWOCHENTAG,UKATEGORIE,UART,UTYP1,ULICHTVERH,IstStrasse,IstRad,IstPKW,IstFuss,IstKrad,IstGkfz,IstSonstig,LINREFX,LINREFY,XGCSWGS84,YGCSWGS84
46705,46706,14,5,22,460,2016,6,10,1,2,0,7,0,0,0,1,0,0,0,0,7.59242E+20,5.64839E+21,1.26894E+16,5.09288E+16
46706,46707,14,5,24,290,2016,6,16,6,3,4,1,0,1,0,1,0,0,1,0,7.53758E+20,5.64222E+21,1.26072E+16,5.08759E+16
46707,46708,14,7,30,270,2016,5,14,5,2,4,2,0,0,0,1,0,0,0,0,7.23214E+20,5.69399E+21,1.22058E+16,5.13532E+16
46708,46709,14,6,12,0,2016,6,16,5,3,0,5,0,0,1,1,0,0,0,0,8.41033E+20,5.66268E+21,1.38628E+16,5.10143E+16
46709,46710,14,7,13,0,2016,6,20,1,2,5,3,0,0,1,1,0,0,0,0,7.31749E+20,5.69261E+21,1.23273E+16,5.13375E+16
46710,46711,14,6,12,0,2016,6,16,4,3,5,7,0,1,1,1,0,0,0,0,8.32528E+20,5.66691E+21,1.37459E+16,5.10572E+16
46711,46712,14,7,29,340,2016,6,14,6,3,2,6,0,0,0,1,0,0,0,0,7.50815E+20,5.68989E+21,1.25986E+16,5.1305E+16
46712,46713,14,6,12,0,2016,7,15,7,3,3,6,0,1,0,1,0,1,0,0,8.38576E+20,5.65935E+21,1.38248E+16,5.0986E+16
46713,46714,14,5,23,430,2016,5,9,4,2,1,5,0,0,0,0,0,0,1,0,7.32585E+20,5.60624E+21,1.22841E+16,5.05617E+16
46714,46715,14,7,30,230,2016,5,12,3,3,6,6,0,0,0,1,0,0,0,1,7.85687E+20,5.69072E+21,1.30983E+16,5.1296E+16
46715,46716,14,6,27,10,2016,6,20,1,3,0,1,0,1,0,0,0,1,0,0,8.19754E+20,5.67387E+21,1.35704E+16,5.11269E+16
46716,46717,14,6,27,270,2016,6,8,6,2,5,3,0,1,0,1,0,0,0,0,7.92838E+20,5.69476E+21,1.32039E+16,5.13286E+16
46717,46718,14,6,25,20,2016,7,22,2,3,4,2,2,0,0,1,0,0,0,0,8.7998E+20,5.68313E+21,1.44372E+16,5.11731E+16
46718,46719,14,6,12,0,2016,6,7,4,3,0,1,0,1,0,0,0,1,0,0,8.32738E+20,5.66371E+21,1.37459E+16,5.10284E+16
46719,46720,14,7,13,0,2016,5,0,6,3,5,2,2,0,0,1,0,0,0,0,7.40893E+20,5.69635E+21,1.24609E+16,5.13673E+16
46720,46721,14,6,28,220,2016,6,0,7,3,3,6,2,0,0,1,0,0,0,1,8.36207E+20,5.65866E+21,1.37906E+16,5.09811E+16
46721,46722,14,5,21,430,2016,6,15,3,3,2,2,0,0,0,1,0,0,0,0,7.65493E+20,5.62606E+21,1.2762E+16,5.07255E+16
46722,46723,14,6,12,0,2016,6,17,1,3,2,6,0,0,0,1,0,0,0,1,8.31952E+20,5.66762E+21,1.37384E+16,5.1064E+16
46723,46724,14,5,21,590,2016,5,9,6,3,2,6,0,0,1,0,0,0,0,0,7.65591E+20,5.62221E+21,1.27606E+16,5.06909E+16
46724,46725,14,6,27,100,2016,6,15,5,3,1,2,0,0,0,1,0,0,0,0,8.13409E+20,5.67228E+21,1.34786E+16,5.11161E+16
46725,46726,14,5,24,140,2016,6,15,1,2,2,6,0,0,0,0,0,1,0,0,7.33656E+20,5.62992E+21,1.23142E+16,5.07739E+16
46726,46727,14,7,13,0,2016,6,9,7,3,5,2,0,0,0,1,0,0,0,0,7.32799E+20,5.69686E+21,1.23451E+16,5.13752E+16
46727,46728,14,5,21,310,2016,7,17,1,3,0,1,0,1,0,1,0,0,0,0,7.68305E+20,5.62959E+21,1.28043E+16,5.0756E+16
46728,46729,14,5,22,570,2016,5,11,5,3,5,3,0,0,0,1,0,0,0,0,7.84074E+20,5.66466E+21,1.30546E+16,5.1063E+16
46729,46730,14,5,22,10,2016,5,21,4,2,5,3,2,0,0,1,0,0,0,0,7.79415E+20,5.65373E+21,1.29799E+16,5.09673E+16
46730,46731,14,6,25,380,2016,6,4,1,3,9,1,1,0,0,1,0,0,0,0,8.71664E+20,5.67389E+21,1.43092E+16,5.10958E+16
46731,46732,14,7,29,400,2016,5,16,5,3,5,2,0,0,0,1,0,0,0,0,7.61721E+20,5.68798E+21,1.27533E+16,5.12829E+16
46732,46733,14,5,21,450,2016,6,17,7,3,4,6,0,0,0,1,0,0,0,1,7.64181E+20,5.62372E+21,1.27418E+16,5.07052E+16
46733,46734,14,6,26,245,2016,6,11,6,3,6,2,0,1,0,1,0,0,0,1,8.94385E+20,5.66818E+21,1.46259E+16,5.10295E+16
46734,46735,14,6,28,205,2016,5,16,3,2,0,3,0,0,1,0,0,0,0,0,8.22476E+20,5.65123E+21,1.3589E+16,5.09224E+16
46735,46736,14,5,11,0,2016,6,14,6,3,8,1,0,1,0,1,0,0,0,0,7.66081E+20,5.63748E+21,1.27786E+16,5.08278E+16
46736,46737,14,6,27,360,2016,7,20,6,3,9,6,0,0,1,0,0,0,0,0,7.99419E+20,5.69323E+21,1.32968E+16,5.13114E+16
46737,46738,14,6,12,0,2016,6,7,3,3,0,6,0,0,1,0,1,0,0,0,8.30919E+20,5.66509E+21,1.37213E+16,5.10418E+16
46738,46739,14,7,30,190,2016,6,22,6,3,8,1,2,0,0,0,0,0,0,1,7.68922E+20,5.71528E+21,1.2877E+16,5.15245E+16
46739,46740,14,5,23,320,2016,5,13,2,2,0,1,0,1,0,0,0,1,0,0,7.22685E+20,5.59953E+21,1.21406E+16,5.05054E+16
46740,46741,14,5,24,20,2016,6,16,5,2,4,6,0,0,0,1,0,1,0,0,7.55676E+20,5.63969E+21,1.26327E+16,5.08523E+16
46741,46742,14,5,22,50,2016,6,11,4,3,2,6,0,0,1,1,0,0,0,0,8.04038E+20,5.64345E+21,1.3321E+16,5.08626E+16
46742,46743,14,5,11,0,2016,6,13,5,3,3,6,0,0,0,1,0,0,1,0,7.71058E+20,5.64049E+21,1.28513E+16,5.08525E+16
46743,46744,14,6,12,0,2016,5,13,1,2,9,1,0,0,0,1,0,0,0,0,8.29453E+20,5.66285E+21,1.36985E+16,5.10226E+16
46744,46745,14,6,25,150,2016,6,15,3,3,2,6,0,0,0,0,0,0,0,1,8.73416E+20,5.68329E+21,1.43438E+16,5.11788E+16
46745,46746,14,5,22,170,2016,6,16,5,2,3,2,0,0,0,1,0,1,0,0,8.20221E+20,5.63685E+21,1.35445E+16,5.07948E+16
46746,46747,14,5,22,180,2016,6,19,5,3,6,6,0,0,0,1,1,0,0,0,8.01679E+20,5.65023E+21,1.32932E+16,5.09247E+16
46747,46748,14,7,13,0,2016,6,16,1,3,2,6,0,0,0,1,0,0,0,1,7.44946E+20,5.69171E+21,1.25158E+16,5.13238E+16
46748,46749,14,5,23,320,2016,6,18,3,3,5,3,0,0,1,1,0,0,0,0,7.22017E+20,5.60063E+21,1.21318E+16,5.05155E+16
46749,46750,14,6,27,180,2016,5,15,2,2,4,6,0,0,0,1,0,1,0,0,8.02635E+20,5.66613E+21,1.332E+16,5.10668E+16
46750,46751,14,5,22,530,2016,5,12,1,2,9,1,0,0,0,1,0,0,0,0,7.71065E+20,5.66467E+21,1.28694E+16,5.10694E+16
46751,46752,14,7,30,150,2016,5,13,6,3,2,2,0,0,0,1,0,0,0,0,7.37538E+20,5.70491E+21,1.24185E+16,5.14455E+16
46752,46753,14,5,21,450,2016,6,7,5,2,4,6,0,0,0,1,0,0,0,0,7.57382E+20,5.62522E+21,1.26467E+16,5.07217E+16
46753,46754,14,6,28,100,2016,5,16,7,2,5,3,0,0,1,0,0,0,0,1,8.50878E+20,5.66471E+21,1.40046E+16,5.10266E+16
46754,46755,14,5,21,590,2016,5,16,3,2,9,7,0,0,0,1,0,0,0,0,7.64463E+20,5.62315E+21,1.27453E+16,5.06999E+16
46755,46756,14,6,12,0,2016,6,10,3,3,2,6,0,0,0,1,0,0,0,0,8.32584E+20,5.66814E+21,1.37478E+16,5.10682E+16
46756,46757,14,5,22,260,2016,6,23,2,3,4,2,2,0,0,1,0,0,0,0,7.66021E+20,5.64338E+21,1.2782E+16,5.08807E+16
46757,46758,14,5,22,420,2016,7,18,2,3,5,3,0,0,0,1,0,0,0,0,7.80676E+20,5.64427E+21,1.29905E+16,5.08818E+16
46758,46759,14,5,23,320,2016,6,15,3,3,0,7,0,0,0,0,0,1,0,1,7.2341E+20,5.59805E+21,1.21499E+16,5.04918E+16
46759,46760,14,6,12,0,2016,5,6,6,3,2,6,0,0,0,1,0,0,0,1,8.31405E+20,5.664E+21,1.37273E+16,5.10318E+16
46760,46761,14,7,30,110,2016,6,16,6,3,5,3,0,0,0,1,0,0,0,0,7.54811E+20,5.70828E+21,1.2669E+16,5.14683E+16
46761,46762,14,5,24,10,2016,6,17,7,3,2,6,0,0,0,1,0,0,0,0,7.59437E+20,5.63301E+21,1.26813E+16,5.07906E+16
46762,46763,14,7,13,0,2016,6,21,6,2,5,2,1,0,0,1,0,0,0,0,7.40382E+20,5.69444E+21,1.24522E+16,5.13503E+16
46763,46764,14,6,25,170,2016,5,21,5,2,5,3,1,0,0,1,0,1,0,0,8.55736E+20,5.67296E+21,1.40817E+16,5.10975E+16
46764,46765,14,5,22,180,2016,6,18,5,3,5,3,0,0,1,1,0,0,0,0,8.03596E+20,5.64864E+21,1.3319E+16,5.09094E+16
46765,46766,14,5,24,330,2016,6,5,7,3,4,2,0,0,0,1,0,0,0,1,7.44738E+20,5.61913E+21,1.24639E+16,5.06725E+16
46766,46767,14,5,24,330,2016,5,13,3,3,5,2,0,0,1,1,0,0,0,0,7.45001E+20,5.62623E+21,1.24723E+16,5.07361E+16
46767,46768,14,6,25,250,2016,6,15,6,3,2,6,0,0,0,1,0,1,0,0,8.55948E+20,5.69342E+21,1.4105E+16,5.12807E+16
46768,46769,14,5,21,420,2016,7,15,7,2,2,7,0,1,0,1,0,0,0,0,7.66727E+20,5.62689E+21,1.278E+16,5.07325E+16
46769,46770,14,6,25,340,2016,5,18,4,2,9,1,0,0,0,0,0,1,0,0,8.85204E+20,5.70121E+21,1.4531E+16,5.13314E+16
46770,46771,14,6,12,0,2016,6,16,6,3,4,1,0,0,0,1,0,0,0,0,8.31454E+20,5.66699E+21,1.37307E+16,5.10586E+16
46771,46772,14,7,30,310,2016,5,14,2,2,2,1,0,0,0,1,0,0,0,0,7.76718E+20,5.71926E+21,1.29922E+16,5.15564E+16
46772,46773,14,6,28,410,2016,6,13,6,1,2,6,0,0,0,1,0,0,0,0,8.2149E+20,5.66417E+21,1.35865E+16,5.10389E+16
46773,46774,14,5,24,130,2016,5,18,2,3,0,4,0,0,0,0,1,1,0,0,7.49307E+20,5.61379E+21,1.25248E+16,5.06226E+16
46774,46775,14,5,22,250,2016,7,18,6,3,5,3,0,0,0,1,0,1,0,0,7.76691E+20,5.66866E+21,1.29526E+16,5.11025E+16
46775,46776,14,5,24,250,2016,6,12,2,2,3,6,0,0,0,1,0,1,0,0,7.53268E+20,5.62277E+21,1.25869E+16,5.07015E+16
46776,46777,14,7,13,0,2016,6,7,5,3,2,2,0,0,0,1,0,1,0,0,7.38571E+20,5.69453E+21,1.24263E+16,5.13519E+16
46777,46778,14,6,28,20,2016,5,9,2,3,4,7,0,0,0,1,0,0,0,0,8.4783E+20,5.64628E+21,1.39437E+16,5.08633E+16
46778,46779,14,6,26,600,2016,6,11,3,2,6,4,0,0,0,1,1,0,0,0,8.91512E+20,5.72023E+21,1.46421E+16,5.14972E+16
46779,46780,14,6,12,0,2016,6,19,4,3,5,2,0,0,1,0,0,1,0,0,8.31696E+20,5.66735E+21,1.37345E+16,5.10616E+16
46780,46781,14,5,24,330,2016,5,14,7,2,3,2,0,0,0,1,0,1,0,0,7.46162E+20,5.62669E+21,1.2489E+16,5.07397E+16
46781,46782,14,6,27,180,2016,7,10,4,3,9,1,0,0,0,1,0,0,0,0,8.03551E+20,5.67058E+21,1.33367E+16,5.11061E+16
46782,46783,14,5,21,700,2016,6,6,3,3,4,1,0,0,0,1,0,0,0,0,7.59597E+20,5.60624E+21,1.26647E+16,5.05503E+16
46783,46784,14,6,26,110,2016,6,13,4,2,5,3,0,0,1,1,0,0,0,0,9.17581E+20,5.68477E+21,1.49741E+16,5.11615E+16
46784,46785,14,6,12,0,2016,7,15,3,3,6,2,0,0,0,1,1,0,0,0,8.31045E+20,5.66548E+21,1.37235E+16,5.10453E+16
46785,46786,14,6,26,610,2016,6,12,4,3,1,5,0,0,1,1,0,0,0,0,9.08465E+20,5.65548E+21,1.48114E+16,5.09061E+16
46786,46787,14,5,22,150,2016,5,14,3,3,5,3,0,0,0,1,0,0,0,0,7.83047E+20,5.6474E+21,1.30265E+16,5.09087E+16
46787,46788,14,7,30,270,2016,6,17,5,3,4,2,0,0,0,1,0,0,0,0,7.24614E+20,5.69856E+21,1.22288E+16,5.13938E+16
46788,46789,14,6,12,0,2016,7,16,6,2,8,1,0,0,0,1,0,0,0,0,8.41122E+20,5.66873E+21,1.38698E+16,5.10685E+16
46789,46790,14,5,22,120,2016,6,21,3,2,5,3,2,0,0,1,0,0,1,0,7.7677E+20,5.65829E+21,1.29458E+16,5.10095E+16
46790,46791,14,7,29,160,2016,5,15,2,3,2,6,0,1,0,1,0,0,0,1,7.73426E+20,5.68652E+21,1.29196E+16,5.12643E+16
46791,46792,14,5,24,120,2016,6,14,5,3,4,1,0,0,0,0,0,1,1,0,7.59218E+20,5.63549E+21,1.26799E+16,5.08131E+16
46792,46793,14,6,26,310,2016,5,7,2,3,2,6,0,0,0,1,0,0,0,0,9.04995E+20,5.65572E+21,1.47626E+16,5.09107E+16
46793,46794,14,7,30,60,2016,6,13,3,2,4,2,0,0,1,1,0,0,0,0,7.77939E+20,5.6973E+21,1.29925E+16,5.13588E+16
46794,46795,14,6,25,60,2016,6,17,4,2,8,1,0,0,0,0,0,0,1,0,8.62511E+20,5.68381E+21,1.4189E+16,5.11905E+16
46795,46796,14,5,22,540,2016,5,10,1,3,4,2,0,0,0,1,0,1,0,0,7.94468E+20,5.65996E+21,1.31987E+16,5.10157E+16
46796,46797,14,6,25,200,2016,7,6,4,3,5,3,0,0,1,1,0,0,0,0,8.51315E+20,5.67827E+21,1.4024E+16,5.11478E+16
46797,46798,14,6,12,0,2016,6,8,3,3,1,6,0,0,0,1,0,0,0,0,8.42145E+20,5.66794E+21,1.38836E+16,5.10608E+16
46798,46799,14,7,29,30,2016,6,6,4,3,1,2,0,0,0,1,0,0,1,0,7.56896E+20,5.69633E+21,1.26903E+16,5.13601E+16
46799,46800,14,6,25,250,2016,7,18,3,2,4,6,0,0,0,1,0,0,0,0,8.57345E+20,5.69425E+21,1.41258E+16,5.12872E+16
46800,46801,14,5,22,330,2016,6,14,5,2,8,6,0,0,0,1,0,0,0,0,7.7814E+20,5.646E+21,1.29558E+16,5.08985E+16
46801,46802,14,6,28,50,2016,6,15,1,2,9,7,0,0,0,1,0,0,0,0,8.31841E+20,5.66133E+21,1.3731E+16,5.10076E+16
46802,46803,14,7,29,50,2016,6,9,3,3,5,3,0,0,1,1,0,0,0,0,7.44357E+20,5.66947E+21,1.24922E+16,5.11245E+16
46803,46804,14,5,23,160,2016,5,4,1,3,8,1,1,0,0,1,0,0,0,0,7.40705E+20,5.58318E+21,1.23837E+16,5.03515E+16
46804,46805,14,5,23,450,2016,5,13,7,3,2,1,0,0,0,1,0,1,0,0,7.12187E+20,5.58642E+21,1.19853E+16,5.03915E+16
46805,46806,14,7,30,280,2016,6,17,4,3,5,3,0,0,0,1,0,0,0,0,7.4142E+20,5.71311E+21,1.24798E+16,5.15174E+16
46806,46807,14,5,22,180,2016,5,18,7,2,9,1,0,0,0,0,0,1,0,0,8.0756E+20,5.65025E+21,1.33766E+16,5.09218E+16
46807,46808,14,7,30,230,2016,5,8,3,2,8,1,0,0,0,1,0,0,0,0,7.85906E+20,5.68958E+21,1.31005E+16,5.12857E+16
46808,46809,14,7,13,0,2016,6,11,2,3,5,3,0,0,1,1,0,0,0,0,7.33236E+20,5.69688E+21,1.23514E+16,5.13752E+16
46809,46810,14,5,23,10,2016,6,13,1,3,4,6,0,0,0,1,0,0,0,0,7.2957E+20,5.5807E+21,1.2226E+16,5.03336E+16
46810,46811,14,5,24,330,2016,7,14,1,3,9,1,0,1,0,1,0,1,0,0,7.43643E+20,5.6188E+21,1.24482E+16,5.067E+16
46811,46812,14,5,21,590,2016,5,14,6,3,2,6,0,0,0,1,0,0,0,0,7.65477E+20,5.62362E+21,1.276E+16,5.07036E+16
46812,46813,14,7,30,340,2016,6,17,7,2,9,1,0,0,0,0,0,1,0,0,7.26278E+20,5.70645E+21,1.22577E+16,5.14639E+16
46813,46814,14,6,28,360,2016,6,14,7,2,9,1,0,1,0,0,0,1,0,0,8.67941E+20,5.65827E+21,1.42404E+16,5.09583E+16
46814,46815,14,6,25,350,2016,6,19,6,2,9,1,0,0,0,0,0,1,0,0,8.6158E+20,5.68915E+21,1.41811E+16,5.12389E+16
46815,46816,14,6,27,10,2016,5,14,5,3,5,3,0,0,1,1,0,0,0,0,8.18342E+20,5.67402E+21,1.35504E+16,5.1129E+16
46816,46817,14,5,21,30,2016,6,13,5,3,5,3,0,1,0,1,0,0,0,0,7.63111E+20,5.61087E+21,1.27175E+16,5.05903E+16
46817,46818,14,7,13,0,2016,6,23,7,3,4,2,2,1,0,1,0,0,0,0,7.32624E+20,5.69241E+21,1.23397E+16,5.13353E+16
46818,46819,14,6,26,110,2016,5,11,3,3,2,2,0,0,0,1,0,0,0,1,9.17143E+20,5.68549E+21,1.49687E+16,5.11682E+16
46819,46820,14,6,28,210,2016,6,12,6,3,5,3,0,0,0,1,0,0,0,0,8.54803E+20,5.65368E+21,1.40496E+16,5.09254E+16
46820,46821,14,7,13,0,2016,7,15,6,3,8,1,0,0,0,1,0,0,0,0,7.34865E+20,5.70217E+21,1.23783E+16,5.1422E+16
46821,46822,14,6,25,430,2016,6,9,6,3,2,6,0,0,0,1,0,0,0,1,8.37437E+20,5.68163E+21,1.38295E+16,5.11862E+16
46822,46823,14,5,11,0,2016,6,13,6,3,6,4,0,0,1,0,1,0,0,0,7.76533E+20,5.64112E+21,1.29294E+16,5.08556E+16
46823,46824,14,6,12,0,2016,5,15,2,3,5,3,0,0,1,1,0,0,0,0,8.2232E+20,5.6703E+21,1.36037E+16,5.10934E+16
46824,46825,14,5,22,80,2016,6,6,6,3,5,3,0,0,0,1,0,0,0,0,7.87929E+20,5.67125E+21,1.31147E+16,5.11203E+16
46825,46826,14,7,30,340,2016,5,18,6,3,4,6,0,0,0,1,0,1,0,0,7.26859E+20,5.70519E+21,1.22652E+16,5.14524E+16
46826,46827,14,5,21,90,2016,7,7,6,3,8,1,0,0,0,0,0,0,1,0,7.91929E+20,5.62908E+21,1.3138E+16,5.074E+16
46827,46828,14,6,25,610,2016,6,5,2,3,8,6,1,1,1,0,0,0,1,0,8.93225E+20,5.6858E+21,1.46286E+16,5.1188E+16
46828,46829,14,6,26,600,2016,6,7,5,3,5,3,0,0,1,1,0,0,0,0,8.92321E+20,5.71982E+21,1.46532E+16,5.1493E+16
46829,46830,14,6,12,0,2016,5,11,2,3,0,5,0,0,1,1,0,0,0,0,8.31077E+20,5.66424E+21,1.37228E+16,5.10341E+16
46830,46831,14,5,24,90,2016,6,14,3,2,5,3,0,0,0,1,0,1,0,0,7.59122E+20,5.61883E+21,1.26668E+16,5.06636E+16
46831,46832,14,6,12,0,2016,7,10,4,3,5,2,0,1,1,1,0,0,0,0,8.31187E+20,5.66533E+21,1.37254E+16,5.10438E+16
46832,46833,14,7,29,170,2016,6,5,2,3,5,2,0,0,0,1,0,0,0,0,7.33589E+20,5.67088E+21,1.23395E+16,5.11416E+16
46833,46834,14,6,27,10,2016,6,10,4,3,0,1,0,0,0,0,0,1,0,0,8.20478E+20,5.67424E+21,1.3581E+16,5.11298E+16
46834,46835,14,5,24,180,2016,7,8,2,2,6,4,0,0,0,1,1,0,0,0,7.66349E+20,5.64038E+21,1.27845E+16,5.08537E+16
46835,46836,14,6,28,270,2016,6,15,4,3,2,6,0,0,0,1,0,0,0,1,8.46748E+20,5.65677E+21,1.39384E+16,5.09579E+16
46836,46837,14,6,26,610,2016,6,16,7,3,5,3,0,0,0,1,0,0,0,0,9.07568E+20,5.65466E+21,1.47978E+16,5.08993E+16
46837,46838,14,6,12,0,2016,6,14,3,3,2,6,0,0,0,1,0,0,0,0,8.38119E+20,5.65939E+21,1.38184E+16,5.09866E+16
46838,46839,14,6,27,60,2016,5,14,1,3,2,2,0,0,0,1,0,1,0,0,8.16882E+20,5.69336E+21,1.35467E+16,5.13031E+16
46839,46840,14,6,27,230,2016,6,12,4,3,5,3,0,0,1,0,0,0,1,0,7.99037E+20,5.69325E+21,1.32913E+16,5.13118E+16
46840,46841,14,7,29,410,2016,5,10,3,3,0,7,0,0,1,0,0,0,0,0,7.65044E+20,5.69482E+21,1.28059E+16,5.13428E+16
46841,46842,14,7,29,270,2016,6,9,5,3,4,2,0,1,1,1,0,0,0,0,7.25349E+20,5.68931E+21,1.22335E+16,5.13104E+16
46842,46843,14,6,25,525,2016,6,20,2,3,4,6,0,0,0,1,0,0,0,0,8.82494E+20,5.67524E+21,1.44646E+16,5.11007E+16
46843,46844,14,6,28,60,2016,6,13,2,3,9,1,0,0,0,1,0,0,0,0,8.27433E+20,5.63713E+21,1.36467E+16,5.07932E+16
46844,46845,14,6,28,270,2016,6,10,1,3,5,2,0,0,1,1,0,0,0,0,8.46211E+20,5.65708E+21,1.39311E+16,5.09611E+16
46845,46846,14,6,25,30,2016,6,10,7,3,5,3,0,0,1,1,0,0,0,0,8.52656E+20,5.70355E+21,1.4068E+16,5.13734E+16
46846,46847,14,6,25,240,2016,7,14,1,3,3,6,0,0,0,1,0,0,0,0,8.64437E+20,5.7077E+21,1.42408E+16,5.14032E+16
46847,46848,14,6,28,30,2016,5,16,4,3,5,3,0,0,1,1,0,0,0,0,8.60938E+20,5.65383E+21,1.41367E+16,5.0923E+16
46848,46849,14,5,24,30,2016,6,10,1,2,3,2,0,0,0,1,0,1,0,0,7.31468E+20,5.63342E+21,1.22854E+16,5.08062E+16
46849,46850,14,7,13,0,2016,5,15,5,3,5,3,0,0,1,1,0,0,0,0,7.36859E+20,5.69168E+21,1.23999E+16,5.1327E+16
46850,46851,14,6,12,0,2016,6,11,7,3,5,3,0,0,1,1,0,0,0,0,8.39918E+20,5.66791E+21,1.38519E+16,5.10618E+16
46851,46852,14,5,22,530,2016,6,10,7,2,9,1,0,0,0,0,0,1,0,0,7.67938E+20,5.65959E+21,1.28211E+16,5.10253E+16
46852,46853,14,6,12,0,2016,6,9,6,3,2,6,0,0,0,1,0,0,0,0,8.29614E+20,5.66598E+21,1.37036E+16,5.10506E+16
46853,46854,14,5,23,170,2016,6,14,7,2,0,7,0,0,0,1,0,0,0,0,7.41053E+20,5.60868E+21,1.24051E+16,5.05802E+16
46854,46855,14,6,26,300,2016,6,6,3,3,2,2,0,0,0,1,0,0,0,0,9.12913E+20,5.6829E+21,1.49056E+16,5.11482E+16
46855,46856,14,7,13,0,2016,5,22,1,2,5,2,2,0,0,1,0,0,0,0,7.30086E+20,5.6931E+21,1.23038E+16,5.13425E+16
46856,46857,14,6,25,250,2016,6,21,4,2,6,4,1,0,0,1,1,0,0,0,8.55845E+20,5.69325E+21,1.41034E+16,5.12792E+16
46857,46858,14,5,24,190,2016,5,17,6,2,8,1,0,0,0,0,0,1,0,0,7.44771E+20,5.63738E+21,1.24765E+16,5.08363E+16
46858,46859,14,7,13,0,2016,5,17,3,3,1,2,0,0,0,1,0,0,0,0,7.26971E+20,5.68613E+21,1.22547E+16,5.12812E+16
46859,46860,14,7,29,270,2016,6,16,2,2,5,3,0,0,0,1,0,1,0,0,7.24357E+20,5.68817E+21,1.22186E+16,5.13006E+16
46860,46861,14,6,25,430,2016,6,16,2,3,4,7,0,0,0,1,0,0,1,0,8.34574E+20,5.68058E+21,1.37877E+16,5.11785E+16
46861,46862,14,7,30,170,2016,6,2,1,3,8,1,2,0,0,1,0,0,0,0,7.90556E+20,5.69187E+21,1.31689E+16,5.13038E+16
46862,46863,14,7,30,110,2016,7,17,1,1,4,1,0,0,0,1,0,0,0,0,7.51769E+20,5.70428E+21,1.26224E+16,5.14337E+16
46863,46864,14,5,22,390,2016,6,12,2,3,9,1,0,0,0,1,0,0,0,0,8.09402E+20,5.63565E+21,1.33904E+16,5.07898E+16
46864,46865,14,6,26,150,2016,5,16,5,2,2,6,0,0,0,1,0,0,1,0,8.95601E+20,5.67231E+21,1.46477E+16,5.10656E+16
46865,46866,14,6,25,510,2016,6,10,7,3,2,6,0,0,0,1,0,0,0,0,8.57099E+20,5.68163E+21,1.41097E+16,5.11743E+16
46866,46867,14,6,12,0,2016,6,16,7,2,2,6,0,1,0,1,0,0,0,0,8.34176E+20,5.67766E+21,1.37793E+16,5.11526E+16
46867,46868,14,6,28,270,2016,6,15,6,3,2,6,0,1,0,1,0,0,0,1,8.47416E+20,5.6569E+21,1.3948E+16,5.09587E+16
46868,46869,14,5,23,320,2016,6,15,4,2,5,3,0,1,0,1,0,0,0,1,7.2158E+20,5.59832E+21,1.21243E+16,5.04949E+16
46869,46870,14,6,26,450,2016,6,10,7,2,8,1,0,0,1,0,0,0,0,0,9.01552E+20,5.68138E+21,1.47423E+16,5.11427E+16
46870,46871,14,6,27,310,2016,5,19,3,3,5,3,0,1,0,1,0,1,0,0,8.1925E+20,5.67684E+21,1.35658E+16,5.11538E+16
46871,46872,14,6,25,240,2016,7,13,6,2,2,6,0,0,0,1,0,0,0,1,8.67751E+20,5.71225E+21,1.4293E+16,5.14417E+16
46872,46873,14,6,28,410,2016,6,13,6,3,4,1,0,0,0,1,0,0,0,1,8.13555E+20,5.66034E+21,1.34703E+16,5.1009E+16
46873,46874,14,5,24,170,2016,6,19,5,3,0,3,0,1,0,1,0,0,0,0,7.43546E+20,5.61554E+21,1.24447E+16,5.06408E+16
46874,46875,14,5,21,20,2016,5,11,2,2,6,4,0,0,0,1,1,0,0,0,7.84257E+20,5.61235E+21,1.30167E+16,5.05937E+16
46875,46876,14,5,24,260,2016,6,5,5,2,0,7,0,0,0,1,0,0,0,0,7.49883E+20,5.64021E+21,1.25509E+16,5.08595E+16
46876,46877,14,7,29,320,2016,5,7,6,2,4,2,0,0,0,1,0,1,0,0,7.343E+20,5.67601E+21,1.2353E+16,5.11874E+16
46877,46878,14,5,23,320,2016,5,17,2,2,6,4,0,0,0,1,1,0,0,0,7.2367E+20,5.5983E+21,1.21537E+16,5.04939E+16
46878,46879,14,6,26,250,2016,6,7,5,3,5,3,0,0,0,1,0,0,0,0,8.94272E+20,5.72362E+21,1.46854E+16,5.15256E+16
46879,46880,14,7,13,0,2016,6,7,5,3,3,2,0,0,1,0,0,0,0,1,7.33844E+20,5.69319E+21,1.23577E+16,5.13418E+16
46880,46881,14,6,28,410,2016,6,18,2,2,2,5,0,1,0,1,0,0,0,0,8.13755E+20,5.66596E+21,1.3478E+16,5.10593E+16
46881,46882,14,7,29,410,2016,5,17,7,2,2,6,0,0,0,1,0,0,0,0,7.60207E+20,5.69876E+21,1.27395E+16,5.13803E+16
46882,46883,14,6,28,100,2016,6,13,5,3,4,6,0,0,0,1,0,1,0,0,8.52372E+20,5.66858E+21,1.40296E+16,5.10603E+16