FID,OBJECTID,ULAND,UREGBEZ,UKREIS,UGEMEINDE,UJAHR,UMONAT,USTUNDE,UWOCHENTAG,UKATEGORIE,UART,UTYP1,ULICHTVERH,IstStrasse,IstRad,IstPKW,IstFuss,IstKrad,IstGkfz,IstSonstig,LINREFX,LINREFY,XGCSWGS84,YGCSWGS84
46883,46884,14,7,13,0,2016,5,15,3,2,2,6,0,0,0,1,0,0,1,0,7.40786E+20,5.69714E+21,1.24599E+16,5.13744E+16
46884,46885,14,5,22,210,2016,7,7,4,3,5,3,0,0,0,1,0,0,0,1,8.00598E+20,5.65855E+21,1.32847E+16,5.09999E+16
46885,46886,14,7,29,410,2016,6,10,3,3,2,6,0,0,0,1,0,0,0,0,7.6015E+20,5.69727E+21,1.27376E+16,5.1367E+16
46886,46887,14,7,13,0,2016,6,17,2,3,0,6,0,0,0,1,0,0,0,0,7.38705E+20,5.68927E+21,1.24247E+16,5.13046E+16
46887,46888,14,5,21,440,2016,6,15,4,3,0,1,0,0,0,1,0,0,0,0,7.7913E+20,5.5931E+21,1.293E+16,5.04235E+16
46888,46889,14,6,26,420,2016,7,16,2,3,8,1,0,0,0,1,0,0,0,0,9.14782E+20,5.66885E+21,1.4916E+16,5.10211E+16
46889,46890,14,6,28,110,2016,6,16,4,3,2,6,0,0,1,1,0,0,0,0,8.22611E+20,5.66233E+21,1.36008E+16,5.10218E+16
46890,46891,14,6,12,0,2016,6,16,7,3,1,6,0,1,0,1,0,0,0,0,8.31707E+20,5.66319E+21,1.37308E+16,5.10244E+16
46891,46892,14,5,11,0,2016,6,12,3,3,2,2,0,0,0,1,0,0,0,0,7.77689E+20,5.64056E+21,1.29453E+16,5.085E+16
46892,46893,14,6,25,240,2016,6,15,5,3,2,6,0,0,0,1,0,0,0,0,8.65599E+20,5.71308E+21,1.4263E+16,5.14506E+16
46893,46894,14,6,12,0,2016,6,18,2,3,2,6,0,0,0,1,0,0,0,0,8.34298E+20,5.66808E+21,1.37722E+16,5.10667E+16
46894,46895,14,5,23,40,2016,6,12,7,2,8,7,0,0,0,1,0,0,0,0,7.32149E+20,5.57664E+21,1.22597E+16,5.02961E+16
46895,46896,14,6,12,0,2016,7,15,1,3,8,1,0,0,0,1,0,0,0,0,8.27293E+20,5.66381E+21,1.36686E+16,5.10324E+16
46896,46897,14,6,28,80,2016,5,12,5,2,8,1,0,0,0,1,0,0,0,0,8.39362E+20,5.65752E+21,1.38343E+16,5.09691E+16
46897,46898,14,6,12,0,2016,5,20,4,3,5,3,1,0,1,0,0,0,0,0,8.32607E+20,5.66819E+21,1.37482E+16,5.10686E+16
46898,46899,14,7,30,60,2016,6,17,1,2,5,3,0,0,1,0,0,0,0,0,7.77268E+20,5.6964E+21,1.29822E+16,5.13511E+16
46899,46900,14,6,26,610,2016,5,19,5,2,4,2,0,0,0,1,0,0,0,0,9.09197E+20,5.65491E+21,1.48211E+16,5.09005E+16
46900,46901,14,5,21,80,2016,6,16,7,3,9,1,0,1,0,1,0,0,0,0,7.61053E+20,5.60689E+21,1.26857E+16,5.05556E+16
46901,46902,14,5,24,280,2016,6,7,6,2,0,7,0,1,0,1,0,0,0,0,7.58714E+20,5.63407E+21,1.26718E+16,5.08005E+16
46902,46903,14,6,28,270,2016,5,12,3,3,2,7,0,0,0,1,0,1,0,0,8.45345E+20,5.66138E+21,1.39228E+16,5.10001E+16
46903,46904,14,5,21,160,2016,6,19,6,2,4,2,0,0,1,1,0,0,0,0,7.80672E+20,5.61874E+21,1.2971E+16,5.06528E+16
46904,46905,14,6,27,10,2016,7,11,6,3,5,3,0,0,1,0,0,0,0,1,8.20247E+20,5.67377E+21,1.35773E+16,5.11256E+16
46905,46906,14,6,28,160,2016,6,16,3,3,2,2,0,0,0,1,0,0,0,0,8.40594E+20,5.65883E+21,1.3853E+16,5.09801E+16
46906,46907,14,5,23,260,2016,6,13,6,2,4,6,0,0,1,1,0,0,0,0,7.28424E+20,5.61379E+21,1.22301E+16,5.06312E+16
46907,46908,14,5,22,540,2016,5,15,3,2,2,6,0,0,0,1,0,0,1,0,7.94854E+20,5.65838E+21,1.32029E+16,5.10013E+16
46908,46909,14,5,22,310,2016,6,12,6,2,5,3,0,0,0,1,0,0,0,0,7.76725E+20,5.67879E+21,1.29608E+16,5.11934E+16
46909,46910,14,6,12,0,2016,6,17,4,3,5,3,0,0,1,1,0,0,0,0,8.326E+20,5.66817E+21,1.37481E+16,5.10685E+16
46910,46911,14,5,22,250,2016,6,7,5,3,8,6,0,0,0,1,0,0,0,1,7.7619E+20,5.66802E+21,1.29449E+16,5.1097E+16
46911,46912,14,6,12,0,2016,5,14,1,3,5,3,0,0,1,1,0,0,0,0,8.39194E+20,5.66471E+21,1.38386E+16,5.10336E+16
46912,46913,14,7,29,140,2016,5,15,6,2,9,7,0,0,0,1,0,0,0,0,7.53819E+20,5.6626E+21,1.26223E+16,5.10587E+16
46913,46914,14,5,22,150,2016,6,7,5,3,2,6,0,0,0,1,0,0,0,0,7.83059E+20,5.64743E+21,1.30267E+16,5.0909E+16
46914,46915,14,6,28,110,2016,6,12,5,3,0,1,0,0,0,1,0,1,0,0,8.27121E+20,5.66177E+21,1.36644E+16,5.10142E+16
46915,46916,14,7,30,190,2016,6,2,1,2,0,7,2,0,1,0,0,0,0,0,7.7075E+20,5.71166E+21,1.29005E+16,5.14912E+16
46916,46917,14,5,24,200,2016,6,8,3,3,5,2,0,0,0,1,0,0,0,1,7.50949E+20,5.62671E+21,1.25568E+16,5.07379E+16
46917,46918,14,5,21,380,2016,5,15,1,2,2,6,0,0,0,0,0,1,0,0,7.63866E+20,5.62675E+21,1.27395E+16,5.07325E+16
46918,46919,14,5,23,320,2016,5,16,6,3,0,5,0,0,0,1,0,0,0,0,7.20156E+20,5.5982E+21,1.21042E+16,5.04943E+16
46919,46920,14,7,30,150,2016,6,15,4,3,2,1,0,1,0,1,0,0,0,0,7.37556E+20,5.70492E+21,1.24187E+16,5.14456E+16
46920,46921,14,5,21,670,2016,6,10,7,3,9,1,0,0,0,0,0,1,0,0,7.86617E+20,5.61845E+21,1.30546E+16,5.06472E+16
46921,46922,14,6,12,0,2016,5,16,3,3,5,2,0,1,1,1,0,0,0,0,8.30821E+20,5.67024E+21,1.37247E+16,5.1088E+16
46922,46923,14,6,12,0,2016,6,18,6,3,5,2,0,0,0,1,0,0,0,0,8.42957E+20,5.66843E+21,1.38956E+16,5.10647E+16
46923,46924,14,6,26,110,2016,6,17,5,3,4,2,0,0,0,1,0,0,0,1,9.18098E+20,5.68421E+21,1.49808E+16,5.11561E+16
46924,46925,14,7,29,400,2016,5,13,1,3,5,3,0,0,0,1,0,1,0,0,7.62666E+20,5.68903E+21,1.27676E+16,5.12919E+16
46925,46926,14,6,12,0,2016,5,16,6,3,0,1,0,0,1,0,0,0,0,0,8.37934E+20,5.66613E+21,1.3822E+16,5.10471E+16
46926,46927,14,6,12,0,2016,6,8,5,3,2,6,0,0,0,1,0,0,0,0,8.33721E+20,5.66326E+21,1.37595E+16,5.10238E+16
46927,46928,14,6,26,490,2016,6,12,5,3,5,3,0,0,1,1,0,0,0,0,8.84461E+20,5.72522E+21,1.45464E+16,5.15467E+16
46928,46929,14,5,11,0,2016,6,12,2,3,4,2,0,0,0,1,0,0,0,0,7.73519E+20,5.63666E+21,1.28833E+16,5.0817E+16
46929,46930,14,6,12,0,2016,5,17,1,3,1,6,0,0,0,1,0,0,0,0,8.23931E+20,5.66988E+21,1.36263E+16,5.10888E+16
46930,46931,14,5,22,190,2016,5,18,7,3,3,2,0,0,0,1,0,1,0,0,7.76076E+20,5.66496E+21,1.2941E+16,5.10696E+16
46931,46932,14,6,12,0,2016,6,17,5,3,5,3,0,0,0,1,0,0,0,0,8.33773E+20,5.66321E+21,1.37602E+16,5.10233E+16
46932,46933,14,7,29,160,2016,5,10,3,1,1,6,0,1,0,0,0,0,1,1,7.5976E+20,5.68505E+21,1.27231E+16,5.12575E+16
46933,46934,14,7,13,0,2016,7,16,3,3,2,6,0,0,0,1,0,0,0,0,7.35168E+20,5.69355E+21,1.23769E+16,5.13445E+16
46934,46935,14,6,25,480,2016,6,15,3,3,4,2,0,0,0,1,0,1,0,0,8.41295E+20,5.67631E+21,1.38794E+16,5.11363E+16
46935,46936,14,6,28,110,2016,6,6,2,3,5,3,0,0,0,1,0,1,0,0,8.26666E+20,5.66336E+21,1.36593E+16,5.10288E+16
46936,46937,14,6,25,600,2016,7,13,2,3,8,1,0,0,0,0,0,0,1,0,8.43619E+20,5.68012E+21,1.39162E+16,5.11691E+16
46937,46938,14,6,12,0,2016,6,9,4,3,2,2,0,0,1,1,0,0,0,0,8.32406E+20,5.66579E+21,1.37431E+16,5.10472E+16
46938,46939,14,6,25,250,2016,5,6,6,3,0,6,0,0,1,0,0,0,0,1,8.54788E+20,5.6947E+21,1.40897E+16,5.12928E+16
46939,46940,14,5,21,495,2016,6,10,7,2,7,7,0,0,0,0,1,1,0,0,7.97639E+20,5.62969E+21,1.32192E+16,5.07426E+16
46940,46941,14,5,24,330,2016,6,6,2,3,6,7,0,0,1,0,1,0,0,0,7.45056E+20,5.62458E+21,1.2472E+16,5.07213E+16
46941,46942,14,5,21,310,2016,6,11,1,2,0,1,0,0,1,0,0,0,0,0,7.72028E+20,5.63003E+21,1.28573E+16,5.07581E+16
46942,46943,14,5,22,170,2016,5,13,6,2,9,1,0,0,0,0,0,1,0,0,8.20586E+20,5.63392E+21,1.35471E+16,5.07683E+16
46943,46944,14,6,12,0,2016,6,11,5,2,2,6,0,0,0,1,0,0,0,0,8.2439E+20,5.66978E+21,1.36327E+16,5.10876E+16
46944,46945,14,5,24,230,2016,6,15,1,3,3,2,0,0,0,1,0,0,0,0,7.60198E+20,5.63221E+21,1.26915E+16,5.07832E+16
46945,46946,14,7,13,0,2016,6,9,7,2,5,3,0,0,1,1,0,0,0,0,7.31369E+20,5.68846E+21,1.23192E+16,5.13004E+16
46946,46947,14,6,25,480,2016,6,16,4,3,0,1,0,1,0,0,0,1,0,0,8.44344E+20,5.67146E+21,1.39182E+16,5.1091E+16
46947,46948,14,7,29,370,2016,6,11,6,3,3,6,0,0,0,1,0,0,1,0,7.42932E+20,5.67652E+21,1.24766E+16,5.11883E+16
46948,46949,14,5,24,330,2016,7,13,7,2,0,6,0,1,0,1,0,0,0,0,7.4709E+20,5.62398E+21,1.25004E+16,5.0715E+16
46949,46950,14,5,22,320,2016,5,10,5,2,8,1,0,0,0,0,0,1,0,0,7.95424E+20,5.6359E+21,1.31928E+16,5.07994E+16
46950,46951,14,5,23,430,2016,5,14,3,3,5,3,0,1,0,1,0,0,1,0,7.32028E+20,5.60537E+21,1.22757E+16,5.05541E+16
46951,46952,14,6,28,270,2016,6,11,1,3,5,3,0,0,1,1,0,0,0,0,8.44864E+20,5.65649E+21,1.39114E+16,5.09566E+16
46952,46953,14,5,23,370,2016,6,11,6,2,9,1,0,1,0,1,0,0,0,0,7.38447E+20,5.58738E+21,1.23547E+16,5.039E+16
46953,46954,14,6,26,245,2016,6,13,6,3,2,6,0,1,0,1,0,0,1,0,8.96613E+20,5.66362E+21,1.46526E+16,5.09872E+16
46954,46955,14,6,12,0,2016,5,21,3,3,5,3,1,0,1,0,0,0,1,0,8.32541E+20,5.66796E+21,1.3747E+16,5.10666E+16
46955,46956,14,5,24,300,2016,6,11,5,3,2,2,0,1,0,1,0,0,0,0,7.39862E+20,5.62565E+21,1.23992E+16,5.0733E+16
46956,46957,14,6,28,205,2016,7,16,6,2,9,1,0,0,0,1,0,0,0,0,8.14479E+20,5.64984E+21,1.34744E+16,5.09144E+16
46957,46958,14,5,24,80,2016,6,10,3,2,2,6,0,0,0,1,0,0,0,1,7.45949E+20,5.63748E+21,1.24933E+16,5.08367E+16
46958,46959,14,7,29,160,2016,6,19,6,3,2,2,0,0,0,1,0,0,0,0,7.61959E+20,5.67761E+21,1.27491E+16,5.11898E+16
46959,46960,14,5,23,120,2016,5,10,2,2,4,6,0,0,0,1,0,0,0,0,7.37666E+20,5.59589E+21,1.23491E+16,5.04667E+16
46960,46961,14,5,23,270,2016,6,12,5,3,8,1,0,0,0,1,0,0,0,0,7.27362E+20,5.59956E+21,1.22064E+16,5.05038E+16
46961,46962,14,7,30,110,2016,5,11,2,3,1,6,0,0,0,1,0,0,0,0,7.52254E+20,5.70719E+21,1.26315E+16,5.14596E+16
46962,46963,14,5,23,270,2016,6,9,3,3,5,3,0,0,0,1,0,0,1,0,7.2981E+20,5.59754E+21,1.22396E+16,5.04847E+16
46963,46964,14,5,24,50,2016,6,17,4,3,4,2,0,0,0,1,0,0,0,0,7.45989E+20,5.6352E+21,1.24923E+16,5.08162E+16
46964,46965,14,5,21,520,2016,5,1,1,2,8,7,2,0,0,1,0,0,0,0,7.81464E+20,5.60796E+21,1.2974E+16,5.05557E+16
46965,46966,14,7,30,310,2016,7,9,4,3,3,2,0,0,1,1,0,0,0,0,7.76425E+20,5.71958E+21,1.29883E+16,5.15594E+16
46966,46967,14,6,25,610,2016,6,16,3,3,3,2,0,0,0,1,0,1,0,0,8.87872E+20,5.68595E+21,1.45526E+16,5.11929E+16
46967,46968,14,5,23,320,2016,6,16,4,3,5,2,0,0,0,1,0,0,0,0,7.22916E+20,5.59848E+21,1.21432E+16,5.04958E+16
46968,46969,14,5,11,0,2016,6,15,5,3,5,2,0,0,1,1,0,0,0,0,7.74375E+20,5.64018E+21,1.28981E+16,5.08481E+16
46969,46970,14,6,25,60,2016,6,16,1,3,5,3,0,0,0,1,0,0,0,0,8.59225E+20,5.68183E+21,1.41402E+16,5.11748E+16
46970,46971,14,5,23,320,2016,6,18,3,2,2,2,0,0,0,1,0,0,0,1,7.21483E+20,5.60019E+21,1.2124E+16,5.05117E+16
46971,46972,14,5,21,30,2016,5,15,2,3,5,3,0,0,0,1,0,0,0,0,7.63269E+20,5.61022E+21,1.27193E+16,5.05845E+16
46972,46973,14,5,23,450,2016,5,20,7,2,4,1,0,0,0,1,0,1,0,0,7.17367E+20,5.59381E+21,1.20623E+16,5.0456E+16
46973,46974,14,7,29,150,2016,5,19,6,2,8,1,0,0,0,1,0,0,0,0,7.6031E+20,5.6657E+21,1.2717E+16,5.10836E+16
46974,46975,14,5,23,320,2016,6,7,4,3,3,6,0,0,0,1,0,1,0,0,7.25474E+20,5.59588E+21,1.21776E+16,5.04715E+16
46975,46976,14,6,12,0,2016,5,14,7,3,5,3,0,0,1,0,0,0,0,0,8.34417E+20,5.66226E+21,1.37685E+16,5.10145E+16
46976,46977,14,6,26,610,2016,5,13,3,3,2,6,0,0,0,1,0,0,0,0,9.06714E+20,5.65456E+21,1.47856E+16,5.08991E+16
46977,46978,14,5,22,580,2016,6,0,3,2,8,1,2,0,0,0,0,1,0,0,7.6626E+20,5.65637E+21,1.27949E+16,5.09972E+16
46978,46979,14,5,22,50,2016,6,14,2,3,5,3,0,0,1,1,0,0,0,0,8.02039E+20,5.64442E+21,1.32935E+16,5.08724E+16
46979,46980,14,5,22,460,2016,7,12,2,2,4,1,0,0,0,1,0,0,0,0,7.5957E+20,5.65605E+21,1.26995E+16,5.09974E+16
46980,46981,14,5,24,330,2016,6,11,3,2,6,4,0,0,0,1,1,0,0,0,7.43956E+20,5.62418E+21,1.24562E+16,5.07181E+16
46981,46982,14,6,28,360,2016,5,20,6,3,9,1,1,1,0,1,0,0,0,0,8.49303E+20,5.66898E+21,1.39864E+16,5.10658E+16
46982,46983,14,7,30,70,2016,6,7,7,2,8,1,0,0,0,1,0,0,0,0,7.32523E+20,5.71172E+21,1.23509E+16,5.15087E+16
46983,46984,14,6,26,140,2016,6,11,6,3,3,6,0,0,1,1,0,0,0,0,8.98186E+20,5.65357E+21,1.46639E+16,5.08961E+16
46984,46985,14,6,27,230,2016,5,17,5,3,5,3,0,0,1,1,0,0,0,0,7.99859E+20,5.69248E+21,1.33024E+16,5.13045E+16
46985,46986,14,5,11,0,2016,6,15,5,3,2,6,0,0,0,1,0,0,0,0,7.75711E+20,5.63812E+21,1.29155E+16,5.0829E+16
46986,46987,14,5,21,355,2016,6,17,5,2,5,2,0,0,1,1,0,0,0,0,7.64394E+20,5.60744E+21,1.27332E+16,5.0559E+16
46987,46988,14,6,25,570,2016,5,19,7,3,8,1,0,0,0,1,0,0,0,0,8.69148E+20,5.71469E+21,1.43155E+16,5.14627E+16
46988,46989,14,6,26,610,2016,5,17,3,3,5,3,0,0,0,1,0,0,0,0,9.08567E+20,5.65458E+21,1.48119E+16,5.0898E+16
46989,46990,14,6,28,270,2016,6,11,3,3,1,5,0,1,0,1,0,0,0,0,8.47743E+20,5.65962E+21,1.39552E+16,5.09829E+16
46990,46991,14,6,12,0,2016,6,9,2,3,5,3,0,0,1,0,0,0,0,1,8.33436E+20,5.66354E+21,1.37557E+16,5.10265E+16
46991,46992,14,6,12,0,2016,7,13,2,3,0,7,0,0,0,0,0,1,0,0,8.2851E+20,5.66835E+21,1.36901E+16,5.10724E+16
46992,46993,14,7,29,290,2016,6,4,4,2,8,1,1,1,0,1,0,0,0,0,7.58467E+20,5.65908E+21,1.2686E+16,5.10251E+16
46993,46994,14,6,27,180,2016,5,13,6,3,5,2,0,0,0,1,0,1,0,0,7.994E+20,5.66769E+21,1.32752E+16,5.10824E+16
46994,46995,14,5,24,80,2016,6,13,6,2,4,2,0,0,0,1,0,1,0,0,7.5231E+20,5.6344E+21,1.25813E+16,5.08063E+16
46995,46996,14,5,23,20,2016,6,13,2,2,2,6,0,0,0,1,0,0,0,0,7.40231E+20,5.60073E+21,1.23883E+16,5.05091E+16
46996,46997,14,5,11,0,2016,6,11,1,2,6,4,0,0,0,1,1,0,0,0,7.77982E+20,5.64124E+21,1.295E+16,5.08559E+16
46997,46998,14,7,30,70,2016,6,16,6,3,8,1,0,0,1,0,0,0,0,0,7.29549E+20,5.71223E+21,1.23085E+16,5.15145E+16
46998,46999,14,6,25,200,2016,5,17,5,3,4,6,0,0,0,1,0,0,0,0,8.50365E+20,5.67745E+21,1.40097E+16,5.1141E+16
46999,47000,14,6,12,0,2016,6,11,5,2,0,1,0,0,1,0,0,0,0,0,8.30175E+20,5.66925E+21,1.37146E+16,5.10795E+16
47000,47001,14,6,27,180,2016,6,14,1,3,4,6,0,0,0,1,0,1,0,0,8.05064E+20,5.66957E+21,1.33574E+16,5.10963E+16
47001,47002,14,5,21,210,2016,6,13,4,3,2,6,0,0,0,1,0,0,0,0,7.77352E+20,5.61548E+21,1.29217E+16,5.06251E+16
47002,47003,14,7,30,340,2016,6,22,6,2,4,6,2,0,0,1,0,1,0,0,7.26557E+20,5.70535E+21,1.2261E+16,5.1454E+16
47003,47004,14,5,21,170,2016,7,22,7,2,8,1,2,1,0,1,0,0,0,0,7.55784E+20,5.60199E+21,1.26081E+16,5.05139E+16
47004,47005,14,7,30,340,2016,5,11,4,2,3,6,0,0,0,1,0,0,0,0,7.21812E+20,5.71242E+21,1.21973E+16,5.15192E+16
47005,47006,14,6,26,60,2016,5,12,3,2,8,1,0,0,0,1,0,0,0,0,8.9262E+20,5.70344E+21,1.46394E+16,5.13462E+16
47006,47007,14,6,28,130,2016,6,6,6,3,6,4,0,1,0,1,1,0,0,0,8.36529E+20,5.64414E+21,1.37818E+16,5.08508E+16
47007,47008,14,6,12,0,2016,6,16,6,3,6,4,0,0,0,1,1,0,0,0,8.32561E+20,5.66807E+21,1.37474E+16,5.10676E+16
47008,47009,14,5,22,470,2016,5,11,3,2,4,6,0,1,0,1,0,0,1,0,8.18377E+20,5.6316E+21,1.35138E+16,5.07487E+16
47009,47010,14,7,13,0,2016,6,14,5,3,3,6,0,0,0,1,0,0,0,0,7.34434E+20,5.70073E+21,1.23711E+16,5.14093E+16
47010,47011,14,5,22,140,2016,7,15,6,3,8,7,0,0,0,1,0,0,0,0,7.90963E+20,5.64224E+21,1.31347E+16,5.08585E+16
47011,47012,14,5,24,330,2016,6,19,2,3,8,7,0,0,0,1,0,0,0,0,7.43698E+20,5.63244E+21,1.2458E+16,5.07924E+16
47012,47013,14,7,13,0,2016,6,7,5,3,3,2,0,0,1,1,0,0,0,0,7.33563E+20,5.69308E+21,1.23536E+16,5.13409E+16
47013,47014,14,6,26,110,2016,5,14,2,3,6,4,0,0,0,1,1,0,0,0,9.17824E+20,5.6834E+21,1.4976E+16,5.11491E+16
47014,47015,14,7,13,0,2016,6,14,3,2,3,2,0,0,1,1,0,0,0,0,7.34766E+20,5.69352E+21,1.23711E+16,5.13444E+16
47015,47016,14,6,28,270,2016,6,20,4,3,5,3,1,0,1,1,0,0,0,0,8.46405E+20,5.65782E+21,1.39345E+16,5.09676E+16
47016,47017,14,5,23,430,2016,5,14,7,3,2,2,0,0,0,1,0,0,0,0,7.38091E+20,5.6043E+21,1.23605E+16,5.05421E+16
47017,47018,14,6,27,230,2016,7,8,4,3,5,3,0,0,1,1,0,0,0,0,7.99763E+20,5.69241E+21,1.3301E+16,5.13039E+16
47018,47019,14,5,21,230,2016,6,13,3,3,5,3,0,0,0,1,0,0,0,0,7.74516E+20,5.62532E+21,1.2889E+16,5.07147E+16
47019,47020,14,6,26,610,2016,6,13,4,3,3,7,0,0,1,0,0,0,0,0,9.12842E+20,5.65937E+21,1.48778E+16,5.09378E+16
47020,47021,14,6,28,160,2016,7,17,3,3,0,1,0,0,0,0,0,1,0,0,8.42781E+20,5.65725E+21,1.38826E+16,5.09647E+16
47021,47022,14,5,23,430,2016,6,18,4,3,5,3,0,0,0,1,0,1,0,0,7.34248E+20,5.60435E+21,1.23064E+16,5.05441E+16
47022,47023,14,5,21,210,2016,6,10,1,2,8,1,0,0,1,0,0,0,0,0,7.77036E+20,5.61611E+21,1.29177E+16,5.0631E+16
47023,47024,14,7,13,0,2016,6,15,3,2,9,1,0,0,0,0,0,1,0,0,7.36057E+20,5.69696E+21,1.23919E+16,5.13747E+16
47024,47025,14,7,29,380,2016,5,16,1,2,9,1,0,0,0,0,0,1,0,0,7.5717E+20,5.70357E+21,1.26994E+16,5.14249E+16
47025,47026,14,7,29,160,2016,5,11,7,2,3,3,0,0,0,0,0,1,0,1,7.64159E+20,5.68706E+21,1.27875E+16,5.12736E+16
47026,47027,14,7,30,120,2016,6,21,4,2,9,1,2,0,0,1,0,0,0,0,7.72863E+20,5.72408E+21,1.29405E+16,5.16016E+16
47027,47028,14,7,29,140,2016,5,21,7,2,0,7,2,0,0,1,0,0,0,0,7.49137E+20,5.66445E+21,1.25569E+16,5.10774E+16
47028,47029,14,6,25,430,2016,5,13,3,3,5,3,0,0,1,1,0,0,0,0,8.37723E+20,5.6826E+21,1.38345E+16,5.11948E+16
47029,47030,14,7,29,300,2016,6,14,2,3,5,3,0,0,1,1,0,0,0,0,7.50805E+20,5.68951E+21,1.25982E+16,5.13015E+16
47030,47031,14,7,29,160,2016,6,6,2,3,8,1,0,0,0,1,0,0,0,0,7.63689E+20,5.68536E+21,1.27795E+16,5.12585E+16
47031,47032,14,5,24,250,2016,6,13,1,2,5,2,0,0,0,1,0,0,0,0,7.52864E+20,5.6229E+21,1.25812E+16,5.07028E+16
47032,47033,14,5,24,320,2016,7,6,1,2,8,1,0,0,0,1,0,0,0,0,7.49346E+20,5.6194E+21,1.25292E+16,5.06729E+16
47033,47034,14,6,27,140,2016,6,12,2,3,4,2,0,0,0,1,0,0,0,0,8.12913E+20,5.67836E+21,1.34768E+16,5.11709E+16
47034,47035,14,6,25,560,2016,5,15,5,2,5,2,0,0,1,1,0,0,0,0,8.78409E+20,5.6696E+21,1.44006E+16,5.10529E+16
47035,47036,14,6,25,120,2016,6,6,7,2,8,1,0,0,0,1,0,0,0,0,8.61274E+20,5.72245E+21,1.42106E+16,5.15372E+16
47036,47037,14,6,28,80,2016,6,18,7,2,5,2,0,1,0,1,0,0,0,0,8.42066E+20,5.6553E+21,1.38706E+16,5.09476E+16
47037,47038,14,6,26,320,2016,6,13,6,3,5,3,0,0,1,1,0,0,0,0,8.97721E+20,5.70019E+21,1.47086E+16,5.13136E+16
47038,47039,14,5,22,180,2016,6,8,5,3,5,2,0,1,1,1,0,0,0,0,8.04826E+20,5.64862E+21,1.33365E+16,5.09086E+16
47039,47040,14,6,26,150,2016,6,13,7,2,3,2,0,0,0,1,0,1,0,0,8.95601E+20,5.67231E+21,1.46477E+16,5.10656E+16
47040,47041,14,6,25,410,2016,5,4,3,2,1,1,1,0,0,1,0,0,1,0,8.54215E+20,5.68094E+21,1.40679E+16,5.11699E+16
47041,47042,14,6,27,180,2016,6,16,6,3,3,2,0,0,0,1,0,1,0,0,8.01675E+20,5.66511E+21,1.33055E+16,5.10581E+16
47042,47043,14,7,13,0,2016,7,7,6,2,5,3,0,0,1,1,0,0,0,0,7.28684E+20,5.69324E+21,1.22838E+16,5.13443E+16
47043,47044,14,6,25,280,2016,6,12,6,2,9,1,0,0,0,0,0,0,0,1,8.67945E+20,5.69632E+21,1.42793E+16,5.1299E+16
47044,47045,14,5,24,330,2016,6,14,5,3,2,6,0,1,0,1,0,0,0,1,7.46704E+20,5.62357E+21,1.24946E+16,5.07115E+16
47045,47046,14,6,12,0,2016,5,8,2,3,5,3,0,0,1,1,0,0,0,0,8.32204E+20,5.66772E+21,1.3742E+16,5.10647E+16
47046,47047,14,5,11,0,2016,6,18,6,1,5,3,0,0,1,0,0,1,0,0,7.77613E+20,5.64041E+21,1.29441E+16,5.08487E+16
47047,47048,14,7,13,0,2016,5,12,6,3,1,6,0,0,0,1,0,0,0,0,7.38702E+20,5.68927E+21,1.24247E+16,5.13046E+16
47048,47049,14,7,29,245,2016,5,1,2,2,9,7,2,1,0,1,0,0,0,0,7.66155E+20,5.70015E+21,1.28258E+16,5.139E+16
47049,47050,14,5,22,70,2016,7,13,6,2,6,2,0,0,0,1,1,0,0,0,7.72723E+20,5.64997E+21,1.2882E+16,5.09368E+16
47050,47051,14,6,25,20,2016,6,18,2,3,8,1,0,0,0,1,0,0,0,0,8.80849E+20,5.6858E+21,1.44523E+16,5.11963E+16
47051,47052,14,6,25,240,2016,6,18,5,3,2,6,0,0,0,1,0,0,0,0,8.64119E+20,5.71038E+21,1.4239E+16,5.14274E+16
47052,47053,14,6,12,0,2016,5,17,2,3,2,6,0,0,0,1,0,0,0,0,8.31248E+20,5.67254E+21,1.37328E+16,5.11084E+16
47053,47054,14,5,23,365,2016,9,20,4,2,4,6,1,0,0,1,0,0,0,0,7.17243E+20,5.60352E+21,1.20662E+16,5.05432E+16
47054,47055,14,6,28,10,2016,8,10,3,3,2,6,0,0,0,1,0,0,0,0,8.31544E+20,5.63677E+21,1.37045E+16,5.07876E+16
47055,47056,14,6,25,250,2016,7,15,2,2,5,3,0,0,1,0,0,0,1,0,8.57675E+20,5.69387E+21,1.41301E+16,5.12836E+16
47056,47057,14,5,24,330,2016,7,19,5,2,0,2,0,1,0,1,0,0,0,0,7.46854E+20,5.62687E+21,1.2499E+16,5.07411E+16
47057,47058,14,6,27,140,2016,8,6,6,3,5,7,1,0,1,1,0,0,0,0,8.11858E+20,5.67475E+21,1.34586E+16,5.11391E+16
47058,47059,14,5,22,150,2016,9,15,7,2,2,6,0,0,0,1,0,0,1,0,7.85432E+20,5.6514E+21,1.30635E+16,5.09434E+16
47059,47060,14,7,13,0,2016,8,17,3,3,2,6,0,0,0,1,0,0,0,0,7.36638E+20,5.69573E+21,1.23994E+16,5.13634E+16
47060,47061,14,5,24,330,2016,8,12,4,3,3,6,0,0,0,1,0,0,0,1,7.51227E+20,5.62486E+21,1.25595E+16,5.07212E+16
47061,47062,14,6,25,20,2016,7,20,7,2,8,1,0,0,0,0,0,1,0,0,8.77567E+20,5.68379E+21,1.44035E+16,5.11805E+16