FID,OBJECTID,ULAND,UREGBEZ,UKREIS,UGEMEINDE,UJAHR,UMONAT,USTUNDE,UWOCHENTAG,UKATEGORIE,UART,UTYP1,ULICHTVERH,IstStrasse,IstRad,IstPKW,IstFuss,IstKrad,IstGkfz,IstSonstig,LINREFX,LINREFY,XGCSWGS84,YGCSWGS84
47062,47063,14,6,28,70,2016,7,18,5,2,4,1,0,1,0,1,0,1,0,0,8.47733E+20,5.64993E+21,1.39458E+16,5.08961E+16
47063,47064,14,6,28,205,2016,8,6,2,3,8,1,0,0,0,1,0,0,0,0,8.23837E+20,5.64991E+21,1.36071E+16,5.09098E+16
47064,47065,14,7,13,0,2016,9,14,5,3,6,4,0,0,0,1,1,0,0,0,7.35389E+20,5.69354E+21,1.23801E+16,5.13443E+16
47065,47066,14,5,21,170,2016,7,8,4,1,3,6,0,0,0,1,0,1,0,0,7.57254E+20,5.59431E+21,1.26235E+16,5.04443E+16
47066,47067,14,6,26,280,2016,9,7,2,3,5,3,0,1,0,1,0,0,0,0,8.98183E+20,5.65786E+21,1.46685E+16,5.09346E+16
47067,47068,14,7,13,0,2016,8,13,2,3,1,5,0,0,1,1,0,0,0,0,7.34131E+20,5.69328E+21,1.23619E+16,5.13425E+16
47068,47069,14,5,23,270,2016,9,18,3,3,4,6,0,0,0,1,0,0,0,0,7.28426E+20,5.60214E+21,1.2223E+16,5.05266E+16
47069,47070,14,6,27,170,2016,9,11,6,2,4,7,0,0,0,1,0,0,0,0,8.19671E+20,5.68281E+21,1.35771E+16,5.1207E+16
47070,47071,14,5,23,300,2016,8,19,5,2,2,2,0,0,0,0,0,1,0,0,7.20712E+20,5.59142E+21,1.2108E+16,5.04333E+16
47071,47072,14,5,22,220,2016,7,21,3,3,3,6,1,0,1,0,0,0,0,0,7.85916E+20,5.67677E+21,1.30904E+16,5.11707E+16
47072,47073,14,7,13,0,2016,9,15,5,3,5,3,0,0,1,1,0,0,0,0,7.30829E+20,5.69291E+21,1.23143E+16,5.13405E+16
47073,47074,14,6,12,0,2016,8,9,2,3,2,6,0,0,0,1,0,0,0,0,8.31638E+20,5.67088E+21,1.37369E+16,5.10934E+16
47074,47075,14,5,22,360,2016,7,13,6,2,8,1,0,0,0,0,0,1,0,0,7.76058E+20,5.65464E+21,1.29329E+16,5.09771E+16
47075,47076,14,7,29,30,2016,8,14,6,1,5,2,0,0,0,0,0,1,1,0,7.5506E+20,5.69622E+21,1.26639E+16,5.13599E+16
47076,47077,14,5,24,30,2016,8,7,3,3,5,2,0,0,0,1,0,1,0,0,7.39702E+20,5.63581E+21,1.24036E+16,5.08243E+16
47077,47078,14,5,23,20,2016,8,16,7,3,0,1,0,0,1,0,0,0,0,0,7.44775E+20,5.6008E+21,1.24524E+16,5.05079E+16
47078,47079,14,7,29,220,2016,8,17,4,3,5,3,0,0,1,1,0,0,0,0,7.48469E+20,5.67399E+21,1.25539E+16,5.11633E+16
47079,47080,14,6,28,260,2016,8,16,6,3,4,7,0,0,0,1,0,0,0,0,8.65109E+20,5.666E+21,1.4208E+16,5.10293E+16
47080,47081,14,5,22,230,2016,8,22,2,3,9,1,2,0,0,1,0,0,1,0,7.88431E+20,5.65685E+21,1.31104E+16,5.09909E+16
47081,47082,14,6,25,20,2016,9,6,2,3,4,2,1,1,1,1,0,0,0,0,8.7941E+20,5.68211E+21,1.4428E+16,5.11643E+16
47082,47083,14,6,26,480,2016,8,16,7,3,2,6,0,0,1,1,0,0,0,0,9.14143E+20,5.70248E+21,1.49457E+16,5.13224E+16
47083,47084,14,5,23,160,2016,9,14,4,3,1,5,0,0,0,1,0,0,1,0,7.44557E+20,5.58388E+21,1.24382E+16,5.03561E+16
47084,47085,14,6,26,610,2016,8,22,4,2,5,3,2,0,0,1,0,0,0,0,9.07502E+20,5.65379E+21,1.47959E+16,5.08916E+16
47085,47086,14,6,28,360,2016,8,9,6,3,9,1,0,1,0,1,0,0,0,0,8.62855E+20,5.65461E+21,1.41647E+16,5.09287E+16
47086,47087,14,5,24,80,2016,7,15,2,2,4,2,0,0,0,1,0,0,1,0,7.45796E+20,5.6371E+21,1.24908E+16,5.08334E+16
47087,47088,14,6,25,20,2016,8,21,7,3,7,7,2,0,0,1,0,1,0,0,8.75299E+20,5.68153E+21,1.43688E+16,5.11617E+16
47088,47089,14,5,24,330,2016,9,18,7,3,2,6,0,0,0,1,0,1,0,0,7.42883E+20,5.62553E+21,1.24419E+16,5.07307E+16
47089,47090,14,5,22,540,2016,8,7,4,1,9,1,0,0,0,1,0,0,0,0,7.94698E+20,5.65816E+21,1.32005E+16,5.09994E+16
47090,47091,14,5,24,90,2016,9,11,1,3,5,3,0,0,0,1,0,0,0,0,7.58957E+20,5.61757E+21,1.26636E+16,5.06523E+16
47091,47092,14,6,25,330,2016,8,16,3,2,5,3,0,0,0,1,0,0,0,0,8.69456E+20,5.70408E+21,1.43089E+16,5.13675E+16
47092,47093,14,5,24,320,2016,8,18,3,3,8,1,0,0,0,1,0,0,0,0,7.48928E+20,5.61839E+21,1.25226E+16,5.06641E+16
47093,47094,14,6,27,10,2016,8,15,4,3,5,3,0,0,1,1,0,0,0,0,8.20741E+20,5.6736E+21,1.35842E+16,5.11238E+16
47094,47095,14,6,26,250,2016,8,13,5,2,9,6,0,0,1,0,0,0,0,0,8.9619E+20,5.72322E+21,1.47125E+16,5.15207E+16
47095,47096,14,6,28,20,2016,8,10,7,3,4,1,0,1,0,1,0,0,0,0,8.50139E+20,5.64282E+21,1.39731E+16,5.0831E+16
47096,47097,14,5,21,560,2016,9,3,1,3,9,1,2,1,0,1,0,0,0,0,7.83145E+20,5.60669E+21,1.29967E+16,5.05435E+16
47097,47098,14,5,24,300,2016,8,15,2,3,5,3,0,0,1,0,0,0,0,0,7.38396E+20,5.62413E+21,1.23775E+16,5.072E+16
47098,47099,14,7,29,60,2016,9,14,3,3,5,3,0,0,1,1,0,0,0,0,7.46618E+20,5.69515E+21,1.25421E+16,5.1354E+16
47099,47100,14,7,29,260,2016,7,16,6,3,2,6,0,0,0,1,0,0,0,0,7.35954E+20,5.68563E+21,1.23829E+16,5.1273E+16
47100,47101,14,6,28,270,2016,7,17,7,3,0,1,0,0,1,0,0,0,0,0,8.45508E+20,5.65974E+21,1.39236E+16,5.09853E+16
47101,47102,14,5,23,170,2016,8,20,5,2,5,3,0,0,0,1,0,0,0,0,7.35976E+20,5.61013E+21,1.23344E+16,5.05953E+16
47102,47103,14,6,12,0,2016,8,10,3,2,2,6,0,0,0,1,0,0,0,0,8.28393E+20,5.66956E+21,1.36895E+16,5.10834E+16
47103,47104,14,6,27,10,2016,9,15,6,2,4,6,0,0,1,0,0,0,0,0,8.18785E+20,5.67389E+21,1.35566E+16,5.11276E+16
47104,47105,14,6,28,60,2016,9,21,7,3,9,6,2,0,0,1,0,1,0,0,8.28797E+20,5.64651E+21,1.36744E+16,5.08765E+16
47105,47106,14,5,22,180,2016,7,15,6,3,5,3,0,0,0,1,0,0,0,0,8.07461E+20,5.64708E+21,1.33725E+16,5.08934E+16
47106,47107,14,6,12,0,2016,9,18,3,3,0,1,0,0,1,0,0,0,0,0,8.32575E+20,5.66811E+21,1.37477E+16,5.1068E+16
47107,47108,14,6,28,80,2016,7,9,4,2,2,6,0,0,0,1,0,1,0,0,8.42434E+20,5.65537E+21,1.38759E+16,5.0948E+16
47108,47109,14,6,25,120,2016,7,14,3,3,2,6,0,0,0,1,0,0,0,0,8.62403E+20,5.7131E+21,1.42172E+16,5.14528E+16
47109,47110,14,7,13,0,2016,9,8,4,3,5,3,0,0,0,1,0,0,0,0,7.32798E+20,5.69686E+21,1.23451E+16,5.13752E+16
47110,47111,14,6,12,0,2016,8,22,3,3,5,3,2,0,1,1,0,0,0,0,8.29008E+20,5.66511E+21,1.36942E+16,5.10431E+16
47111,47112,14,7,29,80,2016,7,15,1,3,8,1,0,0,0,1,0,0,0,0,7.63985E+20,5.67264E+21,1.27744E+16,5.11443E+16
47112,47113,14,7,13,0,2016,9,22,6,3,3,2,2,1,1,1,0,0,0,0,7.36509E+20,5.69223E+21,1.23953E+16,5.13321E+16
47113,47114,14,6,27,30,2016,8,16,3,2,4,6,0,0,1,0,0,0,0,1,8.21894E+20,5.68541E+21,1.36112E+16,5.12291E+16
47114,47115,14,6,25,640,2016,8,17,4,3,4,7,0,0,0,0,0,1,0,1,8.64765E+20,5.70497E+21,1.42427E+16,5.13785E+16
47115,47116,14,6,27,180,2016,7,18,7,3,8,1,0,1,0,1,0,0,0,0,8.04283E+20,5.66411E+21,1.33417E+16,5.10477E+16
47116,47117,14,5,22,420,2016,7,16,5,2,5,3,0,1,0,1,0,1,0,0,7.80676E+20,5.64427E+21,1.29905E+16,5.08818E+16
47117,47118,14,5,24,330,2016,8,17,1,2,5,3,0,0,1,1,0,0,0,0,7.47146E+20,5.62283E+21,1.25004E+16,5.07047E+16
47118,47119,14,6,28,220,2016,7,6,7,3,8,1,0,1,0,1,0,0,0,0,8.35759E+20,5.65233E+21,1.37784E+16,5.09247E+16
47119,47120,14,6,27,230,2016,9,14,5,3,5,2,0,0,1,1,0,0,0,0,8.00034E+20,5.69227E+21,1.33048E+16,5.13025E+16
47120,47121,14,6,12,0,2016,9,18,2,3,9,1,0,1,0,1,0,0,0,0,8.22672E+20,5.66674E+21,1.36056E+16,5.10613E+16
47121,47122,14,5,21,670,2016,7,16,5,3,1,2,0,0,0,1,0,0,0,1,7.91103E+20,5.62244E+21,1.31211E+16,5.06809E+16
47122,47123,14,6,28,60,2016,9,7,3,2,6,4,0,0,0,0,1,1,0,0,8.28253E+20,5.64932E+21,1.36692E+16,5.0902E+16
47123,47124,14,5,21,420,2016,8,13,2,3,2,6,0,0,0,1,0,0,0,0,7.66727E+20,5.62689E+21,1.278E+16,5.07325E+16
47124,47125,14,6,26,570,2016,9,10,3,1,2,6,0,0,0,1,0,0,1,0,9.03582E+20,5.68848E+21,1.47791E+16,5.12047E+16
47125,47126,14,5,24,160,2016,9,12,5,3,2,6,0,0,0,1,0,1,0,0,7.55787E+20,5.62934E+21,1.2627E+16,5.07594E+16
47126,47127,14,6,27,140,2016,8,16,5,3,2,6,0,0,0,1,0,0,0,0,8.1369E+20,5.67785E+21,1.34875E+16,5.11659E+16
47127,47128,14,5,24,70,2016,7,11,2,3,2,6,0,0,0,1,0,0,0,0,7.60662E+20,5.63205E+21,1.26979E+16,5.07815E+16
47128,47129,14,6,28,410,2016,9,6,5,3,5,2,0,0,0,1,0,0,0,1,8.12708E+20,5.6593E+21,1.34574E+16,5.10001E+16
47129,47130,14,7,30,270,2016,8,23,1,2,6,4,2,0,0,1,1,0,0,0,7.30163E+20,5.70118E+21,1.23101E+16,5.1415E+16
47130,47131,14,7,30,20,2016,8,12,5,2,5,3,0,0,1,1,0,0,0,0,7.49006E+20,5.72254E+21,1.25956E+16,5.15988E+16
47131,47132,14,6,28,10,2016,8,22,7,3,0,1,2,0,1,0,0,0,0,0,8.35415E+20,5.63281E+21,1.37556E+16,5.07499E+16
47132,47133,14,6,25,10,2016,8,8,4,3,1,5,0,0,0,0,0,0,1,1,8.45773E+20,5.67222E+21,1.39393E+16,5.10969E+16
47133,47134,14,6,12,0,2016,8,20,5,2,5,3,2,0,1,0,0,0,0,0,8.31215E+20,5.66691E+21,1.37272E+16,5.1058E+16
47134,47135,14,6,12,0,2016,8,5,6,2,9,1,0,0,0,0,0,1,0,0,8.23288E+20,5.66423E+21,1.36121E+16,5.10385E+16
47135,47136,14,6,27,220,2016,8,18,1,3,2,6,0,1,0,1,0,0,0,0,8.30774E+20,5.68392E+21,1.37366E+16,5.12107E+16
47136,47137,14,6,28,190,2016,9,11,2,2,5,3,0,1,0,1,0,0,0,1,8.57266E+20,5.66033E+21,1.4091E+16,5.09834E+16
47137,47138,14,6,27,180,2016,8,2,7,3,0,7,2,1,0,1,1,0,0,1,8.03993E+20,5.66629E+21,1.33394E+16,5.10674E+16
47138,47139,14,7,13,0,2016,9,21,4,2,5,3,2,0,0,1,0,0,0,0,7.27213E+20,5.69338E+21,1.22628E+16,5.13462E+16
47139,47140,14,6,12,0,2016,7,18,2,2,0,7,0,0,1,1,0,0,0,0,8.32137E+20,5.66548E+21,1.3739E+16,5.10446E+16
47140,47141,14,6,12,0,2016,8,17,4,3,5,3,0,0,1,1,0,0,0,0,8.34661E+20,5.67332E+21,1.37822E+16,5.11134E+16
47141,47142,14,5,11,0,2016,8,10,6,3,2,6,0,1,0,1,0,0,0,1,7.74959E+20,5.63965E+21,1.29059E+16,5.08431E+16
47142,47143,14,5,11,0,2016,8,13,2,3,0,7,0,0,0,0,0,0,0,1,7.75565E+20,5.63615E+21,1.29119E+16,5.08114E+16
47143,47144,14,6,12,0,2016,9,20,7,3,5,3,2,0,0,1,0,1,0,0,8.29726E+20,5.66421E+21,1.37036E+16,5.10346E+16
47144,47145,14,7,13,0,2016,9,1,1,3,8,1,2,0,0,1,0,0,0,0,7.3617E+20,5.69396E+21,1.23915E+16,5.13477E+16
47145,47146,14,6,27,180,2016,7,17,1,3,5,2,0,0,0,1,0,1,0,0,8.03993E+20,5.66629E+21,1.33394E+16,5.10674E+16
47146,47147,14,7,29,380,2016,7,17,4,2,9,1,0,1,0,1,0,0,0,0,7.62838E+20,5.70473E+21,1.27816E+16,5.14327E+16
47147,47148,14,6,12,0,2016,9,14,5,3,5,2,0,0,1,0,0,0,0,1,8.35849E+20,5.66816E+21,1.37943E+16,5.10665E+16
47148,47149,14,6,26,420,2016,8,17,3,2,0,7,0,0,0,0,0,1,0,0,9.17174E+20,5.67261E+21,1.49543E+16,5.10531E+16
47149,47150,14,5,21,170,2016,8,17,4,2,3,7,0,0,0,1,0,1,0,0,7.56834E+20,5.60231E+21,1.26231E+16,5.05163E+16
47150,47151,14,6,27,140,2016,8,10,5,3,4,6,0,0,1,0,0,0,0,0,8.12941E+20,5.67767E+21,1.34766E+16,5.11646E+16
47151,47152,14,7,30,230,2016,8,7,3,2,8,1,0,0,0,0,0,1,0,0,7.86347E+20,5.68837E+21,1.31058E+16,5.12745E+16
47152,47153,14,6,25,10,2016,8,21,7,3,8,1,2,0,0,0,0,1,0,0,8.47704E+20,5.67468E+21,1.39691E+16,5.11178E+16
47153,47154,14,7,29,370,2016,8,15,4,3,3,6,0,0,0,1,0,0,0,0,7.43056E+20,5.67638E+21,1.24783E+16,5.11871E+16
47154,47155,14,6,12,0,2016,8,7,6,3,0,1,0,0,1,0,0,0,0,0,8.31747E+20,5.66852E+21,1.37363E+16,5.10721E+16
47155,47156,14,5,24,330,2016,8,0,1,2,4,1,2,1,0,1,0,0,0,0,7.47284E+20,5.62255E+21,1.25021E+16,5.07021E+16
47156,47157,14,6,28,300,2016,9,10,2,3,8,1,0,1,0,1,0,0,0,0,8.29997E+20,5.655E+21,1.36991E+16,5.0952E+16
47157,47158,14,6,28,250,2016,8,12,7,3,2,6,0,0,0,1,0,0,0,0,8.40992E+20,5.65339E+21,1.38535E+16,5.09311E+16
47158,47159,14,7,13,0,2016,9,17,4,3,3,2,0,0,1,1,0,0,0,0,7.37212E+20,5.69103E+21,1.24045E+16,5.1321E+16
47159,47160,14,6,27,180,2016,8,15,4,2,5,3,0,0,0,1,0,1,0,0,8.00043E+20,5.66685E+21,1.32837E+16,5.10745E+16
47160,47161,14,6,12,0,2016,8,8,6,2,8,1,0,1,0,1,0,0,0,0,8.28282E+20,5.66721E+21,1.36858E+16,5.10623E+16
47161,47162,14,5,22,90,2016,8,11,7,2,2,6,0,0,1,1,0,0,0,0,8.11966E+20,5.6347E+21,1.34259E+16,5.078E+16
47162,47163,14,6,25,500,2016,9,16,7,2,4,6,0,0,0,1,0,0,0,0,8.64061E+20,5.69617E+21,1.42236E+16,5.13002E+16
47163,47164,14,7,29,160,2016,8,10,3,3,8,1,0,1,0,0,0,0,0,1,7.59834E+20,5.68232E+21,1.27222E+16,5.1233E+16
47164,47165,14,7,30,110,2016,9,18,1,3,3,2,0,0,0,1,0,1,0,0,7.54739E+20,5.70843E+21,1.2668E+16,5.14695E+16
47165,47166,14,5,21,20,2016,7,15,5,3,2,6,0,0,0,1,0,0,0,0,7.83785E+20,5.61209E+21,1.30098E+16,5.05916E+16
47166,47167,14,6,12,0,2016,8,16,3,3,4,6,0,0,1,0,0,0,0,0,8.2466E+20,5.66976E+21,1.36366E+16,5.10873E+16
47167,47168,14,7,29,50,2016,8,7,3,3,5,3,0,0,1,1,0,0,0,0,7.44388E+20,5.66949E+21,1.24926E+16,5.11247E+16
47168,47169,14,6,12,0,2016,8,7,4,2,5,2,0,0,0,1,0,0,0,0,8.27462E+20,5.66393E+21,1.36712E+16,5.10334E+16
47169,47170,14,6,25,110,2016,8,15,5,2,3,6,0,0,0,1,0,1,0,0,8.73514E+20,5.67675E+21,1.43385E+16,5.11202E+16
47170,47171,14,5,23,320,2016,8,8,6,3,2,6,0,0,0,1,0,0,0,0,7.22435E+20,5.59764E+21,1.21359E+16,5.04885E+16
47171,47172,14,5,23,320,2016,9,7,7,3,8,6,0,1,0,1,0,0,0,0,7.24357E+20,5.59273E+21,1.216E+16,5.04436E+16
47172,47173,14,5,23,320,2016,7,7,6,3,5,3,0,0,0,1,0,0,0,0,7.20518E+20,5.59735E+21,1.21088E+16,5.04866E+16
47173,47174,14,6,25,270,2016,7,15,5,2,5,3,0,1,0,1,0,0,0,0,8.41487E+20,5.69062E+21,1.38958E+16,5.12644E+16
47174,47175,14,7,30,360,2016,8,11,2,3,9,1,0,0,0,1,0,0,0,0,7.43621E+20,5.71385E+21,1.2512E+16,5.15231E+16
47175,47176,14,7,13,0,2016,9,14,3,1,4,6,0,0,0,1,0,0,1,0,7.41111E+20,5.68529E+21,1.24565E+16,5.12679E+16
47176,47177,14,7,30,270,2016,7,20,6,3,8,1,1,1,0,1,0,0,1,0,7.21876E+20,5.69582E+21,1.21878E+16,5.13702E+16
47177,47178,14,6,27,70,2016,7,15,7,2,5,3,0,1,0,1,0,0,0,0,8.0021E+20,5.68582E+21,1.33019E+16,5.12446E+16
47178,47179,14,7,29,220,2016,8,7,5,3,8,1,0,0,0,1,0,0,0,0,7.46036E+20,5.67467E+21,1.25197E+16,5.11705E+16
47179,47180,14,5,11,0,2016,8,6,3,3,5,3,0,0,1,1,0,0,0,0,7.7472E+20,5.63762E+21,1.2901E+16,5.0825E+16
47180,47181,14,6,12,0,2016,9,22,6,2,0,1,2,0,1,0,0,0,0,0,8.28838E+20,5.66506E+21,1.36917E+16,5.10428E+16
47181,47182,14,5,11,0,2016,9,10,7,3,2,6,0,0,0,1,0,0,0,0,7.73147E+20,5.63558E+21,1.28772E+16,5.08075E+16
47182,47183,14,5,23,310,2016,7,13,5,3,5,3,0,0,1,1,0,0,0,0,7.1221E+20,5.60748E+21,1.19976E+16,5.05807E+16
47183,47184,14,5,21,220,2016,9,10,3,3,2,2,0,0,0,1,0,0,0,0,7.84197E+20,5.63091E+21,1.30301E+16,5.07603E+16
47184,47185,14,6,12,0,2016,7,7,4,3,0,5,0,0,1,1,0,0,0,0,8.34418E+20,5.66277E+21,1.3769E+16,5.1019E+16
47185,47186,14,6,27,200,2016,7,8,3,3,5,3,0,0,0,1,0,0,0,0,8.17559E+20,5.68641E+21,1.35502E+16,5.12405E+16
47186,47187,14,6,25,480,2016,9,14,4,2,5,3,0,0,0,1,0,1,0,0,8.41298E+20,5.67631E+21,1.38795E+16,5.11363E+16
47187,47188,14,6,26,290,2016,9,15,6,3,2,6,0,0,0,1,0,0,0,0,8.96307E+20,5.67443E+21,1.466E+16,5.10841E+16
47188,47189,14,6,28,390,2016,8,19,6,3,8,1,0,1,0,1,0,0,0,0,8.50945E+20,5.65487E+21,1.39961E+16,5.09384E+16
47189,47190,14,5,24,180,2016,8,4,2,3,4,2,1,0,0,1,0,0,0,0,7.67651E+20,5.64188E+21,1.2804E+16,5.08665E+16
47190,47191,14,6,28,70,2016,7,16,1,3,5,3,0,0,0,1,0,1,0,0,8.47696E+20,5.65031E+21,1.39457E+16,5.08995E+16
47191,47192,14,6,25,110,2016,9,13,6,3,6,4,0,0,0,1,1,0,0,0,8.7744E+20,5.6808E+21,1.43985E+16,5.11538E+16
47192,47193,14,5,23,320,2016,8,15,2,3,2,6,0,0,0,1,0,0,0,1,7.21566E+20,5.60012E+21,1.21251E+16,5.0511E+16
47193,47194,14,6,27,180,2016,8,12,4,3,4,6,0,0,0,0,0,0,1,0,7.99792E+20,5.6672E+21,1.32804E+16,5.10778E+16
47194,47195,14,5,22,440,2016,7,18,7,3,8,1,0,1,0,1,0,0,0,0,7.95916E+20,5.63988E+21,1.3203E+16,5.08349E+16
47195,47196,14,6,26,610,2016,8,16,1,2,3,6,0,0,0,1,0,1,0,0,9.08777E+20,5.65351E+21,1.48136E+16,5.08882E+16
47196,47197,14,5,22,170,2016,7,13,7,3,8,1,0,0,0,1,0,0,0,0,8.1406E+20,5.64093E+21,1.34608E+16,5.08347E+16
47197,47198,14,6,12,0,2016,9,16,5,3,0,6,0,0,0,1,0,0,0,0,8.31121E+20,5.66699E+21,1.3726E+16,5.10588E+16
47198,47199,14,5,22,50,2016,9,16,2,3,9,6,0,0,0,1,0,0,0,0,8.02691E+20,5.64102E+21,1.32999E+16,5.08416E+16
47199,47200,14,5,11,0,2016,9,7,3,3,2,6,0,0,0,1,0,0,0,0,7.71619E+20,5.63671E+21,1.28564E+16,5.08183E+16
47200,47201,14,7,29,430,2016,8,17,1,3,1,6,0,0,0,1,0,0,0,0,7.30936E+20,5.67549E+21,1.23046E+16,5.11841E+16
47201,47202,14,6,12,0,2016,9,7,3,3,0,6,0,0,0,0,0,1,0,1,8.33773E+20,5.66321E+21,1.37602E+16,5.10233E+16
47202,47203,14,6,26,85,2016,9,9,5,3,5,3,0,0,0,1,0,0,0,0,8.93857E+20,5.66309E+21,1.46129E+16,5.09843E+16
47203,47204,14,6,12,0,2016,8,17,5,3,5,3,0,0,0,1,0,1,0,0,8.29332E+20,5.6702E+21,1.37034E+16,5.10886E+16
47204,47205,14,7,29,260,2016,7,6,2,3,2,6,0,0,1,0,0,0,1,0,7.35844E+20,5.68325E+21,1.23798E+16,5.12518E+16
47205,47206,14,6,26,430,2016,7,18,2,3,8,1,0,0,0,1,0,0,0,0,9.04101E+20,5.64725E+21,1.47406E+16,5.08354E+16
47206,47207,14,6,25,450,2016,8,9,1,2,5,3,0,0,1,1,0,0,0,0,8.50828E+20,5.68422E+21,1.40229E+16,5.12014E+16
47207,47208,14,5,23,330,2016,7,14,1,3,2,2,0,0,0,1,0,0,0,0,7.25225E+20,5.60419E+21,1.21791E+16,5.05462E+16
47208,47209,14,6,27,140,2016,8,9,5,3,2,6,0,0,0,1,0,0,0,0,8.14113E+20,5.67825E+21,1.34938E+16,5.11693E+16
47209,47210,14,7,30,110,2016,9,16,2,3,5,3,0,0,0,1,0,0,0,1,7.52613E+20,5.70734E+21,1.26367E+16,5.14607E+16
47210,47211,14,5,22,220,2016,8,17,7,3,5,3,0,0,0,1,0,1,0,0,7.84627E+20,5.67585E+21,1.30713E+16,5.11632E+16
47211,47212,14,6,25,490,2016,8,18,4,2,8,1,0,0,0,0,0,1,0,0,8.77529E+20,5.69072E+21,1.44102E+16,5.12426E+16
47212,47213,14,5,21,60,2016,8,17,5,2,0,1,0,0,1,0,0,0,0,0,7.85779E+20,5.60256E+21,1.30306E+16,5.05052E+16
47213,47214,14,5,22,80,2016,8,22,6,2,4,2,2,0,1,1,0,0,0,0,7.89175E+20,5.6716E+21,1.31328E+16,5.11228E+16
47214,47215,14,5,23,20,2016,8,15,7,3,5,3,0,0,0,1,0,0,0,0,7.43135E+20,5.59892E+21,1.2428E+16,5.04917E+16
47215,47216,14,5,21,630,2016,9,6,2,3,8,1,2,1,0,1,0,0,0,0,7.82789E+20,5.6136E+21,1.29969E+16,5.06057E+16
47216,47217,14,5,24,330,2016,8,11,6,3,3,6,0,1,1,0,0,0,1,0,7.45545E+20,5.61972E+21,1.24757E+16,5.06774E+16
47217,47218,14,6,26,350,2016,9,11,4,3,2,2,0,0,0,1,0,1,0,0,8.89419E+20,5.66783E+21,1.45551E+16,5.10297E+16
47218,47219,14,5,21,60,2016,7,11,2,3,2,2,0,0,0,1,0,0,0,0,7.85594E+20,5.60353E+21,1.30288E+16,5.05139E+16
47219,47220,14,5,22,200,2016,8,20,4,2,8,1,0,0,0,1,0,0,0,0,8.01906E+20,5.62959E+21,1.32794E+16,5.07394E+16
47220,47221,14,5,24,330,2016,8,13,5,3,5,3,0,0,0,1,0,0,0,0,7.45091E+20,5.62449E+21,1.24724E+16,5.07204E+16
47221,47222,14,6,26,85,2016,7,11,1,3,4,2,0,0,1,1,0,0,0,0,8.92546E+20,5.66571E+21,1.45971E+16,5.10087E+16
47222,47223,14,5,21,550,2016,9,9,7,3,8,1,0,0,0,1,0,0,0,0,7.67145E+20,5.60657E+21,1.27713E+16,5.055E+16
47223,47224,14,6,27,190,2016,9,12,1,2,5,3,0,0,1,0,0,0,0,1,8.08408E+20,5.69461E+21,1.34266E+16,5.1319E+16
47224,47225,14,5,22,500,2016,7,11,1,1,4,1,0,1,0,1,0,0,0,0,7.85032E+20,5.65645E+21,1.30618E+16,5.09889E+16
47225,47226,14,6,12,0,2016,7,15,4,2,4,2,0,0,0,1,0,0,0,0,8.29249E+20,5.67041E+21,1.37025E+16,5.10905E+16
47226,47227,14,5,21,390,2016,9,17,5,2,5,3,0,0,0,1,0,0,0,0,7.94786E+20,5.6198E+21,1.3171E+16,5.06553E+16
47227,47228,14,6,27,140,2016,8,14,3,2,5,3,0,0,0,1,0,1,0,0,8.12906E+20,5.67591E+21,1.34746E+16,5.1149E+16
47228,47229,14,7,30,330,2016,8,16,3,2,2,6,2,0,0,1,0,1,0,0,7.764E+20,5.69451E+21,1.29683E+16,5.13345E+16
47229,47230,14,5,23,320,2016,7,12,2,3,5,3,0,0,0,1,0,0,0,0,7.25456E+20,5.59872E+21,1.21791E+16,5.0497E+16
47230,47231,14,5,22,35,2016,7,10,6,3,5,2,0,0,0,1,0,0,0,0,8.08806E+20,5.64912E+21,1.33933E+16,5.0911E+16
47231,47232,14,6,26,580,2016,8,9,6,3,2,6,0,0,0,1,0,0,0,0,9.05092E+20,5.69544E+21,1.48085E+16,5.12659E+16
47232,47233,14,6,28,270,2016,9,21,7,3,8,1,2,1,0,1,0,0,0,0,8.46326E+20,5.65779E+21,1.39333E+16,5.09673E+16
47233,47234,14,5,24,20,2016,7,13,6,2,9,1,0,0,0,0,0,1,0,0,7.46902E+20,5.63791E+21,1.25071E+16,5.08402E+16
47234,47235,14,5,21,495,2016,7,13,5,3,9,1,0,1,0,1,0,0,0,0,7.95181E+20,5.62853E+21,1.31835E+16,5.07334E+16
47235,47236,14,6,28,80,2016,8,12,2,3,6,2,0,0,1,0,1,0,0,0,8.40912E+20,5.65656E+21,1.38554E+16,5.09595E+16
47236,47237,14,6,12,0,2016,8,8,5,3,3,6,0,0,0,1,0,1,0,0,8.31532E+20,5.6689E+21,1.37335E+16,5.10756E+16
47237,47238,14,7,29,160,2016,8,8,2,3,2,6,0,0,0,1,0,0,0,0,7.70046E+20,5.68356E+21,1.2869E+16,5.12394E+16
47238,47239,14,5,21,20,2016,9,6,6,2,4,6,0,0,0,1,0,0,0,0,7.83254E+20,5.61206E+21,1.30023E+16,5.05916E+16
47239,47240,14,6,25,250,2016,7,15,4,3,5,3,0,0,0,1,0,0,0,0,8.57683E+20,5.69386E+21,1.41302E+16,5.12835E+16