FID,OBJECTID,ULAND,UREGBEZ,UKREIS,UGEMEINDE,UJAHR,UMONAT,USTUNDE,UWOCHENTAG,UKATEGORIE,UART,UTYP1,ULICHTVERH,IstStrasse,IstRad,IstPKW,IstFuss,IstKrad,IstGkfz,IstSonstig,LINREFX,LINREFY,XGCSWGS84,YGCSWGS84
47240,47241,14,7,29,160,2016,9,14,6,3,2,6,0,0,0,1,0,1,0,0,7.60307E+20,5.68324E+21,1.27296E+16,5.1241E+16
47241,47242,14,6,26,250,2016,7,13,5,3,2,6,0,0,0,1,0,1,0,0,8.99735E+20,5.72303E+21,1.47631E+16,5.15165E+16
47242,47243,14,7,29,320,2016,9,6,2,3,0,7,2,1,0,1,0,0,1,0,7.39113E+20,5.67035E+21,1.2418E+16,5.11346E+16
47243,47244,14,6,12,0,2016,8,9,3,3,5,3,0,0,0,1,0,0,0,0,8.32679E+20,5.66629E+21,1.37475E+16,5.10516E+16
47244,47245,14,6,12,0,2016,9,5,4,2,5,3,2,0,0,1,0,1,0,0,8.31726E+20,5.67E+21,1.37373E+16,5.10854E+16
47245,47246,14,6,12,0,2016,9,12,6,3,6,7,0,0,1,0,1,0,0,0,8.31184E+20,5.66972E+21,1.37294E+16,5.10832E+16
47246,47247,14,5,11,0,2016,8,7,6,3,3,6,0,0,0,1,0,0,0,0,7.79476E+20,5.6412E+21,1.29711E+16,5.08548E+16
47247,47248,14,6,25,240,2016,8,5,2,3,3,6,2,0,1,1,0,0,0,0,8.66228E+20,5.71408E+21,1.4273E+16,5.14591E+16
47248,47249,14,5,23,300,2016,7,17,7,2,4,2,0,1,0,1,0,1,0,0,7.27187E+20,5.59022E+21,1.21983E+16,5.042E+16
47249,47250,14,7,29,190,2016,7,12,3,3,8,1,0,0,0,0,0,1,0,0,7.39019E+20,5.68317E+21,1.24252E+16,5.12497E+16
47250,47251,14,5,22,150,2016,9,11,6,2,8,1,0,0,0,0,0,1,0,0,7.85177E+20,5.64416E+21,1.30542E+16,5.08786E+16
47251,47252,14,6,27,200,2016,8,20,2,3,9,1,1,0,0,1,0,0,0,0,8.17933E+20,5.68596E+21,1.35551E+16,5.12363E+16
47252,47253,14,5,22,440,2016,7,13,6,2,2,2,0,0,0,1,0,1,0,0,7.97396E+20,5.64531E+21,1.32284E+16,5.08828E+16
47253,47254,14,7,29,50,2016,8,17,6,3,4,2,0,0,0,1,0,0,0,0,7.44059E+20,5.66905E+21,1.24877E+16,5.11209E+16
47254,47255,14,5,11,0,2016,8,13,4,3,0,3,0,0,0,1,0,0,0,1,7.7485E+20,5.63988E+21,1.29046E+16,5.08452E+16
47255,47256,14,6,25,510,2016,7,1,6,3,8,1,2,0,0,1,0,0,0,0,8.56413E+20,5.68177E+21,1.41001E+16,5.1176E+16
47256,47257,14,7,30,50,2016,8,17,6,2,9,1,0,0,0,0,0,1,0,0,7.80194E+20,5.70311E+21,1.30294E+16,5.14099E+16
47257,47258,14,6,26,85,2016,9,18,7,2,0,1,1,1,1,0,0,0,0,0,8.93682E+20,5.66522E+21,1.46127E+16,5.10035E+16
47258,47259,14,6,26,520,2016,7,6,6,3,9,1,0,1,0,1,0,0,0,0,9.12227E+20,5.68588E+21,1.48992E+16,5.11753E+16
47259,47260,14,6,27,180,2016,7,12,5,3,0,7,0,1,0,0,0,1,0,0,8.01323E+20,5.66501E+21,1.33004E+16,5.10574E+16
47260,47261,14,6,25,550,2016,8,10,2,3,5,3,0,0,0,1,0,0,0,0,8.47955E+20,5.69967E+21,1.39969E+16,5.13416E+16
47261,47262,14,5,21,495,2016,7,13,7,2,8,1,0,0,0,0,0,1,0,0,7.99918E+20,5.62631E+21,1.32486E+16,5.07111E+16
47262,47263,14,6,26,70,2016,8,20,5,2,8,1,1,0,0,0,0,1,0,0,8.93213E+20,5.67175E+21,1.46132E+16,5.10622E+16
47263,47264,14,7,30,30,2016,8,11,2,3,5,3,0,0,0,1,0,0,0,0,7.80859E+20,5.72218E+21,1.30541E+16,5.15806E+16
47264,47265,14,5,21,610,2016,9,11,6,3,8,1,0,0,0,0,0,1,0,0,7.8148E+20,5.61341E+21,1.29783E+16,5.06046E+16
47265,47266,14,7,29,160,2016,7,8,4,2,8,1,0,0,0,1,0,0,0,0,7.69329E+20,5.68191E+21,1.28576E+16,5.12249E+16
47266,47267,14,5,24,330,2016,9,23,6,3,0,7,2,0,1,0,0,0,0,0,7.45078E+20,5.6234E+21,1.24715E+16,5.07107E+16
47267,47268,14,5,24,330,2016,7,0,5,3,5,3,2,0,0,1,0,0,0,0,7.47258E+20,5.62332E+21,1.25023E+16,5.0709E+16
47268,47269,14,5,22,60,2016,9,7,3,3,5,3,0,0,0,1,0,0,0,0,7.67208E+20,5.64692E+21,1.28014E+16,5.0912E+16
47269,47270,14,5,22,110,2016,7,18,4,3,4,6,0,0,0,1,0,0,0,1,7.97285E+20,5.63587E+21,1.32192E+16,5.07981E+16
47270,47271,14,6,27,230,2016,8,12,3,3,5,3,0,0,1,1,0,0,0,0,7.99142E+20,5.69082E+21,1.32908E+16,5.129E+16
47271,47272,14,6,12,0,2016,9,14,4,3,5,3,0,0,0,1,0,1,0,0,8.29835E+20,5.66971E+21,1.37101E+16,5.10838E+16
47272,47273,14,6,27,360,2016,9,23,6,3,9,1,2,0,1,0,0,0,0,0,8.00873E+20,5.69481E+21,1.33189E+16,5.13249E+16
47273,47274,14,5,21,670,2016,8,14,6,3,8,1,0,1,0,1,0,0,0,0,7.87293E+20,5.61963E+21,1.30651E+16,5.06576E+16
47274,47275,14,7,29,380,2016,8,9,2,3,8,1,0,0,0,1,0,0,0,0,7.60241E+20,5.70395E+21,1.27438E+16,5.14269E+16
47275,47276,14,6,12,0,2016,7,0,1,3,0,1,2,1,0,0,0,1,0,0,8.36745E+20,5.66062E+21,1.38E+16,5.09984E+16
47276,47277,14,5,23,320,2016,7,9,3,3,1,6,0,0,0,1,0,0,1,0,7.20803E+20,5.59732E+21,1.21128E+16,5.04862E+16
47277,47278,14,6,12,0,2016,9,10,6,3,3,2,0,0,1,1,0,0,0,0,8.32427E+20,5.66583E+21,1.37435E+16,5.10476E+16
47278,47279,14,6,26,520,2016,8,16,2,3,4,6,0,0,0,1,0,0,0,0,9.14568E+20,5.68784E+21,1.49348E+16,5.11912E+16
47279,47280,14,5,21,690,2016,8,17,7,2,3,2,0,0,0,1,0,0,0,1,7.90587E+20,5.62754E+21,1.31178E+16,5.07269E+16
47280,47281,14,5,21,500,2016,7,14,6,3,1,6,0,0,0,0,0,0,0,1,7.71258E+20,5.60594E+21,1.28288E+16,5.05424E+16
47281,47282,14,6,12,0,2016,8,18,4,2,5,3,2,0,1,1,0,0,0,0,8.2933E+20,5.67021E+21,1.37034E+16,5.10886E+16
47282,47283,14,7,29,380,2016,7,14,6,3,8,1,0,0,0,0,0,1,0,0,7.62633E+20,5.7018E+21,1.27765E+16,5.14065E+16
47283,47284,14,6,27,70,2016,8,16,1,3,8,1,0,0,0,0,0,1,0,0,8.00361E+20,5.68581E+21,1.3304E+16,5.12444E+16
47284,47285,14,5,21,690,2016,9,16,5,2,8,1,0,0,0,1,0,0,0,0,7.87775E+20,5.62864E+21,1.30789E+16,5.07382E+16
47285,47286,14,5,22,250,2016,9,12,2,3,2,6,0,1,0,1,0,0,1,0,7.77041E+20,5.66838E+21,1.29573E+16,5.10998E+16
47286,47287,14,5,24,230,2016,9,6,2,3,5,3,1,1,0,1,0,1,0,0,7.63559E+20,5.63318E+21,1.27397E+16,5.07903E+16
47287,47288,14,6,27,60,2016,8,4,1,3,0,1,2,0,1,0,0,0,0,0,8.16336E+20,5.69512E+21,1.35404E+16,5.13193E+16
47288,47289,14,5,21,390,2016,9,12,3,3,0,1,0,0,0,0,0,1,0,0,7.9876E+20,5.60999E+21,1.32191E+16,5.05653E+16
47289,47290,14,6,25,20,2016,9,9,5,3,5,3,0,0,1,1,0,0,0,0,8.78119E+20,5.6837E+21,1.44113E+16,5.11794E+16
47290,47291,14,5,22,220,2016,8,19,5,3,0,3,1,0,1,0,0,1,0,0,7.82444E+20,5.67494E+21,1.30394E+16,5.11561E+16
47291,47292,14,5,22,180,2016,8,10,7,2,2,6,0,0,1,0,0,0,0,1,8.0427E+20,5.65013E+21,1.33298E+16,5.09224E+16
47292,47293,14,7,13,0,2016,7,7,3,3,2,2,0,0,0,1,1,0,0,0,7.40891E+20,5.69635E+21,1.24608E+16,5.13673E+16
47293,47294,14,6,28,260,2016,7,11,2,3,1,6,0,0,0,1,0,1,0,0,8.65804E+20,5.666E+21,1.42179E+16,5.10288E+16
47294,47295,14,6,27,100,2016,7,19,2,2,9,1,0,0,0,0,0,1,0,0,8.16824E+20,5.67376E+21,1.35285E+16,5.11275E+16
47295,47296,14,5,22,60,2016,8,13,1,2,5,2,0,0,0,1,0,0,0,0,7.6792E+20,5.64923E+21,1.28132E+16,5.09324E+16
47296,47297,14,6,25,560,2016,7,11,1,3,5,3,0,0,0,1,0,1,0,0,8.78403E+20,5.66977E+21,1.44007E+16,5.10544E+16
47297,47298,14,6,25,150,2016,9,16,1,3,0,7,0,1,0,0,0,1,0,1,8.75014E+20,5.68344E+21,1.43668E+16,5.11791E+16
47298,47299,14,5,23,130,2016,8,9,4,3,9,1,0,1,0,1,0,0,0,0,7.41798E+20,5.59E+21,1.24035E+16,5.04122E+16
47299,47300,14,6,26,60,2016,9,6,2,2,4,7,0,0,0,1,0,0,1,0,8.86261E+20,5.70996E+21,1.45556E+16,5.14089E+16
47300,47301,14,6,28,60,2016,8,8,4,3,0,6,0,0,0,1,0,1,0,0,8.28544E+20,5.64578E+21,1.36702E+16,5.08702E+16
47301,47302,14,7,30,70,2016,8,13,4,3,8,1,0,0,0,1,0,0,0,0,7.2873E+20,5.71361E+21,1.22976E+16,5.15272E+16
47302,47303,14,5,24,60,2016,8,18,5,3,5,3,0,0,0,1,0,0,0,0,7.35551E+20,5.62069E+21,1.23351E+16,5.06902E+16
47303,47304,14,7,13,0,2016,8,18,7,3,2,6,0,1,0,1,0,0,0,0,7.40255E+20,5.69593E+21,1.24514E+16,5.13637E+16
47304,47305,14,5,22,440,2016,9,6,2,3,2,6,0,1,0,1,0,0,0,0,7.93499E+20,5.64277E+21,1.31711E+16,5.0862E+16
47305,47306,14,7,29,320,2016,8,13,6,3,5,3,0,1,1,1,0,0,0,0,7.39793E+20,5.66786E+21,1.2426E+16,5.1112E+16
47306,47307,14,5,22,220,2016,9,5,4,3,0,6,1,0,0,1,0,0,1,0,7.8549E+20,5.67463E+21,1.30826E+16,5.11517E+16
47307,47308,14,5,23,430,2016,7,16,1,3,2,6,0,1,0,1,0,0,0,0,7.30443E+20,5.60325E+21,1.22521E+16,5.05357E+16
47308,47309,14,5,24,90,2016,8,18,3,1,9,1,0,0,0,1,0,0,0,0,7.61225E+20,5.62207E+21,1.26988E+16,5.06917E+16
47309,47310,14,7,29,50,2016,8,12,5,2,6,2,0,0,0,1,1,0,0,0,7.44838E+20,5.66968E+21,1.24992E+16,5.11262E+16
47310,47311,14,6,12,0,2016,7,15,1,3,0,3,0,0,1,1,0,0,0,0,8.32203E+20,5.66772E+21,1.3742E+16,5.10647E+16
47311,47312,14,7,13,0,2016,9,10,6,3,8,1,0,0,1,1,0,0,0,0,7.31433E+20,5.69274E+21,1.23229E+16,5.13388E+16
47312,47313,14,5,23,245,2016,9,16,7,2,3,7,0,0,1,0,0,0,0,0,7.50305E+20,5.59146E+21,1.25239E+16,5.04218E+16
47313,47314,14,6,26,370,2016,7,11,6,3,9,1,0,0,0,1,0,0,0,0,9.05239E+20,5.70244E+21,1.48185E+16,5.13284E+16
47314,47315,14,6,26,60,2016,7,9,7,3,5,3,0,0,0,0,0,1,0,1,8.88583E+20,5.71147E+21,1.45905E+16,5.14209E+16
47315,47316,14,5,22,510,2016,7,10,4,2,8,1,0,0,1,0,0,0,0,0,7.93517E+20,5.66538E+21,1.31896E+16,5.10648E+16
47316,47317,14,5,24,330,2016,9,15,4,3,2,6,0,0,0,1,0,1,0,0,7.48223E+20,5.62442E+21,1.25167E+16,5.07184E+16
47317,47318,14,6,25,190,2016,8,13,3,3,5,3,0,0,1,1,0,0,0,0,8.80441E+20,5.67993E+21,1.44403E+16,5.11441E+16
47318,47319,14,7,13,0,2016,7,9,2,3,2,6,0,0,0,1,0,0,0,0,7.36406E+20,5.69233E+21,1.23938E+16,5.1333E+16
47319,47320,14,5,22,360,2016,7,6,6,2,0,1,0,0,0,0,0,1,0,0,7.81991E+20,5.65542E+21,1.30178E+16,5.09812E+16
47320,47321,14,6,28,20,2016,8,18,6,2,5,2,0,0,0,1,0,0,0,0,8.47872E+20,5.64619E+21,1.39442E+16,5.08625E+16
47321,47322,14,6,28,40,2016,9,4,7,2,2,6,2,1,0,1,0,0,1,0,8.43731E+20,5.65232E+21,1.38914E+16,5.09199E+16
47322,47323,14,7,30,340,2016,7,20,5,3,0,7,0,0,0,1,0,0,1,0,7.22605E+20,5.70313E+21,1.22028E+16,5.14355E+16
47323,47324,14,5,21,550,2016,8,16,5,3,2,2,0,0,1,1,0,0,0,0,7.68944E+20,5.60555E+21,1.27959E+16,5.05399E+16
47324,47325,14,5,22,80,2016,7,8,7,2,7,7,0,0,0,0,0,0,0,1,7.9133E+20,5.67263E+21,1.31643E+16,5.11309E+16
47325,47326,14,6,25,600,2016,7,15,5,3,2,6,0,0,0,1,0,0,1,0,8.42905E+20,5.68025E+21,1.39061E+16,5.11706E+16
47326,47327,14,6,28,270,2016,8,18,2,3,0,1,0,0,1,0,0,0,0,0,8.46443E+20,5.6578E+21,1.3935E+16,5.09674E+16
47327,47328,14,5,23,20,2016,9,9,5,2,5,3,0,0,0,1,0,0,0,0,7.42065E+20,5.60111E+21,1.24144E+16,5.05118E+16
47328,47329,14,5,22,180,2016,7,22,4,2,8,1,2,0,1,0,0,0,0,0,8.02168E+20,5.65022E+21,1.33001E+16,5.09243E+16
47329,47330,14,7,29,430,2016,9,15,6,2,8,1,0,0,0,1,0,0,0,0,7.33007E+20,5.67813E+21,1.23359E+16,5.12069E+16
47330,47331,14,7,30,70,2016,9,19,2,3,5,3,1,0,0,1,0,0,0,0,7.31671E+20,5.71417E+21,1.23403E+16,5.1531E+16
47331,47332,14,5,24,80,2016,8,6,2,3,4,2,0,0,0,1,0,1,0,0,7.48349E+20,5.63632E+21,1.25265E+16,5.08252E+16
47332,47333,14,5,24,330,2016,9,7,3,3,0,2,0,0,0,1,1,0,0,0,7.45001E+20,5.62624E+21,1.24723E+16,5.07362E+16
47333,47334,14,6,12,0,2016,9,14,6,2,8,1,0,0,1,0,0,0,0,0,8.3106E+20,5.66548E+21,1.37237E+16,5.10453E+16
47334,47335,14,5,23,450,2016,8,13,5,3,2,6,0,0,0,1,0,0,0,0,7.16254E+20,5.5931E+21,1.20463E+16,5.045E+16
47335,47336,14,6,12,0,2016,7,17,3,3,0,7,0,0,1,0,0,0,0,0,8.30978E+20,5.66426E+21,1.37214E+16,5.10344E+16
47336,47337,14,5,24,20,2016,9,16,5,2,0,3,0,0,0,1,0,1,0,0,7.56767E+20,5.63803E+21,1.2647E+16,5.0837E+16
47337,47338,14,6,12,0,2016,8,6,2,3,5,3,0,0,1,1,0,0,0,0,8.3043E+20,5.67091E+21,1.37197E+16,5.10943E+16
47338,47339,14,5,24,250,2016,7,18,5,3,2,6,0,0,0,1,0,0,0,0,7.5275E+20,5.62291E+21,1.25796E+16,5.0703E+16
47339,47340,14,5,22,510,2016,8,10,6,2,8,1,0,0,0,1,0,0,0,0,7.97973E+20,5.66826E+21,1.32554E+16,5.10883E+16
47340,47341,14,5,22,500,2016,8,12,4,3,8,1,0,0,0,1,0,0,0,0,7.81914E+20,5.65674E+21,1.30177E+16,5.0993E+16
47341,47342,14,6,12,0,2016,7,14,6,3,6,6,0,0,1,0,1,0,0,0,8.30534E+20,5.66453E+21,1.37154E+16,5.1037E+16
47342,47343,14,5,24,110,2016,8,23,7,3,5,3,2,0,0,1,0,0,0,0,7.42782E+20,5.61479E+21,1.24334E+16,5.06344E+16
47343,47344,14,5,24,250,2016,8,20,4,2,2,6,2,0,0,1,0,0,0,0,7.50469E+20,5.62171E+21,1.25466E+16,5.06932E+16
47344,47345,14,6,25,340,2016,9,17,1,3,9,1,0,1,0,1,0,0,0,0,8.85279E+20,5.70274E+21,1.45337E+16,5.1345E+16
47345,47346,14,6,25,20,2016,8,13,6,3,2,6,0,0,0,1,0,0,1,0,8.81037E+20,5.68382E+21,1.44529E+16,5.11785E+16
47346,47347,14,6,27,220,2016,8,8,2,3,2,6,0,0,0,1,0,0,0,0,8.30772E+20,5.68393E+21,1.37365E+16,5.12107E+16
47347,47348,14,6,25,250,2016,9,17,2,2,4,2,0,0,1,1,0,0,0,0,8.55844E+20,5.69325E+21,1.41033E+16,5.12792E+16
47348,47349,14,7,30,250,2016,8,15,7,3,5,3,0,0,0,1,0,1,0,0,7.33214E+20,5.70346E+21,1.23554E+16,5.14342E+16
47349,47350,14,5,21,260,2016,9,15,5,3,3,2,0,0,0,1,0,1,0,0,7.68322E+20,5.60753E+21,1.27886E+16,5.0558E+16
47350,47351,14,7,29,50,2016,8,5,4,3,0,7,2,1,0,0,0,1,0,1,7.43816E+20,5.66884E+21,1.2484E+16,5.1119E+16
47351,47352,14,6,25,200,2016,8,13,6,3,8,1,0,1,0,1,0,0,0,0,8.52431E+20,5.67773E+21,1.40394E+16,5.11423E+16
47352,47353,14,5,22,260,2016,7,2,3,2,8,1,2,0,0,1,0,0,0,0,7.66045E+20,5.64291E+21,1.2782E+16,5.08765E+16
47353,47354,14,6,26,85,2016,8,15,7,2,2,6,0,0,0,1,0,0,0,0,8.94152E+20,5.66517E+21,1.46193E+16,5.10027E+16
47354,47355,14,7,29,290,2016,7,20,1,3,9,1,0,0,0,1,0,0,0,0,7.5902E+20,5.65565E+21,1.26914E+16,5.0994E+16
47355,47356,14,5,22,230,2016,9,13,1,3,8,1,0,1,0,1,0,0,0,0,7.89687E+20,5.657E+21,1.31284E+16,5.09915E+16
47356,47357,14,6,27,140,2016,8,10,4,3,2,6,0,0,0,1,0,0,0,0,8.14174E+20,5.67842E+21,1.34949E+16,5.11708E+16
47357,47358,14,5,22,20,2016,9,15,2,3,2,6,0,0,0,1,0,0,0,0,7.89063E+20,5.63623E+21,1.31031E+16,5.08056E+16
47358,47359,14,7,29,70,2016,8,16,3,2,5,3,0,0,0,1,0,1,0,0,7.5049E+20,5.69536E+21,1.25978E+16,5.13542E+16
47359,47360,14,5,21,400,2016,8,6,4,3,4,1,0,0,0,1,0,0,0,0,7.87085E+20,5.6131E+21,1.30571E+16,5.05991E+16
47360,47361,14,6,25,20,2016,8,9,4,3,5,3,0,0,0,1,0,0,0,1,8.74773E+20,5.68549E+21,1.43655E+16,5.11976E+16
47361,47362,14,7,30,250,2016,8,16,5,2,3,6,0,0,0,1,0,1,0,0,7.34092E+20,5.70571E+21,1.23695E+16,5.14541E+16
47362,47363,14,6,12,0,2016,8,17,7,3,8,1,0,0,0,0,0,1,0,0,8.29321E+20,5.66585E+21,1.36993E+16,5.10495E+16
47363,47364,14,6,27,250,2016,9,14,1,2,8,1,0,0,0,1,0,0,0,0,8.28594E+20,5.69775E+21,1.37182E+16,5.13359E+16
47364,47365,14,5,11,0,2016,8,10,3,3,6,7,0,1,0,1,1,0,0,0,7.78393E+20,5.64084E+21,1.29555E+16,5.08521E+16
47365,47366,14,6,12,0,2016,8,2,1,3,5,3,2,0,1,0,0,0,0,0,8.31215E+20,5.66691E+21,1.37272E+16,5.1058E+16
47366,47367,14,5,21,380,2016,9,17,5,2,4,6,0,0,0,1,0,1,0,0,7.67276E+20,5.63249E+21,1.27919E+16,5.07825E+16
47367,47368,14,5,23,270,2016,9,14,1,3,2,6,0,1,0,1,0,0,0,0,7.30445E+20,5.60325E+21,1.22521E+16,5.05358E+16
47368,47369,14,6,25,600,2016,8,7,6,3,5,3,0,0,0,1,0,0,0,0,8.47155E+20,5.67873E+21,1.39652E+16,5.11545E+16
47369,47370,14,6,28,240,2016,8,17,2,3,4,1,0,0,0,1,0,0,0,0,8.4906E+20,5.65959E+21,1.39739E+16,5.09818E+16
47370,47371,14,5,24,330,2016,9,21,2,3,2,6,2,0,0,1,0,0,0,0,7.47015E+20,5.62846E+21,1.25023E+16,5.07553E+16
47371,47372,14,5,21,170,2016,8,16,1,3,0,3,0,0,0,1,0,1,0,0,7.53692E+20,5.60078E+21,1.25779E+16,5.0504E+16
47372,47373,14,5,24,260,2016,9,10,2,2,4,2,0,0,0,1,0,0,0,0,7.49385E+20,5.63867E+21,1.25428E+16,5.08459E+16
47373,47374,14,6,28,210,2016,9,15,5,2,4,1,0,0,0,1,0,0,0,0,8.58297E+20,5.65308E+21,1.40985E+16,5.09178E+16
47374,47375,14,5,23,300,2016,8,10,4,2,5,3,0,1,0,1,0,0,1,0,7.19547E+20,5.59176E+21,1.20918E+16,5.04367E+16
47375,47376,14,7,13,0,2016,8,18,6,3,2,6,0,0,0,1,0,0,0,0,7.28031E+20,5.68424E+21,1.22687E+16,5.12638E+16
47376,47377,14,6,26,230,2016,7,5,3,3,5,3,0,0,0,1,0,0,0,0,9.11282E+20,5.69196E+21,1.48927E+16,5.12304E+16
47377,47378,14,6,12,0,2016,7,20,2,2,6,4,2,1,0,1,1,0,0,0,8.26745E+20,5.66568E+21,1.36625E+16,5.10495E+16
47378,47379,14,7,13,0,2016,8,0,7,3,0,7,2,0,1,0,0,0,0,0,7.34754E+20,5.69349E+21,1.23709E+16,5.13441E+16
47379,47380,14,6,27,220,2016,7,18,1,2,5,2,0,0,0,1,0,1,0,0,8.30623E+20,5.6842E+21,1.37347E+16,5.12133E+16
47380,47381,14,6,28,400,2016,9,7,1,1,8,1,0,0,0,1,0,0,0,0,8.17265E+20,5.65519E+21,1.35186E+16,5.09608E+16
47381,47382,14,6,26,60,2016,8,10,4,3,3,6,0,0,0,1,0,0,0,0,8.90531E+20,5.71213E+21,1.46191E+16,5.14254E+16
47382,47383,14,6,12,0,2016,9,12,2,3,2,6,0,0,0,1,0,0,0,0,8.32539E+20,5.66764E+21,1.37467E+16,5.10638E+16
47383,47384,14,6,27,180,2016,8,16,4,2,2,1,0,0,0,1,0,0,1,0,8.04012E+20,5.66386E+21,1.33377E+16,5.10457E+16
47384,47385,14,7,29,150,2016,8,14,4,2,4,6,0,0,0,1,0,0,0,0,7.58756E+20,5.66125E+21,1.26916E+16,5.10444E+16
47385,47386,14,7,29,270,2016,8,17,5,3,0,1,0,0,1,1,0,0,0,0,7.25484E+20,5.68943E+21,1.22355E+16,5.13114E+16
47386,47387,14,6,25,630,2016,8,21,7,3,6,7,2,0,0,1,1,0,0,0,8.76944E+20,5.67579E+21,1.43862E+16,5.11093E+16
47387,47388,14,7,29,260,2016,9,16,1,3,1,6,0,0,0,1,0,0,0,0,7.35968E+20,5.68562E+21,1.23831E+16,5.1273E+16
47388,47389,14,6,25,20,2016,8,22,6,3,2,6,2,0,0,1,0,0,0,0,8.82907E+20,5.68668E+21,1.44826E+16,5.12029E+16
47389,47390,14,5,11,0,2016,9,19,4,3,0,7,1,0,0,0,0,0,1,0,7.69931E+20,5.64063E+21,1.28354E+16,5.08542E+16
47390,47391,14,6,25,560,2016,7,20,1,2,4,6,0,1,0,1,0,0,0,1,8.81789E+20,5.67027E+21,1.44493E+16,5.10567E+16
47391,47392,14,5,24,290,2016,7,15,7,2,0,1,0,0,1,0,0,0,0,0,7.55453E+20,5.64172E+21,1.26309E+16,5.08706E+16
47392,47393,14,5,22,380,2016,8,10,6,2,2,2,0,0,0,1,0,1,0,0,7.63334E+20,5.6466E+21,1.27462E+16,5.09108E+16
47393,47394,14,7,13,0,2016,9,20,6,2,5,3,1,0,0,1,0,0,0,0,7.27619E+20,5.68556E+21,1.22636E+16,5.12759E+16
47394,47395,14,7,29,430,2016,9,18,7,2,5,2,0,0,0,1,0,1,0,0,7.32198E+20,5.67769E+21,1.2324E+16,5.12033E+16
47395,47396,14,6,28,60,2016,7,16,6,3,5,3,0,0,1,1,0,0,0,0,8.28875E+20,5.64708E+21,1.3676E+16,5.08816E+16
47396,47397,14,6,12,0,2016,7,15,7,2,2,6,0,0,0,1,0,0,0,0,8.26054E+20,5.6681E+21,1.36549E+16,5.10716E+16
47397,47398,14,5,22,590,2016,7,19,4,2,8,1,0,1,0,1,0,0,0,0,8.05705E+20,5.64388E+21,1.3345E+16,5.08656E+16
47398,47399,14,5,24,160,2016,9,14,4,2,3,2,0,0,0,1,0,1,0,0,7.55769E+20,5.63011E+21,1.26273E+16,5.07663E+16
47399,47400,14,6,12,0,2016,8,12,3,3,2,6,0,0,0,1,0,0,0,1,8.30823E+20,5.66871E+21,1.37233E+16,5.10743E+16
47400,47401,14,6,28,390,2016,7,11,2,2,5,3,0,0,0,1,0,0,0,1,8.51813E+20,5.65463E+21,1.40081E+16,5.09357E+16
47401,47402,14,5,23,90,2016,7,9,5,3,2,6,0,1,0,0,0,1,0,1,7.39814E+20,5.59767E+21,1.23805E+16,5.04819E+16
47402,47403,14,6,12,0,2016,8,12,6,3,2,6,0,0,0,1,0,0,0,1,8.31402E+20,5.66931E+21,1.37321E+16,5.10794E+16
47403,47404,14,7,30,30,2016,9,20,6,3,5,3,2,0,0,1,0,0,0,0,7.80859E+20,5.72218E+21,1.30541E+16,5.15806E+16
47404,47405,14,6,26,610,2016,8,13,3,3,5,3,0,0,0,1,0,0,0,0,9.08519E+20,5.65307E+21,1.48095E+16,5.08844E+16
47405,47406,14,5,23,80,2016,8,17,4,2,1,5,0,0,0,1,0,0,0,0,7.2361E+20,5.58029E+21,1.21421E+16,5.03322E+16
47406,47407,14,6,27,10,2016,7,14,7,3,4,2,0,0,0,1,0,0,0,0,8.20559E+20,5.67471E+21,1.35826E+16,5.11339E+16
47407,47408,14,6,12,0,2016,7,15,5,3,0,1,0,1,1,0,0,0,0,0,8.41534E+20,5.66787E+21,1.38748E+16,5.10605E+16
47408,47409,14,6,12,0,2016,8,18,2,2,0,1,0,0,0,1,0,1,0,0,8.30384E+20,5.67466E+21,1.37225E+16,5.11279E+16
47409,47410,14,7,30,20,2016,7,14,7,3,2,2,0,0,0,1,0,0,0,0,7.48104E+20,5.72181E+21,1.25821E+16,5.15926E+16
47410,47411,14,7,30,270,2016,9,12,5,3,4,2,0,0,0,1,0,1,0,0,7.25498E+20,5.69821E+21,1.22413E+16,5.13902E+16
47411,47412,14,6,26,610,2016,9,14,2,3,9,1,0,1,0,0,0,1,0,0,9.07776E+20,5.65427E+21,1.48003E+16,5.08958E+16
47412,47413,14,6,28,240,2016,8,21,2,3,2,6,2,0,0,1,0,1,0,0,8.50737E+20,5.6605E+21,1.39985E+16,5.0989E+16
47413,47414,14,5,24,330,2016,9,13,3,2,2,6,0,0,0,1,0,0,0,0,7.4696E+20,5.62951E+21,1.25022E+16,5.07647E+16
47414,47415,14,6,27,360,2016,9,14,6,2,5,3,0,0,1,1,0,0,0,0,8.03734E+20,5.69539E+21,1.33603E+16,5.13285E+16
47415,47416,14,7,29,410,2016,8,8,5,2,5,3,0,0,0,1,0,0,0,1,7.60411E+20,5.69715E+21,1.27412E+16,5.13658E+16
47416,47417,14,7,13,0,2016,9,15,5,2,3,5,0,0,0,1,0,1,0,0,7.45212E+20,5.69059E+21,1.25188E+16,5.13137E+16
47417,47418,14,6,12,0,2016,8,15,2,3,5,3,0,0,0,1,0,1,0,0,8.42952E+20,5.66843E+21,1.38955E+16,5.10647E+16
47418,47419,14,5,23,10,2016,7,18,5,3,0,1,0,0,1,0,0,0,0,0,7.31455E+20,5.58074E+21,1.22524E+16,5.03332E+16