FID,OBJECTID,ULAND,UREGBEZ,UKREIS,UGEMEINDE,UJAHR,UMONAT,USTUNDE,UWOCHENTAG,UKATEGORIE,UART,UTYP1,ULICHTVERH,IstStrasse,IstRad,IstPKW,IstFuss,IstKrad,IstGkfz,IstSonstig,LINREFX,LINREFY,XGCSWGS84,YGCSWGS84
47597,47598,14,6,26,180,2016,9,13,1,3,8,1,0,0,0,1,0,0,0,0,9.00753E+20,5.6645E+21,1.47122E+16,5.09921E+16
47598,47599,14,5,22,210,2016,7,17,1,3,5,2,0,0,0,1,0,1,0,0,8.00269E+20,5.65478E+21,1.32769E+16,5.09662E+16
47599,47600,14,6,28,270,2016,7,12,4,3,5,3,0,0,1,1,0,0,0,0,8.45786E+20,5.65666E+21,1.39246E+16,5.09576E+16
47600,47601,14,6,27,310,2016,9,14,5,2,5,3,0,0,0,1,0,0,0,0,8.21356E+20,5.678E+21,1.35969E+16,5.1163E+16
47601,47602,14,6,26,580,2016,8,23,3,1,8,1,2,0,0,1,0,0,0,0,9.05246E+20,5.69235E+21,1.48072E+16,5.12382E+16
47602,47603,14,5,24,330,2016,8,16,3,3,3,6,0,0,0,1,0,0,1,0,7.47005E+20,5.62517E+21,1.24999E+16,5.07257E+16
47603,47604,14,6,12,0,2016,8,9,5,3,5,2,0,0,1,1,0,0,0,0,8.30224E+20,5.66915E+21,1.37152E+16,5.10787E+16
47604,47605,14,6,12,0,2016,7,17,6,2,6,4,0,0,0,1,1,0,0,0,8.38526E+20,5.66518E+21,1.38296E+16,5.10382E+16
47605,47606,14,7,30,170,2016,8,16,6,2,2,2,0,0,0,1,0,1,0,1,7.92403E+20,5.68916E+21,1.31931E+16,5.12786E+16
47606,47607,14,6,25,20,2016,9,2,7,2,8,1,2,1,0,1,0,0,0,0,8.78029E+20,5.68513E+21,1.44115E+16,5.11922E+16
47607,47608,14,6,28,60,2016,7,9,6,3,5,3,0,1,0,1,0,1,0,0,8.2832E+20,5.64862E+21,1.36695E+16,5.08957E+16
47608,47609,14,6,12,0,2016,7,10,5,2,4,1,0,1,0,1,0,0,0,0,8.36687E+20,5.6681E+21,1.38061E+16,5.10655E+16
47609,47610,14,6,25,150,2016,8,13,2,3,5,3,0,0,0,1,0,0,1,0,8.71873E+20,5.68524E+21,1.43239E+16,5.11972E+16
47610,47611,14,5,23,380,2016,7,16,6,2,5,3,0,0,0,1,0,1,0,0,7.46748E+20,5.60483E+21,1.24828E+16,5.05433E+16
47611,47612,14,6,28,270,2016,8,11,5,3,5,3,0,0,1,1,0,0,0,0,8.46938E+20,5.65608E+21,1.39404E+16,5.09517E+16
47612,47613,14,7,30,20,2016,8,10,2,3,4,6,0,0,0,1,0,0,0,1,7.4863E+20,5.72218E+21,1.259E+16,5.15957E+16
47613,47614,14,5,24,20,2016,9,2,6,3,3,6,2,0,0,0,0,0,1,1,7.58011E+20,5.63573E+21,1.2663E+16,5.08157E+16
47614,47615,14,7,13,0,2016,7,14,4,3,6,4,0,0,1,0,1,0,0,0,7.35082E+20,5.69024E+21,1.23735E+16,5.13148E+16
47615,47616,14,5,23,170,2016,9,12,6,2,4,2,0,0,0,1,0,1,0,0,7.36229E+20,5.60996E+21,1.23378E+16,5.05936E+16
47616,47617,14,7,29,70,2016,7,7,5,3,2,6,0,0,0,1,0,0,1,0,7.47893E+20,5.69037E+21,1.25571E+16,5.13106E+16
47617,47618,14,5,24,330,2016,9,16,2,2,8,1,0,1,0,0,0,0,0,1,7.45297E+20,5.61655E+21,1.24701E+16,5.06491E+16
47618,47619,14,6,27,10,2016,8,7,3,2,8,7,0,0,0,1,0,0,0,0,8.15246E+20,5.67499E+21,1.35071E+16,5.11394E+16
47619,47620,14,6,12,0,2016,9,13,4,3,2,6,0,0,0,1,0,0,0,0,8.33401E+20,5.66354E+21,1.37552E+16,5.10265E+16
47620,47621,14,6,28,270,2016,9,6,6,3,5,2,0,0,0,1,0,0,0,0,8.4688E+20,5.65624E+21,1.39397E+16,5.09532E+16
47621,47622,14,5,22,50,2016,8,23,6,2,9,1,2,1,0,1,0,0,0,0,8.04701E+20,5.63899E+21,1.33267E+16,5.08223E+16
47622,47623,14,7,29,410,2016,8,18,2,1,5,3,0,0,1,1,0,0,0,0,7.60489E+20,5.6961E+21,1.27416E+16,5.13563E+16
47623,47624,14,5,11,0,2016,7,14,1,2,4,3,0,0,0,1,0,0,0,0,7.64518E+20,5.63645E+21,1.27557E+16,5.08193E+16
47624,47625,14,5,23,460,2016,7,16,3,2,8,1,0,0,0,1,0,0,0,0,7.32463E+20,5.59281E+21,1.2274E+16,5.04412E+16
47625,47626,14,6,12,0,2016,9,20,6,2,5,2,2,0,0,1,0,1,0,0,8.2963E+20,5.66397E+21,1.3702E+16,5.10325E+16
47626,47627,14,6,25,120,2016,8,18,2,2,8,1,0,0,0,0,0,1,0,0,8.59098E+20,5.71969E+21,1.41765E+16,5.15139E+16
47627,47628,14,5,24,330,2016,7,19,5,3,1,6,0,0,0,1,0,0,0,1,7.46725E+20,5.62348E+21,1.24949E+16,5.07107E+16
47628,47629,14,5,24,90,2016,8,13,6,3,3,2,0,0,1,0,0,1,0,0,7.58948E+20,5.61758E+21,1.26635E+16,5.06524E+16
47629,47630,14,5,21,120,2016,8,8,4,2,5,3,0,0,0,1,0,1,0,0,7.78482E+20,5.62875E+21,1.29476E+16,5.07436E+16
47630,47631,14,7,13,0,2016,7,0,6,2,9,1,2,0,0,0,0,1,0,0,7.3559E+20,5.69341E+21,1.23829E+16,5.13431E+16
47631,47632,14,6,27,60,2016,8,21,1,2,4,6,2,0,1,0,0,0,0,0,8.16335E+20,5.69511E+21,1.35404E+16,5.13192E+16
47632,47633,14,5,11,0,2016,9,7,5,3,4,6,0,0,0,0,0,0,1,0,7.69473E+20,5.63532E+21,1.2825E+16,5.08068E+16
47633,47634,14,5,23,20,2016,9,4,1,3,9,1,2,0,0,0,0,0,0,1,7.41055E+20,5.60115E+21,1.24002E+16,5.05126E+16
47634,47635,14,6,26,290,2016,8,22,6,2,4,2,2,0,0,1,0,0,0,0,8.96434E+20,5.67604E+21,1.46636E+16,5.10984E+16
47635,47636,14,5,23,170,2016,9,4,2,3,9,1,2,1,0,1,0,0,0,0,7.39117E+20,5.60766E+21,1.23771E+16,5.05718E+16
47636,47637,14,6,12,0,2016,8,16,1,2,5,7,0,0,0,1,0,1,0,0,8.3175E+20,5.66768E+21,1.37355E+16,5.10646E+16
47637,47638,14,5,21,20,2016,9,23,3,3,8,1,2,0,0,1,0,0,0,0,7.83513E+20,5.61121E+21,1.30053E+16,5.05838E+16
47638,47639,14,6,28,360,2016,9,14,5,2,4,6,0,0,0,1,0,0,0,0,8.64575E+20,5.65569E+21,1.41901E+16,5.09373E+16
47639,47640,14,5,24,330,2016,8,6,4,3,0,1,0,0,1,0,0,0,0,0,7.44572E+20,5.62316E+21,1.24642E+16,5.07087E+16
47640,47641,14,5,11,0,2016,8,11,6,3,0,6,0,0,0,1,0,0,0,0,7.67713E+20,5.63589E+21,1.28005E+16,5.08128E+16
47641,47642,14,7,13,0,2016,7,16,3,2,3,6,0,0,0,1,0,0,1,0,7.43236E+20,5.69518E+21,1.24936E+16,5.13557E+16
47642,47643,14,6,27,150,2016,7,15,2,2,5,2,0,0,0,1,0,1,0,0,8.27203E+20,5.67795E+21,1.36802E+16,5.11592E+16
47643,47644,14,6,12,0,2016,7,8,2,3,0,3,0,0,1,0,0,0,0,0,8.31199E+20,5.6697E+21,1.37295E+16,5.1083E+16
47644,47645,14,5,22,140,2016,8,14,1,2,8,1,0,0,0,0,0,1,0,0,7.87577E+20,5.64096E+21,1.30857E+16,5.08488E+16
47645,47646,14,6,25,510,2016,7,6,1,3,8,1,0,0,0,1,0,0,0,0,8.57197E+20,5.6816E+21,1.41111E+16,5.1174E+16
47646,47647,14,6,25,230,2016,9,0,1,2,6,6,2,0,1,0,1,0,0,0,8.91733E+20,5.68209E+21,1.46033E+16,5.11558E+16
47647,47648,14,7,30,230,2016,8,7,4,3,0,7,0,0,1,0,0,0,0,0,7.8848E+20,5.69016E+21,1.31378E+16,5.12896E+16
47648,47649,14,6,28,270,2016,9,8,2,3,5,2,0,0,1,1,0,0,0,0,8.47378E+20,5.65699E+21,1.39475E+16,5.09596E+16
47649,47650,14,6,12,0,2016,8,14,4,3,5,3,0,0,1,1,0,0,0,0,8.34725E+20,5.66229E+21,1.37729E+16,5.10145E+16
47650,47651,14,7,13,0,2016,8,18,4,3,2,6,0,0,0,1,0,0,0,1,7.3929E+20,5.69513E+21,1.2437E+16,5.13569E+16
47651,47652,14,5,24,160,2016,8,17,5,2,2,6,0,0,1,1,0,0,0,0,7.56428E+20,5.62843E+21,1.26355E+16,5.07509E+16
47652,47653,14,7,29,245,2016,8,16,7,2,5,3,0,0,1,1,0,0,0,0,7.69089E+20,5.70113E+21,1.28686E+16,5.13974E+16
47653,47654,14,5,23,80,2016,9,10,1,3,8,1,0,1,0,1,0,0,0,0,7.21808E+20,5.58054E+21,1.2117E+16,5.03351E+16
47654,47655,14,7,29,320,2016,8,11,6,2,8,1,0,1,0,0,0,1,0,0,7.36396E+20,5.67386E+21,1.23815E+16,5.11673E+16
47655,47656,14,5,21,590,2016,9,6,4,2,0,7,0,0,0,0,0,1,0,0,7.65191E+20,5.61818E+21,1.27521E+16,5.0655E+16
47656,47657,14,7,30,340,2016,7,5,1,1,3,6,0,0,0,1,0,0,0,0,7.2326E+20,5.70529E+21,1.22136E+16,5.14547E+16
47657,47658,14,7,13,0,2016,8,15,3,3,4,6,0,0,1,0,0,0,0,0,7.36339E+20,5.6943E+21,1.23942E+16,5.13507E+16
47658,47659,14,5,22,260,2016,7,14,1,2,0,1,0,1,1,0,0,0,0,0,7.68646E+20,5.64453E+21,1.28201E+16,5.08898E+16
47659,47660,14,7,29,190,2016,9,21,6,3,3,6,2,0,0,1,0,0,0,0,7.39125E+20,5.68324E+21,1.24267E+16,5.12503E+16
47660,47661,14,7,13,0,2016,9,17,7,3,3,6,0,0,0,1,0,0,0,0,7.34322E+20,5.69336E+21,1.23647E+16,5.13431E+16
47661,47662,14,6,25,490,2016,7,16,6,3,5,3,0,0,1,1,0,0,0,0,8.76957E+20,5.69229E+21,1.44037E+16,5.1257E+16
47662,47663,14,6,25,340,2016,7,3,7,3,7,7,1,0,1,0,0,0,0,0,8.86044E+20,5.68863E+21,1.45294E+16,5.12182E+16
47663,47664,14,5,24,120,2016,7,15,4,3,9,1,0,1,0,1,0,0,0,0,7.58372E+20,5.63563E+21,1.2668E+16,5.08146E+16
47664,47665,14,5,24,30,2016,9,12,4,3,6,4,0,0,0,1,1,0,0,0,7.38493E+20,5.63522E+21,1.23861E+16,5.08195E+16
47665,47666,14,6,27,100,2016,8,21,3,2,8,1,2,0,0,0,0,1,0,0,8.12039E+20,5.66924E+21,1.34565E+16,5.10896E+16
47666,47667,14,7,29,430,2016,7,8,2,3,5,3,0,0,0,1,0,0,0,0,7.30796E+20,5.67647E+21,1.23032E+16,5.11929E+16
47667,47668,14,5,22,180,2016,7,6,6,3,5,2,0,1,1,0,0,0,1,0,8.04899E+20,5.65012E+21,1.33387E+16,5.0922E+16
47668,47669,14,6,27,180,2016,8,2,6,3,9,1,2,0,0,1,0,0,0,0,8.0424E+20,5.66523E+21,1.33421E+16,5.10578E+16
47669,47670,14,5,22,210,2016,9,11,7,3,8,1,0,1,0,1,0,0,0,0,7.99978E+20,5.65667E+21,1.32743E+16,5.09833E+16
47670,47671,14,7,30,340,2016,8,4,3,3,8,1,2,0,0,1,0,0,0,0,7.2333E+20,5.70546E+21,1.22147E+16,5.14562E+16
47671,47672,14,5,24,330,2016,8,21,4,3,3,6,2,0,0,1,0,1,0,0,7.46299E+20,5.63077E+21,1.24937E+16,5.07763E+16
47672,47673,14,7,13,0,2016,7,13,7,3,5,3,0,0,1,1,0,0,0,0,7.27928E+20,5.69023E+21,1.2271E+16,5.13176E+16
47673,47674,14,6,28,270,2016,7,19,5,3,2,6,0,1,0,1,0,0,0,0,8.45185E+20,5.65654E+21,1.3916E+16,5.09569E+16
47674,47675,14,6,27,30,2016,8,16,2,3,5,2,0,0,0,1,0,1,0,0,8.25765E+20,5.68584E+21,1.36668E+16,5.12307E+16
47675,47676,14,7,30,150,2016,9,12,5,3,2,6,0,0,0,1,0,0,0,0,7.42849E+20,5.70622E+21,1.24957E+16,5.1455E+16
47676,47677,14,5,11,0,2016,7,6,4,2,2,7,0,0,0,1,0,0,0,1,7.71334E+20,5.63535E+21,1.28514E+16,5.08063E+16
47677,47678,14,7,30,340,2016,9,13,6,1,2,2,0,0,0,1,0,0,1,0,7.23726E+20,5.70648E+21,1.22211E+16,5.14652E+16
47678,47679,14,6,26,420,2016,9,18,2,2,8,1,1,0,0,1,0,0,0,0,9.16094E+20,5.66995E+21,1.49359E+16,5.103E+16
47679,47680,14,7,30,340,2016,8,7,2,3,5,3,0,0,0,1,0,0,0,0,7.27044E+20,5.7098E+21,1.22709E+16,5.14937E+16
47680,47681,14,7,29,30,2016,9,8,6,3,2,2,0,0,0,1,0,0,0,0,7.5752E+20,5.69663E+21,1.26994E+16,5.13624E+16
47681,47682,14,6,27,20,2016,9,11,1,3,3,6,0,0,1,1,0,0,0,0,8.07013E+20,5.68087E+21,1.33948E+16,5.11966E+16
47682,47683,14,6,25,420,2016,7,14,6,3,5,3,0,0,0,1,0,0,0,0,8.58169E+20,5.70192E+21,1.41452E+16,5.13554E+16
47683,47684,14,5,24,330,2016,7,16,7,3,5,3,0,0,0,1,0,1,0,0,7.46547E+20,5.62399E+21,1.24927E+16,5.07154E+16
47684,47685,14,6,12,0,2016,7,19,4,3,5,3,0,1,0,1,0,0,0,0,8.38603E+20,5.66754E+21,1.38329E+16,5.10593E+16
47685,47686,14,5,22,150,2016,9,15,5,2,2,6,0,0,0,1,0,0,0,0,7.84136E+20,5.64908E+21,1.30433E+16,5.09233E+16
47686,47687,14,6,26,110,2016,8,9,3,3,3,2,0,0,1,1,0,0,0,0,9.17439E+20,5.68362E+21,1.49707E+16,5.11513E+16
47687,47688,14,7,30,340,2016,7,14,2,3,5,3,0,0,0,1,0,0,0,0,7.22848E+20,5.70972E+21,1.22105E+16,5.14946E+16
47688,47689,14,5,21,440,2016,7,13,6,3,4,1,0,0,0,0,0,1,0,0,7.77248E+20,5.59381E+21,1.29041E+16,5.04308E+16
47689,47690,14,6,25,290,2016,8,15,6,2,8,1,0,0,0,0,0,1,0,0,8.82466E+20,5.67993E+21,1.44692E+16,5.11427E+16
47690,47691,14,6,28,60,2016,9,14,7,3,8,1,0,1,0,1,0,0,0,0,8.30265E+20,5.65036E+21,1.36987E+16,5.09102E+16
47691,47692,14,5,23,360,2016,7,12,5,3,4,6,0,1,0,1,0,0,0,0,7.42707E+20,5.60446E+21,1.24256E+16,5.05417E+16
47692,47693,14,5,21,20,2016,7,15,5,3,4,1,0,1,0,1,0,0,0,0,7.82776E+20,5.60798E+21,1.29925E+16,5.05552E+16
47693,47694,14,5,11,0,2016,8,15,2,3,2,6,0,0,0,1,0,0,0,0,7.7622E+20,5.63439E+21,1.29199E+16,5.07953E+16
47694,47695,14,6,12,0,2016,8,15,5,3,2,6,0,0,0,1,0,0,0,1,8.31091E+20,5.66674E+21,1.37253E+16,5.10565E+16
47695,47696,14,7,29,190,2016,8,9,2,3,5,3,0,0,0,1,0,0,0,0,7.44132E+20,5.68596E+21,1.25002E+16,5.12726E+16
47696,47697,14,5,24,330,2016,9,21,5,3,3,6,2,0,1,1,0,0,0,0,7.42388E+20,5.62851E+21,1.24369E+16,5.07576E+16
47697,47698,14,6,25,20,2016,7,10,4,3,5,3,0,0,1,1,0,0,0,0,8.82272E+20,5.68758E+21,1.44745E+16,5.12113E+16
47698,47699,14,7,13,0,2016,9,12,6,3,5,3,0,0,1,1,0,0,0,0,7.36065E+20,5.69382E+21,1.23899E+16,5.13466E+16
47699,47700,14,6,12,0,2016,7,5,5,3,8,7,1,0,0,0,0,0,0,1,8.28505E+20,5.66777E+21,1.36895E+16,5.10672E+16
47700,47701,14,7,13,0,2016,9,7,2,3,5,3,1,1,1,1,0,0,0,0,7.37392E+20,5.69027E+21,1.24066E+16,5.13141E+16
47701,47702,14,5,22,490,2016,8,13,3,3,2,6,0,0,0,1,0,0,0,1,7.63293E+20,5.65982E+21,1.27552E+16,5.10295E+16
47702,47703,14,5,22,80,2016,9,12,4,3,4,6,0,0,0,1,0,0,1,0,7.87708E+20,5.67423E+21,1.31139E+16,5.1147E+16
47703,47704,14,6,12,0,2016,9,12,6,3,5,2,0,0,1,1,0,0,0,0,8.33419E+20,5.66353E+21,1.37555E+16,5.10264E+16
47704,47705,14,5,22,380,2016,8,9,6,2,8,1,0,0,0,1,0,0,0,0,7.64905E+20,5.64711E+21,1.27689E+16,5.09148E+16
47705,47706,14,6,26,330,2016,7,13,3,2,5,3,0,0,0,1,0,0,1,0,9.16442E+20,5.69391E+21,1.49685E+16,5.12441E+16
47706,47707,14,5,22,180,2016,9,10,6,3,5,3,0,0,0,1,0,0,0,0,8.06228E+20,5.64957E+21,1.33572E+16,5.09164E+16
47707,47708,14,6,27,140,2016,8,10,2,2,5,3,0,0,0,0,0,1,1,0,8.13471E+20,5.67806E+21,1.34845E+16,5.11679E+16
47708,47709,14,5,24,160,2016,7,14,5,3,0,6,0,0,1,1,0,0,0,0,7.56372E+20,5.62855E+21,1.26348E+16,5.07521E+16
47709,47710,14,7,29,70,2016,8,16,6,3,1,6,0,0,0,1,0,0,0,0,7.47592E+20,5.69038E+21,1.25528E+16,5.13107E+16
47710,47711,14,5,11,0,2016,8,10,4,3,5,3,0,0,1,1,0,0,0,0,7.75996E+20,5.63824E+21,1.29196E+16,5.083E+16
47711,47712,14,6,28,270,2016,7,15,6,2,5,3,0,0,0,1,0,0,0,0,8.46856E+20,5.65676E+21,1.39399E+16,5.09578E+16
47712,47713,14,5,21,640,2016,8,16,1,3,2,2,0,0,0,1,0,1,0,0,7.77227E+20,5.61853E+21,1.29222E+16,5.06525E+16
47713,47714,14,5,23,160,2016,8,10,4,3,0,5,0,0,0,1,0,0,0,0,7.44749E+20,5.58395E+21,1.2441E+16,5.03566E+16
47714,47715,14,7,30,230,2016,9,18,1,3,5,3,0,1,0,1,0,1,0,0,7.85215E+20,5.69063E+21,1.30914E+16,5.12954E+16
47715,47716,14,6,25,190,2016,8,19,6,3,4,2,0,0,0,1,0,0,0,0,8.80622E+20,5.67826E+21,1.44411E+16,5.1129E+16
47716,47717,14,6,12,0,2016,8,7,2,3,3,6,0,0,0,1,0,0,0,0,8.31947E+20,5.66874E+21,1.37393E+16,5.10739E+16
47717,47718,14,7,29,300,2016,9,6,2,3,5,3,0,1,0,1,0,1,0,0,7.4552E+20,5.68472E+21,1.25192E+16,5.12608E+16
47718,47719,14,5,11,0,2016,8,17,1,3,5,3,0,0,1,1,0,0,0,0,7.8271E+20,5.64026E+21,1.30162E+16,5.08448E+16
47719,47720,14,5,21,450,2016,9,17,5,3,4,7,0,0,1,1,0,0,0,0,7.63143E+20,5.62575E+21,1.27285E+16,5.07238E+16
47720,47721,14,5,24,180,2016,8,1,4,3,0,7,2,0,0,0,0,0,0,1,7.60748E+20,5.64127E+21,1.27057E+16,5.08642E+16
47721,47722,14,7,29,400,2016,8,9,6,2,8,1,0,1,0,1,1,0,0,0,7.6216E+20,5.68853E+21,1.276E+16,5.12877E+16
47722,47723,14,6,12,0,2016,7,18,3,3,5,3,0,0,1,1,0,0,0,0,8.42627E+20,5.66512E+21,1.38878E+16,5.10352E+16
47723,47724,14,6,12,0,2016,7,9,2,2,0,1,0,0,1,0,0,0,0,0,8.34588E+20,5.66818E+21,1.37764E+16,5.10674E+16
47724,47725,14,7,30,270,2016,8,14,7,3,4,2,0,0,0,1,0,0,0,0,7.28402E+20,5.70163E+21,1.22851E+16,5.14198E+16
47725,47726,14,6,12,0,2016,7,10,1,3,0,7,0,0,1,0,0,0,0,0,8.32221E+20,5.66375E+21,1.37386E+16,5.10291E+16
47726,47727,14,5,21,250,2016,9,23,1,3,8,6,2,1,0,1,0,0,0,0,7.92349E+20,5.6178E+21,1.3135E+16,5.06386E+16
47727,47728,14,6,25,20,2016,8,18,4,3,2,6,0,0,0,1,0,0,0,0,8.78123E+20,5.68478E+21,1.44124E+16,5.1189E+16
47728,47729,14,6,12,0,2016,9,9,2,2,2,6,0,0,0,0,0,0,1,0,8.23781E+20,5.66741E+21,1.36219E+16,5.10667E+16
47729,47730,14,7,13,0,2016,8,6,3,3,2,6,0,0,0,1,0,0,0,1,7.34041E+20,5.70082E+21,1.23656E+16,5.14103E+16
47730,47731,14,5,22,200,2016,8,15,4,3,1,6,0,0,0,1,0,0,0,0,8.04339E+20,5.63617E+21,1.33192E+16,5.07972E+16
47731,47732,14,6,26,290,2016,8,14,4,3,1,7,0,0,1,1,0,0,0,0,8.96532E+20,5.67602E+21,1.4665E+16,5.10981E+16
47732,47733,14,7,30,270,2016,8,6,5,3,4,2,0,0,0,1,0,1,0,0,7.28402E+20,5.70163E+21,1.22851E+16,5.14198E+16
47733,47734,14,6,27,10,2016,8,13,7,3,5,3,0,0,1,1,0,0,0,0,8.20259E+20,5.67452E+21,1.35781E+16,5.11324E+16
47734,47735,14,6,27,290,2016,9,13,1,3,8,1,0,1,0,1,0,0,0,0,8.33624E+20,5.69504E+21,1.37876E+16,5.13087E+16
47735,47736,14,5,24,130,2016,9,15,3,2,8,1,0,0,0,1,0,0,0,0,7.4974E+20,5.61536E+21,1.2532E+16,5.06365E+16
47736,47737,14,6,25,330,2016,7,1,1,2,1,1,2,0,0,1,0,0,0,0,8.73296E+20,5.71101E+21,1.43711E+16,5.14271E+16
47737,47738,14,6,25,240,2016,7,13,6,3,4,2,0,0,0,1,0,0,1,0,8.64112E+20,5.71037E+21,1.42389E+16,5.14272E+16
47738,47739,14,7,30,250,2016,7,22,7,3,4,6,2,0,1,0,0,0,0,0,7.3321E+20,5.70329E+21,1.23552E+16,5.14327E+16
47739,47740,14,5,22,590,2016,8,9,6,3,5,2,0,0,0,1,0,1,0,0,8.09639E+20,5.64475E+21,1.34014E+16,5.08713E+16
47740,47741,14,6,25,310,2016,9,18,6,2,8,7,0,0,0,0,0,1,0,0,8.53775E+20,5.71038E+21,1.40908E+16,5.14339E+16
47741,47742,14,6,28,30,2016,9,23,7,2,0,1,2,0,1,0,0,0,0,0,8.61668E+20,5.65352E+21,1.41467E+16,5.09197E+16
47742,47743,14,6,12,0,2016,7,9,6,3,3,2,0,0,1,1,0,0,0,0,8.35211E+20,5.674E+21,1.37906E+16,5.11192E+16
47743,47744,14,7,29,320,2016,9,14,3,2,5,3,0,0,0,1,0,0,0,0,7.38724E+20,5.67208E+21,1.24136E+16,5.11503E+16
47744,47745,14,7,30,20,2016,7,8,4,3,5,3,0,0,1,1,0,0,0,0,7.48104E+20,5.72181E+21,1.25821E+16,5.15926E+16
47745,47746,14,7,13,0,2016,7,19,3,3,3,6,0,0,1,0,0,0,0,0,7.36282E+20,5.69364E+21,1.23929E+16,5.13449E+16
47746,47747,14,5,24,330,2016,9,19,4,3,3,2,2,0,1,1,0,0,0,0,7.4637E+20,5.62184E+21,1.24888E+16,5.06961E+16
47747,47748,14,6,12,0,2016,8,7,3,3,5,3,0,0,1,1,0,0,0,0,8.32951E+20,5.66366E+21,1.37489E+16,5.10278E+16
47748,47749,14,6,12,0,2016,7,16,2,3,2,2,0,0,1,1,0,0,0,0,8.37044E+20,5.67017E+21,1.38132E+16,5.10838E+16
47749,47750,14,6,26,85,2016,7,15,5,3,5,3,0,0,1,1,0,0,0,0,8.91977E+20,5.66564E+21,1.4589E+16,5.10084E+16
47750,47751,14,6,12,0,2016,8,19,6,3,8,1,0,0,1,0,0,0,0,0,8.37478E+20,5.66704E+21,1.38164E+16,5.10555E+16
47751,47752,14,7,30,330,2016,9,21,6,3,0,1,2,1,1,0,0,0,0,0,7.75838E+20,5.69429E+21,1.29601E+16,5.13329E+16
47752,47753,14,6,28,270,2016,8,14,3,3,2,6,0,1,0,1,0,0,0,0,8.46475E+20,5.65648E+21,1.39342E+16,5.09555E+16
47753,47754,14,5,24,300,2016,8,12,4,3,2,6,0,0,0,1,0,0,0,0,7.39039E+20,5.62354E+21,1.23862E+16,5.07145E+16
47754,47755,14,6,27,60,2016,7,7,7,3,5,3,0,0,1,1,0,0,0,0,8.15902E+20,5.69141E+21,1.35309E+16,5.12862E+16
47755,47756,14,6,12,0,2016,7,9,5,3,2,6,0,0,0,1,0,0,0,0,8.31665E+20,5.66382E+21,1.37308E+16,5.103E+16
47756,47757,14,5,21,160,2016,8,3,2,3,0,7,2,1,0,1,0,0,0,0,7.79269E+20,5.6157E+21,1.29489E+16,5.06261E+16
47757,47758,14,7,13,0,2016,7,7,7,3,5,3,0,0,0,1,0,0,0,0,7.36545E+20,5.69028E+21,1.23945E+16,5.13145E+16
47758,47759,14,7,13,0,2016,9,7,5,3,5,3,0,0,0,1,0,1,0,0,7.39638E+20,5.69446E+21,1.24416E+16,5.13508E+16
47759,47760,14,6,25,525,2016,9,15,2,3,2,2,0,0,0,1,0,0,0,0,8.81139E+20,5.67549E+21,1.44456E+16,5.11039E+16
47760,47761,14,5,24,20,2016,7,17,5,2,0,6,0,0,0,1,0,0,0,0,7.51485E+20,5.63856E+21,1.25725E+16,5.0844E+16
47761,47762,14,6,27,100,2016,8,10,2,3,2,6,0,0,0,1,0,0,0,0,8.13226E+20,5.67354E+21,1.34771E+16,5.11275E+16
47762,47763,14,7,30,45,2016,9,15,3,2,5,3,0,0,0,1,0,0,0,1,7.83309E+20,5.71202E+21,1.30812E+16,5.14882E+16
47763,47764,14,5,22,590,2016,9,17,6,3,2,2,0,0,0,1,0,0,0,0,8.11275E+20,5.64376E+21,1.34238E+16,5.08616E+16
47764,47765,14,7,13,0,2016,8,19,5,3,1,5,0,0,1,1,0,0,0,0,7.35417E+20,5.69352E+21,1.23805E+16,5.13441E+16
47765,47766,14,6,25,250,2016,9,14,5,3,2,6,0,0,0,1,0,0,0,0,8.55308E+20,5.69273E+21,1.40952E+16,5.12748E+16
47766,47767,14,5,22,540,2016,8,21,2,3,8,7,2,0,0,1,0,0,0,0,7.95298E+20,5.66275E+21,1.32128E+16,5.10403E+16
47767,47768,14,7,13,0,2016,7,4,5,2,5,3,2,0,1,1,0,0,0,0,7.35179E+20,5.69355E+21,1.23771E+16,5.13445E+16
47768,47769,14,7,13,0,2016,8,18,5,2,0,1,0,1,0,0,0,1,0,0,7.3681E+20,5.69444E+21,1.2401E+16,5.13518E+16
47769,47770,14,5,24,200,2016,8,6,3,2,4,1,0,0,0,1,0,0,0,0,7.50795E+20,5.62648E+21,1.25544E+16,5.07359E+16
47770,47771,14,7,29,250,2016,8,13,7,2,5,3,0,0,0,1,0,1,0,0,7.50383E+20,5.69592E+21,1.25966E+16,5.13593E+16
47771,47772,14,7,29,160,2016,8,9,4,3,2,1,0,0,0,0,0,0,1,0,7.70129E+20,5.68352E+21,1.28702E+16,5.1239E+16
47772,47773,14,6,12,0,2016,8,19,6,3,5,2,0,0,0,1,0,0,0,0,8.27778E+20,5.66728E+21,1.36787E+16,5.10632E+16
47773,47774,14,5,24,20,2016,8,4,1,3,8,1,2,0,0,1,0,0,0,0,7.61049E+20,5.6378E+21,1.27075E+16,5.0833E+16
47774,47775,14,6,27,60,2016,9,7,2,3,0,1,0,1,0,0,0,1,0,0,8.12761E+20,5.69496E+21,1.34891E+16,5.13198E+16
47775,47776,14,6,28,370,2016,8,22,7,2,0,7,2,0,0,0,0,1,0,0,8.52114E+20,5.65849E+21,1.40161E+16,5.09701E+16