FID,OBJECTID,ULAND,UREGBEZ,UKREIS,UGEMEINDE,UJAHR,UMONAT,USTUNDE,UWOCHENTAG,UKATEGORIE,UART,UTYP1,ULICHTVERH,IstStrasse,IstRad,IstPKW,IstFuss,IstKrad,IstGkfz,IstSonstig,LINREFX,LINREFY,XGCSWGS84,YGCSWGS84
47776,47777,14,7,13,0,2016,9,22,4,3,2,6,2,0,0,1,0,0,0,0,7.35606E+20,5.69341E+21,1.23831E+16,5.1343E+16
47777,47778,14,6,28,20,2016,8,7,4,3,4,6,0,0,0,1,0,1,0,0,8.48468E+20,5.64749E+21,1.39539E+16,5.08738E+16
47778,47779,14,6,12,0,2016,8,9,6,2,5,3,0,0,0,1,0,0,0,0,8.25631E+20,5.66939E+21,1.365E+16,5.10834E+16
47779,47780,14,6,12,0,2016,8,13,7,3,5,3,0,0,0,1,0,0,0,0,8.32627E+20,5.66627E+21,1.37467E+16,5.10514E+16
47780,47781,14,6,25,10,2016,9,18,7,3,5,3,0,0,1,1,0,0,0,0,8.50034E+20,5.67222E+21,1.39999E+16,5.10943E+16
47781,47782,14,5,23,270,2016,8,11,3,2,2,1,0,1,0,1,0,0,1,1,7.26151E+20,5.59785E+21,1.21883E+16,5.04889E+16
47782,47783,14,5,23,270,2016,9,13,1,3,3,6,0,0,0,1,0,0,0,0,7.28969E+20,5.60125E+21,1.22301E+16,5.05184E+16
47783,47784,14,5,24,300,2016,9,9,3,3,5,3,0,0,0,1,0,1,0,0,7.36892E+20,5.62905E+21,1.23594E+16,5.07648E+16
47784,47785,14,6,12,0,2016,9,16,6,3,2,6,0,0,0,1,0,0,0,0,8.27592E+20,5.66851E+21,1.36771E+16,5.10744E+16
47785,47786,14,5,24,250,2016,8,14,5,3,2,2,0,0,0,1,0,0,0,0,7.49294E+20,5.62205E+21,1.25302E+16,5.06968E+16
47786,47787,14,5,22,140,2016,7,17,3,2,8,1,0,0,0,0,0,1,0,0,7.84784E+20,5.64316E+21,1.30479E+16,5.08699E+16
47787,47788,14,5,24,330,2016,9,15,5,3,2,6,0,0,0,1,0,1,0,0,7.45304E+20,5.62353E+21,1.24748E+16,5.07118E+16
47788,47789,14,6,12,0,2016,8,9,2,3,5,3,0,0,1,1,0,0,0,0,8.30929E+20,5.6651E+21,1.37215E+16,5.10419E+16
47789,47790,14,7,13,0,2016,7,8,5,3,5,2,0,0,0,1,0,0,0,0,7.2775E+20,5.69017E+21,1.22684E+16,5.13172E+16
47790,47791,14,7,13,0,2016,8,18,6,2,4,6,0,0,1,0,0,0,0,0,7.3661E+20,5.69456E+21,1.23983E+16,5.13529E+16
47791,47792,14,5,24,330,2016,8,15,3,3,0,6,0,0,0,0,0,1,0,0,7.45871E+20,5.62767E+21,1.24856E+16,5.07486E+16
47792,47793,14,6,27,100,2016,7,15,6,3,3,6,0,0,0,1,0,0,0,0,8.11223E+20,5.66572E+21,1.34418E+16,5.10585E+16
47793,47794,14,5,23,300,2016,8,15,7,3,0,1,0,0,0,0,0,1,0,0,7.19605E+20,5.59088E+21,1.20921E+16,5.04289E+16
47794,47795,14,7,30,340,2016,8,16,4,3,2,6,0,0,0,1,0,1,0,0,7.27257E+20,5.70937E+21,1.22737E+16,5.14897E+16
47795,47796,14,6,25,200,2016,8,17,6,3,2,6,0,0,0,1,0,0,0,0,8.51182E+20,5.67945E+21,1.40233E+16,5.11584E+16
47796,47797,14,5,11,0,2016,8,16,2,3,5,3,0,0,0,1,0,0,0,0,7.768E+20,5.63066E+21,1.29253E+16,5.07616E+16
47797,47798,14,6,25,525,2016,9,13,2,3,2,6,0,0,0,1,0,0,0,0,8.80177E+20,5.67464E+21,1.4431E+16,5.10969E+16
47798,47799,14,7,13,0,2016,8,17,7,3,3,6,0,0,0,1,0,0,0,0,7.3081E+20,5.68298E+21,1.23076E+16,5.12514E+16
47799,47800,14,5,24,260,2016,9,14,4,2,9,1,0,0,0,1,0,0,0,0,7.48525E+20,5.63982E+21,1.25314E+16,5.08566E+16
47800,47801,14,7,29,160,2016,8,16,4,3,5,3,0,0,0,1,0,0,0,0,7.59876E+20,5.68297E+21,1.27232E+16,5.12388E+16
47801,47802,14,6,26,110,2016,8,6,6,3,9,1,1,1,0,1,0,0,0,0,9.19274E+20,5.68723E+21,1.5001E+16,5.11822E+16
47802,47803,14,5,24,330,2016,7,9,2,2,6,4,0,0,0,1,1,0,0,0,7.451E+20,5.62449E+21,1.24726E+16,5.07204E+16
47803,47804,14,6,25,20,2016,8,14,7,3,3,2,0,0,1,1,0,0,0,0,8.81258E+20,5.68373E+21,1.4456E+16,5.11776E+16
47804,47805,14,5,22,140,2016,7,17,1,2,8,1,0,0,0,0,0,1,0,0,7.90676E+20,5.64234E+21,1.31307E+16,5.08595E+16
47805,47806,14,5,21,460,2016,9,5,1,2,8,1,1,0,0,1,0,0,0,0,8.03101E+20,5.61963E+21,1.32881E+16,5.06495E+16
47806,47807,14,5,21,30,2016,8,18,4,2,5,3,0,0,0,1,0,1,0,0,7.61915E+20,5.61011E+21,1.27001E+16,5.0584E+16
47807,47808,14,5,24,110,2016,9,15,1,3,2,6,0,0,0,1,0,0,0,0,7.43452E+20,5.61516E+21,1.24431E+16,5.06374E+16
47808,47809,14,6,26,460,2016,8,15,3,2,2,6,0,1,0,1,0,0,0,0,9.02362E+20,5.71206E+21,1.47883E+16,5.14166E+16
47809,47810,14,5,21,495,2016,8,14,4,3,3,2,0,0,0,1,0,0,0,1,8.01294E+20,5.62466E+21,1.32667E+16,5.06956E+16
47810,47811,14,6,27,220,2016,8,9,4,3,2,2,0,0,0,1,0,0,1,0,8.29628E+20,5.68423E+21,1.37205E+16,5.12141E+16
47811,47812,14,6,26,60,2016,8,17,5,2,5,3,0,0,0,1,0,0,0,0,8.85264E+20,5.71167E+21,1.45432E+16,5.14249E+16
47812,47813,14,6,12,0,2016,8,15,7,3,2,6,0,0,0,1,0,0,0,0,8.32893E+20,5.66758E+21,1.37517E+16,5.1063E+16
47813,47814,14,5,21,400,2016,9,18,1,3,8,1,0,1,0,1,0,0,0,0,7.8654E+20,5.61312E+21,1.30494E+16,5.05995E+16
47814,47815,14,5,11,0,2016,8,7,3,3,2,2,0,0,0,1,0,0,0,0,7.69151E+20,5.63791E+21,1.28224E+16,5.08302E+16
47815,47816,14,7,29,170,2016,9,22,3,2,8,1,2,0,0,1,0,0,0,0,7.29916E+20,5.67265E+21,1.22882E+16,5.1159E+16
47816,47817,14,6,26,610,2016,7,13,6,2,5,3,0,0,0,1,0,1,0,0,9.10874E+20,5.6627E+21,1.48537E+16,5.09689E+16
47817,47818,14,6,25,200,2016,7,15,7,2,8,1,0,0,0,1,0,0,0,1,8.50518E+20,5.67911E+21,1.40135E+16,5.11558E+16
47818,47819,14,5,24,320,2016,8,15,5,2,6,4,0,0,0,1,1,0,0,0,7.48717E+20,5.61925E+21,1.25202E+16,5.06719E+16
47819,47820,14,6,12,0,2016,8,20,3,3,5,2,1,0,1,1,0,0,0,0,8.31512E+20,5.67159E+21,1.37357E+16,5.10997E+16
47820,47821,14,6,28,160,2016,9,17,6,3,2,6,0,0,0,1,0,1,0,0,8.42247E+20,5.65769E+21,1.38754E+16,5.09689E+16
47821,47822,14,6,28,110,2016,9,10,7,3,5,3,0,0,1,1,0,0,0,0,8.26261E+20,5.66024E+21,1.36508E+16,5.1001E+16
47822,47823,14,6,12,0,2016,7,8,6,2,4,1,0,1,0,1,0,0,0,0,8.3864E+20,5.67078E+21,1.38364E+16,5.10883E+16
47823,47824,14,6,12,0,2016,9,11,3,3,6,4,0,0,0,0,1,0,0,1,8.30135E+20,5.66931E+21,1.37141E+16,5.10801E+16
47824,47825,14,6,26,180,2016,7,9,4,2,2,6,0,0,0,1,0,0,0,0,9.05958E+20,5.66332E+21,1.47847E+16,5.0978E+16
47825,47826,14,6,25,600,2016,7,16,3,3,2,6,0,0,0,1,0,0,0,1,8.40665E+20,5.67946E+21,1.38734E+16,5.11649E+16
47826,47827,14,7,13,0,2016,9,15,4,3,1,6,0,0,0,1,0,0,0,1,7.36425E+20,5.69654E+21,1.23969E+16,5.13708E+16
47827,47828,14,6,12,0,2016,8,7,3,3,5,2,0,0,1,0,0,0,0,1,8.37978E+20,5.66732E+21,1.38238E+16,5.10577E+16
47828,47829,14,7,29,410,2016,7,16,1,2,4,6,0,0,0,1,0,1,0,0,7.65089E+20,5.69295E+21,1.28052E+16,5.13259E+16
47829,47830,14,5,21,690,2016,8,6,6,2,4,6,0,0,0,1,0,0,0,0,7.8798E+20,5.63139E+21,1.3084E+16,5.07626E+16
47830,47831,14,7,13,0,2016,9,15,6,3,2,6,0,0,0,1,0,0,0,0,7.43114E+20,5.6951E+21,1.24919E+16,5.13551E+16
47831,47832,14,6,12,0,2016,8,15,3,3,6,4,0,0,0,0,1,0,0,1,8.32599E+20,5.66762E+21,1.37476E+16,5.10636E+16
47832,47833,14,6,26,280,2016,8,7,4,3,0,7,0,0,0,1,0,1,0,0,8.98964E+20,5.65821E+21,1.468E+16,5.09372E+16
47833,47834,14,6,27,180,2016,7,12,7,3,2,6,0,0,0,1,0,0,1,0,8.02299E+20,5.66278E+21,1.33124E+16,5.10369E+16
47834,47835,14,5,24,180,2016,7,16,5,3,5,2,0,1,0,1,0,0,0,0,7.67656E+20,5.64188E+21,1.28041E+16,5.08666E+16
47835,47836,14,5,23,370,2016,8,14,1,3,4,6,0,0,0,1,0,0,0,0,7.4026E+20,5.58691E+21,1.23799E+16,5.03851E+16
47836,47837,14,6,25,490,2016,7,11,7,2,5,3,0,0,0,1,0,0,0,0,8.78605E+20,5.69236E+21,1.44273E+16,5.12565E+16
47837,47838,14,6,28,100,2016,9,13,5,2,9,1,0,0,0,1,0,0,0,0,8.50352E+20,5.66769E+21,1.4E+16,5.10536E+16
47838,47839,14,6,12,0,2016,9,9,2,3,2,6,0,1,0,1,0,0,0,0,8.30358E+20,5.67467E+21,1.37221E+16,5.1128E+16
47839,47840,14,5,21,420,2016,7,9,5,2,2,3,0,0,0,1,0,0,1,0,7.66714E+20,5.62669E+21,1.27797E+16,5.07307E+16
47840,47841,14,6,12,0,2016,8,14,2,2,6,2,0,0,0,0,1,0,0,1,8.31225E+20,5.66691E+21,1.37274E+16,5.1058E+16
47841,47842,14,6,25,525,2016,9,13,3,2,5,3,0,0,1,1,0,0,0,0,8.81956E+20,5.67313E+21,1.44547E+16,5.10822E+16
47842,47843,14,5,23,80,2016,9,16,5,2,9,7,0,0,0,1,0,0,0,0,7.24823E+20,5.58215E+21,1.21602E+16,5.03485E+16
47843,47844,14,6,25,20,2016,8,12,5,2,0,2,0,0,1,1,0,0,0,0,8.76954E+20,5.68365E+21,1.43946E+16,5.11796E+16
47844,47845,14,5,11,0,2016,7,17,3,3,5,3,0,0,0,1,0,1,0,0,7.77707E+20,5.64078E+21,1.29457E+16,5.08519E+16
47845,47846,14,6,28,410,2016,9,13,5,2,2,6,0,0,0,1,0,0,1,0,8.17096E+20,5.66638E+21,1.35259E+16,5.10612E+16
47846,47847,14,7,13,0,2016,8,11,1,3,5,2,0,0,1,1,0,0,0,0,7.32793E+20,5.69686E+21,1.2345E+16,5.13752E+16
47847,47848,14,7,30,270,2016,8,11,5,2,4,1,0,0,0,1,0,0,0,0,7.23448E+20,5.69225E+21,1.22081E+16,5.13375E+16
47848,47849,14,6,28,390,2016,8,17,7,2,9,1,0,0,0,0,0,1,0,0,8.50731E+20,5.65507E+21,1.39932E+16,5.09403E+16
47849,47850,14,6,26,250,2016,8,13,4,3,2,2,0,0,0,1,0,1,0,0,8.94519E+20,5.72368E+21,1.4689E+16,5.1526E+16
47850,47851,14,6,12,0,2016,8,17,5,3,5,3,0,0,1,1,0,0,0,0,8.39099E+20,5.66789E+21,1.38402E+16,5.10622E+16
47851,47852,14,6,28,410,2016,8,14,6,3,2,6,0,0,0,1,0,1,0,0,8.14721E+20,5.66606E+21,1.34919E+16,5.10596E+16
47852,47853,14,6,28,410,2016,8,17,1,2,2,6,0,0,0,1,0,0,0,0,8.14525E+20,5.66605E+21,1.34891E+16,5.10596E+16
47853,47854,14,6,28,410,2016,9,12,2,2,3,6,0,0,0,1,0,0,1,0,8.15283E+20,5.66617E+21,1.35E+16,5.10603E+16
47854,47855,14,6,12,0,2016,8,1,7,2,9,1,2,1,0,1,0,0,0,0,8.31979E+20,5.67339E+21,1.3744E+16,5.11156E+16
47855,47856,14,7,30,270,2016,9,10,4,3,2,1,0,0,0,1,0,0,0,1,7.26228E+20,5.6997E+21,1.22527E+16,5.14033E+16
47856,47857,14,6,27,60,2016,8,16,4,3,5,3,0,1,0,1,0,0,0,0,8.1388E+20,5.69016E+21,1.35009E+16,5.12761E+16
47857,47858,14,5,22,460,2016,8,8,6,3,8,1,0,1,0,1,0,0,0,0,7.60098E+20,5.65631E+21,1.27072E+16,5.09995E+16
47858,47859,14,6,27,210,2016,9,9,7,3,8,1,0,0,0,0,0,1,0,0,8.21363E+20,5.67339E+21,1.35929E+16,5.11216E+16
47859,47860,14,7,13,0,2016,9,14,1,3,3,2,0,0,1,1,0,0,0,0,7.36162E+20,5.69392E+21,1.23914E+16,5.13474E+16
47860,47861,14,6,28,260,2016,7,17,1,3,5,3,0,0,0,1,0,1,0,0,8.63384E+20,5.66523E+21,1.41828E+16,5.10235E+16
47861,47862,14,7,30,230,2016,7,15,4,2,0,1,0,1,0,0,0,1,0,0,7.85579E+20,5.69147E+21,1.30973E+16,5.13028E+16
47862,47863,14,6,12,0,2016,9,18,5,3,2,6,0,0,0,1,0,1,0,0,8.23696E+20,5.66991E+21,1.3623E+16,5.10891E+16
47863,47864,14,6,26,280,2016,8,17,3,3,1,1,0,0,0,1,0,1,0,0,8.99405E+20,5.65828E+21,1.46863E+16,5.09375E+16
47864,47865,14,5,11,0,2016,8,14,4,2,3,6,0,0,1,0,0,0,1,0,7.7814E+20,5.64201E+21,1.29528E+16,5.08628E+16
47865,47866,14,6,27,210,2016,8,18,5,2,0,5,0,0,1,1,0,0,0,0,8.27675E+20,5.67163E+21,1.36812E+16,5.11023E+16
47866,47867,14,5,24,330,2016,8,21,6,3,5,3,2,0,0,1,0,0,0,0,7.44224E+20,5.62295E+21,1.24592E+16,5.0707E+16
47867,47868,14,7,13,0,2016,9,20,7,3,3,2,2,0,1,1,0,0,0,0,7.35178E+20,5.69355E+21,1.23771E+16,5.13445E+16
47868,47869,14,6,25,220,2016,7,14,6,3,8,1,0,1,0,1,0,0,0,0,8.50074E+20,5.69052E+21,1.40183E+16,5.12583E+16
47869,47870,14,6,28,160,2016,7,10,5,3,2,6,0,1,0,1,0,0,0,0,8.42232E+20,5.65719E+21,1.38747E+16,5.09644E+16
47870,47871,14,6,26,600,2016,8,16,2,2,4,2,0,0,0,1,0,1,0,0,8.88435E+20,5.72134E+21,1.45992E+16,5.15093E+16
47871,47872,14,5,22,480,2016,7,14,7,3,8,1,0,0,0,1,0,0,0,0,8.08181E+20,5.66119E+21,1.33947E+16,5.10195E+16
47872,47873,14,7,30,110,2016,8,12,5,1,5,3,0,0,0,1,0,0,0,0,7.46311E+20,5.70658E+21,1.25456E+16,5.14568E+16
47873,47874,14,5,24,260,2016,8,14,2,3,8,1,0,0,0,1,0,0,0,0,7.50281E+20,5.63928E+21,1.25559E+16,5.0851E+16
47874,47875,14,5,21,30,2016,9,10,6,3,6,2,0,0,0,1,1,0,0,0,7.62009E+20,5.61037E+21,1.27016E+16,5.05863E+16
47875,47876,14,5,23,365,2016,7,9,4,3,2,6,0,0,0,1,0,0,0,1,7.15059E+20,5.60362E+21,1.20355E+16,5.05449E+16
47876,47877,14,5,23,320,2016,9,14,6,2,0,1,0,0,0,0,0,1,0,0,7.24343E+20,5.60001E+21,1.21642E+16,5.0509E+16
47877,47878,14,5,23,80,2016,7,9,5,2,8,7,0,0,0,1,0,0,0,0,7.24635E+20,5.58259E+21,1.21579E+16,5.03525E+16
47878,47879,14,5,11,0,2016,9,6,3,3,3,6,0,1,0,1,0,0,1,0,7.71561E+20,5.6369E+21,1.28558E+16,5.082E+16
47879,47880,14,5,21,690,2016,7,19,4,3,8,1,1,0,0,1,0,0,0,0,7.86497E+20,5.62722E+21,1.30597E+16,5.0726E+16
47880,47881,14,6,25,20,2016,8,10,3,3,2,2,0,0,0,1,0,0,0,0,8.806E+20,5.68365E+21,1.44465E+16,5.11772E+16
47881,47882,14,6,12,0,2016,9,5,4,3,5,3,2,0,1,1,0,0,0,0,8.30184E+20,5.66725E+21,1.37129E+16,5.10616E+16
47882,47883,14,6,28,360,2016,9,18,6,3,8,1,0,0,0,0,0,1,0,0,8.68293E+20,5.65866E+21,1.42458E+16,5.09616E+16
47883,47884,14,5,22,360,2016,8,16,6,3,9,1,0,1,0,1,0,0,0,0,7.80314E+20,5.65561E+21,1.29941E+16,5.09837E+16
47884,47885,14,7,30,250,2016,8,18,2,2,8,7,0,0,0,1,0,0,0,0,7.33755E+20,5.7071E+21,1.23656E+16,5.14667E+16
47885,47886,14,6,12,0,2016,7,0,1,3,0,1,2,1,0,0,0,1,0,0,8.36745E+20,5.66062E+21,1.38E+16,5.09984E+16
47886,47887,14,5,21,160,2016,7,10,5,3,4,1,0,0,0,1,0,0,1,0,7.80165E+20,5.62034E+21,1.2965E+16,5.06674E+16
47887,47888,14,6,25,20,2016,8,13,3,1,8,1,0,1,0,1,0,0,0,0,8.82841E+20,5.68501E+21,1.44799E+16,5.1188E+16
47888,47889,14,7,30,250,2016,8,5,3,2,0,7,1,0,0,0,0,1,0,0,7.32017E+20,5.70858E+21,1.23416E+16,5.14807E+16
47889,47890,14,6,12,0,2016,8,17,4,3,5,3,0,0,1,1,0,0,0,0,8.34798E+20,5.66814E+21,1.37793E+16,5.10669E+16
47890,47891,14,6,26,110,2016,8,11,5,3,2,6,0,0,0,1,0,1,0,0,9.18601E+20,5.68096E+21,1.49842E+16,5.11267E+16
47891,47892,14,5,11,0,2016,8,6,6,3,2,6,0,0,0,1,0,0,0,0,7.77535E+20,5.64026E+21,1.29429E+16,5.08473E+16
47892,47893,14,5,24,330,2016,8,13,6,3,2,6,0,0,0,1,0,0,0,0,7.46649E+20,5.62278E+21,1.24933E+16,5.07044E+16
47893,47894,14,5,24,110,2016,9,16,7,3,9,1,0,1,0,1,0,0,0,0,7.43369E+20,5.6154E+21,1.24421E+16,5.06396E+16
47894,47895,14,5,24,330,2016,7,17,6,3,1,1,0,0,1,1,0,0,0,0,7.45105E+20,5.62613E+21,1.24737E+16,5.07351E+16
47895,47896,14,6,26,10,2016,7,14,5,3,4,1,0,1,0,1,0,0,0,0,8.96821E+20,5.72583E+21,1.47245E+16,5.15437E+16
47896,47897,14,7,13,0,2016,8,14,2,3,4,2,0,0,0,1,0,0,0,0,7.30307E+20,5.68855E+21,1.2304E+16,5.13016E+16
47897,47898,14,7,29,190,2016,9,15,3,2,9,1,0,0,0,1,0,0,0,0,7.40454E+20,5.68461E+21,1.24467E+16,5.12621E+16
47898,47899,14,6,28,50,2016,7,17,6,3,5,2,0,0,0,1,0,0,0,0,8.34371E+20,5.65981E+21,1.37656E+16,5.09925E+16
47899,47900,14,6,25,430,2016,7,21,7,2,8,1,2,0,0,1,0,0,0,0,8.36579E+20,5.67999E+21,1.38157E+16,5.11721E+16
47900,47901,14,7,30,340,2016,8,22,5,3,9,1,2,0,0,1,0,0,0,0,7.24897E+20,5.70639E+21,1.22378E+16,5.14639E+16
47901,47902,14,5,22,80,2016,8,18,3,3,5,3,0,0,0,1,0,1,0,0,7.94529E+20,5.67034E+21,1.3208E+16,5.11087E+16
47902,47903,14,6,12,0,2016,9,20,6,3,5,2,2,0,1,1,0,0,0,0,8.30944E+20,5.66859E+21,1.37249E+16,5.10731E+16
47903,47904,14,5,21,700,2016,9,12,7,2,8,1,0,0,0,0,0,1,0,0,7.59742E+20,5.60603E+21,1.26666E+16,5.05484E+16
47904,47905,14,5,24,30,2016,7,17,5,3,1,2,0,0,0,1,0,0,0,0,7.413E+20,5.63541E+21,1.2426E+16,5.08201E+16
47905,47906,14,5,21,10,2016,9,16,3,2,3,2,0,0,0,1,0,1,0,0,7.82296E+20,5.62843E+21,1.30013E+16,5.07389E+16
47906,47907,14,6,12,0,2016,7,8,4,3,2,6,0,0,0,1,0,1,0,0,8.32523E+20,5.66604E+21,1.3745E+16,5.10494E+16
47907,47908,14,6,27,140,2016,7,14,3,3,5,3,0,1,0,1,0,0,0,0,8.13365E+20,5.67812E+21,1.34831E+16,5.11685E+16
47908,47909,14,6,26,250,2016,9,5,4,2,7,7,1,0,0,1,0,0,0,0,8.9862E+20,5.72333E+21,1.47474E+16,5.152E+16
47909,47910,14,6,28,210,2016,8,14,6,3,3,7,0,0,0,1,0,0,0,1,8.54488E+20,5.65321E+21,1.40447E+16,5.09213E+16
47910,47911,14,5,24,250,2016,8,10,2,3,2,6,0,0,0,1,0,0,0,0,7.49534E+20,5.62201E+21,1.25336E+16,5.06963E+16
47911,47912,14,6,28,270,2016,7,11,1,3,4,6,0,0,1,0,0,0,0,0,8.44492E+20,5.65752E+21,1.39071E+16,5.09661E+16
47912,47913,14,6,26,450,2016,9,14,6,2,5,3,0,0,0,1,0,0,0,0,9.06593E+20,5.68222E+21,1.48149E+16,5.11466E+16
47913,47914,14,5,24,330,2016,8,13,2,3,5,3,0,0,1,1,0,0,0,0,7.48947E+20,5.62934E+21,1.25302E+16,5.07623E+16
47914,47915,14,6,27,310,2016,8,17,4,3,5,3,0,0,1,1,0,0,0,0,8.18971E+20,5.67781E+21,1.35627E+16,5.11626E+16
47915,47916,14,5,22,200,2016,7,21,7,3,8,1,2,1,0,1,0,0,0,0,8.04714E+20,5.63909E+21,1.33269E+16,5.08232E+16
47916,47917,14,7,29,40,2016,8,12,1,3,0,3,0,0,1,1,0,0,0,0,7.36376E+20,5.68058E+21,1.23857E+16,5.12275E+16
47917,47918,14,5,22,300,2016,7,12,7,2,8,1,0,0,0,0,0,1,0,0,7.87117E+20,5.66321E+21,1.30968E+16,5.10485E+16
47918,47919,14,6,27,150,2016,9,16,5,3,5,3,0,0,1,1,0,0,0,0,8.27179E+20,5.67815E+21,1.368E+16,5.1161E+16
47919,47920,14,5,22,20,2016,9,20,2,2,8,1,2,1,0,1,0,0,0,0,7.87896E+20,5.63555E+21,1.3086E+16,5.08E+16
47920,47921,14,5,11,0,2016,9,20,3,3,6,4,2,0,1,0,1,0,0,0,7.76374E+20,5.64143E+21,1.29273E+16,5.08584E+16
47921,47922,14,5,24,330,2016,8,15,1,3,5,3,0,0,1,1,0,0,0,0,7.45195E+20,5.62451E+21,1.24739E+16,5.07206E+16
47922,47923,14,6,12,0,2016,9,14,3,3,0,5,0,0,1,1,0,0,0,0,8.30573E+20,5.67065E+21,1.37215E+16,5.10919E+16
47923,47924,14,7,13,0,2016,9,11,5,3,5,3,0,0,1,0,0,0,0,1,7.26271E+20,5.69021E+21,1.22473E+16,5.13181E+16
47924,47925,14,6,12,0,2016,8,18,5,3,5,3,0,0,1,1,0,0,0,0,8.28885E+20,5.66508E+21,1.36924E+16,5.10429E+16
47925,47926,14,7,13,0,2016,7,16,2,3,5,3,0,0,1,1,0,0,0,0,7.36437E+20,5.69341E+21,1.2395E+16,5.13428E+16
47926,47927,14,7,29,160,2016,7,12,2,3,5,3,0,0,0,1,0,0,0,0,7.71708E+20,5.68596E+21,1.28946E+16,5.12601E+16
47927,47928,14,6,25,10,2016,8,10,1,3,3,2,0,0,0,1,0,0,0,0,8.52004E+20,5.67032E+21,1.40261E+16,5.10762E+16
47928,47929,14,6,27,190,2016,8,6,5,3,5,3,0,0,0,1,0,0,0,0,8.08404E+20,5.69461E+21,1.34265E+16,5.1319E+16
47929,47930,14,5,24,180,2016,9,18,2,2,6,7,0,0,0,1,1,0,0,0,7.64471E+20,5.64095E+21,1.27582E+16,5.08597E+16
47930,47931,14,5,22,570,2016,8,17,7,2,8,1,0,0,1,0,0,0,0,0,7.8415E+20,5.66465E+21,1.30557E+16,5.10629E+16
47931,47932,14,6,25,290,2016,8,20,4,3,5,3,2,0,0,1,0,0,0,0,8.8547E+20,5.67979E+21,1.45117E+16,5.11394E+16
47932,47933,14,5,22,150,2016,8,17,5,3,5,3,0,0,0,1,0,0,0,0,7.82367E+20,5.64669E+21,1.30163E+16,5.09027E+16
47933,47934,14,5,21,250,2016,8,14,6,3,8,1,0,0,0,0,0,1,0,0,7.89569E+20,5.61522E+21,1.30938E+16,5.06168E+16
47934,47935,14,5,23,300,2016,8,11,7,3,0,2,0,0,1,1,0,0,0,0,7.24549E+20,5.59155E+21,1.2162E+16,5.0433E+16
47935,47936,14,5,22,310,2016,9,8,2,3,8,1,0,1,0,1,0,0,0,0,7.79467E+20,5.67724E+21,1.29988E+16,5.11782E+16
47936,47937,14,5,22,300,2016,8,16,7,2,8,1,0,0,0,0,0,1,0,0,7.84306E+20,5.66007E+21,1.30543E+16,5.10218E+16
47937,47938,14,6,26,140,2016,9,17,4,3,2,6,0,0,0,1,0,0,0,1,8.9778E+20,5.65597E+21,1.46608E+16,5.09179E+16
47938,47939,14,5,21,560,2016,7,15,2,3,5,3,0,0,0,1,0,0,0,0,7.81791E+20,5.5991E+21,1.29719E+16,5.0476E+16
47939,47940,14,5,22,500,2016,8,12,4,3,4,6,0,1,0,1,0,0,0,1,7.83404E+20,5.65478E+21,1.30373E+16,5.09748E+16
47940,47941,14,5,22,200,2016,8,13,6,2,4,6,0,1,0,1,0,0,0,0,8.04217E+20,5.6321E+21,1.33141E+16,5.07608E+16
47941,47942,14,7,13,0,2016,7,19,1,2,0,1,1,1,0,0,0,1,0,1,7.37866E+20,5.69971E+21,1.24197E+16,5.13987E+16
47942,47943,14,5,21,355,2016,9,12,7,3,1,5,0,0,0,1,0,0,0,0,7.65072E+20,5.60766E+21,1.27429E+16,5.05607E+16
47943,47944,14,6,28,260,2016,9,10,1,3,5,2,0,0,1,1,0,0,0,0,8.65562E+20,5.66505E+21,1.42135E+16,5.10205E+16
47944,47945,14,7,29,50,2016,7,17,1,2,8,1,0,1,0,1,0,0,0,0,7.47551E+20,5.66552E+21,1.2535E+16,5.10877E+16
47945,47946,14,6,28,110,2016,7,20,4,2,8,1,0,0,0,0,0,1,0,0,8.26481E+20,5.65965E+21,1.36534E+16,5.09956E+16
47946,47947,14,5,21,710,2016,9,13,5,3,5,3,0,0,0,1,0,0,0,0,7.69563E+20,5.61595E+21,1.28121E+16,5.06329E+16
47947,47948,14,6,27,10,2016,8,8,3,2,1,5,0,0,1,1,0,0,0,0,8.20464E+20,5.67373E+21,1.35804E+16,5.11252E+16
47948,47949,14,5,23,320,2016,8,14,3,1,9,7,0,0,0,1,0,0,0,0,7.21885E+20,5.59638E+21,1.21274E+16,5.04773E+16
47949,47950,14,5,24,320,2016,7,12,2,2,5,3,0,0,1,1,0,0,0,0,7.48094E+20,5.61967E+21,1.25117E+16,5.06759E+16
47950,47951,14,5,22,520,2016,7,7,6,3,5,3,0,0,1,1,0,0,0,0,8.12435E+20,5.62692E+21,1.34259E+16,5.07099E+16
47951,47952,14,6,25,450,2016,8,14,6,3,2,6,0,0,0,0,0,1,0,1,8.50357E+20,5.68103E+21,1.4013E+16,5.11731E+16
47952,47953,14,6,28,70,2016,9,14,7,3,9,1,0,1,0,1,0,0,0,0,8.48168E+20,5.64943E+21,1.39515E+16,5.08913E+16
47953,47954,14,5,22,330,2016,7,12,6,3,3,6,0,0,0,1,0,1,0,0,7.79458E+20,5.64734E+21,1.29756E+16,5.09099E+16