FID,OBJECTID,ULAND,UREGBEZ,UKREIS,UGEMEINDE,UJAHR,UMONAT,USTUNDE,UWOCHENTAG,UKATEGORIE,UART,UTYP1,ULICHTVERH,IstStrasse,IstRad,IstPKW,IstFuss,IstKrad,IstGkfz,IstSonstig,LINREFX,LINREFY,XGCSWGS84,YGCSWGS84
47954,47955,14,5,22,10,2016,7,16,5,3,5,3,0,0,0,1,0,0,0,0,7.77506E+20,5.65354E+21,1.29526E+16,5.09665E+16
47955,47956,14,6,25,340,2016,8,17,2,3,5,3,0,0,0,1,0,1,0,0,8.90817E+20,5.69381E+21,1.46031E+16,5.12613E+16
47956,47957,14,6,28,10,2016,8,15,5,2,5,3,0,0,1,1,0,0,0,0,8.35703E+20,5.63432E+21,1.37611E+16,5.07633E+16
47957,47958,14,7,13,0,2016,8,8,2,2,2,6,0,0,1,0,0,1,0,0,7.38823E+20,5.69473E+21,1.24301E+16,5.13536E+16
47958,47959,14,5,21,110,2016,9,19,6,2,5,3,0,0,0,1,0,0,0,0,7.6753E+20,5.60223E+21,1.27736E+16,5.05108E+16
47959,47960,14,6,26,85,2016,7,14,4,2,5,3,0,0,0,1,0,1,0,0,8.91448E+20,5.66613E+21,1.4582E+16,5.10131E+16
47960,47961,14,7,29,245,2016,9,13,6,3,2,6,0,0,0,1,0,1,0,0,7.60791E+20,5.70177E+21,1.27501E+16,5.14071E+16
47961,47962,14,6,26,140,2016,7,16,5,2,8,1,0,0,0,1,0,0,0,0,8.97932E+20,5.65498E+21,1.46618E+16,5.09089E+16
47962,47963,14,7,29,20,2016,9,9,2,3,8,1,0,1,0,1,0,0,0,0,7.47513E+20,5.68274E+21,1.25463E+16,5.12423E+16
47963,47964,14,6,12,0,2016,8,7,3,3,2,6,0,0,0,1,0,0,0,0,8.38374E+20,5.66783E+21,1.38299E+16,5.1062E+16
47964,47965,14,6,12,0,2016,9,8,4,3,5,2,0,0,0,1,0,0,0,0,8.31929E+20,5.66874E+21,1.37391E+16,5.1074E+16
47965,47966,14,6,12,0,2016,9,5,6,3,8,1,2,0,1,0,0,0,0,0,8.29208E+20,5.67045E+21,1.37019E+16,5.10909E+16
47966,47967,14,5,21,20,2016,8,21,6,3,6,6,2,0,0,1,1,0,0,0,7.84402E+20,5.6082E+21,1.30155E+16,5.05564E+16
47967,47968,14,6,25,250,2016,8,12,2,3,2,6,0,0,0,1,0,0,1,0,8.56037E+20,5.69276E+21,1.41056E+16,5.12747E+16
47968,47969,14,5,24,120,2016,7,19,7,3,0,7,0,1,0,0,0,1,0,0,7.64626E+20,5.63599E+21,1.27569E+16,5.0815E+16
47969,47970,14,7,30,80,2016,7,12,3,3,8,1,0,0,0,1,0,0,0,0,7.5833E+20,5.70965E+21,1.27205E+16,5.14789E+16
47970,47971,14,5,11,0,2016,9,9,6,2,5,3,0,0,1,1,0,0,0,0,7.75573E+20,5.63619E+21,1.2912E+16,5.08118E+16
47971,47972,14,6,28,240,2016,8,5,2,2,5,3,0,0,0,1,0,1,0,0,8.50856E+20,5.66045E+21,1.40002E+16,5.09884E+16
47972,47973,14,7,13,0,2016,7,17,5,2,5,3,0,0,1,0,0,0,0,1,7.40759E+20,5.69446E+21,1.24577E+16,5.13504E+16
47973,47974,14,5,24,60,2016,8,11,6,2,1,1,0,0,0,1,0,1,0,0,7.37348E+20,5.61889E+21,1.23593E+16,5.06734E+16
47974,47975,14,5,22,80,2016,8,14,4,3,3,6,0,0,1,1,0,0,0,0,7.8886E+20,5.67191E+21,1.31285E+16,5.11257E+16
47975,47976,14,6,25,540,2016,7,14,6,3,4,6,0,0,0,1,0,0,0,1,8.51961E+20,5.69387E+21,1.40485E+16,5.12872E+16
47976,47977,14,6,12,0,2016,8,1,1,3,0,1,2,0,1,0,0,0,0,0,8.32763E+20,5.66851E+21,1.37507E+16,5.10714E+16
47977,47978,14,5,11,0,2016,9,14,5,2,5,2,0,0,1,1,0,0,0,0,7.73518E+20,5.63666E+21,1.28833E+16,5.0817E+16
47978,47979,14,5,23,310,2016,9,14,1,1,8,7,0,1,0,1,0,0,0,0,7.1202E+20,5.61047E+21,1.19966E+16,5.06076E+16
47979,47980,14,6,25,600,2016,8,19,6,2,5,2,0,0,0,1,0,0,0,0,8.39387E+20,5.68031E+21,1.3856E+16,5.11733E+16
47980,47981,14,6,26,110,2016,8,16,2,3,0,1,0,0,1,0,0,0,0,0,9.15535E+20,5.68308E+21,1.4943E+16,5.11479E+16
47981,47982,14,5,23,230,2016,9,6,2,2,9,1,1,1,0,1,0,0,0,0,7.30518E+20,5.58848E+21,1.2244E+16,5.04031E+16
47982,47983,14,5,22,140,2016,8,15,1,3,4,1,0,0,1,1,0,0,0,0,7.87565E+20,5.63931E+21,1.30843E+16,5.08339E+16
47983,47984,14,5,23,200,2016,9,17,2,3,8,1,0,0,0,1,0,0,0,0,7.39249E+20,5.58164E+21,1.23623E+16,5.03382E+16
47984,47985,14,6,12,0,2016,9,10,5,3,5,2,0,0,1,0,0,0,1,0,8.32279E+20,5.66568E+21,1.37412E+16,5.10463E+16
47985,47986,14,5,23,370,2016,8,16,4,3,5,3,0,1,0,1,0,0,0,0,7.38624E+20,5.58439E+21,1.23553E+16,5.03632E+16
47986,47987,14,7,30,150,2016,8,13,6,3,8,6,0,0,0,1,0,0,0,0,7.40142E+20,5.70909E+21,1.24587E+16,5.14819E+16
47987,47988,14,6,26,110,2016,7,14,3,3,3,2,0,0,0,0,0,0,1,1,9.17523E+20,5.68271E+21,1.49709E+16,5.11431E+16
47988,47989,14,6,27,210,2016,7,15,2,3,5,2,0,0,0,1,0,1,0,0,8.27966E+20,5.67164E+21,1.36853E+16,5.11022E+16
47989,47990,14,6,12,0,2016,7,9,2,3,5,2,0,0,1,0,0,0,0,1,8.32524E+20,5.66604E+21,1.3745E+16,5.10495E+16
47990,47991,14,7,30,45,2016,8,15,7,3,5,2,0,0,0,1,0,0,0,1,7.72809E+20,5.70802E+21,1.29273E+16,5.14575E+16
47991,47992,14,6,27,10,2016,7,19,1,3,8,6,0,0,0,1,0,0,0,0,8.15041E+20,5.67514E+21,1.35043E+16,5.11408E+16
47992,47993,14,6,12,0,2016,9,16,1,3,5,2,0,0,1,1,0,0,0,0,8.36281E+20,5.66097E+21,1.37938E+16,5.10018E+16
47993,47994,14,7,30,110,2016,8,19,4,2,9,1,0,1,0,1,0,0,0,0,7.47701E+20,5.70669E+21,1.25657E+16,5.14571E+16
47994,47995,14,6,28,110,2016,9,16,2,3,5,3,0,0,1,1,0,0,0,0,8.25554E+20,5.66181E+21,1.36421E+16,5.10155E+16
47995,47996,14,5,24,170,2016,7,6,3,3,2,6,0,0,0,0,0,1,0,1,7.41425E+20,5.6217E+21,1.24188E+16,5.06969E+16
47996,47997,14,6,12,0,2016,9,6,6,3,9,7,1,0,0,1,0,0,0,0,8.45725E+20,5.66818E+21,1.39347E+16,5.10608E+16
47997,47998,14,7,30,270,2016,8,1,2,2,2,6,2,0,0,1,0,0,1,0,7.29944E+20,5.70118E+21,1.2307E+16,5.14151E+16
47998,47999,14,5,22,460,2016,8,13,7,3,3,6,0,0,0,1,0,0,0,0,7.59062E+20,5.6555E+21,1.26919E+16,5.09927E+16
47999,48000,14,6,12,0,2016,8,15,4,3,5,3,0,0,1,1,0,0,0,0,8.32561E+20,5.66763E+21,1.3747E+16,5.10637E+16
48000,48001,14,7,29,250,2016,7,18,6,3,1,2,0,0,0,1,0,0,0,1,7.53595E+20,5.70062E+21,1.2646E+16,5.14001E+16
48001,48002,14,6,25,200,2016,8,9,1,3,5,3,0,0,0,1,0,0,0,0,8.50972E+20,5.67737E+21,1.40182E+16,5.11399E+16
48002,48003,14,6,27,180,2016,9,4,5,2,3,6,2,0,0,0,0,0,1,1,8.04871E+20,5.66502E+21,1.33508E+16,5.10556E+16
48003,48004,14,5,21,495,2016,9,15,2,2,9,1,0,1,0,0,0,1,1,0,7.97486E+20,5.62629E+21,1.32143E+16,5.07122E+16
48004,48005,14,5,24,210,2016,9,8,2,3,9,1,0,1,0,1,0,0,0,0,7.40148E+20,5.6323E+21,1.24076E+16,5.07926E+16
48005,48006,14,6,25,490,2016,8,12,1,2,4,1,0,0,0,1,0,1,0,0,8.76934E+20,5.69198E+21,1.44031E+16,5.12543E+16
48006,48007,14,5,22,140,2016,9,17,3,3,3,6,0,0,1,1,0,0,0,0,7.86588E+20,5.64237E+21,1.30728E+16,5.08619E+16
48007,48008,14,6,25,640,2016,9,17,5,2,2,2,0,0,0,0,0,1,0,1,8.64598E+20,5.70678E+21,1.42422E+16,5.13948E+16
48008,48009,14,5,11,0,2016,8,15,5,3,8,1,0,0,0,1,0,0,0,0,7.80467E+20,5.63057E+21,1.29771E+16,5.0759E+16
48009,48010,14,5,22,520,2016,8,14,7,3,3,2,0,0,0,1,0,1,0,0,8.14509E+20,5.62919E+21,1.34571E+16,5.07292E+16
48010,48011,14,5,23,450,2016,7,11,3,3,0,6,0,0,0,1,0,0,0,1,7.17069E+20,5.5976E+21,1.20604E+16,5.04901E+16
48011,48012,14,6,26,320,2016,7,8,2,3,2,6,0,0,0,1,0,0,0,0,8.94342E+20,5.69653E+21,1.46563E+16,5.12832E+16
48012,48013,14,6,28,230,2016,7,15,2,2,5,3,0,0,0,1,0,0,0,0,8.40236E+20,5.64535E+21,1.38353E+16,5.08595E+16
48013,48014,14,6,28,410,2016,8,14,1,3,5,3,0,0,0,1,0,0,0,0,8.19155E+20,5.66273E+21,1.3552E+16,5.10273E+16
48014,48015,14,6,25,240,2016,7,9,1,3,5,3,0,0,0,1,0,1,0,0,8.64212E+20,5.7124E+21,1.42424E+16,5.14454E+16
48015,48016,14,5,24,330,2016,8,5,4,3,9,1,1,1,0,1,0,0,0,0,7.51305E+20,5.62459E+21,1.25604E+16,5.07186E+16
48016,48017,14,6,25,20,2016,9,15,2,3,5,3,0,0,0,1,0,0,0,0,8.81575E+20,5.68515E+21,1.4462E+16,5.119E+16
48017,48018,14,6,28,60,2016,8,14,4,2,0,1,0,0,1,0,0,0,0,0,8.28974E+20,5.64688E+21,1.36773E+16,5.08798E+16
48018,48019,14,5,23,20,2016,8,17,4,2,2,2,0,0,0,0,0,1,0,0,7.43656E+20,5.59635E+21,1.24337E+16,5.04685E+16
48019,48020,14,5,22,470,2016,8,14,6,3,5,3,0,0,0,1,0,1,0,0,8.16446E+20,5.63132E+21,1.34863E+16,5.07472E+16
48020,48021,14,7,13,0,2016,8,16,7,3,3,2,0,0,1,1,0,0,0,0,7.37165E+20,5.6911E+21,1.24039E+16,5.13217E+16
48021,48022,14,5,11,0,2016,9,15,2,3,5,2,0,0,0,1,0,0,0,0,7.76045E+20,5.63453E+21,1.29175E+16,5.07967E+16
48022,48023,14,7,29,40,2016,8,9,6,3,5,3,0,1,0,1,0,0,0,0,7.36261E+20,5.68183E+21,1.23848E+16,5.12389E+16
48023,48024,14,5,22,490,2016,9,7,4,3,5,3,0,0,0,1,0,1,0,0,7.65606E+20,5.66287E+21,1.27903E+16,5.10559E+16
48024,48025,14,5,24,230,2016,7,5,1,2,6,4,1,0,0,1,1,0,0,0,7.60892E+20,5.63374E+21,1.27024E+16,5.07966E+16
48025,48026,14,5,23,320,2016,8,19,3,3,4,2,0,0,0,1,0,1,0,0,7.22632E+20,5.59747E+21,1.21386E+16,5.04868E+16
48026,48027,14,7,29,430,2016,8,14,5,2,9,1,0,0,0,0,0,1,0,0,7.30914E+20,5.67545E+21,1.23043E+16,5.11838E+16
48027,48028,14,6,28,60,2016,7,14,1,3,8,1,0,1,1,0,0,0,0,0,8.27377E+20,5.64288E+21,1.3651E+16,5.08448E+16
48028,48029,14,7,13,0,2016,9,16,6,3,5,3,0,0,1,1,0,0,0,0,7.36155E+20,5.69392E+21,1.23913E+16,5.13474E+16
48029,48030,14,5,22,540,2016,9,17,1,2,9,1,0,0,0,0,0,1,0,0,7.96339E+20,5.66301E+21,1.32278E+16,5.1042E+16
48030,48031,14,6,26,110,2016,7,9,6,2,1,5,0,0,1,1,0,0,0,0,9.17505E+20,5.68312E+21,1.49711E+16,5.11468E+16
48031,48032,14,7,30,270,2016,7,12,7,2,4,1,0,0,0,1,0,0,0,1,7.30868E+20,5.70472E+21,1.23226E+16,5.14465E+16
48032,48033,14,6,12,0,2016,7,7,4,3,9,1,0,1,0,1,0,0,0,0,8.36637E+20,5.66811E+21,1.38054E+16,5.10656E+16
48033,48034,14,5,24,330,2016,9,7,4,3,4,2,0,0,0,1,0,0,0,0,7.46069E+20,5.62647E+21,1.24876E+16,5.07378E+16
48034,48035,14,6,25,20,2016,8,16,3,3,0,7,0,0,1,0,0,0,0,0,8.78966E+20,5.68379E+21,1.44234E+16,5.11796E+16
48035,48036,14,7,13,0,2016,7,16,2,3,5,3,0,0,1,1,0,0,0,0,7.40893E+20,5.69635E+21,1.24609E+16,5.13673E+16
48036,48037,14,5,21,520,2016,7,13,6,3,8,1,0,0,0,1,0,0,0,0,7.79531E+20,5.61E+21,1.29483E+16,5.05749E+16
48037,48038,14,6,28,360,2016,8,14,6,3,2,2,0,0,0,1,0,1,0,0,8.74445E+20,5.65673E+21,1.4331E+16,5.09403E+16
48038,48039,14,6,12,0,2016,9,18,7,3,5,2,2,1,0,1,0,1,0,0,8.24097E+20,5.66985E+21,1.36286E+16,5.10884E+16
48039,48040,14,7,29,30,2016,7,8,5,3,8,1,0,1,0,1,0,0,0,0,7.5689E+20,5.69633E+21,1.26902E+16,5.13601E+16
48040,48041,14,5,22,150,2016,7,12,5,2,2,6,0,1,0,1,0,0,0,0,7.82951E+20,5.64831E+21,1.30259E+16,5.0917E+16
48041,48042,14,5,11,0,2016,8,7,5,3,5,3,0,0,1,1,0,0,0,0,7.73598E+20,5.64057E+21,1.28873E+16,5.0852E+16
48042,48043,14,5,24,280,2016,7,16,7,3,4,2,0,1,0,1,0,0,0,0,7.55148E+20,5.63216E+21,1.26199E+16,5.07849E+16
48043,48044,14,6,25,280,2016,7,10,5,1,8,1,0,0,0,0,0,1,0,0,8.7237E+20,5.702E+21,1.43484E+16,5.1347E+16
48044,48045,14,6,28,30,2016,8,14,2,3,6,4,0,0,0,1,1,0,0,0,8.63023E+20,5.65207E+21,1.41645E+16,5.09059E+16
48045,48046,14,5,23,170,2016,9,23,5,2,3,1,2,0,0,1,0,0,0,1,7.36991E+20,5.61046E+21,1.23489E+16,5.05978E+16
48046,48047,14,5,22,300,2016,7,11,4,3,8,1,0,0,0,1,0,0,0,0,7.85935E+20,5.66322E+21,1.308E+16,5.10492E+16
48047,48048,14,7,13,0,2016,9,8,6,3,9,6,0,0,0,0,0,0,0,1,7.42021E+20,5.6847E+21,1.24691E+16,5.12622E+16
48048,48049,14,5,22,260,2016,7,7,5,3,2,2,0,1,0,1,0,0,0,0,7.66457E+20,5.64466E+21,1.27891E+16,5.08921E+16
48049,48050,14,7,29,270,2016,9,15,2,3,2,6,0,0,0,1,0,0,0,1,7.25439E+20,5.68938E+21,1.22348E+16,5.1311E+16
48050,48051,14,5,24,30,2016,8,15,2,3,9,1,0,0,0,0,0,1,0,0,7.39211E+20,5.63801E+21,1.23981E+16,5.08442E+16
48051,48052,14,5,22,210,2016,9,10,4,3,9,1,0,0,0,0,0,1,0,0,8.03256E+20,5.66132E+21,1.33248E+16,5.10233E+16
48052,48053,14,6,12,0,2016,9,23,6,3,6,4,2,0,0,0,1,0,0,1,8.35241E+20,5.66817E+21,1.37856E+16,5.10669E+16
48053,48054,14,5,24,320,2016,8,14,5,3,2,6,0,0,0,1,0,0,0,0,7.47663E+20,5.62016E+21,1.25059E+16,5.06805E+16
48054,48055,14,6,28,410,2016,7,17,3,3,8,1,0,0,0,1,0,0,0,0,8.19468E+20,5.66223E+21,1.3556E+16,5.10227E+16
48055,48056,14,5,24,130,2016,9,20,5,3,5,3,2,0,1,1,0,0,0,0,7.49456E+20,5.61379E+21,1.25269E+16,5.06226E+16
48056,48057,14,6,12,0,2016,8,9,2,3,3,6,0,0,1,1,0,0,0,0,8.29774E+20,5.66477E+21,1.37048E+16,5.10397E+16
48057,48058,14,7,13,0,2016,7,14,5,3,5,3,0,0,1,1,0,0,0,0,7.36313E+20,5.69244E+21,1.23926E+16,5.13341E+16
48058,48059,14,7,30,310,2016,8,11,6,2,3,2,0,0,0,1,0,1,0,0,7.76444E+20,5.71914E+21,1.29882E+16,5.15555E+16
48059,48060,14,5,21,30,2016,8,16,4,2,2,6,0,0,0,1,0,0,0,0,7.62652E+20,5.61157E+21,1.27115E+16,5.05969E+16
48060,48061,14,6,28,60,2016,7,14,6,3,2,2,0,0,0,1,0,0,0,0,8.29547E+20,5.64175E+21,1.36808E+16,5.08334E+16
48061,48062,14,5,21,600,2016,8,14,1,2,9,1,0,0,0,1,0,0,0,0,7.51478E+20,5.60502E+21,1.25495E+16,5.0543E+16
48062,48063,14,5,23,340,2016,8,14,4,3,5,3,0,0,0,1,0,0,0,0,7.31966E+20,5.61391E+21,1.22802E+16,5.06309E+16
48063,48064,14,6,26,410,2016,9,2,1,3,2,6,2,0,0,1,0,0,0,0,8.85497E+20,5.67075E+21,1.45025E+16,5.10586E+16
48064,48065,14,6,25,20,2016,8,9,6,3,5,2,0,0,1,1,0,0,0,0,8.78498E+20,5.68373E+21,1.44167E+16,5.11793E+16
48065,48066,14,6,12,0,2016,8,18,2,3,2,2,0,0,0,1,0,0,0,0,8.31328E+20,5.66707E+21,1.3729E+16,5.10593E+16
48066,48067,14,7,13,0,2016,9,8,2,3,9,1,0,1,0,1,0,0,0,0,7.3617E+20,5.69393E+21,1.23915E+16,5.13474E+16
48067,48068,14,7,30,20,2016,8,14,7,3,8,7,0,0,0,0,0,1,0,0,7.47858E+20,5.72317E+21,1.25795E+16,5.1605E+16
48068,48069,14,5,22,140,2016,9,16,5,3,2,6,0,0,0,1,0,0,0,0,7.84985E+20,5.64274E+21,1.30504E+16,5.0866E+16
48069,48070,14,7,29,245,2016,8,13,4,3,3,6,0,0,0,1,0,1,0,0,7.68735E+20,5.7009E+21,1.28634E+16,5.13956E+16
48070,48071,14,6,25,540,2016,8,13,6,3,1,2,0,1,1,1,0,0,0,0,8.53225E+20,5.6993E+21,1.40719E+16,5.1335E+16
48071,48072,14,5,11,0,2016,7,19,3,3,9,1,0,0,0,1,0,0,0,0,7.80703E+20,5.63789E+21,1.2986E+16,5.08245E+16
48072,48073,14,5,24,170,2016,7,20,1,3,4,7,0,0,0,1,0,0,0,0,7.41181E+20,5.6216E+21,1.24153E+16,5.06961E+16
48073,48074,14,7,13,0,2016,8,22,7,2,6,4,2,0,0,1,1,0,0,0,7.35713E+20,5.69028E+21,1.23826E+16,5.13149E+16
48074,48075,14,5,11,0,2016,7,10,1,3,0,1,0,0,0,0,0,1,0,0,7.7679E+20,5.63774E+21,1.29304E+16,5.08251E+16
48075,48076,14,5,22,150,2016,9,18,1,3,8,1,1,1,0,1,0,0,0,0,7.84964E+20,5.64989E+21,1.30557E+16,5.09301E+16
48076,48077,14,6,28,260,2016,8,16,4,3,2,7,0,1,0,1,0,0,0,0,8.6689E+20,5.66507E+21,1.42324E+16,5.10198E+16
48077,48078,14,5,22,580,2016,9,18,2,2,2,2,0,0,0,1,0,1,0,0,7.62293E+20,5.65883E+21,1.27402E+16,5.10211E+16
48078,48079,14,5,22,220,2016,8,6,3,2,2,6,0,0,0,1,0,0,0,1,7.88327E+20,5.67525E+21,1.31236E+16,5.11559E+16
48079,48080,14,5,22,250,2016,8,10,4,3,3,6,0,0,0,1,0,1,0,0,7.76737E+20,5.66847E+21,1.29531E+16,5.11008E+16
48080,48081,14,6,25,240,2016,8,18,4,2,5,3,0,0,0,1,0,1,0,0,8.69821E+20,5.70788E+21,1.43181E+16,5.14013E+16
48081,48082,14,7,30,70,2016,8,11,5,1,5,3,0,0,0,1,0,0,0,1,7.33166E+20,5.71527E+21,1.23625E+16,5.15402E+16
48082,48083,14,6,28,60,2016,8,11,7,2,0,1,0,0,0,0,0,1,0,0,8.27885E+20,5.64324E+21,1.36586E+16,5.08477E+16
48083,48084,14,6,12,0,2016,9,17,1,2,5,3,0,1,1,1,0,0,0,0,8.31996E+20,5.66794E+21,1.37393E+16,5.10668E+16
48084,48085,14,5,21,150,2016,8,14,3,3,0,1,0,1,0,0,0,1,0,0,7.8637E+20,5.62544E+21,1.30566E+16,5.07101E+16
48085,48086,14,5,23,360,2016,9,3,3,2,9,1,2,1,0,1,0,0,0,0,7.40937E+20,5.60241E+21,1.23994E+16,5.0524E+16
48086,48087,14,6,12,0,2016,7,0,6,3,9,1,2,0,0,1,0,0,0,0,8.30373E+20,5.67467E+21,1.37223E+16,5.1128E+16
48087,48088,14,7,30,70,2016,7,11,7,2,5,3,0,0,0,1,0,0,0,0,7.33496E+20,5.71251E+21,1.23654E+16,5.15154E+16
48088,48089,14,5,24,90,2016,8,9,5,3,1,3,0,0,1,1,0,0,0,0,7.59588E+20,5.62239E+21,1.26759E+16,5.06953E+16
48089,48090,14,6,25,460,2016,9,23,6,3,8,6,2,0,1,1,0,0,0,0,8.68921E+20,5.69101E+21,1.42877E+16,5.12508E+16
48090,48091,14,6,27,210,2016,9,14,7,3,3,7,0,0,0,1,0,1,0,0,8.24262E+20,5.67202E+21,1.36329E+16,5.11078E+16
48091,48092,14,6,12,0,2016,7,15,6,3,0,1,0,0,1,0,0,0,0,0,8.32763E+20,5.66851E+21,1.37507E+16,5.10714E+16
48092,48093,14,6,25,40,2016,9,15,3,2,4,1,0,0,0,1,0,0,0,0,8.61073E+20,5.67237E+21,1.4157E+16,5.10889E+16
48093,48094,14,7,13,0,2016,7,6,4,3,7,1,0,0,0,0,0,1,0,0,7.32835E+20,5.69281E+21,1.2343E+16,5.13388E+16
48094,48095,14,7,30,80,2016,7,21,3,2,5,3,2,0,0,1,0,0,0,0,7.61157E+20,5.71236E+21,1.27632E+16,5.1502E+16
48095,48096,14,7,30,310,2016,9,11,4,3,3,6,0,0,0,1,0,0,0,0,7.7536E+20,5.71982E+21,1.29731E+16,5.15621E+16
48096,48097,14,6,12,0,2016,8,9,3,3,3,6,0,0,0,1,0,0,1,0,8.31413E+20,5.66149E+21,1.37251E+16,5.10093E+16
48097,48098,14,5,22,260,2016,7,14,2,2,5,3,0,0,0,1,0,0,0,0,7.6602E+20,5.64337E+21,1.2782E+16,5.08807E+16
48098,48099,14,6,25,240,2016,7,15,5,2,8,1,0,0,0,1,0,0,0,0,8.66289E+20,5.71413E+21,1.4274E+16,5.14595E+16
48099,48100,14,6,27,60,2016,8,16,6,2,5,2,0,0,0,1,0,0,0,1,8.15948E+20,5.69178E+21,1.35319E+16,5.12895E+16
48100,48101,14,7,29,30,2016,9,21,6,3,9,1,2,1,0,1,0,0,0,0,7.5624E+20,5.69645E+21,1.26809E+16,5.13614E+16
48101,48102,14,6,12,0,2016,8,15,3,3,1,5,0,0,1,1,0,0,0,0,8.30229E+20,5.66914E+21,1.37152E+16,5.10785E+16
48102,48103,14,6,12,0,2016,8,18,4,3,3,6,0,0,1,0,0,0,0,1,8.26845E+20,5.66858E+21,1.36666E+16,5.10754E+16
48103,48104,14,7,29,160,2016,8,5,4,3,0,7,2,1,0,0,0,1,0,0,7.60023E+20,5.68296E+21,1.27253E+16,5.12386E+16
48104,48105,14,5,23,365,2016,8,9,5,2,2,2,0,0,0,1,0,1,0,0,7.14431E+20,5.60378E+21,1.20268E+16,5.05465E+16
48105,48106,14,6,26,600,2016,8,14,7,3,2,2,0,0,0,1,0,0,0,0,8.90913E+20,5.72024E+21,1.46335E+16,5.14977E+16
48106,48107,14,7,29,160,2016,9,11,1,3,9,1,0,0,0,0,0,1,0,0,7.56864E+20,5.67651E+21,1.26756E+16,5.11822E+16
48107,48108,14,6,25,150,2016,8,12,6,2,7,7,0,0,0,1,0,1,1,0,8.70327E+20,5.68577E+21,1.43024E+16,5.1203E+16
48108,48109,14,5,11,0,2016,9,16,4,3,5,3,0,0,0,1,0,0,0,0,7.7605E+20,5.63817E+21,1.29203E+16,5.08293E+16
48109,48110,14,6,25,250,2016,7,21,1,3,3,6,1,0,1,1,0,0,0,0,8.59056E+20,5.6903E+21,1.41463E+16,5.12507E+16
48110,48111,14,5,22,210,2016,7,12,1,3,2,2,0,0,0,1,0,1,0,0,8.00279E+20,5.65468E+21,1.3277E+16,5.09653E+16
48111,48112,14,7,29,270,2016,9,19,6,3,3,6,0,0,1,1,0,0,0,0,7.2408E+20,5.68412E+21,1.2212E+16,5.12643E+16
48112,48113,14,7,29,380,2016,9,16,7,2,4,2,0,0,0,1,0,1,0,0,7.60158E+20,5.70561E+21,1.27438E+16,5.14418E+16
48113,48114,14,6,25,600,2016,7,17,6,2,8,7,0,0,0,1,0,0,0,0,8.43882E+20,5.67994E+21,1.39197E+16,5.11673E+16
48114,48115,14,6,27,60,2016,7,16,7,2,0,7,0,0,1,0,0,0,0,0,8.1592E+20,5.69087E+21,1.35307E+16,5.12814E+16
48115,48116,14,5,22,70,2016,7,15,4,2,2,6,0,1,0,1,0,1,0,0,7.72294E+20,5.64941E+21,1.28755E+16,5.09319E+16
48116,48117,14,5,24,120,2016,9,16,4,3,2,6,0,0,0,1,0,0,0,0,7.58094E+20,5.63551E+21,1.2664E+16,5.08137E+16
48117,48118,14,6,12,0,2016,8,4,3,2,4,6,2,0,1,0,0,0,0,0,8.28618E+20,5.66952E+21,1.36927E+16,5.10829E+16
48118,48119,14,6,25,510,2016,7,13,2,3,2,6,0,0,0,1,0,0,1,0,8.59064E+20,5.6795E+21,1.41356E+16,5.1154E+16
48119,48120,14,5,23,90,2016,7,19,5,3,4,1,0,1,0,1,0,1,0,0,7.40494E+20,5.59799E+21,1.23903E+16,5.04845E+16
48120,48121,14,6,28,170,2016,8,18,6,3,5,3,0,0,0,1,0,1,0,0,8.26303E+20,5.63376E+21,1.36277E+16,5.07636E+16
48121,48122,14,5,24,180,2016,9,19,6,3,5,3,2,0,0,1,0,1,0,0,7.63399E+20,5.64042E+21,1.27427E+16,5.08554E+16
48122,48123,14,7,13,0,2016,8,15,3,3,5,3,0,0,0,1,0,0,0,0,7.35292E+20,5.69025E+21,1.23765E+16,5.13148E+16
48123,48124,14,5,24,90,2016,8,16,4,3,4,2,0,0,0,1,0,0,0,0,7.61217E+20,5.62213E+21,1.26987E+16,5.06922E+16
48124,48125,14,6,27,40,2016,7,6,7,3,5,2,0,0,0,1,0,0,0,0,8.0411E+20,5.69412E+21,1.33647E+16,5.13169E+16
48125,48126,14,6,12,0,2016,7,13,5,3,3,2,0,1,1,1,0,0,0,0,8.29714E+20,5.66522E+21,1.37043E+16,5.10437E+16
48126,48127,14,6,12,0,2016,8,15,2,3,0,6,0,0,1,0,0,0,0,1,8.32643E+20,5.6663E+21,1.3747E+16,5.10517E+16
48127,48128,14,7,30,230,2016,7,13,7,3,0,3,0,0,0,1,0,1,0,0,7.88421E+20,5.68991E+21,1.31367E+16,5.12873E+16
48128,48129,14,7,13,0,2016,9,14,5,3,4,2,0,0,1,1,0,0,0,0,7.3208E+20,5.69245E+21,1.23319E+16,5.13359E+16
48129,48130,14,5,24,330,2016,7,11,3,2,4,2,0,0,0,1,0,1,0,0,7.46459E+20,5.62559E+21,1.24925E+16,5.07298E+16
48130,48131,14,6,26,290,2016,9,18,2,3,4,6,0,1,0,1,0,1,0,0,8.97311E+20,5.67414E+21,1.4674E+16,5.10808E+16
48131,48132,14,6,26,610,2016,8,16,2,3,2,6,0,0,0,1,0,0,0,0,9.08238E+20,5.65468E+21,1.48073E+16,5.08991E+16
48132,48133,14,5,23,20,2016,9,16,3,2,0,7,0,1,0,1,0,1,0,0,7.43283E+20,5.59989E+21,1.24307E+16,5.05004E+16