FID,OBJECTID,ULAND,UREGBEZ,UKREIS,UGEMEINDE,UJAHR,UMONAT,USTUNDE,UWOCHENTAG,UKATEGORIE,UART,UTYP1,ULICHTVERH,IstStrasse,IstRad,IstPKW,IstFuss,IstKrad,IstGkfz,IstSonstig,LINREFX,LINREFY,XGCSWGS84,YGCSWGS84
48311,48312,14,6,12,0,2016,9,1,5,2,8,1,2,0,0,1,0,0,0,0,8.30326E+20,5.67181E+21,1.37191E+16,5.11024E+16
48312,48313,14,6,26,110,2016,8,17,3,3,1,7,0,0,0,1,0,0,0,0,9.18629E+20,5.68441E+21,1.49886E+16,5.11575E+16
48313,48314,14,5,24,330,2016,8,18,3,3,3,6,0,0,1,1,0,0,0,0,7.45946E+20,5.62881E+21,1.24874E+16,5.07589E+16
48314,48315,14,6,28,110,2016,8,6,5,2,1,1,0,0,1,1,0,0,0,0,8.27511E+20,5.66037E+21,1.36686E+16,5.10014E+16
48315,48316,14,7,29,50,2016,8,13,6,2,6,4,0,0,0,1,1,0,0,0,7.44562E+20,5.66961E+21,1.24952E+16,5.11256E+16
48316,48317,14,6,25,40,2016,9,6,7,3,4,2,2,1,0,1,0,0,0,1,8.62625E+20,5.67728E+21,1.4184E+16,5.11319E+16
48317,48318,14,6,26,110,2016,7,11,6,3,2,6,0,1,0,1,0,0,0,0,9.16157E+20,5.68323E+21,1.49521E+16,5.11488E+16
48318,48319,14,6,27,60,2016,7,10,5,3,5,3,0,1,0,1,0,0,0,0,8.14664E+20,5.6931E+21,1.35147E+16,5.1302E+16
48319,48320,14,6,25,20,2016,8,7,2,2,5,2,0,0,1,1,0,0,0,0,8.80195E+20,5.68398E+21,1.44411E+16,5.11805E+16
48320,48321,14,6,28,380,2016,7,17,6,3,4,6,0,0,1,0,0,0,0,1,8.54621E+20,5.66842E+21,1.40614E+16,5.10576E+16
48321,48322,14,5,24,10,2016,7,16,6,3,4,1,0,0,0,1,0,1,0,0,7.59318E+20,5.63224E+21,1.2679E+16,5.07838E+16
48322,48323,14,6,26,520,2016,8,15,5,3,3,2,0,0,1,1,0,0,0,0,9.16248E+20,5.68483E+21,1.49552E+16,5.1163E+16
48323,48324,14,7,30,210,2016,8,15,2,3,2,3,0,0,0,1,0,1,0,0,7.90465E+20,5.68608E+21,1.31629E+16,5.1252E+16
48324,48325,14,5,21,630,2016,9,5,6,3,0,7,2,0,0,0,0,1,0,0,7.84362E+20,5.61775E+21,1.30223E+16,5.06421E+16
48325,48326,14,7,29,150,2016,7,9,4,3,5,3,0,0,0,1,0,0,0,0,7.59721E+20,5.66209E+21,1.2706E+16,5.10515E+16
48326,48327,14,5,24,330,2016,9,10,6,3,5,3,0,0,1,1,0,0,0,0,7.42925E+20,5.62461E+21,1.24419E+16,5.07224E+16
48327,48328,14,7,13,0,2016,7,11,5,3,1,6,0,0,0,1,0,0,0,0,7.3474E+20,5.69349E+21,1.23707E+16,5.13441E+16
48328,48329,14,5,24,330,2016,9,6,2,2,4,3,1,0,0,1,0,1,0,0,7.46336E+20,5.6243E+21,1.24899E+16,5.07183E+16
48329,48330,14,6,27,60,2016,8,17,3,2,8,1,0,0,1,0,0,0,0,0,8.12549E+20,5.69367E+21,1.3485E+16,5.13083E+16
48330,48331,14,6,12,0,2016,9,9,4,3,0,3,0,0,1,1,0,0,0,0,8.32532E+20,5.66373E+21,1.3743E+16,5.10287E+16
48331,48332,14,6,27,50,2016,9,14,6,3,4,3,0,0,1,1,0,0,0,0,8.09219E+20,5.70493E+21,1.34471E+16,5.14111E+16
48332,48333,14,5,21,390,2016,8,18,6,3,0,1,0,1,0,0,0,1,0,0,7.96646E+20,5.61994E+21,1.31973E+16,5.06556E+16
48333,48334,14,7,29,270,2016,8,11,2,2,9,1,0,0,0,1,0,0,0,0,7.22036E+20,5.6866E+21,1.21843E+16,5.12874E+16
48334,48335,14,5,11,0,2016,7,14,1,3,0,1,0,0,0,0,0,1,0,0,7.70836E+20,5.63514E+21,1.28442E+16,5.08046E+16
48335,48336,14,5,23,60,2016,7,9,3,3,0,6,0,0,0,1,0,0,0,0,7.19001E+20,5.58767E+21,1.20818E+16,5.04002E+16
48336,48337,14,6,27,100,2016,9,15,6,3,2,6,0,0,0,1,0,0,0,0,8.18835E+20,5.66649E+21,1.35508E+16,5.10612E+16
48337,48338,14,6,25,230,2016,8,14,2,3,0,6,0,0,0,1,0,0,0,0,8.89051E+20,5.68119E+21,1.45642E+16,5.11496E+16
48338,48339,14,5,24,330,2016,8,6,6,3,2,2,0,0,0,0,0,1,0,1,7.4594E+20,5.62528E+21,1.2485E+16,5.07272E+16
48339,48340,14,6,12,0,2016,8,17,4,3,7,1,0,0,1,0,0,0,0,0,8.30802E+20,5.67027E+21,1.37244E+16,5.10883E+16
48340,48341,14,7,13,0,2016,7,13,6,3,2,6,0,0,0,1,0,0,0,0,7.36209E+20,5.69384E+21,1.2392E+16,5.13466E+16
48341,48342,14,6,27,60,2016,8,11,1,3,2,2,0,0,0,1,0,0,0,0,8.16043E+20,5.69273E+21,1.35341E+16,5.1298E+16
48342,48343,14,5,22,440,2016,9,21,5,3,0,1,2,0,0,1,0,0,0,0,7.92765E+20,5.64755E+21,1.31645E+16,5.09052E+16
48343,48344,14,5,24,330,2016,9,13,1,3,4,2,0,1,0,1,0,1,0,0,7.45775E+20,5.62386E+21,1.24817E+16,5.07145E+16
48344,48345,14,7,13,0,2016,8,17,6,3,2,6,0,0,0,1,0,0,0,0,7.38088E+20,5.69003E+21,1.24164E+16,5.13117E+16
48345,48346,14,5,24,120,2016,9,15,2,3,2,6,0,0,0,1,0,0,0,0,7.58095E+20,5.63551E+21,1.2664E+16,5.08137E+16
48346,48347,14,6,12,0,2016,8,0,1,3,1,1,2,0,0,1,0,0,0,1,8.29872E+20,5.66723E+21,1.37084E+16,5.10616E+16
48347,48348,14,5,21,220,2016,9,17,3,3,5,3,0,0,0,1,0,1,0,0,7.85747E+20,5.63069E+21,1.30518E+16,5.07575E+16
48348,48349,14,6,25,380,2016,9,7,5,3,5,3,0,0,1,1,0,0,0,0,8.72368E+20,5.67364E+21,1.43189E+16,5.1093E+16
48349,48350,14,5,21,520,2016,8,9,5,3,2,6,0,0,0,1,0,0,0,0,7.80221E+20,5.60843E+21,1.29568E+16,5.05605E+16
48350,48351,14,5,23,320,2016,8,14,6,2,5,3,0,0,0,1,0,0,0,0,7.2456E+20,5.59367E+21,1.21634E+16,5.0452E+16
48351,48352,14,7,13,0,2016,7,12,3,3,3,2,0,0,1,1,0,0,0,0,7.35218E+20,5.69704E+21,1.23799E+16,5.13758E+16
48352,48353,14,6,27,140,2016,7,10,2,3,5,3,0,0,0,1,0,0,0,0,8.14251E+20,5.67798E+21,1.34956E+16,5.11667E+16
48353,48354,14,6,28,60,2016,7,17,2,3,2,2,0,0,0,1,0,0,0,0,8.29872E+20,5.65009E+21,1.36929E+16,5.0908E+16
48354,48355,14,5,22,180,2016,8,5,1,2,9,1,0,0,0,1,0,0,0,0,8.05102E+20,5.65244E+21,1.33436E+16,5.09427E+16
48355,48356,14,6,25,430,2016,7,12,1,2,3,6,0,0,0,1,0,0,0,0,8.37021E+20,5.68001E+21,1.3822E+16,5.11719E+16
48356,48357,14,6,25,150,2016,9,15,1,2,8,1,0,0,0,1,0,0,0,0,8.72025E+20,5.68319E+21,1.43239E+16,5.11788E+16
48357,48358,14,5,23,360,2016,8,6,4,2,8,1,0,1,0,1,0,0,0,0,7.39994E+20,5.605E+21,1.23877E+16,5.05476E+16
48358,48359,14,6,28,270,2016,9,7,2,3,5,3,0,0,1,1,0,0,0,0,8.46403E+20,5.6578E+21,1.39345E+16,5.09674E+16
48359,48360,14,6,12,0,2016,8,7,4,3,0,3,0,0,1,0,0,0,0,1,8.28504E+20,5.66801E+21,1.36897E+16,5.10694E+16
48360,48361,14,7,29,430,2016,8,15,4,3,2,2,0,0,0,1,0,1,0,0,7.31803E+20,5.67702E+21,1.2318E+16,5.11975E+16
48361,48362,14,5,24,80,2016,8,11,5,3,0,2,0,0,0,0,0,1,1,0,7.50887E+20,5.63629E+21,1.25624E+16,5.08239E+16
48362,48363,14,7,30,45,2016,8,13,7,2,5,3,0,0,0,1,0,1,0,0,7.70553E+20,5.70941E+21,1.2896E+16,5.14711E+16
48363,48364,14,5,24,90,2016,9,14,1,3,5,3,0,1,0,1,0,0,0,0,7.59904E+20,5.62281E+21,1.26807E+16,5.06989E+16
48364,48365,14,7,13,0,2016,8,7,6,3,0,7,0,0,1,0,0,0,0,0,7.34429E+20,5.6934E+21,1.23662E+16,5.13434E+16
48365,48366,14,5,21,170,2016,9,14,4,3,0,7,0,0,1,1,0,0,0,0,7.55824E+20,5.60134E+21,1.26082E+16,5.0508E+16
48366,48367,14,7,29,10,2016,7,16,1,3,5,3,0,1,0,1,0,0,0,0,7.58768E+20,5.66734E+21,1.26962E+16,5.1099E+16
48367,48368,14,7,13,0,2016,8,16,3,3,2,6,0,0,0,1,0,1,0,0,7.35864E+20,5.69372E+21,1.2387E+16,5.13457E+16
48368,48369,14,6,12,0,2016,7,14,1,3,0,1,0,1,0,0,0,1,0,0,8.27971E+20,5.66713E+21,1.36813E+16,5.10618E+16
48369,48370,14,7,29,190,2016,9,18,6,3,5,3,0,0,1,1,0,0,0,0,7.45444E+20,5.689E+21,1.2521E+16,5.12993E+16
48370,48371,14,5,24,200,2016,9,19,7,3,6,4,1,0,0,1,1,0,0,0,7.52091E+20,5.62671E+21,1.25729E+16,5.07374E+16
48371,48372,14,6,25,20,2016,7,7,6,2,0,1,0,0,1,0,0,0,0,0,8.80985E+20,5.68384E+21,1.44522E+16,5.11787E+16
48372,48373,14,6,25,510,2016,7,9,7,3,2,6,0,0,0,1,0,0,0,0,8.59861E+20,5.67941E+21,1.41468E+16,5.11527E+16
48373,48374,14,5,22,260,2016,7,11,4,3,9,1,0,1,0,1,0,0,0,0,7.66208E+20,5.64323E+21,1.27845E+16,5.08793E+16
48374,48375,14,5,24,330,2016,9,5,4,3,2,6,2,0,0,1,0,0,0,0,7.46109E+20,5.62649E+21,1.24882E+16,5.07379E+16
48375,48376,14,6,28,270,2016,8,16,3,3,2,6,0,0,0,1,0,0,0,0,8.495E+20,5.65391E+21,1.39747E+16,5.09307E+16
48376,48377,14,7,13,0,2016,7,18,2,2,5,3,0,0,1,1,0,0,0,0,7.34839E+20,5.70218E+21,1.23779E+16,5.14221E+16
48377,48378,14,5,21,670,2016,7,16,6,1,5,3,0,0,0,1,0,1,0,0,7.91422E+20,5.62175E+21,1.3125E+16,5.06745E+16
48378,48379,14,6,27,150,2016,8,17,6,3,3,6,0,0,1,1,0,0,0,0,8.28006E+20,5.67402E+21,1.3688E+16,5.11236E+16
48379,48380,14,6,12,0,2016,9,14,7,3,5,3,0,0,0,1,0,0,0,0,8.31643E+20,5.67087E+21,1.37369E+16,5.10932E+16
48380,48381,14,7,29,260,2016,7,6,5,3,0,3,0,1,1,0,0,0,0,1,7.36601E+20,5.6861E+21,1.23925E+16,5.1277E+16
48381,48382,14,5,22,180,2016,8,13,5,3,2,6,0,0,0,1,0,0,0,0,8.05581E+20,5.65011E+21,1.33484E+16,5.09215E+16
48382,48383,14,7,13,0,2016,7,11,7,3,5,3,0,0,0,1,0,0,0,0,7.36313E+20,5.69244E+21,1.23926E+16,5.13341E+16
48383,48384,14,6,25,600,2016,7,16,5,3,2,6,0,0,0,1,0,0,1,1,8.43531E+20,5.68018E+21,1.3915E+16,5.11696E+16
48384,48385,14,6,28,270,2016,8,11,2,2,1,1,0,0,0,0,0,1,0,1,8.4518E+20,5.65385E+21,1.39134E+16,5.09327E+16
48385,48386,14,5,23,160,2016,9,13,5,2,5,7,0,0,1,1,0,0,0,0,7.46241E+20,5.58394E+21,1.24619E+16,5.03559E+16
48386,48387,14,5,11,0,2016,7,21,4,3,5,3,2,0,0,1,0,0,0,0,7.76734E+20,5.63215E+21,1.29254E+16,5.0775E+16
48387,48388,14,7,29,160,2016,9,11,6,2,0,1,0,0,0,0,0,0,0,1,7.59901E+20,5.68235E+21,1.27232E+16,5.12332E+16
48388,48389,14,7,30,300,2016,9,12,2,2,8,1,0,1,0,1,0,0,0,0,7.41449E+20,5.69661E+21,1.2469E+16,5.13693E+16
48389,48390,14,5,23,270,2016,8,15,2,3,2,6,0,0,0,1,0,0,0,0,7.2987E+20,5.6024E+21,1.22435E+16,5.05284E+16
48390,48391,14,5,24,330,2016,9,11,3,3,1,7,0,0,1,1,0,0,0,0,7.45093E+20,5.62456E+21,1.24725E+16,5.07211E+16
48391,48392,14,6,27,180,2016,9,20,6,2,8,1,2,0,0,1,0,0,0,0,8.03257E+20,5.66304E+21,1.33262E+16,5.10387E+16
48392,48393,14,5,23,170,2016,8,5,5,3,4,6,0,0,0,1,0,0,0,0,7.36557E+20,5.60958E+21,1.23422E+16,5.05901E+16
48393,48394,14,6,12,0,2016,7,12,3,1,4,6,0,0,0,1,0,0,0,1,8.31008E+20,5.66852E+21,1.37257E+16,5.10725E+16
48394,48395,14,5,23,100,2016,9,6,5,3,4,6,0,0,1,1,0,0,0,0,7.27459E+20,5.61291E+21,1.22159E+16,5.06237E+16
48395,48396,14,6,12,0,2016,8,18,2,3,9,1,0,0,0,1,0,0,0,0,8.33691E+20,5.66327E+21,1.37591E+16,5.1024E+16
48396,48397,14,6,26,570,2016,7,5,5,3,2,6,0,0,0,1,0,0,1,0,9.00033E+20,5.68886E+21,1.4729E+16,5.12106E+16
48397,48398,14,7,13,0,2016,8,7,6,3,3,2,0,0,1,1,0,0,0,0,7.40023E+20,5.69442E+21,1.24471E+16,5.13503E+16
48398,48399,14,5,22,110,2016,8,10,4,3,9,1,0,0,0,1,0,0,0,0,7.98075E+20,5.63461E+21,1.32293E+16,5.07864E+16
48399,48400,14,6,12,0,2016,7,19,6,3,0,1,0,0,1,0,0,0,0,0,8.37499E+20,5.66709E+21,1.38167E+16,5.1056E+16
48400,48401,14,5,24,60,2016,8,23,7,3,6,7,2,0,0,1,1,0,0,0,7.38767E+20,5.62312E+21,1.23821E+16,5.07108E+16
48401,48402,14,5,23,300,2016,8,10,4,2,5,3,0,0,0,1,0,0,0,0,7.25719E+20,5.59005E+21,1.21776E+16,5.0419E+16
48402,48403,14,6,25,320,2016,8,17,6,3,2,6,0,0,0,1,0,0,0,0,8.49934E+20,5.67896E+21,1.4005E+16,5.11548E+16
48403,48404,14,5,21,670,2016,8,9,2,3,5,3,0,0,0,1,0,0,0,0,7.90688E+20,5.6221E+21,1.31149E+16,5.0678E+16
48404,48405,14,6,26,440,2016,9,12,2,2,9,7,0,0,0,0,0,0,0,1,9.00377E+20,5.69924E+21,1.47455E+16,5.13033E+16
48405,48406,14,7,29,410,2016,8,20,7,2,8,1,0,0,0,1,0,0,0,0,7.64767E+20,5.69536E+21,1.28023E+16,5.13477E+16
48406,48407,14,7,30,280,2016,8,10,2,2,3,7,0,0,1,1,0,0,0,0,7.37768E+20,5.71245E+21,1.24269E+16,5.15131E+16
48407,48408,14,5,22,180,2016,9,17,6,3,5,2,0,0,0,1,0,0,0,0,8.04899E+20,5.65012E+21,1.33387E+16,5.0922E+16
48408,48409,14,6,25,340,2016,7,10,4,3,0,7,0,0,1,0,0,0,0,0,8.87375E+20,5.69299E+21,1.45531E+16,5.12563E+16
48409,48410,14,7,13,0,2016,9,13,6,3,5,3,0,0,1,1,0,0,0,0,7.34008E+20,5.69324E+21,1.23601E+16,5.13422E+16
48410,48411,14,6,26,580,2016,7,15,5,2,2,2,0,0,0,1,0,0,0,0,9.05226E+20,5.69471E+21,1.48095E+16,5.12593E+16
48411,48412,14,7,13,0,2016,9,6,2,3,5,3,0,1,1,0,0,1,0,0,7.36997E+20,5.69138E+21,1.24017E+16,5.13242E+16
48412,48413,14,5,22,120,2016,8,9,3,3,2,6,0,0,0,1,0,0,0,0,7.75542E+20,5.65791E+21,1.2928E+16,5.10066E+16
48413,48414,14,5,21,310,2016,9,16,4,2,6,6,0,0,1,0,1,0,0,0,7.70624E+20,5.63043E+21,1.28377E+16,5.07624E+16
48414,48415,14,6,12,0,2016,9,17,6,2,5,3,0,0,0,1,0,1,0,0,8.34522E+20,5.66178E+21,1.37695E+16,5.10101E+16
48415,48416,14,5,11,0,2016,8,21,6,3,3,5,2,1,0,1,0,0,0,0,7.78435E+20,5.64224E+21,1.29572E+16,5.08647E+16
48416,48417,14,5,24,330,2016,7,11,7,2,0,1,0,0,0,0,0,1,0,0,7.45218E+20,5.63283E+21,1.24798E+16,5.07953E+16
48417,48418,14,6,25,480,2016,7,5,3,3,5,3,0,0,0,1,0,0,0,0,8.44695E+20,5.67241E+21,1.39241E+16,5.10993E+16
48418,48419,14,5,21,600,2016,9,6,6,2,5,3,0,0,0,1,0,1,0,0,7.55436E+20,5.60687E+21,1.26066E+16,5.05579E+16
48419,48420,14,6,27,80,2016,8,16,2,2,5,3,0,0,0,1,0,0,0,0,8.06469E+20,5.67257E+21,1.338E+16,5.11224E+16
48420,48421,14,6,28,240,2016,7,13,5,3,2,6,0,0,0,1,0,0,0,0,8.48402E+20,5.65956E+21,1.39645E+16,5.0982E+16
48421,48422,14,7,29,270,2016,8,16,6,3,5,2,0,0,0,0,0,1,0,0,7.21929E+20,5.6871E+21,1.21831E+16,5.12919E+16
48422,48423,14,5,11,0,2016,8,11,4,3,4,2,0,0,1,1,0,0,0,0,7.78704E+20,5.63846E+21,1.29581E+16,5.08306E+16
48423,48424,14,6,27,230,2016,7,17,6,2,5,3,0,0,1,1,0,0,0,0,7.96056E+20,5.69326E+21,1.32487E+16,5.13134E+16
48424,48425,14,6,27,60,2016,8,9,1,1,2,6,0,0,0,1,0,1,0,1,8.16514E+20,5.6962E+21,1.35439E+16,5.13288E+16
48425,48426,14,5,24,300,2016,8,16,4,3,3,6,0,0,0,1,0,1,0,0,7.38256E+20,5.6263E+21,1.2377E+16,5.07395E+16
48426,48427,14,7,30,60,2016,9,16,1,2,0,1,0,1,1,0,0,0,0,0,7.80661E+20,5.70422E+21,1.3037E+16,5.14196E+16
48427,48428,14,6,26,160,2016,8,10,6,3,5,3,0,0,0,1,0,0,0,0,9.05845E+20,5.70092E+21,1.48254E+16,5.13144E+16
48428,48429,14,6,12,0,2016,8,17,2,2,0,1,0,0,1,0,0,0,0,0,8.31186E+20,5.66709E+21,1.3727E+16,5.10596E+16
48429,48430,14,7,29,250,2016,9,17,2,2,4,6,0,0,1,0,0,0,0,0,7.52633E+20,5.69594E+21,1.26289E+16,5.13584E+16
48430,48431,14,5,11,0,2016,8,14,1,3,9,6,0,0,0,1,0,0,0,0,7.74737E+20,5.64335E+21,1.29056E+16,5.08764E+16
48431,48432,14,5,23,20,2016,9,13,2,3,5,3,0,0,0,1,0,0,1,0,7.39258E+20,5.60209E+21,1.23755E+16,5.05218E+16
48432,48433,14,6,12,0,2016,9,8,5,3,5,2,0,0,1,1,0,0,0,0,8.31854E+20,5.66752E+21,1.37369E+16,5.10631E+16
48433,48434,14,5,24,160,2016,8,12,4,2,9,1,0,1,0,1,0,0,0,0,7.56418E+20,5.62703E+21,1.26343E+16,5.07384E+16
48434,48435,14,7,29,170,2016,8,7,6,3,8,1,0,1,0,0,0,0,1,0,7.30297E+20,5.66972E+21,1.22918E+16,5.11325E+16
48435,48436,14,6,25,110,2016,7,0,3,3,7,7,2,0,0,1,0,0,0,1,8.74021E+20,5.67933E+21,1.43483E+16,5.11429E+16
48436,48437,14,6,27,100,2016,7,13,2,2,3,6,0,0,0,1,0,0,1,0,8.12307E+20,5.66602E+21,1.34575E+16,5.10606E+16
48437,48438,14,7,30,270,2016,8,7,7,3,8,7,0,0,0,1,0,0,0,0,7.21399E+20,5.69767E+21,1.21821E+16,5.1387E+16
48438,48439,14,6,25,430,2016,7,17,1,2,0,1,0,0,1,0,0,0,0,0,8.33989E+20,5.68163E+21,1.37803E+16,5.11883E+16
48439,48440,14,6,12,0,2016,9,3,1,3,6,4,2,0,0,1,1,0,0,0,8.28952E+20,5.66509E+21,1.36934E+16,5.1043E+16
48440,48441,14,6,25,450,2016,8,17,4,3,8,1,0,1,0,0,0,1,0,0,8.50398E+20,5.68213E+21,1.40147E+16,5.11829E+16
48441,48442,14,6,27,100,2016,9,7,2,2,3,6,0,0,0,1,0,0,0,1,8.19331E+20,5.66655E+21,1.35579E+16,5.10615E+16
48442,48443,14,6,12,0,2016,8,8,4,2,9,1,0,0,0,0,0,1,0,0,8.25505E+20,5.66402E+21,1.36434E+16,5.10354E+16
48443,48444,14,6,26,610,2016,8,15,4,2,5,3,0,0,0,1,0,0,0,1,9.10884E+20,5.6627E+21,1.48538E+16,5.09689E+16
48444,48445,14,7,13,0,2016,8,15,5,3,5,3,0,0,1,0,0,1,0,0,7.38858E+20,5.69449E+21,1.24304E+16,5.13514E+16
48445,48446,14,6,27,210,2016,8,16,7,3,5,3,0,0,0,1,0,1,0,0,8.21743E+20,5.67326E+21,1.35982E+16,5.11203E+16
48446,48447,14,7,30,340,2016,9,12,1,3,3,6,0,0,0,1,0,0,0,0,7.22733E+20,5.7036E+21,1.2205E+16,5.14397E+16
48447,48448,14,5,21,530,2016,9,10,4,2,8,1,0,0,0,1,0,0,0,0,7.54176E+20,5.61265E+21,1.25927E+16,5.06102E+16
48448,48449,14,6,25,240,2016,7,10,1,2,5,3,0,0,1,1,0,0,0,0,8.63373E+20,5.71242E+21,1.42304E+16,5.14461E+16
48449,48450,14,7,30,70,2016,7,14,7,3,1,6,0,0,0,1,0,0,0,0,7.28803E+20,5.71383E+21,1.22988E+16,5.15292E+16
48450,48451,14,5,11,0,2016,8,6,6,2,8,1,0,0,0,0,0,1,0,0,7.67389E+20,5.63313E+21,1.27939E+16,5.07882E+16
48451,48452,14,7,13,0,2016,9,15,6,2,2,6,0,0,0,1,0,1,0,0,7.27745E+20,5.69017E+21,1.22684E+16,5.13172E+16
48452,48453,14,6,25,80,2016,9,8,7,3,4,6,0,0,1,1,0,0,0,0,8.65785E+20,5.68938E+21,1.42413E+16,5.12383E+16
48453,48454,14,6,12,0,2016,7,11,6,3,0,7,0,0,0,1,0,0,0,1,8.34586E+20,5.65999E+21,1.37688E+16,5.0994E+16
48454,48455,14,5,23,340,2016,7,19,4,3,2,2,0,0,0,1,0,0,0,0,7.33033E+20,5.61382E+21,1.22952E+16,5.06296E+16
48455,48456,14,6,12,0,2016,7,3,7,3,8,1,2,0,0,1,0,0,0,0,8.21356E+20,5.66675E+21,1.35869E+16,5.10621E+16
48456,48457,14,5,24,130,2016,7,14,3,3,9,1,0,0,0,1,0,0,0,0,7.49605E+20,5.61521E+21,1.253E+16,5.06353E+16
48457,48458,14,5,23,270,2016,9,11,4,2,4,6,0,0,0,0,0,1,0,0,7.26909E+20,5.6007E+21,1.22007E+16,5.05142E+16
48458,48459,14,6,12,0,2016,8,16,3,3,2,6,0,0,0,1,0,0,0,0,8.30735E+20,5.66481E+21,1.37185E+16,5.10394E+16
48459,48460,14,6,12,0,2016,7,12,2,3,2,6,0,0,0,1,0,0,0,1,8.3328E+20,5.6695E+21,1.3759E+16,5.108E+16
48460,48461,14,7,13,0,2016,7,9,5,3,5,2,0,0,1,0,0,0,0,1,7.37304E+20,5.6909E+21,1.24058E+16,5.13198E+16
48461,48462,14,6,12,0,2016,8,11,6,3,2,2,0,0,0,1,0,0,0,0,8.32537E+20,5.66764E+21,1.37467E+16,5.10638E+16
48462,48463,14,7,30,200,2016,9,22,6,2,0,7,2,1,0,0,0,1,0,0,7.84284E+20,5.68225E+21,1.30715E+16,5.12207E+16
48463,48464,14,6,26,230,2016,8,15,3,3,5,3,0,1,1,1,0,0,0,0,9.11023E+20,5.69264E+21,1.48898E+16,5.12367E+16
48464,48465,14,5,24,160,2016,8,18,4,3,4,6,0,0,0,1,0,0,0,0,7.57577E+20,5.62852E+21,1.26518E+16,5.07512E+16
48465,48466,14,6,27,140,2016,7,19,7,2,9,1,0,1,0,1,0,0,0,0,8.12441E+20,5.68034E+21,1.34718E+16,5.11889E+16
48466,48467,14,6,28,410,2016,7,18,5,3,9,1,0,0,0,1,0,0,0,0,8.15394E+20,5.66509E+21,1.35006E+16,5.10506E+16
48467,48468,14,6,12,0,2016,8,15,2,3,5,3,0,0,1,1,0,0,0,0,8.32202E+20,5.66772E+21,1.3742E+16,5.10647E+16
48468,48469,14,7,30,270,2016,7,11,7,2,8,1,0,0,0,0,0,1,0,0,7.27528E+20,5.70397E+21,1.22741E+16,5.14412E+16
48469,48470,14,7,13,0,2016,9,7,5,3,2,2,0,0,0,1,0,0,0,1,7.37157E+20,5.69109E+21,1.24038E+16,5.13216E+16
48470,48471,14,6,25,550,2016,9,6,2,3,8,1,1,1,0,1,0,0,0,0,8.46187E+20,5.7027E+21,1.39746E+16,5.13697E+16
48471,48472,14,6,27,210,2016,8,12,2,3,5,3,0,0,1,1,0,0,0,0,8.26563E+20,5.67184E+21,1.36655E+16,5.11049E+16
48472,48473,14,5,24,330,2016,9,12,3,3,5,3,0,0,0,1,0,0,0,1,7.46958E+20,5.62952E+21,1.25022E+16,5.07648E+16
48473,48474,14,5,22,140,2016,9,16,6,2,3,6,0,0,1,0,0,0,0,1,7.87803E+20,5.64005E+21,1.30882E+16,5.08405E+16
48474,48475,14,7,13,0,2016,8,11,5,3,3,2,0,0,1,1,0,0,0,0,7.3208E+20,5.69245E+21,1.23319E+16,5.13359E+16
48475,48476,14,6,26,610,2016,9,20,5,3,0,7,2,0,1,0,0,0,0,0,9.08611E+20,5.65426E+21,1.48121E+16,5.08951E+16
48476,48477,14,5,22,140,2016,8,17,2,3,2,6,0,0,0,1,0,0,0,0,7.85895E+20,5.64244E+21,1.30631E+16,5.08628E+16
48477,48478,14,6,28,380,2016,7,11,5,3,2,6,0,0,1,1,0,0,0,0,8.57951E+20,5.66916E+21,1.41095E+16,5.10621E+16
48478,48479,14,5,24,330,2016,8,19,3,3,3,6,0,0,0,1,0,0,0,0,7.48283E+20,5.62242E+21,1.25162E+16,5.07005E+16
48479,48480,14,7,29,260,2016,8,13,7,3,5,3,0,0,0,1,0,0,0,0,7.39341E+20,5.68631E+21,1.24319E+16,5.12778E+16
48480,48481,14,5,22,310,2016,8,19,4,3,8,7,1,0,0,1,0,0,0,0,7.74496E+20,5.68151E+21,1.29311E+16,5.12189E+16
48481,48482,14,6,28,60,2016,8,6,6,2,8,1,0,0,0,1,0,0,0,0,8.28203E+20,5.6386E+21,1.36589E+16,5.0806E+16
48482,48483,14,5,23,320,2016,8,18,1,3,5,3,0,0,0,1,0,0,0,0,7.2273E+20,5.59774E+21,1.21401E+16,5.04892E+16
48483,48484,14,6,28,210,2016,9,10,2,2,8,1,0,1,0,1,0,0,0,0,8.54878E+20,5.65374E+21,1.40507E+16,5.09258E+16
48484,48485,14,6,25,410,2016,8,0,7,3,2,6,2,0,0,1,0,0,1,0,8.55031E+20,5.68115E+21,1.40798E+16,5.11713E+16
48485,48486,14,7,30,230,2016,9,11,4,2,5,3,0,0,1,1,0,0,0,0,7.88485E+20,5.69016E+21,1.31378E+16,5.12896E+16
48486,48487,14,6,28,390,2016,8,16,4,2,5,3,0,0,0,1,0,1,0,0,8.52502E+20,5.65444E+21,1.40177E+16,5.09336E+16
48487,48488,14,6,28,60,2016,8,11,6,2,9,1,0,1,0,1,0,0,0,0,8.31528E+20,5.64968E+21,1.3716E+16,5.09033E+16
48488,48489,14,5,21,430,2016,7,15,2,2,9,1,0,0,0,1,0,0,0,0,7.65601E+20,5.62503E+21,1.27628E+16,5.07163E+16
48489,48490,14,6,28,20,2016,8,8,7,3,7,7,0,0,0,1,0,0,0,0,8.51179E+20,5.64734E+21,1.39922E+16,5.08708E+16