FID,OBJECTID,ULAND,UREGBEZ,UKREIS,UGEMEINDE,UJAHR,UMONAT,USTUNDE,UWOCHENTAG,UKATEGORIE,UART,UTYP1,ULICHTVERH,IstStrasse,IstRad,IstPKW,IstFuss,IstKrad,IstGkfz,IstSonstig,LINREFX,LINREFY,XGCSWGS84,YGCSWGS84
48668,48669,14,7,30,70,2016,8,11,2,3,4,2,0,0,0,1,0,0,0,0,7.31605E+20,5.71183E+21,1.23378E+16,5.151E+16
48669,48670,14,5,11,0,2016,9,17,6,3,2,6,0,0,1,1,0,0,0,0,7.77681E+20,5.64033E+21,1.2945E+16,5.08479E+16
48670,48671,14,6,26,610,2016,7,14,4,2,9,1,0,0,1,0,0,0,0,0,9.11313E+20,5.65732E+21,1.48538E+16,5.09205E+16
48671,48672,14,7,30,110,2016,9,14,6,2,5,3,0,0,0,1,0,1,0,0,7.51906E+20,5.70697E+21,1.26263E+16,5.14578E+16
48672,48673,14,7,29,70,2016,7,3,5,1,8,1,2,0,0,0,0,0,1,0,7.47635E+20,5.69025E+21,1.25533E+16,5.13096E+16
48673,48674,14,7,30,310,2016,9,9,2,3,0,1,0,1,0,0,0,1,0,0,7.75422E+20,5.72044E+21,1.29745E+16,5.15676E+16
48674,48675,14,6,27,180,2016,8,16,3,2,5,3,0,0,0,1,0,0,0,0,8.0279E+20,5.6663E+21,1.33223E+16,5.10682E+16
48675,48676,14,6,12,0,2016,9,14,4,3,3,6,0,0,0,1,0,0,0,0,8.31947E+20,5.66847E+21,1.37391E+16,5.10715E+16
48676,48677,14,6,28,150,2016,9,19,6,2,9,1,2,0,0,0,0,1,0,0,8.21121E+20,5.63666E+21,1.3557E+16,5.07925E+16
48677,48678,14,5,22,80,2016,8,15,6,3,6,4,0,0,0,1,1,0,0,0,7.87405E+20,5.67153E+21,1.31075E+16,5.1123E+16
48678,48679,14,6,26,310,2016,8,14,2,3,8,7,0,0,1,0,0,0,0,0,9.08591E+20,5.65614E+21,1.4814E+16,5.09119E+16
48679,48680,14,5,21,495,2016,7,11,1,2,8,1,0,1,0,1,0,0,0,0,7.96757E+20,5.62539E+21,1.32032E+16,5.07044E+16
48680,48681,14,7,30,30,2016,7,14,3,3,8,1,0,0,0,1,0,0,0,0,7.86312E+20,5.71924E+21,1.31302E+16,5.15515E+16
48681,48682,14,6,12,0,2016,9,17,6,3,2,6,0,0,0,1,0,0,0,0,8.29193E+20,5.66515E+21,1.36969E+16,5.10434E+16
48682,48683,14,6,28,270,2016,8,7,2,3,5,3,0,0,1,1,0,0,0,0,8.46605E+20,5.65675E+21,1.39363E+16,5.09579E+16
48683,48684,14,6,28,110,2016,7,18,5,2,2,5,0,0,0,1,0,0,0,0,8.28085E+20,5.6587E+21,1.36753E+16,5.09862E+16
48684,48685,14,5,23,350,2016,8,22,6,3,3,2,2,0,0,1,0,0,0,1,7.1173E+20,5.59615E+21,1.19844E+16,5.0479E+16
48685,48686,14,5,21,390,2016,8,19,4,3,8,1,2,0,0,1,0,0,0,0,8.06117E+20,5.61525E+21,1.3327E+16,5.06086E+16
48686,48687,14,6,25,220,2016,7,11,6,3,5,3,0,0,0,1,0,0,0,0,8.49533E+20,5.68925E+21,1.40093E+16,5.12472E+16
48687,48688,14,6,28,130,2016,8,13,1,2,8,1,0,0,0,0,0,1,0,0,8.35715E+20,5.64236E+21,1.37686E+16,5.08353E+16
48688,48689,14,5,22,140,2016,9,11,5,3,4,6,0,0,0,1,0,0,0,0,7.86708E+20,5.64015E+21,1.30728E+16,5.08418E+16
48689,48690,14,5,24,330,2016,9,11,1,3,3,7,0,0,1,1,0,0,0,0,7.45727E+20,5.63462E+21,1.24882E+16,5.08111E+16
48690,48691,14,6,26,600,2016,8,7,6,3,3,6,0,0,0,1,0,1,0,0,8.90706E+20,5.7199E+21,1.46301E+16,5.14948E+16
48691,48692,14,5,23,10,2016,9,12,2,2,4,1,0,1,0,1,0,0,1,1,7.34013E+20,5.57878E+21,1.22871E+16,5.03146E+16
48692,48693,14,5,22,530,2016,8,21,1,2,5,3,2,0,0,1,0,1,0,0,7.6866E+20,5.658E+21,1.28302E+16,5.10107E+16
48693,48694,14,5,24,100,2016,9,18,2,3,5,3,0,0,0,1,0,0,0,0,7.50985E+20,5.61076E+21,1.25465E+16,5.05947E+16
48694,48695,14,6,12,0,2016,9,6,5,3,2,1,0,0,0,1,0,1,0,0,8.2676E+20,5.66567E+21,1.36627E+16,5.10495E+16
48695,48696,14,5,24,300,2016,8,13,4,3,0,3,0,0,0,1,0,1,0,0,7.38622E+20,5.62611E+21,1.2382E+16,5.07377E+16
48696,48697,14,7,30,160,2016,8,15,6,2,8,1,0,0,0,1,0,0,0,0,7.58636E+20,5.72084E+21,1.27331E+16,5.15792E+16
48697,48698,14,7,13,0,2016,7,7,3,1,4,6,0,0,0,1,0,0,1,0,7.29227E+20,5.687E+21,1.22875E+16,5.12881E+16
48698,48699,14,6,27,140,2016,7,11,2,3,2,2,0,0,0,1,0,1,0,0,8.13679E+20,5.67642E+21,1.3486E+16,5.1153E+16
48699,48700,14,6,12,0,2016,7,11,2,3,3,6,0,0,1,0,0,0,0,1,8.36708E+20,5.66063E+21,1.37995E+16,5.09986E+16
48700,48701,14,5,23,350,2016,8,18,7,2,8,6,0,0,0,1,0,0,0,0,7.13153E+20,5.59728E+21,1.2005E+16,5.04887E+16
48701,48702,14,6,28,270,2016,7,13,1,3,0,1,0,0,0,0,0,0,0,1,8.44847E+20,5.65756E+21,1.39122E+16,5.09662E+16
48702,48703,14,6,28,270,2016,9,17,1,3,0,1,0,1,0,0,0,1,0,0,8.4407E+20,5.65658E+21,1.39002E+16,5.09578E+16
48703,48704,14,7,30,230,2016,8,15,4,2,8,7,0,0,0,1,0,0,0,0,7.86628E+20,5.69124E+21,1.31121E+16,5.13002E+16
48704,48705,14,6,28,110,2016,9,11,2,3,2,2,0,0,0,1,0,0,0,0,8.27637E+20,5.66017E+21,1.36703E+16,5.09996E+16
48705,48706,14,6,12,0,2016,8,7,4,2,3,6,0,0,1,0,0,0,0,0,8.30829E+20,5.66494E+21,1.37199E+16,5.10405E+16
48706,48707,14,7,13,0,2016,8,7,4,3,3,2,0,0,1,1,0,0,0,0,7.36658E+20,5.69559E+21,1.23996E+16,5.13622E+16
48707,48708,14,5,23,160,2016,8,13,5,3,1,7,0,0,0,1,0,0,1,0,7.47579E+20,5.58733E+21,1.24829E+16,5.03858E+16
48708,48709,14,7,30,330,2016,8,12,7,1,4,6,0,0,0,1,0,0,0,0,7.76489E+20,5.68734E+21,1.2964E+16,5.12702E+16
48709,48710,14,5,24,80,2016,9,5,1,3,9,1,1,1,0,1,0,0,0,0,7.4861E+20,5.63507E+21,1.25293E+16,5.08139E+16
48710,48711,14,6,26,610,2016,8,21,6,2,8,1,2,1,0,1,0,0,0,0,9.08498E+20,5.65406E+21,1.48103E+16,5.08933E+16
48711,48712,14,5,21,210,2016,9,16,4,3,6,2,0,0,0,1,1,0,0,0,7.77552E+20,5.61533E+21,1.29244E+16,5.06237E+16
48712,48713,14,7,29,50,2016,7,15,1,2,8,1,0,0,0,1,0,0,0,0,7.42921E+20,5.6653E+21,1.24689E+16,5.10876E+16
48713,48714,14,5,22,430,2016,7,14,1,3,8,1,0,1,0,1,0,0,0,0,7.98261E+20,5.64703E+21,1.3242E+16,5.08977E+16
48714,48715,14,7,30,230,2016,9,6,6,3,5,7,0,0,0,1,0,0,0,1,7.86223E+20,5.69183E+21,1.31068E+16,5.13057E+16
48715,48716,14,7,13,0,2016,9,22,7,3,6,4,2,0,0,0,1,1,0,0,7.3435E+20,5.69336E+21,1.23651E+16,5.13431E+16
48716,48717,14,6,25,250,2016,7,20,6,2,5,3,0,0,0,1,0,0,0,1,8.53876E+20,5.69298E+21,1.4075E+16,5.1278E+16
48717,48718,14,6,28,80,2016,7,22,7,3,1,5,2,0,0,1,0,0,0,0,8.40916E+20,5.65706E+21,1.38559E+16,5.0964E+16
48718,48719,14,5,11,0,2016,7,22,4,2,3,6,2,0,0,1,0,0,0,0,7.71744E+20,5.64088E+21,1.28613E+16,5.08557E+16
48719,48720,14,6,12,0,2016,8,16,1,2,2,6,0,0,0,1,0,0,0,0,8.31993E+20,5.67438E+21,1.37451E+16,5.11244E+16
48720,48721,14,7,30,30,2016,7,15,1,3,8,7,0,0,0,1,0,0,0,0,7.79883E+20,5.72717E+21,1.30441E+16,5.16258E+16
48721,48722,14,5,21,170,2016,8,17,5,2,9,1,0,0,0,1,0,0,0,0,7.56015E+20,5.59868E+21,1.26091E+16,5.0484E+16
48722,48723,14,7,29,320,2016,9,5,2,3,4,6,0,0,0,1,0,0,0,0,7.38919E+20,5.67391E+21,1.24176E+16,5.11667E+16
48723,48724,14,6,27,110,2016,8,17,4,2,8,1,0,0,0,0,0,0,0,1,8.28081E+20,5.69704E+21,1.37102E+16,5.13298E+16
48724,48725,14,5,24,90,2016,8,9,4,3,0,7,0,0,0,1,1,0,0,1,7.61937E+20,5.61698E+21,1.27053E+16,5.06457E+16
48725,48726,14,5,22,230,2016,8,14,6,2,3,6,0,0,0,1,0,1,0,0,7.8821E+20,5.65582E+21,1.31065E+16,5.09817E+16
48726,48727,14,7,29,50,2016,8,17,7,2,8,7,0,0,0,1,0,0,0,0,7.43503E+20,5.67563E+21,1.24842E+16,5.11801E+16
48727,48728,14,5,11,0,2016,9,7,2,3,0,1,0,1,0,0,0,1,0,0,7.69143E+20,5.64304E+21,1.2826E+16,5.08762E+16
48728,48729,14,7,29,320,2016,8,5,6,2,5,3,0,1,0,1,0,1,0,0,7.39211E+20,5.67109E+21,1.24199E+16,5.11412E+16
48729,48730,14,6,28,60,2016,9,12,4,3,4,6,0,0,0,1,0,0,0,0,8.25946E+20,5.64725E+21,1.36347E+16,5.08848E+16
48730,48731,14,5,23,330,2016,7,13,1,2,8,1,0,1,0,1,0,0,0,0,7.27474E+20,5.60528E+21,1.22115E+16,5.05552E+16
48731,48732,14,5,11,0,2016,8,15,4,3,2,6,0,1,0,1,0,0,0,0,7.74337E+20,5.6402E+21,1.28975E+16,5.08483E+16
48732,48733,14,7,30,190,2016,8,1,5,3,9,1,2,0,0,1,0,0,0,0,7.63199E+20,5.7099E+21,1.27907E+16,5.14789E+16
48733,48734,14,6,28,110,2016,7,16,1,3,0,1,0,1,1,0,0,0,0,0,8.25248E+20,5.66215E+21,1.36381E+16,5.10187E+16
48734,48735,14,7,29,320,2016,9,12,6,3,0,7,0,1,0,0,0,1,1,0,7.40644E+20,5.67078E+21,1.24401E+16,5.11378E+16
48735,48736,14,6,28,80,2016,9,10,1,3,3,6,0,0,0,1,0,0,0,0,8.37096E+20,5.65827E+21,1.38028E+16,5.09771E+16
48736,48737,14,6,26,110,2016,7,15,6,3,5,3,0,0,1,1,0,0,0,0,9.17858E+20,5.67983E+21,1.49723E+16,5.11172E+16
48737,48738,14,7,29,260,2016,7,15,7,3,2,6,0,0,0,1,0,0,0,0,7.3608E+20,5.68398E+21,1.23837E+16,5.12582E+16
48738,48739,14,6,27,180,2016,7,14,4,2,9,1,0,1,0,1,0,0,0,0,8.04387E+20,5.66414E+21,1.33432E+16,5.1048E+16
48739,48740,14,5,22,550,2016,9,9,5,2,5,3,0,0,1,0,0,0,0,1,7.69111E+20,5.64761E+21,1.28289E+16,5.09173E+16
48740,48741,14,6,25,20,2016,8,16,3,3,3,2,0,0,1,1,0,0,0,0,8.78979E+20,5.6838E+21,1.44236E+16,5.11796E+16
48741,48742,14,7,30,70,2016,7,6,2,2,3,2,0,0,1,1,0,0,0,0,7.31371E+20,5.71414E+21,1.23359E+16,5.15309E+16
48742,48743,14,5,11,0,2016,7,20,6,3,5,3,0,0,1,1,0,0,0,0,7.76033E+20,5.6375E+21,1.29196E+16,5.08233E+16
48743,48744,14,6,25,150,2016,8,14,6,3,2,6,0,0,0,1,0,0,0,0,8.70425E+20,5.6858E+21,1.43038E+16,5.12032E+16
48744,48745,14,6,28,110,2016,9,13,7,3,2,6,0,0,0,1,0,0,0,0,8.25958E+20,5.65952E+21,1.36458E+16,5.09947E+16
48745,48746,14,7,29,160,2016,7,10,5,3,5,3,0,1,0,1,0,0,0,0,7.64207E+20,5.68699E+21,1.27881E+16,5.12729E+16
48746,48747,14,5,22,150,2016,7,12,5,3,9,1,0,1,0,1,0,0,1,0,7.8367E+20,5.64872E+21,1.30364E+16,5.09203E+16
48747,48748,14,5,22,180,2016,8,22,5,3,3,6,2,0,1,1,0,0,0,0,8.03613E+20,5.65106E+21,1.33213E+16,5.09311E+16
48748,48749,14,6,25,340,2016,7,18,5,2,8,6,0,1,0,1,0,0,0,0,8.83281E+20,5.68813E+21,1.44895E+16,5.12156E+16
48749,48750,14,6,26,85,2016,8,10,2,3,3,2,0,0,1,1,0,0,0,0,8.93577E+20,5.66248E+21,1.46083E+16,5.0979E+16
48750,48751,14,5,24,50,2016,9,14,5,3,4,2,0,0,0,1,0,0,0,1,7.45989E+20,5.6352E+21,1.24923E+16,5.08162E+16
48751,48752,14,6,12,0,2016,7,18,4,3,5,3,0,0,1,1,0,0,0,0,8.3052E+20,5.66893E+21,1.37192E+16,5.10765E+16
48752,48753,14,7,13,0,2016,9,11,6,3,2,2,0,0,0,1,0,0,0,0,7.37354E+20,5.69024E+21,1.2406E+16,5.13139E+16
48753,48754,14,6,12,0,2016,7,12,5,3,0,7,0,1,0,0,0,1,1,0,8.39626E+20,5.66789E+21,1.38477E+16,5.10618E+16
48754,48755,14,7,13,0,2016,9,12,2,3,2,6,0,0,0,1,0,0,0,0,7.40755E+20,5.69446E+21,1.24576E+16,5.13504E+16
48755,48756,14,5,21,20,2016,8,10,3,2,5,3,0,0,0,1,0,0,0,0,7.84397E+20,5.60821E+21,1.30155E+16,5.05565E+16
48756,48757,14,5,22,60,2016,9,14,4,2,5,3,0,0,0,1,0,1,0,0,7.67307E+20,5.64721E+21,1.2803E+16,5.09145E+16
48757,48758,14,6,12,0,2016,9,16,6,3,3,6,0,0,0,1,0,1,0,0,8.35238E+20,5.66818E+21,1.37856E+16,5.1067E+16
48758,48759,14,5,21,390,2016,8,10,6,2,4,1,0,0,0,1,0,0,0,0,7.95865E+20,5.6185E+21,1.31851E+16,5.06431E+16
48759,48760,14,6,28,130,2016,7,7,3,3,2,2,0,0,0,1,0,0,0,0,8.36662E+20,5.64442E+21,1.37839E+16,5.08532E+16
48760,48761,14,5,24,90,2016,9,14,5,3,5,3,0,0,0,1,0,0,0,0,7.57914E+20,5.61943E+21,1.26502E+16,5.06695E+16
48761,48762,14,6,28,110,2016,8,12,2,3,5,3,0,0,0,1,0,0,0,0,8.25031E+20,5.65825E+21,1.36315E+16,5.09839E+16
48762,48763,14,6,12,0,2016,7,14,5,3,5,3,0,0,1,1,0,0,0,0,8.31328E+20,5.66707E+21,1.3729E+16,5.10593E+16
48763,48764,14,7,30,340,2016,8,19,6,3,0,7,0,0,0,1,0,0,0,0,7.22262E+20,5.70209E+21,1.21973E+16,5.14264E+16
48764,48765,14,5,21,420,2016,8,15,4,3,8,1,0,0,0,1,0,0,0,0,7.67668E+20,5.62861E+21,1.27946E+16,5.07475E+16
48765,48766,14,6,28,410,2016,7,15,6,3,5,3,0,0,0,1,0,0,0,0,8.21404E+20,5.66372E+21,1.35848E+16,5.1035E+16
48766,48767,14,5,22,540,2016,8,14,1,2,9,1,0,0,0,0,0,1,0,0,7.94791E+20,5.66377E+21,1.32064E+16,5.10497E+16
48767,48768,14,5,23,360,2016,8,7,4,3,2,6,0,0,0,1,0,0,0,0,7.40504E+20,5.60313E+21,1.23937E+16,5.05306E+16
48768,48769,14,7,13,0,2016,9,18,1,3,1,6,0,1,0,1,0,0,0,0,7.36635E+20,5.69574E+21,1.23994E+16,5.13635E+16
48769,48770,14,6,25,110,2016,8,17,6,2,5,3,0,0,1,1,0,0,0,0,8.77221E+20,5.68065E+21,1.43953E+16,5.11526E+16
48770,48771,14,6,12,0,2016,8,16,2,2,5,2,0,0,1,1,0,0,0,0,8.32428E+20,5.66583E+21,1.37435E+16,5.10476E+16
48771,48772,14,7,13,0,2016,9,6,2,3,3,2,2,0,1,1,0,0,0,0,7.42267E+20,5.69472E+21,1.24795E+16,5.1352E+16
48772,48773,14,5,24,330,2016,8,16,7,3,0,1,0,0,1,0,0,0,0,0,7.45144E+20,5.62053E+21,1.24706E+16,5.06848E+16
48773,48774,14,5,22,70,2016,9,12,5,2,8,1,0,0,0,1,0,0,0,0,7.734E+20,5.65061E+21,1.28921E+16,5.09421E+16
48774,48775,14,7,30,110,2016,8,19,4,3,4,2,1,0,0,1,0,0,0,0,7.54542E+20,5.70756E+21,1.26646E+16,5.14619E+16
48775,48776,14,6,26,610,2016,8,9,6,3,5,3,0,1,1,1,0,0,0,0,9.08566E+20,5.65392E+21,1.48111E+16,5.0892E+16
48776,48777,14,5,22,50,2016,7,20,3,3,8,1,0,0,0,1,0,0,0,0,8.02787E+20,5.63872E+21,1.32994E+16,5.08209E+16
48777,48778,14,5,21,410,2016,7,18,2,3,2,6,0,0,0,1,0,0,0,1,7.69519E+20,5.63226E+21,1.28234E+16,5.07793E+16
48778,48779,14,7,13,0,2016,8,10,7,3,0,6,0,0,0,1,0,0,0,1,7.36519E+20,5.69028E+21,1.23941E+16,5.13146E+16
48779,48780,14,5,22,150,2016,7,3,1,2,0,7,2,0,1,0,0,0,0,0,7.82222E+20,5.64643E+21,1.30141E+16,5.09005E+16
48780,48781,14,5,22,35,2016,9,15,1,3,9,1,0,1,0,1,0,0,0,0,8.08444E+20,5.65042E+21,1.33893E+16,5.09228E+16
48781,48782,14,6,25,340,2016,8,18,4,2,3,6,0,0,1,1,0,0,0,0,8.90072E+20,5.69068E+21,1.4589E+16,5.12338E+16
48782,48783,14,6,27,140,2016,9,10,2,3,5,3,0,0,1,1,0,0,0,0,8.14121E+20,5.67717E+21,1.3493E+16,5.11596E+16
48783,48784,14,7,30,80,2016,8,9,3,3,0,3,0,1,0,1,0,0,0,1,7.53969E+20,5.71296E+21,1.26602E+16,5.15106E+16
48784,48785,14,5,22,440,2016,8,15,4,3,0,1,0,0,0,0,0,1,0,0,7.93488E+20,5.64277E+21,1.31709E+16,5.0862E+16
48785,48786,14,6,26,250,2016,8,14,4,3,2,6,0,0,0,1,0,0,0,0,8.94268E+20,5.72362E+21,1.46853E+16,5.15256E+16
48786,48787,14,7,13,0,2016,8,14,5,3,5,3,0,0,0,1,0,0,0,0,7.35419E+20,5.69027E+21,1.23783E+16,5.13149E+16
48787,48788,14,6,27,60,2016,8,18,7,3,5,3,0,0,0,1,0,0,0,0,8.15923E+20,5.69086E+21,1.35308E+16,5.12813E+16
48788,48789,14,6,28,110,2016,9,19,1,3,5,2,2,1,1,1,0,0,0,0,8.26693E+20,5.66092E+21,1.36575E+16,5.10069E+16
48789,48790,14,6,12,0,2016,8,10,3,2,5,3,0,1,0,1,0,1,0,0,8.29833E+20,5.66971E+21,1.37101E+16,5.10838E+16
48790,48791,14,5,24,180,2016,9,7,3,3,4,6,0,0,0,1,0,0,0,1,7.67203E+20,5.63996E+21,1.27963E+16,5.08495E+16
48791,48792,14,5,22,170,2016,7,14,6,3,8,1,0,0,0,0,0,1,0,0,8.20576E+20,5.63389E+21,1.35469E+16,5.0768E+16
48792,48793,14,7,29,160,2016,7,16,7,3,5,3,0,0,0,1,0,0,0,0,7.58653E+20,5.68401E+21,1.27065E+16,5.12487E+16
48793,48794,14,5,22,180,2016,8,5,6,2,4,6,1,0,0,1,0,1,0,0,8.07366E+20,5.64971E+21,1.33734E+16,5.0917E+16
48794,48795,14,6,26,110,2016,9,7,6,3,5,3,0,0,1,1,0,0,0,0,9.17457E+20,5.68358E+21,1.4971E+16,5.11509E+16
48795,48796,14,6,28,270,2016,9,10,7,3,2,6,0,0,0,1,0,0,0,1,8.45224E+20,5.65654E+21,1.39165E+16,5.09569E+16
48796,48797,14,6,12,0,2016,7,10,6,3,2,6,0,0,1,0,0,0,0,0,8.32478E+20,5.67807E+21,1.37555E+16,5.11573E+16
48797,48798,14,6,26,290,2016,9,15,3,2,5,3,0,0,0,1,0,1,0,0,8.98948E+20,5.67736E+21,1.47008E+16,5.11085E+16
48798,48799,14,7,13,0,2016,7,8,4,3,0,1,0,0,1,0,0,0,0,0,7.36245E+20,5.6937E+21,1.23925E+16,5.13454E+16
48799,48800,14,7,30,340,2016,7,19,3,2,3,6,0,0,0,1,0,0,0,0,7.22394E+20,5.70227E+21,1.21993E+16,5.14279E+16
48800,48801,14,7,30,310,2016,9,10,4,3,2,6,0,0,0,1,0,0,0,0,7.77565E+20,5.71927E+21,1.30044E+16,5.15561E+16
48801,48802,14,6,12,0,2016,8,9,3,3,2,6,0,0,0,1,0,0,0,0,8.42441E+20,5.66187E+21,1.38821E+16,5.10062E+16
48802,48803,14,5,22,60,2016,7,15,2,2,1,3,0,0,1,1,0,0,0,0,7.6731E+20,5.64733E+21,1.28032E+16,5.09156E+16
48803,48804,14,6,25,350,2016,7,16,5,3,5,3,0,1,1,1,0,0,0,0,8.61809E+20,5.69421E+21,1.41895E+16,5.1284E+16
48804,48805,14,6,12,0,2016,8,14,6,3,3,6,0,0,0,1,0,0,0,1,8.32233E+20,5.66772E+21,1.37424E+16,5.10646E+16
48805,48806,14,7,29,300,2016,9,15,6,3,9,1,0,0,0,1,0,0,0,0,7.54399E+20,5.69012E+21,1.265E+16,5.13054E+16
48806,48807,14,6,28,270,2016,8,7,3,3,2,6,0,1,0,1,0,1,0,0,8.46115E+20,5.65501E+21,1.39277E+16,5.09426E+16
48807,48808,14,5,24,60,2016,8,10,4,2,3,2,0,0,0,0,0,1,0,1,7.35551E+20,5.62069E+21,1.23351E+16,5.06902E+16
48808,48809,14,6,12,0,2016,7,11,7,3,2,6,0,0,0,1,0,1,0,0,8.36275E+20,5.66096E+21,1.37937E+16,5.10017E+16
48809,48810,14,6,28,80,2016,7,18,5,1,5,2,0,1,1,1,0,0,0,0,8.40945E+20,5.6578E+21,1.3857E+16,5.09706E+16
48810,48811,14,5,11,0,2016,8,7,2,3,2,6,0,0,0,1,0,0,1,0,7.71549E+20,5.63689E+21,1.28556E+16,5.082E+16
48811,48812,14,6,25,10,2016,7,20,7,2,8,7,0,0,0,1,0,0,0,0,8.50265E+20,5.66982E+21,1.40009E+16,5.10728E+16
48812,48813,14,6,26,610,2016,9,17,5,3,5,3,0,0,1,1,0,0,0,0,9.07996E+20,5.65581E+21,1.48052E+16,5.09093E+16
48813,48814,14,6,25,20,2016,9,10,2,1,4,2,0,1,1,1,0,0,0,0,8.79781E+20,5.68404E+21,1.44353E+16,5.11813E+16
48814,48815,14,5,24,190,2016,7,10,4,2,4,1,0,0,0,1,0,1,1,0,7.44651E+20,5.63901E+21,1.24759E+16,5.0851E+16
48815,48816,14,6,27,200,2016,8,14,2,3,5,3,0,0,0,0,0,0,0,1,8.11953E+20,5.68616E+21,1.34699E+16,5.12413E+16
48816,48817,14,7,30,210,2016,9,12,3,3,8,1,0,0,0,0,0,1,0,0,7.86444E+20,5.68424E+21,1.31039E+16,5.12375E+16
48817,48818,14,5,22,220,2016,9,17,6,2,5,3,0,0,0,1,0,1,0,0,7.84239E+20,5.67406E+21,1.30643E+16,5.11472E+16
48818,48819,14,7,13,0,2016,8,17,5,3,5,3,0,0,1,1,0,0,0,0,7.36533E+20,5.69612E+21,1.23982E+16,5.1367E+16
48819,48820,14,6,25,560,2016,9,14,5,3,2,2,0,0,0,1,0,0,0,0,8.78586E+20,5.66979E+21,1.44033E+16,5.10545E+16
48820,48821,14,5,23,10,2016,8,15,1,3,2,2,0,0,0,1,0,0,0,0,7.29829E+20,5.58256E+21,1.22307E+16,5.03502E+16
48821,48822,14,7,13,0,2016,8,11,5,3,5,3,0,0,0,1,0,1,0,0,7.28688E+20,5.69324E+21,1.22838E+16,5.13443E+16
48822,48823,14,5,21,630,2016,11,23,6,3,2,6,2,0,0,1,0,0,0,0,7.80417E+20,5.61587E+21,1.29652E+16,5.06271E+16
48823,48824,14,5,22,340,2016,11,15,2,2,8,1,0,0,0,0,0,0,0,1,8.06074E+20,5.63909E+21,1.33462E+16,5.08224E+16
48824,48825,14,6,27,260,2016,12,17,5,2,0,1,2,0,1,0,0,0,0,0,7.93976E+20,5.68539E+21,1.32125E+16,5.1244E+16
48825,48826,14,6,28,50,2016,10,17,6,3,3,6,0,0,0,1,0,0,0,0,8.33025E+20,5.66066E+21,1.37472E+16,5.10009E+16
48826,48827,14,6,25,240,2016,10,7,3,2,9,1,1,1,0,1,0,0,0,0,8.57616E+20,5.7087E+21,1.41442E+16,5.14164E+16
48827,48828,14,6,12,0,2016,11,6,3,3,7,1,2,0,1,0,0,0,0,0,8.34545E+20,5.66203E+21,1.37701E+16,5.10123E+16
48828,48829,14,5,23,365,2016,10,16,7,3,9,1,0,1,0,1,0,0,0,0,7.11745E+20,5.60363E+21,1.19888E+16,5.05463E+16
48829,48830,14,7,13,0,2016,12,17,2,3,3,6,2,0,0,1,0,0,1,0,7.39171E+20,5.69503E+21,1.24353E+16,5.13561E+16
48830,48831,14,5,21,370,2016,12,18,3,3,4,7,2,1,0,1,0,0,0,0,7.64315E+20,5.61507E+21,1.27375E+16,5.06275E+16
48831,48832,14,6,27,70,2016,12,15,5,3,8,1,0,1,0,1,0,0,0,0,8.04269E+20,5.68831E+21,1.3362E+16,5.12647E+16
48832,48833,14,6,25,20,2016,11,17,7,3,1,6,2,1,0,1,0,0,1,0,8.81575E+20,5.68515E+21,1.4462E+16,5.119E+16
48833,48834,14,6,28,60,2016,10,9,5,3,6,4,0,1,0,1,1,0,0,0,8.28266E+20,5.64857E+21,1.36687E+16,5.08953E+16
48834,48835,14,5,23,200,2016,10,10,2,2,3,2,0,1,0,1,1,0,0,0,7.38247E+20,5.57781E+21,1.23459E+16,5.03042E+16
48835,48836,14,5,24,90,2016,12,10,6,3,5,3,0,0,0,1,0,0,0,0,7.59905E+20,5.62281E+21,1.26807E+16,5.06989E+16
48836,48837,14,5,22,180,2016,11,21,4,3,5,2,2,1,0,1,0,0,0,0,8.04659E+20,5.64707E+21,1.33328E+16,5.08948E+16
48837,48838,14,5,22,360,2016,9,21,6,3,9,1,2,0,0,1,0,0,0,0,7.772E+20,5.66002E+21,1.29532E+16,5.10248E+16
48838,48839,14,7,30,270,2016,10,6,6,3,2,6,2,0,0,1,0,0,0,1,7.23023E+20,5.70453E+21,1.22097E+16,5.1448E+16
48839,48840,14,5,23,120,2016,12,5,5,3,1,5,2,0,0,1,0,0,0,0,7.38741E+20,5.59537E+21,1.23639E+16,5.04616E+16
48840,48841,14,6,27,100,2016,11,15,4,2,6,4,0,0,0,1,1,0,0,0,8.1701E+20,5.66772E+21,1.35259E+16,5.10733E+16
48841,48842,14,6,28,160,2016,10,14,3,3,5,3,0,0,0,1,0,0,0,0,8.42853E+20,5.6572E+21,1.38835E+16,5.09641E+16
48842,48843,14,5,24,290,2016,12,9,4,3,9,1,0,1,0,1,0,0,0,0,7.53731E+20,5.64223E+21,1.26068E+16,5.08759E+16
48843,48844,14,5,24,10,2016,12,21,3,2,5,3,2,1,0,1,0,0,0,0,7.60195E+20,5.63222E+21,1.26914E+16,5.07832E+16
48844,48845,14,6,12,0,2016,9,15,5,3,5,2,0,0,1,1,0,0,0,0,8.30271E+20,5.66909E+21,1.37158E+16,5.1078E+16
48845,48846,14,5,22,540,2016,10,15,6,2,5,3,0,0,0,1,0,0,0,1,7.9342E+20,5.65957E+21,1.31835E+16,5.10127E+16
48846,48847,14,6,12,0,2016,12,13,7,3,2,6,0,0,0,1,0,0,0,0,8.33451E+20,5.66352E+21,1.37559E+16,5.10263E+16