FID,OBJECTID,ULAND,UREGBEZ,UKREIS,UGEMEINDE,UJAHR,UMONAT,USTUNDE,UWOCHENTAG,UKATEGORIE,UART,UTYP1,ULICHTVERH,IstStrasse,IstRad,IstPKW,IstFuss,IstKrad,IstGkfz,IstSonstig,LINREFX,LINREFY,XGCSWGS84,YGCSWGS84
48847,48848,14,7,29,320,2016,9,11,4,3,2,2,0,0,0,1,0,0,0,1,7.41115E+20,5.6707E+21,1.24468E+16,5.11369E+16
48848,48849,14,7,30,110,2016,11,15,3,3,1,7,0,0,0,1,0,0,0,0,7.51733E+20,5.70697E+21,1.26238E+16,5.14578E+16
48849,48850,14,5,21,470,2016,11,4,1,2,8,1,2,1,0,1,0,0,0,0,8.06211E+20,5.6306E+21,1.33411E+16,5.07463E+16
48850,48851,14,5,22,330,2016,12,8,4,2,4,1,0,1,0,1,0,0,0,0,7.7919E+20,5.6502E+21,1.2974E+16,5.09357E+16
48851,48852,14,7,30,110,2016,11,16,5,2,6,2,0,0,0,1,1,0,0,0,7.5234E+20,5.70723E+21,1.26327E+16,5.14599E+16
48852,48853,14,6,12,0,2016,10,19,2,3,5,3,2,0,1,1,0,0,0,0,8.30121E+20,5.66934E+21,1.37139E+16,5.10804E+16
48853,48854,14,7,13,0,2016,11,18,2,2,8,1,2,0,0,1,0,0,0,0,7.41922E+20,5.68936E+21,1.24709E+16,5.1304E+16
48854,48855,14,7,13,0,2016,12,17,7,2,5,2,1,0,1,1,0,0,0,0,7.36452E+20,5.693E+21,1.2395E+16,5.1339E+16
48855,48856,14,5,24,180,2016,11,9,7,3,5,2,0,0,0,1,0,0,0,0,7.67656E+20,5.64188E+21,1.28041E+16,5.08666E+16
48856,48857,14,6,12,0,2016,11,5,5,2,6,4,2,1,0,1,1,0,0,0,8.30702E+20,5.67044E+21,1.37232E+16,5.10899E+16
48857,48858,14,6,12,0,2016,10,5,5,3,6,4,2,1,0,1,1,0,0,0,8.29286E+20,5.66517E+21,1.36982E+16,5.10435E+16
48858,48859,14,6,27,60,2016,12,11,4,3,2,2,0,0,0,1,0,0,0,0,8.15357E+20,5.6915E+21,1.35232E+16,5.12873E+16
48859,48860,14,5,22,210,2016,10,9,2,3,9,1,0,1,0,1,0,0,0,0,8.00851E+20,5.65876E+21,1.32885E+16,5.10016E+16
48860,48861,14,6,12,0,2016,10,21,1,2,1,5,2,0,0,1,0,0,0,0,8.25664E+20,5.66808E+21,1.36493E+16,5.10716E+16
48861,48862,14,5,24,180,2016,9,13,3,3,2,6,0,0,0,1,0,0,0,0,7.6523E+20,5.64119E+21,1.27692E+16,5.08615E+16
48862,48863,14,6,26,600,2016,12,16,2,2,9,1,2,1,0,1,0,0,0,0,8.92469E+20,5.72251E+21,1.46583E+16,5.1517E+16
48863,48864,14,6,27,260,2016,12,10,2,3,5,3,0,1,0,1,0,0,0,1,7.93935E+20,5.68569E+21,1.32121E+16,5.12466E+16
48864,48865,14,5,24,90,2016,10,6,4,2,5,2,2,1,0,1,0,1,0,0,7.61374E+20,5.62159E+21,1.27006E+16,5.06873E+16
48865,48866,14,5,21,310,2016,12,0,6,2,2,1,2,0,0,1,0,0,1,0,7.68543E+20,5.63017E+21,1.28081E+16,5.0761E+16
48866,48867,14,6,25,600,2016,9,14,6,3,4,2,0,0,0,1,0,0,0,0,8.39385E+20,5.68032E+21,1.3856E+16,5.11733E+16
48867,48868,14,5,11,0,2016,12,16,2,3,2,6,2,1,0,1,0,0,0,0,7.75007E+20,5.64327E+21,1.29093E+16,5.08755E+16
48868,48869,14,5,23,360,2016,10,15,6,2,2,6,0,0,0,1,0,0,0,0,7.39678E+20,5.60561E+21,1.23837E+16,5.05532E+16
48869,48870,14,7,13,0,2016,11,16,7,3,0,2,0,0,1,1,0,0,0,0,7.38843E+20,5.68915E+21,1.24266E+16,5.13035E+16
48870,48871,14,6,12,0,2016,10,8,3,3,2,6,0,0,0,1,0,0,0,0,8.27408E+20,5.6658E+21,1.36721E+16,5.10502E+16
48871,48872,14,6,28,110,2016,11,18,3,3,5,7,2,1,0,1,0,0,0,0,8.26302E+20,5.65972E+21,1.36509E+16,5.09963E+16
48872,48873,14,5,21,30,2016,12,17,6,3,0,6,2,1,0,0,0,1,0,0,7.6122E+20,5.61092E+21,1.26909E+16,5.05916E+16
48873,48874,14,6,26,610,2016,11,9,5,3,2,6,0,0,0,1,0,0,0,0,9.10093E+20,5.65558E+21,1.48346E+16,5.09058E+16
48874,48875,14,5,23,340,2016,11,11,3,3,3,6,0,0,0,1,0,0,0,0,7.34352E+20,5.6142E+21,1.23141E+16,5.06325E+16
48875,48876,14,5,24,290,2016,10,10,5,2,5,3,0,0,0,1,0,1,0,0,7.53943E+20,5.64177E+21,1.26095E+16,5.08718E+16
48876,48877,14,6,25,20,2016,12,7,6,3,4,2,1,1,0,1,0,0,0,0,8.80672E+20,5.68393E+21,1.44479E+16,5.11797E+16
48877,48878,14,5,24,90,2016,9,16,4,3,4,2,0,0,0,1,0,0,0,0,7.61217E+20,5.62213E+21,1.26987E+16,5.06923E+16
48878,48879,14,7,13,0,2016,10,19,3,2,0,1,2,1,0,1,0,0,0,0,7.35441E+20,5.688E+21,1.23772E+16,5.12946E+16
48879,48880,14,6,28,260,2016,11,6,2,3,2,2,1,1,0,1,0,0,0,0,8.69327E+20,5.66877E+21,1.42707E+16,5.10514E+16
48880,48881,7,2,32,226,2016,1,5,6,3,9,1,2,1,0,1,0,0,0,0,3.18467E+20,5.56647E+21,6.45508E+15,5.02225E+16
48881,48882,14,5,22,190,2016,11,10,5,3,5,3,0,0,0,1,0,0,0,0,7.72445E+20,5.6648E+21,1.28891E+16,5.10699E+16
48882,48883,14,6,27,140,2016,10,11,2,3,5,4,0,0,0,1,1,0,0,0,8.13977E+20,5.67725E+21,1.3491E+16,5.11604E+16
48883,48884,14,6,28,130,2016,9,11,1,3,8,1,0,0,0,0,0,1,0,0,8.38184E+20,5.64532E+21,1.38063E+16,5.08605E+16
48884,48885,14,7,13,0,2016,10,0,6,3,8,1,2,1,0,1,0,0,0,0,7.38482E+20,5.68964E+21,1.24218E+16,5.1308E+16
48885,48886,14,7,30,340,2016,12,13,6,3,5,3,0,0,0,1,0,0,1,0,7.23539E+20,5.70647E+21,1.22184E+16,5.14652E+16
48886,48887,14,6,28,50,2016,11,17,4,2,1,5,2,2,1,1,0,0,0,0,8.30807E+20,5.6596E+21,1.37148E+16,5.09927E+16
48887,48888,14,6,27,30,2016,11,10,5,2,9,7,0,1,0,1,0,0,0,0,8.25286E+20,5.68984E+21,1.36636E+16,5.12668E+16
48888,48889,14,6,28,50,2016,11,9,1,2,5,2,0,0,0,1,0,0,0,0,8.34371E+20,5.65981E+21,1.37656E+16,5.09925E+16
48889,48890,14,5,24,310,2016,12,13,4,2,6,4,0,1,0,1,1,0,0,0,7.54623E+20,5.61915E+21,1.26035E+16,5.06684E+16
48890,48891,14,5,23,320,2016,10,5,5,2,9,1,2,1,0,1,0,0,0,0,7.26642E+20,5.598E+21,1.21953E+16,5.04901E+16
48891,48892,14,5,11,0,2016,10,11,7,3,2,6,0,1,0,1,0,0,0,0,7.78036E+20,5.64056E+21,1.29502E+16,5.08498E+16
48892,48893,14,6,28,400,2016,12,11,2,3,2,2,0,1,0,0,0,0,0,1,8.21759E+20,5.65649E+21,1.35835E+16,5.09699E+16
48893,48894,14,6,26,110,2016,12,15,2,3,5,3,0,0,1,1,0,0,0,0,9.18264E+20,5.68318E+21,1.4982E+16,5.11468E+16
48894,48895,14,5,24,30,2016,12,14,4,3,1,5,0,0,0,1,0,0,1,0,7.38735E+20,5.63626E+21,1.23902E+16,5.08287E+16
48895,48896,14,7,30,230,2016,11,5,6,3,8,6,2,0,0,1,0,0,0,0,7.85043E+20,5.69427E+21,1.30919E+16,5.13281E+16
48896,48897,14,6,12,0,2016,10,12,5,2,6,1,0,1,0,1,1,0,0,0,8.33384E+20,5.66354E+21,1.3755E+16,5.10265E+16
48897,48898,14,7,13,0,2016,10,9,2,3,0,1,0,1,0,0,0,1,0,0,7.36309E+20,5.69244E+21,1.23925E+16,5.1334E+16
48898,48899,14,6,28,410,2016,12,6,6,2,8,1,1,2,0,1,0,0,0,0,8.15528E+20,5.66101E+21,1.3499E+16,5.10139E+16
48899,48900,14,7,13,0,2016,11,17,3,3,4,6,2,0,0,1,0,1,1,0,7.28876E+20,5.68621E+21,1.2282E+16,5.12812E+16
48900,48901,14,5,24,110,2016,9,17,6,2,2,6,0,0,0,1,0,0,0,0,7.4327E+20,5.6153E+21,1.24406E+16,5.06388E+16
48901,48902,14,5,24,180,2016,9,7,3,3,5,3,0,0,0,1,0,0,0,0,7.60979E+20,5.64344E+21,1.27105E+16,5.08836E+16
48902,48903,14,5,21,590,2016,10,18,6,2,8,1,2,1,0,1,0,0,0,0,7.67767E+20,5.623E+21,1.27919E+16,5.06971E+16
48903,48904,14,5,21,620,2016,12,16,5,3,6,7,1,0,0,1,1,0,0,0,7.71941E+20,5.62385E+21,1.28515E+16,5.07027E+16
48904,48905,14,5,22,430,2016,10,15,3,2,5,3,0,1,0,1,0,1,0,0,7.9854E+20,5.64738E+21,1.32463E+16,5.09007E+16
48905,48906,14,6,27,60,2016,12,20,4,3,4,6,2,1,0,1,0,0,0,0,8.1504E+20,5.69117E+21,1.35184E+16,5.12846E+16
48906,48907,14,6,26,280,2016,12,16,3,3,2,6,2,0,0,1,0,0,0,0,8.97754E+20,5.65788E+21,1.46625E+16,5.0935E+16
48907,48908,14,5,24,330,2016,10,6,5,3,2,6,1,0,0,1,0,0,0,1,7.46956E+20,5.62953E+21,1.25022E+16,5.07649E+16
48908,48909,14,5,22,500,2016,12,7,7,2,8,1,1,2,0,1,0,0,0,0,7.88385E+20,5.66275E+21,1.31144E+16,5.10437E+16
48909,48910,14,6,25,525,2016,9,11,6,3,9,1,0,0,0,1,0,0,0,0,8.80455E+20,5.67268E+21,1.44329E+16,5.10791E+16
48910,48911,14,6,12,0,2016,11,16,3,3,2,6,2,0,0,1,0,0,0,0,8.31652E+20,5.66431E+21,1.37311E+16,5.10344E+16
48911,48912,14,6,25,440,2016,12,15,3,3,5,3,0,0,0,1,0,0,0,0,8.65559E+20,5.68739E+21,1.42361E+16,5.12205E+16
48912,48913,14,6,28,130,2016,10,13,1,3,6,6,0,0,1,0,1,0,0,0,8.35576E+20,5.64422E+21,1.37683E+16,5.08521E+16
48913,48914,14,5,22,80,2016,11,15,2,3,2,6,0,0,0,1,0,0,0,0,7.90424E+20,5.67145E+21,1.31504E+16,5.11207E+16
48914,48915,14,7,13,0,2016,11,19,4,2,5,2,2,1,1,1,0,0,0,0,7.35643E+20,5.6935E+21,1.23837E+16,5.13439E+16
48915,48916,14,5,23,380,2016,12,5,6,3,9,1,2,1,0,1,0,0,0,0,7.4824E+20,5.6041E+21,1.25033E+16,5.05361E+16
48916,48917,14,6,26,610,2016,11,19,6,3,1,6,2,1,0,1,0,0,0,0,9.07245E+20,5.65466E+21,1.47933E+16,5.08996E+16
48917,48918,14,5,23,340,2016,11,7,4,3,0,1,1,2,0,0,0,1,0,0,7.31613E+20,5.61263E+21,1.22744E+16,5.06195E+16
48918,48919,14,5,24,280,2016,10,11,4,3,4,2,0,0,0,1,0,0,0,0,7.55528E+20,5.63055E+21,1.26242E+16,5.07703E+16
48919,48920,14,5,22,210,2016,12,14,4,2,5,3,0,0,1,1,0,0,0,0,8.00088E+20,5.65641E+21,1.32757E+16,5.09809E+16
48920,48921,14,7,13,0,2016,10,4,1,2,9,1,2,1,0,1,0,0,0,0,7.43339E+20,5.69508E+21,1.24951E+16,5.13547E+16
48921,48922,14,5,24,30,2016,10,12,7,3,5,3,0,0,0,1,0,0,0,0,7.39067E+20,5.63409E+21,1.23935E+16,5.08091E+16
48922,48923,14,5,24,100,2016,12,13,7,3,0,7,0,1,0,1,0,0,0,0,7.50978E+20,5.61172E+21,1.2547E+16,5.06033E+16
48923,48924,14,7,29,270,2016,10,6,4,3,6,4,2,1,0,0,1,0,0,1,7.24942E+20,5.68898E+21,1.22274E+16,5.13076E+16
48924,48925,14,5,21,370,2016,12,11,2,3,5,3,0,1,0,1,0,0,0,0,7.64206E+20,5.61455E+21,1.27356E+16,5.06229E+16
48925,48926,14,6,26,400,2016,12,16,5,3,4,6,1,1,0,1,0,0,0,0,9.05717E+20,5.6512E+21,1.47678E+16,5.08697E+16
48926,48927,14,6,28,380,2016,10,16,2,3,9,1,0,1,0,1,0,0,0,0,8.57381E+20,5.66409E+21,1.40964E+16,5.10171E+16
48927,48928,14,7,30,170,2016,10,23,7,3,8,7,2,1,0,1,0,0,0,0,7.89878E+20,5.69108E+21,1.31585E+16,5.12971E+16
48928,48929,14,5,23,320,2016,12,10,7,2,5,3,0,0,0,1,0,0,0,0,7.22528E+20,5.59757E+21,1.21372E+16,5.04877E+16
48929,48930,14,5,23,60,2016,11,11,6,3,9,1,0,1,0,1,0,0,0,0,7.2271E+20,5.58875E+21,1.21345E+16,5.04085E+16
48930,48931,14,6,27,140,2016,10,6,2,3,2,6,2,1,1,0,0,0,0,0,8.15269E+20,5.67829E+21,1.35103E+16,5.11689E+16
48931,48932,14,5,23,320,2016,11,10,2,3,5,3,0,0,0,1,0,0,0,0,7.20198E+20,5.59821E+21,1.21048E+16,5.04944E+16
48932,48933,14,5,21,460,2016,12,18,6,2,9,1,2,1,0,1,0,0,0,0,8.05407E+20,5.62254E+21,1.3323E+16,5.06744E+16
48933,48934,14,5,21,520,2016,11,12,5,3,2,2,0,0,0,1,0,0,0,0,7.7988E+20,5.60831E+21,1.29519E+16,5.05596E+16
48934,48935,14,7,29,260,2016,12,7,3,2,0,7,1,0,0,1,0,0,0,1,7.35852E+20,5.68348E+21,1.23801E+16,5.12538E+16
48935,48936,14,6,28,270,2016,11,17,5,3,5,2,2,0,0,1,0,0,0,0,8.46684E+20,5.65676E+21,1.39375E+16,5.09579E+16
48936,48937,14,5,24,330,2016,10,7,1,3,3,2,1,1,1,1,0,0,0,0,7.46639E+20,5.62542E+21,1.24949E+16,5.07282E+16
48937,48938,14,6,28,60,2016,11,17,2,3,5,3,2,0,0,1,0,1,0,0,8.28425E+20,5.64961E+21,1.36719E+16,5.09045E+16
48938,48939,14,6,12,0,2016,12,11,7,2,6,4,0,0,0,1,1,0,0,0,8.29505E+20,5.66202E+21,1.36985E+16,5.10152E+16
48939,48940,14,7,29,330,2016,11,17,6,2,8,1,2,0,0,1,0,0,0,0,7.5158E+20,5.67977E+21,1.26024E+16,5.12138E+16
48940,48941,14,5,11,0,2016,11,15,5,3,3,6,0,1,0,1,0,0,1,0,7.68117E+20,5.63969E+21,1.2809E+16,5.08467E+16
48941,48942,14,5,21,20,2016,10,14,5,3,5,3,0,0,0,1,0,0,0,0,7.83019E+20,5.61044E+21,1.29978E+16,5.05771E+16
48942,48943,14,5,22,310,2016,12,7,4,3,8,1,1,2,0,1,0,0,0,0,7.74536E+20,5.6781E+21,1.2929E+16,5.11883E+16
48943,48944,14,5,11,0,2016,10,16,2,3,2,6,0,1,0,1,0,0,1,1,7.75794E+20,5.64205E+21,1.29196E+16,5.08642E+16
48944,48945,14,5,21,30,2016,10,17,1,3,3,6,0,0,0,1,0,1,0,0,7.62015E+20,5.61037E+21,1.27017E+16,5.05863E+16
48945,48946,14,7,13,0,2016,12,10,1,2,4,2,0,1,0,1,0,0,0,0,7.30276E+20,5.70114E+21,1.23117E+16,5.14146E+16
48946,48947,14,6,12,0,2016,12,5,2,3,3,6,2,1,0,1,0,0,1,0,8.32219E+20,5.67502E+21,1.3749E+16,5.113E+16
48947,48948,14,6,25,240,2016,10,18,4,2,6,4,2,0,0,0,1,1,0,0,8.64876E+20,5.71218E+21,1.42517E+16,5.1443E+16
48948,48949,14,7,30,360,2016,12,14,5,3,8,1,0,1,0,1,0,0,0,0,7.4988E+20,5.7144E+21,1.26024E+16,5.15253E+16
48949,48950,14,6,25,525,2016,9,22,6,2,0,1,2,0,1,0,0,0,0,0,8.80488E+20,5.67477E+21,1.44356E+16,5.10978E+16
48950,48951,14,6,12,0,2016,10,15,1,2,2,6,0,1,0,1,0,0,0,0,8.31265E+20,5.66697E+21,1.3728E+16,5.10584E+16
48951,48952,14,6,12,0,2016,12,14,1,3,5,3,0,1,0,1,0,0,0,0,8.3043E+20,5.67091E+21,1.37197E+16,5.10943E+16
48952,48953,14,6,26,60,2016,10,18,6,3,2,1,2,0,0,1,0,0,0,0,8.90173E+20,5.71202E+21,1.46138E+16,5.14247E+16
48953,48954,14,6,28,250,2016,11,12,7,3,8,1,0,0,0,0,0,0,0,1,8.3697E+20,5.65187E+21,1.37951E+16,5.09199E+16
48954,48955,14,7,30,310,2016,10,16,2,3,2,6,0,0,0,1,0,0,0,0,7.74833E+20,5.72016E+21,1.29658E+16,5.15654E+16
48955,48956,14,5,21,150,2016,11,11,3,3,5,3,0,1,1,1,0,0,0,0,7.84685E+20,5.62296E+21,1.30308E+16,5.06887E+16
48956,48957,14,5,11,0,2016,12,18,6,3,5,2,2,0,0,1,0,0,0,0,7.74722E+20,5.63762E+21,1.29011E+16,5.0825E+16
48957,48958,14,6,28,270,2016,11,15,5,3,5,2,0,0,1,1,0,0,0,0,8.46196E+20,5.65722E+21,1.3931E+16,5.09623E+16
48958,48959,14,7,13,0,2016,11,17,3,3,5,2,1,0,0,1,0,0,0,0,7.32609E+20,5.69241E+21,1.23395E+16,5.13353E+16
48959,48960,14,5,22,50,2016,10,10,1,3,9,7,0,0,0,1,0,0,0,0,8.04141E+20,5.64201E+21,1.33213E+16,5.08496E+16
48960,48961,14,6,28,270,2016,12,11,3,3,5,3,0,1,0,1,0,0,1,0,8.50408E+20,5.65327E+21,1.39869E+16,5.09244E+16
48961,48962,14,5,21,440,2016,10,12,7,3,2,6,0,0,0,0,0,1,0,1,7.80681E+20,5.59344E+21,1.29521E+16,5.04258E+16
48962,48963,14,6,25,480,2016,10,8,5,3,4,7,0,1,0,1,0,0,0,1,8.44458E+20,5.67579E+21,1.3924E+16,5.11297E+16
48963,48964,14,6,12,0,2016,12,21,6,2,6,4,2,1,0,1,1,0,0,0,8.31226E+20,5.66691E+21,1.37274E+16,5.1058E+16
48964,48965,14,5,23,320,2016,9,8,4,3,2,6,0,0,0,1,0,0,1,0,7.27089E+20,5.59922E+21,1.22024E+16,5.05009E+16
48965,48966,14,6,12,0,2016,10,16,3,3,2,6,0,0,0,1,0,0,0,0,8.31912E+20,5.66735E+21,1.37375E+16,5.10615E+16
48966,48967,14,6,12,0,2016,11,8,2,3,0,2,0,1,1,1,0,0,0,0,8.29944E+20,5.66962E+21,1.37116E+16,5.1083E+16
48967,48968,7,1,38,3,2016,1,0,6,3,0,5,2,1,0,1,1,0,0,0,3.88182E+20,5.61387E+21,7.41776E+15,5.06659E+16
48968,48969,14,7,30,110,2016,11,21,4,2,8,1,2,1,0,1,0,0,0,0,7.54204E+20,5.71022E+21,1.26616E+16,5.14859E+16
48969,48970,14,6,12,0,2016,10,13,2,3,2,6,0,0,0,1,0,0,0,0,8.32282E+20,5.66568E+21,1.37413E+16,5.10464E+16
48970,48971,14,5,23,310,2016,9,7,7,3,5,2,0,0,0,1,0,0,0,0,7.10648E+20,5.60359E+21,1.19733E+16,5.05462E+16
48971,48972,14,6,26,110,2016,10,7,6,3,8,1,0,1,0,1,0,0,0,0,9.17428E+20,5.68402E+21,1.49711E+16,5.11549E+16
48972,48973,14,6,28,390,2016,12,22,6,2,4,6,2,1,0,1,0,0,0,0,8.50216E+20,5.65567E+21,1.39865E+16,5.0946E+16
48973,48974,14,5,21,450,2016,11,19,4,3,8,1,2,1,0,1,0,0,0,0,7.61747E+20,5.62479E+21,1.27081E+16,5.07159E+16
48974,48975,14,6,12,0,2016,11,7,5,3,5,3,0,0,1,1,0,0,0,0,8.33757E+20,5.66782E+21,1.37642E+16,5.10647E+16
48975,48976,14,5,24,20,2016,10,6,3,3,0,7,2,1,0,0,0,1,0,0,7.5684E+20,5.63678E+21,1.26471E+16,5.08256E+16
48976,48977,14,6,26,110,2016,11,18,7,3,2,2,2,1,0,1,0,0,0,0,9.1707E+20,5.68362E+21,1.49655E+16,5.11516E+16
48977,48978,14,7,30,70,2016,12,17,4,3,5,3,2,1,1,1,0,0,0,0,7.33493E+20,5.71251E+21,1.23654E+16,5.15154E+16
48978,48979,14,7,30,250,2016,10,14,5,3,8,1,0,1,0,1,0,0,0,0,7.3334E+20,5.70256E+21,1.23566E+16,5.14262E+16
48979,48980,14,7,30,30,2016,10,19,6,3,2,1,2,0,0,1,0,0,0,0,7.85336E+20,5.72403E+21,1.31201E+16,5.15949E+16
48980,48981,14,5,24,60,2016,12,17,1,3,3,6,2,0,1,1,0,0,0,0,7.37527E+20,5.61978E+21,1.23624E+16,5.06813E+16
48981,48982,14,6,12,0,2016,12,6,2,3,0,3,2,1,1,1,0,0,0,0,8.28085E+20,5.66714E+21,1.36829E+16,5.10618E+16
48982,48983,14,5,22,310,2016,12,13,4,3,2,6,0,0,0,1,0,0,0,0,7.75584E+20,5.681E+21,1.29462E+16,5.12138E+16
48983,48984,14,6,25,120,2016,11,15,6,3,5,3,0,0,0,1,0,0,0,1,8.6273E+20,5.71487E+21,1.42237E+16,5.14685E+16
48984,48985,14,5,23,20,2016,10,10,4,2,5,3,0,1,0,1,0,0,1,0,7.39259E+20,5.60209E+21,1.23755E+16,5.05218E+16
48985,48986,14,5,21,90,2016,12,9,6,2,2,6,0,1,0,1,0,0,0,0,7.90887E+20,5.63137E+21,1.3125E+16,5.07611E+16
48986,48987,14,6,25,600,2016,11,18,3,3,2,6,2,0,0,1,0,0,0,0,8.43109E+20,5.68024E+21,1.3909E+16,5.11704E+16
48987,48988,14,7,13,0,2016,9,19,6,3,4,2,1,0,0,1,0,0,0,0,7.34327E+20,5.69336E+21,1.23647E+16,5.13431E+16
48988,48989,14,5,24,330,2016,10,7,5,3,5,3,0,0,0,1,0,0,0,0,7.46426E+20,5.62571E+21,1.24921E+16,5.07308E+16
48989,48990,14,5,24,130,2016,12,16,4,3,8,1,1,1,0,1,0,0,0,0,7.49739E+20,5.61537E+21,1.2532E+16,5.06366E+16
48990,48991,14,7,30,110,2016,10,17,2,2,8,1,1,1,0,1,0,0,0,0,7.54286E+20,5.7106E+21,1.26631E+16,5.14893E+16
48991,48992,14,6,26,370,2016,9,9,3,3,7,7,0,0,0,1,0,0,0,0,9.00932E+20,5.69956E+21,1.47538E+16,5.13057E+16
48992,48993,14,5,21,30,2016,12,22,4,3,3,6,2,1,0,1,0,0,0,0,7.62059E+20,5.61139E+21,1.2703E+16,5.05954E+16
48993,48994,14,6,26,580,2016,12,17,3,2,2,6,2,1,0,1,0,0,0,0,9.06019E+20,5.69682E+21,1.48232E+16,5.12776E+16
48994,48995,14,7,13,0,2016,10,20,5,3,2,2,2,1,0,1,0,0,0,0,7.35063E+20,5.69025E+21,1.23732E+16,5.13149E+16
48995,48996,14,7,30,110,2016,12,7,6,3,9,6,0,1,0,1,0,0,0,0,7.45691E+20,5.70667E+21,1.25368E+16,5.14578E+16
48996,48997,14,5,23,270,2016,9,18,2,2,4,1,2,0,0,1,0,0,0,0,7.32041E+20,5.60338E+21,1.22747E+16,5.05362E+16
48997,48998,14,6,28,360,2016,9,12,6,2,2,2,0,0,0,0,0,1,1,0,8.68633E+20,5.66137E+21,1.42534E+16,5.09856E+16
48998,48999,14,5,22,400,2016,11,12,3,3,9,1,0,1,0,1,0,0,0,0,8.15935E+20,5.62407E+21,1.34729E+16,5.06825E+16
48999,49000,14,7,30,70,2016,10,8,7,3,9,1,0,1,0,1,0,0,0,0,7.34071E+20,5.712E+21,1.23734E+16,5.15105E+16
49000,49001,14,5,24,300,2016,11,4,1,2,8,1,2,1,0,1,0,0,0,0,7.41562E+20,5.62353E+21,1.24219E+16,5.07133E+16
49001,49002,14,5,21,590,2016,10,17,4,3,2,6,0,0,0,1,0,0,0,0,7.67958E+20,5.62293E+21,1.27946E+16,5.06963E+16
49002,49003,14,6,12,0,2016,11,15,4,3,3,6,0,1,0,1,0,0,0,0,8.30333E+20,5.6718E+21,1.37191E+16,5.11023E+16
49003,49004,14,7,13,0,2016,12,7,6,3,5,3,2,0,1,1,0,0,0,0,7.39639E+20,5.69446E+21,1.24416E+16,5.13508E+16
49004,49005,14,6,27,10,2016,11,14,6,2,5,2,0,1,1,0,0,0,0,1,8.20388E+20,5.6737E+21,1.35792E+16,5.11249E+16
49005,49006,14,6,26,290,2016,11,18,4,3,9,1,2,0,0,1,0,0,0,0,8.96027E+20,5.6809E+21,1.46631E+16,5.11422E+16
49006,49007,14,6,25,20,2016,10,12,4,3,6,2,0,0,0,1,1,0,0,0,8.79779E+20,5.68404E+21,1.44353E+16,5.11813E+16
49007,49008,14,5,24,120,2016,12,17,3,3,6,2,2,0,0,1,1,0,0,0,7.62701E+20,5.6344E+21,1.27285E+16,5.08017E+16
49008,49009,14,6,28,270,2016,10,1,1,2,1,1,2,1,0,1,0,0,0,1,8.45265E+20,5.65761E+21,1.39181E+16,5.09664E+16
49009,49010,14,5,24,330,2016,10,23,7,2,8,1,2,0,0,1,0,0,0,0,7.50241E+20,5.62493E+21,1.25456E+16,5.07222E+16
49010,49011,14,6,25,50,2016,12,10,7,2,5,2,0,1,1,1,0,0,0,0,8.53848E+20,5.67846E+21,1.40603E+16,5.11479E+16
49011,49012,14,6,26,600,2016,10,17,4,2,0,1,2,1,0,0,0,1,0,0,8.91417E+20,5.72107E+21,1.46416E+16,5.15049E+16
49012,49013,14,6,25,630,2016,12,16,5,2,2,7,2,1,0,1,0,0,1,0,8.78179E+20,5.6747E+21,1.44027E+16,5.10987E+16
49013,49014,7,1,31,6,2016,1,11,1,2,5,3,0,1,0,1,0,1,0,0,3.79075E+20,5.59714E+21,7.2944E+15,5.05137E+16
49014,49015,14,6,12,0,2016,10,14,2,2,8,1,0,1,0,1,0,0,0,0,8.36675E+20,5.66811E+21,1.3806E+16,5.10655E+16
49015,49016,14,6,28,410,2016,10,11,7,2,8,1,0,1,0,1,0,0,0,0,8.15386E+20,5.66509E+21,1.35005E+16,5.10506E+16
49016,49017,14,7,29,270,2016,12,13,7,3,0,1,0,0,0,1,0,0,0,0,7.2361E+20,5.68757E+21,1.22075E+16,5.12955E+16
49017,49018,14,5,22,170,2016,12,6,5,3,4,6,1,2,0,1,0,0,0,0,8.18962E+20,5.63777E+21,1.35275E+16,5.08036E+16
49018,49019,14,7,29,260,2016,11,1,6,2,8,1,2,0,0,1,0,0,0,0,7.3184E+20,5.68262E+21,1.23221E+16,5.12478E+16
49019,49020,14,7,13,0,2016,11,13,2,2,6,4,0,0,0,0,1,0,0,1,7.34337E+20,5.69336E+21,1.23649E+16,5.13431E+16
49020,49021,14,7,29,245,2016,12,13,5,2,9,1,0,1,0,1,0,0,0,0,7.62725E+20,5.70418E+21,1.27796E+16,5.14278E+16
49021,49022,14,6,25,150,2016,10,0,6,2,8,6,2,1,0,1,0,0,0,0,8.7149E+20,5.68573E+21,1.43189E+16,5.12019E+16
49022,49023,14,5,24,330,2016,10,13,3,3,0,1,0,1,0,0,0,1,0,0,7.46835E+20,5.62687E+21,1.24987E+16,5.07411E+16
49023,49024,14,6,25,530,2016,11,15,3,2,4,2,0,1,0,1,0,0,0,0,8.635E+20,5.67432E+21,1.41935E+16,5.11048E+16