FID,OBJECTID,ULAND,UREGBEZ,UKREIS,UGEMEINDE,UJAHR,UMONAT,USTUNDE,UWOCHENTAG,UKATEGORIE,UART,UTYP1,ULICHTVERH,IstStrasse,IstRad,IstPKW,IstFuss,IstKrad,IstGkfz,IstSonstig,LINREFX,LINREFY,XGCSWGS84,YGCSWGS84
49378,49379,14,7,29,10,2016,12,23,1,3,9,1,2,0,0,1,0,0,0,0,7.53111E+20,5.67203E+21,1.26188E+16,5.11436E+16
49379,49380,14,6,12,0,2016,12,7,2,3,5,3,0,1,1,1,0,0,0,0,8.33891E+20,5.66789E+21,1.37662E+16,5.10652E+16
49380,49381,14,6,26,600,2016,12,17,4,3,2,6,2,1,0,1,0,0,0,0,8.89478E+20,5.72158E+21,1.46144E+16,5.15107E+16
49381,49382,14,5,21,310,2016,9,16,4,3,2,6,0,0,0,1,0,0,0,0,7.68744E+20,5.63069E+21,1.28113E+16,5.07657E+16
49382,49383,14,6,25,20,2016,11,16,6,2,4,6,1,0,0,1,0,0,0,1,8.79482E+20,5.68194E+21,1.44288E+16,5.11627E+16
49383,49384,14,7,29,170,2016,10,18,4,3,8,1,2,1,0,1,0,0,0,0,7.29261E+20,5.67423E+21,1.22799E+16,5.11735E+16
49384,49385,14,6,27,250,2016,11,12,3,3,5,2,0,0,0,1,0,0,0,0,8.29816E+20,5.69323E+21,1.37315E+16,5.12946E+16
49385,49386,14,7,13,0,2016,11,16,3,3,2,2,0,0,0,1,0,0,0,0,7.40713E+20,5.68652E+21,1.24516E+16,5.12791E+16
49386,49387,14,6,26,610,2016,9,16,6,3,5,3,0,0,1,1,0,0,0,0,9.09411E+20,5.65454E+21,1.48238E+16,5.0897E+16
49387,49388,14,7,30,80,2016,10,4,5,2,0,7,2,1,0,1,0,0,0,0,7.59101E+20,5.7136E+21,1.27345E+16,5.1514E+16
49388,49389,14,5,23,320,2016,12,15,4,3,2,6,0,1,0,1,0,0,0,0,7.23724E+20,5.59974E+21,1.21553E+16,5.05068E+16
49389,49390,14,7,29,30,2016,10,7,2,2,9,1,2,0,0,0,0,1,0,0,7.56103E+20,5.69522E+21,1.26781E+16,5.13504E+16
49390,49391,14,5,21,380,2016,10,10,2,2,5,3,0,0,0,1,0,1,0,0,7.63906E+20,5.62678E+21,1.27401E+16,5.07328E+16
49391,49392,14,6,25,60,2016,9,16,3,2,2,6,0,0,0,0,0,0,1,0,8.69743E+20,5.68564E+21,1.42939E+16,5.12022E+16
49392,49393,14,5,21,250,2016,12,19,4,2,6,6,1,1,0,1,1,0,0,0,7.9271E+20,5.61807E+21,1.31403E+16,5.06408E+16
49393,49394,14,6,12,0,2016,12,18,3,3,2,6,2,0,0,1,0,0,1,0,8.32162E+20,5.67439E+21,1.37476E+16,5.11244E+16
49394,49395,14,6,26,10,2016,10,11,5,3,2,6,0,0,0,1,0,0,0,0,8.96555E+20,5.72604E+21,1.47209E+16,5.15457E+16
49395,49396,14,6,26,245,2016,12,6,6,3,7,7,2,1,0,1,0,0,0,0,8.95048E+20,5.66819E+21,1.46353E+16,5.10291E+16
49396,49397,14,7,13,0,2016,9,17,2,3,5,3,0,0,0,1,0,0,0,1,7.35308E+20,5.69357E+21,1.23789E+16,5.13446E+16
49397,49398,14,6,12,0,2016,9,18,6,3,5,3,1,0,1,1,0,0,0,0,8.32324E+20,5.66566E+21,1.37418E+16,5.10462E+16
49398,49399,14,7,29,170,2016,11,6,2,3,2,6,2,0,0,1,0,0,0,0,7.33808E+20,5.67077E+21,1.23426E+16,5.11406E+16
49399,49400,14,7,29,300,2016,11,9,1,3,5,3,0,1,0,1,0,0,0,0,7.50196E+20,5.68686E+21,1.25876E+16,5.1278E+16
49400,49401,14,5,22,290,2016,10,11,4,3,6,6,0,0,0,1,1,0,0,0,7.69445E+20,5.65389E+21,1.28383E+16,5.09735E+16
49401,49402,14,5,11,0,2016,11,18,4,3,2,6,2,1,0,1,0,0,0,0,7.77556E+20,5.63724E+21,1.29409E+16,5.08202E+16
49402,49403,14,7,30,200,2016,12,17,6,3,5,3,2,1,0,1,0,0,0,0,7.83997E+20,5.68382E+21,1.30686E+16,5.12349E+16
49403,49404,14,6,12,0,2016,11,12,6,2,6,4,0,0,1,0,1,0,0,0,8.29627E+20,5.66395E+21,1.3702E+16,5.10323E+16
49404,49405,14,6,26,460,2016,11,16,4,3,2,6,1,1,0,1,0,0,0,0,9.02375E+20,5.71147E+21,1.47878E+16,5.14112E+16
49405,49406,14,6,12,0,2016,10,6,4,3,5,3,0,1,1,1,0,0,0,0,8.34382E+20,5.6624E+21,1.37681E+16,5.10158E+16
49406,49407,14,7,30,110,2016,12,14,3,2,4,2,0,0,0,1,0,0,0,0,7.54542E+20,5.70756E+21,1.26646E+16,5.14619E+16
49407,49408,14,6,28,400,2016,10,14,1,1,6,4,0,0,0,1,1,0,0,0,8.21229E+20,5.65819E+21,1.35775E+16,5.09855E+16
49408,49409,14,7,30,340,2016,10,4,7,3,3,6,2,1,0,1,0,0,1,0,7.23432E+20,5.70606E+21,1.22166E+16,5.14615E+16
49409,49410,14,6,25,170,2016,12,11,7,2,1,6,0,1,1,0,0,0,0,1,8.56867E+20,5.67393E+21,1.40988E+16,5.11055E+16
49410,49411,14,6,26,110,2016,10,16,4,3,5,3,0,1,1,1,0,0,0,0,9.17403E+20,5.68358E+21,1.49702E+16,5.1151E+16
49411,49412,14,5,21,30,2016,10,11,6,3,5,3,0,0,0,1,0,0,0,0,7.62419E+20,5.61151E+21,1.27082E+16,5.05964E+16
49412,49413,14,5,22,180,2016,12,18,5,3,9,7,2,0,0,1,0,0,0,0,8.09074E+20,5.65095E+21,1.33987E+16,5.09272E+16
49413,49414,14,5,23,365,2016,10,16,2,3,8,1,1,1,0,1,0,0,0,0,7.11834E+20,5.60366E+21,1.19901E+16,5.05465E+16
49414,49415,14,6,26,310,2016,9,6,3,3,4,6,0,0,0,1,0,0,0,0,9.05582E+20,5.65707E+21,1.47724E+16,5.09223E+16
49415,49416,14,6,12,0,2016,12,17,4,3,6,4,2,1,0,1,1,0,0,0,8.32552E+20,5.66804E+21,1.37473E+16,5.10673E+16
49416,49417,14,6,25,430,2016,12,11,3,3,5,3,0,0,1,1,0,0,0,0,8.37E+20,5.6798E+21,1.38215E+16,5.11701E+16
49417,49418,14,7,30,110,2016,10,21,5,3,1,6,1,1,0,1,0,0,0,0,7.54547E+20,5.70757E+21,1.26647E+16,5.14619E+16
49418,49419,14,5,23,120,2016,12,17,6,3,0,7,1,2,0,0,0,1,0,0,7.38382E+20,5.59884E+21,1.23611E+16,5.0493E+16
49419,49420,14,6,25,430,2016,9,15,6,2,3,7,0,0,0,1,0,0,1,1,8.36675E+20,5.68002E+21,1.38171E+16,5.11723E+16
49420,49421,14,6,12,0,2016,11,17,3,2,6,2,2,0,0,0,1,0,0,1,8.33305E+20,5.67403E+21,1.37635E+16,5.11206E+16
49421,49422,14,6,25,340,2016,12,8,3,3,9,1,0,2,0,1,0,0,0,0,8.88717E+20,5.68735E+21,1.45661E+16,5.12049E+16
49422,49423,14,5,24,50,2016,10,8,7,3,8,1,0,1,0,1,0,0,0,0,7.43038E+20,5.63487E+21,1.24503E+16,5.08145E+16
49423,49424,14,5,24,120,2016,11,17,2,2,2,6,2,0,0,1,0,0,0,1,7.59827E+20,5.63549E+21,1.26885E+16,5.08127E+16
49424,49425,14,6,12,0,2016,10,9,4,3,2,6,0,1,0,1,0,0,0,0,8.28491E+20,5.66783E+21,1.36893E+16,5.10678E+16
49425,49426,14,6,27,230,2016,11,23,4,3,8,1,2,1,0,1,0,0,0,0,8.00256E+20,5.69404E+21,1.33094E+16,5.13182E+16
49426,49427,14,5,23,150,2016,12,13,6,2,2,6,0,0,0,1,0,0,0,0,7.41348E+20,5.61293E+21,1.2412E+16,5.06182E+16
49427,49428,14,6,26,490,2016,11,8,6,2,5,2,0,0,0,1,0,1,0,0,8.8402E+20,5.72492E+21,1.45398E+16,5.15443E+16
49428,49429,14,7,29,320,2016,11,6,4,3,4,6,1,1,0,1,0,0,0,0,7.38768E+20,5.67197E+21,1.24141E+16,5.11493E+16
49429,49430,14,7,30,190,2016,10,20,4,3,5,3,2,0,0,1,0,1,0,0,7.64645E+20,5.713E+21,1.28138E+16,5.15061E+16
49430,49431,14,5,24,200,2016,12,15,3,3,2,6,0,0,0,1,0,0,0,0,7.5408E+20,5.62854E+21,1.26023E+16,5.07529E+16
49431,49432,14,6,26,10,2016,10,11,1,3,5,3,0,0,1,1,0,0,0,0,8.96349E+20,5.72634E+21,1.47183E+16,5.15486E+16
49432,49433,14,5,23,320,2016,10,14,7,3,5,3,0,0,0,1,0,0,0,0,7.21169E+20,5.60069E+21,1.21199E+16,5.05163E+16
49433,49434,14,5,24,330,2016,12,23,7,2,8,1,2,1,0,1,0,0,0,0,7.44675E+20,5.6244E+21,1.24665E+16,5.07198E+16
49434,49435,14,7,29,260,2016,10,19,4,2,4,1,2,1,0,1,0,1,0,0,7.3493E+20,5.68554E+21,1.23682E+16,5.12727E+16
49435,49436,14,6,26,10,2016,12,7,5,2,6,4,2,1,0,1,1,0,0,0,8.96145E+20,5.72653E+21,1.47156E+16,5.15504E+16
49436,49437,7,1,41,53,2016,1,12,1,3,4,6,0,1,0,1,0,0,0,0,4.28669E+20,5.58096E+21,7.99683E+15,5.03764E+16
49437,49438,14,6,12,0,2016,10,16,2,3,4,1,0,1,0,1,0,0,0,0,8.28597E+20,5.6725E+21,1.36951E+16,5.11096E+16
49438,49439,14,6,25,240,2016,10,15,7,2,4,6,0,1,0,1,0,0,0,0,8.6975E+20,5.70754E+21,1.43167E+16,5.13983E+16
49439,49440,14,5,24,330,2016,12,22,7,2,5,2,2,0,0,1,0,0,0,0,7.46068E+20,5.62647E+21,1.24876E+16,5.07378E+16
49440,49441,14,7,29,430,2016,11,17,6,3,9,1,2,0,0,1,0,0,0,0,7.31056E+20,5.67568E+21,1.23064E+16,5.11857E+16
49441,49442,14,6,12,0,2016,10,7,2,3,2,6,0,0,0,1,0,0,0,0,8.31213E+20,5.66199E+21,1.37227E+16,5.10139E+16
49442,49443,14,5,23,100,2016,11,17,2,2,6,6,2,1,0,1,1,0,0,0,7.2573E+20,5.61268E+21,1.21914E+16,5.06222E+16
49443,49444,14,5,24,320,2016,12,9,5,3,2,6,0,1,0,1,0,0,0,0,7.48309E+20,5.61973E+21,1.25147E+16,5.06763E+16
49444,49445,14,5,22,230,2016,11,21,5,3,2,6,2,0,0,1,0,0,0,0,7.88623E+20,5.65689E+21,1.31132E+16,5.09911E+16
49445,49446,14,6,12,0,2016,10,14,4,2,5,3,0,0,1,1,0,0,0,0,8.33436E+20,5.66354E+21,1.37557E+16,5.10265E+16
49446,49447,14,6,25,240,2016,11,16,3,3,6,2,1,1,0,1,1,0,0,0,8.64997E+20,5.71177E+21,1.4253E+16,5.14392E+16
49447,49448,14,7,29,50,2016,10,8,7,2,4,2,0,1,0,1,0,0,0,0,7.43782E+20,5.66932E+21,1.24839E+16,5.11234E+16
49448,49449,14,5,22,70,2016,12,13,3,2,6,4,0,0,1,0,1,0,0,0,7.7296E+20,5.65017E+21,1.28855E+16,5.09384E+16
49449,49450,14,7,30,20,2016,9,18,6,3,9,1,1,1,0,1,0,0,0,0,7.49149E+20,5.72053E+21,1.25963E+16,5.15807E+16
49450,49451,14,5,23,300,2016,10,20,4,2,2,6,2,1,0,1,0,0,0,1,7.24548E+20,5.59156E+21,1.2162E+16,5.04331E+16
49451,49452,14,5,23,310,2016,12,14,5,3,4,6,0,0,0,1,0,0,0,0,7.07615E+20,5.60286E+21,1.19302E+16,5.05408E+16
49452,49453,14,5,23,320,2016,10,18,2,3,2,6,1,0,0,1,0,0,0,0,7.22332E+20,5.59919E+21,1.21354E+16,5.05024E+16
49453,49454,14,5,21,620,2016,11,14,2,3,3,2,0,1,0,1,0,1,0,0,7.7165E+20,5.62338E+21,1.2847E+16,5.06986E+16
49454,49455,14,5,23,430,2016,12,11,7,2,8,7,0,1,0,1,0,0,0,0,7.36287E+20,5.60473E+21,1.23353E+16,5.05466E+16
49455,49456,14,6,27,230,2016,11,18,4,3,0,1,1,1,0,0,0,1,0,0,7.98855E+20,5.6934E+21,1.32889E+16,5.13133E+16
49456,49457,14,6,28,190,2016,9,16,6,2,9,1,0,0,0,0,0,1,0,0,8.61269E+20,5.66143E+21,1.41489E+16,5.09908E+16
49457,49458,14,7,30,190,2016,10,20,1,3,4,6,2,0,0,1,0,0,0,0,7.6905E+20,5.71418E+21,1.2878E+16,5.15146E+16
49458,49459,14,6,25,480,2016,10,12,7,3,2,6,0,0,0,1,0,0,0,0,8.45146E+20,5.67529E+21,1.39333E+16,5.11249E+16
49459,49460,14,6,12,0,2016,12,13,6,2,6,4,0,1,0,1,1,0,0,0,8.39659E+20,5.66789E+21,1.38482E+16,5.10618E+16
49460,49461,14,7,30,310,2016,11,14,3,3,2,6,0,0,0,1,0,0,0,0,7.77245E+20,5.71777E+21,1.29986E+16,5.15428E+16
49461,49462,14,5,24,120,2016,11,14,4,3,5,3,0,0,0,1,0,1,0,0,7.641E+20,5.63505E+21,1.27487E+16,5.08069E+16
49462,49463,14,7,30,70,2016,10,16,3,3,4,1,0,1,0,1,0,0,0,0,7.31778E+20,5.71085E+21,1.23396E+16,5.15012E+16
49463,49464,14,5,24,90,2016,12,16,5,3,9,7,1,1,0,1,0,0,0,0,7.61433E+20,5.62209E+21,1.27018E+16,5.06917E+16
49464,49465,14,6,28,100,2016,11,7,6,3,5,3,0,1,0,1,0,1,0,0,8.50102E+20,5.6656E+21,1.39945E+16,5.1035E+16
49465,49466,14,6,25,290,2016,12,15,4,2,4,6,0,1,0,1,0,0,0,0,8.84902E+20,5.68234E+21,1.45064E+16,5.11627E+16
49466,49467,14,7,30,70,2016,10,5,5,3,4,7,2,1,0,1,0,0,0,1,7.36596E+20,5.71638E+21,1.24126E+16,5.15489E+16
49467,49468,14,5,24,330,2016,9,12,5,3,5,3,0,0,0,1,0,0,1,0,7.451E+20,5.62341E+21,1.24719E+16,5.07108E+16
49468,49469,14,7,13,0,2016,10,7,6,3,4,2,0,0,0,1,0,0,0,0,7.36426E+20,5.69275E+21,1.23944E+16,5.13368E+16
49469,49470,14,5,21,550,2016,12,14,1,2,8,1,0,0,0,1,0,0,0,0,7.69355E+20,5.60159E+21,1.27988E+16,5.05042E+16
49470,49471,14,6,12,0,2016,9,12,5,3,5,2,0,0,1,0,0,0,0,1,8.32567E+20,5.66603E+21,1.37457E+16,5.10493E+16
49471,49472,14,5,11,0,2016,12,18,2,3,1,2,2,1,0,1,0,0,0,0,7.76802E+20,5.63066E+21,1.29253E+16,5.07616E+16
49472,49473,14,5,22,360,2016,11,15,2,2,2,2,0,0,1,1,0,0,0,0,7.79136E+20,5.65589E+21,1.29776E+16,5.09868E+16
49473,49474,14,6,28,300,2016,12,13,4,3,2,6,0,0,0,1,0,0,0,0,8.30626E+20,5.65253E+21,1.37058E+16,5.09294E+16
49474,49475,14,5,21,160,2016,11,6,6,3,2,6,1,1,0,1,0,0,1,0,7.80652E+20,5.61851E+21,1.29705E+16,5.06507E+16
49475,49476,14,6,26,110,2016,10,9,4,3,4,2,0,0,0,1,0,0,0,1,9.16441E+20,5.68566E+21,1.49589E+16,5.11703E+16
49476,49477,14,5,21,495,2016,11,14,3,2,9,1,0,0,0,1,0,0,0,0,7.91144E+20,5.62249E+21,1.31217E+16,5.06813E+16
49477,49478,14,6,12,0,2016,11,16,3,3,5,2,1,0,1,1,0,0,0,0,8.25588E+20,5.66941E+21,1.36495E+16,5.10836E+16
49478,49479,14,6,25,380,2016,12,16,1,3,6,2,2,1,0,1,1,0,0,0,8.72483E+20,5.6736E+21,1.43205E+16,5.10926E+16
49479,49480,14,7,29,140,2016,11,16,7,3,4,6,1,1,0,1,0,0,0,0,7.58535E+20,5.66464E+21,1.26909E+16,5.10749E+16
49480,49481,14,7,30,160,2016,10,6,5,2,4,6,2,0,0,1,0,0,1,0,7.52654E+20,5.7205E+21,1.26467E+16,5.15788E+16
49481,49482,14,7,30,200,2016,12,9,4,3,5,3,0,0,0,1,0,0,0,0,7.84E+20,5.68382E+21,1.30686E+16,5.12349E+16
49482,49483,14,6,25,540,2016,10,13,2,3,5,3,0,0,0,1,0,0,0,0,8.5216E+20,5.69656E+21,1.4054E+16,5.13111E+16
49483,49484,14,5,11,0,2016,10,17,2,3,2,6,1,0,0,1,0,0,0,0,7.75341E+20,5.6382E+21,1.29103E+16,5.08299E+16
49484,49485,14,6,27,150,2016,9,18,4,3,5,2,0,0,1,1,0,0,0,0,8.28621E+20,5.67343E+21,1.36963E+16,5.11179E+16
49485,49486,14,5,21,110,2016,9,17,3,3,0,7,0,0,0,1,0,0,0,0,7.66984E+20,5.5982E+21,1.2763E+16,5.04749E+16
49486,49487,14,6,25,450,2016,12,15,3,3,9,1,0,1,0,1,0,0,0,0,8.50781E+20,5.68405E+21,1.4022E+16,5.11999E+16
49487,49488,14,5,21,30,2016,12,16,3,3,6,2,2,0,0,1,1,0,0,0,7.61916E+20,5.61011E+21,1.27001E+16,5.0584E+16
49488,49489,14,6,25,490,2016,10,14,5,2,5,3,0,0,0,1,0,0,0,0,8.78601E+20,5.69236E+21,1.44273E+16,5.12566E+16
49489,49490,14,6,27,230,2016,12,18,6,3,5,2,2,1,1,1,0,0,0,0,7.9909E+20,5.69261E+21,1.32916E+16,5.1306E+16
49490,49491,14,6,26,400,2016,9,16,2,3,2,6,0,0,1,1,0,0,0,0,9.0517E+20,5.6506E+21,1.47594E+16,5.08647E+16
49491,49492,14,6,12,0,2016,9,16,6,2,2,2,0,0,1,1,0,0,0,0,8.31327E+20,5.66707E+21,1.3729E+16,5.10593E+16
49492,49493,14,6,25,250,2016,11,12,2,3,5,3,0,0,0,1,0,0,0,0,8.57563E+20,5.69403E+21,1.41287E+16,5.12851E+16
49493,49494,14,5,21,450,2016,11,0,1,2,2,2,2,1,0,1,0,0,0,0,7.61194E+20,5.62596E+21,1.27011E+16,5.07266E+16
49494,49495,14,5,11,0,2016,10,7,4,2,6,4,1,1,0,1,1,0,0,0,7.77693E+20,5.64067E+21,1.29455E+16,5.08509E+16
49495,49496,14,7,13,0,2016,11,23,3,3,9,1,2,1,0,1,0,0,0,0,7.36168E+20,5.69395E+21,1.23915E+16,5.13477E+16
49496,49497,14,6,25,490,2016,12,6,6,2,5,3,2,0,1,1,0,0,0,0,8.75036E+20,5.68998E+21,1.43739E+16,5.12376E+16
49497,49498,14,6,12,0,2016,11,16,6,3,2,6,2,1,0,1,0,0,0,0,8.28416E+20,5.66964E+21,1.36899E+16,5.1084E+16
49498,49499,14,6,12,0,2016,11,7,4,3,5,2,1,1,1,0,0,0,1,0,8.28192E+20,5.66427E+21,1.36818E+16,5.10361E+16
49499,49500,14,5,21,250,2016,10,8,4,3,8,7,0,1,0,1,0,0,0,0,7.89403E+20,5.61482E+21,1.30911E+16,5.06134E+16
49500,49501,14,5,11,0,2016,10,18,1,3,4,2,1,0,0,1,0,1,0,0,7.76488E+20,5.64039E+21,1.29282E+16,5.0849E+16
49501,49502,14,5,11,0,2016,12,11,7,3,8,1,0,1,0,1,0,0,0,0,7.80425E+20,5.645E+21,1.29875E+16,5.08885E+16
49502,49503,14,6,12,0,2016,10,19,4,3,5,2,2,1,0,1,0,0,0,0,8.36898E+20,5.66019E+21,1.38018E+16,5.09945E+16
49503,49504,14,5,21,550,2016,12,5,5,2,0,7,2,2,0,1,0,0,0,0,7.69855E+20,5.60562E+21,1.28088E+16,5.05401E+16
49504,49505,7,2,32,86,2016,1,14,7,1,4,6,0,1,0,1,0,0,0,0,3.2281E+20,5.54505E+21,6.52585E+15,5.00314E+16
49505,49506,14,7,13,0,2016,10,14,2,3,2,2,0,0,0,1,0,0,0,0,7.36065E+20,5.69382E+21,1.239E+16,5.13466E+16
49506,49507,14,6,25,430,2016,10,12,1,2,0,7,0,0,1,0,0,0,0,0,8.38986E+20,5.68208E+21,1.3852E+16,5.11894E+16
49507,49508,14,5,24,30,2016,10,16,7,3,3,6,0,1,0,1,0,0,0,0,7.40366E+20,5.63668E+21,1.24136E+16,5.08318E+16
49508,49509,14,6,12,0,2016,12,10,7,3,0,1,0,1,0,0,0,1,0,0,8.26987E+20,5.66831E+21,1.36684E+16,5.10729E+16
49509,49510,14,6,26,180,2016,11,16,4,3,9,1,2,2,0,0,0,0,0,1,9.00688E+20,5.66908E+21,1.47163E+16,5.10332E+16
49510,49511,14,6,12,0,2016,11,6,6,2,5,3,2,0,0,1,0,1,0,0,8.24486E+20,5.66977E+21,1.36341E+16,5.10874E+16
49511,49512,14,5,22,10,2016,11,22,2,3,9,1,2,0,0,1,0,0,0,0,7.75475E+20,5.65217E+21,1.29227E+16,5.09552E+16
49512,49513,14,6,27,130,2016,12,15,5,3,8,1,0,0,0,0,0,0,0,1,8.00268E+20,5.68384E+21,1.3301E+16,5.12268E+16
49513,49514,14,6,12,0,2016,10,14,6,3,0,6,0,0,0,1,0,0,0,1,8.38763E+20,5.66507E+21,1.38328E+16,5.10371E+16
49514,49515,14,6,25,330,2016,10,10,3,2,3,6,0,0,1,0,0,0,1,0,8.75903E+20,5.70642E+21,1.44036E+16,5.13842E+16
49515,49516,14,6,12,0,2016,11,5,3,3,8,1,2,1,0,1,0,0,0,0,8.31649E+20,5.6643E+21,1.3731E+16,5.10343E+16
49516,49517,14,5,22,110,2016,10,10,1,2,4,6,0,0,0,1,0,0,0,0,7.99935E+20,5.63534E+21,1.32562E+16,5.0792E+16
49517,49518,14,7,13,0,2016,12,7,2,2,4,6,2,0,0,1,0,0,0,0,7.27743E+20,5.69017E+21,1.22683E+16,5.13171E+16
49518,49519,14,5,22,510,2016,12,8,3,2,1,5,0,0,0,1,0,1,0,0,7.9304E+20,5.665E+21,1.31825E+16,5.10616E+16
49519,49520,14,6,28,100,2016,12,6,5,3,5,3,2,2,0,1,0,0,0,0,8.50876E+20,5.66471E+21,1.40046E+16,5.10266E+16
49520,49521,14,7,13,0,2016,11,10,7,3,2,6,0,0,0,1,0,0,0,0,7.38581E+20,5.69453E+21,1.24265E+16,5.13518E+16
49521,49522,14,6,27,60,2016,10,11,5,3,9,1,0,1,0,1,0,0,0,0,8.17398E+20,5.69098E+21,1.35519E+16,5.12815E+16
49522,49523,14,5,23,360,2016,10,10,2,2,6,4,0,1,0,1,1,0,0,0,7.41181E+20,5.60341E+21,1.24034E+16,5.05328E+16
49523,49524,14,5,24,330,2016,12,10,6,3,2,6,0,0,0,1,0,0,0,0,7.47004E+20,5.6265E+21,1.25008E+16,5.07377E+16
49524,49525,14,5,22,260,2016,11,15,4,3,2,6,0,1,0,1,0,0,0,1,7.66363E+20,5.64455E+21,1.27877E+16,5.08911E+16
49525,49526,14,5,11,0,2016,9,14,6,2,2,6,0,0,0,1,0,1,0,0,7.74728E+20,5.63996E+21,1.29029E+16,5.0846E+16
49526,49527,14,7,30,110,2016,10,17,6,2,6,3,0,1,0,1,1,0,0,0,7.54298E+20,5.70789E+21,1.26613E+16,5.14649E+16
49527,49528,14,5,23,320,2016,12,11,5,2,8,1,0,1,0,0,0,0,1,0,7.20699E+20,5.60127E+21,1.21136E+16,5.05217E+16
49528,49529,14,6,27,140,2016,12,17,5,3,6,4,2,1,0,1,1,0,0,0,8.11888E+20,5.67537E+21,1.34596E+16,5.11446E+16
49529,49530,7,3,33,3,2016,1,13,7,3,5,3,0,1,0,1,0,0,0,0,4.15382E+20,5.5089E+21,7.82593E+15,4.97266E+16
49530,49531,14,5,23,360,2016,10,20,2,3,9,1,2,0,0,1,0,0,0,0,7.44168E+20,5.60313E+21,1.24453E+16,5.05291E+16
49531,49532,14,5,21,670,2016,10,14,2,3,2,6,0,1,0,1,0,0,0,0,7.91093E+20,5.62221E+21,1.31207E+16,5.06788E+16
49532,49533,14,6,12,0,2016,10,15,7,3,5,2,0,1,0,1,0,1,0,0,8.39827E+20,5.66417E+21,1.38471E+16,5.10284E+16
49533,49534,14,6,26,420,2016,12,16,7,2,6,4,2,0,0,1,1,0,0,0,9.1591E+20,5.66801E+21,1.49311E+16,5.10128E+16
49534,49535,14,7,29,430,2016,11,7,4,3,7,7,2,0,0,1,0,0,1,0,7.33039E+20,5.67817E+21,1.23364E+16,5.12073E+16
49535,49536,14,6,25,240,2016,11,13,6,3,0,6,0,0,0,1,0,0,0,0,8.58974E+20,5.70857E+21,1.41635E+16,5.14144E+16
49536,49537,14,6,26,230,2016,11,7,2,2,4,2,2,1,0,1,0,0,0,0,9.12499E+20,5.6913E+21,1.49093E+16,5.12236E+16
49537,49538,14,6,26,20,2016,12,7,5,3,4,6,2,0,0,1,0,0,1,0,8.86209E+20,5.67161E+21,1.45135E+16,5.10657E+16
49538,49539,14,6,27,40,2016,10,13,6,2,2,6,0,0,0,1,0,0,0,0,8.0411E+20,5.69412E+21,1.33646E+16,5.13169E+16
49539,49540,14,5,24,290,2016,10,6,3,2,4,6,2,1,0,1,0,0,1,0,7.54709E+20,5.64354E+21,1.26216E+16,5.08872E+16
49540,49541,14,6,28,270,2016,11,12,3,3,0,6,0,1,1,0,0,0,0,1,8.46226E+20,5.6569E+21,1.39311E+16,5.09594E+16
49541,49542,14,6,28,270,2016,10,18,7,3,5,3,0,0,1,1,0,0,0,0,8.45786E+20,5.65666E+21,1.39246E+16,5.09576E+16
49542,49543,14,5,24,80,2016,12,21,2,3,0,7,2,0,0,1,0,0,0,0,7.48324E+20,5.63353E+21,1.25242E+16,5.08002E+16
49543,49544,14,7,30,140,2016,9,19,6,3,2,6,0,1,0,1,0,0,0,0,7.46636E+20,5.70197E+21,1.25471E+16,5.14152E+16
49544,49545,14,7,29,30,2016,10,19,4,3,0,7,2,1,0,1,0,0,0,0,7.60006E+20,5.69414E+21,1.27332E+16,5.1339E+16
49545,49546,14,6,28,50,2016,12,9,3,3,5,3,0,0,0,1,0,0,1,0,8.31731E+20,5.66158E+21,1.37297E+16,5.101E+16
49546,49547,14,6,26,100,2016,12,22,5,3,9,1,2,2,0,1,0,0,0,0,8.9302E+20,5.72306E+21,1.46668E+16,5.15215E+16
49547,49548,14,6,27,150,2016,11,16,1,3,2,6,2,0,0,1,0,0,0,0,8.28619E+20,5.67343E+21,1.36962E+16,5.11179E+16
49548,49549,14,5,22,60,2016,12,13,7,3,5,3,0,0,0,1,0,0,0,0,7.67259E+20,5.64654E+21,1.28019E+16,5.09085E+16
49549,49550,14,6,27,100,2016,11,14,4,3,2,6,0,1,0,1,0,0,0,0,8.20701E+20,5.6712E+21,1.35815E+16,5.11024E+16
49550,49551,14,6,12,0,2016,9,8,6,3,6,6,0,0,0,1,1,0,0,0,8.28587E+20,5.66718E+21,1.36901E+16,5.10619E+16
49551,49552,14,6,25,250,2016,10,15,1,2,0,1,0,1,1,0,0,0,0,0,8.5483E+20,5.69115E+21,1.40868E+16,5.1261E+16
49552,49553,14,5,11,0,2016,10,11,7,3,6,7,0,0,0,1,1,0,0,0,7.7568E+20,5.63675E+21,1.2914E+16,5.08168E+16
49553,49554,14,5,22,180,2016,12,8,6,3,3,6,0,1,1,1,0,0,0,0,8.05694E+20,5.64933E+21,1.33494E+16,5.09145E+16
49554,49555,14,7,13,0,2016,11,6,3,3,2,6,2,0,0,1,0,0,0,0,7.35909E+20,5.69736E+21,1.23901E+16,5.13783E+16