FID,OBJECTID,ULAND,UREGBEZ,UKREIS,UGEMEINDE,UJAHR,UMONAT,USTUNDE,UWOCHENTAG,UKATEGORIE,UART,UTYP1,ULICHTVERH,IstStrasse,IstRad,IstPKW,IstFuss,IstKrad,IstGkfz,IstSonstig,LINREFX,LINREFY,XGCSWGS84,YGCSWGS84
49555,49556,14,7,13,0,2016,11,15,4,2,0,4,0,0,0,0,1,0,0,1,7.34817E+20,5.69349E+21,1.23718E+16,5.13441E+16
49556,49557,14,7,13,0,2016,10,17,3,3,5,3,2,1,0,1,0,0,0,0,7.35177E+20,5.69355E+21,1.2377E+16,5.13445E+16
49557,49558,14,6,27,240,2016,12,5,5,3,7,7,2,1,0,1,0,0,0,0,8.14142E+20,5.7021E+21,1.35152E+16,5.1383E+16
49558,49559,14,6,27,180,2016,12,14,4,3,8,1,0,1,0,0,0,0,1,0,7.99047E+20,5.6614E+21,1.3265E+16,5.10262E+16
49559,49560,14,6,26,110,2016,9,11,5,3,2,6,0,0,0,1,0,0,0,0,9.16456E+20,5.68584E+21,1.49593E+16,5.11719E+16
49560,49561,14,6,28,260,2016,10,13,6,3,8,1,0,1,0,0,0,1,0,0,8.65539E+20,5.66501E+21,1.42131E+16,5.10202E+16
49561,49562,14,7,13,0,2016,12,12,7,3,1,6,0,0,0,1,0,0,0,0,7.42059E+20,5.69469E+21,1.24764E+16,5.13518E+16
49562,49563,14,5,21,30,2016,9,9,5,3,4,2,0,0,0,1,0,0,0,0,7.62233E+20,5.6103E+21,1.27047E+16,5.05856E+16
49563,49564,14,7,30,150,2016,12,14,1,3,2,2,0,1,0,1,0,0,0,0,7.4031E+20,5.70976E+21,1.24616E+16,5.14878E+16
49564,49565,14,6,26,390,2016,11,8,1,3,8,1,0,1,0,1,0,0,0,0,8.99162E+20,5.65998E+21,1.46847E+16,5.09528E+16
49565,49566,14,6,12,0,2016,12,13,4,2,5,3,0,0,0,1,0,0,0,0,8.37516E+20,5.65833E+21,1.38088E+16,5.09774E+16
49566,49567,14,5,24,80,2016,11,13,5,2,5,3,0,0,1,1,0,0,0,0,7.4839E+20,5.63626E+21,1.2527E+16,5.08247E+16
49567,49568,14,6,28,300,2016,10,21,4,3,8,1,2,1,0,1,0,0,0,0,8.27219E+20,5.65552E+21,1.36601E+16,5.09582E+16
49568,49569,14,5,23,300,2016,10,13,2,2,8,1,0,0,0,1,0,0,0,0,7.23604E+20,5.59006E+21,1.21478E+16,5.042E+16
49569,49570,14,5,21,20,2016,11,14,3,2,9,1,0,0,0,1,0,0,0,0,7.83146E+20,5.60949E+21,1.29988E+16,5.05686E+16
49570,49571,14,5,24,230,2016,12,15,7,2,0,7,0,1,0,0,0,1,0,0,7.62459E+20,5.63269E+21,1.27238E+16,5.07864E+16
49571,49572,14,7,13,0,2016,11,20,7,3,9,1,2,1,0,1,0,0,0,0,7.35642E+20,5.69349E+21,1.23837E+16,5.13438E+16
49572,49573,14,6,25,430,2016,11,9,5,3,5,3,0,1,1,0,0,0,1,0,8.36798E+20,5.68123E+21,1.382E+16,5.1183E+16
49573,49574,14,6,25,500,2016,10,16,5,2,5,3,0,0,0,1,0,1,0,0,8.64289E+20,5.6944E+21,1.42251E+16,5.12842E+16
49574,49575,14,7,13,0,2016,12,6,4,2,5,3,1,0,0,1,0,0,1,0,7.3503E+20,5.70212E+21,1.23806E+16,5.14214E+16
49575,49576,14,6,28,110,2016,10,16,2,3,5,2,0,1,1,1,0,0,0,0,8.25664E+20,5.6589E+21,1.36411E+16,5.09894E+16
49576,49577,14,7,30,330,2016,10,10,1,3,2,2,0,0,0,1,0,0,0,0,7.74655E+20,5.68886E+21,1.2939E+16,5.12847E+16
49577,49578,14,6,12,0,2016,9,7,4,3,1,6,0,0,0,1,0,0,0,1,8.31948E+20,5.66844E+21,1.37391E+16,5.10713E+16
49578,49579,14,5,21,600,2016,9,12,3,2,4,6,0,0,0,1,0,0,0,1,7.50414E+20,5.60476E+21,1.25344E+16,5.05411E+16
49579,49580,14,5,22,330,2016,12,12,3,2,8,1,0,1,0,1,0,0,0,0,7.82318E+20,5.64799E+21,1.30167E+16,5.09144E+16
49580,49581,14,5,23,320,2016,12,16,2,2,6,4,2,1,0,1,1,0,0,0,7.22215E+20,5.59908E+21,1.21337E+16,5.05015E+16
49581,49582,14,5,21,530,2016,10,6,5,2,5,3,2,1,0,1,0,0,0,0,7.54176E+20,5.61265E+21,1.25927E+16,5.06102E+16
49582,49583,14,6,12,0,2016,12,10,6,3,2,6,0,0,0,1,0,0,1,0,8.34686E+20,5.66231E+21,1.37723E+16,5.10147E+16
49583,49584,14,6,25,90,2016,9,6,2,3,5,2,1,0,0,1,0,1,0,0,8.83496E+20,5.6749E+21,1.44785E+16,5.1097E+16
49584,49585,14,5,22,230,2016,9,9,6,3,2,6,0,0,0,1,0,0,0,0,7.88116E+20,5.65603E+21,1.31053E+16,5.09837E+16
49585,49586,14,6,26,580,2016,11,13,2,3,2,6,0,1,0,1,0,0,0,0,9.06021E+20,5.69682E+21,1.48233E+16,5.12776E+16
49586,49587,14,6,25,490,2016,10,15,7,3,5,3,0,1,0,1,0,0,0,0,8.78786E+20,5.69417E+21,1.44318E+16,5.12727E+16
49587,49588,14,5,24,170,2016,11,19,7,2,8,1,2,1,0,0,0,1,0,0,7.39009E+20,5.61825E+21,1.23824E+16,5.06669E+16
49588,49589,14,6,25,480,2016,10,7,3,3,2,6,0,0,0,1,0,0,0,0,8.44313E+20,5.67457E+21,1.39207E+16,5.11189E+16
49589,49590,14,6,25,190,2016,11,16,3,3,2,6,2,1,0,1,0,0,0,0,8.80615E+20,5.67844E+21,1.44412E+16,5.11306E+16
49590,49591,14,6,28,410,2016,12,16,6,3,2,6,1,1,0,1,0,0,0,0,8.21788E+20,5.66197E+21,1.35888E+16,5.10191E+16
49591,49592,14,5,23,320,2016,11,20,5,2,5,2,2,1,0,1,0,0,0,0,7.22759E+20,5.59786E+21,1.21406E+16,5.04903E+16
49592,49593,14,5,22,440,2016,11,17,4,3,4,6,2,0,0,1,0,0,0,1,7.91393E+20,5.64473E+21,1.31428E+16,5.08806E+16
49593,49594,14,7,29,260,2016,12,16,6,3,4,6,1,0,0,1,0,0,0,0,7.35587E+20,5.6848E+21,1.23771E+16,5.12658E+16
49594,49595,14,7,13,0,2016,9,22,4,3,2,6,2,0,0,1,0,0,0,0,7.29431E+20,5.69316E+21,1.22944E+16,5.13434E+16
49595,49596,14,5,22,180,2016,10,16,4,3,2,6,0,1,0,1,0,0,0,0,8.03217E+20,5.64821E+21,1.33133E+16,5.09058E+16
49596,49597,14,5,22,80,2016,11,8,2,2,0,7,0,1,0,0,0,0,0,1,7.91774E+20,5.67186E+21,1.317E+16,5.11237E+16
49597,49598,7,1,43,84,2016,1,16,7,3,3,6,1,1,0,1,0,0,0,0,4.10271E+20,5.59431E+21,7.73495E+15,5.04939E+16
49598,49599,14,6,25,250,2016,10,15,2,3,4,6,0,0,0,1,0,0,0,1,8.56641E+20,5.6954E+21,1.41169E+16,5.1298E+16
49599,49600,14,5,23,120,2016,9,15,1,2,6,2,0,0,0,1,1,0,0,0,7.38815E+20,5.59673E+21,1.23658E+16,5.04738E+16
49600,49601,14,5,24,60,2016,10,5,6,1,4,1,2,1,0,1,0,0,1,0,7.34967E+20,5.62049E+21,1.23267E+16,5.06888E+16
49601,49602,14,5,24,180,2016,12,5,6,2,5,3,1,1,1,1,0,0,0,0,7.64606E+20,5.64124E+21,1.27604E+16,5.08622E+16
49602,49603,14,6,25,110,2016,11,16,4,2,8,1,2,2,0,0,0,1,0,0,8.74003E+20,5.67879E+21,1.43475E+16,5.11381E+16
49603,49604,14,7,29,30,2016,11,16,5,2,4,6,0,0,0,1,0,0,0,0,7.55783E+20,5.69333E+21,1.26722E+16,5.13336E+16
49604,49605,14,7,13,0,2016,11,0,1,2,6,4,2,0,0,1,1,0,0,0,7.29679E+20,5.68734E+21,1.22942E+16,5.1291E+16
49605,49606,14,5,22,360,2016,12,16,5,2,6,4,1,0,0,0,1,0,0,1,7.77822E+20,5.65695E+21,1.29597E+16,5.09969E+16
49606,49607,14,5,21,400,2016,10,12,6,3,8,1,0,1,0,1,0,0,0,0,7.86573E+20,5.61314E+21,1.30499E+16,5.05997E+16
49607,49608,14,6,27,230,2016,10,19,3,3,5,3,2,0,0,1,0,1,0,0,7.96095E+20,5.69306E+21,1.32491E+16,5.13116E+16
49608,49609,14,6,27,100,2016,11,15,3,3,3,6,0,1,0,1,0,0,0,1,8.09199E+20,5.66587E+21,1.34131E+16,5.10609E+16
49609,49610,14,6,28,160,2016,10,12,7,3,2,6,0,0,0,1,0,0,0,0,8.4141E+20,5.65804E+21,1.38638E+16,5.09726E+16
49610,49611,14,6,25,20,2016,12,12,2,3,2,6,0,0,0,1,0,0,0,0,8.80661E+20,5.68381E+21,1.44476E+16,5.11786E+16
49611,49612,14,5,23,20,2016,12,16,2,3,2,6,2,1,0,1,0,0,0,0,7.40795E+20,5.59903E+21,1.23952E+16,5.04937E+16
49612,49613,14,6,12,0,2016,12,11,5,3,2,6,0,0,0,1,0,0,0,0,8.32229E+20,5.67496E+21,1.3749E+16,5.11296E+16
49613,49614,14,5,21,410,2016,11,0,7,1,6,4,2,0,0,1,1,0,0,0,7.69725E+20,5.63267E+21,1.28266E+16,5.07829E+16
49614,49615,14,6,12,0,2016,10,17,5,3,8,1,0,1,0,1,0,0,0,0,8.29766E+20,5.66976E+21,1.37092E+16,5.10843E+16
49615,49616,14,7,29,380,2016,10,13,2,2,8,7,0,1,0,1,0,0,0,0,7.55899E+20,5.70458E+21,1.26819E+16,5.14345E+16
49616,49617,14,5,22,220,2016,12,7,6,2,8,1,1,2,0,1,0,0,0,0,7.80472E+20,5.67833E+21,1.30139E+16,5.11874E+16
49617,49618,14,5,23,120,2016,11,6,3,3,5,3,1,0,0,1,0,1,0,0,7.38392E+20,5.59841E+21,1.2361E+16,5.04891E+16
49618,49619,14,6,28,110,2016,9,13,7,3,8,7,0,0,0,0,0,1,0,0,8.23516E+20,5.66241E+21,1.36137E+16,5.1022E+16
49619,49620,14,6,26,600,2016,9,19,3,3,5,3,1,0,1,0,0,0,0,0,8.91178E+20,5.72036E+21,1.46374E+16,5.14986E+16
49620,49621,14,6,25,250,2016,10,7,6,3,5,3,1,0,0,1,0,1,0,0,8.58857E+20,5.6904E+21,1.41435E+16,5.12517E+16
49621,49622,14,7,13,0,2016,12,17,5,3,2,6,2,0,0,1,0,0,0,0,7.39827E+20,5.69447E+21,1.24443E+16,5.13508E+16
49622,49623,14,5,21,460,2016,11,10,4,2,8,1,0,1,0,1,0,0,0,0,8.12304E+20,5.61827E+21,1.34168E+16,5.06325E+16
49623,49624,14,6,12,0,2016,10,5,3,3,2,1,2,1,0,1,0,0,0,0,8.30813E+20,5.66592E+21,1.37206E+16,5.10493E+16
49624,49625,14,7,30,20,2016,12,15,4,3,5,3,0,1,0,1,0,0,0,0,7.48827E+20,5.72107E+21,1.2592E+16,5.15856E+16
49625,49626,14,7,29,410,2016,12,22,3,3,8,1,2,0,0,1,0,0,0,0,7.70584E+20,5.69419E+21,1.28848E+16,5.13345E+16
49626,49627,14,5,22,180,2016,10,19,6,3,5,2,2,1,0,1,0,1,0,0,8.04584E+20,5.64684E+21,1.33316E+16,5.08928E+16
49627,49628,14,5,22,150,2016,12,17,7,3,5,3,2,0,0,1,0,0,0,0,7.83366E+20,5.64821E+21,1.30317E+16,5.09159E+16
49628,49629,14,6,25,600,2016,9,10,4,3,4,2,0,0,0,1,0,0,0,0,8.39586E+20,5.68005E+21,1.38586E+16,5.11708E+16
49629,49630,14,5,21,240,2016,9,8,6,3,0,7,0,0,0,1,0,0,0,0,7.90218E+20,5.62455E+21,1.31102E+16,5.07002E+16
49630,49631,14,6,26,70,2016,11,7,3,3,5,3,0,1,0,1,0,0,0,0,8.94345E+20,5.66994E+21,1.46273E+16,5.10452E+16
49631,49632,14,7,29,140,2016,12,9,3,3,4,1,0,2,0,1,0,0,0,0,7.58312E+20,5.66656E+21,1.26891E+16,5.10923E+16
49632,49633,14,6,25,340,2016,11,8,5,3,3,6,0,0,0,1,0,0,0,0,8.828E+20,5.69128E+21,1.4486E+16,5.12441E+16
49633,49634,14,5,22,210,2016,10,19,2,2,5,3,2,0,0,1,0,0,0,0,8.00992E+20,5.66242E+21,1.32935E+16,5.10343E+16
49634,49635,14,6,27,100,2016,11,4,2,3,8,1,2,2,0,1,0,0,0,0,8.14604E+20,5.67054E+21,1.34941E+16,5.10998E+16
49635,49636,14,6,27,60,2016,12,1,7,2,0,1,2,1,1,0,0,0,0,0,8.14664E+20,5.6931E+21,1.35147E+16,5.1302E+16
49636,49637,14,7,13,0,2016,11,17,6,3,5,3,2,1,1,1,0,0,0,0,7.36065E+20,5.69382E+21,1.239E+16,5.13466E+16
49637,49638,14,5,11,0,2016,11,14,5,2,6,4,0,1,0,1,1,0,0,0,7.76525E+20,5.63882E+21,1.29275E+16,5.08349E+16
49638,49639,14,5,22,80,2016,10,7,5,3,2,2,0,0,0,1,0,1,0,0,7.86305E+20,5.67168E+21,1.30919E+16,5.11249E+16
49639,49640,14,5,22,500,2016,12,16,4,3,5,3,1,0,0,1,0,0,0,0,7.87742E+20,5.65616E+21,1.31001E+16,5.0985E+16
49640,49641,14,5,11,0,2016,10,7,2,3,5,3,2,1,0,1,0,0,0,0,7.80009E+20,5.63546E+21,1.29743E+16,5.08031E+16
49641,49642,14,5,21,390,2016,10,19,1,3,4,2,2,0,0,1,0,1,0,0,7.93768E+20,5.61916E+21,1.31561E+16,5.06501E+16
49642,49643,14,5,22,220,2016,12,12,1,2,8,1,0,1,0,1,0,0,0,0,7.83633E+20,5.67631E+21,1.30575E+16,5.11677E+16
49643,49644,14,6,12,0,2016,12,17,2,3,5,2,2,0,1,1,0,0,0,0,8.35682E+20,5.6616E+21,1.37858E+16,5.10078E+16
49644,49645,14,7,30,45,2016,10,16,4,2,4,1,0,0,1,0,0,0,1,0,7.90023E+20,5.7076E+21,1.31741E+16,5.14452E+16
49645,49646,14,5,24,90,2016,12,17,5,2,8,1,2,1,0,1,0,0,0,0,7.61801E+20,5.61717E+21,1.27035E+16,5.06474E+16
49646,49647,14,5,22,80,2016,9,12,6,3,2,6,0,0,0,0,0,1,0,1,7.8629E+20,5.67177E+21,1.30918E+16,5.11257E+16
49647,49648,14,6,27,10,2016,11,7,4,3,5,2,1,1,0,1,0,1,0,0,8.19941E+20,5.67529E+21,1.35743E+16,5.11395E+16
49648,49649,14,6,28,270,2016,10,7,3,3,2,6,1,1,0,1,0,0,0,0,8.45967E+20,5.65668E+21,1.39272E+16,5.09576E+16
49649,49650,14,5,22,430,2016,12,10,5,2,9,1,0,1,0,1,0,0,0,0,7.98262E+20,5.64703E+21,1.32421E+16,5.08977E+16
49650,49651,14,5,11,0,2016,12,10,4,3,0,7,0,1,0,0,0,0,0,1,7.76856E+20,5.63765E+21,1.29313E+16,5.08243E+16
49651,49652,14,6,12,0,2016,9,8,5,3,5,2,0,0,0,1,0,1,0,0,8.35697E+20,5.67723E+21,1.38005E+16,5.11478E+16
49652,49653,14,6,12,0,2016,10,10,6,2,5,3,0,0,1,1,0,0,0,0,8.29388E+20,5.67005E+21,1.37041E+16,5.10872E+16
49653,49654,14,6,28,110,2016,12,2,7,3,1,7,2,1,0,1,0,0,0,0,8.26652E+20,5.66085E+21,1.36569E+16,5.10063E+16
49654,49655,14,7,29,300,2016,9,14,4,3,0,7,0,0,1,0,0,0,0,0,7.50587E+20,5.68719E+21,1.25934E+16,5.12809E+16
49655,49656,14,7,30,310,2016,11,7,3,3,2,6,0,1,0,1,0,1,0,0,7.75531E+20,5.72013E+21,1.29758E+16,5.15648E+16
49656,49657,14,6,25,200,2016,12,13,1,3,5,3,0,1,0,1,0,0,0,0,8.50724E+20,5.67762E+21,1.4015E+16,5.11424E+16
49657,49658,14,6,27,100,2016,11,22,1,1,2,6,2,0,0,1,0,0,1,0,8.12751E+20,5.666E+21,1.34638E+16,5.10602E+16
49658,49659,14,5,11,0,2016,12,13,4,3,5,3,0,0,1,1,0,0,0,0,7.7644E+20,5.64019E+21,1.29273E+16,5.08472E+16
49659,49660,14,7,13,0,2016,11,8,5,3,2,6,0,0,0,1,0,0,0,0,7.38832E+20,5.68916E+21,1.24265E+16,5.13036E+16
49660,49661,14,6,12,0,2016,10,13,4,3,0,1,0,1,0,0,0,1,0,0,8.31756E+20,5.66768E+21,1.37356E+16,5.10645E+16
49661,49662,14,6,25,610,2016,10,11,2,1,8,1,0,0,0,0,0,1,0,0,8.9483E+20,5.6857E+21,1.46514E+16,5.11859E+16
49662,49663,14,7,30,70,2016,11,8,2,2,0,7,0,0,0,1,0,0,1,0,7.31334E+20,5.71547E+21,1.23363E+16,5.15429E+16
49663,49664,14,7,29,260,2016,12,0,7,3,5,3,2,2,0,1,0,0,0,0,7.35562E+20,5.68556E+21,1.23773E+16,5.12726E+16
49664,49665,14,5,22,500,2016,11,13,7,3,0,7,0,1,0,1,0,0,1,0,7.87815E+20,5.65644E+21,1.31013E+16,5.09874E+16
49665,49666,14,6,27,290,2016,11,9,5,3,2,6,0,1,0,1,0,0,0,0,8.29772E+20,5.69383E+21,1.37314E+16,5.13001E+16
49666,49667,14,6,27,140,2016,10,12,5,3,2,2,0,1,0,1,0,0,0,0,8.14192E+20,5.67915E+21,1.34957E+16,5.11772E+16
49667,49668,14,6,28,80,2016,12,15,4,3,2,7,0,0,0,1,0,0,0,0,8.40911E+20,5.65655E+21,1.38554E+16,5.09595E+16
49668,49669,14,5,22,140,2016,10,17,2,3,5,2,2,1,0,1,0,0,0,0,7.8424E+20,5.64238E+21,1.30396E+16,5.08631E+16
49669,49670,14,6,27,180,2016,10,11,1,3,2,2,0,0,0,1,0,0,0,0,8.04312E+20,5.66538E+21,1.33432E+16,5.10591E+16
49670,49671,14,5,24,230,2016,9,14,3,3,5,3,0,0,1,1,0,0,0,0,7.64629E+20,5.63345E+21,1.27551E+16,5.07923E+16
49671,49672,14,6,26,180,2016,12,9,2,3,8,1,0,1,0,1,0,0,0,0,9.03695E+20,5.66614E+21,1.47557E+16,5.10048E+16
49672,49673,14,6,25,250,2016,12,17,2,3,6,4,1,1,0,1,1,0,0,0,8.55104E+20,5.69229E+21,1.40918E+16,5.1271E+16
49673,49674,14,5,22,180,2016,10,7,5,3,5,2,1,1,0,1,0,0,1,0,8.04912E+20,5.64788E+21,1.33371E+16,5.09019E+16
49674,49675,14,5,11,0,2016,12,14,6,3,2,1,0,0,0,1,0,0,0,0,7.71415E+20,5.63433E+21,1.28518E+16,5.07971E+16
49675,49676,14,5,11,0,2016,9,6,2,3,5,3,0,0,0,1,0,0,0,0,7.75015E+20,5.63916E+21,1.29064E+16,5.08387E+16
49676,49677,14,5,21,200,2016,9,16,6,2,5,3,0,0,0,1,0,0,0,0,7.77143E+20,5.62172E+21,1.29234E+16,5.06812E+16
49677,49678,14,6,27,210,2016,11,16,2,3,5,3,1,0,1,1,0,0,0,0,8.24372E+20,5.672E+21,1.36345E+16,5.11075E+16
49678,49679,14,5,24,180,2016,12,6,2,2,5,2,2,1,0,1,0,0,0,0,7.67656E+20,5.64188E+21,1.28041E+16,5.08666E+16
49679,49680,14,5,11,0,2016,10,17,7,3,2,6,0,0,0,1,0,1,0,0,7.74947E+20,5.64297E+21,1.29083E+16,5.08729E+16
49680,49681,14,7,30,45,2016,11,13,7,2,4,2,0,0,0,1,0,0,0,0,7.72818E+20,5.70791E+21,1.29273E+16,5.14565E+16
49681,49682,14,6,27,60,2016,10,16,3,3,5,2,0,0,0,1,0,0,0,0,8.15948E+20,5.69167E+21,1.35318E+16,5.12885E+16
49682,49683,14,6,28,110,2016,11,19,3,3,6,2,2,1,0,1,1,0,0,0,8.25809E+20,5.65923E+21,1.36434E+16,5.09922E+16
49683,49684,14,5,22,510,2016,12,15,6,3,8,1,0,1,0,1,0,0,0,0,7.92611E+20,5.66787E+21,1.31787E+16,5.10876E+16
49684,49685,14,7,13,0,2016,11,11,5,2,5,2,0,0,1,1,0,0,0,0,7.36462E+20,5.69323E+21,1.23952E+16,5.13411E+16
49685,49686,14,5,24,180,2016,11,7,3,3,5,3,0,1,0,1,0,0,0,1,7.6098E+20,5.64344E+21,1.27105E+16,5.08836E+16
49686,49687,14,5,22,310,2016,10,14,6,3,5,3,0,0,0,1,0,0,0,0,7.78598E+20,5.67787E+21,1.29868E+16,5.11843E+16
49687,49688,14,6,25,290,2016,12,13,6,2,5,3,0,0,0,1,0,0,0,0,8.87518E+20,5.68595E+21,1.45475E+16,5.11932E+16
49688,49689,14,7,29,40,2016,9,6,4,2,3,6,2,0,0,1,0,0,0,0,7.36562E+20,5.68128E+21,1.23888E+16,5.12338E+16
49689,49690,14,7,13,0,2016,10,20,3,3,4,2,2,1,1,1,0,0,0,0,7.36477E+20,5.69302E+21,1.23953E+16,5.13392E+16
49690,49691,14,6,25,250,2016,11,14,2,3,2,6,0,1,0,1,0,0,0,0,8.55087E+20,5.69235E+21,1.40916E+16,5.12716E+16
49691,49692,7,2,31,44,2016,1,1,6,3,9,1,2,1,0,1,0,0,0,0,3.50746E+20,5.5457E+21,6.91537E+15,5.00449E+16
49692,49693,14,6,12,0,2016,11,15,5,3,2,7,0,0,0,1,0,0,0,0,8.3191E+20,5.66937E+21,1.37394E+16,5.10797E+16
49693,49694,14,6,28,390,2016,10,14,2,3,8,1,0,0,0,1,0,0,0,0,8.49344E+20,5.65607E+21,1.39745E+16,5.09501E+16
49694,49695,14,6,27,150,2016,9,16,1,3,2,2,0,0,0,1,0,0,0,0,8.25534E+20,5.6756E+21,1.36543E+16,5.11391E+16
49695,49696,14,7,30,20,2016,10,14,6,3,4,2,0,0,0,1,0,0,1,0,7.4853E+20,5.7221E+21,1.25885E+16,5.1595E+16
49696,49697,14,7,29,300,2016,12,7,6,3,3,1,0,0,0,1,0,0,0,0,7.46613E+20,5.68889E+21,1.25377E+16,5.12978E+16
49697,49698,14,6,28,110,2016,11,17,4,2,5,2,2,2,1,1,0,0,0,0,8.25435E+20,5.66192E+21,1.36405E+16,5.10166E+16
49698,49699,14,6,28,270,2016,11,17,5,2,5,3,2,0,1,1,0,0,0,0,8.46865E+20,5.6563E+21,1.39396E+16,5.09536E+16
49699,49700,14,6,12,0,2016,11,11,1,2,9,1,0,0,0,0,0,1,0,0,8.32544E+20,5.6669E+21,1.37461E+16,5.10571E+16
49700,49701,14,5,22,430,2016,12,8,5,3,5,3,0,1,0,1,0,0,0,0,7.9804E+20,5.6513E+21,1.32424E+16,5.09362E+16
49701,49702,14,5,24,170,2016,10,16,5,3,8,1,0,1,0,1,0,0,0,0,7.41341E+20,5.62069E+21,1.24169E+16,5.06879E+16
49702,49703,14,5,11,0,2016,11,17,3,3,2,2,2,1,0,1,0,0,0,0,7.75498E+20,5.63798E+21,1.29123E+16,5.08278E+16
49703,49704,14,5,22,580,2016,10,10,7,3,4,2,0,1,0,1,0,0,0,0,7.61709E+20,5.65844E+21,1.27316E+16,5.10179E+16
49704,49705,14,6,27,140,2016,12,9,2,2,8,7,0,1,0,1,0,0,0,0,8.13064E+20,5.67828E+21,1.34789E+16,5.11701E+16
49705,49706,14,6,26,370,2016,12,6,2,2,5,3,2,0,1,1,0,0,0,0,9.07307E+20,5.69828E+21,1.48433E+16,5.12898E+16
49706,49707,14,5,22,80,2016,12,11,5,2,5,3,0,0,0,1,0,0,0,0,7.86518E+20,5.67056E+21,1.30941E+16,5.11147E+16
49707,49708,14,7,29,50,2016,11,13,6,3,5,3,0,0,1,1,0,0,0,0,7.44389E+20,5.66949E+21,1.24927E+16,5.11247E+16
49708,49709,14,6,12,0,2016,10,6,5,2,5,3,2,1,0,1,0,0,0,0,8.32904E+20,5.66879E+21,1.3753E+16,5.10739E+16
49709,49710,14,7,30,270,2016,10,18,2,2,4,2,1,1,0,1,0,1,0,0,7.28402E+20,5.70163E+21,1.22851E+16,5.14198E+16
49710,49711,14,6,28,270,2016,12,12,6,3,9,1,0,2,0,1,0,0,0,0,8.43985E+20,5.65659E+21,1.3899E+16,5.0958E+16
49711,49712,14,7,13,0,2016,11,17,3,3,6,5,0,0,0,1,1,0,0,0,7.35634E+20,5.69346E+21,1.23835E+16,5.13435E+16
49712,49713,14,5,24,30,2016,9,14,6,3,2,6,0,0,0,1,0,0,0,0,7.42284E+20,5.62916E+21,1.24358E+16,5.07635E+16
49713,49714,14,6,26,440,2016,9,15,3,3,3,2,0,0,0,1,0,0,0,1,9.00038E+20,5.69921E+21,1.47406E+16,5.13032E+16
49714,49715,14,6,12,0,2016,10,14,6,2,0,1,0,0,1,0,0,0,0,0,8.31699E+20,5.66447E+21,1.37319E+16,5.10358E+16
49715,49716,14,6,28,90,2016,12,17,5,1,6,6,2,1,0,0,1,0,1,0,8.21034E+20,5.65312E+21,1.35702E+16,5.09401E+16
49716,49717,14,5,11,0,2016,10,8,3,2,0,1,0,1,0,0,0,1,1,0,7.64353E+20,5.63652E+21,1.27534E+16,5.082E+16
49717,49718,14,6,27,210,2016,12,18,4,3,5,3,2,1,1,1,0,0,0,0,8.28665E+20,5.67099E+21,1.36947E+16,5.1096E+16
49718,49719,14,6,26,500,2016,12,14,3,2,9,1,0,0,0,1,0,0,0,0,9.13642E+20,5.66903E+21,1.49001E+16,5.10235E+16
49719,49720,14,5,24,330,2016,10,5,5,3,2,6,0,1,0,1,0,0,0,0,7.46503E+20,5.63023E+21,1.24962E+16,5.07713E+16
49720,49721,14,5,21,80,2016,12,17,7,3,8,1,2,2,0,1,0,0,0,0,7.6075E+20,5.60637E+21,1.26811E+16,5.0551E+16
49721,49722,14,5,23,320,2016,9,14,5,2,4,2,0,0,0,1,0,0,0,0,7.20198E+20,5.59821E+21,1.21048E+16,5.04944E+16
49722,49723,14,6,27,210,2016,11,16,3,3,5,2,2,0,1,0,0,1,0,0,8.24426E+20,5.67199E+21,1.36352E+16,5.11074E+16
49723,49724,14,6,26,610,2016,12,15,3,3,2,2,0,0,0,1,0,0,0,0,9.09279E+20,5.65506E+21,1.48225E+16,5.09018E+16
49724,49725,14,6,27,140,2016,10,16,1,3,5,3,0,0,1,1,0,0,0,0,8.15022E+20,5.67821E+21,1.35068E+16,5.11684E+16
49725,49726,14,5,22,230,2016,11,10,2,3,2,2,0,0,0,1,0,0,0,0,7.88174E+20,5.65426E+21,1.31047E+16,5.09677E+16
49726,49727,14,7,29,140,2016,11,13,4,3,4,6,0,1,0,1,0,0,0,0,7.46709E+20,5.65979E+21,1.25191E+16,5.10366E+16
49727,49728,14,5,23,270,2016,12,11,6,3,2,6,0,0,0,1,0,0,0,1,7.28003E+20,5.59945E+21,1.22154E+16,5.05026E+16
49728,49729,14,7,29,170,2016,11,14,6,1,2,2,0,1,0,1,0,0,1,0,7.29882E+20,5.6677E+21,1.22846E+16,5.11146E+16
49729,49730,14,5,24,330,2016,11,15,4,3,0,3,0,1,0,1,0,0,0,0,7.45158E+20,5.62345E+21,1.24727E+16,5.0711E+16
49730,49731,14,5,23,320,2016,10,11,4,3,0,6,0,0,0,0,0,0,1,1,7.21292E+20,5.59842E+21,1.21203E+16,5.04959E+16
49731,49732,14,5,11,0,2016,12,13,4,3,0,6,0,0,0,1,0,0,0,1,7.77694E+20,5.64067E+21,1.29455E+16,5.0851E+16