FID,OBJECTID,ULAND,UREGBEZ,UKREIS,UGEMEINDE,UJAHR,UMONAT,USTUNDE,UWOCHENTAG,UKATEGORIE,UART,UTYP1,ULICHTVERH,IstStrasse,IstRad,IstPKW,IstFuss,IstKrad,IstGkfz,IstSonstig,LINREFX,LINREFY,XGCSWGS84,YGCSWGS84
50086,50087,14,5,21,150,2016,9,13,1,3,8,1,0,0,0,0,0,1,0,0,7.81493E+20,5.62358E+21,1.29862E+16,5.06958E+16
50087,50088,14,6,26,610,2016,10,14,6,2,5,3,0,0,1,1,0,0,0,0,9.07618E+20,5.65405E+21,1.47979E+16,5.08939E+16
50088,50089,14,7,30,270,2016,12,16,6,3,4,2,1,1,0,1,0,0,0,0,7.24294E+20,5.69371E+21,1.22211E+16,5.13503E+16
50089,50090,14,6,12,0,2016,11,8,4,3,2,6,0,0,0,1,0,0,0,0,8.28662E+20,5.66939E+21,1.36932E+16,5.10817E+16
50090,50091,14,6,28,410,2016,11,18,5,3,5,2,2,1,0,1,0,0,0,0,8.17803E+20,5.66583E+21,1.35355E+16,5.10558E+16
50091,50092,14,5,21,50,2016,11,0,1,3,2,2,2,0,0,1,0,0,0,0,7.59881E+20,5.6113E+21,1.26723E+16,5.05957E+16
50092,50093,14,5,24,230,2016,12,5,4,3,1,2,2,1,0,1,0,1,0,0,7.62457E+20,5.63269E+21,1.27238E+16,5.07864E+16
50093,50094,14,5,24,180,2016,10,7,5,3,1,6,0,1,0,1,0,0,0,0,7.66317E+20,5.64043E+21,1.2784E+16,5.08541E+16
50094,50095,14,5,22,330,2016,10,14,7,2,3,2,0,1,0,1,0,0,0,0,7.79804E+20,5.64604E+21,1.29795E+16,5.08981E+16
50095,50096,14,6,28,50,2016,12,14,2,3,5,2,0,0,1,1,0,0,0,0,8.30998E+20,5.6597E+21,1.37176E+16,5.09935E+16
50096,50097,14,6,26,300,2016,12,10,2,3,5,3,0,0,0,1,0,0,0,0,9.13649E+20,5.68301E+21,1.49162E+16,5.11486E+16
50097,50098,14,5,23,270,2016,12,16,4,2,2,6,1,1,0,1,0,0,0,0,7.26564E+20,5.59855E+21,1.21946E+16,5.04951E+16
50098,50099,14,7,13,0,2016,11,19,6,3,5,3,2,1,1,1,0,0,0,0,7.32963E+20,5.69286E+21,1.23449E+16,5.13392E+16
50099,50100,14,5,11,0,2016,10,20,5,3,2,2,2,1,0,1,0,0,0,0,7.76332E+20,5.63855E+21,1.29246E+16,5.08325E+16
50100,50101,14,7,13,0,2016,10,15,2,2,8,1,0,1,0,1,0,0,0,0,7.38462E+20,5.69456E+21,1.24248E+16,5.13522E+16
50101,50102,14,6,12,0,2016,12,13,6,3,2,6,0,0,0,1,0,0,0,0,8.31504E+20,5.67164E+21,1.37357E+16,5.11002E+16
50102,50103,14,7,13,0,2016,11,10,3,3,2,6,0,0,0,1,0,0,0,0,7.38165E+20,5.68996E+21,1.24175E+16,5.1311E+16
50103,50104,14,7,30,190,2016,9,12,6,3,9,6,0,0,0,1,0,0,1,0,7.67344E+20,5.71132E+21,1.28513E+16,5.14897E+16
50104,50105,14,6,27,210,2016,9,11,3,3,5,3,0,0,1,1,0,0,0,0,8.2326E+20,5.67252E+21,1.36191E+16,5.11128E+16
50105,50106,14,5,22,530,2016,10,15,6,3,2,2,0,1,1,1,0,0,0,0,7.68007E+20,5.66088E+21,1.2823E+16,5.10369E+16
50106,50107,14,5,22,570,2016,12,16,5,3,0,7,2,0,0,0,0,0,0,1,7.81718E+20,5.66571E+21,1.30219E+16,5.10736E+16
50107,50108,14,5,24,330,2016,10,5,2,3,6,2,2,1,0,1,1,0,0,0,7.45372E+20,5.6245E+21,1.24764E+16,5.07204E+16
50108,50109,14,6,28,400,2016,12,16,4,3,6,2,2,1,0,1,1,0,0,0,8.21753E+20,5.658E+21,1.35848E+16,5.09835E+16
50109,50110,14,6,26,290,2016,12,9,3,3,5,3,0,0,1,1,0,0,0,0,8.97231E+20,5.67533E+21,1.46741E+16,5.10915E+16
50110,50111,14,7,29,380,2016,10,12,5,3,3,2,0,0,0,1,0,0,0,1,7.58627E+20,5.7058E+21,1.2722E+16,5.14442E+16
50111,50112,14,5,23,160,2016,12,13,6,3,2,2,0,1,0,1,0,0,0,0,7.47706E+20,5.58732E+21,1.24847E+16,5.03857E+16
50112,50113,14,7,29,160,2016,9,18,5,2,2,2,1,0,0,1,0,0,0,0,7.60331E+20,5.68351E+21,1.27301E+16,5.12434E+16
50113,50114,14,6,12,0,2016,11,6,3,2,0,7,2,0,0,1,0,0,1,0,8.22618E+20,5.66693E+21,1.3605E+16,5.10631E+16
50114,50115,14,6,25,120,2016,12,14,3,3,5,3,0,0,0,1,0,0,0,0,8.62297E+20,5.71431E+21,1.42169E+16,5.14637E+16
50115,50116,14,5,22,50,2016,10,14,1,2,2,2,0,0,0,1,0,0,0,0,8.0451E+20,5.64005E+21,1.33249E+16,5.08319E+16
50116,50117,14,5,21,440,2016,11,15,2,3,2,2,0,0,1,1,0,0,0,0,7.84711E+20,5.59552E+21,1.30102E+16,5.04425E+16
50117,50118,14,6,27,20,2016,10,21,4,2,8,1,2,0,0,1,0,0,0,0,8.06918E+20,5.68169E+21,1.33942E+16,5.1204E+16
50118,50119,14,6,25,480,2016,11,10,4,1,4,2,0,1,0,1,0,0,0,0,8.45571E+20,5.66961E+21,1.39339E+16,5.10737E+16
50119,50120,14,5,24,330,2016,12,10,6,3,4,2,0,0,0,1,0,0,0,1,7.46111E+20,5.62232E+21,1.24854E+16,5.07005E+16
50120,50121,14,6,26,290,2016,11,6,6,3,4,6,2,0,0,1,0,0,1,1,9.00392E+20,5.67855E+21,1.47226E+16,5.11181E+16
50121,50122,14,5,24,330,2016,12,14,2,2,5,3,0,1,0,1,0,0,0,0,7.46271E+20,5.62524E+21,1.24896E+16,5.07267E+16
50122,50123,14,5,11,0,2016,12,18,5,2,2,6,2,0,0,1,0,0,0,0,7.71541E+20,5.64072E+21,1.28583E+16,5.08543E+16
50123,50124,14,5,22,180,2016,11,10,7,2,9,1,0,0,0,1,0,0,0,0,8.01479E+20,5.65319E+21,1.32928E+16,5.09513E+16
50124,50125,14,6,12,0,2016,10,12,5,3,5,3,0,1,0,1,0,0,0,1,8.27243E+20,5.66278E+21,1.3667E+16,5.10233E+16
50125,50126,14,7,29,50,2016,10,17,2,3,8,1,0,1,0,1,0,0,0,0,7.45554E+20,5.67097E+21,1.25103E+16,5.11375E+16
50126,50127,14,6,25,430,2016,12,21,6,2,9,1,2,1,0,1,0,0,0,0,8.37098E+20,5.68E+21,1.38231E+16,5.11718E+16
50127,50128,14,7,30,60,2016,11,17,3,3,3,2,2,0,1,1,0,0,0,0,7.8278E+20,5.6936E+21,1.3059E+16,5.13233E+16
50128,50129,14,5,21,30,2016,9,10,7,3,4,2,0,0,1,1,0,0,0,0,7.6181E+20,5.60991E+21,1.26985E+16,5.05824E+16
50129,50130,14,6,27,210,2016,9,16,3,3,5,3,0,0,1,1,0,0,0,0,8.26562E+20,5.67184E+21,1.36655E+16,5.11049E+16
50130,50131,14,6,27,180,2016,10,21,6,2,5,3,2,1,0,1,0,0,0,0,8.04875E+20,5.66878E+21,1.33541E+16,5.10893E+16
50131,50132,14,6,27,140,2016,12,8,5,3,6,2,0,0,0,1,1,0,0,0,8.12745E+20,5.67722E+21,1.34734E+16,5.11608E+16
50132,50133,14,5,11,0,2016,11,8,4,3,2,6,0,0,0,1,0,0,0,0,7.7357E+20,5.64058E+21,1.2887E+16,5.08521E+16
50133,50134,14,5,22,420,2016,10,14,3,3,9,1,0,1,0,1,0,0,0,0,7.80922E+20,5.64172E+21,1.2992E+16,5.08588E+16
50134,50135,14,7,13,0,2016,12,5,4,3,4,2,2,1,0,1,0,0,0,1,7.30086E+20,5.6931E+21,1.23038E+16,5.13425E+16
50135,50136,14,5,22,220,2016,12,1,3,3,8,7,2,0,0,1,0,0,0,0,7.81385E+20,5.67773E+21,1.30265E+16,5.11816E+16
50136,50137,14,7,30,340,2016,12,23,3,2,8,1,2,1,0,1,0,0,0,0,7.24554E+20,5.70595E+21,1.22326E+16,5.14601E+16
50137,50138,14,5,24,330,2016,10,19,5,3,0,7,2,1,0,1,0,0,0,0,7.47014E+20,5.62519E+21,1.25001E+16,5.0726E+16
50138,50139,14,5,21,540,2016,12,18,7,3,4,1,1,2,0,1,0,0,0,0,7.51357E+20,5.59846E+21,1.25434E+16,5.04841E+16
50139,50140,14,6,26,110,2016,9,10,4,3,0,6,0,0,0,1,0,0,1,0,9.18076E+20,5.68273E+21,1.49788E+16,5.11429E+16
50140,50141,14,7,29,150,2016,9,5,5,3,4,2,2,0,0,1,0,0,0,0,7.55043E+20,5.66171E+21,1.26391E+16,5.10502E+16
50141,50142,14,6,25,20,2016,11,13,3,3,4,2,0,0,0,1,0,0,0,0,8.78165E+20,5.68462E+21,1.44129E+16,5.11876E+16
50142,50143,14,7,30,160,2016,12,12,3,2,5,3,0,0,1,1,0,0,0,0,7.5156E+20,5.71731E+21,1.26287E+16,5.15507E+16
50143,50144,14,6,28,270,2016,11,6,5,3,2,6,2,0,0,1,0,0,0,1,8.45291E+20,5.65641E+21,1.39174E+16,5.09556E+16
50144,50145,14,5,23,170,2016,10,15,1,3,4,2,0,0,0,1,0,0,0,0,7.38912E+20,5.60795E+21,1.23744E+16,5.05745E+16
50145,50146,14,6,12,0,2016,11,8,2,3,5,3,0,0,1,1,0,0,0,0,8.29916E+20,5.66498E+21,1.3707E+16,5.10414E+16
50146,50147,14,5,21,20,2016,12,10,7,3,2,6,0,1,0,1,0,0,0,0,7.84502E+20,5.60793E+21,1.30167E+16,5.05539E+16
50147,50148,14,7,13,0,2016,11,4,6,3,0,6,2,0,0,1,0,0,0,1,7.34739E+20,5.69349E+21,1.23707E+16,5.13441E+16
50148,50149,14,5,21,220,2016,11,13,5,2,5,3,0,1,0,1,0,0,0,0,7.84914E+20,5.62985E+21,1.30394E+16,5.07504E+16
50149,50150,14,5,22,180,2016,10,10,5,3,2,6,0,0,0,1,0,0,0,0,8.04835E+20,5.64997E+21,1.33377E+16,5.09207E+16
50150,50151,14,5,11,0,2016,12,11,4,3,2,6,0,1,0,1,0,0,0,0,7.7674E+20,5.63374E+21,1.29267E+16,5.07892E+16
50151,50152,14,5,21,110,2016,10,12,2,1,9,1,0,1,0,1,0,0,0,0,7.65434E+20,5.5981E+21,1.27412E+16,5.04747E+16
50152,50153,14,5,21,130,2016,10,15,1,2,3,2,0,0,0,1,0,1,0,0,7.79756E+20,5.60607E+21,1.29485E+16,5.05395E+16
50153,50154,14,6,26,450,2016,12,11,1,2,5,2,0,1,0,1,0,0,0,0,9.03443E+20,5.68081E+21,1.47685E+16,5.11362E+16
50154,50155,14,5,21,290,2016,12,13,2,2,5,3,0,1,0,1,0,0,0,0,7.60039E+20,5.62704E+21,1.26856E+16,5.07368E+16
50155,50156,14,6,26,330,2016,10,13,4,2,8,1,0,1,0,0,0,0,0,1,9.194E+20,5.69987E+21,1.50176E+16,5.12952E+16
50156,50157,14,7,29,350,2016,12,6,5,3,8,6,2,1,0,1,0,0,0,1,7.26982E+20,5.68211E+21,1.22523E+16,5.12451E+16
50157,50158,14,7,29,260,2016,9,16,5,3,2,6,0,0,0,1,0,0,0,0,7.36298E+20,5.68287E+21,1.2386E+16,5.12482E+16
50158,50159,14,5,11,0,2016,10,1,1,2,9,1,2,1,0,1,0,0,0,0,7.80431E+20,5.64483E+21,1.29874E+16,5.0887E+16
50159,50160,14,6,12,0,2016,12,6,1,3,8,1,2,0,0,1,0,0,0,0,8.37533E+20,5.67038E+21,1.38203E+16,5.10854E+16
50160,50161,14,6,25,270,2016,10,13,6,2,4,6,0,0,0,1,0,0,1,0,8.42479E+20,5.69133E+21,1.39106E+16,5.12701E+16
50161,50162,14,5,11,0,2016,11,11,7,3,5,3,0,0,0,1,0,0,0,0,7.6771E+20,5.63589E+21,1.28005E+16,5.08128E+16
50162,50163,14,7,29,50,2016,10,8,2,2,5,3,0,0,0,1,0,0,0,0,7.44614E+20,5.675E+21,1.24996E+16,5.1174E+16
50163,50164,14,5,21,240,2016,11,17,3,3,0,6,2,1,0,1,0,0,0,0,7.90729E+20,5.62317E+21,1.31164E+16,5.06876E+16
50164,50165,14,5,11,0,2016,12,12,6,3,1,6,0,1,0,1,0,0,0,0,7.75032E+20,5.63905E+21,1.29065E+16,5.08376E+16
50165,50166,14,6,27,220,2016,11,6,5,2,7,7,2,1,0,1,0,0,0,0,8.27438E+20,5.68334E+21,1.36884E+16,5.12074E+16
50166,50167,14,7,13,0,2016,11,15,3,2,4,2,0,1,0,1,0,0,1,0,7.28902E+20,5.69865E+21,1.22904E+16,5.13928E+16
50167,50168,14,5,23,350,2016,10,17,7,3,8,1,1,1,0,1,0,0,0,0,7.11791E+20,5.59766E+21,1.19861E+16,5.04926E+16
50168,50169,14,6,27,60,2016,12,15,3,2,6,4,0,1,0,0,1,0,1,0,8.15226E+20,5.69125E+21,1.35211E+16,5.12851E+16
50169,50170,14,5,11,0,2016,10,11,7,2,2,6,0,0,0,1,0,0,0,0,7.71682E+20,5.63654E+21,1.28572E+16,5.08168E+16
50170,50171,14,6,28,380,2016,10,9,5,2,9,7,0,1,0,1,0,0,0,0,8.5756E+20,5.6641E+21,1.40989E+16,5.1017E+16
50171,50172,14,6,27,100,2016,12,12,6,2,2,6,0,0,0,1,0,0,0,0,8.18053E+20,5.66641E+21,1.35396E+16,5.10609E+16
50172,50173,14,6,25,20,2016,9,15,4,3,5,3,0,0,0,1,0,0,0,0,8.80609E+20,5.68393E+21,1.4447E+16,5.11798E+16
50173,50174,14,6,12,0,2016,10,14,3,3,3,6,0,0,0,1,0,1,0,0,8.31451E+20,5.667E+21,1.37307E+16,5.10586E+16
50174,50175,14,6,12,0,2016,11,20,2,3,5,3,2,1,0,1,0,0,0,0,8.29667E+20,5.66602E+21,1.37044E+16,5.10509E+16
50175,50176,7,1,32,96,2016,1,5,6,3,4,1,2,1,0,1,0,0,0,0,4.09349E+20,5.62507E+21,7.71444E+15,5.07703E+16
50176,50177,14,7,13,0,2016,11,16,4,3,2,6,2,1,0,1,0,0,0,0,7.43828E+20,5.69524E+21,1.25022E+16,5.1356E+16
50177,50178,14,6,12,0,2016,10,16,2,3,4,6,0,0,1,0,0,0,0,0,8.30815E+20,5.66872E+21,1.37232E+16,5.10744E+16
50178,50179,14,5,24,300,2016,9,10,7,3,5,3,0,0,0,1,0,0,0,0,7.38261E+20,5.62615E+21,1.23769E+16,5.07382E+16
50179,50180,14,6,25,350,2016,10,15,6,1,4,1,0,0,0,1,0,0,0,0,8.60302E+20,5.69062E+21,1.41644E+16,5.12528E+16
50180,50181,14,6,27,140,2016,12,17,6,1,4,1,2,1,0,1,0,0,0,0,8.10844E+20,5.6796E+21,1.34484E+16,5.11832E+16
50181,50182,14,5,22,300,2016,11,8,4,2,8,7,0,0,0,1,0,0,0,0,7.83492E+20,5.66226E+21,1.30444E+16,5.10418E+16
50182,50183,14,5,21,230,2016,11,16,5,3,5,2,0,0,0,1,0,1,0,0,7.74182E+20,5.624E+21,1.28833E+16,5.0703E+16
50183,50184,14,5,24,180,2016,10,21,3,2,9,1,2,1,0,1,0,0,0,0,7.66417E+20,5.64098E+21,1.27859E+16,5.08591E+16
50184,50185,14,6,12,0,2016,11,0,7,3,1,6,2,0,0,1,0,0,0,1,8.32187E+20,5.66697E+21,1.37411E+16,5.1058E+16
50185,50186,14,7,13,0,2016,12,11,4,3,2,6,0,1,0,1,0,0,0,0,7.38279E+20,5.69449E+21,1.24221E+16,5.13517E+16
50186,50187,14,7,30,180,2016,10,12,5,3,8,7,0,1,0,1,0,0,0,0,7.38681E+20,5.7165E+21,1.24427E+16,5.15491E+16
50187,50188,14,5,21,630,2016,9,11,6,2,4,6,0,0,0,1,0,1,0,0,7.84085E+20,5.61762E+21,1.30183E+16,5.06411E+16
50188,50189,14,7,30,190,2016,10,15,6,3,8,1,0,1,0,1,0,0,0,0,7.68877E+20,5.71407E+21,1.28754E+16,5.15137E+16
50189,50190,14,7,30,280,2016,12,14,1,3,5,3,0,0,0,1,0,0,0,0,7.3889E+20,5.71291E+21,1.24433E+16,5.15167E+16
50190,50191,14,6,12,0,2016,12,17,2,3,3,7,1,1,0,1,0,1,0,0,8.31242E+20,5.66833E+21,1.37289E+16,5.10707E+16
50191,50192,14,6,26,170,2016,12,15,4,3,8,1,0,0,0,1,0,0,0,0,9.01504E+20,5.65419E+21,1.47115E+16,5.08994E+16
50192,50193,14,6,25,630,2016,11,13,6,3,2,6,0,0,0,1,0,0,0,0,8.77844E+20,5.67473E+21,1.43979E+16,5.10992E+16
50193,50194,14,5,24,90,2016,10,13,4,3,8,1,0,1,0,0,0,1,0,0,7.57277E+20,5.61899E+21,1.26409E+16,5.06659E+16
50194,50195,14,6,27,230,2016,11,17,3,3,2,2,2,0,0,1,0,0,0,0,7.99228E+20,5.6931E+21,1.32939E+16,5.13104E+16
50195,50196,14,7,29,410,2016,9,10,6,3,4,6,0,0,0,0,0,0,1,1,7.64118E+20,5.69135E+21,1.27901E+16,5.13121E+16
50196,50197,14,5,24,120,2016,10,13,5,2,5,3,0,1,0,1,0,0,0,0,7.58715E+20,5.63409E+21,1.26718E+16,5.08007E+16
50197,50198,14,5,24,130,2016,12,6,4,3,0,1,2,1,0,1,0,0,0,0,7.49734E+20,5.61532E+21,1.25319E+16,5.06362E+16
50198,50199,14,7,29,270,2016,10,15,2,3,2,6,0,1,0,1,0,0,1,0,7.24923E+20,5.68895E+21,1.22272E+16,5.13073E+16
50199,50200,14,6,25,20,2016,9,9,3,3,6,4,0,0,0,1,1,0,0,0,8.79107E+20,5.6838E+21,1.44254E+16,5.11796E+16
50200,50201,14,5,21,160,2016,12,20,4,2,2,6,2,1,0,1,0,0,0,0,7.80272E+20,5.61621E+21,1.29634E+16,5.06302E+16
50201,50202,14,6,12,0,2016,12,16,3,3,5,2,2,1,1,0,0,0,0,1,8.32291E+20,5.66564E+21,1.37414E+16,5.10459E+16
50202,50203,14,6,26,560,2016,10,14,5,3,9,1,0,0,0,1,0,0,0,0,8.80674E+20,5.71696E+21,1.44831E+16,5.14754E+16
50203,50204,14,7,29,300,2016,12,13,6,2,2,6,0,0,0,1,0,0,0,0,7.48526E+20,5.68631E+21,1.25633E+16,5.12739E+16
50204,50205,14,7,30,230,2016,9,17,2,3,0,1,0,0,1,0,0,0,0,0,7.88484E+20,5.69016E+21,1.31378E+16,5.12896E+16
50205,50206,14,7,13,0,2016,9,11,5,3,1,6,0,0,0,1,0,0,0,1,7.32804E+20,5.69686E+21,1.23452E+16,5.13752E+16
50206,50207,14,5,23,245,2016,11,5,2,2,4,1,2,2,0,1,0,0,0,0,7.43312E+20,5.58766E+21,1.24232E+16,5.03906E+16
50207,50208,14,7,30,10,2016,11,14,1,3,4,6,0,0,0,1,0,0,0,0,7.85914E+20,5.7131E+21,1.31195E+16,5.14966E+16
50208,50209,14,5,21,590,2016,10,17,4,3,0,2,0,0,1,1,0,0,0,0,7.62813E+20,5.6191E+21,1.27191E+16,5.06643E+16
50209,50210,14,6,12,0,2016,11,10,4,2,2,6,0,1,0,1,0,0,1,0,8.26932E+20,5.66846E+21,1.36677E+16,5.10743E+16
50210,50211,14,7,30,330,2016,12,15,6,3,5,3,0,1,0,1,0,0,0,0,7.77877E+20,5.68755E+21,1.29841E+16,5.12714E+16
50211,50212,14,6,28,10,2016,11,23,6,2,8,1,2,1,0,1,0,0,0,0,8.42384E+20,5.63364E+21,1.38548E+16,5.07533E+16
50212,50213,14,6,26,610,2016,11,21,4,2,8,1,2,1,0,1,0,0,0,0,9.0817E+20,5.64808E+21,1.4799E+16,5.084E+16
50213,50214,14,6,12,0,2016,10,7,4,3,5,3,2,1,1,1,0,0,0,0,8.29629E+20,5.66397E+21,1.3702E+16,5.10325E+16
50214,50215,14,5,24,70,2016,12,7,3,2,6,4,0,0,0,1,1,0,0,0,7.62085E+20,5.62971E+21,1.27164E+16,5.07599E+16
50215,50216,14,6,28,300,2016,10,11,1,3,6,7,0,0,0,1,1,0,0,0,8.30409E+20,5.6518E+21,1.3702E+16,5.0923E+16
50216,50217,14,7,29,370,2016,10,5,7,3,5,3,2,0,0,1,0,0,1,0,7.43319E+20,5.67593E+21,1.24817E+16,5.1183E+16
50217,50218,14,6,25,120,2016,12,11,7,2,8,1,0,1,0,1,0,0,0,0,8.58539E+20,5.71713E+21,1.41659E+16,5.14913E+16
50218,50219,14,6,25,200,2016,10,15,4,3,5,3,0,1,1,0,0,0,0,1,8.52224E+20,5.67776E+21,1.40365E+16,5.11426E+16
50219,50220,14,6,27,210,2016,12,17,5,3,2,6,2,1,0,1,0,0,0,1,8.24558E+20,5.67197E+21,1.36371E+16,5.11071E+16
50220,50221,7,1,40,67,2016,1,18,1,3,9,1,2,1,0,1,0,0,0,0,3.85503E+20,5.53473E+21,7.40387E+15,4.9954E+16
50221,50222,14,5,23,170,2016,10,7,2,2,5,2,0,0,0,1,0,0,1,0,7.38462E+20,5.60704E+21,1.23675E+16,5.05665E+16
50222,50223,14,5,22,180,2016,10,18,2,3,4,2,1,1,0,1,0,0,0,0,8.05962E+20,5.64924E+21,1.33531E+16,5.09136E+16
50223,50224,14,6,12,0,2016,10,8,7,3,9,7,0,1,0,1,0,0,0,0,8.40444E+20,5.67262E+21,1.38638E+16,5.11037E+16
50224,50225,14,6,25,20,2016,12,20,7,3,3,6,2,0,1,1,0,0,0,0,8.81126E+20,5.68378E+21,1.44542E+16,5.11781E+16
50225,50226,14,5,24,330,2016,11,9,4,3,9,1,0,1,0,0,0,1,0,0,7.42142E+20,5.62986E+21,1.24343E+16,5.07699E+16
50226,50227,14,6,26,290,2016,11,6,6,3,2,6,2,1,0,1,0,0,0,0,8.99347E+20,5.67763E+21,1.47067E+16,5.11107E+16
50227,50228,14,7,13,0,2016,11,15,2,3,5,2,0,0,1,0,0,0,1,0,7.36245E+20,5.6937E+21,1.23925E+16,5.13454E+16
50228,50229,14,7,29,220,2016,12,16,5,2,4,2,1,0,0,1,0,0,0,0,7.47212E+20,5.67203E+21,1.25347E+16,5.11462E+16
50229,50230,14,6,25,20,2016,10,19,6,2,2,6,2,0,0,1,0,0,1,0,8.76312E+20,5.68452E+21,1.43864E+16,5.11879E+16
50230,50231,14,5,23,200,2016,10,16,3,3,4,2,0,0,0,1,0,0,0,0,7.37771E+20,5.57816E+21,1.23394E+16,5.03076E+16
50231,50232,14,6,25,170,2016,11,18,3,2,6,4,2,1,0,1,1,0,0,0,8.57379E+20,5.67429E+21,1.41064E+16,5.11084E+16
50232,50233,14,6,25,530,2016,10,17,7,2,5,3,0,0,0,1,0,1,0,0,8.6629E+20,5.67678E+21,1.42357E+16,5.11251E+16
50233,50234,14,5,23,320,2016,12,10,2,3,1,6,0,0,0,1,0,0,0,0,7.21872E+20,5.59904E+21,1.21288E+16,5.05013E+16
50234,50235,14,7,30,20,2016,9,14,6,1,8,1,0,1,0,1,0,0,0,0,7.50064E+20,5.72153E+21,1.26102E+16,5.15892E+16
50235,50236,14,7,13,0,2016,10,16,4,3,9,1,0,1,0,1,0,0,0,0,7.43069E+20,5.69533E+21,1.24914E+16,5.13571E+16
50236,50237,14,6,27,210,2016,12,18,3,3,1,5,2,0,1,1,0,0,0,0,8.24114E+20,5.67205E+21,1.36308E+16,5.11081E+16
50237,50238,14,7,29,270,2016,12,2,5,3,8,1,2,1,0,1,0,0,0,0,7.21478E+20,5.68565E+21,1.21758E+16,5.1279E+16
50238,50239,14,6,27,10,2016,11,15,1,3,2,2,0,0,0,1,0,0,0,0,8.17517E+20,5.67599E+21,1.35404E+16,5.11471E+16
50239,50240,14,5,24,70,2016,11,21,4,2,4,6,2,1,0,1,0,0,0,0,7.61268E+20,5.63152E+21,1.27061E+16,5.07765E+16
50240,50241,14,7,30,310,2016,10,13,4,3,0,6,0,0,1,0,0,0,0,0,7.77161E+20,5.71922E+21,1.29986E+16,5.15558E+16
50241,50242,14,5,21,180,2016,12,17,4,2,5,3,1,1,0,1,0,0,0,0,7.7448E+20,5.61061E+21,1.28776E+16,5.05828E+16
50242,50243,14,6,26,610,2016,10,4,1,3,9,1,2,1,0,1,0,0,0,0,9.06069E+20,5.65483E+21,1.47768E+16,5.09019E+16
50243,50244,14,5,24,90,2016,10,10,7,3,5,3,0,0,1,1,0,0,0,0,7.59452E+20,5.61866E+21,1.26714E+16,5.06619E+16
50244,50245,14,5,24,300,2016,12,21,7,2,5,3,2,0,0,1,0,0,0,0,7.38191E+20,5.62429E+21,1.23747E+16,5.07215E+16
50245,50246,14,7,29,190,2016,10,15,4,3,2,6,0,0,0,1,0,0,0,1,7.40638E+20,5.68469E+21,1.24493E+16,5.12627E+16
50246,50247,14,5,21,20,2016,12,6,2,3,6,2,2,1,0,1,1,0,0,0,7.8419E+20,5.61139E+21,1.3015E+16,5.05851E+16
50247,50248,14,6,26,610,2016,12,16,5,2,6,4,2,1,0,1,1,0,0,0,9.08008E+20,5.65576E+21,1.48053E+16,5.09089E+16
50248,50249,14,6,28,390,2016,10,9,2,3,0,1,0,1,0,0,0,1,0,0,8.5314E+20,5.65294E+21,1.40253E+16,5.09198E+16
50249,50250,14,7,29,160,2016,10,19,7,3,5,3,2,1,0,1,0,0,0,0,7.60023E+20,5.68296E+21,1.27253E+16,5.12386E+16
50250,50251,14,5,23,340,2016,12,10,7,2,5,3,0,0,0,1,0,0,0,0,7.31965E+20,5.61391E+21,1.22802E+16,5.06309E+16
50251,50252,14,5,23,270,2016,11,15,6,2,2,6,0,0,0,1,0,0,0,0,7.2825E+20,5.60028E+21,1.22194E+16,5.051E+16
50252,50253,14,6,27,220,2016,10,10,2,3,5,3,0,0,0,1,0,0,0,0,8.29789E+20,5.6808E+21,1.37196E+16,5.11833E+16
50253,50254,14,5,23,320,2016,11,7,2,3,3,6,0,1,0,1,0,0,1,0,7.2589E+20,5.59889E+21,1.21853E+16,5.04984E+16
50254,50255,14,5,22,180,2016,12,12,6,3,2,6,0,0,0,1,0,0,0,0,8.0587E+20,5.64962E+21,1.33521E+16,5.0917E+16
50255,50256,14,5,11,0,2016,11,18,5,3,5,3,2,0,1,1,0,0,0,0,7.76106E+20,5.64161E+21,1.29237E+16,5.08601E+16
50256,50257,14,6,25,30,2016,11,10,3,3,5,3,0,0,1,1,0,0,0,0,8.52883E+20,5.70397E+21,1.40717E+16,5.13771E+16
50257,50258,14,7,13,0,2016,10,15,7,3,5,3,0,0,0,1,0,0,0,0,7.36145E+20,5.70151E+21,1.23962E+16,5.14155E+16
50258,50259,14,5,21,410,2016,12,15,3,3,2,6,0,0,0,1,0,0,0,0,7.70841E+20,5.63382E+21,1.28433E+16,5.07927E+16
50259,50260,14,5,24,80,2016,9,23,6,3,1,7,2,0,1,1,0,0,0,0,7.48815E+20,5.63578E+21,1.25327E+16,5.08202E+16
50260,50261,14,5,23,200,2016,10,6,4,3,8,7,2,1,0,1,0,0,0,0,7.36591E+20,5.57895E+21,1.23234E+16,5.03151E+16
50261,50262,14,5,11,0,2016,12,18,6,2,0,7,2,0,0,0,0,0,0,1,7.7692E+20,5.63758E+21,1.29322E+16,5.08236E+16
50262,50263,14,6,28,380,2016,9,14,4,3,2,2,0,0,0,1,0,0,0,0,8.5647E+20,5.66783E+21,1.40871E+16,5.10511E+16