FID,OBJECTID,ULAND,UREGBEZ,UKREIS,UGEMEINDE,UJAHR,UMONAT,USTUNDE,UWOCHENTAG,UKATEGORIE,UART,UTYP1,ULICHTVERH,IstStrasse,IstRad,IstPKW,IstFuss,IstKrad,IstGkfz,IstSonstig,LINREFX,LINREFY,XGCSWGS84,YGCSWGS84
50263,50264,14,5,23,270,2016,10,19,2,3,0,7,2,0,0,0,0,1,0,0,7.2697E+20,5.60027E+21,1.22013E+16,5.05103E+16
50264,50265,14,5,24,30,2016,11,4,2,3,2,6,2,0,0,0,0,0,1,1,7.37699E+20,5.63697E+21,1.2376E+16,5.08356E+16
50265,50266,14,5,24,70,2016,12,23,7,3,8,1,2,1,0,1,0,0,0,0,7.61474E+20,5.62944E+21,1.27076E+16,5.07578E+16
50266,50267,14,6,25,510,2016,11,18,4,3,6,7,2,1,0,1,1,0,0,0,8.57002E+20,5.68165E+21,1.41083E+16,5.11746E+16
50267,50268,14,6,25,20,2016,9,15,6,3,2,6,0,0,0,1,0,0,0,0,8.81575E+20,5.68515E+21,1.4462E+16,5.119E+16
50268,50269,14,5,23,320,2016,10,9,1,3,8,1,0,1,0,1,0,0,0,0,7.25939E+20,5.59601E+21,1.21842E+16,5.04724E+16
50269,50270,14,6,25,600,2016,10,13,7,2,5,3,0,0,0,1,0,0,1,0,8.46506E+20,5.67745E+21,1.39547E+16,5.11433E+16
50270,50271,14,6,12,0,2016,12,16,6,3,2,6,2,1,0,1,0,0,0,0,8.31383E+20,5.67247E+21,1.37347E+16,5.11077E+16
50271,50272,14,5,23,170,2016,11,20,3,3,8,1,2,2,0,1,0,0,0,0,7.37355E+20,5.6088E+21,1.2353E+16,5.05828E+16
50272,50273,14,5,23,320,2016,11,6,4,3,4,2,2,0,0,1,0,0,0,0,7.22634E+20,5.59747E+21,1.21386E+16,5.04869E+16
50273,50274,14,7,30,110,2016,10,12,3,3,0,3,0,1,1,1,0,0,0,0,7.52018E+20,5.70702E+21,1.26279E+16,5.14582E+16
50274,50275,14,5,23,340,2016,12,5,5,2,6,4,2,1,0,1,1,0,0,0,7.32717E+20,5.61312E+21,1.22903E+16,5.06235E+16
50275,50276,14,6,25,480,2016,11,12,6,3,1,6,0,1,0,1,0,0,0,0,8.43834E+20,5.67405E+21,1.39134E+16,5.11145E+16
50276,50277,14,6,25,20,2016,12,19,4,3,4,2,0,1,0,1,0,0,0,0,8.80672E+20,5.68393E+21,1.44479E+16,5.11797E+16
50277,50278,14,7,29,300,2016,10,19,5,2,5,3,2,1,0,1,0,0,1,0,7.49905E+20,5.68788E+21,1.25841E+16,5.12873E+16
50278,50279,14,5,23,340,2016,9,8,5,2,6,2,0,0,0,1,1,0,0,0,7.34457E+20,5.61426E+21,1.23156E+16,5.0633E+16
50279,50280,14,7,29,290,2016,10,9,6,3,5,3,0,1,0,1,0,0,0,0,7.61034E+20,5.65774E+21,1.27215E+16,5.10119E+16
50280,50281,14,5,22,140,2016,12,17,1,3,4,1,2,1,0,1,0,0,0,0,7.87516E+20,5.64241E+21,1.3086E+16,5.08618E+16
50281,50282,14,5,21,20,2016,12,10,2,3,5,3,0,1,0,1,0,0,0,1,7.84057E+20,5.61187E+21,1.30135E+16,5.05895E+16
50282,50283,14,6,12,0,2016,11,7,2,3,2,6,0,0,0,1,0,0,0,1,8.32076E+20,5.66771E+21,1.37402E+16,5.10647E+16
50283,50284,14,6,27,10,2016,12,17,4,3,2,6,2,0,0,1,0,1,0,0,8.20289E+20,5.67448E+21,1.35785E+16,5.1132E+16
50284,50285,14,5,21,260,2016,11,21,6,3,8,1,2,0,0,1,0,0,0,0,7.7113E+20,5.61045E+21,1.28302E+16,5.05829E+16
50285,50286,14,6,25,240,2016,10,14,4,3,1,5,0,1,0,1,0,0,0,0,8.66905E+20,5.71003E+21,1.42786E+16,5.14224E+16
50286,50287,14,5,22,490,2016,11,10,3,2,5,3,0,0,1,1,0,0,0,0,7.66302E+20,5.66204E+21,1.27996E+16,5.10481E+16
50287,50288,14,6,27,340,2016,11,9,3,3,4,2,0,0,0,1,0,0,0,0,8.04377E+20,5.70252E+21,1.33756E+16,5.13921E+16
50288,50289,14,6,26,240,2016,12,15,1,3,6,6,0,1,0,1,1,0,0,0,9.10629E+20,5.68646E+21,1.48771E+16,5.11816E+16
50289,50290,14,7,29,80,2016,11,13,7,2,9,1,0,1,0,0,0,0,0,1,7.67519E+20,5.6733E+21,1.28253E+16,5.11485E+16
50290,50291,14,7,13,0,2016,10,6,5,3,2,6,2,0,0,1,0,0,0,0,7.30226E+20,5.70118E+21,1.2311E+16,5.1415E+16
50291,50292,14,7,30,310,2016,12,8,4,3,6,4,0,1,0,1,1,0,0,0,7.76719E+20,5.71952E+21,1.29924E+16,5.15588E+16
50292,50293,14,6,26,60,2016,10,17,2,2,5,3,0,1,0,1,0,0,0,0,8.90313E+20,5.70481E+21,1.46079E+16,5.13601E+16
50293,50294,14,5,21,550,2016,10,9,2,3,5,3,0,0,1,1,0,0,0,0,7.68324E+20,5.60544E+21,1.27871E+16,5.05392E+16
50294,50295,14,6,25,20,2016,9,5,4,2,4,2,2,0,0,1,0,0,0,0,8.74475E+20,5.68471E+21,1.43604E+16,5.11908E+16
50295,50296,14,6,12,0,2016,9,7,3,3,3,1,0,0,0,1,0,0,0,0,8.27638E+20,5.66345E+21,1.36732E+16,5.1029E+16
50296,50297,14,6,26,60,2016,12,21,3,2,8,1,2,1,0,1,0,0,0,0,8.89424E+20,5.70858E+21,1.45993E+16,5.13945E+16
50297,50298,14,5,22,180,2016,12,22,3,3,5,3,2,1,0,1,0,0,0,0,8.04853E+20,5.64878E+21,1.3337E+16,5.091E+16
50298,50299,14,6,25,190,2016,10,15,5,3,2,6,0,0,0,1,0,0,0,0,8.80535E+20,5.67961E+21,1.44413E+16,5.11411E+16
50299,50300,14,6,25,290,2016,12,9,6,2,4,6,0,1,0,1,0,0,0,0,8.83967E+20,5.68586E+21,1.44968E+16,5.11948E+16
50300,50301,14,7,30,300,2016,9,7,2,3,3,6,0,0,0,0,0,0,1,1,7.41643E+20,5.69683E+21,1.24719E+16,5.13713E+16
50301,50302,14,7,13,0,2016,9,20,5,3,5,3,2,0,0,1,0,0,0,0,7.28902E+20,5.69865E+21,1.22904E+16,5.13928E+16
50302,50303,14,6,26,610,2016,11,20,2,3,7,7,2,0,0,1,0,0,0,0,9.13402E+20,5.66356E+21,1.48904E+16,5.09748E+16
50303,50304,14,5,21,310,2016,11,4,1,2,8,1,2,1,0,1,0,0,0,0,7.69315E+20,5.62866E+21,1.28179E+16,5.07471E+16
50304,50305,14,5,21,20,2016,10,19,4,3,2,6,1,0,0,1,0,0,0,1,7.84799E+20,5.61296E+21,1.30248E+16,5.05989E+16
50305,50306,14,7,29,320,2016,11,15,3,3,2,6,0,1,0,1,0,0,0,0,7.39113E+20,5.67124E+21,1.24186E+16,5.11426E+16
50306,50307,14,6,26,520,2016,12,6,6,3,5,3,2,1,0,1,0,1,0,0,9.14798E+20,5.68514E+21,1.49349E+16,5.11668E+16
50307,50308,14,6,27,290,2016,11,15,6,3,3,6,0,1,0,1,0,0,0,0,8.29826E+20,5.69166E+21,1.37302E+16,5.12806E+16
50308,50309,14,6,28,270,2016,11,10,4,3,2,6,0,1,0,1,0,0,0,0,8.46023E+20,5.65911E+21,1.39303E+16,5.09794E+16
50309,50310,14,5,22,70,2016,10,7,4,3,5,3,2,1,1,1,0,0,0,0,7.72721E+20,5.64998E+21,1.28819E+16,5.09368E+16
50310,50311,14,5,22,320,2016,10,14,1,3,2,6,0,0,0,1,0,0,0,0,7.89331E+20,5.63542E+21,1.31062E+16,5.07982E+16
50311,50312,14,7,29,290,2016,12,18,7,3,7,7,2,1,0,1,0,0,0,1,7.59095E+20,5.65536E+21,1.26923E+16,5.09914E+16
50312,50313,14,6,27,230,2016,10,11,4,3,5,3,0,1,0,1,0,0,0,0,7.97339E+20,5.69356E+21,1.32673E+16,5.13155E+16
50313,50314,14,6,12,0,2016,12,7,5,3,2,6,1,1,0,1,0,0,0,0,8.31076E+20,5.66846E+21,1.37267E+16,5.1072E+16
50314,50315,7,2,35,60,2016,1,14,7,3,9,1,0,1,0,1,0,0,0,0,3.35188E+20,5.51926E+21,6.70956E+15,4.98031E+16
50315,50316,14,7,13,0,2016,10,6,2,3,3,2,2,1,1,1,0,0,0,0,7.33547E+20,5.6931E+21,1.23534E+16,5.13411E+16
50316,50317,14,6,26,610,2016,10,14,1,3,5,3,0,0,0,1,0,0,0,0,9.07377E+20,5.65466E+21,1.47951E+16,5.08995E+16
50317,50318,14,5,21,20,2016,10,23,7,2,6,7,2,1,0,1,1,0,0,0,7.85664E+20,5.61182E+21,1.30361E+16,5.05883E+16
50318,50319,14,6,12,0,2016,12,10,7,3,2,1,0,1,0,1,0,1,0,0,8.26987E+20,5.66831E+21,1.36684E+16,5.10729E+16
50319,50320,14,6,26,500,2016,11,15,4,3,4,6,0,2,0,1,0,0,1,0,9.11796E+20,5.67288E+21,1.48783E+16,5.10594E+16
50320,50321,14,6,28,410,2016,11,17,6,3,2,6,2,1,0,1,0,0,0,0,8.13905E+20,5.66597E+21,1.34802E+16,5.10592E+16
50321,50322,14,6,12,0,2016,11,10,2,2,6,4,0,0,0,0,1,0,1,0,8.40035E+20,5.66795E+21,1.38536E+16,5.10622E+16
50322,50323,14,6,25,20,2016,12,11,5,3,5,2,0,0,1,1,0,0,0,0,8.79645E+20,5.68402E+21,1.44333E+16,5.11812E+16
50323,50324,14,6,12,0,2016,10,17,6,3,2,6,0,0,0,1,0,0,0,0,8.35282E+20,5.67492E+21,1.37925E+16,5.11274E+16
50324,50325,14,7,13,0,2016,10,6,3,3,5,3,2,1,1,1,0,0,0,0,7.32965E+20,5.69286E+21,1.23449E+16,5.13392E+16
50325,50326,14,6,28,110,2016,11,7,3,3,0,1,0,2,0,0,0,1,0,0,8.28863E+20,5.65909E+21,1.36867E+16,5.09892E+16
50326,50327,14,5,22,190,2016,10,16,7,2,8,1,0,1,0,0,0,1,0,0,7.73857E+20,5.66514E+21,1.29095E+16,5.10723E+16
50327,50328,14,7,13,0,2016,12,19,2,3,5,3,2,0,1,0,0,0,0,1,7.36428E+20,5.69341E+21,1.23949E+16,5.13428E+16
50328,50329,14,6,12,0,2016,12,10,3,3,5,3,0,0,0,1,0,0,0,0,8.2851E+20,5.6685E+21,1.36902E+16,5.10738E+16
50329,50330,14,6,28,360,2016,12,15,5,3,8,1,0,0,0,0,0,0,0,1,8.66567E+20,5.65613E+21,1.42188E+16,5.094E+16
50330,50331,14,5,24,230,2016,11,9,7,3,6,1,0,0,1,0,1,0,0,0,7.6308E+20,5.63303E+21,1.27328E+16,5.07892E+16
50331,50332,14,6,27,60,2016,10,7,5,3,5,2,1,1,1,1,0,0,0,0,8.15215E+20,5.69117E+21,1.35209E+16,5.12844E+16
50332,50333,14,5,11,0,2016,10,1,3,3,2,6,2,0,0,1,0,0,1,0,7.69545E+20,5.64016E+21,1.28296E+16,5.08503E+16
50333,50334,14,5,21,130,2016,12,12,7,3,5,3,0,0,0,1,0,0,0,0,7.78956E+20,5.60193E+21,1.29341E+16,5.05028E+16
50334,50335,14,6,27,200,2016,11,6,4,2,4,6,2,1,0,1,0,0,0,0,8.17764E+20,5.68619E+21,1.35529E+16,5.12384E+16
50335,50336,14,5,21,460,2016,9,21,6,3,8,1,2,0,0,1,0,0,0,0,8.06625E+20,5.61515E+21,1.33341E+16,5.06075E+16
50336,50337,14,5,23,280,2016,10,5,6,2,9,1,2,0,0,1,0,0,0,0,7.36575E+20,5.61514E+21,1.2346E+16,5.064E+16
50337,50338,14,5,22,170,2016,12,14,6,3,2,6,0,1,0,0,0,1,0,1,8.17278E+20,5.63263E+21,1.34992E+16,5.07586E+16
50338,50339,14,6,25,20,2016,11,20,4,2,8,1,2,0,0,1,0,0,0,0,8.7708E+20,5.68684E+21,1.43997E+16,5.12081E+16
50339,50340,14,6,25,60,2016,10,6,3,3,4,2,2,1,0,1,0,0,0,0,8.64676E+20,5.68499E+21,1.4221E+16,5.11996E+16
50340,50341,14,5,22,310,2016,12,19,5,3,5,3,2,1,0,1,0,0,0,0,7.73558E+20,5.67665E+21,1.2914E+16,5.11757E+16
50341,50342,14,5,11,0,2016,12,16,4,2,2,1,2,1,0,1,0,0,0,0,7.72581E+20,5.64186E+21,1.28739E+16,5.08641E+16
50342,50343,14,6,28,410,2016,9,10,5,3,5,3,0,0,0,1,0,1,0,0,8.19221E+20,5.6626E+21,1.35528E+16,5.10261E+16
50343,50344,14,6,27,100,2016,10,0,6,2,3,1,2,1,0,1,0,0,0,0,8.07328E+20,5.66553E+21,1.33862E+16,5.10589E+16
50344,50345,14,6,27,180,2016,12,4,7,3,9,1,2,2,0,1,0,0,0,0,8.01923E+20,5.66634E+21,1.331E+16,5.1069E+16
50345,50346,14,5,24,330,2016,9,6,4,2,5,3,2,0,0,1,0,0,0,0,7.48949E+20,5.62934E+21,1.25303E+16,5.07623E+16
50346,50347,14,7,30,320,2016,11,15,3,3,8,1,0,0,0,0,0,1,0,0,7.6474E+20,5.72544E+21,1.28245E+16,5.16176E+16
50347,50348,14,6,26,170,2016,12,3,1,3,0,1,2,0,1,0,0,0,0,0,9.00136E+20,5.65398E+21,1.46919E+16,5.08985E+16
50348,50349,14,6,28,30,2016,11,21,1,3,0,1,2,0,1,0,0,0,0,0,8.61373E+20,5.65369E+21,1.41427E+16,5.09214E+16
50349,50350,14,5,11,0,2016,12,10,4,3,2,6,0,0,0,1,0,0,0,0,7.76801E+20,5.63772E+21,1.29306E+16,5.08249E+16
50350,50351,14,7,29,150,2016,11,7,5,3,9,1,1,1,0,0,0,1,0,0,7.57311E+20,5.66325E+21,1.26725E+16,5.1063E+16
50351,50352,14,6,12,0,2016,10,15,4,3,5,3,0,1,1,1,0,0,0,0,8.30936E+20,5.66559E+21,1.3722E+16,5.10463E+16
50352,50353,14,6,26,230,2016,10,14,2,3,8,1,0,0,1,0,0,0,0,0,9.11546E+20,5.69183E+21,1.48963E+16,5.1229E+16
50353,50354,14,7,30,90,2016,11,10,2,3,2,6,0,0,0,1,0,0,0,0,7.68241E+20,5.72784E+21,1.28768E+16,5.16375E+16
50354,50355,14,7,13,0,2016,12,1,7,3,6,4,2,0,0,1,1,0,0,0,7.35503E+20,5.69344E+21,1.23816E+16,5.13434E+16
50355,50356,14,6,28,270,2016,11,0,7,3,2,7,2,0,0,1,0,0,0,0,8.45476E+20,5.65662E+21,1.39202E+16,5.09573E+16
50356,50357,14,6,12,0,2016,11,10,5,2,1,6,0,1,0,1,0,0,0,0,8.30426E+20,5.66899E+21,1.37179E+16,5.1077E+16
50357,50358,14,6,27,20,2016,10,17,5,3,1,5,0,1,0,1,0,0,0,0,8.07707E+20,5.68132E+21,1.34051E+16,5.12002E+16
50358,50359,14,6,25,10,2016,12,16,4,2,4,2,1,1,1,1,0,0,0,0,8.49253E+20,5.67196E+21,1.39885E+16,5.10925E+16
50359,50360,14,5,21,710,2016,12,3,7,2,9,1,2,0,0,0,0,0,0,1,7.72191E+20,5.6198E+21,1.28521E+16,5.06663E+16
50360,50361,14,6,27,210,2016,11,20,4,2,6,2,2,1,0,1,1,0,0,0,8.27164E+20,5.67177E+21,1.3674E+16,5.11038E+16
50361,50362,14,6,28,130,2016,9,14,6,2,5,2,0,0,0,1,0,0,0,0,8.37409E+20,5.64467E+21,1.37947E+16,5.08551E+16
50362,50363,14,6,26,560,2016,10,18,1,3,8,1,1,1,0,0,0,0,0,1,8.87652E+20,5.72143E+21,1.4588E+16,5.15106E+16
50363,50364,14,5,21,180,2016,10,4,7,2,8,1,2,1,0,1,0,0,0,0,7.75575E+20,5.60866E+21,1.28916E+16,5.05648E+16
50364,50365,14,5,22,200,2016,12,23,6,2,8,1,2,1,0,1,0,0,0,0,8.02896E+20,5.63045E+21,1.32941E+16,5.07467E+16
50365,50366,14,7,29,245,2016,11,20,3,3,8,1,2,1,0,1,0,0,0,0,7.66852E+20,5.7002E+21,1.28358E+16,5.13901E+16
50366,50367,14,7,30,340,2016,11,7,4,3,5,3,0,1,0,1,0,0,0,1,7.24553E+20,5.71587E+21,1.22389E+16,5.15491E+16
50367,50368,14,7,13,0,2016,10,7,3,2,6,2,1,1,0,1,1,0,0,0,7.38859E+20,5.69449E+21,1.24305E+16,5.13514E+16
50368,50369,14,6,25,160,2016,12,10,5,3,6,4,0,0,0,1,1,0,0,0,8.81096E+20,5.69242E+21,1.44629E+16,5.12555E+16
50369,50370,14,6,12,0,2016,12,13,4,3,0,6,0,1,0,1,0,0,0,0,8.29673E+20,5.66602E+21,1.37045E+16,5.10509E+16
50370,50371,14,6,25,20,2016,10,17,5,3,2,6,1,1,0,1,0,0,0,0,8.80355E+20,5.68397E+21,1.44434E+16,5.11802E+16
50371,50372,14,6,26,480,2016,9,13,5,2,3,6,0,0,1,1,0,0,0,0,9.18896E+20,5.70042E+21,1.50111E+16,5.13005E+16
50372,50373,14,6,26,370,2016,10,16,6,2,4,1,0,1,0,1,0,0,1,0,9.05216E+20,5.70247E+21,1.48182E+16,5.13288E+16
50373,50374,14,7,30,270,2016,12,20,7,2,8,1,2,0,0,1,0,0,0,0,7.28017E+20,5.7033E+21,1.22807E+16,5.1435E+16
50374,50375,14,5,21,460,2016,9,9,5,2,7,1,0,0,0,1,0,0,0,1,8.05752E+20,5.62072E+21,1.33264E+16,5.06579E+16
50375,50376,14,5,23,20,2016,12,17,1,3,2,6,1,1,0,1,0,0,0,0,7.40912E+20,5.5993E+21,1.2397E+16,5.0496E+16
50376,50377,14,5,11,0,2016,11,11,2,3,2,6,0,0,0,1,0,0,0,0,7.76453E+20,5.6387E+21,1.29264E+16,5.08339E+16
50377,50378,14,6,28,50,2016,12,7,4,3,2,6,0,0,0,1,0,0,0,0,8.34202E+20,5.66011E+21,1.37634E+16,5.09953E+16
50378,50379,14,5,24,80,2016,11,13,5,2,5,3,0,0,1,1,0,0,0,0,7.48388E+20,5.63626E+21,1.2527E+16,5.08247E+16
50379,50380,14,6,27,100,2016,10,15,4,3,4,1,0,1,0,1,0,0,0,0,8.20673E+20,5.67122E+21,1.35811E+16,5.11026E+16
50380,50381,14,5,21,410,2016,11,17,3,3,2,6,0,0,0,1,0,0,0,0,7.69635E+20,5.6325E+21,1.28253E+16,5.07814E+16
50381,50382,14,5,21,450,2016,11,7,3,2,6,4,1,0,0,0,1,0,0,1,7.61095E+20,5.62604E+21,1.26998E+16,5.07273E+16
50382,50383,14,5,21,130,2016,12,6,1,3,9,6,2,1,0,1,0,0,0,0,7.7903E+20,5.60191E+21,1.29352E+16,5.05026E+16
50383,50384,14,7,30,30,2016,11,7,7,2,8,1,1,0,0,1,0,0,0,0,7.84085E+20,5.72343E+21,1.31016E+16,5.15901E+16
50384,50385,14,6,26,490,2016,11,23,5,3,7,7,2,1,0,0,0,1,0,0,8.83238E+20,5.72053E+21,1.45238E+16,5.15056E+16
50385,50386,14,7,30,20,2016,10,9,5,2,5,3,0,0,0,1,0,0,0,0,7.47275E+20,5.72112E+21,1.25697E+16,5.15868E+16
50386,50387,14,7,29,170,2016,12,16,4,3,5,3,2,1,0,1,0,0,0,0,7.29882E+20,5.67295E+21,1.22879E+16,5.11617E+16
50387,50388,14,6,28,270,2016,10,8,2,3,0,1,0,1,0,0,0,1,0,0,8.4751E+20,5.65661E+21,1.3949E+16,5.09561E+16
50388,50389,14,5,23,320,2016,10,15,1,3,3,3,0,0,0,1,0,0,0,0,7.24465E+20,5.59288E+21,1.21616E+16,5.04449E+16
50389,50390,14,6,12,0,2016,9,7,4,3,5,2,0,0,1,0,0,0,0,1,8.41907E+20,5.66228E+21,1.38749E+16,5.10102E+16
50390,50391,14,5,22,430,2016,9,16,3,2,5,3,0,0,0,1,0,1,0,0,7.9804E+20,5.6513E+21,1.32424E+16,5.09362E+16
50391,50392,14,5,22,260,2016,12,16,3,2,5,2,0,1,0,1,0,0,0,0,7.66977E+20,5.6449E+21,1.27967E+16,5.08939E+16
50392,50393,14,5,22,180,2016,12,8,3,2,2,3,0,1,1,1,0,0,0,0,8.05694E+20,5.64933E+21,1.33494E+16,5.09145E+16
50393,50394,14,5,22,170,2016,10,16,5,3,5,2,0,0,0,1,0,0,0,0,8.2012E+20,5.63706E+21,1.35432E+16,5.07967E+16
50394,50395,14,6,28,220,2016,12,12,6,2,8,1,0,0,0,1,0,0,0,0,8.3284E+20,5.65458E+21,1.3739E+16,5.09465E+16
50395,50396,14,6,25,20,2016,9,13,2,3,5,2,0,0,1,1,0,0,0,0,8.80671E+20,5.68391E+21,1.44478E+16,5.11796E+16
50396,50397,14,6,27,230,2016,9,5,5,3,5,2,2,0,0,0,0,1,1,0,7.97047E+20,5.69346E+21,1.3263E+16,5.13147E+16
50397,50398,14,6,26,110,2016,11,17,2,3,4,6,2,0,1,0,0,0,0,0,9.16299E+20,5.68192E+21,1.49526E+16,5.11369E+16
50398,50399,14,5,21,30,2016,11,2,1,3,5,3,2,0,0,1,0,0,0,0,7.62481E+20,5.61144E+21,1.2709E+16,5.05957E+16
50399,50400,14,7,13,0,2016,10,7,3,2,4,2,0,1,0,1,0,1,0,0,7.32989E+20,5.69687E+21,1.23479E+16,5.13752E+16
50400,50401,14,6,25,190,2016,11,16,3,3,2,6,2,1,0,1,0,0,0,0,8.80615E+20,5.67844E+21,1.44412E+16,5.11306E+16
50401,50402,14,6,27,60,2016,12,14,6,3,2,6,0,0,0,1,0,0,0,0,8.16221E+20,5.69412E+21,1.35379E+16,5.13103E+16
50402,50403,14,5,11,0,2016,11,13,6,3,0,6,0,0,0,1,0,0,0,1,7.76565E+20,5.63888E+21,1.29281E+16,5.08355E+16
50403,50404,14,6,12,0,2016,11,12,4,3,6,4,0,0,0,0,1,0,0,1,8.30432E+20,5.66898E+21,1.3718E+16,5.1077E+16
50404,50405,14,7,13,0,2016,12,23,6,3,3,6,2,1,0,1,0,0,0,0,7.42719E+20,5.6889E+21,1.2482E+16,5.12995E+16
50405,50406,14,5,21,260,2016,10,15,4,2,2,6,0,0,0,1,0,0,0,0,7.68983E+20,5.60873E+21,1.27987E+16,5.05685E+16
50406,50407,14,7,29,290,2016,11,7,2,2,1,3,1,1,0,1,0,1,0,0,7.58132E+20,5.65967E+21,1.26816E+16,5.10305E+16
50407,50408,7,1,11,0,2016,1,14,7,3,5,2,1,1,0,1,0,1,0,0,3.99967E+20,5.57906E+21,7.59379E+15,5.03551E+16
50408,50409,14,7,13,0,2016,10,8,2,2,5,3,0,1,0,1,0,0,0,0,7.35292E+20,5.69026E+21,1.23765E+16,5.13149E+16
50409,50410,14,5,24,180,2016,9,12,1,3,0,2,0,0,0,0,0,1,0,1,7.62537E+20,5.63984E+21,1.273E+16,5.08505E+16
50410,50411,14,5,21,690,2016,10,22,1,3,0,3,2,1,0,1,0,1,0,0,7.86927E+20,5.63127E+21,1.3069E+16,5.07621E+16
50411,50412,14,5,23,320,2016,10,10,6,3,9,1,0,1,0,1,0,0,0,0,7.21722E+20,5.59623E+21,1.2125E+16,5.0476E+16
50412,50413,14,5,22,150,2016,12,21,7,3,4,6,2,0,0,1,0,0,0,0,7.91847E+20,5.64719E+21,1.31512E+16,5.09024E+16
50413,50414,14,6,26,60,2016,11,18,4,2,8,1,2,2,0,0,0,0,0,1,8.92794E+20,5.70021E+21,1.46383E+16,5.13173E+16
50414,50415,14,5,23,300,2016,11,20,5,2,2,6,2,0,0,1,0,0,0,0,7.22955E+20,5.59169E+21,1.21397E+16,5.04348E+16
50415,50416,14,7,29,160,2016,11,2,1,2,9,1,2,1,0,1,0,0,0,0,7.64589E+20,5.6849E+21,1.2792E+16,5.1254E+16
50416,50417,14,6,27,60,2016,12,18,5,2,5,3,2,0,0,1,0,0,0,0,8.15128E+20,5.70021E+21,1.35276E+16,5.13655E+16
50417,50418,14,5,22,250,2016,10,0,6,2,9,1,2,1,0,1,0,0,0,0,7.76413E+20,5.66828E+21,1.29483E+16,5.10992E+16
50418,50419,14,6,25,150,2016,10,18,3,3,8,1,1,0,0,1,0,0,0,0,8.69761E+20,5.68622E+21,1.42948E+16,5.12074E+16
50419,50420,14,6,12,0,2016,11,13,3,3,2,6,0,1,0,1,0,0,0,0,8.3551E+20,5.66822E+21,1.37895E+16,5.10672E+16
50420,50421,14,6,26,610,2016,10,16,7,3,5,3,0,1,0,1,0,0,0,0,9.07226E+20,5.65456E+21,1.47929E+16,5.08987E+16
50421,50422,14,6,26,610,2016,12,11,2,2,6,2,0,0,0,1,1,0,0,0,9.09194E+20,5.65491E+21,1.48211E+16,5.09004E+16
50422,50423,14,5,24,30,2016,12,17,2,2,5,3,2,0,1,1,0,0,0,0,7.38594E+20,5.63501E+21,1.23874E+16,5.08176E+16
50423,50424,14,6,27,100,2016,12,14,5,3,2,6,0,0,0,1,0,0,0,0,8.11706E+20,5.66594E+21,1.34489E+16,5.10602E+16
50424,50425,14,5,22,330,2016,11,16,7,2,9,1,2,1,0,1,0,0,0,0,7.80331E+20,5.64759E+21,1.29881E+16,5.09118E+16
50425,50426,14,6,28,205,2016,10,9,5,3,8,1,0,1,0,1,0,0,0,0,8.21334E+20,5.65381E+21,1.35751E+16,5.09461E+16
50426,50427,14,7,30,250,2016,10,18,2,2,9,1,1,1,0,1,0,0,0,0,7.32779E+20,5.70656E+21,1.23512E+16,5.14623E+16
50427,50428,14,5,24,90,2016,12,9,6,2,3,7,0,2,0,1,0,0,0,1,7.61208E+20,5.62207E+21,1.26986E+16,5.06917E+16
50428,50429,14,5,24,250,2016,11,6,3,3,2,6,1,0,0,1,0,0,0,0,7.49299E+20,5.62205E+21,1.25303E+16,5.06968E+16
50429,50430,14,6,27,180,2016,9,10,7,3,5,3,0,0,0,1,0,0,0,0,8.01074E+20,5.66329E+21,1.32954E+16,5.10421E+16
50430,50431,14,6,25,80,2016,10,20,6,3,6,6,2,0,0,0,1,0,0,1,8.66531E+20,5.68919E+21,1.42518E+16,5.1236E+16
50431,50432,14,7,29,50,2016,12,11,5,3,4,7,0,0,0,1,0,0,0,0,7.43983E+20,5.66719E+21,1.24853E+16,5.11042E+16
50432,50433,14,6,12,0,2016,11,16,4,2,6,4,1,0,0,1,1,0,0,0,8.30848E+20,5.66581E+21,1.3721E+16,5.10483E+16
50433,50434,14,6,12,0,2016,10,21,3,3,5,2,2,1,1,1,0,0,0,0,8.29012E+20,5.66511E+21,1.36943E+16,5.10431E+16
50434,50435,14,7,30,150,2016,12,15,4,3,9,1,0,1,0,1,0,0,0,0,7.388E+20,5.70664E+21,1.24378E+16,5.14605E+16
50435,50436,14,5,24,250,2016,12,19,3,2,4,2,2,1,0,1,0,0,0,0,7.50636E+20,5.62156E+21,1.25488E+16,5.06918E+16
50436,50437,14,5,22,170,2016,10,11,6,2,5,3,0,0,0,1,0,0,0,1,8.15557E+20,5.63907E+21,1.34804E+16,5.08172E+16
50437,50438,14,5,22,120,2016,12,22,7,3,8,1,2,0,0,1,0,0,0,0,7.74202E+20,5.65846E+21,1.29094E+16,5.10122E+16
50438,50439,14,7,30,190,2016,9,7,4,2,1,6,0,0,0,0,0,1,1,0,7.61993E+20,5.71256E+21,1.27753E+16,5.15033E+16
50439,50440,14,7,29,60,2016,11,16,3,3,2,6,2,0,0,1,0,0,0,0,7.46569E+20,5.69527E+21,1.25415E+16,5.13551E+16