FID,OBJECTID,ULAND,UREGBEZ,UKREIS,UGEMEINDE,UJAHR,UMONAT,USTUNDE,UWOCHENTAG,UKATEGORIE,UART,UTYP1,ULICHTVERH,IstStrasse,IstRad,IstPKW,IstFuss,IstKrad,IstGkfz,IstSonstig,LINREFX,LINREFY,XGCSWGS84,YGCSWGS84
50440,50441,14,5,23,340,2016,12,10,3,2,2,6,0,2,0,1,0,0,0,0,7.30619E+20,5.61289E+21,1.22605E+16,5.06223E+16
50441,50442,14,6,26,610,2016,11,7,5,3,5,3,1,0,0,1,0,0,0,0,9.10939E+20,5.66378E+21,1.48558E+16,5.09785E+16
50442,50443,14,5,22,80,2016,10,22,2,3,8,6,2,0,0,1,0,0,0,0,7.80515E+20,5.6708E+21,1.30087E+16,5.11199E+16
50443,50444,14,6,25,20,2016,11,21,2,3,5,3,2,0,0,1,0,0,0,0,8.81691E+20,5.68359E+21,1.4462E+16,5.1176E+16
50444,50445,14,6,25,60,2016,12,10,7,3,2,6,0,0,0,1,0,0,0,0,8.60112E+20,5.68263E+21,1.41536E+16,5.11814E+16
50445,50446,14,5,24,230,2016,11,17,6,2,4,6,2,0,0,1,0,0,0,0,7.60556E+20,5.63307E+21,1.26971E+16,5.07907E+16
50446,50447,14,5,11,0,2016,11,6,5,3,5,3,1,1,0,1,0,0,0,0,7.74925E+20,5.63975E+21,1.29055E+16,5.0844E+16
50447,50448,14,6,28,410,2016,10,8,5,2,4,1,0,0,0,1,0,0,0,0,8.19968E+20,5.66328E+21,1.35641E+16,5.10318E+16
50448,50449,14,6,12,0,2016,12,3,4,3,5,3,2,2,0,1,0,0,0,0,8.31325E+20,5.66707E+21,1.37289E+16,5.10593E+16
50449,50450,14,5,11,0,2016,10,6,2,3,2,6,2,1,0,1,0,0,1,1,7.79859E+20,5.63554E+21,1.29722E+16,5.08039E+16
50450,50451,14,5,22,500,2016,10,11,1,2,0,7,0,0,0,0,0,1,0,0,7.87149E+20,5.65648E+21,1.30919E+16,5.09881E+16
50451,50452,14,7,29,50,2016,9,17,3,3,5,2,0,0,0,1,0,0,0,0,7.45626E+20,5.67174E+21,1.25118E+16,5.11443E+16
50452,50453,14,7,30,300,2016,12,10,1,3,1,6,0,1,0,1,0,0,0,1,7.41896E+20,5.69701E+21,1.24757E+16,5.13727E+16
50453,50454,14,6,12,0,2016,12,8,2,3,5,3,0,1,1,1,0,0,0,0,8.31065E+20,5.66547E+21,1.37238E+16,5.10452E+16
50454,50455,14,7,13,0,2016,10,19,4,3,5,3,2,0,0,1,0,0,0,0,7.2697E+20,5.68612E+21,1.22547E+16,5.12811E+16
50455,50456,14,5,23,230,2016,12,9,5,3,0,7,0,1,0,1,0,0,0,0,7.27749E+20,5.5857E+21,1.22034E+16,5.03792E+16
50456,50457,14,6,12,0,2016,9,17,5,3,2,6,0,0,0,1,0,0,0,0,8.31424E+20,5.66168E+21,1.37254E+16,5.1011E+16
50457,50458,14,6,28,300,2016,10,17,1,3,9,1,0,1,0,1,0,0,0,0,8.29646E+20,5.65736E+21,1.36962E+16,5.09733E+16
50458,50459,14,7,30,110,2016,12,7,1,3,9,1,2,1,0,1,0,0,0,0,7.47218E+20,5.70657E+21,1.25587E+16,5.14563E+16
50459,50460,14,7,13,0,2016,10,11,6,3,3,2,0,0,1,0,0,0,1,0,7.38843E+20,5.68915E+21,1.24266E+16,5.13035E+16
50460,50461,14,6,28,110,2016,11,23,7,3,4,6,2,1,0,1,0,1,0,0,8.2678E+20,5.66348E+21,1.36611E+16,5.10298E+16
50461,50462,14,5,24,320,2016,10,6,2,3,4,6,1,0,0,1,0,0,0,0,7.52965E+20,5.62288E+21,1.25827E+16,5.07026E+16
50462,50463,14,5,22,490,2016,11,20,3,2,6,4,2,1,0,1,1,0,0,0,7.65959E+20,5.66194E+21,1.27947E+16,5.10473E+16
50463,50464,14,5,21,630,2016,12,18,6,3,2,6,2,1,0,1,0,0,0,0,7.80367E+20,5.6159E+21,1.29645E+16,5.06274E+16
50464,50465,14,6,25,590,2016,11,8,5,3,8,1,0,1,0,1,0,0,0,0,8.74029E+20,5.67148E+21,1.43403E+16,5.10726E+16
50465,50466,14,5,23,320,2016,11,18,2,3,6,2,2,1,0,1,1,0,0,0,7.24749E+20,5.59878E+21,1.21692E+16,5.04978E+16
50466,50467,14,7,30,110,2016,11,16,3,3,4,2,1,1,0,1,0,0,0,0,7.52335E+20,5.70723E+21,1.26326E+16,5.14599E+16
50467,50468,14,6,26,610,2016,12,16,3,3,8,1,2,1,0,1,0,0,0,0,9.08707E+20,5.65364E+21,1.48128E+16,5.08894E+16
50468,50469,14,5,22,550,2016,10,11,7,3,2,6,0,0,0,1,0,0,0,0,7.70726E+20,5.64852E+21,1.28525E+16,5.09247E+16
50469,50470,14,6,26,610,2016,10,19,5,3,4,6,2,0,0,1,0,0,0,0,9.06715E+20,5.65456E+21,1.47856E+16,5.08991E+16
50470,50471,14,6,12,0,2016,12,17,6,3,0,2,2,0,0,1,0,0,0,1,8.30927E+20,5.6651E+21,1.37215E+16,5.10419E+16
50471,50472,14,6,28,130,2016,9,13,4,3,9,1,0,0,0,0,0,1,0,0,8.34608E+20,5.64466E+21,1.3755E+16,5.08566E+16
50472,50473,14,6,26,600,2016,10,16,3,2,6,4,0,1,0,1,1,0,0,0,8.91516E+20,5.72023E+21,1.46421E+16,5.14972E+16
50473,50474,14,6,12,0,2016,11,18,2,3,5,2,2,1,1,1,0,0,0,0,8.31391E+20,5.66934E+21,1.37319E+16,5.10796E+16
50474,50475,7,1,43,255,2016,1,2,6,3,9,1,2,2,0,1,0,0,0,0,4.25244E+20,5.61425E+21,7.942E+15,5.06753E+16
50475,50476,14,5,22,180,2016,11,13,5,3,4,6,0,0,0,1,0,0,1,0,8.02675E+20,5.65186E+21,1.33087E+16,5.09388E+16
50476,50477,14,6,28,110,2016,10,6,2,3,2,6,2,0,0,1,0,0,0,1,8.26382E+20,5.66037E+21,1.36526E+16,5.10022E+16
50477,50478,14,6,12,0,2016,10,12,2,3,2,2,0,0,0,1,0,0,0,0,8.31224E+20,5.66691E+21,1.37273E+16,5.1058E+16
50478,50479,14,6,25,450,2016,10,15,1,3,4,3,0,0,0,1,0,0,0,0,8.50458E+20,5.68179E+21,1.40152E+16,5.11798E+16
50479,50480,14,5,22,180,2016,9,9,4,3,2,6,0,0,0,1,0,0,0,0,8.03615E+20,5.65106E+21,1.33213E+16,5.09311E+16
50480,50481,14,7,13,0,2016,12,17,2,3,1,2,2,1,0,1,0,0,0,0,7.33557E+20,5.69311E+21,1.23535E+16,5.13412E+16
50481,50482,14,6,25,250,2016,12,16,2,3,8,1,2,0,1,0,0,0,0,0,8.55786E+20,5.69313E+21,1.41024E+16,5.12781E+16
50482,50483,14,5,22,180,2016,10,19,5,3,4,6,2,1,0,1,0,0,0,0,8.05103E+20,5.65243E+21,1.33436E+16,5.09426E+16
50483,50484,14,5,21,630,2016,12,16,6,3,2,2,0,0,0,1,0,0,0,0,7.85895E+20,5.61474E+21,1.30416E+16,5.06143E+16
50484,50485,14,6,12,0,2016,9,19,2,2,5,2,2,0,0,1,0,0,0,0,8.33531E+20,5.67383E+21,1.37665E+16,5.11187E+16
50485,50486,14,5,22,490,2016,9,6,5,3,9,6,0,0,0,1,0,1,0,0,7.63564E+20,5.66011E+21,1.27593E+16,5.1032E+16
50486,50487,14,6,27,50,2016,11,16,2,2,4,7,2,0,0,1,0,0,0,0,8.087E+20,5.70451E+21,1.34393E+16,5.14076E+16
50487,50488,14,5,21,20,2016,10,20,7,3,5,3,2,0,0,1,0,1,0,0,7.83958E+20,5.61015E+21,1.30108E+16,5.05741E+16
50488,50489,14,7,29,260,2016,11,23,7,3,5,3,2,0,0,1,0,0,0,0,7.35967E+20,5.68563E+21,1.23831E+16,5.12731E+16
50489,50490,14,6,28,80,2016,10,6,3,3,5,3,2,0,0,1,0,0,0,0,8.41914E+20,5.65528E+21,1.38684E+16,5.09475E+16
50490,50491,14,6,28,130,2016,11,16,3,3,5,3,0,1,0,1,0,0,0,0,8.35925E+20,5.6435E+21,1.37726E+16,5.08455E+16
50491,50492,14,5,21,10,2016,12,12,6,3,0,1,0,2,0,0,0,1,0,0,7.81243E+20,5.62929E+21,1.29871E+16,5.07471E+16
50492,50493,14,7,29,370,2016,11,4,5,3,9,1,2,1,0,1,0,0,0,0,7.38213E+20,5.67825E+21,1.24104E+16,5.12059E+16
50493,50494,14,5,24,330,2016,11,16,3,3,2,6,1,1,0,1,0,0,0,0,7.46965E+20,5.62555E+21,1.24996E+16,5.07292E+16
50494,50495,14,5,11,0,2016,10,16,6,2,0,7,0,0,0,1,1,0,0,0,7.78465E+20,5.64227E+21,1.29576E+16,5.08649E+16
50495,50496,14,6,25,310,2016,12,14,6,2,6,6,0,1,0,1,1,0,0,0,8.52237E+20,5.70818E+21,1.40666E+16,5.14151E+16
50496,50497,14,6,12,0,2016,9,14,4,3,5,3,0,0,1,0,0,0,0,1,8.30813E+20,5.66592E+21,1.37206E+16,5.10493E+16
50497,50498,14,7,30,20,2016,10,18,3,2,9,1,2,1,0,1,0,0,0,0,7.49695E+20,5.72161E+21,1.26049E+16,5.15901E+16
50498,50499,14,6,25,480,2016,11,8,2,2,5,3,0,1,1,1,0,0,0,0,8.4425E+20,5.67144E+21,1.39169E+16,5.10909E+16
50499,50500,7,3,18,0,2016,1,3,6,3,2,6,2,0,0,1,0,0,0,0,4.58044E+20,5.46165E+21,8.42283E+15,4.93061E+16
50500,50501,14,6,27,290,2016,11,17,5,2,2,1,2,0,0,1,0,0,1,0,8.29796E+20,5.69375E+21,1.37317E+16,5.12993E+16
50501,50502,14,6,28,270,2016,10,12,2,3,6,4,0,1,0,0,1,0,1,0,8.46225E+20,5.65692E+21,1.39311E+16,5.09596E+16
50502,50503,14,6,28,270,2016,9,18,1,2,0,1,0,0,0,0,0,1,0,0,8.47216E+20,5.65678E+21,1.3945E+16,5.09577E+16
50503,50504,14,5,22,510,2016,10,23,6,3,3,6,2,1,0,1,0,0,1,0,7.92829E+20,5.67016E+21,1.31837E+16,5.1108E+16
50504,50505,14,7,29,300,2016,12,18,6,3,4,2,2,1,0,1,0,0,0,0,7.49617E+20,5.68752E+21,1.25798E+16,5.12842E+16
50505,50506,14,6,28,240,2016,11,20,4,3,8,1,2,2,0,1,0,0,0,0,8.51109E+20,5.66126E+21,1.40046E+16,5.09955E+16
50506,50507,14,6,26,110,2016,11,13,5,2,8,1,0,1,0,1,0,0,0,0,9.18062E+20,5.6827E+21,1.49785E+16,5.11426E+16
50507,50508,14,6,12,0,2016,11,0,1,3,3,6,2,1,1,0,0,0,0,1,8.31172E+20,5.66973E+21,1.37292E+16,5.10833E+16
50508,50509,14,5,24,120,2016,12,15,5,2,2,1,0,0,0,0,0,0,1,1,7.63377E+20,5.63629E+21,1.27394E+16,5.08184E+16
50509,50510,14,5,24,300,2016,10,5,5,2,5,2,2,1,0,1,0,0,0,0,7.38191E+20,5.62429E+21,1.23747E+16,5.07215E+16
50510,50511,14,5,21,550,2016,11,8,3,3,2,6,0,1,0,1,0,0,0,0,7.66058E+20,5.60712E+21,1.27564E+16,5.05553E+16
50511,50512,14,6,12,0,2016,10,14,7,3,2,2,0,1,0,1,0,0,0,0,8.31727E+20,5.67E+21,1.37373E+16,5.10854E+16
50512,50513,14,6,28,270,2016,12,8,2,3,5,3,0,0,1,1,0,0,0,0,8.46864E+20,5.65629E+21,1.39396E+16,5.09536E+16
50513,50514,14,6,26,10,2016,12,11,2,3,9,7,0,0,0,1,0,0,0,0,8.95641E+20,5.72609E+21,1.47078E+16,5.15468E+16
50514,50515,14,5,22,140,2016,12,18,5,3,9,1,2,2,0,1,0,0,0,0,7.86657E+20,5.64025E+21,1.30721E+16,5.08428E+16
50515,50516,14,5,24,210,2016,11,17,6,2,4,6,1,0,0,1,0,0,1,0,7.37509E+20,5.63349E+21,1.2371E+16,5.08044E+16
50516,50517,14,6,12,0,2016,10,16,5,3,5,3,0,1,1,1,0,0,0,0,8.28815E+20,5.66711E+21,1.36933E+16,5.10611E+16
50517,50518,14,7,13,0,2016,10,10,2,3,8,1,0,1,0,1,0,0,0,0,7.40474E+20,5.69748E+21,1.24556E+16,5.13775E+16
50518,50519,14,6,28,20,2016,12,8,6,3,9,1,0,2,0,1,0,0,0,0,8.48254E+20,5.64913E+21,1.39524E+16,5.08886E+16
50519,50520,14,7,29,70,2016,11,7,3,3,5,3,0,0,1,1,0,0,0,0,7.50154E+20,5.69255E+21,1.2591E+16,5.13291E+16
50520,50521,14,5,21,120,2016,9,23,7,2,9,1,2,0,0,1,0,0,0,0,7.76293E+20,5.62763E+21,1.29158E+16,5.07346E+16
50521,50522,14,6,27,140,2016,9,15,3,3,2,6,0,0,0,1,0,1,0,0,8.13586E+20,5.678E+21,1.34861E+16,5.11673E+16
50522,50523,14,6,27,180,2016,10,23,6,2,2,6,2,1,0,1,0,0,0,0,8.01194E+20,5.66254E+21,1.32965E+16,5.10353E+16
50523,50524,14,6,12,0,2016,12,6,5,3,2,6,1,1,0,1,0,0,0,0,8.39641E+20,5.66783E+21,1.38479E+16,5.10613E+16
50524,50525,14,5,21,550,2016,10,13,3,3,2,6,0,1,0,1,0,0,0,1,7.68581E+20,5.6062E+21,1.27913E+16,5.05459E+16
50525,50526,14,6,26,230,2016,12,16,4,2,4,2,0,0,0,1,0,0,0,0,9.11276E+20,5.69196E+21,1.48926E+16,5.12304E+16
50526,50527,14,7,13,0,2016,12,8,3,2,5,3,0,1,0,1,0,0,0,0,7.40793E+20,5.68677E+21,1.2453E+16,5.12812E+16
50527,50528,14,7,13,0,2016,12,17,3,2,1,2,2,0,0,1,0,1,0,0,7.40878E+20,5.69636E+21,1.24607E+16,5.13673E+16
50528,50529,14,5,24,320,2016,10,11,5,3,6,4,0,0,0,1,1,0,0,0,7.48156E+20,5.61934E+21,1.25123E+16,5.06729E+16
50529,50530,14,5,21,50,2016,12,16,7,3,4,6,1,0,0,1,0,0,0,0,7.58898E+20,5.61154E+21,1.26586E+16,5.05983E+16
50530,50531,14,5,21,30,2016,9,6,5,2,4,2,1,0,0,1,0,1,0,0,7.61868E+20,5.61043E+21,1.26997E+16,5.05869E+16
50531,50532,14,6,25,340,2016,11,1,3,3,2,6,2,0,0,1,0,0,1,0,8.90103E+20,5.68788E+21,1.45864E+16,5.12087E+16
50532,50533,14,6,26,610,2016,12,13,3,3,8,1,0,2,0,1,0,0,0,0,9.09631E+20,5.66351E+21,1.48369E+16,5.0977E+16
50533,50534,14,6,27,70,2016,10,19,1,3,6,6,2,0,0,1,1,0,0,0,8.0543E+20,5.69082E+21,1.33807E+16,5.12867E+16
50534,50535,14,6,27,210,2016,11,10,2,2,2,2,0,0,0,1,0,0,1,0,8.2583E+20,5.67186E+21,1.36551E+16,5.11054E+16
50535,50536,14,5,24,330,2016,11,6,4,3,9,1,2,1,0,1,0,0,0,0,7.46237E+20,5.62099E+21,1.24863E+16,5.06885E+16
50536,50537,14,5,24,330,2016,12,16,6,3,2,6,2,0,0,1,0,0,0,0,7.46964E+20,5.62714E+21,1.25007E+16,5.07434E+16
50537,50538,14,7,13,0,2016,11,11,6,3,1,6,0,0,0,1,0,0,1,0,7.38537E+20,5.68947E+21,1.24225E+16,5.13065E+16
50538,50539,14,7,13,0,2016,11,15,4,3,5,2,0,0,1,1,0,0,0,0,7.36423E+20,5.69346E+21,1.23948E+16,5.13432E+16
50539,50540,14,5,24,330,2016,10,17,4,3,2,2,0,0,0,1,0,0,0,0,7.47271E+20,5.62331E+21,1.25025E+16,5.0709E+16
50540,50541,14,5,22,260,2016,12,5,4,3,5,3,2,1,0,1,0,0,0,0,7.66457E+20,5.64466E+21,1.27891E+16,5.08921E+16
50541,50542,14,5,24,280,2016,10,9,1,3,0,1,0,1,0,0,0,1,0,0,7.56025E+20,5.63209E+21,1.26323E+16,5.07839E+16
50542,50543,14,5,22,50,2016,10,8,1,2,0,3,0,0,1,1,0,0,0,0,8.03971E+20,5.64297E+21,1.33196E+16,5.08583E+16
50543,50544,14,5,22,350,2016,12,20,1,2,8,1,2,1,0,0,0,1,0,0,7.64429E+20,5.65425E+21,1.27673E+16,5.0979E+16
50544,50545,14,5,22,80,2016,12,15,2,3,5,2,0,1,1,1,0,0,0,0,7.8982E+20,5.67146E+21,1.31418E+16,5.11212E+16
50545,50546,14,7,13,0,2016,12,6,5,2,5,3,2,1,0,1,0,0,0,0,7.26968E+20,5.68612E+21,1.22546E+16,5.12812E+16
50546,50547,14,5,24,330,2016,10,9,7,3,9,1,0,1,0,1,0,0,0,0,7.43573E+20,5.63261E+21,1.24563E+16,5.0794E+16
50547,50548,14,5,22,80,2016,12,8,1,3,8,1,0,1,0,1,0,0,0,0,7.88324E+20,5.67523E+21,1.31235E+16,5.11557E+16
50548,50549,14,5,24,330,2016,11,15,6,3,5,3,0,0,1,1,0,0,0,0,7.45608E+20,5.62634E+21,1.2481E+16,5.07369E+16
50549,50550,14,6,25,160,2016,10,13,2,2,4,6,0,0,0,1,0,0,1,0,8.83815E+20,5.69555E+21,1.4505E+16,5.12816E+16
50550,50551,14,5,21,560,2016,11,20,3,2,6,6,2,1,0,0,1,0,0,1,7.83142E+20,5.60711E+21,1.2997E+16,5.05473E+16
50551,50552,14,5,21,495,2016,12,13,6,2,3,2,0,0,0,1,0,0,1,0,8.00009E+20,5.62642E+21,1.325E+16,5.07121E+16
50552,50553,14,6,12,0,2016,11,12,5,3,4,1,0,1,0,1,0,0,0,0,8.31607E+20,5.6641E+21,1.37302E+16,5.10325E+16
50553,50554,14,6,25,480,2016,11,12,3,3,5,3,0,1,0,1,0,0,0,0,8.43544E+20,5.67403E+21,1.39093E+16,5.11145E+16
50554,50555,14,7,30,70,2016,10,14,7,3,8,1,0,1,0,1,0,0,0,0,7.38683E+20,5.71651E+21,1.24428E+16,5.15491E+16
50555,50556,14,6,12,0,2016,12,6,3,2,6,4,2,0,0,1,1,0,0,0,8.30703E+20,5.67044E+21,1.37232E+16,5.10899E+16
50556,50557,14,5,24,330,2016,9,19,6,3,4,2,2,0,0,1,0,0,0,0,7.45581E+20,5.62371E+21,1.24788E+16,5.07132E+16
50557,50558,14,5,22,60,2016,10,14,5,2,5,3,0,0,0,1,0,0,0,0,7.68131E+20,5.64761E+21,1.2815E+16,5.09177E+16
50558,50559,14,6,28,50,2016,12,18,6,3,5,2,2,0,0,1,0,0,1,0,8.30841E+20,5.65923E+21,1.37149E+16,5.09894E+16
50559,50560,14,6,27,10,2016,9,6,4,1,2,6,0,0,1,1,0,0,0,0,8.19293E+20,5.67387E+21,1.35638E+16,5.11271E+16
50560,50561,14,5,11,0,2016,10,14,3,3,2,6,0,0,0,1,0,0,0,0,7.75775E+20,5.63711E+21,1.29156E+16,5.08199E+16
50561,50562,14,5,22,460,2016,11,13,2,3,7,5,0,1,0,1,0,0,0,1,7.58939E+20,5.6489E+21,1.26854E+16,5.09335E+16
50562,50563,7,1,37,27,2016,1,17,6,3,8,1,2,0,0,1,0,0,0,0,3.81486E+20,5.57136E+21,7.33652E+15,5.02825E+16
50563,50564,14,6,25,480,2016,11,18,4,2,5,3,2,1,0,1,0,0,0,0,8.4567E+20,5.66848E+21,1.39342E+16,5.10635E+16
50564,50565,14,7,30,250,2016,9,13,6,3,3,6,0,1,0,1,0,0,0,0,7.32731E+20,5.7062E+21,1.23503E+16,5.14591E+16
50565,50566,14,5,22,330,2016,10,18,2,2,0,7,0,0,0,0,0,1,0,0,7.79574E+20,5.6473E+21,1.29772E+16,5.09096E+16
50566,50567,14,7,29,50,2016,9,9,7,3,5,3,0,0,1,1,0,0,0,0,7.45231E+20,5.67013E+21,1.25051E+16,5.11301E+16
50567,50568,14,7,13,0,2016,10,21,7,3,5,2,2,0,0,1,0,0,0,0,7.32609E+20,5.69241E+21,1.23395E+16,5.13353E+16
50568,50569,14,6,28,50,2016,12,18,6,3,2,6,2,0,0,1,0,0,0,0,8.34382E+20,5.65982E+21,1.37657E+16,5.09926E+16
50569,50570,14,5,21,670,2016,11,19,4,2,4,1,2,2,0,1,0,0,0,0,7.92983E+20,5.62417E+21,1.3149E+16,5.06954E+16
50570,50571,14,5,11,0,2016,11,6,5,2,5,3,1,0,1,1,0,0,0,0,7.7567E+20,5.63811E+21,1.29149E+16,5.08289E+16
50571,50572,14,7,30,310,2016,10,8,3,3,2,6,0,1,0,1,0,0,0,0,7.77475E+20,5.71921E+21,1.30031E+16,5.15556E+16
50572,50573,14,5,23,260,2016,11,12,6,3,1,2,0,1,0,1,0,0,0,0,7.2935E+20,5.61152E+21,1.22418E+16,5.06104E+16
50573,50574,14,7,13,0,2016,12,17,4,2,6,6,2,1,1,0,1,0,0,0,7.33134E+20,5.69291E+21,1.23473E+16,5.13396E+16
50574,50575,14,7,29,160,2016,10,6,5,3,6,4,2,1,0,1,1,0,0,0,7.59927E+20,5.68206E+21,1.27233E+16,5.12306E+16
50575,50576,14,5,24,10,2016,9,9,5,3,4,2,0,0,0,1,0,0,0,0,7.5877E+20,5.63225E+21,1.26713E+16,5.07841E+16
50576,50577,14,7,30,70,2016,10,11,6,3,8,1,0,1,0,1,0,0,0,0,7.34001E+20,5.7121E+21,1.23724E+16,5.15115E+16
50577,50578,14,7,29,40,2016,12,10,1,3,2,6,0,1,0,1,0,0,0,0,7.34334E+20,5.67897E+21,1.23554E+16,5.1214E+16
50578,50579,14,6,12,0,2016,12,14,2,3,3,6,0,0,0,1,0,0,1,0,8.32189E+20,5.67476E+21,1.37483E+16,5.11278E+16
50579,50580,14,6,27,60,2016,11,9,2,3,5,3,0,0,1,0,0,0,0,1,8.16066E+20,5.6926E+21,1.35343E+16,5.12968E+16
50580,50581,14,6,25,90,2016,12,8,4,3,4,1,0,1,0,1,0,0,0,0,8.84037E+20,5.67518E+21,1.44865E+16,5.10991E+16
50581,50582,14,6,25,510,2016,11,17,6,3,2,6,1,0,0,1,0,0,0,0,8.58103E+20,5.68157E+21,1.41239E+16,5.11732E+16
50582,50583,14,7,13,0,2016,10,7,4,3,2,6,0,0,0,1,0,0,0,0,7.39051E+20,5.69492E+21,1.24335E+16,5.13552E+16
50583,50584,14,6,28,205,2016,11,14,3,3,9,1,0,0,0,1,0,0,0,0,8.2424E+20,5.65376E+21,1.36163E+16,5.09441E+16
50584,50585,14,7,30,230,2016,11,12,3,3,1,6,0,0,0,1,0,0,0,1,7.87201E+20,5.69054E+21,1.31198E+16,5.12936E+16
50585,50586,14,6,26,50,2016,9,15,6,3,5,3,0,0,1,1,0,0,0,0,9.02417E+20,5.65212E+21,1.47222E+16,5.08802E+16
50586,50587,14,7,30,150,2016,10,18,5,2,8,1,2,0,0,1,0,0,0,0,7.43539E+20,5.70726E+21,1.25063E+16,5.1464E+16
50587,50588,14,5,24,130,2016,12,16,4,3,5,3,1,0,0,1,0,0,0,0,7.48427E+20,5.61231E+21,1.25114E+16,5.06097E+16
50588,50589,14,7,13,0,2016,10,19,2,1,6,4,2,1,0,1,1,0,0,0,7.31548E+20,5.69271E+21,1.23245E+16,5.13384E+16
50589,50590,14,5,22,150,2016,10,9,2,3,8,1,0,0,0,1,0,0,0,0,7.84432E+20,5.64745E+21,1.30462E+16,5.09085E+16
50590,50591,14,6,12,0,2016,9,13,3,3,5,3,0,0,1,1,0,0,0,0,8.28561E+20,5.66716E+21,1.36897E+16,5.10618E+16
50591,50592,14,5,23,350,2016,12,15,3,3,5,3,0,0,0,1,0,1,0,0,7.10659E+20,5.59356E+21,1.19678E+16,5.04562E+16
50592,50593,14,5,11,0,2016,9,13,1,2,8,1,0,0,0,1,0,0,0,0,7.64605E+20,5.63662E+21,1.2757E+16,5.08207E+16
50593,50594,14,6,26,100,2016,10,13,6,2,8,1,0,0,0,1,0,0,0,0,8.92637E+20,5.72294E+21,1.46612E+16,5.15207E+16
50594,50595,14,6,25,20,2016,12,8,6,3,2,6,0,1,0,1,0,0,0,0,8.72417E+20,5.68504E+21,1.43314E+16,5.11951E+16
50595,50596,14,6,12,0,2016,11,20,4,3,3,1,1,1,0,1,0,0,0,0,8.2315E+20,5.66711E+21,1.36127E+16,5.10644E+16
50596,50597,14,6,28,50,2016,11,6,5,3,2,6,2,0,0,1,0,0,1,0,8.30841E+20,5.65923E+21,1.37149E+16,5.09894E+16
50597,50598,14,7,13,0,2016,11,14,7,3,1,6,0,0,0,1,0,0,0,0,7.3478E+20,5.69353E+21,1.23713E+16,5.13445E+16
50598,50599,14,7,30,60,2016,12,11,4,3,5,3,0,1,1,1,0,0,0,0,7.77979E+20,5.69738E+21,1.29932E+16,5.13596E+16
50599,50600,14,5,24,90,2016,10,15,5,2,2,6,0,1,0,1,0,0,0,0,7.60716E+20,5.62198E+21,1.26916E+16,5.06912E+16
50600,50601,14,5,23,160,2016,10,13,6,3,6,4,0,1,0,1,1,0,0,0,7.46656E+20,5.58512E+21,1.24685E+16,5.03663E+16
50601,50602,14,6,12,0,2016,12,9,2,3,3,6,0,0,1,0,0,0,0,1,8.32115E+20,5.66545E+21,1.37387E+16,5.10444E+16
50602,50603,14,6,27,210,2016,12,16,2,3,5,3,2,1,0,1,0,0,0,0,8.28663E+20,5.67099E+21,1.36946E+16,5.1096E+16
50603,50604,14,7,13,0,2016,12,15,4,2,9,1,0,0,0,0,0,0,1,1,7.34708E+20,5.70065E+21,1.2375E+16,5.14084E+16
50604,50605,14,6,26,140,2016,11,17,6,3,5,2,2,0,0,1,0,1,0,0,8.98417E+20,5.65353E+21,1.46671E+16,5.08956E+16
50605,50606,14,5,21,10,2016,10,15,5,1,4,6,0,1,0,1,0,0,0,0,7.82157E+20,5.62718E+21,1.29984E+16,5.07278E+16
50606,50607,14,5,21,90,2016,12,8,6,2,8,1,0,2,0,1,0,0,0,0,7.91319E+20,5.63095E+21,1.31308E+16,5.0757E+16
50607,50608,14,6,26,600,2016,11,14,3,3,2,6,0,0,0,1,0,0,0,0,8.9185E+20,5.72172E+21,1.46486E+16,5.15103E+16
50608,50609,14,7,13,0,2016,9,14,6,3,1,6,0,0,0,1,0,1,0,0,7.34011E+20,5.69324E+21,1.23601E+16,5.13422E+16
50609,50610,14,5,21,30,2016,10,20,6,2,4,2,2,1,0,1,0,1,0,0,7.62082E+20,5.61034E+21,1.27026E+16,5.05861E+16
50610,50611,14,5,22,180,2016,12,10,5,2,5,2,0,0,1,1,0,0,0,0,8.0573E+20,5.64993E+21,1.33504E+16,5.09199E+16
50611,50612,14,5,24,20,2016,10,15,2,3,6,1,0,1,0,0,1,1,0,0,7.60569E+20,5.63822E+21,1.2701E+16,5.08369E+16
50612,50613,14,6,26,600,2016,9,17,3,3,5,2,0,0,1,1,0,0,0,0,8.87503E+20,5.72443E+21,1.45892E+16,5.15376E+16
50613,50614,14,6,12,0,2016,12,12,4,3,0,7,0,1,0,1,0,0,0,0,8.3657E+20,5.66811E+21,1.38045E+16,5.10656E+16
50614,50615,14,6,26,110,2016,12,6,3,2,6,6,2,0,0,0,1,0,0,1,9.18916E+20,5.68933E+21,1.49984E+16,5.12013E+16
50615,50616,14,7,13,0,2016,10,18,5,3,1,5,2,1,0,1,0,1,0,0,7.36468E+20,5.69312E+21,1.23953E+16,5.13401E+16
50616,50617,14,7,30,10,2016,12,17,6,2,1,5,2,0,0,1,0,0,0,1,7.86452E+20,5.71664E+21,1.31301E+16,5.1528E+16
50617,50618,14,5,22,50,2016,9,14,5,3,8,1,0,0,0,1,0,0,0,0,8.01314E+20,5.63897E+21,1.32787E+16,5.08239E+16