FID,OBJECTID,ULAND,UREGBEZ,UKREIS,UGEMEINDE,UJAHR,UMONAT,USTUNDE,UWOCHENTAG,UKATEGORIE,UART,UTYP1,ULICHTVERH,IstStrasse,IstRad,IstPKW,IstFuss,IstKrad,IstGkfz,IstSonstig,LINREFX,LINREFY,XGCSWGS84,YGCSWGS84
50618,50619,14,5,22,150,2016,11,21,3,2,2,1,2,0,0,0,0,0,0,1,7.84144E+20,5.64909E+21,1.30434E+16,5.09233E+16
50619,50620,14,6,28,20,2016,12,7,3,3,8,1,1,0,1,0,0,0,0,0,8.48087E+20,5.64348E+21,1.39447E+16,5.08381E+16
50620,50621,14,5,24,110,2016,10,17,7,2,8,1,1,0,0,0,0,1,0,0,7.45046E+20,5.61347E+21,1.24645E+16,5.06215E+16
50621,50622,14,5,24,120,2016,11,17,2,3,2,1,2,0,0,1,0,0,0,0,7.59987E+20,5.63545E+21,1.26908E+16,5.08123E+16
50622,50623,14,6,12,0,2016,10,14,4,3,4,1,0,1,0,1,0,0,0,0,8.38743E+20,5.67119E+21,1.38383E+16,5.10919E+16
50623,50624,14,6,28,410,2016,11,10,4,3,9,1,0,1,0,1,0,0,0,0,8.15395E+20,5.66509E+21,1.35006E+16,5.10506E+16
50624,50625,14,5,24,320,2016,12,11,6,3,2,6,0,1,0,1,0,0,0,0,7.48707E+20,5.61861E+21,1.25196E+16,5.06661E+16
50625,50626,14,6,28,270,2016,11,16,6,2,5,2,1,1,0,1,0,0,0,0,8.50014E+20,5.65369E+21,1.39817E+16,5.09284E+16
50626,50627,14,6,26,180,2016,11,18,4,3,2,2,1,1,0,1,0,0,0,0,9.0541E+20,5.66516E+21,1.4779E+16,5.09948E+16
50627,50628,14,7,30,300,2016,10,12,4,2,4,2,0,0,0,1,0,0,0,0,7.41902E+20,5.69701E+21,1.24758E+16,5.13727E+16
50628,50629,14,5,24,330,2016,12,14,3,2,1,1,0,0,0,1,0,0,0,0,7.42473E+20,5.62415E+21,1.24352E+16,5.07185E+16
50629,50630,14,6,27,230,2016,10,18,1,3,5,2,1,0,0,1,0,0,0,0,7.95554E+20,5.68843E+21,1.32375E+16,5.12704E+16
50630,50631,14,5,23,100,2016,10,13,7,3,2,2,0,0,0,1,0,0,0,0,7.24241E+20,5.61194E+21,1.21699E+16,5.06162E+16
50631,50632,14,6,26,490,2016,12,8,7,3,8,1,0,2,0,1,0,0,0,0,8.83135E+20,5.72112E+21,1.45229E+16,5.15109E+16
50632,50633,14,6,26,70,2016,10,19,4,2,6,6,2,1,0,0,1,1,0,0,8.92534E+20,5.6707E+21,1.46024E+16,5.10533E+16
50633,50634,14,6,25,480,2016,12,7,5,3,1,5,1,2,1,1,0,0,0,0,8.42601E+20,5.67696E+21,1.38986E+16,5.11413E+16
50634,50635,7,1,43,78,2016,1,7,1,3,8,1,2,1,0,1,0,0,0,0,4.12718E+20,5.59586E+21,7.76908E+15,5.05082E+16
50635,50636,14,6,27,180,2016,10,11,2,3,8,1,0,1,0,1,0,0,0,0,8.0062E+20,5.66413E+21,1.32896E+16,5.10499E+16
50636,50637,14,6,27,10,2016,10,21,7,3,5,2,2,1,1,1,0,0,0,0,8.21052E+20,5.67527E+21,1.35901E+16,5.11387E+16
50637,50638,14,7,13,0,2016,12,12,7,3,5,3,0,0,1,1,0,0,0,0,7.3649E+20,5.69224E+21,1.2395E+16,5.13322E+16
50638,50639,14,5,11,0,2016,12,19,5,3,6,2,2,1,0,1,1,0,0,0,7.7816E+20,5.64204E+21,1.29531E+16,5.0863E+16
50639,50640,14,7,29,50,2016,11,9,6,3,5,2,0,0,1,1,0,0,0,0,7.44436E+20,5.66953E+21,1.24934E+16,5.1125E+16
50640,50641,14,6,12,0,2016,10,19,2,3,3,6,2,0,0,1,0,0,0,0,8.32251E+20,5.67526E+21,1.37496E+16,5.11322E+16
50641,50642,14,7,29,360,2016,11,9,2,2,4,2,0,0,0,1,0,0,0,0,7.40746E+20,5.66612E+21,1.24384E+16,5.10959E+16
50642,50643,14,5,23,100,2016,12,15,5,3,4,6,0,1,0,1,0,0,0,0,7.25839E+20,5.60959E+21,1.21911E+16,5.05945E+16
50643,50644,14,5,11,0,2016,11,12,5,3,1,2,0,0,0,1,0,0,0,0,7.67613E+20,5.63587E+21,1.27991E+16,5.08126E+16
50644,50645,14,6,26,60,2016,10,15,6,2,4,6,0,0,0,1,0,1,0,0,8.94206E+20,5.71724E+21,1.46773E+16,5.14686E+16
50645,50646,14,5,24,90,2016,10,14,4,3,8,1,0,1,0,1,0,0,0,0,7.59406E+20,5.6231E+21,1.26738E+16,5.07018E+16
50646,50647,14,6,25,120,2016,11,6,3,3,9,1,0,1,0,1,0,0,0,0,8.60863E+20,5.71557E+21,1.41977E+16,5.14759E+16
50647,50648,14,7,30,190,2016,10,20,7,1,7,7,2,1,0,1,0,0,0,0,7.66196E+20,5.71405E+21,1.28369E+16,5.15148E+16
50648,50649,14,5,21,495,2016,12,5,3,2,6,4,2,1,0,1,1,0,0,0,7.9579E+20,5.62744E+21,1.31912E+16,5.07234E+16
50649,50650,14,7,30,20,2016,9,9,6,2,5,3,0,0,1,1,0,0,0,0,7.4848E+20,5.72192E+21,1.25876E+16,5.15934E+16
50650,50651,14,5,23,20,2016,10,10,4,2,5,3,0,1,0,1,0,0,1,0,7.40003E+20,5.60157E+21,1.23857E+16,5.05168E+16
50651,50652,14,5,23,340,2016,12,13,5,3,6,4,0,0,0,1,1,0,0,0,7.33842E+20,5.61371E+21,1.23065E+16,5.06283E+16
50652,50653,14,5,24,180,2016,10,14,2,3,5,3,0,0,1,1,0,0,0,0,7.64671E+20,5.6412E+21,1.27613E+16,5.08618E+16
50653,50654,14,5,23,320,2016,11,11,1,3,2,6,0,0,0,1,0,0,0,0,7.22939E+20,5.59858E+21,1.21436E+16,5.04967E+16
50654,50655,14,5,24,20,2016,12,17,7,2,9,1,2,0,0,0,0,1,0,0,7.56758E+20,5.63803E+21,1.26468E+16,5.08369E+16
50655,50656,14,6,28,270,2016,11,17,4,3,6,4,2,1,1,0,1,0,0,0,8.46201E+20,5.65722E+21,1.3931E+16,5.09623E+16
50656,50657,14,6,27,190,2016,9,6,6,3,2,2,0,0,0,1,0,1,0,0,8.06337E+20,5.69135E+21,1.33941E+16,5.12909E+16
50657,50658,14,7,30,60,2016,10,17,1,3,5,3,0,0,0,1,0,0,0,0,7.77129E+20,5.70152E+21,1.29842E+16,5.13971E+16
50658,50659,14,6,26,450,2016,10,15,7,3,5,3,0,0,0,1,0,0,0,0,9.03443E+20,5.68081E+21,1.47685E+16,5.11362E+16
50659,50660,14,6,28,160,2016,12,19,6,2,6,4,2,1,0,1,1,0,0,0,8.42016E+20,5.65785E+21,1.38723E+16,5.09704E+16
50660,50661,14,7,30,70,2016,11,15,3,3,8,1,0,0,0,1,0,0,0,0,7.31728E+20,5.71129E+21,1.23392E+16,5.15052E+16
50661,50662,14,5,23,20,2016,11,14,4,3,2,6,0,0,0,1,0,0,0,0,7.40927E+20,5.6E+21,1.23977E+16,5.05023E+16
50662,50663,14,7,29,430,2016,10,7,3,3,5,3,0,1,0,1,0,0,0,0,7.28644E+20,5.6796E+21,1.22745E+16,5.1222E+16
50663,50664,14,7,29,40,2016,12,18,5,3,5,3,2,1,0,1,0,0,0,0,7.35105E+20,5.67951E+21,1.23668E+16,5.12185E+16
50664,50665,14,6,28,160,2016,11,17,6,3,5,3,2,0,0,1,0,0,0,0,8.41413E+20,5.65804E+21,1.38639E+16,5.09726E+16
50665,50666,14,6,28,260,2016,12,6,4,3,5,3,2,1,1,1,0,0,0,0,8.65773E+20,5.66503E+21,1.42165E+16,5.10201E+16
50666,50667,14,6,26,600,2016,10,14,5,3,9,1,0,1,0,1,0,0,0,0,8.87505E+20,5.72147E+21,1.4586E+16,5.15111E+16
50667,50668,14,7,29,190,2016,9,12,5,3,9,7,0,0,0,1,0,0,0,0,7.41905E+20,5.68458E+21,1.24674E+16,5.12611E+16
50668,50669,14,7,13,0,2016,10,16,6,3,2,6,0,1,0,1,0,0,0,0,7.35828E+20,5.69828E+21,1.23895E+16,5.13867E+16
50669,50670,14,5,23,200,2016,12,17,7,3,8,1,2,2,0,1,0,0,0,0,7.36937E+20,5.58006E+21,1.23289E+16,5.03249E+16
50670,50671,14,6,27,100,2016,9,16,5,3,2,6,0,0,0,1,0,0,0,1,8.11447E+20,5.66584E+21,1.34451E+16,5.10594E+16
50671,50672,14,5,22,260,2016,12,14,2,3,3,6,0,0,0,1,0,0,1,0,7.66276E+20,5.6431E+21,1.27854E+16,5.08781E+16
50672,50673,14,5,22,80,2016,11,18,2,3,2,6,2,0,0,1,0,0,0,0,7.87032E+20,5.67283E+21,1.31032E+16,5.11348E+16
50673,50674,14,6,12,0,2016,12,8,4,3,2,6,1,0,0,1,0,0,0,0,8.31389E+20,5.66934E+21,1.37319E+16,5.10797E+16
50674,50675,14,5,24,190,2016,11,20,6,3,2,6,2,0,0,1,0,0,1,0,7.41154E+20,5.63626E+21,1.24245E+16,5.08278E+16
50675,50676,14,6,25,20,2016,10,16,4,3,5,3,0,1,0,1,0,1,0,0,8.80198E+20,5.68398E+21,1.44412E+16,5.11805E+16
50676,50677,14,5,22,310,2016,11,4,3,3,8,1,2,0,0,0,0,0,1,0,7.78926E+20,5.67725E+21,1.29911E+16,5.11785E+16
50677,50678,14,6,12,0,2016,11,18,3,2,3,6,2,0,0,1,0,0,1,0,8.32224E+20,5.67506E+21,1.37491E+16,5.11305E+16
50678,50679,14,6,12,0,2016,12,0,1,3,5,3,2,0,1,1,0,0,0,0,8.29191E+20,5.66515E+21,1.36969E+16,5.10434E+16
50679,50680,14,7,13,0,2016,11,16,7,3,4,2,0,1,1,1,0,0,0,0,7.36427E+20,5.69275E+21,1.23944E+16,5.13368E+16
50680,50681,14,7,13,0,2016,10,13,5,3,5,2,0,0,0,1,0,0,1,0,7.36145E+20,5.70151E+21,1.23962E+16,5.14155E+16
50681,50682,14,7,30,70,2016,12,11,4,3,5,3,0,0,1,1,0,0,0,0,7.31385E+20,5.71273E+21,1.23352E+16,5.15182E+16
50682,50683,14,6,25,550,2016,10,12,2,2,8,1,0,0,0,1,0,0,0,0,8.47245E+20,5.69911E+21,1.39862E+16,5.13369E+16
50683,50684,14,5,11,0,2016,10,23,2,3,8,1,2,0,0,1,0,0,0,0,7.6471E+20,5.63664E+21,1.27585E+16,5.08208E+16
50684,50685,14,6,27,220,2016,9,19,4,3,5,2,2,0,0,1,0,0,0,0,8.29278E+20,5.68478E+21,1.3716E+16,5.12192E+16
50685,50686,14,5,11,0,2016,9,7,3,3,8,7,0,0,0,1,0,0,0,0,7.77555E+20,5.63724E+21,1.29409E+16,5.08202E+16
50686,50687,14,6,26,370,2016,12,12,3,3,8,1,0,1,0,1,0,0,0,0,9.07411E+20,5.69617E+21,1.48423E+16,5.12708E+16
50687,50688,14,5,21,20,2016,12,17,3,3,2,2,2,1,0,1,0,0,0,0,7.82973E+20,5.60809E+21,1.29953E+16,5.05561E+16
50688,50689,14,6,27,140,2016,10,7,5,3,5,3,2,1,1,1,0,0,0,0,8.13055E+20,5.67829E+21,1.34788E+16,5.11702E+16
50689,50690,14,6,27,230,2016,12,13,6,3,2,2,0,1,0,1,0,0,0,0,7.96389E+20,5.69212E+21,1.32525E+16,5.13031E+16
50690,50691,14,6,25,250,2016,9,19,2,3,5,3,2,0,1,1,0,0,0,0,8.56445E+20,5.6946E+21,1.41133E+16,5.12909E+16
50691,50692,14,5,22,430,2016,9,7,5,3,4,2,0,0,1,1,0,0,0,0,7.99068E+20,5.64702E+21,1.32535E+16,5.08972E+16
50692,50693,14,6,25,570,2016,11,7,2,3,8,1,0,1,0,1,0,0,0,0,8.71516E+20,5.7143E+21,1.43491E+16,5.14577E+16
50693,50694,14,5,22,290,2016,11,22,1,3,6,7,2,0,0,1,1,0,0,0,7.71336E+20,5.65662E+21,1.28672E+16,5.0997E+16
50694,50695,14,5,23,20,2016,10,9,3,3,5,3,0,1,0,1,0,1,0,0,7.4225E+20,5.59996E+21,1.24163E+16,5.05014E+16
50695,50696,14,7,30,230,2016,11,13,3,2,6,4,0,1,0,1,1,0,0,0,7.87202E+20,5.69054E+21,1.31198E+16,5.12936E+16
50696,50697,14,6,28,380,2016,12,12,6,3,2,6,0,0,0,1,0,0,0,1,8.5499E+20,5.66821E+21,1.40665E+16,5.10554E+16
50697,50698,14,5,22,540,2016,11,13,6,2,6,4,0,1,0,1,1,0,0,0,7.93976E+20,5.66364E+21,1.31947E+16,5.10489E+16
50698,50699,14,6,12,0,2016,11,10,4,3,2,6,0,0,0,1,0,0,0,0,8.30573E+20,5.66452E+21,1.37159E+16,5.10369E+16
50699,50700,14,5,22,170,2016,10,20,4,3,8,1,2,1,0,0,0,1,0,0,8.18135E+20,5.63789E+21,1.35159E+16,5.08052E+16
50700,50701,14,5,21,430,2016,12,13,6,3,2,1,0,0,0,1,0,0,0,0,7.65809E+20,5.62531E+21,1.27659E+16,5.07187E+16
50701,50702,14,6,12,0,2016,10,10,4,3,0,1,0,1,0,0,0,0,0,1,8.30804E+20,5.66873E+21,1.3723E+16,5.10745E+16
50702,50703,14,5,21,110,2016,12,3,5,2,8,1,2,2,0,1,0,0,0,0,7.64093E+20,5.59688E+21,1.27215E+16,5.04643E+16
50703,50704,7,2,35,68,2016,1,13,7,3,5,3,0,1,0,1,0,0,0,0,3.23922E+20,5.50422E+21,6.55991E+15,4.96648E+16
50704,50705,14,7,29,70,2016,10,13,2,2,2,6,0,0,0,0,0,0,1,1,7.47081E+20,5.69043E+21,1.25455E+16,5.13115E+16
50705,50706,14,6,27,140,2016,10,22,1,3,0,1,2,0,1,0,0,0,0,0,8.13733E+20,5.67791E+21,1.34881E+16,5.11664E+16
50706,50707,14,5,22,180,2016,10,10,7,2,5,3,0,1,1,1,0,0,0,0,8.03971E+20,5.64891E+21,1.33246E+16,5.09116E+16
50707,50708,14,5,22,450,2016,12,10,7,3,2,6,0,0,0,1,0,0,0,0,7.89489E+20,5.67811E+21,1.31425E+16,5.1181E+16
50708,50709,14,6,25,500,2016,11,14,4,2,9,7,0,1,0,1,0,0,0,0,8.63398E+20,5.69445E+21,1.42124E+16,5.12851E+16
50709,50710,14,6,27,100,2016,12,15,3,3,5,3,0,0,0,1,0,0,1,0,8.17354E+20,5.66633E+21,1.35296E+16,5.10606E+16
50710,50711,14,6,25,200,2016,10,10,5,2,5,3,0,1,1,1,0,0,0,0,8.51316E+20,5.67827E+21,1.4024E+16,5.11478E+16
50711,50712,14,6,26,50,2016,12,11,6,3,8,1,0,1,0,1,0,0,0,0,9.01547E+20,5.65419E+21,1.47121E+16,5.08994E+16
50712,50713,14,7,13,0,2016,9,13,2,3,5,3,0,0,0,1,0,1,0,0,7.35292E+20,5.69025E+21,1.23765E+16,5.13148E+16
50713,50714,14,5,24,320,2016,9,10,4,3,9,1,0,0,0,0,0,1,0,0,7.48156E+20,5.61838E+21,1.25117E+16,5.06643E+16
50714,50715,14,7,29,50,2016,11,7,2,3,2,6,1,0,0,1,0,0,0,0,7.4443E+20,5.67419E+21,1.24964E+16,5.11669E+16
50715,50716,14,6,26,110,2016,11,20,1,3,4,2,2,0,0,1,0,0,0,1,9.16441E+20,5.68566E+21,1.49589E+16,5.11703E+16
50716,50717,14,5,22,60,2016,10,7,4,3,6,4,2,1,0,0,1,1,0,0,7.67964E+20,5.64808E+21,1.2813E+16,5.0922E+16
50717,50718,14,5,22,430,2016,11,15,4,3,0,1,1,1,0,1,0,0,0,0,7.9476E+20,5.65164E+21,1.31961E+16,5.09409E+16
50718,50719,14,6,26,600,2016,12,21,6,3,5,3,2,0,1,1,0,0,0,0,8.91148E+20,5.72062E+21,1.46373E+16,5.1501E+16
50719,50720,14,6,12,0,2016,11,11,6,3,0,1,0,0,1,0,0,0,0,0,8.31747E+20,5.66473E+21,1.37328E+16,5.10381E+16
50720,50721,14,6,26,370,2016,11,6,4,2,4,6,2,1,0,0,0,1,0,1,9.04162E+20,5.69856E+21,1.47987E+16,5.12945E+16
50721,50722,14,6,12,0,2016,10,7,4,3,6,4,0,1,0,1,1,0,0,0,8.32115E+20,5.66773E+21,1.37408E+16,5.10648E+16
50722,50723,14,7,13,0,2016,12,21,3,3,2,6,2,0,0,1,0,0,0,1,7.35639E+20,5.70003E+21,1.2388E+16,5.14024E+16
50723,50724,14,6,28,70,2016,10,10,1,2,8,1,0,0,0,1,0,0,0,0,8.47684E+20,5.65037E+21,1.39456E+16,5.09001E+16
50724,50725,14,7,13,0,2016,10,3,7,1,9,1,2,0,0,1,0,0,0,0,7.33039E+20,5.69687E+21,1.23486E+16,5.13752E+16
50725,50726,14,6,25,600,2016,12,11,7,3,2,6,0,1,0,1,0,0,0,0,8.41346E+20,5.6802E+21,1.38838E+16,5.11712E+16
50726,50727,14,6,25,20,2016,10,12,4,2,4,2,0,1,0,1,0,0,0,0,8.80672E+20,5.68392E+21,1.44478E+16,5.11797E+16
50727,50728,14,6,27,310,2016,12,11,5,3,2,2,0,1,0,1,0,0,0,0,8.22413E+20,5.67786E+21,1.36118E+16,5.11612E+16
50728,50729,7,3,13,0,2016,1,19,7,3,5,3,2,0,1,1,0,0,0,0,4.36269E+20,5.44985E+21,8.12519E+15,4.91982E+16
50729,50730,14,7,29,20,2016,10,10,2,3,8,1,0,1,0,0,0,0,0,1,7.47512E+20,5.68274E+21,1.25463E+16,5.12423E+16
50730,50731,14,5,23,290,2016,10,11,1,2,5,3,0,0,0,1,0,0,0,1,7.36103E+20,5.59447E+21,1.23263E+16,5.04547E+16
50731,50732,14,6,12,0,2016,10,20,7,2,6,4,2,1,0,1,1,0,0,0,8.33366E+20,5.66974E+21,1.37604E+16,5.10821E+16
50732,50733,14,6,28,50,2016,12,13,7,2,2,6,0,0,0,1,0,0,0,0,8.31766E+20,5.66122E+21,1.37299E+16,5.10066E+16
50733,50734,14,5,22,310,2016,11,20,4,2,0,1,2,2,0,1,0,0,0,0,7.76549E+20,5.68017E+21,1.29594E+16,5.12059E+16
50734,50735,14,6,25,150,2016,11,15,6,2,6,4,0,0,0,0,1,0,0,1,8.71841E+20,5.68401E+21,1.43221E+16,5.11863E+16
50735,50736,14,6,28,50,2016,11,6,2,3,6,4,1,0,0,1,1,0,0,0,8.31103E+20,5.65807E+21,1.37176E+16,5.09788E+16
50736,50737,14,6,26,390,2016,12,13,5,3,5,3,0,0,1,1,0,0,0,0,9.02354E+20,5.65998E+21,1.47299E+16,5.09506E+16
50737,50738,14,6,28,270,2016,10,10,6,2,0,1,0,1,1,0,0,0,0,0,8.46412E+20,5.65774E+21,1.39345E+16,5.09668E+16
50738,50739,14,5,24,140,2016,10,16,3,2,8,1,0,0,0,1,0,0,0,0,7.35911E+20,5.62983E+21,1.2346E+16,5.07722E+16
50739,50740,14,6,27,210,2016,11,7,3,3,5,3,0,0,1,1,0,0,0,0,8.24533E+20,5.67198E+21,1.36367E+16,5.11072E+16
50740,50741,14,6,27,100,2016,10,9,7,3,2,2,0,0,0,1,0,0,0,0,8.12904E+20,5.67495E+21,1.34737E+16,5.11403E+16
50741,50742,14,7,29,10,2016,12,18,2,3,0,1,2,1,0,1,0,0,0,0,7.57082E+20,5.6693E+21,1.26735E+16,5.11174E+16
50742,50743,14,7,29,380,2016,9,9,6,2,5,3,0,0,0,1,0,0,0,0,7.56294E+20,5.70288E+21,1.26864E+16,5.14191E+16
50743,50744,14,6,28,410,2016,12,6,3,2,9,1,1,2,0,1,0,0,0,0,8.15392E+20,5.66509E+21,1.35006E+16,5.10506E+16
50744,50745,14,6,26,600,2016,12,14,5,3,3,2,0,0,1,1,0,0,0,0,8.91144E+20,5.72061E+21,1.46372E+16,5.15009E+16
50745,50746,14,6,12,0,2016,11,13,1,3,5,3,0,0,0,1,0,0,0,0,8.32285E+20,5.67424E+21,1.37492E+16,5.1123E+16
50746,50747,14,5,21,80,2016,10,12,3,3,9,1,0,1,0,1,0,0,0,0,7.60724E+20,5.60638E+21,1.26807E+16,5.05511E+16
50747,50748,14,5,21,390,2016,12,15,7,3,5,3,0,0,0,1,0,0,0,0,7.92063E+20,5.61762E+21,1.31308E+16,5.06372E+16
50748,50749,14,6,28,110,2016,11,13,4,3,2,6,0,0,0,1,0,0,0,0,8.2821E+20,5.66048E+21,1.36787E+16,5.1002E+16
50749,50750,14,6,12,0,2016,9,7,6,3,1,5,0,0,1,1,0,0,0,0,8.39315E+20,5.6676E+21,1.3843E+16,5.10594E+16
50750,50751,14,6,25,550,2016,10,21,1,3,8,1,2,1,0,1,0,0,0,0,8.45272E+20,5.69828E+21,1.39572E+16,5.13308E+16
50751,50752,14,5,22,230,2016,10,15,7,2,2,6,0,0,0,1,0,0,0,0,7.86726E+20,5.65462E+21,1.30844E+16,5.09717E+16
50752,50753,14,5,21,370,2016,12,10,6,3,2,2,0,1,0,1,0,0,0,0,7.63473E+20,5.61361E+21,1.27246E+16,5.06148E+16
50753,50754,14,6,26,290,2016,11,9,4,3,5,3,0,0,0,1,0,0,0,0,8.96166E+20,5.67605E+21,1.46598E+16,5.10987E+16
50754,50755,14,7,13,0,2016,10,9,3,3,1,6,0,1,0,1,0,0,0,0,7.40768E+20,5.69448E+21,1.24578E+16,5.13505E+16
50755,50756,14,6,12,0,2016,12,13,5,3,5,3,0,0,1,1,0,0,0,0,8.36281E+20,5.66097E+21,1.37938E+16,5.10018E+16
50756,50757,14,6,12,0,2016,12,7,4,3,3,5,1,1,1,1,0,0,0,0,8.33858E+20,5.67353E+21,1.37709E+16,5.11157E+16
50757,50758,14,6,25,20,2016,9,17,5,3,2,6,0,0,0,1,0,0,0,1,8.80076E+20,5.684E+21,1.44394E+16,5.11807E+16
50758,50759,14,6,28,270,2016,10,10,6,3,2,6,0,1,0,1,0,0,1,0,8.46357E+20,5.65665E+21,1.39327E+16,5.09571E+16
50759,50760,14,6,26,180,2016,12,12,7,3,3,6,0,0,0,1,0,0,1,0,9.06279E+20,5.66262E+21,1.47885E+16,5.09715E+16
50760,50761,14,5,21,600,2016,9,13,5,2,5,3,0,0,1,0,0,0,0,1,7.50211E+20,5.60245E+21,1.253E+16,5.05205E+16
50761,50762,14,5,24,80,2016,11,19,3,3,5,3,2,0,0,1,0,1,0,0,7.50425E+20,5.63678E+21,1.25562E+16,5.08285E+16
50762,50763,14,7,29,50,2016,12,13,1,3,8,1,0,1,0,1,0,0,0,0,7.45555E+20,5.67097E+21,1.25103E+16,5.11374E+16
50763,50764,14,6,26,290,2016,11,7,1,3,8,1,0,1,0,1,0,0,0,0,9.00391E+20,5.67854E+21,1.47226E+16,5.11181E+16
50764,50765,14,5,22,230,2016,12,12,4,3,2,6,0,0,0,1,0,0,0,0,7.88797E+20,5.65444E+21,1.31137E+16,5.0969E+16
50765,50766,14,5,23,290,2016,11,6,5,3,8,1,0,2,0,1,0,0,0,0,7.36944E+20,5.59426E+21,1.2338E+16,5.04524E+16
50766,50767,14,6,12,0,2016,10,13,4,3,2,6,0,1,0,1,0,0,1,0,8.323E+20,5.67424E+21,1.37494E+16,5.11231E+16
50767,50768,14,7,13,0,2016,10,18,2,3,2,6,2,1,0,1,0,0,0,1,7.44528E+20,5.69299E+21,1.25107E+16,5.13355E+16
50768,50769,14,5,22,440,2016,11,14,3,3,4,6,0,0,0,1,0,0,0,0,7.913E+20,5.63998E+21,1.31377E+16,5.0838E+16
50769,50770,14,5,24,290,2016,12,16,7,2,8,1,2,1,0,1,0,0,0,0,7.53801E+20,5.64216E+21,1.26078E+16,5.08753E+16
50770,50771,14,6,26,410,2016,11,16,7,3,8,1,2,1,0,1,0,0,0,0,8.8471E+20,5.67051E+21,1.44911E+16,5.10569E+16
50771,50772,14,6,28,270,2016,11,5,5,2,5,2,2,1,1,1,0,0,0,0,8.46211E+20,5.65708E+21,1.39311E+16,5.09611E+16
50772,50773,14,6,26,110,2016,10,5,5,3,9,3,2,0,1,1,0,0,0,0,9.17457E+20,5.68358E+21,1.4971E+16,5.11509E+16
50773,50774,14,6,25,240,2016,12,17,4,2,2,6,2,1,0,1,0,0,0,0,8.64639E+20,5.71113E+21,1.42472E+16,5.14337E+16
50774,50775,14,6,12,0,2016,10,16,2,3,3,2,0,1,0,1,0,0,0,0,8.29867E+20,5.66612E+21,1.37073E+16,5.10516E+16
50775,50776,14,7,30,330,2016,10,17,1,3,4,6,0,0,0,1,0,0,0,0,7.78264E+20,5.68835E+21,1.29902E+16,5.12784E+16
50776,50777,14,6,12,0,2016,9,14,4,3,5,3,0,0,1,0,0,0,0,1,8.3135E+20,5.66533E+21,1.37277E+16,5.10437E+16
50777,50778,14,5,24,250,2016,9,17,2,3,5,7,0,0,0,1,0,1,0,0,7.50664E+20,5.62065E+21,1.25486E+16,5.06836E+16
50778,50779,14,5,22,110,2016,12,17,3,2,5,3,2,1,0,1,0,0,0,0,8.00853E+20,5.63452E+21,1.32685E+16,5.07843E+16
50779,50780,14,7,29,20,2016,12,7,2,3,5,3,1,1,0,1,0,0,0,0,7.46587E+20,5.68549E+21,1.2535E+16,5.12673E+16
50780,50781,14,5,21,30,2016,10,14,5,2,2,6,0,0,1,0,0,0,0,1,7.61666E+20,5.61065E+21,1.2697E+16,5.05891E+16
50781,50782,14,6,12,0,2016,12,19,6,3,5,2,2,0,1,1,0,0,0,0,8.29973E+20,5.66357E+21,1.37065E+16,5.10287E+16
50782,50783,14,6,27,210,2016,9,15,2,2,5,3,0,0,1,1,0,0,0,0,8.2441E+20,5.672E+21,1.3635E+16,5.11075E+16
50783,50784,14,5,24,190,2016,9,16,4,2,5,3,0,0,1,1,0,0,0,0,7.42553E+20,5.63797E+21,1.24454E+16,5.08425E+16
50784,50785,14,6,25,40,2016,11,5,2,3,4,2,2,0,0,1,0,0,0,0,8.60006E+20,5.67521E+21,1.41447E+16,5.1115E+16
50785,50786,14,6,28,100,2016,10,11,7,3,8,5,0,0,1,0,0,0,0,1,8.50797E+20,5.66483E+21,1.40036E+16,5.10277E+16
50786,50787,14,7,30,150,2016,11,5,7,3,1,6,2,0,0,1,0,0,0,1,7.39649E+20,5.70761E+21,1.24506E+16,5.14688E+16
50787,50788,14,6,25,430,2016,10,7,3,3,5,3,1,0,1,1,0,0,0,0,8.37479E+20,5.68033E+21,1.38288E+16,5.11746E+16
50788,50789,14,6,25,150,2016,11,22,3,2,9,1,2,1,0,1,0,0,0,1,8.70153E+20,5.68574E+21,1.42999E+16,5.12029E+16
50789,50790,14,6,12,0,2016,12,19,6,2,6,3,2,0,0,1,1,0,0,0,8.34371E+20,5.66285E+21,1.37684E+16,5.10197E+16
50790,50791,14,5,24,160,2016,11,14,5,2,2,6,0,0,0,1,0,0,0,1,7.55823E+20,5.62935E+21,1.26275E+16,5.07594E+16
50791,50792,14,5,22,50,2016,11,10,4,3,2,2,0,1,0,1,0,0,0,0,8.0451E+20,5.64005E+21,1.33249E+16,5.08319E+16
50792,50793,14,6,27,10,2016,10,20,6,3,5,2,2,0,0,1,0,0,0,0,8.16234E+20,5.67477E+21,1.3521E+16,5.11369E+16
50793,50794,14,7,30,20,2016,12,9,6,2,8,1,0,1,0,1,0,0,0,0,7.50709E+20,5.72119E+21,1.26192E+16,5.15859E+16
50794,50795,14,5,21,30,2016,9,16,4,3,2,6,0,0,0,1,0,0,0,1,7.63056E+20,5.6122E+21,1.27177E+16,5.06023E+16