FID,OBJECTID,ULAND,UREGBEZ,UKREIS,UGEMEINDE,UJAHR,UMONAT,USTUNDE,UWOCHENTAG,UKATEGORIE,UART,UTYP1,ULICHTVERH,IstStrasse,IstRad,IstPKW,IstFuss,IstKrad,IstGkfz,IstSonstig,LINREFX,LINREFY,XGCSWGS84,YGCSWGS84
50975,50976,7,2,32,33,2016,1,19,5,3,4,6,2,1,0,1,0,0,0,0,3.14967E+20,5.52417E+21,6.42647E+15,4.98414E+16
50976,50977,7,1,34,69,2016,1,7,5,2,8,1,2,1,0,1,0,0,0,0,3.80543E+20,5.52652E+21,7.33729E+15,4.98792E+16
50977,50978,7,2,11,0,2016,1,13,5,3,1,6,0,1,0,1,0,0,0,0,3.33905E+20,5.5124E+21,6.69466E+15,4.97411E+16
50978,50979,7,2,11,0,2016,1,12,5,3,2,6,0,1,0,1,0,0,0,0,3.30827E+20,5.51443E+21,6.6511E+15,4.97585E+16
50979,50980,7,3,38,7,2016,1,13,4,2,4,2,0,0,1,1,0,0,0,0,4.55509E+20,5.46323E+21,8.38779E+15,4.93202E+16
50980,50981,7,1,43,308,2016,1,16,5,3,5,3,2,1,0,1,0,0,0,0,4.27411E+20,5.60224E+21,7.97501E+15,5.05676E+16
50981,50982,7,3,12,0,2016,1,7,3,2,6,2,1,1,0,1,1,0,0,0,4.10212E+20,5.47837E+21,7.76118E+15,4.94514E+16
50982,50983,7,2,33,83,2016,1,13,3,3,8,1,0,1,0,1,0,0,0,0,3.33662E+20,5.57966E+21,6.6621E+15,5.03455E+16
50983,50984,7,1,35,79,2016,1,23,5,2,8,1,2,1,0,1,0,0,0,0,3.71163E+20,5.5501E+21,7.1989E+15,5.00892E+16
50984,50985,7,1,32,79,2016,1,15,5,3,4,6,0,2,0,1,0,0,1,0,4.27764E+20,5.61538E+21,7.97744E+15,5.06858E+16
50985,50986,7,1,37,89,2016,1,7,5,3,2,6,1,1,0,1,0,0,0,0,3.79326E+20,5.57479E+21,7.30512E+15,5.03129E+16
50986,50987,7,1,31,70,2016,1,17,4,3,2,6,1,1,0,1,0,0,0,0,3.75071E+20,5.60376E+21,7.23573E+15,5.05724E+16
50987,50988,7,3,15,0,2016,1,15,3,3,2,2,0,1,0,1,0,0,0,1,4.43611E+20,5.53932E+21,8.21311E+15,5.00036E+16
50988,50989,7,1,37,3,2016,1,18,5,3,9,1,2,1,0,1,0,0,0,0,3.86756E+20,5.58671E+21,7.40584E+15,5.04215E+16
50989,50990,7,1,37,217,2016,1,16,5,2,4,1,2,1,0,1,0,0,0,0,3.90624E+20,5.57261E+21,7.46437E+15,5.02955E+16
50990,50991,7,1,37,504,2016,1,3,5,3,8,1,2,1,0,1,0,0,0,0,3.86599E+20,5.5694E+21,7.40883E+15,5.02659E+16
50991,50992,7,3,33,71,2016,1,13,5,2,9,1,0,0,0,1,0,0,0,0,4.21348E+20,5.49013E+21,7.91246E+15,4.95586E+16
50992,50993,7,1,37,203,2016,1,23,5,2,8,7,2,0,0,0,0,0,1,0,3.9922E+20,5.58564E+21,7.58153E+15,5.04141E+16
50993,50994,7,3,39,31,2016,1,8,4,3,8,1,0,1,0,1,0,0,0,0,4.31707E+20,5.52702E+21,8.04921E+15,4.98917E+16
50994,50995,7,3,40,20,2016,1,15,4,3,2,6,0,1,0,1,0,0,0,0,4.08692E+20,5.44797E+21,7.74717E+15,4.91778E+16
50995,50996,7,3,40,14,2016,1,6,4,3,4,6,2,1,0,1,0,0,0,1,4.1574E+20,5.45037E+21,7.84335E+15,4.92003E+16
50996,50997,7,3,34,25,2016,1,8,3,3,4,2,0,1,0,1,0,0,0,0,4.49364E+20,5.44432E+21,8.30562E+15,4.91496E+16
50997,50998,7,2,35,68,2016,1,15,3,3,1,6,0,1,0,1,0,0,0,0,3.25147E+20,5.50781E+21,6.57528E+15,4.96974E+16
50998,50999,7,3,12,0,2016,1,20,4,2,3,1,2,1,0,1,0,0,0,0,4.0586E+20,5.47794E+21,7.70125E+15,4.94469E+16
50999,51000,7,3,35,3,2016,1,5,4,2,3,6,2,1,1,1,0,0,0,0,3.84973E+20,5.47055E+21,7.41534E+15,4.93768E+16
51000,51001,7,3,14,0,2016,1,17,1,2,0,1,2,1,0,0,0,1,0,0,4.5756E+20,5.48156E+21,8.41405E+15,4.94852E+16
51001,51002,7,1,35,20,2016,1,20,3,2,6,2,2,1,0,1,1,0,0,0,3.69054E+20,5.55682E+21,7.16712E+15,5.01492E+16
51002,51003,7,3,36,4,2016,1,5,4,3,1,5,2,1,0,1,0,0,0,0,3.78469E+20,5.47797E+21,7.32351E+15,4.94423E+16
51003,51004,7,1,40,45,2016,1,15,6,3,2,2,0,2,1,1,0,0,0,0,3.97452E+20,5.55741E+21,7.56431E+15,5.016E+16
51004,51005,7,3,32,24,2016,1,15,4,3,5,3,0,0,0,1,0,0,0,0,4.39702E+20,5.49067E+21,8.16612E+15,4.95656E+16
51005,51006,7,3,13,0,2016,1,11,4,3,9,1,0,1,0,1,0,0,0,0,4.37994E+20,5.44718E+21,8.14928E+15,4.91743E+16
51006,51007,7,1,38,36,2016,1,15,6,3,4,6,1,2,0,1,0,0,0,0,3.92392E+20,5.59917E+21,7.48156E+15,5.05346E+16
51007,51008,7,1,33,501,2016,1,16,5,2,2,1,1,1,0,1,0,0,0,1,4.04265E+20,5.51757E+21,7.66958E+15,4.9803E+16
51008,51009,7,3,18,0,2016,1,13,2,3,9,1,0,1,0,1,0,0,0,0,4.57231E+20,5.46303E+21,8.41151E+15,4.93185E+16
51009,51010,7,3,18,0,2016,1,16,4,3,3,2,0,0,1,1,0,0,0,0,4.5854E+20,5.46404E+21,8.42941E+15,4.93276E+16
51010,51011,7,3,18,0,2016,1,11,4,3,5,2,0,1,1,1,0,0,0,0,4.58485E+20,5.46364E+21,8.42869E+15,4.93241E+16
51011,51012,7,3,11,0,2016,1,11,4,2,5,2,0,1,1,1,0,0,0,0,4.5181E+20,5.48662E+21,8.33405E+15,4.95303E+16
51012,51013,7,3,11,0,2016,1,9,4,3,1,2,0,0,0,1,0,0,0,0,4.52389E+20,5.4886E+21,8.34181E+15,4.95482E+16
51013,51014,7,3,31,21,2016,1,14,1,3,5,3,0,1,0,1,0,0,0,0,4.30182E+20,5.51243E+21,8.03061E+15,4.97603E+16
51014,51015,7,3,36,96,2016,1,14,2,2,5,3,0,1,1,1,0,0,0,0,3.82958E+20,5.47913E+21,7.38507E+15,4.94536E+16
51015,51016,7,3,14,0,2016,1,11,4,3,1,6,0,0,0,1,0,0,0,0,4.58854E+20,5.48169E+21,8.43189E+15,4.94865E+16
51016,51017,7,2,11,0,2016,1,13,5,3,5,3,0,1,0,1,0,0,0,0,3.29158E+20,5.51385E+21,6.6282E+15,4.97528E+16
51017,51018,7,2,11,0,2016,1,13,2,3,0,6,0,1,0,0,0,0,0,1,3.30635E+20,5.51565E+21,6.6479E+15,4.97694E+16
51018,51019,7,3,14,0,2016,1,11,7,2,5,3,0,0,1,1,0,0,0,0,4.56611E+20,5.48236E+21,8.40086E+15,4.94924E+16
51019,51020,7,3,39,42,2016,1,20,4,3,3,3,2,1,0,1,0,0,0,0,4.42029E+20,5.5291E+21,8.19259E+15,4.99115E+16
51020,51021,7,2,33,35,2016,1,21,4,2,6,4,2,1,0,1,1,0,0,0,3.2867E+20,5.57879E+21,6.5924E+15,5.03363E+16
51021,51022,7,2,32,311,2016,1,17,5,3,3,2,2,1,0,1,0,0,0,0,3.33673E+20,5.53973E+21,6.6797E+15,4.99867E+16
51022,51023,7,3,39,49,2016,1,18,2,3,1,1,2,1,0,1,0,0,0,0,4.53903E+20,5.52294E+21,8.35868E+15,4.98571E+16
51023,51024,7,3,31,42,2016,1,20,7,3,2,1,2,1,0,1,0,0,0,0,4.3681E+20,5.50909E+21,8.12317E+15,4.9731E+16
51024,51025,7,1,34,60,2016,1,15,4,3,8,1,0,1,0,1,0,0,0,0,3.79396E+20,5.5148E+21,7.32498E+15,4.97735E+16
51025,51026,7,1,43,289,2016,1,4,4,3,8,1,2,1,0,0,0,0,1,0,4.21854E+20,5.60165E+21,7.89669E+15,5.05615E+16
51026,51027,7,1,43,28,2016,1,11,4,3,9,1,0,1,0,1,0,0,0,0,4.15491E+20,5.59548E+21,7.80826E+15,5.05052E+16
51027,51028,7,1,38,61,2016,1,10,4,3,8,1,0,0,0,1,0,0,0,0,3.92308E+20,5.59598E+21,7.48129E+15,5.05059E+16
51028,51029,7,3,39,60,2016,1,11,1,2,8,7,0,0,0,1,0,0,0,0,4.41756E+20,5.52141E+21,8.18994E+15,4.98423E+16
51029,51030,7,3,32,2,2016,1,18,2,1,6,6,2,1,0,1,1,0,0,0,4.41145E+20,5.48007E+21,8.18765E+15,4.94704E+16
51030,51031,7,1,38,12,2016,1,6,4,3,8,1,1,1,0,1,0,0,0,0,4.04037E+20,5.60145E+21,7.64524E+15,5.05571E+16
51031,51032,7,1,41,43,2016,1,15,5,3,1,6,0,1,0,1,0,1,0,0,4.32376E+20,5.57727E+21,8.04961E+15,5.03437E+16
51032,51033,7,1,37,3,2016,1,3,2,3,8,1,2,1,0,1,0,0,0,0,3.89266E+20,5.58556E+21,7.4415E+15,5.04116E+16
51033,51034,7,1,38,12,2016,1,7,4,3,6,4,2,1,0,1,1,0,0,0,4.05067E+20,5.60083E+21,7.65994E+15,5.05517E+16
51034,51035,7,3,18,0,2016,1,11,3,3,5,7,0,1,1,1,0,0,0,0,4.58548E+20,5.4641E+21,8.42951E+15,4.93282E+16
51035,51036,7,1,32,96,2016,1,22,4,3,1,5,2,1,0,1,0,0,0,1,4.09176E+20,5.62471E+21,7.71207E+15,5.0767E+16
51036,51037,7,1,37,68,2016,1,21,4,2,1,7,2,0,0,1,0,0,0,0,3.74698E+20,5.57488E+21,7.24012E+15,5.03127E+16
51037,51038,7,1,37,49,2016,1,11,4,3,4,1,0,1,0,1,0,0,1,0,3.69157E+20,5.58135E+21,7.16009E+15,5.03696E+16
51038,51039,7,1,41,501,2016,1,22,4,2,0,7,2,1,0,0,0,1,0,0,4.0398E+20,5.56998E+21,7.6525E+15,5.02742E+16
51039,51040,7,3,39,30,2016,1,21,1,3,8,1,2,1,0,1,0,0,0,0,4.32155E+20,5.53478E+21,8.05408E+15,4.99615E+16
51040,51041,7,3,40,206,2016,1,12,3,3,1,2,0,1,0,1,0,0,0,0,3.85283E+20,5.45652E+21,7.42365E+15,4.92507E+16
51041,51042,7,1,31,90,2016,1,6,5,3,4,2,2,1,0,1,0,0,0,0,3.6044E+20,5.60544E+21,7.0286E+15,5.05842E+16
51042,51043,7,3,17,0,2016,1,16,3,3,4,1,1,1,0,1,0,0,0,0,4.01165E+20,5.4486E+21,7.64376E+15,4.91822E+16
51043,51044,7,3,20,0,2016,1,13,3,2,5,3,0,1,0,1,0,0,0,0,3.80318E+20,5.45393E+21,7.35621E+15,4.92265E+16
51044,51045,7,3,39,9,2016,1,7,3,3,4,6,2,1,0,1,0,0,0,0,4.40422E+20,5.54054E+21,8.16844E+15,5.00142E+16
51045,51046,7,3,35,3,2016,1,17,3,3,8,7,2,1,0,1,0,0,0,0,3.84846E+20,5.47423E+21,7.41253E+15,4.94098E+16
51046,51047,7,3,12,0,2016,1,8,3,3,3,6,0,1,0,1,0,0,1,0,4.10102E+20,5.47796E+21,7.75975E+15,4.94476E+16
51047,51048,7,3,12,0,2016,1,17,3,3,6,2,2,1,0,1,1,0,0,0,4.11587E+20,5.47815E+21,7.78019E+15,4.94496E+16
51048,51049,7,3,12,0,2016,1,8,5,3,0,1,0,2,0,0,0,1,0,0,4.1306E+20,5.47831E+21,7.80047E+15,4.94512E+16
51049,51050,7,3,13,0,2016,1,17,3,2,5,3,2,1,0,1,0,1,0,0,4.38325E+20,5.45145E+21,8.15317E+15,4.92127E+16
51050,51051,7,2,33,26,2016,1,6,4,3,2,6,2,1,0,1,0,0,0,0,3.31566E+20,5.56557E+21,6.63895E+15,5.02183E+16
51051,51052,7,3,37,40,2016,1,16,3,3,8,1,1,1,0,1,0,0,0,0,4.31793E+20,5.44493E+21,8.0646E+15,4.91534E+16
51052,51053,7,3,14,0,2016,1,19,3,2,6,2,2,1,0,1,1,0,0,0,4.57646E+20,5.48273E+21,8.4151E+15,4.94957E+16
51053,51054,7,2,33,26,2016,1,10,3,2,8,1,0,1,0,1,0,0,0,0,3.33159E+20,5.56605E+21,6.66104E+15,5.02231E+16
51054,51055,7,3,14,0,2016,1,16,4,3,8,1,2,1,0,0,0,0,1,0,4.57349E+20,5.48375E+21,8.41091E+15,4.95049E+16
51055,51056,7,2,32,18,2016,1,21,3,2,8,1,2,1,0,1,0,0,0,0,3.19686E+20,5.53959E+21,6.48483E+15,4.99814E+16
51056,51057,7,3,14,0,2016,1,6,3,3,9,1,2,1,0,1,0,0,0,0,4.55272E+20,5.4763E+21,8.38306E+15,4.94377E+16
51057,51058,7,2,33,240,2016,1,14,3,2,8,1,0,1,0,0,0,0,1,1,3.22279E+20,5.57744E+21,6.50331E+15,5.03222E+16
51058,51059,7,1,34,26,2016,1,13,3,3,4,2,0,1,0,1,0,0,0,0,3.77663E+20,5.49539E+21,7.30699E+15,4.95987E+16
51059,51060,7,1,34,45,2016,1,15,3,3,8,1,2,1,0,1,0,0,0,0,3.78271E+20,5.50802E+21,7.31147E+15,4.97124E+16
51060,51061,7,1,43,48,2016,1,12,3,3,1,6,0,1,0,1,0,0,0,0,4.17619E+20,5.5886E+21,7.83978E+15,5.04436E+16
51061,51062,7,1,34,60,2016,1,12,3,3,8,1,0,1,0,1,0,0,0,0,3.79881E+20,5.51448E+21,7.33181E+15,4.97708E+16
51062,51063,7,1,32,106,2016,1,17,6,3,2,6,2,1,0,1,0,0,0,0,4.07101E+20,5.61632E+21,7.68477E+15,5.06913E+16
51063,51064,7,1,33,6,2016,1,6,5,2,0,1,1,2,0,1,0,0,0,0,4.19996E+20,5.52416E+21,7.88679E+15,4.98645E+16
51064,51065,7,3,11,0,2016,1,7,2,3,5,2,1,1,1,1,0,0,0,0,4.53058E+20,5.48647E+21,8.35131E+15,4.9529E+16
51065,51066,7,1,43,276,2016,1,22,3,3,8,1,2,1,0,1,0,0,0,0,4.17366E+20,5.61394E+21,7.83059E+15,5.06714E+16
51066,51067,7,1,38,41,2016,1,18,3,2,6,4,2,0,0,1,1,0,0,0,3.77991E+20,5.60311E+21,7.27715E+15,5.05672E+16
51067,51068,7,1,38,73,2016,1,15,3,3,5,3,0,1,0,1,0,0,0,0,3.74103E+20,5.60747E+21,7.22081E+15,5.06056E+16
51068,51069,7,1,40,125,2016,1,17,3,3,5,3,2,1,1,1,0,0,0,0,4.05124E+20,5.53964E+21,7.6761E+15,5.00015E+16
51069,51070,7,2,32,39,2016,1,2,1,3,8,1,2,1,0,1,0,0,0,0,3.2516E+20,5.54398E+21,6.55912E+15,5.00224E+16
51070,51071,7,2,35,51,2016,1,14,3,3,1,6,0,1,0,1,0,0,0,0,3.2363E+20,5.50917E+21,6.55364E+15,4.97091E+16
51071,51072,7,1,40,71,2016,1,5,3,1,4,1,2,1,0,1,0,0,1,0,3.83692E+20,5.53864E+21,7.37744E+15,4.99888E+16
51072,51073,7,3,20,0,2016,1,18,2,3,5,3,2,0,0,1,0,0,0,0,3.81327E+20,5.45674E+21,7.36923E+15,4.92519E+16
51073,51074,7,2,35,149,2016,1,15,1,3,5,3,0,1,0,1,0,1,0,0,3.12577E+20,5.49815E+21,6.40576E+15,4.96068E+16
51074,51075,7,1,37,56,2016,1,8,3,3,5,3,0,1,0,1,0,0,0,0,3.83322E+20,5.58393E+21,7.35838E+15,5.03959E+16
51075,51076,7,3,17,0,2016,1,10,2,3,4,6,0,1,0,1,0,0,0,0,3.99185E+20,5.44996E+21,7.61626E+15,4.91942E+16
51076,51077,7,1,34,45,2016,1,10,5,3,1,6,0,1,0,1,0,0,0,0,3.78225E+20,5.50818E+21,7.31079E+15,4.97138E+16
51077,51078,7,3,39,30,2016,1,7,2,3,2,6,2,1,0,1,0,0,0,0,4.29151E+20,5.53683E+21,8.01183E+15,4.99796E+16
51078,51079,7,3,31,45,2016,1,20,7,3,8,1,2,1,0,1,0,0,0,0,4.51745E+20,5.5107E+21,8.33019E+15,4.97468E+16
51079,51080,7,3,35,38,2016,1,11,2,3,2,6,0,1,0,1,0,0,0,0,3.95305E+20,5.4772E+21,7.55587E+15,4.94385E+16
51080,51081,7,3,32,2,2016,1,13,2,3,7,7,0,1,0,1,0,0,0,0,4.43505E+20,5.47948E+21,8.2203E+15,4.94654E+16
51081,51082,7,3,34,7,2016,1,21,2,3,9,1,2,1,0,1,0,0,0,0,4.52457E+20,5.45053E+21,8.34731E+15,4.92057E+16
51082,51083,7,2,11,0,2016,1,3,1,2,8,1,2,1,0,1,0,1,0,0,3.28572E+20,5.51064E+21,6.62148E+15,4.97238E+16
51083,51084,7,3,13,0,2016,1,17,2,2,6,2,2,1,0,1,1,0,0,0,4.36221E+20,5.45104E+21,8.12434E+15,4.92088E+16
51084,51085,7,3,14,0,2016,1,13,2,3,2,6,0,1,0,1,0,0,0,0,4.58214E+20,5.48045E+21,8.4232E+15,4.94753E+16
51085,51086,7,1,43,69,2016,1,18,5,3,8,1,2,2,0,1,0,0,0,0,4.08977E+20,5.59797E+21,7.71581E+15,5.05266E+16
51086,51087,7,1,34,10,2016,1,12,2,3,1,3,0,1,0,1,0,1,0,0,3.68147E+20,5.50131E+21,7.17338E+15,4.96499E+16
51087,51088,7,1,11,0,2016,1,8,2,3,0,1,0,1,0,1,0,0,0,0,3.96817E+20,5.58308E+21,7.54842E+15,5.03907E+16
51088,51089,7,1,35,57,2016,1,17,4,3,4,2,2,1,0,1,0,0,0,0,3.57433E+20,5.5543E+21,7.00551E+15,5.01238E+16
51089,51090,7,3,12,0,2016,1,12,2,3,1,6,0,1,0,1,0,0,0,1,4.11608E+20,5.47816E+21,7.78048E+15,4.94497E+16
51090,51091,7,2,35,60,2016,1,12,2,3,8,1,0,1,0,1,0,0,0,0,3.34907E+20,5.51894E+21,6.70578E+15,4.98002E+16
51091,51092,7,1,32,6,2016,1,15,2,3,1,6,0,1,0,1,0,0,0,0,4.19871E+20,5.62767E+21,7.86305E+15,5.07952E+16
51092,51093,7,1,43,263,2016,1,13,4,3,2,2,0,0,0,1,0,0,0,0,4.2265E+20,5.59301E+21,7.9097E+15,5.0484E+16
51093,51094,7,2,11,0,2016,1,18,2,3,0,6,2,1,0,1,0,0,0,0,3.30768E+20,5.51299E+21,6.6509E+15,4.97455E+16
51094,51095,7,1,43,224,2016,1,17,2,3,5,3,1,1,0,1,0,0,0,0,4.29978E+20,5.60043E+21,8.01159E+15,5.05516E+16
51095,51096,7,1,38,41,2016,1,7,2,3,6,4,2,1,0,1,1,0,0,0,3.7851E+20,5.60322E+21,7.28444E+15,5.05683E+16
51096,51097,7,1,32,37,2016,1,9,2,3,8,1,0,2,0,1,0,0,0,0,4.16937E+20,5.63649E+21,7.81942E+15,5.08741E+16
51097,51098,7,3,34,7,2016,1,17,4,2,6,2,2,1,0,1,1,0,0,0,4.54294E+20,5.4532E+21,8.37222E+15,4.92299E+16
51098,51099,7,1,31,210,2016,1,6,2,3,9,1,2,2,0,1,0,0,0,0,3.70958E+20,5.58644E+21,7.18365E+15,5.04158E+16
51099,51100,7,3,12,0,2016,1,10,3,3,6,2,0,1,0,1,1,0,0,0,4.10744E+20,5.47791E+21,7.76862E+15,4.94473E+16
51100,51101,7,2,31,503,2016,1,13,3,1,8,1,0,1,0,0,0,0,0,1,3.3751E+20,5.54122E+21,6.73255E+15,5.00011E+16
51101,51102,7,1,31,90,2016,1,21,2,3,8,1,2,1,0,1,0,0,0,0,3.70211E+20,5.60524E+21,7.1666E+15,5.05847E+16
51102,51103,7,1,37,3,2016,1,16,2,3,1,2,0,1,0,1,0,0,0,0,3.82952E+20,5.58631E+21,7.35244E+15,5.04171E+16
51103,51104,7,3,39,43,2016,1,9,3,3,4,6,0,0,0,1,0,0,0,0,4.5249E+20,5.52637E+21,8.33861E+15,4.98878E+16
51104,51105,7,1,41,23,2016,1,8,2,3,9,1,0,1,0,1,0,0,0,0,4.10058E+20,5.56771E+21,7.73831E+15,5.02547E+16
51105,51106,7,1,37,226,2016,1,9,2,3,5,2,0,1,0,1,0,0,0,0,4.01377E+20,5.58385E+21,7.61235E+15,5.03984E+16
51106,51107,7,1,11,0,2016,1,17,2,3,0,1,2,0,1,0,0,0,0,0,3.97012E+20,5.58296E+21,7.5512E+15,5.03896E+16
51107,51108,7,1,11,0,2016,1,6,6,3,5,3,2,1,1,1,0,0,0,0,3.99591E+20,5.57969E+21,7.58834E+15,5.03607E+16
51108,51109,7,1,11,0,2016,1,10,2,3,0,7,0,0,1,0,1,0,0,0,3.97617E+20,5.58065E+21,7.56033E+15,5.0369E+16
51109,51110,7,3,15,0,2016,1,17,4,3,2,2,1,0,0,1,0,0,0,0,4.47445E+20,5.53435E+21,8.26729E+15,4.99592E+16
51110,51111,7,3,40,14,2016,1,11,1,3,4,6,0,1,1,1,0,0,0,0,4.16511E+20,5.44943E+21,7.85412E+15,4.9192E+16
51111,51112,7,3,35,38,2016,1,18,1,3,5,3,2,0,0,1,0,0,0,0,3.96214E+20,5.47908E+21,7.56791E+15,4.94555E+16
51112,51113,7,3,32,47,2016,1,7,3,3,5,3,2,1,0,1,0,0,0,0,4.32423E+20,5.48639E+21,8.0662E+15,4.95264E+16
51113,51114,7,1,34,42,2016,1,9,3,2,5,3,0,1,0,1,0,0,0,0,3.67302E+20,5.49633E+21,7.16337E+15,4.96049E+16
51114,51115,7,3,12,0,2016,1,20,1,3,4,2,2,0,0,1,0,0,0,0,4.12176E+20,5.47849E+21,7.78824E+15,4.94527E+16
51115,51116,7,3,34,501,2016,1,11,1,3,5,3,0,0,0,1,0,0,0,0,4.46889E+20,5.43204E+21,8.27331E+15,4.90389E+16
51116,51117,7,1,43,215,2016,1,2,1,3,9,7,2,1,0,1,0,0,0,0,4.17491E+20,5.60434E+21,7.83449E+15,5.05852E+16
51117,51118,7,1,32,83,2016,1,19,3,3,1,5,2,1,0,1,0,0,0,0,3.95576E+20,5.60873E+21,7.5238E+15,5.06211E+16
51118,51119,7,3,39,39,2016,1,16,1,2,0,1,1,1,0,0,0,1,0,0,4.52909E+20,5.5294E+21,8.34408E+15,4.99151E+16
51119,51120,7,1,40,79,2016,1,21,6,3,9,1,2,2,0,1,0,0,0,0,3.93806E+20,5.54597E+21,7.51647E+15,5.00565E+16
51120,51121,7,2,32,283,2016,1,13,5,3,8,1,0,2,0,1,0,0,0,0,3.0783E+20,5.57323E+21,6.30269E+15,5.02799E+16
51121,51122,7,3,39,5,2016,1,11,2,3,4,6,0,1,0,1,0,0,0,0,4.21285E+20,5.53381E+21,7.90275E+15,4.99514E+16
51122,51123,7,3,39,30,2016,1,8,7,3,0,1,0,2,0,0,0,1,0,0,4.31705E+20,5.53541E+21,8.04769E+15,4.99672E+16
51123,51124,7,1,33,108,2016,1,1,1,3,9,1,2,1,0,1,0,0,0,0,4.15578E+20,5.53115E+21,7.8238E+15,4.99267E+16
51124,51125,7,1,31,7,2016,1,17,7,3,8,1,2,1,0,1,0,0,0,0,3.64271E+20,5.60027E+21,7.08456E+15,5.05386E+16
51125,51126,7,2,33,65,2016,1,6,6,2,9,1,2,1,0,1,0,0,0,0,3.38699E+20,5.55588E+21,6.74296E+15,5.01332E+16
51126,51127,7,3,40,39,2016,1,16,5,2,3,6,0,1,0,1,0,0,0,0,4.11684E+20,5.43767E+21,7.79047E+15,4.90856E+16
51127,51128,7,1,40,28,2016,1,10,7,2,9,1,0,1,0,1,0,0,0,0,3.86982E+20,5.52847E+21,7.42631E+15,4.98979E+16
51128,51129,7,3,12,0,2016,1,18,4,3,5,2,2,0,0,1,0,0,0,1,4.08552E+20,5.47619E+21,7.73878E+15,4.94315E+16
51129,51130,7,1,37,228,2016,1,16,7,3,0,1,0,1,1,0,0,0,0,0,3.89637E+20,5.58665E+21,7.4464E+15,5.04215E+16
51130,51131,7,1,11,0,2016,1,8,7,3,3,6,0,0,0,1,0,1,0,0,3.99669E+20,5.57775E+21,7.58995E+15,5.03432E+16
51131,51132,7,3,38,19,2016,1,16,6,3,0,1,0,0,0,1,0,0,0,0,4.52303E+20,5.47766E+21,8.34194E+15,4.94497E+16
51132,51133,7,2,33,29,2016,1,16,1,2,4,6,0,1,0,1,0,1,0,0,3.35208E+20,5.57324E+21,6.68661E+15,5.02882E+16
51133,51134,7,3,35,38,2016,2,7,3,3,5,3,0,1,0,1,0,0,0,0,3.9621E+20,5.47908E+21,7.56786E+15,4.94555E+16
51134,51135,7,1,34,75,2016,2,17,2,3,8,1,2,0,0,1,0,0,0,0,3.77916E+20,5.49687E+21,7.31003E+15,4.96121E+16
51135,51136,7,3,40,4,2016,1,10,2,3,1,2,0,0,0,1,0,0,0,0,4.08014E+20,5.48201E+21,7.73002E+15,4.94838E+16
51136,51137,7,3,34,13,2016,1,12,6,3,8,2,0,0,0,1,0,0,0,0,4.39542E+20,5.43986E+21,8.17162E+15,4.91086E+16
51137,51138,7,3,32,30,2016,1,15,6,3,3,6,0,0,0,1,0,0,0,0,4.40816E+20,5.48919E+21,8.18174E+15,4.95524E+16
51138,51139,7,3,14,0,2016,1,18,5,3,4,2,1,0,0,1,0,0,0,0,4.55691E+20,5.48192E+21,8.38821E+15,4.94883E+16
51139,51140,7,1,43,248,2016,1,7,2,3,5,3,0,0,0,1,0,0,0,0,4.23637E+20,5.61436E+21,7.91924E+15,5.0676E+16
51140,51141,7,1,33,6,2016,1,17,6,3,2,1,2,1,0,1,0,0,0,0,4.20547E+20,5.52308E+21,7.89467E+15,4.98549E+16
51141,51142,7,3,38,19,2016,1,7,6,3,2,2,2,1,0,1,0,0,0,1,4.54015E+20,5.47764E+21,8.36556E+15,4.94497E+16
51142,51143,7,3,14,0,2016,1,6,6,3,9,1,2,0,0,1,0,0,0,0,4.53721E+20,5.47904E+21,8.36135E+15,4.94623E+16
51143,51144,7,1,38,40,2016,1,0,1,3,9,1,2,2,0,1,0,0,0,0,3.97476E+20,5.6024E+21,7.55239E+15,5.05645E+16
51144,51145,7,3,16,0,2016,1,19,6,3,2,6,1,0,0,1,0,0,0,0,4.40207E+20,5.46395E+21,8.17713E+15,4.93254E+16
51145,51146,7,3,13,0,2016,1,0,6,3,6,6,2,0,0,1,1,0,0,0,4.36066E+20,5.45158E+21,8.12213E+15,4.92137E+16
51146,51147,7,2,11,0,2016,1,17,1,3,2,6,2,1,0,1,0,0,0,0,3.29135E+20,5.51264E+21,6.62841E+15,4.9742E+16
51147,51148,7,3,37,14,2016,1,17,6,3,5,3,2,1,0,1,0,0,0,0,4.38128E+20,5.45287E+21,8.15024E+15,4.92255E+16
51148,51149,7,2,11,0,2016,1,0,1,3,0,1,2,1,1,0,0,0,0,0,3.29531E+20,5.51359E+21,6.63348E+15,4.97506E+16
51149,51150,7,3,15,0,2016,2,15,3,3,6,4,0,0,0,1,1,0,0,0,4.46591E+20,5.53861E+21,8.25479E+15,4.99974E+16
51150,51151,7,1,32,117,2016,2,11,2,3,1,6,0,1,0,1,0,0,1,0,4.11309E+20,5.62628E+21,7.74192E+15,5.07815E+16
51151,51152,7,3,18,0,2016,1,14,2,3,2,2,0,0,0,1,0,0,0,0,4.59994E+20,5.46404E+21,8.44941E+15,4.93278E+16
51152,51153,7,3,14,0,2016,1,20,6,3,5,2,2,0,0,1,0,0,0,0,4.53577E+20,5.48225E+21,8.35898E+15,4.94911E+16
51153,51154,7,3,18,0,2016,1,16,6,3,0,7,2,1,1,0,0,0,0,0,4.58597E+20,5.46283E+21,8.43032E+15,4.93168E+16
51154,51155,7,1,11,0,2016,1,17,2,2,5,3,1,0,1,1,0,0,0,0,3.99467E+20,5.57975E+21,7.58658E+15,5.03613E+16
51155,51156,7,3,34,24,2016,1,13,4,3,3,7,0,0,1,0,0,0,0,0,4.47867E+20,5.43746E+21,8.28598E+15,4.90878E+16