FID,OBJECTID,ULAND,UREGBEZ,UKREIS,UGEMEINDE,UJAHR,UMONAT,USTUNDE,UWOCHENTAG,UKATEGORIE,UART,UTYP1,ULICHTVERH,IstStrasse,IstRad,IstPKW,IstFuss,IstKrad,IstGkfz,IstSonstig,LINREFX,LINREFY,XGCSWGS84,YGCSWGS84
51156,51157,7,3,12,0,2016,1,7,3,2,5,3,1,1,0,1,0,0,0,0,4.08964E+20,5.47204E+21,7.74542E+15,4.93942E+16
51157,51158,7,3,11,0,2016,1,17,6,3,2,6,2,0,0,1,0,0,0,0,4.5416E+20,5.48697E+21,8.36649E+15,4.95336E+16
51158,51159,7,3,14,0,2016,1,19,6,3,2,6,2,0,0,1,0,0,0,0,4.57723E+20,5.48352E+21,8.41608E+15,4.95028E+16
51159,51160,7,1,43,69,2016,1,11,1,2,3,6,0,0,0,1,0,0,1,0,4.06221E+20,5.59769E+21,7.67702E+15,5.05236E+16
51160,51161,7,3,14,0,2016,1,15,6,3,2,7,0,0,0,1,0,0,0,0,4.58039E+20,5.48309E+21,8.4205E+15,4.9499E+16
51161,51162,7,3,19,0,2016,1,19,6,2,9,1,2,0,0,1,0,0,0,0,4.51836E+20,5.5011E+21,8.33263E+15,4.96605E+16
51162,51163,7,3,32,32,2016,1,4,1,3,9,1,2,1,0,1,0,0,0,0,4.32605E+20,5.46931E+21,8.07162E+15,4.93727E+16
51163,51164,7,3,14,0,2016,1,14,6,3,2,2,0,0,0,1,0,0,0,0,4.58865E+20,5.47942E+21,8.43229E+15,4.9466E+16
51164,51165,7,1,43,286,2016,1,17,5,3,2,6,2,0,0,1,0,0,0,0,4.33758E+20,5.60599E+21,8.06395E+15,5.0602E+16
51165,51166,7,1,43,276,2016,2,16,3,3,2,6,0,1,0,1,0,0,0,1,4.17599E+20,5.614E+21,7.83387E+15,5.0672E+16
51166,51167,7,1,37,216,2016,2,17,2,3,2,6,0,0,0,1,0,0,0,0,3.93205E+20,5.58286E+21,7.49769E+15,5.03881E+16
51167,51168,7,3,39,6,2016,1,17,2,3,2,6,2,0,0,1,0,0,0,0,4.52814E+20,5.53103E+21,8.34255E+15,4.99298E+16
51168,51169,7,1,33,6,2016,1,8,6,3,0,6,0,0,0,1,0,0,0,1,4.18166E+20,5.52168E+21,7.86186E+15,4.9842E+16
51169,51170,7,2,33,501,2016,1,15,5,3,2,6,0,0,0,1,0,0,0,0,3.45604E+20,5.56254E+21,6.8368E+15,5.01949E+16
51170,51171,7,3,31,47,2016,1,0,1,2,9,1,2,0,0,1,0,0,0,0,4.45852E+20,5.50083E+21,8.24976E+15,4.96576E+16
51171,51172,7,3,39,10,2016,1,15,6,3,8,6,0,0,0,1,0,0,0,1,4.48283E+20,5.51956E+21,8.28096E+15,4.98263E+16
51172,51173,7,3,15,0,2016,1,16,4,3,6,4,0,0,0,1,1,0,0,0,4.48428E+20,5.5383E+21,8.28047E+15,4.99948E+16
51173,51174,7,3,11,0,2016,1,13,3,3,5,3,0,0,1,1,0,0,0,0,4.52106E+20,5.48892E+21,8.33786E+15,4.9551E+16
51174,51175,7,3,39,30,2016,1,14,6,3,4,2,0,0,0,1,0,0,0,0,4.30472E+20,5.53725E+21,8.03017E+15,4.99836E+16
51175,51176,7,3,39,30,2016,1,13,6,3,2,6,0,0,0,1,0,0,0,0,4.30962E+20,5.53606E+21,8.03722E+15,4.99729E+16
51176,51177,7,1,37,226,2016,2,13,3,3,2,6,0,0,0,1,0,0,0,0,4.01548E+20,5.58362E+21,7.61481E+15,5.03963E+16
51177,51178,7,3,37,501,2016,1,17,7,3,3,6,2,1,0,1,0,0,0,0,4.24731E+20,5.45055E+21,7.96671E+15,4.92031E+16
51178,51179,7,3,39,30,2016,1,10,6,3,2,6,0,0,0,1,0,0,0,0,4.30279E+20,5.5376E+21,8.02741E+15,4.99867E+16
51179,51180,7,3,33,39,2016,1,14,6,3,3,6,0,0,0,1,0,0,0,0,4.29612E+20,5.5022E+21,8.02454E+15,4.96682E+16
51180,51181,7,1,37,203,2016,1,20,6,3,5,3,2,0,0,1,0,0,0,0,3.99575E+20,5.58543E+21,7.58658E+15,5.04123E+16
51181,51182,7,3,15,0,2016,1,9,6,3,8,1,0,1,0,0,0,1,0,0,4.47954E+20,5.53932E+21,8.27371E+15,5.00039E+16
51182,51183,7,3,35,38,2016,1,22,4,3,3,6,2,0,0,1,0,0,1,0,3.91498E+20,5.47413E+21,7.50422E+15,4.94102E+16
51183,51184,7,2,35,8,2016,1,23,6,3,8,1,2,2,0,1,0,0,0,0,3.48123E+20,5.50938E+21,6.89303E+15,4.97178E+16
51184,51185,7,2,31,8,2016,1,21,6,3,9,1,2,2,0,1,0,0,0,0,3.55047E+20,5.5356E+21,6.97923E+15,4.99551E+16
51185,51186,7,1,43,48,2016,1,11,3,3,5,3,0,1,0,1,0,0,0,0,4.16947E+20,5.58879E+21,7.83028E+15,5.04452E+16
51186,51187,7,1,34,34,2016,1,22,6,2,8,7,2,2,0,1,0,0,0,0,3.66175E+20,5.50676E+21,7.14421E+15,4.96985E+16
51187,51188,7,2,35,125,2016,1,12,6,2,5,3,0,0,0,1,0,0,0,0,3.37241E+20,5.52151E+21,6.73712E+15,4.98239E+16
51188,51189,7,1,43,200,2016,1,20,6,3,4,6,2,1,0,1,0,0,0,0,4.24689E+20,5.60552E+21,7.93591E+15,5.05967E+16
51189,51190,7,1,32,64,2016,1,7,4,3,2,6,0,0,1,1,0,0,0,0,3.97504E+20,5.61619E+21,7.54897E+15,5.06885E+16
51190,51191,7,3,39,30,2016,1,15,3,3,5,3,0,0,0,1,0,0,0,0,4.31098E+20,5.53741E+21,8.03887E+15,4.9985E+16
51191,51192,7,1,43,304,2016,1,12,6,3,5,3,0,1,0,1,0,0,0,0,4.25965E+20,5.59238E+21,7.95655E+15,5.04787E+16
51192,51193,7,1,43,286,2016,1,8,6,3,2,2,0,1,0,1,0,0,0,0,4.33988E+20,5.60931E+21,8.06661E+15,5.06319E+16
51193,51194,7,3,34,36,2016,2,18,2,3,2,6,1,0,0,1,0,0,0,0,4.44457E+20,5.4551E+21,8.23685E+15,4.92461E+16
51194,51195,7,1,38,12,2016,1,15,7,3,9,1,0,1,0,0,0,1,0,0,4.0699E+20,5.59927E+21,7.68747E+15,5.0538E+16
51195,51196,7,1,41,53,2016,1,18,6,2,6,1,2,1,0,1,1,0,0,0,4.27885E+20,5.5809E+21,7.98582E+15,5.03758E+16
51196,51197,7,1,43,286,2016,1,19,6,2,9,1,2,0,0,1,0,0,0,0,4.35026E+20,5.6056E+21,8.08193E+15,5.05987E+16
51197,51198,7,3,12,0,2016,1,7,5,2,6,2,2,1,0,1,1,0,0,0,4.09839E+20,5.47638E+21,7.75649E+15,4.94334E+16
51198,51199,7,3,15,0,2016,1,7,2,3,2,6,2,1,0,1,0,0,0,0,4.4179E+20,5.53584E+21,8.18824E+15,4.99721E+16
51199,51200,7,1,43,62,2016,1,7,6,3,5,3,1,1,0,1,0,0,1,0,4.10626E+20,5.59183E+21,7.74054E+15,5.04717E+16
51200,51201,7,1,38,73,2016,1,16,6,2,2,2,0,0,0,1,0,0,0,1,3.74187E+20,5.60709E+21,7.22212E+15,5.06021E+16
51201,51202,7,1,37,226,2016,1,13,6,3,5,3,0,0,0,1,0,0,0,0,4.01452E+20,5.58376E+21,7.61343E+15,5.03976E+16
51202,51203,7,3,12,0,2016,1,13,5,3,3,6,0,0,0,1,0,0,0,1,4.06661E+20,5.477E+21,7.71252E+15,4.94385E+16
51203,51204,7,1,38,5,2016,1,17,1,2,4,6,2,1,0,1,0,0,0,0,3.92655E+20,5.59756E+21,7.48573E+15,5.05202E+16
51204,51205,7,3,38,23,2016,2,7,3,3,6,4,1,0,0,1,0,0,0,1,4.57124E+20,5.46083E+21,8.41027E+15,4.92987E+16
51205,51206,7,1,43,286,2016,2,17,2,3,6,4,1,1,0,1,1,0,0,0,4.33919E+20,5.6065E+21,8.06613E+15,5.06066E+16
51206,51207,7,3,32,24,2016,1,11,2,3,2,6,0,0,0,1,0,0,0,0,4.40018E+20,5.4899E+21,8.1706E+15,4.95588E+16
51207,51208,7,3,38,25,2016,1,19,6,3,5,3,2,0,0,1,0,0,0,0,4.52022E+20,5.47093E+21,8.33887E+15,4.93892E+16
51208,51209,7,3,12,0,2016,1,8,5,3,1,6,0,0,0,1,0,0,0,0,4.12645E+20,5.47775E+21,7.79487E+15,4.94461E+16
51209,51210,7,3,39,5,2016,1,7,5,3,8,1,2,1,0,1,0,0,0,0,4.22567E+20,5.53296E+21,7.92078E+15,4.9944E+16
51210,51211,7,1,43,31,2016,1,13,2,2,8,1,0,1,0,1,0,0,0,0,4.06822E+20,5.58416E+21,7.68886E+15,5.04021E+16
51211,51212,7,3,33,26,2016,1,23,6,2,8,1,2,1,0,1,0,0,0,0,4.2954E+20,5.49411E+21,8.02499E+15,4.95954E+16
51212,51213,7,3,35,4,2016,1,1,7,3,8,1,2,1,0,0,0,0,0,1,4.17506E+20,5.4794E+21,7.86157E+15,4.94617E+16
51213,51214,7,3,17,0,2016,2,11,3,3,5,3,0,1,0,1,0,0,0,0,3.97841E+20,5.44967E+21,7.59789E+15,4.91913E+16
51214,51215,7,3,39,30,2016,2,12,2,2,5,3,0,0,0,1,0,0,0,1,4.30764E+20,5.53603E+21,8.03446E+15,4.99726E+16
51215,51216,7,3,40,52,2016,1,15,2,3,1,1,0,0,0,1,0,0,0,0,3.94232E+20,5.44427E+21,7.54979E+15,4.91421E+16
51216,51217,7,1,38,71,2016,1,15,7,3,9,1,1,1,0,1,0,0,0,0,3.9579E+20,5.6023E+21,7.52862E+15,5.05634E+16
51217,51218,7,3,38,19,2016,1,7,5,3,2,7,2,0,0,1,0,0,0,0,4.54015E+20,5.47764E+21,8.36556E+15,4.94497E+16
51218,51219,7,1,43,29,2016,1,6,6,3,5,3,2,2,0,1,0,0,0,0,4.09709E+20,5.60345E+21,7.72482E+15,5.0576E+16
51219,51220,7,3,34,30,2016,1,16,5,2,5,3,1,0,0,1,0,0,1,0,4.38328E+20,5.44065E+21,8.15486E+15,4.91156E+16
51220,51221,7,2,31,115,2016,1,19,2,3,4,6,2,0,0,1,0,0,0,0,3.51486E+20,5.51505E+21,6.9375E+15,4.97695E+16
51221,51222,7,3,19,0,2016,1,15,6,3,2,2,1,1,0,1,0,0,1,0,4.53868E+20,5.49985E+21,8.36093E+15,4.96494E+16
51222,51223,7,3,16,0,2016,1,19,5,3,4,2,2,1,0,1,0,0,0,0,4.38033E+20,5.46663E+21,8.1468E+15,4.93492E+16
51223,51224,7,3,37,44,2016,1,18,5,3,2,6,2,0,0,1,0,0,0,0,4.38008E+20,5.44932E+21,8.14914E+15,4.91935E+16
51224,51225,7,3,13,0,2016,1,6,5,3,2,2,2,2,0,1,0,0,0,0,4.33063E+20,5.4507E+21,8.08106E+15,4.92054E+16
51225,51226,7,1,43,64,2016,1,1,1,3,9,1,2,1,0,1,0,0,0,0,4.10811E+20,5.60125E+21,7.7409E+15,5.05564E+16
51226,51227,7,3,18,0,2016,1,15,5,2,6,4,0,1,0,1,1,0,0,0,4.5827E+20,5.46283E+21,8.42581E+15,4.93168E+16
51227,51228,7,3,38,2,2016,1,22,7,1,4,6,2,1,0,1,0,0,0,0,4.51311E+20,5.48917E+21,8.32684E+15,4.95531E+16
51228,51229,7,2,32,18,2016,2,9,3,2,5,2,0,1,1,1,0,0,0,0,3.23118E+20,5.54087E+21,6.53208E+15,4.99939E+16
51229,51230,7,1,38,45,2016,2,18,2,3,5,3,2,0,0,1,0,0,0,0,3.89911E+20,5.58857E+21,7.44969E+15,5.04388E+16
51230,51231,7,3,38,25,2016,1,0,2,3,5,3,2,1,0,1,0,0,0,0,4.55355E+20,5.46991E+21,8.38492E+15,4.93803E+16
51231,51232,7,3,18,0,2016,1,12,5,3,5,3,0,0,1,1,0,0,0,0,4.59877E+20,5.46388E+21,8.44782E+15,4.93263E+16
51232,51233,7,3,15,0,2016,1,15,5,3,2,6,0,0,0,1,0,0,0,0,4.4846E+20,5.53594E+21,8.28123E+15,4.99736E+16
51233,51234,7,3,15,0,2016,1,11,1,3,5,3,0,1,1,1,0,0,0,0,4.47242E+20,5.5372E+21,8.26408E+15,4.99848E+16
51234,51235,7,3,14,0,2016,1,7,5,3,2,6,2,1,0,1,0,0,0,0,4.58804E+20,5.48104E+21,8.43128E+15,4.94806E+16
51235,51236,7,3,17,0,2016,1,18,1,3,5,3,2,1,0,1,0,0,0,0,3.98322E+20,5.45045E+21,7.6043E+15,4.91984E+16
51236,51237,7,3,16,0,2016,1,21,4,3,2,6,2,0,0,1,0,0,0,0,4.39333E+20,5.46292E+21,8.16527E+15,4.9316E+16
51237,51238,7,3,16,0,2016,1,13,3,3,8,1,0,0,0,1,0,0,0,0,4.41983E+20,5.46471E+21,8.20146E+15,4.93323E+16
51238,51239,7,1,33,86,2016,1,7,5,2,2,6,1,1,0,1,0,0,0,0,4.14733E+20,5.52283E+21,7.81387E+15,4.98518E+16
51239,51240,7,3,19,0,2016,1,11,5,2,5,3,0,0,0,1,0,0,0,0,4.51773E+20,5.49985E+21,8.33192E+15,4.96492E+16
51240,51241,7,3,35,34,2016,1,17,4,3,1,2,2,0,0,1,0,0,0,0,4.10132E+20,5.48274E+21,7.75908E+15,4.94907E+16
51241,51242,7,2,31,8,2016,1,12,5,3,3,2,0,0,1,1,0,0,0,0,3.60845E+20,5.5323E+21,7.06119E+15,4.99268E+16
51242,51243,7,2,31,8,2016,1,12,5,3,6,4,0,0,0,0,1,0,0,1,3.61285E+20,5.5314E+21,7.06764E+15,4.99189E+16
51243,51244,7,1,31,70,2016,1,15,1,3,8,1,0,0,0,1,0,0,0,0,3.73356E+20,5.60835E+21,7.20995E+15,5.06133E+16
51244,51245,7,2,11,0,2016,1,11,5,3,1,5,0,0,0,1,0,0,0,0,3.28995E+20,5.51449E+21,6.62566E+15,4.97585E+16
51245,51246,7,1,33,46,2016,1,11,6,3,2,6,0,0,0,1,0,0,0,0,3.92233E+20,5.51708E+21,7.50257E+15,4.97965E+16
51246,51247,7,1,38,12,2016,2,12,3,3,8,1,0,1,0,1,0,0,0,0,4.02226E+20,5.59961E+21,7.62016E+15,5.05403E+16
51247,51248,7,1,43,59,2016,2,18,2,2,2,6,2,0,0,1,0,0,0,1,4.0925E+20,5.59556E+21,7.72026E+15,5.05049E+16
51248,51249,7,1,43,304,2016,1,7,5,3,5,3,2,2,0,1,0,0,0,0,4.25564E+20,5.5932E+21,7.95074E+15,5.04861E+16
51249,51250,7,2,32,7,2016,1,13,5,3,2,2,0,0,0,1,0,0,0,0,3.27902E+20,5.54152E+21,6.59846E+15,5.00012E+16
51250,51251,7,1,43,307,2016,1,7,5,3,4,6,1,1,0,1,0,0,0,0,4.26173E+20,5.59752E+21,7.95847E+15,5.0525E+16
51251,51252,7,1,43,236,2016,1,5,4,1,4,6,2,1,0,1,0,0,0,0,4.11705E+20,5.6188E+21,7.74934E+15,5.07143E+16
51252,51253,7,3,31,30,2016,1,17,3,2,6,4,1,0,0,1,1,0,0,0,4.22407E+20,5.52739E+21,7.91968E+15,4.98939E+16
51253,51254,7,1,38,71,2016,1,15,5,3,2,6,0,1,0,1,0,0,0,0,3.9468E+20,5.59963E+21,7.51371E+15,5.05391E+16
51254,51255,7,1,38,12,2016,1,14,5,3,2,6,0,0,0,1,0,0,0,0,4.01542E+20,5.59949E+21,7.61055E+15,5.05391E+16
51255,51256,7,1,11,0,2016,2,17,3,2,6,2,0,1,0,1,1,0,0,0,3.98261E+20,5.57918E+21,7.56977E+15,5.03559E+16
51256,51257,7,2,33,25,2016,1,21,7,3,8,1,2,2,0,1,0,0,0,0,3.5058E+20,5.56744E+21,6.90454E+15,5.02402E+16
51257,51258,7,1,38,8,2016,1,21,5,3,4,6,2,1,0,1,0,0,0,0,3.78172E+20,5.60735E+21,7.27832E+15,5.06054E+16
51258,51259,7,2,33,501,2016,1,18,6,3,8,1,1,1,0,1,0,0,0,0,3.44048E+20,5.55925E+21,6.81636E+15,5.01649E+16
51259,51260,7,1,35,52,2016,1,13,6,3,9,1,0,0,0,1,0,0,0,0,3.62753E+20,5.5669E+21,7.07534E+15,5.02383E+16
51260,51261,7,1,40,67,2016,2,19,3,3,5,3,2,1,0,1,0,0,0,0,3.85351E+20,5.53461E+21,7.40178E+15,4.99529E+16
51261,51262,7,3,35,41,2016,1,17,7,3,1,5,2,1,0,1,0,0,0,1,4.06904E+20,5.48881E+21,7.71309E+15,4.95448E+16
51262,51263,7,1,38,41,2016,1,10,5,3,5,3,0,1,0,1,0,0,0,0,3.78195E+20,5.60255E+21,7.28023E+15,5.05621E+16
51263,51264,7,3,15,0,2016,1,8,6,3,2,6,0,0,0,1,0,0,0,0,4.47697E+20,5.5398E+21,8.27007E+15,5.00082E+16
51264,51265,7,3,19,0,2016,1,21,1,3,5,2,2,1,1,1,0,0,0,0,4.52792E+20,5.49632E+21,8.34646E+15,4.96176E+16
51265,51266,7,1,38,45,2016,1,12,5,2,2,1,0,1,0,1,0,0,0,0,3.93228E+20,5.59366E+21,7.49493E+15,5.04851E+16
51266,51267,7,1,40,145,2016,1,21,5,3,8,1,2,0,0,1,0,0,0,0,3.79266E+20,5.53305E+21,7.31748E+15,4.99376E+16
51267,51268,7,1,11,0,2016,1,13,5,3,6,7,0,0,0,0,1,0,0,1,4.01156E+20,5.57935E+21,7.61042E+15,5.03579E+16
51268,51269,7,3,35,3,2016,1,7,3,3,5,3,1,1,0,1,0,0,1,0,3.86665E+20,5.47219E+21,7.43817E+15,4.93918E+16
51269,51270,7,3,15,0,2016,1,11,3,3,2,6,0,1,0,1,0,0,0,0,4.5052E+20,5.53355E+21,8.31027E+15,4.99522E+16
51270,51271,7,3,40,14,2016,1,15,4,3,5,3,0,0,0,1,0,0,1,0,4.15277E+20,5.45028E+21,7.83701E+15,4.91995E+16
51271,51272,7,3,33,9,2016,1,12,4,2,8,1,0,0,0,1,0,0,0,0,4.21192E+20,5.4919E+21,7.90993E+15,4.95746E+16
51272,51273,7,3,34,25,2016,1,5,7,2,2,6,2,1,0,1,0,0,0,0,4.49108E+20,5.44577E+21,8.30192E+15,4.91626E+16
51273,51274,7,1,38,44,2016,2,4,4,3,9,1,2,1,0,1,0,0,0,0,3.88854E+20,5.60714E+21,7.42927E+15,5.06056E+16
51274,51275,7,3,37,79,2016,2,6,2,3,8,1,2,1,0,1,0,0,0,1,4.17849E+20,5.44344E+21,7.87371E+15,4.91383E+16
51275,51276,7,1,40,116,2016,1,6,3,3,7,7,2,0,0,1,0,0,0,0,4.07615E+20,5.54793E+21,7.70885E+15,5.00765E+16
51276,51277,7,1,31,90,2016,1,18,7,3,1,2,2,1,0,1,0,0,0,0,3.6093E+20,5.60525E+21,7.03559E+15,5.05826E+16
51277,51278,7,3,36,87,2016,1,15,4,3,6,4,0,0,0,1,1,0,0,0,3.98346E+20,5.48927E+21,7.5947E+15,4.95475E+16
51278,51279,7,1,43,81,2016,1,17,6,3,6,4,2,1,0,1,1,0,0,0,4.14607E+20,5.59153E+21,7.7967E+15,5.04695E+16
51279,51280,7,3,18,0,2016,1,13,5,2,8,1,0,0,0,1,0,0,0,0,4.58118E+20,5.46691E+21,8.4233E+15,4.93535E+16
51280,51281,7,3,15,0,2016,1,6,2,3,2,6,2,1,0,1,0,0,0,0,4.50768E+20,5.5354E+21,8.31348E+15,4.9969E+16
51281,51282,7,3,31,23,2016,1,12,6,3,8,1,0,1,0,1,0,0,0,0,4.43467E+20,5.50045E+21,8.21677E+15,4.96539E+16
51282,51283,7,3,36,87,2016,1,7,4,3,1,5,2,1,0,1,0,0,0,0,3.98269E+20,5.48923E+21,7.59365E+15,4.95471E+16
51283,51284,7,3,12,0,2016,1,16,4,3,1,6,0,0,0,1,0,0,0,0,4.11013E+20,5.4767E+21,7.7726E+15,4.94364E+16
51284,51285,7,3,14,0,2016,1,7,4,3,1,6,2,0,0,1,0,0,0,0,4.53101E+20,5.48122E+21,8.35253E+15,4.94818E+16
51285,51286,7,3,34,13,2016,1,13,4,3,8,7,0,0,0,0,0,0,0,1,4.40126E+20,5.43967E+21,8.17964E+15,4.91069E+16
51286,51287,7,3,35,22,2016,1,7,4,3,5,2,1,0,0,1,0,1,0,0,3.95416E+20,5.47451E+21,7.55811E+15,4.94143E+16
51287,51288,7,3,13,0,2016,1,17,4,3,1,6,0,0,0,1,0,0,0,0,4.37212E+20,5.45102E+21,8.13795E+15,4.92088E+16
51288,51289,7,3,38,3,2016,1,17,4,3,2,2,2,0,0,1,0,0,0,0,4.47001E+20,5.4811E+21,8.26835E+15,4.94802E+16
51289,51290,7,1,32,95,2016,1,5,3,3,7,7,2,1,0,1,0,0,0,0,4.19058E+20,5.61802E+21,7.85363E+15,5.07083E+16
51290,51291,7,1,33,117,2016,1,9,4,3,2,6,0,0,0,1,0,0,0,0,4.1556E+20,5.52255E+21,7.82543E+15,4.98494E+16
51291,51292,7,3,39,30,2016,1,18,4,3,1,6,2,1,0,1,0,0,0,0,4.30263E+20,5.53713E+21,8.02727E+15,4.99824E+16
51292,51293,7,3,13,0,2016,1,18,7,3,2,6,2,1,0,1,0,0,0,0,4.37698E+20,5.45032E+21,8.14473E+15,4.92025E+16
51293,51294,7,3,36,87,2016,2,8,3,2,4,1,0,1,0,1,0,0,1,0,4.00089E+20,5.49062E+21,7.61845E+15,4.95599E+16
51294,51295,7,2,31,134,2016,2,7,2,3,2,6,1,0,0,1,0,0,0,0,3.51147E+20,5.53704E+21,6.92434E+15,4.99671E+16
51295,51296,7,3,12,0,2016,1,13,2,3,2,6,0,0,0,1,0,0,0,0,4.08963E+20,5.4733E+21,7.74511E+15,4.94056E+16
51296,51297,7,3,32,7,2016,1,22,6,3,5,1,2,0,0,1,0,0,0,0,4.29878E+20,5.48303E+21,8.03164E+15,4.94959E+16
51297,51298,7,3,39,27,2016,1,8,4,3,5,3,0,0,0,1,0,0,0,0,4.37452E+20,5.53878E+21,8.12727E+15,4.99981E+16
51298,51299,7,3,34,17,2016,1,21,5,2,8,1,2,0,0,0,0,0,1,0,4.51472E+20,5.45451E+21,8.3333E+15,4.92414E+16
51299,51300,7,1,43,308,2016,1,17,2,3,1,6,1,1,0,1,0,0,0,0,4.26569E+20,5.60084E+21,7.9634E+15,5.05549E+16
51300,51301,7,3,15,0,2016,1,8,6,3,0,3,1,1,1,1,0,0,0,0,4.46268E+20,5.53959E+21,8.25015E+15,5.00062E+16
51301,51302,7,3,15,0,2016,1,15,4,3,2,6,0,0,0,1,0,0,0,0,4.41296E+20,5.53726E+21,8.18114E+15,4.99848E+16
51302,51303,7,1,35,92,2016,1,10,4,3,8,1,0,1,0,1,0,0,0,0,3.69379E+20,5.54298E+21,7.1764E+15,5.00248E+16
51303,51304,7,1,38,34,2016,1,11,1,3,4,1,0,0,0,1,0,0,0,0,4.00904E+20,5.59554E+21,7.6026E+15,5.05034E+16
51304,51305,7,2,33,501,2016,1,10,4,3,8,1,0,0,0,1,0,0,0,0,3.43758E+20,5.56269E+21,6.8109E+15,5.01957E+16
51305,51306,7,2,31,502,2016,2,14,3,3,5,3,0,1,0,1,0,0,0,0,3.63343E+20,5.51984E+21,7.10037E+15,4.98154E+16
51306,51307,7,1,37,68,2016,2,14,2,2,2,6,0,0,0,1,0,0,0,1,3.74829E+20,5.57269E+21,7.24268E+15,5.0293E+16
51307,51308,7,1,33,117,2016,1,11,2,3,2,2,0,0,0,1,0,0,0,0,4.1622E+20,5.52246E+21,7.83463E+15,4.98487E+16
51308,51309,7,2,11,0,2016,1,13,4,3,2,6,0,0,0,1,0,0,0,0,3.31422E+20,5.51494E+21,6.65913E+15,4.97633E+16
51309,51310,7,2,32,223,2016,1,19,1,2,5,3,2,1,0,1,0,0,0,0,3.20707E+20,5.56591E+21,6.48672E+15,5.02182E+16
51310,51311,7,2,11,0,2016,1,11,4,3,5,3,0,0,1,1,0,0,0,0,3.30703E+20,5.51569E+21,6.64883E+15,4.97698E+16
51311,51312,7,3,13,0,2016,1,13,7,3,8,1,0,0,0,0,0,0,1,0,4.3897E+20,5.45292E+21,8.16179E+15,4.9226E+16
51312,51313,7,3,39,42,2016,2,7,3,2,4,2,0,0,0,1,0,1,0,0,4.41635E+20,5.52735E+21,8.18736E+15,4.98957E+16
51313,51314,7,1,38,6,2016,2,23,2,3,9,1,2,0,0,1,0,0,0,0,3.88571E+20,5.60232E+21,7.42672E+15,5.05621E+16
51314,51315,7,3,16,0,2016,1,14,2,3,3,7,0,0,0,1,0,0,0,0,4.40052E+20,5.46375E+21,8.17503E+15,4.93236E+16
51315,51316,7,3,11,0,2016,1,8,6,3,5,3,0,0,1,1,0,0,0,0,4.53489E+20,5.48896E+21,8.35697E+15,4.95515E+16
51316,51317,7,1,32,6,2016,1,12,4,3,2,1,0,0,0,1,0,0,0,0,4.20316E+20,5.62723E+21,7.86946E+15,5.07913E+16
51317,51318,7,1,11,0,2016,1,16,2,3,2,6,1,0,0,1,0,0,0,0,3.99188E+20,5.58169E+21,7.58213E+15,5.03786E+16
51318,51319,7,3,11,0,2016,1,19,4,3,3,6,2,0,0,1,0,0,1,0,4.50145E+20,5.48327E+21,8.31146E+15,4.95E+16
51319,51320,7,1,35,5,2016,1,7,4,3,5,3,2,1,0,1,0,0,0,0,3.57799E+20,5.5619E+21,7.00779E+15,5.01922E+16
51320,51321,7,1,11,0,2016,1,8,4,3,2,6,1,0,0,1,0,0,0,0,3.98355E+20,5.58075E+21,7.57068E+15,5.037E+16
51321,51322,7,1,43,59,2016,1,22,1,3,8,1,2,1,0,1,0,0,0,0,4.09537E+20,5.59552E+21,7.7243E+15,5.05047E+16
51322,51323,7,1,11,0,2016,1,13,4,3,1,2,0,0,0,1,0,0,0,0,3.98062E+20,5.57911E+21,7.567E+15,5.03553E+16
51323,51324,7,1,33,6,2016,1,8,6,3,2,6,0,0,0,1,0,0,0,0,4.20656E+20,5.52285E+21,7.89623E+15,4.98529E+16
51324,51325,7,3,38,12,2016,1,16,1,2,9,1,0,1,0,1,0,0,0,0,4.50107E+20,5.48918E+21,8.31019E+15,4.95532E+16
51325,51326,7,1,11,0,2016,1,7,4,3,2,6,1,0,0,1,0,0,0,0,4.00539E+20,5.57892E+21,7.60187E+15,5.03539E+16
51326,51327,7,2,35,94,2016,1,7,5,3,3,6,0,1,0,1,0,0,1,0,3.25355E+20,5.52131E+21,6.5721E+15,4.98188E+16
51327,51328,7,3,39,27,2016,1,10,3,2,9,1,0,1,0,1,0,0,0,0,4.14038E+20,5.4795E+21,7.8137E+15,4.9462E+16
51328,51329,7,1,38,62,2016,1,7,4,3,2,6,0,0,0,1,0,0,0,0,3.74008E+20,5.60916E+21,7.21889E+15,5.06207E+16
51329,51330,7,3,31,55,2016,1,10,3,3,2,6,0,0,0,1,0,0,0,0,4.53062E+20,5.50612E+21,8.34902E+15,4.97058E+16
51330,51331,7,3,35,3,2016,1,5,3,3,2,6,2,2,0,1,0,0,0,0,3.86665E+20,5.47219E+21,7.43817E+15,4.93918E+16
51331,51332,7,1,35,1,2016,1,14,5,3,5,3,0,0,0,1,0,0,0,1,3.64422E+20,5.54681E+21,7.10588E+15,5.00581E+16
51332,51333,7,3,36,98,2016,1,9,3,3,4,1,0,0,0,1,0,0,0,0,3.87456E+20,5.48626E+21,7.44508E+15,4.95185E+16
51333,51334,7,3,31,3,2016,1,7,4,3,6,4,0,0,0,1,1,0,0,0,4.35841E+20,5.51038E+21,8.1095E+15,4.97425E+16
51334,51335,7,3,34,25,2016,1,19,3,2,6,4,2,0,0,1,1,0,0,0,4.47482E+20,5.44522E+21,8.2797E+15,4.91576E+16
51335,51336,7,3,18,0,2016,1,21,3,3,3,1,2,2,0,1,0,0,0,0,4.58122E+20,5.46791E+21,8.42325E+15,4.93625E+16
51336,51337,7,3,38,20,2016,1,20,3,3,9,6,2,1,0,1,0,0,0,0,4.57311E+20,5.47233E+21,8.41161E+15,4.94021E+16
51337,51338,7,1,37,216,2016,2,12,3,3,2,6,0,0,0,1,0,0,0,0,3.9479E+20,5.5839E+21,7.51968E+15,5.03977E+16