FID,OBJECTID,ULAND,UREGBEZ,UKREIS,UGEMEINDE,UJAHR,UMONAT,USTUNDE,UWOCHENTAG,UKATEGORIE,UART,UTYP1,ULICHTVERH,IstStrasse,IstRad,IstPKW,IstFuss,IstKrad,IstGkfz,IstSonstig,LINREFX,LINREFY,XGCSWGS84,YGCSWGS84
51338,51339,7,3,34,14,2016,1,17,7,2,6,4,2,1,0,1,1,0,0,0,4.45774E+20,5.44907E+21,8.25575E+15,4.91921E+16
51339,51340,7,3,32,24,2016,1,7,3,3,1,6,0,0,0,1,0,0,0,0,4.39503E+20,5.49209E+21,8.16315E+15,4.95783E+16
51340,51341,7,1,33,26,2016,1,15,6,3,2,6,0,0,0,1,0,1,0,0,4.18384E+20,5.53113E+21,7.86289E+15,4.9927E+16
51341,51342,7,1,40,67,2016,1,18,6,3,2,6,2,1,0,1,0,0,0,0,3.85596E+20,5.53479E+21,7.40515E+15,4.99545E+16
51342,51343,7,3,15,0,2016,1,20,1,3,5,2,2,1,0,1,0,0,0,0,4.45266E+20,5.54153E+21,8.2359E+15,5.00236E+16
51343,51344,7,3,13,0,2016,1,17,3,2,6,2,2,0,0,1,1,0,0,0,4.35485E+20,5.44932E+21,8.11452E+15,4.91933E+16
51344,51345,7,3,40,50,2016,1,23,4,3,9,1,2,0,0,1,0,0,0,0,4.02245E+20,5.46318E+21,7.65502E+15,4.93135E+16
51345,51346,7,3,11,0,2016,1,18,3,2,4,2,2,0,0,1,0,0,0,0,4.52677E+20,5.48816E+21,8.34584E+15,4.95442E+16
51346,51347,7,3,14,0,2016,1,17,3,3,5,3,1,0,1,1,0,0,0,0,4.58826E+20,5.47841E+21,8.43186E+15,4.94569E+16
51347,51348,7,3,12,0,2016,1,10,3,3,2,6,0,0,0,1,0,0,0,0,4.09588E+20,5.4761E+21,7.75309E+15,4.94308E+16
51348,51349,7,1,43,308,2016,1,11,3,3,2,6,0,0,0,1,0,0,0,0,4.25997E+20,5.60061E+21,7.95536E+15,5.05528E+16
51349,51350,7,3,39,38,2016,1,16,3,3,6,4,0,0,0,1,1,0,0,0,4.20788E+20,5.53297E+21,7.89599E+15,4.99438E+16
51350,51351,7,3,31,48,2016,1,18,3,3,5,2,2,0,0,1,0,0,0,0,4.43178E+20,5.49835E+21,8.21307E+15,4.96351E+16
51351,51352,7,3,18,0,2016,1,13,7,3,2,6,0,0,0,1,0,0,0,0,4.57585E+20,5.46469E+21,8.41619E+15,4.93335E+16
51352,51353,7,3,17,0,2016,2,13,3,3,8,1,0,1,0,1,0,0,0,0,3.98537E+20,5.45193E+21,7.60686E+15,4.92117E+16
51353,51354,7,3,19,0,2016,2,15,2,3,2,6,0,0,0,1,0,0,0,0,4.53702E+20,5.5005E+21,8.35856E+15,4.96553E+16
51354,51355,7,3,17,0,2016,1,19,2,3,8,1,2,0,0,0,0,1,0,0,3.97375E+20,5.4535E+21,7.59051E+15,4.92257E+16
51355,51356,7,1,11,0,2016,1,12,7,3,2,6,0,1,0,1,0,0,0,0,3.99978E+20,5.58135E+21,7.59333E+15,5.03757E+16
51356,51357,7,3,19,0,2016,1,17,3,3,2,6,2,0,0,1,0,0,0,0,4.54231E+20,5.4993E+21,8.36602E+15,4.96446E+16
51357,51358,7,1,43,60,2016,1,6,6,3,9,1,2,2,0,1,0,0,0,0,4.1769E+20,5.59491E+21,7.83939E+15,5.05003E+16
51358,51359,7,3,15,0,2016,1,7,3,3,6,2,2,1,0,1,1,0,0,0,4.44173E+20,5.54126E+21,8.22069E+15,5.0021E+16
51359,51360,7,3,35,43,2016,2,15,2,3,2,6,0,0,0,1,0,0,0,1,3.97878E+20,5.48253E+21,7.58997E+15,4.94868E+16
51360,51361,7,1,43,237,2016,1,23,7,3,8,1,2,2,0,1,0,0,0,0,4.30645E+20,5.60701E+21,8.01977E+15,5.06108E+16
51361,51362,7,2,35,115,2016,1,17,3,3,2,6,2,0,0,1,0,0,1,0,3.41045E+20,5.51677E+21,6.79189E+15,4.97823E+16
51362,51363,7,2,31,134,2016,1,7,6,3,5,3,2,0,0,1,0,0,0,0,3.49293E+20,5.53883E+21,6.89779E+15,4.99827E+16
51363,51364,7,3,17,0,2016,1,7,5,2,6,4,2,1,0,1,1,0,0,0,3.98328E+20,5.44994E+21,7.6045E+15,4.91939E+16
51364,51365,7,3,39,28,2016,1,15,2,3,6,4,0,0,0,1,1,0,0,0,4.46288E+20,5.51331E+21,8.25409E+15,4.97699E+16
51365,51366,7,2,31,134,2016,1,17,3,3,2,6,2,1,0,1,0,0,0,0,3.49386E+20,5.53879E+21,6.8991E+15,4.99824E+16
51366,51367,7,1,34,10,2016,1,17,3,2,6,4,1,0,0,1,1,0,0,0,3.67622E+20,5.50096E+21,7.16622E+15,4.96467E+16
51367,51368,7,1,34,42,2016,1,12,3,2,5,3,0,0,0,1,0,1,0,0,3.69597E+20,5.49747E+21,7.19473E+15,4.96157E+16
51368,51369,7,2,11,0,2016,1,16,3,3,6,6,0,0,1,0,1,0,0,0,3.30506E+20,5.51394E+21,6.64685E+15,4.9754E+16
51369,51370,7,1,33,6,2016,1,23,7,3,5,3,2,0,0,1,0,0,0,0,4.18203E+20,5.52192E+21,7.86232E+15,4.98441E+16
51370,51371,7,3,35,205,2016,2,12,3,3,4,2,0,1,0,1,0,0,0,0,4.16718E+20,5.48472E+21,7.84958E+15,4.95094E+16
51371,51372,7,1,34,45,2016,2,17,2,2,9,1,2,0,0,1,0,0,0,0,3.85336E+20,5.51049E+21,7.40871E+15,4.9736E+16
51372,51373,7,3,14,0,2016,1,18,2,3,3,6,2,1,0,1,0,0,0,0,4.50235E+20,5.48075E+21,8.31302E+15,4.94774E+16
51373,51374,7,3,18,0,2016,1,2,6,3,0,7,2,1,1,0,0,0,0,0,4.58547E+20,5.46521E+21,8.42939E+15,4.93382E+16
51374,51375,7,1,43,286,2016,1,10,3,3,2,6,0,1,0,1,0,0,1,0,4.34412E+20,5.60871E+21,8.07271E+15,5.06266E+16
51375,51376,7,3,33,39,2016,1,12,5,3,5,3,0,0,0,1,0,0,0,0,4.25611E+20,5.52373E+21,7.96498E+15,4.98614E+16
51376,51377,7,1,41,89,2016,1,8,2,3,4,6,0,0,0,1,0,0,0,0,4.30755E+20,5.56944E+21,8.02827E+15,5.0273E+16
51377,51378,7,3,15,0,2016,1,14,6,3,6,4,0,1,0,0,1,0,0,1,4.5116E+20,5.53477E+21,8.31903E+15,4.99633E+16
51378,51379,7,1,41,29,2016,1,10,3,3,5,3,0,1,0,1,0,0,0,0,4.29819E+20,5.58023E+21,8.01313E+15,5.037E+16
51379,51380,7,1,41,113,2016,1,7,3,2,9,1,2,2,0,1,0,0,0,0,4.29746E+20,5.56416E+21,8.0151E+15,5.02254E+16
51380,51381,7,3,34,501,2016,1,17,5,3,1,6,2,1,0,1,0,1,0,0,4.4644E+20,5.43365E+21,8.26695E+15,4.90534E+16
51381,51382,7,2,31,46,2016,1,12,2,2,4,6,0,0,0,1,0,0,0,0,3.40206E+20,5.54173E+21,6.76993E+15,5.00064E+16
51382,51383,7,2,32,113,2016,1,9,6,3,8,6,1,2,0,1,0,0,1,0,3.28377E+20,5.54962E+21,6.60147E+15,5.0074E+16
51383,51384,7,1,43,48,2016,1,9,3,3,2,6,0,1,0,1,0,0,0,0,4.17613E+20,5.58859E+21,7.83969E+15,5.04435E+16
51384,51385,7,1,38,62,2016,1,20,3,2,8,1,2,0,0,1,0,0,0,0,3.74037E+20,5.60887E+21,7.21939E+15,5.06181E+16
51385,51386,7,1,38,45,2016,1,15,3,3,1,6,0,1,0,1,0,0,0,0,3.92414E+20,5.59024E+21,7.48445E+15,5.04543E+16
51386,51387,7,1,43,254,2016,1,15,1,3,2,6,0,1,0,1,0,0,0,0,4.2338E+20,5.60419E+21,7.9177E+15,5.05846E+16
51387,51388,7,1,11,0,2016,1,8,3,3,5,3,0,1,1,0,0,0,0,1,4.00054E+20,5.5828E+21,7.59402E+15,5.03887E+16
51388,51389,7,3,31,24,2016,1,20,7,3,9,1,2,1,0,1,0,0,0,0,4.38287E+20,5.50576E+21,8.14417E+15,4.97012E+16
51389,51390,7,3,15,0,2016,2,8,3,3,2,6,0,0,0,1,0,0,0,0,4.47891E+20,5.53589E+21,8.2733E+15,4.99731E+16
51390,51391,7,1,38,52,2016,2,5,2,2,9,1,2,1,0,1,0,0,0,0,4.05151E+20,5.61032E+21,7.6587E+15,5.06371E+16
51391,51392,7,3,38,7,2016,1,8,2,3,5,3,0,0,1,1,0,0,0,0,4.55605E+20,5.46303E+21,8.38913E+15,4.93184E+16
51392,51393,7,3,14,0,2016,1,16,6,3,4,2,0,0,1,1,0,0,0,0,4.55369E+20,5.47785E+21,8.38421E+15,4.94516E+16
51393,51394,7,1,11,0,2016,1,7,3,3,5,3,2,0,0,1,0,0,0,0,3.96983E+20,5.57792E+21,7.55216E+15,5.03444E+16
51394,51395,7,3,39,48,2016,1,5,5,2,1,5,2,1,0,1,0,1,0,0,4.26438E+20,5.53282E+21,7.97476E+15,4.99432E+16
51395,51396,7,1,35,45,2016,1,13,2,3,2,6,0,0,0,1,0,0,0,0,3.67548E+20,5.56531E+21,7.1431E+15,5.02251E+16
51396,51397,7,3,34,12,2016,1,7,4,3,2,6,1,0,0,1,0,0,0,0,4.4839E+20,5.43678E+21,8.29323E+15,4.90817E+16
51397,51398,7,3,35,45,2016,1,7,3,3,5,3,2,1,0,1,0,0,0,0,4.0582E+20,5.47049E+21,7.70247E+15,4.93798E+16
51398,51399,7,3,40,226,2016,1,20,2,3,8,7,2,0,0,1,0,0,0,0,3.87765E+20,5.4519E+21,7.45903E+15,4.92096E+16
51399,51400,7,3,17,0,2016,1,17,2,3,5,2,2,1,0,1,0,0,0,0,3.97806E+20,5.45225E+21,7.59675E+15,4.92146E+16
51400,51401,7,1,31,7,2016,2,7,3,3,4,1,0,1,0,1,0,0,0,0,3.65772E+20,5.59624E+21,7.10719E+15,5.05027E+16
51401,51402,7,3,33,54,2016,1,18,7,3,4,1,2,1,0,1,0,0,0,0,4.11926E+20,5.5077E+21,7.77826E+15,4.97153E+16
51402,51403,7,3,36,41,2016,1,16,2,3,4,1,1,1,0,1,0,0,0,0,3.80102E+20,5.48344E+21,7.34437E+15,4.94917E+16
51403,51404,7,3,39,19,2016,1,16,6,2,5,3,0,0,0,1,0,1,0,0,4.29506E+20,5.53516E+21,8.01708E+15,4.99646E+16
51404,51405,7,1,35,45,2016,1,3,1,2,8,1,2,1,0,1,0,0,0,0,3.67499E+20,5.56414E+21,7.14282E+15,5.02146E+16
51405,51406,7,3,12,0,2016,1,22,2,2,8,1,2,1,0,1,0,0,0,0,4.12889E+20,5.47886E+21,7.79799E+15,4.94561E+16
51406,51407,7,3,31,1,2016,1,16,7,3,2,2,0,0,0,1,0,0,0,0,4.37145E+20,5.51596E+21,8.1267E+15,4.97928E+16
51407,51408,7,1,43,32,2016,2,16,3,2,5,3,0,1,0,1,0,0,0,0,4.05624E+20,5.5883E+21,7.67096E+15,5.04391E+16
51408,51409,7,1,41,75,2016,2,7,2,3,2,6,1,1,0,1,0,0,0,0,4.00726E+20,5.57539E+21,7.60543E+15,5.03222E+16
51409,51410,7,3,38,16,2016,1,14,2,3,2,6,0,0,0,1,0,0,0,0,4.50126E+20,5.48442E+21,8.31105E+15,4.95104E+16
51410,51411,7,2,32,227,2016,1,14,5,1,5,3,0,0,0,1,0,0,0,0,3.17175E+20,5.56976E+21,6.43541E+15,5.02517E+16
51411,51412,7,3,34,28,2016,1,12,2,3,2,6,0,0,0,1,0,0,0,0,4.53352E+20,5.45893E+21,8.35861E+15,4.92814E+16
51412,51413,7,1,43,286,2016,1,9,4,3,2,2,0,1,0,1,0,0,0,1,4.33745E+20,5.60589E+21,8.06378E+15,5.06011E+16
51413,51414,7,3,14,0,2016,1,14,3,3,3,2,0,0,1,1,0,0,0,0,4.58792E+20,5.4815E+21,8.43106E+15,4.94847E+16
51414,51415,7,3,37,501,2016,1,18,2,2,0,7,2,0,1,0,0,0,0,0,4.23405E+20,5.45064E+21,7.94849E+15,4.92038E+16
51415,51416,7,3,11,0,2016,1,15,2,3,2,6,0,0,0,1,0,0,0,0,4.54196E+20,5.48632E+21,8.36706E+15,4.95278E+16
51416,51417,7,1,37,207,2016,2,7,3,2,6,4,2,0,0,0,1,0,0,1,3.94147E+20,5.57385E+21,7.51346E+15,5.03073E+16
51417,51418,7,1,35,92,2016,1,7,7,2,9,1,2,1,0,1,0,0,0,0,3.73968E+20,5.54369E+21,7.24021E+15,5.00322E+16
51418,51419,7,3,14,0,2016,1,19,2,3,1,2,2,1,0,1,0,0,0,0,4.58258E+20,5.48058E+21,8.42379E+15,4.94764E+16
51419,51420,7,3,39,5,2016,1,13,6,3,2,6,0,0,0,1,0,0,0,0,4.21126E+20,5.53172E+21,7.90096E+15,4.99327E+16
51420,51421,7,1,11,0,2016,1,7,6,3,2,6,0,0,0,1,0,0,0,0,3.99481E+20,5.57848E+21,7.58711E+15,5.03498E+16
51421,51422,7,3,14,0,2016,1,7,2,3,1,6,0,1,0,1,0,0,0,0,4.56061E+20,5.48733E+21,8.39271E+15,4.9537E+16
51422,51423,7,3,36,30,2016,1,21,4,3,8,7,2,0,0,1,0,0,0,0,3.93862E+20,5.49638E+21,7.53081E+15,4.96106E+16
51423,51424,7,1,33,6,2016,1,6,2,3,4,2,2,0,0,1,0,0,0,0,4.21466E+20,5.5223E+21,7.90761E+15,4.9848E+16
51424,51425,7,3,31,73,2016,1,7,2,3,5,2,2,0,0,1,0,0,0,0,4.37398E+20,5.52147E+21,8.12933E+15,4.98424E+16
51425,51426,7,3,37,71,2016,1,17,1,3,9,1,1,1,0,1,0,0,0,0,4.24343E+20,5.43292E+21,7.96469E+15,4.90445E+16
51426,51427,7,3,15,0,2016,1,7,2,3,2,6,2,0,0,1,0,0,0,0,4.4486E+20,5.53421E+21,8.23128E+15,4.99577E+16
51427,51428,7,1,38,45,2016,1,16,5,3,2,2,0,0,0,1,0,0,0,0,3.95512E+20,5.58702E+21,7.52897E+15,5.04259E+16
51428,51429,7,3,39,56,2016,1,14,2,2,8,1,0,0,0,1,0,0,0,0,4.2583E+20,5.52384E+21,7.96802E+15,4.98624E+16
51429,51430,7,3,17,0,2016,1,5,3,3,5,3,2,1,1,1,0,0,0,0,3.99849E+20,5.44875E+21,7.62567E+15,4.91833E+16
51430,51431,7,3,39,9,2016,1,9,3,2,8,1,0,0,0,1,0,0,0,0,4.42932E+20,5.54188E+21,8.20326E+15,5.00265E+16
51431,51432,7,2,31,134,2016,1,9,2,3,2,6,0,1,0,1,0,0,0,0,3.49152E+20,5.53896E+21,6.89577E+15,4.99839E+16
51432,51433,7,2,35,136,2016,1,19,2,2,8,1,2,2,0,1,0,0,0,0,3.2102E+20,5.49373E+21,6.52452E+15,4.95697E+16
51433,51434,7,1,38,12,2016,2,7,4,3,1,2,2,1,0,1,0,0,0,0,4.00386E+20,5.59909E+21,7.59435E+15,5.05353E+16
51434,51435,7,3,34,23,2016,2,7,2,3,2,6,0,0,0,1,0,0,0,0,4.42864E+20,5.44896E+21,8.21583E+15,4.91908E+16
51435,51436,7,1,40,9,2016,1,0,3,3,9,7,2,1,0,1,0,0,0,0,3.84799E+20,5.54213E+21,7.39184E+15,5.00204E+16
51436,51437,7,1,38,75,2016,1,17,7,3,5,2,2,1,0,1,0,0,0,0,3.81565E+20,5.60745E+21,7.32621E+15,5.06069E+16
51437,51438,7,2,35,136,2016,1,10,2,3,8,1,0,2,0,1,0,0,0,0,3.21018E+20,5.49363E+21,6.52454E+15,4.95688E+16
51438,51439,7,1,43,301,2016,1,5,6,3,9,1,2,2,0,1,0,0,0,0,4.098E+20,5.61123E+21,7.72421E+15,5.0646E+16
51439,51440,7,3,38,19,2016,1,18,5,3,2,6,2,0,0,1,0,0,0,0,4.54179E+20,5.47758E+21,8.36783E+15,4.94492E+16
51440,51441,7,3,15,0,2016,1,12,2,3,2,6,0,0,0,1,0,0,0,0,4.48381E+20,5.5369E+21,8.28E+15,4.99822E+16
51441,51442,7,1,38,12,2016,1,7,2,2,6,4,1,2,0,1,1,0,0,0,4.04514E+20,5.60042E+21,7.65224E+15,5.05479E+16
51442,51443,7,1,32,501,2016,1,9,2,3,2,6,0,1,0,1,0,0,0,0,4.03798E+20,5.61727E+21,7.63777E+15,5.06993E+16
51443,51444,7,1,35,20,2016,1,9,2,2,0,1,0,1,0,1,0,0,0,0,3.70374E+20,5.5559E+21,7.18591E+15,5.01411E+16
51444,51445,7,2,33,43,2016,1,21,1,3,9,1,2,1,0,1,0,0,0,0,3.33908E+20,5.5531E+21,6.67719E+15,5.01069E+16
51445,51446,7,1,37,68,2016,1,14,2,3,1,6,0,1,0,1,0,0,0,0,3.75248E+20,5.5724E+21,7.24866E+15,5.02906E+16
51446,51447,7,3,31,15,2016,1,5,7,3,8,1,2,2,0,1,0,0,0,0,4.44012E+20,5.51156E+21,8.22273E+15,4.97539E+16
51447,51448,7,3,14,0,2016,2,5,3,3,6,6,2,1,0,1,1,0,0,0,4.5941E+20,5.48117E+21,8.43962E+15,4.94818E+16
51448,51449,7,1,43,48,2016,2,17,2,3,2,2,2,1,0,1,0,0,0,0,4.17122E+20,5.58798E+21,7.83291E+15,5.0438E+16
51449,51450,7,1,32,72,2016,1,8,3,3,2,6,0,0,0,1,0,0,0,0,4.272E+20,5.63259E+21,7.96605E+15,5.08404E+16
51450,51451,7,1,37,55,2016,1,12,2,3,5,3,0,0,0,1,0,0,0,0,3.76273E+20,5.57801E+21,7.2612E+15,5.03412E+16
51451,51452,7,1,37,3,2016,1,10,2,3,2,2,0,0,0,1,0,0,0,0,3.86791E+20,5.5867E+21,7.40633E+15,5.04214E+16
51452,51453,7,1,35,83,2016,1,0,7,1,4,6,2,1,0,1,0,0,0,0,3.55289E+20,5.56359E+21,6.97199E+15,5.02068E+16
51453,51454,7,3,36,2,2016,2,2,3,3,8,1,2,1,0,1,0,0,0,0,3.79824E+20,5.48641E+21,7.33962E+15,4.95184E+16
51454,51455,7,3,15,0,2016,2,17,2,3,2,6,2,0,0,1,0,0,0,0,4.46491E+20,5.52956E+21,8.25466E+15,4.9916E+16
51455,51456,7,3,35,38,2016,1,6,2,3,2,6,2,1,0,1,0,0,0,0,3.93117E+20,5.47516E+21,7.52626E+15,4.94197E+16
51456,51457,7,3,35,2,2016,1,10,6,3,5,3,0,0,0,1,0,0,0,0,3.99301E+20,5.47176E+21,7.61236E+15,4.93902E+16
51457,51458,7,3,37,80,2016,1,22,1,3,9,1,2,2,0,1,0,0,0,0,4.26694E+20,5.44621E+21,7.99445E+15,4.91643E+16
51458,51459,7,3,34,13,2016,1,15,5,2,5,3,0,1,0,1,0,0,0,0,4.42638E+20,5.4374E+21,8.21438E+15,4.90868E+16
51459,51460,7,2,35,72,2016,1,21,2,3,0,7,2,0,0,1,0,0,0,0,3.32629E+20,5.50233E+21,6.68128E+15,4.96502E+16
51460,51461,7,2,32,279,2016,1,6,6,3,0,1,2,2,0,1,0,0,0,0,3.19744E+20,5.55168E+21,6.47997E+15,5.009E+16
51461,51462,7,3,31,68,2016,1,12,1,2,5,2,0,1,0,1,0,0,0,0,4.31693E+20,5.52122E+21,8.05003E+15,4.98395E+16
51462,51463,7,2,11,0,2016,1,15,1,2,6,4,0,1,0,1,1,0,0,0,3.29118E+20,5.51314E+21,6.62795E+15,4.97464E+16
51463,51464,7,1,38,5,2016,1,16,1,3,2,7,1,1,0,1,0,0,0,1,3.93399E+20,5.59892E+21,7.49584E+15,5.05325E+16
51464,51465,7,1,41,94,2016,1,5,1,3,8,1,2,2,0,1,0,0,0,0,4.10941E+20,5.56774E+21,7.75068E+15,5.02551E+16
51465,51466,7,2,32,300,2016,1,0,7,2,9,1,2,2,0,0,0,0,1,0,3.18048E+20,5.56553E+21,6.44966E+15,5.02139E+16
51466,51467,7,2,31,134,2016,2,15,3,3,5,3,0,1,0,1,0,0,0,0,3.52931E+20,5.53941E+21,6.94829E+15,4.99889E+16
51467,51468,7,1,31,27,2016,2,7,2,2,8,6,1,1,0,1,0,0,0,1,3.62215E+20,5.59071E+21,7.0591E+15,5.04522E+16
51468,51469,7,1,33,501,2016,1,13,2,3,5,3,0,0,0,0,0,0,0,1,4.04165E+20,5.51538E+21,7.66874E+15,4.97832E+16
51469,51470,7,1,38,40,2016,1,11,1,2,9,1,0,2,0,1,0,0,0,0,3.97813E+20,5.602E+21,7.55726E+15,5.05609E+16
51470,51471,7,3,15,0,2016,1,9,5,3,5,3,0,1,1,1,0,0,0,0,4.47525E+20,5.53766E+21,8.26796E+15,4.99889E+16
51471,51472,7,1,11,0,2016,1,19,1,3,3,6,2,0,0,1,0,0,0,0,3.99651E+20,5.57972E+21,7.58917E+15,5.0361E+16
51472,51473,7,3,37,44,2016,1,14,1,3,9,1,0,1,0,1,0,0,0,0,4.38387E+20,5.44523E+21,8.15497E+15,4.91568E+16
51473,51474,7,3,14,0,2016,1,5,4,3,8,1,2,0,0,1,0,0,0,0,4.58871E+20,5.47941E+21,8.43237E+15,4.9466E+16
51474,51475,7,3,34,1,2016,1,14,2,3,3,6,0,0,0,1,0,1,0,0,4.47824E+20,5.44879E+21,8.28393E+15,4.91897E+16
51475,51476,7,3,11,0,2016,1,11,6,3,6,2,0,0,0,1,1,0,0,0,4.53275E+20,5.48674E+21,8.35428E+15,4.95315E+16
51476,51477,7,3,40,4,2016,1,0,7,3,9,1,2,1,0,1,0,0,0,0,4.1068E+20,5.44511E+21,7.77507E+15,4.91523E+16
51477,51478,7,1,31,55,2016,1,10,2,3,5,3,0,1,0,1,0,0,0,1,3.7431E+20,5.59228E+21,7.22886E+15,5.0469E+16
51478,51479,7,3,12,0,2016,1,14,4,3,5,3,0,0,0,1,0,0,0,0,4.12582E+20,5.47762E+21,7.79404E+15,4.94449E+16
51479,51480,7,3,35,15,2016,1,9,7,3,1,5,0,1,0,1,0,0,0,0,4.20283E+20,5.47745E+21,7.90029E+15,4.94445E+16
51480,51481,7,3,34,20,2016,1,8,7,2,8,1,0,1,0,1,0,0,0,0,4.3799E+20,5.43589E+21,8.15096E+15,4.90727E+16
51481,51482,7,1,37,228,2016,1,18,1,3,8,1,2,1,0,1,0,0,0,0,3.89696E+20,5.58528E+21,7.44764E+15,5.04092E+16
51482,51483,7,1,33,501,2016,1,8,7,2,8,1,0,1,0,1,0,0,0,0,4.03294E+20,5.5167E+21,7.65631E+15,4.97949E+16
51483,51484,7,3,39,5,2016,1,13,6,3,5,3,0,0,0,1,0,1,0,0,4.20512E+20,5.53575E+21,7.89157E+15,4.99688E+16
51484,51485,7,1,32,96,2016,2,17,3,3,4,6,2,1,0,1,0,0,0,0,4.09303E+20,5.62503E+21,7.71379E+15,5.077E+16
51485,51486,7,3,36,36,2016,1,7,1,3,9,1,2,1,0,1,0,0,0,0,4.04768E+20,5.49673E+21,7.68165E+15,4.96156E+16
51486,51487,7,3,31,30,2016,1,23,7,3,9,1,2,1,0,1,0,0,0,0,4.27849E+20,5.52115E+21,7.9966E+15,4.98385E+16
51487,51488,7,2,31,134,2016,1,8,5,3,5,3,0,1,0,1,0,0,0,0,3.50243E+20,5.5385E+21,6.91117E+15,4.998E+16
51488,51489,7,2,35,125,2016,1,18,7,3,2,6,2,1,0,1,0,0,0,0,3.38859E+20,5.52161E+21,6.75954E+15,4.98253E+16
51489,51490,7,1,43,70,2016,1,6,4,3,5,3,2,1,0,1,0,0,0,0,4.13499E+20,5.59366E+21,7.78059E+15,5.04885E+16
51490,51491,7,3,19,0,2016,1,19,3,2,6,4,2,0,0,1,1,0,0,0,4.5345E+20,5.49896E+21,8.35524E+15,4.96414E+16
51491,51492,7,1,34,65,2016,1,20,7,3,9,1,2,2,0,1,0,0,0,0,3.83381E+20,5.52723E+21,7.37656E+15,4.98861E+16
51492,51493,7,2,11,0,2016,1,14,7,3,5,3,0,0,1,1,0,0,0,0,3.2924E+20,5.51362E+21,6.62944E+15,4.97508E+16
51493,51494,7,3,12,0,2016,2,7,2,3,8,1,0,1,0,1,0,0,0,0,4.06083E+20,5.47779E+21,7.70436E+15,4.94455E+16
51494,51495,7,2,35,135,2016,1,14,7,3,0,6,0,1,0,1,0,0,0,0,3.41631E+20,5.51086E+21,6.80244E+15,4.97293E+16
51495,51496,7,3,34,13,2016,1,7,3,2,6,2,1,1,0,1,1,0,0,0,4.41509E+20,5.43697E+21,8.19899E+15,4.90828E+16
51496,51497,7,1,38,41,2016,1,18,7,2,6,4,2,1,0,1,1,0,0,0,3.78782E+20,5.60346E+21,7.2882E+15,5.05704E+16
51497,51498,7,1,35,20,2016,1,14,7,3,8,1,0,1,0,1,0,0,0,0,3.68648E+20,5.55569E+21,7.16184E+15,5.01389E+16
51498,51499,7,1,40,67,2016,2,14,3,3,5,3,0,1,0,1,0,0,1,0,3.85301E+20,5.53471E+21,7.40106E+15,4.99537E+16
51499,51500,7,3,32,27,2016,1,17,7,3,8,6,2,1,0,1,0,0,0,0,4.32945E+20,5.48835E+21,8.07309E+15,4.9544E+16
51500,51501,7,1,37,68,2016,1,13,7,3,8,1,0,1,0,1,0,0,0,0,3.74498E+20,5.57451E+21,7.23744E+15,5.03093E+16
51501,51502,7,3,15,0,2016,1,9,6,3,2,6,0,0,0,1,0,0,0,0,4.43217E+20,5.54091E+21,8.20739E+15,5.00178E+16
51502,51503,7,1,38,45,2016,1,7,6,1,4,6,1,0,0,1,0,0,1,0,3.94562E+20,5.58872E+21,7.51512E+15,5.0441E+16
51503,51504,7,3,31,18,2016,1,19,1,2,8,7,2,1,1,0,0,0,0,0,4.57377E+20,5.51096E+21,8.40833E+15,4.97496E+16
51504,51505,7,1,40,79,2016,1,18,7,2,8,1,2,1,0,1,0,0,0,0,3.91815E+20,5.54647E+21,7.48851E+15,5.00606E+16
51505,51506,7,1,11,0,2016,1,15,5,3,1,1,0,0,0,1,0,0,0,1,3.96143E+20,5.5826E+21,7.53907E+15,5.03863E+16
51506,51507,7,1,11,0,2016,1,2,7,3,8,1,2,1,0,1,0,0,0,0,3.98524E+20,5.58368E+21,7.57226E+15,5.03964E+16
51507,51508,7,3,34,7,2016,1,6,6,3,8,1,2,2,0,1,0,0,0,0,4.01861E+20,5.47898E+21,7.64584E+15,4.94556E+16
51508,51509,7,3,35,204,2016,1,16,3,3,5,3,0,0,0,1,0,0,0,0,4.04659E+20,5.46739E+21,7.68722E+15,4.93518E+16
51509,51510,7,2,32,131,2016,1,7,3,3,5,3,2,1,0,1,0,0,0,0,3.04997E+20,5.52848E+21,6.28579E+15,4.98769E+16
51510,51511,7,3,34,9,2016,1,16,6,3,0,7,0,1,1,0,0,0,0,0,4.45249E+20,5.43928E+21,8.24988E+15,4.91039E+16
51511,51512,7,3,18,0,2016,1,12,6,3,9,1,0,1,0,1,0,0,0,0,4.5721E+20,5.46315E+21,8.4112E+15,4.93195E+16
51512,51513,7,2,35,501,2016,1,1,7,3,8,1,2,2,0,1,0,0,0,0,3.25103E+20,5.52527E+21,6.56682E+15,4.98543E+16
51513,51514,7,3,17,0,2016,2,16,3,3,2,6,0,1,0,1,0,0,0,0,3.97551E+20,5.45304E+21,7.59305E+15,4.92215E+16
51514,51515,7,3,14,0,2016,2,18,2,3,1,6,2,0,0,1,0,0,0,0,4.56042E+20,5.48832E+21,8.39234E+15,4.95458E+16
51515,51516,7,3,20,0,2016,1,9,2,3,5,3,0,0,0,0,0,0,1,0,3.83668E+20,5.4547E+21,7.40198E+15,4.9234E+16
51516,51517,7,1,40,56,2016,1,15,7,2,5,3,0,1,0,1,0,1,0,0,3.95042E+20,5.53375E+21,7.53706E+15,4.99469E+16
51517,51518,7,3,14,0,2016,1,13,6,2,6,4,0,0,0,1,1,0,0,0,4.58869E+20,5.48174E+21,8.43211E+15,4.94869E+16
51518,51519,7,1,43,81,2016,1,7,6,3,8,1,2,2,0,1,0,0,0,0,4.16224E+20,5.5921E+21,7.81936E+15,5.04749E+16