FID,OBJECTID,ULAND,UREGBEZ,UKREIS,UGEMEINDE,UJAHR,UMONAT,USTUNDE,UWOCHENTAG,UKATEGORIE,UART,UTYP1,ULICHTVERH,IstStrasse,IstRad,IstPKW,IstFuss,IstKrad,IstGkfz,IstSonstig,LINREFX,LINREFY,XGCSWGS84,YGCSWGS84
51519,51520,7,3,32,43,2016,1,20,5,2,4,6,2,1,0,1,0,0,0,0,4.42744E+20,5.47199E+21,8.21089E+15,4.93979E+16
51520,51521,7,3,15,0,2016,1,18,2,3,2,6,2,0,0,1,0,0,0,0,4.43504E+20,5.54195E+21,8.21124E+15,5.00271E+16
51521,51522,7,2,31,107,2016,1,7,6,3,5,3,2,1,0,1,0,0,1,0,3.52483E+20,5.53624E+21,6.94326E+15,4.99603E+16
51522,51523,7,2,11,0,2016,1,2,7,3,9,1,2,1,0,1,0,0,0,0,3.32199E+20,5.51247E+21,6.67098E+15,4.97413E+16
51523,51524,7,1,43,310,2016,2,21,5,2,9,1,2,1,0,1,0,0,0,0,4.12259E+20,5.61046E+21,7.75916E+15,5.06394E+16
51524,51525,7,1,43,48,2016,2,9,5,3,2,2,0,1,0,1,0,0,0,0,4.15117E+20,5.588E+21,7.80468E+15,5.04378E+16
51525,51526,7,1,38,68,2016,2,7,5,3,0,7,1,1,0,1,0,0,0,0,3.82418E+20,5.605E+21,7.33905E+15,5.05851E+16
51526,51527,7,1,32,72,2016,2,14,5,3,2,6,0,0,0,1,0,0,0,0,4.25851E+20,5.63092E+21,7.94723E+15,5.08252E+16
51527,51528,7,1,38,45,2016,2,13,5,3,1,6,0,0,0,1,0,0,0,0,3.9135E+20,5.59051E+21,7.46938E+15,5.04565E+16
51528,51529,7,3,14,0,2016,2,7,3,2,2,6,0,0,0,1,0,0,0,0,4.5364E+20,5.48024E+21,8.36009E+15,4.9473E+16
51529,51530,7,1,11,0,2016,2,7,6,3,5,2,0,0,0,1,0,0,0,0,3.99317E+20,5.58063E+21,7.58423E+15,5.03691E+16
51530,51531,7,3,20,0,2016,2,7,6,2,5,3,1,0,0,1,0,0,0,0,3.81793E+20,5.45959E+21,7.37479E+15,4.92776E+16
51531,51532,7,3,35,27,2016,2,22,1,3,8,1,2,1,0,1,0,0,0,0,3.94588E+20,5.46776E+21,7.5485E+15,4.93535E+16
51532,51533,7,1,37,216,2016,2,13,5,3,5,3,0,0,0,1,0,0,1,0,3.93183E+20,5.58534E+21,7.49667E+15,5.04104E+16
51533,51534,7,3,32,2,2016,2,15,7,3,5,3,0,1,0,1,0,0,0,1,4.45842E+20,5.48084E+21,8.25237E+15,4.94778E+16
51534,51535,7,2,11,0,2016,2,10,4,3,2,6,0,0,0,1,0,0,1,0,3.29151E+20,5.51373E+21,6.62816E+15,4.97518E+16
51535,51536,7,1,11,0,2016,2,20,7,2,9,1,2,1,0,1,0,0,0,1,3.99272E+20,5.57792E+21,7.58433E+15,5.03448E+16
51536,51537,7,1,33,23,2016,2,8,5,3,3,6,0,0,0,1,0,0,1,0,4.06049E+20,5.539E+21,7.68915E+15,4.99959E+16
51537,51538,7,1,38,44,2016,2,20,5,3,2,6,2,0,0,1,0,0,0,1,3.88611E+20,5.60791E+21,7.42562E+15,5.06124E+16
51538,51539,7,2,33,35,2016,2,19,3,2,1,6,2,0,0,1,0,0,0,0,3.27638E+20,5.57979E+21,6.57745E+15,5.0345E+16
51539,51540,7,1,43,84,2016,2,7,5,3,9,1,1,1,0,1,0,0,0,1,4.10336E+20,5.59421E+21,7.7359E+15,5.0493E+16
51540,51541,7,3,40,51,2016,2,18,4,3,5,3,2,1,0,1,0,0,0,0,3.9791E+20,5.45825E+21,7.59665E+15,4.92685E+16
51541,51542,7,3,20,0,2016,2,12,4,3,5,3,0,1,0,1,0,0,0,0,3.80314E+20,5.45392E+21,7.35616E+15,4.92264E+16
51542,51543,7,3,39,30,2016,2,6,3,3,5,3,2,0,0,1,0,1,0,0,4.32145E+20,5.53674E+21,8.05359E+15,4.99792E+16
51543,51544,7,3,20,0,2016,2,7,5,3,2,6,1,1,0,1,0,0,0,0,3.80559E+20,5.45432E+21,7.35941E+15,4.923E+16
51544,51545,7,3,38,13,2016,2,18,6,2,2,2,2,0,0,1,0,1,0,0,4.48094E+20,5.4902E+21,8.28224E+15,4.95622E+16
51545,51546,7,3,32,47,2016,2,22,7,3,9,1,2,1,0,1,0,0,0,0,4.27572E+20,5.48279E+21,7.99984E+15,4.94934E+16
51546,51547,7,3,36,84,2016,2,19,4,2,8,1,0,1,0,1,0,0,0,0,3.77371E+20,5.48853E+21,7.30509E+15,4.9537E+16
51547,51548,7,2,32,223,2016,2,17,7,2,4,2,1,1,0,1,0,0,0,0,3.20821E+20,5.56594E+21,6.48829E+15,5.02185E+16
51548,51549,7,3,12,0,2016,2,12,4,3,3,6,0,1,0,1,0,0,1,0,4.04209E+20,5.47765E+21,7.67854E+15,4.9444E+16
51549,51550,7,3,16,0,2016,2,11,4,3,5,3,0,1,0,1,0,0,0,0,4.38191E+20,5.4635E+21,8.14946E+15,4.93211E+16
51550,51551,7,1,32,20,2016,2,15,3,2,1,5,0,0,0,1,0,0,1,0,4.19068E+20,5.62168E+21,7.85298E+15,5.07413E+16
51551,51552,7,3,34,13,2016,2,11,4,2,1,7,0,1,0,1,0,0,0,0,4.39301E+20,5.43601E+21,8.16889E+15,4.9074E+16
51552,51553,7,3,15,0,2016,2,13,4,3,2,2,0,0,0,1,0,0,0,0,4.47075E+20,5.53286E+21,8.26234E+15,4.99458E+16
51553,51554,7,2,11,0,2016,2,15,6,3,2,6,0,0,0,1,0,0,0,1,3.29629E+20,5.51353E+21,6.63487E+15,4.97501E+16
51554,51555,7,3,18,0,2016,2,14,4,3,2,6,0,0,0,1,0,0,0,0,4.57029E+20,5.46503E+21,8.40851E+15,4.93364E+16
51555,51556,7,3,13,0,2016,2,7,4,3,1,6,0,0,0,1,0,0,0,0,4.3892E+20,5.44947E+21,8.16164E+15,4.9195E+16
51556,51557,7,3,15,0,2016,2,11,6,3,2,6,0,0,0,1,0,0,0,1,4.44905E+20,5.53894E+21,8.23123E+15,5.00003E+16
51557,51558,7,3,18,0,2016,2,10,4,3,6,2,0,1,0,1,1,0,0,0,4.5867E+20,5.46305E+21,8.4313E+15,4.93188E+16
51558,51559,7,1,31,49,2016,2,7,6,2,4,2,2,0,0,1,0,1,0,0,3.62676E+20,5.59966E+21,7.06229E+15,5.05327E+16
51559,51560,7,3,19,0,2016,2,16,4,3,2,2,0,0,0,1,0,0,0,0,4.53287E+20,5.5031E+21,8.35249E+15,4.96786E+16
51560,51561,7,3,15,0,2016,2,12,4,3,1,5,0,0,0,1,0,0,0,1,4.48447E+20,5.53611E+21,8.28102E+15,4.99751E+16
51561,51562,7,3,15,0,2016,2,11,4,3,2,3,0,0,0,1,0,0,0,1,4.44294E+20,5.53531E+21,8.22323E+15,4.99675E+16
51562,51563,7,3,36,67,2016,2,6,2,3,8,6,2,1,0,1,0,0,0,0,3.89709E+20,5.49526E+21,7.47367E+15,4.95999E+16
51563,51564,7,2,31,105,2016,2,7,4,3,2,6,1,1,0,1,0,0,1,0,3.50421E+20,5.52596E+21,6.9185E+15,4.98674E+16
51564,51565,7,2,11,0,2016,2,6,4,3,5,3,0,0,0,1,0,0,0,0,3.2961E+20,5.51353E+21,6.63461E+15,4.97501E+16
51565,51566,7,1,43,289,2016,2,2,4,3,9,1,2,2,0,0,0,0,1,0,4.20924E+20,5.59985E+21,7.88393E+15,5.05452E+16
51566,51567,7,1,43,248,2016,2,16,4,3,5,3,1,2,0,1,0,0,0,0,4.25308E+20,5.61417E+21,7.94292E+15,5.06745E+16
51567,51568,7,1,43,75,2016,2,12,4,3,8,1,0,2,0,1,0,0,0,0,4.12854E+20,5.60798E+21,7.76815E+15,5.06172E+16
51568,51569,7,1,38,53,2016,2,13,4,3,3,6,0,1,0,1,0,1,0,0,3.9569E+20,5.60216E+21,7.52724E+15,5.05621E+16
51569,51570,7,1,31,502,2016,2,15,4,2,5,3,0,1,0,1,0,0,0,0,3.66618E+20,5.58712E+21,7.12236E+15,5.0421E+16
51570,51571,7,3,20,0,2016,2,16,3,3,2,2,0,0,0,1,0,0,0,0,3.81976E+20,5.45728E+21,7.37799E+15,4.92569E+16
51571,51572,7,1,31,3,2016,2,14,4,3,4,2,0,1,0,1,0,0,0,0,3.57814E+20,5.5994E+21,6.99384E+15,5.05292E+16
51572,51573,7,1,37,216,2016,2,14,4,3,6,6,0,0,0,1,1,0,0,0,3.9301E+20,5.58248E+21,7.49506E+15,5.03847E+16
51573,51574,7,1,37,226,2016,2,10,4,3,1,6,0,1,0,1,0,0,0,0,4.00994E+20,5.5843E+21,7.60684E+15,5.04024E+16
51574,51575,7,1,32,25,2016,2,19,4,3,4,1,2,0,0,1,0,0,0,0,4.21181E+20,5.61994E+21,7.88329E+15,5.07259E+16
51575,51576,7,3,14,0,2016,2,15,2,3,6,4,0,1,0,1,1,0,0,0,4.58479E+20,5.48137E+21,8.42676E+15,4.94836E+16
51576,51577,7,1,34,45,2016,2,19,2,3,2,6,2,1,0,1,0,0,0,0,3.84168E+20,5.50998E+21,7.39266E+15,4.97312E+16
51577,51578,7,2,33,215,2016,2,14,4,1,2,6,0,1,0,0,0,0,1,1,3.58614E+20,5.56639E+21,7.01752E+15,5.02328E+16
51578,51579,7,3,32,17,2016,2,14,3,3,9,6,0,1,0,1,0,0,0,0,4.42226E+20,5.47553E+21,8.20324E+15,4.94297E+16
51579,51580,7,3,14,0,2016,2,11,3,2,5,2,0,1,0,1,0,0,0,0,4.51205E+20,5.48091E+21,8.3264E+15,4.94789E+16
51580,51581,7,3,14,0,2016,2,17,3,3,4,1,1,1,0,1,0,0,0,0,4.57202E+20,5.48074E+21,8.40919E+15,4.94778E+16
51581,51582,7,3,15,0,2016,2,21,3,3,6,4,2,0,0,1,1,0,0,0,4.46888E+20,5.53944E+21,8.25882E+15,5.00049E+16
51582,51583,7,3,38,7,2016,2,12,3,3,5,3,0,0,0,1,0,0,0,0,4.55854E+20,5.46272E+21,8.39259E+15,4.93156E+16
51583,51584,7,3,17,0,2016,2,16,5,3,6,4,1,1,0,1,1,0,0,0,3.97885E+20,5.45209E+21,7.59788E+15,4.92131E+16
51584,51585,7,3,32,25,2016,2,19,6,3,8,6,2,0,0,1,0,0,0,0,4.43742E+20,5.46812E+21,8.22518E+15,4.93632E+16
51585,51586,7,3,15,0,2016,2,10,1,3,8,1,0,1,0,1,0,0,0,0,4.41671E+20,5.53862E+21,8.18616E+15,4.99971E+16
51586,51587,7,3,15,0,2016,2,18,3,2,2,7,2,1,0,1,0,0,0,1,4.46707E+20,5.53866E+21,8.25641E+15,4.99979E+16
51587,51588,7,3,39,9,2016,2,21,7,3,6,2,2,1,0,1,1,0,0,0,4.41129E+20,5.5419E+21,8.1781E+15,5.00265E+16
51588,51589,7,2,11,0,2016,2,7,4,3,2,6,0,1,0,1,0,0,0,0,3.33353E+20,5.51334E+21,6.68661E+15,4.97494E+16
51589,51590,7,3,35,22,2016,2,19,5,3,2,6,2,1,0,1,0,0,0,0,3.97893E+20,5.47448E+21,7.59227E+15,4.94145E+16
51590,51591,7,1,11,0,2016,2,16,2,3,2,6,0,1,0,1,0,0,0,0,3.98926E+20,5.58189E+21,7.57841E+15,5.03804E+16
51591,51592,7,3,15,0,2016,2,12,3,3,2,6,0,1,0,1,0,0,0,0,4.49038E+20,5.53596E+21,8.28929E+15,4.99738E+16
51592,51593,7,1,43,51,2016,2,7,4,3,1,6,1,1,0,1,0,0,0,0,4.24646E+20,5.58548E+21,7.93935E+15,5.04165E+16
51593,51594,7,1,32,6,2016,2,11,7,3,4,2,0,0,0,1,0,0,0,0,4.20946E+20,5.62745E+21,7.87834E+15,5.07934E+16
51594,51595,7,3,39,30,2016,2,17,3,3,8,1,1,1,0,1,0,0,0,0,4.31066E+20,5.53713E+21,8.03847E+15,4.99825E+16
51595,51596,7,2,35,60,2016,2,21,3,3,9,1,2,1,0,1,0,0,0,0,3.34775E+20,5.51867E+21,6.70406E+15,4.97977E+16
51596,51597,7,1,34,13,2016,2,19,3,3,8,1,2,1,0,1,0,0,0,0,3.78822E+20,5.51702E+21,7.31632E+15,4.97934E+16
51597,51598,7,1,34,45,2016,2,15,3,3,2,6,0,1,0,1,0,0,0,0,3.78628E+20,5.50748E+21,7.31659E+15,4.97075E+16
51598,51599,7,3,15,0,2016,2,14,3,3,6,4,0,0,0,1,1,0,0,0,4.43704E+20,5.53937E+21,8.21442E+15,5.0004E+16
51599,51600,7,3,35,202,2016,2,7,5,3,5,3,1,1,0,1,0,0,0,0,3.91969E+20,5.47053E+21,7.51169E+15,4.93779E+16
51600,51601,7,1,33,501,2016,2,0,6,3,9,1,2,1,0,0,0,0,0,1,4.03645E+20,5.51689E+21,7.66114E+15,4.97967E+16
51601,51602,7,3,12,0,2016,2,18,7,2,5,3,2,1,0,1,0,0,0,0,4.05662E+20,5.47148E+21,7.70006E+15,4.93887E+16
51602,51603,7,1,34,20,2016,2,13,3,2,4,1,0,1,0,1,0,0,0,0,3.69499E+20,5.49972E+21,7.19263E+15,4.96359E+16
51603,51604,7,1,37,228,2016,2,15,6,3,1,3,0,0,0,1,0,0,0,0,3.89617E+20,5.58668E+21,7.4461E+15,5.04218E+16
51604,51605,7,1,38,45,2016,2,14,3,3,4,2,0,1,0,1,0,0,0,0,3.91687E+20,5.589E+21,7.47457E+15,5.0443E+16
51605,51606,7,1,40,144,2016,2,14,3,2,8,1,0,1,0,1,0,0,0,0,3.94255E+20,5.53691E+21,7.52523E+15,4.99752E+16
51606,51607,7,3,32,2,2016,2,22,2,2,8,1,2,1,0,1,0,0,0,0,4.41608E+20,5.47781E+21,8.19437E+15,4.94501E+16
51607,51608,7,1,32,38,2016,2,14,3,3,5,1,0,0,0,1,0,0,0,0,4.06124E+20,5.62623E+21,7.66841E+15,5.07803E+16
51608,51609,7,1,38,40,2016,2,18,7,3,3,6,2,2,0,1,0,0,0,0,3.97305E+20,5.60179E+21,7.55014E+15,5.0559E+16
51609,51610,7,3,11,0,2016,2,9,2,3,5,2,0,0,0,1,0,0,0,0,4.53537E+20,5.48698E+21,8.35787E+15,4.95337E+16
51610,51611,7,3,19,0,2016,2,15,2,2,8,1,1,1,0,1,0,0,0,0,4.518E+20,5.50123E+21,8.33212E+15,4.96617E+16
51611,51612,7,2,35,94,2016,2,15,3,3,2,6,0,0,0,1,0,0,0,0,3.25561E+20,5.52059E+21,6.57528E+15,4.98124E+16
51612,51613,7,3,31,3,2016,2,19,2,2,2,6,2,0,0,1,0,0,0,0,4.33846E+20,5.50926E+21,8.08201E+15,4.97322E+16
51613,51614,7,3,11,0,2016,2,21,4,3,4,2,2,0,0,1,0,0,0,0,4.53284E+20,5.48651E+21,8.35443E+15,4.95294E+16
51614,51615,7,2,32,296,2016,2,18,6,3,5,3,2,1,0,1,0,1,0,0,3.15434E+20,5.56395E+21,6.41384E+15,5.01989E+16
51615,51616,7,1,34,75,2016,2,15,2,3,2,2,0,1,0,1,0,0,0,0,3.75541E+20,5.49817E+21,7.27676E+15,4.96232E+16
51616,51617,7,1,43,51,2016,2,18,2,3,2,2,2,0,0,1,0,0,0,0,4.2395E+20,5.58657E+21,7.92934E+15,5.04262E+16
51617,51618,7,1,38,44,2016,2,17,2,3,9,1,0,0,0,1,0,0,0,0,3.87008E+20,5.60816E+21,7.40289E+15,5.06144E+16
51618,51619,7,1,37,203,2016,2,19,2,2,6,2,2,0,0,1,1,0,0,0,3.98823E+20,5.58668E+21,7.57566E+15,5.04234E+16
51619,51620,7,3,34,17,2016,2,16,2,2,6,4,0,1,0,1,1,0,0,0,4.52217E+20,5.45542E+21,8.34342E+15,4.92496E+16
51620,51621,7,3,36,52,2016,2,5,1,3,9,6,2,0,0,1,0,0,0,0,3.80815E+20,5.48593E+21,7.35346E+15,4.95143E+16
51621,51622,7,1,43,36,2016,2,8,4,3,0,7,0,0,0,1,0,0,0,1,4.16849E+20,5.57947E+21,7.83096E+15,5.03614E+16
51622,51623,7,3,12,0,2016,2,20,1,3,8,1,2,0,0,1,0,0,0,0,4.10462E+20,5.47793E+21,7.76473E+15,4.94474E+16
51623,51624,7,3,39,21,2016,2,20,4,3,2,6,2,0,0,1,0,0,0,0,4.24489E+20,5.52884E+21,7.94838E+15,4.99072E+16
51624,51625,7,1,31,70,2016,2,13,6,3,2,6,0,0,0,1,0,0,0,0,3.75182E+20,5.60363E+21,7.23734E+15,5.05713E+16
51625,51626,7,3,12,0,2016,2,17,1,3,5,2,2,0,0,1,0,0,0,0,4.12579E+20,5.4776E+21,7.794E+15,4.94448E+16
51626,51627,7,3,34,1,2016,2,16,1,3,3,1,0,1,0,0,0,1,0,0,4.48979E+20,5.44945E+21,8.29969E+15,4.91957E+16
51627,51628,7,1,33,52,2016,2,11,1,2,4,6,0,1,0,1,0,0,0,0,3.89831E+20,5.51592E+21,7.46953E+15,4.97856E+16
51628,51629,7,3,31,11,2016,2,19,1,2,9,1,2,0,0,1,0,0,0,0,4.40314E+20,5.50907E+21,8.17178E+15,4.97312E+16
51629,51630,7,1,31,77,2016,2,5,4,3,9,1,2,1,0,1,0,0,0,0,3.76278E+20,5.59818E+21,7.25462E+15,5.05225E+16
51630,51631,7,3,15,0,2016,2,15,2,3,0,6,0,0,0,1,0,0,0,0,4.50115E+20,5.53701E+21,8.30417E+15,4.99833E+16
51631,51632,7,3,32,24,2016,2,7,5,3,6,4,1,0,0,1,1,0,0,0,4.39376E+20,5.4898E+21,8.16175E+15,4.95578E+16
51632,51633,7,1,31,211,2016,2,9,2,3,5,3,0,2,0,1,0,0,0,0,3.68786E+20,5.58582E+21,7.15332E+15,5.04097E+16
51633,51634,7,3,15,0,2016,2,4,1,3,5,3,2,1,0,1,0,0,0,0,4.47673E+20,5.53625E+21,8.27022E+15,4.99763E+16
51634,51635,7,1,38,41,2016,2,9,4,3,4,6,0,1,0,1,0,0,1,0,3.7924E+20,5.60849E+21,7.29304E+15,5.06158E+16
51635,51636,7,2,11,0,2016,2,5,7,3,9,1,2,1,0,1,0,0,0,0,3.28611E+20,5.51558E+21,6.61985E+15,4.97683E+16
51636,51637,7,2,32,125,2016,2,2,1,3,4,6,2,0,0,1,0,0,0,0,3.25513E+20,5.53288E+21,6.56908E+15,4.99228E+16
51637,51638,7,1,43,272,2016,2,20,1,3,8,1,2,1,0,1,0,0,0,0,4.31779E+20,5.6081E+21,8.0356E+15,5.06208E+16
51638,51639,7,1,38,73,2016,2,21,1,3,6,4,2,0,0,0,1,0,0,1,3.74186E+20,5.60712E+21,7.22209E+15,5.06024E+16
51639,51640,7,1,37,19,2016,2,14,1,3,5,3,0,0,0,1,0,0,0,0,3.63029E+20,5.57208E+21,7.07733E+15,5.02849E+16
51640,51641,7,1,37,216,2016,2,15,1,3,3,6,0,0,0,1,0,0,0,0,3.94839E+20,5.58389E+21,7.52038E+15,5.03976E+16
51641,51642,7,1,40,125,2016,2,12,1,3,4,1,0,1,0,1,0,0,0,0,4.05901E+20,5.53926E+21,7.68703E+15,4.99982E+16
51642,51643,7,3,36,33,2016,2,11,7,3,0,1,0,0,0,0,0,1,0,0,3.95461E+20,5.50146E+21,7.55159E+15,4.96566E+16
51643,51644,7,3,35,19,2016,2,19,7,2,1,5,2,0,0,1,0,0,0,0,3.96859E+20,5.48577E+21,7.57507E+15,4.95158E+16
51644,51645,7,3,12,0,2016,2,14,3,3,7,7,0,0,0,1,0,0,0,1,4.05313E+20,5.47204E+21,7.69512E+15,4.93936E+16
51645,51646,7,3,34,501,2016,2,20,5,3,2,6,2,0,0,1,0,0,0,0,4.48302E+20,5.43206E+21,8.29263E+15,4.90392E+16
51646,51647,7,3,40,28,2016,2,3,1,3,7,7,2,1,0,1,0,0,0,0,4.03102E+20,5.44134E+21,7.67208E+15,4.91173E+16
51647,51648,7,3,35,4,2016,2,19,7,3,4,6,2,0,0,1,0,0,0,0,4.19925E+20,5.48408E+21,7.894E+15,4.95041E+16
51648,51649,7,3,12,0,2016,2,9,7,2,3,2,0,0,1,1,0,0,0,0,4.11349E+20,5.47804E+21,7.77693E+15,4.94485E+16
51649,51650,7,1,38,45,2016,2,20,4,2,5,3,2,0,0,1,0,0,0,0,3.89915E+20,5.58857E+21,7.44975E+15,5.04388E+16
51650,51651,7,1,35,42,2016,2,11,7,2,8,7,0,0,0,1,0,0,0,0,3.68128E+20,5.56452E+21,7.1515E+15,5.02181E+16
51651,51652,7,3,35,4,2016,2,19,7,3,0,1,2,0,0,1,0,0,0,0,4.19808E+20,5.48446E+21,7.89231E+15,4.95075E+16
51652,51653,7,3,34,27,2016,2,14,7,3,2,6,2,0,1,0,0,0,0,0,4.32984E+20,5.42739E+21,8.08383E+15,4.89958E+16
51653,51654,7,3,14,0,2016,2,14,7,3,3,2,0,0,0,1,0,0,0,0,4.58817E+20,5.4784E+21,8.43174E+15,4.94569E+16
51654,51655,7,3,12,0,2016,2,4,4,3,5,3,2,0,0,1,0,0,0,0,4.08995E+20,5.47735E+21,7.74463E+15,4.9442E+16
51655,51656,7,3,39,43,2016,2,14,6,3,2,2,0,0,0,1,0,0,0,0,4.53438E+20,5.52375E+21,8.35213E+15,4.98644E+16
51656,51657,7,3,39,5,2016,2,11,7,3,0,2,0,0,1,1,0,0,0,0,4.20474E+20,5.53575E+21,7.89105E+15,4.99688E+16
51657,51658,7,3,39,202,2016,2,3,7,3,9,1,2,0,0,1,0,0,0,0,4.31095E+20,5.52399E+21,8.04123E+15,4.98643E+16
51658,51659,7,1,33,52,2016,2,14,3,3,3,7,0,0,0,1,0,1,0,0,3.88455E+20,5.51487E+21,7.45072E+15,4.97759E+16
51659,51660,7,3,34,7,2016,2,9,5,3,5,3,1,1,1,0,0,0,0,1,4.53536E+20,5.4501E+21,8.36216E+15,4.92019E+16
51660,51661,7,3,38,8,2016,2,6,6,3,4,2,2,1,0,1,0,1,0,0,4.48217E+20,5.48006E+21,8.28525E+15,4.9471E+16
51661,51662,7,1,38,62,2016,2,17,1,3,5,3,0,1,0,1,0,0,0,0,3.74056E+20,5.6098E+21,7.21936E+15,5.06265E+16
51662,51663,7,1,33,13,2016,2,18,7,2,6,6,2,0,0,0,1,0,0,1,4.04275E+20,5.52154E+21,7.66873E+15,4.98386E+16
51663,51664,7,3,15,0,2016,2,21,7,2,5,3,2,1,0,1,0,0,0,0,4.49031E+20,5.53624E+21,8.28916E+15,4.99763E+16
51664,51665,7,3,19,0,2016,2,8,7,3,5,3,0,0,1,1,0,0,0,0,4.53903E+20,5.49703E+21,8.36176E+15,4.96241E+16
51665,51666,7,3,15,0,2016,2,14,7,3,8,6,0,0,0,1,0,0,0,0,4.47129E+20,5.53254E+21,8.26313E+15,4.99429E+16
51666,51667,7,1,38,41,2016,2,10,3,3,6,4,0,0,0,1,1,0,0,0,3.78498E+20,5.60323E+21,7.28427E+15,5.05684E+16
51667,51668,7,3,15,0,2016,2,10,7,2,5,2,0,0,0,1,0,1,0,0,4.46025E+20,5.52924E+21,8.24821E+15,4.99131E+16
51668,51669,7,3,39,35,2016,2,7,4,3,5,3,0,0,1,1,0,0,0,0,4.52735E+20,5.51857E+21,8.34297E+15,4.98177E+16
51669,51670,7,2,31,113,2016,2,20,6,2,5,3,2,0,0,1,0,0,0,0,3.44633E+20,5.53225E+21,6.8355E+15,4.99224E+16
51670,51671,7,3,15,0,2016,2,12,7,3,3,6,0,0,0,0,0,1,0,1,4.48482E+20,5.53803E+21,8.28126E+15,4.99924E+16
51671,51672,7,3,39,5,2016,2,11,7,3,3,6,0,0,0,1,0,0,0,0,4.23888E+20,5.53108E+21,7.93957E+15,4.99272E+16
51672,51673,7,2,31,56,2016,2,11,7,2,8,1,0,0,0,0,0,1,0,0,3.71981E+20,5.5278E+21,7.21775E+15,4.98889E+16
51673,51674,7,1,34,26,2016,2,23,7,3,5,3,2,0,0,1,0,0,0,0,3.77661E+20,5.49537E+21,7.30697E+15,4.95985E+16
51674,51675,7,2,11,0,2016,2,18,7,3,5,3,2,0,0,1,0,0,0,0,3.29042E+20,5.51464E+21,6.62624E+15,4.97599E+16
51675,51676,7,1,41,34,2016,2,1,7,3,8,1,2,0,0,1,0,0,0,0,4.27911E+20,5.57086E+21,7.9881E+15,5.02855E+16
51676,51677,7,3,20,0,2016,2,12,2,3,6,4,0,0,0,1,1,0,0,0,3.81871E+20,5.45641E+21,7.37681E+15,4.92491E+16
51677,51678,7,1,31,55,2016,2,7,7,3,2,6,1,0,0,1,0,0,0,1,3.74396E+20,5.59029E+21,7.23073E+15,5.04512E+16
51678,51679,7,1,34,45,2016,2,15,4,3,2,6,0,0,0,1,0,0,0,0,3.76155E+20,5.51095E+21,7.28121E+15,4.97382E+16
51679,51680,7,3,17,0,2016,2,7,6,3,6,4,0,1,0,1,1,0,0,0,3.98942E+20,5.45229E+21,7.61233E+15,4.92151E+16
51680,51681,7,3,12,0,2016,2,13,6,2,4,1,0,1,0,1,0,0,0,0,4.09172E+20,5.47387E+21,7.74786E+15,4.94107E+16
51681,51682,7,3,12,0,2016,2,11,6,3,0,6,0,1,0,1,0,1,0,0,4.07257E+20,5.47361E+21,7.72152E+15,4.94081E+16
51682,51683,7,3,32,25,2016,2,12,6,3,1,6,0,0,0,1,0,0,0,0,4.45348E+20,5.46656E+21,8.24753E+15,4.93493E+16
51683,51684,7,3,34,501,2016,2,8,6,3,8,1,0,1,0,0,0,0,1,0,4.47635E+20,5.43555E+21,8.28305E+15,4.90706E+16
51684,51685,7,1,11,0,2016,2,19,4,3,3,6,2,0,0,1,0,0,1,0,3.99527E+20,5.57971E+21,7.58743E+15,5.03609E+16
51685,51686,7,3,37,35,2016,2,9,5,3,5,3,0,1,0,1,0,0,0,0,4.39946E+20,5.45722E+21,8.17456E+15,4.92648E+16
51686,51687,7,1,37,226,2016,2,14,2,2,3,6,0,1,0,1,0,0,0,0,4.01814E+20,5.58278E+21,7.61878E+15,5.03888E+16
51687,51688,7,3,34,36,2016,2,9,6,3,9,1,0,1,0,1,0,0,0,0,4.44674E+20,5.45391E+21,8.24E+15,4.92354E+16
51688,51689,7,3,37,74,2016,2,17,6,2,8,1,2,1,0,0,0,0,0,1,4.21814E+20,5.4428E+21,7.92818E+15,4.9133E+16
51689,51690,7,1,32,54,2016,2,7,4,3,4,6,0,0,0,1,0,0,0,0,4.14797E+20,5.62756E+21,7.7911E+15,5.07935E+16
51690,51691,7,3,18,0,2016,2,16,2,3,3,1,0,1,0,0,0,1,0,0,4.58225E+20,5.46575E+21,8.42489E+15,4.93431E+16
51691,51692,7,3,15,0,2016,2,7,2,3,2,6,0,0,0,1,0,0,0,0,4.4896E+20,5.53605E+21,8.28819E+15,4.99746E+16
51692,51693,7,3,37,52,2016,2,12,6,3,1,6,0,0,0,1,0,0,0,0,4.37434E+20,5.46107E+21,8.13943E+15,4.92992E+16
51693,51694,7,3,38,11,2016,2,20,6,2,5,3,2,0,0,1,0,1,0,0,4.52742E+20,5.46013E+21,8.35008E+15,4.92921E+16
51694,51695,7,3,18,0,2016,2,17,6,3,0,1,2,1,0,1,0,1,0,0,4.58108E+20,5.46196E+21,8.42368E+15,4.93089E+16
51695,51696,7,3,38,19,2016,2,16,6,3,1,6,0,1,0,1,0,0,0,0,4.5391E+20,5.47544E+21,8.36437E+15,4.94298E+16
51696,51697,7,3,14,0,2016,2,16,6,2,3,2,0,0,0,1,0,0,0,1,4.59585E+20,5.48032E+21,8.44214E+15,4.94741E+16
51697,51698,7,3,34,7,2016,2,7,3,3,5,3,1,0,0,1,0,0,0,0,4.53695E+20,5.45266E+21,8.36405E+15,4.9225E+16
51698,51699,7,3,13,0,2016,2,15,5,3,1,1,0,0,0,1,0,0,0,0,4.33235E+20,5.44792E+21,8.08388E+15,4.91805E+16
51699,51700,7,3,36,102,2016,2,15,6,3,5,3,0,1,1,1,0,0,0,0,3.82679E+20,5.47041E+21,7.38379E+15,4.93751E+16
51700,51701,7,3,14,0,2016,2,16,1,2,6,4,0,0,0,1,1,0,0,0,4.59387E+20,5.48009E+21,8.43942E+15,4.94721E+16