FID,OBJECTID,ULAND,UREGBEZ,UKREIS,UGEMEINDE,UJAHR,UMONAT,USTUNDE,UWOCHENTAG,UKATEGORIE,UART,UTYP1,ULICHTVERH,IstStrasse,IstRad,IstPKW,IstFuss,IstKrad,IstGkfz,IstSonstig,LINREFX,LINREFY,XGCSWGS84,YGCSWGS84
51701,51702,7,3,39,56,2016,2,12,6,3,5,3,0,0,0,1,0,0,0,0,4.27049E+20,5.52381E+21,7.98497E+15,4.98623E+16
51702,51703,7,3,18,0,2016,2,13,7,3,9,6,0,1,0,1,0,0,1,0,4.61617E+20,5.45967E+21,8.47217E+15,4.92886E+16
51703,51704,7,1,38,45,2016,2,7,4,3,5,3,0,0,0,1,0,0,0,0,3.96686E+20,5.58819E+21,7.54517E+15,5.04366E+16
51704,51705,7,1,11,0,2016,2,13,7,3,2,6,0,0,0,1,0,0,0,0,3.99872E+20,5.57911E+21,7.59244E+15,5.03556E+16
51705,51706,7,3,39,62,2016,2,2,6,3,8,1,2,1,0,1,0,0,0,0,4.16596E+20,5.5348E+21,7.83718E+15,4.99597E+16
51706,51707,7,1,33,6,2016,2,12,6,3,2,6,0,0,0,0,0,1,1,0,4.15722E+20,5.5222E+21,7.82776E+15,4.98463E+16
51707,51708,7,1,31,7,2016,2,11,4,3,2,1,0,1,0,1,0,0,0,0,3.71638E+20,5.60144E+21,7.18807E+15,5.05508E+16
51708,51709,7,1,38,9,2016,2,14,7,2,4,2,0,1,1,1,0,0,0,0,3.85815E+20,5.60401E+21,7.38731E+15,5.05768E+16
51709,51710,7,3,31,3,2016,2,11,6,3,0,6,0,1,0,1,0,1,0,0,4.35409E+20,5.5104E+21,8.10351E+15,4.97427E+16
51710,51711,7,3,19,0,2016,2,18,6,3,5,3,2,1,0,1,0,0,0,0,4.47044E+20,5.49856E+21,8.26658E+15,4.96373E+16
51711,51712,7,3,39,32,2016,2,13,6,3,2,6,0,0,0,1,0,0,0,0,4.43111E+20,5.53215E+21,8.2072E+15,4.9939E+16
51712,51713,7,3,15,0,2016,2,7,6,3,4,2,0,0,1,1,0,0,0,0,4.46823E+20,5.53866E+21,8.25803E+15,4.99979E+16
51713,51714,7,3,15,0,2016,2,17,3,3,5,3,1,0,0,1,0,0,0,0,4.45989E+20,5.53928E+21,8.24631E+15,5.00034E+16
51714,51715,7,3,39,6,2016,2,21,5,3,5,3,2,1,0,1,0,0,0,0,4.51465E+20,5.53044E+21,8.32383E+15,4.99244E+16
51715,51716,7,3,14,0,2016,2,13,6,3,3,6,0,0,0,1,0,1,0,0,4.59537E+20,5.48155E+21,8.44135E+15,4.94852E+16
51716,51717,7,3,35,38,2016,2,20,7,3,9,1,2,1,0,1,0,0,0,0,3.96729E+20,5.47522E+21,7.57602E+15,4.94209E+16
51717,51718,7,2,33,68,2016,2,17,6,2,9,1,1,1,0,1,0,0,0,0,3.50627E+20,5.56162E+21,6.90748E+15,5.0188E+16
51718,51719,7,2,33,80,2016,2,12,6,3,3,6,0,1,0,1,0,0,1,0,3.39532E+20,5.57211E+21,6.74774E+15,5.02793E+16
51719,51720,7,2,35,153,2016,2,10,6,3,8,1,0,1,0,1,0,0,0,0,3.54208E+20,5.50258E+21,6.97992E+15,4.96581E+16
51720,51721,7,1,32,37,2016,2,14,3,2,8,1,0,0,0,1,0,0,0,0,4.15947E+20,5.63412E+21,7.80591E+15,5.08526E+16
51721,51722,7,2,35,122,2016,2,17,6,2,8,1,0,0,0,1,0,0,0,0,3.26104E+20,5.50184E+21,6.59118E+15,4.96441E+16
51722,51723,7,3,31,3,2016,2,20,4,3,2,6,2,0,0,1,0,0,1,0,4.3402E+20,5.51035E+21,8.08424E+15,4.9742E+16
51723,51724,7,2,31,90,2016,2,7,3,2,4,3,1,0,0,1,0,1,1,0,3.57073E+20,5.53084E+21,7.00921E+15,4.99128E+16
51724,51725,7,2,11,0,2016,2,10,6,3,2,6,0,0,0,1,0,0,0,0,3.2924E+20,5.51362E+21,6.62944E+15,4.97508E+16
51725,51726,7,3,38,6,2016,2,16,4,3,2,6,0,0,0,1,0,0,0,0,4.50062E+20,5.47567E+21,8.31128E+15,4.94317E+16
51726,51727,7,3,15,0,2016,2,17,5,3,3,6,2,0,0,1,0,0,0,1,4.45698E+20,5.53498E+21,8.24285E+15,4.99647E+16
51727,51728,7,2,33,29,2016,2,14,6,3,5,3,0,0,0,1,0,0,0,0,3.31925E+20,5.57325E+21,6.64057E+15,5.02874E+16
51728,51729,7,2,11,0,2016,2,10,6,3,1,5,0,0,0,1,0,0,0,0,3.28163E+20,5.51304E+21,6.61476E+15,4.97453E+16
51729,51730,7,1,43,206,2016,2,13,6,3,2,6,0,1,0,1,0,0,1,0,4.27039E+20,5.61318E+21,7.9676E+15,5.06659E+16
51730,51731,7,1,43,78,2016,2,16,6,3,9,1,0,1,0,1,0,0,0,0,4.1291E+20,5.5955E+21,7.77187E+15,5.0505E+16
51731,51732,7,1,38,44,2016,2,8,6,3,4,2,0,1,0,1,0,0,0,0,3.89033E+20,5.6069E+21,7.43188E+15,5.06034E+16
51732,51733,7,3,36,52,2016,2,6,2,2,4,1,2,0,0,1,0,0,1,0,3.82092E+20,5.4859E+21,7.3711E+15,4.95142E+16
51733,51734,7,1,38,2,2016,2,7,6,3,5,3,1,1,0,1,0,1,0,0,3.97989E+20,5.59537E+21,7.56155E+15,5.05014E+16
51734,51735,7,1,41,30,2016,2,20,4,3,8,1,2,1,0,1,0,0,0,0,4.21508E+20,5.57537E+21,7.8973E+15,5.03252E+16
51735,51736,7,1,37,216,2016,2,19,6,2,4,6,2,0,0,1,0,0,0,0,3.9281E+20,5.58347E+21,7.49196E+15,5.03935E+16
51736,51737,7,1,37,216,2016,2,18,6,3,4,2,2,0,0,1,0,0,0,0,3.96161E+20,5.58368E+21,7.53902E+15,5.0396E+16
51737,51738,7,1,37,216,2016,2,13,6,3,2,6,0,1,0,1,0,0,0,0,3.94264E+20,5.58406E+21,7.51223E+15,5.03991E+16
51738,51739,7,1,41,61,2016,2,13,6,3,4,6,0,1,0,1,0,0,0,0,4.31486E+20,5.57846E+21,8.0369E+15,5.03542E+16
51739,51740,7,1,11,0,2016,2,10,6,3,2,6,0,1,0,1,0,0,0,0,3.99954E+20,5.57906E+21,7.5936E+15,5.03551E+16
51740,51741,7,3,17,0,2016,2,18,5,2,6,1,2,1,0,1,1,0,0,0,3.99083E+20,5.44722E+21,7.61555E+15,4.91695E+16
51741,51742,7,3,32,16,2016,2,18,5,3,4,6,2,1,0,1,0,0,0,0,4.29473E+20,5.468E+21,8.02872E+15,4.93606E+16
51742,51743,7,3,38,23,2016,2,21,5,3,4,2,2,1,0,1,0,0,0,0,4.56286E+20,5.46078E+21,8.39875E+15,4.92982E+16
51743,51744,7,1,38,45,2016,2,7,4,3,4,2,1,0,0,1,0,0,0,0,3.91213E+20,5.59009E+21,7.46758E+15,5.04527E+16
51744,51745,7,3,14,0,2016,2,10,2,3,5,2,0,1,1,1,0,0,0,0,4.58795E+20,5.48151E+21,8.4311E+15,4.94848E+16
51745,51746,7,1,43,48,2016,2,8,2,3,1,6,0,1,0,1,0,0,0,0,4.17574E+20,5.58853E+21,7.83916E+15,5.0443E+16
51746,51747,7,3,38,5,2016,2,7,5,3,9,1,1,0,0,1,0,0,0,0,4.48875E+20,5.47126E+21,8.29548E+15,4.93919E+16
51747,51748,7,2,32,222,2016,2,16,7,3,8,1,0,2,0,1,0,0,0,0,3.17378E+20,5.55244E+21,6.44655E+15,5.00961E+16
51748,51749,7,3,14,0,2016,2,14,5,3,2,6,0,1,0,0,0,0,1,1,4.56027E+20,5.48827E+21,8.39213E+15,4.95454E+16
51749,51750,7,3,39,5,2016,2,16,5,3,5,2,0,1,1,1,0,0,0,0,4.20561E+20,5.53517E+21,7.89238E+15,4.99636E+16
51750,51751,7,3,31,26,2016,2,16,5,2,8,1,0,0,0,1,0,0,0,0,4.40396E+20,5.5119E+21,8.17249E+15,4.97566E+16
51751,51752,7,3,19,0,2016,2,20,5,3,8,1,2,1,0,1,0,0,0,0,4.51482E+20,5.49967E+21,8.32791E+15,4.96476E+16
51752,51753,7,3,14,0,2016,2,17,3,3,6,4,1,0,0,1,1,0,0,0,4.59355E+20,5.48005E+21,8.43899E+15,4.94717E+16
51753,51754,7,2,33,234,2016,2,16,5,2,0,1,0,1,1,0,0,0,0,0,3.58644E+20,5.5706E+21,7.01637E+15,5.02706E+16
51754,51755,7,3,15,0,2016,2,17,5,3,5,2,2,1,0,1,0,1,0,0,4.41412E+20,5.5373E+21,8.18275E+15,4.99851E+16
51755,51756,7,3,39,42,2016,2,18,5,3,2,6,2,1,0,1,0,0,0,0,4.425E+20,5.53095E+21,8.19887E+15,4.99281E+16
51756,51757,7,3,36,55,2016,2,16,3,3,4,6,0,0,0,1,0,0,0,0,3.84393E+20,5.4878E+21,7.40232E+15,4.95318E+16
51757,51758,7,2,11,0,2016,2,16,5,3,2,6,0,0,0,1,0,0,0,0,3.32294E+20,5.51244E+21,6.6723E+15,4.97411E+16
51758,51759,7,1,11,0,2016,2,10,2,3,2,6,0,1,0,1,0,0,0,0,3.98133E+20,5.58227E+21,7.56715E+15,5.03836E+16
51759,51760,7,2,35,45,2016,2,12,5,3,2,2,0,1,0,1,0,0,0,0,3.51183E+20,5.50252E+21,6.93807E+15,4.96569E+16
51760,51761,7,3,35,10,2016,2,19,7,3,5,3,2,1,0,1,0,0,0,0,4.25971E+20,5.4767E+21,7.97887E+15,4.94385E+16
51761,51762,7,1,37,69,2016,2,13,4,3,2,2,0,1,0,1,0,0,0,0,3.78407E+20,5.58096E+21,7.29022E+15,5.03682E+16
51762,51763,7,1,38,45,2016,2,22,7,3,4,2,2,1,0,1,0,0,0,0,3.93985E+20,5.59127E+21,7.50628E+15,5.04638E+16
51763,51764,7,2,35,118,2016,2,7,5,3,6,4,2,0,0,1,1,0,0,0,3.23266E+20,5.49801E+21,6.55363E+15,4.96088E+16
51764,51765,7,1,43,271,2016,2,5,5,3,9,1,2,1,0,1,0,0,0,0,4.34073E+20,5.60279E+21,8.06897E+15,5.05733E+16
51765,51766,7,1,38,80,2016,2,15,5,3,5,3,0,1,0,1,0,0,0,0,3.87126E+20,5.61951E+21,7.40109E+15,5.07164E+16
51766,51767,7,3,33,502,2016,2,12,4,3,4,2,0,0,0,1,0,0,0,0,4.14548E+20,5.4982E+21,7.81669E+15,4.96303E+16
51767,51768,7,2,35,73,2016,2,15,5,2,4,1,0,1,0,1,0,0,0,0,3.21084E+20,5.51099E+21,6.51753E+15,4.97247E+16
51768,51769,7,3,31,32,2016,2,18,6,2,1,2,2,0,0,1,0,1,0,0,4.41894E+20,5.51457E+21,8.19289E+15,4.97808E+16
51769,51770,7,3,12,0,2016,2,17,7,3,1,5,2,1,0,1,0,0,0,0,4.0766E+20,5.47956E+21,7.7257E+15,4.94616E+16
51770,51771,7,1,37,89,2016,2,8,5,3,4,1,0,1,0,1,0,0,0,0,3.82077E+20,5.57438E+21,7.34387E+15,5.03097E+16
51771,51772,7,1,37,43,2016,2,7,5,2,5,3,2,1,0,1,0,0,0,0,3.74009E+20,5.57149E+21,7.23157E+15,5.02821E+16
51772,51773,7,3,37,5,2016,2,4,6,3,9,1,2,1,0,1,0,0,0,0,4.2648E+20,5.43799E+21,7.993E+15,4.90904E+16
51773,51774,7,3,31,3,2016,2,15,1,3,8,7,0,0,0,1,0,0,0,0,4.36769E+20,5.51196E+21,8.12213E+15,4.97568E+16
51774,51775,7,1,40,6,2016,2,12,5,3,0,7,0,1,0,0,0,1,0,0,3.78038E+20,5.53437E+21,7.29997E+15,4.99492E+16
51775,51776,7,3,15,0,2016,2,23,7,3,2,6,2,1,0,1,0,0,0,0,4.47587E+20,5.53991E+21,8.26852E+15,5.00092E+16
51776,51777,7,3,40,14,2016,2,18,4,3,9,1,1,1,0,1,0,0,0,0,4.13526E+20,5.45058E+21,7.81291E+15,4.92019E+16
51777,51778,7,3,17,0,2016,2,7,4,3,5,3,0,1,0,1,0,0,0,0,3.97735E+20,5.45242E+21,7.59574E+15,4.92161E+16
51778,51779,7,1,43,206,2016,2,12,3,3,5,3,0,0,0,1,0,0,0,0,4.26103E+20,5.61318E+21,7.95436E+15,5.06658E+16
51779,51780,7,3,35,38,2016,2,12,4,3,9,1,0,1,0,1,0,0,1,0,3.96679E+20,5.47523E+21,7.57534E+15,4.94209E+16
51780,51781,7,3,39,38,2016,2,20,4,3,4,6,2,0,0,1,0,0,0,0,4.21142E+20,5.53311E+21,7.90089E+15,4.99451E+16
51781,51782,7,2,32,7,2016,2,8,6,3,9,1,0,1,0,1,0,0,0,0,3.27803E+20,5.54152E+21,6.59709E+15,5.00011E+16
51782,51783,7,3,35,37,2016,2,16,4,3,4,2,0,1,0,1,0,0,0,0,4.00461E+20,5.47029E+21,7.62871E+15,4.93772E+16
51783,51784,7,3,32,27,2016,2,15,4,3,5,3,0,1,0,1,0,0,0,0,4.33151E+20,5.48793E+21,8.07601E+15,4.95403E+16
51784,51785,7,3,32,2,2016,2,19,4,3,6,4,2,1,0,1,1,0,0,0,4.39241E+20,5.47897E+21,8.16155E+15,4.94603E+16
51785,51786,7,3,37,5,2016,2,16,4,3,6,4,0,1,0,1,1,0,0,0,4.27357E+20,5.43926E+21,8.00479E+15,4.91019E+16
51786,51787,7,1,38,57,2016,2,16,4,3,2,6,0,0,0,1,0,0,0,0,4.0164E+20,5.60601E+21,7.61021E+15,5.05977E+16
51787,51788,7,3,37,42,2016,2,13,2,3,5,3,0,0,0,1,0,0,0,0,4.30652E+20,5.44842E+21,8.04834E+15,4.91847E+16
51788,51789,7,3,14,0,2016,2,16,4,3,5,2,0,1,0,1,0,0,0,0,4.55988E+20,5.48228E+21,8.39226E+15,4.94915E+16
51789,51790,7,3,14,0,2016,2,14,4,3,4,6,0,1,0,1,0,1,0,0,4.56813E+20,5.48344E+21,8.40353E+15,4.9502E+16
51790,51791,7,1,11,0,2016,2,6,3,3,2,6,2,1,0,1,0,0,0,0,3.9704E+20,5.57402E+21,7.55402E+15,5.03093E+16
51791,51792,7,3,39,19,2016,2,20,4,3,9,1,2,0,0,1,0,0,0,0,4.27218E+20,5.53359E+21,7.98547E+15,4.99502E+16
51792,51793,7,2,33,23,2016,2,7,4,2,8,1,0,2,0,1,0,0,0,0,3.30433E+20,5.57888E+21,6.61711E+15,5.03376E+16
51793,51794,7,3,15,0,2016,2,14,4,3,4,2,0,1,0,1,0,0,0,0,4.46335E+20,5.5363E+21,8.25155E+15,4.99767E+16
51794,51795,7,3,31,3,2016,2,16,4,3,8,7,0,0,0,1,0,0,1,0,4.33735E+20,5.50867E+21,8.08057E+15,4.97269E+16
51795,51796,7,2,35,125,2016,2,16,4,3,2,6,0,1,0,1,0,0,0,0,3.40233E+20,5.52345E+21,6.77788E+15,4.98421E+16
51796,51797,7,2,11,0,2016,2,7,4,3,1,6,0,1,0,1,0,0,0,0,3.34875E+20,5.51765E+21,6.70589E+15,4.97886E+16
51797,51798,7,2,31,75,2016,2,10,4,3,1,2,0,1,0,1,0,0,0,0,3.57448E+20,5.53127E+21,7.01428E+15,4.99168E+16
51798,51799,7,1,37,3,2016,2,16,4,3,3,6,0,0,0,1,0,0,0,0,3.84074E+20,5.59048E+21,7.36694E+15,5.04548E+16
51799,51800,7,2,11,0,2016,2,7,5,3,5,3,1,1,0,1,0,0,0,0,3.31951E+20,5.51593E+21,6.66604E+15,4.97723E+16
51800,51801,7,1,37,69,2016,2,16,2,3,5,3,0,1,0,1,0,0,0,0,3.77253E+20,5.58265E+21,7.27345E+15,5.03831E+16
51801,51802,7,2,35,83,2016,2,8,4,3,4,6,0,1,0,1,0,0,0,1,3.4656E+20,5.51344E+21,6.86977E+15,4.97538E+16
51802,51803,7,1,40,67,2016,2,16,4,3,5,2,0,0,0,1,0,0,0,0,3.85301E+20,5.53471E+21,7.40106E+15,4.99537E+16
51803,51804,7,1,43,29,2016,2,20,7,3,5,3,2,1,0,1,0,0,0,0,4.09199E+20,5.60253E+21,7.71784E+15,5.05677E+16
51804,51805,7,1,43,238,2016,2,11,5,3,9,1,0,1,0,1,0,0,0,0,4.27466E+20,5.60374E+21,7.9755E+15,5.0581E+16
51805,51806,7,1,43,49,2016,2,11,5,3,5,3,0,0,0,1,0,0,1,0,4.17785E+20,5.59247E+21,7.84127E+15,5.04785E+16
51806,51807,7,1,43,18,2016,2,8,5,3,5,2,0,0,0,1,0,0,0,0,4.16785E+20,5.60194E+21,7.82506E+15,5.05634E+16
51807,51808,7,1,32,116,2016,2,14,5,3,2,6,0,1,0,1,0,0,0,0,3.95636E+20,5.60266E+21,7.52635E+15,5.05665E+16
51808,51809,7,1,38,75,2016,2,10,5,3,5,2,0,0,0,1,0,0,0,0,3.80375E+20,5.60884E+21,7.30896E+15,5.06192E+16
51809,51810,7,1,43,66,2016,3,15,6,3,4,6,0,2,0,1,0,0,0,0,4.1389E+20,5.60633E+21,7.78318E+15,5.06025E+16
51810,51811,7,3,12,0,2016,3,15,5,3,4,2,0,0,0,1,0,0,0,0,4.05808E+20,5.48043E+21,7.69994E+15,4.94692E+16
51811,51812,7,1,32,39,2016,2,16,5,3,1,6,0,1,0,1,0,0,0,0,4.16907E+20,5.62252E+21,7.82217E+15,5.07485E+16
51812,51813,7,3,32,24,2016,2,11,7,3,2,6,0,0,0,1,0,0,1,0,4.40814E+20,5.48938E+21,8.18169E+15,4.95541E+16
51813,51814,7,3,31,12,2016,3,9,4,2,5,3,0,1,0,1,0,0,0,0,4.34682E+20,5.51564E+21,8.09254E+15,4.97897E+16
51814,51815,7,3,12,0,2016,2,11,5,3,2,6,0,0,0,1,0,0,0,0,4.09844E+20,5.47221E+21,7.7575E+15,4.93959E+16
51815,51816,7,1,43,241,2016,3,22,3,3,8,1,2,2,0,1,0,0,0,0,4.12273E+20,5.60812E+21,7.75991E+15,5.06184E+16
51816,51817,7,1,11,0,2016,2,18,7,2,6,2,2,0,0,1,1,0,0,0,3.98009E+20,5.58066E+21,7.56583E+15,5.03691E+16
51817,51818,7,1,32,107,2016,2,5,5,3,8,1,2,2,0,1,0,0,0,0,4.16968E+20,5.61961E+21,7.82369E+15,5.07224E+16
51818,51819,7,3,31,18,2016,2,17,6,3,5,2,2,0,0,1,0,0,0,0,4.53375E+20,5.51369E+21,8.35245E+15,4.97738E+16
51819,51820,7,3,15,0,2016,2,8,5,3,0,7,0,0,0,1,0,0,0,0,4.52603E+20,5.53259E+21,8.33942E+15,4.99438E+16
51820,51821,7,1,11,0,2016,2,15,6,3,3,6,0,0,0,1,0,0,0,1,3.99322E+20,5.58154E+21,7.58406E+15,5.03773E+16
51821,51822,7,1,31,6,2016,2,13,5,3,2,6,0,0,0,1,0,0,0,1,3.79082E+20,5.59713E+21,7.29449E+15,5.05136E+16
51822,51823,7,3,14,0,2016,3,5,6,3,0,6,2,2,0,1,0,1,0,0,4.52787E+20,5.48208E+21,8.34809E+15,4.94895E+16
51823,51824,7,1,40,99,2016,2,19,5,3,0,1,2,0,0,0,0,1,0,0,3.96806E+20,5.53779E+21,7.56055E+15,4.99835E+16
51824,51825,7,2,31,503,2016,2,12,2,2,9,1,0,0,0,1,0,0,0,0,3.39904E+20,5.5407E+21,6.76615E+15,4.99971E+16
51825,51826,7,3,15,0,2016,3,17,5,3,0,1,0,1,0,0,0,1,0,0,4.49301E+20,5.53769E+21,8.29274E+15,4.99894E+16
51826,51827,7,1,40,129,2016,2,12,5,3,5,2,0,0,0,1,0,0,0,0,3.88549E+20,5.53465E+21,7.44634E+15,4.99538E+16
51827,51828,7,3,35,10,2016,3,8,6,3,1,7,0,1,0,1,0,0,0,0,4.25836E+20,5.47677E+21,7.977E+15,4.94391E+16
51828,51829,7,1,11,0,2016,2,16,5,3,2,6,0,0,0,1,0,0,0,0,3.99221E+20,5.58165E+21,7.58262E+15,5.03783E+16
51829,51830,7,1,40,18,2016,3,15,6,3,9,1,0,2,0,1,0,0,0,0,3.94474E+20,5.55033E+21,7.52459E+15,5.00958E+16
51830,51831,7,3,14,0,2016,3,16,5,3,2,6,0,0,0,1,0,0,0,0,4.58154E+20,5.48336E+21,8.42206E+15,4.95014E+16
51831,51832,7,1,31,55,2016,2,22,5,3,8,1,2,1,0,1,0,0,0,0,3.74477E+20,5.59234E+21,7.23118E+15,5.04696E+16
51832,51833,7,3,18,0,2016,2,20,7,2,5,3,2,0,0,1,0,0,0,0,4.57989E+20,5.46797E+21,8.42142E+15,4.9363E+16
51833,51834,7,2,35,8,2016,3,20,4,3,8,1,2,2,0,1,0,0,0,0,3.4788E+20,5.51067E+21,6.88916E+15,4.97293E+16
51834,51835,7,3,37,13,2016,2,13,5,3,8,1,0,0,0,1,0,0,0,0,4.19062E+20,5.43625E+21,7.89177E+15,4.90738E+16
51835,51836,7,3,12,0,2016,2,13,2,3,5,2,0,0,0,1,0,0,0,0,4.10212E+20,5.47837E+21,7.76118E+15,4.94514E+16
51836,51837,7,3,16,0,2016,2,10,6,3,1,1,0,0,0,1,0,0,0,0,4.38266E+20,5.46649E+21,8.15004E+15,4.9348E+16
51837,51838,7,1,37,69,2016,2,2,5,2,9,7,2,0,0,1,0,0,0,0,3.78629E+20,5.58299E+21,7.29269E+15,5.03864E+16
51838,51839,7,1,34,14,2016,2,11,6,3,9,1,2,1,0,1,0,0,0,0,3.71059E+20,5.51603E+21,7.20883E+15,4.97829E+16
51839,51840,7,3,40,54,2016,2,7,4,3,5,3,1,1,0,1,0,0,0,0,4.00842E+20,5.45964E+21,7.6366E+15,4.92815E+16
51840,51841,7,3,31,58,2016,3,20,6,3,8,1,2,1,0,1,0,0,0,0,4.38571E+20,5.5237E+21,8.14529E+15,4.98626E+16
51841,51842,7,3,40,206,2016,2,6,4,3,6,7,2,1,0,1,1,0,0,0,3.85861E+20,5.45618E+21,7.43168E+15,4.92477E+16
51842,51843,7,1,43,232,2016,2,6,2,3,3,6,1,0,0,1,0,0,1,1,4.20563E+20,5.59746E+21,7.87935E+15,5.05237E+16
51843,51844,7,3,40,36,2016,2,7,4,2,4,6,2,1,0,1,0,0,0,0,3.9685E+20,5.44765E+21,7.58481E+15,4.9173E+16
51844,51845,7,3,36,92,2016,3,8,3,3,2,6,0,0,0,1,0,0,0,0,3.81836E+20,5.47422E+21,7.37105E+15,4.94092E+16
51845,51846,7,3,15,0,2016,2,13,2,3,0,6,0,0,1,1,0,0,0,0,4.43366E+20,5.53922E+21,8.20972E+15,5.00026E+16
51846,51847,7,3,36,102,2016,2,7,4,3,6,4,0,1,0,1,1,0,0,0,3.79168E+20,5.47149E+21,7.33511E+15,4.93841E+16
51847,51848,7,2,11,0,2016,3,7,4,3,2,6,0,1,0,1,0,0,0,0,3.29792E+20,5.51519E+21,6.63641E+15,4.97651E+16
51848,51849,7,3,37,68,2016,2,13,2,3,5,3,0,0,0,1,0,0,0,0,4.36631E+20,5.44303E+21,8.13124E+15,4.91368E+16
51849,51850,7,3,12,0,2016,2,9,4,3,2,6,0,1,0,1,0,0,1,0,4.04802E+20,5.47651E+21,7.687E+15,4.94338E+16
51850,51851,7,3,40,51,2016,2,14,5,2,6,4,0,0,0,1,1,0,0,0,3.95696E+20,5.45777E+21,7.56635E+15,4.92638E+16
51851,51852,7,3,14,0,2016,2,16,4,3,2,6,0,0,0,1,0,0,0,0,4.51155E+20,5.48123E+21,8.32566E+15,4.94817E+16
51852,51853,7,3,38,9,2016,2,6,4,3,8,1,2,0,0,1,0,0,0,0,4.49294E+20,5.49146E+21,8.29866E+15,4.95736E+16
51853,51854,7,2,33,26,2016,3,16,6,3,5,3,0,1,0,1,0,0,0,1,3.32515E+20,5.56609E+21,6.65201E+15,5.02232E+16
51854,51855,7,3,37,27,2016,2,16,4,2,5,3,0,0,1,1,0,0,0,0,4.4363E+20,5.45741E+21,8.22517E+15,4.92669E+16
51855,51856,7,2,35,141,2016,3,8,5,3,9,1,0,2,0,1,0,0,0,0,3.39015E+20,5.51449E+21,6.76467E+15,4.97613E+16
51856,51857,7,1,40,112,2016,2,21,2,2,9,1,2,0,0,1,0,0,0,0,4.07329E+20,5.54991E+21,7.70437E+15,5.00942E+16
51857,51858,7,3,13,0,2016,2,7,4,3,2,6,0,1,0,1,0,0,0,0,4.36963E+20,5.45188E+21,8.1344E+15,4.92164E+16
51858,51859,7,3,15,0,2016,3,8,3,3,2,6,0,0,0,1,0,0,0,0,4.45396E+20,5.53495E+21,8.23865E+15,4.99644E+16
51859,51860,7,3,13,0,2016,2,6,4,2,5,2,0,0,0,1,0,1,0,0,4.3622E+20,5.451E+21,8.12434E+15,4.92085E+16
51860,51861,7,3,19,0,2016,2,9,4,3,0,7,0,0,0,0,1,0,0,1,4.52339E+20,5.49993E+21,8.33974E+15,4.965E+16
51861,51862,7,3,39,11,2016,2,9,4,3,9,1,0,2,0,1,0,0,0,0,4.51911E+20,5.52195E+21,8.3311E+15,4.98481E+16
51862,51863,7,1,43,206,2016,3,16,6,3,1,6,0,2,0,1,0,0,0,0,4.26889E+20,5.61318E+21,7.96548E+15,5.06659E+16
51863,51864,7,3,39,64,2016,2,6,4,3,8,1,2,2,0,1,0,0,0,0,4.47162E+20,5.51939E+21,8.26539E+15,4.98246E+16
51864,51865,7,3,40,35,2016,3,6,5,3,9,1,1,1,0,0,0,0,1,0,3.94234E+20,5.45303E+21,7.54751E+15,4.92209E+16
51865,51866,7,3,39,37,2016,2,7,4,2,4,6,0,2,0,1,0,0,0,0,4.46369E+20,5.52655E+21,8.25337E+15,4.98889E+16
51866,51867,7,3,35,38,2016,2,15,7,3,5,3,0,0,1,1,0,0,0,0,3.95354E+20,5.47575E+21,7.55693E+15,4.94254E+16
51867,51868,7,3,32,16,2016,3,17,4,3,8,1,1,1,0,1,0,0,0,0,4.27818E+20,5.47053E+21,8.00547E+15,4.93832E+16
51868,51869,7,3,15,0,2016,2,8,4,3,2,6,0,0,0,1,0,0,0,0,4.45262E+20,5.53829E+21,8.2363E+15,4.99944E+16
51869,51870,7,2,32,18,2016,3,11,6,3,8,1,0,1,0,1,0,0,0,0,3.25373E+20,5.53868E+21,6.56451E+15,4.99748E+16
51870,51871,7,3,15,0,2016,2,14,4,2,4,7,0,0,0,1,0,0,1,0,4.49227E+20,5.53774E+21,8.29169E+15,4.99898E+16
51871,51872,7,2,31,8,2016,2,19,4,2,6,2,2,0,0,1,1,0,0,0,3.61384E+20,5.53125E+21,7.06907E+15,4.99176E+16
51872,51873,7,2,11,0,2016,2,14,1,3,1,6,0,0,0,1,0,0,0,0,3.276E+20,5.51159E+21,6.60758E+15,4.97321E+16
51873,51874,7,1,37,203,2016,3,16,5,3,8,1,0,1,0,1,0,0,0,0,3.99422E+20,5.59108E+21,7.58291E+15,5.04631E+16
51874,51875,7,3,31,73,2016,2,18,1,3,5,7,2,0,0,1,0,0,0,0,4.35899E+20,5.52114E+21,8.10854E+15,4.98392E+16
51875,51876,7,2,35,104,2016,2,15,7,2,3,6,0,0,0,1,0,1,0,0,3.10881E+20,5.4922E+21,6.38517E+15,4.95528E+16
51876,51877,7,2,31,134,2016,2,13,4,3,5,3,0,0,0,1,0,0,0,0,3.52383E+20,5.53972E+21,6.94052E+15,4.99915E+16
51877,51878,7,2,11,0,2016,2,19,4,3,1,6,2,0,0,1,0,0,0,0,3.29746E+20,5.5135E+21,6.63651E+15,4.97499E+16
51878,51879,7,1,43,202,2016,2,8,4,3,4,6,0,2,0,1,0,0,1,0,4.19819E+20,5.60836E+21,7.86651E+15,5.06216E+16
51879,51880,7,1,38,40,2016,2,7,4,3,9,1,0,1,0,1,0,0,0,0,3.97476E+20,5.6024E+21,7.55239E+15,5.05645E+16
51880,51881,7,1,32,116,2016,3,14,6,3,2,6,0,2,0,1,0,0,0,0,3.95651E+20,5.60284E+21,7.52651E+15,5.05681E+16
51881,51882,7,3,11,0,2016,3,17,5,3,2,6,0,1,0,1,0,0,0,1,4.53491E+20,5.48932E+21,8.35696E+15,4.95547E+16