FID,OBJECTID,ULAND,UREGBEZ,UKREIS,UGEMEINDE,UJAHR,UMONAT,USTUNDE,UWOCHENTAG,UKATEGORIE,UART,UTYP1,ULICHTVERH,IstStrasse,IstRad,IstPKW,IstFuss,IstKrad,IstGkfz,IstSonstig,LINREFX,LINREFY,XGCSWGS84,YGCSWGS84
51882,51883,7,1,32,36,2016,2,18,4,2,8,1,2,2,0,1,0,0,0,0,4.27257E+20,5.61682E+21,7.96997E+15,5.06986E+16
51883,51884,7,3,37,8,2016,2,13,7,3,4,1,0,0,0,1,0,0,0,0,4.20562E+20,5.44043E+21,7.91148E+15,4.91116E+16
51884,51885,7,3,15,0,2016,3,10,4,3,4,2,0,1,0,1,0,0,0,0,4.44661E+20,5.53562E+21,8.2283E+15,4.99704E+16
51885,51886,7,3,11,0,2016,2,8,5,3,1,6,0,0,0,1,0,0,0,0,4.53219E+20,5.48899E+21,8.35323E+15,4.95517E+16
51886,51887,7,1,37,228,2016,3,14,3,3,2,2,0,0,0,1,0,0,0,0,3.91829E+20,5.58497E+21,7.47773E+15,5.04068E+16
51887,51888,7,1,43,27,2016,2,17,7,3,2,6,0,0,0,1,0,0,0,0,4.19789E+20,5.58981E+21,7.87007E+15,5.04548E+16
51888,51889,7,1,32,45,2016,2,11,4,3,8,1,0,1,0,1,0,0,0,0,4.18907E+20,5.63413E+21,7.84794E+15,5.08531E+16
51889,51890,7,3,39,30,2016,2,13,6,3,2,6,0,0,0,1,0,0,0,0,4.32098E+20,5.53686E+21,8.05292E+15,4.99802E+16
51890,51891,7,2,33,68,2016,2,19,5,2,2,6,2,1,0,0,0,0,1,1,3.53228E+20,5.5625E+21,6.94356E+15,5.01965E+16
51891,51892,7,1,33,52,2016,2,15,5,3,2,6,0,0,0,1,0,0,0,0,3.89444E+20,5.516E+21,7.46413E+15,4.97863E+16
51892,51893,7,1,40,67,2016,2,1,7,2,9,1,2,0,0,1,0,0,0,0,3.86052E+20,5.53364E+21,7.41183E+15,4.99442E+16
51893,51894,7,1,40,9,2016,2,17,4,3,5,3,0,0,0,1,0,0,0,0,3.86444E+20,5.54464E+21,7.41405E+15,5.00432E+16
51894,51895,7,2,31,124,2016,2,16,5,2,6,4,0,0,0,1,1,0,0,0,3.64631E+20,5.53426E+21,7.11322E+15,4.99453E+16
51895,51896,7,1,43,44,2016,2,15,6,3,5,3,0,0,0,1,0,0,0,0,4.09129E+20,5.60019E+21,7.71742E+15,5.05466E+16
51896,51897,7,1,37,216,2016,2,7,4,3,3,6,0,1,0,1,0,0,0,0,3.94192E+20,5.5841E+21,7.51122E+15,5.03994E+16
51897,51898,7,1,11,0,2016,2,16,4,3,0,7,0,0,1,0,0,0,0,0,3.98797E+20,5.58341E+21,7.57617E+15,5.0394E+16
51898,51899,7,3,34,501,2016,3,6,6,3,5,3,2,0,1,1,0,0,0,0,4.47561E+20,5.43559E+21,8.28204E+15,4.90709E+16
51899,51900,7,3,17,0,2016,2,11,3,3,2,2,0,1,0,1,0,0,0,0,3.98524E+20,5.44998E+21,7.60719E+15,4.91942E+16
51900,51901,7,1,11,0,2016,3,14,6,3,1,6,0,1,0,1,0,0,0,0,3.98018E+20,5.58066E+21,7.56597E+15,5.03691E+16
51901,51902,7,3,33,39,2016,3,21,5,3,8,1,2,2,0,1,0,0,0,0,4.24844E+20,5.50139E+21,7.95862E+15,4.96604E+16
51902,51903,7,3,35,16,2016,2,4,3,3,0,6,2,1,1,1,0,0,0,0,3.89859E+20,5.47522E+21,7.48133E+15,4.94197E+16
51903,51904,7,3,31,3,2016,2,14,7,3,5,3,0,0,0,1,0,0,0,0,4.22383E+20,5.52865E+21,7.91909E+15,4.99052E+16
51904,51905,7,2,31,53,2016,3,13,4,3,1,6,0,0,0,1,0,0,0,0,3.43016E+20,5.527E+21,6.81512E+15,4.98748E+16
51905,51906,7,3,33,60,2016,2,7,5,3,0,1,0,1,0,0,0,1,0,0,4.26875E+20,5.48683E+21,7.98947E+15,4.95297E+16
51906,51907,7,3,32,25,2016,2,14,2,3,3,5,0,0,1,1,0,0,0,0,4.45345E+20,5.46778E+21,8.24731E+15,4.93603E+16
51907,51908,7,3,37,22,2016,2,16,6,3,2,2,2,0,0,1,0,1,0,0,4.28474E+20,5.44703E+21,8.01871E+15,4.91719E+16
51908,51909,7,3,36,55,2016,2,10,3,3,2,6,0,1,0,1,0,0,0,0,3.84287E+20,5.4888E+21,7.40055E+15,4.95407E+16
51909,51910,7,3,33,3,2016,2,8,5,2,2,6,0,1,0,1,0,0,0,0,4.14044E+20,5.50857E+21,7.80743E+15,4.97234E+16
51910,51911,7,3,35,45,2016,2,10,3,3,4,6,0,2,0,1,0,0,0,0,4.08376E+20,5.47095E+21,7.73756E+15,4.93843E+16
51911,51912,7,3,12,0,2016,2,7,3,3,2,1,0,1,0,1,0,0,0,0,4.05783E+20,5.48063E+21,7.69955E+15,4.9471E+16
51912,51913,7,3,15,0,2016,3,10,6,3,2,2,0,0,0,1,0,0,0,0,4.48492E+20,5.53567E+21,8.28172E+15,4.99711E+16
51913,51914,7,3,35,26,2016,2,17,3,3,5,2,0,1,0,1,0,0,0,0,4.16387E+20,5.48205E+21,7.84558E+15,4.94854E+16
51914,51915,7,1,38,53,2016,2,7,2,3,5,3,0,0,0,1,0,1,0,0,3.95551E+20,5.60147E+21,7.52548E+15,5.05558E+16
51915,51916,7,1,11,0,2016,2,10,6,3,5,3,0,0,1,1,0,0,0,0,3.99963E+20,5.57906E+21,7.59373E+15,5.03551E+16
51916,51917,7,3,32,30,2016,2,13,3,3,2,6,0,1,0,1,0,0,0,1,4.40915E+20,5.48828E+21,8.18325E+15,4.95443E+16
51917,51918,7,3,14,0,2016,3,7,6,3,0,1,0,2,0,0,0,1,0,0,4.56429E+20,5.47843E+21,8.39878E+15,4.94569E+16
51918,51919,7,3,34,8,2016,2,18,3,3,5,3,1,1,0,1,0,1,0,0,4.45675E+20,5.43092E+21,8.25684E+15,4.90287E+16
51919,51920,7,2,31,42,2016,2,23,2,3,9,1,2,1,0,1,0,0,0,0,3.55598E+20,5.51778E+21,6.99354E+15,4.97951E+16
51920,51921,7,2,35,45,2016,3,6,5,3,8,6,2,2,0,1,0,0,1,1,3.50371E+20,5.50176E+21,6.92712E+15,4.96498E+16
51921,51922,7,1,33,94,2016,2,7,3,3,9,1,0,2,0,1,0,0,0,0,3.96138E+20,5.52389E+21,7.55498E+15,4.98584E+16
51922,51923,7,1,37,203,2016,3,19,4,2,6,6,2,0,0,1,1,0,0,0,3.99575E+20,5.58543E+21,7.58658E+15,5.04123E+16
51923,51924,7,3,14,0,2016,2,22,2,3,2,6,2,0,0,1,0,0,0,0,4.59054E+20,5.481E+21,8.43474E+15,4.94803E+16
51924,51925,7,1,33,54,2016,2,20,3,2,6,4,2,1,0,1,1,0,0,0,4.20784E+20,5.53212E+21,7.89611E+15,4.99362E+16
51925,51926,7,3,31,55,2016,2,6,3,3,6,2,2,1,0,1,1,0,0,0,4.51812E+20,5.506E+21,8.3317E+15,4.97046E+16
51926,51927,7,3,31,55,2016,2,5,3,3,1,6,2,1,1,1,0,0,0,0,4.51068E+20,5.50591E+21,8.32139E+15,4.97038E+16
51927,51928,7,3,15,0,2016,2,17,3,3,5,3,2,1,0,1,1,0,0,0,4.47622E+20,5.53422E+21,8.26978E+15,4.9958E+16
51928,51929,7,1,41,6,2016,3,22,5,3,1,5,2,1,0,1,0,0,0,0,4.09778E+20,5.57519E+21,7.7326E+15,5.03219E+16
51929,51930,7,3,17,0,2016,2,19,1,3,5,3,2,0,0,1,0,0,0,0,3.96594E+20,5.44958E+21,7.5808E+15,4.91903E+16
51930,51931,7,3,39,30,2016,2,6,3,3,3,6,2,1,0,1,0,0,1,1,4.30788E+20,5.53701E+21,8.03462E+15,4.99814E+16
51931,51932,7,1,43,263,2016,3,6,3,3,2,6,1,0,0,1,0,0,0,0,4.23374E+20,5.59494E+21,7.91951E+15,5.05014E+16
51932,51933,7,3,19,0,2016,2,11,3,2,2,6,0,1,0,1,0,0,1,0,4.49076E+20,5.49825E+21,8.29477E+15,4.96346E+16
51933,51934,7,3,37,22,2016,3,14,3,3,5,3,0,0,0,1,0,0,0,0,4.28272E+20,5.44695E+21,8.01595E+15,4.91712E+16
51934,51935,7,3,31,3,2016,2,8,2,3,2,6,0,0,0,1,0,0,1,0,4.34189E+20,5.51124E+21,8.08643E+15,4.975E+16
51935,51936,7,2,31,49,2016,2,7,3,3,8,1,0,2,0,1,0,0,0,0,3.50664E+20,5.54579E+21,6.91419E+15,5.00457E+16
51936,51937,7,2,35,78,2016,2,7,3,3,2,6,1,1,0,1,0,0,0,0,3.38012E+20,5.52016E+21,6.74839E+15,4.9812E+16
51937,51938,7,2,35,111,2016,3,22,6,2,8,1,2,1,0,1,0,0,0,0,3.22473E+20,5.52083E+21,6.53229E+15,4.98136E+16
51938,51939,7,2,31,502,2016,2,15,3,3,8,1,0,1,0,1,0,0,0,0,3.64522E+20,5.5178E+21,7.11747E+15,4.97974E+16
51939,51940,7,1,34,45,2016,2,14,3,3,8,2,0,1,0,1,0,0,0,0,3.80642E+20,5.51023E+21,7.34367E+15,4.97327E+16
51940,51941,7,1,38,4,2016,2,11,1,3,2,6,0,0,0,1,0,0,0,0,3.80495E+20,5.59602E+21,7.31477E+15,5.05039E+16
51941,51942,7,3,40,12,2016,3,19,4,2,5,3,2,0,0,1,0,0,0,0,4.03292E+20,5.4645E+21,7.6691E+15,4.93255E+16
51942,51943,7,3,39,30,2016,2,12,1,2,4,2,0,0,0,1,0,0,0,0,4.35761E+20,5.53634E+21,8.10408E+15,4.9976E+16
51943,51944,7,3,15,0,2016,2,11,5,3,6,7,0,0,0,0,1,0,0,1,4.45262E+20,5.53829E+21,8.2363E+15,4.99944E+16
51944,51945,7,1,38,45,2016,2,18,7,2,2,2,1,0,0,1,0,0,0,0,3.91319E+20,5.58902E+21,7.46939E+15,5.04431E+16
51945,51946,7,2,35,153,2016,2,18,3,3,4,6,2,1,0,1,0,0,0,0,3.56444E+20,5.50109E+21,7.01144E+15,4.96453E+16
51946,51947,7,2,32,77,2016,2,2,5,2,4,7,2,1,0,1,0,0,0,1,3.23477E+20,5.53103E+21,6.54158E+15,4.99056E+16
51947,51948,7,2,11,0,2016,2,23,6,2,6,4,2,0,0,1,1,0,0,0,3.2911E+20,5.51334E+21,6.62776E+15,4.97482E+16
51948,51949,7,2,35,105,2016,2,18,3,3,9,1,2,2,0,1,0,0,0,0,3.31306E+20,5.50162E+21,6.66327E+15,4.96435E+16
51949,51950,7,2,35,85,2016,2,18,3,3,9,1,2,1,0,1,0,0,0,0,3.38998E+20,5.51454E+21,6.76442E+15,4.97617E+16
51950,51951,7,3,35,47,2016,3,1,6,1,8,1,2,1,0,1,0,0,0,0,4.14725E+20,5.46662E+21,7.82596E+15,4.93463E+16
51951,51952,7,1,43,247,2016,2,16,3,3,2,6,0,1,0,1,0,0,0,0,4.21421E+20,5.60085E+21,7.89074E+15,5.05543E+16
51952,51953,7,1,31,9,2016,3,13,6,3,8,1,0,2,0,0,0,0,0,1,3.48942E+20,5.57721E+21,6.87768E+15,5.03276E+16
51953,51954,7,3,37,21,2016,3,15,5,3,9,1,0,1,0,1,0,0,0,0,4.36921E+20,5.45745E+21,8.13294E+15,4.92666E+16
51954,51955,7,1,38,501,2016,2,7,3,3,6,7,0,0,0,0,1,0,0,1,3.7692E+20,5.60491E+21,7.26144E+15,5.05831E+16
51955,51956,7,1,32,63,2016,2,6,3,3,1,5,2,1,0,1,0,1,0,0,4.21665E+20,5.62872E+21,7.88827E+15,5.0805E+16
51956,51957,7,1,37,68,2016,2,7,3,3,2,6,1,1,0,1,0,0,0,0,3.74817E+20,5.5757E+21,7.24152E+15,5.03201E+16
51957,51958,7,1,43,37,2016,3,17,6,3,5,3,1,2,0,1,0,0,0,0,4.27228E+20,5.59036E+21,7.97474E+15,5.04607E+16
51958,51959,7,1,40,9,2016,2,15,3,3,4,6,0,2,0,1,0,0,0,0,3.8513E+20,5.54251E+21,7.39635E+15,5.00238E+16
51959,51960,7,3,36,92,2016,3,15,5,3,5,3,0,1,0,1,0,0,0,0,3.81403E+20,5.47424E+21,7.36508E+15,4.94092E+16
51960,51961,7,1,40,42,2016,2,7,3,3,4,1,0,2,0,1,0,1,0,0,3.89522E+20,5.54874E+21,7.45583E+15,5.00807E+16
51961,51962,7,3,35,35,2016,2,7,7,3,5,3,0,1,0,1,0,0,0,0,4.10668E+20,5.48338E+21,7.76634E+15,4.94965E+16
51962,51963,7,1,33,6,2016,3,16,4,3,6,7,0,0,1,0,1,0,0,0,4.18182E+20,5.52169E+21,7.86207E+15,4.98421E+16
51963,51964,7,3,39,21,2016,2,10,5,3,2,6,0,0,0,1,0,0,1,1,4.24206E+20,5.52702E+21,7.94479E+15,4.98908E+16
51964,51965,7,1,37,203,2016,2,15,7,3,5,3,0,0,0,1,0,0,0,0,3.97485E+20,5.58668E+21,7.55683E+15,5.04232E+16
51965,51966,7,1,37,3,2016,2,15,3,3,2,7,0,1,0,1,0,0,0,0,3.87406E+20,5.58457E+21,7.41563E+15,5.04024E+16
51966,51967,7,3,31,37,2016,2,16,6,3,4,1,0,0,0,1,0,0,0,0,4.44991E+20,5.50294E+21,8.23754E+15,4.96765E+16
51967,51968,7,2,11,0,2016,2,15,5,3,2,2,0,0,0,1,0,0,0,1,3.29764E+20,5.5135E+21,6.63676E+15,4.97498E+16
51968,51969,7,1,38,45,2016,2,18,6,2,9,1,2,0,0,1,0,0,0,0,3.87242E+20,5.59048E+21,7.41155E+15,5.04554E+16
51969,51970,7,1,11,0,2016,2,22,3,3,9,1,2,1,0,1,0,0,0,0,3.97608E+20,5.58247E+21,7.55971E+15,5.03854E+16
51970,51971,7,3,11,0,2016,3,5,6,2,0,1,1,2,0,1,0,0,0,0,4.52913E+20,5.48632E+21,8.34933E+15,4.95277E+16
51971,51972,7,1,11,0,2016,2,15,3,3,5,3,0,1,0,1,0,0,0,0,3.97314E+20,5.58273E+21,7.55551E+15,5.03876E+16
51972,51973,7,3,39,9,2016,3,12,5,3,5,2,0,1,0,1,0,0,0,0,4.42644E+20,5.54199E+21,8.19922E+15,5.00275E+16
51973,51974,7,1,11,0,2016,2,14,3,3,2,6,0,1,0,1,0,0,0,1,4.00054E+20,5.58101E+21,7.59449E+15,5.03727E+16
51974,51975,7,2,35,68,2016,3,9,4,3,2,7,0,1,0,1,0,0,0,0,3.3011E+20,5.50748E+21,6.64418E+15,4.96959E+16
51975,51976,7,3,34,18,2016,2,7,2,3,5,3,1,0,0,1,0,0,0,0,4.4609E+20,5.45567E+21,8.25921E+15,4.92514E+16
51976,51977,7,3,40,37,2016,2,14,2,2,4,1,0,0,0,1,0,0,0,0,3.98217E+20,5.4558E+21,7.60149E+15,4.92465E+16
51977,51978,7,3,17,0,2016,2,12,2,3,5,3,0,0,0,0,0,1,1,0,3.97929E+20,5.452E+21,7.59851E+15,4.92123E+16
51978,51979,7,3,37,501,2016,2,11,7,3,2,2,0,0,0,1,0,0,1,0,4.22222E+20,5.45213E+21,7.93197E+15,4.9217E+16
51979,51980,7,3,15,0,2016,3,7,4,2,2,2,0,1,0,1,0,0,0,0,4.4768E+20,5.53759E+21,8.27013E+15,4.99883E+16
51980,51981,7,2,35,8,2016,2,14,5,3,9,1,0,0,0,1,0,0,0,0,3.48183E+20,5.50889E+21,6.89405E+15,4.97134E+16
51981,51982,7,3,40,206,2016,2,14,2,2,5,2,0,0,1,1,0,0,0,0,3.86437E+20,5.4562E+21,7.43959E+15,4.9248E+16
51982,51983,7,3,35,38,2016,2,14,6,3,0,6,0,0,0,1,0,0,1,0,3.94694E+20,5.47527E+21,7.54796E+15,4.9421E+16
51983,51984,7,3,11,0,2016,2,13,2,3,2,6,0,0,0,1,0,0,0,0,4.50171E+20,5.48168E+21,8.31202E+15,4.94857E+16
51984,51985,7,1,34,25,2016,2,19,6,3,4,2,2,0,0,1,0,0,0,0,3.84848E+20,5.51097E+21,7.4018E+15,4.97402E+16
51985,51986,7,3,32,14,2016,2,15,2,3,5,3,0,0,0,1,0,0,0,0,4.27503E+20,5.46631E+21,8.0019E+15,4.93452E+16
51986,51987,7,3,31,58,2016,3,19,6,3,3,6,2,1,0,1,0,1,0,0,4.41136E+20,5.52654E+21,8.18053E+15,4.98884E+16
51987,51988,7,3,34,17,2016,2,7,2,3,2,6,1,1,0,1,0,0,0,0,4.51701E+20,5.45413E+21,8.33649E+15,4.9238E+16
51988,51989,7,2,35,47,2016,2,8,2,3,4,1,0,1,0,1,0,0,0,0,3.48106E+20,5.50746E+21,6.89353E+15,4.97005E+16
51989,51990,7,2,32,18,2016,3,8,5,3,8,1,0,1,0,1,0,0,0,0,3.26211E+20,5.54042E+21,6.57539E+15,4.99908E+16
51990,51991,7,3,38,25,2016,2,15,2,3,8,1,0,0,0,1,0,0,0,0,4.55171E+20,5.47221E+21,8.38213E+15,4.9401E+16
51991,51992,7,3,17,0,2016,3,11,3,3,3,5,0,0,0,1,0,0,0,0,3.98139E+20,5.45074E+21,7.6017E+15,4.9201E+16
51992,51993,7,3,15,0,2016,2,16,2,3,6,4,0,0,0,1,1,0,0,0,4.47047E+20,5.53933E+21,8.26106E+15,5.0004E+16
51993,51994,7,3,14,0,2016,2,6,2,3,3,6,2,0,0,0,0,1,1,0,4.58608E+20,5.47726E+21,8.42897E+15,4.94466E+16
51994,51995,7,1,33,6,2016,2,12,2,3,6,2,0,0,0,1,1,0,0,0,4.18159E+20,5.52168E+21,7.86175E+15,4.98419E+16
51995,51996,7,2,32,263,2016,3,12,6,3,9,1,0,2,0,1,0,0,0,0,2.96684E+20,5.56007E+21,6.15351E+15,5.0158E+16
51996,51997,7,3,15,0,2016,2,17,2,3,2,6,0,0,0,1,0,0,0,0,4.50277E+20,5.53685E+21,8.30646E+15,4.99819E+16
51997,51998,7,2,35,78,2016,2,12,2,3,2,6,0,1,0,1,0,0,0,0,3.38867E+20,5.51944E+21,6.76056E+15,4.98058E+16
51998,51999,7,2,33,83,2016,2,15,2,3,8,1,0,1,0,1,0,0,0,0,3.33736E+20,5.57966E+21,6.66314E+15,5.03455E+16
51999,52000,7,2,35,73,2016,3,12,6,3,9,1,0,2,0,1,0,0,0,0,3.21376E+20,5.51211E+21,6.52106E+15,4.9735E+16
52000,52001,7,2,33,26,2016,2,6,2,3,6,2,2,1,0,1,1,0,0,0,3.3306E+20,5.56603E+21,6.65967E+15,5.02229E+16
52001,52002,7,2,31,502,2016,3,9,5,2,9,1,0,2,0,1,0,0,0,0,3.62341E+20,5.51519E+21,7.0881E+15,4.97734E+16
52002,52003,7,1,40,23,2016,2,14,2,3,5,3,0,0,0,1,0,0,0,0,3.97463E+20,5.54371E+21,7.56814E+15,5.00369E+16
52003,52004,7,2,35,114,2016,2,7,2,3,6,5,0,0,0,1,1,0,0,0,3.46781E+20,5.50503E+21,6.87613E+15,4.96783E+16
52004,52005,7,3,39,19,2016,3,17,3,3,1,6,1,1,0,1,0,0,0,0,4.29855E+20,5.53589E+21,8.02181E+15,4.99713E+16
52005,52006,7,1,43,300,2016,2,8,2,3,2,3,0,0,0,1,0,0,1,0,4.2064E+20,5.61334E+21,7.87704E+15,5.06665E+16
52006,52007,7,1,43,48,2016,2,10,2,3,5,2,0,0,0,1,0,0,0,0,4.15143E+20,5.58787E+21,7.80508E+15,5.04367E+16
52007,52008,7,1,32,39,2016,2,15,2,3,6,2,0,1,0,1,1,0,0,0,4.16728E+20,5.62222E+21,7.8197E+15,5.07458E+16
52008,52009,7,1,43,263,2016,3,2,6,3,9,1,2,2,0,1,0,0,0,0,4.22464E+20,5.59664E+21,7.90634E+15,5.05166E+16
52009,52010,7,1,31,90,2016,2,14,2,3,0,1,0,0,1,0,0,0,0,0,3.67651E+20,5.60332E+21,7.13115E+15,5.05668E+16
52010,52011,7,3,40,32,2016,3,11,5,3,4,6,0,2,0,1,0,0,0,1,4.05123E+20,5.45264E+21,7.6971E+15,4.92192E+16
52011,52012,7,1,37,68,2016,2,8,2,3,1,6,0,0,0,1,0,0,0,0,3.73649E+20,5.57648E+21,7.22486E+15,5.03269E+16
52012,52013,7,1,40,117,2016,2,18,1,1,5,3,2,0,0,1,0,0,0,1,3.98264E+20,5.55256E+21,7.57697E+15,5.01166E+16
52013,52014,7,3,35,43,2016,3,7,4,2,5,3,1,1,0,1,0,0,0,0,3.97543E+20,5.48323E+21,7.58518E+15,4.9493E+16
52014,52015,7,2,33,20,2016,2,2,5,2,8,1,2,1,0,1,0,0,0,0,3.43872E+20,5.56894E+21,6.80992E+15,5.0252E+16
52015,52016,7,1,37,102,2016,2,12,7,3,8,7,0,1,0,0,0,1,0,1,3.78973E+20,5.57579E+21,7.29984E+15,5.03217E+16
52016,52017,7,3,20,0,2016,2,13,1,3,8,1,0,1,0,1,0,0,0,0,3.81815E+20,5.45773E+21,7.37565E+15,4.92609E+16
52017,52018,7,3,20,0,2016,2,11,1,2,8,1,0,1,0,1,0,0,0,0,3.82009E+20,5.46024E+21,7.37757E+15,4.92835E+16
52018,52019,7,2,31,18,2016,2,7,1,3,8,1,1,1,0,1,0,0,0,0,3.5864E+20,5.51219E+21,7.03782E+15,4.97456E+16
52019,52020,7,1,43,81,2016,3,13,5,3,8,1,0,1,0,1,0,0,0,0,4.16125E+20,5.59211E+21,7.81795E+15,5.0475E+16
52020,52021,7,3,38,19,2016,2,21,1,3,2,2,2,0,0,1,0,0,0,0,4.53288E+20,5.47683E+21,8.35563E+15,4.94424E+16
52021,52022,7,3,39,30,2016,2,21,7,3,4,2,2,0,0,1,0,0,0,1,4.3011E+20,5.53684E+21,8.0252E+15,4.99798E+16
52022,52023,7,3,12,0,2016,2,20,1,3,3,2,2,1,0,1,0,0,0,0,4.08518E+20,5.47707E+21,7.73811E+15,4.94394E+16
52023,52024,7,3,16,0,2016,2,10,1,3,3,1,0,0,1,0,0,0,0,0,4.41975E+20,5.46087E+21,8.20191E+15,4.92978E+16
52024,52025,7,3,37,20,2016,2,6,1,3,8,2,2,1,0,1,0,0,0,0,4.37483E+20,5.45938E+21,8.14037E+15,4.9284E+16
52025,52026,7,3,14,0,2016,2,12,1,3,0,3,0,0,1,1,0,0,0,0,4.59066E+20,5.47967E+21,8.43504E+15,4.94683E+16
52026,52027,7,1,38,12,2016,3,16,6,3,4,1,0,2,0,1,0,0,0,0,4.03819E+20,5.60025E+21,7.64247E+15,5.05463E+16
52027,52028,7,3,14,0,2016,3,21,5,3,9,1,2,1,0,1,0,0,0,0,4.54037E+20,5.47782E+21,8.36585E+15,4.94513E+16
52028,52029,7,3,31,42,2016,2,19,1,2,5,3,2,0,0,1,0,0,0,0,4.37168E+20,5.50792E+21,8.12832E+15,4.97205E+16
52029,52030,7,3,34,17,2016,2,8,7,3,1,6,0,0,0,1,0,0,0,0,4.5178E+20,5.45407E+21,8.33758E+15,4.92375E+16
52030,52031,7,3,39,47,2016,3,13,4,2,4,2,0,0,0,1,0,0,0,0,4.41476E+20,5.53485E+21,8.18401E+15,4.99631E+16
52031,52032,7,1,34,26,2016,2,6,5,3,5,3,2,0,0,1,0,0,0,0,3.78959E+20,5.49629E+21,7.32464E+15,4.96071E+16
52032,52033,7,1,38,6,2016,3,9,3,3,5,3,0,0,0,1,0,0,0,0,3.90648E+20,5.60426E+21,7.45547E+15,5.058E+16
52033,52034,7,1,37,202,2016,2,20,7,3,2,6,2,0,0,1,0,0,0,0,3.87615E+20,5.57754E+21,7.42067E+15,5.03393E+16
52034,52035,7,3,39,30,2016,2,17,1,3,4,6,0,0,0,1,0,0,0,0,4.33857E+20,5.53785E+21,8.07728E+15,4.99893E+16
52035,52036,7,3,39,25,2016,2,22,6,3,6,7,2,0,1,0,1,0,0,0,4.45725E+20,5.52341E+21,8.24486E+15,4.98607E+16
52036,52037,7,1,43,286,2016,2,7,5,3,5,3,0,1,0,1,0,0,0,0,4.34093E+20,5.60652E+21,8.06859E+15,5.06069E+16
52037,52038,7,1,11,0,2016,2,14,6,3,2,6,0,0,0,1,0,0,0,1,3.98741E+20,5.57946E+21,7.57646E+15,5.03585E+16
52038,52039,7,3,15,0,2016,2,2,1,3,5,3,2,1,0,1,0,0,0,0,4.47353E+20,5.53737E+21,8.26559E+15,4.99863E+16
52039,52040,7,3,14,0,2016,3,21,6,3,5,2,2,1,1,1,0,0,0,0,4.58724E+20,5.48131E+21,8.43015E+15,4.94831E+16
52040,52041,7,3,15,0,2016,2,0,1,3,8,1,2,1,0,1,0,0,0,0,4.47123E+20,5.53852E+21,8.26223E+15,4.99967E+16
52041,52042,7,1,32,94,2016,2,10,5,2,5,3,0,1,0,1,0,0,0,0,3.94354E+20,5.61862E+21,7.5037E+15,5.07098E+16
52042,52043,7,1,43,206,2016,2,16,6,3,5,3,0,0,0,1,0,0,0,0,4.25502E+20,5.61084E+21,7.94633E+15,5.06447E+16
52043,52044,7,2,32,226,2016,2,21,1,3,6,1,2,1,0,1,1,0,0,0,3.19157E+20,5.56575E+21,6.46509E+15,5.02162E+16
52044,52045,7,1,41,139,2016,2,15,1,2,9,1,0,1,0,0,0,1,0,0,4.17271E+20,5.57601E+21,7.83765E+15,5.03304E+16
52045,52046,7,3,32,48,2016,3,16,6,2,9,1,0,1,0,1,0,0,0,0,4.27982E+20,5.47373E+21,8.00715E+15,4.9412E+16
52046,52047,7,1,43,81,2016,2,21,1,3,8,1,2,1,0,1,0,0,0,0,4.1157E+20,5.58902E+21,7.75451E+15,5.04465E+16
52047,52048,7,1,37,88,2016,3,14,6,3,2,6,0,1,0,1,0,0,1,0,3.8522E+20,5.58397E+21,7.38506E+15,5.03966E+16
52048,52049,7,1,33,48,2016,3,9,5,2,0,3,0,1,0,1,0,1,0,0,4.13266E+20,5.51974E+21,7.79415E+15,4.98238E+16
52049,52050,7,1,38,45,2016,2,20,1,3,5,3,2,0,0,1,0,0,0,0,3.93232E+20,5.59257E+21,7.4953E+15,5.04753E+16
52050,52051,7,3,39,3,2016,2,16,7,3,4,6,0,0,1,1,0,0,0,0,4.11382E+20,5.54587E+21,7.76196E+15,5.00585E+16
52051,52052,7,2,31,125,2016,3,16,4,3,4,2,0,0,0,1,0,1,0,0,3.56818E+20,5.53861E+21,7.00277E+15,4.99826E+16
52052,52053,7,2,35,95,2016,2,20,5,3,4,6,2,0,0,1,0,1,0,0,3.16345E+20,5.50205E+21,6.45604E+15,4.9643E+16
52053,52054,7,3,35,14,2016,2,12,2,2,4,6,0,0,0,1,0,0,0,0,4.04892E+20,5.48539E+21,7.68611E+15,4.95137E+16
52054,52055,7,3,34,25,2016,2,8,6,3,1,5,0,0,0,1,0,0,0,0,4.49032E+20,5.44447E+21,8.30105E+15,4.91509E+16
52055,52056,7,1,35,38,2016,2,11,1,3,5,3,0,1,0,1,0,0,0,0,3.70947E+20,5.56542E+21,7.19069E+15,5.02269E+16
52056,52057,7,1,40,67,2016,2,14,1,3,2,6,0,1,0,1,0,0,0,0,3.85745E+20,5.53371E+21,7.40753E+15,4.99448E+16
52057,52058,7,3,19,0,2016,3,14,6,2,6,2,0,1,0,0,1,0,0,1,4.53682E+20,5.49737E+21,8.35865E+15,4.96271E+16
52058,52059,7,3,40,11,2016,2,19,7,3,8,1,2,1,0,1,0,0,0,0,4.06031E+20,5.4377E+21,7.71305E+15,4.90849E+16
52059,52060,7,1,41,84,2016,2,12,2,3,2,6,0,0,0,1,0,0,0,0,4.15088E+20,5.56614E+21,7.8092E+15,5.02413E+16
52060,52061,7,3,12,0,2016,2,20,7,3,3,6,2,1,0,1,0,0,0,0,4.00929E+20,5.47663E+21,7.63357E+15,4.94343E+16
52061,52062,7,3,32,41,2016,3,16,3,3,0,6,0,0,1,1,0,0,0,0,4.41073E+20,5.49278E+21,8.18476E+15,4.95847E+16
52062,52063,7,2,31,5,2016,2,11,2,3,5,3,0,0,0,1,0,1,0,0,3.6076E+20,5.54206E+21,7.05648E+15,5.00145E+16