FID,OBJECTID,ULAND,UREGBEZ,UKREIS,UGEMEINDE,UJAHR,UMONAT,USTUNDE,UWOCHENTAG,UKATEGORIE,UART,UTYP1,ULICHTVERH,IstStrasse,IstRad,IstPKW,IstFuss,IstKrad,IstGkfz,IstSonstig,LINREFX,LINREFY,XGCSWGS84,YGCSWGS84
52063,52064,7,3,31,3,2016,3,6,5,3,3,6,2,0,0,1,0,0,0,0,4.37156E+20,5.51489E+21,8.12702E+15,4.97832E+16
52064,52065,7,3,36,2,2016,2,8,7,3,9,1,0,2,0,1,0,0,0,0,3.78805E+20,5.48553E+21,7.32583E+15,4.95103E+16
52065,52066,7,1,37,86,2016,3,7,4,3,8,1,0,1,0,1,0,0,0,0,3.8658E+20,5.57694E+21,7.40632E+15,5.03336E+16
52066,52067,7,2,35,111,2016,2,22,5,3,1,6,2,0,0,1,0,0,0,0,3.19115E+20,5.52113E+21,6.48553E+15,4.98154E+16
52067,52068,7,3,18,0,2016,2,12,2,3,5,3,0,0,0,1,0,1,0,0,4.58407E+20,5.46532E+21,8.42744E+15,4.93392E+16
52068,52069,7,3,12,0,2016,2,19,7,2,6,2,2,1,0,1,1,0,0,0,4.11812E+20,5.47833E+21,7.78326E+15,4.94512E+16
52069,52070,7,3,32,24,2016,2,13,7,3,5,3,0,1,0,1,0,1,0,0,4.39478E+20,5.49191E+21,8.16284E+15,4.95767E+16
52070,52071,7,3,16,0,2016,2,17,7,3,4,2,0,1,0,1,0,0,0,0,4.39909E+20,5.46451E+21,8.17295E+15,4.93304E+16
52071,52072,7,3,15,0,2016,2,18,7,3,0,1,2,1,1,0,0,0,0,0,4.45686E+20,5.5374E+21,8.24235E+15,4.99864E+16
52072,52073,7,1,43,206,2016,3,16,5,2,4,2,0,1,0,1,0,0,0,0,4.26033E+20,5.61279E+21,7.95345E+15,5.06622E+16
52073,52074,7,1,37,203,2016,2,13,2,3,4,1,0,0,0,1,0,1,0,0,3.98472E+20,5.58815E+21,7.57032E+15,5.04366E+16
52074,52075,7,3,15,0,2016,2,13,7,3,4,7,0,1,0,1,0,0,0,0,4.48012E+20,5.53927E+21,8.27453E+15,5.00035E+16
52075,52076,7,2,32,270,2016,3,7,3,2,8,6,0,1,0,1,0,0,0,0,3.10491E+20,5.55515E+21,6.34903E+15,5.01183E+16
52076,52077,7,3,15,0,2016,2,12,7,3,6,4,0,1,0,1,1,0,0,0,4.47754E+20,5.53971E+21,8.27087E+15,5.00074E+16
52077,52078,7,3,39,5,2016,2,19,7,3,2,6,2,1,0,1,0,0,0,0,4.24033E+20,5.53222E+21,7.94136E+15,4.99375E+16
52078,52079,7,3,39,5,2016,2,17,7,2,2,6,0,1,0,1,0,0,0,0,4.27754E+20,5.5364E+21,7.99242E+15,4.99756E+16
52079,52080,7,3,15,0,2016,2,12,2,3,5,3,0,0,0,1,0,0,0,0,4.44049E+20,5.53796E+21,8.21943E+15,4.99914E+16
52080,52081,7,3,15,0,2016,2,13,7,3,2,6,0,1,0,1,0,0,0,0,4.42956E+20,5.54047E+21,8.20381E+15,5.00138E+16
52081,52082,7,2,31,77,2016,2,6,7,3,2,1,2,2,0,1,0,0,1,0,3.64133E+20,5.5266E+21,7.10897E+15,4.98764E+16
52082,52083,7,2,35,47,2016,3,18,6,3,8,1,1,2,0,1,0,0,0,0,3.48181E+20,5.50759E+21,6.89452E+15,4.97017E+16
52083,52084,7,2,31,134,2016,2,13,7,3,4,2,0,1,0,1,0,0,0,0,3.52485E+20,5.53624E+21,6.94328E+15,4.99602E+16
52084,52085,7,1,34,27,2016,2,21,7,1,4,1,2,1,0,1,0,0,0,0,3.76367E+20,5.50392E+21,7.28637E+15,4.96751E+16
52085,52086,7,1,41,57,2016,2,6,1,3,8,1,1,1,0,1,0,0,0,0,4.2336E+20,5.58133E+21,7.9221E+15,5.0379E+16
52086,52087,7,1,11,0,2016,3,10,5,3,5,3,0,0,0,1,0,0,0,0,3.97874E+20,5.58137E+21,7.56374E+15,5.03755E+16
52087,52088,7,3,39,201,2016,2,9,1,3,8,1,0,0,0,1,0,0,0,0,4.48036E+20,5.51335E+21,8.27835E+15,4.97704E+16
52088,52089,7,1,43,248,2016,2,16,7,3,2,6,0,0,0,1,0,1,0,0,4.24646E+20,5.61472E+21,7.93344E+15,5.06795E+16
52089,52090,7,2,35,55,2016,2,10,7,3,5,3,0,1,0,1,0,0,1,0,3.24209E+20,5.50337E+21,6.56428E+15,4.96572E+16
52090,52091,7,2,35,125,2016,2,8,6,3,3,1,0,0,0,1,0,0,0,1,3.38309E+20,5.52073E+21,6.75227E+15,4.98172E+16
52091,52092,7,1,43,263,2016,2,7,7,3,4,1,0,2,0,1,0,0,0,0,4.22087E+20,5.59402E+21,7.90156E+15,5.04929E+16
52092,52093,7,1,41,60,2016,2,9,7,2,9,1,0,1,0,1,0,0,0,0,4.21723E+20,5.56366E+21,7.90275E+15,5.02199E+16
52093,52094,7,3,33,65,2016,3,14,6,2,9,1,0,2,0,1,0,0,0,0,4.22242E+20,5.49997E+21,7.92285E+15,4.96473E+16
52094,52095,7,1,32,72,2016,2,16,7,3,2,6,0,1,0,1,0,0,0,0,4.25941E+20,5.63103E+21,7.94848E+15,5.08262E+16
52095,52096,7,1,38,45,2016,3,7,6,3,8,1,0,1,0,1,0,0,0,0,3.93215E+20,5.59317E+21,7.49489E+15,5.04807E+16
52096,52097,7,3,34,7,2016,3,20,5,3,0,7,2,0,1,0,0,0,0,0,4.53831E+20,5.45145E+21,8.36606E+15,4.92141E+16
52097,52098,7,1,11,0,2016,2,18,7,3,1,6,2,1,0,1,0,0,0,0,3.99634E+20,5.58057E+21,7.58871E+15,5.03686E+16
52098,52099,7,3,37,21,2016,2,13,7,2,0,1,0,0,0,0,0,1,0,0,4.36888E+20,5.45663E+21,8.13262E+15,4.92592E+16
52099,52100,7,3,15,0,2016,3,16,4,3,2,2,0,0,0,1,0,0,0,0,4.46649E+20,5.53927E+21,8.25551E+15,5.00034E+16
52100,52101,7,2,11,0,2016,2,13,5,3,2,6,0,0,0,1,0,0,0,0,3.29414E+20,5.51454E+21,6.63144E+15,4.97591E+16
52101,52102,7,1,41,51,2016,3,19,6,3,1,1,2,1,0,1,0,0,0,0,4.33427E+20,5.57124E+21,8.06544E+15,5.02895E+16
52102,52103,7,1,38,44,2016,2,18,7,3,9,1,2,1,0,1,0,0,0,0,3.88419E+20,5.60813E+21,7.42284E+15,5.06144E+16
52103,52104,7,3,33,14,2016,3,8,5,3,9,1,0,1,0,1,0,0,0,0,4.1512E+20,5.50062E+21,7.82408E+15,4.96522E+16
52104,52105,7,3,20,0,2016,2,11,6,3,5,7,0,1,0,1,0,0,0,0,3.82789E+20,5.45701E+21,7.38923E+15,4.92546E+16
52105,52106,7,3,35,35,2016,2,9,7,3,1,5,0,0,0,1,0,0,0,1,4.10714E+20,5.48424E+21,7.76677E+15,4.95042E+16
52106,52107,7,3,14,0,2016,3,5,4,3,5,3,2,1,0,1,0,0,0,0,4.59066E+20,5.47967E+21,8.43504E+15,4.94683E+16
52107,52108,7,2,35,137,2016,2,12,5,3,8,1,0,0,0,0,0,0,1,0,3.26258E+20,5.51657E+21,6.58677E+15,4.97764E+16
52108,52109,7,1,37,57,2016,2,17,7,3,4,6,0,0,1,1,0,0,0,0,3.81703E+20,5.5825E+21,7.33607E+15,5.03827E+16
52109,52110,7,3,40,211,2016,2,5,6,3,8,1,2,0,0,1,0,0,0,0,3.81566E+20,5.45095E+21,7.37424E+15,4.91999E+16
52110,52111,7,3,14,0,2016,2,7,6,3,3,6,0,0,1,1,0,0,0,0,4.56388E+20,5.48156E+21,8.39786E+15,4.94852E+16
52111,52112,7,1,31,70,2016,2,7,5,3,2,6,0,1,0,1,0,0,0,0,3.75536E+20,5.60316E+21,7.2425E+15,5.05671E+16
52112,52113,7,1,32,117,2016,2,5,6,3,8,1,2,1,0,1,0,0,0,0,4.10309E+20,5.62706E+21,7.72756E+15,5.07883E+16
52113,52114,7,3,40,37,2016,2,14,6,3,8,1,0,1,0,1,0,0,0,0,3.98446E+20,5.454E+21,7.60509E+15,4.92304E+16
52114,52115,7,3,13,0,2016,3,14,6,3,2,6,0,1,0,1,0,0,0,0,4.36301E+20,5.44958E+21,8.12567E+15,4.91957E+16
52115,52116,7,3,12,0,2016,2,15,6,3,2,6,0,0,0,1,0,0,0,0,4.09596E+20,5.47894E+21,7.75255E+15,4.94564E+16
52116,52117,7,3,31,49,2016,3,20,5,2,6,4,2,1,0,1,1,0,0,0,4.44554E+20,5.50799E+21,8.23077E+15,4.97218E+16
52117,52118,7,3,32,25,2016,2,19,6,2,4,3,2,0,0,1,0,0,0,0,4.46688E+20,5.4691E+21,8.26563E+15,4.93723E+16
52118,52119,7,2,31,204,2016,3,16,4,3,1,7,0,1,1,1,0,0,0,0,3.50225E+20,5.51852E+21,6.91866E+15,4.98004E+16
52119,52120,7,1,43,241,2016,2,15,5,3,5,3,0,0,0,1,0,0,0,1,4.11214E+20,5.60975E+21,7.74456E+15,5.06329E+16
52120,52121,7,3,34,18,2016,2,7,2,3,5,3,1,0,0,1,0,0,1,0,4.4609E+20,5.45567E+21,8.25921E+15,4.92514E+16
52121,52122,7,3,38,7,2016,2,7,6,3,5,3,0,2,1,1,0,0,0,0,4.55521E+20,5.46321E+21,8.38795E+15,4.932E+16
52122,52123,7,3,38,20,2016,2,13,6,2,5,3,0,0,0,1,0,0,0,0,4.57482E+20,5.47454E+21,8.41373E+15,4.94221E+16
52123,52124,7,3,31,70,2016,2,13,6,3,9,1,0,1,0,1,0,0,0,0,4.2631E+20,5.51116E+21,7.9771E+15,4.97484E+16
52124,52125,7,1,11,0,2016,3,23,3,2,9,1,2,1,0,0,0,0,0,1,4.06234E+20,5.57965E+21,7.68172E+15,5.03614E+16
52125,52126,7,3,36,102,2016,2,14,6,2,9,1,0,0,0,1,0,0,0,0,3.8335E+20,5.47021E+21,7.39309E+15,4.93734E+16
52126,52127,7,3,39,30,2016,2,11,6,3,5,3,0,1,0,1,0,1,0,0,4.32318E+20,5.53642E+21,8.05606E+15,4.99763E+16
52127,52128,7,1,34,5,2016,2,3,6,2,0,1,2,1,1,0,0,0,0,0,3.79485E+20,5.49673E+21,7.33178E+15,4.96111E+16
52128,52129,7,2,33,56,2016,2,13,6,3,9,6,0,1,0,1,0,0,0,0,3.34851E+20,5.56768E+21,6.68404E+15,5.02382E+16
52129,52130,7,3,39,5,2016,3,16,6,3,1,5,1,1,0,1,0,0,0,0,4.21283E+20,5.53582E+21,7.90231E+15,4.99695E+16
52130,52131,7,2,11,0,2016,2,19,6,3,2,2,2,0,0,1,0,1,0,0,3.29678E+20,5.51352E+21,6.63556E+15,4.975E+16
52131,52132,7,1,34,78,2016,2,20,2,3,3,1,2,0,0,1,0,0,1,0,3.70829E+20,5.50413E+21,7.20958E+15,4.96759E+16
52132,52133,7,2,32,27,2016,3,14,5,2,4,7,0,1,0,1,0,0,0,0,3.2989E+20,5.53843E+21,6.62756E+15,4.99739E+16
52133,52134,7,1,43,310,2016,2,11,6,3,5,3,0,0,0,1,0,0,0,1,4.11922E+20,5.61024E+21,7.75445E+15,5.06374E+16
52134,52135,7,1,11,0,2016,3,14,4,3,2,6,0,0,0,1,0,0,0,0,3.98554E+20,5.57935E+21,7.57385E+15,5.03575E+16
52135,52136,7,3,31,34,2016,2,19,2,2,5,2,2,0,0,1,0,0,0,0,4.53375E+20,5.51369E+21,8.35245E+15,4.97738E+16
52136,52137,7,1,43,261,2016,2,10,6,3,5,2,0,1,0,1,0,0,0,0,4.12024E+20,5.61501E+21,7.75476E+15,5.06802E+16
52137,52138,7,1,38,45,2016,2,8,6,3,5,2,0,1,1,1,0,0,0,0,3.89933E+20,5.58856E+21,7.45E+15,5.04387E+16
52138,52139,7,1,11,0,2016,2,14,6,2,2,6,0,1,0,1,0,0,0,1,3.98845E+20,5.58192E+21,7.57725E+15,5.03806E+16
52139,52140,7,1,11,0,2016,2,11,6,3,5,3,0,1,0,1,0,0,0,0,4.01552E+20,5.57985E+21,7.61586E+15,5.03625E+16
52140,52141,7,2,31,7,2016,2,6,1,3,8,1,1,1,0,1,0,0,0,0,3.4464E+20,5.53765E+21,6.83342E+15,4.99709E+16
52141,52142,7,1,43,6,2016,3,13,5,2,9,1,0,1,0,1,0,0,0,0,4.07205E+20,5.59395E+21,7.69183E+15,5.04902E+16
52142,52143,7,3,37,81,2016,2,14,1,3,2,6,0,0,0,1,0,0,0,0,4.23936E+20,5.44729E+21,7.95641E+15,4.91737E+16
52143,52144,7,3,40,205,2016,2,16,5,3,5,3,0,0,0,1,0,0,0,0,3.90394E+20,5.44877E+21,7.49596E+15,4.9182E+16
52144,52145,7,3,15,0,2016,3,6,6,1,6,4,2,1,0,1,1,0,0,0,4.48754E+20,5.53574E+21,8.28536E+15,4.99718E+16
52145,52146,7,3,12,0,2016,2,9,5,2,2,6,0,0,0,0,0,0,1,0,4.1641E+20,5.47891E+21,7.84656E+15,4.94571E+16
52146,52147,7,1,38,5,2016,2,6,2,3,2,6,1,1,0,1,0,0,1,0,3.92747E+20,5.59817E+21,7.48686E+15,5.05256E+16
52147,52148,7,3,12,0,2016,2,6,5,3,8,1,1,1,0,1,0,0,0,0,4.08203E+20,5.47848E+21,7.73344E+15,4.9452E+16
52148,52149,7,3,39,56,2016,3,16,3,3,8,1,0,0,0,1,0,0,0,0,4.26909E+20,5.52449E+21,7.98289E+15,4.98684E+16
52149,52150,7,3,38,9,2016,2,14,5,3,2,6,0,0,0,1,0,0,0,0,4.49833E+20,5.49038E+21,8.30625E+15,4.95639E+16
52150,52151,7,3,37,49,2016,2,13,5,3,5,3,0,0,0,1,0,0,0,1,4.28504E+20,5.444E+21,8.01967E+15,4.91447E+16
52151,52152,7,3,13,0,2016,2,15,5,3,1,7,0,0,0,1,0,0,0,0,4.34732E+20,5.45087E+21,8.10394E+15,4.92071E+16
52152,52153,7,2,11,0,2016,3,12,6,3,5,3,0,1,1,1,0,0,0,0,3.30507E+20,5.514E+21,6.64685E+15,4.97546E+16
52153,52154,7,3,39,5,2016,2,18,5,2,5,3,2,1,0,1,0,0,0,0,4.20518E+20,5.53544E+21,7.89173E+15,4.9966E+16
52154,52155,7,3,20,0,2016,3,17,5,3,1,7,0,1,1,1,0,0,0,0,3.80695E+20,5.45676E+21,7.36056E+15,4.92519E+16
52155,52156,7,3,31,48,2016,2,17,5,2,5,3,1,0,0,1,0,1,0,0,4.42022E+20,5.49772E+21,8.19717E+15,4.96293E+16
52156,52157,7,1,37,216,2016,2,5,1,3,8,1,2,0,0,1,0,0,0,0,3.96206E+20,5.5836E+21,7.53968E+15,5.03953E+16
52157,52158,7,3,35,16,2016,3,16,4,3,4,2,2,0,0,1,0,0,0,0,3.91246E+20,5.47581E+21,7.50029E+15,4.94252E+16
52158,52159,7,1,43,229,2016,2,15,5,3,8,1,0,2,0,1,0,0,0,0,4.18367E+20,5.61203E+21,7.84518E+15,5.06544E+16
52159,52160,7,1,35,20,2016,2,15,7,3,6,6,0,0,1,0,1,0,0,0,3.69347E+20,5.55576E+21,7.17159E+15,5.01396E+16
52160,52161,7,3,39,19,2016,2,14,5,3,5,3,0,0,0,1,0,0,0,0,4.29033E+20,5.53447E+21,8.01061E+15,4.99583E+16
52161,52162,7,3,17,0,2016,2,19,4,3,2,1,2,0,0,1,0,0,0,0,3.944E+20,5.45331E+21,7.54972E+15,4.92235E+16
52162,52163,7,2,11,0,2016,2,17,6,3,2,6,0,0,0,1,0,0,0,0,3.29764E+20,5.5135E+21,6.63676E+15,4.97498E+16
52163,52164,7,1,43,64,2016,2,17,5,3,1,6,1,0,0,1,0,0,0,0,4.13428E+20,5.60014E+21,7.77809E+15,5.05468E+16
52164,52165,7,2,33,26,2016,3,7,6,3,1,6,0,0,0,1,0,0,0,0,3.31595E+20,5.56519E+21,6.63952E+15,5.02149E+16
52165,52166,7,2,31,123,2016,3,21,6,2,4,6,2,0,0,1,0,0,0,0,3.56632E+20,5.51258E+21,7.00982E+15,4.97486E+16
52166,52167,7,2,11,0,2016,3,10,6,3,2,6,0,0,0,1,0,0,0,0,3.29556E+20,5.51488E+21,6.63327E+15,4.97622E+16
52167,52168,7,3,12,0,2016,3,8,7,3,3,6,0,0,0,1,0,0,0,0,4.11061E+20,5.47918E+21,7.77271E+15,4.94588E+16
52168,52169,7,1,43,308,2016,3,19,6,3,6,2,2,0,0,1,1,0,0,0,4.26836E+20,5.60169E+21,7.967E+15,5.05625E+16
52169,52170,7,1,35,82,2016,3,20,6,2,9,1,2,1,0,0,0,1,0,0,3.77742E+20,5.56127E+21,7.28725E+15,5.01909E+16
52170,52171,7,3,15,0,2016,3,16,6,3,4,2,0,0,0,1,0,1,0,0,4.45546E+20,5.54072E+21,8.23992E+15,5.00163E+16
52171,52172,7,1,40,133,2016,3,14,6,3,8,1,0,0,0,1,0,0,0,0,4.07101E+20,5.55773E+21,7.69928E+15,5.01645E+16
52172,52173,7,3,38,23,2016,3,6,4,2,3,6,0,1,0,1,0,0,0,0,4.56357E+20,5.46101E+21,8.39969E+15,4.93003E+16
52173,52174,7,1,43,308,2016,3,15,6,3,5,3,0,0,0,1,0,0,0,0,4.26445E+20,5.60083E+21,7.96165E+15,5.05547E+16
52174,52175,7,1,43,279,2016,3,15,2,3,5,2,0,0,0,1,0,0,0,0,4.2142E+20,5.60898E+21,7.889E+15,5.06274E+16
52175,52176,7,1,43,48,2016,3,7,5,3,4,2,0,0,0,1,0,0,0,0,4.14818E+20,5.58604E+21,7.80091E+15,5.04202E+16
52176,52177,7,2,31,134,2016,3,14,3,3,8,1,0,0,0,0,0,1,0,0,3.52182E+20,5.53635E+21,6.93902E+15,4.99612E+16
52177,52178,7,1,32,5,2016,3,12,7,3,4,6,0,0,0,1,0,0,0,0,3.98541E+20,5.61258E+21,7.56463E+15,5.06563E+16
52178,52179,7,2,31,4,2016,3,18,4,3,8,6,1,0,0,1,0,1,0,0,3.55166E+20,5.54181E+21,6.97854E+15,5.0011E+16
52179,52180,7,3,39,62,2016,3,11,1,3,1,5,0,0,1,1,0,0,0,0,4.16581E+20,5.53359E+21,7.83724E+15,4.99488E+16
52180,52181,7,1,43,229,2016,3,9,6,2,5,3,0,1,0,1,0,0,0,0,4.16492E+20,5.61306E+21,7.81843E+15,5.06634E+16
52181,52182,7,3,12,0,2016,3,14,7,3,2,6,0,0,0,1,0,0,0,0,4.11621E+20,5.47817E+21,7.78066E+15,4.94498E+16
52182,52183,7,3,15,0,2016,3,20,7,3,2,2,2,0,0,1,0,0,0,0,4.48206E+20,5.53874E+21,8.27731E+15,4.99988E+16
52183,52184,7,2,31,1,2016,3,2,7,3,8,7,2,0,0,0,0,0,1,0,3.48178E+20,5.53609E+21,6.88333E+15,4.99578E+16
52184,52185,7,1,43,30,2016,3,9,6,3,5,3,0,1,0,1,0,0,0,0,4.09187E+20,5.59014E+21,7.72069E+15,5.04562E+16
52185,52186,7,1,32,23,2016,3,18,7,2,5,3,0,0,0,1,0,0,0,0,3.9565E+20,5.61059E+21,7.52431E+15,5.06378E+16
52186,52187,7,1,43,48,2016,3,14,6,3,8,1,0,0,0,1,0,0,0,0,4.15435E+20,5.58812E+21,7.80914E+15,5.0439E+16
52187,52188,7,3,32,38,2016,3,6,5,2,5,2,1,0,1,1,0,0,0,0,4.38374E+20,5.48835E+21,8.14812E+15,4.95446E+16
52188,52189,7,1,33,6,2016,3,17,3,3,3,6,1,1,0,1,0,0,0,0,4.1975E+20,5.52415E+21,7.88336E+15,4.98643E+16
52189,52190,7,3,32,24,2016,3,16,5,3,2,2,0,0,0,1,0,0,0,0,4.38785E+20,5.48846E+21,8.15378E+15,4.95457E+16
52190,52191,7,1,43,48,2016,3,11,4,3,2,6,0,0,0,1,0,0,0,0,4.17784E+20,5.58747E+21,7.84235E+15,5.04335E+16
52191,52192,7,1,32,6,2016,3,14,6,3,2,2,0,0,0,1,0,0,0,0,4.20625E+20,5.62675E+21,7.87395E+15,5.07871E+16
52192,52193,7,2,35,125,2016,3,12,7,3,8,1,0,0,0,1,0,0,0,0,3.41764E+20,5.52498E+21,6.79854E+15,4.98563E+16
52193,52194,7,1,37,203,2016,3,9,6,3,5,3,0,0,1,1,0,0,0,0,3.98583E+20,5.58791E+21,7.57195E+15,5.04344E+16
52194,52195,7,1,40,100,2016,3,3,6,3,9,1,2,1,0,1,0,0,0,0,3.89429E+20,5.53521E+21,7.45844E+15,4.9959E+16
52195,52196,7,2,33,56,2016,3,13,6,2,9,7,0,0,0,0,0,0,1,0,3.36732E+20,5.56553E+21,6.71132E+15,5.02194E+16
52196,52197,7,3,12,0,2016,3,12,5,3,2,6,0,0,0,1,0,0,0,0,4.10842E+20,5.47793E+21,7.76997E+15,4.94475E+16
52197,52198,7,1,33,26,2016,3,6,4,3,2,6,1,1,0,1,0,0,0,0,4.18207E+20,5.53104E+21,7.86045E+15,4.99261E+16
52198,52199,7,3,17,0,2016,3,15,5,3,5,3,0,0,0,1,0,0,0,1,3.9839E+20,5.45248E+21,7.60471E+15,4.92167E+16
52199,52200,7,1,38,5,2016,3,10,2,3,9,1,0,0,0,1,0,0,0,0,3.92515E+20,5.59716E+21,7.48388E+15,5.05165E+16
52200,52201,7,1,32,18,2016,3,7,5,3,5,3,0,0,0,1,0,0,0,0,4.26732E+20,5.62206E+21,7.9615E+15,5.07457E+16
52201,52202,7,1,40,106,2016,3,16,3,3,8,1,0,0,0,1,0,0,0,0,3.95966E+20,5.54145E+21,7.54785E+15,5.00163E+16
52202,52203,7,1,37,203,2016,3,12,7,3,4,2,0,0,0,1,0,0,0,0,3.98246E+20,5.58647E+21,7.56759E+15,5.04214E+16
52203,52204,7,1,41,6,2016,3,16,4,3,2,2,0,0,0,1,0,0,0,0,4.08955E+20,5.57824E+21,7.7203E+15,5.03492E+16
52204,52205,7,2,32,213,2016,3,15,1,3,4,6,0,0,0,1,0,1,0,0,2.99507E+20,5.55068E+21,6.19791E+15,5.00745E+16
52205,52206,7,3,33,65,2016,3,7,5,3,8,1,0,0,0,1,0,0,0,0,4.20457E+20,5.50002E+21,7.89813E+15,4.96475E+16
52206,52207,7,3,37,77,2016,3,12,7,3,2,6,0,0,0,1,0,0,0,0,4.38614E+20,5.45967E+21,8.15587E+15,4.92867E+16
52207,52208,7,3,36,90,2016,3,14,5,3,1,6,0,0,0,1,0,0,0,0,4.0034E+20,5.49075E+21,7.62188E+15,4.95611E+16
52208,52209,7,1,43,81,2016,3,11,5,2,4,1,0,0,1,1,0,0,0,0,4.13728E+20,5.59131E+21,7.78437E+15,5.04674E+16
52209,52210,7,1,37,43,2016,3,9,7,2,8,6,0,1,0,1,0,0,0,0,3.73766E+20,5.56992E+21,7.2287E+15,5.02679E+16
52210,52211,7,3,11,0,2016,3,8,5,2,7,1,0,0,0,0,0,0,1,0,4.56029E+20,5.48864E+21,8.39212E+15,4.95488E+16
52211,52212,7,3,39,13,2016,3,6,5,3,8,7,1,0,0,1,0,0,0,0,4.46279E+20,5.51444E+21,8.2538E+15,4.978E+16
52212,52213,7,1,43,300,2016,3,20,3,3,6,6,2,0,0,1,1,0,0,0,4.20855E+20,5.61303E+21,7.88015E+15,5.06638E+16
52213,52214,7,1,31,7,2016,3,7,4,3,6,4,0,1,0,1,1,0,0,0,3.67315E+20,5.60141E+21,7.12709E+15,5.05496E+16
52214,52215,7,3,16,0,2016,3,11,5,3,2,6,0,0,0,1,0,1,0,0,4.39432E+20,5.4678E+21,8.16589E+15,4.93599E+16
52215,52216,7,3,18,0,2016,3,17,4,3,2,6,0,0,0,1,0,0,0,0,4.5766E+20,5.46464E+21,8.41723E+15,4.9333E+16
52216,52217,7,1,33,3,2016,3,14,2,3,8,1,0,0,0,1,0,0,0,0,4.16013E+20,5.51693E+21,7.83295E+15,4.97989E+16
52217,52218,7,3,37,47,2016,3,12,3,2,5,3,0,0,0,1,0,0,1,0,4.37793E+20,5.46237E+21,8.14417E+15,4.93109E+16
52218,52219,7,3,18,0,2016,3,9,5,3,5,2,0,0,1,1,0,0,0,0,4.58531E+20,5.46269E+21,8.42942E+15,4.93155E+16
52219,52220,7,1,41,75,2016,3,14,5,3,2,6,0,0,0,1,0,0,0,0,4.02193E+20,5.57146E+21,7.62704E+15,5.02871E+16
52220,52221,7,3,37,19,2016,3,14,2,3,5,3,0,0,0,1,0,0,0,0,4.27609E+20,5.43776E+21,8.00851E+15,4.90884E+16
52221,52222,7,3,40,211,2016,3,14,3,3,5,3,0,1,0,1,0,0,0,0,3.8171E+20,5.44948E+21,7.37664E+15,4.91867E+16
52222,52223,7,3,38,6,2016,3,8,5,3,5,3,0,0,0,1,0,0,0,0,4.52061E+20,5.47094E+21,8.33941E+15,4.93892E+16
52223,52224,7,1,38,68,2016,3,2,7,2,9,1,2,1,0,1,0,0,0,0,3.82016E+20,5.60443E+21,7.33354E+15,5.05799E+16
52224,52225,7,1,38,72,2016,3,6,2,3,4,6,0,1,0,1,0,0,0,1,3.99579E+20,5.59565E+21,7.58389E+15,5.05042E+16
52225,52226,7,1,33,99,2016,3,13,5,2,5,3,0,0,1,1,0,0,0,0,4.0533E+20,5.5284E+21,7.68173E+15,4.99005E+16
52226,52227,7,1,43,27,2016,3,10,7,3,2,6,0,0,0,1,0,0,0,0,4.18597E+20,5.58949E+21,7.85336E+15,5.04518E+16
52227,52228,7,1,40,501,2016,3,15,7,3,8,1,0,0,0,0,0,1,0,0,3.96219E+20,5.56604E+21,7.54469E+15,5.02374E+16
52228,52229,7,3,33,19,2016,3,22,5,3,5,3,2,0,0,1,0,0,0,0,4.3109E+20,5.48875E+21,8.04738E+15,4.95474E+16
52229,52230,7,1,35,29,2016,3,10,5,2,4,7,0,0,0,1,0,0,1,0,3.64422E+20,5.55825E+21,7.10181E+15,5.0161E+16
52230,52231,7,3,32,7,2016,3,15,6,3,5,3,0,0,0,1,0,1,0,0,4.29768E+20,5.48374E+21,8.02999E+15,4.95022E+16
52231,52232,7,3,33,19,2016,3,15,5,3,4,6,0,0,0,1,0,0,0,0,4.32918E+20,5.48874E+21,8.07264E+15,4.95475E+16
52232,52233,7,1,43,242,2016,3,15,5,3,8,1,0,1,0,1,0,0,0,0,4.29095E+20,5.609E+21,7.9975E+15,5.06286E+16
52233,52234,7,3,31,3,2016,3,14,5,3,5,3,0,0,0,1,0,0,0,0,4.25611E+20,5.52373E+21,7.96498E+15,4.98614E+16
52234,52235,7,1,31,70,2016,3,11,3,3,2,6,0,0,0,1,0,0,0,0,3.77244E+20,5.60224E+21,7.2669E+15,5.05592E+16
52235,52236,7,1,11,0,2016,3,15,4,3,5,3,0,0,1,1,0,0,0,0,3.96674E+20,5.57776E+21,7.54787E+15,5.03429E+16
52236,52237,7,3,19,0,2016,3,19,5,3,5,3,2,0,0,1,0,1,0,0,4.52388E+20,5.49992E+21,8.34043E+15,4.96499E+16
52237,52238,7,3,39,42,2016,3,7,4,3,5,3,0,0,1,1,0,0,0,0,4.42585E+20,5.52939E+21,8.20029E+15,4.99141E+16
52238,52239,7,3,39,26,2016,3,11,5,3,2,6,0,0,0,1,0,0,0,0,4.47112E+20,5.52705E+21,8.26366E+15,4.98935E+16
52239,52240,7,3,39,61,2016,3,15,5,3,5,3,0,0,0,1,0,0,0,0,4.37064E+20,5.53622E+21,8.12227E+15,4.9975E+16
52240,52241,7,3,40,27,2016,3,11,7,3,5,3,0,0,0,1,0,0,0,0,4.11011E+20,5.45896E+21,7.77654E+15,4.92769E+16
52241,52242,7,3,31,73,2016,3,17,5,2,0,1,0,0,0,0,0,1,0,0,4.38793E+20,5.52251E+21,8.14856E+15,4.98519E+16
52242,52243,7,3,39,5,2016,3,4,6,3,3,6,2,1,0,1,0,0,0,1,4.22514E+20,5.53161E+21,7.92032E+15,4.99318E+16
52243,52244,7,3,14,0,2016,3,14,6,3,2,6,0,0,0,1,0,0,0,0,4.59629E+20,5.48037E+21,8.44273E+15,4.94746E+16