FID,OBJECTID,ULAND,UREGBEZ,UKREIS,UGEMEINDE,UJAHR,UMONAT,USTUNDE,UWOCHENTAG,UKATEGORIE,UART,UTYP1,ULICHTVERH,IstStrasse,IstRad,IstPKW,IstFuss,IstKrad,IstGkfz,IstSonstig,LINREFX,LINREFY,XGCSWGS84,YGCSWGS84
52244,52245,7,1,35,19,2016,3,12,5,3,4,2,0,0,1,1,0,0,0,0,3.66797E+20,5.54567E+21,7.13944E+15,5.00484E+16
52245,52246,7,1,31,51,2016,3,15,6,3,8,1,0,0,0,0,0,1,0,0,3.51012E+20,5.57593E+21,6.90725E+15,5.03167E+16
52246,52247,7,3,32,33,2016,3,3,4,3,8,1,2,1,0,0,0,0,1,0,4.43895E+20,5.48884E+21,8.22436E+15,4.95495E+16
52247,52248,7,2,33,26,2016,3,12,5,3,4,6,0,0,0,1,0,0,0,0,3.32334E+20,5.56675E+21,6.64917E+15,5.02291E+16
52248,52249,7,2,33,29,2016,3,16,2,3,1,2,0,0,0,1,0,0,0,0,3.33978E+20,5.57282E+21,6.66955E+15,5.02841E+16
52249,52250,7,2,11,0,2016,3,12,5,3,2,6,0,0,0,1,0,0,0,0,3.32429E+20,5.51609E+21,6.6726E+15,4.97739E+16
52250,52251,7,3,38,4,2016,3,11,1,3,5,3,0,0,0,1,0,1,0,0,4.53451E+20,5.4917E+21,8.35613E+15,4.95761E+16
52251,52252,7,1,34,45,2016,3,10,5,3,1,2,0,0,0,1,0,0,0,0,3.78533E+20,5.50771E+21,7.31521E+15,4.97096E+16
52252,52253,7,3,38,6,2016,3,10,6,3,2,6,0,1,0,1,0,0,0,1,4.52154E+20,5.47374E+21,8.34035E+15,4.94145E+16
52253,52254,7,3,37,501,2016,3,12,6,3,5,3,0,0,0,1,0,1,0,0,4.24641E+20,5.45064E+21,7.96546E+15,4.92039E+16
52254,52255,7,2,11,0,2016,3,7,5,2,2,1,0,0,0,1,0,0,0,1,3.34096E+20,5.51996E+21,6.69409E+15,4.98091E+16
52255,52256,7,3,40,55,2016,3,17,4,3,1,6,0,0,0,1,0,0,0,0,3.9874E+20,5.46512E+21,7.60632E+15,4.93304E+16
52256,52257,7,1,38,5,2016,3,14,5,3,2,6,0,0,0,1,0,0,0,0,3.93448E+20,5.59893E+21,7.49653E+15,5.05326E+16
52257,52258,7,3,31,3,2016,3,11,2,3,2,6,0,0,0,1,0,0,0,0,4.36576E+20,5.51131E+21,8.11955E+15,4.97509E+16
52258,52259,7,2,31,8,2016,3,7,5,3,2,6,0,0,0,1,0,0,0,0,3.60172E+20,5.5331E+21,7.05153E+15,4.99339E+16
52259,52260,7,3,33,37,2016,3,7,2,3,4,1,0,1,0,1,0,0,0,0,3.88386E+20,5.47699E+21,7.46053E+15,4.94354E+16
52260,52261,7,3,38,18,2016,3,21,3,3,3,1,2,0,0,1,0,0,0,0,4.48232E+20,5.48018E+21,8.28545E+15,4.94721E+16
52261,52262,7,1,37,227,2016,3,17,2,3,5,3,0,0,0,1,0,0,0,0,3.96668E+20,5.57084E+21,7.54969E+15,5.02806E+16
52262,52263,7,1,32,72,2016,3,18,5,3,1,6,0,0,0,1,0,0,0,0,4.27157E+20,5.63251E+21,7.96545E+15,5.08397E+16
52263,52264,7,1,32,6,2016,3,13,5,3,6,7,0,0,0,1,1,0,0,0,4.20244E+20,5.62727E+21,7.86843E+15,5.07917E+16
52264,52265,7,1,38,45,2016,3,14,5,2,4,2,0,0,0,1,0,0,0,0,3.91899E+20,5.59114E+21,7.47693E+15,5.04623E+16
52265,52266,7,3,37,52,2016,3,10,7,2,8,1,0,0,0,0,0,1,0,0,4.37687E+20,5.4619E+21,8.14278E+15,4.93067E+16
52266,52267,7,1,35,82,2016,3,13,5,3,2,2,0,0,0,1,0,0,0,0,3.79017E+20,5.56061E+21,7.30531E+15,5.01853E+16
52267,52268,7,1,31,501,2016,3,15,6,3,5,2,0,1,0,1,0,1,0,0,3.53252E+20,5.58894E+21,6.93362E+15,5.04341E+16
52268,52269,7,3,15,0,2016,3,12,6,3,6,4,0,0,0,0,1,0,0,1,4.4788E+20,5.5375E+21,8.27293E+15,4.99875E+16
52269,52270,7,1,35,83,2016,3,16,6,3,8,1,0,0,0,1,0,0,0,0,3.57448E+20,5.56563E+21,7.00148E+15,5.02256E+16
52270,52271,7,3,31,24,2016,3,12,4,3,9,1,0,0,0,1,0,0,0,0,4.41695E+20,5.5057E+21,8.19145E+15,4.9701E+16
52271,52272,7,1,40,79,2016,3,13,5,3,1,6,0,0,0,1,0,0,0,0,3.93729E+20,5.54546E+21,7.51553E+15,5.0052E+16
52272,52273,7,1,43,62,2016,3,12,2,2,8,1,0,0,0,1,0,0,0,0,4.1004E+20,5.5894E+21,7.73288E+15,5.04497E+16
52273,52274,7,1,32,45,2016,3,16,5,2,4,1,0,0,0,1,0,1,0,0,4.18839E+20,5.63433E+21,7.84693E+15,5.0855E+16
52274,52275,7,1,43,52,2016,3,10,3,3,4,6,0,0,0,1,0,0,0,0,4.08359E+20,5.58201E+21,7.71101E+15,5.0383E+16
52275,52276,7,1,11,0,2016,3,18,7,3,5,3,2,0,0,1,0,0,0,0,3.98601E+20,5.58078E+21,7.57413E+15,5.03704E+16
52276,52277,7,1,43,254,2016,3,15,4,3,1,2,0,0,0,1,0,0,0,0,4.23316E+20,5.60453E+21,7.91672E+15,5.05876E+16
52277,52278,7,3,31,3,2016,3,15,1,3,2,6,0,0,0,1,0,0,0,0,4.33735E+20,5.50867E+21,8.08057E+15,4.97269E+16
52278,52279,7,1,40,3,2016,3,10,5,3,8,1,0,0,0,1,0,0,0,0,4.00971E+20,5.53754E+21,7.6187E+15,4.9982E+16
52279,52280,7,3,32,25,2016,3,22,7,2,9,1,2,0,0,1,0,0,0,0,4.45382E+20,5.46565E+21,8.24812E+15,4.93411E+16
52280,52281,7,2,31,46,2016,3,12,7,3,5,2,0,1,0,1,0,0,0,0,3.39792E+20,5.54626E+21,6.76226E+15,5.0047E+16
52281,52282,7,3,39,27,2016,3,13,3,2,3,6,0,0,0,1,0,0,1,0,4.40594E+20,5.53896E+21,8.17108E+15,5E+16
52282,52283,7,1,11,0,2016,3,13,7,3,5,3,0,0,0,1,0,0,0,0,3.99222E+20,5.57826E+21,7.58353E+15,5.03478E+16
52283,52284,7,3,34,18,2016,3,11,1,3,2,6,0,0,0,1,0,0,0,0,4.46093E+20,5.45567E+21,8.25924E+15,4.92514E+16
52284,52285,7,1,41,75,2016,3,15,5,2,4,7,0,0,0,1,0,0,1,0,4.03674E+20,5.57417E+21,7.64713E+15,5.03118E+16
52285,52286,7,2,11,0,2016,3,13,7,3,1,6,0,1,0,1,0,0,0,0,3.28974E+20,5.51139E+21,6.62672E+15,4.97307E+16
52286,52287,7,3,31,73,2016,3,5,7,3,9,1,2,0,0,1,0,0,0,0,4.38726E+20,5.52226E+21,8.14767E+15,4.98496E+16
52287,52288,7,1,11,0,2016,3,18,5,3,6,4,2,0,0,1,1,0,0,0,4.00045E+20,5.58086E+21,7.5944E+15,5.03713E+16
52288,52289,7,1,11,0,2016,3,20,5,3,5,2,2,0,1,1,0,0,0,0,3.9831E+20,5.57921E+21,7.57046E+15,5.03562E+16
52289,52290,7,1,43,254,2016,3,18,7,2,9,1,2,0,0,1,0,0,0,0,4.23071E+20,5.60457E+21,7.91325E+15,5.0588E+16
52290,52291,7,3,20,0,2016,3,10,4,2,5,3,0,0,0,1,0,0,0,0,3.81803E+20,5.45565E+21,7.3761E+15,4.92422E+16
52291,52292,7,3,20,0,2016,3,15,5,3,5,3,0,0,0,1,0,0,0,0,3.80586E+20,5.45634E+21,7.35918E+15,4.92482E+16
52292,52293,7,1,43,263,2016,3,16,6,3,5,3,0,0,0,1,0,0,0,0,4.21967E+20,5.59373E+21,7.89993E+15,5.04904E+16
52293,52294,7,3,14,0,2016,3,17,5,3,2,6,0,0,0,1,0,0,0,0,4.50206E+20,5.47994E+21,8.31272E+15,4.94701E+16
52294,52295,7,2,35,137,2016,3,17,4,3,2,6,0,0,0,1,0,0,1,0,3.26405E+20,5.51643E+21,6.58886E+15,4.97752E+16
52295,52296,7,3,12,0,2016,3,8,4,3,2,6,0,0,0,1,0,0,0,0,4.06268E+20,5.47808E+21,7.70684E+15,4.94481E+16
52296,52297,7,1,35,20,2016,3,16,2,2,5,3,0,0,1,1,0,0,0,0,3.69776E+20,5.55562E+21,7.17764E+15,5.01385E+16
52297,52298,7,1,31,202,2016,3,16,5,3,2,6,0,0,0,1,0,0,0,0,3.77547E+20,5.59085E+21,7.27492E+15,5.04568E+16
52298,52299,7,1,11,0,2016,3,12,3,3,3,6,0,0,0,1,0,0,0,0,3.97693E+20,5.58043E+21,7.56146E+15,5.03671E+16
52299,52300,7,1,38,74,2016,3,19,7,3,8,1,2,0,0,1,0,0,0,0,3.9858E+20,5.60158E+21,7.56819E+15,5.05574E+16
52300,52301,7,1,37,69,2016,3,20,4,3,4,2,2,0,0,1,0,1,0,0,3.78158E+20,5.58116E+21,7.28667E+15,5.03698E+16
52301,52302,7,3,36,30,2016,3,19,7,3,7,7,2,0,0,1,0,0,0,0,3.92431E+20,5.49729E+21,7.51077E+15,4.96186E+16
52302,52303,7,3,35,16,2016,3,17,4,3,2,6,0,0,0,1,0,0,0,0,3.89461E+20,5.47518E+21,7.47585E+15,4.94192E+16
52303,52304,7,1,32,54,2016,3,2,7,1,9,1,2,0,0,1,0,0,0,0,4.13864E+20,5.62711E+21,7.77797E+15,5.07893E+16
52304,52305,7,2,32,64,2016,3,6,2,3,9,1,1,1,0,1,0,0,0,0,2.99934E+20,5.54396E+21,6.20738E+15,5.00144E+16
52305,52306,7,3,12,0,2016,3,17,4,3,6,4,0,0,0,1,1,0,0,0,4.10856E+20,5.47661E+21,7.77046E+15,4.94356E+16
52306,52307,7,2,31,64,2016,3,12,7,3,8,1,0,0,0,0,0,1,0,0,3.5856E+20,5.5157E+21,7.03544E+15,4.97771E+16
52307,52308,7,1,37,30,2016,3,17,7,2,8,1,0,0,0,0,0,1,0,0,3.82339E+20,5.56895E+21,7.34923E+15,5.0261E+16
52308,52309,7,3,12,0,2016,3,11,4,3,2,6,0,0,0,1,0,0,0,0,4.08753E+20,5.47713E+21,7.74133E+15,4.944E+16
52309,52310,7,1,32,47,2016,3,23,5,3,8,1,2,1,0,1,0,0,0,0,4.02071E+20,5.61685E+21,7.61343E+15,5.06952E+16
52310,52311,7,3,40,54,2016,3,15,6,2,9,1,0,0,0,1,0,1,0,0,4.15481E+20,5.46295E+21,7.83713E+15,4.93135E+16
52311,52312,7,3,32,14,2016,3,17,4,3,8,1,0,0,0,0,0,1,0,0,4.16031E+20,5.46658E+21,7.84394E+15,4.93461E+16
52312,52313,7,3,39,9,2016,3,15,5,3,2,6,0,0,0,1,0,0,1,0,4.4335E+20,5.54174E+21,8.20912E+15,5.00253E+16
52313,52314,7,1,41,129,2016,3,10,3,3,1,2,0,0,0,1,0,0,0,0,4.1606E+20,5.57172E+21,7.82159E+15,5.02917E+16
52314,52315,7,1,40,113,2016,3,8,4,2,9,7,0,1,0,1,0,0,0,0,3.92226E+20,5.53653E+21,7.49705E+15,4.99713E+16
52315,52316,7,1,41,85,2016,3,7,7,3,8,1,0,1,0,1,0,0,0,0,4.16098E+20,5.56499E+21,7.82362E+15,5.02311E+16
52316,52317,7,3,34,9,2016,3,12,4,3,5,3,0,0,1,1,0,0,0,0,4.44424E+20,5.44008E+21,8.23847E+15,4.91111E+16
52317,52318,7,1,43,288,2016,3,9,5,3,9,7,0,1,0,1,0,0,0,0,4.21482E+20,5.60608E+21,7.89049E+15,5.06013E+16
52318,52319,7,1,38,45,2016,3,13,7,2,5,3,0,0,0,1,0,0,0,0,3.93793E+20,5.58782E+21,7.50455E+15,5.04328E+16
52319,52320,7,3,37,20,2016,3,6,4,3,1,6,2,0,0,1,0,0,0,0,4.37483E+20,5.45938E+21,8.14036E+15,4.9284E+16
52320,52321,7,3,16,0,2016,3,15,5,2,2,6,0,0,0,1,0,0,1,0,4.41767E+20,5.46813E+21,8.19799E+15,4.93631E+16
52321,52322,7,3,15,0,2016,3,16,3,3,0,1,0,0,1,0,0,0,0,0,4.46823E+20,5.53884E+21,8.258E+15,4.99995E+16
52322,52323,7,3,37,35,2016,3,13,5,3,5,2,0,0,0,1,0,0,0,0,4.39946E+20,5.45722E+21,8.17456E+15,4.92648E+16
52323,52324,7,1,38,68,2016,3,7,4,3,0,1,0,1,1,0,0,0,0,0,3.83124E+20,5.60584E+21,7.34874E+15,5.05928E+16
52324,52325,7,3,14,0,2016,3,13,4,3,6,2,0,0,0,1,1,0,0,0,4.57045E+20,5.47866E+21,8.40726E+15,4.94591E+16
52325,52326,7,3,36,92,2016,3,16,4,2,5,3,0,0,0,1,0,0,0,0,3.82497E+20,5.47442E+21,7.3801E+15,4.94111E+16
52326,52327,7,1,33,52,2016,3,12,2,3,2,2,0,0,0,1,0,1,0,0,3.88332E+20,5.51471E+21,7.44906E+15,4.97744E+16
52327,52328,7,3,34,7,2016,3,15,3,3,1,6,0,1,0,1,0,0,0,0,4.5309E+20,5.45373E+21,8.35561E+15,4.92346E+16
52328,52329,7,1,33,52,2016,3,7,4,3,6,4,0,0,0,1,1,0,0,0,3.89582E+20,5.51606E+21,7.46603E+15,4.97868E+16
52329,52330,7,1,32,72,2016,3,12,2,3,5,3,0,1,0,1,0,0,0,0,4.26597E+20,5.63213E+21,7.95758E+15,5.08362E+16
52330,52331,7,3,39,5,2016,3,14,4,3,2,6,0,0,0,1,0,0,0,0,4.20609E+20,5.53576E+21,7.89293E+15,4.99689E+16
52331,52332,7,1,31,1,2016,3,18,7,3,2,6,0,0,0,1,0,0,0,0,3.54198E+20,5.5826E+21,6.94938E+15,5.03774E+16
52332,52333,7,1,11,0,2016,3,10,7,2,9,1,0,0,0,0,0,1,0,0,3.99503E+20,5.5787E+21,7.58736E+15,5.03518E+16
52333,52334,7,1,33,99,2016,3,13,4,2,8,1,0,0,0,1,0,0,0,0,4.08451E+20,5.5285E+21,7.72516E+15,4.99019E+16
52334,52335,7,1,40,36,2016,3,12,5,3,6,4,0,0,0,1,1,0,0,0,3.96615E+20,5.55695E+21,7.55272E+15,5.01558E+16
52335,52336,7,3,39,43,2016,3,13,4,3,1,1,0,0,0,1,0,0,0,0,4.53654E+20,5.52354E+21,8.35515E+15,4.98625E+16
52336,52337,7,3,15,0,2016,3,15,5,3,2,6,0,0,0,1,0,0,0,1,4.48434E+20,5.53829E+21,8.28056E+15,4.99947E+16
52337,52338,7,1,31,7,2016,3,18,3,3,8,1,1,0,0,0,0,0,1,0,3.70269E+20,5.6001E+21,7.16923E+15,5.05384E+16
52338,52339,7,1,37,69,2016,3,3,4,3,3,1,2,1,0,1,0,0,1,0,3.78629E+20,5.58299E+21,7.29269E+15,5.03864E+16
52339,52340,7,3,39,43,2016,3,13,4,3,1,1,0,0,0,1,0,0,0,0,4.53654E+20,5.52354E+21,8.35515E+15,4.98625E+16
52340,52341,7,2,31,53,2016,3,20,4,2,2,6,2,0,0,1,0,0,0,0,3.42143E+20,5.52522E+21,6.8037E+15,4.98586E+16
52341,52342,7,3,15,0,2016,3,17,4,3,5,3,0,0,0,1,0,0,0,0,4.44212E+20,5.54179E+21,8.22115E+15,5.00258E+16
52342,52343,7,3,11,0,2016,3,7,4,3,3,7,0,0,0,1,0,1,0,0,4.53276E+20,5.48673E+21,8.3543E+15,4.95314E+16
52343,52344,7,3,19,0,2016,3,15,2,3,2,6,0,0,0,1,0,0,0,0,4.51559E+20,5.50166E+21,8.32873E+15,4.96656E+16
52344,52345,7,3,38,8,2016,3,18,3,3,6,7,2,0,0,1,1,0,0,0,4.48708E+20,5.47897E+21,8.29218E+15,4.94612E+16
52345,52346,7,3,39,30,2016,3,12,4,3,0,7,0,0,0,0,0,0,0,1,4.3403E+20,5.53824E+21,8.07962E+15,4.99928E+16
52346,52347,7,3,33,76,2016,3,16,1,3,5,3,0,0,0,1,0,0,0,0,4.34274E+20,5.50296E+21,8.08901E+15,4.96755E+16
52347,52348,7,2,31,8,2016,3,15,4,3,8,7,0,0,0,1,0,0,0,0,3.59317E+20,5.53045E+21,7.04059E+15,4.99099E+16
52348,52349,7,3,32,2,2016,3,23,6,2,4,6,2,1,0,1,0,0,0,0,4.3863E+20,5.47853E+21,8.15318E+15,4.94563E+16
52349,52350,7,3,14,0,2016,3,20,6,3,7,1,2,0,0,1,0,0,0,0,4.51404E+20,5.4799E+21,8.32927E+15,4.94698E+16
52350,52351,7,2,11,0,2016,3,12,4,3,2,6,0,0,0,1,0,0,1,0,3.29129E+20,5.51294E+21,6.62819E+15,4.97446E+16
52351,52352,7,3,35,22,2016,3,18,4,3,5,3,0,0,0,1,0,0,0,0,3.98407E+20,5.4716E+21,7.60008E+15,4.93886E+16
52352,52353,7,1,41,6,2016,3,8,4,3,4,2,0,0,1,1,0,0,0,0,4.08096E+20,5.57672E+21,7.70861E+15,5.03354E+16
52353,52354,7,3,15,0,2016,3,17,2,3,5,2,0,0,1,1,0,0,0,0,4.48587E+20,5.53803E+21,8.28272E+15,4.99924E+16
52354,52355,7,1,34,10,2016,3,14,5,3,1,1,0,0,0,1,0,0,0,0,3.67647E+20,5.50171E+21,7.16633E+15,4.96534E+16
52355,52356,7,3,32,19,2016,3,17,2,3,5,3,0,0,0,1,0,1,0,0,4.42423E+20,5.48404E+21,8.20472E+15,4.95063E+16
52356,52357,7,3,33,7,2016,3,9,3,3,5,2,0,0,0,1,0,0,0,0,4.30479E+20,5.5023E+21,8.03653E+15,4.96692E+16
52357,52358,7,3,12,0,2016,3,15,6,3,6,2,0,0,0,1,1,0,0,0,4.11608E+20,5.47816E+21,7.78048E+15,4.94497E+16
52358,52359,7,3,32,47,2016,3,13,1,3,2,6,0,0,0,1,0,0,0,0,4.25465E+20,5.48257E+21,7.97079E+15,4.94911E+16
52359,52360,7,1,43,6,2016,3,12,4,3,6,4,0,0,0,0,1,0,0,1,4.07497E+20,5.59517E+21,7.69564E+15,5.05012E+16
52360,52361,7,2,11,0,2016,3,12,7,3,3,6,0,1,0,1,0,0,0,0,3.27898E+20,5.51194E+21,6.61156E+15,4.97353E+16
52361,52362,7,3,38,5,2016,3,21,7,3,0,1,2,0,1,0,0,0,0,0,4.49796E+20,5.46911E+21,8.30844E+15,4.93727E+16
52362,52363,7,1,43,48,2016,3,9,4,3,5,3,0,1,0,1,0,1,0,0,4.14473E+20,5.58854E+21,7.7955E+15,5.04426E+16
52363,52364,7,1,32,71,2016,3,16,4,3,2,6,0,0,0,1,0,0,0,0,4.20202E+20,5.62269E+21,7.86883E+15,5.07505E+16
52364,52365,7,1,34,43,2016,3,3,7,3,9,1,2,1,0,1,0,0,0,0,3.73513E+20,5.52792E+21,7.23904E+15,4.98903E+16
52365,52366,7,1,32,1,2016,3,11,4,3,2,6,0,0,0,1,0,0,0,0,4.03351E+20,5.61465E+21,7.63212E+15,5.06757E+16
52366,52367,7,1,37,68,2016,3,21,6,2,5,3,2,1,0,1,0,1,0,0,3.73631E+20,5.57651E+21,7.22459E+15,5.03271E+16
52367,52368,7,2,31,110,2016,3,16,6,2,0,1,0,0,1,0,0,0,0,0,3.65236E+20,5.54331E+21,7.11848E+15,5.00269E+16
52368,52369,7,3,35,16,2016,3,7,5,3,4,6,0,0,0,1,0,0,0,0,3.89115E+20,5.4751E+21,7.47111E+15,4.94185E+16
52369,52370,7,1,32,84,2016,3,8,4,3,2,2,0,0,0,1,0,0,0,0,3.98769E+20,5.61372E+21,7.56755E+15,5.06666E+16
52370,52371,7,1,35,65,2016,3,15,4,2,8,1,0,0,1,0,0,0,0,0,3.8403E+20,5.56214E+21,7.37504E+15,5.02001E+16
52371,52372,7,3,20,0,2016,3,18,7,3,2,2,0,0,0,1,0,0,0,0,3.80516E+20,5.45675E+21,7.35809E+15,4.92519E+16
52372,52373,7,1,31,6,2016,3,17,4,3,2,2,0,0,0,1,0,0,0,1,3.80018E+20,5.59584E+21,7.3081E+15,5.05022E+16
52373,52374,7,1,41,73,2016,3,17,6,3,8,1,0,1,0,1,0,0,0,0,4.25263E+20,5.57194E+21,7.95072E+15,5.02949E+16
52374,52375,7,3,31,30,2016,3,4,6,3,6,6,2,0,0,1,1,0,0,0,4.29406E+20,5.52077E+21,8.01832E+15,4.98352E+16
52375,52376,7,1,37,69,2016,3,12,4,3,6,4,0,0,0,1,1,0,0,0,3.76506E+20,5.5813E+21,7.2634E+15,5.03708E+16
52376,52377,7,1,40,64,2016,3,9,6,3,9,1,0,0,0,1,0,0,0,0,3.86827E+20,5.5477E+21,7.41849E+15,5.00708E+16
52377,52378,7,3,37,55,2016,3,8,4,3,8,6,0,0,0,1,0,0,0,0,4.31832E+20,5.44244E+21,8.06556E+15,4.9131E+16
52378,52379,7,1,40,67,2016,3,6,4,3,4,2,1,1,0,1,0,0,0,0,3.85384E+20,5.53456E+21,7.40226E+15,4.99524E+16
52379,52380,7,2,11,0,2016,3,11,2,3,2,6,0,0,0,1,0,0,0,0,3.28954E+20,5.51135E+21,6.62646E+15,4.97303E+16
52380,52381,7,1,41,51,2016,3,18,5,2,8,1,0,0,0,0,0,1,0,0,4.32215E+20,5.57088E+21,8.04851E+15,5.02861E+16
52381,52382,7,2,32,64,2016,3,16,3,2,5,3,0,0,0,0,0,0,0,1,3.02639E+20,5.5453E+21,6.2444E+15,5.00272E+16
52382,52383,7,3,32,47,2016,3,16,6,3,3,6,0,0,0,1,0,0,0,0,4.32997E+20,5.48645E+21,8.07413E+15,4.9527E+16
52383,52384,7,3,14,0,2016,3,14,1,3,6,2,0,0,0,1,1,0,0,0,4.58724E+20,5.48131E+21,8.43015E+15,4.94831E+16
52384,52385,7,1,41,75,2016,3,7,4,3,1,6,0,0,0,1,0,0,0,0,4.0072E+20,5.57577E+21,7.60523E+15,5.03257E+16
52385,52386,7,3,35,49,2016,3,0,7,2,8,1,2,0,0,1,0,0,0,0,4.03115E+20,5.48432E+21,7.66183E+15,4.95037E+16
52386,52387,7,1,38,54,2016,3,13,7,3,5,3,0,1,0,1,0,0,0,0,3.96416E+20,5.60174E+21,7.53761E+15,5.05584E+16
52387,52388,7,2,31,31,2016,3,7,7,2,3,6,0,0,0,1,0,0,0,0,3.45802E+20,5.52959E+21,6.85283E+15,4.98988E+16
52388,52389,7,1,37,217,2016,3,8,4,3,9,1,0,1,0,1,0,0,0,0,3.90285E+20,5.57081E+21,7.46014E+15,5.02792E+16
52389,52390,7,1,38,40,2016,3,13,7,3,5,2,0,0,0,1,0,0,0,0,3.98031E+20,5.60322E+21,7.56E+15,5.0572E+16
52390,52391,7,3,17,0,2016,3,19,3,3,5,3,2,1,0,1,0,0,0,0,3.99738E+20,5.44884E+21,7.62413E+15,4.91842E+16
52391,52392,7,3,12,0,2016,3,18,5,3,3,6,0,0,0,1,0,0,0,1,4.08297E+20,5.47703E+21,7.73507E+15,4.9439E+16
52392,52393,7,3,32,25,2016,3,6,5,3,4,1,0,0,0,1,0,0,1,1,4.47964E+20,5.46768E+21,8.28339E+15,4.93596E+16
52393,52394,7,1,43,81,2016,3,12,4,2,4,6,0,0,0,1,0,0,0,0,4.1551E+20,5.59158E+21,7.80941E+15,5.04701E+16
52394,52395,7,3,36,58,2016,3,8,3,3,5,2,0,1,0,1,0,0,0,1,3.97898E+20,5.50071E+21,7.58554E+15,4.96503E+16
52395,52396,7,1,37,216,2016,3,12,5,3,3,6,0,0,0,1,0,0,1,0,3.95065E+20,5.58384E+21,7.52357E+15,5.03973E+16
52396,52397,7,3,36,98,2016,3,7,2,2,4,6,0,1,0,1,0,0,0,0,3.87776E+20,5.48543E+21,7.44973E+15,4.95111E+16
52397,52398,7,1,11,0,2016,3,11,4,3,2,6,0,0,0,1,0,0,0,0,3.99184E+20,5.57971E+21,7.58261E+15,5.03608E+16
52398,52399,7,3,35,22,2016,3,15,3,2,4,2,0,0,0,1,0,0,0,0,3.95263E+20,5.47272E+21,7.55647E+15,4.93981E+16
52399,52400,7,3,15,0,2016,3,14,4,3,3,6,0,0,0,1,0,0,0,1,4.48003E+20,5.5392E+21,8.27442E+15,5.00029E+16
52400,52401,7,3,36,17,2016,3,11,3,3,9,1,0,2,0,1,0,0,0,0,3.76549E+20,5.47393E+21,7.2983E+15,4.94055E+16
52401,52402,7,1,38,40,2016,3,17,2,3,0,7,0,0,0,0,0,1,0,0,3.97235E+20,5.60234E+21,7.54901E+15,5.05639E+16
52402,52403,7,1,32,76,2016,3,14,5,2,5,3,0,0,1,1,0,0,0,0,4.20149E+20,5.62551E+21,7.86746E+15,5.07758E+16
52403,52404,7,1,31,70,2016,3,8,3,3,2,2,0,0,0,1,0,0,0,1,3.73277E+20,5.60576E+21,7.20972E+15,5.059E+16
52404,52405,7,3,34,9,2016,3,17,6,2,4,6,0,0,0,1,0,0,0,0,4.46703E+20,5.44128E+21,8.26954E+15,4.9122E+16
52405,52406,7,1,41,38,2016,3,14,4,3,2,6,0,0,0,1,0,0,1,1,4.24001E+20,5.5841E+21,7.93056E+15,5.0404E+16
52406,52407,7,2,33,29,2016,3,17,1,2,6,4,0,0,0,1,1,0,0,0,3.34124E+20,5.57365E+21,6.67123E+15,5.02916E+16
52407,52408,7,3,36,92,2016,3,6,3,3,9,1,2,2,0,1,0,0,0,0,3.81533E+20,5.47528E+21,7.36656E+15,4.94187E+16
52408,52409,7,3,32,14,2016,3,16,7,3,5,1,0,0,0,1,0,1,0,0,4.2581E+20,5.46616E+21,7.97863E+15,4.93437E+16
52409,52410,7,3,36,97,2016,3,6,3,3,8,1,1,2,0,1,0,0,0,0,3.79509E+20,5.49129E+21,7.33378E+15,4.95622E+16
52410,52411,7,1,43,276,2016,3,16,5,3,5,2,0,0,0,1,0,0,0,0,4.17132E+20,5.61408E+21,7.82725E+15,5.06726E+16
52411,52412,7,1,40,117,2016,3,16,7,2,5,3,0,0,0,1,0,0,1,0,3.98264E+20,5.55256E+21,7.57697E+15,5.01166E+16
52412,52413,7,3,12,0,2016,3,15,3,3,3,6,0,0,0,1,0,0,0,0,4.06132E+20,5.47759E+21,7.70508E+15,4.94438E+16
52413,52414,7,1,33,88,2016,3,6,5,3,8,1,1,0,0,1,0,0,0,0,4.11531E+20,5.52455E+21,7.76894E+15,4.98668E+16
52414,52415,7,2,11,0,2016,3,19,3,3,1,6,2,1,0,1,0,0,0,0,3.31318E+20,5.51501E+21,6.65766E+15,4.97638E+16
52415,52416,7,3,38,8,2016,3,13,5,3,2,6,0,0,0,1,0,1,0,0,4.48494E+20,5.47939E+21,8.28918E+15,4.9465E+16
52416,52417,7,1,31,7,2016,3,7,4,3,0,1,0,1,0,0,0,1,0,0,3.70026E+20,5.60165E+21,7.16526E+15,5.05523E+16
52417,52418,7,3,34,13,2016,3,11,3,3,5,3,0,0,1,1,0,0,0,0,4.41019E+20,5.43764E+21,8.19217E+15,4.90888E+16
52418,52419,7,3,37,21,2016,3,14,4,3,5,2,0,0,0,1,0,0,0,1,4.36816E+20,5.45782E+21,8.13145E+15,4.92699E+16
52419,52420,7,3,39,5,2016,3,7,2,3,0,7,0,0,0,0,0,1,0,0,4.21907E+20,5.53577E+21,7.91102E+15,4.99691E+16
52420,52421,7,3,13,0,2016,3,16,3,3,8,1,0,1,0,1,0,0,0,0,4.37966E+20,5.44717E+21,8.1489E+15,4.91742E+16
52421,52422,7,3,34,501,2016,3,9,3,3,3,6,0,0,0,1,0,0,1,0,4.47713E+20,5.43211E+21,8.28456E+15,4.90396E+16
52422,52423,7,1,37,202,2016,3,4,2,3,2,6,2,1,0,1,0,0,0,0,3.92034E+20,5.57948E+21,7.48219E+15,5.03575E+16
52423,52424,7,3,37,24,2016,3,18,3,2,4,6,2,0,0,1,0,0,0,0,4.27349E+20,5.45299E+21,8.0022E+15,4.92254E+16
52424,52425,7,1,31,36,2016,3,12,7,2,4,1,0,0,0,1,0,1,0,0,3.58611E+20,5.60125E+21,7.00437E+15,5.0546E+16
52425,52426,7,3,35,17,2016,3,14,6,3,5,3,0,1,0,1,0,0,0,0,4.05737E+20,5.48422E+21,7.69806E+15,4.95033E+16