FID,OBJECTID,ULAND,UREGBEZ,UKREIS,UGEMEINDE,UJAHR,UMONAT,USTUNDE,UWOCHENTAG,UKATEGORIE,UART,UTYP1,ULICHTVERH,IstStrasse,IstRad,IstPKW,IstFuss,IstKrad,IstGkfz,IstSonstig,LINREFX,LINREFY,XGCSWGS84,YGCSWGS84
52426,52427,7,3,34,5,2016,3,6,6,2,0,1,1,0,1,0,0,0,0,0,4.36387E+20,5.43567E+21,8.12905E+15,4.90706E+16
52427,52428,7,3,18,0,2016,3,20,3,3,0,6,2,1,0,0,0,1,0,0,4.5854E+20,5.46404E+21,8.42941E+15,4.93276E+16
52428,52429,7,1,11,0,2016,3,14,5,3,5,2,0,1,0,1,0,0,0,0,3.99609E+20,5.58152E+21,7.5881E+15,5.03771E+16
52429,52430,7,1,43,47,2016,3,6,2,3,4,6,1,1,0,1,0,0,1,0,4.11059E+20,5.59297E+21,7.74637E+15,5.0482E+16
52430,52431,7,3,11,0,2016,3,8,3,3,5,3,0,0,1,1,0,0,0,0,4.5305E+20,5.48646E+21,8.35121E+15,4.9529E+16
52431,52432,7,1,43,62,2016,3,14,7,2,6,4,0,0,1,0,1,1,0,0,4.11505E+20,5.59186E+21,7.75292E+15,5.04721E+16
52432,52433,7,1,37,211,2016,3,16,7,3,8,1,0,0,0,1,0,0,0,0,3.9128E+20,5.58472E+21,7.47008E+15,5.04045E+16
52433,52434,7,3,14,0,2016,3,6,3,3,5,3,1,1,0,1,0,0,0,0,4.51177E+20,5.4811E+21,8.32598E+15,4.94806E+16
52434,52435,7,1,38,45,2016,3,18,5,2,6,4,1,0,0,1,1,0,0,0,3.9674E+20,5.5868E+21,7.54631E+15,5.04242E+16
52435,52436,7,3,36,4,2016,3,6,6,2,8,1,1,0,0,1,0,0,0,0,3.7713E+20,5.47751E+21,7.30518E+15,4.94378E+16
52436,52437,7,3,14,0,2016,3,15,3,3,5,3,0,0,0,1,0,0,1,0,4.58237E+20,5.47801E+21,8.42378E+15,4.94533E+16
52437,52438,7,1,34,8,2016,3,13,5,3,2,1,0,0,0,1,0,0,0,0,3.74942E+20,5.49144E+21,7.2706E+15,4.95626E+16
52438,52439,7,3,14,0,2016,3,17,5,3,5,3,0,0,0,1,0,0,0,0,4.57518E+20,5.4804E+21,8.41359E+15,4.94747E+16
52439,52440,7,1,31,14,2016,3,16,3,3,2,2,0,0,0,1,0,0,0,0,3.8086E+20,5.59465E+21,7.32036E+15,5.04917E+16
52440,52441,7,1,37,207,2016,3,22,4,2,8,1,2,0,0,1,0,0,0,0,3.93257E+20,5.57395E+21,7.50095E+15,5.0308E+16
52441,52442,7,3,31,34,2016,3,17,3,3,2,2,0,0,0,1,0,0,0,0,4.54134E+20,5.51388E+21,8.36298E+15,4.97756E+16
52442,52443,7,3,39,57,2016,3,18,4,3,8,1,0,0,0,1,0,0,0,0,4.36832E+20,5.52984E+21,8.12008E+15,4.99176E+16
52443,52444,7,3,15,0,2016,3,17,2,3,4,6,0,0,0,1,0,0,0,0,4.43509E+20,5.54172E+21,8.21134E+15,5.00251E+16
52444,52445,7,3,15,0,2016,3,6,3,3,6,2,2,0,0,1,1,0,0,0,4.4085E+20,5.53727E+21,8.17492E+15,4.99848E+16
52445,52446,7,2,35,133,2016,3,15,3,2,2,6,0,0,0,1,0,1,0,0,3.16551E+20,5.50687E+21,6.45663E+15,4.96864E+16
52446,52447,7,1,31,6,2016,3,22,1,3,9,7,2,1,0,1,0,0,0,0,3.7842E+20,5.59826E+21,7.2848E+15,5.05236E+16
52447,52448,7,1,43,226,2016,3,13,3,3,5,3,0,0,0,1,0,0,0,0,4.2684E+20,5.5971E+21,7.96795E+15,5.05213E+16
52448,52449,7,3,39,42,2016,3,23,6,3,2,6,2,0,0,1,0,0,0,0,4.42044E+20,5.5292E+21,8.19278E+15,4.99124E+16
52449,52450,7,3,14,0,2016,3,20,6,3,6,4,2,0,0,0,1,0,0,1,4.58386E+20,5.48085E+21,8.42553E+15,4.94789E+16
52450,52451,7,1,43,304,2016,3,12,3,3,5,3,0,0,0,1,0,0,0,0,4.25903E+20,5.59209E+21,7.95574E+15,5.04761E+16
52451,52452,7,1,32,37,2016,3,18,6,1,8,1,2,1,0,1,0,0,0,0,4.15065E+20,5.63969E+21,7.79208E+15,5.09026E+16
52452,52453,7,3,32,30,2016,3,7,4,3,2,6,0,0,0,1,0,0,0,1,4.41022E+20,5.48916E+21,8.1846E+15,4.95521E+16
52453,52454,7,1,43,312,2016,3,10,3,2,4,2,0,1,0,1,0,0,0,0,4.27437E+20,5.60046E+21,7.97573E+15,5.05515E+16
52454,52455,7,2,33,76,2016,3,17,2,2,5,3,0,0,0,1,0,0,0,0,3.38815E+20,5.57728E+21,6.73548E+15,5.03255E+16
52455,52456,7,2,35,2,2016,3,23,5,2,4,2,2,0,0,1,0,0,0,0,3.24623E+20,5.49998E+21,6.57152E+15,4.96269E+16
52456,52457,7,3,31,10,2016,3,16,3,3,9,7,0,0,0,1,0,0,0,0,4.38396E+20,5.51697E+21,8.14392E+15,4.9802E+16
52457,52458,7,3,13,0,2016,3,15,6,2,2,6,0,0,0,1,0,0,0,0,4.33343E+20,5.45069E+21,8.08489E+15,4.92054E+16
52458,52459,7,3,32,32,2016,3,17,1,3,2,2,0,0,0,1,0,0,0,0,4.32307E+20,5.46937E+21,8.06751E+15,4.93732E+16
52459,52460,7,1,43,67,2016,3,12,3,3,1,6,0,0,0,1,0,0,0,0,4.11905E+20,5.59865E+21,7.75695E+15,5.05331E+16
52460,52461,7,1,32,6,2016,3,15,3,3,2,5,0,0,0,1,0,0,0,0,4.19666E+20,5.62825E+21,7.86001E+15,5.08004E+16
52461,52462,7,1,33,501,2016,3,10,2,3,2,2,0,0,0,1,0,0,0,0,4.03421E+20,5.51552E+21,7.65837E+15,4.97844E+16
52462,52463,7,3,15,0,2016,3,8,5,3,5,3,0,0,0,1,0,0,1,0,4.50949E+20,5.53572E+21,8.31596E+15,4.99718E+16
52463,52464,7,3,36,86,2016,3,17,2,3,4,1,0,0,0,1,0,0,0,0,4.03879E+20,5.49433E+21,7.66993E+15,4.95939E+16
52464,52465,7,3,40,206,2016,3,7,3,3,3,6,0,0,0,1,0,1,0,0,3.86119E+20,5.45618E+21,7.43522E+15,4.92478E+16
52465,52466,7,1,37,216,2016,3,7,2,3,5,2,0,0,0,1,0,0,0,1,3.92501E+20,5.5819E+21,7.48806E+15,5.03793E+16
52466,52467,7,1,37,112,2016,3,16,3,2,5,3,0,0,0,1,0,0,0,0,3.81026E+20,5.57793E+21,7.32799E+15,5.03414E+16
52467,52468,7,1,40,145,2016,3,17,3,3,3,6,0,0,0,1,0,0,0,0,3.80849E+20,5.53283E+21,7.33961E+15,4.9936E+16
52468,52469,7,1,37,88,2016,3,7,3,3,2,2,1,1,0,1,0,0,0,0,3.86556E+20,5.58425E+21,7.40376E+15,5.03993E+16
52469,52470,7,3,35,3,2016,3,15,7,3,5,3,0,0,1,1,0,0,0,0,3.87033E+20,5.47122E+21,7.44352E+15,4.93832E+16
52470,52471,7,1,11,0,2016,3,7,3,3,2,6,0,1,0,1,0,0,0,0,3.9693E+20,5.58298E+21,7.55003E+15,5.03899E+16
52471,52472,7,1,31,1,2016,3,16,6,3,4,1,0,1,0,1,0,0,0,0,3.54715E+20,5.58156E+21,6.95706E+15,5.03681E+16
52472,52473,7,3,15,0,2016,3,12,6,2,5,3,0,0,1,0,0,0,0,1,4.462E+20,5.54021E+21,8.24912E+15,5.00118E+16
52473,52474,7,1,33,23,2016,3,17,6,3,2,6,0,0,0,1,0,0,0,0,4.11403E+20,5.53554E+21,7.76463E+15,4.99656E+16
52474,52475,7,3,38,16,2016,3,21,4,2,9,7,2,0,0,1,0,0,0,0,4.49893E+20,5.48618E+21,8.30762E+15,4.95261E+16
52475,52476,7,3,12,0,2016,3,17,2,3,2,6,0,2,0,1,0,0,0,1,4.08457E+20,5.47864E+21,7.7369E+15,4.94535E+16
52476,52477,7,1,41,36,2016,3,15,2,3,0,1,0,0,0,0,0,1,0,0,4.29881E+20,5.56587E+21,8.01667E+15,5.02408E+16
52477,52478,7,1,38,11,2016,3,14,5,3,1,6,0,0,0,1,0,1,0,0,4.00436E+20,5.59909E+21,7.59505E+15,5.05353E+16
52478,52479,7,2,31,134,2016,3,11,3,3,2,6,0,0,0,1,0,0,0,0,3.49458E+20,5.53876E+21,6.90012E+15,4.99821E+16
52479,52480,7,3,13,0,2016,3,13,6,3,2,6,0,0,0,1,0,0,0,0,4.38002E+20,5.44942E+21,8.14905E+15,4.91944E+16
52480,52481,7,2,11,0,2016,3,0,4,3,5,3,2,0,0,1,0,0,0,1,3.29152E+20,5.51375E+21,6.62816E+15,4.97519E+16
52481,52482,7,3,15,0,2016,3,13,1,2,8,6,0,0,0,1,0,0,0,0,4.49592E+20,5.53579E+21,8.29703E+15,4.99723E+16
52482,52483,7,3,33,42,2016,3,9,2,2,2,6,0,1,0,1,0,1,0,0,4.17903E+20,5.49013E+21,7.86483E+15,4.95582E+16
52483,52484,7,3,18,0,2016,3,20,7,3,2,6,2,0,0,1,0,0,0,0,4.58078E+20,5.468E+21,8.42264E+15,4.93632E+16
52484,52485,7,1,38,71,2016,3,4,7,3,9,1,2,2,0,1,0,0,0,0,3.94133E+20,5.5992E+21,7.50611E+15,5.05351E+16
52485,52486,7,2,31,24,2016,3,17,7,3,5,3,0,0,0,1,0,1,0,0,3.45894E+20,5.5364E+21,6.85139E+15,4.996E+16
52486,52487,7,3,35,45,2016,3,18,2,2,9,1,2,2,0,1,0,0,0,0,4.08892E+20,5.46998E+21,7.74489E+15,4.93757E+16
52487,52488,7,1,38,45,2016,3,18,7,3,1,7,2,0,0,1,0,0,0,0,3.92361E+20,5.58747E+21,7.4845E+15,5.04293E+16
52488,52489,7,3,32,24,2016,3,17,2,3,9,1,0,2,0,1,0,0,0,0,4.39048E+20,5.48947E+21,8.15726E+15,4.95547E+16
52489,52490,7,1,32,2,2016,3,20,7,2,8,1,2,1,0,1,0,0,0,0,4.2227E+20,5.6242E+21,7.89782E+15,5.07643E+16
52490,52491,7,3,15,0,2016,3,14,7,2,0,4,0,0,0,0,1,0,0,1,4.46878E+20,5.53886E+21,8.25877E+15,4.99997E+16
52491,52492,7,3,38,17,2016,3,6,2,3,2,6,1,0,0,1,0,0,0,0,4.57174E+20,5.47466E+21,8.40947E+15,4.94231E+16
52492,52493,7,3,14,0,2016,3,6,2,3,3,6,2,0,0,1,0,0,1,0,4.53977E+20,5.47795E+21,8.365E+15,4.94524E+16
52493,52494,7,2,35,73,2016,3,17,7,3,9,7,1,0,0,1,0,0,0,0,3.20301E+20,5.50985E+21,6.5072E+15,4.97143E+16
52494,52495,7,3,32,7,2016,3,12,2,3,1,2,0,0,0,1,0,0,0,0,4.29786E+20,5.48375E+21,8.03024E+15,4.95023E+16
52495,52496,7,1,40,501,2016,3,3,6,3,0,7,2,0,0,1,0,0,0,0,3.94898E+20,5.56437E+21,7.52664E+15,5.02221E+16
52496,52497,7,2,33,83,2016,3,12,6,3,1,7,0,0,0,1,0,0,1,0,3.34733E+20,5.57929E+21,6.67731E+15,5.03424E+16
52497,52498,7,3,38,19,2016,3,20,5,3,3,3,0,0,0,1,0,0,1,0,4.50788E+20,5.47737E+21,8.32107E+15,4.9447E+16
52498,52499,7,2,32,18,2016,3,12,4,2,5,3,0,0,0,1,0,0,0,1,3.20504E+20,5.53906E+21,6.49649E+15,4.99769E+16
52499,52500,7,3,32,30,2016,3,10,2,3,2,1,0,1,0,1,0,0,0,0,4.40703E+20,5.48716E+21,8.18049E+15,4.95341E+16
52500,52501,7,1,32,6,2016,3,14,2,3,2,6,0,0,0,1,0,0,0,0,4.20869E+20,5.62774E+21,7.87718E+15,5.0796E+16
52501,52502,7,1,32,501,2016,3,16,5,3,6,2,0,0,0,1,1,0,0,0,4.03094E+20,5.6161E+21,7.62811E+15,5.06886E+16
52502,52503,7,1,37,96,2016,3,15,3,3,4,6,0,0,0,1,0,0,0,0,3.8741E+20,5.58196E+21,7.41646E+15,5.03789E+16
52503,52504,7,3,38,26,2016,3,9,6,3,1,7,0,0,0,1,0,1,0,0,4.59315E+20,5.47095E+21,8.43936E+15,4.93899E+16
52504,52505,7,1,31,7,2016,3,10,4,3,5,2,0,0,0,1,0,0,0,0,3.70391E+20,5.60105E+21,7.17062E+15,5.0547E+16
52505,52506,7,1,32,63,2016,3,16,1,3,4,3,0,0,0,1,0,1,0,0,4.23498E+20,5.62806E+21,7.91443E+15,5.07992E+16
52506,52507,7,3,32,2,2016,3,18,2,2,8,1,2,1,0,1,0,0,0,0,4.41739E+20,5.48271E+21,8.19547E+15,4.94942E+16
52507,52508,7,3,37,501,2016,3,9,2,3,5,3,0,0,0,1,0,0,0,0,4.2757E+20,5.45222E+21,8.00537E+15,4.92184E+16
52508,52509,7,1,32,117,2016,3,11,5,3,5,3,0,1,0,1,0,0,0,0,4.10935E+20,5.62589E+21,7.73672E+15,5.07779E+16
52509,52510,7,3,40,31,2016,3,17,6,2,5,2,0,0,0,0,0,1,0,1,4.06927E+20,5.45532E+21,7.72126E+15,4.92435E+16
52510,52511,7,3,38,23,2016,3,9,2,2,5,3,0,0,0,1,0,1,0,0,4.57102E+20,5.46051E+21,8.40999E+15,4.92958E+16
52511,52512,7,3,39,19,2016,3,15,5,3,5,2,0,0,0,1,0,1,0,0,4.29585E+20,5.53533E+21,8.01815E+15,4.99662E+16
52512,52513,7,1,41,43,2016,3,18,3,3,6,4,2,0,0,1,1,0,0,0,4.32366E+20,5.5773E+21,8.04947E+15,5.03439E+16
52513,52514,7,1,37,68,2016,3,7,4,3,8,1,1,1,0,1,0,0,0,0,3.69671E+20,5.57725E+21,7.16873E+15,5.03329E+16
52514,52515,7,3,11,0,2016,3,16,2,2,2,6,0,0,0,1,0,0,0,0,4.54154E+20,5.48707E+21,8.36638E+15,4.95345E+16
52515,52516,7,3,38,19,2016,3,12,4,3,5,2,0,0,0,1,0,0,0,0,4.54014E+20,5.47765E+21,8.36555E+15,4.94497E+16
52516,52517,7,1,33,44,2016,3,9,2,3,8,1,0,0,0,1,0,0,0,0,4.13561E+20,5.52785E+21,7.79644E+15,4.98968E+16
52517,52518,7,3,32,22,2016,3,17,5,3,5,3,0,0,1,1,0,0,0,0,4.44742E+20,5.47774E+21,8.23762E+15,4.94498E+16
52518,52519,7,3,31,3,2016,3,8,3,3,1,6,0,0,0,1,0,0,0,0,4.35443E+20,5.51085E+21,8.1039E+15,4.97466E+16
52519,52520,7,3,34,9,2016,3,13,5,3,8,1,0,0,0,0,0,1,0,0,4.45292E+20,5.43924E+21,8.25048E+15,4.91035E+16
52520,52521,7,1,43,12,2016,3,9,4,3,5,3,0,0,0,1,0,0,0,0,4.13454E+20,5.591E+21,7.78058E+15,5.04646E+16
52521,52522,7,3,11,0,2016,3,15,2,3,0,1,0,0,1,0,0,0,0,0,4.53216E+20,5.48886E+21,8.35322E+15,4.95506E+16
52522,52523,7,3,33,502,2016,3,21,4,3,2,6,2,0,0,1,0,0,0,0,4.17845E+20,5.49957E+21,7.86205E+15,4.96431E+16
52523,52524,7,3,13,0,2016,3,16,2,3,2,6,0,0,0,1,0,0,0,0,4.32014E+20,5.44785E+21,8.06713E+15,4.91797E+16
52524,52525,7,3,14,0,2016,3,13,6,3,5,3,0,0,1,1,0,0,0,0,4.53801E+20,5.48156E+21,8.36216E+15,4.94849E+16
52525,52526,7,3,38,26,2016,3,16,3,3,8,7,0,1,0,1,0,0,0,0,4.57593E+20,5.47098E+21,8.41564E+15,4.93901E+16
52526,52527,7,3,39,19,2016,3,6,2,3,1,2,1,1,0,1,0,0,0,0,4.28528E+20,5.53424E+21,8.00362E+15,4.99562E+16
52527,52528,7,1,38,41,2016,3,16,2,2,4,2,0,0,0,1,0,0,0,0,3.82789E+20,5.60318E+21,7.34486E+15,5.05688E+16
52528,52529,7,2,33,501,2016,3,6,2,3,4,1,2,2,0,1,0,0,0,0,3.4072E+20,5.56505E+21,6.76737E+15,5.02162E+16
52529,52530,7,1,43,48,2016,3,3,7,3,8,7,2,0,0,1,0,0,0,0,4.18211E+20,5.5878E+21,7.84828E+15,5.04365E+16
52530,52531,7,1,37,212,2016,3,12,7,3,3,2,0,0,0,1,0,1,0,0,3.90015E+20,5.57208E+21,7.45598E+15,5.02906E+16
52531,52532,7,2,33,226,2016,3,2,2,3,9,1,2,2,0,1,0,0,0,0,3.51754E+20,5.57009E+21,6.91995E+15,5.02644E+16
52532,52533,7,1,40,68,2016,3,7,5,2,8,1,0,0,0,1,0,0,0,0,4.0166E+20,5.54581E+21,7.62619E+15,5.00565E+16
52533,52534,7,2,32,213,2016,3,15,2,2,8,1,0,0,0,0,0,0,1,0,2.99875E+20,5.55065E+21,6.20306E+15,5.00744E+16
52534,52535,7,3,31,31,2016,3,9,5,3,4,6,0,0,0,1,0,0,1,0,4.398E+20,5.50993E+21,8.16451E+15,4.97388E+16
52535,52536,7,1,11,0,2016,3,18,3,3,5,3,2,0,0,1,0,0,0,0,3.99579E+20,5.57767E+21,7.5887E+15,5.03425E+16
52536,52537,7,1,37,69,2016,3,14,4,3,2,6,0,0,0,1,0,0,1,0,3.75502E+20,5.58382E+21,7.24845E+15,5.03932E+16
52537,52538,7,2,31,134,2016,3,15,2,3,5,3,0,0,1,1,0,0,0,0,3.48462E+20,5.53893E+21,6.88617E+15,4.99834E+16
52538,52539,7,3,15,0,2016,3,14,4,3,2,6,0,0,0,1,0,0,1,0,4.46472E+20,5.53526E+21,8.25361E+15,4.99673E+16
52539,52540,7,2,11,0,2016,3,13,2,3,0,5,0,0,1,1,0,0,0,0,3.27806E+20,5.5126E+21,6.60999E+15,4.97412E+16
52540,52541,7,1,43,263,2016,3,13,2,3,8,1,0,2,0,1,0,0,0,0,4.21617E+20,5.59418E+21,7.8949E+15,5.04944E+16
52541,52542,7,3,40,30,2016,3,12,7,2,5,3,0,0,0,1,0,0,0,1,4.19783E+20,5.44786E+21,7.89934E+15,4.91783E+16
52542,52543,7,1,43,11,2016,3,7,2,3,9,1,0,2,0,1,0,0,0,0,4.26887E+20,5.5893E+21,7.97014E+15,5.04511E+16
52543,52544,7,2,33,218,2016,3,7,6,3,2,6,0,1,0,1,0,0,0,0,3.51986E+20,5.57223E+21,6.92238E+15,5.02836E+16
52544,52545,7,3,18,0,2016,3,5,3,3,5,3,2,0,1,1,0,0,0,0,4.58522E+20,5.46267E+21,8.42931E+15,4.93154E+16
52545,52546,7,1,38,9,2016,3,16,2,3,4,1,0,2,0,1,0,0,0,0,3.8283E+20,5.60296E+21,7.3455E+15,5.05668E+16
52546,52547,7,3,14,0,2016,3,15,1,3,2,2,0,0,0,1,0,0,0,0,4.58711E+20,5.48128E+21,8.42997E+15,4.94828E+16
52547,52548,7,1,37,68,2016,3,9,2,3,5,3,0,1,0,1,0,0,0,0,3.75226E+20,5.57241E+21,7.24835E+15,5.02906E+16
52548,52549,7,3,11,0,2016,3,7,6,2,9,1,0,1,0,1,0,0,0,0,4.50391E+20,5.48923E+21,8.31412E+15,4.95536E+16
52549,52550,7,3,11,0,2016,3,18,6,3,3,7,0,0,0,1,0,0,1,0,4.53331E+20,5.48373E+21,8.35541E+15,4.95044E+16
52550,52551,7,1,37,211,2016,3,15,2,3,8,6,0,0,0,1,0,0,0,0,3.9343E+20,5.58434E+21,7.50043E+15,5.04014E+16
52551,52552,7,3,33,503,2016,3,16,4,1,4,6,0,0,0,1,0,0,0,0,4.17281E+20,5.49154E+21,7.85593E+15,4.95708E+16
52552,52553,7,1,40,31,2016,3,17,2,3,4,1,0,1,0,1,0,1,0,0,4.00496E+20,5.55557E+21,7.60739E+15,5.0144E+16
52553,52554,7,3,15,0,2016,3,18,2,2,4,3,0,0,1,1,0,0,0,0,4.4491E+20,5.53894E+21,8.23129E+15,5.00002E+16
52554,52555,7,1,34,83,2016,3,6,5,3,7,7,1,0,0,1,0,0,0,0,3.89755E+20,5.50691E+21,7.47103E+15,4.97046E+16
52555,52556,7,3,36,3,2016,3,11,2,3,5,3,0,0,0,1,0,0,1,0,3.88697E+20,5.4896E+21,7.46127E+15,4.95488E+16
52556,52557,7,3,18,0,2016,3,17,3,3,0,7,0,0,0,1,0,0,0,0,4.58151E+20,5.46721E+21,8.42372E+15,4.93562E+16
52557,52558,7,3,17,0,2016,3,17,1,3,2,6,0,0,0,1,0,0,0,0,3.98669E+20,5.45002E+21,7.60916E+15,4.91946E+16
52558,52559,7,1,11,0,2016,3,14,2,3,0,7,0,0,0,1,0,0,0,0,3.97325E+20,5.58272E+21,7.55567E+15,5.03876E+16
52559,52560,7,3,37,36,2016,3,10,7,3,0,2,0,0,0,0,0,1,0,1,4.34827E+20,5.45603E+21,8.10439E+15,4.92536E+16
52560,52561,7,1,11,0,2016,3,16,2,3,5,3,0,1,1,1,0,0,0,0,3.99672E+20,5.5797E+21,7.58947E+15,5.03609E+16
52561,52562,7,1,11,0,2016,3,6,2,3,8,1,0,1,0,1,0,0,0,0,3.99339E+20,5.57683E+21,7.58556E+15,5.03349E+16
52562,52563,7,3,15,0,2016,3,14,7,3,3,6,0,0,0,1,0,0,0,0,4.47863E+20,5.53952E+21,8.27242E+15,5.00057E+16
52563,52564,7,1,37,202,2016,3,10,2,2,2,6,0,1,0,1,0,0,1,0,3.91894E+20,5.57934E+21,7.48026E+15,5.03562E+16
52564,52565,7,1,31,50,2016,3,14,6,3,2,2,0,1,0,1,0,0,0,0,3.55829E+20,5.57935E+21,6.97355E+15,5.03486E+16
52565,52566,7,2,31,53,2016,3,16,6,3,2,6,0,0,0,1,0,0,0,0,3.42715E+20,5.52585E+21,6.8114E+15,4.98644E+16
52566,52567,7,3,20,0,2016,3,12,5,3,8,1,0,0,0,1,0,0,0,0,3.81291E+20,5.45553E+21,7.3691E+15,4.9241E+16
52567,52568,7,3,15,0,2016,3,19,4,3,0,1,2,0,1,0,0,0,0,0,4.50635E+20,5.53641E+21,8.31151E+15,4.9978E+16
52568,52569,7,3,36,47,2016,3,5,1,3,8,1,2,0,0,1,0,0,0,0,3.83806E+20,5.48433E+21,7.39523E+15,4.95005E+16
52569,52570,7,1,43,305,2016,3,17,2,3,5,3,0,0,0,1,0,0,0,0,4.18441E+20,5.601E+21,7.84864E+15,5.05553E+16
52570,52571,7,1,32,63,2016,3,15,5,3,5,3,0,0,0,1,0,1,0,0,4.24297E+20,5.62996E+21,7.92537E+15,5.08164E+16
52571,52572,7,1,32,4,2016,3,22,3,2,9,1,2,1,0,1,0,0,0,0,4.0395E+20,5.61823E+21,7.63967E+15,5.0708E+16
52572,52573,7,3,31,73,2016,3,19,6,3,5,2,2,0,0,1,0,0,0,0,4.38381E+20,5.52132E+21,8.14302E+15,4.98411E+16
52573,52574,7,1,33,6,2016,3,11,6,3,3,6,0,0,0,1,0,1,0,0,4.18226E+20,5.52188E+21,7.86265E+15,4.98438E+16
52574,52575,7,3,35,204,2016,3,16,1,3,9,1,0,1,0,1,0,0,0,0,4.03461E+20,5.46556E+21,7.67117E+15,4.93351E+16
52575,52576,7,1,31,1,2016,3,15,6,3,2,2,0,0,0,1,0,0,0,0,3.534E+20,5.58311E+21,6.93797E+15,5.03818E+16
52576,52577,7,3,11,0,2016,3,0,4,1,6,4,2,0,0,1,1,0,1,0,4.57651E+20,5.48851E+21,8.41456E+15,4.95477E+16
52577,52578,7,3,35,35,2016,3,21,1,2,5,3,2,1,0,1,0,0,0,0,4.10134E+20,5.48275E+21,7.7591E+15,4.94907E+16
52578,52579,7,2,32,81,2016,3,17,2,3,8,6,0,0,0,1,0,0,0,0,3.28762E+20,5.53897E+21,6.61159E+15,4.99785E+16
52579,52580,7,2,11,0,2016,3,8,5,3,1,1,0,0,0,1,0,0,0,0,3.33077E+20,5.51382E+21,6.68257E+15,4.97537E+16
52580,52581,7,2,33,38,2016,3,15,3,3,5,3,0,0,0,1,0,0,0,1,3.38095E+20,5.5754E+21,6.72619E+15,5.03084E+16
52581,52582,7,3,19,0,2016,3,20,6,3,5,2,2,0,0,1,0,0,0,0,4.53832E+20,5.49693E+21,8.36078E+15,4.96231E+16
52582,52583,7,3,38,16,2016,3,0,1,3,9,1,2,0,0,1,0,0,0,0,4.49358E+20,5.48504E+21,8.30037E+15,4.95158E+16
52583,52584,7,3,32,37,2016,3,13,1,2,9,1,0,1,0,1,0,0,0,0,4.3204E+20,5.46945E+21,8.06382E+15,4.93739E+16
52584,52585,7,3,35,44,2016,3,12,7,3,5,3,0,0,0,1,0,0,0,0,3.93089E+20,5.47873E+21,7.5249E+15,4.94519E+16
52585,52586,7,1,40,16,2016,3,15,7,3,1,7,0,0,0,1,0,0,0,0,4.00193E+20,5.5516E+21,7.60418E+15,5.01083E+16
52586,52587,7,3,31,36,2016,3,19,7,3,2,6,2,0,0,1,0,0,0,0,4.43402E+20,5.50549E+21,8.21515E+15,4.96992E+16
52587,52588,7,3,14,0,2016,3,11,1,2,5,3,0,1,0,1,0,1,0,0,4.54942E+20,5.48098E+21,8.37797E+15,4.94798E+16
52588,52589,7,1,43,74,2016,3,15,7,3,2,2,0,0,0,1,0,0,0,0,4.25032E+20,5.58916E+21,7.94404E+15,5.04497E+16
52589,52590,7,1,33,61,2016,3,17,1,3,9,1,0,0,0,1,0,0,0,0,4.12741E+20,5.523E+21,7.78612E+15,4.9853E+16
52590,52591,7,3,20,0,2016,3,12,5,3,1,1,0,0,0,1,0,0,0,0,3.84794E+20,5.46505E+21,7.41447E+15,4.93273E+16
52591,52592,7,3,32,47,2016,3,16,5,3,2,6,0,0,0,1,0,0,0,0,4.34805E+20,5.48708E+21,8.099E+15,4.95328E+16
52592,52593,7,1,43,48,2016,3,14,4,3,5,3,0,0,0,1,0,0,0,0,4.15723E+20,5.58947E+21,7.81288E+15,5.04512E+16
52593,52594,7,3,31,48,2016,3,11,1,3,8,1,0,1,0,1,0,0,0,0,4.42243E+20,5.49774E+21,8.20022E+15,4.96294E+16
52594,52595,7,1,31,7,2016,3,6,5,3,1,2,0,0,0,1,0,0,0,0,3.69195E+20,5.60123E+21,7.15368E+15,5.05484E+16
52595,52596,7,3,33,75,2016,3,13,2,3,5,3,0,0,0,1,0,0,0,0,4.24638E+20,5.49428E+21,7.95713E+15,4.95964E+16
52596,52597,7,3,39,19,2016,3,18,6,2,8,1,0,0,0,0,0,1,0,0,4.28967E+20,5.53235E+21,8.01008E+15,4.99392E+16
52597,52598,7,1,37,68,2016,3,8,4,3,2,6,0,0,0,1,0,0,0,0,3.75718E+20,5.5721E+21,7.25535E+15,5.02879E+16
52598,52599,7,3,35,44,2016,3,13,7,3,2,6,0,0,0,1,0,0,0,0,3.93857E+20,5.47906E+21,7.53542E+15,4.94549E+16
52599,52600,7,3,15,0,2016,3,11,1,2,4,2,0,1,0,1,0,0,0,0,4.47587E+20,5.53991E+21,8.26852E+15,5.00092E+16
52600,52601,7,2,32,111,2016,3,4,2,3,8,1,2,1,0,1,0,0,0,0,3.29371E+20,5.53372E+21,6.62241E+15,4.99314E+16
52601,52602,7,1,35,92,2016,3,23,1,3,8,1,2,1,0,1,0,0,0,0,3.74458E+20,5.54405E+21,7.24692E+15,5.00355E+16
52602,52603,7,2,35,106,2016,3,9,7,2,2,6,0,0,0,1,0,1,0,0,3.32038E+20,5.50371E+21,6.6725E+15,4.96626E+16
52603,52604,7,1,40,64,2016,3,19,7,3,7,7,0,0,0,1,0,0,0,0,3.87618E+20,5.54789E+21,7.42949E+15,5.00726E+16
52604,52605,7,1,41,85,2016,3,6,4,3,8,1,0,0,0,1,0,0,0,0,4.19647E+20,5.56373E+21,7.87364E+15,5.02203E+16
52605,52606,7,3,31,27,2016,3,11,1,3,3,6,0,0,0,1,0,0,0,0,4.3186E+20,5.50577E+21,8.05506E+15,4.97006E+16
52606,52607,7,2,32,123,2016,3,15,1,3,9,7,0,1,0,1,0,0,0,0,3.30942E+20,5.5327E+21,6.64473E+15,4.99228E+16