FID,OBJECTID,ULAND,UREGBEZ,UKREIS,UGEMEINDE,UJAHR,UMONAT,USTUNDE,UWOCHENTAG,UKATEGORIE,UART,UTYP1,ULICHTVERH,IstStrasse,IstRad,IstPKW,IstFuss,IstKrad,IstGkfz,IstSonstig,LINREFX,LINREFY,XGCSWGS84,YGCSWGS84
52970,52971,7,3,11,0,2016,3,15,4,3,1,2,0,1,0,1,0,0,0,0,4.52026E+20,5.48789E+21,8.33688E+15,4.95417E+16
52971,52972,7,2,31,8,2016,4,17,5,2,5,3,0,0,1,1,0,0,0,0,3.59842E+20,5.53051E+21,7.04787E+15,4.99106E+16
52972,52973,7,2,11,0,2016,4,16,4,3,1,6,0,0,0,1,0,0,0,0,3.29095E+20,5.51473E+21,6.62693E+15,4.97608E+16
52973,52974,7,1,11,0,2016,4,9,5,3,2,6,0,0,0,1,0,0,1,0,3.93707E+20,5.57783E+21,7.50616E+15,5.0343E+16
52974,52975,7,3,14,0,2016,3,14,4,3,1,6,0,1,0,1,0,0,0,0,4.55688E+20,5.48192E+21,8.38816E+15,4.94883E+16
52975,52976,7,3,14,0,2016,3,19,4,3,5,3,1,0,0,1,0,0,0,0,4.56998E+20,5.48432E+21,8.40599E+15,4.951E+16
52976,52977,7,3,19,0,2016,4,16,3,3,5,2,0,0,0,1,0,0,0,1,4.5369E+20,5.49564E+21,8.35897E+15,4.96115E+16
52977,52978,7,1,33,6,2016,3,22,4,3,2,6,2,1,0,1,0,0,0,0,4.20526E+20,5.52312E+21,7.89437E+15,4.98553E+16
52978,52979,7,3,31,72,2016,4,20,2,3,1,6,2,0,0,1,0,0,0,0,4.25997E+20,5.51918E+21,7.97122E+15,4.98205E+16
52979,52980,7,3,36,55,2016,4,14,1,3,1,1,0,0,0,1,0,0,0,0,3.83899E+20,5.48906E+21,7.39512E+15,4.9543E+16
52980,52981,7,3,19,0,2016,3,21,4,3,3,6,2,0,1,1,0,0,0,0,4.53094E+20,5.49784E+21,8.35046E+15,4.96313E+16
52981,52982,7,3,19,0,2016,4,13,1,3,2,6,0,0,0,1,0,0,0,0,4.53299E+20,5.50303E+21,8.35268E+15,4.9678E+16
52982,52983,7,1,38,45,2016,4,6,7,3,8,1,1,0,0,1,0,0,0,0,3.92558E+20,5.59236E+21,7.48586E+15,5.04734E+16
52983,52984,7,3,15,0,2016,3,10,4,3,2,6,0,1,0,1,0,0,0,0,4.43391E+20,5.54138E+21,8.20974E+15,5.0022E+16
52984,52985,7,1,37,226,2016,4,19,3,3,9,1,0,1,0,1,0,0,0,0,4.03077E+20,5.58604E+21,7.6357E+15,5.04184E+16
52985,52986,7,2,11,0,2016,4,12,6,3,6,4,0,0,0,1,1,0,0,0,3.28653E+20,5.51371E+21,6.62125E+15,4.97514E+16
52986,52987,7,1,37,216,2016,4,8,6,2,0,7,0,0,0,0,0,0,0,1,3.95035E+20,5.58385E+21,7.52315E+15,5.03973E+16
52987,52988,7,3,20,0,2016,4,19,4,3,0,1,0,0,0,0,0,1,0,0,3.80595E+20,5.45412E+21,7.35997E+15,4.92282E+16
52988,52989,7,3,19,0,2016,4,21,1,2,6,6,2,0,0,1,1,0,0,0,4.54737E+20,5.49561E+21,8.37346E+15,4.96114E+16
52989,52990,7,3,38,4,2016,4,20,2,3,8,1,1,0,0,1,0,0,0,0,4.56974E+20,5.49251E+21,8.40476E+15,4.95837E+16
52990,52991,7,1,34,10,2016,3,10,4,3,2,2,0,1,0,1,0,0,0,1,3.67113E+20,5.50012E+21,7.15946E+15,4.9639E+16
52991,52992,7,2,11,0,2016,3,13,4,3,5,3,0,0,0,1,0,0,0,0,3.31982E+20,5.51598E+21,6.66645E+15,4.97728E+16
52992,52993,7,1,37,216,2016,4,18,3,3,2,6,0,1,0,1,0,0,0,0,3.92933E+20,5.5844E+21,7.49342E+15,5.04018E+16
52993,52994,7,3,39,20,2016,4,7,6,3,2,6,0,0,0,1,0,1,0,0,4.47445E+20,5.52975E+21,8.26792E+15,4.99178E+16
52994,52995,7,1,32,6,2016,4,19,3,3,9,1,1,1,0,1,0,0,0,0,4.20786E+20,5.62687E+21,7.8762E+15,5.07882E+16
52995,52996,7,1,41,75,2016,4,17,5,3,0,7,0,1,0,0,1,0,0,1,4.00574E+20,5.57342E+21,7.60381E+15,5.03045E+16
52996,52997,7,3,34,24,2016,4,9,2,3,1,5,0,0,0,1,0,0,0,0,4.47297E+20,5.44105E+21,8.27771E+15,4.912E+16
52997,52998,7,1,38,53,2016,3,16,4,3,1,6,0,0,0,1,0,0,0,0,3.95606E+20,5.6009E+21,7.52642E+15,5.05507E+16
52998,52999,7,3,36,49,2016,4,16,4,3,4,6,0,1,0,1,0,0,0,0,3.97509E+20,5.50391E+21,7.57932E+15,4.9679E+16
52999,53000,7,1,32,6,2016,3,18,4,3,1,6,0,0,0,1,0,0,0,0,4.20353E+20,5.626E+21,7.87026E+15,5.07803E+16
53000,53001,7,1,32,37,2016,3,15,4,2,8,6,0,0,0,1,0,0,1,0,4.13993E+20,5.64114E+21,7.77651E+15,5.09155E+16
53001,53002,7,2,35,74,2016,4,8,3,2,4,2,0,0,0,1,0,0,0,0,3.47666E+20,5.52144E+21,6.88198E+15,4.9826E+16
53002,53003,7,1,32,2,2016,3,15,4,3,2,6,0,0,0,1,0,0,0,0,4.21728E+20,5.62592E+21,7.88977E+15,5.07797E+16
53003,53004,7,3,19,0,2016,4,13,2,2,6,4,0,0,1,0,1,0,0,0,4.51503E+20,5.50072E+21,8.32806E+15,4.96571E+16
53004,53005,7,3,32,6,2016,4,12,1,3,1,5,0,0,1,1,0,0,0,0,4.40888E+20,5.49591E+21,8.18174E+15,4.96128E+16
53005,53006,7,1,41,201,2016,4,15,1,3,8,1,0,0,0,0,0,1,0,0,4.1184E+20,5.57993E+21,7.76044E+15,5.03648E+16
53006,53007,7,1,37,55,2016,4,13,7,3,5,3,0,0,0,1,0,1,0,0,3.76276E+20,5.57802E+21,7.26124E+15,5.03412E+16
53007,53008,7,1,11,0,2016,3,17,4,3,2,6,0,0,0,1,0,0,0,0,3.98631E+20,5.58078E+21,7.57455E+15,5.03704E+16
53008,53009,7,3,35,48,2016,4,16,2,3,9,1,0,0,0,0,0,1,0,0,4.16576E+20,5.47227E+21,7.85025E+15,4.93974E+16
53009,53010,7,1,32,37,2016,4,16,6,3,5,3,0,0,0,1,0,0,0,0,4.1487E+20,5.63946E+21,7.78936E+15,5.09006E+16
53010,53011,7,3,35,34,2016,4,15,5,3,5,3,0,0,0,1,0,1,0,0,4.07914E+20,5.48214E+21,7.7286E+15,4.94849E+16
53011,53012,7,3,32,48,2016,4,17,4,2,8,1,0,0,0,0,0,1,0,0,4.25018E+20,5.47268E+21,7.9665E+15,4.94022E+16
53012,53013,7,3,19,0,2016,4,13,1,2,1,5,0,0,0,1,0,0,0,0,4.53112E+20,5.49733E+21,8.35076E+15,4.96267E+16
53013,53014,7,1,43,51,2016,4,17,4,3,5,3,0,0,0,1,0,0,0,0,4.24288E+20,5.58556E+21,7.93429E+15,5.04172E+16
53014,53015,7,3,39,3,2016,4,11,2,3,2,6,0,1,0,1,0,0,0,1,4.1262E+20,5.54462E+21,7.77953E+15,5.00474E+16
53015,53016,7,1,37,89,2016,3,0,4,3,7,7,2,1,0,1,0,0,0,0,3.82848E+20,5.57518E+21,7.35444E+15,5.03171E+16
53016,53017,7,1,34,39,2016,4,8,2,3,1,6,0,0,0,1,0,0,0,0,3.80367E+20,5.51545E+21,7.33825E+15,4.97796E+16
53017,53018,7,2,35,118,2016,4,16,4,3,1,6,0,0,0,1,0,0,1,0,3.23399E+20,5.49748E+21,6.55572E+15,4.96041E+16
53018,53019,7,3,14,0,2016,3,23,7,3,2,6,2,0,0,1,0,0,0,0,4.59859E+20,5.48062E+21,8.44588E+15,4.94769E+16
53019,53020,7,1,11,0,2016,4,20,2,3,2,6,2,0,0,1,0,0,0,0,3.95865E+20,5.58023E+21,7.53581E+15,5.03649E+16
53020,53021,7,3,12,0,2016,3,13,3,3,6,2,0,0,0,1,1,0,0,0,4.12176E+20,5.47849E+21,7.78824E+15,4.94527E+16
53021,53022,7,1,32,6,2016,4,15,3,3,5,3,0,0,0,1,0,0,0,0,4.20871E+20,5.62777E+21,7.87722E+15,5.07963E+16
53022,53023,7,3,35,41,2016,3,6,3,3,9,1,2,0,0,1,0,0,0,0,4.06913E+20,5.48811E+21,7.71337E+15,4.95385E+16
53023,53024,7,3,13,0,2016,4,16,4,2,5,3,0,0,1,1,0,0,0,0,4.35075E+20,5.45014E+21,8.10875E+15,4.92007E+16
53024,53025,7,1,33,74,2016,3,12,7,2,4,2,0,0,0,1,0,1,0,0,4.11992E+20,5.51343E+21,7.77787E+15,4.97669E+16
53025,53026,7,1,43,48,2016,4,7,2,3,5,3,1,1,0,1,0,1,0,0,4.17099E+20,5.58687E+21,7.83284E+15,5.0428E+16
53026,53027,7,3,32,10,2016,3,15,3,2,8,1,0,0,0,0,0,0,0,1,4.46757E+20,5.49053E+21,8.2637E+15,4.9565E+16
53027,53028,7,3,34,501,2016,3,13,3,3,2,6,0,0,0,1,0,1,0,0,4.4682E+20,5.43289E+21,8.27225E+15,4.90466E+16
53028,53029,7,1,41,29,2016,4,13,3,3,5,3,0,0,0,1,0,0,0,0,4.30028E+20,5.58025E+21,8.01607E+15,5.03701E+16
53029,53030,7,3,38,23,2016,3,19,3,3,9,1,1,1,0,1,0,0,0,0,4.54808E+20,5.45748E+21,8.37879E+15,4.92684E+16
53030,53031,7,2,31,107,2016,4,9,2,3,4,1,0,0,0,0,0,0,1,1,3.52395E+20,5.53634E+21,6.94199E+15,4.99612E+16
53031,53032,7,3,37,79,2016,4,18,1,1,8,1,0,0,0,1,0,0,0,0,4.17761E+20,5.44183E+21,7.87283E+15,4.91238E+16
53032,53033,7,1,31,86,2016,4,16,1,2,8,1,0,0,0,0,0,1,0,0,3.48037E+20,5.58274E+21,6.86275E+15,5.03771E+16
53033,53034,7,3,33,42,2016,4,10,6,2,8,6,0,0,0,1,0,0,0,0,4.17277E+20,5.48872E+21,7.85646E+15,4.95455E+16
53034,53035,7,1,38,53,2016,4,16,6,3,8,1,0,0,0,0,0,0,1,0,3.95566E+20,5.60127E+21,7.52574E+15,5.05541E+16
53035,53036,7,3,39,202,2016,3,17,3,3,5,3,0,0,0,1,0,0,0,0,4.3112E+20,5.52669E+21,8.0411E+15,4.98887E+16
53036,53037,7,3,38,25,2016,4,0,2,3,9,7,2,1,0,1,0,0,0,0,4.52255E+20,5.46958E+21,8.34225E+15,4.93771E+16
53037,53038,7,3,35,38,2016,4,18,5,3,2,6,0,0,0,1,0,0,0,1,3.95282E+20,5.47698E+21,7.55561E+15,4.94365E+16
53038,53039,7,3,31,48,2016,4,17,5,2,5,3,0,0,1,1,0,0,0,0,4.42022E+20,5.49772E+21,8.19717E+15,4.96293E+16
53039,53040,7,3,14,0,2016,4,21,4,3,0,1,2,0,1,0,0,0,0,0,4.58564E+20,5.47828E+21,8.42826E+15,4.94558E+16
53040,53041,7,2,32,27,2016,4,22,1,3,8,1,2,1,0,1,0,0,0,0,3.31846E+20,5.53737E+21,6.65528E+15,4.9965E+16
53041,53042,7,3,20,0,2016,4,18,3,3,3,6,0,1,0,1,0,0,0,0,3.79725E+20,5.4569E+21,7.34718E+15,4.9253E+16
53042,53043,7,3,39,6,2016,4,15,2,3,2,6,0,1,0,1,0,0,0,1,4.52124E+20,5.53078E+21,8.33297E+15,4.99274E+16
53043,53044,7,1,33,6,2016,3,14,3,2,2,6,0,0,0,1,0,0,0,0,4.17159E+20,5.51873E+21,7.84848E+15,4.98153E+16
53044,53045,7,1,31,202,2016,4,19,4,2,0,1,1,1,1,0,0,0,0,0,3.75282E+20,5.59154E+21,7.2428E+15,5.04626E+16
53045,53046,7,1,33,103,2016,3,9,3,2,9,1,0,1,0,1,0,0,0,0,4.07906E+20,5.53676E+21,7.7156E+15,4.9976E+16
53046,53047,7,3,16,0,2016,4,14,7,3,2,1,0,0,0,1,0,0,0,0,4.38432E+20,5.46607E+21,8.15239E+15,4.93443E+16
53047,53048,7,3,35,27,2016,4,17,2,3,9,6,0,0,0,0,0,1,0,0,3.94155E+20,5.46981E+21,7.54198E+15,4.93718E+16
53048,53049,7,3,31,59,2016,3,14,3,3,4,7,0,0,0,1,0,0,0,0,4.40568E+20,5.52152E+21,8.17341E+15,4.98431E+16
53049,53050,7,1,11,0,2016,4,16,2,3,2,6,0,0,0,1,0,0,0,0,3.98369E+20,5.57986E+21,7.57111E+15,5.03621E+16
53050,53051,7,3,15,0,2016,4,13,3,3,0,1,0,1,0,0,0,1,0,0,4.47133E+20,5.53856E+21,8.26237E+15,4.9997E+16
53051,53052,7,2,31,123,2016,4,9,5,2,8,1,0,0,0,1,0,0,0,0,3.57605E+20,5.51183E+21,7.02359E+15,4.97421E+16
53052,53053,7,3,39,6,2016,3,11,3,3,8,1,0,0,0,1,0,0,0,0,4.50218E+20,5.53203E+21,8.30625E+15,4.99385E+16
53053,53054,7,3,15,0,2016,4,8,5,3,2,6,0,0,0,1,0,0,0,0,4.4629E+20,5.53518E+21,8.25108E+15,4.99666E+16
53054,53055,7,2,35,114,2016,4,15,5,3,8,1,0,0,0,1,0,0,0,0,3.49008E+20,5.50596E+21,6.90662E+15,4.96872E+16
53055,53056,7,2,31,502,2016,4,15,4,3,2,1,0,0,0,1,0,0,0,0,3.63268E+20,5.51685E+21,7.10039E+15,4.97885E+16
53056,53057,7,1,41,108,2016,4,21,2,3,9,7,2,0,0,1,0,0,0,0,4.07025E+20,5.56571E+21,7.69626E+15,5.02363E+16
53057,53058,7,1,33,72,2016,4,5,3,3,5,3,2,1,0,1,0,1,0,0,4.00335E+20,5.51611E+21,7.61536E+15,4.97892E+16
53058,53059,7,1,40,27,2016,4,17,1,3,3,6,0,0,0,1,0,0,0,1,4.06282E+20,5.54087E+21,7.69194E+15,5.00128E+16
53059,53060,7,3,35,205,2016,4,14,6,3,8,1,0,0,0,1,0,0,0,0,4.18334E+20,5.4853E+21,7.87179E+15,4.95148E+16
53060,53061,7,3,39,42,2016,3,6,3,3,4,1,0,1,0,1,0,0,0,0,4.41947E+20,5.52765E+21,8.19167E+15,4.98984E+16
53061,53062,7,1,33,112,2016,4,16,5,3,5,3,0,0,0,1,0,1,0,0,4.1216E+20,5.5215E+21,7.77839E+15,4.98395E+16
53062,53063,7,3,15,0,2016,4,16,5,3,2,6,0,0,0,1,0,0,0,0,4.44153E+20,5.54191E+21,8.2203E+15,5.00269E+16
53063,53064,7,3,39,6,2016,4,14,4,2,2,6,0,0,0,0,0,1,0,1,4.52124E+20,5.53078E+21,8.33297E+15,4.99274E+16
53064,53065,7,2,35,45,2016,4,18,1,3,2,6,0,1,0,1,0,1,0,0,3.50929E+20,5.50257E+21,6.93453E+15,4.96572E+16
53065,53066,7,1,32,96,2016,4,15,5,3,2,6,0,0,0,1,0,1,0,0,4.09001E+20,5.62457E+21,7.70962E+15,5.07657E+16
53066,53067,7,3,35,26,2016,4,10,3,3,5,3,0,1,0,0,0,0,1,0,4.16387E+20,5.48205E+21,7.84558E+15,4.94854E+16
53067,53068,7,3,15,0,2016,3,17,3,3,1,6,0,0,0,1,0,0,0,0,4.4439E+20,5.53901E+21,8.22404E+15,5.00008E+16
53068,53069,7,3,32,38,2016,4,13,3,3,8,1,0,0,0,1,0,0,0,0,4.35199E+20,5.48711E+21,8.10445E+15,4.95331E+16
53069,53070,7,3,15,0,2016,3,8,3,3,2,6,0,0,0,1,0,0,1,0,4.47617E+20,5.53989E+21,8.26894E+15,5.0009E+16
53070,53071,7,1,11,0,2016,4,14,4,3,2,2,0,1,0,1,0,0,0,0,3.98148E+20,5.57914E+21,7.5682E+15,5.03555E+16
53071,53072,7,3,37,5,2016,4,11,2,3,5,3,0,0,0,1,0,0,0,0,4.27803E+20,5.43968E+21,8.01083E+15,4.91057E+16
53072,53073,7,2,32,290,2016,3,11,3,3,2,2,0,0,0,1,0,0,0,1,3.13654E+20,5.56112E+21,6.39031E+15,5.01729E+16
53073,53074,7,3,39,5,2016,4,13,7,2,0,1,0,0,0,0,0,1,0,0,4.18687E+20,5.5364E+21,7.866E+15,4.99744E+16
53074,53075,7,2,32,18,2016,3,8,3,3,8,1,0,1,0,0,0,0,1,0,3.21737E+20,5.53749E+21,6.51439E+15,4.99631E+16
53075,53076,7,3,19,0,2016,4,17,6,3,5,3,0,0,0,1,0,0,0,0,4.54186E+20,5.49933E+21,8.3654E+15,4.96448E+16
53076,53077,7,1,43,67,2016,4,16,3,3,4,1,0,1,0,1,0,1,0,0,4.11771E+20,5.59833E+21,7.75514E+15,5.05303E+16
53077,53078,7,1,35,29,2016,4,6,5,2,4,6,0,0,0,1,0,0,0,0,3.65415E+20,5.55716E+21,7.1161E+15,5.01514E+16
53078,53079,7,2,31,502,2016,3,15,3,3,2,6,0,0,0,1,0,0,0,0,3.6435E+20,5.51904E+21,7.11465E+15,4.98085E+16
53079,53080,7,2,31,105,2016,4,5,5,3,4,6,2,1,0,1,0,0,0,0,3.5094E+20,5.52644E+21,6.92553E+15,4.98718E+16
53080,53081,7,1,37,202,2016,4,13,5,3,2,6,0,0,0,1,0,0,0,0,3.92515E+20,5.57925E+21,7.48902E+15,5.03555E+16
53081,53082,7,2,31,502,2016,3,11,3,3,1,1,0,0,0,1,0,0,0,0,3.64152E+20,5.51761E+21,7.11239E+15,4.97955E+16
53082,53083,7,1,34,45,2016,3,11,3,3,2,1,0,0,0,1,0,0,0,0,3.7882E+20,5.50697E+21,7.31941E+15,4.9703E+16
53083,53084,7,3,15,0,2016,4,9,3,2,6,4,0,1,0,1,1,0,0,0,4.47063E+20,5.53903E+21,8.26133E+15,5.00012E+16
53084,53085,7,1,40,76,2016,3,21,3,3,0,6,2,0,0,1,0,1,0,0,3.90074E+20,5.53988E+21,7.46609E+15,5.00011E+16
53085,53086,7,3,31,3,2016,4,13,2,2,0,1,0,0,0,1,0,1,0,0,4.36084E+20,5.51154E+21,8.11269E+15,4.9753E+16
53086,53087,7,1,11,0,2016,4,7,5,3,5,3,1,0,0,1,0,0,0,0,3.97796E+20,5.58142E+21,7.56264E+15,5.03759E+16
53087,53088,7,3,18,0,2016,4,17,3,2,0,1,0,1,1,0,0,0,0,0,4.58675E+20,5.46302E+21,8.43137E+15,4.93185E+16
53088,53089,7,1,41,75,2016,3,14,3,2,8,1,0,0,1,0,0,0,0,0,4.00571E+20,5.57344E+21,7.60376E+15,5.03047E+16
53089,53090,7,3,14,0,2016,4,15,3,3,5,3,0,0,1,1,0,0,0,0,4.59631E+20,5.48092E+21,8.4427E+15,4.94796E+16
53090,53091,7,1,11,0,2016,3,18,3,2,3,6,0,0,0,1,0,0,0,0,3.97282E+20,5.57774E+21,7.55641E+15,5.03428E+16
53091,53092,7,3,14,0,2016,4,11,2,3,2,6,0,0,0,1,0,0,0,0,4.56028E+20,5.48822E+21,8.39215E+15,4.9545E+16
53092,53093,7,3,35,3,2016,4,19,1,3,2,6,0,0,0,1,0,0,0,0,3.87138E+20,5.47214E+21,7.44471E+15,4.93915E+16
53093,53094,7,3,40,23,2016,3,10,2,2,8,6,0,0,0,1,0,0,0,0,3.94404E+20,5.45333E+21,7.54977E+15,4.92237E+16
53094,53095,7,2,31,32,2016,4,16,7,1,9,1,0,0,0,0,0,1,0,0,3.58207E+20,5.51567E+21,7.03055E+15,4.97767E+16
53095,53096,7,3,14,0,2016,3,14,2,3,8,7,0,0,0,1,0,0,0,0,4.50284E+20,5.47919E+21,8.31389E+15,4.94634E+16
53096,53097,7,1,40,45,2016,4,16,3,3,1,6,0,1,0,1,0,0,0,1,3.97654E+20,5.55807E+21,7.56696E+15,5.0166E+16
53097,53098,7,3,15,0,2016,4,8,6,3,1,2,0,0,0,1,0,0,0,0,4.43978E+20,5.53889E+21,8.21831E+15,4.99997E+16
53098,53099,7,1,32,96,2016,4,23,3,3,8,1,2,1,0,1,0,0,0,0,4.09367E+20,5.62483E+21,7.71475E+15,5.07681E+16
53099,53100,7,1,37,212,2016,4,17,5,3,0,3,0,1,1,0,0,0,0,1,3.92756E+20,5.57819E+21,7.4927E+15,5.03461E+16
53100,53101,7,3,18,0,2016,4,18,2,3,0,7,0,0,1,0,0,0,0,0,4.58662E+20,5.46308E+21,8.43118E+15,4.93191E+16
53101,53102,7,3,32,2,2016,3,15,2,3,5,3,0,1,0,1,0,0,0,0,4.41042E+20,5.48006E+21,8.18623E+15,4.94704E+16
53102,53103,7,3,32,23,2016,4,12,4,3,8,6,0,1,0,1,0,0,1,0,4.43599E+20,5.48889E+21,8.22026E+15,4.955E+16
53103,53104,7,1,43,241,2016,4,17,2,3,8,6,0,0,0,1,0,0,0,0,4.12124E+20,5.60825E+21,7.75777E+15,5.06195E+16
53104,53105,7,3,37,47,2016,3,6,2,3,8,7,1,0,0,1,0,0,0,0,4.39075E+20,5.46262E+21,8.16176E+15,4.93133E+16
53105,53106,7,3,31,42,2016,3,10,2,2,5,3,0,0,0,1,0,0,0,0,4.3715E+20,5.50797E+21,8.12806E+15,4.97209E+16
53106,53107,7,2,11,0,2016,4,12,3,3,2,6,0,0,0,1,0,0,0,0,3.29556E+20,5.51488E+21,6.63327E+15,4.97622E+16
53107,53108,7,3,15,0,2016,3,11,2,3,5,3,0,1,0,1,0,0,0,1,4.42226E+20,5.53876E+21,8.19387E+15,4.99983E+16
53108,53109,7,3,15,0,2016,4,15,2,3,3,1,0,0,0,1,0,1,0,0,4.4709E+20,5.53865E+21,8.26175E+15,4.99979E+16
53109,53110,7,3,32,46,2016,4,15,1,3,0,4,0,0,1,0,1,0,0,0,4.40611E+20,5.47669E+21,8.18079E+15,4.94399E+16
53110,53111,7,1,35,49,2016,4,12,1,3,0,1,0,0,1,0,0,0,0,0,3.73072E+20,5.55897E+21,7.22262E+15,5.01693E+16
53111,53112,7,1,11,0,2016,4,9,7,3,2,6,0,0,0,1,0,0,0,0,3.9822E+20,5.58298E+21,7.56818E+15,5.039E+16
53112,53113,7,2,35,132,2016,4,21,6,3,8,7,2,0,0,1,0,0,0,0,3.22425E+20,5.5044E+21,6.5391E+15,4.96659E+16
53113,53114,7,2,31,134,2016,3,11,2,2,2,6,0,1,0,1,0,0,0,0,3.46691E+20,5.53745E+21,6.86208E+15,4.99697E+16
53114,53115,7,3,38,2,2016,4,8,2,3,1,6,0,1,0,1,0,0,0,0,4.50349E+20,5.48921E+21,8.31354E+15,4.95534E+16
53115,53116,7,1,11,0,2016,4,19,6,3,6,4,0,0,0,1,1,0,0,0,4.00944E+20,5.58103E+21,7.607E+15,5.0373E+16
53116,53117,7,3,37,7,2016,4,13,5,3,5,3,0,0,0,1,0,0,0,0,4.34491E+20,5.44308E+21,8.1019E+15,4.91371E+16
53117,53118,7,3,16,0,2016,4,16,4,3,8,1,0,0,0,1,0,0,0,0,4.41625E+20,5.46765E+21,8.1961E+15,4.93587E+16
53118,53119,7,1,43,236,2016,4,18,1,2,4,6,0,1,0,1,0,0,0,0,4.13456E+20,5.61735E+21,7.77447E+15,5.07016E+16
53119,53120,7,3,35,47,2016,4,14,1,2,9,1,0,0,0,0,0,1,0,0,4.12975E+20,5.46926E+21,7.80129E+15,4.93698E+16
53120,53121,7,1,43,300,2016,3,17,2,3,5,3,0,1,0,1,0,0,0,0,4.20668E+20,5.61333E+21,7.87744E+15,5.06664E+16
53121,53122,7,2,31,103,2016,4,6,1,2,8,1,0,0,0,1,0,0,0,0,3.53694E+20,5.53091E+21,6.96215E+15,4.99127E+16
53122,53123,7,1,31,6,2016,4,11,7,3,5,3,0,0,0,1,0,0,0,0,3.7903E+20,5.59715E+21,7.29376E+15,5.05138E+16
53123,53124,7,1,38,4,2016,3,22,2,3,5,3,2,1,0,1,0,0,0,0,3.81321E+20,5.59634E+21,7.32631E+15,5.05069E+16
53124,53125,7,1,11,0,2016,4,17,3,3,2,6,0,1,0,1,0,0,0,0,3.97988E+20,5.57908E+21,7.56597E+15,5.0355E+16
53125,53126,7,1,41,1,2016,4,18,6,2,8,1,0,0,0,0,0,1,0,0,4.29923E+20,5.56997E+21,8.0165E+15,5.02777E+16
53126,53127,7,1,37,202,2016,4,8,6,3,0,7,0,1,0,1,0,0,0,0,3.90482E+20,5.57792E+21,7.46083E+15,5.03432E+16
53127,53128,7,3,35,3,2016,4,18,4,3,5,2,0,0,0,1,0,0,0,1,3.86783E+20,5.47203E+21,7.43984E+15,4.93904E+16
53128,53129,7,1,41,29,2016,4,19,1,3,1,1,0,0,0,1,0,0,0,0,4.31112E+20,5.57924E+21,8.03149E+15,5.03612E+16
53129,53130,7,3,14,0,2016,4,6,2,3,5,2,0,1,0,1,0,0,0,0,4.56788E+20,5.48239E+21,8.4033E+15,4.94926E+16
53130,53131,7,1,31,7,2016,3,17,2,3,9,1,0,1,0,1,0,0,0,0,3.70031E+20,5.60165E+21,7.16533E+15,5.05524E+16
53131,53132,7,3,15,0,2016,4,17,2,3,4,7,0,0,1,1,0,0,0,0,4.45976E+20,5.53816E+21,8.24628E+15,4.99933E+16
53132,53133,7,1,33,52,2016,4,16,4,3,5,3,0,1,0,1,0,1,0,0,3.88837E+20,5.51595E+21,7.45572E+15,4.97857E+16
53133,53134,7,3,19,0,2016,3,17,7,2,4,2,0,0,1,1,0,0,0,0,4.51609E+20,5.49805E+21,8.32987E+15,4.96331E+16
53134,53135,7,1,32,9,2016,4,22,2,3,2,6,2,0,0,1,0,0,0,0,3.99146E+20,5.61878E+21,7.5715E+15,5.07121E+16
53135,53136,7,1,40,501,2016,3,17,2,3,3,6,0,1,0,1,0,0,0,0,3.97614E+20,5.56298E+21,7.56508E+15,5.02101E+16
53136,53137,7,1,43,47,2016,4,16,3,3,2,6,0,0,0,1,0,0,0,0,4.12065E+20,5.59389E+21,7.76034E+15,5.04903E+16
53137,53138,7,1,31,210,2016,3,20,2,3,8,1,2,1,0,1,0,0,0,0,3.74686E+20,5.58581E+21,7.23631E+15,5.0411E+16
53138,53139,7,1,34,45,2016,4,14,2,3,3,2,0,0,0,1,0,1,0,0,3.81267E+20,5.50762E+21,7.35314E+15,4.97093E+16
53139,53140,7,1,31,37,2016,4,14,1,2,9,1,0,0,0,0,0,1,0,0,3.59472E+20,5.58797E+21,7.02151E+15,5.04269E+16
53140,53141,7,3,35,3,2016,4,13,6,3,2,2,0,0,0,1,0,0,0,0,3.86575E+20,5.47289E+21,7.43674E+15,4.93981E+16
53141,53142,7,3,40,23,2016,3,9,1,3,9,1,0,1,0,1,0,0,0,0,3.95078E+20,5.45407E+21,7.55883E+15,4.92304E+16
53142,53143,7,3,34,7,2016,4,13,5,2,2,7,0,0,0,1,0,1,1,0,4.53269E+20,5.45368E+21,8.35809E+15,4.92341E+16
53143,53144,7,3,19,0,2016,4,6,5,2,4,7,0,0,0,1,0,0,1,0,4.53841E+20,5.49996E+21,8.36055E+15,4.96504E+16
53144,53145,7,1,33,114,2016,4,12,4,3,8,6,0,0,0,1,0,0,0,0,4.14818E+20,5.52741E+21,7.81403E+15,4.98931E+16
53145,53146,7,1,41,6,2016,4,15,1,3,7,4,0,0,0,0,1,1,0,0,4.08026E+20,5.57778E+21,7.70735E+15,5.03449E+16
53146,53147,7,3,36,55,2016,4,15,3,3,9,1,0,1,0,1,0,0,1,0,3.83462E+20,5.48713E+21,7.38965E+15,4.95256E+16
53147,53148,7,3,15,0,2016,4,13,2,3,5,3,0,0,1,1,0,0,0,0,4.44239E+20,5.54203E+21,8.22149E+15,5.00279E+16
53148,53149,7,3,14,0,2016,3,6,1,2,6,4,2,0,0,1,1,0,0,0,4.56974E+20,5.48067E+21,8.40606E+15,4.94772E+16
53149,53150,7,3,36,102,2016,4,13,3,3,2,6,0,0,0,1,0,0,0,1,3.79897E+20,5.47166E+21,7.3451E+15,4.93858E+16
53150,53151,7,3,34,22,2016,3,12,1,2,8,1,0,1,0,1,0,0,0,0,4.49428E+20,5.44105E+21,8.30691E+15,4.91202E+16