FID,OBJECTID,ULAND,UREGBEZ,UKREIS,UGEMEINDE,UJAHR,UMONAT,USTUNDE,UWOCHENTAG,UKATEGORIE,UART,UTYP1,ULICHTVERH,IstStrasse,IstRad,IstPKW,IstFuss,IstKrad,IstGkfz,IstSonstig,LINREFX,LINREFY,XGCSWGS84,YGCSWGS84
53151,53152,7,1,37,69,2016,4,10,4,3,5,3,0,0,0,1,0,0,0,0,3.7683E+20,5.58176E+21,7.26781E+15,5.0375E+16
53152,53153,7,3,32,24,2016,4,8,2,3,2,6,0,0,0,1,0,0,0,1,4.40357E+20,5.48963E+21,8.17534E+15,4.95563E+16
53153,53154,7,1,37,81,2016,4,11,4,3,8,1,0,0,0,0,0,1,0,0,3.81487E+20,5.58591E+21,7.33196E+15,5.04133E+16
53154,53155,7,3,33,26,2016,4,12,2,3,5,3,0,0,1,1,0,0,0,0,4.31701E+20,5.49379E+21,8.05494E+15,4.95928E+16
53155,53156,7,3,16,0,2016,3,15,1,3,3,6,0,0,0,1,0,0,0,0,4.3973E+20,5.46337E+21,8.17067E+15,4.93201E+16
53156,53157,7,2,11,0,2016,4,16,2,3,2,6,0,0,0,1,0,0,0,0,3.30751E+20,5.513E+21,6.65066E+15,4.97456E+16
53157,53158,7,1,41,36,2016,4,18,4,2,8,1,0,0,0,1,0,0,0,0,4.29986E+20,5.56557E+21,8.01819E+15,5.02382E+16
53158,53159,7,3,18,0,2016,3,19,1,3,3,6,0,0,1,1,0,0,0,0,4.58286E+20,5.46282E+21,8.42604E+15,4.93167E+16
53159,53160,7,1,37,57,2016,4,17,1,2,8,1,0,0,0,0,0,1,0,0,3.82026E+20,5.58364E+21,7.34025E+15,5.03929E+16
53160,53161,7,1,35,20,2016,4,16,3,3,1,6,0,0,0,1,0,0,0,0,3.69041E+20,5.5567E+21,7.16699E+15,5.0148E+16
53161,53162,7,3,18,0,2016,3,6,1,3,1,5,1,0,0,1,0,0,0,0,4.58515E+20,5.46394E+21,8.42907E+15,4.93268E+16
53162,53163,7,1,43,48,2016,4,15,2,2,8,1,0,0,0,0,0,1,0,0,4.19628E+20,5.58633E+21,7.86855E+15,5.04235E+16
53163,53164,7,3,19,0,2016,4,20,3,3,4,6,2,1,0,1,0,0,0,0,4.51532E+20,5.5012E+21,8.32841E+15,4.96613E+16
53164,53165,7,1,41,75,2016,4,17,1,3,0,7,0,0,0,1,0,0,0,1,4.02267E+20,5.57472E+21,7.62723E+15,5.03165E+16
53165,53166,7,3,16,0,2016,4,14,6,3,6,4,0,0,0,1,1,0,0,0,4.37452E+20,5.46735E+21,8.13869E+15,4.93556E+16
53166,53167,7,2,35,56,2016,3,4,1,1,8,1,2,0,0,1,0,0,0,0,3.36229E+20,5.51494E+21,6.72582E+15,4.97646E+16
53167,53168,7,3,19,0,2016,4,16,5,2,0,2,0,0,1,1,0,0,0,0,4.5265E+20,5.49794E+21,8.34429E+15,4.96322E+16
53168,53169,7,3,15,0,2016,4,13,5,3,3,2,0,0,1,1,0,0,0,0,4.48384E+20,5.53686E+21,8.28005E+15,4.99818E+16
53169,53170,7,3,15,0,2016,4,8,4,3,2,6,0,0,0,1,0,0,0,1,4.48084E+20,5.53904E+21,8.27558E+15,5.00014E+16
53170,53171,7,1,31,27,2016,4,16,5,2,3,6,0,0,0,0,0,1,0,1,3.62264E+20,5.59056E+21,7.05984E+15,5.04509E+16
53171,53172,7,3,16,0,2016,4,7,3,3,4,6,0,1,1,1,0,0,0,0,4.37363E+20,5.46804E+21,8.13737E+15,4.93619E+16
53172,53173,7,1,41,59,2016,3,20,1,2,2,2,1,0,0,1,0,1,0,0,4.21746E+20,5.57887E+21,7.89992E+15,5.03567E+16
53173,53174,7,3,34,33,2016,4,16,3,3,1,6,0,0,1,1,0,0,0,0,4.50982E+20,5.45538E+21,8.32646E+15,4.92493E+16
53174,53175,7,1,43,48,2016,3,12,1,3,2,1,0,1,0,1,0,0,0,0,4.17585E+20,5.58854E+21,7.83931E+15,5.04431E+16
53175,53176,7,3,36,102,2016,4,21,3,2,2,6,2,0,0,0,0,0,1,1,3.83925E+20,5.47034E+21,7.40097E+15,4.93747E+16
53176,53177,7,3,38,18,2016,4,7,2,3,5,3,0,0,0,1,0,0,0,1,4.49033E+20,5.48195E+21,8.29628E+15,4.9488E+16
53177,53178,7,1,43,78,2016,3,11,1,3,9,1,0,1,0,1,0,0,0,0,4.12702E+20,5.59576E+21,7.76887E+15,5.05073E+16
53178,53179,7,2,33,27,2016,4,21,7,3,9,1,2,0,0,1,0,0,0,0,3.4916E+20,5.55441E+21,6.8898E+15,5.01228E+16
53179,53180,7,1,38,45,2016,3,14,1,3,2,1,0,0,0,1,0,1,0,0,3.89608E+20,5.58879E+21,7.44536E+15,5.04408E+16
53180,53181,7,1,37,68,2016,4,10,3,3,8,1,0,1,0,0,0,1,0,0,3.73241E+20,5.57681E+21,7.21901E+15,5.03297E+16
53181,53182,7,3,39,43,2016,4,17,6,3,5,3,0,0,1,1,0,0,0,0,4.52241E+20,5.52413E+21,8.33542E+15,4.98677E+16
53182,53183,7,1,38,41,2016,4,16,3,2,6,4,0,1,0,1,1,0,0,0,3.78877E+20,5.60356E+21,7.28951E+15,5.05714E+16
53183,53184,7,1,37,56,2016,4,17,5,3,1,6,0,1,0,1,0,0,0,1,3.83213E+20,5.58387E+21,7.35687E+15,5.03953E+16
53184,53185,7,1,38,45,2016,3,1,1,3,4,2,2,0,0,1,0,0,0,0,3.91688E+20,5.589E+21,7.47459E+15,5.0443E+16
53185,53186,7,3,34,18,2016,4,12,7,3,0,6,0,0,1,1,0,0,0,0,4.47985E+20,5.45503E+21,8.28532E+15,4.92459E+16
53186,53187,7,3,12,0,2016,4,16,2,3,5,2,0,0,1,1,0,0,0,0,4.1259E+20,5.47766E+21,7.79414E+15,4.94453E+16
53187,53188,7,1,40,100,2016,3,3,1,3,8,7,2,0,0,1,0,0,0,0,3.90349E+20,5.53564E+21,7.47113E+15,4.99631E+16
53188,53189,7,1,40,501,2016,4,15,2,3,2,1,0,0,0,0,0,0,1,0,3.94176E+20,5.56698E+21,7.5158E+15,5.02455E+16
53189,53190,7,1,34,45,2016,4,16,3,3,5,3,0,1,0,1,0,0,0,0,3.78461E+20,5.50752E+21,7.31427E+15,4.97079E+16
53190,53191,7,1,32,96,2016,4,17,5,3,1,6,0,0,0,1,0,0,0,0,4.09098E+20,5.62464E+21,7.71097E+15,5.07664E+16
53191,53192,7,1,40,125,2016,3,0,1,2,8,1,2,0,0,1,0,0,0,0,4.03326E+20,5.53937E+21,7.65107E+15,4.99988E+16
53192,53193,7,2,32,19,2016,4,18,5,3,8,1,0,1,0,1,0,0,0,0,3.09116E+20,5.52844E+21,6.34308E+15,4.98779E+16
53193,53194,7,2,35,132,2016,4,16,4,3,5,3,0,0,1,1,0,0,0,0,3.21181E+20,5.50505E+21,6.52159E+15,4.96715E+16
53194,53195,7,1,11,0,2016,4,13,5,3,3,7,0,0,1,1,0,0,0,0,3.98581E+20,5.57995E+21,7.57407E+15,5.03629E+16
53195,53196,7,1,11,0,2016,3,19,1,3,5,3,0,0,0,1,0,0,0,0,3.99842E+20,5.57913E+21,7.59201E+15,5.03557E+16
53196,53197,7,1,37,68,2016,3,11,1,3,8,1,0,1,0,1,0,0,0,0,3.75008E+20,5.57167E+21,7.24553E+15,5.02839E+16
53197,53198,7,3,19,0,2016,4,17,3,3,4,6,0,0,0,1,0,0,0,0,4.53396E+20,5.49907E+21,8.35449E+15,4.96424E+16
53198,53199,7,1,43,47,2016,3,12,1,3,8,7,0,0,0,1,0,0,0,0,4.10994E+20,5.59364E+21,7.7453E+15,5.04879E+16
53199,53200,7,1,33,38,2016,4,17,2,3,2,6,0,0,0,1,0,1,0,0,3.85197E+20,5.51959E+21,7.4041E+15,4.98178E+16
53200,53201,7,3,36,36,2016,4,6,1,3,9,1,1,0,0,1,0,0,0,0,4.05564E+20,5.49458E+21,7.69318E+15,4.95964E+16
53201,53202,7,3,40,206,2016,3,17,7,2,2,6,0,0,0,1,0,0,1,0,3.87161E+20,5.45284E+21,7.45047E+15,4.92179E+16
53202,53203,7,3,31,52,2016,4,15,1,3,2,6,0,0,0,1,0,0,0,0,4.41053E+20,5.50266E+21,8.183E+15,4.96735E+16
53203,53204,7,1,38,9,2016,4,12,7,3,5,3,0,0,0,1,0,1,0,0,3.79403E+20,5.6017E+21,7.29754E+15,5.05548E+16
53204,53205,7,3,40,206,2016,3,17,7,3,2,6,0,0,0,1,0,0,1,0,3.87161E+20,5.45284E+21,7.45047E+15,4.92179E+16
53205,53206,7,1,40,501,2016,4,6,3,3,8,1,1,1,0,1,0,0,0,0,4.01042E+20,5.56104E+21,7.6136E+15,5.01933E+16
53206,53207,7,3,15,0,2016,4,14,6,3,1,6,0,0,0,1,0,1,0,0,4.48358E+20,5.53718E+21,8.27964E+15,4.99847E+16
53207,53208,7,1,40,35,2016,4,7,6,3,5,3,0,1,0,1,0,0,0,1,4.02827E+20,5.53851E+21,7.64433E+15,4.9991E+16
53208,53209,7,1,33,23,2016,4,10,5,3,2,1,0,0,0,1,0,0,0,0,4.10916E+20,5.53588E+21,7.75776E+15,4.99686E+16
53209,53210,7,1,43,9,2016,4,18,1,1,5,2,0,0,1,1,0,0,0,0,4.07681E+20,5.59593E+21,7.69804E+15,5.0508E+16
53210,53211,7,3,38,19,2016,4,7,2,2,4,6,0,0,1,0,0,0,0,0,4.54191E+20,5.47776E+21,8.36797E+15,4.94508E+16
53211,53212,7,3,35,49,2016,3,18,7,1,4,6,0,0,1,1,0,0,0,0,4.01808E+20,5.47812E+21,7.64532E+15,4.94478E+16
53212,53213,7,3,16,0,2016,4,8,4,3,2,6,0,0,0,1,0,0,0,0,4.42146E+20,5.46512E+21,8.20365E+15,4.93361E+16
53213,53214,7,2,33,35,2016,3,14,7,2,0,1,0,0,1,0,0,0,0,0,3.28305E+20,5.57949E+21,6.58696E+15,5.03424E+16
53214,53215,7,1,43,62,2016,4,10,2,3,5,3,0,0,0,1,0,0,0,0,4.10368E+20,5.59174E+21,7.73694E+15,5.04708E+16
53215,53216,7,1,32,75,2016,4,14,1,3,1,5,0,0,1,1,0,0,0,0,4.24219E+20,5.62222E+21,7.92586E+15,5.07468E+16
53216,53217,7,1,11,0,2016,4,10,5,3,5,3,0,0,0,1,0,1,0,0,3.99389E+20,5.57749E+21,7.58609E+15,5.03409E+16
53217,53218,7,1,37,228,2016,4,17,4,2,6,6,0,0,1,0,1,0,0,0,3.90533E+20,5.58591E+21,7.45923E+15,5.0415E+16
53218,53219,7,3,20,0,2016,4,11,4,3,5,3,0,0,0,1,0,0,0,0,3.81654E+20,5.45615E+21,7.3739E+15,4.92467E+16
53219,53220,7,1,35,12,2016,5,13,1,2,4,1,0,0,0,0,0,1,0,0,3.64748E+20,5.55128E+21,7.10884E+15,5.00984E+16
53220,53221,7,3,33,502,2016,4,10,4,3,2,6,0,0,0,1,0,0,0,0,4.18776E+20,5.49833E+21,7.8752E+15,4.96321E+16
53221,53222,7,1,37,216,2016,5,10,6,3,9,1,0,0,0,1,0,0,0,0,3.94937E+20,5.58387E+21,7.52176E+15,5.03975E+16
53222,53223,7,3,36,31,2016,4,20,4,2,4,1,2,0,0,1,0,0,0,1,3.882E+20,5.48029E+21,7.45704E+15,4.9465E+16
53223,53224,7,1,43,48,2016,5,10,5,2,8,1,0,0,0,0,0,1,0,0,4.19628E+20,5.58631E+21,7.86856E+15,5.04233E+16
53224,53225,7,3,15,0,2016,5,9,4,3,5,2,0,0,0,1,0,1,0,0,4.45051E+20,5.54044E+21,8.23306E+15,5.00137E+16
53225,53226,7,1,43,200,2016,5,17,7,3,5,3,0,0,0,1,0,1,0,0,4.24995E+20,5.60571E+21,7.9402E+15,5.05985E+16
53226,53227,7,2,11,0,2016,5,17,4,3,1,7,0,0,1,1,0,0,0,0,3.28885E+20,5.51375E+21,6.62445E+15,4.97519E+16
53227,53228,7,2,31,203,2016,5,20,3,3,8,6,1,1,0,1,0,0,0,0,3.48737E+20,5.51497E+21,6.89937E+15,4.97681E+16
53228,53229,7,3,34,24,2016,4,1,7,3,7,7,2,0,0,1,0,0,0,0,4.49398E+20,5.4404E+21,8.30659E+15,4.91144E+16
53229,53230,7,3,36,107,2016,4,17,4,3,2,2,0,0,0,1,0,1,0,0,3.88776E+20,5.48464E+21,7.46376E+15,4.95042E+16
53230,53231,7,1,31,6,2016,4,9,7,3,8,1,0,1,0,1,0,0,0,0,3.7652E+20,5.59467E+21,7.25919E+15,5.0491E+16
53231,53232,7,1,41,85,2016,5,15,2,2,9,1,0,0,0,1,0,0,0,0,4.16925E+20,5.56587E+21,7.83502E+15,5.02391E+16
53232,53233,7,1,38,57,2016,4,16,7,3,1,6,0,0,0,1,0,0,0,1,4.00744E+20,5.60442E+21,7.59798E+15,5.05833E+16
53233,53234,7,3,34,7,2016,4,16,5,3,9,1,0,1,0,1,0,0,0,0,4.534E+20,5.45537E+21,8.35968E+15,4.92493E+16
53234,53235,7,3,39,5,2016,4,7,5,3,2,6,0,0,0,1,0,0,0,0,4.26095E+20,5.53529E+21,7.96951E+15,4.99653E+16
53235,53236,7,3,40,23,2016,4,13,2,2,9,7,0,1,0,1,0,0,0,0,3.95036E+20,5.45491E+21,7.55803E+15,4.9238E+16
53236,53237,7,1,41,6,2016,4,15,6,3,5,3,0,0,0,1,0,1,0,0,4.0833E+20,5.57666E+21,7.7119E+15,5.03349E+16
53237,53238,7,3,12,0,2016,4,19,4,3,4,6,0,0,0,1,0,0,0,0,4.0901E+20,5.47239E+21,7.74597E+15,4.93974E+16
53238,53239,7,1,31,90,2016,4,12,6,3,9,1,0,0,0,0,0,0,1,0,3.66608E+20,5.60435E+21,7.11607E+15,5.05758E+16
53239,53240,7,3,31,32,2016,4,16,3,3,5,3,0,0,0,1,1,0,0,0,4.42093E+20,5.51474E+21,8.19562E+15,4.97824E+16
53240,53241,7,3,11,0,2016,4,7,6,3,1,6,0,1,0,1,0,0,0,0,4.53791E+20,5.48702E+21,8.36137E+15,4.9534E+16
53241,53242,7,3,33,45,2016,4,13,5,3,5,3,0,0,0,1,0,0,0,0,4.30338E+20,5.49878E+21,8.0352E+15,4.96375E+16
53242,53243,7,3,32,38,2016,5,9,7,3,9,1,0,0,0,1,0,0,0,0,4.38039E+20,5.48853E+21,8.14346E+15,4.95462E+16
53243,53244,7,3,35,40,2016,4,15,4,3,2,6,0,0,0,1,0,1,0,0,4.02565E+20,5.48095E+21,7.65507E+15,4.94733E+16
53244,53245,7,3,12,0,2016,5,14,5,3,8,1,0,0,0,0,0,1,0,0,4.16357E+20,5.47245E+21,7.8472E+15,4.9399E+16
53245,53246,7,3,35,28,2016,4,12,4,2,8,1,0,0,0,0,0,1,0,0,4.23E+20,5.48542E+21,7.9362E+15,4.95165E+16
53246,53247,7,3,20,0,2016,5,16,4,3,2,2,0,0,0,1,0,0,0,0,3.81765E+20,5.45597E+21,7.37548E+15,4.92451E+16
53247,53248,7,1,37,214,2016,4,1,2,2,9,1,2,0,0,1,0,0,0,0,3.88992E+20,5.56574E+21,7.44348E+15,5.02334E+16
53248,53249,7,1,35,18,2016,5,15,7,3,3,6,0,0,0,1,0,1,0,0,3.63965E+20,5.55904E+21,7.09514E+15,5.01679E+16
53249,53250,7,1,37,206,2016,5,8,4,2,4,1,0,0,0,1,0,0,0,0,3.8606E+20,5.56251E+21,7.40336E+15,5.02038E+16
53250,53251,7,3,16,0,2016,5,17,2,3,6,4,0,0,0,1,1,0,0,0,4.39082E+20,5.46683E+21,8.16121E+15,4.93511E+16
53251,53252,7,3,37,5,2016,4,12,4,3,8,1,0,0,0,1,0,0,0,0,4.27709E+20,5.43803E+21,8.00983E+15,4.90908E+16
53252,53253,7,3,40,28,2016,5,12,5,3,8,1,0,0,0,0,0,1,0,0,4.04174E+20,5.44294E+21,7.68639E+15,4.91318E+16
53253,53254,7,3,37,501,2016,4,17,4,3,2,6,0,0,0,1,0,0,0,0,4.23539E+20,5.45063E+21,7.95034E+15,4.92037E+16
53254,53255,7,1,31,37,2016,5,14,5,2,4,1,0,0,0,1,0,0,0,0,3.60189E+20,5.5834E+21,7.03329E+15,5.0386E+16
53255,53256,7,1,35,70,2016,5,15,4,3,2,2,0,0,0,1,0,1,0,0,3.79352E+20,5.54248E+21,7.31572E+15,5.00224E+16
53256,53257,7,1,38,7,2016,5,13,7,3,5,7,0,0,1,1,0,0,0,0,3.87197E+20,5.60012E+21,7.408E+15,5.05421E+16
53257,53258,7,1,31,77,2016,5,18,4,3,2,6,0,0,0,1,0,1,0,0,3.76515E+20,5.6007E+21,7.25713E+15,5.05452E+16
53258,53259,7,1,31,202,2016,5,14,3,3,0,1,0,1,1,0,0,0,0,0,3.75287E+20,5.59154E+21,7.24286E+15,5.04626E+16
53259,53260,7,3,15,0,2016,4,15,7,3,3,6,0,0,0,1,0,1,0,0,4.47665E+20,5.5353E+21,8.27023E+15,4.99678E+16
53260,53261,7,3,13,0,2016,4,5,4,3,5,3,2,0,0,1,0,0,0,0,4.3547E+20,5.4493E+21,8.11431E+15,4.91931E+16
53261,53262,7,3,12,0,2016,4,18,6,3,5,2,0,0,0,1,0,1,0,0,4.09666E+20,5.478E+21,7.75373E+15,4.94479E+16
53262,53263,7,1,32,71,2016,5,20,2,3,1,6,1,0,0,1,0,0,0,0,4.19817E+20,5.62279E+21,7.86334E+15,5.07513E+16
53263,53264,7,1,11,0,2016,4,16,7,3,5,3,0,1,0,1,0,0,0,0,3.99667E+20,5.57925E+21,7.58953E+15,5.03567E+16
53264,53265,7,3,19,0,2016,4,7,5,2,0,1,0,0,1,0,0,0,0,0,4.53552E+20,5.49887E+21,8.35667E+15,4.96406E+16
53265,53266,7,2,31,111,2016,4,15,5,2,8,1,0,0,0,1,0,0,0,0,3.44546E+20,5.52715E+21,6.83633E+15,4.98765E+16
53266,53267,7,3,37,45,2016,4,19,2,3,2,6,0,1,0,1,0,0,0,1,4.28817E+20,5.43931E+21,8.02478E+15,4.91026E+16
53267,53268,7,1,35,2,2016,4,18,6,3,8,7,0,0,0,1,0,0,0,0,3.59974E+20,5.55885E+21,7.03935E+15,5.01653E+16
53268,53269,7,3,38,18,2016,4,21,4,3,2,3,2,0,0,1,0,1,0,0,4.49642E+20,5.48144E+21,8.30474E+15,4.94835E+16
53269,53270,7,3,32,2,2016,4,12,5,2,5,3,0,0,0,1,0,0,0,0,4.41012E+20,5.48108E+21,8.18567E+15,4.94795E+16
53270,53271,7,2,35,58,2016,4,10,3,3,5,3,0,1,0,1,0,0,0,1,3.43184E+20,5.50003E+21,6.82831E+15,4.96324E+16
53271,53272,7,3,13,0,2016,5,17,7,3,0,1,0,0,1,0,0,0,0,0,4.3465E+20,5.45083E+21,8.10282E+15,4.92068E+16
53272,53273,7,3,38,18,2016,4,7,4,3,5,2,0,0,1,0,0,0,0,1,4.48301E+20,5.48125E+21,8.28626E+15,4.94817E+16
53273,53274,7,3,35,15,2016,5,10,3,3,4,6,0,1,0,0,0,0,1,0,4.18247E+20,5.47382E+21,7.87295E+15,4.94116E+16
53274,53275,7,3,16,0,2016,5,20,5,2,0,1,1,0,1,0,0,0,0,0,4.35045E+20,5.46756E+21,8.10551E+15,4.93573E+16
53275,53276,7,3,11,0,2016,4,19,4,3,1,6,0,0,0,1,0,0,0,0,4.53219E+20,5.48896E+21,8.35324E+15,4.95514E+16
53276,53277,7,3,35,16,2016,5,11,4,3,7,1,0,0,0,1,0,0,0,0,3.91746E+20,5.47618E+21,7.50708E+15,4.94286E+16
53277,53278,7,1,33,52,2016,4,18,1,3,8,1,0,1,0,1,0,0,0,0,3.88949E+20,5.51567E+21,7.45735E+15,4.97832E+16
53278,53279,7,1,37,226,2016,5,13,7,2,5,3,0,0,0,1,0,1,0,0,4.01217E+20,5.5841E+21,7.61003E+15,5.04006E+16
53279,53280,7,3,31,3,2016,5,9,2,3,2,6,0,0,0,1,0,0,0,0,4.36575E+20,5.50964E+21,8.11981E+15,4.97359E+16
53280,53281,7,3,14,0,2016,4,16,4,3,5,3,0,0,1,1,0,0,0,0,4.59337E+20,5.48221E+21,8.43851E+15,4.94912E+16
53281,53282,7,3,38,20,2016,5,13,1,3,9,1,0,0,0,1,0,0,0,0,4.57531E+20,5.47098E+21,8.41478E+15,4.93901E+16
53282,53283,7,3,39,37,2016,4,10,6,2,8,1,0,0,0,1,0,0,0,0,4.50888E+20,5.52835E+21,8.31605E+15,4.99055E+16
53283,53284,7,3,36,31,2016,4,5,4,3,2,6,1,0,0,1,0,0,0,0,3.88014E+20,5.47989E+21,7.45458E+15,4.94614E+16
53284,53285,7,2,32,20,2016,4,16,4,3,8,1,0,1,0,1,0,0,0,0,3.17823E+20,5.53905E+21,6.45913E+15,4.99759E+16
53285,53286,7,1,38,34,2016,4,17,2,2,1,6,0,1,0,1,0,0,0,0,4.01215E+20,5.59654E+21,7.60672E+15,5.05125E+16
53286,53287,7,3,31,10,2016,4,13,4,3,5,3,0,0,0,1,0,0,0,0,4.38127E+20,5.51599E+21,8.14033E+15,4.97932E+16
53287,53288,7,1,41,501,2016,5,13,2,3,4,6,0,0,0,1,0,0,0,0,4.03952E+20,5.56749E+21,7.65273E+15,5.02517E+16
53288,53289,7,3,35,205,2016,4,6,6,3,5,3,0,0,0,1,0,0,0,0,4.18439E+20,5.48536E+21,7.87322E+15,4.95154E+16
53289,53290,7,1,38,4,2016,4,17,5,3,2,2,0,0,0,1,0,0,0,0,3.79404E+20,5.59826E+21,7.29867E+15,5.05238E+16
53290,53291,7,2,32,32,2016,4,17,2,2,8,1,0,1,0,1,0,0,0,0,3.11243E+20,5.53301E+21,6.37042E+15,4.99196E+16
53291,53292,7,3,19,0,2016,4,17,4,3,5,2,0,0,0,1,0,1,0,0,4.52208E+20,5.49803E+21,8.33817E+15,4.96329E+16
53292,53293,7,3,39,42,2016,4,9,5,3,1,3,0,0,0,1,0,0,0,0,4.42627E+20,5.52778E+21,8.2011E+15,4.98997E+16
53293,53294,7,1,35,13,2016,5,22,6,2,7,7,2,0,0,0,0,1,0,0,3.67252E+20,5.54099E+21,7.14741E+15,5.00064E+16
53294,53295,7,3,39,43,2016,4,14,4,2,0,7,0,0,0,1,0,1,0,0,4.52484E+20,5.52632E+21,8.33853E+15,4.98874E+16
53295,53296,7,1,43,67,2016,4,16,3,3,1,6,0,1,0,1,0,0,0,1,4.11629E+20,5.59827E+21,7.75315E+15,5.05297E+16
53296,53297,7,2,31,124,2016,5,12,5,3,4,1,0,0,0,1,0,1,0,0,3.65236E+20,5.53378E+21,7.12182E+15,4.99411E+16
53297,53298,7,3,39,9,2016,5,19,7,2,9,1,0,0,0,1,0,0,0,0,4.39847E+20,5.53955E+21,8.16056E+15,5.00052E+16
53298,53299,7,3,39,20,2016,4,7,4,3,8,7,0,0,0,0,0,1,0,0,4.4825E+20,5.52859E+21,8.27929E+15,4.99075E+16
53299,53300,7,3,34,14,2016,5,14,3,3,9,1,0,1,0,1,0,0,0,0,4.45012E+20,5.44883E+21,8.24533E+15,4.91898E+16
53300,53301,7,3,38,25,2016,5,18,5,3,8,1,0,0,0,0,0,1,0,0,4.55251E+20,5.46889E+21,8.38359E+15,4.93711E+16
53301,53302,7,3,15,0,2016,4,19,4,3,2,6,0,0,0,1,0,0,0,0,4.44294E+20,5.54021E+21,8.22252E+15,5.00116E+16
53302,53303,7,3,37,52,2016,5,19,4,2,5,3,0,0,0,1,0,1,0,0,4.37619E+20,5.46157E+21,8.14189E+15,4.93037E+16
53303,53304,7,3,19,0,2016,5,16,2,3,2,6,0,0,0,1,0,0,1,0,4.48358E+20,5.50216E+21,8.2843E+15,4.96698E+16
53304,53305,7,2,31,96,2016,4,13,1,2,8,1,0,1,0,0,0,1,0,0,3.5359E+20,5.54557E+21,6.95513E+15,5.00444E+16
53305,53306,7,1,41,129,2016,4,12,6,2,2,6,0,0,0,1,0,0,0,0,4.1677E+20,5.57071E+21,7.83179E+15,5.02826E+16
53306,53307,7,3,34,7,2016,5,21,6,3,2,6,1,0,0,1,0,0,0,0,4.52696E+20,5.45108E+21,8.35051E+15,4.92107E+16
53307,53308,7,2,31,53,2016,4,14,4,2,2,6,0,0,0,1,0,0,1,1,3.44505E+20,5.52712E+21,6.83577E+15,4.98763E+16
53308,53309,7,3,31,20,2016,5,13,1,2,8,7,0,0,0,1,0,0,0,0,4.37307E+20,5.51137E+21,8.12969E+15,4.97516E+16
53309,53310,7,1,43,23,2016,4,15,4,3,5,3,0,1,0,1,0,0,0,0,4.25522E+20,5.58496E+21,7.95178E+15,5.04119E+16
53310,53311,7,2,35,60,2016,4,7,4,3,2,6,0,0,0,1,0,0,0,1,3.35238E+20,5.51931E+21,6.71021E+15,4.98036E+16
53311,53312,7,1,38,6,2016,5,6,1,3,5,3,0,0,0,1,0,0,0,0,3.91134E+20,5.60288E+21,7.46274E+15,5.05677E+16
53312,53313,7,2,31,31,2016,4,6,4,3,2,3,0,0,0,1,0,0,0,0,3.45825E+20,5.52988E+21,6.85304E+15,4.99015E+16
53313,53314,7,1,38,63,2016,5,12,6,3,5,2,0,0,0,1,0,0,1,0,3.81316E+20,5.59633E+21,7.32624E+15,5.05069E+16
53314,53315,7,1,35,501,2016,4,11,4,3,9,1,0,0,0,0,0,1,0,0,3.58414E+20,5.54936E+21,7.02105E+15,5.00797E+16
53315,53316,7,1,43,255,2016,5,8,5,3,1,5,0,0,0,1,0,0,0,0,4.26641E+20,5.61397E+21,7.96182E+15,5.06729E+16
53316,53317,7,3,39,30,2016,5,15,4,3,4,7,0,0,0,1,0,1,0,0,4.30867E+20,5.53731E+21,8.03567E+15,4.99841E+16
53317,53318,7,2,35,5,2016,5,13,7,3,5,3,0,0,0,0,0,1,1,0,3.48164E+20,5.51498E+21,6.89142E+15,4.97681E+16
53318,53319,7,2,32,206,2016,4,12,4,3,5,3,0,0,0,0,0,1,0,1,3.06187E+20,5.56847E+21,6.2821E+15,5.02366E+16
53319,53320,7,2,35,68,2016,5,15,4,2,9,1,0,0,0,1,0,0,0,0,3.25407E+20,5.50737E+21,6.57907E+15,4.96935E+16
53320,53321,7,3,15,0,2016,5,0,3,3,2,6,2,0,0,1,0,0,0,0,4.48165E+20,5.53601E+21,8.27711E+15,4.99742E+16
53321,53322,7,1,35,20,2016,5,12,1,3,2,2,0,0,0,1,0,0,0,0,3.66608E+20,5.5557E+21,7.13329E+15,5.01385E+16
53322,53323,7,1,34,68,2016,4,20,4,3,0,7,2,0,0,1,0,0,0,0,3.76595E+20,5.50098E+21,7.29046E+15,4.96487E+16
53323,53324,7,2,32,296,2016,4,18,7,3,7,1,0,0,0,1,0,0,0,0,3.17319E+20,5.55283E+21,6.44554E+15,5.00996E+16
53324,53325,7,2,35,27,2016,5,17,2,2,4,6,0,0,0,1,0,0,0,0,3.31876E+20,5.50637E+21,6.66911E+15,4.96864E+16
53325,53326,7,2,31,101,2016,4,9,7,3,9,1,0,1,0,1,0,0,0,0,3.51709E+20,5.54835E+21,6.92779E+15,5.00689E+16
53326,53327,7,1,34,1,2016,5,11,6,2,9,1,0,0,0,0,0,1,0,0,3.61644E+20,5.50443E+21,7.08225E+15,4.96765E+16
53327,53328,7,1,34,8,2016,4,10,4,2,4,6,0,0,0,1,0,0,0,0,3.75791E+20,5.49221E+21,7.28211E+15,4.95697E+16
53328,53329,7,2,32,109,2016,5,13,5,2,5,3,0,0,0,1,0,1,0,0,3.19119E+20,5.54014E+21,6.47667E+15,4.99861E+16
53329,53330,7,3,13,0,2016,5,7,4,3,2,6,0,0,0,1,0,0,0,0,4.34433E+20,5.45302E+21,8.09948E+15,4.92265E+16
53330,53331,7,1,35,88,2016,5,17,7,2,5,3,0,0,0,1,0,1,0,0,3.7716E+20,5.54324E+21,7.2849E+15,5.00287E+16
53331,53332,7,2,35,36,2016,4,15,4,3,8,1,0,0,0,1,0,0,0,1,3.48699E+20,5.50096E+21,6.90427E+15,4.96422E+16