FID,OBJECTID,ULAND,UREGBEZ,UKREIS,UGEMEINDE,UJAHR,UMONAT,USTUNDE,UWOCHENTAG,UKATEGORIE,UART,UTYP1,ULICHTVERH,IstStrasse,IstRad,IstPKW,IstFuss,IstKrad,IstGkfz,IstSonstig,LINREFX,LINREFY,XGCSWGS84,YGCSWGS84
53332,53333,7,1,33,6,2016,5,10,3,3,5,3,0,0,0,1,0,0,0,0,4.15722E+20,5.5222E+21,7.82776E+15,4.98463E+16
53333,53334,7,2,35,36,2016,4,13,4,2,4,1,0,0,0,1,0,0,0,0,3.48919E+20,5.50197E+21,6.90693E+15,4.96513E+16
53334,53335,7,3,37,52,2016,4,13,7,3,1,7,0,1,0,1,0,0,0,0,4.36877E+20,5.46184E+21,8.13164E+15,4.9306E+16
53335,53336,7,2,31,124,2016,5,12,2,3,2,6,0,0,0,1,0,0,0,1,3.6442E+20,5.53435E+21,7.11025E+15,4.99461E+16
53336,53337,7,3,32,2,2016,4,14,7,3,2,6,0,1,0,1,0,0,0,0,4.3969E+20,5.48062E+21,8.16749E+15,4.94752E+16
53337,53338,7,1,11,0,2016,4,14,6,3,2,6,0,0,0,1,0,0,0,0,3.99355E+20,5.5815E+21,7.58453E+15,5.03769E+16
53338,53339,7,1,33,6,2016,5,11,6,3,3,6,0,0,0,1,0,1,0,0,4.17891E+20,5.52141E+21,7.85808E+15,4.98395E+16
53339,53340,7,3,16,0,2016,4,7,6,3,6,6,0,0,0,0,1,0,0,1,4.36852E+20,5.46518E+21,8.13077E+15,4.93361E+16
53340,53341,7,2,11,0,2016,4,18,4,3,5,3,0,0,1,1,0,0,0,0,3.29266E+20,5.51537E+21,6.62903E+15,4.97666E+16
53341,53342,7,1,11,0,2016,4,16,4,2,6,4,0,0,0,1,1,0,0,0,3.97551E+20,5.57875E+21,7.55992E+15,5.0352E+16
53342,53343,7,2,35,501,2016,4,7,4,3,2,6,0,0,0,1,0,0,0,0,3.2486E+20,5.52237E+21,6.56474E+15,4.98282E+16
53343,53344,7,1,31,2,2016,5,16,1,3,0,2,0,0,0,1,0,1,0,0,3.56262E+20,5.59454E+21,6.97382E+15,5.04852E+16
53344,53345,7,1,41,15,2016,4,17,4,2,5,3,0,0,0,1,0,0,0,0,4.15698E+20,5.56072E+21,7.81896E+15,5.01927E+16
53345,53346,7,1,41,75,2016,5,9,6,3,9,1,0,0,0,0,0,1,0,0,4.04543E+20,5.57204E+21,7.65987E+15,5.02927E+16
53346,53347,7,1,32,72,2016,4,20,4,3,5,3,2,0,0,1,0,0,0,0,4.26611E+20,5.63214E+21,7.95776E+15,5.08363E+16
53347,53348,7,1,35,45,2016,5,13,5,3,5,3,0,0,0,1,0,1,0,0,3.67874E+20,5.56628E+21,7.14733E+15,5.02339E+16
53348,53349,7,3,39,42,2016,5,7,4,3,2,6,0,0,0,1,0,0,0,0,4.41662E+20,5.52733E+21,8.18773E+15,4.98955E+16
53349,53350,7,1,43,48,2016,5,12,7,3,2,6,0,0,0,1,0,1,0,0,4.17126E+20,5.58697E+21,7.83319E+15,5.04289E+16
53350,53351,7,1,43,62,2016,5,16,4,3,2,6,0,0,0,1,0,0,0,0,4.10143E+20,5.5916E+21,7.7338E+15,5.04695E+16
53351,53352,7,2,11,0,2016,5,21,3,3,5,3,2,0,1,1,0,0,0,0,3.30816E+20,5.51441E+21,6.65095E+15,4.97584E+16
53352,53353,7,3,37,52,2016,4,16,7,3,8,1,0,0,0,1,0,0,0,0,4.37676E+20,5.46185E+21,8.14264E+15,4.93062E+16
53353,53354,7,1,32,86,2016,4,9,4,3,5,3,0,0,0,1,0,1,0,0,4.05013E+20,5.61258E+21,7.65617E+15,5.06573E+16
53354,53355,7,1,40,5,2016,4,20,7,3,8,1,0,1,0,1,0,0,0,0,4.01048E+20,5.55359E+21,7.61563E+15,5.01263E+16
53355,53356,7,1,41,14,2016,5,10,2,3,5,3,0,0,0,1,0,0,0,0,4.28724E+20,5.57832E+21,7.9981E+15,5.03526E+16
53356,53357,7,1,31,1,2016,4,11,7,3,2,1,0,0,0,1,0,0,0,0,3.52126E+20,5.58407E+21,6.91969E+15,5.03901E+16
53357,53358,7,3,38,25,2016,4,17,5,3,2,6,0,0,0,1,0,1,0,0,4.53898E+20,5.47104E+21,8.36471E+15,4.93903E+16
53358,53359,7,2,32,18,2016,4,19,5,2,8,1,0,0,0,1,0,1,0,0,3.26682E+20,5.54189E+21,6.5813E+15,5.00041E+16
53359,53360,7,3,35,47,2016,4,20,2,3,5,3,1,1,0,1,0,0,0,0,4.10093E+20,5.47213E+21,7.76095E+15,4.93953E+16
53360,53361,7,1,38,34,2016,4,13,6,2,4,6,0,0,0,1,0,0,1,0,4.00885E+20,5.59598E+21,7.60221E+15,5.05074E+16
53361,53362,7,1,38,45,2016,4,4,4,3,3,6,2,0,0,1,0,0,0,0,3.90757E+20,5.58682E+21,7.46212E+15,5.04232E+16
53362,53363,7,3,20,0,2016,4,15,5,3,5,3,0,0,1,1,0,0,0,0,3.82753E+20,5.46137E+21,7.38746E+15,4.92938E+16
53363,53364,7,2,33,33,2016,4,18,3,3,9,1,0,1,0,1,0,0,0,0,3.37754E+20,5.56958E+21,6.72389E+15,5.0256E+16
53364,53365,7,1,33,37,2016,4,9,6,2,2,6,0,0,0,1,0,0,0,0,4.20443E+20,5.51997E+21,7.89386E+15,4.98269E+16
53365,53366,7,3,36,92,2016,4,18,5,3,0,7,0,0,0,0,0,1,0,0,3.82059E+20,5.47425E+21,7.37412E+15,4.94095E+16
53366,53367,7,2,32,101,2016,4,18,5,2,8,1,0,0,0,0,0,1,0,0,3.30402E+20,5.54567E+21,6.63148E+15,5.00392E+16
53367,53368,7,2,11,0,2016,4,16,6,3,3,6,0,0,0,1,0,1,0,0,3.29556E+20,5.51488E+21,6.63327E+15,4.97622E+16
53368,53369,7,1,35,45,2016,4,16,4,3,5,2,0,0,0,1,0,0,0,0,3.67542E+20,5.56527E+21,7.14302E+15,5.02248E+16
53369,53370,7,3,14,0,2016,4,9,3,3,0,1,0,0,1,0,0,0,0,0,4.54668E+20,5.48215E+21,8.37405E+15,4.94903E+16
53370,53371,7,3,31,3,2016,4,12,6,3,5,3,0,0,1,1,0,0,0,0,4.35651E+20,5.51051E+21,8.10684E+15,4.97436E+16
53371,53372,7,3,38,19,2016,4,20,5,2,5,3,0,0,1,1,0,0,0,0,4.54005E+20,5.47549E+21,8.36568E+15,4.94303E+16
53372,53373,7,1,37,88,2016,4,11,4,3,1,2,0,0,0,1,0,0,0,0,3.85263E+20,5.58396E+21,7.38567E+15,5.03965E+16
53373,53374,7,1,37,212,2016,5,12,1,2,2,2,0,0,1,1,0,0,0,0,3.90536E+20,5.57469E+21,7.46253E+15,5.03141E+16
53374,53375,7,1,37,203,2016,4,9,4,3,8,1,0,0,1,0,0,0,0,0,3.9853E+20,5.58774E+21,7.57126E+15,5.04329E+16
53375,53376,7,3,35,38,2016,5,10,5,2,0,1,0,0,0,1,0,1,0,0,3.9361E+20,5.47499E+21,7.5331E+15,4.94183E+16
53376,53377,7,1,11,0,2016,4,18,4,3,2,6,0,0,0,1,0,0,0,0,3.98113E+20,5.58069E+21,7.5673E+15,5.03694E+16
53377,53378,7,1,41,75,2016,5,16,5,3,3,6,0,0,0,1,0,1,0,0,4.00713E+20,5.57565E+21,7.60518E+15,5.03246E+16
53378,53379,7,2,31,67,2016,5,20,4,3,5,2,1,0,0,1,0,0,0,0,3.5902E+20,5.54148E+21,7.03241E+15,5.0009E+16
53379,53380,7,1,32,67,2016,5,7,7,3,0,2,0,0,0,1,0,0,1,0,4.06774E+20,5.61844E+21,7.6796E+15,5.07103E+16
53380,53381,7,1,37,102,2016,5,12,4,3,9,7,0,0,0,1,0,0,0,0,3.79178E+20,5.57757E+21,7.30214E+15,5.03378E+16
53381,53382,7,1,37,203,2016,5,7,3,3,0,3,0,1,0,1,0,1,0,0,3.99178E+20,5.58606E+21,7.58082E+15,5.04179E+16
53382,53383,7,3,15,0,2016,4,13,7,3,1,6,0,0,0,1,0,0,0,0,4.45259E+20,5.54153E+21,8.2358E+15,5.00236E+16
53383,53384,7,1,11,0,2016,4,7,4,3,2,6,0,0,0,1,0,0,0,0,3.9833E+20,5.57635E+21,7.57151E+15,5.03304E+16
53384,53385,7,3,16,0,2016,4,16,6,3,2,6,0,0,0,1,0,0,0,0,4.38429E+20,5.46606E+21,8.15235E+15,4.93442E+16
53385,53386,7,1,31,40,2016,5,19,2,3,8,1,0,0,0,0,0,1,0,0,3.51505E+20,5.59825E+21,6.90533E+15,5.05173E+16
53386,53387,7,3,20,0,2016,4,15,6,3,2,6,0,0,0,1,0,0,0,0,3.81372E+20,5.45653E+21,7.36991E+15,4.925E+16
53387,53388,7,1,35,92,2016,4,18,5,2,8,1,0,0,0,0,0,1,0,0,3.73248E+20,5.54393E+21,7.23007E+15,5.00342E+16
53388,53389,7,1,34,45,2016,4,7,5,3,2,6,0,0,0,1,0,1,0,0,3.821E+20,5.50801E+21,7.36457E+15,4.9713E+16
53389,53390,7,3,19,0,2016,4,18,2,3,2,6,0,0,0,1,0,0,0,0,4.54957E+20,5.49775E+21,8.37626E+15,4.96306E+16
53390,53391,7,1,31,77,2016,4,15,6,3,9,1,0,0,0,1,0,0,0,0,3.76144E+20,5.59814E+21,7.25273E+15,5.05221E+16
53391,53392,7,3,40,18,2016,4,17,3,3,3,5,0,0,0,1,0,0,0,0,3.96873E+20,5.46839E+21,7.57978E+15,4.93595E+16
53392,53393,7,3,15,0,2016,4,11,5,3,0,7,0,0,1,1,0,0,0,0,4.43412E+20,5.53924E+21,8.21036E+15,5.00028E+16
53393,53394,7,3,31,48,2016,5,11,6,3,9,1,0,0,0,1,0,0,0,0,4.41871E+20,5.49829E+21,8.19499E+15,4.96344E+16
53394,53395,7,3,40,55,2016,4,15,3,3,5,3,0,0,0,1,0,0,0,0,3.98761E+20,5.46865E+21,7.6057E+15,4.93622E+16
53395,53396,7,1,41,111,2016,4,20,3,2,8,1,1,1,0,0,0,1,0,0,4.19247E+20,5.56697E+21,7.86734E+15,5.02493E+16
53396,53397,7,3,38,19,2016,5,15,5,2,2,1,0,0,0,1,0,1,0,0,4.54132E+20,5.47766E+21,8.36718E+15,4.94499E+16
53397,53398,7,3,33,13,2016,5,14,7,3,8,1,0,0,0,0,0,1,0,0,4.24749E+20,5.50138E+21,7.95731E+15,4.96603E+16
53398,53399,7,3,12,0,2016,4,16,3,2,0,1,0,0,0,0,0,1,0,0,4.0932E+20,5.47641E+21,7.74932E+15,4.94336E+16
53399,53400,7,3,38,16,2016,5,6,3,3,2,6,0,0,0,1,0,0,1,0,4.50137E+20,5.48457E+21,8.31119E+15,4.95117E+16
53400,53401,7,3,34,6,2016,5,14,5,3,4,2,0,0,1,1,0,0,0,0,4.46687E+20,5.4579E+21,8.26711E+15,4.92715E+16
53401,53402,7,3,32,32,2016,4,9,3,3,2,6,0,0,0,1,0,0,0,0,4.32748E+20,5.46929E+21,8.0736E+15,4.93726E+16
53402,53403,7,3,12,0,2016,5,16,4,3,1,2,0,0,0,1,0,0,0,0,4.12579E+20,5.4776E+21,7.794E+15,4.94448E+16
53403,53404,7,2,33,26,2016,4,16,1,3,2,6,0,0,0,1,0,0,0,1,3.32134E+20,5.56617E+21,6.64663E+15,5.02239E+16
53404,53405,7,1,35,501,2016,4,13,6,3,8,6,0,0,0,0,0,0,0,1,3.58413E+20,5.54918E+21,7.02111E+15,5.0078E+16
53405,53406,7,3,35,203,2016,5,14,6,3,0,1,0,0,0,1,0,1,0,0,3.8992E+20,5.46892E+21,7.48391E+15,4.9363E+16
53406,53407,7,3,39,30,2016,4,14,5,3,4,7,0,0,0,1,0,0,0,0,4.34861E+20,5.53837E+21,8.09119E+15,4.99941E+16
53407,53408,7,3,34,17,2016,5,4,7,2,1,1,2,0,0,1,0,0,0,0,4.52301E+20,5.4549E+21,8.34464E+15,4.9245E+16
53408,53409,7,3,16,0,2016,4,9,3,3,2,6,0,0,0,1,0,0,0,0,4.36865E+20,5.46702E+21,8.13067E+15,4.93526E+16
53409,53410,7,3,35,38,2016,5,15,3,3,5,3,0,0,0,1,0,0,0,1,3.95124E+20,5.47825E+21,7.5531E+15,4.94479E+16
53410,53411,7,3,32,46,2016,5,18,5,3,3,6,0,0,1,0,0,0,0,0,4.40794E+20,5.47631E+21,8.18337E+15,4.94366E+16
53411,53412,7,3,34,7,2016,4,15,3,3,3,6,0,0,0,1,0,0,1,0,4.543E+20,5.4531E+21,8.37231E+15,4.9229E+16
53412,53413,7,3,35,12,2016,5,19,4,3,2,1,1,0,0,1,0,0,0,0,3.89331E+20,5.47322E+21,7.47461E+15,4.94016E+16
53413,53414,7,3,17,0,2016,4,19,1,2,3,1,0,1,0,1,0,0,0,0,3.97795E+20,5.45308E+21,7.59639E+15,4.9222E+16
53414,53415,7,1,31,1,2016,5,9,7,3,4,6,0,0,0,1,0,0,0,1,3.54533E+20,5.58167E+21,6.95445E+15,5.03691E+16
53415,53416,7,3,20,0,2016,5,16,3,3,1,6,0,0,0,1,0,0,0,0,3.78952E+20,5.45756E+21,7.33636E+15,4.92588E+16
53416,53417,7,3,14,0,2016,5,7,2,2,5,2,0,0,0,1,0,1,0,0,4.5728E+20,5.48545E+21,8.40977E+15,4.95202E+16
53417,53418,7,3,37,1,2016,4,6,3,2,8,1,0,0,0,1,0,0,0,0,4.30146E+20,5.4512E+21,8.04092E+15,4.92096E+16
53418,53419,7,1,37,69,2016,5,5,2,3,2,6,1,0,0,0,0,0,1,0,3.75716E+20,5.58361E+21,7.25153E+15,5.03914E+16
53419,53420,7,3,38,15,2016,4,7,6,3,6,4,0,0,0,1,1,0,0,0,4.50974E+20,5.49306E+21,8.32169E+15,4.95881E+16
53420,53421,7,1,31,77,2016,4,13,5,3,0,1,0,0,0,1,0,0,0,0,3.76494E+20,5.60083E+21,7.25679E+15,5.05463E+16
53421,53422,7,1,33,6,2016,4,14,4,3,1,6,0,0,0,1,0,1,0,0,4.1805E+20,5.52157E+21,7.86026E+15,4.9841E+16
53422,53423,7,1,41,29,2016,4,14,2,3,4,6,0,0,0,1,0,1,0,0,4.29753E+20,5.58026E+21,8.0122E+15,5.03702E+16
53423,53424,7,3,18,0,2016,4,10,3,2,5,2,0,0,0,1,0,0,0,0,4.57675E+20,5.46635E+21,8.41726E+15,4.93484E+16
53424,53425,7,2,31,80,2016,5,16,6,2,8,1,0,0,0,0,0,1,0,0,3.42371E+20,5.55114E+21,6.79625E+15,5.00916E+16
53425,53426,7,3,38,17,2016,4,12,3,2,5,2,0,0,1,1,0,0,0,0,4.54713E+20,5.4744E+21,8.37557E+15,4.94206E+16
53426,53427,7,1,40,159,2016,4,0,3,3,8,1,2,1,0,0,0,0,0,1,3.73588E+20,5.53068E+21,7.23918E+15,4.99151E+16
53427,53428,7,2,33,229,2016,5,12,5,3,1,6,0,0,0,1,0,1,0,0,3.40961E+20,5.57486E+21,6.76662E+15,5.03044E+16
53428,53429,7,3,15,0,2016,5,16,7,3,2,6,0,0,0,1,0,0,0,0,4.42601E+20,5.53736E+21,8.19931E+15,4.99858E+16
53429,53430,7,3,38,2,2016,4,6,3,3,5,3,0,0,1,1,0,0,0,0,4.5204E+20,5.48899E+21,8.33693E+15,4.95516E+16
53430,53431,7,3,18,0,2016,5,11,3,3,5,3,0,1,1,1,0,0,0,0,4.58553E+20,5.46339E+21,8.42965E+15,4.93219E+16
53431,53432,7,1,33,6,2016,4,14,3,3,1,6,0,0,0,1,0,0,0,0,4.20402E+20,5.52338E+21,7.89259E+15,4.98575E+16
53432,53433,7,3,33,39,2016,5,17,2,3,9,1,0,0,0,0,0,1,0,0,4.29615E+20,5.50197E+21,8.02461E+15,4.96661E+16
53433,53434,7,1,43,51,2016,4,20,1,3,9,1,0,1,0,0,0,1,0,0,4.23961E+20,5.58657E+21,7.92949E+15,5.04263E+16
53434,53435,7,1,31,41,2016,4,21,6,3,8,1,2,0,0,1,0,0,0,0,3.71161E+20,5.59532E+21,7.18345E+15,5.04957E+16
53435,53436,7,3,18,0,2016,5,15,6,3,0,2,0,0,1,1,0,0,0,0,4.59711E+20,5.46316E+21,8.44562E+15,4.93198E+16
53436,53437,7,3,31,32,2016,4,20,3,2,4,6,2,0,0,1,0,0,0,1,4.42561E+20,5.51398E+21,8.20224E+15,4.97756E+16
53437,53438,7,1,43,237,2016,5,14,1,3,4,6,0,0,0,1,0,0,0,0,4.30204E+20,5.60632E+21,8.01368E+15,5.06046E+16
53438,53439,7,2,32,296,2016,4,17,4,3,4,6,0,0,0,1,0,0,0,0,3.55766E+20,5.57648E+21,6.97377E+15,5.03228E+16
53439,53440,7,3,19,0,2016,4,12,3,3,5,3,0,0,1,1,0,0,0,0,4.54555E+20,5.49856E+21,8.37059E+15,4.96379E+16
53440,53441,7,3,34,1,2016,5,16,1,3,5,3,0,0,0,1,0,0,0,0,4.48914E+20,5.44937E+21,8.29882E+15,4.9195E+16
53441,53442,7,3,15,0,2016,4,10,6,2,4,6,0,0,0,1,0,0,0,0,4.46694E+20,5.53849E+21,8.25625E+15,4.99964E+16
53442,53443,7,3,14,0,2016,4,7,4,3,2,6,0,0,0,1,0,0,0,0,4.53831E+20,5.47816E+21,8.36297E+15,4.94543E+16
53443,53444,7,2,31,49,2016,4,13,4,3,8,1,0,1,0,1,0,0,0,0,3.51036E+20,5.54777E+21,6.91863E+15,5.00635E+16
53444,53445,7,1,40,10,2016,4,17,2,2,4,1,0,1,0,1,0,0,0,0,3.9031E+20,5.55223E+21,7.46585E+15,5.01122E+16
53445,53446,7,3,19,0,2016,4,10,3,3,4,2,0,0,1,1,0,0,0,0,4.51609E+20,5.49805E+21,8.32987E+15,4.96331E+16
53446,53447,7,1,41,121,2016,5,12,1,3,8,1,0,0,0,0,0,1,0,0,4.10109E+20,5.55746E+21,7.74145E+15,5.01625E+16
53447,53448,7,1,43,286,2016,5,8,6,3,1,6,0,0,0,1,0,0,0,1,4.34252E+20,5.60891E+21,8.07042E+15,5.06284E+16
53448,53449,7,3,39,42,2016,4,10,3,2,2,6,0,0,0,1,0,1,0,0,4.42378E+20,5.52881E+21,8.19748E+15,4.99089E+16
53449,53450,7,2,35,35,2016,5,11,5,3,8,1,0,0,0,0,0,1,0,0,3.47097E+20,5.4976E+21,6.88341E+15,4.96116E+16
53450,53451,7,3,19,0,2016,5,21,4,3,5,3,0,0,1,1,0,0,0,0,4.52215E+20,5.49996E+21,8.33802E+15,4.96503E+16
53451,53452,7,2,33,26,2016,5,14,7,2,3,6,0,0,0,1,0,1,0,0,3.33626E+20,5.56842E+21,6.66654E+15,5.02445E+16
53452,53453,7,3,15,0,2016,4,23,3,2,2,6,2,0,0,1,0,0,0,0,4.44879E+20,5.5417E+21,8.23048E+15,5.0025E+16
53453,53454,7,3,31,54,2016,5,22,3,3,8,7,2,0,0,0,0,0,0,1,4.44976E+20,5.49429E+21,8.23854E+15,4.95987E+16
53454,53455,7,1,41,135,2016,5,14,1,2,8,1,0,0,0,0,0,1,0,0,4.18196E+20,5.57608E+21,7.85063E+15,5.03311E+16
53455,53456,7,3,15,0,2016,4,19,3,3,1,7,0,0,1,1,0,0,0,0,4.43278E+20,5.53919E+21,8.2085E+15,5.00023E+16
53456,53457,7,3,38,25,2016,4,10,7,2,5,3,0,1,1,1,0,0,0,0,4.53652E+20,5.47032E+21,8.36141E+15,4.93838E+16
53457,53458,7,2,32,14,2016,5,0,2,2,7,7,2,0,0,1,0,0,0,1,3.21887E+20,5.54605E+21,6.51251E+15,5.004E+16
53458,53459,7,3,34,12,2016,4,4,7,3,8,1,2,1,0,1,0,0,0,0,4.45961E+20,5.43768E+21,8.25985E+15,4.90896E+16
53459,53460,7,3,17,0,2016,4,14,5,3,2,6,0,0,0,1,0,0,0,0,3.98426E+20,5.45127E+21,7.60551E+15,4.92058E+16
53460,53461,7,1,34,3,2016,4,6,5,3,4,2,0,0,0,1,0,0,0,0,3.67763E+20,5.51313E+21,7.16407E+15,4.97561E+16
53461,53462,7,3,39,25,2016,4,18,6,2,1,2,0,0,0,1,0,1,0,0,4.45129E+20,5.5229E+21,8.23664E+15,4.9856E+16
53462,53463,7,3,15,0,2016,4,18,3,3,3,7,0,0,0,1,0,0,0,1,4.46772E+20,5.53879E+21,8.25731E+15,4.9999E+16
53463,53464,7,3,17,0,2016,4,16,3,3,6,4,0,0,0,1,1,0,0,0,3.98324E+20,5.44994E+21,7.60445E+15,4.91938E+16
53464,53465,7,3,19,0,2016,4,5,6,3,5,3,2,0,0,1,0,0,0,0,4.53393E+20,5.49746E+21,8.35464E+15,4.96279E+16
53465,53466,7,3,34,501,2016,4,4,5,3,0,7,2,0,0,0,0,1,0,0,4.4748E+20,5.43563E+21,8.28092E+15,4.90713E+16
53466,53467,7,3,31,71,2016,4,8,3,3,2,6,0,0,0,1,0,0,0,0,4.43853E+20,5.50527E+21,8.22144E+15,4.96973E+16
53467,53468,7,1,37,228,2016,5,16,1,3,2,6,0,0,0,1,0,0,0,0,3.89775E+20,5.58524E+21,7.44876E+15,5.04089E+16
53468,53469,7,2,33,42,2016,4,14,3,3,0,1,0,0,0,1,0,0,1,0,3.49917E+20,5.56129E+21,6.89767E+15,5.01848E+16
53469,53470,7,3,40,49,2016,5,15,5,3,8,1,0,0,0,1,0,0,0,0,4.13949E+20,5.45054E+21,7.81873E+15,4.92016E+16
53470,53471,7,2,31,134,2016,4,0,3,3,2,6,2,0,0,1,0,0,0,0,3.48955E+20,5.53718E+21,6.89374E+15,4.99678E+16
53471,53472,7,1,31,6,2016,5,1,5,3,0,7,2,0,1,0,0,0,0,0,3.79416E+20,5.59662E+21,7.29937E+15,5.05091E+16
53472,53473,7,2,35,83,2016,5,10,4,3,7,1,0,0,0,0,0,0,1,0,3.4539E+20,5.51583E+21,6.85259E+15,4.9775E+16
53473,53474,7,1,38,65,2016,5,16,7,3,9,1,0,1,0,0,0,1,0,1,3.8787E+20,5.60257E+21,7.41676E+15,5.05643E+16
53474,53475,7,1,38,41,2016,5,1,4,2,4,2,0,0,0,1,0,1,0,0,3.77613E+20,5.60365E+21,7.27164E+15,5.05719E+16
53475,53476,7,2,33,26,2016,4,19,3,3,2,6,1,0,0,1,0,0,0,0,3.29925E+20,5.56792E+21,6.6149E+15,5.0239E+16
53476,53477,7,1,35,20,2016,5,21,1,3,1,5,1,0,0,0,0,1,0,0,3.67934E+20,5.5572E+21,7.15132E+15,5.01523E+16
53477,53478,7,2,31,68,2016,4,12,3,3,4,6,0,0,0,0,0,0,1,0,3.58948E+20,5.53935E+21,7.03219E+15,4.99898E+16
53478,53479,7,1,31,90,2016,5,10,6,3,5,3,0,0,0,1,0,0,0,0,3.60755E+20,5.6053E+21,7.0331E+15,5.0583E+16
53479,53480,7,2,31,134,2016,4,14,3,2,8,7,0,0,0,1,0,0,0,0,3.51103E+20,5.53777E+21,6.92343E+15,4.99737E+16
53480,53481,7,1,41,135,2016,5,14,5,3,0,1,0,0,0,0,0,1,0,0,4.18398E+20,5.57659E+21,7.85335E+15,5.03357E+16
53481,53482,7,3,15,0,2016,5,12,4,3,1,7,0,0,0,0,0,1,0,1,4.46807E+20,5.54046E+21,8.25756E+15,5.00141E+16
53482,53483,7,1,43,242,2016,5,18,7,3,5,3,0,0,0,1,0,0,0,0,4.28302E+20,5.60799E+21,7.98648E+15,5.06194E+16
53483,53484,7,2,31,113,2016,4,6,3,3,5,3,0,0,0,1,0,0,0,0,3.44633E+20,5.53225E+21,6.8355E+15,4.99224E+16
53484,53485,7,2,11,0,2016,5,17,4,3,1,6,0,0,0,1,0,0,0,0,3.28503E+20,5.51355E+21,6.61924E+15,4.975E+16
53485,53486,7,2,32,27,2016,5,7,3,3,4,1,0,1,0,1,0,0,0,0,3.32829E+20,5.53772E+21,6.66881E+15,4.99684E+16
53486,53487,7,3,11,0,2016,4,4,7,3,3,7,2,0,0,1,0,0,0,1,4.50147E+20,5.48557E+21,8.3112E+15,4.95207E+16
53487,53488,7,2,35,68,2016,4,18,3,2,2,6,0,0,0,1,0,0,0,0,3.25867E+20,5.50908E+21,6.58468E+15,4.9709E+16
53488,53489,7,2,11,0,2016,4,18,7,3,2,6,0,0,0,1,0,0,0,0,3.28658E+20,5.51072E+21,6.62264E+15,4.97246E+16
53489,53490,7,2,11,0,2016,5,9,2,3,2,6,0,0,0,1,0,0,0,0,3.2936E+20,5.51442E+21,6.63075E+15,4.9758E+16
53490,53491,7,2,11,0,2016,4,18,7,3,0,1,0,1,0,0,0,1,0,0,3.32992E+20,5.51428E+21,6.6812E+15,4.97578E+16
53491,53492,7,3,35,26,2016,4,21,5,3,4,2,2,0,0,1,0,0,0,0,4.16337E+20,5.48008E+21,7.84531E+15,4.94676E+16
53492,53493,7,2,35,68,2016,4,6,5,2,5,3,0,0,0,1,0,1,0,0,3.24835E+20,5.50791E+21,6.5709E+15,4.96982E+16
53493,53494,7,1,41,29,2016,4,14,6,2,5,3,0,0,1,0,0,1,0,0,4.29189E+20,5.58035E+21,8.00425E+15,5.03709E+16
53494,53495,7,2,11,0,2016,4,19,3,2,1,6,0,0,0,1,0,0,0,0,3.29143E+20,5.51234E+21,6.62865E+15,4.97392E+16
53495,53496,7,1,11,0,2016,4,17,6,3,0,1,0,0,0,0,0,1,0,0,3.96975E+20,5.57796E+21,7.55205E+15,5.03447E+16
53496,53497,7,1,33,6,2016,4,8,3,3,2,2,0,0,0,1,0,0,0,1,4.1805E+20,5.52157E+21,7.86026E+15,4.9841E+16
53497,53498,7,3,39,20,2016,4,15,6,3,8,1,0,0,0,0,0,1,0,0,4.48202E+20,5.52879E+21,8.2786E+15,4.99092E+16
53498,53499,7,3,33,39,2016,4,16,5,3,5,3,0,0,0,1,0,0,0,0,4.2953E+20,5.50228E+21,8.02339E+15,4.96689E+16
53499,53500,7,3,32,27,2016,5,11,7,3,2,6,0,0,0,1,0,0,0,0,4.34951E+20,5.48708E+21,8.10102E+15,4.95329E+16
53500,53501,7,2,35,73,2016,4,18,3,3,4,6,0,0,0,1,0,0,0,0,3.23076E+20,5.51457E+21,6.54351E+15,4.97576E+16
53501,53502,7,3,35,22,2016,5,7,5,3,2,6,0,0,0,1,0,0,0,0,3.94848E+20,5.47423E+21,7.55035E+15,4.94117E+16
53502,53503,7,2,11,0,2016,4,15,3,3,2,6,0,0,0,1,0,0,0,0,3.29384E+20,5.51446E+21,6.63106E+15,4.97584E+16
53503,53504,7,1,37,201,2016,5,10,5,3,5,2,0,0,0,0,0,1,0,1,3.89329E+20,5.56656E+21,7.44796E+15,5.02408E+16
53504,53505,7,1,35,45,2016,5,17,7,3,5,2,0,0,0,1,0,0,0,0,3.67535E+20,5.56529E+21,7.14292E+15,5.02249E+16
53505,53506,7,1,37,212,2016,5,19,4,3,2,6,0,0,0,1,0,0,0,0,3.89256E+20,5.57475E+21,7.44455E+15,5.03145E+16
53506,53507,7,3,32,2,2016,5,12,2,3,4,6,0,0,0,1,0,1,0,0,4.35533E+20,5.47954E+21,8.1103E+15,4.94651E+16
53507,53508,7,1,43,286,2016,4,5,3,3,5,3,1,0,0,1,0,1,0,0,4.33789E+20,5.60686E+21,8.06424E+15,5.06099E+16
53508,53509,7,1,37,81,2016,5,7,2,2,5,3,0,0,0,1,0,0,0,0,3.81389E+20,5.58468E+21,7.33097E+15,5.04022E+16
53509,53510,7,3,36,50,2016,4,16,6,3,8,1,0,0,0,1,0,0,0,0,3.91774E+20,5.49907E+21,7.50118E+15,4.96345E+16
53510,53511,7,1,43,229,2016,4,7,5,3,4,6,0,1,0,1,0,0,0,0,4.16661E+20,5.61339E+21,7.82073E+15,5.06664E+16
53511,53512,7,3,39,30,2016,4,15,2,3,5,3,0,0,1,1,0,0,0,0,4.31982E+20,5.53721E+21,8.05124E+15,4.99834E+16
53512,53513,7,1,43,64,2016,4,12,3,2,8,1,0,0,0,0,0,0,1,0,4.10763E+20,5.60054E+21,7.74039E+15,5.055E+16