FID,OBJECTID,ULAND,UREGBEZ,UKREIS,UGEMEINDE,UJAHR,UMONAT,USTUNDE,UWOCHENTAG,UKATEGORIE,UART,UTYP1,ULICHTVERH,IstStrasse,IstRad,IstPKW,IstFuss,IstKrad,IstGkfz,IstSonstig,LINREFX,LINREFY,XGCSWGS84,YGCSWGS84
53695,53696,7,1,34,36,2016,4,14,1,2,0,1,0,0,0,0,0,1,0,0,3.72254E+20,5.49729E+21,7.23156E+15,4.96147E+16
53696,53697,7,1,41,3,2016,5,16,5,3,8,1,0,0,0,0,0,1,0,0,4.19429E+20,5.57066E+21,7.8691E+15,5.02825E+16
53697,53698,7,2,31,90,2016,4,19,4,3,2,6,1,0,0,0,0,1,0,0,3.57721E+20,5.53093E+21,7.0182E+15,4.99138E+16
53698,53699,7,1,38,44,2016,4,12,2,3,9,1,0,1,0,1,0,0,0,0,3.87415E+20,5.61003E+21,7.40807E+15,5.06313E+16
53699,53700,7,1,38,31,2016,4,13,1,3,4,6,0,0,0,1,0,0,0,0,4.00402E+20,5.59361E+21,7.59604E+15,5.0486E+16
53700,53701,7,1,43,288,2016,5,9,1,3,2,6,0,0,0,1,0,0,0,0,4.21425E+20,5.60627E+21,7.88965E+15,5.0603E+16
53701,53702,7,2,11,0,2016,5,15,6,3,2,6,0,0,0,1,0,1,0,0,3.26273E+20,5.51054E+21,6.58965E+15,4.97222E+16
53702,53703,7,1,38,45,2016,4,17,1,3,2,6,0,0,0,1,0,0,0,0,3.94692E+20,5.58879E+21,7.51693E+15,5.04417E+16
53703,53704,7,2,31,136,2016,5,14,5,3,0,6,0,0,0,1,0,1,0,0,3.56433E+20,5.5369E+21,6.99804E+15,4.99671E+16
53704,53705,7,1,33,107,2016,5,15,4,3,2,2,0,0,0,1,0,0,0,0,4.0679E+20,5.51982E+21,7.70411E+15,4.98236E+16
53705,53706,7,2,33,501,2016,5,17,7,2,5,3,0,0,0,1,0,0,0,0,3.44947E+20,5.56357E+21,6.82718E+15,5.0204E+16
53706,53707,7,1,37,35,2016,4,15,1,3,5,1,0,0,0,1,0,1,0,0,3.57757E+20,5.581E+21,7.00002E+15,5.03638E+16
53707,53708,7,3,31,43,2016,5,17,3,3,5,3,0,0,0,1,0,0,0,0,4.34516E+20,5.51558E+21,8.09024E+15,4.97891E+16
53708,53709,7,1,31,7,2016,4,17,1,3,8,1,0,0,0,0,0,1,0,0,3.69645E+20,5.60315E+21,7.15935E+15,5.05657E+16
53709,53710,7,3,18,0,2016,4,15,7,3,2,6,0,1,0,1,0,0,0,0,4.58082E+20,5.46193E+21,8.42332E+15,4.93087E+16
53710,53711,7,2,33,53,2016,5,7,2,3,2,6,0,0,0,1,0,0,0,0,3.31925E+20,5.57326E+21,6.64057E+15,5.02875E+16
53711,53712,7,3,16,0,2016,4,13,7,3,2,6,0,1,0,1,0,0,0,0,4.39878E+20,5.46451E+21,8.17253E+15,4.93303E+16
53712,53713,7,1,11,0,2016,4,14,6,2,6,4,0,0,0,1,1,0,0,0,3.99587E+20,5.57916E+21,7.58842E+15,5.03559E+16
53713,53714,7,1,33,18,2016,5,9,6,3,2,2,0,0,0,1,0,0,0,1,4.20749E+20,5.5254E+21,7.89701E+15,4.98758E+16
53714,53715,7,3,31,3,2016,4,7,6,3,6,2,0,0,0,1,1,0,0,0,4.36568E+20,5.51077E+21,8.11953E+15,4.9746E+16
53715,53716,7,1,11,0,2016,4,19,1,3,0,6,0,0,1,0,0,0,0,0,3.9815E+20,5.58111E+21,7.5677E+15,5.03732E+16
53716,53717,7,3,40,207,2016,4,19,3,2,9,1,0,2,0,1,0,0,0,0,3.88724E+20,5.45342E+21,7.47177E+15,4.92235E+16
53717,53718,7,3,16,0,2016,4,18,5,3,1,1,0,0,0,1,0,1,0,0,4.3716E+20,5.46581E+21,8.13491E+15,4.93417E+16
53718,53719,7,3,35,44,2016,4,16,7,3,5,3,0,1,0,1,0,0,0,0,3.93379E+20,5.47921E+21,7.52878E+15,4.94562E+16
53719,53720,7,1,40,64,2016,5,23,1,1,6,4,2,0,0,1,1,0,0,0,3.88143E+20,5.54856E+21,7.43662E+15,5.00788E+16
53720,53721,7,3,35,3,2016,4,13,7,3,2,2,0,0,0,0,0,1,0,1,3.85416E+20,5.47424E+21,7.42037E+15,4.941E+16
53721,53722,7,1,40,501,2016,5,18,6,3,9,1,0,0,0,0,0,1,0,0,3.94939E+20,5.56667E+21,7.52657E+15,5.02429E+16
53722,53723,7,3,18,0,2016,4,15,7,2,2,1,0,0,0,1,0,0,0,0,4.55638E+20,5.46708E+21,8.38913E+15,4.93549E+16
53723,53724,7,1,35,20,2016,5,12,5,3,2,6,0,0,0,1,0,1,0,0,3.69048E+20,5.55677E+21,7.16706E+15,5.01487E+16
53724,53725,7,2,31,53,2016,5,15,4,2,2,6,0,0,0,1,0,0,1,0,3.44316E+20,5.52701E+21,6.83319E+15,4.98752E+16
53725,53726,7,1,38,57,2016,5,16,7,3,9,1,0,0,0,0,0,1,0,0,4.01391E+20,5.60682E+21,7.60647E+15,5.06049E+16
53726,53727,7,1,43,12,2016,5,9,4,3,8,7,0,0,0,1,0,0,0,0,4.12472E+20,5.59201E+21,7.76652E+15,5.04735E+16
53727,53728,7,1,38,12,2016,5,9,3,3,5,2,0,1,0,1,0,0,0,0,4.03351E+20,5.60011E+21,7.63591E+15,5.05449E+16
53728,53729,7,3,33,47,2016,4,0,7,2,8,1,2,0,0,1,0,0,0,0,4.30951E+20,5.50602E+21,8.04241E+15,4.97027E+16
53729,53730,7,3,16,0,2016,4,14,7,3,2,1,0,0,0,1,0,0,0,0,4.38132E+20,5.4633E+21,8.14869E+15,4.93193E+16
53730,53731,7,1,37,203,2016,4,10,7,3,4,6,0,1,0,1,0,0,1,0,3.99416E+20,5.58551E+21,7.58432E+15,5.0413E+16
53731,53732,7,1,43,53,2016,5,15,2,3,4,2,0,0,0,1,0,0,0,0,4.15046E+20,5.58545E+21,7.80426E+15,5.0415E+16
53732,53733,7,1,31,7,2016,4,22,7,3,5,3,2,1,0,1,0,0,0,1,3.67359E+20,5.60141E+21,7.12772E+15,5.05495E+16
53733,53734,7,3,38,19,2016,4,15,5,3,4,6,0,0,1,1,0,0,0,0,4.53535E+20,5.47725E+21,8.35899E+15,4.94462E+16
53734,53735,7,1,35,83,2016,4,17,5,3,8,7,0,1,0,0,0,1,1,0,3.55269E+20,5.56424E+21,6.97147E+15,5.02126E+16
53735,53736,7,3,39,30,2016,5,13,4,3,5,3,0,0,0,1,0,0,0,1,4.3107E+20,5.5374E+21,8.03848E+15,4.99849E+16
53736,53737,7,2,35,78,2016,5,15,7,2,5,2,0,0,1,1,0,0,0,0,3.39416E+20,5.51956E+21,6.76814E+15,4.9807E+16
53737,53738,7,3,18,0,2016,4,21,7,3,0,7,2,1,0,0,0,1,0,0,4.5959E+20,5.46206E+21,8.44405E+15,4.93099E+16
53738,53739,7,2,35,26,2016,5,22,4,3,4,6,2,0,0,1,0,0,0,0,3.41368E+20,5.52455E+21,6.7932E+15,4.98524E+16
53739,53740,7,2,32,231,2016,5,18,3,2,8,1,0,0,0,0,0,1,0,0,3.02984E+20,5.56413E+21,6.2395E+15,5.01965E+16
53740,53741,7,3,35,22,2016,4,10,7,2,4,6,0,0,0,1,0,1,0,0,3.93095E+20,5.47184E+21,7.52684E+15,4.93899E+16
53741,53742,7,3,18,0,2016,4,18,7,2,0,7,0,0,1,0,0,0,0,0,4.57671E+20,5.46387E+21,8.41747E+15,4.93261E+16
53742,53743,7,2,32,260,2016,4,16,7,2,8,1,0,0,0,0,0,1,0,0,3.09735E+20,5.55399E+21,6.33903E+15,5.01077E+16
53743,53744,7,2,11,0,2016,5,12,2,3,2,6,0,0,0,1,0,0,0,0,3.29659E+20,5.51352E+21,6.63528E+15,4.975E+16
53744,53745,7,1,34,45,2016,4,20,7,3,6,2,2,0,0,1,1,0,0,0,3.7851E+20,5.50775E+21,7.31488E+15,4.971E+16
53745,53746,7,3,12,0,2016,4,16,5,3,2,6,0,0,0,1,0,0,0,0,4.0957E+20,5.47797E+21,7.75241E+15,4.94477E+16
53746,53747,7,1,35,502,2016,4,16,5,3,9,1,0,0,1,0,0,0,0,0,3.63718E+20,5.5632E+21,7.0902E+15,5.02052E+16
53747,53748,7,1,43,309,2016,4,14,6,3,1,5,0,0,0,1,0,0,0,0,4.35257E+20,5.60527E+21,8.08526E+15,5.05958E+16
53748,53749,7,3,19,0,2016,4,14,7,3,2,1,0,0,0,1,0,0,0,0,4.5328E+20,5.50367E+21,8.35233E+15,4.96838E+16
53749,53750,7,1,37,69,2016,4,9,6,3,5,3,0,0,0,1,0,0,0,0,3.78691E+20,5.58068E+21,7.2943E+15,5.03657E+16
53750,53751,7,3,14,0,2016,4,9,3,2,5,3,0,0,1,1,0,0,0,0,4.59703E+20,5.4808E+21,8.44371E+15,4.94785E+16
53751,53752,7,2,31,107,2016,4,17,6,3,3,6,0,0,0,1,0,0,0,0,3.51586E+20,5.53566E+21,6.93098E+15,4.99548E+16
53752,53753,7,3,14,0,2016,4,17,5,3,1,6,0,0,0,1,0,0,0,0,4.53919E+20,5.48231E+21,8.3637E+15,4.94917E+16
53753,53754,7,3,35,17,2016,5,18,7,3,0,1,0,0,0,0,0,1,0,0,4.05256E+20,5.48444E+21,7.69136E+15,4.95052E+16
53754,53755,7,3,39,49,2016,4,13,7,3,8,1,0,0,0,1,0,0,0,0,4.53843E+20,5.52146E+21,8.35803E+15,4.98438E+16
53755,53756,7,3,36,95,2016,5,12,5,3,5,3,0,0,1,1,0,0,0,0,3.91822E+20,5.49563E+21,7.5028E+15,4.96036E+16
53756,53757,7,3,39,61,2016,4,19,7,2,5,3,0,0,0,1,0,0,0,0,4.37025E+20,5.53621E+21,8.12173E+15,4.99749E+16
53757,53758,7,1,40,84,2016,5,21,5,3,8,1,1,0,0,0,0,1,0,0,3.97627E+20,5.55537E+21,7.5673E+15,5.01417E+16
53758,53759,7,1,38,45,2016,5,13,7,3,1,6,0,0,0,1,0,1,0,0,3.90701E+20,5.58677E+21,7.46134E+15,5.04228E+16
53759,53760,7,1,40,501,2016,5,18,4,3,9,1,0,0,0,0,0,1,0,0,3.98622E+20,5.56257E+21,7.57931E+15,5.02066E+16
53760,53761,7,3,14,0,2016,5,13,2,3,1,6,0,0,0,1,0,0,0,0,4.56039E+20,5.48831E+21,8.3923E+15,4.95458E+16
53761,53762,7,3,39,30,2016,4,15,7,3,4,2,0,0,0,1,0,0,0,0,4.30472E+20,5.53725E+21,8.03017E+15,4.99836E+16
53762,53763,7,1,37,3,2016,5,12,2,3,0,6,0,0,0,1,0,0,1,0,3.75816E+20,5.60004E+21,7.24749E+15,5.05391E+16
53763,53764,7,3,17,0,2016,4,20,6,3,5,3,1,0,0,1,0,0,0,0,3.98047E+20,5.45099E+21,7.60038E+15,4.92032E+16
53764,53765,7,2,33,10,2016,4,16,5,3,9,1,0,0,0,1,0,0,0,0,3.47008E+20,5.57154E+21,6.85282E+15,5.02762E+16
53765,53766,7,1,31,17,2016,4,18,5,2,0,1,0,0,0,0,0,1,0,0,3.61126E+20,5.59926E+21,7.04059E+15,5.05288E+16
53766,53767,7,3,19,0,2016,4,8,2,3,2,6,0,0,0,1,0,0,0,0,4.53738E+20,5.49873E+21,8.35927E+15,4.96394E+16
53767,53768,7,1,37,101,2016,4,13,6,3,1,6,0,0,0,1,0,0,0,1,3.77079E+20,5.57908E+21,7.27218E+15,5.03509E+16
53768,53769,7,3,15,0,2016,4,14,7,3,2,6,0,0,0,1,0,0,0,0,4.43464E+20,5.54167E+21,8.21073E+15,5.00247E+16
53769,53770,7,3,39,19,2016,5,13,6,2,1,2,0,0,0,1,0,0,0,0,4.29796E+20,5.53589E+21,8.02099E+15,4.99712E+16
53770,53771,7,2,33,43,2016,4,19,7,2,9,1,0,1,0,1,0,0,0,0,3.34121E+20,5.55321E+21,6.68011E+15,5.0108E+16
53771,53772,7,1,41,6,2016,4,15,3,2,8,1,1,0,0,0,0,1,0,0,4.09308E+20,5.57598E+21,7.7258E+15,5.03289E+16
53772,53773,7,3,14,0,2016,5,16,5,3,3,6,0,0,0,1,0,0,0,0,4.57675E+20,5.48275E+21,8.41551E+15,4.94959E+16
53773,53774,7,3,31,39,2016,5,17,7,3,4,2,0,0,0,1,0,1,0,0,4.41154E+20,5.50647E+21,8.18382E+15,4.97079E+16
53774,53775,7,3,12,0,2016,4,14,2,3,3,6,0,1,0,1,0,0,1,0,4.06096E+20,5.47769E+21,7.70456E+15,4.94447E+16
53775,53776,7,1,38,43,2016,4,13,6,3,5,3,0,0,0,1,0,1,0,0,3.9229E+20,5.59329E+21,7.48182E+15,5.04816E+16
53776,53777,7,2,31,32,2016,4,10,7,3,9,1,0,1,0,1,0,0,0,0,3.58277E+20,5.51623E+21,7.03131E+15,4.97818E+16
53777,53778,7,3,12,0,2016,4,13,5,2,6,2,0,0,0,1,1,0,0,0,4.0818E+20,5.477E+21,7.73346E+15,4.94387E+16
53778,53779,7,2,31,502,2016,4,17,3,3,5,2,0,1,0,1,0,0,0,0,3.6875E+20,5.52453E+21,7.1739E+15,4.98588E+16
53779,53780,7,3,37,72,2016,5,13,7,1,8,3,0,0,0,1,0,1,0,0,4.25228E+20,5.43216E+21,7.97694E+15,4.90378E+16
53780,53781,7,1,34,71,2016,4,12,7,3,5,3,0,0,0,1,0,0,0,1,3.65715E+20,5.50454E+21,7.1386E+15,4.96784E+16
53781,53782,7,3,36,102,2016,5,14,3,3,2,6,0,0,0,1,0,0,0,0,3.78744E+20,5.47109E+21,7.3294E+15,4.93804E+16
53782,53783,7,3,32,2,2016,5,12,5,2,5,2,0,0,0,1,0,1,0,0,4.31072E+20,5.47824E+21,8.04896E+15,4.94529E+16
53783,53784,7,2,11,0,2016,4,18,7,3,9,1,1,1,0,1,0,0,0,0,3.34833E+20,5.52419E+21,6.70252E+15,4.98473E+16
53784,53785,7,3,35,2,2016,5,18,4,2,4,6,0,0,0,1,0,1,0,0,3.98041E+20,5.47363E+21,7.59452E+15,4.94068E+16
53785,53786,7,3,32,34,2016,4,6,1,2,5,3,0,0,0,0,0,1,1,0,4.34411E+20,5.46961E+21,8.09645E+15,4.93756E+16
53786,53787,7,1,37,101,2016,5,15,7,3,8,1,0,0,0,0,0,1,0,0,3.80778E+20,5.57915E+21,7.32413E+15,5.03524E+16
53787,53788,7,3,40,226,2016,5,12,3,3,2,6,0,0,0,1,0,0,0,0,3.90898E+20,5.45232E+21,7.50191E+15,4.92139E+16
53788,53789,7,3,39,5,2016,5,21,2,3,5,3,2,0,0,1,0,0,0,0,4.21275E+20,5.53347E+21,7.90268E+15,4.99484E+16
53789,53790,7,2,35,26,2016,4,14,7,3,5,2,0,0,0,1,0,0,0,0,3.39643E+20,5.52542E+21,6.76887E+15,4.98597E+16
53790,53791,7,3,36,58,2016,5,3,1,3,8,1,2,1,0,1,0,0,0,0,3.98965E+20,5.49934E+21,7.60067E+15,4.96381E+16
53791,53792,7,3,33,13,2016,4,13,6,3,2,6,0,0,0,1,0,1,0,0,4.22669E+20,5.499E+21,7.92897E+15,4.96386E+16
53792,53793,7,1,31,90,2016,4,16,5,2,4,3,0,0,0,1,0,0,0,0,3.61226E+20,5.60522E+21,7.03977E+15,5.05824E+16
53793,53794,7,3,31,18,2016,4,5,4,3,5,3,1,0,1,1,0,0,0,0,4.57322E+20,5.51096E+21,8.40757E+15,4.97496E+16
53794,53795,7,1,43,78,2016,4,6,2,2,8,1,1,1,0,1,0,0,0,0,4.12876E+20,5.59552E+21,7.77138E+15,5.05052E+16
53795,53796,7,2,35,60,2016,4,11,7,2,0,1,0,0,0,0,0,1,0,0,3.35847E+20,5.51947E+21,6.71861E+15,4.98052E+16
53796,53797,7,2,31,502,2016,5,11,6,3,2,2,0,0,0,0,0,1,0,0,3.63298E+20,5.52319E+21,7.09857E+15,4.98456E+16
53797,53798,7,1,38,77,2016,4,11,7,3,9,1,0,1,0,0,0,1,0,0,3.82536E+20,5.61009E+21,7.3391E+15,5.06308E+16
53798,53799,7,1,40,140,2016,4,21,3,3,5,3,2,0,0,1,0,0,0,0,3.97119E+20,5.55623E+21,7.55997E+15,5.01493E+16
53799,53800,7,2,32,213,2016,5,18,5,3,3,6,0,0,1,1,0,0,0,0,2.98429E+20,5.55013E+21,6.18315E+15,5.00692E+16
53800,53801,7,2,35,8,2016,5,12,7,3,8,7,0,0,0,1,0,0,0,1,3.47908E+20,5.51092E+21,6.88945E+15,4.97316E+16
53801,53802,7,1,32,26,2016,4,17,7,3,8,1,0,1,0,1,0,0,0,0,4.3221E+20,5.61885E+21,8.03972E+15,5.07175E+16
53802,53803,7,3,38,19,2016,5,19,3,2,8,1,0,0,0,0,0,1,0,0,4.53296E+20,5.47439E+21,8.35603E+15,4.94204E+16
53803,53804,7,1,32,76,2016,4,14,7,3,8,2,0,1,0,1,0,0,0,0,4.21252E+20,5.6346E+21,7.88115E+15,5.08577E+16
53804,53805,7,3,34,28,2016,4,5,7,3,8,1,2,1,0,0,0,1,0,0,4.51736E+20,5.45775E+21,8.33653E+15,4.92706E+16
53805,53806,7,3,19,0,2016,5,14,2,2,1,6,0,0,0,0,0,0,1,0,4.46989E+20,5.50231E+21,8.26532E+15,4.9671E+16
53806,53807,7,1,31,3,2016,4,18,1,2,8,1,0,1,0,1,0,1,0,0,3.58122E+20,5.59982E+21,6.99801E+15,5.05331E+16
53807,53808,7,1,37,226,2016,4,14,6,3,3,2,0,0,0,1,0,1,0,0,4.00971E+20,5.58431E+21,7.60652E+15,5.04025E+16
53808,53809,7,3,38,19,2016,5,16,6,2,8,1,0,0,0,0,0,1,0,1,4.53493E+20,5.47854E+21,8.35826E+15,4.94578E+16
53809,53810,7,1,31,90,2016,4,12,7,2,9,1,0,0,0,1,0,0,0,0,3.69714E+20,5.60554E+21,7.15949E+15,5.05872E+16
53810,53811,7,3,32,46,2016,5,12,3,3,0,1,0,1,1,0,0,0,0,0,4.4091E+20,5.47614E+21,8.18501E+15,4.94351E+16
53811,53812,7,3,37,79,2016,5,13,5,3,6,4,0,0,0,1,1,0,0,0,4.19847E+20,5.44384E+21,7.90101E+15,4.91421E+16
53812,53813,7,1,40,117,2016,4,10,7,3,4,6,0,0,0,1,0,0,0,0,3.99868E+20,5.55255E+21,7.59939E+15,5.01167E+16
53813,53814,7,3,38,14,2016,5,16,4,3,2,6,0,0,0,1,0,0,0,0,4.47305E+20,5.47173E+21,8.27379E+15,4.93959E+16
53814,53815,7,2,32,259,2016,4,5,1,3,7,7,1,2,0,1,0,0,0,0,3.0209E+20,5.55643E+21,6.23098E+15,5.0127E+16
53815,53816,7,2,31,54,2016,4,23,6,3,0,7,2,1,0,0,0,1,0,0,3.5745E+20,5.51112E+21,7.0217E+15,4.97357E+16
53816,53817,7,3,12,0,2016,5,8,6,3,5,2,0,0,1,1,0,0,0,0,4.09569E+20,5.47606E+21,7.75283E+15,4.94305E+16
53817,53818,7,3,40,226,2016,4,16,6,3,5,3,0,0,0,1,0,0,0,0,3.8856E+20,5.45289E+21,7.46966E+15,4.92187E+16
53818,53819,7,3,31,55,2016,5,12,1,3,8,1,0,0,0,0,0,1,0,0,4.50584E+20,5.50665E+21,8.31459E+15,4.97103E+16
53819,53820,7,3,32,2,2016,4,17,4,2,8,1,0,0,0,0,0,1,0,0,4.33738E+20,5.47856E+21,8.08568E+15,4.9456E+16
53820,53821,7,1,43,248,2016,4,10,4,2,8,1,0,1,0,1,0,0,0,0,4.22373E+20,5.61609E+21,7.90099E+15,5.06915E+16
53821,53822,7,3,20,0,2016,4,12,6,3,8,7,0,0,0,1,0,0,0,0,3.79649E+20,5.45692E+21,7.34613E+15,4.92532E+16
53822,53823,7,1,43,51,2016,5,15,1,2,5,3,0,0,0,1,0,0,0,0,4.24168E+20,5.58622E+21,7.93247E+15,5.04231E+16
53823,53824,7,3,12,0,2016,4,10,6,3,2,6,0,0,0,1,0,0,0,0,4.12988E+20,5.4794E+21,7.79924E+15,4.9461E+16
53824,53825,7,1,41,29,2016,5,17,6,3,2,6,0,0,0,1,0,1,0,0,4.2937E+20,5.58028E+21,8.00681E+15,5.03704E+16
53825,53826,7,3,12,0,2016,4,13,6,3,2,6,0,0,0,1,0,0,0,0,4.10851E+20,5.47793E+21,7.77009E+15,4.94475E+16
53826,53827,7,2,35,148,2016,5,19,5,2,4,6,0,0,0,1,0,1,0,0,3.25982E+20,5.50521E+21,6.58799E+15,4.96743E+16
53827,53828,7,3,19,0,2016,5,16,4,3,2,7,0,0,0,1,0,0,0,0,4.53447E+20,5.49774E+21,8.35536E+15,4.96305E+16
53828,53829,7,2,32,27,2016,5,10,7,2,4,2,0,0,0,1,0,1,0,0,3.30855E+20,5.53844E+21,6.641E+15,4.99743E+16
53829,53830,7,3,38,19,2016,4,17,6,3,2,6,0,0,0,1,0,0,0,0,4.51396E+20,5.47602E+21,8.32963E+15,4.94349E+16
53830,53831,7,2,31,22,2016,5,6,4,3,9,1,0,0,0,1,0,0,0,0,3.39066E+20,5.52957E+21,6.75912E+15,4.98969E+16
53831,53832,7,3,15,0,2016,5,17,3,3,5,3,0,0,0,1,0,0,0,0,4.49163E+20,5.53652E+21,8.29096E+15,4.99788E+16
53832,53833,7,1,38,73,2016,5,10,1,2,0,1,0,1,0,0,0,1,0,0,3.74918E+20,5.60688E+21,7.23252E+15,5.06004E+16
53833,53834,7,3,37,501,2016,4,5,6,2,7,7,2,0,0,0,0,1,0,0,4.23467E+20,5.45056E+21,7.94936E+15,4.9203E+16
53834,53835,7,3,38,4,2016,4,22,7,3,9,7,2,1,0,1,0,0,0,0,4.53373E+20,5.49233E+21,8.35497E+15,4.95818E+16
53835,53836,7,2,31,25,2016,5,15,2,2,5,2,0,0,0,1,0,0,0,0,3.4733E+20,5.55231E+21,6.86507E+15,5.01034E+16
53836,53837,7,2,32,74,2016,4,21,7,3,5,3,2,1,0,1,0,0,0,0,3.19102E+20,5.54353E+21,6.47485E+15,5.00166E+16
53837,53838,7,3,35,38,2016,4,18,5,3,5,3,0,0,0,1,0,0,0,0,3.9621E+20,5.47908E+21,7.56786E+15,4.94555E+16
53838,53839,7,1,31,41,2016,4,17,5,3,5,3,0,0,0,1,0,0,0,0,3.70581E+20,5.59557E+21,7.1752E+15,5.04978E+16
53839,53840,7,2,33,213,2016,4,16,6,3,7,1,0,0,1,0,0,0,0,0,3.55983E+20,5.56895E+21,6.97968E+15,5.02551E+16
53840,53841,7,3,18,0,2016,4,20,6,3,3,6,1,1,0,1,0,1,0,0,4.56101E+20,5.46074E+21,8.3962E+15,4.92978E+16
53841,53842,7,3,17,0,2016,4,9,3,3,5,2,0,0,0,0,0,0,0,1,3.98528E+20,5.44972E+21,7.60731E+15,4.91919E+16
53842,53843,7,2,31,24,2016,4,21,6,2,9,1,2,0,0,1,0,0,0,0,3.44135E+20,5.53497E+21,6.82746E+15,4.99467E+16
53843,53844,7,3,37,47,2016,4,11,5,3,3,5,0,0,1,0,0,1,0,0,4.40637E+20,5.46141E+21,8.18343E+15,4.93025E+16
53844,53845,7,1,11,0,2016,4,13,5,3,2,6,0,0,0,1,0,0,0,1,3.99785E+20,5.58141E+21,7.59061E+15,5.03762E+16
53845,53846,7,1,37,203,2016,5,19,1,3,8,1,0,0,0,0,0,1,0,0,3.99225E+20,5.59018E+21,7.58038E+15,5.04549E+16
53846,53847,7,1,38,44,2016,6,17,5,3,2,6,0,1,0,1,0,0,0,0,3.90704E+20,5.60524E+21,7.45598E+15,5.05888E+16
53847,53848,7,3,18,0,2016,5,13,2,3,5,3,0,1,0,1,0,0,0,0,4.58609E+20,5.46442E+21,8.43032E+15,4.93311E+16
53848,53849,7,2,33,501,2016,5,20,2,3,8,1,0,1,0,1,0,0,0,0,3.46591E+20,5.56595E+21,6.84924E+15,5.02258E+16
53849,53850,7,3,37,18,2016,6,17,7,2,5,3,0,0,0,1,0,1,0,0,4.30505E+20,5.43669E+21,8.04836E+15,4.90791E+16
53850,53851,7,1,37,219,2016,5,8,6,3,4,6,0,0,0,0,0,0,1,0,3.91195E+20,5.56565E+21,7.47438E+15,5.0233E+16
53851,53852,7,3,15,0,2016,5,11,4,3,0,7,0,0,0,0,1,0,0,1,4.47408E+20,5.53772E+21,8.26632E+15,4.99895E+16
53852,53853,7,3,37,83,2016,5,14,3,2,8,1,0,0,0,0,0,1,0,0,4.22851E+20,5.44957E+21,7.9411E+15,4.91941E+16
53853,53854,7,3,39,43,2016,6,10,2,3,0,1,0,0,1,0,0,0,0,0,4.52594E+20,5.52538E+21,8.34017E+15,4.9879E+16
53854,53855,7,3,37,43,2016,5,21,7,3,8,1,1,0,0,1,0,0,0,0,4.35491E+20,5.44635E+21,8.11508E+15,4.91666E+16
53855,53856,7,3,20,0,2016,5,20,6,3,2,1,1,0,0,1,0,0,1,0,3.81379E+20,5.45397E+21,7.37077E+15,4.9227E+16
53856,53857,7,3,16,0,2016,6,11,6,2,4,2,0,0,0,1,0,0,0,1,4.4299E+20,5.46537E+21,8.21523E+15,4.93384E+16
53857,53858,7,1,37,209,2016,6,13,4,3,2,2,0,1,0,1,0,0,0,1,3.96267E+20,5.58447E+21,7.5403E+15,5.04031E+16
53858,53859,7,3,40,3,2016,5,15,5,2,9,1,0,0,0,0,0,1,0,0,4.04529E+20,5.45605E+21,7.68814E+15,4.92498E+16
53859,53860,7,2,32,263,2016,5,10,4,2,8,1,0,0,0,0,0,0,0,1,2.98243E+20,5.5618E+21,6.17439E+15,5.0174E+16
53860,53861,7,3,31,18,2016,5,19,5,2,2,2,0,0,1,1,0,1,0,0,4.53196E+20,5.50948E+21,8.35047E+15,4.9736E+16
53861,53862,7,1,35,49,2016,5,15,4,2,2,6,0,0,1,0,0,0,0,0,3.73042E+20,5.55896E+21,7.2222E+15,5.01693E+16
53862,53863,7,1,37,89,2016,5,6,2,3,9,1,1,1,0,0,0,1,0,0,3.81992E+20,5.57434E+21,7.34269E+15,5.03094E+16
53863,53864,7,3,37,20,2016,6,14,5,3,4,6,0,0,0,1,0,0,0,0,4.36522E+20,5.4595E+21,8.12714E+15,4.92849E+16
53864,53865,7,1,43,6,2016,5,20,3,2,8,1,0,0,0,0,0,1,0,0,4.05232E+20,5.59448E+21,7.66388E+15,5.04947E+16
53865,53866,7,1,38,30,2016,5,14,6,3,1,6,0,1,0,1,0,0,0,0,3.93429E+20,5.60322E+21,7.49504E+15,5.05712E+16
53866,53867,7,1,31,7,2016,5,13,3,3,2,6,0,1,0,1,0,0,0,0,3.7169E+20,5.60147E+21,7.18879E+15,5.0551E+16
53867,53868,7,2,31,107,2016,5,16,1,2,7,1,0,0,0,0,0,1,0,0,3.53185E+20,5.53592E+21,6.95316E+15,4.99576E+16
53868,53869,7,1,38,45,2016,5,11,7,2,2,2,0,0,0,1,0,1,0,0,3.89821E+20,5.5904E+21,7.44789E+15,5.04553E+16
53869,53870,7,1,40,164,2016,5,17,2,3,2,2,0,0,0,1,0,0,0,0,3.86833E+20,5.52412E+21,7.42551E+15,4.98588E+16
53870,53871,7,3,20,0,2016,6,15,1,3,6,4,0,0,0,1,1,0,0,0,3.81324E+20,5.45675E+21,7.36919E+15,4.9252E+16
53871,53872,7,1,31,52,2016,5,10,1,3,9,1,0,1,0,0,0,1,0,0,3.45273E+20,5.58369E+21,6.82351E+15,5.03849E+16
53872,53873,7,3,37,501,2016,5,7,5,3,2,6,0,1,0,1,0,0,0,0,4.19485E+20,5.45699E+21,7.89341E+15,4.92604E+16
53873,53874,7,1,37,225,2016,5,16,5,2,5,3,0,0,0,1,0,0,0,0,3.94835E+20,5.58488E+21,7.52004E+15,5.04066E+16
53874,53875,7,3,35,17,2016,6,17,4,3,5,3,0,1,0,1,0,0,0,0,4.06031E+20,5.48385E+21,7.70221E+15,4.95E+16
53875,53876,7,1,38,24,2016,5,15,2,2,4,6,0,1,0,1,0,0,0,0,3.82717E+20,5.5931E+21,7.34701E+15,5.04781E+16