FID,OBJECTID,ULAND,UREGBEZ,UKREIS,UGEMEINDE,UJAHR,UMONAT,USTUNDE,UWOCHENTAG,UKATEGORIE,UART,UTYP1,ULICHTVERH,IstStrasse,IstRad,IstPKW,IstFuss,IstKrad,IstGkfz,IstSonstig,LINREFX,LINREFY,XGCSWGS84,YGCSWGS84
53876,53877,7,1,38,40,2016,5,10,5,3,5,3,0,0,0,1,0,0,1,0,3.96411E+20,5.60175E+21,7.53754E+15,5.05585E+16
53877,53878,7,2,32,308,2016,6,13,7,2,8,1,0,0,0,1,0,0,0,0,3.1333E+20,5.56657E+21,6.3831E+15,5.02218E+16
53878,53879,7,3,14,0,2016,5,14,5,3,2,6,0,0,0,1,0,0,0,0,4.5824E+20,5.47945E+21,8.42366E+15,4.94663E+16
53879,53880,7,3,18,0,2016,5,13,1,3,4,2,0,0,0,1,0,0,0,0,4.58527E+20,5.46346E+21,8.42928E+15,4.93225E+16
53880,53881,7,3,12,0,2016,5,17,4,3,3,6,0,0,0,1,0,0,1,0,3.91636E+20,5.47419E+21,7.50611E+15,4.94107E+16
53881,53882,7,1,34,3,2016,5,15,4,3,8,1,0,0,0,1,0,0,0,0,3.70115E+20,5.51395E+21,7.19643E+15,4.9764E+16
53882,53883,7,3,19,0,2016,5,2,7,3,6,6,2,0,0,1,1,0,0,0,4.47192E+20,5.50434E+21,8.26785E+15,4.96893E+16
53883,53884,7,3,15,0,2016,5,14,6,3,5,3,0,0,1,0,0,0,1,0,4.46491E+20,5.53863E+21,8.2534E+15,4.99976E+16
53884,53885,7,3,15,0,2016,6,9,6,2,5,3,0,0,0,1,0,0,0,0,4.41092E+20,5.53896E+21,8.17803E+15,5E+16
53885,53886,7,3,36,3,2016,5,16,3,3,1,6,0,0,0,1,0,0,0,0,3.88438E+20,5.49007E+21,7.45756E+15,4.95529E+16
53886,53887,7,1,43,286,2016,5,10,7,3,5,3,0,0,0,1,0,0,0,0,4.34554E+20,5.60853E+21,8.07475E+15,5.0625E+16
53887,53888,7,1,34,3,2016,5,9,4,2,8,1,0,0,0,1,0,0,0,0,3.65062E+20,5.51071E+21,7.12743E+15,4.97337E+16
53888,53889,7,3,15,0,2016,6,15,2,3,4,2,0,0,0,1,0,1,0,0,4.45546E+20,5.54072E+21,8.23992E+15,5.00163E+16
53889,53890,7,1,38,45,2016,5,16,5,2,2,3,0,0,1,1,0,0,0,0,3.9215E+20,5.58741E+21,7.48154E+15,5.04288E+16
53890,53891,7,3,35,3,2016,5,15,3,2,2,6,0,0,0,1,0,0,1,0,3.85766E+20,5.47125E+21,7.42606E+15,4.93832E+16
53891,53892,7,1,33,6,2016,5,16,7,3,2,6,0,1,0,0,0,1,0,1,4.21691E+20,5.52281E+21,7.91063E+15,4.98526E+16
53892,53893,7,3,34,1,2016,5,18,6,3,5,3,0,0,0,1,0,0,0,0,4.49346E+20,5.44943E+21,8.30474E+15,4.91955E+16
53893,53894,7,3,14,0,2016,6,8,6,3,5,3,0,0,0,1,0,0,0,0,4.58795E+20,5.48151E+21,8.4311E+15,4.94848E+16
53894,53895,7,1,43,12,2016,6,6,4,3,9,6,0,1,0,1,0,0,0,0,4.1069E+20,5.58985E+21,7.74192E+15,5.04538E+16
53895,53896,7,3,12,0,2016,5,16,5,3,1,2,0,0,0,1,0,0,0,0,4.06399E+20,5.47677E+21,7.70897E+15,4.94363E+16
53896,53897,7,2,11,0,2016,5,16,4,3,3,2,0,0,1,1,0,0,0,0,3.31359E+20,5.51503E+21,6.65821E+15,4.97641E+16
53897,53898,7,2,31,82,2016,5,11,5,3,9,1,0,0,0,0,0,1,0,1,3.41598E+20,5.55197E+21,6.78512E+15,5.00988E+16
53898,53899,7,1,37,207,2016,5,5,4,3,3,6,0,0,0,1,0,0,0,1,3.93476E+20,5.57272E+21,7.50436E+15,5.0297E+16
53899,53900,7,3,35,15,2016,5,16,1,3,8,1,0,1,0,0,0,1,0,0,4.19329E+20,5.47514E+21,7.8876E+15,4.94236E+16
53900,53901,7,3,31,73,2016,6,16,5,3,2,6,0,0,0,1,0,0,0,1,4.38381E+20,5.52132E+21,8.14302E+15,4.98411E+16
53901,53902,7,1,32,25,2016,5,10,3,2,5,3,0,0,0,1,0,0,0,0,4.21191E+20,5.62023E+21,7.88336E+15,5.07286E+16
53902,53903,7,1,37,203,2016,5,14,6,2,6,4,0,1,0,1,1,0,0,0,3.98779E+20,5.5867E+21,7.57504E+15,5.04236E+16
53903,53904,7,3,35,26,2016,5,15,2,3,3,6,0,0,0,1,0,0,1,0,4.14884E+20,5.48015E+21,7.82524E+15,4.9468E+16
53904,53905,7,1,43,220,2016,5,10,1,2,7,7,0,0,0,0,0,1,0,0,4.20036E+20,5.59587E+21,7.87226E+15,5.05093E+16
53905,53906,7,1,31,206,2016,5,14,7,3,4,2,0,0,0,1,0,1,0,0,3.63098E+20,5.58654E+21,7.07305E+15,5.0415E+16
53906,53907,7,1,40,82,2016,5,16,2,3,5,3,0,0,0,1,0,0,0,0,3.76225E+20,5.53253E+21,7.27529E+15,4.99323E+16
53907,53908,7,3,37,68,2016,6,9,1,2,8,1,0,0,0,0,0,1,0,0,4.39319E+20,5.44286E+21,8.16811E+15,4.91356E+16
53908,53909,7,3,32,38,2016,5,5,7,3,9,1,0,0,0,1,0,0,0,0,4.35755E+20,5.48743E+21,8.11207E+15,4.9536E+16
53909,53910,7,3,19,0,2016,5,15,5,3,0,1,0,0,1,0,0,0,0,0,4.53011E+20,5.49949E+21,8.3491E+15,4.96462E+16
53910,53911,7,3,37,67,2016,5,13,4,3,4,1,0,0,0,0,0,1,1,0,4.20086E+20,5.45447E+21,7.90218E+15,4.92378E+16
53911,53912,7,3,34,7,2016,6,16,4,3,5,3,0,0,1,1,0,0,0,0,4.53793E+20,5.45131E+21,8.36555E+15,4.92128E+16
53912,53913,7,1,37,224,2016,6,19,3,3,8,1,0,0,1,0,0,0,0,0,4.02619E+20,5.5818E+21,7.63035E+15,5.03801E+16
53913,53914,7,1,40,501,2016,5,14,2,3,9,1,0,1,0,1,0,0,0,0,3.94654E+20,5.56454E+21,7.52317E+15,5.02236E+16
53914,53915,7,1,37,30,2016,5,11,5,3,8,1,0,0,0,0,0,1,0,0,3.82275E+20,5.56919E+21,7.34825E+15,5.02631E+16
53915,53916,7,1,43,293,2016,6,17,7,2,8,7,0,1,0,0,0,1,0,0,4.2828E+20,5.60413E+21,7.98691E+15,5.05846E+16
53916,53917,7,1,34,10,2016,5,20,5,3,4,1,0,0,0,1,0,1,0,0,3.67463E+20,5.5009E+21,7.16405E+15,4.96461E+16
53917,53918,7,1,33,6,2016,5,16,3,3,5,3,0,0,0,1,0,0,0,0,4.19378E+20,5.5208E+21,7.87889E+15,4.98342E+16
53918,53919,7,1,31,36,2016,5,13,4,3,4,6,0,0,0,1,0,1,0,0,3.59167E+20,5.60193E+21,7.01196E+15,5.05523E+16
53919,53920,7,3,36,97,2016,5,19,2,2,8,1,0,0,0,0,0,1,0,0,3.80032E+20,5.49262E+21,7.34061E+15,4.95743E+16
53920,53921,7,3,20,0,2016,5,19,4,1,8,1,0,0,0,1,0,0,0,0,3.79473E+20,5.45706E+21,7.34368E+15,4.92544E+16
53921,53922,7,2,31,503,2016,5,18,7,3,9,1,0,1,0,1,0,0,0,0,3.40379E+20,5.54047E+21,6.77287E+15,4.99952E+16
53922,53923,7,2,31,4,2016,5,17,6,3,1,6,0,0,0,1,0,1,0,0,3.56827E+20,5.5419E+21,7.00168E+15,5.00122E+16
53923,53924,7,2,31,134,2016,6,15,6,3,2,6,0,1,0,1,0,0,0,0,3.49362E+20,5.5388E+21,6.89877E+15,4.99825E+16
53924,53925,7,3,32,46,2016,5,18,3,3,0,7,0,0,0,1,0,0,0,0,4.41819E+20,5.47768E+21,8.19731E+15,4.9449E+16
53925,53926,7,3,40,51,2016,5,5,6,3,5,3,0,0,0,1,0,1,0,0,3.94628E+20,5.45724E+21,7.55182E+15,4.92589E+16
53926,53927,7,1,37,69,2016,5,13,4,3,9,7,0,0,0,0,0,0,0,1,3.77794E+20,5.58162E+21,7.2814E+15,5.03739E+16
53927,53928,7,1,35,1,2016,6,17,2,2,5,3,0,0,0,1,0,0,0,0,3.64431E+20,5.54679E+21,7.10601E+15,5.0058E+16
53928,53929,7,3,32,6,2016,5,12,3,3,0,6,0,1,1,0,0,0,0,0,4.4074E+20,5.49435E+21,8.17992E+15,4.95988E+16
53929,53930,7,1,37,112,2016,6,20,5,3,5,2,0,1,0,1,0,0,0,0,3.80969E+20,5.57791E+21,7.32719E+15,5.03412E+16
53930,53931,7,3,40,206,2016,5,10,2,3,9,7,0,1,0,1,0,0,0,1,3.83974E+20,5.45447E+21,7.40625E+15,4.9232E+16
53931,53932,7,3,15,0,2016,5,15,2,3,8,1,0,0,0,1,0,0,0,0,4.46612E+20,5.53916E+21,8.25502E+15,5.00024E+16
53932,53933,7,3,14,0,2016,5,15,2,3,2,6,0,0,0,1,0,0,0,0,4.57096E+20,5.48432E+21,8.40735E+15,4.951E+16
53933,53934,7,3,13,0,2016,5,23,7,3,1,6,2,0,0,1,0,1,0,0,4.35423E+20,5.44881E+21,8.11375E+15,4.91887E+16
53934,53935,7,3,14,0,2016,5,7,6,2,5,2,0,0,1,0,0,0,1,0,4.58808E+20,5.4784E+21,8.43161E+15,4.94568E+16
53935,53936,7,1,37,88,2016,6,16,1,3,5,3,0,0,0,1,0,0,0,0,3.85348E+20,5.58269E+21,7.38725E+15,5.03851E+16
53936,53937,7,1,43,289,2016,5,17,6,3,1,6,0,0,0,1,0,0,0,1,4.22126E+20,5.60189E+21,7.90047E+15,5.05638E+16
53937,53938,7,1,34,57,2016,5,15,7,3,2,6,0,0,0,1,0,0,0,0,3.73599E+20,5.50542E+21,7.24754E+15,4.96881E+16
53938,53939,7,2,11,0,2016,5,18,4,3,2,6,0,1,0,1,0,0,0,0,3.31691E+20,5.51493E+21,6.66287E+15,4.97632E+16
53939,53940,7,3,15,0,2016,5,16,4,3,2,6,0,0,0,0,0,1,1,0,4.50756E+20,5.53604E+21,8.31324E+15,4.99747E+16
53940,53941,7,1,11,0,2016,5,0,4,3,5,3,2,0,0,1,0,0,0,0,3.99698E+20,5.58054E+21,7.58961E+15,5.03683E+16
53941,53942,7,3,14,0,2016,6,4,2,2,2,6,1,0,0,1,0,1,0,0,4.57047E+20,5.47593E+21,8.40758E+15,4.94345E+16
53942,53943,7,3,38,19,2016,5,17,1,3,2,6,0,1,0,1,0,0,0,0,4.5217E+20,5.47652E+21,8.34024E+15,4.94395E+16
53943,53944,7,1,38,12,2016,6,16,5,3,2,6,0,1,0,1,0,0,0,0,4.00624E+20,5.59912E+21,7.59769E+15,5.05355E+16
53944,53945,7,1,31,7,2016,5,9,3,3,1,6,0,0,0,1,0,0,0,0,3.6761E+20,5.60136E+21,7.13127E+15,5.05492E+16
53945,53946,7,3,16,0,2016,5,12,2,3,5,3,0,1,1,1,0,0,0,0,4.38432E+20,5.46607E+21,8.15239E+15,4.93443E+16
53946,53947,7,3,17,0,2016,5,17,7,3,8,1,0,0,0,0,0,1,0,0,3.97966E+20,5.45503E+21,7.59825E+15,4.92395E+16
53947,53948,7,3,32,24,2016,5,13,6,3,2,6,0,0,0,1,0,0,0,0,4.39695E+20,5.49105E+21,8.16597E+15,4.9569E+16
53948,53949,7,2,32,8,2016,6,11,1,2,8,1,0,0,0,0,0,1,0,0,3.02386E+20,5.53488E+21,6.24622E+15,4.99336E+16
53949,53950,7,3,33,19,2016,5,12,7,3,7,7,0,0,0,1,0,0,1,0,4.31342E+20,5.48887E+21,8.05083E+15,4.95485E+16
53950,53951,7,3,31,32,2016,5,15,4,2,5,3,0,0,0,1,0,0,0,0,4.41847E+20,5.51447E+21,8.19225E+15,4.97799E+16
53951,53952,7,3,11,0,2016,5,16,4,3,6,4,0,0,0,1,1,0,0,0,4.53342E+20,5.48688E+21,8.35519E+15,4.95328E+16
53952,53953,7,1,38,11,2016,5,21,4,3,8,1,2,1,0,1,0,0,0,0,4.00698E+20,5.59924E+21,7.59871E+15,5.05367E+16
53953,53954,7,3,36,91,2016,6,15,2,3,3,6,0,0,0,1,0,0,1,0,3.83523E+20,5.48545E+21,7.391E+15,4.95104E+16
53954,53955,7,1,37,88,2016,5,14,2,3,9,1,0,1,0,1,0,0,0,0,3.86212E+20,5.58179E+21,7.39968E+15,5.03772E+16
53955,53956,7,3,16,0,2016,5,14,4,2,4,7,0,0,0,1,0,0,1,0,4.40105E+20,5.46429E+21,8.17568E+15,4.93284E+16
53956,53957,7,2,33,10,2016,5,3,1,2,8,1,2,1,0,1,0,0,0,0,3.47197E+20,5.57139E+21,6.85554E+15,5.02749E+16
53957,53958,7,1,32,501,2016,6,9,7,2,5,1,0,0,0,1,0,0,0,0,4.03079E+20,5.61612E+21,7.62789E+15,5.06888E+16
53958,53959,7,1,38,45,2016,5,16,5,3,0,1,0,0,0,1,0,0,0,0,3.90343E+20,5.58653E+21,7.45637E+15,5.04206E+16
53959,53960,7,1,41,14,2016,5,17,7,3,1,6,0,0,0,1,0,0,0,0,4.29311E+20,5.57934E+21,8.00615E+15,5.03619E+16
53960,53961,7,3,15,0,2016,6,13,4,3,5,3,0,1,1,1,0,0,0,0,4.44153E+20,5.54147E+21,8.22038E+15,5.00229E+16
53961,53962,7,1,32,72,2016,5,15,3,3,1,6,0,0,0,1,0,0,0,0,4.25935E+20,5.63101E+21,7.94841E+15,5.0826E+16
53962,53963,7,1,37,216,2016,5,19,4,3,2,2,1,0,0,1,0,0,0,0,3.9374E+20,5.58323E+21,7.5051E+15,5.03915E+16
53963,53964,7,1,40,53,2016,5,18,2,3,0,7,0,0,0,1,0,0,0,0,3.71398E+20,5.52646E+21,7.21009E+15,4.98768E+16
53964,53965,7,3,38,7,2016,5,10,4,2,5,2,0,0,0,1,0,0,0,1,4.55704E+20,5.46178E+21,8.39063E+15,4.93072E+16
53965,53966,7,2,31,80,2016,5,15,7,2,3,6,0,0,0,1,0,1,0,0,3.42721E+20,5.55179E+21,6.80088E+15,5.00975E+16
53966,53967,7,1,43,300,2016,5,3,6,3,8,1,2,1,0,1,0,0,0,0,4.21881E+20,5.61273E+21,7.89473E+15,5.06611E+16
53967,53968,7,1,43,300,2016,6,13,6,3,9,1,0,0,0,1,0,0,0,0,4.22195E+20,5.61317E+21,7.89908E+15,5.06652E+16
53968,53969,7,3,38,19,2016,5,10,3,3,5,3,0,0,1,1,0,0,0,0,4.53243E+20,5.47681E+21,8.35501E+15,4.94422E+16
53969,53970,7,3,19,0,2016,5,18,3,3,5,3,0,0,1,1,0,0,0,0,4.53477E+20,5.50525E+21,8.35487E+15,4.9698E+16
53970,53971,7,3,12,0,2016,5,15,6,3,8,1,0,0,0,1,0,0,0,0,4.05812E+20,5.47499E+21,7.70129E+15,4.94203E+16
53971,53972,7,3,15,0,2016,5,15,7,3,6,4,0,0,0,1,1,0,0,0,4.42945E+20,5.53914E+21,8.20386E+15,5.00019E+16
53972,53973,7,1,37,216,2016,5,11,4,3,5,2,0,0,0,1,0,0,0,0,3.94428E+20,5.58412E+21,7.51453E+15,5.03996E+16
53973,53974,7,2,11,0,2016,6,17,2,2,5,3,0,0,0,1,0,0,0,0,3.34825E+20,5.52074E+21,6.70387E+15,4.98164E+16
53974,53975,7,1,11,0,2016,6,11,5,3,1,6,0,0,0,1,0,0,0,0,3.97597E+20,5.58065E+21,7.56005E+15,5.0369E+16
53975,53976,7,3,11,0,2016,5,4,2,2,8,1,2,1,0,1,0,0,0,0,4.55748E+20,5.48884E+21,8.38821E+15,4.95506E+16
53976,53977,7,1,34,45,2016,5,8,2,3,2,6,0,0,0,1,0,0,0,0,3.78762E+20,5.50716E+21,7.31855E+15,4.97047E+16
53977,53978,7,3,15,0,2016,5,7,2,3,1,6,0,1,0,1,0,0,1,0,4.4672E+20,5.5392E+21,8.25652E+15,5.00028E+16
53978,53979,7,3,20,0,2016,6,15,7,2,5,3,0,0,0,1,0,0,0,0,3.81042E+20,5.45699E+21,7.36525E+15,4.92541E+16
53979,53980,7,1,31,502,2016,5,20,6,3,7,7,1,0,0,0,0,1,0,0,3.64276E+20,5.58655E+21,7.08962E+15,5.04153E+16
53980,53981,7,1,43,32,2016,5,13,4,3,3,6,0,0,0,1,0,0,1,0,4.04494E+20,5.58886E+21,7.65491E+15,5.0444E+16
53981,53982,7,3,16,0,2016,5,7,3,3,0,2,0,0,1,1,0,0,0,0,4.40281E+20,5.46904E+21,8.17739E+15,4.93712E+16
53982,53983,7,3,39,5,2016,6,14,2,3,8,1,0,0,0,1,0,0,0,0,4.18241E+20,5.53826E+21,7.85938E+15,4.99911E+16
53983,53984,7,3,12,0,2016,5,16,7,3,3,6,0,1,0,1,0,0,1,0,4.01873E+20,5.47719E+21,7.64644E+15,4.94395E+16
53984,53985,7,1,33,23,2016,5,19,7,3,8,1,0,1,0,1,0,0,0,0,4.11815E+20,5.53498E+21,7.77051E+15,4.99606E+16
53985,53986,7,1,31,6,2016,6,17,4,3,2,6,0,1,0,1,0,0,0,0,3.79087E+20,5.59711E+21,7.29457E+15,5.05135E+16
53986,53987,7,1,11,0,2016,5,13,6,3,3,2,0,0,1,1,0,0,0,0,3.98719E+20,5.58347E+21,7.57507E+15,5.03945E+16
53987,53988,7,3,35,38,2016,5,15,3,3,2,6,0,1,0,1,0,0,0,0,3.95439E+20,5.47533E+21,7.55821E+15,4.94217E+16
53988,53989,7,1,43,250,2016,5,3,1,2,8,1,2,0,0,1,0,0,0,0,4.1045E+20,5.61575E+21,7.7323E+15,5.06867E+16
53989,53990,7,3,11,0,2016,5,5,5,2,9,1,1,0,0,1,0,0,0,0,4.56266E+20,5.48868E+21,8.3954E+15,4.95491E+16
53990,53991,7,2,35,68,2016,5,16,4,3,1,6,0,0,0,1,0,0,0,0,3.25123E+20,5.50784E+21,6.57492E+15,4.96977E+16
53991,53992,7,1,32,115,2016,5,20,2,3,0,6,1,1,0,1,0,0,0,0,3.97356E+20,5.62109E+21,7.54552E+15,5.07325E+16
53992,53993,7,3,36,92,2016,6,17,5,3,2,2,0,0,0,1,0,0,0,0,3.82782E+20,5.47443E+21,7.38402E+15,4.94112E+16
53993,53994,7,1,34,45,2016,5,7,3,3,3,2,0,0,0,1,0,0,0,0,3.78348E+20,5.5086E+21,7.31237E+15,4.97176E+16
53994,53995,7,3,39,65,2016,5,15,6,3,8,1,0,1,0,1,0,0,0,0,4.24643E+20,5.52582E+21,7.95111E+15,4.98801E+16
53995,53996,7,1,32,6,2016,5,15,3,3,5,3,0,1,0,1,0,0,0,0,4.19973E+20,5.62743E+21,7.86454E+15,5.07931E+16
53996,53997,7,1,33,61,2016,5,21,1,3,5,3,1,0,0,1,0,0,0,0,4.11617E+20,5.5232E+21,7.77044E+15,4.98547E+16
53997,53998,7,1,38,59,2016,5,12,1,3,5,1,0,0,1,1,0,0,0,0,4.02969E+20,5.60343E+21,7.62965E+15,5.05747E+16
53998,53999,7,1,37,226,2016,6,10,7,2,0,6,0,0,0,0,0,1,0,0,4.01642E+20,5.58338E+21,7.61619E+15,5.03942E+16
53999,54000,7,1,31,77,2016,5,21,7,3,8,1,2,1,0,0,0,1,0,0,3.74251E+20,5.60177E+21,7.22482E+15,5.05543E+16
54000,54001,7,2,31,502,2016,6,21,4,3,9,1,2,1,0,1,0,0,0,0,3.63991E+20,5.51914E+21,7.10962E+15,4.98093E+16
54001,54002,7,1,43,24,2016,5,9,6,3,4,1,0,1,0,1,0,0,0,0,4.21014E+20,5.58945E+21,7.8874E+15,5.04517E+16
54002,54003,7,1,40,35,2016,5,20,3,3,8,7,0,0,0,1,0,0,0,0,4.00971E+20,5.53754E+21,7.6187E+15,4.9982E+16
54003,54004,7,3,35,38,2016,5,17,3,3,5,3,0,0,0,1,0,0,0,0,3.9621E+20,5.47908E+21,7.56786E+15,4.94555E+16
54004,54005,7,2,33,33,2016,5,22,1,3,2,6,2,0,0,1,0,0,0,0,3.37313E+20,5.56954E+21,6.71773E+15,5.02556E+16
54005,54006,7,3,15,0,2016,5,16,4,3,2,6,0,0,0,1,0,0,0,0,4.47401E+20,5.52996E+21,8.26728E+15,4.99197E+16
54006,54007,7,1,43,12,2016,6,19,6,3,2,6,2,1,0,1,0,0,1,0,4.12123E+20,5.59178E+21,7.76165E+15,5.04714E+16
54007,54008,7,3,15,0,2016,5,16,3,2,0,7,0,0,1,0,0,0,0,0,4.45292E+20,5.54066E+21,8.23639E+15,5.00157E+16
54008,54009,7,3,31,2,2016,5,14,6,2,5,3,0,0,0,1,0,1,0,0,4.53219E+20,5.51334E+21,8.35033E+15,4.97707E+16
54009,54010,7,2,33,7,2016,5,17,3,3,0,3,0,0,0,1,0,1,0,0,3.30645E+20,5.57707E+21,6.6209E+15,5.03214E+16
54010,54011,7,3,14,0,2016,5,18,6,3,2,6,0,1,0,1,0,0,0,0,4.59447E+20,5.48064E+21,8.4402E+15,4.9477E+16
54011,54012,7,2,31,81,2016,5,12,7,3,1,2,0,0,0,1,0,0,0,0,3.56908E+20,5.53128E+21,7.00675E+15,4.99167E+16
54012,54013,7,3,12,0,2016,5,8,3,2,5,3,0,1,0,1,0,0,0,0,4.06475E+20,5.4762E+21,7.71015E+15,4.94312E+16
54013,54014,7,1,32,117,2016,6,20,2,3,3,6,0,0,1,1,0,0,0,0,4.10355E+20,5.62698E+21,7.72823E+15,5.07876E+16
54014,54015,7,3,40,38,2016,5,16,5,2,4,2,0,1,0,1,0,0,0,0,4.01091E+20,5.45472E+21,7.64124E+15,4.92372E+16
54015,54016,7,3,40,54,2016,6,7,4,3,8,1,0,0,0,1,0,0,0,0,4.03759E+20,5.46107E+21,7.67635E+15,4.92948E+16
54016,54017,7,2,32,100,2016,5,22,2,3,8,1,2,1,0,0,0,1,0,0,3.11957E+20,5.53608E+21,6.37885E+15,4.99474E+16
54017,54018,7,3,38,18,2016,6,11,7,3,6,4,0,0,0,1,1,0,0,0,4.4874E+20,5.4813E+21,8.29231E+15,4.94822E+16
54018,54019,7,3,35,37,2016,5,18,5,3,4,6,0,0,0,1,0,1,0,0,3.99628E+20,5.46984E+21,7.61734E+15,4.9373E+16
54019,54020,7,3,32,8,2016,5,17,3,3,4,6,0,1,0,1,0,0,0,1,4.40558E+20,5.48562E+21,8.17871E+15,4.95203E+16
54020,54021,7,1,33,66,2016,5,13,7,2,4,2,0,1,0,1,0,0,0,0,3.95542E+20,5.51687E+21,7.54858E+15,4.97952E+16
54021,54022,7,3,33,9,2016,5,15,6,3,8,1,0,0,0,0,0,1,0,0,4.24858E+20,5.494E+21,7.96023E+15,4.95939E+16
54022,54023,7,3,34,28,2016,6,18,6,2,8,1,0,1,0,1,0,0,0,0,4.52248E+20,5.45826E+21,8.34351E+15,4.92753E+16
54023,54024,7,1,31,7,2016,6,10,4,3,2,6,0,1,0,1,0,0,0,0,3.69488E+20,5.6013E+21,7.15779E+15,5.05491E+16
54024,54025,7,3,40,1,2016,5,16,5,3,1,6,0,0,0,1,0,0,0,0,4.16822E+20,5.43494E+21,7.86137E+15,4.90617E+16
54025,54026,7,3,34,13,2016,5,11,3,3,3,6,0,0,0,1,0,0,0,0,4.42161E+20,5.43512E+21,8.20817E+15,4.90663E+16
54026,54027,7,3,15,0,2016,5,21,5,3,5,3,1,0,0,1,0,0,0,0,4.44172E+20,5.54128E+21,8.22066E+15,5.00212E+16
54027,54028,7,1,31,7,2016,5,10,4,2,2,6,0,0,0,1,0,0,0,0,3.68595E+20,5.6012E+21,7.14522E+15,5.0548E+16
54028,54029,7,1,43,27,2016,5,11,2,3,7,6,0,0,0,1,0,0,1,0,4.19044E+20,5.58958E+21,7.85964E+15,5.04526E+16
54029,54030,7,3,13,0,2016,6,8,5,3,5,3,0,0,0,1,0,0,0,0,4.32563E+20,5.4466E+21,8.07488E+15,4.91685E+16
54030,54031,7,1,43,67,2016,5,18,3,3,2,2,0,0,0,1,0,0,0,0,4.11589E+20,5.59827E+21,7.75259E+15,5.05297E+16
54031,54032,7,1,31,77,2016,5,14,6,3,2,6,0,1,0,1,0,0,0,0,3.75855E+20,5.60191E+21,7.24741E+15,5.05559E+16
54032,54033,7,1,38,34,2016,5,9,3,3,3,6,0,1,0,1,0,0,1,0,4.0171E+20,5.59805E+21,7.6133E+15,5.05261E+16
54033,54034,7,1,41,20,2016,5,10,1,3,9,1,0,0,0,0,0,1,0,0,4.35512E+20,5.56909E+21,8.09509E+15,5.02704E+16
54034,54035,7,1,35,20,2016,5,16,7,3,6,4,0,0,1,0,1,0,0,0,3.69133E+20,5.55726E+21,7.16808E+15,5.01531E+16
54035,54036,7,1,40,81,2016,5,10,2,3,5,3,0,0,0,1,0,0,0,0,3.78503E+20,5.52861E+21,7.30825E+15,4.98975E+16
54036,54037,7,3,35,38,2016,6,15,1,3,2,6,0,0,0,1,0,0,0,0,3.95659E+20,5.47519E+21,7.56128E+15,4.94205E+16
54037,54038,7,1,37,48,2016,5,18,1,3,9,1,0,0,0,0,0,1,0,0,3.85155E+20,5.57566E+21,7.38669E+15,5.03219E+16
54038,54039,7,3,14,0,2016,5,12,5,3,2,6,0,0,0,1,0,1,0,0,4.56042E+20,5.48832E+21,8.39234E+15,4.95458E+16
54039,54040,7,3,16,0,2016,5,12,4,3,5,3,0,0,1,1,0,0,0,0,4.38418E+20,5.4673E+21,8.152E+15,4.93553E+16
54040,54041,7,3,32,41,2016,6,19,4,3,0,1,0,1,1,0,0,0,0,0,4.44023E+20,5.49457E+21,8.22532E+15,4.96011E+16
54041,54042,7,1,38,45,2016,5,12,2,3,9,1,0,1,0,1,0,0,0,0,3.92531E+20,5.59226E+21,7.48551E+15,5.04725E+16
54042,54043,7,1,32,32,2016,5,20,5,3,4,2,0,0,0,1,0,0,0,0,3.95668E+20,5.61153E+21,7.5243E+15,5.06463E+16
54043,54044,7,2,31,80,2016,6,0,7,2,9,1,2,1,1,0,0,0,0,0,3.43219E+20,5.55124E+21,6.80806E+15,5.00927E+16
54044,54045,7,3,39,30,2016,5,11,5,3,1,3,0,0,0,1,0,0,0,0,4.32344E+20,5.5345E+21,8.05676E+15,4.9959E+16
54045,54046,7,3,38,25,2016,5,13,1,3,5,3,0,0,1,1,0,0,0,0,4.54585E+20,5.46875E+21,8.37445E+15,4.93698E+16
54046,54047,7,1,41,135,2016,5,14,7,2,4,1,0,0,0,0,0,1,0,0,4.17099E+20,5.57593E+21,7.83525E+15,5.03297E+16
54047,54048,7,1,37,203,2016,5,15,2,2,8,1,0,0,0,0,0,1,0,0,3.99189E+20,5.59026E+21,7.57984E+15,5.04557E+16
54048,54049,7,1,11,0,2016,6,16,2,3,2,6,0,1,0,1,0,1,0,0,3.99458E+20,5.57993E+21,7.5864E+15,5.03629E+16
54049,54050,7,3,16,0,2016,5,7,5,3,2,6,0,0,0,1,0,0,0,0,4.38357E+20,5.46524E+21,8.15149E+15,4.93367E+16
54050,54051,7,3,35,24,2016,6,7,4,3,0,1,0,0,0,0,0,1,0,0,3.98973E+20,5.47904E+21,7.60598E+15,4.94556E+16
54051,54052,7,1,43,238,2016,5,7,2,2,4,1,0,1,0,1,0,0,1,0,4.27721E+20,5.60371E+21,7.97911E+15,5.05808E+16
54052,54053,7,3,15,0,2016,6,17,7,3,5,3,0,0,1,1,0,0,0,0,4.4682E+20,5.53889E+21,8.25796E+15,5E+16
54053,54054,7,3,38,25,2016,5,6,5,2,4,2,0,0,0,1,0,1,0,0,4.55355E+20,5.46991E+21,8.38492E+15,4.93803E+16
54054,54055,7,1,33,39,2016,5,16,1,3,0,1,0,0,1,1,0,0,0,0,4.11971E+20,5.51363E+21,7.77754E+15,4.97687E+16
54055,54056,7,3,40,20,2016,5,19,4,3,8,1,0,0,0,1,0,0,0,0,4.12258E+20,5.4512E+21,7.79537E+15,4.92073E+16
54056,54057,7,3,34,25,2016,5,16,3,3,0,7,0,1,0,0,1,1,0,0,4.48648E+20,5.44461E+21,8.29577E+15,4.91522E+16