FID,OBJECTID,ULAND,UREGBEZ,UKREIS,UGEMEINDE,UJAHR,UMONAT,USTUNDE,UWOCHENTAG,UKATEGORIE,UART,UTYP1,ULICHTVERH,IstStrasse,IstRad,IstPKW,IstFuss,IstKrad,IstGkfz,IstSonstig,LINREFX,LINREFY,XGCSWGS84,YGCSWGS84
54238,54239,7,3,39,38,2016,5,17,4,3,5,7,0,0,1,1,0,0,0,0,4.20812E+20,5.53308E+21,7.89631E+15,4.99448E+16
54239,54240,7,3,37,20,2016,5,9,4,3,5,3,0,0,0,1,0,0,0,0,4.35914E+20,5.45851E+21,8.11894E+15,4.9276E+16
54240,54241,7,1,11,0,2016,5,16,4,3,3,6,0,0,0,1,0,0,0,0,3.99039E+20,5.57645E+21,7.58145E+15,5.03315E+16
54241,54242,7,3,12,0,2016,5,20,1,3,3,6,0,0,0,1,0,0,0,0,4.12176E+20,5.47849E+21,7.78824E+15,4.94527E+16
54242,54243,7,3,14,0,2016,6,19,5,3,8,1,0,0,0,1,0,0,0,0,4.59585E+20,5.48032E+21,8.44214E+15,4.94741E+16
54243,54244,7,1,32,50,2016,5,10,3,3,4,7,0,0,0,1,0,0,0,0,4.26079E+20,5.62573E+21,7.9515E+15,5.07786E+16
54244,54245,7,1,37,86,2016,5,13,6,2,6,4,0,1,0,1,1,0,0,0,3.84734E+20,5.57854E+21,7.3799E+15,5.03476E+16
54245,54246,7,3,40,206,2016,5,17,2,3,2,6,0,0,0,1,0,0,0,0,3.84216E+20,5.45733E+21,7.40875E+15,4.92577E+16
54246,54247,7,1,43,220,2016,5,14,1,2,4,6,0,0,0,1,0,1,0,0,4.20041E+20,5.59619E+21,7.87226E+15,5.05122E+16
54247,54248,7,1,31,29,2016,5,15,7,3,4,6,0,0,0,1,0,0,0,0,3.54109E+20,5.59117E+21,6.94481E+15,5.04544E+16
54248,54249,7,3,40,54,2016,5,11,1,3,5,2,0,0,0,1,0,1,0,0,3.98547E+20,5.45736E+21,7.60563E+15,4.92606E+16
54249,54250,7,3,36,55,2016,6,9,1,3,1,6,0,0,0,1,0,0,0,0,3.83532E+20,5.48929E+21,7.38998E+15,4.9545E+16
54250,54251,7,3,12,0,2016,5,14,7,3,5,3,0,0,0,1,0,0,0,0,4.10144E+20,5.4764E+21,7.76069E+15,4.94336E+16
54251,54252,7,3,33,19,2016,5,8,5,3,2,6,0,1,0,1,0,1,0,0,4.32866E+20,5.48961E+21,8.07177E+15,4.95554E+16
54252,54253,7,3,37,20,2016,5,14,4,3,2,6,0,0,0,1,0,0,0,0,4.37503E+20,5.45958E+21,8.14061E+15,4.92858E+16
54253,54254,7,3,34,7,2016,6,16,4,3,2,1,0,0,0,1,0,0,0,0,4.54563E+20,5.45306E+21,8.37592E+15,4.92286E+16
54254,54255,7,1,37,228,2016,6,8,3,3,3,6,0,0,0,1,0,0,1,0,3.89646E+20,5.58596E+21,7.44672E+15,5.04153E+16
54255,54256,7,1,31,1,2016,5,12,2,3,2,6,0,1,0,1,0,0,0,0,3.53872E+20,5.58309E+21,6.94461E+15,5.03817E+16
54256,54257,7,1,31,7,2016,5,7,5,3,5,3,0,0,0,1,0,1,0,0,3.66368E+20,5.60134E+21,7.11375E+15,5.05487E+16
54257,54258,7,2,11,0,2016,6,16,7,3,2,6,0,0,0,1,0,0,0,1,3.31094E+20,5.51584E+21,6.65418E+15,4.97712E+16
54258,54259,7,2,33,26,2016,5,11,5,2,9,1,0,0,0,0,0,1,0,0,3.33024E+20,5.56966E+21,6.65756E+15,5.02554E+16
54259,54260,7,3,14,0,2016,5,15,3,3,5,3,0,0,0,1,0,0,0,0,4.55416E+20,5.4821E+21,8.38438E+15,4.94899E+16
54260,54261,7,1,32,96,2016,5,19,3,3,2,6,0,0,0,1,0,0,0,0,4.09426E+20,5.62539E+21,7.71544E+15,5.07732E+16
54261,54262,7,1,37,86,2016,5,13,5,3,2,6,0,0,0,1,0,0,0,0,3.86986E+20,5.57677E+21,7.41207E+15,5.03322E+16
54262,54263,7,3,15,0,2016,5,13,7,3,5,3,0,0,1,1,0,0,0,0,4.45614E+20,5.5407E+21,8.24087E+15,5.00162E+16
54263,54264,7,2,33,42,2016,5,5,6,3,8,1,1,1,0,0,0,1,0,0,3.49685E+20,5.56002E+21,6.89494E+15,5.01733E+16
54264,54265,7,2,32,218,2016,6,21,6,2,9,1,0,1,0,1,0,0,0,0,3.21224E+20,5.52494E+21,6.51306E+15,4.98502E+16
54265,54266,7,3,18,0,2016,5,2,3,3,2,6,2,0,0,1,0,0,0,1,4.57125E+20,5.46689E+21,8.40963E+15,4.93532E+16
54266,54267,7,1,40,112,2016,5,23,7,2,9,1,2,0,0,0,0,1,0,0,4.09945E+20,5.54943E+21,7.74104E+15,5.00903E+16
54267,54268,7,1,31,202,2016,5,18,3,3,0,1,0,1,1,0,0,0,0,0,3.75286E+20,5.59154E+21,7.24284E+15,5.04626E+16
54268,54269,7,3,15,0,2016,6,18,2,3,5,3,0,0,0,1,0,0,0,0,4.47009E+20,5.53892E+21,8.26058E+15,5.00002E+16
54269,54270,7,1,37,227,2016,5,10,5,3,5,3,0,0,0,1,0,0,0,1,3.96598E+20,5.57103E+21,7.54864E+15,5.02824E+16
54270,54271,7,3,32,25,2016,5,15,3,3,8,1,0,1,0,0,0,1,0,0,4.48398E+20,5.4678E+21,8.28935E+15,4.93607E+16
54271,54272,7,1,31,90,2016,6,10,5,2,8,1,0,0,0,0,0,1,0,0,3.6589E+20,5.60315E+21,7.10636E+15,5.05649E+16
54272,54273,7,1,31,90,2016,5,9,3,3,2,6,0,1,0,1,0,0,0,0,3.65019E+20,5.60429E+21,7.09366E+15,5.05749E+16
54273,54274,7,3,15,0,2016,5,16,2,2,5,3,0,0,0,1,0,1,0,0,4.4338E+20,5.54174E+21,8.20953E+15,5.00253E+16
54274,54275,7,3,37,46,2016,5,14,7,2,4,2,0,0,0,1,0,1,0,0,4.29501E+20,5.43352E+21,8.03516E+15,4.90505E+16
54275,54276,7,3,14,0,2016,5,8,6,3,3,2,0,0,1,1,0,0,0,0,4.58724E+20,5.48131E+21,8.43015E+15,4.94831E+16
54276,54277,7,1,37,69,2016,6,14,1,3,2,7,0,0,0,1,0,0,0,0,3.77068E+20,5.58265E+21,7.27085E+15,5.0383E+16
54277,54278,7,2,11,0,2016,5,12,6,3,5,3,0,0,0,1,0,0,0,0,3.32447E+20,5.5161E+21,6.67285E+15,4.9774E+16
54278,54279,7,2,31,204,2016,5,3,7,2,9,1,2,1,0,1,0,0,0,0,3.50838E+20,5.51794E+21,6.92738E+15,4.97954E+16
54279,54280,7,2,32,262,2016,5,7,4,2,8,1,0,0,0,1,0,0,0,0,3.09551E+20,5.55723E+21,6.33486E+15,5.01366E+16
54280,54281,7,3,15,0,2016,5,11,4,3,1,3,0,0,1,1,0,0,0,0,4.44176E+20,5.53954E+21,8.22097E+15,5.00055E+16
54281,54282,7,1,37,228,2016,5,19,4,2,4,2,0,0,0,1,0,0,0,0,3.91825E+20,5.58497E+21,7.47768E+15,5.04068E+16
54282,54283,7,3,14,0,2016,6,10,2,3,8,1,0,0,0,1,0,0,0,0,4.56547E+20,5.48069E+21,8.40016E+15,4.94773E+16
54283,54284,7,3,34,13,2016,5,9,1,2,5,2,0,0,0,1,0,0,0,0,4.4273E+20,5.43744E+21,8.21563E+15,4.90871E+16
54284,54285,7,1,43,53,2016,5,0,1,3,9,1,2,1,0,1,0,0,0,0,4.15742E+20,5.58512E+21,7.81413E+15,5.04121E+16
54285,54286,7,1,41,501,2016,6,14,7,3,1,6,0,0,0,1,0,0,0,0,4.0395E+20,5.56959E+21,7.65218E+15,5.02706E+16
54286,54287,7,1,40,128,2016,5,4,5,2,9,7,1,0,0,1,0,0,0,0,3.80462E+20,5.53981E+21,7.33204E+15,4.99987E+16
54287,54288,7,1,35,82,2016,5,14,7,3,8,1,0,0,0,0,0,1,0,0,3.77285E+20,5.55746E+21,7.28207E+15,5.01567E+16
54288,54289,7,2,31,87,2016,6,21,4,3,8,1,2,1,0,1,0,0,0,0,3.58731E+20,5.52912E+21,7.03292E+15,4.98978E+16
54289,54290,7,1,41,47,2016,5,18,6,3,2,6,0,1,0,1,0,0,0,0,4.11341E+20,5.56472E+21,7.757E+15,5.0228E+16
54290,54291,7,1,37,101,2016,5,8,3,3,2,6,0,0,0,1,0,0,0,0,3.77648E+20,5.57956E+21,7.28001E+15,5.03554E+16
54291,54292,7,1,37,41,2016,5,15,3,3,9,7,0,1,0,1,0,0,0,0,3.8505E+20,5.57039E+21,7.38681E+15,5.02744E+16
54292,54293,7,2,31,206,2016,5,11,1,3,4,1,0,0,0,0,0,1,0,1,3.72964E+20,5.53325E+21,7.22964E+15,4.99381E+16
54293,54294,7,3,31,23,2016,5,9,4,3,5,3,0,0,0,1,0,0,0,0,4.42684E+20,5.50023E+21,8.20596E+15,4.96519E+16
54294,54295,7,1,43,48,2016,5,10,4,3,1,1,0,0,0,1,0,0,1,0,4.17674E+20,5.58866E+21,7.84054E+15,5.04442E+16
54295,54296,7,3,40,502,2016,6,11,2,3,8,1,0,0,0,1,0,0,0,0,4.12759E+20,5.4397E+21,7.80474E+15,4.9104E+16
54296,54297,7,1,35,45,2016,5,22,2,3,2,6,2,1,0,1,0,0,0,1,3.67593E+20,5.56519E+21,7.14377E+15,5.0224E+16
54297,54298,7,2,33,29,2016,5,13,1,2,4,6,0,0,0,1,0,1,0,0,3.324E+20,5.571E+21,6.64822E+15,5.02673E+16
54298,54299,7,1,32,95,2016,6,15,7,3,8,3,0,1,0,1,0,0,0,0,4.1922E+20,5.61808E+21,7.85591E+15,5.07089E+16
54299,54300,7,1,38,45,2016,5,19,5,3,0,3,0,0,1,1,0,0,0,0,3.91207E+20,5.59009E+21,7.4675E+15,5.04527E+16
54300,54301,7,1,41,109,2016,5,15,7,3,9,1,0,0,0,0,0,1,0,0,4.09836E+20,5.55627E+21,7.7379E+15,5.01518E+16
54301,54302,7,3,15,0,2016,6,16,4,2,0,5,0,1,0,1,0,1,0,0,4.46555E+20,5.5397E+21,8.25414E+15,5.00072E+16
54302,54303,7,1,41,68,2016,5,19,3,3,8,6,0,0,0,1,0,0,0,0,4.3076E+20,5.57047E+21,8.02816E+15,5.02823E+16
54303,54304,7,1,40,144,2016,5,12,3,2,4,6,0,1,0,1,0,0,0,1,3.95133E+20,5.53995E+21,7.53664E+15,5.00026E+16
54304,54305,7,1,31,82,2016,5,11,2,2,4,6,0,0,0,1,0,1,0,0,3.45421E+20,5.58987E+21,6.82304E+15,5.04405E+16
54305,54306,7,3,18,0,2016,5,14,4,3,6,4,0,0,1,0,1,0,0,0,4.58627E+20,5.46321E+21,8.43069E+15,4.93202E+16
54306,54307,7,2,33,6,2016,5,13,7,1,4,6,0,0,0,1,0,1,0,0,3.39427E+20,5.56898E+21,6.7476E+15,5.02511E+16
54307,54308,7,1,43,208,2016,5,18,6,3,2,6,0,1,0,1,0,0,0,0,4.23708E+20,5.59294E+21,7.92463E+15,5.04834E+16
54308,54309,7,1,43,256,2016,6,5,6,3,8,1,1,0,0,1,0,0,0,0,4.33786E+20,5.61588E+21,8.06258E+15,5.0691E+16
54309,54310,7,3,37,77,2016,5,19,3,3,2,6,0,0,0,1,0,0,0,0,4.38328E+20,5.45973E+21,8.15193E+15,4.92872E+16
54310,54311,7,3,16,0,2016,5,12,3,3,1,6,0,1,0,1,0,0,0,0,4.3693E+20,5.46487E+21,8.1319E+15,4.93333E+16
54311,54312,7,3,36,10,2016,5,17,6,3,8,1,0,1,0,1,0,0,0,0,3.7508E+20,5.47675E+21,7.27717E+15,4.94306E+16
54312,54313,7,3,39,42,2016,5,14,7,3,2,6,0,0,1,1,0,0,0,0,4.43375E+20,5.52739E+21,8.21158E+15,4.98962E+16
54313,54314,7,1,37,225,2016,5,7,3,3,5,3,0,0,0,1,0,0,0,0,3.95312E+20,5.58556E+21,7.52656E+15,5.04128E+16
54314,54315,7,2,35,133,2016,6,20,2,3,4,1,0,1,0,1,0,0,0,0,3.17433E+20,5.50693E+21,6.46882E+15,4.96872E+16
54315,54316,7,1,11,0,2016,6,14,5,3,3,2,0,0,1,1,0,0,0,0,3.9962E+20,5.58152E+21,7.58825E+15,5.03772E+16
54316,54317,7,3,38,6,2016,5,22,2,1,6,4,2,0,0,1,1,0,0,0,4.52142E+20,5.47384E+21,8.34018E+15,4.94154E+16
54317,54318,7,2,31,33,2016,5,18,2,3,8,1,0,0,0,1,0,1,0,0,3.52489E+20,5.54305E+21,6.94073E+15,5.00215E+16
54318,54319,7,3,15,0,2016,5,16,2,3,4,2,0,1,0,1,0,0,0,0,4.43986E+20,5.53888E+21,8.21842E+15,4.99996E+16
54319,54320,7,3,15,0,2016,5,7,6,3,1,6,0,0,0,1,0,0,0,0,4.45309E+20,5.5383E+21,8.23696E+15,4.99946E+16
54320,54321,7,1,31,55,2016,6,17,1,3,2,6,0,0,0,1,0,0,0,0,3.74147E+20,5.58964E+21,7.22745E+15,5.04452E+16
54321,54322,7,1,35,51,2016,5,6,6,3,2,6,0,0,0,1,0,0,0,0,3.66149E+20,5.56418E+21,7.12389E+15,5.02146E+16
54322,54323,7,1,43,9,2016,5,9,3,1,2,6,0,0,0,1,0,0,1,0,4.07887E+20,5.59655E+21,7.7008E+15,5.05137E+16
54323,54324,7,3,32,19,2016,5,13,3,3,5,3,0,0,0,1,0,0,0,1,4.42781E+20,5.48458E+21,8.20959E+15,4.95111E+16
54324,54325,7,3,37,501,2016,6,16,2,2,0,1,0,0,0,0,0,1,0,0,4.23369E+20,5.4507E+21,7.94798E+15,4.92043E+16
54325,54326,7,1,37,57,2016,5,4,1,3,9,1,2,0,0,1,0,0,0,0,3.80163E+20,5.58371E+21,7.31403E+15,5.03932E+16
54326,54327,7,1,11,0,2016,5,12,7,3,2,1,0,0,0,1,0,0,0,0,3.949E+20,5.58094E+21,7.52205E+15,5.03711E+16
54327,54328,7,1,38,45,2016,6,17,4,3,9,1,0,1,0,1,0,1,0,0,3.96264E+20,5.58974E+21,7.53881E+15,5.04505E+16
54328,54329,7,1,37,35,2016,5,18,6,3,8,1,0,1,0,1,0,0,0,0,3.60801E+20,5.58421E+21,7.0416E+15,5.03934E+16
54329,54330,7,3,35,4,2016,5,10,2,3,2,1,0,1,0,1,0,0,0,0,4.1667E+20,5.47904E+21,7.85011E+15,4.94583E+16
54330,54331,7,3,40,32,2016,5,6,2,3,4,6,0,0,0,1,0,0,0,0,4.05359E+20,5.4545E+21,7.6999E+15,4.92359E+16
54331,54332,7,1,43,286,2016,5,14,1,3,8,1,0,1,0,1,0,0,0,0,4.34668E+20,5.60806E+21,8.07644E+15,5.06207E+16
54332,54333,7,3,38,16,2016,5,11,5,2,2,6,0,0,1,0,0,0,0,0,4.47788E+20,5.4853E+21,8.27864E+15,4.9518E+16
54333,54334,7,2,35,45,2016,5,14,4,2,4,6,0,0,0,1,0,0,0,0,3.4995E+20,5.50327E+21,6.9207E+15,4.96633E+16
54334,54335,7,1,38,71,2016,5,15,2,2,4,6,0,1,0,1,0,0,1,0,3.94775E+20,5.59971E+21,7.51503E+15,5.05398E+16
54335,54336,7,3,40,48,2016,6,11,5,3,8,1,0,1,0,1,0,0,0,0,3.91662E+20,5.44325E+21,7.51484E+15,4.91325E+16
54336,54337,7,2,32,123,2016,5,15,3,3,5,3,0,1,0,1,0,0,0,0,3.30696E+20,5.53324E+21,6.64106E+15,4.99275E+16
54337,54338,7,3,15,0,2016,5,6,6,3,2,6,0,0,0,1,0,0,0,0,4.4486E+20,5.53421E+21,8.23128E+15,4.99577E+16
54338,54339,7,1,38,19,2016,5,14,3,3,7,7,0,1,0,1,0,0,0,1,3.75967E+20,5.60465E+21,7.24807E+15,5.05806E+16
54339,54340,7,3,37,6,2016,5,10,1,2,8,1,0,0,0,0,0,1,0,0,4.31691E+20,5.43858E+21,8.06428E+15,4.90962E+16
54340,54341,7,1,41,22,2016,5,12,7,3,8,1,0,0,0,0,0,1,0,0,4.26316E+20,5.57716E+21,7.96449E+15,5.03419E+16
54341,54342,7,3,40,225,2016,5,7,1,2,9,1,0,0,0,1,0,0,0,0,3.9518E+20,5.4659E+21,7.55713E+15,4.93369E+16
54342,54343,7,1,37,203,2016,6,18,2,3,2,6,0,1,0,1,0,0,0,0,3.9956E+20,5.58546E+21,7.58636E+15,5.04126E+16
54343,54344,7,3,16,0,2016,5,15,5,3,0,1,0,1,0,1,1,0,0,0,4.37186E+20,5.46679E+21,8.13511E+15,4.93506E+16
54344,54345,7,3,36,102,2016,6,5,4,3,2,6,0,0,0,1,0,0,1,0,3.82105E+20,5.47011E+21,7.37597E+15,4.93723E+16
54345,54346,7,1,34,45,2016,5,15,2,3,2,6,0,1,0,1,0,0,0,0,3.78533E+20,5.50771E+21,7.31521E+15,4.97096E+16
54346,54347,7,1,37,43,2016,6,20,6,3,2,6,0,1,0,1,0,0,0,0,3.74735E+20,5.57091E+21,7.24195E+15,5.02771E+16
54347,54348,7,3,39,43,2016,5,15,3,3,5,2,0,0,0,1,0,1,0,0,4.53175E+20,5.52423E+21,8.3484E+15,4.98687E+16
54348,54349,7,3,31,23,2016,5,17,6,3,8,1,0,1,0,1,0,0,0,0,4.42394E+20,5.50184E+21,8.20171E+15,4.96663E+16
54349,54350,7,2,33,233,2016,5,13,3,3,0,1,0,1,1,0,0,0,0,0,3.54658E+20,5.57493E+21,6.95881E+15,5.03085E+16
54350,54351,7,3,34,28,2016,5,12,6,2,8,1,0,1,0,1,0,0,0,0,4.51803E+20,5.45747E+21,8.33749E+15,4.92681E+16
54351,54352,7,2,32,322,2016,5,19,7,3,5,3,0,0,0,1,0,1,0,0,3.11593E+20,5.55221E+21,6.36588E+15,5.00922E+16
54352,54353,7,3,36,58,2016,5,10,2,3,2,6,0,0,0,1,0,0,0,0,3.98265E+20,5.50132E+21,7.59046E+15,4.96559E+16
54353,54354,7,1,38,24,2016,6,4,2,3,9,7,2,0,0,1,0,0,0,0,3.82658E+20,5.59324E+21,7.34613E+15,5.04793E+16
54354,54355,7,1,40,125,2016,5,6,6,3,8,6,0,0,0,1,0,0,1,0,4.03801E+20,5.54287E+21,7.65682E+15,5.00304E+16
54355,54356,7,1,38,44,2016,6,16,5,2,3,6,0,1,0,1,0,0,0,0,3.90437E+20,5.60553E+21,7.45211E+15,5.05914E+16
54356,54357,7,3,11,0,2016,5,5,2,3,0,7,1,1,0,1,0,0,0,0,4.54317E+20,5.48709E+21,8.36864E+15,4.95347E+16
54357,54358,7,2,33,20,2016,5,16,2,3,2,6,0,0,0,1,0,0,0,0,3.44909E+20,5.56877E+21,6.82453E+15,5.02507E+16
54358,54359,7,3,38,17,2016,6,9,7,3,5,3,0,1,0,1,0,0,0,0,4.56867E+20,5.47307E+21,8.40541E+15,4.94088E+16
54359,54360,7,1,11,0,2016,5,7,6,3,3,6,0,0,1,1,0,0,0,0,3.9866E+20,5.58345E+21,7.57424E+15,5.03944E+16
54360,54361,7,3,12,0,2016,5,8,2,3,2,6,0,0,0,1,0,0,0,0,4.05847E+20,5.48001E+21,7.70058E+15,4.94655E+16
54361,54362,7,3,14,0,2016,5,10,7,3,5,3,0,0,0,0,0,1,0,1,4.53771E+20,5.48228E+21,8.36166E+15,4.94914E+16
54362,54363,7,3,33,39,2016,5,18,6,3,9,1,0,0,0,0,0,1,0,0,3.85181E+20,5.4542E+21,7.42291E+15,4.92298E+16
54363,54364,7,3,34,7,2016,6,22,6,3,2,6,1,0,0,1,0,0,0,0,4.53087E+20,5.45245E+21,8.35573E+15,4.92231E+16
54364,54365,7,1,11,0,2016,6,13,4,3,2,6,0,1,0,1,0,0,0,0,3.98201E+20,5.57634E+21,7.5697E+15,5.03304E+16
54365,54366,7,3,35,47,2016,5,14,5,3,8,1,0,0,0,0,0,1,0,0,4.1496E+20,5.46504E+21,7.82953E+15,4.93322E+16
54366,54367,7,3,12,0,2016,5,17,2,2,5,3,0,0,0,1,0,1,0,0,4.12579E+20,5.4776E+21,7.794E+15,4.94448E+16
54367,54368,7,3,39,30,2016,5,6,5,3,5,3,1,0,0,1,0,0,0,0,4.30374E+20,5.53743E+21,8.02877E+15,4.99851E+16
54368,54369,7,1,31,502,2016,5,16,4,3,5,3,0,0,0,1,0,0,0,1,3.66568E+20,5.58672E+21,7.1218E+15,5.04174E+16
54369,54370,7,1,11,0,2016,5,17,2,3,2,6,0,0,0,1,0,0,0,1,3.99534E+20,5.5807E+21,7.58726E+15,5.03698E+16
54370,54371,7,3,37,7,2016,6,21,5,3,8,6,1,0,0,1,0,1,0,0,4.34309E+20,5.44437E+21,8.09919E+15,4.91486E+16
54371,54372,7,1,43,6,2016,5,20,3,3,0,1,0,1,0,0,0,1,0,0,4.0592E+20,5.59405E+21,7.67368E+15,5.04908E+16
54372,54373,7,1,38,44,2016,5,7,6,3,5,3,0,0,0,1,0,0,0,0,3.87376E+20,5.61015E+21,7.40748E+15,5.06323E+16
54373,54374,7,1,37,3,2016,5,12,3,2,5,3,0,1,0,1,0,0,0,0,3.88261E+20,5.58689E+21,7.42696E+15,5.04234E+16
54374,54375,7,1,34,81,2016,5,20,1,3,8,1,0,0,0,1,0,0,0,0,3.70306E+20,5.51559E+21,7.19853E+15,4.97788E+16
54375,54376,7,1,35,72,2016,5,17,7,2,5,3,0,0,0,1,0,1,0,0,3.76532E+20,5.55885E+21,7.27109E+15,5.0169E+16
54376,54377,7,3,40,57,2016,5,15,1,3,0,2,0,0,0,0,0,1,0,0,4.16702E+20,5.45063E+21,7.8565E+15,4.92028E+16
54377,54378,7,3,12,0,2016,6,6,1,2,8,1,1,1,0,1,0,0,0,0,4.07361E+20,5.47818E+21,7.72189E+15,4.94492E+16
54378,54379,7,1,31,3,2016,5,1,1,3,9,1,2,0,0,1,0,0,0,0,3.5662E+20,5.59722E+21,6.97784E+15,5.05093E+16
54379,54380,7,3,38,9,2016,5,7,5,2,3,6,0,0,1,1,0,0,0,0,4.50562E+20,5.49216E+21,8.3161E+15,4.958E+16
54380,54381,7,3,32,24,2016,5,8,4,3,2,6,0,0,0,1,0,0,0,0,4.41022E+20,5.48916E+21,8.1846E+15,4.95521E+16
54381,54382,7,3,32,35,2016,6,10,4,3,5,2,0,0,1,0,0,0,0,1,4.45029E+20,5.47331E+21,8.2422E+15,4.941E+16
54382,54383,7,1,32,39,2016,5,15,2,3,2,6,0,0,0,1,0,0,0,0,4.16513E+20,5.62212E+21,7.81667E+15,5.07448E+16
54383,54384,7,1,32,25,2016,5,17,5,3,6,4,0,0,0,1,1,0,0,0,4.21168E+20,5.62037E+21,7.88301E+15,5.07298E+16
54384,54385,7,2,31,51,2016,6,6,7,2,8,1,1,0,0,1,0,0,0,0,3.38882E+20,5.53214E+21,6.75548E+15,4.99199E+16
54385,54386,7,3,39,43,2016,5,11,5,3,1,6,0,0,0,1,0,0,0,0,4.52678E+20,5.52515E+21,8.34138E+15,4.98769E+16
54386,54387,7,1,33,108,2016,5,17,1,3,1,6,0,0,0,1,0,0,0,0,4.15865E+20,5.53093E+21,7.82784E+15,4.99248E+16
54387,54388,7,3,35,22,2016,5,14,4,3,2,6,0,0,0,1,0,0,0,1,3.95351E+20,5.47447E+21,7.55723E+15,4.94139E+16
54388,54389,7,3,14,0,2016,5,7,2,3,1,6,0,0,0,1,0,0,0,0,4.50176E+20,5.48133E+21,8.31214E+15,4.94825E+16
54389,54390,7,3,39,10,2016,5,22,7,3,8,1,2,1,0,0,0,1,0,0,4.47905E+20,5.51887E+21,8.27579E+15,4.982E+16
54390,54391,7,3,19,0,2016,6,18,7,3,5,3,0,0,0,1,0,1,0,0,4.52903E+20,5.49724E+21,8.34788E+15,4.96259E+16
54391,54392,7,3,13,0,2016,5,16,5,2,2,6,0,0,0,1,0,0,0,1,4.36367E+20,5.45158E+21,8.12626E+15,4.92137E+16
54392,54393,7,2,33,52,2016,5,16,1,2,8,1,0,0,0,0,0,1,0,0,3.40495E+20,5.55889E+21,6.7668E+15,5.01608E+16
54393,54394,7,1,38,77,2016,5,8,5,3,2,6,0,0,0,1,0,0,1,0,3.85299E+20,5.6102E+21,7.37811E+15,5.06324E+16
54394,54395,7,3,16,0,2016,5,19,2,3,5,2,0,0,0,1,0,1,0,0,4.39217E+20,5.46626E+21,8.16316E+15,4.9346E+16
54395,54396,7,3,33,13,2016,5,12,7,3,8,1,0,0,1,0,0,0,0,0,4.24323E+20,5.49836E+21,7.95199E+15,4.96331E+16
54396,54397,7,3,33,13,2016,5,4,6,3,9,1,1,1,0,1,0,0,0,0,4.24791E+20,5.49892E+21,7.95837E+15,4.96382E+16
54397,54398,7,3,14,0,2016,6,12,6,3,2,6,0,0,0,1,0,0,0,0,4.59527E+20,5.48027E+21,8.44133E+15,4.94737E+16
54398,54399,7,3,20,0,2016,5,10,3,3,8,1,0,1,0,1,0,0,0,0,3.81362E+20,5.45556E+21,7.37007E+15,4.92413E+16
54399,54400,7,3,37,45,2016,5,22,5,3,8,1,2,0,0,0,0,1,0,0,4.32009E+20,5.43895E+21,8.06856E+15,4.90997E+16
54400,54401,7,3,13,0,2016,5,16,2,3,2,6,0,0,0,1,0,0,1,0,4.35609E+20,5.44657E+21,8.11667E+15,4.91686E+16
54401,54402,7,1,38,47,2016,5,15,5,3,8,1,0,0,0,0,0,1,0,0,3.91376E+20,5.59353E+21,7.46888E+15,5.04837E+16
54402,54403,7,1,38,74,2016,5,22,4,1,6,7,2,0,0,1,1,0,0,0,3.99045E+20,5.60121E+21,7.57486E+15,5.05541E+16
54403,54404,7,3,35,48,2016,5,15,1,2,8,1,0,0,0,0,0,1,0,0,4.1639E+20,5.47242E+21,7.84766E+15,4.93987E+16
54404,54405,7,2,31,103,2016,6,15,5,2,4,6,0,0,0,1,0,0,0,0,3.53872E+20,5.53089E+21,6.96463E+15,4.99125E+16
54405,54406,7,1,38,45,2016,5,11,3,3,0,7,0,0,0,1,0,0,0,0,3.94725E+20,5.58812E+21,7.51759E+15,5.04357E+16
54406,54407,7,1,11,0,2016,5,15,6,2,2,2,0,1,1,1,0,0,0,0,4.01775E+20,5.58003E+21,7.61895E+15,5.03641E+16
54407,54408,7,3,12,0,2016,5,11,2,3,2,6,0,0,0,1,0,0,1,0,4.01011E+20,5.47669E+21,7.63469E+15,4.94348E+16
54408,54409,7,1,40,120,2016,5,9,1,3,9,1,0,0,0,1,0,0,0,0,3.74662E+20,5.53376E+21,7.25312E+15,4.99431E+16
54409,54410,7,1,31,50,2016,5,10,7,3,2,6,0,0,0,1,0,0,0,1,3.55914E+20,5.57941E+21,6.97472E+15,5.03491E+16
54410,54411,7,3,35,501,2016,5,11,1,3,2,6,0,0,0,1,0,0,0,0,3.95088E+20,5.48371E+21,7.55116E+15,4.94969E+16
54411,54412,7,1,33,6,2016,6,17,1,3,5,3,0,1,0,1,0,0,0,0,4.18416E+20,5.52289E+21,7.86507E+15,4.98528E+16
54412,54413,7,3,16,0,2016,5,21,7,3,2,7,2,0,0,1,0,0,0,0,4.38416E+20,5.46549E+21,8.15225E+15,4.9339E+16
54413,54414,7,3,15,0,2016,5,8,5,3,2,6,0,0,0,1,0,0,0,0,4.44212E+20,5.54179E+21,8.22115E+15,5.00258E+16
54414,54415,7,3,14,0,2016,5,10,4,3,5,2,0,0,0,1,0,0,0,0,4.57491E+20,5.48158E+21,8.4131E+15,4.94854E+16
54415,54416,7,3,37,27,2016,6,6,4,3,5,3,0,0,0,1,0,0,0,0,4.43145E+20,5.4573E+21,8.21851E+15,4.92658E+16
54416,54417,7,1,43,287,2016,5,8,4,3,5,2,0,0,0,1,0,0,0,0,4.06493E+20,5.60571E+21,7.67884E+15,5.05958E+16
54417,54418,7,1,11,0,2016,6,9,3,3,2,6,0,0,0,1,0,0,0,0,4.01367E+20,5.57962E+21,7.61332E+15,5.03604E+16
54418,54419,7,1,37,226,2016,5,16,2,3,2,6,0,0,0,1,0,0,0,0,4.01475E+20,5.58372E+21,7.61376E+15,5.03973E+16