FID,OBJECTID,ULAND,UREGBEZ,UKREIS,UGEMEINDE,UJAHR,UMONAT,USTUNDE,UWOCHENTAG,UKATEGORIE,UART,UTYP1,ULICHTVERH,IstStrasse,IstRad,IstPKW,IstFuss,IstKrad,IstGkfz,IstSonstig,LINREFX,LINREFY,XGCSWGS84,YGCSWGS84
54419,54420,7,1,41,85,2016,6,18,7,2,9,1,0,1,0,1,0,0,0,0,4.15866E+20,5.56542E+21,7.82027E+15,5.0235E+16
54420,54421,7,2,11,0,2016,5,7,5,3,5,3,0,0,1,1,0,0,0,0,3.34652E+20,5.51164E+21,6.70534E+15,4.97345E+16
54421,54422,7,1,33,6,2016,6,15,4,3,2,6,0,0,0,1,0,0,0,0,4.18856E+20,5.52157E+21,7.87147E+15,4.98411E+16
54422,54423,7,3,33,10,2016,5,13,3,3,5,3,0,0,0,1,0,0,0,0,4.30131E+20,5.49839E+21,8.0324E+15,4.96341E+16
54423,54424,7,3,37,68,2016,5,11,2,3,6,7,0,0,0,1,1,0,0,0,4.36353E+20,5.44309E+21,8.12742E+15,4.91373E+16
54424,54425,7,3,31,29,2016,5,18,2,3,8,1,0,0,0,1,0,0,0,0,4.40697E+20,5.52003E+21,8.17542E+15,4.98297E+16
54425,54426,7,3,32,27,2016,5,19,4,3,2,6,0,0,0,1,0,0,0,0,4.34213E+20,5.48684E+21,8.09087E+15,4.95306E+16
54426,54427,7,2,31,503,2016,5,18,7,3,8,1,0,1,0,1,0,0,0,0,3.36962E+20,5.54176E+21,6.72468E+15,5.00059E+16
54427,54428,7,2,31,107,2016,5,5,6,3,4,6,0,1,0,1,0,0,1,0,3.52615E+20,5.53614E+21,6.94514E+15,4.99594E+16
54428,54429,7,2,35,114,2016,6,17,6,3,1,1,0,1,0,1,0,0,0,0,3.47051E+20,5.50412E+21,6.88022E+15,4.96702E+16
54429,54430,7,3,32,14,2016,5,6,3,3,1,2,0,1,0,1,0,0,0,1,4.148E+20,5.46537E+21,7.82725E+15,4.93351E+16
54430,54431,7,3,20,0,2016,5,23,6,3,1,7,2,1,0,1,0,0,0,0,3.81739E+20,5.45721E+21,7.37476E+15,4.92562E+16
54431,54432,7,1,33,501,2016,5,11,7,3,0,3,0,0,0,1,0,0,0,0,4.03007E+20,5.51535E+21,7.65266E+15,4.97828E+16
54432,54433,7,3,18,0,2016,5,15,2,3,2,6,0,0,0,1,0,0,1,0,4.59587E+20,5.46207E+21,8.44402E+15,4.931E+16
54433,54434,7,1,35,13,2016,6,5,2,2,7,7,1,0,0,0,0,1,0,0,3.66853E+20,5.54423E+21,7.14072E+15,5.00355E+16
54434,54435,7,1,37,69,2016,6,18,5,3,4,2,0,1,0,1,0,0,0,0,3.76604E+20,5.58172E+21,7.26464E+15,5.03746E+16
54435,54436,7,3,20,0,2016,5,18,2,3,5,3,0,0,0,1,0,0,0,1,3.81771E+20,5.45597E+21,7.37556E+15,4.9245E+16
54436,54437,7,3,31,71,2016,5,8,2,3,3,6,0,1,0,1,0,0,1,0,4.44771E+20,5.50467E+21,8.23425E+15,4.9692E+16
54437,54438,7,3,33,19,2016,5,16,2,3,5,3,0,0,1,1,0,0,0,0,4.33238E+20,5.4896E+21,8.07693E+15,4.95553E+16
54438,54439,7,3,37,23,2016,5,13,7,3,8,1,0,0,1,0,0,0,0,0,4.40022E+20,5.45371E+21,8.17613E+15,4.92332E+16
54439,54440,7,1,33,103,2016,5,13,6,3,5,3,0,0,1,0,0,0,0,0,4.12254E+20,5.53319E+21,7.77704E+15,4.99446E+16
54440,54441,7,3,15,0,2016,5,15,6,3,0,2,0,0,0,1,0,0,0,1,4.47998E+20,5.53925E+21,8.27434E+15,5.00033E+16
54441,54442,7,2,35,60,2016,6,9,6,3,3,6,0,0,0,1,0,0,0,0,3.36194E+20,5.5196E+21,6.72337E+15,4.98065E+16
54442,54443,7,3,36,9,2016,5,8,3,3,4,1,0,1,0,1,0,0,1,0,3.91273E+20,5.48878E+21,7.49709E+15,4.95418E+16
54443,54444,7,1,43,33,2016,5,9,7,3,9,1,0,0,0,0,0,1,0,0,4.15805E+20,5.58515E+21,7.81501E+15,5.04123E+16
54444,54445,7,3,38,18,2016,5,14,2,3,5,2,0,0,0,1,0,1,0,0,4.48583E+20,5.48129E+21,8.29015E+15,4.9482E+16
54445,54446,7,3,15,0,2016,6,14,2,3,5,3,0,1,0,1,0,0,0,0,4.42954E+20,5.53914E+21,8.20397E+15,5.00018E+16
54446,54447,7,1,35,30,2016,5,12,5,2,8,1,0,0,0,0,0,1,0,0,3.55927E+20,5.55971E+21,6.9824E+15,5.0172E+16
54447,54448,7,3,36,102,2016,5,15,3,2,9,1,0,0,0,1,0,0,1,0,3.83326E+20,5.4702E+21,7.39276E+15,4.93733E+16
54448,54449,7,1,32,6,2016,6,14,5,3,3,6,0,0,1,1,0,0,0,0,4.20525E+20,5.62712E+21,7.87245E+15,5.07903E+16
54449,54450,7,1,37,3,2016,5,10,3,3,5,3,0,0,0,1,0,0,0,0,3.86814E+20,5.58662E+21,7.40668E+15,5.04207E+16
54450,54451,7,3,14,0,2016,5,9,2,3,1,6,0,0,0,1,0,0,1,0,4.57096E+20,5.48432E+21,8.40735E+15,4.951E+16
54451,54452,7,3,17,0,2016,5,11,7,3,2,6,0,0,0,1,0,0,0,0,3.98541E+20,5.45109E+21,7.60714E+15,4.92042E+16
54452,54453,7,3,34,16,2016,5,16,6,2,5,3,0,0,1,1,0,0,0,0,4.5308E+20,5.44162E+21,8.35689E+15,4.91256E+16
54453,54454,7,3,35,17,2016,5,14,1,3,2,7,0,0,0,1,0,0,0,1,4.05827E+20,5.48411E+21,7.69932E+15,4.95023E+16
54454,54455,7,2,31,79,2016,6,15,1,3,5,3,0,1,0,1,0,0,0,0,3.54088E+20,5.50662E+21,6.97676E+15,4.96944E+16
54455,54456,7,3,31,27,2016,5,15,6,2,9,1,0,0,0,0,0,1,0,0,4.33254E+20,5.50746E+21,8.0741E+15,4.9716E+16
54456,54457,7,3,33,39,2016,5,11,7,3,5,3,0,0,0,1,0,0,0,0,4.29612E+20,5.5022E+21,8.02454E+15,4.96682E+16
54457,54458,7,3,15,0,2016,5,17,4,3,2,2,0,0,0,1,0,0,0,0,4.47606E+20,5.53674E+21,8.26921E+15,4.99807E+16
54458,54459,7,3,14,0,2016,5,9,4,3,2,6,0,0,0,1,0,0,1,0,4.56018E+20,5.48812E+21,8.39203E+15,4.95441E+16
54459,54460,7,1,32,201,2016,5,10,4,3,1,6,0,0,0,1,0,0,0,1,4.07625E+20,5.61318E+21,7.69296E+15,5.06632E+16
54460,54461,7,3,35,38,2016,6,10,2,2,3,6,0,0,0,1,0,0,0,0,3.92988E+20,5.47543E+21,7.52441E+15,4.94221E+16
54461,54462,7,3,40,57,2016,5,13,1,2,4,6,0,0,0,1,0,0,0,0,4.19899E+20,5.45259E+21,7.89999E+15,4.92208E+16
54462,54463,7,2,32,296,2016,5,10,1,2,4,1,0,1,0,1,0,0,0,0,3.13611E+20,5.56214E+21,6.3892E+15,5.01821E+16
54463,54464,7,1,38,45,2016,6,17,7,3,9,1,0,1,0,1,0,0,0,0,3.93846E+20,5.58875E+21,7.50503E+15,5.04412E+16
54464,54465,7,1,38,45,2016,5,11,5,3,1,6,0,0,0,1,0,0,0,0,3.93985E+20,5.58782E+21,7.50726E+15,5.04328E+16
54465,54466,7,1,41,135,2016,5,13,7,2,8,1,0,0,0,0,0,1,0,0,4.18125E+20,5.57507E+21,7.84984E+15,5.03221E+16
54466,54467,7,3,15,0,2016,6,9,4,3,5,3,0,1,0,1,0,0,0,1,4.43978E+20,5.53889E+21,8.21831E+15,4.99997E+16
54467,54468,7,1,38,45,2016,5,15,3,2,2,6,0,0,0,1,0,0,0,0,3.90092E+20,5.58637E+21,7.45289E+15,5.04191E+16
54468,54469,7,3,38,12,2016,5,12,2,3,0,1,0,0,1,0,0,0,0,0,4.50432E+20,5.48811E+21,8.31481E+15,4.95436E+16
54469,54470,7,1,41,501,2016,5,13,2,2,2,2,0,0,0,1,0,1,0,0,4.04004E+20,5.5694E+21,7.65298E+15,5.02689E+16
54470,54471,7,3,18,0,2016,5,10,4,3,2,6,0,0,0,1,0,0,0,0,4.58702E+20,5.46178E+21,8.43187E+15,4.93074E+16
54471,54472,7,1,32,117,2016,6,4,6,2,8,1,2,1,0,0,0,1,0,0,4.11627E+20,5.62594E+21,7.74652E+15,5.07784E+16
54472,54473,7,1,33,103,2016,5,10,3,3,8,1,0,1,0,0,0,0,1,1,4.11728E+20,5.53325E+21,7.76969E+15,4.99451E+16
54473,54474,7,3,19,0,2016,5,13,3,3,1,3,0,1,1,0,0,0,0,1,4.54019E+20,5.49872E+21,8.36316E+15,4.96393E+16
54474,54475,7,3,38,19,2016,5,16,6,3,2,6,0,1,0,1,0,0,0,0,4.53973E+20,5.47795E+21,8.36494E+15,4.94525E+16
54475,54476,7,3,39,5,2016,5,15,7,3,5,3,0,0,0,1,0,0,0,1,4.24418E+20,5.53407E+21,7.94636E+15,4.99542E+16
54476,54477,7,3,11,0,2016,5,7,2,2,5,3,0,0,0,1,0,0,0,0,4.52166E+20,5.48674E+21,8.33895E+15,4.95314E+16
54477,54478,7,1,38,71,2016,6,4,2,3,2,7,2,0,0,1,0,0,0,0,3.86191E+20,5.60923E+21,7.39102E+15,5.06238E+16
54478,54479,7,1,37,69,2016,6,5,5,3,2,6,0,0,0,1,0,0,0,0,3.762E+20,5.58325E+21,7.25846E+15,5.03883E+16
54479,54480,7,3,32,27,2016,5,18,2,3,5,3,0,0,0,1,0,0,0,0,4.3268E+20,5.48729E+21,8.06961E+15,4.95345E+16
54480,54481,7,1,34,42,2016,5,7,2,3,4,1,0,0,0,1,0,0,0,0,3.68125E+20,5.49674E+21,7.17461E+15,4.96089E+16
54481,54482,7,3,15,0,2016,5,10,2,3,5,3,0,1,0,1,0,0,0,0,4.48007E+20,5.53919E+21,8.27448E+15,5.00028E+16
54482,54483,7,3,35,24,2016,6,2,7,2,9,1,2,1,0,1,0,0,0,0,3.98155E+20,5.48056E+21,7.59431E+15,4.94692E+16
54483,54484,7,1,31,17,2016,5,15,6,2,0,1,0,0,0,1,0,1,0,0,3.6114E+20,5.59931E+21,7.04076E+15,5.05293E+16
54484,54485,7,3,14,0,2016,5,11,2,3,5,3,0,0,0,1,0,0,0,0,4.54706E+20,5.4822E+21,8.37458E+15,4.94907E+16
54485,54486,7,3,34,501,2016,5,14,3,3,5,3,0,0,1,1,0,0,0,0,4.4636E+20,5.43391E+21,8.26582E+15,4.90557E+16
54486,54487,7,1,33,6,2016,6,19,2,3,5,3,0,0,1,1,0,0,0,0,4.20111E+20,5.52008E+21,7.88922E+15,4.98278E+16
54487,54488,7,3,35,19,2016,5,22,7,3,5,3,2,1,0,1,0,0,0,1,3.97402E+20,5.48639E+21,7.58241E+15,4.95214E+16
54488,54489,7,1,43,24,2016,5,7,7,2,2,6,0,0,0,1,0,0,1,0,4.20906E+20,5.58975E+21,7.88581E+15,5.04544E+16
54489,54490,7,1,31,7,2016,6,13,4,3,4,6,0,1,1,0,0,1,0,0,3.65951E+20,5.60097E+21,7.10801E+15,5.05453E+16
54490,54491,7,1,37,81,2016,6,14,1,3,2,2,0,0,0,1,0,0,0,0,3.81389E+20,5.58468E+21,7.33097E+15,5.04022E+16
54491,54492,7,1,41,503,2016,5,18,6,2,4,2,0,0,0,1,0,0,0,0,4.2793E+20,5.57776E+21,7.98705E+15,5.03475E+16
54492,54493,7,2,35,119,2016,5,23,7,3,9,7,2,0,0,1,0,0,0,0,3.41428E+20,5.50027E+21,6.80391E+15,4.96342E+16
54493,54494,7,2,11,0,2016,5,14,4,3,3,2,0,0,0,1,0,0,0,1,3.29551E+20,5.51486E+21,6.63321E+15,4.9762E+16
54494,54495,7,1,33,6,2016,5,13,2,3,0,1,0,0,0,0,0,1,0,0,4.20024E+20,5.52414E+21,7.88718E+15,4.98644E+16
54495,54496,7,1,11,0,2016,5,20,4,3,0,1,1,1,0,0,0,1,0,0,3.99963E+20,5.57906E+21,7.59373E+15,5.03551E+16
54496,54497,7,3,32,48,2016,6,19,2,3,8,1,0,0,0,0,0,1,0,0,4.24979E+20,5.47267E+21,7.96596E+15,4.94021E+16
54497,54498,7,3,31,58,2016,5,4,1,2,0,1,2,1,0,1,0,0,0,0,4.38128E+20,5.526E+21,8.13875E+15,4.98832E+16
54498,54499,7,1,38,61,2016,5,1,1,3,8,1,2,0,0,1,0,0,0,0,3.92308E+20,5.59596E+21,7.4813E+15,5.05057E+16
54499,54500,7,3,17,0,2016,6,23,6,2,6,4,2,1,0,1,1,0,0,0,3.98291E+20,5.4505E+21,7.60385E+15,4.91989E+16
54500,54501,7,1,31,70,2016,5,17,7,3,2,6,0,1,0,1,0,1,0,0,3.7329E+20,5.61034E+21,7.20835E+15,5.06312E+16
54501,54502,7,2,11,0,2016,6,9,4,3,1,2,0,0,0,1,0,0,0,0,3.2961E+20,5.51353E+21,6.63461E+15,4.97501E+16
54502,54503,7,1,38,71,2016,5,16,6,3,2,6,0,1,0,1,0,0,0,0,3.95136E+20,5.60004E+21,7.52003E+15,5.05429E+16
54503,54504,7,3,36,82,2016,5,19,2,3,9,1,0,0,0,1,0,0,0,0,3.84398E+20,5.48339E+21,7.40368E+15,4.94921E+16
54504,54505,7,3,31,14,2016,5,8,2,2,4,2,0,0,0,1,0,0,0,0,4.38058E+20,5.50642E+21,8.1409E+15,4.97071E+16
54505,54506,7,2,31,502,2016,5,17,1,3,9,1,0,0,0,0,0,1,0,0,3.64199E+20,5.52505E+21,7.11044E+15,4.98624E+16
54506,54507,7,2,33,206,2016,5,7,4,2,8,1,0,0,0,0,0,1,0,0,3.44268E+20,5.57461E+21,6.81314E+15,5.0303E+16
54507,54508,7,1,43,30,2016,6,13,6,3,8,1,0,1,0,1,0,0,0,0,4.08255E+20,5.58941E+21,7.70773E+15,5.04495E+16
54508,54509,7,3,15,0,2016,5,15,3,3,5,2,0,0,0,1,0,0,0,0,4.41642E+20,5.53927E+21,8.18566E+15,5.00029E+16
54509,54510,7,3,19,0,2016,5,11,6,3,2,6,0,0,0,1,0,0,0,0,4.53577E+20,5.49743E+21,8.35719E+15,4.96276E+16
54510,54511,7,1,43,256,2016,5,10,3,2,8,1,0,1,0,0,0,1,0,0,4.36259E+20,5.61467E+21,8.0978E+15,5.06804E+16
54511,54512,7,3,33,45,2016,5,8,6,2,8,7,0,0,0,1,0,0,0,0,4.31672E+20,5.49907E+21,8.05363E+15,4.96403E+16
54512,54513,7,2,35,2,2016,5,19,7,2,4,6,0,0,0,1,0,0,0,0,3.24067E+20,5.49943E+21,6.56407E+15,4.96218E+16
54513,54514,7,3,15,0,2016,5,16,2,2,1,3,0,0,1,1,0,0,0,0,4.47539E+20,5.53432E+21,8.26861E+15,4.99589E+16
54514,54515,7,1,37,43,2016,6,10,2,3,7,1,0,0,0,1,0,0,0,0,3.73821E+20,5.57137E+21,7.22898E+15,5.0281E+16
54515,54516,7,3,17,0,2016,5,12,5,3,6,6,0,1,0,1,1,0,0,0,3.98769E+20,5.44992E+21,7.61057E+15,4.91937E+16
54516,54517,7,3,20,0,2016,6,17,4,2,6,2,0,0,0,1,1,0,0,0,3.79869E+20,5.45641E+21,7.34931E+15,4.92486E+16
54517,54518,7,2,32,114,2016,5,18,2,3,9,1,0,1,0,1,0,0,0,0,3.1125E+20,5.53147E+21,6.37127E+15,4.99058E+16
54518,54519,7,1,33,52,2016,6,13,7,3,2,6,0,0,0,1,0,0,0,0,3.88939E+20,5.51612E+21,7.45709E+15,4.97872E+16
54519,54520,7,3,12,0,2016,5,16,5,3,2,6,0,0,0,1,0,0,0,0,4.12871E+20,5.47755E+21,7.79803E+15,4.94444E+16
54520,54521,7,1,37,216,2016,5,8,5,3,5,2,0,0,0,1,0,0,0,0,3.93814E+20,5.58334E+21,7.50611E+15,5.03925E+16
54521,54522,7,3,39,30,2016,5,16,2,3,2,6,0,0,0,1,0,0,0,0,4.33963E+20,5.53822E+21,8.0787E+15,4.99926E+16
54522,54523,7,1,33,52,2016,5,9,7,3,1,5,0,0,0,1,0,0,0,0,3.8891E+20,5.51564E+21,7.45682E+15,4.97829E+16
54523,54524,7,3,38,19,2016,5,12,6,2,3,6,0,0,0,1,0,0,1,0,4.53717E+20,5.47916E+21,8.36128E+15,4.94633E+16
54524,54525,7,3,34,25,2016,6,18,6,3,2,6,0,0,0,1,0,0,0,0,4.49058E+20,5.44658E+21,8.30114E+15,4.91699E+16
54525,54526,7,1,37,202,2016,6,3,4,3,8,1,2,0,0,0,0,0,1,0,3.8929E+20,5.58029E+21,7.44339E+15,5.03643E+16
54526,54527,7,3,35,31,2016,5,5,5,3,9,7,1,0,0,1,0,0,0,0,3.98923E+20,5.46954E+21,7.60771E+15,4.93702E+16
54527,54528,7,1,33,26,2016,5,11,2,3,2,6,0,0,0,1,0,0,0,0,4.19203E+20,5.53144E+21,7.87423E+15,4.99298E+16
54528,54529,7,2,33,83,2016,5,17,5,3,9,1,0,0,0,1,0,0,0,0,3.35402E+20,5.58115E+21,6.68588E+15,5.03594E+16
54529,54530,7,1,37,203,2016,5,17,4,3,3,6,0,0,0,1,0,0,0,0,3.99563E+20,5.58521E+21,7.58647E+15,5.04103E+16
54530,54531,7,3,40,222,2016,5,0,1,3,8,1,2,0,0,1,0,0,0,0,3.91314E+20,5.45507E+21,7.50688E+15,4.92387E+16
54531,54532,7,3,38,18,2016,6,13,5,3,6,6,0,0,1,0,1,0,0,0,4.47351E+20,5.48143E+21,8.27313E+15,4.94832E+16
54532,54533,7,1,43,64,2016,5,7,3,2,4,6,0,0,0,1,0,0,1,0,4.10626E+20,5.60198E+21,7.73811E+15,5.05629E+16
54533,54534,7,1,37,89,2016,5,16,6,3,8,1,0,1,0,1,0,0,0,0,3.79666E+20,5.57372E+21,7.31023E+15,5.03033E+16
54534,54535,7,3,20,0,2016,5,18,2,3,6,1,0,0,0,1,1,0,0,0,3.83477E+20,5.45681E+21,7.39875E+15,4.9253E+16
54535,54536,7,1,43,6,2016,5,15,1,2,8,1,0,0,0,0,0,1,0,0,4.0461E+20,5.59425E+21,7.65517E+15,5.04924E+16
54536,54537,7,1,31,50,2016,5,17,7,2,5,3,0,0,0,1,0,0,0,1,3.56397E+20,5.57977E+21,6.98138E+15,5.03525E+16
54537,54538,7,3,32,46,2016,5,12,1,2,8,7,0,0,0,0,0,1,0,0,4.38328E+20,5.47576E+21,8.14945E+15,4.94314E+16
54538,54539,7,3,36,102,2016,6,12,1,3,0,7,0,0,0,1,0,0,0,0,3.79632E+20,5.47248E+21,7.34121E+15,4.93931E+16
54539,54540,7,1,31,55,2016,5,6,6,2,9,1,0,1,0,1,0,0,0,0,3.7411E+20,5.58954E+21,7.22696E+15,5.04444E+16
54540,54541,7,2,31,49,2016,5,14,2,3,9,1,0,0,0,0,0,0,1,0,3.5071E+20,5.54567E+21,6.91489E+15,5.00446E+16
54541,54542,7,1,43,47,2016,5,16,1,3,1,2,0,0,0,1,0,0,0,0,4.11407E+20,5.59344E+21,7.75117E+15,5.04863E+16
54542,54543,7,3,33,19,2016,5,18,5,2,5,2,0,0,0,1,0,1,0,0,4.3108E+20,5.48874E+21,8.04724E+15,4.95473E+16
54543,54544,7,2,35,125,2016,5,9,4,3,2,1,0,0,1,1,0,0,0,0,3.38342E+20,5.52099E+21,6.75262E+15,4.98196E+16
54544,54545,7,1,31,70,2016,5,15,2,3,4,6,0,1,0,1,0,0,0,0,3.73186E+20,5.60599E+21,7.20836E+15,5.0592E+16
54545,54546,7,3,34,7,2016,6,21,5,3,4,6,0,0,1,0,0,0,0,0,4.52903E+20,5.45068E+21,8.35341E+15,4.92071E+16
54546,54547,7,1,34,42,2016,5,16,3,3,8,1,0,0,0,1,0,0,0,0,3.66994E+20,5.49802E+21,7.15854E+15,4.962E+16
54547,54548,7,3,33,7,2016,5,9,6,3,2,6,0,0,0,1,0,0,0,0,4.30609E+20,5.50434E+21,8.03797E+15,4.96876E+16
54548,54549,7,1,35,5,2016,5,8,3,1,4,6,0,1,0,1,0,0,1,0,3.57628E+20,5.56204E+21,7.00534E+15,5.01935E+16
54549,54550,7,3,15,0,2016,5,11,1,2,0,6,0,0,0,1,0,1,1,0,4.42661E+20,5.54007E+21,8.19975E+15,5.00102E+16
54550,54551,7,1,38,12,2016,5,12,7,3,5,2,0,0,0,1,0,0,0,0,4.04724E+20,5.59984E+21,7.65536E+15,5.05427E+16
54551,54552,7,3,16,0,2016,5,18,1,3,1,6,0,0,0,1,0,0,0,0,4.37922E+20,5.46646E+21,8.14531E+15,4.93477E+16
54552,54553,7,1,37,86,2016,6,16,2,3,8,1,0,1,0,1,0,0,0,0,3.84676E+20,5.57633E+21,7.37975E+15,5.03278E+16
54553,54554,7,3,37,41,2016,5,16,5,3,2,6,0,1,0,1,0,1,0,0,4.44497E+20,5.45513E+21,8.2374E+15,4.92464E+16
54554,54555,7,3,12,0,2016,6,13,4,3,2,6,0,0,0,1,0,0,0,0,4.06373E+20,5.47691E+21,7.70858E+15,4.94376E+16
54555,54556,7,1,41,51,2016,5,20,2,3,9,1,0,1,0,1,0,0,0,0,4.33128E+20,5.57161E+21,8.06118E+15,5.02928E+16
54556,54557,7,1,43,81,2016,5,16,5,3,2,6,0,0,0,1,0,0,0,0,4.15592E+20,5.5921E+21,7.81045E+15,5.04748E+16
54557,54558,7,3,15,0,2016,6,0,7,2,6,4,2,0,0,1,1,0,0,0,4.4729E+20,5.53951E+21,8.26443E+15,5.00056E+16
54558,54559,7,3,14,0,2016,5,7,5,2,4,2,0,1,0,1,0,1,0,0,4.58795E+20,5.48151E+21,8.4311E+15,4.94848E+16
54559,54560,7,1,34,5,2016,5,16,1,2,8,1,0,0,0,0,0,1,0,0,3.87533E+20,5.49688E+21,7.44311E+15,4.9614E+16
54560,54561,7,3,20,0,2016,5,12,4,3,1,3,0,0,0,1,0,0,0,0,3.81242E+20,5.45701E+21,7.36799E+15,4.92543E+16
54561,54562,7,2,33,42,2016,5,7,2,2,8,7,0,0,0,0,0,0,1,0,3.50014E+20,5.54653E+21,6.90484E+15,5.00522E+16
54562,54563,7,3,31,3,2016,5,22,7,2,0,1,2,1,0,0,0,1,0,0,4.39289E+20,5.51023E+21,8.15738E+15,4.97415E+16
54563,54564,7,3,19,0,2016,5,15,6,2,1,5,0,0,0,1,0,0,0,0,4.47213E+20,5.49509E+21,8.26938E+15,4.96061E+16
54564,54565,7,3,15,0,2016,6,15,6,3,5,3,0,1,0,1,0,0,0,0,4.46E+20,5.53908E+21,8.24649E+15,5.00016E+16
54565,54566,7,3,35,22,2016,5,9,3,3,1,6,0,1,0,1,0,0,1,1,3.93258E+20,5.47485E+21,7.52828E+15,4.94169E+16
54566,54567,7,2,31,124,2016,5,8,2,3,8,1,0,0,0,0,0,1,0,0,3.66543E+20,5.53331E+21,7.14018E+15,4.99372E+16
54567,54568,7,1,32,47,2016,5,16,5,2,9,1,0,0,0,0,0,1,0,0,4.02167E+20,5.61683E+21,7.61479E+15,5.0695E+16
54568,54569,7,3,20,0,2016,5,19,3,3,2,6,0,0,0,1,0,0,0,0,3.81264E+20,5.45637E+21,7.36849E+15,4.92486E+16
54569,54570,7,1,34,45,2016,6,12,5,3,2,6,0,0,0,1,0,0,0,0,3.78556E+20,5.50766E+21,7.31554E+15,4.97092E+16
54570,54571,7,1,31,70,2016,5,15,3,3,4,6,0,0,0,1,0,0,0,0,3.73209E+20,5.60911E+21,7.20762E+15,5.062E+16
54571,54572,7,3,36,11,2016,5,8,2,3,2,7,0,1,0,1,0,0,0,1,3.81583E+20,5.47721E+21,7.36667E+15,4.9436E+16
54572,54573,7,1,38,44,2016,5,8,1,2,9,7,0,0,0,1,0,0,0,0,3.85797E+20,5.60958E+21,7.38534E+15,5.06269E+16
54573,54574,7,3,35,35,2016,5,19,6,3,8,1,0,0,0,0,0,1,0,0,4.13489E+20,5.48396E+21,7.80516E+15,4.95021E+16
54574,54575,7,3,37,49,2016,5,18,1,3,0,1,0,0,1,1,0,0,0,0,4.28037E+20,5.44536E+21,8.01302E+15,4.91569E+16
54575,54576,7,2,35,125,2016,6,8,1,1,0,1,0,0,0,0,0,1,0,0,3.38876E+20,5.52163E+21,6.75978E+15,4.98255E+16
54576,54577,7,3,18,0,2016,5,18,7,3,5,3,0,0,0,1,0,0,0,0,4.5834E+20,5.46411E+21,8.42665E+15,4.93283E+16
54577,54578,7,2,35,124,2016,5,6,5,2,8,1,1,1,0,0,0,1,0,0,3.37578E+20,5.50547E+21,6.74847E+15,4.96799E+16
54578,54579,7,3,14,0,2016,5,8,4,3,3,6,0,0,0,1,0,0,0,0,4.59345E+20,5.48221E+21,8.43862E+15,4.94911E+16
54579,54580,7,3,34,18,2016,5,14,4,3,5,3,0,0,0,1,0,0,0,0,4.46093E+20,5.45567E+21,8.25924E+15,4.92514E+16
54580,54581,7,3,14,0,2016,6,17,4,2,4,2,0,1,0,1,0,1,0,0,4.51344E+20,5.48033E+21,8.32839E+15,4.94736E+16
54581,54582,7,1,43,5,2016,5,10,4,3,1,6,0,0,0,1,0,0,1,0,4.19001E+20,5.59266E+21,7.85836E+15,5.04804E+16
54582,54583,7,1,43,81,2016,6,5,3,3,3,6,0,0,0,1,0,0,0,1,4.1232E+20,5.591E+21,7.7646E+15,5.04645E+16
54583,54584,7,1,33,23,2016,5,7,2,3,2,6,0,1,0,1,0,0,0,0,4.11646E+20,5.53523E+21,7.76809E+15,4.99628E+16
54584,54585,7,2,31,53,2016,5,11,1,3,2,6,0,0,0,1,0,0,0,0,3.42003E+20,5.52489E+21,6.80189E+15,4.98556E+16
54585,54586,7,1,38,71,2016,6,16,7,2,0,1,0,1,0,0,0,1,0,0,3.95627E+20,5.60082E+21,7.52674E+15,5.055E+16
54586,54587,7,1,38,62,2016,5,7,5,3,5,3,0,0,1,1,0,0,0,0,3.74285E+20,5.60977E+21,7.2226E+15,5.06262E+16
54587,54588,7,2,35,52,2016,5,14,7,2,4,1,0,0,0,1,0,1,0,0,3.26138E+20,5.49639E+21,6.59406E+15,4.95951E+16
54588,54589,7,3,15,0,2016,6,19,4,3,9,7,0,1,0,1,0,0,0,0,4.40713E+20,5.5401E+21,8.17257E+15,5.00103E+16
54589,54590,7,3,15,0,2016,5,7,3,3,8,1,0,0,0,1,0,0,0,0,4.44627E+20,5.53894E+21,8.22735E+15,5.00002E+16
54590,54591,7,2,35,68,2016,5,7,2,3,5,3,0,0,1,1,0,0,0,0,3.23324E+20,5.50552E+21,6.55105E+15,4.96763E+16
54591,54592,7,1,37,216,2016,5,11,1,3,5,3,0,0,0,1,0,0,0,0,3.92164E+20,5.58376E+21,7.48279E+15,5.0396E+16
54592,54593,7,1,33,18,2016,5,10,5,3,3,5,0,1,0,1,0,0,0,0,4.20863E+20,5.52605E+21,7.89846E+15,4.98816E+16
54593,54594,7,3,37,5,2016,5,8,4,3,3,5,0,0,0,1,0,0,0,1,4.26755E+20,5.43907E+21,7.99658E+15,4.91001E+16
54594,54595,7,3,34,13,2016,6,17,4,3,5,3,0,1,0,1,0,0,0,0,4.41869E+20,5.43494E+21,8.2042E+15,4.90646E+16
54595,54596,7,1,35,45,2016,6,16,3,3,9,6,0,1,0,1,0,0,0,0,3.80392E+20,5.54226E+21,7.3303E+15,5.00206E+16
54596,54597,7,1,38,45,2016,5,7,2,3,2,6,0,1,0,1,0,0,0,0,3.9218E+20,5.58983E+21,7.48127E+15,5.04506E+16
54597,54598,7,1,31,7,2016,5,12,5,3,5,3,0,0,0,1,0,0,0,0,3.72221E+20,5.60066E+21,7.19657E+15,5.05439E+16
54598,54599,7,1,34,46,2016,6,14,7,3,5,3,0,0,0,1,0,0,0,0,3.7358E+20,5.51649E+21,7.24368E+15,4.97876E+16
54599,54600,7,2,11,0,2016,5,16,5,3,2,6,0,0,0,1,0,0,0,1,3.34352E+20,5.51911E+21,6.69801E+15,4.98016E+16