FID,OBJECTID,ULAND,UREGBEZ,UKREIS,UGEMEINDE,UJAHR,UMONAT,USTUNDE,UWOCHENTAG,UKATEGORIE,UART,UTYP1,ULICHTVERH,IstStrasse,IstRad,IstPKW,IstFuss,IstKrad,IstGkfz,IstSonstig,LINREFX,LINREFY,XGCSWGS84,YGCSWGS84
54600,54601,7,3,38,4,2016,5,12,3,3,2,6,0,0,0,1,0,0,0,0,4.53501E+20,5.49357E+21,8.3566E+15,4.9593E+16
54601,54602,7,2,11,0,2016,5,17,2,3,2,1,0,0,0,1,0,0,0,0,3.32978E+20,5.51687E+21,6.67989E+15,4.9781E+16
54602,54603,7,1,31,55,2016,5,15,5,2,1,7,0,0,0,1,0,1,0,0,3.74147E+20,5.58964E+21,7.22745E+15,5.04452E+16
54603,54604,7,3,39,32,2016,5,11,7,2,2,2,0,0,0,1,0,1,0,0,4.43225E+20,5.53155E+21,8.20887E+15,4.99336E+16
54604,54605,7,2,31,134,2016,5,19,6,3,9,1,0,1,0,1,0,0,0,0,3.51744E+20,5.54122E+21,6.93104E+15,5.00048E+16
54605,54606,7,2,32,300,2016,6,7,6,3,1,6,0,0,0,1,0,0,1,0,3.16886E+20,5.56473E+21,6.43378E+15,5.02064E+16
54606,54607,7,3,38,25,2016,5,12,3,3,0,1,0,0,0,1,0,0,0,0,4.54233E+20,5.46758E+21,8.36973E+15,4.93593E+16
54607,54608,7,1,38,45,2016,5,23,7,3,5,3,2,1,0,1,0,0,0,0,3.89915E+20,5.58857E+21,7.44975E+15,5.04388E+16
54608,54609,7,2,11,0,2016,5,17,2,3,5,3,0,0,1,1,0,0,0,0,3.31042E+20,5.51475E+21,6.65394E+15,4.97614E+16
54609,54610,7,3,15,0,2016,6,8,2,3,2,6,0,0,0,1,0,0,0,0,4.43909E+20,5.53938E+21,8.21727E+15,5.00041E+16
54610,54611,7,1,37,8,2016,5,11,5,3,0,2,0,0,0,1,0,1,0,0,3.75231E+20,5.58414E+21,7.24454E+15,5.03961E+16
54611,54612,7,3,35,49,2016,5,17,3,3,3,6,0,0,0,1,0,0,0,0,4.02581E+20,5.48336E+21,7.6547E+15,4.9495E+16
54612,54613,7,1,35,20,2016,6,15,5,3,8,1,0,1,0,0,0,1,0,0,3.67449E+20,5.55825E+21,7.14418E+15,5.01616E+16
54613,54614,7,1,40,117,2016,5,4,3,2,8,1,1,0,0,1,0,0,0,0,3.99932E+20,5.55308E+21,7.60016E+15,5.01215E+16
54614,54615,7,3,39,62,2016,5,0,2,3,7,7,2,1,0,1,0,0,0,0,4.15192E+20,5.53366E+21,7.81787E+15,4.99493E+16
54615,54616,7,3,34,25,2016,5,22,7,3,9,7,2,0,0,1,0,0,0,0,4.49252E+20,5.44409E+21,8.30411E+15,4.91475E+16
54616,54617,7,3,37,61,2016,5,7,6,3,0,1,0,1,0,0,0,1,0,1,4.39459E+20,5.44953E+21,8.16903E+15,4.91956E+16
54617,54618,7,1,38,10,2016,6,22,1,3,9,1,2,1,0,1,0,0,0,0,3.88366E+20,5.59642E+21,7.42559E+15,5.05091E+16
54618,54619,7,2,31,1,2016,5,10,6,3,1,5,0,0,0,1,0,0,0,0,3.51007E+20,5.53717E+21,6.92233E+15,4.99682E+16
54619,54620,7,2,31,96,2016,5,18,7,3,0,1,0,0,0,0,0,1,0,0,3.5351E+20,5.54584E+21,6.9539E+15,5.00468E+16
54620,54621,7,2,33,26,2016,5,11,4,3,2,2,0,0,0,1,0,0,0,0,3.31595E+20,5.5652E+21,6.63952E+15,5.02149E+16
54621,54622,7,1,33,54,2016,5,16,4,3,2,6,0,0,0,1,0,0,0,0,4.21787E+20,5.52733E+21,7.91106E+15,4.98932E+16
54622,54623,7,1,35,49,2016,5,15,4,3,4,6,0,0,0,1,0,0,0,0,3.71242E+20,5.55815E+21,7.19729E+15,5.01616E+16
54623,54624,7,3,11,0,2016,6,12,2,2,2,7,0,0,0,1,0,0,0,0,4.50433E+20,5.48703E+21,8.31497E+15,4.95339E+16
54624,54625,7,3,38,6,2016,5,15,1,2,2,6,0,0,0,1,0,0,1,0,4.52177E+20,5.47344E+21,8.34072E+15,4.94118E+16
54625,54626,7,1,43,48,2016,5,18,1,2,5,3,0,0,0,1,0,0,0,0,4.15851E+20,5.58611E+21,7.81545E+15,5.0421E+16
54626,54627,7,1,37,81,2016,6,16,7,3,0,1,0,1,0,0,0,1,0,0,3.7773E+20,5.58739E+21,7.27861E+15,5.04258E+16
54627,54628,7,1,37,68,2016,5,8,5,3,5,4,0,0,0,1,1,0,0,0,3.73617E+20,5.5765E+21,7.2244E+15,5.03271E+16
54628,54629,7,1,38,45,2016,5,17,7,3,1,2,0,0,0,1,0,0,0,0,3.96736E+20,5.58943E+21,7.54553E+15,5.04477E+16
54629,54630,7,2,32,304,2016,6,13,4,2,4,2,0,1,0,1,0,1,0,0,3.17263E+20,5.5632E+21,6.43979E+15,5.01928E+16
54630,54631,7,1,37,35,2016,5,21,3,3,7,1,1,0,0,0,0,1,0,0,3.58704E+20,5.58016E+21,7.01364E+15,5.03565E+16
54631,54632,7,1,41,43,2016,5,19,2,3,8,1,2,0,0,0,0,1,0,0,4.32429E+20,5.57706E+21,8.0504E+15,5.03418E+16
54632,54633,7,3,15,0,2016,5,15,1,3,5,3,0,0,1,1,0,0,0,0,4.46223E+20,5.54016E+21,8.24945E+15,5.00113E+16
54633,54634,7,1,33,6,2016,5,15,4,3,9,1,0,0,0,0,0,1,0,0,4.20192E+20,5.52378E+21,7.88959E+15,4.98611E+16
54634,54635,7,1,31,41,2016,6,9,6,3,8,1,0,1,0,1,0,0,0,0,3.68374E+20,5.59672E+21,7.14369E+15,5.05076E+16
54635,54636,7,3,19,0,2016,5,17,3,3,2,6,0,0,0,1,0,0,0,0,4.53011E+20,5.49728E+21,8.34938E+15,4.96263E+16
54636,54637,7,3,31,71,2016,5,7,6,3,6,2,0,0,0,1,1,0,0,0,4.45885E+20,5.50559E+21,8.24957E+15,4.97004E+16
54637,54638,7,3,15,0,2016,5,11,3,3,5,2,0,0,1,1,0,0,0,0,4.47301E+20,5.53953E+21,8.26458E+15,5.00057E+16
54638,54639,7,3,32,50,2016,5,20,6,3,8,1,1,1,0,1,0,0,0,0,4.46306E+20,5.4854E+21,8.25816E+15,4.95189E+16
54639,54640,7,1,35,83,2016,5,10,7,3,3,6,0,0,0,1,0,0,0,0,3.54368E+20,5.563E+21,6.95933E+15,5.02013E+16
54640,54641,7,1,41,43,2016,5,8,2,3,1,6,0,0,0,1,0,0,0,0,4.32366E+20,5.5773E+21,8.04947E+15,5.03439E+16
54641,54642,7,1,43,62,2016,6,17,2,2,5,3,0,0,0,1,0,0,0,0,4.1091E+20,5.59277E+21,7.74432E+15,5.04801E+16
54642,54643,7,1,43,50,2016,5,19,2,3,4,1,0,0,0,1,0,0,0,0,4.01225E+20,5.59114E+21,7.60829E+15,5.04639E+16
54643,54644,7,3,16,0,2016,5,12,4,3,2,6,0,0,0,1,0,0,0,0,4.38573E+20,5.46799E+21,8.15403E+15,4.93615E+16
54644,54645,7,2,33,218,2016,5,17,7,3,2,6,0,1,0,1,0,0,0,0,3.50784E+20,5.57523E+21,6.90433E+15,5.03103E+16
54645,54646,7,2,11,0,2016,5,19,6,3,1,6,0,0,0,1,0,1,0,0,3.28909E+20,5.51413E+21,6.62462E+15,4.97553E+16
54646,54647,7,2,11,0,2016,6,14,6,2,1,6,0,0,0,1,0,0,0,0,3.276E+20,5.51159E+21,6.60758E+15,4.97321E+16
54647,54648,7,3,34,18,2016,5,11,3,3,8,1,0,0,1,0,0,0,0,0,4.47888E+20,5.45498E+21,8.284E+15,4.92454E+16
54648,54649,7,3,35,38,2016,5,14,6,3,2,6,0,0,0,1,0,0,0,1,3.94144E+20,5.47743E+21,7.5398E+15,4.94403E+16
54649,54650,7,3,39,30,2016,5,14,7,3,1,6,0,0,0,1,0,0,0,0,4.30342E+20,5.53719E+21,8.02837E+15,4.9983E+16
54650,54651,7,1,43,51,2016,5,12,2,3,8,1,0,0,0,0,0,1,0,0,4.23822E+20,5.5867E+21,7.92751E+15,5.04274E+16
54651,54652,7,2,31,24,2016,6,10,2,3,0,1,0,0,0,1,0,0,0,0,3.42914E+20,5.53491E+21,6.81048E+15,4.99459E+16
54652,54653,7,1,37,216,2016,6,9,5,3,1,5,0,0,0,1,0,0,0,0,3.93571E+20,5.58281E+21,7.50284E+15,5.03877E+16
54653,54654,7,3,36,58,2016,5,9,2,3,2,6,0,1,0,1,0,0,1,0,3.98111E+20,5.50091E+21,7.58844E+15,4.96521E+16
54654,54655,7,2,32,39,2016,5,6,2,3,8,1,1,1,0,1,0,0,0,0,3.22874E+20,5.54532E+21,6.52662E+15,5.00338E+16
54655,54656,7,3,15,0,2016,5,18,2,2,4,2,0,0,0,1,0,0,0,0,4.44561E+20,5.53819E+21,8.22653E+15,4.99934E+16
54656,54657,7,3,31,75,2016,5,17,6,2,9,1,0,0,0,0,0,0,0,1,4.2399E+20,5.51461E+21,7.94421E+15,4.97791E+16
54657,54658,7,1,11,0,2016,6,20,1,3,5,3,0,0,0,1,0,0,0,1,3.98126E+20,5.57913E+21,7.5679E+15,5.03555E+16
54658,54659,7,1,35,51,2016,5,14,6,3,5,3,0,0,0,1,0,0,0,1,3.67179E+20,5.56367E+21,7.13851E+15,5.02103E+16
54659,54660,7,1,31,7,2016,5,16,2,3,4,6,0,0,0,1,0,0,0,0,3.71151E+20,5.60108E+21,7.18133E+15,5.05474E+16
54660,54661,7,3,36,11,2016,5,20,3,2,8,1,0,0,0,1,0,0,0,0,3.8107E+20,5.47689E+21,7.3597E+15,4.94331E+16
54661,54662,7,3,34,501,2016,6,6,2,3,8,7,0,0,0,1,0,0,0,0,4.47192E+20,5.43284E+21,8.27734E+15,4.90462E+16
54662,54663,7,3,39,11,2016,5,18,1,3,0,1,0,0,0,0,0,1,0,0,4.50595E+20,5.522E+21,8.31279E+15,4.98484E+16
54663,54664,7,1,31,81,2016,5,13,1,3,8,1,0,0,0,1,0,0,0,0,3.74089E+20,5.59527E+21,7.22474E+15,5.04959E+16
54664,54665,7,1,37,208,2016,5,13,7,3,2,6,0,0,1,0,0,0,0,0,3.85616E+20,5.56442E+21,7.39656E+15,5.02209E+16
54665,54666,7,1,32,117,2016,6,13,4,2,9,1,0,1,1,0,0,0,0,0,4.09391E+20,5.62686E+21,7.71458E+15,5.07864E+16
54666,54667,7,1,31,70,2016,5,10,6,3,5,3,0,1,0,1,0,0,0,0,3.73121E+20,5.60622E+21,7.20737E+15,5.05941E+16
54667,54668,7,3,35,4,2016,5,10,2,3,9,7,0,1,0,1,0,0,0,0,4.16635E+20,5.47902E+21,7.84963E+15,4.94581E+16
54668,54669,7,1,40,28,2016,5,20,2,3,5,2,0,0,0,1,0,1,0,0,3.86284E+20,5.52928E+21,7.41636E+15,4.99051E+16
54669,54670,7,2,11,0,2016,5,15,1,3,0,1,0,0,1,0,0,0,0,0,3.29162E+20,5.51057E+21,6.62969E+15,4.97234E+16
54670,54671,7,3,38,20,2016,5,14,5,3,0,3,0,0,0,1,0,1,0,0,4.58715E+20,5.47388E+21,8.4308E+15,4.94162E+16
54671,54672,7,1,34,8,2016,5,18,4,3,9,7,0,0,0,1,0,0,0,0,3.75871E+20,5.49232E+21,7.28318E+15,4.95707E+16
54672,54673,7,1,43,80,2016,5,15,2,2,5,3,0,0,0,1,0,1,0,0,4.25035E+20,5.59023E+21,7.94388E+15,5.04592E+16
54673,54674,7,3,20,0,2016,6,21,5,3,8,7,2,0,0,1,0,0,0,0,3.84693E+20,5.45866E+21,7.41492E+15,4.92698E+16
54674,54675,7,2,32,123,2016,5,17,3,2,5,3,0,0,1,1,0,0,0,0,3.30616E+20,5.53426E+21,6.6395E+15,4.99367E+16
54675,54676,7,3,15,0,2016,5,18,6,3,0,1,0,1,0,0,0,1,0,0,4.47387E+20,5.53794E+21,8.266E+15,4.99915E+16
54676,54677,7,1,43,70,2016,5,20,3,2,4,1,0,1,0,1,0,0,0,0,4.13033E+20,5.59289E+21,7.77421E+15,5.04815E+16
54677,54678,7,3,34,9,2016,5,18,1,3,0,1,0,0,0,0,0,1,0,0,4.45313E+20,5.43923E+21,8.25076E+15,4.91035E+16
54678,54679,7,2,11,0,2016,5,12,7,3,5,3,0,0,0,1,0,0,0,0,3.31999E+20,5.51601E+21,6.66667E+15,4.9773E+16
54679,54680,7,3,37,79,2016,5,14,1,3,5,3,0,0,0,1,0,0,0,0,4.17305E+20,5.44121E+21,7.86671E+15,4.91181E+16
54680,54681,7,1,37,203,2016,6,18,2,3,0,1,0,1,0,0,0,1,0,0,3.99571E+20,5.58544E+21,7.58652E+15,5.04124E+16
54681,54682,7,3,32,6,2016,5,16,5,3,6,6,0,0,0,1,1,0,0,0,4.40884E+20,5.49484E+21,8.18185E+15,4.96032E+16
54682,54683,7,3,12,0,2016,6,13,4,3,2,6,0,0,0,1,0,0,0,0,4.09596E+20,5.47894E+21,7.75255E+15,4.94564E+16
54683,54684,7,1,34,45,2016,5,16,2,3,2,6,0,1,0,1,0,0,0,0,3.78774E+20,5.50714E+21,7.31873E+15,4.97046E+16
54684,54685,7,3,33,1,2016,6,10,7,3,4,3,0,0,0,1,0,0,0,0,4.34054E+20,5.49998E+21,8.08646E+15,4.96487E+16
54685,54686,7,3,13,0,2016,5,19,5,2,5,3,0,0,0,1,0,0,0,0,4.36697E+20,5.4532E+21,8.13054E+15,4.92283E+16
54686,54687,7,1,34,60,2016,5,16,1,1,4,6,0,0,0,1,0,0,0,0,3.80578E+20,5.513E+21,7.34194E+15,4.97576E+16
54687,54688,7,1,11,0,2016,5,18,5,3,1,6,0,0,0,1,0,1,0,0,3.9729E+20,5.58065E+21,7.55573E+15,5.0369E+16
54688,54689,7,3,39,39,2016,6,8,4,2,5,3,0,0,1,1,0,0,0,0,4.52831E+20,5.52955E+21,8.34297E+15,4.99165E+16
54689,54690,7,3,39,42,2016,7,22,6,3,1,2,2,0,0,1,0,0,0,0,4.41805E+20,5.52762E+21,8.18968E+15,4.98981E+16
54690,54691,7,3,34,13,2016,6,14,6,3,2,6,0,1,0,1,0,0,0,0,4.40714E+20,5.43909E+21,8.18778E+15,4.91018E+16
54691,54692,7,3,15,0,2016,6,9,2,3,0,1,0,0,1,0,0,0,0,0,4.44242E+20,5.54203E+21,8.22153E+15,5.0028E+16
54692,54693,7,1,37,43,2016,6,19,5,3,8,1,0,0,0,1,0,0,0,0,3.71649E+20,5.57007E+21,7.19895E+15,5.02688E+16
54693,54694,7,3,38,25,2016,7,7,4,3,9,7,0,0,0,0,0,0,1,0,4.52236E+20,5.46966E+21,8.34197E+15,4.93778E+16
54694,54695,7,3,31,73,2016,6,14,6,3,2,6,0,0,0,1,0,0,0,0,4.38393E+20,5.52132E+21,8.14319E+15,4.98411E+16
54695,54696,7,2,35,68,2016,7,14,5,3,7,6,0,0,0,1,0,0,0,1,3.27155E+20,5.50687E+21,6.6035E+15,4.96895E+16
54696,54697,7,1,37,3,2016,6,16,1,2,9,1,0,0,0,1,0,1,0,0,3.83872E+20,5.58679E+21,7.36524E+15,5.04217E+16
54697,54698,7,3,35,45,2016,6,14,6,3,5,3,0,0,0,1,0,1,0,0,4.0582E+20,5.47049E+21,7.70247E+15,4.93798E+16
54698,54699,7,3,15,0,2016,7,6,6,3,2,6,0,0,0,1,0,0,0,1,4.50067E+20,5.53705E+21,8.30349E+15,4.99837E+16
54699,54700,7,3,14,0,2016,7,20,1,3,1,6,0,0,0,1,0,0,0,0,4.57323E+20,5.48378E+21,8.41054E+15,4.95051E+16
54700,54701,7,1,43,62,2016,6,17,6,3,5,3,0,1,0,1,0,0,1,0,4.09336E+20,5.58954E+21,7.72293E+15,5.04509E+16
54701,54702,7,3,15,0,2016,7,19,3,2,7,7,0,0,1,0,0,0,0,0,4.45306E+20,5.54148E+21,8.23646E+15,5.00231E+16
54702,54703,7,1,37,207,2016,6,13,4,3,4,2,0,0,0,1,0,0,0,0,3.92773E+20,5.57455E+21,7.49398E+15,5.03133E+16
54703,54704,7,3,33,22,2016,6,23,5,2,7,7,2,0,0,0,0,1,0,0,4.32944E+20,5.50235E+21,8.07069E+15,4.96699E+16
54704,54705,7,3,32,21,2016,6,16,4,3,9,7,0,0,0,0,0,0,1,0,4.4614E+20,5.48911E+21,8.25536E+15,4.95522E+16
54705,54706,7,1,35,33,2016,6,8,3,3,1,1,0,0,0,0,0,0,1,1,3.72017E+20,5.56626E+21,7.20539E+15,5.02346E+16
54706,54707,7,1,34,45,2016,6,18,5,1,4,1,0,0,0,1,0,0,0,0,3.76589E+20,5.50628E+21,7.28871E+15,4.96964E+16
54707,54708,7,1,43,48,2016,7,13,7,3,4,1,0,0,0,1,0,0,0,0,4.14475E+20,5.58561E+21,7.79619E+15,5.04163E+16
54708,54709,7,1,34,88,2016,6,7,5,3,5,3,0,0,0,1,0,0,0,0,3.80295E+20,5.52197E+21,7.33524E+15,4.98382E+16
54709,54710,7,3,36,58,2016,6,18,3,3,2,6,0,0,0,1,0,0,0,0,4.56519E+20,5.48833E+21,8.39893E+15,4.9546E+16
54710,54711,7,3,37,42,2016,6,22,2,3,8,7,2,1,0,1,0,0,0,0,4.29755E+20,5.44711E+21,8.03627E+15,4.91728E+16
54711,54712,7,1,37,230,2016,6,19,1,3,5,3,0,0,0,1,0,0,0,0,3.94452E+20,5.57775E+21,7.51666E+15,5.03423E+16
54712,54713,7,1,33,104,2016,6,16,4,3,4,6,0,0,0,1,0,0,0,0,4.22195E+20,5.5138E+21,7.91945E+15,4.97717E+16
54713,54714,7,2,31,4,2016,6,7,3,3,8,1,0,1,0,0,0,1,0,0,3.5447E+20,5.54377E+21,6.96809E+15,5.00284E+16
54714,54715,7,1,33,93,2016,6,5,2,3,4,1,1,1,0,0,0,0,0,1,4.13103E+20,5.53073E+21,7.78941E+15,4.99226E+16
54715,54716,7,3,11,0,2016,6,20,1,3,0,1,1,1,0,0,0,1,0,0,4.51291E+20,5.48644E+21,8.3269E+15,4.95286E+16
54716,54717,7,3,36,92,2016,6,16,4,2,4,6,0,1,0,1,0,0,0,1,3.81826E+20,5.47466E+21,7.37079E+15,4.94132E+16
54717,54718,7,1,32,113,2016,6,13,1,3,4,6,0,0,0,1,0,0,0,0,4.24701E+20,5.62024E+21,7.93309E+15,5.0729E+16
54718,54719,7,2,35,134,2016,6,16,4,3,5,3,0,0,0,1,0,1,0,0,3.44292E+20,5.52271E+21,6.83459E+15,4.98365E+16
54719,54720,7,2,33,33,2016,6,18,6,3,0,1,0,1,0,0,0,1,0,0,3.37605E+20,5.56961E+21,6.72179E+15,5.02563E+16
54720,54721,7,1,37,35,2016,6,18,4,3,5,2,0,0,0,1,0,1,0,0,3.57393E+20,5.58E+21,6.99528E+15,5.03548E+16
54721,54722,7,1,38,12,2016,6,10,2,3,5,3,0,0,0,1,0,0,0,0,4.04755E+20,5.60054E+21,7.65561E+15,5.05491E+16
54722,54723,7,1,43,48,2016,6,12,2,3,8,1,0,1,0,1,0,0,0,0,4.17792E+20,5.58888E+21,7.84216E+15,5.04461E+16
54723,54724,7,3,11,0,2016,6,15,4,3,5,2,0,1,0,1,0,1,0,0,4.53252E+20,5.48779E+21,8.35384E+15,4.95409E+16
54724,54725,7,1,38,2,2016,6,15,3,3,1,6,0,0,0,1,0,0,1,0,3.97611E+20,5.59501E+21,7.55633E+15,5.04981E+16
54725,54726,7,1,41,23,2016,6,7,4,3,8,1,0,1,0,0,0,1,0,0,4.06651E+20,5.56846E+21,7.69035E+15,5.02609E+16
54726,54727,7,2,33,5,2016,7,15,4,3,5,3,0,0,0,1,0,1,0,0,3.34149E+20,5.57626E+21,6.67044E+15,5.03151E+16
54727,54728,7,3,14,0,2016,6,23,7,3,4,2,2,0,0,1,0,0,0,0,4.59191E+20,5.47908E+21,8.43682E+15,4.9463E+16
54728,54729,7,3,18,0,2016,6,7,6,3,5,3,0,0,1,1,0,0,0,0,4.56974E+20,5.46284E+21,8.40798E+15,4.93168E+16
54729,54730,7,1,43,32,2016,7,10,6,3,1,6,0,0,0,1,0,0,0,0,4.05931E+20,5.58884E+21,7.67516E+15,5.04441E+16
54730,54731,7,1,43,59,2016,7,2,1,2,9,1,2,0,0,1,0,0,0,0,4.09414E+20,5.59613E+21,7.72243E+15,5.05101E+16
54731,54732,7,2,32,111,2016,6,13,7,3,0,1,0,1,0,0,0,1,0,0,3.29346E+20,5.53428E+21,6.6218E+15,4.99365E+16
54732,54733,7,1,32,55,2016,7,15,3,3,4,1,0,1,0,1,0,0,0,0,3.96027E+20,5.60544E+21,7.53109E+15,5.05916E+16
54733,54734,7,1,37,3,2016,6,19,4,3,9,1,0,0,0,0,1,1,0,0,3.86966E+20,5.58467E+21,7.40941E+15,5.04032E+16
54734,54735,7,2,32,313,2016,6,1,5,3,9,1,2,0,0,1,0,0,0,0,3.31236E+20,5.55068E+21,6.64091E+15,5.00844E+16
54735,54736,7,3,15,0,2016,6,16,3,3,5,3,0,1,1,1,0,0,0,0,4.47701E+20,5.5357E+21,8.27067E+15,4.99714E+16
54736,54737,7,3,33,39,2016,6,8,4,2,5,3,0,0,0,0,0,1,1,0,4.29329E+20,5.5019E+21,8.02067E+15,4.96655E+16
54737,54738,7,3,35,35,2016,6,12,7,3,2,6,0,1,0,1,0,0,0,0,4.10158E+20,5.4827E+21,7.75945E+15,4.94903E+16
54738,54739,7,3,34,34,2016,6,11,6,3,1,6,0,0,0,1,0,1,0,0,4.35998E+20,5.43877E+21,8.12324E+15,4.90984E+16
54739,54740,7,2,32,99,2016,7,22,6,3,8,1,2,1,0,1,0,0,0,0,3.15298E+20,5.53755E+21,6.42467E+15,4.99617E+16
54740,54741,7,3,39,31,2016,7,17,1,3,0,6,0,0,0,1,0,0,0,1,4.3484E+20,5.52762E+21,8.09272E+15,4.98974E+16
54741,54742,7,3,35,38,2016,6,7,5,3,2,6,0,0,0,1,0,0,0,0,3.9409E+20,5.47513E+21,7.53967E+15,4.94196E+16
54742,54743,7,2,33,501,2016,7,13,3,3,5,3,0,0,0,1,0,0,1,0,3.44154E+20,5.56281E+21,6.81639E+15,5.01969E+16
54743,54744,7,3,15,0,2016,6,20,5,2,1,1,0,0,1,1,0,0,0,0,4.45954E+20,5.53991E+21,8.24573E+15,5.00091E+16
54744,54745,7,3,18,0,2016,6,11,4,3,5,3,0,0,0,1,0,0,0,0,4.5763E+20,5.46297E+21,8.417E+15,4.9318E+16
54745,54746,7,3,36,31,2016,6,20,2,2,9,1,1,1,0,1,0,0,0,0,3.85758E+20,5.48088E+21,7.42318E+15,4.94698E+16
54746,54747,7,1,41,117,2016,6,13,5,3,2,6,0,0,0,1,0,0,0,1,4.24554E+20,5.56508E+21,7.94214E+15,5.02331E+16
54747,54748,7,1,31,7,2016,7,15,7,3,3,3,0,0,0,1,0,1,0,0,3.71205E+20,5.60095E+21,7.18213E+15,5.05463E+16
54748,54749,7,1,41,89,2016,6,17,5,2,8,1,0,0,0,0,0,1,0,0,4.30804E+20,5.57049E+21,8.02877E+15,5.02825E+16
54749,54750,7,3,38,16,2016,6,16,3,2,5,3,0,0,1,1,0,0,0,0,4.47878E+20,5.48534E+21,8.27988E+15,4.95184E+16
54750,54751,7,3,15,0,2016,6,9,2,3,2,6,0,0,0,1,0,0,0,0,4.48568E+20,5.53807E+21,8.28245E+15,4.99927E+16
54751,54752,7,3,14,0,2016,6,23,7,2,5,3,2,1,0,1,0,0,0,0,4.55988E+20,5.48228E+21,8.39226E+15,4.94915E+16
54752,54753,7,3,31,72,2016,6,18,4,3,5,3,0,1,0,1,0,0,0,0,4.25224E+20,5.51879E+21,7.96056E+15,4.98169E+16
54753,54754,7,1,31,6,2016,6,8,3,3,2,6,0,0,0,1,0,0,0,0,3.80059E+20,5.59581E+21,7.30869E+15,5.05019E+16
54754,54755,7,1,34,46,2016,6,7,2,2,5,3,0,1,0,1,0,0,0,0,3.71752E+20,5.51426E+21,7.21905E+15,4.97671E+16
54755,54756,7,2,32,7,2016,6,12,1,2,9,1,0,0,0,1,0,0,0,0,3.27604E+20,5.54153E+21,6.59431E+15,5.00012E+16
54756,54757,7,3,34,22,2016,6,6,4,3,8,1,0,1,0,1,0,0,0,0,4.49417E+20,5.4411E+21,8.30676E+15,4.91207E+16
54757,54758,7,1,40,80,2016,6,12,1,3,9,1,0,1,0,1,0,0,0,0,4.00125E+20,5.55041E+21,7.60355E+15,5.00975E+16
54758,54759,7,1,43,81,2016,6,11,4,3,6,4,0,0,0,1,1,0,0,0,4.13728E+20,5.59131E+21,7.78437E+15,5.04674E+16
54759,54760,7,3,14,0,2016,7,5,5,3,4,6,0,0,1,0,0,0,0,0,4.59226E+20,5.48231E+21,8.43698E+15,4.94921E+16
54760,54761,7,2,35,50,2016,6,0,6,3,9,1,2,1,0,1,0,0,0,0,3.43073E+20,5.50475E+21,6.82488E+15,4.96748E+16
54761,54762,7,3,20,0,2016,6,14,3,3,5,3,0,0,0,1,0,0,0,0,3.83111E+20,5.46217E+21,7.39216E+15,4.93011E+16
54762,54763,7,1,37,216,2016,6,17,2,3,4,2,0,0,0,1,0,0,0,0,3.93614E+20,5.58341E+21,7.50329E+15,5.03931E+16
54763,54764,7,3,32,46,2016,6,3,1,3,6,6,2,1,1,0,1,0,0,0,4.40384E+20,5.47759E+21,8.17753E+15,4.9448E+16
54764,54765,7,3,15,0,2016,6,16,4,3,1,6,0,1,0,1,0,0,0,0,4.43521E+20,5.54014E+21,8.21175E+15,5.00109E+16
54765,54766,7,1,34,69,2016,6,17,6,3,5,3,0,0,0,1,0,1,0,0,3.81173E+20,5.52468E+21,7.34662E+15,4.98628E+16
54766,54767,7,2,35,85,2016,7,15,4,2,8,1,0,0,0,1,0,0,0,0,3.37925E+20,5.51645E+21,6.74872E+15,4.97786E+16
54767,54768,7,1,37,57,2016,6,7,6,3,0,6,0,0,0,1,0,1,0,0,3.82212E+20,5.5837E+21,7.34284E+15,5.03936E+16
54768,54769,7,1,41,11,2016,6,19,5,3,6,4,0,0,0,0,1,1,0,0,4.26259E+20,5.56548E+21,7.96596E+15,5.02369E+16
54769,54770,7,3,15,0,2016,6,2,7,3,1,6,2,0,0,1,0,0,0,0,4.47702E+20,5.53979E+21,8.27013E+15,5.00082E+16
54770,54771,7,2,35,55,2016,6,14,6,3,5,3,0,1,0,1,0,1,0,0,3.24209E+20,5.50337E+21,6.56428E+15,4.96572E+16
54771,54772,7,1,37,68,2016,7,19,6,3,8,1,0,0,1,0,0,0,0,0,3.74624E+20,5.57408E+21,7.23935E+15,5.03055E+16
54772,54773,7,1,31,7,2016,7,16,1,3,8,1,0,1,0,1,0,0,0,0,3.6968E+20,5.60336E+21,7.15978E+15,5.05676E+16
54773,54774,7,1,41,79,2016,6,17,7,3,8,1,0,0,0,0,0,1,0,0,4.09408E+20,5.5586E+21,7.73136E+15,5.01727E+16
54774,54775,7,3,17,0,2016,7,23,2,3,5,2,2,0,0,1,0,0,0,0,3.97806E+20,5.45225E+21,7.59675E+15,4.92146E+16
54775,54776,7,1,11,0,2016,6,11,4,2,8,1,0,0,0,0,0,1,0,0,3.99511E+20,5.57862E+21,7.5875E+15,5.0351E+16
54776,54777,7,1,32,37,2016,6,7,3,3,9,1,0,1,0,1,0,0,0,0,4.14374E+20,5.63533E+21,7.78329E+15,5.08633E+16
54777,54778,7,2,31,134,2016,6,17,4,3,3,6,0,0,0,1,0,1,0,0,3.52858E+20,5.53944E+21,6.94726E+15,4.99891E+16
54778,54779,7,3,20,0,2016,6,7,4,3,6,4,0,1,0,1,1,0,0,0,3.82174E+20,5.45732E+21,7.3807E+15,4.92573E+16
54779,54780,7,3,18,0,2016,7,13,6,3,2,6,0,0,0,1,0,1,0,0,4.58484E+20,5.46372E+21,8.42868E+15,4.93248E+16
54780,54781,7,3,15,0,2016,6,15,3,3,2,6,0,0,0,1,0,0,0,0,4.476E+20,5.5399E+21,8.2687E+15,5.00091E+16