FID,OBJECTID,ULAND,UREGBEZ,UKREIS,UGEMEINDE,UJAHR,UMONAT,USTUNDE,UWOCHENTAG,UKATEGORIE,UART,UTYP1,ULICHTVERH,IstStrasse,IstRad,IstPKW,IstFuss,IstKrad,IstGkfz,IstSonstig,LINREFX,LINREFY,XGCSWGS84,YGCSWGS84
54781,54782,7,1,33,23,2016,6,12,7,3,2,6,0,1,0,1,0,0,0,0,4.11815E+20,5.53498E+21,7.77051E+15,4.99606E+16
54782,54783,7,1,32,114,2016,6,5,2,3,9,1,1,0,0,1,0,0,0,0,3.97346E+20,5.62116E+21,7.54536E+15,5.07332E+16
54783,54784,7,1,32,52,2016,6,17,7,3,9,1,0,1,0,1,0,0,0,0,4.04993E+20,5.62203E+21,7.65346E+15,5.07422E+16
54784,54785,7,3,34,13,2016,6,16,2,2,5,3,0,0,1,1,0,0,0,0,4.41512E+20,5.43697E+21,8.19902E+15,4.90828E+16
54785,54786,7,3,39,40,2016,6,17,5,2,3,6,0,1,0,1,0,1,0,0,4.14258E+20,5.54346E+21,7.80266E+15,5.00372E+16
54786,54787,7,1,41,201,2016,6,11,1,3,0,1,0,1,0,0,0,1,0,0,4.10532E+20,5.58099E+21,7.7418E+15,5.03742E+16
54787,54788,7,3,15,0,2016,6,20,7,3,0,7,0,0,1,0,0,0,0,0,4.48733E+20,5.538E+21,8.28477E+15,4.99921E+16
54788,54789,7,1,31,70,2016,7,20,5,3,4,6,0,0,1,0,0,0,0,0,3.73303E+20,5.60854E+21,7.20914E+15,5.06149E+16
54789,54790,7,1,33,6,2016,6,14,6,3,2,6,0,0,0,1,0,0,0,0,4.1741E+20,5.51947E+21,7.85181E+15,4.9822E+16
54790,54791,7,2,33,26,2016,7,17,5,3,5,2,0,0,0,1,0,0,0,0,3.31627E+20,5.56608E+21,6.63958E+15,5.02229E+16
54791,54792,7,3,17,0,2016,6,10,5,3,8,1,0,1,0,1,0,0,0,0,3.98407E+20,5.45316E+21,7.60477E+15,4.92228E+16
54792,54793,7,1,32,501,2016,6,18,5,3,2,6,0,0,0,1,0,0,0,0,4.03933E+20,5.61585E+21,7.64005E+15,5.06865E+16
54793,54794,7,3,32,25,2016,7,17,6,3,2,6,0,0,0,1,0,0,1,0,4.45788E+20,5.47031E+21,8.25307E+15,4.93831E+16
54794,54795,7,3,39,65,2016,6,12,3,3,6,4,0,0,0,0,1,1,0,1,4.25067E+20,5.52566E+21,7.95705E+15,4.98786E+16
54795,54796,7,1,34,60,2016,6,10,2,3,0,6,0,0,0,0,0,0,1,0,3.80692E+20,5.51296E+21,7.34353E+15,4.97572E+16
54796,54797,7,2,31,80,2016,6,20,7,2,0,1,0,0,0,0,0,1,0,0,3.42607E+20,5.55231E+21,6.79906E+15,5.01022E+16
54797,54798,7,1,43,9,2016,6,13,3,3,8,1,0,0,0,1,0,0,1,0,4.07687E+20,5.59677E+21,7.69791E+15,5.05156E+16
54798,54799,7,1,41,54,2016,6,18,2,2,9,1,0,1,0,1,0,0,0,0,4.23835E+20,5.57057E+21,7.93095E+15,5.02823E+16
54799,54800,7,2,31,502,2016,6,2,1,3,0,7,2,1,0,1,0,0,0,0,3.63691E+20,5.51666E+21,7.10632E+15,4.97869E+16
54800,54801,7,3,35,47,2016,6,12,7,2,8,1,0,1,0,0,0,1,0,0,4.14962E+20,5.46509E+21,7.82954E+15,4.93326E+16
54801,54802,7,2,11,0,2016,7,3,5,2,0,1,2,0,1,0,0,0,0,0,3.30835E+20,5.51294E+21,6.65185E+15,4.97452E+16
54802,54803,7,3,38,1,2016,6,16,6,3,5,3,0,0,0,1,0,0,0,0,4.62803E+20,5.47406E+21,8.48714E+15,4.94181E+16
54803,54804,7,3,15,0,2016,7,15,5,3,2,6,0,0,0,1,0,0,0,0,4.46536E+20,5.54069E+21,8.25375E+15,5.00161E+16
54804,54805,7,1,37,226,2016,6,13,6,3,2,6,0,1,0,0,0,0,1,1,4.0165E+20,5.58334E+21,7.61631E+15,5.03939E+16
54805,54806,7,1,43,208,2016,6,11,3,3,4,6,0,0,1,1,0,0,0,0,4.25169E+20,5.59306E+21,7.94519E+15,5.04848E+16
54806,54807,7,1,34,27,2016,6,14,1,3,7,7,0,0,0,0,0,1,0,0,3.76096E+20,5.50284E+21,7.28296E+15,4.96654E+16
54807,54808,7,3,36,3,2016,6,14,1,2,5,3,0,0,0,1,0,1,0,0,3.88775E+20,5.48981E+21,7.46228E+15,4.95507E+16
54808,54809,7,2,33,56,2016,6,8,4,3,8,1,0,1,0,1,0,0,0,0,3.35946E+20,5.56695E+21,6.69969E+15,5.0232E+16
54809,54810,7,1,43,274,2016,6,18,7,3,5,3,0,0,0,1,0,0,0,0,4.31811E+20,5.61053E+21,8.0356E+15,5.06427E+16
54810,54811,7,1,32,62,2016,7,23,2,3,8,1,2,0,0,1,0,0,0,0,3.87176E+20,5.61951E+21,7.4018E+15,5.07164E+16
54811,54812,7,1,43,250,2016,6,17,6,3,3,6,0,0,0,1,0,0,0,0,4.09969E+20,5.6161E+21,7.72541E+15,5.06898E+16
54812,54813,7,3,17,0,2016,7,12,3,3,8,1,0,0,0,0,0,1,0,0,3.98401E+20,5.45312E+21,7.6047E+15,4.92225E+16
54813,54814,7,1,11,0,2016,6,7,6,3,3,6,0,0,1,1,0,0,0,1,4.01566E+20,5.57986E+21,7.61605E+15,5.03625E+16
54814,54815,7,1,31,82,2016,6,7,5,2,8,1,0,0,0,0,0,1,0,0,3.45651E+20,5.58992E+21,6.82626E+15,5.0441E+16
54815,54816,7,2,33,49,2016,6,19,7,3,5,3,0,1,0,1,0,0,0,0,3.45983E+20,5.56801E+21,6.83988E+15,5.02441E+16
54816,54817,7,1,31,6,2016,6,9,6,3,4,1,0,0,0,1,0,0,0,0,3.80221E+20,5.5955E+21,7.31107E+15,5.04992E+16
54817,54818,7,3,20,0,2016,6,14,5,2,5,3,0,0,0,1,0,0,0,0,3.7987E+20,5.45641E+21,7.34933E+15,4.92487E+16
54818,54819,7,3,40,57,2016,7,15,7,1,4,1,0,0,0,1,0,1,0,0,4.19329E+20,5.45193E+21,7.89228E+15,4.92148E+16
54819,54820,7,1,34,50,2016,6,11,4,3,8,1,0,0,0,0,0,1,0,0,3.69759E+20,5.5084E+21,7.19334E+15,4.9714E+16
54820,54821,7,3,12,0,2016,6,15,3,3,5,3,0,1,0,1,0,0,0,0,4.10214E+20,5.47651E+21,7.76162E+15,4.94346E+16
54821,54822,7,1,40,112,2016,6,13,7,2,2,1,0,0,1,0,0,0,0,0,4.09646E+20,5.55421E+21,7.73573E+15,5.01332E+16
54822,54823,7,3,33,19,2016,6,23,1,3,5,3,2,0,0,1,0,0,0,0,4.33901E+20,5.49074E+21,8.08589E+15,4.95657E+16
54823,54824,7,3,38,23,2016,7,18,2,3,3,6,0,0,1,1,0,0,0,0,4.55803E+20,5.45885E+21,8.39232E+15,4.92808E+16
54824,54825,7,3,32,28,2016,6,8,3,3,5,3,0,0,0,1,0,1,0,0,4.40438E+20,5.482E+21,8.17761E+15,4.94877E+16
54825,54826,7,3,20,0,2016,6,20,2,3,5,2,0,1,0,1,0,0,0,0,3.80359E+20,5.45596E+21,7.35617E+15,4.92447E+16
54826,54827,7,3,16,0,2016,6,23,4,3,5,3,2,0,0,1,0,0,0,0,4.37638E+20,5.46647E+21,8.14139E+15,4.93477E+16
54827,54828,7,3,31,30,2016,7,20,6,2,5,2,0,0,0,1,0,0,1,0,4.27891E+20,5.52068E+21,7.99727E+15,4.98342E+16
54828,54829,7,1,41,129,2016,6,16,3,3,0,7,0,0,0,1,0,0,0,0,4.16351E+20,5.57133E+21,7.82576E+15,5.02882E+16
54829,54830,7,3,35,17,2016,6,13,6,3,0,3,0,0,0,1,0,0,0,1,4.05378E+20,5.48426E+21,7.69308E+15,4.95036E+16
54830,54831,7,3,39,18,2016,6,12,2,3,8,1,0,0,0,0,0,1,0,0,4.46546E+20,5.52092E+21,8.25662E+15,4.98384E+16
54831,54832,7,1,43,286,2016,6,7,5,3,5,3,0,0,0,1,0,0,0,1,4.34651E+20,5.6082E+21,8.07617E+15,5.0622E+16
54832,54833,7,3,17,0,2016,7,17,4,3,6,2,0,0,0,1,1,0,0,0,3.98701E+20,5.44996E+21,7.60962E+15,4.9194E+16
54833,54834,7,3,15,0,2016,6,17,6,3,2,2,0,0,0,1,0,0,0,0,4.47068E+20,5.53818E+21,8.26152E+15,4.99936E+16
54834,54835,7,1,34,5,2016,7,15,5,2,8,1,0,0,0,0,0,1,0,0,3.8363E+20,5.49597E+21,7.38936E+15,4.96051E+16
54835,54836,7,1,31,39,2016,6,12,1,3,8,1,0,0,0,0,0,1,0,0,3.58569E+20,5.5943E+21,7.00642E+15,5.04836E+16
54836,54837,7,3,20,0,2016,6,14,6,2,3,6,0,0,0,1,0,1,0,0,3.83617E+20,5.4545E+21,7.40134E+15,4.92322E+16
54837,54838,7,3,37,1,2016,7,1,1,2,4,6,2,0,0,1,0,0,0,0,4.27263E+20,5.45317E+21,8.00098E+15,4.9227E+16
54838,54839,7,1,40,110,2016,6,19,6,3,2,6,0,0,0,1,0,0,1,0,3.99384E+20,5.55456E+21,7.59209E+15,5.01347E+16
54839,54840,7,3,31,63,2016,7,19,3,3,5,2,0,0,0,1,0,0,0,0,4.34353E+20,5.52138E+21,8.087E+15,4.98412E+16
54840,54841,7,1,40,501,2016,6,23,4,2,5,3,2,0,0,1,0,0,0,0,4.0048E+20,5.56502E+21,7.60469E+15,5.0229E+16
54841,54842,7,3,37,42,2016,6,18,5,2,5,2,0,0,0,1,0,0,0,0,4.3131E+20,5.44906E+21,8.05727E+15,4.91905E+16
54842,54843,7,3,34,9,2016,6,16,5,3,5,3,0,0,0,1,0,0,0,0,4.46416E+20,5.44071E+21,8.26568E+15,4.91169E+16
54843,54844,7,3,33,503,2016,6,11,4,2,2,1,0,0,1,1,0,0,0,0,4.17803E+20,5.49033E+21,7.8634E+15,4.956E+16
54844,54845,7,1,31,90,2016,6,16,3,3,5,3,0,0,1,1,0,0,0,0,3.65207E+20,5.60395E+21,7.09643E+15,5.05719E+16
54845,54846,7,3,15,0,2016,6,18,5,3,5,2,0,0,1,1,0,0,0,0,4.42564E+20,5.53923E+21,8.19853E+15,5.00026E+16
54846,54847,7,3,15,0,2016,7,14,7,2,5,3,0,0,0,1,0,1,0,0,4.49717E+20,5.53733E+21,8.29858E+15,4.99862E+16
54847,54848,7,1,34,45,2016,6,16,5,3,1,2,0,0,0,1,0,0,0,0,3.78895E+20,5.50675E+21,7.32052E+15,4.97011E+16
54848,54849,7,1,37,228,2016,6,15,4,3,4,6,0,0,0,0,0,0,0,1,3.91326E+20,5.58534E+21,7.47055E+15,5.04101E+16
54849,54850,7,3,32,9,2016,6,14,2,3,2,2,0,0,0,1,0,0,0,0,4.41973E+20,5.47382E+21,8.2E+15,4.94143E+16
54850,54851,7,1,38,31,2016,6,17,1,3,9,1,0,0,0,0,0,1,0,0,3.9956E+20,5.59231E+21,7.58453E+15,5.04741E+16
54851,54852,7,3,38,16,2016,6,16,1,2,5,3,0,0,1,1,0,0,0,0,4.50071E+20,5.48466E+21,8.31026E+15,4.95125E+16
54852,54853,7,1,32,70,2016,6,12,7,2,4,1,0,1,0,1,0,1,0,0,4.06789E+20,5.61401E+21,7.68094E+15,5.06705E+16
54853,54854,7,3,36,96,2016,7,14,1,3,4,6,0,0,0,1,0,0,0,0,3.85068E+20,5.48061E+21,7.41373E+15,4.94673E+16
54854,54855,7,1,37,69,2016,6,11,6,3,5,2,0,0,0,1,0,0,1,0,3.76989E+20,5.58303E+21,7.26961E+15,5.03865E+16
54855,54856,7,1,32,101,2016,6,7,6,3,4,6,0,0,0,1,0,0,1,0,4.22745E+20,5.62351E+21,7.9047E+15,5.07582E+16
54856,54857,7,3,32,2,2016,7,16,3,2,0,1,0,0,1,0,0,0,0,0,4.39837E+20,5.47878E+21,8.16981E+15,4.94587E+16
54857,54858,7,3,35,38,2016,6,16,5,3,5,3,0,0,0,1,0,0,0,0,3.94063E+20,5.47869E+21,7.53836E+15,4.94516E+16
54858,54859,7,1,37,207,2016,6,19,5,3,2,6,0,0,0,1,0,1,0,0,3.93105E+20,5.57287E+21,7.49911E+15,5.02982E+16
54859,54860,7,3,14,0,2016,6,17,5,3,0,1,0,0,1,0,0,0,0,0,4.57653E+20,5.48273E+21,8.41521E+15,4.94957E+16
54860,54861,7,1,33,64,2016,7,10,7,3,9,1,0,1,0,1,0,0,0,0,4.00137E+20,5.51374E+21,7.61321E+15,4.97678E+16
54861,54862,7,3,31,55,2016,6,15,5,3,2,6,0,0,0,1,0,0,0,0,4.51271E+20,5.50596E+21,8.3242E+15,4.97041E+16
54862,54863,7,1,43,300,2016,6,10,4,3,8,1,0,0,0,0,0,0,1,0,4.20715E+20,5.61312E+21,7.87815E+15,5.06646E+16
54863,54864,7,1,33,52,2016,6,14,3,3,6,4,0,0,0,1,1,0,0,0,3.88873E+20,5.5156E+21,7.45631E+15,4.97826E+16
54864,54865,7,3,36,55,2016,6,12,6,3,1,6,0,0,0,1,0,0,0,0,4.08117E+20,5.4819E+21,7.73146E+15,4.94828E+16
54865,54866,7,1,32,94,2016,6,7,1,2,8,1,0,1,0,0,0,1,0,0,3.94922E+20,5.61846E+21,7.51178E+15,5.07084E+16
54866,54867,7,2,31,72,2016,7,16,2,3,2,2,0,0,0,1,0,0,0,0,3.62446E+20,5.53731E+21,7.0817E+15,4.99722E+16
54867,54868,7,3,38,26,2016,6,13,3,3,2,6,0,1,0,1,0,0,0,0,4.59454E+20,5.47146E+21,8.44123E+15,4.93945E+16
54868,54869,7,1,37,68,2016,6,14,5,3,5,3,0,0,0,1,0,1,0,0,3.73827E+20,5.57682E+21,7.22724E+15,5.033E+16
54869,54870,7,3,32,24,2016,6,5,2,3,5,3,1,0,0,1,0,0,0,0,4.40138E+20,5.49323E+21,8.17177E+15,4.95887E+16
54870,54871,7,3,15,0,2016,6,14,4,2,4,2,0,0,0,1,0,1,0,0,4.46746E+20,5.53896E+21,8.25691E+15,5.00005E+16
54871,54872,7,3,38,26,2016,6,18,6,2,8,1,0,1,0,1,0,0,0,0,4.61071E+20,5.4718E+21,8.46348E+15,4.93976E+16
54872,54873,7,2,33,6,2016,6,17,2,3,9,1,0,0,0,0,0,0,0,1,3.4029E+20,5.56864E+21,6.75983E+15,5.02483E+16
54873,54874,7,1,43,52,2016,6,16,2,1,3,7,0,1,0,1,0,0,1,0,4.08371E+20,5.58289E+21,7.71095E+15,5.03909E+16
54874,54875,7,1,37,228,2016,6,7,5,3,2,2,0,0,0,1,0,0,0,0,3.8967E+20,5.586E+21,7.44705E+15,5.04156E+16
54875,54876,7,3,34,8,2016,7,15,4,3,5,3,0,0,0,0,0,1,1,0,4.45675E+20,5.4309E+21,8.25684E+15,4.90286E+16
54876,54877,7,1,31,55,2016,6,10,1,3,1,7,0,0,0,1,1,0,0,0,3.7398E+20,5.58917E+21,7.22526E+15,5.0441E+16
54877,54878,7,3,32,13,2016,6,18,6,3,4,2,0,0,0,1,0,0,0,0,4.4593E+20,5.48068E+21,8.25361E+15,4.94763E+16
54878,54879,7,2,33,55,2016,7,22,6,3,0,7,2,0,0,0,0,1,0,0,3.3942E+20,5.56196E+21,6.75048E+15,5.01881E+16
54879,54880,7,1,33,107,2016,7,12,1,1,9,1,0,0,0,1,0,1,0,0,4.07389E+20,5.51898E+21,7.71264E+15,4.98161E+16
54880,54881,7,3,40,33,2016,6,14,5,3,9,1,0,0,0,1,0,0,0,0,4.14176E+20,5.43824E+21,7.82446E+15,4.90911E+16
54881,54882,7,3,15,0,2016,7,0,3,2,0,1,2,0,1,0,0,0,0,0,4.50234E+20,5.53523E+21,8.30606E+15,4.99673E+16
54882,54883,7,1,11,0,2016,6,7,4,3,3,6,0,1,0,1,0,0,0,0,3.99481E+20,5.57848E+21,7.58711E+15,5.03498E+16
54883,54884,7,3,19,0,2016,6,11,5,3,1,7,0,0,0,1,0,0,0,0,4.53303E+20,5.49919E+21,8.35319E+15,4.96434E+16
54884,54885,7,3,32,25,2016,6,17,4,3,0,1,0,0,1,0,0,0,0,0,4.49563E+20,5.46288E+21,8.30602E+15,4.93166E+16
54885,54886,7,1,37,229,2016,6,6,3,2,2,1,0,0,0,1,0,0,1,0,4.02571E+20,5.58716E+21,7.62829E+15,5.04284E+16
54886,54887,7,2,11,0,2016,6,23,5,3,8,1,2,0,0,1,0,0,0,0,3.34977E+20,5.52359E+21,6.70477E+15,4.9842E+16
54887,54888,7,1,35,82,2016,7,14,7,2,9,1,0,0,1,0,0,0,0,0,3.78216E+20,5.55935E+21,7.2945E+15,5.01738E+16
54888,54889,7,2,35,125,2016,6,13,5,3,4,2,0,0,0,1,0,0,0,0,3.37241E+20,5.52151E+21,6.73712E+15,4.98239E+16
54889,54890,7,3,32,32,2016,6,15,3,2,6,4,0,0,0,1,1,0,0,0,4.33167E+20,5.46937E+21,8.07936E+15,4.93734E+16
54890,54891,7,3,14,0,2016,6,14,2,3,5,3,0,0,1,1,0,0,0,0,4.58431E+20,5.48297E+21,8.42592E+15,4.94979E+16
54891,54892,7,3,35,42,2016,6,17,7,2,8,1,0,0,0,0,0,1,0,0,4.08904E+20,5.48901E+21,7.74068E+15,4.95469E+16
54892,54893,7,3,19,0,2016,6,17,4,3,4,6,0,0,1,1,0,0,0,0,4.52501E+20,5.49797E+21,8.34223E+15,4.96324E+16
54893,54894,7,1,43,62,2016,6,17,3,3,2,1,0,0,0,1,0,0,0,0,4.09693E+20,5.59145E+21,7.72749E+15,5.04681E+16
54894,54895,7,3,15,0,2016,6,7,2,3,3,6,0,1,0,1,0,1,0,0,4.47858E+20,5.53953E+21,8.27236E+15,5.00058E+16
54895,54896,7,1,33,6,2016,6,14,1,3,9,1,0,1,0,1,0,0,0,0,4.19274E+20,5.52382E+21,7.87681E+15,4.98613E+16
54896,54897,7,3,32,2,2016,6,14,4,3,5,3,0,0,0,1,0,0,0,0,4.41307E+20,5.4793E+21,8.19E+15,4.94635E+16
54897,54898,7,1,37,69,2016,6,20,1,2,2,6,0,0,0,1,0,0,0,0,3.77069E+20,5.58257E+21,7.2709E+15,5.03823E+16
54898,54899,7,1,43,276,2016,6,14,4,3,1,2,0,0,0,1,0,0,0,0,4.17332E+20,5.6141E+21,7.83008E+15,5.06728E+16
54899,54900,7,2,32,245,2016,6,18,6,3,9,1,0,1,0,1,0,0,0,0,3.01275E+20,5.5512E+21,6.22232E+15,5.00798E+16
54900,54901,7,3,40,28,2016,6,6,3,3,0,5,0,0,0,1,0,0,0,0,4.02009E+20,5.4474E+21,7.65563E+15,4.91716E+16
54901,54902,7,1,35,29,2016,6,13,2,3,2,2,0,0,0,1,0,0,0,0,3.66438E+20,5.55609E+21,7.13078E+15,5.0142E+16
54902,54903,7,3,17,0,2016,6,11,1,3,9,1,0,1,0,1,0,0,0,0,3.97882E+20,5.45243E+21,7.59776E+15,4.92162E+16
54903,54904,7,1,33,6,2016,6,16,4,3,2,6,0,1,0,1,0,0,0,1,4.20665E+20,5.52284E+21,7.89636E+15,4.98527E+16
54904,54905,7,1,38,2,2016,6,6,3,3,5,3,0,0,0,1,0,1,0,0,3.98067E+20,5.59561E+21,7.56259E+15,5.05036E+16
54905,54906,7,1,31,2,2016,6,18,1,3,2,6,0,0,0,1,0,1,0,0,3.57097E+20,5.59544E+21,6.98524E+15,5.04935E+16
54906,54907,7,3,39,27,2016,6,2,4,2,9,1,2,0,0,1,0,0,0,0,4.3888E+20,5.53917E+21,8.14713E+15,5.00017E+16
54907,54908,7,2,33,209,2016,6,15,3,3,9,1,0,0,0,1,0,0,0,0,3.28459E+20,5.55607E+21,6.59971E+15,5.01321E+16
54908,54909,7,3,14,0,2016,6,8,2,3,2,6,0,1,0,1,0,0,1,0,4.4964E+20,5.48144E+21,8.30473E+15,4.94835E+16
54909,54910,7,3,20,0,2016,6,19,4,3,4,6,0,1,0,1,0,0,0,0,3.80727E+20,5.4558E+21,7.36128E+15,4.92434E+16
54910,54911,7,2,31,8,2016,6,11,4,3,2,6,0,0,0,1,0,0,0,0,3.58545E+20,5.53446E+21,7.02837E+15,4.99457E+16
54911,54912,7,3,15,0,2016,6,7,6,3,6,4,1,0,0,1,1,0,0,0,4.47466E+20,5.53441E+21,8.26758E+15,4.99597E+16
54912,54913,7,1,41,29,2016,6,15,2,3,6,2,0,0,0,1,1,0,0,0,4.31233E+20,5.58049E+21,8.03297E+15,5.03724E+16
54913,54914,7,1,40,112,2016,6,12,2,3,8,1,0,1,0,1,0,0,0,0,4.09727E+20,5.55394E+21,7.73694E+15,5.01308E+16
54914,54915,7,3,34,1,2016,6,15,4,3,1,6,0,0,0,1,0,0,0,0,4.51188E+20,5.44959E+21,8.32999E+15,4.91972E+16
54915,54916,7,1,32,111,2016,6,20,3,3,8,1,0,0,0,0,0,1,0,0,4.17416E+20,5.62804E+21,7.82814E+15,5.07982E+16
54916,54917,7,3,12,0,2016,6,18,3,3,1,2,0,0,0,1,0,0,0,0,4.05843E+20,5.48083E+21,7.70033E+15,4.94728E+16
54917,54918,7,3,39,30,2016,7,18,4,2,5,3,0,0,1,1,0,0,0,0,4.31708E+20,5.53541E+21,8.04774E+15,4.99671E+16
54918,54919,7,3,32,10,2016,6,12,7,3,5,2,0,0,0,0,0,1,1,0,4.46462E+20,5.48984E+21,8.25971E+15,4.95588E+16
54919,54920,7,3,37,61,2016,6,11,6,2,0,1,0,0,0,0,0,1,0,0,4.41787E+20,5.45025E+21,8.20087E+15,4.92023E+16
54920,54921,7,1,34,45,2016,7,11,6,3,5,3,0,0,0,1,0,1,0,0,3.77334E+20,5.50686E+21,7.29884E+15,4.97017E+16
54921,54922,7,1,41,502,2016,7,16,1,3,8,1,0,1,0,0,0,1,0,0,4.19315E+20,5.55844E+21,7.8701E+15,5.01727E+16
54922,54923,7,3,14,0,2016,6,6,5,3,8,1,0,0,0,0,0,1,1,1,4.52605E+20,5.48126E+21,8.34568E+15,4.94821E+16
54923,54924,7,1,41,6,2016,7,10,3,2,9,1,0,0,0,1,0,0,0,0,4.1091E+20,5.57641E+21,7.74821E+15,5.0333E+16
54924,54925,7,3,15,0,2016,6,8,5,3,5,3,0,0,1,1,0,0,0,0,4.46728E+20,5.5387E+21,8.2567E+15,4.99982E+16
54925,54926,7,3,14,0,2016,6,14,4,3,3,2,0,0,1,1,0,0,0,0,4.53801E+20,5.48156E+21,8.36216E+15,4.94849E+16
54926,54927,7,3,35,45,2016,6,6,2,2,4,6,0,0,0,1,0,0,0,0,4.06054E+20,5.46935E+21,7.70596E+15,4.93696E+16
54927,54928,7,1,38,19,2016,6,13,5,3,2,6,0,0,0,1,0,0,0,0,3.74838E+20,5.60496E+21,7.23203E+15,5.05832E+16
54928,54929,7,1,37,203,2016,7,9,7,3,9,1,0,1,0,1,0,0,0,0,3.99457E+20,5.58545E+21,7.58491E+15,5.04124E+16
54929,54930,7,1,31,90,2016,6,17,5,3,4,2,0,0,0,1,0,0,0,0,3.64833E+20,5.60375E+21,7.09123E+15,5.057E+16
54930,54931,7,3,11,0,2016,6,18,3,3,5,3,0,0,1,1,0,0,0,0,4.52342E+20,5.48865E+21,8.34116E+15,4.95486E+16
54931,54932,7,2,32,206,2016,6,7,2,3,2,6,0,0,0,1,0,0,0,0,3.06345E+20,5.56855E+21,6.28428E+15,5.02373E+16
54932,54933,7,3,14,0,2016,6,20,7,3,0,1,1,1,0,1,0,0,0,0,4.59773E+20,5.4806E+21,8.44471E+15,4.94767E+16
54933,54934,7,3,15,0,2016,6,10,4,3,0,6,0,0,0,1,0,1,0,0,4.47374E+20,5.53771E+21,8.26584E+15,4.99894E+16
54934,54935,7,1,11,0,2016,6,15,3,3,2,6,0,0,0,1,0,0,0,0,3.98313E+20,5.58218E+21,7.56969E+15,5.03829E+16
54935,54936,7,2,35,45,2016,6,7,2,3,9,1,0,1,0,1,0,0,0,0,3.5411E+20,5.50256E+21,6.97857E+15,4.96579E+16
54936,54937,7,2,31,8,2016,6,3,1,3,2,6,2,0,0,1,0,0,0,0,3.61714E+20,5.53135E+21,7.07364E+15,4.99185E+16
54937,54938,7,3,38,25,2016,6,7,4,3,4,2,0,1,0,1,0,0,0,0,4.52829E+20,5.46997E+21,8.35011E+15,4.93806E+16
54938,54939,7,3,20,0,2016,6,17,7,3,3,6,0,0,0,1,0,0,0,0,3.83063E+20,5.45504E+21,7.39358E+15,4.9237E+16
54939,54940,7,1,35,67,2016,6,15,4,3,5,3,0,0,0,1,0,0,1,0,3.61825E+20,5.56296E+21,7.06377E+15,5.02027E+16
54940,54941,7,3,34,501,2016,6,10,6,2,2,6,0,0,1,1,0,0,0,0,4.40325E+20,5.43355E+21,8.18327E+15,4.90519E+16
54941,54942,7,1,33,6,2016,7,9,5,2,4,6,0,0,0,1,0,0,0,1,4.22381E+20,5.52512E+21,7.91977E+15,4.98735E+16
54942,54943,7,1,41,84,2016,6,15,6,3,4,1,0,1,0,1,0,0,0,0,4.14469E+20,5.56692E+21,7.80035E+15,5.02482E+16
54943,54944,7,1,43,81,2016,6,13,3,3,2,6,0,0,0,1,0,0,0,0,4.17036E+20,5.5922E+21,7.83077E+15,5.04759E+16
54944,54945,7,3,19,0,2016,6,17,1,3,5,3,0,0,1,1,0,0,0,0,4.53735E+20,5.49875E+21,8.35922E+15,4.96395E+16
54945,54946,7,3,40,4,2016,6,15,1,3,5,3,0,0,0,1,0,0,0,0,4.10408E+20,5.44547E+21,7.77126E+15,4.91555E+16
54946,54947,7,3,37,44,2016,6,20,1,3,0,1,0,1,1,0,0,0,0,0,4.37983E+20,5.44561E+21,8.14937E+15,4.91601E+16
54947,54948,7,3,15,0,2016,6,12,4,3,1,6,0,1,0,0,0,1,0,1,4.49026E+20,5.53786E+21,8.28886E+15,4.99909E+16
54948,54949,7,2,32,308,2016,6,16,7,3,8,6,0,1,0,1,0,1,0,0,3.12876E+20,5.56722E+21,6.37642E+15,5.02275E+16
54949,54950,7,2,11,0,2016,7,9,2,3,1,6,0,1,0,1,0,0,0,0,3.29108E+20,5.51204E+21,6.6283E+15,4.97366E+16
54950,54951,7,2,11,0,2016,6,19,6,3,1,6,0,0,0,1,0,0,0,1,3.27815E+20,5.51606E+21,6.60859E+15,4.97723E+16
54951,54952,7,1,43,242,2016,7,12,4,3,6,4,0,0,1,0,1,0,0,0,4.28264E+20,5.60797E+21,7.98595E+15,5.06192E+16
54952,54953,7,1,11,0,2016,6,11,6,3,5,3,0,0,0,1,0,0,0,0,3.97639E+20,5.58064E+21,7.56064E+15,5.03689E+16
54953,54954,7,1,32,100,2016,6,16,5,3,8,1,0,0,0,1,0,0,0,0,3.97102E+20,5.61341E+21,7.54406E+15,5.06635E+16
54954,54955,7,3,39,21,2016,6,15,7,3,2,6,0,1,0,1,0,0,0,0,4.24198E+20,5.5271E+21,7.94467E+15,4.98915E+16
54955,54956,7,1,38,41,2016,6,13,6,3,6,4,0,0,0,1,1,0,0,0,3.78761E+20,5.60344E+21,7.28791E+15,5.05702E+16
54956,54957,7,1,37,202,2016,7,5,6,3,9,1,1,0,0,1,0,0,0,0,3.90381E+20,5.57995E+21,7.45882E+15,5.03614E+16
54957,54958,7,1,11,0,2016,7,15,1,3,0,1,0,1,0,0,0,1,0,0,4.01161E+20,5.57922E+21,7.61053E+15,5.03567E+16
54958,54959,7,1,38,45,2016,6,17,7,3,6,7,0,0,0,1,1,0,0,0,3.91526E+20,5.59117E+21,7.47168E+15,5.04625E+16
54959,54960,7,3,14,0,2016,6,17,1,3,8,7,0,0,0,1,0,0,0,0,4.56712E+20,5.47593E+21,8.40296E+15,4.94345E+16
54960,54961,7,3,34,12,2016,7,8,2,3,2,7,0,0,0,1,0,1,0,0,4.47512E+20,5.43812E+21,8.28104E+15,4.90937E+16
54961,54962,7,3,35,47,2016,6,12,3,3,0,6,0,0,0,1,0,1,0,0,4.09558E+20,5.46749E+21,7.75464E+15,4.93534E+16
54962,54963,7,1,35,92,2016,6,7,6,3,1,5,0,0,0,1,0,0,0,0,3.68806E+20,5.54298E+21,7.1684E+15,5.00247E+16