FID,OBJECTID,ULAND,UREGBEZ,UKREIS,UGEMEINDE,UJAHR,UMONAT,USTUNDE,UWOCHENTAG,UKATEGORIE,UART,UTYP1,ULICHTVERH,IstStrasse,IstRad,IstPKW,IstFuss,IstKrad,IstGkfz,IstSonstig,LINREFX,LINREFY,XGCSWGS84,YGCSWGS84
54963,54964,7,2,31,87,2016,7,19,4,2,9,1,0,0,0,0,0,1,0,0,3.6248E+20,5.52789E+21,7.08553E+15,4.98876E+16
54964,54965,7,2,11,0,2016,6,17,5,3,1,2,0,0,0,1,0,0,0,0,3.29162E+20,5.51364E+21,6.62835E+15,4.9751E+16
54965,54966,7,3,39,49,2016,6,18,7,2,5,3,0,0,0,1,0,1,0,0,4.53975E+20,5.52243E+21,8.35975E+15,4.98526E+16
54966,54967,7,3,31,3,2016,6,11,6,2,4,2,0,0,0,0,0,1,0,1,4.33945E+20,5.50979E+21,8.0833E+15,4.97369E+16
54967,54968,7,1,32,37,2016,7,15,6,3,8,1,0,0,0,1,0,0,0,0,4.15209E+20,5.64077E+21,7.79389E+15,5.09123E+16
54968,54969,7,1,38,45,2016,7,17,1,3,5,3,0,0,0,1,0,0,0,0,3.96275E+20,5.58975E+21,7.53895E+15,5.04506E+16
54969,54970,7,2,31,72,2016,6,10,7,2,5,3,2,0,0,1,0,1,0,0,3.62057E+20,5.53765E+21,7.07615E+15,4.99752E+16
54970,54971,7,1,32,24,2016,7,16,3,2,4,1,0,1,0,1,0,0,0,0,4.17569E+20,5.62266E+21,7.83151E+15,5.07498E+16
54971,54972,7,1,11,0,2016,6,16,4,3,5,3,0,0,0,1,0,0,1,0,3.935E+20,5.57823E+21,7.50314E+15,5.03465E+16
54972,54973,7,2,31,502,2016,6,11,5,3,1,2,0,0,0,1,0,0,1,0,3.65062E+20,5.52143E+21,7.1237E+15,4.98301E+16
54973,54974,7,2,33,68,2016,6,16,3,3,8,1,0,1,0,1,0,0,0,0,3.53591E+20,5.56262E+21,6.94859E+15,5.01976E+16
54974,54975,7,3,15,0,2016,6,12,4,3,6,4,0,0,0,1,1,0,0,0,4.46817E+20,5.53883E+21,8.25792E+15,4.99994E+16
54975,54976,7,1,37,203,2016,6,20,5,3,9,1,0,0,0,1,0,0,0,0,3.98234E+20,5.58636E+21,7.56746E+15,5.04204E+16
54976,54977,7,3,34,17,2016,7,18,6,3,0,1,0,0,0,0,0,1,0,0,4.52403E+20,5.45557E+21,8.34596E+15,4.9251E+16
54977,54978,7,3,15,0,2016,6,12,3,3,4,2,0,0,0,1,0,0,0,1,4.42111E+20,5.53672E+21,8.19259E+15,4.998E+16
54978,54979,7,1,38,57,2016,6,16,2,3,2,6,0,0,0,1,0,0,0,0,4.0164E+20,5.60601E+21,7.61021E+15,5.05977E+16
54979,54980,7,1,38,8,2016,6,18,7,2,9,1,0,1,0,1,0,0,0,0,3.78519E+20,5.60824E+21,7.28293E+15,5.06134E+16
54980,54981,7,3,17,0,2016,6,16,2,3,2,6,0,0,0,1,0,1,0,0,3.98569E+20,5.44998E+21,7.6078E+15,4.91942E+16
54981,54982,7,3,38,21,2016,6,12,5,2,5,3,0,0,0,1,1,0,0,0,4.59891E+20,5.46842E+21,8.44756E+15,4.93672E+16
54982,54983,7,2,11,0,2016,6,7,1,3,8,1,0,1,0,1,0,0,0,0,3.32172E+20,5.51248E+21,6.6706E+15,4.97414E+16
54983,54984,7,3,14,0,2016,6,18,7,2,1,5,0,0,0,1,0,0,0,1,4.55138E+20,5.48206E+21,8.38056E+15,4.94895E+16
54984,54985,7,1,43,80,2016,7,23,5,2,5,3,2,0,0,1,0,0,0,0,4.25034E+20,5.59022E+21,7.94387E+15,5.04592E+16
54985,54986,7,3,14,0,2016,6,14,6,3,4,5,0,0,0,1,0,1,0,0,4.5437E+20,5.48281E+21,8.36986E+15,4.94962E+16
54986,54987,7,3,31,37,2016,7,0,5,2,2,6,2,0,0,0,0,0,1,0,4.46507E+20,5.50287E+21,8.25856E+15,4.9676E+16
54987,54988,7,1,11,0,2016,6,14,6,3,6,2,0,0,0,1,1,0,0,0,3.99397E+20,5.57976E+21,7.58559E+15,5.03613E+16
54988,54989,7,2,35,154,2016,6,15,1,2,8,1,0,1,0,1,0,0,0,0,3.17438E+20,5.49516E+21,6.47437E+15,4.95815E+16
54989,54990,7,3,16,0,2016,6,17,1,3,5,2,0,0,1,1,0,0,0,0,4.37609E+20,5.46682E+21,8.14094E+15,4.93509E+16
54990,54991,7,2,11,0,2016,6,10,4,2,8,1,0,0,0,1,0,0,0,0,3.28898E+20,5.51395E+21,6.62455E+15,4.97537E+16
54991,54992,7,1,41,57,2016,6,18,7,3,8,1,0,1,0,1,0,0,0,0,4.23824E+20,5.58277E+21,7.92834E+15,5.03921E+16
54992,54993,7,1,11,0,2016,7,4,2,2,8,1,2,0,0,1,0,0,0,0,3.9627E+20,5.5824E+21,7.54092E+15,5.03845E+16
54993,54994,7,1,43,52,2016,6,15,6,3,1,5,0,0,0,1,0,0,0,0,4.08385E+20,5.58199E+21,7.71137E+15,5.03828E+16
54994,54995,7,3,35,12,2016,7,17,3,3,5,3,0,0,0,1,0,0,0,0,3.90593E+20,5.47349E+21,7.49193E+15,4.94043E+16
54995,54996,7,3,40,54,2016,6,13,5,3,4,2,0,0,0,1,0,0,1,0,4.01039E+20,5.4597E+21,7.63929E+15,4.9282E+16
54996,54997,7,1,40,501,2016,6,13,5,3,8,6,0,0,0,1,0,0,0,1,4.0129E+20,5.56737E+21,7.61543E+15,5.02502E+16
54997,54998,7,3,32,18,2016,6,16,5,3,0,1,0,0,0,0,0,0,0,1,4.30767E+20,5.46948E+21,8.04627E+15,4.93741E+16
54998,54999,7,3,37,44,2016,7,11,7,2,3,1,0,1,0,1,0,0,0,0,4.38113E+20,5.44755E+21,8.15086E+15,4.91776E+16
54999,55000,7,2,35,144,2016,6,7,4,3,7,7,0,1,0,1,0,0,0,0,3.22605E+20,5.50206E+21,6.54265E+15,4.9645E+16
55000,55001,7,3,18,0,2016,6,7,3,3,4,2,0,0,1,1,0,0,0,0,4.58484E+20,5.46365E+21,8.42868E+15,4.93242E+16
55001,55002,7,3,40,15,2016,6,12,6,2,9,1,0,0,0,0,0,1,0,0,4.04664E+20,5.46252E+21,7.68845E+15,4.93079E+16
55002,55003,7,1,34,42,2016,6,15,1,2,2,6,0,0,0,1,0,1,0,0,3.67028E+20,5.4977E+21,7.15911E+15,4.96172E+16
55003,55004,7,3,15,0,2016,7,14,2,3,2,2,0,0,0,1,0,0,0,0,4.47116E+20,5.5387E+21,8.26211E+15,4.99983E+16
55004,55005,7,3,37,8,2016,6,7,3,3,9,1,0,1,0,0,0,1,0,0,4.20575E+20,5.44174E+21,7.91141E+15,4.91233E+16
55005,55006,7,3,12,0,2016,6,12,2,3,5,2,0,0,0,1,0,0,1,0,4.09944E+20,5.47798E+21,7.75757E+15,4.94478E+16
55006,55007,7,3,14,0,2016,6,15,4,3,3,6,0,0,0,1,0,0,0,0,4.58654E+20,5.47833E+21,8.42949E+15,4.94562E+16
55007,55008,7,3,39,39,2016,7,19,6,3,5,2,0,0,1,1,0,0,0,0,4.5215E+20,5.52994E+21,8.33343E+15,4.99199E+16
55008,55009,7,1,43,51,2016,6,18,3,3,5,3,0,1,0,1,0,0,0,0,4.23962E+20,5.58655E+21,7.92951E+15,5.04261E+16
55009,55010,7,3,34,501,2016,6,21,6,3,9,1,2,1,0,1,0,0,0,0,4.37408E+20,5.43334E+21,8.14339E+15,4.90497E+16
55010,55011,7,3,15,0,2016,6,15,2,3,3,2,0,0,0,1,0,0,0,1,4.44022E+20,5.53949E+21,8.21883E+15,5.00051E+16
55011,55012,7,1,31,77,2016,6,0,5,3,8,7,2,1,0,1,0,0,0,0,3.75117E+20,5.59755E+21,7.23845E+15,5.05166E+16
55012,55013,7,3,12,0,2016,6,20,3,2,9,1,0,1,0,1,0,0,0,0,4.06086E+20,5.47824E+21,7.7043E+15,4.94496E+16
55013,55014,7,1,11,0,2016,6,6,3,3,8,1,0,1,0,1,0,0,0,0,4.01492E+20,5.57982E+21,7.61503E+15,5.03622E+16
55014,55015,7,3,33,43,2016,6,11,4,3,4,6,0,0,0,1,0,0,0,0,4.13653E+20,5.50554E+21,7.80268E+15,4.96962E+16
55015,55016,7,3,14,0,2016,7,7,6,3,1,6,0,0,0,1,0,0,0,0,4.56867E+20,5.48241E+21,8.40439E+15,4.94928E+16
55016,55017,7,2,33,53,2016,6,20,3,3,5,3,0,0,1,1,0,0,0,0,3.31923E+20,5.57325E+21,6.64054E+15,5.02874E+16
55017,55018,7,3,35,38,2016,6,15,6,3,2,6,0,1,0,1,0,0,0,0,3.98613E+20,5.47529E+21,7.60198E+15,4.94218E+16
55018,55019,7,1,37,68,2016,6,19,2,2,5,3,0,1,0,1,0,1,0,0,3.73721E+20,5.57623E+21,7.22595E+15,5.03247E+16
55019,55020,7,1,31,1,2016,6,19,7,3,9,1,1,1,0,1,0,0,0,0,3.55379E+20,5.58331E+21,6.96572E+15,5.0384E+16
55020,55021,7,3,33,26,2016,6,16,2,3,5,3,0,0,0,1,0,0,0,0,4.34249E+20,5.49431E+21,8.09011E+15,4.95978E+16
55021,55022,7,3,39,31,2016,6,7,5,3,5,2,0,0,0,1,0,0,0,0,4.371E+20,5.52891E+21,8.12398E+15,4.99093E+16
55022,55023,7,1,38,41,2016,6,19,1,3,8,1,0,0,0,0,0,1,0,0,3.8008E+20,5.60745E+21,7.30524E+15,5.06066E+16
55023,55024,7,2,32,296,2016,6,20,7,2,8,1,1,1,0,1,0,0,0,0,3.17272E+20,5.56605E+21,6.43854E+15,5.02183E+16
55024,55025,7,1,37,203,2016,7,23,5,3,5,3,2,0,0,1,0,1,0,0,3.99005E+20,5.58658E+21,7.57826E+15,5.04225E+16
55025,55026,7,3,39,30,2016,6,17,6,3,5,2,0,0,1,1,0,0,0,0,4.30127E+20,5.53593E+21,8.0256E+15,4.99717E+16
55026,55027,7,2,33,55,2016,7,14,5,2,4,6,0,0,0,1,0,1,0,0,3.40436E+20,5.55994E+21,6.76554E+15,5.01702E+16
55027,55028,7,3,12,0,2016,6,14,5,3,8,1,0,1,0,1,0,0,0,0,4.05845E+20,5.48003E+21,7.70055E+15,4.94657E+16
55028,55029,7,1,32,79,2016,6,11,1,3,8,1,0,0,0,0,0,1,0,0,4.27539E+20,5.61637E+21,7.97406E+15,5.06946E+16
55029,55030,7,3,31,3,2016,6,12,1,2,0,1,0,0,1,0,0,0,0,0,4.32592E+20,5.50972E+21,8.06453E+15,4.97362E+16
55030,55031,7,1,31,81,2016,6,6,7,3,8,1,1,1,0,1,0,0,0,0,3.7399E+20,5.59501E+21,7.22343E+15,5.04935E+16
55031,55032,7,3,32,49,2016,7,11,1,3,5,2,0,0,1,1,0,0,0,0,4.39013E+20,5.48517E+21,8.15744E+15,4.95161E+16
55032,55033,7,1,41,75,2016,6,18,6,3,8,1,0,1,0,1,0,0,0,0,4.03649E+20,5.57413E+21,7.6468E+15,5.03114E+16
55033,55034,7,1,31,7,2016,6,13,6,3,2,2,0,0,0,1,0,0,0,0,3.69674E+20,5.60088E+21,7.16056E+15,5.05453E+16
55034,55035,7,3,18,0,2016,7,11,3,3,1,6,0,0,0,1,0,1,0,0,4.58539E+20,5.46343E+21,8.42946E+15,4.93222E+16
55035,55036,7,3,12,0,2016,6,19,5,3,5,3,0,0,0,1,0,0,0,0,4.07909E+20,5.47939E+21,7.72917E+15,4.94602E+16
55036,55037,7,3,17,0,2016,6,22,4,3,5,3,2,0,0,1,0,0,0,0,3.98684E+20,5.44999E+21,7.60938E+15,4.91943E+16
55037,55038,7,1,32,39,2016,6,7,3,3,8,1,0,1,0,1,0,0,0,0,4.16068E+20,5.6214E+21,7.81053E+15,5.07384E+16
55038,55039,7,3,31,72,2016,6,9,5,3,4,2,0,0,0,1,0,0,0,0,4.24962E+20,5.51861E+21,7.95695E+15,4.98152E+16
55039,55040,7,3,31,43,2016,7,12,7,3,5,3,0,1,0,1,0,1,0,0,4.34682E+20,5.51564E+21,8.09254E+15,4.97897E+16
55040,55041,7,2,32,77,2016,6,10,5,2,0,1,0,0,0,0,0,1,0,0,3.22204E+20,5.52912E+21,6.52476E+15,4.9888E+16
55041,55042,7,1,35,2,2016,6,18,4,2,4,2,0,0,0,1,0,1,0,0,3.61161E+20,5.56098E+21,7.0552E+15,5.01847E+16
55042,55043,7,3,32,46,2016,6,11,6,3,3,6,0,0,1,0,0,1,0,0,4.36243E+20,5.4753E+21,8.12077E+15,4.9427E+16
55043,55044,7,1,38,45,2016,6,5,1,1,9,1,1,0,0,1,0,0,0,0,3.92449E+20,5.58932E+21,7.48521E+15,5.0446E+16
55044,55045,7,3,15,0,2016,6,8,4,3,5,2,0,0,1,1,0,0,0,0,4.46693E+20,5.53864E+21,8.25622E+15,4.99977E+16
55045,55046,7,3,33,39,2016,6,8,3,3,1,6,0,1,0,1,0,0,0,0,4.29489E+20,5.50035E+21,8.02317E+15,4.96516E+16
55046,55047,7,3,37,64,2016,6,18,2,2,5,3,0,0,1,0,0,0,0,1,4.2787E+20,5.45665E+21,8.0087E+15,4.92584E+16
55047,55048,7,1,37,217,2016,6,17,5,2,2,6,0,0,1,1,0,0,0,0,3.90664E+20,5.573E+21,7.46481E+15,5.0299E+16
55048,55049,7,3,15,0,2016,6,12,4,3,6,4,0,0,0,1,1,0,0,0,4.46034E+20,5.53846E+21,8.24704E+15,4.9996E+16
55049,55050,7,1,33,6,2016,6,17,6,3,2,6,0,0,0,1,0,0,0,0,4.1837E+20,5.52173E+21,7.86468E+15,4.98424E+16
55050,55051,7,2,31,502,2016,6,9,2,3,8,7,0,1,0,1,0,0,0,0,3.57014E+20,5.52093E+21,7.01205E+15,4.98237E+16
55051,55052,7,1,38,3,2016,6,7,2,3,4,6,0,1,0,1,0,0,0,0,3.86151E+20,5.61395E+21,7.38901E+15,5.06662E+16
55052,55053,7,3,33,502,2016,6,7,4,3,9,1,0,1,0,1,0,0,0,0,4.15118E+20,5.50067E+21,7.82405E+15,4.96526E+16
55053,55054,7,1,32,6,2016,6,15,3,3,5,3,0,0,1,1,0,0,0,0,4.20763E+20,5.62682E+21,7.87588E+15,5.07878E+16
55054,55055,7,3,37,64,2016,6,11,3,2,0,1,0,0,1,0,0,0,0,0,4.2811E+20,5.45821E+21,8.01172E+15,4.92724E+16
55055,55056,7,3,38,21,2016,7,19,4,2,5,7,0,0,1,1,0,0,0,0,4.60254E+20,5.46854E+21,8.45255E+15,4.93683E+16
55056,55057,7,3,36,39,2016,6,7,7,2,8,1,1,1,0,1,0,0,0,0,3.76503E+20,5.48598E+21,7.2939E+15,4.95139E+16
55057,55058,7,3,34,13,2016,6,12,6,2,5,3,0,0,1,1,0,0,0,0,4.41267E+20,5.43703E+21,8.19566E+15,4.90833E+16
55058,55059,7,2,32,308,2016,7,11,6,3,9,1,0,0,0,0,0,1,0,0,3.12879E+20,5.56727E+21,6.37643E+15,5.02279E+16
55059,55060,7,3,39,19,2016,7,13,1,3,2,6,0,0,0,1,0,0,0,0,4.29799E+20,5.5359E+21,8.02103E+15,4.99713E+16
55060,55061,7,3,40,205,2016,6,17,5,2,4,6,0,0,0,1,0,1,0,0,3.92098E+20,5.44714E+21,7.51978E+15,4.91675E+16
55061,55062,7,2,33,29,2016,7,15,3,3,5,3,0,0,0,1,0,0,0,0,3.33908E+20,5.57367E+21,6.6682E+15,5.02918E+16
55062,55063,7,3,39,30,2016,6,19,5,3,5,3,0,0,1,1,0,0,0,0,4.29937E+20,5.53825E+21,8.02252E+15,4.99924E+16
55063,55064,7,3,35,33,2016,7,17,4,3,0,1,0,0,1,0,0,0,0,0,4.02369E+20,5.48853E+21,7.65049E+15,4.95415E+16
55064,55065,7,3,39,30,2016,6,20,6,2,3,6,0,0,0,1,0,1,0,0,4.28557E+20,5.53679E+21,8.00355E+15,4.99791E+16
55065,55066,7,1,34,42,2016,7,14,5,3,2,6,0,0,0,1,0,0,0,0,3.67959E+20,5.4965E+21,7.1724E+15,4.96067E+16
55066,55067,7,1,31,7,2016,6,2,1,2,9,1,2,1,0,0,0,1,0,0,3.69737E+20,5.60337E+21,7.16057E+15,5.05677E+16
55067,55068,7,3,35,501,2016,6,14,6,3,9,1,0,0,0,1,0,0,0,0,3.92559E+20,5.4852E+21,7.51584E+15,4.95099E+16
55068,55069,7,3,38,19,2016,7,0,1,3,0,7,2,0,1,0,0,0,0,0,4.5311E+20,5.47674E+21,8.35318E+15,4.94415E+16
55069,55070,7,1,37,69,2016,6,15,6,3,2,6,0,1,0,1,0,0,0,0,3.75502E+20,5.58382E+21,7.24845E+15,5.03932E+16
55070,55071,7,3,19,0,2016,7,7,3,3,2,6,0,0,0,1,0,0,0,0,4.53531E+20,5.49887E+21,8.35638E+15,4.96406E+16
55071,55072,7,1,37,231,2016,6,15,4,3,8,1,0,1,0,1,0,0,0,1,3.89949E+20,5.57759E+21,7.45343E+15,5.03401E+16
55072,55073,7,3,11,0,2016,6,13,5,3,3,6,0,0,1,0,0,0,0,0,4.5269E+20,5.48814E+21,8.34602E+15,4.9544E+16
55073,55074,7,3,14,0,2016,6,12,5,3,1,6,0,0,0,1,0,0,0,0,4.50816E+20,5.48168E+21,8.32093E+15,4.94858E+16
55074,55075,7,3,35,16,2016,6,6,4,2,5,3,0,1,1,1,0,0,0,0,3.88336E+20,5.47491E+21,7.46042E+15,4.94167E+16
55075,55076,7,1,37,201,2016,6,20,3,3,1,5,1,1,0,1,0,0,0,1,3.89258E+20,5.56746E+21,7.4467E+15,5.02489E+16
55076,55077,7,2,32,226,2016,6,1,5,3,8,1,2,1,0,1,0,0,0,0,3.18254E+20,5.56733E+21,6.45169E+15,5.02302E+16
55077,55078,7,1,43,277,2016,7,15,7,3,8,6,0,0,0,1,0,0,0,0,4.28338E+20,5.61325E+21,7.98598E+15,5.06666E+16
55078,55079,7,1,34,45,2016,6,9,5,3,6,7,0,0,0,0,1,0,1,0,3.7765E+20,5.50871E+21,7.30265E+15,4.97184E+16
55079,55080,7,3,36,90,2016,6,17,3,3,4,1,0,1,0,1,0,0,0,0,4.0004E+20,5.49062E+21,7.61777E+15,4.95599E+16
55080,55081,7,3,32,2,2016,6,14,2,2,4,6,0,0,0,1,0,0,0,0,4.40806E+20,5.47855E+21,8.1832E+15,4.94567E+16
55081,55082,7,1,40,84,2016,6,16,1,2,5,3,0,0,0,1,0,1,0,0,3.97351E+20,5.55539E+21,7.56344E+15,5.01418E+16
55082,55083,7,2,31,49,2016,6,6,4,3,8,1,1,1,0,1,0,0,0,0,3.50364E+20,5.5461E+21,6.90989E+15,5.00483E+16
55083,55084,7,2,31,134,2016,6,9,3,3,1,6,0,0,0,1,0,0,0,0,3.50915E+20,5.53724E+21,6.92103E+15,4.99688E+16
55084,55085,7,1,33,46,2016,6,18,2,3,2,6,0,0,0,1,0,0,0,0,3.92267E+20,5.51713E+21,7.50302E+15,4.97969E+16
55085,55086,7,3,35,18,2016,6,15,4,3,8,1,0,1,0,0,0,0,0,1,4.01418E+20,5.47538E+21,7.64062E+15,4.94231E+16
55086,55087,7,2,35,125,2016,6,17,4,2,4,2,0,0,0,1,0,0,0,0,3.37241E+20,5.52151E+21,6.73712E+15,4.98239E+16
55087,55088,7,2,31,53,2016,6,11,6,3,8,1,0,1,0,1,0,0,0,0,3.42037E+20,5.52511E+21,6.80227E+15,4.98576E+16
55088,55089,7,3,18,0,2016,6,19,3,3,8,1,0,0,0,0,0,1,0,0,4.57841E+20,5.46185E+21,8.42002E+15,4.9308E+16
55089,55090,7,1,43,10,2016,6,9,2,3,5,3,0,0,0,1,0,0,0,0,4.14253E+20,5.58993E+21,7.79208E+15,5.04551E+16
55090,55091,7,1,31,7,2016,6,15,2,3,2,6,0,1,0,1,0,0,1,0,3.70366E+20,5.59997E+21,7.17064E+15,5.05373E+16
55091,55092,7,3,34,25,2016,6,7,4,2,5,3,0,0,1,1,0,0,0,0,4.48451E+20,5.44471E+21,8.29306E+15,4.91531E+16
55092,55093,7,1,32,50,2016,6,14,3,3,2,6,0,0,0,1,0,0,0,0,4.2688E+20,5.62626E+21,7.96276E+15,5.07835E+16
55093,55094,7,3,38,2,2016,6,18,3,3,5,3,0,0,1,1,0,0,0,0,4.51429E+20,5.48961E+21,8.32841E+15,4.95572E+16
55094,55095,7,1,35,92,2016,7,21,4,3,7,7,1,0,0,0,0,1,0,0,3.7521E+20,5.5434E+21,7.25763E+15,5.00298E+16
55095,55096,7,3,37,38,2016,6,19,7,3,4,6,0,0,0,1,0,0,0,0,4.40051E+20,5.44452E+21,8.17789E+15,4.91506E+16
55096,55097,7,1,35,83,2016,6,12,4,3,8,1,0,1,0,1,0,0,0,0,3.56882E+20,5.56505E+21,6.99376E+15,5.02203E+16
55097,55098,7,3,18,0,2016,6,9,6,3,5,3,0,0,1,1,0,0,0,0,4.59751E+20,5.46254E+21,8.44623E+15,4.93143E+16
55098,55099,7,1,43,287,2016,7,13,6,2,3,2,0,0,0,1,0,0,0,0,4.0721E+20,5.60752E+21,7.68851E+15,5.06122E+16
55099,55100,7,1,43,59,2016,7,19,1,3,9,1,0,1,0,1,0,0,0,0,4.10447E+20,5.59556E+21,7.73713E+15,5.05051E+16
55100,55101,7,1,43,48,2016,7,7,3,3,4,5,0,0,0,1,0,0,1,0,4.20843E+20,5.58841E+21,7.88521E+15,5.04424E+16
55101,55102,7,1,31,27,2016,6,17,4,2,5,3,0,0,0,0,0,1,0,1,3.62678E+20,5.59225E+21,7.06504E+15,5.04662E+16
55102,55103,7,2,33,26,2016,6,22,5,3,5,7,2,0,0,1,0,1,0,0,3.33159E+20,5.56605E+21,6.66104E+15,5.02231E+16
55103,55104,7,3,19,0,2016,6,17,3,3,2,6,0,1,0,1,0,0,0,1,4.53279E+20,5.50382E+21,8.3523E+15,4.96851E+16
55104,55105,7,3,14,0,2016,6,17,4,3,2,6,0,0,0,1,0,0,1,0,4.60557E+20,5.48105E+21,8.45548E+15,4.94808E+16
55105,55106,7,1,32,18,2016,6,10,5,2,2,2,0,0,0,1,0,0,0,0,4.27107E+20,5.62136E+21,7.96695E+15,5.07394E+16
55106,55107,7,3,35,47,2016,7,23,6,3,8,1,2,0,0,1,0,0,0,0,4.14808E+20,5.46794E+21,7.82681E+15,4.93582E+16
55107,55108,7,3,14,0,2016,6,6,3,2,5,2,0,1,1,1,0,0,0,0,4.53032E+20,5.48213E+21,8.35147E+15,4.949E+16
55108,55109,7,1,34,74,2016,6,16,2,3,5,3,0,0,0,1,0,0,0,0,3.72762E+20,5.49349E+21,7.23982E+15,4.95806E+16
55109,55110,7,2,35,4,2016,6,17,7,3,2,6,0,0,0,1,0,0,0,0,3.41255E+20,5.52433E+21,6.79173E+15,4.98503E+16
55110,55111,7,1,11,0,2016,6,7,3,3,2,6,0,0,0,1,0,0,0,0,3.99569E+20,5.57953E+21,7.58807E+15,5.03593E+16
55111,55112,7,1,41,92,2016,6,6,2,3,9,1,0,1,0,1,0,0,0,0,4.17955E+20,5.56005E+21,7.85071E+15,5.0187E+16
55112,55113,7,2,31,64,2016,6,16,1,3,8,1,0,1,0,1,0,0,0,0,3.58277E+20,5.51623E+21,7.03131E+15,4.97818E+16
55113,55114,7,3,35,16,2016,6,20,7,3,1,5,0,1,0,1,0,0,0,0,3.90047E+20,5.47525E+21,7.48391E+15,4.942E+16
55114,55115,7,2,11,0,2016,7,22,5,3,3,2,2,0,0,1,0,0,0,0,3.29151E+20,5.51371E+21,6.62816E+15,4.97516E+16
55115,55116,7,3,37,5,2016,6,7,4,3,9,1,0,0,0,1,0,0,0,0,4.28668E+20,5.44006E+21,8.02261E+15,4.91093E+16
55116,55117,7,3,35,4,2016,6,0,2,3,7,7,2,0,0,1,0,0,0,0,4.19851E+20,5.48027E+21,7.89375E+15,4.94697E+16
55117,55118,7,1,41,92,2016,6,11,5,3,3,1,0,0,1,1,0,0,0,0,4.18372E+20,5.56115E+21,7.85632E+15,5.01969E+16
55118,55119,7,1,31,501,2016,7,13,7,3,2,2,0,0,0,1,0,1,0,0,3.53103E+20,5.58833E+21,6.93176E+15,5.04286E+16
55119,55120,7,1,43,268,2016,6,16,5,1,4,6,0,0,0,1,0,1,0,0,4.10296E+20,5.60558E+21,7.73259E+15,5.05953E+16
55120,55121,7,3,18,0,2016,6,17,3,3,0,7,0,0,1,0,0,0,0,0,4.57649E+20,5.46461E+21,8.41709E+15,4.93328E+16
55121,55122,7,3,39,27,2016,6,9,2,3,3,6,0,0,1,0,0,0,1,0,4.36533E+20,5.53848E+21,8.11449E+15,4.99952E+16
55122,55123,7,3,34,7,2016,6,17,7,3,8,1,0,1,0,1,0,0,0,0,4.5135E+20,5.4557E+21,8.33147E+15,4.92521E+16
55123,55124,7,2,33,26,2016,6,9,4,2,5,3,0,1,0,1,0,1,0,0,3.32613E+20,5.56634E+21,6.65327E+15,5.02255E+16
55124,55125,7,1,35,20,2016,6,20,3,3,0,1,0,0,1,0,0,0,0,0,3.69086E+20,5.55702E+21,7.16751E+15,5.01509E+16
55125,55126,7,2,31,502,2016,6,8,2,2,2,6,0,1,0,1,0,0,1,1,3.61795E+20,5.51663E+21,7.08001E+15,4.97863E+16
55126,55127,7,2,31,127,2016,6,14,1,3,3,6,0,1,0,1,0,0,0,0,3.47531E+20,5.55154E+21,6.86818E+15,5.00965E+16
55127,55128,7,3,34,13,2016,6,15,4,3,0,2,0,0,0,1,0,0,0,1,4.38708E+20,5.43594E+21,8.16078E+15,4.90733E+16
55128,55129,7,1,37,212,2016,6,16,1,2,4,7,0,0,0,1,0,0,0,0,3.91587E+20,5.57549E+21,7.47705E+15,5.03216E+16
55129,55130,7,1,43,260,2016,6,9,4,3,2,6,0,0,0,1,0,0,0,0,4.18288E+20,5.61732E+21,7.84289E+15,5.0702E+16
55130,55131,7,3,14,0,2016,7,17,5,3,6,4,0,0,0,1,1,0,0,0,4.57394E+20,5.48251E+21,8.41166E+15,4.94937E+16
55131,55132,7,2,35,45,2016,6,16,6,3,4,2,0,1,0,1,0,0,0,0,3.52717E+20,5.50527E+21,6.95827E+15,4.9682E+16
55132,55133,7,1,33,501,2016,6,21,3,3,7,7,1,0,0,0,0,1,0,0,4.01212E+20,5.51949E+21,7.62668E+15,4.98197E+16
55133,55134,7,1,40,41,2016,6,12,2,2,6,4,0,1,0,1,1,0,0,0,3.90966E+20,5.5281E+21,7.48187E+15,4.98954E+16
55134,55135,7,3,32,33,2016,6,21,1,3,8,1,2,1,0,1,0,0,0,0,4.44492E+20,5.48875E+21,8.23264E+15,4.95488E+16
55135,55136,7,3,19,0,2016,6,15,4,3,6,4,0,1,0,0,1,0,0,1,4.53558E+20,5.49771E+21,8.35689E+15,4.96302E+16
55136,55137,7,2,33,26,2016,6,16,6,3,5,3,0,0,1,1,0,0,0,0,3.3228E+20,5.56559E+21,6.64894E+15,5.02187E+16
55137,55138,7,2,35,96,2016,7,8,4,3,2,6,0,0,0,1,0,0,0,0,3.20127E+20,5.50941E+21,6.50499E+15,4.97103E+16
55138,55139,7,1,43,261,2016,6,12,5,2,2,2,0,0,0,1,0,1,0,0,4.12037E+20,5.61501E+21,7.75494E+15,5.06803E+16
55139,55140,7,3,15,0,2016,6,23,7,3,6,4,2,0,0,1,1,0,0,0,4.47799E+20,5.53959E+21,8.27153E+15,5.00063E+16
55140,55141,7,3,15,0,2016,6,10,6,3,1,5,0,0,0,1,0,0,0,0,4.44092E+20,5.5408E+21,8.21962E+15,5.00169E+16
55141,55142,7,1,31,77,2016,7,7,6,3,2,2,0,0,0,1,0,0,0,0,3.76008E+20,5.60199E+21,7.24955E+15,5.05567E+16
55142,55143,7,1,31,501,2016,7,13,1,3,2,2,0,0,0,0,0,1,0,0,3.53348E+20,5.58983E+21,6.93462E+15,5.04422E+16
55143,55144,7,1,34,89,2016,6,19,7,3,5,3,0,0,0,1,0,1,0,0,3.77676E+20,5.51278E+21,7.30174E+15,4.9755E+16