FID,OBJECTID,ULAND,UREGBEZ,UKREIS,UGEMEINDE,UJAHR,UMONAT,USTUNDE,UWOCHENTAG,UKATEGORIE,UART,UTYP1,ULICHTVERH,IstStrasse,IstRad,IstPKW,IstFuss,IstKrad,IstGkfz,IstSonstig,LINREFX,LINREFY,XGCSWGS84,YGCSWGS84
55144,55145,7,1,38,45,2016,7,11,3,3,5,3,0,0,1,1,0,0,0,0,3.91349E+20,5.59047E+21,7.46938E+15,5.04561E+16
55145,55146,7,1,11,0,2016,6,15,4,3,3,6,0,0,0,1,0,0,1,0,3.99609E+20,5.57933E+21,7.58868E+15,5.03575E+16
55146,55147,7,1,34,42,2016,6,13,5,2,0,1,0,0,0,0,0,0,0,1,3.67275E+20,5.49637E+21,7.16298E+15,4.96053E+16
55147,55148,7,1,43,37,2016,6,9,3,3,5,3,0,0,0,1,0,0,0,0,4.27231E+20,5.59036E+21,7.97479E+15,5.04607E+16
55148,55149,7,3,33,45,2016,6,7,4,3,2,6,0,0,0,1,0,0,0,0,4.30209E+20,5.49838E+21,8.03349E+15,4.9634E+16
55149,55150,7,1,11,0,2016,6,12,5,2,5,3,0,0,0,1,0,0,0,0,3.97729E+20,5.57527E+21,7.56336E+15,5.03207E+16
55150,55151,7,3,37,67,2016,7,9,6,3,2,1,0,0,0,1,0,0,0,0,4.2048E+20,5.45443E+21,7.9076E+15,4.92374E+16
55151,55152,7,3,15,0,2016,6,19,3,2,6,1,0,1,0,1,1,0,0,0,4.46821E+20,5.53884E+21,8.25798E+15,4.99995E+16
55152,55153,7,1,32,117,2016,6,11,2,2,6,7,0,0,0,0,1,1,0,0,4.09838E+20,5.62316E+21,7.72183E+15,5.07532E+16
55153,55154,7,1,32,117,2016,6,15,7,3,9,1,0,1,0,1,0,0,0,0,4.09541E+20,5.63008E+21,7.71592E+15,5.08154E+16
55154,55155,7,3,16,0,2016,6,17,2,3,1,7,0,0,0,1,0,0,0,0,4.39986E+20,5.46717E+21,8.17361E+15,4.93543E+16
55155,55156,7,3,14,0,2016,6,8,5,3,2,2,0,0,0,1,0,0,0,0,4.55343E+20,5.48199E+21,8.38339E+15,4.94889E+16
55156,55157,7,1,41,116,2016,6,7,1,3,9,1,0,1,0,1,0,0,0,0,4.17229E+20,5.55372E+21,7.84193E+15,5.01299E+16
55157,55158,7,3,31,51,2016,6,20,7,2,9,1,0,1,0,1,0,1,0,0,4.26479E+20,5.51144E+21,7.97939E+15,4.97509E+16
55158,55159,7,1,38,68,2016,7,6,5,3,5,2,0,0,0,1,0,0,0,1,3.83005E+20,5.60576E+21,7.3471E+15,5.0592E+16
55159,55160,7,3,39,5,2016,6,7,6,3,4,6,0,0,0,1,0,1,0,0,4.26823E+20,5.53544E+21,7.97963E+15,4.99668E+16
55160,55161,7,2,35,83,2016,7,7,5,3,8,7,0,0,0,0,0,0,1,0,3.45546E+20,5.51532E+21,6.85495E+15,4.97705E+16
55161,55162,7,3,17,0,2016,6,17,5,3,1,6,0,1,0,1,0,0,0,0,3.9861E+20,5.4487E+21,7.60869E+15,4.91827E+16
55162,55163,7,2,11,0,2016,6,16,1,3,4,6,0,0,0,1,0,1,0,0,3.28639E+20,5.51555E+21,6.62026E+15,4.97679E+16
55163,55164,7,3,38,21,2016,6,10,1,2,5,3,0,0,1,1,0,0,0,0,4.59739E+20,5.46834E+21,8.44547E+15,4.93665E+16
55164,55165,7,2,11,0,2016,6,6,4,3,2,6,0,1,0,1,0,0,0,0,3.29308E+20,5.5152E+21,6.62969E+15,4.9765E+16
55165,55166,7,1,32,96,2016,6,19,7,3,8,1,0,1,0,1,0,0,0,0,4.09319E+20,5.62504E+21,7.71401E+15,5.07701E+16
55166,55167,7,1,37,69,2016,7,11,2,3,2,6,0,0,0,1,0,0,0,1,3.75791E+20,5.58354E+21,7.25261E+15,5.03908E+16
55167,55168,7,1,37,102,2016,6,16,6,3,0,1,0,1,0,0,0,1,0,0,3.79032E+20,5.57582E+21,7.30066E+15,5.03221E+16
55168,55169,7,1,32,63,2016,6,13,6,3,5,3,0,0,0,1,0,0,0,0,4.20522E+20,5.6293E+21,7.87193E+15,5.081E+16
55169,55170,7,3,32,2,2016,7,23,3,2,4,6,2,0,0,1,0,0,0,0,4.42501E+20,5.4794E+21,8.20647E+15,4.94646E+16
55170,55171,7,3,35,3,2016,6,17,5,3,2,6,0,0,0,1,0,0,0,0,3.8662E+20,5.47316E+21,7.43727E+15,4.94005E+16
55171,55172,7,1,11,0,2016,6,8,5,3,1,6,0,0,0,1,0,0,0,0,3.99566E+20,5.57985E+21,7.58794E+15,5.03622E+16
55172,55173,7,3,18,0,2016,6,7,6,2,4,2,0,0,0,1,0,1,0,0,4.58545E+20,5.4653E+21,8.42935E+15,4.9339E+16
55173,55174,7,3,31,66,2016,7,6,5,3,4,2,0,0,0,1,0,0,0,0,4.40541E+20,5.49832E+21,8.17657E+15,4.96345E+16
55174,55175,7,1,31,90,2016,6,17,6,3,4,1,0,1,0,1,0,0,0,0,3.66016E+20,5.60598E+21,7.10712E+15,5.05903E+16
55175,55176,7,2,33,67,2016,6,21,1,3,8,7,1,0,0,1,0,0,0,0,3.51037E+20,5.55912E+21,6.9142E+15,5.01655E+16
55176,55177,7,3,36,87,2016,6,18,1,2,4,1,0,0,0,0,0,1,0,1,3.97883E+20,5.48849E+21,7.58851E+15,4.95404E+16
55177,55178,7,2,33,56,2016,6,19,4,2,8,1,0,1,0,1,0,0,0,0,3.34856E+20,5.56662E+21,6.68456E+15,5.02286E+16
55178,55179,7,2,11,0,2016,6,12,7,2,4,6,0,1,0,1,0,1,0,0,3.34978E+20,5.52364E+21,6.70477E+15,4.98424E+16
55179,55180,7,1,41,26,2016,7,6,2,2,8,1,0,0,0,1,0,0,0,0,4.13194E+20,5.56764E+21,7.78231E+15,5.02545E+16
55180,55181,7,2,11,0,2016,6,7,6,3,4,2,0,0,0,1,0,0,0,0,3.33143E+20,5.51629E+21,6.68243E+15,4.97759E+16
55181,55182,7,1,35,18,2016,7,3,4,3,9,7,2,0,0,1,0,0,0,0,3.62541E+20,5.56066E+21,7.07462E+15,5.01822E+16
55182,55183,7,1,11,0,2016,6,16,6,3,5,2,0,0,1,1,0,0,0,0,3.97169E+20,5.57824E+21,7.55469E+15,5.03472E+16
55183,55184,7,1,31,74,2016,6,20,5,3,9,1,0,0,0,0,0,1,0,0,3.49072E+20,5.5903E+21,6.87425E+15,5.04453E+16
55184,55185,7,2,31,124,2016,6,10,7,2,4,6,0,1,0,1,0,0,0,0,3.66179E+20,5.5358E+21,7.13425E+15,4.99596E+16
55185,55186,7,1,32,58,2016,6,16,6,3,2,6,0,1,0,1,0,0,0,0,4.08976E+20,5.62E+21,7.7104E+15,5.07247E+16
55186,55187,7,1,11,0,2016,7,5,6,3,5,3,0,0,1,1,0,0,0,0,3.99598E+20,5.5797E+21,7.58843E+15,5.03608E+16
55187,55188,7,1,43,69,2016,7,14,1,3,3,6,0,0,0,1,0,0,0,0,4.07301E+20,5.59737E+21,7.69233E+15,5.05209E+16
55188,55189,7,2,31,134,2016,6,6,4,3,8,1,0,0,1,1,0,0,0,0,3.48856E+20,5.53897E+21,6.89164E+15,4.99839E+16
55189,55190,7,3,35,205,2016,6,16,3,3,2,6,0,1,0,1,0,0,0,1,4.16443E+20,5.48472E+21,7.84579E+15,4.95093E+16
55190,55191,7,1,31,77,2016,6,11,7,3,2,6,0,0,0,1,0,0,0,0,3.7702E+20,5.59993E+21,7.26451E+15,5.05384E+16
55191,55192,7,1,33,108,2016,6,3,1,3,2,6,2,0,0,1,0,0,0,0,4.15777E+20,5.53088E+21,7.82662E+15,4.99244E+16
55192,55193,7,3,34,25,2016,7,17,2,2,1,6,0,0,0,1,0,1,0,0,4.49144E+20,5.44441E+21,8.30259E+15,4.91504E+16
55193,55194,7,3,32,24,2016,6,9,3,3,0,1,0,1,0,0,0,1,0,0,4.39738E+20,5.49245E+21,8.16634E+15,4.95816E+16
55194,55195,7,1,37,89,2016,6,17,3,3,8,1,0,1,0,1,0,0,0,0,3.77849E+20,5.57361E+21,7.28476E+15,5.0302E+16
55195,55196,7,3,36,92,2016,6,16,4,3,1,6,0,0,0,1,0,0,0,0,3.80701E+20,5.47354E+21,7.35561E+15,4.94028E+16
55196,55197,7,1,33,6,2016,7,8,6,3,3,2,0,0,1,1,0,0,0,0,4.18325E+20,5.52177E+21,7.86405E+15,4.98428E+16
55197,55198,7,1,43,206,2016,6,16,3,3,4,2,0,0,0,1,0,0,0,0,4.26084E+20,5.61319E+21,7.95409E+15,5.06658E+16
55198,55199,7,3,36,98,2016,6,7,6,3,4,6,0,0,0,1,0,0,0,1,3.87802E+20,5.48539E+21,7.4501E+15,4.95108E+16
55199,55200,7,1,11,0,2016,6,16,7,3,5,3,0,0,0,1,0,0,0,0,3.95055E+20,5.58111E+21,7.52419E+15,5.03726E+16
55200,55201,7,3,31,54,2016,6,6,2,3,5,3,0,0,0,1,0,0,0,0,4.44256E+20,5.49618E+21,8.22832E+15,4.96156E+16
55201,55202,7,2,31,134,2016,6,18,5,3,5,3,0,0,0,1,0,0,0,1,3.49408E+20,5.53878E+21,6.89942E+15,4.99823E+16
55202,55203,7,1,11,0,2016,7,19,5,3,5,3,0,0,1,1,0,0,0,0,3.99667E+20,5.5797E+21,7.5894E+15,5.03608E+16
55203,55204,7,3,15,0,2016,6,17,6,3,2,6,0,0,0,1,0,0,0,0,4.44794E+20,5.54176E+21,8.22928E+15,5.00255E+16
55204,55205,7,2,32,18,2016,7,10,5,3,1,1,0,0,0,1,0,0,1,0,3.22524E+20,5.53631E+21,6.52589E+15,4.99527E+16
55205,55206,7,1,31,82,2016,6,16,1,3,4,6,0,0,0,1,0,1,0,0,3.46672E+20,5.58927E+21,6.84089E+15,5.04354E+16
55206,55207,7,1,38,11,2016,6,8,7,3,0,5,0,1,0,1,0,0,0,0,4.00209E+20,5.59961E+21,7.59172E+15,5.05399E+16
55207,55208,7,3,37,45,2016,7,6,1,3,7,1,1,0,0,1,0,0,0,0,4.28965E+20,5.43912E+21,8.02684E+15,4.91008E+16
55208,55209,7,1,11,0,2016,6,13,6,3,2,6,0,1,0,1,0,0,0,0,3.99606E+20,5.57972E+21,7.58854E+15,5.0361E+16
55209,55210,7,1,37,68,2016,6,12,6,3,5,2,0,0,0,1,0,1,0,0,3.77335E+20,5.57699E+21,7.27646E+15,5.03322E+16
55210,55211,7,1,33,103,2016,7,7,3,3,5,3,0,0,0,1,0,0,0,0,4.13176E+20,5.53362E+21,7.78978E+15,4.99486E+16
55211,55212,7,3,34,28,2016,6,6,5,3,5,2,0,0,0,1,0,0,0,0,4.5179E+20,5.45756E+21,8.33729E+15,4.92689E+16
55212,55213,7,3,16,0,2016,6,9,5,3,2,2,0,0,0,1,0,0,0,0,4.34885E+20,5.46776E+21,8.10329E+15,4.93591E+16
55213,55214,7,3,33,16,2016,6,12,4,3,8,6,0,0,0,1,0,0,1,0,4.09477E+20,5.49703E+21,7.74675E+15,4.96191E+16
55214,55215,7,1,31,85,2016,6,14,3,3,4,6,0,0,0,1,0,0,0,0,3.49285E+20,5.58918E+21,6.8777E+15,5.04353E+16
55215,55216,7,3,39,57,2016,6,14,5,3,2,6,0,0,0,1,0,0,0,0,4.36534E+20,5.52998E+21,8.11592E+15,4.99189E+16
55216,55217,7,3,15,0,2016,7,0,7,3,2,7,2,0,0,1,0,1,0,0,4.45819E+20,5.53848E+21,8.24404E+15,4.99962E+16
55217,55218,7,2,31,502,2016,6,7,5,3,2,6,0,0,0,1,0,0,0,0,3.65048E+20,5.5215E+21,7.12348E+15,4.98308E+16
55218,55219,7,1,40,21,2016,6,16,4,3,5,3,0,0,1,1,0,0,0,0,3.84742E+20,5.54835E+21,7.38918E+15,5.00762E+16
55219,55220,7,3,11,0,2016,6,8,2,3,1,6,0,0,0,1,0,0,1,0,4.5648E+20,5.48834E+21,8.39839E+15,4.95461E+16
55220,55221,7,1,35,34,2016,6,2,1,3,8,1,2,1,0,0,0,1,0,0,3.6378E+20,5.55764E+21,7.09305E+15,5.01553E+16
55221,55222,7,1,43,270,2016,6,16,4,3,5,3,0,0,0,1,0,0,0,0,4.22318E+20,5.61549E+21,7.90033E+15,5.06861E+16
55222,55223,7,3,15,0,2016,6,12,3,3,6,6,0,0,1,0,1,0,0,0,4.46812E+20,5.53883E+21,8.25785E+15,4.99994E+16
55223,55224,7,3,11,0,2016,6,13,2,3,2,6,0,1,0,1,0,0,1,0,4.54178E+20,5.48558E+21,8.36689E+15,4.95211E+16
55224,55225,7,1,11,0,2016,6,9,5,3,1,6,0,0,0,1,0,0,0,0,4.00674E+20,5.57885E+21,7.60377E+15,5.03534E+16
55225,55226,7,2,32,81,2016,6,13,4,2,2,1,0,0,0,1,0,1,0,0,3.26568E+20,5.53909E+21,6.58097E+15,4.99789E+16
55226,55227,7,1,33,54,2016,6,10,6,3,7,7,0,0,0,1,0,0,0,1,4.19171E+20,5.52734E+21,7.87464E+15,4.9893E+16
55227,55228,7,3,37,38,2016,6,10,5,3,0,7,0,0,0,0,0,1,0,0,4.42166E+20,5.44475E+21,8.20686E+15,4.91529E+16
55228,55229,7,3,14,0,2016,7,14,7,3,5,2,0,1,0,1,0,0,0,0,4.57763E+20,5.48283E+21,8.41672E+15,4.94967E+16
55229,55230,7,3,33,38,2016,6,18,5,3,4,6,0,0,0,1,0,0,0,0,4.31717E+20,5.49235E+21,8.05542E+15,4.95798E+16
55230,55231,7,2,11,0,2016,6,13,4,3,2,6,0,0,1,1,0,0,0,0,3.29357E+20,5.51359E+21,6.63106E+15,4.97506E+16
55231,55232,7,3,14,0,2016,6,16,3,2,2,6,0,1,0,1,0,0,0,0,4.59716E+20,5.48046E+21,8.44393E+15,4.94755E+16
55232,55233,7,3,12,0,2016,6,15,6,3,2,2,0,0,0,1,0,0,0,0,4.07024E+20,5.47374E+21,7.71829E+15,4.94092E+16
55233,55234,7,1,32,101,2016,6,3,1,3,0,7,2,1,0,1,0,0,0,0,4.22336E+20,5.62413E+21,7.89877E+15,5.07637E+16
55234,55235,7,2,32,295,2016,7,9,2,3,5,3,0,1,0,1,0,0,0,0,3.10397E+20,5.56058E+21,6.34502E+15,5.0167E+16
55235,55236,7,3,18,0,2016,6,17,3,3,5,3,0,0,1,1,0,0,0,0,4.57245E+20,5.46676E+21,8.41129E+15,4.9352E+16
55236,55237,7,1,31,7,2016,6,13,5,3,5,2,0,0,0,1,0,0,0,0,3.6883E+20,5.60117E+21,7.14855E+15,5.05478E+16
55237,55238,7,3,11,0,2016,6,12,2,3,8,1,0,1,0,1,0,0,0,1,4.53349E+20,5.48454E+21,8.35556E+15,4.95117E+16
55238,55239,7,3,15,0,2016,6,17,4,3,0,1,0,0,0,0,0,1,0,0,4.47416E+20,5.54E+21,8.26612E+15,5.001E+16
55239,55240,7,3,15,0,2016,7,19,6,3,3,2,0,0,0,1,0,0,0,1,4.4652E+20,5.53863E+21,8.25381E+15,4.99976E+16
55240,55241,7,3,34,32,2016,6,6,6,3,0,3,0,0,1,1,0,0,0,0,4.47858E+20,5.45623E+21,8.28342E+15,4.92566E+16
55241,55242,7,3,15,0,2016,6,8,2,2,2,6,0,0,0,1,0,0,0,0,4.4545E+20,5.53496E+21,8.2394E+15,4.99645E+16
55242,55243,7,1,43,52,2016,6,16,2,2,4,1,0,1,0,1,0,0,0,0,4.08637E+20,5.58285E+21,7.71471E+15,5.03906E+16
55243,55244,7,1,37,228,2016,6,19,5,3,9,1,0,1,0,1,0,0,0,0,3.89047E+20,5.58563E+21,7.43839E+15,5.04122E+16
55244,55245,7,3,16,0,2016,7,10,4,2,5,3,0,0,1,1,0,0,0,0,4.46812E+20,5.46171E+21,8.26832E+15,4.93058E+16
55245,55246,7,1,37,212,2016,6,22,1,3,9,1,2,1,0,1,0,0,0,0,3.87316E+20,5.57174E+21,7.4182E+15,5.0287E+16
55246,55247,7,3,35,4,2016,6,23,6,3,3,6,2,0,1,1,0,0,0,0,4.20155E+20,5.48239E+21,7.89752E+15,4.94889E+16
55247,55248,7,2,31,33,2016,7,7,6,2,0,7,0,0,0,1,0,0,1,0,3.51337E+20,5.54375E+21,6.92439E+15,5.00275E+16
55248,55249,7,3,14,0,2016,7,17,1,3,2,6,0,0,0,1,0,0,0,1,4.56146E+20,5.47833E+21,8.39489E+15,4.9456E+16
55249,55250,7,1,38,71,2016,6,14,6,3,3,6,0,1,0,1,0,0,0,0,3.94661E+20,5.60317E+21,7.51245E+15,5.05709E+16
55250,55251,7,3,15,0,2016,7,12,3,2,4,6,0,0,1,0,0,0,0,0,4.45292E+20,5.54066E+21,8.23639E+15,5.00157E+16
55251,55252,7,1,11,0,2016,6,9,4,3,9,1,0,1,0,1,0,0,0,0,3.99002E+20,5.57641E+21,7.58094E+15,5.03312E+16
55252,55253,7,3,31,41,2016,6,16,5,3,4,2,0,0,0,1,0,0,0,0,4.4433E+20,5.49732E+21,8.22917E+15,4.96259E+16
55253,55254,7,3,14,0,2016,6,6,4,3,2,6,0,0,0,1,0,0,0,1,4.53593E+20,5.48079E+21,8.35937E+15,4.94779E+16
55254,55255,7,1,43,10,2016,6,11,3,3,3,1,0,0,0,1,0,0,1,0,4.13258E+20,5.58963E+21,7.77814E+15,5.04523E+16
55255,55256,7,1,34,45,2016,6,8,5,3,2,6,0,1,0,1,0,0,0,0,3.76349E+20,5.51029E+21,7.28412E+15,4.97324E+16
55256,55257,7,1,32,46,2016,7,15,7,2,7,1,0,0,0,0,0,1,0,0,3.96923E+20,5.6186E+21,7.54007E+15,5.07101E+16
55257,55258,7,2,35,50,2016,6,14,5,2,8,6,0,0,0,0,0,1,1,0,3.39126E+20,5.50575E+21,6.76981E+15,4.96828E+16
55258,55259,7,3,14,0,2016,6,17,3,3,3,6,0,0,0,1,0,0,0,1,4.54058E+20,5.481E+21,8.36576E+15,4.94799E+16
55259,55260,7,3,37,40,2016,6,19,2,3,8,1,0,0,0,0,0,1,0,0,4.30151E+20,5.44366E+21,8.0423E+15,4.91418E+16
55260,55261,7,3,40,201,2016,6,16,7,3,0,6,0,1,0,1,0,1,0,0,3.83003E+20,5.45154E+21,7.39377E+15,4.92055E+16
55261,55262,7,1,41,85,2016,6,7,4,3,5,3,0,1,0,1,0,0,0,0,4.16537E+20,5.5647E+21,7.82983E+15,5.02285E+16
55262,55263,7,2,31,502,2016,6,19,3,2,1,1,0,0,0,1,0,0,0,0,3.6537E+20,5.51998E+21,7.12848E+15,4.98171E+16
55263,55264,7,3,15,0,2016,6,13,2,3,2,6,0,0,0,1,0,0,0,0,4.47412E+20,5.53785E+21,8.26635E+15,4.99906E+16
55264,55265,7,3,14,0,2016,6,21,1,3,9,1,2,1,0,1,0,0,0,0,4.5682E+20,5.48366E+21,8.4036E+15,4.9504E+16
55265,55266,7,3,32,27,2016,6,17,4,2,4,1,0,1,0,1,0,0,0,0,4.32284E+20,5.48722E+21,8.06414E+15,4.95338E+16
55266,55267,7,1,31,77,2016,6,16,1,3,8,1,0,0,0,1,0,0,0,0,3.74586E+20,5.59636E+21,7.23138E+15,5.05058E+16
55267,55268,7,1,43,256,2016,6,14,4,3,8,7,0,0,0,0,0,1,0,0,4.33745E+20,5.6157E+21,8.06203E+15,5.06894E+16
55268,55269,7,2,33,53,2016,6,14,6,3,0,1,0,1,1,0,0,0,0,0,3.31659E+20,5.57316E+21,6.63688E+15,5.02865E+16
55269,55270,7,3,39,56,2016,6,17,3,3,5,3,0,0,1,1,0,0,0,0,4.27165E+20,5.52383E+21,7.98659E+15,4.98625E+16
55270,55271,7,1,32,37,2016,6,13,2,2,8,1,0,1,0,1,0,0,0,0,4.14875E+20,5.63746E+21,7.78991E+15,5.08826E+16
55271,55272,7,1,43,59,2016,6,10,2,3,8,1,0,1,0,1,0,0,0,0,4.09537E+20,5.59552E+21,7.7243E+15,5.05047E+16
55272,55273,7,1,33,30,2016,6,18,4,3,8,1,0,0,0,1,0,0,0,0,4.14243E+20,5.51349E+21,7.80911E+15,4.97678E+16
55273,55274,7,1,32,6,2016,6,11,3,3,4,6,0,0,0,1,0,0,0,0,4.19518E+20,5.62838E+21,7.85788E+15,5.08016E+16
55274,55275,7,3,19,0,2016,6,13,3,3,5,6,0,0,1,1,0,0,0,0,4.5383E+20,5.49734E+21,8.3607E+15,4.96269E+16
55275,55276,7,2,33,21,2016,7,6,4,3,8,1,0,0,0,1,0,0,0,0,3.51336E+20,5.55821E+21,6.91874E+15,5.01575E+16
55276,55277,7,3,14,0,2016,6,1,7,1,9,1,2,0,0,1,0,0,0,0,4.60625E+20,5.47619E+21,8.4569E+15,4.94371E+16
55277,55278,7,1,43,216,2016,6,0,2,3,9,1,2,0,0,1,0,1,0,0,4.24976E+20,5.60809E+21,7.93944E+15,5.06199E+16
55278,55279,7,1,31,74,2016,6,11,2,3,9,1,0,1,0,1,0,0,0,0,3.48692E+20,5.59158E+21,6.86838E+15,5.04567E+16
55279,55280,7,3,34,13,2016,6,15,4,3,9,1,0,1,0,1,0,0,0,0,4.41881E+20,5.43496E+21,8.20436E+15,4.90648E+16
55280,55281,7,1,31,77,2016,6,7,3,3,2,6,0,0,0,1,0,0,0,0,3.74154E+20,5.60179E+21,7.22345E+15,5.05545E+16
55281,55282,7,3,39,64,2016,6,17,3,3,9,1,0,0,0,1,0,0,0,0,4.48079E+20,5.51947E+21,8.27813E+15,4.98254E+16
55282,55283,7,3,31,1,2016,7,11,4,3,1,6,0,0,0,1,0,0,0,0,4.35893E+20,5.51544E+21,8.1094E+15,4.9788E+16
55283,55284,7,3,32,24,2016,6,13,7,3,1,2,0,0,0,1,0,0,0,0,4.40095E+20,5.49324E+21,8.17117E+15,4.95887E+16
55284,55285,7,3,34,7,2016,6,19,6,2,6,6,0,0,1,0,1,0,0,0,4.53676E+20,5.45049E+21,8.36404E+15,4.92055E+16
55285,55286,7,1,34,5,2016,7,17,6,2,8,1,0,0,0,0,0,1,0,0,3.80851E+20,5.49769E+21,7.3504E+15,4.962E+16
55286,55287,7,2,31,502,2016,7,11,1,3,8,1,0,1,0,1,0,0,0,0,3.65855E+20,5.52058E+21,7.13502E+15,4.98226E+16
55287,55288,7,3,35,38,2016,6,15,5,3,5,3,0,0,1,0,0,0,0,0,3.95082E+20,5.47985E+21,7.5521E+15,4.94622E+16
55288,55289,7,2,33,10,2016,7,8,3,2,5,2,0,0,0,1,0,0,0,0,3.4759E+20,5.5714E+21,6.86104E+15,5.0275E+16
55289,55290,7,3,15,0,2016,6,13,5,2,0,1,0,0,1,0,0,0,0,0,4.44173E+20,5.54126E+21,8.22068E+15,5.00211E+16
55290,55291,7,3,38,6,2016,6,14,4,3,9,1,0,0,0,1,0,0,0,0,4.49045E+20,5.47728E+21,8.29705E+15,4.94461E+16
55291,55292,7,3,12,0,2016,6,12,2,3,1,6,0,0,0,1,0,0,0,0,4.03556E+20,5.47617E+21,7.6699E+15,4.94306E+16
55292,55293,7,1,38,57,2016,6,15,5,3,5,3,0,0,0,1,0,1,0,0,4.01516E+20,5.60554E+21,7.60858E+15,5.05934E+16
55293,55294,7,1,31,3,2016,7,11,7,3,4,1,0,0,1,0,0,1,0,0,3.58406E+20,5.60063E+21,7.00171E+15,5.05404E+16
55294,55295,7,1,32,117,2016,6,7,5,3,2,6,0,0,0,1,0,0,1,0,4.12947E+20,5.62441E+21,7.76559E+15,5.0765E+16
55295,55296,7,3,38,4,2016,6,18,3,3,2,6,0,0,0,1,0,0,0,0,4.53512E+20,5.49369E+21,8.35674E+15,4.9594E+16
55296,55297,7,3,39,5,2016,6,11,2,3,2,6,0,0,0,1,0,0,1,0,4.24565E+20,5.52949E+21,7.94931E+15,4.9913E+16
55297,55298,7,3,14,0,2016,6,13,7,3,5,3,0,0,1,1,0,0,0,0,4.58925E+20,5.48183E+21,8.43287E+15,4.94877E+16
55298,55299,7,1,32,37,2016,6,21,4,3,9,7,0,0,0,1,0,0,0,0,4.13323E+20,5.64185E+21,7.7668E+15,5.09218E+16
55299,55300,7,1,37,501,2016,6,12,3,2,6,4,0,0,0,1,1,0,0,0,3.83333E+20,5.5671E+21,7.36374E+15,5.02446E+16
55300,55301,7,2,35,80,2016,6,8,2,3,8,1,0,1,0,1,0,0,0,0,3.44293E+20,5.51137E+21,6.83914E+15,4.97346E+16
55301,55302,7,2,31,90,2016,6,10,1,2,0,7,0,0,0,0,0,1,0,0,3.58267E+20,5.52945E+21,7.02633E+15,4.99006E+16
55302,55303,7,3,37,62,2016,6,11,4,2,4,1,0,1,0,1,0,0,0,0,4.2826E+20,5.44146E+21,8.01677E+15,4.91218E+16
55303,55304,7,1,37,68,2016,6,11,1,3,8,1,0,0,0,1,0,0,0,0,3.75317E+20,5.57218E+21,7.2497E+15,5.02885E+16
55304,55305,7,1,32,94,2016,6,11,4,2,5,3,0,0,0,1,0,0,0,0,3.94354E+20,5.61862E+21,7.5037E+15,5.07098E+16
55305,55306,7,3,32,18,2016,6,23,6,3,1,6,2,0,0,1,0,0,0,0,4.30778E+20,5.4693E+21,8.04647E+15,4.93725E+16
55306,55307,7,3,14,0,2016,7,8,5,3,5,3,0,0,1,1,0,0,0,0,4.58932E+20,5.47949E+21,8.43321E+15,4.94667E+16
55307,55308,7,2,11,0,2016,6,13,6,3,5,3,0,1,0,1,0,0,0,1,3.32015E+20,5.51496E+21,6.66735E+15,4.97636E+16
55308,55309,7,1,37,89,2016,6,18,2,2,8,1,0,0,0,1,0,0,0,0,3.76547E+20,5.5731E+21,7.26666E+15,5.02971E+16
55309,55310,7,3,16,0,2016,6,16,1,3,4,1,0,1,0,1,0,0,0,0,4.3954E+20,5.46494E+21,8.16781E+15,4.93342E+16
55310,55311,7,3,15,0,2016,6,18,4,3,1,6,0,0,0,1,0,0,0,0,4.50041E+20,5.53699E+21,8.30314E+15,4.99832E+16
55311,55312,7,2,35,141,2016,7,13,2,3,8,7,0,0,0,0,0,1,0,0,3.39033E+20,5.51434E+21,6.76498E+15,4.976E+16
55312,55313,7,2,35,118,2016,6,22,6,2,7,1,2,0,1,0,0,0,0,0,3.2359E+20,5.49786E+21,6.55818E+15,4.96076E+16
55313,55314,7,2,11,0,2016,7,13,4,3,2,6,0,0,0,1,0,0,0,1,3.28275E+20,5.51234E+21,6.61661E+15,4.9739E+16
55314,55315,7,1,37,207,2016,6,18,6,2,2,2,0,1,0,1,0,1,0,0,3.90917E+20,5.57443E+21,7.46796E+15,5.03119E+16
55315,55316,7,1,32,113,2016,6,16,5,2,8,1,0,0,0,0,0,1,0,0,4.24708E+20,5.62098E+21,7.93303E+15,5.07357E+16
55316,55317,7,3,15,0,2016,6,23,7,3,8,6,2,0,0,1,0,0,0,0,4.42956E+20,5.54047E+21,8.20381E+15,5.00138E+16
55317,55318,7,2,35,4,2016,6,22,6,2,5,2,2,0,0,1,0,1,0,0,3.42658E+20,5.52428E+21,6.81125E+15,4.98502E+16
55318,55319,7,1,37,86,2016,7,10,6,3,5,3,0,0,0,1,0,1,0,0,3.84942E+20,5.57857E+21,7.3828E+15,5.03479E+16
55319,55320,7,1,37,228,2016,7,14,1,3,2,6,0,0,0,1,0,0,0,0,3.89441E+20,5.58569E+21,7.44393E+15,5.04128E+16
55320,55321,7,1,43,28,2016,6,16,7,3,3,6,0,0,1,1,0,0,0,0,4.16342E+20,5.59548E+21,7.82026E+15,5.05053E+16
55321,55322,7,1,40,144,2016,6,7,2,3,9,1,0,0,0,1,0,0,0,0,3.93529E+20,5.53687E+21,7.51511E+15,4.99746E+16
55322,55323,7,3,35,4,2016,7,20,2,2,9,1,0,0,0,0,0,1,0,0,4.1877E+20,5.47987E+21,7.87892E+15,4.9466E+16
55323,55324,7,3,40,2,2016,6,22,3,3,5,6,2,0,0,1,0,0,0,0,4.1475E+20,5.44261E+21,7.8314E+15,4.91304E+16
55324,55325,7,1,37,228,2016,6,19,3,3,5,3,0,0,0,1,0,0,0,0,3.91577E+20,5.58516E+21,7.47413E+15,5.04085E+16