FID,OBJECTID,ULAND,UREGBEZ,UKREIS,UGEMEINDE,UJAHR,UMONAT,USTUNDE,UWOCHENTAG,UKATEGORIE,UART,UTYP1,ULICHTVERH,IstStrasse,IstRad,IstPKW,IstFuss,IstKrad,IstGkfz,IstSonstig,LINREFX,LINREFY,XGCSWGS84,YGCSWGS84
55325,55326,7,3,17,0,2016,6,14,4,3,5,2,0,0,0,1,0,0,0,0,3.96675E+20,5.44891E+21,7.58209E+15,4.91843E+16
55326,55327,7,3,38,18,2016,7,17,6,3,3,2,0,0,0,1,0,1,0,0,4.49837E+20,5.48148E+21,8.30744E+15,4.94839E+16
55327,55328,7,3,39,5,2016,6,11,3,3,8,6,0,0,0,1,0,0,0,1,4.25428E+20,5.53484E+21,7.9603E+15,4.99613E+16
55328,55329,7,3,40,502,2016,6,15,6,2,5,3,0,1,0,1,0,0,0,1,4.12627E+20,5.44006E+21,7.80286E+15,4.91072E+16
55329,55330,7,1,38,45,2016,6,9,2,2,1,6,0,0,0,1,0,0,0,1,3.90426E+20,5.58659E+21,7.45753E+15,5.04211E+16
55330,55331,7,1,35,36,2016,6,18,7,3,9,1,0,1,0,1,0,0,0,0,3.68289E+20,5.56034E+21,7.15521E+15,5.01806E+16
55331,55332,7,3,14,0,2016,6,1,6,3,2,6,2,0,0,1,0,0,0,0,4.56193E+20,5.47834E+21,8.39554E+15,4.94562E+16
55332,55333,7,1,43,30,2016,7,10,6,2,4,6,0,0,0,1,0,0,1,0,4.06066E+20,5.58928E+21,7.67694E+15,5.0448E+16
55333,55334,7,1,32,63,2016,7,1,1,3,0,1,2,0,0,0,0,0,1,0,4.21046E+20,5.62928E+21,7.87937E+15,5.08099E+16
55334,55335,7,2,35,45,2016,6,7,7,3,3,7,0,0,0,1,0,0,0,0,3.39157E+20,5.51886E+21,6.76483E+15,4.98006E+16
55335,55336,7,1,38,41,2016,7,10,3,2,5,3,0,0,0,1,0,1,0,0,3.80368E+20,5.60409E+21,7.3104E+15,5.05764E+16
55336,55337,7,1,37,216,2016,6,9,4,3,5,3,0,0,0,1,0,0,0,0,3.94279E+20,5.5841E+21,7.51244E+15,5.03995E+16
55337,55338,7,2,31,8,2016,6,14,5,3,2,6,0,1,0,1,0,1,0,0,3.61673E+20,5.53045E+21,7.07338E+15,4.99104E+16
55338,55339,7,3,15,0,2016,6,11,3,3,2,6,0,0,0,1,0,0,0,0,4.49793E+20,5.53726E+21,8.29964E+15,4.99856E+16
55339,55340,7,3,31,72,2016,6,16,4,3,6,2,0,0,0,0,1,0,0,1,4.25151E+20,5.51835E+21,7.95963E+15,4.98129E+16
55340,55341,7,1,37,89,2016,6,15,5,3,8,7,0,0,0,1,0,0,0,0,3.78056E+20,5.57285E+21,7.28791E+15,5.02951E+16
55341,55342,7,3,16,0,2016,7,14,6,3,5,3,0,0,1,1,0,0,0,0,4.38388E+20,5.46643E+21,8.15173E+15,4.93475E+16
55342,55343,7,1,33,36,2016,6,21,3,3,9,1,0,1,0,1,0,0,0,0,4.14172E+20,5.52559E+21,7.80545E+15,4.98765E+16
55343,55344,7,1,43,242,2016,6,19,2,3,5,2,0,1,0,1,0,0,0,0,4.28023E+20,5.60803E+21,7.98252E+15,5.06197E+16
55344,55345,7,2,35,45,2016,6,13,7,3,5,1,0,1,0,1,0,0,0,0,3.50538E+20,5.50279E+21,6.92903E+15,4.96591E+16
55345,55346,7,1,32,72,2016,6,16,4,3,8,1,0,0,1,0,0,0,0,0,4.27243E+20,5.63293E+21,7.96659E+15,5.08435E+16
55346,55347,7,1,38,12,2016,6,7,3,3,3,6,0,0,0,1,0,0,1,0,4.05424E+20,5.59767E+21,7.66578E+15,5.05233E+16
55347,55348,7,3,37,21,2016,6,5,5,3,2,2,0,0,1,1,0,0,0,0,4.3687E+20,5.45795E+21,8.13217E+15,4.92711E+16
55348,55349,7,2,35,152,2016,6,12,1,3,8,1,0,1,0,1,0,0,0,0,3.31747E+20,5.49833E+21,6.67079E+15,4.96141E+16
55349,55350,7,3,32,2,2016,6,15,7,3,4,2,0,0,0,1,0,0,0,0,4.40862E+20,5.47841E+21,8.184E+15,4.94555E+16
55350,55351,7,1,43,315,2016,7,20,5,3,1,5,0,0,0,1,0,0,0,0,4.33634E+20,5.61081E+21,8.06133E+15,5.06454E+16
55351,55352,7,3,11,0,2016,6,9,6,3,2,6,0,0,0,1,0,0,0,0,4.5268E+20,5.48814E+21,8.34588E+15,4.9544E+16
55352,55353,7,3,15,0,2016,7,14,5,3,5,3,0,0,1,1,0,0,0,0,4.47639E+20,5.53658E+21,8.2697E+15,4.99792E+16
55353,55354,7,1,37,207,2016,6,6,6,3,2,6,0,0,0,1,0,0,0,0,3.92056E+20,5.57295E+21,7.48437E+15,5.02988E+16
55354,55355,7,2,35,146,2016,6,17,1,2,5,3,0,0,0,1,0,1,0,0,3.15669E+20,5.50564E+21,6.44499E+15,4.96751E+16
55355,55356,7,3,32,25,2016,6,13,1,3,1,1,0,0,0,1,0,0,0,0,4.44011E+20,5.46813E+21,8.2289E+15,4.93633E+16
55356,55357,7,2,11,0,2016,6,13,4,3,2,2,0,1,0,1,0,0,1,0,3.289E+20,5.51398E+21,6.62455E+15,4.97539E+16
55357,55358,7,1,43,269,2016,6,17,7,3,5,3,0,1,0,1,0,0,0,0,4.14942E+20,5.61414E+21,7.79626E+15,5.06729E+16
55358,55359,7,1,40,64,2016,7,12,2,3,8,7,0,1,0,1,0,0,0,0,3.88731E+20,5.54615E+21,7.44554E+15,5.00572E+16
55359,55360,7,1,41,85,2016,6,17,6,2,5,3,0,0,1,1,0,0,0,0,4.1667E+20,5.56434E+21,7.83177E+15,5.02254E+16
55360,55361,7,3,40,32,2016,7,11,3,2,9,7,0,0,0,1,0,0,0,0,4.0488E+20,5.45426E+21,7.69338E+15,4.92338E+16
55361,55362,7,1,40,501,2016,6,16,6,2,9,1,0,0,0,1,0,0,0,0,3.9254E+20,5.57304E+21,7.49113E+15,5.02997E+16
55362,55363,7,1,37,81,2016,6,18,5,3,8,1,0,0,0,0,0,1,0,0,3.79721E+20,5.58656E+21,7.3069E+15,5.04187E+16
55363,55364,7,3,36,11,2016,6,16,5,2,0,7,0,0,0,1,1,0,0,0,3.81205E+20,5.47682E+21,7.36158E+15,4.94324E+16
55364,55365,7,3,34,501,2016,7,12,7,2,8,1,0,1,0,1,0,0,0,0,4.33293E+20,5.43397E+21,8.08698E+15,4.9055E+16
55365,55366,7,1,34,16,2016,6,10,4,2,8,1,0,0,0,0,0,0,1,1,3.65438E+20,5.50138E+21,7.13584E+15,4.965E+16
55366,55367,7,3,34,24,2016,6,11,3,2,2,6,0,0,0,1,0,1,0,0,4.47293E+20,5.44103E+21,8.27766E+15,4.91198E+16
55367,55368,7,1,38,30,2016,6,16,7,3,8,1,0,0,0,1,0,0,0,0,3.92925E+20,5.60412E+21,7.48766E+15,5.05792E+16
55368,55369,7,2,31,134,2016,6,6,1,3,8,1,0,0,0,1,0,0,0,0,3.51657E+20,5.54093E+21,6.92994E+15,5.00022E+16
55369,55370,7,1,33,52,2016,7,9,2,3,5,3,0,0,0,1,0,0,0,1,3.87424E+20,5.51295E+21,7.43697E+15,4.97585E+16
55370,55371,7,3,34,17,2016,6,12,3,3,6,6,0,1,1,0,1,0,0,0,4.52205E+20,5.45514E+21,8.34329E+15,4.92471E+16
55371,55372,7,3,12,0,2016,6,6,2,3,2,6,1,1,0,1,0,1,0,0,4.08219E+20,5.47701E+21,7.73401E+15,4.94388E+16
55372,55373,7,3,38,9,2016,6,17,4,2,3,6,0,0,0,0,0,1,0,1,4.50634E+20,5.49227E+21,8.31708E+15,4.9581E+16
55373,55374,7,3,19,0,2016,7,10,6,2,4,2,0,0,0,1,0,1,0,0,4.53697E+20,5.50052E+21,8.35849E+15,4.96554E+16
55374,55375,7,1,43,32,2016,6,5,3,3,8,1,1,1,0,1,0,0,0,0,4.06084E+20,5.58933E+21,7.67719E+15,5.04485E+16
55375,55376,7,3,32,38,2016,6,15,6,3,2,6,0,0,0,1,0,0,0,0,4.37592E+20,5.48831E+21,8.13732E+15,4.95442E+16
55376,55377,7,3,15,0,2016,6,17,2,3,0,7,0,0,1,0,0,0,0,0,4.46042E+20,5.53857E+21,8.24715E+15,4.9997E+16
55377,55378,7,1,41,128,2016,6,5,5,2,8,1,1,1,0,1,0,0,0,0,4.20663E+20,5.57337E+21,7.88585E+15,5.03071E+16
55378,55379,7,3,36,92,2016,7,17,4,3,2,6,0,0,0,1,0,0,0,0,3.80733E+20,5.47358E+21,7.35605E+15,4.94032E+16
55379,55380,7,3,15,0,2016,6,8,6,3,6,2,0,0,0,1,1,0,0,0,4.47079E+20,5.53794E+21,8.2617E+15,4.99915E+16
55380,55381,7,1,34,45,2016,7,7,5,3,1,6,0,0,0,1,0,0,0,0,3.78895E+20,5.50679E+21,7.32051E+15,4.97014E+16
55381,55382,7,1,31,11,2016,6,13,1,2,8,1,0,0,0,0,0,1,0,0,3.53471E+20,5.59996E+21,6.93238E+15,5.05332E+16
55382,55383,7,3,40,53,2016,6,13,6,3,2,6,0,0,0,1,0,0,0,0,3.94766E+20,5.44483E+21,7.55696E+15,4.91473E+16
55383,55384,7,3,38,19,2016,7,12,1,2,9,1,0,0,0,0,0,1,0,0,4.55414E+20,5.47639E+21,8.385E+15,4.94386E+16
55384,55385,7,3,14,0,2016,6,14,2,3,2,6,0,0,0,1,0,0,0,0,4.56896E+20,5.4786E+21,8.40521E+15,4.94585E+16
55385,55386,7,1,33,18,2016,6,18,5,3,8,1,0,1,0,1,0,0,0,0,4.1975E+20,5.52415E+21,7.88336E+15,4.98643E+16
55386,55387,7,1,43,78,2016,6,19,1,3,9,1,0,1,0,1,0,0,0,0,4.12705E+20,5.59581E+21,7.7689E+15,5.05077E+16
55387,55388,7,3,33,31,2016,6,6,7,3,3,6,0,0,0,1,0,0,0,0,4.31523E+20,5.5054E+21,8.05045E+15,4.96972E+16
55388,55389,7,1,37,216,2016,7,16,5,3,5,3,0,0,0,1,0,0,0,0,3.93074E+20,5.5844E+21,7.49541E+15,5.04019E+16
55389,55390,7,3,39,64,2016,6,17,6,3,5,3,0,0,0,1,0,0,0,0,4.47645E+20,5.51856E+21,8.27222E+15,4.98172E+16
55390,55391,7,2,33,76,2016,7,14,5,2,2,6,0,0,0,1,0,1,0,1,3.38642E+20,5.57691E+21,6.73322E+15,5.03221E+16
55391,55392,7,3,33,34,2016,6,13,5,2,4,1,0,1,0,1,0,0,0,0,4.14493E+20,5.49391E+21,7.81687E+15,4.95917E+16
55392,55393,7,1,38,15,2016,6,16,1,3,9,1,0,1,0,1,0,0,0,0,3.92177E+20,5.59732E+21,7.47907E+15,5.05179E+16
55393,55394,7,3,14,0,2016,6,5,1,2,8,1,1,0,0,1,0,0,0,0,4.58895E+20,5.47945E+21,8.4327E+15,4.94663E+16
55394,55395,7,1,31,6,2016,6,10,7,3,6,4,0,1,0,1,1,0,0,1,3.79219E+20,5.59686E+21,7.29652E+15,5.05112E+16
55395,55396,7,3,35,19,2016,7,12,1,2,0,1,0,0,0,0,0,1,0,0,3.97362E+20,5.48589E+21,7.58198E+15,4.9517E+16
55396,55397,7,1,37,228,2016,6,14,6,3,5,3,0,1,1,1,0,0,0,0,3.90609E+20,5.58584E+21,7.46031E+15,5.04144E+16
55397,55398,7,1,31,501,2016,6,8,6,3,8,1,0,0,0,0,0,1,0,0,3.53139E+20,5.58998E+21,6.93161E+15,5.04434E+16
55398,55399,7,3,32,14,2016,7,21,3,3,9,1,0,0,0,0,0,1,0,0,4.2279E+20,5.47094E+21,7.93614E+15,4.93862E+16
55399,55400,7,3,36,97,2016,6,16,5,3,3,6,0,0,1,1,0,0,0,0,3.80566E+20,5.49411E+21,7.34754E+15,4.95878E+16
55400,55401,7,3,40,52,2016,6,22,4,3,4,7,2,0,0,1,0,0,0,0,3.93189E+20,5.44305E+21,7.53582E+15,4.9131E+16
55401,55402,7,3,39,21,2016,6,19,5,3,5,3,0,0,0,1,0,0,0,0,4.2339E+20,5.52843E+21,7.93316E+15,4.99033E+16
55402,55403,7,1,33,6,2016,7,20,7,3,3,6,0,0,1,1,0,0,0,0,4.18502E+20,5.52163E+21,7.86653E+15,4.98416E+16
55403,55404,7,3,15,0,2016,6,14,5,3,2,2,0,0,0,1,0,0,0,0,4.47434E+20,5.53728E+21,8.26675E+15,4.99855E+16
55404,55405,7,1,38,12,2016,6,20,4,3,3,6,0,0,0,1,0,0,0,0,4.04155E+20,5.60036E+21,7.6472E+15,5.05473E+16
55405,55406,7,3,39,58,2016,6,11,3,3,8,1,0,1,0,1,0,0,0,0,4.16318E+20,5.54137E+21,7.83188E+15,5.00187E+16
55406,55407,7,3,38,19,2016,6,13,6,3,2,6,0,0,0,1,0,0,0,0,4.50594E+20,5.47783E+21,8.31834E+15,4.94512E+16
55407,55408,7,1,38,45,2016,6,18,1,3,5,3,0,0,0,1,0,0,0,0,3.89933E+20,5.58856E+21,7.45E+15,5.04387E+16
55408,55409,7,2,31,108,2016,7,15,2,3,9,1,0,0,0,1,0,0,0,0,3.47588E+20,5.54215E+21,6.87271E+15,5.00121E+16
55409,55410,7,3,39,65,2016,6,6,3,2,1,6,0,1,0,1,0,1,0,0,4.25061E+20,5.52566E+21,7.95696E+15,4.98787E+16
55410,55411,7,3,34,13,2016,6,20,2,2,0,1,0,1,0,0,0,1,0,0,4.41497E+20,5.43704E+21,8.1988E+15,4.90834E+16
55411,55412,7,1,40,64,2016,6,11,5,3,9,7,0,0,0,1,0,0,0,0,3.88129E+20,5.54863E+21,7.43641E+15,5.00794E+16
55412,55413,7,3,34,24,2016,6,21,2,2,8,1,2,1,0,1,0,0,0,0,4.49138E+20,5.43865E+21,8.30324E+15,4.90986E+16
55413,55414,7,3,15,0,2016,6,13,4,3,2,6,0,0,0,1,0,0,1,0,4.43678E+20,5.53877E+21,8.21414E+15,4.99986E+16
55414,55415,7,3,14,0,2016,6,9,6,3,5,3,0,0,0,1,0,0,0,0,4.58387E+20,5.4782E+21,8.42583E+15,4.9455E+16
55415,55416,7,2,32,43,2016,6,19,2,3,9,6,0,1,0,1,0,0,1,0,3.28855E+20,5.54334E+21,6.61094E+15,5.00178E+16
55416,55417,7,1,38,31,2016,6,9,2,3,9,1,0,1,0,1,0,0,1,0,3.99653E+20,5.59228E+21,7.58584E+15,5.0474E+16
55417,55418,7,3,20,0,2016,6,15,4,3,5,3,0,1,0,1,0,0,0,0,3.83599E+20,5.45394E+21,7.40126E+15,4.92272E+16
55418,55419,7,3,39,30,2016,6,16,3,3,3,6,0,0,1,1,0,0,0,0,4.32145E+20,5.53674E+21,8.05359E+15,4.99792E+16
55419,55420,7,3,37,61,2016,7,17,4,2,8,7,0,0,0,1,0,0,0,0,4.40975E+20,5.44717E+21,8.19018E+15,4.91745E+16
55420,55421,7,1,38,44,2016,6,18,1,3,9,1,0,1,0,1,0,0,0,0,3.85126E+20,5.6103E+21,7.37565E+15,5.06332E+16
55421,55422,7,3,16,0,2016,6,9,6,3,1,6,0,0,0,1,0,1,0,0,4.37343E+20,5.46734E+21,8.1372E+15,4.93555E+16
55422,55423,7,2,32,305,2016,7,16,6,2,8,1,0,0,0,0,0,1,0,0,3.24109E+20,5.56697E+21,6.53387E+15,5.02287E+16
55423,55424,7,3,19,0,2016,7,18,1,3,8,1,0,0,0,1,0,0,0,0,4.53286E+20,5.50417E+21,8.35236E+15,4.96883E+16
55424,55425,7,3,20,0,2016,6,20,5,3,5,3,0,0,0,1,0,0,0,0,3.81739E+20,5.45341E+21,7.37587E+15,4.92221E+16
55425,55426,7,3,31,1,2016,7,17,3,3,9,7,0,0,0,1,0,0,0,0,4.36919E+20,5.51471E+21,8.12376E+15,4.97815E+16
55426,55427,7,1,37,88,2016,6,17,4,3,9,1,0,0,0,0,0,0,1,0,3.85303E+20,5.58202E+21,7.38683E+15,5.0379E+16
55427,55428,7,3,39,43,2016,6,18,5,3,3,2,2,0,0,1,0,1,0,0,4.5244E+20,5.52428E+21,8.33817E+15,4.9869E+16
55428,55429,7,3,32,49,2016,6,14,4,3,4,2,0,0,0,1,0,0,0,0,4.39092E+20,5.4849E+21,8.15858E+15,4.95137E+16
55429,55430,7,3,40,206,2016,6,22,2,3,5,3,2,1,0,0,0,1,0,1,3.86318E+20,5.45619E+21,7.43796E+15,4.92479E+16
55430,55431,7,1,43,263,2016,6,14,5,3,2,6,0,0,0,1,0,0,0,1,4.2067E+20,5.59282E+21,7.88185E+15,5.0482E+16
55431,55432,7,1,31,77,2016,7,19,7,3,9,7,0,0,0,1,0,0,0,0,3.74674E+20,5.59684E+21,7.23244E+15,5.05101E+16
55432,55433,7,2,35,137,2016,6,7,5,3,0,1,0,1,0,0,0,1,0,0,3.24373E+20,5.51153E+21,6.56287E+15,4.97306E+16
55433,55434,7,3,18,0,2016,6,17,3,3,0,1,0,0,0,0,0,1,0,0,4.58638E+20,5.46317E+21,8.43085E+15,4.93199E+16
55434,55435,7,3,39,56,2016,6,20,2,3,5,3,0,1,0,1,0,1,0,0,4.27635E+20,5.52421E+21,7.99305E+15,4.98659E+16
55435,55436,7,3,38,12,2016,6,11,7,3,2,6,0,0,0,1,0,0,0,0,4.50465E+20,5.48872E+21,8.3152E+15,4.95491E+16
55436,55437,7,1,32,18,2016,6,11,4,3,3,2,0,0,1,1,0,0,0,0,4.26432E+20,5.62215E+21,7.95724E+15,5.07464E+16
55437,55438,7,1,32,6,2016,6,16,3,3,2,7,0,0,0,1,0,0,0,0,4.19985E+20,5.62742E+21,7.86473E+15,5.0793E+16
55438,55439,7,1,37,86,2016,6,15,6,2,8,1,0,1,0,0,0,0,1,1,3.81863E+20,5.57501E+21,7.34067E+15,5.03154E+16
55439,55440,7,3,19,0,2016,7,15,3,3,5,3,0,0,1,1,0,0,0,0,4.52943E+20,5.49788E+21,8.34836E+15,4.96316E+16
55440,55441,7,1,37,226,2016,6,7,4,3,2,6,0,0,0,1,0,0,0,0,4.01339E+20,5.5839E+21,7.6118E+15,5.03988E+16
55441,55442,7,3,18,0,2016,6,17,5,3,2,6,0,0,0,1,0,0,0,0,4.58015E+20,5.46501E+21,8.42209E+15,4.93364E+16
55442,55443,7,3,37,1,2016,6,21,5,2,8,1,1,0,0,0,0,1,0,0,4.18587E+20,5.45885E+21,7.88069E+15,4.9277E+16
55443,55444,7,3,33,9,2016,6,4,4,3,7,7,2,0,0,1,0,0,0,0,4.23267E+20,5.4928E+21,7.93846E+15,4.95829E+16
55444,55445,7,1,37,3,2016,6,13,3,3,2,6,0,0,0,1,0,0,0,0,3.85401E+20,5.58721E+21,7.38663E+15,5.04257E+16
55445,55446,7,2,35,22,2016,6,16,5,3,2,6,0,0,0,1,0,0,0,1,3.40916E+20,5.51679E+21,6.7901E+15,4.97825E+16
55446,55447,7,2,35,28,2016,7,20,7,2,0,7,0,0,0,0,0,0,0,1,3.21241E+20,5.49083E+21,6.5289E+15,4.95436E+16
55447,55448,7,1,34,45,2016,6,14,5,3,1,6,0,0,0,1,0,0,0,0,3.76259E+20,5.51053E+21,7.28278E+15,4.97345E+16
55448,55449,7,3,33,502,2016,6,7,3,3,8,7,0,0,0,1,0,0,0,0,4.21097E+20,5.49929E+21,7.90713E+15,4.9641E+16
55449,55450,7,3,32,24,2016,6,15,2,3,5,2,0,0,1,1,0,0,0,0,4.41109E+20,5.49043E+21,8.18561E+15,4.95636E+16
55450,55451,7,1,31,68,2016,6,18,1,2,9,1,0,0,0,0,0,1,0,0,3.60306E+20,5.59789E+21,7.02953E+15,5.05163E+16
55451,55452,7,1,32,32,2016,6,13,4,2,5,3,0,0,0,1,0,0,0,0,3.95664E+20,5.61152E+21,7.52424E+15,5.06462E+16
55452,55453,7,2,33,232,2016,6,14,3,1,5,2,0,0,0,0,0,1,0,1,3.18383E+20,5.57584E+21,6.44941E+15,5.03067E+16
55453,55454,7,3,14,0,2016,6,13,2,3,2,6,0,0,0,1,0,0,0,0,4.59833E+20,5.48165E+21,8.44542E+15,4.94862E+16
55454,55455,7,3,39,27,2016,6,9,4,3,8,1,0,1,0,1,0,0,0,0,4.14969E+20,5.48069E+21,7.8263E+15,4.94729E+16
55455,55456,7,1,34,46,2016,6,5,4,3,9,1,1,0,0,1,0,0,0,0,3.72122E+20,5.51414E+21,7.22422E+15,4.97661E+16
55456,55457,7,3,39,5,2016,6,14,6,3,2,6,0,1,0,1,0,0,0,0,4.21525E+20,5.53169E+21,7.90652E+15,4.99324E+16
55457,55458,7,2,32,201,2016,6,21,3,3,2,6,2,0,0,1,0,0,0,0,3.05732E+20,5.5527E+21,6.28378E+15,5.00948E+16
55458,55459,7,1,41,129,2016,6,7,2,2,1,6,0,0,0,1,0,1,0,0,4.17049E+20,5.56976E+21,7.8359E+15,5.02742E+16
55459,55460,7,1,37,205,2016,6,19,2,3,6,2,0,0,0,1,1,0,0,0,3.89166E+20,5.56517E+21,7.44608E+15,5.02283E+16
55460,55461,7,3,34,7,2016,6,15,4,3,5,3,0,0,0,1,0,1,0,0,4.52864E+20,5.45066E+21,8.35287E+15,4.92069E+16
55461,55462,7,1,31,47,2016,6,11,3,3,8,1,0,0,0,0,0,1,0,0,3.51114E+20,5.59705E+21,6.9003E+15,5.05064E+16
55462,55463,7,1,34,42,2016,6,7,3,3,2,2,0,0,0,1,0,0,0,0,3.68976E+20,5.49726E+21,7.18621E+15,4.96137E+16
55463,55464,7,3,39,19,2016,7,17,4,3,1,7,0,0,0,1,0,0,0,0,4.28874E+20,5.5344E+21,8.00841E+15,4.99577E+16
55464,55465,7,3,37,20,2016,6,8,7,3,5,3,0,1,0,1,0,0,0,0,4.37482E+20,5.45937E+21,8.14035E+15,4.92839E+16
55465,55466,7,1,43,229,2016,6,16,4,3,5,3,0,1,0,1,0,1,0,0,4.15374E+20,5.61404E+21,7.80239E+15,5.0672E+16
55466,55467,7,3,38,23,2016,6,14,6,3,3,6,0,0,0,1,0,0,0,0,4.55845E+20,5.46052E+21,8.39271E+15,4.92958E+16
55467,55468,7,1,43,304,2016,7,13,6,3,6,4,0,0,0,1,1,0,0,0,4.25727E+20,5.59302E+21,7.95307E+15,5.04845E+16
55468,55469,7,1,43,47,2016,7,20,1,3,4,2,0,0,0,1,0,0,0,0,4.11749E+20,5.59366E+21,7.75593E+15,5.04882E+16
55469,55470,7,1,43,47,2016,7,16,3,3,3,6,0,0,1,0,0,0,1,0,4.12641E+20,5.59469E+21,7.76826E+15,5.04976E+16
55470,55471,7,3,39,42,2016,6,5,5,3,8,7,0,0,0,1,0,0,0,0,4.41969E+20,5.52869E+21,8.19181E+15,4.99078E+16
55471,55472,7,3,14,0,2016,6,18,4,3,3,6,0,0,0,1,0,0,1,0,4.58409E+20,5.48062E+21,8.42587E+15,4.94768E+16
55472,55473,7,1,38,4,2016,6,7,5,3,5,3,0,0,0,1,0,0,0,0,3.80766E+20,5.59758E+21,7.3181E+15,5.0518E+16
55473,55474,7,3,20,0,2016,7,16,6,3,4,2,0,0,0,1,0,0,0,0,3.83474E+20,5.4548E+21,7.39929E+15,4.92349E+16
55474,55475,7,3,38,9,2016,6,11,3,3,4,2,0,0,0,1,0,0,0,0,4.50487E+20,5.4916E+21,8.31515E+15,4.9575E+16
55475,55476,7,2,32,39,2016,6,8,2,3,4,7,0,0,0,1,0,0,0,1,3.23226E+20,5.54373E+21,6.53227E+15,5.00196E+16
55476,55477,7,3,39,41,2016,6,19,7,3,5,3,0,1,1,1,0,0,0,0,4.31322E+20,5.52941E+21,8.04343E+15,4.99131E+16
55477,55478,7,1,31,70,2016,6,6,4,3,2,6,0,0,1,1,0,0,0,0,3.73138E+20,5.61167E+21,7.20574E+15,5.0643E+16
55478,55479,7,1,11,0,2016,6,9,3,3,2,6,0,0,0,1,0,0,0,0,3.97575E+20,5.58227E+21,7.5593E+15,5.03836E+16
55479,55480,7,2,35,68,2016,6,16,2,3,2,6,0,0,0,1,0,0,0,0,3.25199E+20,5.50775E+21,6.57602E+15,4.96969E+16
55480,55481,7,2,31,32,2016,6,23,1,3,8,1,2,1,0,1,0,0,0,0,3.58263E+20,5.5161E+21,7.03116E+15,4.97806E+16
55481,55482,7,3,14,0,2016,6,17,4,3,5,3,0,0,1,1,0,0,0,0,4.56611E+20,5.48236E+21,8.40086E+15,4.94924E+16
55482,55483,7,3,36,85,2016,6,9,7,3,8,1,0,1,0,1,0,0,0,0,4.0282E+20,5.4993E+21,7.65405E+15,4.96384E+16
55483,55484,7,2,11,0,2016,7,18,5,3,2,6,0,0,0,1,0,0,0,0,3.34131E+20,5.52E+21,6.69456E+15,4.98095E+16
55484,55485,7,1,35,51,2016,6,6,4,2,3,6,0,0,0,0,0,1,0,1,3.67327E+20,5.56322E+21,7.14074E+15,5.02062E+16
55485,55486,7,3,37,77,2016,6,12,6,2,5,3,0,0,1,1,0,0,0,0,4.399E+20,5.45941E+21,8.17359E+15,4.92845E+16
55486,55487,7,3,33,22,2016,7,12,5,3,5,3,0,0,1,1,0,0,0,0,4.33287E+20,5.50212E+21,8.07547E+15,4.96679E+16
55487,55488,7,1,31,44,2016,6,11,6,3,2,2,0,0,0,1,0,0,0,0,3.52488E+20,5.58547E+21,6.92423E+15,5.04027E+16
55488,55489,7,3,15,0,2016,6,18,1,2,5,3,0,0,1,1,0,0,0,0,4.46627E+20,5.53961E+21,8.25517E+15,5.00064E+16
55489,55490,7,3,35,38,2016,6,17,1,3,2,6,0,0,0,1,0,0,0,0,3.96085E+20,5.4753E+21,7.56713E+15,4.94215E+16
55490,55491,7,3,38,17,2016,6,13,1,3,5,3,0,0,0,1,0,1,0,0,4.56087E+20,5.47486E+21,8.39446E+15,4.94248E+16
55491,55492,7,3,15,0,2016,6,12,4,3,1,5,0,1,1,1,0,0,0,0,4.4639E+20,5.53794E+21,8.25208E+15,4.99914E+16
55492,55493,7,2,31,8,2016,6,11,7,3,5,3,0,1,0,1,0,0,0,0,3.63436E+20,5.52966E+21,7.0982E+15,4.99037E+16
55493,55494,7,1,43,228,2016,7,17,2,3,2,2,0,0,0,1,0,0,0,1,4.25623E+20,5.59821E+21,7.95057E+15,5.05311E+16
55494,55495,7,2,11,0,2016,6,14,6,2,8,7,0,0,0,1,0,0,0,0,3.29142E+20,5.50911E+21,6.63006E+15,4.97103E+16
55495,55496,7,1,35,17,2016,7,18,4,2,6,4,0,0,0,1,1,0,0,1,3.73376E+20,5.55415E+21,7.22847E+15,5.0126E+16
55496,55497,7,2,33,76,2016,6,12,2,3,9,1,0,1,0,1,0,0,0,0,3.41883E+20,5.57886E+21,6.77788E+15,5.03406E+16
55497,55498,7,2,35,125,2016,6,20,1,3,8,1,0,1,0,1,0,0,0,0,3.38968E+20,5.52213E+21,6.76085E+15,4.983E+16
55498,55499,7,3,32,32,2016,6,5,4,3,5,3,1,1,0,1,0,0,0,0,4.31767E+20,5.46951E+21,8.06004E+15,4.93745E+16
55499,55500,7,1,40,64,2016,6,18,1,3,1,2,0,1,0,1,0,0,0,0,3.88417E+20,5.54751E+21,7.44076E+15,5.00694E+16
55500,55501,7,1,43,229,2016,6,11,4,2,6,4,0,0,0,0,1,0,1,0,4.16737E+20,5.61284E+21,7.82194E+15,5.06615E+16
55501,55502,7,3,38,6,2016,7,17,5,3,4,2,0,0,0,1,0,0,0,1,4.49781E+20,5.47289E+21,8.30775E+15,4.94066E+16
55502,55503,7,2,32,88,2016,6,7,6,3,9,1,0,1,0,1,0,0,0,0,3.07503E+20,5.54065E+21,6.31456E+15,4.9987E+16
55503,55504,7,2,11,0,2016,6,9,3,3,2,6,0,0,0,1,0,0,0,0,3.31522E+20,5.51593E+21,6.66009E+15,4.97722E+16
55504,55505,7,1,37,68,2016,6,8,2,3,5,3,0,0,1,1,0,0,0,0,3.73827E+20,5.57682E+21,7.22724E+15,5.033E+16
55505,55506,7,3,35,18,2016,6,0,1,3,2,6,2,1,0,1,0,0,0,0,3.99042E+20,5.47543E+21,7.60786E+15,4.94231E+16