FID,OBJECTID,ULAND,UREGBEZ,UKREIS,UGEMEINDE,UJAHR,UMONAT,USTUNDE,UWOCHENTAG,UKATEGORIE,UART,UTYP1,ULICHTVERH,IstStrasse,IstRad,IstPKW,IstFuss,IstKrad,IstGkfz,IstSonstig,LINREFX,LINREFY,XGCSWGS84,YGCSWGS84
55506,55507,7,3,31,49,2016,6,16,4,3,9,1,0,0,0,1,0,0,0,0,4.45083E+20,5.50781E+21,8.23813E+15,4.97203E+16
55507,55508,7,2,33,6,2016,6,22,6,2,2,6,2,0,0,1,0,0,0,1,3.40186E+20,5.56888E+21,6.75828E+15,5.02504E+16
55508,55509,7,1,34,10,2016,7,15,4,3,6,4,0,0,1,0,1,0,0,0,3.67485E+20,5.50094E+21,7.16434E+15,4.96465E+16
55509,55510,7,2,35,51,2016,6,16,5,2,4,6,0,0,0,1,0,1,0,0,3.23468E+20,5.51097E+21,6.55059E+15,4.97253E+16
55510,55511,7,3,15,0,2016,6,16,7,3,2,6,0,1,0,1,0,0,0,0,4.42805E+20,5.53415E+21,8.20264E+15,4.9957E+16
55511,55512,7,3,31,45,2016,6,17,6,3,2,6,0,0,0,1,0,1,0,0,4.53199E+20,5.5096E+21,8.3505E+15,4.9737E+16
55512,55513,7,1,35,66,2016,7,15,6,2,0,7,0,0,1,0,0,0,0,0,3.8145E+20,5.56041E+21,7.33943E+15,5.0184E+16
55513,55514,7,1,31,77,2016,7,14,1,3,2,2,0,0,0,1,0,0,0,0,3.756E+20,5.60191E+21,7.24381E+15,5.05559E+16
55514,55515,7,2,31,46,2016,6,16,7,3,9,1,0,0,0,1,0,0,0,0,3.41514E+20,5.5428E+21,6.78773E+15,5.00164E+16
55515,55516,7,1,38,50,2016,7,17,3,3,8,1,0,1,0,1,0,0,0,0,4.00169E+20,5.61051E+21,7.58823E+15,5.06379E+16
55516,55517,7,1,11,0,2016,6,14,4,3,5,3,0,0,0,1,0,0,0,0,3.98047E+20,5.58067E+21,7.56637E+15,5.03692E+16
55517,55518,7,1,34,38,2016,6,15,5,2,8,1,0,0,0,1,0,0,0,0,3.76935E+20,5.51347E+21,7.29124E+15,4.97611E+16
55518,55519,7,2,35,28,2016,6,18,3,3,5,3,0,1,0,1,0,0,0,0,3.22386E+20,5.49093E+21,6.54466E+15,4.95449E+16
55519,55520,7,3,15,0,2016,6,15,4,3,5,3,0,0,1,0,0,0,0,1,4.47606E+20,5.53674E+21,8.26921E+15,4.99807E+16
55520,55521,7,1,11,0,2016,6,18,5,3,2,6,0,0,0,1,0,0,0,0,3.99598E+20,5.57918E+21,7.58857E+15,5.03561E+16
55521,55522,7,3,34,28,2016,7,13,6,3,3,6,0,0,0,1,0,0,1,0,4.52188E+20,5.45818E+21,8.3427E+15,4.92745E+16
55522,55523,7,3,15,0,2016,6,16,3,3,5,3,0,0,1,1,0,0,0,0,4.46389E+20,5.53863E+21,8.25198E+15,4.99976E+16
55523,55524,7,1,38,41,2016,6,18,2,3,2,2,0,1,0,1,0,0,0,0,3.80456E+20,5.60838E+21,7.31026E+15,5.06151E+16
55524,55525,7,1,38,41,2016,6,17,7,3,5,3,0,1,0,1,0,0,0,0,3.781E+20,5.60278E+21,7.2788E+15,5.05642E+16
55525,55526,7,3,35,3,2016,6,7,2,3,9,6,0,0,0,1,0,0,0,0,3.84156E+20,5.47018E+21,7.4042E+15,4.93733E+16
55526,55527,7,3,38,6,2016,6,16,5,3,4,6,0,0,1,0,0,0,0,0,4.50417E+20,5.47595E+21,8.31613E+15,4.94342E+16
55527,55528,7,1,43,268,2016,6,9,1,3,9,1,0,1,0,1,0,0,0,0,4.11044E+20,5.60782E+21,7.74261E+15,5.06155E+16
55528,55529,7,3,39,3,2016,6,12,7,3,4,6,0,0,0,1,0,0,0,0,4.08321E+20,5.54323E+21,7.71983E+15,5.00343E+16
55529,55530,7,1,38,41,2016,7,17,5,2,6,4,0,0,0,1,1,0,0,0,3.7861E+20,5.60327E+21,7.28584E+15,5.05688E+16
55530,55531,7,1,33,64,2016,6,16,6,2,8,1,0,0,0,0,0,1,0,0,4.00393E+20,5.51347E+21,7.61684E+15,4.97655E+16
55531,55532,7,2,31,33,2016,7,10,5,3,2,6,0,0,0,1,0,0,1,1,3.52384E+20,5.54268E+21,6.9394E+15,5.00181E+16
55532,55533,7,1,31,90,2016,6,14,6,3,2,6,0,0,0,1,0,0,0,0,3.60809E+20,5.60627E+21,7.03349E+15,5.05918E+16
55533,55534,7,2,35,96,2016,6,13,1,3,5,3,0,0,1,1,0,0,0,0,3.20012E+20,5.5094E+21,6.5034E+15,4.97102E+16
55534,55535,7,3,18,0,2016,6,14,1,2,3,7,0,0,0,1,0,0,0,0,4.5697E+20,5.46284E+21,8.40793E+15,4.93168E+16
55535,55536,7,2,11,0,2016,6,7,4,3,0,1,0,1,0,0,0,1,0,0,3.28979E+20,5.51106E+21,6.62694E+15,4.97277E+16
55536,55537,7,1,38,73,2016,6,20,7,3,9,1,0,1,0,1,0,0,0,0,3.74918E+20,5.60688E+21,7.23252E+15,5.06004E+16
55537,55538,7,1,33,23,2016,7,20,2,2,8,7,0,0,0,1,0,0,0,0,4.06127E+20,5.53894E+21,7.69025E+15,4.99954E+16
55538,55539,7,1,38,7,2016,6,12,6,3,5,3,0,0,0,1,0,1,0,0,3.87123E+20,5.60015E+21,7.40694E+15,5.05424E+16
55539,55540,7,3,32,25,2016,7,13,3,2,8,1,0,0,0,1,0,0,0,0,4.45788E+20,5.47031E+21,8.25307E+15,4.93831E+16
55540,55541,7,3,35,38,2016,6,8,5,3,2,6,0,0,0,1,0,0,0,0,3.95424E+20,5.47548E+21,7.55797E+15,4.9423E+16
55541,55542,7,1,37,203,2016,6,19,5,1,4,2,0,0,0,1,0,1,0,1,3.99115E+20,5.58938E+21,7.57905E+15,5.04478E+16
55542,55543,7,3,37,32,2016,6,11,5,3,5,3,0,0,0,1,0,0,0,1,4.46503E+20,5.46004E+21,8.2643E+15,4.92908E+16
55543,55544,7,3,14,0,2016,7,14,7,2,0,1,0,1,0,0,0,1,0,0,4.54868E+20,5.48238E+21,8.37679E+15,4.94924E+16
55544,55545,7,3,31,30,2016,6,15,5,3,5,3,0,0,0,1,0,1,0,0,4.22737E+20,5.52788E+21,7.92417E+15,4.98983E+16
55545,55546,7,2,11,0,2016,6,14,4,3,5,2,0,0,0,1,0,0,0,0,3.28156E+20,5.51303E+21,6.61466E+15,4.97452E+16
55546,55547,7,3,38,9,2016,6,18,3,3,0,1,0,1,1,0,0,0,0,0,4.50487E+20,5.4916E+21,8.31515E+15,4.9575E+16
55547,55548,7,3,40,211,2016,6,20,6,3,2,7,0,0,0,0,0,1,0,0,3.81179E+20,5.44914E+21,7.36946E+15,4.91836E+16
55548,55549,7,1,41,122,2016,6,16,1,3,9,1,0,0,0,0,0,1,0,0,4.16714E+20,5.5491E+21,7.83573E+15,5.00883E+16
55549,55550,7,1,35,92,2016,7,16,2,3,5,3,0,0,0,1,0,0,0,0,3.67631E+20,5.54475E+21,7.1514E+15,5.00403E+16
55550,55551,7,3,37,501,2016,6,13,3,2,0,1,0,1,1,0,0,0,0,0,4.24152E+20,5.45074E+21,7.95873E+15,4.92048E+16
55551,55552,7,3,12,0,2016,6,17,2,2,8,1,0,0,0,1,0,0,0,0,4.17205E+20,5.47704E+21,7.85792E+15,4.94404E+16
55552,55553,7,1,11,0,2016,6,7,6,3,2,6,0,0,0,1,0,0,0,0,3.99255E+20,5.58161E+21,7.5831E+15,5.03779E+16
55553,55554,7,1,35,83,2016,6,15,5,3,4,2,0,0,0,1,0,0,0,0,3.55463E+20,5.56362E+21,6.97442E+15,5.02071E+16
55554,55555,7,2,31,1,2016,6,7,7,3,8,1,0,1,0,1,0,0,0,0,3.48036E+20,5.53442E+21,6.88202E+15,4.99428E+16
55555,55556,7,1,32,91,2016,6,20,6,3,8,1,0,1,0,1,0,0,0,0,4.05388E+20,5.6242E+21,7.65849E+15,5.07618E+16
55556,55557,7,1,11,0,2016,7,20,6,2,5,3,0,0,1,1,0,0,0,0,3.99604E+20,5.5797E+21,7.58852E+15,5.03608E+16
55557,55558,7,1,37,229,2016,7,16,1,3,3,1,0,1,0,1,0,0,0,0,4.0219E+20,5.58692E+21,7.62298E+15,5.04262E+16
55558,55559,7,1,38,44,2016,6,12,4,3,8,1,0,1,0,1,0,0,0,0,3.85689E+20,5.60976E+21,7.38376E+15,5.06285E+16
55559,55560,7,1,35,20,2016,6,3,7,3,9,1,2,0,0,1,0,0,0,1,3.6868E+20,5.55671E+21,7.16194E+15,5.01481E+16
55560,55561,7,3,32,2,2016,6,17,1,2,0,1,0,1,0,0,0,1,0,0,4.37462E+20,5.48143E+21,8.13661E+15,4.94823E+16
55561,55562,7,3,34,12,2016,7,6,2,3,2,6,0,0,0,1,0,0,0,0,4.47528E+20,5.43538E+21,8.28162E+15,4.9069E+16
55562,55563,7,3,12,0,2016,6,9,3,3,5,2,0,0,0,1,0,0,0,0,4.04474E+20,5.47642E+21,7.6825E+15,4.94329E+16
55563,55564,7,1,31,55,2016,6,20,3,3,3,6,0,1,0,1,0,0,1,0,3.74476E+20,5.59047E+21,7.2318E+15,5.04528E+16
55564,55565,7,3,40,219,2016,6,22,4,3,3,6,2,0,0,1,0,0,0,0,3.96194E+20,5.46683E+21,7.57084E+15,4.93453E+16
55565,55566,7,1,33,48,2016,7,13,6,3,4,6,0,0,0,1,0,0,0,0,4.1206E+20,5.51892E+21,7.77757E+15,4.98163E+16
55566,55567,7,2,31,31,2016,6,18,3,3,5,3,0,1,0,1,0,0,0,0,3.45723E+20,5.52985E+21,6.85162E+15,4.99011E+16
55567,55568,7,3,36,11,2016,6,16,6,3,6,4,0,0,0,1,1,0,0,0,3.8085E+20,5.47665E+21,7.35673E+15,4.94309E+16
55568,55569,7,1,11,0,2016,6,17,7,3,1,6,0,0,0,1,0,0,0,0,3.94985E+20,5.58101E+21,7.52323E+15,5.03718E+16
55569,55570,7,3,31,53,2016,6,5,2,3,1,6,1,0,0,1,0,1,0,0,4.26629E+20,5.50615E+21,7.98246E+15,4.97034E+16
55570,55571,7,3,31,30,2016,6,1,5,3,3,6,2,0,0,1,0,0,1,0,4.29107E+20,5.52035E+21,8.01423E+15,4.98314E+16
55571,55572,7,1,11,0,2016,7,9,5,3,5,2,0,0,1,1,0,0,0,0,3.995E+20,5.58159E+21,7.58655E+15,5.03777E+16
55572,55573,7,3,15,0,2016,6,18,6,3,5,3,0,0,1,1,0,0,0,0,4.45055E+20,5.54018E+21,8.23314E+15,5.00114E+16
55573,55574,7,2,32,228,2016,7,14,5,3,8,1,0,0,0,0,0,1,0,0,3.34356E+20,5.54434E+21,6.68723E+15,5.00283E+16
55574,55575,7,3,12,0,2016,6,12,5,2,3,6,0,1,1,1,0,0,0,0,4.12218E+20,5.47721E+21,7.78911E+15,4.94412E+16
55575,55576,7,1,31,6,2016,6,14,1,3,0,4,0,1,1,0,1,0,0,0,3.79205E+20,5.59688E+21,7.29632E+15,5.05114E+16
55576,55577,7,1,43,27,2016,6,16,7,3,8,1,0,1,0,1,0,0,0,0,4.19393E+20,5.58976E+21,7.8645E+15,5.04543E+16
55577,55578,7,3,34,501,2016,7,18,1,3,5,3,0,0,0,1,0,1,0,0,4.46753E+20,5.43293E+21,8.27132E+15,4.9047E+16
55578,55579,7,1,40,501,2016,6,11,6,2,5,7,0,0,0,1,0,0,0,0,4.00161E+20,5.56758E+21,7.59954E+15,5.02519E+16
55579,55580,7,1,37,68,2016,6,16,6,3,2,6,0,0,0,1,0,0,0,1,3.75711E+20,5.5765E+21,7.25381E+15,5.03275E+16
55580,55581,7,3,38,25,2016,7,8,3,3,0,5,0,0,1,0,1,0,0,0,4.54786E+20,5.4693E+21,8.37716E+15,4.93747E+16
55581,55582,7,3,34,36,2016,6,19,5,3,3,6,0,0,1,0,0,0,1,0,4.4393E+20,5.45412E+21,8.22974E+15,4.92373E+16
55582,55583,7,3,32,25,2016,6,20,5,3,1,1,0,0,0,1,0,0,0,1,4.46257E+20,5.46728E+21,8.25994E+15,4.93559E+16
55583,55584,7,3,36,55,2016,6,17,4,1,2,2,0,0,0,1,0,0,0,1,3.82504E+20,5.48626E+21,7.37669E+15,4.95175E+16
55584,55585,7,1,32,501,2016,6,16,3,3,5,4,0,0,0,1,1,0,0,0,4.04122E+20,5.61585E+21,7.64273E+15,5.06865E+16
55585,55586,7,3,39,49,2016,6,18,5,3,2,6,0,0,0,1,0,0,0,0,4.53742E+20,5.52336E+21,8.3564E+15,4.98609E+16
55586,55587,7,3,15,0,2016,7,16,7,3,5,2,0,0,0,1,0,0,0,0,4.46766E+20,5.53893E+21,8.2572E+15,5.00004E+16
55587,55588,7,2,35,125,2016,6,16,5,2,9,1,0,0,0,0,0,1,0,0,3.37873E+20,5.55129E+21,6.73336E+15,5.00917E+16
55588,55589,7,1,31,2,2016,6,18,4,3,2,6,0,0,0,1,0,0,0,0,3.56264E+20,5.59456E+21,6.97384E+15,5.04854E+16
55589,55590,7,3,38,19,2016,6,11,2,3,3,6,0,0,0,1,0,0,1,0,4.53697E+20,5.47954E+21,8.36095E+15,4.94668E+16
55590,55591,7,1,35,52,2016,6,9,1,3,8,1,0,0,0,1,0,0,0,0,3.61753E+20,5.56645E+21,7.06149E+15,5.0234E+16
55591,55592,7,1,31,3,2016,6,20,4,2,8,1,0,0,0,0,0,1,0,0,3.55334E+20,5.59779E+21,6.95949E+15,5.05142E+16
55592,55593,7,3,19,0,2016,6,21,3,2,5,3,1,1,0,1,0,0,0,0,4.53259E+20,5.5031E+21,8.35211E+15,4.96786E+16
55593,55594,7,3,13,0,2016,6,8,2,3,1,2,0,0,0,1,0,0,0,0,4.32258E+20,5.45139E+21,8.06989E+15,4.92116E+16
55594,55595,7,1,11,0,2016,6,9,5,3,5,3,0,0,0,1,0,0,0,0,3.99363E+20,5.58146E+21,7.58466E+15,5.03766E+16
55595,55596,7,3,15,0,2016,6,14,4,3,2,6,0,0,0,1,0,0,0,0,4.43495E+20,5.54185E+21,8.21112E+15,5.00263E+16
55596,55597,7,1,33,6,2016,6,11,6,3,2,6,0,0,0,1,0,0,0,0,4.19411E+20,5.52074E+21,7.87936E+15,4.98337E+16
55597,55598,7,2,35,58,2016,6,14,2,2,9,1,0,0,0,1,0,0,0,0,3.43934E+20,5.50044E+21,6.83853E+15,4.96364E+16
55598,55599,7,1,35,93,2016,6,7,2,3,5,3,0,0,0,1,0,0,0,1,3.71645E+20,5.56464E+21,7.20073E+15,5.022E+16
55599,55600,7,3,38,19,2016,6,16,4,3,2,6,0,0,0,1,0,0,0,0,4.50699E+20,5.47755E+21,8.31982E+15,4.94486E+16
55600,55601,7,1,37,65,2016,6,16,3,3,5,2,0,0,0,1,0,0,0,0,3.86634E+20,5.57624E+21,7.40728E+15,5.03274E+16
55601,55602,7,3,38,13,2016,7,19,4,2,8,1,0,0,0,0,0,1,0,0,4.48917E+20,5.48983E+21,8.29366E+15,4.95589E+16
55602,55603,7,1,33,6,2016,8,13,7,2,0,1,0,0,1,0,0,0,0,0,4.19689E+20,5.52036E+21,7.88331E+15,4.98303E+16
55603,55604,7,1,38,53,2016,7,15,6,3,1,6,0,1,0,1,0,0,0,1,3.95665E+20,5.60192E+21,7.52696E+15,5.05598E+16
55604,55605,7,1,43,78,2016,7,19,1,3,8,1,0,1,0,1,0,0,0,0,4.12726E+20,5.59566E+21,7.76923E+15,5.05064E+16
55605,55606,7,3,12,0,2016,8,7,3,3,1,1,0,1,0,1,0,0,0,0,4.08739E+20,5.47696E+21,7.74118E+15,4.94384E+16
55606,55607,7,1,43,39,2016,7,20,2,3,9,1,0,0,0,1,0,0,0,1,4.0931E+20,5.58216E+21,7.72434E+15,5.03845E+16
55607,55608,7,1,43,48,2016,7,10,4,2,8,1,0,0,0,0,0,1,0,0,4.18101E+20,5.58674E+21,7.84696E+15,5.0427E+16
55608,55609,7,3,36,98,2016,7,16,7,3,2,6,0,0,0,1,0,0,0,0,3.87456E+20,5.48626E+21,7.44508E+15,4.95185E+16
55609,55610,7,1,38,41,2016,8,15,5,2,8,1,0,1,0,0,0,1,0,0,3.80077E+20,5.60749E+21,7.30518E+15,5.06069E+16
55610,55611,7,1,40,112,2016,7,17,1,2,9,1,0,0,0,0,0,1,0,0,4.09935E+20,5.5494E+21,7.74092E+15,5.00901E+16
55611,55612,7,1,35,36,2016,7,12,5,2,4,1,0,1,0,1,0,0,0,0,3.67818E+20,5.55941E+21,7.14893E+15,5.01721E+16
55612,55613,7,1,35,67,2016,8,1,3,2,9,1,2,0,0,1,0,0,0,0,3.61663E+20,5.56486E+21,7.06081E+15,5.02197E+16
55613,55614,7,1,11,0,2016,7,19,3,3,5,3,0,0,1,1,0,0,0,0,3.94787E+20,5.58088E+21,7.52048E+15,5.03706E+16
55614,55615,7,1,11,0,2016,7,14,2,3,3,6,0,0,0,1,0,0,0,0,3.97775E+20,5.58258E+21,7.56203E+15,5.03864E+16
55615,55616,7,1,38,45,2016,7,14,1,3,2,1,0,0,0,1,0,0,0,0,3.91688E+20,5.589E+21,7.47459E+15,5.0443E+16
55616,55617,7,3,38,12,2016,8,9,2,2,5,3,0,0,0,1,0,0,0,0,4.49274E+20,5.48865E+21,8.29874E+15,4.95484E+16
55617,55618,7,3,12,0,2016,7,17,7,2,9,1,0,1,0,1,0,0,0,0,4.0257E+20,5.47746E+21,7.65599E+15,4.9442E+16
55618,55619,7,1,31,55,2016,7,21,1,1,9,1,1,0,0,0,0,1,0,0,3.74563E+20,5.59229E+21,7.23241E+15,5.04692E+16
55619,55620,7,2,32,63,2016,7,13,7,3,8,1,0,1,0,1,0,0,0,0,3.16869E+20,5.52335E+21,6.45328E+15,4.98345E+16
55620,55621,7,1,40,40,2016,8,12,7,2,5,3,0,0,0,1,0,1,0,0,3.89686E+20,5.5271E+21,7.46433E+15,4.98861E+16
55621,55622,7,2,33,35,2016,7,19,6,2,4,2,0,0,1,1,0,0,0,0,3.2759E+20,5.58006E+21,6.57666E+15,5.03473E+16
55622,55623,7,3,31,48,2016,7,18,4,3,9,1,0,0,0,1,0,0,0,0,4.42641E+20,5.49761E+21,8.20575E+15,4.96283E+16
55623,55624,7,1,41,503,2016,8,18,1,3,1,6,0,0,0,1,0,1,0,0,4.2662E+20,5.57731E+21,7.96873E+15,5.03433E+16
55624,55625,7,3,12,0,2016,7,7,6,2,2,6,0,0,0,1,0,1,0,0,4.08871E+20,5.47631E+21,7.74316E+15,4.94327E+16
55625,55626,7,3,35,29,2016,7,20,1,2,8,1,0,0,0,0,0,1,0,0,4.05568E+20,5.4925E+21,7.69374E+15,4.95777E+16
55626,55627,7,3,15,0,2016,7,12,3,3,5,3,0,0,0,1,0,0,0,1,4.47445E+20,5.53435E+21,8.26729E+15,4.99592E+16
55627,55628,7,2,35,60,2016,8,10,4,3,2,6,0,1,0,1,0,0,0,0,3.34849E+20,5.51866E+21,6.70509E+15,4.97976E+16
55628,55629,7,3,15,0,2016,7,8,5,3,2,6,0,1,0,1,0,0,0,0,4.4829E+20,5.53854E+21,8.27851E+15,4.9997E+16
55629,55630,7,1,35,17,2016,7,9,4,3,4,1,0,0,0,0,0,1,1,0,3.74528E+20,5.5554E+21,7.24417E+15,5.01376E+16
55630,55631,7,1,31,14,2016,7,16,3,3,3,6,0,0,0,1,0,0,0,0,3.81916E+20,5.5934E+21,7.33562E+15,5.04807E+16
55631,55632,7,2,35,106,2016,7,12,1,2,8,1,0,0,0,0,0,1,0,0,3.32018E+20,5.50462E+21,6.67185E+15,4.96707E+16
55632,55633,7,1,41,75,2016,7,16,5,3,0,1,0,1,1,0,0,0,0,0,4.00454E+20,5.57462E+21,7.6018E+15,5.03153E+16
55633,55634,7,3,40,43,2016,7,16,2,2,8,7,0,0,0,1,0,0,0,0,4.12877E+20,5.44342E+21,7.80556E+15,4.91374E+16
55634,55635,7,1,43,48,2016,7,13,2,3,5,2,0,0,0,1,0,0,0,0,4.14851E+20,5.58595E+21,7.80141E+15,5.04194E+16
55635,55636,7,1,43,12,2016,8,17,6,3,0,7,0,0,0,0,0,0,1,0,4.12074E+20,5.59197E+21,7.76091E+15,5.04731E+16
55636,55637,7,3,17,0,2016,7,17,5,3,0,7,0,0,0,1,0,0,0,0,3.98282E+20,5.45334E+21,7.60301E+15,4.92244E+16
55637,55638,7,3,19,0,2016,8,18,3,3,2,6,0,1,0,1,0,0,0,0,4.538E+20,5.50019E+21,8.35996E+15,4.96525E+16
55638,55639,7,3,35,38,2016,7,17,1,3,9,1,0,0,0,0,0,1,0,0,3.99007E+20,5.47895E+21,7.60648E+15,4.94548E+16
55639,55640,7,1,40,98,2016,7,17,4,2,5,3,0,0,0,1,0,0,0,0,3.95845E+20,5.553E+21,7.54302E+15,5.01201E+16
55640,55641,7,2,32,285,2016,7,18,1,3,9,1,0,0,0,1,0,0,0,0,3.11712E+20,5.54665E+21,6.37027E+15,5.00423E+16
55641,55642,7,3,15,0,2016,7,14,7,3,0,2,0,0,0,1,0,0,0,1,4.41412E+20,5.5373E+21,8.18275E+15,4.99851E+16
55642,55643,7,3,14,0,2016,7,10,5,3,3,6,0,0,0,1,0,0,1,0,4.54179E+20,5.48097E+21,8.36744E+15,4.94797E+16
55643,55644,7,3,40,54,2016,7,17,7,3,5,3,0,0,0,1,0,0,0,0,4.00603E+20,5.45917E+21,7.63343E+15,4.92772E+16
55644,55645,7,3,37,41,2016,7,14,2,3,5,2,0,0,0,1,0,0,0,0,4.41912E+20,5.45393E+21,8.20206E+15,4.92354E+16
55645,55646,7,2,33,240,2016,7,22,1,2,6,6,2,0,0,1,1,0,0,0,3.25514E+20,5.58058E+21,6.54726E+15,5.03514E+16
55646,55647,7,3,19,0,2016,7,23,7,3,2,6,2,0,1,0,0,1,0,0,4.54012E+20,5.49914E+21,8.36301E+15,4.96431E+16
55647,55648,7,3,15,0,2016,8,12,2,3,3,6,0,0,0,1,0,0,0,0,4.49189E+20,5.53599E+21,8.29139E+15,4.99741E+16
55648,55649,7,3,36,102,2016,7,13,6,3,5,3,0,0,0,1,0,0,0,0,3.79023E+20,5.47192E+21,7.33299E+15,4.9388E+16
55649,55650,7,3,34,7,2016,7,12,7,3,5,3,0,0,0,1,0,0,0,0,3.98761E+20,5.46865E+21,7.6057E+15,4.93622E+16
55650,55651,7,3,14,0,2016,7,10,5,2,2,6,0,0,0,1,0,0,0,0,4.57491E+20,5.48158E+21,8.4131E+15,4.94854E+16
55651,55652,7,1,38,3,2016,7,19,7,2,4,1,0,1,0,1,0,0,0,0,3.86132E+20,5.61394E+21,7.38873E+15,5.06662E+16
55652,55653,7,3,18,0,2016,8,12,6,3,5,3,0,0,1,1,0,0,0,0,4.58266E+20,5.46399E+21,8.42565E+15,4.93272E+16
55653,55654,7,1,32,44,2016,7,14,6,3,5,3,0,0,0,1,0,1,0,0,4.07322E+20,5.62414E+21,7.68593E+15,5.07616E+16
55654,55655,7,1,37,8,2016,7,21,6,3,6,4,2,0,0,1,1,0,0,0,3.74432E+20,5.58336E+21,7.23356E+15,5.03889E+16
55655,55656,7,1,40,31,2016,8,16,1,3,2,6,0,0,0,1,0,0,0,0,3.99629E+20,5.5579E+21,7.59465E+15,5.01648E+16
55656,55657,7,3,12,0,2016,7,12,2,3,0,7,0,0,0,0,1,0,0,1,4.09551E+20,5.47602E+21,7.7526E+15,4.94302E+16
55657,55658,7,3,37,59,2016,7,1,1,3,7,7,2,0,0,0,0,1,0,0,4.2464E+20,5.43492E+21,7.96839E+15,4.90625E+16
55658,55659,7,3,34,25,2016,7,3,7,2,2,6,2,0,0,1,0,0,0,0,4.49367E+20,5.44279E+21,8.30586E+15,4.91359E+16
55659,55660,7,3,31,10,2016,8,15,2,2,0,3,0,0,1,1,0,0,0,0,4.40999E+20,5.51696E+21,8.18009E+15,4.98022E+16
55660,55661,7,3,34,9,2016,7,17,7,3,0,6,0,0,1,1,0,0,0,0,4.4388E+20,5.4404E+21,8.23097E+15,4.91138E+16
55661,55662,7,3,40,57,2016,7,16,7,3,8,1,0,0,0,0,0,1,0,0,4.16161E+20,5.45083E+21,7.84903E+15,4.92045E+16
55662,55663,7,2,35,107,2016,7,22,7,3,8,1,2,0,0,1,0,0,0,0,3.34226E+20,5.50721E+21,6.70132E+15,4.96946E+16
55663,55664,7,3,32,34,2016,8,20,6,3,8,1,0,0,0,0,0,1,0,0,4.34803E+20,5.47013E+21,8.10176E+15,4.93804E+16
55664,55665,7,1,38,47,2016,7,19,6,3,8,1,0,0,0,0,0,1,0,0,3.87938E+20,5.59749E+21,7.41924E+15,5.05186E+16
55665,55666,7,2,31,8,2016,7,7,4,2,0,1,0,0,1,0,0,0,0,0,3.61728E+20,5.53045E+21,7.07415E+15,4.99105E+16
55666,55667,7,1,40,165,2016,8,12,1,3,5,3,0,0,0,1,0,0,0,0,3.77987E+20,5.53686E+21,7.29846E+15,4.99716E+16
55667,55668,7,3,38,16,2016,7,15,6,3,0,1,0,0,1,0,0,0,0,0,4.48969E+20,5.48573E+21,8.2949E+15,4.9522E+16
55668,55669,7,3,13,0,2016,7,17,1,2,0,1,0,0,0,0,0,1,0,0,4.35104E+20,5.45259E+21,8.10876E+15,4.92226E+16
55669,55670,7,2,11,0,2016,7,8,3,3,8,1,0,0,0,1,0,0,0,0,3.30612E+20,5.51416E+21,6.64823E+15,4.9756E+16
55670,55671,7,1,38,7,2016,8,15,4,2,4,6,0,1,0,1,0,0,0,0,3.86426E+20,5.6001E+21,7.39713E+15,5.05418E+16
55671,55672,7,1,34,30,2016,7,16,5,3,9,6,0,0,0,1,0,0,0,0,3.80045E+20,5.52738E+21,7.3301E+15,4.98868E+16
55672,55673,7,3,33,502,2016,7,15,3,1,4,1,0,0,0,1,0,0,0,0,4.19937E+20,5.49851E+21,7.89124E+15,4.96339E+16
55673,55674,7,3,35,26,2016,7,17,2,2,9,1,0,0,0,1,0,0,0,0,4.18279E+20,5.48367E+21,7.87136E+15,4.95001E+16
55674,55675,7,2,35,78,2016,7,19,1,2,2,1,0,0,1,1,0,0,0,0,3.39934E+20,5.51891E+21,6.7756E+15,4.98013E+16
55675,55676,7,1,38,30,2016,7,16,5,3,8,1,0,1,0,1,0,0,0,0,3.92798E+20,5.60421E+21,7.48584E+15,5.05799E+16
55676,55677,7,3,37,20,2016,7,13,2,3,2,6,0,0,0,1,0,0,0,0,4.37502E+20,5.45958E+21,8.1406E+15,4.92857E+16
55677,55678,7,3,36,92,2016,7,1,1,2,9,1,2,0,0,1,0,0,0,0,3.80433E+20,5.47316E+21,7.35204E+15,4.93993E+16
55678,55679,7,3,18,0,2016,8,17,5,3,5,3,0,1,0,1,0,0,0,0,4.60133E+20,5.46435E+21,8.45131E+15,4.93306E+16
55679,55680,7,3,32,46,2016,7,19,5,3,8,1,0,0,1,0,0,0,0,0,4.4091E+20,5.47614E+21,8.18501E+15,4.94351E+16
55680,55681,7,3,15,0,2016,8,19,3,3,8,1,0,1,0,1,0,0,0,0,4.5026E+20,5.53553E+21,8.30639E+15,4.99701E+16
55681,55682,7,3,13,0,2016,7,9,1,2,2,6,0,0,0,1,0,0,0,0,4.35447E+20,5.44852E+21,8.11412E+15,4.91861E+16
55682,55683,7,3,33,9,2016,7,14,3,2,9,1,0,0,0,1,0,0,1,0,4.24842E+20,5.49386E+21,7.96004E+15,4.95926E+16
55683,55684,7,2,31,32,2016,7,13,1,3,8,1,0,0,0,0,0,1,0,0,3.58324E+20,5.51625E+21,7.03195E+15,4.9782E+16
55684,55685,7,1,43,232,2016,7,22,7,3,7,7,2,0,0,0,0,1,0,0,4.20868E+20,5.59801E+21,7.88353E+15,5.05287E+16
55685,55686,7,1,37,88,2016,7,19,5,2,2,6,0,0,0,0,0,0,1,0,3.85766E+20,5.58184E+21,7.39339E+15,5.03776E+16
55686,55687,7,3,36,92,2016,7,10,7,2,5,3,0,0,0,1,0,1,0,0,3.81557E+20,5.47482E+21,7.36702E+15,4.94145E+16