FID,OBJECTID,ULAND,UREGBEZ,UKREIS,UGEMEINDE,UJAHR,UMONAT,USTUNDE,UWOCHENTAG,UKATEGORIE,UART,UTYP1,ULICHTVERH,IstStrasse,IstRad,IstPKW,IstFuss,IstKrad,IstGkfz,IstSonstig,LINREFX,LINREFY,XGCSWGS84,YGCSWGS84
55687,55688,7,3,39,19,2016,7,17,4,3,5,3,0,0,0,1,0,1,0,0,4.2872E+20,5.53572E+21,8.00603E+15,4.99695E+16
55688,55689,7,3,12,0,2016,7,16,6,3,2,2,0,0,0,1,0,0,0,0,4.13615E+20,5.47674E+21,7.80847E+15,4.94372E+16
55689,55690,7,3,39,49,2016,7,16,2,3,2,6,0,0,0,1,0,0,0,0,4.5397E+20,5.52243E+21,8.35967E+15,4.98525E+16
55690,55691,7,1,43,48,2016,7,1,1,2,5,3,2,0,0,1,0,0,0,0,4.17144E+20,5.58704E+21,7.83343E+15,5.04295E+16
55691,55692,7,2,33,225,2016,7,14,7,1,4,1,0,0,0,1,0,1,0,0,3.56326E+20,5.57226E+21,6.98324E+15,5.02849E+16
55692,55693,7,2,31,22,2016,8,15,2,3,4,6,0,0,0,0,0,0,1,1,3.39359E+20,5.52929E+21,6.7633E+15,4.98944E+16
55693,55694,7,1,40,15,2016,8,8,5,3,9,1,0,1,0,0,0,1,0,0,3.89249E+20,5.53928E+21,7.45476E+15,4.99955E+16
55694,55695,7,3,37,22,2016,7,6,6,3,8,1,0,0,0,1,0,0,0,0,4.28639E+20,5.44707E+21,8.02097E+15,4.91722E+16
55695,55696,7,3,38,2,2016,7,21,7,3,0,7,0,0,0,0,0,1,0,0,4.51902E+20,5.48918E+21,8.33501E+15,4.95533E+16
55696,55697,7,3,15,0,2016,7,19,5,3,0,1,0,1,0,0,0,1,0,0,4.46695E+20,5.53865E+21,8.25624E+15,4.99978E+16
55697,55698,7,3,39,30,2016,8,13,6,3,2,6,0,0,0,1,0,0,0,0,4.30566E+20,5.536E+21,8.03171E+15,4.99723E+16
55698,55699,7,1,43,47,2016,7,18,6,3,1,2,0,0,0,1,0,0,0,1,4.1148E+20,5.59339E+21,7.75221E+15,5.04858E+16
55699,55700,7,3,35,4,2016,7,12,5,3,3,6,0,0,0,1,0,0,0,0,4.16995E+20,5.4792E+21,7.85457E+15,4.94598E+16
55700,55701,7,3,35,501,2016,8,15,7,3,0,1,0,0,0,0,0,1,0,0,3.93341E+20,5.48458E+21,7.52681E+15,4.95045E+16
55701,55702,7,2,32,18,2016,7,17,6,3,2,6,0,0,0,1,0,0,0,0,3.21629E+20,5.53834E+21,6.5125E+15,4.99707E+16
55702,55703,7,2,33,28,2016,7,9,1,3,2,6,0,0,1,1,0,0,0,0,3.29044E+20,5.57856E+21,6.59775E+15,5.03343E+16
55703,55704,7,1,37,203,2016,8,15,4,3,0,1,0,1,0,0,0,1,0,0,3.98523E+20,5.5871E+21,7.57133E+15,5.04271E+16
55704,55705,7,3,35,30,2016,7,8,4,3,8,1,0,0,0,0,0,0,1,0,3.88579E+20,5.4792E+21,7.46258E+15,4.94552E+16
55705,55706,7,2,33,4,2016,7,10,2,3,2,2,0,0,0,1,0,0,0,1,3.37434E+20,5.56678E+21,6.72061E+15,5.02308E+16
55706,55707,7,3,13,0,2016,7,9,3,1,0,6,0,0,0,0,0,1,0,0,4.36321E+20,5.44958E+21,8.12595E+15,4.91957E+16
55707,55708,7,1,33,52,2016,7,5,2,3,4,7,1,0,0,1,0,0,0,0,3.88815E+20,5.51591E+21,7.45542E+15,4.97854E+16
55708,55709,7,3,13,0,2016,7,14,4,3,4,6,0,0,0,1,0,0,1,1,4.35139E+20,5.45142E+21,8.10944E+15,4.92121E+16
55709,55710,7,1,31,77,2016,7,7,1,2,9,1,0,0,0,1,0,0,0,0,3.76507E+20,5.60081E+21,7.25697E+15,5.05462E+16
55710,55711,7,2,32,101,2016,8,17,5,2,9,1,0,1,0,1,0,0,0,0,3.30376E+20,5.54561E+21,6.63114E+15,5.00386E+16
55711,55712,7,3,32,32,2016,7,11,7,3,5,3,0,0,0,1,0,1,0,0,4.31349E+20,5.46973E+21,8.05425E+15,4.93764E+16
55712,55713,7,1,43,241,2016,7,17,5,3,1,6,0,0,0,1,0,0,0,0,4.11159E+20,5.6094E+21,7.74386E+15,5.06297E+16
55713,55714,7,1,43,57,2016,8,11,3,3,2,6,0,1,0,1,0,0,0,0,4.15549E+20,5.58299E+21,7.8119E+15,5.03929E+16
55714,55715,7,2,35,96,2016,7,17,1,3,8,1,0,0,0,0,0,1,0,0,3.18978E+20,5.50861E+21,6.48944E+15,4.97028E+16
55715,55716,7,1,33,6,2016,7,15,6,3,3,3,0,0,0,1,0,0,1,0,4.1975E+20,5.52415E+21,7.88336E+15,4.98643E+16
55716,55717,7,3,39,26,2016,7,10,1,3,6,4,0,0,0,1,1,0,0,0,4.48024E+20,5.52827E+21,8.27619E+15,4.99045E+16
55717,55718,7,1,31,202,2016,8,16,4,3,8,1,0,1,0,1,0,0,0,0,3.76616E+20,5.58962E+21,7.2622E+15,5.04456E+16
55718,55719,7,1,41,127,2016,7,15,5,3,0,7,0,0,0,0,0,1,0,0,4.10972E+20,5.57066E+21,7.75043E+15,5.02813E+16
55719,55720,7,3,32,12,2016,7,11,3,3,2,2,0,0,0,1,0,1,0,0,4.35188E+20,5.49093E+21,8.10366E+15,4.95674E+16
55720,55721,7,3,37,501,2016,7,10,2,2,0,2,0,0,1,1,0,0,0,0,4.25056E+20,5.45071E+21,7.97114E+15,4.92046E+16
55721,55722,7,3,32,29,2016,7,22,4,3,9,1,2,0,0,1,0,0,0,0,4.37106E+20,5.49518E+21,8.1295E+15,4.96059E+16
55722,55723,7,3,39,27,2016,7,18,2,3,5,3,0,0,0,1,0,0,0,1,4.37747E+20,5.53892E+21,8.13136E+15,4.99993E+16
55723,55724,7,3,15,0,2016,8,10,5,3,5,2,0,0,0,1,0,0,0,0,4.49163E+20,5.53652E+21,8.29096E+15,4.99788E+16
55724,55725,7,3,16,0,2016,7,6,7,3,8,1,0,0,0,1,0,0,0,0,4.38602E+20,5.46988E+21,8.15414E+15,4.93785E+16
55725,55726,7,2,11,0,2016,7,16,5,3,2,6,0,0,0,1,0,0,0,0,3.34233E+20,5.51914E+21,6.69634E+15,4.98018E+16
55726,55727,7,1,34,15,2016,8,19,3,3,8,1,0,1,0,1,0,0,0,0,3.63965E+20,5.49882E+21,7.11635E+15,4.96266E+16
55727,55728,7,2,35,22,2016,7,20,1,3,2,6,0,0,0,1,0,0,0,0,3.42356E+20,5.51692E+21,6.81004E+15,4.9784E+16
55728,55729,7,1,37,501,2016,7,15,1,2,8,1,0,0,0,0,0,0,0,1,3.8554E+20,5.56669E+21,7.39481E+15,5.02413E+16
55729,55730,7,3,15,0,2016,7,13,3,3,2,6,0,0,0,1,0,0,0,0,4.44319E+20,5.53529E+21,8.22358E+15,4.99674E+16
55730,55731,7,3,12,0,2016,7,9,3,3,1,6,0,0,0,1,0,0,0,0,4.12131E+20,5.47847E+21,7.78763E+15,4.94525E+16
55731,55732,7,1,35,17,2016,7,11,7,3,7,7,0,0,0,1,0,0,0,0,3.75755E+20,5.55672E+21,7.26091E+15,5.01496E+16
55732,55733,7,2,35,68,2016,7,10,2,3,5,3,0,0,1,1,0,0,0,0,3.24834E+20,5.50791E+21,6.57089E+15,4.96982E+16
55733,55734,7,1,37,203,2016,8,15,3,2,4,1,0,1,0,1,0,0,0,0,3.99395E+20,5.58523E+21,7.5841E+15,5.04105E+16
55734,55735,7,3,16,0,2016,7,6,4,3,1,6,0,0,1,1,0,0,0,0,4.40021E+20,5.46873E+21,8.17385E+15,4.93684E+16
55735,55736,7,3,34,7,2016,7,14,7,3,2,6,0,0,0,1,0,0,0,0,4.50633E+20,5.44923E+21,8.32242E+15,4.91939E+16
55736,55737,7,2,32,18,2016,7,10,4,3,8,1,0,1,0,0,0,0,0,1,3.22608E+20,5.53607E+21,6.52718E+15,4.99507E+16
55737,55738,7,2,31,90,2016,8,11,7,3,5,3,0,0,0,1,0,1,0,0,3.57701E+20,5.53084E+21,7.01795E+15,4.9913E+16
55738,55739,7,3,11,0,2016,7,21,6,3,2,6,2,1,0,1,0,0,0,1,4.53219E+20,5.48899E+21,8.35323E+15,4.95517E+16
55739,55740,7,2,31,92,2016,7,18,2,3,0,1,0,0,1,0,0,0,0,0,3.48664E+20,5.52334E+21,6.8951E+15,4.98434E+16
55740,55741,7,3,15,0,2016,8,13,1,3,4,2,0,0,0,1,0,0,0,0,4.4665E+20,5.53862E+21,8.25562E+15,4.99975E+16
55741,55742,7,1,31,202,2016,7,15,1,3,2,6,0,0,0,1,0,0,0,0,3.75869E+20,5.59142E+21,7.2511E+15,5.04616E+16
55742,55743,7,1,38,3,2016,7,13,7,3,9,6,0,0,0,1,0,1,0,0,3.89797E+20,5.61699E+21,7.43967E+15,5.06943E+16
55743,55744,7,1,43,286,2016,8,14,2,3,5,2,0,0,0,1,0,0,0,0,4.33799E+20,5.60687E+21,8.06438E+15,5.06099E+16
55744,55745,7,3,18,0,2016,8,1,4,3,8,1,2,1,0,1,0,0,0,0,4.5796E+20,5.46839E+21,8.42096E+15,4.93668E+16
55745,55746,7,3,35,15,2016,7,17,5,2,5,3,0,0,0,1,0,1,0,0,4.18593E+20,5.47388E+21,7.87771E+15,4.94121E+16
55746,55747,7,3,39,6,2016,7,15,6,3,4,2,0,0,1,1,0,0,0,0,4.49261E+20,5.5299E+21,8.2932E+15,4.99194E+16
55747,55748,7,3,19,0,2016,7,7,3,3,3,2,0,0,1,1,0,0,0,0,4.52938E+20,5.49787E+21,8.34829E+15,4.96316E+16
55748,55749,7,3,34,36,2016,7,13,7,2,5,3,0,0,1,1,0,0,0,0,4.45004E+20,5.45582E+21,8.24426E+15,4.92527E+16
55749,55750,7,2,31,26,2016,7,15,5,2,0,2,0,1,0,0,0,1,0,0,3.37016E+20,5.54549E+21,6.72385E+15,5.00394E+16
55750,55751,7,2,31,502,2016,8,8,6,2,4,2,0,0,0,1,0,1,0,1,3.64827E+20,5.51934E+21,7.12117E+15,4.98113E+16
55751,55752,7,3,16,0,2016,7,17,5,3,2,6,0,0,0,1,0,0,0,0,4.3794E+20,5.46739E+21,8.14541E+15,4.93561E+16
55752,55753,7,3,37,44,2016,8,20,7,2,8,1,0,0,0,1,0,0,0,0,4.38765E+20,5.44506E+21,8.16019E+15,4.91553E+16
55753,55754,7,1,43,236,2016,7,10,6,3,9,1,0,1,0,1,0,0,0,0,4.13456E+20,5.61735E+21,7.77447E+15,5.07016E+16
55754,55755,7,2,35,94,2016,7,20,1,3,8,1,0,0,0,0,0,1,0,0,3.3037E+20,5.52199E+21,6.64145E+15,4.98263E+16
55755,55756,7,3,36,4,2016,8,8,3,2,4,1,0,1,0,0,0,0,1,1,3.77507E+20,5.47788E+21,7.31027E+15,4.94412E+16
55756,55757,7,3,16,0,2016,7,20,4,3,7,7,0,0,1,0,0,0,0,0,4.41986E+20,5.46532E+21,8.20141E+15,4.93378E+16
55757,55758,7,2,35,70,2016,7,17,2,3,3,6,0,0,1,1,0,0,0,0,3.35521E+20,5.51055E+21,6.71785E+15,4.9725E+16
55758,55759,7,3,15,0,2016,7,14,4,3,4,3,0,0,1,1,0,0,0,0,4.46943E+20,5.53812E+21,8.25977E+15,4.9993E+16
55759,55760,7,3,33,78,2016,7,12,7,2,8,1,0,0,0,0,0,1,0,0,4.09317E+20,5.50725E+21,7.74217E+15,4.97109E+16
55760,55761,7,1,41,29,2016,8,13,5,3,1,6,0,1,0,1,0,0,0,0,4.32034E+20,5.58118E+21,8.0441E+15,5.03788E+16
55761,55762,7,3,37,20,2016,7,20,7,3,3,6,0,0,0,1,0,1,0,0,4.37503E+20,5.45959E+21,8.14061E+15,4.92859E+16
55762,55763,7,1,43,51,2016,7,15,5,3,2,6,0,0,0,1,0,0,0,0,4.24661E+20,5.58546E+21,7.93956E+15,5.04164E+16
55763,55764,7,1,32,501,2016,8,17,3,3,5,3,0,1,0,1,0,0,0,0,4.04187E+20,5.61592E+21,7.64363E+15,5.06872E+16
55764,55765,7,1,31,44,2016,7,11,3,3,5,2,0,1,0,0,0,1,0,1,3.52729E+20,5.58568E+21,6.92754E+15,5.04047E+16
55765,55766,7,1,37,216,2016,7,10,2,3,5,2,0,0,0,1,0,0,0,0,3.93721E+20,5.58338E+21,7.5048E+15,5.03929E+16
55766,55767,7,3,18,0,2016,8,22,2,3,0,7,2,0,1,0,0,0,0,0,4.58077E+20,5.46506E+21,8.42292E+15,4.93369E+16
55767,55768,7,1,40,87,2016,7,20,1,3,3,6,0,0,1,0,0,0,0,0,3.97122E+20,5.55009E+21,7.56166E+15,5.00942E+16
55768,55769,7,3,18,0,2016,7,23,7,3,6,4,2,0,0,1,1,0,0,0,4.58486E+20,5.46363E+21,8.42871E+15,4.9324E+16
55769,55770,7,1,37,68,2016,7,10,4,3,2,2,0,1,0,1,0,0,0,1,3.75548E+20,5.5769E+21,7.25139E+15,5.0331E+16
55770,55771,7,2,35,45,2016,7,13,7,3,8,1,0,1,0,1,0,0,0,0,3.50267E+20,5.49928E+21,6.92661E+15,4.96275E+16
55771,55772,7,1,31,29,2016,8,13,7,3,2,2,0,0,0,0,0,1,0,0,3.54379E+20,5.59146E+21,6.94849E+15,5.0457E+16
55772,55773,7,3,39,68,2016,7,6,6,3,2,6,0,0,0,1,0,0,0,0,4.25423E+20,5.52453E+21,7.96222E+15,4.98685E+16
55773,55774,7,3,14,0,2016,7,17,4,3,4,2,0,0,1,1,0,0,0,0,4.5827E+20,5.48328E+21,8.42367E+15,4.95007E+16
55774,55775,7,2,35,149,2016,8,3,1,2,0,7,2,0,0,1,1,0,0,0,3.1377E+20,5.49813E+21,6.42227E+15,4.9607E+16
55775,55776,7,3,17,0,2016,7,22,6,3,8,1,2,0,0,1,0,0,0,0,3.98839E+20,5.44888E+21,7.61178E+15,4.91843E+16
55776,55777,7,3,20,0,2016,7,10,1,3,6,4,0,0,0,1,1,0,0,0,3.80783E+20,5.45517E+21,7.36223E+15,4.92377E+16
55777,55778,7,1,33,6,2016,7,19,3,3,1,5,0,0,1,1,0,0,0,0,4.19488E+20,5.52059E+21,7.88046E+15,4.98323E+16
55778,55779,7,3,39,5,2016,8,8,4,3,9,1,0,1,0,1,0,0,0,0,4.23934E+20,5.53092E+21,7.94024E+15,4.99258E+16
55779,55780,7,3,15,0,2016,7,10,5,3,3,6,0,1,0,1,0,0,0,0,4.43993E+20,5.53798E+21,8.21864E+15,4.99915E+16
55780,55781,7,1,38,3,2016,7,13,4,2,9,1,0,0,0,1,0,0,0,0,3.87886E+20,5.6139E+21,7.41356E+15,5.06662E+16
55781,55782,7,2,35,118,2016,7,14,3,3,2,6,0,0,0,1,0,0,0,0,3.23278E+20,5.49814E+21,6.55374E+15,4.961E+16
55782,55783,7,1,33,52,2016,7,11,3,2,4,6,0,0,0,1,0,0,0,0,3.87731E+20,5.51711E+21,7.44003E+15,4.9796E+16
55783,55784,7,1,38,75,2016,7,17,2,3,0,1,0,1,0,0,0,1,0,0,3.83257E+20,5.60851E+21,7.34978E+15,5.06168E+16
55784,55785,7,3,36,54,2016,8,11,2,3,8,1,0,0,0,1,0,0,0,0,3.79273E+20,5.48018E+21,7.33391E+15,4.94623E+16
55785,55786,7,1,31,501,2016,7,18,1,3,8,1,0,0,0,1,0,0,0,0,3.53636E+20,5.59024E+21,6.93852E+15,5.04459E+16
55786,55787,7,3,39,5,2016,7,17,4,3,5,3,0,0,0,1,0,0,0,0,4.21275E+20,5.53347E+21,7.90268E+15,4.99484E+16
55787,55788,7,3,18,0,2016,7,12,7,3,0,3,0,0,1,0,0,1,0,0,4.60029E+20,5.46412E+21,8.44989E+15,4.93285E+16
55788,55789,7,1,43,312,2016,7,21,4,3,5,3,0,0,0,1,0,0,0,0,4.27427E+20,5.60046E+21,7.97559E+15,5.05515E+16
55789,55790,7,1,38,4,2016,8,0,7,1,8,1,2,0,0,1,0,0,0,0,3.83605E+20,5.60132E+21,7.35695E+15,5.05522E+16
55790,55791,7,1,33,112,2016,7,15,6,3,3,6,0,0,0,1,0,0,0,0,4.1183E+20,5.52021E+21,7.77409E+15,4.98278E+16
55791,55792,7,2,31,134,2016,8,19,1,2,8,1,0,0,0,0,0,1,0,0,3.49675E+20,5.5393E+21,6.90293E+15,4.9987E+16
55792,55793,7,1,37,205,2016,7,20,7,2,0,1,1,0,0,0,0,1,0,0,3.89065E+20,5.56467E+21,7.44481E+15,5.02237E+16
55793,55794,7,1,38,45,2016,8,9,2,2,0,1,0,0,1,0,0,0,0,0,3.91426E+20,5.59082E+21,7.47037E+15,5.04594E+16
55794,55795,7,3,32,24,2016,7,7,3,3,2,6,0,0,0,1,0,1,0,0,4.38691E+20,5.48843E+21,8.15249E+15,4.95454E+16
55795,55796,7,1,33,52,2016,8,21,4,3,0,1,1,1,0,0,0,1,0,1,3.88879E+20,5.51576E+21,7.45636E+15,4.9784E+16
55796,55797,7,1,33,64,2016,7,5,5,3,9,1,1,1,0,1,0,0,0,0,4.00137E+20,5.51369E+21,7.61323E+15,4.97674E+16
55797,55798,7,2,35,125,2016,7,13,6,3,4,2,0,0,0,1,0,0,0,0,3.37229E+20,5.52152E+21,6.73694E+15,4.9824E+16
55798,55799,7,2,33,28,2016,7,18,3,2,0,1,0,0,1,0,0,0,0,0,3.29143E+20,5.57826E+21,6.59928E+15,5.03316E+16
55799,55800,7,3,18,0,2016,7,11,7,3,6,4,0,0,1,0,1,0,0,0,4.58286E+20,5.46282E+21,8.42604E+15,4.93167E+16
55800,55801,7,1,38,74,2016,7,17,5,3,0,1,0,1,0,1,0,0,0,0,3.99565E+20,5.60072E+21,7.58233E+15,5.05498E+16
55801,55802,7,3,15,0,2016,7,15,2,3,0,3,0,0,1,0,0,0,0,1,4.46935E+20,5.53886E+21,8.25956E+15,4.99997E+16
55802,55803,7,1,32,111,2016,8,15,6,3,1,2,0,0,0,1,0,0,0,0,4.18272E+20,5.62788E+21,7.84032E+15,5.07969E+16
55803,55804,7,3,14,0,2016,7,16,5,3,5,2,0,0,0,1,0,0,0,0,4.5728E+20,5.48545E+21,8.40977E+15,4.95202E+16
55804,55805,7,2,31,14,2016,8,13,7,2,5,7,0,0,0,1,0,1,0,0,3.65393E+20,5.54262E+21,7.12091E+15,5.00207E+16
55805,55806,7,1,32,63,2016,7,15,6,2,5,3,0,1,0,1,0,0,0,0,4.21356E+20,5.62867E+21,7.8839E+15,5.08044E+16
55806,55807,7,3,14,0,2016,8,13,3,2,8,1,0,1,0,1,0,0,0,0,4.57065E+20,5.47584E+21,8.40784E+15,4.94337E+16
55807,55808,7,1,38,80,2016,7,6,2,3,8,1,0,0,1,1,0,0,0,0,3.85868E+20,5.6157E+21,7.38446E+15,5.0682E+16
55808,55809,7,1,38,41,2016,7,12,4,3,1,6,0,0,0,1,0,0,0,0,3.78043E+20,5.60302E+21,7.27791E+15,5.05664E+16
55809,55810,7,3,18,0,2016,7,13,1,3,5,3,0,0,1,0,0,0,0,1,4.58547E+20,5.46516E+21,8.42939E+15,4.93377E+16
55810,55811,7,3,35,4,2016,7,16,7,3,9,1,0,0,0,1,0,1,0,0,4.23493E+20,5.48421E+21,7.94325E+15,4.95057E+16
55811,55812,7,1,32,72,2016,8,12,5,3,4,2,0,1,0,1,0,0,0,0,4.26054E+20,5.63134E+21,7.95002E+15,5.08291E+16
55812,55813,7,3,11,0,2016,7,17,7,3,5,2,0,0,1,0,0,0,0,1,4.54112E+20,5.48894E+21,8.36559E+15,4.95513E+16
55813,55814,7,3,17,0,2016,7,17,2,2,2,6,0,0,0,1,0,1,0,0,3.97255E+20,5.44985E+21,7.58981E+15,4.91929E+16
55814,55815,7,3,35,43,2016,7,20,1,2,8,1,0,0,0,1,0,0,0,0,3.9755E+20,5.48322E+21,7.58527E+15,4.9493E+16
55815,55816,7,1,11,0,2016,7,19,1,3,3,6,0,0,0,1,0,0,0,0,3.99636E+20,5.57927E+21,7.58908E+15,5.03569E+16
55816,55817,7,1,33,107,2016,8,18,2,2,8,1,0,0,0,1,0,0,0,0,4.05557E+20,5.51808E+21,7.6874E+15,4.98077E+16
55817,55818,7,3,32,24,2016,7,15,7,2,5,7,0,0,1,1,0,0,0,0,4.38845E+20,5.49201E+21,8.15407E+15,4.95776E+16
55818,55819,7,1,33,6,2016,7,10,7,2,3,2,0,0,1,1,0,0,0,0,4.20493E+20,5.52319E+21,7.89391E+15,4.98558E+16
55819,55820,7,1,34,45,2016,7,16,7,3,9,1,0,1,0,1,0,0,0,0,3.86716E+20,5.51095E+21,7.42772E+15,4.97404E+16
55820,55821,7,1,11,0,2016,8,18,7,3,2,6,0,0,0,1,0,0,0,0,3.98776E+20,5.58074E+21,7.5766E+15,5.037E+16
55821,55822,7,2,31,113,2016,7,17,6,2,8,1,0,0,0,0,0,1,0,0,3.4414E+20,5.53343E+21,6.82815E+15,4.99329E+16
55822,55823,7,2,31,31,2016,7,17,4,2,3,6,0,0,0,1,0,1,0,0,3.45825E+20,5.52988E+21,6.85304E+15,4.99015E+16
55823,55824,7,1,32,71,2016,8,11,1,3,1,2,0,0,0,1,0,0,0,0,4.19617E+20,5.62298E+21,7.86047E+15,5.07531E+16
55824,55825,7,3,38,14,2016,7,16,6,3,2,6,0,0,0,1,0,0,0,0,4.47852E+20,5.47301E+21,8.28115E+15,4.94076E+16
55825,55826,7,3,34,18,2016,7,20,1,3,9,1,0,0,0,1,0,0,0,0,4.45507E+20,5.45553E+21,8.25121E+15,4.92501E+16
55826,55827,7,3,15,0,2016,7,22,3,3,2,6,2,0,0,1,0,0,0,0,4.47843E+20,5.5395E+21,8.27214E+15,5.00055E+16
55827,55828,7,1,43,206,2016,8,17,4,3,1,6,0,1,1,0,0,0,0,1,4.26003E+20,5.61254E+21,7.95307E+15,5.066E+16
55828,55829,7,3,31,36,2016,7,11,5,3,2,6,0,1,0,1,0,0,1,0,4.44284E+20,5.50502E+21,8.22744E+15,4.96951E+16
55829,55830,7,1,31,7,2016,7,7,4,3,9,1,2,0,0,1,0,0,0,0,3.72215E+20,5.60111E+21,7.19633E+15,5.05479E+16
55830,55831,7,1,40,64,2016,7,19,3,3,5,3,0,0,0,1,0,0,0,1,3.8812E+20,5.54868E+21,7.43627E+15,5.00799E+16
55831,55832,7,2,35,83,2016,7,16,1,3,1,2,0,0,0,1,0,0,0,0,3.43631E+20,5.5182E+21,6.82722E+15,4.97959E+16
55832,55833,7,1,11,0,2016,7,11,5,3,8,1,0,0,0,1,0,0,0,0,4.01473E+20,5.57957E+21,7.61482E+15,5.03599E+16
55833,55834,7,3,32,24,2016,7,15,2,2,5,3,0,0,0,1,0,1,0,0,4.39755E+20,5.49031E+21,8.16691E+15,4.95624E+16
55834,55835,7,1,31,7,2016,7,9,2,2,8,1,0,0,0,0,0,1,0,0,3.67557E+20,5.6001E+21,7.13097E+15,5.05379E+16
55835,55836,7,3,12,0,2016,8,12,5,3,5,3,0,0,0,1,0,0,0,0,4.03373E+20,5.47651E+21,7.6673E+15,4.94336E+16
55836,55837,7,3,36,105,2016,7,3,5,3,7,7,2,0,0,0,0,1,0,0,4.00341E+20,5.49262E+21,7.62142E+15,4.9578E+16
55837,55838,7,3,15,0,2016,8,17,3,3,1,1,0,1,0,1,0,0,0,1,4.47527E+20,5.53982E+21,8.26769E+15,5.00084E+16
55838,55839,7,3,12,0,2016,7,16,1,2,3,6,0,0,0,1,0,1,0,0,4.06573E+20,5.4725E+21,7.71236E+15,4.9398E+16
55839,55840,7,3,40,209,2016,7,19,3,3,8,1,0,0,0,1,0,0,0,0,3.85542E+20,5.46237E+21,7.42552E+15,4.93033E+16
55840,55841,7,2,32,14,2016,7,17,1,1,8,1,0,0,0,1,0,0,0,0,3.21018E+20,5.54653E+21,6.50016E+15,5.00441E+16
55841,55842,7,2,32,304,2016,7,12,7,3,9,1,0,0,0,0,0,1,0,0,3.18485E+20,5.5607E+21,6.4581E+15,5.01706E+16
55842,55843,7,3,32,9,2016,7,17,5,3,1,1,0,0,0,1,0,1,0,0,4.41016E+20,5.47342E+21,8.18687E+15,4.94106E+16
55843,55844,7,1,43,67,2016,7,20,3,3,1,3,0,0,0,1,0,1,0,0,4.11977E+20,5.59873E+21,7.75796E+15,5.05339E+16
55844,55845,7,2,11,0,2016,7,16,1,3,0,1,0,0,0,0,0,1,0,0,3.34561E+20,5.51171E+21,6.70405E+15,4.97352E+16
55845,55846,7,1,32,37,2016,7,17,5,3,9,1,0,1,0,1,0,0,0,0,4.14955E+20,5.63896E+21,7.79068E+15,5.0896E+16
55846,55847,7,1,11,0,2016,7,17,3,3,2,6,0,0,0,1,0,0,0,0,3.99079E+20,5.58065E+21,7.58089E+15,5.03692E+16
55847,55848,7,2,35,106,2016,7,9,2,3,4,6,0,0,0,1,0,0,0,1,3.31861E+20,5.50539E+21,6.66934E+15,4.96776E+16
55848,55849,7,1,40,64,2016,8,23,6,2,6,6,2,1,0,1,1,0,0,0,3.87431E+20,5.54632E+21,7.42733E+15,5.00585E+16
55849,55850,7,1,40,112,2016,7,16,6,3,6,5,0,0,0,1,1,0,0,0,4.08135E+20,5.55218E+21,7.71509E+15,5.01148E+16
55850,55851,7,3,14,0,2016,8,14,3,3,0,1,0,1,0,1,0,1,0,0,4.57168E+20,5.47701E+21,8.40913E+15,4.94442E+16
55851,55852,7,1,11,0,2016,7,11,2,3,3,6,0,0,0,1,0,0,0,0,3.99109E+20,5.57737E+21,7.58218E+15,5.03398E+16
55852,55853,7,1,31,70,2016,7,13,4,3,2,2,0,0,0,1,0,0,0,1,3.75177E+20,5.60364E+21,7.23727E+15,5.05713E+16
55853,55854,7,3,31,3,2016,7,9,1,3,2,6,0,0,0,1,0,1,0,0,4.37531E+20,5.51105E+21,8.13285E+15,4.97487E+16
55854,55855,7,3,31,58,2016,7,14,7,2,9,7,0,0,0,1,0,0,0,0,4.3846E+20,5.52412E+21,8.14368E+15,4.98663E+16
55855,55856,7,3,32,1,2016,7,21,5,2,9,1,1,0,0,0,0,1,0,0,4.3336E+20,5.48046E+21,8.08015E+15,4.94732E+16
55856,55857,7,3,19,0,2016,7,14,7,3,0,1,0,0,1,0,0,0,0,0,4.52138E+20,5.5001E+21,8.33694E+15,4.96515E+16
55857,55858,7,3,16,0,2016,7,16,2,3,1,1,0,0,0,1,0,0,0,0,4.38416E+20,5.46642E+21,8.15212E+15,4.93474E+16
55858,55859,7,3,19,0,2016,7,19,1,3,4,5,0,0,0,1,0,1,0,0,4.51939E+20,5.50025E+21,8.33416E+15,4.96529E+16
55859,55860,7,3,37,12,2016,7,4,7,2,8,1,2,0,0,1,0,0,0,0,4.33803E+20,5.45465E+21,8.09056E+15,4.9241E+16
55860,55861,7,3,39,30,2016,8,18,2,2,5,3,0,0,1,1,0,0,0,0,4.32314E+20,5.53642E+21,8.05601E+15,4.99763E+16
55861,55862,7,3,39,5,2016,7,23,7,3,5,3,2,0,0,1,0,0,0,0,4.2028E+20,5.53534E+21,7.88842E+15,4.99651E+16
55862,55863,7,3,39,27,2016,7,18,7,3,5,3,0,0,0,1,0,1,0,0,4.37943E+20,5.53905E+21,8.13407E+15,5.00005E+16
55863,55864,7,1,43,200,2016,7,17,7,3,9,6,0,0,0,1,0,0,0,0,4.25743E+20,5.6062E+21,7.95067E+15,5.0603E+16
55864,55865,7,3,32,25,2016,8,16,6,3,2,6,0,0,0,1,0,1,0,0,4.42634E+20,5.46932E+21,8.20976E+15,4.93739E+16
55865,55866,7,1,32,72,2016,7,17,6,3,2,6,0,0,0,1,0,0,0,0,4.25851E+20,5.63092E+21,7.94723E+15,5.08252E+16
55866,55867,7,1,43,286,2016,7,22,4,3,6,4,2,0,0,1,1,0,0,0,4.33765E+20,5.60603E+21,8.06404E+15,5.06024E+16
55867,55868,7,1,37,88,2016,8,12,1,3,0,1,0,0,0,0,0,1,0,0,3.85627E+20,5.58347E+21,7.39094E+15,5.03921E+16