FID,OBJECTID,ULAND,UREGBEZ,UKREIS,UGEMEINDE,UJAHR,UMONAT,USTUNDE,UWOCHENTAG,UKATEGORIE,UART,UTYP1,ULICHTVERH,IstStrasse,IstRad,IstPKW,IstFuss,IstKrad,IstGkfz,IstSonstig,LINREFX,LINREFY,XGCSWGS84,YGCSWGS84
55868,55869,7,3,14,0,2016,7,11,6,3,5,3,0,0,0,1,0,0,0,0,4.57491E+20,5.48158E+21,8.4131E+15,4.94854E+16
55869,55870,7,3,14,0,2016,7,18,1,3,1,6,0,0,0,1,0,0,0,0,4.60461E+20,5.48099E+21,8.45416E+15,4.94802E+16
55870,55871,7,1,41,130,2016,7,18,3,3,4,6,0,0,0,1,0,1,0,0,4.24096E+20,5.57556E+21,7.93362E+15,5.03272E+16
55871,55872,7,1,32,25,2016,8,9,4,2,5,3,0,1,0,1,0,0,0,0,4.19948E+20,5.62038E+21,7.86573E+15,5.07297E+16
55872,55873,7,2,35,118,2016,7,3,5,3,9,7,2,1,0,1,0,0,0,0,3.30384E+20,5.50699E+21,6.64819E+15,4.96915E+16
55873,55874,7,3,12,0,2016,7,16,3,3,2,6,0,0,0,1,0,0,0,0,4.1293E+20,5.47891E+21,7.79855E+15,4.94566E+16
55874,55875,7,3,34,13,2016,7,18,2,2,3,5,0,0,0,1,0,1,0,0,4.3956E+20,5.43612E+21,8.17242E+15,4.90749E+16
55875,55876,7,2,35,501,2016,7,1,1,3,5,3,2,0,0,1,0,0,0,0,3.24791E+20,5.52244E+21,6.56375E+15,4.98288E+16
55876,55877,7,3,12,0,2016,7,16,4,3,9,1,0,0,0,1,0,0,0,0,4.13079E+20,5.47936E+21,7.8005E+15,4.94606E+16
55877,55878,7,3,18,0,2016,7,16,2,3,4,2,0,0,1,1,0,0,0,0,4.57626E+20,5.46415E+21,8.41681E+15,4.93286E+16
55878,55879,7,3,34,25,2016,7,1,1,2,8,7,2,0,0,1,0,0,0,0,4.49175E+20,5.44508E+21,8.30293E+15,4.91564E+16
55879,55880,7,3,33,45,2016,8,16,5,3,9,1,0,1,0,1,0,0,0,0,4.30226E+20,5.49751E+21,8.03389E+15,4.96261E+16
55880,55881,7,3,38,26,2016,7,19,5,3,4,2,0,0,0,1,0,0,0,0,4.58818E+20,5.47207E+21,8.4324E+15,4.93999E+16
55881,55882,7,3,31,36,2016,7,15,5,2,5,3,0,0,0,1,0,0,0,0,4.42635E+20,5.50564E+21,8.2045E+15,4.97005E+16
55882,55883,7,2,31,502,2016,8,16,3,3,8,1,0,1,0,0,0,1,0,0,3.65005E+20,5.51637E+21,7.12467E+15,4.97846E+16
55883,55884,7,3,33,26,2016,7,17,1,2,4,6,0,0,0,1,0,0,0,0,4.31321E+20,5.49209E+21,8.04999E+15,4.95775E+16
55884,55885,7,1,37,86,2016,7,12,1,3,4,6,0,0,0,1,0,1,0,0,3.86052E+20,5.57972E+21,7.39806E+15,5.03585E+16
55885,55886,7,3,39,42,2016,7,5,3,3,4,2,0,0,0,1,0,0,0,0,4.41507E+20,5.52937E+21,8.18527E+15,4.99139E+16
55886,55887,7,3,12,0,2016,7,17,3,3,1,6,0,0,0,1,0,0,0,0,4.05535E+20,5.47252E+21,7.69806E+15,4.9398E+16
55887,55888,7,1,34,38,2016,7,13,1,3,3,7,0,0,0,1,0,1,0,0,3.76965E+20,5.51351E+21,7.29164E+15,4.97615E+16
55888,55889,7,1,41,6,2016,7,15,7,3,2,2,0,0,0,1,0,1,0,0,4.08308E+20,5.57804E+21,7.71126E+15,5.03473E+16
55889,55890,7,2,31,90,2016,7,13,2,3,8,6,0,0,0,1,0,0,1,1,3.58435E+20,5.52932E+21,7.02872E+15,4.98995E+16
55890,55891,7,1,37,8,2016,8,14,3,3,8,1,0,1,0,1,0,0,0,0,3.74481E+20,5.5839E+21,7.23407E+15,5.03937E+16
55891,55892,7,3,36,92,2016,7,14,4,3,1,6,0,0,0,1,0,0,0,0,3.8104E+20,5.47388E+21,7.36019E+15,4.9406E+16
55892,55893,7,3,39,32,2016,7,17,7,2,5,3,0,0,1,1,0,0,0,0,4.43122E+20,5.53109E+21,8.20751E+15,4.99295E+16
55893,55894,7,3,39,30,2016,7,16,4,3,2,6,0,0,0,1,0,0,0,0,4.35697E+20,5.5389E+21,8.10277E+15,4.9999E+16
55894,55895,7,3,35,4,2016,7,5,6,2,6,6,1,0,0,1,1,0,0,0,4.18594E+20,5.48144E+21,7.87617E+15,4.94801E+16
55895,55896,7,3,15,0,2016,7,8,2,3,3,6,0,0,0,1,0,0,0,0,4.47247E+20,5.53944E+21,8.26384E+15,5.0005E+16
55896,55897,7,3,38,4,2016,8,16,1,2,7,7,0,0,1,0,0,0,0,0,4.5531E+20,5.4908E+21,8.38194E+15,4.95682E+16
55897,55898,7,1,38,45,2016,7,15,1,2,4,1,0,0,0,1,0,1,0,0,3.95498E+20,5.59322E+21,7.52704E+15,5.04816E+16
55898,55899,7,2,31,77,2016,7,13,7,3,0,1,0,0,0,0,0,1,0,0,3.65301E+20,5.52868E+21,7.12451E+15,4.98953E+16
55899,55900,7,2,35,60,2016,8,8,2,3,1,6,0,0,0,1,0,0,0,0,3.36142E+20,5.51951E+21,6.72269E+15,4.98056E+16
55900,55901,7,1,37,86,2016,8,4,5,3,2,6,2,0,0,1,0,0,0,1,3.86793E+20,5.57643E+21,7.40945E+15,5.03291E+16
55901,55902,7,3,14,0,2016,7,16,6,3,5,3,0,0,1,0,0,0,0,1,4.59324E+20,5.48001E+21,8.43856E+15,4.94714E+16
55902,55903,7,3,14,0,2016,7,7,3,3,1,6,0,0,0,1,0,0,0,0,4.6047E+20,5.48099E+21,8.45428E+15,4.94803E+16
55903,55904,7,3,31,58,2016,7,5,7,3,7,7,2,0,0,1,0,0,0,0,4.40963E+20,5.52613E+21,8.17819E+15,4.98847E+16
55904,55905,7,1,31,77,2016,7,15,5,2,9,1,0,1,0,0,0,1,0,0,3.7569E+20,5.59593E+21,7.24708E+15,5.05021E+16
55905,55906,7,2,32,13,2016,7,15,7,2,4,6,0,0,0,1,0,0,0,0,3.15073E+20,5.53695E+21,6.42182E+15,4.99562E+16
55906,55907,7,1,38,30,2016,7,19,7,3,9,1,0,1,0,1,0,0,0,0,3.92465E+20,5.6043E+21,7.48111E+15,5.05807E+16
55907,55908,7,3,38,17,2016,7,13,2,3,5,3,0,0,1,1,0,0,0,0,4.54687E+20,5.47441E+21,8.37521E+15,4.94207E+16
55908,55909,7,2,31,90,2016,7,14,1,2,8,1,0,0,0,0,0,1,0,0,3.58424E+20,5.52968E+21,7.02844E+15,4.99027E+16
55909,55910,7,3,39,25,2016,7,11,7,3,4,6,0,0,0,1,0,0,0,0,4.4521E+20,5.52261E+21,8.23781E+15,4.98534E+16
55910,55911,7,2,31,134,2016,8,16,2,3,1,2,0,0,0,1,0,0,0,0,3.58296E+20,5.54879E+21,7.01962E+15,5.00744E+16
55911,55912,7,3,14,0,2016,7,14,6,3,2,6,0,0,0,1,0,1,0,0,4.50206E+20,5.48029E+21,8.31269E+15,4.94732E+16
55912,55913,7,2,32,311,2016,7,14,7,3,5,3,0,0,0,1,0,0,0,0,3.3411E+20,5.53921E+21,6.68601E+15,4.99822E+16
55913,55914,7,1,33,114,2016,7,17,5,3,5,3,0,0,1,1,0,0,0,0,4.14671E+20,5.52928E+21,7.81158E+15,4.99098E+16
55914,55915,7,1,32,32,2016,7,17,7,3,8,1,0,0,0,1,0,0,0,0,3.9535E+20,5.61114E+21,7.51992E+15,5.06428E+16
55915,55916,7,3,39,62,2016,8,21,6,3,1,5,2,1,0,1,0,0,0,0,4.16094E+20,5.53359E+21,7.83046E+15,4.99488E+16
55916,55917,7,1,41,501,2016,7,17,6,3,5,3,0,0,0,1,0,0,0,0,4.02702E+20,5.57084E+21,7.63434E+15,5.02817E+16
55917,55918,7,1,11,0,2016,7,11,6,3,2,6,0,0,0,1,0,0,0,0,3.99503E+20,5.57976E+21,7.58708E+15,5.03613E+16
55918,55919,7,3,17,0,2016,8,17,7,2,9,1,0,0,0,0,0,1,0,0,3.98473E+20,5.45396E+21,7.60548E+15,4.923E+16
55919,55920,7,3,15,0,2016,7,20,6,3,2,6,0,0,0,1,0,0,0,0,4.4647E+20,5.53863E+21,8.2531E+15,4.99976E+16
55920,55921,7,3,39,30,2016,7,0,1,3,0,7,2,0,1,0,0,0,0,0,4.32386E+20,5.53627E+21,8.05703E+15,4.99749E+16
55921,55922,7,1,11,0,2016,8,10,4,3,8,1,0,1,0,1,0,0,0,0,4.00765E+20,5.57745E+21,7.60543E+15,5.03408E+16
55922,55923,7,1,35,82,2016,7,11,5,2,8,1,0,1,0,0,0,1,0,0,3.78512E+20,5.56059E+21,7.29824E+15,5.01851E+16
55923,55924,7,3,16,0,2016,7,10,3,3,5,3,0,0,1,1,0,0,0,0,4.39716E+20,5.46602E+21,8.17007E+15,4.93439E+16
55924,55925,7,3,14,0,2016,7,22,2,3,8,1,2,0,0,1,0,0,0,0,4.57472E+20,5.48158E+21,8.41283E+15,4.94854E+16
55925,55926,7,3,37,62,2016,7,17,4,3,3,2,0,0,0,1,0,0,0,0,4.28081E+20,5.44155E+21,8.0143E+15,4.91226E+16
55926,55927,7,1,32,6,2016,7,17,1,3,1,6,0,0,0,1,0,1,0,0,4.2011E+20,5.62733E+21,7.86651E+15,5.07922E+16
55927,55928,7,2,33,217,2016,8,16,5,2,9,1,0,0,0,0,0,1,0,0,3.58947E+20,5.56823E+21,7.0215E+15,5.02494E+16
55928,55929,7,2,31,8,2016,7,12,7,1,2,2,0,0,0,1,0,1,0,0,3.60253E+20,5.53302E+21,7.05268E+15,4.99332E+16
55929,55930,7,2,35,135,2016,7,5,5,3,4,6,1,0,0,1,0,0,1,0,3.40561E+20,5.51236E+21,6.78698E+15,4.97426E+16
55930,55931,7,1,43,215,2016,8,12,3,3,5,3,0,1,0,1,0,0,0,0,4.17549E+20,5.60504E+21,7.83515E+15,5.05914E+16
55931,55932,7,2,32,304,2016,7,16,1,2,8,1,0,0,0,0,0,1,0,0,3.21199E+20,5.55954E+21,6.4966E+15,5.0161E+16
55932,55933,7,2,32,120,2016,7,23,3,1,4,7,2,0,0,1,0,1,0,0,3.23949E+20,5.54905E+21,6.5399E+15,5.00677E+16
55933,55934,7,3,38,19,2016,7,7,3,3,5,1,0,0,1,1,0,0,0,0,4.53288E+20,5.47683E+21,8.35563E+15,4.94424E+16
55934,55935,7,1,11,0,2016,7,10,7,3,5,3,0,0,0,1,0,1,0,0,4.00027E+20,5.58023E+21,7.59433E+15,5.03656E+16
55935,55936,7,2,11,0,2016,7,13,2,3,2,3,0,0,0,1,0,0,0,0,3.28906E+20,5.51407E+21,6.6246E+15,4.97548E+16
55936,55937,7,3,40,54,2016,8,16,2,3,8,1,0,0,0,1,0,0,0,0,4.02902E+20,5.46155E+21,7.66445E+15,4.9299E+16
55937,55938,7,3,18,0,2016,7,8,4,3,5,3,0,1,1,1,0,0,0,0,4.58489E+20,5.46377E+21,8.42874E+15,4.93253E+16
55938,55939,7,2,35,68,2016,7,18,7,2,4,6,0,0,0,1,0,0,1,0,3.27615E+20,5.50988E+21,6.60855E+15,4.97167E+16
55939,55940,7,2,35,136,2016,7,15,4,3,2,6,0,0,0,1,0,0,0,0,3.21554E+20,5.49602E+21,6.53086E+15,4.95904E+16
55940,55941,7,1,34,25,2016,8,14,7,3,4,1,0,0,0,1,0,0,0,0,3.83808E+20,5.5116E+21,7.38719E+15,4.97456E+16
55941,55942,7,3,14,0,2016,7,15,6,3,8,1,0,0,1,0,0,0,0,0,4.6E+20,5.48147E+21,8.44775E+15,4.94845E+16
55942,55943,7,3,15,0,2016,8,5,1,3,8,1,2,0,0,1,0,0,0,0,4.4732E+20,5.53773E+21,8.26509E+15,4.99896E+16
55943,55944,7,1,37,89,2016,7,19,7,3,0,2,0,0,0,0,0,1,0,0,3.79523E+20,5.57285E+21,7.3085E+15,5.02955E+16
55944,55945,7,1,41,139,2016,8,20,2,3,8,1,1,0,0,1,0,0,0,0,4.15843E+20,5.5769E+21,7.81739E+15,5.03382E+16
55945,55946,7,3,34,501,2016,8,19,4,3,2,1,0,0,1,0,0,0,0,0,4.46549E+20,5.43486E+21,8.26828E+15,4.90643E+16
55946,55947,7,3,37,21,2016,7,13,5,3,5,3,0,0,0,1,0,0,0,0,4.36637E+20,5.45822E+21,8.12892E+15,4.92735E+16
55947,55948,7,3,15,0,2016,7,16,6,3,1,2,0,0,0,1,0,0,0,0,4.48084E+20,5.53904E+21,8.27558E+15,5.00014E+16
55948,55949,7,3,39,42,2016,7,19,3,2,4,2,0,0,1,1,0,0,0,0,4.42786E+20,5.5294E+21,8.20308E+15,4.99143E+16
55949,55950,7,1,43,225,2016,7,13,7,2,5,2,0,0,1,1,0,0,0,0,4.10073E+20,5.61764E+21,7.7265E+15,5.07036E+16
55950,55951,7,2,35,27,2016,7,13,5,3,8,6,0,0,0,1,0,0,1,0,3.32691E+20,5.50665E+21,6.68029E+15,4.96891E+16
55951,55952,7,1,34,45,2016,8,16,6,3,0,7,0,0,1,1,0,0,0,0,3.78357E+20,5.50807E+21,7.31266E+15,4.97128E+16
55952,55953,7,3,34,1,2016,7,13,5,3,5,3,0,0,0,1,0,0,0,1,4.46914E+20,5.44899E+21,8.27142E+15,4.91914E+16
55953,55954,7,3,11,0,2016,8,5,7,3,7,1,1,0,1,0,0,0,0,0,4.52779E+20,5.48815E+21,8.34726E+15,4.95441E+16
55954,55955,7,1,43,37,2016,7,8,6,3,8,1,0,1,0,1,0,0,0,0,4.27384E+20,5.589E+21,7.97721E+15,5.04485E+16
55955,55956,7,1,41,85,2016,7,5,1,3,9,1,1,0,0,1,0,0,0,0,4.16295E+20,5.56484E+21,7.82641E+15,5.02298E+16
55956,55957,7,3,12,0,2016,8,15,3,3,3,6,0,0,0,1,0,0,0,0,4.09785E+20,5.47798E+21,7.75538E+15,4.94478E+16
55957,55958,7,3,37,76,2016,7,12,4,3,0,1,0,0,0,0,0,1,0,0,4.3137E+20,5.42886E+21,8.06153E+15,4.90088E+16
55958,55959,7,1,43,246,2016,7,16,2,3,2,6,0,0,0,1,0,0,1,0,4.33456E+20,5.60174E+21,8.06044E+15,5.05638E+16
55959,55960,7,1,43,62,2016,7,6,4,3,9,1,0,0,0,1,0,0,0,0,4.11692E+20,5.59193E+21,7.75554E+15,5.04727E+16
55960,55961,7,3,36,92,2016,7,15,7,3,9,1,0,0,0,1,0,0,0,0,3.80503E+20,5.47328E+21,7.35297E+15,4.94005E+16
55961,55962,7,1,38,12,2016,8,15,5,3,2,6,0,0,0,1,0,0,0,0,4.03847E+20,5.60026E+21,7.64287E+15,5.05464E+16
55962,55963,7,2,31,1,2016,7,11,5,3,9,7,0,0,0,0,0,0,1,0,3.50219E+20,5.5349E+21,6.91224E+15,4.99477E+16
55963,55964,7,3,31,1,2016,8,17,6,2,2,6,0,1,0,1,0,0,0,0,4.36016E+20,5.51407E+21,8.11133E+15,4.97757E+16
55964,55965,7,3,20,0,2016,7,7,5,2,6,4,0,0,0,1,1,0,0,0,3.81114E+20,5.45581E+21,7.36658E+15,4.92435E+16
55965,55966,7,3,12,0,2016,8,13,7,2,0,1,0,0,0,0,0,1,0,0,4.14883E+20,5.4794E+21,7.82539E+15,4.94613E+16
55966,55967,7,2,11,0,2016,7,16,6,3,5,1,0,0,0,1,0,0,0,0,3.34825E+20,5.52074E+21,6.70387E+15,4.98164E+16
55967,55968,7,1,34,8,2016,7,9,1,3,8,1,0,0,0,1,0,0,0,0,3.75924E+20,5.49239E+21,7.28389E+15,4.95714E+16
55968,55969,7,1,40,501,2016,8,11,4,3,3,6,0,1,0,1,0,0,1,0,3.97188E+20,5.56324E+21,7.55904E+15,5.02124E+16
55969,55970,7,3,35,44,2016,7,12,4,3,8,1,0,0,0,1,0,0,0,0,3.89717E+20,5.48098E+21,7.47778E+15,4.94714E+16
55970,55971,7,1,34,45,2016,7,7,2,3,5,2,0,0,1,1,0,0,0,0,3.76229E+20,5.51065E+21,7.28233E+15,4.97356E+16
55971,55972,7,3,14,0,2016,7,16,3,3,5,3,0,0,1,1,0,0,0,0,4.55071E+20,5.48273E+21,8.37956E+15,4.94956E+16
55972,55973,7,1,33,99,2016,7,20,2,3,8,1,0,0,0,0,0,1,0,0,4.07339E+20,5.52877E+21,7.70961E+15,4.99041E+16
55973,55974,7,3,11,0,2016,7,11,4,3,5,3,0,0,1,1,0,0,0,0,4.53216E+20,5.48887E+21,8.35321E+15,4.95506E+16
55974,55975,7,1,41,501,2016,7,15,1,3,0,7,0,0,0,0,0,1,0,0,4.08212E+20,5.56781E+21,7.71239E+15,5.02553E+16
55975,55976,7,2,35,118,2016,8,15,5,3,8,1,0,1,0,1,0,0,0,0,3.21852E+20,5.4996E+21,6.53336E+15,4.96227E+16
55976,55977,7,1,32,44,2016,7,22,7,2,9,1,2,0,0,1,0,0,0,0,4.06536E+20,5.6256E+21,7.67442E+15,5.07746E+16
55977,55978,7,1,41,57,2016,7,19,5,2,8,1,0,0,0,1,0,0,0,0,4.23769E+20,5.58232E+21,7.92765E+15,5.03879E+16
55978,55979,7,1,38,12,2016,8,16,3,3,9,1,0,1,0,1,0,0,0,0,4.04115E+20,5.60139E+21,7.64636E+15,5.05566E+16
55979,55980,7,2,35,73,2016,7,14,1,2,0,7,0,0,0,1,0,1,0,0,3.2077E+20,5.50962E+21,6.5138E+15,4.97124E+16
55980,55981,7,1,31,70,2016,7,18,3,3,2,6,0,0,0,1,0,0,0,1,3.75145E+20,5.60368E+21,7.2368E+15,5.05716E+16
55981,55982,7,3,39,43,2016,7,7,3,3,1,3,0,0,1,0,0,0,0,1,4.52694E+20,5.52508E+21,8.34161E+15,4.98763E+16
55982,55983,7,1,38,45,2016,7,15,2,1,8,1,0,0,0,0,0,1,0,0,3.94953E+20,5.59285E+21,7.51947E+15,5.04782E+16
55983,55984,7,3,38,6,2016,8,16,2,3,2,6,0,0,0,1,0,0,0,0,4.49712E+20,5.47601E+21,8.30641E+15,4.94347E+16
55984,55985,7,1,31,3,2016,7,10,1,3,0,1,0,1,0,0,0,1,0,0,3.56972E+20,5.59804E+21,6.98248E+15,5.05169E+16
55985,55986,7,3,33,38,2016,7,6,4,3,5,3,0,0,0,0,0,1,0,1,4.31578E+20,5.49151E+21,8.05364E+15,4.95723E+16
55986,55987,7,1,38,45,2016,7,23,7,2,9,1,2,0,1,0,0,0,0,0,3.95072E+20,5.59017E+21,7.5219E+15,5.04541E+16
55987,55988,7,1,43,54,2016,7,17,4,3,4,6,0,0,0,1,0,1,0,0,4.27051E+20,5.58674E+21,7.97296E+15,5.04282E+16
55988,55989,7,1,32,96,2016,8,19,7,2,5,3,0,0,0,1,0,1,0,0,4.08543E+20,5.62467E+21,7.70311E+15,5.07665E+16
55989,55990,7,3,15,0,2016,7,19,6,3,2,2,0,0,0,1,0,0,0,0,4.46016E+20,5.53891E+21,8.24673E+15,5.00001E+16
55990,55991,7,3,37,20,2016,7,7,4,2,2,6,0,0,1,1,0,0,0,0,4.36828E+20,5.45939E+21,8.13136E+15,4.9284E+16
55991,55992,7,2,31,502,2016,8,13,1,3,2,6,0,0,0,1,0,1,0,0,3.59125E+20,5.51611E+21,7.04312E+15,4.97809E+16
55992,55993,7,1,43,9,2016,7,9,7,2,8,1,0,0,0,1,0,0,0,0,4.0758E+20,5.59694E+21,7.69638E+15,5.05171E+16
55993,55994,7,1,31,208,2016,8,13,2,2,9,1,0,0,0,1,0,0,0,0,3.66976E+20,5.59055E+21,7.12617E+15,5.04518E+16
55994,55995,7,3,37,26,2016,7,14,3,3,5,3,0,0,0,0,0,1,0,1,4.30823E+20,5.45275E+21,8.04994E+15,4.92237E+16
55995,55996,7,3,15,0,2016,8,10,4,3,2,6,0,1,0,1,0,0,0,0,4.47051E+20,5.53884E+21,8.26118E+15,4.99995E+16
55996,55997,7,3,31,68,2016,7,11,5,2,0,1,0,1,0,0,0,1,0,0,4.32408E+20,5.52081E+21,8.06005E+15,4.98359E+16
55997,55998,7,1,41,103,2016,7,13,6,2,8,1,0,0,0,0,0,1,0,0,4.18566E+20,5.57402E+21,7.85626E+15,5.03126E+16
55998,55999,7,1,34,42,2016,7,17,3,3,1,5,0,0,0,1,0,0,0,0,3.68682E+20,5.4971E+21,7.1822E+15,4.96122E+16
55999,56000,7,2,35,94,2016,7,1,1,3,2,6,2,0,0,1,0,0,0,1,3.25228E+20,5.51908E+21,6.57135E+15,4.97987E+16
56000,56001,7,1,38,77,2016,7,12,5,3,3,6,0,0,0,1,0,1,0,0,3.84245E+20,5.61416E+21,7.36197E+15,5.06678E+16
56001,56002,7,1,38,76,2016,7,16,3,2,2,1,0,0,0,1,0,1,0,0,3.87606E+20,5.60037E+21,7.4137E+15,5.05444E+16
56002,56003,7,1,34,45,2016,7,18,2,3,3,2,0,0,1,1,0,0,0,0,3.78533E+20,5.50771E+21,7.31521E+15,4.97096E+16
56003,56004,7,1,38,45,2016,8,17,6,3,8,1,0,0,0,0,0,1,0,0,3.90964E+20,5.58964E+21,7.46421E+15,5.04487E+16
56004,56005,7,1,31,17,2016,7,17,6,3,8,1,0,0,0,0,0,1,0,0,3.60827E+20,5.60023E+21,7.03601E+15,5.05375E+16
56005,56006,7,3,38,25,2016,8,19,3,2,5,2,1,0,1,1,0,0,0,0,4.5575E+20,5.47034E+21,8.39031E+15,4.93842E+16
56006,56007,7,1,31,7,2016,7,18,2,2,6,4,0,0,0,1,1,0,0,0,3.66108E+20,5.60097E+21,7.11023E+15,5.05454E+16
56007,56008,7,1,32,501,2016,7,16,4,3,3,2,0,0,0,1,0,1,0,0,4.03029E+20,5.61614E+21,7.62717E+15,5.0689E+16
56008,56009,7,3,15,0,2016,7,20,1,3,0,1,0,0,1,0,0,0,0,0,4.44632E+20,5.53952E+21,8.22734E+15,5.00054E+16
56009,56010,7,3,18,0,2016,7,0,7,2,8,5,2,0,0,1,0,1,0,0,4.58573E+20,5.46481E+21,8.42978E+15,4.93346E+16
56010,56011,7,3,16,0,2016,7,17,5,3,5,6,0,0,1,1,0,0,0,0,4.38207E+20,5.4675E+21,8.14906E+15,4.93571E+16
56011,56012,7,1,32,82,2016,8,6,5,2,4,6,0,1,0,1,0,0,1,0,3.97451E+20,5.62105E+21,7.54687E+15,5.07322E+16
56012,56013,7,1,31,1,2016,7,16,7,3,2,6,0,0,0,1,0,0,0,0,3.54102E+20,5.58283E+21,6.94796E+15,5.03794E+16
56013,56014,7,3,36,55,2016,7,21,2,3,9,1,2,0,1,0,0,0,0,0,3.84744E+20,5.48857E+21,7.40694E+15,4.95388E+16
56014,56015,7,3,34,17,2016,7,17,1,2,8,1,0,0,0,0,0,1,0,0,4.53381E+20,5.45361E+21,8.35962E+15,4.92335E+16
56015,56016,7,3,36,82,2016,7,15,7,2,9,1,0,0,0,0,0,1,0,0,3.87002E+20,5.48211E+21,7.43998E+15,4.94811E+16
56016,56017,7,3,31,3,2016,8,16,2,3,8,1,0,0,0,1,0,0,0,0,4.31959E+20,5.51059E+21,8.0556E+15,4.97439E+16
56017,56018,7,3,16,0,2016,7,11,7,3,5,3,0,0,0,1,0,1,0,0,4.41665E+20,5.46529E+21,8.197E+15,4.93375E+16
56018,56019,7,1,31,86,2016,7,12,7,2,8,1,0,0,0,0,0,1,0,0,3.48614E+20,5.58288E+21,6.8708E+15,5.03785E+16
56019,56020,7,2,35,14,2016,7,18,7,3,0,1,0,1,0,1,0,0,0,0,3.55062E+20,5.50297E+21,6.99161E+15,4.96618E+16
56020,56021,7,1,37,3,2016,7,10,7,3,5,3,0,0,1,1,0,0,0,0,3.86707E+20,5.58487E+21,7.40571E+15,5.04049E+16
56021,56022,7,1,35,45,2016,7,22,5,3,5,3,2,1,0,1,0,0,0,0,3.67592E+20,5.56561E+21,7.14361E+15,5.02278E+16
56022,56023,7,1,38,38,2016,8,19,3,2,8,1,0,1,0,1,0,0,0,0,3.8586E+20,5.58965E+21,7.39234E+15,5.04477E+16
56023,56024,7,1,40,62,2016,7,8,3,3,5,2,0,0,0,1,0,0,0,0,3.82698E+20,5.53969E+21,7.36326E+15,4.9998E+16
56024,56025,7,1,11,0,2016,7,17,2,3,5,3,0,0,1,1,0,0,0,0,4.00036E+20,5.58022E+21,7.59445E+15,5.03656E+16
56025,56026,7,3,38,25,2016,8,7,2,3,5,3,0,0,0,1,0,0,0,0,4.52831E+20,5.46997E+21,8.35014E+15,4.93806E+16
56026,56027,7,3,17,0,2016,7,13,7,3,5,3,0,0,0,1,0,0,0,0,3.98925E+20,5.4526E+21,7.61203E+15,4.92179E+16
56027,56028,7,1,37,226,2016,7,10,7,3,2,6,0,0,0,1,0,0,0,0,4.01315E+20,5.58393E+21,7.61146E+15,5.03991E+16
56028,56029,7,1,11,0,2016,7,11,4,3,1,1,0,1,0,1,0,0,0,0,3.97581E+20,5.58239E+21,7.55935E+15,5.03846E+16
56029,56030,7,2,32,95,2016,7,17,7,3,8,1,0,0,0,0,0,1,0,0,3.09634E+20,5.5339E+21,6.34759E+15,4.99271E+16
56030,56031,7,1,31,3,2016,8,11,7,3,9,1,0,0,0,0,0,1,0,0,3.55773E+20,5.59806E+21,6.96558E+15,5.05167E+16
56031,56032,7,2,33,48,2016,7,12,6,3,3,2,0,0,0,1,0,0,0,0,3.48863E+20,5.56991E+21,6.87949E+15,5.02619E+16
56032,56033,7,1,33,6,2016,7,6,4,3,0,6,0,0,0,1,0,1,0,0,4.18709E+20,5.52173E+21,7.86939E+15,4.98425E+16
56033,56034,7,1,41,65,2016,8,19,1,2,2,1,0,0,0,0,0,1,0,0,4.35154E+20,5.57262E+21,8.08945E+15,5.03021E+16
56034,56035,7,3,35,22,2016,7,7,6,3,1,6,0,0,0,1,0,0,0,1,3.93857E+20,5.47401E+21,7.53676E+15,4.94095E+16
56035,56036,7,3,35,49,2016,7,13,1,3,5,3,0,0,0,1,0,0,0,0,4.00855E+20,5.48187E+21,7.63123E+15,4.94814E+16
56036,56037,7,3,39,19,2016,7,18,3,2,5,3,0,0,0,1,0,1,0,0,4.29326E+20,5.53314E+21,8.01495E+15,4.99465E+16
56037,56038,7,2,35,132,2016,8,8,4,3,9,1,0,1,0,1,0,0,0,0,3.20018E+20,5.50572E+21,6.50518E+15,4.96771E+16
56038,56039,7,3,15,0,2016,7,9,5,3,2,6,0,1,0,1,0,1,0,0,4.48428E+20,5.5383E+21,8.28047E+15,4.99948E+16
56039,56040,7,1,35,72,2016,7,14,4,2,4,2,0,0,0,1,0,0,0,1,3.77451E+20,5.55902E+21,7.2839E+15,5.01707E+16
56040,56041,7,1,38,45,2016,7,16,3,3,0,7,0,0,1,0,0,0,0,0,3.91069E+20,5.58886E+21,7.46591E+15,5.04416E+16
56041,56042,7,1,41,69,2016,7,13,1,2,2,6,0,0,0,1,0,1,0,0,4.10348E+20,5.55054E+21,7.74641E+15,5.01004E+16
56042,56043,7,1,35,83,2016,7,1,5,3,8,1,2,0,0,1,0,0,0,0,3.58109E+20,5.56456E+21,7.01114E+15,5.02162E+16
56043,56044,7,1,43,62,2016,7,19,3,2,8,1,0,1,0,1,0,0,0,0,4.10067E+20,5.58966E+21,7.73319E+15,5.04521E+16
56044,56045,7,1,43,48,2016,7,14,2,3,5,3,0,0,0,1,0,0,0,0,4.16954E+20,5.58893E+21,7.83034E+15,5.04465E+16
56045,56046,7,1,40,144,2016,8,16,6,3,2,2,0,0,0,1,0,1,0,0,3.94359E+20,5.53867E+21,7.52619E+15,4.9991E+16
56046,56047,7,3,40,206,2016,7,16,5,3,2,2,0,0,0,1,0,0,0,0,3.85429E+20,5.45642E+21,7.42568E+15,4.92498E+16
56047,56048,7,3,39,5,2016,8,11,3,3,3,7,0,1,0,1,0,0,0,0,4.20683E+20,5.53441E+21,7.89424E+15,4.99568E+16
56048,56049,7,3,36,43,2016,7,15,1,3,9,1,0,1,0,0,0,1,0,0,4.00829E+20,5.49723E+21,7.62701E+15,4.96195E+16