FID,OBJECTID,ULAND,UREGBEZ,UKREIS,UGEMEINDE,UJAHR,UMONAT,USTUNDE,UWOCHENTAG,UKATEGORIE,UART,UTYP1,ULICHTVERH,IstStrasse,IstRad,IstPKW,IstFuss,IstKrad,IstGkfz,IstSonstig,LINREFX,LINREFY,XGCSWGS84,YGCSWGS84
56231,56232,7,1,37,3,2016,8,16,7,2,0,1,0,0,1,0,0,0,0,0,3.80062E+20,5.58974E+21,7.31068E+15,5.04474E+16
56232,56233,7,2,32,86,2016,7,7,6,3,8,1,0,0,0,1,0,0,0,0,3.23372E+20,5.5429E+21,6.53469E+15,5.00122E+16
56233,56234,7,3,19,0,2016,7,8,4,3,5,3,0,0,0,1,0,1,0,0,4.52943E+20,5.49788E+21,8.34836E+15,4.96316E+16
56234,56235,7,1,43,48,2016,8,20,1,3,9,1,0,0,0,0,0,1,0,0,4.18549E+20,5.5863E+21,7.85338E+15,5.04231E+16
56235,56236,7,3,35,34,2016,7,6,6,3,8,1,0,0,0,1,0,0,0,0,4.07267E+20,5.48287E+21,7.7195E+15,4.94913E+16
56236,56237,7,3,34,9,2016,7,3,1,3,0,1,2,0,1,0,0,0,0,0,4.46131E+20,5.44059E+21,8.26178E+15,4.91158E+16
56237,56238,7,3,15,0,2016,7,14,3,3,2,6,0,0,0,1,0,0,0,0,4.44163E+20,5.54148E+21,8.22051E+15,5.0023E+16
56238,56239,7,2,11,0,2016,8,10,4,3,0,7,0,1,1,0,0,0,0,0,3.29279E+20,5.51511E+21,6.62933E+15,4.97642E+16
56239,56240,7,3,15,0,2016,7,7,5,3,2,6,0,1,0,1,0,0,0,0,4.43543E+20,5.54226E+21,8.21173E+15,5.003E+16
56240,56241,7,1,37,226,2016,7,13,4,3,1,6,0,0,0,1,0,0,0,0,4.01006E+20,5.58429E+21,7.60701E+15,5.04023E+16
56241,56242,7,1,31,41,2016,7,19,3,3,8,1,0,0,0,0,0,1,0,0,3.68117E+20,5.59661E+21,7.1401E+15,5.05066E+16
56242,56243,7,1,38,45,2016,7,14,1,2,8,1,0,0,0,0,0,1,0,0,3.95646E+20,5.59309E+21,7.52916E+15,5.04805E+16
56243,56244,7,1,41,23,2016,7,13,5,2,5,3,0,0,0,1,0,0,0,0,4.09441E+20,5.56725E+21,7.72976E+15,5.02505E+16
56244,56245,7,3,35,25,2016,7,17,2,2,9,1,0,0,0,1,0,0,0,0,4.06313E+20,5.48552E+21,7.7057E+15,4.9515E+16
56245,56246,7,1,38,53,2016,7,7,2,3,1,6,0,0,0,1,0,0,0,0,3.95685E+20,5.60211E+21,7.52719E+15,5.05616E+16
56246,56247,7,3,36,31,2016,8,16,5,3,2,6,0,1,0,1,0,0,1,0,3.88396E+20,5.47937E+21,7.46E+15,4.94567E+16
56247,56248,7,3,36,47,2016,7,18,5,3,0,7,0,1,0,1,0,0,0,0,3.83808E+20,5.48439E+21,7.39524E+15,4.9501E+16
56248,56249,7,3,31,38,2016,8,9,3,3,5,3,0,1,0,1,0,0,0,0,4.59105E+20,5.50936E+21,8.43248E+15,4.97354E+16
56249,56250,7,3,35,38,2016,7,13,1,3,0,1,0,0,0,0,0,1,0,0,3.95283E+20,5.47718E+21,7.55558E+15,4.94383E+16
56250,56251,7,1,37,214,2016,7,11,4,3,5,3,0,0,1,1,0,0,0,0,3.88929E+20,5.56786E+21,7.44197E+15,5.02524E+16
56251,56252,7,2,32,296,2016,7,14,1,2,5,2,0,0,0,1,0,1,0,0,3.16986E+20,5.56541E+21,6.43485E+15,5.02125E+16
56252,56253,7,3,33,81,2016,7,8,7,3,8,1,0,0,0,1,0,0,0,0,4.28568E+20,5.49582E+21,8.01123E+15,4.96107E+16
56253,56254,7,3,32,14,2016,7,12,5,3,2,2,0,0,0,0,0,1,0,1,4.15644E+20,5.46615E+21,7.8387E+15,4.93422E+16
56254,56255,7,1,33,117,2016,7,19,6,3,2,6,0,0,0,1,0,0,0,0,4.15059E+20,5.52288E+21,7.81839E+15,4.98524E+16
56255,56256,7,3,18,0,2016,7,10,2,3,3,3,0,0,1,1,0,0,0,0,4.58524E+20,5.46538E+21,8.42905E+15,4.93397E+16
56256,56257,7,1,35,75,2016,7,9,4,3,9,1,0,0,0,1,0,0,0,0,3.74832E+20,5.56716E+21,7.24455E+15,5.02434E+16
56257,56258,7,3,15,0,2016,7,13,1,3,2,6,0,0,1,1,0,0,0,0,4.44153E+20,5.54147E+21,8.22038E+15,5.00229E+16
56258,56259,7,1,33,6,2016,7,13,7,3,5,3,0,0,0,1,0,0,0,0,4.18529E+20,5.52164E+21,7.86691E+15,4.98417E+16
56259,56260,7,3,16,0,2016,7,10,5,3,1,6,0,0,0,1,0,0,0,0,4.37316E+20,5.46673E+21,8.13691E+15,4.93501E+16
56260,56261,7,1,33,6,2016,7,9,6,3,5,3,0,0,0,1,0,0,0,0,4.18022E+20,5.52239E+21,7.85969E+15,4.98483E+16
56261,56262,7,3,32,19,2016,7,0,2,3,0,1,2,0,1,0,0,0,0,0,4.42213E+20,5.4833E+21,8.20193E+15,4.94996E+16
56262,56263,7,3,18,0,2016,7,11,1,3,0,7,0,0,1,0,0,0,0,0,4.58543E+20,5.46342E+21,8.42951E+15,4.93221E+16
56263,56264,7,3,37,52,2016,7,10,7,3,0,1,0,0,1,0,0,0,0,0,4.34735E+20,5.46244E+21,8.10209E+15,4.93112E+16
56264,56265,7,3,31,55,2016,8,10,2,3,5,2,0,0,0,1,0,0,0,0,4.5136E+20,5.50572E+21,8.32546E+15,4.9702E+16
56265,56266,7,3,14,0,2016,7,13,7,3,1,5,0,0,1,1,0,0,0,0,4.57549E+20,5.47885E+21,8.41419E+15,4.94609E+16
56266,56267,7,3,31,73,2016,7,18,6,3,2,6,0,0,0,1,0,0,0,0,4.36296E+20,5.5192E+21,8.11437E+15,4.98218E+16
56267,56268,7,2,11,0,2016,7,18,7,3,2,2,0,1,0,1,0,0,0,0,3.27991E+20,5.51603E+21,6.61105E+15,4.97721E+16
56268,56269,7,3,34,11,2016,8,8,6,3,1,7,0,0,0,1,0,1,0,0,4.50977E+20,5.44642E+21,8.32748E+15,4.91686E+16
56269,56270,7,1,32,37,2016,7,18,6,1,8,1,0,0,0,0,0,1,0,0,4.14466E+20,5.64084E+21,7.7833E+15,5.09129E+16
56270,56271,7,1,34,45,2016,7,7,4,3,4,3,0,0,0,1,0,0,0,1,3.76666E+20,5.50585E+21,7.28991E+15,4.96925E+16
56271,56272,7,1,40,44,2016,8,9,1,3,8,7,0,0,0,1,0,0,0,0,3.76545E+20,5.53595E+21,7.27866E+15,4.99631E+16
56272,56273,7,3,14,0,2016,7,11,6,2,2,1,0,0,0,1,0,1,0,0,4.51617E+20,5.48184E+21,8.33197E+15,4.94873E+16
56273,56274,7,3,38,23,2016,7,17,1,2,8,1,0,0,0,0,0,1,0,0,4.55232E+20,5.45923E+21,8.38442E+15,4.92842E+16
56274,56275,7,1,43,236,2016,7,11,3,3,1,5,0,0,0,1,0,0,0,1,4.13191E+20,5.61992E+21,7.77012E+15,5.07246E+16
56275,56276,7,1,38,8,2016,8,8,4,2,9,1,0,1,0,1,0,0,0,0,3.7927E+20,5.60849E+21,7.29346E+15,5.06157E+16
56276,56277,7,1,34,55,2016,7,12,5,3,9,1,0,1,0,1,0,0,1,0,3.87939E+20,5.50956E+21,7.44509E+15,4.97281E+16
56277,56278,7,3,12,0,2016,7,8,3,3,1,3,0,0,1,1,0,0,0,0,4.09523E+20,5.47597E+21,7.75223E+15,4.94297E+16
56278,56279,7,3,16,0,2016,7,21,2,3,8,1,0,0,0,0,0,1,0,0,4.3721E+20,5.46419E+21,8.13586E+15,4.93272E+16
56279,56280,7,1,35,17,2016,7,13,1,2,4,6,0,0,0,1,0,1,0,0,3.75448E+20,5.55353E+21,7.25765E+15,5.0121E+16
56280,56281,7,3,40,50,2016,7,17,4,2,8,1,0,0,0,0,0,1,0,0,4.01668E+20,5.46354E+21,7.647E+15,4.93167E+16
56281,56282,7,3,37,7,2016,7,22,2,2,9,1,2,0,0,1,0,0,0,0,4.32298E+20,5.4426E+21,8.07192E+15,4.91325E+16
56282,56283,7,3,35,33,2016,7,3,1,3,2,2,2,0,0,1,0,0,0,0,4.03157E+20,5.48775E+21,7.66157E+15,4.95346E+16
56283,56284,7,1,33,6,2016,8,15,5,3,5,2,0,1,0,1,0,0,0,1,4.18258E+20,5.52183E+21,7.8631E+15,4.98433E+16
56284,56285,7,3,37,76,2016,7,16,5,3,1,6,0,0,0,1,0,0,0,0,4.31826E+20,5.43414E+21,8.06688E+15,4.90564E+16
56285,56286,7,3,31,58,2016,7,13,5,3,5,3,0,0,0,1,0,1,0,0,4.39901E+20,5.52513E+21,8.16356E+15,4.98755E+16
56286,56287,7,1,35,92,2016,8,8,3,2,9,1,0,1,0,1,0,0,0,0,3.73303E+20,5.54339E+21,7.23103E+15,5.00293E+16
56287,56288,7,3,38,7,2016,7,16,1,2,8,1,0,0,0,1,0,1,0,0,4.55516E+20,5.46303E+21,8.3879E+15,4.93183E+16
56288,56289,7,3,35,22,2016,7,14,3,3,8,1,0,0,0,1,0,0,0,1,3.9325E+20,5.47211E+21,7.52891E+15,4.93923E+16
56289,56290,7,1,34,39,2016,7,15,1,2,8,1,0,0,0,0,0,1,0,0,3.78809E+20,5.51704E+21,7.31613E+15,4.97935E+16
56290,56291,7,1,43,238,2016,7,20,7,3,8,1,0,0,0,0,0,1,0,0,4.26737E+20,5.60413E+21,7.96512E+15,5.05845E+16
56291,56292,7,1,31,90,2016,8,7,3,3,4,1,0,1,0,1,0,0,0,1,3.65888E+20,5.60308E+21,7.10636E+15,5.05642E+16
56292,56293,7,3,40,28,2016,7,22,4,3,4,6,2,0,0,1,0,0,0,0,4.05804E+20,5.44643E+21,7.70791E+15,4.91634E+16
56293,56294,7,3,19,0,2016,7,22,6,2,2,6,2,0,0,1,0,1,0,0,4.4985E+20,5.49789E+21,8.30552E+15,4.96315E+16
56294,56295,7,3,39,51,2016,7,5,4,2,8,1,0,0,0,1,0,0,0,0,4.35226E+20,5.53136E+21,8.09746E+15,4.99311E+16
56295,56296,7,3,12,0,2016,7,12,6,3,1,6,0,0,0,1,0,0,0,0,4.12762E+20,5.47882E+21,7.79625E+15,4.94557E+16
56296,56297,7,3,15,0,2016,7,9,2,3,5,3,0,0,1,1,0,0,0,0,4.44781E+20,5.54178E+21,8.2291E+15,5.00258E+16
56297,56298,7,1,38,19,2016,7,15,1,3,2,7,0,0,0,1,0,1,0,0,3.75341E+20,5.60504E+21,7.23911E+15,5.0584E+16
56298,56299,7,2,32,333,2016,7,19,7,3,8,1,0,0,0,1,0,0,0,0,3.03294E+20,5.5575E+21,6.24725E+15,5.01371E+16
56299,56300,7,1,34,3,2016,8,19,2,3,5,3,0,0,0,1,0,0,0,0,3.64583E+20,5.51131E+21,7.12057E+15,4.9739E+16
56300,56301,7,1,37,211,2016,8,7,5,2,5,3,0,1,1,1,0,0,0,0,3.91225E+20,5.58487E+21,7.46925E+15,5.04058E+16
56301,56302,7,3,14,0,2016,7,17,6,3,4,6,0,0,1,0,1,0,0,0,4.54496E+20,5.4779E+21,8.37216E+15,4.9452E+16
56302,56303,7,3,14,0,2016,7,12,3,2,2,6,0,0,0,1,0,1,0,0,4.56867E+20,5.48241E+21,8.40439E+15,4.94928E+16
56303,56304,7,3,19,0,2016,7,16,6,3,0,1,0,0,0,0,0,1,0,0,4.48425E+20,5.49567E+21,8.28608E+15,4.96114E+16
56304,56305,7,3,39,21,2016,7,17,5,3,2,6,0,0,0,1,0,0,0,0,4.24405E+20,5.5285E+21,7.94727E+15,4.99041E+16
56305,56306,7,3,39,68,2016,8,23,6,3,2,6,2,0,0,1,0,0,0,1,4.25106E+20,5.52504E+21,7.9577E+15,4.98731E+16
56306,56307,7,3,40,224,2016,7,22,5,3,5,3,2,0,0,1,0,0,0,0,3.91095E+20,5.46382E+21,7.50148E+15,4.93174E+16
56307,56308,7,3,35,205,2016,8,15,7,3,4,2,0,0,0,1,0,0,0,0,4.16866E+20,5.48472E+21,7.85163E+15,4.95094E+16
56308,56309,7,2,35,68,2016,7,16,6,3,1,6,0,0,0,1,0,0,0,0,3.25122E+20,5.50856E+21,6.57459E+15,4.97042E+16
56309,56310,7,2,31,53,2016,7,11,1,3,8,1,0,0,1,0,0,0,0,0,3.42858E+20,5.52699E+21,6.81292E+15,4.98746E+16
56310,56311,7,1,11,0,2016,8,6,4,3,3,6,0,1,0,1,0,0,0,0,3.99493E+20,5.58099E+21,7.58661E+15,5.03724E+16
56311,56312,7,3,33,502,2016,7,6,4,3,5,3,0,0,0,1,0,0,0,1,4.15677E+20,5.49884E+21,7.83219E+15,4.96362E+16
56312,56313,7,2,31,75,2016,7,12,2,3,9,7,0,0,0,0,0,0,1,0,3.57522E+20,5.53127E+21,7.01531E+15,4.99168E+16
56313,56314,7,3,11,0,2016,7,12,3,3,4,6,0,0,1,0,0,0,0,0,4.53249E+20,5.48799E+21,8.35376E+15,4.95428E+16
56314,56315,7,3,31,30,2016,7,18,2,3,1,6,0,0,0,1,0,0,0,0,4.224E+20,5.52746E+21,7.91957E+15,4.98945E+16
56315,56316,7,2,32,308,2016,7,7,1,3,8,1,0,0,0,1,0,0,0,0,3.12152E+20,5.56727E+21,6.36625E+15,5.02277E+16
56316,56317,7,3,31,2,2016,7,9,7,2,5,3,0,0,0,1,0,0,0,0,4.53368E+20,5.51333E+21,8.3524E+15,4.97707E+16
56317,56318,7,3,31,71,2016,8,14,2,3,8,1,0,0,0,1,0,0,0,0,4.44157E+20,5.5051E+21,8.22567E+15,4.96958E+16
56318,56319,7,3,35,34,2016,7,22,6,3,2,6,2,0,0,1,0,1,0,0,4.07391E+20,5.48274E+21,7.72124E+15,4.94902E+16
56319,56320,7,3,19,0,2016,7,14,6,3,2,2,0,0,0,1,0,0,0,0,4.535E+20,5.49699E+21,8.35617E+15,4.96237E+16
56320,56321,7,1,33,96,2016,7,21,5,3,8,1,2,1,0,0,0,1,0,0,3.93925E+20,5.5204E+21,7.52517E+15,4.98266E+16
56321,56322,7,1,38,47,2016,7,14,7,3,8,1,0,1,0,1,0,0,0,0,3.89057E+20,5.59821E+21,7.4348E+15,5.05253E+16
56322,56323,7,3,14,0,2016,8,9,6,2,3,6,0,0,0,1,0,0,1,0,4.56086E+20,5.48229E+21,8.39362E+15,4.94917E+16
56323,56324,7,1,31,14,2016,7,14,6,2,8,7,0,0,0,1,0,0,0,0,3.81384E+20,5.59353E+21,7.32809E+15,5.04817E+16
56324,56325,7,1,11,0,2016,7,11,6,3,2,6,0,0,0,1,0,1,0,0,4.01185E+20,5.57868E+21,7.611E+15,5.03519E+16
56325,56326,7,1,37,69,2016,8,13,1,3,2,7,0,0,0,1,0,0,0,0,3.77645E+20,5.58286E+21,7.2789E+15,5.0385E+16
56326,56327,7,3,19,0,2016,7,17,6,3,2,6,0,0,0,1,0,0,0,0,4.53122E+20,5.50084E+21,8.35048E+15,4.96583E+16
56327,56328,7,3,39,41,2016,7,18,1,3,2,6,0,0,0,1,0,1,0,0,4.311E+20,5.52934E+21,8.04034E+15,4.99124E+16
56328,56329,7,1,37,216,2016,8,19,4,3,1,6,0,1,0,1,0,0,0,0,3.93188E+20,5.58274E+21,7.49748E+15,5.0387E+16
56329,56330,7,1,32,117,2016,7,17,5,2,6,4,0,0,0,1,1,0,0,0,4.1075E+20,5.62654E+21,7.73394E+15,5.07838E+16
56330,56331,7,3,32,24,2016,7,9,3,3,5,3,0,0,0,1,0,0,0,1,4.41318E+20,5.4906E+21,8.18847E+15,4.95652E+16
56331,56332,7,3,18,0,2016,7,8,2,2,5,2,0,0,0,1,0,1,0,0,4.58762E+20,5.4662E+21,8.43224E+15,4.93472E+16
56332,56333,7,1,31,202,2016,7,10,1,3,9,1,0,0,0,0,0,1,0,0,3.76635E+20,5.58962E+21,7.26247E+15,5.04456E+16
56333,56334,7,3,34,18,2016,7,18,4,3,0,7,0,0,1,1,0,0,0,0,4.47292E+20,5.45489E+21,8.27583E+15,4.92446E+16
56334,56335,7,1,41,29,2016,7,15,1,3,3,6,0,0,1,1,0,0,0,0,4.29185E+20,5.58033E+21,8.00421E+15,5.03708E+16
56335,56336,7,1,35,4,2016,8,8,5,3,8,7,0,1,0,1,0,0,0,0,3.77905E+20,5.55238E+21,7.29237E+15,5.01111E+16
56336,56337,7,3,15,0,2016,7,18,6,3,1,6,0,0,0,1,0,0,0,0,4.45836E+20,5.5412E+21,8.24391E+15,5.00206E+16
56337,56338,7,2,31,13,2016,7,16,5,3,9,1,0,0,0,0,0,1,0,0,3.41158E+20,5.53647E+21,6.78538E+15,4.99595E+16
56338,56339,7,2,11,0,2016,8,7,3,3,5,3,0,1,0,1,0,0,0,0,3.34833E+20,5.52076E+21,6.70398E+15,4.98165E+16
56339,56340,7,2,31,124,2016,7,15,1,3,2,1,0,0,0,1,0,1,0,0,3.65366E+20,5.53374E+21,7.12364E+15,4.99408E+16
56340,56341,7,2,11,0,2016,7,6,3,3,2,6,0,0,0,1,0,1,0,0,3.31798E+20,5.51597E+21,6.6639E+15,4.97726E+16
56341,56342,7,3,34,13,2016,7,12,3,3,0,7,0,0,1,0,0,0,0,0,4.41029E+20,5.43697E+21,8.19241E+15,4.90828E+16
56342,56343,7,1,31,47,2016,7,16,7,3,8,6,0,0,0,1,0,1,0,0,3.52467E+20,5.59574E+21,6.91989E+15,5.04951E+16
56343,56344,7,2,35,137,2016,7,17,2,3,8,7,0,0,0,1,0,0,0,0,3.26028E+20,5.51676E+21,6.58348E+15,4.97781E+16
56344,56345,7,3,40,18,2016,8,17,2,2,8,1,0,0,0,0,0,1,0,0,3.94505E+20,5.46558E+21,7.54792E+15,4.93338E+16
56345,56346,7,3,18,0,2016,7,9,4,3,2,6,0,0,0,1,0,0,0,0,4.56976E+20,5.46702E+21,8.40757E+15,4.93544E+16
56346,56347,7,3,15,0,2016,7,11,6,2,0,7,0,0,1,0,0,0,0,0,4.46141E+20,5.53859E+21,8.24852E+15,4.99972E+16
56347,56348,7,2,31,8,2016,7,17,4,3,4,6,0,0,0,1,0,1,0,0,3.62325E+20,5.53014E+21,7.08257E+15,4.99078E+16
56348,56349,7,2,31,134,2016,8,18,7,3,1,6,0,0,0,1,0,0,0,0,3.46498E+20,5.53721E+21,6.85948E+15,4.99675E+16
56349,56350,7,3,38,12,2016,7,10,6,3,0,1,0,1,0,0,0,1,0,1,4.50432E+20,5.48811E+21,8.31481E+15,4.95436E+16
56350,56351,7,3,15,0,2016,8,21,1,3,5,7,0,0,0,1,0,0,0,0,4.48093E+20,5.53902E+21,8.27569E+15,5.00013E+16
56351,56352,7,1,37,105,2016,7,17,7,2,8,1,0,0,0,0,0,1,0,0,3.63932E+20,5.57803E+21,7.08786E+15,5.03386E+16
56352,56353,7,1,43,297,2016,8,15,2,3,5,3,0,0,0,1,0,0,0,0,4.28481E+20,5.61099E+21,7.98843E+15,5.06464E+16
56353,56354,7,3,32,25,2016,8,17,4,3,9,6,0,0,1,0,0,0,0,0,4.43742E+20,5.46812E+21,8.22518E+15,4.93632E+16
56354,56355,7,3,34,25,2016,7,19,5,3,5,3,0,0,1,1,0,0,0,0,4.48536E+20,5.44518E+21,8.29416E+15,4.91573E+16
56355,56356,7,3,15,0,2016,7,16,6,2,6,4,0,0,0,1,1,0,0,0,4.49453E+20,5.53668E+21,8.29498E+15,4.99803E+16
56356,56357,7,3,39,51,2016,7,17,3,3,2,6,0,0,0,1,0,0,0,0,4.35369E+20,5.53092E+21,8.09953E+15,4.99272E+16
56357,56358,7,2,35,83,2016,7,16,6,3,2,6,0,0,0,1,0,0,0,0,3.43105E+20,5.51695E+21,6.82042E+15,4.97845E+16
56358,56359,7,1,34,42,2016,7,13,5,3,5,3,0,0,0,1,0,0,0,0,3.67359E+20,5.49613E+21,7.16422E+15,4.96032E+16
56359,56360,7,1,34,45,2016,8,21,6,3,7,7,2,0,0,1,0,0,0,0,3.85149E+20,5.51039E+21,7.40614E+15,4.9735E+16
56360,56361,7,3,16,0,2016,7,12,5,2,5,3,0,0,0,1,0,0,0,0,4.41971E+20,5.46132E+21,8.20179E+15,4.93019E+16
56361,56362,7,3,18,0,2016,8,15,7,1,4,1,0,0,0,1,0,1,0,0,4.60995E+20,5.46652E+21,8.46295E+15,4.93501E+16
56362,56363,7,1,43,47,2016,7,8,6,3,8,1,0,1,0,1,0,0,0,0,4.12536E+20,5.59458E+21,7.76681E+15,5.04967E+16
56363,56364,7,1,43,299,2016,7,15,1,3,8,1,0,1,0,0,0,1,0,0,4.16052E+20,5.61538E+21,7.81167E+15,5.06842E+16
56364,56365,7,3,12,0,2016,8,18,3,3,5,3,0,0,0,1,0,0,0,0,4.10606E+20,5.47679E+21,7.76697E+15,4.94372E+16
56365,56366,7,3,34,9,2016,7,17,4,2,8,1,0,0,0,1,0,0,0,0,4.43493E+20,5.44062E+21,8.22564E+15,4.91158E+16
56366,56367,7,2,11,0,2016,7,14,2,3,2,6,0,0,0,1,0,0,0,0,3.28637E+20,5.51246E+21,6.62158E+15,4.97402E+16
56367,56368,7,1,43,303,2016,7,0,4,3,9,1,0,0,0,1,0,0,0,0,4.33685E+20,5.60393E+21,8.06329E+15,5.05835E+16
56368,56369,7,1,33,81,2016,7,13,7,3,8,1,0,0,0,0,0,1,0,0,4.02975E+20,5.51035E+21,7.65346E+15,4.97378E+16
56369,56370,7,1,38,77,2016,8,22,5,3,7,7,2,0,0,0,0,1,0,0,3.84913E+20,5.60971E+21,7.3728E+15,5.06279E+16
56370,56371,7,1,34,33,2016,7,9,6,3,8,1,2,0,0,1,0,0,0,0,3.71154E+20,5.49395E+21,7.21743E+15,4.95844E+16
56371,56372,7,1,32,63,2016,7,6,5,3,8,1,0,0,0,1,0,0,0,0,4.21273E+20,5.62976E+21,7.88249E+15,5.08142E+16
56372,56373,7,1,32,94,2016,8,7,3,2,8,1,0,1,0,1,0,0,0,0,3.94844E+20,5.61847E+21,7.51067E+15,5.07085E+16
56373,56374,7,1,31,73,2016,7,15,3,3,4,1,1,1,0,1,0,0,0,0,3.65896E+20,5.59427E+21,7.10964E+15,5.04851E+16
56374,56375,7,1,37,226,2016,7,17,2,3,2,6,0,0,0,1,0,0,0,0,4.01315E+20,5.58393E+21,7.61146E+15,5.03991E+16
56375,56376,7,3,38,6,2016,8,9,2,3,2,6,0,0,0,1,0,0,0,0,4.49964E+20,5.47572E+21,8.30993E+15,4.94321E+16
56376,56377,7,3,37,20,2016,7,7,4,3,2,6,0,0,0,1,0,0,0,0,4.38327E+20,5.45972E+21,8.15193E+15,4.92871E+16
56377,56378,7,1,37,34,2016,7,14,1,3,0,7,0,1,0,0,0,1,0,0,3.67953E+20,5.58286E+21,7.14263E+15,5.0383E+16
56378,56379,7,2,35,154,2016,8,17,5,3,5,3,0,0,0,1,0,0,0,1,3.17036E+20,5.49598E+21,6.46842E+15,4.95887E+16
56379,56380,7,2,35,26,2016,7,15,6,3,2,2,0,0,0,1,0,0,0,1,3.38617E+20,5.52465E+21,6.75492E+15,4.98525E+16
56380,56381,7,1,41,121,2016,7,21,5,3,0,1,1,1,0,0,0,1,0,0,4.10241E+20,5.55558E+21,7.74374E+15,5.01457E+16
56381,56382,7,1,43,57,2016,8,11,3,2,5,3,0,1,0,1,0,0,0,0,4.15549E+20,5.58299E+21,7.8119E+15,5.03928E+16
56382,56383,7,2,35,137,2016,7,18,1,3,2,7,0,0,0,1,0,0,0,0,3.25617E+20,5.51713E+21,6.57762E+15,4.97813E+16
56383,56384,7,1,41,6,2016,7,17,3,2,5,3,0,0,0,1,0,0,0,0,4.08182E+20,5.57646E+21,7.70987E+15,5.03331E+16
56384,56385,7,1,33,105,2016,7,9,3,3,2,6,0,0,0,1,0,0,0,0,4.1474E+20,5.52041E+21,7.81449E+15,4.98301E+16
56385,56386,7,1,38,41,2016,7,16,2,3,2,6,0,0,0,1,0,0,0,0,3.78053E+20,5.60297E+21,7.27807E+15,5.05659E+16
56386,56387,7,3,12,0,2016,8,12,2,3,1,6,0,0,0,1,0,0,0,0,4.10195E+20,5.47793E+21,7.76105E+15,4.94474E+16
56387,56388,7,1,31,502,2016,7,12,1,2,1,1,0,0,0,0,0,1,0,0,3.66584E+20,5.58622E+21,7.12221E+15,5.04129E+16
56388,56389,7,1,33,48,2016,7,16,4,2,9,1,0,0,0,0,0,1,0,1,4.10922E+20,5.51883E+21,7.76178E+15,4.98153E+16
56389,56390,7,2,11,0,2016,7,9,6,3,1,3,0,0,0,1,0,0,0,1,3.34787E+20,5.52068E+21,6.70337E+15,4.98158E+16
56390,56391,7,1,43,242,2016,7,17,4,3,2,2,0,0,0,1,0,0,0,0,4.28459E+20,5.60801E+21,7.9887E+15,5.06195E+16
56391,56392,7,1,32,14,2016,8,12,7,3,4,6,0,0,0,1,0,0,0,0,4.09946E+20,5.62356E+21,7.72327E+15,5.07568E+16
56392,56393,7,3,39,32,2016,7,11,6,3,5,3,0,0,0,0,0,1,0,1,4.43451E+20,5.53233E+21,8.21191E+15,4.99406E+16
56393,56394,7,2,31,9,2016,8,14,1,2,8,1,0,0,0,0,0,1,0,0,3.40775E+20,5.5509E+21,6.77405E+15,5.0089E+16
56394,56395,7,1,11,0,2016,7,8,7,3,2,6,0,0,0,1,0,0,0,0,3.99783E+20,5.57917E+21,7.59118E+15,5.0356E+16
56395,56396,7,1,31,60,2016,8,14,2,2,9,1,0,0,0,1,0,0,0,0,3.72711E+20,5.59083E+21,7.20683E+15,5.04557E+16
56396,56397,7,3,37,23,2016,7,15,3,3,2,6,0,0,0,1,0,0,0,1,4.40283E+20,5.45346E+21,8.17974E+15,4.9231E+16
56397,56398,7,3,39,5,2016,8,12,4,3,8,1,0,1,0,1,0,0,0,0,4.24116E+20,5.53417E+21,7.94214E+15,4.99551E+16
56398,56399,7,1,33,48,2016,7,7,5,3,8,7,0,1,0,1,0,0,0,0,4.13063E+20,5.51928E+21,7.79144E+15,4.98196E+16
56399,56400,7,1,43,206,2016,7,13,6,3,1,1,0,0,0,1,0,0,0,0,4.25731E+20,5.61074E+21,7.94959E+15,5.06438E+16
56400,56401,7,2,31,49,2016,7,17,3,3,1,6,0,0,0,1,0,0,0,0,3.50758E+20,5.54758E+21,6.91482E+15,5.00617E+16
56401,56402,7,1,43,224,2016,7,19,6,3,5,2,0,0,0,1,0,0,0,0,4.29815E+20,5.60036E+21,8.00931E+15,5.05509E+16
56402,56403,7,1,38,44,2016,7,14,5,3,5,3,0,0,0,1,0,0,0,0,3.94239E+20,5.60348E+21,7.5064E+15,5.05737E+16
56403,56404,7,1,43,28,2016,7,19,3,2,5,3,1,1,0,1,0,0,0,0,4.16472E+20,5.59747E+21,7.82164E+15,5.05233E+16
56404,56405,7,3,15,0,2016,7,12,2,3,2,2,0,0,0,1,0,1,0,0,4.48359E+20,5.53717E+21,8.27965E+15,4.99846E+16
56405,56406,7,1,32,52,2016,8,18,6,3,9,1,0,0,0,1,0,0,0,0,4.05052E+20,5.62102E+21,7.65455E+15,5.07332E+16
56406,56407,7,3,14,0,2016,7,16,5,3,5,2,0,0,0,1,0,0,0,0,4.56857E+20,5.48241E+21,8.40425E+15,4.94928E+16
56407,56408,7,1,32,115,2016,7,13,6,2,6,4,0,0,0,1,1,0,0,0,3.97816E+20,5.61901E+21,7.55261E+15,5.07139E+16
56408,56409,7,3,34,15,2016,8,7,3,3,5,2,0,1,1,1,0,0,0,0,4.49743E+20,5.44412E+21,8.31084E+15,4.91478E+16
56409,56410,7,1,32,501,2016,7,19,2,2,2,6,0,0,0,1,0,0,0,0,4.04913E+20,5.6169E+21,7.65365E+15,5.06962E+16
56410,56411,7,1,32,54,2016,7,7,4,2,9,1,0,0,0,1,0,0,0,0,4.14807E+20,5.62674E+21,7.79142E+15,5.07861E+16
56411,56412,7,3,39,19,2016,7,20,1,2,8,1,0,0,0,1,0,0,0,0,4.27727E+20,5.53389E+21,7.99252E+15,4.9953E+16