FID,OBJECTID,ULAND,UREGBEZ,UKREIS,UGEMEINDE,UJAHR,UMONAT,USTUNDE,UWOCHENTAG,UKATEGORIE,UART,UTYP1,ULICHTVERH,IstStrasse,IstRad,IstPKW,IstFuss,IstKrad,IstGkfz,IstSonstig,LINREFX,LINREFY,XGCSWGS84,YGCSWGS84
56412,56413,7,3,37,59,2016,7,17,7,3,8,6,0,0,0,1,0,1,0,0,4.24641E+20,5.43529E+21,7.96833E+15,4.90658E+16
56413,56414,7,1,32,96,2016,8,7,5,2,4,6,0,1,0,1,0,0,0,0,4.0946E+20,5.62501E+21,7.71602E+15,5.07698E+16
56414,56415,7,1,41,97,2016,7,10,6,3,4,6,0,0,0,1,0,1,0,0,4.15092E+20,5.55806E+21,7.81106E+15,5.01687E+16
56415,56416,7,3,36,11,2016,7,9,2,3,1,1,0,0,0,1,0,0,0,0,3.81201E+20,5.47681E+21,7.36152E+15,4.94323E+16
56416,56417,7,3,19,0,2016,7,3,1,3,2,6,2,0,0,1,0,0,0,0,4.48855E+20,5.49613E+21,8.29197E+15,4.96155E+16
56417,56418,7,1,37,89,2016,7,6,1,3,8,1,1,0,0,1,0,0,0,0,3.78461E+20,5.5746E+21,7.29304E+15,5.03109E+16
56418,56419,7,3,31,44,2016,8,18,2,3,5,3,0,0,1,0,0,0,0,1,4.31242E+20,5.50784E+21,8.04613E+15,4.97191E+16
56419,56420,7,3,16,0,2016,7,18,7,3,0,1,0,0,1,0,0,0,0,0,4.3769E+20,5.46678E+21,8.14205E+15,4.93506E+16
56420,56421,7,1,41,29,2016,7,12,6,2,5,3,0,0,0,1,0,0,0,0,4.31692E+20,5.58075E+21,8.03937E+15,5.03749E+16
56421,56422,7,1,34,87,2016,7,15,7,2,8,6,0,0,0,1,0,0,0,0,3.76701E+20,5.52249E+21,7.28513E+15,4.98422E+16
56422,56423,7,3,40,23,2016,8,22,6,3,9,1,2,0,0,1,0,0,0,0,3.94479E+20,5.45357E+21,7.55074E+15,4.92258E+16
56423,56424,7,1,43,205,2016,7,11,6,3,8,1,0,0,0,1,0,0,0,0,4.18455E+20,5.61622E+21,7.8455E+15,5.06921E+16
56424,56425,7,1,35,19,2016,7,18,4,3,5,3,0,0,0,1,0,1,0,0,3.66845E+20,5.54562E+21,7.14012E+15,5.00479E+16
56425,56426,7,1,31,28,2016,8,15,1,3,8,1,0,0,0,0,0,1,0,0,3.54898E+20,5.58135E+21,6.95971E+15,5.03663E+16
56426,56427,7,3,37,23,2016,7,18,6,2,9,1,0,0,0,0,0,1,0,0,4.39863E+20,5.45589E+21,8.17362E+15,4.92528E+16
56427,56428,7,3,37,49,2016,7,9,1,3,0,1,0,0,0,0,0,1,0,0,4.29763E+20,5.44348E+21,8.03701E+15,4.91401E+16
56428,56429,7,2,31,502,2016,7,7,3,2,4,1,0,0,0,1,0,0,1,0,3.64699E+20,5.52327E+21,7.11802E+15,4.98465E+16
56429,56430,7,1,43,241,2016,8,13,4,3,8,1,0,1,0,1,0,0,0,0,4.11868E+20,5.60849E+21,7.7541E+15,5.06216E+16
56430,56431,7,2,32,54,2016,7,18,5,2,4,6,0,0,0,1,0,1,0,0,3.0728E+20,5.53239E+21,6.31558E+15,4.99128E+16
56431,56432,7,3,40,222,2016,7,12,3,3,4,1,0,0,0,1,0,0,0,0,3.92256E+20,5.45541E+21,7.51972E+15,4.9242E+16
56432,56433,7,1,11,0,2016,7,8,3,3,0,7,0,0,0,1,0,0,0,0,3.96296E+20,5.5835E+21,7.54097E+15,5.03944E+16
56433,56434,7,1,31,83,2016,7,20,1,2,3,1,0,0,0,0,0,1,0,0,3.52533E+20,5.57782E+21,6.92786E+15,5.0334E+16
56434,56435,7,1,31,90,2016,7,13,5,3,2,6,0,0,0,1,0,0,1,0,3.6869E+20,5.60296E+21,7.14594E+15,5.05638E+16
56435,56436,7,3,40,54,2016,7,14,7,3,0,1,0,1,1,0,0,0,0,0,4.01692E+20,5.45764E+21,7.64878E+15,4.92637E+16
56436,56437,7,1,43,70,2016,7,11,6,3,5,3,0,0,0,1,0,0,0,0,4.13035E+20,5.59289E+21,7.77424E+15,5.04815E+16
56437,56438,7,1,40,108,2016,7,18,4,2,9,1,0,0,0,1,0,0,0,0,3.96374E+20,5.55389E+21,7.55018E+15,5.01282E+16
56438,56439,7,1,35,20,2016,7,19,7,2,8,1,0,0,0,1,0,0,0,0,3.66471E+20,5.55545E+21,7.13148E+15,5.01363E+16
56439,56440,7,1,31,83,2016,8,11,7,2,5,3,0,0,0,1,0,0,0,0,3.52046E+20,5.57795E+21,6.92097E+15,5.03351E+16
56440,56441,7,2,31,124,2016,7,9,6,2,4,3,0,0,1,1,0,0,0,0,3.64369E+20,5.53798E+21,7.10827E+15,4.99787E+16
56441,56442,7,1,33,40,2016,7,19,4,3,5,3,1,0,1,0,0,0,0,1,4.15091E+20,5.52269E+21,7.81888E+15,4.98506E+16
56442,56443,7,2,11,0,2016,8,18,1,3,1,6,0,0,0,1,0,0,0,0,3.30909E+20,5.51289E+21,6.6529E+15,4.97447E+16
56443,56444,7,3,17,0,2016,7,11,6,3,1,5,0,0,0,1,0,1,0,0,4.011E+20,5.45171E+21,7.6421E+15,4.92102E+16
56444,56445,7,3,33,9,2016,7,19,1,2,8,1,0,0,0,0,0,1,0,0,4.21657E+20,5.49232E+21,7.91629E+15,4.95784E+16
56445,56446,7,1,33,117,2016,7,6,3,3,3,6,0,0,0,1,0,0,0,0,4.16841E+20,5.52305E+21,7.84313E+15,4.98541E+16
56446,56447,7,2,32,27,2016,8,8,4,3,4,1,0,1,0,1,0,0,0,0,3.31618E+20,5.53739E+21,6.65209E+15,4.99651E+16
56447,56448,7,3,15,0,2016,7,11,5,2,0,2,0,1,0,1,0,0,0,1,4.47992E+20,5.53925E+21,8.27426E+15,5.00033E+16
56448,56449,7,1,32,57,2016,7,11,4,3,4,6,0,0,0,1,0,1,0,0,4.0763E+20,5.61598E+21,7.69234E+15,5.06883E+16
56449,56450,7,1,43,46,2016,7,13,3,3,5,3,0,0,0,1,0,1,0,0,4.14009E+20,5.59979E+21,7.78637E+15,5.05437E+16
56450,56451,7,1,31,2,2016,7,10,1,3,4,6,0,0,0,0,0,1,0,0,3.55119E+20,5.5956E+21,6.95731E+15,5.04945E+16
56451,56452,7,1,38,45,2016,7,20,5,3,3,6,0,0,0,1,0,1,0,0,3.94407E+20,5.58856E+21,7.51298E+15,5.04396E+16
56452,56453,7,1,38,12,2016,7,21,3,3,3,6,1,0,0,1,0,0,0,1,4.01183E+20,5.59847E+21,7.60576E+15,5.05298E+16
56453,56454,7,1,41,91,2016,7,15,2,2,2,2,0,0,0,1,0,0,0,0,4.13472E+20,5.57464E+21,7.78461E+15,5.03175E+16
56454,56455,7,1,40,64,2016,8,17,6,3,5,3,0,1,0,1,0,0,1,0,3.89914E+20,5.54871E+21,7.46133E+15,5.00805E+16
56455,56456,7,1,32,65,2016,7,10,6,3,8,6,0,1,0,1,0,0,0,0,3.93003E+20,5.60406E+21,7.48878E+15,5.05786E+16
56456,56457,7,1,33,43,2016,8,15,3,3,4,1,0,1,0,1,0,0,0,0,3.88709E+20,5.51948E+21,7.45293E+15,4.98175E+16
56457,56458,7,3,40,202,2016,7,16,1,3,9,1,0,0,0,0,0,1,0,0,3.8831E+20,5.46021E+21,7.46419E+15,4.92845E+16
56458,56459,7,1,31,74,2016,7,18,4,2,9,1,0,0,0,0,0,1,0,0,3.48706E+20,5.59154E+21,6.86859E+15,5.04563E+16
56459,56460,7,2,31,124,2016,7,0,1,3,9,1,2,0,1,0,0,0,0,0,3.64137E+20,5.53502E+21,7.10607E+15,4.99521E+16
56460,56461,7,3,39,53,2016,7,15,7,3,0,2,0,0,0,1,0,1,0,0,4.46604E+20,5.52449E+21,8.25694E+15,4.98704E+16
56461,56462,7,3,34,13,2016,7,19,5,2,5,2,0,0,1,1,0,0,0,0,4.40672E+20,5.43832E+21,8.18733E+15,4.90949E+16
56462,56463,7,1,38,73,2016,7,15,6,3,5,2,0,0,1,1,0,0,0,0,3.74179E+20,5.60617E+21,7.22233E+15,5.05938E+16
56463,56464,7,3,34,5,2016,7,7,2,3,4,6,0,0,0,0,0,0,1,0,4.3671E+20,5.43578E+21,8.13346E+15,4.90717E+16
56464,56465,7,3,19,0,2016,7,12,1,2,9,7,0,0,0,1,0,0,0,0,4.53255E+20,5.50487E+21,8.35184E+15,4.96945E+16
56465,56466,7,3,18,0,2016,7,12,7,3,8,1,0,0,0,0,0,1,0,0,4.58388E+20,5.46557E+21,8.42716E+15,4.93414E+16
56466,56467,7,3,15,0,2016,8,18,2,3,5,3,0,0,1,1,0,0,0,0,4.50819E+20,5.53479E+21,8.31427E+15,4.99634E+16
56467,56468,7,1,31,70,2016,7,14,6,3,4,6,0,0,0,1,0,0,0,0,3.73156E+20,5.61156E+21,7.20603E+15,5.06421E+16
56468,56469,7,1,43,315,2016,7,13,7,3,9,1,0,0,0,1,0,0,0,0,4.33532E+20,5.61356E+21,8.0594E+15,5.06701E+16
56469,56470,7,3,37,61,2016,8,10,6,3,4,2,0,0,0,1,0,0,0,0,4.40989E+20,5.45044E+21,8.18989E+15,4.92039E+16
56470,56471,7,1,38,45,2016,7,21,6,2,1,6,1,0,0,1,0,1,0,0,3.91544E+20,5.59475E+21,7.47088E+15,5.04946E+16
56471,56472,7,1,11,0,2016,8,10,1,2,2,6,0,0,0,1,0,1,0,0,3.97199E+20,5.57904E+21,7.5549E+15,5.03545E+16
56472,56473,7,3,14,0,2016,7,10,6,3,2,5,0,0,0,1,0,0,0,0,4.55399E+20,5.48208E+21,8.38416E+15,4.94898E+16
56473,56474,7,1,33,112,2016,7,16,1,2,2,6,0,0,0,1,0,0,0,1,4.11469E+20,5.52004E+21,7.76911E+15,4.98263E+16
56474,56475,7,1,31,6,2016,8,19,4,3,2,6,0,1,0,1,0,0,0,0,3.78867E+20,5.59754E+21,7.29134E+15,5.05172E+16
56475,56476,7,2,35,125,2016,7,19,5,2,4,6,0,1,0,1,0,0,0,0,3.3724E+20,5.52151E+21,6.7371E+15,4.98239E+16
56476,56477,7,3,38,17,2016,7,16,3,3,9,6,0,0,0,1,0,0,0,0,4.57203E+20,5.4735E+21,8.41E+15,4.94127E+16
56477,56478,7,3,34,28,2016,7,19,2,3,8,1,0,0,0,1,0,0,0,0,4.52161E+20,5.45814E+21,8.34233E+15,4.92742E+16
56478,56479,7,1,31,28,2016,7,10,1,2,2,1,0,0,0,1,0,1,0,0,3.55668E+20,5.57974E+21,6.97115E+15,5.0352E+16
56479,56480,7,3,12,0,2016,7,18,4,3,3,7,0,0,0,1,0,0,0,0,4.09746E+20,5.47797E+21,7.75484E+15,4.94477E+16
56480,56481,7,3,14,0,2016,7,10,2,3,1,2,0,0,0,1,0,0,0,0,4.55341E+20,5.482E+21,8.38337E+15,4.9489E+16
56481,56482,7,3,37,61,2016,7,16,1,2,0,1,0,0,0,0,0,1,0,0,4.40707E+20,5.45166E+21,8.18584E+15,4.92149E+16
56482,56483,7,3,33,47,2016,8,5,5,3,9,1,0,0,0,1,0,0,0,0,4.2833E+20,5.50511E+21,8.00623E+15,4.96942E+16
56483,56484,7,1,31,7,2016,7,15,6,2,5,3,0,0,0,0,0,1,1,0,3.67787E+20,5.59756E+21,7.13511E+15,5.0515E+16
56484,56485,7,3,14,0,2016,7,15,5,3,1,6,0,0,0,1,0,0,0,0,4.58613E+20,5.48278E+21,8.42846E+15,4.94963E+16
56485,56486,7,3,15,0,2016,7,14,5,3,5,3,0,0,0,1,0,0,0,1,4.50751E+20,5.53608E+21,8.31317E+15,4.9975E+16
56486,56487,7,1,34,91,2016,8,16,3,3,4,1,0,1,0,1,0,0,0,0,3.77458E+20,5.51738E+21,7.29727E+15,4.97964E+16
56487,56488,7,3,31,58,2016,7,1,1,3,1,2,2,0,0,1,0,0,0,0,4.37568E+20,5.52361E+21,8.13135E+15,4.98616E+16
56488,56489,7,3,15,0,2016,7,15,3,3,2,6,0,0,0,1,0,0,0,1,4.48039E+20,5.53917E+21,8.27492E+15,5.00026E+16
56489,56490,7,3,35,37,2016,7,16,3,2,8,7,0,0,0,1,0,0,0,0,4.00538E+20,5.46999E+21,7.62984E+15,4.93745E+16
56490,56491,7,2,35,131,2016,7,16,1,2,5,3,0,0,0,1,0,1,0,0,3.26201E+20,5.49043E+21,6.59757E+15,4.95415E+16
56491,56492,7,1,32,116,2016,7,14,7,3,5,3,0,0,0,1,0,0,0,0,3.95441E+20,5.60324E+21,7.52343E+15,5.05717E+16
56492,56493,7,1,34,45,2016,7,16,2,3,2,6,0,0,0,1,0,0,0,0,3.79111E+20,5.50678E+21,7.32351E+15,4.97014E+16
56493,56494,7,1,32,65,2016,8,23,3,2,8,1,2,1,0,1,0,0,0,0,3.95051E+20,5.60286E+21,7.51803E+15,5.05682E+16
56494,56495,7,3,32,2,2016,7,0,4,3,7,7,2,0,0,1,0,0,0,0,4.38938E+20,5.48314E+21,8.15672E+15,4.94978E+16
56495,56496,7,1,37,68,2016,7,17,6,3,8,1,0,0,0,0,0,1,0,0,3.70888E+20,5.57478E+21,7.18667E+15,5.03109E+16
56496,56497,7,3,16,0,2016,7,13,2,3,5,2,0,0,1,1,0,0,0,0,4.39908E+20,5.46451E+21,8.17293E+15,4.93304E+16
56497,56498,7,1,40,24,2016,7,18,2,3,5,2,0,0,0,1,0,0,0,0,3.76396E+20,5.53213E+21,7.2778E+15,4.99288E+16
56498,56499,7,3,12,0,2016,8,20,5,3,0,6,1,1,0,1,0,1,0,0,4.11027E+20,5.47685E+21,7.77276E+15,4.94378E+16
56499,56500,7,3,12,0,2016,7,14,5,3,2,6,0,0,0,1,0,0,0,0,4.08217E+20,5.47541E+21,7.73435E+15,4.94245E+16
56500,56501,7,3,15,0,2016,8,15,3,3,2,6,0,1,0,1,0,0,0,1,4.46792E+20,5.53909E+21,8.25754E+15,5.00017E+16
56501,56502,7,3,32,2,2016,7,20,1,2,0,7,1,0,1,0,0,0,0,0,4.39223E+20,5.47892E+21,8.16131E+15,4.94599E+16
56502,56503,7,3,20,0,2016,7,15,3,3,5,3,0,0,0,0,0,1,1,0,3.82173E+20,5.45731E+21,7.38069E+15,4.92572E+16
56503,56504,7,2,31,8,2016,7,12,1,3,1,2,0,0,0,1,0,0,0,0,3.5698E+20,5.53537E+21,7.00624E+15,4.99535E+16
56504,56505,7,2,32,109,2016,7,11,7,2,4,2,0,0,0,1,0,0,0,0,3.20993E+20,5.54056E+21,6.50259E+15,4.99905E+16
56505,56506,7,1,31,77,2016,7,13,5,3,6,4,0,0,0,1,1,0,0,0,3.75745E+20,5.60048E+21,7.24633E+15,5.05431E+16
56506,56507,7,1,40,9,2016,7,17,6,2,5,3,0,0,0,1,0,0,0,0,3.87199E+20,5.54592E+21,7.42421E+15,5.00548E+16
56507,56508,7,3,40,40,2016,7,8,6,3,4,2,0,0,0,1,0,0,0,0,4.04989E+20,5.45064E+21,7.69574E+15,4.92011E+16
56508,56509,7,3,14,0,2016,7,7,2,2,5,3,0,0,0,1,0,0,0,0,4.54942E+20,5.48098E+21,8.37797E+15,4.94798E+16
56509,56510,7,1,41,114,2016,7,19,1,3,9,6,0,0,0,1,0,0,0,0,4.11057E+20,5.55715E+21,7.7548E+15,5.01599E+16
56510,56511,7,3,19,0,2016,7,15,7,3,2,6,0,0,0,1,0,0,0,0,4.48966E+20,5.49919E+21,8.29312E+15,4.96431E+16
56511,56512,7,2,32,18,2016,8,18,2,3,9,1,0,0,0,0,0,1,0,0,3.19686E+20,5.53959E+21,6.48483E+15,4.99814E+16
56512,56513,7,3,16,0,2016,7,12,6,3,2,6,0,0,0,1,0,0,0,0,4.37476E+20,5.46734E+21,8.13903E+15,4.93556E+16
56513,56514,7,1,40,45,2016,7,16,6,3,2,2,0,0,0,1,0,0,0,0,3.97703E+20,5.55814E+21,7.56763E+15,5.01666E+16
56514,56515,7,1,33,6,2016,7,15,5,2,6,4,0,0,0,1,1,0,0,0,4.18389E+20,5.52169E+21,7.86494E+15,4.98421E+16
56515,56516,7,1,31,202,2016,7,14,7,2,9,1,0,0,0,1,0,0,0,0,3.79055E+20,5.59067E+21,7.2962E+15,5.04555E+16
56516,56517,7,3,31,32,2016,8,17,6,3,5,2,0,0,0,0,0,1,0,1,4.42179E+20,5.51463E+21,8.19683E+15,4.97814E+16
56517,56518,7,1,37,226,2016,7,17,6,3,5,3,0,0,0,1,0,1,0,0,4.02931E+20,5.58209E+21,7.63466E+15,5.03828E+16
56518,56519,7,1,11,0,2016,7,14,6,3,2,6,0,0,0,1,0,0,0,0,3.93479E+20,5.57811E+21,7.50289E+15,5.03454E+16
56519,56520,7,3,33,502,2016,8,16,7,3,8,1,0,0,0,1,0,0,0,0,4.1512E+20,5.50062E+21,7.82408E+15,4.96522E+16
56520,56521,7,3,15,0,2016,7,19,6,3,6,6,0,0,0,0,1,0,0,1,4.48057E+20,5.53954E+21,8.27512E+15,5.00059E+16
56521,56522,7,3,15,0,2016,7,20,1,3,3,7,0,0,0,0,0,1,0,1,4.47928E+20,5.53947E+21,8.27333E+15,5.00052E+16
56522,56523,7,1,41,23,2016,8,6,4,3,4,1,0,1,0,1,0,0,1,0,4.07511E+20,5.56781E+21,7.70257E+15,5.02552E+16
56523,56524,7,1,11,0,2016,7,19,5,3,9,1,0,1,0,1,0,0,0,0,4.0004E+20,5.57808E+21,7.59507E+15,5.03463E+16
56524,56525,7,3,34,17,2016,7,19,3,3,4,5,0,0,0,1,0,0,0,0,4.5205E+20,5.45534E+21,8.34114E+15,4.9249E+16
56525,56526,7,3,14,0,2016,7,10,2,3,2,6,0,0,0,1,0,0,0,0,4.59558E+20,5.48183E+21,8.4416E+15,4.94877E+16
56526,56527,7,3,13,0,2016,7,17,4,2,4,7,0,0,0,1,0,0,0,0,4.31465E+20,5.45071E+21,8.05911E+15,4.92054E+16
56527,56528,7,1,38,45,2016,7,7,1,2,9,1,0,0,0,1,0,0,0,0,3.92807E+20,5.58875E+21,7.4904E+15,5.0441E+16
56528,56529,7,2,33,217,2016,8,16,5,3,9,1,0,0,0,0,0,1,0,0,3.58947E+20,5.56823E+21,7.0215E+15,5.02494E+16
56529,56530,7,1,37,226,2016,7,12,6,3,2,6,0,0,0,1,0,0,0,0,4.01006E+20,5.58429E+21,7.60701E+15,5.04023E+16
56530,56531,7,2,11,0,2016,7,14,5,3,2,6,0,0,0,1,0,0,0,0,3.33124E+20,5.51365E+21,6.68329E+15,4.97521E+16
56531,56532,7,1,41,66,2016,8,17,3,3,9,1,0,1,0,1,0,0,0,0,4.03814E+20,5.56372E+21,7.65175E+15,5.02178E+16
56532,56533,7,2,31,134,2016,7,22,1,2,5,3,2,0,0,1,0,1,0,0,3.52235E+20,5.53974E+21,6.93846E+15,4.99917E+16
56533,56534,7,2,32,18,2016,7,13,3,2,5,3,0,0,0,1,0,1,0,0,3.20909E+20,5.53889E+21,6.5022E+15,4.99755E+16
56534,56535,7,3,11,0,2016,7,17,3,3,2,6,0,1,0,1,0,0,0,0,4.54168E+20,5.48687E+21,8.3666E+15,4.95327E+16
56535,56536,7,1,11,0,2016,7,11,7,3,9,1,0,0,0,1,0,0,0,0,4.01775E+20,5.58003E+21,7.61895E+15,5.03641E+16
56536,56537,7,1,43,254,2016,7,19,2,2,2,6,0,0,0,1,0,0,0,0,4.23912E+20,5.60508E+21,7.92503E+15,5.05927E+16
56537,56538,7,3,40,223,2016,8,15,2,3,7,7,0,0,0,0,0,1,0,0,3.85764E+20,5.46723E+21,7.42718E+15,4.93471E+16
56538,56539,7,3,38,25,2016,7,12,4,2,5,3,0,0,0,1,0,0,0,0,4.52041E+20,5.47093E+21,8.33914E+15,4.93892E+16
56539,56540,7,1,11,0,2016,7,15,6,2,4,6,0,0,0,1,0,1,0,0,3.97106E+20,5.57754E+21,7.554E+15,5.03409E+16
56540,56541,7,2,11,0,2016,7,19,4,2,4,6,0,0,0,1,0,0,0,0,3.3487E+20,5.52395E+21,6.70313E+15,4.98452E+16
56541,56542,7,2,35,126,2016,8,15,7,2,5,3,0,0,0,1,0,0,0,0,3.24808E+20,5.4934E+21,6.57702E+15,4.95678E+16
56542,56543,7,3,39,36,2016,7,16,6,2,2,6,0,0,0,0,0,1,0,0,4.07687E+20,5.54295E+21,7.71105E+15,5.00317E+16
56543,56544,7,2,33,63,2016,8,16,1,2,2,6,0,0,0,1,0,1,0,0,3.46619E+20,5.56011E+21,6.85199E+15,5.01733E+16
56544,56545,7,1,40,62,2016,7,15,7,3,2,6,0,0,0,0,0,1,0,0,3.83126E+20,5.53943E+21,7.36932E+15,4.99957E+16
56545,56546,7,1,32,117,2016,8,17,2,3,0,1,0,0,1,0,0,0,0,0,4.10163E+20,5.62665E+21,7.72558E+15,5.07846E+16
56546,56547,7,1,43,32,2016,7,14,4,3,1,7,0,0,0,1,0,0,0,0,4.03793E+20,5.5883E+21,7.64519E+15,5.04388E+16
56547,56548,7,3,34,501,2016,8,19,4,3,8,1,0,0,0,0,0,1,0,0,4.44557E+20,5.43317E+21,8.24124E+15,4.90489E+16
56548,56549,7,3,37,7,2016,7,14,5,3,5,3,0,0,0,1,0,0,0,0,4.34496E+20,5.44308E+21,8.10196E+15,4.91371E+16
56549,56550,7,2,32,288,2016,7,20,6,3,9,7,0,0,0,0,0,0,0,1,3.18771E+20,5.57042E+21,6.45745E+15,5.02581E+16
56550,56551,7,3,15,0,2016,7,7,3,2,3,2,0,0,1,1,0,0,0,0,4.46659E+20,5.53862E+21,8.25574E+15,4.99975E+16
56551,56552,7,1,11,0,2016,7,11,6,3,0,7,0,0,0,0,0,1,0,0,3.97799E+20,5.57955E+21,7.56319E+15,5.03591E+16
56552,56553,7,1,41,50,2016,7,15,5,3,8,1,0,0,0,0,0,0,0,1,4.23693E+20,5.57508E+21,7.92804E+15,5.03229E+16
56553,56554,7,2,35,26,2016,8,19,6,3,5,3,0,1,0,1,0,1,0,0,3.3939E+20,5.52533E+21,6.76539E+15,4.98588E+16
56554,56555,7,3,37,41,2016,7,7,5,3,2,1,0,0,0,1,0,0,0,1,4.42948E+20,5.45423E+21,8.21624E+15,4.92382E+16
56555,56556,7,3,15,0,2016,7,10,4,3,3,3,0,0,0,1,0,0,0,0,4.4137E+20,5.53893E+21,8.18191E+15,4.99998E+16
56556,56557,7,3,37,56,2016,7,10,6,1,4,6,0,0,0,1,0,1,0,0,4.29044E+20,5.43488E+21,8.02867E+15,4.90627E+16
56557,56558,7,3,15,0,2016,7,17,2,3,2,6,0,0,0,1,0,0,0,0,4.455E+20,5.53496E+21,8.24009E+15,4.99645E+16
56558,56559,7,1,33,23,2016,8,17,1,2,9,1,0,0,0,1,0,1,0,0,4.10455E+20,5.53455E+21,7.75165E+15,4.99566E+16
56559,56560,7,1,35,57,2016,7,15,1,2,9,1,0,0,0,0,0,1,0,0,3.55647E+20,5.5529E+21,6.98106E+15,5.01108E+16
56560,56561,7,2,35,69,2016,7,14,7,2,5,3,0,0,0,1,0,0,0,1,3.29251E+20,5.52445E+21,6.62483E+15,4.98481E+16
56561,56562,7,2,35,78,2016,8,7,2,3,1,6,0,0,0,1,0,0,0,0,3.38588E+20,5.52013E+21,6.7564E+15,4.98119E+16
56562,56563,7,3,40,28,2016,8,19,4,2,5,3,0,0,0,1,0,0,0,0,4.02103E+20,5.44736E+21,7.65693E+15,4.91712E+16
56563,56564,7,1,33,93,2016,7,20,6,3,5,3,0,0,0,1,0,1,0,0,4.13901E+20,5.53108E+21,7.80045E+15,4.99259E+16
56564,56565,7,1,33,52,2016,7,13,3,3,1,6,0,0,0,1,0,0,0,0,3.88899E+20,5.516E+21,7.45657E+15,4.97861E+16
56565,56566,7,3,35,22,2016,7,6,5,3,8,1,0,0,0,1,0,0,0,0,3.95247E+20,5.47256E+21,7.5563E+15,4.93967E+16
56566,56567,7,2,31,90,2016,7,10,5,3,5,3,0,0,0,1,0,1,0,0,3.57104E+20,5.53093E+21,7.00961E+15,4.99136E+16
56567,56568,7,2,35,78,2016,8,21,6,3,9,1,1,1,0,0,0,1,0,0,3.38788E+20,5.51952E+21,6.75943E+15,4.98064E+16
56568,56569,7,3,12,0,2016,7,6,5,2,0,7,0,0,0,0,0,1,0,0,4.05905E+20,5.47183E+21,7.70332E+15,4.93919E+16
56569,56570,7,3,16,0,2016,8,10,7,3,5,3,0,0,0,1,0,0,0,0,4.38764E+20,5.4663E+21,8.15692E+15,4.93464E+16
56570,56571,7,2,35,108,2016,7,5,6,3,8,1,1,0,0,0,0,1,0,0,3.45269E+20,5.51823E+21,6.84995E+15,4.97966E+16
56571,56572,7,2,35,43,2016,7,11,1,2,1,5,0,0,0,0,0,1,0,1,3.334E+20,5.49849E+21,6.69358E+15,4.9616E+16
56572,56573,7,1,32,65,2016,8,23,4,3,0,7,2,0,0,1,0,0,0,0,3.93773E+20,5.6036E+21,7.49978E+15,5.05746E+16
56573,56574,7,3,36,34,2016,7,10,4,3,7,1,0,0,0,0,0,1,0,0,3.866E+20,5.48642E+21,7.4332E+15,4.95198E+16
56574,56575,7,2,35,68,2016,7,18,2,3,4,6,0,0,0,1,0,1,0,0,3.25283E+20,5.50641E+21,6.57778E+15,4.96849E+16
56575,56576,7,3,15,0,2016,7,15,2,3,1,2,0,0,0,1,0,1,0,0,4.43687E+20,5.53877E+21,8.21426E+15,4.99986E+16
56576,56577,7,1,33,31,2016,7,13,4,3,8,1,0,0,0,1,0,0,0,0,4.20618E+20,5.51732E+21,7.89684E+15,4.98031E+16
56577,56578,7,3,40,38,2016,7,9,7,3,3,2,0,0,0,1,0,1,0,0,3.98417E+20,5.45641E+21,7.60409E+15,4.9252E+16
56578,56579,7,2,11,0,2016,8,14,5,3,8,1,0,1,0,0,0,1,0,0,3.28993E+20,5.50997E+21,6.6276E+15,4.97179E+16
56579,56580,7,3,33,502,2016,7,13,5,2,2,1,0,0,0,1,0,0,0,0,4.14783E+20,5.49831E+21,7.81992E+15,4.96313E+16
56580,56581,7,1,41,59,2016,7,17,5,3,8,1,0,0,0,1,0,0,0,1,4.20104E+20,5.57883E+21,7.87685E+15,5.03561E+16
56581,56582,7,1,38,27,2016,8,12,3,2,4,6,0,1,0,1,0,0,0,0,4.00888E+20,5.60307E+21,7.60037E+15,5.05712E+16
56582,56583,7,1,41,69,2016,7,17,1,3,9,7,0,0,0,0,0,1,0,0,4.11859E+20,5.54864E+21,7.76799E+15,5.00834E+16
56583,56584,7,1,31,52,2016,7,18,3,3,4,6,0,0,0,1,0,1,0,0,3.45677E+20,5.58377E+21,6.82915E+15,5.03857E+16
56584,56585,7,1,31,77,2016,7,17,2,3,8,7,0,0,0,1,0,0,0,0,3.76013E+20,5.60031E+21,7.25017E+15,5.05416E+16
56585,56586,7,3,37,47,2016,8,13,2,2,7,1,0,0,0,0,0,1,0,0,4.40237E+20,5.46142E+21,8.17793E+15,4.93026E+16
56586,56587,7,1,37,69,2016,7,13,1,3,4,2,0,0,0,1,0,0,0,0,3.76979E+20,5.58306E+21,7.26947E+15,5.03867E+16
56587,56588,7,3,19,0,2016,7,8,4,2,2,2,0,0,0,1,0,1,0,0,4.53804E+20,5.50017E+21,8.36E+15,4.96523E+16
56588,56589,7,3,12,0,2016,7,7,5,2,3,7,0,0,0,1,0,0,1,0,4.13225E+20,5.47908E+21,7.80258E+15,4.94582E+16
56589,56590,7,1,43,49,2016,7,12,4,3,0,7,0,0,1,0,0,0,0,1,4.17619E+20,5.59291E+21,7.83883E+15,5.04824E+16
56590,56591,7,3,31,25,2016,7,4,7,2,0,1,2,1,0,1,0,0,0,0,4.31261E+20,5.51544E+21,8.04506E+15,4.97875E+16
56591,56592,7,1,38,45,2016,8,17,7,3,5,3,0,0,1,1,0,0,0,0,3.96179E+20,5.58691E+21,7.53839E+15,5.0425E+16
56592,56593,7,3,15,0,2016,7,15,6,2,6,4,0,0,0,1,1,0,0,0,4.48177E+20,5.53882E+21,8.2769E+15,4.99994E+16