FID,OBJECTID,ULAND,UREGBEZ,UKREIS,UGEMEINDE,UJAHR,UMONAT,USTUNDE,UWOCHENTAG,UKATEGORIE,UART,UTYP1,ULICHTVERH,IstStrasse,IstRad,IstPKW,IstFuss,IstKrad,IstGkfz,IstSonstig,LINREFX,LINREFY,XGCSWGS84,YGCSWGS84
56774,56775,7,3,31,73,2016,9,17,2,3,2,6,0,0,0,1,0,0,0,0,4.3841E+20,5.52132E+21,8.14343E+15,4.98411E+16
56775,56776,7,2,31,502,2016,9,8,5,2,0,6,0,0,0,1,0,1,0,0,3.6706E+20,5.52227E+21,7.15119E+15,4.98381E+16
56776,56777,7,1,35,57,2016,9,12,7,2,8,1,0,0,0,0,0,1,0,0,3.55647E+20,5.5529E+21,6.98106E+15,5.01108E+16
56777,56778,7,1,33,6,2016,8,17,3,3,0,1,0,0,0,1,0,0,0,0,4.18502E+20,5.52163E+21,7.86653E+15,4.98416E+16
56778,56779,7,3,34,5,2016,8,2,1,3,5,3,2,1,0,1,0,0,0,0,4.34891E+20,5.43508E+21,8.10866E+15,4.90651E+16
56779,56780,7,1,31,205,2016,8,10,5,3,0,7,0,0,0,1,0,1,0,0,3.75929E+20,5.58558E+21,7.25387E+15,5.04092E+16
56780,56781,7,3,40,203,2016,8,11,7,3,3,6,0,0,1,1,0,0,0,0,3.85136E+20,5.4672E+21,7.41855E+15,4.93467E+16
56781,56782,7,1,40,154,2016,8,9,4,3,8,7,0,0,0,1,0,0,0,0,3.8876E+20,5.53585E+21,7.44894E+15,4.99646E+16
56782,56783,7,3,39,50,2016,8,19,3,3,7,7,0,0,0,1,0,0,0,0,4.28703E+20,5.52402E+21,8.00794E+15,4.98643E+16
56783,56784,7,1,32,96,2016,9,13,6,3,2,6,0,0,0,1,0,0,0,0,4.09153E+20,5.62469E+21,7.71174E+15,5.07668E+16
56784,56785,7,1,35,82,2016,8,14,1,2,8,1,0,0,0,0,0,1,0,0,3.81023E+20,5.55739E+21,7.3344E+15,5.01568E+16
56785,56786,7,1,33,6,2016,8,19,2,3,5,3,0,0,0,1,0,1,0,0,4.19888E+20,5.52433E+21,7.88525E+15,4.9866E+16
56786,56787,7,2,31,120,2016,8,16,6,3,8,7,0,1,0,0,0,1,0,1,3.67332E+20,5.53363E+21,7.15106E+15,4.99403E+16
56787,56788,7,2,35,45,2016,9,17,4,3,2,6,0,0,0,1,0,0,0,0,3.50626E+20,5.50271E+21,6.93027E+15,4.96584E+16
56788,56789,7,2,31,110,2016,8,13,5,3,0,7,0,0,0,1,0,0,0,0,3.65038E+20,5.54111E+21,7.11649E+15,5.0007E+16
56789,56790,7,3,15,0,2016,9,14,1,3,4,1,0,1,0,1,0,0,0,0,4.48538E+20,5.53801E+21,8.28204E+15,4.99922E+16
56790,56791,7,3,14,0,2016,8,16,4,3,3,6,0,0,1,0,0,0,0,1,4.59226E+20,5.48231E+21,8.43698E+15,4.94921E+16
56791,56792,7,2,31,115,2016,9,23,5,3,8,1,2,0,0,1,0,0,0,0,3.49651E+20,5.51412E+21,6.91238E+15,4.97607E+16
56792,56793,7,2,35,151,2016,8,17,7,3,8,1,0,0,0,0,0,1,0,0,3.35741E+20,5.5288E+21,6.71318E+15,4.9889E+16
56793,56794,7,1,34,75,2016,8,12,4,2,5,3,0,0,0,1,0,0,0,0,3.75823E+20,5.49827E+21,7.28063E+15,4.96242E+16
56794,56795,7,1,33,68,2016,8,15,3,3,5,3,0,0,0,1,0,0,0,0,4.04833E+20,5.5288E+21,7.67471E+15,4.9904E+16
56795,56796,7,1,41,503,2016,8,14,3,1,4,1,0,0,0,1,0,0,0,0,4.28679E+20,5.57826E+21,7.99748E+15,5.03521E+16
56796,56797,7,2,31,8,2016,8,17,1,2,4,6,0,0,0,1,0,1,0,0,3.6228E+20,5.53016E+21,7.08194E+15,4.9908E+16
56797,56798,7,2,11,0,2016,9,12,3,3,5,3,0,0,0,1,0,0,0,0,3.34825E+20,5.52074E+21,6.70387E+15,4.98164E+16
56798,56799,7,1,37,6,2016,9,13,6,3,8,1,0,0,0,0,0,1,0,0,3.61936E+20,5.58377E+21,7.05772E+15,5.03897E+16
56799,56800,7,3,14,0,2016,9,15,7,3,1,6,0,0,0,1,0,0,0,0,4.59647E+20,5.48039E+21,8.44298E+15,4.94748E+16
56800,56801,7,1,40,50,2016,8,12,7,3,9,1,0,0,0,0,0,1,0,0,3.92338E+20,5.52657E+21,7.50139E+15,4.98818E+16
56801,56802,7,1,43,206,2016,8,17,4,2,2,6,0,0,0,1,0,0,0,0,4.25997E+20,5.61249E+21,7.953E+15,5.06596E+16
56802,56803,7,3,14,0,2016,9,4,6,3,0,1,1,0,0,0,0,1,0,0,4.57344E+20,5.48518E+21,8.41067E+15,4.95177E+16
56803,56804,7,3,11,0,2016,8,19,2,2,9,1,0,0,0,0,0,1,0,0,4.56276E+20,5.4887E+21,8.39553E+15,4.95493E+16
56804,56805,7,3,12,0,2016,8,12,7,3,1,6,0,1,0,1,0,0,0,0,4.06516E+20,5.47696E+21,7.71053E+15,4.94381E+16
56805,56806,7,3,31,48,2016,8,9,6,3,5,2,0,0,0,1,0,1,0,0,4.43444E+20,5.49862E+21,8.21672E+15,4.96374E+16
56806,56807,7,3,35,4,2016,8,13,6,2,5,3,0,0,0,1,0,1,0,0,4.20889E+20,5.48059E+21,7.90802E+15,4.94728E+16
56807,56808,7,3,15,0,2016,9,18,4,3,4,2,0,0,1,1,0,0,0,0,4.45479E+20,5.54073E+21,8.23898E+15,5.00163E+16
56808,56809,7,1,33,32,2016,8,8,5,3,3,6,0,0,0,1,0,0,0,0,4.17983E+20,5.51388E+21,7.86095E+15,4.97718E+16
56809,56810,7,3,18,0,2016,9,14,1,3,4,6,0,1,0,1,0,1,0,0,4.59579E+20,5.4623E+21,8.44388E+15,4.93121E+16
56810,56811,7,3,37,21,2016,8,15,4,2,8,1,0,0,0,0,0,1,0,0,4.36692E+20,5.45733E+21,8.12982E+15,4.92654E+16
56811,56812,7,3,16,0,2016,8,13,7,3,0,5,0,0,1,0,0,0,0,1,4.38435E+20,5.46709E+21,8.15227E+15,4.93534E+16
56812,56813,7,2,33,43,2016,9,5,5,3,5,3,2,0,0,1,0,0,0,0,3.34297E+20,5.55373E+21,6.68234E+15,5.01127E+16
56813,56814,7,3,15,0,2016,8,10,7,3,2,6,0,0,0,1,0,0,0,0,4.42966E+20,5.53912E+21,8.20414E+15,5.00017E+16
56814,56815,7,1,33,6,2016,8,5,3,3,5,2,1,1,0,1,0,0,0,0,4.18258E+20,5.52183E+21,7.8631E+15,4.98433E+16
56815,56816,7,3,15,0,2016,8,17,3,3,4,2,0,0,1,1,0,0,0,0,4.43843E+20,5.54003E+21,8.21625E+15,5.00099E+16
56816,56817,7,2,31,124,2016,9,14,3,3,9,1,0,0,0,0,0,1,0,0,3.64788E+20,5.53209E+21,7.11617E+15,4.99259E+16
56817,56818,7,1,32,18,2016,9,10,6,3,2,1,0,0,0,1,0,1,0,0,4.26383E+20,5.6222E+21,7.95652E+15,5.07469E+16
56818,56819,7,3,37,1,2016,9,13,7,2,8,1,0,0,0,0,0,1,0,0,4.18614E+20,5.45868E+21,7.8811E+15,4.92754E+16
56819,56820,7,1,32,501,2016,8,11,7,3,5,7,0,0,0,1,0,1,0,0,4.04988E+20,5.61672E+21,7.65476E+15,5.06945E+16
56820,56821,7,2,31,8,2016,8,16,4,2,5,3,0,0,1,1,0,0,0,0,3.60797E+20,5.53241E+21,7.06048E+15,4.99278E+16
56821,56822,7,3,34,501,2016,9,15,6,3,4,6,0,0,0,0,0,0,1,0,4.41435E+20,5.43296E+21,8.19855E+15,4.90467E+16
56822,56823,7,3,16,0,2016,8,7,2,3,5,3,0,0,0,1,0,0,0,1,4.41969E+20,5.46124E+21,8.20178E+15,4.93012E+16
56823,56824,7,2,35,45,2016,8,16,2,3,5,3,0,0,0,1,0,1,0,0,3.52383E+20,5.50467E+21,6.95386E+15,4.96764E+16
56824,56825,7,3,39,27,2016,8,16,6,3,5,3,0,0,0,1,0,0,0,0,4.37524E+20,5.5388E+21,8.12828E+15,4.99983E+16
56825,56826,7,3,34,1,2016,9,9,4,3,5,7,0,0,0,1,0,0,0,0,4.49539E+20,5.45027E+21,8.30728E+15,4.92032E+16
56826,56827,7,3,36,36,2016,8,14,1,3,5,7,0,0,0,1,0,0,0,0,4.05193E+20,5.49496E+21,7.68796E+15,4.95998E+16
56827,56828,7,1,43,279,2016,8,23,6,1,8,1,2,0,0,1,0,0,0,0,4.21875E+20,5.61009E+21,7.89521E+15,5.06374E+16
56828,56829,7,3,31,26,2016,8,16,3,2,5,3,0,0,0,1,0,1,0,0,4.40724E+20,5.51322E+21,8.17684E+15,4.97685E+16
56829,56830,7,3,37,20,2016,8,19,1,3,5,3,0,0,1,1,0,0,0,0,4.36287E+20,5.45929E+21,8.12395E+15,4.9283E+16
56830,56831,7,2,11,0,2016,9,10,2,2,8,1,0,0,0,0,0,1,0,0,3.32885E+20,5.51441E+21,6.67966E+15,4.97589E+16
56831,56832,7,2,11,0,2016,9,16,5,3,4,6,0,0,1,1,0,0,0,0,3.24551E+20,5.51287E+21,6.56474E+15,4.97427E+16
56832,56833,7,2,35,118,2016,8,16,3,3,2,6,0,0,0,1,0,0,0,0,3.22827E+20,5.49758E+21,6.54775E+15,4.96048E+16
56833,56834,7,3,35,204,2016,8,18,4,2,5,3,0,0,0,1,0,0,0,1,4.07455E+20,5.46925E+21,7.72528E+15,4.93689E+16
56834,56835,7,3,11,0,2016,8,14,7,3,2,6,0,0,0,1,0,1,0,0,4.53243E+20,5.48813E+21,8.35368E+15,4.9544E+16
56835,56836,7,3,31,24,2016,8,16,5,3,2,6,0,0,0,1,0,0,0,0,4.40077E+20,5.505E+21,8.16912E+15,4.96945E+16
56836,56837,7,1,11,0,2016,8,6,4,3,8,1,0,0,0,1,0,0,0,0,3.96606E+20,5.58341E+21,7.54536E+15,5.03937E+16
56837,56838,7,3,39,18,2016,8,12,3,2,1,6,0,0,0,1,0,1,0,0,4.47121E+20,5.51948E+21,8.26481E+15,4.98254E+16
56838,56839,7,1,11,0,2016,9,14,6,3,2,6,0,0,0,1,0,0,0,0,3.99569E+20,5.57975E+21,7.588E+15,5.03613E+16
56839,56840,7,2,31,134,2016,8,11,6,3,1,6,0,0,0,1,0,0,0,0,3.48654E+20,5.53802E+21,6.88921E+15,4.99753E+16
56840,56841,7,1,31,211,2016,9,16,4,3,6,4,0,0,0,1,1,0,0,0,3.68382E+20,5.58552E+21,7.14774E+15,5.0407E+16
56841,56842,7,1,43,62,2016,8,6,5,3,9,1,0,0,0,1,0,0,0,0,4.08339E+20,5.59013E+21,7.70874E+15,5.0456E+16
56842,56843,7,3,20,0,2016,9,22,6,3,0,7,2,0,1,0,0,0,0,1,3.81059E+20,5.45624E+21,7.36571E+15,4.92473E+16
56843,56844,7,2,31,202,2016,9,8,1,2,9,1,0,1,0,1,0,0,0,0,3.48785E+20,5.51488E+21,6.90007E+15,4.97673E+16
56844,56845,7,3,19,0,2016,8,19,4,2,7,7,0,0,1,0,1,0,0,0,4.47473E+20,5.49859E+21,8.27252E+15,4.96376E+16
56845,56846,7,1,43,255,2016,9,15,5,2,3,6,0,0,0,1,0,0,1,0,4.25667E+20,5.6136E+21,7.94811E+15,5.06695E+16
56846,56847,7,2,35,74,2016,8,12,4,3,5,2,0,0,0,1,0,0,0,1,3.47511E+20,5.52132E+21,6.87987E+15,4.98249E+16
56847,56848,7,3,15,0,2016,8,9,3,3,5,3,0,0,1,1,0,0,0,0,4.41885E+20,5.53351E+21,8.18992E+15,4.99512E+16
56848,56849,7,1,31,55,2016,8,16,3,3,5,3,0,0,0,1,0,0,0,0,3.75164E+20,5.59159E+21,7.2411E+15,5.0463E+16
56849,56850,7,1,43,48,2016,8,12,1,3,8,1,0,1,0,1,0,0,0,0,4.14593E+20,5.58855E+21,7.79719E+15,5.04427E+16
56850,56851,7,1,43,23,2016,9,10,3,3,2,2,0,0,0,1,0,0,0,0,4.25532E+20,5.58497E+21,7.95193E+15,5.0412E+16
56851,56852,7,1,11,0,2016,9,9,6,3,5,3,0,0,0,1,0,0,0,0,3.94384E+20,5.58128E+21,7.51472E+15,5.03741E+16
56852,56853,7,3,33,76,2016,9,18,7,2,5,3,0,0,0,1,0,0,0,0,4.34237E+20,5.50293E+21,8.0885E+15,4.96753E+16
56853,56854,7,1,37,203,2016,8,10,7,3,0,6,0,0,1,0,0,0,0,0,3.97583E+20,5.58663E+21,7.55822E+15,5.04227E+16
56854,56855,7,1,37,68,2016,8,13,4,3,6,4,0,0,0,1,1,0,0,0,3.73755E+20,5.57657E+21,7.22632E+15,5.03277E+16
56855,56856,7,3,15,0,2016,8,12,2,3,1,6,0,0,0,1,0,0,0,0,4.46058E+20,5.53856E+21,8.24737E+15,4.99969E+16
56856,56857,7,3,37,84,2016,8,3,7,3,8,1,2,0,1,0,0,0,0,0,4.33428E+20,5.45763E+21,8.08492E+15,4.92678E+16
56857,56858,7,1,32,63,2016,8,5,6,3,1,6,1,0,0,1,0,1,0,0,4.21308E+20,5.62878E+21,7.8832E+15,5.08054E+16
56858,56859,7,3,37,5,2016,8,16,4,3,8,1,0,1,0,0,0,1,0,1,4.27173E+20,5.43936E+21,8.00225E+15,4.91028E+16
56859,56860,7,3,14,0,2016,8,23,1,3,8,1,2,0,0,1,0,0,0,0,4.597E+20,5.48081E+21,8.44366E+15,4.94786E+16
56860,56861,7,3,31,41,2016,8,8,6,3,9,1,0,1,0,1,0,0,0,0,4.44593E+20,5.49672E+21,8.2329E+15,4.96205E+16
56861,56862,7,1,31,7,2016,8,5,6,3,8,1,1,1,0,1,0,0,0,0,3.68859E+20,5.60126E+21,7.14893E+15,5.05485E+16
56862,56863,7,2,35,8,2016,8,18,3,2,8,1,0,0,0,1,0,0,0,0,3.47888E+20,5.51072E+21,6.88925E+15,4.97298E+16
56863,56864,7,1,31,41,2016,9,8,5,2,8,1,0,0,0,0,0,1,0,0,3.69058E+20,5.59964E+21,7.1523E+15,5.0534E+16
56864,56865,7,1,38,53,2016,8,7,3,3,2,2,0,0,0,1,0,0,0,0,3.95665E+20,5.60192E+21,7.52696E+15,5.05598E+16
56865,56866,7,3,33,19,2016,8,14,4,3,2,2,0,0,0,1,0,1,0,0,4.33532E+20,5.48965E+21,8.08098E+15,4.95558E+16
56866,56867,7,1,32,54,2016,8,16,7,2,1,1,0,0,1,0,0,0,1,0,4.12622E+20,5.62707E+21,7.76036E+15,5.07888E+16
56867,56868,7,1,32,9,2016,8,6,5,3,8,7,0,0,0,1,0,0,0,0,3.99267E+20,5.61869E+21,7.57325E+15,5.07113E+16
56868,56869,7,2,32,18,2016,8,16,3,3,1,5,0,0,0,1,0,1,0,0,3.21776E+20,5.53699E+21,6.51517E+15,4.99587E+16
56869,56870,7,3,14,0,2016,8,10,1,2,2,6,0,0,0,1,0,0,0,0,4.50177E+20,5.48128E+21,8.31215E+15,4.94821E+16
56870,56871,7,1,34,10,2016,8,6,6,3,2,6,0,0,0,1,0,0,0,0,3.67099E+20,5.4985E+21,7.15982E+15,4.96244E+16
56871,56872,7,3,37,7,2016,8,11,4,3,2,6,0,0,0,1,0,0,0,1,4.30582E+20,5.44172E+21,8.04855E+15,4.91244E+16
56872,56873,7,3,37,52,2016,8,13,1,3,8,1,0,0,0,0,0,1,0,0,4.33748E+20,5.46249E+21,8.0885E+15,4.93116E+16
56873,56874,7,3,38,14,2016,8,8,6,3,5,3,0,1,0,1,0,0,0,0,4.48131E+20,5.47501E+21,8.28473E+15,4.94256E+16
56874,56875,7,1,32,12,2016,8,11,6,3,5,3,0,1,0,1,0,0,0,0,4.25161E+20,5.63E+21,7.93762E+15,5.08169E+16
56875,56876,7,2,33,204,2016,8,13,3,3,5,2,0,0,0,1,0,0,0,1,3.29435E+20,5.55909E+21,6.61201E+15,5.01595E+16
56876,56877,7,1,38,41,2016,9,18,5,2,8,1,0,0,0,1,0,0,0,0,3.80729E+20,5.60252E+21,7.31599E+15,5.05625E+16
56877,56878,7,1,41,29,2016,8,17,3,3,5,3,0,0,0,1,0,0,0,0,4.31112E+20,5.57924E+21,8.03149E+15,5.03612E+16
56878,56879,7,3,38,23,2016,8,19,4,3,5,2,0,0,1,1,0,0,0,0,4.55876E+20,5.45896E+21,8.3933E+15,4.92818E+16
56879,56880,7,2,33,29,2016,8,16,7,2,8,1,0,0,0,0,0,1,0,0,3.34277E+20,5.57433E+21,6.67309E+15,5.02977E+16
56880,56881,7,2,31,53,2016,8,23,5,3,9,1,2,1,0,1,0,0,0,0,3.40579E+20,5.52879E+21,6.78048E+15,4.98902E+16
56881,56882,7,1,33,205,2016,8,16,3,3,5,3,0,0,0,1,0,0,0,0,3.93873E+20,5.52617E+21,7.52286E+15,4.98785E+16
56882,56883,7,3,32,2,2016,8,14,1,3,2,6,0,0,0,1,0,0,0,0,4.39689E+20,5.48062E+21,8.16748E+15,4.94752E+16
56883,56884,7,3,40,225,2016,9,13,5,3,2,2,0,0,0,1,0,0,0,0,3.91086E+20,5.46382E+21,7.50136E+15,4.93173E+16
56884,56885,7,1,43,242,2016,8,9,6,3,5,2,0,0,0,1,0,0,1,0,4.28026E+20,5.60803E+21,7.98257E+15,5.06197E+16
56885,56886,7,3,35,38,2016,9,13,3,3,5,3,0,0,0,1,0,0,0,0,3.95492E+20,5.47552E+21,7.5589E+15,4.94233E+16
56886,56887,7,1,35,17,2016,8,11,5,2,8,1,0,0,0,0,0,1,0,0,3.74285E+20,5.55403E+21,7.24123E+15,5.01252E+16
56887,56888,7,3,13,0,2016,9,12,6,3,2,2,0,0,0,1,0,1,0,0,4.33941E+20,5.44961E+21,8.09328E+15,4.91957E+16
56888,56889,7,1,31,7,2016,9,11,1,3,0,1,0,1,0,0,0,1,0,0,3.64694E+20,5.59371E+21,7.0929E+15,5.04797E+16
56889,56890,7,2,33,21,2016,8,12,4,1,5,3,0,0,0,0,0,1,0,1,3.51114E+20,5.55856E+21,6.9155E+15,5.01606E+16
56890,56891,7,1,32,41,2016,9,16,5,2,3,6,0,0,0,1,0,0,0,1,3.96926E+20,5.61547E+21,7.541E+15,5.06819E+16
56891,56892,7,1,35,83,2016,8,20,4,3,2,6,1,0,0,1,0,0,0,0,3.55565E+20,5.56442E+21,6.97556E+15,5.02143E+16
56892,56893,7,2,33,39,2016,8,11,3,3,5,3,0,0,0,1,0,0,0,0,3.39052E+20,5.56634E+21,6.74346E+15,5.02273E+16
56893,56894,7,1,37,96,2016,8,10,3,3,2,6,0,0,0,1,0,0,0,0,3.8894E+20,5.58085E+21,7.43831E+15,5.03693E+16
56894,56895,7,1,43,23,2016,8,13,1,3,2,1,0,1,0,1,0,0,0,0,4.24623E+20,5.58505E+21,7.93912E+15,5.04127E+16
56895,56896,7,1,11,0,2016,9,10,3,3,2,2,0,0,1,1,0,0,0,0,3.98966E+20,5.58177E+21,7.57899E+15,5.03793E+16
56896,56897,7,3,32,46,2016,9,6,5,3,9,1,0,0,0,1,0,0,0,0,4.42571E+20,5.47729E+21,8.20774E+15,4.94456E+16
56897,56898,7,1,35,92,2016,9,9,7,2,6,4,0,0,0,1,1,0,0,0,3.69358E+20,5.54259E+21,7.17624E+15,5.00213E+16
56898,56899,7,3,38,19,2016,8,6,6,3,3,6,1,1,0,1,0,0,0,0,4.51438E+20,5.47593E+21,8.33023E+15,4.94341E+16
56899,56900,7,1,40,45,2016,8,7,4,2,2,6,0,0,0,0,0,0,1,1,3.99252E+20,5.56065E+21,7.58864E+15,5.01894E+16
56900,56901,7,2,11,0,2016,8,17,2,2,4,1,0,0,0,0,0,1,0,1,3.35192E+20,5.522E+21,6.70844E+15,4.98278E+16
56901,56902,7,1,35,13,2016,8,0,7,3,7,7,2,0,0,1,0,0,0,0,3.73261E+20,5.53586E+21,7.23292E+15,4.99617E+16
56902,56903,7,3,17,0,2016,8,6,5,3,5,3,0,0,0,1,0,0,0,0,3.96575E+20,5.44957E+21,7.58055E+15,4.91902E+16
56903,56904,7,3,39,56,2016,8,20,4,3,8,1,0,0,0,0,0,1,0,0,4.28404E+20,5.52603E+21,8.00341E+15,4.98824E+16
56904,56905,7,2,31,123,2016,8,10,1,3,0,1,0,0,0,0,0,1,0,0,3.56698E+20,5.51256E+21,7.01074E+15,4.97484E+16
56905,56906,7,2,35,45,2016,8,15,6,3,2,1,0,0,0,1,0,0,0,0,3.51719E+20,5.50167E+21,6.94581E+15,4.96494E+16
56906,56907,7,3,34,1,2016,8,18,5,2,2,6,0,0,1,0,0,0,0,0,4.49707E+20,5.45052E+21,8.30956E+15,4.92054E+16
56907,56908,7,2,32,296,2016,8,12,3,3,2,2,0,0,0,1,0,1,0,0,3.16503E+20,5.56468E+21,6.42845E+15,5.02058E+16
56908,56909,7,3,17,0,2016,8,15,4,3,2,6,0,0,0,1,0,0,0,0,3.98201E+20,5.45144E+21,7.60239E+15,4.92073E+16
56909,56910,7,3,14,0,2016,8,11,1,3,2,6,0,0,0,1,0,1,0,0,4.57228E+20,5.47709E+21,8.40995E+15,4.94449E+16
56910,56911,7,1,40,9,2016,8,15,3,3,5,3,0,0,0,1,0,0,0,0,3.86361E+20,5.54415E+21,7.41304E+15,5.00388E+16
56911,56912,7,2,32,18,2016,8,17,4,3,2,6,0,0,0,1,0,0,0,0,3.22822E+20,5.53523E+21,6.53055E+15,4.99431E+16
56912,56913,7,1,43,12,2016,8,20,4,3,9,1,0,0,0,1,0,0,1,0,4.11775E+20,5.59023E+21,7.75712E+15,5.04575E+16
56913,56914,7,3,34,12,2016,8,10,6,3,5,3,0,0,0,1,0,0,0,0,4.47236E+20,5.43647E+21,8.27747E+15,4.90789E+16
56914,56915,7,1,31,36,2016,8,20,7,2,4,2,1,0,0,1,0,0,0,0,3.58611E+20,5.60125E+21,7.00437E+15,5.05461E+16
56915,56916,7,3,35,38,2016,8,15,4,3,2,6,0,1,0,1,0,0,0,0,3.99596E+20,5.47828E+21,7.61477E+15,4.94489E+16
56916,56917,7,3,18,0,2016,9,20,4,3,0,7,2,0,1,0,0,0,0,0,4.58261E+20,5.46398E+21,8.42557E+15,4.93271E+16
56917,56918,7,1,31,52,2016,8,18,3,2,4,6,0,0,0,0,0,1,0,0,3.45273E+20,5.58369E+21,6.82351E+15,5.03849E+16
56918,56919,7,3,34,501,2016,8,17,5,3,7,7,0,1,0,1,0,0,1,0,4.46927E+20,5.43353E+21,8.27362E+15,4.90523E+16
56919,56920,7,1,32,76,2016,9,14,2,3,5,3,0,0,1,1,0,0,0,0,4.19797E+20,5.634E+21,7.86061E+15,5.08521E+16
56920,56921,7,1,37,69,2016,8,17,1,3,2,1,0,0,0,1,0,0,0,0,3.762E+20,5.58325E+21,7.25846E+15,5.03883E+16
56921,56922,7,3,18,0,2016,9,14,5,3,6,2,0,0,0,1,1,0,0,0,4.5867E+20,5.46305E+21,8.4313E+15,4.93188E+16
56922,56923,7,3,39,5,2016,8,20,7,3,5,3,0,0,0,1,0,1,0,0,4.2094E+20,5.53576E+21,7.89753E+15,4.9969E+16
56923,56924,7,3,37,20,2016,8,15,3,3,1,6,0,0,0,1,0,0,0,1,4.36757E+20,5.45937E+21,8.13039E+15,4.92838E+16
56924,56925,7,1,11,0,2016,8,5,6,3,0,6,1,0,0,0,0,1,0,0,3.98081E+20,5.57912E+21,7.56727E+15,5.03553E+16
56925,56926,7,1,33,501,2016,9,14,3,1,4,1,0,0,0,1,0,0,1,0,4.02153E+20,5.51603E+21,7.64062E+15,4.97887E+16
56926,56927,7,3,12,0,2016,8,7,4,3,1,5,0,0,0,1,0,0,0,0,4.03652E+20,5.4762E+21,7.67122E+15,4.94308E+16
56927,56928,7,2,33,68,2016,9,18,6,3,4,6,0,0,0,1,0,0,0,0,3.51733E+20,5.56175E+21,6.92292E+15,5.01894E+16
56928,56929,7,3,33,54,2016,9,18,7,3,4,1,0,0,0,1,0,1,0,0,4.09771E+20,5.50883E+21,7.7481E+15,4.97252E+16
56929,56930,7,3,18,0,2016,8,16,4,3,1,6,0,0,0,1,0,1,0,0,4.58547E+20,5.46516E+21,8.42939E+15,4.93377E+16
56930,56931,7,1,37,216,2016,9,17,7,3,4,2,0,0,0,1,0,0,0,0,3.94264E+20,5.58406E+21,7.51223E+15,5.03991E+16
56931,56932,7,1,33,6,2016,8,16,2,3,2,1,0,0,0,1,0,0,0,1,4.21752E+20,5.52208E+21,7.91163E+15,4.9846E+16
56932,56933,7,3,37,20,2016,8,13,6,3,3,2,0,0,1,1,0,0,0,0,4.3591E+20,5.45882E+21,8.11883E+15,4.92788E+16
56933,56934,7,3,40,225,2016,9,17,4,3,1,1,0,0,0,0,0,1,0,1,3.92753E+20,5.46358E+21,7.52436E+15,4.93156E+16
56934,56935,7,1,31,11,2016,8,11,1,2,4,1,0,0,1,0,0,1,0,0,3.54192E+20,5.60246E+21,6.94156E+15,5.05559E+16
56935,56936,7,3,34,13,2016,9,8,5,3,1,6,0,0,0,1,0,0,0,0,4.40566E+20,5.4383E+21,8.18587E+15,4.90947E+16
56936,56937,7,1,37,222,2016,8,6,4,3,2,6,1,0,0,1,0,0,0,1,3.96325E+20,5.58353E+21,7.54137E+15,5.03947E+16
56937,56938,7,1,31,77,2016,8,15,6,3,2,6,0,0,0,1,0,0,0,0,3.75604E+20,5.60185E+21,7.2439E+15,5.05553E+16
56938,56939,7,3,32,13,2016,9,21,3,2,2,6,2,0,0,0,0,0,0,1,4.45743E+20,5.48079E+21,8.25102E+15,4.94773E+16
56939,56940,7,1,37,212,2016,8,16,5,3,9,1,0,0,0,0,0,1,0,0,3.8957E+20,5.57446E+21,7.44904E+15,5.03119E+16
56940,56941,7,3,15,0,2016,9,13,6,3,0,1,0,0,0,0,0,1,0,0,4.4477E+20,5.53753E+21,8.22954E+15,4.99876E+16
56941,56942,7,1,40,112,2016,9,10,1,3,0,1,0,1,0,0,0,1,0,0,4.08459E+20,5.55189E+21,7.7197E+15,5.01122E+16
56942,56943,7,1,31,6,2016,9,11,7,3,2,6,0,0,0,1,0,1,0,0,3.79456E+20,5.59656E+21,7.29996E+15,5.05086E+16
56943,56944,7,3,34,30,2016,8,16,2,1,3,7,0,0,0,1,0,0,1,0,4.39564E+20,5.442E+21,8.17159E+15,4.91279E+16
56944,56945,7,1,31,1,2016,9,9,5,2,5,3,0,0,0,1,0,1,0,0,3.5324E+20,5.5831E+21,6.93573E+15,5.03817E+16
56945,56946,7,2,33,229,2016,8,17,2,3,2,6,0,1,0,0,0,1,0,1,3.43494E+20,5.58103E+21,6.7996E+15,5.03605E+16
56946,56947,7,1,40,501,2016,8,22,4,3,8,7,2,0,0,1,0,0,0,0,3.97409E+20,5.56438E+21,7.56183E+15,5.02227E+16
56947,56948,7,2,35,68,2016,8,11,3,2,1,6,0,0,0,1,0,0,0,0,3.29384E+20,5.50707E+21,6.6343E+15,4.9692E+16
56948,56949,7,1,43,78,2016,8,15,2,2,2,6,0,0,0,1,0,1,0,0,4.1284E+20,5.59491E+21,7.77102E+15,5.04997E+16
56949,56950,7,1,11,0,2016,8,14,3,2,5,2,0,0,0,1,0,1,0,0,3.96049E+20,5.58087E+21,7.53823E+15,5.03707E+16
56950,56951,7,3,14,0,2016,9,17,2,2,8,1,0,0,0,1,0,0,0,0,4.53493E+20,5.48183E+21,8.35787E+15,4.94873E+16
56951,56952,7,1,33,6,2016,9,15,5,3,2,6,0,0,0,1,0,0,0,0,4.15715E+20,5.52219E+21,7.82766E+15,4.98462E+16
56952,56953,7,2,31,5,2016,9,18,7,3,8,1,0,1,0,0,0,1,0,0,3.56552E+20,5.54416E+21,6.99699E+15,5.00324E+16
56953,56954,7,3,12,0,2016,8,17,3,3,2,6,0,0,0,1,0,0,0,1,4.11542E+20,5.47811E+21,7.77958E+15,4.94492E+16
56954,56955,7,1,31,14,2016,8,12,2,3,0,7,0,1,0,0,0,1,0,1,3.81216E+20,5.59298E+21,7.3259E+15,5.04768E+16