FID,OBJECTID,ULAND,UREGBEZ,UKREIS,UGEMEINDE,UJAHR,UMONAT,USTUNDE,UWOCHENTAG,UKATEGORIE,UART,UTYP1,ULICHTVERH,IstStrasse,IstRad,IstPKW,IstFuss,IstKrad,IstGkfz,IstSonstig,LINREFX,LINREFY,XGCSWGS84,YGCSWGS84
56955,56956,7,1,43,32,2016,8,18,7,2,5,3,0,0,0,1,0,0,0,0,4.05888E+20,5.58888E+21,7.67453E+15,5.04444E+16
56956,56957,7,3,14,0,2016,8,18,5,3,5,2,1,1,0,1,0,0,0,1,4.54942E+20,5.48098E+21,8.37797E+15,4.94798E+16
56957,56958,7,1,35,36,2016,8,12,1,2,4,6,0,0,0,1,0,1,0,0,3.68325E+20,5.56037E+21,7.1557E+15,5.01809E+16
56958,56959,7,1,38,75,2016,8,11,4,2,4,6,0,0,1,1,0,0,0,0,3.82435E+20,5.60793E+21,7.33835E+15,5.06114E+16
56959,56960,7,2,11,0,2016,8,14,3,3,2,2,0,0,0,1,0,0,0,0,3.28848E+20,5.51321E+21,6.62418E+15,4.9747E+16
56960,56961,7,2,35,118,2016,9,17,6,3,4,2,0,0,0,1,0,0,0,0,3.24643E+20,5.49986E+21,6.57185E+15,4.96258E+16
56961,56962,7,3,39,5,2016,8,17,1,3,3,6,0,0,0,1,0,1,0,0,4.23991E+20,5.53156E+21,7.9409E+15,4.99316E+16
56962,56963,7,3,33,42,2016,8,17,2,3,2,6,0,0,0,1,0,0,0,0,4.17907E+20,5.48996E+21,7.86491E+15,4.95567E+16
56963,56964,7,2,35,125,2016,8,16,4,3,9,1,0,0,0,1,0,0,0,0,3.40228E+20,5.52372E+21,6.77769E+15,4.98445E+16
56964,56965,7,3,11,0,2016,8,15,6,3,2,6,0,0,0,1,0,1,0,0,4.53216E+20,5.48886E+21,8.35322E+15,4.95506E+16
56965,56966,7,3,36,5,2016,8,16,6,3,5,3,0,0,0,1,0,0,0,0,3.96652E+20,5.49545E+21,7.56967E+15,4.96027E+16
56966,56967,7,3,19,0,2016,9,17,4,3,0,1,0,0,0,0,0,1,0,0,4.54796E+20,5.49556E+21,8.37428E+15,4.96109E+16
56967,56968,7,1,11,0,2016,8,18,3,3,2,2,0,0,1,1,0,0,0,0,3.98709E+20,5.57944E+21,7.57601E+15,5.03583E+16
56968,56969,7,3,14,0,2016,8,20,5,3,5,3,1,0,0,1,0,1,0,0,4.56619E+20,5.48328E+21,8.40087E+15,4.95006E+16
56969,56970,7,1,11,0,2016,9,7,2,3,2,6,0,0,0,1,0,0,0,1,3.96666E+20,5.58321E+21,7.54626E+15,5.03919E+16
56970,56971,7,3,36,3,2016,8,14,7,3,1,2,0,0,0,1,0,0,0,0,3.88708E+20,5.49015E+21,7.46126E+15,4.95537E+16
56971,56972,7,3,15,0,2016,9,17,5,3,4,2,0,0,0,1,0,0,0,0,4.48444E+20,5.53618E+21,8.28097E+15,4.99758E+16
56972,56973,7,3,19,0,2016,8,13,7,3,4,2,0,0,0,1,0,1,0,0,4.53959E+20,5.49733E+21,8.36249E+15,4.96268E+16
56973,56974,7,1,38,41,2016,8,14,3,3,2,6,0,0,0,1,0,0,1,0,3.78053E+20,5.60309E+21,7.27804E+15,5.0567E+16
56974,56975,7,3,31,3,2016,8,16,3,3,5,3,0,0,0,1,0,0,0,0,4.37727E+20,5.51157E+21,8.13549E+15,4.97533E+16
56975,56976,7,3,15,0,2016,9,19,3,3,5,3,0,0,0,1,0,1,0,0,4.47583E+20,5.53991E+21,8.26846E+15,5.00092E+16
56976,56977,7,1,43,276,2016,9,13,6,3,2,6,0,0,0,1,0,0,0,0,4.19382E+20,5.61398E+21,7.85911E+15,5.0672E+16
56977,56978,7,3,34,17,2016,9,8,7,3,5,3,0,0,0,1,0,0,0,0,4.52721E+20,5.45417E+21,8.3505E+15,4.92384E+16
56978,56979,7,3,15,0,2016,8,17,4,3,5,3,0,0,1,1,0,0,0,0,4.44482E+20,5.54191E+21,8.2249E+15,5.00269E+16
56979,56980,7,3,36,66,2016,9,17,6,3,2,6,0,0,0,1,0,0,0,1,3.90665E+20,5.48475E+21,7.4898E+15,4.95055E+16
56980,56981,7,3,11,0,2016,8,7,2,3,2,6,0,0,0,1,0,0,0,1,4.50314E+20,5.48922E+21,8.31305E+15,4.95536E+16
56981,56982,7,3,15,0,2016,8,9,2,3,2,6,0,0,0,1,0,1,0,0,4.44177E+20,5.54117E+21,8.22075E+15,5.00203E+16
56982,56983,7,1,33,86,2016,8,8,6,3,2,6,0,0,0,1,0,0,0,0,4.14959E+20,5.52287E+21,7.817E+15,4.98522E+16
56983,56984,7,3,12,0,2016,9,10,4,3,2,6,0,0,0,1,0,0,0,0,4.07028E+20,5.47374E+21,7.71834E+15,4.94092E+16
56984,56985,7,1,38,77,2016,8,23,2,3,2,6,2,0,0,0,0,0,1,1,3.82952E+20,5.61127E+21,7.34461E+15,5.06415E+16
56985,56986,7,1,32,117,2016,8,0,3,3,9,1,2,0,0,0,0,1,0,0,4.12025E+20,5.6271E+21,7.75188E+15,5.0789E+16
56986,56987,7,3,35,47,2016,8,13,1,3,4,1,0,0,0,1,0,1,0,0,4.13043E+20,5.46516E+21,7.80312E+15,4.93329E+16
56987,56988,7,3,39,32,2016,9,10,2,3,5,3,0,0,0,0,0,1,0,1,4.4387E+20,5.53347E+21,8.21759E+15,4.99509E+16
56988,56989,7,2,11,0,2016,9,22,5,3,5,3,2,0,0,1,0,0,0,1,3.29551E+20,5.51486E+21,6.63321E+15,4.9762E+16
56989,56990,7,1,31,28,2016,9,17,7,3,1,6,0,0,0,0,0,1,0,0,3.57689E+20,5.58076E+21,6.99915E+15,5.03617E+16
56990,56991,7,2,32,88,2016,8,17,3,2,8,1,0,0,0,1,0,1,0,0,3.0494E+20,5.54248E+21,6.27792E+15,5.00027E+16
56991,56992,7,3,14,0,2016,8,14,1,3,5,3,0,0,0,1,0,0,0,0,4.55988E+20,5.48228E+21,8.39226E+15,4.94915E+16
56992,56993,7,1,37,96,2016,8,11,5,2,8,1,0,0,0,0,0,1,0,0,3.86411E+20,5.58177E+21,7.40248E+15,5.0377E+16
56993,56994,7,3,12,0,2016,8,16,7,3,2,6,0,0,0,1,0,0,0,1,4.03112E+20,5.47758E+21,7.66344E+15,4.94431E+16
56994,56995,7,1,11,0,2016,8,9,4,3,3,6,0,0,0,1,0,0,0,0,3.97888E+20,5.57944E+21,7.56447E+15,5.03581E+16
56995,56996,7,1,32,501,2016,8,13,3,3,4,6,0,0,0,1,0,0,0,0,4.04533E+20,5.6159E+21,7.64853E+15,5.06871E+16
56996,56997,7,1,43,10,2016,8,17,2,3,5,3,0,0,0,1,0,0,0,0,4.14336E+20,5.58929E+21,7.79339E+15,5.04494E+16
56997,56998,7,1,37,207,2016,8,15,3,2,4,6,0,0,0,0,0,1,0,1,3.94143E+20,5.57231E+21,7.51384E+15,5.02934E+16
56998,56999,7,3,40,224,2016,8,1,1,2,9,1,2,0,0,1,0,0,0,0,3.92331E+20,5.46013E+21,7.51949E+15,4.92844E+16
56999,57000,7,3,14,0,2016,9,23,2,2,5,3,2,0,1,1,0,0,0,0,4.55071E+20,5.48273E+21,8.37956E+15,4.94956E+16
57000,57001,7,2,11,0,2016,9,17,5,3,1,6,0,0,0,1,0,0,0,0,3.3443E+20,5.51909E+21,6.69909E+15,4.98014E+16
57001,57002,7,1,32,23,2016,9,2,7,2,8,1,2,0,0,1,0,0,0,0,3.95955E+20,5.61006E+21,7.52878E+15,5.06331E+16
57002,57003,7,3,18,0,2016,8,16,3,3,5,3,0,0,0,1,0,1,0,0,4.58509E+20,5.4639E+21,8.42899E+15,4.93264E+16
57003,57004,7,3,36,92,2016,8,14,1,3,0,2,0,0,0,1,0,0,0,0,3.83494E+20,5.47445E+21,7.39383E+15,4.94115E+16
57004,57005,7,1,38,4,2016,8,9,5,2,4,6,0,0,0,1,0,1,0,0,3.80247E+20,5.59789E+21,7.31067E+15,5.05207E+16
57005,57006,7,3,11,0,2016,8,10,6,2,2,6,0,0,0,1,0,1,0,0,4.50481E+20,5.48862E+21,8.31543E+15,4.95482E+16
57006,57007,7,2,32,306,2016,8,15,5,2,3,6,0,0,0,0,0,1,1,0,3.30926E+20,5.54622E+21,6.63855E+15,5.00443E+16
57007,57008,7,1,40,501,2016,8,20,1,2,7,1,2,0,1,0,0,0,0,1,3.94722E+20,5.56788E+21,7.5232E+15,5.02537E+16
57008,57009,7,1,35,45,2016,8,23,4,3,8,1,2,0,0,1,0,0,0,0,3.68476E+20,5.56559E+21,7.15601E+15,5.02279E+16
57009,57010,7,1,11,0,2016,8,11,3,3,3,6,0,0,0,1,0,0,1,0,3.97314E+20,5.58273E+21,7.55551E+15,5.03876E+16
57010,57011,7,1,41,29,2016,9,9,6,3,5,3,0,0,1,1,0,0,0,0,4.31692E+20,5.58075E+21,8.03937E+15,5.03749E+16
57011,57012,7,1,32,11,2016,8,15,1,3,0,1,0,0,0,0,0,1,0,0,4.15665E+20,5.6255E+21,7.80389E+15,5.07751E+16
57012,57013,7,3,14,0,2016,8,16,2,3,2,6,0,0,0,1,0,0,0,0,4.59254E+20,5.48069E+21,8.43752E+15,4.94775E+16
57013,57014,7,1,43,206,2016,8,19,4,3,2,1,0,0,0,1,0,0,0,0,4.26751E+20,5.61047E+21,7.96406E+15,5.06415E+16
57014,57015,7,3,15,0,2016,8,22,6,3,5,3,2,0,0,1,0,0,0,0,4.46145E+20,5.5394E+21,8.24847E+15,5.00044E+16
57015,57016,7,3,34,21,2016,8,17,6,3,2,6,0,0,1,0,0,0,0,0,4.45119E+20,5.4255E+21,8.24997E+15,4.898E+16
57016,57017,7,3,15,0,2016,9,10,4,2,5,3,0,0,1,1,0,0,0,0,4.45323E+20,5.54147E+21,8.2367E+15,5.0023E+16
57017,57018,7,3,19,0,2016,8,12,5,3,1,1,0,0,0,1,0,0,0,0,4.52943E+20,5.49784E+21,8.34836E+15,4.96313E+16
57018,57019,7,3,38,19,2016,9,12,1,3,1,5,0,1,0,1,0,0,0,0,4.54079E+20,5.47474E+21,8.36678E+15,4.94236E+16
57019,57020,7,3,18,0,2016,8,16,4,3,5,3,0,0,1,1,0,0,0,0,4.59676E+20,5.46311E+21,8.44514E+15,4.93194E+16
57020,57021,7,3,13,0,2016,8,11,7,3,4,2,0,0,0,1,0,0,0,0,4.34488E+20,5.45293E+21,8.10025E+15,4.92257E+16
57021,57022,7,2,32,18,2016,9,15,5,3,1,6,0,0,0,1,0,0,0,0,3.22934E+20,5.54041E+21,6.52972E+15,4.99897E+16
57022,57023,7,2,32,209,2016,8,12,7,3,8,1,0,0,0,0,0,1,0,0,3.27613E+20,5.56592E+21,6.58342E+15,5.02203E+16
57023,57024,7,3,40,38,2016,8,20,2,2,8,1,1,0,0,0,0,1,0,0,3.99082E+20,5.45316E+21,7.61404E+15,4.92229E+16
57024,57025,7,2,33,58,2016,8,15,3,3,2,6,0,0,0,1,0,0,0,0,3.35773E+20,5.56867E+21,6.69652E+15,5.02474E+16
57025,57026,7,3,19,0,2016,8,17,1,3,5,3,0,0,1,1,0,0,0,0,4.5195E+20,5.49805E+21,8.33458E+15,4.96331E+16
57026,57027,7,2,31,5,2016,9,9,3,3,8,1,0,0,0,1,0,0,0,0,3.56592E+20,5.54424E+21,6.99753E+15,5.00331E+16
57027,57028,7,1,31,70,2016,9,19,6,3,2,6,0,0,1,1,0,0,0,0,3.72506E+20,5.60688E+21,7.19845E+15,5.05999E+16
57028,57029,7,3,14,0,2016,9,14,7,3,0,1,0,0,0,0,0,1,0,0,4.53968E+20,5.48232E+21,8.36438E+15,4.94917E+16
57029,57030,7,1,35,43,2016,8,18,7,2,5,3,0,0,1,1,0,0,0,0,3.72762E+20,5.56726E+21,7.21551E+15,5.02438E+16
57030,57031,7,2,35,141,2016,8,13,4,3,4,6,0,0,0,1,0,0,0,0,3.39053E+20,5.51414E+21,6.76534E+15,4.97582E+16
57031,57032,7,3,18,0,2016,9,7,6,3,7,7,0,0,1,0,1,0,0,0,4.58539E+20,5.46343E+21,8.42946E+15,4.93222E+16
57032,57033,7,3,37,23,2016,8,11,2,3,5,3,0,0,0,1,0,0,0,0,4.39823E+20,5.45529E+21,8.17315E+15,4.92474E+16
57033,57034,7,2,35,146,2016,8,17,2,3,2,6,0,0,0,1,0,0,0,0,3.15814E+20,5.50584E+21,6.44691E+15,4.96769E+16
57034,57035,7,3,15,0,2016,8,11,6,2,5,3,0,0,1,1,0,0,0,0,4.46056E+20,5.53856E+21,8.24734E+15,4.99969E+16
57035,57036,7,1,33,101,2016,8,12,4,2,8,1,0,0,0,1,0,0,0,0,4.10978E+20,5.51997E+21,7.7623E+15,4.98255E+16
57036,57037,7,3,32,35,2016,8,13,1,2,9,1,0,0,0,1,0,0,0,0,4.43122E+20,5.47219E+21,8.21608E+15,4.93998E+16
57037,57038,7,3,32,32,2016,8,6,6,3,4,6,0,1,0,1,0,0,0,0,4.34654E+20,5.46888E+21,8.09992E+15,4.93691E+16
57038,57039,7,1,41,60,2016,8,15,6,3,8,1,0,0,0,1,0,0,0,0,4.23567E+20,5.56247E+21,7.92883E+15,5.02095E+16
57039,57040,7,3,33,24,2016,8,19,2,3,8,1,0,0,0,1,0,0,0,0,4.1089E+20,5.49195E+21,7.76747E+15,4.95735E+16
57040,57041,7,1,43,308,2016,9,13,5,2,5,3,0,0,0,1,0,0,0,0,4.28141E+20,5.60069E+21,7.98561E+15,5.05538E+16
57041,57042,7,1,43,286,2016,8,18,3,2,8,1,0,0,0,1,0,0,0,0,4.34477E+20,5.60745E+21,8.07385E+15,5.06153E+16
57042,57043,7,3,12,0,2016,8,12,4,3,2,2,0,0,0,1,0,0,0,0,4.12582E+20,5.47762E+21,7.79404E+15,4.94449E+16
57043,57044,7,3,39,57,2016,8,18,7,2,0,7,0,0,0,0,1,0,0,1,4.37117E+20,5.52969E+21,8.12408E+15,4.99162E+16
57044,57045,7,3,19,0,2016,8,16,5,2,4,6,0,0,0,1,0,0,1,0,4.50952E+20,5.50284E+21,8.32016E+15,4.96761E+16
57045,57046,7,3,16,0,2016,8,17,3,3,5,3,0,0,0,1,0,0,0,0,4.41032E+20,5.46789E+21,8.1879E+15,4.93609E+16
57046,57047,7,3,16,0,2016,8,14,1,3,5,3,0,0,0,1,0,0,0,0,4.39506E+20,5.46608E+21,8.16717E+15,4.93444E+16
57047,57048,7,1,33,83,2016,8,5,2,3,8,7,1,0,0,1,0,0,0,0,4.05706E+20,5.51001E+21,7.69143E+15,4.97352E+16
57048,57049,7,1,40,80,2016,9,16,6,3,8,7,0,0,0,1,0,0,0,0,4.00111E+20,5.55061E+21,7.60331E+15,5.00993E+16
57049,57050,7,2,35,149,2016,8,8,6,3,5,3,0,0,0,1,0,0,0,0,3.12572E+20,5.49814E+21,6.40569E+15,4.96067E+16
57050,57051,7,1,37,203,2016,9,12,4,3,8,1,0,0,0,1,0,0,0,0,4.00471E+20,5.59032E+21,7.59788E+15,5.04564E+16
57051,57052,7,1,38,54,2016,8,14,5,3,1,6,0,0,0,1,0,0,0,0,3.95628E+20,5.60073E+21,7.52678E+15,5.05492E+16
57052,57053,7,1,33,17,2016,9,14,6,3,2,1,0,0,0,1,0,0,0,0,4.01486E+20,5.50602E+21,7.6339E+15,4.96987E+16
57053,57054,7,1,43,47,2016,9,11,1,3,0,1,0,0,0,0,0,1,0,0,4.11668E+20,5.59364E+21,7.75479E+15,5.04881E+16
57054,57055,7,3,31,18,2016,8,15,4,2,8,1,0,0,0,1,0,1,0,0,4.55089E+20,5.51004E+21,8.37668E+15,4.97412E+16
57055,57056,7,1,41,86,2016,9,13,5,3,8,1,0,0,0,0,0,1,0,0,4.04348E+20,5.57506E+21,7.65637E+15,5.03199E+16
57056,57057,7,1,32,116,2016,8,18,4,3,2,6,0,0,0,1,0,0,0,0,3.95623E+20,5.60261E+21,7.52618E+15,5.05661E+16
57057,57058,7,1,37,93,2016,9,16,6,3,5,3,0,0,0,1,0,1,0,0,3.69312E+20,5.58266E+21,7.16181E+15,5.03815E+16
57058,57059,7,1,31,77,2016,8,13,1,3,5,3,0,0,1,1,0,0,0,0,3.75722E+20,5.60077E+21,7.24592E+15,5.05456E+16
57059,57060,7,3,31,24,2016,8,7,2,2,8,1,0,0,0,1,0,0,0,0,4.40148E+20,5.50503E+21,8.1701E+15,4.96948E+16
57060,57061,7,2,32,226,2016,8,14,6,3,2,6,0,0,0,1,0,0,0,0,3.1946E+20,5.56576E+21,6.46932E+15,5.02164E+16
57061,57062,7,1,32,63,2016,9,22,4,3,0,6,2,0,0,1,0,1,0,0,4.24378E+20,5.62998E+21,7.92652E+15,5.08166E+16
57062,57063,7,2,31,502,2016,8,12,5,3,5,3,0,0,0,1,0,0,0,0,3.64294E+20,5.51892E+21,7.11391E+15,4.98074E+16
57063,57064,7,2,33,230,2016,9,3,1,2,0,6,2,0,0,0,0,1,0,0,3.61107E+20,5.57E+21,7.05114E+15,5.02658E+16
57064,57065,7,3,14,0,2016,8,12,4,3,1,5,0,0,1,1,0,0,0,0,4.5456E+20,5.47859E+21,8.37297E+15,4.94583E+16
57065,57066,7,2,35,68,2016,9,17,5,3,9,1,0,0,0,0,0,1,0,0,3.30647E+20,5.50616E+21,6.65218E+15,4.96841E+16
57066,57067,7,2,11,0,2016,8,13,7,3,2,6,0,0,0,1,0,0,0,0,3.31355E+20,5.51496E+21,6.65819E+15,4.97634E+16
57067,57068,7,1,34,17,2016,8,15,4,3,5,3,0,0,0,1,0,0,0,0,3.83405E+20,5.5226E+21,7.3783E+15,4.98444E+16
57068,57069,7,3,12,0,2016,8,17,2,2,5,3,0,0,0,1,0,0,0,0,4.05469E+20,5.47113E+21,7.69748E+15,4.93855E+16
57069,57070,7,1,32,6,2016,8,19,3,2,0,2,0,0,1,1,0,0,0,0,4.20621E+20,5.62676E+21,7.87389E+15,5.07871E+16
57070,57071,7,1,43,300,2016,8,20,1,3,8,1,1,1,0,1,0,0,0,0,4.2238E+20,5.61321E+21,7.90168E+15,5.06656E+16
57071,57072,7,1,41,1,2016,9,17,3,3,8,1,0,0,0,0,0,1,0,0,4.30188E+20,5.57004E+21,8.02021E+15,5.02784E+16
57072,57073,7,1,40,36,2016,9,11,6,3,3,6,0,0,0,1,0,1,0,0,4.0055E+20,5.57619E+21,7.60274E+15,5.03294E+16
57073,57074,7,1,33,6,2016,9,20,7,2,3,2,2,0,1,1,0,0,0,0,4.19257E+20,5.52104E+21,7.87715E+15,4.98364E+16
57074,57075,7,1,41,501,2016,8,11,7,3,5,3,0,0,1,1,0,0,0,0,4.03662E+20,5.57002E+21,7.64803E+15,5.02745E+16
57075,57076,7,1,35,17,2016,8,13,4,2,5,3,0,0,0,1,0,1,0,0,3.73549E+20,5.5545E+21,7.23078E+15,5.01293E+16
57076,57077,7,3,19,0,2016,9,12,6,3,1,2,0,0,0,1,0,0,0,0,4.53529E+20,5.49772E+21,8.35649E+15,4.96303E+16
57077,57078,7,3,31,26,2016,8,5,2,3,0,1,1,0,0,1,0,0,0,0,4.40008E+20,5.51141E+21,8.16718E+15,4.97521E+16
57078,57079,7,3,11,0,2016,8,17,7,3,3,6,0,1,0,1,0,0,0,1,4.53213E+20,5.48929E+21,8.35311E+15,4.95544E+16
57079,57080,7,1,41,135,2016,8,15,6,3,8,1,0,0,0,0,0,1,0,0,4.18517E+20,5.57583E+21,7.8552E+15,5.03289E+16
57080,57081,7,2,31,134,2016,8,12,4,3,9,1,0,1,0,1,0,0,0,0,3.46373E+20,5.53981E+21,6.8567E+15,4.99908E+16
57081,57082,7,3,11,0,2016,8,13,1,2,0,1,0,0,0,0,0,1,0,0,4.5279E+20,5.48624E+21,8.34764E+15,4.95269E+16
57082,57083,7,1,33,501,2016,8,22,6,2,9,6,2,0,0,0,0,1,0,0,4.05129E+20,5.51516E+21,7.68217E+15,4.97814E+16
57083,57084,7,1,31,37,2016,8,15,6,2,8,7,0,1,0,0,0,1,0,1,3.59174E+20,5.58375E+21,7.0189E+15,5.03889E+16
57084,57085,7,3,12,0,2016,8,14,2,3,1,6,0,0,0,1,0,0,0,0,4.05469E+20,5.47668E+21,7.69616E+15,4.94355E+16
57085,57086,7,1,31,77,2016,9,17,5,3,4,1,0,0,0,1,0,0,0,0,3.73648E+20,5.59947E+21,7.2171E+15,5.05335E+16
57086,57087,7,1,43,29,2016,8,14,3,3,2,2,0,0,0,1,0,0,0,0,4.09789E+20,5.60333E+21,7.72597E+15,5.05749E+16
57087,57088,7,3,38,12,2016,8,21,4,3,8,1,2,0,0,1,0,0,0,0,4.47856E+20,5.48732E+21,8.27932E+15,4.95363E+16
57088,57089,7,2,31,133,2016,8,7,7,1,8,1,1,0,0,1,0,0,0,0,3.54198E+20,5.52753E+21,6.97044E+15,4.98824E+16
57089,57090,7,2,11,0,2016,8,19,5,3,5,3,1,1,0,0,0,1,1,0,3.29759E+20,5.51514E+21,6.63597E+15,4.97646E+16
57090,57091,7,3,15,0,2016,8,13,3,3,5,2,0,0,0,1,0,0,0,0,4.41245E+20,5.53783E+21,8.18034E+15,4.99899E+16
57091,57092,7,3,13,0,2016,8,21,1,3,8,1,0,0,0,1,0,0,0,0,4.35188E+20,5.45143E+21,8.11011E+15,4.92122E+16
57092,57093,7,3,12,0,2016,9,18,5,3,5,2,0,0,1,1,0,0,0,0,4.12555E+20,5.47752E+21,7.79369E+15,4.9444E+16
57093,57094,7,1,32,501,2016,8,18,6,3,5,3,0,0,0,1,0,0,1,0,4.03715E+20,5.61746E+21,7.63655E+15,5.0701E+16
57094,57095,7,3,12,0,2016,9,18,3,3,4,2,0,0,0,1,0,0,0,0,4.02601E+20,5.47591E+21,7.65681E+15,4.94281E+16
57095,57096,7,1,37,68,2016,8,9,5,3,5,3,0,0,0,1,0,1,0,0,3.75846E+20,5.57202E+21,7.25718E+15,5.02872E+16
57096,57097,7,3,14,0,2016,9,7,6,3,4,3,0,0,1,0,0,0,0,0,4.56031E+20,5.47828E+21,8.3933E+15,4.94556E+16
57097,57098,7,1,40,145,2016,9,9,1,2,8,7,0,1,0,1,0,0,0,0,3.78629E+20,5.53247E+21,7.30879E+15,4.99323E+16
57098,57099,7,1,38,68,2016,9,17,7,3,2,2,0,0,0,1,0,1,0,0,3.82705E+20,5.60411E+21,7.34337E+15,5.05771E+16
57099,57100,7,1,35,18,2016,9,11,5,3,4,6,0,0,0,1,0,0,0,0,3.62722E+20,5.56116E+21,7.07698E+15,5.01867E+16
57100,57101,7,3,39,32,2016,8,19,2,3,1,6,0,0,0,1,0,0,0,0,4.43995E+20,5.5333E+21,8.21935E+15,4.99494E+16
57101,57102,7,1,40,24,2016,8,12,4,2,4,6,0,0,0,1,0,0,1,0,3.74737E+20,5.53116E+21,7.25502E+15,4.99197E+16
57102,57103,7,3,34,24,2016,8,19,2,3,0,1,0,1,0,0,0,1,0,1,4.47346E+20,5.44095E+21,8.27839E+15,4.91191E+16
57103,57104,7,2,35,106,2016,8,16,2,3,5,3,0,0,0,1,0,0,0,0,3.31974E+20,5.50571E+21,6.67076E+15,4.96805E+16
57104,57105,7,1,40,501,2016,8,22,3,2,3,6,2,0,0,1,0,1,0,0,3.9388E+20,5.56659E+21,7.51175E+15,5.0242E+16
57105,57106,7,1,37,89,2016,9,16,3,2,8,1,0,0,0,1,0,0,0,0,3.78736E+20,5.57489E+21,7.29681E+15,5.03136E+16
57106,57107,7,3,32,34,2016,9,11,5,2,4,1,0,0,0,1,0,1,0,0,4.34768E+20,5.4701E+21,8.10129E+15,4.93801E+16
57107,57108,7,2,33,26,2016,9,10,7,3,4,6,0,0,0,1,0,1,0,0,3.33196E+20,5.56486E+21,6.66209E+15,5.02124E+16
57108,57109,7,3,40,52,2016,8,14,3,2,8,1,0,0,0,1,0,0,0,0,3.93437E+20,5.44257E+21,7.53935E+15,4.91267E+16
57109,57110,7,1,43,308,2016,8,10,2,3,2,6,0,1,0,1,0,0,0,0,4.2586E+20,5.60231E+21,7.9531E+15,5.0568E+16
57110,57111,7,2,35,50,2016,8,14,7,3,9,1,0,1,0,1,0,0,0,0,3.37973E+20,5.50557E+21,6.75391E+15,4.96808E+16
57111,57112,7,3,32,46,2016,8,17,5,3,8,1,0,0,0,0,0,1,0,0,4.37412E+20,5.4755E+21,8.13686E+15,4.94289E+16
57112,57113,7,1,43,46,2016,8,17,1,3,8,1,0,1,0,1,0,0,0,0,4.14561E+20,5.5999E+21,7.79414E+15,5.05448E+16
57113,57114,7,2,11,0,2016,8,14,6,3,5,2,0,0,0,0,0,0,0,1,3.29551E+20,5.51486E+21,6.63321E+15,4.9762E+16
57114,57115,7,3,18,0,2016,8,14,2,2,2,2,0,0,0,1,0,0,1,0,4.56937E+20,5.46507E+21,8.40723E+15,4.93368E+16
57115,57116,7,2,32,7,2016,9,17,6,3,4,2,0,0,0,1,0,0,0,0,3.28735E+20,5.54313E+21,6.60937E+15,5.00158E+16
57116,57117,7,3,18,0,2016,8,9,2,3,5,3,0,0,1,1,0,0,0,0,4.58569E+20,5.46484E+21,8.42973E+15,4.93349E+16
57117,57118,7,1,37,501,2016,8,18,3,3,8,1,0,0,0,0,0,1,0,0,3.82638E+20,5.56804E+21,7.35371E+15,5.02529E+16
57118,57119,7,1,32,117,2016,8,21,1,3,9,6,2,1,0,1,0,0,0,0,4.10656E+20,5.62832E+21,7.73217E+15,5.07997E+16
57119,57120,7,1,32,45,2016,9,16,3,3,1,6,0,0,0,1,0,0,0,0,4.19053E+20,5.63398E+21,7.85006E+15,5.08518E+16
57120,57121,7,3,12,0,2016,9,17,5,3,2,6,0,0,0,1,0,0,0,0,4.12214E+20,5.4772E+21,7.78904E+15,4.94412E+16
57121,57122,7,3,33,17,2016,9,6,7,3,8,7,1,0,0,1,0,0,0,0,4.29344E+20,5.49623E+21,8.02189E+15,4.96145E+16
57122,57123,7,3,32,47,2016,8,19,6,2,9,1,0,0,0,1,0,0,0,0,4.30938E+20,5.48593E+21,8.04577E+15,4.95221E+16
57123,57124,7,1,40,36,2016,8,18,4,3,2,2,0,0,0,1,0,0,0,0,3.98066E+20,5.55712E+21,7.57298E+15,5.01575E+16
57124,57125,7,3,15,0,2016,8,12,2,3,5,3,0,0,1,1,0,0,0,0,4.49306E+20,5.53768E+21,8.29279E+15,4.99893E+16
57125,57126,7,3,31,3,2016,8,19,7,3,0,1,0,1,0,0,0,1,0,0,4.36747E+20,5.51134E+21,8.12192E+15,4.97512E+16
57126,57127,7,1,41,501,2016,8,7,6,3,2,2,0,0,0,1,0,0,0,0,4.03232E+20,5.57002E+21,7.64199E+15,5.02744E+16
57127,57128,7,2,35,207,2016,8,11,4,3,8,1,0,0,0,1,0,1,0,0,3.49396E+20,5.52056E+21,6.90635E+15,4.98186E+16
57128,57129,7,3,15,0,2016,8,20,1,3,9,7,1,1,0,0,0,1,0,1,4.45465E+20,5.53504E+21,8.23959E+15,4.99652E+16
57129,57130,7,2,31,502,2016,8,14,6,2,2,2,0,0,0,0,0,1,0,0,3.64376E+20,5.5191E+21,7.11498E+15,4.9809E+16
57130,57131,7,3,17,0,2016,8,14,5,3,5,3,0,0,1,1,0,0,0,0,3.98264E+20,5.45131E+21,7.60328E+15,4.92061E+16
57131,57132,7,1,33,501,2016,8,15,2,3,5,1,0,0,0,1,0,1,0,0,4.02787E+20,5.51545E+21,7.64958E+15,4.97836E+16
57132,57133,7,1,37,3,2016,9,17,5,3,5,3,0,0,0,1,0,1,0,1,3.85313E+20,5.58723E+21,7.38538E+15,5.04259E+16
57133,57134,7,1,31,52,2016,8,14,3,2,2,7,0,0,1,1,0,0,0,0,3.45837E+20,5.58418E+21,6.83123E+15,5.03895E+16
57134,57135,7,3,19,0,2016,8,17,4,3,2,2,0,0,0,1,0,0,0,0,4.52368E+20,5.49992E+21,8.34015E+15,4.965E+16
57135,57136,7,1,32,32,2016,8,18,7,2,4,6,0,0,0,1,0,0,1,0,3.95843E+20,5.60999E+21,7.52721E+15,5.06325E+16