FID,OBJECTID,ULAND,UREGBEZ,UKREIS,UGEMEINDE,UJAHR,UMONAT,USTUNDE,UWOCHENTAG,UKATEGORIE,UART,UTYP1,ULICHTVERH,IstStrasse,IstRad,IstPKW,IstFuss,IstKrad,IstGkfz,IstSonstig,LINREFX,LINREFY,XGCSWGS84,YGCSWGS84
57136,57137,7,1,41,75,2016,8,10,5,2,5,3,0,0,0,1,0,0,1,0,4.01193E+20,5.57314E+21,7.61257E+15,5.03021E+16
57137,57138,7,1,43,229,2016,8,0,3,3,6,6,2,0,0,1,1,0,0,0,4.19282E+20,5.61383E+21,7.85773E+15,5.06707E+16
57138,57139,7,1,37,205,2016,8,13,1,3,0,1,0,0,1,0,0,0,0,0,3.89385E+20,5.56376E+21,7.44956E+15,5.02157E+16
57139,57140,7,3,37,22,2016,9,19,5,3,0,3,0,0,0,1,0,0,0,1,4.28889E+20,5.44723E+21,8.02437E+15,4.91738E+16
57140,57141,7,3,32,24,2016,8,13,3,3,0,1,0,0,1,0,0,0,0,0,4.39752E+20,5.49034E+21,8.16686E+15,4.95627E+16
57141,57142,7,1,37,36,2016,8,14,6,3,8,1,0,0,0,0,0,1,0,0,3.65584E+20,5.57698E+21,7.11143E+15,5.03295E+16
57142,57143,7,3,34,2,2016,9,17,3,3,5,3,0,0,0,1,0,0,0,0,4.41954E+20,5.42681E+21,8.20653E+15,4.89915E+16
57143,57144,7,3,40,45,2016,8,23,4,2,7,7,2,0,0,0,0,1,0,0,4.05797E+20,5.43604E+21,7.71023E+15,4.907E+16
57144,57145,7,3,15,0,2016,9,7,6,3,1,7,0,0,0,1,0,0,0,0,4.47982E+20,5.53593E+21,8.27457E+15,4.99735E+16
57145,57146,7,1,43,27,2016,9,16,1,3,2,6,0,1,0,1,0,0,0,0,4.1877E+20,5.58929E+21,7.85583E+15,5.045E+16
57146,57147,7,1,31,7,2016,9,15,7,2,8,1,0,0,0,0,0,1,0,0,3.68967E+20,5.59966E+21,7.15101E+15,5.05342E+16
57147,57148,7,3,18,0,2016,8,10,2,2,2,7,0,0,0,1,0,0,1,0,4.57063E+20,5.46447E+21,8.40904E+15,4.93314E+16
57148,57149,7,1,40,67,2016,9,17,5,3,4,1,0,0,1,1,0,0,0,0,3.86187E+20,5.53091E+21,7.41453E+15,4.99198E+16
57149,57150,7,2,31,40,2016,8,15,2,3,4,2,0,0,0,1,0,0,1,0,3.59802E+20,5.52548E+21,7.04914E+15,4.98653E+16
57150,57151,7,1,31,7,2016,8,10,4,3,5,6,0,0,0,1,0,0,0,0,3.67074E+20,5.60155E+21,7.12365E+15,5.05508E+16
57151,57152,7,1,33,6,2016,8,15,2,3,3,6,0,0,1,1,0,0,0,0,4.17804E+20,5.52134E+21,7.85689E+15,4.98389E+16
57152,57153,7,1,37,3,2016,8,13,2,3,3,6,0,0,0,1,0,0,1,0,3.96327E+20,5.58352E+21,7.54141E+15,5.03945E+16
57153,57154,7,1,33,23,2016,8,20,3,3,3,6,1,0,0,1,0,0,0,0,4.06493E+20,5.5386E+21,7.69544E+15,4.99924E+16
57154,57155,7,3,34,1,2016,9,19,2,3,7,1,1,0,1,0,0,0,0,0,4.47327E+20,5.44954E+21,8.27701E+15,4.91964E+16
57155,57156,7,3,39,33,2016,9,17,5,2,9,1,0,0,0,0,0,1,0,0,4.46882E+20,5.52126E+21,8.26124E+15,4.98415E+16
57156,57157,7,2,35,152,2016,9,16,7,2,5,3,0,0,0,1,0,1,0,0,3.32411E+20,5.49605E+21,6.68095E+15,4.95938E+16
57157,57158,7,3,11,0,2016,8,14,3,3,9,1,0,0,0,0,0,0,1,0,4.5342E+20,5.48934E+21,8.35597E+15,4.95548E+16
57158,57159,7,1,37,3,2016,8,14,2,3,3,6,0,0,0,1,0,0,0,0,3.85736E+20,5.58703E+21,7.39139E+15,5.04241E+16
57159,57160,7,1,38,45,2016,8,10,7,2,5,7,0,0,1,1,0,0,0,0,3.88827E+20,5.58977E+21,7.43407E+15,5.04494E+16
57160,57161,7,1,33,44,2016,8,15,5,3,5,3,0,0,1,1,0,0,0,0,4.1109E+20,5.5288E+21,7.76183E+15,4.99049E+16
57161,57162,7,1,31,1,2016,8,9,1,2,5,2,0,0,1,1,0,0,0,0,3.54267E+20,5.58253E+21,6.95039E+15,5.03768E+16
57162,57163,7,1,32,96,2016,8,18,4,3,1,6,0,0,0,1,0,0,0,0,4.08618E+20,5.62448E+21,7.70421E+15,5.07649E+16
57163,57164,7,1,33,6,2016,8,10,2,2,5,2,0,0,0,0,0,1,0,1,4.19708E+20,5.52036E+21,7.88357E+15,4.98303E+16
57164,57165,7,2,11,0,2016,9,15,6,3,2,6,0,0,0,1,0,0,0,0,3.28485E+20,5.51055E+21,6.62031E+15,4.9723E+16
57165,57166,7,2,33,71,2016,8,16,1,2,3,2,0,0,0,1,0,1,0,0,3.53545E+20,5.55005E+21,6.95279E+15,5.00846E+16
57166,57167,7,3,12,0,2016,8,18,2,2,6,4,0,0,0,1,1,0,0,0,4.1096E+20,5.47664E+21,7.77188E+15,4.94359E+16
57167,57168,7,2,35,137,2016,8,17,4,3,2,6,0,0,0,1,0,0,0,0,3.27337E+20,5.51608E+21,6.60195E+15,4.97724E+16
57168,57169,7,1,33,30,2016,8,8,6,3,8,1,0,0,0,1,0,0,0,0,4.13728E+20,5.51502E+21,7.80162E+15,4.97815E+16
57169,57170,7,3,12,0,2016,8,21,6,3,1,6,2,0,0,1,0,0,0,0,4.09847E+20,5.4764E+21,7.75659E+15,4.94336E+16
57170,57171,7,3,39,48,2016,9,14,4,3,0,1,0,0,1,0,0,0,0,0,4.25844E+20,5.53311E+21,7.96642E+15,4.99457E+16
57171,57172,7,3,32,2,2016,8,15,2,3,2,6,0,0,0,1,0,0,0,0,4.40845E+20,5.48006E+21,8.18352E+15,4.94703E+16
57172,57173,7,1,33,112,2016,8,13,5,3,5,2,0,0,0,1,0,1,0,0,4.09586E+20,5.52032E+21,7.74286E+15,4.98285E+16
57173,57174,7,3,34,501,2016,9,17,1,3,9,1,0,1,0,1,0,0,0,0,4.46886E+20,5.43214E+21,8.27325E+15,4.90399E+16
57174,57175,7,3,34,25,2016,8,6,4,2,5,3,0,0,1,1,0,0,0,0,4.48335E+20,5.44562E+21,8.29135E+15,4.91612E+16
57175,57176,7,3,32,29,2016,8,16,7,2,2,2,0,0,1,0,0,0,0,1,4.37374E+20,5.49508E+21,8.13322E+15,4.96051E+16
57176,57177,7,1,35,76,2016,9,16,5,3,3,7,0,0,0,1,0,0,0,0,3.67775E+20,5.55106E+21,7.15123E+15,5.00971E+16
57177,57178,7,3,15,0,2016,8,13,7,3,2,6,0,0,0,1,0,0,0,0,4.46795E+20,5.5395E+21,8.25752E+15,5.00054E+16
57178,57179,7,3,31,56,2016,8,19,2,3,5,3,0,0,1,1,0,0,0,0,4.32414E+20,5.52529E+21,8.05934E+15,4.98762E+16
57179,57180,7,3,15,0,2016,8,14,3,2,1,3,0,0,0,1,0,0,0,0,4.47673E+20,5.53544E+21,8.27033E+15,4.9969E+16
57180,57181,7,1,33,54,2016,8,11,1,3,5,3,0,0,1,0,0,0,0,0,4.21721E+20,5.52721E+21,7.91017E+15,4.98921E+16
57181,57182,7,1,37,81,2016,8,7,3,3,4,1,0,0,0,1,0,1,0,0,3.81108E+20,5.58571E+21,7.32668E+15,5.04114E+16
57182,57183,7,1,34,45,2016,8,16,4,3,5,3,0,0,0,1,0,0,0,0,3.78819E+20,5.50948E+21,7.31862E+15,4.97256E+16
57183,57184,7,3,37,47,2016,8,18,6,3,0,1,0,0,0,0,0,1,0,0,4.37704E+20,5.46187E+21,8.14302E+15,4.93064E+16
57184,57185,7,1,40,30,2016,8,8,7,2,9,1,0,0,0,0,0,1,0,0,3.84431E+20,5.53147E+21,7.38991E+15,4.99244E+16
57185,57186,7,3,38,19,2016,9,16,4,3,5,3,0,0,0,1,0,0,0,0,4.526E+20,5.47662E+21,8.34616E+15,4.94404E+16
57186,57187,7,1,40,145,2016,8,22,3,3,5,3,2,0,0,1,0,1,0,0,3.78715E+20,5.53252E+21,7.30997E+15,4.99327E+16
57187,57188,7,3,34,18,2016,8,18,5,3,5,3,0,0,0,1,0,1,0,0,4.46658E+20,5.45491E+21,8.26712E+15,4.92446E+16
57188,57189,7,1,31,7,2016,9,9,2,3,8,1,0,1,0,0,0,1,0,0,3.65772E+20,5.59624E+21,7.10719E+15,5.05027E+16
57189,57190,7,3,40,11,2016,8,16,7,3,8,1,0,0,0,0,0,1,0,0,4.02562E+20,5.44113E+21,7.66473E+15,4.91153E+16
57190,57191,7,3,14,0,2016,9,18,5,3,1,6,0,0,0,1,0,0,1,0,4.57173E+20,5.48464E+21,8.40837E+15,4.95129E+16
57191,57192,7,1,33,35,2016,8,6,7,3,4,7,1,0,0,1,0,0,0,0,4.15955E+20,5.52847E+21,7.82963E+15,4.99027E+16
57192,57193,7,3,14,0,2016,8,12,3,3,1,2,0,0,0,1,0,0,0,1,4.55329E+20,5.48198E+21,8.38321E+15,4.94888E+16
57193,57194,7,3,12,0,2016,8,13,5,3,5,3,0,0,0,1,0,0,0,0,4.05777E+20,5.47167E+21,7.7016E+15,4.93905E+16
57194,57195,7,3,39,43,2016,9,16,3,3,2,6,0,0,0,1,0,0,0,1,4.52526E+20,5.5256E+21,8.3392E+15,4.98809E+16
57195,57196,7,3,32,46,2016,8,12,4,3,1,6,0,0,1,0,0,0,0,1,4.40707E+20,5.4765E+21,8.18215E+15,4.94383E+16
57196,57197,7,1,34,36,2016,9,12,6,2,3,2,0,0,0,1,0,1,0,0,3.72879E+20,5.49703E+21,7.24029E+15,4.96124E+16
57197,57198,7,3,35,501,2016,9,11,7,3,0,1,0,0,0,0,0,1,0,0,3.91844E+20,5.48364E+21,7.50639E+15,4.94958E+16
57198,57199,7,1,33,106,2016,8,13,4,2,8,1,0,0,0,0,0,1,0,0,4.23155E+20,5.51959E+21,7.93164E+15,4.98238E+16
57199,57200,7,1,43,32,2016,9,19,7,3,9,7,1,0,0,1,0,0,0,0,4.05765E+20,5.58914E+21,7.67274E+15,5.04467E+16
57200,57201,7,3,40,37,2016,8,12,2,3,3,3,0,1,0,1,0,0,0,0,3.95724E+20,5.45434E+21,7.56763E+15,4.92329E+16
57201,57202,7,3,31,32,2016,8,22,2,3,0,7,2,0,0,1,0,0,0,0,4.40948E+20,5.51576E+21,8.17957E+15,4.97914E+16
57202,57203,7,3,37,83,2016,8,9,6,3,0,1,0,1,0,0,0,1,0,0,4.22793E+20,5.44839E+21,7.94052E+15,4.91835E+16
57203,57204,7,3,36,90,2016,9,13,4,3,0,1,0,0,0,1,0,1,0,0,4.003E+20,5.49132E+21,7.62118E+15,4.95663E+16
57204,57205,7,1,40,501,2016,8,7,2,3,8,1,0,0,0,1,0,0,0,0,4.03147E+20,5.56033E+21,7.64328E+15,5.01872E+16
57205,57206,7,3,15,0,2016,8,16,2,3,2,6,0,0,0,1,0,0,0,0,4.46491E+20,5.52956E+21,8.25466E+15,4.9916E+16
57206,57207,7,3,40,26,2016,8,9,1,2,0,7,0,0,0,1,0,1,0,0,3.91173E+20,5.44496E+21,7.50768E+15,4.91479E+16
57207,57208,7,3,39,65,2016,9,15,2,3,1,6,0,0,0,1,0,0,0,0,4.24374E+20,5.52564E+21,7.9474E+15,4.98784E+16
57208,57209,7,2,32,61,2016,9,15,5,1,3,6,0,0,0,1,0,0,1,0,3.23562E+20,5.52658E+21,6.5448E+15,4.98656E+16
57209,57210,7,1,35,17,2016,9,13,7,3,4,6,0,0,0,1,0,1,0,0,3.74576E+20,5.55542E+21,7.24484E+15,5.01377E+16
57210,57211,7,3,31,30,2016,8,18,3,3,5,3,0,0,0,1,0,0,0,0,4.22448E+20,5.52709E+21,7.92031E+15,4.98912E+16
57211,57212,7,3,34,501,2016,8,5,1,3,7,7,1,1,0,1,0,0,0,0,4.4107E+20,5.43011E+21,8.19398E+15,4.9021E+16
57212,57213,7,1,38,45,2016,8,9,5,2,2,6,0,0,0,1,0,0,1,0,3.92515E+20,5.59128E+21,7.48557E+15,5.04636E+16
57213,57214,7,1,43,239,2016,8,17,5,3,2,2,0,0,0,1,0,0,0,0,4.24052E+20,5.59556E+21,7.92894E+15,5.05071E+16
57214,57215,7,1,35,33,2016,8,19,1,3,8,1,0,0,0,1,0,0,0,0,3.7237E+20,5.56645E+21,7.21028E+15,5.02364E+16
57215,57216,7,1,31,210,2016,8,10,4,3,6,4,0,0,0,1,1,0,0,0,3.73318E+20,5.58701E+21,7.21666E+15,5.04215E+16
57216,57217,7,3,15,0,2016,8,15,2,3,3,2,0,0,1,1,0,0,0,0,4.44741E+20,5.53762E+21,8.22913E+15,4.99883E+16
57217,57218,7,1,32,501,2016,9,15,6,3,2,6,0,0,0,1,0,1,0,0,4.05021E+20,5.61565E+21,7.6555E+15,5.06849E+16
57218,57219,7,1,32,37,2016,8,13,1,2,4,6,0,0,0,1,0,1,0,0,4.13604E+20,5.64133E+21,7.77092E+15,5.09171E+16
57219,57220,7,3,39,5,2016,8,17,2,3,4,1,0,0,0,0,0,1,0,1,4.20186E+20,5.53489E+21,7.88721E+15,4.9961E+16
57220,57221,7,3,15,0,2016,8,10,6,2,2,7,0,0,0,0,0,0,1,1,4.45297E+20,5.53496E+21,8.23726E+15,4.99644E+16
57221,57222,7,2,31,5,2016,9,16,4,3,2,2,0,0,0,1,0,0,0,1,3.6234E+20,5.54286E+21,7.07823E+15,5.00221E+16
57222,57223,7,3,15,0,2016,8,17,5,3,5,3,0,0,0,1,0,1,0,0,4.48181E+20,5.53881E+21,8.27695E+15,4.99994E+16
57223,57224,7,3,33,31,2016,9,21,1,2,8,1,2,0,0,1,0,0,0,0,4.33398E+20,5.50411E+21,8.07667E+15,4.96858E+16
57224,57225,7,3,14,0,2016,8,17,4,3,2,2,0,0,0,1,0,0,0,0,4.51807E+20,5.48187E+21,8.33458E+15,4.94876E+16
57225,57226,7,3,38,18,2016,8,10,7,3,5,2,0,0,1,1,0,0,0,0,4.50033E+20,5.48152E+21,8.31013E+15,4.94843E+16
57226,57227,7,2,31,134,2016,9,11,5,3,4,2,0,0,0,1,0,0,0,0,3.525E+20,5.54052E+21,6.94185E+15,4.99988E+16
57227,57228,7,2,31,87,2016,8,18,7,3,5,3,0,0,0,1,0,0,0,0,3.62478E+20,5.52785E+21,7.08552E+15,4.98872E+16
57228,57229,7,2,31,22,2016,8,12,4,3,9,1,0,0,0,0,0,1,0,0,3.39114E+20,5.52959E+21,6.75977E+15,4.9897E+16
57229,57230,7,3,15,0,2016,8,13,2,3,2,2,0,0,0,1,0,0,0,0,4.42936E+20,5.53773E+21,8.20394E+15,4.99892E+16
57230,57231,7,1,43,277,2016,8,12,3,3,5,2,0,0,0,1,0,1,0,0,4.28432E+20,5.6122E+21,7.9875E+15,5.06573E+16
57231,57232,7,2,32,72,2016,8,16,1,2,9,1,0,1,0,1,0,0,0,0,3.05645E+20,5.53584E+21,6.29109E+15,4.99433E+16
57232,57233,7,2,35,94,2016,9,15,3,3,2,6,0,0,0,1,0,0,0,0,3.28175E+20,5.52043E+21,6.61166E+15,4.98117E+16
57233,57234,7,1,31,70,2016,9,8,6,3,2,6,0,0,0,1,0,0,0,0,3.73151E+20,5.61128E+21,7.20606E+15,5.06395E+16
57234,57235,7,3,14,0,2016,9,10,7,3,1,7,0,0,0,1,0,0,0,1,4.58274E+20,5.48063E+21,8.424E+15,4.94769E+16
57235,57236,7,1,31,7,2016,8,11,7,3,5,3,0,0,0,1,0,1,0,0,3.6626E+20,5.60107E+21,7.11233E+15,5.05462E+16
57236,57237,7,1,43,248,2016,8,20,4,3,9,1,1,0,0,0,0,1,0,0,4.24317E+20,5.61461E+21,7.92881E+15,5.06784E+16
57237,57238,7,3,14,0,2016,9,17,6,2,3,6,0,0,1,0,0,0,0,0,4.52278E+20,5.48197E+21,8.34108E+15,4.94885E+16
57238,57239,7,3,38,23,2016,8,18,2,3,5,3,0,0,1,1,0,0,0,0,4.56765E+20,5.45872E+21,8.40556E+15,4.92797E+16
57239,57240,7,3,12,0,2016,8,14,7,2,9,7,0,1,0,1,0,0,0,0,4.08804E+20,5.47691E+21,7.74209E+15,4.9438E+16
57240,57241,7,2,33,32,2016,8,12,6,1,5,2,0,0,0,1,0,1,0,0,3.52426E+20,5.5676E+21,6.93035E+15,5.02422E+16
57241,57242,7,2,35,125,2016,8,7,4,2,8,1,0,0,0,0,0,1,0,0,3.35653E+20,5.5215E+21,6.71506E+15,4.98234E+16
57242,57243,7,3,37,36,2016,8,19,1,2,4,6,0,0,1,1,0,0,0,0,4.34551E+20,5.45638E+21,8.10055E+15,4.92567E+16
57243,57244,7,3,37,21,2016,8,18,6,3,5,3,0,0,0,1,0,1,0,0,4.37549E+20,5.45716E+21,8.14163E+15,4.9264E+16
57244,57245,7,1,32,6,2016,8,13,6,3,1,6,0,1,0,1,0,1,0,0,4.20811E+20,5.62675E+21,7.87658E+15,5.07871E+16
57245,57246,7,3,15,0,2016,8,11,2,2,6,6,0,0,0,1,1,0,0,0,4.5082E+20,5.5348E+21,8.31429E+15,4.99635E+16
57246,57247,7,1,43,48,2016,9,19,5,2,9,1,0,0,1,0,0,0,0,0,4.15926E+20,5.58926E+21,7.81579E+15,5.04493E+16
57247,57248,7,1,41,113,2016,8,23,3,3,0,1,2,0,0,0,0,1,0,0,4.30173E+20,5.56448E+21,8.02102E+15,5.02283E+16
57248,57249,7,3,18,0,2016,8,19,4,3,8,6,0,0,0,1,0,0,1,0,4.56143E+20,5.46079E+21,8.39677E+15,4.92982E+16
57249,57250,7,3,15,0,2016,9,8,3,3,2,6,0,0,0,1,0,0,0,0,4.41789E+20,5.53829E+21,8.18786E+15,4.99941E+16
57250,57251,7,1,32,63,2016,9,14,6,3,5,2,0,0,0,1,0,0,0,0,4.21113E+20,5.62923E+21,7.88034E+15,5.08094E+16
57251,57252,7,3,13,0,2016,9,15,7,3,8,1,0,0,0,0,0,1,0,0,4.38218E+20,5.44741E+21,8.15232E+15,4.91764E+16
57252,57253,7,1,43,27,2016,8,4,7,3,5,3,2,0,0,1,0,0,0,0,4.18141E+20,5.58951E+21,7.84693E+15,5.04519E+16
57253,57254,7,2,32,288,2016,8,11,4,2,8,1,0,0,0,0,0,1,0,0,3.15033E+20,5.5739E+21,6.40336E+15,5.02882E+16
57254,57255,7,3,38,26,2016,9,19,6,3,2,6,0,0,0,1,0,0,0,0,4.57521E+20,5.47083E+21,8.41466E+15,4.93887E+16
57255,57256,7,3,16,0,2016,8,18,2,3,1,6,0,0,0,1,0,0,0,1,4.4006E+20,5.46434E+21,8.17506E+15,4.93288E+16
57256,57257,7,2,33,4,2016,8,11,2,3,5,7,0,0,0,1,0,0,0,0,3.36965E+20,5.5672E+21,6.71387E+15,5.02344E+16
57257,57258,7,3,31,18,2016,8,1,6,2,9,1,2,0,0,1,0,0,0,0,4.53194E+20,5.50941E+21,8.35045E+15,4.97354E+16
57258,57259,7,3,32,33,2016,9,18,4,3,8,1,0,0,0,1,0,0,0,0,4.44892E+20,5.48786E+21,8.23828E+15,4.95409E+16
57259,57260,7,3,40,14,2016,8,11,1,3,1,7,0,0,0,1,0,1,0,0,4.16246E+20,5.44955E+21,7.85047E+15,4.9193E+16
57260,57261,7,2,11,0,2016,8,10,6,3,5,3,0,0,0,1,0,0,0,0,3.2911E+20,5.51476E+21,6.62713E+15,4.9761E+16
57261,57262,7,3,15,0,2016,8,13,2,2,2,7,0,0,0,1,0,0,0,0,4.42161E+20,5.53963E+21,8.19284E+15,5.00061E+16
57262,57263,7,3,11,0,2016,8,12,1,2,2,6,0,0,0,1,0,0,0,0,4.50481E+20,5.48862E+21,8.31543E+15,4.95482E+16
57263,57264,7,1,34,45,2016,9,17,2,3,5,7,0,0,1,1,0,0,0,0,3.78467E+20,5.50739E+21,7.3144E+15,4.97067E+16
57264,57265,7,2,11,0,2016,9,19,5,3,5,3,0,0,0,1,0,1,0,0,3.32017E+20,5.51593E+21,6.66696E+15,4.97724E+16
57265,57266,7,1,31,79,2016,9,9,7,2,9,1,0,0,0,0,0,1,0,0,3.45264E+20,5.5805E+21,6.8247E+15,5.03562E+16
57266,57267,7,1,34,5,2016,8,11,3,3,5,3,0,0,0,1,0,1,0,0,3.80545E+20,5.49712E+21,7.34633E+15,4.96149E+16
57267,57268,7,3,35,38,2016,8,14,4,3,5,3,0,0,0,1,0,1,0,0,3.95305E+20,5.4772E+21,7.55587E+15,4.94385E+16
57268,57269,7,3,37,43,2016,8,16,7,2,9,1,0,0,0,1,0,0,0,0,4.34842E+20,5.44622E+21,8.10619E+15,4.91653E+16
57269,57270,7,1,33,117,2016,8,12,5,3,8,6,0,0,0,1,0,1,0,0,4.14577E+20,5.52077E+21,7.81215E+15,4.98333E+16
57270,57271,7,1,43,23,2016,8,13,4,3,9,1,0,0,0,1,0,0,0,0,4.24623E+20,5.58505E+21,7.93912E+15,5.04127E+16
57271,57272,7,3,33,10,2016,8,18,2,2,7,1,0,0,0,1,0,0,0,0,4.29986E+20,5.49752E+21,8.03056E+15,4.96262E+16
57272,57273,7,1,11,0,2016,9,15,6,3,5,3,0,0,0,1,0,1,0,0,3.97547E+20,5.58065E+21,7.55934E+15,5.0369E+16
57273,57274,7,2,31,90,2016,8,9,6,3,4,6,0,0,0,1,0,0,1,0,3.58655E+20,5.52919E+21,7.03183E+15,4.98983E+16
57274,57275,7,1,35,20,2016,9,19,4,3,1,6,0,0,0,1,0,0,0,0,3.69931E+20,5.55563E+21,7.1798E+15,5.01386E+16
57275,57276,7,1,43,291,2016,8,19,5,3,4,1,0,0,0,1,0,1,0,0,4.32681E+20,5.61324E+21,8.04742E+15,5.06671E+16
57276,57277,7,1,40,501,2016,9,14,7,2,9,1,0,0,0,0,0,1,0,0,3.98491E+20,5.5619E+21,7.57765E+15,5.02006E+16
57277,57278,7,2,32,226,2016,9,10,1,3,0,1,0,1,1,1,0,0,0,0,3.18247E+20,5.56734E+21,6.45158E+15,5.02302E+16
57278,57279,7,1,33,114,2016,8,17,4,2,4,6,0,0,0,1,0,0,0,0,4.15364E+20,5.53012E+21,7.82104E+15,4.99175E+16
57279,57280,7,2,11,0,2016,9,18,5,3,5,3,0,0,1,1,0,0,0,0,3.2911E+20,5.51476E+21,6.62713E+15,4.9761E+16
57280,57281,7,1,34,45,2016,8,10,4,3,6,6,0,0,0,1,1,0,0,0,3.76187E+20,5.51084E+21,7.28169E+15,4.97373E+16
57281,57282,7,2,31,81,2016,8,9,2,3,5,3,0,0,0,1,0,0,0,1,3.55395E+20,5.53215E+21,6.98537E+15,4.99242E+16
57282,57283,7,1,35,20,2016,8,12,3,3,6,2,0,0,0,0,1,1,0,0,3.69055E+20,5.55683E+21,7.16714E+15,5.01492E+16
57283,57284,7,1,43,80,2016,8,15,1,3,8,1,0,1,0,1,0,0,0,0,4.26284E+20,5.59027E+21,7.96147E+15,5.04598E+16
57284,57285,7,1,41,71,2016,9,14,3,3,8,1,0,0,0,0,0,1,0,0,4.10564E+20,5.57743E+21,7.7431E+15,5.03421E+16
57285,57286,7,1,37,224,2016,9,15,6,2,3,6,0,0,0,1,0,0,0,0,4.03817E+20,5.58229E+21,7.64706E+15,5.03848E+16
57286,57287,7,1,33,6,2016,9,6,7,3,8,1,0,0,0,1,0,0,0,0,4.20794E+20,5.52262E+21,7.8982E+15,4.98508E+16
57287,57288,7,1,40,84,2016,8,9,7,3,5,3,0,0,0,1,0,0,0,0,3.96759E+20,5.55448E+21,7.55541E+15,5.01336E+16
57288,57289,7,1,31,28,2016,8,17,4,3,8,1,0,0,0,0,0,1,0,0,3.5525E+20,5.58027E+21,6.96507E+15,5.03567E+16
57289,57290,7,3,39,42,2016,8,17,2,3,5,3,0,0,0,1,0,0,0,0,4.41802E+20,5.52762E+21,8.18965E+15,4.98981E+16
57290,57291,7,3,16,0,2016,8,18,7,3,3,6,0,1,0,1,0,0,0,0,4.4031E+20,5.46409E+21,8.17854E+15,4.93266E+16
57291,57292,7,1,38,13,2016,8,15,6,3,3,6,0,0,0,1,0,0,0,0,3.98879E+20,5.60665E+21,7.57104E+15,5.06029E+16
57292,57293,7,1,41,14,2016,8,21,4,3,5,3,1,0,0,1,0,1,0,0,4.29259E+20,5.5791E+21,8.00548E+15,5.03597E+16
57293,57294,7,3,14,0,2016,8,16,1,3,5,2,0,0,1,1,0,0,0,0,4.55338E+20,5.482E+21,8.38333E+15,4.9489E+16
57294,57295,7,3,19,0,2016,8,11,6,3,2,6,0,1,0,1,0,0,0,0,4.52873E+20,5.49722E+21,8.34746E+15,4.96257E+16
57295,57296,7,1,31,7,2016,8,9,6,3,9,1,0,1,0,1,0,0,0,0,3.65733E+20,5.59644E+21,7.10657E+15,5.05045E+16
57296,57297,7,2,31,502,2016,8,8,2,3,9,1,0,0,0,1,0,0,0,0,3.64721E+20,5.51964E+21,7.11959E+15,4.98139E+16
57297,57298,7,1,31,32,2016,9,14,5,3,8,1,0,0,0,0,0,1,0,0,3.51262E+20,5.58285E+21,6.90802E+15,5.03789E+16
57298,57299,7,1,38,61,2016,8,15,3,3,4,6,0,0,0,1,0,0,0,0,3.92186E+20,5.59572E+21,7.47965E+15,5.05035E+16
57299,57300,7,3,14,0,2016,8,17,4,3,4,7,0,0,1,1,0,0,0,0,4.57814E+20,5.47897E+21,8.41784E+15,4.94619E+16
57300,57301,7,1,43,315,2016,8,20,7,3,2,6,0,0,0,1,0,0,0,0,4.33778E+20,5.61069E+21,8.06339E+15,5.06443E+16
57301,57302,7,1,43,29,2016,8,17,5,3,9,1,0,1,0,1,0,0,0,0,4.13245E+20,5.60755E+21,7.77379E+15,5.06134E+16
57302,57303,7,2,33,4,2016,8,17,3,3,9,1,0,0,0,0,0,1,0,0,3.37847E+20,5.56811E+21,6.72583E+15,5.02429E+16
57303,57304,7,3,37,9,2016,8,18,1,3,2,3,0,0,0,1,0,0,0,0,4.30345E+20,5.45091E+21,8.0437E+15,4.9207E+16
57304,57305,7,3,34,30,2016,9,19,5,3,5,3,0,0,1,0,0,0,0,0,4.37342E+20,5.44102E+21,8.14129E+15,4.91188E+16
57305,57306,7,1,31,6,2016,8,17,6,3,8,1,0,0,0,1,0,0,0,0,3.76598E+20,5.59607E+21,7.25982E+15,5.05036E+16
57306,57307,7,3,32,10,2016,9,18,3,3,5,2,0,0,0,1,0,1,0,0,4.46378E+20,5.49057E+21,8.25845E+15,4.95653E+16
57307,57308,7,2,33,40,2016,8,18,7,3,9,1,0,1,0,1,0,0,0,0,3.47293E+20,5.56832E+21,6.85811E+15,5.02473E+16
57308,57309,7,3,15,0,2016,8,11,5,3,2,6,0,0,0,1,0,0,1,0,4.43239E+20,5.54096E+21,8.20769E+15,5.00182E+16
57309,57310,7,3,14,0,2016,8,19,3,3,0,5,0,0,1,1,0,0,0,0,4.58854E+20,5.48169E+21,8.43189E+15,4.94865E+16
57310,57311,7,3,37,2,2016,8,17,1,2,8,6,0,0,0,1,0,1,0,0,4.43846E+20,5.45979E+21,8.22779E+15,4.92883E+16
57311,57312,7,1,31,81,2016,9,12,6,3,8,1,0,0,0,1,0,0,0,0,3.73823E+20,5.59476E+21,7.22116E+15,5.04912E+16
57312,57313,7,1,43,242,2016,8,18,6,3,5,2,0,0,1,1,0,0,0,0,4.28368E+20,5.60745E+21,7.98751E+15,5.06145E+16
57313,57314,7,3,35,38,2016,9,14,3,3,3,6,0,0,0,1,0,0,1,0,3.96828E+20,5.47521E+21,7.57739E+15,4.94208E+16
57314,57315,7,1,38,62,2016,8,20,5,3,4,2,0,0,1,1,0,0,0,0,3.74056E+20,5.6098E+21,7.21935E+15,5.06264E+16
57315,57316,7,3,34,13,2016,9,17,6,3,5,3,0,0,1,1,0,0,0,0,4.41017E+20,5.43766E+21,8.19214E+15,4.9089E+16