FID,OBJECTID,ULAND,UREGBEZ,UKREIS,UGEMEINDE,UJAHR,UMONAT,USTUNDE,UWOCHENTAG,UKATEGORIE,UART,UTYP1,ULICHTVERH,IstStrasse,IstRad,IstPKW,IstFuss,IstKrad,IstGkfz,IstSonstig,LINREFX,LINREFY,XGCSWGS84,YGCSWGS84
57316,57317,7,1,32,22,2016,9,21,1,3,8,1,2,0,0,1,0,0,0,0,4.08337E+20,5.61867E+21,7.70168E+15,5.07126E+16
57317,57318,7,3,39,21,2016,8,16,4,3,2,6,0,0,0,1,0,0,0,1,4.2387E+20,5.52696E+21,7.94013E+15,4.98902E+16
57318,57319,7,1,43,48,2016,9,12,5,2,5,3,0,0,1,1,0,0,0,0,4.16651E+20,5.58827E+21,7.82622E+15,5.04405E+16
57319,57320,7,1,38,45,2016,8,18,4,2,3,6,0,0,0,1,0,1,0,0,3.9264E+20,5.59158E+21,7.48724E+15,5.04664E+16
57320,57321,7,1,34,50,2016,8,13,2,3,8,1,0,0,1,0,0,0,0,0,3.70357E+20,5.50894E+21,7.20145E+15,4.9719E+16
57321,57322,7,1,37,3,2016,8,17,3,3,5,3,0,0,0,1,0,0,0,0,3.88264E+20,5.58691E+21,7.427E+15,5.04235E+16
57322,57323,7,1,37,208,2016,8,11,1,2,4,6,0,0,0,1,0,1,0,0,3.85132E+20,5.56406E+21,7.38988E+15,5.02176E+16
57323,57324,7,1,31,51,2016,9,11,3,3,8,6,0,0,0,1,0,1,0,0,3.51735E+20,5.5769E+21,6.91701E+15,5.03256E+16
57324,57325,7,3,14,0,2016,9,7,5,2,2,6,0,0,0,1,0,0,0,0,4.57145E+20,5.48067E+21,8.40842E+15,4.94771E+16
57325,57326,7,3,39,30,2016,9,19,7,2,0,1,0,0,0,0,0,1,0,0,4.30074E+20,5.53658E+21,8.02475E+15,4.99774E+16
57326,57327,7,3,36,92,2016,8,14,6,2,9,1,0,0,0,0,0,1,0,0,3.80739E+20,5.4713E+21,7.35681E+15,4.93827E+16
57327,57328,7,1,40,45,2016,8,7,4,3,2,6,0,0,0,1,0,1,0,0,3.97698E+20,5.55831E+21,7.56751E+15,5.01681E+16
57328,57329,7,1,34,76,2016,8,17,2,3,9,1,0,0,0,0,0,1,0,0,3.74052E+20,5.51837E+21,7.24964E+15,4.98046E+16
57329,57330,7,3,39,42,2016,8,16,7,3,8,1,0,1,0,1,0,0,0,0,4.42642E+20,5.53132E+21,8.2008E+15,4.99315E+16
57330,57331,7,1,40,85,2016,8,14,6,3,2,1,0,0,0,1,0,0,1,0,4.03106E+20,5.54344E+21,7.64698E+15,5.00354E+16
57331,57332,7,1,41,91,2016,8,11,4,3,5,3,0,0,0,1,0,0,0,0,4.13472E+20,5.57464E+21,7.78461E+15,5.03175E+16
57332,57333,7,2,31,134,2016,8,20,1,3,8,1,0,0,0,0,0,1,0,0,3.51425E+20,5.53985E+21,6.92713E+15,4.99924E+16
57333,57334,7,2,35,45,2016,8,22,6,3,4,6,2,0,0,1,0,0,0,0,3.52075E+20,5.50226E+21,6.95052E+15,4.96547E+16
57334,57335,7,3,34,23,2016,8,21,5,3,5,3,2,1,0,1,0,0,0,0,4.44369E+20,5.44868E+21,8.23652E+15,4.91884E+16
57335,57336,7,2,11,0,2016,8,16,2,3,8,1,0,0,0,1,0,0,0,0,3.33891E+20,5.51974E+21,6.69133E+15,4.98071E+16
57336,57337,7,3,20,0,2016,8,9,4,3,5,2,0,0,0,1,0,0,0,0,3.81202E+20,5.45711E+21,7.36741E+15,4.92552E+16
57337,57338,7,3,14,0,2016,8,19,1,3,1,1,0,0,0,1,0,0,0,1,4.59585E+20,5.48032E+21,8.44214E+15,4.94741E+16
57338,57339,7,1,37,86,2016,8,11,3,3,2,6,0,0,0,0,0,1,0,0,3.85194E+20,5.57865E+21,7.38632E+15,5.03487E+16
57339,57340,7,2,33,20,2016,8,18,4,2,3,6,0,0,0,1,0,0,0,0,3.44119E+20,5.56892E+21,6.81339E+15,5.02518E+16
57340,57341,7,1,31,37,2016,8,12,7,3,8,1,0,0,0,0,0,1,0,0,3.59218E+20,5.58743E+21,7.01813E+15,5.0422E+16
57341,57342,7,3,20,0,2016,8,14,4,3,4,2,0,0,0,1,0,0,0,0,3.80887E+20,5.456E+21,7.36341E+15,4.92451E+16
57342,57343,7,1,32,75,2016,8,6,3,3,5,3,0,0,0,1,0,1,0,0,4.24131E+20,5.62322E+21,7.9244E+15,5.07558E+16
57343,57344,7,1,43,19,2016,9,16,2,3,4,6,0,0,0,1,0,0,0,0,4.07746E+20,5.60253E+21,7.69733E+15,5.05674E+16
57344,57345,7,1,11,0,2016,8,0,1,3,2,6,2,0,0,1,0,0,0,0,4.00929E+20,5.57826E+21,7.60751E+15,5.03481E+16
57345,57346,7,3,18,0,2016,9,20,5,3,5,3,2,0,1,0,0,0,0,0,4.59779E+20,5.4633E+21,8.44653E+15,4.93211E+16
57346,57347,7,3,14,0,2016,8,13,7,2,2,6,0,0,0,1,0,1,0,0,4.60461E+20,5.48099E+21,8.45416E+15,4.94802E+16
57347,57348,7,3,34,4,2016,8,14,3,2,5,3,0,0,0,1,0,1,0,0,4.39626E+20,5.4398E+21,8.17277E+15,4.91081E+16
57348,57349,7,1,11,0,2016,8,13,6,3,5,2,0,0,0,1,0,0,0,0,4.01161E+20,5.57925E+21,7.61051E+15,5.0357E+16
57349,57350,7,3,37,47,2016,9,14,3,2,2,6,2,0,0,1,0,1,0,0,4.38368E+20,5.46079E+21,8.15232E+15,4.92967E+16
57350,57351,7,3,35,3,2016,8,13,4,3,5,3,0,0,0,1,0,1,0,0,3.86702E+20,5.47353E+21,7.4383E+15,4.94039E+16
57351,57352,7,2,31,124,2016,9,12,6,3,8,2,0,0,0,1,0,1,0,0,3.65759E+20,5.53654E+21,7.12814E+15,4.99661E+16
57352,57353,7,3,40,39,2016,9,11,7,3,5,3,0,0,0,1,0,1,0,0,4.08549E+20,5.43683E+21,7.74773E+15,4.90775E+16
57353,57354,7,3,32,2,2016,8,15,4,3,4,6,0,0,0,1,0,0,0,0,4.42962E+20,5.4794E+21,8.21283E+15,4.94646E+16
57354,57355,7,1,40,154,2016,9,5,7,2,9,1,2,0,0,1,0,0,0,0,3.89706E+20,5.53542E+21,7.46223E+15,4.9961E+16
57355,57356,7,1,33,36,2016,8,17,2,3,8,1,0,0,0,1,0,0,0,0,4.14458E+20,5.52529E+21,7.80949E+15,4.98739E+16
57356,57357,7,3,14,0,2016,8,7,6,2,9,1,0,1,0,1,0,1,0,0,4.57028E+20,5.47603E+21,8.4073E+15,4.94354E+16
57357,57358,7,1,37,69,2016,9,9,5,3,3,6,0,0,0,1,0,0,1,0,3.76652E+20,5.58304E+21,7.26488E+15,5.03864E+16
57358,57359,7,1,34,45,2016,8,15,2,3,1,5,0,0,0,1,0,0,0,0,3.75306E+20,5.51245E+21,7.26895E+15,4.97515E+16
57359,57360,7,2,35,501,2016,8,10,2,2,5,3,0,0,0,1,0,0,0,0,3.25068E+20,5.5239E+21,6.56694E+15,4.9842E+16
57360,57361,7,3,35,47,2016,8,17,1,2,8,1,0,0,0,0,0,1,0,0,4.14822E+20,5.46486E+21,7.82766E+15,4.93306E+16
57361,57362,7,3,18,0,2016,9,17,2,2,5,2,0,0,0,1,0,0,0,0,4.5685E+20,5.46512E+21,8.40604E+15,4.93373E+16
57362,57363,7,3,39,32,2016,9,15,5,2,3,6,0,0,0,1,0,0,1,0,4.44012E+20,5.53316E+21,8.21962E+15,4.99482E+16
57363,57364,7,1,43,48,2016,9,8,7,3,5,3,0,0,0,1,0,0,0,1,4.16021E+20,5.58678E+21,7.81769E+15,5.0427E+16
57364,57365,7,3,34,17,2016,8,7,3,2,5,2,0,0,0,1,0,1,0,0,4.52509E+20,5.45452E+21,8.34754E+15,4.92416E+16
57365,57366,7,1,11,0,2016,8,5,2,3,5,3,1,0,1,1,0,0,0,0,3.99569E+20,5.57973E+21,7.58801E+15,5.03611E+16
57366,57367,7,1,38,12,2016,8,14,5,3,2,6,0,0,0,1,0,0,0,0,4.03964E+20,5.6003E+21,7.64451E+15,5.05467E+16
57367,57368,7,3,12,0,2016,8,15,6,3,5,3,0,0,1,1,0,0,0,0,4.11013E+20,5.4767E+21,7.7726E+15,4.94364E+16
57368,57369,7,2,33,52,2016,8,7,5,3,8,6,0,0,0,0,0,1,1,0,3.40056E+20,5.5579E+21,6.76108E+15,5.01517E+16
57369,57370,7,1,40,501,2016,8,13,5,2,8,1,0,0,0,0,0,1,0,0,3.9745E+20,5.56214E+21,7.56301E+15,5.02026E+16
57370,57371,7,3,33,501,2016,9,10,6,3,5,3,0,0,0,1,0,0,0,0,4.37679E+20,5.49941E+21,8.13676E+15,4.9644E+16
57371,57372,7,1,37,3,2016,9,10,1,3,8,1,0,1,0,1,0,0,0,0,3.8432E+20,5.59018E+21,7.3705E+15,5.04522E+16
57372,57373,7,1,35,20,2016,9,12,7,3,2,2,0,0,0,1,0,1,0,0,3.69172E+20,5.55743E+21,7.16857E+15,5.01547E+16
57373,57374,7,3,34,9,2016,8,18,2,3,5,3,0,0,0,1,0,0,0,0,4.45322E+20,5.43924E+21,8.25088E+15,4.91036E+16
57374,57375,7,1,31,33,2016,9,16,5,3,0,1,0,0,0,0,0,1,0,0,3.43338E+20,5.59216E+21,6.79277E+15,5.04605E+16
57375,57376,7,2,35,125,2016,8,13,2,3,2,6,0,0,0,1,0,0,0,1,3.40271E+20,5.52348E+21,6.77839E+15,4.98424E+16
57376,57377,7,1,41,501,2016,8,4,4,3,8,1,2,0,0,1,0,0,0,0,4.04213E+20,5.5691E+21,7.65598E+15,5.02662E+16
57377,57378,7,2,11,0,2016,8,9,2,2,0,1,0,0,0,0,0,1,0,0,3.29209E+20,5.51539E+21,6.62823E+15,4.97667E+16
57378,57379,7,1,41,76,2016,8,15,2,3,3,6,0,0,1,0,0,0,0,0,4.25492E+20,5.5776E+21,7.95282E+15,5.03458E+16
57379,57380,7,1,37,203,2016,8,12,3,2,8,1,0,0,0,1,0,0,0,0,3.98524E+20,5.58772E+21,7.57118E+15,5.04327E+16
57380,57381,7,3,35,4,2016,9,18,2,3,2,6,0,0,0,1,0,0,0,0,4.25203E+20,5.48254E+21,7.96718E+15,4.94909E+16
57381,57382,7,3,14,0,2016,9,15,5,2,1,5,0,0,0,1,0,0,0,0,4.5769E+20,5.48277E+21,8.41571E+15,4.94961E+16
57382,57383,7,2,32,22,2016,9,6,7,2,4,1,1,0,0,1,0,0,0,0,3.09391E+20,5.53678E+21,6.34279E+15,4.99529E+16
57383,57384,7,3,36,82,2016,8,16,3,2,9,6,0,0,0,1,0,1,0,0,3.87961E+20,5.48297E+21,7.45298E+15,4.9489E+16
57384,57385,7,1,31,70,2016,8,19,2,3,2,2,0,0,0,1,0,0,0,0,3.73258E+20,5.60579E+21,7.20944E+15,5.05903E+16
57385,57386,7,1,43,32,2016,8,19,7,3,2,2,0,0,0,1,0,0,0,0,4.0532E+20,5.58862E+21,7.66661E+15,5.04419E+16
57386,57387,7,3,13,0,2016,8,16,5,2,2,6,0,0,0,1,0,1,0,0,4.35662E+20,5.4515E+21,8.1166E+15,4.92129E+16
57387,57388,7,1,32,50,2016,8,20,4,3,9,1,1,0,0,0,0,1,0,0,4.26536E+20,5.62341E+21,7.95846E+15,5.07578E+16
57388,57389,7,1,38,75,2016,8,13,1,2,4,6,0,0,0,1,0,0,0,0,3.80067E+20,5.60876E+21,7.30463E+15,5.06183E+16
57389,57390,7,1,43,30,2016,8,6,4,2,9,1,0,0,0,0,0,0,1,0,4.06856E+20,5.58979E+21,7.68795E+15,5.04527E+16
57390,57391,7,1,43,236,2016,8,19,2,2,1,1,0,0,0,1,0,1,0,0,4.12197E+20,5.61817E+21,7.75645E+15,5.07087E+16
57391,57392,7,1,34,71,2016,9,18,6,3,5,2,0,0,0,1,0,0,0,0,3.66061E+20,5.50479E+21,7.14332E+15,4.96807E+16
57392,57393,7,3,19,0,2016,8,11,1,3,0,1,0,0,0,0,0,1,0,0,4.48444E+20,5.50335E+21,8.28534E+15,4.96805E+16
57393,57394,7,3,20,0,2016,8,14,2,3,2,6,0,0,0,1,0,1,0,0,3.7987E+20,5.45643E+21,7.34932E+15,4.92489E+16
57394,57395,7,2,35,52,2016,8,15,4,3,8,6,0,0,0,1,0,1,0,0,3.27615E+20,5.49673E+21,6.61433E+15,4.95986E+16
57395,57396,7,3,38,16,2016,8,12,6,3,7,1,0,0,1,0,0,0,0,0,4.47743E+20,5.48527E+21,8.27803E+15,4.95178E+16
57396,57397,7,3,33,25,2016,8,9,6,3,4,1,0,0,0,1,0,0,0,0,4.19308E+20,5.50276E+21,7.88166E+15,4.9672E+16
57397,57398,7,3,31,58,2016,9,16,4,2,6,4,0,0,0,0,1,1,0,0,4.38756E+20,5.52461E+21,8.14772E+15,4.98708E+16
57398,57399,7,1,37,205,2016,8,20,3,2,5,2,0,0,1,1,0,0,0,0,3.88501E+20,5.56481E+21,7.43688E+15,5.02249E+16
57399,57400,7,3,14,0,2016,8,13,5,3,2,6,0,0,0,1,0,0,1,0,4.5583E+20,5.4819E+21,8.39012E+15,4.94882E+16
57400,57401,7,1,40,501,2016,9,16,2,3,8,7,0,0,1,0,0,0,0,0,3.98097E+20,5.56484E+21,7.57135E+15,5.02269E+16
57401,57402,7,3,40,8,2016,8,10,7,3,5,3,0,0,0,1,0,0,0,0,3.97664E+20,5.4427E+21,7.59723E+15,4.91286E+16
57402,57403,7,1,33,54,2016,9,15,5,3,1,7,0,0,0,1,0,0,1,0,4.20746E+20,5.53198E+21,7.89562E+15,4.99349E+16
57403,57404,7,3,31,23,2016,8,15,7,3,5,3,0,0,0,1,0,0,0,0,4.42715E+20,5.50008E+21,8.20642E+15,4.96505E+16
57404,57405,7,1,43,51,2016,8,7,2,3,5,3,0,0,0,1,0,0,0,0,4.24168E+20,5.58622E+21,7.93247E+15,5.04231E+16
57405,57406,7,1,33,112,2016,8,18,3,3,2,6,0,0,0,1,0,0,0,0,4.12309E+20,5.52066E+21,7.78065E+15,4.98319E+16
57406,57407,7,3,39,19,2016,9,12,3,3,5,3,0,0,0,1,0,0,0,0,4.29796E+20,5.53589E+21,8.02099E+15,4.99712E+16
57407,57408,7,2,35,68,2016,9,17,6,2,5,3,0,0,0,1,0,1,0,0,3.28872E+20,5.50723E+21,6.62714E+15,4.96933E+16
57408,57409,7,3,32,10,2016,9,16,7,2,8,1,0,0,0,0,0,1,0,0,4.47367E+20,5.49049E+21,8.27214E+15,4.95647E+16
57409,57410,7,3,15,0,2016,8,22,4,2,3,6,2,0,0,1,0,1,0,0,4.44835E+20,5.54172E+21,8.22986E+15,5.00252E+16
57410,57411,7,3,33,3,2016,9,1,6,2,9,1,2,0,0,1,0,0,0,0,4.14011E+20,5.50965E+21,7.80674E+15,4.97332E+16
57411,57412,7,3,35,22,2016,8,13,2,2,4,6,0,0,0,1,0,0,0,0,3.93242E+20,5.47363E+21,7.52839E+15,4.9406E+16
57412,57413,7,3,39,42,2016,8,19,2,3,5,3,1,0,1,1,0,0,0,0,4.42401E+20,5.52864E+21,8.19783E+15,4.99073E+16
57413,57414,7,3,38,25,2016,8,20,6,2,2,6,2,0,0,1,0,1,0,0,4.54814E+20,5.46926E+21,8.37754E+15,4.93743E+16
57414,57415,7,3,12,0,2016,9,16,4,2,5,2,0,0,1,1,0,0,0,0,4.04474E+20,5.47642E+21,7.6825E+15,4.94329E+16
57415,57416,7,1,38,71,2016,8,17,2,3,0,7,0,0,0,1,0,0,0,0,3.95607E+20,5.60242E+21,7.526E+15,5.05644E+16
57416,57417,7,1,32,37,2016,8,13,2,3,8,1,0,0,0,0,0,1,0,0,4.16795E+20,5.63862E+21,7.81693E+15,5.08932E+16
57417,57418,7,3,12,0,2016,8,19,1,3,9,1,0,0,0,1,0,0,0,0,4.05959E+20,5.47894E+21,7.70238E+15,4.94559E+16
57418,57419,7,3,39,19,2016,9,16,2,3,7,7,0,0,0,0,0,1,1,0,4.29829E+20,5.53599E+21,8.02144E+15,4.99721E+16
57419,57420,7,2,35,19,2016,9,20,5,3,5,3,1,0,0,1,0,1,0,0,3.44241E+20,5.52187E+21,6.83421E+15,4.9829E+16
57420,57421,7,1,31,77,2016,9,15,7,3,0,1,0,0,1,0,0,0,0,0,3.76527E+20,5.6006E+21,7.25733E+15,5.05443E+16
57421,57422,7,1,35,92,2016,8,16,3,2,5,3,0,0,0,1,0,1,0,0,3.69146E+20,5.54165E+21,7.1736E+15,5.00128E+16
57422,57423,7,3,18,0,2016,8,9,1,3,8,1,0,1,0,0,0,1,0,0,4.57952E+20,5.46607E+21,8.4211E+15,4.93459E+16
57423,57424,7,1,37,230,2016,8,9,5,1,1,6,0,0,0,1,0,0,1,0,3.94157E+20,5.57627E+21,7.51292E+15,5.0329E+16
57424,57425,7,3,32,47,2016,8,23,7,3,9,7,2,0,0,1,0,0,0,0,4.27839E+20,5.48315E+21,8.00347E+15,4.94967E+16
57425,57426,7,1,11,0,2016,8,17,4,3,2,3,0,0,1,1,0,0,0,0,3.97617E+20,5.58065E+21,7.56033E+15,5.0369E+16
57426,57427,7,1,38,80,2016,8,20,2,2,3,6,1,0,0,1,0,1,0,0,3.88842E+20,5.61852E+21,7.42569E+15,5.07078E+16
57427,57428,7,1,35,17,2016,9,13,6,3,8,1,0,0,1,0,0,0,0,0,3.74728E+20,5.55568E+21,7.24687E+15,5.01401E+16
57428,57429,7,1,35,49,2016,8,11,1,3,0,1,0,0,1,0,0,0,0,0,3.72397E+20,5.55889E+21,7.2132E+15,5.01684E+16
57429,57430,7,3,31,3,2016,8,9,2,3,6,2,0,0,0,1,1,0,0,0,4.36597E+20,5.51058E+21,8.11996E+15,4.97444E+16
57430,57431,7,2,33,226,2016,8,14,6,3,0,1,0,0,0,0,0,1,0,0,3.51764E+20,5.57039E+21,6.91998E+15,5.02671E+16
57431,57432,7,2,35,133,2016,9,17,4,2,9,1,0,0,0,0,0,1,0,0,3.17431E+20,5.50694E+21,6.46879E+15,4.96873E+16
57432,57433,7,2,32,329,2016,8,10,5,2,0,1,0,0,0,0,0,1,0,0,2.98107E+20,5.56723E+21,6.1696E+15,5.02227E+16
57433,57434,7,2,31,33,2016,9,16,1,3,9,1,0,1,0,1,0,0,0,0,3.50749E+20,5.54407E+21,6.91605E+15,5.00302E+16
57434,57435,7,1,37,88,2016,8,11,1,3,2,2,0,0,0,1,0,0,0,0,3.8533E+20,5.58236E+21,7.3871E+15,5.03821E+16
57435,57436,7,1,38,45,2016,8,10,4,3,9,1,0,0,0,0,0,1,0,0,3.91828E+20,5.58639E+21,7.4773E+15,5.04196E+16
57436,57437,7,1,32,96,2016,8,9,2,3,4,6,0,0,0,1,0,0,0,0,4.0894E+20,5.62452E+21,7.70877E+15,5.07653E+16
57437,57438,7,1,41,96,2016,9,19,6,3,8,7,0,0,0,0,0,1,0,0,4.21716E+20,5.568E+21,7.90175E+15,5.02589E+16
57438,57439,7,1,38,44,2016,8,12,1,3,0,1,0,0,1,0,0,0,0,0,3.85501E+20,5.60652E+21,7.38211E+15,5.05993E+16
57439,57440,7,3,38,18,2016,8,7,2,2,5,3,0,0,0,1,0,0,0,0,4.49033E+20,5.48195E+21,8.29628E+15,4.9488E+16
57440,57441,7,1,43,257,2016,8,22,4,3,9,1,2,0,0,1,0,0,0,0,4.15398E+20,5.61682E+21,7.80208E+15,5.0697E+16
57441,57442,7,3,39,201,2016,8,19,6,3,4,2,0,0,0,1,0,1,0,0,4.471E+20,5.51309E+21,8.26539E+15,4.97679E+16
57442,57443,7,3,32,48,2016,8,15,6,2,9,1,0,0,0,0,0,1,0,0,4.28959E+20,5.47234E+21,8.02087E+15,4.93996E+16
57443,57444,7,3,15,0,2016,9,17,4,3,5,3,0,0,1,1,0,0,0,0,4.43828E+20,5.54E+21,8.21605E+15,5.00097E+16
57444,57445,7,3,31,3,2016,8,21,5,3,7,7,2,0,0,1,0,0,0,1,4.34176E+20,5.51103E+21,8.08628E+15,4.97481E+16
57445,57446,7,3,38,26,2016,9,21,1,3,1,1,2,0,0,1,0,0,0,1,4.59257E+20,5.47078E+21,8.43859E+15,4.93883E+16
57446,57447,7,3,13,0,2016,8,14,4,2,8,1,0,0,0,0,0,1,0,0,4.18587E+20,5.45885E+21,7.88069E+15,4.9277E+16
57447,57448,7,3,34,15,2016,8,18,7,3,5,3,0,0,0,0,0,1,0,1,4.50059E+20,5.44376E+21,8.31522E+15,4.91446E+16
57448,57449,7,2,32,245,2016,9,16,5,2,8,1,0,0,0,0,0,1,0,0,3.00638E+20,5.55131E+21,6.21337E+15,5.00806E+16
57449,57450,7,2,31,53,2016,8,12,7,3,9,6,0,0,0,1,0,0,0,0,3.42004E+20,5.52508E+21,6.80183E+15,4.98572E+16
57450,57451,7,1,38,45,2016,8,10,2,2,5,3,0,0,0,1,0,1,0,0,3.89608E+20,5.58879E+21,7.44536E+15,5.04408E+16
57451,57452,7,3,15,0,2016,8,16,3,3,5,3,0,0,1,1,0,0,0,0,4.44261E+20,5.53861E+21,8.2223E+15,4.99972E+16
57452,57453,7,2,32,221,2016,9,13,3,2,5,3,0,0,0,1,0,0,0,0,3.06076E+20,5.55733E+21,6.28623E+15,5.01365E+16
57453,57454,7,1,35,83,2016,9,16,6,3,2,2,0,0,0,1,0,0,0,0,3.5505E+20,5.56483E+21,6.96818E+15,5.02179E+16
57454,57455,7,3,18,0,2016,9,20,7,3,5,1,0,0,0,1,0,0,0,0,4.58766E+20,5.46622E+21,8.43229E+15,4.93473E+16
57455,57456,7,1,38,45,2016,8,16,7,3,5,3,0,0,1,1,0,0,0,0,3.9135E+20,5.59051E+21,7.46938E+15,5.04566E+16
57456,57457,7,2,31,77,2016,8,9,4,2,0,1,0,0,0,0,0,1,0,0,3.65409E+20,5.5289E+21,7.12593E+15,4.98973E+16
57457,57458,7,3,34,1,2016,9,21,6,3,1,5,2,0,1,1,0,0,0,0,4.48256E+20,5.44889E+21,8.28984E+15,4.91906E+16
57458,57459,7,3,34,8,2016,8,4,2,3,7,7,2,0,0,1,0,0,0,0,4.42396E+20,5.42741E+21,8.21249E+15,4.89969E+16
57459,57460,7,2,35,104,2016,8,19,2,2,4,6,0,0,0,1,0,0,0,1,3.13117E+20,5.4959E+21,6.4143E+15,4.95868E+16
57460,57461,7,3,39,47,2016,8,19,6,1,5,3,0,0,1,0,0,1,0,0,4.40757E+20,5.53258E+21,8.17433E+15,4.99427E+16
57461,57462,7,3,13,0,2016,9,10,4,2,4,2,0,0,0,1,0,1,0,0,4.35624E+20,5.45093E+21,8.11617E+15,4.92078E+16
57462,57463,7,3,32,9,2016,8,17,1,3,4,1,0,0,1,0,0,0,0,0,4.40956E+20,5.47261E+21,8.18616E+15,4.94033E+16
57463,57464,7,3,16,0,2016,8,7,6,3,2,6,0,0,0,1,0,0,0,0,4.38012E+20,5.46741E+21,8.1464E+15,4.93563E+16
57464,57465,7,1,43,268,2016,8,11,6,3,9,1,0,1,0,1,0,0,0,0,4.11096E+20,5.60791E+21,7.74333E+15,5.06163E+16
57465,57466,7,1,31,6,2016,8,16,2,3,5,3,0,0,1,1,0,0,0,0,3.79373E+20,5.59667E+21,7.29874E+15,5.05096E+16
57466,57467,7,3,11,0,2016,8,17,1,3,4,5,0,0,0,1,0,1,0,0,4.5115E+20,5.48476E+21,8.32516E+15,4.95135E+16
57467,57468,7,1,43,242,2016,9,17,5,2,5,2,0,0,0,1,0,0,0,0,4.27906E+20,5.60785E+21,7.9809E+15,5.06181E+16
57468,57469,7,2,35,149,2016,8,11,3,3,5,2,0,0,0,1,0,1,0,0,3.17066E+20,5.50053E+21,6.46672E+15,4.96296E+16
57469,57470,7,3,12,0,2016,8,14,4,3,3,6,0,0,0,1,0,0,0,0,4.07576E+20,5.47692E+21,7.72516E+15,4.94379E+16
57470,57471,7,3,14,0,2016,8,14,7,3,5,3,0,0,1,1,0,0,0,0,4.55254E+20,5.48203E+21,8.38215E+15,4.94893E+16
57471,57472,7,3,31,71,2016,8,6,5,3,3,2,0,0,0,1,0,0,0,0,4.45603E+20,5.50526E+21,8.2457E+15,4.96974E+16
57472,57473,7,3,40,2,2016,8,14,3,3,4,1,0,0,0,1,0,0,0,0,4.13088E+20,5.44345E+21,7.80844E+15,4.91378E+16
57473,57474,7,1,31,7,2016,8,16,2,3,2,6,0,0,0,1,0,0,0,0,3.71047E+20,5.60098E+21,7.17989E+15,5.05465E+16
57474,57475,7,1,11,0,2016,9,13,6,3,2,6,0,0,0,1,0,1,0,0,3.99252E+20,5.58003E+21,7.58348E+15,5.03637E+16
57475,57476,7,2,35,55,2016,8,12,6,2,0,1,0,0,1,0,0,0,0,0,3.25846E+20,5.5043E+21,6.58651E+15,4.96661E+16
57476,57477,7,1,40,36,2016,9,10,4,3,2,2,0,0,0,1,0,1,0,0,3.95861E+20,5.55707E+21,7.54213E+15,5.01567E+16
57477,57478,7,1,43,24,2016,8,14,5,3,1,6,0,0,0,1,0,0,0,0,4.20753E+20,5.58837E+21,7.88396E+15,5.0442E+16
57478,57479,7,3,20,0,2016,9,13,6,3,2,6,0,0,0,1,0,0,0,0,3.82026E+20,5.45729E+21,7.37867E+15,4.9257E+16
57479,57480,7,2,11,0,2016,9,20,1,3,4,1,1,0,0,1,0,0,0,0,3.29691E+20,5.51505E+21,6.63506E+15,4.97638E+16
57480,57481,7,3,19,0,2016,8,18,4,3,4,6,0,0,0,1,0,1,0,0,4.53102E+20,5.50083E+21,8.35021E+15,4.96582E+16
57481,57482,7,1,41,84,2016,9,10,5,2,8,1,0,0,0,0,0,0,1,0,4.1421E+20,5.56618E+21,7.79687E+15,5.02416E+16
57482,57483,7,1,43,206,2016,8,6,4,3,9,6,1,0,0,1,0,0,1,0,4.26231E+20,5.61316E+21,7.95617E+15,5.06656E+16
57483,57484,7,1,37,68,2016,8,16,2,3,3,6,0,0,0,1,0,0,0,1,3.76443E+20,5.57686E+21,7.26397E+15,5.03309E+16
57484,57485,7,1,31,2,2016,8,13,3,3,5,1,0,0,0,0,0,1,1,0,3.56262E+20,5.59459E+21,6.9738E+15,5.04856E+16
57485,57486,7,1,38,57,2016,8,10,1,3,8,1,0,1,0,1,0,0,0,0,4.02229E+20,5.60569E+21,7.61862E+15,5.05949E+16
57486,57487,7,1,38,12,2016,9,11,3,3,5,3,0,0,1,1,0,0,0,0,4.04155E+20,5.60036E+21,7.6472E+15,5.05473E+16
57487,57488,7,3,40,206,2016,9,19,5,3,8,1,0,0,0,0,0,1,0,0,3.84423E+20,5.45509E+21,7.41225E+15,4.92376E+16
57488,57489,7,3,33,10,2016,9,17,7,3,5,3,0,0,0,1,0,1,0,0,4.3027E+20,5.4984E+21,8.03433E+15,4.96342E+16
57489,57490,7,1,11,0,2016,8,15,7,3,3,6,0,0,0,1,0,1,0,0,3.99556E+20,5.57968E+21,7.58785E+15,5.03606E+16
57490,57491,7,1,37,216,2016,8,18,4,3,5,3,0,0,0,1,0,1,0,0,3.94024E+20,5.58325E+21,7.50909E+15,5.03918E+16
57491,57492,7,3,15,0,2016,8,6,2,3,5,3,2,0,1,1,0,0,0,0,4.45644E+20,5.54131E+21,8.2412E+15,5.00217E+16
57492,57493,7,3,38,23,2016,8,16,7,3,0,1,0,1,0,0,0,1,0,0,4.56172E+20,5.45715E+21,8.39757E+15,4.92656E+16
57493,57494,7,1,32,7,2016,8,9,6,2,5,3,0,0,0,1,0,0,0,0,4.03385E+20,5.62193E+21,7.6307E+15,5.07411E+16
57494,57495,7,1,31,211,2016,8,16,4,2,6,1,0,0,0,0,1,1,0,0,3.69965E+20,5.58679E+21,7.16956E+15,5.04187E+16
57495,57496,7,3,39,5,2016,8,15,1,2,0,1,0,0,0,0,0,0,0,1,4.23836E+20,5.53571E+21,7.93793E+15,4.99689E+16
57496,57497,7,3,14,0,2016,8,17,4,3,3,6,0,0,0,1,0,0,1,0,4.6E+20,5.48147E+21,8.44775E+15,4.94845E+16
57497,57498,7,2,31,502,2016,9,20,5,2,3,6,1,0,1,0,0,1,0,0,3.61726E+20,5.52169E+21,7.07725E+15,4.98317E+16