FID,OBJECTID,ULAND,UREGBEZ,UKREIS,UGEMEINDE,UJAHR,UMONAT,USTUNDE,UWOCHENTAG,UKATEGORIE,UART,UTYP1,ULICHTVERH,IstStrasse,IstRad,IstPKW,IstFuss,IstKrad,IstGkfz,IstSonstig,LINREFX,LINREFY,XGCSWGS84,YGCSWGS84
57498,57499,7,2,11,0,2016,8,23,7,3,4,6,2,0,0,1,0,0,0,0,3.28618E+20,5.51557E+21,6.61996E+15,4.97681E+16
57499,57500,7,1,34,8,2016,8,12,4,2,4,2,0,0,0,0,0,1,0,1,3.76571E+20,5.49313E+21,7.2926E+15,4.95781E+16
57500,57501,7,1,37,68,2016,8,7,2,3,5,3,0,0,0,1,0,0,0,0,3.75716E+20,5.57214E+21,7.25532E+15,5.02883E+16
57501,57502,7,1,41,25,2016,8,12,3,2,5,3,0,0,0,1,0,1,0,0,4.11666E+20,5.57582E+21,7.75896E+15,5.03279E+16
57502,57503,7,1,34,81,2016,8,17,1,2,0,1,0,0,0,0,0,1,0,0,3.70308E+20,5.51573E+21,7.19851E+15,4.978E+16
57503,57504,7,2,11,0,2016,9,17,3,3,5,3,0,0,0,1,0,0,0,0,3.31999E+20,5.51601E+21,6.66667E+15,4.9773E+16
57504,57505,7,1,40,21,2016,9,7,6,3,0,1,0,0,0,0,0,1,0,0,3.85035E+20,5.54885E+21,7.39312E+15,5.00808E+16
57505,57506,7,1,33,76,2016,9,8,7,3,9,1,0,0,0,1,0,0,0,0,4.06189E+20,5.51173E+21,7.69772E+15,4.97507E+16
57506,57507,7,1,40,40,2016,8,10,7,2,4,2,0,0,0,1,0,0,0,0,3.89583E+20,5.5269E+21,7.46296E+15,4.98843E+16
57507,57508,7,1,32,66,2016,8,10,4,3,5,3,0,0,0,1,0,1,0,0,4.16215E+20,5.61976E+21,7.81299E+15,5.07236E+16
57508,57509,7,3,31,66,2016,9,14,6,3,1,6,0,0,0,1,0,0,0,0,4.39221E+20,5.49872E+21,8.15823E+15,4.9638E+16
57509,57510,7,3,33,22,2016,8,15,2,3,4,6,0,0,0,0,0,0,1,0,4.33308E+20,5.50241E+21,8.07571E+15,4.96705E+16
57510,57511,7,3,35,37,2016,8,7,7,3,1,6,0,0,0,1,0,0,0,0,3.99616E+20,5.46975E+21,7.61721E+15,4.93722E+16
57511,57512,7,2,35,143,2016,8,20,6,2,0,1,1,0,0,0,0,1,0,0,3.2306E+20,5.50894E+21,6.54585E+15,4.9707E+16
57512,57513,7,1,37,97,2016,8,19,4,3,4,6,1,1,0,1,0,0,0,0,3.70699E+20,5.57911E+21,7.18253E+15,5.03499E+16
57513,57514,7,3,13,0,2016,8,16,1,1,5,3,0,0,1,1,0,0,0,0,4.39564E+20,5.44705E+21,8.17084E+15,4.91733E+16
57514,57515,7,3,11,0,2016,8,18,6,3,0,3,0,0,1,1,0,0,0,0,4.53508E+20,5.48698E+21,8.35747E+15,4.95336E+16
57515,57516,7,1,32,94,2016,8,9,6,2,9,1,0,1,0,1,0,0,0,0,3.93793E+20,5.61847E+21,7.49579E+15,5.07083E+16
57516,57517,7,1,40,501,2016,8,7,2,3,4,6,0,0,0,1,0,0,0,1,3.99961E+20,5.56757E+21,7.59675E+15,5.02518E+16
57517,57518,7,1,38,4,2016,9,0,5,3,2,6,2,0,0,1,0,0,0,0,3.80609E+20,5.5977E+21,7.31584E+15,5.05191E+16
57518,57519,7,1,43,46,2016,8,16,3,3,4,2,0,0,0,1,0,0,0,0,4.13703E+20,5.59965E+21,7.78209E+15,5.05424E+16
57519,57520,7,3,38,5,2016,8,15,4,3,9,1,0,0,0,1,0,0,0,0,4.54932E+20,5.46621E+21,8.37951E+15,4.9347E+16
57520,57521,7,2,31,125,2016,8,16,7,2,4,6,0,0,1,1,0,0,0,0,3.56705E+20,5.53958E+21,7.00084E+15,4.99914E+16
57521,57522,7,2,35,114,2016,8,7,5,2,4,1,0,0,0,1,0,0,1,0,3.46798E+20,5.50695E+21,6.87562E+15,4.96956E+16
57522,57523,7,3,31,50,2016,8,19,3,3,3,2,0,0,0,1,0,1,0,0,4.28072E+20,5.51118E+21,8.00154E+15,4.97488E+16
57523,57524,7,3,37,15,2016,8,14,1,2,1,6,0,0,0,1,0,0,0,0,4.33687E+20,5.45605E+21,8.08874E+15,4.92536E+16
57524,57525,7,3,36,55,2016,9,17,5,3,2,6,0,0,0,1,0,0,0,0,3.83929E+20,5.48903E+21,7.39554E+15,4.95428E+16
57525,57526,7,1,41,5,2016,8,9,6,2,4,1,0,0,0,1,0,0,0,0,4.28981E+20,5.58127E+21,8.00116E+15,5.03792E+16
57526,57527,7,3,36,46,2016,9,14,3,3,4,6,0,0,0,1,0,0,0,1,3.93902E+20,5.49411E+21,7.53199E+15,4.95903E+16
57527,57528,7,1,37,8,2016,8,18,5,2,9,1,0,0,0,0,0,1,0,0,3.73246E+20,5.58245E+21,7.21719E+15,5.03805E+16
57528,57529,7,3,38,19,2016,9,15,6,3,5,3,0,0,0,1,0,1,0,0,4.53619E+20,5.47527E+21,8.36038E+15,4.94283E+16
57529,57530,7,1,40,35,2016,9,13,1,2,8,1,0,1,0,1,0,0,0,0,4.01711E+20,5.53805E+21,7.6289E+15,4.99866E+16
57530,57531,7,1,38,76,2016,9,12,7,3,0,6,0,0,0,1,0,0,0,1,3.87884E+20,5.60155E+21,7.41726E+15,5.05551E+16
57531,57532,7,1,32,81,2016,9,6,5,3,3,6,0,0,1,1,0,0,0,0,4.06483E+20,5.61862E+21,7.67544E+15,5.07118E+16
57532,57533,7,1,37,86,2016,8,7,4,3,5,3,0,0,0,1,0,0,0,0,3.82397E+20,5.57848E+21,7.34708E+15,5.03466E+16
57533,57534,7,1,37,203,2016,8,15,2,3,2,6,0,0,0,1,0,0,1,0,3.98848E+20,5.5858E+21,7.57625E+15,5.04156E+16
57534,57535,7,1,37,88,2016,8,9,3,2,0,1,0,0,1,0,0,0,0,0,3.86383E+20,5.58274E+21,7.40179E+15,5.03857E+16
57535,57536,7,1,11,0,2016,9,7,3,3,2,6,0,0,0,1,0,0,0,0,4.011E+20,5.57874E+21,7.60979E+15,5.03524E+16
57536,57537,7,3,16,0,2016,9,16,5,3,5,3,0,0,1,0,1,0,0,0,4.36078E+20,5.46695E+21,8.11984E+15,4.93519E+16
57537,57538,7,2,33,229,2016,9,14,7,2,8,1,0,0,0,0,0,1,0,0,3.44168E+20,5.57471E+21,6.81169E+15,5.03039E+16
57538,57539,7,1,35,58,2016,8,17,4,3,9,6,0,0,0,1,0,0,0,0,3.64839E+20,5.56515E+21,7.1052E+15,5.0223E+16
57539,57540,7,2,11,0,2016,8,16,2,3,5,1,0,0,0,1,0,0,0,0,3.29171E+20,5.50915E+21,6.63044E+15,4.97106E+16
57540,57541,7,1,34,88,2016,8,13,7,2,4,1,0,1,0,1,0,1,0,0,3.8017E+20,5.52229E+21,7.33342E+15,4.9841E+16
57541,57542,7,3,36,38,2016,8,12,5,3,9,1,0,1,0,1,0,0,0,0,3.99312E+20,5.49795E+21,7.60583E+15,4.96257E+16
57542,57543,7,1,37,211,2016,8,11,4,3,3,6,0,1,0,1,0,0,1,0,3.91669E+20,5.58465E+21,7.47557E+15,5.04039E+16
57543,57544,7,2,35,151,2016,8,15,1,3,2,6,0,0,1,1,0,0,0,0,3.35429E+20,5.53078E+21,6.70799E+15,4.99068E+16
57544,57545,7,2,35,133,2016,8,11,6,2,5,3,0,0,0,1,0,0,1,0,3.17049E+20,5.50728E+21,6.46333E+15,4.96903E+16
57545,57546,7,3,13,0,2016,8,14,5,3,0,1,0,0,0,0,0,1,0,0,4.18204E+20,5.45943E+21,7.87531E+15,4.92821E+16
57546,57547,7,1,11,0,2016,8,13,2,3,6,4,0,0,1,0,1,0,0,0,3.98776E+20,5.58074E+21,7.5766E+15,5.037E+16
57547,57548,7,2,32,202,2016,9,16,6,3,4,6,0,0,0,0,0,1,1,0,3.08405E+20,5.57358E+21,6.31058E+15,5.02832E+16
57548,57549,7,3,35,49,2016,8,17,4,2,5,3,0,0,1,1,0,0,0,0,4.02177E+20,5.48269E+21,7.64929E+15,4.94889E+16
57549,57550,7,3,39,56,2016,8,8,1,3,5,3,0,0,0,1,0,0,0,0,4.31114E+20,5.5267E+21,8.04101E+15,4.98887E+16
57550,57551,7,1,37,88,2016,8,16,3,3,2,2,0,0,0,1,0,0,0,0,3.85883E+20,5.58398E+21,7.39439E+15,5.03967E+16
57551,57552,7,2,31,92,2016,8,14,4,3,5,3,0,0,0,1,0,1,0,0,3.48708E+20,5.52454E+21,6.89524E+15,4.98541E+16
57552,57553,7,3,34,25,2016,8,17,6,2,5,3,0,0,0,1,0,1,0,0,4.4845E+20,5.44469E+21,8.29305E+15,4.91528E+16
57553,57554,7,1,31,3,2016,8,11,7,3,0,1,0,0,0,0,0,1,0,0,3.58096E+20,5.59959E+21,6.99774E+15,5.0531E+16
57554,57555,7,3,36,88,2016,8,20,4,3,8,1,0,1,0,1,0,0,0,0,3.8085E+20,5.49031E+21,7.35262E+15,4.95537E+16
57555,57556,7,3,38,21,2016,9,7,4,3,4,2,0,0,0,1,0,1,0,0,4.59866E+20,5.4684E+21,8.44721E+15,4.9367E+16
57556,57557,7,1,37,43,2016,8,20,3,3,3,6,0,0,1,1,0,0,0,0,3.74933E+20,5.5715E+21,7.24454E+15,5.02824E+16
57557,57558,7,3,34,13,2016,8,11,5,3,4,6,0,0,0,1,0,0,0,0,4.4374E+20,5.43787E+21,8.22941E+15,4.90912E+16
57558,57559,7,1,32,76,2016,9,1,2,3,8,1,2,1,0,1,0,0,0,0,4.19744E+20,5.63336E+21,7.86E+15,5.08464E+16
57559,57560,7,1,31,55,2016,8,15,1,3,2,6,0,0,0,1,0,0,0,0,3.7411E+20,5.58954E+21,7.22696E+15,5.04444E+16
57560,57561,7,3,38,21,2016,9,9,5,3,2,6,0,0,0,1,0,1,0,0,4.60029E+20,5.4685E+21,8.44946E+15,4.93679E+16
57561,57562,7,3,39,42,2016,8,7,6,3,5,3,0,0,1,0,0,0,1,0,4.41939E+20,5.52934E+21,8.1913E+15,4.99136E+16
57562,57563,7,1,37,227,2016,8,11,6,2,8,1,0,0,0,1,0,0,0,0,3.95426E+20,5.56933E+21,7.53267E+15,5.02668E+16
57563,57564,7,1,11,0,2016,8,10,2,3,5,3,0,0,1,1,0,0,0,0,3.96985E+20,5.57791E+21,7.5522E+15,5.03443E+16
57564,57565,7,1,37,86,2016,9,23,5,2,0,1,2,0,1,0,0,0,0,0,3.8554E+20,5.57866E+21,7.39119E+15,5.03489E+16
57565,57566,7,1,38,45,2016,8,17,3,3,1,6,0,0,0,1,0,0,0,0,3.91717E+20,5.58728E+21,7.47548E+15,5.04276E+16
57566,57567,7,3,31,70,2016,8,18,4,3,8,1,0,0,0,0,0,1,0,0,4.28012E+20,5.51272E+21,8.00042E+15,4.97627E+16
57567,57568,7,1,32,96,2016,8,18,7,2,0,1,0,0,0,0,0,1,0,0,4.09497E+20,5.62497E+21,7.71655E+15,5.07695E+16
57568,57569,7,1,37,68,2016,8,10,5,3,3,6,0,0,0,1,0,1,0,0,3.73214E+20,5.57673E+21,7.21866E+15,5.0329E+16
57569,57570,7,2,35,118,2016,8,8,3,2,4,2,0,0,1,1,0,0,0,0,3.23605E+20,5.49787E+21,6.55838E+15,4.96076E+16
57570,57571,7,1,37,202,2016,8,20,1,3,5,3,0,0,0,1,0,0,0,0,3.89173E+20,5.57953E+21,7.44197E+15,5.03574E+16
57571,57572,7,3,37,501,2016,9,16,5,3,4,1,0,0,0,1,0,0,0,1,4.25359E+20,5.45089E+21,7.97526E+15,4.92062E+16
57572,57573,7,3,35,27,2016,8,16,3,3,0,1,0,0,0,0,0,1,0,0,3.94156E+20,5.46984E+21,7.54199E+15,4.93721E+16
57573,57574,7,1,31,1,2016,8,8,6,1,6,4,0,0,0,0,1,1,0,0,3.52832E+20,5.58319E+21,6.92997E+15,5.03823E+16
57574,57575,7,3,16,0,2016,9,17,3,3,2,6,0,0,0,1,0,0,0,0,4.38417E+20,5.46784E+21,8.1519E+15,4.93602E+16
57575,57576,7,1,11,0,2016,8,14,5,3,3,6,0,0,0,1,0,0,1,0,3.97067E+20,5.58364E+21,7.55178E+15,5.03958E+16
57576,57577,7,3,15,0,2016,9,22,6,2,6,4,2,0,0,1,1,0,0,0,4.47063E+20,5.53903E+21,8.26133E+15,5.00012E+16
57577,57578,7,1,37,89,2016,9,13,1,3,8,1,0,1,0,1,0,0,0,0,3.78386E+20,5.57441E+21,7.29205E+15,5.03092E+16
57578,57579,7,1,31,37,2016,9,13,7,3,4,6,0,0,0,1,0,1,0,0,3.59434E+20,5.58518E+21,7.02201E+15,5.04018E+16
57579,57580,7,3,38,21,2016,8,18,2,3,3,6,0,0,1,1,0,0,0,0,4.59683E+20,5.46832E+21,8.4447E+15,4.93663E+16
57580,57581,7,1,31,90,2016,9,7,5,2,9,1,0,0,0,1,0,0,0,0,3.63521E+20,5.6039E+21,7.07265E+15,5.05711E+16
57581,57582,7,2,32,296,2016,8,16,2,3,6,4,0,0,0,1,1,0,0,0,3.16294E+20,5.56493E+21,6.42539E+15,5.0208E+16
57582,57583,7,1,11,0,2016,8,15,4,2,5,3,0,0,1,1,0,0,0,0,3.99357E+20,5.57993E+21,7.58498E+15,5.03628E+16
57583,57584,7,1,35,45,2016,8,12,2,3,2,6,0,0,0,1,0,0,0,0,3.67736E+20,5.56513E+21,7.1458E+15,5.02236E+16
57584,57585,7,1,31,58,2016,8,10,2,2,6,4,0,0,0,0,1,1,0,0,3.53816E+20,5.57763E+21,6.94594E+15,5.03326E+16
57585,57586,7,1,11,0,2016,8,7,3,3,5,3,0,0,1,1,0,0,0,0,4.00188E+20,5.58277E+21,7.59591E+15,5.03885E+16
57586,57587,7,3,16,0,2016,9,11,2,3,5,3,0,0,0,1,0,0,0,1,4.41506E+20,5.4681E+21,8.19441E+15,4.93628E+16
57587,57588,7,3,33,1,2016,9,16,5,3,6,2,0,0,0,1,1,0,0,0,4.35002E+20,5.5003E+21,8.09954E+15,4.96517E+16
57588,57589,7,1,34,71,2016,9,11,7,2,8,1,0,0,0,0,0,1,0,0,3.66265E+20,5.50404E+21,7.14639E+15,4.9674E+16
57589,57590,7,3,12,0,2016,8,13,3,3,5,2,0,0,0,1,0,1,0,0,4.10995E+20,5.4768E+21,7.77233E+15,4.94374E+16
57590,57591,7,1,40,67,2016,8,10,2,2,9,1,0,1,0,1,0,0,0,0,3.84769E+20,5.53277E+21,7.39423E+15,4.99362E+16
57591,57592,7,1,32,101,2016,8,19,7,3,9,1,0,1,0,0,0,1,0,0,4.22874E+20,5.62336E+21,7.90656E+15,5.07569E+16
57592,57593,7,3,14,0,2016,8,19,5,3,2,6,0,1,0,1,0,0,0,0,4.57685E+20,5.48353E+21,8.41557E+15,4.9503E+16
57593,57594,7,1,31,3,2016,8,14,1,3,4,1,0,0,0,1,0,1,0,0,3.55093E+20,5.59799E+21,6.95602E+15,5.05159E+16
57594,57595,7,1,32,117,2016,8,19,4,2,2,6,0,0,1,0,0,0,0,0,4.10139E+20,5.62856E+21,7.72479E+15,5.08018E+16
57595,57596,7,1,43,9,2016,8,0,2,2,8,7,2,0,0,1,0,0,0,0,4.0758E+20,5.59694E+21,7.69638E+15,5.05171E+16
57596,57597,7,2,11,0,2016,9,15,6,3,5,3,0,0,0,1,0,0,0,0,3.34827E+20,5.52075E+21,6.7039E+15,4.98164E+16
57597,57598,7,3,39,5,2016,8,12,1,3,2,6,0,0,0,1,0,0,0,0,4.21327E+20,5.5317E+21,7.90377E+15,4.99325E+16
57598,57599,7,3,36,11,2016,8,15,2,3,9,1,0,0,0,0,0,1,0,0,3.82563E+20,5.47633E+21,7.38045E+15,4.94283E+16
57599,57600,7,2,11,0,2016,8,15,4,3,1,6,0,0,0,1,0,0,0,0,3.33736E+20,5.51895E+21,6.68952E+15,4.97999E+16
57600,57601,7,3,11,0,2016,8,12,6,2,5,3,0,0,1,1,0,0,0,0,4.53285E+20,5.48664E+21,8.35443E+15,4.95306E+16
57601,57602,7,3,35,12,2016,8,7,6,3,2,6,0,0,1,1,0,0,0,0,3.90029E+20,5.47305E+21,7.48428E+15,4.94002E+16
57602,57603,7,3,19,0,2016,9,13,4,3,0,1,0,0,1,0,0,0,0,0,4.52917E+20,5.49767E+21,8.34803E+15,4.96297E+16
57603,57604,7,1,37,207,2016,8,10,3,3,2,6,0,0,0,0,0,1,0,0,3.92374E+20,5.57317E+21,7.48877E+15,5.03008E+16
57604,57605,7,1,33,37,2016,8,19,5,3,5,3,0,0,0,1,0,0,0,0,4.20721E+20,5.51988E+21,7.89775E+15,4.98261E+16
57605,57606,7,1,37,8,2016,9,15,2,3,2,6,0,0,0,1,0,0,1,0,3.74778E+20,5.58523E+21,7.2378E+15,5.04058E+16
57606,57607,7,3,38,19,2016,8,9,7,3,9,1,0,0,0,0,0,1,0,0,4.51052E+20,5.47695E+21,8.32477E+15,4.94432E+16
57607,57608,7,3,39,5,2016,9,3,5,2,9,1,2,0,0,1,0,0,0,0,4.23873E+20,5.53107E+21,7.93936E+15,4.99271E+16
57608,57609,7,3,15,0,2016,8,19,7,3,5,3,0,0,1,1,0,0,0,0,4.4478E+20,5.54178E+21,8.22907E+15,5.00258E+16
57609,57610,7,3,40,27,2016,8,16,1,3,3,2,0,0,0,0,0,1,0,0,4.15407E+20,5.46363E+21,7.83598E+15,4.93195E+16
57610,57611,7,3,39,53,2016,8,18,3,2,0,6,0,0,0,0,0,1,0,0,4.46649E+20,5.52458E+21,8.25754E+15,4.98712E+16
57611,57612,7,3,31,73,2016,9,11,3,2,2,6,0,0,0,1,0,0,0,0,4.38378E+20,5.52022E+21,8.14315E+15,4.98312E+16
57612,57613,7,1,38,37,2016,9,15,6,3,2,6,0,0,0,1,0,0,0,0,3.78602E+20,5.60075E+21,7.28655E+15,5.05461E+16
57613,57614,7,3,37,47,2016,9,20,7,3,7,1,1,0,0,1,0,0,0,0,4.38621E+20,5.46156E+21,8.15568E+15,4.93037E+16
57614,57615,7,1,43,62,2016,8,13,7,2,2,1,0,0,0,1,0,1,0,0,4.09132E+20,5.59165E+21,7.71954E+15,5.04698E+16
57615,57616,7,3,15,0,2016,8,17,4,3,4,2,0,0,0,1,0,0,0,0,4.43993E+20,5.53888E+21,8.21852E+15,4.99996E+16
57616,57617,7,3,12,0,2016,9,18,6,3,8,1,0,0,0,0,0,1,0,0,4.09815E+20,5.47799E+21,7.75579E+15,4.94478E+16
57617,57618,7,3,32,2,2016,8,5,2,3,5,3,1,0,0,1,0,1,0,0,4.40187E+20,5.47977E+21,8.17448E+15,4.94676E+16
57618,57619,7,2,33,80,2016,8,13,2,3,5,3,0,0,0,1,0,0,0,0,3.36533E+20,5.57237E+21,6.70558E+15,5.02808E+16
57619,57620,7,3,31,48,2016,8,18,6,3,4,2,0,0,0,1,0,0,0,0,4.42143E+20,5.49791E+21,8.19881E+15,4.9631E+16
57620,57621,7,3,38,2,2016,9,16,4,3,1,6,0,0,0,1,0,0,1,1,4.50349E+20,5.48921E+21,8.31354E+15,4.95534E+16
57621,57622,7,3,40,33,2016,8,12,1,3,2,6,0,0,1,0,0,0,0,0,4.16685E+20,5.43673E+21,7.85914E+15,4.90778E+16
57622,57623,7,3,36,84,2016,8,12,1,3,8,1,0,0,0,1,0,0,0,0,3.77222E+20,5.48855E+21,7.30302E+15,4.95371E+16
57623,57624,7,3,35,15,2016,8,14,1,3,5,3,0,0,0,1,0,1,0,0,4.21411E+20,5.47751E+21,7.91583E+15,4.94452E+16
57624,57625,7,1,33,6,2016,8,10,7,3,2,6,0,0,0,1,0,1,0,0,4.17095E+20,5.52025E+21,7.84726E+15,4.98289E+16
57625,57626,7,3,38,4,2016,8,9,3,3,5,3,0,0,1,1,0,0,0,0,4.53383E+20,5.49243E+21,8.3551E+15,4.95827E+16
57626,57627,7,3,40,224,2016,8,15,5,2,4,2,0,0,0,1,0,0,0,0,3.9254E+20,5.46369E+21,7.52139E+15,4.93165E+16
57627,57628,7,3,33,19,2016,9,15,3,3,0,7,0,0,0,1,0,0,0,1,4.33434E+20,5.48963E+21,8.07963E+15,4.95556E+16
57628,57629,7,3,32,49,2016,8,18,4,3,5,2,0,0,0,1,0,1,0,0,4.38907E+20,5.48454E+21,8.15607E+15,4.95104E+16
57629,57630,7,2,32,18,2016,9,10,6,2,5,3,0,0,0,1,0,1,0,0,3.22869E+20,5.53889E+21,6.52952E+15,4.9976E+16
57630,57631,7,3,36,97,2016,9,4,7,3,0,7,2,0,0,0,0,0,0,1,3.79802E+20,5.492E+21,7.33762E+15,4.95686E+16
57631,57632,7,3,14,0,2016,8,12,4,3,1,3,0,0,1,1,0,0,0,0,4.58795E+20,5.48151E+21,8.4311E+15,4.94848E+16
57632,57633,7,1,37,230,2016,9,2,7,2,8,1,2,0,0,0,0,0,0,1,3.93284E+20,5.57515E+21,7.50098E+15,5.03188E+16
57633,57634,7,1,33,44,2016,8,12,2,2,8,1,0,0,0,0,0,1,0,0,4.11416E+20,5.52842E+21,7.76646E+15,4.99016E+16
57634,57635,7,3,37,20,2016,8,7,6,3,2,2,0,0,0,1,0,0,0,0,4.38328E+20,5.45973E+21,8.15193E+15,4.92872E+16
57635,57636,7,3,33,3,2016,9,17,4,3,4,6,0,0,0,1,0,0,0,0,4.15219E+20,5.50883E+21,7.82367E+15,4.9726E+16
57636,57637,7,1,38,45,2016,8,19,2,2,8,1,0,1,0,1,0,0,0,0,3.94973E+20,5.59297E+21,7.51972E+15,5.04793E+16
57637,57638,7,3,36,105,2016,8,18,1,2,0,3,0,0,1,0,0,0,0,0,3.99347E+20,5.49341E+21,7.60747E+15,4.95849E+16
57638,57639,7,3,20,0,2016,8,18,1,3,3,6,0,0,0,1,0,0,0,0,3.83668E+20,5.4547E+21,7.40198E+15,4.9234E+16
57639,57640,7,3,14,0,2016,9,7,2,3,2,2,0,0,0,1,0,0,0,0,4.59198E+20,5.47914E+21,8.43691E+15,4.94636E+16
57640,57641,7,1,35,92,2016,9,17,5,3,5,3,0,0,0,1,0,0,0,0,3.69146E+20,5.54165E+21,7.1736E+15,5.00128E+16
57641,57642,7,1,38,45,2016,9,15,7,3,3,1,0,0,0,1,0,1,0,0,3.95217E+20,5.59229E+21,7.52334E+15,5.04732E+16
57642,57643,7,3,14,0,2016,8,9,3,3,6,4,0,0,0,1,1,0,0,0,4.56393E+20,5.48233E+21,8.39785E+15,4.94921E+16
57643,57644,7,3,38,8,2016,8,13,1,3,2,6,0,1,0,1,0,0,0,0,4.50448E+20,5.47831E+21,8.31627E+15,4.94554E+16
57644,57645,7,1,32,113,2016,8,18,5,3,4,6,0,0,0,1,0,1,0,0,4.24632E+20,5.61966E+21,7.93223E+15,5.07238E+16
57645,57646,7,2,31,53,2016,8,6,5,3,2,6,0,0,0,1,0,1,0,0,3.4336E+20,5.52789E+21,6.81955E+15,4.98829E+16
57646,57647,7,1,37,230,2016,8,16,1,3,2,6,0,0,0,1,0,0,0,0,3.93291E+20,5.57516E+21,7.50108E+15,5.03188E+16
57647,57648,7,1,31,77,2016,8,16,4,3,5,6,0,0,0,1,0,0,1,0,3.75208E+20,5.60174E+21,7.23834E+15,5.05543E+16
57648,57649,7,3,36,31,2016,8,12,1,3,4,6,0,0,0,1,0,1,0,0,3.88288E+20,5.48025E+21,7.45825E+15,4.94646E+16
57649,57650,7,1,43,46,2016,9,21,6,3,2,2,2,0,0,1,0,0,0,0,4.1335E+20,5.59946E+21,7.77716E+15,5.05407E+16
57650,57651,7,1,32,72,2016,8,14,1,3,0,1,0,0,0,0,0,1,0,0,4.27251E+20,5.63268E+21,7.96676E+15,5.08412E+16
57651,57652,7,3,14,0,2016,8,0,2,2,9,1,2,0,0,1,0,0,0,0,4.60111E+20,5.47659E+21,8.44976E+15,4.94407E+16
57652,57653,7,1,43,261,2016,8,7,4,2,8,1,0,0,0,1,0,0,0,0,4.11678E+20,5.61504E+21,7.74985E+15,5.06805E+16
57653,57654,7,3,39,27,2016,8,17,6,2,2,6,0,0,0,0,0,0,1,1,4.38555E+20,5.53895E+21,8.14263E+15,4.99997E+16
57654,57655,7,3,15,0,2016,9,9,4,3,5,2,0,0,0,1,0,0,0,0,4.50733E+20,5.53448E+21,8.31311E+15,4.99607E+16
57655,57656,7,3,15,0,2016,8,16,5,3,2,6,0,0,0,1,0,0,0,0,4.41422E+20,5.53728E+21,8.18289E+15,4.99849E+16
57656,57657,7,3,11,0,2016,9,10,1,2,5,3,0,1,1,1,0,0,0,0,4.53296E+20,5.4858E+21,8.35468E+15,4.9523E+16
57657,57658,7,3,38,4,2016,8,16,4,2,5,2,0,0,0,1,0,1,0,0,4.54117E+20,5.49171E+21,8.36533E+15,4.95762E+16
57658,57659,7,3,38,25,2016,8,17,7,2,3,6,0,0,1,0,0,0,0,0,4.54928E+20,5.46912E+21,8.37912E+15,4.93731E+16
57659,57660,7,2,31,13,2016,9,19,5,3,4,6,0,0,0,1,0,1,0,0,3.41123E+20,5.53619E+21,6.785E+15,4.99569E+16
57660,57661,7,2,32,213,2016,8,19,7,2,8,1,0,0,0,1,0,0,0,0,2.996E+20,5.55071E+21,6.19919E+15,5.00748E+16
57661,57662,7,2,33,240,2016,8,17,4,3,5,3,0,0,0,1,0,0,0,1,3.24148E+20,5.58062E+21,6.52806E+15,5.03514E+16
57662,57663,7,3,35,49,2016,8,19,1,3,2,6,0,0,0,1,0,1,0,0,4.00887E+20,5.48184E+21,7.63168E+15,4.94811E+16
57663,57664,7,2,35,133,2016,8,15,3,3,2,2,0,0,0,1,0,0,0,1,3.17309E+20,5.50735E+21,6.46691E+15,4.9691E+16
57664,57665,7,2,32,227,2016,8,10,1,3,8,1,0,0,0,0,0,0,0,1,3.16397E+20,5.5676E+21,6.42554E+15,5.0232E+16
57665,57666,7,2,35,125,2016,9,19,3,3,3,7,0,0,0,1,0,1,0,0,3.37255E+20,5.52152E+21,6.7373E+15,4.98241E+16
57666,57667,7,1,31,70,2016,9,17,6,2,5,2,0,0,1,1,0,0,0,0,3.77764E+20,5.60272E+21,7.27407E+15,5.05636E+16
57667,57668,7,3,14,0,2016,9,5,7,3,4,6,2,0,1,0,0,1,0,0,4.52689E+20,5.48206E+21,8.34675E+15,4.94893E+16
57668,57669,7,1,31,32,2016,8,14,7,2,8,1,0,0,0,0,0,1,0,0,3.51281E+20,5.58286E+21,6.90828E+15,5.0379E+16
57669,57670,7,1,43,254,2016,8,14,4,3,5,2,0,0,0,1,0,0,0,0,4.2356E+20,5.60431E+21,7.92021E+15,5.05857E+16
57670,57671,7,3,38,12,2016,9,18,6,3,5,3,0,0,1,1,0,0,0,0,4.50528E+20,5.48808E+21,8.31615E+15,4.95433E+16
57671,57672,7,3,18,0,2016,8,20,2,3,5,3,0,0,1,0,0,0,0,0,4.58773E+20,5.46625E+21,8.43239E+15,4.93476E+16
57672,57673,7,3,33,502,2016,8,14,7,3,1,6,0,1,0,1,0,0,0,0,4.12892E+20,5.49641E+21,7.79416E+15,4.9614E+16
57673,57674,7,2,33,20,2016,8,15,6,3,5,3,0,0,0,1,0,0,0,0,3.45168E+20,5.56872E+21,6.82818E+15,5.02503E+16
57674,57675,7,1,11,0,2016,8,16,4,2,2,2,0,0,0,1,0,0,0,0,3.93962E+20,5.58074E+21,7.50893E+15,5.03692E+16
57675,57676,7,3,16,0,2016,8,18,1,3,0,1,0,0,1,0,0,0,0,0,4.40427E+20,5.46772E+21,8.1796E+15,4.93593E+16
57676,57677,7,3,34,28,2016,8,16,6,2,3,6,0,0,0,1,0,0,0,0,4.51803E+20,5.45747E+21,8.33749E+15,4.92681E+16
57677,57678,7,1,43,70,2016,8,8,6,3,4,6,0,1,0,1,0,0,1,0,4.13549E+20,5.59381E+21,7.78127E+15,5.04899E+16
57678,57679,7,3,12,0,2016,8,17,1,3,1,6,0,0,0,1,0,0,0,0,4.10634E+20,5.47791E+21,7.7671E+15,4.94473E+16