FID,OBJECTID,ULAND,UREGBEZ,UKREIS,UGEMEINDE,UJAHR,UMONAT,USTUNDE,UWOCHENTAG,UKATEGORIE,UART,UTYP1,ULICHTVERH,IstStrasse,IstRad,IstPKW,IstFuss,IstKrad,IstGkfz,IstSonstig,LINREFX,LINREFY,XGCSWGS84,YGCSWGS84
57679,57680,7,1,43,268,2016,9,16,5,3,2,2,0,0,0,1,0,0,0,0,4.10771E+20,5.60741E+21,7.73886E+15,5.06117E+16
57680,57681,7,1,41,66,2016,8,19,3,3,2,2,0,0,0,1,0,0,0,0,4.01008E+20,5.56526E+21,7.61203E+15,5.02312E+16
57681,57682,7,3,32,2,2016,8,19,4,2,9,1,0,0,0,0,0,1,0,0,4.24971E+20,5.47682E+21,7.96507E+15,4.94394E+16
57682,57683,7,3,39,9,2016,8,16,7,2,2,1,0,0,0,1,0,1,0,0,4.4177E+20,5.54219E+21,8.18699E+15,5.00291E+16
57683,57684,7,3,15,0,2016,8,4,5,2,8,1,2,0,0,1,0,0,0,0,4.46823E+20,5.53884E+21,8.258E+15,4.99995E+16
57684,57685,7,3,13,0,2016,8,21,3,3,1,6,2,0,0,1,0,0,0,0,4.35946E+20,5.44949E+21,8.12082E+15,4.91949E+16
57685,57686,7,3,13,0,2016,8,15,1,2,8,1,0,0,0,0,0,1,0,0,4.17831E+20,5.45982E+21,7.87011E+15,4.92856E+16
57686,57687,7,1,40,36,2016,9,4,6,3,2,6,2,0,0,1,0,0,1,0,3.99584E+20,5.55741E+21,7.59415E+15,5.01604E+16
57687,57688,7,3,40,16,2016,9,16,5,3,1,5,0,0,0,1,0,0,0,0,4.00303E+20,5.46429E+21,7.62803E+15,4.93232E+16
57688,57689,7,1,33,6,2016,9,14,2,3,1,6,0,0,0,1,0,1,0,0,4.18209E+20,5.52191E+21,7.8624E+15,4.9844E+16
57689,57690,7,3,40,23,2016,9,14,7,3,9,1,0,0,0,0,0,0,1,0,3.95044E+20,5.45416E+21,7.55835E+15,4.92312E+16
57690,57691,7,3,19,0,2016,9,8,3,2,5,3,0,0,1,1,0,0,0,0,4.53682E+20,5.49737E+21,8.35865E+15,4.96271E+16
57691,57692,7,3,31,70,2016,9,16,2,3,1,2,0,0,0,1,0,0,0,0,4.2843E+20,5.51311E+21,8.00615E+15,4.97662E+16
57692,57693,7,1,32,63,2016,9,14,4,2,2,2,0,0,0,1,0,1,0,0,4.19456E+20,5.63108E+21,7.85642E+15,5.08258E+16
57693,57694,7,3,39,24,2016,9,15,5,3,4,6,0,0,0,1,0,0,1,0,4.53461E+20,5.51566E+21,8.35341E+15,4.97916E+16
57694,57695,7,3,31,72,2016,9,13,4,3,5,3,0,0,0,1,0,1,0,0,4.25224E+20,5.51879E+21,7.96056E+15,4.98169E+16
57695,57696,7,1,11,0,2016,9,17,5,3,3,6,0,0,0,1,0,0,0,0,3.98629E+20,5.57997E+21,7.57474E+15,5.0363E+16
57696,57697,7,1,38,71,2016,9,11,3,2,8,1,0,0,0,1,0,0,1,0,3.94661E+20,5.60317E+21,7.51245E+15,5.05709E+16
57697,57698,7,3,39,32,2016,9,15,7,3,2,2,0,0,0,1,0,0,0,0,4.43124E+20,5.5311E+21,8.20754E+15,4.99296E+16
57698,57699,7,3,31,48,2016,9,6,2,3,5,2,0,0,0,1,0,0,0,0,4.42022E+20,5.49772E+21,8.19717E+15,4.96293E+16
57699,57700,7,2,11,0,2016,9,12,7,3,2,6,0,0,0,1,0,0,0,0,3.30283E+20,5.51353E+21,6.64395E+15,4.97503E+16
57700,57701,7,3,39,42,2016,9,0,2,3,8,1,2,0,0,1,0,0,0,0,4.41795E+20,5.52766E+21,8.18954E+15,4.98985E+16
57701,57702,7,3,17,0,2016,9,20,3,3,3,6,1,0,0,1,0,1,0,0,3.98058E+20,5.451E+21,7.60052E+15,4.92034E+16
57702,57703,7,1,41,1,2016,9,14,5,2,9,1,0,0,0,0,0,1,0,0,4.29923E+20,5.56997E+21,8.0165E+15,5.02777E+16
57703,57704,7,2,31,96,2016,9,11,7,3,9,1,0,0,0,0,0,1,0,0,3.5362E+20,5.54557E+21,6.95554E+15,5.00444E+16
57704,57705,7,3,15,0,2016,9,15,2,3,5,2,0,0,1,1,0,0,0,0,4.42925E+20,5.53915E+21,8.20357E+15,5.00019E+16
57705,57706,7,1,31,1,2016,9,15,4,3,4,6,0,0,0,1,0,1,0,0,3.57936E+20,5.58385E+21,7.00146E+15,5.03895E+16
57706,57707,7,2,31,82,2016,9,17,5,2,4,1,0,0,0,0,0,1,0,1,3.39268E+20,5.55129E+21,6.75284E+15,5.00921E+16
57707,57708,7,2,31,134,2016,9,15,4,3,8,1,0,0,0,0,0,1,0,0,3.46511E+20,5.5399E+21,6.85859E+15,4.99917E+16
57708,57709,7,2,31,8,2016,9,20,3,3,8,1,2,0,0,0,0,1,0,0,3.63793E+20,5.52919E+21,7.10334E+15,4.98995E+16
57709,57710,7,3,35,38,2016,9,11,4,3,5,3,0,0,0,1,0,0,0,0,3.99336E+20,5.47855E+21,7.61112E+15,4.94512E+16
57710,57711,7,1,43,48,2016,9,7,3,3,1,6,0,0,0,1,0,0,1,0,4.14831E+20,5.58889E+21,7.80045E+15,5.04458E+16
57711,57712,7,1,35,20,2016,9,15,7,3,8,1,0,0,0,1,0,0,0,0,3.69455E+20,5.55502E+21,7.17336E+15,5.01331E+16
57712,57713,7,3,15,0,2016,9,13,2,3,2,6,0,0,0,1,0,0,0,0,4.45817E+20,5.54024E+21,8.24378E+15,5.0012E+16
57713,57714,7,3,15,0,2016,9,12,2,3,1,6,0,0,0,1,0,0,0,0,4.46483E+20,5.53863E+21,8.25328E+15,4.99976E+16
57714,57715,7,3,12,0,2016,9,17,3,3,1,6,0,0,0,1,0,0,0,0,4.13011E+20,5.47855E+21,7.79975E+15,4.94534E+16
57715,57716,7,1,32,53,2016,9,11,3,2,2,6,0,0,1,0,0,0,0,1,3.92504E+20,5.61854E+21,7.47753E+15,5.07087E+16
57716,57717,7,3,37,48,2016,9,10,4,3,5,3,0,0,1,1,0,0,0,0,4.39946E+20,5.45722E+21,8.17456E+15,4.92648E+16
57717,57718,7,3,19,0,2016,9,7,6,3,8,2,0,0,1,1,0,0,0,0,4.531E+20,5.49649E+21,8.3507E+15,4.96192E+16
57718,57719,7,2,33,68,2016,9,13,2,3,2,5,0,0,0,0,0,0,1,0,3.51848E+20,5.56206E+21,6.9244E+15,5.01922E+16
57719,57720,7,3,39,49,2016,9,10,1,3,9,1,0,1,0,1,0,0,0,0,4.53811E+20,5.52234E+21,8.35748E+15,4.98517E+16
57720,57721,7,1,43,302,2016,9,21,3,2,7,7,2,0,0,0,0,1,0,0,4.36177E+20,5.60919E+21,8.09757E+15,5.06311E+16
57721,57722,7,3,32,2,2016,9,14,4,3,2,6,0,0,0,1,0,1,0,0,4.39812E+20,5.47907E+21,8.16941E+15,4.94613E+16
57722,57723,7,2,33,27,2016,9,16,2,3,2,6,0,0,0,1,0,0,0,0,3.48979E+20,5.55431E+21,6.88731E+15,5.01218E+16
57723,57724,7,3,32,50,2016,9,18,1,3,5,3,0,0,1,1,0,0,0,0,4.46057E+20,5.48542E+21,8.25472E+15,4.9519E+16
57724,57725,7,3,14,0,2016,9,19,2,2,2,6,0,0,0,0,0,1,0,0,4.59615E+20,5.48175E+21,8.4424E+15,4.94871E+16
57725,57726,7,1,35,58,2016,9,21,7,3,8,1,2,1,0,1,0,0,0,0,3.63606E+20,5.56646E+21,7.08745E+15,5.02345E+16
57726,57727,7,3,32,25,2016,9,10,3,3,4,2,0,0,0,0,0,1,0,1,4.45966E+20,5.46729E+21,8.25593E+15,4.93559E+16
57727,57728,7,2,32,259,2016,9,19,2,2,0,1,0,0,0,0,0,1,0,0,3.01874E+20,5.55729E+21,6.22752E+15,5.01347E+16
57728,57729,7,2,31,8,2016,9,20,2,3,3,3,2,0,1,1,0,0,0,0,3.61488E+20,5.53102E+21,7.0706E+15,4.99155E+16
57729,57730,7,1,11,0,2016,9,17,3,3,2,2,0,0,0,1,0,0,0,0,3.93301E+20,5.57821E+21,7.50035E+15,5.03463E+16
57730,57731,7,2,35,103,2016,9,8,6,3,1,2,0,0,0,1,0,0,0,0,3.41799E+20,5.5106E+21,6.80487E+15,4.97271E+16
57731,57732,7,1,34,60,2016,9,11,2,3,7,7,0,0,0,0,0,1,0,0,3.79197E+20,5.5148E+21,7.32222E+15,4.97735E+16
57732,57733,7,1,37,6,2016,9,16,1,3,8,1,0,0,0,0,0,1,0,0,3.61533E+20,5.58413E+21,7.05192E+15,5.03929E+16
57733,57734,7,3,34,501,2016,9,5,6,1,4,6,2,0,0,1,0,1,0,0,4.39728E+20,5.43348E+21,8.17512E+15,4.90513E+16
57734,57735,7,3,14,0,2016,9,12,3,3,1,2,0,0,0,1,0,0,0,0,4.59188E+20,5.47919E+21,8.43677E+15,4.9464E+16
57735,57736,7,2,11,0,2016,9,14,2,3,5,2,0,0,0,1,0,0,0,0,3.34051E+20,5.52055E+21,6.69321E+15,4.98144E+16
57736,57737,7,1,33,6,2016,9,15,5,3,5,2,0,0,1,1,0,0,0,0,4.18538E+20,5.52165E+21,7.86704E+15,4.98417E+16
57737,57738,7,3,33,60,2016,9,15,4,3,2,6,0,0,0,1,0,0,0,0,4.30006E+20,5.48829E+21,8.03248E+15,4.95431E+16
57738,57739,7,3,35,45,2016,9,14,6,2,4,6,0,1,0,1,0,0,0,0,4.08913E+20,5.46994E+21,7.7452E+15,4.93753E+16
57739,57740,7,3,37,5,2016,9,13,3,2,3,6,0,0,1,1,0,0,0,0,4.27552E+20,5.4368E+21,8.0079E+15,4.90798E+16
57740,57741,7,1,43,267,2016,9,0,2,2,8,7,2,0,0,1,0,0,0,0,4.10173E+20,5.61493E+21,7.72859E+15,5.06792E+16
57741,57742,7,3,14,0,2016,9,9,4,3,5,3,0,0,0,1,0,0,0,0,4.58387E+20,5.4782E+21,8.42583E+15,4.9455E+16
57742,57743,7,1,41,10,2016,9,16,2,3,2,2,0,0,0,1,0,0,0,0,4.28292E+20,5.56785E+21,7.99402E+15,5.02584E+16
57743,57744,7,3,12,0,2016,9,15,5,2,4,2,0,0,1,1,0,0,0,0,4.16271E+20,5.47704E+21,7.84503E+15,4.94402E+16
57744,57745,7,1,41,51,2016,9,8,2,2,4,6,0,0,0,1,0,0,0,0,4.33164E+20,5.5722E+21,8.06158E+15,5.02981E+16
57745,57746,7,3,33,501,2016,9,14,7,2,0,1,0,0,0,0,0,1,0,0,4.37986E+20,5.49914E+21,8.14106E+15,4.96416E+16
57746,57747,7,3,15,0,2016,9,7,3,2,3,5,0,0,1,1,0,0,0,0,4.43458E+20,5.53926E+21,8.211E+15,5.0003E+16
57747,57748,7,1,43,47,2016,9,11,2,3,5,3,0,0,0,1,0,0,1,0,4.11634E+20,5.59366E+21,7.75431E+15,5.04883E+16
57748,57749,7,1,38,45,2016,9,11,4,3,5,3,0,0,0,1,0,1,0,0,3.92171E+20,5.59125E+21,7.48073E+15,5.04633E+16
57749,57750,7,3,15,0,2016,9,15,5,3,0,7,0,0,0,0,0,1,0,0,4.46705E+20,5.53543E+21,8.25683E+15,4.99689E+16
57750,57751,7,3,19,0,2016,9,15,4,3,6,2,0,0,0,1,1,0,0,0,4.5429E+20,5.49735E+21,8.36708E+15,4.9627E+16
57751,57752,7,1,38,11,2016,9,10,5,3,2,6,0,0,0,1,0,0,0,0,3.99873E+20,5.60022E+21,7.58681E+15,5.05453E+16
57752,57753,7,3,40,4,2016,9,10,2,2,6,4,0,0,0,1,1,0,0,0,4.10914E+20,5.44503E+21,7.77829E+15,4.91516E+16
57753,57754,7,3,15,0,2016,9,23,7,3,0,1,2,0,1,0,0,0,0,0,4.45741E+20,5.5407E+21,8.24264E+15,5.00161E+16
57754,57755,7,3,20,0,2016,9,11,2,2,6,4,0,0,0,1,1,0,0,0,3.81009E+20,5.45616E+21,7.36504E+15,4.92466E+16
57755,57756,7,3,38,25,2016,9,8,5,3,2,6,0,0,0,1,0,0,0,0,4.5575E+20,5.47202E+21,8.39013E+15,4.93992E+16
57756,57757,7,2,31,49,2016,9,14,7,3,8,6,0,0,0,1,0,1,0,0,3.50969E+20,5.54386E+21,6.9192E+15,5.00284E+16
57757,57758,7,1,43,20,2016,9,11,2,3,5,3,0,0,0,1,0,1,0,0,4.20699E+20,5.58181E+21,7.88458E+15,5.0383E+16
57758,57759,7,2,35,151,2016,9,15,7,3,4,1,0,0,0,1,0,1,0,0,3.33475E+20,5.5259E+21,6.68291E+15,4.98623E+16
57759,57760,7,1,38,3,2016,9,11,2,3,8,1,0,0,1,0,0,0,0,0,3.85625E+20,5.61424E+21,7.38148E+15,5.06688E+16
57760,57761,7,1,40,1,2016,9,13,4,3,8,1,0,0,0,1,0,0,0,0,3.90937E+20,5.54225E+21,7.47746E+15,5.00226E+16
57761,57762,7,2,35,95,2016,9,5,5,3,8,1,2,0,0,1,0,0,0,0,3.15084E+20,5.50249E+21,6.43838E+15,4.96466E+16
57762,57763,7,2,35,95,2016,9,21,4,3,8,1,2,0,0,0,0,1,0,0,3.16463E+20,5.50346E+21,6.45701E+15,4.96557E+16
57763,57764,7,2,31,90,2016,9,10,3,3,2,6,0,0,0,1,0,1,0,0,3.57114E+20,5.53093E+21,7.00975E+15,4.99136E+16
57764,57765,7,3,12,0,2016,9,8,4,3,2,6,0,0,0,1,0,1,0,0,4.08645E+20,5.47624E+21,7.74005E+15,4.94319E+16
57765,57766,7,3,17,0,2016,9,17,2,3,5,2,0,0,0,1,0,0,1,0,3.97305E+20,5.45012E+21,7.59042E+15,4.91952E+16
57766,57767,7,3,40,206,2016,9,18,1,3,9,1,0,0,0,1,0,0,0,0,3.85029E+20,5.45246E+21,7.42131E+15,4.92142E+16
57767,57768,7,3,31,30,2016,9,8,2,3,5,2,0,0,0,1,0,1,0,0,4.22383E+20,5.52865E+21,7.91909E+15,4.99052E+16
57768,57769,7,1,37,89,2016,9,10,7,3,5,3,0,0,0,1,0,1,0,0,3.79114E+20,5.57286E+21,7.30276E+15,5.02954E+16
57769,57770,7,1,32,117,2016,9,10,2,3,5,2,0,0,0,1,0,1,0,0,4.11878E+20,5.62565E+21,7.75015E+15,5.07759E+16
57770,57771,7,1,31,60,2016,9,15,2,3,4,1,0,0,0,1,0,0,0,0,3.72614E+20,5.59081E+21,7.20547E+15,5.04555E+16
57771,57772,7,1,31,206,2016,9,7,2,1,4,6,1,0,0,1,0,0,1,0,3.61406E+20,5.58516E+21,7.04975E+15,5.04022E+16
57772,57773,7,1,40,501,2016,9,17,2,3,4,2,0,0,0,1,0,1,0,0,4.01458E+20,5.56174E+21,7.61926E+15,5.01997E+16
57773,57774,7,3,36,58,2016,9,5,3,3,5,3,2,0,0,0,0,1,1,0,3.97949E+20,5.50074E+21,7.58624E+15,4.96505E+16
57774,57775,7,1,38,2,2016,9,22,5,3,8,1,2,0,0,1,0,0,0,0,3.97973E+20,5.59533E+21,7.56134E+15,5.05011E+16
57775,57776,7,1,43,221,2016,9,20,3,2,8,1,2,0,0,0,0,1,0,0,4.16792E+20,5.5983E+21,7.82597E+15,5.05307E+16
57776,57777,7,3,16,0,2016,9,11,4,3,1,2,0,0,0,1,0,0,0,0,4.38402E+20,5.4678E+21,8.15171E+15,4.93598E+16
57777,57778,7,1,11,0,2016,9,19,2,3,3,6,0,0,0,1,0,0,0,0,3.99311E+20,5.58063E+21,7.58415E+15,5.03691E+16
57778,57779,7,3,37,55,2016,9,2,1,3,9,1,2,1,0,1,0,0,0,0,4.2981E+20,5.44079E+21,8.03812E+15,4.9116E+16
57779,57780,7,3,35,38,2016,9,13,6,3,5,3,0,0,0,1,0,0,1,0,3.92772E+20,5.47684E+21,7.52105E+15,4.94348E+16
57780,57781,7,3,32,22,2016,9,16,3,3,6,6,0,0,0,1,1,0,0,0,4.44744E+20,5.4777E+21,8.23766E+15,4.94494E+16
57781,57782,7,1,11,0,2016,9,17,2,3,3,6,0,0,0,1,0,1,0,0,3.99676E+20,5.57924E+21,7.58964E+15,5.03567E+16
57782,57783,7,3,40,16,2016,9,13,1,2,0,1,0,0,0,0,0,1,0,0,4.00826E+20,5.46369E+21,7.63537E+15,4.93179E+16
57783,57784,7,1,11,0,2016,9,7,6,3,5,2,1,0,0,1,0,1,0,0,3.99133E+20,5.57968E+21,7.5819E+15,5.03605E+16
57784,57785,7,1,31,8,2016,9,7,3,3,2,6,0,0,0,1,0,0,1,0,3.48058E+20,5.58043E+21,6.86396E+15,5.03563E+16
57785,57786,7,2,33,5,2016,9,8,6,2,2,6,0,0,0,1,0,0,0,0,3.3414E+20,5.57631E+21,6.67028E+15,5.03155E+16
57786,57787,7,3,36,31,2016,9,12,1,2,7,7,0,0,0,0,0,1,0,0,3.85758E+20,5.48088E+21,7.42318E+15,4.94698E+16
57787,57788,7,2,31,126,2016,9,3,1,3,8,1,2,1,0,1,0,0,0,0,3.5802E+20,5.52793E+21,7.02346E+15,4.98869E+16
57788,57789,7,3,14,0,2016,9,7,6,3,2,6,0,0,0,1,0,0,0,1,4.54643E+20,5.48086E+21,8.37386E+15,4.94787E+16
57789,57790,7,3,38,23,2016,9,7,3,3,5,3,0,0,1,1,0,0,0,0,4.54748E+20,5.4574E+21,8.37798E+15,4.92676E+16
57790,57791,7,3,35,49,2016,9,2,1,3,4,6,2,0,0,1,0,0,0,0,4.00517E+20,5.48106E+21,7.62678E+15,4.9474E+16
57791,57792,7,3,14,0,2016,9,7,4,3,2,6,0,0,0,1,0,0,0,0,4.56998E+20,5.47645E+21,8.40685E+15,4.94392E+16
57792,57793,7,3,35,2,2016,9,17,2,3,0,1,0,0,0,0,0,1,0,0,3.99741E+20,5.47142E+21,7.61851E+15,4.93872E+16
57793,57794,7,3,32,15,2016,9,15,5,2,5,3,0,0,1,1,0,0,0,0,4.45268E+20,5.48139E+21,8.24438E+15,4.94827E+16
57794,57795,7,2,32,227,2016,9,11,7,2,4,6,0,0,1,1,0,0,0,0,3.13322E+20,5.56656E+21,6.38299E+15,5.02218E+16
57795,57796,7,3,35,15,2016,9,17,1,2,2,2,0,0,0,1,0,1,0,0,4.19496E+20,5.47609E+21,7.8897E+15,4.94321E+16
57796,57797,7,3,15,0,2016,9,11,7,3,0,3,0,0,1,1,0,0,0,0,4.44394E+20,5.54195E+21,8.22366E+15,5.00273E+16
57797,57798,7,3,32,2,2016,9,19,1,3,9,1,0,0,0,1,0,0,0,0,4.2737E+20,5.47736E+21,7.99805E+15,4.94446E+16
57798,57799,7,1,35,82,2016,9,17,4,3,5,2,0,0,0,1,0,1,0,0,3.78712E+20,5.55944E+21,7.30141E+15,5.01748E+16
57799,57800,7,3,32,46,2016,9,10,1,2,0,7,0,0,0,0,0,1,0,0,4.40624E+20,5.47661E+21,8.18099E+15,4.94392E+16
57800,57801,7,1,43,24,2016,9,16,1,3,2,6,0,0,0,1,0,0,0,0,4.20786E+20,5.58976E+21,7.88413E+15,5.04545E+16
57801,57802,7,3,38,4,2016,9,8,6,3,0,7,0,1,0,0,0,1,1,0,4.53475E+20,5.49335E+21,8.35626E+15,4.95909E+16
57802,57803,7,3,31,71,2016,9,18,3,2,0,2,0,0,0,0,0,1,0,0,4.46166E+20,5.50727E+21,8.25322E+15,4.97155E+16
57803,57804,7,3,37,19,2016,9,1,1,3,9,1,2,0,0,1,0,0,0,0,4.25139E+20,5.43803E+21,7.97463E+15,4.90906E+16
57804,57805,7,1,41,25,2016,9,20,4,3,3,6,2,0,0,1,0,0,0,1,4.1104E+20,5.5757E+21,7.75019E+15,5.03267E+16
57805,57806,7,3,31,10,2016,9,9,5,3,3,6,0,0,1,1,0,0,0,0,4.36448E+20,5.51591E+21,8.11703E+15,4.97923E+16
57806,57807,7,3,33,45,2016,9,10,4,3,4,2,0,0,0,1,0,0,0,0,4.30338E+20,5.49878E+21,8.0352E+15,4.96375E+16
57807,57808,7,1,31,90,2016,9,18,5,1,5,6,0,0,0,1,0,1,0,0,3.59653E+20,5.60297E+21,7.01842E+15,5.05617E+16
57808,57809,7,3,12,0,2016,9,13,2,3,7,7,0,0,0,1,0,0,1,0,4.0177E+20,5.48133E+21,7.644E+15,4.94766E+16
57809,57810,7,2,32,18,2016,9,8,7,3,0,7,0,0,0,0,0,0,1,0,3.20216E+20,5.53888E+21,6.49256E+15,4.99751E+16
57810,57811,7,3,37,68,2016,9,16,1,3,2,6,0,0,1,0,0,0,0,0,4.36846E+20,5.44368E+21,8.13408E+15,4.91427E+16
57811,57812,7,2,11,0,2016,9,16,7,3,0,1,0,0,0,0,0,1,0,0,3.29145E+20,5.51239E+21,6.62865E+15,4.97397E+16
57812,57813,7,3,37,82,2016,9,15,1,3,0,1,0,0,0,0,0,1,0,0,4.36653E+20,5.45373E+21,8.12985E+15,4.92331E+16
57813,57814,7,1,32,65,2016,9,22,4,1,0,1,2,0,0,1,0,0,0,0,3.93386E+20,5.60373E+21,7.49428E+15,5.05757E+16
57814,57815,7,1,41,78,2016,9,15,5,3,1,2,0,0,0,1,0,1,0,0,4.17086E+20,5.55762E+21,7.83907E+15,5.0165E+16
57815,57816,7,2,11,0,2016,9,11,3,3,2,6,0,0,0,1,0,0,0,0,3.3129E+20,5.51278E+21,6.65824E+15,4.97438E+16
57816,57817,7,3,38,19,2016,9,17,4,3,2,6,0,0,0,1,0,0,0,0,4.50936E+20,5.477E+21,8.32316E+15,4.94437E+16
57817,57818,7,3,11,0,2016,9,2,1,3,7,1,2,0,0,1,0,0,0,0,4.51771E+20,5.48342E+21,8.3339E+15,4.95015E+16
57818,57819,7,3,11,0,2016,9,14,1,3,2,6,0,0,0,1,0,0,0,1,4.56555E+20,5.48832E+21,8.39943E+15,4.95459E+16
57819,57820,7,2,33,49,2016,9,10,5,3,2,6,0,0,0,1,0,0,0,0,3.46915E+20,5.56681E+21,6.85344E+15,5.02336E+16
57820,57821,7,2,35,83,2016,9,12,4,3,2,6,0,0,0,1,0,0,0,0,3.40965E+20,5.51678E+21,6.79078E+15,4.97824E+16
57821,57822,7,2,32,218,2016,9,5,3,2,7,7,2,0,0,0,0,1,0,0,3.20298E+20,5.52521E+21,6.50006E+15,4.98523E+16
57822,57823,7,3,36,19,2016,9,18,4,2,5,3,0,0,0,1,0,0,0,0,4.02091E+20,5.49435E+21,7.64519E+15,4.95938E+16
57823,57824,7,3,35,4,2016,9,0,2,3,9,1,2,0,0,1,0,0,0,0,4.20452E+20,5.48172E+21,7.90175E+15,4.94829E+16
57824,57825,7,3,31,30,2016,9,18,1,2,5,3,0,0,0,1,0,1,0,0,4.23698E+20,5.52634E+21,7.93786E+15,4.98846E+16
57825,57826,7,1,33,74,2016,9,0,1,3,1,1,2,0,0,1,0,0,0,0,4.10577E+20,5.5161E+21,7.75762E+15,4.97907E+16
57826,57827,7,3,12,0,2016,9,16,3,2,2,6,0,0,0,1,0,0,0,0,4.09314E+20,5.47558E+21,7.74943E+15,4.94261E+16
57827,57828,7,1,38,75,2016,9,23,3,2,7,7,2,0,0,0,0,1,0,0,3.83428E+20,5.60833E+21,7.35226E+15,5.06152E+16
57828,57829,7,3,37,19,2016,9,21,4,2,8,1,2,0,0,1,0,0,0,0,4.25753E+20,5.4376E+21,7.98312E+15,4.90868E+16
57829,57830,7,1,33,112,2016,9,10,6,2,7,1,0,0,0,1,0,0,0,0,4.12644E+20,5.52108E+21,7.78521E+15,4.98358E+16
57830,57831,7,3,31,3,2016,9,18,1,3,5,2,0,0,0,1,0,0,0,0,4.36569E+20,5.51076E+21,8.11954E+15,4.9746E+16
57831,57832,7,3,38,21,2016,9,11,1,3,2,6,0,1,0,1,0,0,0,0,4.59195E+20,5.4704E+21,8.43777E+15,4.93849E+16
57832,57833,7,3,12,0,2016,9,15,6,3,3,6,0,0,0,1,0,0,0,0,4.05938E+20,5.47914E+21,7.70204E+15,4.94576E+16
57833,57834,7,3,16,0,2016,9,17,3,3,5,2,0,0,0,1,0,0,0,0,4.37618E+20,5.46682E+21,8.14106E+15,4.93509E+16
57834,57835,7,3,31,2,2016,9,21,1,2,1,1,2,0,0,1,1,0,0,0,4.52444E+20,5.51253E+21,8.33966E+15,4.97634E+16
57835,57836,7,1,11,0,2016,9,17,7,2,5,3,0,0,0,1,0,0,0,1,3.99165E+20,5.57651E+21,7.5832E+15,5.0332E+16
57836,57837,7,3,38,20,2016,9,19,3,3,3,6,1,0,0,1,0,0,0,0,4.57197E+20,5.47327E+21,8.40994E+15,4.94106E+16
57837,57838,7,3,31,55,2016,9,12,1,3,3,6,0,0,0,1,0,1,0,0,4.52764E+20,5.50609E+21,8.34489E+15,4.97055E+16
57838,57839,7,3,39,24,2016,9,19,1,3,8,1,1,0,0,0,0,1,0,0,4.51786E+20,5.51689E+21,8.32998E+15,4.98025E+16
57839,57840,7,1,37,216,2016,9,20,3,3,3,6,2,0,0,1,0,0,0,0,3.9215E+20,5.58456E+21,7.48237E+15,5.04032E+16
57840,57841,7,1,34,42,2016,9,6,6,3,8,1,1,0,0,1,0,0,0,0,3.6962E+20,5.49715E+21,7.19516E+15,4.96128E+16
57841,57842,7,3,39,16,2016,9,2,1,3,0,1,2,0,0,1,1,0,0,0,4.32979E+20,5.52836E+21,8.06668E+15,4.99039E+16
57842,57843,7,1,43,29,2016,9,11,1,3,2,2,0,0,0,1,0,0,0,0,4.09725E+20,5.60344E+21,7.72504E+15,5.05759E+16
57843,57844,7,3,16,0,2016,9,8,6,3,5,3,0,0,0,1,0,0,0,0,4.38341E+20,5.46645E+21,8.15108E+15,4.93476E+16
57844,57845,7,3,14,0,2016,9,16,3,3,9,6,0,0,0,1,0,0,0,0,4.5827E+20,5.48328E+21,8.42367E+15,4.95007E+16
57845,57846,7,3,15,0,2016,9,1,1,3,5,3,2,0,0,1,0,0,0,0,4.40826E+20,5.53715E+21,8.1746E+15,4.99837E+16
57846,57847,7,3,14,0,2016,9,7,5,3,5,2,0,0,1,1,0,0,0,0,4.58005E+20,5.47977E+21,8.42038E+15,4.94691E+16
57847,57848,7,1,33,94,2016,9,6,4,3,7,7,1,0,0,0,0,1,0,0,3.94707E+20,5.52242E+21,7.53549E+15,4.9845E+16
57848,57849,7,3,14,0,2016,9,8,2,3,2,6,0,0,0,1,0,0,0,0,4.54063E+20,5.47777E+21,8.36621E+15,4.94509E+16
57849,57850,7,3,14,0,2016,9,16,4,3,4,6,0,0,1,0,0,0,0,0,4.58538E+20,5.48281E+21,8.42742E+15,4.94965E+16
57850,57851,7,3,31,30,2016,9,15,1,1,8,1,0,0,0,1,0,0,0,0,4.29592E+20,5.52023E+21,8.02099E+15,4.98304E+16
57851,57852,7,3,20,0,2016,9,16,5,3,5,3,0,1,1,1,0,0,0,0,3.82166E+20,5.45728E+21,7.3806E+15,4.92569E+16
57852,57853,7,1,35,1,2016,9,12,1,3,9,1,0,0,0,0,0,1,0,0,3.63853E+20,5.54637E+21,7.09809E+15,5.0054E+16
57853,57854,7,3,38,6,2016,9,13,7,2,3,2,0,0,1,0,0,1,0,0,4.50152E+20,5.47581E+21,8.3125E+15,4.94329E+16
57854,57855,7,3,15,0,2016,9,17,3,3,4,2,0,0,0,1,0,0,0,0,4.46373E+20,5.54082E+21,8.25145E+15,5.00173E+16
57855,57856,7,1,34,75,2016,9,11,1,2,8,1,0,0,0,0,0,1,0,0,3.77502E+20,5.49758E+21,7.30409E+15,4.96183E+16
57856,57857,7,1,38,45,2016,9,18,4,1,9,1,0,0,0,0,0,1,0,0,3.94944E+20,5.59293E+21,7.51932E+15,5.04789E+16
57857,57858,7,3,15,0,2016,9,17,5,3,3,6,0,0,0,1,0,0,0,0,4.43957E+20,5.53912E+21,8.21797E+15,5.00017E+16
57858,57859,7,3,31,71,2016,9,10,4,2,4,2,0,0,0,1,0,0,0,1,4.46424E+20,5.50594E+21,8.25698E+15,4.97036E+16
57859,57860,7,1,37,207,2016,9,7,5,3,8,1,2,0,0,1,0,0,1,0,3.93979E+20,5.57173E+21,7.5117E+15,5.02881E+16