FID,OBJECTID,ULAND,UREGBEZ,UKREIS,UGEMEINDE,UJAHR,UMONAT,USTUNDE,UWOCHENTAG,UKATEGORIE,UART,UTYP1,ULICHTVERH,IstStrasse,IstRad,IstPKW,IstFuss,IstKrad,IstGkfz,IstSonstig,LINREFX,LINREFY,XGCSWGS84,YGCSWGS84
57860,57861,7,3,14,0,2016,9,6,2,3,2,6,0,0,0,1,0,0,0,0,4.57196E+20,5.48066E+21,8.40912E+15,4.94771E+16
57861,57862,7,2,31,77,2016,9,21,7,2,8,1,2,0,0,1,0,0,0,0,3.65084E+20,5.52911E+21,7.12133E+15,4.98991E+16
57862,57863,7,1,34,69,2016,9,17,1,3,6,4,0,0,0,1,1,0,0,0,3.81109E+20,5.52484E+21,7.34568E+15,4.98642E+16
57863,57864,7,1,43,248,2016,9,20,7,3,5,3,2,1,0,1,0,1,0,0,4.23647E+20,5.61436E+21,7.91938E+15,5.06761E+16
57864,57865,7,3,34,13,2016,9,8,5,3,2,6,0,0,0,1,0,0,0,0,4.39165E+20,5.44327E+21,8.16594E+15,4.91392E+16
57865,57866,7,2,31,117,2016,9,22,7,3,9,1,2,0,0,0,0,1,0,0,3.43682E+20,5.53034E+21,6.82303E+15,4.9905E+16
57866,57867,7,1,34,45,2016,9,16,1,3,1,5,0,0,0,1,0,0,0,1,3.75433E+20,5.51229E+21,7.27076E+15,4.97502E+16
57867,57868,7,2,35,68,2016,9,14,7,2,2,6,0,0,0,1,0,1,0,0,3.25778E+20,5.50903E+21,6.58346E+15,4.97086E+16
57868,57869,7,2,11,0,2016,9,19,1,3,2,6,0,0,0,1,0,1,0,0,3.29375E+20,5.51363E+21,6.63131E+15,4.97509E+16
57869,57870,7,1,31,211,2016,9,9,4,3,1,1,0,0,0,1,0,0,0,0,3.67611E+20,5.58588E+21,7.13676E+15,5.04101E+16
57870,57871,7,2,31,502,2016,9,9,5,3,4,6,0,0,0,1,0,0,0,0,3.64299E+20,5.51895E+21,7.11397E+15,4.98077E+16
57871,57872,7,1,34,3,2016,9,17,4,3,8,6,0,0,0,1,0,0,0,0,3.65276E+20,5.51137E+21,7.13016E+15,4.97397E+16
57872,57873,7,2,31,86,2016,9,11,3,3,3,6,0,0,1,1,0,0,0,0,3.52339E+20,5.52756E+21,6.94457E+15,4.98823E+16
57873,57874,7,3,12,0,2016,9,18,4,3,2,6,0,0,0,1,0,0,0,0,4.03145E+20,5.48174E+21,7.66287E+15,4.94806E+16
57874,57875,7,3,32,12,2016,9,19,2,3,9,1,0,0,0,1,0,0,0,0,4.35916E+20,5.49102E+21,8.11371E+15,4.95684E+16
57875,57876,7,1,35,45,2016,9,9,7,3,9,1,0,0,0,1,0,0,0,0,3.67639E+20,5.56459E+21,7.14462E+15,5.02187E+16
57876,57877,7,1,43,301,2016,9,21,1,2,7,7,2,0,0,0,0,1,0,0,4.08532E+20,5.61159E+21,7.70619E+15,5.0649E+16
57877,57878,7,1,43,62,2016,9,15,1,2,5,3,0,0,0,1,0,0,0,1,4.11776E+20,5.59196E+21,7.75672E+15,5.0473E+16
57878,57879,7,1,31,34,2016,9,13,3,3,2,6,0,0,1,0,0,0,0,0,3.5116E+20,5.58985E+21,6.90382E+15,5.04418E+16
57879,57880,7,3,37,61,2016,9,20,4,2,5,3,2,0,0,1,0,0,0,0,4.42115E+20,5.45024E+21,8.20538E+15,4.92022E+16
57880,57881,7,1,32,6,2016,9,16,1,2,0,1,0,0,1,0,0,0,0,0,4.20954E+20,5.62625E+21,7.87871E+15,5.07826E+16
57881,57882,7,3,32,47,2016,9,14,3,3,0,7,0,0,0,0,0,0,0,1,4.32196E+20,5.48649E+21,8.06305E+15,4.95272E+16
57882,57883,7,1,43,80,2016,9,16,5,3,5,3,0,0,0,1,0,0,0,1,4.25677E+20,5.59157E+21,7.95265E+15,5.04714E+16
57883,57884,7,1,43,228,2016,9,17,3,2,4,2,0,0,0,1,0,1,0,0,4.25296E+20,5.59743E+21,7.94611E+15,5.05241E+16
57884,57885,7,3,16,0,2016,9,17,4,3,9,6,0,0,0,1,0,0,0,0,4.40669E+20,5.46928E+21,8.18271E+15,4.93734E+16
57885,57886,7,3,34,21,2016,9,12,2,3,5,3,0,0,1,1,0,0,0,0,4.45273E+20,5.42622E+21,8.25197E+15,4.89865E+16
57886,57887,7,1,35,30,2016,9,15,1,2,5,3,0,0,0,1,0,1,0,0,3.56471E+20,5.56029E+21,6.98981E+15,5.01774E+16
57887,57888,7,3,34,4,2016,9,14,1,3,5,3,0,0,0,1,0,1,0,0,4.4028E+20,5.43935E+21,8.1818E+15,4.91041E+16
57888,57889,7,1,37,88,2016,9,21,7,3,8,1,2,1,0,1,0,0,0,0,3.85102E+20,5.58215E+21,7.38396E+15,5.03802E+16
57889,57890,7,3,32,24,2016,9,18,3,3,5,3,0,0,0,1,0,0,0,0,4.39251E+20,5.48911E+21,8.16012E+15,4.95516E+16
57890,57891,7,1,31,18,2016,9,13,1,2,4,1,0,0,0,1,0,1,0,0,3.42627E+20,5.58365E+21,6.78634E+15,5.03839E+16
57891,57892,7,1,31,4,2016,9,12,1,2,8,1,0,0,0,0,0,1,0,0,3.45908E+20,5.58658E+21,6.83124E+15,5.0411E+16
57892,57893,7,1,11,0,2016,9,15,3,2,6,4,0,0,0,1,1,0,0,0,3.98918E+20,5.58005E+21,7.57878E+15,5.03638E+16
57893,57894,7,1,41,501,2016,9,4,6,3,9,1,2,1,0,1,0,0,0,0,4.05533E+20,5.56825E+21,7.67471E+15,5.02588E+16
57894,57895,7,1,31,72,2016,9,9,1,2,9,1,0,0,0,0,0,1,0,0,3.4911E+20,5.58442E+21,6.87716E+15,5.03924E+16
57895,57896,7,1,31,50,2016,9,13,1,3,4,1,0,0,0,1,0,1,0,0,3.55274E+20,5.57918E+21,6.96583E+15,5.03469E+16
57896,57897,7,3,13,0,2016,9,14,6,3,2,6,0,1,0,1,0,0,0,0,4.36222E+20,5.45027E+21,8.12448E+15,4.92019E+16
57897,57898,7,3,15,0,2016,9,20,6,3,5,2,2,0,0,1,0,0,0,0,4.42994E+20,5.53909E+21,8.20455E+15,5.00014E+16
57898,57899,7,1,31,66,2016,9,1,1,3,5,2,2,0,0,1,0,0,0,0,3.53262E+20,5.57968E+21,6.93736E+15,5.03509E+16
57899,57900,7,2,33,53,2016,9,15,1,2,8,1,0,0,0,0,0,1,0,0,3.31723E+20,5.57373E+21,6.63751E+15,5.02916E+16
57900,57901,7,3,14,0,2016,9,22,6,3,7,7,2,0,0,1,0,0,0,0,4.53445E+20,5.48116E+21,8.35728E+15,4.94813E+16
57901,57902,7,3,13,0,2016,9,11,3,2,2,6,0,0,0,1,0,0,0,0,4.36949E+20,5.44927E+21,8.13462E+15,4.9193E+16
57902,57903,7,1,37,25,2016,9,16,1,3,6,6,0,0,0,1,1,0,0,0,3.73368E+20,5.57987E+21,7.21977E+15,5.03573E+16
57903,57904,7,3,14,0,2016,9,7,4,2,2,6,0,0,0,1,0,1,0,0,4.56984E+20,5.47648E+21,8.40665E+15,4.94394E+16
57904,57905,7,1,41,501,2016,9,4,1,3,8,1,2,0,0,1,0,0,0,0,4.04672E+20,5.5713E+21,7.66187E+15,5.02861E+16
57905,57906,7,3,32,43,2016,9,17,5,3,5,2,0,0,0,1,0,0,0,0,4.42625E+20,5.47215E+21,8.20922E+15,4.93993E+16
57906,57907,7,1,37,203,2016,9,4,1,3,8,1,2,0,0,1,0,0,0,0,3.9944E+20,5.59127E+21,7.58311E+15,5.04648E+16
57907,57908,7,3,19,0,2016,9,10,7,3,2,3,0,0,0,1,0,0,1,0,4.53832E+20,5.49693E+21,8.36078E+15,4.96231E+16
57908,57909,7,2,33,49,2016,9,12,3,3,4,2,0,0,0,1,0,0,0,0,3.45097E+20,5.56872E+21,6.82719E+15,5.02503E+16
57909,57910,7,1,37,201,2016,9,12,1,2,9,1,0,0,0,0,0,1,0,0,3.89795E+20,5.56576E+21,7.45472E+15,5.02337E+16
57910,57911,7,1,38,45,2016,9,8,4,3,5,3,0,0,1,1,0,0,0,0,3.91874E+20,5.58916E+21,7.47716E+15,5.04445E+16
57911,57912,7,2,33,19,2016,9,16,5,3,8,1,0,0,0,1,0,0,0,0,3.33781E+20,5.57083E+21,6.66767E+15,5.02662E+16
57912,57913,7,3,15,0,2016,9,15,4,3,5,3,0,0,1,1,0,0,0,0,4.47669E+20,5.53632E+21,8.27016E+15,4.99769E+16
57913,57914,7,3,35,38,2016,9,10,4,2,3,6,0,0,0,1,0,0,1,0,3.96927E+20,5.4752E+21,7.57877E+15,4.94207E+16
57914,57915,7,3,37,40,2016,9,13,2,3,1,6,0,0,0,1,0,0,0,0,4.31689E+20,5.44387E+21,8.06335E+15,4.91439E+16
57915,57916,7,3,31,73,2016,9,21,3,3,2,2,2,0,0,1,0,0,0,0,4.36307E+20,5.52089E+21,8.11424E+15,4.9837E+16
57916,57917,7,3,40,54,2016,9,14,7,3,2,6,0,0,1,0,0,0,0,0,4.02389E+20,5.46077E+21,7.65759E+15,4.92919E+16
57917,57918,7,2,11,0,2016,9,11,4,3,2,6,0,0,0,1,0,0,0,0,3.33897E+20,5.51241E+21,6.69455E+15,4.97412E+16
57918,57919,7,1,33,115,2016,9,14,5,2,8,6,0,0,0,0,0,1,0,1,4.02269E+20,5.52512E+21,7.63994E+15,4.98705E+16
57919,57920,7,3,33,76,2016,9,13,4,3,2,6,0,0,0,1,0,0,0,1,4.34274E+20,5.50296E+21,8.08901E+15,4.96755E+16
57920,57921,7,3,18,0,2016,9,15,2,3,3,6,0,0,0,1,0,0,1,0,4.56741E+20,5.46282E+21,8.40479E+15,4.93166E+16
57921,57922,7,1,34,14,2016,9,11,7,3,5,3,0,0,0,1,0,0,0,0,3.71849E+20,5.51845E+21,7.219E+15,4.98048E+16
57922,57923,7,3,40,27,2016,9,13,7,2,8,1,0,0,0,0,0,1,0,0,4.09846E+20,5.45894E+21,7.76053E+15,4.92766E+16
57923,57924,7,2,11,0,2016,9,22,7,3,5,2,2,1,0,1,0,0,0,0,3.27337E+20,5.51608E+21,6.60195E+15,4.97724E+16
57924,57925,7,3,33,65,2016,9,10,7,2,4,6,0,0,1,1,0,0,0,0,4.18624E+20,5.49883E+21,7.87299E+15,4.96365E+16
57925,57926,7,1,37,226,2016,9,7,4,3,5,3,0,0,0,1,0,1,0,0,4.01593E+20,5.58382E+21,7.61539E+15,5.03982E+16
57926,57927,7,1,41,85,2016,9,18,5,3,5,3,1,0,0,1,0,1,0,0,4.16407E+20,5.56476E+21,7.828E+15,5.02291E+16
57927,57928,7,2,11,0,2016,9,11,3,3,1,6,0,0,0,1,0,0,0,0,3.29735E+20,5.51509E+21,6.63566E+15,4.97641E+16
57928,57929,7,3,12,0,2016,9,15,4,3,5,3,0,0,0,1,0,0,0,1,4.12664E+20,5.47777E+21,7.79513E+15,4.94463E+16
57929,57930,7,3,38,7,2016,9,8,2,3,5,2,0,0,0,1,0,0,0,0,4.56299E+20,5.46277E+21,8.3987E+15,4.93161E+16
57930,57931,7,3,36,55,2016,9,13,7,3,3,6,0,0,1,1,0,0,0,0,3.84326E+20,5.48841E+21,7.40121E+15,4.95373E+16
57931,57932,7,3,12,0,2016,9,1,1,2,3,6,2,1,0,1,0,0,0,0,4.04608E+20,5.47768E+21,7.68404E+15,4.94443E+16
57932,57933,7,1,40,75,2016,9,12,7,3,8,1,0,0,0,1,0,0,0,0,3.98043E+20,5.56045E+21,7.57176E+15,5.01875E+16
57933,57934,7,3,35,4,2016,9,5,7,2,8,1,1,0,0,1,0,0,0,0,4.20192E+20,5.48395E+21,7.89772E+15,4.9503E+16
57934,57935,7,3,34,1,2016,9,16,7,3,8,7,0,0,0,1,0,0,0,0,4.51924E+20,5.45005E+21,8.34004E+15,4.92013E+16
57935,57936,7,3,34,1,2016,9,11,7,2,5,2,0,0,0,1,0,0,0,0,4.48083E+20,5.4489E+21,8.28747E+15,4.91907E+16
57936,57937,7,3,36,92,2016,9,14,3,3,5,3,0,0,0,1,0,0,0,0,3.8181E+20,5.47422E+21,7.37069E+15,4.94092E+16
57937,57938,7,1,38,45,2016,9,15,5,3,0,7,0,0,0,1,0,0,1,0,3.97854E+20,5.58662E+21,7.56204E+15,5.04228E+16
57938,57939,7,1,43,48,2016,9,14,3,3,5,3,0,0,0,1,0,1,0,0,4.15111E+20,5.588E+21,7.80461E+15,5.04379E+16
57939,57940,7,3,34,501,2016,9,5,4,3,5,3,2,0,0,1,0,0,0,0,4.47758E+20,5.43543E+21,8.28475E+15,4.90695E+16
57940,57941,7,1,33,6,2016,9,13,6,3,6,7,0,0,0,1,1,0,0,0,4.18592E+20,5.525E+21,7.86708E+15,4.98718E+16
57941,57942,7,3,38,9,2016,9,22,7,2,2,6,2,0,1,1,0,0,0,0,4.50501E+20,5.49207E+21,8.31528E+15,4.95792E+16
57942,57943,7,3,38,7,2016,9,15,1,3,0,1,0,1,0,0,0,1,0,0,4.55643E+20,5.46278E+21,8.38969E+15,4.93162E+16
57943,57944,7,3,36,11,2016,9,13,6,3,9,1,0,1,0,1,0,0,0,0,3.81408E+20,5.47614E+21,7.36458E+15,4.94263E+16
57944,57945,7,3,16,0,2016,9,17,3,3,5,3,0,0,0,1,0,1,0,0,4.40124E+20,5.46581E+21,8.17572E+15,4.93421E+16
57945,57946,7,3,14,0,2016,9,15,7,3,5,2,0,0,0,1,0,1,0,0,4.58724E+20,5.48131E+21,8.43015E+15,4.94831E+16
57946,57947,7,3,18,0,2016,9,8,4,3,5,7,0,0,1,1,0,0,0,0,4.58568E+20,5.46411E+21,8.42978E+15,4.93283E+16
57947,57948,7,1,33,6,2016,9,19,7,3,2,6,0,0,0,1,0,0,0,0,4.17232E+20,5.52038E+21,7.84915E+15,4.98301E+16
57948,57949,7,3,31,48,2016,9,11,7,2,9,1,0,0,0,0,0,1,0,0,4.42234E+20,5.49773E+21,8.20009E+15,4.96294E+16
57949,57950,7,1,37,65,2016,9,17,3,3,4,2,0,0,0,1,0,0,0,0,3.86615E+20,5.57623E+21,7.40702E+15,5.03273E+16
57950,57951,7,1,34,30,2016,9,13,6,3,9,1,0,0,0,1,0,0,0,0,3.80744E+20,5.52631E+21,7.34016E+15,4.98773E+16
57951,57952,7,3,39,6,2016,9,19,7,3,5,3,1,0,1,1,0,0,0,0,4.50167E+20,5.53172E+21,8.30558E+15,4.99358E+16
57952,57953,7,1,41,51,2016,9,17,1,3,5,2,0,0,0,1,0,1,0,0,4.33496E+20,5.57124E+21,8.06642E+15,5.02895E+16
57953,57954,7,3,16,0,2016,9,22,6,3,9,6,2,0,0,1,0,0,0,0,4.44135E+20,5.46122E+21,8.23157E+15,4.93012E+16
57954,57955,7,3,38,1,2016,9,14,3,3,6,6,0,0,0,1,1,0,0,0,4.63698E+20,5.47663E+21,8.49924E+15,4.94412E+16
57955,57956,7,3,39,19,2016,9,9,7,3,5,3,0,0,0,1,0,0,0,0,4.29796E+20,5.53589E+21,8.02099E+15,4.99712E+16
57956,57957,7,1,33,111,2016,9,15,4,3,4,1,0,0,0,1,0,0,1,0,3.95874E+20,5.51764E+21,7.55299E+15,4.98021E+16
57957,57958,7,3,11,0,2016,9,12,2,3,0,1,0,0,0,0,0,1,0,0,4.53058E+20,5.48647E+21,8.35131E+15,4.9529E+16
57958,57959,7,3,16,0,2016,9,8,5,3,4,2,0,0,0,1,0,0,0,0,4.36927E+20,5.46705E+21,8.13152E+15,4.93529E+16
57959,57960,7,1,34,69,2016,9,3,7,3,8,7,2,0,0,1,0,0,0,0,3.80725E+20,5.52635E+21,7.33987E+15,4.98777E+16
57960,57961,7,3,17,0,2016,9,15,3,3,5,3,0,0,0,1,0,1,0,0,3.96128E+20,5.44892E+21,7.57458E+15,4.91843E+16
57961,57962,7,1,38,45,2016,9,13,3,3,8,1,0,0,0,1,0,0,0,0,3.92435E+20,5.58877E+21,7.48517E+15,5.04411E+16
57962,57963,7,1,31,6,2016,9,20,6,3,2,6,2,1,0,1,0,0,0,1,3.78855E+20,5.59756E+21,7.29115E+15,5.05174E+16
57963,57964,7,1,43,48,2016,9,13,5,3,2,6,0,0,0,1,0,0,0,0,4.13094E+20,5.58501E+21,7.77689E+15,5.04107E+16
57964,57965,7,3,15,0,2016,9,16,4,3,2,6,0,0,0,1,0,0,0,0,4.45771E+20,5.5402E+21,8.24313E+15,5.00117E+16
57965,57966,7,3,35,22,2016,9,16,4,3,1,6,0,0,0,1,0,0,0,0,3.95282E+20,5.47698E+21,7.55561E+15,4.94365E+16
57966,57967,7,3,40,54,2016,9,20,7,3,8,7,2,0,0,1,0,0,0,0,4.10116E+20,5.45881E+21,7.76426E+15,4.92754E+16
57967,57968,7,3,15,0,2016,9,14,7,3,3,6,0,0,0,1,0,1,0,1,4.47184E+20,5.53928E+21,8.26299E+15,5.00035E+16
57968,57969,7,1,37,203,2016,9,19,4,3,5,3,0,0,1,1,0,0,0,0,3.97485E+20,5.58668E+21,7.55683E+15,5.04232E+16
57969,57970,7,3,40,222,2016,9,14,1,3,5,3,0,0,0,1,0,0,0,0,3.92036E+20,5.45595E+21,7.51655E+15,4.92468E+16
57970,57971,7,1,31,70,2016,9,14,7,3,3,6,0,0,1,0,0,0,0,1,3.75427E+20,5.60333E+21,7.2409E+15,5.05686E+16
57971,57972,7,3,37,59,2016,9,18,2,3,8,1,0,0,0,1,0,0,0,0,4.24926E+20,5.43652E+21,7.97199E+15,4.9077E+16
57972,57973,7,3,37,41,2016,9,6,1,3,8,1,1,1,0,0,0,1,0,0,4.42098E+20,5.45396E+21,8.2046E+15,4.92357E+16
57973,57974,7,1,41,121,2016,9,16,1,3,4,6,0,0,0,1,0,1,0,0,4.05829E+20,5.55855E+21,7.68126E+15,5.01717E+16
57974,57975,7,2,32,288,2016,9,8,3,3,4,6,0,0,0,1,0,0,0,0,3.1786E+20,5.5707E+21,6.44454E+15,5.02604E+16
57975,57976,7,3,35,38,2016,9,13,2,3,1,6,0,0,0,0,0,0,1,1,3.98613E+20,5.47529E+21,7.60198E+15,4.94218E+16
57976,57977,7,3,18,0,2016,9,18,5,3,0,1,0,0,1,0,0,0,0,0,4.58654E+20,5.46311E+21,8.43107E+15,4.93193E+16
57977,57978,7,3,15,0,2016,9,20,4,3,6,7,2,0,0,1,1,0,0,0,4.47063E+20,5.53903E+21,8.26133E+15,5.00012E+16
57978,57979,7,3,32,48,2016,9,4,7,2,8,1,2,0,0,1,0,0,0,0,4.29364E+20,5.47202E+21,8.02651E+15,4.93967E+16
57979,57980,7,1,43,11,2016,9,18,7,3,5,2,0,0,0,1,0,0,0,0,4.25615E+20,5.58825E+21,7.95244E+15,5.04416E+16
57980,57981,7,3,40,4,2016,9,10,5,3,5,3,0,0,0,1,0,0,0,0,4.12535E+20,5.44359E+21,7.80083E+15,4.91389E+16
57981,57982,7,1,38,45,2016,9,14,5,3,5,2,0,0,1,1,0,0,0,0,3.88754E+20,5.58956E+21,7.43311E+15,5.04475E+16
57982,57983,7,3,37,62,2016,9,15,4,3,5,3,0,0,0,1,0,1,0,0,4.27261E+20,5.4407E+21,8.00322E+15,4.91149E+16
57983,57984,7,3,36,105,2016,9,15,7,3,0,1,0,0,0,0,0,1,0,0,3.99367E+20,5.49343E+21,7.60774E+15,4.95851E+16
57984,57985,7,2,32,93,2016,9,12,7,2,9,1,0,0,1,0,0,0,0,0,3.17272E+20,5.52681E+21,6.45725E+15,4.98658E+16
57985,57986,7,3,31,56,2016,9,9,3,3,0,1,0,0,0,1,0,0,0,0,4.3298E+20,5.52578E+21,8.06715E+15,4.98806E+16
57986,57987,7,3,13,0,2016,9,14,6,3,0,7,0,0,1,0,0,0,0,0,4.35779E+20,5.44947E+21,8.11852E+15,4.91946E+16
57987,57988,7,3,38,19,2016,9,15,1,1,8,1,0,0,0,0,0,0,0,1,4.51449E+20,5.4759E+21,8.33038E+15,4.94339E+16
57988,57989,7,3,20,0,2016,9,11,6,3,5,3,0,0,0,1,0,1,0,0,3.81211E+20,5.4571E+21,7.36754E+15,4.92551E+16
57989,57990,7,3,37,38,2016,9,15,2,2,5,3,0,0,0,1,0,1,0,0,4.41293E+20,5.44391E+21,8.19502E+15,4.91452E+16
57990,57991,7,3,31,54,2016,9,17,1,3,4,2,0,0,0,1,0,0,0,0,4.44393E+20,5.49491E+21,8.23039E+15,4.96042E+16
57991,57992,7,1,31,7,2016,9,20,1,2,5,3,2,0,0,1,0,1,0,0,3.70078E+20,5.60242E+21,7.16573E+15,5.05592E+16
57992,57993,7,2,35,85,2016,9,15,3,3,5,2,0,0,0,1,0,1,0,0,3.38468E+20,5.51563E+21,6.75661E+15,4.97714E+16
57993,57994,7,3,33,39,2016,9,19,5,3,0,1,0,0,0,0,0,1,0,0,4.25716E+20,5.50152E+21,7.97068E+15,4.96617E+16
57994,57995,7,3,40,207,2016,9,16,2,2,5,2,0,0,0,1,0,1,0,0,3.89157E+20,5.45518E+21,7.47723E+15,4.92394E+16
57995,57996,7,2,32,18,2016,9,9,4,3,2,1,0,0,0,1,0,0,0,1,3.22118E+20,5.53848E+21,6.51924E+15,4.99721E+16
57996,57997,7,3,14,0,2016,9,14,7,3,4,2,0,0,0,1,0,0,0,0,4.55856E+20,5.48694E+21,8.38992E+15,4.95335E+16
57997,57998,7,1,31,202,2016,9,14,4,2,4,1,0,0,0,1,0,0,0,0,3.7905E+20,5.59067E+21,7.29613E+15,5.04555E+16
57998,57999,7,3,15,0,2016,9,13,6,3,2,2,0,0,0,1,0,0,0,0,4.49427E+20,5.53666E+21,8.29462E+15,4.99801E+16
57999,58000,7,3,34,17,2016,9,20,6,3,0,2,2,0,0,1,0,1,0,0,4.52579E+20,5.45563E+21,8.34837E+15,4.92516E+16
58000,58001,7,3,39,5,2016,9,16,3,3,2,6,0,0,0,1,0,0,0,0,4.24459E+20,5.53415E+21,7.94692E+15,4.99549E+16
58001,58002,7,1,11,0,2016,9,16,3,3,2,6,0,0,0,1,0,0,0,0,3.98111E+20,5.58456E+21,7.56622E+15,5.04042E+16
58002,58003,7,3,14,0,2016,9,15,6,3,2,6,0,0,0,1,0,0,0,0,4.56728E+20,5.47854E+21,8.4029E+15,4.94579E+16
58003,58004,7,3,32,21,2016,9,12,6,3,3,6,0,0,0,1,0,0,1,0,4.47917E+20,5.48936E+21,8.27989E+15,4.95546E+16
58004,58005,7,3,31,73,2016,9,15,1,3,8,1,0,0,0,0,0,1,0,0,4.38438E+20,5.52148E+21,8.14379E+15,4.98426E+16
58005,58006,7,1,32,95,2016,9,16,3,3,0,1,0,0,1,0,0,0,0,0,4.18143E+20,5.61857E+21,7.84056E+15,5.07131E+16
58006,58007,7,3,20,0,2016,9,8,2,3,2,6,0,0,0,1,0,0,0,0,3.86183E+20,5.45364E+21,7.43682E+15,4.92249E+16
58007,58008,7,3,39,9,2016,9,15,5,3,0,2,0,0,0,1,1,0,0,0,4.40578E+20,5.54142E+21,8.17048E+15,5.00221E+16
58008,58009,7,1,35,51,2016,9,6,5,3,1,2,2,0,0,1,0,0,0,0,3.67144E+20,5.56367E+21,7.13801E+15,5.02103E+16
58009,58010,7,1,33,46,2016,9,6,2,3,8,7,2,0,0,1,0,0,0,0,3.91323E+20,5.51653E+21,7.49008E+15,4.97914E+16
58010,58011,7,1,43,33,2016,9,16,4,3,5,3,0,0,0,1,0,0,0,0,4.1739E+20,5.58697E+21,7.83691E+15,5.04289E+16
58011,58012,7,3,39,5,2016,9,20,5,3,8,7,2,0,0,1,0,0,0,0,4.26957E+20,5.53588E+21,7.98141E+15,4.99708E+16
58012,58013,7,1,11,0,2016,9,6,4,3,4,6,2,0,0,1,0,1,0,0,3.94376E+20,5.58082E+21,7.51472E+15,5.037E+16
58013,58014,7,2,33,56,2016,9,9,6,2,5,3,0,0,0,1,0,1,0,0,3.35322E+20,5.5671E+21,6.69088E+15,5.02331E+16
58014,58015,7,1,43,292,2016,9,8,3,2,9,1,0,1,0,1,0,0,0,0,4.32212E+20,5.60384E+21,8.0425E+15,5.05825E+16
58015,58016,7,1,34,80,2016,9,8,6,3,8,1,0,0,0,1,0,0,0,0,3.69326E+20,5.50751E+21,7.18764E+15,4.97059E+16
58016,58017,7,1,43,200,2016,9,17,5,2,2,2,0,0,0,1,0,0,0,1,4.2456E+20,5.60543E+21,7.93412E+15,5.05959E+16
58017,58018,7,1,43,283,2016,9,10,5,3,5,3,0,0,0,1,0,0,0,0,4.32112E+20,5.61161E+21,8.03966E+15,5.06524E+16
58018,58019,7,1,33,114,2016,9,12,4,3,2,6,0,0,0,1,0,0,0,0,4.15264E+20,5.52954E+21,7.81978E+15,4.99123E+16
58019,58020,7,1,43,59,2016,9,14,5,3,2,6,0,0,0,1,0,0,0,0,4.09949E+20,5.59525E+21,7.73018E+15,5.05023E+16
58020,58021,7,2,11,0,2016,9,17,2,3,5,3,0,0,0,1,0,1,0,0,3.28911E+20,5.51416E+21,6.62464E+15,4.97556E+16
58021,58022,7,3,14,0,2016,9,9,7,2,6,7,0,0,0,1,1,0,0,0,4.57832E+20,5.47692E+21,8.41829E+15,4.94435E+16
58022,58023,7,1,32,6,2016,9,14,4,3,3,6,0,0,0,1,0,0,0,0,4.20098E+20,5.62532E+21,7.86678E+15,5.07741E+16
58023,58024,7,1,37,201,2016,9,14,2,3,0,4,0,0,0,1,1,0,0,0,3.89254E+20,5.56748E+21,7.44664E+15,5.02491E+16
58024,58025,7,2,31,31,2016,9,15,5,2,2,6,0,0,0,1,0,0,0,0,3.45725E+20,5.529E+21,6.85199E+15,4.98935E+16
58025,58026,7,3,36,105,2016,9,15,4,2,9,1,0,0,0,0,0,1,0,0,3.99895E+20,5.49476E+21,7.61472E+15,4.95971E+16
58026,58027,7,2,32,296,2016,9,7,2,3,5,3,0,0,0,1,0,0,0,0,3.16453E+20,5.56487E+21,6.42765E+15,5.02076E+16
58027,58028,7,2,31,3,2016,9,10,4,3,9,1,0,0,0,1,0,0,0,0,3.38081E+20,5.53648E+21,6.74251E+15,4.99587E+16
58028,58029,7,1,40,41,2016,9,14,2,3,2,2,0,0,0,1,0,0,0,0,3.91073E+20,5.52827E+21,7.4833E+15,4.98969E+16
58029,58030,7,2,33,56,2016,9,1,1,3,8,1,2,0,0,1,0,0,0,0,3.35593E+20,5.56719E+21,6.69465E+15,5.0234E+16
58030,58031,7,2,31,90,2016,9,14,5,3,5,2,0,0,0,1,0,1,0,0,3.57103E+20,5.53083E+21,7.00964E+15,4.99128E+16
58031,58032,7,3,12,0,2016,9,14,3,2,5,3,0,0,0,1,0,0,0,0,4.13762E+20,5.47743E+21,7.81035E+15,4.94434E+16
58032,58033,7,1,40,56,2016,9,17,3,3,5,3,0,0,0,1,0,0,0,0,3.95138E+20,5.53389E+21,7.53837E+15,4.99482E+16
58033,58034,7,1,11,0,2016,9,20,6,3,2,6,2,0,0,1,0,0,0,0,3.98814E+20,5.58193E+21,7.57681E+15,5.03807E+16
58034,58035,7,1,32,50,2016,9,6,5,3,4,6,2,0,0,1,0,0,0,0,4.26553E+20,5.62733E+21,7.9579E+15,5.0793E+16
58035,58036,7,3,15,0,2016,9,8,4,3,0,1,0,0,1,0,0,0,0,0,4.47537E+20,5.53707E+21,8.26821E+15,4.99836E+16
58036,58037,7,3,36,55,2016,9,14,4,3,0,3,0,0,1,1,0,0,0,0,3.85248E+20,5.48872E+21,7.41387E+15,4.95402E+16
58037,58038,7,3,40,39,2016,9,15,7,2,8,1,0,0,0,0,0,1,0,0,4.07686E+20,5.43743E+21,7.73578E+15,4.90828E+16
58038,58039,7,3,19,0,2016,9,12,7,3,5,3,0,0,0,1,0,0,1,0,4.42747E+20,5.50568E+21,8.20603E+15,4.9701E+16
58039,58040,7,3,34,22,2016,9,16,3,3,0,3,0,0,0,1,0,1,0,0,4.49562E+20,5.44136E+21,8.3087E+15,4.9123E+16
58040,58041,7,3,36,102,2016,9,15,1,2,6,4,0,0,0,1,1,0,0,0,3.79124E+20,5.4719E+21,7.33439E+15,4.93878E+16