FID,OBJECTID,ULAND,UREGBEZ,UKREIS,UGEMEINDE,UJAHR,UMONAT,USTUNDE,UWOCHENTAG,UKATEGORIE,UART,UTYP1,ULICHTVERH,IstStrasse,IstRad,IstPKW,IstFuss,IstKrad,IstGkfz,IstSonstig,LINREFX,LINREFY,XGCSWGS84,YGCSWGS84
58041,58042,7,1,41,75,2016,9,16,7,2,0,7,0,0,0,0,0,1,0,0,4.06097E+20,5.57212E+21,7.68167E+15,5.02937E+16
58042,58043,7,3,11,0,2016,9,13,2,3,3,6,0,0,0,1,0,0,1,0,4.53285E+20,5.48864E+21,8.35419E+15,4.95485E+16
58043,58044,7,3,38,26,2016,9,13,1,2,8,1,0,0,1,0,0,0,0,0,4.59172E+20,5.47021E+21,8.43747E+15,4.93832E+16
58044,58045,7,1,35,2,2016,9,15,1,3,5,2,0,0,0,1,0,1,0,0,3.58938E+20,5.56172E+21,7.02379E+15,5.01909E+16
58045,58046,7,1,34,42,2016,9,9,3,2,3,6,0,0,0,1,0,0,0,0,3.70419E+20,5.49747E+21,7.20611E+15,4.96159E+16
58046,58047,7,3,36,47,2016,9,10,2,3,9,6,0,0,0,1,0,0,0,0,3.83759E+20,5.48454E+21,7.39452E+15,4.95023E+16
58047,58048,7,3,14,0,2016,9,5,2,3,3,6,2,0,1,1,0,0,0,0,4.56727E+20,5.48136E+21,8.40257E+15,4.94834E+16
58048,58049,7,3,37,1,2016,9,23,1,2,0,1,2,0,1,0,0,0,0,0,4.30134E+20,5.45272E+21,8.04049E+15,4.92233E+16
58049,58050,7,2,35,83,2016,9,16,1,3,0,1,0,0,0,0,0,1,0,0,3.4536E+20,5.5168E+21,6.85178E+15,4.97837E+16
58050,58051,7,3,14,0,2016,9,20,3,3,5,3,2,0,0,1,0,0,0,0,4.58007E+20,5.47978E+21,8.42041E+15,4.94692E+16
58051,58052,7,1,43,51,2016,9,15,3,2,2,6,0,0,0,1,0,0,0,1,4.2482E+20,5.58507E+21,7.94188E+15,5.04128E+16
58052,58053,7,3,35,28,2016,9,19,2,3,8,1,0,0,0,1,0,0,0,0,4.22964E+20,5.48546E+21,7.93571E+15,4.95168E+16
58053,58054,7,3,12,0,2016,9,7,5,3,2,6,0,0,0,1,0,0,0,0,4.09596E+20,5.47894E+21,7.75255E+15,4.94564E+16
58054,58055,7,1,31,39,2016,9,17,5,3,5,3,0,0,1,1,0,0,0,0,3.62291E+20,5.59327E+21,7.05922E+15,5.04752E+16
58055,58056,7,3,38,5,2016,9,12,4,3,5,3,0,0,0,1,0,0,0,0,4.49712E+20,5.4687E+21,8.30734E+15,4.93689E+16
58056,58057,7,3,32,36,2016,9,16,7,3,5,3,0,0,1,1,0,0,0,0,4.37275E+20,5.49133E+21,8.13246E+15,4.95713E+16
58057,58058,7,2,35,132,2016,9,14,7,3,3,2,0,0,0,1,0,0,0,1,3.21701E+20,5.50517E+21,6.52874E+15,4.96727E+16
58058,58059,7,3,15,0,2016,9,8,3,2,2,6,0,0,0,1,0,0,0,0,4.45946E+20,5.53559E+21,8.24622E+15,4.99702E+16
58059,58060,7,3,18,0,2016,9,8,6,3,1,2,0,0,0,1,0,0,0,0,4.58527E+20,5.46346E+21,8.42928E+15,4.93225E+16
58060,58061,7,3,32,24,2016,9,15,1,3,5,3,0,0,1,1,0,0,0,0,4.39243E+20,5.48912E+21,8.16001E+15,4.95517E+16
58061,58062,7,3,40,40,2016,9,6,6,2,8,1,1,0,0,1,0,0,0,0,4.04072E+20,5.44946E+21,7.68343E+15,4.91905E+16
58062,58063,7,3,14,0,2016,9,8,2,3,3,2,0,0,1,0,0,0,0,1,4.57059E+20,5.48426E+21,8.40683E+15,4.95094E+16
58063,58064,7,3,39,27,2016,9,16,1,3,2,6,0,0,0,1,0,0,0,0,4.3664E+20,5.53852E+21,8.11598E+15,4.99956E+16
58064,58065,7,1,40,155,2016,9,14,1,3,4,1,0,0,0,1,0,1,0,0,4.08087E+20,5.55181E+21,7.71451E+15,5.01114E+16
58065,58066,7,1,43,254,2016,9,18,3,3,5,3,0,0,0,1,0,0,0,0,4.23237E+20,5.60319E+21,7.91588E+15,5.05756E+16
58066,58067,7,3,20,0,2016,9,7,2,3,2,6,0,0,0,1,0,0,0,0,3.83333E+20,5.46296E+21,7.39498E+15,4.93083E+16
58067,58068,7,3,31,3,2016,9,11,5,3,2,2,0,0,0,1,0,0,0,0,4.35643E+20,5.5105E+21,8.10673E+15,4.97436E+16
58068,58069,7,3,35,15,2016,9,18,2,3,8,1,0,0,0,1,0,0,0,0,4.19329E+20,5.47514E+21,7.8876E+15,4.94236E+16
58069,58070,7,2,31,502,2016,9,18,4,2,5,3,0,0,0,1,0,0,0,0,3.64778E+20,5.51495E+21,7.12201E+15,4.97718E+16
58070,58071,7,2,35,26,2016,9,3,4,3,8,7,2,0,0,1,0,0,0,0,3.41197E+20,5.52428E+21,6.79094E+15,4.98499E+16
58071,58072,7,3,18,0,2016,9,12,7,3,5,2,0,0,1,1,0,0,0,0,4.58522E+20,5.46267E+21,8.4293E+15,4.93153E+16
58072,58073,7,1,32,100,2016,9,14,7,2,8,1,0,0,0,1,0,1,0,0,3.97108E+20,5.61343E+21,7.54414E+15,5.06636E+16
58073,58074,7,3,33,60,2016,9,12,6,2,8,1,0,0,0,0,0,1,0,0,4.27529E+20,5.48726E+21,7.99843E+15,4.95337E+16
58074,58075,7,3,32,30,2016,9,16,6,3,4,2,0,0,0,1,0,0,0,1,4.4071E+20,5.48759E+21,8.18052E+15,4.9538E+16
58075,58076,7,1,40,71,2016,9,6,3,3,8,1,1,0,0,1,0,0,0,0,3.83912E+20,5.53837E+21,7.3806E+15,4.99864E+16
58076,58077,7,3,15,0,2016,9,15,5,3,2,6,0,0,0,1,0,0,0,0,4.46733E+20,5.5387E+21,8.25677E+15,4.99983E+16
58077,58078,7,3,40,223,2016,9,16,4,2,3,6,0,0,1,0,0,0,0,1,3.85796E+20,5.46609E+21,7.42796E+15,4.93368E+16
58078,58079,7,3,19,0,2016,9,12,2,3,2,6,0,0,0,1,0,0,1,0,4.52917E+20,5.49727E+21,8.34807E+15,4.96261E+16
58079,58080,7,1,35,61,2016,9,10,5,3,9,1,0,0,0,1,0,0,0,0,3.77571E+20,5.54862E+21,7.28892E+15,5.00773E+16
58080,58081,7,3,20,0,2016,9,6,3,2,8,1,2,0,0,0,0,1,0,0,3.83475E+20,5.4549E+21,7.39928E+15,4.92358E+16
58081,58082,7,1,32,117,2016,9,14,3,2,5,3,0,0,0,1,0,0,1,0,4.1077E+20,5.62646E+21,7.73423E+15,5.0783E+16
58082,58083,7,1,37,68,2016,9,16,4,3,2,7,0,0,0,1,0,0,1,0,3.74692E+20,5.57472E+21,7.24009E+15,5.03112E+16
58083,58084,7,2,31,29,2016,9,11,6,3,2,6,0,0,0,1,0,0,0,0,3.6542E+20,5.53846E+21,7.12275E+15,4.99833E+16
58084,58085,7,2,31,70,2016,9,10,3,3,4,6,0,1,0,1,0,0,0,0,3.71794E+20,5.52831E+21,7.21498E+15,4.98935E+16
58085,58086,7,2,31,33,2016,9,14,6,3,9,1,0,0,0,0,0,1,0,0,3.51573E+20,5.54374E+21,6.92768E+15,5.00275E+16
58086,58087,7,2,35,115,2016,9,10,5,2,8,7,0,0,0,1,0,0,0,0,3.41413E+20,5.5168E+21,6.797E+15,4.97827E+16
58087,58088,7,3,34,18,2016,9,17,4,3,2,6,0,0,0,1,0,0,0,0,4.51559E+20,5.45728E+21,8.33415E+15,4.92664E+16
58088,58089,7,2,32,34,2016,9,9,2,3,4,6,0,0,0,1,0,0,1,0,3.23405E+20,5.53142E+21,6.54041E+15,4.99091E+16
58089,58090,7,2,35,91,2016,9,23,4,3,9,7,2,0,0,1,0,0,0,0,3.37881E+20,5.52769E+21,6.74342E+15,4.98797E+16
58090,58091,7,1,37,56,2016,9,10,2,3,1,6,0,0,0,1,0,0,0,0,3.82331E+20,5.58362E+21,7.34454E+15,5.03929E+16
58091,58092,7,3,14,0,2016,9,7,2,3,1,6,0,0,0,1,0,0,0,0,4.57069E+20,5.48427E+21,8.40698E+15,4.95096E+16
58092,58093,7,3,37,5,2016,9,14,1,2,5,3,0,0,0,1,0,1,0,0,4.27264E+20,5.4393E+21,8.00351E+15,4.91022E+16
58093,58094,7,2,32,95,2016,9,2,1,3,8,1,2,0,0,1,0,0,0,0,3.09156E+20,5.53311E+21,6.34133E+15,4.99198E+16
58094,58095,7,2,35,94,2016,9,10,5,3,2,2,0,0,0,1,0,1,0,0,3.28346E+20,5.51983E+21,6.6143E+15,4.98064E+16
58095,58096,7,3,34,1,2016,9,15,3,3,1,7,0,0,0,1,1,0,0,0,4.48196E+20,5.4489E+21,8.28902E+15,4.91907E+16
58096,58097,7,1,11,0,2016,9,16,3,3,3,6,0,0,0,1,0,0,0,0,3.99465E+20,5.58066E+21,7.5863E+15,5.03694E+16
58097,58098,7,3,32,2,2016,9,18,2,3,2,6,0,0,0,1,0,0,0,0,4.39696E+20,5.48064E+21,8.16757E+15,4.94754E+16
58098,58099,7,3,40,17,2016,9,11,5,3,5,3,0,0,0,0,0,1,0,1,3.95313E+20,5.46118E+21,7.5602E+15,4.92944E+16
58099,58100,7,1,32,94,2016,9,7,5,3,5,3,0,0,0,1,0,0,0,1,3.94872E+20,5.61846E+21,7.51108E+15,5.07084E+16
58100,58101,7,3,32,6,2016,9,8,4,2,4,6,0,0,0,1,0,1,0,1,4.40505E+20,5.49381E+21,8.17675E+15,4.9594E+16
58101,58102,7,3,17,0,2016,9,12,7,3,1,5,0,0,0,1,0,0,0,0,3.98299E+20,5.44821E+21,7.60455E+15,4.91783E+16
58102,58103,7,1,41,39,2016,9,6,6,3,7,7,1,0,0,1,0,0,0,0,4.27975E+20,5.57095E+21,7.98899E+15,5.02862E+16
58103,58104,7,1,32,32,2016,9,7,5,2,5,3,0,0,0,1,0,1,0,0,3.96422E+20,5.61224E+21,7.53477E+15,5.06528E+16
58104,58105,7,1,41,39,2016,9,6,5,3,4,6,0,0,0,1,0,1,0,0,4.24155E+20,5.56954E+21,7.93565E+15,5.02731E+16
58105,58106,7,3,19,0,2016,9,7,4,3,1,6,0,0,0,1,0,0,0,0,4.51581E+20,5.50139E+21,8.32906E+15,4.96631E+16
58106,58107,7,1,37,203,2016,9,13,5,3,4,1,0,0,0,0,0,1,1,0,3.99423E+20,5.58534E+21,7.58447E+15,5.04115E+16
58107,58108,7,1,38,38,2016,9,16,2,2,2,1,0,0,0,1,0,0,1,0,3.85208E+20,5.59038E+21,7.38294E+15,5.04541E+16
58108,58109,7,1,43,70,2016,9,12,1,3,3,7,0,0,0,1,0,0,0,1,4.11945E+20,5.59246E+21,7.75898E+15,5.04775E+16
58109,58110,7,3,15,0,2016,9,13,7,3,1,6,0,0,0,1,0,0,0,1,4.40316E+20,5.53702E+21,8.1675E+15,4.99826E+16
58110,58111,7,1,31,11,2016,9,0,4,2,8,1,2,0,0,1,0,0,0,0,3.55056E+20,5.59846E+21,6.95532E+15,5.05201E+16
58111,58112,7,1,11,0,2016,9,8,2,3,5,3,0,0,0,1,0,0,0,0,3.99834E+20,5.57913E+21,7.5919E+15,5.03557E+16
58112,58113,7,1,35,51,2016,9,0,7,3,8,1,2,0,0,1,0,0,0,0,3.65187E+20,5.56449E+21,7.11031E+15,5.02172E+16
58113,58114,7,3,39,6,2016,9,16,2,3,1,1,0,0,0,1,0,0,0,0,4.52214E+20,5.53082E+21,8.33422E+15,4.99279E+16
58114,58115,7,3,37,42,2016,9,10,1,2,0,1,0,0,1,0,0,0,0,0,4.30635E+20,5.44835E+21,8.04813E+15,4.91841E+16
58115,58116,7,1,43,250,2016,9,18,1,3,1,2,0,0,0,1,0,0,0,0,4.10167E+20,5.61592E+21,7.72826E+15,5.06881E+16
58116,58117,7,2,35,125,2016,9,7,3,3,2,6,1,0,0,1,0,0,0,0,3.38803E+20,5.52117E+21,6.75896E+15,4.98213E+16
58117,58118,7,3,32,2,2016,9,17,2,2,9,1,0,0,0,0,0,1,0,0,4.44681E+20,5.48017E+21,8.23644E+15,4.94716E+16
58118,58119,7,3,12,0,2016,9,16,5,3,2,6,0,0,0,1,0,0,0,0,4.12793E+20,5.47792E+21,7.79688E+15,4.94477E+16
58119,58120,7,1,38,44,2016,9,17,5,3,2,6,0,0,0,1,0,0,0,0,3.87625E+20,5.60856E+21,7.41148E+15,5.06181E+16
58120,58121,7,3,39,47,2016,9,11,4,3,1,6,0,0,0,1,0,0,0,0,4.41866E+20,5.5335E+21,8.18965E+15,4.99511E+16
58121,58122,7,3,32,14,2016,9,18,7,2,8,1,0,0,0,0,0,1,0,0,4.1894E+20,5.46752E+21,7.88379E+15,4.9355E+16
58122,58123,7,1,41,60,2016,9,18,7,3,5,3,0,0,0,1,0,1,0,0,4.22812E+20,5.56272E+21,7.9182E+15,5.02116E+16
58123,58124,7,3,14,0,2016,9,17,6,3,5,3,0,0,1,1,0,0,0,0,4.59833E+20,5.48165E+21,8.44542E+15,4.94862E+16
58124,58125,7,3,35,15,2016,9,16,6,3,1,6,0,0,0,1,0,1,0,0,4.21187E+20,5.47754E+21,7.91273E+15,4.94455E+16
58125,58126,7,3,15,0,2016,9,16,1,2,6,4,0,0,0,1,1,0,0,0,4.47342E+20,5.53735E+21,8.26545E+15,4.99862E+16
58126,58127,7,1,38,80,2016,9,9,3,3,5,3,0,0,0,1,0,0,0,0,3.8662E+20,5.61633E+21,7.39491E+15,5.06878E+16
58127,58128,7,2,33,209,2016,9,11,7,2,0,1,0,0,0,0,0,1,0,0,3.31586E+20,5.5558E+21,6.64354E+15,5.01305E+16
58128,58129,7,1,33,6,2016,9,18,3,2,1,6,0,0,0,1,0,0,0,0,4.17493E+20,5.52079E+21,7.85268E+15,4.98338E+16
58129,58130,7,3,37,43,2016,9,14,6,3,2,6,0,0,0,1,0,0,0,0,4.35351E+20,5.44594E+21,8.11322E+15,4.91629E+16
58130,58131,7,3,35,28,2016,9,16,1,2,4,5,0,0,0,1,0,0,0,0,4.21102E+20,5.4863E+21,7.90982E+15,4.95242E+16
58131,58132,7,3,20,0,2016,9,13,6,3,1,6,0,0,0,1,0,0,0,0,3.80501E+20,5.45675E+21,7.35789E+15,4.92519E+16
58132,58133,7,3,15,0,2016,9,5,2,3,1,5,2,0,0,1,0,1,0,0,4.43481E+20,5.53927E+21,8.21132E+15,5.00031E+16
58133,58134,7,3,31,39,2016,9,12,1,3,5,2,0,0,0,1,0,0,0,0,4.4128E+20,5.50704E+21,8.18549E+15,4.9713E+16
58134,58135,7,1,35,82,2016,9,12,1,3,4,6,0,0,0,1,0,1,0,0,3.78364E+20,5.56071E+21,7.29613E+15,5.01861E+16
58135,58136,7,2,35,104,2016,9,19,3,3,0,7,1,0,0,0,0,1,0,0,3.12645E+20,5.4922E+21,6.40954E+15,4.95534E+16
58136,58137,7,2,33,26,2016,9,10,4,3,0,6,0,1,0,0,0,1,1,0,3.3249E+20,5.56681E+21,6.65133E+15,5.02297E+16
58137,58138,7,3,14,0,2016,9,17,7,3,5,2,0,0,1,0,0,0,0,1,4.55079E+20,5.48274E+21,8.37966E+15,4.94956E+16
58138,58139,7,1,35,23,2016,9,17,4,2,5,3,0,0,0,1,0,1,0,0,3.69578E+20,5.56901E+21,7.17027E+15,5.02588E+16
58139,58140,7,3,39,9,2016,9,16,6,3,2,6,0,0,0,1,0,0,0,0,4.41579E+20,5.54214E+21,8.18433E+15,5.00287E+16
58140,58141,7,3,34,501,2016,9,15,6,2,5,2,0,0,0,1,0,1,0,0,4.47435E+20,5.43565E+21,8.2803E+15,4.90715E+16
58141,58142,7,3,15,0,2016,9,15,3,3,2,6,0,0,0,1,0,0,0,0,4.47264E+20,5.54009E+21,8.26399E+15,5.00108E+16
58142,58143,7,1,37,56,2016,9,13,3,3,4,2,0,0,0,1,0,0,0,1,3.82745E+20,5.58368E+21,7.35035E+15,5.03935E+16
58143,58144,7,2,35,60,2016,9,16,5,3,2,6,0,0,0,1,0,0,0,0,3.3516E+20,5.51903E+21,6.70926E+15,4.9801E+16
58144,58145,7,3,17,0,2016,9,6,4,2,2,2,1,0,0,1,0,1,0,0,3.97244E+20,5.44922E+21,7.58982E+15,4.91872E+16
58145,58146,7,2,33,58,2016,9,7,2,2,5,3,1,0,0,1,0,1,0,0,3.35724E+20,5.56865E+21,6.69585E+15,5.02471E+16
58146,58147,7,3,39,42,2016,9,16,5,3,5,3,0,0,0,1,0,0,0,0,4.42627E+20,5.52778E+21,8.2011E+15,4.98997E+16
58147,58148,7,1,35,17,2016,9,15,5,3,4,6,0,0,0,1,0,1,0,0,3.74653E+20,5.55543E+21,7.24592E+15,5.01378E+16
58148,58149,7,3,38,26,2016,9,6,2,3,4,6,2,0,0,1,0,0,1,1,4.59021E+20,5.47077E+21,8.43534E+15,4.93882E+16
58149,58150,7,2,35,85,2016,9,15,4,3,2,6,0,0,0,0,0,0,0,1,3.38385E+20,5.51532E+21,6.75558E+15,4.97686E+16
58150,58151,7,3,19,0,2016,9,14,5,3,2,2,0,0,0,1,0,0,0,0,4.5191E+20,5.49671E+21,8.3342E+15,4.9621E+16
58151,58152,7,1,37,214,2016,9,17,4,3,8,6,0,0,0,1,0,1,0,0,3.88923E+20,5.56744E+21,7.44202E+15,5.02487E+16
58152,58153,7,2,33,26,2016,9,16,6,3,5,3,0,0,0,1,0,0,0,0,3.32138E+20,5.56617E+21,6.64669E+15,5.02239E+16
58153,58154,7,2,35,58,2016,9,8,3,2,8,1,0,1,0,1,0,0,0,0,3.41707E+20,5.50028E+21,6.80777E+15,4.96343E+16
58154,58155,7,1,34,45,2016,9,12,6,3,3,6,0,0,1,1,0,0,0,0,3.77487E+20,5.50886E+21,7.30034E+15,4.97198E+16
58155,58156,7,2,35,107,2016,9,14,5,2,5,3,0,0,0,1,0,0,0,0,3.3393E+20,5.50626E+21,6.69762E+15,4.9686E+16
58156,58157,7,3,14,0,2016,9,20,4,3,4,2,2,0,0,1,0,0,0,0,4.59188E+20,5.47919E+21,8.43677E+15,4.9464E+16
58157,58158,7,2,11,0,2016,9,20,2,3,6,2,2,0,0,0,1,0,0,1,3.27912E+20,5.51275E+21,6.6114E+15,4.97426E+16
58158,58159,7,3,14,0,2016,9,11,7,3,5,2,0,0,0,1,0,0,0,0,4.59191E+20,5.47908E+21,8.43682E+15,4.9463E+16
58159,58160,7,1,41,51,2016,9,17,4,3,5,3,0,0,0,1,0,0,0,0,4.33469E+20,5.57372E+21,8.0656E+15,5.03119E+16
58160,58161,7,1,37,224,2016,9,16,2,3,1,5,0,0,1,1,0,0,0,0,4.0218E+20,5.5822E+21,7.62407E+15,5.03837E+16
58161,58162,7,2,31,134,2016,9,15,2,3,2,6,0,0,0,1,0,0,0,0,3.48523E+20,5.53797E+21,6.8874E+15,4.99748E+16
58162,58163,7,3,32,9,2016,9,3,1,3,3,6,2,0,0,1,0,0,0,0,4.44116E+20,5.46988E+21,8.2301E+15,4.9379E+16
58163,58164,7,2,35,67,2016,9,19,1,2,8,1,1,0,0,0,0,1,0,0,3.45427E+20,5.52291E+21,6.85029E+15,4.98386E+16
58164,58165,7,3,11,0,2016,9,14,3,3,1,6,0,0,0,1,0,0,0,0,4.535E+20,5.48467E+21,8.35764E+15,4.95128E+16
58165,58166,7,2,31,105,2016,9,10,4,3,5,3,0,0,1,1,0,0,0,0,3.50894E+20,5.52613E+21,6.92502E+15,4.9869E+16
58166,58167,7,1,31,90,2016,9,2,2,3,9,1,2,0,0,1,0,0,0,0,3.6042E+20,5.60494E+21,7.0285E+15,5.05796E+16
58167,58168,7,2,33,242,2016,9,11,1,3,2,6,0,0,0,0,0,1,0,0,3.58473E+20,5.56901E+21,7.01458E+15,5.02562E+16
58168,58169,7,2,31,90,2016,9,18,5,3,3,2,0,0,0,1,0,1,0,0,3.56834E+20,5.53084E+21,7.00588E+15,4.99128E+16
58169,58170,7,3,40,28,2016,9,15,3,3,3,6,0,0,0,1,0,0,0,1,4.01724E+20,5.44786E+21,7.65161E+15,4.91757E+16
58170,58171,7,1,35,20,2016,9,15,3,3,6,4,0,0,1,0,1,0,0,0,3.69069E+20,5.55628E+21,7.16751E+15,5.01443E+16
58171,58172,7,1,31,7,2016,9,8,6,2,5,3,0,0,1,1,0,0,0,0,3.66826E+20,5.60099E+21,7.12034E+15,5.05457E+16
58172,58173,7,1,43,21,2016,9,11,5,3,7,6,0,0,0,1,0,0,0,1,4.23018E+20,5.58769E+21,7.91599E+15,5.04361E+16
58173,58174,7,3,15,0,2016,9,7,4,3,4,2,0,0,0,1,0,1,0,0,4.472E+20,5.54014E+21,8.26309E+15,5.00112E+16
58174,58175,7,3,35,3,2016,9,8,4,3,1,5,0,0,0,1,0,0,0,0,3.86081E+20,5.47399E+21,7.42961E+15,4.94079E+16
58175,58176,7,3,35,47,2016,9,12,7,2,8,1,0,0,0,0,0,1,0,0,4.14898E+20,5.46466E+21,7.82876E+15,4.93288E+16
58176,58177,7,3,15,0,2016,9,18,7,3,4,2,0,0,0,1,0,0,0,0,4.47409E+20,5.5377E+21,8.26634E+15,4.99893E+16
58177,58178,7,1,37,203,2016,9,10,4,3,9,1,0,0,0,1,0,0,0,0,3.98437E+20,5.58744E+21,7.57003E+15,5.04302E+16
58178,58179,7,3,40,217,2016,9,13,1,2,5,2,0,0,0,1,0,1,0,0,3.92782E+20,5.45926E+21,7.52591E+15,4.92767E+16
58179,58180,7,1,31,3,2016,9,14,7,3,3,6,0,0,0,0,0,1,0,1,3.58472E+20,5.59831E+21,7.00352E+15,5.05197E+16
58180,58181,7,1,34,46,2016,9,11,2,3,5,3,0,0,0,1,0,0,0,0,3.73461E+20,5.51636E+21,7.24208E+15,4.97864E+16
58181,58182,7,3,31,30,2016,9,17,1,3,0,7,0,0,1,0,0,0,0,0,4.61399E+20,5.46818E+21,8.46835E+15,4.93651E+16
58182,58183,7,1,38,38,2016,9,16,1,3,2,6,0,0,0,1,0,0,0,0,3.84447E+20,5.59109E+21,7.372E+15,5.04604E+16
58183,58184,7,2,31,8,2016,9,17,3,3,5,3,0,0,0,1,0,1,0,0,3.60845E+20,5.5323E+21,7.06119E+15,4.99268E+16
58184,58185,7,3,16,0,2016,9,9,2,3,5,3,0,0,0,1,0,0,0,0,4.37584E+20,5.46453E+21,8.14096E+15,4.93303E+16
58185,58186,7,3,39,5,2016,9,10,5,3,4,6,0,0,0,1,0,0,0,0,4.19752E+20,5.53517E+21,7.8811E+15,4.99635E+16
58186,58187,7,1,11,0,2016,9,7,3,3,2,6,0,1,0,1,0,0,0,0,3.99578E+20,5.58023E+21,7.58801E+15,5.03656E+16
58187,58188,7,3,34,501,2016,9,15,2,3,3,6,0,0,0,1,0,0,1,0,4.47762E+20,5.43212E+21,8.28523E+15,4.90397E+16
58188,58189,7,3,17,0,2016,9,18,5,3,5,7,0,0,0,1,0,0,0,0,3.98516E+20,5.45011E+21,7.60704E+15,4.91954E+16
58189,58190,7,1,31,6,2016,9,15,5,3,2,6,0,0,0,1,0,0,0,1,3.80059E+20,5.59581E+21,7.30869E+15,5.05019E+16
58190,58191,7,3,37,38,2016,9,11,4,3,0,7,0,0,1,1,0,0,0,0,4.42257E+20,5.44405E+21,8.20821E+15,4.91465E+16
58191,58192,7,3,19,0,2016,9,14,7,3,2,6,0,0,0,1,0,0,0,0,4.48899E+20,5.49632E+21,8.29257E+15,4.96173E+16
58192,58193,7,1,34,3,2016,9,12,7,3,4,2,0,0,1,1,0,0,0,0,3.65378E+20,5.5143E+21,7.13057E+15,4.97661E+16
58193,58194,7,3,31,53,2016,9,7,3,3,0,1,0,1,0,0,0,1,0,0,4.3019E+20,5.50853E+21,8.03142E+15,4.97252E+16
58194,58195,7,3,13,0,2016,9,13,6,3,2,6,0,0,0,1,0,0,0,0,4.35415E+20,5.4489E+21,8.11363E+15,4.91895E+16
58195,58196,7,3,32,13,2016,9,11,1,3,1,6,0,0,0,1,0,0,0,0,4.45463E+20,5.4803E+21,8.24722E+15,4.94729E+16
58196,58197,7,3,20,0,2016,9,8,6,3,2,2,0,0,0,1,0,1,0,0,3.81861E+20,5.45669E+21,7.37659E+15,4.92515E+16
58197,58198,7,1,43,292,2016,9,9,2,2,4,2,0,0,0,0,0,1,0,1,4.31455E+20,5.60241E+21,8.03207E+15,5.05696E+16
58198,58199,7,3,19,0,2016,9,11,1,2,5,2,0,0,0,1,0,1,0,0,4.53276E+20,5.50445E+21,8.35218E+15,4.96908E+16
58199,58200,7,1,31,3,2016,9,15,1,3,8,1,0,0,0,0,0,1,0,0,3.59037E+20,5.60186E+21,7.01014E+15,5.05517E+16
58200,58201,7,2,11,0,2016,9,9,3,3,2,6,0,0,0,1,0,0,0,0,3.34236E+20,5.5201E+21,6.69597E+15,4.98104E+16
58201,58202,7,3,31,3,2016,9,16,5,3,5,3,0,0,0,1,0,1,0,0,4.35073E+20,5.51107E+21,8.09873E+15,4.97486E+16
58202,58203,7,3,17,0,2016,9,16,2,2,2,6,0,0,0,1,0,0,0,0,3.97758E+20,5.45236E+21,7.59607E+15,4.92155E+16
58203,58204,7,2,31,8,2016,9,18,4,3,5,3,0,0,1,1,0,0,0,0,3.61193E+20,5.53054E+21,7.06667E+15,4.99111E+16
58204,58205,7,1,37,501,2016,9,19,4,3,0,1,1,0,0,0,0,1,0,0,3.81142E+20,5.56643E+21,7.33324E+15,5.02381E+16
58205,58206,7,2,31,134,2016,9,17,6,3,2,6,0,0,0,1,0,0,0,0,3.51123E+20,5.53943E+21,6.92307E+15,4.99886E+16
58206,58207,7,3,13,0,2016,9,17,6,3,0,1,0,0,1,0,0,0,0,0,4.35552E+20,5.45172E+21,8.11505E+15,4.92149E+16
58207,58208,7,3,15,0,2016,9,17,4,3,5,3,0,0,1,1,0,0,0,0,4.47323E+20,5.53733E+21,8.26519E+15,4.9986E+16
58208,58209,7,3,13,0,2016,9,13,7,3,1,6,0,0,0,1,0,0,0,0,4.38002E+20,5.44942E+21,8.14905E+15,4.91944E+16
58209,58210,7,1,38,31,2016,9,19,7,3,7,7,2,0,0,0,0,1,0,0,4.00867E+20,5.59323E+21,7.60269E+15,5.04827E+16
58210,58211,7,1,33,73,2016,9,17,6,2,4,6,0,0,0,1,0,0,0,0,3.88478E+20,5.51906E+21,7.44984E+15,4.98136E+16
58211,58212,7,3,38,25,2016,9,11,6,3,9,1,0,0,0,1,0,0,0,0,4.52152E+20,5.47139E+21,8.34061E+15,4.93933E+16
58212,58213,7,1,43,229,2016,9,6,2,2,5,3,1,0,0,1,0,1,0,0,4.15128E+20,5.61409E+21,7.79889E+15,5.06725E+16
58213,58214,7,1,31,41,2016,9,6,3,2,9,1,1,1,0,1,0,0,0,0,3.67969E+20,5.59674E+21,7.13797E+15,5.05077E+16
58214,58215,7,3,15,0,2016,9,7,5,3,5,3,0,0,1,1,0,0,0,0,4.45638E+20,5.53862E+21,8.24151E+15,4.99974E+16
58215,58216,7,1,31,205,2016,9,16,5,3,2,2,0,0,0,1,0,0,0,0,3.76274E+20,5.5846E+21,7.25906E+15,5.04004E+16
58216,58217,7,3,31,44,2016,9,11,2,3,8,6,0,0,0,1,0,0,1,0,4.32789E+20,5.50886E+21,8.06741E+15,4.97285E+16
58217,58218,7,2,11,0,2016,9,5,5,3,9,1,2,0,0,1,0,0,0,0,3.30474E+20,5.51776E+21,6.64475E+15,4.97883E+16
58218,58219,7,1,43,24,2016,9,7,4,2,3,6,0,0,0,1,0,0,1,0,4.20887E+20,5.58975E+21,7.88555E+15,5.04544E+16
58219,58220,7,2,33,40,2016,9,7,6,3,4,6,1,0,0,1,0,0,0,0,3.47513E+20,5.56908E+21,6.86089E+15,5.02542E+16
58220,58221,7,1,41,41,2016,9,13,3,2,9,1,0,0,0,1,0,0,1,0,4.05629E+20,5.57685E+21,7.67392E+15,5.03362E+16
58221,58222,7,1,41,85,2016,9,14,6,2,1,1,0,0,0,0,0,1,0,1,4.17053E+20,5.56254E+21,7.83753E+15,5.02092E+16