FID,OBJECTID,ULAND,UREGBEZ,UKREIS,UGEMEINDE,UJAHR,UMONAT,USTUNDE,UWOCHENTAG,UKATEGORIE,UART,UTYP1,ULICHTVERH,IstStrasse,IstRad,IstPKW,IstFuss,IstKrad,IstGkfz,IstSonstig,LINREFX,LINREFY,XGCSWGS84,YGCSWGS84
58222,58223,7,1,43,46,2016,9,21,5,3,3,6,2,0,1,1,0,0,0,0,4.14466E+20,5.59993E+21,7.79279E+15,5.05451E+16
58223,58224,7,1,41,11,2016,9,7,5,3,8,7,1,0,0,0,0,1,0,0,4.26967E+20,5.5648E+21,7.97602E+15,5.02309E+16
58224,58225,7,2,32,322,2016,9,10,3,3,5,3,0,0,0,1,0,0,0,0,3.10808E+20,5.55269E+21,6.35467E+15,5.00963E+16
58225,58226,7,3,40,54,2016,9,16,2,2,5,3,0,0,0,1,0,0,0,0,4.02642E+20,5.46193E+21,7.66079E+15,4.93023E+16
58226,58227,7,2,31,31,2016,9,14,5,3,9,6,0,0,0,1,0,0,0,0,3.45749E+20,5.5293E+21,6.85221E+15,4.98961E+16
58227,58228,7,3,35,22,2016,9,6,4,2,6,4,2,0,0,1,1,0,0,0,3.9593E+20,5.47469E+21,7.56516E+15,4.9416E+16
58228,58229,7,2,32,501,2016,9,12,2,3,2,2,0,0,0,1,0,0,0,0,3.17729E+20,5.54091E+21,6.45695E+15,4.99927E+16
58229,58230,7,1,34,45,2016,9,12,4,3,5,3,0,0,0,1,0,0,0,0,3.77675E+20,5.5088E+21,7.30297E+15,4.97193E+16
58230,58231,7,1,40,3,2016,9,11,2,2,8,1,0,0,0,1,0,0,0,0,4.01125E+20,5.53767E+21,7.62081E+15,4.99831E+16
58231,58232,7,3,32,2,2016,9,15,1,3,2,7,0,0,0,1,0,1,0,0,4.42551E+20,5.4794E+21,8.20716E+15,4.94646E+16
58232,58233,7,2,33,41,2016,9,17,1,2,8,1,0,0,0,1,0,1,0,0,3.3104E+20,5.57481E+21,6.62746E+15,5.03012E+16
58233,58234,7,1,34,45,2016,9,7,5,3,2,6,0,0,0,1,0,0,0,0,3.76684E+20,5.50587E+21,7.29015E+15,4.96927E+16
58234,58235,7,3,34,12,2016,9,18,3,3,1,2,0,0,0,1,0,0,0,0,4.47435E+20,5.43565E+21,8.2803E+15,4.90715E+16
58235,58236,7,1,37,203,2016,9,16,3,3,5,3,0,0,0,1,0,1,0,0,3.97617E+20,5.58764E+21,7.55843E+15,5.04319E+16
58236,58237,7,1,43,48,2016,9,17,6,3,6,4,0,0,0,1,1,0,0,0,4.19581E+20,5.5898E+21,7.86714E+15,5.04547E+16
58237,58238,7,1,32,96,2016,9,9,5,3,2,6,0,0,0,1,0,0,0,1,4.09137E+20,5.62468E+21,7.71152E+15,5.07667E+16
58238,58239,7,3,39,27,2016,9,10,4,3,6,7,0,0,0,1,1,0,0,0,4.38731E+20,5.539E+21,8.14509E+15,5.00001E+16
58239,58240,7,3,14,0,2016,9,5,4,3,8,7,2,0,0,1,0,0,0,0,4.535E+20,5.48125E+21,8.35804E+15,4.94821E+16
58240,58241,7,3,40,206,2016,9,15,7,3,4,6,0,0,0,1,0,0,0,0,3.86298E+20,5.45618E+21,7.43768E+15,4.92479E+16
58241,58242,7,1,35,4,2016,9,12,7,2,8,1,0,0,0,0,0,1,0,0,3.77666E+20,5.5521E+21,7.28913E+15,5.01086E+16
58242,58243,7,3,37,20,2016,9,17,3,3,5,3,0,0,0,1,0,0,0,0,4.38584E+20,5.45968E+21,8.15546E+15,4.92868E+16
58243,58244,7,3,36,32,2016,9,10,1,2,9,1,0,0,0,1,0,1,0,0,3.84016E+20,5.47532E+21,7.40076E+15,4.94195E+16
58244,58245,7,1,37,207,2016,9,11,7,3,2,6,0,0,0,1,0,0,0,0,3.93543E+20,5.57022E+21,7.506E+15,5.02745E+16
58245,58246,7,1,43,53,2016,9,11,2,2,4,3,0,0,0,1,0,0,0,1,4.15546E+20,5.58318E+21,7.81181E+15,5.03946E+16
58246,58247,7,3,31,55,2016,9,11,4,3,8,1,0,0,0,1,0,0,0,0,4.52169E+20,5.50603E+21,8.33664E+15,4.97049E+16
58247,58248,7,1,43,59,2016,9,14,5,3,2,6,0,0,0,1,0,0,0,0,4.09949E+20,5.59525E+21,7.73018E+15,5.05023E+16
58248,58249,7,1,41,135,2016,9,16,2,3,8,1,0,0,0,0,0,1,0,0,4.18904E+20,5.57739E+21,7.86029E+15,5.0343E+16
58249,58250,7,1,37,214,2016,9,12,1,2,0,1,0,0,1,0,0,0,0,0,3.89077E+20,5.56735E+21,7.4442E+15,5.02479E+16
58250,58251,7,3,39,30,2016,9,14,7,3,2,6,0,0,0,1,0,0,0,0,4.30452E+20,5.53729E+21,8.02988E+15,4.99839E+16
58251,58252,7,1,35,38,2016,9,16,4,3,5,3,0,0,0,1,0,0,0,0,3.73564E+20,5.56404E+21,7.22782E+15,5.0215E+16
58252,58253,7,1,11,0,2016,9,18,2,3,2,2,1,0,0,1,0,0,0,0,3.97672E+20,5.58059E+21,7.56112E+15,5.03685E+16
58253,58254,7,1,38,73,2016,9,2,2,1,6,6,2,0,0,1,1,0,0,0,3.74212E+20,5.6063E+21,7.22274E+15,5.0595E+16
58254,58255,7,3,13,0,2016,9,15,1,3,3,2,0,0,1,1,0,0,0,0,4.36599E+20,5.45189E+21,8.1294E+15,4.92165E+16
58255,58256,7,1,43,291,2016,9,13,1,2,5,3,0,0,0,1,0,1,0,0,4.33398E+20,5.6128E+21,8.05764E+15,5.06632E+16
58256,58257,7,3,19,0,2016,9,16,3,3,2,6,0,0,0,1,0,0,0,0,4.53726E+20,5.50042E+21,8.3589E+15,4.96546E+16
58257,58258,7,3,34,11,2016,9,16,2,1,0,1,0,0,1,0,0,0,0,0,4.50313E+20,5.44572E+21,8.31846E+15,4.91623E+16
58258,58259,7,3,33,502,2016,9,13,5,2,5,3,0,0,0,1,0,0,0,0,4.14574E+20,5.49824E+21,7.81703E+15,4.96307E+16
58259,58260,7,1,11,0,2016,9,20,5,3,3,3,2,0,0,1,0,0,1,0,3.97067E+20,5.58364E+21,7.55178E+15,5.03958E+16
58260,58261,7,3,19,0,2016,9,19,4,3,5,3,2,0,0,1,0,0,0,1,4.53641E+20,5.49508E+21,8.35835E+15,4.96065E+16
58261,58262,7,3,32,2,2016,9,14,7,3,0,1,0,0,0,0,0,1,0,0,4.36541E+20,5.47906E+21,8.12428E+15,4.94609E+16
58262,58263,7,2,35,90,2016,9,18,7,2,8,1,0,0,0,0,0,1,0,0,3.37081E+20,5.51131E+21,6.73916E+15,4.97322E+16
58263,58264,7,3,14,0,2016,9,9,6,3,5,3,0,0,0,1,0,0,0,0,4.57527E+20,5.48262E+21,8.41349E+15,4.94947E+16
58264,58265,7,3,35,4,2016,9,17,6,3,2,6,0,0,0,1,0,0,0,0,4.21208E+20,5.48094E+21,7.91235E+15,4.9476E+16
58265,58266,7,1,37,202,2016,9,11,2,2,9,7,0,0,0,1,0,0,1,0,3.91639E+20,5.5801E+21,7.47646E+15,5.0363E+16
58266,58267,7,3,39,9,2016,9,15,1,2,2,2,0,0,0,1,0,0,0,0,4.40588E+20,5.54144E+21,8.17061E+15,5.00223E+16
58267,58268,7,1,37,208,2016,9,16,1,2,8,2,0,0,0,1,0,1,0,0,3.86318E+20,5.56512E+21,7.40619E+15,5.02273E+16
58268,58269,7,1,43,81,2016,9,14,3,2,1,1,0,0,0,1,0,1,0,0,4.14848E+20,5.59192E+21,7.80001E+15,5.0473E+16
58269,58270,7,3,39,27,2016,9,10,5,3,8,3,0,0,0,1,0,1,0,0,4.36461E+20,5.53844E+21,8.11351E+15,4.99949E+16
58270,58271,7,3,39,3,2016,9,14,1,3,9,1,0,0,0,0,0,1,0,0,4.11138E+20,5.54749E+21,7.75817E+15,5.0073E+16
58271,58272,7,1,35,91,2016,9,14,1,3,2,2,0,0,0,0,0,1,0,0,3.56287E+20,5.55812E+21,6.98804E+15,5.01579E+16
58272,58273,7,2,35,68,2016,9,17,3,3,1,4,0,0,0,1,1,0,0,0,3.2506E+20,5.5079E+21,6.57403E+15,4.96982E+16
58273,58274,7,2,33,26,2016,9,15,4,3,2,6,0,0,0,1,0,0,0,0,3.32163E+20,5.56616E+21,6.64704E+15,5.02238E+16
58274,58275,7,3,38,17,2016,9,1,7,3,9,7,2,0,0,1,0,0,0,0,4.55108E+20,5.47514E+21,8.38092E+15,4.94273E+16
58275,58276,7,1,38,45,2016,9,22,7,3,1,5,2,0,0,1,0,1,0,0,3.91609E+20,5.59095E+21,7.4729E+15,5.04605E+16
58276,58277,7,1,38,3,2016,9,18,4,2,9,1,1,0,0,1,0,0,0,0,3.87655E+20,5.61368E+21,7.41037E+15,5.06641E+16
58277,58278,7,3,31,3,2016,9,15,6,3,1,1,0,0,0,1,0,0,0,0,4.3528E+20,5.51035E+21,8.10173E+15,4.97422E+16
58278,58279,7,3,32,46,2016,9,13,6,3,5,7,0,0,1,0,0,0,0,0,4.40449E+20,5.47705E+21,8.17851E+15,4.94432E+16
58279,58280,7,3,15,0,2016,9,23,3,3,3,6,2,0,0,1,0,0,0,0,4.45013E+20,5.54163E+21,8.23235E+15,5.00244E+16
58280,58281,7,1,37,228,2016,9,18,3,3,2,6,0,0,0,1,0,0,0,0,3.90134E+20,5.58507E+21,7.45386E+15,5.04074E+16
58281,58282,7,3,39,27,2016,9,10,5,3,2,6,0,0,0,1,0,0,0,0,4.36124E+20,5.53916E+21,8.10868E+15,5.00014E+16
58282,58283,7,3,20,0,2016,9,7,4,3,1,2,0,0,0,1,0,0,0,1,3.83007E+20,5.45505E+21,7.39281E+15,4.92371E+16
58283,58284,7,3,39,47,2016,9,6,2,3,2,6,1,0,0,1,0,0,0,0,4.42535E+20,5.53104E+21,8.19934E+15,4.9929E+16
58284,58285,7,2,35,125,2016,9,19,4,3,5,3,0,0,0,1,0,1,0,0,3.38435E+20,5.5202E+21,6.75424E+15,4.98125E+16
58285,58286,7,1,31,1,2016,9,16,2,3,1,5,0,0,0,1,0,0,0,0,3.5305E+20,5.58312E+21,6.93305E+15,5.03818E+16
58286,58287,7,2,33,29,2016,9,12,5,2,2,6,0,0,0,1,0,0,0,0,3.318E+20,5.57321E+21,6.63882E+15,5.0287E+16
58287,58288,7,3,37,20,2016,9,7,2,3,1,6,0,0,0,0,0,1,0,1,4.37502E+20,5.45958E+21,8.1406E+15,4.92857E+16
58288,58289,7,1,34,45,2016,9,15,4,3,5,5,0,0,0,1,0,1,0,0,3.78302E+20,5.50831E+21,7.31182E+15,4.9715E+16
58289,58290,7,1,37,88,2016,9,7,4,3,5,3,0,0,0,1,0,1,0,0,3.85664E+20,5.58335E+21,7.3915E+15,5.03911E+16
58290,58291,7,2,33,26,2016,9,17,6,3,9,1,0,0,0,0,0,1,0,0,3.35327E+20,5.56234E+21,6.69302E+15,5.01903E+16
58291,58292,7,1,34,4,2016,9,10,3,2,8,1,0,1,0,1,0,0,0,1,3.77412E+20,5.51744E+21,7.2966E+15,4.97969E+16
58292,58293,7,1,34,45,2016,9,16,6,3,2,2,0,0,0,1,0,0,0,0,3.78922E+20,5.50674E+21,7.3209E+15,4.9701E+16
58293,58294,7,2,33,53,2016,9,17,5,3,2,6,0,0,0,1,0,0,0,0,3.31758E+20,5.57427E+21,6.63776E+15,5.02966E+16
58294,58295,7,3,14,0,2016,9,16,4,3,5,3,0,0,0,1,0,0,0,0,4.51205E+20,5.48091E+21,8.3264E+15,4.94789E+16
58295,58296,7,2,35,152,2016,9,11,2,2,9,7,0,0,0,1,0,0,1,0,3.32855E+20,5.49688E+21,6.68672E+15,4.96014E+16
58296,58297,7,2,11,0,2016,9,7,4,3,8,7,0,0,0,1,0,0,0,0,3.33897E+20,5.51241E+21,6.69455E+15,4.97412E+16
58297,58298,7,1,37,96,2016,9,9,2,3,5,3,0,0,0,1,0,0,0,0,3.86982E+20,5.5816E+21,7.41055E+15,5.03756E+16
58298,58299,7,1,37,68,2016,9,7,2,3,2,6,1,0,0,1,0,0,0,0,3.75236E+20,5.5724E+21,7.24849E+15,5.02906E+16
58299,58300,7,3,37,9,2016,9,14,1,3,5,3,0,0,0,1,0,0,0,0,4.30345E+20,5.45091E+21,8.0437E+15,4.9207E+16
58300,58301,7,2,31,502,2016,9,15,1,3,5,2,0,0,0,0,0,1,0,1,3.61582E+20,5.52019E+21,7.07578E+15,4.98181E+16
58301,58302,7,3,13,0,2016,9,7,3,3,9,1,0,1,0,1,0,0,0,0,4.3822E+20,5.44738E+21,8.15235E+15,4.91761E+16
58302,58303,7,1,11,0,2016,9,13,3,2,5,3,0,0,1,1,0,0,0,0,3.97452E+20,5.57955E+21,7.55832E+15,5.03591E+16
58303,58304,7,3,35,38,2016,10,15,7,3,2,2,0,0,0,1,0,0,0,0,3.96377E+20,5.47918E+21,7.57014E+15,4.94565E+16
58304,58305,7,2,31,64,2016,9,9,6,3,4,1,0,1,0,1,0,0,1,0,3.59075E+20,5.51611E+21,7.04243E+15,4.97809E+16
58305,58306,7,1,37,202,2016,10,16,4,3,2,6,0,0,0,1,0,0,0,0,3.87405E+20,5.57732E+21,7.41778E+15,5.03372E+16
58306,58307,7,1,33,31,2016,10,11,2,3,2,6,0,0,0,1,0,0,0,0,4.20412E+20,5.51634E+21,7.89418E+15,4.97942E+16
58307,58308,7,1,38,57,2016,10,9,2,3,9,7,0,1,0,1,0,0,0,0,4.02127E+20,5.60685E+21,7.61687E+15,5.06053E+16
58308,58309,7,2,11,0,2016,10,18,2,3,2,6,2,0,0,1,0,0,0,0,3.32124E+20,5.51253E+21,6.6699E+15,4.97418E+16
58309,58310,7,3,13,0,2016,10,16,6,2,2,6,0,0,0,1,0,0,0,0,4.37487E+20,5.45196E+21,8.14158E+15,4.92173E+16
58310,58311,7,3,31,58,2016,10,17,4,3,2,2,0,0,0,1,0,0,0,0,4.40173E+20,5.52514E+21,8.16735E+15,4.98757E+16
58311,58312,7,3,14,0,2016,10,18,3,3,3,6,1,0,1,0,0,0,0,0,4.59558E+20,5.48158E+21,8.44163E+15,4.94855E+16
58312,58313,7,1,31,502,2016,10,14,6,3,4,1,0,1,0,1,0,0,0,0,3.66571E+20,5.58621E+21,7.12203E+15,5.04127E+16
58313,58314,7,2,32,13,2016,10,16,1,3,5,3,0,0,0,1,0,0,0,0,3.13019E+20,5.53579E+21,6.3938E+15,4.99451E+16
58314,58315,7,3,12,0,2016,10,21,7,3,9,1,2,1,0,1,0,1,0,0,4.06861E+20,5.47816E+21,7.71501E+15,4.94489E+16
58315,58316,7,3,14,0,2016,10,18,5,3,5,3,0,0,1,1,0,0,0,0,4.55357E+20,5.48199E+21,8.38359E+15,4.94889E+16
58316,58317,7,3,40,51,2016,9,12,5,3,6,6,0,0,0,1,1,0,0,0,3.96593E+20,5.45734E+21,7.57879E+15,4.926E+16
58317,58318,7,1,33,6,2016,10,9,7,3,5,3,0,1,0,1,0,0,0,0,4.19143E+20,5.52125E+21,7.87552E+15,4.98383E+16
58318,58319,7,1,37,89,2016,10,11,7,2,4,1,0,1,0,1,0,0,0,0,3.81968E+20,5.57431E+21,7.34236E+15,5.03091E+16
58319,58320,7,3,15,0,2016,10,1,7,1,6,6,2,0,0,1,1,0,0,0,4.47212E+20,5.532E+21,8.26437E+15,4.9938E+16
58320,58321,7,3,38,19,2016,9,14,6,3,4,2,0,0,0,1,0,0,0,0,4.53516E+20,5.47723E+21,8.35872E+15,4.9446E+16
58321,58322,7,3,17,0,2016,10,12,5,3,5,3,0,0,0,1,0,0,0,0,3.97935E+20,5.44973E+21,7.59916E+15,4.91919E+16
58322,58323,7,3,14,0,2016,10,13,3,3,5,3,0,1,0,1,0,0,0,0,4.58262E+20,5.47812E+21,8.4241E+15,4.94543E+16
58323,58324,7,3,37,83,2016,10,16,1,2,2,2,0,0,0,0,0,1,0,0,4.21223E+20,5.4506E+21,7.91855E+15,4.92031E+16
58324,58325,7,2,35,83,2016,10,6,6,3,8,1,2,1,0,1,0,0,0,0,3.44956E+20,5.51565E+21,6.84663E+15,4.97733E+16
58325,58326,7,1,32,18,2016,10,15,3,3,2,1,0,0,0,1,0,1,0,0,4.27317E+20,5.62127E+21,7.96995E+15,5.07387E+16
58326,58327,7,3,12,0,2016,10,20,5,3,2,6,2,0,0,1,0,0,0,0,4.12792E+20,5.47756E+21,7.79694E+15,4.94445E+16
58327,58328,7,3,34,28,2016,10,17,3,2,8,1,0,0,0,1,0,0,0,0,4.51868E+20,5.45739E+21,8.33839E+15,4.92674E+16
58328,58329,7,3,15,0,2016,10,8,2,3,6,2,0,0,0,1,1,0,0,0,4.47563E+20,5.53991E+21,8.26818E+15,5.00092E+16
58329,58330,7,1,11,0,2016,10,12,2,3,6,4,0,0,0,1,1,0,0,0,3.99585E+20,5.57916E+21,7.58839E+15,5.03559E+16
58330,58331,7,3,15,0,2016,10,15,6,3,2,6,0,0,0,1,0,0,0,0,4.4634E+20,5.53859E+21,8.2513E+15,4.99973E+16
58331,58332,7,2,31,68,2016,10,15,4,3,0,6,0,0,0,0,0,1,0,1,3.59855E+20,5.53787E+21,7.04538E+15,4.99767E+16
58332,58333,7,2,31,134,2016,10,14,3,2,5,3,0,0,0,1,0,0,0,0,3.47926E+20,5.53954E+21,6.87846E+15,4.99888E+16
58333,58334,7,1,37,202,2016,10,15,6,3,2,6,0,1,0,1,0,0,0,0,3.89536E+20,5.57769E+21,7.44761E+15,5.03409E+16
58334,58335,7,1,32,50,2016,10,10,1,3,9,1,0,1,0,1,0,0,0,0,4.2395E+20,5.62503E+21,7.92147E+15,5.07721E+16
58335,58336,7,1,37,69,2016,10,5,5,3,2,6,2,0,0,1,0,0,0,0,3.7458E+20,5.59201E+21,7.23274E+15,5.04667E+16
58336,58337,7,3,12,0,2016,10,11,7,3,1,2,0,1,0,1,0,0,0,1,4.04895E+20,5.48043E+21,7.68734E+15,4.94691E+16
58337,58338,7,3,15,0,2016,10,12,5,2,5,3,0,0,0,1,0,0,1,0,4.47343E+20,5.53953E+21,8.26517E+15,5.00057E+16
58338,58339,7,3,36,102,2016,9,14,5,3,2,7,0,0,0,1,0,0,1,0,3.82504E+20,5.47013E+21,7.38146E+15,4.93725E+16
58339,58340,7,1,43,315,2016,10,16,7,3,9,1,0,1,0,1,0,0,0,0,4.33665E+20,5.61154E+21,8.06164E+15,5.0652E+16
58340,58341,7,1,41,501,2016,10,23,7,3,1,7,2,0,0,1,0,0,0,0,4.02002E+20,5.57182E+21,7.62427E+15,5.02904E+16
58341,58342,7,1,34,47,2016,10,9,7,2,0,7,0,1,0,1,0,0,0,0,3.73127E+20,5.51365E+21,7.23833E+15,4.9762E+16
58342,58343,7,3,15,0,2016,10,16,3,3,2,6,0,0,0,1,0,0,0,0,4.47179E+20,5.5322E+21,8.26389E+15,4.99398E+16
58343,58344,7,1,35,65,2016,10,14,2,3,0,1,0,1,0,0,0,1,0,0,3.83633E+20,5.56182E+21,7.36957E+15,5.01971E+16
58344,58345,7,3,34,25,2016,10,6,5,2,9,7,2,0,0,1,0,0,0,0,4.49621E+20,5.44561E+21,8.30899E+15,4.91613E+16
58345,58346,7,2,32,272,2016,10,23,1,2,4,1,2,0,0,1,0,0,0,1,3.20365E+20,5.57411E+21,6.47803E+15,5.02918E+16
58346,58347,7,1,38,48,2016,10,17,6,3,8,1,0,1,0,1,0,0,0,0,4.01688E+20,5.60253E+21,7.61181E+15,5.05664E+16
58347,58348,7,1,11,0,2016,10,8,3,3,3,6,0,0,0,1,0,0,0,0,3.99782E+20,5.57662E+21,7.59184E+15,5.03332E+16
58348,58349,7,1,35,12,2016,10,15,1,2,9,1,0,0,0,1,0,1,0,0,3.65988E+20,5.5521E+21,7.12589E+15,5.0106E+16
58349,58350,7,3,19,0,2016,10,10,4,3,5,3,0,0,1,1,0,0,0,0,4.48773E+20,5.49893E+21,8.29047E+15,4.96408E+16
58350,58351,7,1,31,65,2016,10,11,5,3,8,7,0,1,0,1,0,0,0,0,3.46253E+20,5.58046E+21,6.8386E+15,5.03561E+16
58351,58352,7,2,35,25,2016,9,12,6,3,5,3,0,1,0,1,0,0,0,0,3.18145E+20,5.4996E+21,6.48208E+15,4.96216E+16
58352,58353,7,1,37,68,2016,10,18,7,3,2,6,1,0,0,1,0,0,0,0,3.75953E+20,5.57652E+21,7.2572E+15,5.03277E+16
58353,58354,7,3,32,24,2016,10,15,4,3,4,2,0,0,0,1,0,0,0,1,4.4048E+20,5.48952E+21,8.17706E+15,4.95554E+16
58354,58355,7,2,35,141,2016,10,22,5,3,4,1,2,0,0,1,0,0,0,0,3.37117E+20,5.51359E+21,6.7387E+15,4.97527E+16
58355,58356,7,1,43,5,2016,10,15,7,3,4,6,0,1,0,1,0,0,0,0,4.19082E+20,5.59277E+21,7.85948E+15,5.04813E+16
58356,58357,7,1,38,75,2016,10,17,7,3,8,1,0,0,0,0,0,1,0,0,3.79745E+20,5.60841E+21,7.30019E+15,5.06152E+16
58357,58358,7,3,36,53,2016,9,6,6,3,5,3,1,0,0,1,0,0,0,0,4.00115E+20,5.49042E+21,7.61885E+15,4.95582E+16
58358,58359,7,1,43,32,2016,10,5,3,3,2,6,2,1,0,1,0,0,0,0,4.05529E+20,5.58837E+21,7.66961E+15,5.04397E+16
58359,58360,7,3,35,204,2016,10,8,2,3,9,7,0,1,0,1,0,0,0,0,4.0503E+20,5.46863E+21,7.69203E+15,4.9363E+16
58360,58361,7,1,37,228,2016,10,19,2,3,9,1,2,0,0,1,0,0,0,0,3.89775E+20,5.58524E+21,7.44876E+15,5.04089E+16
58361,58362,7,1,40,501,2016,10,14,5,2,9,1,0,0,0,1,0,0,0,0,3.99596E+20,5.56431E+21,7.59249E+15,5.02224E+16
58362,58363,7,2,11,0,2016,10,14,1,2,0,1,0,1,0,0,0,1,0,0,3.35053E+20,5.52391E+21,6.70569E+15,4.98449E+16
58363,58364,7,1,37,69,2016,10,13,3,3,2,6,0,0,0,0,0,0,1,0,3.75435E+20,5.5839E+21,7.24749E+15,5.03939E+16
58364,58365,7,3,40,4,2016,10,13,7,2,4,6,0,1,0,0,0,1,0,1,4.12881E+20,5.44342E+21,7.80562E+15,4.91375E+16
58365,58366,7,2,11,0,2016,10,17,4,3,2,6,0,0,0,1,0,0,0,0,3.28288E+20,5.51236E+21,6.61679E+15,4.97392E+16
58366,58367,7,2,11,0,2016,9,13,6,3,0,3,0,1,1,1,0,0,0,0,3.29221E+20,5.51363E+21,6.62917E+15,4.97508E+16
58367,58368,7,1,40,36,2016,10,12,4,3,5,2,0,0,0,1,0,0,0,0,3.94667E+20,5.55717E+21,7.5254E+15,5.01573E+16
58368,58369,7,3,36,48,2016,10,4,2,3,7,7,2,0,0,1,0,0,0,0,3.96853E+20,5.48802E+21,7.5744E+15,4.9536E+16
58369,58370,7,3,37,1,2016,10,11,2,1,9,1,0,0,0,1,0,0,1,0,4.27752E+20,5.45212E+21,8.00789E+15,4.92176E+16
58370,58371,7,1,43,254,2016,10,13,2,3,4,2,0,1,0,1,0,0,0,0,4.23555E+20,5.60431E+21,7.92014E+15,5.05857E+16
58371,58372,7,2,31,502,2016,10,18,2,2,9,1,1,0,0,1,0,0,0,0,3.68343E+20,5.52424E+21,7.16834E+15,4.98561E+16
58372,58373,7,3,32,30,2016,10,17,1,3,5,3,0,1,0,1,0,1,0,0,4.40706E+20,5.48736E+21,8.1805E+15,4.9536E+16
58373,58374,7,3,14,0,2016,10,22,4,3,9,1,2,1,0,1,0,0,0,0,4.60822E+20,5.47622E+21,8.45962E+15,4.94374E+16
58374,58375,7,3,37,14,2016,10,21,3,3,5,3,2,0,0,1,0,0,0,0,4.39065E+20,5.45159E+21,8.16331E+15,4.92141E+16
58375,58376,7,1,38,45,2016,10,20,6,3,4,2,2,1,0,1,0,0,0,0,3.93954E+20,5.59133E+21,7.50583E+15,5.04643E+16
58376,58377,7,1,37,86,2016,10,3,4,3,7,7,2,0,0,1,0,0,0,0,3.86447E+20,5.57965E+21,7.40363E+15,5.0358E+16
58377,58378,7,3,15,0,2016,10,17,1,3,3,6,1,1,0,1,0,0,0,0,4.45297E+20,5.54066E+21,8.23645E+15,5.00157E+16
58378,58379,7,1,43,47,2016,10,14,1,3,8,1,0,0,0,0,0,1,0,0,4.11262E+20,5.59324E+21,7.74917E+15,5.04844E+16
58379,58380,7,1,37,202,2016,10,13,3,3,2,2,0,0,0,1,0,0,0,0,3.90623E+20,5.57968E+21,7.4623E+15,5.0359E+16
58380,58381,7,3,39,21,2016,10,3,2,3,0,1,2,1,0,1,0,0,0,0,4.23702E+20,5.5292E+21,7.93735E+15,4.99103E+16
58381,58382,7,1,11,0,2016,10,14,2,3,5,3,0,1,0,1,0,0,0,0,4.01142E+20,5.57969E+21,7.61013E+15,5.0361E+16
58382,58383,7,3,36,101,2016,10,12,4,2,4,6,0,0,0,1,0,0,0,0,3.82401E+20,5.48186E+21,7.37657E+15,4.9478E+16
58383,58384,7,3,12,0,2016,10,7,3,3,2,6,1,0,0,1,0,0,0,0,4.02361E+20,5.47725E+21,7.65316E+15,4.94401E+16
58384,58385,7,3,37,20,2016,10,12,1,3,5,1,0,0,1,1,0,0,0,0,4.34484E+20,5.45927E+21,8.09916E+15,4.92826E+16
58385,58386,7,1,37,89,2016,10,15,1,3,8,1,0,1,0,0,0,1,0,0,3.79339E+20,5.57469E+21,7.30533E+15,5.03119E+16
58386,58387,7,1,38,7,2016,10,13,7,2,0,1,0,1,1,0,0,0,0,1,3.85203E+20,5.59981E+21,7.37996E+15,5.0539E+16
58387,58388,7,3,32,25,2016,10,13,2,3,8,1,0,0,0,0,0,0,1,0,4.49874E+20,5.46267E+21,8.31032E+15,4.93147E+16
58388,58389,7,3,36,17,2016,10,18,7,3,9,7,1,1,0,1,0,0,0,0,3.777E+20,5.47522E+21,7.31375E+15,4.94174E+16
58389,58390,7,1,43,265,2016,9,20,6,3,5,3,2,0,0,1,0,1,0,0,4.12669E+20,5.61976E+21,7.76276E+15,5.07231E+16
58390,58391,7,1,32,50,2016,10,13,6,3,2,6,0,0,0,1,0,0,0,1,4.2688E+20,5.62626E+21,7.96276E+15,5.07835E+16
58391,58392,7,3,12,0,2016,10,9,3,3,0,2,0,0,0,1,1,0,0,0,4.11414E+20,5.47804E+21,7.77783E+15,4.94485E+16
58392,58393,7,3,31,47,2016,10,7,2,3,2,6,1,0,0,1,0,0,0,0,4.45852E+20,5.50083E+21,8.24976E+15,4.96576E+16
58393,58394,7,1,32,11,2016,10,17,2,2,4,6,0,1,0,1,0,0,1,0,4.15354E+20,5.62481E+21,7.79963E+15,5.07688E+16
58394,58395,7,1,38,45,2016,10,19,2,3,5,2,1,0,0,1,0,0,0,0,3.92403E+20,5.58886E+21,7.48469E+15,5.04419E+16
58395,58396,7,3,33,56,2016,10,11,6,3,9,1,0,1,0,1,0,0,0,0,4.25829E+20,5.50375E+21,7.97182E+15,4.96817E+16
58396,58397,7,3,19,0,2016,10,15,4,3,2,6,0,0,0,1,0,0,0,0,4.54017E+20,5.49911E+21,8.36308E+15,4.96428E+16
58397,58398,7,3,39,49,2016,10,14,3,3,0,6,0,0,0,1,0,1,0,0,4.539E+20,5.52295E+21,8.35864E+15,4.98572E+16
58398,58399,7,1,31,7,2016,10,13,6,3,2,2,0,1,0,1,0,0,0,0,3.68433E+20,5.60121E+21,7.14294E+15,5.0548E+16
58399,58400,7,1,43,206,2016,10,14,1,3,5,3,0,1,0,1,0,0,0,0,4.27141E+20,5.61319E+21,7.96904E+15,5.0666E+16
58400,58401,7,3,36,55,2016,10,13,7,3,4,6,0,1,0,1,0,0,0,1,3.83215E+20,5.48941E+21,7.38557E+15,4.9546E+16
58401,58402,7,3,31,44,2016,10,5,5,2,4,6,2,0,0,1,0,0,0,0,4.3115E+20,5.5069E+21,8.04502E+15,4.97107E+16
58402,58403,7,3,35,21,2016,9,8,5,2,5,3,0,0,1,1,0,0,0,0,4.05125E+20,5.46923E+21,7.69319E+15,4.93684E+16