FID,OBJECTID,ULAND,UREGBEZ,UKREIS,UGEMEINDE,UJAHR,UMONAT,USTUNDE,UWOCHENTAG,UKATEGORIE,UART,UTYP1,ULICHTVERH,IstStrasse,IstRad,IstPKW,IstFuss,IstKrad,IstGkfz,IstSonstig,LINREFX,LINREFY,XGCSWGS84,YGCSWGS84
58403,58404,7,3,15,0,2016,10,12,7,3,2,6,0,1,0,1,0,0,0,0,4.4974E+20,5.53731E+21,8.2989E+15,4.9986E+16
58404,58405,7,1,40,96,2016,10,12,7,3,5,3,0,1,0,1,0,0,0,0,4.01581E+20,5.54107E+21,7.6263E+15,5.00138E+16
58405,58406,7,2,32,295,2016,10,21,7,2,9,1,2,0,0,1,0,0,0,0,3.10119E+20,5.55977E+21,6.34152E+15,5.01597E+16
58406,58407,7,3,38,19,2016,9,10,6,3,5,3,0,0,0,1,0,0,0,0,4.50883E+20,5.47613E+21,8.32255E+15,4.94359E+16
58407,58408,7,3,32,1,2016,9,19,5,3,8,1,2,0,0,1,0,1,0,0,4.33135E+20,5.48011E+21,8.0771E+15,4.947E+16
58408,58409,7,3,14,0,2016,10,9,7,3,4,6,0,1,0,1,0,0,0,0,4.56813E+20,5.48344E+21,8.40353E+15,4.9502E+16
58409,58410,7,1,31,70,2016,10,18,7,3,8,7,0,0,0,1,0,0,0,0,3.73984E+20,5.60491E+21,7.21999E+15,5.05825E+16
58410,58411,7,3,39,42,2016,10,14,7,3,5,2,0,0,0,1,0,0,0,0,4.42174E+20,5.52936E+21,8.19456E+15,4.99138E+16
58411,58412,7,1,32,50,2016,9,19,6,3,2,6,2,0,0,1,0,0,0,0,4.26171E+20,5.6275E+21,7.95246E+15,5.07946E+16
58412,58413,7,3,11,0,2016,9,18,6,3,5,2,0,0,1,1,0,0,0,0,4.54082E+20,5.488E+21,8.36528E+15,4.95429E+16
58413,58414,7,1,11,0,2016,10,9,6,3,5,3,0,0,0,1,0,0,0,0,3.98669E+20,5.57764E+21,7.57593E+15,5.03421E+16
58414,58415,7,3,37,43,2016,10,9,3,3,0,6,0,0,0,1,0,0,0,0,4.3562E+20,5.44662E+21,8.11681E+15,4.9169E+16
58415,58416,7,2,33,39,2016,10,11,2,2,9,1,0,0,0,1,0,0,0,0,3.40141E+20,5.56629E+21,6.75873E+15,5.02272E+16
58416,58417,7,3,40,14,2016,10,21,1,3,8,1,2,1,0,1,0,0,0,0,4.16137E+20,5.45039E+21,7.84878E+15,4.92006E+16
58417,58418,7,3,15,0,2016,10,7,6,2,3,6,1,0,0,1,0,0,1,0,4.42663E+20,5.54011E+21,8.19977E+15,5.00105E+16
58418,58419,7,1,32,55,2016,10,13,4,3,5,3,0,0,0,1,0,0,0,0,3.95235E+20,5.60333E+21,7.5205E+15,5.05724E+16
58419,58420,7,1,41,38,2016,10,21,3,3,9,1,2,0,0,1,0,0,0,0,4.23811E+20,5.58273E+21,7.92816E+15,5.03916E+16
58420,58421,7,3,36,90,2016,10,7,5,3,2,6,2,0,0,1,0,0,0,0,4.00373E+20,5.49107E+21,7.62227E+15,4.9564E+16
58421,58422,7,1,31,77,2016,10,18,1,3,2,2,0,1,0,1,0,0,0,0,3.75727E+20,5.60039E+21,7.24611E+15,5.05422E+16
58422,58423,7,3,36,102,2016,10,12,4,3,1,1,0,0,0,1,0,0,0,1,3.79167E+20,5.47188E+21,7.33498E+15,4.93876E+16
58423,58424,7,3,16,0,2016,10,10,7,3,0,1,0,1,1,0,0,0,0,0,4.40008E+20,5.4678E+21,8.17382E+15,4.93599E+16
58424,58425,7,2,33,501,2016,10,7,5,3,1,6,0,1,0,1,0,0,0,0,3.44525E+20,5.56299E+21,6.82151E+15,5.01987E+16
58425,58426,7,3,34,9,2016,9,17,5,3,4,2,0,0,1,1,0,0,0,0,4.44792E+20,5.44005E+21,8.24352E+15,4.91108E+16
58426,58427,7,1,41,68,2016,10,17,7,3,9,1,0,1,0,0,0,1,0,0,4.26098E+20,5.5707E+21,7.96269E+15,5.02838E+16
58427,58428,7,3,40,54,2016,9,14,6,2,8,1,0,0,0,0,0,1,0,0,4.01292E+20,5.45993E+21,7.64272E+15,4.92842E+16
58428,58429,7,1,43,276,2016,10,14,7,2,4,2,0,1,0,1,0,0,0,0,4.16973E+20,5.61397E+21,7.82502E+15,5.06716E+16
58429,58430,7,3,32,25,2016,9,15,6,3,9,1,0,0,0,0,0,1,0,1,4.43991E+20,5.46813E+21,8.22862E+15,4.93633E+16
58430,58431,7,1,34,45,2016,10,7,3,3,2,2,0,1,0,1,0,0,0,0,3.77073E+20,5.50951E+21,7.29439E+15,4.97256E+16
58431,58432,7,1,31,90,2016,10,15,2,3,2,6,0,0,1,1,0,0,0,0,3.65134E+20,5.60391E+21,7.09542E+15,5.05715E+16
58432,58433,7,2,31,134,2016,10,15,5,3,1,6,0,0,0,1,0,0,0,0,3.49141E+20,5.53855E+21,6.89579E+15,4.99802E+16
58433,58434,7,1,34,3,2016,10,16,1,3,5,3,0,1,0,1,0,0,0,0,3.64581E+20,5.51131E+21,7.12055E+15,4.9739E+16
58434,58435,7,3,35,48,2016,10,14,5,3,4,6,0,0,0,1,0,0,0,0,4.16744E+20,5.47246E+21,7.85252E+15,4.93991E+16
58435,58436,7,3,14,0,2016,10,15,1,3,5,3,0,0,0,1,0,0,0,0,4.59585E+20,5.48032E+21,8.44214E+15,4.94741E+16
58436,58437,7,1,43,315,2016,10,8,6,3,8,6,0,1,0,1,0,0,0,1,4.33665E+20,5.61155E+21,8.06164E+15,5.0652E+16
58437,58438,7,1,31,74,2016,10,0,3,3,9,7,2,1,0,1,0,0,0,0,3.48699E+20,5.59156E+21,6.86849E+15,5.04565E+16
58438,58439,7,3,32,2,2016,10,12,5,3,2,6,0,0,0,1,0,0,0,0,4.40322E+20,5.47994E+21,8.17632E+15,4.94692E+16
58439,58440,7,3,11,0,2016,10,16,4,3,0,1,0,0,0,1,0,1,0,0,4.53849E+20,5.48783E+21,8.36209E+15,4.95413E+16
58440,58441,7,1,38,38,2016,10,6,5,3,2,6,0,0,0,1,0,0,0,0,3.84046E+20,5.59159E+21,7.36619E+15,5.04648E+16
58441,58442,7,1,32,6,2016,10,14,7,3,4,1,0,1,0,1,0,0,0,0,4.19674E+20,5.62458E+21,7.86093E+15,5.07674E+16
58442,58443,7,1,38,45,2016,10,5,3,3,5,3,2,1,0,1,0,0,0,0,3.8952E+20,5.5889E+21,7.4441E+15,5.04417E+16
58443,58444,7,3,12,0,2016,10,16,2,3,5,3,0,0,0,1,0,0,0,0,4.14941E+20,5.47734E+21,7.82663E+15,4.94427E+16
58444,58445,7,1,40,501,2016,10,12,2,3,8,1,0,1,0,0,0,1,0,0,3.9847E+20,5.56618E+21,7.57621E+15,5.02391E+16
58445,58446,7,1,11,0,2016,10,13,5,3,5,2,0,0,1,1,0,0,0,0,3.98311E+20,5.57921E+21,7.57048E+15,5.03562E+16
58446,58447,7,3,20,0,2016,10,11,2,3,5,3,0,0,0,1,0,0,0,0,3.81787E+20,5.4596E+21,7.37472E+15,4.92777E+16
58447,58448,7,3,33,14,2016,10,15,7,3,8,1,0,1,0,1,0,0,0,0,4.13223E+20,5.5027E+21,7.79735E+15,4.96706E+16
58448,58449,7,1,32,63,2016,9,13,6,3,6,4,0,0,0,1,1,0,0,0,4.20435E+20,5.62923E+21,7.87071E+15,5.08093E+16
58449,58450,7,1,11,0,2016,10,18,3,3,2,6,0,0,0,1,0,0,0,0,3.99642E+20,5.58056E+21,7.58882E+15,5.03685E+16
58450,58451,7,1,31,202,2016,10,11,1,2,2,6,0,0,1,0,0,0,0,0,3.75272E+20,5.59153E+21,7.24266E+15,5.04625E+16
58451,58452,7,2,31,72,2016,10,16,4,3,1,6,0,0,0,1,0,0,0,1,3.62309E+20,5.53701E+21,7.07989E+15,4.99696E+16
58452,58453,7,1,32,79,2016,9,12,6,3,4,6,0,0,0,1,0,0,0,0,4.2758E+20,5.61449E+21,7.97501E+15,5.06777E+16
58453,58454,7,1,40,67,2016,10,12,4,3,6,4,0,0,0,1,1,0,0,0,3.85664E+20,5.534E+21,7.40633E+15,4.99474E+16
58454,58455,7,1,11,0,2016,10,11,3,2,2,6,0,0,0,1,0,0,1,0,3.93484E+20,5.5781E+21,7.50295E+15,5.03454E+16
58455,58456,7,3,15,0,2016,10,22,2,3,3,7,0,1,0,1,0,0,0,0,4.50736E+20,5.53542E+21,8.31303E+15,4.99691E+16
58456,58457,7,3,17,0,2016,10,19,1,3,8,1,2,1,0,1,0,0,0,0,3.98473E+20,5.45396E+21,7.60548E+15,4.923E+16
58457,58458,7,3,12,0,2016,10,5,4,3,0,6,2,0,0,1,0,0,0,0,4.06715E+20,5.48231E+21,7.71201E+15,4.94862E+16
58458,58459,7,3,32,41,2016,10,14,3,2,4,1,0,0,0,1,0,0,0,1,4.42004E+20,5.49389E+21,8.19748E+15,4.95948E+16
58459,58460,7,3,14,0,2016,10,15,1,3,5,3,0,0,1,1,0,0,0,0,4.58999E+20,5.47958E+21,8.43412E+15,4.94675E+16
58460,58461,7,1,37,212,2016,10,13,1,2,7,1,0,1,0,0,0,1,0,0,3.92698E+20,5.57818E+21,7.49189E+15,5.03459E+16
58461,58462,7,3,34,13,2016,9,10,5,3,0,1,0,0,1,0,0,0,0,0,4.41522E+20,5.43689E+21,8.19918E+15,4.90821E+16
58462,58463,7,3,34,13,2016,10,9,7,2,0,6,0,0,1,0,0,0,1,0,4.40771E+20,5.43672E+21,8.18891E+15,4.90805E+16
58463,58464,7,1,32,46,2016,10,13,7,3,4,1,0,1,0,1,0,0,0,1,3.967E+20,5.61836E+21,7.53698E+15,5.07079E+16
58464,58465,7,3,13,0,2016,10,18,2,3,1,6,0,0,0,1,0,0,1,0,4.37962E+20,5.44997E+21,8.14841E+15,4.91994E+16
58465,58466,7,3,34,4,2016,10,10,7,2,2,6,0,0,0,1,0,0,0,0,4.40412E+20,5.43951E+21,8.18359E+15,4.91055E+16
58466,58467,7,1,32,33,2016,9,19,6,3,8,1,2,0,0,0,0,1,0,0,4.0281E+20,5.61422E+21,7.62458E+15,5.06717E+16
58467,58468,7,3,14,0,2016,9,16,6,3,3,2,0,0,1,1,0,0,0,0,4.55594E+20,5.47799E+21,8.38731E+15,4.9453E+16
58468,58469,7,1,31,210,2016,10,10,6,2,2,2,0,0,0,1,0,0,0,0,3.74607E+20,5.58542E+21,7.23533E+15,5.04075E+16
58469,58470,7,3,32,21,2016,10,9,3,3,3,6,0,0,0,1,0,0,0,1,4.47917E+20,5.48936E+21,8.27989E+15,4.95546E+16
58470,58471,7,3,39,42,2016,10,5,2,3,5,3,2,0,0,1,0,0,0,0,4.42174E+20,5.52936E+21,8.19456E+15,4.99138E+16
58471,58472,7,1,37,214,2016,10,18,2,3,4,6,1,0,0,1,0,0,0,0,3.88878E+20,5.56637E+21,7.44169E+15,5.02391E+16
58472,58473,7,3,19,0,2016,10,3,6,3,9,1,2,1,0,0,0,1,0,0,4.49683E+20,5.50261E+21,8.3026E+15,4.96739E+16
58473,58474,7,1,11,0,2016,10,15,4,3,5,3,0,0,1,1,0,0,0,0,3.99584E+20,5.57915E+21,7.58838E+15,5.03559E+16
58474,58475,7,3,12,0,2016,10,17,2,3,2,2,0,1,0,1,0,0,0,0,4.10997E+20,5.47679E+21,7.77235E+15,4.94373E+16
58475,58476,7,1,33,52,2016,10,15,2,3,2,6,0,0,0,1,0,0,0,0,3.88888E+20,5.51573E+21,7.45649E+15,4.97838E+16
58476,58477,7,1,43,37,2016,10,17,2,3,8,1,0,1,0,1,0,0,0,0,4.29185E+20,5.58963E+21,8.00244E+15,5.04544E+16
58477,58478,7,2,11,0,2016,10,9,2,3,5,3,0,0,0,1,0,0,0,0,3.33751E+20,5.51915E+21,6.68964E+15,4.98017E+16
58478,58479,7,3,32,18,2016,10,12,1,3,2,6,0,0,0,1,0,0,0,0,4.3131E+20,5.46978E+21,8.05371E+15,4.93768E+16
58479,58480,7,3,34,1,2016,10,18,6,2,3,6,0,0,0,1,0,0,0,0,4.49545E+20,5.44826E+21,8.30761E+15,4.91851E+16
58480,58481,7,1,33,108,2016,10,12,4,3,2,6,0,1,0,1,0,0,0,0,4.15732E+20,5.53072E+21,7.82603E+15,4.99229E+16
58481,58482,7,3,14,0,2016,10,14,3,3,0,1,0,0,1,0,0,0,0,0,4.5829E+20,5.48067E+21,8.42422E+15,4.94773E+16
58482,58483,7,1,31,8,2016,10,20,6,3,9,1,2,1,0,1,0,0,0,0,3.49301E+20,5.58043E+21,6.88143E+15,5.03567E+16
58483,58484,7,2,32,266,2016,10,17,1,3,3,6,1,1,0,1,0,0,0,0,3.13627E+20,5.56135E+21,6.38982E+15,5.0175E+16
58484,58485,7,3,12,0,2016,10,21,7,3,9,1,2,1,0,1,0,1,0,0,4.06861E+20,5.47816E+21,7.71501E+15,4.94489E+16
58485,58486,7,3,37,20,2016,10,18,5,3,1,6,0,0,0,1,0,1,0,0,4.37494E+20,5.4607E+21,8.14032E+15,4.92958E+16
58486,58487,7,3,37,20,2016,9,8,5,3,2,6,0,0,0,1,0,1,0,0,4.38328E+20,5.45973E+21,8.15193E+15,4.92872E+16
58487,58488,7,1,33,6,2016,10,12,7,3,9,1,0,1,0,1,0,0,0,0,4.20167E+20,5.52386E+21,7.88923E+15,4.98618E+16
58488,58489,7,1,31,7,2016,10,23,7,3,9,1,2,1,0,1,0,0,0,0,3.71888E+20,5.60098E+21,7.19175E+15,5.05467E+16
58489,58490,7,3,39,57,2016,10,9,7,3,4,2,0,0,0,1,0,0,0,0,4.37398E+20,5.52895E+21,8.12812E+15,4.99096E+16
58490,58491,7,1,33,73,2016,9,15,6,3,8,1,0,1,0,1,0,0,0,0,3.88683E+20,5.51934E+21,7.4526E+15,4.98162E+16
58491,58492,7,3,17,0,2016,10,12,5,3,5,3,0,0,0,1,0,0,0,0,3.96594E+20,5.44958E+21,7.5808E+15,4.91903E+16
58492,58493,7,3,14,0,2016,10,16,3,3,1,6,0,0,0,1,0,0,0,0,4.579E+20,5.47933E+21,8.41898E+15,4.94652E+16
58493,58494,7,2,31,107,2016,10,6,2,3,0,1,2,1,0,0,0,1,0,0,3.52492E+20,5.53622E+21,6.94339E+15,4.99601E+16
58494,58495,7,3,32,21,2016,10,16,1,3,5,3,0,0,0,1,0,0,0,0,4.47333E+20,5.48855E+21,8.27193E+15,4.95473E+16
58495,58496,7,2,32,245,2016,10,10,6,2,8,1,0,0,0,1,0,0,0,0,3.02987E+20,5.55137E+21,6.24614E+15,5.00819E+16
58496,58497,7,1,43,31,2016,10,9,3,3,2,2,0,0,0,1,0,1,0,0,4.06347E+20,5.58664E+21,7.68156E+15,5.04243E+16
58497,58498,7,3,35,22,2016,10,14,5,3,2,6,0,0,0,1,0,0,0,0,3.97893E+20,5.47448E+21,7.59227E+15,4.94145E+16
58498,58499,7,3,32,35,2016,10,16,4,3,1,5,0,0,0,1,0,0,1,0,4.44376E+20,5.47235E+21,8.23332E+15,4.94013E+16
58499,58500,7,2,31,57,2016,10,18,5,2,8,1,1,0,0,1,0,0,0,0,3.5459E+20,5.55127E+21,6.96691E+15,5.00958E+16
58500,58501,7,1,43,46,2016,10,15,7,3,9,1,0,1,0,1,0,0,0,0,4.16685E+20,5.60051E+21,7.82397E+15,5.05506E+16
58501,58502,7,1,43,48,2016,10,20,7,2,4,6,2,0,0,1,0,0,0,0,4.14904E+20,5.59085E+21,7.80103E+15,5.04635E+16
58502,58503,7,3,19,0,2016,10,8,4,3,2,6,0,0,0,1,0,0,0,0,4.48025E+20,5.50116E+21,8.27982E+15,4.96607E+16
58503,58504,7,3,31,12,2016,10,8,3,3,2,6,0,0,0,1,0,0,0,0,4.33319E+20,5.51624E+21,8.07351E+15,4.97949E+16
58504,58505,7,1,11,0,2016,10,16,6,3,2,6,0,0,0,1,0,0,0,0,3.99579E+20,5.58005E+21,7.58808E+15,5.0364E+16
58505,58506,7,1,43,62,2016,10,8,1,3,8,1,0,1,0,1,0,0,0,0,4.08396E+20,5.59315E+21,7.7088E+15,5.04831E+16
58506,58507,7,1,11,0,2016,10,19,5,2,5,3,2,0,0,1,0,0,0,0,3.99469E+20,5.58137E+21,7.58618E+15,5.03758E+16
58507,58508,7,3,35,23,2016,10,14,7,3,4,1,0,0,0,1,0,0,0,0,4.025E+20,5.46813E+21,7.65732E+15,4.93581E+16
58508,58509,7,3,39,53,2016,10,15,5,3,0,1,0,0,0,0,0,1,0,1,4.46277E+20,5.52386E+21,8.25248E+15,4.98647E+16
58509,58510,7,3,18,0,2016,9,15,5,3,2,6,0,0,0,1,0,0,0,1,4.58524E+20,5.46538E+21,8.42905E+15,4.93397E+16
58510,58511,7,2,11,0,2016,10,13,7,3,1,6,0,1,0,1,0,0,0,0,3.28251E+20,5.51585E+21,6.61473E+15,4.97705E+16
58511,58512,7,1,37,81,2016,10,13,7,3,0,1,0,1,0,0,0,1,0,0,3.81342E+20,5.58474E+21,7.33029E+15,5.04028E+16
58512,58513,7,2,31,134,2016,10,12,7,3,5,3,0,0,0,1,0,0,0,0,3.52931E+20,5.53941E+21,6.94829E+15,4.99889E+16
58513,58514,7,3,16,0,2016,10,11,5,3,4,2,0,0,1,1,0,0,0,0,4.45742E+20,5.46236E+21,8.25351E+15,4.93116E+16
58514,58515,7,3,15,0,2016,10,3,1,3,2,6,2,1,0,1,0,0,0,0,4.46903E+20,5.53887E+21,8.25911E+15,4.99998E+16
58515,58516,7,1,43,65,2016,10,5,6,3,9,1,2,1,0,1,0,0,0,0,4.20601E+20,5.59033E+21,7.8814E+15,5.04596E+16
58516,58517,7,1,37,3,2016,10,7,3,3,5,3,0,0,0,0,0,0,1,0,3.8773E+20,5.58632E+21,7.41966E+15,5.04182E+16
58517,58518,7,1,38,41,2016,10,13,1,3,2,6,0,0,0,1,0,0,0,0,3.80369E+20,5.60794E+21,7.30916E+15,5.06111E+16
58518,58519,7,3,14,0,2016,10,19,4,3,5,3,2,0,0,1,0,0,0,0,4.58161E+20,5.47803E+21,8.42272E+15,4.94535E+16
58519,58520,7,1,35,51,2016,10,16,5,3,6,4,0,1,0,1,1,0,0,0,3.6821E+20,5.56185E+21,7.15358E+15,5.01941E+16
58520,58521,7,1,35,20,2016,9,23,6,3,8,1,2,1,0,1,0,0,0,0,3.66532E+20,5.55578E+21,7.13221E+15,5.01392E+16
58521,58522,7,1,32,115,2016,10,8,7,3,3,5,1,1,0,1,0,0,0,0,3.97756E+20,5.61894E+21,7.55178E+15,5.07133E+16
58522,58523,7,1,31,6,2016,10,15,3,3,2,6,0,0,0,1,0,0,0,0,3.79341E+20,5.59671E+21,7.29829E+15,5.05099E+16
58523,58524,7,3,13,0,2016,10,19,2,1,5,3,2,1,0,1,0,0,0,0,4.36777E+20,5.45284E+21,8.1317E+15,4.92251E+16
58524,58525,7,1,11,0,2016,10,18,2,3,8,1,0,1,0,1,0,0,0,0,3.99114E+20,5.58008E+21,7.58153E+15,5.03641E+16
58525,58526,7,3,36,58,2016,10,17,4,3,1,6,0,0,0,1,0,0,0,0,3.98015E+20,5.50078E+21,7.58714E+15,4.9651E+16
58526,58527,7,1,37,216,2016,10,17,4,3,2,6,0,0,0,1,0,0,0,0,3.9434E+20,5.58427E+21,7.51325E+15,5.04009E+16
58527,58528,7,1,41,61,2016,10,18,3,3,1,7,0,0,0,1,0,0,0,0,4.32187E+20,5.57813E+21,8.04681E+15,5.03514E+16
58528,58529,7,3,12,0,2016,10,16,2,3,0,1,0,1,0,0,0,1,0,0,4.09268E+20,5.47441E+21,7.74906E+15,4.94156E+16
58529,58530,7,1,40,67,2016,10,11,2,2,2,6,0,1,0,1,0,0,0,0,3.84138E+20,5.53711E+21,7.38412E+15,4.99751E+16
58530,58531,7,1,37,68,2016,10,7,5,3,2,6,0,0,0,1,0,0,0,0,3.73735E+20,5.57617E+21,7.22617E+15,5.03241E+16
58531,58532,7,2,35,151,2016,10,15,1,3,4,1,0,1,0,1,0,0,0,0,3.3455E+20,5.52497E+21,6.69826E+15,4.98542E+16
58532,58533,7,1,11,0,2016,10,7,3,3,7,7,1,0,0,1,0,0,0,1,3.99499E+20,5.58089E+21,7.58672E+15,5.03715E+16
58533,58534,7,1,40,134,2016,10,13,1,2,9,1,0,1,0,1,0,0,0,0,3.94886E+20,5.5336E+21,7.53493E+15,4.99455E+16
58534,58535,7,2,35,148,2016,10,18,4,2,0,1,0,0,0,0,0,1,0,0,3.25704E+20,5.50268E+21,6.58528E+15,4.96515E+16
58535,58536,7,1,31,17,2016,9,23,6,3,6,4,2,0,0,1,1,0,0,0,3.61285E+20,5.59965E+21,7.04268E+15,5.05323E+16
58536,58537,7,1,40,36,2016,10,17,4,3,2,2,0,0,0,1,0,0,0,0,3.97231E+20,5.55569E+21,7.56168E+15,5.01445E+16
58537,58538,7,3,33,3,2016,10,1,2,3,9,1,2,0,0,1,0,0,0,0,4.15382E+20,5.5089E+21,7.82593E+15,4.97266E+16
58538,58539,7,1,34,45,2016,10,11,2,3,8,1,0,0,0,1,0,0,0,0,3.78276E+20,5.51088E+21,7.31065E+15,4.97381E+16
58539,58540,7,3,11,0,2016,10,18,1,3,2,1,0,0,0,1,0,0,0,0,4.50902E+20,5.48919E+21,8.32118E+15,4.95533E+16
58540,58541,7,3,14,0,2016,10,6,4,2,4,2,2,0,0,1,0,0,0,0,4.55978E+20,5.48227E+21,8.39212E+15,4.94915E+16
58541,58542,7,3,34,7,2016,10,22,3,2,9,1,2,0,0,1,0,0,0,0,4.51905E+20,5.45399E+21,8.33931E+15,4.92368E+16
58542,58543,7,1,38,8,2016,10,13,6,3,9,1,0,1,0,1,0,0,0,0,3.78405E+20,5.60796E+21,7.28141E+15,5.06109E+16
58543,58544,7,1,32,96,2016,10,11,4,3,5,3,0,0,0,1,0,0,0,0,4.09475E+20,5.62471E+21,7.71631E+15,5.07671E+16
58544,58545,7,3,31,18,2016,10,23,1,2,9,1,2,0,0,1,0,0,0,0,4.55498E+20,5.5102E+21,8.38234E+15,4.97427E+16
58545,58546,7,1,40,27,2016,10,7,1,3,8,1,0,1,0,1,0,0,0,0,4.06039E+20,5.53904E+21,7.689E+15,4.99963E+16
58546,58547,7,3,38,23,2016,9,12,5,3,4,2,0,0,0,1,0,0,0,0,4.57141E+20,5.46086E+21,8.41049E+15,4.9299E+16
58547,58548,7,3,34,17,2016,10,12,7,2,8,1,0,1,0,1,0,0,0,0,4.54004E+20,5.45644E+21,8.36786E+15,4.9259E+16
58548,58549,7,1,35,17,2016,10,14,7,2,0,1,0,1,0,1,0,0,0,0,3.74312E+20,5.55404E+21,7.2416E+15,5.01253E+16
58549,58550,7,3,18,0,2016,10,15,7,2,9,6,0,0,0,1,0,0,0,0,4.57486E+20,5.46658E+21,8.41463E+15,4.93505E+16
58550,58551,7,3,37,59,2016,10,13,1,2,8,1,0,0,0,0,0,1,0,0,4.24833E+20,5.43628E+21,7.97077E+15,4.90747E+16
58551,58552,7,1,31,7,2016,10,11,1,3,4,1,0,1,0,1,0,0,0,0,3.66374E+20,5.59844E+21,7.11489E+15,5.05227E+16
58552,58553,7,1,32,116,2016,10,14,7,3,8,1,0,1,0,1,0,0,0,0,3.95441E+20,5.60324E+21,7.52343E+15,5.05717E+16
58553,58554,7,3,11,0,2016,10,9,2,2,9,7,0,0,0,0,0,0,1,0,4.50145E+20,5.48554E+21,8.31118E+15,4.95205E+16
58554,58555,7,3,35,202,2016,10,13,7,2,4,1,0,0,0,1,0,0,0,0,3.92009E+20,5.47061E+21,7.51221E+15,4.93787E+16
58555,58556,7,1,31,7,2016,9,16,6,3,8,1,0,0,0,0,0,1,0,0,3.64777E+20,5.59368E+21,7.09409E+15,5.04795E+16
58556,58557,7,3,12,0,2016,10,13,3,3,6,4,0,0,0,1,1,0,0,0,4.0817E+20,5.477E+21,7.73333E+15,4.94387E+16
58557,58558,7,3,31,72,2016,10,17,2,3,5,3,0,0,0,1,0,0,0,0,4.25803E+20,5.519E+21,7.96856E+15,4.98189E+16
58558,58559,7,1,38,41,2016,10,12,2,3,8,1,0,1,0,1,0,0,0,0,3.8139E+20,5.60299E+21,7.32516E+15,5.05668E+16
58559,58560,7,1,43,279,2016,10,15,2,2,9,1,0,1,0,1,0,0,0,0,4.23337E+20,5.60923E+21,7.91604E+15,5.06299E+16
58560,58561,7,3,14,0,2016,10,7,6,3,4,2,1,0,1,1,0,0,0,0,4.53286E+20,5.48127E+21,8.35507E+15,4.94822E+16
58561,58562,7,3,31,36,2016,10,12,4,3,2,2,0,0,0,1,0,0,0,0,4.41795E+20,5.5057E+21,8.19283E+15,4.9701E+16
58562,58563,7,3,14,0,2016,10,17,3,3,2,1,0,0,0,1,0,0,0,0,4.59537E+20,5.48155E+21,8.44135E+15,4.94852E+16
58563,58564,7,1,37,35,2016,10,13,6,2,9,1,0,1,0,1,0,0,0,0,3.57425E+20,5.58008E+21,6.9957E+15,5.03555E+16
58564,58565,7,2,31,32,2016,10,9,1,3,8,1,0,1,0,1,0,0,0,0,3.5909E+20,5.51611E+21,7.04264E+15,4.97809E+16
58565,58566,7,3,33,69,2016,10,11,7,2,8,1,0,1,0,1,0,0,0,0,4.14398E+20,5.49403E+21,7.81552E+15,4.95927E+16
58566,58567,7,3,14,0,2016,10,7,5,3,2,6,0,0,0,1,0,0,0,1,4.57189E+20,5.48247E+21,8.40883E+15,4.94934E+16
58567,58568,7,3,11,0,2016,9,18,5,3,6,4,0,0,0,1,1,0,0,0,4.53243E+20,5.48813E+21,8.35368E+15,4.9544E+16
58568,58569,7,3,15,0,2016,10,18,7,2,8,7,0,1,0,0,0,1,0,0,4.46821E+20,5.53867E+21,8.258E+15,4.9998E+16
58569,58570,7,1,40,9,2016,10,14,7,3,5,3,0,1,0,1,0,0,0,0,3.87199E+20,5.54592E+21,7.42421E+15,5.00548E+16
58570,58571,7,3,31,1,2016,10,7,7,2,2,6,1,0,0,0,0,0,1,0,4.35546E+20,5.51371E+21,8.10486E+15,4.97724E+16
58571,58572,7,3,15,0,2016,9,6,6,3,2,6,1,0,0,1,0,0,0,0,4.46701E+20,5.53865E+21,8.25633E+15,4.99978E+16
58572,58573,7,3,12,0,2016,10,16,5,3,5,3,0,0,1,1,0,0,0,0,4.06758E+20,5.47702E+21,7.71385E+15,4.94387E+16
58573,58574,7,1,33,6,2016,10,15,3,3,6,4,0,0,0,1,1,0,0,0,4.18334E+20,5.52176E+21,7.86417E+15,4.98427E+16
58574,58575,7,1,37,86,2016,9,19,6,3,5,3,2,0,1,1,0,0,0,0,3.86829E+20,5.57674E+21,7.40987E+15,5.03319E+16
58575,58576,7,2,33,501,2016,9,12,6,3,1,6,0,0,0,1,0,0,0,0,3.45554E+20,5.56259E+21,6.83607E+15,5.01953E+16
58576,58577,7,1,11,0,2016,10,13,6,3,2,6,0,0,0,1,0,0,0,0,3.99052E+20,5.58066E+21,7.5805E+15,5.03693E+16
58577,58578,7,3,37,27,2016,10,9,3,3,5,3,0,0,0,1,0,0,0,0,4.4363E+20,5.45741E+21,8.22517E+15,4.92669E+16
58578,58579,7,2,31,124,2016,10,14,2,2,8,1,0,0,1,0,0,0,0,0,3.65781E+20,5.53488E+21,7.12903E+15,4.99512E+16
58579,58580,7,1,31,90,2016,10,7,2,3,3,6,0,0,0,1,0,0,1,0,3.6875E+20,5.60271E+21,7.14688E+15,5.05616E+16
58580,58581,7,3,15,0,2016,10,17,6,3,2,6,0,0,0,1,0,0,0,0,4.46535E+20,5.53529E+21,8.25448E+15,4.99676E+16
58581,58582,7,1,43,49,2016,10,16,4,3,5,3,0,0,0,1,0,1,0,0,4.17979E+20,5.59235E+21,7.84403E+15,5.04774E+16