FID,OBJECTID,ULAND,UREGBEZ,UKREIS,UGEMEINDE,UJAHR,UMONAT,USTUNDE,UWOCHENTAG,UKATEGORIE,UART,UTYP1,ULICHTVERH,IstStrasse,IstRad,IstPKW,IstFuss,IstKrad,IstGkfz,IstSonstig,LINREFX,LINREFY,XGCSWGS84,YGCSWGS84
58582,58583,7,1,41,47,2016,10,11,3,3,8,1,0,0,0,0,0,1,0,0,4.10695E+20,5.56513E+21,7.74785E+15,5.02315E+16
58583,58584,7,1,11,0,2016,10,12,6,3,3,6,0,0,0,1,0,0,0,0,3.97067E+20,5.58364E+21,7.55178E+15,5.03958E+16
58584,58585,7,1,35,79,2016,10,19,1,3,9,1,2,1,0,1,0,0,0,0,3.71339E+20,5.54945E+21,7.20158E+15,5.00834E+16
58585,58586,7,3,35,3,2016,10,13,4,3,4,2,0,0,0,1,0,0,0,0,3.86626E+20,5.47318E+21,7.43736E+15,4.94007E+16
58586,58587,7,3,16,0,2016,10,13,7,3,2,6,0,1,0,1,0,0,0,0,4.41862E+20,5.46529E+21,8.19972E+15,4.93375E+16
58587,58588,7,2,35,60,2016,10,11,5,3,2,6,0,0,0,1,0,0,0,0,3.35521E+20,5.51897E+21,6.7143E+15,4.98007E+16
58588,58589,7,3,14,0,2016,9,6,5,2,0,7,2,0,0,0,0,1,0,0,4.57169E+20,5.48569E+21,8.4082E+15,4.95223E+16
58589,58590,7,1,43,299,2016,10,11,7,3,4,7,0,1,0,1,0,0,1,0,4.17131E+20,5.61408E+21,7.82723E+15,5.06726E+16
58590,58591,7,1,37,226,2016,10,19,7,3,5,2,1,1,0,1,0,0,0,0,4.01569E+20,5.58358E+21,7.61512E+15,5.0396E+16
58591,58592,7,2,11,0,2016,10,14,7,2,8,1,0,1,0,0,0,1,0,0,3.27994E+20,5.51668E+21,6.6108E+15,4.97779E+16
58592,58593,7,2,32,209,2016,10,8,3,2,8,6,1,1,0,1,0,0,1,0,3.27675E+20,5.5659E+21,6.5843E+15,5.02201E+16
58593,58594,7,1,35,82,2016,10,11,2,2,4,1,0,1,0,1,0,0,0,1,3.77222E+20,5.55804E+21,7.281E+15,5.01619E+16
58594,58595,7,1,35,88,2016,10,13,5,2,5,2,0,0,0,1,0,0,1,0,3.7785E+20,5.54312E+21,7.29457E+15,5.00278E+16
58595,58596,7,2,31,134,2016,10,15,1,3,8,1,0,1,0,1,0,0,0,0,3.46337E+20,5.54031E+21,6.856E+15,4.99953E+16
58596,58597,7,1,37,221,2016,10,7,3,3,2,1,0,0,0,1,0,0,0,0,4.005E+20,5.57195E+21,7.60316E+15,5.02913E+16
58597,58598,7,1,35,9,2016,10,3,1,1,8,1,2,1,0,1,0,0,0,0,3.73966E+20,5.56392E+21,7.2335E+15,5.0214E+16
58598,58599,7,3,39,9,2016,10,15,4,3,5,3,0,0,0,1,0,0,0,0,4.43528E+20,5.54172E+21,8.21161E+15,5.00251E+16
58599,58600,7,1,31,7,2016,10,7,5,3,4,2,0,0,0,1,0,1,0,0,3.68237E+20,5.60124E+21,7.14016E+15,5.05482E+16
58600,58601,7,3,14,0,2016,10,17,1,3,0,1,0,0,1,0,0,0,0,0,4.58674E+20,5.48119E+21,8.42947E+15,4.9482E+16
58601,58602,7,1,43,254,2016,10,20,6,3,5,3,2,1,0,1,0,0,0,0,4.23427E+20,5.60399E+21,7.91841E+15,5.05828E+16
58602,58603,7,1,32,44,2016,10,13,3,2,5,3,0,0,0,1,0,0,0,0,4.06839E+20,5.62419E+21,7.67907E+15,5.0762E+16
58603,58604,7,3,12,0,2016,10,12,5,3,0,7,0,0,1,1,0,0,0,0,4.12458E+20,5.47709E+21,7.79245E+15,4.94402E+16
58604,58605,7,3,16,0,2016,10,21,4,3,4,2,2,0,1,1,0,0,0,0,4.38207E+20,5.4675E+21,8.14906E+15,4.93571E+16
58605,58606,7,1,41,15,2016,10,13,5,3,2,7,0,0,0,1,0,0,0,0,4.14699E+20,5.56064E+21,7.80498E+15,5.01918E+16
58606,58607,7,1,33,6,2016,9,17,5,3,2,6,0,0,0,1,0,0,0,0,4.17919E+20,5.52144E+21,7.85847E+15,4.98397E+16
58607,58608,7,1,32,54,2016,10,2,7,3,9,1,2,0,0,1,0,0,0,0,4.14408E+20,5.62865E+21,7.78532E+15,5.08033E+16
58608,58609,7,1,32,116,2016,10,5,3,3,9,7,2,0,0,1,0,0,0,0,3.95187E+20,5.60333E+21,7.51982E+15,5.05725E+16
58609,58610,7,3,35,34,2016,10,14,2,3,4,1,0,0,0,1,0,0,0,0,4.0737E+20,5.48247E+21,7.72102E+15,4.94878E+16
58610,58611,7,1,40,36,2016,10,14,2,3,8,1,0,1,0,1,0,0,0,0,3.96265E+20,5.55698E+21,7.54781E+15,5.0156E+16
58611,58612,7,1,11,0,2016,10,9,5,3,5,3,0,0,1,1,0,0,0,0,3.96933E+20,5.58326E+21,7.55E+15,5.03923E+16
58612,58613,7,1,37,229,2016,10,19,3,3,9,1,2,0,0,1,0,0,0,0,4.0219E+20,5.58692E+21,7.62298E+15,5.04262E+16
58613,58614,7,3,20,0,2016,10,19,7,3,8,6,2,0,1,0,1,0,0,0,3.82105E+20,5.45729E+21,7.37977E+15,4.9257E+16
58614,58615,7,1,38,45,2016,10,16,4,2,7,7,0,0,0,1,0,0,0,0,3.94962E+20,5.58799E+21,7.52096E+15,5.04346E+16
58615,58616,7,1,37,501,2016,9,6,6,3,0,6,2,0,0,0,0,0,1,1,3.83564E+20,5.57029E+21,7.366E+15,5.02733E+16
58616,58617,7,1,11,0,2016,10,16,4,3,3,6,0,0,0,1,0,0,1,0,3.99593E+20,5.57938E+21,7.58845E+15,5.03579E+16
58617,58618,7,3,35,38,2016,10,16,2,3,2,6,0,1,0,1,0,0,0,0,3.95309E+20,5.47721E+21,7.55594E+15,4.94385E+16
58618,58619,7,3,18,0,2016,10,14,2,3,9,1,0,0,0,0,0,1,0,0,4.57217E+20,5.46308E+21,8.41131E+15,4.93189E+16
58619,58620,7,1,40,99,2016,9,9,6,3,0,1,0,1,0,0,0,1,0,0,3.97247E+20,5.53761E+21,7.56676E+15,4.9982E+16
58620,58621,7,1,11,0,2016,10,14,7,3,3,6,0,0,0,1,0,0,0,0,3.929E+20,5.58037E+21,7.49411E+15,5.03657E+16
58621,58622,7,1,11,0,2016,10,13,3,3,5,3,0,0,1,1,0,0,0,0,3.99401E+20,5.57976E+21,7.58564E+15,5.03613E+16
58622,58623,7,3,31,34,2016,10,17,2,3,2,6,0,0,0,1,0,0,0,0,4.53376E+20,5.51368E+21,8.35247E+15,4.97738E+16
58623,58624,7,1,37,69,2016,10,18,2,3,2,6,0,0,0,1,0,0,0,0,3.77114E+20,5.58278E+21,7.27146E+15,5.03842E+16
58624,58625,7,3,35,45,2016,10,14,4,2,4,6,0,0,0,1,0,0,1,0,4.05569E+20,5.46987E+21,7.69915E+15,4.93742E+16
58625,58626,7,3,38,6,2016,10,11,3,3,2,6,0,0,0,1,0,0,1,0,4.49714E+20,5.47595E+21,8.30645E+15,4.94341E+16
58626,58627,7,3,14,0,2016,10,17,1,3,4,2,1,0,0,1,0,0,0,0,4.57653E+20,5.48273E+21,8.41521E+15,4.94957E+16
58627,58628,7,1,40,144,2016,10,18,1,3,0,7,1,1,0,0,0,1,0,1,3.95351E+20,5.53771E+21,7.54029E+15,4.99825E+16
58628,58629,7,3,34,13,2016,10,13,7,3,5,3,0,1,0,1,0,0,0,0,4.42329E+20,5.43726E+21,8.21017E+15,4.90855E+16
58629,58630,7,1,32,37,2016,10,17,7,3,9,1,0,1,0,1,0,0,0,0,4.14955E+20,5.63896E+21,7.79068E+15,5.0896E+16
58630,58631,7,3,34,1,2016,10,16,2,1,8,1,0,0,0,1,0,0,1,0,4.49521E+20,5.44818E+21,8.30729E+15,4.91844E+16
58631,58632,7,3,16,0,2016,10,16,7,3,2,6,0,1,0,1,0,0,0,0,4.38162E+20,5.4634E+21,8.14908E+15,4.93202E+16
58632,58633,7,1,40,84,2016,9,13,6,3,0,1,0,1,0,0,0,1,0,0,3.97169E+20,5.55531E+21,7.56092E+15,5.01411E+16
58633,58634,7,1,38,45,2016,10,21,6,2,5,3,2,1,0,1,0,0,0,0,3.8992E+20,5.58857E+21,7.44981E+15,5.04388E+16
58634,58635,7,3,32,21,2016,10,15,3,3,8,6,0,0,0,1,0,0,0,0,4.47221E+20,5.48931E+21,8.27027E+15,4.95541E+16
58635,58636,7,3,39,43,2016,10,13,2,3,1,6,0,0,0,1,0,0,0,0,4.53353E+20,5.52387E+21,8.35092E+15,4.98654E+16
58636,58637,7,1,32,501,2016,10,17,2,3,9,1,0,1,0,1,0,0,0,0,4.01593E+20,5.61396E+21,7.60743E+15,5.06692E+16
58637,58638,7,1,31,55,2016,10,15,2,2,5,2,0,0,0,1,0,0,0,0,3.73265E+20,5.59114E+21,7.21453E+15,5.04586E+16
58638,58639,7,3,31,59,2016,10,18,6,3,4,2,2,0,0,1,0,0,0,0,4.38592E+20,5.52134E+21,8.14595E+15,4.98414E+16
58639,58640,7,3,19,0,2016,10,17,4,2,2,6,0,0,0,1,0,0,1,0,4.48416E+20,5.50058E+21,8.28532E+15,4.96556E+16
58640,58641,7,3,15,0,2016,10,6,3,3,5,3,2,0,1,1,0,0,0,0,4.47329E+20,5.53734E+21,8.26527E+15,4.99861E+16
58641,58642,7,1,37,228,2016,10,12,6,3,9,1,0,0,0,0,0,1,0,0,3.89733E+20,5.58613E+21,7.4479E+15,5.04169E+16
58642,58643,7,1,41,6,2016,10,16,1,3,0,1,0,1,1,0,0,0,0,0,4.09613E+20,5.57591E+21,7.7301E+15,5.03284E+16
58643,58644,7,3,12,0,2016,10,15,7,2,8,1,0,1,0,1,0,0,0,0,4.06195E+20,5.48106E+21,7.70514E+15,4.94749E+16
58644,58645,7,3,19,0,2016,10,11,5,3,5,3,0,1,0,1,0,1,0,0,4.51147E+20,5.49947E+21,8.32329E+15,4.96458E+16
58645,58646,7,1,33,6,2016,9,15,5,3,1,6,0,0,0,1,0,0,0,1,4.18325E+20,5.52177E+21,7.86405E+15,4.98428E+16
58646,58647,7,1,41,29,2016,10,16,2,3,4,6,0,1,0,1,0,0,0,0,4.30624E+20,5.57965E+21,8.02456E+15,5.03648E+16
58647,58648,7,1,34,42,2016,10,17,2,2,5,3,0,0,0,1,0,0,0,0,3.69628E+20,5.49747E+21,7.19516E+15,4.96158E+16
58648,58649,7,3,16,0,2016,10,14,1,1,5,3,0,0,1,1,0,0,0,0,4.46774E+20,5.46171E+21,8.26781E+15,4.93058E+16
58649,58650,7,3,34,7,2016,10,20,6,2,2,6,2,0,0,1,0,0,0,0,4.5309E+20,5.4524E+21,8.35577E+15,4.92226E+16
58650,58651,7,3,14,0,2016,10,15,4,3,1,1,0,0,0,1,0,0,0,0,4.5707E+20,5.47718E+21,8.40776E+15,4.94457E+16
58651,58652,7,3,11,0,2016,10,10,3,3,5,2,0,0,1,1,0,0,0,0,4.53438E+20,5.48697E+21,8.35651E+15,4.95335E+16
58652,58653,7,1,31,77,2016,10,12,6,2,9,7,0,0,0,1,0,0,0,0,3.7653E+20,5.6009E+21,7.25728E+15,5.05469E+16
58653,58654,7,3,15,0,2016,10,17,1,3,1,6,0,1,0,1,0,0,0,0,4.47573E+20,5.53991E+21,8.26832E+15,5.00092E+16
58654,58655,7,1,32,65,2016,10,1,1,3,9,1,2,1,0,1,0,0,0,0,3.94497E+20,5.60328E+21,7.51009E+15,5.05719E+16
58655,58656,7,1,33,6,2016,9,15,5,2,5,2,0,0,0,1,0,0,0,1,4.18325E+20,5.52177E+21,7.86405E+15,4.98428E+16
58656,58657,7,3,39,5,2016,10,10,7,3,5,3,0,1,0,1,0,0,0,0,4.20363E+20,5.53521E+21,7.88962E+15,4.99639E+16
58657,58658,7,1,31,33,2016,10,10,7,2,0,1,0,1,0,0,0,1,0,0,3.43339E+20,5.59217E+21,6.79279E+15,5.04606E+16
58658,58659,7,3,15,0,2016,10,13,7,3,2,2,0,0,0,1,0,0,0,1,4.47265E+20,5.53171E+21,8.26515E+15,4.99354E+16
58659,58660,7,2,31,57,2016,9,11,6,3,9,1,0,1,0,1,0,0,0,0,3.57271E+20,5.54832E+21,7.00548E+15,5.007E+16
58660,58661,7,3,20,0,2016,10,20,5,3,1,1,2,0,0,1,0,0,0,0,3.80696E+20,5.45773E+21,7.36028E+15,4.92607E+16
58661,58662,7,3,14,0,2016,10,7,3,3,5,3,1,0,1,1,0,0,0,0,4.59226E+20,5.48231E+21,8.43698E+15,4.94921E+16
58662,58663,7,2,32,308,2016,10,8,2,2,8,1,0,0,0,1,0,0,0,0,3.12875E+20,5.56712E+21,6.37645E+15,5.02266E+16
58663,58664,7,3,20,0,2016,10,3,1,3,1,1,2,0,0,1,0,0,0,0,3.81129E+20,5.4558E+21,7.3668E+15,4.92434E+16
58664,58665,7,2,33,26,2016,10,6,6,2,4,6,2,1,0,1,0,0,0,0,3.33447E+20,5.5685E+21,6.664E+15,5.02452E+16
58665,58666,7,1,41,135,2016,10,14,3,3,8,1,0,0,0,1,0,0,0,0,4.18403E+20,5.57655E+21,7.85343E+15,5.03354E+16
58666,58667,7,3,35,22,2016,10,16,5,3,2,6,0,0,0,1,0,0,0,0,3.95294E+20,5.47442E+21,7.55646E+15,4.94135E+16
58667,58668,7,3,38,16,2016,10,15,4,3,2,6,0,0,0,1,0,0,1,0,4.5012E+20,5.48527E+21,8.31086E+15,4.9518E+16
58668,58669,7,2,32,295,2016,10,18,5,2,8,1,0,0,0,1,0,0,0,0,3.10316E+20,5.56038E+21,6.34398E+15,5.01652E+16
58669,58670,7,3,33,39,2016,9,15,5,2,5,3,0,0,1,1,0,0,0,0,4.28903E+20,5.50314E+21,8.01454E+15,4.96766E+16
58670,58671,7,1,43,62,2016,10,20,7,3,4,6,0,0,0,1,0,0,0,0,4.10265E+20,5.59174E+21,7.73548E+15,5.04708E+16
58671,58672,7,3,33,9,2016,9,14,6,1,8,7,0,0,0,1,0,0,0,0,4.23415E+20,5.49311E+21,7.94045E+15,4.95857E+16
58672,58673,7,1,41,29,2016,10,16,7,2,0,1,0,1,0,0,0,1,0,0,4.29233E+20,5.58023E+21,8.0049E+15,5.03699E+16
58673,58674,7,2,11,0,2016,10,5,3,3,0,2,2,1,0,1,0,1,0,0,3.31279E+20,5.51498E+21,6.65713E+15,4.97636E+16
58674,58675,7,2,35,103,2016,10,3,7,2,9,1,2,1,0,1,0,0,0,0,3.41676E+20,5.51045E+21,6.80323E+15,4.97257E+16
58675,58676,7,1,37,96,2016,10,14,7,2,4,1,0,1,0,1,0,0,0,0,3.88279E+20,5.58125E+21,7.4289E+15,5.03727E+16
58676,58677,7,2,31,125,2016,10,1,7,2,9,1,2,1,0,1,0,0,0,0,3.57951E+20,5.5389E+21,7.01846E+15,4.99855E+16
58677,58678,7,3,16,0,2016,10,18,5,3,2,6,0,0,0,1,0,0,0,0,4.38266E+20,5.46649E+21,8.15004E+15,4.9348E+16
58678,58679,7,3,14,0,2016,10,15,1,3,2,6,0,0,0,1,0,0,0,0,4.60557E+20,5.48105E+21,8.45548E+15,4.94808E+16
58679,58680,7,1,41,6,2016,10,15,6,3,4,1,0,1,0,1,0,0,0,0,4.09093E+20,5.57552E+21,7.7229E+15,5.03248E+16
58680,58681,7,1,37,228,2016,10,11,3,3,5,3,0,0,0,1,0,0,0,0,3.91578E+20,5.58516E+21,7.47414E+15,5.04084E+16
58681,58682,7,3,34,8,2016,10,20,5,3,4,2,2,0,0,1,0,0,0,0,4.46032E+20,5.43155E+21,8.26165E+15,4.90344E+16
58682,58683,7,1,41,201,2016,10,10,1,3,8,1,0,1,0,1,0,0,0,0,4.1154E+20,5.58025E+21,7.75615E+15,5.03677E+16
58683,58684,7,3,14,0,2016,10,11,4,2,0,1,0,0,1,0,0,0,0,0,4.55044E+20,5.48218E+21,8.37924E+15,4.94906E+16
58684,58685,7,1,32,1,2016,10,14,5,3,4,3,0,0,1,1,0,0,0,0,4.03262E+20,5.61462E+21,7.63088E+15,5.06754E+16
58685,58686,7,1,33,110,2016,9,17,6,3,2,6,0,1,0,1,0,0,1,0,4.12035E+20,5.53477E+21,7.77362E+15,4.99588E+16
58686,58687,7,1,32,501,2016,10,14,7,3,8,7,0,0,0,1,0,0,0,0,4.0502E+20,5.61687E+21,7.65517E+15,5.06959E+16
58687,58688,7,1,31,77,2016,10,17,3,3,2,6,0,0,0,1,0,1,0,0,3.76516E+20,5.60069E+21,7.25714E+15,5.05451E+16
58688,58689,7,3,34,8,2016,10,11,2,3,2,6,0,1,0,1,0,0,0,0,4.41502E+20,5.43055E+21,8.19981E+15,4.90251E+16
58689,58690,7,1,11,0,2016,10,8,2,3,9,1,0,1,0,1,0,0,0,0,3.995E+20,5.58117E+21,7.58665E+15,5.0374E+16
58690,58691,7,1,11,0,2016,10,9,5,3,9,1,0,0,0,1,0,0,0,0,3.99368E+20,5.57996E+21,7.58513E+15,5.03631E+16
58691,58692,7,3,34,501,2016,10,14,1,3,5,3,0,0,0,1,0,0,0,0,4.38652E+20,5.43339E+21,8.1604E+15,4.90504E+16
58692,58693,7,1,31,7,2016,10,13,1,3,0,7,0,1,0,0,0,1,0,1,3.65733E+20,5.59644E+21,7.10656E+15,5.05045E+16
58693,58694,7,3,12,0,2016,10,13,2,3,2,6,0,0,0,1,0,0,0,0,4.12877E+20,5.47888E+21,7.79783E+15,4.94563E+16
58694,58695,7,1,40,42,2016,10,18,2,3,8,1,0,1,0,1,0,0,0,0,3.91047E+20,5.54996E+21,7.4768E+15,5.00919E+16
58695,58696,7,1,35,83,2016,10,14,5,3,4,6,0,0,0,1,0,0,0,0,3.56689E+20,5.56475E+21,6.99117E+15,5.02176E+16
58696,58697,7,2,35,93,2016,10,17,1,2,9,1,0,1,0,1,0,0,0,0,3.56128E+20,5.49997E+21,7.00747E+15,4.96352E+16
58697,58698,7,1,11,0,2016,10,12,3,3,2,6,0,0,0,1,0,0,0,0,3.96492E+20,5.58078E+21,7.54448E+15,5.037E+16
58698,58699,7,1,31,72,2016,10,15,1,3,8,1,0,0,0,1,0,0,0,0,3.49204E+20,5.58382E+21,6.87872E+15,5.0387E+16
58699,58700,7,1,34,75,2016,10,15,4,3,2,6,0,0,0,1,0,0,0,0,3.76017E+20,5.49825E+21,7.28332E+15,4.9624E+16
58700,58701,7,1,43,21,2016,9,4,6,3,9,1,2,0,0,1,0,0,0,0,4.22309E+20,5.58911E+21,7.90571E+15,5.04488E+16
58701,58702,7,1,41,75,2016,10,1,4,2,9,1,2,0,0,1,0,0,0,0,4.02353E+20,5.5731E+21,7.62886E+15,5.03019E+16
58702,58703,7,3,17,0,2016,10,15,2,3,5,3,0,0,1,1,0,0,0,0,3.97502E+20,5.44938E+21,7.59331E+15,4.91886E+16
58703,58704,7,2,32,76,2016,10,18,2,2,8,1,0,0,0,1,0,0,0,0,3.23958E+20,5.54895E+21,6.54007E+15,5.00668E+16
58704,58705,7,3,35,15,2016,10,18,1,3,4,6,0,0,0,1,1,0,0,0,4.20234E+20,5.47744E+21,7.89962E+15,4.94443E+16
58705,58706,7,3,32,2,2016,10,13,4,3,6,6,0,0,0,1,1,0,0,0,4.39001E+20,5.48264E+21,8.15767E+15,4.94933E+16
58706,58707,7,3,32,10,2016,10,12,3,3,5,3,0,0,0,1,0,0,0,0,4.4548E+20,5.49074E+21,8.24601E+15,4.95668E+16
58707,58708,7,1,32,50,2016,10,7,4,3,9,1,1,1,0,1,0,0,0,0,4.23936E+20,5.62503E+21,7.92126E+15,5.07721E+16
58708,58709,7,3,31,18,2016,10,23,1,3,8,1,2,0,0,0,0,0,0,1,4.61635E+20,5.51142E+21,8.46738E+15,4.9754E+16
58709,58710,7,1,11,0,2016,10,15,1,3,5,3,0,0,0,1,0,0,0,0,4.01161E+20,5.57925E+21,7.61051E+15,5.0357E+16
58710,58711,7,3,31,73,2016,9,7,5,3,2,6,0,0,0,0,0,1,0,1,4.34548E+20,5.52354E+21,8.08934E+15,4.98607E+16
58711,58712,7,3,34,7,2016,10,17,7,3,8,1,0,1,0,1,0,0,0,0,4.53018E+20,5.45192E+21,8.35484E+15,4.92182E+16
58712,58713,7,1,38,45,2016,10,5,7,3,0,1,2,1,0,0,0,1,0,0,3.92927E+20,5.58877E+21,7.49209E+15,5.04411E+16
58713,58714,7,3,34,7,2016,10,20,7,2,5,3,2,0,0,1,0,0,0,0,4.5371E+20,5.45079E+21,8.36447E+15,4.92082E+16
58714,58715,7,3,16,0,2016,9,10,6,3,5,3,0,0,1,1,0,0,0,0,4.38715E+20,5.46631E+21,8.15625E+15,4.93465E+16
58715,58716,7,1,37,68,2016,10,9,6,3,5,3,0,0,0,1,0,0,0,0,3.75786E+20,5.57707E+21,7.25467E+15,5.03326E+16
58716,58717,7,1,40,3,2016,10,11,2,3,8,1,0,1,0,1,0,0,0,0,4.0004E+20,5.53711E+21,7.60583E+15,4.99779E+16
58717,58718,7,3,34,25,2016,10,13,7,3,2,6,0,0,0,1,0,1,0,0,4.48405E+20,5.44524E+21,8.29236E+15,4.91578E+16
58718,58719,7,1,43,242,2016,10,1,6,1,8,1,2,0,0,1,0,0,0,0,4.28048E+20,5.60674E+21,7.98313E+15,5.06081E+16
58719,58720,7,3,38,16,2016,10,11,2,3,2,6,0,0,0,1,0,0,0,0,4.50119E+20,5.48477E+21,8.31091E+15,4.95135E+16
58720,58721,7,1,33,30,2016,10,11,7,3,9,1,0,0,0,1,0,0,0,0,4.14236E+20,5.51344E+21,7.80903E+15,4.97673E+16
58721,58722,7,1,11,0,2016,10,23,6,3,9,1,2,1,0,1,0,0,0,0,4.00729E+20,5.57608E+21,7.60529E+15,5.03284E+16
58722,58723,7,1,43,10,2016,10,21,5,3,2,6,2,0,0,1,0,0,0,0,4.13369E+20,5.58946E+21,7.77975E+15,5.04507E+16
58723,58724,7,3,32,27,2016,10,2,6,3,8,6,2,0,0,1,0,0,1,0,4.34042E+20,5.48673E+21,8.08851E+15,4.95296E+16
58724,58725,7,1,37,228,2016,10,16,6,3,1,3,0,0,1,1,0,0,0,0,3.89585E+20,5.58673E+21,7.44564E+15,5.04222E+16
58725,58726,7,3,39,27,2016,10,18,4,3,2,2,2,0,0,1,0,0,0,0,4.37985E+20,5.53906E+21,8.13466E+15,5.00006E+16
58726,58727,7,3,39,30,2016,10,21,4,2,5,3,2,0,0,1,0,1,0,0,4.33323E+20,5.53401E+21,8.07049E+15,4.99547E+16
58727,58728,7,2,35,22,2016,10,11,2,3,9,1,0,1,0,1,0,0,0,0,3.39517E+20,5.51865E+21,6.76992E+15,4.97988E+16
58728,58729,7,3,12,0,2016,10,11,3,3,2,6,0,0,0,1,0,0,0,0,4.09326E+20,5.47872E+21,7.74888E+15,4.94544E+16
58729,58730,7,3,15,0,2016,10,16,3,3,2,6,0,1,0,1,0,0,1,0,4.47249E+20,5.53304E+21,8.26474E+15,4.99474E+16
58730,58731,7,3,31,3,2016,10,16,2,3,3,6,0,0,0,1,0,0,1,0,4.36975E+20,5.51135E+21,8.12508E+15,4.97513E+16
58731,58732,7,1,37,57,2016,10,17,5,3,5,3,0,0,0,1,0,0,0,0,3.80467E+20,5.58203E+21,7.31884E+15,5.03781E+16
58732,58733,7,2,31,72,2016,10,15,7,2,4,6,0,1,0,1,0,0,0,0,3.60681E+20,5.53738E+21,7.05707E+15,4.99725E+16
58733,58734,7,1,33,12,2016,10,2,1,2,8,1,2,0,0,1,0,0,0,0,4.24317E+20,5.52547E+21,7.94664E+15,4.98768E+16
58734,58735,7,1,32,95,2016,10,18,7,3,5,3,1,0,0,1,0,0,0,0,4.19186E+20,5.61812E+21,7.85542E+15,5.07093E+16
58735,58736,7,1,32,63,2016,10,14,2,3,1,2,0,1,0,1,0,0,0,0,4.19267E+20,5.63154E+21,7.85363E+15,5.08299E+16
58736,58737,7,3,39,5,2016,10,18,1,3,1,6,1,0,0,1,0,0,0,0,4.20271E+20,5.53522E+21,7.88833E+15,4.9964E+16
58737,58738,7,3,34,8,2016,10,17,1,2,4,6,0,0,0,0,0,0,1,1,4.45513E+20,5.42943E+21,8.25483E+15,4.90153E+16
58738,58739,7,2,35,126,2016,10,15,7,2,4,2,0,0,1,1,0,0,0,0,3.24659E+20,5.4942E+21,6.57459E+15,4.9575E+16
58739,58740,7,3,39,62,2016,10,3,6,3,8,1,2,0,0,1,0,0,0,0,4.16596E+20,5.5348E+21,7.83718E+15,4.99597E+16
58740,58741,7,3,33,26,2016,10,19,2,3,3,6,2,0,0,1,0,1,0,0,4.31875E+20,5.49312E+21,8.05746E+15,4.95869E+16
58741,58742,7,1,40,125,2016,10,6,3,3,5,3,2,1,0,1,0,0,0,0,4.05358E+20,5.53931E+21,7.67944E+15,4.99986E+16
58742,58743,7,3,34,24,2016,10,20,5,2,5,3,2,1,0,1,0,0,0,0,4.4599E+20,5.43988E+21,8.25995E+15,4.91094E+16
58743,58744,7,1,33,103,2016,10,17,6,3,6,4,0,0,0,1,1,0,0,0,4.12916E+20,5.53356E+21,7.78618E+15,4.9948E+16
58744,58745,7,3,37,20,2016,10,20,5,3,2,6,2,0,0,1,0,0,0,0,4.3839E+20,5.45802E+21,8.15305E+15,4.92718E+16
58745,58746,7,1,41,29,2016,10,19,4,3,1,6,2,0,0,1,0,1,0,0,4.32126E+20,5.58127E+21,8.04539E+15,5.03796E+16
58746,58747,7,3,31,34,2016,10,18,3,2,1,7,1,0,0,1,0,1,0,0,4.54577E+20,5.51406E+21,8.3691E+15,4.97773E+16
58747,58748,7,3,33,503,2016,10,16,5,2,5,3,0,1,0,1,0,0,0,0,4.17916E+20,5.49011E+21,7.865E+15,4.9558E+16
58748,58749,7,3,35,16,2016,10,16,4,3,5,3,0,0,0,1,0,0,0,0,3.92089E+20,5.47644E+21,7.51174E+15,4.9431E+16
58749,58750,7,3,34,25,2016,10,16,6,2,5,2,0,0,1,1,0,0,0,0,4.48393E+20,5.44433E+21,8.29231E+15,4.91497E+16
58750,58751,7,3,40,15,2016,10,16,5,3,5,3,0,0,1,1,0,0,0,0,4.06621E+20,5.46333E+21,7.71518E+15,4.93155E+16
58751,58752,7,1,34,45,2016,10,7,4,3,2,6,0,0,0,1,0,0,0,1,3.79092E+20,5.50678E+21,7.32325E+15,4.97014E+16
58752,58753,7,1,43,286,2016,10,10,2,3,1,6,0,1,0,1,0,0,0,0,4.34005E+20,5.60962E+21,8.06679E+15,5.06347E+16
58753,58754,7,3,18,0,2016,10,14,3,3,2,2,0,0,0,1,0,0,0,0,4.58568E+20,5.46411E+21,8.42978E+15,4.93283E+16
58754,58755,7,1,38,45,2016,10,9,3,3,4,6,0,0,0,1,0,0,1,0,3.95191E+20,5.58919E+21,7.52385E+15,5.04454E+16
58755,58756,7,1,40,159,2016,10,19,7,2,5,3,2,1,0,1,0,0,1,0,3.73605E+20,5.53069E+21,7.2394E+15,4.99152E+16
58756,58757,7,2,31,74,2016,10,7,2,2,2,6,1,0,0,1,0,0,0,0,3.47777E+20,5.5499E+21,6.87228E+15,5.00819E+16
58757,58758,7,2,35,135,2016,10,18,7,3,0,1,2,1,0,0,0,1,0,0,3.41307E+20,5.51172E+21,6.79759E+15,4.9737E+16
58758,58759,7,2,33,242,2016,10,16,1,3,5,2,1,0,0,1,0,1,0,0,3.5712E+20,5.56855E+21,6.99577E+15,5.02518E+16
58759,58760,7,1,32,6,2016,10,13,7,3,4,2,0,0,0,1,0,0,0,0,4.19953E+20,5.62745E+21,7.86426E+15,5.07933E+16
58760,58761,7,1,11,0,2016,10,16,2,3,5,3,0,1,0,1,0,1,0,0,4.02771E+20,5.58068E+21,7.63278E+15,5.03701E+16
58761,58762,7,1,33,35,2016,10,10,1,3,2,2,0,0,0,1,0,1,0,0,4.15926E+20,5.52568E+21,7.82984E+15,4.98777E+16