FID,OBJECTID,ULAND,UREGBEZ,UKREIS,UGEMEINDE,UJAHR,UMONAT,USTUNDE,UWOCHENTAG,UKATEGORIE,UART,UTYP1,ULICHTVERH,IstStrasse,IstRad,IstPKW,IstFuss,IstKrad,IstGkfz,IstSonstig,LINREFX,LINREFY,XGCSWGS84,YGCSWGS84
58762,58763,7,2,32,295,2016,10,2,1,1,8,1,2,0,0,1,0,0,0,0,3.10099E+20,5.55909E+21,6.34158E+15,5.01536E+16
58763,58764,7,3,16,0,2016,10,21,5,3,0,1,2,1,0,1,0,0,0,0,4.42444E+20,5.46916E+21,8.20717E+15,4.93724E+16
58764,58765,7,2,32,296,2016,10,15,2,3,2,6,0,0,0,1,0,0,0,0,3.1596E+20,5.56444E+21,6.42096E+15,5.02035E+16
58765,58766,7,2,31,80,2016,10,13,4,2,8,1,0,1,0,1,0,0,0,0,3.43064E+20,5.5483E+21,6.8071E+15,5.00663E+16
58766,58767,7,3,40,2,2016,10,15,2,3,9,1,0,1,0,1,0,0,0,0,4.16949E+20,5.441E+21,7.86187E+15,4.91162E+16
58767,58768,7,2,32,304,2016,10,23,6,3,9,1,2,0,0,1,0,0,0,0,3.18099E+20,5.55766E+21,6.45414E+15,5.01433E+16
58768,58769,7,3,38,25,2016,10,15,5,2,2,6,0,0,0,1,0,1,0,0,4.55679E+20,5.47028E+21,8.38934E+15,4.93836E+16
58769,58770,7,1,38,45,2016,10,7,4,3,4,1,2,0,0,1,0,0,0,0,3.89849E+20,5.59042E+21,7.44827E+15,5.04554E+16
58770,58771,7,3,15,0,2016,10,7,3,3,6,4,2,1,0,1,1,0,0,0,4.44153E+20,5.54147E+21,8.22038E+15,5.00229E+16
58771,58772,7,1,32,39,2016,10,11,2,3,5,3,0,1,0,1,0,0,0,0,4.1665E+20,5.62222E+21,7.8186E+15,5.07457E+16
58772,58773,7,3,14,0,2016,10,13,6,3,1,6,0,1,0,1,0,0,0,0,4.59752E+20,5.48054E+21,8.44442E+15,4.94762E+16
58773,58774,7,1,31,6,2016,10,6,7,3,8,1,2,1,0,1,0,0,0,0,3.76507E+20,5.59473E+21,7.25899E+15,5.04915E+16
58774,58775,7,1,38,3,2016,10,11,1,3,5,3,0,0,0,1,0,0,0,0,3.88258E+20,5.61317E+21,7.41905E+15,5.06597E+16
58775,58776,7,2,33,501,2016,10,7,6,3,9,1,1,1,0,1,0,0,0,0,3.41296E+20,5.56496E+21,6.77547E+15,5.02155E+16
58776,58777,7,1,32,72,2016,10,14,1,3,1,5,0,0,1,1,0,0,0,0,4.26876E+20,5.63228E+21,7.9615E+15,5.08376E+16
58777,58778,7,3,39,9,2016,10,14,7,3,1,6,0,1,0,1,0,0,0,0,4.43389E+20,5.54174E+21,8.20966E+15,5.00253E+16
58778,58779,7,3,36,70,2016,10,0,7,3,2,1,2,1,0,1,0,0,0,0,3.83857E+20,5.49306E+21,7.39336E+15,4.95789E+16
58779,58780,7,3,36,3,2016,10,17,6,3,1,6,0,0,0,1,0,0,0,0,3.87675E+20,5.49226E+21,7.44639E+15,4.95725E+16
58780,58781,7,1,38,8,2016,10,15,7,3,8,1,0,1,0,1,0,0,0,0,3.7934E+20,5.60846E+21,7.29446E+15,5.06155E+16
58781,58782,7,2,31,116,2016,10,13,1,2,0,1,0,1,0,0,0,1,0,0,3.37763E+20,5.54511E+21,6.73444E+15,5.00362E+16
58782,58783,7,3,33,54,2016,10,14,1,3,8,1,0,0,0,0,0,1,0,0,4.09771E+20,5.50883E+21,7.7481E+15,4.97252E+16
58783,58784,7,1,43,254,2016,10,17,1,3,5,3,0,0,1,1,0,0,0,0,4.2338E+20,5.60419E+21,7.9177E+15,5.05846E+16
58784,58785,7,3,33,69,2016,10,8,7,3,8,1,0,1,0,1,0,0,0,0,4.16041E+20,5.49332E+21,7.83841E+15,4.95866E+16
58785,58786,7,1,37,504,2016,10,15,1,3,0,1,0,0,1,0,0,0,0,0,3.88767E+20,5.56847E+21,7.43952E+15,5.02579E+16
58786,58787,7,2,32,76,2016,10,13,1,2,4,1,0,0,0,1,0,1,0,0,3.23112E+20,5.54647E+21,6.52941E+15,5.00442E+16
58787,58788,7,3,15,0,2016,10,9,5,3,2,6,0,1,0,1,0,0,0,0,4.45106E+20,5.53622E+21,8.23442E+15,4.99758E+16
58788,58789,7,1,37,203,2016,10,10,5,3,8,1,0,1,0,1,0,0,0,0,3.99174E+20,5.59204E+21,7.57915E+15,5.04717E+16
58789,58790,7,1,43,81,2016,10,18,2,3,5,3,2,0,0,1,0,0,0,0,4.15525E+20,5.59208E+21,7.80951E+15,5.04746E+16
58790,58791,7,1,32,117,2016,10,13,4,3,4,6,0,1,0,1,0,0,0,0,4.12025E+20,5.6271E+21,7.75188E+15,5.0789E+16
58791,58792,7,3,12,0,2016,10,19,2,3,5,2,2,1,0,1,0,0,0,0,4.10987E+20,5.47684E+21,7.77221E+15,4.94377E+16
58792,58793,7,2,35,58,2016,10,20,6,2,4,6,2,0,0,0,0,1,0,1,3.42573E+20,5.5004E+21,6.81971E+15,4.96356E+16
58793,58794,7,3,33,39,2016,10,21,5,3,8,1,2,0,0,1,0,0,0,0,4.28278E+20,5.50223E+21,8.00605E+15,4.96683E+16
58794,58795,7,1,11,0,2016,10,16,4,3,5,3,0,0,0,1,0,1,0,0,3.97898E+20,5.58135E+21,7.56409E+15,5.03754E+16
58795,58796,7,2,31,134,2016,10,16,3,3,6,4,0,0,0,1,1,0,0,0,3.48794E+20,5.53958E+21,6.89054E+15,4.99893E+16
58796,58797,7,1,31,14,2016,10,7,2,3,2,7,1,1,0,1,0,0,0,0,3.81225E+20,5.59427E+21,7.32562E+15,5.04884E+16
58797,58798,7,3,15,0,2016,10,9,6,3,5,3,0,1,1,1,0,0,0,0,4.47327E+20,5.53734E+21,8.26524E+15,4.9986E+16
58798,58799,7,1,37,201,2016,10,13,1,2,9,1,0,0,0,0,0,1,0,0,3.89494E+20,5.56655E+21,7.45028E+15,5.02407E+16
58799,58800,7,1,34,25,2016,10,14,6,3,0,6,0,0,0,1,0,0,0,0,3.84434E+20,5.51115E+21,7.39601E+15,4.97417E+16
58800,58801,7,1,31,7,2016,10,11,1,3,5,3,0,0,0,1,0,0,0,0,3.6536E+20,5.60072E+21,7.09977E+15,5.05429E+16
58801,58802,7,1,33,83,2016,10,17,2,2,4,6,0,0,0,1,0,1,0,0,4.06446E+20,5.51271E+21,7.70105E+15,4.97595E+16
58802,58803,7,3,39,58,2016,10,5,7,3,2,6,2,0,0,1,0,0,0,1,4.18285E+20,5.53747E+21,7.86017E+15,4.99839E+16
58803,58804,7,1,31,90,2016,10,13,6,3,5,3,0,0,0,1,0,0,0,0,3.69541E+20,5.60336E+21,7.15781E+15,5.05676E+16
58804,58805,7,1,38,65,2016,10,16,5,3,8,1,0,1,0,1,0,0,0,0,3.86356E+20,5.60285E+21,7.3953E+15,5.05665E+16
58805,58806,7,1,37,3,2016,10,16,5,3,2,2,0,0,0,1,0,0,0,1,3.86777E+20,5.58686E+21,7.40609E+15,5.04228E+16
58806,58807,7,3,35,3,2016,10,10,6,3,2,2,0,0,0,1,0,0,0,0,3.87164E+20,5.47126E+21,7.44531E+15,4.93836E+16
58807,58808,7,1,40,53,2016,10,17,6,2,5,3,0,0,0,1,0,0,0,0,3.72375E+20,5.52981E+21,7.22258E+15,4.99071E+16
58808,58809,7,3,39,5,2016,10,19,4,3,6,4,2,1,0,1,1,0,0,0,4.21608E+20,5.53575E+21,7.90685E+15,4.99689E+16
58809,58810,7,3,35,22,2016,10,17,4,3,5,3,0,0,0,1,0,0,0,0,4.38725E+20,5.45267E+21,8.15848E+15,4.92238E+16
58810,58811,7,3,37,501,2016,10,17,1,2,2,6,2,0,0,1,0,1,0,0,4.28411E+20,5.45197E+21,8.01696E+15,4.92163E+16
58811,58812,7,1,11,0,2016,10,17,4,3,1,7,0,1,0,1,0,0,0,0,4.00482E+20,5.57893E+21,7.60105E+15,5.03541E+16
58812,58813,7,3,15,0,2016,10,19,2,3,6,4,2,1,0,1,1,0,0,0,4.5114E+20,5.53474E+21,8.31876E+15,4.9963E+16
58813,58814,7,3,35,3,2016,10,13,3,3,2,6,0,1,0,1,0,0,0,0,3.86711E+20,5.47113E+21,7.43911E+15,4.93823E+16
58814,58815,7,1,38,12,2016,10,10,2,3,2,6,0,1,0,1,0,0,0,0,4.01152E+20,5.59942E+21,7.60507E+15,5.05384E+16
58815,58816,7,1,33,69,2016,10,12,3,3,1,6,0,0,0,1,0,0,0,0,4.22535E+20,5.51592E+21,7.92375E+15,4.97908E+16
58816,58817,7,1,33,52,2016,10,16,2,3,2,6,0,1,0,1,0,0,0,1,3.88132E+20,5.51408E+21,7.44646E+15,4.97688E+16
58817,58818,7,2,31,79,2016,10,7,5,2,9,1,0,1,0,1,0,0,0,0,3.536E+20,5.50998E+21,6.96874E+15,4.97245E+16
58818,58819,7,1,37,88,2016,10,16,7,3,5,6,0,0,1,1,0,0,0,0,3.85786E+20,5.58338E+21,7.39321E+15,5.03914E+16
58819,58820,7,3,20,0,2016,10,14,4,3,5,3,0,0,0,1,0,0,0,0,3.8037E+20,5.45572E+21,7.35639E+15,4.92426E+16
58820,58821,7,1,37,48,2016,10,6,2,3,5,3,1,0,0,1,0,0,0,1,3.84547E+20,5.57492E+21,7.37838E+15,5.03151E+16
58821,58822,7,1,37,501,2016,10,8,4,3,2,6,0,1,0,1,0,0,0,0,3.83159E+20,5.56763E+21,7.36114E+15,5.02493E+16
58822,58823,7,3,14,0,2016,10,15,2,3,0,1,0,1,0,0,0,1,0,0,4.54568E+20,5.48072E+21,8.37283E+15,4.94775E+16
58823,58824,7,3,40,7,2016,10,19,3,3,4,1,2,1,0,1,0,0,0,0,4.00789E+20,5.45827E+21,7.63622E+15,4.92691E+16
58824,58825,7,3,32,1,2016,10,9,3,3,5,3,0,0,0,1,0,0,0,1,4.34818E+20,5.48559E+21,8.09943E+15,4.95195E+16
58825,58826,7,3,35,4,2016,10,6,2,3,4,7,2,0,0,1,0,0,0,0,4.15741E+20,5.47972E+21,7.83715E+15,4.94643E+16
58826,58827,7,2,35,60,2016,10,8,5,3,2,6,1,0,0,1,0,0,0,0,3.36146E+20,5.51959E+21,6.72271E+15,4.98064E+16
58827,58828,7,3,35,38,2016,10,16,1,3,5,2,0,0,0,1,0,0,0,0,3.9621E+20,5.47908E+21,7.56786E+15,4.94555E+16
58828,58829,7,1,41,127,2016,10,12,3,2,8,1,0,1,0,1,0,0,0,0,4.12354E+20,5.57199E+21,7.76951E+15,5.02935E+16
58829,58830,7,1,37,216,2016,10,17,2,3,4,2,0,0,0,1,0,0,0,0,3.94409E+20,5.58407E+21,7.51428E+15,5.03992E+16
58830,58831,7,3,38,7,2016,10,16,7,2,3,6,0,0,0,1,0,0,0,0,4.56322E+20,5.46098E+21,8.39922E+15,4.93E+16
58831,58832,7,1,43,84,2016,10,11,6,3,9,1,0,1,0,1,0,0,0,0,4.08121E+20,5.59387E+21,7.70475E+15,5.04896E+16
58832,58833,7,3,32,41,2016,10,13,2,3,5,3,0,0,0,1,0,0,0,0,4.41685E+20,5.49298E+21,8.1932E+15,4.95866E+16
58833,58834,7,3,19,0,2016,10,0,7,1,1,1,2,0,0,1,0,1,0,0,4.49479E+20,5.49893E+21,8.30026E+15,4.96408E+16
58834,58835,7,1,11,0,2016,10,13,6,2,6,3,0,0,0,1,1,0,0,0,3.98629E+20,5.57997E+21,7.57474E+15,5.0363E+16
58835,58836,7,1,11,0,2016,10,7,5,3,2,6,1,0,0,1,0,0,0,0,3.96678E+20,5.58341E+21,7.54637E+15,5.03936E+16
58836,58837,7,3,32,2,2016,10,15,6,3,0,1,0,0,0,0,0,1,0,0,4.27424E+20,5.47738E+21,7.99879E+15,4.94448E+16
58837,58838,7,1,11,0,2016,10,7,6,3,2,6,1,0,0,1,0,0,0,0,3.96575E+20,5.58331E+21,7.54495E+15,5.03927E+16
58838,58839,7,2,32,27,2016,10,21,4,3,9,1,2,1,0,1,0,0,0,0,3.31178E+20,5.53763E+21,6.64585E+15,4.99671E+16
58839,58840,7,3,15,0,2016,10,16,4,3,5,3,0,0,0,1,0,0,0,1,4.44294E+20,5.53531E+21,8.22323E+15,4.99675E+16
58840,58841,7,2,31,66,2016,10,22,2,1,8,1,2,1,0,1,0,0,0,0,3.52574E+20,5.52868E+21,6.94741E+15,4.98923E+16
58841,58842,7,3,32,30,2016,10,20,3,3,2,6,2,0,0,1,0,0,0,0,4.41237E+20,5.48914E+21,8.18757E+15,4.9552E+16
58842,58843,7,2,32,63,2016,10,7,3,3,8,1,1,1,0,1,0,0,0,0,3.16842E+20,5.52344E+21,6.45287E+15,4.98354E+16
58843,58844,7,3,15,0,2016,10,20,2,3,3,6,2,1,0,1,0,1,0,0,4.47044E+20,5.53902E+21,8.26106E+15,5.00011E+16
58844,58845,7,1,34,3,2016,10,16,7,3,5,3,0,1,0,1,0,0,0,0,3.64583E+20,5.51131E+21,7.12057E+15,4.9739E+16
58845,58846,7,3,15,0,2016,10,16,1,2,0,7,1,0,0,0,0,0,0,1,4.45942E+20,5.53799E+21,8.24584E+15,4.99918E+16
58846,58847,7,1,31,70,2016,10,15,7,2,8,7,0,0,0,1,0,0,0,0,3.7782E+20,5.60254E+21,7.27493E+15,5.0562E+16
58847,58848,7,1,35,45,2016,10,14,2,3,4,1,2,1,0,1,0,0,1,0,3.63492E+20,5.56235E+21,7.08734E+15,5.01976E+16
58848,58849,7,3,39,5,2016,10,15,1,2,9,1,0,0,0,0,0,1,0,0,4.20077E+20,5.53511E+21,7.88565E+15,4.9963E+16
58849,58850,7,1,33,6,2016,10,6,1,3,9,6,2,1,0,1,0,0,0,0,4.17431E+20,5.52483E+21,7.85095E+15,4.98702E+16
58850,58851,7,3,15,0,2016,10,17,6,3,4,2,0,0,1,1,0,0,0,0,4.45277E+20,5.53544E+21,8.23692E+15,4.99688E+16
58851,58852,7,1,43,79,2016,10,5,5,3,5,3,2,1,0,1,0,0,0,0,4.14216E+20,5.57979E+21,7.79388E+15,5.03639E+16
58852,58853,7,3,13,0,2016,10,19,1,1,5,3,2,0,0,1,0,0,0,0,4.334E+20,5.45299E+21,8.0853E+15,4.92261E+16
58853,58854,7,1,31,14,2016,10,13,7,3,0,7,0,1,0,0,0,1,0,0,3.80984E+20,5.59272E+21,7.32272E+15,5.04744E+16
58854,58855,7,1,38,12,2016,10,15,2,3,5,3,0,1,1,1,0,0,0,0,4.04627E+20,5.60045E+21,7.65383E+15,5.05482E+16
58855,58856,7,3,13,0,2016,10,14,1,3,2,6,0,0,0,1,0,0,0,0,4.37487E+20,5.45196E+21,8.14158E+15,4.92173E+16
58856,58857,7,3,36,92,2016,10,13,1,2,1,3,0,0,0,1,0,1,0,0,3.81812E+20,5.47422E+21,7.37071E+15,4.94092E+16
58857,58858,7,3,15,0,2016,10,10,7,3,5,3,0,0,1,1,0,0,0,0,4.44662E+20,5.54183E+21,8.22742E+15,5.00262E+16
58858,58859,7,1,38,75,2016,10,9,6,3,8,1,0,1,0,1,0,0,0,0,3.79289E+20,5.60848E+21,7.29373E+15,5.06157E+16
58859,58860,7,3,15,0,2016,10,21,6,3,6,4,2,0,0,1,1,0,0,0,4.43722E+20,5.53936E+21,8.21466E+15,5.00039E+16
58860,58861,7,3,38,25,2016,10,10,2,3,5,3,0,0,0,1,0,0,0,0,4.55355E+20,5.46991E+21,8.38492E+15,4.93803E+16
58861,58862,7,1,32,63,2016,10,15,3,2,8,1,0,0,0,1,0,0,0,0,4.18698E+20,5.63094E+21,7.84569E+15,5.08245E+16
58862,58863,7,3,36,92,2016,10,16,5,3,2,2,0,1,0,1,0,0,0,0,3.80369E+20,5.47324E+21,7.35113E+15,4.94E+16
58863,58864,7,3,12,0,2016,10,17,4,3,2,6,0,0,0,1,0,0,0,0,4.06658E+20,5.4816E+21,7.71139E+15,4.94799E+16
58864,58865,7,3,38,25,2016,10,5,6,2,4,2,2,0,0,1,0,0,0,1,4.5591E+20,5.4684E+21,8.39273E+15,4.93667E+16
58865,58866,7,3,38,19,2016,10,17,5,3,2,6,0,0,0,1,0,0,0,0,4.50785E+20,5.47734E+21,8.32105E+15,4.94467E+16
58866,58867,7,2,35,1,2016,10,9,4,3,8,6,0,0,0,1,0,0,0,0,3.25368E+20,5.51796E+21,6.57379E+15,4.97886E+16
58867,58868,7,1,43,28,2016,10,14,2,3,8,1,0,1,0,1,0,0,0,0,4.16026E+20,5.59685E+21,7.8155E+15,5.05176E+16
58868,58869,7,3,39,58,2016,10,19,3,3,1,1,2,0,0,1,0,0,0,0,4.17573E+20,5.54041E+21,7.8496E+15,5.00103E+16
58869,58870,7,1,31,202,2016,10,20,3,3,6,1,2,1,0,1,1,0,0,0,3.76594E+20,5.58961E+21,7.26191E+15,5.04456E+16
58870,58871,7,1,37,214,2016,10,13,7,3,1,5,0,1,0,1,0,1,0,0,3.89006E+20,5.56767E+21,7.4431E+15,5.02508E+16
58871,58872,7,2,31,134,2016,10,15,2,3,4,1,0,1,0,1,0,0,0,0,3.46375E+20,5.53991E+21,6.85669E+15,4.99917E+16
58872,58873,7,1,41,91,2016,10,14,7,2,9,1,0,1,0,1,0,0,0,0,4.1196E+20,5.57209E+21,7.76396E+15,5.02943E+16
58873,58874,7,2,32,296,2016,10,15,1,3,0,3,0,0,0,1,0,1,0,0,3.15664E+20,5.56427E+21,6.4169E+15,5.02019E+16
58874,58875,7,1,40,144,2016,10,5,7,2,9,1,2,1,0,1,0,0,0,0,3.9562E+20,5.53752E+21,7.5441E+15,4.99808E+16
58875,58876,7,1,31,81,2016,10,15,2,2,8,1,0,0,0,1,0,0,0,0,3.73675E+20,5.59371E+21,7.21943E+15,5.04818E+16
58876,58877,7,3,15,0,2016,10,4,1,3,2,6,2,0,0,1,0,0,0,0,4.46713E+20,5.53867E+21,8.2565E+15,4.9998E+16
58877,58878,7,2,31,82,2016,10,14,1,3,0,1,0,0,0,0,0,1,0,0,3.39152E+20,5.55127E+21,6.75124E+15,5.00919E+16
58878,58879,7,1,41,121,2016,10,11,1,3,0,1,0,0,0,0,0,1,0,0,4.07842E+20,5.55709E+21,7.7098E+15,5.01588E+16
58879,58880,7,2,32,27,2016,10,12,1,2,4,2,0,0,0,1,0,1,0,0,3.29901E+20,5.53838E+21,6.62773E+15,4.99735E+16
58880,58881,7,3,14,0,2016,10,18,5,3,1,6,2,1,0,1,0,0,0,0,4.59468E+20,5.48111E+21,8.44044E+15,4.94813E+16
58881,58882,7,2,31,87,2016,10,9,2,2,4,6,0,1,0,1,0,0,0,0,3.60311E+20,5.52833E+21,7.05518E+15,4.98911E+16
58882,58883,7,1,41,108,2016,10,12,4,3,8,1,0,0,0,0,0,0,0,1,4.03455E+20,5.56688E+21,7.64592E+15,5.02462E+16
58883,58884,7,3,17,0,2016,10,18,2,3,8,1,2,1,0,1,0,0,0,0,3.99026E+20,5.45191E+21,7.61358E+15,4.92117E+16
58884,58885,7,2,31,502,2016,10,10,6,3,5,3,0,0,0,1,0,0,0,0,3.64294E+20,5.51892E+21,7.11391E+15,4.98074E+16
58885,58886,7,3,14,0,2016,10,7,5,3,0,3,1,0,1,1,0,0,0,0,4.58792E+20,5.4815E+21,8.43106E+15,4.94847E+16
58886,58887,7,1,40,62,2016,10,17,4,3,2,2,0,0,0,1,0,0,0,0,3.81486E+20,5.54062E+21,7.34608E+15,5.00061E+16
58887,58888,7,3,39,42,2016,10,17,2,3,2,6,1,0,0,1,0,0,0,0,4.41482E+20,5.52938E+21,8.18493E+15,4.99139E+16
58888,58889,7,1,37,216,2016,10,7,3,3,2,6,2,1,0,1,0,0,0,0,3.96112E+20,5.58364E+21,7.53835E+15,5.03956E+16
58889,58890,7,3,15,0,2016,10,8,6,3,1,6,0,0,0,1,0,1,0,0,4.42946E+20,5.53907E+21,8.20388E+15,5.00012E+16
58890,58891,7,3,37,41,2016,10,12,5,2,4,7,0,0,0,1,0,0,1,0,4.42377E+20,5.45405E+21,8.20843E+15,4.92365E+16
58891,58892,7,1,43,21,2016,10,16,4,3,5,3,0,0,0,1,0,0,0,0,4.24422E+20,5.58805E+21,7.93568E+15,5.04396E+16
58892,58893,7,3,19,0,2016,10,13,3,2,8,6,0,0,0,1,0,1,0,0,4.46932E+20,5.50119E+21,8.26467E+15,4.96609E+16
58893,58894,7,3,32,23,2016,10,23,6,2,9,1,2,1,0,1,0,0,0,0,4.43669E+20,5.48688E+21,8.22151E+15,4.95319E+16
58894,58895,7,1,32,76,2016,10,14,7,3,8,1,0,1,0,1,0,0,0,0,4.21306E+20,5.63641E+21,7.88153E+15,5.0874E+16
58895,58896,7,1,41,201,2016,10,16,1,3,0,1,1,0,0,0,0,1,0,0,4.09765E+20,5.58026E+21,7.7312E+15,5.03675E+16
58896,58897,7,1,43,84,2016,10,14,1,2,2,6,0,1,1,1,0,0,0,0,4.08292E+20,5.59377E+21,7.70719E+15,5.04887E+16
58897,58898,7,3,38,11,2016,10,3,7,3,0,7,2,1,0,1,0,0,0,0,4.53861E+20,5.45933E+21,8.36557E+15,4.9285E+16
58898,58899,7,3,20,0,2016,10,6,7,3,7,7,2,1,0,1,0,0,0,0,3.77911E+20,5.45063E+21,7.32417E+15,4.91963E+16
58899,58900,7,3,15,0,2016,10,22,5,3,2,6,2,1,0,1,0,0,0,1,4.47998E+20,5.53925E+21,8.27434E+15,5.00033E+16
58900,58901,7,1,43,48,2016,10,7,7,2,6,4,1,1,0,1,1,0,0,0,4.1717E+20,5.58791E+21,7.83361E+15,5.04373E+16
58901,58902,7,1,40,501,2016,10,23,5,2,2,1,2,1,0,0,0,0,1,1,3.98757E+20,5.56174E+21,7.58142E+15,5.01992E+16
58902,58903,7,1,38,45,2016,10,12,2,3,5,3,0,0,1,1,0,0,0,0,3.95172E+20,5.58725E+21,7.52413E+15,5.04279E+16
58903,58904,7,1,32,47,2016,10,12,4,3,2,6,0,1,0,1,0,0,0,1,4.02025E+20,5.61683E+21,7.61279E+15,5.06951E+16
58904,58905,7,3,34,14,2016,10,13,2,3,4,6,0,1,0,1,0,0,0,0,4.45903E+20,5.44908E+21,8.25753E+15,4.91922E+16
58905,58906,7,1,43,229,2016,10,16,6,3,6,4,0,0,0,1,1,0,0,0,4.1656E+20,5.61265E+21,7.81947E+15,5.06597E+16
58906,58907,7,3,15,0,2016,10,17,5,3,2,6,0,0,0,1,0,0,0,0,4.43972E+20,5.5389E+21,8.21821E+15,4.99998E+16
58907,58908,7,2,35,151,2016,10,6,3,3,5,3,2,1,0,1,0,0,0,0,3.35375E+20,5.53095E+21,6.70718E+15,4.99083E+16
58908,58909,7,1,37,25,2016,10,7,2,2,8,1,2,1,0,1,0,0,0,0,3.73269E+20,5.58238E+21,7.21753E+15,5.03798E+16
58909,58910,7,3,34,22,2016,10,11,7,3,2,2,0,0,0,1,0,0,0,0,4.4915E+20,5.44147E+21,8.30305E+15,4.91239E+16
58910,58911,7,2,11,0,2016,10,10,6,3,6,4,0,0,0,1,1,0,0,0,3.33102E+20,5.51376E+21,6.68294E+15,4.97531E+16
58911,58912,7,3,15,0,2016,10,16,3,3,1,6,0,0,0,1,0,0,0,0,4.4804E+20,5.53916E+21,8.27494E+15,5.00025E+16
58912,58913,7,1,35,18,2016,10,9,2,3,4,1,0,1,0,1,0,0,0,0,3.63492E+20,5.56235E+21,7.08734E+15,5.01976E+16
58913,58914,7,3,19,0,2016,10,19,6,3,6,2,2,0,0,1,1,0,0,0,4.51609E+20,5.49805E+21,8.32987E+15,4.96331E+16
58914,58915,7,1,35,82,2016,10,14,1,3,4,1,0,0,0,1,0,1,0,0,3.78344E+20,5.55847E+21,7.29657E+15,5.0166E+16
58915,58916,7,2,31,57,2016,10,10,6,3,8,1,0,1,0,1,0,0,0,0,3.56994E+20,5.54836E+21,7.00159E+15,5.00703E+16
58916,58917,7,1,31,1,2016,10,16,1,3,5,3,0,0,0,1,0,1,0,0,3.52471E+20,5.58345E+21,6.92479E+15,5.03846E+16
58917,58918,7,3,40,28,2016,10,15,2,3,3,6,0,0,0,1,0,1,0,0,4.06072E+20,5.4455E+21,7.7118E+15,4.91551E+16
58918,58919,7,3,13,0,2016,10,12,7,3,4,2,0,0,0,1,0,0,0,0,4.35624E+20,5.45093E+21,8.11617E+15,4.92078E+16
58919,58920,7,1,32,18,2016,10,23,6,3,8,1,2,1,0,1,0,0,0,0,4.28712E+20,5.62071E+21,7.98982E+15,5.07338E+16
58920,58921,7,2,35,501,2016,10,17,5,3,9,1,0,1,0,1,0,0,0,0,3.25503E+20,5.5263E+21,6.57191E+15,4.98637E+16
58921,58922,7,1,37,203,2016,10,11,7,3,2,6,0,0,0,1,0,0,0,0,3.98842E+20,5.58853E+21,7.57543E+15,5.044E+16
58922,58923,7,3,32,37,2016,10,13,4,3,1,6,0,0,0,1,0,0,1,0,4.29386E+20,5.47201E+21,8.02681E+15,4.93967E+16
58923,58924,7,3,32,47,2016,10,19,1,3,7,6,2,0,0,1,0,0,0,1,4.3193E+20,5.48645E+21,8.05938E+15,4.95268E+16
58924,58925,7,1,37,216,2016,10,8,4,3,2,6,0,1,0,1,0,0,0,0,3.93188E+20,5.58274E+21,7.49748E+15,5.0387E+16
58925,58926,7,3,39,12,2016,10,8,2,3,0,1,0,1,0,0,0,1,0,1,4.53017E+20,5.51963E+21,8.34676E+15,4.98273E+16
58926,58927,7,3,35,38,2016,10,8,3,3,2,6,1,1,0,1,0,0,0,0,3.97926E+20,5.47516E+21,7.59254E+15,4.94205E+16
58927,58928,7,3,38,25,2016,10,16,3,3,0,1,0,0,1,0,0,0,0,0,4.55575E+20,5.47018E+21,8.38792E+15,4.93827E+16
58928,58929,7,3,37,41,2016,10,23,2,3,5,2,2,1,0,1,0,0,1,0,4.43978E+20,5.45475E+21,8.23032E+15,4.9243E+16
58929,58930,7,1,43,50,2016,10,14,5,2,7,1,0,0,0,1,0,0,0,0,4.02924E+20,5.59115E+21,7.63222E+15,5.04643E+16
58930,58931,7,1,11,0,2016,10,23,7,3,8,1,2,0,0,1,0,0,0,0,3.93666E+20,5.57829E+21,7.50546E+15,5.03471E+16
58931,58932,7,1,43,229,2016,10,12,2,3,1,3,0,1,0,1,0,0,0,0,4.17223E+20,5.61286E+21,7.82881E+15,5.06617E+16
58932,58933,7,3,12,0,2016,10,12,1,3,2,6,0,0,0,1,0,0,0,0,4.13281E+20,5.47911E+21,7.80335E+15,4.94584E+16
58933,58934,7,1,38,75,2016,10,16,3,3,5,2,0,0,0,1,0,0,0,0,3.80368E+20,5.60794E+21,7.30915E+15,5.06111E+16
58934,58935,7,1,11,0,2016,10,16,2,3,8,1,0,1,0,1,0,0,1,0,4.01026E+20,5.57869E+21,7.60877E+15,5.0352E+16
58935,58936,7,3,31,3,2016,10,22,7,3,8,7,2,0,0,1,0,0,0,0,4.36072E+20,5.51229E+21,8.1124E+15,4.97597E+16
58936,58937,7,1,43,78,2016,10,0,6,3,8,1,2,1,0,1,0,0,0,0,4.12752E+20,5.59562E+21,7.76961E+15,5.05061E+16
58937,58938,7,2,31,107,2016,10,15,6,3,5,3,0,0,1,1,0,0,0,0,3.53455E+20,5.53586E+21,6.95694E+15,4.99571E+16
58938,58939,7,3,34,1,2016,10,11,2,3,5,3,0,0,0,1,0,0,0,0,4.47505E+20,5.44896E+21,8.27953E+15,4.91912E+16
58939,58940,7,2,31,82,2016,10,9,7,3,5,6,0,1,0,1,0,1,0,0,3.39285E+20,5.55131E+21,6.75307E+15,5.00923E+16
58940,58941,7,3,17,0,2016,10,9,5,3,6,2,0,1,0,1,1,0,0,0,3.98349E+20,5.45036E+21,7.60469E+15,4.91976E+16