FID,OBJECTID,ULAND,UREGBEZ,UKREIS,UGEMEINDE,UJAHR,UMONAT,USTUNDE,UWOCHENTAG,UKATEGORIE,UART,UTYP1,ULICHTVERH,IstStrasse,IstRad,IstPKW,IstFuss,IstKrad,IstGkfz,IstSonstig,LINREFX,LINREFY,XGCSWGS84,YGCSWGS84
58941,58942,7,3,17,0,2016,10,19,4,3,8,7,2,0,0,0,0,0,1,0,3.96365E+20,5.45423E+21,7.57646E+15,4.92321E+16
58942,58943,7,3,16,0,2016,10,14,6,3,6,7,0,0,0,1,1,0,0,0,4.38405E+20,5.4677E+21,8.15176E+15,4.93589E+16
58943,58944,7,1,40,68,2016,10,9,6,3,3,6,0,0,0,1,0,0,0,0,4.0217E+20,5.54623E+21,7.63321E+15,5.00603E+16
58944,58945,7,2,31,134,2016,10,6,4,3,5,3,2,0,0,1,0,0,0,0,3.47926E+20,5.53954E+21,6.87846E+15,4.99888E+16
58945,58946,7,3,35,35,2016,10,19,2,3,8,1,2,0,0,0,0,1,0,0,4.11133E+20,5.48399E+21,7.77262E+15,4.9502E+16
58946,58947,7,1,33,31,2016,10,14,7,1,9,1,0,0,0,1,0,0,0,0,4.21896E+20,5.51701E+21,7.91466E+15,4.98004E+16
58947,58948,7,1,40,9,2016,10,13,6,3,4,2,0,1,0,1,0,0,0,1,3.87199E+20,5.54592E+21,7.42421E+15,5.00548E+16
58948,58949,7,1,31,7,2016,10,12,5,3,2,6,0,1,0,1,0,0,0,0,3.68247E+20,5.60124E+21,7.1403E+15,5.05482E+16
58949,58950,7,1,11,0,2016,10,10,5,3,7,7,0,0,0,0,0,1,0,0,3.95667E+20,5.58243E+21,7.53242E+15,5.03847E+16
58950,58951,7,3,14,0,2016,10,13,6,3,2,6,0,0,0,1,0,0,0,1,4.50206E+20,5.48029E+21,8.31269E+15,4.94732E+16
58951,58952,7,1,40,3,2016,10,5,6,3,8,1,2,0,0,1,0,0,0,0,4.00572E+20,5.53724E+21,7.61321E+15,4.99792E+16
58952,58953,7,3,15,0,2016,10,20,4,3,1,1,2,1,0,1,0,1,0,0,4.4768E+20,5.53759E+21,8.27013E+15,4.99883E+16
58953,58954,7,3,14,0,2016,10,7,4,3,2,6,1,0,0,1,0,0,0,0,4.57014E+20,5.47629E+21,8.40708E+15,4.94377E+16
58954,58955,7,3,17,0,2016,10,23,3,3,0,1,2,1,0,1,0,0,0,0,3.96597E+20,5.44958E+21,7.58084E+15,4.91903E+16
58955,58956,7,3,39,32,2016,10,6,2,3,3,6,2,1,0,1,0,0,0,0,4.44247E+20,5.53336E+21,8.22285E+15,4.995E+16
58956,58957,7,3,12,0,2016,10,17,3,3,3,2,0,0,1,1,0,0,0,0,4.10144E+20,5.4764E+21,7.76069E+15,4.94336E+16
58957,58958,7,3,31,23,2016,10,16,3,3,5,2,0,0,0,1,0,1,0,0,4.42654E+20,5.50043E+21,8.20551E+15,4.96537E+16
58958,58959,7,3,31,10,2016,10,17,2,2,2,6,0,0,0,1,0,1,0,0,4.39925E+20,5.51616E+21,8.16529E+15,4.97949E+16
58959,58960,7,1,32,118,2016,10,22,5,3,2,6,2,0,0,1,0,0,0,0,4.00844E+20,5.61855E+21,7.59561E+15,5.07103E+16
58960,58961,7,2,33,218,2016,10,1,7,2,9,1,2,1,0,1,0,0,0,0,3.53629E+20,5.57303E+21,6.9451E+15,5.02913E+16
58961,58962,7,1,33,76,2016,10,16,1,3,2,6,0,0,0,1,0,0,0,0,4.06306E+20,5.51379E+21,7.69885E+15,4.97692E+16
58962,58963,7,1,11,0,2016,10,14,7,3,5,3,0,0,0,1,0,0,0,0,3.97866E+20,5.58138E+21,7.56363E+15,5.03756E+16
58963,58964,7,1,32,63,2016,10,21,2,3,5,3,2,1,0,1,0,0,0,0,4.21665E+20,5.62872E+21,7.88827E+15,5.0805E+16
58964,58965,7,3,39,5,2016,10,19,1,3,2,6,2,0,0,1,0,0,0,0,4.18451E+20,5.53689E+21,7.8626E+15,4.99788E+16
58965,58966,7,3,32,50,2016,10,15,1,2,5,3,0,0,0,1,0,1,0,0,4.45503E+20,5.48451E+21,8.24719E+15,4.95108E+16
58966,58967,7,2,31,10,2016,10,13,7,2,4,1,0,0,0,1,0,0,0,0,3.37998E+20,5.53753E+21,6.74091E+15,4.99681E+16
58967,58968,7,2,11,0,2016,10,21,6,3,2,6,2,1,0,1,0,0,0,0,3.31094E+20,5.51584E+21,6.65418E+15,4.97712E+16
58968,58969,7,1,33,54,2016,10,16,2,2,5,3,0,0,1,0,0,0,1,0,4.21344E+20,5.52808E+21,7.90474E+15,4.98999E+16
58969,58970,7,1,37,34,2016,10,12,3,3,8,1,0,1,0,1,0,0,0,0,3.66079E+20,5.58301E+21,7.11624E+15,5.03839E+16
58970,58971,7,3,12,0,2016,10,5,5,2,5,3,2,0,0,1,0,1,0,0,4.09523E+20,5.47597E+21,7.75223E+15,4.94297E+16
58971,58972,7,3,13,0,2016,10,8,4,3,2,6,0,0,0,1,0,0,1,0,4.35434E+20,5.45147E+21,8.11348E+15,4.92126E+16
58972,58973,7,1,33,31,2016,10,17,6,2,2,6,0,0,0,1,0,1,0,0,4.21335E+20,5.5189E+21,7.90648E+15,4.98174E+16
58973,58974,7,3,32,21,2016,10,15,5,2,9,7,0,0,0,0,0,0,0,1,4.46678E+20,5.48855E+21,8.26287E+15,4.95472E+16
58974,58975,7,1,43,256,2016,10,16,4,3,1,6,0,0,0,1,0,0,0,0,4.33905E+20,5.61638E+21,8.06418E+15,5.06955E+16
58975,58976,7,3,33,7,2016,10,2,3,3,4,6,2,1,0,0,0,0,1,0,4.31509E+20,5.50242E+21,8.05078E+15,4.96704E+16
58976,58977,7,3,33,3,2016,10,13,6,3,4,6,0,1,0,1,0,0,0,0,4.14546E+20,5.50955E+21,7.81418E+15,4.97324E+16
58977,58978,7,1,38,41,2016,10,17,7,2,4,6,0,1,0,1,0,0,0,0,3.79792E+20,5.60578E+21,7.30172E+15,5.05916E+16
58978,58979,7,2,31,87,2016,10,14,1,2,7,7,0,0,0,0,0,1,0,0,3.59904E+20,5.52858E+21,7.04944E+15,4.98932E+16
58979,58980,7,3,35,4,2016,10,15,1,3,9,1,0,1,0,1,0,0,0,0,4.20308E+20,5.48042E+21,7.90004E+15,4.94712E+16
58980,58981,7,2,11,0,2016,10,12,1,2,5,3,0,0,0,1,0,0,0,0,3.33704E+20,5.51277E+21,6.69171E+15,4.97444E+16
58981,58982,7,1,38,44,2016,10,23,1,2,8,1,2,0,0,1,0,0,1,0,3.90437E+20,5.60553E+21,7.45211E+15,5.05914E+16
58982,58983,7,2,11,0,2016,10,10,2,2,2,6,1,1,0,1,0,0,0,0,3.31739E+20,5.51281E+21,6.66444E+15,4.97442E+16
58983,58984,7,3,37,52,2016,10,9,3,2,9,1,0,0,1,0,0,0,0,0,4.36869E+20,5.46183E+21,8.13154E+15,4.9306E+16
58984,58985,7,1,41,20,2016,10,10,3,3,8,1,0,1,0,1,0,0,0,0,4.36509E+20,5.56898E+21,8.10908E+15,5.02695E+16
58985,58986,7,1,31,58,2016,10,11,7,3,5,3,0,1,0,1,0,0,0,0,3.53775E+20,5.57744E+21,6.94545E+15,5.03309E+16
58986,58987,7,3,15,0,2016,10,19,2,2,6,6,2,1,1,0,1,0,0,0,4.50463E+20,5.53313E+21,8.30952E+15,4.99485E+16
58987,58988,7,2,35,135,2016,10,19,7,3,2,1,2,1,0,1,0,0,0,0,3.4139E+20,5.5114E+21,6.79888E+15,4.97342E+16
58988,58989,7,1,33,103,2016,10,2,1,3,2,6,2,0,0,1,0,0,0,0,4.13485E+20,5.53316E+21,7.7942E+15,4.99445E+16
58989,58990,7,1,11,0,2016,10,6,7,3,9,1,2,1,0,1,0,0,0,0,3.9833E+20,5.58094E+21,7.57027E+15,5.03717E+16
58990,58991,7,1,37,3,2016,10,9,2,2,5,2,0,0,0,0,0,1,1,0,3.87856E+20,5.58652E+21,7.42137E+15,5.042E+16
58991,58992,7,1,33,93,2016,10,15,1,3,4,6,0,0,0,1,0,1,0,0,4.13984E+20,5.53107E+21,7.80161E+15,4.99258E+16
58992,58993,7,2,31,134,2016,10,18,1,2,2,6,0,0,0,1,0,0,0,0,3.45529E+20,5.53658E+21,6.84624E+15,4.99615E+16
58993,58994,7,1,35,10,2016,10,13,2,3,2,1,0,0,0,1,0,0,0,0,3.78518E+20,5.54378E+21,7.30368E+15,5.00339E+16
58994,58995,7,1,38,74,2016,10,19,3,3,3,6,2,0,0,1,0,0,0,0,3.99397E+20,5.60089E+21,7.57991E+15,5.05513E+16
58995,58996,7,2,33,501,2016,10,10,6,3,0,1,0,0,0,0,0,1,0,0,3.46598E+20,5.56597E+21,6.84933E+15,5.0226E+16
58996,58997,7,3,18,0,2016,10,11,5,3,4,6,0,0,1,0,0,0,0,0,4.58585E+20,5.46416E+21,8.43002E+15,4.93288E+16
58997,58998,7,1,32,18,2016,10,15,4,3,6,7,0,0,0,1,1,0,0,0,4.27607E+20,5.6212E+21,7.97406E+15,5.07381E+16
58998,58999,7,3,15,0,2016,10,18,3,3,5,3,2,1,1,1,0,0,0,0,4.47113E+20,5.53914E+21,8.26201E+15,5.00022E+16
58999,59000,7,1,38,41,2016,10,14,2,3,2,6,0,1,0,1,0,0,1,0,3.78087E+20,5.60317E+21,7.2785E+15,5.05678E+16
59000,59001,7,3,13,0,2016,10,13,6,3,1,6,0,0,0,1,0,0,0,0,4.3787E+20,5.45106E+21,8.14698E+15,4.92092E+16
59001,59002,7,1,38,45,2016,10,2,7,3,8,1,2,1,0,1,0,0,0,0,3.93202E+20,5.59336E+21,7.49465E+15,5.04825E+16
59002,59003,7,1,43,6,2016,10,14,1,3,8,1,0,0,0,0,0,1,0,0,4.06003E+20,5.59415E+21,7.67483E+15,5.04918E+16
59003,59004,7,1,35,64,2016,10,20,6,3,4,6,2,1,0,1,0,0,0,0,3.72965E+20,5.54721E+21,7.22503E+15,5.00636E+16
59004,59005,7,1,43,48,2016,10,12,1,3,9,1,0,1,0,0,0,1,0,0,4.19645E+20,5.58626E+21,7.86881E+15,5.04229E+16
59005,59006,7,3,31,58,2016,10,9,7,3,9,1,0,1,0,1,0,0,0,0,4.37674E+20,5.52659E+21,8.13235E+15,4.98884E+16
59006,59007,7,3,36,52,2016,10,13,7,3,4,6,0,1,0,1,0,0,0,0,3.81426E+20,5.48549E+21,7.36202E+15,4.95104E+16
59007,59008,7,1,34,45,2016,10,20,5,3,6,4,2,1,0,1,1,0,0,0,3.77607E+20,5.50888E+21,7.302E+15,4.97199E+16
59008,59009,7,1,31,55,2016,10,21,7,3,2,2,2,0,0,1,0,0,0,0,3.73794E+20,5.59129E+21,7.22193E+15,5.046E+16
59009,59010,7,3,40,51,2016,10,21,4,3,5,3,2,1,0,1,0,0,0,0,3.96589E+20,5.45733E+21,7.57874E+15,4.92599E+16
59010,59011,7,1,31,1,2016,10,15,2,3,0,2,0,0,0,1,0,1,0,0,3.52426E+20,5.58352E+21,6.92412E+15,5.03852E+16
59011,59012,7,1,31,70,2016,10,7,4,3,5,3,1,0,0,1,0,0,0,0,3.75142E+20,5.60368E+21,7.23675E+15,5.05717E+16
59012,59013,7,3,11,0,2016,10,18,2,3,0,1,2,1,0,0,0,1,0,0,4.52433E+20,5.48592E+21,8.34274E+15,4.9524E+16
59013,59014,7,1,11,0,2016,10,7,4,3,6,4,2,0,0,1,1,0,0,0,3.96676E+20,5.57786E+21,7.54787E+15,5.03437E+16
59014,59015,7,1,40,133,2016,10,14,1,3,2,1,0,0,0,1,0,1,0,0,4.06088E+20,5.55819E+21,7.68498E+15,5.01685E+16
59015,59016,7,3,19,0,2016,10,17,5,3,1,6,1,1,0,1,0,0,0,0,4.53577E+20,5.49771E+21,8.35716E+15,4.96301E+16
59016,59017,7,1,37,89,2016,10,19,5,3,5,3,2,1,1,1,0,0,0,0,3.79537E+20,5.57286E+21,7.30869E+15,5.02955E+16
59017,59018,7,1,43,62,2016,10,10,2,3,2,6,0,0,0,1,0,0,0,0,4.092E+20,5.59017E+21,7.72085E+15,5.04565E+16
59018,59019,7,1,38,2,2016,10,18,4,2,4,6,1,1,0,1,0,0,0,0,3.98528E+20,5.59599E+21,7.56898E+15,5.05071E+16
59019,59020,7,3,35,22,2016,10,6,2,2,2,6,2,1,0,1,0,0,0,0,3.91175E+20,5.474E+21,7.49981E+15,4.94089E+16
59020,59021,7,1,34,45,2016,10,13,6,3,2,6,0,0,0,1,0,0,0,0,3.78211E+20,5.5081E+21,7.31061E+15,4.97131E+16
59021,59022,7,3,14,0,2016,10,14,5,3,1,1,0,0,0,1,0,0,0,0,4.59716E+20,5.48046E+21,8.44393E+15,4.94755E+16
59022,59023,7,1,40,161,2016,10,15,4,3,5,3,0,0,0,1,0,0,0,0,4.02383E+20,5.54764E+21,7.63582E+15,5.0073E+16
59023,59024,7,3,15,0,2016,10,15,3,3,3,6,0,0,0,1,0,0,0,0,4.48661E+20,5.53606E+21,8.28402E+15,4.99747E+16
59024,59025,7,1,31,14,2016,10,7,2,3,2,6,1,1,0,1,0,0,0,0,3.81758E+20,5.59359E+21,7.33334E+15,5.04823E+16
59025,59026,7,3,39,30,2016,10,0,6,3,5,3,2,1,0,1,0,0,0,0,4.30471E+20,5.53725E+21,8.03016E+15,4.99836E+16
59026,59027,7,1,37,81,2016,10,5,1,3,0,1,2,0,0,1,0,0,0,0,3.82499E+20,5.586E+21,7.34617E+15,5.04143E+16
59027,59028,7,2,31,503,2016,10,9,6,3,6,7,0,1,0,1,1,0,0,0,3.40278E+20,5.53957E+21,6.77184E+15,4.99871E+16
59028,59029,7,1,31,3,2016,10,13,1,2,4,6,0,0,0,0,0,1,0,0,3.55551E+20,5.5981E+21,6.96243E+15,5.0517E+16
59029,59030,7,3,36,40,2016,10,20,2,3,5,3,2,0,0,1,0,0,0,0,3.93741E+20,5.50157E+21,7.52773E+15,4.96573E+16
59030,59031,7,3,11,0,2016,10,16,7,2,5,3,0,0,1,1,0,0,0,0,4.53234E+20,5.48848E+21,8.35351E+15,4.95471E+16
59031,59032,7,1,31,7,2016,10,16,6,3,2,6,0,0,0,1,0,0,0,0,3.70214E+20,5.60103E+21,7.16812E+15,5.05467E+16
59032,59033,7,1,43,37,2016,10,11,5,3,9,1,0,1,0,1,0,0,0,0,4.29087E+20,5.58961E+21,8.00107E+15,5.04542E+16
59033,59034,7,3,35,38,2016,10,14,6,3,2,6,0,0,0,1,0,0,0,0,3.9331E+20,5.47488E+21,7.52899E+15,4.94172E+16
59034,59035,7,3,34,7,2016,10,11,4,3,3,1,0,0,0,1,0,0,1,0,4.52471E+20,5.45055E+21,8.34749E+15,4.92059E+16
59035,59036,7,3,40,54,2016,10,12,1,3,2,6,0,0,0,1,0,0,0,0,4.08285E+20,5.48165E+21,7.73384E+15,4.94806E+16
59036,59037,7,1,11,0,2016,10,18,4,3,2,6,2,0,0,1,0,0,0,0,3.99545E+20,5.5797E+21,7.58769E+15,5.03608E+16
59037,59038,7,3,15,0,2016,10,10,2,3,1,6,0,1,0,1,0,0,0,0,4.47067E+20,5.5392E+21,8.26135E+15,5.00027E+16
59038,59039,7,3,35,38,2016,10,16,3,2,5,3,0,0,0,1,0,0,0,0,3.9621E+20,5.47908E+21,7.56786E+15,4.94555E+16
59039,59040,7,1,38,77,2016,10,15,2,3,4,1,0,1,0,1,0,0,0,0,3.85275E+20,5.60933E+21,7.37804E+15,5.06245E+16
59040,59041,7,3,11,0,2016,10,16,3,3,5,3,0,0,0,1,0,0,0,0,4.53438E+20,5.48697E+21,8.35651E+15,4.95335E+16
59041,59042,7,3,18,0,2016,10,6,2,3,2,6,1,0,0,1,0,0,0,0,4.5777E+20,5.4662E+21,8.41858E+15,4.9347E+16
59042,59043,7,1,43,67,2016,10,11,5,3,9,1,0,0,0,1,0,0,0,0,4.10852E+20,5.59743E+21,7.74239E+15,5.0522E+16
59043,59044,7,3,40,15,2016,10,17,6,3,3,6,0,0,0,1,0,0,0,1,4.13235E+20,5.46397E+21,7.80602E+15,4.93223E+16
59044,59045,7,1,41,29,2016,10,12,2,3,2,6,0,0,0,1,0,0,0,0,4.31426E+20,5.5786E+21,8.03602E+15,5.03554E+16
59045,59046,7,3,37,8,2016,10,17,1,3,5,3,0,0,0,1,0,0,0,0,4.21664E+20,5.4409E+21,7.9265E+15,4.9116E+16
59046,59047,7,3,17,0,2016,10,4,1,3,8,1,2,0,0,1,0,0,0,0,3.97573E+20,5.45068E+21,7.59396E+15,4.92004E+16
59047,59048,7,3,14,0,2016,10,10,3,3,8,1,0,0,0,1,0,0,0,0,4.53494E+20,5.48115E+21,8.35796E+15,4.94812E+16
59048,59049,7,1,31,70,2016,10,14,6,2,4,6,0,0,0,1,0,0,0,0,3.7358E+20,5.60532E+21,7.21415E+15,5.05861E+16
59049,59050,7,1,37,89,2016,10,16,3,3,5,3,0,0,0,1,0,1,0,0,3.80809E+20,5.57382E+21,7.32624E+15,5.03045E+16
59050,59051,7,2,31,127,2016,10,14,5,3,8,7,0,0,0,0,0,0,1,1,3.47264E+20,5.55202E+21,6.86426E+15,5.01008E+16
59051,59052,7,3,33,502,2016,10,13,1,2,5,3,0,0,0,1,0,1,0,0,4.14683E+20,5.49707E+21,7.8188E+15,4.96202E+16
59052,59053,7,1,41,126,2016,10,11,3,3,9,1,0,1,0,0,0,1,0,0,4.28627E+20,5.57588E+21,7.99719E+15,5.03307E+16
59053,59054,7,1,40,67,2016,10,6,2,3,5,2,2,1,0,1,0,0,0,0,3.8539E+20,5.53455E+21,7.40234E+15,4.99523E+16
59054,59055,7,3,37,5,2016,10,20,7,2,4,1,2,0,0,1,0,0,0,0,4.27855E+20,5.43642E+21,8.01212E+15,4.90764E+16
59055,59056,7,1,41,69,2016,10,14,6,3,8,1,0,1,0,1,0,0,0,0,4.12368E+20,5.55033E+21,7.77471E+15,5.00987E+16
59056,59057,7,3,32,25,2016,10,17,2,2,1,6,1,0,0,1,0,1,0,0,4.47917E+20,5.46767E+21,8.28275E+15,4.93595E+16
59057,59058,7,3,31,73,2016,10,20,7,3,5,3,2,0,0,1,0,0,0,0,4.36346E+20,5.52074E+21,8.11482E+15,4.98357E+16
59058,59059,7,1,11,0,2016,10,23,6,3,3,6,2,1,0,1,0,0,0,0,4.00789E+20,5.57774E+21,7.60568E+15,5.03433E+16
59059,59060,7,1,38,77,2016,10,12,5,3,2,6,0,0,0,0,0,0,1,1,3.84537E+20,5.61051E+21,7.36725E+15,5.0635E+16
59060,59061,7,3,32,44,2016,10,22,6,3,7,7,2,0,0,1,0,0,0,0,4.35877E+20,5.48777E+21,8.11371E+15,4.95391E+16
59061,59062,7,1,37,206,2016,10,14,6,2,9,1,0,0,0,1,0,0,0,0,3.83706E+20,5.56091E+21,7.37087E+15,5.0189E+16
59062,59063,7,2,33,501,2016,10,14,4,3,9,1,0,1,0,1,0,0,0,0,3.43758E+20,5.56269E+21,6.8109E+15,5.01957E+16
59063,59064,7,3,15,0,2016,10,8,4,3,2,2,0,0,0,1,0,0,0,0,4.48465E+20,5.53759E+21,8.28108E+15,4.99884E+16
59064,59065,7,2,32,288,2016,10,9,2,3,9,7,0,1,0,1,0,0,0,0,3.16256E+20,5.57397E+21,6.42048E+15,5.02892E+16
59065,59066,7,3,35,35,2016,10,7,3,3,4,6,2,1,0,1,0,0,1,1,4.13217E+20,5.48413E+21,7.80137E+15,4.95036E+16
59066,59067,7,3,15,0,2016,10,15,3,3,3,2,0,0,1,1,0,0,0,0,4.47268E+20,5.53803E+21,8.26432E+15,4.99922E+16
59067,59068,7,3,19,0,2016,10,17,2,3,2,2,0,0,0,1,0,0,0,0,4.53594E+20,5.49741E+21,8.35743E+15,4.96275E+16
59068,59069,7,2,31,81,2016,10,6,7,2,9,1,2,1,0,1,0,0,0,0,3.54529E+20,5.53313E+21,6.97293E+15,4.99328E+16
59069,59070,7,3,31,43,2016,10,9,1,3,5,3,0,0,0,1,0,0,0,0,4.34754E+20,5.51566E+21,8.09353E+15,4.97899E+16
59070,59071,7,3,40,39,2016,10,10,6,3,8,1,0,0,0,0,0,1,0,0,4.10698E+20,5.43751E+21,7.777E+15,4.9084E+16
59071,59072,7,1,32,9,2016,10,14,2,2,5,2,0,0,0,1,0,0,0,0,4.00607E+20,5.61811E+21,7.59237E+15,5.07063E+16
59072,59073,7,3,39,56,2016,10,17,1,3,9,7,0,1,0,0,0,1,0,1,4.28404E+20,5.52603E+21,8.00341E+15,4.98824E+16
59073,59074,7,3,37,47,2016,10,14,1,3,6,6,0,0,0,1,1,0,0,0,4.39011E+20,5.46141E+21,8.16107E+15,4.93024E+16
59074,59075,7,2,11,0,2016,10,9,6,3,1,6,0,0,0,1,0,0,0,0,3.28907E+20,5.5141E+21,6.62461E+15,4.9755E+16
59075,59076,7,3,31,70,2016,10,7,2,3,2,2,1,1,0,1,0,0,0,0,4.2843E+20,5.51311E+21,8.00616E+15,4.97662E+16
59076,59077,7,1,37,3,2016,10,11,3,3,9,1,0,0,0,1,0,0,0,0,3.84135E+20,5.5904E+21,7.36782E+15,5.04541E+16
59077,59078,7,3,34,13,2016,10,12,5,3,9,1,0,1,0,1,0,0,0,0,4.4032E+20,5.43939E+21,8.18234E+15,4.91045E+16
59078,59079,7,3,15,0,2016,10,12,7,3,2,6,0,0,0,1,0,0,0,0,4.41422E+20,5.5373E+21,8.18289E+15,4.99851E+16
59079,59080,7,1,38,41,2016,10,16,6,3,8,1,0,1,0,0,0,1,0,0,3.79646E+20,5.60597E+21,7.29959E+15,5.05932E+16
59080,59081,7,1,43,276,2016,10,11,6,3,4,1,0,0,0,1,0,0,1,1,4.19559E+20,5.61388E+21,7.86163E+15,5.06712E+16
59081,59082,7,3,18,0,2016,10,23,2,3,4,2,2,0,0,1,0,0,0,0,4.57828E+20,5.46298E+21,8.41972E+15,4.93181E+16
59082,59083,7,2,11,0,2016,10,10,7,3,8,1,0,1,0,1,0,0,0,0,3.34717E+20,5.52423E+21,6.70089E+15,4.98476E+16
59083,59084,7,3,33,30,2016,10,14,5,3,4,6,0,1,0,1,0,0,0,1,4.13357E+20,5.49104E+21,7.80177E+15,4.95657E+16
59084,59085,7,3,35,12,2016,10,14,4,3,5,3,0,0,0,0,0,1,0,1,3.90936E+20,5.47306E+21,7.49677E+15,4.94004E+16
59085,59086,7,3,34,28,2016,10,15,6,3,9,1,0,0,0,1,0,0,0,0,4.51999E+20,5.45867E+21,8.34004E+15,4.92789E+16
59086,59087,7,3,36,3,2016,10,6,5,2,1,6,2,0,0,1,0,1,0,0,3.88825E+20,5.48846E+21,7.46336E+15,4.95385E+16
59087,59088,7,2,35,68,2016,10,16,4,3,1,6,0,0,0,1,0,0,0,0,3.26037E+20,5.50916E+21,6.587E+15,4.97098E+16
59088,59089,7,1,43,1,2016,10,7,2,3,4,2,2,1,0,1,0,0,0,0,4.04499E+20,5.59128E+21,7.65436E+15,5.04658E+16
59089,59090,7,3,38,15,2016,10,17,3,3,2,6,0,0,0,1,0,0,0,0,4.51987E+20,5.49294E+21,8.33572E+15,4.95872E+16
59090,59091,7,1,35,20,2016,10,15,3,3,0,1,0,0,1,0,0,0,0,0,3.68579E+20,5.554E+21,7.16145E+15,5.01236E+16
59091,59092,7,1,40,501,2016,10,20,7,3,9,1,2,1,0,1,0,0,0,0,3.98097E+20,5.56484E+21,7.57135E+15,5.02269E+16
59092,59093,7,2,33,68,2016,10,6,2,3,2,7,2,0,0,0,0,0,1,1,3.52419E+20,5.56224E+21,6.93233E+15,5.0194E+16
59093,59094,7,2,11,0,2016,10,13,7,3,4,1,0,1,0,1,0,0,0,0,3.33218E+20,5.51355E+21,6.68464E+15,4.97513E+16
59094,59095,7,2,33,14,2016,10,13,1,2,8,1,0,1,0,0,0,1,0,0,3.51172E+20,5.56497E+21,6.91381E+15,5.02181E+16
59095,59096,7,3,40,207,2016,10,10,6,3,5,3,0,1,0,1,0,0,0,0,3.88132E+20,5.45414E+21,7.46343E+15,4.92299E+16
59096,59097,7,1,37,202,2016,10,22,2,3,2,6,2,0,0,1,0,0,0,0,3.90316E+20,5.57781E+21,7.45854E+15,5.03421E+16
59097,59098,7,3,15,0,2016,10,13,1,3,5,3,0,0,1,1,0,0,0,0,4.47329E+20,5.53734E+21,8.26527E+15,4.99861E+16
59098,59099,7,2,32,7,2016,10,11,1,2,4,2,0,0,0,1,0,1,0,0,3.28746E+20,5.54316E+21,6.6095E+15,5.00161E+16
59099,59100,7,1,43,242,2016,10,2,1,3,8,1,2,1,0,1,0,0,0,0,4.29807E+20,5.60991E+21,8.00739E+15,5.06368E+16
59100,59101,7,3,18,0,2016,10,11,5,2,1,6,0,1,0,1,0,0,0,0,4.58574E+20,5.46334E+21,8.42996E+15,4.93214E+16
59101,59102,7,2,32,18,2016,10,10,2,3,4,2,0,0,0,1,0,0,0,0,3.2192E+20,5.53953E+21,6.516E+15,4.99815E+16
59102,59103,7,2,35,137,2016,10,21,4,3,4,3,2,1,0,1,0,0,0,0,3.25207E+20,5.51659E+21,6.57216E+15,4.97764E+16
59103,59104,7,3,40,206,2016,10,13,2,3,5,2,0,1,0,1,0,0,0,1,3.8547E+20,5.45595E+21,7.42637E+15,4.92456E+16
59104,59105,7,2,32,226,2016,10,15,6,2,5,3,0,0,0,1,0,1,0,0,3.1999E+20,5.56581E+21,6.47673E+15,5.02171E+16
59105,59106,7,3,14,0,2016,10,11,5,3,0,1,0,0,1,0,0,0,0,0,4.55688E+20,5.48192E+21,8.38816E+15,4.94883E+16
59106,59107,7,1,37,43,2016,10,16,4,3,4,5,0,0,0,0,0,1,0,0,3.73403E+20,5.57127E+21,7.22315E+15,5.028E+16
59107,59108,7,3,15,0,2016,10,0,3,3,5,3,2,1,0,1,0,0,0,0,4.47553E+20,5.53986E+21,8.26805E+15,5.00088E+16
59108,59109,7,1,32,501,2016,10,16,2,2,4,1,0,1,0,1,0,0,0,0,4.03907E+20,5.61818E+21,7.63908E+15,5.07075E+16
59109,59110,7,1,33,12,2016,10,14,6,2,5,3,0,0,0,1,0,0,0,0,4.24436E+20,5.52557E+21,7.94828E+15,4.98777E+16
59110,59111,7,1,31,74,2016,10,22,7,3,8,1,2,1,0,1,0,0,0,0,3.50866E+20,5.59028E+21,6.8995E+15,5.04455E+16
59111,59112,7,1,38,2,2016,10,1,1,3,9,1,2,0,0,1,0,0,0,0,3.97071E+20,5.59462E+21,7.54882E+15,5.04945E+16
59112,59113,7,3,19,0,2016,10,6,6,3,5,3,2,0,0,1,0,1,0,0,4.50471E+20,5.49897E+21,8.31398E+15,4.96412E+16
59113,59114,7,3,37,22,2016,10,16,5,3,5,3,0,0,0,1,0,0,0,0,4.28677E+20,5.44709E+21,8.02149E+15,4.91725E+16
59114,59115,7,1,43,21,2016,10,17,4,3,5,3,0,0,0,1,0,0,0,0,4.22774E+20,5.58814E+21,7.91246E+15,5.04402E+16
59115,59116,7,3,19,0,2016,10,17,3,2,8,1,1,1,0,1,0,0,0,0,4.51352E+20,5.49959E+21,8.32611E+15,4.96469E+16
59116,59117,7,3,12,0,2016,10,13,6,3,4,2,0,1,1,1,0,0,0,0,4.09835E+20,5.47799E+21,7.75606E+15,4.94479E+16
59117,59118,7,1,32,117,2016,10,12,7,3,2,6,0,1,0,1,0,0,0,0,4.10324E+20,5.6263E+21,7.72796E+15,5.07816E+16
59118,59119,7,1,43,224,2016,10,14,1,2,3,2,0,0,0,1,0,1,0,0,4.30417E+20,5.60136E+21,8.01761E+15,5.056E+16
59119,59120,7,3,40,28,2016,10,5,6,1,6,6,2,0,0,1,1,0,0,0,4.01961E+20,5.44864E+21,7.65467E+15,4.91827E+16
59120,59121,7,1,43,229,2016,10,16,1,3,8,1,0,0,0,0,0,1,0,0,4.21476E+20,5.61173E+21,7.88921E+15,5.06522E+16