FID,OBJECTID,ULAND,UREGBEZ,UKREIS,UGEMEINDE,UJAHR,UMONAT,USTUNDE,UWOCHENTAG,UKATEGORIE,UART,UTYP1,ULICHTVERH,IstStrasse,IstRad,IstPKW,IstFuss,IstKrad,IstGkfz,IstSonstig,LINREFX,LINREFY,XGCSWGS84,YGCSWGS84
59121,59122,7,3,16,0,2016,10,19,7,2,5,7,2,1,0,1,0,0,0,0,4.41254E+20,5.4652E+21,8.19136E+15,4.93367E+16
59122,59123,7,1,37,206,2016,10,14,1,2,0,6,0,0,1,0,0,0,0,0,3.8625E+20,5.56445E+21,7.40543E+15,5.02213E+16
59123,59124,7,3,15,0,2016,10,18,5,3,0,7,2,1,0,1,0,1,0,0,4.46406E+20,5.5399E+21,8.25203E+15,5.0009E+16
59124,59125,7,1,43,40,2016,10,11,7,3,4,1,0,1,0,1,0,0,0,0,4.05603E+20,5.58979E+21,7.67029E+15,5.04525E+16
59125,59126,7,1,11,0,2016,10,16,5,3,9,1,0,1,0,1,0,0,0,0,4.00947E+20,5.5784E+21,7.60774E+15,5.03493E+16
59126,59127,7,1,32,50,2016,10,14,2,3,2,4,0,0,0,1,1,0,0,0,4.26344E+20,5.62594E+21,7.95522E+15,5.07805E+16
59127,59128,7,1,32,26,2016,10,17,4,3,5,7,0,1,0,1,0,0,0,0,4.3107E+20,5.61932E+21,8.02348E+15,5.07216E+16
59128,59129,7,3,32,2,2016,10,11,2,2,6,2,0,1,0,1,1,0,0,0,4.39576E+20,5.47924E+21,8.16612E+15,4.94628E+16
59129,59130,7,2,31,79,2016,10,16,6,3,4,6,0,0,0,1,0,0,0,0,3.54254E+20,5.50709E+21,6.97888E+15,4.96987E+16
59130,59131,7,3,31,50,2016,10,16,5,3,5,3,0,0,0,1,0,0,0,0,4.28128E+20,5.51096E+21,8.00237E+15,4.97468E+16
59131,59132,7,2,35,118,2016,10,7,3,3,9,1,0,1,0,1,0,0,0,0,3.21772E+20,5.49942E+21,6.53234E+15,4.9621E+16
59132,59133,7,1,37,68,2016,10,14,2,3,9,1,0,1,0,1,0,0,0,0,3.70773E+20,5.57585E+21,7.1847E+15,5.03205E+16
59133,59134,7,2,31,31,2016,10,20,6,3,9,1,2,0,0,1,0,0,0,0,3.45913E+20,5.53005E+21,6.85419E+15,4.9903E+16
59134,59135,7,1,37,69,2016,10,18,1,3,2,6,1,0,0,1,0,0,0,0,3.762E+20,5.58325E+21,7.25846E+15,5.03883E+16
59135,59136,7,2,35,141,2016,10,18,6,3,2,6,1,0,0,1,0,0,0,1,3.38296E+20,5.51215E+21,6.75566E+15,4.97401E+16
59136,59137,7,3,12,0,2016,10,21,2,3,5,2,2,0,0,1,0,0,0,0,4.10687E+20,5.47681E+21,7.76808E+15,4.94374E+16
59137,59138,7,1,33,6,2016,10,16,7,2,6,1,0,0,0,1,1,0,0,0,4.18077E+20,5.52209E+21,7.86053E+15,4.98456E+16
59138,59139,7,1,40,158,2016,10,14,6,3,8,1,0,1,0,1,0,0,0,0,3.9948E+20,5.5393E+21,7.59746E+15,4.99976E+16
59139,59140,7,1,31,14,2016,10,15,5,3,8,1,0,1,0,1,0,0,0,0,3.81784E+20,5.59354E+21,7.33372E+15,5.04819E+16
59140,59141,7,1,11,0,2016,10,16,5,3,7,2,0,0,0,1,1,0,0,0,3.97738E+20,5.58063E+21,7.56204E+15,5.03688E+16
59141,59142,7,3,12,0,2016,10,9,6,3,3,2,0,0,0,0,0,0,1,1,4.11604E+20,5.47815E+21,7.78043E+15,4.94496E+16
59142,59143,7,2,32,13,2016,10,7,6,3,8,1,1,1,0,1,0,0,0,0,3.14492E+20,5.53612E+21,6.41413E+15,4.99486E+16
59143,59144,7,1,32,97,2016,10,12,1,2,9,1,0,1,0,0,0,1,0,0,3.93975E+20,5.61072E+21,7.50059E+15,5.06387E+16
59144,59145,7,3,15,0,2016,10,19,7,3,0,1,2,0,1,0,0,0,0,0,4.47854E+20,5.53954E+21,8.27229E+15,5.00059E+16
59145,59146,7,3,37,501,2016,10,15,7,3,5,2,0,0,0,1,0,0,0,0,4.2758E+20,5.45223E+21,8.00551E+15,4.92186E+16
59146,59147,7,2,35,146,2016,10,11,5,3,5,3,0,1,0,1,0,0,0,0,3.15805E+20,5.50582E+21,6.4468E+15,4.96768E+16
59147,59148,7,1,11,0,2016,10,12,7,3,8,7,0,0,0,1,0,0,0,0,4.06476E+20,5.57982E+21,7.68508E+15,5.0363E+16
59148,59149,7,3,32,47,2016,10,8,4,3,2,6,1,0,0,1,0,0,1,0,4.32486E+20,5.48648E+21,8.06706E+15,4.95272E+16
59149,59150,7,1,37,227,2016,10,16,2,3,8,1,0,0,0,1,0,0,0,0,3.95456E+20,5.56937E+21,7.53307E+15,5.02672E+16
59150,59151,7,1,37,228,2016,10,9,4,3,2,6,0,1,0,1,0,0,1,0,3.88771E+20,5.58591E+21,7.43444E+15,5.04147E+16
59151,59152,7,3,14,0,2016,10,11,2,3,1,2,0,1,0,1,0,0,0,0,4.57867E+20,5.47919E+21,8.41854E+15,4.94639E+16
59152,59153,7,3,35,12,2016,10,9,3,3,2,6,0,1,0,1,0,0,0,1,3.90438E+20,5.47369E+21,7.48973E+15,4.9406E+16
59153,59154,7,3,37,21,2016,10,18,3,3,5,3,2,0,0,1,0,0,0,0,4.3705E+20,5.45697E+21,8.1348E+15,4.92623E+16
59154,59155,7,3,34,16,2016,10,17,2,3,8,1,0,1,0,0,0,1,0,0,4.51991E+20,5.44073E+21,8.34208E+15,4.91176E+16
59155,59156,7,2,11,0,2016,10,16,5,3,5,3,0,0,0,1,0,0,0,1,3.2748E+20,5.51146E+21,6.60599E+15,4.97309E+16
59156,59157,7,1,43,249,2016,10,6,2,3,5,3,2,0,0,1,0,0,0,0,4.23738E+20,5.60023E+21,7.92357E+15,5.0549E+16
59157,59158,7,3,36,52,2016,10,20,1,3,1,1,2,0,0,1,0,0,0,0,3.80912E+20,5.48529E+21,7.35499E+15,4.95085E+16
59158,59159,7,1,43,40,2016,10,7,3,3,8,1,2,1,0,1,0,0,0,0,4.05349E+20,5.59001E+21,7.66667E+15,5.04545E+16
59159,59160,7,1,38,13,2016,11,13,3,2,9,1,0,0,0,0,0,1,0,0,3.96809E+20,5.60942E+21,7.54103E+15,5.06275E+16
59160,59161,7,1,37,227,2016,10,8,2,3,2,6,0,1,0,1,0,0,0,0,3.96657E+20,5.5716E+21,7.54931E+15,5.02875E+16
59161,59162,7,3,18,0,2016,10,12,7,3,6,2,0,0,0,1,1,0,0,0,4.58295E+20,5.46282E+21,8.42616E+15,4.93167E+16
59162,59163,7,1,43,81,2016,10,7,6,2,5,3,2,1,1,1,0,0,0,0,4.1335E+20,5.59114E+21,7.77908E+15,5.04658E+16
59163,59164,7,3,16,0,2016,10,13,2,2,5,3,0,0,1,0,0,0,0,1,4.39189E+20,5.46617E+21,8.16279E+15,4.93452E+16
59164,59165,7,1,43,222,2016,10,16,7,3,8,1,0,0,0,0,0,1,0,0,4.29892E+20,5.61016E+21,8.00854E+15,5.06391E+16
59165,59166,7,1,31,210,2016,10,22,6,2,9,1,2,1,0,0,0,0,0,1,3.7451E+20,5.58659E+21,7.23358E+15,5.04179E+16
59166,59167,7,3,40,207,2016,10,16,4,3,4,2,0,0,0,1,0,0,0,0,3.88118E+20,5.45421E+21,7.46322E+15,4.92304E+16
59167,59168,7,3,16,0,2016,10,18,6,2,0,3,1,0,0,1,0,0,0,0,4.4299E+20,5.46537E+21,8.21523E+15,4.93384E+16
59168,59169,7,1,11,0,2016,10,14,6,3,2,6,0,0,0,1,0,0,0,0,3.99573E+20,5.57948E+21,7.58813E+15,5.03588E+16
59169,59170,7,2,32,93,2016,10,7,4,3,8,1,0,1,0,1,0,0,0,0,3.17908E+20,5.5259E+21,6.46652E+15,4.98578E+16
59170,59171,7,2,31,24,2016,10,10,4,3,2,6,0,0,0,1,0,0,1,0,3.45826E+20,5.5362E+21,6.85052E+15,4.99582E+16
59171,59172,7,2,11,0,2016,10,14,2,3,2,6,0,1,0,1,0,0,0,0,3.29042E+20,5.5101E+21,6.62824E+15,4.97191E+16
59172,59173,7,3,38,12,2016,10,14,3,3,2,6,0,0,0,1,0,0,0,0,4.49218E+20,5.48929E+21,8.29789E+15,4.95541E+16
59173,59174,7,2,35,148,2016,10,7,3,2,8,1,2,1,0,0,0,1,0,0,3.25684E+20,5.50547E+21,6.58375E+15,4.96765E+16
59174,59175,7,3,15,0,2016,10,0,2,3,5,3,2,0,1,1,0,0,0,0,4.45013E+20,5.54163E+21,8.23235E+15,5.00244E+16
59175,59176,7,2,35,135,2016,10,19,7,3,1,6,2,1,0,1,0,0,0,0,3.41113E+20,5.51214E+21,6.79474E+15,4.97407E+16
59176,59177,7,3,15,0,2016,10,9,1,3,5,3,0,0,0,1,0,0,0,0,4.4829E+20,5.53782E+21,8.27861E+15,4.99904E+16
59177,59178,7,3,16,0,2016,10,20,6,3,5,1,2,0,0,1,0,1,0,0,4.39042E+20,5.46561E+21,8.16085E+15,4.93401E+16
59178,59179,7,1,40,3,2016,10,6,6,3,1,6,2,0,0,1,0,0,0,0,4.00597E+20,5.53725E+21,7.61355E+15,4.99793E+16
59179,59180,7,1,33,6,2016,10,15,4,3,1,6,0,0,0,1,0,0,0,0,4.22108E+20,5.52407E+21,7.91618E+15,4.9864E+16
59180,59181,7,3,38,16,2016,10,22,4,3,0,7,2,0,1,0,0,0,0,0,4.50468E+20,5.48473E+21,8.31575E+15,4.95131E+16
59181,59182,7,3,40,27,2016,10,15,3,2,5,2,0,0,0,1,0,0,0,1,4.14562E+20,5.46019E+21,7.82508E+15,4.92885E+16
59182,59183,7,3,15,0,2016,10,13,2,3,4,1,0,1,0,1,0,0,0,0,4.47971E+20,5.53949E+21,8.27394E+15,5.00055E+16
59183,59184,7,3,35,18,2016,10,7,3,3,1,2,1,1,0,1,0,0,0,0,3.9963E+20,5.47465E+21,7.61615E+15,4.94163E+16
59184,59185,7,3,31,24,2016,10,7,3,3,6,6,2,0,0,1,1,0,0,0,4.39006E+20,5.5052E+21,8.15423E+15,4.96962E+16
59185,59186,7,3,39,5,2016,10,13,2,2,4,6,0,0,1,0,0,0,0,0,4.20682E+20,5.53476E+21,7.89415E+15,4.99599E+16
59186,59187,7,1,38,3,2016,10,14,5,3,1,6,0,0,0,1,0,1,0,0,3.88422E+20,5.61382E+21,7.42116E+15,5.06655E+16
59187,59188,7,3,37,40,2016,10,14,1,3,2,6,0,0,0,1,0,1,0,0,4.31874E+20,5.44527E+21,8.06564E+15,4.91565E+16
59188,59189,7,3,34,8,2016,10,17,6,3,5,3,0,0,0,1,0,0,0,0,4.44296E+20,5.43001E+21,8.2381E+15,4.90204E+16
59189,59190,7,1,38,44,2016,10,15,2,3,2,2,0,0,0,1,0,0,0,0,3.89311E+20,5.60702E+21,7.43577E+15,5.06046E+16
59190,59191,7,1,33,52,2016,10,17,1,3,5,3,0,0,0,1,0,1,0,0,3.88888E+20,5.51576E+21,7.45648E+15,4.9784E+16
59191,59192,7,3,18,0,2016,10,15,1,3,0,7,0,0,0,1,0,0,0,0,4.61706E+20,5.46557E+21,8.47283E+15,4.93417E+16
59192,59193,7,3,15,0,2016,10,17,7,2,4,2,0,0,1,1,0,0,0,0,4.48088E+20,5.53903E+21,8.27563E+15,5.00013E+16
59193,59194,7,1,43,67,2016,10,16,6,3,2,2,0,0,0,1,0,0,0,0,4.12398E+20,5.59919E+21,7.76378E+15,5.0538E+16
59194,59195,7,3,14,0,2016,10,14,2,3,2,6,0,0,0,1,0,0,0,0,4.57287E+20,5.48249E+21,8.41018E+15,4.94935E+16
59195,59196,7,1,31,6,2016,10,13,3,3,2,6,0,0,0,1,0,0,0,0,3.78942E+20,5.59741E+21,7.29243E+15,5.05161E+16
59196,59197,7,3,35,19,2016,10,16,5,3,4,6,0,1,0,1,0,0,0,0,3.9733E+20,5.48626E+21,7.58145E+15,4.95203E+16
59197,59198,7,3,37,35,2016,10,15,4,3,5,3,0,0,0,1,0,0,0,0,4.39958E+20,5.45722E+21,8.17473E+15,4.92648E+16
59198,59199,7,3,39,5,2016,10,14,6,2,2,6,0,0,0,1,0,0,0,0,4.2106E+20,5.5341E+21,7.89955E+15,4.9954E+16
59199,59200,7,3,32,24,2016,10,17,5,2,5,2,0,0,0,1,0,0,0,0,4.4051E+20,5.49186E+21,8.17711E+15,4.95764E+16
59200,59201,7,1,43,254,2016,10,17,4,3,1,6,0,0,0,1,0,0,0,0,4.23376E+20,5.60427E+21,7.91762E+15,5.05853E+16
59201,59202,7,3,33,26,2016,10,14,3,2,8,1,0,0,0,0,0,1,0,0,4.31753E+20,5.49347E+21,8.05572E+15,4.959E+16
59202,59203,7,1,11,0,2016,10,10,7,3,9,1,0,1,0,1,0,0,0,0,3.98561E+20,5.57765E+21,7.57441E+15,5.03422E+16
59203,59204,7,1,43,81,2016,10,11,7,3,5,3,0,1,0,1,0,0,0,0,4.15564E+20,5.59305E+21,7.80984E+15,5.04833E+16
59204,59205,7,2,32,137,2016,10,2,1,3,8,1,2,0,0,0,0,1,0,1,3.16184E+20,5.53082E+21,6.44022E+15,4.99015E+16
59205,59206,7,3,14,0,2016,10,14,6,3,5,3,0,0,0,1,0,0,0,1,4.54865E+20,5.48238E+21,8.37675E+15,4.94924E+16
59206,59207,7,1,43,81,2016,10,14,2,3,3,6,0,1,0,1,0,0,1,0,4.12319E+20,5.59101E+21,7.76459E+15,5.04645E+16
59207,59208,7,2,11,0,2016,10,15,1,3,8,1,0,0,0,1,0,0,0,0,3.274E+20,5.51623E+21,6.60276E+15,4.97737E+16
59208,59209,7,2,35,135,2016,10,11,1,3,8,7,0,0,0,1,0,0,0,0,3.41226E+20,5.51204E+21,6.79634E+15,4.97399E+16
59209,59210,7,1,38,45,2016,10,22,1,3,5,3,2,0,0,1,0,0,0,0,3.9219E+20,5.59126E+21,7.48099E+15,5.04635E+16
59210,59211,7,1,40,42,2016,10,12,1,3,5,3,0,0,0,1,0,1,0,0,3.91819E+20,5.54944E+21,7.48774E+15,5.00874E+16
59211,59212,7,3,14,0,2016,10,15,5,3,3,6,0,1,0,1,0,1,0,0,4.59733E+20,5.48052E+21,8.44415E+15,4.9476E+16
59212,59213,7,1,37,216,2016,10,22,2,3,8,7,2,1,0,1,0,0,0,0,3.94691E+20,5.58247E+21,7.51869E+15,5.03849E+16
59213,59214,7,1,33,6,2016,10,17,1,2,3,6,0,0,0,1,0,0,0,0,4.23099E+20,5.52577E+21,7.92963E+15,4.98794E+16
59214,59215,7,3,15,0,2016,10,12,1,3,3,2,0,0,0,1,0,0,0,1,4.42866E+20,5.53901E+21,8.20277E+15,5.00007E+16
59215,59216,7,3,39,27,2016,10,7,2,3,2,6,0,0,0,1,0,0,0,0,4.34893E+20,5.53869E+21,8.09159E+15,4.9997E+16
59216,59217,7,1,38,74,2016,10,19,3,3,2,6,2,0,0,1,0,0,0,0,3.98668E+20,5.60154E+21,7.56945E+15,5.0557E+16
59217,59218,7,3,15,0,2016,10,12,6,3,5,3,0,0,0,1,0,0,1,0,4.4229E+20,5.53757E+21,8.19495E+15,4.99877E+16
59218,59219,7,3,18,0,2016,10,16,5,3,1,6,0,0,0,1,0,1,0,0,4.58242E+20,5.46797E+21,8.4249E+15,4.9363E+16
59219,59220,7,1,43,48,2016,10,7,4,3,1,7,1,1,0,0,0,0,1,1,4.1766E+20,5.58787E+21,7.84052E+15,5.04371E+16
59220,59221,7,3,39,57,2016,10,1,3,3,8,1,2,1,0,1,0,0,0,0,4.37265E+20,5.52996E+21,8.1261E+15,4.99187E+16
59221,59222,7,1,38,8,2016,10,16,2,3,8,1,0,1,0,1,0,0,0,0,3.78406E+20,5.60797E+21,7.28142E+15,5.0611E+16
59222,59223,7,3,34,13,2016,10,22,6,3,3,6,2,0,0,1,0,1,0,0,4.40312E+20,5.43939E+21,8.18224E+15,4.91044E+16
59223,59224,7,1,32,47,2016,10,6,7,2,4,1,2,1,0,1,0,0,0,0,4.0216E+20,5.61685E+21,7.61469E+15,5.06952E+16
59224,59225,7,1,41,25,2016,10,14,1,3,8,1,0,0,0,0,0,1,0,0,4.12233E+20,5.5749E+21,7.76714E+15,5.03197E+16
59225,59226,7,2,35,83,2016,10,0,6,3,8,7,2,1,0,0,0,0,1,0,3.46214E+20,5.51396E+21,6.86476E+15,4.97584E+16
59226,59227,7,1,43,18,2016,10,16,1,3,9,1,0,1,0,0,0,1,0,0,4.17079E+20,5.60055E+21,7.82952E+15,5.0551E+16
59227,59228,7,1,33,6,2016,10,16,7,3,2,6,0,1,0,1,0,0,0,0,4.17389E+20,5.51952E+21,7.8515E+15,4.98224E+16
59228,59229,7,3,35,38,2016,10,11,7,3,2,6,0,0,0,1,0,0,0,0,3.96848E+20,5.47521E+21,7.57767E+15,4.94208E+16
59229,59230,7,3,39,32,2016,10,9,5,3,2,6,0,1,0,1,0,0,1,0,4.44348E+20,5.53347E+21,8.22426E+15,4.9951E+16
59230,59231,7,1,32,50,2016,10,16,7,2,4,2,0,0,1,1,0,0,0,0,4.26595E+20,5.62604E+21,7.95877E+15,5.07814E+16
59231,59232,7,1,31,90,2016,10,18,5,3,9,1,1,1,0,1,0,0,0,0,3.62531E+20,5.6052E+21,7.0582E+15,5.05825E+16
59232,59233,7,1,40,503,2016,10,14,2,3,8,6,0,0,0,1,0,0,0,1,3.82634E+20,5.5506E+21,7.35904E+15,5.0096E+16
59233,59234,7,1,31,70,2016,10,17,4,3,4,6,0,1,0,1,0,0,0,0,3.7323E+20,5.60916E+21,7.2079E+15,5.06205E+16
59234,59235,7,3,37,64,2016,10,7,2,2,6,6,2,1,0,0,1,0,0,1,4.27868E+20,5.45682E+21,8.00864E+15,4.92599E+16
59235,59236,7,3,12,0,2016,10,9,3,3,3,6,0,1,0,1,0,0,0,1,4.0718E+20,5.4769E+21,7.7197E+15,4.94376E+16
59236,59237,7,1,35,40,2016,10,17,6,2,5,3,0,0,0,1,0,0,0,0,3.63778E+20,5.56746E+21,7.08951E+15,5.02435E+16
59237,59238,7,1,31,202,2016,10,7,3,3,5,3,2,0,0,1,0,0,0,1,3.77532E+20,5.5906E+21,7.27479E+15,5.04546E+16
59238,59239,7,3,15,0,2016,10,6,5,3,2,6,2,0,0,1,0,0,0,0,4.4726E+20,5.53723E+21,8.26432E+15,4.99851E+16
59239,59240,7,1,43,236,2016,10,7,3,3,8,1,0,1,0,1,0,0,0,0,4.13218E+20,5.61799E+21,7.77096E+15,5.07073E+16
59240,59241,7,1,41,121,2016,10,16,2,3,9,1,0,1,0,0,0,1,0,0,4.10195E+20,5.5575E+21,7.74264E+15,5.01629E+16
59241,59242,7,1,41,52,2016,10,17,4,3,8,1,1,1,0,1,0,0,0,0,4.26445E+20,5.58358E+21,7.96504E+15,5.03997E+16
59242,59243,7,3,35,22,2016,10,22,2,3,0,6,2,1,0,1,0,0,0,0,3.92748E+20,5.47464E+21,7.52131E+15,4.9415E+16
59243,59244,7,1,34,5,2016,10,17,6,2,4,6,0,0,0,1,0,0,0,0,3.79078E+20,5.49641E+21,7.32626E+15,4.96082E+16
59244,59245,7,3,14,0,2016,10,6,5,3,5,3,2,0,1,1,0,0,0,0,4.57491E+20,5.48359E+21,8.41287E+15,4.95034E+16
59245,59246,7,1,41,501,2016,10,13,4,3,1,2,0,0,0,1,0,0,0,0,4.03227E+20,5.57002E+21,7.64191E+15,5.02743E+16
59246,59247,7,3,15,0,2016,10,11,3,3,4,2,0,0,1,0,0,0,1,0,4.47268E+20,5.53803E+21,8.26432E+15,4.99922E+16
59247,59248,7,1,31,70,2016,10,9,2,1,8,1,0,1,0,1,0,0,1,0,3.73357E+20,5.60834E+21,7.20997E+15,5.06132E+16
59248,59249,7,3,19,0,2016,10,12,6,3,4,2,0,1,0,1,0,0,0,0,4.53021E+20,5.49729E+21,8.3495E+15,4.96263E+16
59249,59250,7,1,31,58,2016,10,13,1,2,5,3,0,0,0,1,0,1,0,0,3.53708E+20,5.57753E+21,6.94447E+15,5.03317E+16
59250,59251,7,2,31,134,2016,10,10,6,3,4,1,0,1,0,1,0,0,1,0,3.54258E+20,5.54066E+21,6.96631E+15,5.00004E+16
59251,59252,7,1,31,30,2016,10,15,1,2,4,6,0,0,0,1,0,1,0,0,3.44238E+20,5.58135E+21,6.80994E+15,5.03635E+16
59252,59253,7,3,35,38,2016,10,8,2,3,3,6,0,0,0,1,0,0,0,1,3.9663E+20,5.47523E+21,7.57465E+15,4.9421E+16
59253,59254,7,3,18,0,2016,10,19,7,2,9,1,2,0,0,0,0,1,0,0,4.61757E+20,5.4607E+21,8.474E+15,4.92978E+16
59254,59255,7,1,38,50,2016,10,6,6,3,8,1,2,1,0,1,0,0,0,0,4.00169E+20,5.61051E+21,7.58823E+15,5.06379E+16
59255,59256,7,1,43,286,2016,10,6,5,2,6,2,2,1,0,1,1,0,0,0,4.34551E+20,5.60856E+21,8.0747E+15,5.06252E+16
59256,59257,7,1,43,84,2016,10,5,7,3,8,1,2,0,0,1,0,0,0,0,4.10366E+20,5.59417E+21,7.73632E+15,5.04927E+16
59257,59258,7,3,32,37,2016,10,6,4,2,1,5,2,1,0,1,0,1,0,0,4.30771E+20,5.47096E+21,8.04609E+15,4.93874E+16
59258,59259,7,3,12,0,2016,10,13,1,3,5,3,0,0,0,1,0,0,0,0,4.14971E+20,5.47733E+21,7.82704E+15,4.94427E+16
59259,59260,7,1,11,0,2016,10,16,4,3,5,2,1,1,0,1,0,0,0,0,3.97855E+20,5.58264E+21,7.56313E+15,5.03869E+16
59260,59261,7,3,39,51,2016,10,20,2,2,9,1,2,1,0,1,0,0,0,0,4.34684E+20,5.53196E+21,8.08981E+15,4.99365E+16
59261,59262,7,3,35,38,2016,10,7,3,3,2,6,1,1,0,1,0,0,1,0,3.98993E+20,5.47541E+21,7.60718E+15,4.9423E+16
59262,59263,7,1,43,67,2016,10,13,2,3,2,6,0,1,0,1,0,0,0,0,4.1073E+20,5.59741E+21,7.74067E+15,5.05218E+16
59263,59264,7,3,38,18,2016,10,13,3,2,4,6,0,0,0,1,0,0,1,0,4.48424E+20,5.48127E+21,8.28796E+15,4.94819E+16
59264,59265,7,3,18,0,2016,10,17,2,3,5,2,0,0,0,1,0,0,0,0,4.58394E+20,5.4624E+21,8.42757E+15,4.93129E+16
59265,59266,7,1,43,48,2016,10,15,5,3,1,6,0,0,0,1,0,0,0,0,4.17867E+20,5.58907E+21,7.84317E+15,5.04479E+16
59266,59267,7,3,14,0,2016,10,12,6,3,3,7,0,0,0,1,0,0,0,1,4.57119E+20,5.48441E+21,8.40766E+15,4.95108E+16
59267,59268,7,1,41,97,2016,10,12,2,3,5,3,0,0,0,1,0,0,0,1,4.15131E+20,5.55787E+21,7.81166E+15,5.0167E+16
59268,59269,7,3,34,25,2016,10,13,1,3,0,1,0,1,0,0,0,1,0,0,4.4844E+20,5.44468E+21,8.29291E+15,4.91528E+16
59269,59270,7,1,37,203,2016,10,13,2,3,4,1,0,1,0,1,0,0,1,0,3.99319E+20,5.58527E+21,7.58302E+15,5.04108E+16
59270,59271,7,3,19,0,2016,10,12,7,2,2,2,0,0,0,1,0,0,0,0,4.52218E+20,5.49838E+21,8.33826E+15,4.96361E+16
59271,59272,7,1,32,15,2016,10,6,6,3,9,1,2,1,0,1,0,0,0,0,3.95536E+20,5.60768E+21,7.52353E+15,5.06117E+16
59272,59273,7,1,38,41,2016,10,20,6,2,5,3,2,0,0,1,0,1,0,0,3.80232E+20,5.6102E+21,7.30649E+15,5.06314E+16
59273,59274,7,3,37,29,2016,10,13,2,3,2,6,0,0,0,1,0,1,0,0,4.27862E+20,5.44199E+21,8.01122E+15,4.91265E+16
59274,59275,7,3,15,0,2016,11,19,1,3,2,6,2,0,0,1,0,0,0,0,4.42876E+20,5.53219E+21,8.20393E+15,4.99393E+16
59275,59276,7,3,34,17,2016,11,17,3,3,5,3,2,1,1,1,0,0,0,0,4.52418E+20,5.45467E+21,8.34627E+15,4.92429E+16
59276,59277,7,1,31,6,2016,11,11,6,3,2,6,0,1,0,1,0,0,0,1,3.79757E+20,5.59614E+21,7.30433E+15,5.05049E+16
59277,59278,7,3,37,27,2016,11,5,5,1,5,3,2,0,0,1,0,1,0,0,4.4363E+20,5.45741E+21,8.22517E+15,4.92669E+16
59278,59279,7,3,12,0,2016,11,17,4,3,2,6,2,0,0,1,0,0,0,0,4.06132E+20,5.47754E+21,7.7051E+15,4.94433E+16
59279,59280,7,1,34,56,2016,11,14,6,3,5,3,0,1,0,1,0,0,0,0,3.79294E+20,5.51674E+21,7.32296E+15,4.9791E+16
59280,59281,7,1,33,6,2016,11,23,4,3,8,1,2,1,0,0,0,0,0,1,4.20432E+20,5.52332E+21,7.89303E+15,4.9857E+16
59281,59282,7,3,15,0,2016,11,20,2,3,2,6,2,1,0,1,0,0,0,0,4.4394E+20,5.54029E+21,8.21756E+15,5.00123E+16
59282,59283,7,3,35,41,2016,11,7,5,2,4,6,0,1,0,1,0,0,0,1,4.05912E+20,5.4896E+21,7.69919E+15,4.95517E+16
59283,59284,7,1,43,18,2016,11,15,3,3,8,7,0,1,0,1,0,0,0,0,4.17343E+20,5.60213E+21,7.8329E+15,5.05652E+16
59284,59285,7,1,37,88,2016,11,13,3,3,2,6,0,0,0,1,0,0,0,0,3.85854E+20,5.58397E+21,7.39399E+15,5.03966E+16
59285,59286,7,1,43,32,2016,11,15,2,3,5,3,0,1,0,1,0,0,0,0,4.04491E+20,5.58878E+21,7.6549E+15,5.04433E+16
59286,59287,7,3,11,0,2016,11,18,3,3,2,6,2,1,0,1,0,0,0,0,4.54838E+20,5.48718E+21,8.37582E+15,4.95356E+16
59287,59288,7,3,20,0,2016,11,14,4,3,2,1,0,1,0,1,0,1,0,0,3.80653E+20,5.45466E+21,7.36059E+15,4.92331E+16
59288,59289,7,1,38,63,2016,11,7,2,2,5,2,1,1,0,1,0,0,0,0,3.81411E+20,5.59652E+21,7.32752E+15,5.05086E+16
59289,59290,7,3,32,24,2016,11,11,7,3,1,1,0,1,0,1,0,0,0,1,4.38594E+20,5.48841E+21,8.15116E+15,4.95451E+16
59290,59291,7,1,35,11,2016,11,22,2,3,9,1,2,1,0,1,0,0,0,0,3.73081E+20,5.56564E+21,7.22052E+15,5.02293E+16
59291,59292,7,3,12,0,2016,11,9,5,3,2,6,0,0,0,1,0,0,0,0,4.10208E+20,5.4764E+21,7.76157E+15,4.94336E+16
59292,59293,7,3,37,50,2016,11,23,6,3,2,6,2,0,0,1,0,0,0,0,4.38033E+20,5.45424E+21,8.14872E+15,4.92378E+16
59293,59294,7,3,15,0,2016,11,16,5,3,2,6,0,0,0,1,0,0,0,0,4.45118E+20,5.53671E+21,8.23452E+15,4.99802E+16
59294,59295,7,1,43,48,2016,11,15,7,3,8,1,0,1,0,1,0,0,0,0,4.19681E+20,5.58617E+21,7.86934E+15,5.0422E+16
59295,59296,7,2,33,20,2016,11,15,6,3,4,2,0,0,0,1,0,0,0,0,3.43921E+20,5.56894E+21,6.8106E+15,5.0252E+16
59296,59297,7,3,39,60,2016,11,10,7,2,8,6,0,0,0,1,0,1,0,0,4.43947E+20,5.52112E+21,8.22045E+15,4.98399E+16
59297,59298,7,3,17,0,2016,11,8,5,2,8,7,0,1,0,1,0,0,0,1,3.99016E+20,5.44768E+21,7.61451E+15,4.91737E+16
59298,59299,7,3,34,28,2016,11,19,3,2,8,1,2,1,0,1,0,0,0,0,4.50581E+20,5.4574E+21,8.32069E+15,4.92674E+16
59299,59300,7,3,35,35,2016,11,14,4,3,6,4,0,0,0,1,1,0,0,0,4.10759E+20,5.4834E+21,7.76758E+15,4.94966E+16
59300,59301,7,1,43,48,2016,11,8,4,3,7,4,1,1,0,1,1,0,0,0,4.16549E+20,5.58826E+21,7.82479E+15,5.04405E+16