FID,OBJECTID,ULAND,UREGBEZ,UKREIS,UGEMEINDE,UJAHR,UMONAT,USTUNDE,UWOCHENTAG,UKATEGORIE,UART,UTYP1,ULICHTVERH,IstStrasse,IstRad,IstPKW,IstFuss,IstKrad,IstGkfz,IstSonstig,LINREFX,LINREFY,XGCSWGS84,YGCSWGS84
59301,59302,7,2,35,133,2016,11,6,4,3,2,6,2,1,0,1,0,0,0,0,3.16122E+20,5.50624E+21,6.45098E+15,4.96807E+16
59302,59303,7,3,33,38,2016,11,13,5,2,4,6,0,1,0,1,0,0,0,0,4.32923E+20,5.49171E+21,8.07221E+15,4.95743E+16
59303,59304,7,1,11,0,2016,11,9,3,3,2,6,0,1,0,1,0,0,0,0,3.99523E+20,5.57976E+21,7.58735E+15,5.03613E+16
59304,59305,7,3,37,23,2016,11,14,1,3,5,2,0,0,1,1,0,0,0,0,4.40531E+20,5.45192E+21,8.18339E+15,4.92172E+16
59305,59306,7,2,35,68,2016,11,9,3,3,1,6,0,1,0,1,0,0,0,0,3.28072E+20,5.51018E+21,6.61475E+15,4.97195E+16
59306,59307,7,3,14,0,2016,11,18,4,3,2,2,2,1,0,1,0,0,0,0,4.583E+20,5.4807E+21,8.42436E+15,4.94776E+16
59307,59308,7,1,43,48,2016,11,7,3,3,2,6,0,0,0,1,0,0,0,0,4.17807E+20,5.58887E+21,7.84237E+15,5.04461E+16
59308,59309,7,3,39,30,2016,11,13,4,3,2,6,0,1,0,1,0,0,0,0,4.3044E+20,5.5373E+21,8.02971E+15,4.9984E+16
59309,59310,7,2,32,18,2016,11,7,2,3,4,6,2,1,0,1,0,0,0,0,3.21718E+20,5.5377E+21,6.51403E+15,4.9965E+16
59310,59311,7,3,34,17,2016,11,7,5,3,4,2,1,1,0,1,0,0,0,0,4.52446E+20,5.45558E+21,8.34655E+15,4.92512E+16
59311,59312,7,1,31,77,2016,11,7,3,3,7,7,0,1,0,1,0,0,0,0,3.76222E+20,5.60156E+21,7.2527E+15,5.05529E+16
59312,59313,7,1,37,209,2016,11,16,2,3,5,3,0,1,0,1,0,1,0,0,3.96697E+20,5.58589E+21,7.54596E+15,5.0416E+16
59313,59314,7,2,31,53,2016,11,19,3,2,4,6,2,1,0,1,0,0,1,0,3.42987E+20,5.52701E+21,6.81471E+15,4.98749E+16
59314,59315,7,3,15,0,2016,11,6,3,2,3,6,1,1,0,1,0,0,0,1,4.44076E+20,5.5351E+21,8.22022E+15,4.99656E+16
59315,59316,7,3,32,9,2016,11,23,4,2,5,3,2,1,1,1,0,0,0,0,4.41041E+20,5.47315E+21,8.18725E+15,4.94081E+16
59316,59317,7,1,40,45,2016,11,22,3,3,9,7,2,1,0,0,0,0,0,1,3.97715E+20,5.55813E+21,7.5678E+15,5.01666E+16
59317,59318,7,1,33,110,2016,11,19,2,3,8,1,2,1,0,1,0,0,0,0,4.12829E+20,5.53435E+21,7.78478E+15,4.99552E+16
59318,59319,7,2,11,0,2016,11,17,5,3,5,2,1,0,0,1,0,0,0,1,3.30577E+20,5.51411E+21,6.64777E+15,4.97556E+16
59319,59320,7,3,14,0,2016,11,21,7,3,6,4,2,1,0,1,1,0,0,0,4.57913E+20,5.4815E+21,8.41893E+15,4.94846E+16
59320,59321,7,3,38,18,2016,11,20,5,3,0,1,2,1,0,1,0,0,0,0,4.47752E+20,5.48079E+21,8.27875E+15,4.94775E+16
59321,59322,7,1,33,94,2016,11,16,6,3,8,1,2,1,0,1,0,0,0,0,3.97294E+20,5.52485E+21,7.57081E+15,4.98673E+16
59322,59323,7,3,39,9,2016,11,7,5,3,2,6,0,0,0,1,0,0,0,0,4.42337E+20,5.54208E+21,8.19492E+15,5.00282E+16
59323,59324,7,1,37,112,2016,11,13,7,2,5,3,0,1,0,1,0,0,0,0,3.81006E+20,5.57792E+21,7.32772E+15,5.03414E+16
59324,59325,7,1,38,69,2016,11,17,6,3,4,6,1,0,0,1,0,0,0,1,4.05137E+20,5.59483E+21,7.66245E+15,5.04978E+16
59325,59326,7,2,35,141,2016,11,21,7,2,0,7,2,0,0,1,0,0,0,0,3.38181E+20,5.51216E+21,6.75406E+15,4.97402E+16
59326,59327,7,1,43,62,2016,11,17,4,3,3,7,1,1,0,1,0,0,0,1,4.09271E+20,5.59038E+21,7.72181E+15,5.04584E+16
59327,59328,7,3,38,20,2016,11,20,4,3,2,2,2,1,0,1,0,0,0,0,4.57521E+20,5.47083E+21,8.41466E+15,4.93887E+16
59328,59329,7,1,35,45,2016,11,13,3,3,3,3,0,0,0,1,0,0,0,0,3.67773E+20,5.56528E+21,7.14626E+15,5.02249E+16
59329,59330,7,1,32,96,2016,11,6,4,3,1,1,2,1,0,1,0,0,0,0,4.09427E+20,5.6248E+21,7.7156E+15,5.07679E+16
59330,59331,7,3,15,0,2016,11,9,5,3,3,6,0,1,0,1,0,1,0,0,4.46822E+20,5.53866E+21,8.25802E+15,4.99979E+16
59331,59332,7,3,34,1,2016,11,8,2,3,2,1,0,0,0,1,0,0,0,0,4.465E+20,5.44905E+21,8.26572E+15,4.91919E+16
59332,59333,7,1,31,81,2016,11,9,1,2,6,4,0,1,0,1,1,0,0,0,3.7446E+20,5.59415E+21,7.23034E+15,5.04859E+16
59333,59334,7,1,37,43,2016,11,8,3,3,8,1,0,1,0,1,0,0,0,0,3.74017E+20,5.57149E+21,7.23169E+15,5.02821E+16
59334,59335,7,1,33,112,2016,11,16,4,3,9,1,1,1,0,1,0,0,0,0,4.13367E+20,5.52195E+21,7.79505E+15,4.98437E+16
59335,59336,7,3,35,35,2016,11,21,2,3,8,1,2,1,0,1,0,0,0,0,4.09999E+20,5.48516E+21,7.7567E+15,4.95123E+16
59336,59337,7,1,40,64,2016,11,14,2,3,0,1,0,0,0,0,0,1,0,0,3.88656E+20,5.54713E+21,7.44421E+15,5.0066E+16
59337,59338,7,1,37,68,2016,11,9,5,3,2,6,0,1,0,1,0,0,0,0,3.76152E+20,5.57655E+21,7.25998E+15,5.0328E+16
59338,59339,7,1,33,108,2016,11,10,5,3,1,6,0,0,0,1,0,0,1,1,4.17033E+20,5.53079E+21,7.84415E+15,4.99238E+16
59339,59340,7,1,43,79,2016,11,13,6,3,5,3,0,1,0,1,0,0,0,1,4.14495E+20,5.58062E+21,7.79761E+15,5.03715E+16
59340,59341,7,1,11,0,2016,11,15,6,3,5,3,0,0,0,1,0,0,0,0,3.98529E+20,5.58082E+21,7.5731E+15,5.03707E+16
59341,59342,7,1,32,63,2016,11,19,7,3,5,6,2,0,0,1,0,1,0,0,4.21119E+20,5.62906E+21,7.88046E+15,5.08079E+16
59342,59343,7,3,11,0,2016,11,17,6,3,2,6,2,1,0,1,0,0,0,0,4.50137E+20,5.48377E+21,8.31129E+15,4.95045E+16
59343,59344,7,1,35,13,2016,11,9,6,2,5,3,0,1,0,1,0,0,0,0,3.66814E+20,5.54426E+21,7.14016E+15,5.00357E+16
59344,59345,7,1,43,81,2016,11,13,5,3,5,3,0,1,1,1,0,0,0,0,4.13728E+20,5.59131E+21,7.78437E+15,5.04674E+16
59345,59346,7,3,19,0,2016,11,19,5,2,2,7,2,0,0,1,0,0,0,0,4.53648E+20,5.50071E+21,8.35778E+15,4.96572E+16
59346,59347,7,3,15,0,2016,11,13,6,2,8,1,0,1,0,1,0,0,0,0,4.47179E+20,5.5322E+21,8.26389E+15,4.99398E+16
59347,59348,7,3,34,25,2016,11,12,6,2,5,3,0,0,0,1,0,1,0,0,4.49381E+20,5.44431E+21,8.30586E+15,4.91495E+16
59348,59349,7,3,39,27,2016,11,9,7,3,2,6,0,1,0,1,0,0,0,0,4.35823E+20,5.53898E+21,8.10451E+15,4.99997E+16
59349,59350,7,1,38,45,2016,11,14,7,3,2,6,0,0,0,1,0,0,0,0,3.92584E+20,5.58721E+21,7.4877E+15,5.04271E+16
59350,59351,7,3,14,0,2016,11,6,6,3,4,2,2,1,0,1,0,0,0,0,4.51194E+20,5.48099E+21,8.32623E+15,4.94796E+16
59351,59352,7,3,17,0,2016,11,16,4,3,6,4,1,0,0,1,1,0,0,0,3.9879E+20,5.4517E+21,7.6104E+15,4.92097E+16
59352,59353,7,1,31,37,2016,11,6,4,3,7,7,0,0,0,1,0,0,0,0,3.596E+20,5.59044E+21,7.02239E+15,5.04492E+16
59353,59354,7,2,32,279,2016,11,18,3,3,1,2,2,0,0,1,0,0,0,0,3.19549E+20,5.55202E+21,6.47708E+15,5.0093E+16
59354,59355,7,3,16,0,2016,11,9,4,2,5,3,0,0,0,1,0,1,0,0,4.39071E+20,5.46683E+21,8.16107E+15,4.93511E+16
59355,59356,7,3,34,13,2016,11,16,2,3,1,3,0,0,1,1,0,0,0,0,4.41559E+20,5.43665E+21,8.19971E+15,4.908E+16
59356,59357,7,1,31,52,2016,11,22,4,3,9,1,2,1,0,1,0,0,0,0,3.45273E+20,5.58369E+21,6.82351E+15,5.03849E+16
59357,59358,7,1,34,45,2016,11,14,5,3,2,6,0,1,0,1,0,0,0,0,3.75744E+20,5.51221E+21,7.27511E+15,4.97496E+16
59358,59359,7,3,14,0,2016,11,16,2,3,2,6,0,0,0,1,0,0,0,0,4.60414E+20,5.48104E+21,8.4535E+15,4.94807E+16
59359,59360,7,3,12,0,2016,11,12,7,3,2,6,0,0,0,1,0,0,0,0,4.1002E+20,5.47642E+21,7.75898E+15,4.94337E+16
59360,59361,7,3,39,31,2016,11,13,4,3,9,1,0,1,0,1,0,0,0,0,4.32959E+20,5.52712E+21,8.06662E+15,4.98927E+16
59361,59362,7,3,32,27,2016,11,14,2,3,1,6,0,1,0,1,0,0,0,0,4.33959E+20,5.4875E+21,8.08724E+15,4.95365E+16
59362,59363,7,3,37,501,2016,11,9,1,3,9,1,0,0,0,1,0,0,0,0,4.24836E+20,5.45009E+21,7.96824E+15,4.9199E+16
59363,59364,7,3,12,0,2016,11,17,4,3,2,6,2,1,0,1,0,0,0,0,4.11036E+20,5.47798E+21,7.77263E+15,4.94479E+16
59364,59365,7,3,32,6,2016,11,7,3,3,5,3,1,0,0,1,0,0,0,0,4.40889E+20,5.49591E+21,8.18174E+15,4.96128E+16
59365,59366,7,1,38,45,2016,11,15,6,3,9,1,0,1,0,1,0,0,0,0,3.95646E+20,5.59309E+21,7.52916E+15,5.04805E+16
59366,59367,7,3,12,0,2016,11,7,5,3,3,2,0,0,1,1,0,0,0,0,4.11365E+20,5.47803E+21,7.77715E+15,4.94484E+16
59367,59368,7,3,34,33,2016,11,16,6,3,5,3,1,1,0,1,0,0,0,0,4.50783E+20,5.45538E+21,8.32373E+15,4.92492E+16
59368,59369,7,3,34,7,2016,11,18,4,3,1,6,0,0,0,1,0,0,0,0,4.54267E+20,5.45302E+21,8.37187E+15,4.92282E+16
59369,59370,7,2,32,74,2016,11,16,6,2,5,3,1,0,0,1,0,0,0,0,3.19081E+20,5.54356E+21,6.47454E+15,5.00168E+16
59370,59371,7,3,38,8,2016,11,17,4,2,1,5,2,1,0,1,0,0,0,0,4.48541E+20,5.47929E+21,8.28983E+15,4.94641E+16
59371,59372,7,1,33,18,2016,11,6,3,3,5,3,2,1,1,0,0,0,0,1,4.20549E+20,5.52515E+21,7.89428E+15,4.98735E+16
59372,59373,7,3,31,21,2016,11,5,2,3,5,3,2,1,0,1,0,0,1,0,4.30182E+20,5.51243E+21,8.03061E+15,4.97603E+16
59373,59374,7,1,11,0,2016,11,9,6,3,8,1,0,1,0,1,0,0,0,0,3.9693E+20,5.58298E+21,7.55003E+15,5.03899E+16
59374,59375,7,2,11,0,2016,11,7,3,3,4,3,0,1,0,1,0,0,0,0,3.2911E+20,5.51476E+21,6.62713E+15,4.9761E+16
59375,59376,7,1,32,50,2016,11,9,3,3,2,6,0,1,0,1,0,0,0,0,4.26186E+20,5.6258E+21,7.95302E+15,5.07793E+16
59376,59377,7,1,41,129,2016,11,15,2,3,4,1,0,1,0,1,0,0,1,0,4.16239E+20,5.57147E+21,7.82416E+15,5.02894E+16
59377,59378,7,3,34,7,2016,11,16,4,3,5,3,0,0,1,1,0,0,0,0,4.53743E+20,5.45184E+21,8.3648E+15,4.92176E+16
59378,59379,7,3,33,7,2016,11,15,2,2,8,1,0,0,0,0,0,0,1,0,4.30414E+20,5.50412E+21,8.03531E+15,4.96855E+16
59379,59380,7,3,12,0,2016,11,17,3,3,6,2,1,0,0,1,1,0,0,0,4.11608E+20,5.47816E+21,7.78048E+15,4.94497E+16
59380,59381,7,1,37,3,2016,11,20,5,2,8,7,2,1,0,1,0,0,0,0,3.81657E+20,5.58782E+21,7.33374E+15,5.04305E+16
59381,59382,7,2,11,0,2016,11,18,3,3,5,3,2,1,0,1,0,0,0,0,3.3022E+20,5.51339E+21,6.64313E+15,4.9749E+16
59382,59383,7,1,43,31,2016,11,7,2,2,4,6,0,1,0,1,0,0,0,0,4.08133E+20,5.58379E+21,7.70739E+15,5.0399E+16
59383,59384,7,1,35,23,2016,11,5,1,3,6,1,2,1,0,1,1,0,0,0,3.67745E+20,5.56819E+21,7.14486E+15,5.0251E+16
59384,59385,7,3,12,0,2016,11,16,3,3,4,2,0,0,1,1,0,0,0,0,4.09533E+20,5.47599E+21,7.75235E+15,4.94298E+16
59385,59386,7,1,40,64,2016,11,17,6,3,1,2,2,1,0,1,0,1,0,0,3.88539E+20,5.54743E+21,7.44248E+15,5.00687E+16
59386,59387,7,1,43,68,2016,11,13,3,3,8,1,0,0,0,1,0,0,0,0,4.0445E+20,5.59137E+21,7.65366E+15,5.04665E+16
59387,59388,7,3,37,5,2016,11,12,4,3,2,6,0,0,0,1,0,0,0,0,4.27124E+20,5.43929E+21,8.00159E+15,4.91021E+16
59388,59389,7,3,37,74,2016,11,13,2,2,5,3,0,0,0,0,0,1,0,1,4.23205E+20,5.44449E+21,7.94692E+15,4.91485E+16
59389,59390,7,3,40,20,2016,11,8,3,2,9,3,0,1,0,1,0,0,0,1,4.10391E+20,5.45063E+21,7.76988E+15,4.92019E+16
59390,59391,7,1,38,10,2016,11,5,5,3,8,1,2,1,0,1,0,0,0,0,3.90259E+20,5.59553E+21,7.45255E+15,5.05014E+16
59391,59392,7,2,31,24,2016,11,7,2,3,9,6,0,0,0,1,0,0,0,0,3.44305E+20,5.53508E+21,6.82978E+15,4.99477E+16
59392,59393,7,3,37,55,2016,11,2,1,3,2,1,2,0,0,1,0,0,0,0,4.30159E+20,5.44137E+21,8.04281E+15,4.91212E+16
59393,59394,7,3,15,0,2016,11,9,2,3,2,6,0,0,0,1,0,0,0,0,4.47405E+20,5.53737E+21,8.26633E+15,4.99863E+16
59394,59395,7,3,14,0,2016,11,17,6,3,2,2,2,0,0,1,0,0,0,0,4.56998E+20,5.48432E+21,8.40599E+15,4.951E+16
59395,59396,7,2,31,49,2016,11,18,4,2,4,1,2,1,0,1,0,0,0,0,3.50614E+20,5.54752E+21,6.91282E+15,5.00612E+16
59396,59397,7,3,14,0,2016,11,16,2,3,1,2,2,0,0,1,0,0,1,0,4.58538E+20,5.48281E+21,8.42742E+15,4.94965E+16
59397,59398,7,3,19,0,2016,11,2,1,2,8,1,2,1,0,1,0,0,0,0,4.48831E+20,5.49969E+21,8.29118E+15,4.96476E+16
59398,59399,7,3,38,7,2016,11,12,3,2,9,6,0,0,0,1,0,0,0,0,4.56463E+20,5.4628E+21,8.40095E+15,4.93164E+16
59399,59400,7,1,40,144,2016,11,14,6,3,8,1,0,1,0,1,0,0,0,0,3.94352E+20,5.53485E+21,7.52714E+15,4.99567E+16
59400,59401,7,3,38,26,2016,11,6,5,3,5,3,1,0,0,1,0,1,0,0,4.59465E+20,5.47151E+21,8.44137E+15,4.93949E+16
59401,59402,7,3,38,19,2016,11,13,4,2,2,2,0,0,0,1,0,0,0,1,4.53673E+20,5.47388E+21,8.36129E+15,4.94159E+16
59402,59403,7,2,11,0,2016,11,10,6,3,2,6,0,1,1,1,0,0,0,0,3.28392E+20,5.51247E+21,6.61818E+15,4.97402E+16
59403,59404,7,3,31,12,2016,11,12,4,3,5,2,0,0,0,1,0,0,0,0,4.34468E+20,5.51557E+21,8.08958E+15,4.9789E+16
59404,59405,7,3,39,5,2016,11,6,2,3,2,6,2,0,0,1,0,0,0,0,4.24411E+20,5.53411E+21,7.94626E+15,4.99546E+16
59405,59406,7,3,32,5,2016,11,12,5,3,8,1,0,0,0,0,0,1,0,0,4.38643E+20,5.48585E+21,8.15222E+15,4.95222E+16
59406,59407,7,1,32,108,2016,11,16,3,3,1,6,0,1,0,1,0,0,0,0,4.19125E+20,5.62405E+21,7.85326E+15,5.07626E+16
59407,59408,7,1,37,226,2016,11,9,3,2,3,6,0,1,0,1,0,1,0,0,4.0139E+20,5.58383E+21,7.61254E+15,5.03983E+16
59408,59409,7,1,37,69,2016,11,11,2,3,9,1,0,1,0,1,0,0,0,0,3.76785E+20,5.58405E+21,7.26642E+15,5.03955E+16
59409,59410,7,3,31,30,2016,11,16,3,3,5,3,1,1,0,1,0,0,0,0,4.22383E+20,5.52865E+21,7.91909E+15,4.99052E+16
59410,59411,7,3,12,0,2016,11,22,4,3,8,1,2,1,0,1,0,0,0,0,4.1185E+20,5.47834E+21,7.78378E+15,4.94513E+16
59411,59412,7,1,35,2,2016,11,12,2,3,5,3,0,1,0,1,0,0,0,0,3.61153E+20,5.56098E+21,7.05509E+15,5.01847E+16
59412,59413,7,3,34,7,2016,11,13,7,2,4,1,0,1,0,1,0,0,0,0,4.52236E+20,5.4484E+21,8.34452E+15,4.91866E+16
59413,59414,7,3,32,35,2016,11,16,5,3,0,4,0,0,0,0,1,1,0,0,4.444E+20,5.47249E+21,8.23364E+15,4.94025E+16
59414,59415,7,3,38,25,2016,11,7,6,3,2,2,0,1,0,1,0,0,1,0,4.54694E+20,5.46948E+21,8.37587E+15,4.93763E+16
59415,59416,7,1,33,87,2016,11,7,5,2,8,6,0,0,0,1,0,0,1,0,4.18115E+20,5.531E+21,7.85917E+15,4.99257E+16
59416,59417,7,1,38,40,2016,11,14,7,3,2,2,0,1,0,1,0,0,0,0,3.96892E+20,5.60195E+21,7.54427E+15,5.05603E+16
59417,59418,7,2,11,0,2016,11,6,6,3,5,3,1,0,0,1,0,0,0,1,3.2911E+20,5.51476E+21,6.62713E+15,4.9761E+16
59418,59419,7,2,32,253,2016,11,5,7,3,7,7,2,1,0,1,0,0,0,0,3.08618E+20,5.54797E+21,6.32645E+15,5.00532E+16
59419,59420,7,3,37,61,2016,11,14,3,3,6,4,0,0,0,0,1,1,0,1,4.40993E+20,5.44935E+21,8.1901E+15,4.91941E+16
59420,59421,7,2,35,119,2016,11,13,2,3,5,3,0,0,0,1,0,0,0,1,3.40086E+20,5.50013E+21,6.7854E+15,4.96325E+16
59421,59422,7,3,32,19,2016,11,16,6,3,7,1,0,1,0,1,0,1,0,0,4.42402E+20,5.4836E+21,8.20448E+15,4.95023E+16
59422,59423,7,1,34,45,2016,11,10,5,3,2,2,0,0,0,1,0,0,0,0,3.76143E+20,5.51098E+21,7.28103E+15,4.97386E+16
59423,59424,7,1,34,3,2016,11,12,7,3,5,3,0,1,0,1,0,0,0,0,3.6459E+20,5.51131E+21,7.12066E+15,4.97391E+16
59424,59425,7,3,15,0,2016,11,10,6,3,5,3,0,0,0,1,0,0,0,0,4.4671E+20,5.53867E+21,8.25645E+15,4.99979E+16
59425,59426,7,3,36,92,2016,11,13,7,3,4,2,0,0,0,1,0,1,0,0,3.8319E+20,5.4745E+21,7.38963E+15,4.94119E+16
59426,59427,7,3,15,0,2016,11,17,3,3,1,6,2,1,0,1,0,0,0,0,4.43943E+20,5.53503E+21,8.21838E+15,4.99649E+16
59427,59428,7,1,31,81,2016,11,21,6,3,8,1,2,1,0,1,0,0,0,0,3.73889E+20,5.59483E+21,7.22206E+15,5.04919E+16
59428,59429,7,3,39,201,2016,11,12,5,3,4,6,0,1,0,1,0,0,0,0,4.49273E+20,5.5135E+21,8.29551E+15,4.97718E+16
59429,59430,7,3,18,0,2016,11,13,3,3,4,6,0,0,0,1,0,0,0,0,4.59608E+20,5.46238E+21,8.44428E+15,4.93128E+16
59430,59431,7,3,38,5,2016,11,13,4,3,5,3,0,0,1,0,0,0,1,0,4.48597E+20,5.47115E+21,8.29166E+15,4.93909E+16
59431,59432,7,2,11,0,2016,11,8,4,3,2,6,1,1,0,1,0,0,0,1,3.34436E+20,5.52091E+21,6.6984E+15,4.98178E+16
59432,59433,7,3,15,0,2016,11,19,4,3,3,6,2,1,0,1,0,0,1,0,4.40308E+20,5.53905E+21,8.16707E+15,5.00008E+16
59433,59434,7,1,34,10,2016,11,20,2,2,6,4,2,1,0,1,1,0,0,0,3.67034E+20,5.50142E+21,7.15793E+15,4.96507E+16
59434,59435,7,3,39,56,2016,11,17,5,3,6,2,2,0,0,1,1,0,0,0,4.2708E+20,5.52439E+21,7.98529E+15,4.98675E+16
59435,59436,7,1,11,0,2016,11,16,3,3,2,6,2,1,0,1,0,0,0,0,3.98909E+20,5.5819E+21,7.57816E+15,5.03804E+16
59436,59437,7,1,11,0,2016,11,7,2,3,2,6,0,1,0,1,0,0,0,0,3.9336E+20,5.58073E+21,7.50047E+15,5.0369E+16
59437,59438,7,2,31,67,2016,11,7,3,3,7,7,1,1,0,0,0,0,1,0,3.56209E+20,5.54468E+21,6.99201E+15,5.00371E+16
59438,59439,7,3,15,0,2016,11,7,3,3,2,6,1,1,0,1,0,0,0,0,4.44604E+20,5.53806E+21,8.22715E+15,4.99923E+16
59439,59440,7,3,16,0,2016,11,8,4,3,1,6,0,1,0,1,0,0,0,0,4.38603E+20,5.468E+21,8.15444E+15,4.93617E+16
59440,59441,7,1,11,0,2016,11,18,3,3,2,6,2,1,0,1,0,0,0,0,3.98734E+20,5.58E+21,7.57621E+15,5.03633E+16
59441,59442,7,3,40,22,2016,11,9,1,2,2,6,0,1,0,1,0,0,0,0,3.99681E+20,5.46227E+21,7.61999E+15,4.93049E+16
59442,59443,7,1,43,308,2016,11,6,5,3,9,1,2,2,0,0,0,0,0,1,4.25335E+20,5.60294E+21,7.94555E+15,5.05736E+16
59443,59444,7,3,14,0,2016,11,20,7,3,5,3,2,1,0,1,0,0,0,0,4.58234E+20,5.48043E+21,8.42347E+15,4.94751E+16
59444,59445,7,3,14,0,2016,11,21,5,3,5,2,2,0,0,1,0,0,0,0,4.55978E+20,5.48227E+21,8.39212E+15,4.94915E+16
59445,59446,7,3,19,0,2016,11,13,6,2,8,1,0,1,0,1,0,0,0,0,4.5014E+20,5.49782E+21,8.30955E+15,4.96308E+16
59446,59447,7,2,35,72,2016,11,19,5,3,4,2,2,0,0,1,0,0,0,1,3.34596E+20,5.50139E+21,6.7089E+15,4.96423E+16
59447,59448,7,1,37,203,2016,11,17,7,3,5,2,2,1,0,1,0,0,0,0,3.98246E+20,5.58647E+21,7.56759E+15,5.04214E+16
59448,59449,7,1,32,39,2016,11,16,6,3,2,6,1,0,0,1,0,0,0,0,4.1672E+20,5.62212E+21,7.8196E+15,5.07449E+16
59449,59450,7,3,13,0,2016,11,19,7,2,2,6,2,1,1,1,0,0,0,0,4.34999E+20,5.44922E+21,8.10787E+15,4.91923E+16
59450,59451,7,1,38,3,2016,11,23,7,3,8,1,2,0,0,1,0,0,0,0,3.91318E+20,5.61245E+21,7.46253E+15,5.06538E+16
59451,59452,7,3,35,3,2016,11,11,4,3,2,2,0,0,0,1,0,0,0,0,3.86576E+20,5.47287E+21,7.43675E+15,4.93979E+16
59452,59453,7,1,38,44,2016,11,7,4,3,4,6,0,1,0,1,0,0,0,1,3.87777E+20,5.6097E+21,7.41329E+15,5.06284E+16
59453,59454,7,3,14,0,2016,11,7,4,3,1,6,0,0,0,1,0,0,0,0,4.57737E+20,5.48351E+21,8.41628E+15,4.95028E+16
59454,59455,7,3,35,3,2016,11,17,2,3,2,6,2,0,1,1,0,0,0,0,3.88074E+20,5.47153E+21,7.45777E+15,4.93862E+16
59455,59456,7,1,38,45,2016,11,7,4,2,6,2,2,1,0,1,1,0,0,0,3.91976E+20,5.58736E+21,7.47912E+15,5.04283E+16
59456,59457,7,2,32,18,2016,11,12,5,3,8,1,0,1,0,1,0,0,0,0,3.22644E+20,5.53599E+21,6.52772E+15,4.99499E+16
59457,59458,7,3,38,7,2016,11,17,2,3,5,3,2,0,1,1,0,0,0,0,4.55531E+20,5.46227E+21,8.3882E+15,4.93115E+16
59458,59459,7,3,40,49,2016,11,13,7,3,0,5,0,0,1,0,1,0,0,0,4.18897E+20,5.45001E+21,7.88674E+15,4.91976E+16
59459,59460,7,3,14,0,2016,11,17,4,2,2,2,1,1,0,1,0,0,0,0,4.59637E+20,5.48091E+21,8.44279E+15,4.94795E+16
59460,59461,7,1,38,41,2016,11,17,4,3,8,1,2,1,0,1,0,0,0,0,3.80088E+20,5.607E+21,7.3055E+15,5.06025E+16
59461,59462,7,3,39,49,2016,11,12,5,2,4,2,0,1,0,1,0,0,0,0,4.53868E+20,5.52166E+21,8.35836E+15,4.98456E+16
59462,59463,7,3,20,0,2016,11,19,2,3,5,2,2,1,0,1,0,0,0,0,3.8338E+20,5.45679E+21,7.39742E+15,4.92527E+16
59463,59464,7,1,33,109,2016,11,4,1,3,1,1,2,0,0,1,0,0,0,1,4.11175E+20,5.52715E+21,7.76338E+15,4.98901E+16
59464,59465,7,1,38,80,2016,11,11,3,3,2,6,0,1,0,1,0,0,0,0,3.8663E+20,5.61635E+21,7.39504E+15,5.06879E+16
59465,59466,7,3,14,0,2016,11,16,4,3,3,3,1,1,0,1,0,0,1,0,4.59696E+20,5.48062E+21,8.44364E+15,4.94769E+16
59466,59467,7,3,40,32,2016,11,6,2,3,2,6,2,0,0,1,0,0,0,0,4.03136E+20,5.45169E+21,7.67005E+15,4.92104E+16
59467,59468,7,1,43,48,2016,11,7,5,3,2,6,0,1,0,1,0,0,0,0,4.17598E+20,5.58796E+21,7.83962E+15,5.04379E+16
59468,59469,7,3,19,0,2016,11,6,5,3,2,1,2,1,0,1,0,0,0,1,4.52215E+20,5.49996E+21,8.33802E+15,4.96503E+16
59469,59470,7,2,32,137,2016,11,5,6,2,5,3,2,1,0,1,0,0,0,0,3.18542E+20,5.53221E+21,6.47237E+15,4.99147E+16
59470,59471,7,1,34,20,2016,11,21,7,3,8,1,2,1,0,1,0,0,0,0,3.68844E+20,5.49979E+21,7.18354E+15,4.96364E+16
59471,59472,7,3,17,0,2016,11,9,6,2,4,6,0,1,0,1,0,0,0,0,3.93999E+20,5.44907E+21,7.54533E+15,4.91853E+16
59472,59473,7,3,31,68,2016,11,7,6,3,4,6,1,1,0,1,0,0,0,1,4.31539E+20,5.52078E+21,8.04797E+15,4.98355E+16
59473,59474,7,1,11,0,2016,11,17,4,3,2,6,1,1,0,1,0,0,0,0,3.99079E+20,5.58179E+21,7.58058E+15,5.03795E+16
59474,59475,7,1,31,54,2016,11,6,6,3,2,6,1,1,0,1,0,0,0,0,3.70943E+20,5.59115E+21,7.18183E+15,5.04581E+16
59475,59476,7,2,32,28,2016,11,6,3,3,4,1,2,1,0,1,0,0,0,0,3.16115E+20,5.52089E+21,6.44397E+15,4.98122E+16
59476,59477,7,3,14,0,2016,11,16,4,3,5,3,0,1,1,1,0,0,0,0,4.59125E+20,5.48111E+21,8.4357E+15,4.94813E+16
59477,59478,7,3,34,7,2016,11,12,2,2,5,3,0,0,1,1,0,0,0,0,4.53722E+20,5.45192E+21,8.36451E+15,4.92183E+16
59478,59479,7,1,11,0,2016,11,14,4,3,5,3,0,1,0,1,0,0,1,0,3.92838E+20,5.57886E+21,7.49367E+15,5.03521E+16
59479,59480,7,2,11,0,2016,11,13,5,3,5,3,0,1,0,1,0,0,0,0,3.30011E+20,5.51342E+21,6.64021E+15,4.97492E+16
59480,59481,7,3,33,38,2016,11,17,2,3,9,7,1,1,0,0,0,1,0,0,4.30458E+20,5.49103E+21,8.03824E+15,4.95679E+16