FID,OBJECTID,ULAND,UREGBEZ,UKREIS,UGEMEINDE,UJAHR,UMONAT,USTUNDE,UWOCHENTAG,UKATEGORIE,UART,UTYP1,ULICHTVERH,IstStrasse,IstRad,IstPKW,IstFuss,IstKrad,IstGkfz,IstSonstig,LINREFX,LINREFY,XGCSWGS84,YGCSWGS84
59660,59661,7,3,13,0,2016,11,19,6,3,6,2,2,0,0,1,1,0,0,0,4.37218E+20,5.4504E+21,8.13814E+15,4.92032E+16
59661,59662,7,1,35,45,2016,11,8,5,3,9,1,0,0,0,1,0,0,0,0,3.68764E+20,5.56812E+21,7.15917E+15,5.02506E+16
59662,59663,7,1,43,37,2016,11,15,7,3,9,1,0,1,0,1,0,0,0,0,4.29008E+20,5.58962E+21,7.99995E+15,5.04543E+16
59663,59664,7,1,34,45,2016,11,14,6,2,4,7,0,0,0,1,0,0,0,1,3.81279E+20,5.50763E+21,7.35331E+15,4.97095E+16
59664,59665,7,2,11,0,2016,11,12,7,3,8,6,0,0,0,1,0,0,0,0,3.32316E+20,5.51606E+21,6.67106E+15,4.97736E+16
59665,59666,7,2,32,123,2016,11,1,3,2,8,1,2,0,0,1,0,0,0,0,3.33972E+20,5.53276E+21,6.68688E+15,4.99241E+16
59666,59667,7,2,35,22,2016,11,9,4,2,9,1,0,1,0,1,0,0,0,0,3.39329E+20,5.51697E+21,6.768E+15,4.97837E+16
59667,59668,7,1,38,3,2016,11,17,4,2,8,7,2,1,0,1,0,0,0,0,3.8751E+20,5.61364E+21,7.40833E+15,5.06637E+16
59668,59669,7,1,43,286,2016,11,18,4,3,4,2,2,2,0,1,0,0,0,0,4.34661E+20,5.60872E+21,8.07622E+15,5.06267E+16
59669,59670,7,1,11,0,2016,11,19,6,3,8,1,2,1,0,1,0,0,0,0,3.9956E+20,5.57908E+21,7.58807E+15,5.03552E+16
59670,59671,7,3,31,3,2016,11,9,5,3,5,3,0,0,0,1,0,0,0,0,4.38033E+20,5.51023E+21,8.13995E+15,4.97413E+16
59671,59672,7,1,34,10,2016,11,18,3,3,5,3,2,0,0,1,0,1,0,0,3.67028E+20,5.50117E+21,7.15794E+15,4.96484E+16
59672,59673,7,2,11,0,2016,11,17,4,3,2,6,2,0,0,1,0,0,0,0,3.26202E+20,5.5105E+21,6.5887E+15,4.97219E+16
59673,59674,7,1,38,2,2016,11,15,6,3,7,1,0,0,0,1,0,0,0,0,3.97197E+20,5.59477E+21,7.55056E+15,5.04959E+16
59674,59675,7,3,15,0,2016,11,9,4,3,5,3,0,1,1,1,0,0,0,0,4.45916E+20,5.53851E+21,8.2454E+15,4.99965E+16
59675,59676,7,1,34,3,2016,11,17,2,3,8,1,2,1,0,1,0,0,0,0,3.65574E+20,5.5114E+21,7.13429E+15,4.97401E+16
59676,59677,7,3,14,0,2016,11,6,5,2,4,6,2,1,1,1,0,1,0,0,4.57132E+20,5.48412E+21,8.40786E+15,4.95082E+16
59677,59678,7,1,11,0,2016,11,18,3,3,3,6,2,0,0,1,0,0,0,0,3.98493E+20,5.58077E+21,7.57262E+15,5.03703E+16
59678,59679,7,1,41,75,2016,11,14,2,3,5,3,0,1,1,0,0,1,0,0,4.00802E+20,5.57298E+21,7.60712E+15,5.03006E+16
59679,59680,7,2,31,57,2016,11,10,3,3,8,1,0,1,0,1,0,0,0,0,3.55801E+20,5.54654E+21,6.98561E+15,5.00536E+16
59680,59681,7,3,15,0,2016,11,16,3,3,5,3,2,1,0,1,0,0,0,1,4.43665E+20,5.53897E+21,8.21393E+15,5.00004E+16
59681,59682,7,3,32,24,2016,11,14,4,3,5,3,0,1,0,1,0,0,0,0,4.40095E+20,5.49324E+21,8.17117E+15,4.95887E+16
59682,59683,7,1,11,0,2016,11,19,3,3,2,6,2,1,0,1,0,0,0,0,3.97548E+20,5.58224E+21,7.55892E+15,5.03832E+16
59683,59684,7,1,11,0,2016,11,8,2,3,2,6,0,1,0,1,0,0,0,0,3.96119E+20,5.5825E+21,7.53876E+15,5.03854E+16
59684,59685,7,2,35,111,2016,11,7,5,3,2,6,0,1,0,1,0,0,0,0,3.24267E+20,5.52327E+21,6.55609E+15,4.98361E+16
59685,59686,7,3,14,0,2016,11,10,7,3,2,5,0,1,0,1,0,0,0,0,4.56886E+20,5.48241E+21,8.40466E+15,4.94928E+16
59686,59687,7,3,14,0,2016,11,23,5,3,2,6,2,1,0,1,0,0,1,0,4.58551E+20,5.4828E+21,8.4276E+15,4.94964E+16
59687,59688,7,1,33,6,2016,11,10,6,3,6,4,0,1,0,1,1,0,0,0,4.18739E+20,5.5217E+21,7.86981E+15,4.98422E+16
59688,59689,7,1,31,77,2016,11,17,5,3,2,6,0,0,0,1,0,0,0,1,3.75969E+20,5.60079E+21,7.24939E+15,5.05459E+16
59689,59690,7,1,40,14,2016,11,5,7,2,8,7,2,1,0,1,0,0,0,0,3.9505E+20,5.55139E+21,7.53234E+15,5.01055E+16
59690,59691,7,1,38,54,2016,11,17,6,2,5,3,1,0,0,1,0,0,0,0,3.96416E+20,5.60174E+21,7.53761E+15,5.05584E+16
59691,59692,7,3,16,0,2016,11,15,7,3,5,3,1,0,0,1,0,0,0,0,4.38435E+20,5.4671E+21,8.15227E+15,4.93535E+16
59692,59693,7,2,11,0,2016,11,11,7,3,5,3,0,0,0,1,0,0,0,0,3.32013E+20,5.51593E+21,6.66691E+15,4.97724E+16
59693,59694,7,1,43,305,2016,11,19,4,3,8,1,2,2,0,1,0,0,0,0,4.18822E+20,5.60059E+21,7.85411E+15,5.05516E+16
59694,59695,7,1,41,6,2016,11,4,4,3,6,4,2,0,0,1,1,0,0,0,4.08503E+20,5.5771E+21,7.71423E+15,5.03389E+16
59695,59696,7,3,36,105,2016,11,6,2,3,1,6,2,0,0,1,0,0,0,0,3.9929E+20,5.49382E+21,7.60659E+15,4.95886E+16
59696,59697,7,1,38,45,2016,11,22,4,3,9,1,2,1,0,1,0,0,0,0,3.93215E+20,5.59317E+21,7.49489E+15,5.04807E+16
59697,59698,7,2,32,226,2016,11,18,5,3,1,1,2,1,0,1,0,0,1,0,3.1896E+20,5.56849E+21,6.46102E+15,5.02408E+16
59698,59699,7,3,37,20,2016,11,17,2,2,4,2,2,0,0,1,0,0,0,0,4.38603E+20,5.45967E+21,8.15573E+15,4.92867E+16
59699,59700,7,1,11,0,2016,11,11,1,3,6,4,0,1,0,1,1,0,0,0,3.99489E+20,5.57867E+21,7.58718E+15,5.03515E+16
59700,59701,7,3,31,59,2016,11,19,4,2,4,6,2,1,0,1,0,0,0,0,4.39234E+20,5.52144E+21,8.15486E+15,4.98423E+16
59701,59702,7,3,35,33,2016,11,13,2,3,8,1,0,1,0,1,0,0,0,0,4.0365E+20,5.48917E+21,7.66803E+15,4.95475E+16
59702,59703,7,1,37,216,2016,11,13,2,3,1,2,0,0,0,1,0,0,0,0,3.96161E+20,5.58368E+21,7.53902E+15,5.0396E+16
59703,59704,7,1,40,64,2016,11,6,5,3,5,3,0,1,0,1,0,0,0,0,3.88367E+20,5.54747E+21,7.44007E+15,5.00691E+16
59704,59705,7,1,11,0,2016,11,13,4,3,1,2,0,0,0,1,0,0,0,0,3.9969E+20,5.57968E+21,7.58973E+15,5.03606E+16
59705,59706,7,2,35,22,2016,11,15,5,3,2,6,0,0,0,1,0,0,0,1,3.402E+20,5.51744E+21,6.77989E+15,4.97881E+16
59706,59707,7,1,32,43,2016,11,18,6,3,5,3,2,1,0,1,0,0,0,0,3.95766E+20,5.60589E+21,7.52728E+15,5.05956E+16
59707,59708,7,3,31,21,2016,11,13,5,2,2,2,0,1,0,1,0,0,0,0,4.31113E+20,5.51215E+21,8.04358E+15,4.97579E+16
59708,59709,7,1,31,90,2016,11,9,3,3,2,6,0,1,0,1,0,0,1,0,3.65219E+20,5.60429E+21,7.09648E+15,5.0575E+16
59709,59710,7,3,14,0,2016,11,12,1,3,8,1,0,0,0,1,0,0,0,0,4.55856E+20,5.48694E+21,8.38992E+15,4.95335E+16
59710,59711,7,1,43,206,2016,11,7,3,3,8,1,0,0,0,1,0,0,0,0,4.24427E+20,5.61044E+21,7.93121E+15,5.0641E+16
59711,59712,7,3,14,0,2016,11,6,4,2,4,2,2,1,0,1,0,1,0,0,4.57053E+20,5.48244E+21,8.40695E+15,4.94931E+16
59712,59713,7,3,40,20,2016,11,20,2,3,9,1,2,1,0,1,0,0,0,0,4.10887E+20,5.45094E+21,7.77662E+15,4.92048E+16
59713,59714,7,1,43,23,2016,11,12,5,3,3,7,0,1,0,1,0,0,0,0,4.24709E+20,5.5854E+21,7.94025E+15,5.04158E+16
59714,59715,7,3,19,0,2016,11,9,5,3,6,4,0,1,0,1,1,0,0,1,4.53579E+20,5.49769E+21,8.35719E+15,4.96299E+16
59715,59716,7,3,39,5,2016,11,6,6,3,2,6,2,1,0,1,0,0,0,0,4.24034E+20,5.53229E+21,7.94136E+15,4.99382E+16
59716,59717,7,1,37,216,2016,11,21,5,3,3,6,2,0,0,1,0,0,0,1,3.96366E+20,5.58348E+21,7.54197E+15,5.03943E+16
59717,59718,7,3,15,0,2016,11,0,7,3,3,2,2,0,0,1,0,0,1,0,4.46262E+20,5.53517E+21,8.25069E+15,4.99664E+16
59718,59719,7,1,40,36,2016,11,12,7,3,8,7,0,1,0,1,0,0,0,0,3.56711E+20,5.57755E+21,6.98663E+15,5.03326E+16
59719,59720,7,1,33,112,2016,11,17,6,3,9,6,2,0,0,1,0,0,0,0,4.12139E+20,5.52046E+21,7.77832E+15,4.98301E+16
59720,59721,7,1,37,226,2016,11,8,4,3,5,3,0,1,1,1,0,0,0,0,4.01858E+20,5.58277E+21,7.61939E+15,5.03888E+16
59721,59722,7,1,31,77,2016,11,14,6,3,3,7,0,1,0,1,0,0,1,0,3.76318E+20,5.6014E+21,7.25411E+15,5.05515E+16
59722,59723,7,2,32,10,2016,11,7,3,3,2,6,1,1,0,1,0,0,0,0,3.32913E+20,5.53508E+21,6.67113E+15,4.99447E+16
59723,59724,7,1,38,6,2016,11,6,4,3,9,1,2,1,0,1,0,0,0,0,3.88755E+20,5.60209E+21,7.4294E+15,5.05601E+16
59724,59725,7,3,34,13,2016,11,12,2,3,5,2,0,0,0,1,0,0,0,0,4.42775E+20,5.43746E+21,8.21625E+15,4.90873E+16
59725,59726,7,1,31,36,2016,11,21,4,3,8,1,2,1,0,1,0,0,0,0,3.58231E+20,5.60019E+21,6.99941E+15,5.05365E+16
59726,59727,7,2,11,0,2016,11,17,5,3,6,7,2,0,0,1,1,0,0,0,3.30543E+20,5.51406E+21,6.64732E+15,4.97551E+16
59727,59728,7,3,39,5,2016,11,7,2,2,6,4,2,0,0,1,1,0,0,0,4.22027E+20,5.5331E+21,7.91324E+15,4.99452E+16
59728,59729,7,3,15,0,2016,11,7,4,3,6,2,0,0,0,1,1,0,0,0,4.48573E+20,5.53806E+21,8.28252E+15,4.99926E+16
59729,59730,7,3,37,5,2016,11,14,2,3,5,6,0,1,0,1,0,0,0,0,4.26419E+20,5.43902E+21,7.99199E+15,4.90997E+16
59730,59731,7,3,18,0,2016,11,17,1,2,4,6,1,0,0,1,0,0,0,0,4.57147E+20,5.46279E+21,8.41037E+15,4.93163E+16
59731,59732,7,3,12,0,2016,11,8,4,3,2,6,0,0,0,1,0,0,0,0,4.14928E+20,5.47938E+21,7.82602E+15,4.94611E+16
59732,59733,7,3,16,0,2016,11,18,3,2,2,6,2,0,0,1,0,0,0,0,4.34947E+20,5.46769E+21,8.10415E+15,4.93584E+16
59733,59734,7,1,31,55,2016,11,16,6,3,6,4,1,1,0,1,1,0,0,0,3.73883E+20,5.59135E+21,7.22315E+15,5.04606E+16
59734,59735,7,3,32,24,2016,11,6,5,3,2,6,1,0,0,1,0,1,0,0,4.40737E+20,5.48921E+21,8.18065E+15,4.95526E+16
59735,59736,7,1,38,8,2016,11,13,4,3,8,1,0,0,0,1,0,0,0,0,3.7778E+20,5.60699E+21,7.2729E+15,5.0602E+16
59736,59737,7,2,32,311,2016,11,7,6,2,1,6,1,1,0,1,0,0,0,0,3.34805E+20,5.54097E+21,6.69495E+15,4.99982E+16
59737,59738,7,3,14,0,2016,11,13,4,3,2,2,0,0,0,1,0,0,0,1,4.55161E+20,5.48205E+21,8.38087E+15,4.94894E+16
59738,59739,7,3,33,45,2016,11,12,3,3,5,2,0,0,0,1,0,0,0,0,4.30338E+20,5.49878E+21,8.0352E+15,4.96375E+16
59739,59740,7,3,39,42,2016,11,16,2,3,5,3,1,0,0,1,0,0,0,0,4.41497E+20,5.52937E+21,8.18514E+15,4.99139E+16
59740,59741,7,3,35,38,2016,11,17,5,3,2,6,2,0,0,1,0,0,0,0,3.97126E+20,5.47518E+21,7.58151E+15,4.94206E+16
59741,59742,7,1,11,0,2016,11,16,6,3,6,2,2,1,0,1,1,0,0,0,4.00154E+20,5.57844E+21,7.59658E+15,5.03496E+16
59742,59743,7,1,38,50,2016,11,9,7,3,8,1,0,1,0,1,0,0,0,0,4.0012E+20,5.61051E+21,7.58753E+15,5.06379E+16
59743,59744,7,3,32,24,2016,11,10,6,3,8,7,0,1,0,1,0,0,0,0,4.38371E+20,5.48917E+21,8.14795E+15,4.9552E+16
59744,59745,7,2,33,14,2016,11,15,6,2,9,1,0,1,0,1,0,0,0,0,3.50037E+20,5.56465E+21,6.89803E+15,5.0215E+16
59745,59746,7,3,16,0,2016,11,15,3,3,5,3,0,0,0,1,0,1,0,0,4.3856E+20,5.46704E+21,8.154E+15,4.9353E+16
59746,59747,7,1,40,64,2016,11,11,6,1,4,1,0,1,0,1,0,0,0,0,3.86752E+20,5.54773E+21,7.41744E+15,5.0071E+16
59747,59748,7,1,43,31,2016,11,6,3,3,6,6,2,0,0,0,1,0,0,1,4.07309E+20,5.58407E+21,7.69574E+15,5.04013E+16
59748,59749,7,1,31,1,2016,11,16,4,2,5,3,0,0,0,1,0,0,0,0,3.5324E+20,5.5831E+21,6.93573E+15,5.03817E+16
59749,59750,7,3,14,0,2016,11,6,2,3,2,6,2,0,0,1,0,1,0,0,4.60067E+20,5.48139E+21,8.44867E+15,4.94839E+16
59750,59751,7,3,33,11,2016,11,7,3,2,9,1,1,1,0,1,0,0,0,0,4.25285E+20,5.49192E+21,7.96654E+15,4.95752E+16
59751,59752,7,1,32,115,2016,11,23,5,3,4,6,2,1,0,1,0,0,0,0,3.97654E+20,5.61883E+21,7.55037E+15,5.07122E+16
59752,59753,7,2,35,58,2016,11,16,2,3,1,6,2,1,0,1,0,0,0,0,3.43615E+20,5.50035E+21,6.83415E+15,4.96355E+16
59753,59754,7,3,18,0,2016,11,16,1,3,5,1,2,1,1,0,0,0,0,0,4.57681E+20,5.46468E+21,8.41752E+15,4.93334E+16
59754,59755,7,2,35,60,2016,11,10,2,2,9,1,0,0,0,1,0,0,0,0,3.36614E+20,5.51973E+21,6.72915E+15,4.98077E+16
59755,59756,7,3,14,0,2016,11,14,7,3,9,1,0,1,0,1,0,0,0,0,4.59733E+20,5.48052E+21,8.44415E+15,4.9476E+16
59756,59757,7,3,14,0,2016,11,14,6,2,5,3,0,0,0,1,0,0,0,0,4.58233E+20,5.478E+21,8.42371E+15,4.94532E+16
59757,59758,7,2,35,118,2016,11,8,4,3,3,7,0,1,0,1,0,0,0,0,3.24556E+20,5.49759E+21,6.57166E+15,4.96054E+16
59758,59759,7,3,31,73,2016,11,17,2,1,6,4,2,1,0,1,1,0,0,0,4.36853E+20,5.52237E+21,8.1216E+15,4.98505E+16
59759,59760,7,2,33,240,2016,11,10,1,3,9,1,0,1,0,1,0,0,0,0,3.2433E+20,5.58181E+21,6.53007E+15,5.03621E+16
59760,59761,7,3,14,0,2016,11,19,3,2,4,2,2,0,0,1,0,0,0,0,4.56098E+20,5.48185E+21,8.39384E+15,4.94877E+16
59761,59762,7,1,37,225,2016,11,12,6,3,2,2,0,1,0,0,0,0,0,1,3.93818E+20,5.5854E+21,7.50558E+15,5.04111E+16
59762,59763,7,3,14,0,2016,11,15,5,3,2,1,0,0,0,1,0,0,0,0,4.5913E+20,5.47889E+21,8.436E+15,4.94613E+16
59763,59764,7,1,31,7,2016,11,10,4,3,5,3,0,1,1,1,0,0,0,0,3.65358E+20,5.60077E+21,7.09972E+15,5.05434E+16
59764,59765,7,1,43,229,2016,11,14,6,3,8,1,0,1,0,1,0,0,0,0,4.19182E+20,5.61389E+21,7.8563E+15,5.06712E+16
59765,59766,7,3,39,6,2016,11,16,4,3,8,1,1,1,1,1,0,0,0,0,4.506E+20,5.53102E+21,8.3117E+15,4.99295E+16
59766,59767,7,2,32,329,2016,11,11,2,3,9,1,0,1,0,1,0,0,0,0,3.02042E+20,5.5662E+21,6.22523E+15,5.02148E+16
59767,59768,7,3,16,0,2016,11,19,5,3,4,7,2,1,0,1,0,0,0,0,4.38006E+20,5.46664E+21,8.14643E+15,4.93493E+16
59768,59769,7,1,32,74,2016,11,16,3,3,1,6,2,1,0,1,0,0,0,0,3.99934E+20,5.61377E+21,7.58402E+15,5.06671E+16
59769,59770,7,1,11,0,2016,11,17,3,3,3,6,2,0,0,1,0,0,0,0,3.99591E+20,5.57939E+21,7.58841E+15,5.0358E+16
59770,59771,7,1,40,24,2016,11,12,2,3,3,7,0,1,0,1,0,0,0,0,3.76462E+20,5.53194E+21,7.27878E+15,4.99271E+16
59771,59772,7,3,15,0,2016,11,1,3,3,3,6,2,1,1,1,0,0,0,0,4.47864E+20,5.53957E+21,8.27242E+15,5.00062E+16
59772,59773,7,3,39,60,2016,11,12,3,3,8,1,0,1,0,1,0,0,0,0,4.42058E+20,5.51895E+21,8.19451E+15,4.98202E+16
59773,59774,7,3,14,0,2016,11,16,4,3,2,6,1,0,0,1,0,0,0,0,4.54349E+20,5.48093E+21,8.36979E+15,4.94793E+16
59774,59775,7,1,40,62,2016,11,17,3,1,4,6,2,1,0,1,0,0,0,0,3.80468E+20,5.53882E+21,7.33243E+15,4.99897E+16
59775,59776,7,1,31,70,2016,11,18,2,3,2,2,2,1,0,1,0,0,0,0,3.73263E+20,5.60578E+21,7.20952E+15,5.05902E+16
59776,59777,7,3,37,44,2016,11,14,7,3,9,1,0,1,0,1,0,0,0,0,4.38198E+20,5.44746E+21,8.15204E+15,4.91768E+16
59777,59778,7,3,13,0,2016,11,8,5,3,1,6,0,0,0,1,0,0,0,0,4.36711E+20,5.44932E+21,8.13135E+15,4.91934E+16
59778,59779,7,3,38,17,2016,11,6,6,3,5,3,2,1,1,1,0,0,0,0,4.56127E+20,5.47498E+21,8.39499E+15,4.94259E+16
59779,59780,7,1,37,57,2016,11,7,5,2,8,6,0,1,0,1,0,0,0,0,3.80656E+20,5.58329E+21,7.3211E+15,5.03896E+16
59780,59781,7,1,43,308,2016,11,7,3,3,2,6,1,1,0,1,0,0,0,0,4.25803E+20,5.60242E+21,7.95227E+15,5.0569E+16
59781,59782,7,1,31,70,2016,11,7,3,3,2,6,1,1,0,1,0,0,0,0,3.75557E+20,5.60312E+21,7.2428E+15,5.05667E+16
59782,59783,7,1,41,129,2016,11,14,2,2,5,3,0,1,1,1,0,0,0,0,4.17037E+20,5.57015E+21,7.83564E+15,5.02777E+16
59783,59784,7,2,32,296,2016,11,17,2,3,5,3,2,1,0,1,0,0,0,0,3.15698E+20,5.56429E+21,6.41736E+15,5.02021E+16
59784,59785,7,3,32,9,2016,11,19,3,3,4,2,2,1,0,1,0,0,0,0,4.41397E+20,5.47383E+21,8.19206E+15,4.94143E+16
59785,59786,7,1,11,0,2016,11,7,5,3,1,6,0,1,0,1,0,0,0,0,3.98814E+20,5.58193E+21,7.57681E+15,5.03807E+16
59786,59787,7,1,38,77,2016,11,16,2,3,8,1,1,1,0,1,0,0,0,0,3.82837E+20,5.61041E+21,7.34325E+15,5.06338E+16
59787,59788,7,3,40,214,2016,11,15,7,3,0,6,0,1,0,1,0,1,0,0,3.88628E+20,5.45011E+21,7.47137E+15,4.91936E+16
59788,59789,7,2,35,68,2016,11,11,2,3,3,6,0,0,0,1,0,0,1,0,3.26226E+20,5.50925E+21,6.58958E+15,4.97107E+16
59789,59790,7,3,16,0,2016,11,21,6,3,5,3,2,1,1,1,0,0,0,0,4.37916E+20,5.46642E+21,8.14523E+15,4.93474E+16
59790,59791,7,1,37,212,2016,11,17,5,3,2,6,1,0,1,1,0,0,0,0,3.8688E+20,5.57641E+21,7.41068E+15,5.03289E+16
59791,59792,7,2,11,0,2016,11,10,7,3,5,3,0,1,0,1,0,0,1,0,3.33755E+20,5.51923E+21,6.68967E+15,4.98025E+16
59792,59793,7,3,31,58,2016,11,7,6,3,2,6,0,0,0,1,0,0,0,0,4.41215E+20,5.52657E+21,8.18163E+15,4.98886E+16
59793,59794,7,3,14,0,2016,11,18,7,3,2,6,2,1,0,1,0,0,0,0,4.58968E+20,5.48123E+21,8.43352E+15,4.94823E+16
59794,59795,7,3,15,0,2016,11,17,3,2,3,7,2,0,0,1,0,0,0,0,4.47439E+20,5.53429E+21,8.26722E+15,4.99587E+16
59795,59796,7,1,37,89,2016,11,16,6,3,3,3,0,1,0,1,0,0,0,1,3.79222E+20,5.57514E+21,7.30355E+15,5.0316E+16
59796,59797,7,2,35,118,2016,11,16,3,3,8,1,0,0,0,0,0,1,0,0,3.21273E+20,5.49738E+21,6.52636E+15,4.96025E+16
59797,59798,7,1,41,501,2016,11,14,4,2,8,1,0,1,0,1,0,0,0,0,4.04838E+20,5.56867E+21,7.66487E+15,5.02625E+16
59798,59799,7,2,11,0,2016,11,17,4,3,2,6,2,1,0,1,0,0,0,0,3.34223E+20,5.51112E+21,6.69961E+15,4.97297E+16
59799,59800,7,2,31,57,2016,11,10,4,3,8,1,0,1,0,1,0,0,0,0,3.5732E+20,5.54832E+21,7.00616E+15,5.007E+16
59800,59801,7,2,35,152,2016,11,15,2,3,7,7,0,1,0,1,0,0,0,0,3.31783E+20,5.49454E+21,6.6729E+15,4.95801E+16
59801,59802,7,1,33,13,2016,11,20,5,3,9,1,2,1,0,1,0,0,0,0,4.0659E+20,5.51985E+21,7.70133E+15,4.98238E+16
59802,59803,7,1,11,0,2016,11,16,3,3,2,6,0,1,0,1,0,0,0,1,3.99902E+20,5.58138E+21,7.59226E+15,5.0376E+16
59803,59804,7,3,34,1,2016,11,20,1,2,8,1,2,0,0,1,0,0,0,0,4.492E+20,5.44939E+21,8.30273E+15,4.91952E+16
59804,59805,7,1,34,70,2016,11,12,3,2,2,6,0,1,0,1,0,0,1,0,3.70062E+20,5.50197E+21,7.19968E+15,4.96563E+16
59805,59806,7,3,34,1,2016,11,14,4,3,9,7,0,0,0,1,0,0,0,0,4.4921E+20,5.44692E+21,8.30318E+15,4.9173E+16
59806,59807,7,1,11,0,2016,11,16,3,3,2,6,2,0,0,1,0,0,0,0,4.00104E+20,5.57899E+21,7.59574E+15,5.03545E+16
59807,59808,7,1,43,270,2016,11,5,5,3,4,6,2,2,0,1,0,0,0,0,4.22438E+20,5.61674E+21,7.90177E+15,5.06973E+16
59808,59809,7,3,14,0,2016,11,14,5,3,2,6,0,1,0,1,0,0,0,0,4.56666E+20,5.47621E+21,8.40229E+15,4.94371E+16
59809,59810,7,3,39,43,2016,11,21,6,2,2,6,2,0,1,1,0,0,0,0,4.51452E+20,5.52281E+21,8.3246E+15,4.98557E+16
59810,59811,7,1,31,210,2016,11,13,5,3,0,6,0,0,0,1,0,0,0,0,3.74686E+20,5.58581E+21,7.23631E+15,5.0411E+16
59811,59812,7,3,40,211,2016,11,16,6,2,9,1,0,0,0,0,0,1,0,0,3.79604E+20,5.44889E+21,7.34793E+15,4.9181E+16
59812,59813,7,1,38,45,2016,11,14,6,3,2,2,0,0,0,1,0,0,0,0,3.96702E+20,5.5877E+21,7.54553E+15,5.04322E+16
59813,59814,7,3,19,0,2016,11,20,7,2,2,6,2,1,0,1,0,0,0,0,4.50563E+20,5.50279E+21,8.31478E+15,4.96756E+16
59814,59815,7,1,32,107,2016,11,15,7,3,2,6,0,0,1,1,0,0,0,0,4.185E+20,5.62068E+21,7.84514E+15,5.07322E+16
59815,59816,7,3,34,28,2016,11,15,6,3,8,1,0,1,0,1,0,0,0,0,4.51484E+20,5.45664E+21,8.3332E+15,4.92606E+16
59816,59817,7,1,38,45,2016,11,18,4,3,6,4,2,1,0,0,1,0,0,1,3.92226E+20,5.58743E+21,7.48261E+15,5.0429E+16
59817,59818,7,1,38,63,2016,11,17,7,2,0,1,2,1,0,0,0,1,0,0,3.81001E+20,5.5961E+21,7.32188E+15,5.05047E+16
59818,59819,7,1,41,29,2016,11,12,6,3,3,6,0,0,0,1,0,1,0,0,4.30828E+20,5.5803E+21,8.02731E+15,5.03707E+16
59819,59820,7,2,31,24,2016,11,16,7,3,5,3,1,0,0,1,0,0,0,0,3.45905E+20,5.53641E+21,6.85154E+15,4.99602E+16
59820,59821,7,1,11,0,2016,11,0,4,2,0,6,2,0,0,1,0,0,1,0,3.98252E+20,5.58301E+21,7.56861E+15,5.03903E+16
59821,59822,7,1,32,63,2016,11,13,4,2,5,3,0,1,0,1,0,0,0,0,4.20501E+20,5.62928E+21,7.87164E+15,5.08098E+16
59822,59823,7,3,39,59,2016,11,12,5,2,9,7,0,0,0,0,0,0,0,1,4.51081E+20,5.51864E+21,8.31997E+15,4.98182E+16
59823,59824,7,3,33,503,2016,11,9,2,1,8,1,0,0,0,1,0,0,0,0,4.20688E+20,5.49169E+21,7.90301E+15,4.95726E+16
59824,59825,7,3,31,36,2016,11,15,1,2,8,1,0,0,0,1,0,0,0,0,4.41853E+20,5.50582E+21,8.19361E+15,4.97021E+16
59825,59826,7,1,32,32,2016,11,10,3,3,4,2,0,1,0,1,0,0,0,0,3.95614E+20,5.61145E+21,7.52357E+15,5.06456E+16
59826,59827,7,3,14,0,2016,11,14,4,3,1,6,0,1,0,1,0,1,0,0,4.57895E+20,5.47931E+21,8.41892E+15,4.9465E+16
59827,59828,7,3,36,31,2016,11,21,2,3,5,3,2,1,0,1,0,0,0,0,3.87272E+20,5.48075E+21,7.4441E+15,4.9469E+16
59828,59829,7,1,35,38,2016,11,14,2,3,5,2,0,0,0,1,0,0,0,0,3.7095E+20,5.56541E+21,7.19074E+15,5.02268E+16
59829,59830,7,1,38,53,2016,11,7,5,3,2,6,1,1,0,1,0,0,0,0,3.95611E+20,5.60088E+21,7.5265E+15,5.05505E+16
59830,59831,7,3,39,20,2016,11,7,5,3,2,6,1,1,0,1,0,0,0,0,4.47488E+20,5.5294E+21,8.26857E+15,4.99147E+16
59831,59832,7,2,35,94,2016,11,7,6,3,9,1,1,1,0,1,0,0,0,0,3.27587E+20,5.52015E+21,6.60362E+15,4.9809E+16
59832,59833,7,1,31,3,2016,11,8,6,3,1,2,0,0,0,1,0,0,0,0,3.56832E+20,5.5974E+21,6.98076E+15,5.05111E+16
59833,59834,7,1,43,48,2016,11,11,7,3,1,2,0,0,0,1,0,0,0,0,4.15876E+20,5.58639E+21,7.81573E+15,5.04235E+16
59834,59835,7,3,33,17,2016,11,13,6,2,9,7,0,1,0,1,0,0,1,0,4.26566E+20,5.49467E+21,7.98374E+15,4.96001E+16
59835,59836,7,3,15,0,2016,11,12,6,3,8,1,0,1,0,0,0,1,0,0,4.44434E+20,5.53844E+21,8.22473E+15,4.99957E+16
59836,59837,7,1,11,0,2016,11,16,4,3,9,1,0,1,0,1,0,0,0,0,3.97524E+20,5.57973E+21,7.55928E+15,5.03608E+16
59837,59838,7,1,37,74,2016,11,14,6,3,9,1,0,1,0,1,0,0,0,0,3.69648E+20,5.5741E+21,7.1695E+15,5.03046E+16
59838,59839,7,2,11,0,2016,11,17,3,3,4,6,1,1,0,1,0,0,0,0,3.32438E+20,5.51457E+21,6.67338E+15,4.97602E+16
59839,59840,7,1,37,230,2016,11,21,4,2,2,6,2,0,0,1,0,0,0,0,3.93284E+20,5.57515E+21,7.50098E+15,5.03188E+16