FID,OBJECTID,ULAND,UREGBEZ,UKREIS,UGEMEINDE,UJAHR,UMONAT,USTUNDE,UWOCHENTAG,UKATEGORIE,UART,UTYP1,ULICHTVERH,IstStrasse,IstRad,IstPKW,IstFuss,IstKrad,IstGkfz,IstSonstig,LINREFX,LINREFY,XGCSWGS84,YGCSWGS84
59840,59841,7,3,34,7,2016,11,5,2,3,2,1,2,2,0,1,0,0,0,0,4.5541E+20,5.45294E+21,8.38758E+15,4.92276E+16
59841,59842,7,1,11,0,2016,11,8,4,3,2,6,0,1,0,1,0,0,0,0,3.9645E+20,5.58323E+21,7.54321E+15,5.0392E+16
59842,59843,7,2,32,37,2016,11,17,2,3,8,1,2,1,0,1,0,0,0,0,3.14646E+20,5.52658E+21,6.42086E+15,4.98629E+16
59843,59844,7,2,11,0,2016,11,12,5,3,1,6,0,0,0,1,0,0,1,0,3.29132E+20,5.51284E+21,6.62828E+15,4.97438E+16
59844,59845,7,3,33,48,2016,11,13,1,3,2,1,0,0,0,1,0,0,0,0,4.19017E+20,5.48867E+21,7.88052E+15,4.95453E+16
59845,59846,7,3,19,0,2016,11,18,2,3,4,2,2,0,1,1,0,0,0,0,4.53682E+20,5.49737E+21,8.35865E+15,4.96271E+16
59846,59847,7,2,33,501,2016,11,6,4,2,5,3,2,1,0,1,0,0,1,0,3.46101E+20,5.56497E+21,6.84277E+15,5.02169E+16
59847,59848,7,3,38,18,2016,11,8,2,3,6,4,0,0,0,1,1,0,0,0,4.48662E+20,5.4813E+21,8.29125E+15,4.94821E+16
59848,59849,7,1,33,85,2016,11,11,4,3,1,6,0,0,0,0,0,0,1,0,4.12829E+20,5.53435E+21,7.78478E+15,4.99552E+16
59849,59850,7,3,12,0,2016,11,8,2,3,2,6,0,0,0,1,0,0,0,0,4.13013E+20,5.47087E+21,7.80146E+15,4.93843E+16
59850,59851,7,1,35,20,2016,11,18,4,3,8,1,2,1,0,1,0,0,0,0,3.6754E+20,5.55626E+21,7.14614E+15,5.01437E+16
59851,59852,7,2,31,81,2016,11,16,5,3,5,3,2,1,0,1,0,0,0,0,3.55569E+20,5.53292E+21,6.98749E+15,4.99312E+16
59852,59853,7,3,14,0,2016,11,22,2,3,5,3,2,1,0,1,0,0,0,0,4.58724E+20,5.48131E+21,8.43014E+15,4.9483E+16
59853,59854,7,3,17,0,2016,11,13,7,2,0,7,0,1,0,0,0,1,0,0,4.0132E+20,5.45198E+21,7.64506E+15,4.92127E+16
59854,59855,7,3,19,0,2016,11,6,4,3,5,3,2,1,1,1,0,0,0,0,4.53574E+20,5.49768E+21,8.35711E+15,4.96299E+16
59855,59856,7,3,35,15,2016,11,8,2,3,8,1,0,1,0,1,0,0,0,0,4.19008E+20,5.47469E+21,7.88327E+15,4.94195E+16
59856,59857,7,1,11,0,2016,11,12,2,3,5,3,0,0,0,1,0,0,0,0,3.9348E+20,5.57823E+21,7.50286E+15,5.03465E+16
59857,59858,7,1,11,0,2016,11,13,5,3,5,3,0,0,0,1,0,0,0,0,3.98484E+20,5.57993E+21,7.57272E+15,5.03626E+16
59858,59859,7,3,36,55,2016,11,16,3,3,2,1,0,1,0,1,0,0,0,0,3.83937E+20,5.48903E+21,7.39565E+15,4.95427E+16
59859,59860,7,1,32,18,2016,11,13,6,2,0,1,0,1,0,1,0,0,0,0,4.26521E+20,5.62369E+21,7.95819E+15,5.07603E+16
59860,59861,7,3,40,57,2016,11,20,5,3,2,6,2,0,0,1,0,0,0,1,4.18859E+20,5.45129E+21,7.88596E+15,4.92091E+16
59861,59862,7,1,37,203,2016,11,19,7,3,2,6,2,0,0,1,0,0,0,0,3.98577E+20,5.58695E+21,7.57213E+15,5.04258E+16
59862,59863,7,2,33,215,2016,11,2,4,2,8,1,2,1,0,1,0,0,0,0,3.59143E+20,5.56667E+21,7.02483E+15,5.02354E+16
59863,59864,7,2,33,26,2016,11,11,6,2,9,1,0,1,0,1,0,0,0,0,3.29517E+20,5.56602E+21,6.61004E+15,5.02218E+16
59864,59865,7,3,34,1,2016,11,14,4,3,2,6,0,0,0,1,0,0,0,0,4.47929E+20,5.44889E+21,8.28535E+15,4.91906E+16
59865,59866,7,3,38,23,2016,11,14,3,2,5,3,0,0,0,1,0,0,0,0,4.56853E+20,5.4587E+21,8.40677E+15,4.92795E+16
59866,59867,7,1,37,88,2016,11,15,6,3,1,6,0,1,0,1,0,0,0,0,3.86105E+20,5.58412E+21,7.39747E+15,5.03981E+16
59867,59868,7,1,32,54,2016,11,13,3,3,9,1,0,1,0,1,0,0,0,0,4.12025E+20,5.6271E+21,7.75188E+15,5.0789E+16
59868,59869,7,1,43,12,2016,11,12,4,3,2,6,0,0,0,1,0,0,0,0,4.12098E+20,5.59188E+21,7.76128E+15,5.04723E+16
59869,59870,7,3,19,0,2016,11,21,2,3,3,6,2,1,0,1,0,0,0,0,4.52917E+20,5.49756E+21,8.34803E+15,4.96287E+16
59870,59871,7,3,12,0,2016,11,18,3,3,1,6,2,1,0,1,0,0,0,0,4.06661E+20,5.477E+21,7.71252E+15,4.94385E+16
59871,59872,7,1,40,1,2016,11,17,5,3,5,2,2,1,0,1,0,0,0,0,3.91487E+20,5.5415E+21,7.48534E+15,5.0016E+16
59872,59873,7,3,15,0,2016,11,7,3,3,1,6,1,1,0,1,0,0,0,0,4.48084E+20,5.53904E+21,8.27558E+15,5.00014E+16
59873,59874,7,1,43,279,2016,11,18,2,3,1,6,2,1,0,1,0,0,0,0,4.21704E+20,5.60891E+21,7.89303E+15,5.06268E+16
59874,59875,7,3,15,0,2016,11,12,1,2,3,6,0,0,0,1,0,0,0,0,4.46535E+20,5.53529E+21,8.25448E+15,4.99676E+16
59875,59876,7,1,34,45,2016,11,12,2,3,8,1,0,0,0,1,0,0,1,0,3.82724E+20,5.50851E+21,7.37307E+15,4.97176E+16
59876,59877,7,3,20,0,2016,11,16,4,3,3,6,0,0,0,1,0,0,0,0,3.81391E+20,5.45719E+21,7.36998E+15,4.92559E+16
59877,59878,7,3,15,0,2016,11,16,7,3,2,6,2,1,0,1,0,0,0,0,4.46578E+20,5.53967E+21,8.25448E+15,5.00069E+16
59878,59879,7,3,31,34,2016,11,18,6,3,5,2,2,1,0,1,0,0,0,0,4.53375E+20,5.51369E+21,8.35245E+15,4.97738E+16
59879,59880,7,1,31,55,2016,11,13,1,3,2,6,0,0,0,1,0,0,0,0,3.73834E+20,5.59034E+21,7.2228E+15,5.04514E+16
59880,59881,7,1,33,106,2016,11,7,3,2,8,7,0,1,0,1,0,0,0,0,4.23155E+20,5.51959E+21,7.93164E+15,4.98238E+16
59881,59882,7,1,11,0,2016,11,20,6,3,0,3,2,1,0,1,0,1,0,0,4.0005E+20,5.58045E+21,7.59459E+15,5.03676E+16
59882,59883,7,3,33,39,2016,11,7,5,3,9,6,0,0,0,1,0,0,1,0,4.27982E+20,5.50297E+21,8.00181E+15,4.96749E+16
59883,59884,7,2,35,118,2016,11,11,3,2,8,1,0,0,0,1,0,0,0,0,3.21926E+20,5.49866E+21,6.53481E+15,4.96143E+16
59884,59885,7,1,38,44,2016,11,16,6,2,6,4,1,1,0,0,1,0,0,1,3.88753E+20,5.60913E+21,7.42725E+15,5.06235E+16
59885,59886,7,1,40,24,2016,12,10,2,3,1,2,0,1,0,1,0,0,0,0,3.76563E+20,5.53166E+21,7.28029E+15,4.99245E+16
59886,59887,7,3,33,13,2016,12,17,4,3,4,6,0,0,0,1,0,0,0,0,4.23185E+20,5.49858E+21,7.93619E+15,4.96349E+16
59887,59888,7,1,37,202,2016,12,18,7,3,1,2,2,0,0,1,0,0,0,0,3.90623E+20,5.57968E+21,7.46231E+15,5.0359E+16
59888,59889,7,3,17,0,2016,11,7,5,2,6,2,1,0,0,1,1,0,0,0,3.99066E+20,5.4497E+21,7.61469E+15,4.91917E+16
59889,59890,7,2,11,0,2016,12,7,7,3,6,2,2,1,0,1,1,0,0,0,3.34571E+20,5.5113E+21,6.70436E+15,4.97315E+16
59890,59891,7,2,32,245,2016,11,14,5,2,8,1,0,0,0,1,0,0,0,0,3.00412E+20,5.55105E+21,6.21035E+15,5.00782E+16
59891,59892,7,1,40,5,2016,12,18,5,3,8,1,1,0,0,1,0,0,0,0,4.01446E+20,5.55361E+21,7.62119E+15,5.01266E+16
59892,59893,7,1,38,31,2016,12,1,1,2,9,1,2,1,0,1,0,0,0,0,3.99288E+20,5.59407E+21,7.58022E+15,5.04899E+16
59893,59894,7,1,35,36,2016,12,12,4,3,8,1,0,1,0,1,0,0,0,0,3.67818E+20,5.55941E+21,7.14893E+15,5.01721E+16
59894,59895,7,1,33,73,2016,12,12,1,3,9,1,0,1,0,1,0,0,0,0,3.88721E+20,5.51943E+21,7.45311E+15,4.9817E+16
59895,59896,7,3,35,16,2016,12,7,6,3,9,6,1,0,0,1,0,0,0,1,3.90552E+20,5.47733E+21,7.4903E+15,4.94388E+16
59896,59897,7,3,19,0,2016,12,12,3,3,2,6,0,1,0,1,0,0,0,0,4.53426E+20,5.499E+21,8.35491E+15,4.96418E+16
59897,59898,7,3,39,30,2016,11,16,3,3,1,6,0,0,0,1,0,0,0,0,4.34846E+20,5.5384E+21,8.09098E+15,4.99944E+16
59898,59899,7,3,38,19,2016,12,9,3,3,5,3,0,1,0,1,0,0,0,0,4.53607E+20,5.47576E+21,8.36016E+15,4.94327E+16
59899,59900,7,1,37,3,2016,12,7,4,3,3,6,1,0,0,1,0,0,1,0,3.88086E+20,5.5863E+21,7.42468E+15,5.0418E+16
59900,59901,7,1,38,45,2016,12,21,6,3,2,1,2,0,0,1,0,0,0,0,3.89611E+20,5.58879E+21,7.44541E+15,5.04407E+16
59901,59902,7,3,33,22,2016,11,6,2,3,9,1,2,2,0,1,0,0,0,0,4.34413E+20,5.50086E+21,8.09129E+15,4.96568E+16
59902,59903,7,3,15,0,2016,12,8,5,3,5,2,0,0,0,1,0,0,0,1,4.46058E+20,5.54035E+21,8.24712E+15,5.0013E+16
59903,59904,7,1,37,203,2016,11,7,2,3,6,4,0,0,0,1,1,0,0,0,3.98914E+20,5.58663E+21,7.57695E+15,5.0423E+16
59904,59905,7,2,31,71,2016,12,7,2,3,9,6,2,0,0,1,0,0,0,0,3.64482E+20,5.52641E+21,7.11391E+15,4.98747E+16
59905,59906,7,3,18,0,2016,12,21,6,3,0,1,2,1,0,0,0,1,0,0,4.57198E+20,5.46488E+21,8.41085E+15,4.93351E+16
59906,59907,7,3,14,0,2016,12,11,7,3,5,3,0,1,0,1,0,0,0,0,4.55341E+20,5.482E+21,8.38337E+15,4.9489E+16
59907,59908,7,3,38,6,2016,11,16,5,3,0,1,1,0,1,0,0,0,0,0,4.49327E+20,5.47533E+21,8.30118E+15,4.94285E+16
59908,59909,7,3,33,78,2016,11,2,7,3,4,6,2,0,1,1,0,0,0,0,4.09996E+20,5.50814E+21,7.75138E+15,4.9719E+16
59909,59910,7,3,15,0,2016,11,8,6,3,2,6,0,0,0,1,0,0,1,0,4.43799E+20,5.53996E+21,8.21565E+15,5.00093E+16
59910,59911,7,3,39,42,2016,12,15,1,2,5,3,0,0,0,1,0,0,0,0,4.41607E+20,5.52732E+21,8.18698E+15,4.98954E+16
59911,59912,7,3,34,33,2016,12,0,6,2,3,6,2,0,1,1,0,0,0,0,4.51232E+20,5.45539E+21,8.32989E+15,4.92493E+16
59912,59913,7,1,31,83,2016,11,15,4,2,0,1,0,1,0,0,0,1,0,0,3.5165E+20,5.57832E+21,6.91527E+15,5.03382E+16
59913,59914,7,3,17,0,2016,12,15,6,3,2,2,0,0,0,1,0,0,0,0,3.99578E+20,5.44842E+21,7.62204E+15,4.91803E+16
59914,59915,7,1,37,223,2016,12,11,5,3,0,4,0,0,0,1,1,0,0,0,4.03006E+20,5.56733E+21,7.63951E+15,5.02501E+16
59915,59916,7,3,34,32,2016,11,17,4,3,1,5,2,0,0,1,0,0,0,0,4.48321E+20,5.45658E+21,8.28974E+15,4.92598E+16
59916,59917,7,3,32,28,2016,12,16,7,3,0,1,2,0,0,1,0,0,0,0,4.4025E+20,5.48239E+21,8.17495E+15,4.94912E+16
59917,59918,7,3,12,0,2016,12,18,7,3,5,2,2,1,0,1,0,0,0,0,4.04493E+20,5.47642E+21,7.68276E+15,4.9433E+16
59918,59919,7,3,15,0,2016,12,13,6,3,0,6,0,0,1,1,0,0,0,0,4.46875E+20,5.53945E+21,8.25864E+15,5.0005E+16
59919,59920,7,1,37,228,2016,12,16,3,3,2,6,1,0,0,1,0,0,1,0,3.89627E+20,5.58667E+21,7.44626E+15,5.04216E+16
59920,59921,7,3,39,30,2016,12,11,3,3,5,3,0,1,0,1,0,0,1,0,4.3482E+20,5.53849E+21,8.09059E+15,4.99952E+16
59921,59922,7,3,32,24,2016,12,16,2,3,1,6,0,0,0,1,0,0,0,0,4.4025E+20,5.48972E+21,8.17385E+15,4.95571E+16
59922,59923,7,3,32,39,2016,12,14,5,3,9,1,0,0,0,0,0,0,0,1,4.43051E+20,5.47491E+21,8.2147E+15,4.94242E+16
59923,59924,7,3,15,0,2016,12,11,2,3,2,6,0,0,0,1,0,0,0,1,4.43548E+20,5.54233E+21,8.2118E+15,5.00306E+16
59924,59925,7,3,40,36,2016,11,23,4,3,8,7,2,0,0,1,0,0,0,0,3.95891E+20,5.44563E+21,7.57218E+15,4.91547E+16
59925,59926,7,3,40,55,2016,12,14,7,2,5,2,0,0,0,1,0,1,0,0,3.98983E+20,5.46656E+21,7.6093E+15,4.93434E+16
59926,59927,7,1,11,0,2016,12,6,4,3,5,3,2,0,0,1,0,0,0,0,3.97874E+20,5.58137E+21,7.56374E+15,5.03755E+16
59927,59928,7,1,32,71,2016,12,19,1,2,4,1,2,1,0,1,0,0,0,0,4.19679E+20,5.62288E+21,7.86137E+15,5.07521E+16
59928,59929,7,3,14,0,2016,12,9,6,3,1,2,0,0,0,1,0,0,0,1,4.55505E+20,5.48196E+21,8.38563E+15,4.94886E+16
59929,59930,7,1,43,229,2016,12,18,3,3,0,6,2,1,0,0,0,1,0,0,4.16377E+20,5.61315E+21,7.81678E+15,5.06642E+16
59930,59931,7,3,19,0,2016,12,9,3,2,8,1,0,1,0,1,0,0,0,0,4.46454E+20,5.49703E+21,8.25862E+15,4.96235E+16
59931,59932,7,3,12,0,2016,12,12,2,2,5,3,0,0,0,1,0,0,0,0,4.0855E+20,5.47589E+21,7.73882E+15,4.94288E+16
59932,59933,7,3,32,38,2016,12,13,3,2,2,6,0,1,0,1,0,1,0,0,4.36176E+20,5.48785E+21,8.11782E+15,4.95399E+16
59933,59934,7,3,40,4,2016,12,17,5,3,6,4,2,0,0,1,1,0,0,0,4.11039E+20,5.44505E+21,7.78001E+15,4.91518E+16
59934,59935,7,3,31,24,2016,12,15,2,3,0,1,0,0,0,0,0,0,0,1,4.39172E+20,5.50439E+21,8.15667E+15,4.96889E+16
59935,59936,7,2,31,206,2016,11,7,2,3,9,1,0,2,0,1,0,0,0,0,3.73002E+20,5.53219E+21,7.23052E+15,4.99286E+16
59936,59937,7,1,40,36,2016,12,23,6,1,9,1,2,2,0,1,0,0,0,0,3.98375E+20,5.55709E+21,7.57732E+15,5.01573E+16
59937,59938,7,2,11,0,2016,12,16,5,2,1,6,0,0,0,1,0,0,0,0,3.28234E+20,5.5123E+21,6.61607E+15,4.97386E+16
59938,59939,7,3,11,0,2016,11,8,1,3,2,6,0,0,0,1,0,0,0,0,4.53291E+20,5.48931E+21,8.3542E+15,4.95546E+16
59939,59940,7,3,19,0,2016,12,22,6,3,2,6,2,1,0,1,0,0,0,1,4.54379E+20,5.49764E+21,8.36826E+15,4.96296E+16
59940,59941,7,3,31,18,2016,12,1,7,3,9,1,2,1,0,1,0,0,0,0,4.55865E+20,5.51048E+21,8.3874E+15,4.97452E+16
59941,59942,7,3,14,0,2016,11,1,5,1,8,1,2,0,0,1,0,0,0,0,4.59158E+20,5.47646E+21,8.43664E+15,4.94394E+16
59942,59943,7,3,39,5,2016,11,15,7,2,8,1,0,0,0,1,0,0,0,0,4.22143E+20,5.5325E+21,7.91498E+15,4.99398E+16
59943,59944,7,2,31,123,2016,11,7,6,2,9,1,2,0,0,0,0,0,1,0,3.54704E+20,5.51411E+21,6.98251E+15,4.97618E+16
59944,59945,7,2,35,141,2016,12,17,1,3,8,1,2,1,0,1,0,0,0,0,3.39561E+20,5.51378E+21,6.77253E+15,4.97551E+16
59945,59946,7,3,14,0,2016,11,6,4,3,0,1,2,1,0,0,0,1,0,0,4.59625E+20,5.48195E+21,8.44252E+15,4.94889E+16
59946,59947,7,3,36,55,2016,12,12,6,3,5,3,0,0,0,1,0,0,0,1,3.8503E+20,5.48862E+21,7.41087E+15,4.95393E+16
59947,59948,7,2,31,134,2016,11,10,3,2,3,7,0,1,0,1,0,0,0,0,3.48941E+20,5.54054E+21,6.89222E+15,4.99981E+16
59948,59949,7,3,12,0,2016,12,16,4,3,5,3,2,0,0,1,0,0,0,0,4.12657E+20,5.47777E+21,7.79504E+15,4.94463E+16
59949,59950,7,2,33,21,2016,12,23,7,3,9,7,2,1,0,1,0,0,0,0,3.51312E+20,5.55853E+21,6.91828E+15,5.01603E+16
59950,59951,7,3,16,0,2016,12,14,7,3,1,6,0,0,0,1,0,0,0,0,4.38982E+20,5.46538E+21,8.16006E+15,4.93381E+16
59951,59952,7,1,43,283,2016,12,21,6,3,4,6,2,1,0,1,0,0,0,0,4.3129E+20,5.61194E+21,8.02797E+15,5.06553E+16
59952,59953,7,3,36,102,2016,12,12,2,3,5,3,0,0,0,1,0,0,1,0,3.79189E+20,5.47188E+21,7.33529E+15,4.93876E+16
59953,59954,7,2,11,0,2016,12,12,3,3,6,6,0,1,0,1,1,0,0,0,3.2931E+20,5.51432E+21,6.6301E+15,4.97571E+16
59954,59955,7,3,39,5,2016,12,16,2,3,3,6,2,0,0,1,0,0,1,0,4.22177E+20,5.53171E+21,7.91561E+15,4.99327E+16
59955,59956,7,3,11,0,2016,12,17,5,3,2,6,2,0,0,1,0,0,0,0,4.53284E+20,5.48651E+21,8.35443E+15,4.95294E+16
59956,59957,7,2,11,0,2016,12,19,2,3,5,1,1,1,0,1,0,0,0,0,3.32886E+20,5.51683E+21,6.67862E+15,4.97807E+16
59957,59958,7,2,11,0,2016,12,13,2,3,3,6,0,0,0,1,0,0,1,0,3.29145E+20,5.5125E+21,6.62861E+15,4.97407E+16
59958,59959,7,3,39,27,2016,12,11,5,3,2,6,0,0,0,1,0,0,0,0,4.37702E+20,5.53889E+21,8.13074E+15,4.9999E+16
59959,59960,7,3,16,0,2016,12,17,4,3,2,6,2,0,0,1,0,0,0,0,4.40445E+20,5.46389E+21,8.18042E+15,4.93248E+16
59960,59961,7,1,38,45,2016,12,17,6,2,6,4,2,1,0,0,1,1,0,0,3.96827E+20,5.5893E+21,7.54685E+15,5.04467E+16
59961,59962,7,1,41,126,2016,12,6,7,3,9,1,2,2,0,1,0,0,0,0,4.28215E+20,5.57359E+21,7.99185E+15,5.03101E+16
59962,59963,7,1,38,37,2016,11,8,6,3,5,3,0,0,0,1,0,0,0,0,3.78593E+20,5.60077E+21,7.28641E+15,5.05462E+16
59963,59964,7,2,11,0,2016,11,15,5,3,4,6,0,0,0,1,0,0,0,0,3.34376E+20,5.52025E+21,6.69785E+15,4.98118E+16
59964,59965,7,3,35,3,2016,12,2,7,3,9,1,2,1,0,1,0,0,0,0,3.89304E+20,5.47321E+21,7.47424E+15,4.94015E+16
59965,59966,7,2,11,0,2016,11,8,5,3,2,6,0,0,0,1,0,0,0,0,3.31718E+20,5.51634E+21,6.66263E+15,4.9776E+16
59966,59967,7,3,18,0,2016,12,7,5,3,4,2,1,0,1,1,0,0,0,0,4.57656E+20,5.46465E+21,8.41718E+15,4.93331E+16
59967,59968,7,3,12,0,2016,12,16,4,2,5,2,2,0,0,1,0,1,0,0,4.10296E+20,5.48034E+21,7.76189E+15,4.94691E+16
59968,59969,7,1,34,45,2016,12,10,6,3,2,6,0,0,0,1,0,0,0,0,3.78473E+20,5.50757E+21,7.31442E+15,4.97084E+16
59969,59970,7,2,32,288,2016,12,5,7,2,9,1,2,2,0,1,0,0,0,0,3.18377E+20,5.57122E+21,6.45154E+15,5.02652E+16
59970,59971,7,3,33,14,2016,11,16,6,3,2,6,1,0,0,1,0,1,0,1,4.14286E+20,5.50247E+21,7.81213E+15,4.96687E+16
59971,59972,7,2,35,1,2016,11,17,5,3,4,6,2,0,0,1,0,0,0,1,3.25515E+20,5.51729E+21,6.57612E+15,4.97827E+16
59972,59973,7,1,40,67,2016,12,11,1,3,5,3,0,0,0,1,0,0,0,0,3.85307E+20,5.5347E+21,7.40115E+15,4.99536E+16
59973,59974,7,1,41,126,2016,11,7,5,3,5,3,2,0,0,1,0,0,0,0,4.28581E+20,5.5731E+21,7.99708E+15,5.03057E+16
59974,59975,7,2,32,300,2016,11,19,5,2,8,7,2,0,0,0,0,0,0,1,3.16393E+20,5.56239E+21,6.428E+15,5.01852E+16
59975,59976,7,1,37,211,2016,12,17,2,3,5,3,2,0,0,1,0,0,0,0,3.91226E+20,5.58488E+21,7.46928E+15,5.04059E+16
59976,59977,7,3,15,0,2016,11,18,4,3,0,5,2,0,1,1,0,0,0,0,4.48432E+20,5.53479E+21,8.281E+15,4.99632E+16
59977,59978,7,3,12,0,2016,11,7,3,3,2,6,0,0,0,1,0,0,0,0,4.08372E+20,5.47858E+21,7.73575E+15,4.9453E+16
59978,59979,7,3,18,0,2016,12,19,6,2,4,7,2,0,0,1,0,0,1,0,4.57622E+20,5.46644E+21,8.41652E+15,4.93492E+16
59979,59980,7,1,41,121,2016,11,19,3,3,5,6,2,0,0,1,0,0,0,0,4.0993E+20,5.55348E+21,7.73989E+15,5.01267E+16
59980,59981,7,3,14,0,2016,12,17,4,3,6,4,2,0,0,1,1,0,0,0,4.57616E+20,5.4827E+21,8.4147E+15,4.94954E+16
59981,59982,7,1,37,79,2016,12,10,7,2,9,1,0,1,0,1,0,0,0,0,3.62385E+20,5.57694E+21,7.06652E+15,5.03285E+16
59982,59983,7,1,33,501,2016,12,16,7,3,1,6,0,0,0,1,0,0,0,0,4.04839E+20,5.51782E+21,7.6775E+15,4.98053E+16
59983,59984,7,1,37,86,2016,12,9,6,3,8,1,0,1,0,1,0,0,0,0,3.85662E+20,5.57635E+21,7.3936E+15,5.03281E+16
59984,59985,7,3,11,0,2016,12,9,2,3,8,1,0,2,0,1,0,0,0,0,4.56018E+20,5.4888E+21,8.39195E+15,4.95502E+16
59985,59986,7,3,40,54,2016,12,18,2,3,2,6,2,1,0,1,0,0,0,0,4.02663E+20,5.46199E+21,7.66106E+15,4.93029E+16
59986,59987,7,2,33,68,2016,12,22,5,2,8,1,2,0,0,0,0,0,1,1,3.5199E+20,5.56211E+21,6.92638E+15,5.01926E+16
59987,59988,7,1,32,2,2016,12,16,2,3,1,2,0,1,0,1,0,0,0,0,4.20892E+20,5.62599E+21,7.87789E+15,5.07803E+16
59988,59989,7,1,35,2,2016,12,12,2,3,5,3,0,0,0,1,0,0,0,0,3.59923E+20,5.56135E+21,7.03773E+15,5.01878E+16
59989,59990,7,2,35,125,2016,12,13,5,3,2,2,0,0,0,0,0,0,1,0,3.37241E+20,5.52151E+21,6.73712E+15,4.98239E+16
59990,59991,7,3,14,0,2016,12,21,4,3,4,2,2,0,0,1,0,0,0,0,4.58258E+20,5.48058E+21,8.42379E+15,4.94764E+16
59991,59992,7,1,38,77,2016,12,5,7,3,9,1,2,2,0,1,0,0,0,0,3.83006E+20,5.61155E+21,7.34529E+15,5.06441E+16
59992,59993,7,1,31,77,2016,11,13,6,3,3,5,0,0,1,1,0,0,0,0,3.75634E+20,5.60132E+21,7.24448E+15,5.05506E+16
59993,59994,7,1,32,55,2016,11,12,5,3,6,4,0,0,0,1,1,0,0,0,3.96003E+20,5.60517E+21,7.53083E+15,5.05891E+16
59994,59995,7,2,33,29,2016,12,10,7,3,0,6,0,1,0,0,0,1,0,0,3.3424E+20,5.57415E+21,6.67264E+15,5.02961E+16
59995,59996,7,1,32,36,2016,11,22,5,2,1,6,2,0,0,1,0,0,0,0,4.26641E+20,5.61859E+21,7.9609E+15,5.07145E+16
59996,59997,7,1,37,68,2016,12,20,5,2,1,6,2,0,0,1,0,0,0,0,3.73271E+20,5.57653E+21,7.21953E+15,5.03272E+16
59997,59998,7,2,31,85,2016,12,13,1,3,9,6,0,1,0,1,0,0,0,0,3.46203E+20,5.54079E+21,6.85395E+15,4.99995E+16
59998,59999,7,1,11,0,2016,11,7,4,2,0,6,2,1,0,1,0,0,1,0,4.01165E+20,5.57911E+21,7.61061E+15,5.03558E+16
59999,60000,7,1,38,73,2016,12,15,4,3,5,3,0,0,0,1,0,0,0,0,3.74283E+20,5.60671E+21,7.2236E+15,5.05987E+16
60000,60001,7,3,34,33,2016,12,11,1,3,5,3,0,1,0,1,0,0,0,0,4.50783E+20,5.45538E+21,8.32373E+15,4.92492E+16
60001,60002,7,3,40,55,2016,12,16,6,3,5,3,0,0,0,1,0,0,0,0,3.98761E+20,5.46865E+21,7.6057E+15,4.93622E+16
60002,60003,7,3,11,0,2016,12,11,3,3,5,7,0,0,0,1,0,0,0,0,4.53199E+20,5.48971E+21,8.35287E+15,4.95582E+16
60003,60004,7,1,33,6,2016,11,16,3,3,2,6,2,0,0,1,0,0,0,0,4.41131E+20,5.53988E+21,8.17844E+15,5.00083E+16
60004,60005,7,3,12,0,2016,12,9,3,3,5,3,0,1,0,1,0,0,0,0,4.09574E+20,5.47607E+21,7.7529E+15,4.94306E+16
60005,60006,7,1,34,45,2016,12,17,6,3,5,3,2,0,1,1,0,0,0,0,3.78316E+20,5.50816E+21,7.31206E+15,4.97136E+16
60006,60007,7,3,33,54,2016,11,13,2,3,6,4,0,0,0,1,1,0,0,0,4.11702E+20,5.50922E+21,7.77481E+15,4.9729E+16
60007,60008,7,1,43,308,2016,12,12,4,3,5,3,0,1,0,1,0,0,0,0,4.26991E+20,5.60145E+21,7.96923E+15,5.05605E+16
60008,60009,7,1,38,12,2016,12,17,6,3,1,2,2,1,0,1,0,0,0,0,4.05265E+20,5.60101E+21,7.66269E+15,5.05533E+16
60009,60010,7,3,37,501,2016,12,9,3,2,5,7,0,0,0,1,0,0,0,0,4.25503E+20,5.45151E+21,7.97714E+15,4.92118E+16
60010,60011,7,3,14,0,2016,11,20,2,3,2,6,2,0,0,1,0,0,0,0,4.58926E+20,5.47949E+21,8.43312E+15,4.94666E+16
60011,60012,7,1,33,6,2016,12,7,5,3,3,6,2,1,0,1,0,0,0,0,4.20437E+20,5.52331E+21,7.89309E+15,4.98569E+16
60012,60013,7,1,40,64,2016,11,13,2,3,2,6,0,0,0,1,0,0,0,0,3.88668E+20,5.5471E+21,7.44438E+15,5.00658E+16
60013,60014,7,3,34,28,2016,12,4,1,3,9,1,2,0,0,1,0,0,0,0,4.51801E+20,5.45735E+21,8.33747E+15,4.9267E+16
60014,60015,7,1,43,48,2016,11,11,4,3,2,6,0,0,0,1,0,0,0,0,4.17579E+20,5.58854E+21,7.83923E+15,5.0443E+16
60015,60016,7,3,38,6,2016,12,19,1,3,2,6,2,0,0,1,0,0,0,0,4.52164E+20,5.47364E+21,8.3405E+15,4.94136E+16
60016,60017,7,1,11,0,2016,12,14,7,3,1,6,0,0,0,1,0,0,0,0,3.99496E+20,5.58094E+21,7.58666E+15,5.0372E+16
60017,60018,7,3,38,20,2016,11,17,3,3,5,2,2,0,0,1,0,0,0,0,4.57298E+20,5.47461E+21,8.41119E+15,4.94226E+16
60018,60019,7,3,39,30,2016,12,14,6,3,2,6,0,0,0,1,0,0,0,1,4.30144E+20,5.53695E+21,8.02565E+15,4.99808E+16
60019,60020,7,1,40,36,2016,11,9,3,3,2,6,0,0,0,1,0,0,0,0,4.00331E+20,5.5763E+21,7.59964E+15,5.03304E+16