FID,OBJECTID,ULAND,UREGBEZ,UKREIS,UGEMEINDE,UJAHR,UMONAT,USTUNDE,UWOCHENTAG,UKATEGORIE,UART,UTYP1,ULICHTVERH,IstStrasse,IstRad,IstPKW,IstFuss,IstKrad,IstGkfz,IstSonstig,LINREFX,LINREFY,XGCSWGS84,YGCSWGS84
60020,60021,7,1,33,46,2016,12,12,4,3,4,6,0,1,0,1,0,0,0,0,3.9343E+20,5.51789E+21,7.51897E+15,4.9804E+16
60021,60022,7,1,41,29,2016,12,10,6,3,2,6,0,0,0,1,0,0,0,0,4.29388E+20,5.58027E+21,8.00707E+15,5.03702E+16
60022,60023,7,3,13,0,2016,11,15,2,3,6,4,0,0,0,1,1,0,0,0,4.36267E+20,5.44983E+21,8.12517E+15,4.91979E+16
60023,60024,7,3,34,7,2016,12,8,5,3,2,6,0,1,0,1,0,0,0,1,4.54041E+20,5.45323E+21,8.36874E+15,4.92301E+16
60024,60025,7,2,35,501,2016,11,9,2,3,2,2,0,0,0,1,0,0,0,1,3.24824E+20,5.52241E+21,6.56423E+15,4.98285E+16
60025,60026,7,3,31,7,2016,12,18,2,2,5,3,2,2,0,1,0,0,0,0,4.41369E+20,5.51681E+21,8.18526E+15,4.98009E+16
60026,60027,7,3,35,17,2016,11,12,6,3,2,6,0,0,1,1,0,0,0,0,4.05952E+20,5.48397E+21,7.70108E+15,4.95011E+16
60027,60028,7,1,43,48,2016,12,15,5,2,4,6,0,1,0,1,0,0,0,0,4.17761E+20,5.58736E+21,7.84205E+15,5.04325E+16
60028,60029,7,1,11,0,2016,12,14,2,3,4,2,0,0,0,1,0,0,0,0,3.9764E+20,5.57885E+21,7.56115E+15,5.03528E+16
60029,60030,7,1,37,227,2016,12,15,2,3,2,6,0,1,0,1,0,0,0,0,3.96072E+20,5.57014E+21,7.5415E+15,5.02742E+16
60030,60031,7,3,39,67,2016,12,19,4,3,8,1,2,1,0,1,0,0,0,0,4.43675E+20,5.52527E+21,8.21607E+15,4.98772E+16
60031,60032,7,3,40,51,2016,12,7,6,3,2,6,0,1,0,1,0,0,0,0,3.98539E+20,5.45721E+21,7.60556E+15,4.92593E+16
60032,60033,7,3,12,0,2016,11,20,5,3,9,1,2,0,0,0,0,1,0,0,3.98115E+20,5.48024E+21,7.59384E+15,4.94663E+16
60033,60034,7,1,32,117,2016,12,16,7,3,5,3,2,1,0,1,0,0,0,0,4.10937E+20,5.6259E+21,7.73674E+15,5.0778E+16
60034,60035,7,1,32,501,2016,11,17,5,2,6,4,2,0,0,1,1,0,0,0,4.04594E+20,5.61608E+21,7.64935E+15,5.06887E+16
60035,60036,7,1,11,0,2016,12,17,5,3,3,6,2,0,0,1,0,0,0,0,3.97162E+20,5.58279E+21,7.55335E+15,5.03882E+16
60036,60037,7,1,35,502,2016,12,21,1,2,4,1,2,1,0,1,0,0,0,0,3.63618E+20,5.56267E+21,7.08898E+15,5.02005E+16
60037,60038,7,1,31,77,2016,12,7,4,2,6,4,2,1,0,1,1,0,0,0,3.75673E+20,5.60087E+21,7.24519E+15,5.05465E+16
60038,60039,7,3,31,58,2016,12,16,1,3,8,1,1,1,0,1,0,0,0,0,4.3875E+20,5.52361E+21,8.14779E+15,4.98618E+16
60039,60040,7,3,11,0,2016,12,15,6,3,2,6,0,0,0,1,0,0,0,0,4.50168E+20,5.48576E+21,8.31146E+15,4.95225E+16
60040,60041,7,3,15,0,2016,12,11,3,3,1,6,0,1,0,1,0,0,0,0,4.4974E+20,5.53731E+21,8.2989E+15,4.9986E+16
60041,60042,7,3,31,4,2016,11,16,3,2,3,7,2,0,0,1,0,0,0,0,4.31655E+20,5.51812E+21,8.05005E+15,4.98116E+16
60042,60043,7,3,14,0,2016,12,7,3,3,3,6,1,1,0,1,0,1,0,0,4.57323E+20,5.48378E+21,8.41054E+15,4.95051E+16
60043,60044,7,3,17,0,2016,12,17,3,3,8,1,2,1,0,1,0,0,0,0,3.96317E+20,5.45048E+21,7.57677E+15,4.91983E+16
60044,60045,7,1,37,69,2016,12,12,6,3,3,2,0,1,0,1,0,0,1,0,3.77058E+20,5.58276E+21,7.27067E+15,5.0384E+16
60045,60046,7,3,19,0,2016,11,10,2,2,8,1,0,0,0,1,0,0,0,0,4.51812E+20,5.49662E+21,8.33285E+15,4.96202E+16
60046,60047,7,1,35,13,2016,12,7,5,1,8,1,1,1,0,1,0,0,0,1,3.68525E+20,5.54161E+21,7.16496E+15,5.00123E+16
60047,60048,7,1,11,0,2016,11,11,2,3,5,3,0,0,0,1,0,0,0,0,3.98018E+20,5.58066E+21,7.56597E+15,5.03691E+16
60048,60049,7,3,38,5,2016,12,21,6,2,5,3,2,1,0,1,0,0,0,0,4.49433E+20,5.46828E+21,8.30354E+15,4.93651E+16
60049,60050,7,3,31,71,2016,12,5,7,3,9,1,2,2,0,1,0,0,0,0,4.4622E+20,5.50737E+21,8.25396E+15,4.97164E+16
60050,60051,7,1,33,102,2016,11,16,5,3,2,6,1,0,0,1,0,1,0,0,4.05718E+20,5.51492E+21,7.69041E+15,4.97794E+16
60051,60052,7,3,36,39,2016,11,16,7,3,8,6,1,0,0,1,0,0,0,0,3.77493E+20,5.48572E+21,7.30765E+15,4.95117E+16
60052,60053,7,2,32,206,2016,11,11,6,2,4,6,0,0,0,1,0,0,0,0,3.04995E+20,5.56761E+21,6.26585E+15,5.02284E+16
60053,60054,7,2,32,99,2016,12,0,1,2,8,1,2,1,0,0,0,0,0,1,3.16846E+20,5.53808E+21,6.44598E+15,4.99669E+16
60054,60055,7,1,37,68,2016,11,17,4,3,1,3,2,0,0,1,0,0,0,0,3.74173E+20,5.57574E+21,7.23246E+15,5.03203E+16
60055,60056,7,2,32,207,2016,12,20,2,2,8,1,2,2,0,1,0,0,0,0,3.0685E+20,5.56747E+21,6.29189E+15,5.02279E+16
60056,60057,7,3,32,25,2016,12,7,7,2,3,6,0,2,0,1,0,0,0,0,4.45602E+20,5.47023E+21,8.25052E+15,4.93824E+16
60057,60058,7,1,33,35,2016,11,21,5,3,7,7,2,0,0,0,0,1,0,0,4.19079E+20,5.5273E+21,7.87338E+15,4.98926E+16
60058,60059,7,1,32,32,2016,11,12,1,3,9,1,0,0,0,1,0,0,0,0,3.97185E+20,5.61123E+21,7.54583E+15,5.06439E+16
60059,60060,7,1,33,78,2016,11,6,6,2,2,2,2,0,1,1,0,0,0,0,4.22879E+20,5.52236E+21,7.92725E+15,4.98487E+16
60060,60061,7,3,36,58,2016,12,15,1,3,5,3,0,1,0,1,0,0,0,0,3.98111E+20,5.50091E+21,7.58844E+15,4.96521E+16
60061,60062,7,1,34,42,2016,12,17,4,3,4,6,2,1,0,1,0,0,0,0,3.67102E+20,5.49688E+21,7.16041E+15,4.96099E+16
60062,60063,7,3,14,0,2016,12,8,6,3,2,6,1,1,0,1,0,0,0,0,4.53747E+20,5.47891E+21,8.36172E+15,4.94611E+16
60063,60064,7,3,37,23,2016,11,17,5,3,2,6,2,0,0,1,0,0,0,0,4.40234E+20,5.45345E+21,8.17908E+15,4.92309E+16
60064,60065,7,1,41,75,2016,11,11,4,3,5,2,0,1,0,1,0,0,0,0,4.0161E+20,5.57328E+21,7.61839E+15,5.03034E+16
60065,60066,7,1,11,0,2016,12,12,7,3,2,6,0,0,0,1,0,0,0,0,3.99579E+20,5.58005E+21,7.58808E+15,5.0364E+16
60066,60067,7,1,35,2,2016,12,12,5,3,5,3,0,0,0,1,0,0,0,0,3.61623E+20,5.56115E+21,7.0616E+15,5.01864E+16
60067,60068,7,3,33,43,2016,11,12,4,3,5,3,0,0,0,1,0,0,0,1,4.13947E+20,5.50612E+21,7.80662E+15,4.97014E+16
60068,60069,7,3,33,43,2016,12,8,7,3,8,7,0,0,0,1,0,0,0,0,4.13946E+20,5.50609E+21,7.80662E+15,4.97011E+16
60069,60070,7,1,11,0,2016,12,8,4,3,2,6,0,0,0,1,0,0,0,0,3.97234E+20,5.58374E+21,7.55411E+15,5.03967E+16
60070,60071,7,1,35,72,2016,12,20,1,3,5,3,2,1,0,1,0,0,0,0,3.76526E+20,5.55885E+21,7.271E+15,5.0169E+16
60071,60072,7,3,31,30,2016,12,17,6,3,4,2,2,0,0,1,0,0,0,0,4.27523E+20,5.52103E+21,7.99208E+15,4.98373E+16
60072,60073,7,1,43,61,2016,12,4,3,3,2,6,2,2,0,1,0,1,0,0,4.13172E+20,5.59704E+21,7.7752E+15,5.05188E+16
60073,60074,7,3,15,0,2016,12,14,3,3,3,6,0,1,0,1,0,0,0,0,4.44022E+20,5.53949E+21,8.21883E+15,5.00051E+16
60074,60075,7,3,18,0,2016,12,6,2,3,3,6,2,1,0,1,0,0,0,0,4.57705E+20,5.46631E+21,8.41768E+15,4.9348E+16
60075,60076,7,3,34,501,2016,12,9,3,2,0,7,0,1,0,1,0,0,0,0,4.46819E+20,5.43197E+21,8.27235E+15,4.90383E+16
60076,60077,7,3,35,38,2016,12,11,5,3,3,6,0,1,0,1,0,0,1,0,3.98565E+20,5.47527E+21,7.60131E+15,4.94217E+16
60077,60078,7,3,31,18,2016,12,18,2,3,5,3,2,0,0,1,0,1,0,0,4.57175E+20,5.51094E+21,8.40553E+15,4.97495E+16
60078,60079,7,2,33,26,2016,11,6,2,3,5,3,2,1,0,1,0,0,0,0,3.33159E+20,5.56605E+21,6.66104E+15,5.02231E+16
60079,60080,7,3,20,0,2016,12,17,5,3,4,6,2,0,0,1,0,0,0,0,3.80947E+20,5.45574E+21,7.36432E+15,4.92428E+16
60080,60081,7,3,20,0,2016,12,17,4,2,6,4,2,0,0,1,1,0,0,0,3.80465E+20,5.45594E+21,7.35764E+15,4.92446E+16
60081,60082,7,1,33,112,2016,11,20,1,3,8,1,2,0,0,1,0,0,0,0,4.10093E+20,5.52094E+21,7.74976E+15,4.98341E+16
60082,60083,7,3,15,0,2016,12,17,6,3,2,6,2,1,0,1,0,0,0,0,4.47045E+20,5.54027E+21,8.26091E+15,5.00124E+16
60083,60084,7,3,15,0,2016,12,9,7,3,2,6,0,0,0,1,0,0,0,0,4.44999E+20,5.53499E+21,8.2331E+15,4.99647E+16
60084,60085,7,3,33,62,2016,11,15,5,2,4,6,0,0,0,1,0,0,0,0,4.31946E+20,5.50237E+21,8.05684E+15,4.967E+16
60085,60086,7,1,31,41,2016,11,20,7,3,9,1,2,1,0,1,0,0,0,0,3.68299E+20,5.59665E+21,7.14265E+15,5.0507E+16
60086,60087,7,2,35,501,2016,11,15,6,3,2,6,0,0,0,1,0,0,0,0,3.2486E+20,5.52237E+21,6.56474E+15,4.98282E+16
60087,60088,7,1,37,97,2016,11,13,5,2,4,2,0,1,0,1,0,1,0,0,3.7069E+20,5.57948E+21,7.18228E+15,5.03532E+16
60088,60089,7,1,38,45,2016,12,13,1,3,4,2,0,0,0,1,0,0,0,1,3.95153E+20,5.58726E+21,7.52385E+15,5.0428E+16
60089,60090,7,2,32,296,2016,11,16,5,3,5,3,0,0,0,1,0,0,0,0,3.15773E+20,5.56434E+21,6.41839E+15,5.02025E+16
60090,60091,7,3,19,0,2016,11,19,4,2,6,2,2,0,0,1,1,0,0,0,4.52707E+20,5.49817E+21,8.34506E+15,4.96342E+16
60091,60092,7,3,32,25,2016,12,22,6,3,2,6,2,0,0,1,0,0,0,0,4.46819E+20,5.46896E+21,8.26745E+15,4.93711E+16
60092,60093,7,2,11,0,2016,11,19,3,3,4,2,2,0,0,1,0,0,0,0,3.34807E+20,5.52072E+21,6.70365E+15,4.98161E+16
60093,60094,7,3,37,27,2016,12,21,4,3,8,1,2,1,0,1,0,0,0,0,4.43178E+20,5.458E+21,8.21887E+15,4.92721E+16
60094,60095,7,1,43,32,2016,12,12,7,3,1,6,0,0,0,1,0,0,0,0,4.05891E+20,5.58888E+21,7.67458E+15,5.04444E+16
60095,60096,7,3,34,17,2016,12,10,7,3,2,2,0,0,0,1,0,0,0,0,4.52704E+20,5.45413E+21,8.35026E+15,4.92381E+16
60096,60097,7,1,11,0,2016,12,5,6,3,6,4,2,0,0,1,1,0,0,0,3.99326E+20,5.58063E+21,7.58436E+15,5.03692E+16
60097,60098,7,3,32,2,2016,12,15,2,3,1,1,0,0,0,1,0,0,0,0,4.40407E+20,5.47999E+21,8.17748E+15,4.94696E+16
60098,60099,7,1,37,212,2016,12,8,3,3,5,3,0,1,0,1,0,0,0,0,3.9035E+20,5.57404E+21,7.4601E+15,5.03083E+16
60099,60100,7,3,35,38,2016,12,17,6,3,0,2,1,0,0,1,0,0,0,1,3.95462E+20,5.47939E+21,7.55746E+15,4.94582E+16
60100,60101,7,1,11,0,2016,12,15,5,3,4,6,0,1,0,1,0,0,0,0,4.01818E+20,5.58013E+21,7.61952E+15,5.0365E+16
60101,60102,7,3,13,0,2016,12,19,7,3,2,6,2,0,0,1,0,0,0,0,4.37219E+20,5.44926E+21,8.13832E+15,4.91929E+16
60102,60103,7,3,35,4,2016,12,19,7,3,0,1,2,1,0,1,0,0,0,0,4.20449E+20,5.48169E+21,7.90173E+15,4.94827E+16
60103,60104,7,2,33,501,2016,12,11,6,3,2,6,0,1,0,1,0,0,1,0,3.41111E+20,5.56504E+21,6.77286E+15,5.02162E+16
60104,60105,7,1,40,125,2016,12,8,3,3,9,1,0,1,0,1,0,0,0,0,4.05619E+20,5.53929E+21,7.68309E+15,4.99985E+16
60105,60106,7,1,34,42,2016,12,19,3,2,1,6,2,1,0,1,0,0,0,0,3.67029E+20,5.49769E+21,7.15913E+15,4.96171E+16
60106,60107,7,3,14,0,2016,12,17,2,2,1,6,2,1,0,1,0,0,0,0,4.50326E+20,5.48158E+21,8.31418E+15,4.94848E+16
60107,60108,7,3,16,0,2016,12,5,5,3,9,1,2,2,0,1,0,0,0,0,4.40152E+20,5.46667E+21,8.17597E+15,4.93498E+16
60108,60109,7,2,32,288,2016,12,12,2,3,5,3,0,0,0,1,0,0,0,0,3.18691E+20,5.57152E+21,6.45581E+15,5.02679E+16
60109,60110,7,3,33,39,2016,12,19,5,3,5,2,2,0,0,1,0,0,0,0,4.29335E+20,5.50055E+21,8.021E+15,4.96533E+16
60110,60111,7,3,18,0,2016,12,18,4,3,9,1,2,0,0,1,0,0,0,0,4.57917E+20,5.46859E+21,8.42036E+15,4.93685E+16
60111,60112,7,2,11,0,2016,12,20,6,3,5,3,2,0,0,1,0,0,0,0,3.33695E+20,5.51279E+21,6.69158E+15,4.97445E+16
60112,60113,7,2,31,502,2016,12,11,7,3,2,1,0,1,0,1,0,0,0,0,3.68E+20,5.52397E+21,7.16367E+15,4.98536E+16
60113,60114,7,1,40,3,2016,11,7,5,3,9,1,2,0,0,0,0,1,0,0,3.99809E+20,5.53608E+21,7.60289E+15,4.99686E+16
60114,60115,7,3,20,0,2016,12,18,7,3,3,6,2,0,0,1,0,1,0,0,3.81242E+20,5.45701E+21,7.36799E+15,4.92543E+16
60115,60116,7,1,40,501,2016,11,18,5,3,1,1,2,0,0,1,0,0,0,0,3.94163E+20,5.56693E+21,7.51563E+15,5.0245E+16
60116,60117,7,1,38,74,2016,12,22,2,3,8,1,2,0,0,0,0,0,1,0,3.97705E+20,5.60174E+21,7.5558E+15,5.05587E+16
60117,60118,7,1,34,5,2016,11,13,4,3,9,1,0,1,0,0,0,0,0,1,3.82569E+20,5.49722E+21,7.37431E+15,4.96161E+16
60118,60119,7,3,35,38,2016,12,16,1,3,3,1,2,0,0,1,0,0,1,0,3.96828E+20,5.47521E+21,7.57739E+15,4.94208E+16
60119,60120,7,3,32,24,2016,11,8,3,3,2,6,0,0,0,1,0,0,0,0,4.40326E+20,5.48965E+21,8.17491E+15,4.95565E+16
60120,60121,7,3,11,0,2016,12,17,6,2,6,4,2,1,0,1,1,0,0,0,4.51742E+20,5.48784E+21,8.33296E+15,4.95412E+16
60121,60122,7,1,38,45,2016,11,7,3,3,2,6,2,0,0,1,0,0,1,0,3.97692E+20,5.58693E+21,7.55968E+15,5.04255E+16
60122,60123,7,3,14,0,2016,12,16,4,3,3,6,1,0,0,1,0,0,0,1,4.59185E+20,5.47906E+21,8.43674E+15,4.94629E+16
60123,60124,7,1,37,225,2016,12,15,7,3,2,6,1,0,0,1,0,0,0,0,3.94559E+20,5.58511E+21,7.51609E+15,5.04086E+16
60124,60125,7,3,31,1,2016,12,14,7,2,9,1,0,0,0,1,0,0,0,0,4.37042E+20,5.51535E+21,8.12537E+15,4.97873E+16
60125,60126,7,3,35,38,2016,12,20,5,3,9,1,2,1,0,1,0,0,0,0,3.95675E+20,5.47518E+21,7.5615E+15,4.94203E+16
60126,60127,7,3,39,58,2016,12,8,2,3,1,6,0,1,0,1,0,0,0,0,4.17937E+20,5.53972E+21,7.85483E+15,5.00042E+16
60127,60128,7,1,34,45,2016,12,15,5,3,1,6,0,1,0,1,0,0,0,0,3.78714E+20,5.50922E+21,7.31725E+15,4.97232E+16
60128,60129,7,1,40,82,2016,12,14,2,3,8,1,0,0,0,1,0,0,0,0,3.7618E+20,5.53281E+21,7.27458E+15,4.99348E+16
60129,60130,7,1,40,28,2016,12,12,2,3,2,2,0,1,0,1,0,0,0,0,3.86276E+20,5.53005E+21,7.41601E+15,4.9912E+16
60130,60131,7,1,33,6,2016,12,11,4,3,3,6,0,0,0,1,0,0,0,1,4.18958E+20,5.52146E+21,7.87291E+15,4.98401E+16
60131,60132,7,1,35,57,2016,12,10,7,3,2,2,0,2,0,1,0,0,0,0,3.58213E+20,5.55519E+21,7.01608E+15,5.0132E+16
60132,60133,7,1,11,0,2016,11,18,6,2,6,4,2,0,0,1,1,0,0,0,4.01462E+20,5.5797E+21,7.61464E+15,5.03611E+16
60133,60134,7,3,15,0,2016,12,15,5,3,9,1,0,1,0,1,1,0,0,0,4.47405E+20,5.53736E+21,8.26632E+15,4.99862E+16
60134,60135,7,2,11,0,2016,12,13,2,3,2,6,0,0,0,1,0,0,0,0,3.28449E+20,5.51344E+21,6.61854E+15,4.97489E+16
60135,60136,7,1,32,43,2016,12,13,2,3,9,1,0,1,0,1,0,0,0,0,3.96557E+20,5.60778E+21,7.53792E+15,5.06128E+16
60136,60137,7,2,31,10,2016,12,22,5,3,8,7,2,0,0,1,0,0,0,0,3.36894E+20,5.53701E+21,6.72575E+15,4.99631E+16
60137,60138,7,3,34,501,2016,12,9,4,3,8,1,0,0,0,1,0,0,0,0,4.45774E+20,5.43125E+21,8.25815E+15,4.90318E+16
60138,60139,7,1,43,47,2016,12,10,7,3,2,2,0,0,0,1,0,0,0,0,4.11414E+20,5.59345E+21,7.75127E+15,5.04863E+16
60139,60140,7,1,32,76,2016,11,23,6,2,8,1,2,0,0,0,0,1,0,0,4.19778E+20,5.63395E+21,7.86035E+15,5.08517E+16
60140,60141,7,3,40,38,2016,11,7,4,3,5,3,1,1,0,1,0,0,0,0,4.01253E+20,5.45531E+21,7.64332E+15,4.92426E+16
60141,60142,7,3,15,0,2016,12,10,7,3,9,1,0,1,0,1,0,0,0,0,4.50483E+20,5.53556E+21,8.30949E+15,4.99704E+16
60142,60143,7,3,12,0,2016,11,19,4,3,1,5,2,0,0,1,0,0,0,0,4.02276E+20,5.47578E+21,7.65235E+15,4.94268E+16
60143,60144,7,1,32,25,2016,12,18,5,3,5,3,2,1,0,1,0,0,0,0,4.20334E+20,5.61964E+21,7.87136E+15,5.07231E+16
60144,60145,7,3,37,39,2016,12,10,1,3,9,6,0,1,0,1,0,0,0,0,4.46243E+20,5.44485E+21,8.26275E+15,4.91541E+16
60145,60146,7,1,38,45,2016,11,19,4,3,5,3,2,1,0,1,0,0,0,0,3.89924E+20,5.58857E+21,7.44987E+15,5.04388E+16
60146,60147,7,3,16,0,2016,12,20,1,2,4,6,2,0,0,1,0,0,0,0,4.42337E+20,5.46314E+21,8.20656E+15,4.93183E+16
60147,60148,7,1,11,0,2016,12,3,7,3,8,1,2,0,0,1,0,0,0,0,3.98637E+20,5.58384E+21,7.57381E+15,5.03979E+16
60148,60149,7,3,11,0,2016,11,7,3,3,2,6,1,0,0,1,0,0,0,0,4.5376E+20,5.48501E+21,8.36118E+15,4.9516E+16
60149,60150,7,3,15,0,2016,12,8,6,3,2,2,0,1,0,1,0,0,1,0,4.47657E+20,5.53645E+21,8.26996E+15,4.99781E+16
60150,60151,7,3,40,57,2016,11,11,2,3,5,2,0,0,0,1,0,1,0,0,4.1741E+20,5.45093E+21,7.86615E+15,4.92056E+16
60151,60152,7,2,32,18,2016,12,7,4,2,2,6,1,2,0,1,0,0,0,0,3.21694E+20,5.53849E+21,6.51333E+15,4.9972E+16
60152,60153,7,1,43,62,2016,12,13,6,2,5,3,0,0,0,1,0,0,0,0,4.10474E+20,5.59222E+21,7.73832E+15,5.04752E+16
60153,60154,7,3,38,25,2016,11,18,2,3,1,7,1,0,0,1,0,1,0,0,4.54771E+20,5.46932E+21,8.37695E+15,4.93749E+16
60154,60155,7,3,37,501,2016,12,16,5,3,2,1,1,0,0,1,0,0,0,0,4.2475E+20,5.45055E+21,7.96697E+15,4.92032E+16
60155,60156,7,1,32,54,2016,11,14,2,3,2,6,0,0,0,1,0,0,0,0,4.12152E+20,5.62717E+21,7.75367E+15,5.07896E+16
60156,60157,7,3,15,0,2016,12,7,2,3,6,3,1,0,0,1,1,0,0,0,4.49251E+20,5.53657E+21,8.29219E+15,4.99793E+16
60157,60158,7,3,33,13,2016,11,15,5,2,8,7,0,0,0,1,0,0,0,1,4.23886E+20,5.49775E+21,7.94606E+15,4.96275E+16
60158,60159,7,1,43,280,2016,11,21,1,2,8,1,2,2,0,1,0,0,0,0,4.23059E+20,5.61407E+21,7.91112E+15,5.06734E+16
60159,60160,7,3,13,0,2016,11,7,6,3,5,3,1,0,0,1,0,0,0,0,4.37824E+20,5.44935E+21,8.14661E+15,4.91938E+16
60160,60161,7,1,35,25,2016,12,17,5,1,6,4,2,1,0,1,1,0,0,0,3.72117E+20,5.55256E+21,7.2114E+15,5.01115E+16
60161,60162,7,1,11,0,2016,12,17,2,3,2,6,2,0,0,1,0,0,0,0,3.97009E+20,5.58187E+21,7.55145E+15,5.03798E+16
60162,60163,7,2,33,71,2016,12,5,4,3,9,1,2,1,0,1,0,0,0,0,3.54103E+20,5.55044E+21,6.96043E+15,5.00883E+16
60163,60164,7,3,35,38,2016,12,17,6,2,2,6,2,0,0,1,0,0,0,0,3.99583E+20,5.47829E+21,7.61458E+15,4.9449E+16
60164,60165,7,3,32,22,2016,11,20,5,3,1,1,2,0,0,1,0,0,0,0,4.44647E+20,5.47818E+21,8.23625E+15,4.94538E+16
60165,60166,7,1,37,203,2016,11,7,4,3,3,6,1,1,0,1,0,0,0,0,3.99475E+20,5.58526E+21,7.58521E+15,5.04107E+16
60166,60167,7,1,31,211,2016,12,17,7,3,8,1,2,1,0,1,0,0,0,0,3.71365E+20,5.58609E+21,7.18949E+15,5.04128E+16
60167,60168,7,3,12,0,2016,11,17,4,2,4,6,2,0,0,1,0,0,0,0,4.05216E+20,5.48154E+21,7.69151E+15,4.94791E+16
60168,60169,7,1,38,44,2016,12,18,5,3,2,6,2,0,0,1,0,0,0,1,3.87981E+20,5.60837E+21,7.41658E+15,5.06164E+16
60169,60170,7,1,40,92,2016,12,3,1,3,8,1,2,1,0,1,0,0,0,0,3.93705E+20,5.53238E+21,7.5188E+15,4.99344E+16
60170,60171,7,1,37,57,2016,12,6,4,2,4,6,2,1,0,1,0,0,0,0,3.79425E+20,5.58333E+21,7.30377E+15,5.03897E+16
60171,60172,7,2,35,78,2016,12,21,1,3,0,1,2,1,0,0,0,1,0,0,3.40148E+20,5.51965E+21,6.77827E+15,4.9808E+16
60172,60173,7,3,38,6,2016,12,15,6,2,5,3,0,0,0,1,0,0,0,0,4.50754E+20,5.47463E+21,8.32095E+15,4.94224E+16
60173,60174,7,2,33,83,2016,12,14,3,3,2,2,0,0,0,1,0,0,1,0,3.35215E+20,5.58098E+21,6.68333E+15,5.03578E+16
60174,60175,7,3,31,55,2016,12,16,3,3,2,6,1,1,0,1,0,0,0,0,4.52764E+20,5.50609E+21,8.34489E+15,4.97055E+16
60175,60176,7,3,35,38,2016,12,18,2,3,5,3,2,0,0,1,0,0,0,0,3.92802E+20,5.47677E+21,7.52148E+15,4.94342E+16
60176,60177,7,2,35,51,2016,12,15,7,3,2,2,0,0,0,1,0,0,0,0,3.21565E+20,5.50983E+21,6.52473E+15,4.97145E+16
60177,60178,7,3,12,0,2016,11,15,4,2,5,3,0,1,0,1,0,0,0,1,4.08964E+20,5.47204E+21,7.74542E+15,4.93942E+16
60178,60179,7,1,37,3,2016,12,16,5,3,5,3,0,0,1,1,0,0,0,0,3.88075E+20,5.58667E+21,7.42442E+15,5.04214E+16
60179,60180,7,1,43,28,2016,12,16,1,3,8,1,1,1,0,1,0,0,0,0,4.14929E+20,5.59507E+21,7.80044E+15,5.05014E+16
60180,60181,7,3,40,51,2016,11,13,3,2,5,3,0,0,0,1,0,0,1,0,3.96364E+20,5.45676E+21,7.5758E+15,4.92549E+16
60181,60182,7,1,32,25,2016,12,18,4,3,4,6,2,1,0,1,0,0,0,1,4.21291E+20,5.62034E+21,7.88476E+15,5.07295E+16
60182,60183,7,3,38,18,2016,12,12,1,3,5,3,0,0,0,1,0,0,0,0,4.48821E+20,5.48131E+21,8.29344E+15,4.94823E+16
60183,60184,7,3,35,38,2016,12,20,6,3,8,1,2,0,0,1,0,0,0,0,3.92158E+20,5.47441E+21,7.51324E+15,4.94128E+16
60184,60185,7,1,33,6,2016,12,9,3,3,2,6,0,1,0,1,0,0,0,0,4.18034E+20,5.52155E+21,7.86004E+15,4.98408E+16
60185,60186,7,3,15,0,2016,11,18,3,3,2,1,2,0,0,1,0,0,0,0,4.43147E+20,5.54078E+21,8.20643E+15,5.00166E+16
60186,60187,7,3,34,1,2016,12,18,3,3,2,6,1,0,0,1,0,0,0,0,4.47653E+20,5.44895E+21,8.28157E+15,4.91911E+16
60187,60188,7,3,32,2,2016,11,6,2,3,5,3,2,0,0,1,0,0,0,0,4.3973E+20,5.47979E+21,8.16818E+15,4.94677E+16
60188,60189,7,1,37,3,2016,12,8,4,3,1,6,0,1,0,1,0,0,1,0,3.86512E+20,5.58676E+21,7.40239E+15,5.04219E+16
60189,60190,7,1,38,12,2016,12,7,6,3,8,1,2,1,0,1,0,0,0,0,4.04073E+20,5.60142E+21,7.64577E+15,5.05568E+16
60190,60191,7,3,33,81,2016,11,7,2,3,9,1,1,2,0,1,0,0,0,0,4.26998E+20,5.49678E+21,7.98933E+15,4.96192E+16
60191,60192,7,3,39,49,2016,12,16,5,2,6,4,1,0,0,1,1,0,0,0,4.53934E+20,5.52285E+21,8.35913E+15,4.98563E+16
60192,60193,7,1,37,216,2016,11,12,2,3,2,7,0,0,0,1,0,0,0,0,3.93813E+20,5.58422E+21,7.50586E+15,5.04004E+16
60193,60194,7,2,32,14,2016,12,12,2,3,8,7,0,1,0,1,0,0,0,0,3.21017E+20,5.54534E+21,6.50071E+15,5.00334E+16
60194,60195,7,3,13,0,2016,12,17,6,3,1,6,2,1,0,1,0,0,0,0,4.3482E+20,5.44953E+21,8.10536E+15,4.91951E+16
60195,60196,7,3,11,0,2016,12,14,7,3,6,4,0,0,0,1,1,0,0,0,4.53285E+20,5.48663E+21,8.35443E+15,4.95305E+16
60196,60197,7,3,31,72,2016,11,17,5,3,5,3,2,0,0,1,0,0,0,0,4.26123E+20,5.51945E+21,7.97292E+15,4.9823E+16
60197,60198,7,3,35,38,2016,11,21,7,3,9,7,2,0,0,1,0,0,0,1,3.99269E+20,5.47553E+21,7.61095E+15,4.94241E+16
60198,60199,7,3,15,0,2016,11,10,6,3,2,6,0,0,0,1,0,0,0,0,4.4489E+20,5.53818E+21,8.23113E+15,4.99934E+16