FID,OBJECTID,ULAND,UREGBEZ,UKREIS,UGEMEINDE,UJAHR,UMONAT,USTUNDE,UWOCHENTAG,UKATEGORIE,UART,UTYP1,ULICHTVERH,IstStrasse,IstRad,IstPKW,IstFuss,IstKrad,IstGkfz,IstSonstig,LINREFX,LINREFY,XGCSWGS84,YGCSWGS84
60199,60200,7,3,34,7,2016,12,22,1,3,5,3,2,0,0,1,0,0,0,0,4.53735E+20,5.45187E+21,8.36469E+15,4.92179E+16
60200,60201,7,1,43,28,2016,12,6,4,3,8,1,2,1,0,1,0,0,0,0,4.15011E+20,5.59513E+21,7.80158E+15,5.0502E+16
60201,60202,7,3,34,5,2016,12,21,6,2,9,1,2,1,0,1,0,0,0,0,4.35435E+20,5.43515E+21,8.1161E+15,4.90659E+16
60202,60203,7,1,11,0,2016,11,11,4,3,5,3,0,0,0,1,0,0,0,0,3.99507E+20,5.581E+21,7.5868E+15,5.03725E+16
60203,60204,7,3,40,27,2016,12,6,6,2,4,1,1,1,0,0,0,0,0,1,4.15598E+20,5.46314E+21,7.83871E+15,4.93152E+16
60204,60205,7,1,37,55,2016,12,13,5,3,5,3,0,1,0,1,0,0,0,0,3.7627E+20,5.57801E+21,7.26117E+15,5.03411E+16
60205,60206,7,3,14,0,2016,11,9,4,2,2,6,0,0,0,1,0,0,0,0,4.53674E+20,5.47859E+21,8.36075E+15,4.94582E+16
60206,60207,7,3,32,25,2016,12,6,7,3,0,7,2,0,0,1,0,0,0,0,4.47841E+20,5.4666E+21,8.28184E+15,4.93498E+16
60207,60208,7,3,17,0,2016,12,14,3,2,9,1,0,1,0,1,0,0,0,0,3.9805E+20,5.44608E+21,7.60167E+15,4.91591E+16
60208,60209,7,3,20,0,2016,12,13,7,2,3,6,0,0,0,1,0,0,0,0,3.88201E+20,5.45294E+21,7.46472E+15,4.92191E+16
60209,60210,7,3,15,0,2016,12,13,6,3,3,6,0,0,0,1,0,0,1,0,4.45875E+20,5.54117E+21,8.24445E+15,5.00204E+16
60210,60211,7,1,37,68,2016,12,17,3,3,1,2,2,1,0,1,0,0,0,0,3.7604E+20,5.57658E+21,7.2584E+15,5.03283E+16
60211,60212,7,3,31,73,2016,12,15,3,3,8,1,1,1,0,1,0,0,0,0,4.38379E+20,5.51957E+21,8.14327E+15,4.98254E+16
60212,60213,7,3,32,24,2016,12,16,2,3,2,6,1,0,0,1,0,0,0,0,4.39748E+20,5.49033E+21,8.16681E+15,4.95626E+16
60213,60214,7,3,35,15,2016,12,8,5,3,2,2,0,0,0,1,0,0,0,0,4.21446E+20,5.47747E+21,7.91632E+15,4.94448E+16
60214,60215,7,3,15,0,2016,12,16,2,3,6,4,1,0,0,1,1,0,0,0,4.46858E+20,5.53886E+21,8.25848E+15,4.99997E+16
60215,60216,7,3,16,0,2016,12,13,5,2,9,1,0,0,0,1,0,0,0,0,4.43057E+20,5.46959E+21,8.21555E+15,4.93764E+16
60216,60217,7,3,33,33,2016,12,14,4,3,8,1,0,1,0,1,0,0,0,0,4.17273E+20,5.49401E+21,7.8553E+15,4.9593E+16
60217,60218,7,2,33,26,2016,12,15,6,3,2,3,0,1,0,1,0,1,0,0,3.32515E+20,5.56609E+21,6.65201E+15,5.02232E+16
60218,60219,7,2,33,36,2016,12,12,7,3,9,1,0,1,0,1,0,0,0,0,3.28413E+20,5.5707E+21,6.59246E+15,5.02635E+16
60219,60220,7,3,35,38,2016,11,11,6,3,3,6,0,0,0,1,0,0,1,0,3.96848E+20,5.47521E+21,7.57767E+15,4.94208E+16
60220,60221,7,3,32,24,2016,11,14,4,2,2,2,0,0,0,1,0,0,0,0,4.40841E+20,5.4889E+21,8.18214E+15,4.95498E+16
60221,60222,7,1,31,7,2016,12,19,1,3,9,1,2,1,0,1,0,0,0,0,3.66771E+20,5.60167E+21,7.11933E+15,5.05517E+16
60222,60223,7,3,32,38,2016,12,17,3,3,2,6,1,1,0,1,0,0,0,0,4.36176E+20,5.48785E+21,8.11782E+15,4.95399E+16
60223,60224,7,1,11,0,2016,12,19,6,3,5,3,2,0,0,1,0,1,0,0,3.99651E+20,5.57972E+21,7.58917E+15,5.0361E+16
60224,60225,7,3,31,24,2016,12,17,2,3,6,2,2,0,0,1,1,0,0,0,4.3947E+20,5.50469E+21,8.16075E+15,4.96917E+16
60225,60226,7,3,15,0,2016,11,11,2,2,5,2,0,0,0,1,0,0,0,1,4.46649E+20,5.53927E+21,8.25551E+15,5.00034E+16
60226,60227,7,1,40,28,2016,12,6,6,3,8,1,2,1,0,1,0,0,0,0,3.87147E+20,5.52846E+21,7.4286E+15,4.98979E+16
60227,60228,7,1,34,45,2016,12,11,5,3,2,6,0,0,0,1,0,0,0,0,3.78672E+20,5.50733E+21,7.31725E+15,4.97063E+16
60228,60229,7,1,11,0,2016,11,7,2,3,2,6,1,1,0,1,0,0,0,0,3.99545E+20,5.5797E+21,7.58769E+15,5.03608E+16
60229,60230,7,3,31,70,2016,12,7,6,3,4,6,2,0,0,1,0,0,0,0,4.27686E+20,5.51255E+21,7.99593E+15,4.97611E+16
60230,60231,7,3,19,0,2016,12,21,7,3,5,3,2,1,0,1,0,1,0,0,4.52929E+20,5.49725E+21,8.34824E+15,4.96259E+16
60231,60232,7,3,19,0,2016,11,7,5,2,2,6,2,0,0,1,0,0,0,0,4.54959E+20,5.49772E+21,8.3763E+15,4.96303E+16
60232,60233,7,3,14,0,2016,11,11,7,3,0,5,0,0,1,1,0,0,0,0,4.55134E+20,5.48206E+21,8.38049E+15,4.94895E+16
60233,60234,7,2,31,502,2016,11,18,6,3,2,6,2,0,0,1,0,0,0,0,3.67965E+20,5.52392E+21,7.1632E+15,4.98532E+16
60234,60235,7,1,34,45,2016,12,17,1,3,1,2,1,0,0,1,0,0,0,0,3.80102E+20,5.50687E+21,7.33722E+15,4.97024E+16
60235,60236,7,3,35,202,2016,12,3,6,3,8,1,2,1,0,1,0,0,0,0,3.9147E+20,5.46922E+21,7.50517E+15,4.9366E+16
60236,60237,7,1,33,65,2016,12,17,4,3,5,3,2,0,0,1,0,0,0,0,4.04242E+20,5.50767E+21,7.6717E+15,4.97139E+16
60237,60238,7,2,35,115,2016,12,5,7,3,2,6,2,0,0,1,0,0,0,0,3.42307E+20,5.51691E+21,6.80935E+15,4.97839E+16
60238,60239,7,3,32,38,2016,12,15,7,3,8,1,0,0,0,1,0,0,0,0,4.38039E+20,5.48853E+21,8.14346E+15,4.95462E+16
60239,60240,7,1,34,25,2016,12,18,6,2,5,3,2,0,0,1,0,0,0,0,3.84848E+20,5.51097E+21,7.4018E+15,4.97402E+16
60240,60241,7,3,40,38,2016,12,9,2,2,1,2,0,1,0,1,0,0,0,0,3.99263E+20,5.45621E+21,7.61576E+15,4.92504E+16
60241,60242,7,2,11,0,2016,12,18,3,3,9,3,1,1,0,1,0,1,0,0,3.32005E+20,5.51496E+21,6.66721E+15,4.97636E+16
60242,60243,7,3,14,0,2016,12,16,2,3,2,6,2,1,0,1,0,0,0,0,4.53305E+20,5.48219E+21,8.35523E+15,4.94905E+16
60243,60244,7,3,13,0,2016,12,16,5,3,2,6,0,0,0,1,0,0,0,0,4.35443E+20,5.44856E+21,8.11407E+15,4.91865E+16
60244,60245,7,2,35,118,2016,12,13,2,3,6,7,0,0,0,1,1,0,0,0,3.22827E+20,5.49791E+21,6.5476E+15,4.96078E+16
60245,60246,7,2,35,51,2016,12,17,2,2,4,6,2,0,0,1,0,0,0,1,3.24677E+20,5.50954E+21,6.56799E+15,4.97128E+16
60246,60247,7,3,39,39,2016,12,10,5,2,4,6,0,0,0,1,0,0,0,0,4.5281E+20,5.52761E+21,8.34291E+15,4.98991E+16
60247,60248,7,3,14,0,2016,12,17,4,3,2,6,2,0,0,1,0,0,0,0,4.53452E+20,5.48223E+21,8.35726E+15,4.94909E+16
60248,60249,7,1,43,235,2016,12,12,6,3,6,1,0,1,0,0,1,0,0,1,4.128E+20,5.61317E+21,7.76617E+15,5.06639E+16
60249,60250,7,2,11,0,2016,12,12,7,3,2,6,0,0,0,1,0,0,0,0,3.29882E+20,5.5153E+21,6.6376E+15,4.97661E+16
60250,60251,7,1,38,54,2016,11,13,6,3,9,1,0,0,0,0,0,1,0,0,3.95498E+20,5.6004E+21,7.52503E+15,5.05462E+16
60251,60252,7,3,32,26,2016,11,17,4,2,5,3,2,0,0,1,0,1,0,0,4.40601E+20,5.48436E+21,8.1795E+15,4.9509E+16
60252,60253,7,3,35,205,2016,12,8,7,3,2,6,0,1,0,1,0,0,0,1,4.16293E+20,5.48405E+21,7.84386E+15,4.95033E+16
60253,60254,7,3,34,501,2016,11,17,4,3,3,2,2,0,0,1,0,1,0,0,4.47387E+20,5.43601E+21,8.2796E+15,4.90747E+16
60254,60255,7,3,34,28,2016,12,15,1,2,9,1,0,0,0,1,0,0,0,0,4.52567E+20,5.45776E+21,8.34796E+15,4.92708E+16
60255,60256,7,2,11,0,2016,11,20,4,3,2,6,2,1,0,1,0,0,0,0,3.31484E+20,5.51592E+21,6.65956E+15,4.97721E+16
60256,60257,7,3,38,6,2016,12,19,1,3,2,6,2,0,0,1,0,0,0,0,4.52164E+20,5.47364E+21,8.3405E+15,4.94136E+16
60257,60258,7,1,37,226,2016,12,16,7,2,8,1,1,0,0,1,0,1,0,0,4.02578E+20,5.58503E+21,7.62893E+15,5.04092E+16
60258,60259,7,3,18,0,2016,11,7,3,3,1,2,1,0,0,1,0,0,0,0,4.577E+20,5.4663E+21,8.41761E+15,4.9348E+16
60259,60260,7,3,39,30,2016,12,15,6,3,1,6,0,0,0,1,0,0,0,0,4.30108E+20,5.53593E+21,8.02534E+15,4.99716E+16
60260,60261,7,1,37,86,2016,11,7,3,3,4,6,2,0,0,1,0,0,0,0,3.86209E+20,5.579E+21,7.40047E+15,5.0352E+16
60261,60262,7,3,14,0,2016,12,7,4,3,2,6,2,0,0,1,0,0,0,0,4.59146E+20,5.47894E+21,8.43621E+15,4.94617E+16
60262,60263,7,2,35,140,2016,12,14,6,3,0,6,0,0,0,1,0,0,1,0,3.31314E+20,5.49974E+21,6.66419E+15,4.96266E+16
60263,60264,7,3,38,10,2016,11,11,4,1,9,6,0,0,0,1,0,0,0,0,4.5338E+20,5.46305E+21,8.35852E+15,4.93184E+16
60264,60265,7,1,31,90,2016,12,7,2,3,5,3,2,0,0,1,0,0,1,0,3.59537E+20,5.60239E+21,7.017E+15,5.05565E+16
60265,60266,7,3,39,48,2016,11,6,4,2,2,2,2,0,0,1,0,0,0,0,4.26593E+20,5.53293E+21,7.97689E+15,4.99442E+16
60266,60267,7,3,17,0,2016,11,17,3,2,4,1,2,0,0,1,0,0,0,0,3.96328E+20,5.45073E+21,7.57685E+15,4.92006E+16
60267,60268,7,3,13,0,2016,12,11,6,3,1,6,0,0,0,1,0,0,0,1,4.37903E+20,5.45097E+21,8.14744E+15,4.92083E+16
60268,60269,7,1,43,229,2016,11,17,3,3,6,6,2,0,0,0,1,0,0,1,4.1682E+20,5.61128E+21,7.82347E+15,5.06475E+16
60269,60270,7,3,38,23,2016,12,14,4,3,8,1,0,0,0,1,0,0,0,0,4.56108E+20,5.46075E+21,8.3963E+15,4.92979E+16
60270,60271,7,1,31,7,2016,12,11,7,3,6,2,0,0,0,0,1,0,1,0,3.68688E+20,5.6012E+21,7.14654E+15,5.05479E+16
60271,60272,7,3,38,19,2016,12,15,7,2,0,1,0,0,1,0,0,0,0,0,4.52526E+20,5.47661E+21,8.34514E+15,4.94403E+16
60272,60273,7,1,37,202,2016,12,21,6,1,0,7,2,0,0,1,0,0,1,1,3.87766E+20,5.57767E+21,7.42276E+15,5.03405E+16
60273,60274,7,3,11,0,2016,12,20,2,3,5,2,2,0,0,1,0,0,0,0,4.53241E+20,5.48821E+21,8.35363E+15,4.95447E+16
60274,60275,7,1,40,501,2016,12,8,3,3,8,1,0,0,0,1,0,0,0,0,3.94464E+20,5.56504E+21,7.52036E+15,5.02281E+16
60275,60276,7,3,31,37,2016,12,11,5,3,2,6,0,0,0,1,0,0,1,0,4.46606E+20,5.50276E+21,8.25995E+15,4.9675E+16
60276,60277,7,1,38,44,2016,12,7,2,3,9,1,1,1,0,1,0,0,0,0,3.86707E+20,5.60839E+21,7.39857E+15,5.06164E+16
60277,60278,7,1,38,45,2016,12,8,2,3,5,2,0,0,1,1,0,0,0,0,3.91197E+20,5.58713E+21,7.46822E+15,5.04261E+16
60278,60279,7,2,35,126,2016,12,14,5,2,8,1,0,0,0,1,0,0,0,0,3.242E+20,5.49461E+21,6.56808E+15,4.95785E+16
60279,60280,7,3,14,0,2016,12,7,4,3,5,3,1,1,0,1,0,0,0,0,4.54745E+20,5.48247E+21,8.37508E+15,4.94932E+16
60280,60281,7,1,38,44,2016,12,15,7,3,8,1,0,1,0,1,0,0,0,0,3.88654E+20,5.61097E+21,7.42531E+15,5.06399E+16
60281,60282,7,1,32,96,2016,11,15,6,3,9,7,0,0,0,1,0,0,0,0,4.0951E+20,5.6233E+21,7.71714E+15,5.07544E+16
60282,60283,7,3,38,14,2016,11,16,4,3,5,2,2,0,0,1,0,0,0,0,4.49287E+20,5.4753E+21,8.30064E+15,4.94283E+16
60283,60284,7,2,35,115,2016,12,19,7,3,1,6,2,1,0,1,0,0,0,0,3.42505E+20,5.51694E+21,6.8121E+15,4.97842E+16
60284,60285,7,3,14,0,2016,11,7,4,3,2,6,0,0,0,1,0,0,0,0,4.56303E+20,5.48744E+21,8.39604E+15,4.9538E+16
60285,60286,7,1,31,77,2016,12,16,5,3,8,7,1,0,0,1,0,0,0,0,3.75822E+20,5.60008E+21,7.24756E+15,5.05395E+16
60286,60287,7,2,35,8,2016,12,17,1,2,2,6,2,0,0,1,0,0,0,0,3.48183E+20,5.50889E+21,6.89405E+15,4.97134E+16
60287,60288,7,1,38,45,2016,11,9,4,3,2,6,0,0,0,1,0,0,0,0,3.92399E+20,5.58886E+21,7.48463E+15,5.04419E+16
60288,60289,7,3,34,18,2016,12,12,1,3,4,2,0,0,0,1,0,0,0,0,4.47093E+20,5.45489E+21,8.27309E+15,4.92445E+16
60289,60290,7,1,38,30,2016,12,18,7,3,9,1,1,1,0,1,0,0,0,0,3.92462E+20,5.6043E+21,7.48107E+15,5.05807E+16
60290,60291,7,3,33,17,2016,11,23,3,3,8,1,2,0,0,1,0,0,0,0,4.29279E+20,5.49612E+21,8.02102E+15,4.96135E+16
60291,60292,7,2,32,333,2016,12,0,6,3,8,1,2,1,0,1,0,0,0,0,3.03873E+20,5.55747E+21,6.25537E+15,5.0137E+16
60292,60293,7,3,35,38,2016,11,12,2,3,2,6,0,0,0,1,0,0,1,0,3.93518E+20,5.47492E+21,7.53185E+15,4.94177E+16
60293,60294,7,2,11,0,2016,12,19,4,3,2,6,2,0,0,1,0,0,0,0,3.31228E+20,5.51587E+21,6.65604E+15,4.97716E+16
60294,60295,7,1,38,61,2016,12,17,6,3,2,6,2,1,0,1,0,0,0,0,3.92492E+20,5.59711E+21,7.48357E+15,5.05161E+16
60295,60296,7,3,37,21,2016,12,8,3,1,4,6,0,2,0,1,0,0,0,0,4.38427E+20,5.45711E+21,8.15369E+15,4.92637E+16
60296,60297,7,3,14,0,2016,11,8,2,3,6,5,0,0,0,1,1,0,0,0,4.58118E+20,5.48145E+21,8.42177E+15,4.94843E+16
60297,60298,7,1,33,107,2016,12,10,5,3,9,1,0,1,0,1,0,0,0,0,4.09707E+20,5.5201E+21,7.74459E+15,4.98266E+16
60298,60299,7,1,32,37,2016,11,8,2,3,5,3,0,1,1,0,0,0,0,1,4.13909E+20,5.63634E+21,7.77643E+15,5.08723E+16
60299,60300,7,3,15,0,2016,12,15,2,3,8,6,0,0,0,1,0,0,0,0,4.43269E+20,5.53684E+21,8.20871E+15,4.99812E+16
60300,60301,7,3,39,26,2016,11,15,5,3,2,2,0,0,0,1,0,0,0,0,4.47065E+20,5.52763E+21,8.26292E+15,4.98987E+16
60301,60302,7,1,32,66,2016,11,12,1,1,9,1,0,1,0,1,0,0,0,0,4.17599E+20,5.61868E+21,7.83283E+15,5.07141E+16
60302,60303,7,1,33,6,2016,11,7,6,3,6,4,1,0,0,1,1,0,0,0,4.18356E+20,5.52174E+21,7.86448E+15,4.98425E+16
60303,60304,7,1,11,0,2016,12,13,2,3,4,7,0,0,0,1,0,0,0,0,3.97462E+20,5.57694E+21,7.55916E+15,5.03356E+16
60304,60305,7,1,34,45,2016,12,18,4,3,1,5,2,1,0,1,0,0,0,0,3.77119E+20,5.50948E+21,7.29505E+15,4.97252E+16
60305,60306,7,1,40,501,2016,12,6,7,3,4,1,2,1,0,1,0,0,0,0,4.00993E+20,5.56741E+21,7.61127E+15,5.02506E+16
60306,60307,7,3,37,5,2016,11,15,2,3,0,6,0,0,0,1,0,1,0,0,4.27308E+20,5.43927E+21,8.00411E+15,4.9102E+16
60307,60308,7,3,39,5,2016,12,14,7,3,2,6,0,1,0,1,0,0,0,0,4.2447E+20,5.53418E+21,7.94706E+15,4.99552E+16
60308,60309,7,3,36,88,2016,12,16,5,3,5,1,1,1,0,1,0,0,0,0,3.81857E+20,5.49019E+21,7.36657E+15,4.95528E+16
60309,60310,7,1,34,8,2016,11,7,2,3,2,6,2,1,0,1,0,0,0,1,3.75924E+20,5.49239E+21,7.28389E+15,4.95714E+16
60310,60311,7,1,33,86,2016,12,22,2,3,4,6,0,1,0,1,0,0,0,0,4.1437E+20,5.52358E+21,7.80864E+15,4.98585E+16
60311,60312,7,3,12,0,2016,11,13,6,3,2,6,0,0,0,1,0,0,0,0,4.0939E+20,5.478E+21,7.74992E+15,4.94479E+16
60312,60313,7,2,11,0,2016,12,19,5,2,5,3,2,2,0,1,0,1,0,0,3.32135E+20,5.51594E+21,6.66859E+15,4.97725E+16
60313,60314,7,1,11,0,2016,12,13,2,3,5,3,0,0,0,1,0,0,0,0,3.99698E+20,5.58054E+21,7.58961E+15,5.03683E+16
60314,60315,7,1,37,56,2016,12,14,2,3,5,3,0,0,0,1,0,0,0,0,3.83792E+20,5.58411E+21,7.36494E+15,5.03975E+16
60315,60316,7,3,31,3,2016,12,13,4,1,4,6,0,1,0,1,0,0,0,0,4.36467E+20,5.51059E+21,8.11815E+15,4.97445E+16
60316,60317,7,1,41,23,2016,12,3,7,3,8,1,2,2,0,1,0,0,0,0,4.10058E+20,5.56771E+21,7.73831E+15,5.02547E+16
60317,60318,7,3,36,34,2016,11,19,5,3,8,1,2,0,0,1,0,0,0,0,3.87102E+20,5.48732E+21,7.43988E+15,4.95279E+16
60318,60319,7,1,41,132,2016,12,15,7,2,0,7,0,0,0,1,0,0,0,1,4.10198E+20,5.57231E+21,7.73918E+15,5.0296E+16
60319,60320,7,3,14,0,2016,11,7,4,3,1,6,1,0,0,1,0,0,0,0,4.58859E+20,5.48268E+21,8.43187E+15,4.94954E+16
60320,60321,7,1,11,0,2016,12,18,5,3,5,3,2,0,0,1,0,1,0,0,3.9959E+20,5.58321E+21,7.58738E+15,5.03923E+16
60321,60322,7,1,38,41,2016,12,14,1,2,8,1,0,1,0,1,0,0,0,0,3.8139E+20,5.60299E+21,7.32516E+15,5.05668E+16
60322,60323,7,1,31,70,2016,12,10,4,3,2,2,0,0,0,1,0,0,0,0,3.7321E+20,5.60879E+21,7.20774E+15,5.06172E+16
60323,60324,7,3,31,73,2016,12,18,1,2,5,3,2,1,0,1,0,0,0,0,4.38592E+20,5.52134E+21,8.14595E+15,4.98414E+16
60324,60325,7,3,38,2,2016,12,16,6,3,2,6,1,0,0,1,0,0,0,0,4.50349E+20,5.48921E+21,8.31354E+15,4.95534E+16
60325,60326,7,3,15,0,2016,12,17,3,3,2,6,1,1,0,1,0,0,0,0,4.46959E+20,5.5381E+21,8.26E+15,4.99929E+16
60326,60327,7,3,15,0,2016,11,13,3,3,2,6,0,0,0,1,0,0,0,0,4.47665E+20,5.53579E+21,8.27016E+15,4.99721E+16
60327,60328,7,3,38,5,2016,12,6,3,3,0,7,2,0,1,1,0,0,0,0,4.5026E+20,5.4734E+21,8.3143E+15,4.94112E+16
60328,60329,7,1,37,203,2016,12,23,4,3,2,6,2,1,0,1,0,0,0,0,3.99001E+20,5.58567E+21,7.57843E+15,5.04144E+16
60329,60330,7,1,31,7,2016,12,8,6,3,9,1,0,1,0,1,0,0,0,0,3.66226E+20,5.6013E+21,7.11178E+15,5.05483E+16
60330,60331,7,3,31,70,2016,11,8,2,3,5,2,0,0,0,1,0,0,0,0,4.2726E+20,5.51399E+21,7.98975E+15,4.9774E+16
60331,60332,7,3,39,27,2016,12,20,5,3,3,6,2,1,0,1,0,0,1,0,4.38615E+20,5.53897E+21,8.14347E+15,4.99999E+16
60332,60333,7,1,11,0,2016,11,13,2,3,1,6,0,0,0,1,0,0,0,0,3.97455E+20,5.5796E+21,7.55834E+15,5.03595E+16
60333,60334,7,3,18,0,2016,12,17,6,3,1,7,2,1,0,1,1,0,0,0,4.58666E+20,5.46292E+21,8.43126E+15,4.93176E+16
60334,60335,7,1,33,6,2016,12,18,7,2,1,5,2,0,0,1,0,1,0,0,4.17E+20,5.51853E+21,7.84631E+15,4.98134E+16
60335,60336,7,3,31,3,2016,11,19,5,3,8,1,2,0,0,0,0,1,0,0,4.43274E+20,5.53381E+21,8.20922E+15,4.99539E+16
60336,60337,7,3,35,38,2016,11,14,7,2,1,5,0,0,0,0,0,0,0,1,3.95398E+20,5.4778E+21,7.557E+15,4.94439E+16
60337,60338,7,3,15,0,2016,11,4,6,3,0,1,2,0,1,0,0,0,0,0,4.4652E+20,5.53863E+21,8.25381E+15,4.99976E+16
60338,60339,7,3,15,0,2016,12,13,1,2,8,7,0,0,0,1,0,0,0,0,4.43489E+20,5.53645E+21,8.21184E+15,4.99777E+16
60339,60340,7,1,11,0,2016,11,7,4,3,2,6,0,1,0,1,0,0,0,0,3.97832E+20,5.57953E+21,7.56366E+15,5.03589E+16
60340,60341,7,3,33,30,2016,12,12,6,3,8,1,0,1,0,1,0,0,0,0,4.13129E+20,5.48853E+21,7.79918E+15,4.95431E+16
60341,60342,7,1,37,203,2016,12,16,5,2,8,1,1,0,0,1,0,0,0,0,4.03022E+20,5.58773E+21,7.63448E+15,5.04336E+16
60342,60343,7,3,37,43,2016,11,7,4,2,5,3,2,1,0,1,0,0,0,0,4.35291E+20,5.44571E+21,8.11243E+15,4.91608E+16
60343,60344,7,3,16,0,2016,12,20,7,3,1,6,2,0,0,1,0,0,0,0,4.38438E+20,5.46453E+21,8.1527E+15,4.93304E+16
60344,60345,7,3,18,0,2016,12,16,6,2,0,7,2,0,0,1,0,0,0,1,4.5817E+20,5.46761E+21,8.42394E+15,4.93597E+16
60345,60346,7,3,34,7,2016,11,18,5,3,2,2,1,0,0,1,0,0,0,0,4.53683E+20,5.45102E+21,8.36407E+15,4.92102E+16
60346,60347,7,1,11,0,2016,11,7,4,3,2,6,0,1,0,1,0,0,0,0,3.99496E+20,5.58094E+21,7.58666E+15,5.0372E+16
60347,60348,7,1,40,501,2016,12,9,7,3,8,1,0,1,0,1,0,0,0,0,3.97348E+20,5.56429E+21,7.56099E+15,5.02219E+16
60348,60349,7,3,33,38,2016,11,21,4,2,5,3,2,0,0,1,0,0,0,0,4.3151E+20,5.49116E+21,8.05277E+15,4.95692E+16
60349,60350,7,3,17,0,2016,11,8,4,3,2,6,0,0,0,1,0,0,0,1,3.96758E+20,5.45416E+21,7.58187E+15,4.92315E+16
60350,60351,7,3,40,57,2016,12,16,7,3,0,7,0,0,1,0,0,0,0,0,4.17468E+20,5.45099E+21,7.86693E+15,4.92061E+16
60351,60352,7,1,11,0,2016,12,18,4,3,2,6,2,0,0,1,0,0,0,0,3.99574E+20,5.57946E+21,7.58816E+15,5.03586E+16
60352,60353,7,1,38,80,2016,12,12,1,3,8,1,0,0,0,1,0,0,0,0,3.87126E+20,5.61951E+21,7.40109E+15,5.07164E+16
60353,60354,7,3,14,0,2016,12,13,6,3,2,6,0,0,0,1,0,0,0,0,4.58046E+20,5.47994E+21,8.42093E+15,4.94707E+16
60354,60355,7,1,43,23,2016,12,11,3,3,2,2,0,1,0,1,0,0,0,0,4.25395E+20,5.58498E+21,7.94999E+15,5.04121E+16
60355,60356,7,3,39,42,2016,12,17,3,3,4,2,2,0,0,1,0,0,0,1,4.42786E+20,5.5294E+21,8.20308E+15,4.99143E+16
60356,60357,7,3,35,25,2016,12,13,2,3,5,3,0,0,0,1,0,0,0,0,4.07037E+20,5.48601E+21,7.71559E+15,4.95195E+16
60357,60358,7,3,32,25,2016,12,22,3,2,8,1,2,1,0,1,0,0,0,0,4.49303E+20,5.46307E+21,8.30242E+15,4.93183E+16
60358,60359,7,3,40,207,2016,12,7,5,2,4,6,1,0,0,1,0,0,0,0,3.8909E+20,5.45355E+21,7.47675E+15,4.92247E+16
60359,60360,7,3,31,3,2016,12,7,2,3,6,2,2,0,0,1,1,0,0,0,4.35675E+20,5.51075E+21,8.10714E+15,4.97458E+16
60360,60361,7,2,31,124,2016,11,6,2,2,5,2,2,0,1,1,0,0,0,0,3.65053E+20,5.5349E+21,7.11888E+15,4.99512E+16
60361,60362,7,1,11,0,2016,12,13,6,3,2,6,0,0,0,1,0,0,0,0,3.99497E+20,5.57868E+21,7.58728E+15,5.03516E+16
60362,60363,7,1,37,56,2016,12,9,5,3,5,3,0,1,0,1,0,0,1,0,3.82715E+20,5.58368E+21,7.34993E+15,5.03935E+16
60363,60364,7,3,16,0,2016,11,17,1,3,8,1,2,0,0,1,0,0,0,0,4.39038E+20,5.46449E+21,8.16097E+15,4.93301E+16
60364,60365,7,3,19,0,2016,12,21,6,3,1,6,2,0,0,1,0,1,0,0,4.53456E+20,5.49755E+21,8.3555E+15,4.96287E+16
60365,60366,7,3,31,18,2016,12,1,7,3,9,1,2,2,0,1,0,0,0,0,4.56497E+20,5.51162E+21,8.39604E+15,4.97555E+16
60366,60367,7,3,15,0,2016,11,17,5,3,0,2,2,0,0,1,0,1,0,0,4.41412E+20,5.5373E+21,8.18275E+15,4.99851E+16
60367,60368,7,1,43,48,2016,11,14,7,3,2,6,0,0,0,1,0,0,0,0,4.17587E+20,5.58798E+21,7.83946E+15,5.0438E+16
60368,60369,7,2,35,94,2016,11,17,6,2,2,6,2,0,0,1,0,0,0,0,3.25299E+20,5.52151E+21,6.57123E+15,4.98206E+16
60369,60370,7,3,19,0,2016,11,18,4,3,4,2,2,0,0,1,0,1,0,0,4.53415E+20,5.50232E+21,8.35436E+15,4.96716E+16
60370,60371,7,1,38,63,2016,12,12,1,2,6,4,0,0,0,1,1,0,0,0,3.81643E+20,5.59503E+21,7.33127E+15,5.04953E+16
60371,60372,7,3,39,56,2016,11,13,4,3,2,6,0,0,0,1,0,0,0,0,4.26375E+20,5.52421E+21,7.97553E+15,4.98658E+16
60372,60373,7,3,36,3,2016,12,6,6,3,1,1,2,1,0,1,0,0,0,0,3.88118E+20,5.49121E+21,7.45281E+15,4.95631E+16
60373,60374,7,1,34,45,2016,11,14,3,2,6,4,0,0,0,1,1,0,0,0,3.77658E+20,5.50892E+21,7.3027E+15,4.97204E+16
60374,60375,7,3,32,25,2016,12,19,4,3,3,5,2,1,1,1,0,0,0,0,4.45826E+20,5.46728E+21,8.25401E+15,4.93558E+16
60375,60376,7,2,11,0,2016,12,11,7,3,5,3,0,0,0,1,0,0,0,0,3.2959E+20,5.51354E+21,6.63433E+15,4.97502E+16
60376,60377,7,3,34,24,2016,12,10,7,3,4,2,0,0,1,1,0,0,0,0,4.4729E+20,5.441E+21,8.27762E+15,4.91196E+16
60377,60378,7,1,32,72,2016,12,9,6,1,5,3,0,0,1,1,0,0,0,0,4.27132E+20,5.63246E+21,7.96511E+15,5.08393E+16
60378,60379,7,3,35,4,2016,12,7,2,3,5,3,2,1,0,1,0,0,0,0,4.20114E+20,5.48235E+21,7.89697E+15,4.94885E+16