FID,OBJECTID,ULAND,UREGBEZ,UKREIS,UGEMEINDE,UJAHR,UMONAT,USTUNDE,UWOCHENTAG,UKATEGORIE,UART,UTYP1,ULICHTVERH,IstStrasse,IstRad,IstPKW,IstFuss,IstKrad,IstGkfz,IstSonstig,LINREFX,LINREFY,XGCSWGS84,YGCSWGS84
60379,60380,7,1,32,39,2016,12,15,3,3,2,2,0,1,0,1,0,0,0,0,4.1699E+20,5.62272E+21,7.8233E+15,5.07504E+16
60380,60381,7,1,33,63,2016,12,11,5,3,4,6,0,1,0,1,0,0,1,0,3.91493E+20,5.51546E+21,7.49275E+15,4.97818E+16
60381,60382,7,2,11,0,2016,12,17,2,3,1,6,2,0,0,1,0,0,0,0,3.28205E+20,5.51308E+21,6.61532E+15,4.97457E+16
60382,60383,7,1,43,228,2016,12,7,2,3,5,2,1,0,0,1,0,0,0,0,4.25296E+20,5.59743E+21,7.94611E+15,5.05241E+16
60383,60384,7,2,33,240,2016,12,19,5,3,8,1,2,1,0,1,0,0,0,0,3.22118E+20,5.57713E+21,6.5012E+15,5.03194E+16
60384,60385,7,3,16,0,2016,12,10,4,3,2,6,0,0,0,1,0,1,0,0,4.37468E+20,5.46639E+21,8.13907E+15,4.9347E+16
60385,60386,7,1,35,82,2016,12,5,6,2,8,1,2,0,0,1,0,0,0,0,3.81181E+20,5.56016E+21,7.33575E+15,5.01817E+16
60386,60387,7,1,43,23,2016,12,11,7,3,4,2,0,1,0,1,0,0,0,0,4.25345E+20,5.58498E+21,7.94929E+15,5.04121E+16
60387,60388,7,3,35,47,2016,12,17,7,3,0,6,2,0,0,1,0,0,0,1,4.14062E+20,5.46519E+21,7.81714E+15,4.93334E+16
60388,60389,7,3,15,0,2016,12,11,6,3,5,2,0,0,0,1,0,0,0,0,4.49035E+20,5.53623E+21,8.28922E+15,4.99762E+16
60389,60390,7,1,11,0,2016,12,9,3,3,2,6,0,0,0,1,0,0,0,0,3.99388E+20,5.58148E+21,7.58501E+15,5.03767E+16
60390,60391,7,3,15,0,2016,12,8,3,3,2,6,0,0,0,1,0,0,1,0,4.42964E+20,5.54048E+21,8.20393E+15,5.00139E+16
60391,60392,7,3,13,0,2016,12,17,2,3,1,6,2,0,0,1,0,0,0,0,4.35458E+20,5.44841E+21,8.11429E+15,4.91851E+16
60392,60393,7,3,32,26,2016,12,0,5,3,8,1,2,0,0,1,0,0,0,0,4.42371E+20,5.48457E+21,8.20392E+15,4.9511E+16
60393,60394,7,2,33,33,2016,12,16,2,3,2,2,1,1,0,1,0,0,0,0,3.37595E+20,5.56961E+21,6.72166E+15,5.02563E+16
60394,60395,7,3,39,44,2016,12,15,5,3,5,3,0,0,0,1,0,1,0,0,4.12735E+20,5.54342E+21,7.78141E+15,5.00367E+16
60395,60396,7,3,12,0,2016,12,11,4,3,5,3,0,0,0,1,0,0,0,1,4.12871E+20,5.47755E+21,7.79803E+15,4.94444E+16
60396,60397,7,2,11,0,2016,12,15,6,2,2,2,0,0,0,1,0,0,0,0,3.34602E+20,5.51675E+21,6.70248E+15,4.97804E+16
60397,60398,7,2,31,8,2016,12,13,7,3,2,6,0,1,0,1,0,0,0,0,3.614E+20,5.53045E+21,7.06958E+15,4.99104E+16
60398,60399,7,3,39,30,2016,11,16,5,3,2,6,0,0,0,1,0,0,1,1,4.26095E+20,5.53529E+21,7.96951E+15,4.99653E+16
60399,60400,7,3,39,19,2016,11,21,4,3,0,7,2,0,0,1,0,1,0,0,4.29974E+20,5.53591E+21,8.02347E+15,4.99714E+16
60400,60401,7,1,37,226,2016,12,12,1,3,2,6,0,0,0,1,0,0,0,0,4.01813E+20,5.58278E+21,7.61876E+15,5.03889E+16
60401,60402,7,2,32,61,2016,11,9,4,2,4,6,0,1,0,1,0,0,0,1,3.23576E+20,5.52703E+21,6.54479E+15,4.98696E+16
60402,60403,7,1,37,89,2016,12,17,2,3,9,1,2,0,0,1,0,0,0,0,3.78386E+20,5.57441E+21,7.29205E+15,5.03092E+16
60403,60404,7,3,39,5,2016,11,15,4,3,0,7,0,0,0,1,0,0,0,0,4.24025E+20,5.53296E+21,7.9411E+15,4.99441E+16
60404,60405,7,1,11,0,2016,12,0,2,2,8,1,2,1,0,1,0,0,0,0,3.99116E+20,5.57722E+21,7.58232E+15,5.03384E+16
60405,60406,7,3,12,0,2016,11,14,3,3,4,6,0,0,0,1,0,0,0,1,4.1354E+20,5.47679E+21,7.80743E+15,4.94376E+16
60406,60407,7,3,38,18,2016,12,5,6,3,2,7,2,1,0,1,0,0,0,0,4.48871E+20,5.48132E+21,8.29412E+15,4.94824E+16
60407,60408,7,1,32,201,2016,11,14,3,1,5,3,0,0,0,1,0,0,0,0,4.07626E+20,5.61318E+21,7.69298E+15,5.06631E+16
60408,60409,7,3,14,0,2016,12,17,4,3,5,3,2,0,1,1,0,0,0,0,4.55856E+20,5.48694E+21,8.38992E+15,4.95335E+16
60409,60410,7,1,40,165,2016,12,19,7,3,2,6,2,1,0,1,0,0,0,0,3.77198E+20,5.53606E+21,7.28772E+15,4.99642E+16
60410,60411,7,1,33,501,2016,12,16,7,2,2,6,0,0,0,1,0,0,0,0,4.04876E+20,5.51786E+21,7.67799E+15,4.98056E+16
60411,60412,7,3,36,85,2016,12,12,5,2,8,6,0,1,0,1,0,0,0,0,4.03084E+20,5.49901E+21,7.65778E+15,4.96359E+16
60412,60413,7,3,14,0,2016,12,18,2,3,3,7,2,0,0,1,0,0,0,1,4.58584E+20,5.48279E+21,8.42806E+15,4.94963E+16
60413,60414,7,2,32,18,2016,12,5,5,2,8,1,2,2,0,1,0,0,0,0,3.24501E+20,5.53996E+21,6.55177E+15,4.99861E+16
60414,60415,7,1,35,20,2016,12,18,2,1,6,4,2,1,0,1,1,0,0,0,3.66552E+20,5.55558E+21,7.13256E+15,5.01374E+16
60415,60416,7,1,31,90,2016,12,16,2,2,5,3,2,1,0,1,0,0,0,0,3.6955E+20,5.60334E+21,7.15795E+15,5.05674E+16
60416,60417,7,1,32,54,2016,12,11,5,3,9,1,0,1,0,1,0,0,0,0,4.13781E+20,5.62716E+21,7.77678E+15,5.07898E+16
60417,60418,7,1,33,25,2016,12,18,4,3,4,6,2,1,0,1,0,0,0,0,4.09187E+20,5.53293E+21,7.73435E+15,4.99418E+16
60418,60419,7,1,32,6,2016,12,13,7,3,5,3,0,0,0,1,0,1,0,0,4.20531E+20,5.62674E+21,7.87262E+15,5.07869E+16
60419,60420,7,1,40,133,2016,11,20,6,3,7,7,2,0,0,1,0,0,0,0,4.06604E+20,5.55495E+21,7.69301E+15,5.01394E+16
60420,60421,7,2,33,240,2016,12,13,7,2,7,7,0,0,0,1,0,0,0,1,3.22671E+20,5.57782E+21,6.50864E+15,5.03257E+16
60421,60422,7,1,34,38,2016,11,8,4,3,8,1,0,1,0,1,0,0,0,0,3.77548E+20,5.51425E+21,7.2995E+15,4.97683E+16
60422,60423,7,1,37,216,2016,12,16,5,3,4,2,2,1,0,1,0,0,0,0,3.96161E+20,5.58368E+21,7.53902E+15,5.0396E+16
60423,60424,7,1,43,78,2016,12,22,1,3,9,7,2,0,0,1,0,0,0,0,4.12726E+20,5.59566E+21,7.76923E+15,5.05064E+16
60424,60425,7,1,33,23,2016,11,7,4,3,2,6,0,0,0,0,0,0,1,1,4.08028E+20,5.53722E+21,7.71718E+15,4.99802E+16
60425,60426,7,1,32,76,2016,12,22,4,3,8,7,2,1,0,1,0,0,0,0,4.19865E+20,5.63398E+21,7.86159E+15,5.08519E+16
60426,60427,7,3,18,0,2016,12,18,1,3,1,6,2,1,0,1,0,0,0,0,4.57213E+20,5.46257E+21,8.4113E+15,4.93144E+16
60427,60428,7,3,40,38,2016,12,21,6,2,4,4,2,0,0,1,1,0,0,0,3.98841E+20,5.45643E+21,7.6099E+15,4.92523E+16
60428,60429,7,1,32,54,2016,11,12,6,3,8,1,0,0,0,0,0,0,1,0,4.16481E+20,5.62842E+21,7.81479E+15,5.08015E+16
60429,60430,7,2,35,45,2016,11,11,4,3,5,3,0,1,0,1,0,1,0,0,3.5079E+20,5.50264E+21,6.93257E+15,4.96578E+16
60430,60431,7,3,18,0,2016,12,17,7,2,3,6,2,0,0,1,0,0,1,0,4.58002E+20,5.46692E+21,8.42171E+15,4.93536E+16
60431,60432,7,2,35,131,2016,11,22,4,3,8,1,2,1,0,1,0,0,0,0,3.25413E+20,5.49166E+21,6.58614E+15,4.95523E+16
60432,60433,7,3,37,501,2016,12,18,1,2,4,1,2,0,0,1,0,0,0,0,4.286E+20,5.4519E+21,8.01957E+15,4.92158E+16
60433,60434,7,1,43,81,2016,11,7,4,2,6,4,1,1,0,1,1,0,0,0,4.14781E+20,5.59111E+21,7.79924E+15,5.04658E+16
60434,60435,7,3,32,46,2016,12,11,1,2,5,2,0,1,0,1,0,0,0,0,4.41973E+20,5.47731E+21,8.19949E+15,4.94457E+16
60435,60436,7,1,11,0,2016,12,5,7,3,5,2,0,1,0,1,0,0,0,0,3.93485E+20,5.57823E+21,7.50293E+15,5.03465E+16
60436,60437,7,3,11,0,2016,11,17,3,1,5,2,0,0,0,1,0,1,0,0,4.53249E+20,5.48798E+21,8.35377E+15,4.95426E+16
60437,60438,7,3,15,0,2016,12,18,6,3,1,6,2,1,0,1,0,0,0,0,4.44243E+20,5.5352E+21,8.22254E+15,4.99666E+16
60438,60439,7,1,43,48,2016,11,17,3,3,2,6,2,0,0,1,0,0,0,0,4.1666E+20,5.5889E+21,7.82621E+15,5.04462E+16
60439,60440,7,3,15,0,2016,12,20,4,3,2,6,2,1,0,1,0,0,0,0,4.45988E+20,5.53925E+21,8.24629E+15,5.00031E+16
60440,60441,7,1,43,32,2016,12,13,6,3,2,6,0,0,0,1,0,0,0,0,4.0581E+20,5.58876E+21,7.67347E+15,5.04433E+16
60441,60442,7,3,13,0,2016,11,7,2,3,6,4,0,0,0,1,1,0,0,0,4.35071E+20,5.44977E+21,8.10876E+15,4.91973E+16
60442,60443,7,3,37,45,2016,12,7,5,3,8,6,2,1,0,1,0,1,0,0,4.29195E+20,5.43844E+21,8.03011E+15,4.90948E+16
60443,60444,7,1,43,206,2016,11,17,2,3,5,3,1,0,0,1,0,0,0,0,4.26504E+20,5.61316E+21,7.96004E+15,5.06657E+16
60444,60445,7,3,39,12,2016,12,9,2,2,2,6,0,1,0,1,0,0,0,0,4.53762E+20,5.52088E+21,8.35697E+15,4.98386E+16
60445,60446,7,1,43,224,2016,11,14,1,2,4,2,0,1,0,1,0,0,0,0,4.29815E+20,5.60036E+21,8.00931E+15,5.05509E+16
60446,60447,7,3,32,2,2016,11,22,6,3,2,6,2,0,1,1,0,0,0,0,4.39308E+20,5.47906E+21,8.16246E+15,4.94611E+16
60447,60448,7,1,43,48,2016,12,7,5,3,4,2,1,1,0,1,0,0,0,0,4.15895E+20,5.5863E+21,7.81601E+15,5.04227E+16
60448,60449,7,1,11,0,2016,12,8,2,3,7,7,0,1,0,1,0,0,0,0,4.00808E+20,5.57879E+21,7.60567E+15,5.03528E+16
60449,60450,7,1,37,203,2016,12,6,2,3,6,2,2,0,0,1,1,0,0,0,3.98495E+20,5.58817E+21,7.57065E+15,5.04368E+16
60450,60451,7,3,15,0,2016,12,6,4,3,2,6,2,1,0,1,0,0,0,0,4.44918E+20,5.53429E+21,8.23208E+15,4.99584E+16
60451,60452,7,3,40,14,2016,12,14,6,3,5,2,0,0,0,1,0,0,0,0,4.15285E+20,5.45022E+21,7.83714E+15,4.9199E+16
60452,60453,7,3,32,30,2016,11,12,5,3,2,1,0,0,0,1,0,0,0,0,4.408E+20,5.4892E+21,8.18152E+15,4.95525E+16
60453,60454,7,1,32,50,2016,12,21,7,3,8,1,2,1,0,0,0,1,0,0,4.26507E+20,5.62376E+21,7.95798E+15,5.0761E+16
60454,60455,7,2,35,137,2016,11,15,4,3,2,6,0,0,0,0,0,0,0,1,3.25377E+20,5.51743E+21,6.57415E+15,4.9784E+16
60455,60456,7,1,11,0,2016,12,15,5,3,2,6,0,0,0,1,0,0,0,0,3.99225E+20,5.58227E+21,7.58251E+15,5.03838E+16
60456,60457,7,1,31,44,2016,12,8,1,1,4,1,0,1,0,1,0,0,0,1,3.53012E+20,5.58615E+21,6.93134E+15,5.0409E+16
60457,60458,7,1,37,216,2016,12,11,4,3,2,6,0,1,0,1,0,0,0,0,3.93698E+20,5.58336E+21,7.50448E+15,5.03927E+16
60458,60459,7,1,34,42,2016,12,13,1,3,9,1,0,1,0,1,0,0,0,0,3.70654E+20,5.49744E+21,7.20936E+15,4.96157E+16
60459,60460,7,3,37,501,2016,12,18,6,2,4,2,2,0,0,1,0,1,0,0,4.26285E+20,5.45177E+21,7.98782E+15,4.92143E+16
60460,60461,7,2,35,114,2016,12,11,3,3,2,6,0,0,0,1,0,0,0,0,3.49738E+20,5.50453E+21,6.91729E+15,4.96745E+16
60461,60462,7,3,33,39,2016,11,8,3,3,2,6,0,0,0,0,0,0,1,1,4.29926E+20,5.50034E+21,8.02921E+15,4.96515E+16
60462,60463,7,1,33,67,2016,12,0,3,3,8,1,2,1,0,1,0,0,0,0,3.99673E+20,5.51621E+21,7.60614E+15,4.979E+16
60463,60464,7,3,20,0,2016,12,17,2,3,5,2,2,1,0,1,0,0,0,0,3.80896E+20,5.45599E+21,7.36354E+15,4.92451E+16
60464,60465,7,3,33,502,2016,12,12,3,3,4,1,0,1,0,1,0,0,0,0,4.13091E+20,5.49733E+21,7.79671E+15,4.96223E+16
60465,60466,7,1,37,203,2016,12,17,6,3,4,2,1,0,0,1,0,0,0,0,3.99181E+20,5.58605E+21,7.58086E+15,5.04178E+16
60466,60467,7,1,33,107,2016,12,21,2,2,8,1,2,1,0,1,0,0,0,0,4.07128E+20,5.51954E+21,7.70888E+15,4.98211E+16
60467,60468,7,3,31,55,2016,11,7,2,3,9,1,2,2,0,1,0,0,0,0,4.50743E+20,5.50766E+21,8.31666E+15,4.97195E+16
60468,60469,7,2,31,134,2016,12,14,5,3,1,6,0,1,0,1,0,0,0,0,3.48664E+20,5.53802E+21,6.88934E+15,4.99753E+16
60469,60470,7,1,11,0,2016,11,14,2,3,2,6,0,0,0,1,0,1,0,0,3.99398E+20,5.57976E+21,7.5856E+15,5.03613E+16
60470,60471,7,1,33,31,2016,12,1,6,3,9,1,2,1,0,1,0,0,0,0,4.21168E+20,5.51778E+21,7.90438E+15,4.98073E+16
60471,60472,7,3,31,70,2016,12,3,7,3,1,5,2,0,0,1,0,0,0,0,4.27944E+20,5.51303E+21,7.99942E+15,4.97654E+16
60472,60473,7,3,15,0,2016,11,12,5,3,2,6,0,0,0,1,0,0,0,0,4.4682E+20,5.5354E+21,8.25844E+15,4.99686E+16
60473,60474,7,3,14,0,2016,12,11,3,3,5,3,0,1,1,1,0,0,0,0,4.58758E+20,5.48275E+21,8.43047E+15,4.9496E+16
60474,60475,7,3,15,0,2016,11,8,3,3,0,1,0,1,1,0,0,0,0,0,4.48556E+20,5.53801E+21,8.2823E+15,4.99922E+16
60475,60476,7,3,34,9,2016,12,13,3,3,1,5,0,1,1,1,0,0,0,0,4.45815E+20,5.44044E+21,8.25749E+15,4.91144E+16
60476,60477,7,3,12,0,2016,11,20,2,3,6,6,2,0,0,1,1,0,0,0,4.15428E+20,5.47956E+21,7.83287E+15,4.94628E+16
60477,60478,7,1,41,6,2016,12,17,4,2,6,4,2,1,0,1,1,0,0,0,4.0831E+20,5.57667E+21,7.71162E+15,5.0335E+16
60478,60479,7,1,32,65,2016,12,15,6,2,5,3,0,0,0,1,0,0,0,0,3.93059E+20,5.60416E+21,7.48955E+15,5.05795E+16
60479,60480,7,1,33,117,2016,11,13,2,3,5,2,0,0,0,1,0,0,0,0,4.14941E+20,5.52293E+21,7.81673E+15,4.98528E+16
60480,60481,7,3,19,0,2016,12,15,5,3,9,1,1,0,0,1,0,0,0,0,4.55651E+20,5.49497E+21,8.38618E+15,4.96057E+16
60481,60482,7,1,37,81,2016,11,14,2,3,2,2,0,0,0,1,0,0,0,0,3.82923E+20,5.58629E+21,7.35204E+15,5.0417E+16
60482,60483,7,2,32,50,2016,12,14,2,3,8,1,0,0,0,1,0,0,0,0,3.33834E+20,5.53628E+21,6.68344E+15,4.99557E+16
60483,60484,7,3,32,25,2016,12,10,7,3,5,3,0,0,1,1,0,0,0,0,4.46327E+20,5.46923E+21,8.26065E+15,4.93734E+16
60484,60485,7,2,35,45,2016,11,18,5,3,5,3,1,0,0,1,0,0,0,0,3.49571E+20,5.50474E+21,6.91489E+15,4.96764E+16
60485,60486,7,1,40,9,2016,11,19,1,3,7,7,2,0,0,1,0,0,0,0,3.86231E+20,5.544E+21,7.41126E+15,5.00374E+16
60486,60487,7,3,19,0,2016,11,13,6,3,6,7,0,0,0,1,1,0,0,0,4.51144E+20,5.49801E+21,8.32343E+15,4.96327E+16
60487,60488,7,3,32,35,2016,12,20,1,3,8,1,2,0,0,1,0,0,0,0,4.44316E+20,5.47202E+21,8.23255E+15,4.93984E+16
60488,60489,7,2,35,111,2016,12,6,4,3,2,6,2,1,0,1,0,0,0,0,3.22024E+20,5.52118E+21,6.5259E+15,4.98167E+16
60489,60490,7,3,32,35,2016,12,14,6,3,2,6,0,0,0,1,0,0,0,0,4.4549E+20,5.47247E+21,8.24866E+15,4.94024E+16
60490,60491,7,1,11,0,2016,11,6,4,3,2,6,0,1,0,1,0,0,0,0,3.99481E+20,5.58124E+21,7.58638E+15,5.03747E+16
60491,60492,7,1,11,0,2016,12,11,7,3,2,6,0,0,0,1,0,0,0,0,3.99537E+20,5.57975E+21,7.58757E+15,5.03612E+16
60492,60493,7,1,31,7,2016,12,14,5,3,1,6,0,0,0,1,0,0,0,0,3.66226E+20,5.60103E+21,7.11186E+15,5.05459E+16
60493,60494,7,3,12,0,2016,11,7,4,3,1,6,1,0,0,1,0,0,0,0,4.08399E+20,5.47571E+21,7.73679E+15,4.94271E+16
60494,60495,7,3,12,0,2016,12,22,7,2,5,3,2,0,0,1,0,0,0,0,4.0253E+20,5.47705E+21,7.65554E+15,4.94383E+16
60495,60496,7,3,40,32,2016,12,0,3,3,8,1,2,2,0,1,0,0,0,0,4.08015E+20,5.45008E+21,7.73739E+15,4.91966E+16
60496,60497,7,1,31,77,2016,12,8,1,2,8,1,1,1,0,1,0,0,0,0,3.7406E+20,5.59598E+21,7.22409E+15,5.05022E+16
60497,60498,7,3,15,0,2016,12,13,6,3,1,6,0,0,0,1,0,0,0,0,4.44623E+20,5.538E+21,8.22742E+15,4.99918E+16
60498,60499,7,1,38,45,2016,12,13,3,3,6,4,0,0,0,1,1,0,0,0,3.96675E+20,5.58706E+21,7.54533E+15,5.04265E+16
60499,60500,7,3,15,0,2016,12,11,3,3,3,6,0,0,0,1,0,0,0,0,4.47073E+20,5.53909E+21,8.26146E+15,5.00018E+16
60500,60501,7,3,32,25,2016,12,7,2,3,8,1,1,0,0,1,0,0,0,0,4.48522E+20,5.46784E+21,8.29105E+15,4.93611E+16
60501,60502,7,3,12,0,2016,12,15,5,3,1,6,0,0,0,1,0,0,0,0,4.13326E+20,5.47913E+21,7.80396E+15,4.94586E+16
60502,60503,7,3,15,0,2016,12,17,2,3,6,4,1,0,0,1,1,0,0,0,4.44581E+20,5.53465E+21,8.22732E+15,4.99616E+16
60503,60504,7,3,37,52,2016,12,15,5,2,8,1,0,0,1,0,0,0,0,0,4.37078E+20,5.46222E+21,8.13436E+15,4.93094E+16
60504,60505,7,3,33,48,2016,12,16,4,2,5,3,2,1,0,1,0,0,0,0,4.18283E+20,5.48984E+21,7.87013E+15,4.95556E+16
60505,60506,7,2,31,33,2016,12,13,6,3,9,1,0,1,0,1,0,0,0,0,3.5062E+20,5.54449E+21,6.91409E+15,5.0034E+16
60506,60507,7,2,31,501,2016,12,8,7,3,8,1,0,2,0,1,0,0,0,0,3.67351E+20,5.53363E+21,7.15134E+15,4.99403E+16
60507,60508,7,2,11,0,2016,11,16,5,3,1,7,2,0,0,1,0,0,0,0,3.34883E+20,5.5174E+21,6.70611E+15,4.97863E+16
60508,60509,7,3,20,0,2016,11,10,6,3,5,3,0,0,0,1,0,0,1,0,3.82522E+20,5.45628E+21,7.38579E+15,4.9248E+16
60509,60510,7,1,43,242,2016,11,6,6,3,5,3,2,0,0,1,0,0,0,1,4.28028E+20,5.60789E+21,7.98263E+15,5.06185E+16
60510,60511,7,1,41,117,2016,11,13,4,2,8,6,0,0,0,0,0,1,1,0,4.24214E+20,5.5648E+21,7.93743E+15,5.02305E+16
60511,60512,7,1,31,8,2016,12,18,1,3,9,6,2,1,0,1,0,0,0,0,3.48611E+20,5.58042E+21,6.87175E+15,5.03563E+16
60512,60513,7,1,43,81,2016,11,7,4,3,2,6,0,0,0,1,0,0,0,0,4.14925E+20,5.59081E+21,7.80135E+15,5.04631E+16
60513,60514,7,1,31,90,2016,12,17,2,2,5,3,2,0,1,1,0,0,0,0,3.60356E+20,5.60513E+21,7.02753E+15,5.05813E+16
60514,60515,7,3,39,12,2016,11,13,4,2,4,1,0,0,0,1,0,0,1,0,4.53731E+20,5.52069E+21,8.35656E+15,4.98368E+16
60515,60516,7,3,35,15,2016,11,14,7,3,5,3,0,0,0,1,0,0,0,0,4.19928E+20,5.47707E+21,7.89547E+15,4.9441E+16
60516,60517,7,2,31,31,2016,11,7,6,3,5,3,0,0,0,1,0,0,0,0,3.45559E+20,5.52986E+21,6.84934E+15,4.99012E+16
60517,60518,7,2,31,134,2016,12,13,1,3,2,6,0,1,0,1,0,0,0,0,3.5372E+20,5.54066E+21,6.95881E+15,5.00003E+16
60518,60519,7,3,35,38,2016,12,11,6,3,5,3,0,1,0,1,0,0,1,0,3.93582E+20,5.47711E+21,7.53215E+15,4.94373E+16
60519,60520,7,3,33,71,2016,12,17,4,3,2,6,2,1,0,1,0,0,0,0,4.20904E+20,5.49019E+21,7.9063E+15,4.95592E+16
60520,60521,7,3,38,23,2016,12,19,7,3,8,1,2,1,0,1,0,0,0,0,4.56114E+20,5.46082E+21,8.39637E+15,4.92985E+16
60521,60522,7,3,38,17,2016,12,21,7,2,8,1,2,0,0,1,0,0,0,0,4.57186E+20,5.47436E+21,8.40967E+15,4.94204E+16
60522,60523,7,1,34,27,2016,12,6,6,2,4,1,2,1,0,1,0,0,0,0,3.76339E+20,5.50318E+21,7.28623E+15,4.96685E+16
60523,60524,7,1,43,81,2016,12,10,3,3,2,6,0,1,0,1,0,0,0,0,4.1232E+20,5.591E+21,7.7646E+15,5.04645E+16
60524,60525,7,2,11,0,2016,12,23,3,3,0,7,2,1,0,0,0,1,0,0,3.29166E+20,5.51485E+21,6.62787E+15,4.97619E+16
60525,60526,7,3,14,0,2016,12,17,2,3,2,6,2,1,0,1,0,0,0,0,4.51012E+20,5.48172E+21,8.32363E+15,4.94861E+16
60526,60527,7,3,37,5,2016,12,15,5,3,5,3,0,1,0,1,0,1,0,0,4.27197E+20,5.4397E+21,8.00252E+15,4.91059E+16
60527,60528,7,2,31,503,2016,12,15,2,3,5,2,0,0,0,1,0,0,0,0,3.38237E+20,5.53844E+21,6.74386E+15,4.99764E+16
60528,60529,7,1,34,5,2016,12,17,2,2,4,1,2,1,0,1,0,0,0,0,3.79722E+20,5.49684E+21,7.33503E+15,4.96121E+16
60529,60530,7,3,33,39,2016,12,17,5,3,2,2,2,0,0,1,0,0,0,0,4.28476E+20,5.50221E+21,8.0088E+15,4.96682E+16
60530,60531,7,3,32,47,2016,12,18,4,3,2,6,2,0,0,1,0,0,0,0,4.32698E+20,5.48645E+21,8.07E+15,4.9527E+16
60531,60532,7,2,11,0,2016,12,15,6,3,4,2,0,0,0,1,0,0,0,0,3.33704E+20,5.51277E+21,6.69171E+15,4.97444E+16
60532,60533,7,2,11,0,2016,12,0,7,2,9,1,2,0,0,1,0,0,0,0,3.33857E+20,5.52036E+21,6.69059E+15,4.98127E+16
60533,60534,7,1,38,80,2016,11,16,6,2,4,6,0,0,0,1,0,0,0,0,3.87869E+20,5.61725E+21,7.4123E+15,5.06963E+16
60534,60535,7,1,32,501,2016,11,7,4,2,6,4,1,0,0,1,1,0,0,0,4.04115E+20,5.61584E+21,7.64263E+15,5.06865E+16
60535,60536,7,3,20,0,2016,12,10,7,2,9,1,0,2,0,1,0,0,0,0,3.79769E+20,5.45579E+21,7.34812E+15,4.92431E+16
60536,60537,7,1,38,45,2016,11,20,4,3,1,6,2,1,0,1,0,0,0,0,3.92456E+20,5.59014E+21,7.48507E+15,5.04534E+16
60537,60538,7,3,36,102,2016,12,23,1,3,2,6,2,0,0,1,0,0,0,0,3.83498E+20,5.47023E+21,7.39512E+15,4.93737E+16
60538,60539,7,1,34,42,2016,11,6,4,3,9,1,1,2,0,1,0,0,0,0,3.71565E+20,5.49709E+21,7.22208E+15,4.96127E+16
60539,60540,7,3,12,0,2016,12,18,1,3,5,3,1,0,0,1,0,1,0,0,4.06613E+20,5.47698E+21,7.71186E+15,4.94383E+16
60540,60541,7,3,18,0,2016,11,17,3,3,2,6,2,0,0,1,0,0,0,0,4.5855E+20,5.46406E+21,8.42955E+15,4.93279E+16
60541,60542,7,3,31,73,2016,12,15,6,3,5,3,0,1,0,1,0,0,0,0,4.37398E+20,5.52147E+21,8.12933E+15,4.98424E+16
60542,60543,7,1,37,80,2016,11,19,3,3,9,1,2,0,0,1,0,0,0,0,3.80105E+20,5.56862E+21,7.318E+15,5.02576E+16
60543,60544,7,3,14,0,2016,12,17,4,3,5,3,2,0,1,1,0,0,0,0,4.60241E+20,5.48121E+21,8.45109E+15,4.94823E+16
60544,60545,7,1,37,216,2016,12,8,7,3,9,1,1,1,0,1,0,0,0,0,3.95626E+20,5.58374E+21,7.53148E+15,5.03965E+16
60545,60546,7,3,34,8,2016,11,21,2,3,7,7,2,0,0,1,0,0,0,0,4.4382E+20,5.4297E+21,8.23164E+15,4.90176E+16
60546,60547,7,3,15,0,2016,12,23,7,3,9,1,2,1,0,1,0,0,0,0,4.48057E+20,5.5375E+21,8.2754E+15,4.99875E+16
60547,60548,7,3,35,38,2016,12,11,5,3,1,6,0,1,0,1,0,0,0,0,3.95286E+20,5.47722E+21,7.55561E+15,4.94386E+16
60548,60549,7,2,32,18,2016,11,17,2,3,2,6,2,0,0,1,0,0,0,0,3.237E+20,5.53796E+21,6.54152E+15,4.99679E+16
60549,60550,7,3,39,5,2016,12,4,2,3,5,3,2,1,1,1,0,0,0,0,4.21371E+20,5.53352E+21,7.90402E+15,4.99488E+16
60550,60551,7,1,34,45,2016,12,6,5,3,7,7,2,1,0,1,0,0,0,0,3.75522E+20,5.50817E+21,7.27332E+15,4.97131E+16
60551,60552,7,1,37,504,2016,12,1,2,3,8,1,2,1,0,1,0,0,0,0,3.89533E+20,5.56957E+21,7.44995E+15,5.02679E+16
60552,60553,7,3,16,0,2016,12,8,6,3,1,6,0,1,0,1,0,0,0,0,4.40105E+20,5.46429E+21,8.17568E+15,4.93284E+16
60553,60554,7,2,11,0,2016,11,22,3,2,9,1,2,0,0,1,0,0,0,0,3.33275E+20,5.51126E+21,6.68641E+15,4.97307E+16
60554,60555,7,3,13,0,2016,12,18,4,3,2,6,2,1,0,1,0,0,0,0,4.37279E+20,5.44926E+21,8.13914E+15,4.91929E+16
60555,60556,7,1,43,51,2016,12,19,7,2,5,2,2,0,0,1,0,0,0,0,4.2486E+20,5.58522E+21,7.94242E+15,5.04142E+16
60556,60557,7,3,37,61,2016,12,11,7,2,5,3,0,0,1,0,0,0,0,1,4.40974E+20,5.44832E+21,8.18999E+15,4.91849E+16
60557,60558,7,1,11,0,2016,12,7,6,3,3,6,2,0,1,1,0,0,0,0,3.97465E+20,5.57679E+21,7.55925E+15,5.03343E+16