FID,OBJECTID,ULAND,UREGBEZ,UKREIS,UGEMEINDE,UJAHR,UMONAT,USTUNDE,UWOCHENTAG,UKATEGORIE,UART,UTYP1,ULICHTVERH,IstStrasse,IstRad,IstPKW,IstFuss,IstKrad,IstGkfz,IstSonstig,LINREFX,LINREFY,XGCSWGS84,YGCSWGS84
60558,60559,7,3,13,0,2016,12,7,2,3,7,7,1,0,0,1,0,0,0,0,4.33987E+20,5.45099E+21,8.09368E+15,4.92082E+16
60559,60560,7,1,11,0,2016,12,3,3,3,8,1,2,1,0,1,0,0,0,0,3.97435E+20,5.5823E+21,7.55733E+15,5.03838E+16
60560,60561,7,1,33,108,2016,12,19,5,2,9,7,2,0,0,1,0,0,0,0,4.15951E+20,5.53088E+21,7.82905E+15,4.99244E+16
60561,60562,7,1,38,77,2016,12,17,2,3,2,6,1,0,0,1,0,0,0,0,3.8295E+20,5.61049E+21,7.34482E+15,5.06346E+16
60562,60563,7,1,38,12,2016,12,7,2,3,2,6,1,1,0,1,0,0,0,0,4.03866E+20,5.60027E+21,7.64314E+15,5.05464E+16
60563,60564,7,2,31,132,2016,12,11,5,3,8,7,0,0,0,1,0,0,0,0,3.51381E+20,5.54469E+21,6.92463E+15,5.0036E+16
60564,60565,7,3,37,35,2016,12,8,4,3,2,2,0,0,0,1,0,0,0,0,4.39658E+20,5.45726E+21,8.17059E+15,4.92652E+16
60565,60566,7,1,43,52,2016,12,0,7,3,4,1,2,2,0,1,0,0,0,0,4.08242E+20,5.58288E+21,7.70915E+15,5.03908E+16
60566,60567,7,1,32,25,2016,11,19,6,2,2,6,2,0,0,1,0,0,0,0,4.21173E+20,5.62016E+21,7.88312E+15,5.07279E+16
60567,60568,7,1,38,45,2016,11,11,4,3,2,2,0,0,0,1,0,0,0,0,3.95406E+20,5.5871E+21,7.52745E+15,5.04266E+16
60568,60569,7,3,39,5,2016,12,8,7,3,2,6,0,2,0,1,0,0,0,0,4.2457E+20,5.53426E+21,7.94844E+15,4.99559E+16
60569,60570,7,1,31,70,2016,11,7,4,3,0,1,0,1,0,1,0,1,0,0,3.75651E+20,5.60306E+21,7.24414E+15,5.05662E+16
60570,60571,7,1,38,45,2016,12,20,5,3,5,3,2,1,0,1,0,0,0,0,3.96714E+20,5.58777E+21,7.54568E+15,5.04329E+16
60571,60572,7,3,15,0,2016,12,16,1,3,3,2,1,0,0,1,0,0,0,1,4.42866E+20,5.53901E+21,8.20277E+15,5.00007E+16
60572,60573,7,1,38,45,2016,11,18,4,3,2,6,2,0,0,1,0,0,0,0,3.96147E+20,5.58981E+21,7.53713E+15,5.04511E+16
60573,60574,7,3,16,0,2016,12,15,1,3,2,6,0,0,0,1,0,0,0,0,4.37303E+20,5.46734E+21,8.13665E+15,4.93555E+16
60574,60575,7,1,37,56,2016,12,14,7,3,2,1,0,0,0,1,0,0,0,0,3.84327E+20,5.58313E+21,7.37277E+15,5.03888E+16
60575,60576,7,3,39,5,2016,11,8,3,3,5,3,0,0,0,1,0,0,0,0,4.21983E+20,5.531E+21,7.91304E+15,4.99262E+16
60576,60577,7,2,33,26,2016,12,15,6,3,1,6,0,0,0,1,0,0,0,0,3.32525E+20,5.56609E+21,6.65214E+15,5.02233E+16
60577,60578,7,3,40,26,2016,11,7,2,3,1,1,1,2,0,1,0,0,0,0,3.92772E+20,5.44514E+21,7.52955E+15,4.91497E+16
60578,60579,7,2,35,114,2016,12,16,4,3,5,3,0,0,0,1,0,0,0,0,3.4681E+20,5.50507E+21,6.87652E+15,4.96787E+16
60579,60580,7,1,43,52,2016,12,16,6,3,2,1,2,1,0,1,0,0,0,0,4.11724E+20,5.58418E+21,7.75782E+15,5.0403E+16
60580,60581,7,3,37,27,2016,12,18,3,2,5,3,2,1,0,1,0,0,0,0,4.4363E+20,5.45741E+21,8.22517E+15,4.92669E+16
60581,60582,7,3,14,0,2016,11,11,2,3,1,6,0,0,0,1,0,0,0,0,4.54745E+20,5.48247E+21,8.37508E+15,4.94932E+16
60582,60583,7,3,14,0,2016,12,18,5,3,1,6,2,0,0,1,0,0,0,0,4.59183E+20,5.48069E+21,8.43655E+15,4.94775E+16
60583,60584,7,1,32,6,2016,11,19,2,3,8,6,2,0,0,1,0,0,0,0,4.20748E+20,5.62687E+21,7.87566E+15,5.07882E+16
60584,60585,7,3,15,0,2016,12,7,2,3,5,2,2,0,0,1,1,0,0,0,4.49032E+20,5.53624E+21,8.28917E+15,4.99763E+16
60585,60586,7,2,35,125,2016,11,6,5,3,2,6,2,0,0,1,0,0,0,0,3.39235E+20,5.52269E+21,6.76433E+15,4.98351E+16
60586,60587,7,1,32,2,2016,11,21,1,3,8,1,2,1,0,1,0,0,0,0,4.22336E+20,5.62413E+21,7.89877E+15,5.07637E+16
60587,60588,7,3,38,26,2016,11,15,6,3,6,7,0,0,1,0,1,0,0,0,4.59352E+20,5.47104E+21,8.43986E+15,4.93907E+16
60588,60589,7,1,11,0,2016,12,11,2,3,3,6,0,0,0,1,0,0,0,0,3.99304E+20,5.58137E+21,7.58385E+15,5.03758E+16
60589,60590,7,2,32,210,2016,12,6,4,1,2,6,2,1,1,1,0,0,0,0,3.25275E+20,5.55508E+21,6.55565E+15,5.01222E+16
60590,60591,7,3,36,55,2016,12,11,6,3,5,1,0,1,0,0,0,1,0,1,3.82961E+20,5.48927E+21,7.3821E+15,4.95447E+16
60591,60592,7,3,34,13,2016,11,7,5,3,5,7,0,0,1,0,0,0,0,0,4.41744E+20,5.43612E+21,8.20232E+15,4.90752E+16
60592,60593,7,1,11,0,2016,11,17,4,3,8,6,2,0,0,1,0,0,0,0,3.99135E+20,5.57678E+21,7.58271E+15,5.03344E+16
60593,60594,7,1,40,35,2016,12,22,7,3,8,1,2,1,0,1,0,0,0,1,4.03692E+20,5.5389E+21,7.6563E+15,4.99946E+16
60594,60595,9,1,76,120,2016,1,10,1,2,9,1,0,2,0,1,0,0,0,0,6.77716E+20,5.42297E+21,1.14266E+16,4.89341E+16
60595,60596,9,1,87,130,2016,1,11,7,2,5,3,0,1,0,1,0,0,0,0,7.13408E+20,5.30886E+21,1.18553E+16,4.78975E+16
60596,60597,7,1,32,72,2016,12,18,5,3,1,6,2,1,0,1,0,0,0,0,4.2697E+20,5.63232E+21,7.96283E+15,5.08379E+16
60597,60598,7,3,20,0,2016,12,15,3,3,1,6,0,0,0,1,0,0,0,0,3.83726E+20,5.45474E+21,7.40278E+15,4.92343E+16
60598,60599,7,2,31,81,2016,12,23,6,2,8,1,2,1,0,1,0,0,0,0,3.55502E+20,5.53261E+21,6.98668E+15,4.99284E+16
60599,60600,9,1,62,0,2016,1,16,1,3,5,7,2,1,0,1,0,0,0,0,6.94646E+20,5.33207E+21,1.16151E+16,4.81122E+16
60600,60601,7,3,15,0,2016,12,16,4,3,1,6,2,0,0,1,0,0,0,0,4.41876E+20,5.53351E+21,8.18979E+15,4.99511E+16
60601,60602,9,1,76,143,2016,1,16,2,3,5,2,2,1,0,1,0,0,0,0,6.80906E+20,5.40897E+21,1.14639E+16,4.88074E+16
60602,60603,7,3,20,0,2016,12,14,2,3,2,2,0,1,0,1,0,0,0,0,3.80759E+20,5.4551E+21,7.36193E+15,4.92371E+16
60603,60604,7,3,16,0,2016,12,6,1,3,8,1,2,0,0,1,0,0,0,0,4.36556E+20,5.46681E+21,8.12644E+15,4.93507E+16
60604,60605,9,2,74,156,2016,1,22,1,3,8,1,2,1,0,1,0,0,0,0,7.44356E+20,5.38726E+21,1.2314E+16,4.85907E+16
60605,60606,9,6,75,148,2016,1,5,6,1,9,7,2,1,0,1,0,0,0,0,5.93214E+20,5.50441E+21,1.02922E+16,4.9685E+16
60606,60607,9,4,75,169,2016,1,22,7,3,8,1,2,2,0,1,0,0,0,0,6.853E+20,5.57396E+21,1.16013E+16,5.02886E+16
60607,60608,7,3,13,0,2016,12,7,4,3,1,6,1,0,0,1,0,0,0,0,4.36073E+20,5.45158E+21,8.12222E+15,4.92137E+16
60608,60609,7,3,17,0,2016,12,18,6,2,2,6,2,1,0,1,0,1,0,0,3.98831E+20,5.44988E+21,7.61141E+15,4.91934E+16
60609,60610,7,3,17,0,2016,12,10,5,2,6,4,0,0,0,1,1,0,0,0,3.9809E+20,5.45167E+21,7.60081E+15,4.92093E+16
60610,60611,9,7,72,179,2016,1,11,7,3,5,3,0,1,0,1,0,0,0,0,6.18732E+20,5.33953E+21,1.05978E+16,4.81979E+16
60611,60612,9,7,76,124,2016,1,18,6,3,9,1,2,1,0,1,0,0,0,0,5.70205E+20,5.27836E+21,9.93493E+15,4.76548E+16
60612,60613,7,3,31,55,2016,12,15,2,3,1,6,1,0,0,1,0,0,0,0,4.53121E+20,5.50617E+21,8.34983E+15,4.97062E+16
60613,60614,7,3,17,0,2016,12,11,3,3,1,5,0,0,0,1,0,0,0,0,3.95691E+20,5.44887E+21,7.5686E+15,4.91837E+16
60614,60615,9,2,71,128,2016,1,11,2,3,8,1,0,2,0,1,0,0,0,0,7.95664E+20,5.39369E+21,1.30128E+16,4.86263E+16
60615,60616,7,1,31,90,2016,12,13,6,3,1,6,0,0,0,1,0,0,0,0,3.62684E+20,5.60511E+21,7.0604E+15,5.05817E+16
60616,60617,9,6,72,126,2016,1,16,1,3,9,1,2,2,0,1,0,0,0,0,5.66283E+20,5.56958E+21,9.93019E+15,5.02746E+16
60617,60618,9,4,71,117,2016,1,11,2,3,1,6,0,2,0,1,0,0,0,1,6.2952E+20,5.53041E+21,1.0804E+16,4.9912E+16
60618,60619,7,1,32,2,2016,12,19,6,3,9,1,2,1,0,1,0,0,0,0,4.22379E+20,5.62533E+21,7.89912E+15,5.07746E+16
60619,60620,9,7,78,186,2016,1,4,1,1,6,6,2,1,0,1,1,0,0,0,5.96461E+20,5.30849E+21,1.02912E+16,4.79225E+16
60620,60621,9,1,88,139,2016,1,18,2,3,2,6,2,1,0,1,0,0,0,0,6.754E+20,5.31904E+21,1.13514E+16,4.80006E+16
60621,60622,7,3,19,0,2016,12,14,2,3,2,6,0,1,0,1,0,0,0,0,4.46762E+20,5.50256E+21,8.26214E+15,4.96732E+16
60622,60623,7,3,31,18,2016,12,9,7,2,4,1,0,2,0,1,0,0,0,0,4.53097E+20,5.50781E+21,8.3493E+15,4.97209E+16
60623,60624,7,2,11,0,2016,12,11,1,2,2,6,0,1,0,1,0,0,0,0,3.33659E+20,5.5179E+21,6.6889E+15,4.97905E+16
60624,60625,9,2,63,0,2016,1,15,6,2,6,4,0,0,0,1,1,0,0,0,7.61263E+20,5.42031E+21,1.25638E+16,4.88806E+16
60625,60626,9,2,73,137,2016,1,23,7,3,9,1,2,2,0,1,0,0,0,0,7.13945E+20,5.4275E+21,1.19231E+16,4.89633E+16
60626,60627,7,3,13,0,2016,12,9,4,3,2,6,0,0,0,1,0,0,0,0,4.35409E+20,5.4489E+21,8.11354E+15,4.91895E+16
60627,60628,7,3,31,34,2016,12,15,6,2,5,3,0,1,0,1,0,0,0,0,4.54941E+20,5.51446E+21,8.37411E+15,4.97809E+16
60628,60629,7,3,34,28,2016,12,18,5,3,2,6,2,1,0,1,0,0,0,1,4.51765E+20,5.45785E+21,8.33693E+15,4.92715E+16
60629,60630,9,6,63,0,2016,1,12,7,3,2,6,0,1,0,1,0,0,0,0,5.6827E+20,5.51589E+21,9.94851E+15,4.97916E+16
60630,60631,7,3,12,0,2016,12,4,5,2,5,3,2,2,0,1,0,0,0,1,4.10296E+20,5.48034E+21,7.76189E+15,4.94691E+16
60631,60632,7,3,36,107,2016,12,6,3,3,5,3,2,0,0,1,0,0,0,0,3.87854E+20,5.48452E+21,7.45106E+15,4.95029E+16
60632,60633,7,2,11,0,2016,12,18,4,3,1,6,2,0,0,1,0,0,0,0,3.31278E+20,5.51498E+21,6.65711E+15,4.97636E+16
60633,60634,9,2,72,118,2016,1,9,2,3,2,6,0,2,0,1,0,0,0,0,8.33404E+20,5.4174E+21,1.35426E+16,4.882E+16
60634,60635,9,5,71,113,2016,1,12,1,2,6,2,0,1,0,1,1,0,0,0,6.17923E+20,5.4448E+21,1.0617E+16,4.91447E+16
60635,60636,9,3,73,167,2016,1,16,2,2,2,6,1,1,0,1,0,0,1,0,6.89691E+20,5.45954E+21,1.16071E+16,4.92592E+16
60636,60637,9,1,73,134,2016,1,17,1,3,0,7,2,1,0,1,0,0,0,0,6.8365E+20,5.2993E+21,1.14535E+16,4.78208E+16
60637,60638,7,3,14,0,2016,12,7,6,2,8,1,2,2,0,1,0,0,0,1,4.57059E+20,5.48426E+21,8.40683E+15,4.95094E+16
60638,60639,7,3,36,79,2016,12,11,7,3,5,3,0,1,0,1,0,0,0,0,3.87456E+20,5.4891E+21,7.44426E+15,4.95441E+16
60639,60640,9,1,73,135,2016,1,12,7,2,0,1,0,0,1,0,0,0,0,0,6.93633E+20,5.2819E+21,1.1579E+16,4.76615E+16
60640,60641,7,1,43,200,2016,12,5,5,3,4,6,2,1,0,1,0,0,0,0,4.26527E+20,5.60682E+21,7.96163E+15,5.06086E+16
60641,60642,9,5,76,141,2016,1,19,7,3,4,6,2,2,0,1,0,0,0,0,6.49037E+20,5.44609E+21,1.10438E+16,4.91495E+16
60642,60643,7,1,37,89,2016,12,17,7,3,8,1,2,2,0,1,0,0,0,0,3.79643E+20,5.57373E+21,7.30991E+15,5.03034E+16
60643,60644,9,2,79,112,2016,1,21,6,3,0,1,2,1,0,1,0,0,0,0,7.54701E+20,5.39321E+21,1.24577E+16,4.864E+16
60644,60645,9,2,74,174,2016,1,16,7,3,3,1,1,1,0,1,0,0,1,0,7.48097E+20,5.39245E+21,1.23677E+16,4.86358E+16
60645,60646,7,2,31,32,2016,12,14,6,1,4,1,0,1,0,1,0,0,0,0,3.58277E+20,5.51623E+21,7.03131E+15,4.97818E+16
60646,60647,9,6,71,155,2016,1,23,7,3,8,1,2,1,0,1,0,0,0,0,5.03515E+20,5.53721E+21,9.04903E+15,4.99872E+16
60647,60648,7,1,11,0,2016,12,7,4,3,2,6,0,0,0,1,0,0,0,0,3.99573E+20,5.57948E+21,7.58813E+15,5.03588E+16
60648,60649,7,3,14,0,2016,12,9,5,3,0,1,0,0,1,0,0,0,0,0,4.54382E+20,5.48182E+21,8.37014E+15,4.94873E+16
60649,60650,7,1,43,232,2016,12,9,5,2,9,1,0,2,0,1,0,0,0,0,4.21037E+20,5.59858E+21,7.8858E+15,5.05338E+16
60650,60651,7,3,16,0,2016,12,18,3,3,5,1,2,0,1,1,0,0,0,0,4.39227E+20,5.46616E+21,8.16331E+15,4.93451E+16
60651,60652,7,1,38,45,2016,12,12,4,3,5,3,0,0,0,1,0,0,0,0,3.93392E+20,5.59408E+21,7.49712E+15,5.0489E+16
60652,60653,9,2,79,132,2016,1,9,2,3,8,1,0,2,0,1,0,0,0,0,7.68019E+20,5.39903E+21,1.26419E+16,4.86867E+16
60653,60654,9,4,71,115,2016,1,14,1,2,8,1,0,1,0,0,0,1,0,0,6.3107E+20,5.541E+21,1.08292E+16,5.00069E+16
60654,60655,9,3,62,0,2016,1,6,2,3,8,1,2,2,0,1,0,0,0,0,7.28271E+20,5.43835E+21,1.21246E+16,4.90557E+16
60655,60656,9,1,87,159,2016,1,14,1,3,4,6,0,2,0,1,0,0,0,0,7.31504E+20,5.32956E+21,1.21083E+16,4.80773E+16
60656,60657,7,3,39,1,2016,12,17,6,3,8,1,2,1,0,1,0,0,0,0,4.31246E+20,5.53068E+21,8.04214E+15,4.99245E+16
60657,60658,9,1,71,112,2016,1,14,7,3,8,1,0,0,0,1,0,0,0,0,7.84084E+20,5.34388E+21,1.28223E+16,4.81845E+16
60658,60659,7,1,43,53,2016,12,14,5,3,4,1,0,1,0,1,0,0,0,0,4.15547E+20,5.58313E+21,7.81183E+15,5.03942E+16
60659,60660,7,3,34,13,2016,12,16,3,3,5,3,1,1,1,0,0,0,0,1,4.40509E+20,5.43658E+21,8.18535E+15,4.90792E+16
60660,60661,7,3,15,0,2016,12,10,6,3,5,3,0,0,1,0,0,0,0,1,4.48146E+20,5.5389E+21,8.27646E+15,5.00002E+16
60661,60662,7,2,31,502,2016,12,16,5,2,7,7,0,1,0,1,0,0,0,0,3.64611E+20,5.51954E+21,7.11809E+15,4.9813E+16
60662,60663,9,1,75,132,2016,1,6,2,3,3,1,2,2,0,1,0,0,0,0,7.05277E+20,5.33335E+21,1.17584E+16,4.81203E+16
60663,60664,7,3,13,0,2016,12,14,4,3,2,6,0,0,0,1,0,0,0,0,4.35446E+20,5.44853E+21,8.11411E+15,4.91862E+16
60664,60665,7,3,34,501,2016,12,14,3,3,3,6,0,0,0,1,0,0,1,0,4.47934E+20,5.43214E+21,8.28759E+15,4.904E+16
60665,60666,7,3,15,0,2016,12,17,3,3,5,2,2,0,0,1,0,0,0,1,4.47922E+20,5.53937E+21,8.27327E+15,5.00044E+16
60666,60667,9,1,82,136,2016,1,19,2,3,5,3,2,1,0,1,0,0,0,0,7.0872E+20,5.2958E+21,1.17864E+16,4.77817E+16
60667,60668,9,1,75,132,2016,1,7,2,3,9,1,1,1,0,1,0,0,0,0,7.05296E+20,5.3347E+21,1.17593E+16,4.81324E+16
60668,60669,7,1,40,161,2016,12,17,3,3,5,2,2,0,0,1,0,0,0,0,4.02169E+20,5.54712E+21,7.63297E+15,5.00683E+16
60669,60670,7,3,36,17,2016,12,9,1,3,9,7,0,1,0,1,0,0,0,0,3.76386E+20,5.47439E+21,7.2959E+15,4.94096E+16
60670,60671,7,3,39,24,2016,12,16,5,3,5,3,2,0,0,1,0,0,0,0,4.52796E+20,5.51668E+21,8.34405E+15,4.98007E+16
60671,60672,7,1,43,9,2016,12,17,5,2,9,1,2,0,0,1,0,0,0,0,4.07612E+20,5.59688E+21,7.69683E+15,5.05166E+16
60672,60673,7,3,37,5,2016,12,21,3,3,8,1,2,1,0,1,0,0,0,0,4.27519E+20,5.43689E+21,8.00744E+15,4.90806E+16
60673,60674,7,3,32,40,2016,12,3,3,2,9,1,2,1,0,1,0,0,0,0,4.42501E+20,5.49156E+21,8.2047E+15,4.95739E+16
60674,60675,9,1,90,139,2016,1,20,2,3,2,6,2,1,0,1,0,0,1,0,6.52673E+20,5.29395E+21,1.10381E+16,4.77808E+16
60675,60676,7,2,35,114,2016,12,14,3,3,5,3,0,0,0,1,0,0,0,0,3.48231E+20,5.50443E+21,6.89645E+15,4.96733E+16
60676,60677,7,1,43,78,2016,12,7,2,2,9,1,2,1,0,1,0,0,0,0,4.12702E+20,5.59576E+21,7.76887E+15,5.05073E+16
60677,60678,9,3,76,144,2016,1,15,1,3,5,3,0,1,0,1,0,0,0,0,7.30137E+20,5.48208E+21,1.21752E+16,4.94478E+16
60678,60679,7,1,41,60,2016,12,7,6,3,8,1,0,1,0,1,0,0,0,0,4.25115E+20,5.56548E+21,7.94992E+15,5.02368E+16
60679,60680,9,3,61,0,2016,1,6,2,3,5,3,1,1,0,1,0,0,0,0,7.06612E+20,5.48324E+21,1.18517E+16,4.94666E+16
60680,60681,9,1,79,126,2016,1,10,1,3,1,3,0,2,0,1,0,0,0,0,6.76795E+20,5.34002E+21,1.13788E+16,4.81888E+16
60681,60682,9,1,86,152,2016,1,12,7,3,2,6,0,1,0,1,0,0,0,0,6.91322E+20,5.37849E+21,1.15916E+16,4.85303E+16
60682,60683,7,1,37,216,2016,12,17,5,3,5,3,2,1,0,1,0,0,0,1,3.93139E+20,5.58339E+21,7.49661E+15,5.03929E+16
60683,60684,7,3,37,27,2016,12,16,3,3,5,3,2,0,0,1,0,0,0,0,4.4363E+20,5.45741E+21,8.22517E+15,4.92669E+16
60684,60685,7,1,43,50,2016,12,16,6,3,4,6,0,0,0,1,0,0,0,0,4.01206E+20,5.59112E+21,7.60802E+15,5.04638E+16
60685,60686,9,1,62,0,2016,1,14,1,3,3,6,0,0,0,1,0,0,0,0,6.8782E+20,5.33358E+21,1.15242E+16,4.81277E+16
60686,60687,7,3,33,10,2016,12,21,4,3,2,6,2,1,0,1,0,0,0,0,4.30004E+20,5.49756E+21,8.0308E+15,4.96266E+16
60687,60688,9,1,76,167,2016,1,13,2,3,5,3,0,1,0,1,0,0,0,0,6.7832E+20,5.40939E+21,1.14289E+16,4.88119E+16
60688,60689,7,3,34,13,2016,12,14,2,3,9,1,0,1,0,1,0,0,0,0,4.40547E+20,5.4392E+21,8.18549E+15,4.91028E+16
60689,60690,7,3,14,0,2016,12,19,1,3,5,2,2,0,0,1,0,0,0,0,4.53452E+20,5.48222E+21,8.35726E+15,4.94909E+16
60690,60691,9,4,75,142,2016,1,2,6,3,0,7,2,1,0,1,0,0,0,0,7.00319E+20,5.57396E+21,1.18119E+16,5.02838E+16
60691,60692,9,4,72,175,2016,1,14,7,3,2,6,0,1,0,1,0,0,0,0,6.80651E+20,5.518E+21,1.15098E+16,4.97873E+16
60692,60693,7,3,18,0,2016,12,13,4,3,1,6,0,0,0,1,0,0,0,1,4.5854E+20,5.46536E+21,8.42927E+15,4.93395E+16
60693,60694,7,3,34,8,2016,12,13,6,3,0,7,0,1,0,1,0,0,0,0,4.45857E+20,5.42785E+21,8.25974E+15,4.90012E+16
60694,60695,7,3,17,0,2016,12,8,5,2,6,4,0,1,0,1,1,0,0,0,3.98529E+20,5.4511E+21,7.60696E+15,4.92043E+16
60695,60696,9,7,61,0,2016,1,23,7,3,9,1,2,2,0,1,0,0,0,0,6.42835E+20,5.36017E+21,1.0929E+16,4.83785E+16
60696,60697,7,3,15,0,2016,12,15,2,3,4,2,0,0,0,1,0,0,0,0,4.45891E+20,5.53926E+21,8.24495E+15,5.00032E+16
60697,60698,9,2,75,122,2016,1,13,1,2,4,1,0,1,0,1,0,0,0,0,8.20509E+20,5.38776E+21,1.33444E+16,4.85609E+16
60698,60699,9,5,77,177,2016,1,18,7,3,4,3,2,1,0,1,0,0,0,0,6.45001E+20,5.4323E+21,1.09836E+16,4.90265E+16
60699,60700,7,3,14,0,2016,12,17,4,3,6,4,2,0,0,1,1,0,0,0,4.58889E+20,5.48178E+21,8.43237E+15,4.94873E+16
60700,60701,7,3,38,5,2016,12,19,7,3,5,3,2,0,0,1,0,0,0,0,4.49795E+20,5.46912E+21,8.30843E+15,4.93727E+16
60701,60702,7,1,31,210,2016,12,1,6,3,3,6,2,0,0,1,0,0,1,0,3.74704E+20,5.58571E+21,7.2366E+15,5.04101E+16
60702,60703,9,7,75,152,2016,1,11,7,3,2,1,0,1,0,1,0,0,0,0,5.80671E+20,5.35356E+21,1.00884E+16,4.833E+16
60703,60704,9,1,84,147,2016,1,5,6,1,9,7,2,1,0,1,1,0,0,0,6.96032E+20,5.3407E+21,1.16377E+16,4.81893E+16
60704,60705,7,3,11,0,2016,12,20,4,2,9,1,2,1,0,1,0,0,0,0,4.53347E+20,5.48443E+21,8.35555E+15,4.95107E+16
60705,60706,7,2,32,318,2016,12,7,2,3,5,3,2,0,0,1,0,0,0,1,3.23878E+20,5.5643E+21,6.53187E+15,5.02047E+16
60706,60707,7,3,13,0,2016,12,11,3,3,1,6,0,0,0,1,0,0,0,0,4.35417E+20,5.44888E+21,8.11365E+15,4.91893E+16
60707,60708,9,2,78,113,2016,1,15,2,1,4,1,0,2,0,1,0,0,1,0,7.66074E+20,5.41534E+21,1.2626E+16,4.8834E+16
60708,60709,7,1,37,57,2016,12,20,6,3,8,7,2,1,0,1,0,0,0,0,3.81362E+20,5.58353E+21,7.33094E+15,5.03918E+16
60709,60710,9,6,72,161,2016,1,18,1,2,9,1,2,2,0,1,0,0,0,0,5.61552E+20,5.55956E+21,9.86218E+15,5.0185E+16
60710,60711,9,1,74,122,2016,1,6,2,3,9,1,2,2,0,1,0,0,0,0,6.84252E+20,5.35267E+21,1.14846E+16,4.83003E+16
60711,60712,7,2,33,56,2016,12,12,2,2,4,1,0,1,0,1,0,0,0,0,3.3532E+20,5.56748E+21,6.69069E+15,5.02365E+16
60712,60713,7,2,33,240,2016,12,13,7,3,5,3,0,0,0,1,0,0,0,0,3.24172E+20,5.58061E+21,6.52841E+15,5.03513E+16
60713,60714,7,1,35,2,2016,12,15,1,3,8,1,0,1,0,1,0,0,0,0,3.61811E+20,5.56117E+21,7.06423E+15,5.01865E+16
60714,60715,9,2,72,151,2016,1,19,6,3,8,1,2,1,0,1,0,0,0,0,8.37257E+20,5.41147E+21,1.359E+16,4.87647E+16
60715,60716,9,3,61,0,2016,1,13,7,2,6,4,0,0,0,1,1,0,0,0,7.06409E+20,5.48098E+21,1.18477E+16,4.94464E+16
60716,60717,7,3,14,0,2016,12,17,4,3,3,6,2,0,0,1,0,0,0,1,4.57362E+20,5.47878E+21,8.41162E+15,4.94602E+16
60717,60718,7,3,31,73,2016,12,17,6,3,8,6,2,1,0,1,0,0,0,0,4.38726E+20,5.52226E+21,8.14767E+15,4.98496E+16
60718,60719,7,3,31,23,2016,12,0,5,3,1,7,2,1,0,1,0,0,0,1,4.42518E+20,5.50136E+21,8.2035E+15,4.9662E+16
60719,60720,9,6,73,142,2016,1,18,7,3,9,1,2,2,0,1,0,0,0,0,5.87854E+20,5.58437E+21,1.02363E+16,5.04048E+16
60720,60721,7,3,40,57,2016,12,15,3,3,2,6,0,0,0,0,0,0,1,0,4.19711E+20,5.45232E+21,7.89746E+15,4.92184E+16
60721,60722,7,3,16,0,2016,12,11,5,3,5,3,0,0,0,1,0,0,0,0,4.39981E+20,5.46684E+21,8.17359E+15,4.93513E+16
60722,60723,7,1,33,36,2016,12,21,3,2,9,1,2,1,0,1,0,0,0,0,4.14602E+20,5.52517E+21,7.81152E+15,4.98728E+16
60723,60724,7,2,11,0,2016,12,13,4,3,5,1,0,0,1,1,0,0,0,0,3.33765E+20,5.51636E+21,6.69102E+15,4.97766E+16
60724,60725,9,2,77,124,2016,1,13,2,2,5,3,0,2,0,1,0,0,0,1,7.8337E+20,5.37496E+21,1.28336E+16,4.84638E+16
60725,60726,9,4,76,159,2016,1,5,1,3,8,1,2,2,0,1,0,0,0,0,6.77565E+20,5.57781E+21,1.14947E+16,5.03256E+16
60726,60727,7,3,31,3,2016,12,8,3,3,5,3,1,0,1,1,0,0,0,0,4.35651E+20,5.51051E+21,8.10684E+15,4.97436E+16
60727,60728,9,2,71,148,2016,1,8,2,3,8,1,0,2,0,1,0,0,0,0,7.97387E+20,5.41717E+21,1.3053E+16,4.88362E+16
60728,60729,9,5,64,0,2016,1,19,1,3,5,2,2,0,0,1,0,0,0,0,6.49619E+20,5.4771E+21,1.10634E+16,4.94282E+16
60729,60730,9,3,63,0,2016,1,16,2,3,6,4,1,2,0,1,1,0,0,0,7.2684E+20,5.50692E+21,1.21441E+16,4.96721E+16
60730,60731,7,1,40,201,2016,12,10,7,3,2,6,0,1,0,1,0,0,0,0,3.89635E+20,5.55864E+21,7.45455E+15,5.01697E+16
60731,60732,9,1,84,146,2016,1,9,6,3,2,6,0,1,0,1,0,0,0,0,6.95209E+20,5.32834E+21,1.1621E+16,4.80784E+16
60732,60733,9,2,73,116,2016,1,18,7,1,6,4,2,1,0,1,1,0,0,0,7.23827E+20,5.42482E+21,1.20564E+16,4.89357E+16
60733,60734,9,5,76,151,2016,1,23,7,3,9,1,2,2,0,1,0,0,0,0,6.59247E+20,5.47033E+21,1.11934E+16,4.93649E+16
60734,60735,7,1,33,52,2016,12,20,5,2,8,1,2,2,0,1,0,0,0,0,3.90392E+20,5.51574E+21,7.47737E+15,4.97841E+16
60735,60736,7,1,43,234,2016,12,13,5,3,0,6,0,2,0,1,0,0,0,0,4.23441E+20,5.60935E+21,7.9175E+15,5.0631E+16
60736,60737,7,3,19,0,2016,12,16,3,3,6,6,0,0,0,0,1,0,0,1,4.52115E+20,5.49603E+21,8.33712E+15,4.96149E+16
60737,60738,7,3,20,0,2016,12,16,3,3,5,3,2,1,0,1,0,0,0,1,3.80833E+20,5.45606E+21,7.36265E+15,4.92457E+16