FID,OBJECTID,ULAND,UREGBEZ,UKREIS,UGEMEINDE,UJAHR,UMONAT,USTUNDE,UWOCHENTAG,UKATEGORIE,UART,UTYP1,ULICHTVERH,IstStrasse,IstRad,IstPKW,IstFuss,IstKrad,IstGkfz,IstSonstig,LINREFX,LINREFY,XGCSWGS84,YGCSWGS84
60918,60919,7,3,15,0,2016,12,10,6,3,2,6,0,0,0,1,0,0,0,0,4.41977E+20,5.53786E+21,8.19054E+15,4.99902E+16
60919,60920,7,2,11,0,2016,12,20,5,3,5,3,2,0,0,1,0,0,0,0,3.31258E+20,5.51588E+21,6.65644E+15,4.97717E+16
60920,60921,7,1,43,223,2016,12,22,5,3,9,1,2,1,0,1,0,0,0,0,4.17187E+20,5.61027E+21,7.82888E+15,5.06384E+16
60921,60922,9,5,64,0,2016,1,17,7,3,3,6,2,1,0,1,0,0,0,0,6.53333E+20,5.47799E+21,1.11149E+16,4.94352E+16
60922,60923,7,3,15,0,2016,12,15,5,3,1,6,0,0,0,1,0,0,0,1,4.47079E+20,5.53794E+21,8.2617E+15,4.99915E+16
60923,60924,7,3,40,20,2016,12,18,4,3,2,6,2,1,0,1,0,0,0,0,4.16627E+20,5.4506E+21,7.85547E+15,4.92026E+16
60924,60925,7,3,35,37,2016,12,16,2,2,9,1,0,0,0,1,0,0,0,0,3.99332E+20,5.46941E+21,7.61337E+15,4.93691E+16
60925,60926,7,3,34,13,2016,12,15,3,2,4,6,0,1,0,1,0,0,0,0,4.41621E+20,5.43368E+21,8.201E+15,4.90532E+16
60926,60927,9,1,90,139,2016,1,19,2,3,9,1,2,1,0,1,0,0,0,0,6.52773E+20,5.29395E+21,1.10394E+16,4.77808E+16
60927,60928,7,1,31,70,2016,12,18,3,3,5,2,2,1,0,1,0,0,0,0,3.73248E+20,5.60967E+21,7.20799E+15,5.06251E+16
60928,60929,7,1,38,41,2016,12,16,2,3,4,6,0,1,0,1,0,0,0,0,3.7803E+20,5.60314E+21,7.2777E+15,5.05674E+16
60929,60930,9,2,71,140,2016,1,6,1,2,2,6,2,1,0,1,0,0,0,0,7.84277E+20,5.4184E+21,1.28756E+16,4.88534E+16
60930,60931,7,3,40,51,2016,12,5,7,2,5,3,2,1,0,1,0,0,0,0,3.9791E+20,5.45825E+21,7.59665E+15,4.92685E+16
60931,60932,7,1,32,117,2016,12,13,6,2,4,6,0,1,0,1,0,1,0,0,4.11251E+20,5.62806E+21,7.74068E+15,5.07975E+16
60932,60933,9,2,71,132,2016,1,11,2,3,3,6,0,1,0,1,0,0,0,0,7.85389E+20,5.41764E+21,1.28902E+16,4.8846E+16
60933,60934,9,1,74,115,2016,1,1,1,3,8,1,2,2,0,1,0,0,0,0,6.82032E+20,5.34572E+21,1.14517E+16,4.82385E+16
60934,60935,9,1,86,137,2016,1,15,7,3,5,3,0,1,0,1,0,0,0,0,6.79606E+20,5.39881E+21,1.14418E+16,4.87164E+16
60935,60936,7,1,37,214,2016,12,11,5,1,5,3,0,1,1,1,0,0,0,0,3.89068E+20,5.56745E+21,7.44404E+15,5.02488E+16
60936,60937,7,3,32,29,2016,12,12,2,3,8,1,0,1,0,1,0,0,0,0,4.40406E+20,5.49588E+21,8.17507E+15,4.96125E+16
60937,60938,7,1,43,241,2016,12,20,6,2,8,1,2,1,0,1,0,0,0,0,4.13012E+20,5.60786E+21,7.77042E+15,5.06162E+16
60938,60939,9,7,64,0,2016,1,13,1,3,2,6,0,0,0,1,0,0,0,0,5.83198E+20,5.31322E+21,1.01146E+16,4.79669E+16
60939,60940,7,2,31,56,2016,12,14,4,3,1,3,0,1,0,1,0,0,0,0,3.71708E+20,5.52672E+21,7.21431E+15,4.98791E+16
60940,60941,9,1,76,124,2016,1,12,2,2,4,1,0,1,0,1,0,0,0,0,6.68157E+20,5.41191E+21,1.12917E+16,4.88374E+16
60941,60942,7,3,14,0,2016,12,19,2,2,4,1,2,1,0,1,0,0,0,0,4.58409E+20,5.48062E+21,8.42587E+15,4.94768E+16
60942,60943,7,3,31,56,2016,12,2,1,3,9,1,2,1,0,0,0,1,0,0,4.34129E+20,5.52611E+21,8.08307E+15,4.98838E+16
60943,60944,9,4,72,175,2016,1,12,6,3,9,1,0,1,0,1,0,0,0,0,6.80761E+20,5.51135E+21,1.15082E+16,4.97275E+16
60944,60945,9,4,72,197,2016,1,16,7,3,8,1,0,0,0,0,0,1,0,0,6.64974E+20,5.52341E+21,1.12945E+16,4.98404E+16
60945,60946,7,1,32,37,2016,12,19,4,3,4,6,2,1,0,0,0,0,1,0,4.12715E+20,5.63572E+21,7.75962E+15,5.08666E+16
60946,60947,9,1,78,120,2016,1,8,2,3,0,6,0,2,0,1,0,0,0,0,6.91579E+20,5.35266E+21,1.15833E+16,4.82981E+16
60947,60948,7,3,19,0,2016,12,21,4,3,2,6,2,0,0,1,0,0,0,0,4.54813E+20,5.49746E+21,8.37431E+15,4.9628E+16
60948,60949,7,2,35,83,2016,12,14,3,3,3,6,0,1,0,1,0,0,0,1,3.43304E+20,5.51692E+21,6.82319E+15,4.97843E+16
60949,60950,9,1,82,116,2016,1,14,2,3,5,2,0,0,0,1,0,0,0,1,7.05082E+20,5.29328E+21,1.17367E+16,4.77602E+16
60950,60951,7,1,11,0,2016,12,17,3,3,9,1,2,0,0,1,0,0,0,0,3.97601E+20,5.58243E+21,7.55963E+15,5.0385E+16
60951,60952,7,3,16,0,2016,12,16,1,3,5,3,0,0,0,1,0,0,0,0,4.38413E+20,5.46752E+21,8.1519E+15,4.93573E+16
60952,60953,9,2,77,124,2016,1,12,1,3,8,6,0,2,0,1,0,0,0,0,7.81866E+20,5.36949E+21,1.28096E+16,4.84155E+16
60953,60954,9,5,71,190,2016,1,17,7,3,0,6,2,1,0,1,0,0,0,0,6.27509E+20,5.46521E+21,1.07548E+16,4.93263E+16
60954,60955,7,1,37,101,2016,12,18,4,3,9,1,2,0,0,1,0,0,0,0,3.78581E+20,5.57861E+21,7.29343E+15,5.0347E+16
60955,60956,7,3,19,0,2016,12,18,7,3,5,2,2,0,0,1,0,0,0,0,4.5407E+20,5.4973E+21,8.36404E+15,4.96265E+16
60956,60957,7,3,40,7,2016,12,11,5,3,2,6,0,1,0,1,0,0,0,0,4.01819E+20,5.45763E+21,7.65053E+15,4.92636E+16
60957,60958,9,7,74,174,2016,1,12,7,2,8,1,0,1,0,1,0,0,0,0,6.01581E+20,5.36891E+21,1.03742E+16,4.84651E+16
60958,60959,9,1,62,0,2016,1,3,6,3,6,4,2,1,0,1,1,0,0,0,7.00587E+20,5.33265E+21,1.16951E+16,4.81155E+16
60959,60960,7,1,38,74,2016,12,23,2,2,9,1,2,0,0,1,0,0,0,0,4.00135E+20,5.60164E+21,7.59012E+15,5.05582E+16
60960,60961,7,3,37,68,2016,12,5,2,3,0,1,2,1,0,0,0,1,0,0,4.40827E+20,5.44393E+21,8.18862E+15,4.91453E+16
60961,60962,9,2,63,0,2016,1,14,2,3,3,5,0,2,0,1,0,0,0,0,7.63083E+20,5.42066E+21,1.25888E+16,4.8883E+16
60962,60963,7,1,37,227,2016,12,15,6,2,6,6,0,0,0,1,1,0,0,0,3.95981E+20,5.57006E+21,7.54025E+15,5.02735E+16
60963,60964,9,6,73,135,2016,1,20,1,3,9,1,2,2,0,1,0,0,0,0,5.83303E+20,5.57551E+21,1.01703E+16,5.03258E+16
60964,60965,7,1,32,76,2016,12,8,7,3,5,3,0,1,0,1,0,0,0,0,4.2124E+20,5.63459E+21,7.88099E+15,5.08576E+16
60965,60966,9,2,61,0,2016,1,14,6,3,9,1,0,1,0,1,0,0,0,0,7.31261E+20,5.38476E+21,1.21353E+16,4.85732E+16
60966,60967,9,2,76,138,2016,1,15,7,3,9,6,0,1,0,1,0,0,0,0,8.07152E+20,5.43425E+21,1.31986E+16,4.89847E+16
60967,60968,7,1,37,68,2016,12,17,4,3,5,3,2,0,0,1,0,0,0,0,3.73214E+20,5.57673E+21,7.21866E+15,5.0329E+16
60968,60969,7,2,33,29,2016,12,18,6,3,9,1,2,1,0,1,0,0,0,0,3.32069E+20,5.57526E+21,6.64169E+15,5.03055E+16
60969,60970,7,3,15,0,2016,12,12,5,3,2,6,0,1,0,1,0,0,0,0,4.43496E+20,5.54187E+21,8.21114E+15,5.00264E+16
60970,60971,9,6,74,164,2016,1,19,7,3,8,1,2,2,0,1,0,0,0,0,6.17793E+20,5.54825E+21,1.06462E+16,5.00749E+16
60971,60972,7,3,34,28,2016,12,19,5,2,3,6,2,0,0,1,0,0,0,0,4.51654E+20,5.45716E+21,8.33548E+15,4.92653E+16
60972,60973,7,3,14,0,2016,12,22,6,3,8,1,2,1,0,0,0,1,0,0,4.59557E+20,5.47648E+21,8.44214E+15,4.94396E+16
60973,60974,7,3,35,22,2016,12,16,5,3,2,6,1,1,0,1,0,0,0,0,4.05165E+20,5.47176E+21,7.69314E+15,4.93911E+16
60974,60975,9,7,71,156,2016,1,23,7,3,8,1,2,2,0,1,0,0,0,0,6.55654E+20,5.38058E+21,1.11096E+16,4.8559E+16
60975,60976,7,3,18,0,2016,12,15,2,2,2,6,0,0,0,1,0,0,0,0,4.60242E+20,5.4628E+21,8.45295E+15,4.93166E+16
60976,60977,9,2,78,141,2016,1,14,2,3,8,7,0,1,0,1,0,0,0,0,7.59277E+20,5.43094E+21,1.25435E+16,4.89769E+16
60977,60978,9,5,73,127,2016,1,0,1,3,8,1,2,2,0,1,0,0,0,0,6.46453E+20,5.47575E+21,1.10193E+16,4.94168E+16
60978,60979,9,3,74,168,2016,1,16,2,2,0,1,2,2,0,1,0,0,0,0,7.28889E+20,5.52134E+21,1.21809E+16,4.98008E+16
60979,60980,9,2,74,128,2016,1,5,1,3,9,1,2,2,0,1,0,0,0,0,7.3707E+20,5.38939E+21,1.22166E+16,4.86126E+16
60980,60981,7,3,20,0,2016,12,13,6,3,5,2,0,1,0,1,0,0,0,0,3.81852E+20,5.45949E+21,7.37564E+15,4.92768E+16
60981,60982,9,1,84,121,2016,1,19,6,1,9,7,2,1,0,1,0,0,0,0,7.04713E+20,5.33075E+21,1.17496E+16,4.80971E+16
60982,60983,9,1,90,153,2016,1,12,7,2,4,1,0,1,0,1,0,0,0,0,6.76986E+20,5.28884E+21,1.13603E+16,4.77287E+16
60983,60984,7,2,32,296,2016,12,12,5,2,3,1,0,1,0,1,0,0,0,0,3.1363E+20,5.5613E+21,6.38988E+15,5.01746E+16
60984,60985,9,5,76,128,2016,1,10,7,3,3,6,0,0,0,1,0,0,0,0,6.45335E+20,5.46386E+21,1.09995E+16,4.93102E+16
60985,60986,7,1,33,6,2016,12,19,5,3,6,2,2,1,0,1,1,0,0,0,4.19238E+20,5.52108E+21,7.87688E+15,4.98367E+16
60986,60987,7,1,43,32,2016,12,18,5,3,5,3,2,0,0,1,0,0,0,0,4.05624E+20,5.5883E+21,7.67096E+15,5.04391E+16
60987,60988,7,3,14,0,2016,12,18,2,3,0,1,2,0,1,0,0,0,0,0,4.54704E+20,5.48251E+21,8.37451E+15,4.94935E+16
60988,60989,7,3,36,16,2016,12,21,3,3,8,7,2,1,0,1,0,0,0,0,3.79385E+20,5.47676E+21,7.33651E+15,4.94315E+16
60989,60990,9,2,79,112,2016,1,6,2,3,2,6,2,2,0,1,0,0,1,0,7.54683E+20,5.39331E+21,1.24575E+16,4.86409E+16
60990,60991,7,1,34,64,2016,12,17,3,2,7,6,2,0,0,1,1,0,0,0,3.80073E+20,5.51863E+21,7.3332E+15,4.98081E+16
60991,60992,7,1,34,45,2016,12,13,2,3,8,1,0,1,0,1,0,0,0,0,3.78006E+20,5.50856E+21,7.30764E+15,4.97172E+16
60992,60993,9,3,73,160,2016,1,9,1,3,9,7,0,2,0,1,0,0,0,0,6.94329E+20,5.44562E+21,1.16641E+16,4.91326E+16
60993,60994,9,3,76,141,2016,1,11,2,3,8,6,0,2,0,1,0,0,1,0,7.276E+20,5.45225E+21,1.21233E+16,4.91808E+16
60994,60995,7,3,14,0,2016,12,7,2,3,3,6,0,0,0,1,0,0,0,0,4.58013E+20,5.47787E+21,8.4207E+15,4.9452E+16
60995,60996,7,1,43,235,2016,12,18,4,3,3,6,2,0,0,0,0,1,0,1,4.14649E+20,5.61192E+21,7.79261E+15,5.06529E+16
60996,60997,9,2,79,132,2016,1,8,2,3,9,1,0,2,0,1,0,0,0,0,7.68301E+20,5.39916E+21,1.26458E+16,4.86877E+16
60997,60998,9,4,72,116,2016,1,18,1,3,3,6,2,0,0,1,0,0,0,0,6.86538E+20,5.5441E+21,1.16041E+16,5.002E+16
60998,60999,9,3,75,117,2016,1,9,2,3,5,3,0,2,0,1,0,0,0,0,7.3669E+20,5.43306E+21,1.22366E+16,4.9005E+16
60999,61000,9,1,72,134,2016,1,3,1,2,8,1,2,2,0,1,0,0,0,0,7.87273E+20,5.30453E+21,1.28388E+16,4.78299E+16
61000,61001,7,3,31,67,2016,12,15,6,3,5,2,0,1,0,1,0,0,0,1,4.34591E+20,5.50832E+21,8.0925E+15,4.97238E+16
61001,61002,9,1,89,114,2016,1,13,7,1,5,3,0,1,0,1,0,0,0,0,7.63096E+20,5.31503E+21,1.25227E+16,4.79345E+16
61002,61003,7,1,43,32,2016,12,15,5,3,2,6,1,1,0,1,0,0,0,0,4.0528E+20,5.58862E+21,7.66605E+15,5.0442E+16
61003,61004,7,1,33,109,2016,12,18,2,3,5,3,2,0,0,1,0,0,0,0,4.10893E+20,5.52719E+21,7.75946E+15,4.98905E+16
61004,61005,7,1,37,69,2016,12,0,6,3,9,1,2,2,0,1,0,0,0,0,4.43127E+20,5.53379E+21,8.20718E+15,4.99537E+16
61005,61006,7,2,32,18,2016,12,10,5,3,1,7,0,1,0,1,0,0,0,1,3.25805E+20,5.54158E+21,6.56921E+15,5.0001E+16
61006,61007,7,3,35,38,2016,12,6,4,3,0,1,2,2,0,1,0,0,0,0,3.95305E+20,5.4772E+21,7.55587E+15,4.94385E+16
61007,61008,7,3,31,70,2016,12,7,2,3,9,7,2,1,0,1,0,0,0,0,4.25157E+20,5.51203E+21,7.96092E+15,4.97561E+16
61008,61009,7,1,33,64,2016,12,14,3,2,8,1,0,1,0,0,0,1,0,0,3.9984E+20,5.51524E+21,7.6087E+15,4.97812E+16
61009,61010,9,1,89,120,2016,1,17,2,3,1,3,2,1,1,1,0,0,0,0,7.5863E+20,5.29747E+21,1.24526E+16,4.77786E+16
61010,61011,9,1,74,136,2016,1,10,2,2,0,1,0,2,0,0,0,0,0,1,6.83922E+20,5.36294E+21,1.14846E+16,4.83927E+16
61011,61012,7,1,40,67,2016,12,9,3,3,8,1,0,1,0,1,0,0,0,0,3.88318E+20,5.53456E+21,7.44314E+15,4.99529E+16
61012,61013,7,1,11,0,2016,12,13,2,3,8,1,0,1,0,1,0,0,0,0,3.93281E+20,5.57839E+21,7.50003E+15,5.03479E+16
61013,61014,9,2,71,113,2016,1,9,1,1,4,6,0,1,0,1,0,0,0,0,8.01663E+20,5.41422E+21,1.3109E+16,4.88076E+16
61014,61015,7,1,37,55,2016,12,16,4,3,2,6,0,0,0,1,0,0,1,0,3.75953E+20,5.57652E+21,7.2572E+15,5.03277E+16
61015,61016,7,3,32,21,2016,12,13,7,3,9,1,0,0,0,1,0,0,0,0,4.47617E+20,5.48937E+21,8.27574E+15,4.95546E+16
61016,61017,7,1,31,77,2016,12,11,6,3,9,6,0,1,0,1,0,0,0,1,3.76732E+20,5.60045E+21,7.26027E+15,5.0543E+16
61017,61018,9,1,77,131,2016,1,9,1,3,8,1,0,2,0,1,0,0,0,0,7.12721E+20,5.34551E+21,1.18644E+16,4.82271E+16
61018,61019,9,1,76,161,2016,1,19,7,3,4,6,2,2,0,1,0,0,0,0,6.80459E+20,5.41304E+21,1.14597E+16,4.88441E+16
61019,61020,7,3,17,0,2016,12,14,4,3,2,6,0,1,0,1,0,0,0,1,3.97594E+20,5.4529E+21,7.59367E+15,4.92203E+16
61020,61021,7,1,38,19,2016,12,19,2,3,0,7,2,0,0,1,0,0,0,0,3.75748E+20,5.60467E+21,7.24498E+15,5.05807E+16
61021,61022,9,5,75,165,2016,1,7,6,3,8,1,0,2,0,1,0,0,0,0,6.03941E+20,5.49837E+21,1.04393E+16,4.9629E+16
61022,61023,9,6,79,170,2016,1,8,2,3,8,1,1,2,0,1,0,0,0,0,5.76808E+20,5.49873E+21,1.00637E+16,4.96362E+16
61023,61024,9,6,72,114,2016,1,18,5,3,6,4,2,1,0,1,1,0,0,0,5.75884E+20,5.56043E+21,1.00631E+16,5.01912E+16
61024,61025,9,7,61,0,2016,1,16,4,3,0,1,0,1,1,0,0,0,0,0,6.41354E+20,5.35556E+21,1.09075E+16,4.83374E+16
61025,61026,9,7,72,125,2016,1,19,3,3,5,3,2,1,0,1,0,0,0,0,6.36755E+20,5.34648E+21,1.08425E+16,4.82568E+16
61026,61027,9,5,71,136,2016,1,16,3,3,5,3,2,1,0,1,0,0,1,0,5.96806E+20,5.43651E+21,1.03255E+16,4.90739E+16
61027,61028,9,1,88,132,2016,1,9,6,3,8,1,0,1,0,1,0,0,0,0,6.68072E+20,5.32029E+21,1.12538E+16,4.80138E+16
61028,61029,9,5,76,126,2016,1,21,2,2,9,7,2,0,0,1,0,0,0,0,6.5595E+20,5.44423E+21,1.11378E+16,4.91311E+16
61029,61030,9,2,72,138,2016,1,12,3,3,8,1,0,1,0,1,0,0,0,0,8.23967E+20,5.41026E+21,1.34088E+16,4.87609E+16
61030,61031,9,1,84,141,2016,1,16,2,3,9,1,2,1,0,1,0,0,0,0,6.92788E+20,5.31449E+21,1.15823E+16,4.79547E+16
61031,61032,9,4,75,127,2016,1,18,6,2,9,1,1,1,0,1,0,0,0,0,7.11276E+20,5.58227E+21,1.19702E+16,5.03545E+16
61032,61033,9,1,84,114,2016,1,21,6,3,9,1,2,1,0,1,0,0,0,0,6.99959E+20,5.31881E+21,1.16802E+16,4.79913E+16
61033,61034,9,3,76,141,2016,1,8,6,3,9,6,0,1,0,1,0,0,0,0,7.276E+20,5.45225E+21,1.21233E+16,4.91808E+16
61034,61035,9,6,78,123,2016,1,7,2,3,9,1,0,2,0,1,0,0,0,0,5.86586E+20,5.54947E+21,1.02105E+16,5.00912E+16
61035,61036,9,4,73,141,2016,1,18,5,3,1,7,2,1,0,1,0,0,0,0,6.40851E+20,5.57391E+21,1.09778E+16,5.03005E+16
61036,61037,9,5,61,0,2016,1,15,5,3,2,6,0,1,0,1,0,0,0,0,6.16423E+20,5.46133E+21,1.06012E+16,4.92936E+16
61037,61038,9,6,63,0,2016,1,18,3,3,9,7,2,1,0,1,0,0,0,0,5.67314E+20,5.50963E+21,9.93415E+15,4.97354E+16
61038,61039,9,1,84,149,2016,1,12,5,2,9,7,0,0,0,1,0,0,0,0,6.91276E+20,5.35228E+21,1.1579E+16,4.82947E+16
61039,61040,9,4,78,116,2016,1,23,3,3,9,1,2,1,0,1,0,0,0,0,6.66286E+20,5.55468E+21,1.13262E+16,5.0121E+16
61040,61041,9,1,74,115,2016,1,8,6,3,0,1,0,2,1,0,0,0,0,0,6.83376E+20,5.34769E+21,1.14706E+16,4.82559E+16
61041,61042,9,5,72,143,2016,1,18,6,3,5,3,2,0,0,0,0,1,1,1,6.27427E+20,5.51251E+21,1.0769E+16,4.97516E+16
61042,61043,9,5,76,127,2016,1,14,2,3,2,6,0,1,0,1,0,0,0,0,6.59466E+20,5.45129E+21,1.11888E+16,4.91937E+16
61043,61044,9,2,79,125,2016,1,17,3,3,5,3,2,1,0,1,0,0,1,0,7.64246E+20,5.39678E+21,1.25893E+16,4.86681E+16
61044,61045,9,7,63,0,2016,1,20,2,3,4,2,2,0,0,1,0,0,0,0,5.98412E+20,5.28787E+21,1.03126E+16,4.77367E+16
61045,61046,9,1,76,160,2016,1,9,6,3,2,6,0,1,0,1,0,0,0,0,6.57084E+20,5.42039E+21,1.11441E+16,4.89165E+16
61046,61047,9,2,75,152,2016,1,15,6,3,4,2,0,1,0,1,0,0,0,0,8.2129E+20,5.40677E+21,1.33697E+16,4.8731E+16
61047,61048,9,4,72,199,2016,1,17,5,3,5,3,1,0,0,1,0,0,0,0,6.92823E+20,5.53871E+21,1.1689E+16,4.99695E+16
61048,61049,9,6,61,0,2016,1,19,4,3,2,2,2,1,0,1,0,0,0,0,5.1108E+20,5.53577E+21,9.15452E+15,4.99742E+16
61049,61050,9,7,73,183,2016,1,23,5,3,8,1,2,2,0,1,0,0,0,0,6.0133E+20,5.38719E+21,1.03752E+16,4.86296E+16
61050,61051,9,1,75,122,2016,1,6,6,2,9,1,2,1,0,1,0,0,0,0,7.18709E+20,5.32429E+21,1.1934E+16,4.80344E+16
61051,61052,9,5,64,0,2016,1,18,6,3,5,2,2,1,0,1,0,0,0,0,6.5406E+20,5.47387E+21,1.11233E+16,4.9398E+16
61052,61053,9,7,72,223,2016,1,8,2,3,5,1,0,1,0,0,0,0,1,1,6.1851E+20,5.36265E+21,1.06013E+16,4.84059E+16
61053,61054,9,7,76,116,2016,1,12,5,3,4,2,0,0,0,1,0,0,0,0,5.5086E+20,5.26972E+21,9.67633E+15,4.75789E+16
61054,61055,9,1,78,124,2016,1,9,6,3,0,1,0,2,1,0,0,0,0,0,7.02033E+20,5.3642E+21,1.17296E+16,4.83986E+16
61055,61056,9,5,76,148,2016,1,7,6,3,9,1,0,1,0,1,0,0,0,0,6.61546E+20,5.44603E+21,1.12152E+16,4.91458E+16
61056,61057,9,1,84,147,2016,1,17,3,3,2,6,2,1,0,1,0,0,0,0,6.98591E+20,5.3418E+21,1.16726E+16,4.81983E+16
61057,61058,9,6,72,135,2016,1,12,2,3,8,1,0,2,0,1,0,0,0,0,5.85131E+20,5.56852E+21,1.01944E+16,5.02627E+16
61058,61059,9,1,81,130,2016,1,8,6,3,9,1,0,2,0,1,0,0,0,0,6.40276E+20,5.3247E+21,1.08827E+16,4.80602E+16
61059,61060,9,3,72,153,2016,1,11,5,3,2,2,0,1,0,1,0,0,0,0,7.53667E+20,5.45637E+21,1.24829E+16,4.92075E+16
61060,61061,9,1,82,129,2016,1,15,5,3,6,7,0,0,0,1,1,0,0,0,7.078E+20,5.28544E+21,1.17692E+16,4.7689E+16
61061,61062,9,4,74,126,2016,1,0,4,3,5,2,2,1,0,1,0,0,0,0,6.4907E+20,5.50942E+21,1.10681E+16,4.97188E+16
61062,61063,9,7,61,0,2016,1,11,5,3,1,6,0,1,0,1,0,0,0,1,6.36896E+20,5.35957E+21,1.08486E+16,4.83745E+16
61063,61064,9,5,77,173,2016,1,16,6,3,5,3,1,1,0,1,0,1,0,0,6.38205E+20,5.42819E+21,1.08892E+16,4.89911E+16
61064,61065,9,7,71,169,2016,1,10,2,3,8,1,0,2,0,1,0,0,0,0,6.39318E+20,5.37415E+21,1.08862E+16,4.8505E+16
61065,61066,9,6,79,202,2016,1,12,5,3,0,7,0,0,1,0,0,0,0,0,5.63422E+20,5.5196E+21,9.88177E+15,4.98255E+16
61066,61067,9,1,89,155,2016,1,7,5,2,6,3,1,1,0,1,1,0,0,0,7.71952E+20,5.30917E+21,1.26374E+16,4.78782E+16
61067,61068,9,7,75,149,2016,1,5,4,3,8,1,2,1,0,1,0,0,0,0,5.93628E+20,5.34633E+21,1.02616E+16,4.82632E+16
61068,61069,9,1,61,0,2016,1,22,4,3,4,1,2,2,0,1,0,0,0,0,6.79512E+20,5.39985E+21,1.1441E+16,4.87258E+16
61069,61070,9,7,77,175,2016,1,23,3,3,8,1,2,1,0,1,0,0,0,0,6.12345E+20,5.29216E+21,1.04995E+16,4.7773E+16
61070,61071,9,5,77,173,2016,1,10,3,3,5,3,0,1,0,1,0,0,0,0,6.39311E+20,5.42973E+21,1.09049E+16,4.90047E+16
61071,61072,9,1,73,123,2016,1,17,5,3,4,6,2,1,0,1,0,0,0,0,6.79975E+20,5.30547E+21,1.14071E+16,4.78773E+16
61072,61073,9,1,79,126,2016,1,18,5,3,4,1,2,1,0,1,0,0,0,0,6.77358E+20,5.33959E+21,1.13862E+16,4.81847E+16
61073,61074,9,1,90,111,2016,1,10,4,3,5,3,0,0,0,1,0,0,0,0,6.40725E+20,5.2987E+21,1.08802E+16,4.78262E+16
61074,61075,9,7,75,149,2016,1,9,3,2,9,1,0,1,0,1,0,0,0,0,5.95082E+20,5.34541E+21,1.0281E+16,4.82547E+16
61075,61076,9,6,76,165,2016,1,5,3,3,8,1,2,1,0,1,0,0,0,0,5.15282E+20,5.50125E+21,9.21177E+15,4.96636E+16
61076,61077,9,1,62,0,2016,1,14,3,3,2,6,0,1,0,1,0,0,0,0,6.94223E+20,5.34037E+21,1.16132E+16,4.81869E+16
61077,61078,9,5,71,145,2016,1,12,6,2,9,1,0,0,0,0,0,1,0,0,5.96665E+20,5.44527E+21,1.03257E+16,4.91526E+16
61078,61079,9,6,75,142,2016,1,8,2,3,8,1,0,1,0,1,0,0,0,0,5.9172E+20,5.51294E+21,1.02735E+16,4.97619E+16
61079,61080,9,4,77,157,2016,1,7,6,3,9,1,2,2,0,1,0,0,0,0,6.71779E+20,5.54069E+21,1.13967E+16,4.99938E+16
61080,61081,9,5,64,0,2016,1,16,5,3,2,6,0,0,0,1,0,0,0,0,6.48644E+20,5.481E+21,1.10514E+16,4.94635E+16
61081,61082,9,6,61,0,2016,1,1,4,3,5,7,2,1,0,1,0,0,0,0,5.09277E+20,5.5364E+21,9.12939E+15,4.99799E+16
61082,61083,9,7,61,0,2016,1,10,3,3,2,3,0,1,0,1,0,0,0,0,6.41759E+20,5.35976E+21,1.09143E+16,4.8375E+16
61083,61084,9,4,75,175,2016,1,0,3,3,8,1,2,2,0,1,0,0,0,0,6.9595E+20,5.55731E+21,1.17421E+16,5.01356E+16
61084,61085,9,1,79,123,2016,1,18,6,2,6,7,2,1,0,1,1,0,0,0,6.75851E+20,5.33352E+21,1.13634E+16,4.81306E+16
61085,61086,9,5,74,117,2016,1,9,2,3,4,1,0,2,0,1,0,0,1,0,6.68389E+20,5.46973E+21,1.13189E+16,4.9357E+16
61086,61087,9,2,74,183,2016,1,18,3,2,4,6,2,1,0,1,0,0,0,0,7.45067E+20,5.36576E+21,1.2311E+16,4.83973E+16
61087,61088,9,7,74,185,2016,1,6,2,3,1,1,1,1,0,1,0,0,0,0,6.08844E+20,5.34922E+21,1.04673E+16,4.82869E+16
61088,61089,9,1,82,127,2016,1,7,6,3,8,1,0,2,0,1,0,0,0,0,6.98245E+20,5.31152E+21,1.16539E+16,4.79263E+16
61089,61090,9,3,71,151,2016,1,10,6,3,6,2,0,0,0,1,1,0,0,0,6.98656E+20,5.48646E+21,1.17436E+16,4.94982E+16
61090,61091,9,6,72,149,2016,1,11,2,2,5,3,0,2,0,1,0,0,0,0,5.60501E+20,5.56897E+21,9.84896E+15,5.02698E+16
61091,61092,9,5,64,0,2016,1,18,2,3,6,3,2,0,0,0,1,0,0,1,6.55146E+20,5.48112E+21,1.11411E+16,4.94629E+16
61092,61093,9,2,71,125,2016,1,16,3,3,4,2,2,0,0,1,0,0,0,0,7.96923E+20,5.40997E+21,1.30415E+16,4.87718E+16
61093,61094,9,1,84,136,2016,1,16,2,3,5,3,0,1,0,1,0,0,0,0,6.97554E+20,5.32669E+21,1.16517E+16,4.80629E+16
61094,61095,9,5,75,133,2016,1,8,6,3,8,1,0,1,0,1,0,0,0,0,6.04136E+20,5.47943E+21,1.0437E+16,4.94586E+16
61095,61096,9,1,83,148,2016,1,5,6,3,8,1,2,1,0,1,0,0,0,0,7.56269E+20,5.34598E+21,1.24501E+16,4.82153E+16
61096,61097,9,6,72,112,2016,1,13,2,3,9,1,0,2,0,1,0,0,0,0,5.78409E+20,5.57197E+21,1.01008E+16,5.02947E+16