FID,OBJECTID,ULAND,UREGBEZ,UKREIS,UGEMEINDE,UJAHR,UMONAT,USTUNDE,UWOCHENTAG,UKATEGORIE,UART,UTYP1,ULICHTVERH,IstStrasse,IstRad,IstPKW,IstFuss,IstKrad,IstGkfz,IstSonstig,LINREFX,LINREFY,XGCSWGS84,YGCSWGS84
61097,61098,9,3,75,143,2016,1,12,6,2,1,6,0,0,0,1,0,0,0,0,7.35479E+20,5.41979E+21,1.22124E+16,4.88863E+16
61098,61099,9,6,71,157,2016,1,2,2,3,7,1,2,1,0,0,0,0,1,0,5.29982E+20,5.52612E+21,9.41737E+15,4.98868E+16
61099,61100,9,5,71,145,2016,1,11,5,3,5,3,0,0,1,1,0,0,0,0,5.96739E+20,5.44659E+21,1.0327E+16,4.91645E+16
61100,61101,9,6,72,117,2016,1,5,3,2,8,7,2,2,0,1,0,0,0,0,5.71529E+20,5.56758E+21,1.00034E+16,5.0256E+16
61101,61102,9,7,74,135,2016,1,16,5,3,0,3,2,1,0,1,0,1,0,0,5.9398E+20,5.36581E+21,1.02707E+16,4.84384E+16
61102,61103,9,4,61,0,2016,1,19,3,3,2,6,2,0,0,1,0,0,0,0,6.38577E+20,5.52687E+21,1.09288E+16,4.98782E+16
61103,61104,9,1,75,139,2016,1,9,6,3,8,1,0,1,0,1,0,0,0,0,7.11194E+20,5.32818E+21,1.18352E+16,4.80719E+16
61104,61105,9,5,72,137,2016,1,8,6,3,0,1,0,2,1,0,0,0,0,0,6.55991E+20,5.49165E+21,1.11569E+16,4.95573E+16
61105,61106,9,5,75,144,2016,1,8,2,3,8,1,0,2,0,1,0,0,0,0,6.02949E+20,5.50086E+21,1.04262E+16,4.96515E+16
61106,61107,9,1,84,141,2016,1,13,3,3,9,1,0,1,0,1,0,0,0,0,7.00258E+20,5.31749E+21,1.16836E+16,4.79793E+16
61107,61108,9,7,79,176,2016,1,7,2,3,9,1,0,2,0,1,0,0,0,0,6.09347E+20,5.41956E+21,1.04926E+16,4.89193E+16
61108,61109,9,6,62,0,2016,1,9,2,3,1,6,0,2,0,1,0,0,0,0,5.86237E+20,5.54484E+21,1.02046E+16,5.00496E+16
61109,61110,9,1,79,142,2016,1,15,6,3,2,6,0,0,0,1,0,0,0,0,6.72719E+20,5.34092E+21,1.13244E+16,4.8198E+16
61110,61111,9,2,73,115,2016,1,8,6,3,9,1,0,2,0,1,0,0,0,0,7.11015E+20,5.39153E+21,1.18646E+16,4.86412E+16
61111,61112,9,4,61,0,2016,1,15,5,3,5,3,0,0,0,1,0,0,0,0,6.3782E+20,5.53012E+21,1.09194E+16,4.99076E+16
61112,61113,9,5,77,177,2016,1,18,4,3,9,1,1,0,0,0,0,1,0,0,6.46624E+20,5.4313E+21,1.10054E+16,4.90171E+16
61113,61114,9,7,62,0,2016,1,20,5,3,3,2,1,0,1,1,0,0,0,0,6.21726E+20,5.30442E+21,1.06281E+16,4.78816E+16
61114,61115,9,1,78,156,2016,1,4,6,3,9,7,2,2,0,1,0,0,0,0,6.98785E+20,5.37484E+21,1.16908E+16,4.84952E+16
61115,61116,9,5,76,151,2016,1,7,6,3,8,1,0,1,0,1,0,0,0,0,6.5503E+20,5.46895E+21,1.11348E+16,4.93535E+16
61116,61117,9,2,75,138,2016,1,0,5,3,8,1,2,2,0,1,0,0,0,0,8.09296E+20,5.39073E+21,1.31951E+16,4.85931E+16
61117,61118,9,1,81,130,2016,1,17,5,3,4,2,2,1,0,1,0,0,0,0,6.42254E+20,5.32457E+21,1.09092E+16,4.80585E+16
61118,61119,9,2,71,140,2016,1,10,4,3,8,1,0,1,0,1,0,0,0,0,7.818E+20,5.41987E+21,1.2843E+16,4.88676E+16
61119,61120,9,5,75,129,2016,1,7,6,3,9,1,0,2,0,1,0,0,0,0,6.26689E+20,5.48859E+21,1.0751E+16,4.95367E+16
61120,61121,9,6,79,185,2016,1,8,2,3,8,1,0,2,0,1,0,0,0,0,5.73238E+20,5.51518E+21,1.00174E+16,4.97846E+16
61121,61122,9,7,72,111,2016,1,14,5,3,3,7,0,0,0,1,0,0,1,0,6.2787E+20,5.36406E+21,1.07282E+16,4.84167E+16
61122,61123,9,5,73,114,2016,1,11,6,3,2,2,0,1,0,1,0,0,0,0,6.36498E+20,5.47983E+21,1.08835E+16,4.94558E+16
61123,61124,9,7,71,130,2016,1,6,2,2,4,1,2,2,0,1,0,0,0,1,6.50965E+20,5.35635E+21,1.10373E+16,4.83423E+16
61124,61125,9,7,61,0,2016,1,12,5,3,2,2,0,0,0,1,0,0,0,0,6.44815E+20,5.35642E+21,1.09544E+16,4.83443E+16
61125,61126,9,1,73,112,2016,1,17,5,3,5,3,2,1,1,1,0,0,0,0,6.9204E+20,5.29357E+21,1.1563E+16,4.77669E+16
61126,61127,9,1,74,115,2016,1,17,5,2,6,2,2,1,0,1,1,0,0,0,6.81213E+20,5.34719E+21,1.14413E+16,4.8252E+16
61127,61128,9,1,71,111,2016,1,12,4,3,4,2,0,1,0,1,0,0,0,0,7.73923E+20,5.34876E+21,1.2689E+16,4.82328E+16
61128,61129,9,7,63,0,2016,1,18,3,3,2,6,2,0,0,1,0,0,0,0,5.98354E+20,5.28607E+21,1.03114E+16,4.77205E+16
61129,61130,9,5,62,0,2016,1,15,3,3,0,7,0,1,0,0,1,0,0,1,6.44837E+20,5.49543E+21,1.10042E+16,4.95941E+16
61130,61131,9,5,71,136,2016,1,8,2,3,0,6,0,2,0,1,0,0,0,0,5.9071E+20,5.43894E+21,1.02426E+16,4.90966E+16
61131,61132,9,3,62,0,2016,1,6,3,3,9,1,2,2,0,1,0,0,0,0,7.30196E+20,5.43197E+21,1.21473E+16,4.89976E+16
61132,61133,9,1,75,124,2016,1,11,3,3,2,6,0,0,0,1,0,0,0,0,7.13947E+20,5.32925E+21,1.18727E+16,4.80805E+16
61133,61134,9,5,71,136,2016,1,13,6,3,6,4,0,0,0,1,1,0,0,0,5.97142E+20,5.43644E+21,1.03301E+16,4.90731E+16
61134,61135,9,1,80,134,2016,1,7,6,2,9,1,0,2,0,1,0,0,0,0,6.57057E+20,5.28631E+21,1.10938E+16,4.77111E+16
61135,61136,9,6,72,140,2016,1,7,2,3,8,1,2,2,0,0,0,0,0,1,5.83481E+20,5.55614E+21,1.01685E+16,5.01516E+16
61136,61137,9,4,61,0,2016,1,20,6,3,4,7,2,0,1,1,0,0,0,0,6.38004E+20,5.52868E+21,1.09215E+16,4.98946E+16
61137,61138,9,5,65,0,2016,1,6,2,3,8,1,2,2,0,1,0,0,0,0,6.49865E+20,5.46655E+21,1.10628E+16,4.93332E+16
61138,61139,9,5,64,0,2016,1,7,5,3,3,6,0,0,0,1,0,0,0,0,6.53922E+20,5.47403E+21,1.11215E+16,4.93995E+16
61139,61140,9,6,77,148,2016,1,6,5,3,9,7,2,1,0,1,0,0,0,0,5.5609E+20,5.53249E+21,9.78172E+15,4.99422E+16
61140,61141,9,1,87,164,2016,1,13,5,3,4,2,0,1,0,1,0,0,0,0,7.35466E+20,5.32108E+21,1.21567E+16,4.79996E+16
61141,61142,9,7,74,144,2016,1,10,4,2,5,3,0,1,0,1,0,0,0,0,6.05679E+20,5.35908E+21,1.04271E+16,4.83761E+16
61142,61143,9,1,88,144,2016,1,23,4,3,9,1,2,1,0,1,0,0,0,0,6.67172E+20,5.32908E+21,1.12451E+16,4.8093E+16
61143,61144,9,7,72,184,2016,1,15,3,3,4,2,0,0,0,1,0,0,0,0,6.3312E+20,5.35891E+21,1.07975E+16,4.83694E+16
61144,61145,9,5,71,179,2016,1,17,3,3,2,6,1,0,0,1,0,0,0,0,5.99499E+20,5.43061E+21,1.03609E+16,4.90203E+16
61145,61146,9,1,81,130,2016,1,14,6,3,2,6,0,0,0,1,0,0,0,0,6.39151E+20,5.32274E+21,1.0867E+16,4.80428E+16
61146,61147,9,4,75,181,2016,1,23,2,2,9,1,2,2,0,1,0,0,0,0,7.03842E+20,5.58695E+21,1.18683E+16,5.03992E+16
61147,61148,9,2,72,139,2016,1,16,3,3,4,1,1,2,0,1,0,0,0,0,8.41319E+20,5.42494E+21,1.36563E+16,4.88833E+16
61148,61149,9,1,84,135,2016,1,14,2,3,4,1,0,1,0,1,0,0,1,0,6.86941E+20,5.34749E+21,1.15185E+16,4.8253E+16
61149,61150,9,5,71,130,2016,1,7,6,3,8,1,0,2,0,1,0,0,0,0,6.00257E+20,5.47208E+21,1.03816E+16,4.93931E+16
61150,61151,9,1,83,128,2016,1,9,6,3,4,2,0,0,0,1,0,0,0,0,7.62546E+20,5.3487E+21,1.25361E+16,4.82371E+16
61151,61152,9,3,72,164,2016,1,17,6,3,9,7,2,1,0,1,0,0,0,0,7.66316E+20,5.44737E+21,1.26503E+16,4.91214E+16
61152,61153,9,5,74,123,2016,1,9,2,3,9,1,0,2,0,1,0,0,0,0,6.59281E+20,5.47466E+21,1.11956E+16,4.94038E+16
61153,61154,9,4,78,144,2016,1,20,5,3,5,3,2,1,0,1,0,0,0,0,6.57286E+20,5.55844E+21,1.1202E+16,5.01573E+16
61154,61155,9,7,76,129,2016,1,17,5,2,1,5,1,1,0,1,0,1,0,0,5.67669E+20,5.27007E+21,9.89988E+15,4.75805E+16
61155,61156,9,1,78,113,2016,1,14,6,3,4,2,0,0,0,1,0,0,0,0,6.92203E+20,5.36739E+21,1.15984E+16,4.84303E+16
61156,61157,9,5,76,113,2016,1,9,6,3,8,1,0,2,0,1,0,0,0,0,6.62685E+20,5.45654E+21,1.12351E+16,4.924E+16
61157,61158,9,1,88,120,2016,1,14,3,2,3,6,0,1,0,1,0,0,0,0,6.7876E+20,5.32712E+21,1.13998E+16,4.80723E+16
61158,61159,9,6,63,0,2016,1,0,3,2,4,7,2,2,0,1,0,0,1,1,5.67564E+20,5.51343E+21,9.93828E+15,4.97695E+16
61159,61160,9,1,62,0,2016,1,14,5,2,5,2,0,0,1,1,0,0,0,0,6.84357E+20,5.33212E+21,1.1477E+16,4.81156E+16
61160,61161,9,4,76,159,2016,1,0,3,3,9,1,2,2,0,1,0,0,0,0,6.79943E+20,5.58165E+21,1.15299E+16,5.03594E+16
61161,61162,9,1,79,111,2016,1,7,6,3,9,1,0,2,0,1,0,0,0,0,6.55023E+20,5.34015E+21,1.10861E+16,4.81956E+16
61162,61163,9,6,76,111,2016,1,5,6,3,9,1,2,2,0,1,0,0,0,0,5.31575E+20,5.51791E+21,9.43888E+15,4.98128E+16
61163,61164,9,4,73,151,2016,1,11,2,3,9,1,0,2,0,1,0,0,0,0,6.49291E+20,5.57141E+21,1.10952E+16,5.02759E+16
61164,61165,9,2,73,166,2016,1,12,3,3,4,6,0,1,0,1,0,0,0,0,7.1738E+20,5.42119E+21,1.19666E+16,4.89055E+16
61165,61166,9,7,77,151,2016,1,16,2,3,5,2,2,0,1,1,0,0,0,0,6.21005E+20,5.29327E+21,1.06154E+16,4.77814E+16
61166,61167,9,1,61,0,2016,1,10,6,3,5,3,0,0,1,1,0,0,0,0,6.81196E+20,5.40233E+21,1.1465E+16,4.87476E+16
61167,61168,9,2,71,146,2016,1,11,6,3,2,7,0,1,0,1,0,0,0,0,7.84708E+20,5.41001E+21,1.28757E+16,4.87779E+16
61168,61169,9,7,79,196,2016,1,4,5,3,8,1,2,1,0,1,0,0,0,0,6.3811E+20,5.39411E+21,1.08765E+16,4.86848E+16
61169,61170,9,1,75,131,2016,1,6,6,3,8,1,2,2,0,1,0,0,0,0,7.0863E+20,5.32312E+21,1.17984E+16,4.80273E+16
61170,61171,9,5,64,0,2016,1,15,6,3,4,2,0,0,0,1,0,1,0,0,6.54066E+20,5.47386E+21,1.11234E+16,4.93979E+16
61171,61172,9,7,61,0,2016,1,18,2,3,2,6,2,0,0,1,0,0,0,0,6.4154E+20,5.3578E+21,1.09107E+16,4.83575E+16
61172,61173,9,2,61,0,2016,1,13,5,3,2,3,0,0,0,1,0,0,0,0,7.3265E+20,5.38178E+21,1.21524E+16,4.8546E+16
61173,61174,9,1,79,126,2016,1,12,5,3,1,3,0,0,1,1,0,0,0,0,6.77442E+20,5.33951E+21,1.13873E+16,4.81841E+16
61174,61175,9,2,79,112,2016,1,1,4,3,9,1,2,2,0,1,0,0,0,0,7.57307E+20,5.39142E+21,1.24919E+16,4.86229E+16
61175,61176,9,1,81,132,2016,1,8,6,3,8,1,1,2,0,1,0,0,0,0,6.45444E+20,5.32449E+21,1.0952E+16,4.80571E+16
61176,61177,9,3,72,167,2016,1,8,5,3,8,1,0,2,0,1,0,0,0,0,7.51214E+20,5.44917E+21,1.24448E+16,4.91439E+16
61177,61178,9,1,82,116,2016,1,14,5,3,9,6,0,1,0,1,0,0,0,0,7.04025E+20,5.29523E+21,1.17235E+16,4.77781E+16
61178,61179,9,4,72,121,2016,1,6,4,3,9,1,2,2,0,1,0,0,0,0,6.99154E+20,5.54718E+21,1.17816E+16,5.00435E+16
61179,61180,9,7,71,146,2016,1,19,5,2,2,6,2,1,0,1,0,0,0,0,6.4657E+20,5.3468E+21,1.09748E+16,4.82574E+16
61180,61181,9,5,77,173,2016,1,21,6,3,9,1,2,1,0,1,0,0,0,0,6.40493E+20,5.4228E+21,1.09186E+16,4.89422E+16
61181,61182,9,7,61,0,2016,1,18,2,3,2,6,2,0,0,1,0,0,0,0,6.43764E+20,5.35758E+21,1.09406E+16,4.8355E+16
61182,61183,9,7,61,0,2016,1,14,5,3,4,2,0,1,0,1,0,0,0,0,6.41208E+20,5.36093E+21,1.09073E+16,4.83857E+16
61183,61184,9,1,89,140,2016,1,16,5,3,2,2,1,0,0,1,0,0,0,0,7.73486E+20,5.29619E+21,1.26497E+16,4.7761E+16
61184,61185,9,1,77,123,2016,1,10,5,3,5,3,0,1,0,1,0,1,0,0,7.27129E+20,5.34456E+21,1.20576E+16,4.82136E+16
61185,61186,9,1,76,120,2016,1,10,4,2,8,1,0,2,0,1,0,0,0,0,6.80763E+20,5.42179E+21,1.14677E+16,4.89227E+16
61186,61187,9,7,80,131,2016,1,13,3,3,4,6,0,1,0,1,0,0,0,0,5.90763E+20,5.25422E+21,1.02037E+16,4.74351E+16
61187,61188,9,5,64,0,2016,1,15,3,3,3,6,0,1,0,1,0,0,0,0,6.55293E+20,5.48117E+21,1.11432E+16,4.94633E+16
61188,61189,9,4,76,166,2016,1,11,2,2,0,7,0,2,0,0,1,0,0,1,6.71339E+20,5.58843E+21,1.14121E+16,5.04229E+16
61189,61190,9,2,78,159,2016,1,11,3,3,8,1,0,2,0,0,0,0,1,0,7.78738E+20,5.42326E+21,1.28036E+16,4.88995E+16
61190,61191,9,1,62,0,2016,1,17,2,3,5,3,2,1,0,1,0,0,0,0,6.85233E+20,5.3289E+21,1.14874E+16,4.80864E+16
61191,61192,9,1,62,0,2016,1,12,3,3,2,5,0,0,0,1,0,0,1,1,6.98846E+20,5.33305E+21,1.16719E+16,4.81196E+16
61192,61193,9,6,76,133,2016,1,9,3,3,9,1,0,1,0,1,0,0,0,0,5.15314E+20,5.52218E+21,9.21302E+15,4.98519E+16
61193,61194,9,1,84,112,2016,1,10,3,3,2,6,0,0,0,1,0,0,0,0,7.02349E+20,5.34024E+21,1.17224E+16,4.81832E+16
61194,61195,9,5,75,113,2016,1,7,6,3,8,1,1,2,0,1,0,0,0,0,6.10265E+20,5.49802E+21,1.05267E+16,4.96247E+16
61195,61196,9,6,77,131,2016,1,14,2,3,9,1,0,2,0,1,0,0,0,0,5.52344E+20,5.54242E+21,9.73086E+15,5.00318E+16
61196,61197,9,4,77,157,2016,1,16,6,3,5,3,1,0,0,0,0,1,0,1,6.71908E+20,5.5438E+21,1.13999E+16,5.00217E+16
61197,61198,9,6,78,136,2016,1,7,5,3,8,1,2,1,0,1,0,0,0,0,5.86757E+20,5.53783E+21,1.02102E+16,4.99865E+16
61198,61199,9,6,63,0,2016,1,11,4,2,4,1,0,1,0,1,0,0,0,0,5.67676E+20,5.51677E+21,9.94042E+15,4.97996E+16
61199,61200,9,7,61,0,2016,1,22,3,3,4,2,2,1,0,1,0,0,0,0,6.4141E+20,5.35268E+21,1.09072E+16,4.83115E+16
61200,61201,9,5,61,0,2016,1,12,3,3,2,6,0,1,0,1,0,0,0,1,6.151E+20,5.46227E+21,1.05833E+16,4.93023E+16
61201,61202,9,1,79,126,2016,1,9,6,3,1,6,0,0,0,1,0,0,0,0,6.77556E+20,5.33936E+21,1.13888E+16,4.81827E+16
61202,61203,9,4,78,139,2016,1,6,2,2,8,1,2,2,0,1,0,0,0,0,6.4904E+20,5.55883E+21,1.10868E+16,5.01629E+16
61203,61204,9,2,61,0,2016,1,9,3,3,6,7,0,0,1,0,1,0,0,0,7.31803E+20,5.38122E+21,1.21407E+16,4.85412E+16
61204,61205,9,7,75,111,2016,1,8,2,3,3,6,0,1,0,1,0,0,0,0,5.84136E+20,5.33506E+21,1.01315E+16,4.81632E+16
61205,61206,9,1,87,116,2016,1,7,6,3,4,6,1,2,0,1,0,0,0,0,7.44187E+20,5.33195E+21,1.22796E+16,4.8094E+16
61206,61207,9,3,71,151,2016,1,18,6,3,1,6,2,0,0,1,0,0,0,0,7.00576E+20,5.4856E+21,1.17697E+16,4.94899E+16
61207,61208,9,5,72,137,2016,1,10,2,3,9,1,0,2,0,1,0,0,0,0,6.53454E+20,5.49128E+21,1.11217E+16,4.95547E+16
61208,61209,9,4,77,128,2016,1,17,5,3,4,2,2,1,0,1,0,0,0,0,6.74705E+20,5.55437E+21,1.14437E+16,5.01159E+16
61209,61210,9,5,75,155,2016,1,8,6,3,0,1,0,2,0,1,0,0,0,0,5.80503E+20,5.49634E+21,1.01144E+16,4.96143E+16
61210,61211,9,1,73,118,2016,1,7,6,3,9,1,1,2,0,1,0,0,0,0,6.88885E+20,5.30628E+21,1.15264E+16,4.78821E+16
61211,61212,9,6,78,183,2016,1,8,2,3,8,1,0,2,0,1,0,0,0,0,5.95835E+20,5.53154E+21,1.03353E+16,4.99285E+16
61212,61213,9,3,74,166,2016,1,5,6,3,9,1,2,2,0,1,0,0,0,0,7.1885E+20,5.50205E+21,1.20308E+16,4.96313E+16
61213,61214,9,5,65,0,2016,1,16,2,3,5,3,2,1,0,1,0,0,0,0,6.46711E+20,5.46478E+21,1.10188E+16,4.93181E+16
61214,61215,9,5,75,150,2016,1,5,5,3,8,1,2,1,0,1,0,0,0,0,6.17868E+20,5.50163E+21,1.06331E+16,4.96557E+16
61215,61216,9,6,74,130,2016,1,13,3,3,5,3,0,1,0,1,0,0,0,0,6.27307E+20,5.55067E+21,1.07799E+16,5.00946E+16
61216,61217,9,1,84,129,2016,1,8,5,3,2,6,0,1,0,1,0,0,0,1,6.99912E+20,5.32404E+21,1.1682E+16,4.80384E+16
61217,61218,9,4,77,163,2016,1,16,3,3,0,2,2,1,0,1,0,0,1,0,6.85792E+20,5.55335E+21,1.15982E+16,5.01033E+16
61218,61219,9,1,74,118,2016,1,5,6,3,8,1,2,2,0,1,0,0,0,0,6.69543E+20,5.35707E+21,1.12882E+16,4.8344E+16
61219,61220,9,5,72,158,2016,1,5,6,3,5,3,2,1,0,1,0,0,0,0,6.52253E+20,5.4956E+21,1.11068E+16,4.95938E+16
61220,61221,9,4,72,197,2016,1,16,2,3,9,1,1,2,0,1,0,0,0,0,6.67854E+20,5.52539E+21,1.13353E+16,4.98574E+16
61221,61222,9,1,71,137,2016,1,1,3,3,8,1,2,2,0,1,0,0,0,0,7.72064E+20,5.35444E+21,1.26677E+16,4.82846E+16
61222,61223,9,7,77,159,2016,1,17,2,3,6,2,2,1,0,1,1,0,0,0,6.17301E+20,5.27106E+21,1.056E+16,4.75823E+16
61223,61224,9,1,88,139,2016,1,7,6,3,8,1,0,2,0,1,0,0,0,0,6.7228E+20,5.31825E+21,1.13093E+16,4.79943E+16
61224,61225,9,2,74,135,2016,1,20,6,3,4,1,2,1,0,1,0,0,0,0,7.52743E+20,5.37894E+21,1.24225E+16,4.85127E+16
61225,61226,9,4,61,0,2016,1,21,5,3,4,2,2,1,0,1,0,0,0,0,6.37374E+20,5.53065E+21,1.09134E+16,4.99124E+16
61226,61227,9,5,76,143,2016,1,3,4,3,8,1,2,2,0,0,0,0,0,1,6.5433E+20,5.45165E+21,1.11185E+16,4.91982E+16
61227,61228,9,7,73,140,2016,1,11,5,3,2,6,0,0,0,1,0,0,0,0,6.12493E+20,5.37446E+21,1.05232E+16,4.85132E+16
61228,61229,9,1,62,0,2016,1,10,5,3,2,6,0,0,0,1,0,0,0,0,6.88279E+20,5.32825E+21,1.1528E+16,4.80797E+16
61229,61230,9,5,64,0,2016,1,17,6,3,2,6,2,0,0,1,0,0,0,1,6.47917E+20,5.47734E+21,1.104E+16,4.94307E+16
61230,61231,9,7,63,0,2016,1,9,5,3,2,6,0,0,0,1,0,0,0,0,5.99245E+20,5.28759E+21,1.03237E+16,4.7734E+16
61231,61232,9,1,78,113,2016,1,7,6,3,5,3,1,1,0,1,0,0,0,0,6.91812E+20,5.36734E+21,1.15931E+16,4.843E+16
61232,61233,9,5,76,113,2016,1,8,6,2,9,1,0,2,0,1,0,0,0,0,6.6212E+20,5.45474E+21,1.12266E+16,4.9224E+16
61233,61234,9,4,77,159,2016,1,7,2,3,5,3,2,2,0,1,0,0,0,0,6.81234E+20,5.55674E+21,1.15361E+16,5.01352E+16
61234,61235,9,3,73,155,2016,1,12,5,3,5,2,0,0,0,1,0,0,0,0,6.71243E+20,5.4627E+21,1.13552E+16,4.92931E+16
61235,61236,9,1,61,0,2016,1,18,5,3,2,6,2,1,0,1,0,0,0,0,6.7556E+20,5.40491E+21,1.13895E+16,4.87724E+16
61236,61237,9,3,73,134,2016,1,6,4,3,9,1,2,2,0,1,0,0,0,0,7.10344E+20,5.45269E+21,1.1887E+16,4.91909E+16
61237,61238,9,7,61,0,2016,1,17,5,3,4,2,2,1,0,1,0,0,0,0,6.39595E+20,5.36089E+21,1.08855E+16,4.83857E+16
61238,61239,9,5,75,165,2016,1,7,6,3,9,1,2,2,0,1,0,0,0,0,6.06864E+20,5.49736E+21,1.04795E+16,4.96194E+16
61239,61240,9,6,75,141,2016,1,20,2,1,2,6,2,1,0,1,0,0,1,1,5.79786E+20,5.51133E+21,1.01075E+16,4.97492E+16
61240,61241,9,6,63,0,2016,1,18,5,3,8,1,2,1,0,1,0,0,0,0,5.71248E+20,5.51645E+21,9.98999E+15,4.97962E+16
61241,61242,9,1,87,173,2016,1,22,5,3,8,6,2,1,0,1,0,0,0,0,7.43847E+20,5.32081E+21,1.22687E+16,4.7994E+16
61242,61243,9,7,72,130,2016,1,13,2,3,4,6,0,1,0,1,0,0,0,0,6.3058E+20,5.3561E+21,1.07623E+16,4.83446E+16
61243,61244,9,1,73,135,2016,1,6,5,2,9,1,2,2,0,1,0,0,0,0,6.93005E+20,5.27503E+21,1.15676E+16,4.75999E+16
61244,61245,9,1,79,121,2016,1,18,5,3,6,2,2,1,0,1,1,0,0,0,6.67654E+20,5.33852E+21,1.12553E+16,4.81778E+16
61245,61246,9,1,72,129,2016,1,12,4,2,2,2,0,0,0,1,0,0,0,0,7.94351E+20,5.27979E+21,1.29164E+16,4.76046E+16
61246,61247,9,7,74,135,2016,1,13,3,2,9,1,0,0,0,1,0,0,0,0,5.95673E+20,5.36738E+21,1.02939E+16,4.84523E+16
61247,61248,9,6,71,133,2016,1,12,3,2,4,7,0,1,0,1,0,0,0,1,5.10115E+20,5.5425E+21,9.14125E+15,5.00347E+16
61248,61249,9,3,74,160,2016,1,17,3,3,8,1,2,2,0,1,0,0,0,0,7.32373E+20,5.50944E+21,1.22222E+16,4.96926E+16
61249,61250,9,1,77,116,2016,1,11,3,3,0,7,0,0,0,1,0,0,0,0,7.11506E+20,5.36182E+21,1.18562E+16,4.8374E+16
61250,61251,9,5,71,136,2016,1,17,6,3,4,2,2,0,0,1,0,0,0,0,5.96989E+20,5.43576E+21,1.03278E+16,4.90671E+16
61251,61252,9,2,79,115,2016,1,5,6,3,0,1,2,2,0,0,0,1,0,0,7.60176E+20,5.38391E+21,1.2526E+16,4.85543E+16
61252,61253,9,6,75,149,2016,1,8,2,3,9,1,0,2,0,1,0,0,0,0,5.84596E+20,5.50457E+21,1.01728E+16,4.96877E+16
61253,61254,9,4,74,123,2016,1,8,6,3,8,1,0,1,0,1,0,0,0,0,6.50961E+20,5.51274E+21,1.10956E+16,4.97482E+16
61254,61255,9,5,64,0,2016,1,14,5,3,0,1,0,0,0,0,0,0,0,1,6.47948E+20,5.48016E+21,1.10415E+16,4.94561E+16
61255,61256,9,6,61,0,2016,1,17,4,3,6,4,2,1,0,1,1,0,0,0,5.10938E+20,5.53607E+21,9.15256E+15,4.99769E+16
61256,61257,9,6,79,165,2016,1,16,3,2,8,1,0,1,0,1,0,0,0,0,5.56123E+20,5.5084E+21,9.77869E+15,4.97255E+16
61257,61258,9,4,79,152,2016,1,0,3,3,8,1,2,2,0,1,0,0,0,0,7.17939E+20,5.56083E+21,1.20514E+16,5.01596E+16
61258,61259,9,1,79,138,2016,1,6,6,3,9,1,1,2,0,1,0,0,0,0,6.51893E+20,5.33625E+21,1.10426E+16,4.81613E+16
61259,61260,9,4,72,190,2016,1,9,2,3,4,1,0,2,0,1,0,0,0,0,7.01925E+20,5.52875E+21,1.18106E+16,4.98771E+16
61260,61261,9,7,78,173,2016,1,3,4,3,9,1,2,1,0,1,0,0,0,0,6.11005E+20,5.32456E+21,1.049E+16,4.80647E+16
61261,61262,9,1,86,147,2016,1,15,4,3,5,2,0,1,0,1,0,0,0,0,6.85495E+20,5.39117E+21,1.15184E+16,4.86461E+16
61262,61263,9,7,76,131,2016,1,14,3,3,5,3,0,0,0,1,0,0,0,0,5.64265E+20,5.27865E+21,9.85587E+15,4.7658E+16
61263,61264,9,5,71,226,2016,1,12,3,3,5,3,0,1,0,1,0,0,0,0,6.32145E+20,5.45714E+21,1.08159E+16,4.92527E+16
61264,61265,9,4,72,119,2016,1,6,2,3,9,1,2,2,0,1,0,0,0,0,6.87986E+20,5.54229E+21,1.16234E+16,5.00033E+16
61265,61266,9,2,75,149,2016,1,19,3,3,5,3,2,1,0,1,0,0,0,0,8.14399E+20,5.37102E+21,1.32493E+16,4.84138E+16
61266,61267,9,1,62,0,2016,1,14,2,3,4,1,0,1,0,1,0,0,0,0,6.81582E+20,5.33537E+21,1.14412E+16,4.81457E+16
61267,61268,9,5,75,112,2016,1,7,6,3,8,1,2,2,0,1,0,0,0,0,6.02894E+20,5.4894E+21,1.04225E+16,4.95485E+16
61268,61269,9,1,83,148,2016,1,5,6,3,0,1,2,1,0,1,0,0,0,0,7.56263E+20,5.34598E+21,1.245E+16,4.82152E+16
61269,61270,9,3,73,156,2016,1,7,6,3,8,1,0,2,0,1,0,0,0,0,6.68579E+20,5.46291E+21,1.13187E+16,4.92956E+16
61270,61271,9,5,74,146,2016,1,12,2,2,4,6,0,2,0,1,0,0,0,1,6.6954E+20,5.48776E+21,1.13425E+16,4.95188E+16
61271,61272,9,5,75,135,2016,1,16,5,3,5,3,2,1,0,1,0,0,0,0,6.11434E+20,5.48432E+21,1.0539E+16,4.95013E+16
61272,61273,9,7,80,117,2016,1,16,5,3,9,1,1,2,0,1,0,0,0,0,5.89551E+20,5.28156E+21,1.01932E+16,4.76813E+16
61273,61274,9,1,78,155,2016,1,5,6,3,8,6,2,2,0,1,0,0,0,0,7.15916E+20,5.37565E+21,1.19228E+16,4.84968E+16
61274,61275,9,5,76,151,2016,1,8,6,3,9,1,0,2,0,1,0,0,0,0,6.52166E+20,5.46555E+21,1.10941E+16,4.93237E+16
61275,61276,9,4,71,214,2016,1,18,2,3,8,1,2,1,0,1,0,0,0,0,6.39685E+20,5.54304E+21,1.09501E+16,5.00233E+16
61276,61277,9,1,79,126,2016,1,14,3,3,5,3,0,1,0,1,0,0,0,1,6.76348E+20,5.34041E+21,1.1373E+16,4.81924E+16
61277,61278,9,7,73,179,2016,1,7,2,2,4,1,1,2,0,1,0,0,0,0,6.18843E+20,5.37356E+21,1.06089E+16,4.85039E+16