FID,OBJECTID,ULAND,UREGBEZ,UKREIS,UGEMEINDE,UJAHR,UMONAT,USTUNDE,UWOCHENTAG,UKATEGORIE,UART,UTYP1,ULICHTVERH,IstStrasse,IstRad,IstPKW,IstFuss,IstKrad,IstGkfz,IstSonstig,LINREFX,LINREFY,XGCSWGS84,YGCSWGS84
61458,61459,9,6,77,129,2016,1,7,6,2,4,1,1,1,0,1,0,0,0,1,5.3302E+20,5.54798E+21,9.46154E+15,5.00832E+16
61459,61460,9,1,90,153,2016,1,13,2,3,4,2,0,1,0,1,0,0,0,0,6.74246E+20,5.28874E+21,1.13238E+16,4.77285E+16
61460,61461,9,7,71,130,2016,1,12,1,3,8,1,0,1,0,1,0,0,0,0,6.44446E+20,5.36286E+21,1.09517E+16,4.84024E+16
61461,61462,9,2,61,0,2016,1,7,4,3,5,3,0,0,0,1,0,0,0,0,7.26679E+20,5.38009E+21,1.20707E+16,4.85329E+16
61462,61463,9,1,90,157,2016,1,0,1,2,0,7,2,1,0,1,0,0,0,0,6.60714E+20,5.29893E+21,1.11472E+16,4.78237E+16
61463,61464,9,7,76,117,2016,1,19,6,1,6,4,2,1,0,1,1,0,0,0,5.66463E+20,5.27219E+21,9.88416E+15,4.75997E+16
61464,61465,9,1,62,0,2016,1,19,7,3,3,6,2,1,0,1,0,0,0,0,6.96583E+20,5.3431E+21,1.16462E+16,4.82106E+16
61465,61466,9,7,71,156,2016,1,7,4,3,5,2,2,1,0,1,0,1,0,0,6.54136E+20,5.38336E+21,1.10901E+16,4.85844E+16
61466,61467,9,4,71,145,2016,1,16,3,3,5,2,1,1,1,1,0,0,0,0,6.42513E+20,5.51947E+21,1.09808E+16,4.98108E+16
61467,61468,9,7,80,137,2016,1,16,3,3,8,1,1,2,0,1,0,0,0,0,5.95823E+20,5.27028E+21,1.02742E+16,4.75789E+16
61468,61469,9,1,62,0,2016,1,19,4,2,9,1,2,1,0,1,0,0,0,0,6.81119E+20,5.34076E+21,1.14373E+16,4.81942E+16
61469,61470,9,3,74,139,2016,1,7,4,3,5,3,2,1,0,1,0,0,0,0,7.29404E+20,5.51507E+21,1.21844E+16,4.97443E+16
61470,61471,9,1,61,0,2016,1,15,2,3,4,2,0,0,0,1,0,0,0,0,6.77438E+20,5.40581E+21,1.14154E+16,4.87799E+16
61471,61472,9,5,76,121,2016,1,7,2,3,2,6,0,1,0,1,0,0,0,0,6.46999E+20,5.4504E+21,1.10175E+16,4.91888E+16
61472,61473,9,7,78,136,2016,1,9,3,3,8,1,0,2,0,1,0,0,0,0,6.01176E+20,5.32101E+21,1.03572E+16,4.80344E+16
61473,61474,9,2,75,114,2016,1,6,2,3,8,7,1,1,0,1,0,0,0,0,7.96499E+20,5.39227E+21,1.30231E+16,4.86132E+16
61474,61475,9,1,82,116,2016,1,10,4,3,5,3,0,1,0,1,0,0,0,1,7.04025E+20,5.29525E+21,1.17235E+16,4.77783E+16
61475,61476,9,4,61,0,2016,1,17,4,3,5,3,2,1,0,1,0,0,0,0,6.36168E+20,5.52987E+21,1.08964E+16,4.99057E+16
61476,61477,9,6,75,141,2016,1,5,6,3,8,1,2,2,0,1,0,0,0,0,5.83055E+20,5.51219E+21,1.01531E+16,4.97564E+16
61477,61478,9,1,83,127,2016,1,6,2,3,4,2,2,1,0,1,0,0,0,0,7.55225E+20,5.34977E+21,1.24383E+16,4.82497E+16
61478,61479,9,5,76,111,2016,1,17,1,2,8,1,2,1,0,1,0,0,0,0,6.44044E+20,5.4565E+21,1.09791E+16,4.92443E+16
61479,61480,9,1,77,133,2016,1,14,1,3,8,1,0,1,0,1,0,0,0,0,7.08786E+20,5.36036E+21,1.18188E+16,4.83619E+16
61480,61481,9,7,62,0,2016,1,21,6,2,4,2,2,1,0,1,0,0,0,0,6.22177E+20,5.30787E+21,1.06351E+16,4.79125E+16
61481,61482,9,6,75,127,2016,1,14,4,3,9,6,0,1,0,1,0,0,0,0,6.05597E+20,5.51107E+21,1.04657E+16,4.97428E+16
61482,61483,9,6,77,137,2016,1,17,3,2,5,3,2,1,1,1,0,0,0,0,5.35156E+20,5.51546E+21,9.48843E+15,4.97905E+16
61483,61484,9,1,62,0,2016,1,7,3,3,3,7,0,0,0,0,0,0,1,1,6.88074E+20,5.33499E+21,1.15282E+16,4.81404E+16
61484,61485,9,3,71,151,2016,1,17,4,3,5,3,2,1,0,1,0,0,0,0,6.98915E+20,5.48851E+21,1.17482E+16,4.95165E+16
61485,61486,9,5,72,115,2016,1,17,7,3,4,2,2,1,0,1,0,0,0,0,6.47721E+20,5.50458E+21,1.10475E+16,4.96756E+16
61486,61487,9,3,61,0,2016,1,18,3,3,6,2,2,1,0,1,1,0,0,0,7.08859E+20,5.48006E+21,1.1881E+16,4.94373E+16
61487,61488,9,1,90,111,2016,1,18,3,3,5,3,2,1,0,1,0,0,0,0,6.39132E+20,5.29631E+21,1.08582E+16,4.78051E+16
61488,61489,9,5,76,151,2016,1,15,4,1,9,6,0,1,0,1,0,0,1,0,6.56456E+20,5.47076E+21,1.11551E+16,4.93695E+16
61489,61490,9,1,78,133,2016,1,14,3,2,4,6,0,1,0,1,0,0,0,1,6.8583E+20,5.36612E+21,1.15118E+16,4.84208E+16
61490,61491,9,7,72,216,2016,1,21,7,3,8,1,2,1,0,1,0,0,0,0,6.23251E+20,5.36666E+21,1.06665E+16,4.8441E+16
61491,61492,9,3,75,175,2016,1,14,3,3,4,6,0,1,0,1,0,0,0,0,7.17438E+20,5.4363E+21,1.19754E+16,4.90412E+16
61492,61493,9,2,73,172,2016,1,7,3,3,5,3,2,1,0,1,0,0,0,0,7.09874E+20,5.40443E+21,1.18557E+16,4.87575E+16
61493,61494,9,5,74,164,2016,1,14,4,3,2,6,0,1,0,1,0,0,1,0,6.66271E+20,5.47474E+21,1.12919E+16,4.94026E+16
61494,61495,9,1,61,0,2016,1,7,3,3,5,3,0,1,0,1,0,0,0,0,6.78708E+20,5.40293E+21,1.14314E+16,4.87537E+16
61495,61496,9,6,71,136,2016,1,11,3,3,8,7,0,1,0,1,0,0,0,0,5.03666E+20,5.54046E+21,9.05117E+15,5.00164E+16
61496,61497,9,2,78,123,2016,1,10,4,3,8,1,0,1,0,1,0,0,0,0,7.51555E+20,5.40934E+21,1.24249E+16,4.87861E+16
61497,61498,9,4,73,158,2016,1,14,7,3,2,6,0,0,0,1,0,0,0,0,6.28545E+20,5.57688E+21,1.08061E+16,5.033E+16
61498,61499,9,1,84,132,2016,1,11,4,3,2,6,0,1,0,1,0,0,0,1,6.83989E+20,5.32933E+21,1.14709E+16,4.80907E+16
61499,61500,9,5,64,0,2016,1,18,3,1,2,6,2,1,0,1,0,0,0,0,6.5132E+20,5.46779E+21,1.10833E+16,4.9344E+16
61500,61501,9,2,77,116,2016,1,7,3,3,5,3,0,1,0,1,0,0,0,0,7.77444E+20,5.36732E+21,1.27485E+16,4.83979E+16
61501,61502,9,1,89,139,2016,1,16,3,3,8,1,0,2,0,1,0,0,0,0,7.64873E+20,5.28442E+21,1.25278E+16,4.76589E+16
61502,61503,9,4,75,154,2016,1,19,4,3,2,6,2,1,0,1,0,0,0,0,6.97913E+20,5.56455E+21,1.17733E+16,5.02E+16
61503,61504,9,1,84,113,2016,1,18,2,3,5,3,2,1,0,1,0,0,0,0,6.85285E+20,5.32129E+21,1.14848E+16,4.8018E+16
61504,61505,9,7,73,117,2016,1,7,2,3,2,6,2,1,0,1,0,0,0,0,6.18508E+20,5.39741E+21,1.06112E+16,4.87184E+16
61505,61506,9,3,77,146,2016,1,3,2,2,5,3,2,1,0,1,0,0,1,0,7.38508E+20,5.5204E+21,1.23138E+16,4.97886E+16
61506,61507,9,6,75,147,2016,1,5,6,3,9,1,2,2,0,1,0,0,0,0,5.84331E+20,5.50431E+21,1.01691E+16,4.96854E+16
61507,61508,9,2,79,112,2016,1,13,2,3,2,6,0,0,0,1,0,0,0,0,7.55984E+20,5.39425E+21,1.24757E+16,4.86488E+16
61508,61509,9,7,78,136,2016,1,16,1,3,2,6,1,1,0,1,0,0,0,0,6.03222E+20,5.3214E+21,1.03848E+16,4.80376E+16
61509,61510,9,7,75,152,2016,1,7,2,2,6,4,1,1,0,1,1,0,0,0,5.77402E+20,5.35282E+21,1.00442E+16,4.83238E+16
61510,61511,9,5,77,173,2016,1,8,2,2,6,4,0,1,0,1,1,0,0,0,6.39623E+20,5.42419E+21,1.09072E+16,4.89548E+16
61511,61512,9,1,76,112,2016,1,7,2,3,2,6,1,1,0,1,0,0,0,0,6.91303E+20,5.41973E+21,1.16104E+16,4.8901E+16
61512,61513,9,1,78,143,2016,1,18,5,3,2,6,2,1,0,1,0,0,0,0,7.21187E+20,5.37409E+21,1.19932E+16,4.8481E+16
61513,61514,9,2,75,159,2016,1,13,4,2,4,6,0,1,0,1,0,0,1,1,8.14408E+20,5.39918E+21,1.32706E+16,4.86664E+16
61514,61515,9,2,62,0,2016,1,7,7,3,4,2,1,1,0,1,0,0,0,0,8.23332E+20,5.38821E+21,1.33829E+16,4.85634E+16
61515,61516,9,7,77,129,2016,1,15,6,3,1,6,0,1,0,1,0,0,0,0,6.28245E+20,5.27118E+21,1.07055E+16,4.75814E+16
61516,61517,9,7,63,0,2016,1,7,4,3,6,2,1,1,0,1,1,0,0,0,5.97835E+20,5.28711E+21,1.03048E+16,4.77299E+16
61517,61518,9,5,64,0,2016,1,18,3,3,5,2,2,1,0,1,0,0,0,0,6.54406E+20,5.47778E+21,1.11296E+16,4.94331E+16
61518,61519,9,1,84,114,2016,1,17,3,3,2,6,2,1,0,1,0,0,0,1,6.99391E+20,5.32004E+21,1.16732E+16,4.80025E+16
61519,61520,9,6,71,111,2016,1,6,2,3,7,7,2,0,1,0,0,0,0,0,5.02204E+20,5.54953E+21,9.03081E+15,5.0098E+16
61520,61521,9,2,78,148,2016,1,16,2,2,5,3,0,0,0,1,0,0,0,0,7.41373E+20,5.40847E+21,1.2286E+16,4.87823E+16
61521,61522,9,1,72,132,2016,1,12,4,2,4,1,0,1,0,1,0,0,0,0,7.9965E+20,5.28212E+21,1.29883E+16,4.76231E+16
61522,61523,9,4,72,118,2016,1,14,4,3,9,1,0,1,0,1,0,0,0,0,6.7518E+20,5.50605E+21,1.14285E+16,4.96815E+16
61523,61524,9,6,75,147,2016,1,5,6,3,8,1,2,1,0,1,0,0,0,0,5.84235E+20,5.50428E+21,1.01678E+16,4.96852E+16
61524,61525,9,1,83,127,2016,1,19,2,3,8,1,2,1,0,1,0,0,0,0,7.57163E+20,5.34882E+21,1.24638E+16,4.82404E+16
61525,61526,9,6,61,0,2016,1,18,1,3,2,6,2,1,0,1,0,0,0,0,5.1084E+20,5.53631E+21,9.15118E+15,4.9979E+16
61526,61527,9,1,86,137,2016,1,18,1,3,4,2,2,1,0,1,0,0,0,0,6.84589E+20,5.40039E+21,1.15102E+16,4.87292E+16
61527,61528,9,7,77,129,2016,1,18,6,3,2,6,2,1,0,1,0,0,0,0,6.25091E+20,5.27031E+21,1.06633E+16,4.75741E+16
61528,61529,9,1,62,0,2016,1,20,6,3,0,7,2,0,0,1,0,0,0,0,6.94996E+20,5.33348E+21,1.16205E+16,4.81247E+16
61529,61530,9,6,79,147,2016,1,7,4,3,2,6,0,1,0,1,0,0,0,0,5.63644E+20,5.51508E+21,9.88411E+15,4.97848E+16
61530,61531,9,3,74,139,2016,1,17,3,3,2,6,2,0,0,1,0,0,1,0,7.27283E+20,5.5144E+21,1.21546E+16,4.97391E+16
61531,61532,9,2,79,132,2016,1,6,4,3,0,6,2,1,0,1,0,0,0,0,7.6973E+20,5.3998E+21,1.26656E+16,4.86928E+16
61532,61533,9,2,77,116,2016,1,4,1,3,9,7,2,1,0,1,0,0,0,0,7.79543E+20,5.36815E+21,1.27774E+16,4.84045E+16
61533,61534,9,2,73,175,2016,1,13,7,3,9,1,0,1,0,1,0,0,0,0,7.23018E+20,5.41973E+21,1.20426E+16,4.88903E+16
61534,61535,9,7,77,140,2016,1,7,6,3,4,1,0,1,0,1,0,0,0,1,6.2771E+20,5.31613E+21,1.07116E+16,4.79857E+16
61535,61536,9,1,84,114,2016,1,6,6,3,8,1,2,2,0,1,0,0,0,0,7.00896E+20,5.31902E+21,1.16929E+16,4.79929E+16
61536,61537,9,7,80,124,2016,1,16,4,3,4,1,1,2,0,1,0,0,0,0,5.88167E+20,5.26892E+21,1.01722E+16,4.75677E+16
61537,61538,9,4,72,127,2016,1,6,3,2,2,6,2,2,0,1,0,0,1,0,6.81195E+20,5.52724E+21,1.15216E+16,4.98701E+16
61538,61539,9,5,64,0,2016,1,16,2,3,5,3,0,0,0,1,0,0,0,0,6.47594E+20,5.47933E+21,1.10363E+16,4.94487E+16
61539,61540,9,7,63,0,2016,1,13,3,3,5,3,0,1,0,1,0,0,0,0,5.97144E+20,5.28564E+21,1.02952E+16,4.77168E+16
61540,61541,9,2,75,124,2016,1,16,2,3,5,3,1,1,0,1,0,0,0,0,8.09158E+20,5.37133E+21,1.31789E+16,4.84192E+16
61541,61542,9,1,85,149,2016,1,17,4,3,5,3,2,1,0,1,0,0,0,0,6.62522E+20,5.40191E+21,1.1211E+16,4.8749E+16
61542,61543,9,3,63,0,2016,1,7,4,3,3,6,0,1,0,1,0,0,0,0,7.28992E+20,5.50827E+21,1.21747E+16,4.96834E+16
61543,61544,9,6,77,142,2016,1,7,6,2,8,1,0,1,0,1,0,0,0,0,5.57369E+20,5.52951E+21,9.79909E+15,4.99152E+16
61544,61545,9,1,72,128,2016,1,17,2,3,5,3,2,1,0,1,0,0,0,0,7.92239E+20,5.29728E+21,1.29001E+16,4.77626E+16
61545,61546,9,5,64,0,2016,1,21,1,2,6,2,2,1,0,1,1,0,0,0,6.47683E+20,5.47417E+21,1.10356E+16,4.94023E+16
61546,61547,9,7,75,162,2016,1,15,7,3,2,6,0,1,0,1,0,0,0,0,5.82452E+20,5.34981E+21,1.01117E+16,4.82961E+16
61547,61548,9,7,79,112,2016,1,7,6,3,9,1,0,1,0,1,0,0,0,0,6.12217E+20,5.40169E+21,1.05269E+16,4.87581E+16
61548,61549,9,3,63,0,2016,1,8,3,2,5,3,0,1,1,1,0,0,0,0,7.29E+20,5.5075E+21,1.21743E+16,4.96765E+16
61549,61550,9,6,72,114,2016,1,17,4,2,6,2,2,1,0,1,1,0,0,0,5.76795E+20,5.56218E+21,1.00762E+16,5.02068E+16
61550,61551,9,1,61,0,2016,1,5,3,2,6,4,2,1,0,1,1,0,0,0,6.81634E+20,5.40203E+21,1.14708E+16,4.87448E+16
61551,61552,9,6,72,121,2016,1,13,3,3,4,2,0,1,0,1,0,0,0,0,5.68407E+20,5.55285E+21,9.95698E+15,5.01239E+16
61552,61553,9,7,75,129,2016,1,8,3,3,3,6,0,1,0,1,0,0,0,0,5.83395E+20,5.33957E+21,1.01224E+16,4.82038E+16
61553,61554,9,3,76,159,2016,1,10,4,3,5,7,0,1,0,1,0,0,0,1,7.22958E+20,5.48308E+21,1.20769E+16,4.94594E+16
61554,61555,9,7,72,217,2016,1,20,3,3,8,7,2,1,0,1,0,0,0,0,6.36154E+20,5.3818E+21,1.08459E+16,4.85745E+16
61555,61556,9,1,74,111,2016,1,12,4,3,5,3,0,0,0,1,0,0,0,0,6.67142E+20,5.36214E+21,1.12578E+16,4.83903E+16
61556,61557,9,3,62,0,2016,1,17,4,3,6,2,2,1,0,1,1,0,0,0,7.30388E+20,5.43214E+21,1.215E+16,4.89991E+16
61557,61558,9,6,62,0,2016,1,16,6,3,2,6,0,0,0,1,0,0,0,0,5.85035E+20,5.54171E+21,1.01871E+16,5.00217E+16
61558,61559,9,3,73,155,2016,1,17,3,2,5,3,2,1,0,1,0,0,0,0,6.71434E+20,5.46394E+21,1.13583E+16,4.93042E+16
61559,61560,9,1,73,137,2016,1,9,3,3,2,6,0,1,0,1,0,0,0,0,6.76675E+20,5.29877E+21,1.13602E+16,4.7818E+16
61560,61561,9,5,62,0,2016,1,17,4,3,5,3,2,1,1,1,0,0,0,0,6.45393E+20,5.49686E+21,1.10124E+16,4.96068E+16
61561,61562,9,1,79,136,2016,1,11,3,3,6,7,0,0,0,1,1,0,0,0,6.60711E+20,5.3417E+21,1.11632E+16,4.82081E+16
61562,61563,9,5,72,133,2016,1,23,3,2,2,6,2,1,0,1,0,0,1,0,6.36622E+20,5.5025E+21,1.08931E+16,4.96595E+16
61563,61564,9,2,71,141,2016,1,11,4,3,5,3,0,1,0,1,0,1,0,0,7.95711E+20,5.40216E+21,1.30195E+16,4.87023E+16
61564,61565,9,4,71,145,2016,1,11,7,3,5,3,0,0,0,1,0,0,0,0,6.4316E+20,5.52022E+21,1.09901E+16,4.98173E+16
61565,61566,9,1,62,0,2016,1,5,4,3,5,2,2,1,1,1,0,0,0,0,6.91762E+20,5.33194E+21,1.15764E+16,4.81118E+16
61566,61567,9,5,62,0,2016,1,17,3,2,6,4,2,1,0,1,1,0,0,0,6.43503E+20,5.49346E+21,1.0985E+16,4.95767E+16
61567,61568,9,2,74,134,2016,1,15,3,3,8,7,0,0,0,1,0,0,0,0,7.41666E+20,5.37552E+21,1.22708E+16,4.84863E+16
61568,61569,9,5,64,0,2016,1,19,7,3,2,6,2,1,0,1,0,0,0,0,6.53537E+20,5.47833E+21,1.11179E+16,4.94382E+16
61569,61570,9,2,71,141,2016,1,17,3,3,1,7,2,1,0,1,0,0,0,0,7.9507E+20,5.40272E+21,1.30112E+16,4.87076E+16
61570,61571,9,1,90,154,2016,1,7,3,3,2,6,0,1,0,1,0,0,0,0,6.37453E+20,5.28464E+21,1.08321E+16,4.77005E+16
61571,61572,9,5,64,0,2016,1,15,4,3,0,7,0,1,0,0,1,0,0,1,6.53651E+20,5.48135E+21,1.11206E+16,4.94653E+16
61572,61573,9,1,62,0,2016,1,7,2,3,2,6,1,0,0,1,0,0,0,0,6.94289E+20,5.33669E+21,1.16124E+16,4.81538E+16
61573,61574,9,7,80,128,2016,1,18,2,3,9,1,2,1,0,1,0,0,0,0,6.06175E+20,5.28035E+21,1.04143E+16,4.76678E+16
61574,61575,9,4,75,161,2016,1,9,2,3,4,2,0,1,0,1,0,0,0,0,7.1727E+20,5.57544E+21,1.20504E+16,5.0291E+16
61575,61576,9,2,61,0,2016,1,6,2,3,2,6,2,1,0,1,0,0,1,0,7.34535E+20,5.38177E+21,1.21779E+16,4.85451E+16
61576,61577,9,1,81,146,2016,1,19,2,3,5,3,2,1,0,1,0,0,0,0,6.49374E+20,5.32549E+21,1.1005E+16,4.80652E+16
61577,61578,9,1,78,120,2016,1,15,5,3,9,3,0,0,0,1,0,0,0,0,6.93673E+20,5.35112E+21,1.16108E+16,4.82837E+16
61578,61579,9,2,72,149,2016,1,17,4,3,4,2,2,2,0,1,0,0,0,0,8.2008E+20,5.42646E+21,1.33687E+16,4.89082E+16
61579,61580,9,4,72,190,2016,1,15,1,2,9,1,0,1,0,1,0,0,0,0,6.98291E+20,5.52894E+21,1.17601E+16,4.98799E+16
61580,61581,9,2,74,187,2016,1,22,7,3,0,7,2,1,0,1,0,0,0,1,7.22933E+20,5.38828E+21,1.20244E+16,4.86078E+16
61581,61582,9,7,73,144,2016,1,14,6,3,2,6,0,1,0,1,0,0,0,0,6.04558E+20,5.37997E+21,1.04172E+16,4.85641E+16
61582,61583,9,7,76,116,2016,1,17,4,2,2,6,1,0,0,1,0,0,0,0,5.51578E+20,5.26774E+21,9.68564E+15,4.7561E+16
61583,61584,9,5,71,130,2016,1,15,3,3,4,2,0,1,0,1,0,0,0,0,6.00639E+20,5.47083E+21,1.03866E+16,4.93819E+16
61584,61585,9,1,82,120,2016,1,11,3,3,4,1,0,2,0,1,0,0,0,0,7.01475E+20,5.30776E+21,1.16954E+16,4.78916E+16
61585,61586,9,5,72,121,2016,1,18,2,3,1,6,2,1,0,1,0,0,0,0,6.59946E+20,5.49514E+21,1.1213E+16,4.95876E+16
61586,61587,9,2,78,172,2016,1,16,2,2,4,6,0,0,0,1,0,0,0,0,7.54395E+20,5.418E+21,1.24688E+16,4.88628E+16
61587,61588,9,1,63,0,2016,1,14,4,3,2,6,0,0,0,1,0,0,0,0,7.32579E+20,5.30608E+21,1.211E+16,4.78659E+16
61588,61589,9,4,71,119,2016,1,19,4,3,2,6,2,1,0,1,0,0,0,0,6.33903E+20,5.53729E+21,1.08674E+16,4.99729E+16
61589,61590,9,6,62,0,2016,1,12,6,3,0,3,0,0,0,1,0,1,0,0,5.85673E+20,5.542E+21,1.0196E+16,5.00241E+16
61590,61591,9,1,83,127,2016,1,11,3,3,4,2,0,0,1,1,0,0,0,0,7.57254E+20,5.35026E+21,1.24659E+16,4.82533E+16
61591,61592,9,1,84,136,2016,1,14,2,3,5,3,0,1,0,1,0,0,0,0,6.97786E+20,5.32676E+21,1.16548E+16,4.80634E+16
61592,61593,9,6,79,175,2016,1,15,2,3,2,6,0,0,0,1,0,0,1,0,5.71217E+20,5.51005E+21,9.98837E+15,4.97387E+16
61593,61594,9,3,75,165,2016,1,17,2,3,8,6,1,1,0,1,0,0,0,0,7.2618E+20,5.43694E+21,1.20952E+16,4.90438E+16
61594,61595,9,4,75,156,2016,1,17,4,3,1,6,2,1,0,1,0,0,0,0,6.91058E+20,5.58279E+21,1.16865E+16,5.03661E+16
61595,61596,9,6,72,140,2016,1,7,6,3,4,1,1,2,0,1,0,0,0,0,5.80885E+20,5.55499E+21,1.0132E+16,5.01416E+16
61596,61597,9,1,90,142,2016,1,12,2,2,8,1,0,1,0,1,0,0,0,0,6.5806E+20,5.29792E+21,1.11114E+16,4.78152E+16
61597,61598,9,7,80,123,2016,1,16,1,3,2,6,1,1,0,1,0,0,0,0,6.02094E+20,5.262E+21,1.03557E+16,4.75034E+16
61598,61599,9,2,61,0,2016,1,7,4,3,6,4,0,0,0,1,1,0,0,0,7.32269E+20,5.38066E+21,1.21466E+16,4.8536E+16
61599,61600,9,2,74,128,2016,1,17,1,2,5,2,0,1,0,1,0,0,0,0,7.35252E+20,5.38683E+21,1.21905E+16,4.85903E+16
61600,61601,9,7,72,202,2016,1,7,6,3,5,3,2,1,0,1,0,0,0,0,6.36764E+20,5.3592E+21,1.08467E+16,4.83712E+16
61601,61602,9,1,84,141,2016,1,7,6,2,4,1,1,2,0,1,0,0,1,0,6.92993E+20,5.31481E+21,1.15852E+16,4.79575E+16
61602,61603,9,7,71,113,2016,1,10,4,3,5,3,0,1,0,1,0,0,0,0,6.57734E+20,5.36979E+21,1.11337E+16,4.84614E+16
61603,61604,9,4,62,0,2016,1,15,3,3,2,6,0,0,0,1,0,0,0,0,6.85306E+20,5.53587E+21,1.15829E+16,4.99464E+16
61604,61605,9,7,62,0,2016,1,20,3,3,5,3,2,1,0,1,0,0,0,0,6.22563E+20,5.30659E+21,1.06399E+16,4.79009E+16
61605,61606,9,1,76,123,2016,1,14,4,3,2,6,0,1,0,1,0,0,0,0,6.60486E+20,5.41702E+21,1.11892E+16,4.88853E+16
61606,61607,9,3,77,157,2016,1,8,4,3,5,3,0,2,0,1,0,0,0,0,7.23237E+20,5.5411E+21,1.21139E+16,4.99804E+16
61607,61608,9,6,72,112,2016,1,8,6,3,9,1,0,2,0,1,0,0,0,0,5.76816E+20,5.56725E+21,1.00775E+16,5.02524E+16
61608,61609,9,1,63,0,2016,1,7,2,3,8,1,2,1,1,0,0,0,0,0,7.33731E+20,5.30368E+21,1.21241E+16,4.7844E+16
61609,61610,9,4,64,0,2016,1,14,1,3,2,3,0,1,0,1,0,0,0,0,7.06649E+20,5.57812E+21,1.19029E+16,5.03189E+16
61610,61611,9,7,73,139,2016,1,16,7,3,5,3,1,1,0,1,0,0,0,0,6.15663E+20,5.38682E+21,1.05696E+16,4.86237E+16
61611,61612,9,7,71,158,2016,1,7,6,3,8,1,2,2,0,1,0,0,0,0,6.38648E+20,5.37252E+21,1.08766E+16,4.84905E+16
61612,61613,9,3,77,133,2016,1,9,3,2,9,1,0,2,0,1,0,0,0,0,7.08183E+20,5.53661E+21,1.19018E+16,4.99456E+16
61613,61614,9,1,89,154,2016,1,8,2,3,1,6,0,1,0,1,0,0,1,0,7.67878E+20,5.31592E+21,1.25872E+16,4.79406E+16
61614,61615,9,5,76,121,2016,1,17,1,3,5,3,2,1,0,1,0,0,0,0,6.46715E+20,5.44833E+21,1.10128E+16,4.91702E+16
61615,61616,9,1,79,117,2016,1,17,1,1,6,7,2,1,0,1,1,0,0,0,6.6275E+20,5.34408E+21,1.11915E+16,4.8229E+16
61616,61617,9,6,79,176,2016,1,5,6,2,4,1,2,2,0,1,0,0,0,0,5.67953E+20,5.50704E+21,9.94257E+15,4.97121E+16
61617,61618,9,6,77,131,2016,1,20,4,3,5,3,2,1,0,1,0,0,0,0,5.48982E+20,5.54565E+21,9.68433E+15,5.00612E+16
61618,61619,9,7,61,0,2016,1,17,3,2,2,6,0,1,0,1,0,0,1,0,6.42087E+20,5.36397E+21,1.09202E+16,4.84128E+16
61619,61620,9,1,62,0,2016,1,14,3,3,2,6,0,1,0,1,0,0,0,0,6.82626E+20,5.33743E+21,1.14561E+16,4.81639E+16
61620,61621,9,3,76,170,2016,1,7,4,3,2,6,0,1,0,1,0,0,0,0,7.27842E+20,5.45955E+21,1.21307E+16,4.92462E+16
61621,61622,9,5,74,158,2016,1,8,7,3,9,1,0,1,0,1,0,0,0,0,6.6957E+20,5.49552E+21,1.13462E+16,4.95884E+16
61622,61623,9,3,76,161,2016,1,15,3,3,5,3,0,1,0,1,0,0,0,0,7.25714E+20,5.46775E+21,1.21062E+16,4.93207E+16
61623,61624,9,1,73,120,2016,1,5,3,3,8,1,2,1,0,1,0,0,0,0,6.91967E+20,5.31296E+21,1.15706E+16,4.79412E+16
61624,61625,9,5,65,0,2016,1,7,4,3,2,6,2,1,0,1,0,0,0,0,6.47261E+20,5.46961E+21,1.10281E+16,4.93614E+16
61625,61626,9,1,78,150,2016,1,11,3,3,2,6,0,0,0,0,0,0,1,0,6.91422E+20,5.3709E+21,1.15894E+16,4.8462E+16
61626,61627,9,7,78,136,2016,1,8,2,3,3,6,0,1,0,1,0,0,0,0,5.98468E+20,5.32019E+21,1.03207E+16,4.80274E+16
61627,61628,9,5,64,0,2016,1,11,2,3,6,4,0,1,0,1,1,0,0,0,6.53521E+20,5.48027E+21,1.11184E+16,4.94556E+16
61628,61629,9,6,71,143,2016,1,10,4,3,8,1,0,2,0,1,0,0,0,0,5.11295E+20,5.54737E+21,9.15786E+15,5.00785E+16
61629,61630,9,1,76,126,2016,1,7,3,3,5,3,0,1,0,1,0,0,0,0,6.73011E+20,5.40913E+21,1.13566E+16,4.8811E+16
61630,61631,9,6,76,139,2016,1,9,3,3,4,2,0,1,0,1,0,0,0,0,5.18552E+20,5.50566E+21,9.25728E+15,4.97032E+16
61631,61632,9,2,76,146,2016,1,16,4,3,5,1,1,2,0,1,0,0,0,0,7.96981E+20,5.43149E+21,1.30579E+16,4.89649E+16
61632,61633,9,5,75,168,2016,1,19,7,3,1,6,2,1,0,1,0,0,0,0,5.91159E+20,5.48682E+21,1.02597E+16,4.95272E+16
61633,61634,9,1,62,0,2016,1,19,4,3,6,4,2,0,0,1,1,0,0,0,6.80266E+20,5.33501E+21,1.14233E+16,4.81428E+16
61634,61635,9,5,64,0,2016,1,13,3,3,9,1,0,1,0,1,0,0,0,0,6.53426E+20,5.47322E+21,1.11144E+16,4.93924E+16
61635,61636,9,2,75,118,2016,1,7,3,3,0,1,0,2,0,1,0,0,0,0,8.49961E+20,5.40523E+21,1.3757E+16,4.87017E+16
61636,61637,9,1,73,112,2016,1,13,3,2,8,1,0,1,0,1,0,0,0,0,6.90236E+20,5.29582E+21,1.15399E+16,4.77876E+16
61637,61638,9,5,71,175,2016,1,18,4,3,2,6,2,1,0,1,0,0,0,0,6.22276E+20,5.4579E+21,1.06806E+16,4.92617E+16