FID,OBJECTID,ULAND,UREGBEZ,UKREIS,UGEMEINDE,UJAHR,UMONAT,USTUNDE,UWOCHENTAG,UKATEGORIE,UART,UTYP1,ULICHTVERH,IstStrasse,IstRad,IstPKW,IstFuss,IstKrad,IstGkfz,IstSonstig,LINREFX,LINREFY,XGCSWGS84,YGCSWGS84
61638,61639,9,1,62,0,2016,1,16,2,3,4,7,1,0,0,1,0,0,0,0,6.87423E+20,5.34047E+21,1.15219E+16,4.81898E+16
61639,61640,9,7,79,178,2016,1,17,2,3,1,6,2,1,0,1,0,0,0,0,6.42863E+20,5.39977E+21,1.0943E+16,4.87346E+16
61640,61641,9,4,61,0,2016,1,15,2,3,1,6,0,1,0,1,0,0,0,0,6.39351E+20,5.52973E+21,1.09406E+16,4.99037E+16
61641,61642,9,6,78,170,2016,1,9,6,3,0,1,0,2,1,0,0,0,0,0,5.88709E+20,5.53844E+21,1.02376E+16,4.99917E+16
61642,61643,9,2,73,164,2016,1,5,2,2,9,1,2,1,0,1,0,0,0,0,6.93719E+20,5.42533E+21,1.1646E+16,4.89506E+16
61643,61644,9,1,84,123,2016,1,11,2,3,3,1,0,1,0,1,0,0,0,0,7.0507E+20,5.33204E+21,1.1755E+16,4.81086E+16
61644,61645,9,2,79,132,2016,1,6,4,3,2,6,2,1,0,1,0,0,0,1,7.69777E+20,5.39982E+21,1.26662E+16,4.8693E+16
61645,61646,9,2,71,125,2016,1,20,1,3,2,1,2,1,0,1,0,0,0,0,7.97285E+20,5.40962E+21,1.30462E+16,4.87685E+16
61646,61647,9,2,73,163,2016,1,13,7,3,8,1,0,1,0,1,0,0,0,0,7.0666E+20,5.39949E+21,1.18095E+16,4.87141E+16
61647,61648,9,1,63,0,2016,1,14,7,3,0,1,0,1,0,1,0,0,0,0,7.31154E+20,5.30135E+21,1.20884E+16,4.78239E+16
61648,61649,9,7,77,158,2016,1,5,4,3,7,7,2,1,0,1,0,0,0,0,6.20384E+20,5.31181E+21,1.06122E+16,4.79483E+16
61649,61650,9,3,74,160,2016,1,20,7,2,9,1,2,2,0,1,1,0,0,0,7.29908E+20,5.51191E+21,1.21895E+16,4.97157E+16
61650,61651,9,3,77,117,2016,1,6,6,3,8,1,2,2,0,1,0,0,0,0,7.32969E+20,5.52587E+21,1.22402E+16,4.98399E+16
61651,61652,9,1,88,145,2016,1,10,1,3,8,1,0,2,0,1,0,0,0,0,6.65298E+20,5.32836E+21,1.12197E+16,4.8087E+16
61652,61653,9,4,75,141,2016,1,13,5,2,4,6,0,0,0,1,0,0,0,0,6.99985E+20,5.58017E+21,1.18105E+16,5.03397E+16
61653,61654,9,3,73,140,2016,1,19,7,3,8,1,2,2,0,1,0,0,0,0,6.78839E+20,5.47706E+21,1.1466E+16,4.94199E+16
61654,61655,9,6,77,155,2016,1,11,6,3,6,1,0,1,0,1,1,0,0,0,5.40323E+20,5.53804E+21,9.56256E+15,4.99933E+16
61655,61656,9,1,81,130,2016,1,9,6,3,4,1,0,2,0,1,0,0,0,0,6.41702E+20,5.32403E+21,1.09016E+16,4.80538E+16
61656,61657,9,5,72,135,2016,1,9,5,3,2,6,0,1,0,1,0,0,1,0,6.49811E+20,5.48785E+21,1.10701E+16,4.95248E+16
61657,61658,9,5,71,229,2016,1,17,6,3,9,1,2,2,0,1,0,0,0,0,6.25955E+20,5.45048E+21,1.07288E+16,4.91941E+16
61658,61659,9,2,75,122,2016,1,11,7,3,8,6,0,2,0,1,0,0,0,0,8.19047E+20,5.38634E+21,1.33236E+16,4.85489E+16
61659,61660,9,1,72,118,2016,1,13,5,3,2,6,0,0,0,1,0,0,0,0,7.98218E+20,5.30785E+21,1.29869E+16,4.78547E+16
61660,61661,9,2,75,137,2016,1,13,6,3,5,3,0,1,0,1,0,0,0,0,8.40517E+20,5.39052E+21,1.3617E+16,4.85751E+16
61661,61662,9,4,73,170,2016,1,21,5,2,9,1,2,2,0,1,0,0,0,0,6.40584E+20,5.5632E+21,1.09701E+16,5.02042E+16
61662,61663,9,1,75,132,2016,1,8,6,3,8,1,0,2,0,1,0,0,0,0,7.08725E+20,5.33689E+21,1.18064E+16,4.8151E+16
61663,61664,9,1,62,0,2016,1,12,6,3,2,6,0,1,0,1,0,0,0,0,6.90587E+20,5.33904E+21,1.15638E+16,4.8176E+16
61664,61665,9,5,71,196,2016,1,16,6,3,4,6,2,2,0,1,0,0,0,0,6.20518E+20,5.46361E+21,1.06582E+16,4.93133E+16
61665,61666,9,5,74,141,2016,1,12,6,3,9,1,0,2,0,1,0,0,0,0,6.68419E+20,5.48867E+21,1.13274E+16,4.95272E+16
61666,61667,9,1,79,121,2016,1,16,6,3,5,3,0,0,0,1,0,0,0,0,6.66671E+20,5.33837E+21,1.12421E+16,4.81767E+16
61667,61668,9,5,62,0,2016,1,11,5,3,6,2,0,0,0,1,1,0,0,0,6.47131E+20,5.49567E+21,1.1036E+16,4.95957E+16
61668,61669,9,4,73,144,2016,1,19,6,3,2,6,2,2,0,1,0,0,0,1,6.371E+20,5.57858E+21,1.09268E+16,5.03433E+16
61669,61670,9,1,73,118,2016,1,14,7,3,8,1,0,2,0,1,0,0,0,0,6.95002E+20,5.30327E+21,1.16068E+16,4.78532E+16
61670,61671,9,2,72,129,2016,1,18,6,2,8,1,2,0,0,1,0,0,0,0,8.46199E+20,5.40555E+21,1.37063E+16,4.87068E+16
61671,61672,9,4,78,127,2016,1,15,5,3,5,2,0,0,0,1,0,0,0,0,6.55767E+20,5.55759E+21,1.11804E+16,5.015E+16
61672,61673,9,1,77,117,2016,1,14,6,3,0,2,0,1,1,1,0,0,0,0,7.15394E+20,5.35518E+21,1.19053E+16,4.83131E+16
61673,61674,9,7,77,167,2016,1,11,6,3,4,1,0,2,0,1,0,0,0,0,6.19277E+20,5.29992E+21,1.05941E+16,4.78416E+16
61674,61675,9,4,78,155,2016,1,23,7,3,0,1,2,2,1,0,0,0,0,0,6.58276E+20,5.55994E+21,1.12164E+16,5.01705E+16
61675,61676,9,4,74,119,2016,1,15,6,3,2,6,0,2,0,1,0,0,0,0,6.53023E+20,5.49621E+21,1.11177E+16,4.95991E+16
61676,61677,9,1,62,0,2016,1,18,7,3,2,6,2,2,0,1,0,0,0,0,6.96242E+20,5.34343E+21,1.16418E+16,4.82137E+16
61677,61678,9,1,89,143,2016,1,19,1,3,5,3,2,2,0,1,0,0,0,0,7.60311E+20,5.31473E+21,1.24853E+16,4.79329E+16
61678,61679,9,1,87,142,2016,1,6,1,3,8,1,2,2,0,1,0,0,0,0,7.33457E+20,5.31595E+21,1.2127E+16,4.79543E+16
61679,61680,9,4,72,179,2016,1,15,6,3,8,1,0,2,0,1,0,0,0,0,6.75765E+20,5.51327E+21,1.14398E+16,4.97462E+16
61680,61681,9,1,87,157,2016,1,13,7,3,4,1,0,2,0,1,0,0,0,0,7.36703E+20,5.28614E+21,1.21542E+16,4.76852E+16
61681,61682,9,6,74,130,2016,1,13,5,2,9,1,0,1,0,1,0,0,0,0,6.24771E+20,5.55061E+21,1.07445E+16,5.00946E+16
61682,61683,9,7,77,129,2016,1,15,7,3,2,6,0,1,0,1,0,0,0,0,6.24746E+20,5.26939E+21,1.06584E+16,4.75659E+16
61683,61684,9,2,73,133,2016,1,15,6,2,4,6,0,2,0,1,0,0,0,0,7.07223E+20,5.4268E+21,1.1831E+16,4.89594E+16
61684,61685,9,4,74,123,2016,1,7,5,3,8,1,0,1,0,1,0,0,0,0,6.49881E+20,5.51625E+21,1.10819E+16,4.978E+16
61685,61686,9,7,75,161,2016,1,18,5,3,8,1,2,2,0,1,0,0,0,0,5.84654E+20,5.33911E+21,1.01392E+16,4.81995E+16
61686,61687,9,7,77,166,2016,1,14,6,2,8,1,0,2,0,1,0,0,0,0,6.29307E+20,5.28146E+21,1.07226E+16,4.76736E+16
61687,61688,9,4,71,207,2016,1,10,7,3,8,1,0,0,0,1,0,0,0,0,6.25114E+20,5.5325E+21,1.07434E+16,4.99317E+16
61688,61689,9,4,61,0,2016,1,16,6,3,3,2,1,1,1,1,0,0,0,0,6.37384E+20,5.53064E+21,1.09136E+16,4.99124E+16
61689,61690,9,1,86,143,2016,1,13,1,3,8,1,0,2,0,0,0,0,0,1,6.84525E+20,5.38347E+21,1.15018E+16,4.85771E+16
61690,61691,9,4,74,158,2016,1,9,5,3,4,6,0,1,0,1,0,0,0,0,6.51592E+20,5.50716E+21,1.11022E+16,4.96979E+16
61691,61692,9,6,73,149,2016,1,17,7,3,4,1,2,2,0,1,0,0,0,0,5.80914E+20,5.58647E+21,1.01391E+16,5.04247E+16
61692,61693,9,4,71,159,2016,1,13,5,3,5,3,0,1,1,1,0,0,0,0,6.38614E+20,5.53175E+21,1.09311E+16,4.9922E+16
61693,61694,9,6,63,0,2016,1,18,6,3,2,6,0,0,0,1,0,0,0,0,5.69383E+20,5.51159E+21,9.9632E+15,4.97528E+16
61694,61695,9,1,76,120,2016,1,17,6,3,4,6,1,2,0,1,0,0,0,0,6.79968E+20,5.42048E+21,1.14562E+16,4.89111E+16
61695,61696,9,7,72,170,2016,1,11,7,3,8,1,0,1,0,1,0,0,0,0,6.29776E+20,5.33278E+21,1.07443E+16,4.8135E+16
61696,61697,9,1,89,155,2016,1,7,6,3,5,3,0,1,0,1,0,0,0,0,7.71702E+20,5.30871E+21,1.26338E+16,4.78742E+16
61697,61698,9,4,71,128,2016,1,17,5,3,4,6,2,1,0,1,0,0,0,0,6.08272E+20,5.5226E+21,1.0506E+16,4.9846E+16
61698,61699,9,1,85,127,2016,1,17,6,3,4,6,2,2,0,1,0,0,0,0,6.55395E+20,5.38998E+21,1.11096E+16,4.86436E+16
61699,61700,9,6,79,154,2016,1,17,5,3,2,6,2,0,0,1,0,0,0,0,5.60948E+20,5.51128E+21,9.84608E+15,4.97509E+16
61700,61701,9,7,72,159,2016,1,15,6,3,8,1,0,2,0,1,0,0,0,0,6.28335E+20,5.3608E+21,1.07335E+16,4.83873E+16
61701,61702,9,3,72,142,2016,1,17,7,3,7,7,2,1,0,1,0,0,0,0,7.60492E+20,5.44395E+21,1.25684E+16,4.90932E+16
61702,61703,9,3,74,121,2016,1,16,6,3,8,1,0,2,0,1,0,0,0,0,7.34295E+20,5.50997E+21,1.22491E+16,4.96966E+16
61703,61704,9,1,75,133,2016,1,17,1,3,4,1,2,2,0,1,0,0,0,0,7.10683E+20,5.34187E+21,1.18352E+16,4.81951E+16
61704,61705,9,3,63,0,2016,1,9,5,2,4,2,0,1,0,1,0,0,0,0,7.27941E+20,5.507E+21,1.21594E+16,4.96724E+16
61705,61706,9,5,71,114,2016,1,21,7,3,2,1,2,2,0,1,0,0,1,0,5.99718E+20,5.45535E+21,1.037E+16,4.92428E+16
61706,61707,9,6,73,114,2016,1,14,6,3,2,1,0,0,0,1,0,0,0,0,5.85516E+20,5.57477E+21,1.02012E+16,5.03188E+16
61707,61708,9,1,81,146,2016,1,10,6,3,9,1,0,1,0,1,0,0,0,0,6.48661E+20,5.32435E+21,1.09951E+16,4.80551E+16
61708,61709,9,5,74,156,2016,1,7,5,3,3,6,0,0,0,1,0,0,0,0,6.58855E+20,5.4816E+21,1.11925E+16,4.94663E+16
61709,61710,9,5,71,136,2016,1,16,6,3,8,1,1,2,0,1,0,0,0,0,5.92422E+20,5.43564E+21,1.02653E+16,4.90667E+16
61710,61711,9,2,72,120,2016,1,23,7,3,4,1,2,2,0,1,0,0,0,0,8.25293E+20,5.42234E+21,1.34363E+16,4.88686E+16
61711,61712,9,1,63,0,2016,1,6,5,3,5,3,2,0,1,1,0,0,0,0,7.33733E+20,5.30369E+21,1.21241E+16,4.7844E+16
61712,61713,9,5,73,134,2016,1,8,5,1,5,3,1,1,1,1,0,0,0,0,6.40813E+20,5.47744E+21,1.09421E+16,4.94333E+16
61713,61714,9,1,87,177,2016,1,15,5,3,0,1,0,1,1,0,0,0,0,0,7.36646E+20,5.30561E+21,1.2164E+16,4.78602E+16
61714,61715,9,3,76,163,2016,1,13,6,3,5,3,0,1,0,1,0,0,0,0,7.25667E+20,5.47423E+21,1.21092E+16,4.93789E+16
61715,61716,9,7,78,180,2016,1,8,7,3,9,6,1,1,0,1,0,0,1,0,6.05115E+20,5.32112E+21,1.04101E+16,4.80347E+16
61716,61717,9,3,77,157,2016,1,10,5,3,5,3,0,1,0,1,0,0,0,0,7.18873E+20,5.54112E+21,1.20531E+16,4.99822E+16
61717,61718,9,5,74,164,2016,1,9,6,3,9,1,0,2,0,1,0,0,0,0,6.69998E+20,5.47554E+21,1.13435E+16,4.94088E+16
61718,61719,9,5,64,0,2016,1,15,5,3,2,6,0,0,0,1,0,0,0,0,6.47743E+20,5.47968E+21,1.10385E+16,4.94518E+16
61719,61720,9,4,78,139,2016,1,6,6,3,6,4,2,1,1,0,1,0,0,0,6.47087E+20,5.55781E+21,1.1059E+16,5.01542E+16
61720,61721,9,1,73,124,2016,1,8,7,3,2,6,0,2,0,1,0,0,0,0,6.9246E+20,5.28925E+21,1.15667E+16,4.77279E+16
61721,61722,9,6,71,134,2016,1,5,5,3,0,7,2,2,1,0,0,0,0,0,5.00368E+20,5.54574E+21,9.00513E+15,5.00639E+16
61722,61723,9,2,73,141,2016,1,20,6,2,9,1,2,2,0,1,0,0,0,0,7.23251E+20,5.41793E+21,1.20448E+16,4.88741E+16
61723,61724,9,3,73,151,2016,1,11,5,2,8,1,0,0,0,1,0,0,1,0,6.95959E+20,5.45143E+21,1.16892E+16,4.91843E+16
61724,61725,9,1,62,0,2016,1,12,5,3,3,6,0,0,0,1,0,0,1,0,6.87384E+20,5.33177E+21,1.15175E+16,4.81116E+16
61725,61726,9,2,77,149,2016,1,19,6,3,4,6,2,2,0,1,0,0,0,0,8.00923E+20,5.36619E+21,1.30642E+16,4.8377E+16
61726,61727,9,2,75,114,2016,1,22,6,3,8,6,2,2,0,1,0,0,0,1,8.02922E+20,5.39036E+21,1.31086E+16,4.85929E+16
61727,61728,9,3,75,180,2016,1,14,5,3,5,3,0,0,0,1,0,0,0,0,7.24228E+20,5.42929E+21,1.20643E+16,4.89758E+16
61728,61729,9,1,75,139,2016,1,17,6,3,2,6,2,2,0,1,0,0,0,0,7.09871E+20,5.33001E+21,1.18184E+16,4.80888E+16
61729,61730,9,7,78,158,2016,1,6,6,3,4,6,2,2,0,1,0,0,0,0,6.0999E+20,5.33964E+21,1.04802E+16,4.82005E+16
61730,61731,9,5,77,136,2016,1,16,6,3,9,1,2,2,0,1,0,0,0,0,6.24812E+20,5.44033E+21,1.071E+16,4.91032E+16
61731,61732,9,5,61,0,2016,1,19,7,3,4,1,2,2,0,1,0,0,0,0,6.1432E+20,5.46072E+21,1.05721E+16,4.92886E+16
61732,61733,9,4,72,199,2016,1,14,6,3,5,3,0,2,0,1,0,0,0,1,6.92606E+20,5.53889E+21,1.16861E+16,4.99713E+16
61733,61734,9,1,86,132,2016,1,23,7,3,9,1,2,2,0,1,0,0,0,0,6.78806E+20,5.3691E+21,1.14182E+16,4.84496E+16
61734,61735,9,1,89,157,2016,1,14,1,3,2,6,0,1,0,1,0,0,0,0,7.63595E+20,5.32511E+21,1.25356E+16,4.80248E+16
61735,61736,9,7,76,127,2016,1,15,7,3,4,1,1,2,0,1,0,0,0,0,5.75701E+20,5.2728E+21,1.00071E+16,4.76042E+16
61736,61737,9,1,90,131,2016,1,21,6,2,0,1,2,1,1,0,0,0,0,0,6.60519E+20,5.29355E+21,1.11426E+16,4.77753E+16
61737,61738,9,3,75,183,2016,1,18,5,2,5,3,2,0,0,1,0,0,0,0,7.43442E+20,5.4292E+21,1.23264E+16,4.89678E+16
61738,61739,9,1,82,133,2016,1,16,6,3,4,1,1,2,0,1,0,0,0,0,7.06376E+20,5.30588E+21,1.17599E+16,4.78731E+16
61739,61740,9,7,72,147,2016,1,15,5,3,3,6,0,0,0,1,0,0,1,0,6.38669E+20,5.36352E+21,1.08739E+16,4.84096E+16
61740,61741,9,7,79,181,2016,1,13,6,1,8,1,0,2,0,1,0,0,0,0,6.31925E+20,5.39265E+21,1.0792E+16,4.86729E+16
61741,61742,9,4,61,0,2016,1,16,7,3,5,3,0,1,0,1,0,0,0,0,6.37079E+20,5.53041E+21,1.09092E+16,4.99103E+16
61742,61743,9,7,77,130,2016,1,8,6,2,8,1,0,2,0,1,0,0,0,0,6.2404E+20,5.30997E+21,1.06606E+16,4.79311E+16
61743,61744,9,4,72,118,2016,1,15,7,2,2,1,0,0,0,1,0,0,1,0,6.75741E+20,5.50202E+21,1.14344E+16,4.96451E+16
61744,61745,9,4,71,142,2016,1,17,6,2,4,6,2,2,0,1,0,0,0,0,6.56775E+20,5.52467E+21,1.1181E+16,4.98539E+16
61745,61746,9,1,75,118,2016,1,5,7,3,9,1,2,2,0,1,0,0,0,0,7.14494E+20,5.33984E+21,1.18854E+16,4.81756E+16
61746,61747,9,1,87,157,2016,1,16,1,3,9,1,1,2,0,1,0,0,0,0,7.36957E+20,5.2856E+21,1.21573E+16,4.76803E+16
61747,61748,9,3,72,161,2016,1,17,5,3,5,3,2,1,0,1,0,0,0,0,7.57175E+20,5.46248E+21,1.25349E+16,4.9261E+16
61748,61749,9,6,72,122,2016,1,10,7,3,8,1,0,1,0,1,0,0,0,0,5.74898E+20,5.55821E+21,1.00488E+16,5.01714E+16
61749,61750,9,1,82,133,2016,1,17,6,3,2,6,2,1,0,1,0,0,0,0,7.04616E+20,5.30757E+21,1.17372E+16,4.78888E+16
61750,61751,9,3,73,156,2016,1,8,5,3,8,1,0,1,0,1,0,0,0,0,6.62953E+20,5.46569E+21,1.12425E+16,4.93222E+16
61751,61752,9,1,76,126,2016,1,19,6,3,4,1,2,2,0,1,0,0,0,0,6.74707E+20,5.40728E+21,1.13789E+16,4.87939E+16
61752,61753,9,6,75,174,2016,1,15,5,3,5,3,0,0,0,1,0,0,0,0,5.89247E+20,5.52379E+21,1.02417E+16,4.98599E+16
61753,61754,9,5,64,0,2016,1,6,5,3,6,4,1,1,0,1,1,0,0,0,6.51875E+20,5.48167E+21,1.10962E+16,4.94687E+16
61754,61755,9,3,76,161,2016,1,17,7,3,4,2,2,2,0,1,0,0,0,0,7.25677E+20,5.46767E+21,1.21056E+16,4.932E+16
61755,61756,9,1,61,0,2016,1,23,5,2,6,4,2,1,0,0,1,0,0,1,6.80793E+20,5.40545E+21,1.14609E+16,4.87758E+16
61756,61757,9,3,74,129,2016,1,7,6,3,5,3,0,2,0,1,0,0,0,0,6.93858E+20,5.5156E+21,1.16919E+16,4.97615E+16
61757,61758,9,1,75,122,2016,1,3,1,3,4,1,2,2,0,1,0,0,0,0,7.23474E+20,5.32227E+21,1.19968E+16,4.80146E+16
61758,61759,9,3,72,116,2016,1,9,5,3,2,6,0,1,0,1,0,0,0,0,7.67766E+20,5.45771E+21,1.2677E+16,4.92136E+16
61759,61760,9,3,63,0,2016,1,17,6,3,0,1,2,2,1,0,0,0,0,0,7.28032E+20,5.50701E+21,1.21607E+16,4.96724E+16
61760,61761,9,1,81,140,2016,1,20,1,2,9,1,2,1,0,1,0,0,0,0,6.4274E+20,5.32445E+21,1.09157E+16,4.80573E+16
61761,61762,9,3,76,125,2016,1,17,5,2,2,6,2,1,0,1,0,0,0,1,7.20492E+20,5.47668E+21,1.20393E+16,4.94028E+16
61762,61763,9,6,71,124,2016,1,16,7,3,5,3,1,1,0,1,0,0,0,0,5.14484E+20,5.53475E+21,9.20195E+15,4.99649E+16
61763,61764,9,6,77,128,2016,1,7,6,3,4,6,1,2,0,1,0,0,0,1,5.38882E+20,5.55153E+21,9.54383E+15,5.01148E+16
61764,61765,9,1,88,139,2016,1,6,6,3,8,1,2,2,0,1,0,0,0,0,6.67374E+20,5.31683E+21,1.12431E+16,4.79829E+16
61765,61766,9,5,64,0,2016,1,7,5,3,2,6,0,1,0,1,0,0,0,0,6.52794E+20,5.48069E+21,1.11085E+16,4.94596E+16
61766,61767,9,1,61,0,2016,1,23,5,3,9,1,2,1,0,1,0,0,1,1,6.80775E+20,5.40565E+21,1.14607E+16,4.87775E+16
61767,61768,9,2,78,159,2016,1,20,6,3,4,1,2,2,0,1,0,0,0,0,7.80466E+20,5.42059E+21,1.28253E+16,4.88747E+16
61768,61769,9,3,75,190,2016,1,12,5,3,2,1,0,0,0,1,0,0,0,0,7.26484E+20,5.44974E+21,1.21066E+16,4.91586E+16
61769,61770,9,1,75,115,2016,1,17,7,3,4,1,2,2,0,1,0,0,0,0,7.20203E+20,5.33178E+21,1.19579E+16,4.81012E+16
61770,61771,9,5,64,0,2016,1,15,6,3,2,6,1,2,0,1,0,0,0,0,6.48091E+20,5.47694E+21,1.10423E+16,4.94271E+16
61771,61772,9,4,72,118,2016,1,12,6,3,3,1,0,2,0,1,0,0,0,0,6.75757E+20,5.50207E+21,1.14347E+16,4.96455E+16
61772,61773,9,1,87,126,2016,1,23,7,3,4,6,2,2,0,1,0,0,0,0,7.41751E+20,5.32593E+21,1.22436E+16,4.80408E+16
61773,61774,9,5,74,141,2016,1,9,6,3,8,1,0,2,0,1,0,0,0,0,6.68142E+20,5.49026E+21,1.13242E+16,4.95416E+16
61774,61775,9,1,79,123,2016,1,6,6,3,5,2,1,1,0,1,0,0,0,1,6.77443E+20,5.33197E+21,1.13842E+16,4.81162E+16
61775,61776,9,5,64,0,2016,1,8,5,3,0,1,0,2,0,0,0,1,0,0,6.45823E+20,5.48114E+21,1.10126E+16,4.94654E+16
61776,61777,9,5,71,174,2016,1,13,6,3,5,3,0,1,1,1,0,0,0,0,6.02578E+20,5.46153E+21,1.04109E+16,4.92979E+16
61777,61778,9,1,90,132,2016,1,12,7,3,5,3,0,1,0,1,0,0,0,0,6.75311E+20,5.29374E+21,1.134E+16,4.77732E+16
61778,61779,9,2,75,121,2016,1,15,6,2,8,1,0,2,0,1,1,0,0,0,8.1735E+20,5.40547E+21,1.33153E+16,4.87213E+16
61779,61780,9,2,63,0,2016,1,16,5,2,0,1,0,1,1,0,0,0,0,0,7.61185E+20,5.42062E+21,1.25629E+16,4.88834E+16
61780,61781,9,1,77,130,2016,1,21,6,3,9,1,2,1,0,1,0,0,1,0,7.12616E+20,5.35219E+21,1.18663E+16,4.82872E+16
61781,61782,9,7,77,179,2016,1,8,6,3,4,2,0,2,0,1,0,0,0,0,6.15132E+20,5.28498E+21,1.05348E+16,4.77079E+16
61782,61783,9,5,61,0,2016,1,14,7,3,5,3,0,0,0,1,0,0,0,0,6.13385E+20,5.46311E+21,1.05599E+16,4.93102E+16
61783,61784,9,4,74,126,2016,1,20,6,3,3,1,2,1,0,1,0,0,0,0,6.48149E+20,5.51206E+21,1.10563E+16,4.97428E+16
61784,61785,9,1,74,126,2016,1,16,7,3,4,2,0,1,0,1,0,0,0,0,6.83749E+20,5.34389E+21,1.1474E+16,4.82216E+16
61785,61786,9,1,89,155,2016,1,5,1,3,8,1,2,2,0,1,0,0,0,0,7.74343E+20,5.30824E+21,1.26687E+16,4.78689E+16
61786,61787,9,1,87,118,2016,1,14,1,3,2,6,0,2,0,1,0,0,0,0,7.51144E+20,5.30095E+21,1.23548E+16,4.78129E+16
61787,61788,9,7,72,223,2016,1,8,7,3,9,1,0,2,0,1,0,0,0,0,6.19644E+20,5.36317E+21,1.06168E+16,4.84103E+16
61788,61789,9,1,90,133,2016,1,19,6,3,8,1,2,2,0,1,0,0,0,0,6.35538E+20,5.29601E+21,1.08101E+16,4.78032E+16
61789,61790,9,2,63,0,2016,1,17,5,3,2,6,2,1,0,1,0,0,0,0,7.65017E+20,5.42218E+21,1.26161E+16,4.88959E+16
61790,61791,9,7,78,203,2016,1,14,7,3,5,2,0,1,0,1,0,0,1,0,6.2064E+20,5.32238E+21,1.06186E+16,4.80433E+16
61791,61792,9,2,79,132,2016,1,7,6,3,2,2,0,1,0,1,0,0,0,0,7.7039E+20,5.40033E+21,1.26749E+16,4.86973E+16
61792,61793,9,2,78,190,2016,1,16,5,3,5,3,1,0,0,1,0,0,0,0,7.63335E+20,5.42799E+21,1.25969E+16,4.89487E+16
61793,61794,9,1,62,0,2016,1,13,5,3,0,7,0,1,0,0,0,0,0,1,6.93598E+20,5.33711E+21,1.16033E+16,4.81577E+16
61794,61795,9,7,77,158,2016,1,14,6,3,0,1,0,2,0,1,0,0,0,0,6.20166E+20,5.30728E+21,1.0608E+16,4.79076E+16
61795,61796,9,4,71,195,2016,1,23,7,3,9,1,2,2,0,1,0,0,0,0,6.42367E+20,5.52439E+21,1.09806E+16,4.9855E+16
61796,61797,9,4,71,195,2016,1,16,6,2,9,1,1,2,0,1,0,0,0,0,6.44407E+20,5.52799E+21,1.10103E+16,4.98869E+16
61797,61798,9,1,61,0,2016,1,14,1,2,4,1,0,2,0,1,0,0,0,0,6.79097E+20,5.40511E+21,1.14376E+16,4.87732E+16
61798,61799,9,2,75,134,2016,1,9,5,1,3,1,0,0,0,1,0,0,1,0,8.23604E+20,5.37434E+21,1.33759E+16,4.84389E+16
61799,61800,9,6,72,122,2016,1,17,7,1,6,4,2,1,0,1,1,0,0,0,5.73129E+20,5.55556E+21,1.00235E+16,5.01478E+16
61800,61801,9,1,82,133,2016,1,12,6,3,5,3,0,1,0,1,0,0,0,0,7.03356E+20,5.30616E+21,1.17197E+16,4.78766E+16
61801,61802,9,2,75,154,2016,1,19,5,3,8,6,2,0,0,1,0,0,0,0,8.04271E+20,5.39777E+21,1.31323E+16,4.86588E+16
61802,61803,9,7,72,209,2016,1,7,6,3,5,3,0,1,0,1,0,0,0,0,6.34371E+20,5.33575E+21,1.0807E+16,4.81608E+16
61803,61804,9,1,76,111,2016,1,17,6,3,2,6,2,2,0,1,0,0,0,0,6.64181E+20,5.41417E+21,1.12384E+16,4.88588E+16
61804,61805,9,5,64,0,2016,1,12,5,3,6,4,0,0,0,1,1,0,0,0,6.50879E+20,5.47551E+21,1.10802E+16,4.94135E+16
61805,61806,9,2,78,189,2016,1,2,7,2,8,1,2,2,0,1,0,0,0,0,7.65858E+20,5.44221E+21,1.26406E+16,4.90753E+16
61806,61807,9,1,61,0,2016,1,12,6,3,5,2,0,1,1,1,0,0,0,0,6.791E+20,5.40145E+21,1.14361E+16,4.87403E+16
61807,61808,9,7,61,0,2016,1,17,5,3,5,3,2,0,1,1,0,0,0,0,6.42811E+20,5.35985E+21,1.09286E+16,4.83757E+16
61808,61809,9,7,73,170,2016,1,14,6,1,4,6,0,2,0,1,0,0,0,0,5.93131E+20,5.39069E+21,1.02648E+16,4.86623E+16
61809,61810,9,3,77,143,2016,1,16,7,3,9,1,2,1,0,1,0,0,0,0,7.12974E+20,5.53382E+21,1.19669E+16,4.99187E+16
61810,61811,9,3,74,139,2016,1,17,6,3,5,3,2,2,0,1,0,0,0,0,7.28988E+20,5.51405E+21,1.2178E+16,4.97353E+16
61811,61812,9,1,77,133,2016,1,16,1,3,8,1,1,2,0,1,0,0,0,0,7.10597E+20,5.36018E+21,1.18431E+16,4.83596E+16
61812,61813,9,2,75,111,2016,1,15,5,3,0,6,0,0,0,1,0,0,1,0,8.15009E+20,5.40051E+21,1.32798E+16,4.8678E+16
61813,61814,9,5,63,0,2016,1,17,7,3,1,6,2,1,0,1,0,0,0,0,6.43379E+20,5.48534E+21,1.09804E+16,4.95037E+16
61814,61815,9,6,77,148,2016,1,13,6,3,8,1,0,1,0,1,0,0,0,0,5.53145E+20,5.53371E+21,9.74084E+15,4.99533E+16
61815,61816,9,1,81,137,2016,1,12,6,3,4,1,0,2,0,1,0,0,0,0,6.46084E+20,5.3061E+21,1.09543E+16,4.78916E+16
61816,61817,9,5,73,126,2016,1,5,5,3,4,2,2,2,0,1,0,0,0,0,6.35709E+20,5.48289E+21,1.08737E+16,4.94835E+16