FID,OBJECTID,ULAND,UREGBEZ,UKREIS,UGEMEINDE,UJAHR,UMONAT,USTUNDE,UWOCHENTAG,UKATEGORIE,UART,UTYP1,ULICHTVERH,IstStrasse,IstRad,IstPKW,IstFuss,IstKrad,IstGkfz,IstSonstig,LINREFX,LINREFY,XGCSWGS84,YGCSWGS84
61817,61818,9,5,71,145,2016,1,17,6,3,4,1,0,2,0,1,0,0,0,0,5.94784E+20,5.45227E+21,1.03015E+16,4.92159E+16
61818,61819,9,2,72,150,2016,1,10,7,3,9,1,0,1,0,1,0,0,0,0,8.18469E+20,5.40906E+21,1.33332E+16,4.8753E+16
61819,61820,9,1,76,123,2016,1,13,5,2,6,4,0,0,0,1,1,0,0,0,6.58797E+20,5.4173E+21,1.11663E+16,4.88883E+16
61820,61821,9,2,75,154,2016,1,23,6,3,8,1,2,2,0,1,0,0,0,0,8.08441E+20,5.39594E+21,1.31874E+16,4.86403E+16
61821,61822,9,2,75,116,2016,1,16,5,3,5,3,0,0,0,1,0,0,0,0,8.20152E+20,5.36228E+21,1.33201E+16,4.83325E+16
61822,61823,9,1,74,146,2016,1,9,5,3,3,6,0,0,0,1,0,0,0,0,6.66579E+20,5.35105E+21,1.12458E+16,4.82907E+16
61823,61824,9,3,75,208,2016,1,10,6,3,2,6,0,1,0,1,0,0,0,0,7.33109E+20,5.44054E+21,1.2192E+16,4.90735E+16
61824,61825,9,1,62,0,2016,1,15,7,3,4,3,0,1,0,1,0,0,0,0,6.87364E+20,5.33508E+21,1.15187E+16,4.81414E+16
61825,61826,9,2,77,133,2016,1,18,5,3,4,2,2,1,0,1,0,0,0,0,7.67991E+20,5.36755E+21,1.26212E+16,4.84041E+16
61826,61827,9,5,74,155,2016,1,8,6,3,4,6,0,2,0,1,0,0,0,0,6.7384E+20,5.49811E+21,1.14064E+16,4.96105E+16
61827,61828,9,1,74,136,2016,1,13,6,2,5,2,0,1,0,1,0,0,0,0,6.82413E+20,5.36486E+21,1.14651E+16,4.84104E+16
61828,61829,9,5,63,0,2016,1,7,5,3,6,2,2,1,0,1,1,0,0,0,6.44131E+20,5.48E+21,1.09888E+16,4.94555E+16
61829,61830,9,4,63,0,2016,1,13,6,3,3,6,0,2,0,1,0,0,0,0,6.44187E+20,5.56915E+21,1.10228E+16,5.02569E+16
61830,61831,9,1,73,145,2016,1,16,7,3,8,1,0,2,0,1,0,0,0,0,6.90408E+20,5.2971E+21,1.15428E+16,4.7799E+16
61831,61832,9,2,72,118,2016,1,10,6,3,4,1,0,2,0,1,0,0,0,0,8.30747E+20,5.41561E+21,1.3505E+16,4.88053E+16
61832,61833,9,2,77,153,2016,1,13,5,2,4,2,0,0,0,1,0,0,0,0,7.82086E+20,5.362E+21,1.28076E+16,4.83481E+16
61833,61834,9,1,77,123,2016,1,21,6,3,4,1,2,2,0,1,0,0,0,0,7.26343E+20,5.34439E+21,1.20469E+16,4.82124E+16
61834,61835,9,7,76,130,2016,1,6,6,3,5,2,2,2,0,1,0,0,0,0,5.55203E+20,5.26976E+21,9.73407E+15,4.75789E+16
61835,61836,9,4,63,0,2016,1,14,7,3,2,6,0,1,0,1,0,0,0,0,6.405E+20,5.57081E+21,1.09717E+16,5.02727E+16
61836,61837,9,1,75,132,2016,1,13,6,3,2,2,0,1,0,1,0,0,0,0,7.04883E+20,5.33578E+21,1.17543E+16,4.81423E+16
61837,61838,9,7,75,135,2016,1,7,6,3,1,6,0,1,0,1,0,0,0,0,5.73207E+20,5.35992E+21,9.98883E+15,4.83882E+16
61838,61839,9,5,77,173,2016,1,13,6,3,9,1,0,2,0,1,0,0,0,0,6.44285E+20,5.42619E+21,1.09716E+16,4.89718E+16
61839,61840,9,5,77,177,2016,1,7,5,3,7,7,1,0,0,1,0,0,0,0,6.48354E+20,5.42709E+21,1.10275E+16,4.89789E+16
61840,61841,9,4,77,138,2016,1,14,6,3,4,1,0,2,0,1,0,0,0,0,6.8718E+20,5.56019E+21,1.16209E+16,5.01643E+16
61841,61842,9,1,87,130,2016,1,13,7,3,4,6,0,2,0,1,0,0,0,0,7.11608E+20,5.31043E+21,1.18321E+16,4.79122E+16
61842,61843,9,7,76,117,2016,1,17,7,3,4,1,2,2,0,1,0,0,0,0,5.66467E+20,5.27239E+21,9.88425E+15,4.76015E+16
61843,61844,9,2,79,128,2016,1,20,6,2,8,1,2,2,0,1,0,0,0,0,7.52452E+20,5.39586E+21,1.24288E+16,4.86648E+16
61844,61845,9,2,74,176,2016,1,11,5,3,5,3,0,1,1,1,0,0,0,0,7.21126E+20,5.39819E+21,1.20052E+16,4.86975E+16
61845,61846,9,7,75,162,2016,1,7,5,3,2,6,1,1,0,1,0,0,0,0,5.8283E+20,5.34869E+21,1.01166E+16,4.8286E+16
61846,61847,9,7,77,130,2016,1,9,6,2,1,1,0,1,0,1,0,0,0,0,6.24823E+20,5.3118E+21,1.06717E+16,4.79473E+16
61847,61848,9,4,71,131,2016,1,22,7,3,9,1,2,2,0,1,0,0,0,0,6.35153E+20,5.51782E+21,1.0878E+16,4.97976E+16
61848,61849,9,4,61,0,2016,1,15,6,3,1,6,0,1,0,1,0,0,0,0,6.36409E+20,5.53132E+21,1.09002E+16,4.99187E+16
61849,61850,9,1,61,0,2016,1,20,1,3,5,2,2,2,0,1,0,0,0,1,6.79132E+20,5.40494E+21,1.14381E+16,4.87717E+16
61850,61851,9,2,74,126,2016,1,11,5,3,2,6,0,1,0,1,0,0,0,0,7.34015E+20,5.38357E+21,1.21719E+16,4.85615E+16
61851,61852,9,6,72,138,2016,1,16,7,3,5,3,2,2,0,1,0,0,0,0,5.60215E+20,5.57216E+21,9.84546E+15,5.02985E+16
61852,61853,9,4,71,120,2016,1,15,6,2,0,1,0,2,0,1,0,0,0,0,6.29844E+20,5.52163E+21,1.08056E+16,4.9833E+16
61853,61854,9,1,62,0,2016,1,9,7,2,8,6,0,0,0,1,0,0,0,0,6.90383E+20,5.3447E+21,1.15636E+16,4.8227E+16
61854,61855,9,1,89,129,2016,1,17,1,3,2,1,2,2,0,1,0,0,0,1,7.5931E+20,5.29632E+21,1.24609E+16,4.7768E+16
61855,61856,9,1,82,119,2016,1,15,1,2,4,1,0,2,0,1,1,1,0,0,7.12033E+20,5.29265E+21,1.1829E+16,4.77523E+16
61856,61857,9,7,61,0,2016,1,17,7,3,2,6,2,1,0,1,0,0,0,0,6.42125E+20,5.36315E+21,1.09204E+16,4.84055E+16
61857,61858,9,1,89,155,2016,1,1,6,2,8,1,2,1,0,1,0,0,0,0,7.7309E+20,5.30771E+21,1.26516E+16,4.78646E+16
61858,61859,9,2,74,113,2016,1,15,5,3,5,3,0,0,0,1,0,0,0,0,7.27787E+20,5.38129E+21,1.20864E+16,4.85433E+16
61859,61860,9,1,85,149,2016,1,16,6,3,8,1,0,2,0,1,0,0,0,0,6.61655E+20,5.40178E+21,1.11991E+16,4.8748E+16
61860,61861,9,6,63,0,2016,1,10,5,2,5,2,0,1,1,1,0,0,0,0,5.65988E+20,5.51651E+21,9.91691E+15,4.97974E+16
61861,61862,9,7,72,216,2016,1,7,6,2,5,2,2,2,0,1,0,1,0,0,6.23316E+20,5.36649E+21,1.06674E+16,4.84395E+16
61862,61863,9,3,71,151,2016,1,23,7,3,4,1,2,2,0,1,0,0,0,0,6.99033E+20,5.48678E+21,1.1749E+16,4.95009E+16
61863,61864,9,3,74,149,2016,1,6,6,3,1,7,2,1,0,1,0,0,0,0,7.12559E+20,5.51369E+21,1.19501E+16,4.97381E+16
61864,61865,9,1,77,113,2016,1,12,1,3,2,6,0,1,0,1,0,0,0,0,7.21633E+20,5.35736E+21,1.19904E+16,4.83305E+16
61865,61866,9,2,73,137,2016,1,20,5,3,1,1,2,1,0,1,0,0,0,0,7.12597E+20,5.421E+21,1.19013E+16,4.89054E+16
61866,61867,9,6,78,176,2016,1,18,6,3,2,3,2,1,0,1,0,0,0,0,5.88829E+20,5.53844E+21,1.02393E+16,4.99917E+16
61867,61868,9,1,88,144,2016,1,19,6,3,8,1,2,1,0,1,0,0,0,0,6.68943E+20,5.32545E+21,1.12675E+16,4.80599E+16
61868,61869,9,5,77,172,2016,1,6,5,3,5,3,2,1,0,1,0,0,0,0,6.32677E+20,5.43874E+21,1.08172E+16,4.90872E+16
61869,61870,9,6,79,176,2016,1,14,6,3,5,3,0,1,0,1,0,0,0,0,5.67826E+20,5.50503E+21,9.94045E+15,4.9694E+16
61870,61871,9,1,88,139,2016,1,16,6,3,2,6,1,1,0,1,0,0,0,1,6.74604E+20,5.31918E+21,1.13408E+16,4.8002E+16
61871,61872,9,5,71,145,2016,1,15,5,3,6,2,0,0,0,1,1,0,0,0,5.96726E+20,5.44665E+21,1.03268E+16,4.9165E+16
61872,61873,9,1,74,113,2016,1,17,5,3,2,6,2,0,0,1,0,0,0,0,6.7303E+20,5.3459E+21,1.13306E+16,4.82427E+16
61873,61874,9,3,71,156,2016,1,8,6,2,5,3,0,1,0,1,0,0,0,0,7.04183E+20,5.50098E+21,1.18274E+16,4.96269E+16
61874,61875,9,7,75,135,2016,1,20,7,3,9,1,2,2,0,1,0,0,1,0,5.80474E+20,5.36036E+21,1.00871E+16,4.83913E+16
61875,61876,9,1,90,148,2016,1,19,5,3,9,1,2,2,0,1,0,0,0,0,6.40171E+20,5.29511E+21,1.08717E+16,4.77941E+16
61876,61877,9,5,64,0,2016,1,7,6,3,5,3,1,2,1,1,0,0,0,0,6.52142E+20,5.47752E+21,1.10983E+16,4.94313E+16
61877,61878,9,4,64,0,2016,1,8,5,3,2,6,0,1,0,1,0,0,1,0,7.07322E+20,5.57903E+21,1.19129E+16,5.03269E+16
61878,61879,9,4,73,144,2016,1,18,6,3,9,1,2,2,0,1,0,0,0,0,6.36403E+20,5.5759E+21,1.09161E+16,5.03194E+16
61879,61880,9,1,72,134,2016,1,16,7,3,4,6,1,1,0,1,0,0,0,0,7.90438E+20,5.30605E+21,1.2882E+16,4.78421E+16
61880,61881,9,7,75,164,2016,1,13,7,3,2,7,0,1,0,1,0,0,0,1,5.86413E+20,5.34775E+21,1.01647E+16,4.82771E+16
61881,61882,9,2,74,182,2016,1,8,6,3,9,1,1,1,0,1,0,0,0,0,7.31475E+20,5.37475E+21,1.21326E+16,4.84832E+16
61882,61883,9,5,75,143,2016,1,16,6,2,4,1,1,1,0,1,0,0,0,0,5.99333E+20,5.4761E+21,1.03699E+16,4.94294E+16
61883,61884,9,2,73,165,2016,1,5,7,3,8,1,2,1,0,1,0,0,0,0,7.19214E+20,5.40593E+21,1.19834E+16,4.87678E+16
61884,61885,9,2,77,126,2016,1,6,6,3,8,1,2,2,0,1,0,0,0,0,7.89318E+20,5.38286E+21,1.29193E+16,4.8532E+16
61885,61886,9,2,77,148,2016,1,22,6,3,8,1,2,2,0,1,0,0,0,0,7.88675E+20,5.35834E+21,1.28938E+16,4.83123E+16
61886,61887,9,1,73,118,2016,1,19,5,3,9,1,2,2,0,1,0,0,0,0,6.96989E+20,5.30875E+21,1.16359E+16,4.79018E+16
61887,61888,9,1,78,155,2016,1,7,6,3,4,1,0,2,0,1,0,0,0,1,7.18547E+20,5.37585E+21,1.19585E+16,4.84977E+16
61888,61889,9,7,74,185,2016,1,16,6,1,4,6,1,2,0,1,0,0,1,0,6.10665E+20,5.34946E+21,1.04919E+16,4.82887E+16
61889,61890,9,5,75,113,2016,1,13,6,3,5,2,0,1,0,1,0,0,0,0,6.10984E+20,5.49795E+21,1.05367E+16,4.96239E+16
61890,61891,9,5,61,0,2016,1,19,7,3,9,1,2,2,0,1,0,0,0,0,6.12638E+20,5.46078E+21,1.0549E+16,4.92894E+16
61891,61892,9,4,72,199,2016,1,13,6,3,8,1,0,2,0,1,0,0,0,0,6.97826E+20,5.53426E+21,1.17564E+16,4.99279E+16
61892,61893,9,1,74,147,2016,1,8,7,3,8,1,0,2,0,1,0,0,0,0,6.75899E+20,5.36701E+21,1.1378E+16,4.84316E+16
61893,61894,9,1,89,115,2016,1,17,1,3,5,3,2,2,0,1,0,0,0,0,7.63829E+20,5.33518E+21,1.25449E+16,4.81152E+16
61894,61895,9,7,73,113,2016,1,17,7,3,8,1,2,2,0,1,0,0,0,0,5.9827E+20,5.37761E+21,1.03314E+16,4.85439E+16
61895,61896,9,1,90,140,2016,1,14,6,3,9,1,0,2,0,1,0,0,0,0,6.46523E+20,5.29583E+21,1.09567E+16,4.77992E+16
61896,61897,9,1,73,118,2016,1,7,5,3,4,6,1,0,0,1,0,0,0,1,6.95992E+20,5.30743E+21,1.16219E+16,4.78903E+16
61897,61898,9,1,82,136,2016,1,15,6,3,8,1,0,2,0,1,0,0,0,0,7.0365E+20,5.29807E+21,1.17199E+16,4.78038E+16
61898,61899,9,7,61,0,2016,1,14,5,3,2,6,0,0,0,1,0,0,0,0,6.41329E+20,5.35576E+21,1.09072E+16,4.83392E+16
61899,61900,9,7,73,122,2016,1,23,6,3,8,6,2,2,0,1,0,0,0,0,6.29648E+20,5.38792E+21,1.07596E+16,4.86309E+16
61900,61901,9,1,80,117,2016,1,12,5,2,5,3,0,0,1,1,0,0,0,0,6.58742E+20,5.26202E+21,1.11075E+16,4.74922E+16
61901,61902,9,1,62,0,2016,1,12,5,3,5,3,0,0,0,1,0,0,0,0,6.87661E+20,5.33341E+21,1.1522E+16,4.81262E+16
61902,61903,9,7,77,114,2016,1,23,6,3,9,1,2,2,0,1,0,0,0,0,6.16659E+20,5.31359E+21,1.05628E+16,4.7965E+16
61903,61904,9,4,72,127,2016,1,14,7,2,9,1,0,2,0,1,0,0,0,0,6.87627E+20,5.52854E+21,1.16117E+16,4.98798E+16
61904,61905,9,1,87,157,2016,1,13,1,3,5,3,0,2,0,1,0,0,0,0,7.39713E+20,5.28201E+21,1.21919E+16,4.7647E+16
61905,61906,9,1,89,157,2016,1,13,5,3,5,3,0,0,1,1,0,0,0,0,7.65607E+20,5.32574E+21,1.25629E+16,4.80297E+16
61906,61907,9,6,72,122,2016,1,22,7,3,9,1,2,2,0,1,0,0,0,0,5.74744E+20,5.55806E+21,1.00466E+16,5.01701E+16
61907,61908,9,1,63,0,2016,1,17,6,3,5,3,1,0,0,1,0,0,0,0,7.3257E+20,5.30203E+21,1.21077E+16,4.78295E+16
61908,61909,9,1,89,140,2016,1,19,5,3,5,2,2,0,0,1,0,0,0,0,7.73522E+20,5.29607E+21,1.26501E+16,4.77599E+16
61909,61910,9,1,61,0,2016,1,7,6,3,8,1,1,2,0,1,0,0,0,0,6.69042E+20,5.40518E+21,1.13009E+16,4.87766E+16
61910,61911,9,4,64,0,2016,1,7,5,3,5,2,0,1,0,1,0,0,0,0,7.08021E+20,5.57772E+21,1.1922E+16,5.03148E+16
61911,61912,9,2,71,111,2016,1,0,7,3,9,1,2,2,0,1,0,0,0,0,7.85163E+20,5.40576E+21,1.28789E+16,4.87395E+16
61912,61913,9,1,74,121,2016,1,16,5,3,2,6,0,0,0,1,0,0,0,0,6.90613E+20,5.35643E+21,1.15719E+16,4.83322E+16
61913,61914,9,3,72,171,2016,1,17,6,3,4,6,2,2,0,1,0,0,0,0,7.67146E+20,5.47085E+21,1.26773E+16,4.93318E+16
61914,61915,9,1,84,135,2016,1,9,7,3,2,6,0,2,0,1,0,0,0,0,6.92544E+20,5.349E+21,1.15946E+16,4.82649E+16
61915,61916,9,2,77,124,2016,1,10,2,3,4,1,0,2,0,1,0,0,0,0,7.82641E+20,5.36877E+21,1.28196E+16,4.84086E+16
61916,61917,9,1,76,139,2016,1,14,2,3,4,2,0,0,0,1,0,0,0,0,6.81953E+20,5.40938E+21,1.14784E+16,4.88108E+16
61917,61918,9,5,76,122,2016,1,11,1,3,9,1,0,2,0,1,0,0,0,0,6.68693E+20,5.43761E+21,1.13096E+16,4.90683E+16
61918,61919,9,2,61,0,2016,1,7,5,3,3,6,1,2,0,1,0,1,0,0,7.31578E+20,5.38158E+21,1.21378E+16,4.85445E+16
61919,61920,9,7,64,0,2016,1,6,2,3,2,6,2,0,0,1,0,0,0,0,5.85837E+20,5.31559E+21,1.01504E+16,4.79879E+16
61920,61921,9,1,89,119,2016,1,16,4,3,5,3,0,1,0,1,0,0,0,0,7.68407E+20,5.30848E+21,1.25896E+16,4.78735E+16
61921,61922,9,3,77,158,2016,1,11,4,3,8,1,0,1,0,1,0,0,0,0,7.40006E+20,5.54446E+21,1.23495E+16,5.00041E+16
61922,61923,9,4,74,124,2016,1,17,2,3,8,1,2,2,0,1,0,0,0,0,6.62551E+20,5.50898E+21,1.12548E+16,4.97113E+16
61923,61924,9,1,77,115,2016,1,7,2,3,2,1,1,2,0,1,0,0,0,0,7.34502E+20,5.34997E+21,1.21597E+16,4.82595E+16
61924,61925,9,1,79,119,2016,1,11,4,3,4,2,0,0,0,1,0,0,0,0,6.69407E+20,5.33881E+21,1.1279E+16,4.81799E+16
61925,61926,9,6,77,203,2016,1,7,3,3,2,6,1,0,0,1,0,0,0,0,5.58603E+20,5.52904E+21,9.81621E+15,4.99109E+16
61926,61927,9,2,72,120,2016,1,12,1,3,2,2,0,1,0,1,0,0,0,0,8.20737E+20,5.41877E+21,1.33716E+16,4.88389E+16
61927,61928,9,1,84,131,2016,1,11,2,3,2,6,0,1,0,0,0,0,1,0,7.04434E+20,5.33751E+21,1.17491E+16,4.8158E+16
61928,61929,9,1,87,165,2016,1,16,5,2,2,2,1,2,0,1,0,0,0,0,7.32707E+20,5.29428E+21,1.21054E+16,4.77599E+16
61929,61930,9,4,72,127,2016,1,9,3,2,5,2,0,0,0,1,0,0,0,0,6.8837E+20,5.5238E+21,1.16197E+16,4.9837E+16
61930,61931,9,2,75,152,2016,1,14,3,3,8,6,0,1,0,1,0,0,0,0,8.20468E+20,5.40692E+21,1.33587E+16,4.87328E+16
61931,61932,9,1,81,127,2016,1,9,4,3,0,6,0,1,0,1,0,0,0,1,6.34094E+20,5.3226E+21,1.07991E+16,4.80426E+16
61932,61933,9,1,87,125,2016,1,11,4,2,4,6,0,2,0,1,0,0,0,0,7.5145E+20,5.31174E+21,1.23652E+16,4.79097E+16
61933,61934,9,2,71,127,2016,1,19,4,3,4,6,2,2,0,1,0,0,0,0,8.07993E+20,5.40567E+21,1.31886E+16,4.87279E+16
61934,61935,9,3,76,122,2016,1,9,2,3,9,1,0,0,0,1,0,0,0,0,7.46103E+20,5.4778E+21,1.23925E+16,4.94031E+16
61935,61936,9,7,74,155,2016,1,17,1,3,7,1,1,2,0,1,0,0,0,0,5.89604E+20,5.36756E+21,1.02119E+16,4.84548E+16
61936,61937,9,1,62,0,2016,1,17,3,2,3,6,2,1,0,1,0,0,0,0,6.90758E+20,5.33204E+21,1.15629E+16,4.8113E+16
61937,61938,9,5,62,0,2016,1,7,3,3,5,3,2,0,1,1,0,0,0,0,6.41881E+20,5.49147E+21,1.09619E+16,4.95591E+16
61938,61939,9,4,61,0,2016,1,22,5,3,6,7,2,1,0,1,1,0,0,0,6.37821E+20,5.53012E+21,1.09195E+16,4.99075E+16
61939,61940,9,6,79,201,2016,1,15,2,3,5,3,0,0,0,1,0,0,0,1,5.76201E+20,5.52454E+21,1.00604E+16,4.98684E+16
61940,61941,9,1,76,137,2016,1,5,5,2,8,1,2,2,0,1,0,0,0,0,6.78994E+20,5.43243E+21,1.14482E+16,4.90188E+16
61941,61942,9,7,63,0,2016,1,14,4,3,2,6,0,1,0,1,0,0,0,0,5.9937E+20,5.28933E+21,1.03257E+16,4.77497E+16
61942,61943,9,3,74,133,2016,1,10,3,3,3,7,0,0,0,1,0,0,0,0,7.27723E+20,5.49659E+21,1.21503E+16,4.95789E+16
61943,61944,9,2,72,139,2016,1,19,3,1,4,1,2,0,0,1,0,0,1,0,8.42729E+20,5.42111E+21,1.36723E+16,4.88482E+16
61944,61945,9,2,78,170,2016,1,18,2,3,2,6,0,0,0,1,0,0,0,0,7.65273E+20,5.42424E+21,1.26209E+16,4.89142E+16
61945,61946,9,7,72,223,2016,1,11,3,2,9,1,0,0,0,1,0,0,0,0,6.21327E+20,5.36319E+21,1.06395E+16,4.84101E+16
61946,61947,9,4,78,139,2016,1,16,3,3,2,6,1,0,0,1,0,0,0,1,6.48779E+20,5.55733E+21,1.10825E+16,5.01495E+16
61947,61948,9,2,63,0,2016,1,17,5,2,5,2,2,2,0,1,0,0,0,0,7.61409E+20,5.42025E+21,1.25657E+16,4.888E+16
61948,61949,9,5,72,158,2016,1,2,1,3,0,1,2,2,1,0,0,0,0,0,6.4906E+20,5.49583E+21,1.10628E+16,4.95966E+16
61949,61950,9,7,63,0,2016,1,8,3,3,5,3,0,0,0,1,0,0,0,0,5.99335E+20,5.28744E+21,1.03248E+16,4.77327E+16
61950,61951,9,5,63,0,2016,1,14,3,3,2,7,0,0,0,1,0,0,0,0,6.44417E+20,5.4784E+21,1.09922E+16,4.94411E+16
61951,61952,9,3,62,0,2016,1,13,5,3,2,6,0,1,0,1,0,0,0,0,7.29123E+20,5.4318E+21,1.21326E+16,4.89966E+16
61952,61953,9,1,77,126,2016,1,6,2,3,4,2,2,2,0,1,0,0,0,0,7.20906E+20,5.36949E+21,1.1987E+16,4.84397E+16
61953,61954,9,1,61,0,2016,1,6,3,3,3,1,1,1,0,1,0,0,0,1,6.80804E+20,5.40508E+21,1.14609E+16,4.87725E+16
61954,61955,9,6,72,121,2016,1,22,2,3,5,2,2,2,0,1,0,0,0,0,5.6841E+20,5.55285E+21,9.95703E+15,5.01239E+16
61955,61956,9,1,75,124,2016,1,8,5,2,6,4,0,1,0,1,1,0,0,0,7.14716E+20,5.32878E+21,1.18828E+16,4.80761E+16
61956,61957,9,7,79,147,2016,1,18,4,3,4,7,2,1,0,1,0,0,0,0,6.07779E+20,5.42593E+21,1.04729E+16,4.89768E+16
61957,61958,9,3,76,151,2016,1,13,3,3,2,6,0,1,0,1,0,0,0,0,7.47617E+20,5.48385E+21,1.24171E+16,4.94568E+16
61958,61959,9,1,73,147,2016,1,20,3,3,2,6,2,2,0,1,0,0,0,0,6.80929E+20,5.30918E+21,1.14214E+16,4.79104E+16
61959,61960,9,2,75,150,2016,1,10,2,2,2,2,0,1,0,1,0,0,0,0,8.35597E+20,5.3951E+21,1.35542E+16,4.86188E+16
61960,61961,9,1,71,132,2016,1,15,2,3,5,2,0,0,0,1,0,0,0,0,7.66082E+20,5.35077E+21,1.25849E+16,4.82542E+16
61961,61962,9,5,76,143,2016,1,21,1,3,9,1,2,2,0,1,0,0,0,0,6.50063E+20,5.45291E+21,1.10604E+16,4.92106E+16
61962,61963,9,2,75,119,2016,1,3,5,3,9,6,2,2,0,1,0,0,0,0,8.32033E+20,5.39931E+21,1.35094E+16,4.86585E+16
61963,61964,9,1,62,0,2016,1,13,2,3,5,3,0,1,0,1,0,0,0,0,6.97593E+20,5.33017E+21,1.16538E+16,4.80941E+16
61964,61965,9,7,78,116,2016,1,10,4,3,1,6,0,1,0,1,0,0,0,0,6.19886E+20,5.31752E+21,1.06072E+16,4.79997E+16
61965,61966,9,6,71,121,2016,1,13,4,3,2,6,0,1,0,1,0,0,0,0,5.1227E+20,5.53766E+21,9.17118E+15,4.99911E+16
61966,61967,9,2,73,165,2016,1,13,4,3,5,3,0,0,0,1,0,0,0,0,7.16716E+20,5.41066E+21,1.1952E+16,4.88111E+16
61967,61968,9,4,63,0,2016,1,19,4,3,1,6,2,1,0,1,0,0,0,0,6.40329E+20,5.57203E+21,1.09697E+16,5.02837E+16
61968,61969,9,4,62,0,2016,1,13,2,2,6,3,0,1,0,1,1,0,0,0,6.85379E+20,5.53562E+21,1.15838E+16,4.99441E+16
61969,61970,9,1,74,131,2016,1,15,3,3,5,3,0,1,0,1,0,0,0,0,6.76102E+20,5.35993E+21,1.13778E+16,4.83679E+16
61970,61971,9,5,65,0,2016,1,18,2,3,1,6,2,0,0,1,0,0,0,0,6.4843E+20,5.46526E+21,1.10426E+16,4.9322E+16
61971,61972,9,1,62,0,2016,1,14,4,3,2,2,0,0,0,1,0,0,0,0,6.84741E+20,5.3354E+21,1.14836E+16,4.8145E+16
61972,61973,9,6,77,154,2016,1,21,4,2,2,6,2,1,0,0,0,0,1,0,5.42195E+20,5.51614E+21,9.58629E+15,4.97963E+16
61973,61974,9,5,71,111,2016,1,12,4,3,9,1,0,1,0,1,0,0,0,0,5.83379E+20,5.47662E+21,1.01501E+16,4.94366E+16
61974,61975,9,5,75,112,2016,1,7,2,3,8,1,2,2,0,1,0,0,0,0,5.99373E+20,5.49049E+21,1.03741E+16,4.95588E+16
61975,61976,9,2,76,138,2016,1,14,3,1,4,1,0,0,0,1,0,0,0,0,8.0069E+20,5.42835E+21,1.31061E+16,4.89349E+16
61976,61977,9,1,63,0,2016,1,7,3,3,2,6,1,1,0,1,0,0,0,0,7.33555E+20,5.30259E+21,1.21211E+16,4.78342E+16
61977,61978,9,2,73,116,2016,1,16,2,3,2,1,1,0,0,1,0,0,0,0,7.23078E+20,5.42548E+21,1.20466E+16,4.8942E+16
61978,61979,9,1,85,149,2016,1,18,2,3,8,1,2,1,0,1,0,0,0,0,6.68087E+20,5.39851E+21,1.12852E+16,4.8717E+16
61979,61980,9,5,74,154,2016,1,13,1,3,3,6,0,1,0,1,0,0,0,0,6.6215E+20,5.48464E+21,1.12392E+16,4.94927E+16
61980,61981,9,2,79,116,2016,1,12,5,3,4,2,0,0,0,1,0,0,0,0,7.59474E+20,5.39581E+21,1.2524E+16,4.86614E+16
61981,61982,9,7,76,125,2016,1,14,2,3,6,4,0,1,0,1,1,0,0,0,5.63847E+20,5.27022E+21,9.84908E+15,4.75823E+16
61982,61983,9,1,72,118,2016,1,14,4,3,5,7,0,0,0,1,0,0,0,0,7.98586E+20,5.30607E+21,1.29906E+16,4.78385E+16
61983,61984,9,3,77,133,2016,1,18,4,3,4,6,2,2,0,1,0,0,0,0,7.0692E+20,5.5303E+21,1.18808E+16,4.98893E+16
61984,61985,9,3,72,164,2016,1,11,2,3,5,3,0,0,0,1,0,0,0,0,7.66001E+20,5.45021E+21,1.26478E+16,4.9147E+16
61985,61986,9,7,63,0,2016,1,9,1,3,8,1,0,2,0,0,0,0,1,0,6.02133E+20,5.28879E+21,1.03625E+16,4.77444E+16
61986,61987,9,1,78,113,2016,1,1,4,3,8,1,2,1,0,1,0,0,0,0,6.91517E+20,5.36936E+21,1.159E+16,4.84482E+16
61987,61988,9,5,74,123,2016,1,8,3,3,3,6,1,2,0,1,0,0,1,0,6.58821E+20,5.47352E+21,1.11888E+16,4.93936E+16
61988,61989,9,4,62,0,2016,1,13,5,3,2,6,0,1,0,1,0,0,0,0,6.86377E+20,5.53678E+21,1.15983E+16,4.99542E+16
61989,61990,9,2,74,185,2016,1,4,1,2,4,1,2,2,0,1,0,0,0,0,7.29873E+20,5.3706E+21,1.21087E+16,4.84465E+16
61990,61991,9,7,71,122,2016,1,16,1,3,8,1,0,2,0,1,0,0,0,0,6.51073E+20,5.36236E+21,1.1041E+16,4.83963E+16
61991,61992,9,2,74,184,2016,1,9,1,2,4,1,0,1,0,1,0,0,0,0,7.46845E+20,5.37099E+21,1.23381E+16,4.84436E+16
61992,61993,9,1,81,132,2016,1,16,2,3,2,6,0,1,0,1,0,0,0,1,6.4109E+20,5.32671E+21,1.08943E+16,4.80781E+16
61993,61994,9,5,64,0,2016,1,3,1,3,8,1,2,2,0,1,0,0,0,0,6.52477E+20,5.47755E+21,1.11029E+16,4.94315E+16
61994,61995,9,1,82,137,2016,1,17,5,3,8,1,1,1,0,1,0,0,0,0,7.08998E+20,5.30518E+21,1.17946E+16,4.78659E+16
61995,61996,9,1,61,0,2016,1,7,4,3,4,2,0,1,0,1,0,0,0,0,6.79382E+20,5.40279E+21,1.14405E+16,4.87523E+16
61996,61997,9,2,75,121,2016,1,9,4,3,4,6,0,2,0,1,0,0,0,0,8.17709E+20,5.4039E+21,1.3319E+16,4.87071E+16