FID,OBJECTID,ULAND,UREGBEZ,UKREIS,UGEMEINDE,UJAHR,UMONAT,USTUNDE,UWOCHENTAG,UKATEGORIE,UART,UTYP1,ULICHTVERH,IstStrasse,IstRad,IstPKW,IstFuss,IstKrad,IstGkfz,IstSonstig,LINREFX,LINREFY,XGCSWGS84,YGCSWGS84
61997,61998,9,7,72,147,2016,1,0,1,3,8,1,2,2,0,1,0,0,0,0,6.35824E+20,5.36448E+21,1.08358E+16,4.84188E+16
61998,61999,9,7,75,139,2016,1,18,3,3,1,6,2,0,0,1,0,0,0,0,5.82202E+20,5.36586E+21,1.01115E+16,4.84405E+16
61999,62000,9,5,74,138,2016,1,12,3,3,8,1,0,1,0,1,0,0,0,0,6.62281E+20,5.49065E+21,1.12434E+16,4.95467E+16
62000,62001,9,3,77,148,2016,1,20,5,3,9,1,2,1,0,1,0,0,0,0,7.17005E+20,5.53752E+21,1.20251E+16,4.99505E+16
62001,62002,9,1,77,122,2016,1,9,2,3,2,6,0,2,0,1,0,0,1,1,7.2655E+20,5.35824E+21,1.20572E+16,4.83366E+16
62002,62003,9,6,75,141,2016,1,10,2,3,5,2,0,2,1,1,0,0,0,0,5.85594E+20,5.50921E+21,1.01877E+16,4.97293E+16
62003,62004,9,1,88,139,2016,1,13,5,3,2,6,0,2,0,1,0,0,0,0,6.7348E+20,5.31787E+21,1.13253E+16,4.79906E+16
62004,62005,9,7,77,118,2016,1,17,4,2,5,3,1,1,0,1,0,0,0,0,6.28321E+20,5.29495E+21,1.07135E+16,4.77952E+16
62005,62006,9,3,72,126,2016,1,18,3,3,5,3,2,0,0,1,0,0,0,1,7.8022E+20,5.46785E+21,1.28547E+16,4.92991E+16
62006,62007,9,7,72,147,2016,1,18,2,3,2,6,2,0,0,1,0,0,1,0,6.38142E+20,5.36512E+21,1.08673E+16,4.8424E+16
62007,62008,9,1,77,131,2016,1,13,2,3,3,6,0,1,0,1,0,0,0,0,7.13081E+20,5.34743E+21,1.18702E+16,4.82442E+16
62008,62009,9,1,86,147,2016,1,6,5,3,2,6,2,1,0,1,0,0,0,0,6.86052E+20,5.38895E+21,1.15249E+16,4.8626E+16
62009,62010,9,4,61,0,2016,1,21,3,3,5,3,2,1,0,1,0,0,0,0,6.35293E+20,5.5301E+21,1.08843E+16,4.99079E+16
62010,62011,9,2,75,141,2016,1,1,3,3,8,1,2,0,0,1,0,0,0,0,8.19042E+20,5.36689E+21,1.33087E+16,4.83744E+16
62011,62012,9,1,81,141,2016,1,15,4,3,2,6,0,0,0,1,0,0,0,0,6.4388E+20,5.32012E+21,1.09295E+16,4.80182E+16
62012,62013,9,2,78,170,2016,1,11,2,3,2,6,0,1,0,1,0,0,0,0,7.65533E+20,5.42433E+21,1.26245E+16,4.89149E+16
62013,62014,9,7,77,112,2016,1,8,3,3,2,5,0,1,0,1,0,0,0,0,6.22826E+20,5.29666E+21,1.06406E+16,4.78116E+16
62014,62015,9,5,64,0,2016,1,15,3,3,5,2,0,0,0,1,0,0,0,1,6.50548E+20,5.47741E+21,1.10763E+16,4.94307E+16
62015,62016,9,3,73,112,2016,1,13,5,3,2,6,0,1,0,1,0,0,0,0,6.78684E+20,5.44575E+21,1.14499E+16,4.91386E+16
62016,62017,9,1,76,129,2016,1,20,3,2,2,1,2,2,0,1,0,0,0,0,6.84159E+20,5.40515E+21,1.15065E+16,4.87721E+16
62017,62018,9,6,76,121,2016,1,7,2,3,2,6,0,1,0,1,0,0,0,0,5.11274E+20,5.52048E+21,9.15679E+15,4.98367E+16
62018,62019,9,1,62,0,2016,1,15,4,3,3,2,0,0,0,1,0,0,0,1,6.8851E+20,5.33498E+21,1.15341E+16,4.81401E+16
62019,62020,9,7,72,223,2016,1,7,4,3,5,3,1,2,0,1,0,0,0,0,6.18286E+20,5.36393E+21,1.05987E+16,4.84174E+16
62020,62021,9,5,64,0,2016,1,14,2,3,9,1,0,0,0,1,0,0,0,0,6.49764E+20,5.47538E+21,1.10647E+16,4.94126E+16
62021,62022,9,3,76,149,2016,1,12,3,3,2,1,0,2,0,1,0,0,0,0,7.38453E+20,5.45464E+21,1.22734E+16,4.91981E+16
62022,62023,9,1,73,126,2016,1,15,3,3,2,6,0,1,0,1,0,0,0,0,6.82728E+20,5.30723E+21,1.14446E+16,4.78924E+16
62023,62024,9,2,75,143,2016,1,8,2,3,7,1,0,1,0,1,0,0,1,0,8.0949E+20,5.36897E+21,1.31816E+16,4.83978E+16
62024,62025,9,2,74,128,2016,1,13,3,3,5,3,0,0,0,1,0,0,0,1,7.35673E+20,5.38574E+21,1.21956E+16,4.85804E+16
62025,62026,9,2,71,141,2016,1,16,2,2,6,4,0,0,0,1,1,0,0,0,7.95848E+20,5.40202E+21,1.30212E+16,4.8701E+16
62026,62027,9,6,75,169,2016,1,11,3,3,5,3,0,0,0,1,0,0,0,0,5.88291E+20,5.52107E+21,1.02278E+16,4.98355E+16
62027,62028,9,4,77,164,2016,1,9,3,2,8,1,0,0,0,1,0,0,0,0,6.66481E+20,5.5425E+21,1.13236E+16,5.00115E+16
62028,62029,9,5,64,0,2016,1,12,1,3,0,1,0,2,1,0,0,0,0,0,6.47907E+20,5.48011E+21,1.10409E+16,4.94557E+16
62029,62030,9,2,78,189,2016,1,6,5,3,8,1,1,1,0,1,0,0,0,0,7.66976E+20,5.43848E+21,1.26534E+16,4.90413E+16
62030,62031,9,1,78,120,2016,1,8,3,3,3,6,0,1,0,1,0,0,0,0,6.952E+20,5.35544E+21,1.16333E+16,4.8322E+16
62031,62032,9,5,76,127,2016,1,11,2,3,5,3,0,1,0,1,0,0,0,1,6.65429E+20,5.44808E+21,1.12692E+16,4.91632E+16
62032,62033,9,7,75,139,2016,1,7,4,3,8,1,2,2,0,1,0,0,0,0,5.82171E+20,5.3674E+21,1.01114E+16,4.84543E+16
62033,62034,9,6,73,153,2016,1,14,4,3,8,1,0,0,0,1,0,0,0,0,5.88164E+20,5.58786E+21,1.02415E+16,5.04361E+16
62034,62035,9,5,75,112,2016,1,8,4,3,0,3,0,1,0,1,0,0,0,0,6.03994E+20,5.48189E+21,1.04357E+16,4.94807E+16
62035,62036,9,4,73,141,2016,1,15,2,3,9,1,1,1,0,1,0,0,0,0,6.41205E+20,5.57307E+21,1.09824E+16,5.02928E+16
62036,62037,9,2,75,126,2016,1,12,3,2,6,3,0,1,0,1,1,0,0,0,8.4051E+20,5.39862E+21,1.36235E+16,4.86477E+16
62037,62038,9,7,71,129,2016,1,4,1,3,7,7,2,2,0,1,0,0,0,1,6.53286E+20,5.35601E+21,1.10685E+16,4.83386E+16
62038,62039,9,1,89,155,2016,1,10,2,3,2,6,0,2,0,1,0,0,0,0,7.71829E+20,5.30946E+21,1.26359E+16,4.78809E+16
62039,62040,9,2,61,0,2016,1,12,1,3,5,3,0,1,0,1,0,0,0,0,7.32413E+20,5.38166E+21,1.21491E+16,4.8545E+16
62040,62041,9,1,74,113,2016,1,9,2,3,2,6,0,1,0,1,0,0,0,0,6.73318E+20,5.3457E+21,1.13344E+16,4.82408E+16
62041,62042,9,5,77,173,2016,1,2,1,3,5,3,2,2,0,1,0,0,0,0,6.41011E+20,5.42237E+21,1.09256E+16,4.89381E+16
62042,62043,9,1,89,155,2016,1,6,5,3,5,3,2,2,0,1,0,0,0,0,7.71622E+20,5.30791E+21,1.26322E+16,4.7867E+16
62043,62044,9,1,76,143,2016,1,8,2,2,1,6,1,1,0,1,0,0,0,0,6.81097E+20,5.40979E+21,1.14669E+16,4.88147E+16
62044,62045,9,5,75,152,2016,1,14,1,3,8,1,0,2,0,1,0,0,0,0,6.19871E+20,5.4784E+21,1.06537E+16,4.94465E+16
62045,62046,9,2,61,0,2016,1,13,5,3,4,6,0,0,0,1,0,0,1,0,7.3018E+20,5.3787E+21,1.21173E+16,4.85192E+16
62046,62047,9,7,78,144,2016,1,8,2,3,2,6,0,1,0,1,0,0,0,0,5.93845E+20,5.30272E+21,1.02549E+16,4.78709E+16
62047,62048,9,5,62,0,2016,1,13,4,3,5,3,0,0,0,1,0,0,0,1,6.43553E+20,5.49304E+21,1.09856E+16,4.95729E+16
62048,62049,9,1,83,123,2016,1,19,4,3,2,6,2,1,0,1,0,0,0,0,7.34019E+20,5.34182E+21,1.21487E+16,4.81865E+16
62049,62050,9,4,72,119,2016,1,7,4,3,8,1,2,2,0,1,0,0,0,0,6.87064E+20,5.5425E+21,1.16106E+16,5.00055E+16
62050,62051,9,4,71,185,2016,1,14,2,3,0,7,0,0,0,0,0,0,1,0,6.44543E+20,5.53764E+21,1.10158E+16,4.99735E+16
62051,62052,9,7,71,146,2016,1,7,1,3,8,1,0,2,0,1,0,0,0,0,6.4631E+20,5.34707E+21,1.09713E+16,4.82599E+16
62052,62053,9,1,90,152,2016,1,9,1,3,1,1,0,2,0,1,0,0,0,0,6.71916E+20,5.29916E+21,1.12969E+16,4.78228E+16
62053,62054,9,1,74,115,2016,1,14,2,3,2,6,0,2,0,1,0,0,0,0,6.80068E+20,5.34811E+21,1.14262E+16,4.82606E+16
62054,62055,9,1,63,0,2016,1,15,5,3,0,1,0,0,1,0,0,0,0,0,7.33835E+20,5.304E+21,1.21256E+16,4.78468E+16
62055,62056,9,2,77,149,2016,1,7,3,3,4,6,0,0,0,1,0,0,0,0,7.985E+20,5.36762E+21,1.30325E+16,4.8391E+16
62056,62057,9,1,76,116,2016,1,13,4,2,6,4,0,0,0,1,1,0,0,0,6.73735E+20,5.41439E+21,1.13687E+16,4.88581E+16
62057,62058,9,7,78,116,2016,1,7,3,3,2,6,0,1,0,1,0,0,0,0,6.20544E+20,5.32158E+21,1.06171E+16,4.80361E+16
62058,62059,9,5,74,132,2016,1,19,3,3,9,1,2,0,0,1,0,0,0,0,6.76298E+20,5.4863E+21,1.14351E+16,4.95037E+16
62059,62060,9,3,75,113,2016,1,12,5,3,2,6,0,0,0,1,0,0,1,0,7.35423E+20,5.42183E+21,1.22128E+16,4.89046E+16
62060,62061,9,1,87,177,2016,1,19,4,3,2,6,2,1,0,1,0,0,0,0,7.36115E+20,5.30421E+21,1.21562E+16,4.78478E+16
62061,62062,9,2,71,135,2016,1,7,4,3,1,5,0,0,0,1,0,0,1,0,7.91178E+20,5.40665E+21,1.29612E+16,4.87447E+16
62062,62063,9,3,76,144,2016,1,18,2,3,8,1,2,1,0,1,0,0,0,0,7.31474E+20,5.48301E+21,1.21942E+16,4.94556E+16
62063,62064,9,6,79,154,2016,1,15,1,2,2,1,0,2,0,1,0,0,0,0,5.58443E+20,5.51082E+21,9.81123E+15,4.9747E+16
62064,62065,9,1,62,0,2016,1,23,3,3,4,1,2,1,0,1,0,0,0,0,6.94828E+20,5.33487E+21,1.16188E+16,4.81373E+16
62065,62066,9,5,72,130,2016,1,16,3,3,5,3,1,0,0,1,0,0,0,0,6.39838E+20,5.50573E+21,1.09387E+16,4.96878E+16
62066,62067,9,4,71,159,2016,1,17,5,3,5,3,1,2,1,1,0,0,0,0,6.39905E+20,5.53272E+21,1.09494E+16,4.99305E+16
62067,62068,9,7,71,146,2016,1,17,2,2,4,2,2,1,0,1,0,0,0,0,6.46781E+20,5.34872E+21,1.09783E+16,4.82747E+16
62068,62069,9,1,76,120,2016,1,18,5,3,5,3,2,1,0,1,0,0,0,0,6.79758E+20,5.42232E+21,1.14542E+16,4.89277E+16
62069,62070,9,3,63,0,2016,1,13,3,3,2,6,0,0,0,1,0,0,0,0,7.28031E+20,5.5053E+21,1.21597E+16,4.96571E+16
62070,62071,9,2,72,140,2016,1,17,3,2,9,1,2,1,0,1,0,0,0,0,8.29262E+20,5.41594E+21,1.34851E+16,4.88091E+16
62071,62072,9,2,63,0,2016,1,11,2,3,5,3,0,0,0,1,0,0,0,0,7.63909E+20,5.41879E+21,1.25988E+16,4.88659E+16
62072,62073,9,7,79,197,2016,1,17,3,3,0,7,2,2,1,0,0,0,0,0,6.17132E+20,5.42391E+21,1.06001E+16,4.8957E+16
62073,62074,9,4,78,139,2016,1,11,3,3,5,3,0,0,0,1,0,0,1,0,6.47179E+20,5.55805E+21,1.10604E+16,5.01564E+16
62074,62075,9,2,71,119,2016,1,14,5,3,2,1,0,0,0,1,0,0,0,1,7.9392E+20,5.41205E+21,1.30022E+16,4.87919E+16
62075,62076,9,5,71,196,2016,1,13,1,3,9,1,0,2,0,1,0,0,0,0,6.1961E+20,5.46028E+21,1.06447E+16,4.92836E+16
62076,62077,9,1,81,118,2016,1,10,3,3,5,3,0,1,0,1,0,0,0,0,6.51031E+20,5.32904E+21,1.10285E+16,4.80967E+16
62077,62078,9,5,72,135,2016,1,15,2,3,6,4,0,0,0,1,1,0,0,0,6.30665E+20,5.50649E+21,1.08119E+16,4.96968E+16
62078,62079,9,1,62,0,2016,1,15,4,3,5,2,0,0,1,1,0,0,0,0,6.83848E+20,5.33542E+21,1.14716E+16,4.81455E+16
62079,62080,9,7,61,0,2016,1,15,4,3,2,6,0,2,0,1,0,0,0,0,6.43366E+20,5.36131E+21,1.09365E+16,4.83886E+16
62080,62081,9,1,76,167,2016,1,18,3,3,4,2,2,0,0,1,0,0,0,0,6.78273E+20,5.40941E+21,1.14283E+16,4.8812E+16
62081,62082,9,6,78,168,2016,1,5,2,2,2,6,2,0,0,1,0,0,0,1,5.82322E+20,5.55302E+21,1.01516E+16,5.01237E+16
62082,62083,9,1,62,0,2016,1,17,5,3,2,6,2,0,0,1,0,0,0,0,6.93754E+20,5.34012E+21,1.16068E+16,4.81847E+16
62083,62084,9,7,77,159,2016,1,22,4,3,8,1,2,1,0,0,0,0,0,1,6.17045E+20,5.2705E+21,1.05564E+16,4.75773E+16
62084,62085,9,3,76,175,2016,1,5,3,2,8,7,2,1,0,0,0,0,0,1,7.33986E+20,5.46432E+21,1.22178E+16,4.92868E+16
62085,62086,9,1,84,132,2016,1,17,3,3,2,6,2,0,0,1,0,0,0,1,6.84794E+20,5.32697E+21,1.14807E+16,4.80693E+16
62086,62087,9,2,75,128,2016,1,19,2,2,5,2,2,0,0,1,0,0,0,0,8.30092E+20,5.40021E+21,1.34838E+16,4.86676E+16
62087,62088,9,1,71,113,2016,1,19,2,3,0,1,2,0,0,1,0,0,0,0,7.79075E+20,5.33755E+21,1.27509E+16,4.813E+16
62088,62089,9,4,72,127,2016,1,12,1,2,8,1,0,2,0,1,0,0,0,0,6.8727E+20,5.52286E+21,1.1604E+16,4.98289E+16
62089,62090,9,2,75,119,2016,1,9,5,3,9,6,0,0,0,1,0,0,0,0,8.34703E+20,5.40216E+21,1.35478E+16,4.86826E+16
62090,62091,9,1,78,116,2016,1,14,3,3,2,6,0,0,0,1,0,0,0,1,7.00669E+20,5.38323E+21,1.17203E+16,4.857E+16
62091,62092,9,5,64,0,2016,1,12,2,3,4,3,0,0,0,1,0,0,0,0,6.49819E+20,5.4817E+21,1.10679E+16,4.94694E+16
62092,62093,9,7,74,135,2016,1,6,4,3,6,4,1,2,0,1,1,0,0,0,5.9396E+20,5.3658E+21,1.02704E+16,4.84384E+16
62093,62094,9,6,72,135,2016,1,17,4,1,4,1,1,1,0,1,0,0,0,0,5.84642E+20,5.56577E+21,1.01869E+16,5.0238E+16
62094,62095,9,2,75,141,2016,1,15,4,2,5,3,0,0,0,1,0,0,0,1,8.14305E+20,5.36993E+21,1.32472E+16,4.84041E+16
62095,62096,9,4,75,171,2016,1,22,4,2,9,1,2,2,0,1,0,0,0,0,6.95558E+20,5.57733E+21,1.17469E+16,5.03156E+16
62096,62097,9,4,72,175,2016,1,14,2,1,7,1,0,0,0,0,0,0,1,1,6.80675E+20,5.51512E+21,1.15088E+16,4.97614E+16
62097,62098,9,6,79,180,2016,1,16,1,3,1,1,2,2,0,1,0,0,0,0,5.68202E+20,5.53059E+21,9.95016E+15,4.99238E+16
62098,62099,9,1,89,130,2016,1,18,2,3,9,1,2,2,0,1,0,0,0,0,7.65838E+20,5.31269E+21,1.25579E+16,4.79124E+16
62099,62100,9,5,77,161,2016,1,17,4,2,4,6,2,1,0,1,0,0,0,0,6.46428E+20,5.44207E+21,1.10066E+16,4.9114E+16
62100,62101,9,5,71,193,2016,1,18,2,3,4,2,2,2,0,1,0,0,0,0,5.86556E+20,5.46986E+21,1.01924E+16,4.93753E+16
62101,62102,9,2,76,134,2016,1,7,3,2,6,4,2,0,0,1,1,0,0,0,7.9132E+20,5.43672E+21,1.29845E+16,4.90145E+16
62102,62103,9,1,72,111,2016,1,10,3,3,3,2,0,1,0,1,0,0,0,0,7.95362E+20,5.30329E+21,1.29457E+16,4.78151E+16
62103,62104,9,2,74,141,2016,1,14,2,3,0,3,0,0,0,1,0,0,0,0,7.28254E+20,5.39778E+21,1.21017E+16,4.86912E+16
62104,62105,9,1,61,0,2016,1,5,2,3,2,6,2,1,0,1,0,0,0,0,6.82088E+20,5.40581E+21,1.14786E+16,4.87786E+16
62105,62106,9,4,71,185,2016,1,10,1,3,4,6,0,2,0,1,0,0,0,0,6.44952E+20,5.53814E+21,1.10217E+16,4.9978E+16
62106,62107,9,2,79,122,2016,1,5,5,2,0,1,2,2,1,0,0,0,0,0,7.76729E+20,5.3993E+21,1.27601E+16,4.86853E+16
62107,62108,9,7,80,140,2016,1,8,2,3,2,6,0,1,0,1,0,0,0,0,6.05648E+20,5.28112E+21,1.04075E+16,4.76749E+16
62108,62109,9,1,83,136,2016,1,5,4,3,8,1,2,2,0,1,0,0,0,0,7.64976E+20,5.34883E+21,1.25688E+16,4.82373E+16
62109,62110,9,3,63,0,2016,1,11,4,3,2,6,0,0,0,1,0,0,0,0,7.27878E+20,5.507E+21,1.21585E+16,4.96724E+16
62110,62111,9,4,71,172,2016,1,17,2,3,5,3,2,0,0,1,0,0,0,0,6.30354E+20,5.51505E+21,1.08105E+16,4.97738E+16
62111,62112,9,6,77,155,2016,1,11,1,3,8,1,0,2,0,1,0,0,0,0,5.39235E+20,5.54087E+21,9.54768E+15,5.00189E+16
62112,62113,9,1,84,131,2016,1,13,4,2,2,6,0,0,0,0,0,0,1,0,7.04275E+20,5.33777E+21,1.17471E+16,4.81603E+16
62113,62114,9,6,72,113,2016,1,8,3,3,2,6,0,0,0,1,0,0,0,0,5.56746E+20,5.57389E+21,9.79701E+15,5.03144E+16
62114,62115,9,1,73,126,2016,1,19,1,3,4,1,2,2,0,1,0,0,0,0,6.84135E+20,5.30533E+21,1.14626E+16,4.78749E+16
62115,62116,9,1,75,133,2016,1,10,2,3,2,2,0,2,0,1,0,0,0,0,7.07954E+20,5.34205E+21,1.17986E+16,4.81976E+16
62116,62117,9,1,87,120,2016,1,15,5,3,5,3,0,1,0,1,0,0,0,0,7.31893E+20,5.29232E+21,1.20935E+16,4.77425E+16
62117,62118,9,1,80,117,2016,1,1,1,2,4,1,2,2,0,1,0,0,0,1,6.60862E+20,5.26129E+21,1.11353E+16,4.74852E+16
62118,62119,9,1,88,139,2016,1,17,2,3,2,6,2,0,0,1,0,0,0,0,6.74617E+20,5.31917E+21,1.1341E+16,4.80019E+16
62119,62120,9,3,77,117,2016,1,9,1,3,9,1,0,1,0,1,0,0,0,0,7.29276E+20,5.52942E+21,1.21911E+16,4.98732E+16
62120,62121,9,1,71,113,2016,1,11,5,2,6,7,0,1,0,1,1,0,0,0,7.77352E+20,5.34171E+21,1.27305E+16,4.81681E+16
62121,62122,9,1,82,136,2016,1,17,4,2,2,6,1,1,0,1,0,0,0,0,7.03314E+20,5.30124E+21,1.17169E+16,4.78324E+16
62122,62123,9,2,78,197,2016,1,18,4,3,7,7,2,1,0,1,0,0,0,0,7.60899E+20,5.44362E+21,1.25738E+16,4.90901E+16
62123,62124,9,3,61,0,2016,1,19,2,3,5,3,2,1,0,1,0,0,0,0,7.07014E+20,5.48055E+21,1.18558E+16,4.94423E+16
62124,62125,9,6,77,203,2016,1,9,1,3,4,1,0,2,0,1,0,0,0,0,5.58075E+20,5.52795E+21,9.80869E+15,4.99011E+16
62125,62126,9,7,75,139,2016,1,14,3,2,9,7,0,1,0,1,0,0,1,0,5.82244E+20,5.36595E+21,1.01121E+16,4.84413E+16
62126,62127,9,5,76,132,2016,1,18,3,2,6,4,2,1,0,1,1,0,0,0,6.54123E+20,5.46352E+21,1.11202E+16,4.9305E+16
62127,62128,9,3,63,0,2016,1,11,5,3,2,6,0,1,0,1,0,0,0,0,7.27653E+20,5.50667E+21,1.21552E+16,4.96695E+16
62128,62129,9,6,63,0,2016,1,18,2,3,2,6,2,0,0,1,0,0,0,0,5.66858E+20,5.51681E+21,9.92906E+15,4.98E+16
62129,62130,9,1,88,113,2016,1,6,5,3,6,7,2,1,0,0,1,0,0,1,6.76167E+20,5.31612E+21,1.13605E+16,4.79741E+16
62130,62131,9,7,63,0,2016,1,12,4,3,2,6,0,1,0,1,0,0,0,0,5.99202E+20,5.28901E+21,1.03234E+16,4.77468E+16
62131,62132,9,3,73,113,2016,1,7,3,3,8,1,0,1,0,1,0,0,0,0,6.7959E+20,5.46575E+21,1.14712E+16,4.9318E+16
62132,62133,9,2,74,183,2016,1,10,3,3,5,3,0,0,0,1,0,0,0,0,7.43885E+20,5.36483E+21,1.22945E+16,4.83895E+16
62133,62134,9,2,63,0,2016,1,17,2,3,2,6,2,1,0,1,0,0,0,0,7.65879E+20,5.41944E+21,1.2626E+16,4.88709E+16
62134,62135,9,4,71,145,2016,1,6,3,3,4,2,2,1,0,1,0,0,0,1,6.41693E+20,5.51897E+21,1.09693E+16,4.98064E+16
62135,62136,9,2,75,128,2016,1,7,3,2,2,6,0,2,0,1,0,0,0,0,8.32908E+20,5.4055E+21,1.35262E+16,4.87135E+16
62136,62137,9,1,81,121,2016,1,13,4,3,5,3,0,0,0,1,0,0,0,0,6.39001E+20,5.31343E+21,1.0862E+16,4.7959E+16
62137,62138,9,6,73,171,2016,1,9,1,2,9,1,0,2,0,1,0,0,0,0,5.89764E+20,5.57089E+21,1.026E+16,5.02833E+16
62138,62139,9,7,80,134,2016,1,21,3,3,5,3,2,2,0,1,0,0,0,0,5.95399E+20,5.25967E+21,1.02663E+16,4.74835E+16
62139,62140,9,5,63,0,2016,1,19,3,3,1,6,2,0,0,1,0,0,0,0,6.43371E+20,5.48536E+21,1.09803E+16,4.95039E+16
62140,62141,9,3,73,160,2016,1,8,5,3,8,7,0,1,0,1,0,0,0,0,6.89507E+20,5.44522E+21,1.15979E+16,4.91306E+16
62141,62142,9,1,86,125,2016,1,0,3,2,9,1,2,2,0,1,0,0,0,0,6.72379E+20,5.37388E+21,1.13333E+16,4.84944E+16
62142,62143,9,6,76,145,2016,1,15,2,3,6,4,1,0,0,1,1,0,0,0,5.10452E+20,5.52101E+21,9.14537E+15,4.98414E+16
62143,62144,9,1,84,134,2016,1,16,4,3,2,6,0,0,0,1,0,0,0,1,6.94327E+20,5.32337E+21,1.16069E+16,4.8034E+16
62144,62145,9,7,79,131,2016,1,13,4,2,2,6,0,0,0,1,0,0,0,0,6.3079E+20,5.39987E+21,1.07789E+16,4.87381E+16
62145,62146,9,3,76,163,2016,1,19,3,3,2,2,2,1,0,1,0,0,0,0,7.27887E+20,5.47531E+21,1.21403E+16,4.93878E+16
62146,62147,9,1,90,136,2016,1,17,3,3,4,1,2,1,0,1,0,0,0,1,6.68097E+20,5.28784E+21,1.12415E+16,4.7722E+16
62147,62148,9,2,75,141,2016,1,23,2,3,9,1,2,0,0,1,0,0,0,0,8.18359E+20,5.36859E+21,1.33008E+16,4.839E+16
62148,62149,9,1,87,129,2016,1,0,2,3,9,1,2,1,0,1,0,0,0,0,7.23749E+20,5.30083E+21,1.19894E+16,4.78219E+16
62149,62150,9,3,72,164,2016,1,11,1,3,8,1,0,1,0,1,0,0,0,0,7.6617E+20,5.4543E+21,1.26529E+16,4.91837E+16
62150,62151,9,2,72,120,2016,1,10,5,2,4,6,0,2,0,1,0,0,0,0,8.21253E+20,5.42466E+21,1.33832E+16,4.88915E+16
62151,62152,9,7,78,144,2016,1,8,2,3,2,6,0,0,0,1,0,0,0,0,5.93845E+20,5.30272E+21,1.02549E+16,4.78709E+16
62152,62153,9,7,71,156,2016,1,12,3,3,4,1,0,1,0,1,0,0,0,0,6.55914E+20,5.38305E+21,1.1114E+16,4.85811E+16
62153,62154,9,4,73,170,2016,1,13,3,3,5,3,0,0,0,1,0,0,1,0,6.40339E+20,5.5624E+21,1.09663E+16,5.01972E+16
62154,62155,9,2,63,0,2016,1,13,5,3,3,2,0,0,0,1,0,0,0,0,7.67117E+20,5.41973E+21,1.26431E+16,4.88729E+16
62155,62156,9,3,76,153,2016,1,17,1,3,9,7,2,1,0,1,0,0,0,0,7.27172E+20,5.48595E+21,1.21366E+16,4.94836E+16
62156,62157,9,1,62,0,2016,1,18,3,3,2,6,2,1,0,1,0,0,1,0,6.97739E+20,5.3352E+21,1.16581E+16,4.81393E+16
62157,62158,9,5,74,156,2016,1,16,2,3,9,7,2,1,0,1,0,0,0,0,6.59975E+20,5.48222E+21,1.12082E+16,4.94715E+16
62158,62159,9,1,84,146,2016,1,16,4,3,2,6,0,1,0,1,0,0,0,0,6.9532E+20,5.3289E+21,1.16227E+16,4.80834E+16
62159,62160,9,6,63,0,2016,1,6,4,3,2,6,2,0,0,1,0,0,0,0,5.65611E+20,5.5173E+21,9.91181E+15,4.98045E+16
62160,62161,9,5,71,139,2016,1,12,4,3,4,6,0,0,0,1,0,0,0,0,6.02246E+20,5.43951E+21,1.04007E+16,4.91E+16
62161,62162,9,4,73,120,2016,1,16,2,3,8,1,0,1,0,1,0,0,0,0,6.42542E+20,5.57348E+21,1.10013E+16,5.02962E+16
62162,62163,9,2,71,119,2016,1,14,3,3,2,6,0,0,0,1,0,0,0,0,7.91627E+20,5.418E+21,1.29753E+16,4.88464E+16
62163,62164,9,1,87,174,2016,1,6,3,3,0,7,2,1,0,1,0,0,1,0,7.40442E+20,5.31272E+21,1.22186E+16,4.79227E+16
62164,62165,9,1,90,132,2016,1,0,2,3,9,1,2,2,0,1,0,0,0,0,6.7562E+20,5.29396E+21,1.13442E+16,4.77751E+16
62165,62166,9,1,86,162,2016,1,11,2,3,5,3,0,1,0,1,0,0,0,0,6.93864E+20,5.38617E+21,1.16296E+16,4.85986E+16
62166,62167,9,3,71,141,2016,1,12,1,2,4,1,0,2,0,1,0,0,0,0,6.93822E+20,5.4893E+21,1.16784E+16,4.95253E+16
62167,62168,9,1,90,117,2016,1,13,5,2,4,6,0,1,0,1,0,0,0,0,6.4926E+20,5.28914E+21,1.09909E+16,4.77384E+16
62168,62169,9,1,71,113,2016,1,6,4,2,4,6,2,0,0,1,0,0,1,0,7.788E+20,5.33657E+21,1.27466E+16,4.81213E+16
62169,62170,9,3,61,0,2016,1,5,4,2,4,2,2,0,0,1,0,0,0,0,7.09825E+20,5.48101E+21,1.18948E+16,4.94455E+16
62170,62171,9,3,72,116,2016,1,13,2,3,0,2,0,0,0,1,0,0,0,0,7.66754E+20,5.45635E+21,1.26622E+16,4.92018E+16
62171,62172,9,6,73,184,2016,1,10,1,3,4,1,0,1,0,1,0,0,0,0,5.95681E+20,5.57539E+21,1.03441E+16,5.03229E+16
62172,62173,9,5,72,126,2016,1,7,4,3,2,6,1,0,0,1,0,0,0,0,6.33856E+20,5.50683E+21,1.08562E+16,4.96991E+16
62173,62174,9,2,73,147,2016,1,7,4,3,5,3,1,0,0,1,0,0,0,0,7.04674E+20,5.39024E+21,1.1778E+16,4.86317E+16
62174,62175,9,4,72,119,2016,1,14,4,3,0,1,0,0,0,1,0,0,0,0,6.86922E+20,5.53971E+21,1.16073E+16,4.99804E+16
62175,62176,9,4,62,0,2016,1,10,2,3,2,6,0,1,0,1,0,0,0,0,6.84471E+20,5.53573E+21,1.15712E+16,4.99454E+16
62176,62177,9,6,71,155,2016,1,10,1,3,8,1,0,2,0,1,0,0,0,0,5.0293E+20,5.53724E+21,9.04088E+15,4.99875E+16