FID,OBJECTID,ULAND,UREGBEZ,UKREIS,UGEMEINDE,UJAHR,UMONAT,USTUNDE,UWOCHENTAG,UKATEGORIE,UART,UTYP1,ULICHTVERH,IstStrasse,IstRad,IstPKW,IstFuss,IstKrad,IstGkfz,IstSonstig,LINREFX,LINREFY,XGCSWGS84,YGCSWGS84
62177,62178,9,1,73,140,2016,1,12,1,3,2,6,0,2,0,1,0,0,0,1,6.97174E+20,5.29628E+21,1.16326E+16,4.77897E+16
62178,62179,9,1,79,121,2016,1,16,2,3,4,2,2,1,0,1,0,0,0,0,6.6613E+20,5.33849E+21,1.12348E+16,4.81779E+16
62179,62180,9,3,61,0,2016,1,19,1,2,9,1,2,2,0,1,0,0,0,0,7.06208E+20,5.48204E+21,1.18455E+16,4.94559E+16
62180,62181,9,1,87,182,2016,1,19,5,3,2,2,2,1,0,1,0,0,0,0,7.41053E+20,5.3274E+21,1.2235E+16,4.80543E+16
62181,62182,9,1,86,139,2016,1,6,4,3,4,6,2,1,0,1,0,0,0,0,6.96114E+20,5.40311E+21,1.16681E+16,4.87501E+16
62182,62183,9,5,76,148,2016,1,14,1,3,2,6,0,2,0,1,0,0,0,0,6.66465E+20,5.44204E+21,1.1281E+16,4.91086E+16
62183,62184,9,7,74,135,2016,1,17,3,3,2,6,1,0,0,1,0,0,0,0,5.95465E+20,5.367E+21,1.0291E+16,4.84489E+16
62184,62185,9,5,74,128,2016,1,12,3,3,2,6,0,0,0,1,0,0,0,0,6.78381E+20,5.48565E+21,1.14635E+16,4.94973E+16
62185,62186,9,3,74,155,2016,1,13,5,3,5,3,0,1,0,1,0,0,0,0,6.96367E+20,5.52014E+21,1.17289E+16,4.98015E+16
62186,62187,9,1,87,137,2016,1,15,3,3,4,6,0,1,0,1,0,0,0,0,7.29561E+20,5.30833E+21,1.20709E+16,4.78872E+16
62187,62188,9,6,75,117,2016,1,7,2,3,5,3,0,0,0,1,0,0,0,0,5.8359E+20,5.51709E+21,1.01616E+16,4.98004E+16
62188,62189,9,1,78,145,2016,1,17,4,3,6,4,1,2,0,1,1,0,0,0,6.97044E+20,5.35429E+21,1.16576E+16,4.83111E+16
62189,62190,9,5,64,0,2016,1,17,3,3,2,6,2,0,0,1,0,0,0,0,6.58678E+20,5.47346E+21,1.11868E+16,4.93931E+16
62190,62191,9,4,74,161,2016,1,18,5,2,4,1,2,0,0,1,0,0,0,0,6.57124E+20,5.51467E+21,1.11818E+16,4.97639E+16
62191,62192,9,7,72,177,2016,1,6,2,2,4,2,2,2,0,1,0,0,0,0,6.35861E+20,5.37888E+21,1.08409E+16,4.85483E+16
62192,62193,9,1,77,117,2016,1,16,2,2,5,3,1,1,0,1,0,0,0,0,7.15969E+20,5.35255E+21,1.19117E+16,4.82892E+16
62193,62194,9,1,86,143,2016,1,21,5,3,4,1,2,2,0,1,0,0,0,0,6.87674E+20,5.37774E+21,1.15419E+16,4.85247E+16
62194,62195,9,4,61,0,2016,1,7,3,3,2,6,1,0,0,1,0,0,0,0,6.35211E+20,5.52604E+21,1.08817E+16,4.98715E+16
62195,62196,9,2,75,124,2016,1,14,3,3,5,3,0,0,0,1,0,0,0,0,8.07385E+20,5.37362E+21,1.31566E+16,4.84405E+16
62196,62197,9,1,79,121,2016,1,21,4,3,5,3,2,1,0,1,0,1,0,0,6.66849E+20,5.33946E+21,1.12449E+16,4.81865E+16
62197,62198,9,2,63,0,2016,1,18,2,3,1,6,2,0,0,1,0,0,0,0,7.62254E+20,5.41787E+21,1.25757E+16,4.88583E+16
62198,62199,9,7,62,0,2016,1,14,3,2,4,2,0,1,0,1,0,0,0,0,6.17851E+20,5.3033E+21,1.0576E+16,4.78723E+16
62199,62200,9,5,75,167,2016,1,22,3,3,7,7,2,0,0,1,0,0,0,0,6.2319E+20,5.50419E+21,1.07076E+16,4.96777E+16
62200,62201,9,3,73,147,2016,1,15,5,3,2,6,0,1,0,1,0,0,0,0,6.78805E+20,5.46116E+21,1.14584E+16,4.9277E+16
62201,62202,9,1,86,162,2016,1,18,3,2,4,3,1,0,0,1,0,0,0,0,6.94051E+20,5.38578E+21,1.16319E+16,4.8595E+16
62202,62203,9,5,72,135,2016,1,7,2,3,2,6,0,1,0,1,0,0,0,0,6.47457E+20,5.48908E+21,1.10381E+16,4.95363E+16
62203,62204,9,1,62,0,2016,1,8,4,3,6,7,0,0,0,1,1,0,0,0,6.88709E+20,5.33603E+21,1.15372E+16,4.81495E+16
62204,62205,9,7,61,0,2016,1,10,4,3,3,6,0,1,0,1,0,0,1,0,6.42645E+20,5.35959E+21,1.09262E+16,4.83733E+16
62205,62206,9,5,74,112,2016,1,15,4,3,5,3,0,1,0,1,0,0,0,0,6.76801E+20,5.47529E+21,1.14371E+16,4.94046E+16
62206,62207,9,5,77,177,2016,1,13,2,3,5,2,0,0,0,1,0,0,0,0,6.45114E+20,5.43226E+21,1.09851E+16,4.90261E+16
62207,62208,9,2,71,125,2016,1,17,3,3,2,1,2,1,0,1,0,0,0,0,7.96896E+20,5.4098E+21,1.3041E+16,4.87702E+16
62208,62209,9,1,83,140,2016,1,16,3,3,5,3,0,1,0,1,0,0,0,1,7.40231E+20,5.34023E+21,1.22313E+16,4.81698E+16
62209,62210,9,1,74,115,2016,1,17,5,3,5,3,2,0,0,1,0,0,0,1,6.83269E+20,5.34831E+21,1.14694E+16,4.82615E+16
62210,62211,9,7,63,0,2016,1,19,4,3,4,2,2,0,0,1,0,0,0,0,5.97022E+20,5.28557E+21,1.02936E+16,4.77162E+16
62211,62212,9,3,75,117,2016,1,7,3,3,1,6,2,1,0,1,0,0,0,0,7.34837E+20,5.43246E+21,1.22109E+16,4.90003E+16
62212,62213,9,2,73,141,2016,1,20,3,1,8,1,2,0,0,1,0,0,0,0,7.21741E+20,5.40829E+21,1.2019E+16,4.8788E+16
62213,62214,9,2,78,159,2016,1,16,2,3,8,1,1,0,0,1,0,0,0,0,7.7866E+20,5.42135E+21,1.28013E+16,4.88824E+16
62214,62215,9,2,77,138,2016,1,13,1,3,6,4,0,1,0,1,1,0,0,0,7.91478E+20,5.37188E+21,1.29409E+16,4.84325E+16
62215,62216,9,2,75,127,2016,1,11,5,3,2,6,0,0,0,1,0,0,0,0,8.0781E+20,5.39819E+21,1.31805E+16,4.86608E+16
62216,62217,9,1,78,120,2016,1,15,3,3,2,6,0,2,0,1,0,0,0,0,6.9491E+20,5.35289E+21,1.16282E+16,4.82992E+16
62217,62218,9,5,63,0,2016,1,20,2,3,2,6,2,0,0,1,0,0,0,0,6.43458E+20,5.48277E+21,1.09805E+16,4.94806E+16
62218,62219,9,7,75,135,2016,1,7,4,3,2,6,2,1,1,1,0,0,0,0,5.74964E+20,5.36029E+21,1.00126E+16,4.83914E+16
62219,62220,9,6,72,114,2016,1,10,4,3,1,6,0,0,0,1,0,0,0,0,5.76234E+20,5.56439E+21,1.00688E+16,5.02268E+16
62220,62221,9,5,61,0,2016,1,15,4,3,0,2,0,1,0,1,0,0,0,1,6.14102E+20,5.46309E+21,1.05698E+16,4.93099E+16
62221,62222,9,4,78,144,2016,1,22,2,3,4,2,2,0,0,1,0,0,0,0,6.56853E+20,5.55861E+21,1.1196E+16,5.0159E+16
62222,62223,9,5,76,113,2016,1,12,1,2,1,6,0,1,0,1,0,0,0,0,6.60804E+20,5.46023E+21,1.12107E+16,4.92736E+16
62223,62224,9,1,89,155,2016,1,9,2,3,2,2,0,2,0,1,0,0,0,0,7.72048E+20,5.30802E+21,1.26379E+16,4.78678E+16
62224,62225,9,1,83,126,2016,1,20,1,3,9,1,2,2,0,1,0,0,0,0,7.29015E+20,5.33508E+21,1.20779E+16,4.81278E+16
62225,62226,9,1,79,142,2016,1,9,2,3,2,6,0,1,0,1,0,0,0,1,6.75232E+20,5.3442E+21,1.13595E+16,4.82268E+16
62226,62227,9,1,72,134,2016,1,7,5,3,4,6,0,1,0,1,0,0,0,0,7.82692E+20,5.30709E+21,1.27794E+16,4.78549E+16
62227,62228,9,3,75,179,2016,1,6,6,2,5,3,2,1,0,1,0,0,1,0,7.31891E+20,5.42513E+21,1.21665E+16,4.89356E+16
62228,62229,9,6,75,141,2016,1,18,2,3,5,3,2,0,0,1,0,0,0,0,5.85001E+20,5.5111E+21,1.01799E+16,4.97463E+16
62229,62230,9,2,75,125,2016,1,19,6,3,8,1,2,0,0,1,0,0,0,0,8.04719E+20,5.38072E+21,1.31259E+16,4.85056E+16
62230,62231,9,1,78,116,2016,1,8,1,3,0,6,0,2,0,1,0,0,0,0,7.058E+20,5.38292E+21,1.17896E+16,4.85656E+16
62231,62232,9,1,84,119,2016,1,6,5,3,3,6,1,1,0,0,0,0,1,1,6.95352E+20,5.34735E+21,1.16316E+16,4.82493E+16
62232,62233,9,4,71,155,2016,1,1,7,3,9,1,2,0,0,1,0,0,0,0,6.43014E+20,5.53083E+21,1.0992E+16,4.99127E+16
62233,62234,9,5,72,133,2016,1,15,6,3,9,1,0,0,0,1,0,0,0,0,6.37607E+20,5.50103E+21,1.09062E+16,4.96461E+16
62234,62235,9,4,64,0,2016,1,16,6,3,2,1,1,2,0,1,0,0,0,0,7.07737E+20,5.57497E+21,1.19165E+16,5.02902E+16
62235,62236,9,2,74,113,2016,1,6,3,3,5,2,2,0,1,1,0,0,0,0,7.29714E+20,5.38175E+21,1.21127E+16,4.85468E+16
62236,62237,9,1,71,113,2016,1,7,6,3,5,3,0,1,0,1,0,0,0,0,7.79687E+20,5.33933E+21,1.27603E+16,4.81457E+16
62237,62238,9,3,76,116,2016,1,8,2,3,9,1,0,1,0,1,0,0,0,0,7.422E+20,5.46523E+21,1.23311E+16,4.92918E+16
62238,62239,9,5,74,156,2016,1,18,2,3,4,3,2,1,1,0,0,0,0,0,6.58626E+20,5.482E+21,1.11895E+16,4.94699E+16
62239,62240,9,5,77,159,2016,1,16,5,3,5,3,0,0,0,1,0,0,0,0,6.34791E+20,5.44215E+21,1.08472E+16,4.91174E+16
62240,62241,9,7,72,163,2016,1,9,3,3,2,6,0,0,0,1,0,0,0,0,6.38828E+20,5.34915E+21,1.08713E+16,4.82803E+16
62241,62242,9,1,90,132,2016,1,0,6,3,8,1,2,1,0,1,0,0,0,0,6.7425E+20,5.29548E+21,1.13265E+16,4.77891E+16
62242,62243,9,1,62,0,2016,1,13,5,3,2,6,0,1,0,1,0,0,0,0,6.9403E+20,5.33169E+21,1.16067E+16,4.81089E+16
62243,62244,9,1,87,179,2016,1,16,2,3,2,6,0,0,0,1,0,0,0,0,7.25617E+20,5.31447E+21,1.20214E+16,4.79438E+16
62244,62245,9,6,78,168,2016,1,16,1,2,8,1,0,1,0,1,0,0,0,0,5.84813E+20,5.54942E+21,1.01857E+16,5.0091E+16
62245,62246,9,5,76,151,2016,1,18,6,3,9,1,2,0,0,1,0,0,0,1,6.54869E+20,5.47186E+21,1.11337E+16,4.93797E+16
62246,62247,9,4,76,146,2016,1,21,6,3,2,6,2,0,0,1,0,0,0,0,6.61082E+20,5.5643E+21,1.12575E+16,5.02089E+16
62247,62248,9,1,80,117,2016,1,10,3,3,2,6,0,0,0,1,0,0,0,0,6.58675E+20,5.26428E+21,1.11074E+16,4.75126E+16
62248,62249,9,1,72,131,2016,1,13,6,3,8,1,0,2,0,1,0,0,0,0,7.84604E+20,5.29093E+21,1.27943E+16,4.77089E+16
62249,62250,9,2,78,116,2016,1,6,2,3,2,2,2,1,0,1,0,0,0,0,7.65864E+20,5.43454E+21,1.26357E+16,4.90064E+16
62250,62251,9,5,77,173,2016,1,10,2,2,6,4,0,1,0,1,1,0,0,0,6.39708E+20,5.42424E+21,1.09084E+16,4.89553E+16
62251,62252,9,6,63,0,2016,1,13,3,3,2,6,0,0,0,1,0,0,0,0,5.69559E+20,5.5174E+21,9.96668E+15,4.9805E+16
62252,62253,9,3,61,0,2016,1,14,7,3,1,6,0,1,0,1,0,0,0,0,7.06337E+20,5.4854E+21,1.1849E+16,4.94862E+16
62253,62254,9,1,62,0,2016,1,0,5,3,8,1,2,2,0,1,0,0,0,0,6.84493E+20,5.33302E+21,1.14793E+16,4.81237E+16
62254,62255,9,1,81,146,2016,1,15,7,3,9,1,0,1,0,1,0,0,0,0,6.51219E+20,5.32613E+21,1.103E+16,4.80705E+16
62255,62256,9,1,81,121,2016,1,22,2,2,4,2,2,0,0,1,0,0,0,0,6.39001E+20,5.31343E+21,1.0862E+16,4.79591E+16
62256,62257,9,4,73,134,2016,1,11,1,3,5,3,0,1,0,1,0,0,0,0,6.45753E+20,5.56533E+21,1.10433E+16,5.02222E+16
62257,62258,9,4,72,131,2016,1,10,6,3,8,1,0,0,0,1,0,0,0,0,6.81049E+20,5.5346E+21,1.15231E+16,4.99363E+16
62258,62259,9,7,73,179,2016,1,6,2,2,5,3,2,1,0,1,0,0,0,0,6.17362E+20,5.37692E+21,1.05898E+16,4.85344E+16
62259,62260,9,1,62,0,2016,1,6,2,3,3,2,1,1,0,1,0,0,1,0,6.79048E+20,5.33469E+21,1.14069E+16,4.81402E+16
62260,62261,9,1,80,113,2016,1,6,2,3,5,3,2,1,0,0,0,1,0,1,6.50029E+20,5.28358E+21,1.09993E+16,4.76882E+16
62261,62262,9,3,73,147,2016,1,12,2,3,5,3,0,0,0,1,0,0,0,0,6.79599E+20,5.46106E+21,1.14693E+16,4.92759E+16
62262,62263,9,1,82,133,2016,1,19,1,3,5,3,2,1,0,1,0,0,0,0,7.05888E+20,5.31116E+21,1.17559E+16,4.79207E+16
62263,62264,9,1,61,0,2016,1,19,3,2,4,2,2,1,0,1,0,0,1,0,6.79604E+20,5.40027E+21,1.14424E+16,4.87296E+16
62264,62265,9,2,79,135,2016,1,7,2,3,2,7,2,1,0,1,0,0,0,0,7.74146E+20,5.38923E+21,1.27185E+16,4.85961E+16
62265,62266,9,4,62,0,2016,1,17,2,3,5,2,2,1,0,1,0,0,0,0,6.82823E+20,5.53667E+21,1.15487E+16,4.99543E+16
62266,62267,9,1,89,155,2016,1,13,6,3,5,3,0,1,0,1,0,0,0,0,7.71279E+20,5.30977E+21,1.26288E+16,4.78839E+16
62267,62268,9,6,71,130,2016,1,1,7,2,2,1,2,2,0,1,0,0,1,0,5.15674E+20,5.53899E+21,9.21872E+15,5.0003E+16
62268,62269,9,6,78,174,2016,1,5,3,2,8,1,2,2,0,1,0,0,0,0,5.96439E+20,5.54628E+21,1.03474E+16,5.00609E+16
62269,62270,9,2,74,153,2016,1,8,7,3,8,1,0,2,0,0,0,0,0,1,7.32311E+20,5.40253E+21,1.21595E+16,4.87325E+16
62270,62271,9,1,84,141,2016,1,15,5,1,5,3,0,1,0,1,0,0,0,0,6.97987E+20,5.31319E+21,1.16512E+16,4.79414E+16
62271,62272,9,1,62,0,2016,1,7,6,3,6,4,0,2,0,1,1,0,0,0,6.90819E+20,5.32971E+21,1.15627E+16,4.8092E+16
62272,62273,9,1,78,120,2016,1,13,2,3,2,6,0,0,0,1,0,0,0,0,6.94358E+20,5.35479E+21,1.16217E+16,4.83164E+16
62273,62274,9,5,77,136,2016,1,18,3,3,1,6,2,1,0,1,0,0,0,0,6.27594E+20,5.44263E+21,1.07488E+16,4.91232E+16
62274,62275,9,3,77,129,2016,1,20,1,3,4,2,2,1,0,1,0,0,0,0,7.06852E+20,5.52712E+21,1.18782E+16,4.98607E+16
62275,62276,9,4,61,0,2016,1,10,6,3,3,6,0,0,0,1,0,0,0,0,6.38558E+20,5.52687E+21,1.09285E+16,4.98781E+16
62276,62277,9,7,61,0,2016,1,14,2,3,6,2,0,1,0,1,1,0,0,0,6.36978E+20,5.36016E+21,1.08499E+16,4.83797E+16
62277,62278,9,2,71,148,2016,1,9,6,3,5,3,0,1,0,1,0,0,0,0,7.98659E+20,5.41788E+21,1.30708E+16,4.8842E+16
62278,62279,9,1,74,113,2016,1,14,1,3,3,6,0,1,0,1,0,0,0,0,6.74346E+20,5.34483E+21,1.13479E+16,4.82327E+16
62279,62280,9,7,75,129,2016,1,18,5,3,3,6,2,0,0,1,0,0,0,1,5.83606E+20,5.34181E+21,1.01257E+16,4.8224E+16
62280,62281,9,4,78,116,2016,1,9,7,3,8,1,0,1,0,1,0,0,0,0,6.63647E+20,5.55521E+21,1.12896E+16,5.01265E+16
62281,62282,9,7,75,135,2016,1,7,5,3,2,6,0,1,0,1,0,0,0,0,5.73886E+20,5.35778E+21,9.99762E+15,4.83688E+16
62282,62283,9,7,79,169,2016,1,22,6,2,9,1,2,2,0,1,0,0,0,0,6.31016E+20,5.40425E+21,1.07833E+16,4.87774E+16
62283,62284,9,6,62,0,2016,1,8,6,3,2,6,0,0,0,1,0,0,0,0,5.88824E+20,5.54369E+21,1.02404E+16,5.00389E+16
62284,62285,9,4,75,175,2016,1,0,6,3,3,7,2,2,0,1,0,0,0,0,6.92462E+20,5.55907E+21,1.16942E+16,5.01526E+16
62285,62286,9,5,77,177,2016,1,3,7,3,4,6,2,1,0,1,0,0,0,0,6.44647E+20,5.43407E+21,1.09793E+16,4.90425E+16
62286,62287,9,1,89,150,2016,1,10,7,3,8,1,0,2,0,1,0,0,0,0,7.78669E+20,5.32063E+21,1.27344E+16,4.79782E+16
62287,62288,9,7,75,135,2016,1,7,5,3,1,6,0,0,0,1,0,0,0,0,5.72811E+20,5.35734E+21,9.98304E+15,4.8365E+16
62288,62289,9,7,75,135,2016,1,19,6,3,8,1,2,0,0,1,0,0,0,0,5.80212E+20,5.36213E+21,1.00839E+16,4.84072E+16
62289,62290,9,7,72,125,2016,1,12,6,3,1,5,0,1,0,1,0,0,0,0,6.36183E+20,5.34814E+21,1.08353E+16,4.82718E+16
62290,62291,9,5,64,0,2016,1,18,6,3,2,6,2,0,0,1,0,0,0,0,6.52137E+20,5.4817E+21,1.10999E+16,4.94689E+16
62291,62292,9,7,71,122,2016,1,18,1,3,3,6,2,1,0,1,0,0,0,0,6.53212E+20,5.36189E+21,1.10697E+16,4.83916E+16
62292,62293,9,3,63,0,2016,1,14,3,3,4,2,0,0,0,1,0,1,0,0,7.27748E+20,5.50699E+21,1.21567E+16,4.96723E+16
62293,62294,9,1,83,114,2016,1,11,1,3,8,1,0,2,0,1,0,0,0,0,7.46335E+20,5.35449E+21,1.23215E+16,4.82956E+16
62294,62295,9,3,72,116,2016,1,12,6,3,2,6,0,0,0,1,0,0,0,0,7.69475E+20,5.45787E+21,1.27005E+16,4.92143E+16
62295,62296,9,6,78,186,2016,1,11,2,3,5,3,0,1,0,1,0,0,0,0,5.92514E+20,5.55232E+21,1.0294E+16,5.01159E+16
62296,62297,9,2,72,118,2016,1,18,6,3,4,2,2,0,0,1,0,0,0,0,8.32394E+20,5.41617E+21,1.35278E+16,4.88095E+16
62297,62298,9,7,73,182,2016,1,4,7,3,9,1,2,2,0,0,0,0,0,1,6.22704E+20,5.37979E+21,1.0663E+16,4.85592E+16
62298,62299,9,7,75,134,2016,1,18,5,3,2,2,2,1,0,1,0,0,0,0,5.85939E+20,5.36463E+21,1.01617E+16,4.8429E+16
62299,62300,9,3,75,209,2016,1,13,7,3,0,1,0,2,0,1,0,0,0,0,7.46469E+20,5.43522E+21,1.23714E+16,4.90206E+16
62300,62301,9,5,65,0,2016,1,14,6,3,2,6,0,0,0,1,0,0,0,0,6.49205E+20,5.46591E+21,1.10535E+16,4.93276E+16
62301,62302,9,4,73,151,2016,1,15,6,3,2,6,0,1,0,1,0,0,0,0,6.50906E+20,5.57703E+21,1.11201E+16,5.0326E+16
62302,62303,9,2,79,134,2016,1,4,3,3,9,1,1,2,0,0,0,0,1,0,7.64355E+20,5.38956E+21,1.25861E+16,4.86032E+16
62303,62304,9,1,82,120,2016,1,17,6,3,5,3,2,0,0,1,0,0,0,0,7.012E+20,5.30486E+21,1.16903E+16,4.78655E+16
62304,62305,9,2,76,120,2016,1,7,2,3,9,1,2,2,0,1,0,0,0,0,7.91548E+20,5.44348E+21,1.29925E+16,4.90751E+16
62305,62306,9,5,64,0,2016,1,18,2,3,2,6,2,1,0,1,0,0,0,0,6.47663E+20,5.47953E+21,1.10373E+16,4.94505E+16
62306,62307,9,5,71,165,2016,1,16,5,3,2,6,0,1,0,1,0,0,0,0,6.30183E+20,5.46456E+21,1.07914E+16,4.93199E+16
62307,62308,9,2,77,140,2016,1,8,3,3,2,6,0,1,0,1,0,0,0,0,7.93216E+20,5.35843E+21,1.29549E+16,4.8311E+16
62308,62309,9,1,84,148,2016,1,20,6,3,9,1,2,2,0,1,0,0,0,0,6.96519E+20,5.32647E+21,1.16377E+16,4.80612E+16
62309,62310,9,5,76,122,2016,1,5,2,3,3,6,2,0,0,1,0,0,0,0,6.70169E+20,5.43597E+21,1.13291E+16,4.90531E+16
62310,62311,9,5,71,171,2016,1,13,5,3,2,6,0,1,0,1,0,0,0,0,6.1048E+20,5.46565E+21,1.05207E+16,4.93335E+16
62311,62312,9,7,73,186,2016,1,19,3,3,2,6,2,0,0,1,0,0,0,0,6.01284E+20,5.38721E+21,1.03746E+16,4.86297E+16
62312,62313,9,2,79,125,2016,1,5,6,3,0,3,2,1,0,1,0,0,1,0,7.63792E+20,5.39633E+21,1.25828E+16,4.86642E+16
62313,62314,9,7,71,156,2016,1,11,7,3,5,3,0,1,0,1,0,0,0,0,6.52725E+20,5.38144E+21,1.10702E+16,4.85674E+16
62314,62315,9,7,78,157,2016,1,19,5,1,6,6,2,2,0,1,1,0,0,0,5.96485E+20,5.33393E+21,1.02972E+16,4.81513E+16
62315,62316,9,5,64,0,2016,1,13,6,3,4,6,0,0,0,1,0,0,0,0,6.51353E+20,5.47389E+21,1.10861E+16,4.93988E+16
62316,62317,9,1,72,111,2016,1,12,3,3,1,2,0,1,0,1,0,0,0,0,7.95403E+20,5.30353E+21,1.29465E+16,4.78172E+16
62317,62318,9,1,63,0,2016,1,18,6,3,2,6,2,0,0,1,0,0,0,0,7.33519E+20,5.30276E+21,1.21207E+16,4.78358E+16
62318,62319,9,2,77,121,2016,1,4,2,3,8,7,2,1,0,1,0,0,0,0,7.63065E+20,5.379E+21,1.2562E+16,4.8509E+16
62319,62320,9,5,75,135,2016,1,6,2,3,4,1,2,1,0,1,0,0,0,0,6.06085E+20,5.48552E+21,1.04655E+16,4.9513E+16
62320,62321,9,1,72,130,2016,1,17,6,3,3,6,2,0,0,1,0,1,0,0,7.93453E+20,5.31074E+21,1.29253E+16,4.78828E+16
62321,62322,9,6,77,172,2016,1,9,3,3,2,6,0,1,0,1,0,0,0,0,5.34252E+20,5.53676E+21,9.47775E+15,4.99822E+16
62322,62323,9,2,71,119,2016,1,9,7,2,2,6,0,2,0,1,0,0,1,0,7.89277E+20,5.41474E+21,1.29411E+16,4.88182E+16
62323,62324,9,7,78,115,2016,1,9,5,3,8,1,0,1,0,1,0,0,0,0,5.92173E+20,5.33253E+21,1.0239E+16,4.81393E+16
62324,62325,9,1,81,123,2016,1,4,7,3,8,1,2,2,0,0,0,0,1,0,6.53695E+20,5.32625E+21,1.10633E+16,4.8071E+16
62325,62326,9,1,81,130,2016,1,7,2,2,5,3,1,0,0,1,0,0,0,0,6.37387E+20,5.32246E+21,1.08432E+16,4.80406E+16
62326,62327,9,5,64,0,2016,1,14,3,2,2,6,0,0,0,1,0,0,0,1,6.47097E+20,5.48761E+21,1.10325E+16,4.95232E+16
62327,62328,9,7,72,148,2016,1,17,3,2,9,1,2,1,0,1,0,0,0,0,6.2668E+20,5.34955E+21,1.07077E+16,4.82865E+16
62328,62329,9,3,76,162,2016,1,18,7,3,2,6,2,1,0,1,0,0,1,0,7.28875E+20,5.47608E+21,1.21544E+16,4.93943E+16
62329,62330,9,1,73,112,2016,1,11,6,3,1,6,0,0,0,1,0,0,0,0,6.93205E+20,5.29283E+21,1.15782E+16,4.77599E+16
62330,62331,9,7,74,162,2016,1,7,5,2,9,1,1,2,0,1,0,0,0,0,6.05791E+20,5.35059E+21,1.04265E+16,4.82997E+16
62331,62332,9,1,85,163,2016,1,9,2,3,0,3,0,1,0,1,0,0,0,1,6.58752E+20,5.38684E+21,1.11539E+16,4.86145E+16
62332,62333,9,6,71,157,2016,1,16,1,3,2,6,1,1,0,1,0,0,0,0,5.27988E+20,5.52738E+21,9.38971E+15,4.98981E+16
62333,62334,9,4,63,0,2016,1,19,6,3,5,3,2,2,0,1,0,0,0,0,6.3858E+20,5.56981E+21,1.09444E+16,5.02642E+16
62334,62335,9,1,74,146,2016,1,18,3,2,3,2,2,1,0,1,0,1,0,0,6.6719E+20,5.35168E+21,1.12543E+16,4.82962E+16
62335,62336,9,2,73,116,2016,1,12,2,3,4,3,0,1,0,1,0,0,0,0,7.19712E+20,5.42224E+21,1.19989E+16,4.89141E+16
62336,62337,9,3,63,0,2016,1,12,2,3,6,4,0,1,0,1,1,0,0,0,7.27687E+20,5.50699E+21,1.21559E+16,4.96724E+16
62337,62338,9,5,62,0,2016,1,11,7,3,5,3,0,1,0,1,0,0,0,1,6.44041E+20,5.49397E+21,1.09927E+16,4.95811E+16
62338,62339,9,5,72,119,2016,1,7,3,3,2,6,1,1,0,1,0,0,0,0,6.44921E+20,5.49883E+21,1.10066E+16,4.96246E+16
62339,62340,9,2,73,133,2016,1,9,7,3,0,1,0,2,0,1,0,0,0,0,7.07567E+20,5.42788E+21,1.18362E+16,4.89689E+16
62340,62341,9,7,74,143,2016,1,14,5,3,2,6,0,0,0,1,0,0,0,0,5.9716E+20,5.35921E+21,1.03121E+16,4.83786E+16
62341,62342,9,1,62,0,2016,1,7,6,3,5,3,1,1,1,1,0,0,0,0,6.81146E+20,5.33592E+21,1.14356E+16,4.81507E+16
62342,62343,9,5,64,0,2016,1,14,6,3,2,6,0,0,0,1,0,0,0,0,6.47807E+20,5.47656E+21,1.10382E+16,4.94238E+16
62343,62344,9,1,75,135,2016,1,13,2,3,5,3,0,0,0,1,0,0,0,0,7.07922E+20,5.33887E+21,1.17966E+16,4.8169E+16
62344,62345,9,5,71,180,2016,1,11,3,2,9,1,0,1,0,1,0,0,0,0,6.29064E+20,5.46177E+21,1.07751E+16,4.9295E+16
62345,62346,9,3,76,141,2016,1,13,1,3,5,3,0,1,0,1,0,0,0,0,7.24609E+20,5.45482E+21,1.20837E+16,4.9205E+16
62346,62347,9,3,75,190,2016,1,16,6,3,5,3,1,0,0,1,0,0,1,1,7.28142E+20,5.44471E+21,1.21264E+16,4.91128E+16
62347,62348,9,6,79,170,2016,1,8,2,3,1,5,0,1,0,1,0,0,0,0,5.77051E+20,5.50188E+21,1.00677E+16,4.96645E+16
62348,62349,9,4,62,0,2016,1,8,1,3,5,3,0,1,0,1,0,0,0,0,6.83518E+20,5.53502E+21,1.15576E+16,4.99393E+16
62349,62350,9,4,62,0,2016,1,18,6,3,2,6,2,0,0,1,0,0,0,1,6.87099E+20,5.53791E+21,1.16089E+16,4.99642E+16
62350,62351,9,7,74,144,2016,1,11,2,3,3,6,0,0,0,1,0,0,0,0,6.13226E+20,5.36225E+21,1.05298E+16,4.84032E+16
62351,62352,9,7,75,135,2016,1,7,2,3,2,6,0,1,0,1,0,0,0,0,5.75842E+20,5.3598E+21,1.00244E+16,4.83868E+16
62352,62353,9,1,73,111,2016,1,17,2,2,2,6,0,0,1,1,0,0,0,0,6.83113E+20,5.28956E+21,1.14423E+16,4.77335E+16
62353,62354,9,1,76,120,2016,1,21,1,3,3,6,2,1,0,1,0,0,0,1,6.80145E+20,5.42287E+21,1.14597E+16,4.89325E+16
62354,62355,9,7,63,0,2016,1,21,5,3,5,3,2,1,0,1,0,0,0,0,5.984E+20,5.28647E+21,1.03121E+16,4.77241E+16
62355,62356,9,5,71,217,2016,1,14,7,3,8,7,0,0,0,1,0,0,0,0,6.19777E+20,5.46598E+21,1.06487E+16,4.93347E+16
62356,62357,9,1,63,0,2016,1,19,7,3,1,6,2,1,0,1,0,0,0,0,7.33586E+20,5.30316E+21,1.21218E+16,4.78393E+16