FID,OBJECTID,ULAND,UREGBEZ,UKREIS,UGEMEINDE,UJAHR,UMONAT,USTUNDE,UWOCHENTAG,UKATEGORIE,UART,UTYP1,ULICHTVERH,IstStrasse,IstRad,IstPKW,IstFuss,IstKrad,IstGkfz,IstSonstig,LINREFX,LINREFY,XGCSWGS84,YGCSWGS84
62357,62358,9,7,62,0,2016,1,14,5,3,2,6,0,0,0,1,0,0,0,0,6.22285E+20,5.30715E+21,1.06364E+16,4.7906E+16
62358,62359,9,7,80,114,2016,1,12,6,3,4,6,0,0,0,1,0,0,1,0,6.03935E+20,5.28927E+21,1.03866E+16,4.77485E+16
62359,62360,9,6,63,0,2016,1,20,6,3,8,1,2,2,0,1,0,0,0,0,5.71669E+20,5.51608E+21,9.99576E+15,4.97929E+16
62360,62361,9,5,71,175,2016,1,7,6,2,4,2,2,1,0,1,0,0,0,0,6.22988E+20,5.46037E+21,1.06911E+16,4.92837E+16
62361,62362,9,6,79,188,2016,1,18,1,3,5,3,2,1,0,1,0,0,0,0,5.68418E+20,5.49406E+21,9.94674E+15,4.95952E+16
62362,62363,9,3,73,153,2016,1,15,3,3,2,6,0,1,0,1,0,0,1,0,6.81475E+20,5.46476E+21,1.14967E+16,4.93086E+16
62363,62364,9,1,82,111,2016,1,16,6,3,5,3,1,1,0,1,0,0,0,0,7.04557E+20,5.28689E+21,1.17267E+16,4.7703E+16
62364,62365,9,3,76,161,2016,1,13,6,3,2,6,0,0,0,1,0,0,0,0,7.2906E+20,5.46892E+21,1.21528E+16,4.93299E+16
62365,62366,9,6,71,122,2016,1,6,2,3,4,2,2,1,0,1,0,0,0,0,5.04493E+20,5.52894E+21,9.06258E+15,4.99128E+16
62366,62367,9,4,79,136,2016,1,16,5,3,2,6,0,0,0,1,0,0,0,0,7.24617E+20,5.54532E+21,1.21356E+16,5.00177E+16
62367,62368,9,2,73,147,2016,1,21,6,3,9,1,2,0,0,1,0,0,0,0,7.04776E+20,5.38844E+21,1.17785E+16,4.86155E+16
62368,62369,9,7,72,147,2016,1,6,7,3,3,6,2,2,0,1,0,0,0,1,6.38492E+20,5.36407E+21,1.08717E+16,4.84146E+16
62369,62370,9,7,77,153,2016,1,8,5,3,5,6,1,0,0,1,0,0,0,0,6.14105E+20,5.27459E+21,1.05184E+16,4.76146E+16
62370,62371,9,2,78,118,2016,1,7,6,3,6,4,1,1,0,1,1,0,0,0,7.70445E+20,5.42435E+21,1.26914E+16,4.89129E+16
62371,62372,9,1,75,135,2016,1,18,1,2,1,5,2,1,0,1,0,0,0,0,7.09117E+20,5.33875E+21,1.18126E+16,4.81675E+16
62372,62373,9,7,77,153,2016,1,6,5,3,4,6,2,1,0,1,0,0,0,0,6.14375E+20,5.27439E+21,1.05219E+16,4.76128E+16
62373,62374,9,4,71,119,2016,1,10,7,3,8,1,0,2,0,1,0,0,0,0,6.36296E+20,5.53461E+21,1.08998E+16,4.99482E+16
62374,62375,9,7,72,111,2016,1,0,6,1,2,6,2,1,0,1,0,0,1,0,6.26296E+20,5.36417E+21,1.07069E+16,4.8418E+16
62375,62376,9,6,76,139,2016,1,9,6,3,2,6,0,0,0,1,0,0,0,0,5.18694E+20,5.50592E+21,9.25926E+15,4.97055E+16
62376,62377,9,4,75,169,2016,1,10,6,3,4,2,0,0,0,1,0,0,0,0,6.85155E+20,5.5739E+21,1.15993E+16,5.02881E+16
62377,62378,9,2,74,132,2016,1,6,3,3,8,1,2,1,0,1,0,0,0,0,7.229E+20,5.38656E+21,1.20231E+16,4.85925E+16
62378,62379,9,1,82,116,2016,1,8,6,3,5,3,0,1,0,1,0,0,0,1,7.08563E+20,5.2923E+21,1.17826E+16,4.77503E+16
62379,62380,9,5,65,0,2016,1,16,2,3,5,3,0,1,0,1,0,0,0,0,6.50513E+20,5.46587E+21,1.10715E+16,4.9327E+16
62380,62381,9,4,75,156,2016,1,13,5,3,5,3,0,0,0,1,0,0,0,0,6.93215E+20,5.5778E+21,1.17143E+16,5.03206E+16
62381,62382,9,7,71,130,2016,1,18,3,3,9,7,2,0,0,1,0,0,0,0,6.4525E+20,5.36293E+21,1.09625E+16,4.84028E+16
62382,62383,9,1,90,152,2016,1,17,6,3,1,6,2,1,0,1,0,0,0,0,6.71745E+20,5.2971E+21,1.12937E+16,4.78043E+16
62383,62384,9,7,72,130,2016,1,20,5,3,4,6,2,0,0,1,0,0,0,0,6.32736E+20,5.3584E+21,1.07921E+16,4.83648E+16
62384,62385,9,6,75,158,2016,1,18,1,3,8,7,2,1,0,1,0,0,0,0,5.98469E+20,5.52239E+21,1.03696E+16,4.98458E+16
62385,62386,9,1,82,120,2016,1,12,3,3,5,2,0,1,0,1,0,0,0,0,7.03659E+20,5.30787E+21,1.17246E+16,4.78918E+16
62386,62387,9,2,74,128,2016,1,20,2,1,8,1,2,0,0,1,0,0,0,0,7.38114E+20,5.38809E+21,1.22299E+16,4.86006E+16
62387,62388,9,4,77,159,2016,1,7,2,3,2,6,1,0,0,1,0,0,0,1,6.81478E+20,5.55638E+21,1.15393E+16,5.01318E+16
62388,62389,9,5,74,138,2016,1,8,6,3,8,1,0,1,0,1,0,0,0,0,6.65477E+20,5.48561E+21,1.12855E+16,4.95006E+16
62389,62390,9,4,76,178,2016,1,14,6,3,2,6,0,0,0,1,0,0,0,0,6.63299E+20,5.57341E+21,1.12925E+16,5.02902E+16
62390,62391,9,1,90,157,2016,1,5,3,2,9,1,2,1,0,1,0,0,0,0,6.55032E+20,5.30332E+21,1.10729E+16,4.78645E+16
62391,62392,9,1,86,152,2016,1,18,6,3,2,6,2,1,0,1,0,0,0,0,6.91255E+20,5.38078E+21,1.15917E+16,4.85509E+16
62392,62393,9,2,71,146,2016,1,13,2,3,5,3,0,1,0,1,0,0,0,0,7.84195E+20,5.40968E+21,1.28685E+16,4.87751E+16
62393,62394,9,5,64,0,2016,1,6,2,3,2,6,2,1,1,1,0,0,0,1,6.50026E+20,5.48171E+21,1.10707E+16,4.94695E+16
62394,62395,9,7,71,113,2016,1,6,3,3,5,3,1,1,0,1,0,0,1,0,6.58855E+20,5.36967E+21,1.11488E+16,4.84601E+16
62395,62396,9,3,76,164,2016,1,14,7,3,8,1,0,2,0,1,0,0,0,0,7.43661E+20,5.47728E+21,1.23585E+16,4.93994E+16
62396,62397,9,7,72,125,2016,1,6,5,3,2,6,2,1,0,1,0,0,0,0,6.37023E+20,5.34699E+21,1.08463E+16,4.82613E+16
62397,62398,9,1,81,130,2016,1,21,2,2,2,6,2,1,0,1,0,0,0,0,6.39498E+20,5.32524E+21,1.08725E+16,4.80651E+16
62398,62399,9,5,74,164,2016,1,19,1,3,8,1,2,0,0,0,0,0,0,1,6.67176E+20,5.47443E+21,1.13042E+16,4.93995E+16
62399,62400,9,4,77,128,2016,1,13,6,3,2,6,0,0,0,1,0,0,0,0,6.74835E+20,5.55234E+21,1.14446E+16,5.00976E+16
62400,62401,9,7,77,164,2016,1,13,2,2,8,1,0,0,0,1,0,0,0,0,6.22601E+20,5.31308E+21,1.06423E+16,4.79593E+16
62401,62402,9,1,62,0,2016,1,11,2,3,0,2,0,0,1,1,0,0,0,0,6.87088E+20,5.33512E+21,1.1515E+16,4.81418E+16
62402,62403,9,1,90,117,2016,1,18,2,3,9,1,2,1,0,1,0,0,0,0,6.49923E+20,5.28871E+21,1.09996E+16,4.77344E+16
62403,62404,9,3,75,190,2016,1,7,2,3,2,6,0,1,0,1,0,0,0,0,7.26636E+20,5.44539E+21,1.21062E+16,4.91196E+16
62404,62405,9,1,82,137,2016,1,18,1,3,2,6,2,0,0,1,0,0,0,0,7.10355E+20,5.30518E+21,1.18128E+16,4.78654E+16
62405,62406,9,5,64,0,2016,1,13,7,3,5,2,0,1,0,1,0,0,0,0,6.54449E+20,5.47776E+21,1.11302E+16,4.94329E+16
62406,62407,9,5,63,0,2016,1,17,3,3,1,6,2,0,0,1,0,0,0,0,6.43489E+20,5.48066E+21,1.09802E+16,4.94617E+16
62407,62408,9,1,84,132,2016,1,8,7,3,8,1,0,2,0,1,0,0,0,0,6.84086E+20,5.32589E+21,1.14707E+16,4.80597E+16
62408,62409,9,7,61,0,2016,1,18,5,3,2,6,2,1,0,1,0,0,0,0,6.41049E+20,5.35556E+21,1.09033E+16,4.83374E+16
62409,62410,9,1,62,0,2016,1,8,6,3,1,6,2,0,0,1,0,0,0,0,6.88689E+20,5.33634E+21,1.15371E+16,4.81523E+16
62410,62411,9,6,61,0,2016,1,1,7,2,0,1,2,2,0,1,0,0,1,0,5.11767E+20,5.53765E+21,9.16415E+15,4.9991E+16
62411,62412,9,6,72,114,2016,1,16,3,2,3,2,0,0,0,1,0,1,0,0,5.76419E+20,5.56347E+21,1.00712E+16,5.02184E+16
62412,62413,9,2,77,133,2016,1,13,7,3,9,7,0,2,0,1,0,0,0,0,7.68178E+20,5.36391E+21,1.26214E+16,4.83713E+16
62413,62414,9,6,73,153,2016,1,7,5,3,0,2,2,2,0,1,0,0,0,1,5.80479E+20,5.58991E+21,1.01337E+16,5.04556E+16
62414,62415,9,1,84,132,2016,1,11,6,3,2,1,0,0,0,1,0,0,0,0,6.83958E+20,5.32935E+21,1.14705E+16,4.80908E+16
62415,62416,9,1,84,147,2016,1,14,2,3,8,1,0,0,0,0,0,0,0,1,6.99567E+20,5.34142E+21,1.16855E+16,4.81946E+16
62416,62417,9,5,77,125,2016,1,11,3,3,5,3,0,0,0,1,0,0,0,0,6.43242E+20,5.43607E+21,1.09608E+16,4.90608E+16
62417,62418,9,3,63,0,2016,1,20,1,3,2,3,2,1,0,1,0,0,0,0,7.26677E+20,5.50455E+21,1.21405E+16,4.96508E+16
62418,62419,9,4,74,126,2016,1,10,6,3,2,6,0,0,0,1,0,0,0,0,6.48416E+20,5.50723E+21,1.10582E+16,4.96993E+16
62419,62420,9,7,71,146,2016,1,10,2,3,4,6,0,0,0,1,0,0,0,0,6.47413E+20,5.34856E+21,1.09867E+16,4.82731E+16
62420,62421,9,7,74,121,2016,1,9,2,3,2,6,0,0,0,1,0,0,0,0,6.024E+20,5.36545E+21,1.03844E+16,4.84339E+16
62421,62422,9,2,71,111,2016,1,6,6,2,9,6,2,0,0,1,0,0,0,0,7.87617E+20,5.40755E+21,1.29135E+16,4.87545E+16
62422,62423,9,1,81,130,2016,1,12,1,2,4,2,0,0,0,1,0,0,0,0,6.41976E+20,5.32211E+21,1.09047E+16,4.80365E+16
62423,62424,9,6,74,129,2016,1,18,5,3,1,6,2,1,0,1,0,0,0,0,6.20545E+20,5.53876E+21,1.06817E+16,4.9989E+16
62424,62425,9,4,78,176,2016,1,13,7,3,9,1,0,2,0,1,0,0,0,0,6.59672E+20,5.54964E+21,1.12317E+16,5.00775E+16
62425,62426,9,1,74,135,2016,1,5,7,3,8,1,2,2,0,1,0,0,0,0,6.63112E+20,5.35341E+21,1.12E+16,4.83128E+16
62426,62427,9,6,72,139,2016,1,8,5,3,4,2,0,1,0,1,0,0,0,0,5.66857E+20,5.561E+21,9.93674E+15,5.01974E+16
62427,62428,9,7,77,151,2016,1,13,6,2,5,3,0,1,0,1,0,0,0,0,6.17972E+20,5.28964E+21,1.05739E+16,4.77493E+16
62428,62429,9,6,73,149,2016,1,16,6,3,5,3,1,1,0,1,0,0,0,0,5.79453E+20,5.58791E+21,1.01188E+16,5.04378E+16
62429,62430,9,4,75,175,2016,1,15,6,3,2,6,0,0,0,1,0,0,0,0,6.95453E+20,5.55595E+21,1.17344E+16,5.01235E+16
62430,62431,9,2,76,138,2016,1,9,3,2,4,6,0,1,0,1,0,0,0,0,8.07214E+20,5.43386E+21,1.31991E+16,4.89812E+16
62431,62432,9,1,85,166,2016,1,19,6,3,2,6,2,1,0,1,0,0,0,0,6.72153E+20,5.38286E+21,1.1334E+16,4.85752E+16
62432,62433,9,2,76,128,2016,1,15,6,3,4,1,0,0,0,1,0,0,0,0,7.82024E+20,5.43781E+21,1.28584E+16,4.90286E+16
62433,62434,9,5,74,152,2016,1,17,2,3,3,6,1,0,0,1,0,0,1,0,6.64466E+20,5.48373E+21,1.12707E+16,4.94839E+16
62434,62435,9,7,72,159,2016,1,15,6,3,9,1,0,1,0,1,0,0,0,0,6.27263E+20,5.36281E+21,1.07196E+16,4.84056E+16
62435,62436,9,5,64,0,2016,1,7,6,3,6,2,1,0,0,1,1,0,0,0,6.53444E+20,5.47806E+21,1.11165E+16,4.94359E+16
62436,62437,9,7,77,153,2016,1,12,1,3,5,3,0,0,0,1,0,0,0,0,6.14805E+20,5.27743E+21,1.05284E+16,4.76401E+16
62437,62438,9,4,71,111,2016,1,18,3,1,2,6,2,0,0,1,0,1,0,0,6.44384E+20,5.51888E+21,1.10066E+16,4.9805E+16
62438,62439,9,1,83,115,2016,1,17,1,1,6,6,2,1,0,1,1,0,0,0,7.56039E+20,5.36516E+21,1.24586E+16,4.83875E+16
62439,62440,9,3,72,115,2016,1,21,6,3,8,1,2,1,0,1,0,0,0,0,7.76446E+20,5.45448E+21,1.27937E+16,4.91807E+16
62440,62441,9,6,73,114,2016,1,7,2,3,2,1,0,0,0,1,0,0,0,0,5.85404E+20,5.57473E+21,1.01996E+16,5.03185E+16
62441,62442,9,2,72,120,2016,1,11,6,3,9,1,0,0,0,1,0,0,0,0,8.20818E+20,5.41959E+21,1.33733E+16,4.88462E+16
62442,62443,9,1,62,0,2016,1,16,7,3,5,2,1,1,0,1,0,0,0,0,6.80301E+20,5.33502E+21,1.14238E+16,4.81429E+16
62443,62444,9,6,72,121,2016,1,17,5,3,5,3,2,0,0,1,0,0,0,1,5.6824E+20,5.55277E+21,9.95463E+15,5.01232E+16
62444,62445,9,4,61,0,2016,1,7,7,3,4,2,0,2,0,0,0,0,1,1,6.37881E+20,5.52945E+21,1.092E+16,4.99015E+16
62445,62446,9,5,72,135,2016,1,17,6,3,2,6,2,1,0,1,0,0,0,0,6.31098E+20,5.51008E+21,1.08191E+16,4.97289E+16
62446,62447,9,4,73,141,2016,1,6,6,2,8,1,2,2,0,1,0,0,0,0,6.41066E+20,5.57303E+21,1.09805E+16,5.02925E+16
62447,62448,9,2,73,111,2016,1,14,3,3,1,6,0,0,0,0,0,0,1,0,7.11446E+20,5.41252E+21,1.18812E+16,4.88296E+16
62448,62449,9,1,79,123,2016,1,7,6,3,8,1,1,1,0,1,0,0,0,0,6.76075E+20,5.33185E+21,1.13658E+16,4.81156E+16
62449,62450,9,2,76,120,2016,1,7,2,3,4,1,2,2,0,1,0,0,0,0,7.91547E+20,5.44348E+21,1.29925E+16,4.90751E+16
62450,62451,9,5,74,128,2016,1,14,2,3,2,6,0,1,0,1,0,0,0,0,6.78381E+20,5.48565E+21,1.14635E+16,4.94973E+16
62451,62452,9,4,73,174,2016,1,17,5,3,5,3,2,0,0,1,0,1,0,0,6.53041E+20,5.56447E+21,1.1145E+16,5.02126E+16
62452,62453,9,7,72,130,2016,1,11,3,2,5,3,0,0,0,1,0,0,0,0,6.30351E+20,5.35577E+21,1.07591E+16,4.83417E+16
62453,62454,9,1,80,118,2016,1,14,6,3,5,3,0,0,0,1,0,0,0,0,6.53929E+20,5.26076E+21,1.10432E+16,4.74821E+16
62454,62455,9,6,78,134,2016,1,18,5,3,5,3,2,1,0,1,0,0,0,0,5.96353E+20,5.52852E+21,1.03417E+16,4.99013E+16
62455,62456,9,4,78,176,2016,1,17,5,3,9,1,2,2,0,1,0,0,0,0,6.59382E+20,5.54705E+21,1.12265E+16,5.00543E+16
62456,62457,9,7,79,186,2016,1,11,3,3,5,3,0,0,0,1,0,0,0,0,6.36553E+20,5.41579E+21,1.08625E+16,4.88801E+16
62457,62458,9,2,73,116,2016,1,15,6,3,1,1,0,0,0,1,0,0,0,0,7.20801E+20,5.42346E+21,1.20144E+16,4.89247E+16
62458,62459,9,7,71,113,2016,1,17,7,3,5,3,1,1,0,1,0,0,0,0,6.57734E+20,5.36979E+21,1.11337E+16,4.84614E+16
62459,62460,9,6,73,114,2016,1,15,5,3,1,1,0,0,0,1,0,0,0,0,5.86657E+20,5.57728E+21,1.02178E+16,5.03412E+16
62460,62461,9,5,72,135,2016,1,16,6,3,5,3,0,0,0,1,0,0,1,0,6.30465E+20,5.50417E+21,1.08083E+16,4.96759E+16
62461,62462,9,4,76,145,2016,1,9,6,3,3,6,0,0,0,1,0,0,1,0,6.6519E+20,5.56659E+21,1.13161E+16,5.02284E+16
62462,62463,9,1,73,145,2016,1,12,3,3,5,3,0,0,0,1,0,0,1,0,6.89931E+20,5.29178E+21,1.15341E+16,4.77514E+16
62463,62464,9,1,79,142,2016,1,5,6,3,4,2,2,1,0,1,0,0,0,0,6.70978E+20,5.34113E+21,1.13011E+16,4.82004E+16
62464,62465,9,2,75,128,2016,1,12,2,3,8,6,0,1,0,1,0,0,0,0,8.27163E+20,5.39879E+21,1.3443E+16,4.86564E+16
62465,62466,9,5,71,136,2016,1,15,2,3,4,6,0,0,0,1,0,1,0,0,5.98678E+20,5.43413E+21,1.03505E+16,4.90522E+16
62466,62467,9,6,63,0,2016,1,15,3,3,2,6,0,0,0,1,0,1,0,0,5.71668E+20,5.51584E+21,9.9957E+15,4.97907E+16
62467,62468,9,3,71,120,2016,1,14,7,3,4,2,0,1,0,1,0,0,0,0,7.12829E+20,5.46975E+21,1.19302E+16,4.93433E+16
62468,62469,9,6,72,117,2016,1,14,5,3,1,6,0,1,0,1,0,1,0,0,5.70164E+20,5.57072E+21,9.98486E+15,5.02845E+16
62469,62470,9,7,71,129,2016,1,7,7,3,8,1,1,1,0,1,0,0,0,0,6.60419E+20,5.35544E+21,1.11645E+16,4.83318E+16
62470,62471,9,1,81,132,2016,1,14,2,3,0,1,0,0,0,0,0,0,0,1,6.46089E+20,5.32791E+21,1.09618E+16,4.80877E+16
62471,62472,9,5,64,0,2016,1,16,3,3,3,6,0,0,0,1,0,0,0,1,6.47584E+20,5.47839E+21,1.10358E+16,4.94403E+16
62472,62473,9,4,77,121,2016,1,23,1,1,2,6,2,1,0,1,0,0,0,0,6.87352E+20,5.5474E+21,1.1617E+16,5.00493E+16
62473,62474,9,4,62,0,2016,1,21,6,3,2,6,2,1,0,1,0,0,0,0,6.84494E+20,5.53576E+21,1.15716E+16,4.99457E+16
62474,62475,9,7,73,182,2016,1,5,2,3,5,2,2,1,0,1,0,0,0,0,6.22309E+20,5.37993E+21,1.06577E+16,4.85605E+16
62475,62476,9,7,75,164,2016,1,10,2,3,0,7,0,1,1,0,0,0,0,0,5.8543E+20,5.35115E+21,1.01521E+16,4.83077E+16
62476,62477,9,1,61,0,2016,1,17,2,3,4,2,2,1,1,1,0,0,0,0,6.78586E+20,5.40295E+21,1.14298E+16,4.87539E+16
62477,62478,9,6,71,157,2016,1,15,1,2,8,7,0,1,0,1,0,0,0,0,5.30102E+20,5.52598E+21,9.41904E+15,4.98855E+16
62478,62479,9,1,76,143,2016,1,8,3,3,2,6,0,1,0,1,0,0,0,0,6.81039E+20,5.40931E+21,1.14659E+16,4.88104E+16
62479,62480,9,1,74,113,2016,1,6,6,3,5,3,2,2,0,1,0,0,0,0,6.78218E+20,5.35025E+21,1.14022E+16,4.82804E+16
62480,62481,9,2,73,111,2016,1,7,2,2,6,4,1,1,0,1,1,0,0,0,7.08729E+20,5.41031E+21,1.18431E+16,4.88107E+16
62481,62482,9,3,63,0,2016,1,15,2,3,2,6,0,1,0,1,0,0,0,0,7.27603E+20,5.51016E+21,1.21566E+16,4.97009E+16
62482,62483,9,5,76,128,2016,1,19,7,3,2,6,2,0,0,1,0,0,0,0,6.45407E+20,5.464E+21,1.10006E+16,4.93114E+16
62483,62484,9,6,76,116,2016,1,8,3,3,5,3,0,1,0,1,0,0,0,0,5.19437E+20,5.50772E+21,9.26966E+15,4.97217E+16
62484,62485,9,2,79,137,2016,1,13,7,3,9,1,0,2,0,1,0,0,0,0,7.78988E+20,5.40162E+21,1.27923E+16,4.87051E+16
62485,62486,9,6,71,114,2016,1,14,5,3,2,6,0,0,0,1,0,0,0,0,5.03128E+20,5.54182E+21,9.04367E+15,5.00287E+16
62486,62487,9,1,62,0,2016,1,19,6,3,2,6,2,0,0,1,0,0,0,0,7.0054E+20,5.33268E+21,1.16945E+16,4.81158E+16
62487,62488,9,1,78,123,2016,1,16,2,2,4,6,0,1,0,1,0,0,0,0,6.87337E+20,5.36025E+21,1.15295E+16,4.83676E+16
62488,62489,9,5,75,145,2016,1,6,3,3,8,1,2,1,0,1,0,0,0,0,6.16721E+20,5.48454E+21,1.06121E+16,4.95022E+16
62489,62490,9,3,76,116,2016,1,12,1,2,2,2,0,1,0,1,0,0,0,0,7.37222E+20,5.46406E+21,1.22621E+16,4.92832E+16
62490,62491,9,3,77,129,2016,1,13,6,3,4,1,0,1,0,1,0,0,0,0,7.09201E+20,5.52772E+21,1.19112E+16,4.98653E+16
62491,62492,9,7,71,156,2016,1,8,2,1,4,1,0,0,0,1,0,0,0,0,6.51454E+20,5.37888E+21,1.10521E+16,4.85448E+16
62492,62493,9,2,78,184,2016,1,15,6,3,9,1,0,0,0,1,0,0,0,0,7.77481E+20,5.43373E+21,1.27936E+16,4.89941E+16
62493,62494,9,1,84,129,2016,1,10,1,3,8,6,0,0,0,1,0,0,0,0,7.01234E+20,5.3264E+21,1.17009E+16,4.80592E+16
62494,62495,9,5,64,0,2016,1,15,5,3,2,6,0,0,0,1,0,0,0,0,6.58964E+20,5.47355E+21,1.11908E+16,4.93939E+16
62495,62496,9,4,77,121,2016,1,10,7,3,2,6,0,1,0,1,0,0,0,0,6.87532E+20,5.54802E+21,1.16199E+16,5.00549E+16
62496,62497,9,1,73,126,2016,1,9,2,2,5,3,0,0,0,1,0,0,1,0,6.85052E+20,5.30387E+21,1.14742E+16,4.78615E+16
62497,62498,9,3,76,161,2016,1,22,2,3,0,1,2,1,0,1,0,0,0,0,7.28462E+20,5.4711E+21,1.21458E+16,4.93498E+16
62498,62499,9,1,82,132,2016,1,17,1,3,5,3,2,1,0,1,0,0,0,1,7.07074E+20,5.28693E+21,1.17602E+16,4.77026E+16
62499,62500,9,5,71,193,2016,1,2,7,3,8,1,2,2,0,1,0,0,0,0,5.86888E+20,5.47195E+21,1.01974E+16,4.93941E+16
62500,62501,9,1,87,113,2016,1,8,7,3,8,1,0,2,0,0,0,0,0,1,7.48142E+20,5.32664E+21,1.23296E+16,4.80447E+16
62501,62502,9,5,74,155,2016,1,7,5,3,2,6,2,0,0,1,0,0,0,1,6.68025E+20,5.49163E+21,1.13232E+16,4.9554E+16
62502,62503,9,7,75,152,2016,1,17,6,3,2,6,1,1,0,1,0,0,0,0,5.80792E+20,5.35252E+21,1.00898E+16,4.83207E+16
62503,62504,9,6,79,180,2016,1,11,6,2,6,4,0,0,0,1,1,0,0,0,5.68771E+20,5.52309E+21,9.95674E+15,4.98563E+16
62504,62505,9,5,64,0,2016,1,19,6,3,2,6,2,2,0,1,0,0,0,1,6.52102E+20,5.48164E+21,1.10994E+16,4.94684E+16
62505,62506,9,7,71,113,2016,1,16,1,3,0,7,0,1,1,0,0,0,0,0,6.58541E+20,5.37043E+21,1.11448E+16,4.8467E+16
62506,62507,9,3,62,0,2016,1,22,3,2,3,6,2,0,0,1,0,0,1,0,7.30869E+20,5.43213E+21,1.21566E+16,4.89989E+16
62507,62508,9,1,71,111,2016,1,18,1,3,9,1,2,1,0,1,0,0,0,0,7.72178E+20,5.34877E+21,1.26656E+16,4.82336E+16
62508,62509,9,3,76,153,2016,1,19,6,3,9,1,2,1,0,1,0,0,0,0,7.30931E+20,5.48676E+21,1.21889E+16,4.94894E+16
62509,62510,9,6,71,122,2016,1,22,2,3,8,1,2,1,0,1,0,0,0,0,5.07164E+20,5.52933E+21,9.09979E+15,4.99163E+16
62510,62511,9,2,77,111,2016,1,18,6,2,4,2,2,1,0,1,0,1,0,0,7.81578E+20,5.38578E+21,1.28167E+16,4.85618E+16
62511,62512,9,7,73,117,2016,1,11,7,2,5,3,0,1,0,1,0,0,0,0,6.15577E+20,5.39769E+21,1.05714E+16,4.87215E+16
62512,62513,9,5,76,122,2016,1,19,5,3,2,6,2,1,0,1,0,0,1,0,6.71012E+20,5.43505E+21,1.13402E+16,4.90446E+16
62513,62514,9,5,76,151,2016,1,23,6,3,2,6,2,1,0,1,0,0,0,0,6.53987E+20,5.47031E+21,1.1121E+16,4.9366E+16
62514,62515,9,4,76,164,2016,1,13,6,3,2,6,0,0,0,1,0,0,0,0,6.64883E+20,5.58076E+21,1.13179E+16,5.03558E+16
62515,62516,9,1,90,159,2016,1,14,3,3,2,6,0,0,0,1,0,0,0,0,6.63257E+20,5.30621E+21,1.11839E+16,4.78884E+16
62516,62517,9,1,75,132,2016,1,10,6,3,9,6,0,0,0,1,0,0,0,0,7.05011E+20,5.33629E+21,1.17562E+16,4.81468E+16
62517,62518,9,7,73,146,2016,1,11,6,3,9,1,0,2,0,1,0,0,0,0,6.14038E+20,5.39409E+21,1.05495E+16,4.86894E+16
62518,62519,9,6,78,136,2016,1,12,6,3,4,6,0,0,0,1,0,0,0,0,5.8874E+20,5.53901E+21,1.02382E+16,4.99968E+16
62519,62520,9,4,79,159,2016,1,18,6,3,5,3,2,0,0,1,0,0,0,0,7.21358E+20,5.55475E+21,1.20956E+16,5.01037E+16
62520,62521,9,2,72,147,2016,1,11,3,3,5,3,0,1,0,1,0,0,0,0,8.19739E+20,5.41741E+21,1.3357E+16,4.88272E+16
62521,62522,9,1,84,112,2016,1,12,6,3,2,6,0,0,0,1,0,0,1,0,7.03411E+20,5.33901E+21,1.17361E+16,4.81718E+16
62522,62523,9,5,62,0,2016,1,7,2,3,4,2,1,1,1,1,0,0,0,0,6.45017E+20,5.49541E+21,1.10067E+16,4.95939E+16
62523,62524,9,4,73,121,2016,1,6,5,3,1,6,2,2,0,1,0,0,0,1,6.48195E+20,5.5687E+21,1.10788E+16,5.02519E+16
62524,62525,9,7,61,0,2016,1,10,3,3,2,6,0,0,0,1,0,0,0,0,6.39969E+20,5.35536E+21,1.08887E+16,4.83359E+16
62525,62526,9,1,90,152,2016,1,17,6,1,4,7,2,1,0,1,0,0,0,0,6.71745E+20,5.2971E+21,1.12937E+16,4.78043E+16
62526,62527,9,6,79,209,2016,1,5,7,3,0,7,2,2,0,1,0,0,0,0,5.61982E+20,5.51547E+21,9.86109E+15,4.97885E+16
62527,62528,9,5,62,0,2016,1,18,5,3,0,6,2,1,0,1,0,0,0,0,6.43628E+20,5.49352E+21,1.09868E+16,4.95772E+16
62528,62529,9,1,63,0,2016,1,18,3,3,2,6,2,0,0,1,0,0,0,0,7.33595E+20,5.3033E+21,1.2122E+16,4.78405E+16
62529,62530,9,1,84,114,2016,1,17,6,3,2,6,2,0,0,1,0,0,0,0,6.99215E+20,5.32354E+21,1.16725E+16,4.80341E+16
62530,62531,9,2,77,111,2016,1,7,2,3,8,1,0,2,0,1,0,0,0,0,7.8529E+20,5.38656E+21,1.28674E+16,4.85671E+16
62531,62532,9,4,75,145,2016,1,7,2,2,2,6,1,1,0,1,0,0,0,0,7.00317E+20,5.57456E+21,1.18122E+16,5.02892E+16
62532,62533,9,6,78,134,2016,1,15,7,3,5,3,0,1,0,1,0,0,0,0,5.96743E+20,5.52885E+21,1.03472E+16,4.99042E+16
62533,62534,9,6,77,148,2016,1,7,3,3,2,6,1,1,0,1,0,0,0,0,5.56313E+20,5.53581E+21,9.7853E+15,4.99719E+16
62534,62535,9,2,71,119,2016,1,9,7,3,8,1,0,2,0,0,0,0,1,0,7.87318E+20,5.41582E+21,1.29152E+16,4.88288E+16
62535,62536,9,2,71,151,2016,1,6,2,3,3,6,2,1,0,1,0,0,0,0,7.81139E+20,5.41157E+21,1.28283E+16,4.87935E+16
62536,62537,9,5,64,0,2016,1,13,2,3,2,6,0,0,0,1,0,0,1,0,6.54005E+20,5.4739E+21,1.11226E+16,4.93983E+16