FID,OBJECTID,ULAND,UREGBEZ,UKREIS,UGEMEINDE,UJAHR,UMONAT,USTUNDE,UWOCHENTAG,UKATEGORIE,UART,UTYP1,ULICHTVERH,IstStrasse,IstRad,IstPKW,IstFuss,IstKrad,IstGkfz,IstSonstig,LINREFX,LINREFY,XGCSWGS84,YGCSWGS84
62537,62538,9,7,71,130,2016,1,13,3,3,2,6,0,0,0,1,0,0,1,0,6.4749E+20,5.35885E+21,1.09914E+16,4.83656E+16
62538,62539,9,3,76,148,2016,1,5,7,2,8,7,2,2,0,1,0,0,0,0,7.44759E+20,5.48407E+21,1.23778E+16,4.94599E+16
62539,62540,9,1,89,157,2016,1,12,6,3,9,1,0,0,0,1,0,0,0,0,7.62134E+20,5.32586E+21,1.25165E+16,4.80321E+16
62540,62541,9,5,76,151,2016,1,6,5,3,2,6,2,2,0,1,0,0,1,0,6.53178E+20,5.46782E+21,1.11089E+16,4.93438E+16
62541,62542,9,1,61,0,2016,1,19,2,3,5,2,2,1,0,1,0,0,0,0,6.77238E+20,5.40412E+21,1.14119E+16,4.87648E+16
62542,62543,9,5,71,165,2016,1,19,1,3,3,6,2,0,0,1,0,0,0,0,6.35478E+20,5.46426E+21,1.08641E+16,4.9316E+16
62543,62544,9,4,77,139,2016,1,16,6,3,9,1,0,0,0,1,0,0,0,0,6.91939E+20,5.55203E+21,1.16834E+16,5.00895E+16
62544,62545,9,7,76,126,2016,1,14,2,3,2,6,0,0,0,1,0,0,0,0,5.55359E+20,5.26981E+21,9.73616E+15,4.75794E+16
62545,62546,9,1,84,118,2016,1,10,3,3,2,6,0,0,0,1,0,0,0,0,7.04233E+20,5.33602E+21,1.17457E+16,4.81446E+16
62546,62547,9,1,90,142,2016,1,15,2,2,4,2,0,0,0,1,0,0,0,0,6.59705E+20,5.29862E+21,1.11336E+16,4.78211E+16
62547,62548,9,3,74,144,2016,1,17,2,3,5,3,2,1,0,1,0,0,0,0,7.19177E+20,5.51035E+21,1.204E+16,4.97057E+16
62548,62549,9,5,72,115,2016,1,9,7,3,9,1,0,2,0,1,0,0,0,0,6.44784E+20,5.50291E+21,1.10062E+16,4.96614E+16
62549,62550,9,5,74,139,2016,1,15,3,3,5,3,0,0,0,1,0,0,0,0,6.69663E+20,5.4792E+21,1.13405E+16,4.94418E+16
62550,62551,9,2,73,166,2016,1,10,7,3,9,1,0,1,0,1,0,0,0,0,7.14183E+20,5.42123E+21,1.1923E+16,4.89069E+16
62551,62552,9,5,63,0,2016,1,11,5,3,2,6,0,1,0,1,0,0,0,0,6.43231E+20,5.48273E+21,1.09774E+16,4.94803E+16
62552,62553,9,1,62,0,2016,1,19,6,3,2,2,2,2,0,1,0,0,0,0,6.84577E+20,5.33541E+21,1.14814E+16,4.81451E+16
62553,62554,9,7,72,148,2016,1,10,6,3,5,3,0,1,0,1,0,0,0,0,6.28466E+20,5.35479E+21,1.07334E+16,4.83332E+16
62554,62555,9,5,64,0,2016,1,17,6,3,2,6,2,1,0,1,0,0,0,0,6.52174E+20,5.48179E+21,1.11004E+16,4.94697E+16
62555,62556,9,1,62,0,2016,1,19,1,3,4,2,2,1,0,1,0,0,0,0,6.82475E+20,5.33554E+21,1.14533E+16,4.81469E+16
62556,62557,9,4,76,177,2016,1,10,3,3,8,1,0,1,0,1,0,0,0,0,6.7383E+20,5.5736E+21,1.14403E+16,5.02889E+16
62557,62558,9,2,78,117,2016,1,3,1,3,8,1,2,2,0,1,0,0,0,0,7.5592E+20,5.41995E+21,1.24908E+16,4.88796E+16
62558,62559,9,5,64,0,2016,1,13,5,3,0,4,0,0,0,0,1,0,0,1,6.47622E+20,5.47493E+21,1.10351E+16,4.94092E+16
62559,62560,9,1,78,145,2016,1,6,7,3,0,1,2,2,0,1,0,0,0,0,6.92864E+20,5.35821E+21,1.16031E+16,4.83476E+16
62560,62561,9,1,74,136,2016,1,18,2,2,6,4,2,1,0,1,1,0,0,0,6.82919E+20,5.36463E+21,1.14718E+16,4.84083E+16
62561,62562,9,5,73,123,2016,1,19,3,3,2,6,2,1,0,1,0,0,0,0,6.39339E+20,5.48817E+21,1.09256E+16,4.95301E+16
62562,62563,9,4,74,121,2016,1,1,1,3,9,1,2,1,0,1,0,0,0,0,6.56966E+20,5.51722E+21,1.11807E+16,4.97869E+16
62563,62564,9,4,62,0,2016,1,12,6,3,2,2,0,1,0,1,0,0,0,0,6.84488E+20,5.53576E+21,1.15715E+16,4.99456E+16
62564,62565,9,7,72,160,2016,1,22,2,3,2,6,2,1,0,1,0,0,1,0,6.37807E+20,5.34034E+21,1.08547E+16,4.82014E+16
62565,62566,9,7,64,0,2016,1,13,2,3,5,3,0,0,0,1,0,0,0,0,5.86057E+20,5.31686E+21,1.01536E+16,4.79992E+16
62566,62567,9,1,61,0,2016,1,7,1,3,8,1,0,2,0,1,0,0,0,0,6.7987E+20,5.40656E+21,1.14488E+16,4.8786E+16
62567,62568,9,5,64,0,2016,1,8,5,3,3,6,0,1,0,1,0,0,0,0,6.52799E+20,5.4828E+21,1.11094E+16,4.94786E+16
62568,62569,9,4,75,168,2016,1,10,7,3,9,1,0,2,0,1,0,0,0,0,7.07125E+20,5.56755E+21,1.19038E+16,5.02238E+16
62569,62570,9,1,87,165,2016,1,8,7,3,3,1,0,2,0,1,0,0,1,0,7.3454E+20,5.29956E+21,1.21326E+16,4.78066E+16
62570,62571,9,5,64,0,2016,1,11,5,3,3,7,0,1,0,1,0,0,0,0,6.55752E+20,5.47697E+21,1.11479E+16,4.94254E+16
62571,62572,9,7,77,144,2016,1,8,6,3,2,6,0,0,0,1,0,0,0,1,6.10641E+20,5.29259E+21,1.04769E+16,4.77772E+16
62572,62573,9,6,75,148,2016,1,16,6,3,2,2,0,1,0,1,0,0,0,0,5.93825E+20,5.50477E+21,1.03008E+16,4.96881E+16
62573,62574,9,5,71,198,2016,1,11,6,3,9,1,0,0,0,1,0,0,0,0,5.98012E+20,5.4616E+21,1.03481E+16,4.92993E+16
62574,62575,9,3,61,0,2016,1,10,3,2,2,6,0,0,0,1,0,0,0,0,7.06529E+20,5.48242E+21,1.18501E+16,4.94592E+16
62575,62576,9,1,77,124,2016,1,0,6,2,8,1,2,0,0,1,0,0,0,0,7.25769E+20,5.36409E+21,1.20498E+16,4.83895E+16
62576,62577,9,2,76,144,2016,1,6,6,3,2,6,1,1,0,1,0,0,0,0,7.85853E+20,5.44113E+21,1.2913E+16,4.90566E+16
62577,62578,9,5,72,135,2016,1,8,2,3,2,6,0,0,0,1,0,0,0,0,6.32842E+20,5.5084E+21,1.08427E+16,4.97134E+16
62578,62579,9,4,72,175,2016,1,9,5,2,8,1,0,1,0,1,0,0,0,0,6.79349E+20,5.51165E+21,1.14888E+16,4.97306E+16
62579,62580,9,2,74,126,2016,1,13,6,3,2,6,0,0,0,1,0,0,0,0,7.33366E+20,5.38265E+21,1.21626E+16,4.85535E+16
62580,62581,9,7,72,151,2016,1,3,7,3,8,1,2,1,0,1,0,0,0,0,6.32467E+20,5.34356E+21,1.07838E+16,4.82314E+16
62581,62582,9,1,62,0,2016,1,9,4,3,3,2,0,0,1,0,0,0,0,0,6.84651E+20,5.32912E+21,1.14797E+16,4.80886E+16
62582,62583,9,7,72,209,2016,1,13,7,3,2,7,0,0,0,1,0,0,0,0,6.36529E+20,5.33621E+21,1.08361E+16,4.81644E+16
62583,62584,9,7,76,116,2016,2,8,2,1,4,7,0,0,0,1,0,0,1,0,5.50344E+20,5.27011E+21,9.66951E+15,4.75825E+16
62584,62585,9,2,77,141,2016,1,3,7,2,8,7,2,2,0,1,0,0,0,0,7.71831E+20,5.37296E+21,1.26765E+16,4.8451E+16
62585,62586,9,6,74,163,2016,1,11,4,3,8,1,0,0,0,1,0,0,0,0,6.0839E+20,5.53775E+21,1.05119E+16,4.99822E+16
62586,62587,9,1,89,114,2016,1,18,4,3,5,3,2,1,0,1,0,0,0,0,7.64526E+20,5.31191E+21,1.25399E+16,4.7906E+16
62587,62588,9,3,71,136,2016,2,16,2,3,1,6,1,1,0,1,0,0,0,0,7.09069E+20,5.4778E+21,1.18827E+16,4.9417E+16
62588,62589,9,1,86,147,2016,1,14,6,3,2,6,0,0,0,1,0,0,0,0,6.86052E+20,5.38895E+21,1.15249E+16,4.86259E+16
62589,62590,9,3,62,0,2016,1,18,5,3,2,6,1,1,0,1,0,0,0,1,7.31492E+20,5.43231E+21,1.21652E+16,4.90002E+16
62590,62591,9,1,83,131,2016,1,20,5,3,9,1,2,1,0,1,0,0,0,0,7.62829E+20,5.35889E+21,1.25462E+16,4.83285E+16
62591,62592,9,3,74,134,2016,1,19,1,3,8,7,2,1,0,1,0,0,0,0,7.17393E+20,5.50535E+21,1.20125E+16,4.96614E+16
62592,62593,9,4,74,133,2016,1,20,4,3,8,1,2,1,0,1,0,0,0,0,6.40167E+20,5.51402E+21,1.09463E+16,4.97623E+16
62593,62594,9,1,84,114,2016,1,11,7,3,2,6,0,0,0,1,0,0,0,0,7.00229E+20,5.31772E+21,1.16833E+16,4.79814E+16
62594,62595,9,7,78,173,2016,1,14,6,3,2,6,0,0,0,1,0,0,0,0,6.12347E+20,5.32259E+21,1.05075E+16,4.80467E+16
62595,62596,9,6,71,113,2016,1,9,7,3,0,7,0,0,0,0,0,1,0,0,5.16864E+20,5.54597E+21,9.23563E+15,5.00657E+16
62596,62597,9,7,75,143,2016,1,7,3,3,0,1,0,0,0,1,0,0,0,0,5.86005E+20,5.3563E+21,1.01609E+16,4.8354E+16
62597,62598,9,5,72,111,2016,2,7,2,3,5,3,0,0,0,1,0,0,0,0,6.35391E+20,5.50477E+21,1.08768E+16,4.96802E+16
62598,62599,9,1,89,135,2016,1,14,7,2,0,1,0,0,1,0,0,0,0,0,7.84798E+20,5.31369E+21,1.28118E+16,4.79132E+16
62599,62600,9,5,71,145,2016,1,22,4,1,2,6,2,0,0,0,0,0,1,1,5.9226E+20,5.44543E+21,1.02653E+16,4.91547E+16
62600,62601,9,2,61,0,2016,2,7,2,3,4,6,0,1,1,0,0,0,0,0,7.33458E+20,5.38125E+21,1.21631E+16,4.85408E+16
62601,62602,9,6,73,146,2016,1,13,6,2,9,1,0,1,0,1,0,0,0,0,5.82651E+20,5.57107E+21,1.01602E+16,5.0286E+16
62602,62603,9,5,63,0,2016,1,8,6,3,2,6,0,0,0,1,0,0,0,0,6.44054E+20,5.48045E+21,1.09879E+16,4.94596E+16
62603,62604,9,3,73,147,2016,1,14,5,3,8,1,0,1,0,1,0,0,0,0,6.81867E+20,5.46115E+21,1.15004E+16,4.9276E+16
62604,62605,9,1,87,150,2016,1,18,5,3,2,6,2,1,0,1,0,0,0,0,7.29331E+20,5.30337E+21,1.20652E+16,4.78427E+16
62605,62606,9,2,72,126,2016,1,15,1,3,9,1,0,2,0,1,0,0,0,0,8.38296E+20,5.41995E+21,1.36111E+16,4.88402E+16
62606,62607,9,4,71,131,2016,1,23,4,3,6,6,2,0,0,1,1,0,0,0,6.32084E+20,5.52263E+21,1.0837E+16,4.98415E+16
62607,62608,9,1,87,156,2016,1,18,7,2,0,1,2,0,1,0,0,0,0,0,7.36456E+20,5.29271E+21,1.21544E+16,4.77444E+16
62608,62609,9,7,76,130,2016,1,12,6,3,2,6,0,0,0,1,0,0,0,0,5.55654E+20,5.27185E+21,9.74035E+15,4.75977E+16
62609,62610,9,5,75,133,2016,1,22,7,3,8,1,2,1,0,1,0,0,0,0,6.00108E+20,5.48216E+21,1.03821E+16,4.94838E+16
62610,62611,9,5,64,0,2016,2,5,2,3,6,2,2,1,0,1,1,0,0,0,6.53775E+20,5.47886E+21,1.11213E+16,4.94429E+16
62611,62612,9,1,86,122,2016,1,15,6,3,8,1,0,1,0,1,0,0,0,0,6.88976E+20,5.39405E+21,1.15669E+16,4.86709E+16
62612,62613,9,1,82,119,2016,2,14,2,3,5,3,0,0,0,1,0,0,0,0,7.11747E+20,5.29408E+21,1.18259E+16,4.77653E+16
62613,62614,9,7,73,136,2016,1,13,5,3,2,6,0,1,0,1,0,0,0,1,5.98049E+20,5.37375E+21,1.03275E+16,4.85092E+16
62614,62615,9,6,71,155,2016,1,11,6,3,3,6,0,0,0,1,0,0,0,0,5.01963E+20,5.53737E+21,9.02739E+15,4.99887E+16
62615,62616,9,4,75,161,2016,1,9,6,3,8,7,0,1,0,1,0,0,0,0,7.16229E+20,5.57769E+21,1.20371E+16,5.03116E+16
62616,62617,9,1,88,139,2016,1,11,5,3,5,3,0,0,1,1,0,0,0,0,6.75181E+20,5.32041E+21,1.13491E+16,4.8013E+16
62617,62618,9,7,76,130,2016,1,10,7,3,4,6,0,0,0,1,0,0,0,0,5.55203E+20,5.26976E+21,9.73407E+15,4.75789E+16
62618,62619,9,1,84,114,2016,1,18,7,3,5,2,2,1,0,1,0,0,0,0,7.00962E+20,5.32285E+21,1.16956E+16,4.80273E+16
62619,62620,9,1,62,0,2016,1,12,6,3,2,6,0,1,0,1,0,0,0,0,7.00008E+20,5.3329E+21,1.16875E+16,4.8118E+16
62620,62621,9,6,73,142,2016,1,8,6,3,9,1,0,2,0,1,0,0,0,0,5.87468E+20,5.5859E+21,1.02312E+16,5.04186E+16
62621,62622,9,3,71,126,2016,1,18,7,2,6,4,2,1,0,1,1,0,0,0,7.02762E+20,5.49055E+21,1.18024E+16,4.95336E+16
62622,62623,9,1,72,117,2016,1,7,4,2,6,4,1,1,0,1,1,0,0,0,7.99514E+20,5.28245E+21,1.29867E+16,4.76261E+16
62623,62624,9,1,82,119,2016,1,15,1,2,4,1,0,1,0,1,0,0,0,0,7.1406E+20,5.29365E+21,1.18565E+16,4.77606E+16
62624,62625,9,1,74,115,2016,1,10,7,3,4,2,0,0,0,1,0,0,0,0,6.83263E+20,5.34844E+21,1.14694E+16,4.82627E+16
62625,62626,9,7,72,163,2016,1,9,6,3,2,6,0,0,0,1,0,0,0,0,6.38894E+20,5.34944E+21,1.08723E+16,4.82829E+16
62626,62627,9,4,71,150,2016,1,13,7,3,4,6,0,0,0,1,0,0,0,0,6.40407E+20,5.52475E+21,1.09535E+16,4.98587E+16
62627,62628,9,5,71,136,2016,1,15,4,3,5,3,0,0,0,1,0,0,0,0,5.9644E+20,5.43692E+21,1.03206E+16,4.90776E+16
62628,62629,9,3,71,136,2016,1,8,6,3,4,1,0,2,0,1,0,0,0,0,7.06573E+20,5.47612E+21,1.18475E+16,4.94027E+16
62629,62630,9,4,73,112,2016,2,6,2,3,4,2,2,1,0,1,0,0,0,0,6.36828E+20,5.56637E+21,1.09186E+16,5.02336E+16
62630,62631,9,1,88,120,2016,1,17,6,3,5,3,2,0,0,1,0,0,0,0,6.78471E+20,5.32778E+21,1.13962E+16,4.80783E+16
62631,62632,9,1,76,120,2016,2,9,2,3,9,1,0,1,0,1,0,0,0,0,6.80362E+20,5.42255E+21,1.14625E+16,4.89295E+16
62632,62633,9,7,71,130,2016,1,17,5,2,2,6,2,1,0,1,0,0,0,0,6.442E+20,5.36205E+21,1.09481E+16,4.83951E+16
62633,62634,9,5,74,123,2016,1,18,6,3,2,6,2,0,0,1,0,0,0,1,6.61596E+20,5.47914E+21,1.12293E+16,4.94434E+16
62634,62635,9,6,79,176,2016,1,17,1,2,8,1,1,1,0,1,0,0,0,0,5.67825E+20,5.50504E+21,9.94044E+15,4.9694E+16
62635,62636,9,3,73,151,2016,1,14,6,3,3,6,0,0,0,1,0,0,1,0,6.96255E+20,5.45123E+21,1.16932E+16,4.91825E+16
62636,62637,9,1,77,126,2016,1,19,5,1,8,1,2,1,0,1,0,0,0,0,7.17579E+20,5.3698E+21,1.19422E+16,4.84437E+16
62637,62638,9,7,73,144,2016,1,7,7,3,8,1,0,2,0,1,0,0,0,0,6.03777E+20,5.37982E+21,1.04066E+16,4.85629E+16
62638,62639,9,2,71,125,2016,1,16,7,3,5,3,0,0,0,1,0,0,0,1,7.97427E+20,5.41015E+21,1.30485E+16,4.87731E+16
62639,62640,9,7,61,0,2016,1,14,4,3,0,7,0,0,1,0,0,0,0,0,6.42823E+20,5.36022E+21,1.09288E+16,4.8379E+16
62640,62641,9,1,63,0,2016,1,23,4,3,4,3,2,0,0,1,0,0,0,0,7.34286E+20,5.30454E+21,1.21319E+16,4.78514E+16
62641,62642,9,3,76,161,2016,2,12,2,3,5,7,0,1,1,1,0,0,0,0,7.25277E+20,5.4648E+21,1.20985E+16,4.92944E+16
62642,62643,9,1,84,145,2016,1,18,6,3,2,6,2,0,0,1,0,0,0,0,6.98053E+20,5.32292E+21,1.16566E+16,4.80289E+16
62643,62644,9,7,77,121,2016,1,16,1,3,3,6,2,1,0,1,0,0,0,0,6.27066E+20,5.32032E+21,1.07042E+16,4.80236E+16
62644,62645,9,5,64,0,2016,1,16,5,3,2,6,1,1,0,1,0,0,0,0,6.52374E+20,5.48117E+21,1.11029E+16,4.94641E+16
62645,62646,9,4,61,0,2016,1,18,5,3,4,6,2,1,1,0,0,0,0,0,6.35729E+20,5.52951E+21,1.08901E+16,4.99026E+16
62646,62647,9,1,62,0,2016,1,8,5,3,3,6,0,0,0,1,0,0,0,0,6.86305E+20,5.33076E+21,1.15026E+16,4.81028E+16
62647,62648,9,1,80,117,2016,1,16,6,3,1,6,0,1,0,1,0,0,0,0,6.55691E+20,5.26112E+21,1.10667E+16,4.74849E+16
62648,62649,9,1,84,135,2016,1,18,5,3,6,4,2,1,0,1,1,0,0,0,6.89797E+20,5.34816E+21,1.15572E+16,4.82582E+16
62649,62650,9,1,77,135,2016,2,18,2,3,5,3,2,0,0,1,0,0,0,1,7.19148E+20,5.34433E+21,1.19502E+16,4.82143E+16
62650,62651,9,6,62,0,2016,1,7,5,3,1,6,0,1,0,1,0,0,1,0,5.87199E+20,5.54417E+21,1.02178E+16,5.00434E+16
62651,62652,9,4,75,169,2016,1,15,5,3,1,6,0,0,0,1,0,0,0,1,6.89412E+20,5.57376E+21,1.16589E+16,5.02856E+16
62652,62653,9,2,75,154,2016,1,12,5,3,5,3,0,1,0,1,0,0,0,0,8.09254E+20,5.39479E+21,1.31975E+16,4.86296E+16
62653,62654,9,5,74,152,2016,1,13,6,2,2,6,0,0,0,1,0,0,0,0,6.62776E+20,5.48408E+21,1.12476E+16,4.94875E+16
62654,62655,9,5,62,0,2016,1,20,1,3,5,2,2,1,0,1,0,1,0,0,6.43201E+20,5.49621E+21,1.09819E+16,4.96015E+16
62655,62656,9,3,72,155,2016,1,15,6,3,3,6,0,0,0,1,0,0,0,0,7.71048E+20,5.45897E+21,1.27228E+16,4.92235E+16
62656,62657,9,7,80,133,2016,1,15,4,3,0,7,0,2,0,0,1,0,0,1,5.93974E+20,5.25059E+21,1.02455E+16,4.7402E+16
62657,62658,9,7,72,130,2016,1,9,7,3,1,6,0,0,0,1,0,0,0,0,6.31489E+20,5.35709E+21,1.07749E+16,4.83533E+16
62658,62659,9,7,72,160,2016,2,19,2,3,8,7,2,0,0,1,0,0,1,0,6.37873E+20,5.34059E+21,1.08556E+16,4.82035E+16
62659,62660,9,2,77,119,2016,1,8,7,2,8,7,0,2,0,1,0,0,0,0,7.73616E+20,5.37752E+21,1.27036E+16,4.84912E+16
62660,62661,9,6,76,140,2016,1,14,4,3,4,6,0,0,0,1,0,0,0,0,5.0599E+20,5.52221E+21,9.08332E+15,4.98523E+16
62661,62662,9,1,82,125,2016,1,5,4,3,8,7,2,1,0,1,0,0,0,0,7.08987E+20,5.29613E+21,1.17901E+16,4.77846E+16
62662,62663,9,2,71,119,2016,2,17,2,3,8,6,0,0,0,1,0,0,0,0,7.92951E+20,5.41277E+21,1.29896E+16,4.87988E+16
62663,62664,9,1,86,146,2016,1,7,6,2,4,6,0,0,0,1,0,0,0,0,6.81571E+20,5.36851E+21,1.14553E+16,4.84435E+16
62664,62665,9,3,75,165,2016,1,22,5,3,2,6,2,0,0,1,0,0,0,0,7.26297E+20,5.43676E+21,1.20967E+16,4.90421E+16
62665,62666,9,1,71,123,2016,1,17,5,3,2,6,2,1,1,1,0,0,0,0,7.84687E+20,5.35092E+21,1.28351E+16,4.82475E+16
62666,62667,9,2,76,126,2016,1,8,1,3,0,1,0,2,0,1,0,0,0,0,8.01844E+20,5.42524E+21,1.31196E+16,4.89064E+16
62667,62668,9,3,72,153,2016,1,15,4,3,4,6,0,1,0,1,0,0,0,0,7.48768E+20,5.45926E+21,1.24176E+16,4.92355E+16
62668,62669,9,1,87,176,2016,1,13,7,3,2,2,0,0,0,1,0,0,0,0,7.37775E+20,5.33194E+21,1.21937E+16,4.80963E+16
62669,62670,9,7,74,144,2016,1,7,6,3,0,1,0,1,0,1,0,0,0,0,6.03403E+20,5.35788E+21,1.03961E+16,4.83656E+16
62670,62671,9,5,65,0,2016,1,23,7,3,2,2,2,1,0,1,0,0,0,0,6.48475E+20,5.46522E+21,1.10432E+16,4.93217E+16
62671,62672,9,7,75,134,2016,1,17,3,3,2,6,2,0,1,1,0,0,0,0,5.84362E+20,5.36257E+21,1.014E+16,4.84106E+16
62672,62673,9,4,76,145,2016,1,0,1,3,8,1,2,1,0,1,0,0,0,0,6.64218E+20,5.5646E+21,1.13016E+16,5.02108E+16
62673,62674,9,3,73,113,2016,1,7,4,3,2,1,0,1,0,1,0,0,0,0,6.77195E+20,5.46735E+21,1.1439E+16,4.93331E+16
62674,62675,9,6,79,209,2016,1,23,7,3,8,1,2,1,0,1,0,0,0,0,5.62968E+20,5.51652E+21,9.87496E+15,4.97978E+16
62675,62676,9,7,75,135,2016,1,16,3,3,2,6,0,0,0,1,0,0,0,0,5.74781E+20,5.35748E+21,1.00097E+16,4.83661E+16
62676,62677,9,6,77,114,2016,2,6,2,3,2,6,1,1,0,1,0,0,0,0,5.67971E+20,5.5374E+21,9.94814E+15,4.99851E+16
62677,62678,9,2,79,112,2016,1,8,7,3,9,1,0,2,0,1,0,0,0,0,7.57056E+20,5.39141E+21,1.24885E+16,4.86229E+16
62678,62679,9,5,64,0,2016,1,10,4,3,5,2,0,0,0,1,0,0,0,0,6.47846E+20,5.47364E+21,1.10377E+16,4.93975E+16
62679,62680,9,1,82,125,2016,1,5,4,3,8,7,2,0,0,1,0,0,0,0,7.12496E+20,5.29784E+21,1.18377E+16,4.77988E+16
62680,62681,9,2,75,124,2016,2,10,2,3,5,3,0,0,0,1,0,0,0,0,8.07389E+20,5.37362E+21,1.31567E+16,4.84405E+16
62681,62682,9,2,76,148,2016,1,7,5,3,2,6,1,1,0,1,0,0,0,1,8.08045E+20,5.43546E+21,1.32117E+16,4.89951E+16
62682,62683,9,2,74,121,2016,1,16,1,3,5,3,1,1,0,1,0,0,0,0,7.25123E+20,5.36853E+21,1.20434E+16,4.84297E+16
62683,62684,9,3,76,161,2016,1,11,4,3,2,6,0,1,0,1,0,0,0,0,7.26532E+20,5.46706E+21,1.2117E+16,4.93142E+16
62684,62685,9,1,61,0,2016,1,15,7,3,2,6,0,0,0,1,0,0,0,0,6.79471E+20,5.40064E+21,1.14408E+16,4.87329E+16
62685,62686,9,7,79,131,2016,1,16,6,3,4,2,0,0,0,1,0,0,0,0,6.31332E+20,5.39614E+21,1.07851E+16,4.87044E+16
62686,62687,9,4,75,168,2016,1,17,7,3,4,2,1,0,0,1,0,0,0,0,7.0977E+20,5.56608E+21,1.194E+16,5.02096E+16
62687,62688,9,4,76,145,2016,1,13,4,3,1,6,0,0,0,1,0,0,0,1,6.65467E+20,5.56851E+21,1.13208E+16,5.02456E+16
62688,62689,9,5,77,136,2016,2,22,2,2,4,7,2,0,0,1,0,0,0,0,6.24964E+20,5.44041E+21,1.07121E+16,4.91038E+16
62689,62690,9,1,81,141,2016,1,16,6,3,5,3,0,0,0,1,0,0,0,0,6.438E+20,5.31884E+21,1.0928E+16,4.80067E+16
62690,62691,9,1,86,137,2016,2,7,2,3,5,3,0,1,0,1,0,0,0,0,6.82327E+20,5.39892E+21,1.14788E+16,4.87166E+16
62691,62692,9,7,72,163,2016,1,7,5,3,2,6,0,0,0,1,0,0,0,0,6.39099E+20,5.35029E+21,1.08753E+16,4.82905E+16
62692,62693,9,5,72,114,2016,1,13,6,2,0,1,0,0,1,0,0,0,0,0,6.31025E+20,5.49236E+21,1.08122E+16,4.95696E+16
62693,62694,9,7,77,154,2016,1,4,1,3,6,4,2,2,0,1,1,0,0,0,6.08114E+20,5.30066E+21,1.04452E+16,4.78502E+16
62694,62695,9,5,62,0,2016,2,17,2,3,3,3,2,0,0,1,0,0,0,0,6.40239E+20,5.49202E+21,1.09394E+16,4.95645E+16
62695,62696,9,1,85,150,2016,1,23,6,3,8,1,2,2,0,1,0,0,0,0,6.53002E+20,5.39793E+21,1.10801E+16,4.87156E+16
62696,62697,9,1,71,125,2016,1,13,7,3,2,6,0,0,0,1,0,0,0,0,7.78513E+20,5.35058E+21,1.27519E+16,4.82472E+16
62697,62698,9,5,77,113,2016,1,14,4,3,4,2,0,0,0,1,0,0,0,0,6.38832E+20,5.43271E+21,1.08993E+16,4.90316E+16
62698,62699,9,1,80,117,2016,2,10,2,3,1,6,0,0,0,1,0,0,1,0,6.58565E+20,5.26383E+21,1.11058E+16,4.75086E+16
62699,62700,9,6,72,117,2016,1,7,6,3,4,1,0,2,0,1,0,0,0,1,5.70646E+20,5.56748E+21,9.99101E+15,5.02553E+16
62700,62701,9,5,75,152,2016,1,12,6,3,4,6,0,0,0,1,0,0,0,0,6.19537E+20,5.48027E+21,1.06497E+16,4.94633E+16
62701,62702,9,1,87,150,2016,1,18,5,2,6,4,2,1,0,1,1,0,0,0,7.27975E+20,5.30325E+21,1.2047E+16,4.78421E+16
62702,62703,9,1,79,123,2016,1,17,1,3,5,2,2,1,0,1,0,0,0,0,6.76445E+20,5.3345E+21,1.13718E+16,4.81393E+16
62703,62704,9,1,78,143,2016,1,9,7,3,2,3,0,1,0,1,0,0,0,0,7.21781E+20,5.37427E+21,1.20014E+16,4.84824E+16
62704,62705,9,7,61,0,2016,1,9,6,3,5,3,0,1,1,1,0,0,0,0,6.39468E+20,5.36089E+21,1.08838E+16,4.83857E+16
62705,62706,9,3,75,165,2016,1,12,7,3,2,6,0,0,0,1,0,0,0,0,7.26105E+20,5.43646E+21,1.2094E+16,4.90395E+16
62706,62707,9,2,71,119,2016,1,14,6,3,2,5,0,0,0,1,0,0,0,0,7.90412E+20,5.41692E+21,1.2958E+16,4.88372E+16
62707,62708,9,3,75,210,2016,2,8,2,3,2,6,0,0,0,1,0,0,1,0,7.49213E+20,5.43253E+21,1.24072E+16,4.89953E+16
62708,62709,9,1,62,0,2016,1,7,6,3,1,6,0,1,0,1,0,0,0,0,6.85074E+20,5.34261E+21,1.14912E+16,4.82097E+16
62709,62710,9,1,86,162,2016,2,6,2,3,1,5,2,1,0,0,0,0,1,1,6.93005E+20,5.38687E+21,1.16182E+16,4.86051E+16
62710,62711,9,6,63,0,2016,1,12,5,3,5,2,0,0,0,1,0,0,0,0,5.65225E+20,5.51614E+21,9.90625E+15,4.97941E+16
62711,62712,9,2,76,128,2016,1,9,5,3,2,6,0,1,0,1,0,0,0,0,7.80663E+20,5.43564E+21,1.28384E+16,4.90098E+16
62712,62713,9,5,62,0,2016,1,11,6,3,2,6,0,1,0,1,0,0,0,0,6.44063E+20,5.49667E+21,1.0994E+16,4.96054E+16
62713,62714,9,6,71,122,2016,1,14,1,2,9,1,0,0,0,1,0,0,0,0,5.05409E+20,5.52622E+21,9.0753E+15,4.98883E+16
62714,62715,9,3,72,125,2016,1,21,6,3,8,1,2,2,0,1,0,0,0,0,7.50629E+20,5.44408E+21,1.24336E+16,4.90984E+16
62715,62716,9,1,62,0,2016,1,10,4,3,2,6,0,0,0,1,0,0,0,0,6.87921E+20,5.335E+21,1.15262E+16,4.81405E+16
62716,62717,9,7,72,115,2016,1,8,7,2,9,1,0,2,0,1,0,0,0,0,6.19851E+20,5.37048E+21,1.06217E+16,4.8476E+16