FID,OBJECTID,ULAND,UREGBEZ,UKREIS,UGEMEINDE,UJAHR,UMONAT,USTUNDE,UWOCHENTAG,UKATEGORIE,UART,UTYP1,ULICHTVERH,IstStrasse,IstRad,IstPKW,IstFuss,IstKrad,IstGkfz,IstSonstig,LINREFX,LINREFY,XGCSWGS84,YGCSWGS84
62717,62718,9,4,71,175,2016,1,19,6,3,2,6,2,1,0,1,0,0,0,1,6.30796E+20,5.54357E+21,1.08262E+16,5.00301E+16
62718,62719,9,1,81,141,2016,1,18,5,3,8,1,2,1,0,1,0,0,0,0,6.43478E+20,5.32134E+21,1.09245E+16,4.80293E+16
62719,62720,9,7,77,155,2016,1,5,7,3,8,1,2,2,0,1,0,0,0,0,6.33567E+20,5.3115E+21,1.07886E+16,4.79429E+16
62720,62721,9,1,62,0,2016,1,12,7,3,3,6,0,0,0,1,0,0,0,1,6.88357E+20,5.34019E+21,1.15343E+16,4.8187E+16
62721,62722,9,1,84,140,2016,1,17,6,3,5,3,1,0,1,1,0,0,0,0,7.01225E+20,5.32824E+21,1.17016E+16,4.80756E+16
62722,62723,9,6,74,149,2016,1,19,6,3,6,4,2,0,0,1,1,0,0,0,6.09031E+20,5.55525E+21,1.05258E+16,5.01394E+16
62723,62724,9,1,87,130,2016,1,13,4,3,1,6,0,0,0,1,1,0,0,0,7.12497E+20,5.31014E+21,1.18438E+16,4.79094E+16
62724,62725,9,3,72,174,2016,2,6,2,3,8,1,2,1,0,1,0,0,0,0,7.72211E+20,5.46531E+21,1.27431E+16,4.92798E+16
62725,62726,9,1,89,154,2016,1,7,6,3,2,6,0,1,0,1,0,0,0,0,7.68805E+20,5.31627E+21,1.25998E+16,4.79433E+16
62726,62727,9,7,78,144,2016,1,19,5,3,5,3,2,1,0,1,0,1,0,0,5.9502E+20,5.30474E+21,1.02711E+16,4.78889E+16
62727,62728,9,1,75,121,2016,2,15,2,3,6,4,0,0,0,1,1,0,0,0,7.13712E+20,5.31898E+21,1.18644E+16,4.79884E+16
62728,62729,9,5,72,135,2016,1,7,5,3,3,6,0,0,0,1,0,0,0,0,6.48753E+20,5.48853E+21,1.10558E+16,4.95311E+16
62729,62730,9,4,75,123,2016,1,6,5,2,9,1,2,1,0,1,0,0,0,0,7.06332E+20,5.58168E+21,1.19004E+16,5.0351E+16
62730,62731,9,2,61,0,2016,1,5,5,3,2,6,1,1,0,1,0,0,0,0,7.32755E+20,5.38209E+21,1.2154E+16,4.85486E+16
62731,62732,9,5,74,111,2016,1,21,6,2,8,1,2,0,0,1,0,0,0,0,6.84322E+20,5.47742E+21,1.15417E+16,4.94215E+16
62732,62733,9,5,74,112,2016,1,13,1,3,5,3,0,1,0,1,0,0,0,0,6.71207E+20,5.47344E+21,1.13593E+16,4.93896E+16
62733,62734,9,3,76,153,2016,1,22,4,2,0,6,2,1,0,1,0,0,0,0,7.29609E+20,5.49022E+21,1.21727E+16,4.95211E+16
62734,62735,9,7,77,172,2016,1,18,4,2,6,4,2,0,0,1,1,0,0,0,6.26222E+20,5.30614E+21,1.06887E+16,4.78962E+16
62735,62736,9,7,72,209,2016,1,4,7,3,6,7,2,0,0,0,1,0,0,1,6.33801E+20,5.33713E+21,1.07998E+16,4.81733E+16
62736,62737,9,7,78,173,2016,1,18,3,3,2,6,2,0,0,1,0,0,0,0,6.11745E+20,5.32159E+21,1.04991E+16,4.80378E+16
62737,62738,9,7,71,156,2016,2,12,2,3,0,1,0,0,0,0,0,0,0,1,6.52728E+20,5.38144E+21,1.10703E+16,4.85674E+16
62738,62739,9,2,79,134,2016,1,4,7,3,8,1,2,2,0,1,0,0,0,0,7.71002E+20,5.38518E+21,1.26733E+16,4.85611E+16
62739,62740,9,5,64,0,2016,1,7,4,3,0,7,0,0,1,0,0,0,0,0,6.47587E+20,5.47915E+21,1.10362E+16,4.94471E+16
62740,62741,9,1,86,149,2016,1,19,4,3,2,6,2,0,0,1,0,0,0,0,6.88738E+20,5.38587E+21,1.156E+16,4.85975E+16
62741,62742,9,2,71,125,2016,2,23,2,2,6,7,2,0,0,1,1,0,0,0,7.9724E+20,5.40931E+21,1.30453E+16,4.87657E+16
62742,62743,9,7,78,144,2016,2,11,2,2,6,7,0,0,0,1,1,0,0,0,5.91826E+20,5.30349E+21,1.02281E+16,4.78782E+16
62743,62744,9,2,77,111,2016,1,8,7,3,8,1,0,2,0,1,0,0,0,0,7.85619E+20,5.38179E+21,1.28686E+16,4.85241E+16
62744,62745,9,6,75,174,2016,1,10,4,2,8,7,0,1,0,1,0,0,0,0,5.89666E+20,5.52149E+21,1.0247E+16,4.98391E+16
62745,62746,9,1,61,0,2016,1,7,4,3,6,6,2,1,1,0,1,0,0,0,6.76953E+20,5.40959E+21,1.14104E+16,4.88141E+16
62746,62747,9,3,71,127,2016,2,17,2,3,4,6,2,1,0,1,0,0,0,0,7.11821E+20,5.49072E+21,1.19275E+16,4.95321E+16
62747,62748,9,1,63,0,2016,1,21,6,3,2,3,2,0,0,1,0,0,0,0,7.33957E+20,5.30425E+21,1.21274E+16,4.78489E+16
62748,62749,9,5,64,0,2016,1,17,5,3,2,6,2,0,0,1,0,0,0,0,6.53776E+20,5.47886E+21,1.11214E+16,4.9443E+16
62749,62750,9,3,63,0,2016,1,8,5,3,5,3,0,0,1,1,0,0,0,0,7.26933E+20,5.50522E+21,1.21444E+16,4.96568E+16
62750,62751,9,1,83,127,2016,1,19,5,2,3,6,2,1,0,1,0,0,1,0,7.55467E+20,5.35011E+21,1.24418E+16,4.82527E+16
62751,62752,9,3,63,0,2016,1,3,1,3,8,1,2,1,0,1,0,0,0,0,7.24873E+20,5.50679E+21,1.21168E+16,4.96717E+16
62752,62753,9,2,71,139,2016,1,18,4,3,8,6,2,1,0,1,0,0,0,0,7.79942E+20,5.40269E+21,1.2806E+16,4.87143E+16
62753,62754,9,6,71,136,2016,1,19,7,3,4,2,2,1,0,1,0,0,0,0,5.0499E+20,5.53803E+21,9.06962E+15,4.99946E+16
62754,62755,9,7,78,116,2016,1,19,3,3,4,7,2,0,0,0,1,0,0,1,6.19973E+20,5.31935E+21,1.06088E+16,4.80161E+16
62755,62756,9,5,72,159,2016,2,21,2,3,8,1,2,0,0,1,0,0,0,0,6.23464E+20,5.50721E+21,1.07123E+16,4.97047E+16
62756,62757,9,1,83,116,2016,1,18,7,3,2,6,2,0,0,1,0,0,0,0,7.6357E+20,5.35291E+21,1.25525E+16,4.82745E+16
62757,62758,9,5,64,0,2016,1,14,4,3,3,6,0,0,0,1,0,0,0,0,6.46948E+20,5.47852E+21,1.10271E+16,4.94415E+16
62758,62759,9,2,77,153,2016,2,16,2,3,5,3,0,0,0,1,0,0,0,0,7.81086E+20,5.36319E+21,1.27949E+16,4.83592E+16
62759,62760,9,5,63,0,2016,1,15,6,3,4,2,0,0,0,1,0,1,0,0,6.44717E+20,5.48303E+21,1.0998E+16,4.94826E+16
62760,62761,9,1,73,118,2016,1,15,1,2,9,1,0,2,0,1,0,0,0,0,6.95823E+20,5.30731E+21,1.16196E+16,4.78893E+16
62761,62762,9,1,88,117,2016,1,8,7,3,8,1,0,2,0,1,0,0,0,0,6.65527E+20,5.31596E+21,1.1218E+16,4.79755E+16
62762,62763,9,7,72,163,2016,1,12,6,3,2,6,0,0,0,1,0,0,0,0,6.38922E+20,5.34956E+21,1.08727E+16,4.8284E+16
62763,62764,9,4,74,123,2016,1,20,7,2,8,1,2,1,0,1,0,0,0,0,6.47315E+20,5.51528E+21,1.10459E+16,4.97719E+16
62764,62765,9,3,62,0,2016,1,17,5,3,2,6,2,1,0,1,0,0,0,0,7.25302E+20,5.43531E+21,1.20823E+16,4.90295E+16
62765,62766,9,1,82,125,2016,1,18,5,3,2,6,2,1,0,1,0,0,0,0,7.10538E+20,5.29614E+21,1.18108E+16,4.77842E+16
62766,62767,9,2,75,126,2016,1,15,1,3,5,3,0,1,0,1,0,0,0,0,8.40547E+20,5.39862E+21,1.36241E+16,4.86477E+16
62767,62768,9,2,75,122,2016,1,16,4,3,9,1,0,0,0,1,0,0,0,0,8.16276E+20,5.38972E+21,1.32887E+16,4.85806E+16
62768,62769,9,1,82,120,2016,1,19,7,3,2,7,2,1,0,1,0,0,0,0,7.01975E+20,5.30616E+21,1.17013E+16,4.7877E+16
62769,62770,9,7,76,126,2016,1,12,6,3,4,6,0,0,0,1,0,0,0,0,5.60453E+20,5.27193E+21,9.80419E+15,4.7598E+16
62770,62771,9,5,71,114,2016,1,18,7,3,2,6,2,1,0,1,0,0,0,0,6.04771E+20,5.45679E+21,1.04398E+16,4.92549E+16
62771,62772,9,5,76,151,2016,2,8,2,3,2,6,0,1,0,1,0,0,0,0,6.56443E+20,5.47092E+21,1.1155E+16,4.93709E+16
62772,62773,9,1,86,122,2016,1,14,6,3,3,3,0,0,0,1,0,0,0,0,6.92218E+20,5.39561E+21,1.16116E+16,4.86839E+16
62773,62774,9,1,71,116,2016,2,0,2,3,5,1,2,1,0,1,0,0,0,0,7.67955E+20,5.33099E+21,1.25976E+16,4.80758E+16
62774,62775,9,6,77,182,2016,1,13,6,3,2,6,0,0,0,1,0,0,0,0,5.36154E+20,5.52182E+21,9.50288E+15,4.98478E+16
62775,62776,9,4,75,113,2016,1,19,6,3,9,7,2,0,0,1,0,0,0,0,7.00843E+20,5.5838E+21,1.18245E+16,5.03719E+16
62776,62777,9,1,86,162,2016,1,11,5,2,8,1,0,1,0,1,0,0,0,0,6.96955E+20,5.3839E+21,1.16703E+16,4.85772E+16
62777,62778,9,7,76,116,2016,1,10,7,3,2,6,0,0,0,1,0,0,0,0,5.53495E+20,5.26938E+21,9.71132E+15,4.75757E+16
62778,62779,9,1,62,0,2016,1,23,7,2,3,6,2,1,0,1,0,1,0,0,6.88689E+20,5.33628E+21,1.1537E+16,4.81517E+16
62779,62780,9,1,77,135,2016,1,17,7,1,4,2,2,0,0,1,0,0,0,1,7.19012E+20,5.34451E+21,1.19485E+16,4.8216E+16
62780,62781,9,6,77,129,2016,1,14,6,2,2,6,0,0,1,1,0,0,0,0,5.30147E+20,5.54512E+21,9.42116E+15,5.00576E+16
62781,62782,9,3,72,115,2016,1,0,7,2,8,1,2,2,0,1,0,0,0,0,7.75944E+20,5.45508E+21,1.27872E+16,4.91863E+16
62782,62783,9,1,61,0,2016,1,14,4,2,3,6,0,0,0,1,0,0,1,0,6.81448E+20,5.40518E+21,1.14696E+16,4.87731E+16
62783,62784,9,1,73,118,2016,1,17,6,3,4,2,2,0,0,1,0,0,0,0,6.93364E+20,5.30463E+21,1.15856E+16,4.78659E+16
62784,62785,9,3,72,155,2016,2,10,2,3,2,6,0,1,0,1,0,0,0,1,7.71266E+20,5.45931E+21,1.2726E+16,4.92264E+16
62785,62786,9,1,75,131,2016,1,21,6,3,2,7,2,1,0,1,0,0,0,1,7.07847E+20,5.32385E+21,1.17883E+16,4.8034E+16
62786,62787,9,1,88,121,2016,2,17,2,2,4,6,1,1,0,1,0,0,0,0,6.71974E+20,5.33E+21,1.131E+16,4.81E+16
62787,62788,9,6,73,160,2016,1,12,5,2,4,2,0,0,0,1,0,0,0,0,5.96312E+20,5.5748E+21,1.03528E+16,5.03175E+16
62788,62789,9,3,76,122,2016,1,23,6,3,8,1,2,2,0,1,0,0,0,0,7.46078E+20,5.47613E+21,1.23911E+16,4.93881E+16
62789,62790,9,4,63,0,2016,2,6,2,2,6,2,2,1,0,1,1,0,0,0,6.39635E+20,5.56871E+21,1.09588E+16,5.0254E+16
62790,62791,9,1,88,144,2016,1,13,6,3,5,2,0,0,1,1,0,0,0,0,6.67756E+20,5.3273E+21,1.12523E+16,4.80769E+16
62791,62792,9,1,61,0,2016,2,14,2,3,5,3,0,0,0,1,0,0,0,0,6.67664E+20,5.40405E+21,1.12817E+16,4.87668E+16
62792,62793,9,7,72,117,2016,1,17,5,2,4,1,1,1,0,1,0,0,0,1,6.28969E+20,5.36295E+21,1.07427E+16,4.84065E+16
62793,62794,9,5,76,151,2016,1,14,6,2,2,6,0,0,0,1,0,0,1,1,6.54459E+20,5.47091E+21,1.11277E+16,4.93713E+16
62794,62795,9,7,72,147,2016,1,14,1,3,2,6,0,1,0,1,0,0,0,0,6.38586E+20,5.36382E+21,1.08728E+16,4.84123E+16
62795,62796,9,4,61,0,2016,1,11,6,3,6,7,0,0,0,1,1,0,0,0,6.35231E+20,5.53023E+21,1.08834E+16,4.99091E+16
62796,62797,9,1,75,133,2016,1,14,5,3,8,1,0,1,0,1,0,0,0,0,7.11281E+20,5.34316E+21,1.18439E+16,4.82064E+16
62797,62798,9,7,73,182,2016,1,1,7,2,9,1,2,1,0,1,0,0,0,0,6.28534E+20,5.37617E+21,1.07409E+16,4.85255E+16
62798,62799,9,7,75,111,2016,1,11,7,3,2,6,0,1,0,1,0,0,0,0,5.82857E+20,5.33265E+21,1.01138E+16,4.81417E+16
62799,62800,9,2,76,116,2016,1,10,7,3,8,1,0,0,0,1,0,0,0,0,8.01169E+20,5.42796E+21,1.31124E+16,4.89312E+16
62800,62801,9,7,71,130,2016,1,15,4,3,2,6,0,0,0,1,0,0,0,0,6.44236E+20,5.3622E+21,1.09486E+16,4.83965E+16
62801,62802,9,1,86,147,2016,1,17,4,3,2,6,1,1,0,1,0,0,0,0,6.8436E+20,5.39442E+21,1.15044E+16,4.86756E+16
62802,62803,9,3,71,151,2016,2,7,2,3,2,2,1,1,0,1,0,0,0,0,6.98708E+20,5.4839E+21,1.17431E+16,4.94752E+16
62803,62804,9,1,84,114,2016,1,18,6,2,6,4,2,0,0,1,1,0,0,0,6.99604E+20,5.3195E+21,1.16758E+16,4.79976E+16
62804,62805,9,7,79,194,2016,1,16,5,3,5,3,1,1,0,1,0,0,0,0,6.11297E+20,5.41314E+21,1.05175E+16,4.88612E+16
62805,62806,9,1,62,0,2016,1,19,1,3,6,2,2,1,0,1,1,0,0,0,6.81882E+20,5.3357E+21,1.14453E+16,4.81485E+16
62806,62807,9,5,74,123,2016,1,16,5,3,8,7,0,0,0,1,0,0,0,0,6.61102E+20,5.47426E+21,1.12205E+16,4.93997E+16
62807,62808,9,4,62,0,2016,1,9,5,3,2,6,0,0,0,1,0,0,0,0,6.86826E+20,5.53386E+21,1.16031E+16,4.99279E+16
62808,62809,9,2,79,128,2016,1,13,5,3,8,6,0,0,0,1,0,0,0,0,7.52911E+20,5.3949E+21,1.24344E+16,4.86559E+16
62809,62810,9,4,75,120,2016,1,3,1,3,9,1,2,2,0,1,0,0,0,0,7.11342E+20,5.57353E+21,1.19662E+16,5.0276E+16
62810,62811,9,2,73,163,2016,1,6,4,3,7,7,2,0,0,1,0,0,0,0,7.05897E+20,5.39783E+21,1.17984E+16,4.86995E+16
62811,62812,9,7,71,142,2016,1,20,4,3,5,3,2,1,0,1,0,0,0,0,6.4572E+20,5.3512E+21,1.09648E+16,4.82972E+16
62812,62813,9,7,61,0,2016,1,22,7,3,6,4,2,1,0,1,1,0,0,0,6.37415E+20,5.35948E+21,1.08556E+16,4.83735E+16
62813,62814,9,4,79,152,2016,1,14,5,3,4,2,0,1,0,1,0,0,0,0,7.24829E+20,5.56557E+21,1.21505E+16,5.01995E+16
62814,62815,9,2,75,154,2016,1,6,5,3,5,3,1,0,0,1,0,0,0,1,8.09254E+20,5.39479E+21,1.31975E+16,4.86296E+16
62815,62816,9,5,76,143,2016,1,18,6,2,0,6,2,0,0,1,0,0,1,0,6.55256E+20,5.45399E+21,1.11321E+16,4.9219E+16
62816,62817,9,5,74,112,2016,1,22,1,3,8,1,2,1,0,1,0,0,0,0,6.71624E+20,5.47512E+21,1.13658E+16,4.94045E+16
62817,62818,9,3,72,116,2016,1,8,6,3,4,2,0,0,0,1,0,0,0,0,7.67756E+20,5.45768E+21,1.26768E+16,4.92133E+16
62818,62819,9,7,75,111,2016,1,6,4,1,2,6,1,1,0,1,0,0,1,0,5.83746E+20,5.33735E+21,1.01267E+16,4.81838E+16
62819,62820,9,7,72,156,2016,1,8,7,3,8,1,0,2,0,1,0,0,0,0,6.30268E+20,5.36792E+21,1.07618E+16,4.8451E+16
62820,62821,9,7,73,144,2016,2,15,2,2,9,6,0,0,0,1,0,0,0,0,6.06199E+20,5.37972E+21,1.04394E+16,4.85616E+16
62821,62822,9,2,77,121,2016,1,3,7,3,9,7,2,2,0,1,0,0,0,0,7.68159E+20,5.37443E+21,1.26279E+16,4.84658E+16
62822,62823,9,6,71,111,2016,1,5,4,3,5,1,2,1,0,1,0,0,0,0,5.03611E+20,5.54379E+21,9.05043E+15,5.00464E+16
62823,62824,9,1,85,143,2016,1,17,4,3,4,6,2,1,0,1,0,0,0,1,6.64769E+20,5.38383E+21,1.12343E+16,4.85859E+16
62824,62825,9,3,61,0,2016,2,12,2,2,0,1,0,1,0,0,0,1,0,0,7.08001E+20,5.4807E+21,1.18695E+16,4.94434E+16
62825,62826,9,1,86,147,2016,1,12,6,3,2,6,0,0,0,1,0,0,0,0,6.85782E+20,5.39012E+21,1.15218E+16,4.86365E+16
62826,62827,9,3,75,190,2016,1,7,5,3,2,6,0,1,0,1,0,0,0,0,7.26757E+20,5.44593E+21,1.21082E+16,4.91243E+16
62827,62828,9,1,89,152,2016,1,15,5,2,5,3,0,1,0,1,0,0,0,1,7.82241E+20,5.32775E+21,1.27869E+16,4.80406E+16
62828,62829,9,3,72,116,2016,1,7,1,2,9,1,2,1,0,1,0,0,0,0,7.67397E+20,5.45995E+21,1.26734E+16,4.92339E+16
62829,62830,9,2,73,163,2016,1,4,4,3,7,7,2,0,0,1,0,0,0,0,7.05209E+20,5.39882E+21,1.17895E+16,4.87086E+16
62830,62831,9,1,87,157,2016,1,14,7,3,2,6,0,0,0,1,0,0,0,0,7.4015E+20,5.28058E+21,1.2197E+16,4.7634E+16
62831,62832,9,7,74,118,2016,1,14,6,3,2,6,0,0,0,1,0,0,0,0,5.92613E+20,5.36466E+21,1.02519E+16,4.84282E+16
62832,62833,9,4,72,175,2016,1,11,7,3,2,6,0,0,0,1,0,0,0,0,6.80501E+20,5.51628E+21,1.15069E+16,4.97719E+16
62833,62834,9,7,78,116,2016,1,19,3,3,4,7,2,0,0,1,1,0,0,0,6.1998E+20,5.31958E+21,1.0609E+16,4.80182E+16
62834,62835,9,5,62,0,2016,2,18,2,3,3,6,2,0,0,1,0,0,1,0,6.42947E+20,5.49161E+21,1.09767E+16,4.95602E+16
62835,62836,9,1,72,114,2016,1,14,7,3,2,2,0,0,0,1,0,0,0,0,7.9511E+20,5.2982E+21,1.29389E+16,4.77695E+16
62836,62837,9,5,71,228,2016,1,21,4,3,2,7,2,0,0,1,0,0,0,1,5.88563E+20,5.45518E+21,1.02168E+16,4.9243E+16
62837,62838,9,1,80,124,2016,2,18,2,2,6,4,2,0,0,1,1,0,0,0,6.64869E+20,5.28315E+21,1.11967E+16,4.76807E+16
62838,62839,9,7,63,0,2016,1,12,3,3,5,3,0,0,0,1,0,0,0,0,5.99338E+20,5.28745E+21,1.03249E+16,4.77327E+16
62839,62840,9,6,75,158,2016,2,16,2,3,5,3,0,0,0,1,0,0,0,1,5.99781E+20,5.52279E+21,1.0388E+16,4.98492E+16
62840,62841,9,2,73,152,2016,1,10,7,3,5,2,0,0,0,1,0,0,0,0,7.0162E+20,5.4102E+21,1.17463E+16,4.8812E+16
62841,62842,9,5,74,146,2016,1,10,4,3,2,6,0,0,0,1,0,0,0,0,6.69001E+20,5.48756E+21,1.13349E+16,4.95171E+16
62842,62843,9,1,86,125,2016,1,15,4,2,8,6,0,0,0,1,0,0,0,1,6.75133E+20,5.37715E+21,1.13719E+16,4.8523E+16
62843,62844,9,2,75,134,2016,2,17,2,3,4,6,0,0,0,1,0,0,0,0,8.27185E+20,5.38E+21,1.34286E+16,4.84879E+16
62844,62845,9,3,73,112,2016,1,14,5,3,5,3,0,0,0,1,0,0,1,0,6.79147E+20,5.43997E+21,1.14536E+16,4.90865E+16
62845,62846,9,1,82,119,2016,1,10,5,3,6,7,0,0,0,1,1,0,0,0,7.11683E+20,5.29407E+21,1.18251E+16,4.77652E+16
62846,62847,9,2,73,165,2016,1,20,1,3,4,2,2,1,0,1,0,0,0,0,7.16052E+20,5.41092E+21,1.1943E+16,4.88136E+16
62847,62848,9,2,73,137,2016,1,16,4,3,5,3,1,0,1,1,0,0,0,0,7.10466E+20,5.42204E+21,1.18728E+16,4.89155E+16
62848,62849,9,1,87,117,2016,1,15,7,3,2,6,0,0,0,1,0,0,0,0,7.23764E+20,5.30726E+21,1.19929E+16,4.78796E+16
62849,62850,9,7,79,130,2016,1,11,6,3,2,2,0,0,0,1,0,0,0,1,6.13303E+20,5.41348E+21,1.05449E+16,4.88639E+16
62850,62851,9,4,79,147,2016,1,15,7,3,9,1,0,0,0,1,0,0,0,0,7.32085E+20,5.55137E+21,1.22433E+16,5.00692E+16
62851,62852,9,5,73,123,2016,2,10,2,3,5,3,0,1,0,1,0,1,0,0,6.38329E+20,5.48757E+21,1.09114E+16,4.95249E+16
62852,62853,9,1,81,132,2016,1,15,6,3,2,6,0,0,0,1,0,0,0,0,6.47536E+20,5.32487E+21,1.09801E+16,4.806E+16
62853,62854,9,1,82,120,2016,2,6,2,3,0,7,2,1,0,1,0,0,0,0,7.01081E+20,5.30726E+21,1.16899E+16,4.78871E+16
62854,62855,9,7,72,147,2016,1,22,5,3,2,6,2,1,0,1,0,0,0,0,6.3917E+20,5.36406E+21,1.08808E+16,4.84143E+16
62855,62856,9,6,61,0,2016,1,7,6,3,6,4,2,1,0,1,1,0,0,0,5.14897E+20,5.53266E+21,9.20764E+15,4.99461E+16
62856,62857,9,7,74,148,2016,1,18,1,3,6,4,2,1,0,1,1,0,0,0,5.94912E+20,5.36269E+21,1.02826E+16,4.84102E+16
62857,62858,9,4,72,175,2016,1,11,6,3,1,5,0,0,0,1,0,0,0,0,6.82838E+20,5.5136E+21,1.15381E+16,4.97471E+16
62858,62859,9,1,79,142,2016,1,18,5,3,3,6,2,1,1,1,0,0,0,0,6.72807E+20,5.34176E+21,1.13259E+16,4.82056E+16
62859,62860,9,7,62,0,2016,1,15,7,3,8,1,0,0,0,1,0,0,0,0,6.22694E+20,5.30578E+21,1.06414E+16,4.78937E+16
62860,62861,9,1,62,0,2016,1,22,7,3,5,3,2,1,0,1,0,0,0,0,6.94915E+20,5.33275E+21,1.1619E+16,4.81182E+16
62861,62862,9,6,72,112,2016,1,9,6,3,2,2,0,0,0,1,0,0,0,0,5.77966E+20,5.57097E+21,1.00944E+16,5.02857E+16
62862,62863,9,5,64,0,2016,1,10,6,3,2,6,0,0,0,1,0,0,0,0,6.47645E+20,5.48024E+21,1.10374E+16,4.94568E+16
62863,62864,9,1,86,137,2016,1,0,1,2,4,1,2,1,0,1,0,0,0,0,6.86862E+20,5.39998E+21,1.15409E+16,4.87248E+16
62864,62865,9,2,73,166,2016,1,19,4,3,1,6,2,0,0,1,0,0,0,0,7.16893E+20,5.42094E+21,1.19598E+16,4.89034E+16
62865,62866,9,1,78,150,2016,1,9,7,3,2,6,0,0,0,1,0,0,0,0,6.91146E+20,5.37186E+21,1.15862E+16,4.84708E+16
62866,62867,9,7,72,209,2016,1,18,6,2,8,1,2,0,0,0,0,1,0,0,6.32596E+20,5.3364E+21,1.07833E+16,4.8167E+16
62867,62868,9,3,73,147,2016,1,13,7,3,2,6,0,0,0,1,0,0,0,0,6.8536E+20,5.46427E+21,1.15499E+16,4.9303E+16
62868,62869,9,2,76,121,2016,1,18,6,2,4,1,2,2,0,1,0,0,0,0,8.12612E+20,5.43721E+21,1.32753E+16,4.90085E+16
62869,62870,9,4,61,0,2016,2,8,2,3,2,6,0,1,0,1,0,0,0,0,6.36345E+20,5.53155E+21,1.08994E+16,4.99207E+16
62870,62871,9,1,74,113,2016,1,17,6,2,1,6,2,0,0,1,0,0,0,0,6.75729E+20,5.34564E+21,1.13668E+16,4.82396E+16
62871,62872,9,1,76,126,2016,2,5,2,3,5,3,2,1,0,1,0,0,0,0,6.71142E+20,5.40636E+21,1.133E+16,4.87866E+16
62872,62873,9,6,63,0,2016,1,16,5,3,5,3,0,0,0,1,0,0,0,0,5.67243E+20,5.50995E+21,9.93321E+15,4.97382E+16
62873,62874,9,5,72,143,2016,1,19,6,3,1,5,2,0,0,1,0,0,0,0,6.28141E+20,5.51293E+21,1.0779E+16,4.97552E+16
62874,62875,9,6,76,122,2016,1,12,1,3,5,3,0,0,0,1,0,0,0,0,5.15469E+20,5.51718E+21,9.21499E+15,4.98069E+16
62875,62876,9,3,75,122,2016,1,16,6,3,2,2,0,0,0,1,0,0,0,0,7.1069E+20,5.44139E+21,1.18859E+16,4.90892E+16
62876,62877,9,1,75,121,2016,1,7,5,3,6,4,0,0,0,1,1,0,0,0,7.13195E+20,5.31859E+21,1.18573E+16,4.79851E+16
62877,62878,9,7,73,137,2016,1,3,7,3,9,1,2,1,0,1,0,0,0,0,6.00162E+20,5.38503E+21,1.03589E+16,4.86103E+16
62878,62879,9,1,62,0,2016,2,10,2,3,5,3,0,0,0,1,0,0,0,1,6.94547E+20,5.33672E+21,1.16159E+16,4.81539E+16
62879,62880,9,2,77,111,2016,1,8,7,2,8,1,0,2,0,1,0,0,0,0,7.85531E+20,5.38184E+21,1.28675E+16,4.85246E+16
62880,62881,9,6,77,157,2016,1,17,4,2,6,4,2,0,0,1,1,0,0,0,5.4335E+20,5.52151E+21,9.60293E+15,4.98444E+16
62881,62882,9,1,62,0,2016,1,17,4,3,2,6,2,0,0,1,0,0,0,1,6.86588E+20,5.33329E+21,1.15075E+16,4.81255E+16
62882,62883,9,3,71,120,2016,2,18,2,2,4,6,2,1,0,1,0,0,0,0,7.12227E+20,5.47287E+21,1.19236E+16,4.93715E+16
62883,62884,9,1,82,123,2016,1,11,6,3,2,6,0,0,0,1,0,0,0,1,7.15685E+20,5.30182E+21,1.18823E+16,4.78335E+16
62884,62885,9,1,84,145,2016,1,13,6,3,5,3,0,0,0,1,0,0,0,0,6.95022E+20,5.32478E+21,1.16168E+16,4.80465E+16
62885,62886,9,6,73,167,2016,1,7,6,3,9,1,0,2,0,1,0,0,0,0,5.82694E+20,5.58947E+21,1.01648E+16,5.04514E+16
62886,62887,9,2,76,128,2016,1,8,7,3,1,6,0,1,0,1,0,0,0,0,7.88026E+20,5.4395E+21,1.29416E+16,4.9041E+16
62887,62888,9,1,62,0,2016,1,19,4,3,2,6,2,0,0,1,0,0,0,0,6.85752E+20,5.33322E+21,1.14963E+16,4.81251E+16
62888,62889,9,1,89,155,2016,1,7,6,3,6,2,1,1,0,1,1,0,0,0,7.71189E+20,5.30714E+21,1.26259E+16,4.78603E+16
62889,62890,9,7,78,168,2016,1,23,5,3,5,3,2,1,0,1,0,0,0,0,6.04154E+20,5.31145E+21,1.03949E+16,4.79479E+16
62890,62891,9,1,77,130,2016,2,16,2,3,4,2,0,0,0,1,0,0,0,0,7.11249E+20,5.35232E+21,1.1848E+16,4.82888E+16
62891,62892,9,6,61,0,2016,1,12,5,3,6,4,0,0,0,1,1,0,0,0,5.10592E+20,5.53607E+21,9.14773E+15,4.99769E+16
62892,62893,9,4,75,174,2016,1,18,5,2,6,4,2,0,0,1,1,0,0,0,7.02587E+20,5.56057E+21,1.18366E+16,5.01626E+16
62893,62894,9,2,75,116,2016,1,15,5,3,5,3,0,1,0,1,0,0,0,0,8.21952E+20,5.36513E+21,1.33465E+16,4.83571E+16
62894,62895,9,5,74,138,2016,1,13,6,3,2,6,0,0,0,1,0,0,0,0,6.64654E+20,5.48589E+21,1.12742E+16,4.95033E+16
62895,62896,9,5,72,137,2016,1,13,1,2,3,6,0,1,0,1,0,0,0,0,6.54845E+20,5.49501E+21,1.11424E+16,4.95878E+16