FID,OBJECTID,ULAND,UREGBEZ,UKREIS,UGEMEINDE,UJAHR,UMONAT,USTUNDE,UWOCHENTAG,UKATEGORIE,UART,UTYP1,ULICHTVERH,IstStrasse,IstRad,IstPKW,IstFuss,IstKrad,IstGkfz,IstSonstig,LINREFX,LINREFY,XGCSWGS84,YGCSWGS84
62896,62897,9,3,71,151,2016,1,17,6,3,4,1,1,0,0,1,0,0,0,0,7.01797E+20,5.48537E+21,1.17864E+16,4.94874E+16
62897,62898,9,7,77,167,2016,1,18,4,3,9,7,2,1,0,1,0,0,0,0,6.18075E+20,5.29683E+21,1.05772E+16,4.7814E+16
62898,62899,9,7,72,216,2016,1,7,7,2,9,1,0,2,0,1,0,0,0,0,6.23293E+20,5.36652E+21,1.06671E+16,4.84397E+16
62899,62900,9,7,61,0,2016,2,13,2,2,6,4,0,0,0,1,1,0,0,0,6.44381E+20,5.35761E+21,1.0949E+16,4.83552E+16
62900,62901,9,2,74,124,2016,1,23,7,3,9,1,2,1,0,1,0,0,0,0,7.22835E+20,5.37467E+21,1.20158E+16,4.84856E+16
62901,62902,9,5,62,0,2016,1,8,4,3,2,6,0,0,0,1,0,0,0,0,6.43762E+20,5.49396E+21,1.09888E+16,4.95812E+16
62902,62903,9,1,81,124,2016,1,9,4,3,5,3,0,0,0,1,0,0,1,0,6.4641E+20,5.31937E+21,1.09632E+16,4.80108E+16
62903,62904,9,2,63,0,2016,2,11,2,3,2,2,0,1,0,1,0,0,0,0,7.63681E+20,5.42082E+21,1.2597E+16,4.88842E+16
62904,62905,9,3,62,0,2016,1,6,5,3,5,2,2,1,1,1,0,0,0,0,7.2918E+20,5.43371E+21,1.21344E+16,4.90137E+16
62905,62906,9,1,72,124,2016,1,3,5,1,8,1,2,1,0,1,0,0,0,0,8.0334E+20,5.2886E+21,1.30418E+16,4.76795E+16
62906,62907,9,2,76,139,2016,1,0,1,3,8,1,2,1,0,1,0,0,0,0,8.0773E+20,5.43122E+21,1.32042E+16,4.89572E+16
62907,62908,9,2,79,127,2016,1,11,4,3,5,3,0,0,0,1,0,0,0,0,7.52424E+20,5.40152E+21,1.24319E+16,4.87156E+16
62908,62909,9,5,64,0,2016,1,17,5,3,5,3,2,0,0,1,0,0,0,0,6.47625E+20,5.47941E+21,1.10368E+16,4.94494E+16
62909,62910,9,4,61,0,2016,1,13,5,3,1,6,0,0,0,1,0,0,0,0,6.38057E+20,5.5281E+21,1.0922E+16,4.98893E+16
62910,62911,9,1,90,114,2016,1,12,5,2,9,1,0,1,0,1,0,0,0,0,6.324E+20,5.29079E+21,1.07666E+16,4.77569E+16
62911,62912,9,4,72,175,2016,1,4,1,3,8,1,2,2,0,1,0,0,0,0,6.84936E+20,5.51517E+21,1.15679E+16,4.97605E+16
62912,62913,9,1,84,132,2016,1,12,4,3,2,6,0,0,0,1,0,0,0,0,6.83521E+20,5.32547E+21,1.1463E+16,4.80561E+16
62913,62914,9,6,79,170,2016,1,13,7,3,5,3,0,0,0,1,0,0,0,0,5.76317E+20,5.50183E+21,1.00575E+16,4.96642E+16
62914,62915,9,7,77,151,2016,1,14,3,3,2,6,0,0,0,1,0,0,0,0,6.21365E+20,5.29345E+21,1.06202E+16,4.7783E+16
62915,62916,9,5,74,112,2016,2,19,2,3,3,6,2,0,0,1,0,0,0,1,6.71761E+20,5.47211E+21,1.13663E+16,4.93774E+16
62916,62917,9,1,73,112,2016,1,19,7,3,4,2,2,0,0,1,0,0,0,1,6.92203E+20,5.29172E+21,1.15643E+16,4.77501E+16
62917,62918,9,5,64,0,2016,1,17,4,2,3,6,1,0,1,1,0,0,0,0,6.59607E+20,5.47644E+21,1.12008E+16,4.94196E+16
62918,62919,9,1,74,111,2016,1,7,4,3,7,7,2,1,0,1,0,0,0,1,6.62641E+20,5.36326E+21,1.11975E+16,4.84015E+16
62919,62920,9,2,72,127,2016,2,17,2,3,7,7,2,1,0,1,0,0,0,1,8.30616E+20,5.42316E+21,1.35093E+16,4.88731E+16
62920,62921,9,1,90,145,2016,1,5,1,3,9,1,2,2,0,1,0,0,0,0,6.48071E+20,5.28612E+21,1.0974E+16,4.77115E+16
62921,62922,9,1,88,139,2016,1,16,4,3,2,6,0,0,0,1,0,0,0,0,6.80442E+20,5.32159E+21,1.142E+16,4.80221E+16
62922,62923,9,1,86,152,2016,1,3,7,3,8,7,2,1,0,1,0,0,0,0,6.96226E+20,5.37549E+21,1.16565E+16,4.85018E+16
62923,62924,9,7,72,163,2016,1,14,6,2,2,6,0,0,0,1,0,0,0,0,6.38521E+20,5.34707E+21,1.08665E+16,4.82617E+16
62924,62925,9,4,76,145,2016,1,20,7,3,5,2,2,1,0,1,0,0,0,0,6.65697E+20,5.56692E+21,1.13233E+16,5.02312E+16
62925,62926,9,3,76,161,2016,1,11,6,3,2,6,0,0,0,1,0,0,0,0,7.22077E+20,5.47157E+21,1.20583E+16,4.93563E+16
62926,62927,9,5,61,0,2016,2,17,2,3,1,6,2,1,0,1,0,0,0,0,6.13223E+20,5.46336E+21,1.05578E+16,4.93125E+16
62927,62928,9,1,88,144,2016,1,15,6,2,5,2,0,0,0,1,0,0,0,0,6.68854E+20,5.32793E+21,1.12673E+16,4.80822E+16
62928,62929,9,1,87,128,2016,1,21,7,2,5,3,2,1,0,1,0,0,0,0,7.45731E+20,5.31336E+21,1.22897E+16,4.79264E+16
62929,62930,9,7,77,151,2016,1,15,6,3,5,3,0,0,1,1,0,0,0,0,6.20538E+20,5.29253E+21,1.06089E+16,4.77748E+16
62930,62931,9,5,76,132,2016,1,9,7,3,9,1,0,1,0,1,0,0,0,0,6.55671E+20,5.46243E+21,1.11411E+16,4.92948E+16
62931,62932,9,5,74,132,2016,2,6,2,2,6,4,2,1,0,1,1,0,0,0,6.75728E+20,5.48699E+21,1.14275E+16,4.95101E+16
62932,62933,9,1,61,0,2016,1,18,6,3,5,3,2,1,0,1,0,0,0,0,6.7915E+20,5.40329E+21,1.14376E+16,4.87568E+16
62933,62934,9,1,62,0,2016,1,14,7,2,2,6,0,0,0,1,0,0,0,0,6.94587E+20,5.33123E+21,1.16139E+16,4.81046E+16
62934,62935,9,5,71,214,2016,1,16,4,3,6,4,0,0,0,1,1,0,0,0,6.16813E+20,5.43346E+21,1.05985E+16,4.9043E+16
62935,62936,9,1,73,111,2016,2,8,2,2,4,6,0,1,0,1,0,0,1,0,6.85162E+20,5.29104E+21,1.14702E+16,4.77461E+16
62936,62937,9,6,78,181,2016,1,16,6,3,9,1,0,0,0,1,0,0,0,0,5.97998E+20,5.56297E+21,1.03734E+16,5.02108E+16
62937,62938,9,5,71,171,2016,1,16,6,3,2,2,1,0,0,1,0,0,0,0,6.07735E+20,5.46733E+21,1.04834E+16,4.93492E+16
62938,62939,9,1,61,0,2016,1,18,5,3,5,3,2,1,1,1,0,0,0,0,6.79377E+20,5.40405E+21,1.1441E+16,4.87635E+16
62939,62940,9,7,77,175,2016,1,7,7,2,8,1,0,2,0,1,0,0,0,0,6.08734E+20,5.29534E+21,1.04521E+16,4.78022E+16
62940,62941,9,1,78,123,2016,1,11,1,1,9,1,0,1,0,1,0,0,0,0,6.90988E+20,5.35799E+21,1.15777E+16,4.83462E+16
62941,62942,9,1,78,124,2016,1,18,7,2,5,3,2,0,0,1,0,1,0,0,7.0355E+20,5.36755E+21,1.17517E+16,4.84282E+16
62942,62943,9,4,71,220,2016,1,21,6,2,2,6,2,0,0,1,0,0,1,0,6.17667E+20,5.51142E+21,1.06332E+16,4.97437E+16
62943,62944,9,3,75,153,2016,1,0,7,3,9,1,2,2,0,1,0,0,0,0,7.19126E+20,5.44544E+21,1.20035E+16,4.91227E+16
62944,62945,9,2,75,159,2016,1,22,6,3,2,6,2,1,0,1,0,0,0,0,8.14156E+20,5.39908E+21,1.32671E+16,4.86656E+16
62945,62946,9,3,72,169,2016,2,17,2,3,5,3,1,0,0,1,0,0,0,0,7.43273E+20,5.44648E+21,1.23345E+16,4.9123E+16
62946,62947,9,1,77,120,2016,1,19,6,3,8,1,2,0,0,1,0,0,0,0,7.24603E+20,5.3622E+21,1.2033E+16,4.8373E+16
62947,62948,9,1,62,0,2016,2,5,2,3,9,1,2,1,0,1,0,0,0,0,6.80686E+20,5.33914E+21,1.14307E+16,4.81798E+16
62948,62949,9,6,74,133,2016,1,17,5,2,6,2,2,0,0,1,1,0,0,0,6.19444E+20,5.53683E+21,1.06657E+16,4.99718E+16
62949,62950,9,4,75,182,2016,1,13,5,3,2,6,0,0,0,1,0,0,0,0,7.11265E+20,5.58292E+21,1.19704E+16,5.03604E+16
62950,62951,9,2,75,126,2016,1,14,5,3,2,1,0,0,0,1,0,0,0,0,8.38925E+20,5.39796E+21,1.36016E+16,4.86426E+16
62951,62952,9,5,72,131,2016,1,14,6,3,2,6,0,0,0,1,0,0,0,0,6.54566E+20,5.48494E+21,1.11346E+16,4.94974E+16
62952,62953,9,6,71,157,2016,1,17,1,3,4,1,2,1,0,1,0,0,0,0,5.29443E+20,5.52661E+21,9.4099E+15,4.98911E+16
62953,62954,9,3,73,147,2016,1,10,6,3,5,3,0,0,0,1,0,0,0,0,6.8105E+20,5.4623E+21,1.14897E+16,4.92866E+16
62954,62955,9,1,86,137,2016,2,8,2,3,0,3,0,0,0,1,0,1,0,0,6.82876E+20,5.39898E+21,1.14863E+16,4.8717E+16
62955,62956,9,7,72,130,2016,1,10,5,3,4,2,0,1,0,1,0,0,0,0,6.32591E+20,5.35816E+21,1.07901E+16,4.83627E+16
62956,62957,9,5,74,123,2016,1,17,6,3,1,6,2,0,0,1,0,0,0,0,6.59324E+20,5.4755E+21,1.11965E+16,4.94113E+16
62957,62958,9,7,72,147,2016,1,17,1,3,2,6,2,1,0,1,0,0,0,1,6.37325E+20,5.36417E+21,1.08559E+16,4.84157E+16
62958,62959,9,4,71,207,2016,1,11,6,3,5,6,0,0,0,1,0,0,0,0,6.27445E+20,5.5323E+21,1.07757E+16,4.99295E+16
62959,62960,9,1,75,135,2016,1,20,5,3,9,1,2,1,0,1,0,0,0,0,7.07707E+20,5.33833E+21,1.17934E+16,4.81642E+16
62960,62961,9,7,79,198,2016,1,7,7,3,8,1,0,2,0,1,0,0,0,0,6.31035E+20,5.41465E+21,1.07869E+16,4.8871E+16
62961,62962,9,1,84,123,2016,1,12,7,3,2,6,0,0,0,1,0,0,0,0,7.02141E+20,5.33218E+21,1.17158E+16,4.81108E+16
62962,62963,9,7,75,111,2016,1,15,3,3,2,6,0,0,0,1,0,0,0,1,5.83496E+20,5.33855E+21,1.01236E+16,4.81947E+16
62963,62964,9,3,71,126,2016,2,12,2,3,0,7,0,0,0,1,0,0,1,0,6.99774E+20,5.48979E+21,1.17607E+16,4.95278E+16
62964,62965,9,1,89,154,2016,1,15,6,3,5,3,0,0,0,1,0,1,0,0,7.71601E+20,5.31816E+21,1.26384E+16,4.79591E+16
62965,62966,9,7,74,150,2016,1,8,5,3,1,5,0,0,0,1,0,0,0,0,6.00938E+20,5.34464E+21,1.03597E+16,4.82469E+16
62966,62967,9,1,84,147,2016,1,16,1,3,2,6,1,1,0,1,0,0,0,0,6.95546E+20,5.3399E+21,1.16308E+16,4.81823E+16
62967,62968,9,5,72,126,2016,1,14,5,3,2,6,0,0,0,1,0,0,0,0,6.34631E+20,5.50477E+21,1.08663E+16,4.96804E+16
62968,62969,9,4,77,142,2016,1,7,5,3,2,6,0,0,0,1,0,0,0,0,6.77987E+20,5.54644E+21,1.14859E+16,5.00436E+16
62969,62970,9,2,79,132,2016,1,17,5,3,5,3,1,0,1,1,0,0,0,0,7.68533E+20,5.40072E+21,1.26499E+16,4.87016E+16
62970,62971,9,5,75,168,2016,1,16,1,3,5,3,1,1,0,1,0,0,0,0,5.89678E+20,5.48831E+21,1.02396E+16,4.95408E+16
62971,62972,9,1,72,112,2016,1,19,4,2,2,6,2,0,0,1,0,0,0,0,7.87196E+20,5.30243E+21,1.28363E+16,4.78111E+16
62972,62973,9,7,73,125,2016,1,16,4,3,0,1,0,0,1,0,0,0,0,0,6.12104E+20,5.38295E+21,1.05202E+16,4.85896E+16
62973,62974,9,7,72,185,2016,1,19,7,2,8,1,2,1,0,0,0,1,0,0,6.35632E+20,5.38448E+21,1.08397E+16,4.85987E+16
62974,62975,9,7,79,226,2016,1,10,3,3,9,1,0,1,0,1,0,0,0,0,6.15788E+20,5.41645E+21,1.05796E+16,4.88901E+16
62975,62976,9,6,63,0,2016,2,7,2,3,1,6,0,1,0,1,0,0,0,0,5.69159E+20,5.51695E+21,9.96105E+15,4.98011E+16
62976,62977,9,2,79,134,2016,1,6,7,3,8,1,2,2,0,1,0,0,0,0,7.71002E+20,5.38518E+21,1.26733E+16,4.85611E+16
62977,62978,9,5,74,138,2016,1,15,4,3,0,1,0,0,0,0,0,0,1,0,6.65502E+20,5.48545E+21,1.12858E+16,4.94991E+16
62978,62979,9,2,71,119,2016,2,11,2,3,2,6,0,0,0,1,0,0,0,0,7.89802E+20,5.41521E+21,1.29485E+16,4.88222E+16
62979,62980,9,7,80,119,2016,2,10,4,3,8,1,0,2,0,1,0,0,0,0,5.9911E+20,5.29694E+21,1.0324E+16,4.78182E+16
62980,62981,9,6,77,148,2016,2,8,1,2,8,1,0,0,0,1,0,0,0,0,5.57762E+20,5.53212E+21,9.80495E+15,4.99387E+16
62981,62982,9,1,88,120,2016,2,22,3,3,7,7,2,1,0,1,0,0,0,0,6.72104E+20,5.32565E+21,1.13099E+16,4.80609E+16
62982,62983,9,7,75,135,2016,2,8,2,3,2,2,0,0,1,1,0,0,0,0,5.75705E+20,5.36142E+21,1.00228E+16,4.84014E+16
62983,62984,9,5,63,0,2016,2,15,7,3,2,6,0,0,0,1,0,0,0,0,6.45357E+20,5.48279E+21,1.10067E+16,4.94803E+16
62984,62985,9,5,76,143,2016,2,4,4,1,4,1,2,1,0,1,0,0,1,0,6.51257E+20,5.4605E+21,1.10797E+16,4.92785E+16
62985,62986,9,1,90,142,2016,2,19,4,3,8,1,2,2,0,1,0,0,0,0,6.57497E+20,5.29793E+21,1.11039E+16,4.78154E+16
62986,62987,9,1,89,155,2016,2,10,6,3,1,6,0,0,0,1,0,0,0,0,7.73055E+20,5.30766E+21,1.26511E+16,4.78641E+16
62987,62988,9,4,64,0,2016,2,19,3,3,4,2,2,1,0,1,0,0,0,1,7.0678E+20,5.57795E+21,1.19047E+16,5.03173E+16
62988,62989,9,7,61,0,2016,2,13,5,3,2,6,0,1,0,1,0,0,0,0,6.44153E+20,5.3576E+21,1.09459E+16,4.83551E+16
62989,62990,9,1,87,176,2016,2,19,5,3,4,6,2,2,0,1,0,0,0,0,7.39563E+20,5.33568E+21,1.22197E+16,4.81293E+16
62990,62991,9,3,73,143,2016,2,15,2,3,6,4,0,0,0,1,1,0,0,1,7.01074E+20,5.44839E+21,1.17578E+16,4.91554E+16
62991,62992,9,1,81,113,2016,2,7,4,3,2,7,0,1,0,1,0,0,1,0,6.40985E+20,5.30637E+21,1.08862E+16,4.78952E+16
62992,62993,9,1,72,112,2016,2,21,7,2,8,1,2,0,0,1,0,0,0,0,7.89669E+20,5.30071E+21,1.28681E+16,4.77945E+16
62993,62994,9,5,61,0,2016,2,0,1,3,6,4,2,0,0,1,1,0,0,0,6.14109E+20,5.46306E+21,1.05699E+16,4.93096E+16
62994,62995,9,7,72,200,2016,2,16,2,3,2,6,0,0,0,1,0,0,0,0,6.32121E+20,5.33662E+21,1.0777E+16,4.81691E+16
62995,62996,9,1,78,145,2016,2,8,3,3,8,1,0,0,0,1,0,0,0,0,6.96041E+20,5.35625E+21,1.1645E+16,4.8329E+16
62996,62997,9,3,74,111,2016,2,12,7,3,4,3,0,0,0,1,0,0,0,0,7.27607E+20,5.51209E+21,1.21577E+16,4.97182E+16
62997,62998,9,4,71,140,2016,2,15,4,3,4,2,0,1,0,1,0,0,0,0,6.34716E+20,5.53135E+21,1.08767E+16,4.99193E+16
62998,62999,9,1,76,111,2016,2,5,4,1,6,4,2,0,0,1,1,0,0,0,6.63124E+20,5.41186E+21,1.12231E+16,4.88382E+16
62999,63000,9,4,73,159,2016,2,23,3,3,8,7,2,1,0,1,0,0,0,0,6.46031E+20,5.57461E+21,1.10507E+16,5.03055E+16
63000,63001,9,1,62,0,2016,2,5,6,3,5,3,2,1,1,1,0,0,0,0,6.84238E+20,5.34336E+21,1.14803E+16,4.82167E+16
63001,63002,9,5,72,135,2016,2,7,6,3,5,6,2,0,0,1,0,0,0,0,6.31308E+20,5.50985E+21,1.08219E+16,4.97268E+16
63002,63003,9,1,88,137,2016,2,6,5,3,8,1,2,1,0,1,0,0,0,0,6.73048E+20,5.3149E+21,1.13183E+16,4.7964E+16
63003,63004,9,2,72,151,2016,2,9,2,3,8,1,0,0,0,1,0,0,0,0,8.3756E+20,5.40704E+21,1.35905E+16,4.87248E+16
63004,63005,9,1,79,121,2016,2,9,4,3,6,2,0,1,0,1,1,0,0,0,6.67705E+20,5.33839E+21,1.1256E+16,4.81766E+16
63005,63006,9,1,76,161,2016,2,21,7,3,2,6,2,1,0,1,0,0,0,0,6.80811E+20,5.41712E+21,1.14663E+16,4.88806E+16
63006,63007,9,2,78,148,2016,2,13,1,2,0,1,0,0,1,0,0,0,0,0,7.3663E+20,5.40656E+21,1.22204E+16,4.8767E+16
63007,63008,9,2,63,0,2016,2,12,7,2,1,6,0,0,0,1,0,0,0,0,7.62003E+20,5.42083E+21,1.25742E+16,4.8885E+16
63008,63009,9,6,71,155,2016,2,16,5,3,0,1,0,1,0,0,0,0,1,0,5.03215E+20,5.53538E+21,9.04483E+15,4.99708E+16
63009,63010,9,4,63,0,2016,2,5,3,3,4,6,2,0,0,1,0,0,1,0,6.37596E+20,5.5718E+21,1.09313E+16,5.02823E+16
63010,63011,9,4,75,136,2016,2,8,5,2,3,6,0,1,0,1,0,0,1,0,6.98309E+20,5.56927E+21,1.17813E+16,5.02422E+16
63011,63012,9,7,78,115,2016,2,22,6,3,1,7,2,0,0,1,0,1,0,0,5.93641E+20,5.33315E+21,1.02588E+16,4.81447E+16
63012,63013,9,5,64,0,2016,2,8,6,3,2,6,0,0,0,1,0,0,0,0,6.47624E+20,5.47941E+21,1.10368E+16,4.94494E+16
63013,63014,9,1,62,0,2016,2,7,4,3,5,3,0,1,0,1,0,0,0,0,6.89041E+20,5.32954E+21,1.15388E+16,4.80911E+16
63014,63015,9,1,62,0,2016,2,7,2,3,2,6,0,0,0,1,0,0,0,0,6.95092E+20,5.34354E+21,1.16264E+16,4.82151E+16
63015,63016,9,1,82,123,2016,2,8,2,2,2,6,0,0,0,1,0,0,1,0,7.16277E+20,5.30136E+21,1.18899E+16,4.78292E+16
63016,63017,9,1,78,150,2016,2,13,7,3,2,6,0,0,0,1,0,0,0,0,6.91219E+20,5.37157E+21,1.1587E+16,4.84681E+16
63017,63018,9,7,78,123,2016,2,11,7,3,2,6,0,0,0,1,0,0,0,0,5.85151E+20,5.31608E+21,1.01413E+16,4.79924E+16
63018,63019,9,1,78,143,2016,2,9,1,3,9,1,0,1,0,1,0,0,0,0,7.21147E+20,5.37397E+21,1.19926E+16,4.84799E+16
63019,63020,9,2,72,126,2016,2,9,6,3,5,3,0,1,0,1,0,0,0,0,8.4148E+20,5.42041E+21,1.36547E+16,4.88425E+16
63020,63021,9,1,90,152,2016,2,21,2,3,7,7,2,1,0,1,0,0,0,0,6.70284E+20,5.30157E+21,1.1276E+16,4.78449E+16
63021,63022,9,1,88,141,2016,2,17,7,2,0,6,1,0,0,1,0,0,0,0,6.65015E+20,5.30865E+21,1.12083E+16,4.79099E+16
63022,63023,9,1,71,122,2016,2,10,1,3,5,7,0,0,0,1,0,0,0,0,7.70242E+20,5.33361E+21,1.26299E+16,4.80984E+16
63023,63024,9,1,81,130,2016,2,15,4,3,3,6,0,0,1,1,0,0,0,0,6.39914E+20,5.32345E+21,1.08774E+16,4.8049E+16
63024,63025,9,1,62,0,2016,2,19,5,3,1,5,2,1,0,1,0,0,0,0,6.86387E+20,5.33521E+21,1.15057E+16,4.81428E+16
63025,63026,9,2,73,125,2016,2,6,7,2,8,7,2,0,0,1,0,0,0,0,7.1904E+20,5.41361E+21,1.19851E+16,4.88368E+16
63026,63027,9,5,76,121,2016,2,6,5,2,5,3,2,1,0,1,0,0,0,1,6.47111E+20,5.45064E+21,1.10191E+16,4.91909E+16
63027,63028,9,4,72,175,2016,2,17,3,3,9,6,2,1,0,1,0,0,0,0,6.80782E+20,5.51436E+21,1.15099E+16,4.97545E+16
63028,63029,9,4,72,139,2016,2,17,5,3,4,1,1,2,0,1,0,0,0,0,6.94384E+20,5.55251E+21,1.17177E+16,5.0093E+16
63029,63030,9,7,71,146,2016,2,19,6,2,4,2,2,0,0,1,0,0,0,0,6.46781E+20,5.34872E+21,1.09783E+16,4.82746E+16
63030,63031,9,6,76,144,2016,2,7,2,3,5,3,1,0,0,1,0,0,1,0,5.0843E+20,5.52906E+21,9.11742E+15,4.99139E+16
63031,63032,9,4,61,0,2016,2,22,6,3,1,1,2,1,0,1,0,0,0,0,6.37382E+20,5.52744E+21,1.09124E+16,4.98836E+16
63032,63033,9,7,75,162,2016,2,12,4,3,2,6,0,1,0,1,0,0,0,0,5.81554E+20,5.35107E+21,1.00998E+16,4.83076E+16
63033,63034,9,7,63,0,2016,2,21,1,3,6,2,2,1,0,1,1,0,0,0,5.9703E+20,5.28558E+21,1.02937E+16,4.77163E+16
63034,63035,9,1,86,151,2016,2,12,3,2,4,2,0,0,0,1,0,0,0,0,6.788E+20,5.37641E+21,1.14212E+16,4.85153E+16
63035,63036,9,7,74,135,2016,2,6,2,3,8,1,2,1,0,0,0,0,1,0,5.96002E+20,5.36526E+21,1.02979E+16,4.84332E+16
63036,63037,9,6,79,180,2016,2,13,7,3,2,6,0,0,0,1,0,1,0,0,5.66435E+20,5.52435E+21,9.92447E+15,4.98678E+16
63037,63038,9,6,76,160,2016,2,22,4,2,0,7,2,1,0,1,0,0,0,0,5.11025E+20,5.52723E+21,9.15352E+15,4.98974E+16
63038,63039,9,3,71,156,2016,2,19,4,3,5,3,2,1,0,1,0,0,0,0,7.04399E+20,5.50042E+21,1.18301E+16,4.96217E+16
63039,63040,9,2,61,0,2016,2,5,6,3,5,3,2,1,1,1,0,0,0,0,7.32219E+20,5.3826E+21,1.2147E+16,4.85535E+16
63040,63041,9,4,74,121,2016,2,16,3,2,3,3,0,0,0,1,0,0,0,0,6.5722E+20,5.51657E+21,1.11839E+16,4.9781E+16
63041,63042,9,7,73,136,2016,2,14,5,3,2,6,0,1,0,1,0,0,1,0,5.99498E+20,5.37534E+21,1.03475E+16,4.85233E+16
63042,63043,9,3,74,137,2016,2,15,3,3,9,1,0,0,0,1,0,0,0,0,7.50069E+20,5.49821E+21,1.24599E+16,4.95847E+16
63043,63044,9,3,73,159,2016,2,10,5,3,2,6,0,0,0,1,0,0,0,0,6.7645E+20,5.45549E+21,1.14235E+16,4.92268E+16
63044,63045,9,2,61,0,2016,2,13,5,3,8,1,0,0,0,1,0,0,0,0,7.36805E+20,5.38157E+21,1.22085E+16,4.85425E+16
63045,63046,9,7,75,129,2016,2,13,5,3,5,2,0,1,1,0,0,0,1,0,5.81894E+20,5.34206E+21,1.01027E+16,4.82265E+16
63046,63047,9,5,63,0,2016,2,18,5,3,6,2,2,1,0,1,1,0,0,0,6.43992E+20,5.48171E+21,1.09875E+16,4.9471E+16
63047,63048,9,3,75,175,2016,2,7,3,3,7,7,1,0,0,1,0,0,1,0,7.16588E+20,5.43406E+21,1.19626E+16,4.90213E+16
63048,63049,9,3,77,133,2016,2,16,5,2,4,7,0,2,0,1,0,0,0,0,7.10945E+20,5.53167E+21,1.19375E+16,4.99001E+16
63049,63050,9,2,76,138,2016,2,18,5,3,9,1,2,2,0,1,0,0,0,0,7.99905E+20,5.42852E+21,1.30956E+16,4.89368E+16
63050,63051,9,6,73,114,2016,2,15,6,3,5,3,0,1,0,1,0,0,0,0,5.847E+20,5.57604E+21,1.019E+16,5.03303E+16
63051,63052,9,5,64,0,2016,2,7,2,3,4,2,0,0,0,1,0,0,0,1,6.49526E+20,5.47849E+21,1.10626E+16,4.94406E+16
63052,63053,9,2,76,127,2016,2,6,6,2,2,6,2,2,0,1,0,0,1,0,8.10724E+20,5.4287E+21,1.3243E+16,4.89331E+16
63053,63054,9,7,77,170,2016,2,10,4,3,8,1,0,1,0,1,0,0,0,0,6.2041E+20,5.27769E+21,1.06031E+16,4.76414E+16
63054,63055,9,6,74,219,2016,2,1,1,3,5,3,2,1,0,1,0,0,0,0,6.02851E+20,5.53809E+21,1.04347E+16,4.99862E+16
63055,63056,9,1,77,116,2016,2,17,3,3,2,6,2,0,0,1,0,0,1,0,7.10742E+20,5.36411E+21,1.18471E+16,4.83949E+16
63056,63057,9,7,78,187,2016,2,6,2,3,9,1,2,1,0,1,0,0,0,0,6.05081E+20,5.33262E+21,1.04125E+16,4.81382E+16
63057,63058,9,5,72,130,2016,2,15,7,3,0,4,0,0,1,0,0,0,0,1,6.40114E+20,5.50624E+21,1.09428E+16,4.96924E+16
63058,63059,9,5,64,0,2016,2,8,4,3,2,6,0,1,0,1,0,0,0,0,6.45061E+20,5.47811E+21,1.10009E+16,4.94383E+16
63059,63060,9,1,80,135,2016,2,17,4,2,8,1,1,2,0,1,0,0,0,0,6.52562E+20,5.27636E+21,1.10305E+16,4.76227E+16
63060,63061,9,1,87,179,2016,2,14,6,2,4,6,0,0,0,1,0,0,0,0,7.23315E+20,5.30911E+21,1.19878E+16,4.78964E+16
63061,63062,9,3,75,165,2016,2,8,3,3,2,6,0,0,0,1,0,0,1,0,7.25842E+20,5.43936E+21,1.2092E+16,4.90656E+16
63062,63063,9,6,63,0,2016,2,17,5,3,2,6,2,1,0,1,0,0,0,0,5.65172E+20,5.51169E+21,9.90477E+15,4.97542E+16
63063,63064,9,1,61,0,2016,2,15,5,3,0,3,0,1,0,1,0,1,0,0,6.77342E+20,5.40454E+21,1.14135E+16,4.87686E+16
63064,63065,9,3,71,135,2016,2,16,2,3,2,6,0,1,0,1,0,0,0,0,6.93664E+20,5.49778E+21,1.16803E+16,4.96016E+16
63065,63066,9,1,62,0,2016,2,4,4,3,2,6,2,0,0,1,0,0,1,0,6.95499E+20,5.34425E+21,1.16322E+16,4.82213E+16
63066,63067,9,1,87,139,2016,2,9,7,3,2,6,0,0,0,1,0,0,0,0,7.43489E+20,5.31698E+21,1.22618E+16,4.79598E+16
63067,63068,9,4,77,121,2016,2,7,1,3,9,1,0,2,0,1,0,0,0,0,6.86689E+20,5.55151E+21,1.16098E+16,5.00865E+16
63068,63069,9,6,79,205,2016,2,15,2,2,4,1,0,1,0,1,0,0,0,0,5.59505E+20,5.51522E+21,9.82664E+15,4.97864E+16
63069,63070,9,1,77,135,2016,2,7,3,3,5,2,1,0,0,1,0,0,0,0,7.18999E+20,5.34453E+21,1.19483E+16,4.82161E+16
63070,63071,9,3,75,175,2016,2,20,2,2,2,6,2,1,0,1,0,0,0,1,7.14704E+20,5.43545E+21,1.19376E+16,4.90345E+16
63071,63072,9,1,62,0,2016,2,8,3,3,2,6,0,0,0,1,0,0,0,0,6.83634E+20,5.33199E+21,1.14673E+16,4.81147E+16
63072,63073,9,6,61,0,2016,2,1,1,3,3,5,2,0,0,1,0,0,0,0,5.11786E+20,5.53519E+21,9.16434E+15,4.9969E+16
63073,63074,9,1,75,124,2016,2,11,3,3,1,6,0,0,0,1,0,0,0,0,7.1428E+20,5.32902E+21,1.18771E+16,4.80784E+16
63074,63075,9,7,62,0,2016,2,14,2,3,0,1,0,0,0,0,0,1,0,0,6.22708E+20,5.30582E+21,1.06416E+16,4.7894E+16
63075,63076,9,1,62,0,2016,2,14,2,3,5,3,0,0,1,1,0,0,0,0,6.95622E+20,5.33395E+21,1.16291E+16,4.81287E+16