FID,OBJECTID,ULAND,UREGBEZ,UKREIS,UGEMEINDE,UJAHR,UMONAT,USTUNDE,UWOCHENTAG,UKATEGORIE,UART,UTYP1,ULICHTVERH,IstStrasse,IstRad,IstPKW,IstFuss,IstKrad,IstGkfz,IstSonstig,LINREFX,LINREFY,XGCSWGS84,YGCSWGS84
63076,63077,9,4,74,123,2016,2,16,7,3,4,6,0,1,0,1,0,0,0,0,6.53057E+20,5.51935E+21,1.11272E+16,4.98071E+16
63077,63078,9,4,72,131,2016,2,6,4,2,9,1,2,1,0,1,0,0,0,0,6.71705E+20,5.5343E+21,1.13928E+16,4.99363E+16
63078,63079,9,1,61,0,2016,2,14,4,3,5,6,0,1,1,0,0,0,0,0,6.74562E+20,5.40567E+21,1.13762E+16,4.87795E+16
63079,63080,9,1,77,135,2016,2,5,6,1,9,1,2,1,0,1,0,0,0,0,7.16893E+20,5.34229E+21,1.19188E+16,4.81968E+16
63080,63081,9,3,75,165,2016,2,16,3,3,2,6,0,0,0,1,0,0,0,0,7.26168E+20,5.43688E+21,1.2095E+16,4.90432E+16
63081,63082,9,1,88,124,2016,2,17,5,2,6,4,2,1,0,1,1,0,0,0,6.62402E+20,5.31841E+21,1.11771E+16,4.79984E+16
63082,63083,9,2,74,182,2016,2,6,2,3,5,6,0,0,0,1,0,0,1,0,7.286E+20,5.37791E+21,1.20955E+16,4.85127E+16
63083,63084,9,1,84,132,2016,2,18,3,3,3,6,2,1,0,1,0,0,0,0,6.83562E+20,5.32961E+21,1.14653E+16,4.80933E+16
63084,63085,9,1,86,147,2016,2,17,7,3,5,3,2,0,0,1,0,0,0,0,6.80897E+20,5.39021E+21,1.14556E+16,4.86388E+16
63085,63086,9,2,72,118,2016,2,2,1,3,5,6,2,0,0,1,0,0,0,0,8.34036E+20,5.41619E+21,1.35502E+16,4.88088E+16
63086,63087,9,1,81,143,2016,2,7,4,3,2,6,0,1,0,1,0,0,0,0,6.38336E+20,5.3161E+21,1.08539E+16,4.79832E+16
63087,63088,9,2,75,114,2016,2,18,7,3,4,6,2,0,0,1,0,1,0,0,8.03139E+20,5.38934E+21,1.31108E+16,4.85837E+16
63088,63089,9,6,71,111,2016,2,18,5,2,4,2,2,1,0,1,0,0,0,0,5.03614E+20,5.54377E+21,9.05048E+15,5.00462E+16
63089,63090,9,3,75,174,2016,2,12,3,2,0,2,0,0,1,0,0,0,1,0,7.33265E+20,5.431E+21,1.21886E+16,4.89878E+16
63090,63091,9,4,76,152,2016,2,15,5,3,4,1,0,2,0,1,0,0,0,0,6.71717E+20,5.59151E+21,1.14188E+16,5.04504E+16
63091,63092,9,7,75,162,2016,2,3,6,3,6,7,2,1,0,1,1,0,0,0,5.79722E+20,5.34958E+21,1.00749E+16,4.82944E+16
63092,63093,9,6,75,158,2016,2,7,2,3,5,3,0,0,0,1,0,0,0,0,5.94621E+20,5.52033E+21,1.03156E+16,4.98279E+16
63093,63094,9,2,78,159,2016,2,8,7,3,1,7,0,0,0,0,0,0,1,0,7.80279E+20,5.42208E+21,1.28238E+16,4.88882E+16
63094,63095,9,6,75,165,2016,2,7,5,3,4,6,1,0,0,1,0,0,0,0,5.88473E+20,5.51521E+21,1.0229E+16,4.97829E+16
63095,63096,9,3,77,142,2016,2,15,4,3,3,2,0,1,0,1,0,0,0,0,7.41804E+20,5.5402E+21,1.23719E+16,4.99651E+16
63096,63097,9,1,84,120,2016,2,8,4,3,2,6,0,1,0,1,0,0,0,0,6.83406E+20,5.33301E+21,1.14647E+16,4.81239E+16
63097,63098,9,3,72,153,2016,2,20,3,3,8,1,2,0,0,1,0,0,0,0,7.55646E+20,5.46013E+21,1.25124E+16,4.92405E+16
63098,63099,9,7,75,134,2016,2,13,6,2,2,6,0,0,0,1,0,0,0,0,5.81198E+20,5.36414E+21,1.00976E+16,4.84252E+16
63099,63100,9,5,72,135,2016,2,18,6,2,6,4,2,1,0,1,1,0,0,0,6.302E+20,5.50661E+21,1.08055E+16,4.96979E+16
63100,63101,9,1,74,111,2016,2,7,5,3,5,2,0,1,0,1,0,0,0,1,6.70325E+20,5.36354E+21,1.13013E+16,4.8402E+16
63101,63102,9,1,80,125,2016,2,14,2,3,5,3,0,0,0,1,0,0,0,0,6.55995E+20,5.27245E+21,1.10747E+16,4.75867E+16
63102,63103,9,1,62,0,2016,2,22,7,3,2,6,2,0,0,1,0,0,0,1,6.96616E+20,5.34308E+21,1.16467E+16,4.82105E+16
63103,63104,9,1,84,127,2016,2,7,7,3,5,3,0,0,1,1,0,0,0,0,7.02206E+20,5.322E+21,1.17118E+16,4.80193E+16
63104,63105,9,1,87,177,2016,2,12,1,3,0,1,0,1,1,0,0,0,0,0,7.35206E+20,5.30518E+21,1.21446E+16,4.78569E+16
63105,63106,9,7,78,123,2016,2,13,5,3,3,6,0,1,0,1,0,0,0,0,5.85402E+20,5.31776E+21,1.0145E+16,4.80074E+16
63106,63107,9,1,80,127,2016,2,8,7,2,4,6,0,0,0,1,0,0,0,0,6.65616E+20,5.27739E+21,1.12045E+16,4.76287E+16
63107,63108,9,5,64,0,2016,2,17,5,3,6,2,2,1,0,1,1,0,0,0,6.4763E+20,5.47454E+21,1.1035E+16,4.94057E+16
63108,63109,9,3,73,112,2016,2,21,3,3,9,1,2,0,0,1,0,0,0,0,6.78688E+20,5.44577E+21,1.14499E+16,4.91387E+16
63109,63110,9,4,71,120,2016,2,16,5,3,0,1,2,2,0,1,0,0,0,0,6.28446E+20,5.51938E+21,1.07854E+16,4.98131E+16
63110,63111,9,6,75,111,2016,2,18,6,3,2,6,2,0,0,1,0,0,0,0,5.99421E+20,5.51443E+21,1.03808E+16,4.97741E+16
63111,63112,9,3,73,156,2016,2,18,2,2,8,7,2,1,0,1,0,0,0,0,6.60663E+20,5.46116E+21,1.12092E+16,4.92821E+16
63112,63113,9,3,75,119,2016,2,7,6,3,0,6,0,1,0,1,0,0,0,0,7.38661E+20,5.44704E+21,1.22717E+16,4.91298E+16
63113,63114,9,7,80,119,2016,2,12,4,3,2,6,0,1,0,1,0,0,1,0,5.96012E+20,5.29959E+21,1.02832E+16,4.78424E+16
63114,63115,9,6,75,139,2016,2,14,1,2,0,1,0,0,0,0,0,0,0,1,5.92414E+20,5.5028E+21,1.02808E+16,4.96706E+16
63115,63116,9,1,74,146,2016,2,16,3,2,0,7,0,0,0,1,0,0,1,0,6.6882E+20,5.34972E+21,1.12755E+16,4.82781E+16
63116,63117,9,7,75,152,2016,2,15,2,3,0,1,0,0,1,0,0,0,0,0,5.76934E+20,5.3535E+21,1.0038E+16,4.833E+16
63117,63118,9,5,71,166,2016,2,10,6,3,2,6,0,0,0,1,0,0,0,1,6.07593E+20,5.45639E+21,1.04785E+16,4.92508E+16
63118,63119,9,1,62,0,2016,2,7,4,3,5,3,0,1,1,0,0,0,0,1,6.88713E+20,5.33628E+21,1.15374E+16,4.81518E+16
63119,63120,9,1,75,132,2016,2,15,2,3,5,2,0,0,0,1,0,0,0,0,7.07237E+20,5.33676E+21,1.17864E+16,4.81503E+16
63120,63121,9,1,72,114,2016,2,10,3,3,2,6,0,0,0,1,0,0,0,0,7.90247E+20,5.29266E+21,1.28705E+16,4.7722E+16
63121,63122,9,1,61,0,2016,2,19,2,2,5,2,2,1,1,1,0,0,0,0,6.77259E+20,5.404E+21,1.14122E+16,4.87637E+16
63122,63123,9,1,77,115,2016,2,9,7,3,2,6,0,1,0,1,0,0,0,0,7.32034E+20,5.35304E+21,1.21282E+16,4.8288E+16
63123,63124,9,7,79,154,2016,2,3,7,3,9,7,2,1,0,1,0,0,0,0,6.1908E+20,5.42428E+21,1.06268E+16,4.896E+16
63124,63125,9,2,74,191,2016,2,13,6,3,1,6,0,0,0,1,0,0,0,0,7.4531E+20,5.3917E+21,1.23295E+16,4.86302E+16
63125,63126,9,3,76,175,2016,2,23,3,3,2,6,2,0,0,1,0,0,0,0,7.29196E+20,5.46712E+21,1.21536E+16,4.93137E+16
63126,63127,9,7,80,128,2016,2,13,5,3,2,6,0,1,0,1,0,0,0,1,6.1011E+20,5.27896E+21,1.04663E+16,4.76547E+16
63127,63128,9,5,77,177,2016,2,7,5,3,5,3,1,1,0,1,0,0,0,0,6.45316E+20,5.43286E+21,1.09881E+16,4.90315E+16
63128,63129,9,2,63,0,2016,2,17,3,3,2,2,2,1,0,1,0,0,0,0,7.63771E+20,5.41892E+21,1.2597E+16,4.88671E+16
63129,63130,9,3,72,153,2016,2,16,5,3,5,3,0,1,0,1,0,1,0,0,7.53683E+20,5.45637E+21,1.24831E+16,4.92075E+16
63130,63131,9,2,72,129,2016,2,17,5,3,5,3,1,2,0,1,0,0,0,0,8.44526E+20,5.40841E+21,1.3686E+16,4.87333E+16
63131,63132,9,6,71,111,2016,2,17,6,2,2,6,2,0,0,1,0,0,0,0,5.0527E+20,5.54952E+21,9.07368E+15,5.00979E+16
63132,63133,9,5,71,165,2016,2,7,2,3,2,6,0,0,0,1,0,0,0,0,6.33252E+20,5.46813E+21,1.08348E+16,4.93513E+16
63133,63134,9,1,62,0,2016,2,8,3,3,2,6,0,0,0,1,0,0,0,0,6.89318E+20,5.34096E+21,1.15476E+16,4.81936E+16
63134,63135,9,7,61,0,2016,2,17,4,3,0,6,2,1,0,1,0,0,1,0,6.40742E+20,5.36394E+21,1.0902E+16,4.84129E+16
63135,63136,9,6,73,114,2016,2,23,1,3,5,3,2,1,0,1,0,0,0,0,5.86919E+20,5.57527E+21,1.0221E+16,5.03232E+16
63136,63137,9,1,75,135,2016,2,18,3,3,5,2,2,0,0,1,0,0,0,0,7.0875E+20,5.3394E+21,1.1808E+16,4.81736E+16
63137,63138,9,7,78,188,2016,2,7,2,3,8,7,0,1,0,1,0,0,0,0,5.85334E+20,5.32937E+21,1.01464E+16,4.81118E+16
63138,63139,9,1,84,149,2016,2,18,2,3,6,4,1,0,1,0,1,0,0,0,6.90276E+20,5.35044E+21,1.15647E+16,4.82786E+16
63139,63140,9,5,75,119,2016,2,18,7,1,6,6,1,1,0,1,1,0,0,0,6.10689E+20,5.4888E+21,1.053E+16,4.95417E+16
63140,63141,9,5,71,226,2016,2,12,4,3,4,2,0,1,0,1,0,0,0,0,6.32145E+20,5.45714E+21,1.08159E+16,4.92527E+16
63141,63142,9,1,87,124,2016,2,15,4,2,5,3,0,1,0,1,0,0,1,0,7.35918E+20,5.32825E+21,1.21667E+16,4.80639E+16
63142,63143,9,1,81,146,2016,2,18,6,3,2,7,2,1,0,1,0,0,0,0,6.49889E+20,5.32556E+21,1.1012E+16,4.80657E+16
63143,63144,9,2,76,116,2016,2,6,3,3,4,6,2,1,0,1,0,0,0,0,8.01064E+20,5.42516E+21,1.31089E+16,4.89061E+16
63144,63145,9,6,71,134,2016,2,13,7,3,3,6,0,0,0,1,0,0,0,0,5.01824E+20,5.54984E+21,9.02551E+15,5.01008E+16
63145,63146,9,5,76,143,2016,2,7,4,3,2,6,1,1,0,1,0,0,0,0,6.54828E+20,5.45491E+21,1.11266E+16,4.92274E+16
63146,63147,9,3,61,0,2016,2,19,4,3,5,3,2,1,0,1,0,0,0,0,7.06554E+20,5.4835E+21,1.1851E+16,4.9469E+16
63147,63148,9,1,89,155,2016,2,14,6,3,5,3,0,0,0,1,0,0,0,0,7.70886E+20,5.30798E+21,1.26224E+16,4.78679E+16
63148,63149,9,2,71,125,2016,2,7,3,3,5,2,1,1,0,1,0,0,0,0,7.97061E+20,5.40994E+21,1.30434E+16,4.87715E+16
63149,63150,9,7,71,130,2016,2,10,5,3,8,6,0,1,0,1,0,0,0,0,6.46709E+20,5.36284E+21,1.09822E+16,4.84016E+16
63150,63151,9,3,71,154,2016,2,18,5,3,9,1,2,2,0,1,0,0,0,0,7.01339E+20,5.47646E+21,1.17756E+16,4.94075E+16
63151,63152,9,1,90,121,2016,2,16,5,3,5,3,0,0,0,1,0,0,0,0,6.6411E+20,5.28837E+21,1.11886E+16,4.77279E+16
63152,63153,9,3,75,201,2016,2,16,2,3,5,3,0,1,0,1,0,0,0,0,7.45654E+20,5.41895E+21,1.23504E+16,4.88748E+16
63153,63154,9,7,74,198,2016,2,19,3,3,2,6,2,0,0,1,0,0,0,0,6.13996E+20,5.34909E+21,1.05367E+16,4.82848E+16
63154,63155,9,5,71,122,2016,2,14,1,3,5,3,0,0,0,1,0,0,0,0,6.22292E+20,5.46718E+21,1.06837E+16,4.93451E+16
63155,63156,9,7,79,201,2016,2,20,2,2,5,3,2,1,1,1,0,0,0,0,6.4137E+20,5.39484E+21,1.0921E+16,4.86906E+16
63156,63157,9,1,84,127,2016,2,12,2,3,4,7,0,0,0,1,0,0,1,1,7.01087E+20,5.32165E+21,1.16967E+16,4.80164E+16
63157,63158,9,3,63,0,2016,2,10,7,3,2,2,0,0,0,1,0,0,0,0,7.26416E+20,5.50692E+21,1.21382E+16,4.96722E+16
63158,63159,9,4,74,126,2016,2,14,4,3,1,2,0,0,0,1,0,0,0,0,6.48963E+20,5.50721E+21,1.10657E+16,4.96989E+16
63159,63160,9,1,61,0,2016,2,8,4,3,5,3,0,1,0,1,0,0,0,0,6.79376E+20,5.40082E+21,1.14396E+16,4.87346E+16
63160,63161,9,2,77,138,2016,2,6,3,3,4,6,1,0,0,1,0,0,0,1,7.92615E+20,5.37012E+21,1.2955E+16,4.84162E+16
63161,63162,9,6,71,114,2016,2,16,6,3,5,3,0,0,0,1,0,0,0,1,5.01188E+20,5.54456E+21,9.01659E+15,5.00533E+16
63162,63163,9,1,90,142,2016,2,19,2,2,2,6,2,1,0,1,0,0,0,1,6.57217E+20,5.29758E+21,1.11E+16,4.78124E+16
63163,63164,9,1,76,112,2016,2,9,7,3,8,7,0,0,0,1,0,0,0,0,6.90632E+20,5.42111E+21,1.16019E+16,4.89135E+16
63164,63165,9,1,73,145,2016,2,5,1,2,9,1,2,0,0,1,0,0,0,0,6.91665E+20,5.28834E+21,1.15557E+16,4.77199E+16
63165,63166,9,1,88,141,2016,2,5,5,3,9,1,2,2,0,1,0,0,0,0,6.69415E+20,5.30655E+21,1.12664E+16,4.78899E+16
63166,63167,9,2,71,119,2016,2,19,2,3,8,1,2,1,0,1,0,0,0,0,7.86432E+20,5.41494E+21,1.29025E+16,4.88214E+16
63167,63168,9,7,77,173,2016,2,14,3,2,8,1,0,0,0,1,0,0,0,0,6.3395E+20,5.28013E+21,1.0784E+16,4.76607E+16
63168,63169,9,1,82,134,2016,2,8,7,3,9,1,0,0,0,1,0,0,0,0,6.99353E+20,5.29867E+21,1.16628E+16,4.78105E+16
63169,63170,9,3,76,147,2016,2,20,1,3,8,1,2,1,0,1,0,0,0,0,7.46176E+20,5.47218E+21,1.239E+16,4.93526E+16
63170,63171,9,2,78,148,2016,2,6,7,2,9,1,0,2,0,1,0,0,0,0,7.40547E+20,5.40571E+21,1.22731E+16,4.87579E+16
63171,63172,9,6,61,0,2016,2,16,5,3,2,6,0,1,0,1,0,0,0,0,5.10809E+20,5.53609E+21,9.15076E+15,4.99771E+16
63172,63173,9,2,74,156,2016,2,14,3,3,0,6,0,0,0,1,0,0,1,0,7.43281E+20,5.38999E+21,1.2301E+16,4.86156E+16
63173,63174,9,7,78,173,2016,2,5,6,3,6,4,2,1,0,1,1,0,0,0,6.11337E+20,5.32197E+21,1.04937E+16,4.80413E+16
63174,63175,9,5,74,120,2016,2,17,6,3,8,1,2,1,0,1,0,0,0,0,6.72522E+20,5.48227E+21,1.13812E+16,4.94685E+16
63175,63176,9,1,62,0,2016,2,18,4,2,6,2,2,1,0,1,1,0,0,0,6.82948E+20,5.33941E+21,1.14613E+16,4.81816E+16
63176,63177,9,1,78,120,2016,2,7,2,3,3,6,2,0,0,1,0,0,1,0,6.94833E+20,5.35362E+21,1.16275E+16,4.83057E+16
63177,63178,9,1,83,120,2016,2,17,2,3,5,2,2,0,0,1,0,1,0,0,7.51377E+20,5.34728E+21,1.23851E+16,4.82289E+16
63178,63179,9,1,77,126,2016,2,14,7,3,3,6,0,0,0,1,0,0,0,0,7.1874E+20,5.36965E+21,1.19579E+16,4.8442E+16
63179,63180,9,1,62,0,2016,2,8,7,3,2,6,0,0,0,1,0,0,0,0,6.93901E+20,5.33166E+21,1.16049E+16,4.81087E+16
63180,63181,9,1,84,135,2016,2,14,1,3,4,6,0,0,0,1,0,0,0,0,6.88047E+20,5.34758E+21,1.15334E+16,4.82535E+16
63181,63182,9,2,72,120,2016,2,17,6,3,8,1,1,1,0,1,0,0,0,0,8.26927E+20,5.4216E+21,1.3458E+16,4.88611E+16
63182,63183,9,7,64,0,2016,2,21,5,3,5,3,2,1,0,1,0,0,0,0,5.8615E+20,5.31672E+21,1.01549E+16,4.79979E+16
63183,63184,9,1,89,115,2016,2,6,7,3,9,1,1,0,0,1,0,0,0,0,7.63016E+20,5.33573E+21,1.25344E+16,4.81205E+16
63184,63185,9,5,64,0,2016,2,18,5,3,2,1,1,0,0,1,0,0,0,0,6.47763E+20,5.47647E+21,1.10376E+16,4.9423E+16
63185,63186,9,2,74,146,2016,2,17,3,3,4,7,2,0,0,1,0,0,0,0,7.34475E+20,5.37694E+21,1.21744E+16,4.85018E+16
63186,63187,9,3,74,147,2016,2,17,5,2,4,1,2,2,0,1,0,0,0,0,7.49856E+20,5.50366E+21,1.24605E+16,4.96337E+16
63187,63188,9,1,62,0,2016,2,16,5,3,2,6,0,1,0,1,0,0,0,0,6.94179E+20,5.34025E+21,1.16126E+16,4.81857E+16
63188,63189,9,2,75,149,2016,2,12,7,3,4,6,0,0,0,1,0,0,0,0,8.13692E+20,5.37111E+21,1.32398E+16,4.8415E+16
63189,63190,9,5,72,115,2016,2,9,5,1,5,3,0,0,0,1,0,0,0,0,6.47723E+20,5.50458E+21,1.10476E+16,4.96756E+16
63190,63191,9,2,61,0,2016,2,16,3,3,4,6,1,0,0,1,0,0,0,0,7.28969E+20,5.38085E+21,1.21021E+16,4.85389E+16
63191,63192,9,4,72,127,2016,2,17,5,3,4,1,2,2,0,1,0,0,0,0,6.9064E+20,5.52467E+21,1.16517E+16,4.98441E+16
63192,63193,9,7,79,228,2016,2,14,6,3,2,6,0,0,0,1,0,0,0,0,6.25127E+20,5.41477E+21,1.07064E+16,4.88733E+16
63193,63194,9,6,78,181,2016,2,7,2,3,2,7,1,0,0,1,0,0,0,0,5.95567E+20,5.55836E+21,1.03382E+16,5.01697E+16
63194,63195,9,4,77,128,2016,2,18,6,3,6,2,2,1,0,1,1,0,0,0,6.74775E+20,5.55259E+21,1.14439E+16,5.00998E+16
63195,63196,9,7,75,139,2016,2,16,4,3,8,6,1,2,0,1,0,0,0,0,5.82602E+20,5.36854E+21,1.01174E+16,4.84646E+16
63196,63197,9,7,74,171,2016,2,3,1,2,8,1,2,1,0,1,0,0,0,0,6.00938E+20,5.36979E+21,1.03657E+16,4.84731E+16
63197,63198,9,1,71,135,2016,2,20,3,3,8,1,2,1,0,1,0,0,0,0,7.69833E+20,5.34207E+21,1.26298E+16,4.81745E+16
63198,63199,9,1,88,139,2016,2,15,2,3,6,4,0,0,0,1,1,0,0,0,6.74617E+20,5.31917E+21,1.1341E+16,4.80019E+16
63199,63200,9,1,62,0,2016,2,17,2,3,5,3,1,0,1,1,0,0,0,0,6.87424E+20,5.33281E+21,1.15185E+16,4.81209E+16
63200,63201,9,7,71,155,2016,2,9,7,3,5,3,0,0,0,1,0,0,0,0,6.489E+20,5.37427E+21,1.10159E+16,4.85039E+16
63201,63202,9,6,78,174,2016,2,6,4,3,1,7,2,0,0,1,0,0,0,0,5.9882E+20,5.54564E+21,1.03805E+16,5.00548E+16
63202,63203,9,3,72,157,2016,2,15,4,3,3,2,0,1,0,1,0,0,0,0,7.6382E+20,5.47019E+21,1.26312E+16,4.93273E+16
63203,63204,9,2,73,147,2016,2,20,6,2,8,1,2,0,0,1,0,0,0,0,7.0154E+20,5.39325E+21,1.1737E+16,4.86598E+16
63204,63205,9,2,79,124,2016,2,16,3,3,5,3,0,0,1,1,0,0,0,0,7.52407E+20,5.39299E+21,1.24265E+16,4.8639E+16
63205,63206,9,7,80,137,2016,2,17,5,3,1,6,2,2,0,1,0,0,0,0,5.98475E+20,5.27057E+21,1.03096E+16,4.75811E+16
63206,63207,9,5,71,194,2016,2,14,5,3,8,1,0,1,0,1,0,0,0,0,6.15526E+20,5.47372E+21,1.05925E+16,4.94052E+16
63207,63208,9,1,80,117,2016,2,7,3,3,2,2,1,0,0,1,0,0,0,0,6.57249E+20,5.26268E+21,1.10879E+16,4.74985E+16
63208,63209,9,3,75,190,2016,2,20,5,2,5,3,2,1,0,1,0,0,0,0,7.26776E+20,5.44521E+21,1.2108E+16,4.91178E+16
63209,63210,9,2,77,124,2016,2,7,5,3,2,6,0,0,0,1,0,0,0,0,7.81719E+20,5.36947E+21,1.28076E+16,4.84153E+16
63210,63211,9,4,75,136,2016,2,6,2,3,4,2,2,0,0,1,0,0,0,0,6.95023E+20,5.56801E+21,1.17346E+16,5.02321E+16
63211,63212,9,7,61,0,2016,2,20,3,3,5,3,2,0,0,1,0,0,0,0,6.40856E+20,5.36049E+21,1.09024E+16,4.83818E+16
63212,63213,9,6,77,177,2016,2,16,4,3,5,3,0,1,0,1,0,0,0,0,5.47054E+20,5.54873E+21,9.65778E+15,5.0089E+16
63213,63214,9,6,72,114,2016,2,13,1,3,2,2,0,0,0,1,0,0,0,0,5.76377E+20,5.56014E+21,1.00699E+16,5.01886E+16
63214,63215,9,1,77,116,2016,2,13,3,3,5,3,0,0,0,1,0,0,0,0,7.14681E+20,5.36116E+21,1.18987E+16,4.83671E+16
63215,63216,9,2,78,192,2016,2,17,5,2,2,2,2,1,0,1,0,0,0,0,7.737E+20,5.41502E+21,1.27295E+16,4.88277E+16
63216,63217,9,6,77,151,2016,2,12,6,3,5,3,0,0,0,1,0,0,0,0,5.37505E+20,5.51537E+21,9.52106E+15,4.97897E+16
63217,63218,9,5,64,0,2016,2,15,2,3,2,6,0,1,0,1,0,0,0,0,6.55564E+20,5.48125E+21,1.1147E+16,4.9464E+16
63218,63219,9,3,76,153,2016,2,9,6,3,3,2,0,1,0,1,0,0,0,0,7.3162E+20,5.49042E+21,1.22005E+16,4.95221E+16
63219,63220,9,7,76,129,2016,2,11,4,2,4,1,0,2,0,1,0,0,1,0,5.7206E+20,5.27337E+21,9.9588E+15,4.76097E+16
63220,63221,9,6,78,135,2016,2,19,1,3,7,7,2,0,0,1,0,0,0,1,5.91361E+20,5.54281E+21,1.02756E+16,5.00306E+16
63221,63222,9,1,74,115,2016,2,10,3,3,2,6,0,0,0,1,0,0,0,1,6.81274E+20,5.34711E+21,1.14421E+16,4.82513E+16
63222,63223,9,7,78,173,2016,2,15,2,3,9,1,0,0,0,1,0,0,0,0,6.10521E+20,5.32627E+21,1.04839E+16,4.80801E+16
63223,63224,9,5,64,0,2016,2,11,7,3,2,6,0,0,0,1,0,0,0,0,6.58965E+20,5.47355E+21,1.11908E+16,4.93939E+16
63224,63225,9,5,74,157,2016,2,18,4,3,5,3,2,1,0,1,0,0,0,0,6.63288E+20,5.47006E+21,1.12489E+16,4.93613E+16
63225,63226,9,1,73,126,2016,2,21,4,2,4,1,2,2,0,1,0,0,0,0,6.8404E+20,5.30556E+21,1.14614E+16,4.7877E+16
63226,63227,9,1,82,120,2016,2,16,6,2,0,1,0,1,1,0,0,0,0,0,7.01735E+20,5.3066E+21,1.16983E+16,4.7881E+16
63227,63228,9,1,83,148,2016,2,15,3,3,2,6,0,0,0,1,0,0,0,1,7.54397E+20,5.34417E+21,1.24238E+16,4.81997E+16
63228,63229,9,6,75,142,2016,2,5,5,3,2,6,2,0,0,1,0,0,1,0,5.95006E+20,5.51434E+21,1.03195E+16,4.9774E+16
63229,63230,9,1,82,132,2016,2,6,5,3,8,1,2,2,0,1,0,0,0,0,7.07957E+20,5.28641E+21,1.17717E+16,4.76975E+16
63230,63231,9,3,76,175,2016,2,15,2,1,4,6,0,1,0,1,0,0,0,0,7.31643E+20,5.46516E+21,1.21861E+16,4.92952E+16
63231,63232,9,6,74,130,2016,2,14,3,3,8,1,0,0,0,1,0,0,0,0,6.20801E+20,5.54856E+21,1.06883E+16,5.00771E+16
63232,63233,9,1,82,133,2016,2,8,7,3,2,6,0,0,0,1,0,0,0,0,7.06022E+20,5.3068E+21,1.17557E+16,4.78815E+16
63233,63234,9,4,73,153,2016,2,17,1,3,3,2,2,0,0,1,0,1,0,0,6.41509E+20,5.56526E+21,1.09838E+16,5.02225E+16
63234,63235,9,7,72,147,2016,2,17,2,3,2,6,2,1,0,1,0,0,0,0,6.38682E+20,5.36529E+21,1.08746E+16,4.84255E+16
63235,63236,9,1,62,0,2016,2,16,2,3,2,4,0,0,0,1,1,0,0,0,6.88563E+20,5.33498E+21,1.15348E+16,4.81401E+16
63236,63237,9,3,76,160,2016,2,7,7,3,9,7,0,2,0,1,0,0,0,0,7.55942E+20,5.49024E+21,1.25359E+16,4.95107E+16
63237,63238,9,3,77,141,2016,2,8,4,3,5,3,0,0,0,1,0,0,0,0,7.33306E+20,5.53931E+21,1.2253E+16,4.99605E+16
63238,63239,9,1,62,0,2016,2,7,4,3,2,6,1,1,0,1,0,0,0,0,6.8453E+20,5.33297E+21,1.14797E+16,4.81232E+16
63239,63240,9,1,89,155,2016,2,15,3,3,2,6,0,0,0,1,0,0,0,0,7.72146E+20,5.30675E+21,1.26384E+16,4.78564E+16
63240,63241,9,7,74,116,2016,2,7,2,3,8,7,1,2,0,1,0,0,0,0,6.07783E+20,5.34594E+21,1.04522E+16,4.82575E+16
63241,63242,9,1,84,147,2016,2,15,2,3,6,4,0,0,0,1,1,0,0,0,6.96412E+20,5.34135E+21,1.16431E+16,4.8195E+16
63242,63243,9,4,72,175,2016,2,22,7,3,5,3,2,1,0,1,0,0,0,0,6.79993E+20,5.52231E+21,1.15026E+16,4.98262E+16
63243,63244,9,4,64,0,2016,2,9,4,3,4,2,0,1,1,1,0,0,0,0,7.0741E+20,5.57836E+21,1.19137E+16,5.03208E+16
63244,63245,9,1,87,128,2016,2,6,4,3,5,3,0,1,0,1,0,1,0,0,7.46226E+20,5.31179E+21,1.22954E+16,4.79121E+16
63245,63246,9,1,62,0,2016,2,18,6,3,8,7,2,0,0,1,0,0,0,0,7.00217E+20,5.33548E+21,1.16915E+16,4.8141E+16
63246,63247,9,1,89,130,2016,2,14,3,3,5,3,0,0,0,1,0,0,0,0,7.66005E+20,5.3125E+21,1.25601E+16,4.79106E+16
63247,63248,9,1,81,133,2016,2,10,5,2,4,1,0,2,0,1,0,0,0,1,6.44309E+20,5.31521E+21,1.09336E+16,4.79739E+16
63248,63249,9,2,61,0,2016,2,15,2,3,1,3,0,0,0,1,0,0,0,0,7.32045E+20,5.37952E+21,1.2143E+16,4.85259E+16
63249,63250,9,6,62,0,2016,2,8,3,3,6,4,0,0,0,1,1,0,0,0,5.88087E+20,5.54518E+21,1.02305E+16,5.00524E+16
63250,63251,9,1,86,143,2016,2,19,7,3,5,3,2,0,0,1,0,0,0,0,6.86651E+20,5.38092E+21,1.15295E+16,4.85536E+16
63251,63252,9,2,78,118,2016,2,15,1,3,6,4,0,0,0,1,1,0,0,0,7.70031E+20,5.42382E+21,1.26854E+16,4.89084E+16
63252,63253,9,2,71,141,2016,2,19,7,2,5,3,2,0,0,1,0,0,0,0,7.90399E+20,5.39817E+21,1.29446E+16,4.8669E+16
63253,63254,9,6,71,122,2016,2,17,5,3,2,6,1,1,0,1,0,0,0,0,5.05367E+20,5.5295E+21,9.07475E+15,4.99179E+16
63254,63255,9,1,89,145,2016,2,16,3,3,4,2,0,0,1,1,0,0,0,0,7.7253E+20,5.3026E+21,1.2641E+16,4.7819E+16
63255,63256,9,4,75,168,2016,2,15,5,2,4,6,0,2,0,1,0,0,0,0,7.07001E+20,5.56747E+21,1.1902E+16,5.02231E+16