FID,OBJECTID,ULAND,UREGBEZ,UKREIS,UGEMEINDE,UJAHR,UMONAT,USTUNDE,UWOCHENTAG,UKATEGORIE,UART,UTYP1,ULICHTVERH,IstStrasse,IstRad,IstPKW,IstFuss,IstKrad,IstGkfz,IstSonstig,LINREFX,LINREFY,XGCSWGS84,YGCSWGS84
63256,63257,9,7,64,0,2016,2,11,6,3,2,6,0,0,0,1,0,0,0,0,5.8652E+20,5.31882E+21,1.01602E+16,4.80168E+16
63257,63258,9,6,79,174,2016,2,17,2,3,8,1,1,0,0,1,0,0,0,0,5.79613E+20,5.52339E+21,1.01076E+16,4.98576E+16
63258,63259,9,5,64,0,2016,2,17,6,3,2,6,2,0,0,1,0,0,0,0,6.53432E+20,5.47451E+21,1.11149E+16,4.9404E+16
63259,63260,9,1,84,119,2016,2,10,4,3,2,6,0,1,0,1,0,0,0,0,6.93937E+20,5.34743E+21,1.16126E+16,4.82504E+16
63260,63261,9,1,84,135,2016,2,8,2,2,2,6,0,0,0,1,0,0,0,0,6.93065E+20,5.34499E+21,1.15998E+16,4.82287E+16
63261,63262,9,1,83,128,2016,2,11,3,3,1,6,0,0,0,1,0,0,0,0,7.6131E+20,5.34928E+21,1.25198E+16,4.82429E+16
63262,63263,9,1,82,131,2016,2,8,2,3,4,2,0,0,0,1,0,0,0,0,7.14388E+20,5.29102E+21,1.18596E+16,4.77369E+16
63263,63264,9,1,62,0,2016,2,8,6,2,2,6,0,1,0,1,0,0,0,0,6.90767E+20,5.33204E+21,1.1563E+16,4.8113E+16
63264,63265,9,5,76,151,2016,2,18,6,3,2,6,2,0,0,1,0,0,0,0,6.55412E+20,5.47197E+21,1.11412E+16,4.93806E+16
63265,63266,9,1,90,136,2016,2,14,2,2,4,1,0,0,0,1,0,0,0,0,6.69458E+20,5.28914E+21,1.12601E+16,4.77334E+16
63266,63267,9,6,71,122,2016,2,9,3,3,8,1,0,0,0,1,0,0,0,0,5.07075E+20,5.5315E+21,9.09859E+15,4.99359E+16
63267,63268,9,1,74,137,2016,2,13,7,3,1,6,0,0,0,1,0,0,0,0,6.61029E+20,5.35172E+21,1.11713E+16,4.82982E+16
63268,63269,9,1,77,126,2016,2,13,1,3,0,7,0,0,0,0,0,1,0,1,7.20809E+20,5.36938E+21,1.19856E+16,4.84388E+16
63269,63270,9,1,71,137,2016,2,7,1,3,8,1,0,2,0,1,0,0,0,0,7.69124E+20,5.35218E+21,1.26267E+16,4.82656E+16
63270,63271,9,1,84,130,2016,2,15,5,3,2,6,0,1,0,1,0,0,0,0,6.98686E+20,5.3453E+21,1.16755E+16,4.82298E+16
63271,63272,9,1,90,121,2016,2,14,7,3,0,2,0,0,0,1,0,0,0,0,6.64305E+20,5.29018E+21,1.11918E+16,4.7744E+16
63272,63273,9,5,74,138,2016,2,17,5,3,4,2,1,1,0,1,0,0,0,0,6.65548E+20,5.48533E+21,1.12863E+16,4.9498E+16
63273,63274,9,1,89,155,2016,2,15,3,3,5,3,0,0,0,1,0,0,0,0,7.71495E+20,5.30662E+21,1.26297E+16,4.78555E+16
63274,63275,9,4,71,174,2016,2,11,5,2,4,6,0,1,0,1,0,1,0,0,6.35644E+20,5.54182E+21,1.08933E+16,5.00133E+16
63275,63276,9,6,79,154,2016,2,7,6,3,2,6,0,0,0,1,0,0,0,0,5.61214E+20,5.51099E+21,9.84971E+15,4.97483E+16
63276,63277,9,6,61,0,2016,2,19,2,3,5,3,2,0,0,1,0,0,0,0,5.09128E+20,5.53641E+21,9.12731E+15,4.998E+16
63277,63278,9,3,75,174,2016,2,19,6,3,5,3,2,0,0,1,0,0,0,0,7.33642E+20,5.43177E+21,1.21942E+16,4.89946E+16
63278,63279,9,7,75,134,2016,2,16,4,3,2,2,0,1,0,1,0,0,0,0,5.85767E+20,5.36461E+21,1.01594E+16,4.84288E+16
63279,63280,9,7,77,129,2016,2,10,1,3,5,3,0,0,0,1,0,0,0,0,6.26251E+20,5.27096E+21,1.06789E+16,4.75798E+16
63280,63281,9,1,85,125,2016,2,17,3,2,5,3,2,1,0,1,0,0,0,0,6.47854E+20,5.39696E+21,1.10098E+16,4.87081E+16
63281,63282,9,7,75,164,2016,2,20,2,3,0,7,2,1,0,1,0,0,0,0,5.8807E+20,5.34938E+21,1.01874E+16,4.82915E+16
63282,63283,9,6,73,167,2016,2,2,7,3,8,7,2,0,0,1,0,0,0,0,5.82536E+20,5.59029E+21,1.01628E+16,5.04588E+16
63283,63284,9,5,74,156,2016,2,17,4,2,8,1,2,1,0,1,0,0,0,0,6.5942E+20,5.48146E+21,1.12002E+16,4.94648E+16
63284,63285,9,3,76,161,2016,2,16,4,3,5,3,0,1,0,1,0,0,0,0,7.24283E+20,5.46962E+21,1.20876E+16,4.93381E+16
63285,63286,9,1,73,112,2016,2,19,6,3,5,2,2,0,0,1,0,0,0,0,6.9215E+20,5.29315E+21,1.15643E+16,4.77631E+16
63286,63287,9,1,89,154,2016,2,6,3,3,4,2,2,1,0,1,0,1,0,0,7.68899E+20,5.31848E+21,1.26024E+16,4.79631E+16
63287,63288,9,7,61,0,2016,2,10,5,3,9,1,0,1,0,1,0,0,0,0,6.39878E+20,5.35411E+21,1.08871E+16,4.83247E+16
63288,63289,9,1,78,130,2016,2,9,7,3,8,6,0,0,0,1,0,0,0,0,7.01136E+20,5.3535E+21,1.17124E+16,4.83027E+16
63289,63290,9,7,74,150,2016,2,15,7,3,1,5,0,0,0,1,0,0,0,0,6.00958E+20,5.34384E+21,1.03597E+16,4.82397E+16
63290,63291,9,1,78,133,2016,2,11,1,3,8,7,0,0,0,1,0,0,0,0,6.86295E+20,5.36858E+21,1.15191E+16,4.84428E+16
63291,63292,9,2,74,191,2016,2,13,6,2,1,6,0,0,0,1,0,0,1,0,7.45219E+20,5.39166E+21,1.23283E+16,4.86299E+16
63292,63293,9,7,77,151,2016,2,19,5,3,2,6,2,2,0,1,0,0,0,0,6.25823E+20,5.29303E+21,1.06796E+16,4.77784E+16
63293,63294,9,5,71,175,2016,2,20,5,3,3,6,2,1,0,1,0,0,1,0,6.24202E+20,5.45904E+21,1.07074E+16,4.92715E+16
63294,63295,9,1,87,181,2016,2,7,3,3,5,3,0,1,0,1,0,0,0,0,7.37565E+20,5.31454E+21,1.21812E+16,4.79401E+16
63295,63296,9,3,75,117,2016,2,12,5,3,9,7,0,1,0,1,0,0,0,0,7.39417E+20,5.43193E+21,1.22731E+16,4.89938E+16
63296,63297,9,2,62,0,2016,2,13,5,3,2,2,0,1,0,1,0,0,0,0,8.23014E+20,5.39192E+21,1.33815E+16,4.85969E+16
63297,63298,9,6,76,121,2016,2,17,6,3,5,3,1,0,0,1,0,0,0,0,5.17371E+20,5.51813E+21,9.24146E+15,4.98153E+16
63298,63299,9,5,73,134,2016,2,11,2,3,5,3,0,0,0,1,0,0,0,0,6.40751E+20,5.47757E+21,1.09413E+16,4.94345E+16
63299,63300,9,2,75,154,2016,2,16,6,3,9,1,0,0,0,1,0,0,0,0,8.09139E+20,5.39198E+21,1.31939E+16,4.86044E+16
63300,63301,9,7,79,228,2016,2,19,4,2,5,3,2,1,0,1,0,0,0,0,6.26624E+20,5.41498E+21,1.07269E+16,4.88749E+16
63301,63302,9,6,73,117,2016,2,1,1,3,7,1,2,2,0,1,0,0,0,0,5.67881E+20,5.58405E+21,9.95521E+15,5.04046E+16
63302,63303,9,1,75,121,2016,2,17,3,3,1,6,0,0,0,1,0,0,0,0,7.16617E+20,5.31877E+21,1.19032E+16,4.79855E+16
63303,63304,9,7,78,151,2016,2,7,2,3,8,1,0,2,0,1,0,0,0,0,5.9211E+20,5.32063E+21,1.02356E+16,4.80323E+16
63304,63305,9,5,76,148,2016,2,13,7,3,5,3,0,0,0,1,0,0,0,0,6.63841E+20,5.43908E+21,1.12438E+16,4.90827E+16
63305,63306,9,5,73,125,2016,2,17,4,3,5,3,1,1,0,1,0,0,0,0,6.38766E+20,5.47186E+21,1.0912E+16,4.93837E+16
63306,63307,9,1,83,128,2016,2,13,4,3,2,2,0,1,0,1,0,0,0,1,7.61689E+20,5.34953E+21,1.25251E+16,4.82449E+16
63307,63308,9,1,81,132,2016,2,17,6,3,2,6,2,0,0,1,0,0,0,0,6.4611E+20,5.32462E+21,1.09609E+16,4.80581E+16
63308,63309,9,1,87,165,2016,2,14,3,3,5,3,0,0,0,1,0,0,1,0,7.3327E+20,5.29778E+21,1.21147E+16,4.77911E+16
63309,63310,9,1,61,0,2016,2,17,5,3,2,6,2,1,0,1,0,0,0,0,6.7598E+20,5.40461E+21,1.13951E+16,4.87696E+16
63310,63311,9,2,76,135,2016,2,7,2,2,5,3,0,1,0,1,0,0,0,0,7.80438E+20,5.4444E+21,1.28413E+16,4.90885E+16
63311,63312,9,6,71,122,2016,2,4,3,3,4,2,2,0,0,1,0,0,0,0,5.06777E+20,5.53208E+21,9.09444E+15,4.9941E+16
63312,63313,9,3,72,116,2016,2,12,5,3,4,2,0,1,0,1,0,0,0,0,7.67177E+20,5.45761E+21,1.26689E+16,4.92129E+16
63313,63314,9,1,73,147,2016,2,13,5,3,5,3,0,1,0,0,0,0,1,1,6.80556E+20,5.30791E+21,1.14158E+16,4.78991E+16
63314,63315,9,3,75,170,2016,2,11,2,3,8,1,0,0,0,1,0,0,0,0,7.35614E+20,5.42603E+21,1.22178E+16,4.89423E+16
63315,63316,9,6,71,143,2016,2,20,3,3,5,3,2,1,0,1,0,0,0,0,5.10101E+20,5.54452E+21,9.1411E+15,5.00529E+16
63316,63317,9,5,62,0,2016,2,12,1,2,6,2,0,0,0,0,1,0,0,1,6.43553E+20,5.49304E+21,1.09856E+16,4.95729E+16
63317,63318,9,7,62,0,2016,2,10,2,3,5,3,0,0,1,1,0,0,0,0,6.20477E+20,5.3056E+21,1.06117E+16,4.78924E+16
63318,63319,9,1,62,0,2016,2,17,2,3,2,6,1,0,0,1,0,0,0,0,6.8049E+20,5.33506E+21,1.14264E+16,4.81432E+16
63319,63320,9,4,71,145,2016,2,8,7,2,0,1,0,1,1,0,0,0,0,0,6.43241E+20,5.51995E+21,1.09911E+16,4.98149E+16
63320,63321,9,4,62,0,2016,2,13,4,3,5,2,0,0,0,1,0,0,0,0,6.86395E+20,5.53386E+21,1.15971E+16,4.9928E+16
63321,63322,9,1,85,131,2016,2,14,4,3,0,3,0,1,0,1,0,0,0,0,6.65378E+20,5.37488E+21,1.1239E+16,4.85053E+16
63322,63323,9,1,75,137,2016,2,20,6,3,6,4,2,0,0,1,1,0,0,0,7.25703E+20,5.33038E+21,1.20309E+16,4.80867E+16
63323,63324,9,1,87,179,2016,2,14,3,3,2,6,0,0,0,1,0,0,0,0,7.21596E+20,5.31516E+21,1.1968E+16,4.79514E+16
63324,63325,9,2,79,135,2016,2,16,2,3,9,1,0,0,0,1,0,0,0,0,7.7539E+20,5.38616E+21,1.27333E+16,4.85679E+16
63325,63326,9,5,64,0,2016,2,12,3,3,2,6,0,0,0,1,0,0,0,0,6.48827E+20,5.47899E+21,1.10532E+16,4.94454E+16
63326,63327,9,1,86,122,2016,2,15,7,3,3,6,0,0,1,0,0,0,0,0,6.8848E+20,5.39739E+21,1.15617E+16,4.8701E+16
63327,63328,9,2,73,177,2016,2,16,1,3,9,7,0,0,0,1,0,0,0,0,7.07153E+20,5.40265E+21,1.18178E+16,4.87424E+16
63328,63329,9,1,75,115,2016,2,11,6,3,1,6,0,0,0,1,0,0,0,1,7.21025E+20,5.32932E+21,1.19676E+16,4.80788E+16
63329,63330,9,2,62,0,2016,2,11,7,3,1,6,0,1,0,1,0,0,0,0,8.21935E+20,5.39271E+21,1.33675E+16,4.86045E+16
63330,63331,9,5,72,132,2016,2,13,5,3,0,1,0,1,0,1,0,0,0,0,6.34103E+20,5.49121E+21,1.08543E+16,4.95586E+16
63331,63332,9,1,87,157,2016,2,10,7,3,2,6,0,0,0,1,0,0,0,0,7.37505E+20,5.28613E+21,1.21648E+16,4.76849E+16
63332,63333,9,3,75,119,2016,2,18,1,1,1,1,2,1,0,1,0,0,1,0,7.37324E+20,5.44433E+21,1.22518E+16,4.9106E+16
63333,63334,9,2,76,148,2016,2,19,7,3,5,3,2,1,0,1,0,0,0,0,8.10384E+20,5.4389E+21,1.32462E+16,4.90248E+16
63334,63335,9,6,73,171,2016,2,16,5,3,8,1,0,2,0,1,0,0,0,0,5.90711E+20,5.57237E+21,1.02736E+16,5.02965E+16
63335,63336,9,3,74,134,2016,2,9,4,3,2,6,0,0,0,1,0,0,0,0,7.17826E+20,5.51087E+21,1.20216E+16,4.97109E+16
63336,63337,9,1,62,0,2016,2,11,4,3,9,7,0,1,0,0,0,0,0,1,6.78531E+20,5.3365E+21,1.14007E+16,4.81567E+16
63337,63338,9,1,88,139,2016,2,8,3,3,0,1,0,0,1,0,0,0,0,0,6.74321E+20,5.31984E+21,1.13373E+16,4.8008E+16
63338,63339,9,7,75,134,2016,2,12,6,2,2,6,0,0,0,1,0,0,0,0,5.81803E+20,5.36517E+21,1.01059E+16,4.84344E+16
63339,63340,9,5,74,138,2016,2,8,6,3,4,2,0,0,0,1,0,0,0,0,6.65547E+20,5.48533E+21,1.12863E+16,4.9498E+16
63340,63341,9,1,62,0,2016,2,15,4,3,5,2,0,0,0,1,0,0,0,0,6.87373E+20,5.33507E+21,1.15188E+16,4.81413E+16
63341,63342,9,1,79,121,2016,2,10,2,3,3,3,0,0,0,1,0,0,1,0,6.64844E+20,5.33624E+21,1.12167E+16,4.8158E+16
63342,63343,9,1,73,112,2016,2,15,2,3,5,3,0,0,0,1,0,0,0,0,6.92297E+20,5.29196E+21,1.15657E+16,4.77523E+16
63343,63344,9,1,75,132,2016,2,12,7,3,3,3,0,0,0,1,0,0,0,0,7.07091E+20,5.33655E+21,1.17843E+16,4.81484E+16
63344,63345,9,1,84,135,2016,2,7,7,2,9,7,0,0,0,1,0,0,0,0,6.89684E+20,5.34782E+21,1.15556E+16,4.82552E+16
63345,63346,9,1,84,129,2016,2,10,1,3,2,6,0,0,0,1,0,0,0,0,6.99922E+20,5.32447E+21,1.16824E+16,4.80422E+16
63346,63347,9,7,75,152,2016,2,6,5,3,6,2,2,1,0,1,1,0,0,0,5.81446E+20,5.35206E+21,1.00986E+16,4.83165E+16
63347,63348,9,1,73,126,2016,2,14,7,3,2,2,0,0,0,1,0,0,0,0,6.84607E+20,5.30327E+21,1.1468E+16,4.78562E+16
63348,63349,9,5,64,0,2016,2,17,5,3,5,3,1,1,0,1,0,0,0,0,6.51201E+20,5.47339E+21,1.10838E+16,4.93944E+16
63349,63350,9,1,75,132,2016,2,9,3,3,2,6,0,0,0,1,0,0,0,0,7.08723E+20,5.3369E+21,1.18064E+16,4.81511E+16
63350,63351,9,3,63,0,2016,2,12,5,3,5,3,0,0,0,1,0,0,0,0,7.27108E+20,5.50696E+21,1.21478E+16,4.96723E+16
63351,63352,9,3,71,127,2016,2,13,5,3,0,1,0,0,0,1,0,0,0,0,7.10131E+20,5.48879E+21,1.19032E+16,4.95153E+16
63352,63353,9,6,79,202,2016,2,17,6,3,2,6,1,0,0,1,0,0,0,0,5.63246E+20,5.51948E+21,9.8793E+15,4.98244E+16
63353,63354,9,5,63,0,2016,2,16,2,3,5,3,0,1,0,1,0,1,0,0,6.43222E+20,5.48273E+21,1.09773E+16,4.94803E+16
63354,63355,9,3,71,154,2016,2,14,6,3,3,6,0,0,0,1,0,0,1,0,7.01619E+20,5.47635E+21,1.17794E+16,4.94064E+16
63355,63356,9,1,84,118,2016,2,18,3,3,2,6,2,0,0,1,0,0,0,0,7.04247E+20,5.33598E+21,1.17458E+16,4.81442E+16
63356,63357,9,4,72,175,2016,2,6,5,3,2,6,2,1,0,1,0,0,0,0,6.81363E+20,5.51123E+21,1.15165E+16,4.97262E+16
63357,63358,9,7,76,117,2016,2,12,6,3,2,6,0,1,0,1,0,0,0,0,5.65405E+20,5.27188E+21,9.87005E+15,4.7597E+16
63358,63359,9,6,73,114,2016,2,12,2,3,1,6,0,1,0,1,0,0,0,0,5.87359E+20,5.57641E+21,1.02275E+16,5.03333E+16
63359,63360,9,5,61,0,2016,2,15,6,3,0,1,0,0,1,0,0,0,0,0,6.13405E+20,5.46139E+21,1.05597E+16,4.92947E+16
63360,63361,9,1,62,0,2016,2,1,4,3,9,7,2,0,0,1,0,0,0,0,6.86548E+20,5.33519E+21,1.15078E+16,4.81426E+16
63361,63362,9,7,78,186,2016,2,16,1,2,5,3,1,0,0,1,0,0,0,0,5.99073E+20,5.31325E+21,1.03272E+16,4.79649E+16
63362,63363,9,1,72,114,2016,2,15,3,1,4,1,0,0,0,1,0,0,0,0,7.86553E+20,5.2919E+21,1.28208E+16,4.77168E+16
63363,63364,9,1,85,125,2016,2,20,2,3,5,3,2,1,0,1,0,0,0,0,6.5076E+20,5.39327E+21,1.10479E+16,4.86743E+16
63364,63365,9,1,84,145,2016,2,11,2,3,5,3,0,0,0,1,0,0,0,0,6.95188E+20,5.32442E+21,1.16189E+16,4.80432E+16
63365,63366,9,7,71,130,2016,2,14,7,3,5,3,0,0,0,1,0,0,0,0,6.46995E+20,5.35795E+21,1.09844E+16,4.83576E+16
63366,63367,9,2,74,135,2016,2,19,6,3,8,7,2,0,0,1,0,0,0,0,7.49851E+20,5.3772E+21,1.23823E+16,4.84982E+16
63367,63368,9,1,78,120,2016,2,13,3,3,7,7,0,0,0,1,0,0,0,0,6.94748E+20,5.35517E+21,1.16271E+16,4.83197E+16
63368,63369,9,7,80,132,2016,2,17,5,3,4,1,0,2,0,1,0,0,0,0,5.76135E+20,5.26672E+21,1.00119E+16,4.75495E+16
63369,63370,9,5,77,136,2016,2,7,5,3,8,1,0,1,0,1,0,0,0,0,6.24739E+20,5.44228E+21,1.07096E+16,4.91207E+16
63370,63371,9,1,62,0,2016,2,7,3,3,1,6,0,0,0,1,0,0,0,0,6.95276E+20,5.34417E+21,1.16291E+16,4.82206E+16
63371,63372,9,3,72,150,2016,2,18,5,3,5,3,2,2,0,1,0,0,0,1,7.51115E+20,5.43949E+21,1.24374E+16,4.90571E+16
63372,63373,9,2,77,116,2016,2,8,5,3,2,6,0,1,0,1,0,0,0,0,7.74905E+20,5.36723E+21,1.27143E+16,4.83982E+16
63373,63374,9,5,71,165,2016,2,7,2,3,2,6,0,0,0,1,0,0,0,0,6.33252E+20,5.46813E+21,1.08348E+16,4.93513E+16
63374,63375,9,5,64,0,2016,2,12,3,3,6,2,0,0,0,1,1,0,0,0,6.49279E+20,5.48288E+21,1.10609E+16,4.94802E+16
63375,63376,9,7,72,202,2016,2,7,4,3,6,4,2,1,0,1,1,0,0,0,6.36551E+20,5.35815E+21,1.08435E+16,4.83618E+16
63376,63377,9,6,72,131,2016,2,1,1,2,9,7,2,1,0,1,0,0,0,0,5.91098E+20,5.55979E+21,1.0276E+16,5.01833E+16
63377,63378,9,1,77,126,2016,2,18,3,1,0,7,2,0,0,1,0,0,0,0,7.1707E+20,5.36687E+21,1.19339E+16,4.84176E+16
63378,63379,9,7,74,150,2016,2,17,2,2,6,4,2,0,0,1,1,0,0,0,6.00935E+20,5.34465E+21,1.03596E+16,4.8247E+16
63379,63380,9,1,62,0,2016,2,13,2,3,5,3,0,0,0,1,0,0,0,1,6.93507E+20,5.33153E+21,1.15996E+16,4.81076E+16
63380,63381,9,4,72,175,2016,2,19,7,3,5,3,2,0,0,1,0,0,0,0,6.81047E+20,5.51215E+21,1.15126E+16,4.97346E+16
63381,63382,9,4,64,0,2016,2,19,4,2,6,4,2,1,0,1,1,0,0,0,7.07361E+20,5.57769E+21,1.19127E+16,5.03148E+16
63382,63383,9,1,87,182,2016,2,10,4,3,2,2,0,1,0,1,0,0,0,0,7.37649E+20,5.32767E+21,1.21896E+16,4.8058E+16
63383,63384,9,1,81,139,2016,2,7,6,3,4,2,1,1,0,1,0,0,0,0,6.55837E+20,5.32425E+21,1.10913E+16,4.80525E+16
63384,63385,9,7,77,170,2016,2,6,4,3,9,1,2,2,0,1,0,0,0,0,6.20316E+20,5.27908E+21,1.06022E+16,4.76539E+16
63385,63386,9,1,62,0,2016,2,9,3,3,2,6,0,0,0,1,0,0,0,0,6.81103E+20,5.34084E+21,1.14371E+16,4.81949E+16
63386,63387,9,5,63,0,2016,2,19,2,2,6,2,2,0,0,1,1,0,0,0,6.44093E+20,5.48412E+21,1.09898E+16,4.94926E+16
63387,63388,9,3,76,161,2016,2,13,2,3,9,1,0,1,0,1,0,0,0,0,7.29211E+20,5.46823E+21,1.21545E+16,4.93237E+16
63388,63389,9,6,79,205,2016,2,17,7,3,5,3,1,1,0,1,0,0,0,0,5.55998E+20,5.5139E+21,9.77774E+15,4.9775E+16
63389,63390,9,7,71,122,2016,2,20,1,3,9,7,2,1,0,1,0,0,0,0,6.54231E+20,5.36092E+21,1.10831E+16,4.83826E+16
63390,63391,9,5,72,158,2016,2,8,4,3,2,6,0,0,0,1,0,0,0,0,6.49507E+20,5.49581E+21,1.10689E+16,4.95964E+16
63391,63392,9,1,90,154,2016,2,0,4,3,8,1,2,1,0,1,0,0,0,0,6.36648E+20,5.28439E+21,1.08213E+16,4.76984E+16
63392,63393,9,7,79,149,2016,2,16,3,3,2,6,0,0,0,1,0,0,1,0,6.3891E+20,5.39553E+21,1.08878E+16,4.86973E+16
63393,63394,9,4,75,168,2016,2,18,4,3,8,1,2,2,0,1,0,0,0,0,7.07201E+20,5.56758E+21,1.19049E+16,5.0224E+16
63394,63395,9,1,74,131,2016,2,21,6,3,0,1,2,0,1,0,0,0,0,0,6.76346E+20,5.35858E+21,1.13805E+16,4.83558E+16
63395,63396,9,3,72,169,2016,2,9,7,2,8,1,0,1,0,1,0,0,0,0,7.44339E+20,5.44308E+21,1.2347E+16,4.9092E+16
63396,63397,9,6,78,192,2016,2,21,4,3,9,7,2,0,0,1,0,0,0,0,5.73978E+20,5.54622E+21,1.00336E+16,5.00637E+16
63397,63398,9,2,77,116,2016,2,13,5,3,5,3,0,0,0,1,0,0,0,0,7.75837E+20,5.3698E+21,1.27285E+16,4.84209E+16
63398,63399,9,5,63,0,2016,2,20,3,3,9,7,2,0,0,1,0,0,0,0,6.43508E+20,5.48908E+21,1.09835E+16,4.95373E+16
63399,63400,9,1,79,123,2016,2,6,4,3,6,7,2,1,0,1,1,0,0,0,6.77442E+20,5.33197E+21,1.13842E+16,4.81162E+16
63400,63401,9,1,82,137,2016,2,16,7,3,2,6,0,0,0,1,0,0,0,0,7.10354E+20,5.30518E+21,1.18127E+16,4.78654E+16
63401,63402,9,7,78,214,2016,2,12,2,3,8,1,0,0,0,1,0,0,0,0,5.95854E+20,5.31964E+21,1.02856E+16,4.80229E+16
63402,63403,9,1,72,112,2016,2,16,2,3,3,6,0,0,0,1,0,0,1,0,7.87705E+20,5.30202E+21,1.28428E+16,4.78071E+16
63403,63404,9,2,75,124,2016,2,16,3,2,5,3,0,0,0,1,0,0,0,0,8.07388E+20,5.37362E+21,1.31567E+16,4.84405E+16
63404,63405,9,3,76,153,2016,2,11,1,3,5,3,0,0,0,1,0,0,0,0,7.3041E+20,5.48725E+21,1.2182E+16,4.94941E+16
63405,63406,9,2,76,121,2016,2,21,4,3,9,1,2,2,0,1,0,0,0,0,8.12563E+20,5.43742E+21,1.32748E+16,4.90104E+16
63406,63407,9,1,61,0,2016,2,6,4,3,6,2,2,1,0,1,1,0,0,0,6.76923E+20,5.40646E+21,1.14087E+16,4.8786E+16
63407,63408,9,3,76,170,2016,2,11,4,2,0,1,0,0,0,1,0,0,0,0,7.26525E+20,5.45671E+21,1.21111E+16,4.92213E+16
63408,63409,9,1,81,127,2016,2,15,5,3,2,6,0,0,0,1,0,0,0,0,6.34526E+20,5.32272E+21,1.0805E+16,4.80436E+16
63409,63410,9,7,78,204,2016,2,18,6,2,4,6,2,0,0,1,0,0,0,0,6.16451E+20,5.32941E+21,1.05644E+16,4.81073E+16
63410,63411,9,2,77,111,2016,2,8,7,3,9,1,0,2,0,1,0,0,0,0,7.83877E+20,5.38396E+21,1.28466E+16,4.85444E+16
63411,63412,9,5,64,0,2016,2,18,6,3,2,6,1,0,0,1,0,0,0,0,6.51836E+20,5.48171E+21,1.10957E+16,4.9469E+16
63412,63413,9,2,71,119,2016,2,6,7,2,8,7,2,0,0,1,0,0,0,0,7.91095E+20,5.41792E+21,1.2968E+16,4.88459E+16
63413,63414,9,5,63,0,2016,2,15,4,3,2,6,0,0,0,1,0,0,0,0,6.44365E+20,5.48201E+21,1.09928E+16,4.94735E+16
63414,63415,9,1,87,177,2016,2,6,5,3,5,3,1,1,0,1,0,0,0,0,7.36732E+20,5.30345E+21,1.2164E+16,4.78407E+16
63415,63416,9,5,71,136,2016,2,23,3,3,8,7,2,2,1,0,0,0,0,0,5.9717E+20,5.43571E+21,1.03303E+16,4.90666E+16
63416,63417,9,1,79,123,2016,2,5,4,3,5,2,2,1,0,1,0,0,0,0,6.77442E+20,5.33197E+21,1.13842E+16,4.81162E+16
63417,63418,9,5,74,138,2016,2,15,5,3,2,6,0,0,0,1,0,1,0,0,6.64572E+20,5.48866E+21,1.12743E+16,4.95282E+16
63418,63419,9,1,87,130,2016,2,13,7,2,5,3,0,1,0,1,0,0,0,0,7.12363E+20,5.31016E+21,1.1842E+16,4.79096E+16
63419,63420,9,7,80,124,2016,2,17,2,3,1,1,0,2,0,1,0,0,0,0,5.93593E+20,5.26821E+21,1.02441E+16,4.75606E+16
63420,63421,9,1,71,119,2016,2,14,1,2,8,1,0,0,0,1,0,0,0,0,7.73481E+20,5.33679E+21,1.26754E+16,4.81255E+16
63421,63422,9,7,78,171,2016,2,10,5,3,8,1,0,1,0,1,0,0,0,0,5.91993E+20,5.31741E+21,1.02333E+16,4.80033E+16
63422,63423,9,2,72,151,2016,2,18,4,2,4,2,2,0,0,1,0,0,0,0,8.40982E+20,5.40731E+21,1.36371E+16,4.87254E+16
63423,63424,9,6,76,123,2016,2,17,5,3,6,4,1,0,0,1,1,0,0,0,5.19958E+20,5.52242E+21,9.27765E+15,4.98539E+16
63424,63425,9,1,62,0,2016,2,21,4,3,5,3,2,1,0,1,0,0,0,0,6.92257E+20,5.33117E+21,1.15826E+16,4.81048E+16
63425,63426,9,6,74,111,2016,2,22,6,2,9,1,2,0,0,1,0,0,0,0,6.05529E+20,5.55485E+21,1.04767E+16,5.01365E+16
63426,63427,9,1,71,117,2016,2,10,7,3,5,3,0,1,0,1,0,0,0,0,7.66532E+20,5.33708E+21,1.25824E+16,4.81311E+16
63427,63428,9,4,75,123,2016,2,16,6,2,4,6,0,0,0,1,0,0,0,0,7.06137E+20,5.58194E+21,1.18978E+16,5.03534E+16
63428,63429,9,1,79,145,2016,2,11,5,2,0,5,0,0,0,1,0,0,0,1,6.76237E+20,5.33943E+21,1.13711E+16,4.81837E+16
63429,63430,9,2,61,0,2016,2,7,3,3,4,2,0,0,0,1,0,0,0,0,7.31515E+20,5.38177E+21,1.2137E+16,4.85462E+16
63430,63431,9,6,72,112,2016,2,16,2,3,5,3,0,0,0,1,0,0,0,0,5.75952E+20,5.56729E+21,1.00654E+16,5.02529E+16
63431,63432,9,2,78,141,2016,2,21,3,2,2,6,2,1,0,1,0,0,0,1,7.57833E+20,5.42954E+21,1.25229E+16,4.89649E+16
63432,63433,9,3,76,141,2016,2,11,5,3,2,6,0,1,0,1,0,0,0,0,7.26979E+20,5.45421E+21,1.21159E+16,4.91986E+16
63433,63434,9,1,62,0,2016,2,12,6,3,4,2,0,0,1,1,0,0,0,0,6.87381E+20,5.33507E+21,1.15189E+16,4.81413E+16
63434,63435,9,1,84,147,2016,2,18,7,2,8,6,2,1,0,0,0,1,0,0,6.95949E+20,5.33959E+21,1.16361E+16,4.81793E+16
63435,63436,9,1,81,140,2016,2,11,2,3,2,2,0,0,0,1,0,0,1,0,6.43369E+20,5.32335E+21,1.09238E+16,4.80473E+16