FID,OBJECTID,ULAND,UREGBEZ,UKREIS,UGEMEINDE,UJAHR,UMONAT,USTUNDE,UWOCHENTAG,UKATEGORIE,UART,UTYP1,ULICHTVERH,IstStrasse,IstRad,IstPKW,IstFuss,IstKrad,IstGkfz,IstSonstig,LINREFX,LINREFY,XGCSWGS84,YGCSWGS84
63436,63437,9,6,75,127,2016,2,19,2,3,0,6,2,0,0,1,0,0,1,0,6.06543E+20,5.51407E+21,1.04796E+16,4.97697E+16
63437,63438,9,6,79,180,2016,2,11,3,3,8,1,0,1,0,1,0,0,0,0,5.69653E+20,5.52984E+21,9.97023E+15,4.99169E+16
63438,63439,9,4,72,199,2016,2,20,3,3,4,1,2,0,0,1,0,0,0,0,6.90421E+20,5.53266E+21,1.16526E+16,4.9916E+16
63439,63440,9,4,72,166,2016,2,5,5,2,5,3,2,1,0,0,0,1,0,1,6.79683E+20,5.53172E+21,1.15027E+16,4.99108E+16
63440,63441,9,1,62,0,2016,2,18,6,3,2,6,1,0,0,1,0,0,0,0,6.94538E+20,5.33482E+21,1.16149E+16,4.81369E+16
63441,63442,9,7,73,146,2016,2,6,2,3,9,1,2,1,0,1,0,0,0,0,6.14167E+20,5.39135E+21,1.05505E+16,4.86648E+16
63442,63443,9,1,88,145,2016,2,6,4,3,2,6,2,0,0,1,0,0,0,0,6.62274E+20,5.32793E+21,1.1179E+16,4.8084E+16
63443,63444,9,2,76,122,2016,2,7,6,3,9,6,0,1,0,1,0,0,0,0,7.88619E+20,5.43913E+21,1.29494E+16,4.90374E+16
63444,63445,9,1,61,0,2016,2,19,1,3,0,1,2,1,1,0,0,0,0,0,6.77616E+20,5.40222E+21,1.14163E+16,4.87477E+16
63445,63446,9,7,73,112,2016,2,19,5,3,6,7,2,0,0,1,1,0,0,0,5.96857E+20,5.38753E+21,1.03146E+16,4.86334E+16
63446,63447,9,1,82,114,2016,2,16,4,3,7,7,0,1,0,1,0,0,0,0,7.2134E+20,5.28945E+21,1.19514E+16,4.77205E+16
63447,63448,9,5,75,112,2016,2,12,5,3,8,1,0,1,0,1,0,0,0,0,6.03136E+20,5.48834E+21,1.04255E+16,4.95389E+16
63448,63449,9,7,79,203,2016,2,17,4,3,4,2,1,0,0,1,0,0,0,0,6.13565E+20,5.40932E+21,1.05473E+16,4.88265E+16
63449,63450,9,5,62,0,2016,2,17,6,3,5,3,2,0,1,1,0,0,0,0,6.44392E+20,5.49383E+21,1.09975E+16,4.95798E+16
63450,63451,9,1,78,155,2016,2,17,4,3,2,6,1,1,0,1,0,0,0,0,7.15799E+20,5.37598E+21,1.19214E+16,4.84998E+16
63451,63452,9,4,71,142,2016,2,7,6,3,8,1,0,1,0,1,0,0,0,0,6.57777E+20,5.52336E+21,1.11944E+16,4.98419E+16
63452,63453,9,7,63,0,2016,2,19,4,3,4,2,2,0,0,1,0,0,0,0,5.98412E+20,5.28787E+21,1.03126E+16,4.77367E+16
63453,63454,9,1,87,179,2016,2,16,3,3,4,1,0,1,0,1,0,0,0,0,7.24927E+20,5.31322E+21,1.20115E+16,4.79328E+16
63454,63455,9,5,76,143,2016,2,7,2,3,5,3,2,1,0,1,0,0,0,0,6.51852E+20,5.45516E+21,1.10858E+16,4.92304E+16
63455,63456,9,3,77,143,2016,2,14,2,3,2,2,0,0,0,1,0,0,0,0,7.12998E+20,5.5339E+21,1.19673E+16,4.99195E+16
63456,63457,9,7,77,165,2016,2,18,7,3,7,7,1,1,0,1,0,0,0,0,6.05836E+20,5.30499E+21,1.04158E+16,4.78895E+16
63457,63458,9,1,77,135,2016,2,8,2,3,4,6,0,1,0,1,0,0,0,0,7.18784E+20,5.34514E+21,1.19457E+16,4.82217E+16
63458,63459,9,5,72,135,2016,2,17,4,3,2,6,1,1,0,1,0,0,0,0,6.50789E+20,5.48709E+21,1.10833E+16,4.95177E+16
63459,63460,9,2,72,139,2016,2,21,4,3,8,6,2,2,0,0,0,0,1,0,8.44569E+20,5.42469E+21,1.37003E+16,4.88792E+16
63460,63461,9,6,79,138,2016,2,11,3,3,5,3,0,1,0,1,0,0,0,0,5.68645E+20,5.50227E+21,9.95133E+15,4.96691E+16
63461,63462,9,5,71,193,2016,2,15,4,3,3,6,0,0,1,0,0,0,0,0,5.85671E+20,5.47044E+21,1.01803E+16,4.93806E+16
63462,63463,9,1,74,135,2016,2,12,6,3,2,6,0,0,0,1,0,0,0,0,6.63581E+20,5.35296E+21,1.12062E+16,4.83087E+16
63463,63464,9,1,62,0,2016,2,7,4,3,2,6,1,0,0,1,0,0,0,0,6.85409E+20,5.33308E+21,1.14916E+16,4.8124E+16
63464,63465,9,3,75,180,2016,2,14,5,2,2,6,0,0,0,1,0,0,0,0,7.26385E+20,5.42604E+21,1.2092E+16,4.89458E+16
63465,63466,9,6,75,141,2016,2,15,4,3,6,4,0,0,0,1,1,0,0,0,5.83646E+20,5.51001E+21,1.01608E+16,4.97367E+16
63466,63467,9,2,62,0,2016,2,8,5,2,5,3,0,1,0,1,0,0,0,0,8.27618E+20,5.38981E+21,1.34421E+16,4.85756E+16
63467,63468,9,1,62,0,2016,2,7,6,3,9,7,0,0,0,1,0,0,0,0,6.85292E+20,5.3299E+21,1.14886E+16,4.80954E+16
63468,63469,9,6,73,114,2016,2,15,5,3,1,6,0,0,0,1,0,0,0,0,5.86645E+20,5.57493E+21,1.02171E+16,5.03201E+16
63469,63470,9,1,85,158,2016,2,9,4,2,4,6,0,1,0,1,0,1,0,0,6.67141E+20,5.38224E+21,1.12658E+16,4.8571E+16
63470,63471,9,4,72,190,2016,2,15,5,3,2,6,0,0,0,1,0,0,0,0,6.97311E+20,5.52919E+21,1.17467E+16,4.98826E+16
63471,63472,9,7,61,0,2016,2,17,4,3,5,3,1,0,0,1,0,0,0,0,6.4109E+20,5.35554E+21,1.09039E+16,4.83373E+16
63472,63473,9,3,61,0,2016,2,6,5,2,4,2,1,1,0,1,0,1,0,0,7.064E+20,5.48215E+21,1.18482E+16,4.94569E+16
63473,63474,9,5,64,0,2016,2,20,6,3,4,2,2,0,0,1,0,1,0,0,6.45817E+20,5.48113E+21,1.10125E+16,4.94653E+16
63474,63475,9,7,78,186,2016,2,16,3,2,0,7,0,0,1,0,0,0,0,0,5.96531E+20,5.3098E+21,1.02924E+16,4.79343E+16
63475,63476,9,3,75,180,2016,2,8,6,3,4,2,0,0,0,1,0,0,0,0,7.24305E+20,5.42958E+21,1.20656E+16,4.89783E+16
63476,63477,9,7,71,122,2016,2,16,4,3,3,6,0,0,0,1,0,0,0,0,6.49666E+20,5.36251E+21,1.1022E+16,4.8398E+16
63477,63478,9,1,78,145,2016,2,5,3,3,9,6,2,0,0,1,0,0,1,0,6.93991E+20,5.35554E+21,1.16171E+16,4.83232E+16
63478,63479,9,5,64,0,2016,2,10,2,3,3,2,0,0,1,1,0,0,0,0,6.52408E+20,5.48233E+21,1.11038E+16,4.94744E+16
63479,63480,9,3,76,161,2016,2,11,2,3,5,3,0,1,0,1,0,0,0,1,7.25714E+20,5.46775E+21,1.21062E+16,4.93207E+16
63480,63481,9,5,64,0,2016,2,21,7,3,5,3,2,1,0,1,0,0,0,1,6.47374E+20,5.47621E+21,1.10321E+16,4.94207E+16
63481,63482,9,6,78,153,2016,2,18,1,3,8,1,2,0,1,0,0,0,0,0,5.97607E+20,5.52567E+21,1.03585E+16,4.98755E+16
63482,63483,9,5,71,188,2016,2,22,4,3,2,6,2,1,0,1,0,0,1,0,5.88408E+20,5.48166E+21,1.02205E+16,4.94812E+16
63483,63484,9,1,89,149,2016,2,12,4,3,2,6,0,1,0,1,0,0,0,0,7.65986E+20,5.32881E+21,1.25699E+16,4.8057E+16
63484,63485,9,6,71,148,2016,2,20,3,2,8,1,2,0,0,1,0,0,0,0,5.26966E+20,5.53814E+21,9.37623E+15,4.9995E+16
63485,63486,9,4,73,174,2016,2,14,4,3,1,6,0,0,0,1,0,0,0,0,6.52948E+20,5.56461E+21,1.11438E+16,5.02139E+16
63486,63487,9,1,78,145,2016,2,18,6,3,6,7,1,0,1,0,1,0,0,0,6.96836E+20,5.35458E+21,1.1655E+16,4.83138E+16
63487,63488,9,3,73,147,2016,2,22,7,3,5,3,2,1,0,1,0,0,0,0,6.80181E+20,5.46312E+21,1.14782E+16,4.92943E+16
63488,63489,9,5,74,112,2016,2,11,4,3,3,6,0,0,0,1,0,0,0,1,6.71262E+20,5.47209E+21,1.13595E+16,4.93774E+16
63489,63490,9,2,79,130,2016,2,21,5,3,0,7,2,0,1,0,0,0,0,0,7.49326E+20,5.39064E+21,1.23833E+16,4.86191E+16
63490,63491,9,5,73,120,2016,2,11,3,2,1,1,0,0,0,1,0,0,0,0,6.2997E+20,5.48385E+21,1.07948E+16,4.94934E+16
63491,63492,9,1,74,115,2016,2,22,4,3,2,6,2,1,0,1,0,0,0,0,6.80941E+20,5.34861E+21,1.14382E+16,4.82648E+16
63492,63493,9,1,84,114,2016,2,13,7,3,2,6,0,0,0,1,0,0,0,1,6.98565E+20,5.32182E+21,1.1663E+16,4.80188E+16
63493,63494,9,7,75,162,2016,2,18,2,3,7,1,2,0,0,1,0,0,0,0,5.80955E+20,5.34835E+21,1.00912E+16,4.82832E+16
63494,63495,9,1,72,117,2016,2,7,2,3,0,1,0,1,1,0,0,0,0,0,7.96978E+20,5.28592E+21,1.29554E+16,4.76584E+16
63495,63496,9,2,72,141,2016,2,4,3,2,8,1,2,1,0,1,0,0,0,0,8.31209E+20,5.4118E+21,1.35082E+16,4.87709E+16
63496,63497,9,5,72,159,2016,2,18,3,3,8,1,2,0,0,1,0,0,0,0,6.16628E+20,5.50661E+21,1.06174E+16,4.97007E+16
63497,63498,9,1,84,135,2016,2,17,4,3,2,6,1,0,0,1,0,0,0,0,6.88008E+20,5.34726E+21,1.15327E+16,4.82507E+16
63498,63499,9,1,62,0,2016,2,7,2,3,9,7,0,0,0,1,0,0,0,0,6.87614E+20,5.3333E+21,1.15213E+16,4.81253E+16
63499,63500,9,4,62,0,2016,2,15,2,2,1,6,0,0,0,1,0,0,0,0,6.8718E+20,5.53781E+21,1.161E+16,4.99632E+16
63500,63501,9,2,73,111,2016,2,13,2,3,9,1,0,1,0,1,0,0,0,0,7.10281E+20,5.41259E+21,1.18654E+16,4.88306E+16
63501,63502,9,2,73,444,2016,2,15,3,2,3,6,0,0,0,1,0,0,0,0,6.96918E+20,5.40258E+21,1.16787E+16,4.87451E+16
63502,63503,9,4,75,158,2016,2,11,7,3,8,1,0,0,0,1,0,0,0,0,7.09729E+20,5.57232E+21,1.19429E+16,5.02657E+16
63503,63504,9,4,71,140,2016,2,4,1,3,9,7,2,1,0,1,0,0,0,0,6.33344E+20,5.53112E+21,1.08575E+16,4.99176E+16
63504,63505,9,4,76,146,2016,2,22,4,3,8,1,2,1,0,1,0,0,0,0,6.63633E+20,5.56304E+21,1.12927E+16,5.01969E+16
63505,63506,9,1,87,128,2016,2,0,4,3,5,3,2,1,0,1,0,0,0,0,7.46941E+20,5.31074E+21,1.23044E+16,4.79024E+16
63506,63507,9,6,71,111,2016,2,19,3,3,0,1,2,1,0,0,0,0,0,1,5.02303E+20,5.54958E+21,9.0322E+15,5.00984E+16
63507,63508,9,3,75,205,2016,2,15,4,2,9,6,0,0,0,1,0,0,0,0,7.32217E+20,5.42174E+21,1.21691E+16,4.8905E+16
63508,63509,9,1,86,143,2016,2,16,5,3,5,3,0,0,0,1,0,0,0,0,6.84674E+20,5.3773E+21,1.15011E+16,4.85216E+16
63509,63510,9,2,62,0,2016,2,23,7,2,5,2,2,1,0,1,0,0,0,0,8.23522E+20,5.38833E+21,1.33856E+16,4.85644E+16
63510,63511,9,5,64,0,2016,2,17,4,3,5,2,1,0,0,1,0,0,0,0,6.52389E+20,5.48118E+21,1.11031E+16,4.94641E+16
63511,63512,9,1,87,122,2016,2,10,5,3,5,3,0,0,0,1,0,0,0,1,7.17704E+20,5.30693E+21,1.19118E+16,4.78787E+16
63512,63513,9,4,75,154,2016,2,14,3,2,4,6,0,0,0,1,0,0,1,0,6.97183E+20,5.56621E+21,1.17639E+16,5.02152E+16
63513,63514,9,1,62,0,2016,2,9,4,3,2,6,0,1,0,1,0,0,0,0,6.94354E+20,5.34109E+21,1.16153E+16,4.81933E+16
63514,63515,9,5,77,177,2016,2,15,5,3,6,4,0,0,0,1,1,0,0,0,6.4383E+20,5.43253E+21,1.09676E+16,4.90289E+16
63515,63516,9,1,86,152,2016,2,9,7,3,2,6,0,0,0,1,0,0,0,0,6.91445E+20,5.38011E+21,1.1594E+16,4.85449E+16
63516,63517,9,7,80,143,2016,2,10,2,2,9,1,0,0,0,1,0,0,0,0,5.95886E+20,5.27468E+21,1.0276E+16,4.76184E+16
63517,63518,9,1,81,128,2016,2,16,4,3,2,6,0,0,0,1,0,0,0,0,6.38537E+20,5.32711E+21,1.08602E+16,4.80822E+16
63518,63519,9,1,71,117,2016,2,22,1,3,0,1,2,1,1,0,0,0,0,0,7.66024E+20,5.33623E+21,1.2575E+16,4.81237E+16
63519,63520,9,7,76,128,2016,2,13,5,3,2,2,0,0,0,1,0,0,0,0,5.4939E+20,5.26849E+21,9.65664E+15,4.7568E+16
63520,63521,9,1,90,157,2016,2,15,4,3,3,6,0,0,1,1,0,0,0,0,6.60304E+20,5.30093E+21,1.11425E+16,4.78417E+16
63521,63522,9,5,72,131,2016,2,19,5,3,3,6,2,0,0,1,0,0,0,0,6.53934E+20,5.48555E+21,1.11262E+16,4.95031E+16
63522,63523,9,7,74,115,2016,2,18,4,2,6,7,2,0,0,1,1,0,0,0,6.10867E+20,5.34421E+21,1.04932E+16,4.82414E+16
63523,63524,9,6,62,0,2016,2,19,6,3,4,6,2,0,0,1,0,0,0,0,5.87841E+20,5.5447E+21,1.02269E+16,5.00481E+16
63524,63525,9,1,74,115,2016,2,7,4,3,5,3,0,0,0,1,0,0,0,0,6.83263E+20,5.34844E+21,1.14694E+16,4.82627E+16
63525,63526,9,2,73,172,2016,2,12,1,2,5,3,0,0,0,1,0,0,0,0,7.11468E+20,5.40153E+21,1.18759E+16,4.87309E+16
63526,63527,9,1,78,124,2016,2,14,6,3,2,6,0,0,0,1,0,0,0,0,7.0275E+20,5.36222E+21,1.17383E+16,4.83806E+16
63527,63528,9,2,75,128,2016,2,5,4,2,6,4,2,1,0,1,1,0,0,0,8.31807E+20,5.40294E+21,1.35092E+16,4.86911E+16
63528,63529,9,1,86,151,2016,2,17,4,3,2,6,2,1,0,1,0,0,0,0,6.78653E+20,5.37638E+21,1.14192E+16,4.85151E+16
63529,63530,9,2,71,119,2016,2,9,4,3,3,6,0,0,0,1,0,0,1,0,7.88473E+20,5.4151E+21,1.29304E+16,4.88218E+16
63530,63531,9,1,81,130,2016,2,11,5,3,9,1,0,0,0,1,0,0,0,0,6.40599E+20,5.32354E+21,1.08867E+16,4.80496E+16
63531,63532,9,6,79,143,2016,2,7,6,3,8,1,2,2,0,1,0,0,0,0,5.71592E+20,5.53063E+21,9.99739E+15,4.99238E+16
63532,63533,9,1,83,129,2016,2,22,7,3,4,6,2,1,0,1,0,0,0,0,7.61461E+20,5.36399E+21,1.2531E+16,4.83749E+16
63533,63534,9,5,71,171,2016,2,5,6,3,8,1,2,1,0,1,0,0,0,0,6.12644E+20,5.46994E+21,1.05517E+16,4.93718E+16
63534,63535,9,1,76,161,2016,2,9,5,2,3,1,0,1,0,1,0,0,0,0,6.80895E+20,5.41681E+21,1.14673E+16,4.88778E+16
63535,63536,9,6,63,0,2016,2,18,2,3,5,6,2,0,0,1,0,0,0,1,5.6864E+20,5.51682E+21,9.95381E+15,4.97999E+16
63536,63537,9,3,63,0,2016,2,15,3,3,2,6,0,0,0,1,0,0,0,0,7.25491E+20,5.50829E+21,1.21262E+16,4.96849E+16
63537,63538,9,3,74,121,2016,2,7,5,3,4,6,0,1,0,1,0,0,0,0,7.35338E+20,5.51103E+21,1.22642E+16,4.97057E+16
63538,63539,9,1,62,0,2016,2,13,6,3,2,6,0,0,0,1,0,0,0,0,6.8617E+20,5.33522E+21,1.15027E+16,4.8143E+16
63539,63540,9,1,84,148,2016,2,7,2,3,3,7,0,0,0,1,0,0,0,0,6.93456E+20,5.32707E+21,1.15969E+16,4.80676E+16
63540,63541,9,7,71,130,2016,2,12,2,3,5,3,0,0,0,1,0,0,0,1,6.44849E+20,5.35769E+21,1.09553E+16,4.83557E+16
63541,63542,9,2,74,128,2016,2,17,6,3,2,6,0,0,0,1,0,0,0,0,7.39749E+20,5.38912E+21,1.22527E+16,4.86092E+16
63542,63543,9,1,79,123,2016,2,2,1,2,5,3,2,1,0,1,0,0,0,0,6.75954E+20,5.33356E+21,1.13648E+16,4.81309E+16
63543,63544,9,6,79,156,2016,2,16,5,3,5,3,0,0,0,1,0,0,0,0,5.74096E+20,5.52263E+21,1.00307E+16,4.98515E+16
63544,63545,9,1,86,162,2016,2,2,4,3,3,7,2,1,0,1,0,0,1,0,6.90022E+20,5.38454E+21,1.15767E+16,4.85851E+16
63545,63546,9,4,75,112,2016,2,9,5,3,9,1,0,2,0,1,0,0,0,0,6.88645E+20,5.58175E+21,1.16521E+16,5.03575E+16
63546,63547,9,7,79,228,2016,2,17,4,3,2,6,0,0,0,1,0,0,0,0,6.26495E+20,5.41244E+21,1.07244E+16,4.88521E+16
63547,63548,9,5,74,128,2016,2,18,6,3,7,7,2,0,0,1,0,0,0,0,6.82431E+20,5.48327E+21,1.15183E+16,4.94746E+16
63548,63549,9,1,62,0,2016,2,7,3,3,4,3,1,0,0,1,0,1,0,0,6.85946E+20,5.34078E+21,1.15022E+16,4.8193E+16
63549,63550,9,3,63,0,2016,2,20,6,3,4,2,0,0,0,1,0,0,0,0,7.2783E+20,5.50758E+21,1.21582E+16,4.96776E+16
63550,63551,9,7,80,137,2016,2,17,4,2,4,1,2,2,0,1,0,0,0,0,5.98658E+20,5.27064E+21,1.0312E+16,4.75817E+16
63551,63552,9,1,85,150,2016,2,12,3,1,4,6,0,0,0,1,0,0,0,0,6.56194E+20,5.39822E+21,1.11235E+16,4.87175E+16
63552,63553,9,5,74,132,2016,2,21,2,3,5,3,2,0,0,1,0,0,0,0,6.73999E+20,5.48697E+21,1.14037E+16,4.95104E+16
63553,63554,9,3,72,158,2016,2,8,2,2,4,6,0,0,0,1,0,0,1,0,7.61611E+20,5.45079E+21,1.25881E+16,4.91541E+16
63554,63555,9,7,72,125,2016,2,19,7,2,6,4,2,1,0,1,1,0,0,0,6.35926E+20,5.34781E+21,1.08317E+16,4.82689E+16
63555,63556,9,4,72,175,2016,2,20,6,3,3,6,2,0,0,1,0,0,1,0,6.79536E+20,5.51872E+21,1.14946E+16,4.97941E+16
63556,63557,9,1,84,119,2016,2,16,5,3,2,6,0,0,0,1,0,0,0,1,6.96089E+20,5.34695E+21,1.16414E+16,4.82454E+16
63557,63558,9,1,72,134,2016,2,7,3,3,5,3,0,1,0,1,0,0,0,0,7.85067E+20,5.30644E+21,1.28106E+16,4.7848E+16
63558,63559,9,6,71,122,2016,2,18,2,3,5,3,2,0,0,1,0,1,0,0,5.05871E+20,5.53063E+21,9.0818E+15,4.9928E+16
63559,63560,9,2,63,0,2016,2,17,3,3,5,3,0,0,1,1,0,0,0,0,7.62006E+20,5.41946E+21,1.25733E+16,4.88727E+16
63560,63561,9,2,74,113,2016,2,18,5,2,5,3,2,0,0,1,0,0,0,0,7.26627E+20,5.38508E+21,1.20727E+16,4.85778E+16
63561,63562,9,7,78,173,2016,2,14,6,2,0,7,0,0,1,0,0,0,0,0,6.12272E+20,5.32238E+21,1.05064E+16,4.80449E+16
63562,63563,9,7,78,219,2016,2,21,7,3,2,7,2,1,0,1,0,0,0,1,5.89609E+20,5.31035E+21,1.01999E+16,4.79402E+16
63563,63564,9,1,81,120,2016,2,18,2,2,4,1,2,0,0,1,0,0,0,0,6.49322E+20,5.32192E+21,1.10031E+16,4.80331E+16
63564,63565,9,5,63,0,2016,2,16,3,3,1,6,0,1,0,1,0,0,0,0,6.45153E+20,5.48316E+21,1.10041E+16,4.94837E+16
63565,63566,9,5,73,134,2016,2,15,4,3,5,3,0,0,0,1,0,0,0,0,6.37529E+20,5.47656E+21,1.08966E+16,4.94261E+16
63566,63567,9,1,83,124,2016,2,10,6,3,1,6,0,0,0,1,0,0,0,0,7.56909E+20,5.34195E+21,1.24562E+16,4.81788E+16
63567,63568,9,6,72,134,2016,2,6,5,1,6,6,2,1,0,1,1,0,0,0,5.54167E+20,5.58506E+21,9.7624E+15,5.04151E+16
63568,63569,9,1,61,0,2016,2,17,4,3,2,6,1,1,0,1,0,0,0,0,6.7628E+20,5.40451E+21,1.13991E+16,4.87686E+16
63569,63570,9,4,71,185,2016,2,15,5,3,4,6,0,1,0,1,0,0,0,0,6.45147E+20,5.5357E+21,1.10235E+16,4.9956E+16
63570,63571,9,7,61,0,2016,2,11,4,3,6,4,0,1,0,1,1,0,0,0,6.41528E+20,5.35349E+21,1.09091E+16,4.83187E+16
63571,63572,9,2,78,177,2016,2,18,5,3,5,3,2,1,0,1,0,0,1,0,7.55504E+20,5.42266E+21,1.24868E+16,4.89041E+16
63572,63573,9,5,64,0,2016,2,16,6,2,5,2,0,0,1,1,0,0,0,0,6.52393E+20,5.48232E+21,1.11036E+16,4.94744E+16
63573,63574,9,7,79,115,2016,2,19,3,3,3,7,2,1,0,1,0,0,1,0,6.34422E+20,5.39297E+21,1.0826E+16,4.86753E+16
63574,63575,9,1,62,0,2016,2,15,3,3,3,6,0,0,0,1,0,0,1,0,6.9456E+20,5.3347E+21,1.16152E+16,4.81358E+16
63575,63576,9,7,71,113,2016,2,8,4,3,8,1,0,0,0,1,0,0,0,0,6.61324E+20,5.36528E+21,1.11805E+16,4.842E+16
63576,63577,9,1,77,130,2016,2,18,3,3,5,3,2,0,0,1,0,0,1,0,7.12226E+20,5.35192E+21,1.18609E+16,4.82848E+16
63577,63578,9,5,61,0,2016,2,10,2,3,9,1,0,0,0,0,0,1,0,0,6.14693E+20,5.46233E+21,1.05777E+16,4.93029E+16
63578,63579,9,2,74,182,2016,2,7,2,3,1,6,0,0,0,1,0,0,0,0,7.28645E+20,5.37793E+21,1.20961E+16,4.85128E+16
63579,63580,9,2,61,0,2016,2,18,3,3,3,6,1,0,0,1,0,0,0,0,7.32549E+20,5.38283E+21,1.21516E+16,4.85554E+16
63580,63581,9,5,73,133,2016,2,17,7,3,4,2,2,1,0,1,0,0,0,0,6.24811E+20,5.48246E+21,1.07231E+16,4.9482E+16
63581,63582,9,5,64,0,2016,2,14,1,3,8,1,0,1,0,1,0,0,0,0,6.53617E+20,5.47331E+21,1.1117E+16,4.93931E+16
63582,63583,9,5,75,153,2016,2,18,4,2,6,2,2,1,0,1,1,0,0,0,6.16013E+20,5.49298E+21,1.06048E+16,4.95783E+16
63583,63584,9,1,89,152,2016,2,6,4,3,2,6,2,1,0,1,0,0,0,0,7.80797E+20,5.32989E+21,1.2769E+16,4.80604E+16
63584,63585,9,5,76,151,2016,2,16,3,3,8,6,0,0,0,1,0,0,0,0,6.53837E+20,5.47012E+21,1.11188E+16,4.93644E+16
63585,63586,9,4,73,153,2016,2,8,4,3,1,6,0,0,0,1,0,0,0,0,6.42159E+20,5.56544E+21,1.09929E+16,5.0224E+16
63586,63587,9,1,83,128,2016,2,9,5,2,2,6,0,0,0,1,0,0,1,0,7.62115E+20,5.35312E+21,1.2533E+16,4.82769E+16
63587,63588,9,3,71,146,2016,2,17,7,2,4,6,1,1,0,1,0,0,0,0,7.13961E+20,5.46772E+21,1.19446E+16,4.93247E+16
63588,63589,9,5,74,138,2016,2,12,4,3,2,6,0,0,0,1,0,0,0,0,6.674E+20,5.48743E+21,1.13128E+16,4.95163E+16
63589,63590,9,7,78,158,2016,2,8,1,2,8,1,0,1,0,1,0,0,0,0,6.08247E+20,5.33647E+21,1.0456E+16,4.81723E+16
63590,63591,9,5,76,122,2016,2,5,4,3,8,6,2,1,0,1,0,0,1,0,6.7308E+20,5.43289E+21,1.13676E+16,4.90246E+16
63591,63592,9,2,74,127,2016,2,10,4,3,2,6,0,1,0,1,0,0,1,0,7.35774E+20,5.39816E+21,1.2204E+16,4.86919E+16
63592,63593,9,5,72,137,2016,2,19,3,2,1,1,2,0,0,1,0,0,0,0,6.53591E+20,5.49136E+21,1.11237E+16,4.95554E+16
63593,63594,9,4,79,161,2016,2,18,4,3,8,1,2,2,0,1,0,0,0,0,7.09165E+20,5.54303E+21,1.1919E+16,5.00029E+16
63594,63595,9,1,88,124,2016,2,15,6,3,5,2,0,0,1,1,0,0,0,0,6.62233E+20,5.31853E+21,1.11749E+16,4.79994E+16
63595,63596,9,3,72,143,2016,2,7,5,3,2,6,0,1,0,1,0,0,0,0,7.74233E+20,5.45193E+21,1.27617E+16,4.91588E+16
63596,63597,9,4,61,0,2016,2,6,7,3,5,3,1,0,0,1,0,0,0,0,6.38325E+20,5.52813E+21,1.09258E+16,4.98896E+16
63597,63598,9,6,72,117,2016,2,6,4,3,5,3,2,1,0,1,0,0,0,0,5.69938E+20,5.56686E+21,9.98097E+15,5.02498E+16
63598,63599,9,2,77,133,2016,2,7,5,2,5,3,0,1,0,1,0,1,0,0,7.69015E+20,5.36675E+21,1.26345E+16,4.83964E+16
63599,63600,9,5,74,154,2016,2,7,3,3,5,2,1,0,1,1,0,0,0,0,6.62258E+20,5.48469E+21,1.12407E+16,4.94931E+16
63600,63601,9,1,62,0,2016,2,9,3,3,5,3,0,1,0,1,0,0,1,0,6.82792E+20,5.34047E+21,1.14596E+16,4.81911E+16
63601,63602,9,1,62,0,2016,2,10,2,3,2,6,0,0,0,1,0,0,1,0,6.92252E+20,5.33118E+21,1.15826E+16,4.81048E+16
63602,63603,9,1,80,117,2016,2,9,2,3,2,6,0,1,0,1,0,0,0,0,6.46161E+20,5.26006E+21,1.09399E+16,4.74776E+16
63603,63604,9,2,79,112,2016,2,9,3,2,5,3,0,0,1,0,0,0,1,0,7.5312E+20,5.39377E+21,1.24366E+16,4.86457E+16
63604,63605,9,4,73,170,2016,2,18,7,3,0,3,2,1,0,0,0,1,0,0,6.40866E+20,5.56209E+21,1.09736E+16,5.01943E+16
63605,63606,9,3,76,147,2016,2,8,1,3,3,2,0,1,0,1,0,0,0,0,7.37207E+20,5.47022E+21,1.22655E+16,4.93385E+16
63606,63607,9,2,79,137,2016,2,7,4,3,3,6,0,1,0,1,0,0,0,1,7.76161E+20,5.40654E+21,1.27573E+16,4.87506E+16
63607,63608,9,1,87,179,2016,2,14,4,3,9,1,0,0,0,1,0,0,0,0,7.23389E+20,5.31051E+21,1.19896E+16,4.7909E+16
63608,63609,9,3,71,151,2016,2,18,4,3,5,3,2,1,0,1,0,0,0,0,6.951E+20,5.48909E+21,1.16959E+16,4.9523E+16
63609,63610,9,1,81,127,2016,2,15,5,3,0,7,0,0,0,1,0,0,0,0,6.31519E+20,5.32209E+21,1.07644E+16,4.80386E+16
63610,63611,9,2,72,147,2016,2,16,7,3,1,1,0,1,0,1,0,0,0,0,8.19739E+20,5.41741E+21,1.3357E+16,4.88273E+16
63611,63612,9,5,64,0,2016,2,18,6,3,5,3,2,0,1,1,0,0,0,0,6.4719E+20,5.48693E+21,1.10336E+16,4.95171E+16
63612,63613,9,4,77,128,2016,2,14,3,3,2,6,0,0,0,1,0,1,0,0,6.75818E+20,5.55343E+21,1.14589E+16,5.0107E+16
63613,63614,9,5,71,193,2016,2,8,5,3,2,6,0,0,0,1,0,0,0,0,5.84908E+20,5.47096E+21,1.01699E+16,4.93854E+16
63614,63615,9,1,85,149,2016,2,12,7,3,2,6,0,0,0,1,0,0,0,0,6.65427E+20,5.39827E+21,1.1249E+16,4.87155E+16
63615,63616,9,7,79,228,2016,2,19,2,3,9,1,2,0,0,1,0,0,0,0,6.26563E+20,5.41344E+21,1.07256E+16,4.8861E+16