FID,OBJECTID,ULAND,UREGBEZ,UKREIS,UGEMEINDE,UJAHR,UMONAT,USTUNDE,UWOCHENTAG,UKATEGORIE,UART,UTYP1,ULICHTVERH,IstStrasse,IstRad,IstPKW,IstFuss,IstKrad,IstGkfz,IstSonstig,LINREFX,LINREFY,XGCSWGS84,YGCSWGS84
63616,63617,9,1,87,164,2016,2,15,5,3,5,3,0,0,0,1,0,0,0,0,7.33879E+20,5.32299E+21,1.21365E+16,4.80174E+16
63617,63618,9,5,71,208,2016,2,8,3,2,4,6,0,0,0,1,0,0,1,0,6.18837E+20,5.4386E+21,1.06277E+16,4.90887E+16
63618,63619,9,1,62,0,2016,2,17,3,3,3,6,2,0,0,1,0,0,1,0,6.92033E+20,5.33151E+21,1.15798E+16,4.81079E+16
63619,63620,9,1,82,120,2016,2,15,7,3,6,7,0,0,0,1,1,0,0,0,7.01822E+20,5.30647E+21,1.16994E+16,4.78799E+16
63620,63621,9,7,74,121,2016,2,10,2,3,5,3,0,0,0,1,0,0,0,0,5.99384E+20,5.36549E+21,1.03437E+16,4.84347E+16
63621,63622,9,1,83,119,2016,2,10,1,3,4,1,0,0,0,1,0,0,0,0,7.37098E+20,5.33634E+21,1.2187E+16,4.81361E+16
63622,63623,9,1,62,0,2016,2,6,5,3,0,1,2,0,0,0,0,1,0,0,6.90059E+20,5.33931E+21,1.15568E+16,4.81786E+16
63623,63624,9,2,75,154,2016,2,20,4,3,8,7,2,0,0,1,0,0,0,0,8.14949E+20,5.39218E+21,1.32726E+16,4.86033E+16
63624,63625,9,1,74,143,2016,2,17,5,3,2,6,1,0,0,1,0,0,0,0,6.74661E+20,5.35268E+21,1.13553E+16,4.83032E+16
63625,63626,9,6,73,142,2016,2,5,6,3,9,1,2,1,0,1,0,0,0,0,5.99276E+20,5.58609E+21,1.03974E+16,5.04185E+16
63626,63627,9,1,72,115,2016,2,9,7,3,5,3,0,0,0,1,0,0,0,0,7.93198E+20,5.29235E+21,1.29095E+16,4.77179E+16
63627,63628,9,4,75,182,2016,2,15,6,3,2,6,0,0,0,1,0,0,1,0,7.11473E+20,5.58605E+21,1.19751E+16,5.03884E+16
63628,63629,9,1,86,137,2016,2,8,5,3,5,2,0,1,0,1,0,0,0,1,6.82993E+20,5.39817E+21,1.14875E+16,4.87097E+16
63629,63630,9,2,73,177,2016,2,8,3,3,8,7,0,0,0,0,0,0,1,0,7.08686E+20,5.40103E+21,1.18378E+16,4.87273E+16
63630,63631,9,6,78,115,2016,2,20,2,3,2,6,2,0,0,1,0,0,0,0,5.83268E+20,5.54127E+21,1.01623E+16,5.00179E+16
63631,63632,9,3,76,147,2016,2,11,3,3,8,6,0,0,0,1,0,0,0,0,7.46001E+20,5.47056E+21,1.23866E+16,4.93381E+16
63632,63633,9,3,73,151,2016,2,16,5,1,6,4,0,0,0,1,1,0,0,0,6.97522E+20,5.44842E+21,1.17092E+16,4.91568E+16
63633,63634,9,1,62,0,2016,2,13,6,3,6,7,0,0,0,0,1,0,1,0,6.82689E+20,5.33599E+21,1.14563E+16,4.81509E+16
63634,63635,9,1,76,111,2016,2,18,2,2,5,7,1,1,1,1,0,0,0,0,6.63599E+20,5.4104E+21,1.1229E+16,4.8825E+16
63635,63636,9,7,61,0,2016,2,11,2,3,5,3,0,0,1,1,0,0,0,0,6.42853E+20,5.36004E+21,1.09292E+16,4.83773E+16
63636,63637,9,5,76,127,2016,2,13,3,3,5,2,0,1,0,1,0,1,0,0,6.59553E+20,5.45045E+21,1.11896E+16,4.9186E+16
63637,63638,9,2,79,122,2016,2,9,6,2,8,7,0,0,0,1,0,0,0,0,7.73431E+20,5.39276E+21,1.27111E+16,4.86281E+16
63638,63639,9,1,62,0,2016,2,19,7,3,5,2,2,1,0,1,1,0,0,0,6.92033E+20,5.34129E+21,1.15842E+16,4.81958E+16
63639,63640,9,6,78,193,2016,2,15,5,3,2,6,0,0,0,1,0,0,0,0,5.80195E+20,5.53951E+21,1.01191E+16,5.00025E+16
63640,63641,9,1,61,0,2016,2,6,4,3,5,3,2,0,0,1,0,0,0,0,6.80021E+20,5.4067E+21,1.14509E+16,4.87872E+16
63641,63642,9,4,77,119,2016,2,7,5,3,2,6,1,1,0,1,0,0,0,0,6.85882E+20,5.54483E+21,1.15953E+16,5.00267E+16
63642,63643,9,7,61,0,2016,2,15,4,3,3,6,0,0,0,1,0,0,1,0,6.42526E+20,5.36355E+21,1.0926E+16,4.8409E+16
63643,63644,9,3,61,0,2016,2,13,6,3,2,6,0,0,0,1,0,0,0,0,7.0818E+20,5.47974E+21,1.18715E+16,4.94347E+16
63644,63645,9,1,86,162,2016,2,13,1,2,8,1,0,0,0,1,0,0,0,0,6.90927E+20,5.38413E+21,1.15888E+16,4.85811E+16
63645,63646,9,7,73,136,2016,2,14,5,2,9,1,0,0,0,1,0,0,0,0,5.99605E+20,5.37545E+21,1.0349E+16,4.85243E+16
63646,63647,9,1,89,159,2016,2,17,4,3,2,6,2,1,0,1,0,0,0,0,7.61629E+20,5.30216E+21,1.24953E+16,4.78196E+16
63647,63648,9,5,71,145,2016,2,9,5,3,9,1,0,2,0,1,0,0,0,0,5.90889E+20,5.44663E+21,1.02468E+16,4.91658E+16
63648,63649,9,7,76,117,2016,2,6,4,3,2,6,2,1,0,1,0,0,0,0,5.66847E+20,5.27273E+21,9.88935E+15,4.76045E+16
63649,63650,9,6,61,0,2016,2,18,6,3,6,4,2,0,0,1,1,0,0,0,5.12073E+20,5.53496E+21,9.16834E+15,4.99668E+16
63650,63651,9,1,78,123,2016,2,13,4,3,5,6,0,0,1,1,0,0,0,0,6.89945E+20,5.35837E+21,1.15638E+16,4.835E+16
63651,63652,9,4,74,126,2016,2,18,6,3,2,6,2,0,0,1,0,0,0,0,6.48251E+20,5.511E+21,1.10573E+16,4.97332E+16
63652,63653,9,7,75,115,2016,2,16,4,3,5,3,0,0,1,1,0,0,0,0,5.8114E+20,5.34542E+21,1.00932E+16,4.82568E+16
63653,63654,9,1,82,133,2016,2,12,3,3,6,7,0,1,0,1,1,0,0,0,7.05848E+20,5.31114E+21,1.17554E+16,4.79205E+16
63654,63655,9,5,72,130,2016,2,8,2,3,1,6,0,0,0,1,0,0,0,0,6.39862E+20,5.50519E+21,1.09389E+16,4.9683E+16
63655,63656,9,2,72,116,2016,2,6,3,3,5,2,1,1,0,1,0,0,0,0,8.13797E+20,5.42451E+21,1.32817E+16,4.88939E+16
63656,63657,9,4,71,214,2016,2,11,2,1,4,6,0,1,0,1,0,0,1,0,6.40357E+20,5.53941E+21,1.09581E+16,4.99905E+16
63657,63658,9,1,90,136,2016,2,0,5,2,8,1,2,1,0,0,0,0,0,1,6.68583E+20,5.28791E+21,1.1248E+16,4.77225E+16
63658,63659,9,7,74,135,2016,2,18,7,3,6,2,2,1,0,1,1,0,0,0,5.94012E+20,5.36769E+21,1.02715E+16,4.84553E+16
63659,63660,9,1,78,124,2016,2,16,2,3,2,6,0,0,0,1,0,0,0,0,7.02499E+20,5.36227E+21,1.17349E+16,4.83811E+16
63660,63661,9,6,73,142,2016,2,11,4,3,8,1,0,1,0,1,0,0,0,0,5.94504E+20,5.59272E+21,1.0332E+16,5.04789E+16
63661,63662,9,2,62,0,2016,2,7,4,3,5,2,0,1,0,1,0,0,0,0,8.29801E+20,5.39001E+21,1.34718E+16,4.85762E+16
63662,63663,9,5,75,161,2016,2,12,3,3,5,2,0,1,0,1,0,0,0,0,6.05331E+20,5.50229E+21,1.04596E+16,4.96639E+16
63663,63664,9,5,71,199,2016,2,22,4,3,2,6,2,0,0,1,0,0,0,0,5.90264E+20,5.44859E+21,1.02387E+16,4.91835E+16
63664,63665,9,1,76,120,2016,2,13,6,3,2,6,0,0,0,1,0,0,0,1,6.80945E+20,5.41922E+21,1.1469E+16,4.88995E+16
63665,63666,9,6,77,182,2016,2,20,5,3,2,6,2,0,0,1,0,0,0,0,5.36139E+20,5.52186E+21,9.50268E+15,4.98481E+16
63666,63667,9,1,81,130,2016,2,15,4,2,8,7,0,1,0,1,0,0,0,0,6.37645E+20,5.32449E+21,1.08474E+16,4.80589E+16
63667,63668,9,3,77,139,2016,2,10,5,3,4,1,0,1,0,0,0,0,1,0,7.49464E+20,5.5296E+21,1.24716E+16,4.98668E+16
63668,63669,9,6,79,124,2016,2,14,4,2,4,6,0,0,0,1,0,0,0,0,5.73218E+20,5.50739E+21,1.00156E+16,4.97146E+16
63669,63670,9,2,78,139,2016,2,18,5,3,4,2,2,1,0,1,0,0,0,0,7.73414E+20,5.42553E+21,1.27327E+16,4.89223E+16
63670,63671,9,6,76,144,2016,2,11,3,3,9,1,0,0,0,1,0,0,0,0,5.08252E+20,5.52921E+21,9.11494E+15,4.99152E+16
63671,63672,9,1,62,0,2016,2,0,3,3,6,2,2,1,0,1,1,0,0,0,6.92192E+20,5.34293E+21,1.15871E+16,4.82105E+16
63672,63673,9,6,75,141,2016,2,15,4,3,5,3,0,1,0,1,0,0,0,1,5.84382E+20,5.50981E+21,1.0171E+16,4.97349E+16
63673,63674,9,1,62,0,2016,2,6,2,3,5,2,1,1,0,1,0,0,1,0,6.93506E+20,5.33153E+21,1.15996E+16,4.81076E+16
63674,63675,9,4,72,118,2016,2,5,2,3,1,6,2,0,0,1,0,0,0,0,6.75688E+20,5.50188E+21,1.14336E+16,4.96439E+16
63675,63676,9,3,76,149,2016,2,17,5,3,1,7,0,0,0,1,0,0,0,0,7.35091E+20,5.45507E+21,1.22275E+16,4.92033E+16
63676,63677,9,5,64,0,2016,2,17,6,3,6,2,2,0,0,1,1,0,0,0,6.49201E+20,5.47872E+21,1.10582E+16,4.94428E+16
63677,63678,9,7,75,139,2016,2,6,3,3,8,1,2,1,0,1,0,0,1,1,5.82615E+20,5.36822E+21,1.01175E+16,4.84617E+16
63678,63679,9,3,75,180,2016,2,13,6,3,3,6,0,0,0,1,0,0,0,0,7.22832E+20,5.43206E+21,1.20468E+16,4.90011E+16
63679,63680,9,7,73,125,2016,2,13,4,2,8,1,0,0,0,1,0,0,0,0,6.11326E+20,5.3825E+21,1.05096E+16,4.85856E+16
63680,63681,9,1,81,130,2016,2,15,3,2,6,4,0,1,0,1,1,0,0,0,6.39588E+20,5.32321E+21,1.0873E+16,4.80469E+16
63681,63682,9,5,64,0,2016,2,11,2,3,2,6,0,0,0,1,0,0,0,1,6.51299E+20,5.47727E+21,1.10866E+16,4.94293E+16
63682,63683,9,3,71,144,2016,2,9,2,3,8,7,0,1,0,0,0,0,1,0,7.01107E+20,5.48303E+21,1.17757E+16,4.94666E+16
63683,63684,9,5,64,0,2016,2,2,7,3,4,6,2,0,0,1,0,0,0,0,6.53037E+20,5.48297E+21,1.11128E+16,4.948E+16
63684,63685,9,7,61,0,2016,2,16,1,3,5,2,0,1,0,1,0,0,0,0,6.41392E+20,5.35523E+21,1.09079E+16,4.83344E+16
63685,63686,9,5,64,0,2016,2,6,4,3,2,6,2,1,0,1,0,0,0,0,6.52003E+20,5.48148E+21,1.10979E+16,4.94669E+16
63686,63687,9,1,83,148,2016,2,6,4,3,6,7,2,1,1,0,1,0,0,0,7.51302E+20,5.34367E+21,1.23819E+16,4.81965E+16
63687,63688,9,5,71,122,2016,2,18,3,3,5,3,2,0,0,1,0,0,0,0,6.23035E+20,5.46851E+21,1.06943E+16,4.93568E+16
63688,63689,9,4,78,139,2016,2,14,4,3,3,6,0,0,0,1,0,0,1,0,6.43795E+20,5.55842E+21,1.10132E+16,5.01605E+16
63689,63690,9,1,78,145,2016,2,19,6,3,4,2,2,0,0,1,0,0,0,0,6.99728E+20,5.35643E+21,1.16948E+16,4.83295E+16
63690,63691,9,3,73,119,2016,2,23,7,1,8,1,2,1,0,1,0,0,0,0,6.84926E+20,5.45743E+21,1.15407E+16,4.92417E+16
63691,63692,9,6,76,145,2016,2,16,4,3,1,6,0,0,0,1,0,0,0,0,5.10627E+20,5.52058E+21,9.14779E+15,4.98376E+16
63692,63693,9,2,74,119,2016,2,8,5,3,9,1,0,1,0,1,0,0,0,0,7.41106E+20,5.39956E+21,1.22771E+16,4.87025E+16
63693,63694,9,5,63,0,2016,2,16,3,3,0,7,0,0,0,0,0,1,0,0,6.44525E+20,5.47807E+21,1.09935E+16,4.94381E+16
63694,63695,9,1,62,0,2016,2,20,3,3,6,4,2,1,0,1,1,0,0,0,6.82922E+20,5.33549E+21,1.14592E+16,4.81464E+16
63695,63696,9,1,62,0,2016,2,18,7,3,2,6,2,1,0,1,0,0,0,0,6.94649E+20,5.33173E+21,1.1615E+16,4.81091E+16
63696,63697,9,7,75,135,2016,2,7,2,3,6,2,1,1,0,1,1,0,0,0,5.74683E+20,5.35802E+21,1.00084E+16,4.83709E+16
63697,63698,9,1,83,128,2016,2,9,2,3,8,7,0,0,0,1,0,0,0,0,7.60543E+20,5.35014E+21,1.251E+16,4.82509E+16
63698,63699,9,1,73,147,2016,2,18,3,3,5,3,2,0,0,1,0,0,0,0,6.81405E+20,5.30952E+21,1.14279E+16,4.79133E+16
63699,63700,9,2,71,146,2016,2,9,1,3,5,2,0,0,1,1,0,0,0,0,7.83811E+20,5.41047E+21,1.28638E+16,4.87824E+16
63700,63701,9,2,77,138,2016,2,20,4,3,6,4,2,0,0,1,1,0,0,0,7.91036E+20,5.37269E+21,1.29355E+16,4.844E+16
63701,63702,9,1,76,161,2016,2,21,4,3,8,1,2,1,0,1,0,0,0,0,6.80883E+20,5.41685E+21,1.14671E+16,4.88782E+16
63702,63703,9,3,61,0,2016,2,18,4,3,5,3,2,1,0,1,0,0,0,0,7.0611E+20,5.48095E+21,1.18436E+16,4.94463E+16
63703,63704,9,1,62,0,2016,2,13,5,3,3,6,0,0,0,1,0,0,1,0,6.83362E+20,5.34256E+21,1.14682E+16,4.82098E+16
63704,63705,9,2,73,116,2016,2,10,2,3,4,6,0,1,0,1,0,0,0,0,7.20407E+20,5.42324E+21,1.20089E+16,4.89228E+16
63705,63706,9,1,80,118,2016,2,17,3,3,4,2,1,0,1,1,0,0,0,0,6.52438E+20,5.26024E+21,1.10232E+16,4.74777E+16
63706,63707,9,4,79,169,2016,2,13,7,3,4,6,0,1,0,1,0,0,0,0,7.15794E+20,5.54549E+21,1.20127E+16,5.00226E+16
63707,63708,9,4,77,127,2016,2,16,1,3,2,6,0,0,0,1,0,0,0,1,6.79649E+20,5.55288E+21,1.15121E+16,5.0101E+16
63708,63709,9,4,79,136,2016,2,6,4,3,5,3,2,1,0,1,0,0,0,0,7.24461E+20,5.5452E+21,1.21334E+16,5.00167E+16
63709,63710,9,1,72,114,2016,2,13,4,3,4,1,0,2,0,1,0,0,0,0,7.85735E+20,5.29066E+21,1.28091E+16,4.77061E+16
63710,63711,9,4,64,0,2016,2,12,3,3,5,3,0,1,0,1,0,0,0,0,7.01375E+20,5.57587E+21,1.18277E+16,5.03006E+16
63711,63712,9,3,77,148,2016,2,17,4,3,9,1,2,1,0,1,0,0,0,0,7.133E+20,5.53173E+21,1.19703E+16,4.98999E+16
63712,63713,9,1,89,162,2016,2,17,5,3,2,6,0,0,0,1,0,0,0,0,7.74813E+20,5.31775E+21,1.2681E+16,4.7954E+16
63713,63714,9,2,77,145,2016,2,11,7,3,1,6,0,0,0,1,0,0,0,0,7.99307E+20,5.35327E+21,1.30332E+16,4.82618E+16
63714,63715,9,5,63,0,2016,2,9,4,3,2,6,0,0,0,1,0,0,0,0,6.44297E+20,5.48218E+21,1.09919E+16,4.94751E+16
63715,63716,9,1,87,132,2016,2,19,5,2,5,3,2,0,0,1,0,1,0,0,7.46469E+20,5.29986E+21,1.22919E+16,4.78048E+16
63716,63717,9,5,75,143,2016,2,12,3,3,2,2,0,0,0,1,0,0,0,0,5.99202E+20,5.47693E+21,1.03683E+16,4.94369E+16
63717,63718,9,1,84,144,2016,2,12,3,3,2,6,0,0,0,1,0,0,0,0,6.87568E+20,5.31925E+21,1.15145E+16,4.7999E+16
63718,63719,9,5,64,0,2016,2,14,5,3,5,3,0,0,1,1,0,0,0,0,6.48087E+20,5.48034E+21,1.10435E+16,4.94577E+16
63719,63720,9,1,76,131,2016,2,12,7,3,8,7,0,0,0,1,0,0,0,0,6.8124E+20,5.41227E+21,1.14699E+16,4.88369E+16
63720,63721,9,7,80,124,2016,2,17,2,3,9,1,0,2,0,1,0,0,0,0,5.93673E+20,5.26815E+21,1.02452E+16,4.756E+16
63721,63722,9,1,72,114,2016,2,19,1,3,2,6,2,1,0,1,0,0,0,0,7.9025E+20,5.29266E+21,1.28705E+16,4.7722E+16
63722,63723,9,7,78,173,2016,2,7,5,2,8,1,0,2,0,1,0,0,0,0,6.10746E+20,5.32572E+21,1.04868E+16,4.80751E+16
63723,63724,9,2,74,165,2016,2,12,4,3,8,1,0,1,0,1,0,0,0,0,7.17801E+20,5.38539E+21,1.19534E+16,4.85837E+16
63724,63725,9,6,71,140,2016,2,23,5,3,9,1,2,1,0,1,0,0,0,0,5.06228E+20,5.53726E+21,9.08687E+15,4.99876E+16
63725,63726,9,1,84,135,2016,2,14,4,3,5,2,0,1,1,1,0,0,0,0,6.89799E+20,5.34905E+21,1.15576E+16,4.82662E+16
63726,63727,9,6,74,130,2016,2,9,6,3,9,1,0,0,0,1,0,0,0,0,6.32212E+20,5.55015E+21,1.08483E+16,5.00889E+16
63727,63728,9,1,88,139,2016,2,7,4,2,2,6,0,1,0,1,0,0,0,1,6.70998E+20,5.3188E+21,1.12924E+16,4.79997E+16
63728,63729,9,4,63,0,2016,2,8,6,3,2,6,0,1,0,1,0,0,0,0,6.39357E+20,5.57034E+21,1.09555E+16,5.02687E+16
63729,63730,9,1,74,115,2016,2,16,5,3,2,6,0,0,0,1,0,0,0,0,6.83274E+20,5.34848E+21,1.14696E+16,4.8263E+16
63730,63731,9,1,89,152,2016,2,18,3,3,2,6,2,0,0,1,0,0,0,0,7.80844E+20,5.32975E+21,1.27695E+16,4.80592E+16
63731,63732,9,6,78,174,2016,2,18,2,3,0,6,2,0,0,1,0,0,0,0,5.92798E+20,5.54538E+21,1.02963E+16,5.00535E+16
63732,63733,9,2,76,148,2016,2,14,3,3,8,7,0,0,0,1,0,0,0,0,8.09464E+20,5.43689E+21,1.32321E+16,4.90072E+16
63733,63734,9,7,80,134,2016,2,9,6,3,2,6,0,0,0,1,0,0,0,0,5.95418E+20,5.26045E+21,1.02667E+16,4.74905E+16
63734,63735,9,1,80,126,2016,2,9,7,2,8,1,0,0,0,1,0,0,0,0,6.60928E+20,5.27E+21,1.11394E+16,4.75635E+16
63735,63736,9,5,61,0,2016,2,15,6,3,2,6,0,0,0,1,0,0,0,0,6.14782E+20,5.45999E+21,1.05783E+16,4.92819E+16
63736,63737,9,4,71,119,2016,2,12,3,3,2,6,0,0,0,1,0,0,1,0,6.36279E+20,5.53904E+21,1.09011E+16,4.99881E+16
63737,63738,9,1,84,127,2016,2,22,3,3,7,7,2,1,0,1,0,0,0,0,7.06102E+20,5.32154E+21,1.17638E+16,4.80139E+16
63738,63739,9,4,62,0,2016,2,15,5,3,5,3,0,0,0,1,0,1,0,0,6.84403E+20,5.53547E+21,1.15702E+16,4.99431E+16
63739,63740,9,1,84,121,2016,2,17,6,3,2,6,0,0,0,1,0,0,0,0,7.03182E+20,5.33056E+21,1.1729E+16,4.80959E+16
63740,63741,9,1,71,131,2016,2,12,2,3,0,3,0,0,0,1,0,0,0,0,7.68088E+20,5.34783E+21,1.261E+16,4.82269E+16
63741,63742,9,7,72,147,2016,2,9,2,3,3,6,0,0,0,1,0,0,1,0,6.38491E+20,5.36406E+21,1.08716E+16,4.84144E+16
63742,63743,9,2,62,0,2016,2,11,6,3,5,3,0,0,0,1,0,0,0,0,8.26164E+20,5.38912E+21,1.34219E+16,4.85701E+16
63743,63744,9,1,88,141,2016,2,19,1,2,8,1,2,1,0,1,0,0,0,0,6.67036E+20,5.30662E+21,1.12346E+16,4.78912E+16
63744,63745,9,7,61,0,2016,2,15,5,3,2,6,0,0,0,1,0,0,0,0,6.42978E+20,5.36045E+21,1.0931E+16,4.8381E+16
63745,63746,9,1,76,161,2016,2,16,4,3,9,1,0,1,0,1,0,0,0,0,6.80841E+20,5.41699E+21,1.14666E+16,4.88795E+16
63746,63747,9,4,79,169,2016,2,16,5,3,9,1,0,1,0,1,0,0,0,0,7.18357E+20,5.5492E+21,1.20506E+16,5.0055E+16
63747,63748,9,7,79,194,2016,2,18,4,2,5,3,2,1,0,1,0,0,0,0,6.12896E+20,5.41434E+21,1.05396E+16,4.88718E+16
63748,63749,9,5,74,141,2016,2,16,6,2,5,3,0,0,0,1,0,0,0,0,6.69633E+20,5.49034E+21,1.13449E+16,4.95419E+16
63749,63750,9,1,77,126,2016,2,15,4,3,5,3,0,1,0,1,0,0,0,0,7.20907E+20,5.36949E+21,1.1987E+16,4.84397E+16
63750,63751,9,4,61,0,2016,2,9,6,2,3,2,0,1,1,1,0,0,0,0,6.37144E+20,5.53045E+21,1.09101E+16,4.99107E+16
63751,63752,9,7,77,154,2016,2,9,4,3,1,6,0,1,0,1,0,0,0,0,6.05456E+20,5.30218E+21,1.041E+16,4.78643E+16
63752,63753,9,1,86,137,2016,2,8,3,3,2,2,0,0,0,1,0,0,0,0,6.82727E+20,5.3982E+21,1.1484E+16,4.87101E+16
63753,63754,9,5,74,128,2016,2,17,2,3,2,6,2,0,0,1,0,0,0,1,6.78284E+20,5.48596E+21,1.14624E+16,4.95001E+16
63754,63755,9,3,75,120,2016,2,23,2,3,0,7,2,0,0,1,0,0,0,0,7.45143E+20,5.44126E+21,1.23569E+16,4.90753E+16
63755,63756,9,7,72,147,2016,2,18,7,3,9,7,2,1,0,1,0,0,0,0,6.34108E+20,5.3645E+21,1.08126E+16,4.84194E+16
63756,63757,9,1,84,137,2016,2,0,1,2,0,1,2,1,0,1,0,0,0,0,7.05805E+20,5.3132E+21,1.17558E+16,4.79391E+16
63757,63758,9,5,64,0,2016,2,7,4,3,2,6,0,1,0,1,0,0,0,0,6.53505E+20,5.47321E+21,1.11154E+16,4.93922E+16
63758,63759,9,2,77,111,2016,2,5,4,3,5,3,2,1,0,1,0,0,0,0,7.81722E+20,5.38577E+21,1.28186E+16,4.85617E+16
63759,63760,9,4,74,126,2016,2,5,3,3,2,3,2,0,0,1,0,0,0,0,6.47993E+20,5.51144E+21,1.10539E+16,4.97372E+16
63760,63761,9,4,79,152,2016,2,9,4,3,5,3,0,1,0,1,0,0,0,0,7.24158E+20,5.56145E+21,1.21387E+16,5.01628E+16
63761,63762,9,1,88,139,2016,2,12,6,3,6,4,0,0,0,1,1,0,0,0,6.75558E+20,5.31904E+21,1.13536E+16,4.80006E+16
63762,63763,9,2,74,184,2016,2,6,5,2,5,3,2,1,1,1,0,0,0,0,7.46485E+20,5.3691E+21,1.23321E+16,4.84268E+16
63763,63764,9,1,62,0,2016,2,10,6,2,6,4,0,0,0,1,1,0,0,0,6.94444E+20,5.33187E+21,1.16123E+16,4.81104E+16
63764,63765,9,1,62,0,2016,2,18,7,3,0,3,2,0,1,1,0,0,0,0,6.84288E+20,5.33541E+21,1.14775E+16,4.81452E+16
63765,63766,9,1,88,120,2016,2,17,2,2,6,2,2,0,0,1,1,0,0,0,6.77354E+20,5.32645E+21,1.13807E+16,4.80667E+16
63766,63767,9,4,71,220,2016,2,11,2,3,2,6,0,0,0,1,0,0,0,0,6.19077E+20,5.51099E+21,1.06527E+16,4.97396E+16
63767,63768,9,3,75,180,2016,2,21,3,2,6,7,2,1,0,1,1,0,0,1,7.264E+20,5.42745E+21,1.2093E+16,4.89585E+16
63768,63769,9,1,90,130,2016,2,11,6,3,2,6,0,0,0,1,0,0,0,0,6.50533E+20,5.29518E+21,1.101E+16,4.77924E+16
63769,63770,9,6,72,113,2016,2,12,5,3,0,6,0,1,0,1,0,0,0,0,5.60167E+20,5.5734E+21,9.84498E+15,5.03096E+16
63770,63771,9,1,85,131,2016,2,23,4,2,8,1,2,1,0,1,0,0,0,0,6.6659E+20,5.37171E+21,1.12542E+16,4.84765E+16
63771,63772,9,4,74,126,2016,2,19,5,3,1,6,2,0,0,1,0,0,0,0,6.48969E+20,5.50726E+21,1.10658E+16,4.96994E+16
63772,63773,9,7,71,130,2016,2,14,4,3,1,6,0,1,0,1,0,0,0,0,6.45369E+20,5.35812E+21,1.09625E+16,4.83595E+16
63773,63774,9,2,78,190,2016,2,19,5,3,2,6,2,1,0,1,0,0,0,0,7.65104E+20,5.42828E+21,1.26212E+16,4.89505E+16
63774,63775,9,5,64,0,2016,2,13,6,3,2,6,0,0,0,1,0,0,0,1,6.47562E+20,5.47286E+21,1.10335E+16,4.93905E+16
63775,63776,9,7,77,145,2016,2,21,3,3,8,1,2,1,0,1,0,0,0,0,6.2936E+20,5.32695E+21,1.0737E+16,4.80827E+16
63776,63777,9,3,75,180,2016,2,15,6,3,2,6,0,0,0,1,0,0,0,1,7.24458E+20,5.43096E+21,1.20684E+16,4.89907E+16
63777,63778,9,7,61,0,2016,2,14,4,3,6,4,0,0,0,1,1,0,0,0,6.42657E+20,5.35894E+21,1.09262E+16,4.83675E+16
63778,63779,9,1,75,133,2016,2,13,3,3,8,6,0,1,0,0,0,0,1,1,7.09762E+20,5.34239E+21,1.1823E+16,4.82001E+16
63779,63780,9,5,71,169,2016,2,6,2,3,5,3,2,1,0,1,0,0,0,1,5.82868E+20,5.46449E+21,1.01405E+16,4.93275E+16
63780,63781,9,2,71,119,2016,2,8,2,3,5,3,0,0,0,1,0,0,0,0,7.91222E+20,5.41782E+21,1.29697E+16,4.88449E+16
63781,63782,9,5,64,0,2016,2,13,7,3,4,2,0,0,0,1,0,0,0,0,6.47037E+20,5.47619E+21,1.10275E+16,4.94206E+16
63782,63783,9,5,72,132,2016,2,6,1,3,9,7,2,1,0,1,0,0,0,0,6.343E+20,5.49135E+21,1.08571E+16,4.95598E+16
63783,63784,9,5,75,167,2016,2,14,4,2,9,1,0,1,0,1,0,0,0,0,6.19671E+20,5.5027E+21,1.06584E+16,4.96649E+16
63784,63785,9,1,89,155,2016,2,11,4,3,2,6,0,1,0,1,0,0,0,0,7.72059E+20,5.30802E+21,1.26381E+16,4.78678E+16
63785,63786,9,2,63,0,2016,2,17,3,2,5,3,2,0,0,1,0,1,0,0,7.64594E+20,5.42088E+21,1.26095E+16,4.88843E+16
63786,63787,9,4,78,116,2016,2,6,4,2,5,3,2,1,0,1,0,0,0,0,6.60815E+20,5.558E+21,1.12511E+16,5.01524E+16
63787,63788,9,3,76,147,2016,2,19,7,3,5,3,2,1,0,1,0,0,0,0,7.46354E+20,5.4711E+21,1.23918E+16,4.93428E+16
63788,63789,9,5,62,0,2016,2,8,4,3,0,3,0,0,1,0,0,0,0,1,6.44904E+20,5.49542E+21,1.10051E+16,4.95939E+16
63789,63790,9,1,73,112,2016,2,12,5,3,2,6,0,0,0,1,0,0,0,0,6.92072E+20,5.29351E+21,1.15634E+16,4.77663E+16
63790,63791,9,5,73,122,2016,2,7,3,3,1,6,0,0,0,1,0,0,1,0,6.43557E+20,5.47788E+21,1.09801E+16,4.94367E+16
63791,63792,9,7,78,218,2016,2,18,3,3,0,7,2,0,1,0,0,0,0,0,5.94668E+20,5.30514E+21,1.02665E+16,4.78926E+16
63792,63793,9,3,72,112,2016,2,8,5,2,5,3,0,1,0,1,0,0,0,0,7.77994E+20,5.46542E+21,1.28225E+16,4.92783E+16
63793,63794,9,4,71,145,2016,2,10,7,3,2,6,0,0,0,1,0,0,0,0,6.43856E+20,5.52063E+21,1.09999E+16,4.98209E+16
63794,63795,9,6,78,135,2016,2,9,4,2,8,1,0,0,0,1,0,0,0,0,5.9269E+20,5.5398E+21,1.02935E+16,5.00033E+16
63795,63796,9,2,77,116,2016,2,8,5,3,5,3,0,1,0,1,0,0,0,0,7.76165E+20,5.3696E+21,1.27328E+16,4.84189E+16