FID,OBJECTID,ULAND,UREGBEZ,UKREIS,UGEMEINDE,UJAHR,UMONAT,USTUNDE,UWOCHENTAG,UKATEGORIE,UART,UTYP1,ULICHTVERH,IstStrasse,IstRad,IstPKW,IstFuss,IstKrad,IstGkfz,IstSonstig,LINREFX,LINREFY,XGCSWGS84,YGCSWGS84
63796,63797,9,5,74,138,2016,2,17,3,3,5,3,1,0,1,1,0,0,0,0,6.65035E+20,5.48757E+21,1.12802E+16,4.95183E+16
63797,63798,9,7,76,111,2016,2,19,3,3,3,6,2,1,0,1,0,0,0,1,5.49683E+20,5.27032E+21,9.66075E+15,4.75844E+16
63798,63799,9,1,62,0,2016,2,18,2,3,6,7,2,0,0,1,1,0,0,0,6.7893E+20,5.33876E+21,1.1407E+16,4.81768E+16
63799,63800,9,1,90,157,2016,2,11,2,3,5,3,0,1,0,1,0,0,0,0,6.60534E+20,5.30088E+21,1.11455E+16,4.78412E+16
63800,63801,9,1,83,123,2016,2,19,3,3,5,3,2,0,0,1,0,0,0,0,7.37445E+20,5.33986E+21,1.21936E+16,4.81676E+16
63801,63802,9,4,73,159,2016,2,20,7,3,5,3,2,1,0,1,0,0,0,0,6.4461E+20,5.57274E+21,1.10301E+16,5.02891E+16
63802,63803,9,4,74,132,2016,2,20,1,3,9,1,2,1,0,1,0,0,0,0,6.63567E+20,5.50207E+21,1.1266E+16,4.9649E+16
63803,63804,9,3,74,132,2016,2,3,4,3,8,1,2,2,0,0,0,0,0,1,7.36732E+20,5.49685E+21,1.22749E+16,4.95778E+16
63804,63805,9,1,82,129,2016,2,9,4,3,2,6,0,2,0,1,0,0,0,0,7.07897E+20,5.28593E+21,1.17707E+16,4.76933E+16
63805,63806,9,2,71,125,2016,2,7,3,3,3,3,0,0,0,1,0,0,0,0,7.97064E+20,5.41096E+21,1.30441E+16,4.87806E+16
63806,63807,9,3,76,170,2016,2,6,4,2,7,6,2,1,0,1,0,0,1,0,7.27966E+20,5.45917E+21,1.21322E+16,4.92428E+16
63807,63808,9,1,76,161,2016,2,15,5,3,5,2,0,0,0,1,0,0,0,0,6.8035E+20,5.41535E+21,1.14592E+16,4.88648E+16
63808,63809,9,2,75,141,2016,2,21,7,3,8,1,2,0,0,1,0,0,0,0,8.21693E+20,5.37232E+21,1.33486E+16,4.84218E+16
63809,63810,9,4,72,179,2016,2,7,3,3,2,6,0,0,0,1,0,0,0,1,6.73026E+20,5.51262E+21,1.14016E+16,4.97412E+16
63810,63811,9,7,77,176,2016,2,13,3,3,2,6,0,0,0,1,0,0,0,0,6.01882E+20,5.2988E+21,1.03615E+16,4.78345E+16
63811,63812,9,5,77,136,2016,2,18,5,3,4,2,2,0,0,1,0,0,0,0,6.27455E+20,5.4415E+21,1.07466E+16,4.91131E+16
63812,63813,9,1,86,143,2016,2,10,7,3,8,1,0,1,0,1,0,0,0,0,6.84436E+20,5.38259E+21,1.15002E+16,4.85692E+16
63813,63814,9,7,77,129,2016,2,18,2,2,9,1,2,2,0,1,0,0,0,0,6.24208E+20,5.27122E+21,1.06518E+16,4.75825E+16
63814,63815,9,3,73,167,2016,2,14,6,3,2,2,0,0,0,1,0,0,0,0,6.92147E+20,5.45699E+21,1.16396E+16,4.92355E+16
63815,63816,9,1,61,0,2016,2,20,1,3,5,3,2,1,1,1,0,0,0,0,6.76091E+20,5.40504E+21,1.13967E+16,4.87735E+16
63816,63817,9,7,73,182,2016,2,9,5,3,2,2,0,0,0,1,0,0,0,1,6.30383E+20,5.3768E+21,1.07661E+16,4.85307E+16
63817,63818,9,1,87,113,2016,2,11,7,3,5,3,0,1,0,1,0,0,0,0,7.46806E+20,5.326E+21,1.23113E+16,4.80395E+16
63818,63819,9,7,74,144,2016,2,6,2,3,4,2,2,1,0,1,0,0,0,0,6.06299E+20,5.36328E+21,1.04365E+16,4.84137E+16
63819,63820,9,1,88,113,2016,2,14,1,2,9,7,0,0,0,1,0,0,0,0,6.80264E+20,5.31593E+21,1.14153E+16,4.79712E+16
63820,63821,9,1,62,0,2016,2,23,5,3,2,6,2,0,0,1,0,0,0,0,6.8869E+20,5.3317E+21,1.1535E+16,4.81106E+16
63821,63822,9,2,75,134,2016,2,11,4,3,5,3,0,1,0,1,0,0,0,0,8.26926E+20,5.37895E+21,1.34242E+16,4.84786E+16
63822,63823,9,1,61,0,2016,2,0,4,3,9,1,2,1,0,1,0,0,0,0,6.79591E+20,5.40033E+21,1.14423E+16,4.87301E+16
63823,63824,9,2,62,0,2016,2,2,4,1,6,4,2,0,0,1,1,0,0,0,8.21993E+20,5.39115E+21,1.33671E+16,4.85906E+16
63824,63825,9,1,74,115,2016,2,10,5,2,4,1,0,0,0,1,0,0,0,0,6.81094E+20,5.34871E+21,1.14403E+16,4.82657E+16
63825,63826,9,6,77,114,2016,2,5,6,2,5,3,2,1,0,1,0,0,0,0,5.71834E+20,5.54118E+21,1.00027E+16,5.00186E+16
63826,63827,9,1,89,160,2016,2,2,7,3,9,1,2,0,0,1,0,0,0,0,7.59888E+20,5.29384E+21,1.24672E+16,4.77455E+16
63827,63828,9,4,75,154,2016,2,2,6,3,9,6,1,0,0,1,0,0,0,0,6.96083E+20,5.5607E+21,1.17457E+16,5.0166E+16
63828,63829,9,1,61,0,2016,2,20,5,1,4,1,2,0,0,1,0,0,1,0,6.68967E+20,5.40442E+21,1.12996E+16,4.87698E+16
63829,63830,9,2,74,134,2016,2,6,3,3,2,2,2,0,0,1,0,0,0,0,7.39613E+20,5.37527E+21,1.22429E+16,4.84848E+16
63830,63831,9,6,79,118,2016,2,10,2,3,5,3,0,0,0,1,0,0,0,0,5.73043E+20,5.48545E+21,1.00091E+16,4.95173E+16
63831,63832,9,3,75,190,2016,2,18,3,2,5,2,2,0,0,1,0,0,0,0,7.26504E+20,5.44543E+21,1.21044E+16,4.91199E+16
63832,63833,9,3,74,124,2016,2,8,5,3,8,1,0,1,0,1,0,0,0,0,7.10702E+20,5.51138E+21,1.19232E+16,4.9718E+16
63833,63834,9,1,84,138,2016,2,19,6,3,5,3,2,0,1,1,0,0,0,0,6.80653E+20,5.33047E+21,1.14266E+16,4.81019E+16
63834,63835,9,1,61,0,2016,2,8,2,3,2,2,0,0,0,1,0,0,0,0,6.80763E+20,5.40262E+21,1.14592E+16,4.87503E+16
63835,63836,9,7,61,0,2016,2,7,2,3,2,6,0,0,0,1,0,0,0,0,6.3739E+20,5.35947E+21,1.08553E+16,4.83735E+16
63836,63837,9,2,74,128,2016,2,13,6,3,8,1,0,0,0,1,0,0,0,0,7.37069E+20,5.3872E+21,1.22153E+16,4.8593E+16
63837,63838,9,1,74,113,2016,2,19,1,3,5,3,2,1,0,1,0,0,0,0,6.79198E+20,5.34332E+21,1.14125E+16,4.82178E+16
63838,63839,9,6,78,193,2016,2,16,5,3,2,6,0,0,0,1,0,0,0,0,5.77297E+20,5.53935E+21,1.00786E+16,5.00015E+16
63839,63840,9,1,61,0,2016,2,19,4,3,0,2,2,0,1,1,0,0,0,0,6.79123E+20,5.40496E+21,1.14379E+16,4.87718E+16
63840,63841,9,4,75,158,2016,2,13,5,3,4,1,0,1,0,1,0,0,0,0,7.0928E+20,5.57108E+21,1.19359E+16,5.02547E+16
63841,63842,9,7,79,131,2016,2,15,4,3,5,3,0,0,0,1,0,0,0,0,6.30654E+20,5.402E+21,1.07777E+16,4.87573E+16
63842,63843,9,3,72,164,2016,2,8,5,2,4,2,0,1,0,1,0,0,0,0,7.66925E+20,5.44831E+21,1.26592E+16,4.91296E+16
63843,63844,9,5,64,0,2016,2,16,6,3,2,6,0,0,0,1,0,0,0,0,6.47595E+20,5.47842E+21,1.1036E+16,4.94405E+16
63844,63845,9,7,75,111,2016,2,21,3,2,2,6,2,0,0,1,0,0,0,0,5.8363E+20,5.33789E+21,1.01252E+16,4.81887E+16
63845,63846,9,3,63,0,2016,2,20,6,3,5,3,2,0,0,1,0,0,0,0,7.27632E+20,5.5055E+21,1.21542E+16,4.9659E+16
63846,63847,9,1,89,154,2016,2,19,4,3,5,3,2,0,0,1,0,0,0,0,7.68668E+20,5.31502E+21,1.25972E+16,4.79321E+16
63847,63848,9,5,64,0,2016,2,12,5,3,5,3,0,1,0,1,0,0,1,0,6.4612E+20,5.48097E+21,1.10166E+16,4.94638E+16
63848,63849,9,7,74,144,2016,2,16,4,3,2,6,0,0,0,1,0,0,0,0,6.04974E+20,5.36052E+21,1.0418E+16,4.83891E+16
63849,63850,9,6,76,116,2016,2,5,6,3,4,6,2,1,0,1,0,0,0,0,5.19237E+20,5.50753E+21,9.26688E+15,4.972E+16
63850,63851,9,1,75,139,2016,2,9,4,3,9,7,0,1,0,1,0,0,0,0,7.10998E+20,5.32839E+21,1.18327E+16,4.80739E+16
63851,63852,9,4,72,190,2016,2,9,6,3,1,1,0,0,0,0,0,0,1,0,6.97181E+20,5.52927E+21,1.17449E+16,4.98833E+16
63852,63853,9,7,78,123,2016,2,12,4,3,2,6,0,0,0,1,0,0,0,0,5.8499E+20,5.31831E+21,1.01396E+16,4.80124E+16
63853,63854,9,1,87,177,2016,2,11,3,3,8,1,0,1,0,1,0,0,0,0,7.36285E+20,5.30542E+21,1.21591E+16,4.78586E+16
63854,63855,9,6,71,122,2016,2,15,2,3,0,6,0,1,0,1,0,0,0,0,5.07315E+20,5.53107E+21,9.10193E+15,4.99319E+16
63855,63856,9,2,72,146,2016,2,7,3,2,0,7,0,0,1,0,0,0,0,0,8.2696E+20,5.42259E+21,1.34592E+16,4.88699E+16
63856,63857,9,4,74,126,2016,2,6,2,3,2,6,2,1,0,1,0,0,0,0,6.48588E+20,5.50752E+21,1.10607E+16,4.97018E+16
63857,63858,9,1,90,148,2016,2,12,5,3,2,6,0,0,0,1,0,0,0,0,6.43084E+20,5.29692E+21,1.09112E+16,4.78098E+16
63858,63859,9,7,75,135,2016,2,13,7,3,2,6,0,0,0,1,0,0,0,0,5.76443E+20,5.36174E+21,1.00329E+16,4.84042E+16
63859,63860,9,1,75,132,2016,2,12,2,3,5,2,0,0,0,1,0,0,0,0,7.07237E+20,5.33676E+21,1.17864E+16,4.81503E+16
63860,63861,9,2,77,145,2016,2,9,3,3,1,7,0,0,0,1,0,0,1,0,7.98832E+20,5.35388E+21,1.30273E+16,4.82676E+16
63861,63862,9,5,73,114,2016,2,6,4,3,4,2,1,1,0,1,0,0,0,0,6.34872E+20,5.48176E+21,1.08617E+16,4.94735E+16
63862,63863,9,1,87,182,2016,2,13,6,3,2,2,0,0,0,1,0,0,0,0,7.38521E+20,5.32844E+21,1.22017E+16,4.80646E+16
63863,63864,9,6,71,157,2016,2,20,5,3,3,6,2,1,0,1,0,0,1,0,5.25742E+20,5.52958E+21,9.35858E+15,4.99181E+16
63864,63865,9,1,76,138,2016,2,14,4,2,5,2,0,1,0,0,0,0,1,0,6.69457E+20,5.42482E+21,1.13147E+16,4.8953E+16
63865,63866,9,4,61,0,2016,2,23,5,2,6,4,2,0,0,1,1,0,0,0,6.36163E+20,5.52987E+21,1.08963E+16,4.99057E+16
63866,63867,9,6,63,0,2016,2,12,4,3,3,6,0,0,0,1,0,0,1,0,5.6581E+20,5.51732E+21,9.91458E+15,4.98047E+16
63867,63868,9,2,63,0,2016,2,7,5,3,5,2,0,1,0,1,0,0,0,0,7.61037E+20,5.42083E+21,1.2561E+16,4.88854E+16
63868,63869,9,7,79,186,2016,2,6,3,3,2,6,0,0,0,1,0,0,0,0,6.3469E+20,5.41187E+21,1.08358E+16,4.88452E+16
63869,63870,9,7,62,0,2016,2,16,3,3,2,6,0,0,0,1,0,0,0,0,6.18307E+20,5.30335E+21,1.05821E+16,4.78726E+16
63870,63871,9,6,79,205,2016,2,10,4,3,1,7,0,0,0,0,0,1,1,0,5.61129E+20,5.51652E+21,9.84941E+15,4.9798E+16
63871,63872,9,1,75,122,2016,2,15,3,3,5,6,0,1,0,1,0,0,0,0,7.20942E+20,5.32625E+21,1.19649E+16,4.80512E+16
63872,63873,9,4,72,118,2016,2,5,2,3,0,1,2,0,0,1,0,0,0,1,6.75702E+20,5.50188E+21,1.14338E+16,4.96439E+16
63873,63874,9,2,61,0,2016,2,13,2,3,1,6,0,0,0,1,0,0,0,0,7.32821E+20,5.37844E+21,1.21529E+16,4.85159E+16
63874,63875,9,1,89,155,2016,2,16,3,3,4,2,0,0,0,1,0,0,0,0,7.72564E+20,5.3103E+21,1.26463E+16,4.78881E+16
63875,63876,9,4,75,154,2016,2,19,7,3,7,7,2,0,0,1,0,0,1,0,6.98128E+20,5.56511E+21,1.17766E+16,5.02049E+16
63876,63877,9,5,77,148,2016,2,13,1,3,8,7,0,0,0,1,0,0,0,0,6.41714E+20,5.41742E+21,1.09334E+16,4.88935E+16
63877,63878,9,5,71,165,2016,2,0,4,3,8,1,2,0,0,1,0,0,0,0,6.28653E+20,5.46562E+21,1.07707E+16,4.93297E+16
63878,63879,9,1,72,118,2016,2,11,4,3,6,4,0,1,0,1,1,0,0,0,7.97625E+20,5.30641E+21,1.2978E+16,4.78421E+16
63879,63880,9,3,77,137,2016,2,17,4,3,8,1,0,2,0,1,0,0,0,0,7.38007E+20,5.54216E+21,1.23202E+16,4.99842E+16
63880,63881,9,1,83,127,2016,2,14,5,3,5,3,0,0,1,1,0,0,0,0,7.57593E+20,5.35008E+21,1.24703E+16,4.82515E+16
63881,63882,9,7,77,124,2016,2,15,6,3,4,6,0,1,0,1,0,0,0,1,6.13469E+20,5.30751E+21,1.05185E+16,4.79109E+16
63882,63883,9,7,61,0,2016,2,14,4,3,0,6,0,0,0,1,0,0,0,1,6.37242E+20,5.35949E+21,1.08533E+16,4.83736E+16
63883,63884,9,1,78,143,2016,2,18,4,3,5,3,2,0,0,1,0,0,0,0,7.17481E+20,5.37212E+21,1.19421E+16,4.84646E+16
63884,63885,9,1,89,155,2016,2,16,6,3,4,2,0,0,1,1,0,0,0,0,7.71622E+20,5.30791E+21,1.26322E+16,4.7867E+16
63885,63886,9,6,79,205,2016,2,0,3,2,8,7,2,1,0,1,0,0,0,0,5.55794E+20,5.51418E+21,9.77494E+15,4.97775E+16
63886,63887,9,3,61,0,2016,2,7,3,3,5,3,0,1,0,1,0,0,0,0,7.08862E+20,5.48006E+21,1.1881E+16,4.94373E+16
63887,63888,9,6,75,150,2016,2,5,6,3,0,7,2,1,0,1,0,0,0,0,5.82737E+20,5.49924E+21,1.01459E+16,4.964E+16
63888,63889,9,5,71,169,2016,2,23,6,3,9,7,2,1,0,1,0,0,0,0,5.85077E+20,5.46586E+21,1.01712E+16,4.93396E+16
63889,63890,9,1,79,126,2016,2,10,1,3,2,6,0,0,1,1,0,0,0,0,6.75876E+20,5.34059E+21,1.13667E+16,4.81942E+16
63890,63891,9,7,64,0,2016,2,5,2,1,8,1,2,0,0,1,0,0,0,0,5.88085E+20,5.31317E+21,1.01801E+16,4.79657E+16
63891,63892,9,6,76,121,2016,2,18,7,3,8,7,2,1,0,1,0,0,0,0,5.16158E+20,5.51864E+21,9.22463E+15,4.982E+16
63892,63893,9,1,76,120,2016,2,17,6,3,2,6,1,1,0,1,0,0,0,1,6.79812E+20,5.42327E+21,1.14554E+16,4.89362E+16
63893,63894,9,1,87,177,2016,2,14,7,3,1,6,0,1,0,1,0,0,0,0,7.35051E+20,5.3051E+21,1.21424E+16,4.78562E+16
63894,63895,9,1,87,134,2016,2,14,5,2,4,6,0,2,0,1,0,1,0,0,7.36033E+20,5.32059E+21,1.2164E+16,4.7995E+16
63895,63896,9,4,76,146,2016,2,14,6,3,2,6,0,0,0,1,0,0,0,1,6.63479E+20,5.56465E+21,1.12913E+16,5.02114E+16
63896,63897,9,2,78,121,2016,2,18,6,3,4,1,1,0,0,1,0,0,0,0,7.62353E+20,5.41661E+21,1.25762E+16,4.88469E+16
63897,63898,9,7,73,122,2016,2,6,5,3,4,6,1,1,0,1,0,0,0,0,6.26888E+20,5.38385E+21,1.07209E+16,4.85949E+16
63898,63899,9,2,72,138,2016,2,6,2,2,4,1,0,2,0,1,0,0,0,1,8.28542E+20,5.41035E+21,1.34709E+16,4.87593E+16
63899,63900,9,4,72,177,2016,2,8,4,3,8,1,0,0,0,1,0,0,0,0,6.76887E+20,5.50274E+21,1.14506E+16,4.96513E+16
63900,63901,9,1,84,127,2016,2,6,5,3,8,1,2,2,0,1,0,0,0,0,7.02178E+20,5.32087E+21,1.17109E+16,4.80091E+16
63901,63902,9,6,76,144,2016,2,6,3,2,6,4,2,1,0,0,1,0,0,1,5.0953E+20,5.52913E+21,9.13275E+15,4.99144E+16
63902,63903,9,6,75,178,2016,2,18,5,3,8,7,2,0,0,1,0,0,0,0,5.94278E+20,5.5155E+21,1.03097E+16,4.97846E+16
63903,63904,9,2,79,128,2016,2,17,3,3,5,3,2,1,0,1,0,0,0,0,7.58588E+20,5.40041E+21,1.25148E+16,4.87031E+16
63904,63905,9,5,76,128,2016,2,18,6,3,2,6,2,0,0,1,0,0,1,0,6.44759E+20,5.46387E+21,1.09916E+16,4.93104E+16
63905,63906,9,3,71,151,2016,2,22,6,1,6,4,2,1,0,1,1,0,0,0,6.99658E+20,5.48608E+21,1.17573E+16,4.94944E+16
63906,63907,9,6,72,140,2016,2,14,2,2,0,7,0,1,1,0,0,0,0,0,5.80669E+20,5.55509E+21,1.0129E+16,5.01426E+16
63907,63908,9,1,86,122,2016,2,16,6,3,2,6,1,1,0,1,0,0,0,1,6.93379E+20,5.39595E+21,1.16275E+16,4.86866E+16
63908,63909,9,7,71,111,2016,2,6,2,2,8,7,2,0,0,1,0,0,1,0,6.58644E+20,5.35709E+21,1.11412E+16,4.83471E+16
63909,63910,9,6,71,156,2016,2,14,1,2,3,6,0,0,0,1,0,0,0,0,5.21743E+20,5.53474E+21,9.30316E+15,4.99646E+16
63910,63911,9,1,86,116,2016,2,6,6,3,4,2,1,0,0,1,0,0,0,0,6.90988E+20,5.40061E+21,1.15972E+16,4.87292E+16
63911,63912,9,1,85,149,2016,2,17,7,3,4,2,2,1,0,1,0,1,0,0,6.60213E+20,5.39817E+21,1.11781E+16,4.87159E+16
63912,63913,9,1,85,140,2016,2,23,5,2,4,1,2,0,0,1,0,0,0,1,6.77102E+20,5.39608E+21,1.14066E+16,4.86926E+16
63913,63914,9,4,74,126,2016,2,8,6,3,4,2,0,0,0,1,0,0,0,0,6.48478E+20,5.50576E+21,1.10585E+16,4.9686E+16
63914,63915,9,2,71,119,2016,2,13,6,3,2,2,0,0,0,1,0,1,0,0,7.95202E+20,5.41206E+21,1.30197E+16,4.87913E+16
63915,63916,9,6,77,186,2016,2,8,5,3,8,7,0,0,0,1,0,0,0,0,5.48019E+20,5.53365E+21,9.66938E+15,4.99532E+16
63916,63917,9,2,79,134,2016,2,23,2,3,9,1,2,0,0,1,0,0,0,0,7.69888E+20,5.38797E+21,1.266E+16,4.85866E+16
63917,63918,9,3,74,111,2016,2,8,4,3,4,2,0,0,0,1,0,0,0,0,7.2711E+20,5.51273E+21,1.21512E+16,4.97242E+16
63918,63919,9,1,61,0,2016,2,21,3,2,5,3,2,0,1,1,0,0,0,0,6.75252E+20,5.40499E+21,1.13853E+16,4.87732E+16
63919,63920,9,5,72,131,2016,2,18,7,3,4,2,2,1,0,1,0,0,0,0,6.54499E+20,5.48495E+21,1.11337E+16,4.94975E+16
63920,63921,9,4,75,162,2016,2,13,2,3,5,3,0,0,0,1,0,0,0,0,7.16096E+20,5.56963E+21,1.20306E+16,5.02393E+16
63921,63922,9,4,63,0,2016,2,11,7,2,9,1,0,2,0,1,0,0,0,0,6.43778E+20,5.57004E+21,1.10174E+16,5.0265E+16
63922,63923,9,1,79,123,2016,2,23,6,3,3,6,2,0,0,1,0,0,0,0,6.76317E+20,5.33493E+21,1.13703E+16,4.81432E+16
63923,63924,9,1,78,120,2016,2,7,2,3,2,6,0,0,0,1,0,0,0,0,6.95287E+20,5.35551E+21,1.16345E+16,4.83226E+16
63924,63925,9,5,77,161,2016,2,19,1,3,5,3,2,0,0,1,0,0,0,0,6.42738E+20,5.44058E+21,1.09555E+16,4.91015E+16
63925,63926,9,1,74,113,2016,2,19,7,3,2,6,2,1,0,1,0,0,0,0,6.78585E+20,5.34991E+21,1.1407E+16,4.82772E+16
63926,63927,9,1,62,0,2016,2,7,4,3,4,2,0,0,0,1,0,0,0,0,6.89446E+20,5.34068E+21,1.15492E+16,4.81911E+16
63927,63928,9,1,87,165,2016,2,8,4,3,9,6,0,0,0,1,0,0,1,0,7.32413E+20,5.29491E+21,1.21018E+16,4.77656E+16
63928,63929,9,1,78,124,2016,2,7,5,3,1,6,0,1,0,1,0,0,0,0,7.03335E+20,5.36105E+21,1.17456E+16,4.83699E+16
63929,63930,9,2,62,0,2016,2,15,6,3,5,2,0,0,0,1,0,0,0,0,8.23022E+20,5.39148E+21,1.33813E+16,4.85929E+16
63930,63931,9,4,64,0,2016,2,12,5,3,1,6,0,0,0,1,0,0,0,0,7.08617E+20,5.57572E+21,1.19292E+16,5.02967E+16
63931,63932,9,1,76,126,2016,2,8,2,3,2,2,0,1,1,0,0,0,0,0,6.73685E+20,5.40591E+21,1.13644E+16,4.87819E+16
63932,63933,9,4,64,0,2016,2,11,3,3,2,6,0,1,0,1,0,0,1,1,7.06979E+20,5.57738E+21,1.19072E+16,5.03122E+16
63933,63934,9,2,74,126,2016,2,7,4,3,4,6,0,1,0,1,0,0,1,0,7.33645E+20,5.38589E+21,1.21682E+16,4.85824E+16
63934,63935,9,2,71,125,2016,2,12,1,3,2,1,0,0,0,1,0,0,0,0,8.02398E+20,5.40681E+21,1.31135E+16,4.87408E+16
63935,63936,9,1,79,145,2016,2,7,5,3,2,6,0,1,0,1,0,0,0,0,6.73852E+20,5.33553E+21,1.13374E+16,4.81493E+16
63936,63937,9,2,78,177,2016,2,13,6,3,5,3,0,0,0,1,0,0,0,0,7.55075E+20,5.42286E+21,1.24811E+16,4.89061E+16
63937,63938,9,5,64,0,2016,2,17,5,3,2,6,0,0,0,1,0,0,0,0,6.44668E+20,5.47804E+21,1.09955E+16,4.94378E+16
63938,63939,9,1,89,127,2016,2,17,2,3,0,1,0,0,1,0,0,0,0,0,7.85854E+20,5.31745E+21,1.28284E+16,4.79465E+16
63939,63940,9,2,76,144,2016,2,11,4,3,2,6,0,1,0,1,0,0,0,0,7.85489E+20,5.44142E+21,1.29083E+16,4.90594E+16
63940,63941,9,1,82,127,2016,2,16,6,3,2,6,0,0,0,1,0,0,0,0,7.02658E+20,5.31101E+21,1.17127E+16,4.79203E+16
63941,63942,9,7,74,148,2016,2,15,7,3,5,3,0,0,0,1,0,0,0,0,5.9618E+20,5.36293E+21,1.02998E+16,4.84122E+16
63942,63943,9,1,79,118,2016,2,14,3,3,5,3,0,0,1,1,0,0,0,0,6.728E+20,5.33743E+21,1.13241E+16,4.81666E+16
63943,63944,9,5,77,158,2016,2,11,7,3,4,1,0,2,0,1,0,0,0,0,6.48453E+20,5.42351E+21,1.10275E+16,4.89467E+16
63944,63945,9,3,75,119,2016,2,8,2,3,2,6,0,1,0,1,0,0,0,0,7.36573E+20,5.44223E+21,1.22403E+16,4.90874E+16
63945,63946,9,4,72,139,2016,2,16,7,3,9,6,0,2,0,1,0,0,0,1,6.92344E+20,5.55232E+21,1.16892E+16,5.0092E+16
63946,63947,9,1,88,120,2016,2,8,6,3,0,7,0,0,0,1,0,0,0,0,6.72928E+20,5.3227E+21,1.13198E+16,4.80341E+16
63947,63948,9,7,77,166,2016,2,10,1,3,2,6,0,1,0,1,0,0,0,0,6.29098E+20,5.28002E+21,1.07194E+16,4.76607E+16
63948,63949,9,2,78,184,2016,2,0,5,2,8,1,2,0,0,1,0,0,0,0,7.77551E+20,5.43383E+21,1.27947E+16,4.89949E+16
63949,63950,9,7,78,173,2016,2,6,5,3,4,1,0,2,0,1,0,0,1,0,6.10478E+20,5.32367E+21,1.04827E+16,4.80568E+16
63950,63951,9,4,71,195,2016,2,19,1,2,8,1,2,0,0,1,0,0,0,0,6.39885E+20,5.52671E+21,1.0947E+16,4.98765E+16
63951,63952,9,1,62,0,2016,2,13,6,3,2,6,0,0,0,1,0,0,0,0,6.94149E+20,5.33679E+21,1.16106E+16,4.81547E+16
63952,63953,9,7,77,124,2016,2,6,4,3,8,1,2,2,0,0,0,0,0,1,6.14346E+20,5.307E+21,1.05301E+16,4.79061E+16
63953,63954,9,1,76,111,2016,2,7,4,3,4,6,0,1,0,1,0,0,0,1,6.60366E+20,5.41298E+21,1.1186E+16,4.88491E+16
63954,63955,9,2,73,152,2016,2,10,6,3,1,1,0,0,0,1,0,0,0,0,7.02313E+20,5.4088E+21,1.17551E+16,4.87993E+16
63955,63956,9,7,72,147,2016,2,15,3,3,2,6,0,1,0,1,0,0,0,0,6.38747E+20,5.36528E+21,1.08755E+16,4.84254E+16
63956,63957,9,3,75,153,2016,2,10,3,3,8,1,0,1,0,1,0,0,0,0,7.18168E+20,5.44878E+21,1.19922E+16,4.91531E+16
63957,63958,9,6,75,156,2016,2,14,6,3,8,6,0,0,0,1,0,0,0,1,5.83535E+20,5.49998E+21,1.01572E+16,4.96466E+16
63958,63959,9,5,72,115,2016,2,16,6,3,2,6,0,1,0,1,0,0,0,0,6.46641E+20,5.50225E+21,1.10317E+16,4.96549E+16
63959,63960,9,1,72,128,2016,2,20,1,3,2,6,2,0,0,1,0,0,0,0,7.92905E+20,5.2977E+21,1.29092E+16,4.77661E+16
63960,63961,9,1,84,138,2016,2,14,2,3,4,2,0,0,1,1,0,0,0,0,6.80422E+20,5.3309E+21,1.14237E+16,4.81058E+16
63961,63962,9,6,74,149,2016,2,14,7,3,8,6,0,1,0,1,0,0,1,0,6.14256E+20,5.5574E+21,1.05995E+16,5.01578E+16
63962,63963,9,2,75,150,2016,2,7,2,3,0,1,0,2,0,0,0,1,0,0,8.32904E+20,5.3928E+21,1.35159E+16,4.85996E+16
63963,63964,9,2,71,143,2016,2,18,7,3,8,1,2,2,0,1,0,0,0,0,7.78071E+20,5.4091E+21,1.27849E+16,4.87727E+16
63964,63965,9,1,79,114,2016,2,20,6,3,2,2,2,1,0,1,0,0,0,0,6.51857E+20,5.34422E+21,1.1045E+16,4.8233E+16
63965,63966,9,1,73,135,2016,2,6,7,2,4,1,2,1,0,1,0,0,0,0,6.94569E+20,5.2769E+21,1.15893E+16,4.76162E+16
63966,63967,9,6,79,176,2016,2,0,7,3,9,1,2,2,0,1,0,0,0,0,5.67969E+20,5.50466E+21,9.94237E+15,4.96906E+16
63967,63968,9,5,61,0,2016,2,10,7,2,6,4,0,1,0,1,1,0,0,0,6.14109E+20,5.46306E+21,1.05699E+16,4.93096E+16
63968,63969,9,3,76,163,2016,2,15,2,3,3,6,0,0,0,1,0,0,1,0,7.28762E+20,5.47401E+21,1.21516E+16,4.93758E+16
63969,63970,9,3,75,148,2016,2,15,7,3,8,1,0,1,0,1,0,0,0,0,7.05194E+20,5.43642E+21,1.18082E+16,4.90465E+16
63970,63971,9,1,79,136,2016,2,18,6,2,5,3,2,1,0,1,0,0,0,0,6.61841E+20,5.34314E+21,1.11789E+16,4.82208E+16
63971,63972,9,2,75,135,2016,2,16,7,2,4,1,1,2,0,1,0,0,0,1,8.26262E+20,5.40242E+21,1.34337E+16,4.86894E+16
63972,63973,9,6,77,151,2016,2,20,1,3,9,1,2,1,0,1,0,0,0,0,5.39566E+20,5.51517E+21,9.54967E+15,4.97877E+16
63973,63974,9,1,90,145,2016,2,6,5,3,9,1,0,2,0,1,0,0,0,0,6.46171E+20,5.28875E+21,1.09496E+16,4.77356E+16
63974,63975,9,7,77,171,2016,2,8,5,3,4,1,0,2,0,1,0,0,0,0,6.28257E+20,5.28423E+21,1.07095E+16,4.76987E+16
63975,63976,9,3,76,144,2016,2,17,1,3,8,1,1,1,0,0,0,1,0,0,7.31288E+20,5.48213E+21,1.21911E+16,4.94477E+16