FID,OBJECTID,ULAND,UREGBEZ,UKREIS,UGEMEINDE,UJAHR,UMONAT,USTUNDE,UWOCHENTAG,UKATEGORIE,UART,UTYP1,ULICHTVERH,IstStrasse,IstRad,IstPKW,IstFuss,IstKrad,IstGkfz,IstSonstig,LINREFX,LINREFY,XGCSWGS84,YGCSWGS84
63976,63977,9,7,73,144,2016,2,16,6,3,8,1,1,1,0,1,0,0,0,0,6.04416E+20,5.37992E+21,1.04153E+16,4.85637E+16
63977,63978,9,6,79,154,2016,2,8,4,2,8,1,0,0,0,1,0,0,1,0,5.58392E+20,5.51083E+21,9.81053E+15,4.97471E+16
63978,63979,9,1,77,113,2016,2,16,4,1,4,6,0,1,0,1,0,0,0,0,7.1995E+20,5.35627E+21,1.19672E+16,4.83214E+16
63979,63980,9,1,61,0,2016,2,15,6,2,4,6,0,0,0,1,0,0,0,1,6.74773E+20,5.39759E+21,1.13757E+16,4.87069E+16
63980,63981,9,6,75,139,2016,2,15,3,3,2,6,0,0,0,1,0,0,0,1,5.93053E+20,5.49963E+21,1.02889E+16,4.96421E+16
63981,63982,9,2,78,190,2016,2,18,3,3,5,3,2,0,0,1,0,0,0,0,7.63925E+20,5.42819E+21,1.26051E+16,4.89502E+16
63982,63983,9,6,74,221,2016,2,9,6,2,9,1,0,0,0,1,0,0,0,0,6.13238E+20,5.54159E+21,1.05806E+16,5.00159E+16
63983,63984,9,5,71,115,2016,2,16,6,3,9,1,0,1,0,1,0,0,0,0,6.14641E+20,5.44547E+21,1.05722E+16,4.91513E+16
63984,63985,9,1,62,0,2016,2,15,7,3,8,1,0,1,0,1,0,0,0,0,6.88919E+20,5.34012E+21,1.15418E+16,4.81862E+16
63985,63986,9,7,75,135,2016,2,15,2,3,8,1,0,0,0,1,0,0,0,0,5.80785E+20,5.35544E+21,1.00903E+16,4.8347E+16
63986,63987,9,6,61,0,2016,2,22,7,3,0,1,2,1,0,0,0,1,0,0,5.11473E+20,5.53674E+21,9.16004E+15,4.99829E+16
63987,63988,9,1,81,123,2016,2,16,6,2,9,1,0,0,0,1,0,0,0,0,6.55387E+20,5.3266E+21,1.10861E+16,4.80737E+16
63988,63989,9,1,87,162,2016,2,20,7,3,0,1,2,1,1,0,0,0,0,0,7.49831E+20,5.30566E+21,1.234E+16,4.78557E+16
63989,63990,9,1,82,133,2016,2,6,5,3,8,1,1,2,0,1,0,0,0,0,7.09356E+20,5.3118E+21,1.18026E+16,4.79253E+16
63990,63991,9,4,63,0,2016,2,6,6,3,5,3,1,0,0,1,0,0,0,1,6.38582E+20,5.56981E+21,1.09444E+16,5.02642E+16
63991,63992,9,2,75,138,2016,2,14,6,2,5,3,0,0,0,1,0,0,0,0,8.10796E+20,5.38658E+21,1.32123E+16,4.85551E+16
63992,63993,9,7,72,157,2016,2,6,5,3,8,1,1,2,0,1,0,0,0,0,6.2688E+20,5.3358E+21,1.07063E+16,4.81628E+16
63993,63994,9,2,74,183,2016,2,10,2,2,9,7,0,0,0,1,0,0,0,0,7.42164E+20,5.3636E+21,1.22706E+16,4.8379E+16
63994,63995,9,4,62,0,2016,2,7,4,3,5,3,0,0,0,1,0,0,0,0,6.86054E+20,5.53616E+21,1.15935E+16,4.99488E+16
63995,63996,9,5,64,0,2016,2,19,3,3,2,6,2,1,0,1,0,0,0,1,6.50789E+20,5.4675E+21,1.10759E+16,4.93416E+16
63996,63997,9,6,74,159,2016,2,18,5,2,6,4,2,0,0,1,1,0,0,0,6.14567E+20,5.53412E+21,1.05969E+16,4.99484E+16
63997,63998,9,1,89,143,2016,2,8,5,3,8,1,0,1,0,1,0,0,0,0,7.57145E+20,5.31876E+21,1.24454E+16,4.79704E+16
63998,63999,9,2,77,128,2016,2,10,6,3,4,6,0,0,0,1,0,0,1,0,7.93389E+20,5.34914E+21,1.29508E+16,4.82276E+16
63999,64000,9,7,78,203,2016,2,6,5,3,5,3,2,2,0,1,0,0,0,0,6.2072E+20,5.32207E+21,1.06196E+16,4.80405E+16
64000,64001,9,5,73,134,2016,2,18,4,3,2,6,2,0,0,1,0,0,0,0,6.4311E+20,5.47856E+21,1.09742E+16,4.94429E+16
64001,64002,9,7,63,0,2016,2,19,3,3,5,2,2,1,0,1,0,0,0,0,5.98411E+20,5.28787E+21,1.03126E+16,4.77367E+16
64002,64003,9,1,84,119,2016,2,21,6,3,2,6,2,0,0,1,0,0,1,0,6.96475E+20,5.34839E+21,1.16472E+16,4.82583E+16
64003,64004,9,6,78,183,2016,2,7,3,3,8,1,0,2,0,1,0,0,0,0,5.96003E+20,5.53143E+21,1.03376E+16,4.99275E+16
64004,64005,9,6,78,183,2016,2,17,5,3,5,3,0,0,0,1,0,0,0,0,5.98555E+20,5.53341E+21,1.03736E+16,4.99449E+16
64005,64006,9,2,77,117,2016,2,15,3,3,8,1,0,1,0,1,0,0,0,0,7.97176E+20,5.38175E+21,1.30247E+16,4.85184E+16
64006,64007,9,6,71,111,2016,2,14,6,2,3,6,0,1,0,1,0,0,0,0,5.02355E+20,5.54906E+21,9.03293E+15,5.00938E+16
64007,64008,9,3,75,170,2016,2,8,6,3,5,3,0,0,0,1,0,0,0,0,7.37179E+20,5.43124E+21,1.22422E+16,4.89885E+16
64008,64009,9,7,64,0,2016,2,11,7,3,2,6,0,1,0,1,0,0,0,0,5.83495E+20,5.31384E+21,1.01187E+16,4.79724E+16
64009,64010,9,6,75,141,2016,2,9,2,3,5,3,0,0,0,1,0,0,0,0,5.8307E+20,5.50781E+21,1.01524E+16,4.97171E+16
64010,64011,9,1,81,120,2016,2,6,6,3,9,1,2,1,0,1,0,0,0,0,6.51826E+20,5.31858E+21,1.10355E+16,4.80025E+16
64011,64012,9,1,75,118,2016,2,21,6,3,5,3,2,0,0,1,0,0,0,0,7.15138E+20,5.34214E+21,1.18952E+16,4.8196E+16
64012,64013,9,1,76,124,2016,2,12,7,3,8,1,0,1,0,1,0,0,0,0,6.71313E+20,5.40808E+21,1.1333E+16,4.88021E+16
64013,64014,9,1,74,113,2016,2,9,5,3,2,6,0,1,0,1,0,0,0,0,6.73655E+20,5.34548E+21,1.13388E+16,4.82388E+16
64014,64015,9,3,62,0,2016,2,15,6,3,3,2,0,0,1,1,0,0,0,0,7.27619E+20,5.435E+21,1.21138E+16,4.90259E+16
64015,64016,9,2,74,128,2016,2,18,6,3,5,2,2,0,0,1,0,0,0,0,7.35126E+20,5.38622E+21,1.21884E+16,4.85849E+16
64016,64017,9,6,71,112,2016,2,9,5,3,3,6,0,0,0,1,0,0,0,0,5.17793E+20,5.53827E+21,9.24826E+15,4.99965E+16
64017,64018,9,1,90,148,2016,2,18,2,3,5,3,2,0,0,1,0,0,0,0,6.41982E+20,5.29754E+21,1.08966E+16,4.78156E+16
64018,64019,9,3,73,156,2016,2,11,4,3,5,3,0,0,0,1,0,0,0,0,6.66712E+20,5.46307E+21,1.12931E+16,4.92976E+16
64019,64020,9,1,61,0,2016,2,18,6,3,6,2,2,1,0,1,1,0,0,0,6.81357E+20,5.40222E+21,1.14671E+16,4.87466E+16
64020,64021,9,1,76,166,2016,2,6,3,3,4,6,0,0,0,1,0,0,0,0,6.52743E+20,5.40929E+21,1.10808E+16,4.88178E+16
64021,64022,9,5,74,152,2016,2,22,7,3,0,7,2,1,0,1,0,0,0,0,6.6426E+20,5.48138E+21,1.12669E+16,4.94629E+16
64022,64023,9,3,63,0,2016,2,10,2,3,4,2,0,0,0,1,0,0,0,0,7.28021E+20,5.50781E+21,1.2161E+16,4.96796E+16
64023,64024,9,4,72,119,2016,2,4,7,3,0,1,2,1,0,1,0,0,0,0,6.86862E+20,5.53867E+21,1.1606E+16,4.99711E+16
64024,64025,9,1,62,0,2016,2,10,5,3,3,2,0,0,1,1,0,0,0,0,6.88655E+20,5.33627E+21,1.15366E+16,4.81517E+16
64025,64026,9,7,78,150,2016,2,18,1,3,2,6,2,0,0,1,0,0,0,0,5.84224E+20,5.32081E+21,1.01299E+16,4.8035E+16
64026,64027,9,3,75,196,2016,2,20,5,2,2,6,2,0,0,1,0,0,0,0,7.38134E+20,5.41457E+21,1.22455E+16,4.88384E+16
64027,64028,9,1,80,124,2016,2,18,3,2,6,2,2,1,0,1,1,0,0,0,6.65338E+20,5.28339E+21,1.1203E+16,4.76827E+16
64028,64029,9,6,71,111,2016,2,2,7,3,0,1,2,2,0,1,0,0,0,0,5.07885E+20,5.55081E+21,9.11028E+15,5.01095E+16
64029,64030,9,5,74,164,2016,2,16,6,3,3,6,0,1,0,1,0,0,1,0,6.66197E+20,5.47551E+21,1.12912E+16,4.94096E+16
64030,64031,9,3,61,0,2016,2,21,6,3,5,3,2,1,0,1,0,0,0,0,7.08866E+20,5.48006E+21,1.18811E+16,4.94373E+16
64031,64032,9,5,64,0,2016,2,9,2,3,2,6,0,0,0,1,0,0,0,0,6.47875E+20,5.48013E+21,1.10405E+16,4.94558E+16
64032,64033,9,1,84,148,2016,2,23,5,3,5,3,2,0,0,1,0,0,0,0,6.97137E+20,5.32663E+21,1.1646E+16,4.80624E+16
64033,64034,9,1,88,139,2016,2,12,2,3,1,5,0,0,0,1,0,0,0,0,6.74077E+20,5.32001E+21,1.13341E+16,4.80096E+16
64034,64035,9,5,76,148,2016,2,6,1,3,9,6,2,1,0,1,0,0,1,0,6.66236E+20,5.44281E+21,1.12781E+16,4.91156E+16
64035,64036,9,1,76,114,2016,2,14,7,3,9,1,0,2,0,1,0,0,0,0,6.8083E+20,5.42559E+21,1.14703E+16,4.89568E+16
64036,64037,9,1,73,118,2016,2,9,4,3,5,3,0,1,0,1,0,0,0,1,6.94149E+20,5.30276E+21,1.15952E+16,4.78489E+16
64037,64038,9,1,79,138,2016,2,7,5,3,9,1,0,2,0,1,0,0,0,0,6.57472E+20,5.33423E+21,1.11169E+16,4.81418E+16
64038,64039,9,2,78,184,2016,2,0,6,2,0,7,2,1,0,1,0,0,0,0,7.78493E+20,5.43522E+21,1.28085E+16,4.9007E+16
64039,64040,9,5,75,119,2016,2,7,5,2,8,1,0,0,0,1,0,0,0,0,6.11175E+20,5.49021E+21,1.05371E+16,4.95543E+16
64040,64041,9,1,71,111,2016,2,7,2,3,4,6,0,0,0,1,0,0,0,0,7.72828E+20,5.34909E+21,1.26745E+16,4.82363E+16
64041,64042,9,5,71,145,2016,2,11,3,2,1,6,0,1,0,1,0,0,1,0,5.93472E+20,5.45355E+21,1.02838E+16,4.92276E+16
64042,64043,9,2,62,0,2016,2,19,4,3,3,6,2,1,0,1,0,0,0,0,8.27092E+20,5.38986E+21,1.3435E+16,4.85763E+16
64043,64044,9,7,61,0,2016,2,13,7,3,3,1,0,1,0,1,0,0,0,0,6.39931E+20,5.354E+21,1.08877E+16,4.83237E+16
64044,64045,9,1,74,126,2016,2,14,3,3,1,6,0,0,0,1,0,0,0,0,6.83567E+20,5.34405E+21,1.14716E+16,4.82231E+16
64045,64046,9,5,75,156,2016,2,17,7,2,9,1,2,1,0,1,0,0,0,0,6.06557E+20,5.47777E+21,1.047E+16,4.94433E+16
64046,64047,9,3,73,146,2016,2,6,2,3,9,7,1,0,0,1,0,0,0,0,6.73738E+20,5.4518E+21,1.13847E+16,4.91944E+16
64047,64048,9,4,71,131,2016,2,12,7,3,2,6,0,1,0,1,0,0,0,0,6.31309E+20,5.52253E+21,1.08262E+16,4.98408E+16
64048,64049,9,1,84,123,2016,2,16,5,2,6,3,0,0,0,1,1,0,0,0,7.02633E+20,5.33198E+21,1.17223E+16,4.81088E+16
64049,64050,9,7,71,114,2016,2,23,1,1,8,7,2,0,0,1,0,0,0,0,6.48212E+20,5.37193E+21,1.10057E+16,4.8483E+16
64050,64051,9,2,77,124,2016,2,19,5,3,8,7,2,0,0,1,0,0,0,0,7.82805E+20,5.36987E+21,1.28225E+16,4.84184E+16
64051,64052,9,7,78,214,2016,2,15,5,2,5,3,0,0,0,1,0,0,1,0,5.97213E+20,5.3227E+21,1.03045E+16,4.80502E+16
64052,64053,9,3,63,0,2016,2,12,1,3,2,6,0,0,0,1,0,0,0,0,7.23078E+20,5.50884E+21,1.20932E+16,4.96908E+16
64053,64054,9,7,74,196,2016,2,15,6,2,5,3,0,1,0,1,0,0,0,0,6.10202E+20,5.36989E+21,1.0491E+16,4.84725E+16
64054,64055,9,7,72,147,2016,2,18,4,3,2,6,0,0,0,1,0,0,0,0,6.38421E+20,5.36407E+21,1.08707E+16,4.84146E+16
64055,64056,9,1,84,131,2016,2,13,4,3,2,6,0,0,0,1,0,0,1,0,7.04256E+20,5.3378E+21,1.17468E+16,4.81606E+16
64056,64057,9,1,73,147,2016,2,23,6,3,4,2,2,0,0,1,0,0,0,0,6.81949E+20,5.30844E+21,1.14347E+16,4.79035E+16
64057,64058,9,6,79,196,2016,2,8,3,3,8,1,0,2,0,1,0,0,0,0,5.52522E+20,5.51397E+21,9.72948E+15,4.97759E+16
64058,64059,9,1,84,122,2016,2,14,5,3,4,1,0,2,0,1,0,0,0,0,6.87792E+20,5.32404E+21,1.15196E+16,4.8042E+16
64059,64060,9,5,71,174,2016,2,14,1,2,2,6,0,0,0,1,0,0,0,0,6.02527E+20,5.46158E+21,1.04102E+16,4.92983E+16
64060,64061,9,1,77,133,2016,2,13,7,3,5,3,0,1,0,1,0,0,0,0,7.11128E+20,5.35548E+21,1.18479E+16,4.83172E+16
64061,64062,9,1,84,121,2016,2,8,4,3,8,1,0,1,0,1,0,0,0,0,7.06171E+20,5.32823E+21,1.17679E+16,4.8074E+16
64062,64063,9,1,87,131,2016,2,15,4,2,0,3,0,0,0,1,0,1,0,0,7.36388E+20,5.28848E+21,1.21512E+16,4.77064E+16
64063,64064,9,1,77,117,2016,2,6,5,3,5,3,2,1,0,1,0,0,0,1,7.16723E+20,5.35428E+21,1.19227E+16,4.83045E+16
64064,64065,9,2,75,143,2016,2,17,6,3,2,6,0,0,0,1,0,0,0,0,8.11838E+20,5.36478E+21,1.32101E+16,4.83591E+16
64065,64066,9,4,72,177,2016,2,17,5,2,3,6,0,0,0,1,0,0,1,0,6.781E+20,5.50436E+21,1.14681E+16,4.96654E+16
64066,64067,9,1,76,138,2016,2,7,2,3,9,1,0,1,0,1,0,0,0,0,6.71382E+20,5.42742E+21,1.13421E+16,4.89759E+16
64067,64068,9,3,74,162,2016,2,10,3,3,2,6,0,1,0,1,0,0,0,0,7.39337E+20,5.50323E+21,1.23148E+16,4.96341E+16
64068,64069,9,2,75,114,2016,2,16,1,3,9,1,0,0,0,1,0,0,0,0,8.0112E+20,5.39063E+21,1.30844E+16,4.85963E+16
64069,64070,9,1,77,135,2016,2,18,3,3,4,6,0,1,0,1,0,0,0,0,7.19016E+20,5.34451E+21,1.19485E+16,4.8216E+16
64070,64071,9,6,77,125,2016,2,13,7,3,4,6,0,1,0,1,0,0,0,0,5.46198E+20,5.51747E+21,9.64207E+15,4.98079E+16
64071,64072,9,4,75,169,2016,2,20,7,3,4,1,2,1,0,1,0,0,0,0,6.81352E+20,5.57103E+21,1.15446E+16,5.02636E+16
64072,64073,9,3,76,170,2016,2,8,2,3,8,7,0,0,0,1,0,0,0,0,7.26848E+20,5.45659E+21,1.21154E+16,4.922E+16
64073,64074,9,3,73,147,2016,2,15,7,2,6,4,0,1,0,1,1,0,0,0,6.78738E+20,5.46116E+21,1.14575E+16,4.9277E+16
64074,64075,9,1,84,132,2016,2,11,5,3,1,5,0,0,0,1,0,0,0,0,6.83481E+20,5.32966E+21,1.14642E+16,4.80938E+16
64075,64076,9,2,79,132,2016,2,6,7,3,3,6,1,1,0,1,0,0,1,0,7.69934E+20,5.40254E+21,1.26701E+16,4.87174E+16
64076,64077,9,6,78,136,2016,2,14,1,3,8,1,0,1,0,1,0,0,0,0,5.86768E+20,5.5378E+21,1.02104E+16,4.99863E+16
64077,64078,9,1,73,118,2016,2,9,5,3,8,1,0,2,0,0,0,0,0,1,6.89721E+20,5.30571E+21,1.15374E+16,4.78767E+16
64078,64079,9,2,74,194,2016,2,8,6,3,8,1,0,0,0,1,0,0,0,0,7.22734E+20,5.38126E+21,1.2018E+16,4.85449E+16
64079,64080,9,7,62,0,2016,2,5,5,3,0,1,2,2,1,0,0,0,0,0,6.22589E+20,5.30655E+21,1.06403E+16,4.79005E+16
64080,64081,9,7,72,223,2016,2,12,6,3,2,6,0,0,0,0,0,0,1,1,6.15173E+20,5.36216E+21,1.05561E+16,4.84021E+16
64081,64082,9,5,72,158,2016,2,15,4,3,5,3,0,0,1,1,0,0,0,0,6.49522E+20,5.49582E+21,1.10691E+16,4.95964E+16
64082,64083,9,1,62,0,2016,2,8,3,3,5,3,0,0,0,1,0,0,0,0,6.88563E+20,5.33498E+21,1.15348E+16,4.81401E+16
64083,64084,9,1,76,124,2016,2,16,6,3,2,6,0,0,0,1,0,0,0,0,6.66979E+20,5.41292E+21,1.1276E+16,4.88468E+16
64084,64085,9,6,72,121,2016,2,2,3,2,2,6,2,1,0,1,0,0,1,0,5.7027E+20,5.54955E+21,9.98243E+15,5.00941E+16
64085,64086,9,6,71,160,2016,2,7,5,3,4,6,0,0,0,1,0,0,0,0,5.21632E+20,5.52329E+21,9.30098E+15,4.98616E+16
64086,64087,9,2,71,125,2016,2,0,3,2,9,1,2,0,0,1,0,0,0,0,7.97774E+20,5.40876E+21,1.30522E+16,4.87605E+16
64087,64088,9,6,73,141,2016,2,17,6,3,4,1,2,0,0,1,0,0,0,0,6.08396E+20,5.57431E+21,1.05224E+16,5.03109E+16
64088,64089,9,4,74,126,2016,2,2,6,3,9,1,2,0,0,1,0,0,0,0,6.49236E+20,5.5093E+21,1.10703E+16,4.97177E+16
64089,64090,9,1,62,0,2016,2,19,7,3,2,6,2,0,0,1,0,0,0,0,6.88908E+20,5.34012E+21,1.15417E+16,4.81862E+16
64090,64091,9,7,71,122,2016,2,9,2,2,8,6,0,0,0,1,0,0,1,0,6.55394E+20,5.35988E+21,1.10984E+16,4.83729E+16
64091,64092,9,1,62,0,2016,2,7,5,3,5,3,0,0,0,1,0,0,0,0,6.81938E+20,5.33541E+21,1.1446E+16,4.81459E+16
64092,64093,9,1,62,0,2016,2,13,5,3,1,6,0,0,0,1,0,0,0,0,6.92982E+20,5.3313E+21,1.15924E+16,4.81057E+16
64093,64094,9,3,61,0,2016,2,8,3,2,5,3,0,1,0,1,0,1,0,0,7.07934E+20,5.48041E+21,1.18684E+16,4.94407E+16
64094,64095,9,6,77,157,2016,2,22,6,2,4,6,2,2,0,1,0,0,0,0,5.38357E+20,5.51882E+21,9.53323E+15,4.98206E+16
64095,64096,9,5,71,145,2016,2,11,6,2,2,6,0,1,0,1,0,0,0,0,5.94807E+20,5.45379E+21,1.03022E+16,4.92296E+16
64096,64097,9,1,81,122,2016,2,2,1,3,7,7,2,0,0,1,0,0,0,0,6.47272E+20,5.33433E+21,1.09799E+16,4.81452E+16
64097,64098,9,1,62,0,2016,2,12,2,3,2,6,0,0,0,1,0,0,0,1,6.93938E+20,5.33167E+21,1.16054E+16,4.81087E+16
64098,64099,9,6,74,171,2016,2,11,7,3,9,1,0,2,0,1,0,0,0,0,6.13709E+20,5.56074E+21,1.05929E+16,5.01879E+16
64099,64100,9,2,78,112,2016,2,17,7,3,9,1,2,2,0,1,0,0,0,0,7.55046E+20,5.42635E+21,1.24829E+16,4.89374E+16
64100,64101,9,7,75,111,2016,2,11,5,2,3,7,0,0,0,1,0,0,1,0,5.84177E+20,5.33548E+21,1.01321E+16,4.8167E+16
64101,64102,9,1,71,112,2016,2,19,7,3,2,6,2,1,0,1,0,0,0,0,7.84046E+20,5.34388E+21,1.28218E+16,4.81846E+16
64102,64103,9,1,63,0,2016,2,7,5,3,0,1,0,1,0,0,0,1,0,0,7.34722E+20,5.30373E+21,1.21373E+16,4.7844E+16
64103,64104,9,4,79,158,2016,2,13,6,3,4,2,0,0,0,1,0,0,0,0,7.22074E+20,5.5516E+21,1.21038E+16,5.00752E+16
64104,64105,9,2,79,112,2016,2,6,6,3,2,6,0,0,0,0,0,0,0,1,7.56629E+20,5.39384E+21,1.24842E+16,4.86448E+16
64105,64106,9,7,79,112,2016,2,12,5,2,3,2,0,0,0,1,0,0,0,1,6.10346E+20,5.39974E+21,1.05009E+16,4.87409E+16
64106,64107,9,4,75,162,2016,2,13,4,2,5,3,0,1,0,1,0,0,0,0,7.16561E+20,5.56972E+21,1.20372E+16,5.02399E+16
64107,64108,9,1,75,132,2016,2,12,6,3,0,3,0,0,0,1,0,0,0,0,7.07797E+20,5.33356E+21,1.17923E+16,4.81214E+16
64108,64109,9,6,76,145,2016,2,15,3,3,6,4,0,1,0,1,1,0,0,0,5.10379E+20,5.52081E+21,9.14435E+15,4.98396E+16
64109,64110,9,6,71,122,2016,2,5,5,3,5,3,2,1,0,1,0,1,0,0,5.06503E+20,5.53155E+21,9.09062E+15,4.99363E+16
64110,64111,9,2,73,111,2016,2,19,3,3,8,1,2,0,0,1,0,0,0,0,7.07712E+20,5.41217E+21,1.18302E+16,4.88278E+16
64111,64112,9,6,71,130,2016,2,17,6,3,0,6,1,1,0,1,0,0,0,0,5.16707E+20,5.53927E+21,9.23315E+15,5.00055E+16
64112,64113,9,3,72,116,2016,2,9,6,3,2,2,0,0,0,1,0,0,0,0,7.65877E+20,5.46133E+21,1.26535E+16,4.92469E+16
64113,64114,9,6,72,114,2016,2,10,2,3,8,1,0,0,0,1,0,0,0,0,5.72634E+20,5.56419E+21,1.00183E+16,5.02254E+16
64114,64115,9,7,75,135,2016,2,8,5,3,8,7,0,0,0,1,0,0,1,0,5.80658E+20,5.35376E+21,1.00883E+16,4.83318E+16
64115,64116,9,6,72,126,2016,2,11,1,3,8,1,0,1,0,1,0,0,0,0,5.66505E+20,5.56962E+21,9.93331E+15,5.0275E+16
64116,64117,9,1,81,130,2016,2,8,5,3,8,1,0,2,0,1,0,0,0,0,6.38685E+20,5.3194E+21,1.08596E+16,4.80128E+16
64117,64118,9,2,76,115,2016,2,16,6,3,0,6,0,0,0,1,0,0,0,0,8.06536E+20,5.44947E+21,1.32017E+16,4.91215E+16
64118,64119,9,5,72,132,2016,2,18,5,3,5,3,2,0,0,1,0,0,0,0,6.34795E+20,5.49321E+21,1.08646E+16,4.95765E+16
64119,64120,9,1,73,135,2016,2,10,2,2,2,2,0,0,0,1,0,0,0,0,6.92427E+20,5.2856E+21,1.15646E+16,4.76951E+16
64120,64121,9,3,61,0,2016,2,17,4,3,4,2,1,0,0,1,0,0,0,0,7.07935E+20,5.4808E+21,1.18687E+16,4.94442E+16
64121,64122,9,1,86,128,2016,2,18,7,3,4,6,2,1,0,1,0,0,0,0,6.77277E+20,5.38456E+21,1.14041E+16,4.8589E+16
64122,64123,9,1,61,0,2016,2,7,5,3,2,7,0,1,0,1,0,1,0,0,6.70629E+20,5.4057E+21,1.13227E+16,4.87808E+16
64123,64124,9,4,74,123,2016,2,23,6,3,2,6,2,0,0,1,0,0,0,0,6.4779E+20,5.5144E+21,1.10522E+16,4.97639E+16
64124,64125,9,1,84,132,2016,2,22,6,3,9,6,2,0,0,1,0,0,0,0,6.83601E+20,5.32554E+21,1.14641E+16,4.80567E+16
64125,64126,9,6,79,202,2016,2,17,5,3,1,6,0,0,0,1,0,0,0,0,5.63198E+20,5.51925E+21,9.87861E+15,4.98224E+16
64126,64127,9,2,61,0,2016,2,20,2,2,6,4,2,0,0,1,1,0,0,0,7.31217E+20,5.38202E+21,1.21332E+16,4.85486E+16
64127,64128,9,4,74,126,2016,2,16,4,3,2,2,0,0,0,1,0,0,0,0,6.48963E+20,5.50721E+21,1.10657E+16,4.96989E+16
64128,64129,9,1,87,125,2016,2,6,3,3,5,3,2,0,1,0,0,0,0,1,7.52504E+20,5.31361E+21,1.23803E+16,4.7926E+16
64129,64130,9,5,76,113,2016,2,14,7,3,2,6,0,1,0,1,0,0,0,0,6.61215E+20,5.45791E+21,1.12154E+16,4.92527E+16
64130,64131,9,4,75,136,2016,2,19,2,2,9,1,2,0,0,1,0,0,0,0,6.95558E+20,5.56677E+21,1.17415E+16,5.02207E+16
64131,64132,9,7,75,139,2016,2,13,5,3,2,6,0,0,0,1,0,0,1,0,5.78343E+20,5.36727E+21,1.00596E+16,4.84537E+16
64132,64133,9,1,78,155,2016,2,6,2,3,2,6,1,0,0,1,0,0,0,0,7.21122E+20,5.3741E+21,1.19924E+16,4.84811E+16
64133,64134,9,5,64,0,2016,2,7,1,3,0,1,0,1,0,0,0,1,0,0,6.53697E+20,5.48037E+21,1.11209E+16,4.94566E+16
64134,64135,9,1,88,120,2016,2,10,7,3,5,3,0,1,0,1,0,0,0,0,6.77216E+20,5.32653E+21,1.13789E+16,4.80674E+16
64135,64136,9,1,62,0,2016,2,12,4,3,4,2,0,0,0,1,0,0,0,0,6.85722E+20,5.33529E+21,1.14967E+16,4.81437E+16
64136,64137,9,1,84,148,2016,2,17,4,3,2,6,1,0,0,1,0,0,0,0,6.93475E+20,5.32822E+21,1.15977E+16,4.80779E+16
64137,64138,9,1,77,116,2016,2,8,5,3,2,6,0,1,0,1,0,0,0,0,7.09184E+20,5.36376E+21,1.18259E+16,4.83922E+16
64138,64139,9,2,77,140,2016,2,7,6,3,5,3,0,0,0,1,0,0,0,0,7.93044E+20,5.35868E+21,1.29528E+16,4.83133E+16
64139,64140,9,5,75,146,2016,2,16,5,3,9,6,0,0,0,1,0,0,1,0,5.94378E+20,5.49067E+21,1.03051E+16,4.95613E+16
64140,64141,9,1,82,116,2016,2,15,2,3,2,6,0,0,0,1,0,0,0,0,7.03793E+20,5.29244E+21,1.17191E+16,4.77531E+16
64141,64142,9,5,75,156,2016,2,10,3,3,5,3,0,1,0,1,0,0,0,0,6.11579E+20,5.47959E+21,1.05397E+16,4.94587E+16
64142,64143,9,2,77,111,2016,2,13,4,3,5,3,0,0,0,1,0,0,0,0,7.84873E+20,5.38744E+21,1.28624E+16,4.85752E+16
64143,64144,9,3,71,118,2016,2,19,1,3,9,6,2,1,0,1,0,0,0,0,7.13148E+20,5.47598E+21,1.19379E+16,4.93991E+16
64144,64145,9,6,79,154,2016,2,1,7,2,8,1,2,2,0,1,0,0,1,0,5.58878E+20,5.51093E+21,9.81729E+15,4.97479E+16
64145,64146,9,1,78,120,2016,2,16,3,3,5,3,0,1,0,1,0,0,0,0,6.92726E+20,5.35556E+21,1.16E+16,4.83238E+16
64146,64147,9,5,71,171,2016,2,0,7,3,1,1,2,2,0,1,0,0,0,0,6.12729E+20,5.47012E+21,1.05529E+16,4.93734E+16
64147,64148,9,3,76,141,2016,2,8,2,2,0,6,0,0,0,1,0,0,1,0,7.26914E+20,5.45475E+21,1.21153E+16,4.92035E+16
64148,64149,9,3,75,180,2016,2,14,7,2,2,6,0,1,0,1,0,0,0,0,7.24142E+20,5.42971E+21,1.20634E+16,4.89796E+16
64149,64150,9,7,75,135,2016,2,14,5,3,5,3,0,0,0,1,0,0,0,0,5.74334E+20,5.36098E+21,1.00042E+16,4.83976E+16
64150,64151,9,7,74,150,2016,2,18,7,3,0,7,2,1,0,1,1,0,0,0,6.01839E+20,5.34433E+21,1.03717E+16,4.8244E+16
64151,64152,9,1,88,139,2016,2,10,3,3,2,6,0,0,0,1,0,0,0,0,6.76258E+20,5.31885E+21,1.13629E+16,4.79986E+16
64152,64153,9,5,64,0,2016,2,10,7,2,5,2,0,1,0,1,0,0,0,0,6.45276E+20,5.48756E+21,1.10074E+16,4.95232E+16
64153,64154,9,3,63,0,2016,2,18,2,3,2,3,2,1,0,1,0,0,0,0,7.28032E+20,5.50701E+21,1.21607E+16,4.96724E+16
64154,64155,9,4,78,176,2016,2,15,7,3,8,6,0,2,0,1,0,0,0,0,6.59328E+20,5.54165E+21,1.12235E+16,5.00059E+16
64155,64156,9,7,74,148,2016,2,16,5,2,2,6,0,0,0,1,0,0,0,0,5.96192E+20,5.36276E+21,1.02999E+16,4.84106E+16