FID,OBJECTID,ULAND,UREGBEZ,UKREIS,UGEMEINDE,UJAHR,UMONAT,USTUNDE,UWOCHENTAG,UKATEGORIE,UART,UTYP1,ULICHTVERH,IstStrasse,IstRad,IstPKW,IstFuss,IstKrad,IstGkfz,IstSonstig,LINREFX,LINREFY,XGCSWGS84,YGCSWGS84
64335,64336,9,5,74,112,2016,2,16,7,2,8,1,0,1,0,1,0,0,0,0,6.72858E+20,5.47464E+21,1.13825E+16,4.93999E+16
64336,64337,9,5,62,0,2016,2,21,6,3,5,3,2,0,0,1,0,0,0,0,6.45818E+20,5.49546E+21,1.10178E+16,4.95941E+16
64337,64338,9,2,78,190,2016,2,12,6,3,5,3,0,0,0,1,0,0,0,0,7.63919E+20,5.42819E+21,1.2605E+16,4.89502E+16
64338,64339,9,5,64,0,2016,2,14,2,3,2,6,0,0,0,1,0,0,0,0,6.53786E+20,5.47885E+21,1.11215E+16,4.94428E+16
64339,64340,9,7,72,167,2016,2,12,5,3,2,6,0,0,0,1,0,0,0,0,6.23654E+20,5.35316E+21,1.0668E+16,4.83195E+16
64340,64341,9,1,88,139,2016,2,17,2,3,2,6,2,0,0,1,0,0,0,0,6.75708E+20,5.31905E+21,1.13556E+16,4.80006E+16
64341,64342,9,5,72,135,2016,2,23,1,2,8,1,2,1,0,1,0,0,0,0,6.30925E+20,5.51115E+21,1.08171E+16,4.97386E+16
64342,64343,9,1,81,130,2016,2,15,7,3,2,6,0,1,0,1,0,0,0,0,6.38911E+20,5.32551E+21,1.08647E+16,4.80677E+16
64343,64344,9,1,62,0,2016,2,9,4,2,6,4,0,1,0,1,1,0,0,0,6.82531E+20,5.3357E+21,1.14541E+16,4.81483E+16
64344,64345,9,1,83,126,2016,2,12,4,3,2,6,0,0,0,1,0,0,0,0,7.30369E+20,5.33826E+21,1.20977E+16,4.81558E+16
64345,64346,9,1,84,112,2016,2,13,5,3,2,6,0,1,0,0,0,0,1,0,7.0335E+20,5.33912E+21,1.17353E+16,4.81728E+16
64346,64347,9,2,75,111,2016,2,14,6,2,4,2,0,0,0,1,0,0,0,0,8.16145E+20,5.40081E+21,1.32954E+16,4.86802E+16
64347,64348,9,5,71,136,2016,2,12,5,3,2,6,0,1,0,1,0,0,0,0,5.98366E+20,5.43712E+21,1.0347E+16,4.90791E+16
64348,64349,9,1,87,118,2016,2,13,2,3,5,3,0,0,1,1,0,0,0,0,7.52942E+20,5.30045E+21,1.23785E+16,4.78076E+16
64349,64350,9,5,71,165,2016,2,11,3,2,4,2,0,1,0,1,0,0,0,0,6.29975E+20,5.46482E+21,1.07886E+16,4.93223E+16
64350,64351,9,2,77,133,2016,2,6,4,3,9,6,0,0,0,1,0,0,1,0,7.69587E+20,5.37081E+21,1.26449E+16,4.84327E+16
64351,64352,9,7,71,113,2016,2,16,7,3,8,1,0,1,0,1,0,0,0,0,6.54874E+20,5.36527E+21,1.10933E+16,4.84216E+16
64352,64353,9,1,74,151,2016,2,18,3,2,6,4,2,1,0,1,1,0,0,0,6.7869E+20,5.36139E+21,1.14133E+16,4.83803E+16
64353,64354,9,5,61,0,2016,2,1,7,3,8,1,2,2,0,1,0,0,0,0,6.13838E+20,5.45868E+21,1.05649E+16,4.92703E+16
64354,64355,9,3,72,116,2016,2,3,2,3,5,2,2,1,0,1,0,0,1,0,7.66645E+20,5.45624E+21,1.26607E+16,4.92009E+16
64355,64356,9,4,71,195,2016,2,12,7,2,8,1,0,1,0,1,0,0,0,0,6.40633E+20,5.52819E+21,1.09579E+16,4.98896E+16
64356,64357,9,7,72,147,2016,2,19,5,3,2,6,2,0,0,1,0,0,0,0,6.38092E+20,5.36509E+21,1.08666E+16,4.84238E+16
64357,64358,9,2,71,135,2016,2,19,7,3,8,1,2,2,0,1,0,0,0,0,7.92042E+20,5.40512E+21,1.29718E+16,4.87306E+16
64358,64359,9,7,71,112,2016,2,22,1,2,9,1,2,0,0,1,0,0,0,0,6.47474E+20,5.36874E+21,1.09946E+16,4.84545E+16
64359,64360,9,2,74,184,2016,2,17,5,2,4,6,0,0,0,1,0,0,1,0,7.49933E+20,5.36928E+21,1.23787E+16,4.8427E+16
64360,64361,9,7,78,173,2016,2,6,5,2,4,6,2,2,0,1,0,0,1,0,6.15153E+20,5.3204E+21,1.05445E+16,4.80265E+16
64361,64362,9,3,73,112,2016,2,14,1,3,5,3,0,0,0,1,0,0,0,0,6.78528E+20,5.44194E+21,1.14461E+16,4.91044E+16
64362,64363,9,3,63,0,2016,2,16,2,3,6,4,0,0,0,0,1,0,0,1,7.27681E+20,5.50693E+21,1.21558E+16,4.96719E+16
64363,64364,9,4,72,127,2016,2,12,7,3,3,6,0,2,0,1,0,0,0,0,6.79969E+20,5.52346E+21,1.15028E+16,4.98365E+16
64364,64365,9,7,61,0,2016,2,10,5,3,2,6,0,0,0,1,0,0,0,0,6.41016E+20,5.35702E+21,1.09034E+16,4.83506E+16
64365,64366,9,7,74,189,2016,2,7,1,2,9,1,0,0,0,1,0,0,0,0,5.96917E+20,5.35007E+21,1.03067E+16,4.82964E+16
64366,64367,9,3,75,213,2016,2,7,5,3,2,6,0,0,0,1,0,0,0,0,7.26939E+20,5.44064E+21,1.21077E+16,4.90767E+16
64367,64368,9,1,62,0,2016,2,14,5,3,5,3,0,1,0,1,0,0,0,1,6.93841E+20,5.33165E+21,1.16041E+16,4.81086E+16
64368,64369,9,4,75,165,2016,2,4,1,3,9,1,2,1,0,1,0,0,0,0,6.95288E+20,5.5731E+21,1.17409E+16,5.02776E+16
64369,64370,9,1,77,137,2016,2,4,7,3,9,1,2,1,0,1,0,0,0,0,7.29048E+20,5.34569E+21,1.2084E+16,4.8223E+16
64370,64371,9,1,62,0,2016,2,17,4,3,5,3,0,0,0,1,0,0,0,0,6.95493E+20,5.33092E+21,1.1626E+16,4.81015E+16
64371,64372,9,1,61,0,2016,2,13,4,3,5,3,0,0,1,1,0,0,0,0,6.79189E+20,5.40337E+21,1.14382E+16,4.87576E+16
64372,64373,9,1,75,121,2016,2,7,5,3,8,1,0,2,0,1,0,0,0,0,7.13622E+20,5.31574E+21,1.18616E+16,4.79593E+16
64373,64374,9,2,77,121,2016,2,22,6,3,5,3,2,1,0,1,0,0,0,0,7.64091E+20,5.371E+21,1.25708E+16,4.84367E+16
64374,64375,9,7,80,140,2016,2,16,3,1,4,1,0,2,0,1,0,0,0,0,6.06029E+20,5.28143E+21,1.04126E+16,4.76776E+16
64375,64376,9,3,74,134,2016,2,6,5,2,8,1,2,1,0,1,0,0,0,0,7.15533E+20,5.50856E+21,1.19885E+16,4.96909E+16
64376,64377,9,3,74,111,2016,2,17,3,3,2,6,0,1,0,1,0,0,0,0,7.27585E+20,5.5119E+21,1.21573E+16,4.97165E+16
64377,64378,9,2,74,141,2016,2,11,1,3,8,1,0,0,0,1,0,0,0,0,7.25527E+20,5.39606E+21,1.20638E+16,4.86768E+16
64378,64379,9,1,75,131,2016,2,13,3,2,9,1,0,0,0,1,0,0,0,0,7.09049E+20,5.32292E+21,1.18039E+16,4.80253E+16
64379,64380,9,6,77,148,2016,2,4,7,2,9,1,2,2,0,1,0,0,0,0,5.47451E+20,5.53837E+21,9.66205E+15,4.99957E+16
64380,64381,9,4,75,154,2016,2,11,7,3,9,1,0,2,0,1,0,0,0,0,6.9894E+20,5.56231E+21,1.17865E+16,5.01796E+16
64381,64382,9,2,63,0,2016,2,7,2,3,2,6,0,0,0,1,0,0,0,0,7.60622E+20,5.42241E+21,1.25564E+16,4.88998E+16
64382,64383,9,3,73,140,2016,2,16,7,3,2,6,0,2,0,1,0,0,1,0,6.78292E+20,5.47699E+21,1.14584E+16,4.94195E+16
64383,64384,9,6,75,141,2016,2,17,5,3,2,6,0,1,0,1,0,0,0,0,5.83661E+20,5.51089E+21,1.01612E+16,4.97447E+16
64384,64385,9,1,90,114,2016,2,7,7,3,4,1,0,2,0,1,0,0,0,0,6.34129E+20,5.28998E+21,1.07895E+16,4.77492E+16
64385,64386,9,1,73,126,2016,2,15,5,3,2,6,0,0,0,1,0,0,0,0,6.83723E+20,5.30618E+21,1.14574E+16,4.78827E+16
64386,64387,9,1,72,128,2016,2,17,6,3,4,2,1,1,0,1,0,0,0,0,7.92637E+20,5.29785E+21,1.29058E+16,4.77675E+16
64387,64388,9,7,77,129,2016,2,13,5,2,2,7,0,1,0,1,0,0,0,0,6.27977E+20,5.2701E+21,1.07016E+16,4.75717E+16
64388,64389,9,7,72,223,2016,2,17,6,3,5,3,0,0,0,1,0,0,0,0,6.16719E+20,5.36021E+21,1.05765E+16,4.83842E+16
64389,64390,9,5,65,0,2016,2,8,4,3,1,6,0,0,0,1,0,0,0,0,6.47373E+20,5.46977E+21,1.10297E+16,4.93628E+16
64390,64391,9,1,84,147,2016,2,21,3,3,4,1,2,1,0,1,0,0,0,0,6.96044E+20,5.33916E+21,1.16371E+16,4.81754E+16
64391,64392,9,1,81,139,2016,2,14,6,3,1,6,0,0,0,1,0,0,0,0,6.55767E+20,5.32338E+21,1.109E+16,4.80447E+16
64392,64393,9,6,78,150,2016,2,15,3,3,8,1,0,0,0,1,0,0,0,0,5.88822E+20,5.52983E+21,1.02372E+16,4.99142E+16
64393,64394,9,5,74,138,2016,2,15,5,2,3,7,0,0,0,1,0,1,0,0,6.65333E+20,5.48711E+21,1.12841E+16,4.9514E+16
64394,64395,9,2,78,118,2016,2,10,3,3,6,4,0,0,0,1,1,0,0,0,7.68937E+20,5.42505E+21,1.26713E+16,4.89199E+16
64395,64396,9,6,73,116,2016,2,21,6,3,9,7,2,0,0,1,0,0,0,0,5.83838E+20,5.58537E+21,1.018E+16,5.04143E+16
64396,64397,9,4,71,115,2016,2,19,6,2,0,1,2,0,1,0,0,0,0,0,6.32504E+20,5.53901E+21,1.08485E+16,4.99887E+16
64397,64398,9,1,62,0,2016,2,11,7,3,2,6,0,0,0,1,0,0,0,0,6.85497E+20,5.33531E+21,1.14937E+16,4.8144E+16
64398,64399,9,7,71,122,2016,2,10,2,3,3,6,0,0,0,1,0,0,0,0,6.48875E+20,5.3601E+21,1.10105E+16,4.83765E+16
64399,64400,9,1,74,126,2016,2,14,2,3,1,6,0,1,0,1,0,0,0,1,6.84241E+20,5.3446E+21,1.14809E+16,4.82278E+16
64400,64401,9,5,62,0,2016,3,18,4,3,3,6,2,1,0,1,0,0,1,0,6.44382E+20,5.49644E+21,1.09983E+16,4.96033E+16
64401,64402,9,6,72,112,2016,3,15,3,2,5,3,0,0,0,1,0,0,0,0,5.76616E+20,5.57148E+21,1.00756E+16,5.02905E+16
64402,64403,9,7,75,164,2016,3,7,3,3,4,7,1,2,0,1,0,0,0,0,5.83468E+20,5.34709E+21,1.01249E+16,4.82715E+16
64403,64404,9,4,78,139,2016,3,15,3,3,4,6,0,1,0,1,0,0,0,0,6.42895E+20,5.56119E+21,1.10017E+16,5.01856E+16
64404,64405,9,2,61,0,2016,3,5,3,2,3,6,2,1,0,1,0,0,0,1,7.34463E+20,5.38191E+21,1.2177E+16,4.85465E+16
64405,64406,9,6,77,148,2016,2,13,1,3,5,3,0,0,0,1,0,0,0,0,5.48108E+20,5.53818E+21,9.67119E+15,4.9994E+16
64406,64407,9,1,77,122,2016,2,9,1,3,8,1,0,0,0,1,0,0,0,0,7.28808E+20,5.35841E+21,1.20877E+16,4.83374E+16
64407,64408,9,5,63,0,2016,2,11,7,3,5,3,0,0,0,1,0,0,0,0,6.45089E+20,5.48141E+21,1.10025E+16,4.9468E+16
64408,64409,9,1,79,147,2016,2,14,7,3,8,1,0,0,0,1,0,0,0,0,6.64468E+20,5.33471E+21,1.1211E+16,4.81443E+16
64409,64410,9,7,61,0,2016,3,19,6,3,5,3,2,0,0,1,0,0,0,0,6.3747E+20,5.35947E+21,1.08564E+16,4.83735E+16
64410,64411,9,5,75,153,2016,2,16,2,3,4,6,2,2,0,1,0,0,0,0,6.16462E+20,5.49114E+21,1.06105E+16,4.95616E+16
64411,64412,9,2,77,124,2016,3,10,6,3,5,3,0,0,0,1,0,0,0,0,7.81016E+20,5.3693E+21,1.2798E+16,4.84141E+16
64412,64413,9,2,61,0,2016,2,13,2,3,6,4,0,1,0,1,1,0,0,0,7.32396E+20,5.38051E+21,1.21483E+16,4.85347E+16
64413,64414,9,7,75,143,2016,3,14,5,2,0,1,0,0,1,0,0,0,0,0,5.8603E+20,5.35621E+21,1.01612E+16,4.83532E+16
64414,64415,9,1,63,0,2016,3,18,4,3,6,2,2,1,0,1,1,0,0,0,7.34567E+20,5.30428E+21,1.21355E+16,4.7849E+16
64415,64416,9,3,72,164,2016,2,10,7,3,9,1,0,0,0,1,0,0,1,0,7.66379E+20,5.44653E+21,1.26506E+16,4.91139E+16
64416,64417,9,1,83,128,2016,3,15,5,3,2,6,0,0,0,1,0,0,0,0,7.61626E+20,5.3501E+21,1.25246E+16,4.82501E+16
64417,64418,9,1,87,130,2016,3,11,3,3,9,1,1,2,0,1,0,0,0,0,7.15011E+20,5.31281E+21,1.18787E+16,4.79325E+16
64418,64419,9,4,75,113,2016,3,16,4,3,9,7,0,1,0,1,0,0,0,0,7.00406E+20,5.58139E+21,1.18171E+16,5.03504E+16
64419,64420,9,7,72,131,2016,3,6,3,3,4,1,1,2,0,1,0,0,0,0,6.16766E+20,5.35667E+21,1.05761E+16,4.83524E+16
64420,64421,9,3,62,0,2016,3,10,3,3,1,6,0,0,0,1,0,0,0,0,7.24715E+20,5.43513E+21,1.20742E+16,4.90281E+16
64421,64422,9,5,64,0,2016,2,15,6,3,5,2,0,0,0,1,0,0,0,0,6.54437E+20,5.47777E+21,1.113E+16,4.9433E+16
64422,64423,9,1,89,124,2016,3,7,3,3,8,1,0,2,0,0,0,0,0,1,7.81071E+20,5.29555E+21,1.27503E+16,4.7752E+16
64423,64424,9,2,63,0,2016,2,4,1,3,9,1,2,0,0,1,0,0,0,0,7.58358E+20,5.42263E+21,1.25257E+16,4.89027E+16
64424,64425,9,7,80,143,2016,2,15,7,3,5,3,0,0,0,1,0,0,0,0,5.97962E+20,5.28173E+21,1.03052E+16,4.76815E+16
64425,64426,9,1,84,114,2016,2,6,7,2,2,6,1,0,0,1,0,0,0,0,6.9939E+20,5.32373E+21,1.16749E+16,4.80357E+16
64426,64427,9,5,64,0,2016,3,16,6,3,2,6,0,0,0,1,0,0,0,1,6.52213E+20,5.48183E+21,1.1101E+16,4.947E+16
64427,64428,9,1,74,111,2016,3,7,3,3,1,6,0,2,0,1,0,0,0,1,6.63388E+20,5.36248E+21,1.12073E+16,4.83943E+16
64428,64429,9,7,75,143,2016,2,17,2,2,6,7,1,1,0,1,1,0,0,0,5.8603E+20,5.35621E+21,1.01612E+16,4.83532E+16
64429,64430,9,2,73,137,2016,3,15,6,3,1,7,0,0,0,1,0,0,0,0,7.11208E+20,5.42305E+21,1.18834E+16,4.89243E+16
64430,64431,9,1,89,119,2016,2,5,2,2,4,6,2,1,0,1,0,0,0,1,7.69053E+20,5.30862E+21,1.25983E+16,4.78745E+16
64431,64432,9,7,73,182,2016,3,8,5,3,2,1,0,1,0,1,0,0,0,0,6.22303E+20,5.37993E+21,1.06576E+16,4.85605E+16
64432,64433,9,1,85,131,2016,3,7,4,3,2,6,0,1,0,1,0,0,0,0,6.67354E+20,5.37396E+21,1.12654E+16,4.84965E+16
64433,64434,9,2,71,125,2016,2,10,7,3,0,2,0,0,0,0,0,1,0,0,7.97613E+20,5.41E+21,1.30509E+16,4.87717E+16
64434,64435,9,1,61,0,2016,3,21,5,3,6,2,2,0,0,1,1,0,0,0,6.7938E+20,5.4028E+21,1.14405E+16,4.87523E+16
64435,64436,9,1,76,138,2016,3,11,3,2,5,3,0,1,0,1,0,0,0,0,6.75805E+20,5.42337E+21,1.14007E+16,4.89383E+16
64436,64437,9,3,75,208,2016,3,17,4,3,5,1,2,1,0,1,0,0,1,0,7.30645E+20,5.44019E+21,1.21581E+16,4.90713E+16
64437,64438,9,1,71,113,2016,3,16,3,3,1,2,1,1,0,1,0,0,0,0,7.76659E+20,5.34257E+21,1.27218E+16,4.8176E+16
64438,64439,9,5,71,171,2016,2,16,2,3,9,1,1,2,0,1,0,0,0,0,6.12583E+20,5.46965E+21,1.05508E+16,4.93691E+16
64439,64440,9,1,78,124,2016,2,5,7,3,8,6,2,0,0,1,0,0,0,0,7.00988E+20,5.35772E+21,1.17124E+16,4.83407E+16
64440,64441,9,4,73,158,2016,2,16,2,3,8,1,0,2,0,1,0,0,0,0,6.2234E+20,5.57908E+21,1.07197E+16,5.0351E+16
64441,64442,9,4,73,120,2016,3,9,6,3,5,3,0,0,0,1,0,0,0,0,6.43188E+20,5.57244E+21,1.101E+16,5.02867E+16
64442,64443,9,1,77,126,2016,3,6,3,3,4,6,2,2,0,1,0,0,0,0,7.19085E+20,5.37048E+21,1.19629E+16,4.84493E+16
64443,64444,9,7,80,132,2016,2,21,2,3,4,1,2,2,0,1,0,0,0,0,5.76175E+20,5.26675E+21,1.00124E+16,4.75497E+16
64444,64445,9,1,87,130,2016,2,16,2,3,5,3,0,1,0,1,0,0,0,0,7.1366E+20,5.30956E+21,1.18591E+16,4.79038E+16
64445,64446,9,7,74,118,2016,3,13,4,3,5,3,0,1,0,1,0,0,0,1,5.92895E+20,5.36567E+21,1.0256E+16,4.84373E+16
64446,64447,9,6,75,127,2016,3,7,3,3,2,2,0,1,0,1,0,0,0,0,6.06227E+20,5.51405E+21,1.04752E+16,4.97695E+16
64447,64448,9,5,77,158,2016,3,14,5,3,9,6,0,0,0,1,0,0,0,0,6.42644E+20,5.42292E+21,1.0948E+16,4.89427E+16
64448,64449,9,1,77,117,2016,3,7,4,3,2,6,0,0,0,1,0,0,0,0,7.16552E+20,5.35529E+21,1.19209E+16,4.83137E+16
64449,64450,9,1,62,0,2016,3,6,4,3,2,6,0,1,0,1,0,0,1,0,6.88707E+20,5.33784E+21,1.1538E+16,4.81657E+16
64450,64451,9,1,74,113,2016,3,17,3,3,5,3,1,2,0,1,0,0,0,0,6.78981E+20,5.34277E+21,1.14094E+16,4.82129E+16
64451,64452,9,2,78,171,2016,3,16,3,3,9,7,0,2,0,1,0,0,0,0,7.80479E+20,5.43123E+21,1.28328E+16,4.89703E+16
64452,64453,9,2,73,164,2016,3,4,4,3,8,1,2,2,0,1,0,0,0,0,6.91022E+20,5.42534E+21,1.16092E+16,4.89515E+16
64453,64454,9,7,61,0,2016,2,14,7,3,2,6,0,0,0,1,0,0,0,0,6.40731E+20,5.35556E+21,1.0899E+16,4.83375E+16
64454,64455,9,7,80,124,2016,3,14,6,3,8,1,0,0,0,1,0,0,0,0,5.86669E+20,5.26853E+21,1.01522E+16,4.75644E+16
64455,64456,9,5,62,0,2016,3,16,5,3,2,6,0,0,0,1,0,0,0,0,6.42788E+20,5.49545E+21,1.09759E+16,4.95947E+16
64456,64457,9,1,88,117,2016,3,13,4,3,5,3,0,1,0,1,0,0,0,0,6.65947E+20,5.31598E+21,1.12236E+16,4.79756E+16
64457,64458,9,1,79,123,2016,3,16,5,3,9,1,0,0,0,0,0,0,0,1,6.78349E+20,5.33239E+21,1.13965E+16,4.81198E+16
64458,64459,9,1,88,139,2016,3,13,3,3,8,1,0,2,0,0,0,0,0,1,6.72035E+20,5.32221E+21,1.13076E+16,4.803E+16
64459,64460,9,2,62,0,2016,3,14,4,2,2,6,0,1,0,1,0,0,0,0,8.26465E+20,5.3882E+21,1.34253E+16,4.85618E+16
64460,64461,9,4,61,0,2016,2,0,7,3,0,7,2,0,0,1,0,0,0,0,6.34383E+20,5.52921E+21,1.08713E+16,4.99001E+16
64461,64462,9,6,78,183,2016,2,18,2,3,9,1,2,2,0,1,0,0,0,0,5.95649E+20,5.5317E+21,1.03327E+16,4.993E+16
64462,64463,9,1,87,128,2016,3,15,3,3,5,3,0,1,0,1,0,0,0,0,7.49268E+20,5.31133E+21,1.23358E+16,4.79068E+16
64463,64464,9,4,79,126,2016,2,12,2,3,2,2,0,2,0,1,0,0,0,0,7.18565E+20,5.5548E+21,1.20567E+16,5.01051E+16
64464,64465,9,1,78,144,2016,2,21,7,3,6,6,2,0,0,1,1,0,0,0,7.07046E+20,5.37919E+21,1.18047E+16,4.85316E+16
64465,64466,9,4,77,156,2016,2,16,2,3,8,1,0,2,0,1,0,0,0,0,6.80365E+20,5.56452E+21,1.15276E+16,5.02054E+16
64466,64467,9,4,71,145,2016,3,17,6,2,5,3,0,0,0,1,0,0,0,0,6.40932E+20,5.51868E+21,1.09586E+16,4.9804E+16
64467,64468,9,1,75,112,2016,3,8,3,3,8,1,0,2,0,1,0,0,0,0,7.23966E+20,5.3208E+21,1.20026E+16,4.80012E+16
64468,64469,9,1,87,182,2016,3,14,6,3,5,3,0,0,0,1,0,0,0,0,7.40997E+20,5.32724E+21,1.22342E+16,4.80529E+16
64469,64470,9,4,71,214,2016,3,15,5,2,3,6,0,0,1,0,0,0,0,1,6.40431E+20,5.54055E+21,1.09596E+16,5.00007E+16
64470,64471,9,7,72,216,2016,2,20,2,3,4,1,2,2,0,1,0,0,0,0,6.24527E+20,5.36613E+21,1.06836E+16,4.8436E+16
64471,64472,9,7,71,129,2016,2,18,2,3,8,1,2,1,0,1,0,0,0,0,6.60485E+20,5.35536E+21,1.11654E+16,4.83311E+16
64472,64473,9,6,72,121,2016,3,13,4,3,9,6,0,1,0,1,0,0,0,0,5.68812E+20,5.55679E+21,9.96336E+15,5.01593E+16
64473,64474,9,6,73,141,2016,3,5,3,2,9,7,2,2,0,0,0,0,1,0,6.05335E+20,5.57237E+21,1.04788E+16,5.02941E+16
64474,64475,9,1,74,121,2016,3,14,3,3,2,6,0,1,0,1,0,0,0,1,6.91037E+20,5.35288E+21,1.1576E+16,4.83002E+16
64475,64476,9,4,73,170,2016,3,8,3,3,9,1,0,2,0,1,0,0,0,0,6.41228E+20,5.56391E+21,1.09793E+16,5.02105E+16
64476,64477,9,2,74,141,2016,3,13,3,3,5,3,0,0,0,0,0,0,0,1,7.26299E+20,5.39565E+21,1.2074E+16,4.86728E+16
64477,64478,9,7,71,130,2016,2,2,1,2,2,6,2,0,0,1,0,0,0,0,6.45791E+20,5.36282E+21,1.09698E+16,4.84017E+16
64478,64479,9,1,87,114,2016,2,17,1,2,4,6,0,0,0,1,0,0,0,0,7.48197E+20,5.298E+21,1.23138E+16,4.77875E+16
64479,64480,9,6,71,130,2016,2,17,7,3,9,1,0,0,0,1,0,0,0,0,5.14539E+20,5.54114E+21,9.20297E+15,5.00224E+16
64480,64481,9,1,84,130,2016,2,13,6,3,2,2,0,0,0,1,0,0,0,0,7.00236E+20,5.3432E+21,1.16954E+16,4.82104E+16
64481,64482,9,7,72,130,2016,3,7,6,3,4,6,0,1,0,1,0,0,0,0,6.30749E+20,5.3594E+21,1.07656E+16,4.83742E+16
64482,64483,9,5,71,145,2016,2,15,2,3,3,6,0,1,0,1,0,0,0,1,5.90816E+20,5.45128E+21,1.02468E+16,4.92076E+16
64483,64484,9,7,64,0,2016,2,16,6,2,1,6,0,0,0,1,0,0,0,0,5.87697E+20,5.31349E+21,1.01749E+16,4.79687E+16
64484,64485,9,3,75,165,2016,2,14,2,3,5,2,0,1,0,0,0,0,0,1,7.2521E+20,5.44032E+21,1.20839E+16,4.90745E+16
64485,64486,9,2,71,119,2016,3,7,6,2,6,4,0,0,0,1,1,0,0,0,7.90288E+20,5.41745E+21,1.29567E+16,4.8842E+16
64486,64487,9,2,78,187,2016,2,16,2,3,5,3,0,1,0,1,0,0,0,0,7.79079E+20,5.42483E+21,1.28093E+16,4.89134E+16
64487,64488,9,5,76,113,2016,2,5,2,2,2,6,2,0,0,1,0,0,1,0,6.62747E+20,5.4529E+21,1.12344E+16,4.92072E+16
64488,64489,9,4,75,142,2016,2,16,2,3,9,1,2,2,0,1,0,0,0,0,7.02588E+20,5.56752E+21,1.18403E+16,5.02251E+16
64489,64490,9,7,75,111,2016,2,23,6,2,8,1,2,0,0,1,0,0,0,0,5.82746E+20,5.3324E+21,1.01123E+16,4.81395E+16
64490,64491,9,4,74,124,2016,2,10,2,3,9,1,0,0,0,1,0,0,0,0,6.64807E+20,5.5076E+21,1.12854E+16,4.96983E+16
64491,64492,9,3,72,116,2016,3,14,6,3,5,3,0,0,0,1,0,0,0,0,7.66342E+20,5.45603E+21,1.26564E+16,4.91991E+16
64492,64493,9,3,76,119,2016,2,21,2,3,1,7,2,1,0,1,0,1,0,0,7.21324E+20,5.45443E+21,1.20385E+16,4.92027E+16
64493,64494,9,1,77,122,2016,3,2,3,3,9,1,2,2,0,0,0,0,1,0,7.25423E+20,5.35809E+21,1.20419E+16,4.83357E+16
64494,64495,9,1,85,127,2016,3,21,6,3,9,6,2,0,0,1,0,0,0,0,6.51684E+20,5.39161E+21,1.10599E+16,4.86592E+16
64495,64496,9,2,76,116,2016,3,21,5,3,9,1,2,2,0,1,0,0,0,0,7.99964E+20,5.42836E+21,1.30963E+16,4.89353E+16
64496,64497,9,6,75,147,2016,2,19,2,3,1,1,2,2,0,1,0,0,0,0,5.78528E+20,5.49937E+21,1.00877E+16,4.96418E+16
64497,64498,9,1,77,123,2016,2,18,2,3,8,1,2,2,0,1,0,0,0,0,7.24829E+20,5.33907E+21,1.20238E+16,4.81651E+16
64498,64499,9,5,65,0,2016,3,14,4,3,2,6,0,1,0,1,0,1,0,0,6.47695E+20,5.46605E+21,1.10328E+16,4.93293E+16
64499,64500,9,6,61,0,2016,3,19,3,3,6,2,2,1,0,1,1,0,0,0,5.07047E+20,5.53459E+21,9.09826E+15,4.99636E+16
64500,64501,9,7,78,209,2016,3,8,3,2,4,6,0,2,0,1,0,0,0,0,6.18617E+20,5.32299E+21,1.05917E+16,4.80492E+16
64501,64502,9,4,72,177,2016,3,12,3,3,2,6,0,1,0,1,0,0,0,0,6.78218E+20,5.5041E+21,1.14697E+16,4.96631E+16
64502,64503,9,2,73,116,2016,3,6,3,3,5,3,1,2,1,1,0,0,0,0,7.23898E+20,5.42484E+21,1.20574E+16,4.89359E+16
64503,64504,9,6,71,124,2016,2,14,1,2,4,2,0,0,0,1,0,1,0,0,5.13546E+20,5.53465E+21,9.18887E+15,4.99641E+16
64504,64505,9,1,62,0,2016,2,17,7,3,4,2,1,0,0,1,0,0,0,0,6.9214E+20,5.3424E+21,1.15862E+16,4.82057E+16
64505,64506,9,5,77,113,2016,2,9,7,3,8,1,0,0,0,1,0,0,0,0,6.37152E+20,5.43414E+21,1.08769E+16,4.90449E+16
64506,64507,9,7,75,126,2016,2,17,6,2,5,3,0,0,0,1,0,0,0,0,5.81377E+20,5.35926E+21,1.0099E+16,4.83813E+16
64507,64508,9,6,63,0,2016,3,13,6,3,5,2,0,0,0,1,0,0,0,0,5.67756E+20,5.51323E+21,9.94091E+15,4.97677E+16
64508,64509,9,5,71,145,2016,2,14,2,3,5,3,0,1,0,1,0,0,0,1,5.91167E+20,5.45057E+21,1.02515E+16,4.92012E+16
64509,64510,9,2,79,135,2016,3,21,6,3,2,2,2,0,0,1,0,0,0,0,7.75439E+20,5.38477E+21,1.2733E+16,4.85555E+16
64510,64511,9,1,90,130,2016,2,16,2,2,5,3,0,2,0,1,0,0,0,0,6.49554E+20,5.29669E+21,1.09974E+16,4.78062E+16
64511,64512,9,7,76,126,2016,3,19,5,1,1,1,2,2,0,1,0,0,0,0,5.55277E+20,5.26924E+21,9.735E+15,4.75742E+16
64512,64513,9,1,87,150,2016,3,18,4,2,6,4,2,1,0,1,1,0,0,0,7.29331E+20,5.30337E+21,1.20652E+16,4.78427E+16
64513,64514,9,2,75,134,2016,2,13,7,3,2,6,0,0,0,1,0,0,0,0,8.23815E+20,5.37402E+21,1.33785E+16,4.84359E+16
64514,64515,9,1,71,111,2016,3,20,5,3,2,6,2,0,0,1,0,0,0,0,7.73177E+20,5.34906E+21,1.26792E+16,4.82359E+16