FID,OBJECTID,ULAND,UREGBEZ,UKREIS,UGEMEINDE,UJAHR,UMONAT,USTUNDE,UWOCHENTAG,UKATEGORIE,UART,UTYP1,ULICHTVERH,IstStrasse,IstRad,IstPKW,IstFuss,IstKrad,IstGkfz,IstSonstig,LINREFX,LINREFY,XGCSWGS84,YGCSWGS84
64695,64696,9,7,79,131,2016,2,18,1,3,5,3,2,0,0,1,0,0,0,0,6.31182E+20,5.39596E+21,1.0783E+16,4.87029E+16
64696,64697,9,1,87,177,2016,2,19,1,3,2,6,2,0,0,1,0,0,0,1,7.36735E+20,5.30345E+21,1.2164E+16,4.78407E+16
64697,64698,9,6,76,124,2016,2,13,7,3,5,3,0,0,0,1,0,0,0,0,5.3233E+20,5.5151E+21,9.44914E+15,4.97875E+16
64698,64699,9,7,61,0,2016,2,13,6,3,2,6,0,0,0,1,0,0,0,0,6.3767E+20,5.36085E+21,1.08595E+16,4.83858E+16
64699,64700,9,7,71,122,2016,3,14,6,3,2,6,0,0,0,1,0,0,0,0,6.50535E+20,5.36232E+21,1.10337E+16,4.8396E+16
64700,64701,9,5,73,122,2016,2,11,2,3,2,6,0,0,0,1,0,0,0,1,6.42751E+20,5.47765E+21,1.09689E+16,4.94348E+16
64701,64702,9,4,76,146,2016,2,17,2,3,1,6,0,1,0,0,0,0,1,0,6.61809E+20,5.56236E+21,1.12669E+16,5.01913E+16
64702,64703,9,7,72,223,2016,2,19,6,3,9,1,2,0,0,1,0,0,0,0,6.14557E+20,5.36415E+21,1.05483E+16,4.84201E+16
64703,64704,9,3,72,161,2016,2,7,2,2,8,1,0,1,0,1,0,0,0,0,7.56892E+20,5.46441E+21,1.25323E+16,4.92784E+16
64704,64705,9,2,76,135,2016,3,7,6,3,2,6,0,0,0,1,0,0,0,0,7.77865E+20,5.44635E+21,1.28075E+16,4.91072E+16
64705,64706,9,2,78,159,2016,2,13,2,3,2,7,0,1,0,1,0,0,1,0,7.78497E+20,5.42247E+21,1.27998E+16,4.88925E+16
64706,64707,9,1,75,137,2016,3,19,6,2,5,2,2,1,0,1,0,0,0,0,7.25134E+20,5.33016E+21,1.20232E+16,4.80849E+16
64707,64708,9,1,87,165,2016,2,8,7,3,2,6,0,0,0,1,0,0,0,1,7.30958E+20,5.29996E+21,1.20851E+16,4.78116E+16
64708,64709,9,2,61,0,2016,3,17,5,2,1,6,0,0,0,1,0,0,0,0,7.30013E+20,5.38087E+21,1.21162E+16,4.85387E+16
64709,64710,9,7,79,130,2016,2,23,1,3,8,7,2,1,0,1,0,0,0,0,6.16612E+20,5.4136E+21,1.059E+16,4.88644E+16
64710,64711,9,5,64,0,2016,3,9,4,3,2,6,0,1,0,1,0,0,0,0,6.46615E+20,5.48074E+21,1.10233E+16,4.94616E+16
64711,64712,9,5,75,165,2016,3,6,3,3,8,1,1,2,0,1,0,0,0,0,6.06866E+20,5.49839E+21,1.04798E+16,4.96286E+16
64712,64713,9,3,76,149,2016,2,23,2,3,0,7,2,1,0,1,1,0,0,0,7.3862E+20,5.45495E+21,1.22759E+16,4.92008E+16
64713,64714,9,1,77,115,2016,3,22,3,3,9,7,2,1,0,1,0,0,0,0,7.30012E+20,5.34892E+21,1.20987E+16,4.82517E+16
64714,64715,9,1,86,128,2016,3,5,6,3,1,7,2,0,0,1,0,0,0,0,6.79927E+20,5.38866E+21,1.14418E+16,4.86251E+16
64715,64716,9,2,63,0,2016,3,22,5,2,8,1,2,0,0,0,0,1,0,0,7.61975E+20,5.41962E+21,1.2573E+16,4.88741E+16
64716,64717,9,6,79,165,2016,2,19,2,3,9,1,2,2,0,1,0,0,0,0,5.54472E+20,5.50819E+21,9.75575E+15,4.97237E+16
64717,64718,9,1,62,0,2016,2,9,2,3,8,1,0,0,0,1,0,0,1,0,6.89675E+20,5.34465E+21,1.1554E+16,4.82267E+16
64718,64719,9,5,62,0,2016,3,7,4,3,2,6,0,0,0,1,0,0,0,1,6.40736E+20,5.49212E+21,1.09463E+16,4.95653E+16
64719,64720,9,6,78,170,2016,3,12,3,3,8,1,0,0,0,1,0,0,0,0,5.85331E+20,5.53406E+21,1.01895E+16,4.99528E+16
64720,64721,9,7,78,218,2016,3,8,3,3,9,1,0,2,0,1,0,0,0,0,5.93529E+20,5.30754E+21,1.02518E+16,4.79144E+16
64721,64722,9,4,73,175,2016,3,6,3,3,4,6,1,2,0,1,0,0,0,0,6.34342E+20,5.56893E+21,1.08847E+16,5.02572E+16
64722,64723,9,2,73,125,2016,3,5,3,3,8,7,2,1,0,1,0,0,0,0,7.22214E+20,5.4157E+21,1.20295E+16,4.88544E+16
64723,64724,9,6,76,145,2016,2,15,1,3,8,1,0,0,0,1,0,0,0,0,5.10435E+20,5.52059E+21,9.14512E+15,4.98377E+16
64724,64725,9,1,62,0,2016,2,11,7,3,3,2,0,0,0,1,0,0,0,0,6.87088E+20,5.33512E+21,1.1515E+16,4.81418E+16
64725,64726,9,5,71,175,2016,2,19,7,3,2,6,2,0,0,1,0,0,0,1,6.26089E+20,5.46124E+21,1.0734E+16,4.92909E+16
64726,64727,9,7,72,159,2016,2,11,6,3,5,2,0,0,0,1,0,0,0,0,6.27596E+20,5.36094E+21,1.07235E+16,4.83887E+16
64727,64728,9,6,63,0,2016,3,13,6,3,2,6,0,0,0,1,0,0,0,0,5.63693E+20,5.51752E+21,9.8852E+15,4.98068E+16
64728,64729,9,5,71,132,2016,2,5,2,3,8,1,2,2,0,1,0,0,0,0,6.03499E+20,5.44455E+21,1.04192E+16,4.91451E+16
64729,64730,9,2,74,132,2016,3,4,6,3,8,1,2,1,0,0,0,0,0,1,7.21478E+20,5.38601E+21,1.20035E+16,4.8588E+16
64730,64731,9,1,73,123,2016,2,14,2,2,9,1,0,2,0,1,0,0,0,0,6.79072E+20,5.30011E+21,1.13928E+16,4.78294E+16
64731,64732,9,7,75,135,2016,3,12,5,3,1,6,0,0,0,1,0,0,0,0,5.80731E+20,5.36275E+21,1.0091E+16,4.84128E+16
64732,64733,9,1,82,120,2016,3,15,4,3,5,7,0,0,1,1,0,0,0,0,7.01666E+20,5.30677E+21,1.16974E+16,4.78826E+16
64733,64734,9,1,82,125,2016,2,13,7,3,2,6,0,0,0,1,0,0,0,0,7.09484E+20,5.29613E+21,1.17967E+16,4.77844E+16
64734,64735,9,1,71,113,2016,3,17,5,3,5,3,1,0,0,1,0,0,0,0,7.77339E+20,5.34193E+21,1.27305E+16,4.817E+16
64735,64736,9,1,86,143,2016,3,9,3,3,8,1,0,2,0,1,0,0,0,0,6.90112E+20,5.38184E+21,1.15767E+16,4.85608E+16
64736,64737,9,4,61,0,2016,3,13,4,3,3,2,0,1,1,1,0,0,0,0,6.3576E+20,5.52955E+21,1.08906E+16,4.99029E+16
64737,64738,9,3,72,124,2016,3,7,3,3,4,1,0,2,0,1,0,0,0,0,7.86349E+20,5.46717E+21,1.29383E+16,4.92901E+16
64738,64739,9,5,75,153,2016,2,10,6,3,2,6,0,0,0,1,0,0,0,0,6.12329E+20,5.49496E+21,1.05544E+16,4.95967E+16
64739,64740,9,1,89,154,2016,3,3,3,3,9,1,2,2,0,1,0,0,0,0,7.66729E+20,5.31713E+21,1.25726E+16,4.79519E+16
64740,64741,9,2,72,128,2016,2,6,1,3,8,1,0,0,0,1,0,0,0,0,8.11895E+20,5.41936E+21,1.32519E+16,4.88487E+16
64741,64742,9,7,63,0,2016,2,14,7,3,2,6,0,0,0,1,0,0,0,0,5.99195E+20,5.28885E+21,1.03233E+16,4.77454E+16
64742,64743,9,7,71,130,2016,2,8,6,3,4,2,0,1,0,1,0,0,0,0,6.51016E+20,5.35369E+21,1.10371E+16,4.83184E+16
64743,64744,9,5,73,122,2016,3,6,6,3,6,4,1,0,0,1,1,0,0,0,6.43409E+20,5.47781E+21,1.09781E+16,4.94361E+16
64744,64745,9,7,76,131,2016,3,6,3,3,8,1,0,2,0,0,0,0,1,0,5.65548E+20,5.27952E+21,9.87309E+15,4.76657E+16
64745,64746,9,4,71,185,2016,3,6,3,3,4,2,0,2,0,1,0,0,0,0,6.46647E+20,5.5388E+21,1.10456E+16,4.99835E+16
64746,64747,9,5,71,145,2016,2,23,6,3,9,1,2,0,0,1,0,0,0,0,6.01091E+20,5.44147E+21,1.03854E+16,4.91178E+16
64747,64748,9,1,73,145,2016,3,7,3,3,8,1,1,2,0,1,0,0,0,0,6.87912E+20,5.299E+21,1.15103E+16,4.78169E+16
64748,64749,9,5,75,153,2016,2,12,1,3,8,1,0,0,0,1,0,0,0,0,6.11519E+20,5.49535E+21,1.05433E+16,4.96004E+16
64749,64750,9,7,74,116,2016,2,13,7,3,8,7,0,0,0,1,0,0,0,0,6.07087E+20,5.34693E+21,1.0443E+16,4.82665E+16
64750,64751,9,4,73,120,2016,2,9,7,3,5,3,0,0,0,1,0,0,0,0,6.43336E+20,5.57247E+21,1.10121E+16,5.0287E+16
64751,64752,9,6,63,0,2016,2,15,6,2,2,6,0,0,0,1,0,0,0,1,5.70508E+20,5.51669E+21,9.97974E+15,4.97985E+16
64752,64753,9,5,72,133,2016,3,14,6,2,2,6,0,0,0,1,0,0,1,0,6.38722E+20,5.4983E+21,1.09207E+16,4.96213E+16
64753,64754,9,6,74,147,2016,3,6,6,2,0,1,0,0,1,0,0,0,0,0,6.08532E+20,5.54519E+21,1.0516E+16,5.00491E+16
64754,64755,9,1,80,133,2016,3,20,6,3,5,3,2,0,0,1,0,0,0,0,6.65014E+20,5.28876E+21,1.12008E+16,4.77311E+16
64755,64756,9,1,89,148,2016,2,11,2,3,8,1,0,1,0,0,0,1,0,0,7.73503E+20,5.3094E+21,1.26582E+16,4.78796E+16
64756,64757,9,7,72,184,2016,3,10,5,3,5,3,0,1,0,1,0,0,0,0,6.35615E+20,5.36185E+21,1.08321E+16,4.83952E+16
64757,64758,9,1,61,0,2016,3,17,4,3,2,6,1,1,0,1,0,0,0,0,6.79906E+20,5.40313E+21,1.14478E+16,4.87552E+16
64758,64759,9,1,87,150,2016,2,14,7,3,1,6,0,0,0,1,0,0,0,0,7.25424E+20,5.30342E+21,1.2013E+16,4.78446E+16
64759,64760,9,1,85,150,2016,3,13,5,3,9,1,0,0,0,0,0,0,1,0,6.57369E+20,5.39917E+21,1.11399E+16,4.87257E+16
64760,64761,9,1,76,161,2016,3,21,3,3,8,1,2,1,0,1,0,0,0,0,6.77595E+20,5.41389E+21,1.1421E+16,4.88526E+16
64761,64762,9,3,62,0,2016,3,8,4,3,1,6,0,0,0,1,0,0,0,0,7.26662E+20,5.43717E+21,1.2102E+16,4.90457E+16
64762,64763,9,1,71,133,2016,3,7,3,3,8,1,0,2,0,1,0,0,0,0,7.66487E+20,5.34747E+21,1.25883E+16,4.82244E+16
64763,64764,9,5,71,174,2016,2,17,2,3,9,1,1,2,0,1,0,0,0,0,6.06009E+20,5.46144E+21,1.04581E+16,4.92965E+16
64764,64765,9,6,63,0,2016,2,22,6,2,0,7,2,0,1,0,0,0,0,0,5.65619E+20,5.5173E+21,9.91193E+15,4.98045E+16
64765,64766,9,4,73,112,2016,2,15,2,3,8,1,0,2,0,1,0,0,0,0,6.35439E+20,5.5647E+21,1.08985E+16,5.02189E+16
64766,64767,9,4,71,189,2016,3,15,6,2,9,1,0,0,0,1,0,0,0,0,6.5835E+20,5.54114E+21,1.12097E+16,5.00015E+16
64767,64768,9,1,77,117,2016,3,7,3,3,4,6,1,1,0,1,0,0,0,0,7.14524E+20,5.35626E+21,1.18941E+16,4.83231E+16
64768,64769,9,1,73,131,2016,3,20,6,3,9,7,2,0,0,1,0,0,0,0,6.88381E+20,5.27749E+21,1.15073E+16,4.76234E+16
64769,64770,9,4,75,162,2016,3,14,5,3,5,3,0,0,0,1,0,0,0,0,7.16568E+20,5.56973E+21,1.20373E+16,5.024E+16
64770,64771,9,7,79,201,2016,2,17,2,3,2,6,0,1,0,1,0,0,0,1,6.44016E+20,5.39699E+21,1.09577E+16,4.87093E+16
64771,64772,9,1,86,162,2016,2,23,2,3,9,1,2,2,0,1,0,0,0,0,6.91248E+20,5.3836E+21,1.15929E+16,4.85763E+16
64772,64773,9,7,80,124,2016,3,18,4,3,6,4,2,1,0,1,1,0,0,0,5.92654E+20,5.26753E+21,1.02315E+16,4.75546E+16
64773,64774,9,6,77,203,2016,3,18,3,3,9,1,2,0,0,1,0,0,0,0,5.55477E+20,5.52571E+21,9.7722E+15,4.98812E+16
64774,64775,9,5,75,181,2016,3,23,5,3,0,1,2,0,1,0,0,0,0,0,6.26026E+20,5.49107E+21,1.07426E+16,4.95591E+16
64775,64776,9,1,77,117,2016,3,17,4,3,5,2,1,1,0,1,0,0,0,0,7.14224E+20,5.35024E+21,1.1887E+16,4.82691E+16
64776,64777,9,1,75,127,2016,3,8,3,3,4,1,0,2,0,1,0,0,0,1,7.13671E+20,5.34293E+21,1.18759E+16,4.82036E+16
64777,64778,9,7,78,173,2016,2,16,2,3,8,1,0,2,0,1,0,0,0,0,6.08086E+20,5.32248E+21,1.04503E+16,4.80464E+16
64778,64779,9,5,76,127,2016,3,14,5,3,2,6,0,0,0,1,0,0,0,0,6.59673E+20,5.45116E+21,1.11916E+16,4.91924E+16
64779,64780,9,1,79,121,2016,3,12,4,2,4,2,0,1,0,1,0,1,0,0,6.67484E+20,5.33906E+21,1.12533E+16,4.81827E+16
64780,64781,9,1,87,117,2016,2,13,7,3,2,6,0,0,0,1,0,0,0,0,7.23465E+20,5.30829E+21,1.19894E+16,4.7889E+16
64781,64782,9,1,81,130,2016,3,11,5,3,1,6,0,2,0,1,0,0,0,0,6.3844E+20,5.32346E+21,1.08577E+16,4.80494E+16
64782,64783,9,1,79,142,2016,3,4,3,3,3,1,2,2,0,1,0,0,1,0,6.73671E+20,5.34419E+21,1.13385E+16,4.82272E+16
64783,64784,9,3,71,141,2016,3,7,3,3,9,7,0,2,0,1,0,0,0,0,6.91961E+20,5.48973E+21,1.16529E+16,4.95298E+16
64784,64785,9,2,77,144,2016,3,7,4,3,5,3,0,1,0,1,0,0,0,0,7.84352E+20,5.37716E+21,1.28483E+16,4.84831E+16
64785,64786,9,6,78,170,2016,2,17,2,3,8,1,2,2,0,1,0,0,0,0,5.8487E+20,5.53191E+21,1.01826E+16,4.99336E+16
64786,64787,9,1,82,131,2016,3,8,3,3,4,1,0,2,0,1,0,0,0,0,7.13581E+20,5.29153E+21,1.18491E+16,4.77418E+16
64787,64788,9,4,79,161,2016,2,16,2,3,8,1,0,2,0,1,0,0,0,0,7.1082E+20,5.54314E+21,1.19421E+16,5.00033E+16
64788,64789,9,6,79,138,2016,2,8,6,3,8,7,0,0,0,0,0,0,1,0,5.6829E+20,5.50352E+21,9.94662E+15,4.96803E+16
64789,64790,9,4,77,128,2016,2,14,2,3,2,6,0,2,0,1,0,0,0,0,6.71652E+20,5.55267E+21,1.14003E+16,5.01015E+16
64790,64791,9,4,61,0,2016,3,20,6,3,2,6,2,0,0,1,0,0,0,0,6.35886E+20,5.52966E+21,1.08924E+16,4.99039E+16
64791,64792,9,1,75,123,2016,3,0,3,3,5,3,2,2,0,1,0,0,1,0,7.23029E+20,5.33801E+21,1.19991E+16,4.81562E+16
64792,64793,9,1,87,131,2016,3,19,6,2,4,3,2,0,0,1,0,0,0,0,7.34213E+20,5.29186E+21,1.21241E+16,4.77375E+16
64793,64794,9,3,77,148,2016,3,17,5,3,2,6,1,0,0,1,0,0,0,1,7.16951E+20,5.53743E+21,1.20243E+16,4.99497E+16
64794,64795,9,7,72,223,2016,2,22,2,3,9,7,2,2,0,1,0,0,0,0,6.18426E+20,5.36451E+21,1.06007E+16,4.84226E+16
64795,64796,9,1,81,131,2016,2,16,2,3,8,1,0,2,0,1,0,0,0,0,6.36337E+20,5.33425E+21,1.08329E+16,4.81469E+16
64796,64797,9,6,76,160,2016,3,16,4,3,6,4,0,1,0,1,1,0,0,0,5.10612E+20,5.52943E+21,9.14783E+15,4.99172E+16
64797,64798,9,6,72,117,2016,3,16,3,2,4,2,0,0,0,1,0,0,0,0,5.72996E+20,5.5671E+21,1.00239E+16,5.02515E+16
64798,64799,9,7,75,139,2016,3,8,3,3,3,6,0,2,0,1,0,0,1,0,5.7863E+20,5.36733E+21,1.00635E+16,4.84542E+16
64799,64800,9,4,73,144,2016,3,7,3,2,8,1,0,2,0,1,0,0,0,0,6.37557E+20,5.57811E+21,1.09331E+16,5.0339E+16
64800,64801,9,2,74,156,2016,3,7,3,3,8,1,0,2,0,1,0,0,0,0,7.47776E+20,5.38951E+21,1.23616E+16,4.86096E+16
64801,64802,9,7,71,130,2016,2,8,1,3,5,3,0,0,0,1,0,0,0,0,6.4423E+20,5.36221E+21,1.09485E+16,4.83965E+16
64802,64803,9,1,86,162,2016,2,13,1,2,5,3,0,0,0,1,0,0,0,0,6.93866E+20,5.38617E+21,1.16296E+16,4.85986E+16
64803,64804,9,5,72,126,2016,2,10,7,3,2,6,0,0,0,1,0,0,0,0,6.34524E+20,5.50496E+21,1.08649E+16,4.96821E+16
64804,64805,9,6,72,135,2016,2,14,6,2,9,1,0,0,0,1,0,0,0,0,5.86763E+20,5.56838E+21,1.02173E+16,5.02612E+16
64805,64806,9,7,71,130,2016,3,14,6,3,2,6,0,0,0,1,0,0,0,0,6.47379E+20,5.35873E+21,1.09898E+16,4.83645E+16
64806,64807,9,5,71,127,2016,2,17,2,3,8,1,1,1,0,1,0,0,0,0,6.15837E+20,5.45384E+21,1.0591E+16,4.92264E+16
64807,64808,9,1,62,0,2016,3,16,4,1,6,4,0,1,0,0,1,0,0,1,6.87766E+20,5.33503E+21,1.15241E+16,4.81408E+16
64808,64809,9,1,74,126,2016,3,13,3,2,2,6,0,1,0,1,0,0,0,0,6.83415E+20,5.3476E+21,1.14711E+16,4.8255E+16
64809,64810,9,2,78,139,2016,3,16,3,3,2,2,0,0,0,1,0,0,0,0,7.7343E+20,5.42554E+21,1.27329E+16,4.89223E+16
64810,64811,9,1,80,125,2016,3,10,4,2,5,3,0,1,0,1,0,0,0,1,6.55998E+20,5.27245E+21,1.10748E+16,4.75867E+16
64811,64812,9,6,75,142,2016,2,16,7,3,2,6,0,0,0,1,0,0,0,0,5.90812E+20,5.51509E+21,1.02614E+16,4.97814E+16
64812,64813,9,7,77,129,2016,3,18,6,3,5,3,2,0,0,1,0,0,0,0,6.24805E+20,5.27025E+21,1.06595E+16,4.75737E+16
64813,64814,9,5,74,156,2016,2,16,2,3,2,6,0,1,0,1,0,0,0,0,6.58219E+20,5.48195E+21,1.11838E+16,4.94695E+16
64814,64815,9,4,64,0,2016,2,14,2,3,8,1,0,2,0,1,0,0,0,0,7.08598E+20,5.58034E+21,1.19315E+16,5.03382E+16
64815,64816,9,6,76,121,2016,2,19,6,3,5,3,2,0,0,1,0,0,0,0,5.11362E+20,5.52047E+21,9.158E+15,4.98365E+16
64816,64817,9,3,77,148,2016,2,7,2,3,8,1,0,2,0,1,0,0,0,0,7.15831E+20,5.53612E+21,1.2008E+16,4.99384E+16
64817,64818,9,3,76,119,2016,3,16,6,2,0,7,0,0,1,1,0,0,0,0,7.21565E+20,5.45474E+21,1.2042E+16,4.92054E+16
64818,64819,9,3,76,141,2016,2,16,2,3,4,6,0,2,0,1,0,0,0,0,7.24847E+20,5.45461E+21,1.20869E+16,4.9203E+16
64819,64820,9,1,77,115,2016,3,8,3,1,4,1,0,2,0,1,0,0,1,0,7.31376E+20,5.35541E+21,1.21206E+16,4.83095E+16
64820,64821,9,1,61,0,2016,3,9,6,3,1,6,0,0,0,1,0,0,0,0,6.77515E+20,5.40485E+21,1.1416E+16,4.87713E+16
64821,64822,9,2,75,151,2016,3,12,5,1,4,1,0,0,0,1,0,0,0,0,8.25045E+20,5.39639E+21,1.34125E+16,4.86359E+16
64822,64823,9,6,75,174,2016,2,18,2,2,8,1,1,2,0,1,0,0,0,0,5.84694E+20,5.52527E+21,1.01787E+16,4.98738E+16
64823,64824,9,1,62,0,2016,2,9,1,3,4,2,0,0,0,1,0,0,0,1,6.92069E+20,5.34043E+21,1.15843E+16,4.81881E+16
64824,64825,9,5,74,135,2016,3,17,4,3,2,6,0,1,0,1,0,0,0,0,6.74521E+20,5.49645E+21,1.14151E+16,4.95954E+16
64825,64826,9,5,74,156,2016,3,8,3,3,1,6,0,2,0,1,0,0,0,0,6.59596E+20,5.48342E+21,1.12034E+16,4.94824E+16
64826,64827,9,7,80,140,2016,3,13,3,3,8,1,0,1,0,1,0,0,0,0,6.02577E+20,5.2828E+21,1.0367E+16,4.76905E+16
64827,64828,9,4,72,179,2016,3,7,3,3,5,3,0,2,0,1,0,0,1,0,6.74345E+20,5.52016E+21,1.14232E+16,4.98086E+16
64828,64829,9,2,73,152,2016,3,1,3,3,9,1,2,2,0,1,0,0,0,0,6.99633E+20,5.40408E+21,1.17163E+16,4.87577E+16
64829,64830,9,5,74,155,2016,2,22,1,2,2,6,2,0,0,1,0,0,0,0,6.68125E+20,5.49212E+21,1.13248E+16,4.95583E+16
64830,64831,9,7,64,0,2016,2,10,7,3,2,6,0,0,0,1,0,0,0,0,5.83275E+20,5.31338E+21,1.01157E+16,4.79683E+16
64831,64832,9,5,75,167,2016,2,18,7,2,0,1,1,0,0,0,0,1,0,0,6.2485E+20,5.50383E+21,1.07304E+16,4.9674E+16
64832,64833,9,6,71,155,2016,2,8,6,3,2,6,0,0,0,1,0,0,0,0,5.05755E+20,5.53402E+21,9.08023E+15,4.99585E+16
64833,64834,9,6,63,0,2016,3,18,6,3,5,3,2,1,0,1,0,1,0,0,5.64701E+20,5.51701E+21,9.89912E+15,4.98021E+16
64834,64835,9,2,73,141,2016,3,14,6,3,8,1,0,0,0,1,0,1,0,0,7.22373E+20,5.40925E+21,1.20281E+16,4.87964E+16
64835,64836,9,1,73,145,2016,2,17,2,2,4,1,0,2,0,1,0,0,1,0,6.90393E+20,5.29705E+21,1.15425E+16,4.77986E+16
64836,64837,9,7,62,0,2016,3,20,5,3,9,1,2,1,0,1,0,0,0,0,6.21745E+20,5.30346E+21,1.06281E+16,4.7873E+16
64837,64838,9,1,85,158,2016,3,14,4,3,3,1,0,1,1,0,0,0,0,0,6.68448E+20,5.37941E+21,1.12824E+16,4.85451E+16
64838,64839,9,1,86,125,2016,2,9,7,3,4,1,0,0,0,1,0,0,0,0,6.73153E+20,5.3736E+21,1.13437E+16,4.84916E+16
64839,64840,9,1,87,182,2016,3,22,5,3,8,1,2,1,0,1,0,0,0,0,7.36841E+20,5.3246E+21,1.21771E+16,4.80307E+16
64840,64841,9,3,62,0,2016,2,16,2,3,2,6,0,1,0,1,0,0,0,0,7.27616E+20,5.43487E+21,1.21137E+16,4.90247E+16
64841,64842,9,2,78,197,2016,3,7,6,2,4,6,0,1,0,1,0,0,0,1,7.58837E+20,5.43664E+21,1.25411E+16,4.90282E+16
64842,64843,9,2,62,0,2016,2,12,2,3,6,7,0,1,1,0,1,0,0,1,8.29979E+20,5.39015E+21,1.34743E+16,4.85774E+16
64843,64844,9,1,62,0,2016,3,19,5,3,5,3,2,1,0,1,0,0,0,0,6.85305E+20,5.32887E+21,1.14884E+16,4.80862E+16
64844,64845,9,1,83,116,2016,3,17,4,3,2,1,0,1,0,1,0,0,0,0,7.63202E+20,5.35297E+21,1.25476E+16,4.82752E+16
64845,64846,9,1,61,0,2016,2,15,7,3,0,6,0,0,1,1,0,0,0,0,6.79172E+20,5.40465E+21,1.14385E+16,4.8769E+16
64846,64847,9,1,83,126,2016,3,11,5,3,1,6,0,1,0,1,0,0,1,0,7.3012E+20,5.33809E+21,1.20943E+16,4.81544E+16
64847,64848,9,5,64,0,2016,3,5,4,3,5,7,2,1,0,1,0,0,0,0,6.54246E+20,5.48063E+21,1.11285E+16,4.94587E+16
64848,64849,9,7,79,163,2016,3,7,3,3,4,6,0,1,0,1,0,0,0,0,6.4373E+20,5.38594E+21,1.09499E+16,4.861E+16
64849,64850,9,3,77,137,2016,3,13,3,3,9,1,0,2,0,1,0,0,0,0,7.37782E+20,5.53879E+21,1.2315E+16,4.99541E+16
64850,64851,9,5,71,136,2016,2,15,6,3,5,3,0,0,0,1,0,0,0,0,5.98407E+20,5.43546E+21,1.03472E+16,4.90641E+16
64851,64852,9,1,73,135,2016,3,12,3,2,4,1,0,1,0,1,0,0,0,0,6.90484E+20,5.27832E+21,1.15356E+16,4.76303E+16
64852,64853,9,3,72,155,2016,2,17,1,2,8,1,0,1,0,1,0,0,0,0,7.71133E+20,5.4591E+21,1.27241E+16,4.92246E+16
64853,64854,9,7,80,140,2016,2,9,7,3,2,2,0,0,0,1,0,0,0,0,6.00368E+20,5.28089E+21,1.03371E+16,4.76736E+16
64854,64855,9,4,74,140,2016,2,13,7,3,8,1,0,0,0,1,0,0,0,0,6.58251E+20,5.49556E+21,1.11897E+16,4.95919E+16
64855,64856,9,5,74,123,2016,2,17,6,3,3,6,0,0,0,1,0,0,1,0,6.61539E+20,5.47906E+21,1.12285E+16,4.94427E+16
64856,64857,9,5,62,0,2016,3,15,6,3,3,6,0,0,0,1,0,0,0,0,6.42321E+20,5.49447E+21,1.09691E+16,4.95861E+16
64857,64858,9,6,77,157,2016,3,13,5,3,2,6,0,1,0,1,0,0,0,0,5.37091E+20,5.5206E+21,9.51581E+15,4.98367E+16
64858,64859,9,1,76,167,2016,3,6,4,3,8,1,0,2,0,1,0,0,0,0,6.77546E+20,5.41264E+21,1.14198E+16,4.88413E+16
64859,64860,9,1,61,0,2016,2,16,7,3,2,6,0,0,0,1,0,0,0,0,6.75751E+20,5.4047E+21,1.1392E+16,4.87705E+16
64860,64861,9,1,76,165,2016,3,15,5,3,0,6,0,0,0,1,0,0,1,0,6.66056E+20,5.42259E+21,1.12674E+16,4.89339E+16
64861,64862,9,1,74,135,2016,3,3,3,3,3,1,2,1,0,1,0,0,1,0,6.63112E+20,5.35341E+21,1.12E+16,4.83128E+16
64862,64863,9,3,61,0,2016,3,18,4,2,6,4,2,1,0,1,1,0,0,0,7.07536E+20,5.48078E+21,1.18631E+16,4.94442E+16
64863,64864,9,6,75,174,2016,2,17,2,3,2,7,2,2,0,1,0,0,1,0,5.88292E+20,5.5277E+21,1.02293E+16,4.98952E+16
64864,64865,9,1,82,123,2016,3,6,3,3,3,6,0,2,0,1,0,0,0,0,7.17339E+20,5.30152E+21,1.19042E+16,4.78303E+16
64865,64866,9,4,75,161,2016,2,14,2,3,9,1,0,2,0,1,0,0,0,0,7.16098E+20,5.5729E+21,1.20325E+16,5.02687E+16
64866,64867,9,1,85,113,2016,3,8,3,3,8,1,0,2,0,1,0,0,0,0,6.69928E+20,5.37403E+21,1.13002E+16,4.84964E+16
64867,64868,9,3,77,157,2016,3,12,4,3,8,6,0,0,0,1,0,0,0,0,7.22329E+20,5.53788E+21,1.20994E+16,4.99519E+16
64868,64869,9,1,89,120,2016,3,15,3,3,5,3,0,1,0,1,0,0,0,0,7.59026E+20,5.29745E+21,1.24578E+16,4.77783E+16
64869,64870,9,5,75,135,2016,2,20,2,3,9,1,2,2,0,1,0,0,0,0,6.10616E+20,5.48461E+21,1.05278E+16,4.95041E+16
64870,64871,9,1,73,145,2016,2,18,1,3,2,6,1,1,0,1,0,0,0,0,6.91769E+20,5.29032E+21,1.15579E+16,4.77377E+16
64871,64872,9,7,72,177,2016,2,10,7,2,3,6,0,0,1,0,0,0,0,1,6.32172E+20,5.37937E+21,1.07911E+16,4.85535E+16
64872,64873,9,5,76,113,2016,2,3,6,3,2,6,2,0,0,0,0,0,1,1,6.62389E+20,5.4535E+21,1.12298E+16,4.92128E+16
64873,64874,9,5,71,145,2016,3,11,6,3,2,2,0,0,0,1,0,0,0,0,5.97266E+20,5.44684E+21,1.03343E+16,4.91667E+16
64874,64875,9,1,78,156,2016,3,8,3,2,5,3,0,2,0,1,0,0,0,0,7.01961E+20,5.37604E+21,1.17343E+16,4.8505E+16