FID,OBJECTID,ULAND,UREGBEZ,UKREIS,UGEMEINDE,UJAHR,UMONAT,USTUNDE,UWOCHENTAG,UKATEGORIE,UART,UTYP1,ULICHTVERH,IstStrasse,IstRad,IstPKW,IstFuss,IstKrad,IstGkfz,IstSonstig,LINREFX,LINREFY,XGCSWGS84,YGCSWGS84
64875,64876,9,7,80,119,2016,2,16,2,3,8,1,0,2,0,1,0,0,0,0,5.98399E+20,5.29494E+21,1.03141E+16,4.78003E+16
64876,64877,9,1,87,182,2016,2,7,2,3,2,2,0,0,0,1,0,0,0,0,7.38386E+20,5.32832E+21,1.21998E+16,4.80636E+16
64877,64878,9,1,62,0,2016,3,19,4,3,6,4,2,1,0,1,1,0,0,0,6.87196E+20,5.32935E+21,1.15139E+16,4.80899E+16
64878,64879,9,7,72,202,2016,3,8,3,3,2,6,0,2,0,1,0,0,0,0,6.36852E+20,5.35942E+21,1.0848E+16,4.83731E+16
64879,64880,9,5,71,136,2016,3,22,5,3,1,6,2,1,0,0,0,0,1,1,5.89565E+20,5.44029E+21,1.02272E+16,4.9109E+16
64880,64881,9,1,62,0,2016,3,19,4,3,2,6,2,1,0,1,0,0,0,0,6.95136E+20,5.34374E+21,1.16271E+16,4.82168E+16
64881,64882,9,1,75,112,2016,3,0,5,2,0,1,2,1,0,1,0,0,0,0,7.24888E+20,5.31992E+21,1.20145E+16,4.7993E+16
64882,64883,9,1,81,146,2016,3,3,3,3,8,1,2,2,0,1,0,0,0,0,6.48577E+20,5.32336E+21,1.09936E+16,4.80462E+16
64883,64884,9,3,76,116,2016,3,15,3,2,2,2,0,1,0,1,0,0,0,0,7.35693E+20,5.46422E+21,1.22412E+16,4.92853E+16
64884,64885,9,2,74,126,2016,3,16,4,3,2,6,0,1,0,1,0,0,0,0,7.33414E+20,5.38264E+21,1.21632E+16,4.85533E+16
64885,64886,9,7,76,131,2016,3,20,6,2,4,1,2,0,0,1,0,0,0,0,5.64348E+20,5.27844E+21,9.85695E+15,4.76562E+16
64886,64887,9,5,64,0,2016,2,17,2,3,2,6,0,1,0,1,0,0,0,0,6.51138E+20,5.4677E+21,1.10807E+16,4.93433E+16
64887,64888,9,1,87,172,2016,3,9,3,2,4,1,0,2,0,1,0,0,0,0,7.41594E+20,5.29744E+21,1.22255E+16,4.7785E+16
64888,64889,9,4,75,165,2016,2,13,2,2,4,1,0,2,0,1,0,0,0,0,6.96908E+20,5.573E+21,1.17636E+16,5.02762E+16
64889,64890,9,5,72,132,2016,2,14,6,3,2,6,0,0,0,1,0,1,0,0,6.38048E+20,5.49491E+21,1.09101E+16,4.9591E+16
64890,64891,9,4,74,154,2016,2,15,2,3,8,1,0,2,0,1,0,0,0,0,6.52045E+20,5.50005E+21,1.11057E+16,4.96339E+16
64891,64892,9,3,75,179,2016,3,11,6,3,1,6,0,0,0,1,0,0,1,0,7.32268E+20,5.42899E+21,1.21739E+16,4.89701E+16
64892,64893,9,3,71,151,2016,2,7,2,3,4,2,0,0,0,1,0,0,0,0,6.97618E+20,5.48636E+21,1.17293E+16,4.94977E+16
64893,64894,9,1,77,122,2016,3,7,3,3,1,1,0,2,0,1,0,0,0,0,7.27659E+20,5.35859E+21,1.20723E+16,4.83394E+16
64894,64895,9,1,76,131,2016,3,17,6,3,2,6,0,0,0,1,0,0,0,0,6.81377E+20,5.41189E+21,1.14716E+16,4.88335E+16
64895,64896,9,3,76,147,2016,3,11,5,3,8,1,0,0,0,1,0,0,0,0,7.41468E+20,5.47023E+21,1.23241E+16,4.93369E+16
64896,64897,9,6,75,150,2016,2,19,2,2,8,1,2,2,0,0,0,0,1,0,5.84838E+20,5.49514E+21,1.01741E+16,4.96029E+16
64897,64898,9,5,74,139,2016,2,8,6,3,5,3,0,0,0,1,0,0,0,1,6.66163E+20,5.48123E+21,1.12931E+16,4.9461E+16
64898,64899,9,4,72,175,2016,2,11,2,3,8,1,0,1,0,1,0,0,0,0,6.7682E+20,5.51081E+21,1.14533E+16,4.97238E+16
64899,64900,9,4,74,158,2016,3,14,6,3,9,6,0,0,0,1,0,0,0,1,6.53798E+20,5.50619E+21,1.11323E+16,4.96886E+16
64900,64901,9,1,75,124,2016,3,7,3,3,4,1,0,2,0,1,0,0,1,0,7.16396E+20,5.32833E+21,1.19051E+16,4.80715E+16
64901,64902,9,1,83,120,2016,3,15,6,3,5,3,0,0,0,1,0,0,0,0,7.51535E+20,5.3498E+21,1.23887E+16,4.82514E+16
64902,64903,9,4,78,116,2016,3,17,5,3,2,6,1,0,0,1,0,0,0,0,6.60653E+20,5.55642E+21,1.12482E+16,5.01383E+16
64903,64904,9,7,79,194,2016,2,14,2,3,2,6,0,1,0,1,0,0,0,0,6.10233E+20,5.41125E+21,1.05024E+16,4.88444E+16
64904,64905,9,1,76,129,2016,2,5,2,2,8,1,1,1,0,1,0,0,0,0,6.88282E+20,5.40319E+21,1.15617E+16,4.87533E+16
64905,64906,9,6,77,127,2016,3,11,4,3,8,1,0,1,0,1,0,0,0,0,5.57162E+20,5.53677E+21,9.79729E+15,4.99805E+16
64906,64907,9,6,73,116,2016,3,9,3,3,4,6,0,0,0,1,0,0,0,0,5.8029E+20,5.57942E+21,1.01288E+16,5.03614E+16
64907,64908,9,5,71,196,2016,3,2,5,3,0,7,2,1,0,1,0,0,0,0,6.20268E+20,5.4619E+21,1.06542E+16,4.9298E+16
64908,64909,9,1,84,120,2016,3,5,3,3,9,6,2,2,0,1,0,0,0,0,6.8263E+20,5.33308E+21,1.14543E+16,4.81247E+16
64909,64910,9,5,61,0,2016,3,0,3,3,1,1,2,2,0,1,0,0,0,0,6.14955E+20,5.46131E+21,1.0581E+16,4.92937E+16
64910,64911,9,1,62,0,2016,3,19,4,3,6,4,2,1,0,0,1,1,0,1,6.94286E+20,5.34063E+21,1.16142E+16,4.81891E+16
64911,64912,9,2,72,127,2016,3,16,3,3,8,1,0,1,0,1,0,0,0,0,8.27965E+20,5.41953E+21,1.34704E+16,4.88419E+16
64912,64913,9,6,79,202,2016,2,18,7,3,5,3,2,0,0,1,0,0,0,0,5.64063E+20,5.51985E+21,9.89072E+15,4.98277E+16
64913,64914,9,5,74,155,2016,2,17,6,3,4,6,1,0,0,1,0,0,0,0,6.73907E+20,5.49926E+21,1.14078E+16,4.96208E+16
64914,64915,9,7,73,136,2016,3,15,6,3,5,3,0,0,0,1,0,0,1,0,5.99965E+20,5.3791E+21,1.03548E+16,4.8557E+16
64915,64916,9,5,74,138,2016,2,15,2,3,2,6,0,1,0,1,0,0,0,0,6.64346E+20,5.48651E+21,1.12702E+16,4.95089E+16
64916,64917,9,4,76,152,2016,2,13,2,3,8,1,0,2,0,1,0,0,0,0,6.68115E+20,5.59746E+21,1.13708E+16,5.05049E+16
64917,64918,9,5,63,0,2016,2,16,6,3,2,6,0,0,0,1,0,0,0,0,6.44669E+20,5.48173E+21,1.09969E+16,4.9471E+16
64918,64919,9,3,72,167,2016,2,16,2,2,4,6,0,2,0,1,0,0,0,0,7.51151E+20,5.4491E+21,1.24439E+16,4.91433E+16
64919,64920,9,3,71,136,2016,3,0,6,3,5,3,2,0,0,1,0,0,0,0,7.08164E+20,5.47739E+21,1.187E+16,4.94135E+16
64920,64921,9,2,63,0,2016,2,13,2,3,0,7,0,1,1,1,0,0,0,0,7.61764E+20,5.42022E+21,1.25705E+16,4.88796E+16
64921,64922,9,1,88,120,2016,3,15,6,3,4,6,0,0,0,1,0,0,0,0,6.72123E+20,5.3255E+21,1.13101E+16,4.80596E+16
64922,64923,9,1,79,121,2016,2,23,7,2,5,3,2,0,0,1,0,0,0,0,6.67482E+20,5.33907E+21,1.12532E+16,4.81827E+16
64923,64924,9,2,61,0,2016,3,19,5,3,2,6,1,0,0,1,0,0,0,0,7.34538E+20,5.38177E+21,1.21779E+16,4.85451E+16
64924,64925,9,7,78,199,2016,2,8,1,3,5,3,0,0,0,1,0,0,0,0,6.07452E+20,5.32108E+21,1.04414E+16,4.80339E+16
64925,64926,9,5,63,0,2016,3,10,4,3,6,4,0,0,0,1,1,0,0,0,6.44474E+20,5.48183E+21,1.09942E+16,4.9472E+16
64926,64927,9,5,76,113,2016,3,6,3,3,2,6,2,1,0,1,0,0,0,0,6.64335E+20,5.45714E+21,1.1258E+16,4.9245E+16
64927,64928,9,7,77,112,2016,3,16,3,2,5,3,0,1,0,1,0,0,0,0,6.23115E+20,5.29751E+21,1.06447E+16,4.78192E+16
64928,64929,9,4,62,0,2016,3,12,3,3,3,6,0,1,0,1,0,0,0,0,6.86779E+20,5.53714E+21,1.16041E+16,4.99574E+16
64929,64930,9,4,79,150,2016,2,18,6,3,8,7,2,0,0,1,0,0,0,0,7.21251E+20,5.56699E+21,1.21012E+16,5.02137E+16
64930,64931,9,1,90,121,2016,3,7,3,3,4,1,0,2,0,1,0,0,0,1,6.63783E+20,5.29088E+21,1.11851E+16,4.77504E+16
64931,64932,9,5,64,0,2016,2,16,1,3,5,2,2,0,0,1,0,0,0,0,6.56947E+20,5.47495E+21,1.11635E+16,4.9407E+16
64932,64933,9,7,74,185,2016,2,22,7,2,9,1,2,0,0,1,0,0,0,0,6.09379E+20,5.35E+21,1.04747E+16,4.82937E+16
64933,64934,9,5,71,174,2016,2,0,7,3,9,1,2,0,0,1,0,0,0,0,6.00897E+20,5.46157E+21,1.03878E+16,4.92985E+16
64934,64935,9,6,61,0,2016,3,10,6,3,1,6,0,0,0,1,0,0,0,0,5.08455E+20,5.53362E+21,9.11786E+15,4.99549E+16
64935,64936,9,6,74,221,2016,3,18,6,3,5,3,2,0,0,1,0,0,1,0,6.12557E+20,5.54218E+21,1.05713E+16,5.00212E+16
64936,64937,9,3,76,170,2016,3,8,2,3,2,6,0,0,0,1,0,0,0,0,7.27998E+20,5.45802E+21,1.2132E+16,4.92325E+16
64937,64938,9,6,76,132,2016,3,16,6,3,2,2,0,0,0,1,0,0,0,1,5.15224E+20,5.50692E+21,9.21117E+15,4.97146E+16
64938,64939,9,5,71,122,2016,3,9,5,3,3,6,0,0,0,1,0,0,0,1,6.22973E+20,5.46845E+21,1.06934E+16,4.93563E+16
64939,64940,9,1,84,134,2016,3,17,5,3,2,6,1,0,0,1,0,0,0,0,6.93543E+20,5.32331E+21,1.15964E+16,4.80337E+16
64940,64941,9,3,62,0,2016,3,13,5,3,3,2,0,0,0,1,0,0,0,1,7.27613E+20,5.43541E+21,1.2114E+16,4.90296E+16
64941,64942,9,1,86,143,2016,3,15,5,2,0,3,0,0,0,1,0,0,0,0,6.87877E+20,5.37749E+21,1.15445E+16,4.85224E+16
64942,64943,9,1,83,144,2016,3,20,2,3,8,6,2,0,0,1,0,0,0,0,7.40416E+20,5.35179E+21,1.22403E+16,4.82736E+16
64943,64944,9,6,63,0,2016,3,23,1,3,4,2,2,1,0,1,0,0,0,1,5.67454E+20,5.5134E+21,9.93675E+15,4.97693E+16
64944,64945,9,1,76,167,2016,3,20,1,3,5,3,2,0,0,1,0,0,0,0,6.77229E+20,5.41068E+21,1.14147E+16,4.88238E+16
64945,64946,9,1,82,137,2016,3,8,2,2,4,2,0,1,0,1,0,0,0,1,7.09105E+20,5.30524E+21,1.17961E+16,4.78664E+16
64946,64947,9,3,63,0,2016,3,14,7,2,3,6,0,0,0,1,0,1,0,0,7.2786E+20,5.50768E+21,1.21587E+16,4.96785E+16
64947,64948,9,1,89,135,2016,3,9,3,3,9,1,0,1,0,1,0,0,0,0,7.88225E+20,5.31175E+21,1.28563E+16,4.78943E+16
64948,64949,9,2,78,192,2016,3,7,4,3,5,3,0,0,0,1,0,0,0,0,7.72153E+20,5.41577E+21,1.2709E+16,4.88352E+16
64949,64950,9,5,64,0,2016,3,15,2,3,3,6,0,0,0,1,0,1,0,0,6.48976E+20,5.47895E+21,1.10552E+16,4.9445E+16
64950,64951,9,7,77,163,2016,3,17,7,2,8,6,0,0,0,1,0,0,0,0,6.29206E+20,5.27582E+21,1.07196E+16,4.76229E+16
64951,64952,9,1,90,138,2016,3,16,6,3,8,6,0,0,0,1,0,0,0,0,6.60962E+20,5.30809E+21,1.11539E+16,4.79059E+16
64952,64953,9,1,90,157,2016,3,10,7,3,0,7,0,0,1,0,0,0,0,0,6.60878E+20,5.30054E+21,1.115E+16,4.78381E+16
64953,64954,9,1,61,0,2016,3,14,7,3,5,3,0,0,0,0,0,0,0,1,6.81357E+20,5.40222E+21,1.14671E+16,4.87466E+16
64954,64955,9,1,71,127,2016,3,11,4,2,8,1,0,0,0,1,0,0,0,0,7.70295E+20,5.35718E+21,1.26456E+16,4.831E+16
64955,64956,9,4,72,127,2016,3,19,6,3,2,1,2,0,0,1,0,0,0,0,6.81501E+20,5.5275E+21,1.1526E+16,4.98723E+16
64956,64957,9,7,61,0,2016,3,8,5,3,5,3,0,0,0,1,0,0,0,0,6.40616E+20,5.35238E+21,1.08964E+16,4.8309E+16
64957,64958,9,2,77,116,2016,3,7,5,2,2,6,0,0,0,1,0,0,1,0,7.80474E+20,5.36887E+21,1.27904E+16,4.84105E+16
64958,64959,9,1,77,135,2016,3,16,7,1,4,6,0,0,0,1,0,0,0,0,7.18431E+20,5.34615E+21,1.19415E+16,4.82309E+16
64959,64960,9,1,62,0,2016,3,16,4,3,5,3,0,0,0,1,0,0,0,0,6.85946E+20,5.34078E+21,1.15022E+16,4.8193E+16
64960,64961,9,1,75,111,2016,3,3,2,3,8,6,2,0,0,1,0,0,1,0,7.10813E+20,5.33794E+21,1.1835E+16,4.81597E+16
64961,64962,9,4,79,169,2016,3,6,1,2,9,1,2,1,0,1,0,0,0,0,7.20338E+20,5.55033E+21,1.20788E+16,5.00644E+16
64962,64963,9,7,80,124,2016,3,7,1,2,8,1,1,0,0,1,0,0,0,0,5.94921E+20,5.27195E+21,1.02626E+16,4.7594E+16
64963,64964,9,5,74,164,2016,3,22,4,3,2,6,2,0,0,1,0,0,0,0,6.66635E+20,5.47475E+21,1.12969E+16,4.94026E+16
64964,64965,9,7,76,116,2016,3,13,3,3,5,3,0,0,0,1,0,0,0,0,5.53064E+20,5.26715E+21,9.70532E+15,4.75556E+16
64965,64966,9,5,71,166,2016,3,13,2,3,1,3,0,0,0,1,0,0,0,0,6.08998E+20,5.45444E+21,1.04972E+16,4.9233E+16
64966,64967,9,5,71,180,2016,3,7,3,3,2,6,1,0,0,1,0,0,0,0,6.30333E+20,5.46301E+21,1.0793E+16,4.93059E+16
64967,64968,9,3,75,174,2016,3,17,2,3,1,6,0,0,0,1,0,0,0,0,7.3369E+20,5.43187E+21,1.21949E+16,4.89955E+16
64968,64969,9,5,72,135,2016,3,12,2,2,8,1,0,0,0,1,0,0,0,0,6.34095E+20,5.51312E+21,1.08617E+16,4.97556E+16
64969,64970,9,1,73,118,2016,3,13,4,3,5,3,0,0,0,1,0,0,0,0,6.89192E+20,5.3034E+21,1.15293E+16,4.78561E+16
64970,64971,9,4,62,0,2016,3,10,2,3,5,3,0,0,1,1,0,0,0,0,6.8442E+20,5.53528E+21,1.15703E+16,4.99414E+16
64971,64972,9,5,75,121,2016,3,5,2,3,8,1,1,0,0,1,0,0,0,0,6.2365E+20,5.49456E+21,1.07109E+16,4.9591E+16
64972,64973,9,6,78,186,2016,3,18,7,3,4,2,0,0,0,1,0,0,0,0,5.90037E+20,5.5497E+21,1.02588E+16,5.00927E+16
64973,64974,9,1,87,182,2016,3,15,6,3,2,7,0,0,0,1,0,0,0,0,7.40729E+20,5.32749E+21,1.22308E+16,4.80552E+16
64974,64975,9,1,90,133,2016,3,17,7,3,8,1,1,2,0,1,0,0,0,0,6.32494E+20,5.29625E+21,1.07696E+16,4.78059E+16
64975,64976,9,1,81,131,2016,3,14,7,3,0,1,0,0,0,0,0,1,0,0,6.34358E+20,5.3342E+21,1.08063E+16,4.81469E+16
64976,64977,9,1,76,120,2016,3,5,4,3,1,5,2,0,0,1,0,0,0,0,6.81106E+20,5.42381E+21,1.14732E+16,4.89407E+16
64977,64978,9,3,63,0,2016,3,8,6,3,5,3,0,0,1,1,0,0,0,0,7.27054E+20,5.50545E+21,1.21462E+16,4.96588E+16
64978,64979,9,7,75,162,2016,3,7,4,3,6,4,0,0,0,1,1,0,0,0,5.79897E+20,5.34768E+21,1.00769E+16,4.82773E+16
64979,64980,9,1,87,157,2016,3,10,3,3,4,3,0,1,0,1,0,0,0,0,7.39319E+20,5.28199E+21,1.21867E+16,4.7647E+16
64980,64981,9,6,73,126,2016,3,14,1,3,8,1,0,0,0,1,0,0,0,0,5.96786E+20,5.56901E+21,1.0358E+16,5.02653E+16
64981,64982,9,7,75,135,2016,3,6,2,3,0,3,1,0,0,1,0,1,0,0,5.74916E+20,5.35721E+21,1.00114E+16,4.83636E+16
64982,64983,9,5,64,0,2016,3,14,4,3,5,3,0,0,1,1,0,0,0,0,6.4715E+20,5.48048E+21,1.10306E+16,4.94592E+16
64983,64984,9,6,74,133,2016,3,13,3,3,0,1,0,0,1,0,0,0,0,0,6.19614E+20,5.53689E+21,1.06681E+16,4.99723E+16
64984,64985,9,4,73,151,2016,3,7,2,3,8,6,0,0,0,1,0,0,0,0,6.49308E+20,5.57076E+21,1.10952E+16,5.027E+16
64985,64986,9,4,74,121,2016,3,14,3,3,2,6,0,0,0,1,0,0,0,0,6.57515E+20,5.51685E+21,1.11881E+16,4.97835E+16
64986,64987,9,2,77,138,2016,3,17,2,3,2,6,0,0,0,1,0,0,0,0,7.90177E+20,5.37022E+21,1.29222E+16,4.84182E+16
64987,64988,9,4,73,151,2016,3,5,2,3,2,6,2,1,0,1,0,0,0,0,6.50266E+20,5.57527E+21,1.11104E+16,5.03104E+16
64988,64989,9,7,73,136,2016,3,12,6,3,2,6,0,0,0,1,0,0,0,0,5.97233E+20,5.37293E+21,1.03163E+16,4.85019E+16
64989,64990,9,5,72,142,2016,3,14,5,3,1,6,0,0,0,1,0,0,0,0,6.45273E+20,5.50018E+21,1.1012E+16,4.96367E+16
64990,64991,9,4,76,183,2016,3,9,7,3,1,6,0,0,0,1,0,0,0,1,6.70755E+20,5.56986E+21,1.13955E+16,5.02562E+16
64991,64992,9,1,88,121,2016,3,5,6,3,5,2,1,0,1,1,0,0,0,0,6.7007E+20,5.32929E+21,1.12841E+16,4.80942E+16
64992,64993,9,7,75,134,2016,3,15,6,3,4,2,0,0,0,1,0,0,0,0,5.83177E+20,5.36454E+21,1.01244E+16,4.84285E+16
64993,64994,9,7,78,173,2016,3,20,3,3,5,3,2,0,0,1,0,0,0,0,6.11468E+20,5.32181E+21,1.04955E+16,4.80399E+16
64994,64995,9,5,74,164,2016,3,16,7,3,8,7,0,0,0,1,0,0,0,0,6.67009E+20,5.47532E+21,1.13023E+16,4.94076E+16
64995,64996,9,1,89,155,2016,3,13,5,3,2,6,0,0,0,1,0,0,0,0,7.71721E+20,5.3079E+21,1.26335E+16,4.78669E+16
64996,64997,9,2,77,119,2016,3,14,6,3,5,2,0,0,0,1,0,0,0,0,7.75849E+20,5.37569E+21,1.27326E+16,4.84738E+16
64997,64998,9,3,71,127,2016,3,8,1,3,9,1,1,1,0,1,0,0,0,0,7.1151E+20,5.49262E+21,1.19242E+16,4.95492E+16
64998,64999,9,2,63,0,2016,3,22,7,3,0,1,2,1,1,0,0,0,0,0,7.6322E+20,5.41932E+21,1.25898E+16,4.88709E+16
64999,65000,9,5,73,127,2016,3,14,7,2,4,1,0,0,0,1,0,1,0,0,6.44929E+20,5.47418E+21,1.09977E+16,4.9403E+16
65000,65001,9,1,86,149,2016,3,8,6,3,8,1,0,0,0,1,0,0,0,0,6.88763E+20,5.38584E+21,1.15603E+16,4.85972E+16
65001,65002,9,1,84,148,2016,3,5,6,3,5,3,2,1,0,1,0,0,0,0,6.97137E+20,5.32663E+21,1.1646E+16,4.80625E+16
65002,65003,9,1,84,119,2016,3,8,3,3,2,6,0,0,0,1,0,0,0,0,6.96432E+20,5.3467E+21,1.16459E+16,4.8243E+16
65003,65004,9,6,79,180,2016,3,22,7,3,8,1,2,1,0,0,0,0,0,1,5.69621E+20,5.52994E+21,9.9698E+15,4.99178E+16
65004,65005,9,2,63,0,2016,3,15,6,3,6,7,0,0,0,1,1,0,0,0,7.61968E+20,5.42109E+21,1.25739E+16,4.88873E+16
65005,65006,9,4,73,151,2016,3,13,7,3,8,1,0,0,0,1,0,0,0,0,6.54936E+20,5.57075E+21,1.11741E+16,5.02685E+16
65006,65007,9,7,63,0,2016,3,14,7,3,2,6,0,1,0,1,0,0,0,0,5.99412E+20,5.28767E+21,1.03259E+16,4.77347E+16
65007,65008,9,2,72,126,2016,3,14,3,3,4,1,0,1,0,1,0,0,0,0,8.41572E+20,5.42045E+21,1.3656E+16,4.88429E+16
65008,65009,9,7,61,0,2016,3,6,4,3,5,3,1,0,0,1,0,1,0,0,6.4315E+20,5.35956E+21,1.0933E+16,4.8373E+16
65009,65010,9,1,79,121,2016,3,11,3,3,2,2,0,0,0,1,0,0,0,1,6.68285E+20,5.33823E+21,1.12637E+16,4.8175E+16
65010,65011,9,5,64,0,2016,3,19,1,3,1,6,2,0,0,1,0,0,0,0,6.48948E+20,5.47891E+21,1.10548E+16,4.94446E+16
65011,65012,9,7,62,0,2016,3,9,2,3,5,3,0,0,0,1,0,0,0,0,6.22321E+20,5.30117E+21,1.06352E+16,4.78522E+16
65012,65013,9,4,74,123,2016,3,22,4,3,8,1,2,0,0,1,0,0,0,0,6.51479E+20,5.51292E+21,1.11028E+16,4.97497E+16
65013,65014,9,5,76,137,2016,3,14,3,2,2,6,0,0,0,1,0,0,1,0,6.51769E+20,5.46312E+21,1.10877E+16,4.93019E+16
65014,65015,9,1,62,0,2016,3,2,1,3,8,7,2,1,0,1,0,0,0,0,6.98932E+20,5.33503E+21,1.1674E+16,4.81374E+16
65015,65016,9,3,71,131,2016,3,6,7,2,9,1,0,0,0,1,0,0,0,0,6.96253E+20,5.48507E+21,1.17098E+16,4.94865E+16
65016,65017,9,3,75,208,2016,3,21,3,1,6,4,2,1,0,1,1,0,0,0,7.31597E+20,5.44107E+21,1.21716E+16,4.90789E+16
65017,65018,9,2,77,116,2016,3,14,2,3,2,6,0,0,0,1,0,0,0,0,7.79501E+20,5.36827E+21,1.27769E+16,4.84055E+16
65018,65019,9,3,75,180,2016,3,14,2,3,2,6,0,0,0,1,0,0,1,0,7.25338E+20,5.43105E+21,1.20805E+16,4.89912E+16
65019,65020,9,6,79,206,2016,3,14,6,3,5,3,0,0,0,1,0,1,0,0,5.73166E+20,5.50665E+21,1.00148E+16,4.97079E+16
65020,65021,9,5,64,0,2016,3,14,5,2,5,3,0,0,1,1,0,0,0,0,6.47633E+20,5.47446E+21,1.1035E+16,4.94049E+16
65021,65022,9,1,84,145,2016,3,23,5,3,5,3,2,1,0,1,0,0,0,0,6.98558E+20,5.32456E+21,1.16641E+16,4.80434E+16
65022,65023,9,3,74,117,2016,3,16,5,2,3,6,0,0,0,1,0,0,0,0,7.01097E+20,5.51672E+21,1.17928E+16,4.97692E+16
65023,65024,9,5,71,171,2016,3,12,7,2,4,1,0,1,0,1,0,0,0,0,6.09316E+20,5.46621E+21,1.05048E+16,4.93388E+16
65024,65025,9,1,82,116,2016,3,17,5,3,2,6,1,0,0,1,0,0,0,0,7.06595E+20,5.2918E+21,1.17562E+16,4.77465E+16
65025,65026,9,2,79,128,2016,3,12,2,3,9,1,0,0,0,1,0,0,0,0,7.56881E+20,5.39719E+21,1.24897E+16,4.86749E+16
65026,65027,9,1,84,130,2016,3,21,1,2,6,7,2,0,0,1,1,0,0,0,6.99755E+20,5.34471E+21,1.16896E+16,4.82241E+16
65027,65028,9,1,80,117,2016,3,18,1,3,5,2,0,0,0,1,0,0,0,0,6.58305E+20,5.26257E+21,1.11019E+16,4.74973E+16
65028,65029,9,1,84,141,2016,3,18,2,3,3,6,1,0,0,1,0,0,0,0,7.00497E+20,5.31663E+21,1.16864E+16,4.79715E+16
65029,65030,9,2,63,0,2016,3,17,7,3,4,6,0,0,1,1,0,0,0,0,7.6107E+20,5.41947E+21,1.25606E+16,4.88732E+16
65030,65031,9,1,89,161,2016,3,5,3,3,4,1,2,2,0,1,0,0,0,0,7.69252E+20,5.30443E+21,1.25984E+16,4.78368E+16
65031,65032,9,1,83,128,2016,3,15,1,3,4,6,0,0,0,1,0,0,0,0,7.6131E+20,5.34928E+21,1.25198E+16,4.82429E+16
65032,65033,9,6,72,127,2016,3,8,2,3,9,1,0,1,0,1,0,0,0,0,5.64767E+20,5.55707E+21,9.90678E+15,5.01623E+16
65033,65034,9,3,72,117,2016,3,8,4,2,8,1,0,1,0,1,0,0,0,0,7.75299E+20,5.45675E+21,1.27796E+16,4.92016E+16
65034,65035,9,5,63,0,2016,3,16,2,3,4,1,0,0,0,1,0,0,0,1,6.43693E+20,5.48676E+21,1.09852E+16,4.95164E+16
65035,65036,9,1,90,148,2016,3,17,3,3,1,6,0,0,0,1,0,0,0,0,6.42864E+20,5.29681E+21,1.09082E+16,4.78088E+16
65036,65037,9,1,62,0,2016,3,11,2,3,3,2,0,0,0,1,0,0,0,0,6.83868E+20,5.33542E+21,1.14719E+16,4.81454E+16
65037,65038,9,2,77,138,2016,3,5,1,2,8,1,2,0,0,1,0,0,0,0,7.93837E+20,5.37123E+21,1.29722E+16,4.84256E+16
65038,65039,9,6,63,0,2016,3,17,2,2,3,2,0,1,1,1,0,0,0,0,5.65734E+20,5.51619E+21,9.91333E+15,4.97946E+16
65039,65040,9,3,77,146,2016,3,8,4,1,8,1,0,1,0,1,0,0,0,0,7.32823E+20,5.52197E+21,1.22359E+16,4.9805E+16
65040,65041,9,6,71,152,2016,3,12,2,2,6,1,0,0,0,1,1,0,0,0,5.16973E+20,5.54926E+21,9.23729E+15,5.00954E+16
65041,65042,9,5,77,177,2016,3,13,3,3,6,4,0,0,0,1,1,0,0,0,6.4383E+20,5.43253E+21,1.09676E+16,4.90289E+16
65042,65043,9,1,62,0,2016,3,10,7,3,3,6,0,0,0,1,0,0,0,0,6.85437E+20,5.34093E+21,1.14954E+16,4.81945E+16
65043,65044,9,2,61,0,2016,3,18,7,3,6,4,2,0,0,1,1,0,0,0,7.3225E+20,5.38261E+21,1.21475E+16,4.85535E+16
65044,65045,9,3,71,144,2016,3,15,3,3,5,3,0,2,0,1,0,0,0,0,7.04986E+20,5.48382E+21,1.18296E+16,4.94724E+16
65045,65046,9,2,79,134,2016,3,14,2,3,3,2,0,0,0,1,0,0,0,0,7.69852E+20,5.38955E+21,1.26605E+16,4.86008E+16
65046,65047,9,6,72,112,2016,3,16,2,2,5,3,0,0,0,1,0,1,0,0,5.75952E+20,5.56729E+21,1.00654E+16,5.02529E+16
65047,65048,9,3,76,144,2016,3,12,2,3,2,6,0,0,0,1,0,0,0,0,7.34866E+20,5.48056E+21,1.22395E+16,4.94323E+16
65048,65049,9,5,72,132,2016,3,16,6,3,1,3,0,0,1,1,0,0,0,0,6.36346E+20,5.49247E+21,1.08858E+16,4.95694E+16
65049,65050,9,4,78,139,2016,3,16,5,3,5,3,0,0,0,1,0,0,0,1,6.46175E+20,5.55517E+21,1.10453E+16,5.01307E+16
65050,65051,9,7,78,173,2016,3,18,5,3,5,3,0,0,0,1,0,1,0,0,6.12263E+20,5.32236E+21,1.05063E+16,4.80447E+16
65051,65052,9,3,76,116,2016,3,16,5,3,1,6,0,0,0,1,0,0,0,0,7.39098E+20,5.46281E+21,1.22871E+16,4.92713E+16
65052,65053,9,1,88,139,2016,3,17,5,3,2,6,0,0,0,1,0,0,0,0,6.74812E+20,5.31914E+21,1.13436E+16,4.80017E+16
65053,65054,9,1,86,137,2016,3,18,2,3,5,2,1,0,0,1,0,0,0,0,6.83002E+20,5.39817E+21,1.14877E+16,4.87097E+16
65054,65055,9,6,61,0,2016,3,19,1,3,2,2,2,1,0,1,0,0,0,0,5.10067E+20,5.53627E+21,9.1404E+15,4.99787E+16