FID,OBJECTID,ULAND,UREGBEZ,UKREIS,UGEMEINDE,UJAHR,UMONAT,USTUNDE,UWOCHENTAG,UKATEGORIE,UART,UTYP1,ULICHTVERH,IstStrasse,IstRad,IstPKW,IstFuss,IstKrad,IstGkfz,IstSonstig,LINREFX,LINREFY,XGCSWGS84,YGCSWGS84
65235,65236,9,1,89,119,2016,3,2,5,1,4,6,2,1,0,1,0,0,0,1,7.66521E+20,5.30314E+21,1.25612E+16,4.78264E+16
65236,65237,9,2,77,119,2016,3,13,6,3,9,1,0,0,0,1,0,0,0,0,7.75434E+20,5.37354E+21,1.27255E+16,4.84547E+16
65237,65238,9,3,72,146,2016,3,13,1,3,9,7,0,1,0,1,0,0,0,0,7.61787E+20,5.46135E+21,1.25974E+16,4.92489E+16
65238,65239,9,2,75,128,2016,3,14,7,3,2,6,0,0,0,1,0,0,0,0,8.32705E+20,5.40516E+21,1.35232E+16,4.87105E+16
65239,65240,9,1,90,138,2016,3,18,3,3,2,6,2,1,0,1,0,0,0,0,6.61307E+20,5.30953E+21,1.11591E+16,4.79188E+16
65240,65241,9,6,72,114,2016,3,10,4,3,0,7,0,0,0,0,0,1,0,0,5.74702E+20,5.56013E+21,1.00465E+16,5.01887E+16
65241,65242,9,1,75,121,2016,3,8,3,3,0,1,0,2,0,1,0,0,0,0,7.12628E+20,5.3202E+21,1.18505E+16,4.79997E+16
65242,65243,9,2,75,159,2016,3,15,1,3,0,6,0,0,0,1,0,0,0,0,8.13871E+20,5.39918E+21,1.32634E+16,4.86667E+16
65243,65244,9,6,79,185,2016,3,10,2,3,8,1,0,1,0,1,0,0,0,0,5.73519E+20,5.51518E+21,1.00213E+16,4.97845E+16
65244,65245,9,3,74,133,2016,3,20,4,2,2,6,2,0,0,1,0,0,1,0,7.26081E+20,5.49339E+21,1.21258E+16,4.95509E+16
65245,65246,9,4,75,146,2016,3,17,7,3,0,7,0,0,1,0,0,0,0,0,6.89379E+20,5.58395E+21,1.16636E+16,5.0377E+16
65246,65247,9,2,72,149,2016,3,9,3,3,5,3,0,0,0,1,0,0,0,1,8.17858E+20,5.42659E+21,1.33385E+16,4.89106E+16
65247,65248,9,7,61,0,2016,3,16,4,3,3,3,0,0,0,1,0,0,1,0,6.38407E+20,5.35675E+21,1.08681E+16,4.83487E+16
65248,65249,9,1,79,136,2016,3,23,3,3,8,1,2,0,0,1,0,0,0,0,6.63112E+20,5.34187E+21,1.11956E+16,4.82091E+16
65249,65250,9,5,76,121,2016,3,3,1,3,8,1,2,0,0,0,0,0,1,0,6.49465E+20,5.44746E+21,1.10502E+16,4.91617E+16
65250,65251,9,7,76,116,2016,3,10,2,3,0,7,0,0,1,0,0,0,0,0,5.53453E+20,5.26681E+21,9.71045E+15,4.75525E+16
65251,65252,9,4,71,140,2016,3,8,4,3,1,7,0,0,0,1,0,0,0,1,6.34708E+20,5.53135E+21,1.08766E+16,4.99193E+16
65252,65253,9,5,74,152,2016,3,7,3,3,3,6,0,0,0,1,0,0,1,0,6.60402E+20,5.48161E+21,1.12138E+16,4.9466E+16
65253,65254,9,1,84,112,2016,3,4,1,2,4,7,2,1,0,1,0,0,0,0,7.01248E+20,5.34091E+21,1.17079E+16,4.81895E+16
65254,65255,9,3,73,159,2016,3,9,7,3,0,6,0,0,0,1,0,0,0,0,6.77021E+20,5.45251E+21,1.14301E+16,4.91998E+16
65255,65256,9,3,74,124,2016,3,7,3,3,6,4,0,0,0,1,1,0,0,0,7.0917E+20,5.51229E+21,1.19024E+16,4.97267E+16
65256,65257,9,2,77,116,2016,3,16,2,3,0,3,0,0,0,1,0,0,0,0,7.79657E+20,5.36834E+21,1.27791E+16,4.84061E+16
65257,65258,9,4,72,199,2016,3,9,2,3,1,1,0,2,0,1,0,0,1,1,6.89926E+20,5.53743E+21,1.1648E+16,4.99589E+16
65258,65259,9,6,79,128,2016,3,21,6,2,6,6,2,0,0,1,1,0,0,0,5.60501E+20,5.52369E+21,9.8418E+15,4.98625E+16
65259,65260,9,5,65,0,2016,3,19,5,3,2,6,2,0,0,1,0,0,0,0,6.4678E+20,5.46583E+21,1.10201E+16,4.93275E+16
65260,65261,9,3,77,128,2016,3,10,7,3,4,1,0,0,0,1,0,0,0,0,7.08214E+20,5.52366E+21,1.18953E+16,4.98291E+16
65261,65262,9,1,77,139,2016,3,13,6,2,4,6,0,0,0,1,0,0,0,0,7.29951E+20,5.359E+21,1.21034E+16,4.83423E+16
65262,65263,9,3,63,0,2016,3,7,5,3,5,3,0,0,1,1,0,0,0,0,7.27534E+20,5.50704E+21,1.21538E+16,4.96729E+16
65263,65264,9,7,80,112,2016,3,15,6,2,5,3,0,0,0,1,0,0,0,0,5.94215E+20,5.29398E+21,1.0258E+16,4.77923E+16
65264,65265,9,5,71,128,2016,3,5,7,2,6,6,2,0,0,1,1,0,0,0,6.07581E+20,5.44266E+21,1.04746E+16,4.91273E+16
65265,65266,9,1,87,125,2016,3,10,5,3,4,6,0,0,0,1,0,0,0,0,7.52347E+20,5.31218E+21,1.23774E+16,4.79132E+16
65266,65267,9,2,73,137,2016,3,15,2,3,1,1,0,0,0,1,0,0,0,0,7.1378E+20,5.4208E+21,1.19173E+16,4.89032E+16
65267,65268,9,1,62,0,2016,3,1,1,3,5,3,2,0,0,1,0,0,0,0,6.86182E+20,5.33526E+21,1.15029E+16,4.81433E+16
65268,65269,9,1,73,147,2016,3,13,1,3,2,6,0,0,0,1,0,0,0,0,6.81602E+20,5.30885E+21,1.14302E+16,4.79072E+16
65269,65270,9,1,83,128,2016,3,11,2,3,2,6,0,0,0,1,0,0,1,0,7.62231E+20,5.3503E+21,1.25328E+16,4.82516E+16
65270,65271,9,2,75,151,2016,3,20,7,3,0,1,2,0,0,0,0,1,0,0,8.25477E+20,5.39468E+21,1.3417E+16,4.86204E+16
65271,65272,9,1,89,157,2016,3,16,3,3,4,1,0,2,0,1,0,0,0,0,7.65245E+20,5.32556E+21,1.2558E+16,4.80282E+16
65272,65273,9,1,84,129,2016,3,11,2,3,3,6,0,0,0,1,0,0,1,0,7.00055E+20,5.32388E+21,1.16839E+16,4.80368E+16
65273,65274,9,1,89,137,2016,3,16,1,3,4,1,0,0,0,1,0,0,0,0,7.50633E+20,5.32057E+21,1.23594E+16,4.79893E+16
65274,65275,9,6,74,163,2016,3,6,2,3,8,7,0,1,0,1,0,0,0,0,6.12302E+20,5.5387E+21,1.05667E+16,4.99901E+16
65275,65276,9,3,73,146,2016,3,21,4,3,9,1,2,0,0,1,0,0,0,0,6.75164E+20,5.45272E+21,1.14047E+16,4.92022E+16
65276,65277,9,5,65,0,2016,3,17,2,2,0,7,0,0,1,0,0,0,0,0,6.46379E+20,5.46592E+21,1.10146E+16,4.93284E+16
65277,65278,9,7,63,0,2016,3,14,7,2,0,7,0,0,0,1,0,0,0,0,6.02742E+20,5.28891E+21,1.03706E+16,4.77453E+16
65278,65279,9,1,87,122,2016,3,22,7,3,1,1,2,1,0,1,0,0,0,0,7.17513E+20,5.30702E+21,1.19093E+16,4.78796E+16
65279,65280,9,1,72,128,2016,3,1,7,3,8,1,2,0,0,0,0,0,0,1,7.92206E+20,5.29698E+21,1.28994E+16,4.77599E+16
65280,65281,9,2,77,151,2016,3,5,2,2,5,3,2,0,0,1,0,1,0,0,7.73487E+20,5.36688E+21,1.26949E+16,4.83957E+16
65281,65282,9,5,73,127,2016,3,7,6,3,2,6,0,0,0,1,0,0,0,0,6.46343E+20,5.47562E+21,1.10177E+16,4.94156E+16
65282,65283,9,4,74,154,2016,3,20,5,3,5,3,2,0,0,1,0,0,0,0,6.55583E+20,5.49828E+21,1.11539E+16,4.9617E+16
65283,65284,9,6,71,155,2016,3,7,2,3,0,7,1,1,0,0,0,1,0,0,5.03697E+20,5.53743E+21,9.05158E+15,4.99892E+16
65284,65285,9,5,73,115,2016,3,13,3,2,6,4,0,0,0,1,1,0,0,0,6.30098E+20,5.47393E+21,1.07933E+16,4.94041E+16
65285,65286,9,1,62,0,2016,3,23,7,3,4,2,2,0,0,1,0,0,0,0,6.92105E+20,5.34187E+21,1.15854E+16,4.82009E+16
65286,65287,9,2,74,153,2016,3,10,7,3,4,6,0,0,0,1,0,1,0,0,7.27142E+20,5.40413E+21,1.20902E+16,4.87487E+16
65287,65288,9,3,73,147,2016,3,13,3,3,3,6,0,0,0,1,0,0,1,0,6.80566E+20,5.46372E+21,1.14837E+16,4.92995E+16
65288,65289,9,2,73,137,2016,3,17,2,2,2,1,0,0,0,1,0,0,0,0,7.12535E+20,5.42101E+21,1.19005E+16,4.89055E+16
65289,65290,9,6,72,135,2016,3,16,2,2,2,7,0,0,0,0,0,1,0,0,5.91834E+20,5.56987E+21,1.02887E+16,5.02738E+16
65290,65291,9,3,76,175,2016,3,10,2,3,3,6,0,0,0,1,0,0,0,0,7.29229E+20,5.46711E+21,1.21541E+16,4.93137E+16
65291,65292,9,6,61,0,2016,3,10,6,3,3,6,0,0,0,1,0,0,0,0,5.0913E+20,5.53634E+21,9.12734E+15,4.99793E+16
65292,65293,9,4,73,175,2016,3,17,5,3,0,1,0,0,1,0,0,0,0,0,6.3557E+20,5.56982E+21,1.09022E+16,5.0265E+16
65293,65294,9,1,84,136,2016,3,19,5,3,0,6,2,0,0,1,0,0,0,1,6.98586E+20,5.32632E+21,1.16653E+16,4.80592E+16
65294,65295,9,3,71,151,2016,3,19,5,3,5,3,2,0,0,1,0,0,0,0,6.99309E+20,5.48374E+21,1.17513E+16,4.94736E+16
65295,65296,9,1,88,139,2016,3,8,5,2,5,3,0,0,1,1,0,0,0,0,6.75283E+20,5.31914E+21,1.13499E+16,4.80015E+16
65296,65297,9,1,86,162,2016,3,4,2,3,2,7,2,0,0,1,0,0,1,0,6.95238E+20,5.38672E+21,1.16484E+16,4.86031E+16
65297,65298,9,6,79,138,2016,3,13,1,3,5,6,0,0,0,1,0,0,0,0,5.68268E+20,5.50222E+21,9.94609E+15,4.96686E+16
65298,65299,9,1,85,125,2016,3,6,1,2,8,1,2,1,0,1,0,0,0,0,6.515E+20,5.39788E+21,1.10597E+16,4.87156E+16
65299,65300,9,1,76,129,2016,3,15,2,3,2,2,0,0,0,1,0,0,0,0,6.86896E+20,5.40788E+21,1.15449E+16,4.87958E+16
65300,65301,9,2,73,177,2016,3,12,7,3,0,7,0,0,1,0,0,0,0,0,7.06917E+20,5.40179E+21,1.18142E+16,4.87347E+16
65301,65302,9,1,71,112,2016,3,6,3,3,3,6,1,1,0,1,0,0,1,0,7.84203E+20,5.34376E+21,1.28238E+16,4.81834E+16
65302,65303,9,2,77,149,2016,3,19,4,3,8,1,2,0,0,1,0,0,0,0,7.93064E+20,5.36316E+21,1.29562E+16,4.83535E+16
65303,65304,9,5,64,0,2016,3,13,2,3,2,6,0,0,0,1,0,0,0,0,6.47577E+20,5.47851E+21,1.10358E+16,4.94413E+16
65304,65305,9,7,72,149,2016,3,11,7,3,1,6,0,0,0,1,0,0,0,0,6.35164E+20,5.33863E+21,1.08186E+16,4.81865E+16
65305,65306,9,1,72,134,2016,3,18,6,3,2,6,2,0,0,1,0,0,1,0,7.80524E+20,5.30407E+21,1.27485E+16,4.78287E+16
65306,65307,9,1,61,0,2016,3,16,7,3,1,7,0,0,1,1,0,0,0,0,6.77206E+20,5.39964E+21,1.14096E+16,4.87246E+16
65307,65308,9,1,61,0,2016,3,9,7,3,5,2,0,0,1,1,0,0,0,0,6.79719E+20,5.40567E+21,1.14463E+16,4.87781E+16
65308,65309,9,1,82,116,2016,3,9,4,3,5,2,0,1,0,1,0,0,0,0,7.04217E+20,5.29398E+21,1.17255E+16,4.77668E+16
65309,65310,9,4,62,0,2016,3,22,6,3,4,3,2,0,0,1,0,0,0,0,6.84909E+20,5.53594E+21,1.15774E+16,4.99472E+16
65310,65311,9,2,61,0,2016,3,23,5,3,6,4,2,0,0,1,1,0,0,0,7.32426E+20,5.38272E+21,1.21499E+16,4.85544E+16
65311,65312,9,7,64,0,2016,3,18,6,2,5,3,2,0,0,1,0,0,0,0,5.85491E+20,5.31802E+21,1.01463E+16,4.80097E+16
65312,65313,9,1,84,134,2016,3,8,4,3,4,2,0,1,0,1,0,0,0,0,6.94284E+20,5.32335E+21,1.16063E+16,4.80338E+16
65313,65314,9,1,75,118,2016,3,4,2,2,5,3,2,0,0,0,0,0,1,0,7.17884E+20,5.33935E+21,1.19307E+16,4.817E+16
65314,65315,9,4,72,175,2016,3,19,1,3,9,1,2,1,0,1,0,0,0,0,6.79853E+20,5.52006E+21,1.14997E+16,4.9806E+16
65315,65316,9,7,79,201,2016,3,15,1,3,2,6,0,0,0,1,0,0,0,0,6.39745E+20,5.39622E+21,1.08994E+16,4.87034E+16
65316,65317,9,5,74,123,2016,3,4,4,3,7,7,2,0,0,1,0,0,1,0,6.61709E+20,5.47928E+21,1.12309E+16,4.94447E+16
65317,65318,9,7,79,194,2016,3,12,5,3,9,7,0,0,0,1,0,0,0,0,6.09873E+20,5.41146E+21,1.04976E+16,4.88464E+16
65318,65319,9,2,71,119,2016,3,14,5,3,5,3,0,0,0,1,0,0,0,0,7.90337E+20,5.41738E+21,1.29573E+16,4.88414E+16
65319,65320,9,7,64,0,2016,3,14,6,3,5,3,0,0,0,1,0,0,0,0,5.88279E+20,5.31386E+21,1.01828E+16,4.79719E+16
65320,65321,9,1,75,133,2016,3,8,5,3,5,3,0,0,0,1,0,0,0,0,7.10533E+20,5.34216E+21,1.18333E+16,4.81977E+16
65321,65322,9,1,76,118,2016,3,18,2,3,0,1,0,0,0,0,0,1,0,0,6.67054E+20,5.40786E+21,1.1275E+16,4.88012E+16
65322,65323,9,5,76,113,2016,3,9,1,3,4,6,0,2,0,1,0,0,0,0,6.6574E+20,5.45471E+21,1.12762E+16,4.92227E+16
65323,65324,9,7,78,180,2016,3,17,7,3,8,1,1,2,0,1,0,0,0,0,6.04486E+20,5.32129E+21,1.04017E+16,4.80364E+16
65324,65325,9,1,79,138,2016,3,10,2,3,8,7,0,0,0,1,0,0,0,0,6.53854E+20,5.33464E+21,1.10684E+16,4.81464E+16
65325,65326,9,6,71,143,2016,3,7,4,2,5,2,0,0,0,1,0,0,0,0,5.12259E+20,5.54563E+21,9.17128E+15,5.00629E+16
65326,65327,9,2,79,122,2016,3,21,7,3,5,3,2,1,0,1,0,1,0,0,7.71978E+20,5.39771E+21,1.26947E+16,4.86732E+16
65327,65328,9,5,74,152,2016,3,19,2,2,5,2,2,0,0,1,0,0,0,0,6.63709E+20,5.4814E+21,1.12593E+16,4.94632E+16
65328,65329,9,1,89,152,2016,3,11,4,2,6,7,0,0,0,1,1,0,0,0,7.8066E+20,5.3301E+21,1.27673E+16,4.80624E+16
65329,65330,9,4,62,0,2016,3,21,2,3,5,3,2,0,0,1,0,0,0,0,6.84494E+20,5.53502E+21,1.15712E+16,4.99391E+16
65330,65331,9,5,71,227,2016,3,16,2,3,8,1,0,2,0,1,0,0,0,0,6.03322E+20,5.4348E+21,1.04143E+16,4.90574E+16
65331,65332,9,5,64,0,2016,3,10,7,3,0,1,0,0,0,0,0,1,0,0,6.52727E+20,5.47352E+21,1.11048E+16,4.93952E+16
65332,65333,9,1,87,162,2016,3,10,6,3,2,6,0,0,0,1,0,0,0,0,7.49803E+20,5.30598E+21,1.23398E+16,4.78586E+16
65333,65334,9,1,85,131,2016,3,18,7,3,9,1,2,1,0,1,0,0,0,0,6.65383E+20,5.37707E+21,1.12399E+16,4.8525E+16
65334,65335,9,1,88,121,2016,3,19,7,3,2,7,2,1,0,1,0,0,0,0,6.72008E+20,5.32983E+21,1.13103E+16,4.80985E+16
65335,65336,9,1,75,135,2016,3,9,4,3,3,7,0,1,0,1,0,0,0,0,7.07478E+20,5.33804E+21,1.17902E+16,4.81617E+16
65336,65337,9,7,78,216,2016,3,17,7,3,5,3,2,1,0,1,0,0,0,0,6.24923E+20,5.32207E+21,1.0676E+16,4.80397E+16
65337,65338,9,3,77,154,2016,3,22,6,3,5,3,2,0,0,1,0,0,0,0,7.39465E+20,5.53044E+21,1.23333E+16,4.98784E+16
65338,65339,9,7,74,148,2016,3,13,4,3,2,6,0,0,0,1,0,0,0,0,5.95745E+20,5.36366E+21,1.0294E+16,4.84188E+16
65339,65340,9,1,86,137,2016,3,15,3,3,2,6,0,0,0,1,0,0,0,0,6.82481E+20,5.39909E+21,1.1481E+16,4.87181E+16
65340,65341,9,6,71,130,2016,3,12,1,3,5,3,0,0,0,1,0,0,0,0,5.14644E+20,5.53905E+21,9.20435E+15,5.00036E+16
65341,65342,9,7,78,173,2016,3,12,2,3,5,2,0,0,1,1,0,0,0,0,6.09756E+20,5.32174E+21,1.04725E+16,4.80395E+16
65342,65343,9,5,75,153,2016,3,21,4,3,5,3,2,0,0,1,0,0,1,0,6.1538E+20,5.49288E+21,1.0596E+16,4.95775E+16
65343,65344,9,6,72,114,2016,3,14,3,3,1,6,0,0,0,1,0,0,0,0,5.77354E+20,5.56036E+21,1.00836E+16,5.01903E+16
65344,65345,9,1,82,116,2016,3,3,1,3,9,1,2,1,0,1,0,0,0,0,7.04E+20,5.29511E+21,1.17231E+16,4.7777E+16
65345,65346,9,3,75,117,2016,3,15,7,2,5,3,0,0,0,1,0,0,0,0,7.36695E+20,5.43306E+21,1.22366E+16,4.9005E+16
65346,65347,9,3,77,141,2016,3,8,3,3,8,1,0,1,0,1,0,0,0,0,7.31531E+20,5.53592E+21,1.22263E+16,4.99307E+16
65347,65348,9,2,75,122,2016,3,15,2,3,6,6,0,0,0,0,1,0,0,1,8.19265E+20,5.38048E+21,1.33221E+16,4.84962E+16
65348,65349,9,4,78,165,2016,3,15,2,3,5,3,0,0,0,1,0,0,1,0,6.43578E+20,5.55234E+21,1.10079E+16,5.0106E+16
65349,65350,9,7,73,136,2016,3,13,6,3,0,1,0,0,1,0,0,0,0,0,6.02438E+20,5.37931E+21,1.03883E+16,4.85585E+16
65350,65351,9,5,62,0,2016,3,8,5,3,2,6,0,0,0,1,0,0,0,0,6.40577E+20,5.49223E+21,1.09442E+16,4.95664E+16
65351,65352,9,4,74,126,2016,3,17,7,3,5,3,1,0,0,1,0,0,0,0,6.51657E+20,5.50933E+21,1.11039E+16,4.97173E+16
65352,65353,9,1,81,114,2016,3,12,6,2,6,4,0,0,0,1,1,0,0,0,6.56471E+20,5.31279E+21,1.10956E+16,4.79493E+16
65353,65354,9,7,62,0,2016,3,11,3,3,2,6,0,0,0,1,0,0,0,1,6.22326E+20,5.30707E+21,1.06369E+16,4.79053E+16
65354,65355,9,5,77,125,2016,3,13,2,3,5,3,0,0,0,1,0,1,0,0,6.41423E+20,5.4362E+21,1.0936E+16,4.90624E+16
65355,65356,9,5,75,112,2016,3,4,3,3,8,1,2,0,0,1,0,0,0,0,6.04097E+20,5.48367E+21,1.04376E+16,4.94967E+16
65356,65357,9,3,75,191,2016,3,8,2,3,2,6,0,0,0,1,0,0,0,0,7.44125E+20,5.4215E+21,1.23311E+16,4.88983E+16
65357,65358,9,5,77,161,2016,3,12,7,3,5,3,0,0,0,1,0,0,0,0,6.47744E+20,5.44387E+21,1.10253E+16,4.91299E+16
65358,65359,9,1,76,132,2016,3,12,6,2,8,1,0,0,0,1,0,0,0,0,6.7099E+20,5.41464E+21,1.13314E+16,4.88612E+16
65359,65360,9,1,88,139,2016,3,20,7,3,6,4,2,1,0,1,1,0,0,0,6.75227E+20,5.31919E+21,1.13492E+16,4.8002E+16
65360,65361,9,1,84,120,2016,3,17,6,3,2,6,1,0,0,1,0,1,0,0,6.82132E+20,5.33199E+21,1.14471E+16,4.81151E+16
65361,65362,9,1,84,122,2016,3,15,3,3,2,6,0,0,0,1,0,0,0,0,6.87948E+20,5.32339E+21,1.15214E+16,4.80361E+16
65362,65363,9,6,79,154,2016,3,15,7,3,9,1,0,1,0,1,0,0,0,0,5.5957E+20,5.50838E+21,9.82651E+15,4.97249E+16
65363,65364,9,2,73,111,2016,3,18,5,3,5,3,2,0,0,1,0,0,0,0,7.08383E+20,5.40959E+21,1.18381E+16,4.88044E+16
65364,65365,9,2,71,151,2016,3,12,6,2,9,1,0,0,0,1,0,0,0,0,7.797E+20,5.41026E+21,1.28078E+16,4.87823E+16
65365,65366,9,4,78,111,2016,3,8,7,3,0,1,0,0,1,0,0,0,0,0,6.59634E+20,5.55458E+21,1.12332E+16,5.01219E+16
65366,65367,9,2,73,137,2016,3,16,3,2,2,1,0,0,1,0,0,1,0,0,7.11164E+20,5.42345E+21,1.1883E+16,4.89279E+16
65367,65368,9,7,61,0,2016,3,17,4,3,4,2,0,0,0,1,0,0,0,0,6.41358E+20,5.35252E+21,1.09065E+16,4.83101E+16
65368,65369,9,1,84,129,2016,3,9,3,3,2,6,0,2,0,1,0,0,0,0,7.01887E+20,5.32688E+21,1.17098E+16,4.80632E+16
65369,65370,9,4,77,163,2016,3,13,1,2,8,1,0,0,0,0,0,1,0,0,6.86132E+20,5.55348E+21,1.1603E+16,5.01044E+16
65370,65371,9,7,61,0,2016,3,9,2,3,2,6,0,0,0,1,0,0,1,0,6.38336E+20,5.36223E+21,1.08689E+16,4.8398E+16
65371,65372,9,4,71,174,2016,3,10,4,3,5,3,0,0,0,1,0,0,0,0,6.35431E+20,5.542E+21,1.08904E+16,5.00149E+16
65372,65373,9,5,62,0,2016,3,17,3,3,0,7,1,0,1,0,1,0,0,0,6.46564E+20,5.49571E+21,1.10282E+16,4.95962E+16
65373,65374,9,1,62,0,2016,3,21,7,3,5,3,2,0,0,1,0,0,0,0,6.94995E+20,5.333E+21,1.16202E+16,4.81203E+16
65374,65375,9,2,76,148,2016,3,9,7,2,8,1,0,0,0,0,0,1,0,0,8.07861E+20,5.43537E+21,1.32091E+16,4.89944E+16
65375,65376,9,3,75,190,2016,3,8,3,3,2,6,0,0,0,1,0,0,0,0,7.28262E+20,5.44617E+21,1.21289E+16,4.9126E+16
65376,65377,9,2,79,116,2016,3,19,2,2,2,6,2,0,0,1,0,0,0,0,7.59543E+20,5.39595E+21,1.2525E+16,4.86626E+16
65377,65378,9,3,62,0,2016,3,16,2,3,2,6,0,0,0,1,0,0,0,0,7.2782E+20,5.43133E+21,1.21145E+16,4.89928E+16
65378,65379,9,6,77,114,2016,3,7,6,2,8,1,1,1,0,1,0,0,0,0,5.68329E+20,5.53898E+21,9.95341E+15,4.99993E+16
65379,65380,9,5,73,125,2016,3,7,5,3,3,6,0,0,0,1,0,0,0,0,6.37014E+20,5.47314E+21,1.08883E+16,4.93955E+16
65380,65381,9,1,62,0,2016,3,15,5,3,2,6,0,0,0,1,0,0,0,1,6.94841E+20,5.33202E+21,1.16177E+16,4.81116E+16
65381,65382,9,3,75,180,2016,3,19,5,3,2,6,2,0,0,1,0,0,1,0,7.2414E+20,5.42875E+21,1.20629E+16,4.89709E+16
65382,65383,9,1,87,122,2016,3,16,5,2,5,2,0,0,0,1,0,0,0,1,7.1809E+20,5.30818E+21,1.19176E+16,4.78899E+16
65383,65384,9,1,84,132,2016,3,17,2,2,8,6,0,0,0,1,0,0,0,0,6.81903E+20,5.32392E+21,1.14406E+16,4.80426E+16
65384,65385,9,7,78,151,2016,3,1,1,3,8,1,2,0,0,1,0,0,0,0,5.94053E+20,5.3191E+21,1.02613E+16,4.80183E+16
65385,65386,9,1,73,112,2016,3,14,1,3,1,6,0,0,0,1,0,0,0,0,6.91412E+20,5.29223E+21,1.1554E+16,4.7755E+16
65386,65387,9,1,84,148,2016,3,17,2,3,2,6,0,0,0,1,0,0,0,0,6.93344E+20,5.32888E+21,1.15962E+16,4.80838E+16
65387,65388,9,2,73,137,2016,3,14,7,3,8,7,0,0,0,1,0,0,0,0,7.13623E+20,5.42219E+21,1.19159E+16,4.89158E+16
65388,65389,9,1,83,127,2016,3,21,3,2,5,2,2,1,0,1,0,0,0,0,7.55225E+20,5.34977E+21,1.24383E+16,4.82497E+16
65389,65390,9,7,78,173,2016,3,12,6,3,4,2,0,0,0,1,0,1,0,0,6.12544E+20,5.32079E+21,1.05096E+16,4.80304E+16
65390,65391,9,7,74,144,2016,3,4,3,3,8,1,2,2,0,1,0,0,0,0,6.05239E+20,5.36054E+21,1.04215E+16,4.83892E+16
65391,65392,9,5,64,0,2016,3,11,7,2,5,3,0,0,1,1,0,0,0,0,6.53799E+20,5.47418E+21,1.11199E+16,4.94009E+16
65392,65393,9,1,89,152,2016,3,9,5,3,5,2,0,0,0,1,0,0,1,0,7.8291E+20,5.32684E+21,1.27952E+16,4.80321E+16
65393,65394,9,2,74,128,2016,3,15,6,3,2,6,0,0,0,1,0,0,0,0,7.42108E+20,5.39006E+21,1.22852E+16,4.86167E+16
65394,65395,9,2,62,0,2016,3,11,1,3,8,1,0,0,0,1,0,0,0,0,8.30014E+20,5.39116E+21,1.34756E+16,4.85864E+16
65395,65396,9,1,73,137,2016,3,15,7,3,8,7,0,0,0,1,0,0,0,0,6.78924E+20,5.30427E+21,1.13925E+16,4.78668E+16
65396,65397,9,1,90,132,2016,3,9,3,3,9,1,0,2,0,1,0,0,0,0,6.73553E+20,5.2959E+21,1.13174E+16,4.77931E+16
65397,65398,9,1,84,123,2016,3,11,2,3,2,6,0,1,0,1,0,0,0,0,7.02119E+20,5.33218E+21,1.17155E+16,4.81108E+16
65398,65399,9,2,75,150,2016,3,1,1,1,8,1,2,0,0,1,0,0,0,0,8.3282E+20,5.39272E+21,1.35147E+16,4.8599E+16
65399,65400,9,6,63,0,2016,3,8,2,3,2,6,0,0,0,1,0,0,0,0,5.69473E+20,5.51734E+21,9.96548E+15,4.98045E+16
65400,65401,9,3,77,146,2016,3,7,4,2,8,1,0,0,0,1,0,0,0,0,7.32061E+20,5.52156E+21,1.22251E+16,4.98016E+16
65401,65402,9,5,76,151,2016,3,19,2,3,3,6,2,0,0,1,0,0,0,0,6.54742E+20,5.47194E+21,1.1132E+16,4.93805E+16
65402,65403,9,5,77,177,2016,3,7,3,3,4,6,0,1,0,1,0,0,0,0,6.49705E+20,5.42715E+21,1.1046E+16,4.89791E+16
65403,65404,9,1,84,129,2016,3,17,7,3,0,7,0,0,0,1,0,0,0,0,7.01272E+20,5.32516E+21,1.17008E+16,4.8048E+16
65404,65405,9,2,73,159,2016,3,14,7,3,9,1,0,0,0,0,0,1,0,0,7.06925E+20,5.43327E+21,1.18302E+16,4.90176E+16
65405,65406,9,2,75,130,2016,3,16,3,3,5,2,0,0,0,1,0,0,0,0,8.13291E+20,5.36217E+21,1.32277E+16,4.83349E+16
65406,65407,9,1,90,113,2016,3,14,2,3,8,1,0,0,0,1,0,0,0,0,6.70334E+20,5.29302E+21,1.12733E+16,4.77681E+16
65407,65408,9,3,76,144,2016,3,7,2,3,5,3,0,1,0,1,0,0,0,0,7.31555E+20,5.48303E+21,1.21953E+16,4.94557E+16
65408,65409,9,5,62,0,2016,3,9,6,3,5,3,0,0,0,1,0,0,0,0,6.43639E+20,5.49192E+21,1.09864E+16,4.95628E+16
65409,65410,9,4,77,121,2016,3,7,5,3,2,6,0,0,0,1,0,0,0,1,6.8684E+20,5.54824E+21,1.16103E+16,5.0057E+16
65410,65411,9,7,80,140,2016,3,7,5,3,8,1,0,0,0,1,0,0,0,0,5.9956E+20,5.28186E+21,1.03266E+16,4.76825E+16
65411,65412,9,3,76,147,2016,3,14,5,3,2,3,0,0,0,1,0,0,0,0,7.43558E+20,5.47096E+21,1.23533E+16,4.93427E+16
65412,65413,9,1,84,114,2016,3,18,5,3,2,6,1,0,0,1,0,0,0,0,6.99143E+20,5.32347E+21,1.16715E+16,4.80335E+16
65413,65414,9,1,61,0,2016,3,14,2,3,2,6,0,0,0,1,0,0,1,0,6.80707E+20,5.40507E+21,1.14595E+16,4.87724E+16
65414,65415,9,5,74,112,2016,3,11,1,2,8,1,0,1,0,1,0,0,0,0,6.7383E+20,5.47552E+21,1.13963E+16,4.94075E+16