FID,OBJECTID,ULAND,UREGBEZ,UKREIS,UGEMEINDE,UJAHR,UMONAT,USTUNDE,UWOCHENTAG,UKATEGORIE,UART,UTYP1,ULICHTVERH,IstStrasse,IstRad,IstPKW,IstFuss,IstKrad,IstGkfz,IstSonstig,LINREFX,LINREFY,XGCSWGS84,YGCSWGS84
65415,65416,9,1,62,0,2016,3,6,1,2,8,1,1,1,0,1,0,0,0,0,6.81152E+20,5.34045E+21,1.14376E+16,4.81914E+16
65416,65417,9,1,85,157,2016,3,13,2,3,9,6,0,0,0,1,0,0,0,1,6.61684E+20,5.39521E+21,1.1197E+16,4.86889E+16
65417,65418,9,1,73,147,2016,3,18,7,2,1,5,2,1,1,1,0,0,0,0,6.80844E+20,5.30931E+21,1.14203E+16,4.79116E+16
65418,65419,9,6,71,155,2016,3,17,2,3,2,6,0,0,0,1,0,0,0,0,5.03845E+20,5.53743E+21,9.05364E+15,4.99892E+16
65419,65420,9,2,74,146,2016,3,6,4,3,9,1,0,1,0,1,0,0,0,0,7.37063E+20,5.37856E+21,1.22103E+16,4.85154E+16
65420,65421,9,4,72,155,2016,3,7,2,3,0,1,0,0,0,1,0,0,0,0,6.80482E+20,5.52467E+21,1.15105E+16,4.98473E+16
65421,65422,9,5,77,177,2016,3,13,2,3,2,6,0,0,0,1,0,0,0,0,6.44418E+20,5.43284E+21,1.09758E+16,4.90316E+16
65422,65423,9,6,79,174,2016,3,9,7,2,5,3,0,0,0,1,0,1,0,0,5.79017E+20,5.52306E+21,1.00993E+16,4.98548E+16
65423,65424,9,1,83,144,2016,3,22,6,3,5,3,2,0,0,1,0,0,0,0,7.42503E+20,5.35168E+21,1.22683E+16,4.82718E+16
65424,65425,9,1,81,130,2016,3,9,7,3,2,6,0,0,0,1,0,0,0,0,6.42245E+20,5.32457E+21,1.09091E+16,4.80586E+16
65425,65426,9,1,74,135,2016,3,20,7,3,2,7,2,1,0,1,0,0,0,0,6.64036E+20,5.35252E+21,1.12121E+16,4.83046E+16
65426,65427,9,6,73,114,2016,3,10,2,3,4,2,0,0,0,1,0,0,0,0,5.85404E+20,5.57473E+21,1.01996E+16,5.03185E+16
65427,65428,9,3,72,174,2016,3,16,4,3,4,6,0,0,0,1,0,0,1,0,7.74189E+20,5.46433E+21,1.27695E+16,4.92702E+16
65428,65429,9,5,64,0,2016,3,10,2,3,5,3,0,0,0,1,0,0,0,0,6.52235E+20,5.47071E+21,1.1097E+16,4.93701E+16
65429,65430,9,7,80,143,2016,3,16,7,3,5,3,0,0,0,1,0,0,0,0,5.98149E+20,5.28207E+21,1.03078E+16,4.76846E+16
65430,65431,9,2,74,184,2016,3,3,6,3,0,1,2,0,0,1,0,0,0,0,7.46461E+20,5.3723E+21,1.23336E+16,4.84555E+16
65431,65432,9,1,74,118,2016,3,12,7,3,2,6,0,0,0,1,0,0,0,0,6.70031E+20,5.35649E+21,1.12945E+16,4.83387E+16
65432,65433,9,1,82,120,2016,3,14,7,3,2,6,0,1,1,1,0,0,0,0,7.01797E+20,5.30651E+21,1.16991E+16,4.78802E+16
65433,65434,9,4,78,165,2016,3,18,6,2,5,3,2,0,0,1,0,0,0,0,6.44119E+20,5.55282E+21,1.10156E+16,5.01101E+16
65434,65435,9,7,72,147,2016,3,16,5,3,8,7,0,0,0,1,0,0,0,0,6.38852E+20,5.36883E+21,1.08781E+16,4.84572E+16
65435,65436,9,2,62,0,2016,3,15,5,3,3,6,0,0,0,1,0,0,1,0,8.29265E+20,5.39011E+21,1.34646E+16,4.85774E+16
65436,65437,9,7,77,175,2016,3,14,6,2,5,3,0,0,0,1,0,0,0,1,6.13886E+20,5.29377E+21,1.05205E+16,4.77872E+16
65437,65438,9,1,77,133,2016,3,19,5,3,5,3,2,0,0,1,0,1,0,0,7.10509E+20,5.35768E+21,1.18407E+16,4.83372E+16
65438,65439,9,1,81,130,2016,3,8,2,3,6,4,0,0,0,1,1,0,0,0,6.39841E+20,5.32337E+21,1.08764E+16,4.80483E+16
65439,65440,9,5,75,143,2016,3,6,1,2,9,1,1,1,0,1,0,0,0,0,6.01526E+20,5.47866E+21,1.04008E+16,4.94521E+16
65440,65441,9,7,75,135,2016,3,17,7,3,5,3,0,1,0,1,0,0,0,0,5.76715E+20,5.3598E+21,1.00362E+16,4.83867E+16
65441,65442,9,1,78,138,2016,3,11,2,3,2,6,0,0,0,1,0,0,0,0,7.10016E+20,5.36831E+21,1.18394E+16,4.84329E+16
65442,65443,9,5,62,0,2016,3,17,4,3,2,6,1,0,0,1,0,0,0,0,6.43845E+20,5.49403E+21,1.099E+16,4.95817E+16
65443,65444,9,5,64,0,2016,3,21,2,3,0,1,2,0,0,0,0,1,0,0,6.46585E+20,5.48075E+21,1.10229E+16,4.94617E+16
65444,65445,9,3,63,0,2016,3,20,2,3,4,2,2,0,0,1,0,0,0,0,7.28262E+20,5.50869E+21,1.21648E+16,4.96875E+16
65445,65446,9,5,76,121,2016,3,4,7,3,5,3,2,0,0,1,0,0,0,0,6.46932E+20,5.45022E+21,1.10165E+16,4.91872E+16
65446,65447,9,1,87,129,2016,3,19,6,3,5,3,2,0,0,1,0,0,0,0,7.25142E+20,5.29639E+21,1.20056E+16,4.77815E+16
65447,65448,9,1,75,132,2016,3,15,7,3,2,6,0,0,0,1,0,0,0,0,7.07171E+20,5.33659E+21,1.17854E+16,4.81488E+16
65448,65449,9,1,84,114,2016,3,10,7,3,2,6,0,0,0,1,0,0,0,0,6.99322E+20,5.32365E+21,1.16739E+16,4.8035E+16
65449,65450,9,1,75,122,2016,3,14,4,3,5,3,0,0,0,1,0,0,0,0,7.21066E+20,5.32752E+21,1.19673E+16,4.80626E+16
65450,65451,9,7,61,0,2016,3,18,7,3,5,3,2,1,0,1,0,0,0,0,6.41528E+20,5.35349E+21,1.09091E+16,4.83188E+16
65451,65452,9,3,76,116,2016,3,21,6,3,9,1,2,0,0,1,0,0,0,0,7.37509E+20,5.46393E+21,1.22659E+16,4.92819E+16
65452,65453,9,5,61,0,2016,3,14,7,3,2,6,0,1,0,1,0,0,0,0,6.13182E+20,5.46347E+21,1.05572E+16,4.93134E+16
65453,65454,9,2,75,124,2016,3,8,3,3,9,7,0,0,0,1,0,0,0,0,8.10388E+20,5.38178E+21,1.32032E+16,4.85123E+16
65454,65455,9,7,73,125,2016,3,15,4,3,6,4,0,0,0,1,1,0,0,0,6.10784E+20,5.38073E+21,1.05018E+16,4.85699E+16
65455,65456,9,1,79,113,2016,3,13,3,3,3,6,0,0,0,1,0,0,0,1,6.70114E+20,5.33666E+21,1.12877E+16,4.81604E+16
65456,65457,9,1,61,0,2016,3,16,4,2,5,2,0,0,1,0,0,0,0,0,6.7931E+20,5.4044E+21,1.14402E+16,4.87667E+16
65457,65458,9,4,71,220,2016,3,13,6,2,8,1,0,0,0,0,0,1,0,0,6.18143E+20,5.5147E+21,1.06408E+16,4.97731E+16
65458,65459,9,7,75,135,2016,3,23,4,3,8,1,2,0,0,1,0,0,0,0,5.80659E+20,5.35604E+21,1.00887E+16,4.83524E+16
65459,65460,9,1,87,114,2016,3,7,3,3,0,1,0,2,0,0,0,1,0,0,7.50348E+20,5.29863E+21,1.23429E+16,4.77924E+16
65460,65461,9,1,75,124,2016,3,14,2,3,2,6,0,0,0,1,0,0,0,0,7.16554E+20,5.32827E+21,1.19072E+16,4.80709E+16
65461,65462,9,3,73,151,2016,3,10,1,3,9,1,0,2,0,1,0,0,0,0,6.99609E+20,5.4548E+21,1.17409E+16,4.92134E+16
65462,65463,9,7,71,158,2016,3,16,1,3,2,7,0,0,0,0,0,1,0,0,6.4144E+20,5.37242E+21,1.09143E+16,4.8489E+16
65463,65464,9,5,76,147,2016,3,6,4,3,1,5,1,1,0,1,0,0,0,1,6.38033E+20,5.45189E+21,1.0895E+16,4.92042E+16
65464,65465,9,7,79,226,2016,3,6,3,3,5,3,2,1,0,1,0,0,0,1,6.18858E+20,5.41359E+21,1.06206E+16,4.88639E+16
65465,65466,9,4,63,0,2016,3,19,2,2,9,1,0,0,0,0,0,1,0,0,6.40823E+20,5.57234E+21,1.09768E+16,5.02864E+16
65466,65467,9,4,75,169,2016,3,18,3,3,9,1,1,2,0,1,0,0,1,0,6.83851E+20,5.57153E+21,1.15798E+16,5.02672E+16
65467,65468,9,3,76,149,2016,3,6,2,3,9,1,1,0,0,1,0,0,0,0,7.35755E+20,5.45486E+21,1.22365E+16,4.92011E+16
65468,65469,9,4,75,142,2016,3,8,2,3,8,1,0,2,0,1,0,0,1,0,7.00152E+20,5.5738E+21,1.18095E+16,5.02824E+16
65469,65470,9,7,77,167,2016,3,7,6,3,5,6,0,1,0,1,0,0,0,1,6.18983E+20,5.29829E+21,1.05898E+16,4.7827E+16
65470,65471,9,6,73,153,2016,3,7,5,2,9,1,0,0,0,1,0,0,0,0,5.85832E+20,5.59117E+21,1.02094E+16,5.04662E+16
65471,65472,9,4,75,141,2016,3,10,7,3,8,7,0,0,0,1,0,0,0,0,7.00694E+20,5.58034E+21,1.18206E+16,5.03409E+16
65472,65473,9,1,79,142,2016,3,9,6,3,2,6,0,0,0,1,0,0,0,0,6.75009E+20,5.3409E+21,1.13552E+16,4.81972E+16
65473,65474,9,1,62,0,2016,3,16,6,3,1,6,0,0,0,1,0,0,0,0,6.94846E+20,5.33252E+21,1.1618E+16,4.81161E+16
65474,65475,9,1,84,118,2016,3,8,3,3,2,6,0,2,0,1,0,0,1,0,7.04795E+20,5.33691E+21,1.17536E+16,4.81524E+16
65475,65476,9,5,62,0,2016,3,6,7,3,3,6,1,0,0,1,0,0,1,0,6.41232E+20,5.49186E+21,1.09531E+16,4.95628E+16
65476,65477,9,2,73,166,2016,3,13,5,3,2,1,0,0,0,1,0,0,0,0,7.13436E+20,5.41676E+21,1.19105E+16,4.8867E+16
65477,65478,9,2,62,0,2016,3,7,6,3,1,6,0,1,0,1,0,0,0,1,8.29338E+20,5.38964E+21,1.34652E+16,4.85732E+16
65478,65479,9,1,73,123,2016,3,11,7,3,2,2,0,0,0,1,0,1,0,0,6.80042E+20,5.30341E+21,1.14071E+16,4.78588E+16
65479,65480,9,1,73,123,2016,3,16,3,3,2,1,0,2,0,1,0,0,0,0,6.79648E+20,5.30023E+21,1.14005E+16,4.78303E+16
65480,65481,9,6,77,165,2016,3,16,4,3,4,6,0,0,0,1,0,0,0,0,5.30088E+20,5.54026E+21,9.41996E+15,5.00139E+16
65481,65482,9,1,78,157,2016,3,8,3,3,5,3,0,0,0,1,0,0,0,0,7.04472E+20,5.36994E+21,1.17653E+16,4.84494E+16
65482,65483,9,3,76,151,2016,3,19,1,2,4,2,2,0,0,1,0,1,0,0,7.47566E+20,5.48419E+21,1.24166E+16,4.94598E+16
65483,65484,9,6,75,142,2016,3,7,2,3,3,6,0,0,0,0,0,0,1,1,5.9201E+20,5.5153E+21,1.02781E+16,4.97831E+16
65484,65485,9,4,61,0,2016,3,8,4,3,1,6,0,0,0,1,0,0,0,0,6.38594E+20,5.52685E+21,1.0929E+16,4.9878E+16
65485,65486,9,6,72,114,2016,3,7,2,3,1,6,0,1,0,1,0,0,0,0,5.76459E+20,5.55999E+21,1.0071E+16,5.01872E+16
65486,65487,9,5,64,0,2016,3,7,3,3,6,4,0,0,0,1,1,0,0,0,6.5377E+20,5.47418E+21,1.11195E+16,4.94008E+16
65487,65488,9,1,84,119,2016,3,0,7,3,5,3,2,0,0,1,0,0,1,0,6.96172E+20,5.34655E+21,1.16423E+16,4.82418E+16
65488,65489,9,2,74,126,2016,3,9,7,3,5,6,0,0,0,1,0,0,0,0,7.32346E+20,5.38546E+21,1.21504E+16,4.85791E+16
65489,65490,9,3,73,147,2016,3,6,3,3,4,2,1,1,0,1,0,0,1,0,6.86832E+20,5.46205E+21,1.15691E+16,4.92826E+16
65490,65491,9,2,73,121,2016,3,17,2,2,2,6,0,0,0,1,0,1,0,0,7.03553E+20,5.42441E+21,1.17797E+16,4.89391E+16
65491,65492,9,5,76,147,2016,3,0,1,3,9,6,2,0,0,1,0,0,0,0,6.41751E+20,5.44832E+21,1.09447E+16,4.91713E+16
65492,65493,9,7,76,113,2016,3,8,2,3,4,2,0,1,0,1,0,0,0,1,5.76636E+20,5.27392E+21,1.00198E+16,4.76142E+16
65493,65494,9,5,71,196,2016,3,15,4,3,4,6,0,0,0,1,0,0,0,0,6.19559E+20,5.46028E+21,1.0644E+16,4.92836E+16
65494,65495,9,5,64,0,2016,3,15,3,3,3,6,0,0,0,1,0,0,1,0,6.56988E+20,5.47314E+21,1.11634E+16,4.93907E+16
65495,65496,9,1,79,137,2016,3,1,1,3,8,1,2,0,0,1,0,0,0,0,6.5603E+20,5.34526E+21,1.11015E+16,4.82413E+16
65496,65497,9,3,73,112,2016,3,13,7,3,2,6,0,0,0,1,0,0,0,0,6.78492E+20,5.44231E+21,1.14457E+16,4.91078E+16
65497,65498,9,3,77,116,2016,3,14,3,3,5,3,0,0,1,1,0,0,0,0,7.21454E+20,5.52106E+21,1.20776E+16,4.98011E+16
65498,65499,9,2,72,118,2016,3,17,2,3,5,3,0,0,0,1,0,0,0,0,8.33557E+20,5.41763E+21,1.35448E+16,4.88219E+16
65499,65500,9,4,73,144,2016,3,4,2,3,8,1,2,1,0,1,0,0,0,0,6.36416E+20,5.57335E+21,1.09153E+16,5.02965E+16
65500,65501,9,6,79,200,2016,3,18,6,3,5,3,0,0,0,1,0,0,0,0,5.59129E+20,5.52295E+21,9.8226E+15,4.98561E+16
65501,65502,9,5,62,0,2016,3,13,5,3,5,3,0,0,0,1,0,0,0,0,6.40603E+20,5.49234E+21,1.09445E+16,4.95673E+16
65502,65503,9,3,77,158,2016,3,19,7,3,8,6,2,0,0,1,0,1,0,0,7.34942E+20,5.54197E+21,1.22774E+16,4.99838E+16
65503,65504,9,1,75,124,2016,3,18,6,3,5,3,2,0,0,1,0,1,0,0,7.15045E+20,5.32866E+21,1.18871E+16,4.80749E+16
65504,65505,9,4,71,120,2016,3,19,5,3,0,1,2,0,1,0,0,0,0,0,6.29253E+20,5.52004E+21,1.07968E+16,4.98188E+16
65505,65506,9,7,80,125,2016,3,15,6,3,8,1,0,0,0,1,0,0,0,0,5.96968E+20,5.29312E+21,1.02945E+16,4.77841E+16
65506,65507,9,5,64,0,2016,3,17,7,3,2,6,0,1,0,1,0,0,0,0,6.56688E+20,5.47548E+21,1.11602E+16,4.94118E+16
65507,65508,9,1,87,132,2016,3,8,5,3,2,6,0,0,0,1,0,0,0,1,7.42351E+20,5.29895E+21,1.22364E+16,4.77983E+16
65508,65509,9,2,61,0,2016,3,16,1,3,1,6,0,1,0,1,0,0,0,0,7.30947E+20,5.38471E+21,1.2131E+16,4.85729E+16
65509,65510,9,1,89,145,2016,3,6,2,3,5,3,0,0,1,1,0,0,0,0,7.72816E+20,5.30064E+21,1.26435E+16,4.78013E+16
65510,65511,9,1,90,159,2016,3,18,7,3,4,6,2,1,0,1,0,0,0,1,6.64275E+20,5.30578E+21,1.11974E+16,4.78843E+16
65511,65512,9,1,73,113,2016,3,9,3,3,5,3,0,1,0,1,0,0,0,0,6.80882E+20,5.28646E+21,1.14112E+16,4.77061E+16
65512,65513,9,1,84,140,2016,3,8,2,3,0,2,0,0,0,0,0,0,0,1,7.0094E+20,5.3281E+21,1.16977E+16,4.80745E+16
65513,65514,9,2,73,111,2016,3,14,1,3,0,7,0,0,1,0,0,0,0,0,7.12038E+20,5.41015E+21,1.1888E+16,4.88081E+16
65514,65515,9,6,78,168,2016,3,8,2,3,8,1,0,2,0,1,0,0,0,0,5.82201E+20,5.55361E+21,1.01501E+16,5.0129E+16
65515,65516,9,3,75,175,2016,3,18,4,3,2,6,2,0,0,1,0,0,0,0,7.18052E+20,5.43523E+21,1.19833E+16,4.90314E+16
65516,65517,9,5,74,123,2016,3,14,2,2,2,6,0,0,0,1,0,0,1,0,6.62576E+20,5.48089E+21,1.12435E+16,4.94589E+16
65517,65518,9,7,74,162,2016,3,14,7,3,5,3,0,0,0,1,0,0,0,0,5.98843E+20,5.35243E+21,1.03333E+16,4.83174E+16
65518,65519,9,1,78,150,2016,3,9,7,3,2,6,0,0,0,1,0,0,0,0,6.91292E+20,5.37133E+21,1.15879E+16,4.8466E+16
65519,65520,9,1,89,162,2016,3,0,7,3,4,6,2,0,1,1,0,0,0,0,7.78913E+20,5.31716E+21,1.27355E+16,4.7947E+16
65520,65521,9,2,77,131,2016,3,17,2,2,5,3,0,0,0,1,0,0,0,0,7.77118E+20,5.38215E+21,1.2754E+16,4.85312E+16
65521,65522,9,5,73,114,2016,3,9,6,3,2,6,0,0,0,1,0,0,0,0,6.34551E+20,5.48019E+21,1.08568E+16,4.94595E+16
65522,65523,9,4,74,126,2016,3,8,5,3,2,6,0,0,0,1,0,0,0,1,6.48317E+20,5.50723E+21,1.10568E+16,4.96993E+16
65523,65524,9,7,62,0,2016,3,13,5,3,1,6,0,0,0,1,0,0,0,0,6.23184E+20,5.30627E+21,1.06481E+16,4.78979E+16
65524,65525,9,3,71,113,2016,3,10,5,3,0,2,0,0,0,0,0,1,0,0,6.8935E+20,5.5074E+21,1.16253E+16,4.96894E+16
65525,65526,9,7,76,112,2016,3,7,6,3,2,6,0,2,0,1,0,0,0,0,5.74714E+20,5.28034E+21,9.9953E+15,4.76721E+16
65526,65527,9,1,75,132,2016,3,22,5,3,5,2,2,0,0,1,0,0,0,0,7.07238E+20,5.33675E+21,1.17864E+16,4.81502E+16
65527,65528,9,1,76,166,2016,3,18,2,3,1,7,2,0,1,1,0,0,0,0,6.52897E+20,5.40928E+21,1.10829E+16,4.88177E+16
65528,65529,9,5,76,121,2016,3,14,1,3,8,1,0,0,0,1,0,0,0,0,6.45068E+20,5.45169E+21,1.09914E+16,4.92008E+16
65529,65530,9,1,62,0,2016,3,13,7,3,5,3,0,0,0,1,0,0,0,0,6.94999E+20,5.33348E+21,1.16205E+16,4.81246E+16
65530,65531,9,1,81,127,2016,3,11,2,3,2,6,0,0,0,1,0,0,0,1,6.32614E+20,5.32226E+21,1.07792E+16,4.80399E+16
65531,65532,9,6,71,122,2016,3,6,4,3,8,1,1,1,0,1,0,0,0,0,5.07242E+20,5.5312E+21,9.10092E+15,4.99331E+16
65532,65533,9,7,73,116,2016,3,9,5,3,5,3,0,0,0,1,0,0,1,0,6.20631E+20,5.38033E+21,1.06351E+16,4.85645E+16
65533,65534,9,2,79,116,2016,3,19,4,3,5,3,2,0,0,1,0,0,0,0,7.6051E+20,5.39336E+21,1.25365E+16,4.8639E+16
65534,65535,9,5,72,164,2016,3,8,3,3,2,6,0,1,0,1,0,0,0,0,6.32052E+20,5.49851E+21,1.08284E+16,4.96247E+16
65535,65536,9,5,71,180,2016,3,7,4,3,5,3,0,0,0,1,0,0,0,0,6.29869E+20,5.46145E+21,1.07861E+16,4.9292E+16
65536,65537,9,2,74,127,2016,3,12,3,3,8,1,0,2,0,0,0,0,0,1,7.37927E+20,5.39915E+21,1.22338E+16,4.87E+16
65537,65538,9,1,62,0,2016,3,17,4,3,5,2,0,0,0,1,0,0,0,1,6.88517E+20,5.33498E+21,1.15342E+16,4.81401E+16
65538,65539,9,3,74,159,2016,3,7,3,3,4,6,0,2,0,1,0,0,0,0,7.42284E+20,5.49546E+21,1.23507E+16,4.95632E+16
65539,65540,9,3,76,119,2016,3,10,3,3,6,7,0,2,0,1,1,0,0,0,7.21397E+20,5.45494E+21,1.20398E+16,4.92073E+16
65540,65541,9,1,79,123,2016,3,8,4,3,5,2,0,1,0,1,0,0,0,0,6.76631E+20,5.33405E+21,1.13741E+16,4.81352E+16
65541,65542,9,5,65,0,2016,3,18,5,3,6,7,1,0,1,0,1,0,0,0,6.48043E+20,5.4655E+21,1.10374E+16,4.93243E+16
65542,65543,9,4,72,119,2016,3,15,5,3,1,6,0,0,0,1,0,0,0,0,6.86899E+20,5.54086E+21,1.16075E+16,4.99908E+16
65543,65544,9,6,73,117,2016,3,8,4,3,0,6,0,0,0,1,0,0,1,0,5.73475E+20,5.58454E+21,1.0034E+16,5.04083E+16
65544,65545,9,7,73,125,2016,3,19,2,3,4,2,2,0,0,1,0,0,0,0,6.0978E+20,5.38182E+21,1.04884E+16,4.85798E+16
65545,65546,9,2,73,163,2016,3,12,3,3,8,1,0,1,0,1,0,0,0,0,7.05538E+20,5.39905E+21,1.17941E+16,4.87106E+16
65546,65547,9,3,76,144,2016,3,7,4,3,2,6,0,0,0,1,0,1,0,0,7.3091E+20,5.4827E+21,1.21862E+16,4.9453E+16
65547,65548,9,1,78,157,2016,3,9,6,3,2,6,0,0,0,0,0,0,1,1,7.04464E+20,5.37017E+21,1.17653E+16,4.84515E+16
65548,65549,9,4,74,126,2016,3,9,4,3,2,6,0,0,0,1,0,0,0,0,6.48224E+20,5.50544E+21,1.10548E+16,4.96832E+16
65549,65550,9,2,74,128,2016,3,7,3,3,0,7,0,0,1,0,0,0,0,0,7.37055E+20,5.38937E+21,1.22163E+16,4.86125E+16
65550,65551,9,3,76,144,2016,3,7,5,3,1,6,0,0,0,1,0,0,0,0,7.29969E+20,5.48222E+21,1.2173E+16,4.94491E+16
65551,65552,9,7,77,175,2016,3,7,4,2,9,6,0,2,0,1,0,0,0,0,6.0894E+20,5.2945E+21,1.04547E+16,4.77946E+16
65552,65553,9,3,71,141,2016,3,10,3,2,9,1,0,2,0,1,0,0,0,0,6.93154E+20,5.48685E+21,1.16679E+16,4.95035E+16
65553,65554,9,3,71,121,2016,3,8,3,2,8,1,1,2,0,1,0,0,0,0,7.09865E+20,5.49486E+21,1.19027E+16,4.95699E+16
65554,65555,9,7,78,115,2016,3,16,3,3,5,3,0,1,0,1,0,0,0,0,5.92847E+20,5.33282E+21,1.02481E+16,4.81419E+16
65555,65556,9,5,64,0,2016,3,17,5,3,8,1,0,0,1,0,0,0,0,0,6.50255E+20,5.48172E+21,1.10739E+16,4.94696E+16
65556,65557,9,3,74,133,2016,3,9,5,3,1,6,0,0,0,1,0,0,1,0,7.2572E+20,5.49513E+21,1.21218E+16,4.95666E+16
65557,65558,9,5,74,138,2016,3,18,4,2,9,1,0,0,0,0,0,1,0,0,6.68296E+20,5.48298E+21,1.13233E+16,4.94762E+16
65558,65559,9,2,73,111,2016,3,13,3,3,2,1,0,1,0,1,0,0,1,0,7.09653E+20,5.41048E+21,1.18558E+16,4.88119E+16
65559,65560,9,2,62,0,2016,3,14,4,3,2,6,0,0,0,1,0,0,0,0,8.25216E+20,5.38694E+21,1.34074E+16,4.85511E+16
65560,65561,9,1,87,118,2016,3,16,5,3,2,6,0,0,0,1,0,0,1,0,7.5371E+20,5.30329E+21,1.23904E+16,4.78329E+16
65561,65562,9,1,84,129,2016,3,11,5,2,4,2,0,0,0,0,0,1,1,0,7.01761E+20,5.32652E+21,1.1708E+16,4.80601E+16
65562,65563,9,2,62,0,2016,3,12,4,3,2,6,0,0,0,1,0,0,0,0,8.25582E+20,5.38993E+21,1.34147E+16,4.85778E+16
65563,65564,9,2,73,172,2016,3,15,5,3,2,6,0,0,0,1,0,0,1,0,7.11542E+20,5.40471E+21,1.18785E+16,4.87594E+16
65564,65565,9,7,77,154,2016,3,7,3,2,8,1,0,0,0,1,0,0,0,0,6.12084E+20,5.30172E+21,1.04985E+16,4.7859E+16
65565,65566,9,2,72,126,2016,3,10,3,2,8,1,0,2,0,1,0,0,0,0,8.36207E+20,5.41888E+21,1.35818E+16,4.88317E+16
65566,65567,9,3,62,0,2016,3,8,5,2,6,4,0,0,0,1,1,0,0,0,7.27357E+20,5.43248E+21,1.21088E+16,4.90033E+16
65567,65568,9,7,79,203,2016,3,13,3,2,4,7,0,1,0,1,0,0,0,1,6.11968E+20,5.41025E+21,1.05258E+16,4.88352E+16
65568,65569,9,1,73,130,2016,3,18,3,3,2,6,2,1,0,1,0,0,0,0,6.80091E+20,5.31397E+21,1.14122E+16,4.79537E+16
65569,65570,9,1,87,117,2016,3,9,5,3,5,3,0,0,0,1,0,0,0,0,7.25873E+20,5.30803E+21,1.20214E+16,4.78858E+16
65570,65571,9,7,75,135,2016,3,13,5,3,6,4,0,0,0,1,1,0,0,0,5.76711E+20,5.36187E+21,1.00365E+16,4.84053E+16
65571,65572,9,2,74,126,2016,3,15,4,3,3,2,0,0,1,0,0,0,1,0,7.32807E+20,5.38307E+21,1.21553E+16,4.85574E+16
65572,65573,9,6,76,145,2016,3,14,3,3,1,5,0,1,0,1,0,0,0,0,5.1073E+20,5.52133E+21,9.14924E+15,4.98443E+16
65573,65574,9,1,80,112,2016,3,12,3,3,8,1,0,2,0,1,0,0,0,0,6.59239E+20,5.28154E+21,1.11212E+16,4.76676E+16
65574,65575,9,1,62,0,2016,3,17,4,3,1,5,0,0,0,1,0,0,0,0,6.97772E+20,5.33007E+21,1.16561E+16,4.80932E+16
65575,65576,9,4,72,143,2016,3,16,3,3,2,1,0,0,0,1,0,0,0,0,6.92542E+20,5.5434E+21,1.16874E+16,5.00118E+16
65576,65577,9,6,79,144,2016,3,15,3,3,2,6,0,0,0,0,0,0,1,0,5.515E+20,5.51373E+21,9.71525E+15,4.97738E+16
65577,65578,9,1,73,112,2016,3,12,3,2,9,1,0,2,0,1,0,0,0,0,6.91299E+20,5.29725E+21,1.15547E+16,4.78001E+16
65578,65579,9,1,88,113,2016,3,17,5,3,2,6,0,0,1,1,0,0,0,0,6.75897E+20,5.31535E+21,1.13566E+16,4.79673E+16
65579,65580,9,4,75,174,2016,3,7,3,3,9,1,0,2,0,1,0,0,0,0,7.03995E+20,5.55771E+21,1.18547E+16,5.01365E+16
65580,65581,9,6,73,161,2016,3,12,5,3,2,6,0,0,0,1,0,0,0,0,5.84693E+20,5.57214E+21,1.01891E+16,5.02953E+16
65581,65582,9,7,61,0,2016,3,15,5,3,5,3,0,0,0,1,0,1,0,0,6.38431E+20,5.3557E+21,1.08681E+16,4.83393E+16
65582,65583,9,7,77,158,2016,3,7,4,3,9,1,0,2,0,1,0,0,0,0,6.22128E+20,5.3089E+21,1.06348E+16,4.79218E+16
65583,65584,9,1,83,140,2016,3,23,4,3,8,6,2,0,0,1,0,0,1,0,7.40488E+20,5.3404E+21,1.22348E+16,4.81713E+16
65584,65585,9,5,74,145,2016,3,11,3,2,4,6,0,2,0,1,0,0,0,1,6.75257E+20,5.4788E+21,1.14174E+16,4.94366E+16
65585,65586,9,4,73,134,2016,3,8,4,3,3,6,0,0,0,1,0,0,1,0,6.4529E+20,5.56814E+21,1.10379E+16,5.02475E+16
65586,65587,9,1,83,120,2016,3,15,3,3,8,6,0,0,0,1,0,0,0,0,7.47777E+20,5.35067E+21,1.23387E+16,4.82607E+16
65587,65588,9,7,64,0,2016,3,17,4,3,5,3,0,0,0,1,0,0,0,0,5.86052E+20,5.31609E+21,1.01534E+16,4.79923E+16
65588,65589,9,3,75,117,2016,3,13,3,3,5,3,0,1,0,1,0,0,0,1,7.34844E+20,5.43245E+21,1.2211E+16,4.90002E+16
65589,65590,9,3,71,127,2016,3,13,3,2,5,3,0,1,0,1,0,0,0,1,7.0908E+20,5.48773E+21,1.18881E+16,4.95061E+16
65590,65591,9,1,62,0,2016,3,19,4,3,3,1,2,0,0,1,0,0,0,0,6.8774E+20,5.34432E+21,1.15278E+16,4.82243E+16
65591,65592,9,5,64,0,2016,3,19,5,3,5,2,2,0,1,1,0,0,0,0,6.49111E+20,5.48332E+21,1.10587E+16,4.94842E+16
65592,65593,9,4,77,136,2016,3,15,5,3,5,3,0,0,0,1,0,0,0,0,6.70573E+20,5.55242E+21,1.13851E+16,5.00995E+16
65593,65594,9,5,64,0,2016,3,17,4,3,1,6,0,0,0,1,0,0,0,1,6.50381E+20,5.47438E+21,1.10729E+16,4.94036E+16