FID,OBJECTID,ULAND,UREGBEZ,UKREIS,UGEMEINDE,UJAHR,UMONAT,USTUNDE,UWOCHENTAG,UKATEGORIE,UART,UTYP1,ULICHTVERH,IstStrasse,IstRad,IstPKW,IstFuss,IstKrad,IstGkfz,IstSonstig,LINREFX,LINREFY,XGCSWGS84,YGCSWGS84
65594,65595,9,7,72,130,2016,3,14,2,3,1,6,0,0,0,1,0,0,0,0,6.3087E+20,5.35935E+21,1.07672E+16,4.83737E+16
65595,65596,9,3,61,0,2016,3,12,3,3,6,4,0,1,0,1,1,0,0,0,7.09812E+20,5.48243E+21,1.18954E+16,4.94582E+16
65596,65597,9,1,61,0,2016,3,19,4,3,5,2,2,0,0,1,0,1,0,0,6.77188E+20,5.40429E+21,1.14113E+16,4.87663E+16
65597,65598,9,5,72,126,2016,3,7,5,3,2,6,0,0,0,1,0,0,1,0,6.34499E+20,5.50691E+21,1.08652E+16,4.96997E+16
65598,65599,9,4,79,136,2016,3,17,5,3,1,6,1,0,0,1,0,0,0,0,7.23022E+20,5.54376E+21,1.21125E+16,5.00044E+16
65599,65600,9,6,74,219,2016,3,0,5,3,9,7,2,0,0,1,0,0,0,0,6.05727E+20,5.54159E+21,1.04758E+16,5.00173E+16
65600,65601,9,6,77,157,2016,3,10,4,3,5,4,0,0,0,0,1,0,1,0,5.43304E+20,5.52175E+21,9.60233E+15,4.98466E+16
65601,65602,9,7,71,130,2016,3,16,2,3,6,4,0,0,0,1,1,0,0,0,6.44938E+20,5.35769E+21,1.09565E+16,4.83557E+16
65602,65603,9,1,71,137,2016,3,20,4,3,5,3,2,0,0,1,0,0,0,0,7.71367E+20,5.35196E+21,1.26567E+16,4.82627E+16
65603,65604,9,1,72,116,2016,3,20,3,3,2,2,2,1,0,1,0,0,0,0,8.01752E+20,5.28316E+21,1.3017E+16,4.76314E+16
65604,65605,9,3,74,129,2016,3,14,4,3,0,6,0,0,0,1,0,0,0,0,6.91487E+20,5.51947E+21,1.16609E+16,4.97971E+16
65605,65606,9,1,72,129,2016,3,10,3,3,8,7,0,2,0,1,0,0,0,0,7.89853E+20,5.28299E+21,1.28588E+16,4.76354E+16
65606,65607,9,1,74,115,2016,3,16,6,3,5,3,0,0,0,1,0,0,0,0,6.81148E+20,5.3473E+21,1.14404E+16,4.8253E+16
65607,65608,9,2,77,133,2016,3,0,5,2,8,1,2,0,0,1,0,0,0,0,7.69484E+20,5.36659E+21,1.26408E+16,4.83948E+16
65608,65609,9,7,76,126,2016,3,18,4,3,2,6,2,0,0,1,0,0,0,0,5.55442E+20,5.26846E+21,9.73709E+15,4.75672E+16
65609,65610,9,3,61,0,2016,3,17,3,3,5,3,0,0,1,1,0,0,0,0,7.06737E+20,5.48112E+21,1.18523E+16,4.94476E+16
65610,65611,9,7,75,129,2016,3,15,3,3,5,3,0,1,0,1,0,0,0,0,5.81904E+20,5.34144E+21,1.01027E+16,4.82209E+16
65611,65612,9,5,77,173,2016,3,11,5,3,2,6,0,0,0,1,0,0,0,0,6.40979E+20,5.42234E+21,1.09251E+16,4.89379E+16
65612,65613,9,2,77,124,2016,3,22,3,3,8,7,2,2,0,1,0,0,0,0,7.82516E+20,5.36909E+21,1.28181E+16,4.84115E+16
65613,65614,9,3,75,180,2016,3,9,5,3,1,6,0,0,0,1,0,0,1,0,7.24319E+20,5.42955E+21,1.20657E+16,4.89781E+16
65614,65615,9,5,64,0,2016,3,17,4,2,0,7,0,0,1,0,0,0,0,1,6.47611E+20,5.47941E+21,1.10366E+16,4.94494E+16
65615,65616,9,1,82,120,2016,3,10,3,3,3,1,0,2,0,1,0,0,1,0,7.03408E+20,5.30864E+21,1.17216E+16,4.78988E+16
65616,65617,9,1,63,0,2016,3,12,3,3,5,6,0,1,1,1,0,0,0,0,7.3272E+20,5.30741E+21,1.21126E+16,4.78778E+16
65617,65618,9,2,71,138,2016,3,7,4,3,2,1,0,0,0,1,0,0,0,0,7.96136E+20,5.41037E+21,1.30311E+16,4.87758E+16
65618,65619,9,1,75,124,2016,3,17,6,3,5,2,0,0,0,1,0,0,0,1,7.15455E+20,5.32856E+21,1.18926E+16,4.80739E+16
65619,65620,9,2,73,147,2016,3,13,5,3,2,6,0,0,0,1,0,0,0,0,7.04757E+20,5.39111E+21,1.17796E+16,4.86395E+16
65620,65621,9,7,72,163,2016,3,22,3,3,8,1,2,1,0,1,0,0,0,0,6.39146E+20,5.35053E+21,1.0876E+16,4.82927E+16
65621,65622,9,1,87,139,2016,3,15,3,3,8,1,0,2,0,1,0,0,0,0,7.46422E+20,5.31642E+21,1.23007E+16,4.79536E+16
65622,65623,9,5,71,113,2016,3,11,3,3,9,1,0,2,0,1,0,0,0,0,6.19976E+20,5.44448E+21,1.0645E+16,4.91414E+16
65623,65624,9,7,80,144,2016,3,10,5,3,5,6,0,0,0,1,0,0,0,1,5.81775E+20,5.27864E+21,1.0089E+16,4.7656E+16
65624,65625,9,2,73,166,2016,3,12,4,2,1,1,0,0,0,1,0,0,1,0,7.1623E+20,5.42098E+21,1.19508E+16,4.8904E+16
65625,65626,9,1,71,119,2016,3,17,5,3,5,3,0,0,0,1,0,0,0,0,7.71747E+20,5.33751E+21,1.26526E+16,4.81328E+16
65626,65627,9,1,62,0,2016,3,11,5,3,6,2,0,0,0,1,1,0,0,0,6.94634E+20,5.33417E+21,1.16159E+16,4.8131E+16
65627,65628,9,2,77,131,2016,3,7,4,3,4,6,0,1,0,1,0,0,0,0,7.76686E+20,5.38192E+21,1.2748E+16,4.85293E+16
65628,65629,9,6,79,117,2016,3,15,3,3,2,6,0,0,0,1,0,0,0,0,5.76453E+20,5.52729E+21,1.00644E+16,4.98931E+16
65629,65630,9,1,61,0,2016,3,17,3,3,5,2,0,0,0,1,0,0,0,0,6.77915E+20,5.40711E+21,1.14224E+16,4.87915E+16
65630,65631,9,1,77,117,2016,3,22,5,3,8,1,2,0,0,0,0,1,0,0,7.16429E+20,5.35427E+21,1.19187E+16,4.83046E+16
65631,65632,9,4,76,145,2016,3,16,3,3,8,1,0,0,0,1,0,0,0,0,6.67149E+20,5.57184E+21,1.13458E+16,5.0275E+16
65632,65633,9,2,71,151,2016,3,20,3,3,8,7,2,1,0,1,0,0,0,0,7.83912E+20,5.41391E+21,1.28676E+16,4.88132E+16
65633,65634,9,1,87,165,2016,3,7,4,3,5,3,0,1,1,1,0,0,0,0,7.32415E+20,5.29584E+21,1.21023E+16,4.7774E+16
65634,65635,9,6,72,145,2016,3,9,5,3,4,6,0,0,0,1,0,0,0,0,5.61222E+20,5.5742E+21,9.85993E+15,5.03167E+16
65635,65636,9,5,61,0,2016,3,9,5,3,4,2,0,0,0,1,0,0,1,0,6.14664E+20,5.46234E+21,1.05773E+16,4.9303E+16
65636,65637,9,7,61,0,2016,3,15,5,3,4,2,0,0,0,1,0,1,0,0,6.40206E+20,5.36055E+21,1.08936E+16,4.83826E+16
65637,65638,9,7,79,203,2016,3,11,4,2,5,3,0,0,0,1,0,0,1,0,6.13562E+20,5.40933E+21,1.05473E+16,4.88265E+16
65638,65639,9,6,79,149,2016,3,8,2,3,6,4,0,0,0,1,1,0,0,0,5.48975E+20,5.51454E+21,9.68029E+15,4.97813E+16
65639,65640,9,1,83,138,2016,3,8,4,3,2,2,0,1,0,1,0,0,0,0,7.46458E+20,5.35125E+21,1.23213E+16,4.82665E+16
65640,65641,9,1,86,162,2016,3,11,3,3,8,1,0,1,0,1,0,0,0,0,6.9165E+20,5.38447E+21,1.15988E+16,4.8584E+16
65641,65642,9,4,74,126,2016,3,12,4,3,2,6,0,0,0,1,0,0,0,0,6.48386E+20,5.50792E+21,1.1058E+16,4.97055E+16
65642,65643,9,1,85,158,2016,3,14,3,3,9,1,0,1,0,1,0,0,0,0,6.69567E+20,5.38046E+21,1.1298E+16,4.85543E+16
65643,65644,9,5,76,151,2016,3,5,3,3,2,6,1,0,0,1,0,0,0,0,6.56438E+20,5.47085E+21,1.11549E+16,4.93703E+16
65644,65645,9,5,64,0,2016,3,9,4,2,0,1,0,0,0,1,0,0,0,0,6.5575E+20,5.47697E+21,1.11478E+16,4.94254E+16
65645,65646,9,1,61,0,2016,3,18,3,3,5,3,0,1,0,1,0,0,0,0,6.75368E+20,5.40484E+21,1.13868E+16,4.87718E+16
65646,65647,9,1,62,0,2016,3,8,4,3,1,6,0,0,0,1,0,0,0,0,6.88837E+20,5.3317E+21,1.1537E+16,4.81106E+16
65647,65648,9,4,71,214,2016,3,11,3,2,0,7,0,0,1,0,0,0,0,0,6.38288E+20,5.54228E+21,1.09303E+16,5.00167E+16
65648,65649,9,2,71,141,2016,3,9,3,3,2,7,0,1,0,1,0,0,0,1,7.96032E+20,5.40185E+21,1.30236E+16,4.86993E+16
65649,65650,9,1,85,149,2016,3,13,4,3,4,2,0,0,0,1,0,0,0,0,6.59635E+20,5.39854E+21,1.11704E+16,4.87194E+16
65650,65651,9,5,65,0,2016,3,15,5,2,0,7,0,0,1,0,0,0,0,1,6.44832E+20,5.47038E+21,1.0995E+16,4.93689E+16
65651,65652,9,4,76,145,2016,3,16,5,3,5,3,0,0,1,1,0,0,0,0,6.66453E+20,5.56827E+21,1.13345E+16,5.02431E+16
65652,65653,9,6,74,147,2016,3,16,4,3,5,3,0,0,0,1,0,0,0,0,6.09225E+20,5.5458E+21,1.05258E+16,5.00544E+16
65653,65654,9,6,63,0,2016,3,10,2,3,5,3,0,0,0,1,0,0,0,0,5.64426E+20,5.5172E+21,9.89533E+15,4.98038E+16
65654,65655,9,1,87,177,2016,3,6,4,3,1,6,0,0,0,1,0,0,0,0,7.36047E+20,5.30427E+21,1.21553E+16,4.78484E+16
65655,65656,9,1,76,167,2016,3,16,3,3,5,2,0,0,0,1,0,0,0,1,6.78271E+20,5.40941E+21,1.14283E+16,4.8812E+16
65656,65657,9,3,76,163,2016,3,13,4,2,5,3,0,0,0,1,0,0,0,1,7.25664E+20,5.47422E+21,1.21091E+16,4.93789E+16
65657,65658,9,1,78,144,2016,3,18,6,3,6,4,1,0,0,1,1,0,0,0,7.0709E+20,5.37976E+21,1.18055E+16,4.85367E+16
65658,65659,9,2,79,128,2016,3,15,5,3,1,1,0,0,0,0,0,0,1,0,7.62678E+20,5.39737E+21,1.25684E+16,4.86741E+16
65659,65660,9,7,80,143,2016,3,14,3,3,8,1,0,2,0,1,0,0,0,0,5.92855E+20,5.28046E+21,1.02369E+16,4.76708E+16
65660,65661,9,3,71,151,2016,3,16,5,2,2,2,0,0,0,0,0,1,1,0,6.98706E+20,5.48391E+21,1.17431E+16,4.94752E+16
65661,65662,9,7,77,167,2016,3,13,4,3,4,2,0,0,0,1,0,0,0,0,6.19031E+20,5.29745E+21,1.05902E+16,4.78194E+16
65662,65663,9,3,72,130,2016,3,9,3,3,4,1,0,2,0,1,0,0,0,0,7.82022E+20,5.45648E+21,1.28714E+16,4.91961E+16
65663,65664,9,2,71,119,2016,3,11,3,3,2,6,0,1,0,1,0,0,0,0,7.9007E+20,5.41636E+21,1.2953E+16,4.88324E+16
65664,65665,9,7,78,127,2016,3,8,3,3,8,1,0,0,0,1,0,0,0,0,6.12236E+20,5.31674E+21,1.05044E+16,4.79941E+16
65665,65666,9,5,64,0,2016,3,9,5,3,4,6,0,0,0,1,0,0,0,0,6.51092E+20,5.47308E+21,1.10822E+16,4.93916E+16
65666,65667,9,4,72,119,2016,3,18,5,3,2,6,2,1,0,1,0,0,0,0,6.87165E+20,5.5387E+21,1.16102E+16,4.99713E+16
65667,65668,9,5,76,121,2016,3,18,4,3,3,6,1,0,0,1,0,0,0,0,6.49725E+20,5.44776E+21,1.10539E+16,4.91644E+16
65668,65669,9,1,76,114,2016,3,10,3,3,8,1,0,2,0,1,0,0,0,0,6.8083E+20,5.4256E+21,1.14703E+16,4.89569E+16
65669,65670,9,2,75,112,2016,3,8,4,3,5,3,0,0,0,1,0,0,0,0,8.01031E+20,5.38763E+21,1.3081E+16,4.85694E+16
65670,65671,9,1,89,145,2016,3,3,5,2,8,7,2,1,0,1,0,0,0,0,7.76084E+20,5.30372E+21,1.26891E+16,4.78275E+16
65671,65672,9,1,84,123,2016,3,14,5,3,1,3,0,0,0,1,0,0,1,0,7.02636E+20,5.33198E+21,1.17223E+16,4.81088E+16
65672,65673,9,7,61,0,2016,3,16,3,3,2,6,0,1,0,1,0,0,0,0,6.41132E+20,5.35659E+21,1.09048E+16,4.83467E+16
65673,65674,9,1,88,145,2016,3,5,3,3,0,1,2,0,0,1,0,0,0,0,6.64467E+20,5.32819E+21,1.12085E+16,4.80858E+16
65674,65675,9,3,75,208,2016,3,21,5,3,8,7,2,0,0,1,0,0,0,0,7.3151E+20,5.4433E+21,1.21717E+16,4.9099E+16
65675,65676,9,7,62,0,2016,3,19,3,3,2,6,1,1,0,1,0,0,0,0,6.23184E+20,5.30626E+21,1.06481E+16,4.78979E+16
65676,65677,9,1,88,141,2016,3,11,3,3,9,1,0,2,0,1,0,0,0,0,6.66889E+20,5.30959E+21,1.12338E+16,4.79179E+16
65677,65678,9,1,87,182,2016,3,14,5,3,2,6,0,0,0,1,0,0,0,0,7.37465E+20,5.32769E+21,1.21871E+16,4.80583E+16
65678,65679,9,1,62,0,2016,3,20,5,3,0,1,2,0,0,0,0,1,0,0,6.91541E+20,5.33195E+21,1.15734E+16,4.8112E+16
65679,65680,9,2,73,147,2016,3,12,4,3,5,3,0,0,0,1,0,0,0,1,7.04656E+20,5.38949E+21,1.17774E+16,4.8625E+16
65680,65681,9,6,77,164,2016,3,17,3,3,4,6,0,0,0,1,0,1,0,0,5.44005E+20,5.54095E+21,9.61426E+15,5.00192E+16
65681,65682,9,1,79,145,2016,3,19,3,3,5,3,2,1,0,1,0,0,0,0,6.73605E+20,5.33646E+21,1.13345E+16,4.81577E+16
65682,65683,9,1,62,0,2016,3,16,4,3,2,6,0,0,0,1,0,0,0,0,6.86966E+20,5.33514E+21,1.15134E+16,4.8142E+16
65683,65684,9,4,72,179,2016,3,8,3,3,8,1,0,2,0,1,0,0,0,0,6.71592E+20,5.51677E+21,1.13835E+16,4.97789E+16
65684,65685,9,2,71,127,2016,3,6,3,2,9,1,1,1,0,1,0,0,0,0,8.05244E+20,5.40671E+21,1.31521E+16,4.87386E+16
65685,65686,9,1,76,129,2016,3,5,4,3,5,3,1,0,0,1,0,0,0,1,6.83984E+20,5.40633E+21,1.15046E+16,4.87828E+16
65686,65687,9,5,76,151,2016,3,18,5,3,3,6,0,0,0,1,0,0,1,0,6.59927E+20,5.46997E+21,1.12026E+16,4.93614E+16
65687,65688,9,1,79,142,2016,3,15,5,3,2,6,0,0,0,1,0,0,0,1,6.76311E+20,5.34331E+21,1.13737E+16,4.82185E+16
65688,65689,9,5,71,175,2016,3,6,3,3,2,6,0,0,0,1,0,0,0,0,6.2607E+20,5.45772E+21,1.07327E+16,4.92592E+16
65689,65690,9,6,72,139,2016,3,7,5,3,4,6,0,0,0,1,0,0,1,0,5.68621E+20,5.5612E+21,9.96148E+15,5.0199E+16
65690,65691,9,7,71,130,2016,3,17,5,3,2,6,0,0,0,1,0,0,0,0,6.4584E+20,5.35781E+21,1.09687E+16,4.83566E+16
65691,65692,9,7,77,158,2016,3,7,4,3,8,1,0,2,0,1,0,0,0,0,6.18475E+20,5.31224E+21,1.05868E+16,4.79525E+16
65692,65693,9,1,83,113,2016,3,7,4,3,9,1,0,2,0,1,0,0,0,0,7.50797E+20,5.3454E+21,1.23762E+16,4.82122E+16
65693,65694,9,5,62,0,2016,3,17,3,3,5,3,0,1,1,1,0,0,0,0,6.43563E+20,5.49673E+21,1.09871E+16,4.96061E+16
65694,65695,9,5,61,0,2016,3,12,4,3,5,3,0,0,0,1,0,1,0,0,6.15192E+20,5.46162E+21,1.05843E+16,4.92964E+16
65695,65696,9,1,79,126,2016,3,10,3,3,0,1,0,1,1,0,0,0,0,0,6.76126E+20,5.34049E+21,1.137E+16,4.81932E+16
65696,65697,9,7,78,165,2016,3,8,4,3,8,1,0,1,0,1,0,0,0,0,5.83826E+20,5.30382E+21,1.01212E+16,4.78822E+16
65697,65698,9,3,74,149,2016,3,14,3,3,2,2,0,0,0,1,0,0,0,0,7.13877E+20,5.5123E+21,1.19677E+16,4.97252E+16
65698,65699,9,2,71,125,2016,3,12,3,2,6,4,0,1,0,1,1,0,0,0,7.9748E+20,5.41017E+21,1.30492E+16,4.87733E+16
65699,65700,9,1,84,130,2016,3,7,4,3,2,6,0,0,0,1,0,0,0,0,6.97637E+20,5.34229E+21,1.166E+16,4.8203E+16
65700,65701,9,5,64,0,2016,3,12,5,3,0,1,0,0,1,0,0,0,0,0,6.51393E+20,5.47437E+21,1.10868E+16,4.94031E+16
65701,65702,9,4,77,135,2016,3,7,5,3,9,1,0,2,0,1,0,0,0,0,6.832E+20,5.55638E+21,1.15634E+16,5.01313E+16
65702,65703,9,6,71,141,2016,3,11,4,3,1,7,0,0,0,1,0,0,0,0,5.20448E+20,5.53005E+21,9.28486E+15,4.99225E+16
65703,65704,9,6,75,141,2016,3,11,2,3,2,2,0,0,0,1,0,0,0,0,5.83247E+20,5.5088E+21,1.0155E+16,4.97259E+16
65704,65705,9,1,81,114,2016,3,12,3,3,4,6,0,2,0,1,0,0,0,0,6.52766E+20,5.31196E+21,1.10457E+16,4.79427E+16
65705,65706,9,4,75,154,2016,3,13,5,3,5,3,0,0,0,1,0,0,0,0,6.97866E+20,5.5656E+21,1.17732E+16,5.02095E+16
65706,65707,9,6,77,114,2016,3,20,5,2,2,6,2,0,0,0,0,0,1,0,5.74034E+20,5.5352E+21,1.00323E+16,4.99646E+16
65707,65708,9,6,79,170,2016,3,13,4,3,4,6,0,0,0,0,0,1,1,0,5.74682E+20,5.50133E+21,1.00348E+16,4.96598E+16
65708,65709,9,6,77,203,2016,3,18,2,2,2,6,1,0,0,1,0,0,0,1,5.5801E+20,5.52693E+21,9.80764E+15,4.9892E+16
65709,65710,9,1,72,114,2016,3,9,4,3,2,6,0,0,0,1,0,0,0,0,7.91096E+20,5.29438E+21,1.28829E+16,4.7737E+16
65710,65711,9,1,74,113,2016,3,16,3,3,9,1,0,1,0,1,0,0,0,0,6.79942E+20,5.34399E+21,1.14228E+16,4.82236E+16
65711,65712,9,4,71,174,2016,3,10,4,3,5,3,0,0,0,1,0,0,0,1,6.33574E+20,5.54922E+21,1.0867E+16,5.00802E+16
65712,65713,9,1,77,115,2016,3,15,3,3,0,1,0,1,1,1,0,0,0,0,7.33549E+20,5.35128E+21,1.21476E+16,4.82716E+16
65713,65714,9,3,61,0,2016,3,8,5,3,5,2,0,0,0,1,0,0,0,0,7.06439E+20,5.48222E+21,1.18488E+16,4.94575E+16
65714,65715,9,7,76,122,2016,3,6,4,3,4,1,1,2,0,1,0,0,0,0,5.64536E+20,5.27487E+21,9.85892E+15,4.76241E+16
65715,65716,9,3,76,164,2016,3,7,3,3,9,1,0,2,0,1,0,0,0,0,7.435E+20,5.47363E+21,1.23541E+16,4.93667E+16
65716,65717,9,2,75,156,2016,3,10,3,2,4,1,0,2,0,1,0,0,0,0,8.50901E+20,5.39751E+21,1.37632E+16,4.86321E+16
65717,65718,9,7,75,132,2016,3,22,3,3,1,6,2,0,0,1,0,0,0,0,5.84847E+20,5.32993E+21,1.014E+16,4.8117E+16
65718,65719,9,5,64,0,2016,3,14,5,3,3,2,0,0,0,1,0,0,0,0,6.54443E+20,5.47777E+21,1.11301E+16,4.94329E+16
65719,65720,9,3,75,180,2016,3,11,5,3,4,2,0,0,0,1,0,0,0,0,7.24303E+20,5.42957E+21,1.20655E+16,4.89783E+16
65720,65721,9,5,74,138,2016,3,22,4,3,5,3,2,0,0,1,0,0,0,0,6.65596E+20,5.48554E+21,1.12871E+16,4.94998E+16
65721,65722,9,1,84,139,2016,3,12,2,2,2,6,0,0,0,1,0,0,1,0,6.87063E+20,5.32566E+21,1.15105E+16,4.80568E+16
65722,65723,9,1,89,155,2016,3,12,5,2,2,2,0,0,0,1,0,0,0,0,7.70318E+20,5.31014E+21,1.26162E+16,4.78876E+16
65723,65724,9,3,61,0,2016,3,17,4,3,2,6,0,0,0,1,0,0,0,1,7.08963E+20,5.48E+21,1.18824E+16,4.94367E+16
65724,65725,9,1,78,124,2016,3,7,6,2,5,3,0,0,0,1,0,0,0,0,7.01389E+20,5.36556E+21,1.17216E+16,4.8411E+16
65725,65726,9,2,73,172,2016,3,15,5,3,9,6,0,0,0,0,0,0,1,0,7.11542E+20,5.40471E+21,1.18785E+16,4.87594E+16
65726,65727,9,2,75,117,2016,3,11,3,3,8,1,0,2,0,1,0,0,0,0,8.0686E+20,5.38719E+21,1.31595E+16,4.85626E+16
65727,65728,9,7,61,0,2016,3,11,3,3,3,3,0,1,0,1,0,0,1,0,6.40002E+20,5.35585E+21,1.08893E+16,4.83403E+16
65728,65729,9,1,62,0,2016,3,8,2,3,2,6,0,0,0,1,0,0,0,0,6.88691E+20,5.33739E+21,1.15376E+16,4.81617E+16
65729,65730,9,1,86,147,2016,3,17,5,3,3,6,0,0,0,1,0,0,1,0,6.8517E+20,5.39165E+21,1.15142E+16,4.86505E+16
65730,65731,9,7,78,137,2016,3,19,5,3,9,6,2,0,0,1,0,0,0,0,6.23063E+20,5.3292E+21,1.06531E+16,4.81042E+16
65731,65732,9,2,61,0,2016,3,18,4,3,2,6,2,0,0,1,0,0,0,0,7.31816E+20,5.37981E+21,1.214E+16,4.85286E+16
65732,65733,9,1,62,0,2016,3,14,5,3,6,4,0,0,0,1,1,0,0,0,6.84575E+20,5.34293E+21,1.14847E+16,4.82128E+16
65733,65734,9,2,77,111,2016,3,17,4,3,3,6,0,0,0,1,0,0,0,1,7.83189E+20,5.38677E+21,1.28392E+16,4.85699E+16
65734,65735,9,6,75,113,2016,3,16,3,2,2,6,0,0,0,1,0,0,0,0,5.76663E+20,5.51322E+21,1.00646E+16,4.97666E+16
65735,65736,9,1,84,119,2016,3,13,2,3,5,3,0,0,1,1,0,0,0,0,6.96961E+20,5.34764E+21,1.16534E+16,4.82513E+16
65736,65737,9,1,88,126,2016,3,9,5,3,6,5,0,0,0,0,1,0,0,1,6.59908E+20,5.32647E+21,1.11467E+16,4.80715E+16
65737,65738,9,4,63,0,2016,3,16,3,3,2,6,0,0,0,1,0,0,0,0,6.40241E+20,5.56744E+21,1.09668E+16,5.02425E+16
65738,65739,9,1,87,131,2016,3,10,4,3,5,2,0,1,0,1,0,0,0,0,7.34124E+20,5.29182E+21,1.21229E+16,4.77372E+16
65739,65740,9,6,72,136,2016,3,12,5,3,0,1,0,0,0,1,0,0,0,0,5.80082E+20,5.5638E+21,1.01226E+16,5.0221E+16
65740,65741,9,5,71,208,2016,3,15,5,2,5,3,0,0,0,1,0,0,0,0,6.17325E+20,5.43928E+21,1.06072E+16,4.90952E+16
65741,65742,9,7,61,0,2016,3,13,5,3,5,3,0,0,1,1,0,0,0,0,6.39732E+20,5.36084E+21,1.08873E+16,4.83852E+16
65742,65743,9,7,77,176,2016,3,8,4,3,2,6,0,2,0,1,0,0,0,1,6.04108E+20,5.2979E+21,1.0391E+16,4.7826E+16
65743,65744,9,1,89,157,2016,3,16,4,3,1,1,0,0,0,1,0,0,0,0,7.64549E+20,5.32536E+21,1.25485E+16,4.80267E+16
65744,65745,9,5,64,0,2016,3,9,3,2,8,1,0,1,0,1,0,0,0,0,6.57479E+20,5.47604E+21,1.11713E+16,4.94166E+16
65745,65746,9,4,72,139,2016,3,13,4,3,8,1,0,0,0,0,0,0,1,0,6.9376E+20,5.55221E+21,1.17089E+16,5.00905E+16
65746,65747,9,1,84,123,2016,3,11,2,3,5,2,0,0,0,1,0,0,0,0,7.03693E+20,5.33172E+21,1.17364E+16,4.81061E+16
65747,65748,9,7,63,0,2016,3,15,4,3,4,6,0,0,0,1,0,0,0,0,5.98501E+20,5.28392E+21,1.03129E+16,4.77012E+16
65748,65749,9,3,73,147,2016,3,12,3,3,8,1,0,2,0,1,0,0,0,0,6.85056E+20,5.46103E+21,1.15442E+16,4.9274E+16
65749,65750,9,2,75,114,2016,3,16,3,3,2,6,0,0,0,1,0,0,0,0,8.00751E+20,5.38992E+21,1.30789E+16,4.859E+16
65750,65751,9,5,65,0,2016,3,7,3,3,1,6,0,0,0,1,0,0,0,0,6.50812E+20,5.46605E+21,1.10756E+16,4.93285E+16
65751,65752,9,5,64,0,2016,3,10,4,3,2,6,0,0,0,1,0,0,0,1,6.50305E+20,5.47732E+21,1.10729E+16,4.943E+16
65752,65753,9,7,74,155,2016,3,7,2,2,2,6,0,0,0,1,0,0,1,0,5.88851E+20,5.36719E+21,1.02016E+16,4.84515E+16
65753,65754,9,1,62,0,2016,3,15,4,3,5,2,0,0,0,1,0,0,0,0,6.81137E+20,5.33522E+21,1.14351E+16,4.81444E+16
65754,65755,9,4,74,126,2016,3,19,3,3,2,2,2,0,0,1,0,0,0,0,6.48963E+20,5.50721E+21,1.10657E+16,4.96989E+16
65755,65756,9,2,77,128,2016,3,17,3,2,4,1,0,1,0,1,0,0,0,0,7.97121E+20,5.35188E+21,1.30029E+16,4.82504E+16
65756,65757,9,1,86,126,2016,3,13,4,2,8,1,0,0,0,1,0,0,0,0,6.89034E+20,5.377E+21,1.15599E+16,4.85176E+16
65757,65758,9,5,62,0,2016,3,16,5,3,2,6,0,0,0,1,0,0,0,0,6.42944E+20,5.49571E+21,1.09781E+16,4.9597E+16
65758,65759,9,4,76,146,2016,3,16,5,3,2,6,0,0,0,1,0,0,0,0,6.62447E+20,5.56472E+21,1.12768E+16,5.02123E+16
65759,65760,9,6,74,180,2016,3,11,4,2,4,6,0,0,0,1,0,0,0,1,6.01724E+20,5.54516E+21,1.04209E+16,5.005E+16
65760,65761,9,6,74,130,2016,3,18,2,3,2,1,2,0,0,1,0,0,0,0,6.28438E+20,5.55028E+21,1.07956E+16,5.00908E+16
65761,65762,9,1,87,176,2016,3,8,4,3,2,2,0,1,0,1,0,0,0,0,7.38631E+20,5.33E+21,1.2204E+16,4.80785E+16
65762,65763,9,7,75,135,2016,3,17,2,3,0,6,0,0,0,1,0,0,0,1,5.73366E+20,5.35911E+21,9.99083E+15,4.83809E+16
65763,65764,9,3,73,151,2016,3,10,4,3,2,2,0,0,0,1,0,0,0,0,6.99595E+20,5.45162E+21,1.17391E+16,4.91848E+16
65764,65765,9,1,84,112,2016,3,0,6,3,9,1,2,0,0,1,0,0,0,0,7.03389E+20,5.33901E+21,1.17358E+16,4.81718E+16
65765,65766,9,2,77,153,2016,3,10,5,3,4,6,0,0,0,1,0,0,1,0,7.81307E+20,5.36259E+21,1.27974E+16,4.83537E+16
65766,65767,9,2,75,131,2016,3,14,3,2,4,6,0,1,0,1,0,0,0,0,8.0653E+20,5.36592E+21,1.31395E+16,4.83719E+16
65767,65768,9,7,74,135,2016,3,7,3,3,2,6,1,1,0,1,0,0,0,0,5.93897E+20,5.36763E+21,1.027E+16,4.84548E+16
65768,65769,9,5,75,129,2016,3,6,5,3,2,6,0,0,0,1,0,0,0,0,6.26494E+20,5.4871E+21,1.07478E+16,4.95233E+16
65769,65770,9,3,75,120,2016,3,19,5,3,8,1,2,0,0,1,0,0,0,0,7.47154E+20,5.43984E+21,1.23835E+16,4.90618E+16
65770,65771,9,5,64,0,2016,3,15,4,3,2,6,0,0,0,1,0,0,0,0,6.47229E+20,5.48655E+21,1.1034E+16,4.95136E+16
65771,65772,9,1,75,121,2016,3,17,4,3,5,2,0,0,0,1,0,0,0,0,7.13692E+20,5.319E+21,1.18642E+16,4.79886E+16
65772,65773,9,5,64,0,2016,3,10,5,3,2,6,0,0,0,1,0,0,0,0,6.50051E+20,5.4717E+21,1.10673E+16,4.93795E+16
65773,65774,9,4,77,157,2016,3,14,5,2,6,4,0,0,0,1,1,0,0,0,6.71793E+20,5.54078E+21,1.1397E+16,4.99946E+16
65774,65775,9,5,76,151,2016,3,16,4,3,2,6,0,0,0,1,0,0,1,0,6.53881E+20,5.47018E+21,1.11195E+16,4.93648E+16