FID,OBJECTID,ULAND,UREGBEZ,UKREIS,UGEMEINDE,UJAHR,UMONAT,USTUNDE,UWOCHENTAG,UKATEGORIE,UART,UTYP1,ULICHTVERH,IstStrasse,IstRad,IstPKW,IstFuss,IstKrad,IstGkfz,IstSonstig,LINREFX,LINREFY,XGCSWGS84,YGCSWGS84
65775,65776,9,7,74,150,2016,3,15,2,2,2,3,0,0,0,1,0,0,0,0,6.01733E+20,5.34444E+21,1.03703E+16,4.8245E+16
65776,65777,9,2,75,138,2016,3,9,4,3,8,7,0,0,0,1,0,0,0,0,8.1049E+20,5.38824E+21,1.32094E+16,4.85702E+16
65777,65778,9,2,73,111,2016,3,18,5,3,5,3,2,0,0,1,0,1,0,0,7.07115E+20,5.41283E+21,1.18224E+16,4.88339E+16
65778,65779,9,1,75,115,2016,3,8,6,3,2,6,0,0,0,1,0,0,0,0,7.20988E+20,5.32942E+21,1.19672E+16,4.80797E+16
65779,65780,9,7,71,129,2016,3,14,3,3,8,7,0,2,0,1,0,0,0,0,6.53762E+20,5.35694E+21,1.10753E+16,4.83469E+16
65780,65781,9,7,74,148,2016,3,20,2,2,6,4,2,0,0,1,1,0,0,0,5.95107E+20,5.36272E+21,1.02852E+16,4.84105E+16
65781,65782,9,1,85,163,2016,3,7,5,3,5,3,0,0,0,1,0,0,0,0,6.62173E+20,5.39435E+21,1.12033E+16,4.86811E+16
65782,65783,9,5,77,177,2016,3,14,3,3,5,2,0,1,0,0,0,1,0,1,6.43005E+20,5.43011E+21,1.09555E+16,4.90073E+16
65783,65784,9,7,80,143,2016,3,7,2,3,2,6,0,0,0,1,0,0,0,0,5.98471E+20,5.28166E+21,1.0312E+16,4.76808E+16
65784,65785,9,1,72,117,2016,3,21,5,3,5,3,2,1,0,1,0,0,0,0,7.99533E+20,5.28245E+21,1.2987E+16,4.76261E+16
65785,65786,9,1,62,0,2016,3,18,5,3,3,6,1,0,0,1,0,0,0,0,6.92069E+20,5.33139E+21,1.15802E+16,4.81068E+16
65786,65787,9,2,74,183,2016,3,21,4,3,9,1,2,0,0,1,0,0,0,0,7.4096E+20,5.36228E+21,1.22536E+16,4.83676E+16
65787,65788,9,6,79,205,2016,3,8,3,3,2,6,0,0,0,1,0,0,0,0,5.5599E+20,5.5139E+21,9.77763E+15,4.97749E+16
65788,65789,9,7,63,0,2016,3,11,2,2,2,6,0,0,0,1,0,0,0,0,6.02872E+20,5.28893E+21,1.03723E+16,4.77455E+16
65789,65790,9,1,77,117,2016,3,18,5,3,1,6,2,0,0,1,0,0,0,0,7.15958E+20,5.353E+21,1.19117E+16,4.82933E+16
65790,65791,9,4,72,175,2016,3,10,3,3,8,6,0,1,0,1,0,0,0,0,6.84562E+20,5.51502E+21,1.15626E+16,4.97593E+16
65791,65792,9,2,72,122,2016,3,9,3,3,9,1,0,2,0,0,0,0,1,0,8.46408E+20,5.42305E+21,1.37239E+16,4.88635E+16
65792,65793,9,1,86,152,2016,3,12,4,3,2,6,0,0,0,1,0,0,0,0,6.91566E+20,5.37933E+21,1.15953E+16,4.85378E+16
65793,65794,9,5,64,0,2016,3,8,5,3,2,6,0,0,0,1,0,0,0,1,6.50654E+20,5.47381E+21,1.10764E+16,4.93983E+16
65794,65795,9,5,61,0,2016,3,7,5,2,2,6,0,0,0,1,0,0,0,0,6.1469E+20,5.46233E+21,1.05776E+16,4.93029E+16
65795,65796,9,6,63,0,2016,3,14,5,2,2,6,0,0,0,0,0,0,1,0,5.64008E+20,5.51113E+21,9.88853E+15,4.97492E+16
65796,65797,9,6,79,138,2016,3,14,4,2,8,1,0,0,0,1,0,0,0,0,5.68166E+20,5.50409E+21,9.945E+15,4.96854E+16
65797,65798,9,6,74,130,2016,3,23,2,3,1,1,2,0,0,1,0,0,0,0,6.28911E+20,5.55054E+21,1.08023E+16,5.00931E+16
65798,65799,9,1,83,132,2016,3,7,4,3,4,1,0,2,0,1,0,0,0,0,7.50652E+20,5.35596E+21,1.23805E+16,4.83071E+16
65799,65800,9,1,73,147,2016,3,16,2,3,0,7,0,0,1,0,0,0,0,0,6.8141E+20,5.30952E+21,1.14279E+16,4.79133E+16
65800,65801,9,4,75,175,2016,3,22,6,3,3,6,2,0,0,1,0,0,0,0,6.96318E+20,5.55905E+21,1.17481E+16,5.01512E+16
65801,65802,9,1,89,143,2016,3,13,6,2,5,3,0,0,0,1,0,1,0,0,7.57358E+20,5.31367E+21,1.24452E+16,4.79247E+16
65802,65803,9,7,78,173,2016,3,3,7,3,5,3,2,0,0,1,0,0,0,0,6.11745E+20,5.32159E+21,1.04991E+16,4.80378E+16
65803,65804,9,1,74,113,2016,3,7,2,3,2,6,0,0,0,1,0,0,0,0,6.71388E+20,5.34704E+21,1.1309E+16,4.82534E+16
65804,65805,9,1,77,124,2016,3,10,3,2,0,1,0,0,1,0,0,0,0,0,7.28712E+20,5.36642E+21,1.20907E+16,4.84094E+16
65805,65806,9,5,76,151,2016,3,12,2,2,2,6,0,0,0,1,0,0,1,0,6.56909E+20,5.47038E+21,1.11612E+16,4.93659E+16
65806,65807,9,6,79,205,2016,3,17,7,2,3,6,0,0,0,1,0,0,0,0,5.54714E+20,5.51338E+21,9.75984E+15,4.97704E+16
65807,65808,9,1,83,140,2016,3,0,7,3,4,6,2,0,0,1,0,0,0,0,7.43668E+20,5.34349E+21,1.22793E+16,4.81979E+16
65808,65809,9,2,63,0,2016,3,14,6,3,5,3,0,0,1,0,0,0,0,0,7.6087E+20,5.42027E+21,1.25584E+16,4.88804E+16
65809,65810,9,1,78,150,2016,3,11,7,3,2,6,0,0,0,1,0,0,0,0,6.9105E+20,5.3724E+21,1.15851E+16,4.84756E+16
65810,65811,9,7,71,122,2016,3,15,6,2,3,6,0,0,0,1,0,0,0,1,6.5304E+20,5.36203E+21,1.10674E+16,4.83928E+16
65811,65812,9,5,72,133,2016,3,9,6,3,2,6,0,0,0,1,0,0,0,0,6.38582E+20,5.4989E+21,1.09189E+16,4.96267E+16
65812,65813,9,3,62,0,2016,3,11,6,3,5,2,0,0,1,1,0,0,0,0,7.27621E+20,5.43542E+21,1.21141E+16,4.90296E+16
65813,65814,9,1,62,0,2016,3,0,6,3,0,7,2,0,0,1,0,0,1,0,6.80642E+20,5.33948E+21,1.14303E+16,4.81828E+16
65814,65815,9,3,76,149,2016,3,17,3,3,2,1,0,0,0,1,0,0,0,0,7.39363E+20,5.45253E+21,1.22846E+16,4.91788E+16
65815,65816,9,6,76,140,2016,3,12,1,2,2,6,0,0,1,1,0,0,0,0,5.0651E+20,5.52175E+21,9.09056E+15,4.98482E+16
65816,65817,9,4,72,154,2016,3,15,3,2,5,3,0,0,0,1,0,1,0,0,6.64683E+20,5.53382E+21,1.12948E+16,4.9934E+16
65817,65818,9,7,64,0,2016,3,15,1,3,4,3,0,0,0,1,0,0,0,0,5.87974E+20,5.31644E+21,1.01792E+16,4.79952E+16
65818,65819,9,7,80,143,2016,3,12,2,3,2,6,0,0,0,1,0,0,0,0,5.98159E+20,5.28208E+21,1.03079E+16,4.76847E+16
65819,65820,9,4,72,175,2016,3,2,3,3,2,6,2,0,0,1,0,0,1,0,6.80827E+20,5.51769E+21,1.15121E+16,4.97844E+16
65820,65821,9,5,77,173,2016,3,10,2,3,2,6,0,0,0,1,0,0,0,0,6.42047E+20,5.42494E+21,1.09406E+16,4.89611E+16
65821,65822,9,3,75,175,2016,3,2,1,3,9,1,2,0,0,1,0,0,0,0,7.15204E+20,5.43522E+21,1.19443E+16,4.90323E+16
65822,65823,9,5,73,127,2016,3,18,7,2,4,6,0,0,0,1,0,0,0,0,6.40042E+20,5.47379E+21,1.09302E+16,4.94007E+16
65823,65824,9,1,82,125,2016,3,16,7,3,6,2,0,0,0,1,1,0,0,0,7.12617E+20,5.29673E+21,1.18388E+16,4.77888E+16
65824,65825,9,2,75,153,2016,3,15,6,3,4,6,0,1,0,1,0,1,0,0,8.50415E+20,5.38915E+21,1.37496E+16,4.85574E+16
65825,65826,9,1,75,121,2016,3,16,7,2,9,1,0,0,0,0,0,1,0,0,7.14705E+20,5.32006E+21,1.18783E+16,4.79978E+16
65826,65827,9,6,77,137,2016,3,13,6,2,8,1,0,0,0,0,0,1,0,0,5.356E+20,5.51587E+21,9.49464E+15,4.97943E+16
65827,65828,9,5,72,135,2016,3,16,6,2,8,1,0,0,0,0,0,1,0,0,6.34097E+20,5.51259E+21,1.08616E+16,4.97508E+16
65828,65829,9,3,76,147,2016,3,15,6,3,1,2,0,0,0,1,0,1,0,0,7.45612E+20,5.47173E+21,1.2382E+16,4.93487E+16
65829,65830,9,2,74,128,2016,3,18,3,3,0,7,0,0,1,0,0,0,0,0,7.3873E+20,5.38807E+21,1.22383E+16,4.86002E+16
65830,65831,9,4,73,144,2016,3,12,1,3,4,1,0,0,0,1,0,1,0,0,6.35865E+20,5.57384E+21,1.09078E+16,5.0301E+16
65831,65832,9,4,77,148,2016,3,15,2,3,9,1,0,1,0,1,0,0,0,0,6.80787E+20,5.56568E+21,1.15341E+16,5.02156E+16
65832,65833,9,1,90,117,2016,3,16,1,3,4,2,0,0,0,1,0,1,0,0,6.5097E+20,5.29048E+21,1.10142E+16,4.775E+16
65833,65834,9,5,64,0,2016,3,14,6,3,2,6,0,0,0,1,0,0,0,0,6.49197E+20,5.47872E+21,1.10582E+16,4.94428E+16
65834,65835,9,1,89,143,2016,3,14,6,3,3,2,0,0,0,1,0,1,0,0,7.59115E+20,5.31528E+21,1.24697E+16,4.79384E+16
65835,65836,9,2,77,147,2016,3,16,1,3,8,1,0,0,0,0,0,1,0,0,8.02207E+20,5.35693E+21,1.30748E+16,4.82933E+16
65836,65837,9,1,62,0,2016,3,15,6,3,5,3,0,0,1,1,0,0,0,0,6.8499E+20,5.33197E+21,1.14855E+16,4.81141E+16
65837,65838,9,2,78,148,2016,3,10,6,3,5,1,0,0,0,0,0,1,1,0,7.40492E+20,5.40715E+21,1.22732E+16,4.87708E+16
65838,65839,9,5,63,0,2016,3,22,6,3,6,7,2,0,0,1,1,0,0,0,6.4415E+20,5.4824E+21,1.099E+16,4.94771E+16
65839,65840,9,1,86,151,2016,3,16,1,2,0,7,0,0,1,0,0,0,0,0,6.79186E+20,5.3765E+21,1.14265E+16,4.8516E+16
65840,65841,9,1,89,149,2016,3,14,3,3,4,2,0,0,0,1,0,0,0,0,7.66037E+20,5.32965E+21,1.25711E+16,4.80646E+16
65841,65842,9,2,77,113,2016,3,15,2,3,5,3,0,0,0,1,0,0,0,0,8.02879E+20,5.37284E+21,1.30953E+16,4.84358E+16
65842,65843,9,1,87,164,2016,3,13,1,3,5,3,0,0,1,1,0,0,0,0,7.36551E+20,5.3225E+21,1.2172E+16,4.80119E+16
65843,65844,9,5,75,129,2016,3,20,6,3,5,3,2,0,0,1,0,0,0,0,6.26485E+20,5.4871E+21,1.07477E+16,4.95233E+16
65844,65845,9,1,83,136,2016,3,13,6,3,1,2,0,0,0,1,0,0,1,0,7.63529E+20,5.34861E+21,1.25492E+16,4.82359E+16
65845,65846,9,1,62,0,2016,3,16,7,2,0,6,0,0,0,1,0,1,0,0,6.84518E+20,5.3321E+21,1.14792E+16,4.81154E+16
65846,65847,9,1,79,121,2016,3,20,3,3,5,3,2,0,0,1,0,0,0,0,6.67657E+20,5.33852E+21,1.12554E+16,4.81778E+16
65847,65848,9,6,71,133,2016,3,6,2,3,4,1,0,1,0,1,0,0,0,0,5.09558E+20,5.54053E+21,9.13341E+15,5.0017E+16
65848,65849,9,7,71,130,2016,3,9,7,3,2,6,0,0,0,1,0,0,0,0,6.51945E+20,5.35654E+21,1.10506E+16,4.83437E+16
65849,65850,9,1,90,126,2016,3,13,7,3,8,7,0,0,0,1,0,0,0,0,6.7216E+20,5.28901E+21,1.12961E+16,4.77315E+16
65850,65851,9,1,75,124,2016,3,22,1,2,1,5,2,0,0,1,1,0,0,0,7.15066E+20,5.32865E+21,1.18874E+16,4.80748E+16
65851,65852,9,1,61,0,2016,3,11,3,3,5,2,0,0,1,1,0,0,0,0,6.77584E+20,5.40527E+21,1.14171E+16,4.87751E+16
65852,65853,9,6,74,159,2016,3,12,2,3,5,3,0,0,0,1,0,0,0,0,6.19122E+20,5.52899E+21,1.06588E+16,4.99015E+16
65853,65854,9,7,73,122,2016,3,19,7,2,4,6,2,0,0,1,0,1,0,0,6.25564E+20,5.38299E+21,1.07027E+16,4.85874E+16
65854,65855,9,2,71,125,2016,3,23,7,3,2,1,2,0,0,1,0,0,0,0,8.02596E+20,5.40672E+21,1.31161E+16,4.87399E+16
65855,65856,9,7,74,115,2016,3,15,6,3,5,3,0,0,0,1,0,0,0,1,6.11003E+20,5.34278E+21,1.04947E+16,4.82286E+16
65856,65857,9,1,83,118,2016,3,5,2,2,8,7,1,0,0,1,0,0,0,0,7.48758E+20,5.33797E+21,1.23444E+16,4.81462E+16
65857,65858,9,4,75,123,2016,3,7,6,3,5,3,0,0,0,1,0,0,0,0,7.06332E+20,5.58168E+21,1.19004E+16,5.0351E+16
65858,65859,9,4,71,119,2016,3,17,6,3,2,6,0,0,0,1,0,0,0,0,6.35737E+20,5.53842E+21,1.08934E+16,4.99826E+16
65859,65860,9,1,83,129,2016,3,9,6,3,5,3,0,0,0,1,0,0,0,0,7.6176E+20,5.36221E+21,1.25339E+16,4.83587E+16
65860,65861,9,7,74,148,2016,3,9,7,3,2,6,0,0,0,1,0,0,0,0,5.96135E+20,5.36299E+21,1.02992E+16,4.84128E+16
65861,65862,9,1,74,115,2016,3,9,2,2,8,1,0,0,0,0,0,1,0,0,6.82678E+20,5.35082E+21,1.14626E+16,4.82842E+16
65862,65863,9,7,75,152,2016,3,17,2,3,2,6,0,0,0,1,0,0,0,0,5.76978E+20,5.35352E+21,1.00386E+16,4.83302E+16
65863,65864,9,5,75,127,2016,3,16,3,2,3,7,0,0,1,0,0,0,0,0,5.87362E+20,5.49014E+21,1.0208E+16,4.95575E+16
65864,65865,9,5,73,126,2016,3,17,2,3,9,6,0,0,0,1,0,0,0,0,6.36005E+20,5.48279E+21,1.08777E+16,4.94825E+16
65865,65866,9,6,74,163,2016,3,21,7,2,9,1,2,1,0,1,0,0,0,0,6.07045E+20,5.54195E+21,1.04943E+16,5.00202E+16
65866,65867,9,1,72,114,2016,3,11,7,3,2,6,0,0,0,1,0,0,0,0,7.85706E+20,5.29091E+21,1.28089E+16,4.77083E+16
65867,65868,9,2,75,152,2016,3,11,6,3,5,3,0,0,0,1,0,0,0,0,8.21536E+20,5.40734E+21,1.33735E+16,4.8736E+16
65868,65869,9,1,78,124,2016,3,15,7,3,2,6,0,0,0,1,0,1,0,0,6.97374E+20,5.36154E+21,1.16655E+16,4.83762E+16
65869,65870,9,7,72,200,2016,3,16,6,3,4,2,0,0,0,1,0,1,0,0,6.24401E+20,5.34154E+21,1.06747E+16,4.82149E+16
65870,65871,9,5,76,127,2016,3,12,6,3,2,6,0,0,0,1,0,0,0,0,6.65576E+20,5.44499E+21,1.127E+16,4.91355E+16
65871,65872,9,3,76,161,2016,3,7,6,3,5,3,0,0,0,1,0,0,0,1,7.26108E+20,5.46774E+21,1.21116E+16,4.93205E+16
65872,65873,9,1,88,144,2016,3,13,6,3,2,6,0,0,0,1,0,0,0,0,6.68437E+20,5.32901E+21,1.12621E+16,4.80921E+16
65873,65874,9,2,75,122,2016,3,12,6,3,5,3,0,0,0,1,0,0,0,0,8.16967E+20,5.38202E+21,1.32922E+16,4.85112E+16
65874,65875,9,1,61,0,2016,3,12,7,3,0,1,0,0,1,0,0,0,0,0,6.78929E+20,5.40187E+21,1.1434E+16,4.87441E+16
65875,65876,9,7,79,194,2016,3,13,6,3,5,3,0,0,0,1,0,0,0,0,6.11162E+20,5.41349E+21,1.05157E+16,4.88644E+16
65876,65877,9,6,71,152,2016,3,14,6,3,5,3,0,0,0,1,0,0,1,0,5.14288E+20,5.55032E+21,9.1998E+15,5.0105E+16
65877,65878,9,4,76,184,2016,3,15,6,3,2,6,0,0,0,1,0,0,0,0,6.79415E+20,5.57251E+21,1.15181E+16,5.02774E+16
65878,65879,9,3,77,133,2016,3,16,6,3,5,3,0,0,0,1,0,1,0,0,7.08052E+20,5.53107E+21,1.1897E+16,4.98958E+16
65879,65880,9,1,74,135,2016,3,12,6,3,2,6,0,0,0,1,0,0,0,1,6.63162E+20,5.35336E+21,1.12007E+16,4.83124E+16
65880,65881,9,1,71,113,2016,3,16,6,2,1,6,0,0,0,1,0,0,0,0,7.7871E+20,5.34284E+21,1.27495E+16,4.81776E+16
65881,65882,9,3,75,153,2016,3,6,3,2,9,1,0,0,0,1,0,0,0,0,7.17688E+20,5.44585E+21,1.1984E+16,4.91269E+16
65882,65883,9,7,71,176,2016,3,14,1,2,0,7,0,0,0,0,0,1,0,0,6.43466E+20,5.38378E+21,1.09456E+16,4.85907E+16
65883,65884,9,7,77,169,2016,3,14,2,3,8,6,0,0,0,0,0,1,0,0,6.29503E+20,5.26985E+21,1.07218E+16,4.75691E+16
65884,65885,9,4,77,117,2016,3,21,3,2,9,1,2,1,0,1,0,0,0,0,6.89368E+20,5.56616E+21,1.16545E+16,5.02172E+16
65885,65886,9,5,77,122,2016,3,6,2,3,0,7,0,1,0,1,0,0,0,0,6.31063E+20,5.43581E+21,1.07941E+16,4.90612E+16
65886,65887,9,3,73,147,2016,3,20,1,3,5,3,2,0,0,1,0,0,0,0,6.76885E+20,5.46284E+21,1.14328E+16,4.92926E+16
65887,65888,9,5,77,177,2016,3,12,7,3,5,2,0,0,0,1,0,0,0,0,6.45113E+20,5.43226E+21,1.09851E+16,4.90261E+16
65888,65889,9,2,62,0,2016,3,16,6,3,2,6,0,0,0,1,0,0,0,0,8.30224E+20,5.38994E+21,1.34774E+16,4.85754E+16
65889,65890,9,1,62,0,2016,3,7,6,3,5,3,0,0,1,1,0,0,0,0,6.94985E+20,5.333E+21,1.16201E+16,4.81204E+16
65890,65891,9,6,72,121,2016,3,12,6,2,5,2,0,0,0,0,0,1,1,0,5.68409E+20,5.55285E+21,9.95701E+15,5.01239E+16
65891,65892,9,2,78,190,2016,3,6,6,3,5,3,0,0,0,1,0,0,0,0,7.64782E+20,5.42817E+21,1.26168E+16,4.89497E+16
65892,65893,9,5,74,138,2016,3,7,6,3,4,2,0,0,0,1,0,0,0,0,6.64479E+20,5.48647E+21,1.12721E+16,4.95086E+16
65893,65894,9,3,61,0,2016,3,14,6,2,8,1,0,0,0,1,0,0,0,0,7.03089E+20,5.48108E+21,1.1802E+16,4.94484E+16
65894,65895,9,1,80,117,2016,3,15,3,3,5,3,0,0,0,1,0,0,0,0,6.58594E+20,5.26222E+21,1.11056E+16,4.74941E+16
65895,65896,9,2,77,138,2016,3,23,3,3,8,1,2,1,0,1,0,0,0,0,7.92508E+20,5.3688E+21,1.29526E+16,4.84044E+16
65896,65897,9,5,75,112,2016,3,18,1,3,2,7,2,0,0,1,0,0,0,0,6.04498E+20,5.48396E+21,1.04432E+16,4.94993E+16
65897,65898,9,4,74,126,2016,3,17,3,3,2,6,1,0,0,1,0,0,0,0,6.48019E+20,5.51163E+21,1.10543E+16,4.97389E+16
65898,65899,9,5,75,150,2016,3,7,2,3,9,1,0,0,0,1,0,0,0,0,6.13819E+20,5.50161E+21,1.0577E+16,4.96563E+16
65899,65900,9,2,72,141,2016,3,15,1,2,3,2,0,0,0,1,0,1,0,0,8.29328E+20,5.40995E+21,1.34812E+16,4.87553E+16
65900,65901,9,1,78,155,2016,3,15,1,3,0,1,0,0,0,0,0,1,0,0,7.18318E+20,5.37628E+21,1.19556E+16,4.85016E+16
65901,65902,9,1,72,114,2016,3,19,3,3,2,6,2,0,0,1,0,0,0,0,7.93006E+20,5.29546E+21,1.29091E+16,4.77459E+16
65902,65903,9,5,71,199,2016,3,13,7,3,4,6,0,0,0,1,0,0,0,0,5.83365E+20,5.45238E+21,1.01448E+16,4.92185E+16
65903,65904,9,2,75,130,2016,3,11,2,3,2,1,0,0,0,1,0,0,0,0,8.14796E+20,5.36402E+21,1.32494E+16,4.83508E+16
65904,65905,9,5,75,146,2016,3,17,6,3,3,6,0,0,0,1,0,0,0,0,5.94854E+20,5.49082E+21,1.03117E+16,4.95625E+16
65905,65906,9,1,71,123,2016,3,15,6,3,1,6,0,0,0,1,0,0,0,0,7.85292E+20,5.3516E+21,1.28437E+16,4.82533E+16
65906,65907,9,4,71,169,2016,3,9,2,3,5,3,0,0,0,1,0,0,0,0,6.38674E+20,5.52229E+21,1.09285E+16,4.9837E+16
65907,65908,9,1,83,147,2016,3,15,1,3,8,1,0,0,0,0,0,1,0,0,7.47675E+20,5.33458E+21,1.23279E+16,4.81162E+16
65908,65909,9,5,71,199,2016,3,17,6,1,9,7,0,0,0,0,0,1,0,0,5.82965E+20,5.45083E+21,1.0139E+16,4.92046E+16
65909,65910,9,1,84,114,2016,3,6,6,3,9,7,0,0,0,1,0,0,0,0,6.98323E+20,5.32214E+21,1.16599E+16,4.80217E+16
65910,65911,9,1,78,120,2016,3,15,1,3,2,6,0,0,1,1,0,1,0,0,6.94405E+20,5.3526E+21,1.16213E+16,4.82967E+16
65911,65912,9,1,76,126,2016,3,14,3,3,1,6,0,0,0,1,0,0,0,0,6.73637E+20,5.40587E+21,1.13637E+16,4.87816E+16
65912,65913,9,6,62,0,2016,3,18,2,3,0,1,1,0,0,0,0,1,0,0,5.87299E+20,5.54607E+21,1.02197E+16,5.00605E+16
65913,65914,9,7,71,111,2016,3,11,7,3,3,1,0,0,0,1,0,0,0,0,6.57991E+20,5.35782E+21,1.11326E+16,4.83538E+16
65914,65915,9,2,77,145,2016,3,10,7,3,2,6,0,0,0,1,0,0,0,0,7.99333E+20,5.35322E+21,1.30335E+16,4.82614E+16
65915,65916,9,2,75,122,2016,3,14,6,2,9,1,0,0,0,0,0,1,0,0,8.20015E+20,5.38153E+21,1.3333E+16,4.85052E+16
65916,65917,9,1,87,179,2016,3,12,7,3,0,1,0,0,0,0,0,1,0,0,7.23473E+20,5.31245E+21,1.19917E+16,4.79263E+16
65917,65918,9,7,78,203,2016,3,12,6,3,1,6,0,0,0,1,0,0,0,0,6.20757E+20,5.32216E+21,1.06201E+16,4.80413E+16
65918,65919,9,1,86,147,2016,3,11,2,3,2,6,0,0,0,1,0,0,0,0,6.8459E+20,5.39391E+21,1.15073E+16,4.8671E+16
65919,65920,9,6,76,123,2016,3,13,6,3,4,2,0,0,0,1,0,0,0,0,5.17908E+20,5.51835E+21,9.24894E+15,4.98173E+16
65920,65921,9,4,73,151,2016,3,7,6,3,2,6,0,0,0,1,0,0,0,0,6.50458E+20,5.57533E+21,1.11132E+16,5.03108E+16
65921,65922,9,4,74,171,2016,3,15,6,2,8,1,0,0,0,1,0,0,0,0,6.55188E+20,5.51404E+21,1.11547E+16,4.97588E+16
65922,65923,9,1,74,113,2016,3,8,6,3,2,6,0,0,0,1,0,0,0,0,6.79252E+20,5.34196E+21,1.14127E+16,4.82055E+16
65923,65924,9,1,63,0,2016,3,6,6,3,5,2,0,0,0,1,0,1,0,0,7.34286E+20,5.30454E+21,1.21319E+16,4.78514E+16
65924,65925,9,4,74,135,2016,3,12,3,3,9,1,0,0,0,1,0,0,0,0,6.41188E+20,5.50641E+21,1.09577E+16,4.96936E+16
65925,65926,9,7,75,152,2016,3,18,1,3,5,2,0,0,0,1,0,0,0,1,5.77593E+20,5.3526E+21,1.00467E+16,4.83218E+16
65926,65927,9,7,78,209,2016,3,9,2,3,0,7,0,0,0,0,0,1,0,0,6.18421E+20,5.32582E+21,1.05898E+16,4.80746E+16
65927,65928,9,7,75,134,2016,3,15,7,3,2,6,0,0,0,1,0,0,0,0,5.8152E+20,5.36313E+21,1.01017E+16,4.84161E+16
65928,65929,9,1,74,146,2016,3,9,2,3,3,6,0,0,0,1,0,0,0,0,6.67816E+20,5.35038E+21,1.12622E+16,4.82843E+16
65929,65930,9,1,75,132,2016,3,7,3,3,5,2,0,0,0,1,0,0,0,1,7.07239E+20,5.33675E+21,1.17864E+16,4.81502E+16
65930,65931,9,5,76,143,2016,3,17,2,3,2,6,0,0,0,1,0,0,0,0,6.53744E+20,5.4569E+21,1.11125E+16,4.92455E+16
65931,65932,9,7,61,0,2016,3,1,7,3,2,6,2,0,1,0,0,0,0,0,6.41046E+20,5.36059E+21,1.0905E+16,4.83827E+16
65932,65933,9,1,73,145,2016,3,13,7,2,4,1,0,0,0,1,0,1,0,0,6.91805E+20,5.2905E+21,1.15585E+16,4.77394E+16
65933,65934,9,2,74,184,2016,3,20,6,2,4,2,2,0,0,1,0,0,0,0,7.48241E+20,5.37191E+21,1.23575E+16,4.84513E+16
65934,65935,9,1,74,135,2016,3,20,7,3,2,1,2,0,0,1,0,0,1,0,6.63438E+20,5.3531E+21,1.12043E+16,4.831E+16
65935,65936,9,7,79,155,2016,3,14,6,3,4,2,0,0,0,1,0,1,0,0,6.20766E+20,5.40525E+21,1.06442E+16,4.87885E+16
65936,65937,9,5,72,133,2016,3,15,6,2,2,6,0,0,0,1,0,0,1,0,6.37303E+20,5.50143E+21,1.09021E+16,4.96498E+16
65937,65938,9,3,62,0,2016,3,12,6,3,9,7,0,0,0,1,0,0,0,0,7.29397E+20,5.43531E+21,1.21383E+16,4.9028E+16
65938,65939,9,1,74,135,2016,3,16,6,3,3,6,0,0,0,1,0,1,0,0,6.62248E+20,5.35409E+21,1.11886E+16,4.83192E+16
65939,65940,9,1,82,131,2016,3,12,6,3,2,6,0,0,0,1,0,0,0,0,7.15798E+20,5.28752E+21,1.18767E+16,4.77049E+16
65940,65941,9,3,71,151,2016,3,15,3,2,6,4,0,0,0,1,1,0,0,0,6.99534E+20,5.4863E+21,1.17557E+16,4.94965E+16
65941,65942,9,6,76,134,2016,3,10,1,3,2,7,0,0,0,1,0,1,0,0,5.13258E+20,5.51324E+21,9.18412E+15,4.97715E+16
65942,65943,9,4,77,127,2016,3,17,3,3,2,6,0,0,0,1,0,0,0,0,6.79174E+20,5.55512E+21,1.15065E+16,5.01212E+16
65943,65944,9,2,75,154,2016,3,17,1,2,8,1,0,0,0,0,0,1,0,0,8.0542E+20,5.3912E+21,1.3143E+16,4.85993E+16
65944,65945,9,1,62,0,2016,3,15,6,3,2,6,0,0,0,1,0,0,0,0,6.87599E+20,5.33327E+21,1.15211E+16,4.8125E+16
65945,65946,9,4,75,127,2016,3,7,3,3,5,3,0,1,0,1,0,0,0,0,7.15732E+20,5.5797E+21,1.20312E+16,5.03299E+16
65946,65947,9,5,75,127,2016,3,14,2,2,3,6,0,0,1,1,0,0,0,0,5.85602E+20,5.49178E+21,1.0184E+16,4.95726E+16
65947,65948,9,3,75,175,2016,3,3,1,3,2,6,2,0,0,1,1,0,0,1,7.14746E+20,5.43543E+21,1.19382E+16,4.90343E+16
65948,65949,9,5,64,0,2016,3,14,7,3,5,3,0,0,1,1,0,0,0,0,6.48443E+20,5.48072E+21,1.10485E+16,4.9461E+16
65949,65950,9,1,63,0,2016,3,12,7,2,0,1,0,0,1,0,0,0,0,0,7.33789E+20,5.30392E+21,1.2125E+16,4.7846E+16
65950,65951,9,2,73,147,2016,3,7,6,3,6,4,0,0,0,1,1,0,0,0,7.04192E+20,5.39213E+21,1.17724E+16,4.86488E+16
65951,65952,9,1,77,131,2016,3,15,7,2,0,2,0,0,0,0,0,1,0,1,7.0954E+20,5.34716E+21,1.18224E+16,4.8243E+16
65952,65953,9,5,72,160,2016,3,8,6,3,2,6,0,0,0,1,0,0,0,0,6.228E+20,5.51013E+21,1.0704E+16,4.97311E+16
65953,65954,9,5,74,123,2016,3,14,6,3,2,6,0,0,0,1,0,0,0,0,6.61668E+20,5.47925E+21,1.12303E+16,4.94444E+16