FID,OBJECTID,ULAND,UREGBEZ,UKREIS,UGEMEINDE,UJAHR,UMONAT,USTUNDE,UWOCHENTAG,UKATEGORIE,UART,UTYP1,ULICHTVERH,IstStrasse,IstRad,IstPKW,IstFuss,IstKrad,IstGkfz,IstSonstig,LINREFX,LINREFY,XGCSWGS84,YGCSWGS84
66134,66135,9,3,75,170,2016,3,12,7,3,5,3,0,0,0,1,0,0,0,0,7.37092E+20,5.42788E+21,1.2239E+16,4.89583E+16
66135,66136,9,7,61,0,2016,3,10,6,3,0,7,0,0,0,1,0,0,0,0,6.39675E+20,5.35249E+21,1.08838E+16,4.83102E+16
66136,66137,9,3,75,148,2016,3,20,6,3,8,1,2,1,0,1,0,0,0,0,7.04876E+20,5.44014E+21,1.18057E+16,4.908E+16
66137,66138,9,5,76,151,2016,3,12,2,3,2,6,0,0,0,1,0,0,0,0,6.5588E+20,5.47245E+21,1.11479E+16,4.93848E+16
66138,66139,9,6,76,145,2016,3,11,4,3,3,6,0,0,0,1,0,0,1,0,5.10063E+20,5.51993E+21,9.13992E+15,4.98317E+16
66139,66140,9,1,79,121,2016,3,23,6,3,5,3,2,1,0,1,0,0,0,0,6.66123E+20,5.33849E+21,1.12347E+16,4.8178E+16
66140,66141,9,6,77,154,2016,3,17,5,3,5,3,0,0,0,1,0,0,0,1,5.43036E+20,5.51731E+21,9.59811E+15,4.98066E+16
66141,66142,9,2,71,146,2016,3,14,5,3,2,1,0,0,0,1,0,0,0,0,7.88344E+20,5.41373E+21,1.29277E+16,4.88096E+16
66142,66143,9,7,61,0,2016,3,19,4,2,5,2,2,0,0,1,0,0,0,0,6.41386E+20,5.3575E+21,1.09085E+16,4.83549E+16
66143,66144,9,2,76,138,2016,3,19,4,3,2,6,2,0,0,1,0,0,0,0,8.02737E+20,5.43191E+21,1.31367E+16,4.89658E+16
66144,66145,9,3,75,143,2016,3,15,2,2,8,1,0,0,0,1,0,0,0,0,7.35554E+20,5.41948E+21,1.22132E+16,4.88834E+16
66145,66146,9,1,71,122,2016,3,13,3,3,8,1,0,1,0,1,0,0,0,0,7.69783E+20,5.33636E+21,1.26255E+16,4.81233E+16
66146,66147,9,5,76,151,2016,3,13,5,3,3,6,0,0,0,1,0,0,1,1,6.54385E+20,5.47084E+21,1.11266E+16,4.93707E+16
66147,66148,9,4,75,127,2016,3,8,2,3,8,1,0,0,0,1,0,0,0,0,7.1294E+20,5.57858E+21,1.19914E+16,5.03208E+16
66148,66149,9,1,73,140,2016,3,10,5,3,2,2,0,0,0,1,0,0,0,0,6.95319E+20,5.29469E+21,1.16072E+16,4.77759E+16
66149,66150,9,6,72,136,2016,3,14,1,3,9,1,0,1,0,1,0,0,0,0,5.79443E+20,5.56306E+21,1.01135E+16,5.02144E+16
66150,66151,9,5,74,152,2016,3,5,2,3,3,6,2,0,0,1,0,0,0,0,6.59927E+20,5.48149E+21,1.12072E+16,4.9465E+16
66151,66152,9,7,74,155,2016,3,15,5,3,3,6,0,0,0,1,0,0,0,0,5.90106E+20,5.36532E+21,1.02182E+16,4.84346E+16
66152,66153,9,6,63,0,2016,3,11,4,3,5,3,0,0,0,1,0,0,0,0,5.66124E+20,5.51726E+21,9.91893E+15,4.98041E+16
66153,66154,9,2,72,121,2016,3,10,5,3,8,1,0,0,0,1,0,0,0,0,8.41839E+20,5.41441E+21,1.36546E+16,4.87886E+16
66154,66155,9,1,81,141,2016,3,14,1,3,4,6,0,0,0,1,0,0,0,0,6.4388E+20,5.32012E+21,1.09295E+16,4.80182E+16
66155,66156,9,2,71,149,2016,3,10,4,3,3,2,0,0,0,1,0,1,0,0,8.0716E+20,5.40916E+21,1.31799E+16,4.87596E+16
66156,66157,9,2,79,135,2016,3,16,2,3,5,3,0,0,0,1,0,0,0,0,7.71745E+20,5.38225E+21,1.26814E+16,4.85344E+16
66157,66158,9,1,84,114,2016,3,12,3,3,2,6,0,0,0,1,0,0,0,1,7.01073E+20,5.31472E+21,1.16932E+16,4.79542E+16
66158,66159,9,5,71,180,2016,3,18,5,3,5,3,1,0,0,1,0,0,0,0,6.30332E+20,5.46278E+21,1.07929E+16,4.93038E+16
66159,66160,9,1,63,0,2016,3,15,5,3,0,1,0,0,1,0,0,0,0,0,7.3265E+20,5.30719E+21,1.21115E+16,4.78759E+16
66160,66161,9,2,71,119,2016,3,23,1,3,5,6,2,0,0,1,0,0,0,0,7.91897E+20,5.41816E+21,1.29791E+16,4.88477E+16
66161,66162,9,7,72,147,2016,3,11,7,3,2,6,0,0,0,1,0,0,0,0,6.38132E+20,5.36511E+21,1.08671E+16,4.8424E+16
66162,66163,9,2,72,120,2016,3,14,4,1,4,1,0,0,0,1,0,0,1,0,8.21145E+20,5.42043E+21,1.33784E+16,4.88536E+16
66163,66164,9,1,84,137,2016,3,7,2,3,4,7,0,1,0,1,0,0,0,1,7.07719E+20,5.31569E+21,1.17826E+16,4.79608E+16
66164,66165,9,1,85,113,2016,3,18,2,2,3,6,0,0,1,0,0,0,0,0,6.69351E+20,5.37653E+21,1.12934E+16,4.8519E+16
66165,66166,9,5,64,0,2016,3,12,7,3,5,3,0,0,0,1,0,0,0,0,6.47785E+20,5.47652E+21,1.10379E+16,4.94234E+16
66166,66167,9,1,86,152,2016,3,18,7,2,7,7,1,0,0,0,0,1,0,0,6.90886E+20,5.37389E+21,1.15836E+16,4.84891E+16
66167,66168,9,6,76,134,2016,3,10,6,3,2,6,0,1,0,1,0,0,0,0,5.1301E+20,5.51083E+21,9.18059E+15,4.97498E+16
66168,66169,9,6,79,126,2016,3,13,2,2,2,6,0,0,0,0,0,1,0,0,5.60637E+20,5.51226E+21,9.8419E+15,4.97597E+16
66169,66170,9,7,75,164,2016,3,8,7,3,1,7,0,1,0,1,0,0,0,0,5.85541E+20,5.35092E+21,1.01536E+16,4.83057E+16
66170,66171,9,2,75,146,2016,3,14,4,3,0,6,0,0,0,1,0,0,0,0,8.29646E+20,5.39688E+21,1.34751E+16,4.86379E+16
66171,66172,9,1,89,149,2016,3,1,2,3,4,1,2,1,0,1,0,0,0,0,7.65768E+20,5.33097E+21,1.25683E+16,4.80765E+16
66172,66173,9,6,61,0,2016,3,16,7,3,1,6,0,0,0,1,0,0,0,0,5.1202E+20,5.535E+21,9.1676E+15,4.99672E+16
66173,66174,9,1,83,148,2016,3,11,7,3,4,6,0,0,0,1,0,0,0,0,7.56009E+20,5.34572E+21,1.24464E+16,4.8213E+16
66174,66175,9,6,79,175,2016,3,12,6,3,5,3,0,1,0,1,0,0,0,0,5.71405E+20,5.50984E+21,9.99095E+15,4.97368E+16
66175,66176,9,1,76,126,2016,3,14,3,3,2,6,0,0,0,1,0,0,0,0,6.73524E+20,5.40588E+21,1.13622E+16,4.87817E+16
66176,66177,9,7,64,0,2016,3,3,5,3,5,3,2,0,0,1,0,0,0,0,5.87974E+20,5.31644E+21,1.01792E+16,4.79952E+16
66177,66178,9,4,79,129,2016,3,6,5,2,4,1,0,1,0,1,0,0,0,1,7.12395E+20,5.56065E+21,1.19737E+16,5.016E+16
66178,66179,9,1,81,130,2016,3,16,5,3,5,2,0,0,0,1,0,0,0,1,6.41906E+20,5.3236E+21,1.09042E+16,4.80499E+16
66179,66180,9,1,78,145,2016,3,13,5,3,1,6,0,0,0,1,0,0,0,0,6.98301E+20,5.35673E+21,1.16757E+16,4.83326E+16
66180,66181,9,1,90,144,2016,3,12,1,3,3,2,0,0,1,0,0,1,0,0,6.57644E+20,5.30953E+21,1.11101E+16,4.79197E+16
66181,66182,9,6,77,129,2016,3,16,7,3,5,2,0,0,0,1,0,1,0,0,5.30907E+20,5.54711E+21,9.43194E+15,5.00754E+16
66182,66183,9,2,79,132,2016,3,13,4,3,0,2,0,0,0,1,0,0,0,1,7.63242E+20,5.39943E+21,1.25773E+16,4.86923E+16
66183,66184,9,7,78,199,2016,3,19,2,3,2,6,0,0,0,1,0,0,0,0,6.0743E+20,5.32094E+21,1.04411E+16,4.80328E+16
66184,66185,9,1,79,123,2016,3,10,2,3,5,2,0,0,0,1,0,0,0,0,6.76847E+20,5.33335E+21,1.13767E+16,4.81288E+16
66185,66186,9,4,74,126,2016,3,16,7,3,5,3,0,0,0,1,0,1,0,0,6.49063E+20,5.51045E+21,1.10684E+16,4.9728E+16
66186,66187,9,1,77,118,2016,3,15,7,3,0,1,0,0,0,0,0,1,0,0,7.07967E+20,5.34429E+21,1.17999E+16,4.82178E+16
66187,66188,9,4,72,198,2016,3,15,6,3,9,1,0,1,0,1,0,0,0,0,7.00314E+20,5.54459E+21,1.17964E+16,5.00199E+16
66188,66189,9,6,73,147,2016,3,15,2,2,4,6,0,1,0,1,0,0,0,0,5.85164E+20,5.59175E+21,1.02001E+16,5.04715E+16
66189,66190,9,6,76,134,2016,3,10,4,3,0,1,0,0,1,0,0,0,0,0,5.13251E+20,5.51292E+21,9.18402E+15,4.97686E+16
66190,66191,9,1,76,164,2016,3,11,6,3,5,3,0,1,0,1,0,0,0,0,6.59699E+20,5.42733E+21,1.11825E+16,4.89782E+16
66191,66192,9,7,73,182,2016,3,19,5,2,9,7,2,0,0,1,0,0,0,0,6.22556E+20,5.37983E+21,1.0661E+16,4.85596E+16
66192,66193,9,3,75,119,2016,3,6,5,3,5,2,0,0,0,1,0,0,0,0,7.37991E+20,5.44572E+21,1.22618E+16,4.91182E+16
66193,66194,9,7,80,128,2016,3,9,4,3,2,3,0,0,0,1,0,0,0,0,6.09933E+20,5.27885E+21,1.0464E+16,4.76537E+16
66194,66195,9,6,71,130,2016,3,17,3,2,2,6,0,0,0,0,0,0,1,0,5.14816E+20,5.53874E+21,9.20673E+15,5.00008E+16
66195,66196,9,1,62,0,2016,3,16,3,3,1,6,0,0,0,1,0,0,0,1,6.85569E+20,5.3429E+21,1.1498E+16,4.82121E+16
66196,66197,9,6,71,135,2016,3,6,4,2,9,1,0,1,0,1,0,0,0,0,5.20937E+20,5.55211E+21,9.29288E+15,5.01208E+16
66197,66198,9,2,73,116,2016,3,13,6,3,5,3,0,1,0,1,0,1,0,0,7.23182E+20,5.42528E+21,1.20479E+16,4.89402E+16
66198,66199,9,7,77,176,2016,3,7,5,2,4,2,0,0,0,1,0,0,0,0,6.01882E+20,5.2988E+21,1.03615E+16,4.78345E+16
66199,66200,9,3,73,167,2016,3,0,5,3,2,6,2,0,0,0,0,0,1,1,6.9299E+20,5.45449E+21,1.165E+16,4.92128E+16
66200,66201,9,1,74,141,2016,3,14,5,3,4,6,0,0,0,1,0,0,0,0,6.83633E+20,5.35566E+21,1.14775E+16,4.83274E+16
66201,66202,9,1,78,113,2016,3,7,5,3,5,3,0,0,1,1,0,0,0,0,6.9187E+20,5.36736E+21,1.15939E+16,4.84301E+16
66202,66203,9,6,76,133,2016,3,21,3,3,1,6,2,1,0,1,0,0,0,0,5.11974E+20,5.5244E+21,9.16663E+15,4.98719E+16
66203,66204,9,1,61,0,2016,3,3,1,3,0,7,2,0,0,1,0,0,0,0,6.80684E+20,5.40644E+21,1.14598E+16,4.87847E+16
66204,66205,9,2,73,141,2016,3,2,4,3,9,7,2,0,0,1,0,0,0,0,7.22426E+20,5.41406E+21,1.20315E+16,4.88396E+16
66205,66206,9,2,75,148,2016,3,17,3,3,2,1,0,0,0,1,0,0,0,0,8.47953E+20,5.40334E+21,1.37282E+16,4.8686E+16
66206,66207,9,2,73,141,2016,3,7,4,3,8,1,0,0,0,1,0,0,0,0,7.22219E+20,5.41433E+21,1.20288E+16,4.88421E+16
66207,66208,9,7,80,137,2016,3,16,2,3,2,6,0,0,0,0,0,1,0,0,5.96917E+20,5.27267E+21,1.02893E+16,4.76002E+16
66208,66209,9,1,62,0,2016,3,22,1,3,1,6,2,1,0,1,0,0,0,0,6.79056E+20,5.33471E+21,1.1407E+16,4.81404E+16
66209,66210,9,2,75,130,2016,3,16,7,3,5,3,0,0,0,1,0,0,0,0,8.16511E+20,5.36411E+21,1.32725E+16,4.83507E+16
66210,66211,9,7,71,130,2016,3,7,6,3,5,3,0,0,0,1,0,0,0,0,6.45049E+20,5.3585E+21,1.09583E+16,4.8363E+16
66211,66212,9,5,76,148,2016,3,14,2,3,2,6,0,1,0,1,0,0,0,0,6.6579E+20,5.44428E+21,1.12726E+16,4.9129E+16
66212,66213,9,5,74,164,2016,3,11,4,3,4,2,0,0,0,1,0,0,0,0,6.69995E+20,5.47556E+21,1.13435E+16,4.9409E+16
66213,66214,9,1,84,149,2016,3,16,5,3,4,2,0,0,0,1,0,0,0,0,6.91164E+20,5.35253E+21,1.15776E+16,4.82971E+16
66214,66215,9,6,77,157,2016,3,21,5,3,2,6,2,0,0,1,0,0,0,0,5.38965E+20,5.51913E+21,9.54172E+15,4.98234E+16
66215,66216,9,6,79,206,2016,3,15,4,3,9,1,0,1,0,1,0,0,0,0,5.73464E+20,5.5057E+21,1.00187E+16,4.96993E+16
66216,66217,9,2,75,117,2016,3,19,5,2,8,1,1,0,0,0,0,1,0,0,8.05412E+20,5.38659E+21,1.31395E+16,4.85579E+16
66217,66218,9,6,79,200,2016,3,10,4,3,4,6,0,0,0,1,0,0,0,0,5.57535E+20,5.52184E+21,9.80027E+15,4.98462E+16
66218,66219,9,1,73,130,2016,3,13,4,3,5,6,0,0,0,1,0,0,0,0,6.79412E+20,5.31072E+21,1.14017E+16,4.79247E+16
66219,66220,9,2,78,189,2016,3,16,2,3,8,1,0,0,0,0,0,1,0,0,7.68219E+20,5.44195E+21,1.26727E+16,4.90719E+16
66220,66221,9,1,71,137,2016,3,22,3,3,0,1,2,1,0,0,0,1,0,0,7.70113E+20,5.35194E+21,1.26398E+16,4.8263E+16
66221,66222,9,1,84,132,2016,3,14,4,3,3,7,0,1,0,1,0,0,0,0,6.83146E+20,5.32515E+21,1.14578E+16,4.80533E+16
66222,66223,9,4,61,0,2016,3,13,2,3,2,6,0,0,0,1,0,0,0,0,6.37385E+20,5.53064E+21,1.09136E+16,4.99124E+16
66223,66224,9,1,80,124,2016,3,18,3,3,5,3,0,0,0,1,0,0,0,0,6.65365E+20,5.28345E+21,1.12034E+16,4.76833E+16
66224,66225,9,6,74,163,2016,3,5,1,2,2,6,2,1,0,1,0,0,0,0,6.07338E+20,5.54031E+21,1.04979E+16,5.00055E+16
66225,66226,9,6,71,140,2016,3,18,5,3,3,6,1,0,0,1,0,0,1,0,5.06092E+20,5.53769E+21,9.08499E+15,4.99915E+16
66226,66227,9,5,76,127,2016,3,17,2,3,2,6,0,0,0,1,0,0,0,0,6.59322E+20,5.4506E+21,1.11865E+16,4.91875E+16
66227,66228,9,1,78,120,2016,3,23,1,3,5,3,2,1,0,1,0,0,0,0,6.94414E+20,5.35317E+21,1.16217E+16,4.83018E+16
66228,66229,9,1,90,140,2016,3,15,4,3,9,1,0,0,0,1,0,0,0,0,6.45061E+20,5.29905E+21,1.09382E+16,4.78284E+16
66229,66230,9,1,90,145,2016,3,10,2,3,8,1,0,0,0,0,0,1,0,0,6.48106E+20,5.28608E+21,1.09745E+16,4.77111E+16
66230,66231,9,6,77,157,2016,3,11,6,3,2,6,0,1,0,1,0,0,0,0,5.40144E+20,5.51855E+21,9.55804E+15,4.9818E+16
66231,66232,9,1,87,134,2016,3,18,3,3,5,3,0,0,0,1,0,1,0,0,7.37169E+20,5.31985E+21,1.21788E+16,4.79879E+16
66232,66233,9,5,71,145,2016,3,16,5,2,8,1,0,0,0,0,0,1,0,0,5.96262E+20,5.44721E+21,1.03206E+16,4.91701E+16
66233,66234,9,1,76,114,2016,3,15,5,3,5,3,0,0,0,1,0,0,0,0,6.8054E+20,5.43441E+21,1.14702E+16,4.90361E+16
66234,66235,9,2,77,116,2016,3,17,1,2,4,6,0,0,0,1,0,0,0,0,7.76898E+20,5.37139E+21,1.27439E+16,4.84347E+16
66235,66236,9,5,63,0,2016,3,6,5,3,5,3,0,0,0,1,0,0,0,0,6.40779E+20,5.48868E+21,1.09457E+16,4.95344E+16
66236,66237,9,4,73,166,2016,3,18,2,3,3,6,0,0,0,1,0,0,0,0,6.52438E+20,5.56453E+21,1.11366E+16,5.02133E+16
66237,66238,9,1,71,111,2016,3,19,5,3,4,6,2,0,0,1,0,0,0,0,7.69994E+20,5.34801E+21,1.26357E+16,4.82278E+16
66238,66239,9,5,64,0,2016,3,13,1,3,6,1,0,0,1,0,1,0,0,0,6.47488E+20,5.47245E+21,1.10323E+16,4.93869E+16
66239,66240,9,7,77,138,2016,3,14,7,3,8,1,0,0,0,0,0,1,0,0,6.07117E+20,5.29831E+21,1.04313E+16,4.78292E+16
66240,66241,9,1,73,135,2016,3,16,4,2,5,3,0,1,1,1,0,0,0,0,6.9308E+20,5.28421E+21,1.15727E+16,4.76824E+16
66241,66242,9,1,77,115,2016,3,15,3,3,2,2,0,0,0,1,0,0,0,0,7.33566E+20,5.35133E+21,1.21479E+16,4.8272E+16
66242,66243,9,1,87,118,2016,3,15,2,3,0,6,0,0,0,1,0,0,0,0,7.50458E+20,5.30066E+21,1.23455E+16,4.78105E+16
66243,66244,9,5,62,0,2016,3,9,7,3,0,7,0,0,1,0,0,0,0,0,6.42733E+20,5.4946E+21,1.09748E+16,4.95872E+16
66244,66245,9,1,87,157,2016,3,12,7,3,2,6,0,0,0,1,0,0,0,0,7.39153E+20,5.28199E+21,1.21845E+16,4.76471E+16
66245,66246,9,6,74,130,2016,3,0,6,3,5,3,2,0,0,1,0,0,0,0,6.28266E+20,5.55117E+21,1.07935E+16,5.00989E+16
66246,66247,9,1,88,139,2016,3,5,3,3,8,1,2,0,0,1,0,0,0,0,6.74158E+20,5.3175E+21,1.13342E+16,4.79871E+16
66247,66248,9,5,64,0,2016,3,11,4,3,0,6,0,0,0,1,0,0,0,0,6.47445E+20,5.47981E+21,1.10344E+16,4.94531E+16
66248,66249,9,2,71,149,2016,3,7,6,3,8,1,0,0,0,1,0,0,0,0,8.07591E+20,5.40988E+21,1.31863E+16,4.87658E+16
66249,66250,9,7,78,111,2016,3,10,5,2,5,3,0,0,1,1,0,0,0,0,6.24591E+20,5.3247E+21,1.06723E+16,4.80634E+16
66250,66251,9,4,64,0,2016,3,13,5,3,2,6,0,0,0,1,0,0,0,0,7.07387E+20,5.57846E+21,1.19135E+16,5.03217E+16
66251,66252,9,4,71,207,2016,3,11,5,3,3,6,0,0,0,1,0,0,1,0,6.27676E+20,5.53262E+21,1.07791E+16,4.99323E+16
66252,66253,9,1,79,126,2016,3,12,5,3,4,2,0,0,0,1,0,1,0,0,6.76326E+20,5.34042E+21,1.13727E+16,4.81925E+16
66253,66254,9,1,75,139,2016,3,17,5,3,2,3,1,0,0,1,0,0,0,0,7.10111E+20,5.3307E+21,1.1822E+16,4.80949E+16
66254,66255,9,5,62,0,2016,3,9,3,3,6,2,0,0,0,1,1,0,0,0,6.43553E+20,5.49304E+21,1.09856E+16,4.95729E+16
66255,66256,9,1,72,134,2016,3,20,1,2,2,1,2,0,0,1,0,0,0,0,7.80605E+20,5.30402E+21,1.27495E+16,4.78282E+16
66256,66257,9,1,89,154,2016,3,7,4,3,1,6,0,0,0,1,0,0,0,1,7.68763E+20,5.3149E+21,1.25984E+16,4.7931E+16
66257,66258,9,3,71,144,2016,3,17,3,3,2,6,0,0,0,1,0,0,0,0,7.05136E+20,5.48619E+21,1.18329E+16,4.94936E+16
66258,66259,9,1,83,129,2016,3,16,4,2,2,2,0,0,0,1,0,0,0,0,7.60329E+20,5.36256E+21,1.25148E+16,4.83624E+16
66259,66260,9,7,61,0,2016,3,9,7,3,5,2,0,1,0,1,0,0,0,0,6.41899E+20,5.35764E+21,1.09155E+16,4.83559E+16
66260,66261,9,1,83,128,2016,3,16,4,3,2,6,0,0,0,1,0,0,0,0,7.61293E+20,5.34912E+21,1.25195E+16,4.82414E+16
66261,66262,9,1,84,123,2016,3,11,2,2,8,7,0,0,0,1,0,0,0,0,7.03807E+20,5.33444E+21,1.17392E+16,4.81306E+16
66262,66263,9,1,86,144,2016,3,14,2,2,2,1,0,0,0,1,0,0,0,0,6.83305E+20,5.38563E+21,1.14862E+16,4.85969E+16
66263,66264,9,5,71,137,2016,3,0,7,2,8,1,2,0,0,1,0,0,0,0,5.92903E+20,5.45744E+21,1.02769E+16,4.92627E+16
66264,66265,9,1,86,158,2016,3,10,7,3,2,6,0,0,0,1,0,0,0,0,6.93026E+20,5.40516E+21,1.16271E+16,4.87695E+16
66265,66266,9,5,63,0,2016,3,21,6,2,6,4,2,1,0,1,1,0,0,0,6.44142E+20,5.47993E+21,1.09889E+16,4.94549E+16
66266,66267,9,6,77,186,2016,3,16,2,3,9,1,0,0,0,1,0,0,0,0,5.47795E+20,5.53163E+21,9.666E+15,4.99352E+16
66267,66268,9,1,78,116,2016,3,20,3,3,0,1,2,0,0,1,0,0,0,0,7.01377E+20,5.38106E+21,1.17289E+16,4.85503E+16
66268,66269,9,5,64,0,2016,3,20,4,3,2,6,2,1,0,1,0,0,0,1,6.51235E+20,5.47728E+21,1.10857E+16,4.94293E+16
66269,66270,9,1,87,165,2016,3,14,6,3,5,3,0,0,1,1,0,0,0,0,7.32716E+20,5.29694E+21,1.21069E+16,4.77837E+16
66270,66271,9,7,79,181,2016,3,16,5,3,3,3,0,0,0,1,0,0,0,0,6.34783E+20,5.39128E+21,1.08304E+16,4.866E+16
66271,66272,9,3,75,180,2016,3,19,5,3,2,6,2,0,0,1,0,0,0,0,7.24108E+20,5.42981E+21,1.2063E+16,4.89805E+16
66272,66273,9,1,62,0,2016,3,22,4,3,5,3,2,0,0,1,0,1,0,0,6.86185E+20,5.33522E+21,1.15029E+16,4.8143E+16
66273,66274,9,5,72,158,2016,3,20,3,3,5,2,2,0,1,1,0,0,0,0,6.49427E+20,5.4958E+21,1.10678E+16,4.95963E+16
66274,66275,9,1,74,113,2016,3,22,1,3,9,1,2,1,0,1,0,0,0,0,6.73729E+20,5.34541E+21,1.13398E+16,4.82381E+16
66275,66276,9,1,89,135,2016,3,9,4,3,2,6,0,0,0,1,0,0,0,1,7.85907E+20,5.3123E+21,1.28257E+16,4.79003E+16
66276,66277,9,4,78,120,2016,3,15,2,3,8,7,0,1,0,1,0,1,0,0,6.36625E+20,5.55032E+21,1.091E+16,5.00894E+16
66277,66278,9,2,77,133,2016,3,18,3,2,2,6,0,0,0,0,0,1,0,0,7.68114E+20,5.36746E+21,1.26228E+16,4.84032E+16
66278,66279,9,7,73,125,2016,3,6,1,3,8,1,2,0,0,1,0,0,0,0,6.09847E+20,5.3815E+21,1.04893E+16,4.85769E+16
66279,66280,9,5,76,122,2016,3,17,2,3,2,6,0,0,0,1,0,0,0,0,6.66735E+20,5.44118E+21,1.12843E+16,4.91009E+16
66280,66281,9,1,62,0,2016,3,6,5,3,3,2,0,0,0,1,0,0,0,0,6.91257E+20,5.33194E+21,1.15696E+16,4.81119E+16
66281,66282,9,7,75,135,2016,3,16,2,3,0,7,0,0,1,0,0,0,0,0,5.73201E+20,5.35801E+21,9.98842E+15,4.8371E+16
66282,66283,9,1,78,113,2016,3,11,2,3,2,6,0,0,0,1,0,0,0,0,6.91604E+20,5.36598E+21,1.15897E+16,4.84178E+16
66283,66284,9,4,71,185,2016,3,19,7,3,2,6,2,0,1,1,0,0,0,0,6.47057E+20,5.53952E+21,1.10516E+16,4.99899E+16
66284,66285,9,1,84,147,2016,3,17,6,3,2,6,0,1,0,1,0,0,0,0,6.95784E+20,5.34033E+21,1.16342E+16,4.8186E+16
66285,66286,9,3,75,162,2016,3,17,6,3,3,6,0,1,0,1,0,0,0,0,7.13152E+20,5.43873E+21,1.19181E+16,4.90645E+16
66286,66287,9,5,62,0,2016,3,21,2,3,2,6,2,1,0,1,0,0,0,0,6.44001E+20,5.49157E+21,1.09912E+16,4.95596E+16
66287,66288,9,5,71,198,2016,3,12,4,3,8,1,0,0,0,1,0,0,0,0,5.93087E+20,5.46169E+21,1.02804E+16,4.93008E+16
66288,66289,9,1,81,145,2016,3,20,6,2,9,1,2,1,0,1,0,0,0,0,6.47559E+20,5.33011E+21,1.09823E+16,4.81071E+16
66289,66290,9,6,79,205,2016,3,18,5,3,3,3,1,0,0,1,0,0,0,0,5.61001E+20,5.51581E+21,9.84752E+15,4.97916E+16
66290,66291,9,3,61,0,2016,3,18,5,3,3,1,2,0,1,1,0,0,0,0,7.08171E+20,5.4806E+21,1.18718E+16,4.94424E+16
66291,66292,9,7,72,207,2016,3,9,4,3,4,6,0,0,0,1,0,0,0,0,6.39468E+20,5.38082E+21,1.08904E+16,4.85649E+16
66292,66293,9,1,72,129,2016,3,16,4,3,4,1,0,2,0,1,0,0,0,0,7.92738E+20,5.28127E+21,1.2896E+16,4.76186E+16
66293,66294,9,3,75,196,2016,3,20,2,2,5,3,2,0,0,1,0,0,0,0,7.28463E+20,5.41431E+21,1.21137E+16,4.88397E+16
66294,66295,9,1,72,122,2016,3,6,3,3,0,7,0,0,0,1,0,0,0,0,7.88561E+20,5.31231E+21,1.28611E+16,4.78991E+16
66295,66296,9,6,76,134,2016,3,17,5,3,2,6,0,0,0,1,0,0,0,0,5.1326E+20,5.51357E+21,9.18417E+15,4.97745E+16
66296,66297,9,5,71,114,2016,3,14,2,3,9,7,0,0,0,1,0,0,0,0,6.04817E+20,5.45659E+21,1.04404E+16,4.92531E+16
66297,66298,9,2,73,137,2016,3,16,5,3,4,2,0,0,0,1,0,0,0,0,7.11941E+20,5.4226E+21,1.18932E+16,4.89201E+16
66298,66299,9,7,78,123,2016,3,13,7,3,2,6,0,0,0,1,0,0,0,0,5.83569E+20,5.314E+21,1.01197E+16,4.79738E+16
66299,66300,9,1,82,133,2016,3,10,4,3,2,6,0,0,0,1,0,0,0,0,7.0393E+20,5.30798E+21,1.17283E+16,4.78927E+16
66300,66301,9,2,75,128,2016,3,16,5,3,2,2,0,0,0,1,0,0,0,0,8.29747E+20,5.39832E+21,1.34776E+16,4.86508E+16
66301,66302,9,1,88,141,2016,3,14,1,3,2,6,0,0,0,1,0,0,0,0,6.7074E+20,5.30945E+21,1.12852E+16,4.79157E+16
66302,66303,9,1,82,116,2016,3,9,4,3,9,1,0,0,1,0,0,0,0,0,7.05231E+20,5.29129E+21,1.17377E+16,4.77423E+16
66303,66304,9,2,62,0,2016,3,14,2,3,5,2,0,0,0,1,0,1,0,0,8.24628E+20,5.39076E+21,1.34024E+16,4.85856E+16
66304,66305,9,1,84,114,2016,3,10,3,3,2,6,0,1,0,1,0,0,0,1,7.00641E+20,5.31589E+21,1.1688E+16,4.79649E+16
66305,66306,9,5,71,193,2016,3,14,5,3,7,7,0,0,1,0,0,0,1,0,5.83991E+20,5.47274E+21,1.01577E+16,4.94016E+16
66306,66307,9,1,71,117,2016,3,15,5,3,4,6,0,0,0,0,0,0,1,0,7.68286E+20,5.33893E+21,1.26071E+16,4.8147E+16
66307,66308,9,3,74,119,2016,3,4,1,3,8,1,2,0,0,1,0,0,0,0,7.24031E+20,5.50251E+21,1.21027E+16,4.96335E+16
66308,66309,9,7,72,200,2016,3,10,7,2,4,2,0,0,0,1,0,0,0,0,6.31009E+20,5.33968E+21,1.0763E+16,4.81968E+16
66309,66310,9,1,85,149,2016,3,10,4,3,2,6,0,0,0,1,0,0,0,0,6.65434E+20,5.39826E+21,1.12491E+16,4.87154E+16
66310,66311,9,1,62,0,2016,3,1,2,3,2,6,2,1,0,1,0,0,0,1,6.88697E+20,5.33701E+21,1.15375E+16,4.81583E+16
66311,66312,9,1,82,137,2016,3,14,2,3,5,3,0,0,0,1,0,1,0,0,7.12073E+20,5.30041E+21,1.18334E+16,4.78221E+16
66312,66313,9,5,76,132,2016,3,16,7,2,5,3,0,0,0,1,0,1,0,0,6.54281E+20,5.46514E+21,1.1123E+16,4.93195E+16