FID,OBJECTID,ULAND,UREGBEZ,UKREIS,UGEMEINDE,UJAHR,UMONAT,USTUNDE,UWOCHENTAG,UKATEGORIE,UART,UTYP1,ULICHTVERH,IstStrasse,IstRad,IstPKW,IstFuss,IstKrad,IstGkfz,IstSonstig,LINREFX,LINREFY,XGCSWGS84,YGCSWGS84
66493,66494,9,6,78,136,2016,4,17,6,2,5,3,0,0,0,1,0,0,0,0,5.8703E+20,5.5403E+21,1.02146E+16,5.00086E+16
66494,66495,9,6,76,160,2016,4,1,7,3,9,1,2,0,0,1,0,0,0,0,5.13252E+20,5.52906E+21,9.18457E+15,4.99138E+16
66495,66496,9,2,73,111,2016,4,14,7,3,7,7,0,0,0,0,0,1,0,0,7.07434E+20,5.41501E+21,1.18279E+16,4.88534E+16
66496,66497,9,6,79,179,2016,4,18,6,2,9,1,0,0,0,1,0,0,0,0,5.70021E+20,5.49127E+21,9.96843E+15,4.95699E+16
66497,66498,9,5,71,178,2016,4,14,7,2,8,1,0,0,0,0,0,1,0,0,6.30487E+20,5.45178E+21,1.07914E+16,4.92049E+16
66498,66499,9,6,78,124,2016,4,22,7,3,0,7,2,0,1,0,0,0,0,0,6.00903E+20,5.5332E+21,1.04063E+16,4.99426E+16
66499,66500,9,7,61,0,2016,3,14,5,3,3,6,0,0,0,1,0,0,0,0,6.37492E+20,5.35987E+21,1.08568E+16,4.8377E+16
66500,66501,9,5,73,130,2016,4,6,6,2,4,6,2,0,0,1,0,0,0,0,6.3613E+20,5.48519E+21,1.08803E+16,4.95041E+16
66501,66502,9,5,64,0,2016,3,15,5,3,2,6,0,0,0,1,0,0,0,0,6.47847E+20,5.47665E+21,1.10388E+16,4.94245E+16
66502,66503,9,3,71,127,2016,3,20,5,2,5,3,1,0,0,1,0,1,0,0,7.12347E+20,5.49168E+21,1.19353E+16,4.95405E+16
66503,66504,9,3,75,162,2016,4,20,7,3,0,3,2,0,0,1,0,1,0,0,7.08952E+20,5.43974E+21,1.18612E+16,4.9075E+16
66504,66505,9,7,75,135,2016,3,16,3,3,4,6,0,0,0,1,0,0,1,0,5.81061E+20,5.35489E+21,1.00939E+16,4.8342E+16
66505,66506,9,1,84,148,2016,3,19,5,3,2,6,0,0,0,1,0,0,0,0,6.93411E+20,5.32848E+21,1.15969E+16,4.80802E+16
66506,66507,9,1,75,122,2016,3,16,5,3,2,6,0,0,0,1,0,0,0,0,7.21172E+20,5.32571E+21,1.19677E+16,4.80463E+16
66507,66508,9,5,73,123,2016,3,9,4,3,5,6,0,1,0,1,0,0,0,0,6.38973E+20,5.48802E+21,1.09205E+16,4.95289E+16
66508,66509,9,1,75,114,2016,3,10,4,3,4,2,0,0,0,1,0,0,1,0,7.17682E+20,5.32344E+21,1.19198E+16,4.80271E+16
66509,66510,9,1,77,117,2016,4,19,1,3,4,2,0,0,0,1,0,1,0,0,7.16502E+20,5.3542E+21,1.19197E+16,4.83039E+16
66510,66511,9,1,89,135,2016,4,13,7,3,5,3,0,0,0,1,0,1,0,0,7.85907E+20,5.3123E+21,1.28257E+16,4.79003E+16
66511,66512,9,5,63,0,2016,4,7,6,2,4,7,0,0,1,0,0,0,0,0,6.44144E+20,5.47992E+21,1.0989E+16,4.94548E+16
66512,66513,9,7,76,116,2016,3,15,4,3,4,2,0,0,0,1,0,0,0,0,5.52961E+20,5.26753E+21,9.704E+15,4.7559E+16
66513,66514,9,4,78,155,2016,4,14,6,3,4,2,0,0,0,1,0,0,0,0,6.58121E+20,5.55987E+21,1.12142E+16,5.01699E+16
66514,66515,9,2,78,151,2016,4,17,7,3,8,7,0,0,0,1,0,0,0,0,7.6757E+20,5.42988E+21,1.26559E+16,4.89639E+16
66515,66516,9,3,75,117,2016,3,20,4,3,9,6,2,0,0,1,0,0,0,0,7.43564E+20,5.43243E+21,1.233E+16,4.89967E+16
66516,66517,9,5,64,0,2016,3,6,3,3,2,6,2,1,0,1,0,0,0,0,6.47852E+20,5.47997E+21,1.10401E+16,4.94544E+16
66517,66518,9,4,79,145,2016,4,6,6,3,9,1,1,1,0,1,0,0,0,0,7.17164E+20,5.55138E+21,1.20351E+16,5.0075E+16
66518,66519,9,3,76,153,2016,4,8,7,3,4,7,0,0,0,1,0,0,0,0,7.31837E+20,5.4876E+21,1.22019E+16,4.94967E+16
66519,66520,9,1,82,120,2016,3,7,5,2,4,6,0,0,0,1,0,0,0,0,7.02891E+20,5.3081E+21,1.17144E+16,4.78942E+16
66520,66521,9,1,84,119,2016,3,18,3,3,5,6,0,0,0,1,0,0,0,0,6.95586E+20,5.34722E+21,1.16347E+16,4.8248E+16
66521,66522,9,4,62,0,2016,3,13,4,3,5,2,0,1,1,1,0,0,0,0,6.85369E+20,5.53563E+21,1.15837E+16,4.99442E+16
66522,66523,9,3,74,164,2016,4,4,6,3,2,6,2,0,0,1,0,0,0,1,7.51499E+20,5.50389E+21,1.24833E+16,4.96351E+16
66523,66524,9,7,75,152,2016,4,14,7,3,5,2,0,0,0,1,0,0,0,0,5.78376E+20,5.35159E+21,1.00571E+16,4.83126E+16
66524,66525,9,1,87,117,2016,4,12,7,3,5,3,0,0,1,1,0,0,0,0,7.25442E+20,5.30663E+21,1.2015E+16,4.78734E+16
66525,66526,9,7,72,177,2016,3,16,4,3,1,5,0,1,0,0,0,0,1,0,6.35682E+20,5.37579E+21,1.08375E+16,4.85205E+16
66526,66527,9,4,74,121,2016,4,19,6,3,0,6,0,0,0,1,0,0,0,0,6.56411E+20,5.51557E+21,1.11723E+16,4.97722E+16
66527,66528,9,2,76,138,2016,3,13,4,2,5,3,0,1,0,1,0,0,0,0,8.07263E+20,5.43492E+21,1.32006E+16,4.89906E+16
66528,66529,9,5,77,148,2016,3,17,3,3,4,2,0,0,0,1,0,0,0,0,6.41393E+20,5.41787E+21,1.09292E+16,4.88976E+16
66529,66530,9,2,75,122,2016,4,14,7,3,4,6,0,0,0,1,0,0,0,0,8.16373E+20,5.3822E+21,1.32843E+16,4.85131E+16
66530,66531,9,1,89,141,2016,4,13,6,3,4,1,0,0,0,1,0,0,0,0,7.54745E+20,5.28799E+21,1.23952E+16,4.7695E+16
66531,66532,9,5,72,133,2016,4,10,7,3,2,6,0,0,0,1,0,0,0,0,6.37116E+20,5.50169E+21,1.08996E+16,4.96521E+16
66532,66533,9,6,75,141,2016,4,15,7,2,4,6,0,0,0,1,0,0,0,0,5.81689E+20,5.51078E+21,1.01338E+16,4.97439E+16
66533,66534,9,7,75,135,2016,3,13,5,2,3,6,0,0,0,1,0,0,1,0,5.73145E+20,5.35998E+21,9.988E+15,4.83888E+16
66534,66535,9,6,78,176,2016,3,18,5,3,8,7,0,0,0,0,0,1,0,0,5.88255E+20,5.5409E+21,1.02318E+16,5.00138E+16
66535,66536,9,4,74,126,2016,3,14,5,2,1,6,0,0,0,1,0,0,0,0,6.48075E+20,5.50863E+21,1.1054E+16,4.9712E+16
66536,66537,9,4,72,175,2016,4,12,7,3,2,6,0,0,0,1,0,0,0,0,6.82942E+20,5.51392E+21,1.15396E+16,4.97499E+16
66537,66538,9,3,71,118,2016,4,20,6,3,5,3,2,0,0,1,0,0,0,0,7.2137E+20,5.47218E+21,1.20489E+16,4.93621E+16
66538,66539,9,7,72,151,2016,4,15,7,2,8,1,0,0,0,0,0,1,0,0,6.22581E+20,5.34282E+21,1.06505E+16,4.82268E+16
66539,66540,9,1,62,0,2016,3,7,5,3,5,2,0,0,1,1,0,0,0,0,6.9611E+20,5.3338E+21,1.16356E+16,4.81272E+16
66540,66541,9,7,61,0,2016,3,10,5,3,3,6,0,0,0,1,0,0,1,0,6.41369E+20,5.35748E+21,1.09083E+16,4.83546E+16
66541,66542,9,4,64,0,2016,3,13,5,3,4,2,0,1,0,1,0,0,0,0,7.07293E+20,5.57706E+21,1.19114E+16,5.03092E+16
66542,66543,9,1,78,120,2016,4,22,7,3,5,3,2,0,0,1,0,0,0,0,6.95173E+20,5.35307E+21,1.16319E+16,4.83007E+16
66543,66544,9,1,61,0,2016,3,16,5,3,2,1,0,0,0,1,0,0,0,0,6.77257E+20,5.40445E+21,1.14123E+16,4.87678E+16
66544,66545,9,6,63,0,2016,3,16,4,3,5,7,0,1,0,1,0,0,0,0,5.66848E+20,5.5114E+21,9.92798E+15,4.97513E+16
66545,66546,9,1,73,112,2016,3,18,4,3,5,2,0,0,0,1,0,0,0,0,6.92203E+20,5.29172E+21,1.15643E+16,4.77501E+16
66546,66547,9,1,82,116,2016,3,6,4,3,8,3,0,1,0,1,0,0,0,0,7.06259E+20,5.29179E+21,1.17517E+16,4.77465E+16
66547,66548,9,5,77,158,2016,3,19,3,3,8,1,1,0,0,1,0,0,0,0,6.42644E+20,5.42292E+21,1.0948E+16,4.89427E+16
66548,66549,9,2,61,0,2016,4,21,7,3,0,1,2,0,1,0,0,0,0,0,7.34423E+20,5.38171E+21,1.21764E+16,4.85446E+16
66549,66550,9,1,78,143,2016,4,7,6,3,2,6,1,0,0,1,0,0,1,0,7.18331E+20,5.37227E+21,1.19537E+16,4.84657E+16
66550,66551,9,6,63,0,2016,4,10,6,3,4,2,0,0,0,1,0,1,0,0,5.65227E+20,5.51614E+21,9.90628E+15,4.97941E+16
66551,66552,9,5,64,0,2016,4,14,7,3,5,3,0,0,0,1,0,0,0,0,6.55414E+20,5.4812E+21,1.11449E+16,4.94636E+16
66552,66553,9,6,77,203,2016,4,17,7,2,2,6,0,0,0,1,0,1,0,0,5.59919E+20,5.52569E+21,9.83402E+15,4.98806E+16
66553,66554,9,7,62,0,2016,3,17,5,3,5,3,0,0,0,1,0,0,0,0,6.22225E+20,5.30462E+21,1.06348E+16,4.78833E+16
66554,66555,9,5,74,112,2016,3,15,5,3,5,3,0,0,1,1,0,0,0,0,6.72044E+20,5.47256E+21,1.13704E+16,4.93815E+16
66555,66556,9,3,75,205,2016,3,15,5,3,9,1,0,0,0,1,0,0,0,0,7.32938E+20,5.42081E+21,1.21783E+16,4.88964E+16
66556,66557,9,4,71,185,2016,4,14,7,2,4,7,0,0,0,1,0,0,0,0,6.43562E+20,5.53604E+21,1.10016E+16,4.99594E+16
66557,66558,9,7,80,133,2016,3,14,3,3,6,7,0,0,1,0,1,0,0,0,5.95574E+20,5.25321E+21,1.02672E+16,4.74254E+16
66558,66559,9,1,89,154,2016,3,14,5,3,5,3,0,0,1,0,0,0,0,1,7.68966E+20,5.31685E+21,1.26023E+16,4.79484E+16
66559,66560,9,1,62,0,2016,3,16,5,3,2,6,0,0,0,1,0,0,0,0,6.94637E+20,5.34201E+21,1.16195E+16,4.82015E+16
66560,66561,9,5,64,0,2016,3,3,4,3,2,6,2,0,0,1,0,0,0,0,6.49624E+20,5.47698E+21,1.10634E+16,4.9427E+16
66561,66562,9,1,79,121,2016,3,7,4,3,5,3,0,1,0,1,0,0,0,0,6.66678E+20,5.33837E+21,1.12422E+16,4.81767E+16
66562,66563,9,3,72,165,2016,3,7,3,3,5,3,0,1,0,1,0,0,0,0,7.62793E+20,5.47785E+21,1.26221E+16,4.93966E+16
66563,66564,9,7,75,152,2016,4,21,6,3,2,6,2,0,0,1,0,0,0,0,5.76927E+20,5.35351E+21,1.00379E+16,4.83301E+16
66564,66565,9,7,76,116,2016,3,8,3,3,5,3,0,0,0,1,0,0,0,0,5.52931E+20,5.26688E+21,9.70352E+15,4.75532E+16
66565,66566,9,2,79,116,2016,3,18,5,3,2,6,0,0,0,1,0,0,0,0,7.59569E+20,5.3946E+21,1.25245E+16,4.86504E+16
66566,66567,9,1,79,121,2016,3,22,5,2,0,7,2,0,0,0,0,1,0,0,6.68012E+20,5.33841E+21,1.12601E+16,4.81767E+16
66567,66568,9,5,76,151,2016,3,14,4,3,2,6,0,1,0,1,0,0,0,0,6.54322E+20,5.47076E+21,1.11257E+16,4.937E+16
66568,66569,9,1,63,0,2016,3,14,4,3,2,6,0,0,0,1,0,0,0,1,7.32909E+20,5.30794E+21,1.21154E+16,4.78825E+16
66569,66570,9,1,76,126,2016,3,15,4,3,9,1,0,1,1,0,0,0,0,0,6.73944E+20,5.4126E+21,1.13707E+16,4.88419E+16
66570,66571,9,3,75,117,2016,3,15,3,3,2,6,0,0,0,1,0,0,0,0,7.33079E+20,5.43237E+21,1.21869E+16,4.90001E+16
66571,66572,9,5,75,128,2016,3,9,3,3,8,1,0,0,0,0,0,0,1,0,6.19186E+20,5.49671E+21,1.06498E+16,4.96112E+16
66572,66573,9,1,90,131,2016,4,9,7,3,2,6,0,0,0,1,0,0,0,0,6.62713E+20,5.29183E+21,1.11712E+16,4.77593E+16
66573,66574,9,6,72,135,2016,4,14,6,3,5,3,0,0,0,1,0,0,0,0,5.85066E+20,5.56647E+21,1.0193E+16,5.02443E+16
66574,66575,9,5,71,171,2016,4,22,7,3,5,3,2,0,0,1,0,0,0,0,6.13745E+20,5.46717E+21,1.0566E+16,4.93467E+16
66575,66576,9,6,73,160,2016,4,16,7,3,0,1,0,0,1,0,0,0,0,0,5.96923E+20,5.57412E+21,1.03612E+16,5.03112E+16
66576,66577,9,7,72,214,2016,3,20,5,3,0,7,2,0,0,0,0,1,0,0,6.18385E+20,5.34301E+21,1.05941E+16,4.82293E+16
66577,66578,9,4,75,161,2016,4,7,6,3,8,1,0,1,0,1,0,0,0,0,7.1558E+20,5.57652E+21,1.20273E+16,5.03013E+16
66578,66579,9,5,77,136,2016,3,9,5,3,2,6,0,0,0,1,0,0,0,0,6.29135E+20,5.44316E+21,1.07701E+16,4.91277E+16
66579,66580,9,3,73,146,2016,4,17,7,3,0,7,0,0,0,0,0,1,0,0,6.78418E+20,5.44926E+21,1.14478E+16,4.91702E+16
66580,66581,9,7,77,163,2016,3,17,3,3,2,6,0,0,0,1,0,0,0,0,6.29963E+20,5.27699E+21,1.073E+16,4.76333E+16
66581,66582,9,1,87,174,2016,3,22,5,2,8,1,2,0,0,1,0,0,0,0,7.40101E+20,5.31124E+21,1.22133E+16,4.79095E+16
66582,66583,9,1,84,134,2016,3,14,4,3,4,2,0,0,0,1,0,0,0,0,6.94271E+20,5.32334E+21,1.16061E+16,4.80338E+16
66583,66584,9,1,84,135,2016,3,10,3,3,4,2,0,0,0,1,0,0,0,0,6.92026E+20,5.34507E+21,1.15858E+16,4.82298E+16
66584,66585,9,5,71,145,2016,3,12,4,3,5,3,0,1,0,1,0,0,0,0,5.96726E+20,5.44665E+21,1.03268E+16,4.9165E+16
66585,66586,9,1,84,134,2016,3,17,3,3,5,3,0,0,0,1,0,0,0,0,6.94284E+20,5.32335E+21,1.16063E+16,4.80338E+16
66586,66587,9,1,84,137,2016,4,15,7,3,5,3,0,0,0,1,0,0,0,0,7.06319E+20,5.31687E+21,1.17644E+16,4.79719E+16
66587,66588,9,1,72,111,2016,4,12,7,2,0,7,0,0,1,0,0,0,0,0,7.96905E+20,5.30318E+21,1.29662E+16,4.78134E+16
66588,66589,9,1,78,113,2016,4,20,1,3,1,6,2,0,0,1,0,0,0,0,6.91506E+20,5.36942E+21,1.15899E+16,4.84488E+16
66589,66590,9,1,89,119,2016,4,18,7,3,5,3,0,0,0,1,0,0,0,0,7.64875E+20,5.30582E+21,1.25409E+16,4.78511E+16
66590,66591,9,5,72,127,2016,4,6,6,3,2,6,2,1,0,1,0,0,0,1,6.36686E+20,5.49935E+21,1.08929E+16,4.96313E+16
66591,66592,9,6,76,116,2016,4,18,7,3,3,6,0,0,0,1,0,1,0,0,5.2042E+20,5.50919E+21,9.28337E+15,4.97349E+16
66592,66593,9,7,78,190,2016,3,11,4,3,8,1,0,0,0,1,0,0,0,0,6.11261E+20,5.33048E+21,1.0495E+16,4.81179E+16
66593,66594,9,4,75,181,2016,4,6,6,2,3,6,0,2,0,1,0,0,1,0,7.04831E+20,5.58539E+21,1.18814E+16,5.03848E+16
66594,66595,9,2,76,113,2016,4,14,7,3,8,6,0,0,0,0,0,1,1,0,7.91883E+20,5.45042E+21,1.30021E+16,4.91372E+16
66595,66596,9,3,75,165,2016,4,18,6,3,5,3,0,0,0,1,0,0,0,0,7.26205E+20,5.437E+21,1.20956E+16,4.90443E+16
66596,66597,9,7,77,112,2016,4,9,7,3,5,7,0,0,1,1,0,0,0,0,6.22846E+20,5.2986E+21,1.06414E+16,4.7829E+16
66597,66598,9,5,71,135,2016,3,13,5,3,9,1,0,0,0,0,0,1,0,0,6.2491E+20,5.47537E+21,1.07223E+16,4.94182E+16
66598,66599,9,1,76,122,2016,4,17,7,3,5,3,0,0,1,1,0,0,0,0,6.64323E+20,5.40607E+21,1.12371E+16,4.87859E+16
66599,66600,9,7,71,130,2016,3,18,4,3,1,6,0,1,0,1,0,0,0,0,6.4694E+20,5.35814E+21,1.09837E+16,4.83593E+16
66600,66601,9,2,78,118,2016,3,14,4,3,9,1,0,1,0,1,0,0,0,0,7.76401E+20,5.42691E+21,1.27743E+16,4.89333E+16
66601,66602,9,5,71,136,2016,3,15,3,3,5,3,0,0,0,1,0,0,0,0,5.98411E+20,5.43546E+21,1.03472E+16,4.90641E+16
66602,66603,9,7,77,163,2016,3,17,4,3,5,3,0,0,0,1,0,0,0,0,6.28457E+20,5.27373E+21,1.0709E+16,4.76042E+16
66603,66604,9,4,77,128,2016,4,17,6,3,2,6,0,0,0,1,0,0,0,0,6.73926E+20,5.55557E+21,1.14334E+16,5.01268E+16
66604,66605,9,2,77,128,2016,4,21,7,3,5,3,2,0,0,1,0,1,0,0,7.95847E+20,5.35149E+21,1.29855E+16,4.82475E+16
66605,66606,9,3,75,117,2016,3,17,4,3,3,6,0,0,0,1,0,1,0,0,7.34731E+20,5.43228E+21,1.22094E+16,4.89988E+16
66606,66607,9,4,75,154,2016,3,17,3,3,5,3,0,0,0,1,0,0,0,0,6.98051E+20,5.56536E+21,1.17756E+16,5.02073E+16
66607,66608,9,1,90,145,2016,4,15,6,2,0,1,0,0,1,0,0,0,0,0,6.45444E+20,5.29076E+21,1.09406E+16,4.77538E+16
66608,66609,9,6,71,124,2016,4,11,7,3,1,3,0,0,1,1,0,0,0,0,5.14703E+20,5.53467E+21,9.205E+15,4.99642E+16
66609,66610,9,7,61,0,2016,4,13,7,3,5,3,0,0,0,1,0,0,0,0,6.42181E+20,5.36241E+21,1.09209E+16,4.83988E+16
66610,66611,9,1,84,135,2016,3,13,5,3,5,3,0,0,1,1,0,0,0,0,6.90597E+20,5.34749E+21,1.15677E+16,4.82519E+16
66611,66612,9,6,77,166,2016,3,8,5,2,4,6,0,1,0,1,0,0,0,0,5.41381E+20,5.52977E+21,9.57644E+15,4.99188E+16
66612,66613,9,4,76,152,2016,3,11,5,3,2,6,0,1,0,1,0,0,1,0,6.66402E+20,5.59232E+21,1.13444E+16,5.04593E+16
66613,66614,9,1,84,135,2016,4,7,6,3,0,1,0,0,0,0,0,1,0,0,6.93148E+20,5.34725E+21,1.16019E+16,4.8249E+16
66614,66615,9,7,61,0,2016,3,22,3,3,0,1,2,1,0,0,0,1,0,0,6.36971E+20,5.36016E+21,1.08498E+16,4.83798E+16
66615,66616,9,2,77,113,2016,3,17,5,3,5,3,0,0,0,1,0,0,0,0,8.02839E+20,5.3725E+21,1.30945E+16,4.84327E+16
66616,66617,9,1,85,118,2016,3,16,5,3,2,6,0,0,0,1,0,0,0,0,6.67081E+20,5.40234E+21,1.12731E+16,4.87516E+16
66617,66618,9,6,75,141,2016,3,16,4,3,2,6,0,1,0,1,0,0,1,0,5.8506E+20,5.51092E+21,1.01807E+16,4.97448E+16
66618,66619,9,6,62,0,2016,3,16,4,3,0,7,0,1,0,0,0,1,0,0,5.87737E+20,5.54679E+21,1.02259E+16,5.00669E+16
66619,66620,9,1,84,146,2016,3,10,4,2,8,1,0,1,0,1,0,0,0,0,6.94891E+20,5.32923E+21,1.16171E+16,4.80865E+16
66620,66621,9,1,82,129,2016,3,10,4,3,5,3,0,0,0,1,0,0,0,0,7.07634E+20,5.28545E+21,1.1767E+16,4.7689E+16
66621,66622,9,3,72,153,2016,3,16,3,3,2,2,0,0,1,1,0,0,0,0,7.56447E+20,5.45531E+21,1.25203E+16,4.91969E+16
66622,66623,9,4,78,155,2016,3,12,3,3,2,6,0,0,0,1,0,0,0,0,6.58212E+20,5.55991E+21,1.12155E+16,5.01702E+16
66623,66624,9,2,79,122,2016,4,17,7,2,2,6,0,0,0,1,0,0,0,0,7.73288E+20,5.39335E+21,1.27096E+16,4.86334E+16
66624,66625,9,6,63,0,2016,4,15,6,3,3,6,0,0,0,1,0,0,1,0,5.68743E+20,5.5168E+21,9.95525E+15,4.97997E+16
66625,66626,9,2,75,128,2016,4,12,7,3,2,6,0,0,0,1,0,0,0,0,8.30392E+20,5.40179E+21,1.34891E+16,4.86816E+16
66626,66627,9,1,84,114,2016,4,13,6,3,3,6,0,0,0,1,0,0,0,1,7.01418E+20,5.314E+21,1.16975E+16,4.79476E+16
66627,66628,9,6,75,146,2016,4,16,6,3,8,1,0,0,0,1,0,0,1,0,5.80049E+20,5.5152E+21,1.0112E+16,4.97839E+16
66628,66629,9,5,72,135,2016,4,12,7,3,4,6,0,0,0,1,0,0,0,1,6.31639E+20,5.51134E+21,1.0827E+16,4.97401E+16
66629,66630,9,6,75,141,2016,4,7,7,3,1,7,1,0,0,1,0,0,0,0,5.82953E+20,5.51002E+21,1.01512E+16,4.9737E+16
66630,66631,9,7,74,191,2016,3,15,5,2,4,6,0,0,0,1,0,1,1,0,5.96708E+20,5.35705E+21,1.03055E+16,4.83592E+16
66631,66632,9,6,71,141,2016,3,5,5,3,9,1,2,1,0,1,0,0,0,0,5.22623E+20,5.53057E+21,9.31519E+15,4.9927E+16
66632,66633,9,4,74,154,2016,3,15,5,3,9,1,0,0,0,1,0,0,0,0,6.55583E+20,5.49828E+21,1.11539E+16,4.9617E+16
66633,66634,9,4,71,145,2016,4,14,7,1,8,1,0,0,0,1,0,0,0,0,6.39643E+20,5.51766E+21,1.09403E+16,4.97951E+16
66634,66635,9,7,79,224,2016,4,18,6,3,5,3,0,0,0,1,0,0,0,0,6.06745E+20,5.41618E+21,1.04562E+16,4.88894E+16
66635,66636,9,7,61,0,2016,3,18,3,3,5,3,2,0,1,1,0,0,0,0,6.41011E+20,5.35232E+21,1.09017E+16,4.83084E+16
66636,66637,9,1,90,126,2016,3,8,5,3,5,3,0,0,0,1,0,0,0,1,6.71731E+20,5.2888E+21,1.12903E+16,4.77298E+16
66637,66638,9,1,74,136,2016,3,5,5,3,8,1,1,1,0,1,0,0,0,0,6.83869E+20,5.36462E+21,1.14846E+16,4.84079E+16
66638,66639,9,5,62,0,2016,3,17,4,3,5,3,0,1,0,1,0,0,0,0,6.44911E+20,5.49361E+21,1.10046E+16,4.95777E+16
66639,66640,9,1,86,116,2016,3,15,4,3,5,3,0,1,0,1,0,0,0,0,6.91015E+20,5.40058E+21,1.15976E+16,4.87289E+16
66640,66641,9,3,73,147,2016,3,13,3,2,5,3,0,0,0,1,0,0,1,0,6.77499E+20,5.46014E+21,1.144E+16,4.92682E+16
66641,66642,9,4,76,178,2016,3,10,3,1,4,6,0,0,0,1,0,0,1,0,6.62438E+20,5.57613E+21,1.12816E+16,5.03148E+16
66642,66643,9,1,72,112,2016,4,20,7,2,9,1,2,0,0,0,0,0,0,1,7.91451E+20,5.29838E+21,1.28903E+16,4.77728E+16
66643,66644,9,6,78,123,2016,4,20,6,3,7,7,2,0,0,0,0,1,0,0,5.86832E+20,5.54909E+21,1.02138E+16,5.00877E+16
66644,66645,9,6,62,0,2016,4,12,7,3,9,1,0,0,0,0,0,1,0,0,5.88663E+20,5.54228E+21,1.02378E+16,5.00262E+16
66645,66646,9,4,79,166,2016,4,5,6,3,9,1,2,2,0,1,0,0,0,0,7.07263E+20,5.55277E+21,1.18977E+16,5.0091E+16
66646,66647,9,3,76,144,2016,4,17,7,2,4,2,0,0,0,0,0,1,0,1,7.22514E+20,5.48312E+21,1.20708E+16,4.94599E+16
66647,66648,9,1,82,137,2016,3,14,5,2,8,1,0,0,0,1,0,0,0,0,7.11934E+20,5.30413E+21,1.18333E+16,4.78555E+16
66648,66649,9,5,77,168,2016,4,12,7,2,5,3,0,0,1,1,0,0,0,0,6.46032E+20,5.41755E+21,1.09924E+16,4.88937E+16
66649,66650,9,6,73,142,2016,4,12,7,2,8,7,0,0,0,0,0,1,0,0,5.94915E+20,5.58115E+21,1.03348E+16,5.03748E+16
66650,66651,9,7,73,116,2016,3,6,5,3,2,2,1,1,0,1,0,0,0,1,6.1965E+20,5.38161E+21,1.06222E+16,4.85761E+16
66651,66652,9,5,64,0,2016,4,9,6,3,2,6,0,0,0,1,0,0,0,0,6.48069E+20,5.47182E+21,1.10401E+16,4.93811E+16
66652,66653,9,5,64,0,2016,3,16,5,3,2,6,0,0,0,1,0,0,0,0,6.53587E+20,5.47842E+21,1.11186E+16,4.9439E+16
66653,66654,9,3,71,113,2016,3,7,5,3,2,1,0,1,0,1,0,0,0,0,6.84662E+20,5.50934E+21,1.15613E+16,4.97082E+16
66654,66655,9,3,77,146,2016,4,15,7,3,5,3,0,0,0,1,0,0,0,0,7.38508E+20,5.5204E+21,1.23138E+16,4.97886E+16
66655,66656,9,6,75,165,2016,3,14,3,3,0,1,0,0,0,0,0,0,1,0,5.89182E+20,5.51691E+21,1.02392E+16,4.9798E+16
66656,66657,9,1,82,137,2016,3,11,5,3,2,6,0,0,0,1,0,0,0,0,7.11831E+20,5.30506E+21,1.18324E+16,4.78639E+16
66657,66658,9,1,78,124,2016,3,8,5,3,5,3,0,1,0,1,0,0,0,0,7.0301E+20,5.36387E+21,1.17426E+16,4.83953E+16
66658,66659,9,5,73,134,2016,3,12,4,3,4,1,0,1,0,1,0,0,0,0,6.43271E+20,5.47867E+21,1.09765E+16,4.94438E+16
66659,66660,9,1,75,132,2016,3,16,4,3,2,6,0,0,0,1,0,0,0,0,7.07731E+20,5.33679E+21,1.1793E+16,4.81504E+16
66660,66661,9,1,78,123,2016,4,11,1,3,6,7,0,0,1,0,1,0,0,0,6.90056E+20,5.35818E+21,1.15652E+16,4.83482E+16
66661,66662,9,1,83,128,2016,4,13,7,2,5,2,0,0,1,1,0,0,0,0,7.60167E+20,5.35015E+21,1.2505E+16,4.82511E+16
66662,66663,9,5,74,139,2016,4,19,6,3,0,3,0,0,0,1,0,1,0,0,6.65763E+20,5.48119E+21,1.12876E+16,4.94608E+16
66663,66664,9,7,80,117,2016,3,10,4,3,7,7,0,0,1,0,0,0,0,1,5.83867E+20,5.28911E+21,1.01189E+16,4.77499E+16
66664,66665,9,4,63,0,2016,4,17,6,3,3,6,0,0,0,1,0,0,1,0,6.39572E+20,5.56906E+21,1.0958E+16,5.02571E+16
66665,66666,9,2,71,130,2016,4,23,7,2,0,7,2,0,0,0,0,1,0,0,8.00384E+20,5.41684E+21,1.30935E+16,4.88318E+16
66666,66667,9,3,74,132,2016,3,10,4,3,3,6,0,1,0,1,0,0,1,0,7.37355E+20,5.49796E+21,1.22842E+16,4.95876E+16
66667,66668,9,3,76,173,2016,4,22,6,2,8,1,2,0,0,1,0,0,0,0,7.37979E+20,5.48943E+21,1.22877E+16,4.95108E+16
66668,66669,9,4,72,119,2016,3,11,4,3,1,6,0,1,0,1,0,0,0,0,6.89471E+20,5.54007E+21,1.1643E+16,4.99829E+16
66669,66670,9,4,61,0,2016,4,18,6,3,5,3,0,0,0,1,0,0,0,0,6.334E+20,5.53086E+21,1.08582E+16,4.99152E+16
66670,66671,9,7,74,118,2016,4,14,7,3,8,1,0,0,0,1,0,0,0,0,5.93293E+20,5.36482E+21,1.02612E+16,4.84296E+16
66671,66672,9,1,82,137,2016,4,20,7,3,2,6,2,0,0,1,0,0,0,0,7.09549E+20,5.30426E+21,1.18015E+16,4.78575E+16
66672,66673,9,7,72,207,2016,3,18,4,3,8,7,1,1,0,1,0,0,0,0,6.40657E+20,5.38171E+21,1.09068E+16,4.85727E+16