FID,OBJECTID,ULAND,UREGBEZ,UKREIS,UGEMEINDE,UJAHR,UMONAT,USTUNDE,UWOCHENTAG,UKATEGORIE,UART,UTYP1,ULICHTVERH,IstStrasse,IstRad,IstPKW,IstFuss,IstKrad,IstGkfz,IstSonstig,LINREFX,LINREFY,XGCSWGS84,YGCSWGS84
66673,66674,9,4,62,0,2016,4,8,6,3,9,7,0,1,0,1,0,0,0,0,6.81454E+20,5.53426E+21,1.15285E+16,4.99331E+16
66674,66675,9,3,76,144,2016,3,14,4,3,5,3,0,1,0,1,0,0,0,1,7.30939E+20,5.48273E+21,1.21867E+16,4.94533E+16
66675,66676,9,4,63,0,2016,3,16,3,3,5,3,0,0,1,1,0,0,0,0,6.39638E+20,5.56868E+21,1.09588E+16,5.02538E+16
66676,66677,9,1,89,152,2016,4,9,6,2,9,1,0,0,0,1,0,0,0,0,7.82608E+20,5.32724E+21,1.27915E+16,4.80358E+16
66677,66678,9,6,71,138,2016,4,18,7,3,8,1,0,0,0,0,0,1,0,0,5.13732E+20,5.54968E+21,9.19201E+15,5.00992E+16
66678,66679,9,7,71,112,2016,4,20,7,3,8,1,1,0,0,0,0,1,0,0,6.46647E+20,5.36994E+21,1.09839E+16,4.84655E+16
66679,66680,9,1,62,0,2016,3,8,5,3,2,6,0,0,0,1,0,0,1,0,6.89856E+20,5.33903E+21,1.15539E+16,4.81761E+16
66680,66681,9,6,75,162,2016,3,21,5,3,9,7,2,1,0,1,0,0,0,0,5.96123E+20,5.514E+21,1.03349E+16,4.97708E+16
66681,66682,9,4,72,175,2016,3,23,5,3,6,7,2,1,0,1,1,0,0,0,6.8354E+20,5.51489E+21,1.15484E+16,4.97585E+16
66682,66683,9,4,73,121,2016,4,11,7,2,2,6,0,0,0,1,0,0,0,0,6.5055E+20,5.56519E+21,1.11104E+16,5.02197E+16
66683,66684,9,7,75,152,2016,4,9,6,2,5,3,0,0,0,1,0,0,0,0,5.76678E+20,5.35423E+21,1.00347E+16,4.83366E+16
66684,66685,9,6,74,171,2016,3,19,3,2,2,2,0,0,0,1,0,0,0,1,6.26238E+20,5.56184E+21,1.07687E+16,5.01952E+16
66685,66686,9,2,73,121,2016,3,17,5,2,8,1,0,0,0,0,0,1,0,0,7.07319E+20,5.42314E+21,1.18304E+16,4.89265E+16
66686,66687,9,1,79,142,2016,3,7,5,3,3,6,0,0,1,1,0,0,0,0,6.73227E+20,5.33893E+21,1.13304E+16,4.81799E+16
66687,66688,9,6,72,114,2016,3,0,4,2,9,1,2,1,0,0,0,1,0,0,5.76746E+20,5.56223E+21,1.00755E+16,5.02072E+16
66688,66689,9,7,76,126,2016,4,14,7,2,8,1,0,0,0,0,0,1,0,0,5.61268E+20,5.2714E+21,9.81495E+15,4.75931E+16
66689,66690,9,1,84,148,2016,3,18,5,3,5,3,0,0,1,1,0,0,0,0,6.94041E+20,5.32772E+21,1.1605E+16,4.80732E+16
66690,66691,9,7,61,0,2016,3,11,5,3,0,2,0,0,1,1,0,0,0,0,6.43925E+20,5.35757E+21,1.09428E+16,4.83549E+16
66691,66692,9,5,71,180,2016,3,16,5,3,4,2,0,0,0,1,0,0,0,0,6.30326E+20,5.46281E+21,1.07928E+16,4.93041E+16
66692,66693,9,1,75,135,2016,4,16,7,3,5,3,0,0,0,1,0,1,0,0,7.07584E+20,5.33874E+21,1.1792E+16,4.81679E+16
66693,66694,9,1,76,126,2016,3,12,5,3,2,6,0,0,0,1,0,0,0,1,6.73524E+20,5.40588E+21,1.13622E+16,4.87817E+16
66694,66695,9,7,61,0,2016,3,7,4,3,2,6,0,1,0,1,0,0,0,0,6.4135E+20,5.35566E+21,1.09074E+16,4.83383E+16
66695,66696,9,2,73,111,2016,3,17,4,2,0,1,0,1,0,0,0,1,0,0,7.10058E+20,5.41035E+21,1.18612E+16,4.88106E+16
66696,66697,9,1,82,120,2016,3,12,4,3,2,6,0,0,0,1,0,0,0,0,7.03237E+20,5.30561E+21,1.17179E+16,4.78716E+16
66697,66698,9,4,72,146,2016,3,7,3,3,2,6,0,1,0,1,0,0,1,0,6.82474E+20,5.52769E+21,1.15396E+16,4.98738E+16
66698,66699,9,2,73,172,2016,4,9,7,3,5,3,0,0,0,1,0,0,0,0,7.08307E+20,5.40509E+21,1.18347E+16,4.87639E+16
66699,66700,9,1,76,161,2016,4,12,6,3,2,6,0,0,0,1,0,0,0,0,6.80891E+20,5.41526E+21,1.14665E+16,4.88639E+16
66700,66701,9,6,79,167,2016,4,8,6,3,8,1,0,1,0,0,0,0,0,1,5.82948E+20,5.52498E+21,1.01543E+16,4.98715E+16
66701,66702,9,5,65,0,2016,4,12,7,2,1,5,0,0,0,1,0,1,0,0,6.47621E+20,5.4657E+21,1.10316E+16,4.93262E+16
66702,66703,9,6,77,203,2016,4,17,7,3,9,1,0,0,0,0,0,1,0,0,5.59663E+20,5.52635E+21,9.83055E+15,4.98866E+16
66703,66704,9,7,80,123,2016,3,18,5,2,9,1,0,0,0,1,0,0,0,0,6.04338E+20,5.26288E+21,1.03857E+16,4.7511E+16
66704,66705,9,5,74,152,2016,3,22,5,3,6,2,2,0,0,1,1,0,0,0,6.62814E+20,5.48414E+21,1.12481E+16,4.9488E+16
66705,66706,9,4,61,0,2016,3,9,5,3,4,2,0,1,1,1,0,0,0,0,6.35376E+20,5.52876E+21,1.08849E+16,4.98959E+16
66706,66707,9,4,74,129,2016,4,17,7,2,5,3,0,0,0,1,0,0,0,0,6.68694E+20,5.51461E+21,1.13423E+16,4.97603E+16
66707,66708,9,6,72,114,2016,3,15,3,2,4,2,0,0,0,1,0,0,0,0,5.7576E+20,5.56069E+21,1.00614E+16,5.01936E+16
66708,66709,9,1,89,154,2016,3,17,5,3,4,2,0,0,0,1,0,0,0,0,7.67943E+20,5.31913E+21,1.25901E+16,4.79693E+16
66709,66710,9,1,84,135,2016,3,17,5,3,2,6,0,0,0,1,0,0,0,0,6.88004E+20,5.34742E+21,1.15328E+16,4.82521E+16
66710,66711,9,5,65,0,2016,3,16,4,3,2,6,0,1,0,1,0,0,0,0,6.46041E+20,5.46595E+21,1.101E+16,4.93288E+16
66711,66712,9,1,81,121,2016,3,16,4,2,4,2,0,0,0,1,0,0,0,0,6.36876E+20,5.30999E+21,1.08324E+16,4.79286E+16
66712,66713,9,3,76,119,2016,3,14,3,3,2,6,0,0,0,1,0,0,0,1,7.21565E+20,5.45475E+21,1.2042E+16,4.92054E+16
66713,66714,9,1,74,111,2016,4,13,1,3,0,1,0,0,0,0,0,1,0,0,6.67436E+20,5.35901E+21,1.12605E+16,4.8362E+16
66714,66715,9,5,74,123,2016,3,0,4,3,8,7,2,0,0,1,0,0,0,0,6.62806E+20,5.48124E+21,1.12468E+16,4.9462E+16
66715,66716,9,1,87,124,2016,3,17,4,1,5,3,0,0,0,1,0,0,0,0,7.32994E+20,5.3296E+21,1.21283E+16,4.8077E+16
66716,66717,9,1,86,137,2016,3,7,4,3,9,7,0,0,0,1,0,0,0,0,6.85844E+20,5.40078E+21,1.15274E+16,4.87323E+16
66717,66718,9,3,71,151,2016,3,14,3,3,5,3,0,0,0,1,0,0,0,0,6.951E+20,5.48909E+21,1.16959E+16,4.9523E+16
66718,66719,9,4,77,124,2016,3,9,3,3,5,3,0,0,0,1,0,0,0,0,6.67211E+20,5.54908E+21,1.13367E+16,5.00704E+16
66719,66720,9,1,73,123,2016,4,12,7,3,3,1,0,0,1,1,0,0,0,0,6.7926E+20,5.30031E+21,1.13953E+16,4.78311E+16
66720,66721,9,6,73,133,2016,4,7,6,3,5,3,0,1,0,1,0,0,0,1,5.88984E+20,5.57897E+21,1.02509E+16,5.03561E+16
66721,66722,9,5,71,166,2016,4,17,7,3,4,2,0,0,0,1,0,1,0,0,6.09314E+20,5.45723E+21,1.05023E+16,4.92581E+16
66722,66723,9,6,73,160,2016,4,15,7,2,3,1,0,0,0,0,0,1,0,1,5.9668E+20,5.57294E+21,1.03575E+16,5.03006E+16
66723,66724,9,7,61,0,2016,3,14,5,3,2,6,0,0,0,1,0,0,0,0,6.37451E+20,5.35932E+21,1.0856E+16,4.83721E+16
66724,66725,9,5,61,0,2016,4,5,6,3,5,3,2,0,1,1,0,0,0,0,6.121E+20,5.46195E+21,1.05419E+16,4.93E+16
66725,66726,9,5,73,127,2016,3,17,5,3,1,6,0,0,0,1,0,0,0,0,6.4657E+20,5.47589E+21,1.10209E+16,4.9418E+16
66726,66727,9,2,63,0,2016,3,9,5,3,5,3,0,0,0,1,0,0,0,0,7.59371E+20,5.4187E+21,1.2537E+16,4.8867E+16
66727,66728,9,3,73,112,2016,4,14,7,3,2,6,0,0,0,1,0,0,0,0,6.83647E+20,5.4441E+21,1.15171E+16,4.91223E+16
66728,66729,9,6,78,181,2016,3,8,3,3,8,1,0,1,0,1,0,0,0,0,5.97203E+20,5.56063E+21,1.03617E+16,5.01899E+16
66729,66730,9,1,87,182,2016,3,8,5,3,5,3,0,0,0,1,0,0,0,0,7.40457E+20,5.32629E+21,1.22264E+16,4.80446E+16
66730,66731,9,1,75,123,2016,3,9,5,3,2,6,0,0,0,1,0,0,0,0,7.25597E+20,5.33632E+21,1.20326E+16,4.81401E+16
66731,66732,9,5,75,153,2016,3,7,4,3,5,3,1,0,0,1,0,0,0,0,6.18158E+20,5.49374E+21,1.06347E+16,4.95847E+16
66732,66733,9,1,62,0,2016,3,9,3,3,5,3,0,1,0,1,0,0,0,0,6.87335E+20,5.33246E+21,1.15172E+16,4.81178E+16
66733,66734,9,1,62,0,2016,4,17,7,3,5,2,0,0,1,1,0,0,0,0,6.86265E+20,5.3318E+21,1.15025E+16,4.81122E+16
66734,66735,9,1,72,122,2016,4,14,7,2,4,2,0,0,1,1,0,0,0,0,7.90738E+20,5.3146E+21,1.28917E+16,4.79187E+16
66735,66736,9,7,77,139,2016,3,19,4,2,9,1,0,0,0,1,0,0,0,0,6.19595E+20,5.30798E+21,1.06006E+16,4.7914E+16
66736,66737,9,4,77,163,2016,4,13,6,3,5,2,0,0,0,1,0,0,0,0,6.85789E+20,5.55335E+21,1.15981E+16,5.01033E+16
66737,66738,9,2,78,118,2016,4,14,7,3,5,3,0,0,1,1,0,0,0,0,7.70113E+20,5.42402E+21,1.26867E+16,4.89101E+16
66738,66739,9,1,89,114,2016,4,12,7,3,2,6,0,0,0,1,0,0,0,0,7.61363E+20,5.31356E+21,1.24987E+16,4.7922E+16
66739,66740,9,5,76,128,2016,4,5,6,2,2,7,2,0,0,1,0,0,1,0,6.43476E+20,5.46362E+21,1.09739E+16,4.93084E+16
66740,66741,9,6,76,111,2016,4,9,7,3,4,1,0,0,0,1,0,0,0,0,5.27232E+20,5.52138E+21,9.37876E+15,4.98442E+16
66741,66742,9,4,75,169,2016,4,9,6,3,4,6,0,1,0,1,0,0,1,0,6.85245E+20,5.5732E+21,1.16002E+16,5.02818E+16
66742,66743,9,2,78,141,2016,4,14,7,3,2,6,0,0,0,1,0,0,0,0,7.55231E+20,5.43038E+21,1.24879E+16,4.89735E+16
66743,66744,9,6,61,0,2016,3,15,3,3,2,6,0,0,0,1,0,0,0,0,5.0822E+20,5.53344E+21,9.11459E+15,4.99533E+16
66744,66745,9,3,77,146,2016,4,17,6,3,2,2,0,0,0,1,0,0,0,0,7.352E+20,5.52396E+21,1.22701E+16,4.98219E+16
66745,66746,9,7,74,185,2016,4,15,7,3,2,6,0,0,0,1,0,1,0,0,6.08918E+20,5.34866E+21,1.04681E+16,4.82817E+16
66746,66747,9,1,76,137,2016,4,16,7,3,2,2,0,0,0,1,0,1,0,0,6.71459E+20,5.42781E+21,1.13433E+16,4.89794E+16
66747,66748,9,7,72,184,2016,3,6,4,3,2,6,1,1,0,1,0,1,0,0,6.35158E+20,5.36238E+21,1.08261E+16,4.84001E+16
66748,66749,9,4,61,0,2016,4,20,6,3,5,3,2,0,0,1,0,0,0,0,6.35293E+20,5.5301E+21,1.08843E+16,4.99079E+16
66749,66750,9,2,71,119,2016,3,14,4,3,5,7,0,0,1,1,0,0,0,0,7.89968E+20,5.41518E+21,1.29508E+16,4.88218E+16
66750,66751,9,4,74,123,2016,3,17,3,3,5,3,0,0,0,1,0,0,0,0,6.51508E+20,5.51298E+21,1.11032E+16,4.97502E+16
66751,66752,9,3,72,126,2016,3,13,4,3,4,1,0,1,0,1,0,0,0,0,7.80396E+20,5.4674E+21,1.28568E+16,4.92949E+16
66752,66753,9,4,74,171,2016,3,8,3,2,8,7,0,0,0,1,0,0,0,0,6.52116E+20,5.51293E+21,1.11117E+16,4.97496E+16
66753,66754,9,2,62,0,2016,4,1,6,3,9,1,2,0,0,1,0,0,0,0,8.26359E+20,5.39006E+21,1.34253E+16,4.85785E+16
66754,66755,9,7,72,163,2016,4,12,7,2,4,6,0,0,1,0,0,0,0,0,6.41261E+20,5.34748E+21,1.09035E+16,4.82648E+16
66755,66756,9,1,84,145,2016,3,17,5,3,5,3,0,0,0,1,0,1,0,0,6.96587E+20,5.32175E+21,1.16364E+16,4.80187E+16
66756,66757,9,7,61,0,2016,3,6,5,3,4,2,1,0,0,1,0,1,0,0,6.39942E+20,5.36065E+21,1.08901E+16,4.83835E+16
66757,66758,9,4,78,165,2016,3,15,5,2,9,6,0,0,0,0,0,1,1,0,6.43999E+20,5.55012E+21,1.10129E+16,5.00859E+16
66758,66759,9,1,62,0,2016,4,7,6,3,3,6,2,0,0,1,0,0,1,0,6.88531E+20,5.33441E+21,1.15341E+16,4.8135E+16
66759,66760,9,2,71,122,2016,3,13,5,3,1,6,0,0,0,1,0,0,0,0,7.91263E+20,5.4288E+21,1.29781E+16,4.89435E+16
66760,66761,9,1,86,143,2016,3,16,5,3,1,7,0,0,0,1,0,0,0,0,6.87025E+20,5.38179E+21,1.15349E+16,4.85612E+16
66761,66762,9,6,75,141,2016,3,7,4,3,2,6,0,0,0,1,0,0,0,0,5.85866E+20,5.50908E+21,1.01914E+16,4.97281E+16
66762,66763,9,6,78,193,2016,3,14,4,3,2,6,0,1,0,1,0,0,0,0,5.77404E+20,5.53233E+21,1.00787E+16,4.99383E+16
66763,66764,9,1,71,116,2016,3,7,4,3,0,3,0,1,0,1,0,0,0,0,7.69119E+20,5.32994E+21,1.26126E+16,4.80659E+16
66764,66765,9,1,82,116,2016,3,13,4,3,5,2,0,0,0,1,0,1,0,0,7.05244E+20,5.29157E+21,1.17381E+16,4.77448E+16
66765,66766,9,3,74,159,2016,3,5,3,3,8,1,1,0,0,1,0,0,0,0,7.37883E+20,5.49497E+21,1.22897E+16,4.95605E+16
66766,66767,9,2,61,0,2016,4,17,7,3,6,4,0,0,0,0,1,0,0,1,7.35807E+20,5.38243E+21,1.21955E+16,4.85506E+16
66767,66768,9,1,77,116,2016,4,5,6,3,2,6,2,0,0,1,0,0,0,0,7.11474E+20,5.36447E+21,1.18571E+16,4.83979E+16
66768,66769,9,6,63,0,2016,4,18,6,3,5,7,0,0,1,1,0,0,0,0,5.64707E+20,5.51708E+21,9.89921E+15,4.98027E+16
66769,66770,9,5,73,114,2016,4,17,7,3,1,6,0,0,0,1,0,1,0,0,6.34359E+20,5.47663E+21,1.08529E+16,4.94275E+16
66770,66771,9,6,73,167,2016,4,18,7,2,9,1,0,0,0,0,0,1,0,0,5.83067E+20,5.59167E+21,1.01706E+16,5.04711E+16
66771,66772,9,7,77,170,2016,3,18,5,3,0,6,0,0,1,0,0,0,0,0,6.2301E+20,5.27886E+21,1.06381E+16,4.76515E+16
66772,66773,9,5,64,0,2016,3,9,5,3,2,6,0,0,0,1,0,0,0,0,6.47699E+20,5.47965E+21,1.10379E+16,4.94515E+16
66773,66774,9,3,73,151,2016,3,15,5,3,0,7,0,0,0,1,0,0,0,0,6.96996E+20,5.45043E+21,1.1703E+16,4.9175E+16
66774,66775,9,3,77,142,2016,4,13,7,3,2,6,0,0,0,0,0,1,0,0,7.45793E+20,5.54265E+21,1.2429E+16,4.99854E+16
66775,66776,9,5,72,143,2016,3,11,3,3,3,6,0,0,0,1,0,0,0,1,6.287E+20,5.51106E+21,1.07862E+16,4.97383E+16
66776,66777,9,2,75,122,2016,4,12,7,3,8,6,0,0,0,0,0,1,0,0,8.15328E+20,5.38653E+21,1.32735E+16,4.85524E+16
66777,66778,9,1,71,112,2016,4,5,6,2,4,2,2,0,0,1,0,1,0,0,7.84602E+20,5.34343E+21,1.28289E+16,4.81803E+16
66778,66779,9,7,71,142,2016,4,15,6,3,2,6,0,0,0,1,0,0,0,0,6.4576E+20,5.35096E+21,1.09653E+16,4.82951E+16
66779,66780,9,5,72,133,2016,4,10,7,3,2,6,0,0,0,1,0,0,0,0,6.38566E+20,5.49898E+21,1.09187E+16,4.96275E+16
66780,66781,9,6,75,167,2016,4,16,7,3,8,7,0,0,0,1,0,0,0,0,5.86347E+20,5.50179E+21,1.01965E+16,4.96624E+16
66781,66782,9,7,75,135,2016,3,6,5,3,2,6,0,1,0,1,0,0,0,0,5.7401E+20,5.35921E+21,9.99955E+15,4.83817E+16
66782,66783,9,6,76,160,2016,3,10,5,3,2,6,0,0,0,1,0,0,0,0,5.10834E+20,5.52759E+21,9.15087E+15,4.99006E+16
66783,66784,9,4,74,135,2016,3,17,5,3,5,2,0,0,0,1,0,0,0,1,6.4041E+20,5.5068E+21,1.09471E+16,4.96973E+16
66784,66785,9,4,77,163,2016,4,14,7,3,0,7,0,0,1,0,0,0,0,1,6.85908E+20,5.55553E+21,1.16008E+16,5.01228E+16
66785,66786,9,7,76,116,2016,4,16,6,3,5,3,0,0,0,1,0,1,0,0,5.51772E+20,5.26747E+21,9.68819E+15,4.75586E+16
66786,66787,9,5,72,139,2016,3,7,3,2,5,3,0,0,0,1,0,0,0,0,6.27224E+20,5.50607E+21,1.07641E+16,4.96937E+16
66787,66788,9,1,90,157,2016,3,15,5,3,4,7,0,0,0,1,0,0,0,1,6.65584E+20,5.2986E+21,1.12121E+16,4.78194E+16
66788,66789,9,1,79,147,2016,3,9,5,3,9,1,0,0,0,0,0,1,0,0,6.63315E+20,5.33414E+21,1.11953E+16,4.81396E+16
66789,66790,9,5,72,164,2016,3,15,4,3,4,7,0,0,0,1,0,0,0,0,6.32229E+20,5.49855E+21,1.08309E+16,4.9625E+16
66790,66791,9,1,86,152,2016,3,7,4,2,8,1,0,1,0,1,0,0,0,0,6.95056E+20,5.37761E+21,1.16417E+16,4.85213E+16
66791,66792,9,3,71,113,2016,3,16,3,3,2,6,0,0,0,1,0,0,0,1,6.88754E+20,5.50831E+21,1.16175E+16,4.96977E+16
66792,66793,9,3,62,0,2016,3,11,3,3,2,6,0,0,0,1,0,0,0,0,7.3189E+20,5.43237E+21,1.21707E+16,4.90007E+16
66793,66794,9,1,90,133,2016,4,16,7,3,2,6,0,0,0,1,0,1,0,0,6.35794E+20,5.29586E+21,1.08135E+16,4.78018E+16
66794,66795,9,6,78,123,2016,4,20,6,3,1,6,2,1,0,1,0,0,0,0,5.86575E+20,5.54951E+21,1.02103E+16,5.00915E+16
66795,66796,9,6,72,112,2016,4,9,7,3,2,6,0,0,0,1,0,0,0,0,5.75949E+20,5.56728E+21,1.00653E+16,5.02528E+16
66796,66797,9,4,79,129,2016,4,6,6,3,9,1,1,2,0,1,0,0,0,0,7.13337E+20,5.56103E+21,1.19871E+16,5.01631E+16
66797,66798,9,3,76,161,2016,4,15,7,3,5,3,0,0,0,1,0,0,0,0,7.29662E+20,5.4715E+21,1.21626E+16,4.93529E+16
66798,66799,9,5,74,117,2016,3,11,3,3,2,6,0,0,0,1,0,1,0,0,6.69151E+20,5.4667E+21,1.13281E+16,4.93295E+16
66799,66800,9,1,82,114,2016,3,17,5,2,8,1,0,0,0,0,0,1,0,0,7.19841E+20,5.29387E+21,1.19337E+16,4.77607E+16
66800,66801,9,7,74,135,2016,3,7,4,3,1,7,0,1,0,1,0,0,0,0,5.95503E+20,5.36517E+21,1.02911E+16,4.84324E+16
66801,66802,9,5,71,214,2016,3,17,4,3,5,3,0,1,0,1,0,0,0,0,6.15806E+20,5.43379E+21,1.05848E+16,4.90461E+16
66802,66803,9,1,84,135,2016,3,14,3,3,2,6,0,0,0,1,0,0,1,0,6.92204E+20,5.34402E+21,1.15877E+16,4.82203E+16
66803,66804,9,1,72,117,2016,3,13,5,3,1,6,0,0,0,1,0,0,1,0,7.97917E+20,5.28479E+21,1.29671E+16,4.76479E+16
66804,66805,9,1,75,135,2016,3,18,5,3,2,4,0,0,0,1,1,0,0,0,7.09242E+20,5.33912E+21,1.18144E+16,4.81708E+16
66805,66806,9,5,64,0,2016,3,17,4,3,2,6,0,1,0,1,0,0,0,0,6.51143E+20,5.4773E+21,1.10845E+16,4.94296E+16
66806,66807,9,1,74,115,2016,3,21,4,3,4,1,2,1,0,1,0,0,0,0,6.81938E+20,5.35039E+21,1.14524E+16,4.82806E+16
66807,66808,9,1,78,113,2016,4,20,1,3,9,1,2,0,0,1,0,0,1,0,6.91506E+20,5.36942E+21,1.15899E+16,4.84488E+16
66808,66809,9,1,89,155,2016,4,11,7,3,2,6,0,0,0,1,0,0,0,0,7.72926E+20,5.30778E+21,1.26495E+16,4.78653E+16
66809,66810,9,5,74,117,2016,4,17,6,3,8,1,0,0,0,1,0,0,0,0,6.68763E+20,5.46971E+21,1.1324E+16,4.93567E+16
66810,66811,9,7,78,120,2016,3,13,4,2,9,7,0,0,0,1,0,0,0,0,5.87462E+20,5.32503E+21,1.01741E+16,4.80726E+16
66811,66812,9,4,75,123,2016,4,9,6,2,9,1,0,1,0,1,0,0,0,0,7.06629E+20,5.5811E+21,1.19043E+16,5.03457E+16
66812,66813,9,2,71,113,2016,4,9,7,3,1,2,0,0,0,1,0,0,0,0,8.00687E+20,5.41376E+21,1.30954E+16,4.8804E+16
66813,66814,9,4,71,195,2016,3,15,4,3,2,7,0,1,0,1,0,0,0,0,6.42851E+20,5.524E+21,1.09872E+16,4.98514E+16
66814,66815,9,3,76,161,2016,4,7,6,2,9,1,0,0,0,1,0,0,0,0,7.25345E+20,5.46391E+21,1.20989E+16,4.92864E+16
66815,66816,9,7,76,124,2016,4,19,7,2,9,1,0,0,1,0,0,0,0,0,5.71261E+20,5.27516E+21,9.94846E+15,4.76259E+16
66816,66817,9,1,75,121,2016,4,13,6,2,5,3,0,0,0,1,0,0,0,1,7.1223E+20,5.31886E+21,1.18445E+16,4.79878E+16
66817,66818,9,7,71,130,2016,3,5,5,2,5,3,2,1,1,1,0,0,0,0,6.44705E+20,5.35766E+21,1.09534E+16,4.83555E+16
66818,66819,9,5,71,175,2016,3,10,5,1,4,2,0,0,0,1,0,0,0,0,6.24825E+20,5.45999E+21,1.07163E+16,4.92799E+16
66819,66820,9,1,76,112,2016,4,15,7,1,2,6,0,0,1,0,0,1,0,0,6.96393E+20,5.42128E+21,1.16806E+16,4.89133E+16
66820,66821,9,1,62,0,2016,4,15,7,3,0,2,0,0,1,1,0,0,0,0,6.99218E+20,5.33303E+21,1.16769E+16,4.81194E+16
66821,66822,9,1,72,114,2016,4,12,7,3,4,2,0,0,0,1,0,1,0,0,7.90091E+20,5.29274E+21,1.28685E+16,4.77228E+16
66822,66823,9,7,72,159,2016,3,12,4,3,4,6,0,1,0,1,0,0,0,0,6.26591E+20,5.36176E+21,1.07102E+16,4.83963E+16
66823,66824,9,4,72,121,2016,4,6,6,3,8,1,0,2,0,1,0,0,0,0,6.98569E+20,5.55005E+21,1.17749E+16,5.00695E+16
66824,66825,9,3,72,177,2016,3,12,4,2,5,3,0,1,0,1,0,0,0,0,7.72933E+20,5.44883E+21,1.27418E+16,4.91316E+16
66825,66826,9,3,75,117,2016,3,16,3,3,2,6,0,0,0,1,0,1,0,0,7.35812E+20,5.43248E+21,1.22242E+16,4.90001E+16
66826,66827,9,1,89,142,2016,4,17,6,3,4,6,0,0,0,1,0,0,0,0,7.527E+20,5.33022E+21,1.23927E+16,4.80751E+16
66827,66828,9,6,71,141,2016,4,12,7,1,1,3,0,0,0,1,0,1,0,0,5.23469E+20,5.52994E+21,9.32694E+15,4.99213E+16
66828,66829,9,7,61,0,2016,4,18,7,3,0,7,0,0,0,1,0,0,0,0,6.44044E+20,5.35758E+21,1.09444E+16,4.8355E+16
66829,66830,9,1,84,130,2016,3,8,5,2,2,6,0,1,0,1,0,1,0,0,6.98427E+20,5.34621E+21,1.16725E+16,4.82381E+16
66830,66831,9,6,75,131,2016,3,6,5,3,2,2,1,1,1,1,0,0,0,0,5.89544E+20,5.51176E+21,1.02431E+16,4.97517E+16
66831,66832,9,4,76,145,2016,3,15,5,3,5,3,0,0,0,1,0,0,0,0,6.65698E+20,5.56692E+21,1.13233E+16,5.02312E+16
66832,66833,9,4,75,184,2016,4,17,7,3,9,1,0,0,0,1,0,0,0,0,7.07829E+20,5.5606E+21,1.19099E+16,5.01612E+16
66833,66834,9,1,62,0,2016,4,21,6,3,4,6,2,0,1,0,0,0,0,0,6.89625E+20,5.34019E+21,1.15513E+16,4.81866E+16
66834,66835,9,5,64,0,2016,3,18,3,3,5,2,0,0,1,1,0,0,0,0,6.49241E+20,5.48296E+21,1.10604E+16,4.94809E+16
66835,66836,9,2,74,128,2016,3,9,5,3,2,6,0,0,0,1,0,0,0,0,7.36646E+20,5.39145E+21,1.2212E+16,4.86313E+16
66836,66837,9,1,86,137,2016,3,16,5,3,5,3,0,0,1,0,0,0,0,1,6.82983E+20,5.39899E+21,1.14878E+16,4.8717E+16
66837,66838,9,6,73,127,2016,3,6,4,3,5,3,1,1,0,1,0,0,0,0,6.00718E+20,5.57322E+21,1.04143E+16,5.03025E+16
66838,66839,9,6,71,155,2016,3,5,4,3,2,6,2,1,0,1,0,0,0,0,5.03995E+20,5.53679E+21,9.05573E+15,4.99834E+16
66839,66840,9,1,87,134,2016,3,18,4,3,2,2,0,0,0,1,0,0,0,0,7.37096E+20,5.3188E+21,1.21773E+16,4.79785E+16
66840,66841,9,1,85,158,2016,3,10,4,3,2,6,0,0,0,1,0,0,0,0,6.6665E+20,5.38107E+21,1.12587E+16,4.85605E+16
66841,66842,9,3,71,148,2016,3,6,3,3,7,7,1,0,0,1,0,0,0,0,7.11884E+20,5.46162E+21,1.19129E+16,4.92706E+16
66842,66843,9,1,78,143,2016,4,6,2,3,2,6,0,0,0,1,0,0,0,1,7.19643E+20,5.37121E+21,1.19709E+16,4.84556E+16
66843,66844,9,6,76,112,2016,4,16,1,2,8,1,0,0,0,0,0,1,0,0,5.09145E+20,5.50043E+21,9.1267E+15,4.96564E+16
66844,66845,9,5,64,0,2016,4,16,5,3,2,6,0,0,0,1,0,0,0,0,6.5055E+20,5.47741E+21,1.10763E+16,4.94307E+16
66845,66846,9,2,79,132,2016,4,13,3,3,5,3,0,0,0,1,0,0,0,0,7.67282E+20,5.40044E+21,1.26328E+16,4.86997E+16
66846,66847,9,1,84,136,2016,4,7,3,2,3,2,0,0,1,0,0,0,0,1,6.98234E+20,5.32697E+21,1.16609E+16,4.80652E+16
66847,66848,9,3,63,0,2016,4,17,4,3,6,4,0,0,0,1,1,0,0,0,7.27726E+20,5.50723E+21,1.21566E+16,4.96746E+16
66848,66849,9,1,88,139,2016,4,16,3,3,5,3,0,0,1,1,0,0,0,0,6.75305E+20,5.31912E+21,1.13502E+16,4.80013E+16
66849,66850,9,6,73,114,2016,4,15,3,3,2,6,0,0,0,1,0,0,0,0,5.85565E+20,5.57478E+21,1.02019E+16,5.03189E+16
66850,66851,9,7,71,113,2016,4,5,4,2,5,3,1,1,0,1,0,0,0,0,6.57731E+20,5.36979E+21,1.11336E+16,4.84614E+16
66851,66852,9,1,84,131,2016,4,5,4,2,5,3,2,0,0,1,0,0,0,0,7.04865E+20,5.33697E+21,1.17546E+16,4.81529E+16
66852,66853,9,7,78,165,2016,4,17,2,3,8,1,0,0,0,0,0,1,0,0,5.84036E+20,5.29983E+21,1.01232E+16,4.78463E+16