FID,OBJECTID,ULAND,UREGBEZ,UKREIS,UGEMEINDE,UJAHR,UMONAT,USTUNDE,UWOCHENTAG,UKATEGORIE,UART,UTYP1,ULICHTVERH,IstStrasse,IstRad,IstPKW,IstFuss,IstKrad,IstGkfz,IstSonstig,LINREFX,LINREFY,XGCSWGS84,YGCSWGS84
67033,67034,9,6,78,192,2016,4,3,4,2,1,5,2,1,0,0,0,0,1,0,5.70681E+20,5.54845E+21,9.98798E+15,5.00841E+16
67034,67035,9,7,78,136,2016,4,13,4,3,2,6,0,0,0,1,0,0,1,1,6.03123E+20,5.32139E+21,1.03834E+16,4.80375E+16
67035,67036,9,7,80,114,2016,4,16,2,3,4,3,0,0,1,1,0,0,0,0,6.03067E+20,5.28786E+21,1.03747E+16,4.77359E+16
67036,67037,9,4,73,120,2016,4,13,3,3,5,3,0,0,0,1,0,0,0,0,6.43324E+20,5.57238E+21,1.10119E+16,5.02861E+16
67037,67038,9,6,76,133,2016,4,14,2,3,2,6,0,0,0,1,0,0,0,0,5.13288E+20,5.52271E+21,9.18487E+15,4.98567E+16
67038,67039,9,3,63,0,2016,4,10,2,3,2,6,0,0,0,0,0,0,1,1,7.27025E+20,5.50515E+21,1.21456E+16,4.96561E+16
67039,67040,9,5,72,120,2016,4,14,4,3,5,3,0,0,1,0,0,0,0,1,6.48325E+20,5.49568E+21,1.10525E+16,4.95955E+16
67040,67041,9,1,61,0,2016,4,4,1,2,9,7,2,0,0,1,0,0,0,0,6.80823E+20,5.40481E+21,1.1461E+16,4.877E+16
67041,67042,9,1,83,151,2016,4,17,2,3,2,2,0,0,0,1,0,1,0,0,7.54231E+20,5.35207E+21,1.24263E+16,4.82708E+16
67042,67043,9,7,79,136,2016,4,17,1,3,2,6,0,0,1,0,0,1,0,0,6.0774E+20,5.40455E+21,1.04667E+16,4.87846E+16
67043,67044,9,3,74,149,2016,4,19,1,3,9,1,1,0,0,1,0,0,0,0,7.13197E+20,5.51298E+21,1.19586E+16,4.97315E+16
67044,67045,9,2,78,144,2016,4,13,5,2,5,3,0,0,0,1,0,0,0,0,7.42679E+20,5.40967E+21,1.23044E+16,4.87926E+16
67045,67046,9,1,80,117,2016,4,17,5,2,5,3,0,0,0,1,0,0,0,0,6.58818E+20,5.26194E+21,1.11085E+16,4.74915E+16
67046,67047,9,2,71,130,2016,4,11,4,2,5,6,0,1,0,1,0,0,0,0,8.02666E+20,5.41827E+21,1.31256E+16,4.88435E+16
67047,67048,9,4,75,136,2016,4,16,3,2,3,6,0,0,0,1,0,0,1,0,6.98415E+20,5.56939E+21,1.17828E+16,5.02433E+16
67048,67049,9,1,85,158,2016,4,16,2,3,5,3,0,0,1,1,0,0,0,0,6.67573E+20,5.38034E+21,1.12709E+16,4.85537E+16
67049,67050,9,3,75,174,2016,4,0,3,3,4,3,2,0,0,1,0,0,0,0,7.32948E+20,5.43034E+21,1.21839E+16,4.8982E+16
67050,67051,9,5,71,136,2016,4,18,4,2,4,2,0,0,0,1,0,1,0,0,5.97005E+20,5.43588E+21,1.03281E+16,4.90681E+16
67051,67052,9,6,77,127,2016,4,13,1,2,5,3,0,0,0,1,0,1,0,0,5.58245E+20,5.53908E+21,9.81274E+15,5.00012E+16
67052,67053,9,5,62,0,2016,4,14,5,3,5,3,0,0,1,1,0,0,0,0,6.44961E+20,5.49087E+21,1.10043E+16,4.95531E+16
67053,67054,9,1,82,116,2016,4,8,3,3,2,6,0,0,0,1,0,0,1,1,7.04E+20,5.29588E+21,1.17235E+16,4.7784E+16
67054,67055,9,7,72,163,2016,4,13,1,2,9,1,0,0,0,0,0,1,0,0,6.38495E+20,5.34687E+21,1.0866E+16,4.82599E+16
67055,67056,9,2,72,139,2016,4,17,5,2,2,7,0,0,0,1,0,1,0,0,8.43119E+20,5.42262E+21,1.36788E+16,4.88614E+16
67056,67057,9,1,72,115,2016,4,16,3,2,8,1,0,0,0,0,0,1,0,0,7.94272E+20,5.29139E+21,1.29232E+16,4.77087E+16
67057,67058,9,1,61,0,2016,4,13,5,3,2,2,0,0,0,1,0,0,0,1,6.8266E+20,5.40162E+21,1.14846E+16,4.87408E+16
67058,67059,9,1,90,132,2016,4,6,4,3,2,6,2,0,0,1,0,0,0,0,6.76454E+20,5.29532E+21,1.13559E+16,4.7787E+16
67059,67060,9,1,81,128,2016,4,10,2,3,4,2,0,0,0,1,0,0,0,0,6.38563E+20,5.32701E+21,1.08605E+16,4.80813E+16
67060,67061,9,3,76,170,2016,4,15,3,3,5,3,0,0,0,1,0,0,0,0,7.25639E+20,5.45795E+21,1.20996E+16,4.92327E+16
67061,67062,9,6,72,122,2016,4,17,1,3,0,7,0,0,0,0,0,0,0,1,5.75371E+20,5.55584E+21,1.0055E+16,5.015E+16
67062,67063,9,5,76,122,2016,4,17,5,3,5,3,0,0,0,1,0,1,0,0,6.72671E+20,5.43494E+21,1.13629E+16,4.90432E+16
67063,67064,9,2,75,145,2016,4,14,3,3,5,3,0,0,0,1,0,0,0,0,8.18213E+20,5.37427E+21,1.33031E+16,4.8441E+16
67064,67065,9,1,62,0,2016,4,12,4,3,9,1,0,1,0,1,0,0,0,0,6.88462E+20,5.34435E+21,1.15376E+16,4.82244E+16
67065,67066,9,1,85,158,2016,4,16,3,3,5,3,0,0,0,1,0,1,0,0,6.66399E+20,5.38138E+21,1.12554E+16,4.85634E+16
67066,67067,9,7,71,122,2016,4,16,4,3,2,6,0,0,0,1,0,0,0,0,6.52766E+20,5.3618E+21,1.10636E+16,4.83908E+16
67067,67068,9,1,84,130,2016,4,5,5,3,9,7,2,0,0,1,0,0,0,0,6.97418E+20,5.34241E+21,1.16571E+16,4.82042E+16
67068,67069,9,7,75,135,2016,4,16,2,3,2,6,0,0,0,1,0,0,0,0,5.73606E+20,5.35922E+21,9.9941E+15,4.83819E+16
67069,67070,9,7,61,0,2016,4,17,2,3,2,6,0,0,0,1,0,0,0,0,6.42106E+20,5.35759E+21,1.09183E+16,4.83555E+16
67070,67071,9,5,71,145,2016,4,7,2,3,5,3,0,0,0,1,0,0,0,0,5.97397E+20,5.4468E+21,1.03361E+16,4.91663E+16
67071,67072,9,6,76,160,2016,4,21,4,3,5,3,2,0,0,1,0,0,0,0,5.10609E+20,5.52946E+21,9.14778E+15,4.99174E+16
67072,67073,9,1,79,125,2016,4,8,4,3,9,7,0,1,0,1,0,0,0,0,6.60112E+20,5.33111E+21,1.11512E+16,4.81131E+16
67073,67074,9,1,86,158,2016,4,19,1,2,9,1,1,0,0,0,0,1,0,0,6.88832E+20,5.40289E+21,1.1569E+16,4.87503E+16
67074,67075,9,3,71,151,2016,4,11,2,3,1,6,0,0,0,1,0,0,0,0,6.98786E+20,5.48704E+21,1.17457E+16,4.95034E+16
67075,67076,9,1,75,123,2016,4,18,2,3,2,2,0,0,0,1,0,0,0,1,7.24128E+20,5.33713E+21,1.20134E+16,4.81479E+16
67076,67077,9,1,79,142,2016,4,12,5,2,0,1,0,0,1,0,0,0,0,0,6.72739E+20,5.3416E+21,1.13249E+16,4.82041E+16
67077,67078,9,1,77,117,2016,4,8,3,3,2,6,0,0,0,1,0,0,1,0,7.15972E+20,5.35309E+21,1.1912E+16,4.82941E+16
67078,67079,9,7,79,131,2016,4,18,2,3,0,3,0,0,0,0,0,1,0,1,6.32375E+20,5.39571E+21,1.07991E+16,4.87004E+16
67079,67080,9,5,63,0,2016,4,18,2,3,2,6,0,0,0,1,0,0,0,0,6.42759E+20,5.48616E+21,1.09721E+16,4.95112E+16
67080,67081,9,1,87,154,2016,4,17,4,3,5,3,1,1,0,1,0,0,0,0,7.34353E+20,5.29684E+21,1.21287E+16,4.77822E+16
67081,67082,9,3,74,154,2016,4,13,2,2,0,1,0,0,1,0,0,0,0,0,7.28715E+20,5.50498E+21,1.21689E+16,4.96539E+16
67082,67083,9,1,62,0,2016,4,9,2,3,2,6,0,0,0,1,0,0,0,1,6.94993E+20,5.34326E+21,1.16249E+16,4.82126E+16
67083,67084,9,6,76,118,2016,4,12,1,3,4,2,0,0,1,1,0,0,0,0,5.27352E+20,5.51412E+21,9.37991E+15,4.97789E+16
67084,67085,9,5,64,0,2016,4,21,1,2,8,1,2,0,0,1,0,0,0,0,6.4719E+20,5.48693E+21,1.10336E+16,4.95171E+16
67085,67086,9,5,73,127,2016,4,14,5,2,0,1,0,0,0,1,1,0,0,0,6.46572E+20,5.47589E+21,1.1021E+16,4.9418E+16
67086,67087,9,2,79,137,2016,4,13,3,3,8,1,0,0,0,1,0,0,0,0,7.79889E+20,5.40042E+21,1.28037E+16,4.8694E+16
67087,67088,9,7,78,150,2016,4,15,3,3,3,6,0,0,0,1,0,0,1,0,5.84347E+20,5.32068E+21,1.01315E+16,4.80338E+16
67088,67089,9,3,77,137,2016,4,21,4,3,7,7,2,0,0,0,0,1,0,0,7.35994E+20,5.5362E+21,1.22886E+16,4.99315E+16
67089,67090,9,1,79,149,2016,4,14,3,3,5,3,0,0,0,1,0,0,0,0,6.56594E+20,5.33015E+21,1.11036E+16,4.81054E+16
67090,67091,9,6,72,114,2016,4,16,3,3,2,6,0,0,0,1,0,0,0,0,5.78571E+20,5.55656E+21,1.00999E+16,5.0156E+16
67091,67092,9,6,75,162,2016,4,10,4,2,0,6,0,0,0,0,0,0,0,1,5.97009E+20,5.5145E+21,1.03474E+16,4.97751E+16
67092,67093,9,1,62,0,2016,4,15,4,3,5,3,0,0,0,1,0,0,0,0,6.84575E+20,5.34294E+21,1.14847E+16,4.82128E+16
67093,67094,9,7,78,144,2016,4,11,2,3,5,3,0,0,0,1,0,0,0,1,5.9232E+20,5.30371E+21,1.02348E+16,4.78801E+16
67094,67095,9,6,72,135,2016,4,8,2,3,1,7,0,0,0,0,0,0,1,0,5.86664E+20,5.56682E+21,1.02155E+16,5.02472E+16
67095,67096,9,4,75,158,2016,4,11,2,3,2,6,0,0,0,1,0,0,0,0,7.08548E+20,5.5727E+21,1.19266E+16,5.02695E+16
67096,67097,9,5,72,132,2016,4,4,4,3,5,3,2,0,0,1,0,0,0,0,6.36302E+20,5.49209E+21,1.0885E+16,4.95661E+16
67097,67098,9,1,76,165,2016,4,13,1,3,8,7,0,0,0,0,0,1,0,0,6.67024E+20,5.4233E+21,1.12809E+16,4.89401E+16
67098,67099,9,2,74,113,2016,4,8,2,3,5,3,0,0,1,1,0,0,0,0,7.28449E+20,5.38153E+21,1.20954E+16,4.85453E+16
67099,67100,9,7,76,125,2016,4,16,1,3,1,3,0,0,1,1,0,0,0,0,5.63886E+20,5.27009E+21,9.84959E+15,4.75811E+16
67100,67101,9,4,74,126,2016,4,14,1,3,2,2,0,0,0,1,0,0,0,0,6.49882E+20,5.50686E+21,1.10784E+16,4.96956E+16
67101,67102,9,1,73,120,2016,4,12,1,3,2,6,0,0,0,1,0,0,0,0,6.91934E+20,5.31291E+21,1.15701E+16,4.79407E+16
67102,67103,9,3,71,150,2016,4,15,5,3,5,3,0,0,0,1,0,0,0,0,7.15583E+20,5.49206E+21,1.19802E+16,4.95427E+16
67103,67104,9,6,63,0,2016,4,18,3,3,0,7,0,0,1,0,0,0,0,0,5.67756E+20,5.51674E+21,9.94152E+15,4.97993E+16
67104,67105,9,2,74,126,2016,4,16,5,3,5,3,0,0,0,1,0,0,0,0,7.33386E+20,5.38378E+21,1.21635E+16,4.85636E+16
67105,67106,9,7,74,143,2016,4,13,1,3,9,1,0,0,0,0,0,1,0,0,5.92362E+20,5.35984E+21,1.02475E+16,4.8385E+16
67106,67107,9,5,76,122,2016,4,14,1,3,2,6,0,0,0,1,0,0,0,0,6.70161E+20,5.43688E+21,1.13294E+16,4.90612E+16
67107,67108,9,5,75,119,2016,4,10,1,2,3,6,0,0,0,1,0,0,0,0,6.0862E+20,5.48845E+21,1.05013E+16,4.95389E+16
67108,67109,9,1,90,152,2016,4,14,1,2,0,1,0,0,0,0,0,1,0,0,6.71916E+20,5.29959E+21,1.1297E+16,4.78266E+16
67109,67110,9,3,62,0,2016,4,17,5,3,2,6,2,0,0,1,0,0,0,0,7.24308E+20,5.43412E+21,1.20681E+16,4.90192E+16
67110,67111,9,1,89,154,2016,4,19,3,3,0,7,1,0,1,0,0,0,0,0,7.65888E+20,5.31925E+21,1.25627E+16,4.79713E+16
67111,67112,9,7,79,136,2016,4,6,3,3,8,7,0,0,0,1,0,0,0,0,6.08956E+20,5.40631E+21,1.04837E+16,4.88003E+16
67112,67113,9,3,76,153,2016,4,7,4,3,1,6,0,0,0,0,0,1,0,1,7.30198E+20,5.48714E+21,1.2179E+16,4.94932E+16
67113,67114,9,5,72,143,2016,4,23,3,2,8,1,2,1,0,0,0,1,0,0,6.28559E+20,5.51332E+21,1.0785E+16,4.97586E+16
67114,67115,9,6,72,136,2016,4,7,4,3,2,6,0,1,0,1,0,0,0,0,5.7989E+20,5.56371E+21,1.01199E+16,5.02201E+16
67115,67116,9,7,78,199,2016,4,18,4,3,5,3,0,0,0,1,0,0,0,0,6.07422E+20,5.32077E+21,1.04409E+16,4.80312E+16
67116,67117,9,7,77,166,2016,4,5,2,3,8,7,2,0,0,1,0,0,0,0,6.29875E+20,5.2815E+21,1.07302E+16,4.76738E+16
67117,67118,9,4,76,182,2016,4,14,3,2,0,1,0,0,0,1,0,0,0,1,6.74912E+20,5.582E+21,1.14594E+16,5.03641E+16
67118,67119,9,6,71,124,2016,4,6,2,2,2,6,2,0,0,1,0,0,0,0,5.14766E+20,5.53456E+21,9.20588E+15,4.99632E+16
67119,67120,9,3,63,0,2016,4,17,2,3,2,6,0,0,0,1,0,0,0,0,7.26773E+20,5.50485E+21,1.2142E+16,4.96535E+16
67120,67121,9,5,76,111,2016,4,16,4,3,2,6,0,0,0,1,0,0,0,1,6.37457E+20,5.4534E+21,1.08876E+16,4.9218E+16
67121,67122,9,1,76,147,2016,4,17,1,3,5,2,0,0,0,1,0,0,0,0,6.93901E+20,5.41412E+21,1.16432E+16,4.88497E+16
67122,67123,9,1,71,113,2016,4,12,2,3,8,1,0,0,0,1,0,0,0,0,7.71285E+20,5.33794E+21,1.26467E+16,4.81368E+16
67123,67124,9,7,61,0,2016,4,21,1,2,0,1,2,0,0,0,0,1,0,0,6.38325E+20,5.36221E+21,1.08688E+16,4.83979E+16
67124,67125,9,3,62,0,2016,4,9,1,3,5,2,0,0,1,1,0,0,0,0,7.28293E+20,5.4338E+21,1.21223E+16,4.90148E+16
67125,67126,9,2,75,154,2016,4,13,5,3,0,7,0,0,1,0,0,0,0,0,8.04941E+20,5.3912E+21,1.31365E+16,4.85995E+16
67126,67127,9,1,72,118,2016,4,14,5,2,2,6,0,0,0,1,0,0,0,0,7.98536E+20,5.30628E+21,1.29901E+16,4.78404E+16
67127,67128,9,2,77,116,2016,4,15,4,3,5,3,0,0,0,1,0,0,0,0,7.78744E+20,5.3697E+21,1.27676E+16,4.84187E+16
67128,67129,9,1,61,0,2016,4,21,2,2,2,6,2,0,0,1,0,0,0,0,6.77496E+20,5.39725E+21,1.14125E+16,4.8703E+16
67129,67130,9,3,73,151,2016,4,17,3,2,0,2,0,0,0,1,0,0,0,1,7.00817E+20,5.45354E+21,1.17569E+16,4.92017E+16
67130,67131,9,4,77,156,2016,4,15,4,2,0,7,0,0,1,0,0,0,0,0,6.78383E+20,5.56064E+21,1.14981E+16,5.01711E+16
67131,67132,9,2,63,0,2016,4,15,4,3,2,6,0,0,0,1,0,0,0,1,7.62236E+20,5.41802E+21,1.25755E+16,4.88596E+16
67132,67133,9,5,64,0,2016,4,16,3,3,5,2,0,0,1,0,0,0,0,0,6.52297E+20,5.48199E+21,1.11022E+16,4.94714E+16
67133,67134,9,7,73,116,2016,4,10,4,3,2,1,0,0,0,1,0,0,0,0,6.21702E+20,5.38018E+21,1.06495E+16,4.85628E+16
67134,67135,9,4,71,145,2016,4,9,3,2,0,7,0,0,1,1,0,0,0,0,6.43387E+20,5.51982E+21,1.09931E+16,4.98136E+16
67135,67136,9,5,77,161,2016,4,4,4,2,9,1,2,1,0,1,0,0,0,0,6.45318E+20,5.44018E+21,1.09907E+16,4.90973E+16
67136,67137,9,1,81,146,2016,4,19,1,3,8,1,0,0,0,1,0,0,0,0,6.4985E+20,5.32556E+21,1.10114E+16,4.80657E+16
67137,67138,9,1,87,131,2016,4,17,3,2,2,6,0,0,0,0,0,0,1,0,7.36657E+20,5.28855E+21,1.21549E+16,4.7707E+16
67138,67139,9,1,61,0,2016,4,7,5,2,5,3,0,0,0,1,0,1,0,0,6.74168E+20,5.40575E+21,1.13709E+16,4.87803E+16
67139,67140,9,1,72,118,2016,4,20,4,3,5,3,2,1,0,1,0,0,0,1,7.97848E+20,5.30637E+21,1.2981E+16,4.78416E+16
67140,67141,9,1,79,121,2016,4,16,2,3,3,6,0,0,0,1,0,0,1,0,6.67484E+20,5.33906E+21,1.12533E+16,4.81827E+16
67141,67142,9,3,76,117,2016,4,6,3,3,5,2,0,0,0,0,0,0,1,0,7.44024E+20,5.46115E+21,1.23537E+16,4.92544E+16
67142,67143,9,6,78,193,2016,4,18,1,3,5,3,0,0,0,1,0,1,0,0,5.78728E+20,5.53705E+21,1.00981E+16,4.99806E+16
67143,67144,9,5,64,0,2016,4,5,5,3,2,6,1,0,0,1,0,0,0,0,6.47675E+20,5.47616E+21,1.10362E+16,4.94202E+16
67144,67145,9,2,74,176,2016,4,7,3,3,2,6,0,0,0,1,0,0,0,0,7.23465E+20,5.39709E+21,1.20364E+16,4.86868E+16
67145,67146,9,1,62,0,2016,4,18,3,3,1,6,0,0,0,1,0,0,0,0,7.01492E+20,5.33229E+21,1.17071E+16,4.8112E+16
67146,67147,9,6,77,148,2016,4,6,1,3,7,7,1,0,0,0,0,1,0,0,5.47676E+20,5.53586E+21,9.66487E+15,4.99731E+16
67147,67148,9,5,72,137,2016,4,7,5,3,5,3,0,0,0,0,0,1,0,0,6.54561E+20,5.49184E+21,1.11373E+16,4.95594E+16
67148,67149,9,2,71,151,2016,4,16,3,3,0,6,0,0,0,1,0,0,0,0,7.77793E+20,5.4129E+21,1.27837E+16,4.88069E+16
67149,67150,9,1,61,0,2016,4,5,3,3,5,3,2,0,1,1,0,0,0,0,6.77597E+20,5.40488E+21,1.14172E+16,4.87716E+16
67150,67151,9,1,88,121,2016,4,11,5,2,0,7,0,1,1,0,0,0,0,0,6.70056E+20,5.32927E+21,1.12839E+16,4.8094E+16
67151,67152,9,1,62,0,2016,4,14,2,3,2,6,0,0,0,1,0,0,1,1,6.8088E+20,5.33516E+21,1.14317E+16,4.81439E+16
67152,67153,9,7,71,142,2016,4,7,2,3,1,3,0,0,0,1,0,1,0,0,6.45799E+20,5.35074E+21,1.09657E+16,4.8293E+16
67153,67154,9,5,71,199,2016,4,18,2,2,8,7,0,0,0,0,0,0,1,0,5.85822E+20,5.45148E+21,1.01783E+16,4.92101E+16
67154,67155,9,1,85,163,2016,4,21,4,2,5,3,2,0,0,1,0,0,0,0,6.62176E+20,5.39434E+21,1.12033E+16,4.86811E+16
67155,67156,9,3,72,153,2016,4,5,2,3,5,3,2,0,0,1,0,0,0,0,7.56168E+20,5.45512E+21,1.25164E+16,4.91953E+16
67156,67157,9,1,78,124,2016,4,20,2,3,5,3,2,0,1,1,0,0,0,0,7.03228E+20,5.36513E+21,1.17462E+16,4.84065E+16
67157,67158,9,1,84,123,2016,4,11,1,2,5,3,0,0,1,1,0,0,0,0,7.04101E+20,5.33337E+21,1.17426E+16,4.81208E+16
67158,67159,9,5,74,164,2016,4,20,1,2,2,7,2,0,0,1,0,0,1,0,6.6733E+20,5.47418E+21,1.13062E+16,4.93973E+16
67159,67160,9,5,64,0,2016,4,17,1,2,0,1,0,0,0,0,0,1,0,0,6.52504E+20,5.47755E+21,1.11033E+16,4.94315E+16
67160,67161,9,5,71,180,2016,4,19,5,3,2,6,0,0,0,1,0,0,0,0,6.30321E+20,5.46287E+21,1.07927E+16,4.93046E+16
67161,67162,9,1,80,117,2016,4,20,3,2,4,2,2,0,0,1,0,1,0,0,6.56582E+20,5.26181E+21,1.10787E+16,4.74908E+16
67162,67163,9,7,80,143,2016,4,10,3,3,5,3,0,0,0,1,0,0,1,0,5.96731E+20,5.28243E+21,1.0289E+16,4.7688E+16
67163,67164,9,3,62,0,2016,4,14,4,3,2,6,0,0,0,1,0,0,1,0,7.26647E+20,5.43664E+21,1.21015E+16,4.9041E+16
67164,67165,9,1,84,119,2016,4,13,3,3,2,6,0,0,0,1,0,0,0,0,6.9628E+20,5.34759E+21,1.16442E+16,4.82511E+16
67165,67166,9,6,62,0,2016,4,15,3,3,5,2,0,0,1,0,0,0,1,0,5.86828E+20,5.54285E+21,1.02124E+16,5.00316E+16
67166,67167,9,6,75,141,2016,4,18,4,3,5,3,0,0,0,1,0,0,0,1,5.82666E+20,5.50738E+21,1.01467E+16,4.97132E+16
67167,67168,9,1,84,130,2016,4,11,4,3,0,1,0,1,0,0,0,1,0,0,6.99496E+20,5.34579E+21,1.16866E+16,4.82339E+16
67168,67169,9,7,78,204,2016,4,15,2,3,8,1,0,0,0,0,0,1,0,0,6.15447E+20,5.32944E+21,1.05509E+16,4.81077E+16
67169,67170,9,6,62,0,2016,4,20,2,3,6,4,2,0,0,0,1,0,1,0,5.88787E+20,5.54389E+21,1.02399E+16,5.00406E+16
67170,67171,9,4,72,140,2016,4,7,2,3,5,2,0,0,0,1,0,1,0,0,6.82923E+20,5.5316E+21,1.15477E+16,4.99088E+16
67171,67172,9,5,62,0,2016,4,13,4,3,2,6,0,0,0,1,0,0,0,0,6.4276E+20,5.49469E+21,1.09752E+16,4.95879E+16
67172,67173,9,1,81,126,2016,4,4,1,2,9,1,2,0,0,1,0,0,0,0,6.36586E+20,5.33055E+21,1.08351E+16,4.81136E+16
67173,67174,9,3,77,158,2016,4,11,4,3,4,6,0,0,0,1,0,0,0,0,7.3568E+20,5.54295E+21,1.22883E+16,4.99922E+16
67174,67175,9,1,76,167,2016,4,15,3,2,5,2,0,0,0,1,0,0,0,0,6.78275E+20,5.4094E+21,1.14283E+16,4.8812E+16
67175,67176,9,6,75,139,2016,4,14,3,3,6,7,0,0,0,1,1,0,0,0,5.90714E+20,5.50563E+21,1.02579E+16,4.96964E+16
67176,67177,9,7,61,0,2016,4,5,4,3,3,2,2,0,1,1,0,0,0,0,6.42861E+20,5.36005E+21,1.09293E+16,4.83774E+16
67177,67178,9,1,62,0,2016,4,19,4,3,5,3,2,0,0,1,0,0,0,0,7.01605E+20,5.33558E+21,1.17102E+16,4.81415E+16
67178,67179,9,7,75,135,2016,4,10,2,3,3,6,0,0,0,1,0,0,1,0,5.73675E+20,5.35912E+21,9.99501E+15,4.83809E+16
67179,67180,9,6,79,202,2016,4,10,2,3,5,3,0,0,0,1,0,0,0,0,5.63244E+20,5.51948E+21,9.87928E+15,4.98245E+16
67180,67181,9,5,71,180,2016,4,22,2,3,5,3,2,0,0,1,0,0,1,0,6.30467E+20,5.46247E+21,1.07946E+16,4.93011E+16
67181,67182,9,5,76,128,2016,4,17,4,3,1,6,0,0,0,0,0,0,1,0,6.43117E+20,5.46347E+21,1.09689E+16,4.93072E+16
67182,67183,9,1,81,130,2016,4,8,4,3,4,1,0,1,0,1,0,0,1,0,6.3726E+20,5.32345E+21,1.08419E+16,4.80495E+16
67183,67184,9,1,88,126,2016,4,14,1,3,0,7,0,0,1,0,0,0,0,0,6.59813E+20,5.32617E+21,1.11453E+16,4.80688E+16
67184,67185,9,2,75,124,2016,4,17,2,3,8,1,0,0,0,0,0,1,0,0,8.10838E+20,5.38056E+21,1.32084E+16,4.85012E+16
67185,67186,9,7,80,140,2016,4,17,1,2,8,1,0,0,0,0,0,1,0,0,6.01859E+20,5.28159E+21,1.03571E+16,4.76797E+16
67186,67187,9,4,78,127,2016,4,9,1,3,5,3,0,0,0,1,0,0,0,1,6.5539E+20,5.55785E+21,1.11752E+16,5.01525E+16
67187,67188,9,1,80,112,2016,4,15,1,3,0,1,0,0,1,0,0,0,0,0,6.52908E+20,5.28163E+21,1.10369E+16,4.767E+16
67188,67189,9,3,62,0,2016,4,8,5,3,9,1,0,0,0,1,0,0,0,0,7.24984E+20,5.43187E+21,1.20761E+16,4.89987E+16
67189,67190,9,1,89,152,2016,4,12,3,2,4,6,0,0,0,1,0,0,1,0,7.80561E+20,5.32621E+21,1.27634E+16,4.80275E+16
67190,67191,9,7,61,0,2016,4,9,3,3,2,6,0,0,0,1,0,0,0,0,6.43372E+20,5.36071E+21,1.09364E+16,4.83832E+16
67191,67192,9,3,71,127,2016,4,20,4,3,5,3,2,0,0,1,0,1,0,0,7.09077E+20,5.48772E+21,1.18881E+16,4.95061E+16
67192,67193,9,5,72,137,2016,4,12,3,3,2,6,0,0,0,1,0,1,0,0,6.55124E+20,5.49179E+21,1.1145E+16,4.95588E+16
67193,67194,9,7,76,127,2016,4,7,4,3,8,1,0,1,0,0,0,1,0,0,5.75734E+20,5.27305E+21,1.00076E+16,4.76065E+16
67194,67195,9,4,72,150,2016,4,5,3,3,0,1,2,1,0,1,0,0,0,0,6.80433E+20,5.53764E+21,1.15159E+16,4.99638E+16
67195,67196,9,5,76,127,2016,4,7,4,3,5,3,0,0,0,1,0,0,0,0,6.57175E+20,5.45282E+21,1.1158E+16,4.9208E+16
67196,67197,9,1,88,121,2016,4,17,1,3,2,6,0,0,0,1,0,0,0,0,6.71487E+20,5.33074E+21,1.13037E+16,4.81068E+16
67197,67198,9,1,82,131,2016,4,10,2,3,2,6,0,0,0,1,0,0,0,0,7.14324E+20,5.29105E+21,1.18588E+16,4.77372E+16
67198,67199,9,7,71,122,2016,4,11,1,2,3,6,0,0,0,1,0,0,0,0,6.51831E+20,5.36241E+21,1.10512E+16,4.83966E+16
67199,67200,9,3,73,112,2016,4,17,1,3,0,1,0,0,1,0,0,0,0,0,6.74066E+20,5.44358E+21,1.13857E+16,4.91204E+16
67200,67201,9,2,77,113,2016,4,13,5,2,2,6,0,0,0,1,0,0,0,0,7.98656E+20,5.37393E+21,1.30391E+16,4.84475E+16
67201,67202,9,1,89,155,2016,4,17,2,3,2,6,0,0,0,1,0,0,0,0,7.7104E+20,5.31088E+21,1.26263E+16,4.78939E+16
67202,67203,9,7,77,173,2016,4,14,1,3,0,1,0,0,1,0,0,0,0,0,6.3654E+20,5.27752E+21,1.08177E+16,4.76367E+16
67203,67204,9,4,71,131,2016,4,16,1,2,3,2,0,0,0,1,0,1,0,0,6.36316E+20,5.51745E+21,1.08941E+16,4.97941E+16
67204,67205,9,2,76,144,2016,4,10,5,3,2,6,0,0,0,1,0,0,0,0,7.83689E+20,5.44272E+21,1.28846E+16,4.90719E+16
67205,67206,9,6,75,117,2016,4,14,3,2,4,6,0,0,0,1,0,1,0,0,5.83225E+20,5.51854E+21,1.01568E+16,4.98135E+16
67206,67207,9,1,80,123,2016,4,18,5,3,5,2,0,1,0,1,0,0,0,0,6.69383E+20,5.26087E+21,1.12482E+16,4.74793E+16
67207,67208,9,2,71,141,2016,4,6,4,3,7,1,1,1,0,0,0,0,1,0,7.9713E+20,5.4009E+21,1.30378E+16,4.86903E+16
67208,67209,9,4,75,145,2016,4,6,3,2,2,6,0,0,0,0,0,0,1,0,7.00137E+20,5.57515E+21,1.181E+16,5.02945E+16
67209,67210,9,1,61,0,2016,4,17,2,3,5,2,0,0,1,1,0,0,0,0,6.79101E+20,5.40144E+21,1.14361E+16,4.87402E+16
67210,67211,9,3,75,117,2016,4,8,3,3,2,6,0,0,0,1,0,0,0,0,7.34765E+20,5.43192E+21,1.22096E+16,4.89955E+16
67211,67212,9,5,75,117,2016,4,6,4,3,6,7,0,0,0,0,1,0,0,1,6.23153E+20,5.49994E+21,1.07057E+16,4.96395E+16