FID,OBJECTID,ULAND,UREGBEZ,UKREIS,UGEMEINDE,UJAHR,UMONAT,USTUNDE,UWOCHENTAG,UKATEGORIE,UART,UTYP1,ULICHTVERH,IstStrasse,IstRad,IstPKW,IstFuss,IstKrad,IstGkfz,IstSonstig,LINREFX,LINREFY,XGCSWGS84,YGCSWGS84
67212,67213,9,7,71,146,2016,4,18,1,3,1,6,0,0,0,1,0,0,0,1,6.44888E+20,5.34451E+21,1.09513E+16,4.82373E+16
67213,67214,9,5,72,444,2016,4,17,5,3,0,7,0,0,0,1,0,0,1,0,6.50126E+20,5.4876E+21,1.10744E+16,4.95225E+16
67214,67215,9,1,82,120,2016,4,16,3,3,4,6,0,0,0,1,0,0,0,0,7.00457E+20,5.30768E+21,1.16817E+16,4.78911E+16
67215,67216,9,1,84,120,2016,4,7,5,3,2,6,0,0,0,1,0,0,0,0,6.82422E+20,5.33315E+21,1.14515E+16,4.81254E+16
67216,67217,9,1,77,112,2016,4,8,3,2,8,1,0,0,0,1,0,0,0,0,7.16142E+20,5.36593E+21,1.19209E+16,4.84094E+16
67217,67218,9,7,79,194,2016,4,13,2,3,5,3,0,0,0,1,0,0,0,0,6.09596E+20,5.41137E+21,1.04938E+16,4.88456E+16
67218,67219,9,5,74,156,2016,4,16,2,3,4,6,0,0,0,1,0,0,0,0,6.60261E+20,5.48261E+21,1.12123E+16,4.9475E+16
67219,67220,9,1,87,177,2016,4,19,4,3,1,6,0,1,0,1,0,0,0,1,7.35041E+20,5.30511E+21,1.21423E+16,4.78563E+16
67220,67221,9,1,76,143,2016,4,8,5,3,5,3,0,0,1,1,0,0,0,0,6.79937E+20,5.40768E+21,1.14502E+16,4.87961E+16
67221,67222,9,2,74,134,2016,4,11,4,2,2,2,0,0,0,1,0,0,0,0,7.4296E+20,5.37377E+21,1.22872E+16,4.84701E+16
67222,67223,9,1,76,114,2016,4,17,2,3,4,6,0,0,1,0,1,0,0,0,6.80823E+20,5.43481E+21,1.14743E+16,4.90396E+16
67223,67224,9,3,72,164,2016,4,10,3,3,5,3,0,0,0,1,0,0,0,0,7.65789E+20,5.45269E+21,1.26466E+16,4.91694E+16
67224,67225,9,6,74,187,2016,4,17,1,1,1,2,0,0,0,1,0,0,0,0,6.13129E+20,5.52739E+21,1.05749E+16,4.98882E+16
67225,67226,9,5,76,148,2016,4,7,5,3,2,6,0,0,0,1,0,0,0,0,6.61688E+20,5.43985E+21,1.12147E+16,4.90902E+16
67226,67227,9,2,75,135,2016,4,17,3,3,1,2,0,0,0,1,0,0,0,0,8.2241E+20,5.40149E+21,1.33808E+16,4.86831E+16
67227,67228,9,1,85,158,2016,4,22,3,3,7,1,2,0,1,0,0,0,0,0,6.66346E+20,5.38105E+21,1.12546E+16,4.85605E+16
67228,67229,9,7,71,122,2016,4,8,4,2,4,1,0,1,0,1,0,0,0,0,6.48377E+20,5.35947E+21,1.10035E+16,4.8371E+16
67229,67230,9,1,88,120,2016,4,19,5,3,5,3,0,0,1,1,0,0,0,0,6.77172E+20,5.32661E+21,1.13783E+16,4.80681E+16
67230,67231,9,1,62,0,2016,4,18,2,3,2,6,0,0,0,1,0,0,0,0,6.92157E+20,5.33947E+21,1.15851E+16,4.81794E+16
67231,67232,9,7,61,0,2016,4,15,2,2,3,2,0,0,1,0,0,0,0,1,6.38752E+20,5.36113E+21,1.08742E+16,4.83881E+16
67232,67233,9,5,75,128,2016,4,17,2,2,5,3,0,0,1,1,0,0,0,0,6.20363E+20,5.49744E+21,1.06663E+16,4.96176E+16
67233,67234,9,6,78,168,2016,4,9,4,3,5,3,0,0,0,1,0,0,0,0,5.82118E+20,5.5539E+21,1.0149E+16,5.01317E+16
67234,67235,9,1,76,121,2016,4,8,4,2,9,1,0,0,0,1,0,0,0,0,6.56264E+20,5.41744E+21,1.11318E+16,4.88902E+16
67235,67236,9,1,81,114,2016,4,15,1,2,5,3,0,0,0,1,0,1,0,0,6.54199E+20,5.31392E+21,1.10656E+16,4.796E+16
67236,67237,9,3,72,116,2016,4,13,2,3,2,2,0,0,0,0,0,0,0,1,7.66851E+20,5.45645E+21,1.26636E+16,4.92027E+16
67237,67238,9,1,78,138,2016,4,16,2,3,3,6,0,0,0,1,0,0,1,0,7.13345E+20,5.36961E+21,1.1885E+16,4.84434E+16
67238,67239,9,1,84,142,2016,4,15,1,3,0,1,0,0,0,0,0,1,0,0,6.83914E+20,5.31742E+21,1.14648E+16,4.79836E+16
67239,67240,9,5,72,121,2016,4,18,1,2,0,1,0,0,1,0,0,0,0,0,6.60369E+20,5.49547E+21,1.1219E+16,4.95905E+16
67240,67241,9,5,77,133,2016,4,16,1,2,0,7,0,0,0,0,0,1,0,0,6.24631E+20,5.43484E+21,1.07058E+16,4.90538E+16
67241,67242,9,3,75,199,2016,4,6,5,3,2,1,1,0,0,1,0,0,0,0,7.19771E+20,5.43148E+21,1.20047E+16,4.8997E+16
67242,67243,9,1,89,119,2016,4,17,3,3,2,6,0,0,0,1,0,0,0,0,7.68102E+20,5.30838E+21,1.25855E+16,4.78727E+16
67243,67244,9,7,77,121,2016,4,16,3,3,5,2,0,0,0,1,0,0,0,0,6.27881E+20,5.31952E+21,1.07149E+16,4.80162E+16
67244,67245,9,5,71,216,2016,4,15,7,2,8,7,0,0,0,1,0,0,0,0,6.20898E+20,5.45203E+21,1.06599E+16,4.92092E+16
67245,67246,9,6,71,136,2016,4,14,4,3,0,7,0,1,0,0,0,1,0,0,5.03515E+20,5.54093E+21,9.04907E+15,5.00207E+16
67246,67247,9,7,74,185,2016,4,17,6,3,5,3,0,0,1,1,0,0,0,0,6.08071E+20,5.34933E+21,1.04569E+16,4.82879E+16
67247,67248,9,7,71,130,2016,4,8,2,3,2,6,0,0,0,1,0,0,0,0,6.44045E+20,5.36319E+21,1.09464E+16,4.84054E+16
67248,67249,9,4,74,133,2016,4,9,6,2,4,1,0,0,0,1,0,0,1,0,6.42284E+20,5.51266E+21,1.09752E+16,4.97496E+16
67249,67250,9,1,63,0,2016,4,10,6,3,6,4,0,1,0,1,1,0,0,0,7.34231E+20,5.30458E+21,1.21312E+16,4.78518E+16
67250,67251,9,2,78,192,2016,4,16,3,3,3,2,0,0,0,1,0,1,0,0,7.73813E+20,5.41496E+21,1.2731E+16,4.88271E+16
67251,67252,9,1,74,115,2016,4,12,2,3,8,7,0,0,0,1,0,0,0,0,6.80936E+20,5.34809E+21,1.14379E+16,4.82602E+16
67252,67253,9,5,76,117,2016,4,4,2,3,5,3,2,0,0,1,0,0,0,1,6.43685E+20,5.45966E+21,1.09753E+16,4.92728E+16
67253,67254,9,6,79,144,2016,4,16,3,3,2,6,0,0,0,1,0,0,0,0,5.50927E+20,5.51355E+21,9.70728E+15,4.97723E+16
67254,67255,9,1,62,0,2016,4,7,3,3,4,6,1,1,1,0,0,0,0,0,6.8515E+20,5.3289E+21,1.14863E+16,4.80865E+16
67255,67256,9,1,84,148,2016,4,9,4,3,5,3,0,0,0,1,0,0,0,0,6.96141E+20,5.32633E+21,1.16326E+16,4.80601E+16
67256,67257,9,7,63,0,2016,4,11,1,3,5,3,0,0,0,1,0,0,0,0,5.98082E+20,5.28808E+21,1.03083E+16,4.77386E+16
67257,67258,9,4,73,144,2016,4,18,1,2,5,6,0,0,0,1,0,0,0,0,6.33176E+20,5.57433E+21,1.08702E+16,5.0306E+16
67258,67259,9,1,73,147,2016,4,19,1,3,5,2,0,0,0,1,0,0,0,0,6.81611E+20,5.30884E+21,1.14303E+16,4.79072E+16
67259,67260,9,5,65,0,2016,4,14,3,3,5,3,0,0,1,0,0,0,0,1,6.4704E+20,5.4659E+21,1.10237E+16,4.93281E+16
67260,67261,9,1,62,0,2016,4,16,2,3,2,6,0,0,0,1,0,0,0,0,6.89674E+20,5.33904E+21,1.15515E+16,4.81762E+16
67261,67262,9,7,78,214,2016,4,17,5,1,5,3,0,0,0,1,0,0,1,0,5.97213E+20,5.3227E+21,1.03045E+16,4.80502E+16
67262,67263,9,1,88,127,2016,4,14,7,3,5,2,0,0,0,1,0,0,0,0,6.79979E+20,5.33E+21,1.14174E+16,4.80979E+16
67263,67264,9,5,73,134,2016,4,7,4,2,2,6,0,0,0,1,0,1,0,0,6.42307E+20,5.47763E+21,1.09628E+16,4.94347E+16
67264,67265,9,2,74,156,2016,4,0,7,3,8,7,2,0,0,1,0,0,0,0,7.47254E+20,5.38898E+21,1.23542E+16,4.8605E+16
67265,67266,9,6,61,0,2016,4,17,6,3,0,6,0,0,0,1,0,0,0,1,5.10308E+20,5.53625E+21,9.14377E+15,4.99785E+16
67266,67267,9,1,88,113,2016,4,15,6,3,2,6,0,0,0,1,0,0,0,0,6.80054E+20,5.31442E+21,1.14118E+16,4.79577E+16
67267,67268,9,6,63,0,2016,4,15,2,2,5,2,0,0,0,1,0,0,0,0,5.66345E+20,5.51706E+21,9.92197E+15,4.98023E+16
67268,67269,9,1,63,0,2016,4,7,6,3,5,2,1,1,0,1,0,0,0,0,7.34694E+20,5.30488E+21,1.21376E+16,4.78544E+16
67269,67270,9,2,71,153,2016,4,14,4,3,5,3,0,0,0,1,0,0,0,0,7.98674E+20,5.40537E+21,1.3062E+16,4.87296E+16
67270,67271,9,1,89,155,2016,4,10,5,3,2,6,0,0,0,1,0,0,0,1,7.73019E+20,5.30762E+21,1.26506E+16,4.78638E+16
67271,67272,9,1,82,133,2016,4,21,3,2,8,1,2,0,0,0,0,1,0,0,7.0659E+20,5.3049E+21,1.17623E+16,4.78642E+16
67272,67273,9,3,74,168,2016,4,11,2,3,5,3,0,0,0,1,0,0,0,0,7.2694E+20,5.5215E+21,1.2154E+16,4.9803E+16
67273,67274,9,7,63,0,2016,4,11,3,3,5,3,0,0,0,1,0,1,0,0,5.9938E+20,5.28567E+21,1.0325E+16,4.77168E+16
67274,67275,9,6,63,0,2016,4,7,4,3,2,6,0,0,0,1,0,0,0,0,5.67329E+20,5.513E+21,9.93495E+15,4.97657E+16
67275,67276,9,2,79,122,2016,4,18,3,3,4,1,0,0,0,1,0,0,0,0,7.74172E+20,5.39819E+21,1.27247E+16,4.86765E+16
67276,67277,9,5,71,155,2016,4,7,2,3,2,6,0,0,0,1,0,0,0,0,5.97178E+20,5.46929E+21,1.03385E+16,4.93686E+16
67277,67278,9,6,73,114,2016,4,16,3,3,2,7,0,0,0,1,0,1,0,0,5.86374E+20,5.57498E+21,1.02133E+16,5.03206E+16
67278,67279,9,7,64,0,2016,4,17,3,3,2,6,0,0,0,1,0,0,0,0,5.87573E+20,5.31476E+21,1.01735E+16,4.79801E+16
67279,67280,9,7,80,133,2016,4,10,4,3,5,3,0,0,1,1,0,0,0,0,5.96165E+20,5.25241E+21,1.02749E+16,4.7418E+16
67280,67281,9,6,75,117,2016,4,10,1,3,8,7,0,0,0,1,0,0,0,0,5.79616E+20,5.52091E+21,1.01072E+16,4.98353E+16
67281,67282,9,2,76,144,2016,4,6,2,2,8,7,0,0,0,1,0,0,0,0,7.83611E+20,5.44861E+21,1.28877E+16,4.91248E+16
67282,67283,9,4,61,0,2016,4,19,1,2,9,7,0,0,1,0,0,0,0,0,6.38818E+20,5.52957E+21,1.09331E+16,4.99024E+16
67283,67284,9,1,85,113,2016,4,16,1,3,5,3,0,0,0,1,0,0,0,1,6.6695E+20,5.37844E+21,1.12617E+16,4.85369E+16
67284,67285,9,5,64,0,2016,4,18,3,3,2,6,0,0,0,1,0,0,0,0,6.5531E+20,5.4822E+21,1.11438E+16,4.94725E+16
67285,67286,9,7,74,150,2016,4,13,5,1,6,2,0,0,0,0,1,0,1,0,6.01791E+20,5.34417E+21,1.0371E+16,4.82426E+16
67286,67287,9,7,72,160,2016,4,18,7,3,8,1,0,1,0,1,0,0,0,0,6.38071E+20,5.34131E+21,1.08585E+16,4.821E+16
67287,67288,9,4,77,128,2016,4,9,4,3,2,6,0,0,0,1,0,0,0,0,6.75046E+20,5.55315E+21,1.14479E+16,5.01048E+16
67288,67289,9,1,72,117,2016,4,22,7,3,5,3,2,1,0,1,0,0,0,0,7.99535E+20,5.28245E+21,1.2987E+16,4.76261E+16
67289,67290,9,5,76,126,2016,4,13,6,3,3,6,0,0,0,1,0,1,0,0,6.54501E+20,5.44365E+21,1.11177E+16,4.91262E+16
67290,67291,9,6,61,0,2016,4,8,2,2,6,7,0,0,1,0,1,0,0,0,5.10307E+20,5.53621E+21,9.14376E+15,4.99782E+16
67291,67292,9,2,75,116,2016,4,18,4,3,0,1,0,0,1,0,0,0,0,0,8.15127E+20,5.35933E+21,1.32503E+16,4.83085E+16
67292,67293,9,1,82,133,2016,4,6,5,3,2,6,0,1,0,1,0,0,0,1,7.04623E+20,5.30758E+21,1.17373E+16,4.78889E+16
67293,67294,9,1,85,158,2016,4,11,3,3,5,3,0,1,1,1,0,0,0,0,6.66028E+20,5.38156E+21,1.12505E+16,4.85651E+16
67294,67295,9,3,76,151,2016,4,18,2,3,2,6,0,0,0,1,0,0,0,0,7.48916E+20,5.48486E+21,1.24356E+16,4.94653E+16
67295,67296,9,6,78,115,2016,4,12,7,3,0,6,0,0,0,1,0,1,0,0,5.85035E+20,5.54102E+21,1.01869E+16,5.00154E+16
67296,67297,9,2,74,113,2016,4,19,2,3,2,6,0,0,0,1,0,0,0,1,7.29749E+20,5.38174E+21,1.21131E+16,4.85466E+16
67297,67298,9,6,73,142,2016,4,11,4,2,5,3,0,0,0,1,0,1,0,0,5.92789E+20,5.58792E+21,1.03066E+16,5.04359E+16
67298,67299,9,3,74,111,2016,4,7,3,3,2,6,0,0,0,1,0,0,0,0,7.27652E+20,5.51208E+21,1.21584E+16,4.97181E+16
67299,67300,9,1,74,122,2016,4,22,7,3,8,1,2,1,0,1,0,0,0,0,6.85559E+20,5.35427E+21,1.15029E+16,4.83143E+16
67300,67301,9,7,77,151,2016,4,12,2,2,5,3,0,0,0,1,0,0,0,0,6.2525E+20,5.29307E+21,1.06719E+16,4.77788E+16
67301,67302,9,5,77,136,2016,4,12,6,2,5,7,0,0,0,1,0,0,0,0,6.28959E+20,5.4429E+21,1.07676E+16,4.91254E+16
67302,67303,9,3,72,168,2016,4,13,4,3,5,3,0,0,0,1,0,0,0,0,7.64966E+20,5.46214E+21,1.26415E+16,4.92546E+16
67303,67304,9,2,77,138,2016,4,7,2,3,3,6,0,0,0,1,0,1,0,0,7.91728E+20,5.3719E+21,1.29443E+16,4.84326E+16
67304,67305,9,5,61,0,2016,4,15,3,2,8,6,0,0,0,1,0,0,0,0,6.07637E+20,5.45864E+21,1.04797E+16,4.9271E+16
67305,67306,9,7,64,0,2016,4,6,2,3,1,6,0,0,0,1,0,0,0,0,5.8829E+20,5.31284E+21,1.01827E+16,4.79628E+16
67306,67307,9,3,75,179,2016,4,7,4,3,5,3,0,0,0,1,0,0,0,1,7.31986E+20,5.42802E+21,1.21695E+16,4.89615E+16
67307,67308,9,2,74,132,2016,4,7,6,3,4,6,0,1,0,1,0,0,1,0,7.25076E+20,5.38609E+21,1.20523E+16,4.85874E+16
67308,67309,9,1,61,0,2016,4,14,7,3,2,6,0,0,0,1,0,0,0,0,6.81188E+20,5.40202E+21,1.14647E+16,4.87448E+16
67309,67310,9,1,82,137,2016,4,6,2,3,0,1,0,1,0,0,0,1,0,0,7.1368E+20,5.30436E+21,1.18568E+16,4.7857E+16
67310,67311,9,1,73,137,2016,4,12,4,3,8,7,0,0,0,1,0,0,0,0,6.79403E+20,5.30624E+21,1.13997E+16,4.78844E+16
67311,67312,9,1,76,164,2016,4,17,5,2,0,1,0,0,0,0,0,1,1,0,6.62738E+20,5.43388E+21,1.12266E+16,4.90363E+16
67312,67313,9,1,79,123,2016,4,7,3,3,1,5,0,0,0,1,0,0,0,0,6.7725E+20,5.335E+21,1.13828E+16,4.81435E+16
67313,67314,9,5,64,0,2016,4,19,7,3,0,3,1,0,0,1,0,0,0,1,6.48225E+20,5.47719E+21,1.10442E+16,4.94293E+16
67314,67315,9,1,89,155,2016,4,7,2,3,5,3,0,0,0,1,0,0,0,0,7.72565E+20,5.3103E+21,1.26463E+16,4.78881E+16
67315,67316,9,6,76,160,2016,4,17,4,3,5,3,0,1,0,1,0,0,0,0,5.10853E+20,5.52834E+21,9.15114E+15,4.99073E+16
67316,67317,9,1,77,139,2016,4,10,7,3,0,2,0,0,0,1,0,0,0,0,7.31948E+20,5.35922E+21,1.21304E+16,4.83435E+16
67317,67318,9,7,73,125,2016,4,17,2,2,1,6,0,0,0,1,0,1,0,0,6.13662E+20,5.38393E+21,1.05416E+16,4.85981E+16
67318,67319,9,4,72,154,2016,4,16,6,3,2,1,0,0,0,1,0,0,0,0,6.65385E+20,5.5329E+21,1.13042E+16,4.99255E+16
67319,67320,9,1,87,177,2016,4,15,6,3,2,2,0,1,0,1,0,0,0,0,7.35752E+20,5.30745E+21,1.21531E+16,4.78771E+16
67320,67321,9,3,76,161,2016,4,14,3,3,5,3,0,0,1,1,0,0,0,0,7.25585E+20,5.46838E+21,1.21048E+16,4.93264E+16
67321,67322,9,1,88,126,2016,4,17,2,3,2,6,0,0,0,1,0,0,0,1,6.60245E+20,5.32779E+21,1.11517E+16,4.80832E+16
67322,67323,9,7,71,130,2016,4,15,3,3,5,3,0,0,1,1,0,0,0,0,6.46967E+20,5.35815E+21,1.0984E+16,4.83594E+16
67323,67324,9,1,74,118,2016,4,9,4,3,5,3,0,0,0,1,0,0,0,0,6.71048E+20,5.35561E+21,1.13079E+16,4.83305E+16
67324,67325,9,1,84,120,2016,4,14,4,3,5,6,0,0,1,1,0,0,0,0,6.81581E+20,5.33198E+21,1.14397E+16,4.81152E+16
67325,67326,9,7,78,204,2016,4,14,1,2,9,1,0,0,0,0,0,1,0,0,6.15613E+20,5.32933E+21,1.05531E+16,4.81067E+16
67326,67327,9,5,71,175,2016,4,16,1,2,9,6,0,0,0,1,0,0,0,0,6.24046E+20,5.45892E+21,1.07052E+16,4.92704E+16
67327,67328,9,2,72,136,2016,4,17,1,3,3,6,0,0,0,1,0,0,0,0,8.49225E+20,5.40993E+21,1.3751E+16,4.87444E+16
67328,67329,9,5,62,0,2016,4,17,3,3,5,6,0,0,0,1,0,0,0,0,6.45605E+20,5.49547E+21,1.10148E+16,4.95943E+16
67329,67330,9,1,82,129,2016,4,9,2,3,0,1,0,0,1,0,0,0,0,0,7.07521E+20,5.28542E+21,1.17655E+16,4.76889E+16
67330,67331,9,1,76,120,2016,4,15,4,2,8,1,0,1,0,0,0,1,0,0,6.77815E+20,5.42296E+21,1.1428E+16,4.8934E+16
67331,67332,9,1,88,141,2016,4,10,5,3,5,3,0,0,0,1,0,0,1,0,6.70406E+20,5.30882E+21,1.12805E+16,4.79101E+16
67332,67333,9,1,77,126,2016,4,6,2,3,4,2,0,0,0,1,0,0,0,0,7.20907E+20,5.36949E+21,1.1987E+16,4.84397E+16
67333,67334,9,6,76,132,2016,4,5,1,3,8,1,2,0,0,1,0,0,0,0,5.15769E+20,5.50653E+21,9.21872E+15,4.97111E+16
67334,67335,9,2,77,140,2016,4,14,1,2,5,3,0,0,0,1,0,1,0,0,7.92874E+20,5.36021E+21,1.29516E+16,4.83272E+16
67335,67336,9,1,78,145,2016,4,12,3,3,2,6,0,0,0,0,0,0,1,0,6.93081E+20,5.35775E+21,1.16058E+16,4.83434E+16
67336,67337,9,1,61,0,2016,4,15,1,3,5,3,0,0,1,1,0,0,0,0,6.79006E+20,5.40167E+21,1.14349E+16,4.87423E+16
67337,67338,9,4,64,0,2016,4,14,7,3,3,6,0,0,0,1,0,0,1,0,7.07772E+20,5.57633E+21,1.19177E+16,5.03024E+16
67338,67339,9,5,72,131,2016,4,7,4,3,2,6,0,0,0,1,0,0,0,0,6.52376E+20,5.48625E+21,1.11049E+16,4.95098E+16
67339,67340,9,7,77,125,2016,4,14,6,3,2,6,0,0,0,1,0,0,0,0,6.20617E+20,5.27599E+21,1.06054E+16,4.76261E+16
67340,67341,9,6,63,0,2016,4,16,6,3,0,1,0,0,0,0,0,1,0,0,5.69245E+20,5.51692E+21,9.96223E+15,4.98007E+16
67341,67342,9,7,72,125,2016,4,20,2,2,0,6,0,0,0,1,0,1,0,0,6.32729E+20,5.3482E+21,1.07888E+16,4.82731E+16
67342,67343,9,3,73,167,2016,4,17,6,3,8,1,0,0,0,1,0,0,0,0,6.96115E+20,5.45485E+21,1.1693E+16,4.9215E+16
67343,67344,9,1,87,114,2016,4,10,6,3,6,2,0,1,0,1,1,0,0,0,7.49044E+20,5.29712E+21,1.23246E+16,4.77792E+16
67344,67345,9,2,76,139,2016,4,7,3,3,2,1,0,0,0,1,0,1,0,0,8.0769E+20,5.43109E+21,1.32035E+16,4.89561E+16
67345,67346,9,1,75,132,2016,4,18,2,3,5,2,0,0,0,1,0,1,0,0,7.0631E+20,5.33071E+21,1.1771E+16,4.80962E+16
67346,67347,9,5,76,113,2016,4,16,2,3,5,3,0,0,0,1,0,0,0,0,6.61725E+20,5.45747E+21,1.12223E+16,4.92486E+16
67347,67348,9,6,75,141,2016,4,5,3,3,8,7,2,0,0,0,0,1,0,0,5.80672E+20,5.50986E+21,1.01195E+16,4.97358E+16
67348,67349,9,1,62,0,2016,4,11,3,3,6,4,0,1,0,1,0,0,0,1,7.01511E+20,5.33519E+21,1.17087E+16,4.8138E+16
67349,67350,9,7,75,135,2016,4,14,4,3,5,7,0,0,0,1,0,0,0,0,5.75717E+20,5.35975E+21,1.00227E+16,4.83864E+16
67350,67351,9,7,72,179,2016,4,17,1,3,2,6,0,0,0,1,0,1,0,0,6.18939E+20,5.3371E+21,1.05999E+16,4.8176E+16
67351,67352,9,4,77,156,2016,4,17,1,2,9,1,0,0,0,0,0,1,0,0,6.79397E+20,5.56287E+21,1.15133E+16,5.01908E+16
67352,67353,9,1,73,140,2016,4,17,1,3,9,1,0,0,0,1,0,0,0,0,6.95622E+20,5.29498E+21,1.16114E+16,4.77785E+16
67353,67354,9,5,74,123,2016,4,18,3,3,2,6,0,0,0,1,0,0,0,0,6.60197E+20,5.47049E+21,1.12065E+16,4.9366E+16
67354,67355,9,7,74,160,2016,4,7,5,3,5,3,0,0,0,1,0,0,0,0,6.07917E+20,5.35162E+21,1.04554E+16,4.83085E+16
67355,67356,9,7,75,162,2016,4,10,7,2,5,3,0,0,0,1,0,0,0,0,5.79784E+20,5.34951E+21,1.00757E+16,4.82937E+16
67356,67357,9,5,75,116,2016,4,13,4,3,8,1,0,0,0,1,0,0,0,0,6.09495E+20,5.50867E+21,1.05191E+16,4.97206E+16
67357,67358,9,2,79,124,2016,4,17,7,3,5,3,0,0,0,1,0,0,0,0,7.52029E+20,5.38366E+21,1.24157E+16,4.85553E+16
67358,67359,9,5,74,123,2016,4,23,6,3,9,1,2,0,0,1,0,0,0,0,6.62507E+20,5.48105E+21,1.12426E+16,4.94603E+16
67359,67360,9,1,90,148,2016,4,14,6,3,2,6,0,0,0,1,0,0,1,0,6.40258E+20,5.29506E+21,1.08728E+16,4.77936E+16
67360,67361,9,1,62,0,2016,4,14,2,3,0,7,0,0,1,0,0,0,0,1,6.88739E+20,5.33168E+21,1.15357E+16,4.81104E+16
67361,67362,9,7,75,162,2016,4,16,5,2,5,6,0,0,0,1,0,1,0,0,5.83131E+20,5.3488E+21,1.01207E+16,4.8287E+16
67362,67363,9,1,74,115,2016,4,16,1,3,5,3,0,0,0,1,0,0,0,0,6.77719E+20,5.35219E+21,1.13963E+16,4.8298E+16
67363,67364,9,5,64,0,2016,4,16,4,3,3,6,0,1,0,1,0,1,0,0,6.46343E+20,5.48087E+21,1.10196E+16,4.94628E+16
67364,67365,9,2,77,128,2016,4,11,7,3,2,6,0,0,0,1,0,0,0,0,7.97045E+20,5.35191E+21,1.30019E+16,4.82507E+16
67365,67366,9,6,63,0,2016,4,13,6,3,2,6,0,0,0,1,0,0,0,0,5.68957E+20,5.51674E+21,9.9582E+15,4.97991E+16
67366,67367,9,6,76,140,2016,4,16,6,3,2,6,0,0,0,1,0,0,0,0,5.06474E+20,5.52189E+21,9.09006E+15,4.98494E+16
67367,67368,9,1,83,148,2016,4,18,6,3,4,1,0,1,0,1,0,0,0,0,7.54149E+20,5.34481E+21,1.24209E+16,4.82056E+16
67368,67369,9,7,61,0,2016,4,15,2,2,5,3,0,0,1,0,0,1,0,0,6.41534E+20,5.35346E+21,1.09092E+16,4.83185E+16
67369,67370,9,2,71,146,2016,4,12,6,3,5,3,0,0,1,1,0,0,0,0,7.85124E+20,5.41062E+21,1.28818E+16,4.87831E+16
67370,67371,9,1,87,165,2016,4,13,6,3,6,4,0,1,0,0,1,1,0,0,7.33625E+20,5.29823E+21,1.21197E+16,4.7795E+16
67371,67372,9,1,80,113,2016,4,12,3,2,8,1,0,0,0,1,0,0,0,0,6.48581E+20,5.2856E+21,1.09807E+16,4.77067E+16
67372,67373,9,5,61,0,2016,4,8,2,3,2,6,0,0,0,0,0,1,0,1,6.12966E+20,5.46201E+21,1.05539E+16,4.93004E+16
67373,67374,9,6,72,114,2016,4,17,3,2,5,2,0,0,0,1,0,0,0,0,5.71113E+20,5.56169E+21,9.99649E+15,5.02032E+16
67374,67375,9,7,78,144,2016,4,12,3,3,5,3,0,0,0,1,0,0,0,0,5.91124E+20,5.30354E+21,1.02187E+16,4.78787E+16
67375,67376,9,7,79,201,2016,4,17,4,3,2,6,0,1,0,1,0,0,0,0,6.41337E+20,5.39464E+21,1.09205E+16,4.86888E+16
67376,67377,9,6,78,168,2016,4,14,1,3,1,6,0,0,0,1,0,0,0,0,5.82484E+20,5.55511E+21,1.01544E+16,5.01425E+16
67377,67378,9,2,75,137,2016,4,15,2,3,1,7,0,0,1,1,0,0,0,0,8.42084E+20,5.38833E+21,1.36364E+16,4.85546E+16
67378,67379,9,2,78,121,2016,4,0,1,3,9,1,2,0,0,1,0,0,0,0,7.62148E+20,5.41543E+21,1.25727E+16,4.88364E+16
67379,67380,9,5,64,0,2016,4,19,3,3,0,1,1,0,1,0,0,0,0,1,6.50627E+20,5.47742E+21,1.10774E+16,4.94308E+16
67380,67381,9,7,64,0,2016,4,23,5,3,4,1,2,1,0,1,0,0,0,0,5.86386E+20,5.31628E+21,1.01579E+16,4.7994E+16
67381,67382,9,6,75,147,2016,4,15,7,3,9,6,0,0,0,1,0,0,0,0,5.81868E+20,5.50106E+21,1.01343E+16,4.96566E+16
67382,67383,9,1,62,0,2016,4,8,2,3,2,6,0,0,0,1,0,0,0,0,6.8825E+20,5.33162E+21,1.15291E+16,4.811E+16
67383,67384,9,4,71,115,2016,4,17,4,3,8,1,0,1,0,1,0,0,0,0,6.29665E+20,5.53695E+21,1.08082E+16,4.99708E+16
67384,67385,9,2,73,163,2016,4,15,6,3,9,1,0,0,1,0,0,0,0,0,7.05922E+20,5.39803E+21,1.17988E+16,4.87013E+16
67385,67386,9,1,87,114,2016,4,23,7,3,0,1,2,1,1,0,0,0,0,0,7.49072E+20,5.29668E+21,1.23247E+16,4.77753E+16
67386,67387,9,5,64,0,2016,4,7,6,3,3,2,0,0,1,1,0,0,0,0,6.52004E+20,5.47751E+21,1.10964E+16,4.94312E+16
67387,67388,9,5,72,126,2016,4,12,2,2,2,6,0,0,0,0,0,0,1,1,6.34024E+20,5.50619E+21,1.08584E+16,4.96933E+16
67388,67389,9,2,77,131,2016,4,15,4,3,3,6,0,0,1,1,0,0,0,0,7.75207E+20,5.38159E+21,1.27278E+16,4.8527E+16
67389,67390,9,1,82,127,2016,4,17,5,3,5,3,0,0,0,1,0,0,0,0,6.99993E+20,5.30941E+21,1.16763E+16,4.79069E+16
67390,67391,9,1,76,137,2016,4,22,3,3,5,3,2,0,0,1,0,0,0,0,6.74757E+20,5.43026E+21,1.13894E+16,4.90004E+16
67391,67392,9,6,77,203,2016,4,9,2,3,5,3,0,0,0,1,0,0,0,0,5.58108E+20,5.52815E+21,9.80918E+15,4.99029E+16