FID,OBJECTID,ULAND,UREGBEZ,UKREIS,UGEMEINDE,UJAHR,UMONAT,USTUNDE,UWOCHENTAG,UKATEGORIE,UART,UTYP1,ULICHTVERH,IstStrasse,IstRad,IstPKW,IstFuss,IstKrad,IstGkfz,IstSonstig,LINREFX,LINREFY,XGCSWGS84,YGCSWGS84
67392,67393,9,1,61,0,2016,4,15,6,3,1,6,0,0,0,1,0,0,0,0,6.7915E+20,5.40329E+21,1.14376E+16,4.87568E+16
67393,67394,9,2,78,118,2016,4,6,4,3,5,3,0,0,0,1,0,0,0,0,7.70856E+20,5.42429E+21,1.2697E+16,4.89123E+16
67394,67395,9,1,83,128,2016,4,11,5,3,8,7,0,0,0,1,0,0,0,0,7.63082E+20,5.34865E+21,1.25433E+16,4.82364E+16
67395,67396,9,1,87,122,2016,4,11,3,3,1,6,0,1,0,1,0,0,0,0,7.22171E+20,5.30684E+21,1.19714E+16,4.78764E+16
67396,67397,9,3,75,174,2016,4,11,2,3,4,2,0,0,0,1,0,0,0,0,7.3249E+20,5.42939E+21,1.21771E+16,4.89736E+16
67397,67398,9,7,77,169,2016,4,20,3,3,8,1,2,0,0,1,0,0,0,0,6.29975E+20,5.26916E+21,1.07279E+16,4.75628E+16
67398,67399,9,6,77,128,2016,4,6,4,1,9,1,2,0,0,1,0,0,0,0,5.41554E+20,5.55551E+21,9.58164E+15,5.01503E+16
67399,67400,9,6,78,150,2016,4,9,7,3,8,1,0,0,0,1,0,0,0,0,5.90263E+20,5.52989E+21,1.02573E+16,4.99146E+16
67400,67401,9,2,74,194,2016,4,20,2,3,0,2,1,0,1,1,0,0,0,0,7.2016E+20,5.37766E+21,1.19812E+16,4.85134E+16
67401,67402,9,4,64,0,2016,4,4,3,3,3,7,2,1,0,0,0,1,1,0,7.07367E+20,5.57766E+21,1.19128E+16,5.03145E+16
67402,67403,9,7,74,185,2016,4,19,2,3,0,3,0,0,1,1,0,0,0,0,6.08654E+20,5.3489E+21,1.04647E+16,4.8284E+16
67403,67404,9,3,73,146,2016,4,12,4,2,6,4,0,0,0,0,1,0,1,0,6.78291E+20,5.44902E+21,1.14459E+16,4.91681E+16
67404,67405,9,1,87,162,2016,4,14,2,2,4,2,0,0,0,1,0,1,0,0,7.50314E+20,5.30451E+21,1.23458E+16,4.78451E+16
67405,67406,9,1,83,147,2016,4,17,4,3,6,7,0,1,0,1,1,0,0,0,7.48129E+20,5.33497E+21,1.23342E+16,4.81196E+16
67406,67407,9,1,74,113,2016,4,12,5,3,2,6,0,1,0,1,0,0,1,0,6.74414E+20,5.34504E+21,1.13489E+16,4.82346E+16
67407,67408,9,2,71,118,2016,4,13,1,2,3,6,0,0,0,1,0,0,0,0,7.89628E+20,5.4013E+21,1.29364E+16,4.86974E+16
67408,67409,9,1,81,114,2016,4,12,3,3,9,1,0,1,0,1,0,0,0,0,6.52077E+20,5.31156E+21,1.10363E+16,4.79393E+16
67409,67410,9,5,71,141,2016,4,11,7,1,9,1,0,0,0,1,0,0,0,0,6.14336E+20,5.44248E+21,1.05671E+16,4.91245E+16
67410,67411,9,6,61,0,2016,4,12,4,3,5,2,0,1,1,1,0,0,0,0,5.0967E+20,5.53638E+21,9.13488E+15,4.99797E+16
67411,67412,9,7,78,203,2016,4,7,6,3,1,6,0,0,0,1,0,0,0,0,6.2071E+20,5.32205E+21,1.06195E+16,4.80403E+16
67412,67413,9,7,72,163,2016,4,7,2,3,2,6,0,0,0,1,0,0,0,0,6.38722E+20,5.34866E+21,1.08697E+16,4.82759E+16
67413,67414,9,4,74,126,2016,4,13,6,3,4,6,0,0,0,1,0,0,0,0,6.49441E+20,5.50709E+21,1.10723E+16,4.96978E+16
67414,67415,9,5,72,111,2016,4,19,7,3,2,6,0,0,0,1,0,1,0,0,6.36246E+20,5.50851E+21,1.089E+16,4.97137E+16
67415,67416,9,1,80,126,2016,4,5,2,2,4,2,2,0,0,1,0,0,0,0,6.60677E+20,5.26943E+21,1.11359E+16,4.75584E+16
67416,67417,9,6,72,140,2016,4,15,4,2,4,1,0,1,0,1,0,0,0,0,5.79159E+20,5.55816E+21,1.01085E+16,5.01703E+16
67417,67418,9,3,72,113,2016,4,3,3,3,7,7,2,0,0,1,0,0,0,1,7.88961E+20,5.45713E+21,1.29669E+16,4.91988E+16
67418,67419,9,1,78,113,2016,4,2,7,2,7,1,2,0,0,0,0,0,1,0,6.91551E+20,5.36686E+21,1.15893E+16,4.84257E+16
67419,67420,9,7,62,0,2016,4,16,2,3,2,6,0,0,0,1,0,1,0,0,6.19881E+20,5.30346E+21,1.06032E+16,4.78733E+16
67420,67421,9,5,75,127,2016,4,13,6,3,5,3,0,0,0,1,0,0,0,0,5.86068E+20,5.49184E+21,1.01904E+16,4.9573E+16
67421,67422,9,3,71,141,2016,4,4,4,3,8,1,2,1,0,1,0,0,0,0,6.89746E+20,5.48929E+21,1.16221E+16,4.95265E+16
67422,67423,9,1,86,149,2016,4,10,2,3,0,7,0,0,0,1,0,0,0,1,6.88106E+20,5.38651E+21,1.15517E+16,4.86034E+16
67423,67424,9,7,79,224,2016,4,17,3,3,8,1,0,1,0,1,0,0,0,0,6.08326E+20,5.41709E+21,1.0478E+16,4.88972E+16
67424,67425,9,1,79,121,2016,4,7,4,3,5,3,0,0,0,1,0,0,0,0,6.66859E+20,5.33833E+21,1.12446E+16,4.81763E+16
67425,67426,9,1,79,121,2016,4,15,5,3,8,1,0,1,0,0,0,0,1,0,6.68512E+20,5.33785E+21,1.12666E+16,4.81715E+16
67426,67427,9,1,84,129,2016,4,19,1,3,0,7,0,0,0,0,0,1,0,0,7.00275E+20,5.32365E+21,1.16867E+16,4.80347E+16
67427,67428,9,5,76,113,2016,4,7,1,3,8,1,0,0,0,1,0,0,0,0,6.61104E+20,5.45607E+21,1.12132E+16,4.92362E+16
67428,67429,9,2,62,0,2016,4,13,1,2,5,2,0,0,0,1,0,1,0,0,8.28833E+20,5.38959E+21,1.34584E+16,4.8573E+16
67429,67430,9,1,77,115,2016,4,7,3,3,0,7,0,0,0,1,0,0,0,1,7.33334E+20,5.35225E+21,1.21452E+16,4.82804E+16
67430,67431,9,7,77,151,2016,4,13,5,3,2,6,0,0,0,1,0,0,1,0,6.2136E+20,5.29344E+21,1.06201E+16,4.77829E+16
67431,67432,9,7,71,111,2016,4,16,1,3,3,6,0,0,0,1,0,0,0,0,6.58676E+20,5.35707E+21,1.11416E+16,4.83468E+16
67432,67433,9,4,78,116,2016,4,15,7,3,4,2,0,0,0,1,0,1,0,0,6.60474E+20,5.55655E+21,1.12458E+16,5.01394E+16
67433,67434,9,5,74,138,2016,4,7,4,3,2,6,0,0,0,1,0,0,0,0,6.67092E+20,5.48786E+21,1.13087E+16,4.95203E+16
67434,67435,9,3,71,119,2016,4,18,7,3,2,2,0,0,0,1,0,0,0,1,6.93971E+20,5.49616E+21,1.16838E+16,4.95869E+16
67435,67436,9,7,71,145,2016,4,21,6,3,8,1,2,1,0,1,0,0,0,0,6.47197E+20,5.34531E+21,1.09827E+16,4.82439E+16
67436,67437,9,6,77,114,2016,4,13,6,2,2,6,0,0,0,1,0,0,0,0,5.72518E+20,5.53251E+21,1.00106E+16,4.99406E+16
67437,67438,9,1,89,135,2016,4,7,6,3,5,3,0,1,0,1,0,0,0,0,7.84283E+20,5.31568E+21,1.28062E+16,4.79313E+16
67438,67439,9,7,61,0,2016,4,22,2,3,5,3,2,0,0,1,0,0,0,0,6.42049E+20,5.36485E+21,1.092E+16,4.84208E+16
67439,67440,9,3,76,163,2016,4,7,6,2,5,3,0,0,0,1,0,0,0,0,7.27506E+20,5.47533E+21,1.21351E+16,4.93881E+16
67440,67441,9,1,86,125,2016,4,13,6,2,0,1,0,0,1,0,0,0,0,0,6.75836E+20,5.37707E+21,1.13814E+16,4.85221E+16
67441,67442,9,2,75,159,2016,4,18,3,3,2,6,0,0,0,0,0,1,1,0,8.1185E+20,5.40009E+21,1.32367E+16,4.86759E+16
67442,67443,9,5,77,140,2016,4,15,2,3,8,1,0,0,0,0,0,1,0,0,6.31687E+20,5.42777E+21,1.08E+16,4.89888E+16
67443,67444,9,1,76,123,2016,4,14,6,3,1,6,0,0,0,1,0,0,0,1,6.61404E+20,5.41701E+21,1.12017E+16,4.8885E+16
67444,67445,9,2,76,148,2016,4,18,3,3,5,3,0,0,0,1,0,0,0,0,8.09163E+20,5.43867E+21,1.32294E+16,4.90233E+16
67445,67446,9,1,74,115,2016,4,17,2,2,0,2,0,0,1,1,0,0,0,0,6.80329E+20,5.34488E+21,1.14284E+16,4.82314E+16
67446,67447,9,5,72,121,2016,4,15,2,3,4,7,0,0,0,1,0,0,0,0,6.59501E+20,5.49451E+21,1.12066E+16,4.95821E+16
67447,67448,9,6,79,144,2016,4,16,3,2,2,6,0,0,0,1,0,0,1,0,5.50833E+20,5.51352E+21,9.70596E+15,4.9772E+16
67448,67449,9,1,75,135,2016,4,13,4,3,5,2,0,0,1,1,0,0,0,0,7.08978E+20,5.33947E+21,1.18111E+16,4.81741E+16
67449,67450,9,1,62,0,2016,4,9,4,3,2,6,0,0,0,1,0,0,0,0,6.82735E+20,5.33625E+21,1.1457E+16,4.81532E+16
67450,67451,9,7,80,134,2016,4,12,1,2,2,6,0,0,0,0,0,1,0,0,5.95399E+20,5.25967E+21,1.02663E+16,4.74835E+16
67451,67452,9,4,75,168,2016,4,21,1,3,9,7,2,0,0,1,0,0,0,0,7.06876E+20,5.56738E+21,1.19003E+16,5.02223E+16
67452,67453,9,2,79,132,2016,4,18,1,1,4,6,0,0,0,1,0,0,0,0,7.69017E+20,5.40431E+21,1.26588E+16,4.87336E+16
67453,67454,9,5,72,131,2016,4,18,3,3,5,3,0,0,0,1,0,0,0,0,6.57796E+20,5.49251E+21,1.11822E+16,4.95646E+16
67454,67455,9,1,84,138,2016,4,21,2,2,8,1,2,0,0,1,0,0,0,0,6.80499E+20,5.33042E+21,1.14245E+16,4.81014E+16
67455,67456,9,7,76,126,2016,4,12,5,3,2,6,0,0,0,1,0,0,1,0,5.55267E+20,5.26944E+21,9.73489E+15,4.7576E+16
67456,67457,9,1,62,0,2016,4,20,7,3,1,6,2,1,0,1,0,0,0,0,6.94156E+20,5.33172E+21,1.16084E+16,4.81091E+16
67457,67458,9,5,64,0,2016,4,8,4,3,2,6,0,0,0,1,0,0,0,0,6.5175E+20,5.47741E+21,1.10929E+16,4.94304E+16
67458,67459,9,2,73,165,2016,4,11,7,3,9,1,0,0,0,1,0,0,0,0,7.14419E+20,5.40842E+21,1.19195E+16,4.87918E+16
67459,67460,9,6,71,157,2016,4,8,6,3,5,3,0,0,0,1,0,0,0,0,5.27995E+20,5.52738E+21,9.3898E+15,4.98982E+16
67460,67461,9,1,71,113,2016,4,19,6,2,8,1,1,1,0,0,0,1,0,0,7.73981E+20,5.33542E+21,1.26812E+16,4.8113E+16
67461,67462,9,6,79,180,2016,4,17,2,3,9,1,0,0,0,0,0,1,0,0,5.69031E+20,5.52197E+21,9.96017E+15,4.98462E+16
67462,67463,9,2,62,0,2016,4,13,6,3,3,6,0,1,0,1,0,1,0,0,8.28042E+20,5.38974E+21,1.34478E+16,4.85748E+16
67463,67464,9,1,76,161,2016,4,20,6,3,8,1,2,1,0,1,0,0,0,0,6.77478E+20,5.41488E+21,1.14199E+16,4.88615E+16
67464,67465,9,2,78,123,2016,4,17,4,2,8,1,0,1,0,1,0,0,0,0,7.49939E+20,5.41471E+21,1.24062E+16,4.8835E+16
67465,67466,9,1,71,117,2016,4,20,3,3,6,6,2,0,0,1,1,0,0,0,7.66793E+20,5.33723E+21,1.2586E+16,4.81324E+16
67466,67467,9,4,61,0,2016,4,7,2,3,8,2,0,0,0,1,0,0,0,0,6.3616E+20,5.52986E+21,1.08963E+16,4.99056E+16
67467,67468,9,7,80,120,2016,4,16,3,3,2,6,0,0,0,1,0,0,1,0,6.00946E+20,5.28348E+21,1.03454E+16,4.76968E+16
67468,67469,9,7,61,0,2016,4,15,4,3,3,6,0,0,0,1,0,0,1,0,6.43157E+20,5.36054E+21,1.09335E+16,4.83818E+16
67469,67470,9,2,77,145,2016,4,13,2,3,5,3,0,0,1,1,0,0,0,0,7.99064E+20,5.35365E+21,1.30302E+16,4.82654E+16
67470,67471,9,5,71,214,2016,4,17,3,2,4,6,0,1,0,1,0,0,0,0,6.17928E+20,5.4365E+21,1.06146E+16,4.90701E+16
67471,67472,9,7,75,135,2016,4,17,2,3,5,3,0,0,0,1,0,0,0,0,5.74735E+20,5.35772E+21,1.00091E+16,4.83682E+16
67472,67473,9,6,77,114,2016,4,21,3,3,8,1,2,1,0,1,0,0,0,0,5.67463E+20,5.53647E+21,9.94089E+15,4.99767E+16
67473,67474,9,7,78,173,2016,4,18,3,3,1,6,0,0,0,1,0,0,0,1,6.13808E+20,5.32258E+21,1.05271E+16,4.80464E+16
67474,67475,9,7,63,0,2016,4,13,4,3,5,3,0,0,0,1,0,1,0,0,5.98535E+20,5.2865E+21,1.0314E+16,4.77243E+16
67475,67476,9,6,77,155,2016,4,18,1,3,1,2,0,0,0,1,0,1,0,0,5.4064E+20,5.53807E+21,9.567E+15,4.99936E+16
67476,67477,9,2,71,119,2016,4,15,2,2,3,1,0,0,0,1,0,1,0,0,7.8994E+20,5.41451E+21,1.29499E+16,4.88158E+16
67477,67478,9,4,71,195,2016,4,2,1,2,0,1,2,0,1,0,0,0,0,0,6.43716E+20,5.52579E+21,1.09999E+16,4.98672E+16
67478,67479,9,1,76,129,2016,4,22,1,2,8,1,2,0,0,0,0,1,0,0,6.83984E+20,5.40629E+21,1.15046E+16,4.87824E+16
67479,67480,9,5,64,0,2016,4,17,3,3,2,6,0,0,0,1,0,0,0,0,6.49305E+20,5.48141E+21,1.10607E+16,4.9467E+16
67480,67481,9,7,62,0,2016,4,11,5,3,2,6,0,0,0,1,0,0,0,1,6.21484E+20,5.304E+21,1.06248E+16,4.78778E+16
67481,67482,9,7,79,186,2016,4,12,7,3,0,7,0,0,0,0,0,1,0,0,6.40847E+20,5.41073E+21,1.09193E+16,4.88335E+16
67482,67483,9,4,77,128,2016,4,16,4,3,6,4,0,0,0,1,1,0,0,0,6.76673E+20,5.55319E+21,1.14707E+16,5.01046E+16
67483,67484,9,1,71,123,2016,4,13,7,2,6,4,0,0,0,1,1,0,0,0,7.84886E+20,5.35123E+21,1.2838E+16,4.82502E+16
67484,67485,9,5,72,132,2016,4,14,6,3,2,6,0,0,0,1,0,0,0,1,6.36176E+20,5.49381E+21,1.08839E+16,4.95815E+16
67485,67486,9,6,71,112,2016,4,14,2,3,2,6,0,0,0,1,0,0,1,0,5.18159E+20,5.53727E+21,9.25332E+15,4.99875E+16
67486,67487,9,2,75,159,2016,4,9,4,2,8,1,0,0,0,1,0,0,0,0,8.18231E+20,5.39545E+21,1.33195E+16,4.8631E+16
67487,67488,9,1,71,112,2016,4,18,5,2,5,2,0,0,0,1,0,0,0,0,7.84623E+20,5.34188E+21,1.28282E+16,4.81664E+16
67488,67489,9,1,86,152,2016,4,9,3,3,2,6,0,0,0,1,0,0,0,0,6.91539E+20,5.37943E+21,1.15949E+16,4.85387E+16
67489,67490,9,3,71,131,2016,4,13,2,2,2,6,0,0,0,1,0,0,1,0,6.9568E+20,5.4825E+21,1.17006E+16,4.94636E+16
67490,67491,9,6,62,0,2016,4,10,7,3,2,7,0,0,0,1,0,0,0,0,5.89032E+20,5.54475E+21,1.02436E+16,5.00484E+16
67491,67492,9,2,61,0,2016,4,15,2,2,4,2,0,0,0,1,0,0,0,0,7.32214E+20,5.38001E+21,1.21455E+16,4.85302E+16
67492,67493,9,4,72,197,2016,4,16,3,3,9,6,0,0,0,1,0,0,0,0,6.69427E+20,5.52319E+21,1.13562E+16,4.98372E+16
67493,67494,9,1,81,141,2016,4,10,7,3,2,1,0,1,0,1,0,0,0,1,6.4363E+20,5.31714E+21,1.09252E+16,4.79915E+16
67494,67495,9,7,77,131,2016,4,13,2,3,9,7,0,0,1,0,0,0,0,0,6.13299E+20,5.28478E+21,1.05103E+16,4.77065E+16
67495,67496,9,3,72,116,2016,4,21,4,3,2,1,2,1,0,1,0,0,0,0,7.68431E+20,5.45776E+21,1.26861E+16,4.92138E+16
67496,67497,9,1,82,124,2016,4,15,2,2,2,2,0,0,0,1,0,0,0,0,7.02569E+20,5.2775E+21,1.16959E+16,4.76192E+16
67497,67498,9,3,72,154,2016,4,6,4,3,2,3,0,0,0,1,0,0,0,0,7.56764E+20,5.47184E+21,1.25353E+16,4.93451E+16
67498,67499,9,1,86,149,2016,4,5,7,3,3,6,2,0,0,1,0,0,1,0,6.86113E+20,5.38872E+21,1.15257E+16,4.86238E+16
67499,67500,9,5,76,128,2016,4,7,2,3,8,7,0,0,0,0,0,0,1,0,6.40791E+20,5.4629E+21,1.09367E+16,4.93026E+16
67500,67501,9,1,72,134,2016,4,13,2,2,3,6,0,0,0,1,0,1,0,0,7.85084E+20,5.30646E+21,1.28108E+16,4.78482E+16
67501,67502,9,2,73,152,2016,4,16,4,3,8,7,0,1,0,0,0,1,0,0,7.00069E+20,5.40666E+21,1.17235E+16,4.87807E+16
67502,67503,9,1,76,131,2016,4,7,5,2,2,6,0,0,0,1,0,0,0,0,6.81375E+20,5.41072E+21,1.14711E+16,4.88229E+16
67503,67504,9,7,71,129,2016,4,7,3,3,2,6,0,1,0,1,0,0,0,0,6.59417E+20,5.35658E+21,1.11514E+16,4.83422E+16
67504,67505,9,5,64,0,2016,4,14,7,3,3,2,0,0,1,1,0,0,0,0,6.51211E+20,5.4734E+21,1.10839E+16,4.93945E+16
67505,67506,9,1,89,155,2016,4,13,2,3,6,4,0,0,0,1,1,0,0,0,7.72749E+20,5.31417E+21,1.26512E+16,4.79228E+16
67506,67507,9,6,71,157,2016,4,0,4,3,3,6,2,1,0,1,0,0,1,0,5.26638E+20,5.52852E+21,9.37099E+15,4.99084E+16
67507,67508,9,1,77,133,2016,4,6,7,3,0,6,0,0,0,1,0,0,0,0,7.10931E+20,5.36028E+21,1.18477E+16,4.83604E+16
67508,67509,9,7,79,178,2016,4,8,2,3,8,1,0,0,0,1,0,0,0,0,6.45101E+20,5.40127E+21,1.09739E+16,4.87475E+16
67509,67510,9,4,64,0,2016,4,14,6,3,5,2,0,0,0,1,0,1,0,0,7.08268E+20,5.57437E+21,1.19236E+16,5.02847E+16
67510,67511,9,1,76,114,2016,4,16,6,3,3,6,0,0,0,1,0,0,0,0,6.82191E+20,5.42986E+21,1.14908E+16,4.89948E+16
67511,67512,9,1,74,146,2016,4,7,2,3,2,6,0,0,0,0,0,1,0,1,6.68737E+20,5.34977E+21,1.12744E+16,4.82786E+16
67512,67513,9,7,72,209,2016,4,18,3,3,2,6,0,0,0,1,0,0,0,0,6.35231E+20,5.3357E+21,1.08185E+16,4.81602E+16
67513,67514,9,1,74,115,2016,4,13,4,3,0,3,0,0,0,1,0,1,0,0,6.8334E+20,5.34778E+21,1.14701E+16,4.82567E+16
67514,67515,9,1,77,116,2016,4,14,5,1,8,1,0,0,0,1,0,0,0,0,7.14129E+20,5.36559E+21,1.18935E+16,4.84071E+16
67515,67516,9,7,75,135,2016,4,15,1,3,0,3,0,0,1,1,0,0,0,0,5.74535E+20,5.36115E+21,1.0007E+16,4.83991E+16
67516,67517,9,5,73,125,2016,4,16,1,3,5,3,0,0,1,1,0,0,0,0,6.37641E+20,5.47251E+21,1.08967E+16,4.93897E+16
67517,67518,9,2,75,130,2016,4,13,1,3,5,3,0,0,0,1,0,0,0,0,8.16508E+20,5.36411E+21,1.32725E+16,4.83507E+16
67518,67519,9,5,74,156,2016,4,8,3,3,2,6,0,0,0,1,0,0,0,0,6.57537E+20,5.48296E+21,1.11748E+16,4.94788E+16
67519,67520,9,1,84,139,2016,4,15,2,3,0,7,0,0,1,0,0,0,0,0,6.87196E+20,5.32389E+21,1.15115E+16,4.80408E+16
67520,67521,9,7,79,185,2016,4,7,5,3,2,6,0,0,0,1,0,0,0,0,6.16273E+20,5.40778E+21,1.05838E+16,4.88121E+16
67521,67522,9,1,79,119,2016,4,14,1,2,4,6,0,0,0,1,0,0,0,0,6.69521E+20,5.34028E+21,1.12811E+16,4.81931E+16
67522,67523,9,4,61,0,2016,4,14,7,3,5,2,0,0,1,1,0,0,0,0,6.37881E+20,5.52944E+21,1.092E+16,4.99015E+16
67523,67524,9,5,64,0,2016,4,22,4,3,5,3,2,0,0,1,0,0,0,0,6.5594E+20,5.48139E+21,1.11522E+16,4.94651E+16
67524,67525,9,1,87,148,2016,4,13,4,3,0,7,0,0,0,1,1,0,0,0,7.39516E+20,5.27867E+21,1.21875E+16,4.76171E+16
67525,67526,9,1,88,141,2016,4,16,5,3,8,1,0,1,0,1,0,0,0,0,6.67008E+20,5.30659E+21,1.12342E+16,4.78909E+16
67526,67527,9,1,77,144,2016,4,16,2,2,4,6,0,0,1,0,0,0,0,0,7.18049E+20,5.34751E+21,1.19371E+16,4.82433E+16
67527,67528,9,6,62,0,2016,4,21,1,3,7,7,2,0,1,0,0,0,0,0,5.88078E+20,5.54541E+21,1.02304E+16,5.00545E+16
67528,67529,9,2,75,159,2016,4,15,1,3,2,6,0,0,0,1,0,0,0,0,8.18355E+20,5.39537E+21,1.33212E+16,4.86302E+16
67529,67530,9,1,74,135,2016,4,19,3,3,0,1,1,0,1,0,0,0,0,0,6.63738E+20,5.35202E+21,1.12079E+16,4.83002E+16
67530,67531,9,1,85,118,2016,4,21,1,3,8,1,2,0,0,1,0,0,0,0,6.6141E+20,5.40474E+21,1.1197E+16,4.87747E+16
67531,67532,9,4,75,168,2016,4,12,7,3,4,2,0,0,0,0,0,1,0,1,7.10751E+20,5.56618E+21,1.19538E+16,5.02102E+16
67532,67533,9,6,71,143,2016,4,14,4,3,5,3,0,1,0,1,0,0,0,0,5.1224E+20,5.54278E+21,9.17093E+15,5.00372E+16
67533,67534,9,7,77,153,2016,4,5,6,3,5,3,1,1,1,1,0,0,0,0,6.12527E+20,5.27561E+21,1.04977E+16,4.76241E+16
67534,67535,9,6,63,0,2016,4,14,6,3,5,2,0,0,0,1,0,1,0,0,5.67426E+20,5.51683E+21,9.93696E+15,4.98001E+16
67535,67536,9,7,72,115,2016,4,0,2,2,9,1,2,0,0,1,0,0,0,0,6.14806E+20,5.36839E+21,1.05529E+16,4.84582E+16
67536,67537,9,4,61,0,2016,4,16,6,3,5,3,0,0,0,1,0,0,0,0,6.35293E+20,5.5301E+21,1.08843E+16,4.99079E+16
67537,67538,9,1,81,130,2016,4,4,6,3,5,3,2,1,0,1,0,0,0,0,6.41885E+20,5.32414E+21,1.09041E+16,4.80548E+16
67538,67539,9,2,63,0,2016,4,16,3,3,2,6,0,0,0,1,0,0,0,0,7.60912E+20,5.42102E+21,1.25594E+16,4.88872E+16
67539,67540,9,1,74,121,2016,4,7,2,3,3,6,0,0,0,1,0,1,0,0,6.90714E+20,5.35475E+21,1.15726E+16,4.83172E+16
67540,67541,9,5,76,113,2016,4,10,2,2,0,7,0,0,0,0,0,1,0,0,6.61725E+20,5.45747E+21,1.12223E+16,4.92486E+16
67541,67542,9,6,79,176,2016,4,14,3,2,3,6,0,0,1,0,0,0,1,0,5.67745E+20,5.505E+21,9.93932E+15,4.96937E+16
67542,67543,9,1,84,114,2016,4,21,3,3,5,3,2,0,0,1,0,0,0,0,6.96851E+20,5.3202E+21,1.16392E+16,4.80048E+16
67543,67544,9,7,75,135,2016,4,11,4,3,1,6,0,0,0,1,0,1,0,0,5.74672E+20,5.36073E+21,1.00088E+16,4.83953E+16
67544,67545,9,7,72,147,2016,4,14,1,2,9,3,0,0,0,1,0,0,0,0,6.39279E+20,5.36406E+21,1.08823E+16,4.84143E+16
67545,67546,9,4,72,118,2016,4,13,1,2,2,6,0,0,0,1,0,1,0,0,6.75266E+20,5.50659E+21,1.14299E+16,4.96863E+16
67546,67547,9,1,90,113,2016,4,13,1,3,8,1,0,0,0,1,0,0,0,0,6.71773E+20,5.29224E+21,1.12922E+16,4.77606E+16
67547,67548,9,5,76,132,2016,4,17,3,2,8,1,0,0,0,0,0,1,0,0,6.56055E+20,5.46236E+21,1.11463E+16,4.9294E+16
67548,67549,9,6,63,0,2016,4,10,5,3,2,6,0,1,0,0,0,0,1,0,5.66875E+20,5.51154E+21,9.92839E+15,4.97526E+16
67549,67550,9,7,75,135,2016,4,22,7,3,2,6,2,0,0,1,0,0,0,0,5.74696E+20,5.35947E+21,1.00089E+16,4.8384E+16
67550,67551,9,5,73,122,2016,4,9,4,3,0,3,0,0,1,1,0,0,0,0,6.43125E+20,5.4777E+21,1.09741E+16,4.94351E+16
67551,67552,9,2,79,113,2016,4,15,7,3,1,5,0,0,0,1,0,0,0,0,7.78758E+20,5.39407E+21,1.27841E+16,4.86374E+16
67552,67553,9,5,62,0,2016,4,17,6,2,2,6,0,0,0,1,0,0,0,0,6.44658E+20,5.49139E+21,1.10003E+16,4.95578E+16
67553,67554,9,1,71,113,2016,4,7,6,2,0,6,0,1,0,1,0,0,0,0,7.72332E+20,5.33985E+21,1.26619E+16,4.81535E+16
67554,67555,9,6,75,174,2016,4,13,2,3,8,7,0,0,0,1,0,0,0,0,5.85559E+20,5.52457E+21,1.01906E+16,4.98674E+16
67555,67556,9,1,81,138,2016,4,17,6,3,5,3,0,0,0,1,0,0,0,0,6.39968E+20,5.33474E+21,1.08819E+16,4.81505E+16
67556,67557,9,2,71,119,2016,4,16,4,3,5,3,0,0,0,1,0,0,0,0,7.92148E+20,5.41745E+21,1.2982E+16,4.88412E+16
67557,67558,9,1,89,154,2016,4,14,5,3,1,6,0,1,0,1,0,0,0,0,7.6634E+20,5.31789E+21,1.25679E+16,4.79589E+16
67558,67559,9,2,78,123,2016,4,15,7,3,5,3,0,0,0,1,0,0,0,0,7.47316E+20,5.41204E+21,1.23689E+16,4.88121E+16
67559,67560,9,6,79,141,2016,4,19,6,3,8,1,1,0,0,0,0,1,0,0,5.55804E+20,5.51917E+21,9.77581E+15,4.98224E+16
67560,67561,9,6,62,0,2016,4,15,6,2,4,2,0,0,0,1,0,1,0,0,5.86445E+20,5.54258E+21,1.0207E+16,5.00293E+16
67561,67562,9,1,71,121,2016,4,14,6,3,2,2,0,1,0,1,0,0,0,0,7.70824E+20,5.34492E+21,1.26449E+16,4.81997E+16
67562,67563,9,7,61,0,2016,4,7,2,3,5,3,0,0,0,1,0,1,0,0,6.40807E+20,5.35448E+21,1.08997E+16,4.83278E+16
67563,67564,9,3,76,125,2016,4,7,6,3,8,7,0,0,0,1,0,0,0,0,7.19405E+20,5.47643E+21,1.20243E+16,4.9401E+16
67564,67565,9,1,74,135,2016,4,17,6,2,8,1,0,1,0,1,0,0,0,0,6.62128E+20,5.35262E+21,1.11865E+16,4.8306E+16
67565,67566,9,1,90,141,2016,4,21,3,3,5,3,2,0,0,1,0,0,0,1,6.78019E+20,5.29151E+21,1.13752E+16,4.77524E+16
67566,67567,9,5,71,175,2016,4,11,2,3,5,3,0,0,0,1,0,0,1,0,6.22985E+20,5.46037E+21,1.06911E+16,4.92837E+16
67567,67568,9,6,73,114,2016,4,15,3,3,2,6,0,0,0,1,0,0,1,0,5.86663E+20,5.57606E+21,1.02176E+16,5.03303E+16
67568,67569,9,7,64,0,2016,4,10,3,3,9,1,0,1,0,1,0,0,1,1,5.89465E+20,5.31625E+21,1.01992E+16,4.79933E+16
67569,67570,9,7,80,114,2016,4,17,4,3,5,3,0,1,0,1,0,0,0,0,6.0269E+20,5.28592E+21,1.03692E+16,4.77185E+16
67570,67571,9,6,78,168,2016,4,14,1,3,3,6,0,0,0,1,0,0,0,0,5.82458E+20,5.55506E+21,1.0154E+16,5.0142E+16
67571,67572,9,2,78,190,2016,4,15,2,2,4,2,0,0,1,1,0,0,0,0,7.6478E+20,5.42817E+21,1.26167E+16,4.89497E+16