FID,OBJECTID,ULAND,UREGBEZ,UKREIS,UGEMEINDE,UJAHR,UMONAT,USTUNDE,UWOCHENTAG,UKATEGORIE,UART,UTYP1,ULICHTVERH,IstStrasse,IstRad,IstPKW,IstFuss,IstKrad,IstGkfz,IstSonstig,LINREFX,LINREFY,XGCSWGS84,YGCSWGS84
67752,67753,9,5,71,193,2016,4,7,4,3,1,6,0,0,0,1,0,1,0,0,5.86581E+20,5.46839E+21,1.01924E+16,4.93621E+16
67753,67754,9,5,76,151,2016,4,8,3,3,2,3,0,0,0,1,0,0,0,0,6.57304E+20,5.47059E+21,1.11667E+16,4.93677E+16
67754,67755,9,6,71,122,2016,4,15,1,3,5,3,0,0,0,1,0,0,0,0,5.04535E+20,5.52896E+21,9.06316E+15,4.9913E+16
67755,67756,9,5,64,0,2016,4,5,4,3,8,1,1,0,0,1,0,0,0,0,6.52652E+20,5.47673E+21,1.11051E+16,4.94241E+16
67756,67757,9,1,89,119,2016,4,17,4,3,2,6,0,0,0,1,0,0,0,0,7.63672E+20,5.30343E+21,1.25234E+16,4.78301E+16
67757,67758,9,6,78,174,2016,4,13,3,2,4,6,0,0,0,1,0,0,0,1,5.9631E+20,5.54345E+21,1.03449E+16,5.00356E+16
67758,67759,9,6,63,0,2016,4,18,1,3,2,6,0,0,0,1,0,0,0,0,5.70718E+20,5.51006E+21,9.98145E+15,4.97389E+16
67759,67760,9,1,79,134,2016,4,17,4,2,4,6,0,0,0,1,0,0,0,0,6.72877E+20,5.34358E+21,1.13276E+16,4.82218E+16
67760,67761,9,5,74,112,2016,4,15,4,3,1,6,0,0,0,1,0,0,0,0,6.68569E+20,5.47372E+21,1.13231E+16,4.93928E+16
67761,67762,9,2,61,0,2016,4,14,4,3,5,3,0,0,1,1,0,0,0,0,7.32359E+20,5.38205E+21,1.21486E+16,4.85484E+16
67762,67763,9,5,76,151,2016,4,1,7,3,3,6,2,1,1,1,0,0,0,0,6.53507E+20,5.46697E+21,1.11131E+16,4.93362E+16
67763,67764,9,5,77,177,2016,4,18,1,3,2,6,0,1,0,1,0,0,0,0,6.43751E+20,5.43268E+21,1.09666E+16,4.90302E+16
67764,67765,9,2,76,139,2016,4,7,7,3,8,1,0,1,0,1,0,0,0,0,8.10536E+20,5.42882E+21,1.32406E+16,4.89342E+16
67765,67766,9,1,84,118,2016,4,18,7,3,2,6,0,0,0,1,0,0,0,0,7.04234E+20,5.33602E+21,1.17457E+16,4.81446E+16
67766,67767,9,1,62,0,2016,4,17,3,3,0,7,0,0,1,0,1,0,0,0,7.01467E+20,5.33228E+21,1.17068E+16,4.81119E+16
67767,67768,9,6,72,135,2016,4,18,5,2,0,1,0,0,0,0,0,1,0,0,5.85897E+20,5.56722E+21,1.02048E+16,5.02509E+16
67768,67769,9,7,61,0,2016,4,15,6,3,4,1,0,1,0,1,0,0,0,0,6.42123E+20,5.34748E+21,1.09151E+16,4.82645E+16
67769,67770,9,1,74,131,2016,4,8,3,3,1,6,0,0,0,1,0,0,0,0,6.76447E+20,5.35883E+21,1.1382E+16,4.83579E+16
67770,67771,9,3,76,170,2016,4,18,6,2,3,6,0,0,0,1,0,0,1,1,7.2762E+20,5.45624E+21,1.21258E+16,4.92166E+16
67771,67772,9,7,72,131,2016,4,16,5,2,5,3,0,1,0,1,0,1,0,0,6.16475E+20,5.35387E+21,1.05714E+16,4.83273E+16
67772,67773,9,2,79,126,2016,4,17,2,3,9,7,0,0,0,1,0,0,0,0,7.58465E+20,5.38646E+21,1.25045E+16,4.85779E+16
67773,67774,9,7,77,166,2016,4,14,4,2,4,7,0,0,0,1,0,1,0,0,6.29439E+20,5.27927E+21,1.07237E+16,4.76539E+16
67774,67775,9,4,75,168,2016,4,19,4,3,0,7,0,0,1,0,0,0,0,0,7.10502E+20,5.56672E+21,1.19506E+16,5.02151E+16
67775,67776,9,4,79,135,2016,4,16,3,3,8,6,0,0,0,1,0,0,0,0,7.1437E+20,5.55322E+21,1.19972E+16,5.00925E+16
67776,67777,9,5,64,0,2016,4,10,1,3,0,1,0,1,1,0,0,0,0,0,6.49743E+20,5.48167E+21,1.10668E+16,4.94692E+16
67777,67778,9,6,77,114,2016,4,14,6,3,2,6,0,0,0,1,0,0,0,0,5.72413E+20,5.53242E+21,1.00092E+16,4.99397E+16
67778,67779,9,4,74,123,2016,4,12,1,3,9,1,0,0,0,1,0,0,0,0,6.48003E+20,5.51488E+21,1.10553E+16,4.97681E+16
67779,67780,9,2,61,0,2016,4,15,3,3,3,2,0,0,1,1,0,0,0,0,7.32277E+20,5.38065E+21,1.21467E+16,4.8536E+16
67780,67781,9,7,80,133,2016,4,17,3,3,9,1,0,0,0,0,0,1,0,0,5.94691E+20,5.2515E+21,1.02552E+16,4.74101E+16
67781,67782,9,2,77,153,2016,4,7,6,3,2,6,0,0,0,1,0,0,0,0,7.81087E+20,5.36318E+21,1.27949E+16,4.83592E+16
67782,67783,9,5,64,0,2016,4,17,2,3,2,6,0,0,0,1,0,0,0,0,6.52084E+20,5.4775E+21,1.10975E+16,4.94312E+16
67783,67784,9,4,79,129,2016,4,17,5,3,5,3,0,0,0,1,0,0,0,0,7.13193E+20,5.5613E+21,1.19853E+16,5.01655E+16
67784,67785,9,6,78,124,2016,4,7,2,3,5,3,0,0,0,1,0,0,0,1,6.00118E+20,5.53407E+21,1.03956E+16,4.99506E+16
67785,67786,9,5,74,155,2016,4,7,1,3,8,1,0,1,0,1,0,0,0,0,6.73481E+20,5.49899E+21,1.14018E+16,4.96186E+16
67786,67787,9,7,64,0,2016,4,13,3,3,2,6,0,0,0,1,0,0,0,0,5.83361E+20,5.31356E+21,1.01169E+16,4.79699E+16
67787,67788,9,5,63,0,2016,4,7,2,3,5,3,0,0,1,1,0,0,0,0,6.42754E+20,5.48285E+21,1.09709E+16,4.94815E+16
67788,67789,9,7,75,115,2016,4,14,2,2,5,3,0,0,0,1,0,1,0,0,5.81012E+20,5.34582E+21,1.00915E+16,4.82604E+16
67789,67790,9,6,74,149,2016,4,17,5,3,2,6,0,0,0,1,0,0,0,0,6.0809E+20,5.55227E+21,1.05118E+16,5.01128E+16
67790,67791,9,2,75,154,2016,4,14,6,2,4,6,0,1,0,1,0,0,0,0,8.08066E+20,5.39792E+21,1.31838E+16,4.86582E+16
67791,67792,9,2,71,116,2016,4,3,1,3,8,1,2,0,0,1,0,0,0,0,7.83617E+20,5.42498E+21,1.28712E+16,4.89127E+16
67792,67793,9,1,84,130,2016,4,9,5,3,2,6,0,0,0,1,0,0,0,0,6.97195E+20,5.34256E+21,1.16542E+16,4.82056E+16
67793,67794,9,6,79,209,2016,4,8,4,3,1,6,0,0,0,1,0,0,0,0,5.62351E+20,5.51649E+21,9.86639E+15,4.97976E+16
67794,67795,9,3,72,116,2016,4,17,4,3,5,3,0,0,0,1,0,1,0,0,7.65026E+20,5.46033E+21,1.26412E+16,4.92383E+16
67795,67796,9,4,71,195,2016,4,21,3,2,2,6,2,0,0,1,0,0,0,0,6.43513E+20,5.52335E+21,1.09962E+16,4.98454E+16
67796,67797,9,5,62,0,2016,4,7,6,3,4,6,0,0,1,0,0,0,0,0,6.44835E+20,5.49363E+21,1.10035E+16,4.95779E+16
67797,67798,9,3,76,161,2016,4,7,1,1,2,6,0,1,0,1,0,0,0,0,7.28834E+20,5.46989E+21,1.21503E+16,4.93387E+16
67798,67799,9,1,83,148,2016,4,6,3,2,4,6,1,0,0,1,0,0,0,0,7.54166E+20,5.34356E+21,1.24204E+16,4.81944E+16
67799,67800,9,2,73,125,2016,4,16,6,3,7,7,0,1,0,0,0,1,0,0,7.19364E+20,5.4149E+21,1.19902E+16,4.88483E+16
67800,67801,9,4,79,150,2016,4,12,2,3,8,7,0,0,0,0,0,0,1,0,7.21661E+20,5.56573E+21,1.21062E+16,5.02022E+16
67801,67802,9,4,75,168,2016,4,5,5,1,2,6,2,1,0,1,0,1,0,0,7.10597E+20,5.56798E+21,1.19527E+16,5.02264E+16
67802,67803,9,1,76,120,2016,4,0,2,2,8,1,2,1,0,1,0,0,0,0,6.80628E+20,5.42217E+21,1.1466E+16,4.8926E+16
67803,67804,9,7,71,122,2016,4,20,3,3,8,1,2,0,0,0,0,1,0,0,6.52434E+20,5.36268E+21,1.10594E+16,4.83988E+16
67804,67805,9,1,85,153,2016,4,18,1,2,8,1,1,1,0,1,0,0,0,0,6.4475E+20,5.40743E+21,1.09713E+16,4.8803E+16
67805,67806,9,1,62,0,2016,4,16,4,3,2,6,0,0,0,1,0,0,0,0,6.80743E+20,5.33512E+21,1.14298E+16,4.81437E+16
67806,67807,9,1,87,117,2016,4,8,4,3,2,6,0,0,0,1,0,0,0,0,7.23209E+20,5.30635E+21,1.1985E+16,4.78717E+16
67807,67808,9,6,61,0,2016,4,7,4,3,0,7,0,0,1,0,0,0,0,0,5.11945E+20,5.53506E+21,9.16656E+15,4.99678E+16
67808,67809,9,2,77,138,2016,4,18,4,3,3,6,0,0,0,1,0,1,0,0,7.9109E+20,5.37256E+21,1.29361E+16,4.84388E+16
67809,67810,9,7,61,0,2016,4,14,7,3,3,6,0,0,1,0,0,0,0,0,6.39771E+20,5.35425E+21,1.08857E+16,4.83259E+16
67810,67811,9,4,62,0,2016,4,19,7,2,4,2,0,0,0,1,0,0,0,0,6.84419E+20,5.5358E+21,1.15705E+16,4.99461E+16
67811,67812,9,1,87,177,2016,4,13,7,3,3,2,0,0,1,1,0,0,0,0,7.35043E+20,5.30511E+21,1.21423E+16,4.78563E+16
67812,67813,9,1,62,0,2016,4,16,4,3,2,6,0,0,0,1,0,0,0,1,6.93751E+20,5.34011E+21,1.16068E+16,4.81846E+16
67813,67814,9,1,89,149,2016,4,18,1,2,8,1,0,1,0,1,0,0,0,0,7.65913E+20,5.33032E+21,1.25698E+16,4.80706E+16
67814,67815,9,1,84,114,2016,4,7,4,3,2,2,0,0,0,1,0,0,0,0,7.02623E+20,5.31809E+21,1.17156E+16,4.7984E+16
67815,67816,9,6,75,158,2016,4,16,4,3,2,6,0,0,0,1,0,0,1,0,5.97335E+20,5.52123E+21,1.03536E+16,4.98356E+16
67816,67817,9,2,76,142,2016,4,17,4,2,0,6,0,0,0,1,0,1,0,0,7.91625E+20,5.43369E+21,1.29865E+16,4.89871E+16
67817,67818,9,7,80,124,2016,4,19,7,3,9,1,0,0,0,1,0,0,0,0,5.94727E+20,5.27164E+21,1.026E+16,4.75912E+16
67818,67819,9,5,64,0,2016,4,13,7,3,0,7,0,1,0,0,0,1,0,1,6.49452E+20,5.47861E+21,1.10617E+16,4.94417E+16
67819,67820,9,1,72,134,2016,4,11,7,3,0,6,0,0,0,1,0,1,0,0,7.87853E+20,5.30584E+21,1.28474E+16,4.78413E+16
67820,67821,9,3,76,161,2016,4,10,3,3,2,6,0,0,0,1,0,0,0,0,7.2607E+20,5.46935E+21,1.2112E+16,4.9335E+16
67821,67822,9,1,84,119,2016,4,18,6,3,3,6,0,0,1,0,0,0,0,1,6.96108E+20,5.3451E+21,1.16408E+16,4.82287E+16
67822,67823,9,5,63,0,2016,4,17,6,3,1,7,0,0,0,1,0,0,0,0,6.43222E+20,5.48273E+21,1.09773E+16,4.94803E+16
67823,67824,9,1,87,177,2016,4,8,3,3,5,3,0,0,0,1,0,0,0,0,7.36336E+20,5.30568E+21,1.21599E+16,4.7861E+16
67824,67825,9,1,76,126,2016,4,13,6,3,5,3,0,1,1,1,0,0,0,0,6.74541E+20,5.40653E+21,1.13763E+16,4.87872E+16
67825,67826,9,1,78,124,2016,4,16,6,3,2,6,0,1,0,1,0,0,0,1,7.0168E+20,5.3585E+21,1.17221E+16,4.83474E+16
67826,67827,9,4,71,140,2016,4,8,2,3,2,6,0,0,0,1,0,0,1,0,6.33659E+20,5.53118E+21,1.08619E+16,4.99181E+16
67827,67828,9,4,73,132,2016,4,22,5,2,4,6,2,0,0,1,0,0,0,0,6.36366E+20,5.55949E+21,1.09097E+16,5.01719E+16
67828,67829,9,1,85,150,2016,4,5,2,3,2,6,2,1,0,1,0,0,0,0,6.56232E+20,5.39831E+21,1.11241E+16,4.87183E+16
67829,67830,9,6,73,114,2016,4,18,3,2,5,3,0,0,0,1,0,1,0,0,5.87494E+20,5.57613E+21,1.02293E+16,5.03308E+16
67830,67831,9,1,78,124,2016,4,5,1,2,9,1,2,0,0,1,0,0,0,0,6.98397E+20,5.36563E+21,1.16812E+16,4.84126E+16
67831,67832,9,7,75,149,2016,4,2,1,3,8,7,2,0,0,1,0,0,0,0,5.93176E+20,5.34669E+21,1.02556E+16,4.82666E+16
67832,67833,9,1,86,143,2016,4,15,4,3,5,3,0,0,0,0,0,1,0,0,6.84674E+20,5.3773E+21,1.15011E+16,4.85216E+16
67833,67834,9,5,76,128,2016,4,13,4,2,9,7,0,0,0,1,0,0,0,0,6.43472E+20,5.46027E+21,1.09726E+16,4.92783E+16
67834,67835,9,2,74,176,2016,4,12,4,2,9,1,0,0,0,1,0,0,0,0,7.24094E+20,5.39885E+21,1.20459E+16,4.87024E+16
67835,67836,9,6,62,0,2016,4,17,7,3,2,2,0,0,0,1,0,0,0,0,5.88692E+20,5.54189E+21,1.02382E+16,5.00227E+16
67836,67837,9,3,76,119,2016,4,1,7,3,0,1,2,1,0,1,0,0,0,0,7.27678E+20,5.45643E+21,1.21267E+16,4.92183E+16
67837,67838,9,1,88,120,2016,4,9,7,3,4,2,0,0,0,1,0,1,0,0,6.77123E+20,5.32669E+21,1.13777E+16,4.80689E+16
67838,67839,9,1,75,122,2016,4,14,4,3,5,3,0,0,0,1,0,0,0,0,7.19958E+20,5.32706E+21,1.19522E+16,4.80589E+16
67839,67840,9,6,71,136,2016,4,15,5,3,1,7,0,0,0,1,0,0,0,1,5.05742E+20,5.5377E+21,9.0801E+15,4.99916E+16
67840,67841,9,7,72,163,2016,4,16,6,3,8,1,0,1,0,0,0,0,0,1,6.38597E+20,5.34644E+21,1.08673E+16,4.8256E+16
67841,67842,9,1,88,121,2016,4,13,3,3,2,6,0,0,0,1,0,0,0,0,6.71486E+20,5.33074E+21,1.13037E+16,4.81068E+16
67842,67843,9,3,75,209,2016,4,16,6,3,0,3,0,1,0,1,0,1,0,0,7.4383E+20,5.43455E+21,1.23349E+16,4.90156E+16
67843,67844,9,7,77,176,2016,4,16,5,3,8,1,0,0,0,1,0,0,0,0,6.00697E+20,5.30278E+21,1.03466E+16,4.78705E+16
67844,67845,9,2,78,118,2016,4,16,5,3,4,1,0,0,0,1,0,0,0,0,7.72747E+20,5.42459E+21,1.27229E+16,4.89141E+16
67845,67846,9,2,75,154,2016,4,12,3,3,5,3,0,0,0,1,0,0,0,0,8.04859E+20,5.39117E+21,1.31354E+16,4.85993E+16
67846,67847,9,6,76,121,2016,4,6,5,3,4,2,1,0,0,1,0,0,0,0,5.17367E+20,5.51813E+21,9.2414E+15,4.98153E+16
67847,67848,9,7,78,162,2016,4,11,6,3,1,6,0,0,0,1,0,0,0,0,5.91484E+20,5.31169E+21,1.02253E+16,4.7952E+16
67848,67849,9,1,87,137,2016,4,8,3,3,5,3,0,0,0,1,0,0,0,1,7.29701E+20,5.31112E+21,1.20742E+16,4.79122E+16
67849,67850,9,4,62,0,2016,4,14,6,3,0,6,0,1,0,1,0,1,0,0,6.83278E+20,5.53656E+21,1.1555E+16,4.99532E+16
67850,67851,9,1,88,144,2016,4,15,6,3,2,7,0,0,0,1,0,0,0,1,6.67554E+20,5.32715E+21,1.12495E+16,4.80756E+16
67851,67852,9,1,84,140,2016,4,18,5,3,5,2,0,0,0,1,0,1,0,0,7.00622E+20,5.32796E+21,1.16934E+16,4.80733E+16
67852,67853,9,2,62,0,2016,4,16,5,3,4,2,0,1,0,1,0,0,0,0,8.25792E+20,5.38952E+21,1.34172E+16,4.8574E+16
67853,67854,9,3,75,165,2016,4,8,2,3,0,2,0,1,0,1,0,1,0,0,7.25434E+20,5.43647E+21,1.20848E+16,4.90399E+16
67854,67855,9,4,72,111,2016,4,16,5,3,2,6,0,0,0,1,0,0,0,0,6.74342E+20,5.52497E+21,1.14253E+16,4.98518E+16
67855,67856,9,1,88,144,2016,4,10,2,3,4,6,0,1,0,1,0,0,0,0,6.68273E+20,5.3276E+21,1.12593E+16,4.80794E+16
67856,67857,9,6,76,117,2016,4,13,3,2,6,7,0,0,0,1,0,0,0,1,5.22488E+20,5.51275E+21,9.31227E+15,4.97668E+16
67857,67858,9,6,79,176,2016,4,15,1,1,8,1,0,0,0,1,0,0,0,0,5.62697E+20,5.50982E+21,9.87012E+15,4.97376E+16
67858,67859,9,1,79,123,2016,4,18,4,3,3,6,0,0,0,1,0,1,0,0,6.76725E+20,5.33376E+21,1.13753E+16,4.81325E+16
67859,67860,9,5,64,0,2016,4,17,4,3,5,2,0,0,1,1,0,0,0,0,6.5005E+20,5.48171E+21,1.10711E+16,4.94695E+16
67860,67861,9,1,84,142,2016,4,17,4,3,2,6,0,0,0,1,0,0,1,0,6.81216E+20,5.31843E+21,1.14291E+16,4.79935E+16
67861,67862,9,5,64,0,2016,4,18,7,3,2,6,0,0,0,1,0,0,0,0,6.52542E+20,5.48088E+21,1.11051E+16,4.94614E+16
67862,67863,9,5,71,135,2016,4,20,1,3,7,7,2,1,0,0,0,1,0,0,6.19122E+20,5.47195E+21,1.06415E+16,4.93886E+16
67863,67864,9,2,75,128,2016,4,10,7,3,0,1,0,1,0,0,0,1,0,0,8.27163E+20,5.39879E+21,1.3443E+16,4.86564E+16
67864,67865,9,1,84,135,2016,4,11,3,3,5,2,0,0,0,1,0,0,1,0,6.92205E+20,5.34401E+21,1.15877E+16,4.82201E+16
67865,67866,9,6,71,155,2016,4,15,5,3,2,6,0,0,0,1,0,0,0,1,5.05777E+20,5.53403E+21,9.08054E+15,4.99586E+16
67866,67867,9,6,75,117,2016,4,10,6,3,8,1,0,1,0,1,0,0,0,0,5.77381E+20,5.51567E+21,1.0075E+16,4.97885E+16
67867,67868,9,5,72,126,2016,4,12,2,3,2,6,0,0,0,1,0,0,0,0,6.33808E+20,5.5068E+21,1.08556E+16,4.96989E+16
67868,67869,9,1,75,127,2016,4,10,3,3,2,6,0,0,0,1,0,0,0,0,7.1124E+20,5.34175E+21,1.18426E+16,4.81939E+16
67869,67870,9,6,72,139,2016,4,11,5,3,2,6,0,0,0,1,0,0,0,0,5.67165E+20,5.5611E+21,9.94106E+15,5.01983E+16
67870,67871,9,3,76,170,2016,4,7,6,3,1,7,0,0,0,1,0,0,0,1,7.24548E+20,5.45657E+21,1.20839E+16,4.92207E+16
67871,67872,9,6,78,168,2016,4,5,5,3,2,6,2,1,0,1,0,0,0,0,5.82144E+20,5.54792E+21,1.01481E+16,5.00779E+16
67872,67873,9,1,89,115,2016,4,18,2,3,9,1,0,1,0,1,0,0,0,0,7.60045E+20,5.33655E+21,1.2495E+16,4.8129E+16
67873,67874,9,7,72,151,2016,4,15,4,3,2,6,0,0,0,1,0,0,0,0,6.3235E+20,5.34337E+21,1.07822E+16,4.82297E+16
67874,67875,9,4,74,123,2016,4,19,4,2,4,6,1,0,0,1,0,0,0,0,6.50631E+20,5.51263E+21,1.1091E+16,4.97473E+16
67875,67876,9,4,72,175,2016,4,6,3,2,2,6,1,0,0,1,0,0,0,0,6.80257E+20,5.52388E+21,1.1507E+16,4.98402E+16
67876,67877,9,2,74,126,2016,4,18,2,3,2,6,0,0,0,1,0,0,0,0,7.33049E+20,5.38283E+21,1.21584E+16,4.85553E+16
67877,67878,9,1,77,112,2016,4,8,2,3,2,6,0,1,0,1,0,0,0,0,7.15472E+20,5.36642E+21,1.19121E+16,4.84141E+16
67878,67879,9,7,78,203,2016,4,23,4,3,3,6,2,0,0,1,0,0,0,0,6.21547E+20,5.32211E+21,1.06307E+16,4.80407E+16
67879,67880,9,5,75,122,2016,4,14,4,3,2,6,0,0,0,1,0,0,0,0,5.97799E+20,5.48479E+21,1.03509E+16,4.95078E+16
67880,67881,9,5,73,120,2016,4,12,3,3,5,3,0,0,0,1,0,0,1,0,6.30185E+20,5.48412E+21,1.07978E+16,4.94957E+16
67881,67882,9,5,76,122,2016,4,11,1,2,3,6,0,1,0,1,0,0,0,0,6.73013E+20,5.43249E+21,1.13665E+16,4.9021E+16
67882,67883,9,5,61,0,2016,4,16,4,3,5,3,0,0,1,1,0,0,0,0,6.121E+20,5.46195E+21,1.05419E+16,4.93E+16
67883,67884,9,1,62,0,2016,4,8,4,3,2,6,0,0,0,1,0,0,0,0,6.94787E+20,5.32966E+21,1.16159E+16,4.80905E+16
67884,67885,9,6,63,0,2016,4,9,6,3,5,3,0,1,0,1,0,0,1,0,5.71055E+20,5.5196E+21,9.98788E+15,4.98247E+16
67885,67886,9,4,77,164,2016,4,9,1,3,9,1,0,1,0,1,0,0,0,0,6.66169E+20,5.54227E+21,1.13192E+16,5.00095E+16
67886,67887,9,7,75,135,2016,4,16,3,3,5,3,0,0,1,1,0,0,0,0,5.7642E+20,5.36173E+21,1.00325E+16,4.84041E+16
67887,67888,9,5,64,0,2016,4,14,2,3,5,2,0,0,1,1,0,0,0,0,6.46052E+20,5.47845E+21,1.10147E+16,4.94411E+16
67888,67889,9,7,72,147,2016,4,15,2,3,2,7,0,0,0,1,0,0,0,0,6.31206E+20,5.36436E+21,1.07733E+16,4.84188E+16
67889,67890,9,2,77,116,2016,4,16,1,3,5,3,0,1,0,1,0,0,0,0,7.78561E+20,5.36744E+21,1.27637E+16,4.83985E+16
67890,67891,9,1,78,123,2016,4,19,5,2,0,2,0,0,0,0,0,1,0,0,6.90468E+20,5.35765E+21,1.15705E+16,4.83433E+16
67891,67892,9,6,77,131,2016,4,7,4,3,0,7,0,0,0,1,0,0,0,1,5.47277E+20,5.54523E+21,9.66047E+15,5.00574E+16
67892,67893,9,3,72,116,2016,4,13,4,3,2,6,0,0,0,1,0,0,0,0,7.66738E+20,5.45617E+21,1.26619E+16,4.92002E+16
67893,67894,9,2,75,133,2016,4,6,7,3,9,1,0,1,0,1,0,0,0,0,8.25828E+20,5.3849E+21,1.34141E+16,4.85325E+16
67894,67895,9,3,75,117,2016,4,8,3,3,2,6,0,0,0,1,0,0,0,0,7.35017E+20,5.43186E+21,1.2213E+16,4.89948E+16
67895,67896,9,5,65,0,2016,4,19,6,3,4,2,0,0,0,1,0,0,0,0,6.46842E+20,5.46687E+21,1.10213E+16,4.93369E+16
67896,67897,9,1,83,125,2016,4,18,3,3,5,3,0,0,0,1,0,0,0,0,7.55526E+20,5.35658E+21,1.24465E+16,4.83108E+16
67897,67898,9,1,72,134,2016,4,14,6,3,2,6,0,0,0,1,0,0,0,0,7.8455E+20,5.30433E+21,1.28023E+16,4.78293E+16
67898,67899,9,4,64,0,2016,4,15,2,3,3,6,0,0,0,1,0,0,1,0,7.05433E+20,5.57759E+21,1.18856E+16,5.03146E+16
67899,67900,9,4,77,128,2016,4,18,5,2,2,6,0,0,0,1,0,1,0,0,6.76573E+20,5.55017E+21,1.14679E+16,5.00776E+16
67900,67901,9,6,72,114,2016,4,7,6,3,2,2,0,1,0,1,0,0,0,0,5.76187E+20,5.56466E+21,1.00682E+16,5.02292E+16
67901,67902,9,3,77,154,2016,4,11,1,2,4,2,0,0,0,1,0,0,0,0,7.38822E+20,5.53109E+21,1.23247E+16,4.98845E+16
67902,67903,9,1,90,157,2016,4,16,3,3,5,3,0,0,1,1,0,0,0,0,6.62174E+20,5.29981E+21,1.1167E+16,4.78312E+16
67903,67904,9,7,73,122,2016,4,7,3,3,5,2,0,0,0,1,0,1,0,0,6.26747E+20,5.38532E+21,1.07195E+16,4.86082E+16
67904,67905,9,2,74,153,2016,4,14,6,3,0,6,0,1,0,1,0,1,0,0,7.34512E+20,5.4026E+21,1.21894E+16,4.87322E+16
67905,67906,9,5,77,161,2016,4,15,2,1,2,2,0,0,0,0,0,1,0,0,6.46211E+20,5.43961E+21,1.10027E+16,4.90919E+16
67906,67907,9,4,77,128,2016,4,18,5,3,2,6,0,0,0,1,0,0,0,0,6.77109E+20,5.54899E+21,1.14748E+16,5.00668E+16
67907,67908,9,6,77,157,2016,4,13,2,3,2,6,0,0,0,1,0,0,0,0,5.37275E+20,5.52046E+21,9.51835E+15,4.98354E+16
67908,67909,9,1,71,115,2016,4,14,1,3,9,1,0,1,0,1,0,0,0,0,7.80276E+20,5.35728E+21,1.278E+16,4.83066E+16
67909,67910,9,1,62,0,2016,4,12,4,3,5,3,0,0,0,1,0,1,0,0,6.96275E+20,5.33132E+21,1.16366E+16,4.81049E+16
67910,67911,9,1,82,119,2016,4,16,4,3,2,6,0,0,1,1,0,0,0,0,7.11763E+20,5.29403E+21,1.18261E+16,4.77648E+16
67911,67912,9,6,71,155,2016,4,7,4,3,2,6,0,0,0,1,0,0,0,0,5.03861E+20,5.53744E+21,9.05386E+15,4.99893E+16
67912,67913,9,2,63,0,2016,4,10,4,3,2,6,0,0,0,1,0,0,0,0,7.6234E+20,5.41753E+21,1.25766E+16,4.88552E+16
67913,67914,9,7,79,155,2016,4,11,7,3,5,3,0,1,0,1,0,1,0,0,6.29476E+20,5.40584E+21,1.07629E+16,4.8792E+16
67914,67915,9,5,77,138,2016,4,15,7,3,8,1,0,1,0,1,0,0,0,0,6.29077E+20,5.44723E+21,1.07706E+16,4.91643E+16
67915,67916,9,1,72,131,2016,4,15,7,2,9,1,0,0,0,0,0,1,0,0,7.85235E+20,5.29034E+21,1.28023E+16,4.77034E+16
67916,67917,9,2,71,152,2016,4,17,3,3,5,3,0,0,0,1,0,1,0,0,7.85233E+20,5.40071E+21,1.28764E+16,4.86941E+16
67917,67918,9,6,61,0,2016,4,12,5,3,2,6,0,0,0,1,0,0,0,0,5.09395E+20,5.53554E+21,9.13102E+15,4.99721E+16
67918,67919,9,1,62,0,2016,4,7,6,3,2,6,0,0,0,1,0,0,0,0,6.88554E+20,5.33532E+21,1.15348E+16,4.81432E+16
67919,67920,9,5,64,0,2016,4,9,6,3,5,3,0,0,0,1,0,0,0,0,6.46602E+20,5.48074E+21,1.10232E+16,4.94616E+16
67920,67921,9,1,82,129,2016,4,16,3,3,1,6,0,0,0,1,0,0,0,0,7.07911E+20,5.28557E+21,1.17707E+16,4.769E+16
67921,67922,9,4,64,0,2016,4,15,6,3,6,2,0,0,0,1,1,0,0,0,7.07567E+20,5.57664E+21,1.1915E+16,5.03053E+16
67922,67923,9,1,61,0,2016,4,14,6,3,2,6,0,1,0,1,0,0,0,0,6.79297E+20,5.40409E+21,1.14399E+16,4.8764E+16
67923,67924,9,1,78,124,2016,4,5,6,2,2,6,1,1,0,1,0,0,0,0,7.00799E+20,5.35748E+21,1.17097E+16,4.83386E+16
67924,67925,9,2,77,133,2016,4,16,5,3,0,7,0,0,1,0,0,0,0,0,7.6906E+20,5.36576E+21,1.26345E+16,4.83876E+16
67925,67926,9,4,71,189,2016,4,11,2,3,8,1,0,0,0,0,0,0,1,0,6.57394E+20,5.54188E+21,1.11967E+16,5.00084E+16
67926,67927,9,4,71,145,2016,4,21,5,3,2,6,2,0,0,1,0,0,0,0,6.43087E+20,5.52017E+21,1.09891E+16,4.98169E+16
67927,67928,9,1,76,112,2016,4,19,2,3,0,6,0,0,0,1,0,0,0,0,6.88015E+20,5.42384E+21,1.15675E+16,4.89389E+16
67928,67929,9,6,72,140,2016,4,12,3,2,0,7,0,0,1,0,0,0,0,0,5.80761E+20,5.55514E+21,1.01303E+16,5.0143E+16
67929,67930,9,7,61,0,2016,4,12,1,3,2,6,0,1,0,1,0,0,0,0,6.3858E+20,5.36282E+21,1.08724E+16,4.84033E+16
67930,67931,9,1,76,161,2016,4,3,2,2,8,1,2,1,0,0,0,1,0,0,6.80788E+20,5.41762E+21,1.14662E+16,4.88851E+16