FID,OBJECTID,ULAND,UREGBEZ,UKREIS,UGEMEINDE,UJAHR,UMONAT,USTUNDE,UWOCHENTAG,UKATEGORIE,UART,UTYP1,ULICHTVERH,IstStrasse,IstRad,IstPKW,IstFuss,IstKrad,IstGkfz,IstSonstig,LINREFX,LINREFY,XGCSWGS84,YGCSWGS84
67931,67932,9,6,79,154,2016,4,11,3,3,3,6,0,0,0,1,0,0,1,0,5.6209E+20,5.51079E+21,9.86185E+15,4.97464E+16
67932,67933,9,1,62,0,2016,4,17,1,3,2,6,2,0,0,1,0,0,0,0,6.82848E+20,5.34227E+21,1.14612E+16,4.82073E+16
67933,67934,9,1,78,124,2016,4,4,2,2,5,3,2,1,1,1,0,0,0,0,7.05522E+20,5.36258E+21,1.17759E+16,4.83829E+16
67934,67935,9,1,61,0,2016,4,19,4,3,5,2,0,0,0,0,0,1,0,1,6.79546E+20,5.40649E+21,1.14444E+16,4.87855E+16
67935,67936,9,5,76,151,2016,4,14,4,3,2,2,0,0,0,1,0,0,0,0,6.53219E+20,5.47276E+21,1.11113E+16,4.93883E+16
67936,67937,9,2,72,149,2016,4,15,4,2,5,6,0,0,0,1,0,0,0,1,8.17712E+20,5.42547E+21,1.33357E+16,4.89006E+16
67937,67938,9,7,61,0,2016,4,12,7,2,2,6,0,0,1,1,0,0,0,0,6.429E+20,5.35857E+21,1.09293E+16,4.83641E+16
67938,67939,9,3,74,129,2016,4,9,7,2,9,1,0,1,0,1,0,0,0,0,6.96262E+20,5.51502E+21,1.17249E+16,4.97556E+16
67939,67940,9,1,76,161,2016,4,17,7,3,8,1,0,1,0,1,0,0,0,0,6.80841E+20,5.41699E+21,1.14666E+16,4.88795E+16
67940,67941,9,1,75,118,2016,4,9,4,3,2,6,0,0,0,1,0,0,0,0,7.18309E+20,5.3388E+21,1.19361E+16,4.81649E+16
67941,67942,9,2,75,135,2016,4,8,3,3,4,6,0,0,0,1,0,0,1,0,8.26669E+20,5.40223E+21,1.34391E+16,4.86875E+16
67942,67943,9,6,61,0,2016,4,20,5,3,4,2,1,0,0,1,0,0,0,0,5.09756E+20,5.53519E+21,9.13604E+15,4.99689E+16
67943,67944,9,7,80,143,2016,4,7,6,3,2,6,0,0,0,1,0,0,0,0,5.97968E+20,5.28175E+21,1.03053E+16,4.76817E+16
67944,67945,9,1,85,143,2016,4,11,3,3,1,6,0,0,0,1,0,1,0,0,6.62428E+20,5.38608E+21,1.12035E+16,4.86067E+16
67945,67946,9,4,71,185,2016,4,16,6,2,9,1,0,0,0,0,0,1,0,0,6.51981E+20,5.53789E+21,1.11196E+16,4.9974E+16
67946,67947,9,1,62,0,2016,4,18,5,3,5,3,0,0,0,1,0,0,0,0,6.89535E+20,5.33189E+21,1.15464E+16,4.8112E+16
67947,67948,9,2,61,0,2016,4,17,5,3,6,4,0,0,0,1,1,0,0,0,7.31946E+20,5.37988E+21,1.21418E+16,4.85291E+16
67948,67949,9,2,75,119,2016,4,16,2,3,8,1,0,1,0,1,0,0,0,0,8.33551E+20,5.40096E+21,1.35313E+16,4.86725E+16
67949,67950,9,4,61,0,2016,4,13,5,3,5,3,0,0,0,1,0,0,0,0,6.37851E+20,5.53128E+21,1.09203E+16,4.9918E+16
67950,67951,9,1,79,126,2016,4,13,2,3,2,6,0,0,0,1,0,0,0,0,6.77508E+20,5.33944E+21,1.13882E+16,4.81834E+16
67951,67952,9,1,62,0,2016,4,19,4,3,0,7,0,0,1,0,0,0,0,0,6.90859E+20,5.33012E+21,1.15634E+16,4.80957E+16
67952,67953,9,5,62,0,2016,4,13,3,3,1,3,0,0,0,1,0,0,0,0,6.46406E+20,5.49573E+21,1.1026E+16,4.95964E+16
67953,67954,9,6,73,114,2016,4,13,1,2,9,1,0,1,0,1,0,0,0,0,5.84886E+20,5.57617E+21,1.01927E+16,5.03315E+16
67954,67955,9,5,64,0,2016,4,14,4,3,5,3,0,0,1,1,0,0,0,0,6.47637E+20,5.47466E+21,1.10352E+16,4.94067E+16
67955,67956,9,1,83,124,2016,4,14,4,2,4,6,0,0,0,1,0,0,0,0,7.57327E+20,5.34104E+21,1.24613E+16,4.81704E+16
67956,67957,9,4,73,159,2016,4,13,1,2,5,3,0,0,0,1,0,0,0,0,6.44217E+20,5.57479E+21,1.10253E+16,5.03076E+16
67957,67958,9,1,84,130,2016,4,17,3,3,3,6,0,0,1,1,0,0,0,0,6.98841E+20,5.34585E+21,1.16779E+16,4.82347E+16
67958,67959,9,5,63,0,2016,4,12,2,2,6,4,0,0,0,0,1,0,1,0,6.43992E+20,5.48171E+21,1.09875E+16,4.9471E+16
67959,67960,9,1,62,0,2016,4,6,4,3,2,6,0,0,0,1,0,0,0,0,6.78666E+20,5.33671E+21,1.14026E+16,4.81585E+16
67960,67961,9,5,74,152,2016,4,12,4,3,5,3,0,0,0,1,0,0,0,0,6.62741E+20,5.48403E+21,1.12471E+16,4.94871E+16
67961,67962,9,2,73,147,2016,4,8,4,3,2,6,0,0,0,1,0,1,0,0,7.04674E+20,5.39205E+21,1.17789E+16,4.86479E+16
67962,67963,9,5,64,0,2016,4,16,7,3,2,6,0,0,0,1,0,0,0,0,6.59658E+20,5.47622E+21,1.12014E+16,4.94177E+16
67963,67964,9,5,73,134,2016,4,22,1,2,9,1,2,1,0,1,0,1,0,0,6.3844E+20,5.48057E+21,1.09105E+16,4.9462E+16
67964,67965,9,2,78,113,2016,4,11,7,3,5,3,0,0,0,1,0,0,0,0,7.71893E+20,5.42126E+21,1.27091E+16,4.88846E+16
67965,67966,9,1,74,113,2016,4,17,7,3,5,3,0,0,0,1,0,0,0,0,6.78046E+20,5.35053E+21,1.14E+16,4.82829E+16
67966,67967,9,1,84,112,2016,4,9,3,2,4,6,0,0,0,1,0,0,0,0,7.03127E+20,5.33786E+21,1.17317E+16,4.81615E+16
67967,67968,9,6,71,155,2016,4,15,5,3,0,7,0,0,0,0,0,1,0,0,5.03695E+20,5.53715E+21,9.05155E+15,4.99867E+16
67968,67969,9,7,72,177,2016,4,7,6,3,0,6,0,0,0,1,0,0,0,0,6.34612E+20,5.3791E+21,1.08241E+16,4.85506E+16
67969,67970,9,1,81,144,2016,4,12,3,3,2,6,0,0,0,1,0,0,0,0,6.55562E+20,5.32171E+21,1.10867E+16,4.80297E+16
67970,67971,9,3,72,130,2016,4,22,6,3,8,1,2,0,0,1,0,0,0,0,7.82779E+20,5.45822E+21,1.2883E+16,4.92114E+16
67971,67972,9,7,79,201,2016,4,6,5,3,0,1,0,1,0,0,0,1,0,0,6.41349E+20,5.39472E+21,1.09206E+16,4.86895E+16
67972,67973,9,2,79,135,2016,4,16,2,3,5,3,0,0,0,1,0,0,0,1,7.7401E+20,5.39071E+21,1.27176E+16,4.86094E+16
67973,67974,9,7,80,114,2016,4,15,4,1,9,1,0,0,0,0,0,1,0,0,6.04214E+20,5.28986E+21,1.03905E+16,4.77537E+16
67974,67975,9,4,79,152,2016,4,15,4,3,4,6,0,0,0,1,0,1,0,0,7.20704E+20,5.56154E+21,1.20904E+16,5.01649E+16
67975,67976,9,5,71,180,2016,4,17,3,3,5,3,0,0,1,1,0,0,0,0,6.30089E+20,5.46073E+21,1.07889E+16,4.92854E+16
67976,67977,9,5,64,0,2016,4,5,1,3,0,6,1,1,0,1,1,0,0,0,6.47628E+20,5.47942E+21,1.10368E+16,4.94495E+16
67977,67978,9,6,78,193,2016,4,16,6,2,9,6,0,0,0,1,0,0,0,0,5.76465E+20,5.54132E+21,1.00674E+16,5.00193E+16
67978,67979,9,4,74,126,2016,4,19,1,3,3,6,1,0,0,1,0,0,0,0,6.48652E+20,5.50738E+21,1.10615E+16,4.97006E+16
67979,67980,9,7,80,117,2016,4,7,3,3,2,6,0,0,0,1,0,0,0,0,5.93005E+20,5.28341E+21,1.02396E+16,4.76974E+16
67980,67981,9,2,75,145,2016,4,7,6,3,5,3,0,0,0,1,0,0,0,0,8.24673E+20,5.37971E+21,1.33944E+16,4.84866E+16
67981,67982,9,5,64,0,2016,4,11,2,3,2,6,0,0,0,1,0,0,0,0,6.52949E+20,5.47599E+21,1.11089E+16,4.94174E+16
67982,67983,9,6,79,204,2016,4,6,2,3,1,7,0,0,0,1,0,0,0,0,5.58098E+20,5.51214E+21,9.80664E+15,4.97589E+16
67983,67984,9,3,75,196,2016,4,12,1,1,3,6,0,0,0,1,0,1,0,0,7.31104E+20,5.40861E+21,1.21465E+16,4.87875E+16
67984,67985,9,1,62,0,2016,4,20,4,3,1,6,2,0,0,1,0,0,0,0,6.9224E+20,5.33118E+21,1.15824E+16,4.81049E+16
67985,67986,9,1,62,0,2016,4,13,2,3,4,2,0,0,0,1,0,0,0,1,6.93837E+20,5.33165E+21,1.16041E+16,4.81086E+16
67986,67987,9,2,75,151,2016,4,10,6,3,5,3,0,0,0,1,0,0,0,0,8.24139E+20,5.39491E+21,1.33991E+16,4.86231E+16
67987,67988,9,1,87,182,2016,4,18,2,3,4,6,0,1,0,1,0,0,0,0,7.39523E+20,5.32775E+21,1.22147E+16,4.8058E+16
67988,67989,9,2,63,0,2016,4,21,1,3,0,1,2,1,1,0,0,0,0,0,7.62452E+20,5.42043E+21,1.258E+16,4.88812E+16
67989,67990,9,1,62,0,2016,4,16,5,3,2,6,0,0,0,1,0,1,0,0,6.98183E+20,5.33517E+21,1.1664E+16,4.81388E+16
67990,67991,9,6,63,0,2016,4,14,4,3,2,6,0,0,0,1,0,0,1,0,5.6479E+20,5.51157E+21,9.89945E+15,4.97532E+16
67991,67992,9,3,75,161,2016,4,9,4,3,8,1,0,0,0,1,0,0,0,0,7.33939E+20,5.42551E+21,1.21947E+16,4.89382E+16
67992,67993,9,4,62,0,2016,4,11,3,3,5,3,0,0,1,1,0,0,0,0,6.8597E+20,5.5347E+21,1.15916E+16,4.99357E+16
67993,67994,9,3,71,116,2016,4,11,6,3,8,1,0,1,0,1,0,0,0,0,6.87182E+20,5.47595E+21,1.15804E+16,4.94074E+16
67994,67995,9,3,72,116,2016,4,13,1,3,4,6,0,0,0,1,0,0,0,0,7.69226E+20,5.45784E+21,1.26971E+16,4.92142E+16
67995,67996,9,1,72,112,2016,4,6,3,3,8,1,1,0,0,1,0,0,0,0,7.87759E+20,5.30196E+21,1.28435E+16,4.78066E+16
67996,67997,9,2,73,111,2016,4,13,6,3,4,1,0,1,0,1,0,0,0,0,7.07856E+20,5.40952E+21,1.18308E+16,4.88039E+16
67997,67998,9,4,79,126,2016,4,9,2,3,9,7,0,0,0,0,0,0,0,1,7.22026E+20,5.55274E+21,1.21038E+16,5.00854E+16
67998,67999,9,3,63,0,2016,4,18,5,3,3,2,1,0,1,1,0,0,0,0,7.27688E+20,5.50703E+21,1.21559E+16,4.96727E+16
67999,68000,9,1,87,117,2016,4,17,2,3,5,3,0,1,0,1,0,0,0,0,7.26362E+20,5.3051E+21,1.20264E+16,4.78593E+16
68000,68001,9,1,87,132,2016,4,10,1,3,3,3,0,0,0,1,0,0,0,0,7.466E+20,5.29979E+21,1.22936E+16,4.78042E+16
68001,68002,9,1,84,135,2016,4,10,4,3,3,6,0,0,1,1,0,0,0,0,6.93269E+20,5.35037E+21,1.1605E+16,4.8277E+16
68002,68003,9,1,87,120,2016,4,17,4,3,4,6,0,0,1,0,0,0,0,0,7.31628E+20,5.29308E+21,1.20903E+16,4.77495E+16
68003,68004,9,6,71,124,2016,4,9,4,3,0,7,0,0,0,0,0,0,0,1,5.13545E+20,5.53465E+21,9.18886E+15,4.99641E+16
68004,68005,9,2,71,127,2016,4,11,4,3,4,2,0,0,0,1,0,0,1,1,8.04218E+20,5.40562E+21,1.31373E+16,4.87293E+16
68005,68006,9,7,72,147,2016,4,16,7,3,2,6,0,0,0,1,0,0,0,1,6.38469E+20,5.36411E+21,1.08714E+16,4.84149E+16
68006,68007,9,4,78,139,2016,4,17,7,3,1,1,0,0,0,1,0,0,0,0,6.48878E+20,5.5556E+21,1.10832E+16,5.01339E+16
68007,68008,9,1,63,0,2016,4,15,7,3,3,2,0,0,1,1,0,0,0,0,7.32704E+20,5.3056E+21,1.21114E+16,4.78615E+16
68008,68009,9,1,74,131,2016,4,17,4,3,5,3,0,0,0,1,0,0,0,0,6.75863E+20,5.3592E+21,1.13743E+16,4.83615E+16
68009,68010,9,2,78,118,2016,4,11,3,3,0,7,0,0,1,0,0,0,0,0,7.7038E+20,5.42398E+21,1.26903E+16,4.89097E+16
68010,68011,9,5,62,0,2016,4,20,5,3,2,6,0,0,0,1,0,0,0,0,6.43675E+20,5.49162E+21,1.09868E+16,4.95601E+16
68011,68012,9,7,75,129,2016,4,15,6,3,2,6,0,1,0,1,0,0,0,0,5.82753E+20,5.34466E+21,1.01148E+16,4.82498E+16
68012,68013,9,5,77,177,2016,4,12,6,3,9,1,0,1,0,1,0,0,0,0,6.39954E+20,5.43072E+21,1.0914E+16,4.90135E+16
68013,68014,9,1,87,122,2016,4,16,3,3,4,2,0,0,1,1,0,0,0,0,7.17896E+20,5.3075E+21,1.19146E+16,4.78838E+16
68014,68015,9,6,77,186,2016,4,14,4,3,5,3,0,0,1,1,0,0,0,0,5.48234E+20,5.53343E+21,9.67236E+15,4.99513E+16
68015,68016,9,3,61,0,2016,4,8,4,3,2,6,0,0,0,1,0,0,0,0,7.06562E+20,5.48264E+21,1.18507E+16,4.94613E+16
68016,68017,9,1,62,0,2016,4,6,7,3,0,1,1,0,1,0,0,0,0,0,6.89845E+20,5.32769E+21,1.15487E+16,4.80742E+16
68017,68018,9,5,64,0,2016,4,17,7,3,0,6,0,1,0,1,0,0,0,0,6.47907E+20,5.48006E+21,1.10409E+16,4.94552E+16
68018,68019,9,1,73,118,2016,4,16,7,2,6,4,0,0,1,0,1,0,0,0,6.93491E+20,5.30241E+21,1.15863E+16,4.78459E+16
68019,68020,9,3,75,180,2016,4,7,3,3,5,3,0,0,0,1,0,0,0,0,7.24231E+20,5.42928E+21,1.20644E+16,4.89757E+16
68020,68021,9,1,62,0,2016,4,17,6,3,5,3,0,0,0,1,0,0,0,0,6.8846E+20,5.32854E+21,1.15305E+16,4.80822E+16
68021,68022,9,5,63,0,2016,4,9,6,3,3,6,0,1,0,1,0,1,0,0,6.43912E+20,5.4809E+21,1.09861E+16,4.94637E+16
68022,68023,9,1,63,0,2016,4,20,3,3,0,2,1,0,0,1,0,0,0,0,7.33768E+20,5.30386E+21,1.21247E+16,4.78456E+16
68023,68024,9,1,82,129,2016,4,17,6,3,2,6,0,0,0,1,0,0,0,0,7.07899E+20,5.28593E+21,1.17707E+16,4.76933E+16
68024,68025,9,1,79,121,2016,4,20,6,3,5,3,2,0,0,1,0,0,0,0,6.64679E+20,5.33565E+21,1.12142E+16,4.81527E+16
68025,68026,9,4,71,140,2016,4,8,2,3,7,7,0,0,0,0,0,0,1,0,6.33775E+20,5.53121E+21,1.08635E+16,4.99183E+16
68026,68027,9,3,63,0,2016,4,15,5,3,1,2,0,0,1,1,0,0,0,0,7.27804E+20,5.507E+21,1.21575E+16,4.96724E+16
68027,68028,9,1,85,150,2016,4,8,2,2,1,6,0,1,0,1,0,1,0,0,6.55898E+20,5.39854E+21,1.11196E+16,4.87204E+16
68028,68029,9,6,75,113,2016,4,7,3,3,2,6,0,0,0,1,0,0,0,0,5.76975E+20,5.51351E+21,1.0069E+16,4.97692E+16
68029,68030,9,1,77,126,2016,4,12,1,3,8,1,0,1,0,1,0,0,0,1,7.1867E+20,5.36955E+21,1.19569E+16,4.84411E+16
68030,68031,9,1,84,145,2016,4,17,1,3,5,3,0,1,1,1,0,0,0,0,6.95972E+20,5.32474E+21,1.16296E+16,4.80458E+16
68031,68032,9,1,86,125,2016,4,17,4,3,5,3,0,0,0,1,0,0,0,0,6.74331E+20,5.37392E+21,1.13597E+16,4.84942E+16
68032,68033,9,5,62,0,2016,4,21,4,3,5,3,2,0,1,1,0,0,0,0,6.44104E+20,5.49417E+21,1.09936E+16,4.9583E+16
68033,68034,9,2,74,118,2016,4,6,4,3,9,6,0,0,0,1,0,0,0,0,7.3839E+20,5.36732E+21,1.22218E+16,4.84138E+16
68034,68035,9,6,79,167,2016,4,12,7,2,6,4,0,0,0,1,1,0,0,0,5.84952E+20,5.52756E+21,1.01828E+16,4.98944E+16
68035,68036,9,3,73,143,2016,4,13,7,1,8,1,0,0,0,1,0,0,0,0,7.00212E+20,5.44698E+21,1.17453E+16,4.9143E+16
68036,68037,9,1,85,150,2016,4,11,7,2,8,1,0,1,0,1,0,0,0,0,6.52709E+20,5.39794E+21,1.10761E+16,4.87158E+16
68037,68038,9,1,77,117,2016,4,20,4,2,5,2,2,0,0,1,0,1,0,0,7.16504E+20,5.3542E+21,1.19197E+16,4.83039E+16
68038,68039,9,5,72,132,2016,4,17,5,2,3,6,0,0,0,1,0,1,0,0,6.37015E+20,5.49339E+21,1.08953E+16,4.95775E+16
68039,68040,9,7,79,192,2016,4,14,6,3,2,6,0,1,0,1,0,0,0,0,6.4039E+20,5.39619E+21,1.09081E+16,4.8703E+16
68040,68041,9,1,76,165,2016,4,17,3,2,4,1,0,0,0,1,0,0,0,0,6.65114E+20,5.42216E+21,1.12544E+16,4.89304E+16
68041,68042,9,3,75,118,2016,4,13,6,3,9,1,0,1,0,1,0,0,0,0,7.07792E+20,5.44777E+21,1.18495E+16,4.91475E+16
68042,68043,9,7,77,151,2016,4,18,5,2,1,1,0,0,1,0,0,0,1,0,6.20833E+20,5.29419E+21,1.06133E+16,4.77897E+16
68043,68044,9,2,73,152,2016,4,11,5,3,9,1,0,0,0,1,0,0,0,0,7.02371E+20,5.40886E+21,1.17559E+16,4.87997E+16
68044,68045,9,2,77,134,2016,4,8,2,3,2,6,0,1,0,1,0,0,0,0,7.77255E+20,5.36231E+21,1.27427E+16,4.8353E+16
68045,68046,9,1,74,126,2016,4,13,2,2,5,3,0,0,1,1,0,0,0,0,6.83489E+20,5.34411E+21,1.14706E+16,4.82237E+16
68046,68047,9,1,62,0,2016,4,7,4,3,2,6,0,0,0,1,0,0,0,0,6.88553E+20,5.33466E+21,1.15345E+16,4.81372E+16
68047,68048,9,5,71,190,2016,4,17,4,3,9,1,0,0,0,1,0,0,0,0,6.25293E+20,5.46255E+21,1.07235E+16,4.93028E+16
68048,68049,9,4,72,190,2016,4,16,6,3,5,1,0,0,0,1,0,0,0,0,7.02371E+20,5.5287E+21,1.18167E+16,4.98765E+16
68049,68050,9,1,86,122,2016,4,13,6,2,2,6,0,1,0,1,0,0,1,0,6.93379E+20,5.39595E+21,1.16275E+16,4.86866E+16
68050,68051,9,1,62,0,2016,4,19,5,3,5,3,0,0,0,1,0,0,0,0,6.86185E+20,5.33522E+21,1.15029E+16,4.8143E+16
68051,68052,9,1,80,124,2016,4,15,5,3,4,3,0,0,0,1,0,0,0,0,6.65382E+20,5.28366E+21,1.12037E+16,4.76852E+16
68052,68053,9,3,62,0,2016,4,6,2,3,5,1,0,1,0,1,0,0,1,0,7.25015E+20,5.4353E+21,1.20784E+16,4.90295E+16
68053,68054,9,3,74,149,2016,4,18,5,3,5,3,1,0,0,1,0,0,0,0,7.10559E+20,5.51669E+21,1.1924E+16,4.97657E+16
68054,68055,9,1,79,134,2016,4,17,2,3,4,6,0,0,0,1,0,0,0,0,6.68936E+20,5.3453E+21,1.12753E+16,4.82384E+16
68055,68056,9,6,78,174,2016,4,18,3,3,5,3,0,0,0,1,0,0,0,0,5.99712E+20,5.5476E+21,1.03934E+16,5.00723E+16
68056,68057,9,6,79,209,2016,4,7,1,2,9,1,0,1,0,1,0,0,0,0,5.61493E+20,5.51564E+21,9.85433E+15,4.97901E+16
68057,68058,9,1,79,142,2016,4,17,4,3,1,3,0,0,0,1,0,0,0,0,6.70963E+20,5.34113E+21,1.13009E+16,4.82004E+16
68058,68059,9,5,63,0,2016,4,11,4,3,1,6,0,0,0,1,0,0,0,0,6.42198E+20,5.48304E+21,1.09632E+16,4.94833E+16
68059,68060,9,2,79,126,2016,4,17,4,3,5,2,0,0,1,1,0,0,0,0,7.62109E+20,5.38392E+21,1.25522E+16,4.85535E+16
68060,68061,9,5,63,0,2016,4,10,7,3,2,6,0,1,0,1,0,0,0,0,6.42659E+20,5.4829E+21,1.09696E+16,4.9482E+16
68061,68062,9,5,75,161,2016,4,18,1,2,4,6,0,0,0,1,0,0,0,0,6.0496E+20,5.50161E+21,1.04543E+16,4.96579E+16
68062,68063,9,2,75,154,2016,4,9,7,3,8,1,0,1,0,1,0,0,0,0,8.08218E+20,5.39619E+21,1.31846E+16,4.86427E+16
68063,68064,9,1,86,152,2016,4,8,7,3,2,6,0,0,0,1,0,0,0,0,6.91261E+20,5.37317E+21,1.15883E+16,4.84825E+16
68064,68065,9,1,62,0,2016,4,0,3,3,8,7,2,0,0,1,0,0,0,0,6.93918E+20,5.33166E+21,1.16052E+16,4.81087E+16
68065,68066,9,5,62,0,2016,4,19,5,3,5,3,1,0,1,1,0,0,0,0,6.44734E+20,5.49369E+21,1.10021E+16,4.95784E+16
68066,68067,9,7,71,113,2016,4,15,6,3,2,6,0,1,0,1,0,0,0,0,6.54585E+20,5.36449E+21,1.10892E+16,4.84146E+16
68067,68068,9,6,71,153,2016,4,18,2,3,8,1,0,0,0,0,0,1,0,0,5.22038E+20,5.54524E+21,9.30788E+15,5.0059E+16
68068,68069,9,1,78,120,2016,4,2,3,2,1,1,2,0,0,1,0,0,1,0,6.95868E+20,5.35101E+21,1.16403E+16,4.8282E+16
68069,68070,9,3,71,131,2016,4,10,6,2,8,1,0,1,0,1,0,0,0,0,6.95583E+20,5.47803E+21,1.16971E+16,4.94235E+16
68070,68071,9,6,75,141,2016,4,8,5,3,0,7,0,0,0,0,0,1,0,0,5.83744E+20,5.51094E+21,1.01624E+16,4.97451E+16
68071,68072,9,1,89,113,2016,4,11,2,3,2,6,0,0,0,1,0,0,0,0,7.68623E+20,5.30344E+21,1.25894E+16,4.78282E+16
68072,68073,9,7,73,182,2016,4,5,4,3,9,6,1,0,0,1,0,0,0,0,6.25046E+20,5.38187E+21,1.06954E+16,4.85774E+16
68073,68074,9,4,72,175,2016,4,12,4,3,0,1,0,0,0,0,0,1,0,0,6.82713E+20,5.5144E+21,1.15367E+16,4.97543E+16
68074,68075,9,4,63,0,2016,4,7,3,3,4,2,0,0,0,1,0,1,0,0,6.37537E+20,5.56905E+21,1.09295E+16,5.02575E+16
68075,68076,9,6,73,134,2016,4,22,6,3,8,1,2,0,0,1,0,0,0,0,6.04055E+20,5.57995E+21,1.0463E+16,5.03624E+16
68076,68077,9,4,74,134,2016,4,17,1,3,0,6,0,0,0,1,0,1,0,0,6.47112E+20,5.50569E+21,1.10395E+16,4.96858E+16
68077,68078,9,1,90,157,2016,4,22,3,3,5,3,2,0,0,1,0,0,0,0,6.60708E+20,5.30126E+21,1.1148E+16,4.78446E+16
68078,68079,9,7,76,113,2016,4,18,3,2,3,2,0,0,0,1,0,1,0,0,5.73801E+20,5.27496E+21,9.98224E+15,4.76239E+16
68079,68080,9,5,73,134,2016,4,16,3,3,5,3,0,0,0,1,0,0,0,0,6.4255E+20,5.47843E+21,1.09664E+16,4.94418E+16
68080,68081,9,5,76,122,2016,4,5,1,2,8,7,2,1,0,1,0,0,0,0,6.70673E+20,5.43537E+21,1.13357E+16,4.90476E+16
68081,68082,9,5,73,134,2016,4,18,4,3,2,6,0,0,0,1,0,0,0,0,6.42137E+20,5.4776E+21,1.09605E+16,4.94345E+16
68082,68083,9,1,72,111,2016,4,9,4,3,2,6,0,0,0,1,0,0,0,1,7.95617E+20,5.30478E+21,1.29502E+16,4.78283E+16
68083,68084,9,4,77,121,2016,4,12,1,3,1,6,0,1,0,1,0,0,0,0,6.87943E+20,5.54803E+21,1.16256E+16,5.00549E+16
68084,68085,9,7,75,135,2016,4,19,3,3,4,2,0,0,0,1,0,1,0,0,5.79831E+20,5.35954E+21,1.00782E+16,4.8384E+16
68085,68086,9,5,63,0,2016,4,17,5,3,2,6,0,0,0,1,0,0,0,0,6.44124E+20,5.48004E+21,1.09887E+16,4.94559E+16
68086,68087,9,5,63,0,2016,4,8,2,3,2,6,0,0,0,1,0,0,1,0,6.4073E+20,5.48844E+21,1.09449E+16,4.95322E+16
68087,68088,9,7,62,0,2016,4,16,2,3,0,7,0,1,1,0,0,0,0,1,6.20773E+20,5.30443E+21,1.06154E+16,4.78819E+16
68088,68089,9,2,78,143,2016,4,17,1,3,5,3,0,1,0,1,0,0,0,0,7.71483E+20,5.44566E+21,1.27198E+16,4.91038E+16
68089,68090,9,1,75,111,2016,4,7,5,3,2,6,0,0,0,1,0,0,0,0,7.14003E+20,5.33866E+21,1.18782E+16,4.81652E+16
68090,68091,9,6,79,209,2016,4,7,4,3,2,6,0,0,0,1,0,1,0,0,5.61423E+20,5.51564E+21,9.85336E+15,4.97901E+16
68091,68092,9,3,72,170,2016,4,14,4,3,8,5,0,0,0,1,0,0,0,0,7.50692E+20,5.45587E+21,1.24418E+16,4.92043E+16
68092,68093,9,3,74,159,2016,4,3,3,3,7,7,2,0,0,1,0,0,0,0,7.42108E+20,5.49489E+21,1.23479E+16,4.95581E+16
68093,68094,9,5,72,158,2016,4,8,6,3,1,6,0,1,0,1,0,0,0,0,6.51536E+20,5.49576E+21,1.1097E+16,4.95954E+16
68094,68095,9,3,76,170,2016,4,12,1,2,8,1,0,0,0,1,0,0,0,0,7.24084E+20,5.45468E+21,1.20765E+16,4.92039E+16
68095,68096,9,1,89,148,2016,4,9,3,3,2,6,0,0,0,1,0,0,0,0,7.73474E+20,5.30936E+21,1.26578E+16,4.78793E+16
68096,68097,9,2,79,128,2016,4,13,6,3,8,7,0,1,0,1,0,0,0,0,7.59106E+20,5.40058E+21,1.2522E+16,4.87043E+16
68097,68098,9,4,75,142,2016,4,15,2,3,3,6,0,0,0,1,0,0,1,0,7.00222E+20,5.57353E+21,1.18103E+16,5.02799E+16
68098,68099,9,3,75,117,2016,4,9,5,3,5,2,0,0,0,0,0,0,1,0,7.33825E+20,5.43231E+21,1.2197E+16,4.89994E+16
68099,68100,9,1,86,149,2016,4,8,2,3,2,6,0,0,0,0,0,0,1,0,6.87925E+20,5.38669E+21,1.15493E+16,4.8605E+16
68100,68101,9,2,74,145,2016,4,14,6,3,8,1,0,1,0,1,0,0,0,0,7.50659E+20,5.38361E+21,1.23971E+16,4.85554E+16
68101,68102,9,5,64,0,2016,4,18,2,3,5,3,1,0,0,1,0,0,0,0,6.59958E+20,5.47648E+21,1.12056E+16,4.942E+16
68102,68103,9,3,73,146,2016,4,20,5,3,8,1,2,0,0,1,0,0,0,0,6.77939E+20,5.44969E+21,1.14414E+16,4.91742E+16
68103,68104,9,6,73,141,2016,4,16,2,3,2,6,0,0,0,1,0,0,0,0,6.0394E+20,5.57262E+21,1.04593E+16,5.02965E+16
68104,68105,9,1,72,122,2016,4,16,1,2,4,6,0,1,0,1,0,0,0,0,7.94095E+20,5.3165E+21,1.29378E+16,4.79343E+16
68105,68106,9,1,62,0,2016,4,20,4,2,0,1,2,0,0,0,0,1,0,0,6.81982E+20,5.33542E+21,1.14466E+16,4.8146E+16
68106,68107,9,6,74,163,2016,4,16,4,3,5,3,0,0,1,1,0,0,0,0,6.10858E+20,5.53896E+21,1.05466E+16,4.99926E+16
68107,68108,9,2,78,167,2016,4,12,4,2,5,3,0,0,0,1,0,1,0,0,7.6895E+20,5.40716E+21,1.26598E+16,4.87593E+16
68108,68109,9,7,77,124,2016,4,14,7,2,2,6,0,0,0,1,0,1,0,0,6.09929E+20,5.30789E+21,1.04713E+16,4.79149E+16
68109,68110,9,5,77,120,2016,4,15,7,2,8,1,0,1,0,1,0,0,0,0,6.5419E+20,5.43394E+21,1.11098E+16,4.90391E+16
68110,68111,9,1,72,132,2016,4,23,7,2,8,1,2,0,0,1,0,0,0,0,8.00599E+20,5.2812E+21,1.30003E+16,4.76144E+16