FID,OBJECTID,ULAND,UREGBEZ,UKREIS,UGEMEINDE,UJAHR,UMONAT,USTUNDE,UWOCHENTAG,UKATEGORIE,UART,UTYP1,ULICHTVERH,IstStrasse,IstRad,IstPKW,IstFuss,IstKrad,IstGkfz,IstSonstig,LINREFX,LINREFY,XGCSWGS84,YGCSWGS84
68111,68112,9,2,76,148,2016,4,13,3,3,2,6,0,0,0,1,0,0,0,0,8.08467E+20,5.43617E+21,1.3218E+16,4.90013E+16
68112,68113,9,1,62,0,2016,4,20,6,3,5,2,2,0,0,1,0,0,0,0,6.92204E+20,5.34291E+21,1.15872E+16,4.82103E+16
68113,68114,9,5,64,0,2016,4,19,6,2,5,6,0,0,1,1,0,0,0,0,6.48224E+20,5.47719E+21,1.10442E+16,4.94293E+16
68114,68115,9,1,63,0,2016,4,14,3,3,2,6,0,0,0,1,0,0,0,0,7.33804E+20,5.30494E+21,1.21257E+16,4.78552E+16
68115,68116,9,5,71,115,2016,4,11,6,3,6,4,0,0,0,1,1,0,0,0,6.13133E+20,5.44632E+21,1.05517E+16,4.91593E+16
68116,68117,9,1,61,0,2016,4,9,6,3,2,6,0,0,0,1,0,0,0,0,6.75491E+20,5.40489E+21,1.13885E+16,4.87723E+16
68117,68118,9,1,78,124,2016,4,15,6,3,2,6,0,1,0,1,0,0,0,0,7.03159E+20,5.36106E+21,1.17433E+16,4.837E+16
68118,68119,9,4,71,111,2016,4,10,2,3,2,6,0,0,0,1,0,0,0,0,6.46109E+20,5.51741E+21,1.103E+16,4.97914E+16
68119,68120,9,3,72,117,2016,4,18,5,2,2,2,0,0,0,1,0,0,1,0,7.71891E+20,5.45704E+21,1.27331E+16,4.92058E+16
68120,68121,9,1,85,150,2016,4,5,2,1,5,3,2,1,0,1,0,1,0,0,6.56464E+20,5.39876E+21,1.11274E+16,4.87222E+16
68121,68122,9,6,73,114,2016,4,1,3,2,8,1,2,1,0,1,0,0,0,0,5.83476E+20,5.57769E+21,1.01732E+16,5.03454E+16
68122,68123,9,1,77,113,2016,4,14,1,3,8,1,0,1,0,1,0,0,0,0,7.1834E+20,5.35486E+21,1.19448E+16,4.83092E+16
68123,68124,9,7,78,173,2016,4,10,1,3,0,1,0,1,0,0,0,1,0,1,6.10692E+20,5.32586E+21,1.04861E+16,4.80764E+16
68124,68125,9,1,61,0,2016,4,19,4,3,0,7,0,0,0,1,0,0,0,0,6.77295E+20,5.40608E+21,1.14136E+16,4.87824E+16
68125,68126,9,5,76,121,2016,4,17,4,3,1,5,0,0,0,1,0,1,0,0,6.46832E+20,5.45028E+21,1.10151E+16,4.91877E+16
68126,68127,9,2,73,147,2016,4,20,4,3,0,1,0,0,1,0,0,0,0,0,7.05068E+20,5.39202E+21,1.17842E+16,4.86476E+16
68127,68128,9,5,62,0,2016,4,8,7,3,8,1,0,1,0,1,0,0,0,0,6.4439E+20,5.49557E+21,1.09981E+16,4.95955E+16
68128,68129,9,3,61,0,2016,4,19,7,3,2,6,0,1,0,1,0,0,0,0,7.08446E+20,5.48041E+21,1.18755E+16,4.94406E+16
68129,68130,9,1,79,119,2016,4,18,7,3,0,7,0,0,1,0,0,0,0,0,6.72108E+20,5.33917E+21,1.13155E+16,4.81824E+16
68130,68131,9,1,75,122,2016,4,11,4,3,5,3,0,0,0,1,0,0,0,0,7.19981E+20,5.3253E+21,1.19516E+16,4.80431E+16
68131,68132,9,5,64,0,2016,4,16,5,2,6,4,0,0,0,1,1,0,0,0,6.46624E+20,5.47592E+21,1.10217E+16,4.94183E+16
68132,68133,9,7,61,0,2016,4,17,3,3,2,6,0,0,0,1,0,0,0,0,6.38658E+20,5.36122E+21,1.0873E+16,4.83889E+16
68133,68134,9,1,86,116,2016,4,4,1,2,2,1,2,1,0,1,0,0,0,0,6.8863E+20,5.40036E+21,1.15651E+16,4.87277E+16
68134,68135,9,1,75,135,2016,4,17,2,3,5,2,0,0,0,1,0,0,0,0,7.08989E+20,5.33947E+21,1.18112E+16,4.81741E+16
68135,68136,9,1,87,150,2016,4,7,4,2,5,3,0,0,0,1,0,1,0,0,7.28582E+20,5.30346E+21,1.20552E+16,4.78438E+16
68136,68137,9,6,71,114,2016,4,13,4,3,0,7,0,0,1,0,0,0,0,0,5.01402E+20,5.54414E+21,9.01959E+15,5.00495E+16
68137,68138,9,2,77,112,2016,4,12,4,3,5,3,0,0,0,1,0,1,0,0,8.06594E+20,5.37029E+21,1.31435E+16,4.84111E+16
68138,68139,9,7,61,0,2016,4,21,7,3,5,3,2,0,0,1,0,0,0,0,6.38645E+20,5.35496E+21,1.08707E+16,4.83326E+16
68139,68140,9,3,74,117,2016,4,12,7,3,2,2,0,0,0,1,0,0,0,0,7.073E+20,5.51685E+21,1.18789E+16,4.97683E+16
68140,68141,9,1,82,131,2016,4,11,7,3,2,2,0,0,0,1,0,0,0,0,7.13694E+20,5.29137E+21,1.18505E+16,4.77403E+16
68141,68142,9,1,84,135,2016,4,17,4,3,2,6,0,0,0,1,0,0,0,1,6.88045E+20,5.34797E+21,1.15336E+16,4.8257E+16
68142,68143,9,2,62,0,2016,4,10,3,3,2,3,0,0,0,1,0,0,1,0,8.28262E+20,5.39052E+21,1.34514E+16,4.85817E+16
68143,68144,9,5,64,0,2016,4,12,5,3,0,1,0,0,0,0,0,1,0,0,6.50921E+20,5.47738E+21,1.10814E+16,4.94304E+16
68144,68145,9,7,64,0,2016,4,13,6,3,2,6,0,1,0,1,0,0,0,0,5.88293E+20,5.3128E+21,1.01828E+16,4.79624E+16
68145,68146,9,1,86,147,2016,4,17,3,3,2,6,0,0,0,1,0,0,0,0,6.84975E+20,5.3926E+21,1.1512E+16,4.86591E+16
68146,68147,9,4,74,126,2016,4,5,6,3,4,6,1,0,1,0,0,0,0,0,6.48983E+20,5.50726E+21,1.1066E+16,4.96994E+16
68147,68148,9,1,84,140,2016,4,15,5,3,1,6,0,0,0,1,0,0,0,1,7.00578E+20,5.3289E+21,1.16932E+16,4.80818E+16
68148,68149,9,1,80,126,2016,4,13,5,3,5,7,0,0,1,1,0,0,0,0,6.60246E+20,5.26958E+21,1.11302E+16,4.75599E+16
68149,68150,9,2,63,0,2016,4,14,2,3,0,7,0,0,1,1,0,0,0,0,7.62185E+20,5.41838E+21,1.25751E+16,4.88629E+16
68150,68151,9,3,72,155,2016,4,7,5,3,4,6,0,1,0,1,0,0,0,0,7.70274E+20,5.4582E+21,1.27117E+16,4.92168E+16
68151,68152,9,1,88,126,2016,4,8,2,3,5,3,0,1,0,1,0,0,0,0,6.60225E+20,5.32801E+21,1.11515E+16,4.80852E+16
68152,68153,9,6,76,139,2016,4,6,3,1,4,6,1,0,0,1,0,0,0,1,5.15992E+20,5.50397E+21,9.22171E+15,4.96881E+16
68153,68154,9,6,79,137,2016,4,10,1,3,8,1,0,1,0,0,0,1,0,0,5.65828E+20,5.50429E+21,9.91264E+15,4.96875E+16
68154,68155,9,5,64,0,2016,4,13,4,3,0,7,0,0,1,0,0,0,0,0,6.53261E+20,5.47551E+21,1.1113E+16,4.94129E+16
68155,68156,9,1,80,126,2016,4,10,4,3,2,6,0,0,0,1,0,0,0,0,6.60097E+20,5.27001E+21,1.11284E+16,4.75637E+16
68156,68157,9,5,71,174,2016,4,19,1,3,8,1,0,0,0,1,0,0,0,0,6.02457E+20,5.46169E+21,1.04093E+16,4.92994E+16
68157,68158,9,1,62,0,2016,4,10,3,3,0,7,0,0,1,0,0,0,0,0,6.89184E+20,5.33068E+21,1.15412E+16,4.81013E+16
68158,68159,9,5,73,120,2016,4,12,5,2,9,1,0,0,0,1,0,0,0,0,6.29841E+20,5.48378E+21,1.0793E+16,4.94928E+16
68159,68160,9,6,79,201,2016,4,13,6,2,4,2,0,0,0,1,0,0,0,0,5.74793E+20,5.52392E+21,1.00407E+16,4.98631E+16
68160,68161,9,5,76,113,2016,4,16,2,3,5,3,0,0,0,1,0,0,0,0,6.64327E+20,5.45837E+21,1.12584E+16,4.9256E+16
68161,68162,9,1,78,145,2016,4,9,3,3,2,6,0,0,0,1,0,0,0,1,6.96515E+20,5.354E+21,1.16504E+16,4.83087E+16
68162,68163,9,3,76,141,2016,4,19,6,2,5,3,0,0,0,1,0,1,0,0,7.2581E+20,5.45167E+21,1.20984E+16,4.91762E+16
68163,68164,9,6,73,153,2016,4,17,5,3,5,3,0,0,0,1,0,0,0,0,5.86479E+20,5.59011E+21,1.02183E+16,5.04566E+16
68164,68165,9,1,71,121,2016,4,18,2,3,5,3,0,1,0,1,0,0,0,0,7.70824E+20,5.34492E+21,1.26449E+16,4.81997E+16
68165,68166,9,7,61,0,2016,4,13,6,3,2,6,0,1,0,1,0,0,0,0,6.38222E+20,5.35682E+21,1.08656E+16,4.83494E+16
68166,68167,9,1,88,120,2016,4,18,3,3,5,3,0,0,1,1,0,0,0,0,6.76882E+20,5.32651E+21,1.13744E+16,4.80673E+16
68167,68168,9,3,75,208,2016,4,16,6,3,8,1,0,1,0,1,0,0,0,0,7.32707E+20,5.4435E+21,1.21882E+16,4.91003E+16
68168,68169,9,7,77,140,2016,4,17,5,3,4,1,0,0,0,1,0,1,0,0,6.24577E+20,5.31578E+21,1.06695E+16,4.79832E+16
68169,68170,9,2,73,163,2016,4,5,2,3,8,1,1,1,0,1,0,0,0,0,7.04771E+20,5.39858E+21,1.17834E+16,4.87066E+16
68170,68171,9,1,77,133,2016,4,16,2,3,5,3,0,0,0,1,0,0,0,0,7.0991E+20,5.36011E+21,1.18338E+16,4.83593E+16
68171,68172,9,7,78,169,2016,4,16,4,3,4,2,0,0,0,1,0,1,0,0,6.17467E+20,5.33367E+21,1.05792E+16,4.81454E+16
68172,68173,9,5,71,174,2016,4,18,4,2,8,1,0,0,0,0,0,1,0,0,5.99861E+20,5.46266E+21,1.03738E+16,4.93085E+16
68173,68174,9,5,71,193,2016,4,11,3,2,5,3,0,0,1,1,0,0,0,0,5.87226E+20,5.4726E+21,1.02022E+16,4.93998E+16
68174,68175,9,5,62,0,2016,4,10,1,3,2,6,0,0,0,1,0,0,0,0,6.44059E+20,5.49395E+21,1.09929E+16,4.9581E+16
68175,68176,9,1,63,0,2016,4,11,4,3,5,4,0,0,1,0,1,0,0,0,7.33843E+20,5.30491E+21,1.21262E+16,4.78549E+16
68176,68177,9,6,77,200,2016,4,18,6,3,8,1,0,0,0,1,0,0,0,0,5.33189E+20,5.54293E+21,9.46347E+15,5.00377E+16
68177,68178,9,4,71,165,2016,4,5,1,3,3,6,2,1,0,1,0,0,0,0,6.29003E+20,5.53213E+21,1.07974E+16,4.99276E+16
68178,68179,9,7,64,0,2016,4,17,3,3,5,3,0,0,0,1,0,0,0,0,5.87514E+20,5.31571E+21,1.01729E+16,4.79887E+16
68179,68180,9,2,62,0,2016,4,18,6,2,2,6,0,1,0,1,0,0,0,0,8.25059E+20,5.38892E+21,1.34068E+16,4.85689E+16
68180,68181,9,5,64,0,2016,4,8,2,3,2,6,0,0,0,1,0,0,0,0,6.476E+20,5.47936E+21,1.10364E+16,4.9449E+16
68181,68182,9,7,72,163,2016,4,17,2,3,5,3,0,0,0,1,0,1,0,0,6.39391E+20,5.34631E+21,1.08779E+16,4.82546E+16
68182,68183,9,2,77,131,2016,4,8,1,3,5,3,0,1,0,1,0,0,0,0,7.76474E+20,5.38065E+21,1.27443E+16,4.8518E+16
68183,68184,9,1,78,143,2016,4,6,5,3,5,3,0,0,1,1,0,0,0,0,7.16981E+20,5.37274E+21,1.19357E+16,4.84703E+16
68184,68185,9,6,77,165,2016,4,18,4,2,9,1,0,0,0,0,0,1,0,0,5.3297E+20,5.53736E+21,9.45992E+15,4.99877E+16
68185,68186,9,3,71,121,2016,4,14,4,3,2,6,0,0,0,1,0,0,0,0,7.08989E+20,5.49757E+21,1.18921E+16,4.95945E+16
68186,68187,9,1,84,136,2016,4,19,7,3,5,2,0,0,1,1,0,0,0,0,6.9766E+20,5.32671E+21,1.16531E+16,4.80631E+16
68187,68188,9,5,64,0,2016,4,15,7,3,2,6,0,1,0,1,0,0,0,0,6.53895E+20,5.48047E+21,1.11236E+16,4.94574E+16
68188,68189,9,2,72,152,2016,4,15,7,2,8,1,0,0,0,0,0,1,0,0,8.1312E+20,5.41011E+21,1.32615E+16,4.87651E+16
68189,68190,9,3,75,174,2016,4,16,3,3,2,6,0,0,0,1,0,0,0,0,7.33253E+20,5.43098E+21,1.21885E+16,4.89876E+16
68190,68191,9,7,71,130,2016,4,14,4,3,5,3,0,0,0,1,0,1,0,0,6.48686E+20,5.3569E+21,1.10068E+16,4.83478E+16
68191,68192,9,3,77,141,2016,4,12,4,3,2,6,0,0,0,1,0,0,1,0,7.31299E+20,5.53467E+21,1.22223E+16,4.99196E+16
68192,68193,9,4,77,135,2016,4,16,3,2,5,3,0,0,0,1,0,1,0,0,6.82824E+20,5.55539E+21,1.15577E+16,5.01225E+16
68193,68194,9,6,76,133,2016,4,10,6,2,4,6,0,1,0,1,0,0,0,0,5.11894E+20,5.52361E+21,9.1655E+15,4.98648E+16
68194,68195,9,3,75,208,2016,4,6,1,3,8,7,1,1,0,1,0,0,0,0,7.34691E+20,5.44078E+21,1.22138E+16,4.90751E+16
68195,68196,9,1,90,141,2016,4,19,3,3,5,3,0,0,0,1,0,0,0,0,6.78667E+20,5.29266E+21,1.13843E+16,4.77625E+16
68196,68197,9,2,73,119,2016,4,13,6,3,9,7,0,1,0,1,0,0,0,0,7.09592E+20,5.40809E+21,1.18537E+16,4.87905E+16
68197,68198,9,5,73,115,2016,4,23,2,3,8,1,2,0,0,1,0,0,0,0,6.28845E+20,5.47257E+21,1.07756E+16,4.93922E+16
68198,68199,9,3,61,0,2016,4,5,5,3,5,3,2,1,0,1,0,1,0,0,7.07128E+20,5.48001E+21,1.18571E+16,4.94375E+16
68199,68200,9,6,77,157,2016,4,13,2,3,2,6,0,0,0,1,0,0,0,0,5.37276E+20,5.52046E+21,9.51836E+15,4.98354E+16
68200,68201,9,1,84,145,2016,4,2,1,2,9,1,2,0,0,1,0,0,0,0,6.97553E+20,5.32421E+21,1.16505E+16,4.80406E+16
68201,68202,9,1,62,0,2016,4,19,4,2,5,3,0,0,0,1,0,1,0,0,6.86189E+20,5.33522E+21,1.1503E+16,4.8143E+16
68202,68203,9,1,82,120,2016,4,16,4,3,2,6,0,0,0,1,0,0,0,0,7.01678E+20,5.30574E+21,1.16971E+16,4.78733E+16
68203,68204,9,6,76,133,2016,4,12,4,3,5,3,0,0,0,1,0,0,0,0,5.11849E+20,5.52283E+21,9.16484E+15,4.98578E+16
68204,68205,9,2,71,119,2016,4,17,4,3,2,6,0,0,0,1,0,1,0,0,7.95979E+20,5.4206E+21,1.30364E+16,4.88677E+16
68205,68206,9,7,73,139,2016,4,9,7,3,2,6,0,1,0,1,0,0,0,1,6.15501E+20,5.38594E+21,1.05671E+16,4.86159E+16
68206,68207,9,4,79,136,2016,4,11,7,3,5,3,0,1,0,1,0,0,0,0,7.2039E+20,5.54449E+21,1.20762E+16,5.00119E+16
68207,68208,9,1,87,142,2016,4,12,7,2,0,1,0,0,1,0,0,0,0,0,7.33576E+20,5.31568E+21,1.21285E+16,4.79518E+16
68208,68209,9,1,81,123,2016,4,17,4,3,2,6,0,0,0,1,0,1,0,0,6.55123E+20,5.32679E+21,1.10826E+16,4.80755E+16
68209,68210,9,2,71,113,2016,4,19,3,3,7,7,0,0,0,0,0,1,0,0,7.9934E+20,5.41492E+21,1.30779E+16,4.88151E+16
68210,68211,9,5,75,153,2016,4,17,5,3,0,6,0,0,0,1,0,0,0,0,6.12637E+20,5.49393E+21,1.05584E+16,4.95875E+16
68211,68212,9,1,84,123,2016,4,22,6,3,6,2,2,1,0,1,1,0,0,0,7.02488E+20,5.33205E+21,1.17204E+16,4.81095E+16
68212,68213,9,5,64,0,2016,4,11,6,3,2,6,0,1,0,1,0,0,0,1,6.52963E+20,5.4829E+21,1.11117E+16,4.94795E+16
68213,68214,9,1,87,122,2016,4,19,3,2,9,1,0,0,0,1,0,0,0,0,7.15446E+20,5.30883E+21,1.18826E+16,4.78966E+16
68214,68215,9,4,78,111,2016,4,14,6,3,2,6,0,0,0,1,0,0,0,0,6.59921E+20,5.55502E+21,1.12374E+16,5.01259E+16
68215,68216,9,1,61,0,2016,4,14,6,3,2,6,0,1,0,1,0,0,0,0,6.83081E+20,5.40553E+21,1.1492E+16,4.87758E+16
68216,68217,9,1,62,0,2016,4,21,5,3,2,6,1,0,0,1,0,0,0,0,6.94816E+20,5.33208E+21,1.16174E+16,4.81122E+16
68217,68218,9,1,89,157,2016,4,8,5,3,5,3,0,1,0,1,0,0,0,0,7.66644E+20,5.32713E+21,1.25777E+16,4.80417E+16
68218,68219,9,4,61,0,2016,4,17,2,3,2,6,0,0,0,1,0,0,0,0,6.35675E+20,5.52912E+21,1.08892E+16,4.98991E+16
68219,68220,9,1,88,139,2016,4,22,2,3,5,3,2,0,0,1,0,0,0,0,6.74616E+20,5.31917E+21,1.1341E+16,4.80019E+16
68220,68221,9,1,84,145,2016,4,19,5,3,5,3,0,0,0,1,0,0,0,1,6.98974E+20,5.32472E+21,1.16698E+16,4.80447E+16
68221,68222,9,3,76,161,2016,4,20,5,3,8,3,0,0,0,1,0,0,0,0,7.25514E+20,5.46909E+21,1.21042E+16,4.93328E+16
68222,68223,9,1,74,113,2016,4,8,2,3,2,6,0,0,0,1,0,0,0,0,6.69244E+20,5.34945E+21,1.12811E+16,4.82756E+16
68223,68224,9,7,72,209,2016,4,7,4,3,5,3,0,1,0,1,0,0,0,1,6.359E+20,5.33718E+21,1.0828E+16,4.81733E+16
68224,68225,9,5,74,156,2016,4,17,5,3,2,6,0,0,0,1,0,0,0,1,6.57903E+20,5.4825E+21,1.11797E+16,4.94746E+16
68225,68226,9,2,79,128,2016,4,12,1,2,9,1,0,0,0,1,0,0,0,0,7.55351E+20,5.39616E+21,1.24683E+16,4.86663E+16
68226,68227,9,1,61,0,2016,4,0,7,3,0,1,2,0,1,0,0,0,0,0,6.81104E+20,5.40472E+21,1.14648E+16,4.87691E+16
68227,68228,9,2,71,153,2016,4,15,5,3,2,6,0,0,0,1,0,0,0,0,7.99717E+20,5.40474E+21,1.30756E+16,4.87235E+16
68228,68229,9,5,71,136,2016,4,17,4,2,9,1,0,0,0,1,0,0,0,0,5.93005E+20,5.4347E+21,1.0273E+16,4.90581E+16
68229,68230,9,5,62,0,2016,4,16,2,3,3,2,0,0,1,1,0,0,0,0,6.45574E+20,5.49547E+21,1.10144E+16,4.95943E+16
68230,68231,9,6,79,206,2016,4,17,6,2,8,7,0,0,0,1,0,0,0,0,5.72427E+20,5.5075E+21,1.00047E+16,4.97156E+16
68231,68232,9,7,77,166,2016,4,18,7,3,5,7,0,1,0,1,0,0,0,0,6.29077E+20,5.2815E+21,1.07196E+16,4.7674E+16
68232,68233,9,1,88,132,2016,4,18,3,3,5,2,0,1,0,1,0,0,0,0,6.64759E+20,5.32332E+21,1.12105E+16,4.80419E+16
68233,68234,9,6,63,0,2016,4,8,3,3,2,6,0,1,0,1,0,0,0,0,5.64008E+20,5.51113E+21,9.88853E+15,4.97492E+16
68234,68235,9,2,78,146,2016,4,14,3,3,5,3,0,0,0,1,0,0,0,0,7.5984E+20,5.41209E+21,1.25392E+16,4.88074E+16
68235,68236,9,5,64,0,2016,4,14,6,3,5,3,0,0,1,1,0,0,0,0,6.53645E+20,5.47433E+21,1.11178E+16,4.94022E+16
68236,68237,9,3,75,204,2016,4,13,6,2,2,6,0,0,0,1,0,0,0,0,7.3248E+20,5.43512E+21,1.21803E+16,4.90251E+16
68237,68238,9,2,74,124,2016,4,15,6,3,5,3,0,0,0,1,0,0,0,0,7.26175E+20,5.3764E+21,1.20619E+16,4.84999E+16
68238,68239,9,1,84,120,2016,4,10,2,3,2,6,0,1,0,1,0,0,0,0,6.82128E+20,5.33314E+21,1.14476E+16,4.81254E+16
68239,68240,9,1,89,155,2016,4,10,2,3,4,6,0,2,0,1,0,0,0,0,7.72441E+20,5.30493E+21,1.26412E+16,4.784E+16
68240,68241,9,1,86,125,2016,4,16,5,3,3,1,0,0,0,1,0,0,0,0,6.75133E+20,5.37715E+21,1.13719E+16,4.8523E+16
68241,68242,9,4,74,126,2016,4,13,5,3,5,3,0,0,1,1,0,0,0,0,6.48963E+20,5.50721E+21,1.10657E+16,4.96989E+16
68242,68243,9,1,63,0,2016,4,18,6,3,2,6,0,0,0,1,0,0,0,1,7.32716E+20,5.30738E+21,1.21125E+16,4.78775E+16
68243,68244,9,2,75,133,2016,4,12,5,3,2,6,0,0,0,1,0,0,0,0,8.27764E+20,5.38268E+21,1.34385E+16,4.85116E+16
68244,68245,9,1,77,113,2016,4,13,2,3,1,7,0,0,0,1,0,0,0,0,7.21349E+20,5.3571E+21,1.19865E+16,4.83283E+16
68245,68246,9,6,61,0,2016,4,15,4,3,4,1,0,1,0,1,0,0,0,1,5.11468E+20,5.53677E+21,9.15996E+15,4.99832E+16
68246,68247,9,7,72,200,2016,4,15,5,2,5,3,0,0,0,1,0,1,0,0,6.30045E+20,5.33736E+21,1.07493E+16,4.81762E+16
68247,68248,9,4,75,146,2016,4,16,5,3,8,1,0,0,0,0,0,1,0,0,6.8892E+20,5.58362E+21,1.16569E+16,5.03742E+16
68248,68249,9,1,61,0,2016,4,9,5,3,3,6,0,0,0,1,0,0,1,0,6.80669E+20,5.40378E+21,1.14584E+16,4.87608E+16
68249,68250,9,1,74,115,2016,4,13,1,3,0,2,0,1,0,1,0,0,0,0,6.81851E+20,5.34642E+21,1.14495E+16,4.82449E+16
68250,68251,9,2,78,151,2016,4,16,5,3,3,7,0,0,1,0,0,0,0,1,7.68736E+20,5.43046E+21,1.26722E+16,4.89686E+16
68251,68252,9,4,61,0,2016,4,16,4,3,0,7,0,0,0,1,0,0,0,1,6.3676E+20,5.53027E+21,1.09047E+16,4.99092E+16
68252,68253,9,1,85,153,2016,4,5,4,3,7,7,1,1,0,1,0,0,0,0,6.49532E+20,5.40289E+21,1.10347E+16,4.8761E+16
68253,68254,9,5,77,177,2016,4,11,3,3,5,3,0,1,0,1,0,0,0,0,6.44837E+20,5.43376E+21,1.09818E+16,4.90397E+16
68254,68255,9,5,61,0,2016,4,15,2,3,1,6,0,0,0,1,0,0,0,0,6.15285E+20,5.46182E+21,1.05857E+16,4.92982E+16
68255,68256,9,5,71,135,2016,4,22,7,3,8,1,2,1,0,1,0,0,0,0,6.24525E+20,5.47536E+21,1.0717E+16,4.94182E+16
68256,68257,9,5,71,228,2016,4,7,3,3,8,1,0,2,0,1,0,0,0,0,5.88331E+20,5.45354E+21,1.02132E+16,4.92283E+16
68257,68258,9,1,72,117,2016,4,11,3,2,5,3,0,0,0,1,0,0,0,0,7.97706E+20,5.28369E+21,1.29636E+16,4.7638E+16
68258,68259,9,5,64,0,2016,4,10,2,3,0,1,0,1,0,0,0,1,0,0,6.4984E+20,5.48169E+21,1.10682E+16,4.94693E+16
68259,68260,9,6,71,122,2016,4,13,7,3,5,3,0,1,0,1,0,0,0,0,5.04649E+20,5.52986E+21,9.06476E+15,4.99211E+16
68260,68261,9,1,74,135,2016,4,15,3,3,0,6,0,1,0,1,0,0,0,0,6.62611E+20,5.35595E+21,1.11942E+16,4.83358E+16
68261,68262,9,6,76,112,2016,4,14,3,3,5,2,0,0,0,1,0,0,0,0,5.1351E+20,5.49919E+21,9.18713E+15,4.96451E+16
68262,68263,9,2,74,183,2016,4,15,3,3,6,4,0,0,0,1,1,0,0,0,7.41451E+20,5.36204E+21,1.22601E+16,4.83653E+16
68263,68264,9,4,75,113,2016,4,21,6,2,9,7,2,0,0,1,0,0,1,0,6.97121E+20,5.58744E+21,1.17741E+16,5.04059E+16
68264,68265,9,4,79,138,2016,4,16,7,3,6,7,0,0,0,0,1,0,0,1,7.09304E+20,5.54023E+21,1.19194E+16,4.99776E+16
68265,68266,9,2,78,148,2016,4,11,6,3,5,3,0,0,1,1,0,0,0,0,7.37659E+20,5.40701E+21,1.22347E+16,4.87707E+16
68266,68267,9,1,73,133,2016,4,16,6,2,0,1,0,0,0,0,0,1,0,0,6.76842E+20,5.2779E+21,1.1354E+16,4.76303E+16
68267,68268,9,7,76,116,2016,4,9,2,3,2,1,0,2,0,1,0,0,1,0,5.55454E+20,5.26781E+21,9.73717E+15,4.75613E+16
68268,68269,9,1,81,146,2016,4,0,5,3,8,7,2,0,0,0,0,0,1,0,6.52778E+20,5.32652E+21,1.10511E+16,4.80737E+16
68269,68270,9,4,74,122,2016,4,16,5,2,8,6,0,0,0,0,0,1,0,0,6.5056E+20,5.50205E+21,1.10859E+16,4.96522E+16
68270,68271,9,1,86,152,2016,4,12,6,3,2,6,0,0,0,1,0,0,0,1,6.91567E+20,5.37932E+21,1.15953E+16,4.85377E+16
68271,68272,9,2,73,147,2016,4,18,5,3,2,6,0,0,0,1,0,0,0,0,7.04608E+20,5.38748E+21,1.17757E+16,4.86069E+16
68272,68273,9,7,77,158,2016,4,16,1,3,9,1,0,1,0,1,0,0,0,0,6.22009E+20,5.30898E+21,1.06332E+16,4.79225E+16
68273,68274,9,6,79,138,2016,4,14,5,3,2,6,0,0,0,1,0,0,0,0,5.68267E+20,5.50222E+21,9.94607E+15,4.96687E+16
68274,68275,9,4,72,143,2016,4,17,5,3,5,3,0,0,0,1,0,0,0,0,6.92062E+20,5.5425E+21,1.16803E+16,5.00039E+16
68275,68276,9,1,77,133,2016,4,9,1,3,4,6,0,0,0,1,0,0,0,0,7.10932E+20,5.36028E+21,1.18477E+16,4.83604E+16
68276,68277,9,3,71,154,2016,4,18,4,3,0,6,0,0,0,1,0,0,0,0,6.99105E+20,5.47624E+21,1.17447E+16,4.94063E+16
68277,68278,9,1,81,132,2016,4,15,4,2,8,1,0,1,0,1,0,0,0,0,6.45234E+20,5.3274E+21,1.09501E+16,4.80833E+16
68278,68279,9,4,75,161,2016,4,12,3,3,9,1,0,1,0,1,0,0,0,0,7.16247E+20,5.57294E+21,1.20346E+16,5.02689E+16
68279,68280,9,5,71,214,2016,4,11,2,3,0,7,0,0,0,0,0,0,0,1,6.19961E+20,5.43218E+21,1.06411E+16,4.90308E+16
68280,68281,9,4,75,141,2016,4,11,7,2,2,6,0,1,0,1,0,0,0,0,7.02824E+20,5.58129E+21,1.1851E+16,5.03487E+16
68281,68282,9,1,74,115,2016,4,18,6,3,2,6,0,0,0,1,0,1,0,0,6.81204E+20,5.34721E+21,1.14412E+16,4.82522E+16
68282,68283,9,3,73,147,2016,4,11,7,3,2,6,0,1,0,1,0,0,0,1,6.776E+20,5.46011E+21,1.14414E+16,4.92679E+16
68283,68284,9,1,89,154,2016,4,8,2,2,8,1,0,0,0,0,0,0,1,0,7.66224E+20,5.3186E+21,1.25667E+16,4.79653E+16
68284,68285,9,6,62,0,2016,4,13,2,3,6,7,0,0,0,1,1,0,0,0,5.88215E+20,5.54618E+21,1.02325E+16,5.00613E+16
68285,68286,9,7,78,116,2016,4,6,4,3,5,3,0,1,0,1,0,0,0,0,6.19837E+20,5.31972E+21,1.06071E+16,4.80195E+16
68286,68287,9,6,78,176,2016,4,16,5,3,3,3,0,0,1,0,0,0,1,0,5.89087E+20,5.53955E+21,1.02431E+16,5.00016E+16
68287,68288,9,3,75,196,2016,4,14,1,3,5,3,0,0,0,1,0,0,0,0,7.38152E+20,5.41457E+21,1.22457E+16,4.88384E+16
68288,68289,9,2,72,127,2016,4,8,7,3,8,1,2,0,0,1,0,0,0,0,8.27962E+20,5.41953E+21,1.34704E+16,4.88419E+16
68289,68290,9,1,87,126,2016,4,12,5,2,4,6,0,0,0,1,0,0,0,1,7.40804E+20,5.32591E+21,1.22309E+16,4.80411E+16
68290,68291,9,5,76,113,2016,4,19,1,2,8,1,0,1,0,1,0,0,0,0,6.60868E+20,5.45988E+21,1.12115E+16,4.92705E+16