FID,OBJECTID,ULAND,UREGBEZ,UKREIS,UGEMEINDE,UJAHR,UMONAT,USTUNDE,UWOCHENTAG,UKATEGORIE,UART,UTYP1,ULICHTVERH,IstStrasse,IstRad,IstPKW,IstFuss,IstKrad,IstGkfz,IstSonstig,LINREFX,LINREFY,XGCSWGS84,YGCSWGS84
68291,68292,9,4,74,122,2016,4,16,7,3,4,6,0,1,0,1,0,0,0,0,6.50863E+20,5.50388E+21,1.10908E+16,4.96686E+16
68292,68293,9,7,77,176,2016,4,15,2,3,8,1,0,0,0,1,0,0,0,0,6.04241E+20,5.29785E+21,1.03927E+16,4.78256E+16
68293,68294,9,1,78,137,2016,4,19,5,3,5,3,0,0,0,1,0,0,0,0,6.94314E+20,5.36637E+21,1.16264E+16,4.84205E+16
68294,68295,9,4,74,126,2016,4,18,1,3,5,3,0,1,0,1,0,0,0,0,6.49039E+20,5.5079E+21,1.10671E+16,4.97052E+16
68295,68296,9,1,80,126,2016,4,13,5,2,2,6,0,0,0,1,0,0,0,0,6.62043E+20,5.27111E+21,1.11546E+16,4.75732E+16
68296,68297,9,6,74,163,2016,4,17,1,3,8,6,0,2,0,1,0,0,0,0,6.09288E+20,5.53887E+21,1.05247E+16,4.99922E+16
68297,68298,9,2,76,144,2016,4,16,5,2,5,3,0,0,0,1,0,0,0,0,7.82937E+20,5.44334E+21,1.28748E+16,4.90778E+16
68298,68299,9,6,74,118,2016,4,22,5,3,4,1,2,0,0,1,0,0,0,0,6.21028E+20,5.54119E+21,1.06892E+16,5.00107E+16
68299,68300,9,1,84,144,2016,4,18,6,3,9,1,0,0,0,0,0,1,0,0,6.86993E+20,5.31698E+21,1.15058E+16,4.79788E+16
68300,68301,9,2,74,153,2016,4,6,4,2,8,1,0,2,0,1,0,0,0,0,7.3301E+20,5.4008E+21,1.2168E+16,4.87167E+16
68301,68302,9,1,78,136,2016,4,8,4,3,5,3,0,1,0,1,0,0,0,0,6.97687E+20,5.37242E+21,1.16748E+16,4.84738E+16
68302,68303,9,4,76,171,2016,4,19,3,3,5,3,0,0,0,1,0,0,0,0,6.58551E+20,5.56472E+21,1.12223E+16,5.02134E+16
68303,68304,9,3,75,117,2016,4,15,2,3,5,3,0,0,0,1,0,0,0,0,7.36694E+20,5.43306E+21,1.22366E+16,4.9005E+16
68304,68305,9,1,77,115,2016,4,21,6,1,4,6,2,0,0,1,0,0,0,0,7.37533E+20,5.35029E+21,1.22007E+16,4.82612E+16
68305,68306,9,3,75,171,2016,4,9,5,3,3,6,0,0,0,1,0,0,0,0,7.51497E+20,5.4235E+21,1.24328E+16,4.89133E+16
68306,68307,9,2,77,148,2016,4,10,7,3,0,7,0,0,0,1,0,0,0,0,7.88478E+20,5.3644E+21,1.28953E+16,4.83668E+16
68307,68308,9,1,87,157,2016,4,18,2,3,5,3,0,0,1,1,0,0,0,0,7.38021E+20,5.28375E+21,1.21704E+16,4.76633E+16
68308,68309,9,7,77,177,2016,4,14,4,3,5,3,0,0,0,1,0,0,0,1,6.32895E+20,5.31961E+21,1.07821E+16,4.8016E+16
68309,68310,9,6,61,0,2016,4,14,5,3,5,3,0,0,1,1,0,0,0,0,5.1111E+20,5.53602E+21,9.15495E+15,4.99764E+16
68310,68311,9,2,61,0,2016,4,10,1,3,5,3,0,0,0,1,0,0,0,0,7.305E+20,5.38093E+21,1.21229E+16,4.85391E+16
68311,68312,9,1,82,116,2016,4,6,7,3,5,3,1,1,0,1,0,0,0,0,7.04948E+20,5.29317E+21,1.17349E+16,4.77593E+16
68312,68313,9,2,75,150,2016,4,23,5,3,9,7,2,0,0,0,0,1,0,0,8.34782E+20,5.39214E+21,1.35408E+16,4.85927E+16
68313,68314,9,5,64,0,2016,4,13,4,3,5,3,0,0,0,1,0,0,1,0,6.47596E+20,5.47842E+21,1.1036E+16,4.94405E+16
68314,68315,9,5,76,127,2016,4,16,2,3,8,1,0,0,0,1,0,0,1,0,6.64938E+20,5.4485E+21,1.12627E+16,4.91672E+16
68315,68316,9,7,71,113,2016,4,8,6,3,2,6,0,0,0,1,0,1,0,0,6.57099E+20,5.37047E+21,1.11254E+16,4.84678E+16
68316,68317,9,1,82,131,2016,4,3,4,3,9,1,2,2,0,1,0,0,0,0,7.13763E+20,5.29131E+21,1.18514E+16,4.77398E+16
68317,68318,9,1,61,0,2016,4,9,3,3,2,6,0,0,0,1,0,0,0,0,6.78054E+20,5.40721E+21,1.14244E+16,4.87924E+16
68318,68319,9,7,72,200,2016,4,7,3,3,5,3,0,1,1,1,0,0,0,0,6.30501E+20,5.3375E+21,1.07555E+16,4.81773E+16
68319,68320,9,3,76,161,2016,4,18,3,3,2,6,0,0,0,1,0,0,0,0,7.25342E+20,5.46862E+21,1.21015E+16,4.93287E+16
68320,68321,9,5,74,156,2016,4,19,6,2,2,6,0,0,0,1,0,1,0,0,6.59655E+20,5.48581E+21,1.12052E+16,4.95039E+16
68321,68322,9,3,63,0,2016,4,19,6,1,5,2,0,0,0,1,0,0,0,0,7.26072E+20,5.50429E+21,1.2132E+16,4.96488E+16
68322,68323,9,2,72,143,2016,4,7,6,3,4,6,0,0,0,1,0,0,0,0,8.20403E+20,5.42717E+21,1.33736E+16,4.89144E+16
68323,68324,9,1,77,137,2016,4,16,3,3,2,6,0,1,0,1,0,0,0,1,7.29495E+20,5.34592E+21,1.20902E+16,4.82249E+16
68324,68325,9,7,75,135,2016,4,12,6,3,5,3,0,0,1,1,0,0,0,0,5.74463E+20,5.36093E+21,1.0006E+16,4.83971E+16
68325,68326,9,1,73,124,2016,4,11,4,3,1,6,0,0,0,1,0,0,0,0,6.92392E+20,5.29075E+21,1.15664E+16,4.77414E+16
68326,68327,9,7,78,123,2016,4,15,3,2,0,7,0,1,0,0,0,0,1,0,5.85226E+20,5.31616E+21,1.01424E+16,4.79931E+16
68327,68328,9,3,73,147,2016,4,14,3,3,2,6,0,0,0,1,0,0,1,1,6.86205E+20,5.46271E+21,1.15607E+16,4.92887E+16
68328,68329,9,6,61,0,2016,4,14,6,3,1,2,0,0,0,1,0,0,0,0,5.0808E+20,5.53333E+21,9.11264E+15,4.99522E+16
68329,68330,9,4,73,165,2016,4,14,6,3,0,7,0,0,0,0,0,1,0,0,6.2992E+20,5.56455E+21,1.08212E+16,5.02188E+16
68330,68331,9,2,75,135,2016,4,6,6,3,4,2,0,0,0,1,0,0,0,0,8.21478E+20,5.40134E+21,1.3368E+16,4.86822E+16
68331,68332,9,2,76,138,2016,4,11,2,2,9,1,0,0,0,1,0,0,0,0,7.9869E+20,5.43301E+21,1.30823E+16,4.89777E+16
68332,68333,9,1,89,154,2016,4,17,6,2,0,1,0,0,1,0,0,0,0,0,7.64864E+20,5.321E+21,1.255E+16,4.79874E+16
68333,68334,9,1,62,0,2016,4,8,5,3,3,2,0,0,1,1,0,0,0,0,6.95455E+20,5.33109E+21,1.16255E+16,4.81031E+16
68334,68335,9,3,76,144,2016,4,19,5,2,2,6,0,0,1,1,0,0,0,0,7.28336E+20,5.48415E+21,1.21516E+16,4.9467E+16
68335,68336,9,1,88,141,2016,4,16,2,1,4,6,0,1,0,1,0,0,0,0,6.67784E+20,5.30675E+21,1.12446E+16,4.78921E+16
68336,68337,9,7,61,0,2016,4,17,4,3,4,2,0,0,0,1,0,0,0,0,6.41358E+20,5.35252E+21,1.09065E+16,4.83101E+16
68337,68338,9,5,62,0,2016,4,10,5,3,2,6,0,0,0,1,0,0,0,1,6.43426E+20,5.49415E+21,1.09842E+16,4.95829E+16
68338,68339,9,5,64,0,2016,4,10,5,3,6,2,0,0,0,1,1,0,0,0,6.5375E+20,5.4804E+21,1.11216E+16,4.94568E+16
68339,68340,9,1,82,136,2016,4,14,1,3,8,1,0,1,0,1,0,0,0,0,7.07642E+20,5.29532E+21,1.17718E+16,4.77778E+16
68340,68341,9,1,76,123,2016,4,18,7,2,8,1,0,1,0,1,0,0,0,0,6.582E+20,5.41874E+21,1.11587E+16,4.89014E+16
68341,68342,9,2,72,141,2016,4,9,5,3,5,3,0,0,1,1,0,0,0,0,8.31119E+20,5.41203E+21,1.35072E+16,4.8773E+16
68342,68343,9,4,75,169,2016,4,6,4,3,8,1,0,2,0,1,0,0,0,0,6.87227E+20,5.57412E+21,1.16284E+16,5.02895E+16
68343,68344,9,5,76,143,2016,4,22,2,3,2,6,2,0,0,1,0,0,0,0,6.51223E+20,5.4508E+21,1.10755E+16,4.91914E+16
68344,68345,9,6,74,195,2016,4,12,6,3,2,6,0,0,0,1,0,0,0,0,6.13419E+20,5.53849E+21,1.05822E+16,4.99879E+16
68345,68346,9,6,77,125,2016,4,16,7,3,9,1,0,1,0,1,0,0,0,0,5.46191E+20,5.51742E+21,9.64196E+15,4.98075E+16
68346,68347,9,1,74,131,2016,4,13,3,3,6,4,0,1,0,1,1,0,0,0,6.76434E+20,5.35836E+21,1.13816E+16,4.83538E+16
68347,68348,9,6,75,147,2016,4,17,3,3,5,3,0,0,0,1,0,1,0,0,5.82056E+20,5.50218E+21,1.01371E+16,4.96666E+16
68348,68349,9,2,75,119,2016,4,7,3,3,5,3,0,1,0,1,0,0,0,0,8.32582E+20,5.40043E+21,1.35177E+16,4.86682E+16
68349,68350,9,5,77,140,2016,4,7,6,3,5,3,0,0,0,1,0,0,1,0,6.26737E+20,5.43143E+21,1.07336E+16,4.90227E+16
68350,68351,9,3,73,146,2016,4,7,6,3,4,6,0,0,0,0,0,1,1,0,6.78269E+20,5.44912E+21,1.14457E+16,4.9169E+16
68351,68352,9,1,90,157,2016,4,18,6,3,4,1,0,0,0,1,0,0,0,0,6.61414E+20,5.30267E+21,1.1158E+16,4.78571E+16
68352,68353,9,7,78,116,2016,4,7,2,3,2,6,0,0,0,1,0,0,0,0,6.18085E+20,5.32221E+21,1.05843E+16,4.80422E+16
68353,68354,9,1,76,111,2016,4,9,5,3,5,3,0,0,0,1,0,0,1,0,6.63196E+20,5.41408E+21,1.1225E+16,4.88582E+16
68354,68355,9,4,74,161,2016,4,22,5,3,2,6,2,0,0,0,0,1,0,0,6.57923E+20,5.5134E+21,1.11924E+16,4.97523E+16
68355,68356,9,1,87,128,2016,4,10,6,3,6,4,0,0,0,1,1,0,0,0,7.46716E+20,5.31108E+21,1.23015E+16,4.79056E+16
68356,68357,9,2,72,129,2016,4,17,5,3,9,1,0,0,0,1,0,0,0,0,8.43345E+20,5.41071E+21,1.3672E+16,4.87546E+16
68357,68358,9,7,78,171,2016,4,4,1,2,8,6,2,2,0,1,0,0,0,0,5.91082E+20,5.31689E+21,1.0221E+16,4.79988E+16
68358,68359,9,7,72,202,2016,4,18,5,3,5,3,0,0,1,1,0,0,0,0,6.36755E+20,5.35918E+21,1.08466E+16,4.8371E+16
68359,68360,9,4,73,138,2016,4,6,5,3,5,3,0,0,0,1,0,0,0,0,6.34762E+20,5.55436E+21,1.08854E+16,5.01262E+16
68360,68361,9,1,61,0,2016,4,5,5,3,5,3,0,0,1,1,0,0,0,0,6.77588E+20,5.40512E+21,1.14171E+16,4.87737E+16
68361,68362,9,1,80,115,2016,4,7,2,3,2,6,0,2,0,1,0,0,0,0,6.58179E+20,5.26965E+21,1.11028E+16,4.75609E+16
68362,68363,9,1,87,130,2016,4,14,5,3,4,6,0,0,0,1,0,0,0,0,7.13275E+20,5.30979E+21,1.1854E+16,4.79059E+16
68363,68364,9,4,74,171,2016,4,6,5,3,5,3,0,0,0,1,0,0,0,0,6.54085E+20,5.51277E+21,1.11389E+16,4.97476E+16
68364,68365,9,1,72,116,2016,4,11,6,2,5,3,0,0,0,1,0,1,0,0,8.01574E+20,5.28323E+21,1.30146E+16,4.76322E+16
68365,68366,9,2,63,0,2016,4,18,5,2,6,4,0,1,0,0,1,0,0,1,7.62203E+20,5.41819E+21,1.25752E+16,4.88612E+16
68366,68367,9,1,84,135,2016,4,19,2,3,3,6,1,0,0,1,0,0,1,0,6.92562E+20,5.34499E+21,1.1593E+16,4.82289E+16
68367,68368,9,6,76,123,2016,4,10,4,2,5,3,0,0,1,1,0,0,0,0,5.17907E+20,5.51835E+21,9.24892E+15,4.98173E+16
68368,68369,9,7,73,139,2016,4,18,5,2,5,3,0,0,0,1,0,1,0,0,6.1595E+20,5.38656E+21,1.05734E+16,4.86214E+16
68369,68370,9,5,64,0,2016,4,10,5,3,2,6,0,0,0,1,0,1,0,0,6.53525E+20,5.4783E+21,1.11177E+16,4.9438E+16
68370,68371,9,5,71,127,2016,4,17,5,3,8,1,0,0,0,1,0,0,0,0,6.15599E+20,5.45108E+21,1.05869E+16,4.92016E+16
68371,68372,9,1,86,151,2016,4,13,5,3,5,3,0,0,1,1,0,0,0,0,6.80998E+20,5.37534E+21,1.14505E+16,4.85051E+16
68372,68373,9,1,85,113,2016,4,15,1,3,0,1,0,0,1,0,0,0,0,0,6.69082E+20,5.37875E+21,1.12907E+16,4.8539E+16
68373,68374,9,1,77,113,2016,4,6,7,2,8,1,0,0,0,1,0,0,0,0,7.21276E+20,5.35295E+21,1.19833E+16,4.8291E+16
68374,68375,9,2,77,121,2016,4,17,5,3,2,6,0,0,0,1,0,0,0,0,7.63052E+20,5.3721E+21,1.25575E+16,4.8447E+16
68375,68376,9,4,62,0,2016,4,12,4,3,4,2,0,0,0,1,0,0,0,0,6.82492E+20,5.53456E+21,1.15431E+16,4.99355E+16
68376,68377,9,5,64,0,2016,4,18,2,3,2,6,0,0,0,1,0,0,0,0,6.54535E+20,5.48085E+21,1.11326E+16,4.94606E+16
68377,68378,9,5,73,114,2016,4,9,7,3,5,3,0,1,0,1,0,0,0,0,6.34654E+20,5.4804E+21,1.08583E+16,4.94614E+16
68378,68379,9,1,62,0,2016,4,17,3,3,3,6,0,1,0,1,0,0,1,0,6.94993E+20,5.34321E+21,1.16249E+16,4.82121E+16
68379,68380,9,5,76,151,2016,4,17,3,3,2,6,0,0,0,0,0,0,1,0,6.53929E+20,5.47024E+21,1.11201E+16,4.93654E+16
68380,68381,9,2,74,156,2016,4,12,3,3,8,7,0,0,0,1,0,0,0,0,7.44404E+20,5.38687E+21,1.23144E+16,4.85871E+16
68381,68382,9,4,79,161,2016,4,13,6,2,4,6,0,0,0,1,0,0,0,0,7.11118E+20,5.54441E+21,1.19469E+16,5.00146E+16
68382,68383,9,4,72,175,2016,4,14,7,3,8,1,0,1,1,0,0,0,0,0,6.82749E+20,5.51433E+21,1.15372E+16,4.97537E+16
68383,68384,9,2,78,118,2016,4,12,6,2,5,3,0,0,0,1,0,0,0,0,7.72221E+20,5.42325E+21,1.27149E+16,4.89023E+16
68384,68385,9,7,76,116,2016,4,3,2,3,0,1,2,2,0,0,0,1,0,0,5.55185E+20,5.26666E+21,9.73345E+15,4.7551E+16
68385,68386,9,1,81,126,2016,4,19,5,3,5,3,0,0,0,1,0,1,0,0,6.35667E+20,5.33189E+21,1.08232E+16,4.81258E+16
68386,68387,9,4,71,186,2016,4,18,5,3,2,2,0,0,0,1,0,1,0,0,6.17546E+20,5.52551E+21,1.06358E+16,4.98705E+16
68387,68388,9,1,85,163,2016,4,15,6,3,5,3,0,0,0,1,0,0,0,0,6.63248E+20,5.39246E+21,1.12171E+16,4.86638E+16
68388,68389,9,4,72,175,2016,4,14,1,3,2,6,0,1,0,1,0,0,0,0,6.81886E+20,5.51292E+21,1.15245E+16,4.97413E+16
68389,68390,9,2,61,0,2016,4,15,5,3,2,6,0,0,0,1,0,1,0,0,7.34441E+20,5.38196E+21,1.21767E+16,4.85469E+16
68390,68391,9,6,63,0,2016,4,18,1,3,0,1,0,1,0,1,0,0,0,0,5.67382E+20,5.51312E+21,9.9357E+15,4.97667E+16
68391,68392,9,2,78,177,2016,4,10,5,3,2,6,0,0,0,1,0,0,0,0,7.55072E+20,5.42285E+21,1.24811E+16,4.8906E+16
68392,68393,9,6,77,155,2016,4,18,5,3,4,2,0,0,0,1,0,0,0,0,5.40594E+20,5.53806E+21,9.56635E+15,4.99935E+16
68393,68394,9,4,71,185,2016,4,17,5,3,1,6,0,0,1,1,0,0,0,0,6.45543E+20,5.53786E+21,1.10299E+16,4.99753E+16
68394,68395,9,1,62,0,2016,4,10,7,3,5,2,0,1,0,1,0,0,0,0,6.86892E+20,5.33515E+21,1.15124E+16,4.81421E+16
68395,68396,9,2,71,119,2016,4,8,4,3,2,1,0,0,0,1,0,0,0,1,7.9211E+20,5.4134E+21,1.29786E+16,4.88049E+16
68396,68397,9,1,81,121,2016,4,7,4,3,9,1,1,2,0,1,0,0,0,0,6.34885E+20,5.3112E+21,1.08061E+16,4.79399E+16
68397,68398,9,4,75,154,2016,4,11,3,3,4,1,0,1,0,1,0,0,0,0,6.99761E+20,5.56412E+21,1.17989E+16,5.01955E+16
68398,68399,9,4,76,145,2016,4,12,2,3,5,3,0,0,0,1,0,0,0,0,6.6681E+20,5.56932E+21,1.134E+16,5.02524E+16
68399,68400,9,1,78,124,2016,4,14,1,3,2,6,0,0,0,1,0,0,0,0,7.00863E+20,5.35756E+21,1.17106E+16,4.83392E+16
68400,68401,9,3,75,196,2016,4,10,5,1,6,4,0,0,0,1,1,0,0,0,7.2958E+20,5.41291E+21,1.21282E+16,4.88267E+16
68401,68402,9,3,75,162,2016,4,17,4,2,5,3,0,0,0,1,0,0,0,0,7.13474E+20,5.43849E+21,1.19224E+16,4.90623E+16
68402,68403,9,1,74,113,2016,4,1,4,2,8,1,2,2,0,1,0,0,0,0,6.72452E+20,5.34629E+21,1.1323E+16,4.82464E+16
68403,68404,9,5,75,118,2016,4,5,3,2,4,6,0,1,0,1,0,0,0,0,6.16532E+20,5.4955E+21,1.06127E+16,4.96008E+16
68404,68405,9,5,71,193,2016,4,14,2,3,0,7,0,1,1,0,0,0,0,0,5.8684E+20,5.47E+21,1.01963E+16,4.93766E+16
68405,68406,9,5,71,135,2016,4,9,7,3,5,3,0,1,0,1,0,0,0,0,6.21378E+20,5.47559E+21,1.06737E+16,4.94209E+16
68406,68407,9,5,77,177,2016,4,9,3,3,2,5,0,1,0,1,0,0,0,0,6.43574E+20,5.43255E+21,1.09641E+16,4.90291E+16
68407,68408,9,1,87,118,2016,4,11,3,3,5,3,0,0,0,1,0,0,1,0,7.52942E+20,5.30045E+21,1.23785E+16,4.78076E+16
68408,68409,9,1,79,123,2016,4,16,6,3,6,2,0,0,0,1,1,0,0,0,6.77521E+20,5.33405E+21,1.13861E+16,4.81349E+16
68409,68410,9,3,74,150,2016,4,14,7,2,8,1,0,1,0,1,0,0,0,0,7.31259E+20,5.52058E+21,1.22134E+16,4.97931E+16
68410,68411,9,7,73,125,2016,4,17,2,3,2,6,0,0,0,1,0,0,0,0,6.08613E+20,5.38402E+21,1.04732E+16,4.85998E+16
68411,68412,9,1,62,0,2016,4,16,4,3,2,6,0,1,0,1,0,0,0,0,6.89627E+20,5.33904E+21,1.15509E+16,4.81762E+16
68412,68413,9,4,61,0,2016,4,15,1,3,5,3,0,1,0,1,0,1,0,0,6.33298E+20,5.52968E+21,1.08564E+16,4.99046E+16
68413,68414,9,1,83,128,2016,4,7,5,2,5,3,0,0,1,1,0,0,0,0,7.61389E+20,5.35033E+21,1.25215E+16,4.82522E+16
68414,68415,9,6,71,155,2016,4,15,1,3,3,6,0,0,0,1,0,0,0,0,5.0345E+20,5.53729E+21,9.04812E+15,4.99879E+16
68415,68416,9,1,62,0,2016,4,10,6,3,5,3,0,0,1,1,0,0,0,0,6.84396E+20,5.33541E+21,1.1479E+16,4.81452E+16
68416,68417,9,2,74,153,2016,4,6,4,2,8,1,0,2,0,1,0,0,0,0,7.32919E+20,5.40104E+21,1.21669E+16,4.87188E+16
68417,68418,9,1,62,0,2016,4,20,3,3,6,4,1,1,0,1,1,0,0,0,6.78039E+20,5.33907E+21,1.13951E+16,4.81799E+16
68418,68419,9,4,72,177,2016,4,12,3,3,9,1,0,1,0,1,0,0,0,0,6.7814E+20,5.5048E+21,1.14689E+16,4.96694E+16
68419,68420,9,2,77,148,2016,4,16,6,2,1,3,0,0,1,1,0,0,0,0,7.88599E+20,5.35861E+21,1.28929E+16,4.83147E+16
68420,68421,9,3,72,137,2016,4,7,2,3,5,3,0,0,0,1,0,0,0,0,7.8095E+20,5.45485E+21,1.28556E+16,4.91821E+16
68421,68422,9,1,84,132,2016,4,11,5,3,6,4,0,0,0,1,1,0,0,0,6.83464E+20,5.32967E+21,1.1464E+16,4.80939E+16
68422,68423,9,3,71,151,2016,4,16,5,3,5,3,0,1,1,1,0,0,0,0,6.99387E+20,5.48647E+21,1.17537E+16,4.94981E+16
68423,68424,9,1,74,146,2016,4,10,2,3,2,6,0,0,0,1,0,0,0,0,6.66515E+20,5.35108E+21,1.1245E+16,4.8291E+16
68424,68425,9,7,72,131,2016,4,6,4,3,5,3,1,1,0,1,0,0,0,0,6.1661E+20,5.35687E+21,1.05741E+16,4.83542E+16
68425,68426,9,6,61,0,2016,4,13,5,3,2,6,0,0,0,1,0,0,1,0,5.09744E+20,5.53518E+21,9.13587E+15,4.99689E+16
68426,68427,9,2,73,111,2016,4,6,1,3,8,7,0,0,0,1,0,0,0,0,7.08977E+20,5.41793E+21,1.18504E+16,4.88791E+16
68427,68428,9,1,61,0,2016,4,13,7,3,0,3,0,0,0,1,0,0,0,0,6.75365E+20,5.40484E+21,1.13868E+16,4.87719E+16
68428,68429,9,1,75,132,2016,4,15,6,3,0,3,0,0,0,1,0,1,0,0,7.07426E+20,5.33642E+21,1.17887E+16,4.81472E+16
68429,68430,9,3,62,0,2016,4,18,5,3,2,6,0,1,0,1,0,0,0,0,7.30531E+20,5.43204E+21,1.21519E+16,4.89982E+16
68430,68431,9,2,71,119,2016,4,2,7,3,0,1,2,0,1,0,0,0,0,0,7.89846E+20,5.41434E+21,1.29485E+16,4.88143E+16
68431,68432,9,1,71,123,2016,4,20,2,3,0,7,2,0,0,1,0,0,1,0,7.84715E+20,5.351E+21,1.28355E+16,4.82482E+16
68432,68433,9,6,61,0,2016,4,14,2,3,2,6,0,1,0,1,0,0,1,0,5.08908E+20,5.53649E+21,9.12425E+15,4.99806E+16
68433,68434,9,7,80,139,2016,4,14,4,2,1,6,0,1,0,1,0,0,0,0,5.96493E+20,5.2637E+21,1.02817E+16,4.75196E+16
68434,68435,9,6,76,144,2016,4,15,5,3,4,7,0,0,0,1,0,0,0,0,5.10815E+20,5.52694E+21,9.15058E+15,4.98948E+16
68435,68436,9,3,73,147,2016,4,21,1,3,8,1,2,1,0,1,0,0,0,0,6.78702E+20,5.46342E+21,1.1458E+16,4.92974E+16
68436,68437,9,1,83,128,2016,4,15,7,3,2,6,0,0,0,1,0,0,0,0,7.60097E+20,5.35015E+21,1.2504E+16,4.82511E+16
68437,68438,9,6,71,143,2016,4,12,4,3,4,1,0,1,0,1,0,0,0,0,5.10456E+20,5.54874E+21,9.14617E+15,5.00908E+16
68438,68439,9,4,75,136,2016,4,21,1,3,8,1,2,2,0,1,0,0,0,0,6.98656E+20,5.5697E+21,1.17864E+16,5.02461E+16
68439,68440,9,7,77,167,2016,4,17,6,3,5,3,0,0,0,1,0,0,0,0,6.20099E+20,5.29493E+21,1.06037E+16,4.77965E+16
68440,68441,9,1,89,155,2016,4,13,4,3,2,6,0,1,0,1,0,0,0,0,7.73382E+20,5.30841E+21,1.2656E+16,4.78708E+16
68441,68442,9,1,86,152,2016,4,14,3,3,2,6,0,0,0,1,0,0,0,0,6.91335E+20,5.37335E+21,1.15894E+16,4.84842E+16
68442,68443,9,7,62,0,2016,4,9,3,3,2,6,0,0,0,1,0,0,0,0,6.21874E+20,5.30308E+21,1.06297E+16,4.78695E+16
68443,68444,9,3,72,153,2016,4,7,3,3,4,2,0,1,0,1,0,0,0,0,7.56209E+20,5.45515E+21,1.2517E+16,4.91955E+16
68444,68445,9,5,72,139,2016,4,13,6,2,5,3,0,0,1,1,0,0,0,0,6.24813E+20,5.50746E+21,1.07311E+16,4.97067E+16
68445,68446,9,4,71,208,2016,4,12,6,3,9,1,0,0,0,0,0,1,0,0,6.2486E+20,5.52789E+21,1.07383E+16,4.98904E+16
68446,68447,9,2,62,0,2016,4,13,6,3,3,6,0,0,0,1,0,0,1,0,8.28094E+20,5.39E+21,1.34487E+16,4.85771E+16
68447,68448,9,2,74,191,2016,4,14,2,3,8,1,0,0,0,0,0,0,1,0,7.45395E+20,5.39175E+21,1.23307E+16,4.86306E+16
68448,68449,9,3,63,0,2016,4,9,5,3,6,2,0,0,0,1,1,0,0,0,7.28028E+20,5.50781E+21,1.21611E+16,4.96797E+16
68449,68450,9,1,89,152,2016,4,12,6,2,5,3,0,0,0,1,0,0,0,0,7.76983E+20,5.32505E+21,1.27147E+16,4.80186E+16
68450,68451,9,7,64,0,2016,4,14,5,3,5,3,0,0,1,0,0,0,0,0,5.87808E+20,5.31186E+21,1.01761E+16,4.7954E+16
68451,68452,9,2,76,144,2016,4,16,5,3,5,3,0,1,0,1,0,0,0,0,7.83031E+20,5.44352E+21,1.28762E+16,4.90794E+16
68452,68453,9,1,88,144,2016,4,12,2,3,6,5,0,0,0,1,1,0,0,0,6.67492E+20,5.32709E+21,1.12487E+16,4.80751E+16
68453,68454,9,6,72,145,2016,4,21,4,3,8,1,2,1,0,1,0,0,0,0,5.60419E+20,5.57323E+21,9.84848E+15,5.03081E+16
68454,68455,9,7,79,146,2016,4,19,5,2,9,6,0,0,0,1,0,1,0,0,6.08144E+20,5.40159E+21,1.04714E+16,4.8758E+16
68455,68456,9,5,65,0,2016,4,17,5,3,2,6,0,0,0,1,0,0,0,0,6.4836E+20,5.46532E+21,1.10416E+16,4.93226E+16
68456,68457,9,5,71,165,2016,4,19,5,3,5,3,0,0,0,1,0,1,0,0,6.29862E+20,5.47172E+21,1.07893E+16,4.93843E+16
68457,68458,9,1,85,139,2016,4,17,5,3,1,6,0,0,1,1,0,0,0,0,6.68318E+20,5.39465E+21,1.12868E+16,4.86822E+16
68458,68459,9,1,61,0,2016,4,15,1,3,2,6,0,0,0,1,0,0,0,0,6.77231E+20,5.40618E+21,1.14127E+16,4.87834E+16
68459,68460,9,1,74,115,2016,4,11,7,3,4,6,0,0,0,1,0,0,0,0,6.81074E+20,5.34868E+21,1.144E+16,4.82654E+16
68460,68461,9,2,73,152,2016,4,21,5,3,9,1,2,0,0,1,0,1,0,0,7.05386E+20,5.41008E+21,1.17975E+16,4.88097E+16
68461,68462,9,4,73,166,2016,4,7,4,3,2,6,0,0,0,1,0,0,0,0,6.51263E+20,5.56516E+21,1.11204E+16,5.02193E+16
68462,68463,9,5,64,0,2016,4,13,2,3,2,6,0,0,0,1,0,0,0,0,6.52344E+20,5.48204E+21,1.11028E+16,4.94719E+16
68463,68464,9,6,72,114,2016,4,17,7,3,9,1,0,1,0,1,0,0,0,0,5.78106E+20,5.5573E+21,1.00936E+16,5.01628E+16
68464,68465,9,2,73,125,2016,4,15,5,3,5,3,0,0,0,1,0,0,0,1,7.1911E+20,5.41458E+21,1.19866E+16,4.88455E+16
68465,68466,9,5,77,173,2016,4,7,4,3,6,4,0,0,0,1,1,0,0,0,6.39833E+20,5.42424E+21,1.09101E+16,4.89553E+16
68466,68467,9,5,62,0,2016,4,23,2,3,5,3,2,1,0,1,0,0,0,0,6.42751E+20,5.49466E+21,1.09751E+16,4.95876E+16
68467,68468,9,6,63,0,2016,4,18,6,3,2,6,0,0,0,1,0,0,0,0,5.67019E+20,5.5115E+21,9.93038E+15,4.97522E+16
68468,68469,9,7,77,173,2016,4,14,7,3,5,3,0,1,0,1,0,0,0,0,6.3637E+20,5.27615E+21,1.0815E+16,4.76244E+16
68469,68470,9,1,88,145,2016,4,18,3,3,2,2,0,0,0,1,0,0,0,0,6.6451E+20,5.32824E+21,1.12091E+16,4.80862E+16
68470,68471,9,7,61,0,2016,4,16,3,3,0,7,0,1,0,0,0,1,0,0,6.39887E+20,5.35423E+21,1.08872E+16,4.83258E+16