FID,OBJECTID,ULAND,UREGBEZ,UKREIS,UGEMEINDE,UJAHR,UMONAT,USTUNDE,UWOCHENTAG,UKATEGORIE,UART,UTYP1,ULICHTVERH,IstStrasse,IstRad,IstPKW,IstFuss,IstKrad,IstGkfz,IstSonstig,LINREFX,LINREFY,XGCSWGS84,YGCSWGS84
68651,68652,9,1,89,155,2016,4,17,5,3,2,6,0,0,0,1,0,0,0,0,7.71333E+20,5.30729E+21,1.26279E+16,4.78616E+16
68652,68653,9,6,74,163,2016,4,17,1,3,1,6,0,2,0,1,0,0,0,0,6.09288E+20,5.53887E+21,1.05247E+16,4.99922E+16
68653,68654,9,1,84,149,2016,4,10,6,2,5,3,0,0,1,1,0,0,0,0,6.90119E+20,5.35021E+21,1.15625E+16,4.82765E+16
68654,68655,9,2,74,124,2016,4,8,4,3,8,6,0,1,0,0,0,0,1,1,7.24271E+20,5.37737E+21,1.20367E+16,4.85093E+16
68655,68656,9,1,75,114,2016,4,10,4,3,5,3,0,1,0,1,0,0,0,0,7.18046E+20,5.32494E+21,1.19255E+16,4.80405E+16
68656,68657,9,4,76,183,2016,4,7,3,3,2,6,0,1,0,1,0,0,0,0,6.72433E+20,5.57233E+21,1.14201E+16,5.02779E+16
68657,68658,9,3,62,0,2016,4,12,2,3,1,6,0,0,0,1,0,0,0,0,7.30935E+20,5.43026E+21,1.21564E+16,4.8982E+16
68658,68659,9,1,62,0,2016,4,20,5,3,5,2,2,0,0,1,0,0,0,0,6.84377E+20,5.33211E+21,1.14773E+16,4.81155E+16
68659,68660,9,3,72,146,2016,4,16,5,2,5,3,0,1,0,1,0,0,0,0,7.6155E+20,5.46441E+21,1.25962E+16,4.92764E+16
68660,68661,9,2,75,149,2016,4,12,7,3,2,6,0,0,0,1,0,0,0,0,8.17455E+20,5.37201E+21,1.32912E+16,4.84211E+16
68661,68662,9,1,85,125,2016,4,16,2,3,2,6,0,1,1,1,0,0,0,0,6.48217E+20,5.39564E+21,1.10142E+16,4.86962E+16
68662,68663,9,7,72,130,2016,4,12,4,3,5,3,0,0,0,1,0,0,0,0,6.3164E+20,5.35718E+21,1.07769E+16,4.8354E+16
68663,68664,9,6,61,0,2016,4,15,5,2,1,6,0,0,0,1,0,0,0,0,5.07785E+20,5.53492E+21,9.10856E+15,4.99666E+16
68664,68665,9,2,61,0,2016,4,13,1,3,1,6,0,0,0,1,0,0,0,0,7.34773E+20,5.38191E+21,1.21812E+16,4.85463E+16
68665,68666,9,1,87,122,2016,4,10,7,2,5,3,0,0,0,1,0,1,0,0,7.18084E+20,5.30819E+21,1.19175E+16,4.78899E+16
68666,68667,9,1,80,117,2016,4,22,5,2,5,3,2,0,1,1,0,0,0,0,6.57246E+20,5.2636E+21,1.10882E+16,4.75068E+16
68667,68668,9,5,64,0,2016,4,18,4,3,3,6,0,0,0,1,0,0,1,0,6.53441E+20,5.47446E+21,1.1115E+16,4.94035E+16
68668,68669,9,6,71,150,2016,4,22,5,3,5,3,2,0,1,1,0,0,0,0,5.17374E+20,5.53944E+21,9.24246E+15,5.0007E+16
68669,68670,9,3,75,122,2016,4,12,1,3,4,6,0,0,0,1,0,1,0,0,7.12105E+20,5.44397E+21,1.19066E+16,4.9112E+16
68670,68671,9,1,89,142,2016,4,18,7,1,4,2,0,0,0,1,0,1,0,0,7.54966E+20,5.32923E+21,1.24225E+16,4.80654E+16
68671,68672,9,1,87,170,2016,4,7,5,3,2,2,0,0,0,1,0,0,0,0,7.32212E+20,5.32212E+21,1.21137E+16,4.80101E+16
68672,68673,9,5,71,228,2016,4,17,1,3,4,2,0,1,0,1,0,0,0,0,5.89576E+20,5.45722E+21,1.02311E+16,4.92612E+16
68673,68674,9,7,78,116,2016,4,16,6,2,4,6,0,0,0,1,0,0,0,0,6.19243E+20,5.32232E+21,1.05999E+16,4.8043E+16
68674,68675,9,1,72,128,2016,4,12,4,3,2,6,0,0,0,1,0,0,0,1,7.92736E+20,5.2977E+21,1.2907E+16,4.77661E+16
68675,68676,9,7,80,118,2016,4,14,3,3,0,1,0,0,1,0,0,0,0,0,5.966E+20,5.26519E+21,1.02834E+16,4.7533E+16
68676,68677,9,3,75,180,2016,4,12,3,3,4,2,0,1,0,1,0,0,0,0,7.24307E+20,5.42958E+21,1.20656E+16,4.89784E+16
68677,68678,9,6,71,152,2016,4,17,6,3,1,6,0,0,0,1,0,1,0,0,5.17525E+20,5.54825E+21,9.24497E+15,5.00862E+16
68678,68679,9,4,73,121,2016,4,13,6,3,5,3,0,0,0,1,0,0,0,0,6.47126E+20,5.56551E+21,1.10626E+16,5.02234E+16
68679,68680,9,2,62,0,2016,4,17,6,3,5,3,0,0,0,1,0,0,0,0,8.25787E+20,5.38953E+21,1.34171E+16,4.8574E+16
68680,68681,9,2,77,113,2016,4,12,2,3,9,1,0,1,0,1,0,0,0,0,8.02573E+20,5.37571E+21,1.30933E+16,4.84617E+16
68681,68682,9,1,83,128,2016,4,19,6,2,9,1,0,0,0,1,0,0,0,0,7.62171E+20,5.34756E+21,1.25303E+16,4.8227E+16
68682,68683,9,1,62,0,2016,4,16,5,3,3,6,0,0,0,1,0,1,0,0,6.88555E+20,5.33473E+21,1.15345E+16,4.81378E+16
68683,68684,9,3,61,0,2016,4,17,5,3,5,3,0,1,0,1,0,0,0,0,7.07546E+20,5.48077E+21,1.18633E+16,4.94442E+16
68684,68685,9,1,88,141,2016,4,4,2,2,8,1,2,2,0,1,0,0,0,0,6.66929E+20,5.30963E+21,1.12343E+16,4.79183E+16
68685,68686,9,6,77,151,2016,4,15,4,2,8,1,0,0,1,0,0,0,0,0,5.36868E+20,5.51478E+21,9.51215E+15,4.97844E+16
68686,68687,9,7,62,0,2016,4,17,5,3,1,6,0,0,0,1,0,0,0,0,6.22169E+20,5.3079E+21,1.0635E+16,4.79128E+16
68687,68688,9,5,62,0,2016,4,16,5,2,4,6,0,0,1,0,0,0,0,0,6.46751E+20,5.4957E+21,1.10308E+16,4.9596E+16
68688,68689,9,5,75,145,2016,4,15,5,3,8,7,0,0,0,1,0,0,0,0,6.22254E+20,5.48226E+21,1.06878E+16,4.94806E+16
68689,68690,9,1,76,129,2016,4,2,1,2,8,1,2,0,0,1,0,0,0,0,6.84861E+20,5.40735E+21,1.1517E+16,4.87916E+16
68690,68691,9,1,79,145,2016,4,10,7,3,2,6,0,0,0,1,0,0,0,0,6.74732E+20,5.33501E+21,1.1349E+16,4.81443E+16
68691,68692,9,1,89,120,2016,4,15,5,2,0,1,0,0,1,0,0,0,0,0,7.59191E+20,5.2977E+21,1.24602E+16,4.77805E+16
68692,68693,9,4,75,120,2016,4,10,4,3,2,6,0,0,0,1,0,0,0,0,7.10914E+20,5.57387E+21,1.19604E+16,5.02792E+16
68693,68694,9,5,63,0,2016,4,7,2,3,1,7,0,0,1,0,0,0,0,1,6.43223E+20,5.484E+21,1.09777E+16,4.94917E+16
68694,68695,9,6,73,141,2016,4,21,6,1,5,2,2,0,0,1,0,1,0,0,6.02905E+20,5.5729E+21,1.04449E+16,5.02992E+16
68695,68696,9,6,75,149,2016,4,1,7,3,0,7,2,0,1,0,0,0,0,0,5.85085E+20,5.50697E+21,1.01801E+16,4.97092E+16
68696,68697,9,1,74,131,2016,4,17,3,3,4,1,0,1,0,1,0,0,0,0,6.76437E+20,5.36008E+21,1.13824E+16,4.83692E+16
68697,68698,9,6,78,168,2016,4,17,3,3,4,2,0,0,0,1,0,0,0,0,5.82926E+20,5.5495E+21,1.01593E+16,5.0092E+16
68698,68699,9,2,72,120,2016,4,6,3,3,0,1,0,2,0,0,0,1,0,0,8.23181E+20,5.41992E+21,1.34057E+16,4.8848E+16
68699,68700,9,5,75,168,2016,4,11,6,3,5,3,0,0,0,1,0,0,0,0,5.89678E+20,5.48831E+21,1.02396E+16,4.95408E+16
68700,68701,9,3,76,171,2016,4,13,6,3,5,3,0,0,0,1,0,1,0,0,7.45011E+20,5.48654E+21,1.23828E+16,4.9482E+16
68701,68702,9,1,90,142,2016,4,17,6,2,2,6,0,0,0,1,0,0,0,0,6.59453E+20,5.29844E+21,1.11302E+16,4.78195E+16
68702,68703,9,7,74,144,2016,4,2,2,3,2,1,2,0,0,1,0,0,1,0,6.06806E+20,5.3632E+21,1.04434E+16,4.84129E+16
68703,68704,9,1,74,113,2016,4,17,5,3,2,6,0,0,0,1,0,0,0,0,6.74063E+20,5.34518E+21,1.13442E+16,4.82359E+16
68704,68705,9,3,76,175,2016,4,11,5,3,2,7,0,0,0,1,0,0,0,0,7.29426E+20,5.46705E+21,1.21568E+16,4.93131E+16
68705,68706,9,5,65,0,2016,4,17,2,3,5,3,0,0,0,1,0,0,1,0,6.46968E+20,5.46634E+21,1.10229E+16,4.93321E+16
68706,68707,9,7,71,140,2016,4,14,6,3,8,1,0,0,0,1,0,0,0,0,6.51314E+20,5.37474E+21,1.10487E+16,4.85075E+16
68707,68708,9,7,80,133,2016,4,17,7,3,8,1,0,1,0,1,0,0,0,0,5.95577E+20,5.25307E+21,1.02672E+16,4.74241E+16
68708,68709,9,1,81,130,2016,4,15,3,2,3,2,0,1,1,1,0,0,0,0,6.38878E+20,5.32271E+21,1.08633E+16,4.80426E+16
68709,68710,9,7,72,121,2016,4,16,3,3,5,3,0,1,0,1,0,0,0,0,6.28355E+20,5.37187E+21,1.07371E+16,4.84868E+16
68710,68711,9,2,78,190,2016,4,9,3,3,2,6,0,1,0,1,0,0,1,0,7.65826E+20,5.42717E+21,1.26304E+16,4.89403E+16
68711,68712,9,5,74,152,2016,4,13,6,3,5,3,0,0,1,1,0,0,0,0,6.61694E+20,5.48327E+21,1.12323E+16,4.94805E+16
68712,68713,9,3,74,144,2016,4,8,6,3,1,7,0,0,0,1,0,0,0,0,7.20184E+20,5.51188E+21,1.20548E+16,4.97191E+16
68713,68714,9,2,72,118,2016,4,14,6,3,1,6,0,0,0,1,0,0,0,0,8.32986E+20,5.41855E+21,1.35378E+16,4.88305E+16
68714,68715,9,1,62,0,2016,4,16,2,3,5,3,0,1,0,1,0,0,0,0,6.91313E+20,5.33113E+21,1.157E+16,4.81047E+16
68715,68716,9,1,89,119,2016,5,19,2,2,3,6,0,0,0,1,0,0,1,0,7.63767E+20,5.30342E+21,1.25246E+16,4.78299E+16
68716,68717,9,1,61,0,2016,4,18,5,3,0,6,0,0,0,1,0,0,0,1,6.80272E+20,5.40671E+21,1.14543E+16,4.87872E+16
68717,68718,9,3,76,147,2016,4,16,5,1,4,6,0,0,0,1,0,0,1,0,7.36495E+20,5.47234E+21,1.2257E+16,4.93578E+16
68718,68719,9,1,72,116,2016,4,13,6,2,5,3,0,0,0,1,0,1,0,0,8.00538E+20,5.2816E+21,1.29998E+16,4.7618E+16
68719,68720,9,2,63,0,2016,4,5,5,2,5,3,1,1,1,1,0,0,0,0,7.65683E+20,5.42108E+21,1.26244E+16,4.88856E+16
68720,68721,9,1,86,152,2016,4,10,2,3,2,6,0,0,0,1,0,0,0,0,6.91523E+20,5.37382E+21,1.15921E+16,4.84883E+16
68721,68722,9,6,71,130,2016,4,18,4,3,2,6,0,1,0,1,0,0,0,0,5.16471E+20,5.53684E+21,9.22974E+15,4.99836E+16
68722,68723,9,7,61,0,2016,4,18,5,3,9,7,0,0,0,1,0,0,0,0,6.43243E+20,5.35787E+21,1.09337E+16,4.83578E+16
68723,68724,9,5,71,194,2016,4,17,5,3,4,2,0,0,0,1,0,1,0,0,6.15573E+20,5.47345E+21,1.0593E+16,4.94028E+16
68724,68725,9,1,79,113,2016,4,16,5,2,5,2,0,0,0,1,0,1,0,0,6.70377E+20,5.33641E+21,1.12911E+16,4.81581E+16
68725,68726,9,1,79,123,2016,4,1,1,3,5,3,2,1,0,1,0,0,0,0,6.75955E+20,5.33356E+21,1.13649E+16,4.81309E+16
68726,68727,9,1,77,115,2016,4,5,7,1,6,7,2,0,0,0,1,0,0,1,7.39163E+20,5.3545E+21,1.2225E+16,4.82984E+16
68727,68728,9,1,72,116,2016,4,13,5,2,4,1,0,0,0,0,0,1,0,1,8.04857E+20,5.28347E+21,1.30584E+16,4.76328E+16
68728,68729,9,4,71,119,2016,4,18,4,2,0,1,0,1,0,0,0,1,0,0,6.35166E+20,5.53618E+21,1.08846E+16,4.99626E+16
68729,68730,9,5,64,0,2016,4,18,2,3,3,2,0,0,0,1,0,0,0,0,6.54273E+20,5.47785E+21,1.11278E+16,4.94337E+16
68730,68731,9,5,61,0,2016,4,12,7,3,8,1,0,1,0,1,0,0,0,0,6.17907E+20,5.45652E+21,1.06202E+16,4.92501E+16
68731,68732,9,5,74,138,2016,4,8,3,3,8,1,0,1,0,1,0,0,0,0,6.6235E+20,5.49061E+21,1.12444E+16,4.95463E+16
68732,68733,9,1,90,138,2016,4,7,3,3,1,6,0,0,0,1,0,0,1,0,6.61702E+20,5.30869E+21,1.1164E+16,4.79111E+16
68733,68734,9,4,74,135,2016,4,23,7,3,9,1,2,1,0,1,0,0,0,0,6.40472E+20,5.5071E+21,1.0948E+16,4.97E+16
68734,68735,9,7,76,111,2016,4,9,2,3,9,1,0,2,0,1,0,0,0,0,5.49414E+20,5.27047E+21,9.65719E+15,4.75857E+16
68735,68736,9,1,81,141,2016,4,17,5,3,4,1,0,0,0,1,0,0,0,0,6.43906E+20,5.31968E+21,1.09297E+16,4.80142E+16
68736,68737,9,3,76,164,2016,4,14,5,3,9,1,0,0,0,1,0,0,0,0,7.41717E+20,5.47625E+21,1.23312E+16,4.93909E+16
68737,68738,9,1,88,137,2016,4,7,6,3,3,2,0,0,1,1,0,0,0,0,6.72631E+20,5.3169E+21,1.13135E+16,4.79821E+16
68738,68739,9,4,77,128,2016,4,14,1,3,8,1,0,0,0,0,0,1,0,0,6.74708E+20,5.55402E+21,1.14436E+16,5.01127E+16
68739,68740,9,2,79,132,2016,4,16,5,2,5,3,0,0,1,1,0,0,0,0,7.68852E+20,5.4026E+21,1.26555E+16,4.87184E+16
68740,68741,9,6,74,163,2016,4,17,1,2,1,6,0,2,0,1,0,0,0,0,6.09288E+20,5.53887E+21,1.05247E+16,4.99922E+16
68741,68742,9,6,75,178,2016,4,15,5,3,1,2,0,0,0,1,0,0,0,0,5.9689E+20,5.51679E+21,1.03463E+16,4.97958E+16
68742,68743,9,4,71,214,2016,4,12,5,3,9,5,0,0,0,1,0,0,1,0,6.39831E+20,5.54401E+21,1.09525E+16,5.00319E+16
68743,68744,9,1,62,0,2016,4,16,7,3,5,2,0,0,0,1,0,0,0,0,6.85475E+20,5.33532E+21,1.14934E+16,4.8144E+16
68744,68745,9,1,61,0,2016,4,18,6,3,2,6,0,0,0,1,0,0,0,0,6.80696E+20,5.40398E+21,1.14589E+16,4.87626E+16
68745,68746,9,2,77,116,2016,4,17,5,2,4,2,0,0,0,1,0,0,0,0,7.75529E+20,5.36728E+21,1.27227E+16,4.83984E+16
68746,68747,9,7,78,199,2016,4,18,1,3,9,1,0,1,0,1,0,0,0,0,6.06949E+20,5.317E+21,1.04337E+16,4.79973E+16
68747,68748,9,7,71,156,2016,4,11,5,3,1,7,0,0,1,1,0,0,0,0,6.54984E+20,5.38322E+21,1.11015E+16,4.85829E+16
68748,68749,9,4,77,158,2016,4,17,5,3,2,2,0,0,1,0,0,0,0,0,6.82591E+20,5.54935E+21,1.15515E+16,5.00684E+16
68749,68750,9,1,75,139,2016,4,14,1,3,4,6,0,0,0,1,0,0,0,0,7.11613E+20,5.32941E+21,1.18415E+16,4.80828E+16
68750,68751,9,1,87,176,2016,4,11,5,3,2,2,0,0,0,1,0,0,0,1,7.38348E+20,5.3312E+21,1.22009E+16,4.80895E+16
68751,68752,9,3,72,170,2016,4,6,4,3,5,2,0,0,0,1,0,0,0,0,7.46747E+20,5.45592E+21,1.23878E+16,4.92064E+16
68752,68753,9,1,62,0,2016,4,16,4,3,2,6,0,1,0,1,0,0,0,0,6.86687E+20,5.33327E+21,1.15088E+16,4.81253E+16
68753,68754,9,5,71,198,2016,4,7,3,3,4,6,0,2,0,1,0,0,0,0,5.96851E+20,5.46137E+21,1.03321E+16,4.92974E+16
68754,68755,9,5,71,198,2016,4,6,2,3,5,3,0,1,0,1,0,0,0,0,5.9299E+20,5.45993E+21,1.02787E+16,4.92851E+16
68755,68756,9,5,71,216,2016,4,7,7,3,5,3,0,0,0,1,0,0,0,0,6.20384E+20,5.45135E+21,1.06527E+16,4.92032E+16
68756,68757,9,1,82,120,2016,4,15,3,3,2,6,0,1,0,1,0,0,0,0,7.01797E+20,5.30651E+21,1.16991E+16,4.78802E+16
68757,68758,9,1,81,130,2016,4,6,6,2,6,4,0,0,0,1,1,0,0,0,6.38477E+20,5.32339E+21,1.08582E+16,4.80488E+16
68758,68759,9,3,75,190,2016,4,15,7,3,2,6,0,1,0,1,0,0,0,0,7.28169E+20,5.44572E+21,1.21274E+16,4.91219E+16
68759,68760,9,7,72,147,2016,4,21,2,3,8,7,2,0,0,1,0,0,0,0,6.33959E+20,5.36448E+21,1.08106E+16,4.84192E+16
68760,68761,9,7,78,168,2016,4,7,4,3,0,7,0,2,0,0,1,0,1,0,6.02822E+20,5.31341E+21,1.03775E+16,4.79657E+16
68761,68762,9,6,73,160,2016,4,10,5,3,2,6,0,0,0,1,0,0,0,0,5.96967E+20,5.57454E+21,1.0362E+16,5.03149E+16
68762,68763,9,3,77,116,2016,4,16,1,3,5,3,0,0,0,1,0,0,0,0,7.191E+20,5.52554E+21,1.20475E+16,4.98422E+16
68763,68764,9,1,72,122,2016,4,6,5,2,0,6,0,0,0,1,0,0,0,0,7.95273E+20,5.31264E+21,1.29509E+16,4.78991E+16
68764,68765,9,6,76,143,2016,4,11,1,3,9,7,0,1,0,1,0,0,0,0,5.29486E+20,5.50641E+21,9.40897E+15,4.97095E+16
68765,68766,9,1,84,122,2016,4,15,6,3,3,2,0,0,1,1,0,0,0,0,6.88154E+20,5.32369E+21,1.15243E+16,4.80387E+16
68766,68767,9,2,74,126,2016,4,14,4,3,2,6,0,1,0,1,0,0,1,0,7.33915E+20,5.38247E+21,1.21699E+16,4.85516E+16
68767,68768,9,1,84,149,2016,4,15,3,3,2,6,0,1,0,1,0,0,0,0,6.91156E+20,5.35226E+21,1.15774E+16,4.82946E+16
68768,68769,9,4,72,119,2016,4,6,3,3,0,1,0,0,0,0,0,1,0,0,6.88017E+20,5.54216E+21,1.16237E+16,5.0002E+16
68769,68770,9,6,62,0,2016,4,7,6,3,2,6,0,0,0,1,0,0,0,0,5.88413E+20,5.5427E+21,1.02344E+16,5.00301E+16
68770,68771,9,4,79,169,2016,4,9,6,3,4,6,0,0,0,1,0,0,0,0,7.12813E+20,5.5494E+21,1.19733E+16,5.00587E+16
68771,68772,9,2,77,149,2016,4,17,6,3,3,2,0,0,0,1,0,0,0,0,7.97521E+20,5.37243E+21,1.30228E+16,4.84346E+16
68772,68773,9,2,78,182,2016,4,13,2,3,2,2,0,0,0,1,0,0,0,1,7.60986E+20,5.41134E+21,1.25543E+16,4.88002E+16
68773,68774,9,2,62,0,2016,4,16,4,3,1,6,0,0,0,1,0,0,0,0,8.25389E+20,5.38931E+21,1.34116E+16,4.85723E+16
68774,68775,9,1,88,121,2016,4,17,4,3,2,6,0,1,0,1,0,0,0,0,6.69924E+20,5.32916E+21,1.12821E+16,4.80931E+16
68775,68776,9,4,75,161,2016,4,7,3,3,4,2,0,1,0,1,0,0,0,0,7.16956E+20,5.57626E+21,1.20464E+16,5.02985E+16
68776,68777,9,4,71,220,2016,4,21,2,3,5,3,2,1,0,1,0,0,0,1,6.22753E+20,5.51648E+21,1.07054E+16,4.97882E+16
68777,68778,9,1,77,117,2016,4,16,6,3,0,7,0,0,0,1,0,0,0,0,7.16447E+20,5.35166E+21,1.19176E+16,4.82811E+16
68778,68779,9,3,62,0,2016,4,18,5,3,2,6,0,1,0,1,0,0,0,0,7.31993E+20,5.43237E+21,1.2172E+16,4.90006E+16
68779,68780,9,2,78,151,2016,4,14,7,3,5,3,0,0,0,1,0,0,0,0,7.69779E+20,5.43156E+21,1.26871E+16,4.8978E+16
68780,68781,9,1,82,127,2016,4,8,2,3,2,6,0,1,0,1,0,0,0,0,7.02822E+20,5.31053E+21,1.17147E+16,4.7916E+16
68781,68782,9,7,77,154,2016,4,6,4,3,2,6,1,2,0,1,0,0,0,0,6.0613E+20,5.30123E+21,1.04188E+16,4.78556E+16
68782,68783,9,6,71,156,2016,4,14,5,3,2,6,0,0,0,1,0,1,0,0,5.20339E+20,5.53628E+21,9.28368E+15,4.99785E+16
68783,68784,9,2,72,116,2016,4,15,1,2,9,7,0,0,0,1,0,0,0,0,8.14382E+20,5.42423E+21,1.32894E+16,4.88911E+16
68784,68785,9,1,72,116,2016,4,20,7,3,5,3,2,1,0,1,0,0,0,0,8.0071E+20,5.28278E+21,1.30029E+16,4.76285E+16
68785,68786,9,5,76,151,2016,4,16,4,3,3,3,0,0,0,1,0,0,1,0,6.55451E+20,5.472E+21,1.11418E+16,4.93808E+16
68786,68787,9,4,75,145,2016,4,11,1,3,2,6,0,0,0,1,0,0,0,0,7.00045E+20,5.57543E+21,1.18089E+16,5.02971E+16
68787,68788,9,7,61,0,2016,4,16,6,3,1,6,0,0,0,1,0,0,0,0,6.38503E+20,5.35609E+21,1.08692E+16,4.83428E+16
68788,68789,9,1,72,117,2016,4,20,4,2,8,1,2,1,0,1,0,0,0,0,7.95523E+20,5.2893E+21,1.29384E+16,4.76894E+16
68789,68790,9,1,76,161,2016,4,15,3,3,2,7,0,0,0,1,0,0,0,0,6.80845E+20,5.4147E+21,1.14656E+16,4.88589E+16
68790,68791,9,7,80,124,2016,4,10,3,3,4,6,0,0,0,1,0,1,0,0,5.91548E+20,5.2683E+21,1.0217E+16,4.75616E+16
68791,68792,9,3,73,126,2016,4,6,3,3,5,3,1,1,0,1,0,0,0,0,6.68917E+20,5.45186E+21,1.13186E+16,4.91963E+16
68792,68793,9,5,62,0,2016,4,14,6,3,0,7,0,0,1,0,0,0,0,0,6.44699E+20,5.49691E+21,1.10028E+16,4.96074E+16
68793,68794,9,4,71,119,2016,4,16,6,3,2,6,0,0,0,1,0,0,0,0,6.34652E+20,5.53729E+21,1.08778E+16,4.99727E+16
68794,68795,9,2,75,130,2016,4,9,6,2,4,6,0,0,0,1,0,0,0,0,8.14696E+20,5.36373E+21,1.32478E+16,4.83482E+16
68795,68796,9,1,78,124,2016,4,7,3,2,0,1,0,0,0,0,0,1,0,0,7.0097E+20,5.36457E+21,1.17154E+16,4.84022E+16
68796,68797,9,2,79,126,2016,4,5,2,2,0,7,2,1,0,0,0,1,0,0,7.62888E+20,5.38546E+21,1.25637E+16,4.8567E+16
68797,68798,9,2,76,148,2016,4,10,5,3,5,3,0,0,0,1,0,0,1,0,8.08926E+20,5.43893E+21,1.32263E+16,4.90257E+16
68798,68799,9,1,71,113,2016,4,13,6,3,0,6,0,0,0,1,0,1,0,0,7.77707E+20,5.34145E+21,1.27351E+16,4.81656E+16
68799,68800,9,7,74,143,2016,4,15,5,3,2,6,0,0,0,1,0,0,0,0,5.97164E+20,5.35946E+21,1.03122E+16,4.83808E+16
68800,68801,9,2,76,144,2016,4,20,5,3,9,7,2,1,0,1,0,0,0,0,7.83191E+20,5.44316E+21,1.28781E+16,4.9076E+16
68801,68802,9,1,74,131,2016,4,16,2,2,4,6,0,0,0,1,0,0,0,0,6.76998E+20,5.35561E+21,1.13881E+16,4.83289E+16
68802,68803,9,6,72,127,2016,4,14,4,3,8,1,0,1,0,1,0,0,0,0,5.62978E+20,5.5515E+21,9.88082E+15,5.01124E+16
68803,68804,9,7,79,115,2016,4,13,5,3,2,6,0,0,0,1,0,0,0,0,6.33786E+20,5.39487E+21,1.0818E+16,4.86925E+16
68804,68805,9,5,76,137,2016,4,11,5,2,5,3,0,0,0,1,0,0,0,0,6.51268E+20,5.46229E+21,1.10805E+16,4.92946E+16
68805,68806,9,5,71,166,2016,4,18,5,3,0,1,0,0,0,0,0,1,0,0,6.12478E+20,5.45394E+21,1.05449E+16,4.92279E+16
68806,68807,9,1,74,113,2016,4,17,5,3,3,6,0,0,0,1,0,0,1,0,6.74604E+20,5.34511E+21,1.13515E+16,4.82352E+16
68807,68808,9,1,86,162,2016,4,10,1,3,3,1,0,0,0,1,0,0,0,1,6.89138E+20,5.38542E+21,1.15652E+16,4.85933E+16
68808,68809,9,1,84,147,2016,4,19,7,3,3,1,1,1,0,1,0,0,0,0,7.00326E+20,5.34123E+21,1.16957E+16,4.81927E+16
68809,68810,9,4,76,175,2016,4,16,4,2,4,1,0,1,0,1,0,0,0,0,6.63996E+20,5.58836E+21,1.13088E+16,5.04243E+16
68810,68811,9,1,86,122,2016,4,13,7,3,2,6,0,0,0,1,0,0,0,0,6.89389E+20,5.39423E+21,1.15726E+16,4.86723E+16
68811,68812,9,2,71,139,2016,5,21,3,3,0,3,2,1,0,1,0,1,0,0,7.81487E+20,5.40144E+21,1.28261E+16,4.87024E+16
68812,68813,9,7,73,182,2016,5,16,2,2,4,6,0,0,0,1,0,0,0,0,6.25662E+20,5.38071E+21,1.07034E+16,4.85669E+16
68813,68814,9,2,79,122,2016,5,6,2,3,1,3,0,0,0,0,0,0,0,1,7.76273E+20,5.40027E+21,1.27546E+16,4.86942E+16
68814,68815,9,6,61,0,2016,4,18,6,3,0,7,0,0,1,0,0,0,0,0,5.10642E+20,5.53605E+21,9.14842E+15,4.99767E+16
68815,68816,9,7,79,181,2016,5,23,1,3,8,7,2,0,0,1,0,0,0,0,6.33502E+20,5.38951E+21,1.08124E+16,4.86444E+16
68816,68817,9,2,71,119,2016,4,11,6,3,2,1,0,0,0,1,0,0,0,0,7.93914E+20,5.41204E+21,1.30021E+16,4.87918E+16
68817,68818,9,1,87,128,2016,4,6,6,2,5,3,1,0,1,1,0,0,0,0,7.49267E+20,5.31133E+21,1.23358E+16,4.79068E+16
68818,68819,9,1,75,127,2016,5,21,5,3,0,1,2,0,1,0,0,0,0,0,7.12744E+20,5.34193E+21,1.18629E+16,4.81949E+16
68819,68820,9,2,75,138,2016,5,11,5,3,3,6,0,0,0,1,0,1,0,0,8.11152E+20,5.38896E+21,1.32189E+16,4.85763E+16
68820,68821,9,7,63,0,2016,5,16,3,3,4,2,0,1,0,1,0,0,0,0,5.99986E+20,5.28649E+21,1.03333E+16,4.77241E+16
68821,68822,9,1,78,130,2016,5,20,1,3,0,1,1,1,0,1,0,1,0,0,7.02298E+20,5.35697E+21,1.17297E+16,4.83335E+16
68822,68823,9,1,87,148,2016,5,9,4,3,0,7,0,1,1,0,0,0,0,0,7.39598E+20,5.27841E+21,1.21884E+16,4.76147E+16
68823,68824,9,6,73,130,2016,5,14,4,2,5,2,0,0,1,1,0,0,0,0,5.96194E+20,5.58334E+21,1.03534E+16,5.03942E+16
68824,68825,9,3,75,190,2016,5,6,4,3,5,3,0,0,0,1,0,0,0,0,7.23204E+20,5.44753E+21,1.20604E+16,4.914E+16
68825,68826,9,7,76,117,2016,4,21,7,2,6,4,2,1,0,1,1,0,0,0,5.66605E+20,5.27256E+21,9.8861E+15,4.7603E+16
68826,68827,9,5,76,143,2016,4,17,7,3,8,1,0,0,0,1,0,0,0,0,6.53119E+20,5.45709E+21,1.11039E+16,4.92474E+16
68827,68828,9,3,77,159,2016,4,6,7,3,8,1,0,0,0,1,0,0,0,0,7.31199E+20,5.5335E+21,1.22202E+16,4.99091E+16
68828,68829,9,1,81,128,2016,5,17,4,3,2,6,0,0,0,1,0,0,0,1,6.39647E+20,5.32805E+21,1.08754E+16,4.80904E+16
68829,68830,9,4,74,154,2016,5,15,3,3,5,3,0,0,0,1,0,1,0,0,6.5343E+20,5.49736E+21,1.11238E+16,4.96093E+16
68830,68831,9,4,76,146,2016,5,11,2,3,5,3,0,0,0,1,0,0,0,0,6.62209E+20,5.5626E+21,1.12726E+16,5.01933E+16