FID,OBJECTID,ULAND,UREGBEZ,UKREIS,UGEMEINDE,UJAHR,UMONAT,USTUNDE,UWOCHENTAG,UKATEGORIE,UART,UTYP1,ULICHTVERH,IstStrasse,IstRad,IstPKW,IstFuss,IstKrad,IstGkfz,IstSonstig,LINREFX,LINREFY,XGCSWGS84,YGCSWGS84
68831,68832,9,2,72,142,2016,4,12,6,3,3,6,0,0,0,1,0,0,0,0,8.21496E+20,5.41093E+21,1.33758E+16,4.87682E+16
68832,68833,9,2,74,111,2016,4,14,7,2,4,6,0,0,0,1,0,1,0,0,7.4311E+20,5.38288E+21,1.22946E+16,4.85518E+16
68833,68834,9,1,72,111,2016,5,11,3,3,2,6,0,0,0,1,0,0,1,0,7.96933E+20,5.30329E+21,1.29667E+16,4.78144E+16
68834,68835,9,6,77,148,2016,5,9,2,3,5,3,0,0,0,1,0,1,0,0,5.55112E+20,5.53507E+21,9.76845E+15,4.99654E+16
68835,68836,9,1,85,125,2016,5,7,2,2,3,6,0,0,0,1,0,0,0,0,6.4685E+20,5.39609E+21,1.09958E+16,4.87005E+16
68836,68837,9,1,62,0,2016,4,13,6,3,2,2,0,0,0,1,0,0,0,1,6.92463E+20,5.33117E+21,1.15854E+16,4.81047E+16
68837,68838,9,4,71,120,2016,4,10,6,3,5,3,0,0,0,1,0,0,0,0,6.25304E+20,5.52102E+21,1.07423E+16,4.98285E+16
68838,68839,9,6,71,111,2016,4,10,5,2,5,3,0,0,0,1,0,0,0,0,5.04998E+20,5.54469E+21,9.06982E+15,5.00545E+16
68839,68840,9,6,61,0,2016,5,18,1,3,5,3,0,0,0,1,0,1,0,0,5.10372E+20,5.53621E+21,9.14465E+15,4.99782E+16
68840,68841,9,1,87,154,2016,4,16,6,3,1,6,0,0,0,1,0,0,0,0,7.35737E+20,5.29678E+21,1.21471E+16,4.77812E+16
68841,68842,9,7,75,135,2016,5,18,4,3,5,3,0,0,0,1,0,1,0,0,5.76316E+20,5.36168E+21,1.00311E+16,4.84037E+16
68842,68843,9,5,64,0,2016,5,13,4,3,5,3,0,0,1,1,0,0,0,0,6.47741E+20,5.47402E+21,1.10364E+16,4.94009E+16
68843,68844,9,6,63,0,2016,5,14,3,3,5,2,0,1,1,1,0,0,0,0,5.67435E+20,5.51683E+21,9.93708E+15,4.98001E+16
68844,68845,9,5,74,138,2016,5,16,4,3,2,6,0,0,0,1,0,0,0,0,6.65353E+20,5.48553E+21,1.12837E+16,4.94998E+16
68845,68846,9,2,73,125,2016,5,12,4,2,5,3,0,0,0,1,0,1,0,0,7.20562E+20,5.41569E+21,1.2007E+16,4.88549E+16
68846,68847,9,2,77,119,2016,5,10,5,3,2,6,0,0,0,1,0,0,0,1,7.75989E+20,5.37732E+21,1.27355E+16,4.84883E+16
68847,68848,9,7,73,136,2016,5,17,3,2,3,6,0,0,0,1,0,0,0,0,5.99917E+20,5.37723E+21,1.03537E+16,4.85402E+16
68848,68849,9,1,61,0,2016,5,7,4,3,2,6,0,0,0,1,0,1,0,0,6.79962E+20,5.40309E+21,1.14485E+16,4.87548E+16
68849,68850,9,6,61,0,2016,5,18,4,2,0,7,0,0,0,0,0,1,0,0,5.09267E+20,5.53567E+21,9.12924E+15,4.99733E+16
68850,68851,9,2,75,154,2016,5,23,4,2,9,7,2,0,0,1,0,0,0,0,8.05771E+20,5.39737E+21,1.31523E+16,4.86544E+16
68851,68852,9,7,72,170,2016,4,17,7,3,0,7,0,0,1,0,0,0,0,0,6.30742E+20,5.33441E+21,1.07578E+16,4.81495E+16
68852,68853,9,4,71,175,2016,5,8,1,3,8,1,0,0,0,1,0,0,0,0,6.30903E+20,5.54158E+21,1.08271E+16,5.00121E+16
68853,68854,9,5,71,145,2016,4,11,7,3,3,6,0,0,0,1,0,0,0,0,5.91915E+20,5.44253E+21,1.02599E+16,4.91287E+16
68854,68855,9,3,76,153,2016,4,11,7,3,1,2,0,0,0,1,0,0,0,1,7.30725E+20,5.48698E+21,1.21862E+16,4.94916E+16
68855,68856,9,1,81,115,2016,5,17,4,3,5,3,0,0,0,1,0,0,0,0,6.56256E+20,5.32668E+21,1.10978E+16,4.80742E+16
68856,68857,9,4,71,159,2016,5,13,2,3,3,6,0,0,0,1,0,1,0,0,6.39245E+20,5.53226E+21,1.09401E+16,4.99265E+16
68857,68858,9,2,72,136,2016,4,15,6,3,2,2,0,0,0,1,0,1,0,0,8.5337E+20,5.40941E+21,1.38068E+16,4.87373E+16
68858,68859,9,1,62,0,2016,4,18,7,3,1,6,0,0,0,1,0,0,0,0,6.86704E+20,5.33108E+21,1.15081E+16,4.81056E+16
68859,68860,9,1,61,0,2016,5,16,3,3,2,6,0,0,0,1,0,0,0,0,6.76501E+20,5.40449E+21,1.14021E+16,4.87684E+16
68860,68861,9,6,74,147,2016,5,13,2,3,5,3,0,0,1,1,0,0,0,0,6.08585E+20,5.5443E+21,1.05165E+16,5.00411E+16
68861,68862,9,7,77,170,2016,4,12,6,3,2,6,0,0,0,1,0,0,0,0,6.20077E+20,5.27658E+21,1.05984E+16,4.76315E+16
68862,68863,9,4,61,0,2016,4,8,6,3,5,3,0,0,1,0,0,0,1,0,6.35273E+20,5.53014E+21,1.0884E+16,4.99083E+16
68863,68864,9,5,77,138,2016,5,14,1,3,9,1,0,0,0,0,0,1,0,0,6.33671E+20,5.45074E+21,1.08348E+16,4.91949E+16
68864,68865,9,1,87,117,2016,4,17,6,3,5,3,0,0,1,1,0,0,0,0,7.26055E+20,5.30517E+21,1.20224E+16,4.78601E+16
68865,68866,9,7,74,148,2016,5,13,4,3,5,3,0,0,0,1,0,0,0,0,5.94246E+20,5.36233E+21,1.02735E+16,4.8407E+16
68866,68867,9,5,73,115,2016,5,16,4,3,2,6,0,0,0,0,0,1,0,0,6.27421E+20,5.47699E+21,1.07574E+16,4.94322E+16
68867,68868,9,6,71,130,2016,5,8,3,3,0,7,0,0,0,1,0,1,0,0,5.14114E+20,5.53882E+21,9.19695E+15,5.00016E+16
68868,68869,9,1,89,134,2016,4,17,7,2,2,6,0,0,0,1,0,0,0,0,7.73189E+20,5.32147E+21,1.26617E+16,4.79881E+16
68869,68870,9,3,74,121,2016,5,15,3,3,2,2,0,0,0,1,0,1,0,0,7.36393E+20,5.51301E+21,1.228E+16,4.97231E+16
68870,68871,9,2,79,116,2016,5,6,1,2,0,1,1,0,0,1,0,0,0,0,7.59556E+20,5.39078E+21,1.25219E+16,4.86162E+16
68871,68872,9,1,84,135,2016,5,7,2,3,1,6,0,0,0,1,0,0,0,0,6.8928E+20,5.34667E+21,1.15496E+16,4.82449E+16
68872,68873,9,1,62,0,2016,5,23,3,3,5,3,2,0,0,1,0,0,0,0,6.88679E+20,5.33629E+21,1.15369E+16,4.81518E+16
68873,68874,9,3,76,119,2016,5,18,2,3,0,7,0,0,0,1,0,1,0,0,7.21705E+20,5.45536E+21,1.20442E+16,4.92108E+16
68874,68875,9,7,61,0,2016,4,14,6,3,2,6,0,0,0,1,0,1,0,0,6.4267E+20,5.35892E+21,1.09263E+16,4.83674E+16
68875,68876,9,1,62,0,2016,5,0,2,3,2,6,2,1,0,1,0,0,0,0,6.84656E+20,5.34266E+21,1.14856E+16,4.82103E+16
68876,68877,9,3,74,139,2016,4,14,6,3,2,6,0,0,0,1,0,1,0,0,7.28526E+20,5.51353E+21,1.21713E+16,4.97308E+16
68877,68878,9,1,87,139,2016,5,13,5,3,2,6,0,0,0,1,0,0,0,0,7.45251E+20,5.31413E+21,1.22837E+16,4.79335E+16
68878,68879,9,1,62,0,2016,5,13,2,3,2,6,0,0,0,0,0,1,0,1,6.94723E+20,5.33415E+21,1.16171E+16,4.81308E+16
68879,68880,9,5,63,0,2016,5,17,2,3,5,3,0,0,1,1,0,0,0,0,6.43077E+20,5.48764E+21,1.0977E+16,4.95244E+16
68880,68881,9,1,88,144,2016,5,14,5,3,8,7,0,0,1,0,0,0,0,0,6.68272E+20,5.32759E+21,1.12593E+16,4.80794E+16
68881,68882,9,3,61,0,2016,5,18,1,3,1,6,0,0,0,1,0,0,0,0,7.07724E+20,5.48076E+21,1.18657E+16,4.9444E+16
68882,68883,9,1,77,144,2016,5,7,4,3,2,6,0,1,0,1,0,0,0,0,7.18077E+20,5.34741E+21,1.19374E+16,4.82424E+16
68883,68884,9,3,73,113,2016,5,6,2,2,5,3,0,0,0,1,0,1,0,0,6.77169E+20,5.46751E+21,1.14387E+16,4.93346E+16
68884,68885,9,1,81,129,2016,5,7,2,3,5,3,0,1,0,1,0,0,0,0,6.42686E+20,5.3045E+21,1.09083E+16,4.78779E+16
68885,68886,9,1,90,113,2016,5,11,5,2,0,7,0,0,1,0,0,0,0,0,6.72364E+20,5.29183E+21,1.12999E+16,4.77568E+16
68886,68887,9,1,75,118,2016,5,17,3,3,5,3,0,1,0,1,0,0,0,0,7.1512E+20,5.33892E+21,1.18933E+16,4.8167E+16
68887,68888,9,5,64,0,2016,5,8,2,3,2,6,0,0,0,0,0,0,1,0,6.58539E+20,5.47343E+21,1.11848E+16,4.93929E+16
68888,68889,9,1,79,134,2016,5,22,5,3,9,1,2,0,0,1,0,0,0,0,6.66375E+20,5.34265E+21,1.12398E+16,4.82152E+16
68889,68890,9,1,63,0,2016,4,16,6,3,2,6,0,0,0,1,0,1,0,0,7.33591E+20,5.30319E+21,1.21219E+16,4.78396E+16
68890,68891,9,7,72,147,2016,4,17,6,3,2,6,0,0,0,1,0,0,0,0,6.33447E+20,5.36454E+21,1.08037E+16,4.84199E+16
68891,68892,9,1,63,0,2016,5,20,1,2,8,1,2,1,0,1,0,0,0,0,7.30373E+20,5.30339E+21,1.20791E+16,4.78425E+16
68892,68893,9,1,61,0,2016,4,15,6,3,2,6,0,0,0,1,0,0,0,0,6.78967E+20,5.39804E+21,1.14328E+16,4.87097E+16
68893,68894,9,7,77,112,2016,5,13,4,3,2,6,0,0,0,1,0,0,0,0,6.22923E+20,5.29664E+21,1.06419E+16,4.78114E+16
68894,68895,9,5,71,224,2016,5,6,4,3,1,7,0,0,0,1,0,0,0,0,6.01882E+20,5.43134E+21,1.03937E+16,4.90265E+16
68895,68896,9,5,74,152,2016,5,22,3,3,7,7,2,1,0,1,0,0,0,1,6.64884E+20,5.48255E+21,1.1276E+16,4.94732E+16
68896,68897,9,1,87,181,2016,4,21,7,3,5,3,2,0,0,1,0,0,0,0,7.37564E+20,5.31273E+21,1.21802E+16,4.79238E+16
68897,68898,9,3,76,147,2016,5,15,3,3,9,6,0,0,0,1,0,0,0,0,7.39306E+20,5.47048E+21,1.22945E+16,4.934E+16
68898,68899,9,1,72,130,2016,5,10,1,2,3,1,0,0,1,1,0,0,0,0,7.90959E+20,5.30925E+21,1.28911E+16,4.78706E+16
68899,68900,9,7,76,126,2016,5,14,2,3,5,3,0,0,1,1,0,0,0,0,5.55978E+20,5.27079E+21,9.74451E+15,4.75881E+16
68900,68901,9,2,74,128,2016,5,13,2,2,0,6,0,0,0,1,0,0,0,0,7.35334E+20,5.38636E+21,1.21913E+16,4.85861E+16
68901,68902,9,6,73,183,2016,4,16,6,3,5,3,0,0,0,1,0,0,0,0,5.86313E+20,5.58002E+21,1.02136E+16,5.03659E+16
68902,68903,9,1,84,145,2016,5,22,1,1,9,1,2,1,0,1,0,0,0,0,6.97825E+20,5.32433E+21,1.16542E+16,4.80416E+16
68903,68904,9,3,73,153,2016,4,23,6,3,2,6,2,0,0,1,0,0,1,0,6.82131E+20,5.46548E+21,1.1506E+16,4.93148E+16
68904,68905,9,1,85,158,2016,5,15,5,2,5,2,0,0,0,1,0,0,0,0,6.66578E+20,5.37947E+21,1.12571E+16,4.85462E+16
68905,68906,9,1,76,143,2016,4,23,6,3,4,2,2,0,0,1,0,0,0,0,6.79346E+20,5.41033E+21,1.14433E+16,4.88201E+16
68906,68907,9,1,74,111,2016,5,5,5,3,9,1,1,0,0,1,0,0,0,0,6.63938E+20,5.36041E+21,1.12139E+16,4.83756E+16
68907,68908,9,2,71,119,2016,5,13,5,3,2,6,0,0,0,1,0,0,0,0,7.91229E+20,5.41529E+21,1.2968E+16,4.88223E+16
68908,68909,9,2,73,137,2016,5,16,5,2,4,1,0,0,0,1,0,1,0,0,7.13419E+20,5.42677E+21,1.19155E+16,4.89569E+16
68909,68910,9,1,62,0,2016,5,2,3,3,6,4,2,0,1,0,1,0,0,0,6.95819E+20,5.33387E+21,1.16317E+16,4.8128E+16
68910,68911,9,1,81,133,2016,5,16,1,3,5,3,0,1,0,1,0,0,0,0,6.43802E+20,5.31427E+21,1.09265E+16,4.79656E+16
68911,68912,9,1,86,152,2016,4,19,6,3,2,6,0,0,0,1,0,0,0,0,6.91499E+20,5.37972E+21,1.15945E+16,4.85413E+16
68912,68913,9,1,87,177,2016,5,21,4,3,0,2,2,0,1,1,0,0,0,0,7.35363E+20,5.30531E+21,1.21467E+16,4.78579E+16
68913,68914,9,6,79,187,2016,5,7,4,2,2,6,0,0,0,1,0,1,0,1,5.73873E+20,5.50503E+21,1.00243E+16,4.96932E+16
68914,68915,9,3,63,0,2016,5,7,4,3,5,3,0,0,1,1,0,0,0,0,7.27665E+20,5.50679E+21,1.21555E+16,4.96706E+16
68915,68916,9,7,74,116,2016,4,11,7,3,5,3,0,0,0,1,0,0,0,0,6.02449E+20,5.3422E+21,1.03794E+16,4.82247E+16
68916,68917,9,6,71,143,2016,4,13,7,3,2,6,0,0,0,1,0,0,0,0,5.13921E+20,5.54471E+21,9.19447E+15,5.00545E+16
68917,68918,9,4,74,154,2016,4,15,7,2,8,6,0,0,0,0,0,1,0,0,6.56025E+20,5.49937E+21,1.11605E+16,4.96267E+16
68918,68919,9,1,76,111,2016,5,5,4,3,5,3,0,0,1,0,0,1,0,0,6.63193E+20,5.41414E+21,1.1225E+16,4.88587E+16
68919,68920,9,1,61,0,2016,5,19,1,2,0,1,0,0,1,0,0,0,0,0,6.79405E+20,5.40507E+21,1.14418E+16,4.87727E+16
68920,68921,9,1,61,0,2016,4,14,6,2,4,2,0,0,1,1,0,0,0,0,6.76554E+20,5.40843E+21,1.14045E+16,4.88037E+16
68921,68922,9,7,73,125,2016,5,23,4,3,5,7,2,0,1,1,0,0,0,0,6.09867E+20,5.38184E+21,1.04896E+16,4.858E+16
68922,68923,9,4,77,128,2016,5,13,4,3,1,6,0,0,0,1,0,0,1,0,6.75573E+20,5.55139E+21,1.14545E+16,5.00888E+16
68923,68924,9,1,62,0,2016,4,14,7,3,2,6,0,0,0,1,0,0,0,0,6.87752E+20,5.33352E+21,1.15232E+16,4.81272E+16
68924,68925,9,7,71,113,2016,4,10,7,3,5,3,0,0,1,1,0,0,0,0,6.58098E+20,5.37009E+21,1.11387E+16,4.84641E+16
68925,68926,9,4,73,159,2016,4,16,7,3,4,2,0,0,1,1,0,0,0,0,6.43509E+20,5.58002E+21,1.10174E+16,5.03547E+16
68926,68927,9,5,73,127,2016,5,9,3,2,0,7,0,0,0,1,0,1,0,0,6.46466E+20,5.47578E+21,1.10195E+16,4.94171E+16
68927,68928,9,2,76,148,2016,4,12,7,3,2,6,0,0,1,0,0,0,0,0,8.09175E+20,5.44126E+21,1.32315E+16,4.90465E+16
68928,68929,9,1,74,113,2016,4,17,7,3,0,1,0,0,0,1,0,0,0,0,6.69457E+20,5.34924E+21,1.12839E+16,4.82737E+16
68929,68930,9,2,72,120,2016,5,7,3,3,8,1,0,0,0,0,0,1,0,0,8.22296E+20,5.42192E+21,1.33952E+16,4.88664E+16
68930,68931,9,7,72,147,2016,5,5,2,2,8,1,1,0,0,1,0,0,0,0,6.31893E+20,5.3645E+21,1.07827E+16,4.84198E+16
68931,68932,9,1,80,123,2016,5,16,2,2,0,1,0,1,0,1,0,0,0,0,6.717E+20,5.2593E+21,1.12783E+16,4.74645E+16
68932,68933,9,5,76,113,2016,4,7,6,3,3,6,0,0,0,1,0,0,1,0,6.61654E+20,5.45587E+21,1.12206E+16,4.92342E+16
68933,68934,9,5,64,0,2016,4,7,6,3,2,6,0,0,0,1,0,0,0,0,6.4569E+20,5.47841E+21,1.10097E+16,4.94409E+16
68934,68935,9,6,79,156,2016,5,15,1,3,5,3,0,0,0,1,0,0,0,0,5.75289E+20,5.52236E+21,1.00473E+16,4.9849E+16
68935,68936,9,2,71,111,2016,4,11,6,2,9,7,0,0,0,1,0,0,0,0,7.87947E+20,5.40733E+21,1.29178E+16,4.87523E+16
68936,68937,9,1,86,143,2016,4,12,6,3,2,7,0,0,0,1,0,0,0,1,6.85504E+20,5.37942E+21,1.15133E+16,4.85404E+16
68937,68938,9,1,75,122,2016,5,14,5,3,6,6,0,0,0,1,1,0,0,1,7.20383E+20,5.32675E+21,1.19577E+16,4.80559E+16
68938,68939,9,2,77,111,2016,5,20,5,2,5,3,2,0,0,1,0,1,0,0,7.84942E+20,5.3875E+21,1.28634E+16,4.85757E+16
68939,68940,9,7,79,177,2016,5,15,3,3,2,6,0,0,0,1,0,0,0,0,6.07082E+20,5.42087E+21,1.0462E+16,4.89315E+16
68940,68941,9,1,78,124,2016,5,21,1,3,7,7,2,1,0,0,0,1,0,0,7.00493E+20,5.3647E+21,1.1709E+16,4.84036E+16
68941,68942,9,1,61,0,2016,5,10,4,3,0,6,0,0,0,1,0,0,0,0,6.78069E+20,5.40796E+21,1.14249E+16,4.87991E+16
68942,68943,9,6,74,163,2016,5,8,4,2,9,6,0,0,0,1,0,0,0,0,6.12154E+20,5.53872E+21,1.05646E+16,4.99902E+16
68943,68944,9,3,61,0,2016,5,6,4,1,9,6,0,0,0,1,0,1,0,0,7.0965E+20,5.48151E+21,1.18927E+16,4.94501E+16
68944,68945,9,7,62,0,2016,4,1,7,3,8,1,2,0,0,1,0,0,0,0,6.21867E+20,5.30309E+21,1.06296E+16,4.78696E+16
68945,68946,9,5,76,113,2016,4,15,7,2,5,3,0,0,0,1,0,1,0,0,6.62294E+20,5.45875E+21,1.12306E+16,4.926E+16
68946,68947,9,3,73,155,2016,4,11,7,3,5,3,0,0,0,1,0,0,0,0,6.70855E+20,5.46478E+21,1.13507E+16,4.93118E+16
68947,68948,9,1,88,144,2016,5,6,4,3,2,6,0,0,0,1,0,0,0,0,6.67443E+20,5.32694E+21,1.12479E+16,4.80737E+16
68948,68949,9,4,77,119,2016,5,23,2,3,9,7,2,0,0,1,0,0,0,0,6.83841E+20,5.54532E+21,1.1567E+16,5.00317E+16
68949,68950,9,2,77,111,2016,4,10,6,2,4,6,0,0,0,1,0,0,1,0,7.81811E+20,5.38454E+21,1.2819E+16,4.85505E+16
68950,68951,9,2,74,176,2016,4,17,7,2,6,4,0,0,0,1,1,0,0,0,7.22758E+20,5.39785E+21,1.20272E+16,4.86939E+16
68951,68952,9,1,87,173,2016,5,14,3,2,4,6,0,0,0,1,0,0,0,0,7.39881E+20,5.31895E+21,1.22146E+16,4.79788E+16
68952,68953,9,6,72,149,2016,5,5,2,2,3,6,0,0,0,1,0,0,1,0,5.62582E+20,5.5693E+21,9.87822E+15,5.02725E+16
68953,68954,9,7,74,143,2016,4,18,6,3,5,6,0,0,0,1,0,0,0,0,5.92405E+20,5.35684E+21,1.02474E+16,4.8358E+16
68954,68955,9,4,71,128,2016,4,17,6,3,9,1,0,0,0,0,0,1,0,0,6.05138E+20,5.52286E+21,1.04625E+16,4.98489E+16
68955,68956,9,5,72,126,2016,4,16,5,3,5,3,0,0,0,1,0,1,0,0,6.35065E+20,5.50368E+21,1.08719E+16,4.96705E+16
68956,68957,9,4,79,152,2016,5,7,3,3,2,6,0,0,0,1,0,0,0,0,7.17849E+20,5.56082E+21,1.20501E+16,5.01595E+16
68957,68958,9,5,71,166,2016,5,16,2,3,5,3,0,0,0,1,0,0,0,0,6.08591E+20,5.45547E+21,1.04919E+16,4.92424E+16
68958,68959,9,2,77,111,2016,4,9,6,3,1,6,0,0,0,1,0,0,0,0,7.80038E+20,5.38379E+21,1.27945E+16,4.85446E+16
68959,68960,9,2,71,125,2016,4,10,7,3,8,6,0,0,0,1,0,0,0,0,7.98286E+20,5.40714E+21,1.3058E+16,4.87458E+16
68960,68961,9,1,73,120,2016,5,15,3,2,4,6,0,0,0,1,0,0,1,0,6.84908E+20,5.31616E+21,1.14775E+16,4.79721E+16
68961,68962,9,6,79,170,2016,5,18,2,3,0,7,0,0,1,0,0,0,0,0,5.7691E+20,5.50167E+21,1.00657E+16,4.96626E+16
68962,68963,9,1,61,0,2016,5,16,2,3,6,4,0,0,0,1,1,0,0,0,6.76947E+20,5.40454E+21,1.14082E+16,4.87687E+16
68963,68964,9,1,84,135,2016,4,19,6,3,4,1,0,0,1,0,0,0,0,0,6.92389E+20,5.34955E+21,1.15927E+16,4.82699E+16
68964,68965,9,5,62,0,2016,4,8,6,3,3,2,0,0,1,1,0,0,0,0,6.45482E+20,5.49546E+21,1.10131E+16,4.95942E+16
68965,68966,9,4,64,0,2016,4,16,6,3,5,2,0,0,0,1,0,0,1,0,7.07788E+20,5.57938E+21,1.19196E+16,5.03299E+16
68966,68967,9,5,74,147,2016,4,14,5,3,5,3,0,0,0,1,0,1,0,0,6.80259E+20,5.48695E+21,1.149E+16,4.95084E+16
68967,68968,9,6,72,121,2016,5,13,1,3,3,6,0,0,0,1,0,0,1,0,5.68646E+20,5.55611E+21,9.96091E+15,5.01532E+16
68968,68969,9,2,77,138,2016,4,15,6,3,2,2,0,0,0,1,0,0,0,0,7.926E+20,5.37013E+21,1.29548E+16,4.84163E+16
68969,68970,9,1,86,152,2016,4,18,6,2,8,1,0,0,0,0,0,1,0,0,6.94748E+20,5.37829E+21,1.16378E+16,4.85275E+16
68970,68971,9,7,72,145,2016,5,17,3,3,1,3,0,0,1,1,0,0,0,0,6.35134E+20,5.36873E+21,1.08278E+16,4.84572E+16
68971,68972,9,1,85,140,2016,5,16,4,3,2,6,0,0,0,1,0,1,0,0,6.77069E+20,5.39139E+21,1.14042E+16,4.86504E+16
68972,68973,9,5,76,122,2016,5,16,4,3,2,6,0,0,0,1,0,0,0,0,6.66982E+20,5.44003E+21,1.12872E+16,4.90904E+16
68973,68974,9,2,77,128,2016,5,21,4,2,5,3,2,0,0,1,0,1,0,0,7.94376E+20,5.35124E+21,1.29655E+16,4.8246E+16
68974,68975,9,7,61,0,2016,4,17,7,3,2,6,0,0,0,1,0,1,0,0,6.41949E+20,5.35762E+21,1.09162E+16,4.83558E+16
68975,68976,9,3,63,0,2016,5,8,1,3,5,3,0,0,1,1,0,0,0,0,7.29E+20,5.5075E+21,1.21743E+16,4.96765E+16
68976,68977,9,5,61,0,2016,4,15,7,3,3,2,0,0,0,1,0,0,0,1,6.18621E+20,5.46372E+21,1.06321E+16,4.93147E+16
68977,68978,9,1,74,146,2016,5,7,4,2,5,3,0,0,1,1,0,0,0,0,6.66167E+20,5.35211E+21,1.12407E+16,4.83004E+16
68978,68979,9,3,74,160,2016,5,7,2,3,2,2,0,0,0,1,0,0,0,0,7.34091E+20,5.50796E+21,1.22451E+16,4.96786E+16
68979,68980,9,2,79,128,2016,4,14,6,3,8,1,0,0,0,1,0,0,0,0,7.6182E+20,5.39704E+21,1.25566E+16,4.86715E+16
68980,68981,9,1,83,138,2016,4,19,7,3,8,7,0,0,0,1,0,0,0,0,7.45148E+20,5.34523E+21,1.23002E+16,4.82129E+16
68981,68982,9,1,86,158,2016,5,15,2,3,2,7,0,0,0,1,0,1,0,0,6.92464E+20,5.40501E+21,1.16193E+16,4.87683E+16
68982,68983,9,1,73,147,2016,5,22,5,3,5,3,2,0,0,1,0,0,0,0,6.81427E+20,5.30802E+21,1.14275E+16,4.78998E+16
68983,68984,9,1,85,158,2016,5,15,3,3,8,7,0,0,0,0,0,1,0,0,6.61078E+20,5.38375E+21,1.11843E+16,4.85861E+16
68984,68985,9,6,74,130,2016,5,19,2,2,5,3,0,0,0,1,0,1,0,0,6.30404E+20,5.5524E+21,1.08238E+16,5.01095E+16
68985,68986,9,1,87,177,2016,4,16,6,2,5,3,0,0,0,1,0,1,0,0,7.38154E+20,5.30496E+21,1.21838E+16,4.78538E+16
68986,68987,9,7,79,197,2016,4,13,6,1,5,3,0,0,0,1,0,0,0,1,6.16302E+20,5.42188E+21,1.05882E+16,4.89389E+16
68987,68988,9,3,63,0,2016,4,16,6,2,8,1,0,0,0,0,0,1,0,0,7.30947E+20,5.50545E+21,1.22001E+16,4.96573E+16
68988,68989,9,4,73,144,2016,5,18,1,2,5,3,0,0,1,1,0,0,0,0,6.39037E+20,5.57456E+21,1.09526E+16,5.03067E+16
68989,68990,9,1,85,153,2016,4,18,6,2,4,6,0,0,0,1,0,1,0,1,6.55474E+20,5.40617E+21,1.11168E+16,4.87891E+16
68990,68991,9,7,63,0,2016,5,15,4,3,2,6,0,0,0,1,0,0,0,1,5.9833E+20,5.2863E+21,1.03112E+16,4.77226E+16
68991,68992,9,5,71,135,2016,5,17,4,2,4,2,0,0,1,1,0,0,0,0,6.22776E+20,5.47358E+21,1.06923E+16,4.94025E+16
68992,68993,9,6,71,143,2016,5,7,3,3,1,6,0,0,0,1,0,0,0,0,5.11244E+20,5.54769E+21,9.15716E+15,5.00814E+16
68993,68994,9,5,63,0,2016,5,1,1,2,0,7,2,0,1,0,0,0,0,0,6.4399E+20,5.48171E+21,1.09875E+16,4.94709E+16
68994,68995,9,1,86,122,2016,4,20,6,3,8,1,0,0,0,1,0,0,0,0,6.95071E+20,5.39767E+21,1.16513E+16,4.87016E+16
68995,68996,9,7,64,0,2016,5,8,4,3,3,6,0,1,1,1,0,0,0,0,5.87471E+20,5.31473E+21,1.01722E+16,4.79799E+16
68996,68997,9,5,64,0,2016,5,10,4,3,5,3,0,0,1,0,0,1,0,0,6.47626E+20,5.47941E+21,1.10368E+16,4.94494E+16
68997,68998,9,6,74,163,2016,5,6,3,3,0,7,1,0,0,1,0,0,0,0,6.0422E+20,5.53626E+21,1.04533E+16,4.99696E+16
68998,68999,9,5,63,0,2016,5,21,4,3,2,6,2,0,0,1,0,0,0,0,6.42767E+20,5.48283E+21,1.0971E+16,4.94813E+16
68999,69000,9,1,73,133,2016,5,18,4,3,8,1,0,0,0,0,0,1,0,0,6.76993E+20,5.27822E+21,1.13561E+16,4.76332E+16
69000,69001,9,1,89,157,2016,4,12,7,3,2,6,0,0,0,1,0,0,0,0,7.6586E+20,5.32592E+21,1.25664E+16,4.80311E+16
69001,69002,9,2,77,116,2016,5,11,1,2,5,3,0,0,0,1,0,0,0,0,7.78743E+20,5.36969E+21,1.27676E+16,4.84187E+16
69002,69003,9,1,77,131,2016,5,7,4,3,2,6,0,0,0,1,0,0,0,0,7.1013E+20,5.34763E+21,1.18306E+16,4.82471E+16
69003,69004,9,3,76,163,2016,5,7,2,3,3,6,0,0,0,1,0,0,0,0,7.28469E+20,5.47534E+21,1.21484E+16,4.93879E+16
69004,69005,9,1,81,113,2016,5,12,2,3,9,1,0,0,0,1,0,0,0,0,6.38096E+20,5.30794E+21,1.08481E+16,4.79099E+16
69005,69006,9,1,73,115,2016,5,0,5,3,9,1,2,0,0,1,0,0,0,0,6.8123E+20,5.2889E+21,1.14169E+16,4.7728E+16
69006,69007,9,1,62,0,2016,5,16,2,2,5,2,0,0,1,1,0,0,0,0,6.94713E+20,5.33414E+21,1.1617E+16,4.81307E+16
69007,69008,9,5,76,127,2016,5,4,2,3,6,7,2,0,0,1,1,0,0,0,6.64591E+20,5.44731E+21,1.12574E+16,4.91565E+16
69008,69009,9,1,79,134,2016,5,12,5,2,9,1,0,0,0,1,0,0,0,0,6.6559E+20,5.34419E+21,1.12298E+16,4.82293E+16
69009,69010,9,1,63,0,2016,5,5,1,2,5,3,1,0,0,1,0,0,0,0,7.33674E+20,5.30503E+21,1.2124E+16,4.78561E+16