FID,OBJECTID,ULAND,UREGBEZ,UKREIS,UGEMEINDE,UJAHR,UMONAT,USTUNDE,UWOCHENTAG,UKATEGORIE,UART,UTYP1,ULICHTVERH,IstStrasse,IstRad,IstPKW,IstFuss,IstKrad,IstGkfz,IstSonstig,LINREFX,LINREFY,XGCSWGS84,YGCSWGS84
69010,69011,9,1,86,147,2016,4,13,6,2,3,6,0,0,0,1,0,1,0,0,6.80495E+20,5.39237E+21,1.14511E+16,4.86583E+16
69011,69012,9,7,62,0,2016,5,15,4,3,2,6,0,0,0,0,0,1,0,1,6.20561E+20,5.30533E+21,1.06128E+16,4.789E+16
69012,69013,9,5,61,0,2016,5,15,4,3,5,2,0,0,1,1,0,0,0,0,6.14295E+20,5.46262E+21,1.05723E+16,4.93056E+16
69013,69014,9,5,61,0,2016,4,14,7,3,0,6,0,0,0,1,0,0,0,0,6.16262E+20,5.4631E+21,1.05995E+16,4.93096E+16
69014,69015,9,5,64,0,2016,5,13,3,3,2,6,0,0,0,1,0,0,0,0,6.47411E+20,5.47544E+21,1.10323E+16,4.94137E+16
69015,69016,9,1,82,124,2016,4,16,7,3,0,6,0,0,0,0,0,1,0,0,7.07082E+20,5.28411E+21,1.1759E+16,4.76772E+16
69016,69017,9,2,63,0,2016,5,13,3,3,0,1,0,0,1,0,0,0,0,0,7.61973E+20,5.42095E+21,1.25738E+16,4.88861E+16
69017,69018,9,5,77,162,2016,5,16,2,2,2,6,0,0,1,1,0,0,0,0,6.22434E+20,5.42032E+21,1.06714E+16,4.89237E+16
69018,69019,9,2,61,0,2016,5,16,2,3,0,7,0,0,0,0,0,0,0,1,7.32397E+20,5.38058E+21,1.21483E+16,4.85352E+16
69019,69020,9,6,76,116,2016,4,12,6,2,0,6,0,0,0,1,0,0,0,0,5.1978E+20,5.50819E+21,9.27444E+15,4.97259E+16
69020,69021,9,7,78,115,2016,5,3,1,3,8,7,2,0,0,1,0,0,0,0,5.90084E+20,5.33195E+21,1.02108E+16,4.81344E+16
69021,69022,9,2,71,119,2016,4,10,6,3,2,6,0,0,0,1,0,0,0,1,7.93748E+20,5.41216E+21,1.3E+16,4.8793E+16
69022,69023,9,1,72,129,2016,4,13,7,3,9,1,0,0,0,0,0,1,0,0,7.91174E+20,5.28112E+21,1.28751E+16,4.7618E+16
69023,69024,9,3,75,165,2016,5,17,3,3,2,6,0,0,0,1,0,0,0,0,7.26394E+20,5.4368E+21,1.20981E+16,4.90424E+16
69024,69025,9,1,90,157,2016,5,15,1,2,5,3,0,1,1,1,0,0,0,0,6.60104E+20,5.30004E+21,1.11395E+16,4.78337E+16
69025,69026,9,7,78,158,2016,5,19,2,3,3,2,0,0,0,1,0,0,0,1,6.07972E+20,5.33674E+21,1.04524E+16,4.81747E+16
69026,69027,9,1,62,0,2016,5,18,3,3,1,6,0,1,0,1,0,1,0,0,6.95247E+20,5.33131E+21,1.16228E+16,4.81051E+16
69027,69028,9,3,61,0,2016,5,16,2,3,0,1,0,0,0,0,0,1,0,0,7.06358E+20,5.48063E+21,1.18468E+16,4.94433E+16
69028,69029,9,6,79,138,2016,4,12,6,3,2,5,0,0,0,1,0,0,0,1,5.68512E+20,5.49617E+21,9.94841E+15,4.96142E+16
69029,69030,9,1,77,137,2016,5,18,2,3,5,3,0,0,1,1,0,0,0,0,7.34544E+20,5.34897E+21,1.21597E+16,4.82505E+16
69030,69031,9,3,72,153,2016,4,6,6,3,2,6,0,0,0,1,0,0,0,0,7.58838E+20,5.45782E+21,1.25547E+16,4.92184E+16
69031,69032,9,1,82,119,2016,5,4,5,3,8,7,2,0,0,0,0,1,0,0,7.12346E+20,5.29311E+21,1.18334E+16,4.77564E+16
69032,69033,9,1,88,141,2016,4,9,6,3,6,6,0,0,0,1,1,0,0,0,6.70416E+20,5.3089E+21,1.12807E+16,4.79108E+16
69033,69034,9,5,75,150,2016,5,10,2,3,2,2,0,0,0,1,0,0,0,1,6.1553E+20,5.49937E+21,1.06E+16,4.96358E+16
69034,69035,9,1,81,114,2016,5,19,5,3,6,6,0,0,0,1,1,0,0,0,6.5703E+20,5.31265E+21,1.1103E+16,4.79479E+16
69035,69036,9,2,73,113,2016,5,14,5,3,4,6,0,0,0,1,0,1,0,0,6.9627E+20,5.39953E+21,1.16685E+16,4.87179E+16
69036,69037,9,1,85,118,2016,5,14,1,3,8,6,0,0,0,1,0,0,0,0,6.63738E+20,5.40264E+21,1.12278E+16,4.87552E+16
69037,69038,9,1,88,139,2016,4,7,6,3,6,4,0,0,0,1,1,0,0,0,6.74441E+20,5.31858E+21,1.13384E+16,4.79967E+16
69038,69039,9,1,89,113,2016,5,17,4,3,5,3,0,0,0,1,0,0,0,0,7.69476E+20,5.30068E+21,1.2599E+16,4.7803E+16
69039,69040,9,7,61,0,2016,5,13,4,3,6,4,0,0,0,1,1,0,0,0,6.44055E+20,5.35759E+21,1.09446E+16,4.8355E+16
69040,69041,9,4,74,154,2016,5,17,4,3,4,2,0,0,0,1,0,0,0,0,6.54022E+20,5.49779E+21,1.11321E+16,4.9613E+16
69041,69042,9,7,75,139,2016,4,16,7,3,3,6,0,0,0,1,0,0,0,0,5.76667E+20,5.36738E+21,1.00369E+16,4.84549E+16
69042,69043,9,6,73,129,2016,4,7,7,2,9,1,0,0,0,1,0,1,0,0,5.81652E+20,5.59536E+21,1.01514E+16,5.05045E+16
69043,69044,9,4,77,148,2016,4,8,7,3,8,1,0,0,0,1,0,0,0,0,6.84607E+20,5.56884E+21,1.15891E+16,5.02429E+16
69044,69045,9,5,77,172,2016,5,10,3,2,8,7,0,0,0,1,0,0,0,0,6.32523E+20,5.43799E+21,1.08148E+16,4.90805E+16
69045,69046,9,2,74,184,2016,4,18,6,3,2,6,0,0,0,1,0,0,0,0,7.46301E+20,5.37238E+21,1.23315E+16,4.84563E+16
69046,69047,9,2,78,148,2016,4,10,7,3,5,3,0,0,0,1,0,0,0,0,7.38848E+20,5.40769E+21,1.22512E+16,4.87763E+16
69047,69048,9,1,81,130,2016,4,8,7,3,5,2,0,0,0,1,0,0,0,0,6.42256E+20,5.32457E+21,1.09092E+16,4.80585E+16
69048,69049,9,2,74,126,2016,5,21,3,3,4,2,2,1,0,1,0,0,0,0,7.33402E+20,5.38264E+21,1.21631E+16,4.85534E+16
69049,69050,9,7,72,200,2016,5,18,2,2,0,1,0,0,0,0,0,1,0,0,6.30583E+20,5.33978E+21,1.07573E+16,4.81978E+16
69050,69051,9,1,71,129,2016,5,17,2,3,2,6,0,1,0,1,0,0,0,0,7.7536E+20,5.35404E+21,1.27118E+16,4.82796E+16
69051,69052,9,1,75,133,2016,4,13,7,3,5,3,0,0,1,1,0,0,0,0,7.05901E+20,5.34044E+21,1.17702E+16,4.81838E+16
69052,69053,9,5,76,127,2016,4,16,6,3,3,6,0,0,0,1,0,0,0,0,6.65253E+20,5.44677E+21,1.12663E+16,4.91515E+16
69053,69054,9,5,71,175,2016,4,18,6,3,2,6,0,0,0,1,0,0,0,0,6.21197E+20,5.4575E+21,1.06657E+16,4.92583E+16
69054,69055,9,5,63,0,2016,4,17,5,3,1,6,0,0,0,1,0,0,0,0,6.44096E+20,5.48279E+21,1.09894E+16,4.94807E+16
69055,69056,9,6,75,174,2016,5,14,1,3,5,3,0,0,0,1,0,1,0,0,5.93475E+20,5.522E+21,1.03001E+16,4.98431E+16
69056,69057,9,2,77,128,2016,4,16,6,3,5,3,0,0,1,1,0,0,0,0,7.967E+20,5.35254E+21,1.29977E+16,4.82565E+16
69057,69058,9,1,88,126,2016,4,16,6,2,5,3,0,0,0,1,0,1,0,0,6.60072E+20,5.32584E+21,1.11487E+16,4.80657E+16
69058,69059,9,1,62,0,2016,5,13,4,3,4,2,0,0,0,1,0,0,0,0,6.82479E+20,5.33555E+21,1.14533E+16,4.8147E+16
69059,69060,9,2,77,144,2016,5,16,5,3,8,7,0,0,0,0,0,1,0,0,7.84155E+20,5.37893E+21,1.28469E+16,4.84991E+16
69060,69061,9,7,79,126,2016,5,12,3,2,3,6,0,0,0,0,0,1,1,0,6.3452E+20,5.40638E+21,1.08317E+16,4.87959E+16
69061,69062,9,1,81,114,2016,4,16,6,2,9,7,0,0,0,1,0,0,0,0,6.51686E+20,5.31208E+21,1.10313E+16,4.79441E+16
69062,69063,9,1,62,0,2016,5,19,5,3,3,6,0,0,0,1,0,0,0,0,6.85225E+20,5.34266E+21,1.14933E+16,4.82101E+16
69063,69064,9,2,75,153,2016,5,15,5,2,9,1,0,0,0,0,0,1,0,0,8.45486E+20,5.38969E+21,1.36835E+16,4.85649E+16
69064,69065,9,7,80,139,2016,5,21,3,3,0,1,2,1,0,1,0,0,0,0,5.95759E+20,5.26253E+21,1.02717E+16,4.75091E+16
69065,69066,9,1,81,114,2016,5,13,1,3,4,2,0,1,0,1,0,0,0,0,6.57051E+20,5.31266E+21,1.11033E+16,4.79479E+16
69066,69067,9,1,87,162,2016,5,10,4,3,5,3,0,0,1,0,0,0,0,1,7.50195E+20,5.30527E+21,1.23447E+16,4.78521E+16
69067,69068,9,6,78,193,2016,5,19,4,3,1,6,0,0,0,1,0,0,0,0,5.73758E+20,5.53387E+21,1.00282E+16,4.99526E+16
69068,69069,9,3,75,180,2016,5,17,4,3,3,6,0,0,0,1,0,1,0,0,7.2422E+20,5.4292E+21,1.20642E+16,4.89749E+16
69069,69070,9,7,80,146,2016,4,9,7,3,8,1,0,0,0,1,0,0,0,0,5.92063E+20,5.28557E+21,1.02275E+16,4.7717E+16
69070,69071,9,5,76,151,2016,4,12,7,3,3,3,0,0,0,1,0,0,0,0,6.56452E+20,5.4708E+21,1.11551E+16,4.93698E+16
69071,69072,9,4,71,208,2016,4,19,7,3,0,1,0,0,0,0,0,1,0,0,6.27078E+20,5.52625E+21,1.07686E+16,4.98752E+16
69072,69073,9,1,79,134,2016,5,17,4,3,4,6,0,0,0,1,0,0,0,0,6.68862E+20,5.34572E+21,1.12744E+16,4.82422E+16
69073,69074,9,4,76,164,2016,5,19,3,3,4,6,0,0,0,1,0,0,0,0,6.635E+20,5.57987E+21,1.12981E+16,5.03482E+16
69074,69075,9,4,64,0,2016,5,20,2,2,5,2,0,0,0,1,0,1,0,0,7.04604E+20,5.57719E+21,1.18737E+16,5.03113E+16
69075,69076,9,2,61,0,2016,4,7,6,3,1,6,1,0,0,1,0,0,0,0,7.34725E+20,5.38181E+21,1.21805E+16,4.85454E+16
69076,69077,9,2,75,116,2016,4,18,7,3,8,6,0,0,0,1,0,0,0,0,8.16279E+20,5.36154E+21,1.32675E+16,4.83278E+16
69077,69078,9,1,89,162,2016,5,16,3,3,2,6,0,1,0,1,0,1,0,0,7.7907E+20,5.31541E+21,1.27364E+16,4.79311E+16
69078,69079,9,6,77,148,2016,5,20,2,3,2,6,1,0,0,1,0,1,0,0,5.57004E+20,5.53275E+21,9.79448E+15,4.99443E+16
69079,69080,9,1,85,149,2016,5,11,2,3,5,3,0,0,0,1,0,0,0,0,6.58669E+20,5.39963E+21,1.11577E+16,4.87295E+16
69080,69081,9,1,62,0,2016,4,15,6,3,1,6,0,0,0,1,0,0,0,0,6.88928E+20,5.34013E+21,1.1542E+16,4.81863E+16
69081,69082,9,4,77,128,2016,4,10,6,2,6,3,0,0,0,0,1,0,0,1,6.72783E+20,5.55162E+21,1.14156E+16,5.00916E+16
69082,69083,9,5,64,0,2016,4,15,5,3,2,6,0,1,0,1,0,0,1,0,6.53806E+20,5.48383E+21,1.11237E+16,4.94876E+16
69083,69084,9,6,76,119,2016,5,16,1,3,8,6,0,0,0,0,0,1,0,0,5.25444E+20,5.50461E+21,9.3528E+15,4.96935E+16
69084,69085,9,2,75,116,2016,4,6,6,3,4,7,0,0,0,1,0,0,0,0,8.20951E+20,5.36695E+21,1.33344E+16,4.8374E+16
69085,69086,9,1,74,131,2016,4,7,6,3,8,1,0,0,0,1,0,0,0,0,6.72282E+20,5.3621E+21,1.13271E+16,4.83885E+16
69086,69087,9,7,75,135,2016,5,7,4,3,1,6,0,0,0,1,0,0,0,0,5.73739E+20,5.35802E+21,9.99569E+15,4.83711E+16
69087,69088,9,6,63,0,2016,5,19,3,3,2,6,0,0,0,1,0,1,0,0,5.67788E+20,5.5167E+21,9.94196E+15,4.9799E+16
69088,69089,9,5,62,0,2016,5,13,4,3,4,2,0,0,0,1,0,0,0,0,6.44261E+20,5.49084E+21,1.09946E+16,4.95529E+16
69089,69090,9,2,73,172,2016,5,9,4,3,5,3,0,0,0,1,0,0,0,0,7.08495E+20,5.40482E+21,1.18372E+16,4.87614E+16
69090,69091,9,3,73,155,2016,5,2,1,3,8,7,2,0,0,1,0,0,0,0,6.69682E+20,5.46088E+21,1.13329E+16,4.92771E+16
69091,69092,9,1,78,133,2016,5,20,4,2,0,6,1,0,0,1,0,1,0,0,6.86495E+20,5.36926E+21,1.15221E+16,4.84489E+16
69092,69093,9,3,74,149,2016,5,17,2,3,8,1,0,0,0,1,0,0,0,0,7.10447E+20,5.51543E+21,1.19218E+16,4.97544E+16
69093,69094,9,1,81,127,2016,5,8,2,3,8,7,0,0,0,0,0,0,1,0,6.33068E+20,5.32232E+21,1.07853E+16,4.80403E+16
69094,69095,9,1,90,126,2016,5,17,5,3,5,3,0,0,0,1,0,0,0,0,6.70663E+20,5.28833E+21,1.12759E+16,4.77258E+16
69095,69096,9,1,76,165,2016,5,15,3,3,5,3,0,0,0,1,0,1,0,0,6.66739E+20,5.42309E+21,1.12769E+16,4.89383E+16
69096,69097,9,1,86,162,2016,5,19,4,3,2,6,0,0,0,1,0,0,0,0,6.90424E+20,5.38435E+21,1.15821E+16,4.85833E+16
69097,69098,9,6,62,0,2016,5,17,4,3,2,6,0,0,0,1,0,0,0,1,5.87291E+20,5.5443E+21,1.02192E+16,5.00446E+16
69098,69099,9,2,78,134,2016,5,16,4,2,9,7,0,0,0,0,0,0,0,1,7.69943E+20,5.43325E+21,1.26905E+16,4.8993E+16
69099,69100,9,7,73,125,2016,4,14,7,3,8,1,0,0,0,1,0,0,0,0,6.09287E+20,5.38391E+21,1.04823E+16,4.85987E+16
69100,69101,9,4,74,132,2016,5,10,1,3,8,1,0,0,0,0,0,1,0,0,6.59722E+20,5.50353E+21,1.12133E+16,4.96632E+16
69101,69102,9,5,64,0,2016,4,15,7,3,2,6,0,0,0,1,0,0,0,0,6.52621E+20,5.47684E+21,1.11047E+16,4.9425E+16
69102,69103,9,3,76,153,2016,4,14,7,3,1,7,0,0,0,1,0,0,0,0,7.28137E+20,5.48802E+21,1.21511E+16,4.95019E+16
69103,69104,9,1,81,114,2016,5,18,4,3,5,3,0,0,1,1,0,0,0,0,6.56648E+20,5.31533E+21,1.10989E+16,4.79721E+16
69104,69105,9,4,72,154,2016,5,21,2,3,0,7,2,0,0,1,0,0,0,0,6.66803E+20,5.53542E+21,1.13251E+16,4.99478E+16
69105,69106,9,2,61,0,2016,4,23,6,3,5,3,2,0,0,1,0,0,0,0,7.31656E+20,5.38222E+21,1.21392E+16,4.85502E+16
69106,69107,9,2,61,0,2016,4,15,7,3,4,7,0,0,1,0,0,0,0,0,7.31537E+20,5.38216E+21,1.21376E+16,4.85498E+16
69107,69108,9,1,61,0,2016,5,5,3,2,4,6,2,0,1,0,0,0,0,0,6.7493E+20,5.40537E+21,1.13811E+16,4.87767E+16
69108,69109,9,6,73,153,2016,5,20,2,2,8,1,0,0,0,0,0,1,0,0,5.87902E+20,5.58949E+21,1.02382E+16,5.04509E+16
69109,69110,9,7,80,124,2016,4,13,6,3,0,3,0,0,0,1,0,1,0,0,5.9114E+20,5.2681E+21,1.02115E+16,4.75599E+16
69110,69111,9,4,61,0,2016,4,16,6,3,0,7,0,0,0,0,0,1,0,0,6.33309E+20,5.52968E+21,1.08565E+16,4.99046E+16
69111,69112,9,5,73,127,2016,5,6,1,3,0,1,1,0,0,0,0,1,0,0,6.46579E+20,5.47589E+21,1.1021E+16,4.9418E+16
69112,69113,9,1,62,0,2016,4,15,6,3,5,6,0,0,0,1,0,0,1,0,6.84763E+20,5.34253E+21,1.1487E+16,4.82091E+16
69113,69114,9,7,74,150,2016,5,19,4,2,5,3,0,0,1,1,0,0,0,0,6.01919E+20,5.34346E+21,1.03726E+16,4.82362E+16
69114,69115,9,5,73,120,2016,5,17,4,2,9,1,0,0,0,0,0,1,0,0,6.30874E+20,5.48089E+21,1.08063E+16,4.94666E+16
69115,69116,9,6,73,117,2016,5,12,3,3,8,7,0,0,0,1,0,0,0,0,5.71143E+20,5.58474E+21,1.00013E+16,5.04104E+16
69116,69117,9,1,89,154,2016,4,17,7,2,8,1,0,0,0,0,0,1,0,0,7.68712E+20,5.31497E+21,1.25977E+16,4.79316E+16
69117,69118,9,3,63,0,2016,5,8,3,3,5,3,0,0,0,1,0,0,0,1,7.30048E+20,5.50767E+21,1.21889E+16,4.96776E+16
69118,69119,9,2,79,122,2016,5,16,1,3,0,1,0,1,0,0,0,1,0,0,7.71975E+20,5.39772E+21,1.26946E+16,4.86732E+16
69119,69120,9,1,77,115,2016,5,5,4,3,3,6,0,0,0,1,0,0,0,0,7.28152E+20,5.35338E+21,1.20761E+16,4.82924E+16
69120,69121,9,3,76,141,2016,5,14,2,3,5,3,0,0,0,1,0,0,0,0,7.25317E+20,5.45452E+21,1.20933E+16,4.9202E+16
69121,69122,9,7,72,134,2016,4,9,6,3,9,1,0,0,0,1,0,0,0,0,6.3099E+20,5.3838E+21,1.07765E+16,4.85935E+16
69122,69123,9,1,84,121,2016,5,12,2,2,9,1,0,0,0,0,0,0,1,0,7.05074E+20,5.33157E+21,1.17548E+16,4.81043E+16
69123,69124,9,1,72,116,2016,5,13,5,3,1,6,0,0,0,1,0,0,0,0,8.01082E+20,5.28349E+21,1.30083E+16,4.76347E+16
69124,69125,9,1,84,149,2016,5,15,2,3,1,6,0,0,0,1,0,0,0,1,6.92299E+20,5.34976E+21,1.15916E+16,4.82719E+16
69125,69126,9,5,74,132,2016,5,11,2,3,5,3,0,0,0,1,0,0,0,0,6.75388E+20,5.48688E+21,1.14228E+16,4.95092E+16
69126,69127,9,1,81,134,2016,5,15,5,1,5,2,0,0,1,1,0,0,0,0,6.42597E+20,5.33911E+21,1.09187E+16,4.81892E+16
69127,69128,9,1,87,179,2016,5,20,1,3,4,6,1,1,0,1,0,0,0,0,7.20434E+20,5.31864E+21,1.19542E+16,4.79831E+16
69128,69129,9,1,78,144,2016,4,17,6,3,4,2,0,0,0,1,0,0,0,0,7.07038E+20,5.37926E+21,1.18046E+16,4.85323E+16
69129,69130,9,5,62,0,2016,5,12,2,3,2,6,0,0,0,1,0,0,1,0,6.44396E+20,5.49623E+21,1.09984E+16,4.96014E+16
69130,69131,9,1,76,137,2016,5,15,5,3,2,6,0,0,0,1,0,1,0,0,6.78009E+20,5.42986E+21,1.14336E+16,4.89959E+16
69131,69132,9,7,73,112,2016,4,16,6,3,5,3,0,0,0,1,0,0,0,0,5.99278E+20,5.38701E+21,1.03473E+16,4.86283E+16
69132,69133,9,4,74,126,2016,5,20,1,3,3,6,2,0,0,1,0,0,0,0,6.49213E+20,5.50945E+21,1.10701E+16,4.9719E+16
69133,69134,9,1,84,114,2016,5,17,1,3,2,6,0,1,0,1,0,0,0,0,7.01203E+20,5.31445E+21,1.16948E+16,4.79517E+16
69134,69135,9,1,62,0,2016,4,19,5,2,0,1,0,0,0,0,0,1,0,0,6.78272E+20,5.33905E+21,1.13983E+16,4.81797E+16
69135,69136,9,7,63,0,2016,5,11,4,3,4,2,0,0,0,1,0,0,0,0,5.99323E+20,5.2848E+21,1.03241E+16,4.7709E+16
69136,69137,9,5,71,224,2016,5,22,4,2,5,3,2,0,1,0,0,0,1,0,6.01576E+20,5.43128E+21,1.03895E+16,4.9026E+16
69137,69138,9,5,62,0,2016,5,9,3,3,2,6,0,0,0,1,0,0,0,1,6.43795E+20,5.49404E+21,1.09893E+16,4.95818E+16
69138,69139,9,1,71,131,2016,4,11,7,3,1,6,0,0,0,1,0,1,0,0,7.68117E+20,5.34782E+21,1.26104E+16,4.82269E+16
69139,69140,9,3,72,116,2016,5,21,3,2,5,3,2,1,0,1,0,0,0,0,7.66651E+20,5.45624E+21,1.26608E+16,4.92009E+16
69140,69141,9,1,89,145,2016,5,17,1,3,2,6,0,0,0,1,0,0,0,1,7.79064E+20,5.29967E+21,1.27262E+16,4.77899E+16
69141,69142,9,7,80,118,2016,5,22,2,3,4,6,2,0,0,1,0,0,0,0,5.96416E+20,5.26641E+21,1.02813E+16,4.7544E+16
69142,69143,9,2,75,150,2016,5,14,2,2,9,1,0,0,0,1,0,0,0,0,8.33849E+20,5.39154E+21,1.35277E+16,4.85878E+16
69143,69144,9,6,78,124,2016,4,23,6,3,8,1,2,0,0,1,0,0,0,0,6.00472E+20,5.53454E+21,1.04006E+16,4.99548E+16
69144,69145,9,1,62,0,2016,5,15,1,3,4,6,0,1,0,1,0,0,0,0,6.95923E+20,5.34421E+21,1.16378E+16,4.82208E+16
69145,69146,9,3,73,159,2016,4,14,6,3,9,1,0,0,1,0,0,0,0,0,6.78174E+20,5.45735E+21,1.1448E+16,4.9243E+16
69146,69147,9,1,61,0,2016,5,2,5,3,6,4,2,0,0,1,1,0,0,0,6.79339E+20,5.4009E+21,1.14391E+16,4.87353E+16
69147,69148,9,1,84,149,2016,4,16,5,3,5,3,0,0,0,1,0,0,0,0,6.90114E+20,5.35019E+21,1.15624E+16,4.82764E+16
69148,69149,9,1,81,115,2016,5,13,5,2,5,3,0,0,0,1,0,1,0,0,6.56256E+20,5.32668E+21,1.10978E+16,4.80742E+16
69149,69150,9,2,74,188,2016,5,22,5,3,8,1,2,0,1,0,0,0,0,0,7.48968E+20,5.39499E+21,1.23811E+16,4.86583E+16
69150,69151,9,1,76,114,2016,5,20,1,2,2,2,1,0,0,1,0,1,0,0,6.84977E+20,5.43681E+21,1.1532E+16,4.90563E+16
69151,69152,9,1,84,119,2016,4,7,5,3,3,6,0,0,0,1,0,0,0,0,6.96384E+20,5.34658E+21,1.16452E+16,4.8242E+16
69152,69153,9,1,87,142,2016,5,12,4,3,2,2,0,1,0,1,0,0,0,0,7.34001E+20,5.31269E+21,1.21325E+16,4.79247E+16
69153,69154,9,6,75,150,2016,5,17,4,3,9,1,0,0,0,1,0,0,0,0,5.82528E+20,5.50042E+21,1.01433E+16,4.96507E+16
69154,69155,9,4,61,0,2016,5,18,4,3,2,6,0,0,0,1,0,1,0,0,6.37885E+20,5.52933E+21,1.09201E+16,4.99004E+16
69155,69156,9,7,78,118,2016,4,13,7,3,2,6,0,0,0,1,0,1,0,0,5.94473E+20,5.31196E+21,1.02654E+16,4.7954E+16
69156,69157,9,6,78,183,2016,4,17,7,3,1,1,0,0,0,1,0,1,0,0,5.96118E+20,5.5335E+21,1.03397E+16,4.99461E+16
69157,69158,9,4,74,126,2016,4,10,7,3,2,2,0,0,0,1,0,0,0,0,6.48963E+20,5.50721E+21,1.10657E+16,4.96989E+16
69158,69159,9,1,76,123,2016,5,13,4,3,9,1,0,0,0,1,0,0,0,0,6.59054E+20,5.41967E+21,1.11707E+16,4.89095E+16
69159,69160,9,5,61,0,2016,5,7,3,3,5,3,0,0,0,1,0,0,0,0,6.16405E+20,5.46134E+21,1.06009E+16,4.92937E+16
69160,69161,9,2,61,0,2016,4,13,6,3,4,2,0,0,0,1,0,0,0,0,7.33058E+20,5.38107E+21,1.21575E+16,4.85394E+16
69161,69162,9,2,71,119,2016,4,19,7,3,3,6,0,0,1,1,0,0,0,0,7.89061E+20,5.41343E+21,1.29372E+16,4.88066E+16
69162,69163,9,1,78,140,2016,4,17,7,3,8,1,0,0,0,1,0,0,0,1,7.07146E+20,5.36349E+21,1.17982E+16,4.83905E+16
69163,69164,9,2,73,137,2016,5,9,3,3,2,6,0,0,0,1,0,0,0,0,7.11958E+20,5.4226E+21,1.18934E+16,4.892E+16
69164,69165,9,6,79,180,2016,5,7,2,3,5,3,0,0,0,1,0,0,0,0,5.6941E+20,5.52257E+21,9.96555E+15,4.98516E+16
69165,69166,9,7,79,203,2016,5,12,4,3,0,3,0,0,0,1,0,1,0,0,6.11893E+20,5.40878E+21,1.05244E+16,4.88219E+16
69166,69167,9,4,64,0,2016,5,15,4,3,2,6,0,0,0,1,0,0,1,0,7.07654E+20,5.57652E+21,1.19161E+16,5.03042E+16
69167,69168,9,1,84,118,2016,4,12,7,3,5,3,0,0,1,1,0,0,0,0,7.03097E+20,5.33609E+21,1.17304E+16,4.81456E+16
69168,69169,9,7,61,0,2016,4,13,7,2,4,2,0,0,0,1,0,1,0,0,6.39594E+20,5.36089E+21,1.08855E+16,4.83857E+16
69169,69170,9,4,79,147,2016,4,4,7,3,2,6,2,0,0,1,0,0,0,0,7.29568E+20,5.55296E+21,1.22092E+16,5.00845E+16
69170,69171,9,5,73,114,2016,5,6,3,2,5,3,0,0,0,1,0,1,0,0,6.34547E+20,5.48228E+21,1.08574E+16,4.94783E+16
69171,69172,9,2,78,141,2016,4,14,7,3,8,1,0,0,0,1,0,0,0,0,7.56907E+20,5.42991E+21,1.25105E+16,4.89687E+16
69172,69173,9,1,76,138,2016,4,13,7,2,8,1,0,0,0,0,0,1,0,0,6.73844E+20,5.42538E+21,1.13748E+16,4.89569E+16
69173,69174,9,2,72,142,2016,5,18,3,3,2,1,0,0,0,1,0,0,0,0,8.21838E+20,5.40984E+21,1.33796E+16,4.87583E+16
69174,69175,9,7,73,139,2016,5,14,2,3,2,6,0,0,0,1,0,0,0,1,6.1785E+20,5.3842E+21,1.05985E+16,4.85998E+16
69175,69176,9,2,73,166,2016,5,13,2,2,5,3,0,0,0,1,0,0,0,0,7.14037E+20,5.41583E+21,1.19182E+16,4.88585E+16
69176,69177,9,6,71,143,2016,4,16,6,3,2,6,0,0,0,1,0,0,0,0,5.13923E+20,5.54471E+21,9.19449E+15,5.00545E+16
69177,69178,9,5,74,150,2016,4,14,6,3,5,3,0,0,0,1,0,0,0,1,6.71242E+20,5.48734E+21,1.13658E+16,4.95145E+16
69178,69179,9,7,71,176,2016,5,0,1,3,8,1,2,0,0,1,0,0,0,0,6.44996E+20,5.38238E+21,1.09659E+16,4.85777E+16
69179,69180,9,2,76,134,2016,4,18,6,3,2,2,0,0,0,1,0,0,0,1,7.92923E+20,5.43605E+21,1.30059E+16,4.90077E+16
69180,69181,9,7,64,0,2016,4,10,5,3,2,6,0,0,0,1,0,0,1,0,5.85901E+20,5.31529E+21,1.01512E+16,4.79851E+16
69181,69182,9,1,77,130,2016,5,12,5,3,5,3,0,0,1,1,0,0,0,0,7.09725E+20,5.35085E+21,1.18267E+16,4.82761E+16
69182,69183,9,2,77,122,2016,5,10,5,3,2,6,0,0,0,1,0,1,0,0,7.6812E+20,5.36191E+21,1.26194E+16,4.83533E+16
69183,69184,9,7,77,140,2016,5,7,3,3,5,2,0,0,0,1,0,0,0,1,6.29257E+20,5.31738E+21,1.07327E+16,4.79966E+16
69184,69185,9,1,78,124,2016,5,12,1,3,2,6,0,0,0,1,0,0,0,0,7.00723E+20,5.35794E+21,1.17089E+16,4.83427E+16
69185,69186,9,1,82,137,2016,5,14,4,3,5,3,0,0,1,1,0,0,0,0,7.09383E+20,5.30437E+21,1.17994E+16,4.78585E+16
69186,69187,9,6,73,151,2016,5,20,4,2,0,6,1,0,1,0,0,0,0,0,5.89722E+20,5.58268E+21,1.02622E+16,5.03894E+16
69187,69188,9,3,61,0,2016,5,13,4,3,5,3,0,0,0,1,0,1,0,0,7.08176E+20,5.47972E+21,1.18714E+16,4.94345E+16
69188,69189,9,7,76,115,2016,4,12,7,3,1,3,0,0,1,1,0,0,0,0,5.58113E+20,5.27377E+21,9.77331E+15,4.76147E+16
69189,69190,9,5,74,138,2016,4,10,7,3,2,6,0,0,1,1,0,0,0,0,6.64467E+20,5.48645E+21,1.12719E+16,4.95083E+16