FID,OBJECTID,ULAND,UREGBEZ,UKREIS,UGEMEINDE,UJAHR,UMONAT,USTUNDE,UWOCHENTAG,UKATEGORIE,UART,UTYP1,ULICHTVERH,IstStrasse,IstRad,IstPKW,IstFuss,IstKrad,IstGkfz,IstSonstig,LINREFX,LINREFY,XGCSWGS84,YGCSWGS84
69190,69191,9,3,75,181,2016,4,19,7,3,4,6,0,0,0,1,0,0,0,1,7.19342E+20,5.43436E+21,1.20004E+16,4.90231E+16
69191,69192,9,1,88,124,2016,5,13,4,3,5,3,0,0,0,1,0,0,0,0,6.61728E+20,5.31711E+21,1.11676E+16,4.79869E+16
69192,69193,9,4,73,170,2016,5,11,2,2,5,3,0,0,0,1,0,1,0,0,6.40159E+20,5.56222E+21,1.09637E+16,5.01956E+16
69193,69194,9,2,74,113,2016,4,6,6,3,4,2,0,0,0,1,0,0,0,0,7.28396E+20,5.38393E+21,1.2096E+16,4.85668E+16
69194,69195,9,2,74,183,2016,4,16,7,3,2,2,0,0,0,1,0,1,0,0,7.42077E+20,5.36282E+21,1.2269E+16,4.8372E+16
69195,69196,9,1,71,121,2016,5,23,3,3,8,1,2,1,0,1,0,0,0,0,7.75155E+20,5.34288E+21,1.27018E+16,4.81795E+16
69196,69197,9,6,72,139,2016,5,22,2,2,9,6,2,0,0,1,0,0,1,0,5.65393E+20,5.56278E+21,9.91652E+15,5.02135E+16
69197,69198,9,7,75,152,2016,4,13,6,2,0,1,0,0,0,0,0,1,0,0,5.77854E+20,5.35236E+21,1.00502E+16,4.83196E+16
69198,69199,9,4,71,195,2016,4,18,6,3,2,2,0,0,1,0,0,1,0,0,6.43253E+20,5.52556E+21,1.09934E+16,4.98653E+16
69199,69200,9,5,64,0,2016,4,16,5,3,2,6,0,0,0,1,0,0,0,0,6.47633E+20,5.47944E+21,1.10369E+16,4.94496E+16
69200,69201,9,5,72,164,2016,5,5,1,3,1,1,1,0,0,1,0,0,0,0,6.32243E+20,5.49703E+21,1.08306E+16,4.96113E+16
69201,69202,9,7,74,185,2016,4,14,5,3,5,3,0,1,0,1,0,0,0,0,6.0881E+20,5.34857E+21,1.04667E+16,4.8281E+16
69202,69203,9,7,78,183,2016,5,14,4,3,5,3,0,0,0,1,0,0,0,0,6.07233E+20,5.32934E+21,1.04406E+16,4.81083E+16
69203,69204,9,5,64,0,2016,5,20,4,3,6,1,0,0,1,1,1,0,0,0,6.50024E+20,5.47721E+21,1.1069E+16,4.94291E+16
69204,69205,9,1,87,165,2016,5,8,2,3,5,3,0,1,0,1,0,0,1,0,7.31845E+20,5.29557E+21,1.20945E+16,4.77718E+16
69205,69206,9,1,75,121,2016,4,14,7,2,5,2,0,0,1,1,0,0,0,0,7.14158E+20,5.31881E+21,1.18703E+16,4.79867E+16
69206,69207,9,5,62,0,2016,4,14,6,3,2,6,0,0,0,1,0,0,0,0,6.44768E+20,5.49544E+21,1.10033E+16,4.95942E+16
69207,69208,9,4,75,142,2016,4,13,6,2,9,1,0,0,0,1,0,0,0,0,7.01736E+20,5.57038E+21,1.18299E+16,5.0251E+16
69208,69209,9,5,77,148,2016,4,6,5,2,3,6,1,0,1,1,0,0,0,0,6.41461E+20,5.41746E+21,1.093E+16,4.88939E+16
69209,69210,9,6,62,0,2016,5,11,1,3,3,6,0,0,0,1,0,0,0,0,5.85443E+20,5.54165E+21,1.01928E+16,5.0021E+16
69210,69211,9,2,77,138,2016,4,21,6,3,5,3,2,0,0,1,0,1,0,0,7.90083E+20,5.37505E+21,1.29242E+16,4.84616E+16
69211,69212,9,7,75,118,2016,4,16,5,3,0,7,0,0,0,1,0,0,0,0,5.86928E+20,5.34525E+21,1.01711E+16,4.82545E+16
69212,69213,9,1,62,0,2016,5,19,4,3,2,6,0,0,0,1,0,0,0,0,6.96968E+20,5.32938E+21,1.1645E+16,4.80873E+16
69213,69214,9,2,74,124,2016,5,21,5,3,2,6,2,0,0,1,0,0,0,1,7.24981E+20,5.37761E+21,1.20464E+16,4.85112E+16
69214,69215,9,7,72,200,2016,5,18,3,2,9,1,0,0,0,1,0,0,0,0,6.24432E+20,5.34129E+21,1.0675E+16,4.82126E+16
69215,69216,9,1,85,158,2016,5,13,4,3,5,3,0,0,1,1,0,0,0,0,6.66244E+20,5.38146E+21,1.12533E+16,4.85641E+16
69216,69217,9,6,71,111,2016,5,16,4,3,1,6,0,0,0,1,0,0,0,1,5.03149E+20,5.54831E+21,9.04402E+15,5.0087E+16
69217,69218,9,2,75,111,2016,5,17,4,3,4,6,0,1,0,1,0,0,0,0,8.15832E+20,5.40152E+21,1.32917E+16,4.86867E+16
69218,69219,9,7,61,0,2016,4,12,7,3,1,6,0,0,1,1,0,0,0,0,6.3836E+20,5.35528E+21,1.0867E+16,4.83355E+16
69219,69220,9,3,63,0,2016,5,18,1,3,8,1,0,0,0,1,0,0,0,0,7.27246E+20,5.50409E+21,1.21481E+16,4.96465E+16
69220,69221,9,5,77,161,2016,4,5,7,3,7,7,2,0,0,1,0,0,0,0,6.45199E+20,5.44178E+21,1.09897E+16,4.91117E+16
69221,69222,9,3,71,129,2016,4,11,7,3,0,7,0,0,0,1,0,0,0,0,7.05765E+20,5.46353E+21,1.18298E+16,4.92898E+16
69222,69223,9,1,74,113,2016,5,21,4,2,5,3,2,0,0,1,0,0,0,0,6.76983E+20,5.34648E+21,1.1384E+16,4.82468E+16
69223,69224,9,3,63,0,2016,5,17,2,3,4,2,0,0,0,1,0,0,0,0,7.28184E+20,5.50833E+21,1.21635E+16,4.96842E+16
69224,69225,9,1,90,118,2016,4,15,6,2,5,3,0,0,0,1,0,1,0,0,6.3619E+20,5.29324E+21,1.0818E+16,4.77781E+16
69225,69226,9,1,90,157,2016,4,18,7,2,5,3,0,0,0,1,0,1,0,0,6.60537E+20,5.30089E+21,1.11456E+16,4.78413E+16
69226,69227,9,1,61,0,2016,5,11,2,3,2,6,0,0,0,1,0,0,0,0,6.79054E+20,5.40156E+21,1.14355E+16,4.87413E+16
69227,69228,9,2,73,152,2016,5,23,5,2,9,1,2,0,0,1,0,0,0,0,6.99832E+20,5.40622E+21,1.17201E+16,4.87768E+16
69228,69229,9,1,86,152,2016,5,17,3,3,2,6,0,0,0,1,0,0,0,0,6.91394E+20,5.38041E+21,1.15934E+16,4.85475E+16
69229,69230,9,6,74,149,2016,5,10,2,3,2,6,0,0,0,1,0,0,0,0,6.08797E+20,5.55026E+21,1.05211E+16,5.00946E+16
69230,69231,9,7,77,135,2016,4,6,6,2,4,6,0,0,0,1,0,0,0,0,6.23043E+20,5.27438E+21,1.06372E+16,4.76111E+16
69231,69232,9,3,74,168,2016,4,12,6,2,6,4,0,0,0,0,0,0,1,1,7.28957E+20,5.52203E+21,1.21823E+16,4.98069E+16
69232,69233,9,5,71,132,2016,5,4,1,2,9,1,2,0,0,1,0,0,0,0,6.03428E+20,5.44096E+21,1.04173E+16,4.91127E+16
69233,69234,9,7,63,0,2016,4,7,5,3,5,3,0,0,0,1,0,0,0,0,5.98402E+20,5.28472E+21,1.03118E+16,4.77084E+16
69234,69235,9,7,63,0,2016,5,22,4,2,9,1,2,0,0,1,0,0,0,0,5.97799E+20,5.28864E+21,1.03046E+16,4.77437E+16
69235,69236,9,5,73,125,2016,5,18,4,2,3,2,0,0,0,1,0,0,0,0,6.36995E+20,5.46995E+21,1.08869E+16,4.93669E+16
69236,69237,9,6,61,0,2016,5,14,3,3,1,5,0,0,0,1,0,0,0,0,5.10583E+20,5.53608E+21,9.1476E+15,4.9977E+16
69237,69238,9,1,72,111,2016,4,10,7,3,5,3,0,0,0,1,0,0,0,0,7.95898E+20,5.30466E+21,1.29538E+16,4.78271E+16
69238,69239,9,3,62,0,2016,5,13,3,3,5,3,0,0,0,1,0,0,0,1,7.27508E+20,5.43217E+21,1.21107E+16,4.90005E+16
69239,69240,9,1,84,132,2016,5,17,1,3,9,1,0,1,0,1,0,0,0,0,6.81078E+20,5.32289E+21,1.14291E+16,4.80336E+16
69240,69241,9,1,62,0,2016,5,17,2,3,1,3,0,0,1,1,0,0,0,0,6.92176E+20,5.3313E+21,1.15816E+16,4.81059E+16
69241,69242,9,1,84,127,2016,5,17,3,3,5,3,0,1,0,1,0,0,0,0,7.02285E+20,5.3217E+21,1.17127E+16,4.80165E+16
69242,69243,9,3,71,113,2016,5,17,2,3,5,3,0,0,0,1,0,0,0,0,6.89316E+20,5.50733E+21,1.16248E+16,4.96888E+16
69243,69244,9,6,78,192,2016,5,19,3,2,1,7,0,0,0,0,0,1,1,0,5.70679E+20,5.54845E+21,9.98795E+15,5.00841E+16
69244,69245,9,5,74,132,2016,5,23,4,1,6,4,2,0,0,1,1,0,0,0,6.73912E+20,5.48698E+21,1.14025E+16,4.95105E+16
69245,69246,9,1,73,130,2016,5,10,4,2,8,1,0,0,0,1,0,0,0,0,6.82475E+20,5.31587E+21,1.14449E+16,4.79701E+16
69246,69247,9,2,62,0,2016,5,14,1,3,3,6,0,0,0,1,0,0,0,0,8.28566E+20,5.39005E+21,1.34551E+16,4.85772E+16
69247,69248,9,1,77,120,2016,5,17,4,3,5,3,1,0,1,1,0,0,0,0,7.25012E+20,5.35878E+21,1.20367E+16,4.83421E+16
69248,69249,9,3,72,137,2016,5,13,2,3,5,3,0,0,0,1,0,0,1,0,7.80355E+20,5.45327E+21,1.28464E+16,4.91681E+16
69249,69250,9,1,80,112,2016,4,7,6,3,4,6,0,0,0,1,0,0,0,1,6.53783E+20,5.28139E+21,1.10485E+16,4.76676E+16
69250,69251,9,1,81,126,2016,5,19,2,3,5,3,0,0,0,1,0,0,0,0,6.36424E+20,5.33218E+21,1.08334E+16,4.81283E+16
69251,69252,9,1,73,134,2016,5,14,5,2,2,2,0,0,0,0,0,1,0,0,6.85954E+20,5.29989E+21,1.14845E+16,4.78255E+16
69252,69253,9,1,75,112,2016,5,17,3,3,2,1,0,1,0,1,0,0,0,1,7.24207E+20,5.3198E+21,1.20053E+16,4.79922E+16
69253,69254,9,5,74,123,2016,5,15,2,2,2,6,0,0,0,0,0,0,1,0,6.60027E+20,5.47392E+21,1.12055E+16,4.93969E+16
69254,69255,9,1,79,118,2016,5,22,5,3,0,7,2,0,1,0,0,0,0,0,6.72662E+20,5.33795E+21,1.13224E+16,4.81713E+16
69255,69256,9,1,87,116,2016,5,1,1,3,9,7,2,0,0,1,0,0,0,0,7.45483E+20,5.3291E+21,1.22954E+16,4.80679E+16
69256,69257,9,7,61,0,2016,4,21,5,3,4,2,2,0,0,1,0,0,0,0,6.44941E+20,5.35573E+21,1.09559E+16,4.83381E+16
69257,69258,9,7,76,129,2016,5,15,4,2,5,3,0,0,0,1,0,0,0,0,5.66103E+20,5.26785E+21,9.87873E+15,4.75607E+16
69258,69259,9,5,61,0,2016,5,13,4,3,5,3,0,0,0,1,0,0,0,0,6.15328E+20,5.46189E+21,1.05863E+16,4.92989E+16
69259,69260,9,5,64,0,2016,5,9,3,2,6,4,0,0,0,1,1,0,0,0,6.56078E+20,5.48145E+21,1.11541E+16,4.94656E+16
69260,69261,9,1,87,118,2016,4,10,7,3,2,6,0,0,0,1,0,0,0,0,7.52576E+20,5.30089E+21,1.23739E+16,4.78118E+16
69261,69262,9,2,63,0,2016,5,17,3,2,5,2,0,0,1,1,0,0,0,0,7.61906E+20,5.42001E+21,1.25723E+16,4.88777E+16
69262,69263,9,1,72,131,2016,5,18,1,3,1,1,0,1,0,1,0,0,0,0,7.84136E+20,5.28765E+21,1.27859E+16,4.76797E+16
69263,69264,9,7,63,0,2016,5,19,2,3,1,6,0,0,0,1,0,0,0,0,5.97697E+20,5.28643E+21,1.03028E+16,4.77239E+16
69264,69265,9,2,74,141,2016,5,19,2,3,0,1,0,0,1,0,0,0,0,0,7.26244E+20,5.39575E+21,1.20734E+16,4.86738E+16
69265,69266,9,6,71,121,2016,4,16,6,3,1,7,0,0,0,1,0,0,0,0,5.13495E+20,5.53817E+21,9.18828E+15,4.99957E+16
69266,69267,9,1,62,0,2016,5,17,1,3,2,6,0,1,0,1,0,0,0,0,6.96887E+20,5.33368E+21,1.16459E+16,4.81259E+16
69267,69268,9,3,72,117,2016,4,16,6,2,5,3,0,0,0,1,0,0,0,0,7.73506E+20,5.45685E+21,1.27551E+16,4.92033E+16
69268,69269,9,7,71,142,2016,4,13,5,3,2,6,0,0,0,1,0,0,1,0,6.45751E+20,5.35101E+21,1.09652E+16,4.82955E+16
69269,69270,9,1,74,126,2016,5,21,5,2,8,1,2,0,0,0,0,1,0,0,6.83464E+20,5.34414E+21,1.14702E+16,4.82239E+16
69270,69271,9,2,78,116,2016,5,12,5,3,8,1,0,0,0,0,0,1,0,0,7.66931E+20,5.43373E+21,1.26497E+16,4.89987E+16
69271,69272,9,6,63,0,2016,4,12,6,3,2,6,0,0,0,1,0,1,0,0,5.68405E+20,5.5161E+21,9.95042E+15,4.97935E+16
69272,69273,9,1,77,126,2016,5,8,2,2,4,2,0,0,0,1,0,0,0,0,7.20906E+20,5.36949E+21,1.1987E+16,4.84397E+16
69273,69274,9,3,74,124,2016,4,10,6,2,1,1,0,0,1,0,0,0,0,1,7.09903E+20,5.51171E+21,1.19123E+16,4.97212E+16
69274,69275,9,1,82,131,2016,5,12,5,2,2,6,0,0,0,0,0,1,0,0,7.173E+20,5.28724E+21,1.18965E+16,4.7702E+16
69275,69276,9,1,84,145,2016,5,7,2,3,0,7,0,1,1,1,0,0,0,0,6.95691E+20,5.32544E+21,1.16261E+16,4.80522E+16
69276,69277,9,5,73,125,2016,5,6,2,3,5,3,0,0,0,1,0,0,0,0,6.40466E+20,5.47163E+21,1.09353E+16,4.93812E+16
69277,69278,9,1,79,138,2016,5,11,5,2,0,7,0,0,1,0,0,0,0,0,6.50465E+20,5.33653E+21,1.10236E+16,4.81642E+16
69278,69279,9,1,76,139,2016,5,14,1,3,0,1,0,0,0,0,0,1,0,0,6.83658E+20,5.40974E+21,1.15017E+16,4.88134E+16
69279,69280,9,6,77,155,2016,4,17,5,3,4,2,0,0,0,1,0,0,0,0,5.40466E+20,5.53805E+21,9.56456E+15,4.99934E+16
69280,69281,9,7,61,0,2016,5,17,4,3,2,6,0,0,0,1,0,0,0,0,6.40287E+20,5.36401E+21,1.08959E+16,4.84136E+16
69281,69282,9,4,74,126,2016,5,17,4,3,2,6,0,0,0,1,0,0,0,1,6.49893E+20,5.50686E+21,1.10785E+16,4.96956E+16
69282,69283,9,1,84,148,2016,4,9,7,3,5,3,0,0,1,1,0,0,0,0,6.95018E+20,5.32707E+21,1.16178E+16,4.80671E+16
69283,69284,9,6,79,194,2016,4,16,7,3,1,6,0,0,0,1,0,0,0,0,5.6053E+20,5.52496E+21,9.84241E+15,4.9874E+16
69284,69285,9,4,76,182,2016,4,17,7,2,8,7,0,0,0,0,0,1,0,0,6.7429E+20,5.58367E+21,1.14514E+16,5.03792E+16
69285,69286,9,5,77,127,2016,5,18,3,2,8,1,0,0,0,0,0,1,0,0,6.50771E+20,5.43891E+21,1.10649E+16,4.90845E+16
69286,69287,9,2,63,0,2016,4,19,7,3,0,2,0,0,0,1,0,0,0,0,7.6445E+20,5.42086E+21,1.26075E+16,4.88842E+16
69287,69288,9,1,79,142,2016,4,14,7,3,5,3,0,0,0,1,0,1,0,0,6.72288E+20,5.34103E+21,1.13186E+16,4.81992E+16
69288,69289,9,2,74,124,2016,5,12,3,3,2,6,0,0,0,1,0,0,0,0,7.24683E+20,5.37749E+21,1.20423E+16,4.85103E+16
69289,69290,9,7,72,163,2016,5,14,2,2,2,6,0,0,0,1,0,0,0,0,6.3889E+20,5.34942E+21,1.08722E+16,4.82827E+16
69290,69291,9,1,71,137,2016,5,17,2,3,2,6,0,0,0,1,0,0,0,0,7.72446E+20,5.35088E+21,1.26705E+16,4.82525E+16
69291,69292,9,1,75,132,2016,4,12,7,3,2,6,0,0,0,1,0,1,0,0,7.05138E+20,5.33546E+21,1.17575E+16,4.81393E+16
69292,69293,9,5,74,123,2016,4,13,6,3,2,6,0,0,0,1,0,0,0,0,6.59275E+20,5.47521E+21,1.11957E+16,4.94087E+16
69293,69294,9,5,64,0,2016,4,16,6,3,2,6,0,0,0,1,0,0,0,0,6.53797E+20,5.4789E+21,1.11217E+16,4.94433E+16
69294,69295,9,6,77,137,2016,5,12,1,2,5,3,0,0,0,1,0,1,0,0,5.35544E+20,5.51597E+21,9.49386E+15,4.97951E+16
69295,69296,9,2,71,132,2016,4,10,6,3,1,2,0,0,0,1,0,0,0,0,7.87199E+20,5.41762E+21,1.29148E+16,4.8845E+16
69296,69297,9,6,75,149,2016,4,16,5,2,2,6,0,0,0,1,0,0,0,0,5.82335E+20,5.50691E+21,1.0142E+16,4.97091E+16
69297,69298,9,1,75,123,2016,5,15,5,3,2,6,0,0,0,1,0,0,0,0,7.21384E+20,5.33793E+21,1.19769E+16,4.81561E+16
69298,69299,9,2,77,116,2016,5,19,5,2,0,7,0,0,1,0,0,0,0,0,7.78523E+20,5.37078E+21,1.27654E+16,4.84285E+16
69299,69300,9,7,79,177,2016,5,15,3,2,2,6,0,0,0,0,0,0,1,1,6.07153E+20,5.42062E+21,1.04629E+16,4.89293E+16
69300,69301,9,1,84,134,2016,4,17,7,3,8,1,0,0,0,1,0,0,0,0,6.9242E+20,5.32004E+21,1.15798E+16,4.80047E+16
69301,69302,9,1,76,126,2016,5,13,4,3,5,3,0,0,1,1,0,0,0,0,6.74613E+20,5.40704E+21,1.13775E+16,4.87918E+16
69302,69303,9,6,72,117,2016,5,22,4,2,2,7,2,0,0,1,0,0,0,0,5.70992E+20,5.57451E+21,9.9972E+15,5.03184E+16
69303,69304,9,2,78,170,2016,5,13,4,2,0,1,0,0,1,0,0,0,0,0,7.63455E+20,5.42446E+21,1.25963E+16,4.8917E+16
69304,69305,9,7,62,0,2016,4,9,7,3,8,6,0,0,0,1,0,1,0,0,6.18347E+20,5.30338E+21,1.05826E+16,4.78728E+16
69305,69306,9,5,64,0,2016,4,13,7,3,2,6,0,0,0,1,0,0,0,0,6.47198E+20,5.48713E+21,1.10338E+16,4.95189E+16
69306,69307,9,3,72,116,2016,4,20,7,3,5,3,1,0,1,1,0,0,0,0,7.67118E+20,5.45714E+21,1.26677E+16,4.92088E+16
69307,69308,9,1,81,114,2016,5,20,4,3,5,3,1,0,0,1,0,1,0,0,6.57055E+20,5.31266E+21,1.11034E+16,4.7948E+16
69308,69309,9,4,72,118,2016,5,13,2,2,4,2,0,0,0,1,0,1,0,0,6.75489E+20,5.50943E+21,1.14343E+16,4.97118E+16
69309,69310,9,1,73,133,2016,4,17,6,2,8,1,0,0,0,0,0,1,0,0,6.76809E+20,5.27812E+21,1.13536E+16,4.76323E+16
69310,69311,9,7,63,0,2016,5,8,3,3,5,3,0,0,0,1,0,0,0,0,5.99323E+20,5.2848E+21,1.03241E+16,4.7709E+16
69311,69312,9,1,81,120,2016,5,22,1,2,8,1,2,1,0,1,0,0,0,0,6.52334E+20,5.31775E+21,1.1042E+16,4.79949E+16
69312,69313,9,1,63,0,2016,5,9,4,3,1,6,0,0,0,1,0,0,0,0,7.34696E+20,5.30466E+21,1.21375E+16,4.78524E+16
69313,69314,9,6,77,178,2016,5,13,4,3,6,4,0,0,0,1,1,0,0,0,5.44833E+20,5.52717E+21,9.62422E+15,4.98953E+16
69314,69315,9,3,62,0,2016,5,17,4,3,2,6,0,0,0,1,0,0,0,0,7.30202E+20,5.43195E+21,1.21474E+16,4.89975E+16
69315,69316,9,7,74,178,2016,4,8,7,2,4,6,0,0,0,1,0,0,0,0,6.06214E+20,5.36424E+21,1.04356E+16,4.84224E+16
69316,69317,9,5,76,148,2016,4,17,7,1,3,1,0,0,0,1,0,0,0,1,6.66292E+20,5.44261E+21,1.12788E+16,4.91138E+16
69317,69318,9,4,71,195,2016,4,19,7,3,6,4,0,1,0,1,1,0,0,0,6.43619E+20,5.52434E+21,1.0998E+16,4.98543E+16
69318,69319,9,1,74,146,2016,5,15,4,3,2,6,0,0,0,1,0,0,0,0,6.66404E+20,5.35112E+21,1.12435E+16,4.82914E+16
69319,69320,9,4,63,0,2016,5,15,3,3,3,6,0,0,0,1,0,0,1,0,6.39591E+20,5.56896E+21,1.09583E+16,5.02563E+16
69320,69321,9,5,75,156,2016,5,13,2,2,2,1,0,0,1,0,0,0,0,1,6.12447E+20,5.47975E+21,1.05517E+16,4.946E+16
69321,69322,9,1,72,128,2016,4,12,6,3,2,6,0,0,0,1,0,0,0,0,7.93792E+20,5.29786E+21,1.29211E+16,4.77671E+16
69322,69323,9,2,75,150,2016,4,13,7,3,4,6,0,0,0,1,0,0,0,0,8.34117E+20,5.39217E+21,1.35318E+16,4.85933E+16
69323,69324,9,1,80,119,2016,5,11,3,2,5,3,0,0,0,1,0,0,1,0,6.71462E+20,5.28242E+21,1.12842E+16,4.76724E+16
69324,69325,9,6,77,165,2016,5,16,2,2,8,1,0,0,0,0,0,1,0,0,5.3297E+20,5.53736E+21,9.45992E+15,4.99877E+16
69325,69326,9,1,86,125,2016,5,8,2,2,9,1,0,0,0,1,0,0,0,0,6.73622E+20,5.37358E+21,1.135E+16,4.84913E+16
69326,69327,9,1,62,0,2016,4,9,6,3,2,6,0,0,0,1,0,0,0,0,6.92215E+20,5.33114E+21,1.15821E+16,4.81045E+16
69327,69328,9,4,72,116,2016,4,8,6,2,1,1,0,0,0,1,0,0,1,1,6.86685E+20,5.54539E+21,1.16068E+16,5.00315E+16
69328,69329,9,4,78,139,2016,4,22,5,2,8,1,2,0,0,1,0,0,0,0,6.45676E+20,5.56302E+21,1.10413E+16,5.02014E+16
69329,69330,9,6,74,160,2016,5,0,1,1,8,1,2,0,0,1,0,0,0,0,6.23445E+20,5.54474E+21,1.0724E+16,5.00421E+16
69330,69331,9,2,62,0,2016,4,19,6,3,4,3,0,0,0,1,0,0,0,0,8.28621E+20,5.38987E+21,1.34557E+16,4.85756E+16
69331,69332,9,6,78,183,2016,4,12,5,3,8,1,0,0,0,1,0,0,0,0,5.97377E+20,5.53136E+21,1.03567E+16,4.99267E+16
69332,69333,9,7,72,185,2016,5,12,3,3,5,3,0,1,0,0,0,1,1,0,6.35597E+20,5.38401E+21,1.0839E+16,4.85945E+16
69333,69334,9,5,62,0,2016,5,7,4,3,2,6,0,0,0,1,0,0,0,0,6.43121E+20,5.49589E+21,1.09807E+16,4.95986E+16
69334,69335,9,2,62,0,2016,5,15,4,3,2,6,0,1,0,1,0,0,0,1,8.25058E+20,5.38892E+21,1.34068E+16,4.85689E+16
69335,69336,9,3,73,134,2016,5,13,1,2,9,1,0,0,0,0,0,1,0,0,7.0327E+20,5.4553E+21,1.17914E+16,4.92167E+16
69336,69337,9,1,74,115,2016,5,4,4,3,5,3,2,0,1,1,0,0,0,0,6.80777E+20,5.34772E+21,1.14356E+16,4.82569E+16
69337,69338,9,3,77,157,2016,5,15,2,3,4,2,0,0,0,1,0,0,0,0,7.24646E+20,5.541E+21,1.21335E+16,4.9979E+16
69338,69339,9,1,71,137,2016,4,18,6,3,2,6,0,0,0,1,0,0,0,0,7.70862E+20,5.35202E+21,1.265E+16,4.82634E+16
69339,69340,9,1,89,154,2016,4,14,7,2,0,1,0,0,1,0,0,0,0,0,7.64864E+20,5.321E+21,1.255E+16,4.79874E+16
69340,69341,9,1,81,130,2016,5,11,2,2,6,7,0,0,0,0,1,0,0,1,6.37576E+20,5.32443E+21,1.08464E+16,4.80583E+16
69341,69342,9,1,90,154,2016,5,14,5,3,0,1,0,0,0,0,0,1,0,0,6.41357E+20,5.2881E+21,1.08852E+16,4.77308E+16
69342,69343,9,1,85,153,2016,5,7,3,3,4,2,0,0,0,1,0,0,0,0,6.50459E+20,5.4026E+21,1.10472E+16,4.87582E+16
69343,69344,9,6,72,136,2016,5,6,2,3,4,1,0,0,0,1,0,0,0,1,5.81323E+20,5.56437E+21,1.01401E+16,5.02259E+16
69344,69345,9,1,76,166,2016,5,17,5,2,3,2,0,0,0,1,0,1,0,0,6.50344E+20,5.40798E+21,1.10476E+16,4.88066E+16
69345,69346,9,7,73,112,2016,4,14,6,3,2,6,0,0,0,1,0,0,0,0,5.9829E+20,5.38664E+21,1.03338E+16,4.86251E+16
69346,69347,9,3,74,164,2016,4,11,6,2,5,3,0,0,0,1,0,0,0,0,7.51942E+20,5.50489E+21,1.24901E+16,4.96439E+16
69347,69348,9,4,77,151,2016,5,13,1,3,5,3,0,0,0,1,0,1,0,0,6.76827E+20,5.56279E+21,1.14773E+16,5.01909E+16
69348,69349,9,2,74,128,2016,4,17,7,3,5,6,0,0,1,0,0,0,0,0,7.41021E+20,5.38884E+21,1.22697E+16,4.86062E+16
69349,69350,9,1,63,0,2016,5,14,3,3,4,6,0,0,1,0,0,0,0,0,7.33826E+20,5.30399E+21,1.21255E+16,4.78467E+16
69350,69351,9,6,74,163,2016,5,6,2,3,2,3,0,0,0,1,0,0,0,0,6.11996E+20,5.53734E+21,1.0562E+16,4.99779E+16
69351,69352,9,7,63,0,2016,4,17,6,3,2,6,0,0,1,1,0,0,0,0,5.98412E+20,5.28788E+21,1.03126E+16,4.77368E+16
69352,69353,9,4,71,145,2016,4,11,6,3,4,2,0,0,0,1,0,0,0,0,6.42151E+20,5.51855E+21,1.09755E+16,4.98026E+16
69353,69354,9,5,63,0,2016,5,15,1,3,2,6,0,0,0,1,0,1,0,0,6.44293E+20,5.4822E+21,1.09918E+16,4.94752E+16
69354,69355,9,6,78,150,2016,4,17,5,3,3,1,0,0,0,1,0,0,0,0,5.91263E+20,5.53426E+21,1.02722E+16,4.99537E+16
69355,69356,9,7,74,150,2016,5,17,4,2,5,7,0,0,1,0,0,0,0,1,6.01115E+20,5.3448E+21,1.03621E+16,4.82484E+16
69356,69357,9,5,64,0,2016,5,16,4,3,1,1,0,0,0,1,0,0,0,0,6.51167E+20,5.47507E+21,1.1084E+16,4.94095E+16
69357,69358,9,6,73,117,2016,5,16,3,3,2,6,0,0,0,1,0,0,0,0,5.66859E+20,5.58544E+21,9.94109E+15,5.04172E+16
69358,69359,9,1,83,113,2016,5,16,4,3,5,7,0,0,1,0,0,0,0,0,7.49948E+20,5.34386E+21,1.23639E+16,4.81987E+16
69359,69360,9,1,89,157,2016,4,17,7,2,3,1,0,0,0,1,0,1,0,0,7.63523E+20,5.32534E+21,1.25348E+16,4.80269E+16
69360,69361,9,4,61,0,2016,5,17,3,3,4,2,0,0,0,1,0,0,0,0,6.38053E+20,5.52815E+21,1.0922E+16,4.98898E+16
69361,69362,9,2,74,188,2016,5,15,1,3,8,7,0,0,0,0,0,1,0,0,7.47885E+20,5.39557E+21,1.23667E+16,4.86639E+16
69362,69363,9,1,77,115,2016,5,17,4,3,4,2,0,0,0,0,0,1,0,1,7.34115E+20,5.35092E+21,1.2155E+16,4.82682E+16
69363,69364,9,3,71,131,2016,5,14,2,3,4,6,0,0,0,1,0,0,0,0,6.95882E+20,5.48442E+21,1.17044E+16,4.94808E+16
69364,69365,9,7,71,122,2016,4,13,6,3,2,6,0,0,0,1,0,0,0,0,6.54881E+20,5.36034E+21,1.10916E+16,4.83772E+16
69365,69366,9,1,74,115,2016,5,12,2,3,5,3,0,0,0,1,0,0,0,0,6.81409E+20,5.34692E+21,1.14438E+16,4.82495E+16
69366,69367,9,1,89,154,2016,5,16,5,2,9,1,0,0,0,0,0,1,0,0,7.67145E+20,5.31669E+21,1.25779E+16,4.79477E+16
69367,69368,9,1,84,119,2016,5,16,2,3,2,6,0,0,0,1,0,0,0,0,6.9729E+20,5.34638E+21,1.16572E+16,4.82399E+16
69368,69369,9,5,76,113,2016,5,14,2,3,2,6,0,0,0,0,0,1,1,0,6.60082E+20,5.4548E+21,1.11986E+16,4.9225E+16
69369,69370,9,1,81,126,2016,5,13,5,3,4,6,0,0,1,0,0,0,0,0,6.36891E+20,5.33178E+21,1.08396E+16,4.81246E+16