FID,OBJECTID,ULAND,UREGBEZ,UKREIS,UGEMEINDE,UJAHR,UMONAT,USTUNDE,UWOCHENTAG,UKATEGORIE,UART,UTYP1,ULICHTVERH,IstStrasse,IstRad,IstPKW,IstFuss,IstKrad,IstGkfz,IstSonstig,LINREFX,LINREFY,XGCSWGS84,YGCSWGS84
69370,69371,9,1,82,136,2016,5,8,1,2,2,6,0,0,0,1,0,0,1,0,7.03102E+20,5.30064E+21,1.17137E+16,4.7827E+16
69371,69372,9,6,62,0,2016,4,22,5,3,4,2,2,0,0,1,0,1,0,0,5.87332E+20,5.54393E+21,1.02196E+16,5.00412E+16
69372,69373,9,7,77,140,2016,5,11,4,3,5,3,0,0,0,1,0,0,1,0,6.28307E+20,5.31745E+21,1.072E+16,4.79974E+16
69373,69374,9,4,75,162,2016,5,18,4,1,4,6,0,0,0,1,0,1,0,0,7.15111E+20,5.57297E+21,1.20187E+16,5.02696E+16
69374,69375,9,1,84,148,2016,4,13,7,3,2,6,0,0,0,1,0,0,0,0,6.95712E+20,5.32632E+21,1.16268E+16,4.80601E+16
69375,69376,9,7,61,0,2016,4,15,7,2,8,1,0,0,0,1,0,0,0,0,6.42771E+20,5.35757E+21,1.09272E+16,4.83552E+16
69376,69377,9,4,79,112,2016,4,20,7,3,9,7,0,0,0,0,0,1,0,0,7.24768E+20,5.54939E+21,1.21401E+16,5.00543E+16
69377,69378,9,5,64,0,2016,5,10,3,2,5,2,0,0,1,0,0,0,1,0,6.56471E+20,5.47567E+21,1.11573E+16,4.94135E+16
69378,69379,9,6,76,134,2016,4,8,5,3,9,1,0,0,0,1,0,0,0,0,5.12991E+20,5.51093E+21,9.18034E+15,4.97507E+16
69379,69380,9,7,80,140,2016,5,17,4,3,2,6,0,0,0,1,0,0,0,0,5.99541E+20,5.28191E+21,1.03263E+16,4.76829E+16
69380,69381,9,5,75,165,2016,5,6,4,3,4,6,0,0,0,1,0,1,1,0,6.02515E+20,5.49302E+21,1.04182E+16,4.95811E+16
69381,69382,9,5,62,0,2016,5,7,3,3,5,3,0,0,1,1,0,0,0,0,6.44392E+20,5.49383E+21,1.09975E+16,4.95798E+16
69382,69383,9,1,72,114,2016,4,13,7,3,0,7,0,0,1,0,0,0,0,0,7.90069E+20,5.29274E+21,1.28682E+16,4.77228E+16
69383,69384,9,3,72,177,2016,5,11,3,2,4,6,0,0,0,0,0,0,1,0,7.71479E+20,5.44717E+21,1.27208E+16,4.91174E+16
69384,69385,9,1,89,145,2016,5,18,1,3,2,6,1,1,0,1,0,0,0,0,7.73063E+20,5.3035E+21,1.26486E+16,4.78268E+16
69385,69386,9,7,74,148,2016,5,18,2,3,2,6,0,0,0,1,0,0,0,0,5.95922E+20,5.36343E+21,1.02964E+16,4.84167E+16
69386,69387,9,2,75,153,2016,5,9,2,2,8,1,0,0,0,1,0,0,0,0,8.42529E+20,5.3927E+21,1.3646E+16,4.85936E+16
69387,69388,9,6,78,150,2016,4,12,6,3,8,1,0,0,0,1,0,0,0,0,5.90066E+20,5.53215E+21,1.0255E+16,4.99349E+16
69388,69389,9,1,84,140,2016,5,0,1,3,0,7,2,0,1,0,0,0,0,0,7.00982E+20,5.32812E+21,1.16983E+16,4.80747E+16
69389,69390,9,3,72,153,2016,4,18,6,3,0,1,0,0,1,0,0,0,0,0,7.56288E+20,5.45519E+21,1.25181E+16,4.91959E+16
69390,69391,9,1,86,152,2016,5,11,5,2,2,6,0,0,0,1,0,1,0,0,6.91283E+20,5.38068E+21,1.15921E+16,4.85501E+16
69391,69392,9,6,76,121,2016,4,5,5,3,8,1,1,0,0,1,0,0,0,0,5.16346E+20,5.51855E+21,9.22724E+15,4.98192E+16
69392,69393,9,5,71,226,2016,5,16,2,3,2,2,0,0,0,1,0,1,0,0,6.337E+20,5.45736E+21,1.08374E+16,4.92544E+16
69393,69394,9,1,81,114,2016,5,16,5,2,2,6,0,0,0,0,0,1,0,0,6.56649E+20,5.31533E+21,1.10989E+16,4.79721E+16
69394,69395,9,2,74,128,2016,5,11,5,3,0,7,0,0,1,0,0,0,0,0,7.35658E+20,5.38739E+21,1.21963E+16,4.85952E+16
69395,69396,9,1,86,137,2016,5,19,1,2,5,3,0,1,0,1,0,0,0,0,6.83951E+20,5.40079E+21,1.15017E+16,4.8733E+16
69396,69397,9,6,61,0,2016,4,10,5,3,2,6,0,0,0,1,0,0,0,0,5.11635E+20,5.53531E+21,9.16225E+15,4.99701E+16
69397,69398,9,1,89,152,2016,5,8,4,3,8,1,0,1,0,1,0,0,0,0,7.81786E+20,5.32626E+21,1.27798E+16,4.80274E+16
69398,69399,9,7,61,0,2016,5,16,4,3,2,6,0,0,0,1,0,1,0,0,6.43396E+20,5.36075E+21,1.09368E+16,4.83836E+16
69399,69400,9,4,61,0,2016,5,19,4,3,2,6,0,0,0,1,0,0,0,0,6.37055E+20,5.5304E+21,1.09089E+16,4.99102E+16
69400,69401,9,7,75,143,2016,4,12,7,3,2,6,0,0,0,1,0,0,0,0,5.8603E+20,5.35621E+21,1.01612E+16,4.83532E+16
69401,69402,9,6,62,0,2016,4,19,7,2,0,1,0,1,0,0,0,1,0,0,5.8856E+20,5.54462E+21,1.02369E+16,5.00473E+16
69402,69403,9,4,72,156,2016,4,13,7,3,8,1,0,0,0,1,0,0,0,0,6.99837E+20,5.53224E+21,1.17833E+16,4.99091E+16
69403,69404,9,1,85,158,2016,5,9,4,3,2,6,0,0,0,1,0,0,0,0,6.62111E+20,5.37961E+21,1.11967E+16,4.85487E+16
69404,69405,9,5,71,134,2016,5,2,3,2,9,1,2,0,0,1,0,0,0,0,5.86131E+20,5.46258E+21,1.0185E+16,4.93098E+16
69405,69406,9,1,71,135,2016,4,6,6,3,2,6,0,0,0,1,0,0,0,1,7.70776E+20,5.34127E+21,1.2642E+16,4.81669E+16
69406,69407,9,2,71,146,2016,4,19,7,3,5,2,0,0,1,1,0,0,0,0,7.84557E+20,5.40987E+21,1.28735E+16,4.87767E+16
69407,69408,9,1,81,130,2016,4,14,7,3,9,1,0,0,0,0,0,1,0,0,6.36842E+20,5.3235E+21,1.08363E+16,4.80501E+16
69408,69409,9,2,73,166,2016,5,23,3,2,7,7,2,0,1,0,0,0,0,0,7.16202E+20,5.4178E+21,1.19487E+16,4.88754E+16
69409,69410,9,7,71,130,2016,5,20,2,3,2,6,0,0,0,1,0,0,0,0,6.4519E+20,5.35957E+21,1.09606E+16,4.83726E+16
69410,69411,9,1,87,118,2016,5,21,2,2,1,1,2,0,0,1,0,0,0,0,7.51572E+20,5.3012E+21,1.23607E+16,4.78149E+16
69411,69412,9,1,78,138,2016,4,16,7,3,4,1,0,0,0,1,0,1,0,0,7.11893E+20,5.3691E+21,1.18651E+16,4.84393E+16
69412,69413,9,5,76,127,2016,4,21,6,3,3,6,2,0,0,1,0,0,0,0,6.65436E+20,5.44569E+21,1.12684E+16,4.91417E+16
69413,69414,9,5,71,145,2016,4,7,6,3,1,6,0,0,0,1,0,0,0,0,5.97289E+20,5.44684E+21,1.03346E+16,4.91667E+16
69414,69415,9,4,73,121,2016,4,7,5,2,2,6,0,0,0,1,0,0,0,0,6.46362E+20,5.56535E+21,1.10518E+16,5.02222E+16
69415,69416,9,6,75,141,2016,5,10,1,3,5,3,0,0,0,1,0,1,0,0,5.83767E+20,5.51036E+21,1.01626E+16,4.97399E+16
69416,69417,9,2,77,138,2016,4,18,6,3,6,4,0,0,0,1,1,0,0,0,7.91658E+20,5.37145E+21,1.2943E+16,4.84285E+16
69417,69418,9,1,62,0,2016,5,18,4,2,0,7,0,0,0,1,0,1,0,0,6.92054E+20,5.34139E+21,1.15845E+16,4.81967E+16
69418,69419,9,6,76,112,2016,5,12,6,3,8,1,0,0,0,0,0,1,0,0,5.09243E+20,5.50038E+21,9.12806E+15,4.96559E+16
69419,69420,9,3,72,143,2016,5,14,6,2,9,1,0,0,0,1,0,0,0,0,7.7444E+20,5.448E+21,1.27618E+16,4.91235E+16
69420,69421,9,4,75,169,2016,5,12,7,3,5,3,0,0,1,1,0,0,0,0,6.86744E+20,5.5764E+21,1.16228E+16,5.03101E+16
69421,69422,9,7,61,0,2016,5,19,5,3,0,7,0,0,1,1,0,0,0,0,6.38426E+20,5.35575E+21,1.0868E+16,4.83398E+16
69422,69423,9,1,73,130,2016,5,14,7,3,2,6,0,0,0,1,0,0,0,0,6.7917E+20,5.31023E+21,1.13983E+16,4.79203E+16
69423,69424,9,7,77,158,2016,5,14,7,2,2,6,0,0,1,0,0,0,0,0,6.20433E+20,5.30977E+21,1.06123E+16,4.79299E+16
69424,69425,9,3,75,210,2016,5,13,7,3,2,2,0,0,0,1,0,0,0,0,7.49209E+20,5.43272E+21,1.24072E+16,4.8997E+16
69425,69426,9,1,75,133,2016,5,12,6,3,5,3,0,0,0,0,0,1,1,0,7.10641E+20,5.34207E+21,1.18347E+16,4.81969E+16
69426,69427,9,1,81,130,2016,5,8,6,3,5,2,0,0,1,1,0,0,0,0,6.40047E+20,5.32323E+21,1.08792E+16,4.8047E+16
69427,69428,9,2,77,116,2016,5,16,6,3,2,6,0,0,0,1,0,0,1,0,7.79099E+20,5.36641E+21,1.27702E+16,4.83891E+16
69428,69429,9,7,72,149,2016,5,18,7,2,4,6,0,0,0,1,0,0,0,1,6.35311E+20,5.34003E+21,1.0821E+16,4.81991E+16
69429,69430,9,4,71,185,2016,5,18,5,3,0,1,0,0,0,0,0,1,0,0,6.48878E+20,5.53542E+21,1.10754E+16,4.99526E+16
69430,69431,9,2,71,146,2016,5,17,6,3,5,3,0,0,0,1,0,1,0,0,7.84671E+20,5.40975E+21,1.2875E+16,4.87756E+16
69431,69432,9,1,71,119,2016,5,12,7,2,3,2,0,0,1,1,0,0,0,0,7.7605E+20,5.33586E+21,1.27092E+16,4.81161E+16
69432,69433,9,7,74,150,2016,5,6,6,3,5,3,0,0,0,1,0,1,0,0,6.01613E+20,5.3449E+21,1.03688E+16,4.82491E+16
69433,69434,9,2,77,145,2016,5,13,7,2,5,6,0,0,1,1,0,0,0,0,7.98333E+20,5.35419E+21,1.30208E+16,4.82705E+16
69434,69435,9,1,83,140,2016,5,13,7,2,2,6,0,0,0,1,0,0,0,0,7.42613E+20,5.34212E+21,1.22643E+16,4.81859E+16
69435,69436,9,3,72,164,2016,5,10,7,3,2,6,0,0,0,1,0,0,0,0,7.66276E+20,5.44598E+21,1.26488E+16,4.9109E+16
69436,69437,9,1,77,137,2016,5,15,6,3,4,6,0,0,0,1,0,0,0,0,7.3276E+20,5.34505E+21,1.21336E+16,4.82159E+16
69437,69438,9,1,79,134,2016,5,10,6,2,0,7,0,0,0,1,0,0,1,0,6.63189E+20,5.3406E+21,1.11961E+16,4.81976E+16
69438,69439,9,2,73,172,2016,5,11,6,3,5,3,0,0,0,1,0,0,0,0,7.09877E+20,5.40444E+21,1.18557E+16,4.87575E+16
69439,69440,9,6,63,0,2016,5,20,7,3,1,6,1,0,0,1,0,0,1,0,5.66875E+20,5.51154E+21,9.92839E+15,4.97526E+16
69440,69441,9,1,87,177,2016,5,11,7,3,5,3,0,0,1,1,0,0,0,0,7.36767E+20,5.30607E+21,1.21659E+16,4.78643E+16
69441,69442,9,5,77,158,2016,5,22,6,3,0,7,2,0,0,0,0,1,0,0,6.4311E+20,5.42264E+21,1.09543E+16,4.89401E+16
69442,69443,9,7,80,143,2016,5,12,6,3,1,6,0,0,0,1,0,0,0,0,5.97938E+20,5.28164E+21,1.03049E+16,4.76807E+16
69443,69444,9,7,61,0,2016,5,17,6,3,2,6,0,0,0,1,0,0,0,0,6.37479E+20,5.35947E+21,1.08565E+16,4.83734E+16
69444,69445,9,1,61,0,2016,5,11,6,3,6,7,0,0,0,1,1,0,0,0,6.79456E+20,5.40515E+21,1.14426E+16,4.87735E+16
69445,69446,9,6,79,205,2016,5,11,5,3,4,1,0,0,0,1,0,1,0,0,5.55123E+20,5.51606E+21,9.76589E+15,4.97945E+16
69446,69447,9,6,78,181,2016,5,14,7,3,9,1,0,0,0,0,0,0,0,1,6.01027E+20,5.56065E+21,1.04153E+16,5.01894E+16
69447,69448,9,6,79,170,2016,5,14,5,2,5,3,0,0,0,1,0,0,0,0,5.75105E+20,5.50337E+21,1.0041E+16,4.96782E+16
69448,69449,9,1,84,135,2016,5,22,6,1,0,6,2,0,0,1,0,0,0,0,6.88128E+20,5.34831E+21,1.15348E+16,4.82601E+16
69449,69450,9,1,89,129,2016,5,13,6,3,0,1,0,0,1,1,0,0,0,0,7.59949E+20,5.29401E+21,1.24681E+16,4.7747E+16
69450,69451,9,6,77,131,2016,5,17,5,2,0,7,0,0,0,1,0,0,0,0,5.49155E+20,5.5452E+21,9.68669E+15,5.0057E+16
69451,69452,9,6,72,139,2016,5,6,7,3,8,1,0,0,0,0,0,0,0,1,5.66356E+20,5.56214E+21,9.92991E+15,5.02077E+16
69452,69453,9,6,78,192,2016,5,22,5,3,3,6,2,0,0,1,0,0,0,0,5.70929E+20,5.54822E+21,9.9914E+15,5.0082E+16
69453,69454,9,7,79,148,2016,5,14,5,3,2,6,0,0,0,1,0,1,0,0,6.30057E+20,5.4137E+21,1.07733E+16,4.88626E+16
69454,69455,9,1,86,146,2016,5,3,7,2,0,7,2,0,0,0,0,1,0,0,6.86149E+20,5.37011E+21,1.15178E+16,4.84566E+16
69455,69456,9,5,75,127,2016,5,22,6,3,9,7,2,0,0,1,0,0,0,0,5.87042E+20,5.49188E+21,1.02039E+16,4.95732E+16
69456,69457,9,7,76,116,2016,5,12,6,3,5,2,0,0,0,1,0,1,0,0,5.54571E+20,5.26616E+21,9.72523E+15,4.75466E+16
69457,69458,9,6,63,0,2016,5,18,6,3,0,1,0,0,0,0,0,1,0,0,5.67194E+20,5.51686E+21,9.93373E+15,4.98005E+16
69458,69459,9,6,73,151,2016,5,16,5,3,5,3,0,0,0,1,0,0,0,0,5.91096E+20,5.58432E+21,1.02819E+16,5.04038E+16
69459,69460,9,3,72,170,2016,5,13,6,3,8,1,0,0,0,0,0,1,0,0,7.49037E+20,5.45571E+21,1.24191E+16,4.92035E+16
69460,69461,9,5,64,0,2016,5,14,7,3,2,6,0,0,0,1,0,0,0,0,6.48009E+20,5.48025E+21,1.10424E+16,4.94569E+16
69461,69462,9,6,73,149,2016,5,16,5,3,8,1,0,0,1,0,0,0,0,0,5.72914E+20,5.59142E+21,1.00275E+16,5.04702E+16
69462,69463,9,1,84,114,2016,5,10,6,3,2,5,0,0,1,1,0,0,0,0,7.00227E+20,5.32055E+21,1.16846E+16,4.80069E+16
69463,69464,9,2,73,111,2016,5,14,7,3,5,3,0,0,0,1,0,0,0,0,7.08311E+20,5.41124E+21,1.18379E+16,4.88192E+16
69464,69465,9,7,78,203,2016,5,14,7,3,5,3,0,0,0,1,0,1,0,0,6.20924E+20,5.3226E+21,1.06225E+16,4.80452E+16
69465,69466,9,3,74,127,2016,5,13,7,2,2,6,0,0,0,1,0,0,0,0,7.32249E+20,5.50283E+21,1.22165E+16,4.96333E+16
69466,69467,9,1,79,121,2016,5,11,7,3,5,2,0,0,0,1,0,0,0,0,6.6613E+20,5.33849E+21,1.12348E+16,4.81779E+16
69467,69468,9,4,61,0,2016,5,7,6,3,0,7,0,1,0,0,0,1,0,0,6.34419E+20,5.52578E+21,1.08706E+16,4.98693E+16
69468,69469,9,7,80,132,2016,5,10,6,2,2,2,0,0,0,1,0,1,0,0,5.74601E+20,5.2674E+21,9.99159E+15,4.75557E+16
69469,69470,9,5,62,0,2016,5,16,6,3,2,6,0,0,0,1,0,0,0,0,6.44198E+20,5.49455E+21,1.09951E+16,4.95864E+16
69470,69471,9,3,71,131,2016,5,16,6,3,2,6,0,0,0,1,0,0,0,0,6.96844E+20,5.47766E+21,1.17143E+16,4.94197E+16
69471,69472,9,4,73,121,2016,5,23,7,3,2,6,2,0,0,1,0,0,0,0,6.46217E+20,5.56533E+21,1.10498E+16,5.02221E+16
69472,69473,9,6,62,0,2016,5,15,5,3,8,6,0,0,0,1,0,0,0,0,5.88153E+20,5.54483E+21,1.02313E+16,5.00492E+16
69473,69474,9,1,80,135,2016,5,9,7,3,4,6,0,0,0,1,0,0,0,0,6.52335E+20,5.27851E+21,1.10282E+16,4.7642E+16
69474,69475,9,3,73,121,2016,5,14,7,3,9,1,0,0,0,1,0,0,0,0,6.92151E+20,5.43145E+21,1.16275E+16,4.9006E+16
69475,69476,9,1,77,139,2016,5,2,6,2,6,7,2,0,0,1,1,0,0,0,7.30537E+20,5.35911E+21,1.21114E+16,4.83431E+16
69476,69477,9,1,88,145,2016,5,12,6,3,5,3,0,0,0,1,0,0,0,0,6.65734E+20,5.32841E+21,1.12256E+16,4.80874E+16
69477,69478,9,2,74,120,2016,5,14,6,3,5,3,0,0,0,1,0,1,0,0,7.50499E+20,5.36977E+21,1.23866E+16,4.84312E+16
69478,69479,9,7,61,0,2016,5,2,7,2,1,5,2,0,0,1,0,0,0,0,6.44158E+20,5.3576E+21,1.0946E+16,4.83551E+16
69479,69480,9,4,61,0,2016,5,13,5,3,0,2,0,0,1,1,0,0,0,0,6.35972E+20,5.52972E+21,1.08936E+16,4.99044E+16
69480,69481,9,1,84,135,2016,5,15,5,3,5,3,0,0,0,1,0,0,0,0,6.91214E+20,5.3475E+21,1.1576E+16,4.82518E+16
69481,69482,9,1,74,135,2016,5,12,6,3,3,6,0,0,0,1,0,0,1,0,6.63402E+20,5.35314E+21,1.12038E+16,4.83103E+16
69482,69483,9,7,73,182,2016,5,19,7,2,8,1,0,0,0,1,0,0,0,0,6.25551E+20,5.38294E+21,1.07025E+16,4.8587E+16
69483,69484,9,4,61,0,2016,5,22,5,3,5,3,2,0,0,1,0,0,0,0,6.33601E+20,5.53083E+21,1.0861E+16,4.99149E+16
69484,69485,9,2,78,192,2016,5,10,6,3,0,1,0,0,0,0,0,1,0,0,7.73263E+20,5.41527E+21,1.27237E+16,4.88302E+16
69485,69486,9,4,71,145,2016,5,15,7,3,0,7,0,0,0,0,0,0,0,1,6.44637E+20,5.52028E+21,1.10106E+16,4.98175E+16
69486,69487,9,1,83,119,2016,5,18,7,3,1,6,0,0,0,1,0,1,0,0,7.33293E+20,5.33963E+21,1.21378E+16,4.8167E+16
69487,69488,9,2,76,138,2016,5,8,7,2,2,6,0,0,0,1,0,0,0,0,7.97381E+20,5.4341E+21,1.30653E+16,4.89881E+16
69488,69489,9,1,62,0,2016,5,16,5,3,1,6,0,0,0,1,0,0,0,0,6.92127E+20,5.34227E+21,1.15859E+16,4.82046E+16
69489,69490,9,1,74,115,2016,5,13,6,3,0,1,0,0,0,0,0,1,0,0,6.83287E+20,5.34814E+21,1.14696E+16,4.82599E+16
69490,69491,9,1,80,122,2016,5,13,6,2,0,1,0,0,1,0,0,0,0,0,6.69664E+20,5.26212E+21,1.12524E+16,4.74904E+16
69491,69492,9,6,78,196,2016,5,20,5,2,3,7,0,0,1,0,0,0,0,0,5.84097E+20,5.53496E+21,1.01725E+16,4.9961E+16
69492,69493,9,6,63,0,2016,5,18,7,3,2,6,0,0,0,1,0,0,0,0,5.65141E+20,5.51615E+21,9.90509E+15,4.97942E+16
69493,69494,9,7,72,167,2016,5,21,5,3,4,6,2,0,1,0,0,0,0,0,6.26317E+20,5.35939E+21,1.07058E+16,4.8375E+16
69494,69495,9,1,87,150,2016,5,9,7,3,0,1,0,0,1,0,0,0,0,0,7.28972E+20,5.30417E+21,1.20608E+16,4.785E+16
69495,69496,9,5,75,128,2016,5,13,6,3,5,3,0,0,1,1,0,0,0,0,6.20365E+20,5.49744E+21,1.06664E+16,4.96176E+16
69496,69497,9,5,64,0,2016,5,9,6,3,2,6,0,0,0,1,0,0,0,0,6.53E+20,5.48093E+21,1.11115E+16,4.94617E+16
69497,69498,9,2,75,120,2016,5,15,6,2,5,3,0,0,0,1,0,0,0,0,8.13477E+20,5.40373E+21,1.32615E+16,4.87077E+16
69498,69499,9,1,82,120,2016,5,16,7,3,2,6,0,0,0,1,0,0,0,0,7.03085E+20,5.30967E+21,1.17178E+16,4.79082E+16
69499,69500,9,7,74,145,2016,5,11,6,3,2,6,0,0,0,1,0,0,0,1,6.0103E+20,5.3594E+21,1.03644E+16,4.83797E+16
69500,69501,9,2,75,125,2016,5,11,7,3,2,6,0,0,0,1,0,0,0,0,8.10041E+20,5.37921E+21,1.31966E+16,4.84895E+16
69501,69502,9,7,73,182,2016,5,14,6,3,2,1,0,0,0,1,0,0,0,0,6.23964E+20,5.37914E+21,1.06799E+16,4.85531E+16
69502,69503,9,1,72,117,2016,5,15,6,2,3,6,0,0,1,0,0,1,0,0,7.98375E+20,5.28387E+21,1.29726E+16,4.76394E+16
69503,69504,9,6,61,0,2016,5,16,5,3,5,7,0,0,1,0,0,0,0,0,5.06663E+20,5.53442E+21,9.0929E+15,4.99621E+16
69504,69505,9,6,71,122,2016,5,11,5,2,5,3,0,0,0,1,0,1,0,0,5.06777E+20,5.53208E+21,9.09444E+15,4.9941E+16
69505,69506,9,1,76,123,2016,5,17,7,2,8,1,0,0,0,0,0,1,0,0,6.58188E+20,5.41875E+21,1.11586E+16,4.89015E+16
69506,69507,9,4,73,158,2016,5,15,6,2,8,1,0,0,0,1,0,1,0,0,6.24598E+20,5.57985E+21,1.07516E+16,5.03576E+16
69507,69508,9,7,62,0,2016,5,17,6,3,1,1,0,0,1,1,0,0,0,0,6.22719E+20,5.30471E+21,1.06415E+16,4.7884E+16
69508,69509,9,6,78,193,2016,5,15,6,2,8,1,0,0,0,0,0,1,0,0,5.75646E+20,5.53552E+21,1.00548E+16,4.99672E+16
69509,69510,9,7,80,121,2016,5,17,6,2,5,2,0,0,0,1,0,1,0,0,5.96198E+20,5.25471E+21,1.02758E+16,4.74387E+16
69510,69511,9,7,72,207,2016,5,13,6,2,2,2,0,0,0,1,0,0,0,0,6.38191E+20,5.3804E+21,1.0873E+16,4.85614E+16
69511,69512,9,1,61,0,2016,5,14,6,3,1,6,0,0,0,1,0,0,0,0,6.75925E+20,5.40463E+21,1.13943E+16,4.87698E+16
69512,69513,9,6,71,122,2016,5,8,5,3,2,6,0,0,1,0,0,0,0,0,5.02494E+20,5.53034E+21,9.03475E+15,4.99254E+16
69513,69514,9,5,65,0,2016,5,11,7,3,2,6,0,0,0,1,0,0,0,0,6.48754E+20,5.46531E+21,1.10471E+16,4.93223E+16
69514,69515,9,5,72,158,2016,5,15,5,3,0,7,0,0,1,0,0,0,0,0,6.49995E+20,5.4962E+21,1.10758E+16,4.95997E+16
69515,69516,9,1,74,121,2016,5,9,7,3,5,3,0,0,1,1,0,0,0,0,6.90752E+20,5.35333E+21,1.15724E+16,4.83044E+16
69516,69517,9,3,62,0,2016,5,12,6,3,0,1,0,0,0,0,0,1,0,0,7.301E+20,5.43194E+21,1.2146E+16,4.89974E+16
69517,69518,9,1,84,135,2016,5,18,5,3,5,3,0,0,0,1,0,1,0,0,6.8912E+20,5.34736E+21,1.15478E+16,4.82512E+16
69518,69519,9,1,86,137,2016,5,12,6,3,4,3,0,0,0,1,0,0,1,0,6.82993E+20,5.39817E+21,1.14875E+16,4.87097E+16
69519,69520,9,7,80,124,2016,5,10,7,1,4,3,0,0,1,1,0,0,0,0,5.93479E+20,5.26907E+21,1.02428E+16,4.75683E+16
69520,69521,9,5,64,0,2016,5,7,6,3,3,6,0,0,0,1,0,1,0,0,6.46382E+20,5.47843E+21,1.10193E+16,4.94409E+16
69521,69522,9,3,74,154,2016,5,9,5,3,5,3,0,0,0,1,0,1,0,0,7.28748E+20,5.50503E+21,1.21694E+16,4.96544E+16
69522,69523,9,2,78,148,2016,5,14,6,2,9,1,0,0,0,0,0,1,0,0,7.38816E+20,5.40242E+21,1.22477E+16,4.8729E+16
69523,69524,9,4,78,139,2016,5,14,7,3,2,6,0,0,0,1,0,1,0,1,6.47857E+20,5.55839E+21,1.107E+16,5.01593E+16
69524,69525,9,5,65,0,2016,5,11,5,3,5,3,0,0,1,1,0,0,0,0,6.50302E+20,5.46573E+21,1.10685E+16,4.93258E+16
69525,69526,9,1,73,112,2016,5,10,7,3,4,6,0,0,0,1,0,0,0,0,6.93346E+20,5.2993E+21,1.15829E+16,4.78179E+16
69526,69527,9,3,72,113,2016,5,16,6,3,1,2,0,0,0,1,0,0,0,0,7.9158E+20,5.45704E+21,1.30027E+16,4.91967E+16
69527,69528,9,5,71,192,2016,5,13,7,2,0,3,0,0,0,0,0,1,0,1,6.14279E+20,5.43535E+21,1.05643E+16,4.90604E+16
69528,69529,9,5,74,152,2016,5,18,5,3,5,3,0,0,0,1,0,0,0,0,6.62579E+20,5.48379E+21,1.12447E+16,4.9485E+16
69529,69530,9,7,74,118,2016,5,10,6,3,3,6,0,0,0,1,0,0,0,0,5.92097E+20,5.36475E+21,1.0245E+16,4.84291E+16
69530,69531,9,2,79,127,2016,5,15,7,3,8,1,0,0,0,0,0,1,0,0,7.47697E+20,5.39995E+21,1.23668E+16,4.87033E+16
69531,69532,9,7,76,130,2016,5,11,7,2,3,6,0,0,0,1,0,0,1,0,5.55193E+20,5.27143E+21,9.73415E+15,4.7594E+16
69532,69533,9,3,75,130,2016,5,14,7,3,4,6,0,0,0,1,0,1,0,1,7.3799E+20,5.43743E+21,1.22569E+16,4.90438E+16
69533,69534,9,1,84,132,2016,5,16,5,3,0,1,0,0,1,0,0,0,0,0,6.83745E+20,5.3257E+21,1.14661E+16,4.80581E+16
69534,69535,9,1,81,130,2016,5,13,6,3,2,6,0,0,0,1,0,0,0,0,6.37489E+20,5.32336E+21,1.08449E+16,4.80487E+16
69535,69536,9,7,72,131,2016,5,15,7,2,8,1,0,0,0,0,0,1,0,0,6.16835E+20,5.3566E+21,1.0577E+16,4.83518E+16
69536,69537,9,3,74,162,2016,5,14,5,3,2,6,0,0,0,0,0,1,0,0,7.42249E+20,5.49538E+21,1.23502E+16,4.95625E+16
69537,69538,9,2,71,141,2016,5,12,6,3,2,6,0,0,0,1,0,0,0,0,7.94506E+20,5.40347E+21,1.30041E+16,4.87146E+16
69538,69539,9,1,89,140,2016,5,10,7,3,4,2,0,0,0,1,0,0,0,0,7.70848E+20,5.29387E+21,1.26131E+16,4.77413E+16
69539,69540,9,7,74,135,2016,5,18,6,3,0,6,0,0,0,1,0,0,0,0,5.95423E+20,5.36502E+21,1.029E+16,4.84311E+16
69540,69541,9,2,75,159,2016,5,13,7,2,8,7,0,0,0,0,0,1,0,0,8.1099E+20,5.39532E+21,1.32214E+16,4.86335E+16
69541,69542,9,1,84,118,2016,5,10,6,1,9,1,0,0,0,0,0,1,0,0,7.04387E+20,5.33592E+21,1.17477E+16,4.81436E+16
69542,69543,9,1,89,152,2016,5,13,6,2,8,1,0,0,0,1,0,1,0,1,7.78291E+20,5.33352E+21,1.27378E+16,4.80941E+16
69543,69544,9,5,74,152,2016,5,10,5,3,5,3,0,0,0,1,0,0,0,0,6.61944E+20,5.48343E+21,1.12358E+16,4.94819E+16
69544,69545,9,6,75,131,2016,5,15,7,3,5,3,0,0,1,1,0,0,0,0,5.88613E+20,5.51197E+21,1.02302E+16,4.97537E+16
69545,69546,9,3,72,116,2016,5,19,7,2,5,3,0,0,0,1,0,1,0,0,7.65876E+20,5.46133E+21,1.26535E+16,4.92469E+16
69546,69547,9,1,62,0,2016,5,22,5,3,5,3,2,0,0,1,0,0,0,0,6.86181E+20,5.33522E+21,1.15029E+16,4.8143E+16
69547,69548,9,1,79,123,2016,5,9,6,2,2,2,0,0,0,1,0,1,0,0,6.74022E+20,5.33193E+21,1.13382E+16,4.81168E+16
69548,69549,9,2,74,176,2016,5,13,6,3,5,2,0,0,0,1,0,1,0,0,7.22526E+20,5.39833E+21,1.20243E+16,4.86983E+16
69549,69550,9,7,71,114,2016,5,13,7,3,0,7,0,0,1,0,0,0,0,0,6.45016E+20,5.37512E+21,1.09636E+16,4.85125E+16