FID,OBJECTID,ULAND,UREGBEZ,UKREIS,UGEMEINDE,UJAHR,UMONAT,USTUNDE,UWOCHENTAG,UKATEGORIE,UART,UTYP1,ULICHTVERH,IstStrasse,IstRad,IstPKW,IstFuss,IstKrad,IstGkfz,IstSonstig,LINREFX,LINREFY,XGCSWGS84,YGCSWGS84
69550,69551,9,5,71,145,2016,5,22,6,3,0,6,2,0,0,1,0,0,1,0,5.90347E+20,5.45091E+21,1.02403E+16,4.92043E+16
69551,69552,9,7,63,0,2016,5,13,6,3,2,6,0,0,0,1,0,0,0,0,5.98416E+20,5.28787E+21,1.03127E+16,4.77367E+16
69552,69553,9,7,61,0,2016,5,17,6,3,5,2,0,0,1,1,0,0,0,0,6.38751E+20,5.36113E+21,1.08742E+16,4.83881E+16
69553,69554,9,1,63,0,2016,5,11,6,3,5,2,0,0,1,1,0,0,0,0,7.33504E+20,5.30513E+21,1.21218E+16,4.7857E+16
69554,69555,9,5,64,0,2016,5,5,5,3,1,5,2,0,0,1,0,0,0,1,6.48022E+20,5.47157E+21,1.10393E+16,4.93788E+16
69555,69556,9,6,62,0,2016,5,17,7,3,0,7,0,0,1,0,0,0,0,0,5.87478E+20,5.54373E+21,1.02216E+16,5.00395E+16
69556,69557,9,5,64,0,2016,5,14,5,2,0,7,0,0,1,0,0,0,0,0,6.59337E+20,5.47632E+21,1.1197E+16,4.94186E+16
69557,69558,9,1,79,123,2016,5,12,7,3,5,3,0,0,0,1,0,0,0,0,6.75544E+20,5.33332E+21,1.13592E+16,4.81289E+16
69558,69559,9,4,71,145,2016,5,16,6,3,2,6,0,0,0,1,0,1,0,0,6.42514E+20,5.51947E+21,1.09809E+16,4.98108E+16
69559,69560,9,5,71,193,2016,5,9,5,3,2,6,0,0,0,1,0,0,0,0,5.86312E+20,5.46993E+21,1.0189E+16,4.93759E+16
69560,69561,9,1,86,152,2016,5,1,7,1,8,1,2,0,0,1,0,0,0,0,6.90213E+20,5.38183E+21,1.15781E+16,4.85607E+16
69561,69562,9,5,71,136,2016,5,16,6,2,5,3,0,0,1,0,0,0,1,0,5.97349E+20,5.43554E+21,1.03327E+16,4.9065E+16
69562,69563,9,7,76,126,2016,5,10,6,2,0,1,0,0,0,0,0,1,0,0,5.60586E+20,5.27192E+21,9.80596E+15,4.75979E+16
69563,69564,9,6,79,155,2016,5,11,6,3,5,3,0,0,0,1,0,0,0,0,5.60972E+20,5.50532E+21,9.84547E+15,4.96974E+16
69564,69565,9,5,71,111,2016,5,15,5,2,5,2,0,0,0,1,0,1,0,0,5.80714E+20,5.4778E+21,1.01135E+16,4.94475E+16
69565,69566,9,3,75,201,2016,5,5,6,3,9,7,0,0,0,1,0,0,0,0,7.46086E+20,5.41992E+21,1.23569E+16,4.88833E+16
69566,69567,9,5,74,139,2016,5,12,7,2,0,7,0,0,1,0,0,0,0,0,6.70001E+20,5.4801E+21,1.13455E+16,4.94498E+16
69567,69568,9,5,75,128,2016,5,2,5,2,8,7,2,0,0,1,0,0,0,0,6.20229E+20,5.49736E+21,1.06645E+16,4.96168E+16
69568,69569,9,1,74,126,2016,5,1,7,3,5,6,2,0,0,1,0,1,0,0,6.83887E+20,5.34376E+21,1.14758E+16,4.82204E+16
69569,69570,9,2,73,137,2016,5,21,7,3,8,1,2,0,0,1,0,0,0,0,7.13557E+20,5.42631E+21,1.19172E+16,4.89528E+16
69570,69571,9,3,75,196,2016,5,12,6,3,5,3,0,0,0,1,0,0,0,1,7.29321E+20,5.41426E+21,1.21254E+16,4.88389E+16
69571,69572,9,3,77,158,2016,5,13,7,3,1,6,0,0,0,1,0,0,0,0,7.3627E+20,5.54388E+21,1.22971E+16,5.00004E+16
69572,69573,9,1,84,127,2016,5,14,5,3,2,6,0,0,0,1,0,1,0,0,7.0586E+20,5.32153E+21,1.17605E+16,4.80139E+16
69573,69574,9,1,79,123,2016,5,17,6,3,2,6,0,0,0,1,0,0,0,0,6.77382E+20,5.33226E+21,1.13835E+16,4.81189E+16
69574,69575,9,7,79,155,2016,5,13,7,3,8,1,0,0,0,0,0,1,0,0,6.21833E+20,5.40466E+21,1.06585E+16,4.8783E+16
69575,69576,9,7,62,0,2016,5,12,6,3,5,3,0,0,0,1,0,0,0,0,6.22537E+20,5.30488E+21,1.06391E+16,4.78855E+16
69576,69577,9,5,76,113,2016,5,15,6,2,2,6,0,0,0,1,0,0,1,0,6.61146E+20,5.45838E+21,1.12147E+16,4.92569E+16
69577,69578,9,3,71,131,2016,5,16,6,3,0,1,0,0,0,1,0,0,0,0,6.96712E+20,5.47774E+21,1.17125E+16,4.94205E+16
69578,69579,9,4,73,121,2016,5,15,7,3,3,3,0,0,0,1,0,0,0,0,6.46247E+20,5.5656E+21,1.10503E+16,5.02245E+16
69579,69580,9,5,61,0,2016,5,19,5,3,4,1,0,0,0,1,0,0,0,0,6.19468E+20,5.46363E+21,1.06437E+16,4.93137E+16
69580,69581,9,1,90,142,2016,5,7,7,3,9,1,0,0,0,1,0,0,0,0,6.63106E+20,5.29465E+21,1.11775E+16,4.77846E+16
69581,69582,9,7,80,132,2016,5,16,7,3,9,1,0,0,0,0,0,1,0,0,5.73373E+20,5.26736E+21,9.97527E+15,4.75555E+16
69582,69583,9,3,75,114,2016,5,17,7,3,8,1,0,0,0,1,0,0,0,0,7.37896E+20,5.438E+21,1.22559E+16,4.90489E+16
69583,69584,9,7,78,190,2016,5,16,5,3,0,3,0,0,0,1,0,0,0,0,6.08853E+20,5.33111E+21,1.04628E+16,4.81239E+16
69584,69585,9,1,81,128,2016,5,12,6,2,5,2,0,0,0,1,0,0,0,0,6.38626E+20,5.32764E+21,1.08615E+16,4.80869E+16
69585,69586,9,2,77,133,2016,5,14,6,3,2,6,0,0,0,1,0,0,0,0,7.69007E+20,5.36676E+21,1.26344E+16,4.83965E+16
69586,69587,9,7,61,0,2016,5,17,7,3,4,2,0,0,0,1,0,0,0,0,6.43354E+20,5.36133E+21,1.09364E+16,4.83888E+16
69587,69588,9,3,74,119,2016,5,16,5,3,5,3,0,0,0,1,0,0,0,0,7.22349E+20,5.50018E+21,1.20781E+16,4.96132E+16
69588,69589,9,2,75,126,2016,5,21,6,2,9,1,2,0,0,0,0,1,0,0,8.40612E+20,5.39982E+21,1.36259E+16,4.86585E+16
69589,69590,9,3,76,149,2016,5,15,5,3,0,3,0,0,0,1,0,0,0,0,7.34785E+20,5.45921E+21,1.22258E+16,4.92406E+16
69590,69591,9,2,63,0,2016,5,6,6,2,5,3,0,0,1,1,0,0,0,0,7.62778E+20,5.41989E+21,1.25841E+16,4.88762E+16
69591,69592,9,4,72,175,2016,5,14,7,3,3,1,0,0,0,1,0,0,0,0,6.798E+20,5.51995E+21,1.14989E+16,4.9805E+16
69592,69593,9,4,64,0,2016,5,15,5,3,5,3,0,0,0,1,0,1,0,0,7.05628E+20,5.57769E+21,1.18884E+16,5.03154E+16
69593,69594,9,1,83,148,2016,5,11,7,3,8,1,0,0,0,1,0,0,0,0,7.56026E+20,5.34575E+21,1.24467E+16,4.82133E+16
69594,69595,9,3,71,141,2016,5,14,7,2,3,2,0,0,1,1,0,0,0,0,6.89947E+20,5.4895E+21,1.1625E+16,4.95283E+16
69595,69596,9,7,80,140,2016,5,13,5,3,8,1,0,0,0,1,0,0,0,0,6.01583E+20,5.2819E+21,1.03535E+16,4.76825E+16
69596,69597,9,1,79,121,2016,5,15,6,3,0,7,0,0,1,0,0,0,0,0,6.67141E+20,5.34006E+21,1.1249E+16,4.81917E+16
69597,69598,9,1,80,127,2016,5,13,6,3,0,1,0,0,1,0,0,0,0,0,6.65739E+20,5.27735E+21,1.12061E+16,4.76283E+16
69598,69599,9,4,73,151,2016,5,8,5,2,8,1,0,0,0,0,0,1,0,0,6.53422E+20,5.57207E+21,1.11534E+16,5.02808E+16
69599,69600,9,6,79,180,2016,5,19,7,3,8,1,0,0,0,1,0,0,0,0,5.70806E+20,5.52127E+21,9.98472E+15,4.98397E+16
69600,69601,9,1,87,177,2016,5,15,7,3,5,3,0,0,1,1,0,0,0,0,7.36359E+20,5.30577E+21,1.21603E+16,4.78617E+16
69601,69602,9,5,75,128,2016,5,2,6,2,8,1,2,0,0,1,0,0,0,0,6.17674E+20,5.49745E+21,1.06291E+16,4.96181E+16
69602,69603,9,7,63,0,2016,5,12,6,2,1,6,0,0,0,1,0,0,0,0,5.98334E+20,5.28634E+21,1.03112E+16,4.7723E+16
69603,69604,9,7,61,0,2016,5,14,6,3,2,6,0,0,0,1,0,0,0,0,6.38989E+20,5.35654E+21,1.08759E+16,4.83467E+16
69604,69605,9,1,72,116,2016,5,13,7,2,2,6,0,0,0,1,0,1,0,0,8.02997E+20,5.28523E+21,1.30349E+16,4.76494E+16
69605,69606,9,7,74,135,2016,5,17,6,3,0,7,0,1,0,0,0,1,1,0,5.95407E+20,5.36676E+21,1.02902E+16,4.84467E+16
69606,69607,9,2,77,138,2016,5,3,7,3,5,3,2,0,0,1,0,0,0,0,7.91036E+20,5.37269E+21,1.29355E+16,4.844E+16
69607,69608,9,7,79,155,2016,5,13,6,2,4,6,0,0,0,1,0,0,0,1,6.29815E+20,5.4061E+21,1.07676E+16,4.87944E+16
69608,69609,9,7,76,124,2016,5,17,5,2,5,3,0,0,1,1,0,0,0,0,5.71492E+20,5.27567E+21,9.95162E+15,4.76305E+16
69609,69610,9,1,71,123,2016,5,17,6,3,2,6,0,0,0,1,0,0,0,0,7.84714E+20,5.351E+21,1.28355E+16,4.82482E+16
69610,69611,9,4,73,138,2016,5,14,5,3,0,1,0,0,1,0,0,0,0,0,6.34972E+20,5.55451E+21,1.08884E+16,5.01274E+16
69611,69612,9,6,74,210,2016,5,13,7,3,8,1,0,0,0,0,0,1,0,0,6.30994E+20,5.55291E+21,1.08322E+16,5.01139E+16
69612,69613,9,4,76,184,2016,5,15,5,3,0,7,0,0,0,0,0,1,0,0,6.76612E+20,5.56817E+21,1.14768E+16,5.02393E+16
69613,69614,9,1,86,158,2016,5,4,7,2,9,1,1,0,0,1,0,0,0,0,6.88736E+20,5.40238E+21,1.15675E+16,4.87458E+16
69614,69615,9,5,61,0,2016,5,17,6,3,2,6,0,0,0,1,0,0,0,0,6.1517E+20,5.46222E+21,1.05842E+16,4.93019E+16
69615,69616,9,7,63,0,2016,5,12,6,3,2,6,0,0,0,1,0,1,0,0,5.98332E+20,5.2863E+21,1.03112E+16,4.77226E+16
69616,69617,9,6,78,192,2016,5,15,6,3,8,1,0,0,0,1,0,0,0,0,5.76717E+20,5.54407E+21,1.00715E+16,5.0044E+16
69617,69618,9,3,62,0,2016,5,19,6,3,3,2,0,0,1,0,0,1,0,0,7.30681E+20,5.43492E+21,1.21556E+16,4.9024E+16
69618,69619,9,5,71,199,2016,5,18,7,3,2,6,0,0,0,1,0,0,0,0,5.90662E+20,5.44779E+21,1.02439E+16,4.91762E+16
69619,69620,9,4,76,145,2016,5,13,5,2,5,3,0,0,1,1,0,0,0,0,6.63866E+20,5.57297E+21,1.13003E+16,5.02861E+16
69620,69621,9,1,62,0,2016,5,8,6,3,4,2,0,0,0,1,0,0,0,0,7.00873E+20,5.33535E+21,1.17002E+16,4.81397E+16
69621,69622,9,2,73,137,2016,5,10,7,3,0,3,0,0,0,1,0,0,0,0,7.10232E+20,5.42242E+21,1.18698E+16,4.8919E+16
69622,69623,9,1,61,0,2016,5,15,6,3,3,2,0,0,1,1,0,0,0,0,6.79364E+20,5.40085E+21,1.14394E+16,4.87348E+16
69623,69624,9,4,76,145,2016,5,11,5,3,2,6,0,0,0,1,0,0,0,0,6.65721E+20,5.56694E+21,1.13237E+16,5.02314E+16
69624,69625,9,6,71,140,2016,5,16,7,3,3,6,0,0,0,1,0,1,0,0,5.07733E+20,5.53653E+21,9.10786E+15,4.99811E+16
69625,69626,9,4,73,158,2016,5,11,5,3,0,1,0,0,1,0,0,0,0,0,6.25795E+20,5.57547E+21,1.0767E+16,5.03179E+16
69626,69627,9,1,74,115,2016,5,23,7,3,0,1,2,0,1,0,0,0,0,0,6.83298E+20,5.34856E+21,1.14699E+16,4.82637E+16
69627,69628,9,3,77,158,2016,5,15,6,2,2,2,0,0,0,1,0,1,0,0,7.33868E+20,5.54431E+21,1.22639E+16,5.00052E+16
69628,69629,9,1,61,0,2016,5,13,6,3,8,1,0,0,0,0,0,1,0,0,6.78569E+20,5.40282E+21,1.14295E+16,4.87527E+16
69629,69630,9,7,80,132,2016,5,10,6,3,7,1,0,0,0,1,0,0,0,0,5.81527E+20,5.26754E+21,1.00837E+16,4.75561E+16
69630,69631,9,5,74,129,2016,5,18,6,2,5,2,0,0,0,1,0,1,0,0,6.8119E+20,5.49804E+21,1.1508E+16,4.96077E+16
69631,69632,9,3,71,126,2016,5,16,6,3,0,1,0,0,0,0,0,1,0,0,7.06772E+20,5.49088E+21,1.18579E+16,4.95352E+16
69632,69633,9,4,73,144,2016,5,19,7,2,9,1,0,0,0,1,0,1,0,0,6.38309E+20,5.57487E+21,1.09425E+16,5.03097E+16
69633,69634,9,4,77,128,2016,5,13,5,3,5,3,0,0,0,1,0,0,0,0,6.73616E+20,5.55236E+21,1.14276E+16,5.00981E+16
69634,69635,9,1,73,124,2016,5,17,7,2,1,2,0,0,0,1,0,1,0,0,6.92308E+20,5.29037E+21,1.15651E+16,4.77381E+16
69635,69636,9,3,73,126,2016,5,17,7,2,3,6,0,0,0,1,0,1,0,0,6.72165E+20,5.4531E+21,1.13637E+16,4.92065E+16
69636,69637,9,7,77,166,2016,5,17,5,3,2,6,0,0,0,1,0,1,0,0,6.31573E+20,5.28273E+21,1.07532E+16,4.76845E+16
69637,69638,9,7,80,140,2016,5,20,7,2,8,1,2,0,0,0,0,1,0,0,6.04452E+20,5.28139E+21,1.03916E+16,4.76775E+16
69638,69639,9,3,72,126,2016,5,19,7,3,9,7,0,0,0,1,0,0,0,0,7.79589E+20,5.46767E+21,1.28459E+16,4.92977E+16
69639,69640,9,7,77,125,2016,5,14,5,3,0,6,0,0,1,0,0,0,0,0,6.20436E+20,5.27435E+21,1.06025E+16,4.76113E+16
69640,69641,9,1,88,137,2016,5,11,6,3,5,3,0,0,0,1,0,1,0,0,6.72628E+20,5.31691E+21,1.13135E+16,4.79822E+16
69641,69642,9,7,61,0,2016,5,17,7,3,3,3,0,0,0,1,0,0,0,1,6.40879E+20,5.36391E+21,1.09038E+16,4.84126E+16
69642,69643,9,3,71,148,2016,5,20,5,3,6,7,0,0,0,1,1,0,0,0,7.14566E+20,5.46005E+21,1.19488E+16,4.92556E+16
69643,69644,9,2,76,138,2016,5,17,6,3,5,3,0,0,0,1,0,0,0,0,8.02485E+20,5.43246E+21,1.31336E+16,4.89709E+16
69644,69645,9,4,61,0,2016,5,15,7,3,2,1,0,0,0,1,0,0,0,0,6.36345E+20,5.53155E+21,1.08994E+16,4.99207E+16
69645,69646,9,1,89,157,2016,5,11,7,3,5,3,0,0,1,0,0,0,0,1,7.65212E+20,5.32555E+21,1.25575E+16,4.80281E+16
69646,69647,9,2,75,114,2016,5,9,7,3,5,3,0,0,0,1,0,0,0,0,7.97487E+20,5.38885E+21,1.3034E+16,4.8582E+16
69647,69648,9,7,79,194,2016,5,13,5,3,8,1,0,0,0,1,0,0,0,0,6.07002E+20,5.41226E+21,1.04587E+16,4.88541E+16
69648,69649,9,1,75,132,2016,5,10,6,3,2,6,0,0,0,1,0,0,0,0,7.05281E+20,5.33462E+21,1.17591E+16,4.81317E+16
69649,69650,9,1,89,157,2016,5,14,6,3,5,3,0,0,0,1,0,1,0,0,7.63571E+20,5.32431E+21,1.25348E+16,4.80176E+16
69650,69651,9,4,72,116,2016,5,13,5,2,4,1,0,0,0,0,0,1,0,0,6.92583E+20,5.54998E+21,1.16913E+16,5.00709E+16
69651,69652,9,6,75,158,2016,5,16,7,3,4,2,0,0,0,1,0,1,0,0,5.97143E+20,5.51925E+21,1.03504E+16,4.98178E+16
69652,69653,9,4,72,176,2016,5,14,5,3,2,6,0,0,0,1,0,0,0,0,6.6746E+20,5.52791E+21,1.1331E+16,4.98801E+16
69653,69654,9,1,86,149,2016,5,19,7,3,0,7,0,0,0,0,0,1,0,1,6.90129E+20,5.38967E+21,1.15805E+16,4.86312E+16
69654,69655,9,5,75,161,2016,5,18,6,2,0,1,0,0,0,0,0,1,0,0,6.07671E+20,5.50416E+21,1.04925E+16,4.96804E+16
69655,69656,9,1,88,121,2016,5,18,6,3,5,3,0,0,0,1,0,1,0,0,6.71016E+20,5.33116E+21,1.12976E+16,4.81107E+16
69656,69657,9,2,74,141,2016,5,15,6,3,8,1,0,0,0,1,0,0,0,0,7.27513E+20,5.3968E+21,1.20911E+16,4.86827E+16
69657,69658,9,7,61,0,2016,5,13,7,3,5,3,0,0,0,1,0,0,0,0,6.38391E+20,5.35538E+21,1.08674E+16,4.83364E+16
69658,69659,9,5,73,130,2016,5,15,6,3,2,3,0,0,0,1,0,0,0,1,6.34055E+20,5.48379E+21,1.08511E+16,4.94919E+16
69659,69660,9,2,75,152,2016,5,14,6,3,2,6,0,0,0,1,0,1,0,0,8.22066E+20,5.40417E+21,1.33782E+16,4.87072E+16
69660,69661,9,7,80,143,2016,5,13,6,3,3,6,0,0,0,1,0,0,0,0,5.98958E+20,5.28176E+21,1.03185E+16,4.76817E+16
69661,69662,9,2,73,165,2016,5,17,7,3,2,6,0,0,0,1,0,0,0,0,7.16799E+20,5.40968E+21,1.19526E+16,4.88023E+16
69662,69663,9,7,73,125,2016,5,18,6,3,0,1,0,0,1,0,0,0,0,0,6.10604E+20,5.38211E+21,1.04997E+16,4.85823E+16
69663,69664,9,1,87,173,2016,5,16,6,1,2,6,0,0,1,0,0,0,0,1,7.44374E+20,5.32135E+21,1.22761E+16,4.79987E+16
69664,69665,9,4,74,126,2016,5,13,5,3,2,6,0,0,0,0,0,1,0,0,6.48526E+20,5.50615E+21,1.10593E+16,4.96895E+16
69665,69666,9,4,74,158,2016,5,18,5,2,8,1,0,0,0,0,0,1,0,0,6.53687E+20,5.50629E+21,1.11308E+16,4.96895E+16
69666,69667,9,1,76,148,2016,5,14,7,2,2,6,0,0,0,1,0,1,0,0,6.48428E+20,5.41545E+21,1.10243E+16,4.88742E+16
69667,69668,9,4,76,184,2016,5,21,6,3,2,6,2,0,0,1,0,0,0,0,6.77993E+20,5.5711E+21,1.14975E+16,5.02652E+16
69668,69669,9,7,62,0,2016,5,17,6,3,5,3,0,0,0,1,0,0,0,0,6.22864E+20,5.30635E+21,1.06439E+16,4.78987E+16
69669,69670,9,7,80,133,2016,5,13,6,3,4,1,0,0,1,0,0,0,0,0,5.95722E+20,5.253E+21,1.02691E+16,4.74234E+16
69670,69671,9,7,61,0,2016,5,6,6,3,5,3,0,0,0,1,0,0,0,0,6.36981E+20,5.36015E+21,1.085E+16,4.83796E+16
69671,69672,9,4,74,122,2016,5,15,5,3,4,6,0,0,0,1,0,1,0,0,6.51039E+20,5.50198E+21,1.10925E+16,4.96515E+16
69672,69673,9,5,74,129,2016,5,10,7,3,1,6,0,0,0,1,0,1,0,0,6.79659E+20,5.49538E+21,1.14856E+16,4.95843E+16
69673,69674,9,4,71,189,2016,5,15,5,3,0,1,0,0,0,0,0,1,0,0,6.53462E+20,5.53935E+21,1.11408E+16,4.99867E+16
69674,69675,9,1,74,122,2016,5,16,7,3,4,6,0,0,1,0,0,0,0,0,6.82806E+20,5.35097E+21,1.14643E+16,4.82855E+16
69675,69676,9,2,74,121,2016,5,14,7,2,0,6,0,0,0,1,0,1,0,0,7.2321E+20,5.37155E+21,1.20192E+16,4.84575E+16
69676,69677,9,3,75,205,2016,5,14,6,3,0,6,0,0,1,0,0,1,0,0,7.31679E+20,5.42264E+21,1.21622E+16,4.89133E+16
69677,69678,9,7,79,146,2016,5,12,5,2,8,1,0,0,0,0,0,1,0,0,6.07978E+20,5.40103E+21,1.0469E+16,4.87529E+16
69678,69679,9,1,76,153,2016,5,10,6,2,5,3,0,0,0,1,0,0,0,0,6.95237E+20,5.407E+21,1.1658E+16,4.87853E+16
69679,69680,9,7,77,153,2016,5,3,7,3,8,1,2,0,0,1,0,0,0,0,6.12577E+20,5.2756E+21,1.04983E+16,4.7624E+16
69680,69681,9,5,64,0,2016,5,5,6,3,5,3,1,0,1,1,0,0,0,0,6.52155E+20,5.47752E+21,1.10985E+16,4.94313E+16
69681,69682,9,2,76,117,2016,5,12,5,3,0,1,0,0,0,0,0,1,0,0,8.00181E+20,5.44133E+21,1.31088E+16,4.90516E+16
69682,69683,9,2,63,0,2016,5,18,6,3,2,2,0,0,0,1,0,1,0,0,7.61988E+20,5.42043E+21,1.25737E+16,4.88814E+16
69683,69684,9,4,78,165,2016,5,20,7,3,0,1,0,1,0,0,0,1,0,0,6.43696E+20,5.55247E+21,1.10096E+16,5.01071E+16
69684,69685,9,1,74,126,2016,5,12,3,3,1,6,0,0,0,1,0,0,0,0,6.83458E+20,5.34414E+21,1.14702E+16,4.82239E+16
69685,69686,9,4,74,123,2016,5,16,1,3,2,2,0,0,0,1,0,0,0,0,6.47932E+20,5.51481E+21,1.10543E+16,4.97675E+16
69686,69687,9,3,72,113,2016,5,13,1,3,0,2,0,0,0,0,0,1,0,0,7.92793E+20,5.4605E+21,1.30218E+16,4.92272E+16
69687,69688,9,1,86,137,2016,5,9,1,3,2,2,0,0,0,1,0,0,0,0,6.82852E+20,5.39898E+21,1.1486E+16,4.8717E+16
69688,69689,9,2,73,147,2016,5,19,3,3,9,1,0,1,0,1,0,0,0,0,7.00584E+20,5.3898E+21,1.17223E+16,4.86291E+16
69689,69690,9,1,71,129,2016,5,7,2,3,8,1,0,0,0,1,0,0,0,0,7.77401E+20,5.35594E+21,1.27405E+16,4.82958E+16
69690,69691,9,7,79,224,2016,5,7,2,3,5,3,0,0,0,1,0,0,0,0,6.07616E+20,5.41732E+21,1.04684E+16,4.88995E+16
69691,69692,9,2,73,137,2016,5,16,1,3,4,2,0,0,0,1,0,1,0,0,7.10232E+20,5.42242E+21,1.18698E+16,4.8919E+16
69692,69693,9,7,80,118,2016,5,13,1,3,2,6,0,0,0,0,0,1,0,0,5.96266E+20,5.26716E+21,1.02794E+16,4.75507E+16
69693,69694,9,6,72,135,2016,5,11,2,3,5,3,0,0,0,1,0,0,0,0,5.9362E+20,5.568E+21,1.03134E+16,5.02567E+16
69694,69695,9,6,71,160,2016,5,16,1,3,2,6,0,0,0,1,0,1,0,0,5.22745E+20,5.52334E+21,9.31646E+15,4.98621E+16
69695,69696,9,1,84,114,2016,5,11,2,3,5,2,0,0,0,1,0,0,0,0,7.02664E+20,5.3181E+21,1.17161E+16,4.79841E+16
69696,69697,9,1,62,0,2016,5,0,7,3,0,1,2,0,0,0,0,1,0,0,6.89074E+20,5.33135E+21,1.154E+16,4.81073E+16
69697,69698,9,2,62,0,2016,5,10,1,3,5,3,0,0,0,1,0,1,0,0,8.29089E+20,5.38952E+21,1.34618E+16,4.85722E+16
69698,69699,9,1,87,179,2016,5,13,2,3,8,1,0,0,0,1,0,0,0,0,7.25313E+20,5.31361E+21,1.20169E+16,4.79361E+16
69699,69700,9,4,75,161,2016,5,8,2,3,8,7,0,0,0,0,0,0,1,0,7.15229E+20,5.5783E+21,1.20234E+16,5.03175E+16
69700,69701,9,6,78,115,2016,5,7,2,3,1,6,0,0,0,1,0,0,1,0,5.83415E+20,5.54145E+21,1.01644E+16,5.00195E+16
69701,69702,9,1,87,114,2016,5,11,2,3,3,6,0,0,0,1,0,1,0,0,7.50356E+20,5.29865E+21,1.2343E+16,4.77925E+16
69702,69703,9,6,79,154,2016,5,9,2,3,2,6,0,0,0,1,0,0,0,1,5.61504E+20,5.51092E+21,9.85374E+15,4.97476E+16
69703,69704,9,2,79,112,2016,5,17,1,3,0,7,0,0,1,0,0,0,0,0,7.57475E+20,5.39247E+21,1.24948E+16,4.86323E+16
69704,69705,9,7,77,163,2016,5,13,1,2,5,2,0,0,0,1,0,1,0,0,6.28457E+20,5.27373E+21,1.0709E+16,4.76042E+16
69705,69706,9,5,72,133,2016,5,11,2,2,5,3,0,0,0,1,0,1,0,0,6.38056E+20,5.49914E+21,1.09117E+16,4.9629E+16
69706,69707,9,5,74,123,2016,5,15,1,3,2,6,0,0,0,1,0,0,1,0,6.58931E+20,5.47354E+21,1.11903E+16,4.93938E+16
69707,69708,9,1,62,0,2016,5,17,2,3,3,2,0,0,1,1,0,0,0,0,6.95607E+20,5.33854E+21,1.1631E+16,4.817E+16
69708,69709,9,2,78,144,2016,5,5,2,1,5,3,0,0,0,1,0,1,0,0,7.4179E+20,5.40954E+21,1.22923E+16,4.87918E+16
69709,69710,9,1,62,0,2016,5,9,2,3,2,6,0,0,0,1,0,0,0,0,6.80829E+20,5.33931E+21,1.14327E+16,4.81813E+16
69710,69711,9,4,77,128,2016,5,15,2,3,1,6,0,0,0,1,0,0,0,0,6.74659E+20,5.55408E+21,1.1443E+16,5.01132E+16
69711,69712,9,1,86,132,2016,5,21,3,3,7,7,2,0,0,0,0,1,0,0,6.78574E+20,5.3666E+21,1.1414E+16,4.84272E+16
69712,69713,9,4,79,112,2016,5,21,1,2,9,7,2,0,0,1,0,0,0,0,7.27996E+20,5.55124E+21,1.21862E+16,5.00697E+16
69713,69714,9,5,77,141,2016,5,16,2,3,9,1,0,0,0,1,0,0,0,0,6.46872E+20,5.43676E+21,1.10107E+16,4.90661E+16
69714,69715,9,4,79,169,2016,5,6,3,3,0,7,0,0,0,1,0,0,0,1,7.15126E+20,5.54729E+21,1.20044E+16,5.0039E+16
69715,69716,9,1,76,114,2016,5,13,1,3,0,1,0,0,0,1,0,1,0,0,6.79062E+20,5.43297E+21,1.14494E+16,4.90236E+16
69716,69717,9,3,76,161,2016,5,17,3,2,2,6,0,1,0,1,0,0,0,0,7.25635E+20,5.46834E+21,1.21054E+16,4.9326E+16
69717,69718,9,6,79,130,2016,5,0,1,3,8,1,2,0,0,1,0,0,0,0,5.71486E+20,5.52076E+21,9.99409E+15,4.9835E+16
69718,69719,9,5,64,0,2016,5,10,2,3,0,7,1,0,1,0,0,0,0,0,6.53497E+20,5.47821E+21,1.11173E+16,4.94372E+16
69719,69720,9,5,71,193,2016,5,18,1,3,2,6,0,0,0,1,0,0,0,0,5.87225E+20,5.47259E+21,1.02022E+16,4.93998E+16
69720,69721,9,4,74,161,2016,5,14,3,3,1,5,0,0,0,1,0,0,0,0,6.56654E+20,5.51377E+21,1.11749E+16,4.9756E+16
69721,69722,9,2,74,127,2016,5,10,1,2,0,1,0,0,0,0,0,1,0,0,7.35777E+20,5.39812E+21,1.2204E+16,4.86916E+16
69722,69723,9,7,63,0,2016,5,16,2,2,0,7,0,0,1,0,0,0,0,0,5.99653E+20,5.28643E+21,1.03288E+16,4.77235E+16
69723,69724,9,2,71,146,2016,5,12,2,3,0,1,0,0,1,0,0,0,0,0,7.84351E+20,5.41008E+21,1.28709E+16,4.87787E+16
69724,69725,9,1,79,138,2016,5,15,2,3,9,1,0,0,0,1,0,0,0,0,6.57284E+20,5.33445E+21,1.11144E+16,4.81439E+16
69725,69726,9,3,75,170,2016,5,16,2,3,4,2,0,0,0,1,0,0,0,0,7.37153E+20,5.42753E+21,1.22397E+16,4.89552E+16
69726,69727,9,1,81,130,2016,5,15,3,3,4,2,0,0,0,1,0,0,0,0,6.4225E+20,5.32456E+21,1.09091E+16,4.80585E+16
69727,69728,9,4,62,0,2016,5,11,1,3,2,6,0,0,0,1,0,0,0,0,6.82189E+20,5.53429E+21,1.15388E+16,4.99332E+16
69728,69729,9,4,61,0,2016,5,14,3,3,2,6,0,0,0,1,0,0,1,0,6.38274E+20,5.53179E+21,1.09264E+16,4.99225E+16