FID,OBJECTID,ULAND,UREGBEZ,UKREIS,UGEMEINDE,UJAHR,UMONAT,USTUNDE,UWOCHENTAG,UKATEGORIE,UART,UTYP1,ULICHTVERH,IstStrasse,IstRad,IstPKW,IstFuss,IstKrad,IstGkfz,IstSonstig,LINREFX,LINREFY,XGCSWGS84,YGCSWGS84
69729,69730,9,3,73,159,2016,5,14,1,2,0,7,0,0,1,0,0,0,0,0,6.76536E+20,5.45559E+21,1.14248E+16,4.92276E+16
69730,69731,9,1,76,112,2016,5,10,1,3,8,1,0,0,0,0,0,1,0,0,6.91962E+20,5.4199E+21,1.16195E+16,4.89022E+16
69731,69732,9,2,75,146,2016,5,10,3,2,2,3,0,0,0,1,0,0,1,0,8.30108E+20,5.39347E+21,1.34787E+16,4.86071E+16
69732,69733,9,1,83,124,2016,5,7,2,3,0,6,0,0,0,1,0,1,0,0,7.57519E+20,5.34176E+21,1.24643E+16,4.81768E+16
69733,69734,9,1,89,120,2016,5,14,2,3,5,3,0,0,0,1,0,0,0,0,7.55632E+20,5.29897E+21,1.24135E+16,4.77933E+16
69734,69735,9,7,80,139,2016,5,19,2,3,5,2,0,0,0,1,0,0,0,0,5.96499E+20,5.2637E+21,1.02818E+16,4.75196E+16
69735,69736,9,2,75,128,2016,5,18,2,3,4,1,0,0,0,1,0,1,0,0,8.27487E+20,5.39837E+21,1.34471E+16,4.86525E+16
69736,69737,9,1,78,124,2016,5,9,2,3,2,6,0,0,0,1,0,0,0,0,7.03384E+20,5.3622E+21,1.17469E+16,4.83802E+16
69737,69738,9,3,76,150,2016,5,8,2,2,4,2,0,0,0,1,0,0,0,0,7.26885E+20,5.49149E+21,1.21358E+16,4.95335E+16
69738,69739,9,1,84,149,2016,5,12,3,3,2,6,0,0,0,1,0,0,0,0,6.90684E+20,5.35199E+21,1.15709E+16,4.82923E+16
69739,69740,9,4,71,174,2016,5,2,1,3,8,1,2,0,0,1,0,0,0,0,6.31984E+20,5.54697E+21,1.0844E+16,5.00604E+16
69740,69741,9,3,76,170,2016,5,6,1,3,8,1,0,0,0,1,0,0,0,0,7.27991E+20,5.45905E+21,1.21325E+16,4.92417E+16
69741,69742,9,1,79,125,2016,5,13,1,3,0,7,0,0,1,0,0,0,0,0,6.60543E+20,5.33207E+21,1.11573E+16,4.81217E+16
69742,69743,9,1,90,120,2016,5,14,3,2,5,3,0,0,0,1,0,0,0,0,6.65153E+20,5.29699E+21,1.12057E+16,4.7805E+16
69743,69744,9,1,63,0,2016,5,18,2,3,2,6,0,0,0,1,0,0,0,0,7.34183E+20,5.30445E+21,1.21305E+16,4.78507E+16
69744,69745,9,7,72,162,2016,5,16,2,3,5,3,0,0,1,1,0,0,0,0,6.36108E+20,5.33558E+21,1.08303E+16,4.81588E+16
69745,69746,9,1,90,154,2016,5,16,1,2,4,6,0,0,0,1,0,1,0,0,6.38016E+20,5.28443E+21,1.08395E+16,4.76985E+16
69746,69747,9,7,76,127,2016,5,15,1,2,9,1,0,0,0,0,0,1,0,0,5.75733E+20,5.27073E+21,1.00072E+16,4.75856E+16
69747,69748,9,5,64,0,2016,5,8,2,3,2,6,0,0,0,1,0,0,0,0,6.5213E+20,5.47346E+21,1.10966E+16,4.93948E+16
69748,69749,9,6,71,138,2016,5,10,1,2,5,3,0,0,0,1,0,1,0,0,5.14823E+20,5.548E+21,9.20719E+15,5.00841E+16
69749,69750,9,1,84,138,2016,5,15,2,3,4,6,0,0,1,0,0,0,0,0,6.81694E+20,5.3307E+21,1.14407E+16,4.81036E+16
69750,69751,9,1,62,0,2016,5,11,7,3,4,2,0,0,1,1,0,0,0,0,6.98292E+20,5.33323E+21,1.16646E+16,4.81214E+16
69751,69752,9,1,90,154,2016,5,11,1,3,5,3,0,0,0,1,0,1,0,0,6.39542E+20,5.2847E+21,1.08599E+16,4.77006E+16
69752,69753,9,7,78,177,2016,5,9,1,3,3,6,0,0,0,1,0,0,0,1,5.9007E+20,5.32237E+21,1.02086E+16,4.80482E+16
69753,69754,9,6,62,0,2016,5,20,1,3,3,3,1,0,1,1,0,0,0,0,5.88784E+20,5.54389E+21,1.02399E+16,5.00407E+16
69754,69755,9,1,84,122,2016,5,14,2,3,5,3,0,0,0,1,0,0,0,0,6.8787E+20,5.32278E+21,1.15201E+16,4.80306E+16
69755,69756,9,1,62,0,2016,5,19,7,3,4,2,0,0,1,1,0,0,0,0,6.91124E+20,5.33204E+21,1.15678E+16,4.81129E+16
69756,69757,9,2,77,148,2016,5,18,1,3,5,3,0,0,0,1,0,0,0,0,7.87625E+20,5.3613E+21,1.28817E+16,4.83394E+16
69757,69758,9,1,81,114,2016,5,19,1,3,0,1,0,0,1,0,0,0,0,0,6.5719E+20,5.31231E+21,1.1105E+16,4.79448E+16
69758,69759,9,1,82,120,2016,5,8,2,3,2,6,0,0,0,1,0,0,0,0,7.0118E+20,5.3075E+21,1.16913E+16,4.78893E+16
69759,69760,9,6,63,0,2016,5,6,2,3,4,2,0,0,1,1,0,0,0,0,5.67186E+20,5.51686E+21,9.93363E+15,4.98005E+16
69760,69761,9,1,73,133,2016,5,17,1,3,5,1,0,0,0,1,0,1,0,0,6.74221E+20,5.27335E+21,1.13173E+16,4.75902E+16
69761,69762,9,7,73,143,2016,5,4,1,3,9,1,2,0,0,1,0,0,0,0,6.2573E+20,5.37641E+21,1.0703E+16,4.85282E+16
69762,69763,9,5,72,158,2016,5,17,2,2,5,2,0,0,1,0,0,0,0,0,6.49257E+20,5.4958E+21,1.10655E+16,4.95963E+16
69763,69764,9,5,72,135,2016,5,16,1,3,4,2,0,0,0,1,0,1,0,0,6.3049E+20,5.50719E+21,1.08097E+16,4.97031E+16
69764,69765,9,2,73,152,2016,5,16,1,3,8,1,0,0,0,0,0,1,0,0,7.04984E+20,5.4099E+21,1.1792E+16,4.88083E+16
69765,69766,9,7,78,216,2016,5,9,2,3,2,6,0,0,0,1,0,0,0,0,6.24122E+20,5.32105E+21,1.0665E+16,4.80306E+16
69766,69767,9,2,63,0,2016,5,14,2,3,3,6,0,0,1,0,0,0,1,0,7.63036E+20,5.41955E+21,1.25874E+16,4.88731E+16
69767,69768,9,1,81,130,2016,5,16,2,3,2,6,0,0,0,1,0,0,0,0,6.38684E+20,5.32654E+21,1.0862E+16,4.8077E+16
69768,69769,9,1,86,143,2016,5,15,2,3,6,7,0,0,0,1,1,0,0,0,6.8555E+20,5.37894E+21,1.15137E+16,4.85361E+16
69769,69770,9,2,77,111,2016,5,9,1,3,2,6,0,0,0,1,0,0,0,0,7.81245E+20,5.38514E+21,1.28118E+16,4.85562E+16
69770,69771,9,1,85,158,2016,5,17,2,3,2,6,0,0,0,1,0,0,0,0,6.67396E+20,5.38194E+21,1.12692E+16,4.85682E+16
69771,69772,9,4,64,0,2016,5,18,2,3,3,2,0,0,1,0,0,0,1,0,7.06981E+20,5.57736E+21,1.19072E+16,5.0312E+16
69772,69773,9,6,78,150,2016,5,9,2,3,1,6,0,0,0,1,0,0,1,0,5.88789E+20,5.53033E+21,1.02368E+16,4.99188E+16
69773,69774,9,1,87,177,2016,5,7,3,3,2,6,0,0,0,1,0,0,0,0,7.36736E+20,5.30362E+21,1.21641E+16,4.78423E+16
69774,69775,9,5,71,136,2016,5,16,1,3,4,6,0,0,0,1,0,0,0,0,5.94433E+20,5.43717E+21,1.02932E+16,4.90801E+16
69775,69776,9,5,64,0,2016,5,15,2,3,5,3,0,0,0,1,0,0,0,1,6.52856E+20,5.47607E+21,1.11076E+16,4.94181E+16
69776,69777,9,5,61,0,2016,5,6,3,3,9,7,0,0,0,1,0,0,0,0,6.17096E+20,5.46071E+21,1.06103E+16,4.92879E+16
69777,69778,9,3,74,117,2016,5,11,3,2,5,2,0,0,0,1,0,0,0,0,7.03594E+20,5.51495E+21,1.18265E+16,4.97525E+16
69778,69779,9,2,78,184,2016,5,16,2,2,0,7,0,0,1,0,0,0,0,0,7.79273E+20,5.43522E+21,1.28191E+16,4.90066E+16
69779,69780,9,1,62,0,2016,5,16,2,3,2,6,0,0,0,1,0,0,0,0,6.84761E+20,5.34254E+21,1.1487E+16,4.82092E+16
69780,69781,9,3,72,151,2016,5,14,2,2,5,3,0,0,0,1,0,1,0,0,7.81238E+20,5.46046E+21,1.28635E+16,4.92323E+16
69781,69782,9,1,79,121,2016,5,15,3,3,0,7,0,0,1,0,0,0,0,0,6.67992E+20,5.3384E+21,1.12598E+16,4.81766E+16
69782,69783,9,4,74,134,2016,5,22,1,3,0,1,2,0,0,1,0,0,0,0,6.46877E+20,5.50624E+21,1.10365E+16,4.96908E+16
69783,69784,9,4,61,0,2016,5,11,2,3,0,7,0,0,0,1,0,1,0,0,6.35397E+20,5.52989E+21,1.08856E+16,4.9906E+16
69784,69785,9,1,76,153,2016,5,15,3,3,5,3,0,0,0,1,0,0,0,0,6.9832E+20,5.41028E+21,1.17015E+16,4.88138E+16
69785,69786,9,4,78,176,2016,5,15,1,3,4,6,0,0,0,1,0,0,0,0,6.62917E+20,5.54712E+21,1.12759E+16,5.0054E+16
69786,69787,9,5,71,114,2016,5,7,2,3,6,4,0,0,0,1,1,0,0,0,5.99212E+20,5.45425E+21,1.03628E+16,4.9233E+16
69787,69788,9,4,75,141,2016,5,22,3,3,2,1,2,0,1,1,0,0,0,0,7.03418E+20,5.5815E+21,1.18594E+16,5.03504E+16
69788,69789,9,1,74,143,2016,5,17,1,3,0,1,0,0,1,0,0,0,0,0,6.73703E+20,5.35303E+21,1.13426E+16,4.83066E+16
69789,69790,9,2,78,148,2016,5,12,3,3,5,3,0,0,1,1,0,0,0,0,7.37536E+20,5.40608E+21,1.22324E+16,4.87623E+16
69790,69791,9,2,72,120,2016,5,17,2,3,0,1,0,0,0,0,0,1,0,0,8.23997E+20,5.42258E+21,1.34189E+16,4.88714E+16
69791,69792,9,1,77,117,2016,5,7,2,3,5,3,0,0,1,1,0,0,0,0,7.15395E+20,5.35518E+21,1.19053E+16,4.83131E+16
69792,69793,9,1,83,119,2016,5,10,1,3,5,3,0,0,0,1,0,0,0,0,7.37281E+20,5.33816E+21,1.21905E+16,4.81524E+16
69793,69794,9,1,62,0,2016,5,9,1,3,1,6,0,0,0,1,0,1,0,0,6.92258E+20,5.33117E+21,1.15827E+16,4.81048E+16
69794,69795,9,6,77,155,2016,5,17,1,3,8,7,0,0,0,1,0,0,0,0,5.41759E+20,5.53239E+21,9.58199E+15,4.99424E+16
69795,69796,9,1,75,132,2016,5,13,3,3,5,3,0,0,0,1,0,0,0,0,7.06317E+20,5.33071E+21,1.17711E+16,4.80962E+16
69796,69797,9,3,72,167,2016,5,18,1,1,8,1,0,0,0,0,0,1,0,0,7.47659E+20,5.44921E+21,1.23962E+16,4.91457E+16
69797,69798,9,1,77,133,2016,5,16,3,2,5,3,0,1,0,1,0,0,0,0,7.11331E+20,5.36155E+21,1.18537E+16,4.83717E+16
69798,69799,9,1,62,0,2016,5,10,7,3,2,2,0,0,0,1,0,0,0,0,6.82452E+20,5.33553E+21,1.14529E+16,4.81469E+16
69799,69800,9,3,71,118,2016,5,9,1,3,2,6,0,0,0,1,0,0,0,0,7.16233E+20,5.47621E+21,1.19805E+16,4.94001E+16
69800,69801,9,1,84,135,2016,5,7,1,3,9,1,0,0,0,1,0,0,0,0,6.92166E+20,5.34495E+21,1.15877E+16,4.82286E+16
69801,69802,9,1,83,128,2016,5,17,3,3,5,3,0,0,0,1,0,0,0,0,7.61969E+20,5.35034E+21,1.25293E+16,4.8252E+16
69802,69803,9,1,87,163,2016,5,7,2,3,2,6,0,0,0,1,0,0,0,0,7.37461E+20,5.30734E+21,1.21758E+16,4.78755E+16
69803,69804,9,3,72,151,2016,5,7,1,3,8,3,0,0,0,1,0,0,0,0,7.83186E+20,5.4582E+21,1.28886E+16,4.9211E+16
69804,69805,9,1,77,116,2016,5,0,1,3,2,6,2,0,0,1,0,0,0,0,7.08988E+20,5.36371E+21,1.18232E+16,4.83919E+16
69805,69806,9,2,73,165,2016,5,20,3,3,2,6,1,1,0,1,0,0,0,0,7.14743E+20,5.40879E+21,1.19241E+16,4.8795E+16
69806,69807,9,1,89,157,2016,5,21,2,3,8,1,2,0,0,0,0,1,0,0,7.66888E+20,5.32292E+21,1.25783E+16,4.80038E+16
69807,69808,9,1,72,132,2016,5,16,2,3,0,1,0,0,1,0,0,0,0,0,7.98888E+20,5.27963E+21,1.29765E+16,4.76011E+16
69808,69809,9,7,80,139,2016,5,18,2,3,2,6,0,0,0,1,0,0,0,0,5.95537E+20,5.2637E+21,1.0269E+16,4.75197E+16
69809,69810,9,1,83,139,2016,5,16,1,2,5,3,0,0,0,1,0,1,0,0,7.34333E+20,5.33117E+21,1.21471E+16,4.80907E+16
69810,69811,9,7,80,123,2016,5,9,1,3,0,1,0,0,0,0,0,1,0,0,6.04726E+20,5.26286E+21,1.03908E+16,4.75108E+16
69811,69812,9,6,71,122,2016,5,8,1,3,8,1,0,0,0,1,0,0,0,0,5.02279E+20,5.53037E+21,9.03175E+15,4.99257E+16
69812,69813,9,1,84,123,2016,5,14,2,3,0,7,0,0,1,0,0,0,0,0,7.03605E+20,5.33483E+21,1.17367E+16,4.81341E+16
69813,69814,9,1,62,0,2016,5,17,7,3,5,3,0,0,0,1,0,0,0,0,6.86185E+20,5.33522E+21,1.15029E+16,4.8143E+16
69814,69815,9,2,75,134,2016,5,21,1,3,4,6,2,0,0,1,0,0,0,0,8.26725E+20,5.37879E+21,1.34214E+16,4.84772E+16
69815,69816,9,1,82,124,2016,5,18,2,2,4,2,0,0,0,1,0,1,0,0,7.05483E+20,5.27802E+21,1.17349E+16,4.7623E+16
69816,69817,9,5,71,171,2016,5,21,2,3,7,7,2,0,0,0,0,1,0,0,6.04296E+20,5.47048E+21,1.04369E+16,4.93781E+16
69817,69818,9,6,75,174,2016,5,11,2,3,5,3,0,0,0,1,0,0,0,0,5.84755E+20,5.52451E+21,1.01794E+16,4.9867E+16
69818,69819,9,7,72,215,2016,5,15,1,2,8,1,0,0,1,0,0,0,0,1,6.3282E+20,5.34721E+21,1.07897E+16,4.82642E+16
69819,69820,9,5,74,132,2016,5,19,2,3,1,6,0,0,0,1,0,0,0,0,6.76341E+20,5.48629E+21,1.14357E+16,4.95036E+16
69820,69821,9,5,71,205,2016,5,21,1,3,2,6,2,0,0,1,0,0,1,0,5.90678E+20,5.47788E+21,1.0251E+16,4.94468E+16
69821,69822,9,7,71,146,2016,5,8,2,3,5,3,0,0,1,1,0,0,0,0,6.47665E+20,5.34869E+21,1.09901E+16,4.82742E+16
69822,69823,9,1,83,126,2016,5,14,1,3,1,6,0,0,0,1,0,0,0,0,7.27522E+20,5.33667E+21,1.20587E+16,4.81426E+16
69823,69824,9,7,76,130,2016,5,11,1,3,0,1,0,0,1,0,0,0,0,0,5.54602E+20,5.27064E+21,9.7262E+15,4.75869E+16
69824,69825,9,5,72,132,2016,5,7,2,3,5,3,0,0,0,1,0,0,0,0,6.37904E+20,5.49291E+21,1.09075E+16,4.95731E+16
69825,69826,9,5,62,0,2016,5,9,1,3,3,6,0,0,0,1,0,0,0,0,6.44962E+20,5.4912E+21,1.10044E+16,4.9556E+16
69826,69827,9,1,62,0,2016,5,18,2,3,5,3,0,0,0,1,0,0,0,0,6.94248E+20,5.33175E+21,1.16096E+16,4.81094E+16
69827,69828,9,1,62,0,2016,5,15,2,3,3,6,0,0,0,1,0,0,0,0,6.83671E+20,5.34257E+21,1.14724E+16,4.82097E+16
69828,69829,9,4,73,120,2016,5,16,2,3,2,6,0,0,0,1,0,0,0,0,6.42459E+20,5.57191E+21,1.09996E+16,5.02822E+16
69829,69830,9,1,87,165,2016,5,13,3,3,6,3,0,0,0,1,1,0,0,0,7.33593E+20,5.29945E+21,1.21199E+16,4.78059E+16
69830,69831,9,4,75,145,2016,5,12,1,3,3,6,0,0,0,1,0,0,0,0,6.99333E+20,5.5773E+21,1.17999E+16,5.03141E+16
69831,69832,9,5,73,122,2016,5,16,2,3,5,3,0,0,1,1,0,0,0,0,6.4278E+20,5.47785E+21,1.09694E+16,4.94365E+16
69832,69833,9,4,75,142,2016,5,13,3,2,2,6,0,0,0,1,0,0,0,0,7.00201E+20,5.57342E+21,1.181E+16,5.02789E+16
69833,69834,9,1,86,152,2016,5,21,1,3,2,6,2,0,0,1,0,0,0,0,6.91687E+20,5.37464E+21,1.15947E+16,4.84956E+16
69834,69835,9,3,72,164,2016,5,10,3,3,5,3,0,0,0,1,0,0,0,0,7.65788E+20,5.45268E+21,1.26466E+16,4.91693E+16
69835,69836,9,2,75,133,2016,5,12,2,3,2,6,0,0,0,1,0,0,0,0,8.26132E+20,5.38388E+21,1.34174E+16,4.85231E+16
69836,69837,9,1,78,145,2016,5,7,2,3,2,6,0,0,0,1,0,0,0,0,7.00169E+20,5.35462E+21,1.16999E+16,4.83131E+16
69837,69838,9,4,74,126,2016,5,11,3,3,2,6,0,0,0,1,0,1,0,0,6.49085E+20,5.50943E+21,1.10683E+16,4.97189E+16
69838,69839,9,7,78,173,2016,5,6,2,3,2,6,0,0,0,1,0,0,0,1,6.11745E+20,5.32159E+21,1.04991E+16,4.80378E+16
69839,69840,9,2,76,126,2016,5,14,2,2,2,6,0,0,1,1,0,0,0,0,8.09777E+20,5.42263E+21,1.32256E+16,4.88791E+16
69840,69841,9,1,88,132,2016,5,8,2,3,2,1,0,0,0,1,0,0,0,0,6.64352E+20,5.32233E+21,1.12047E+16,4.80331E+16
69841,69842,9,4,61,0,2016,5,22,2,3,4,2,2,0,0,1,0,0,0,0,6.37887E+20,5.52928E+21,1.09201E+16,4.99E+16
69842,69843,9,1,88,141,2016,5,17,3,3,2,6,0,0,0,1,0,0,0,0,6.69122E+20,5.30764E+21,1.12629E+16,4.78998E+16
69843,69844,9,4,77,157,2016,5,15,1,2,8,1,0,0,0,0,0,1,0,0,6.74005E+20,5.54738E+21,1.14308E+16,5.00532E+16
69844,69845,9,4,77,136,2016,5,9,3,1,5,3,0,0,0,1,0,1,0,0,6.7067E+20,5.55291E+21,1.13867E+16,5.01039E+16
69845,69846,9,3,62,0,2016,5,21,1,3,5,3,2,0,0,1,0,0,0,0,7.26233E+20,5.43521E+21,1.2095E+16,4.90282E+16
69846,69847,9,1,75,132,2016,5,11,1,2,8,1,0,0,1,0,0,0,0,0,7.05867E+20,5.33471E+21,1.1767E+16,4.81323E+16
69847,69848,9,2,71,125,2016,5,16,3,1,5,3,0,0,1,0,0,0,1,0,7.97704E+20,5.40893E+21,1.30514E+16,4.87621E+16
69848,69849,9,1,73,118,2016,5,17,2,2,8,1,0,0,0,0,0,1,0,0,6.93205E+20,5.29968E+21,1.15812E+16,4.78214E+16
69849,69850,9,1,89,159,2016,5,18,2,2,5,3,0,0,1,1,0,0,0,0,7.61571E+20,5.30222E+21,1.24946E+16,4.78201E+16
69850,69851,9,1,84,132,2016,5,14,1,3,2,6,0,0,0,1,0,0,0,0,6.83585E+20,5.3296E+21,1.14656E+16,4.80932E+16
69851,69852,9,7,63,0,2016,5,18,2,3,3,7,0,0,0,1,0,0,0,0,5.9938E+20,5.28567E+21,1.0325E+16,4.77168E+16
69852,69853,9,1,83,148,2016,5,22,1,3,5,3,2,0,0,1,0,0,0,0,7.52423E+20,5.34558E+21,1.23981E+16,4.82131E+16
69853,69854,9,7,75,139,2016,5,13,1,3,0,7,0,0,1,0,0,0,0,0,5.80877E+20,5.36564E+21,1.00935E+16,4.84387E+16
69854,69855,9,6,72,131,2016,5,19,1,3,8,1,0,0,0,0,0,1,0,0,5.88361E+20,5.55927E+21,1.02376E+16,5.01791E+16
69855,69856,9,1,78,145,2016,5,7,3,3,4,6,0,0,0,1,0,0,1,0,6.96567E+20,5.35404E+21,1.16511E+16,4.8309E+16
69856,69857,9,3,76,159,2016,5,17,2,3,1,6,0,0,0,1,0,0,1,0,7.22131E+20,5.48101E+21,1.20643E+16,4.94411E+16
69857,69858,9,1,84,131,2016,5,16,3,3,2,6,0,0,0,1,0,0,0,1,7.04186E+20,5.33788E+21,1.17459E+16,4.81613E+16
69858,69859,9,4,74,171,2016,5,21,1,3,8,6,2,0,0,1,0,0,0,0,6.55039E+20,5.5138E+21,1.11526E+16,4.97567E+16
69859,69860,9,3,72,116,2016,5,17,1,2,2,6,0,0,0,1,0,0,0,0,7.69077E+20,5.45783E+21,1.2695E+16,4.92141E+16
69860,69861,9,1,78,124,2016,5,18,1,2,2,6,0,0,0,1,0,1,0,0,7.03276E+20,5.36527E+21,1.17469E+16,4.84078E+16
69861,69862,9,2,61,0,2016,5,22,3,3,4,2,2,0,0,1,0,0,0,1,7.33159E+20,5.38098E+21,1.21589E+16,4.85386E+16
69862,69863,9,1,87,182,2016,5,10,2,3,1,7,0,0,0,1,0,0,0,0,7.40732E+20,5.32752E+21,1.22308E+16,4.80555E+16
69863,69864,9,7,72,223,2016,5,9,2,3,2,7,0,0,0,1,0,0,1,0,6.15667E+20,5.36248E+21,1.05629E+16,4.84049E+16
69864,69865,9,1,83,114,2016,5,16,1,2,8,2,0,0,0,1,0,1,0,0,7.47952E+20,5.35636E+21,1.23444E+16,4.83118E+16
69865,69866,9,7,77,183,2016,5,18,1,2,4,2,0,0,0,1,0,1,0,0,6.3103E+20,5.29447E+21,1.07495E+16,4.77902E+16
69866,69867,9,6,71,122,2016,5,18,2,3,6,4,0,0,0,1,1,0,0,0,5.05633E+20,5.52946E+21,9.07847E+15,4.99175E+16
69867,69868,9,6,71,150,2016,5,16,1,2,4,6,0,0,0,1,0,1,0,0,5.21058E+20,5.54251E+21,9.29404E+15,5.00345E+16
69868,69869,9,1,62,0,2016,5,13,2,3,8,7,0,0,0,1,0,0,0,0,6.92083E+20,5.34165E+21,1.1585E+16,4.8199E+16
69869,69870,9,7,64,0,2016,5,16,7,2,5,3,0,0,1,1,0,0,0,0,5.85212E+20,5.3189E+21,1.01427E+16,4.80177E+16
69870,69871,9,2,72,118,2016,5,17,1,3,2,1,0,0,0,1,0,0,0,0,8.30815E+20,5.41578E+21,1.35061E+16,4.88068E+16
69871,69872,9,1,84,130,2016,5,13,2,3,8,1,0,0,0,1,0,0,0,0,6.97859E+20,5.34398E+21,1.16638E+16,4.82181E+16
69872,69873,9,7,78,202,2016,5,16,7,3,0,7,0,0,1,0,0,0,0,0,5.90072E+20,5.31697E+21,1.02075E+16,4.79997E+16
69873,69874,9,2,71,119,2016,5,14,1,3,5,3,0,0,0,1,0,0,0,0,7.95129E+20,5.41208E+21,1.30187E+16,4.87916E+16
69874,69875,9,1,78,124,2016,5,18,1,2,5,3,0,0,0,1,0,1,0,0,7.04875E+20,5.36258E+21,1.17672E+16,4.83831E+16
69875,69876,9,1,87,134,2016,5,11,3,3,4,6,0,0,0,1,0,0,1,0,7.36313E+20,5.31989E+21,1.21674E+16,4.79886E+16
69876,69877,9,1,82,114,2016,5,14,2,2,4,2,0,0,0,1,0,0,0,0,7.21428E+20,5.29046E+21,1.19531E+16,4.77295E+16
69877,69878,9,6,79,209,2016,5,6,2,3,2,6,0,0,0,1,0,0,0,0,5.62822E+20,5.51794E+21,9.87316E+15,4.98107E+16
69878,69879,9,1,89,159,2016,5,11,1,2,0,1,0,0,1,0,0,0,0,0,7.60599E+20,5.30329E+21,1.24823E+16,4.78301E+16
69879,69880,9,7,77,169,2016,5,16,1,2,4,6,0,0,0,1,0,1,0,0,6.28492E+20,5.26935E+21,1.07082E+16,4.75648E+16
69880,69881,9,5,62,0,2016,5,15,2,3,2,6,0,0,0,1,0,0,0,0,6.46257E+20,5.4914E+21,1.10223E+16,4.95575E+16
69881,69882,9,5,72,135,2016,5,12,1,2,5,3,0,0,1,1,0,0,0,0,6.30857E+20,5.50647E+21,1.08146E+16,4.96966E+16
69882,69883,9,7,78,144,2016,5,2,2,2,9,7,2,0,0,1,0,0,0,0,5.93115E+20,5.3047E+21,1.02456E+16,4.78889E+16
69883,69884,9,2,78,148,2016,5,8,2,3,0,1,0,0,0,1,0,0,0,0,7.35356E+20,5.40536E+21,1.22024E+16,4.87567E+16
69884,69885,9,1,88,113,2016,5,11,2,3,8,1,0,0,0,1,0,0,0,0,6.78131E+20,5.31413E+21,1.1386E+16,4.79557E+16
69885,69886,9,4,71,185,2016,5,7,2,3,2,6,0,0,0,1,0,0,0,0,6.50899E+20,5.53936E+21,1.11051E+16,4.99875E+16
69886,69887,9,1,86,122,2016,5,18,3,3,5,3,0,1,0,1,0,0,0,0,6.92282E+20,5.39574E+21,1.16126E+16,4.86851E+16
69887,69888,9,4,64,0,2016,5,19,1,3,9,7,0,0,0,1,0,0,0,0,7.08793E+20,5.57745E+21,1.19326E+16,5.03121E+16
69888,69889,9,1,61,0,2016,5,16,2,2,0,7,0,0,1,0,0,0,0,0,6.79325E+20,5.40359E+21,1.14401E+16,4.87595E+16
69889,69890,9,4,79,136,2016,5,13,2,3,1,7,0,0,0,1,0,0,0,0,7.24007E+20,5.54253E+21,1.21255E+16,4.9993E+16
69890,69891,9,6,74,221,2016,5,13,2,3,8,1,0,0,0,0,0,1,0,0,6.17043E+20,5.54404E+21,1.06344E+16,5.00371E+16
69891,69892,9,5,71,139,2016,5,17,1,3,0,6,0,0,0,0,0,1,0,0,6.03285E+20,5.44009E+21,1.04151E+16,4.9105E+16
69892,69893,9,1,72,134,2016,5,15,1,2,4,2,0,0,0,1,0,1,0,0,7.89955E+20,5.3061E+21,1.28756E+16,4.78428E+16
69893,69894,9,5,64,0,2016,5,13,2,3,5,3,0,0,1,1,0,0,0,0,6.49071E+20,5.46908E+21,1.10528E+16,4.93562E+16
69894,69895,9,5,75,153,2016,5,9,1,3,5,3,0,0,0,1,0,0,0,0,6.1277E+20,5.49232E+21,1.05598E+16,4.95729E+16
69895,69896,9,3,74,168,2016,5,9,3,3,4,2,0,0,0,1,0,0,0,1,7.27006E+20,5.52112E+21,1.21547E+16,4.97996E+16
69896,69897,9,2,71,119,2016,5,9,2,3,7,1,0,0,1,0,0,0,0,0,7.93604E+20,5.41939E+21,1.30032E+16,4.88579E+16
69897,69898,9,1,74,115,2016,5,11,2,3,0,1,0,0,1,0,0,0,0,0,6.81658E+20,5.34662E+21,1.1447E+16,4.82468E+16
69898,69899,9,3,75,181,2016,5,16,2,2,8,1,0,0,0,0,0,1,0,0,7.22355E+20,5.4349E+21,1.20419E+16,4.90269E+16
69899,69900,9,1,79,123,2016,5,17,3,3,5,3,0,0,1,1,0,0,0,0,6.75394E+20,5.33321E+21,1.13572E+16,4.81279E+16
69900,69901,9,4,71,145,2016,5,15,1,3,2,6,0,0,0,1,0,0,0,0,6.43841E+20,5.52291E+21,1.10006E+16,4.98413E+16
69901,69902,9,3,73,140,2016,5,13,1,3,9,1,0,0,0,1,0,0,0,0,6.87454E+20,5.46854E+21,1.15806E+16,4.93408E+16
69902,69903,9,1,77,117,2016,5,17,1,2,5,2,0,0,0,1,0,1,0,0,7.14219E+20,5.35023E+21,1.18869E+16,4.8269E+16
69903,69904,9,2,79,125,2016,5,6,3,3,2,6,0,0,0,0,0,0,1,0,7.64501E+20,5.39801E+21,1.25935E+16,4.8679E+16
69904,69905,9,1,89,154,2016,5,7,2,3,1,6,0,0,0,1,0,1,0,0,7.67546E+20,5.3188E+21,1.25846E+16,4.79665E+16
69905,69906,9,1,72,111,2016,5,19,2,3,5,3,0,0,1,0,0,1,0,0,7.96316E+20,5.30449E+21,1.29593E+16,4.78254E+16
69906,69907,9,5,77,138,2016,5,13,2,3,8,1,0,0,0,1,0,0,0,0,6.3091E+20,5.44597E+21,1.07953E+16,4.91526E+16
69907,69908,9,4,64,0,2016,5,21,3,3,5,3,2,0,0,1,0,0,0,0,7.08012E+20,5.57772E+21,1.19218E+16,5.03148E+16
69908,69909,9,1,75,121,2016,5,12,1,3,2,2,0,0,0,1,0,0,0,0,7.15767E+20,5.32062E+21,1.18928E+16,4.80024E+16