FID,OBJECTID,ULAND,UREGBEZ,UKREIS,UGEMEINDE,UJAHR,UMONAT,USTUNDE,UWOCHENTAG,UKATEGORIE,UART,UTYP1,ULICHTVERH,IstStrasse,IstRad,IstPKW,IstFuss,IstKrad,IstGkfz,IstSonstig,LINREFX,LINREFY,XGCSWGS84,YGCSWGS84
69909,69910,9,3,76,161,2016,5,18,3,2,5,2,0,0,1,1,0,0,0,0,7.25679E+20,5.46767E+21,1.21056E+16,4.932E+16
69910,69911,9,2,72,142,2016,5,17,2,3,4,1,0,0,0,1,0,1,0,0,8.20373E+20,5.41169E+21,1.33611E+16,4.87756E+16
69911,69912,9,1,78,124,2016,5,9,2,3,2,6,0,0,0,1,0,0,1,0,7.05733E+20,5.36257E+21,1.17787E+16,4.83827E+16
69912,69913,9,1,84,135,2016,5,13,1,3,4,7,0,0,1,0,0,0,0,0,6.87391E+20,5.34747E+21,1.15245E+16,4.82527E+16
69913,69914,9,3,71,154,2016,5,7,2,3,4,6,0,0,0,0,0,0,1,1,7.02651E+20,5.47615E+21,1.17935E+16,4.94043E+16
69914,69915,9,1,75,132,2016,5,23,3,2,5,3,2,0,0,1,0,1,0,0,7.07244E+20,5.33027E+21,1.17833E+16,4.8092E+16
69915,69916,9,4,71,120,2016,5,14,1,2,5,3,0,0,1,0,0,1,0,0,6.24699E+20,5.52226E+21,1.07343E+16,4.98398E+16
69916,69917,9,1,78,124,2016,5,18,3,2,0,1,0,0,1,0,0,0,0,0,7.01271E+20,5.36388E+21,1.17192E+16,4.8396E+16
69917,69918,9,3,76,144,2016,5,15,1,3,0,7,0,0,0,1,0,0,0,0,7.25125E+20,5.48209E+21,1.21062E+16,4.94498E+16
69918,69919,9,1,75,137,2016,5,9,1,3,2,6,0,0,0,1,0,1,0,0,7.27891E+20,5.33009E+21,1.20601E+16,4.80833E+16
69919,69920,9,1,90,152,2016,5,8,3,3,0,6,0,0,0,1,0,0,0,0,6.66769E+20,5.29857E+21,1.12279E+16,4.78189E+16
69920,69921,9,1,63,0,2016,5,11,2,3,2,6,0,0,0,1,0,0,1,0,7.33763E+20,5.30329E+21,1.21243E+16,4.78404E+16
69921,69922,9,7,72,147,2016,5,16,2,3,1,6,0,0,0,1,0,0,1,0,6.39304E+20,5.36512E+21,1.0883E+16,4.84238E+16
69922,69923,9,1,72,124,2016,5,6,1,3,8,1,0,0,0,1,0,0,0,0,8.03114E+20,5.28821E+21,1.30385E+16,4.76761E+16
69923,69924,9,7,80,139,2016,5,17,2,3,2,6,0,0,0,1,0,0,0,0,5.96499E+20,5.2637E+21,1.02818E+16,4.75196E+16
69924,69925,9,1,72,116,2016,5,13,1,2,9,1,0,0,0,0,0,1,0,0,8.06432E+20,5.28459E+21,1.30801E+16,4.76421E+16
69925,69926,9,7,74,124,2016,5,12,1,3,8,2,0,0,0,1,0,1,0,0,5.99264E+20,5.34796E+21,1.03379E+16,4.8277E+16
69926,69927,9,6,76,116,2016,5,12,1,3,9,7,0,0,0,1,0,0,0,0,5.18785E+20,5.50634E+21,9.26055E+15,4.97093E+16
69927,69928,9,1,84,141,2016,5,17,2,3,2,6,0,0,0,1,0,0,0,0,6.98044E+20,5.31547E+21,1.16531E+16,4.79619E+16
69928,69929,9,7,78,186,2016,5,14,7,2,8,1,0,0,0,0,0,1,0,0,6.00617E+20,5.30755E+21,1.03466E+16,4.79133E+16
69929,69930,9,2,62,0,2016,5,14,1,3,1,6,0,0,0,1,0,0,0,1,8.29878E+20,5.39099E+21,1.34736E+16,4.8585E+16
69930,69931,9,1,75,137,2016,5,9,1,2,0,1,0,0,0,0,0,1,0,0,7.26108E+20,5.33019E+21,1.20363E+16,4.80849E+16
69931,69932,9,1,82,134,2016,5,20,2,3,5,3,0,0,0,1,0,0,0,0,7.01312E+20,5.29392E+21,1.16867E+16,4.77672E+16
69932,69933,9,6,75,141,2016,5,12,2,2,4,2,0,0,0,1,0,0,0,0,5.79474E+20,5.51259E+21,1.01035E+16,4.97605E+16
69933,69934,9,1,82,131,2016,5,17,1,2,8,7,0,0,1,0,0,0,0,0,7.17249E+20,5.28632E+21,1.18954E+16,4.76937E+16
69934,69935,9,7,73,125,2016,5,15,1,2,5,3,0,0,0,1,0,1,0,0,6.18261E+20,5.38084E+21,1.06031E+16,4.85695E+16
69935,69936,9,5,65,0,2016,5,7,2,3,4,2,0,0,0,1,0,1,0,0,6.47636E+20,5.46605E+21,1.1032E+16,4.93293E+16
69936,69937,9,5,76,148,2016,5,11,1,3,5,3,0,0,1,1,0,0,0,0,6.59655E+20,5.43832E+21,1.11862E+16,4.90771E+16
69937,69938,9,4,74,126,2016,5,11,3,3,6,4,0,0,1,0,1,0,0,0,6.49536E+20,5.50921E+21,1.10745E+16,4.97168E+16
69938,69939,9,7,75,152,2016,5,7,2,3,1,3,0,0,0,0,0,1,0,1,5.81719E+20,5.35221E+21,1.01023E+16,4.83178E+16
69939,69940,9,2,63,0,2016,5,15,2,3,1,3,0,0,0,1,0,0,1,0,7.64594E+20,5.42088E+21,1.26095E+16,4.88843E+16
69940,69941,9,1,88,145,2016,5,15,2,2,5,3,0,0,0,1,0,1,0,0,6.62752E+20,5.32807E+21,1.11855E+16,4.80851E+16
69941,69942,9,7,76,116,2016,5,11,1,3,3,6,0,0,1,1,0,0,0,0,5.55291E+20,5.26517E+21,9.73467E+15,4.75376E+16
69942,69943,9,5,65,0,2016,5,0,2,3,8,7,2,0,0,0,0,1,0,0,6.51409E+20,5.46537E+21,1.10836E+16,4.93222E+16
69943,69944,9,6,71,111,2016,5,11,1,3,1,6,0,0,1,1,0,0,0,0,5.05348E+20,5.54479E+21,9.0747E+15,5.00554E+16
69944,69945,9,1,62,0,2016,5,18,2,3,5,2,0,0,0,1,0,0,0,0,6.92601E+20,5.33117E+21,1.15873E+16,4.81047E+16
69945,69946,9,1,86,158,2016,5,7,2,3,5,3,0,0,0,1,0,0,0,0,6.91547E+20,5.40645E+21,1.16075E+16,4.87816E+16
69946,69947,9,2,74,114,2016,5,18,1,2,1,6,0,0,0,0,0,1,0,1,7.34262E+20,5.37104E+21,1.21682E+16,4.84489E+16
69947,69948,9,4,63,0,2016,5,16,2,3,5,3,0,0,0,1,0,1,0,0,6.39324E+20,5.57039E+21,1.0955E+16,5.02692E+16
69948,69949,9,6,74,130,2016,5,15,2,3,5,3,0,0,0,1,0,0,0,0,6.26191E+20,5.55077E+21,1.07643E+16,5.00958E+16
69949,69950,9,1,63,0,2016,5,15,3,2,2,6,0,1,1,1,0,0,0,0,7.31965E+20,5.30737E+21,1.21025E+16,4.78777E+16
69950,69951,9,4,75,141,2016,5,17,1,3,2,6,0,0,0,1,0,0,0,0,7.03074E+20,5.58145E+21,1.18546E+16,5.03501E+16
69951,69952,9,5,64,0,2016,5,6,2,3,2,6,0,0,0,1,0,0,0,1,6.49502E+20,5.48234E+21,1.10638E+16,4.94752E+16
69952,69953,9,5,61,0,2016,5,9,3,3,2,6,0,0,0,1,0,1,0,0,6.15498E+20,5.45781E+21,1.05875E+16,4.92622E+16
69953,69954,9,3,73,143,2016,5,16,3,3,4,2,0,1,0,1,0,0,0,0,7.0038E+20,5.44858E+21,1.17484E+16,4.91573E+16
69954,69955,9,2,77,113,2016,5,9,2,3,5,3,0,0,0,1,0,0,0,0,8.04325E+20,5.37247E+21,1.31145E+16,4.84318E+16
69955,69956,9,1,78,130,2016,5,15,2,3,2,6,0,0,0,1,0,0,0,0,7.03432E+20,5.35507E+21,1.17441E+16,4.83161E+16
69956,69957,9,3,76,159,2016,5,17,2,2,3,6,0,0,0,1,0,0,0,0,7.22615E+20,5.48112E+21,1.20711E+16,4.94419E+16
69957,69958,9,4,71,191,2016,5,15,2,3,2,6,0,0,0,1,0,0,0,0,6.32769E+20,5.52501E+21,1.08474E+16,4.98628E+16
69958,69959,9,1,88,139,2016,5,10,3,3,5,3,0,0,1,1,0,0,0,0,6.75168E+20,5.32034E+21,1.13489E+16,4.80123E+16
69959,69960,9,4,72,179,2016,5,12,1,3,2,6,0,0,0,1,0,1,0,0,6.72287E+20,5.51642E+21,1.1393E+16,4.97755E+16
69960,69961,9,4,75,141,2016,5,19,3,3,0,1,0,0,1,0,0,0,0,0,7.04789E+20,5.58073E+21,1.18783E+16,5.0343E+16
69961,69962,9,1,75,123,2016,5,13,1,3,2,6,0,0,0,1,0,0,0,0,7.24025E+20,5.33724E+21,1.2012E+16,4.81489E+16
69962,69963,9,2,71,113,2016,5,13,3,3,2,7,0,0,0,1,0,1,0,0,8.01414E+20,5.41365E+21,1.31052E+16,4.88026E+16
69963,69964,9,2,73,116,2016,5,16,2,3,5,3,0,0,1,1,0,0,0,0,7.23444E+20,5.42469E+21,1.20511E+16,4.89348E+16
69964,69965,9,1,83,116,2016,5,13,2,3,8,7,0,0,0,1,0,0,0,0,7.64013E+20,5.35466E+21,1.25595E+16,4.829E+16
69965,69966,9,1,75,114,2016,5,16,2,3,5,3,0,0,0,1,0,0,0,0,7.18046E+20,5.32494E+21,1.19255E+16,4.80405E+16
69966,69967,9,1,82,133,2016,5,19,1,2,4,2,0,0,0,1,0,1,0,0,7.05646E+20,5.31099E+21,1.17526E+16,4.79192E+16
69967,69968,9,7,75,152,2016,5,12,1,3,5,2,0,0,1,1,0,0,0,0,5.77854E+20,5.35236E+21,1.00502E+16,4.83196E+16
69968,69969,9,6,75,113,2016,5,4,1,3,8,7,2,0,0,1,0,0,0,0,5.77292E+20,5.51337E+21,1.00733E+16,4.97678E+16
69969,69970,9,1,78,130,2016,5,18,3,3,2,2,0,0,0,1,0,0,0,0,7.03247E+20,5.35433E+21,1.17412E+16,4.83095E+16
69970,69971,9,3,75,208,2016,5,14,1,2,8,6,0,0,0,1,0,1,0,0,7.32698E+20,5.4432E+21,1.21879E+16,4.90976E+16
69971,69972,9,1,77,115,2016,5,16,3,3,2,6,0,1,0,1,0,0,0,0,7.34128E+20,5.35087E+21,1.21552E+16,4.82678E+16
69972,69973,9,7,74,185,2016,5,5,7,3,5,3,1,0,0,1,0,0,0,0,6.08445E+20,5.34828E+21,1.04617E+16,4.82784E+16
69973,69974,9,2,71,125,2016,5,11,1,3,2,6,0,0,0,1,0,0,0,0,8.02115E+20,5.40691E+21,1.31098E+16,4.87419E+16
69974,69975,9,1,71,121,2016,5,16,3,3,2,6,0,1,0,1,0,0,0,0,7.74339E+20,5.34558E+21,1.26926E+16,4.82041E+16
69975,69976,9,1,77,116,2016,5,22,5,3,2,6,2,1,0,1,0,0,0,0,7.09249E+20,5.36377E+21,1.18267E+16,4.83923E+16
69976,69977,9,6,78,115,2016,5,13,4,3,6,7,0,0,0,1,1,0,0,0,5.84457E+20,5.53987E+21,1.01786E+16,5.00052E+16
69977,69978,9,5,64,0,2016,5,18,6,3,5,2,0,0,0,1,0,0,0,0,6.54067E+20,5.47386E+21,1.11234E+16,4.93979E+16
69978,69979,9,3,61,0,2016,5,18,4,3,5,3,0,0,0,1,0,1,0,0,7.06594E+20,5.48308E+21,1.18514E+16,4.94652E+16
69979,69980,9,1,71,137,2016,5,7,6,2,0,7,0,1,1,0,0,0,0,0,7.70608E+20,5.35201E+21,1.26465E+16,4.82634E+16
69980,69981,9,1,61,0,2016,5,7,4,2,6,4,0,0,0,0,1,0,0,1,6.79943E+20,5.40455E+21,1.14489E+16,4.87679E+16
69981,69982,9,7,75,111,2016,5,18,5,3,5,3,0,1,0,1,0,0,0,0,5.82849E+20,5.33468E+21,1.01141E+16,4.81599E+16
69982,69983,9,6,78,168,2016,5,16,6,3,3,6,0,1,0,1,0,0,1,0,5.82378E+20,5.54855E+21,1.01515E+16,5.00835E+16
69983,69984,9,7,77,177,2016,5,14,3,3,5,3,0,1,0,1,0,0,0,0,6.32901E+20,5.31961E+21,1.07822E+16,4.80159E+16
69984,69985,9,4,71,154,2016,5,17,5,3,8,1,0,0,0,1,0,0,0,0,6.23481E+20,5.52865E+21,1.07194E+16,4.98975E+16
69985,69986,9,2,79,134,2016,5,10,5,3,4,6,0,0,0,1,0,0,0,0,7.62511E+20,5.38941E+21,1.25611E+16,4.86027E+16
69986,69987,9,5,73,114,2016,5,15,4,3,5,3,0,0,1,1,0,0,0,0,6.34887E+20,5.48099E+21,1.08617E+16,4.94665E+16
69987,69988,9,4,72,175,2016,5,12,6,3,2,2,0,0,0,1,0,0,0,0,6.78048E+20,5.51141E+21,1.14706E+16,4.97288E+16
69988,69989,9,5,72,164,2016,5,16,3,2,3,6,0,0,0,1,0,0,0,1,6.32499E+20,5.49683E+21,1.08341E+16,4.96095E+16
69989,69990,9,2,74,113,2016,5,19,4,3,4,2,0,0,0,1,0,0,0,0,7.28396E+20,5.38393E+21,1.2096E+16,4.85668E+16
69990,69991,9,6,79,170,2016,5,19,5,3,5,2,0,0,0,1,0,0,0,1,5.76681E+20,5.50714E+21,1.00636E+16,4.97119E+16
69991,69992,9,5,62,0,2016,5,23,6,3,8,1,2,0,0,0,0,1,0,0,6.44841E+20,5.49671E+21,1.10047E+16,4.96056E+16
69992,69993,9,3,71,132,2016,5,14,6,3,2,6,0,0,0,1,0,0,0,0,6.91414E+20,5.47104E+21,1.16363E+16,4.9362E+16
69993,69994,9,7,72,111,2016,5,17,5,2,4,3,0,1,0,1,0,0,0,0,6.28246E+20,5.36324E+21,1.0733E+16,4.84093E+16
69994,69995,9,6,78,192,2016,5,16,6,3,8,1,0,0,0,0,0,1,0,0,5.70967E+20,5.54574E+21,9.99148E+15,5.00597E+16
69995,69996,9,7,79,203,2016,5,17,3,3,5,2,0,0,0,1,0,0,0,0,6.13562E+20,5.40933E+21,1.05473E+16,4.88265E+16
69996,69997,9,3,72,171,2016,5,17,5,3,8,1,0,1,0,1,0,0,0,0,7.72176E+20,5.47362E+21,1.27482E+16,4.93545E+16
69997,69998,9,1,71,137,2016,5,16,5,2,8,1,0,1,0,1,0,0,0,0,7.71623E+20,5.35085E+21,1.26595E+16,4.82526E+16
69998,69999,9,5,71,136,2016,5,17,4,3,0,3,0,0,1,1,0,0,0,0,5.96899E+20,5.43598E+21,1.03266E+16,4.9069E+16
69999,70000,9,1,74,146,2016,5,15,6,3,2,6,0,1,0,1,0,0,0,0,6.6815E+20,5.35016E+21,1.12666E+16,4.82823E+16
70000,70001,9,4,61,0,2016,5,23,6,3,0,7,2,1,1,0,0,0,0,0,6.37399E+20,5.52743E+21,1.09126E+16,4.98835E+16
70001,70002,9,7,80,119,2016,5,13,6,3,8,1,0,1,0,1,0,0,0,0,5.98736E+20,5.29666E+21,1.03189E+16,4.78157E+16
70002,70003,9,6,74,163,2016,5,7,5,3,4,2,0,0,0,1,0,0,0,1,6.11685E+20,5.53751E+21,1.05578E+16,4.99795E+16
70003,70004,9,2,78,118,2016,5,11,6,3,5,3,0,0,0,1,0,0,0,1,7.68475E+20,5.42598E+21,1.26657E+16,4.89284E+16
70004,70005,9,1,61,0,2016,5,1,5,3,0,6,2,0,0,1,0,0,0,0,6.81486E+20,5.40106E+21,1.14683E+16,4.87361E+16
70005,70006,9,7,79,130,2016,5,14,4,3,0,7,0,0,1,0,0,0,0,0,6.15115E+20,5.41279E+21,1.05694E+16,4.88574E+16
70006,70007,9,5,76,151,2016,5,6,6,3,0,1,0,1,0,0,0,1,0,0,6.53169E+20,5.4678E+21,1.11087E+16,4.93437E+16
70007,70008,9,1,86,137,2016,5,15,4,3,5,2,0,0,0,1,0,0,0,0,6.84051E+20,5.39799E+21,1.15018E+16,4.87078E+16
70008,70009,9,1,90,142,2016,5,23,6,3,8,7,2,1,0,1,0,0,0,0,6.59036E+20,5.29722E+21,1.11242E+16,4.78087E+16
70009,70010,9,1,86,152,2016,5,17,4,3,2,6,0,0,0,1,0,0,0,0,6.90832E+20,5.37635E+21,1.1584E+16,4.85112E+16
70010,70011,9,3,71,122,2016,5,7,5,3,8,1,0,0,0,1,0,0,0,0,7.17529E+20,5.48095E+21,1.20009E+16,4.94423E+16
70011,70012,9,1,87,162,2016,5,4,4,2,5,3,2,0,0,1,0,0,0,0,7.50314E+20,5.30451E+21,1.23458E+16,4.78451E+16
70012,70013,9,1,89,152,2016,5,19,5,3,8,1,0,1,0,1,0,0,0,0,7.81873E+20,5.32629E+21,1.2781E+16,4.80276E+16
70013,70014,9,1,61,0,2016,5,11,4,2,5,3,0,0,1,1,0,0,0,0,6.78384E+20,5.40498E+21,1.14279E+16,4.87723E+16
70014,70015,9,1,80,117,2016,5,9,4,3,2,6,0,0,1,0,0,0,1,0,6.57136E+20,5.26199E+21,1.10862E+16,4.74924E+16
70015,70016,9,4,61,0,2016,5,9,4,3,2,6,0,0,0,1,0,0,0,0,6.37389E+20,5.53064E+21,1.09136E+16,4.99123E+16
70016,70017,9,1,81,127,2016,5,20,6,3,3,1,2,1,0,1,0,0,0,0,6.36348E+20,5.32668E+21,1.08306E+16,4.80788E+16
70017,70018,9,3,75,143,2016,5,16,6,2,0,1,0,1,1,0,0,0,0,0,7.38721E+20,5.42218E+21,1.22579E+16,4.89065E+16
70018,70019,9,7,77,169,2016,5,14,6,3,1,6,0,1,0,1,0,0,0,0,6.31028E+20,5.27102E+21,1.07424E+16,4.75793E+16
70019,70020,9,6,71,136,2016,5,9,5,2,4,2,0,0,1,1,0,0,0,0,5.04142E+20,5.53913E+21,9.05781E+15,5.00044E+16
70020,70021,9,2,61,0,2016,5,8,6,3,2,6,0,1,0,1,1,1,0,0,7.32178E+20,5.38151E+21,1.21459E+16,4.85436E+16
70021,70022,9,1,74,115,2016,5,12,5,3,5,2,0,0,1,1,0,0,0,0,6.81844E+20,5.34643E+21,1.14494E+16,4.8245E+16
70022,70023,9,6,72,139,2016,5,5,4,2,4,2,1,0,0,1,0,0,0,0,5.67175E+20,5.56111E+21,9.9412E+15,5.01983E+16
70023,70024,9,5,64,0,2016,5,17,6,2,0,6,0,0,0,0,0,0,0,1,6.49116E+20,5.48135E+21,1.10581E+16,4.94665E+16
70024,70025,9,1,86,151,2016,5,8,4,3,0,1,0,0,1,0,0,0,0,0,6.81406E+20,5.37549E+21,1.14561E+16,4.85063E+16
70025,70026,9,3,77,116,2016,5,13,4,2,5,3,0,0,0,1,0,0,0,1,7.20602E+20,5.52738E+21,1.20694E+16,4.98582E+16
70026,70027,9,1,83,136,2016,5,14,6,2,0,1,0,1,0,0,0,0,0,1,7.65245E+20,5.34107E+21,1.25676E+16,4.81675E+16
70027,70028,9,1,86,137,2016,5,15,4,3,2,6,0,0,0,1,0,0,0,0,6.84641E+20,5.39926E+21,1.15104E+16,4.8719E+16
70028,70029,9,1,62,0,2016,5,8,5,3,5,7,0,0,0,1,0,1,0,0,6.88448E+20,5.32853E+21,1.15304E+16,4.80822E+16
70029,70030,9,1,62,0,2016,5,15,5,3,2,6,0,0,0,1,0,0,0,0,6.94803E+20,5.33237E+21,1.16174E+16,4.81148E+16
70030,70031,9,6,77,127,2016,5,16,6,3,4,2,0,1,0,1,0,0,0,0,5.58225E+20,5.53908E+21,9.81247E+15,5.00012E+16
70031,70032,9,1,62,0,2016,5,7,6,3,1,6,0,1,0,1,0,0,0,0,6.95365E+20,5.34451E+21,1.16305E+16,4.82237E+16
70032,70033,9,7,71,130,2016,5,14,6,3,2,2,0,1,0,1,0,0,0,0,6.47265E+20,5.35727E+21,1.09878E+16,4.83514E+16
70033,70034,9,5,74,138,2016,5,21,5,3,5,3,2,1,0,1,0,0,0,0,6.64398E+20,5.48632E+21,1.12709E+16,4.95072E+16
70034,70035,9,2,61,0,2016,5,21,6,3,7,7,2,1,0,1,0,0,0,0,7.3238E+20,5.38205E+21,1.21489E+16,4.85484E+16
70035,70036,9,1,78,143,2016,5,17,5,3,5,3,0,1,0,1,0,0,0,0,7.16762E+20,5.37215E+21,1.19324E+16,4.84651E+16
70036,70037,9,6,76,145,2016,5,2,4,3,8,6,2,0,0,1,0,0,1,0,5.11086E+20,5.52237E+21,9.15422E+15,4.98537E+16
70037,70038,9,5,77,158,2016,5,16,6,3,4,6,0,0,1,1,0,0,0,0,6.43933E+20,5.42106E+21,1.0965E+16,4.89257E+16
70038,70039,9,2,78,182,2016,5,11,4,3,5,3,0,0,0,1,0,0,0,0,7.63791E+20,5.41129E+21,1.25924E+16,4.87986E+16
70039,70040,9,1,87,130,2016,5,13,6,3,1,6,0,1,0,1,0,0,0,0,7.12039E+20,5.31031E+21,1.18378E+16,4.7911E+16
70040,70041,9,1,86,162,2016,5,16,4,2,4,6,0,0,0,1,0,0,0,0,6.92651E+20,5.39162E+21,1.16156E+16,4.86479E+16
70041,70042,9,7,63,0,2016,5,16,5,3,2,6,0,1,0,1,0,0,0,0,5.98496E+20,5.28419E+21,1.03129E+16,4.77036E+16
70042,70043,9,6,62,0,2016,5,13,6,2,2,2,0,0,0,1,0,0,0,0,5.87304E+20,5.54397E+21,1.02193E+16,5.00416E+16
70043,70044,9,7,71,122,2016,5,14,3,3,2,6,0,0,0,1,0,0,0,0,6.52559E+20,5.3623E+21,1.1061E+16,4.83954E+16
70044,70045,9,3,74,168,2016,5,16,5,3,0,6,0,0,0,1,0,0,1,0,7.27997E+20,5.51965E+21,1.21676E+16,4.97859E+16
70045,70046,9,1,90,142,2016,5,7,5,2,0,1,0,0,0,0,0,1,0,0,6.59667E+20,5.29823E+21,1.1133E+16,4.78176E+16
70046,70047,9,5,75,153,2016,5,19,4,3,2,6,0,0,0,1,0,0,1,0,6.16039E+20,5.49344E+21,1.06053E+16,4.95824E+16
70047,70048,9,4,61,0,2016,5,16,6,3,2,6,0,0,0,1,0,0,0,0,6.39469E+20,5.53032E+21,1.09425E+16,4.9909E+16
70048,70049,9,5,72,133,2016,5,13,3,2,0,7,0,0,1,0,0,0,0,0,6.38743E+20,5.50092E+21,1.09219E+16,4.96449E+16
70049,70050,9,7,71,130,2016,5,19,3,2,4,7,0,0,0,1,0,0,0,0,6.46309E+20,5.35814E+21,1.09752E+16,4.83595E+16
70050,70051,9,5,61,0,2016,5,17,5,3,4,2,0,0,0,1,0,0,0,0,6.14646E+20,5.4624E+21,1.05771E+16,4.93036E+16
70051,70052,9,2,71,119,2016,5,11,5,3,5,3,0,0,0,1,0,0,0,0,7.91895E+20,5.41816E+21,1.29791E+16,4.88477E+16
70052,70053,9,5,64,0,2016,5,16,4,2,4,2,0,0,1,1,0,0,0,0,6.53047E+20,5.48094E+21,1.11121E+16,4.94618E+16
70053,70054,9,4,76,179,2016,5,18,6,2,9,1,0,1,0,0,0,1,0,0,6.61109E+20,5.58883E+21,1.12684E+16,5.04294E+16
70054,70055,9,5,72,154,2016,5,12,3,3,8,1,0,0,0,1,0,0,0,0,6.48367E+20,5.49712E+21,1.10537E+16,4.96084E+16
70055,70056,9,2,73,147,2016,5,18,4,3,9,2,0,0,0,1,0,1,0,0,7.08623E+20,5.39261E+21,1.18327E+16,4.86517E+16
70056,70057,9,1,76,114,2016,5,13,6,3,2,6,0,0,0,1,0,0,0,0,6.81151E+20,5.43367E+21,1.14782E+16,4.90293E+16
70057,70058,9,7,61,0,2016,5,17,5,3,4,6,0,1,0,1,0,0,0,0,6.42925E+20,5.36042E+21,1.09303E+16,4.83807E+16
70058,70059,9,6,61,0,2016,5,15,6,3,2,6,0,0,0,1,0,1,0,0,5.11522E+20,5.53541E+21,9.16067E+15,4.99709E+16
70059,70060,9,7,61,0,2016,5,11,3,3,4,2,0,0,0,1,0,0,0,0,6.41234E+20,5.36094E+21,1.09076E+16,4.83858E+16
70060,70061,9,3,73,112,2016,5,16,5,3,8,7,0,0,0,1,0,0,0,0,6.84895E+20,5.44436E+21,1.15343E+16,4.91242E+16
70061,70062,9,1,72,116,2016,5,10,4,3,4,1,0,0,0,1,0,0,0,0,8.00659E+20,5.28402E+21,1.3003E+16,4.76397E+16
70062,70063,9,1,89,111,2016,5,15,5,3,2,6,0,1,0,1,0,0,0,0,7.63464E+20,5.323E+21,1.25325E+16,4.8006E+16
70063,70064,9,1,80,117,2016,5,18,4,3,1,6,0,0,1,1,0,0,0,0,6.58267E+20,5.26265E+21,1.11014E+16,4.7498E+16
70064,70065,9,4,73,175,2016,5,17,4,3,5,3,0,0,0,1,0,0,0,0,6.35578E+20,5.56982E+21,1.09023E+16,5.0265E+16
70065,70066,9,1,88,141,2016,5,15,6,3,2,6,0,1,1,1,0,0,0,0,6.68835E+20,5.31243E+21,1.12609E+16,4.79429E+16
70066,70067,9,3,74,137,2016,5,6,6,2,9,1,0,1,0,1,0,0,0,0,7.48496E+20,5.49826E+21,1.24382E+16,4.95858E+16
70067,70068,9,7,77,111,2016,5,7,6,3,4,1,0,1,0,1,0,0,0,0,6.14296E+20,5.29576E+21,1.05265E+16,4.78051E+16
70068,70069,9,6,73,114,2016,5,16,5,3,8,1,0,0,0,0,0,1,1,0,5.87931E+20,5.57701E+21,1.02356E+16,5.03386E+16
70069,70070,9,6,77,200,2016,5,16,5,3,5,3,0,0,0,1,0,0,0,0,5.31381E+20,5.5408E+21,9.43804E+15,5.00187E+16
70070,70071,9,1,80,126,2016,5,16,4,3,2,6,0,0,0,1,0,0,0,0,6.60847E+20,5.26954E+21,1.11382E+16,4.75593E+16
70071,70072,9,6,77,157,2016,5,14,5,3,2,6,0,0,0,1,0,0,0,0,5.42422E+20,5.52223E+21,9.59012E+15,4.9851E+16
70072,70073,9,5,65,0,2016,5,1,6,3,8,1,2,1,0,1,0,0,0,0,6.49904E+20,5.46642E+21,1.10633E+16,4.93321E+16
70073,70074,9,2,76,129,2016,5,14,6,3,8,6,0,0,0,1,0,0,0,0,8.0516E+20,5.43776E+21,1.31741E+16,4.90172E+16
70074,70075,9,1,71,122,2016,5,6,5,3,5,3,0,0,0,1,0,0,0,0,7.69798E+20,5.33633E+21,1.26257E+16,4.81229E+16
70075,70076,9,7,75,139,2016,5,19,4,3,0,6,0,0,0,1,0,0,1,0,5.81466E+20,5.36855E+21,1.0102E+16,4.84648E+16
70076,70077,9,5,76,151,2016,5,23,6,3,2,6,2,0,0,1,0,0,0,0,6.55647E+20,5.47221E+21,1.11446E+16,4.93827E+16
70077,70078,9,1,88,113,2016,5,14,4,3,0,7,0,0,1,1,0,0,0,0,6.76182E+20,5.3176E+21,1.13613E+16,4.79874E+16
70078,70079,9,1,88,120,2016,5,9,4,3,2,6,0,0,0,1,0,0,1,0,6.7711E+20,5.32671E+21,1.13775E+16,4.80691E+16
70079,70080,9,1,79,123,2016,5,13,6,3,2,6,0,0,0,1,0,0,0,0,6.76598E+20,5.33414E+21,1.13737E+16,4.8136E+16
70080,70081,9,3,76,150,2016,5,16,6,3,5,3,0,0,0,1,0,0,0,0,7.28632E+20,5.4922E+21,1.21604E+16,4.95392E+16
70081,70082,9,7,72,178,2016,5,14,6,3,8,1,0,1,0,1,0,0,0,0,6.22598E+20,5.3431E+21,1.06509E+16,4.82293E+16
70082,70083,9,5,76,128,2016,5,9,5,3,2,6,0,0,0,1,0,0,1,0,6.44656E+20,5.46385E+21,1.09902E+16,4.93102E+16
70083,70084,9,2,79,132,2016,5,12,6,3,4,1,0,1,0,1,0,0,0,1,7.65174E+20,5.39936E+21,1.26035E+16,4.86909E+16
70084,70085,9,1,62,0,2016,5,8,5,3,2,6,0,0,0,1,0,0,0,0,6.94951E+20,5.34312E+21,1.16243E+16,4.82113E+16
70085,70086,9,6,62,0,2016,5,14,4,3,4,2,0,0,0,1,0,0,0,0,5.86931E+20,5.54467E+21,1.02142E+16,5.0048E+16
70086,70087,9,5,64,0,2016,5,14,6,3,5,3,0,0,0,1,0,0,0,0,6.53267E+20,5.47548E+21,1.1113E+16,4.94127E+16
70087,70088,9,2,75,124,2016,5,14,6,3,5,3,0,0,0,1,0,0,0,0,8.07388E+20,5.37362E+21,1.31567E+16,4.84405E+16
70088,70089,9,1,81,130,2016,5,15,5,2,8,7,0,1,0,1,0,0,0,0,6.40641E+20,5.32457E+21,1.08876E+16,4.80589E+16