FID,OBJECTID,ULAND,UREGBEZ,UKREIS,UGEMEINDE,UJAHR,UMONAT,USTUNDE,UWOCHENTAG,UKATEGORIE,UART,UTYP1,ULICHTVERH,IstStrasse,IstRad,IstPKW,IstFuss,IstKrad,IstGkfz,IstSonstig,LINREFX,LINREFY,XGCSWGS84,YGCSWGS84
70089,70090,9,6,63,0,2016,5,9,4,3,2,6,0,0,0,1,0,0,0,0,5.68834E+20,5.5168E+21,9.95651E+15,4.97997E+16
70090,70091,9,5,74,138,2016,5,13,6,1,4,6,0,0,0,1,0,1,0,0,6.64203E+20,5.49074E+21,1.127E+16,4.95469E+16
70091,70092,9,1,88,120,2016,5,15,4,3,5,3,0,0,1,0,0,1,0,0,6.77184E+20,5.32658E+21,1.13785E+16,4.80678E+16
70092,70093,9,1,90,133,2016,5,15,6,2,5,3,0,1,0,0,0,1,1,0,6.33883E+20,5.29634E+21,1.07881E+16,4.78064E+16
70093,70094,9,1,74,111,2016,5,19,4,3,8,7,0,1,0,0,0,1,0,1,6.62872E+20,5.36446E+21,1.12011E+16,4.84122E+16
70094,70095,9,1,78,120,2016,5,15,6,3,2,6,0,0,0,1,0,0,0,0,6.951E+20,5.35301E+21,1.16308E+16,4.83002E+16
70095,70096,9,7,71,113,2016,5,5,6,3,8,1,1,0,0,0,0,0,0,1,6.57018E+20,5.37072E+21,1.11244E+16,4.847E+16
70096,70097,9,5,64,0,2016,5,16,5,3,5,3,0,0,0,1,0,0,0,0,6.4648E+20,5.48751E+21,1.1024E+16,4.95225E+16
70097,70098,9,6,79,138,2016,5,17,3,3,2,2,0,0,0,1,0,1,0,0,5.68862E+20,5.50228E+21,9.95434E+15,4.96692E+16
70098,70099,9,5,71,136,2016,5,15,5,2,4,7,0,0,0,1,0,0,0,0,5.96803E+20,5.43657E+21,1.03255E+16,4.90743E+16
70099,70100,9,2,71,146,2016,5,10,5,3,3,6,0,0,0,1,0,0,0,0,7.86006E+20,5.41232E+21,1.28949E+16,4.8798E+16
70100,70101,9,1,62,0,2016,5,17,4,3,2,6,0,0,0,1,0,0,0,0,6.95186E+20,5.34185E+21,1.16269E+16,4.81998E+16
70101,70102,9,6,71,122,2016,5,14,4,3,5,3,0,0,0,1,0,0,0,0,5.06787E+20,5.53209E+21,9.09458E+15,4.99412E+16
70102,70103,9,5,76,121,2016,5,6,4,3,0,1,0,0,1,0,0,0,0,0,6.47722E+20,5.45434E+21,1.10288E+16,4.9224E+16
70103,70104,9,5,75,133,2016,5,15,6,3,2,6,0,0,0,1,0,1,0,0,5.99554E+20,5.48186E+21,1.03744E+16,4.94812E+16
70104,70105,9,5,63,0,2016,5,15,3,2,6,4,0,0,0,1,1,0,0,0,6.43912E+20,5.4809E+21,1.09861E+16,4.94637E+16
70105,70106,9,2,72,127,2016,5,10,4,2,8,6,0,0,0,0,0,1,0,1,8.2931E+20,5.41816E+21,1.34876E+16,4.8829E+16
70106,70107,9,1,87,122,2016,5,14,6,3,2,7,0,1,0,1,0,0,0,0,7.2104E+20,5.30737E+21,1.19565E+16,4.78816E+16
70107,70108,9,1,75,111,2016,5,10,4,2,0,3,0,0,0,1,0,1,0,0,7.12297E+20,5.33821E+21,1.1855E+16,4.81617E+16
70108,70109,9,7,80,124,2016,5,18,5,3,2,6,1,1,0,1,0,0,0,0,5.92753E+20,5.26759E+21,1.02329E+16,4.75551E+16
70109,70110,9,6,78,134,2016,5,8,6,3,0,1,0,1,0,0,0,1,0,0,5.96578E+20,5.52872E+21,1.03449E+16,4.9903E+16
70110,70111,9,3,72,116,2016,5,11,4,3,0,1,0,0,1,0,0,0,0,0,7.68346E+20,5.45966E+21,1.26862E+16,4.92309E+16
70111,70112,9,1,71,117,2016,5,23,6,3,9,1,2,1,0,1,0,0,0,0,7.65799E+20,5.337E+21,1.25725E+16,4.81306E+16
70112,70113,9,1,75,111,2016,5,6,4,3,2,6,0,0,0,1,0,0,0,0,7.13801E+20,5.33858E+21,1.18754E+16,4.81644E+16
70113,70114,9,1,84,144,2016,5,14,5,3,5,3,0,1,0,1,0,0,0,0,6.86654E+20,5.31689E+21,1.15012E+16,4.7978E+16
70114,70115,9,7,74,150,2016,5,14,5,3,1,2,0,1,0,1,0,0,0,0,6.01222E+20,5.34392E+21,1.03633E+16,4.82404E+16
70115,70116,9,6,75,147,2016,5,22,6,3,4,2,2,1,0,1,0,0,0,0,5.82502E+20,5.50202E+21,1.01433E+16,4.9665E+16
70116,70117,9,6,75,141,2016,5,13,3,3,5,3,0,0,0,1,0,0,0,0,5.86327E+20,5.50916E+21,1.01978E+16,4.97288E+16
70117,70118,9,4,72,175,2016,5,22,5,3,8,1,2,1,0,1,0,0,0,0,6.83348E+20,5.51674E+21,1.15466E+16,4.97751E+16
70118,70119,9,2,77,114,2016,5,22,5,3,9,7,2,1,0,1,0,0,0,0,7.90743E+20,5.37686E+21,1.29344E+16,4.84775E+16
70119,70120,9,5,73,120,2016,5,21,4,3,1,1,2,0,0,1,0,0,0,0,6.30502E+20,5.48419E+21,1.08022E+16,4.94963E+16
70120,70121,9,4,72,118,2016,5,16,6,3,2,1,0,0,0,1,0,0,0,0,6.75728E+20,5.50197E+21,1.14342E+16,4.96447E+16
70121,70122,9,5,73,114,2016,5,14,3,3,5,2,0,0,1,1,0,0,0,0,6.34543E+20,5.48017E+21,1.08566E+16,4.94593E+16
70122,70123,9,2,74,126,2016,5,20,4,2,9,6,1,1,0,1,0,0,0,0,7.32793E+20,5.3851E+21,1.21562E+16,4.85757E+16
70123,70124,9,7,71,113,2016,5,7,5,3,5,3,0,0,1,1,0,0,0,0,6.5778E+20,5.36985E+21,1.11343E+16,4.8462E+16
70124,70125,9,6,71,143,2016,5,16,6,3,5,3,0,1,0,1,0,0,0,1,5.12262E+20,5.54563E+21,9.17132E+15,5.00628E+16
70125,70126,9,3,61,0,2016,5,14,6,3,2,6,0,0,0,1,0,0,0,0,7.07338E+20,5.48066E+21,1.18604E+16,4.94432E+16
70126,70127,9,3,76,141,2016,5,11,5,3,2,7,0,0,0,1,0,0,0,0,7.24555E+20,5.45482E+21,1.2083E+16,4.9205E+16
70127,70128,9,1,63,0,2016,5,17,4,3,5,3,0,0,0,1,0,0,0,0,7.32608E+20,5.30656E+21,1.21106E+16,4.78702E+16
70128,70129,9,1,89,154,2016,5,9,5,2,4,1,0,0,0,1,0,0,0,0,7.69058E+20,5.31433E+21,1.2602E+16,4.79257E+16
70129,70130,9,6,73,142,2016,5,12,3,2,2,6,0,0,0,1,0,0,1,0,5.97403E+20,5.58702E+21,1.03713E+16,5.04271E+16
70130,70131,9,3,75,208,2016,5,16,5,3,0,1,0,1,0,0,0,1,0,0,7.31683E+20,5.44234E+21,1.21735E+16,4.90903E+16
70131,70132,9,1,73,112,2016,5,16,5,3,2,6,0,1,0,1,0,0,0,0,6.92824E+20,5.29214E+21,1.15728E+16,4.77537E+16
70132,70133,9,5,71,199,2016,5,7,4,3,1,7,0,0,0,1,0,0,1,0,5.85818E+20,5.45016E+21,1.0178E+16,4.91982E+16
70133,70134,9,4,71,155,2016,5,18,6,2,4,6,0,0,0,1,0,1,0,0,6.40506E+20,5.52979E+21,1.09567E+16,4.9904E+16
70134,70135,9,7,78,164,2016,5,15,6,3,4,2,0,0,0,1,0,0,0,0,5.83656E+20,5.30593E+21,1.01193E+16,4.79013E+16
70135,70136,9,6,79,143,2016,5,15,5,1,2,6,0,0,0,1,0,0,1,0,5.72777E+20,5.53273E+21,1.00143E+16,4.99425E+16
70136,70137,9,2,76,138,2016,5,14,6,3,5,3,0,0,0,1,0,0,0,0,8.02753E+20,5.43213E+21,1.3137E+16,4.89678E+16
70137,70138,9,1,87,118,2016,5,14,5,3,8,1,0,0,0,1,0,0,0,0,7.52882E+20,5.30061E+21,1.23778E+16,4.78091E+16
70138,70139,9,7,80,124,2016,5,17,4,3,2,2,0,0,0,1,0,1,0,0,5.90224E+20,5.26985E+21,1.01997E+16,4.75758E+16
70139,70140,9,5,65,0,2016,5,5,6,3,4,2,1,1,0,1,0,0,0,0,6.49797E+20,5.46564E+21,1.10615E+16,4.93251E+16
70140,70141,9,1,78,123,2016,5,20,4,3,8,1,0,0,0,1,0,0,0,0,6.9235E+20,5.36014E+21,1.15971E+16,4.83651E+16
70141,70142,9,1,73,147,2016,5,5,6,2,4,2,0,1,0,1,0,0,0,0,6.80555E+20,5.30791E+21,1.14158E+16,4.78991E+16
70142,70143,9,1,77,112,2016,5,10,4,2,5,3,0,0,1,1,0,0,0,0,7.16433E+20,5.36389E+21,1.19237E+16,4.8391E+16
70143,70144,9,1,79,149,2016,5,17,6,3,8,1,0,1,0,1,0,0,0,0,6.5508E+20,5.33211E+21,1.1084E+16,4.81234E+16
70144,70145,9,3,61,0,2016,5,7,6,3,2,6,0,1,0,1,0,1,0,0,7.06227E+20,5.48202E+21,1.18458E+16,4.94558E+16
70145,70146,9,7,72,171,2016,5,16,6,2,5,3,0,0,0,1,0,0,0,0,6.37733E+20,5.37204E+21,1.0864E+16,4.84864E+16
70146,70147,9,5,65,0,2016,5,15,5,3,6,4,0,0,0,1,1,0,0,0,6.46839E+20,5.46582E+21,1.10209E+16,4.93274E+16
70147,70148,9,1,75,124,2016,5,15,4,3,2,2,0,0,0,1,0,0,0,0,7.14704E+20,5.32878E+21,1.18826E+16,4.80761E+16
70148,70149,9,4,71,145,2016,5,12,4,3,0,3,0,0,1,0,0,0,0,0,6.4296E+20,5.52002E+21,1.09873E+16,4.98156E+16
70149,70150,9,1,88,141,2016,5,15,6,3,2,6,0,1,0,1,0,0,0,0,6.68839E+20,5.31229E+21,1.12609E+16,4.79416E+16
70150,70151,9,3,75,210,2016,5,23,6,3,9,6,2,0,0,1,0,0,0,1,7.47256E+20,5.43294E+21,1.23807E+16,4.89997E+16
70151,70152,9,7,62,0,2016,5,8,6,3,5,3,0,1,0,1,0,0,0,0,6.2229E+20,5.30714E+21,1.06364E+16,4.79059E+16
70152,70153,9,6,76,119,2016,5,12,5,3,9,1,0,1,0,1,0,0,0,0,5.27308E+20,5.50227E+21,9.37847E+15,4.96724E+16
70153,70154,9,2,74,145,2016,5,6,6,3,4,1,0,1,0,1,0,0,0,0,7.47444E+20,5.38388E+21,1.23538E+16,4.85591E+16
70154,70155,9,1,88,124,2016,5,16,5,3,2,2,0,1,0,1,0,0,0,0,6.63284E+20,5.32069E+21,1.11898E+16,4.80186E+16
70155,70156,9,6,77,148,2016,5,22,4,3,0,7,2,0,0,0,0,1,0,0,5.48178E+20,5.53646E+21,9.67195E+15,4.99785E+16
70156,70157,9,5,63,0,2016,5,16,6,2,5,3,0,0,0,1,0,1,0,0,6.44188E+20,5.47962E+21,1.09895E+16,4.94521E+16
70157,70158,9,1,77,115,2016,5,10,4,3,6,7,0,0,0,1,1,0,0,0,7.33786E+20,5.35139E+21,1.21509E+16,4.82725E+16
70158,70159,9,3,74,147,2016,5,14,4,2,8,7,0,0,1,0,0,0,0,0,7.45126E+20,5.50756E+21,1.23975E+16,4.96707E+16
70159,70160,9,1,89,157,2016,5,12,6,3,2,6,0,1,0,1,0,0,0,0,7.64549E+20,5.32536E+21,1.25485E+16,4.80267E+16
70160,70161,9,1,62,0,2016,5,12,3,3,3,6,0,0,0,1,0,0,0,0,6.86192E+20,5.33522E+21,1.1503E+16,4.8143E+16
70161,70162,9,1,84,135,2016,5,18,5,3,5,3,0,1,0,1,0,0,0,0,6.90061E+20,5.34733E+21,1.15604E+16,4.82507E+16
70162,70163,9,1,84,130,2016,5,14,5,2,3,2,0,0,0,1,0,0,0,1,7.01656E+20,5.34885E+21,1.17172E+16,4.82607E+16
70163,70164,9,6,79,179,2016,5,18,6,3,8,1,0,1,0,1,0,0,0,0,5.70587E+20,5.48804E+21,9.97568E+15,4.95409E+16
70164,70165,9,5,73,127,2016,5,14,5,3,5,3,0,0,1,1,0,0,0,0,6.46466E+20,5.47578E+21,1.10195E+16,4.94171E+16
70165,70166,9,6,73,153,2016,5,9,3,3,5,3,0,0,0,1,0,0,0,0,5.8605E+20,5.59092E+21,1.02124E+16,5.0464E+16
70166,70167,9,5,61,0,2016,5,7,5,3,2,6,0,1,0,1,0,0,0,1,6.14951E+20,5.4615E+21,1.0581E+16,4.92954E+16
70167,70168,9,2,78,192,2016,5,14,5,3,2,6,0,1,0,1,0,0,0,0,7.7235E+20,5.41566E+21,1.27116E+16,4.88341E+16
70168,70169,9,1,62,0,2016,5,9,4,3,9,7,0,0,0,1,0,0,0,0,6.92862E+20,5.339E+21,1.15943E+16,4.8175E+16
70169,70170,9,2,79,134,2016,5,15,6,3,2,6,0,0,0,1,0,0,0,0,7.62653E+20,5.38938E+21,1.2563E+16,4.86024E+16
70170,70171,9,1,77,133,2016,5,16,5,3,2,6,0,1,1,1,0,0,0,0,7.10083E+20,5.36114E+21,1.18367E+16,4.83684E+16
70171,70172,9,6,76,145,2016,5,22,4,3,5,3,2,0,0,1,0,0,0,0,5.09172E+20,5.52018E+21,9.12754E+15,4.9834E+16
70172,70173,9,5,71,228,2016,5,19,6,3,9,1,0,1,0,1,0,0,0,0,5.88416E+20,5.45324E+21,1.02143E+16,4.92256E+16
70173,70174,9,2,63,0,2016,5,7,4,3,5,3,0,0,1,1,0,0,0,0,7.61963E+20,5.42101E+21,1.25738E+16,4.88866E+16
70174,70175,9,1,84,145,2016,5,18,6,3,2,6,1,1,0,1,0,0,0,0,6.9649E+20,5.32254E+21,1.16355E+16,4.80259E+16
70175,70176,9,1,62,0,2016,5,18,3,2,2,6,0,0,1,0,0,0,0,0,6.92209E+20,5.34296E+21,1.15873E+16,4.82107E+16
70176,70177,9,7,78,116,2016,5,16,5,3,4,2,0,1,0,1,0,1,0,0,6.16432E+20,5.3194E+21,1.05614E+16,4.80173E+16
70177,70178,9,6,72,149,2016,5,3,6,2,0,1,2,0,0,0,0,0,1,0,5.63362E+20,5.56474E+21,9.88839E+15,5.02314E+16
70178,70179,9,6,78,134,2016,5,7,3,2,5,3,0,0,0,1,0,1,0,0,5.96752E+20,5.52879E+21,1.03474E+16,4.99037E+16
70179,70180,9,4,61,0,2016,5,10,5,3,2,6,0,0,0,1,0,0,1,0,6.36427E+20,5.53132E+21,1.09005E+16,4.99187E+16
70180,70181,9,1,90,145,2016,5,16,5,3,1,6,1,1,0,1,0,0,0,1,6.47855E+20,5.2869E+21,1.09714E+16,4.77185E+16
70181,70182,9,5,77,136,2016,5,16,4,3,0,2,0,0,0,1,0,0,0,0,6.27252E+20,5.44109E+21,1.07436E+16,4.91095E+16
70182,70183,9,4,77,142,2016,5,16,6,3,1,6,0,0,0,1,0,0,0,0,6.783E+20,5.54604E+21,1.14901E+16,5.00399E+16
70183,70184,9,5,77,177,2016,5,10,3,2,8,1,0,0,0,1,0,0,0,0,6.46214E+20,5.42648E+21,1.0998E+16,4.89739E+16
70184,70185,9,2,73,152,2016,5,13,4,3,8,1,0,0,0,1,0,0,1,0,7.02856E+20,5.40804E+21,1.17621E+16,4.87923E+16
70185,70186,9,5,63,0,2016,5,10,4,3,2,6,0,0,0,1,0,0,0,0,6.41137E+20,5.48325E+21,1.09487E+16,4.94854E+16
70186,70187,9,4,78,165,2016,5,10,6,3,5,3,0,0,0,1,0,0,0,0,6.43856E+20,5.55266E+21,1.10119E+16,5.01088E+16
70187,70188,9,5,77,122,2016,5,7,3,3,5,3,0,0,0,1,0,0,0,0,6.31179E+20,5.43548E+21,1.07956E+16,4.90582E+16
70188,70189,9,2,73,147,2016,5,11,4,3,5,3,0,0,1,1,0,0,0,0,7.04756E+20,5.3911E+21,1.17795E+16,4.86394E+16
70189,70190,9,1,76,120,2016,5,16,6,3,8,1,0,1,0,1,0,0,0,0,6.787E+20,5.4243E+21,1.14406E+16,4.89458E+16
70190,70191,9,1,62,0,2016,5,8,3,3,2,6,0,0,1,0,0,0,0,1,6.9548E+20,5.33034E+21,1.16255E+16,4.80963E+16
70191,70192,9,7,72,121,2016,5,18,5,3,8,1,0,1,0,1,0,0,0,0,6.35975E+20,5.375E+21,1.08412E+16,4.85133E+16
70192,70193,9,6,71,157,2016,5,18,6,3,1,6,0,1,0,1,0,0,0,0,5.28488E+20,5.5269E+21,9.39663E+15,4.98939E+16
70193,70194,9,6,78,115,2016,5,14,3,3,2,6,0,0,0,1,0,0,0,1,5.84014E+20,5.53947E+21,1.01723E+16,5.00017E+16
70194,70195,9,3,75,190,2016,5,15,5,3,5,3,0,0,1,1,0,0,0,0,7.27329E+20,5.44688E+21,1.21165E+16,4.91326E+16
70195,70196,9,1,83,128,2016,5,17,4,3,1,2,0,0,0,1,0,0,0,0,7.63298E+20,5.3499E+21,1.25469E+16,4.82476E+16
70196,70197,9,1,87,118,2016,5,3,5,3,2,1,2,0,0,1,0,0,1,0,7.52566E+20,5.30164E+21,1.23742E+16,4.78185E+16
70197,70198,9,4,64,0,2016,5,12,4,3,4,2,0,0,0,1,0,0,0,0,7.07922E+20,5.57657E+21,1.19199E+16,5.03046E+16
70198,70199,9,1,88,113,2016,5,19,6,2,0,7,1,1,0,0,0,1,0,0,6.76122E+20,5.3158E+21,1.13598E+16,4.79712E+16
70199,70200,9,3,74,146,2016,5,13,6,3,3,7,0,0,0,1,0,0,1,0,7.27738E+20,5.49982E+21,1.21524E+16,4.96079E+16
70200,70201,9,7,63,0,2016,5,12,6,3,0,6,0,1,0,1,0,0,0,0,5.99928E+20,5.28932E+21,1.03332E+16,4.77495E+16
70201,70202,9,6,72,121,2016,5,8,5,2,2,6,0,0,0,1,0,0,0,0,5.68009E+20,5.55306E+21,9.95145E+15,5.01258E+16
70202,70203,9,2,62,0,2016,5,10,6,3,0,6,0,1,0,1,0,0,1,0,8.29862E+20,5.38998E+21,1.34726E+16,4.8576E+16
70203,70204,9,7,77,121,2016,5,19,5,3,5,3,0,1,0,1,0,0,0,0,6.30269E+20,5.32177E+21,1.07476E+16,4.80359E+16
70204,70205,9,7,61,0,2016,5,8,4,2,2,6,0,0,0,1,0,1,0,0,6.40505E+20,5.35559E+21,1.0896E+16,4.83379E+16
70205,70206,9,6,77,125,2016,5,18,5,2,4,6,0,0,0,1,0,1,0,0,5.46236E+20,5.51776E+21,9.64263E+15,4.98105E+16
70206,70207,9,5,62,0,2016,5,23,6,3,9,1,2,1,1,0,0,0,0,0,6.44081E+20,5.49667E+21,1.09942E+16,4.96054E+16
70207,70208,9,3,61,0,2016,5,6,6,3,2,6,0,0,0,1,0,0,0,0,7.07658E+20,5.48068E+21,1.18648E+16,4.94433E+16
70208,70209,9,1,62,0,2016,5,15,4,3,0,7,0,0,0,0,0,0,0,1,6.95079E+20,5.33148E+21,1.16207E+16,4.81067E+16
70209,70210,9,6,62,0,2016,5,17,3,3,5,3,0,1,0,1,0,0,0,0,5.88266E+20,5.54564E+21,1.02331E+16,5.00565E+16
70210,70211,9,5,76,113,2016,5,18,6,3,8,1,0,1,0,1,0,0,0,0,6.6143E+20,5.45676E+21,1.12179E+16,4.92423E+16
70211,70212,9,1,82,116,2016,5,6,4,3,4,2,0,0,0,1,0,0,0,0,7.04217E+20,5.29398E+21,1.17255E+16,4.77668E+16
70212,70213,9,1,72,134,2016,5,21,5,2,9,1,2,1,0,1,0,0,0,0,7.87093E+20,5.3047E+21,1.28365E+16,4.78315E+16
70213,70214,9,1,62,0,2016,5,17,3,3,2,6,0,0,0,1,0,0,0,0,6.88683E+20,5.3367E+21,1.15371E+16,4.81555E+16
70214,70215,9,1,88,132,2016,5,14,6,3,9,1,0,1,0,1,0,0,0,0,6.66487E+20,5.32512E+21,1.12344E+16,4.80576E+16
70215,70216,9,3,73,167,2016,5,14,6,1,5,3,0,0,0,1,0,0,0,0,6.96384E+20,5.45776E+21,1.16981E+16,4.92411E+16
70216,70217,9,7,72,216,2016,5,21,6,3,2,6,2,1,0,1,0,0,0,0,6.22771E+20,5.36818E+21,1.06605E+16,4.84547E+16
70217,70218,9,5,74,112,2016,5,20,5,3,8,1,0,1,0,1,0,0,0,0,6.72648E+20,5.472E+21,1.13785E+16,4.93762E+16
70218,70219,9,2,74,126,2016,5,12,6,3,8,1,0,1,0,1,0,0,0,0,7.30274E+20,5.38921E+21,1.21244E+16,4.86136E+16
70219,70220,9,1,74,115,2016,5,7,5,3,0,7,0,0,1,0,0,0,0,0,6.8098E+20,5.34832E+21,1.14386E+16,4.82622E+16
70220,70221,9,6,72,117,2016,5,11,4,3,4,1,0,0,0,1,0,0,0,0,5.69885E+20,5.57196E+21,9.98117E+15,5.02956E+16
70221,70222,9,5,64,0,2016,5,21,6,3,4,2,1,0,0,1,0,0,0,0,6.48073E+20,5.47183E+21,1.10401E+16,4.93812E+16
70222,70223,9,3,72,175,2016,5,16,4,3,3,6,0,0,0,1,0,0,0,0,7.67049E+20,5.46218E+21,1.26701E+16,4.92541E+16
70223,70224,9,1,83,128,2016,5,18,6,3,5,3,0,1,1,1,0,0,0,0,7.61377E+20,5.35033E+21,1.25214E+16,4.82522E+16
70224,70225,9,1,84,139,2016,5,12,3,3,0,7,0,0,0,1,0,0,0,0,6.87181E+20,5.32584E+21,1.15122E+16,4.80584E+16
70225,70226,9,1,62,0,2016,5,12,5,3,5,3,0,0,0,1,0,1,0,0,6.86185E+20,5.33522E+21,1.15029E+16,4.8143E+16
70226,70227,9,7,75,152,2016,5,20,5,3,0,1,0,0,1,0,0,0,0,0,5.77352E+20,5.3528E+21,1.00435E+16,4.83237E+16
70227,70228,9,5,76,151,2016,5,18,6,3,1,6,0,0,0,1,0,0,0,0,6.53248E+20,5.46783E+21,1.11098E+16,4.93439E+16
70228,70229,9,1,84,136,2016,5,9,3,2,4,2,0,0,0,1,0,1,0,0,6.97668E+20,5.32795E+21,1.16538E+16,4.80741E+16
70229,70230,9,1,90,142,2016,5,14,6,3,5,3,0,1,0,1,0,0,0,0,6.58408E+20,5.29832E+21,1.11162E+16,4.78187E+16
70230,70231,9,1,62,0,2016,5,6,3,3,0,6,0,0,0,1,0,0,0,0,6.91371E+20,5.33123E+21,1.15708E+16,4.81055E+16
70231,70232,9,1,75,127,2016,5,12,6,2,5,3,0,1,0,1,0,1,0,0,7.13221E+20,5.34133E+21,1.1869E+16,4.81894E+16
70232,70233,9,7,61,0,2016,5,18,6,3,3,6,0,1,0,1,0,0,0,0,6.4141E+20,5.35268E+21,1.09072E+16,4.83115E+16
70233,70234,9,5,74,152,2016,5,14,5,3,5,3,0,0,0,1,0,0,0,0,6.64972E+20,5.48241E+21,1.12772E+16,4.94719E+16
70234,70235,9,5,77,138,2016,5,7,5,3,8,1,0,1,0,1,0,0,0,0,6.32953E+20,5.44617E+21,1.08234E+16,4.91539E+16
70235,70236,9,1,84,132,2016,5,19,6,3,2,1,0,1,0,1,0,0,0,0,6.81622E+20,5.32371E+21,1.14368E+16,4.80408E+16
70236,70237,9,1,75,137,2016,5,15,5,3,5,3,0,0,0,1,0,0,0,1,7.26051E+20,5.33194E+21,1.20364E+16,4.81006E+16
70237,70238,9,6,61,0,2016,5,11,4,3,3,2,0,0,1,1,0,0,0,0,5.12549E+20,5.53456E+21,9.17496E+15,4.99632E+16
70238,70239,9,5,65,0,2016,5,17,4,3,2,6,0,0,0,1,0,0,0,0,6.47656E+20,5.46568E+21,1.10321E+16,4.9326E+16
70239,70240,9,5,71,145,2016,5,12,6,3,0,7,0,0,1,0,0,0,0,0,5.97981E+20,5.45053E+21,1.0345E+16,4.91998E+16
70240,70241,9,2,76,138,2016,5,15,4,3,4,6,0,0,0,1,0,0,0,0,8.0053E+20,5.43181E+21,1.31065E+16,4.89661E+16
70241,70242,9,1,87,179,2016,5,20,6,3,8,1,1,1,0,1,0,0,0,0,7.22422E+20,5.31427E+21,1.19786E+16,4.79431E+16
70242,70243,9,7,75,164,2016,5,22,3,1,9,1,2,0,0,1,0,0,0,0,5.83505E+20,5.35156E+21,1.01262E+16,4.83117E+16
70243,70244,9,7,77,111,2016,5,19,5,3,9,1,0,1,0,1,0,0,0,0,6.1526E+20,5.29666E+21,1.05396E+16,4.78129E+16
70244,70245,9,6,74,133,2016,5,19,6,3,5,3,0,1,1,1,0,0,0,0,6.19692E+20,5.53725E+21,1.06693E+16,4.99755E+16
70245,70246,9,6,77,182,2016,5,6,3,3,3,6,0,0,0,1,0,0,1,0,5.36272E+20,5.52155E+21,9.5045E+15,4.98453E+16
70246,70247,9,6,75,178,2016,5,15,6,2,6,4,0,0,0,1,1,0,0,0,5.98626E+20,5.51769E+21,1.03706E+16,4.98035E+16
70247,70248,9,6,76,136,2016,5,15,3,3,2,6,0,0,0,1,0,0,0,0,5.14389E+20,5.52846E+21,9.2004E+15,4.99084E+16
70248,70249,9,4,73,121,2016,5,5,5,2,8,1,2,0,0,0,0,0,1,0,6.45862E+20,5.56759E+21,1.10457E+16,5.02424E+16
70249,70250,9,2,77,145,2016,5,7,5,3,3,2,0,0,1,1,0,0,0,0,7.98318E+20,5.3542E+21,1.30206E+16,4.82706E+16
70250,70251,9,5,64,0,2016,5,16,4,3,5,3,0,0,1,1,0,0,0,0,6.52059E+20,5.48157E+21,1.10987E+16,4.94677E+16
70251,70252,9,4,72,175,2016,5,22,6,3,3,6,1,0,0,1,0,0,0,0,6.77783E+20,5.50778E+21,1.14653E+16,4.96963E+16
70252,70253,9,5,75,121,2016,5,6,3,3,5,3,0,0,0,1,0,0,0,0,6.25084E+20,5.4907E+21,1.07295E+16,4.95559E+16
70253,70254,9,2,61,0,2016,5,12,4,3,6,7,0,0,0,0,1,1,0,0,7.32388E+20,5.38047E+21,1.21481E+16,4.85342E+16
70254,70255,9,1,88,121,2016,5,19,6,3,8,1,0,1,0,1,0,0,0,0,6.73738E+20,5.33007E+21,1.13337E+16,4.81002E+16
70255,70256,9,7,61,0,2016,5,19,5,3,2,6,0,1,0,1,0,0,0,0,6.42758E+20,5.35975E+21,1.09278E+16,4.83748E+16
70256,70257,9,6,71,130,2016,5,22,6,3,7,7,2,1,0,1,0,0,0,0,5.15444E+20,5.53681E+21,9.21542E+15,4.99834E+16
70257,70258,9,6,76,121,2016,5,23,3,3,5,3,2,0,0,1,0,0,0,0,5.11342E+20,5.52037E+21,9.15773E+15,4.98357E+16
70258,70259,9,3,72,164,2016,5,1,5,1,8,1,2,0,0,0,0,0,1,0,7.66247E+20,5.45065E+21,1.26515E+16,4.91508E+16
70259,70260,9,1,71,117,2016,5,22,4,3,2,7,2,0,0,1,0,0,0,0,7.68016E+20,5.33851E+21,1.26032E+16,4.81433E+16
70260,70261,9,1,89,115,2016,5,20,5,3,8,1,1,1,0,1,0,0,0,0,7.63914E+20,5.33468E+21,1.25458E+16,4.81107E+16
70261,70262,9,7,75,135,2016,5,17,3,3,2,6,0,0,0,1,0,0,0,0,5.73653E+20,5.35911E+21,9.99471E+15,4.83808E+16
70262,70263,9,4,74,140,2016,5,18,4,3,3,6,0,0,1,1,0,0,0,0,6.59588E+20,5.50101E+21,1.12105E+16,4.96406E+16
70263,70264,9,1,88,139,2016,5,7,6,3,2,6,0,1,1,1,0,0,0,0,6.74731E+20,5.31898E+21,1.13425E+16,4.80002E+16
70264,70265,9,3,75,175,2016,5,16,6,2,8,1,0,1,0,1,0,0,0,0,7.16826E+20,5.43393E+21,1.19658E+16,4.90201E+16
70265,70266,9,7,63,0,2016,5,2,6,3,5,3,2,1,0,1,0,0,0,0,5.98487E+20,5.28649E+21,1.03133E+16,4.77242E+16
70266,70267,9,6,78,135,2016,5,12,5,2,0,1,0,0,1,0,0,0,0,0,5.92017E+20,5.5407E+21,1.02843E+16,5.00115E+16
70267,70268,9,3,75,180,2016,5,17,5,3,2,6,0,0,0,1,0,0,0,0,7.24366E+20,5.43098E+21,1.20672E+16,4.89909E+16