FID,OBJECTID,ULAND,UREGBEZ,UKREIS,UGEMEINDE,UJAHR,UMONAT,USTUNDE,UWOCHENTAG,UKATEGORIE,UART,UTYP1,ULICHTVERH,IstStrasse,IstRad,IstPKW,IstFuss,IstKrad,IstGkfz,IstSonstig,LINREFX,LINREFY,XGCSWGS84,YGCSWGS84
70268,70269,9,1,90,151,2016,5,16,5,3,8,1,0,1,0,1,0,0,0,1,6.34293E+20,5.29938E+21,1.07945E+16,4.78337E+16
70269,70270,9,5,71,180,2016,5,12,4,3,5,3,0,0,0,1,0,0,0,0,6.31723E+20,5.4617E+21,1.08116E+16,4.92939E+16
70270,70271,9,4,71,186,2016,5,5,6,2,4,6,1,1,0,1,0,0,0,0,6.23334E+20,5.5256E+21,1.07164E+16,4.98701E+16
70271,70272,9,6,75,117,2016,5,9,5,3,5,3,0,0,0,1,0,0,0,0,5.83783E+20,5.51725E+21,1.01643E+16,4.98019E+16
70272,70273,9,1,90,159,2016,5,16,4,3,5,3,0,0,0,1,0,0,0,0,6.61969E+20,5.30395E+21,1.11658E+16,4.78684E+16
70273,70274,9,2,76,139,2016,5,16,6,3,5,3,0,1,0,1,0,0,0,0,8.08472E+20,5.42928E+21,1.32128E+16,4.89394E+16
70274,70275,9,1,87,182,2016,5,18,5,3,2,6,0,1,0,1,0,0,0,0,7.39147E+20,5.32882E+21,1.22103E+16,4.80678E+16
70275,70276,9,7,64,0,2016,5,5,4,3,5,3,0,0,1,1,0,0,0,0,5.86062E+20,5.31685E+21,1.01537E+16,4.79992E+16
70276,70277,9,5,76,151,2016,5,17,6,3,2,6,0,0,0,1,0,0,0,0,6.51764E+20,5.46803E+21,1.10895E+16,4.93461E+16
70277,70278,9,7,80,146,2016,5,14,3,3,8,1,0,0,0,1,0,0,0,0,5.9363E+20,5.28931E+21,1.02492E+16,4.77503E+16
70278,70279,9,7,77,154,2016,5,19,3,3,5,3,0,0,0,1,0,0,0,0,6.05851E+20,5.29952E+21,1.04147E+16,4.78403E+16
70279,70280,9,1,79,138,2016,5,19,6,3,5,3,0,1,0,1,0,0,0,0,6.56628E+20,5.33518E+21,1.11059E+16,4.81505E+16
70280,70281,9,3,76,153,2016,5,10,6,3,5,3,0,0,0,1,0,0,0,1,7.36029E+20,5.48769E+21,1.22597E+16,4.94959E+16
70281,70282,9,7,72,147,2016,5,7,6,3,9,1,0,1,0,1,0,0,0,0,6.32204E+20,5.36712E+21,1.07877E+16,4.84433E+16
70282,70283,9,5,74,138,2016,5,5,5,3,2,6,1,0,0,1,0,0,0,0,6.6682E+20,5.48743E+21,1.13048E+16,4.95165E+16
70283,70284,9,2,73,137,2016,5,10,6,2,5,3,0,1,1,1,0,0,0,0,7.1074E+20,5.42221E+21,1.18766E+16,4.8917E+16
70284,70285,9,2,74,111,2016,5,7,6,2,8,1,0,1,0,1,0,0,0,0,7.38219E+20,5.38119E+21,1.22274E+16,4.85385E+16
70285,70286,9,1,81,128,2016,5,17,5,3,2,6,0,1,0,1,0,0,0,0,6.39658E+20,5.32805E+21,1.08755E+16,4.80904E+16
70286,70287,9,6,77,131,2016,5,22,4,3,0,7,2,0,0,1,0,1,0,0,5.49829E+20,5.54474E+21,9.69605E+15,5.00528E+16
70287,70288,9,5,74,138,2016,5,22,6,2,5,3,2,0,1,1,0,0,0,0,6.65669E+20,5.48554E+21,1.12881E+16,4.94999E+16
70288,70289,9,7,80,124,2016,5,16,3,3,1,2,0,0,0,1,0,0,0,0,5.94115E+20,5.26797E+21,1.0251E+16,4.75584E+16
70289,70290,9,1,73,126,2016,5,11,6,3,5,3,0,1,0,1,0,0,0,0,6.84911E+20,5.30233E+21,1.14717E+16,4.78477E+16
70290,70291,9,7,77,135,2016,5,10,3,3,0,6,0,0,1,0,0,0,0,0,6.22613E+20,5.27461E+21,1.06316E+16,4.76133E+16
70291,70292,9,1,77,135,2016,5,10,6,3,2,6,0,1,0,1,0,0,0,0,7.20346E+20,5.34261E+21,1.19654E+16,4.81985E+16
70292,70293,9,1,62,0,2016,5,16,5,3,5,1,0,1,1,1,0,0,0,0,6.83896E+20,5.33544E+21,1.14723E+16,4.81456E+16
70293,70294,9,6,79,180,2016,5,19,6,3,9,1,0,1,0,1,0,0,0,0,5.69637E+20,5.52989E+21,9.97001E+15,4.99173E+16
70294,70295,9,5,64,0,2016,5,17,5,3,2,6,0,0,0,1,0,0,0,1,6.56731E+20,5.47644E+21,1.11611E+16,4.94204E+16
70295,70296,9,5,72,114,2016,5,14,3,3,5,3,0,0,0,1,0,1,0,0,6.33581E+20,5.49329E+21,1.08478E+16,4.95775E+16
70296,70297,9,5,75,135,2016,5,7,5,3,0,6,0,0,0,0,0,1,0,0,6.07116E+20,5.48706E+21,1.04802E+16,4.95266E+16
70297,70298,9,2,76,113,2016,5,7,5,3,4,3,0,0,0,1,0,0,0,0,7.89764E+20,5.44918E+21,1.29722E+16,4.91271E+16
70298,70299,9,1,62,0,2016,5,8,4,3,2,6,0,0,0,1,0,0,0,0,6.87368E+20,5.33508E+21,1.15188E+16,4.81414E+16
70299,70300,9,5,72,114,2016,5,15,4,3,0,1,0,0,1,1,0,0,0,0,6.32458E+20,5.49336E+21,1.08323E+16,4.95783E+16
70300,70301,9,5,74,154,2016,5,17,4,3,2,6,0,0,0,1,0,0,0,0,6.62006E+20,5.48457E+21,1.12371E+16,4.94922E+16
70301,70302,9,4,75,171,2016,5,17,6,2,8,1,0,0,0,0,0,1,0,0,6.98848E+20,5.57978E+21,1.17944E+16,5.03365E+16
70302,70303,9,5,71,226,2016,5,10,3,3,3,6,0,0,1,1,0,0,1,0,6.32577E+20,5.45637E+21,1.08216E+16,4.92458E+16
70303,70304,9,2,74,172,2016,5,17,4,2,8,1,0,0,0,0,0,1,0,0,7.19167E+20,5.39517E+21,1.19771E+16,4.86711E+16
70304,70305,9,1,61,0,2016,5,6,6,3,2,6,0,1,0,1,0,0,1,0,6.7872E+20,5.40289E+21,1.14316E+16,4.87534E+16
70305,70306,9,1,78,120,2016,5,19,2,2,9,1,0,1,0,1,0,0,0,0,6.95005E+20,5.35549E+21,1.16307E+16,4.83225E+16
70306,70307,9,4,74,124,2016,5,11,1,3,4,2,0,0,0,1,0,1,0,0,6.6165E+20,5.51095E+21,1.12431E+16,4.97293E+16
70307,70308,9,7,77,175,2016,5,19,4,3,5,2,0,0,0,1,0,0,0,0,6.13737E+20,5.28623E+21,1.05165E+16,4.77195E+16
70308,70309,9,6,73,171,2016,5,14,7,2,8,1,0,0,0,1,0,0,0,0,5.86845E+20,5.5696E+21,1.02187E+16,5.02722E+16
70309,70310,9,2,74,127,2016,5,6,7,3,2,6,0,1,0,1,0,0,0,0,7.36386E+20,5.39635E+21,1.22113E+16,4.86754E+16
70310,70311,9,5,62,0,2016,5,15,5,3,5,3,0,1,1,1,0,0,0,0,6.44703E+20,5.49691E+21,1.10029E+16,4.96074E+16
70311,70312,9,5,77,173,2016,5,17,3,3,5,3,0,0,0,1,0,0,0,0,6.39561E+20,5.42457E+21,1.09065E+16,4.89583E+16
70312,70313,9,1,73,130,2016,5,18,5,2,0,1,1,1,0,0,0,1,0,0,6.81173E+20,5.31482E+21,1.1427E+16,4.79611E+16
70313,70314,9,5,71,113,2016,5,16,4,3,8,1,0,0,0,0,0,1,0,0,6.18923E+20,5.44597E+21,1.0631E+16,4.9155E+16
70314,70315,9,4,74,126,2016,5,14,7,3,5,2,0,0,0,1,0,1,0,0,6.52267E+20,5.50968E+21,1.11125E+16,4.97204E+16
70315,70316,9,1,77,139,2016,5,16,3,2,9,6,0,0,0,1,0,0,0,0,7.36423E+20,5.36022E+21,1.21913E+16,4.83508E+16
70316,70317,9,4,78,139,2016,5,8,2,3,5,3,0,0,0,1,0,0,0,0,6.52344E+20,5.55234E+21,1.11304E+16,5.01037E+16
70317,70318,9,1,62,0,2016,5,18,1,3,9,1,0,0,0,1,0,0,0,0,6.97496E+20,5.33519E+21,1.16548E+16,4.81393E+16
70318,70319,9,6,77,164,2016,5,8,4,2,1,6,0,0,0,1,0,0,0,0,5.46372E+20,5.5436E+21,9.64762E+15,5.00429E+16
70319,70320,9,1,84,148,2016,5,11,6,3,0,1,0,1,1,0,0,0,0,0,6.94504E+20,5.32708E+21,1.16109E+16,4.80673E+16
70320,70321,9,5,64,0,2016,5,17,5,3,2,6,0,0,0,1,0,0,0,0,6.56891E+20,5.47507E+21,1.11628E+16,4.94081E+16
70321,70322,9,5,75,156,2016,5,8,7,2,5,3,0,0,0,1,0,1,0,0,6.06342E+20,5.47833E+21,1.04671E+16,4.94483E+16
70322,70323,9,2,63,0,2016,5,14,3,3,0,6,0,0,1,0,0,0,0,0,7.62364E+20,5.42027E+21,1.25787E+16,4.88798E+16
70323,70324,9,2,75,120,2016,5,10,4,3,8,7,0,0,0,1,0,0,0,0,8.1174E+20,5.40225E+21,1.32368E+16,4.86953E+16
70324,70325,9,1,88,139,2016,5,10,5,3,2,6,0,1,0,1,0,0,0,0,6.74563E+20,5.3187E+21,1.13401E+16,4.79977E+16
70325,70326,9,3,76,116,2016,5,5,4,3,2,6,0,0,0,1,0,0,0,0,7.39092E+20,5.4628E+21,1.2287E+16,4.92712E+16
70326,70327,9,1,87,118,2016,5,15,4,2,0,1,0,0,1,0,0,0,0,0,7.52763E+20,5.30134E+21,1.23766E+16,4.78157E+16
70327,70328,9,3,75,165,2016,5,11,3,3,2,6,0,0,0,1,0,0,0,0,7.2636E+20,5.43704E+21,1.20978E+16,4.90446E+16
70328,70329,9,1,76,167,2016,5,8,5,3,5,2,0,1,0,1,0,0,0,0,6.78319E+20,5.40939E+21,1.14289E+16,4.88119E+16
70329,70330,9,3,72,144,2016,5,18,4,3,5,2,0,0,0,1,0,0,0,1,7.91249E+20,5.46391E+21,1.30032E+16,4.92585E+16
70330,70331,9,4,74,129,2016,5,15,7,2,8,1,0,0,0,0,0,1,0,0,6.68657E+20,5.51985E+21,1.13441E+16,4.98074E+16
70331,70332,9,6,63,0,2016,5,11,2,2,0,6,0,0,0,0,0,1,0,0,5.68889E+20,5.51189E+21,9.9564E+15,4.97555E+16
70332,70333,9,3,73,113,2016,5,20,2,3,3,6,1,0,0,1,0,0,1,0,6.80016E+20,5.46552E+21,1.1477E+16,4.93159E+16
70333,70334,9,7,63,0,2016,5,18,7,3,0,1,0,1,1,0,0,0,0,0,5.99688E+20,5.28514E+21,1.0329E+16,4.7712E+16
70334,70335,9,1,62,0,2016,5,18,3,3,2,2,0,0,0,1,0,0,0,0,6.84107E+20,5.33541E+21,1.14751E+16,4.81453E+16
70335,70336,9,6,72,138,2016,5,13,4,3,5,3,0,0,0,1,0,0,0,0,5.56311E+20,5.5709E+21,9.79045E+15,5.02875E+16
70336,70337,9,4,61,0,2016,5,12,5,3,0,1,0,1,1,0,0,0,0,0,6.36029E+20,5.52976E+21,1.08944E+16,4.99047E+16
70337,70338,9,2,73,147,2016,5,0,3,3,2,6,2,1,0,1,0,0,0,0,7.0529E+20,5.394E+21,1.17882E+16,4.86653E+16
70338,70339,9,2,72,151,2016,5,18,4,3,0,7,0,0,0,0,0,1,0,0,8.38331E+20,5.41106E+21,1.36043E+16,4.87605E+16
70339,70340,9,2,78,139,2016,5,5,4,3,4,6,0,0,0,1,0,0,0,0,7.737E+20,5.42987E+21,1.27395E+16,4.89611E+16
70340,70341,9,1,62,0,2016,5,6,4,3,3,6,2,0,0,1,0,1,1,0,6.82457E+20,5.34199E+21,1.14558E+16,4.82049E+16
70341,70342,9,2,74,165,2016,5,23,2,3,9,1,2,1,0,1,0,0,0,0,7.16923E+20,5.38531E+21,1.19415E+16,4.85833E+16
70342,70343,9,6,74,149,2016,5,13,1,3,9,1,0,1,0,0,0,1,0,0,6.12648E+20,5.55761E+21,1.05771E+16,5.016E+16
70343,70344,9,1,62,0,2016,5,11,4,2,2,6,0,0,0,1,0,0,0,0,6.85092E+20,5.32892E+21,1.14855E+16,4.80867E+16
70344,70345,9,7,79,194,2016,5,13,5,3,2,2,0,0,0,1,0,0,0,0,6.10364E+20,5.41118E+21,1.05042E+16,4.88437E+16
70345,70346,9,2,73,147,2016,5,20,7,3,5,3,0,0,0,1,0,0,0,0,7.047E+20,5.39036E+21,1.17784E+16,4.86327E+16
70346,70347,9,6,72,134,2016,5,6,5,3,0,7,1,1,1,0,0,0,0,0,5.54091E+20,5.58603E+21,9.76147E+15,5.04238E+16
70347,70348,9,5,74,164,2016,5,12,2,3,3,6,0,1,0,1,0,0,0,0,6.64854E+20,5.4776E+21,1.12735E+16,4.94287E+16
70348,70349,9,7,78,173,2016,5,7,5,3,2,6,0,1,0,1,0,0,0,0,6.11157E+20,5.3225E+21,1.04915E+16,4.80461E+16
70349,70350,9,2,78,184,2016,5,11,2,3,9,1,0,1,0,1,0,0,0,0,7.77821E+20,5.43405E+21,1.27985E+16,4.89967E+16
70350,70351,9,6,62,0,2016,5,13,5,3,0,1,0,0,1,1,0,0,0,0,5.88756E+20,5.54394E+21,1.02395E+16,5.00411E+16
70351,70352,9,4,78,111,2016,5,17,7,3,5,3,0,0,1,1,0,0,0,0,6.60265E+20,5.55554E+21,1.12424E+16,5.01305E+16
70352,70353,9,7,61,0,2016,5,15,7,3,6,7,0,1,0,1,1,0,0,0,6.40188E+20,5.36056E+21,1.08934E+16,4.83826E+16
70353,70354,9,7,79,194,2016,5,17,3,2,4,2,0,0,0,1,0,0,0,0,6.13122E+20,5.41503E+21,1.05429E+16,4.88779E+16
70354,70355,9,5,74,141,2016,5,20,4,2,0,1,0,0,1,0,0,0,0,0,6.67845E+20,5.48746E+21,1.13189E+16,4.95165E+16
70355,70356,9,3,72,153,2016,5,23,5,3,7,7,2,1,0,0,0,1,0,0,7.5832E+20,5.45881E+21,1.25483E+16,4.92276E+16
70356,70357,9,1,90,145,2016,5,12,3,3,8,1,0,0,0,0,0,1,0,0,6.45445E+20,5.29075E+21,1.09406E+16,4.77537E+16
70357,70358,9,2,79,112,2016,5,16,4,3,5,2,0,0,1,1,0,0,0,0,7.57478E+20,5.39247E+21,1.24948E+16,4.86322E+16
70358,70359,9,1,75,111,2016,5,8,4,3,2,6,0,0,0,1,0,0,0,0,7.11999E+20,5.33817E+21,1.1851E+16,4.81614E+16
70359,70360,9,1,76,161,2016,5,20,2,3,9,1,0,1,0,1,0,0,0,0,6.809E+20,5.41536E+21,1.14667E+16,4.88648E+16
70360,70361,9,5,73,115,2016,5,19,1,3,2,2,0,0,0,1,0,0,0,0,6.29041E+20,5.47271E+21,1.07783E+16,4.93934E+16
70361,70362,9,7,75,162,2016,5,1,4,3,9,6,2,0,0,1,0,0,0,0,5.82682E+20,5.34902E+21,1.01147E+16,4.8289E+16
70362,70363,9,7,71,113,2016,5,12,5,3,8,1,0,1,0,1,0,0,0,0,6.59295E+20,5.36519E+21,1.1153E+16,4.84197E+16
70363,70364,9,6,79,154,2016,5,11,7,2,2,6,0,0,0,0,0,0,1,0,5.61017E+20,5.51102E+21,9.84699E+15,4.97486E+16
70364,70365,9,2,61,0,2016,5,15,7,3,9,1,0,0,0,1,0,0,0,0,7.31974E+20,5.37977E+21,1.21421E+16,4.85281E+16
70365,70366,9,5,65,0,2016,5,11,5,3,2,6,0,1,0,1,0,0,0,0,6.47632E+20,5.46605E+21,1.10319E+16,4.93293E+16
70366,70367,9,6,71,130,2016,5,7,3,3,5,3,0,0,1,1,0,0,0,0,5.16146E+20,5.53862E+21,9.22529E+15,4.99997E+16
70367,70368,9,5,64,0,2016,5,15,3,3,3,2,0,0,1,1,0,0,0,0,6.52668E+20,5.48071E+21,1.11068E+16,4.94599E+16
70368,70369,9,2,74,113,2016,5,12,5,3,8,1,0,1,0,1,0,0,0,0,7.26662E+20,5.38162E+21,1.20713E+16,4.85466E+16
70369,70370,9,6,63,0,2016,5,10,3,3,9,1,0,0,0,1,0,0,0,0,5.66947E+20,5.51262E+21,9.92957E+15,4.97623E+16
70370,70371,9,3,76,141,2016,5,20,5,2,3,1,0,1,0,1,0,0,0,0,7.24046E+20,5.45221E+21,1.20745E+16,4.91817E+16
70371,70372,9,1,83,112,2016,5,8,3,3,3,6,0,0,0,1,0,0,1,0,7.52428E+20,5.34961E+21,1.24006E+16,4.82494E+16
70372,70373,9,1,89,145,2016,5,10,4,2,3,2,0,0,0,1,0,1,0,0,7.73539E+20,5.30234E+21,1.26542E+16,4.78162E+16
70373,70374,9,1,62,0,2016,5,16,3,3,5,3,0,0,1,1,0,0,0,0,6.85304E+20,5.33534E+21,1.14912E+16,4.81443E+16
70374,70375,9,1,78,155,2016,5,4,2,1,9,1,2,0,0,1,0,0,0,0,7.16127E+20,5.37489E+21,1.19253E+16,4.849E+16
70375,70376,9,3,73,151,2016,5,21,1,2,6,4,2,0,0,1,1,0,0,0,6.98716E+20,5.45001E+21,1.17263E+16,4.91707E+16
70376,70377,9,7,78,207,2016,5,16,4,3,4,6,0,0,0,1,0,0,0,1,6.11244E+20,5.31294E+21,1.04902E+16,4.79601E+16
70377,70378,9,6,61,0,2016,5,14,7,2,0,7,0,0,1,0,0,0,0,0,5.11662E+20,5.53529E+21,9.16262E+15,4.99699E+16
70378,70379,9,2,74,113,2016,5,1,7,3,8,1,2,0,0,1,0,0,0,0,7.30468E+20,5.38339E+21,1.21238E+16,4.85612E+16
70379,70380,9,5,74,152,2016,5,13,5,3,5,3,0,0,0,1,0,0,0,0,6.62815E+20,5.48414E+21,1.12481E+16,4.94881E+16
70380,70381,9,4,64,0,2016,5,13,3,3,5,3,0,0,0,0,0,0,1,1,7.08508E+20,5.57509E+21,1.19273E+16,5.02911E+16
70381,70382,9,1,72,128,2016,5,15,5,3,8,1,0,1,0,1,0,0,0,0,7.93725E+20,5.29854E+21,1.29207E+16,4.77732E+16
70382,70383,9,4,72,199,2016,5,1,4,2,8,1,2,0,0,1,0,0,0,0,6.89152E+20,5.5335E+21,1.16353E+16,4.99239E+16
70383,70384,9,4,61,0,2016,5,14,7,3,1,6,0,0,0,1,0,0,0,0,6.37881E+20,5.52945E+21,1.092E+16,4.99015E+16
70384,70385,9,1,62,0,2016,5,10,2,3,4,2,0,1,0,1,0,0,0,0,6.94562E+20,5.34264E+21,1.16188E+16,4.82072E+16
70385,70386,9,4,74,123,2016,5,17,2,3,5,3,0,0,0,1,0,0,0,0,6.49193E+20,5.51543E+21,1.10721E+16,4.97728E+16
70386,70387,9,7,74,144,2016,5,8,7,3,0,6,0,1,0,1,0,0,0,0,6.08995E+20,5.36318E+21,1.04729E+16,4.84123E+16
70387,70388,9,6,77,203,2016,5,17,4,3,4,2,0,0,0,1,0,0,0,0,5.59664E+20,5.52635E+21,9.83057E+15,4.98866E+16
70388,70389,9,1,84,123,2016,5,9,6,3,2,6,0,1,0,1,0,0,0,0,7.02142E+20,5.33218E+21,1.17158E+16,4.81108E+16
70389,70390,9,3,72,154,2016,5,17,7,3,5,3,0,0,0,1,0,0,0,0,7.56297E+20,5.47215E+21,1.25291E+16,4.93482E+16
70390,70391,9,1,86,147,2016,5,14,3,3,9,1,0,0,0,1,0,0,0,0,6.85979E+20,5.3896E+21,1.15242E+16,4.86318E+16
70391,70392,9,5,71,190,2016,5,16,2,3,3,6,0,0,0,1,0,0,0,0,6.26475E+20,5.46163E+21,1.07395E+16,4.92943E+16
70392,70393,9,1,87,179,2016,5,11,1,3,3,7,0,0,0,1,0,0,0,0,7.23359E+20,5.30989E+21,1.19888E+16,4.79035E+16
70393,70394,9,7,72,200,2016,5,11,4,2,5,3,0,0,0,1,0,0,0,0,6.31647E+20,5.33701E+21,1.07708E+16,4.81727E+16
70394,70395,9,1,84,121,2016,5,15,6,3,1,6,0,1,0,1,0,0,0,0,7.04709E+20,5.33143E+21,1.17499E+16,4.81032E+16
70395,70396,9,5,77,148,2016,5,11,7,2,4,7,0,0,1,1,0,0,0,0,6.41268E+20,5.41744E+21,1.09274E+16,4.88938E+16
70396,70397,9,1,90,141,2016,5,15,7,3,2,2,0,0,1,1,0,0,0,0,6.77963E+20,5.29155E+21,1.13745E+16,4.77528E+16
70397,70398,9,3,76,147,2016,5,6,3,3,4,6,0,0,0,1,0,0,1,0,7.45903E+20,5.47054E+21,1.23852E+16,4.93379E+16
70398,70399,9,1,61,0,2016,5,17,5,3,3,1,0,1,0,1,0,0,0,1,6.80597E+20,5.40287E+21,1.14571E+16,4.87526E+16
70399,70400,9,3,72,153,2016,5,16,4,3,2,2,0,0,0,1,0,0,0,1,7.51666E+20,5.45589E+21,1.24552E+16,4.92041E+16
70400,70401,9,3,72,171,2016,5,16,7,3,5,3,0,0,0,1,0,1,0,0,7.6963E+20,5.47287E+21,1.27128E+16,4.93488E+16
70401,70402,9,6,76,126,2016,5,19,2,3,5,3,0,0,0,1,0,0,0,0,5.10725E+20,5.52519E+21,9.14928E+15,4.98791E+16
70402,70403,9,7,75,126,2016,5,17,5,3,5,2,0,1,0,1,0,0,0,0,5.81933E+20,5.35908E+21,1.01065E+16,4.83795E+16
70403,70404,9,3,76,160,2016,5,2,2,2,8,7,2,0,0,1,0,0,0,0,7.5674E+20,5.49104E+21,1.25474E+16,4.95176E+16
70404,70405,9,4,71,140,2016,5,8,7,3,0,6,0,0,0,1,0,0,0,0,6.36586E+20,5.53188E+21,1.09029E+16,4.99237E+16
70405,70406,9,7,79,131,2016,5,12,7,3,2,6,0,0,0,1,0,0,0,0,6.307E+20,5.40206E+21,1.07784E+16,4.87578E+16
70406,70407,9,7,63,0,2016,5,17,3,3,5,3,0,0,0,1,0,1,0,0,5.99348E+20,5.28754E+21,1.0325E+16,4.77336E+16
70407,70408,9,5,76,122,2016,5,13,4,3,1,7,0,0,0,1,0,0,1,0,6.66705E+20,5.44133E+21,1.12839E+16,4.91022E+16
70408,70409,9,3,74,121,2016,5,9,5,3,9,1,0,0,0,1,0,0,0,0,7.32448E+20,5.51341E+21,1.22256E+16,4.97282E+16
70409,70410,9,2,79,137,2016,5,6,3,3,9,7,0,0,0,1,0,0,0,0,7.73147E+20,5.40326E+21,1.27142E+16,4.87224E+16
70410,70411,9,2,79,124,2016,5,9,4,2,8,1,0,0,0,0,0,0,1,0,7.50587E+20,5.3932E+21,1.24019E+16,4.86416E+16
70411,70412,9,4,75,161,2016,5,8,5,3,3,6,0,0,0,0,0,1,0,1,7.17269E+20,5.57545E+21,1.20504E+16,5.02911E+16
70412,70413,9,2,75,127,2016,5,11,3,2,4,2,0,0,0,1,0,0,0,0,8.09237E+20,5.40119E+21,1.32021E+16,4.8687E+16
70413,70414,9,5,71,174,2016,5,13,7,2,5,3,0,0,0,1,0,0,0,0,6.04261E+20,5.46408E+21,1.04347E+16,4.93206E+16
70414,70415,9,2,75,126,2016,5,7,3,3,9,1,0,0,0,1,0,0,0,0,8.41399E+20,5.39802E+21,1.36351E+16,4.86419E+16
70415,70416,9,2,75,154,2016,5,15,4,3,2,6,0,0,0,1,0,0,0,0,8.03964E+20,5.39091E+21,1.31231E+16,4.85974E+16
70416,70417,9,1,88,124,2016,5,22,5,3,6,2,2,1,0,1,1,0,0,0,6.62507E+20,5.31849E+21,1.11785E+16,4.7999E+16
70417,70418,9,2,63,0,2016,5,13,4,2,0,1,0,0,1,0,0,0,0,0,7.62285E+20,5.42034E+21,1.25777E+16,4.88804E+16
70418,70419,9,1,85,149,2016,5,11,4,3,5,3,0,0,0,1,0,0,1,0,6.65442E+20,5.39826E+21,1.12492E+16,4.87154E+16
70419,70420,9,2,77,116,2016,5,14,2,3,9,1,0,1,0,1,0,0,0,0,7.79578E+20,5.36816E+21,1.27779E+16,4.84045E+16
70420,70421,9,7,71,156,2016,5,20,1,2,5,3,0,0,0,1,0,1,0,0,6.53417E+20,5.38354E+21,1.10804E+16,4.85862E+16
70421,70422,9,1,62,0,2016,5,23,4,3,3,6,2,0,0,1,0,0,0,1,6.85672E+20,5.33179E+21,1.14946E+16,4.81123E+16
70422,70423,9,7,80,137,2016,5,6,5,3,0,1,1,1,1,0,0,0,0,0,5.9576E+20,5.2702E+21,1.02734E+16,4.75781E+16
70423,70424,9,6,78,150,2016,5,15,5,2,9,6,0,0,0,1,0,0,0,0,5.90293E+20,5.53262E+21,1.02583E+16,4.99392E+16
70424,70425,9,7,79,131,2016,5,7,3,3,2,6,0,0,0,1,0,1,0,0,6.2819E+20,5.39545E+21,1.07422E+16,4.86989E+16
70425,70426,9,5,64,0,2016,5,10,4,3,5,7,0,0,0,1,0,0,0,1,6.53977E+20,5.48152E+21,1.11252E+16,4.94668E+16
70426,70427,9,3,72,177,2016,5,18,5,2,0,1,0,0,1,0,0,0,0,0,7.71946E+20,5.45149E+21,1.27301E+16,4.91559E+16
70427,70428,9,1,73,126,2016,5,14,3,3,3,6,0,0,1,1,0,0,0,0,6.8561E+20,5.3038E+21,1.14816E+16,4.78607E+16
70428,70429,9,1,80,119,2016,5,14,4,3,3,6,0,0,1,0,0,0,0,0,6.72656E+20,5.28279E+21,1.13002E+16,4.76755E+16
70429,70430,9,1,75,132,2016,5,9,4,2,8,2,0,0,0,0,0,1,1,1,7.08547E+20,5.33329E+21,1.18023E+16,4.81187E+16
70430,70431,9,1,81,130,2016,5,21,2,3,5,3,2,1,0,1,0,0,0,0,6.3899E+20,5.32521E+21,1.08656E+16,4.8065E+16
70431,70432,9,4,62,0,2016,5,13,1,3,5,1,0,1,0,1,0,1,0,0,6.84288E+20,5.53548E+21,1.15686E+16,4.99432E+16
70432,70433,9,7,78,177,2016,5,8,4,2,4,2,0,0,0,1,0,0,1,0,5.87997E+20,5.32338E+21,1.0181E+16,4.80576E+16
70433,70434,9,1,74,115,2016,5,17,4,3,2,6,0,0,0,1,0,0,0,0,6.80311E+20,5.34482E+21,1.14281E+16,4.8231E+16
70434,70435,9,2,74,128,2016,5,16,2,3,9,6,0,1,0,1,0,0,0,0,7.36463E+20,5.39329E+21,1.22106E+16,4.86478E+16
70435,70436,9,6,78,178,2016,5,18,1,2,0,1,0,1,1,0,0,0,0,0,5.89635E+20,5.5435E+21,1.02517E+16,5.0037E+16
70436,70437,9,1,62,0,2016,5,16,4,3,5,3,0,0,1,1,0,0,0,0,6.85209E+20,5.32767E+21,1.14866E+16,4.80754E+16
70437,70438,9,7,72,177,2016,5,15,5,2,4,2,0,1,0,1,0,0,0,0,6.37279E+20,5.37682E+21,1.08595E+16,4.85294E+16
70438,70439,9,1,87,118,2016,5,14,7,3,2,6,0,0,0,1,0,0,1,0,7.5335E+20,5.30283E+21,1.23853E+16,4.78289E+16
70439,70440,9,6,76,145,2016,5,17,5,3,2,6,0,0,0,1,0,0,0,0,5.10627E+20,5.52058E+21,9.14779E+15,4.98376E+16
70440,70441,9,6,77,114,2016,5,8,3,2,5,3,0,0,0,1,0,0,0,0,5.69197E+20,5.53667E+21,9.9651E+15,4.99784E+16
70441,70442,9,2,76,144,2016,5,11,5,2,3,6,0,0,1,0,0,0,1,0,7.83772E+20,5.44502E+21,1.28873E+16,4.90925E+16
70442,70443,9,1,89,152,2016,5,10,3,3,8,1,0,0,0,1,0,0,0,0,7.79319E+20,5.33105E+21,1.27499E+16,4.80714E+16
70443,70444,9,1,72,118,2016,5,7,4,3,5,2,0,0,0,1,0,0,0,0,7.97998E+20,5.3063E+21,1.29829E+16,4.78409E+16
70444,70445,9,3,72,153,2016,5,12,7,3,1,2,0,1,0,1,0,0,0,0,7.56036E+20,5.45592E+21,1.25151E+16,4.92026E+16
70445,70446,9,1,87,182,2016,5,17,3,3,0,3,0,0,0,1,0,0,0,0,7.40459E+20,5.32629E+21,1.22265E+16,4.80446E+16
70446,70447,9,5,74,164,2016,5,12,2,3,2,6,0,1,0,1,0,0,0,0,6.64779E+20,5.47778E+21,1.12726E+16,4.94304E+16
70447,70448,9,1,62,0,2016,5,19,1,3,5,3,0,0,0,1,0,0,0,0,6.94137E+20,5.33171E+21,1.16081E+16,4.81091E+16