FID,OBJECTID,ULAND,UREGBEZ,UKREIS,UGEMEINDE,UJAHR,UMONAT,USTUNDE,UWOCHENTAG,UKATEGORIE,UART,UTYP1,ULICHTVERH,IstStrasse,IstRad,IstPKW,IstFuss,IstKrad,IstGkfz,IstSonstig,LINREFX,LINREFY,XGCSWGS84,YGCSWGS84
70448,70449,9,3,71,148,2016,5,10,1,3,9,1,0,0,0,1,0,0,0,0,7.13506E+20,5.45798E+21,1.19332E+16,4.92374E+16
70449,70450,9,1,89,157,2016,5,4,1,2,6,1,2,0,0,1,1,0,0,0,7.63366E+20,5.3239E+21,1.25318E+16,4.8014E+16
70450,70451,9,7,79,131,2016,5,13,4,3,3,6,0,0,1,1,0,0,0,0,6.3105E+20,5.39495E+21,1.07809E+16,4.86938E+16
70451,70452,9,1,84,147,2016,5,17,6,3,5,3,0,1,0,1,0,0,0,0,6.95623E+20,5.33998E+21,1.16319E+16,4.81829E+16
70452,70453,9,5,62,0,2016,5,11,7,3,0,7,0,0,0,0,0,1,0,0,6.44757E+20,5.49632E+21,1.10034E+16,4.96021E+16
70453,70454,9,1,72,129,2016,5,20,7,2,8,7,2,1,0,1,0,0,0,0,7.9117E+20,5.2799E+21,1.28743E+16,4.76071E+16
70454,70455,9,5,63,0,2016,5,20,5,3,2,6,0,1,0,1,0,0,0,0,6.42981E+20,5.48635E+21,1.09753E+16,4.95129E+16
70455,70456,9,3,62,0,2016,5,9,3,3,2,6,0,0,0,1,0,0,0,0,7.24357E+20,5.43436E+21,1.20689E+16,4.90213E+16
70456,70457,9,1,82,123,2016,5,18,5,3,0,1,0,1,0,0,0,1,0,0,7.20454E+20,5.30128E+21,1.19456E+16,4.7827E+16
70457,70458,9,3,73,147,2016,5,19,4,3,2,6,0,0,0,1,0,0,1,1,6.84238E+20,5.46528E+21,1.15349E+16,4.93125E+16
70458,70459,9,6,77,155,2016,5,13,7,3,8,1,0,0,0,1,0,0,0,0,5.43886E+20,5.53255E+21,9.61165E+15,4.99437E+16
70459,70460,9,1,71,125,2016,5,19,7,3,5,3,0,1,1,1,0,0,0,0,7.7328E+20,5.34984E+21,1.26811E+16,4.82428E+16
70460,70461,9,5,72,132,2016,5,14,5,2,4,2,0,1,0,1,0,1,0,0,6.36302E+20,5.49209E+21,1.0885E+16,4.95661E+16
70461,70462,9,5,74,123,2016,5,16,3,1,2,6,0,0,0,1,0,0,1,0,6.60611E+20,5.4741E+21,1.12137E+16,4.93984E+16
70462,70463,9,5,77,115,2016,5,20,3,2,8,1,0,0,0,0,0,1,0,0,6.52177E+20,5.4376E+21,1.10836E+16,4.90725E+16
70463,70464,9,2,73,111,2016,5,11,5,3,5,3,0,1,0,1,0,0,0,0,7.10496E+20,5.41024E+21,1.18671E+16,4.88095E+16
70464,70465,9,5,71,223,2016,5,21,4,3,8,1,2,0,0,1,0,0,0,0,6.06301E+20,5.44679E+21,1.04582E+16,4.91647E+16
70465,70466,9,3,72,164,2016,5,18,7,3,5,3,0,0,0,1,0,0,0,0,7.6579E+20,5.45269E+21,1.26466E+16,4.91694E+16
70466,70467,9,1,78,124,2016,5,13,3,3,8,7,0,0,0,0,0,0,1,0,7.04097E+20,5.36209E+21,1.17564E+16,4.83789E+16
70467,70468,9,5,61,0,2016,5,14,2,3,0,1,0,1,0,0,0,1,0,0,6.14249E+20,5.46252E+21,1.05716E+16,4.93047E+16
70468,70469,9,1,61,0,2016,5,10,1,3,4,2,0,0,0,1,0,0,0,0,6.78846E+20,5.40577E+21,1.14345E+16,4.87792E+16
70469,70470,9,7,71,113,2016,5,11,4,3,3,2,0,0,1,1,0,0,0,0,6.57676E+20,5.3695E+21,1.11328E+16,4.84588E+16
70470,70471,9,7,75,143,2016,5,7,6,3,1,6,0,1,0,1,0,0,1,0,5.86073E+20,5.35533E+21,1.01616E+16,4.83453E+16
70471,70472,9,5,64,0,2016,5,22,5,3,3,6,2,0,0,1,0,1,0,0,6.47906E+20,5.48012E+21,1.10409E+16,4.94557E+16
70472,70473,9,5,71,179,2016,5,15,7,3,0,6,0,0,0,1,0,1,0,0,5.99454E+20,5.43062E+21,1.03603E+16,4.90204E+16
70473,70474,9,3,71,127,2016,5,12,3,3,2,6,0,0,0,1,0,0,0,0,7.1235E+20,5.49168E+21,1.19353E+16,4.95405E+16
70474,70475,9,1,88,139,2016,5,19,5,3,0,1,0,1,0,0,0,1,0,0,6.68679E+20,5.31907E+21,1.12614E+16,4.80026E+16
70475,70476,9,3,76,168,2016,5,10,4,3,0,3,0,0,0,1,0,1,0,0,7.31271E+20,5.46274E+21,1.21796E+16,4.92736E+16
70476,70477,9,1,63,0,2016,5,7,4,3,4,2,0,0,1,1,0,0,0,0,7.30643E+20,5.30343E+21,1.20827E+16,4.78428E+16
70477,70478,9,5,64,0,2016,5,12,2,3,2,6,0,0,0,1,0,0,0,0,6.57994E+20,5.47328E+21,1.11773E+16,4.93917E+16
70478,70479,9,7,78,214,2016,5,15,5,3,5,3,0,0,0,1,0,0,0,0,5.97213E+20,5.3227E+21,1.03045E+16,4.80502E+16
70479,70480,9,2,71,122,2016,5,14,2,3,8,1,0,1,0,1,0,0,0,0,7.91611E+20,5.42726E+21,1.29817E+16,4.89295E+16
70480,70481,9,3,72,116,2016,5,13,7,3,2,2,0,0,0,1,0,0,0,0,7.65871E+20,5.45555E+21,1.26496E+16,4.9195E+16
70481,70482,9,7,63,0,2016,5,15,2,3,2,6,0,1,0,1,0,0,0,0,5.98152E+20,5.2877E+21,1.03091E+16,4.77352E+16
70482,70483,9,3,74,124,2016,5,8,2,2,8,1,0,1,0,1,0,0,0,0,7.09835E+20,5.51138E+21,1.19111E+16,4.97183E+16
70483,70484,9,7,74,185,2016,5,9,7,3,0,7,0,1,0,0,0,1,0,1,6.0885E+20,5.34861E+21,1.04672E+16,4.82813E+16
70484,70485,9,6,62,0,2016,5,15,4,3,5,2,0,0,1,0,0,0,1,0,5.87414E+20,5.54339E+21,1.02207E+16,5.00364E+16
70485,70486,9,4,73,144,2016,5,15,5,3,2,6,0,0,0,1,0,0,0,0,6.32792E+20,5.57487E+21,1.0865E+16,5.0311E+16
70486,70487,9,2,74,135,2016,5,6,3,2,5,3,0,0,0,1,0,0,0,0,7.53913E+20,5.37791E+21,1.24377E+16,4.85029E+16
70487,70488,9,2,72,120,2016,5,22,4,2,0,1,2,0,0,0,0,1,0,0,8.22393E+20,5.42064E+21,1.33956E+16,4.88548E+16
70488,70489,9,2,78,118,2016,5,13,4,3,5,3,0,0,0,1,0,0,1,0,7.68475E+20,5.42598E+21,1.26657E+16,4.89284E+16
70489,70490,9,1,76,123,2016,5,14,4,3,1,6,0,0,0,1,0,0,1,0,6.6311E+20,5.41662E+21,1.12248E+16,4.88811E+16
70490,70491,9,2,74,172,2016,5,14,2,2,8,1,0,0,0,1,0,0,0,0,7.19624E+20,5.39555E+21,1.19835E+16,4.86743E+16
70491,70492,9,6,77,148,2016,5,12,1,3,1,6,0,0,0,1,0,1,0,0,5.55375E+20,5.53399E+21,9.77197E+15,4.99557E+16
70492,70493,9,1,84,139,2016,5,16,4,3,2,6,0,0,0,1,0,0,0,0,6.86714E+20,5.32449E+21,1.15054E+16,4.80464E+16
70493,70494,9,7,77,121,2016,5,16,5,3,0,1,0,1,0,0,0,1,0,0,6.28E+20,5.32144E+21,1.07171E+16,4.80334E+16
70494,70495,9,1,63,0,2016,5,15,7,3,2,6,0,0,0,1,0,0,0,0,7.35016E+20,5.30368E+21,1.21412E+16,4.78435E+16
70495,70496,9,6,78,168,2016,5,17,5,3,5,3,0,0,0,1,0,0,0,0,5.81842E+20,5.55111E+21,1.01445E+16,5.01066E+16
70496,70497,9,6,63,0,2016,5,12,3,3,1,6,0,0,0,1,0,0,0,0,5.67809E+20,5.51662E+21,9.94223E+15,4.97982E+16
70497,70498,9,5,64,0,2016,5,17,4,3,5,3,0,0,1,1,0,0,0,0,6.4732E+20,5.47162E+21,1.10297E+16,4.93794E+16
70498,70499,9,3,76,161,2016,5,16,5,2,6,4,0,0,0,1,1,0,0,0,7.25363E+20,5.46864E+21,1.21019E+16,4.93288E+16
70499,70500,9,1,87,118,2016,5,18,3,2,9,1,0,0,0,1,0,0,0,0,7.51934E+20,5.30125E+21,1.23655E+16,4.78153E+16
70500,70501,9,6,63,0,2016,5,9,5,3,5,3,0,1,0,1,0,0,0,0,5.70826E+20,5.51647E+21,9.98412E+15,4.97965E+16
70501,70502,9,7,71,130,2016,5,13,7,3,2,6,0,0,0,1,0,0,0,0,6.45599E+20,5.35773E+21,1.09654E+16,4.83559E+16
70502,70503,9,7,77,139,2016,5,9,3,3,9,1,0,1,0,1,0,0,0,0,6.1662E+20,5.30659E+21,1.05604E+16,4.7902E+16
70503,70504,9,5,76,128,2016,5,11,4,1,0,2,0,0,0,1,0,1,0,0,6.4187E+20,5.4613E+21,1.0951E+16,4.92879E+16
70504,70505,9,3,72,124,2016,5,15,5,3,4,1,0,1,0,1,0,0,1,0,7.8358E+20,5.46765E+21,1.29007E+16,4.92957E+16
70505,70506,9,1,90,130,2016,5,17,3,2,4,6,0,0,0,1,0,0,0,0,6.51036E+20,5.29487E+21,1.10166E+16,4.77895E+16
70506,70507,9,2,74,188,2016,5,13,4,3,2,6,0,0,0,1,0,0,0,0,7.47498E+20,5.39451E+21,1.23608E+16,4.86546E+16
70507,70508,9,1,84,121,2016,5,12,4,2,8,7,0,0,0,0,0,1,0,0,7.05056E+20,5.33198E+21,1.17548E+16,4.8108E+16
70508,70509,9,1,89,155,2016,5,13,2,3,0,1,0,1,0,0,0,1,0,0,7.71585E+20,5.30642E+21,1.26308E+16,4.78537E+16
70509,70510,9,5,76,141,2016,5,15,1,3,8,1,0,0,0,1,0,0,0,0,6.4908E+20,5.44705E+21,1.10448E+16,4.91581E+16
70510,70511,9,1,62,0,2016,5,21,4,3,6,4,2,0,1,0,1,0,0,0,6.88465E+20,5.33498E+21,1.15334E+16,4.81401E+16
70511,70512,9,7,61,0,2016,5,12,5,3,1,6,0,1,0,1,0,0,1,0,6.42977E+20,5.36045E+21,1.0931E+16,4.8381E+16
70512,70513,9,6,79,204,2016,5,15,7,3,2,6,0,0,0,1,0,0,1,0,5.57807E+20,5.51093E+21,9.80243E+15,4.97481E+16
70513,70514,9,1,87,167,2016,5,17,7,3,2,2,0,1,0,1,0,0,0,0,7.3779E+20,5.30253E+21,1.21776E+16,4.78321E+16
70514,70515,9,5,62,0,2016,5,12,5,3,8,1,0,1,0,0,0,0,1,0,6.43927E+20,5.49153E+21,1.09902E+16,4.95593E+16
70515,70516,9,6,62,0,2016,5,15,3,3,5,3,0,0,0,1,0,0,0,0,5.8681E+20,5.54469E+21,1.02125E+16,5.00482E+16
70516,70517,9,5,74,155,2016,5,8,3,3,1,6,0,0,0,1,0,0,0,1,6.69113E+20,5.49304E+21,1.13388E+16,4.95663E+16
70517,70518,9,2,75,117,2016,5,17,5,3,5,3,0,0,0,1,0,0,0,0,8.04066E+20,5.38698E+21,1.31216E+16,4.8562E+16
70518,70519,9,1,71,116,2016,5,19,3,3,5,3,0,0,0,1,0,0,0,0,7.67669E+20,5.33216E+21,1.25945E+16,4.80864E+16
70519,70520,9,3,71,126,2016,5,17,7,3,9,1,0,0,0,1,0,0,0,0,7.03615E+20,5.48909E+21,1.18134E+16,4.95202E+16
70520,70521,9,1,87,117,2016,5,16,3,3,6,7,0,0,0,0,1,0,0,1,7.25372E+20,5.30606E+21,1.20137E+16,4.78683E+16
70521,70522,9,5,64,0,2016,5,16,2,3,5,3,0,0,0,1,0,0,0,0,6.49871E+20,5.47658E+21,1.10667E+16,4.94234E+16
70522,70523,9,7,73,182,2016,5,5,1,3,9,6,0,0,0,1,0,0,0,0,6.27951E+20,5.37794E+21,1.07335E+16,4.85415E+16
70523,70524,9,1,89,115,2016,5,17,4,3,4,1,0,0,0,0,0,1,1,0,7.63914E+20,5.33468E+21,1.25458E+16,4.81107E+16
70524,70525,9,1,75,133,2016,5,7,4,2,5,3,0,0,0,1,0,0,1,0,7.10533E+20,5.34216E+21,1.18333E+16,4.81977E+16
70525,70526,9,1,78,155,2016,5,11,2,3,2,6,0,0,0,1,0,0,0,0,7.16085E+20,5.37498E+21,1.19248E+16,4.84907E+16
70526,70527,9,3,77,154,2016,5,5,1,2,9,7,0,0,0,1,0,0,0,0,7.42394E+20,5.53168E+21,1.23748E+16,4.98884E+16
70527,70528,9,7,77,151,2016,5,9,4,3,5,3,0,0,0,1,0,1,0,0,6.17782E+20,5.29197E+21,1.0572E+16,4.77703E+16
70528,70529,9,6,78,193,2016,5,13,7,3,5,3,0,0,0,1,0,0,0,0,5.75648E+20,5.53554E+21,1.00548E+16,4.99674E+16
70529,70530,9,1,76,161,2016,5,17,7,3,3,1,0,1,0,1,0,0,0,1,6.80793E+20,5.41409E+21,1.14647E+16,4.88534E+16
70530,70531,9,5,62,0,2016,5,14,5,3,4,1,0,1,0,1,0,0,0,0,6.39773E+20,5.49198E+21,1.09329E+16,4.95643E+16
70531,70532,9,5,71,136,2016,5,18,3,2,5,3,0,0,0,1,0,0,0,0,5.92166E+20,5.4355E+21,1.02618E+16,4.90655E+16
70532,70533,9,1,72,132,2016,5,10,5,3,7,7,0,0,0,0,0,0,0,1,7.99567E+20,5.2794E+21,1.29854E+16,4.75987E+16
70533,70534,9,4,64,0,2016,5,17,4,3,1,6,0,0,0,1,0,0,0,0,7.07883E+20,5.57659E+21,1.19194E+16,5.03047E+16
70534,70535,9,3,61,0,2016,5,19,7,2,4,6,0,0,0,1,0,0,0,0,7.07185E+20,5.48011E+21,1.1858E+16,4.94383E+16
70535,70536,9,1,62,0,2016,5,19,2,3,6,2,0,1,0,1,1,0,0,0,6.92034E+20,5.34129E+21,1.15842E+16,4.81958E+16
70536,70537,9,4,77,128,2016,5,13,2,3,5,3,0,0,0,1,0,0,0,0,6.74783E+20,5.5526E+21,1.1444E+16,5.00999E+16
70537,70538,9,1,75,137,2016,5,16,1,3,4,1,0,1,0,1,0,0,0,1,7.28084E+20,5.3349E+21,1.20653E+16,4.81265E+16
70538,70539,9,6,75,131,2016,5,22,4,3,5,3,2,0,0,1,0,0,0,0,5.89407E+20,5.5121E+21,1.02412E+16,4.97547E+16
70539,70540,9,7,75,135,2016,5,15,6,3,2,6,0,1,0,1,0,0,1,0,5.77229E+20,5.35988E+21,1.00431E+16,4.83873E+16
70540,70541,9,5,75,153,2016,5,16,5,3,4,6,0,0,0,1,0,0,1,0,6.1206E+20,5.49509E+21,1.05508E+16,4.9598E+16
70541,70542,9,5,61,0,2016,5,12,7,3,6,4,0,0,0,1,1,0,0,0,6.14684E+20,5.46233E+21,1.05776E+16,4.9303E+16
70542,70543,9,1,87,125,2016,5,11,1,3,5,3,0,0,0,1,0,0,0,1,7.52362E+20,5.31378E+21,1.23785E+16,4.79276E+16
70543,70544,9,7,73,125,2016,5,13,4,3,0,7,0,0,1,0,0,0,0,0,6.09006E+20,5.38201E+21,1.0478E+16,4.85817E+16
70544,70545,9,7,64,0,2016,5,14,6,2,0,6,0,1,0,1,0,1,0,0,5.8926E+20,5.31639E+21,1.01965E+16,4.79946E+16
70545,70546,9,5,71,145,2016,5,12,7,3,2,6,0,0,0,1,0,0,0,0,5.91564E+20,5.44679E+21,1.02561E+16,4.91671E+16
70546,70547,9,1,76,132,2016,5,4,7,3,0,7,2,1,0,0,0,0,0,1,6.7012E+20,5.4159E+21,1.13201E+16,4.88727E+16
70547,70548,9,5,64,0,2016,5,13,5,3,2,6,0,1,0,1,0,0,0,0,6.57907E+20,5.4819E+21,1.11795E+16,4.94692E+16
70548,70549,9,3,72,177,2016,5,17,3,3,3,6,0,0,0,1,0,0,0,0,7.71169E+20,5.45226E+21,1.27199E+16,4.91632E+16
70549,70550,9,1,76,139,2016,5,15,5,3,9,1,0,1,0,1,0,0,0,0,6.87103E+20,5.41214E+21,1.15497E+16,4.8834E+16
70550,70551,9,3,72,170,2016,5,17,4,2,4,6,0,0,0,1,0,1,0,1,7.46923E+20,5.45611E+21,1.23903E+16,4.9208E+16
70551,70552,9,2,78,144,2016,5,17,7,3,8,1,0,0,1,1,0,0,0,0,7.43038E+20,5.40793E+21,1.23083E+16,4.87769E+16
70552,70553,9,6,79,137,2016,5,23,2,1,8,1,1,0,0,1,0,0,0,0,5.62724E+20,5.50194E+21,9.86923E+15,4.96667E+16
70553,70554,9,3,75,119,2016,5,14,2,3,8,1,0,0,0,1,0,0,0,0,7.41221E+20,5.44782E+21,1.23072E+16,4.91358E+16
70554,70555,9,7,80,128,2016,5,11,7,2,8,1,0,1,0,1,0,0,0,0,6.09375E+20,5.2789E+21,1.04565E+16,4.76542E+16
70555,70556,9,7,80,128,2016,5,16,3,3,5,3,0,0,0,1,0,0,0,0,6.11059E+20,5.27659E+21,1.04784E+16,4.76332E+16
70556,70557,9,6,76,134,2016,5,17,4,3,5,3,0,0,0,1,0,0,0,1,5.13143E+20,5.51462E+21,9.18258E+15,4.97839E+16
70557,70558,9,4,71,120,2016,5,19,5,2,0,1,0,0,1,0,0,0,0,0,6.24771E+20,5.52207E+21,1.07352E+16,4.98381E+16
70558,70559,9,2,73,177,2016,5,18,3,3,6,4,0,0,0,1,1,0,0,0,7.07135E+20,5.40142E+21,1.1817E+16,4.87314E+16
70559,70560,9,1,78,155,2016,5,20,4,2,5,6,1,0,0,1,0,0,1,0,7.21132E+20,5.37415E+21,1.19925E+16,4.84816E+16
70560,70561,9,1,79,145,2016,5,15,4,2,2,6,0,0,0,1,0,1,0,0,6.72543E+20,5.33569E+21,1.13199E+16,4.8151E+16
70561,70562,9,2,74,146,2016,5,18,2,3,2,6,0,0,0,1,0,0,0,1,7.33409E+20,5.37384E+21,1.21582E+16,4.84743E+16
70562,70563,9,6,62,0,2016,5,20,1,2,9,7,1,0,0,1,0,0,0,0,5.88738E+20,5.54153E+21,1.02387E+16,5.00195E+16
70563,70564,9,2,75,126,2016,5,22,3,3,8,7,2,0,0,1,0,0,0,0,8.39774E+20,5.39849E+21,1.36135E+16,4.86469E+16
70564,70565,9,2,75,159,2016,5,17,4,3,5,3,0,0,0,1,0,0,0,0,8.10581E+20,5.39464E+21,1.32154E+16,4.86276E+16
70565,70566,9,1,79,142,2016,5,5,5,3,2,6,0,1,0,1,0,0,0,0,6.70849E+20,5.34115E+21,1.12993E+16,4.82006E+16
70566,70567,9,2,63,0,2016,5,18,4,3,5,3,0,0,0,1,0,0,0,0,7.62555E+20,5.42008E+21,1.25812E+16,4.88781E+16
70567,70568,9,1,86,125,2016,5,10,4,3,5,3,0,0,0,1,0,0,0,0,6.72801E+20,5.37505E+21,1.13395E+16,4.85048E+16
70568,70569,9,7,71,130,2016,5,13,1,3,9,6,0,0,0,1,0,0,0,0,6.44439E+20,5.36312E+21,1.09517E+16,4.84047E+16
70569,70570,9,2,78,123,2016,5,18,7,2,8,1,0,0,0,1,0,0,0,0,7.47388E+20,5.41499E+21,1.23716E+16,4.88385E+16
70570,70571,9,1,88,121,2016,5,5,5,3,5,3,1,1,0,1,0,1,0,0,6.7007E+20,5.32929E+21,1.12841E+16,4.80942E+16
70571,70572,9,7,80,143,2016,5,14,5,3,2,6,0,1,0,1,0,0,0,0,5.97972E+20,5.28177E+21,1.03054E+16,4.76819E+16
70572,70573,9,2,72,126,2016,5,17,2,2,4,2,0,0,0,1,0,1,0,0,8.37922E+20,5.41761E+21,1.36041E+16,4.88194E+16
70573,70574,9,6,72,127,2016,5,20,5,3,9,1,0,0,0,1,0,0,0,0,5.64571E+20,5.55678E+21,9.90399E+15,5.01597E+16
70574,70575,9,7,79,115,2016,5,7,3,3,4,2,0,0,0,1,0,0,0,0,6.33317E+20,5.39486E+21,1.08116E+16,4.86926E+16
70575,70576,9,5,76,113,2016,5,16,4,3,5,3,0,0,0,1,0,0,1,0,6.60153E+20,5.45488E+21,1.11996E+16,4.92258E+16
70576,70577,9,3,75,153,2016,5,13,5,3,5,3,0,1,0,1,0,0,0,0,7.18598E+20,5.44839E+21,1.19978E+16,4.91494E+16
70577,70578,9,1,90,133,2016,5,5,3,2,5,3,1,1,0,1,0,0,0,0,6.36103E+20,5.29585E+21,1.08176E+16,4.78016E+16
70578,70579,9,1,90,158,2016,5,12,4,3,0,1,0,0,0,0,0,1,0,0,6.5173E+20,5.29905E+21,1.10273E+16,4.78269E+16
70579,70580,9,1,77,117,2016,5,10,4,3,8,1,0,0,0,1,0,0,0,0,7.17141E+20,5.35148E+21,1.19269E+16,4.82793E+16
70580,70581,9,1,76,120,2016,5,16,2,3,2,6,0,1,0,1,0,0,0,0,6.79518E+20,5.42358E+21,1.14515E+16,4.89391E+16
70581,70582,9,5,73,115,2016,5,19,1,3,0,7,0,0,0,1,0,0,0,0,6.29069E+20,5.47275E+21,1.07787E+16,4.93937E+16
70582,70583,9,7,75,152,2016,5,12,4,3,5,1,0,0,0,1,0,0,0,1,5.78212E+20,5.35156E+21,1.00549E+16,4.83124E+16
70583,70584,9,6,63,0,2016,5,5,7,3,3,7,0,0,0,1,0,0,0,0,5.668E+20,5.5112E+21,9.92729E+15,4.97496E+16
70584,70585,9,1,84,120,2016,5,14,7,3,0,1,0,0,0,0,0,1,0,0,6.80165E+20,5.33364E+21,1.14214E+16,4.81304E+16
70585,70586,9,5,72,133,2016,5,16,5,3,2,6,0,0,0,1,0,0,0,0,6.37452E+20,5.49936E+21,1.09035E+16,4.96311E+16
70586,70587,9,5,71,165,2016,5,8,3,2,9,1,0,0,0,1,0,0,1,0,6.35196E+20,5.46424E+21,1.08602E+16,4.93159E+16
70587,70588,9,5,73,134,2016,5,20,3,3,5,2,0,0,0,1,0,0,0,0,6.40474E+20,5.4762E+21,1.0937E+16,4.94223E+16
70588,70589,9,1,62,0,2016,5,10,4,3,3,2,0,0,1,0,0,0,1,0,6.88655E+20,5.33627E+21,1.15366E+16,4.81517E+16
70589,70590,9,7,72,147,2016,5,11,5,3,0,7,0,1,0,0,0,1,0,0,6.37474E+20,5.36489E+21,1.08582E+16,4.84222E+16
70590,70591,9,1,79,136,2016,5,15,7,3,0,1,0,1,0,0,0,1,0,0,6.61928E+20,5.34318E+21,1.11801E+16,4.82212E+16
70591,70592,9,6,77,157,2016,5,3,5,3,3,6,2,0,0,1,0,0,0,1,5.36869E+20,5.52076E+21,9.51273E+15,4.98381E+16
70592,70593,9,6,77,157,2016,5,18,3,3,5,3,0,0,0,1,0,0,0,0,5.4329E+20,5.52086E+21,9.60203E+15,4.98386E+16
70593,70594,9,3,61,0,2016,5,20,5,3,5,3,1,0,0,1,0,0,0,0,7.06041E+20,5.48051E+21,1.18424E+16,4.94423E+16
70594,70595,9,1,89,155,2016,5,10,3,3,2,2,0,1,0,1,0,0,0,0,7.7149E+20,5.30774E+21,1.26303E+16,4.78656E+16
70595,70596,9,1,89,154,2016,5,20,4,3,5,3,1,0,1,1,0,0,0,0,7.69142E+20,5.31656E+21,1.26045E+16,4.79457E+16
70596,70597,9,1,87,116,2016,5,10,3,3,8,7,0,1,0,1,0,0,0,0,7.47202E+20,5.32785E+21,1.23177E+16,4.8056E+16
70597,70598,9,1,62,0,2016,5,19,3,3,5,3,0,0,1,1,0,0,0,0,6.92537E+20,5.33919E+21,1.159E+16,4.81768E+16
70598,70599,9,1,77,133,2016,5,16,2,2,4,6,0,1,0,1,0,0,0,0,7.1133E+20,5.36155E+21,1.18537E+16,4.83717E+16
70599,70600,9,3,72,117,2016,5,18,1,3,2,6,0,0,0,1,0,0,0,0,7.77229E+20,5.4561E+21,1.28055E+16,4.91949E+16
70600,70601,9,1,71,137,2016,5,5,1,3,9,1,0,1,0,1,0,0,0,0,7.71966E+20,5.35081E+21,1.2664E+16,4.82521E+16
70601,70602,9,7,80,137,2016,5,12,4,3,4,2,0,0,0,1,0,1,0,0,5.96958E+20,5.2696E+21,1.02892E+16,4.75726E+16
70602,70603,9,5,74,152,2016,5,15,7,2,3,6,0,0,0,1,0,0,1,0,6.60899E+20,5.48166E+21,1.12207E+16,4.94663E+16
70603,70604,9,1,81,130,2016,5,16,7,3,0,7,0,1,1,0,0,0,0,0,6.40493E+20,5.32349E+21,1.08852E+16,4.80492E+16
70604,70605,9,5,74,138,2016,5,8,5,3,4,2,0,0,0,1,0,0,0,0,6.64481E+20,5.48647E+21,1.12721E+16,4.95086E+16
70605,70606,9,4,78,139,2016,5,12,3,3,5,2,0,0,0,1,0,0,0,0,6.48058E+20,5.55619E+21,1.1072E+16,5.01394E+16
70606,70607,9,1,62,0,2016,5,9,5,3,2,6,0,1,0,1,0,0,0,0,6.94666E+20,5.33025E+21,1.16146E+16,4.80958E+16
70607,70608,9,3,74,147,2016,5,19,4,2,9,1,0,0,0,0,0,1,0,0,7.44471E+20,5.50364E+21,1.2386E+16,4.96358E+16
70608,70609,9,2,71,119,2016,5,17,7,2,4,6,0,1,0,1,0,0,0,0,7.90603E+20,5.41551E+21,1.29596E+16,4.88245E+16
70609,70610,9,2,73,152,2016,5,13,5,3,9,1,0,1,0,1,0,0,0,0,7.05219E+20,5.41001E+21,1.17952E+16,4.88092E+16
70610,70611,9,5,73,133,2016,5,12,4,2,2,2,0,0,0,1,1,0,0,0,6.24428E+20,5.48226E+21,1.07178E+16,4.94802E+16
70611,70612,9,2,75,154,2016,5,22,7,3,8,7,2,0,0,1,0,0,0,0,8.13533E+20,5.39238E+21,1.32536E+16,4.86059E+16
70612,70613,9,1,85,158,2016,5,17,3,3,2,6,0,0,0,1,0,0,0,1,6.66625E+20,5.38126E+21,1.12584E+16,4.85623E+16
70613,70614,9,5,61,0,2016,5,11,2,3,0,7,0,1,0,0,0,1,0,0,6.15069E+20,5.46237E+21,1.05829E+16,4.93032E+16
70614,70615,9,1,86,143,2016,5,18,1,3,5,3,0,0,0,1,0,0,0,0,6.84462E+20,5.38252E+21,1.15005E+16,4.85686E+16
70615,70616,9,7,61,0,2016,5,14,4,3,0,7,0,0,0,0,0,1,0,0,6.37875E+20,5.35307E+21,1.08597E+16,4.83158E+16
70616,70617,9,7,78,186,2016,5,16,6,3,5,3,0,0,0,1,0,0,0,0,5.99076E+20,5.31326E+21,1.03273E+16,4.79649E+16
70617,70618,9,5,71,214,2016,5,13,7,3,0,7,0,0,1,0,0,0,0,0,6.16831E+20,5.43365E+21,1.05988E+16,4.90446E+16
70618,70619,9,1,84,123,2016,5,9,7,3,3,1,0,1,0,1,0,0,1,0,7.0507E+20,5.33204E+21,1.1755E+16,4.81086E+16
70619,70620,9,3,76,147,2016,5,7,3,3,8,7,0,0,0,1,0,0,1,0,7.37516E+20,5.47149E+21,1.22705E+16,4.93498E+16
70620,70621,9,1,76,160,2016,5,12,5,3,3,6,0,1,0,1,0,0,1,0,6.55725E+20,5.42266E+21,1.11265E+16,4.89372E+16
70621,70622,9,3,72,116,2016,5,18,4,3,2,6,0,0,0,1,0,0,0,0,7.66851E+20,5.45645E+21,1.26636E+16,4.92027E+16
70622,70623,9,2,72,142,2016,5,13,7,3,5,3,0,0,0,1,0,0,0,0,8.20737E+20,5.41216E+21,1.33664E+16,4.87797E+16
70623,70624,9,5,74,152,2016,5,17,2,3,3,6,0,1,0,1,0,0,0,0,6.63753E+20,5.48264E+21,1.12605E+16,4.94743E+16
70624,70625,9,7,75,135,2016,5,16,5,3,4,6,0,0,0,1,0,0,1,1,5.77509E+20,5.36012E+21,1.0047E+16,4.83894E+16
70625,70626,9,2,78,139,2016,5,6,2,3,8,1,0,0,0,1,0,0,0,0,7.73686E+20,5.42535E+21,1.27362E+16,4.89205E+16
70626,70627,9,6,79,205,2016,5,18,5,3,2,6,0,0,0,1,0,0,0,0,5.61042E+20,5.51599E+21,9.84811E+15,4.97933E+16
70627,70628,9,7,72,147,2016,5,16,7,3,8,1,0,1,0,1,0,0,0,0,6.38446E+20,5.36682E+21,1.08719E+16,4.84393E+16