FID,OBJECTID,ULAND,UREGBEZ,UKREIS,UGEMEINDE,UJAHR,UMONAT,USTUNDE,UWOCHENTAG,UKATEGORIE,UART,UTYP1,ULICHTVERH,IstStrasse,IstRad,IstPKW,IstFuss,IstKrad,IstGkfz,IstSonstig,LINREFX,LINREFY,XGCSWGS84,YGCSWGS84
70628,70629,9,7,76,117,2016,5,14,3,3,5,3,0,0,0,1,0,0,0,0,5.67693E+20,5.27236E+21,9.90056E+15,4.76011E+16
70629,70630,9,5,74,123,2016,5,3,4,3,8,7,2,1,0,0,0,0,1,0,6.62494E+20,5.4746E+21,1.12398E+16,4.94024E+16
70630,70631,9,3,74,121,2016,5,11,5,1,4,6,0,0,0,1,0,0,0,1,7.34383E+20,5.51312E+21,1.22522E+16,4.97249E+16
70631,70632,9,1,80,133,2016,5,16,3,3,2,6,0,0,0,1,0,0,0,1,6.64972E+20,5.28698E+21,1.11995E+16,4.77151E+16
70632,70633,9,7,75,135,2016,5,17,2,3,5,3,0,1,0,1,0,0,0,0,5.79304E+20,5.35699E+21,1.00706E+16,4.83611E+16
70633,70634,9,3,77,112,2016,5,14,2,3,8,1,0,0,0,1,0,0,0,0,7.42843E+20,5.52199E+21,1.23749E+16,4.98011E+16
70634,70635,9,7,74,115,2016,5,10,7,3,5,3,0,0,0,1,0,0,0,0,6.10955E+20,5.34456E+21,1.04945E+16,4.82445E+16
70635,70636,9,6,62,0,2016,5,15,4,3,5,3,0,0,1,0,0,0,0,0,5.85582E+20,5.54521E+21,1.01955E+16,5.0053E+16
70636,70637,9,4,75,141,2016,5,12,5,3,7,7,0,0,0,0,0,1,0,0,7.02037E+20,5.58029E+21,1.18394E+16,5.034E+16
70637,70638,9,2,74,194,2016,5,12,3,3,1,6,0,0,0,1,0,0,0,1,7.22011E+20,5.37588E+21,1.20053E+16,4.84968E+16
70638,70639,9,4,78,145,2016,5,11,7,2,8,1,0,0,0,1,0,0,0,0,6.49473E+20,5.55892E+21,1.10929E+16,5.01636E+16
70639,70640,9,2,75,145,2016,5,16,4,3,4,6,0,0,0,1,0,0,0,0,8.19582E+20,5.37417E+21,1.33215E+16,4.84395E+16
70640,70641,9,2,76,143,2016,5,15,4,2,1,6,0,0,0,1,0,0,0,0,7.9232E+20,5.43861E+21,1.29995E+16,4.9031E+16
70641,70642,9,1,85,139,2016,5,16,4,2,0,7,0,0,1,1,0,0,0,0,6.67875E+20,5.39511E+21,1.1281E+16,4.86864E+16
70642,70643,9,2,74,118,2016,5,7,2,2,8,1,0,1,0,1,0,0,0,0,7.36154E+20,5.36815E+21,1.21921E+16,4.84222E+16
70643,70644,9,7,71,158,2016,5,18,1,3,5,3,0,0,0,1,0,0,0,0,6.42374E+20,5.3707E+21,1.09263E+16,4.84733E+16
70644,70645,9,1,84,138,2016,5,9,4,3,1,6,0,0,0,1,0,0,0,0,6.80681E+20,5.33128E+21,1.14273E+16,4.81091E+16
70645,70646,9,7,77,166,2016,5,16,5,3,8,6,0,1,0,0,0,0,1,0,6.31187E+20,5.27952E+21,1.07471E+16,4.76558E+16
70646,70647,9,6,73,141,2016,5,8,5,2,4,2,0,0,0,1,0,0,0,0,6.03633E+20,5.57287E+21,1.04551E+16,5.02988E+16
70647,70648,9,7,71,113,2016,5,17,3,3,5,3,0,0,0,1,0,0,0,0,6.58588E+20,5.36751E+21,1.11444E+16,4.84408E+16
70648,70649,9,5,64,0,2016,5,7,4,3,5,7,0,0,0,1,0,1,0,0,6.48103E+20,5.47695E+21,1.10424E+16,4.94272E+16
70649,70650,9,3,72,130,2016,5,17,5,2,5,3,0,1,0,1,0,0,1,0,7.82478E+20,5.45717E+21,1.28782E+16,4.92022E+16
70650,70651,9,1,89,145,2016,5,1,3,2,2,6,2,1,0,1,0,0,1,0,7.73334E+20,5.3034E+21,1.26522E+16,4.78258E+16
70651,70652,9,1,80,117,2016,5,12,4,3,3,2,0,0,0,1,0,1,0,0,6.58743E+20,5.26201E+21,1.11075E+16,4.74922E+16
70652,70653,9,1,75,135,2016,5,10,4,3,5,3,0,0,1,1,0,0,0,0,7.09462E+20,5.33776E+21,1.18167E+16,4.81585E+16
70653,70654,9,2,73,172,2016,5,1,4,3,8,7,2,0,0,1,0,0,0,0,7.08156E+20,5.40518E+21,1.18327E+16,4.87648E+16
70654,70655,9,1,75,132,2016,5,17,4,3,2,6,0,0,0,1,0,0,0,0,7.06744E+20,5.33627E+21,1.17795E+16,4.8146E+16
70655,70656,9,1,90,140,2016,5,10,2,3,3,6,0,1,0,1,0,0,1,0,6.41761E+20,5.29427E+21,1.08926E+16,4.77862E+16
70656,70657,9,5,62,0,2016,5,21,1,3,6,4,2,0,0,1,1,0,0,0,6.44752E+20,5.49632E+21,1.10034E+16,4.96021E+16
70657,70658,9,1,62,0,2016,5,16,4,3,2,6,0,0,0,1,0,0,0,0,6.90496E+20,5.33198E+21,1.15594E+16,4.81126E+16
70658,70659,9,7,72,125,2016,5,16,5,3,2,6,0,1,0,1,0,0,0,0,6.36312E+20,5.34836E+21,1.08371E+16,4.82738E+16
70659,70660,9,1,78,122,2016,5,6,7,3,4,6,0,1,0,0,0,0,1,1,7.02414E+20,5.38388E+21,1.17443E+16,4.85752E+16
70660,70661,9,6,76,116,2016,5,10,5,3,2,2,0,0,0,1,0,0,1,0,5.19097E+20,5.50615E+21,9.26487E+15,4.97076E+16
70661,70662,9,6,73,153,2016,5,17,3,3,5,3,0,0,0,1,0,0,0,0,5.88211E+20,5.59053E+21,1.02428E+16,5.04601E+16
70662,70663,9,5,74,156,2016,5,16,3,3,2,6,0,0,0,1,0,0,0,1,6.5917E+20,5.48355E+21,1.11976E+16,4.94837E+16
70663,70664,9,2,63,0,2016,5,17,5,3,0,1,0,1,1,0,0,0,0,0,7.63357E+20,5.42078E+21,1.25926E+16,4.8884E+16
70664,70665,9,1,72,118,2016,5,0,3,3,5,3,2,1,0,1,0,0,0,0,7.9606E+20,5.30651E+21,1.29572E+16,4.78437E+16
70665,70666,9,2,77,121,2016,5,10,7,2,5,3,0,0,0,1,0,1,0,0,7.62346E+20,5.36777E+21,1.25453E+16,4.84084E+16
70666,70667,9,1,87,177,2016,5,19,3,3,2,6,0,0,0,1,0,0,0,0,7.36048E+20,5.30427E+21,1.21553E+16,4.78483E+16
70667,70668,9,5,74,152,2016,5,6,2,2,8,1,0,0,0,1,0,0,0,0,6.63759E+20,5.4814E+21,1.126E+16,4.94631E+16
70668,70669,9,7,75,129,2016,5,22,1,3,0,1,2,0,0,1,0,0,0,0,5.81904E+20,5.34144E+21,1.01027E+16,4.82209E+16
70669,70670,9,2,76,138,2016,5,20,1,3,7,7,2,0,0,1,0,0,0,0,8.0496E+20,5.43456E+21,1.3169E+16,4.89886E+16
70670,70671,9,1,72,118,2016,5,17,1,2,4,1,0,1,0,1,0,0,0,0,7.97319E+20,5.30447E+21,1.29726E+16,4.78248E+16
70671,70672,9,7,79,155,2016,5,14,4,3,2,2,0,0,0,1,0,0,0,0,6.23894E+20,5.40511E+21,1.06867E+16,4.87867E+16
70672,70673,9,7,64,0,2016,5,12,6,3,1,1,0,1,0,1,0,0,1,0,5.8751E+20,5.31748E+21,1.01732E+16,4.80046E+16
70673,70674,9,5,76,147,2016,5,18,7,2,8,1,0,0,1,0,0,0,0,0,6.43412E+20,5.44829E+21,1.09675E+16,4.91706E+16
70674,70675,9,5,64,0,2016,5,13,5,3,2,6,0,1,0,1,0,0,0,0,6.57907E+20,5.4819E+21,1.11795E+16,4.94692E+16
70675,70676,9,4,76,178,2016,5,7,7,3,5,3,0,0,0,1,0,1,0,0,6.62829E+20,5.57449E+21,1.12864E+16,5.03E+16
70676,70677,9,2,74,128,2016,5,19,7,1,4,1,0,0,0,1,0,0,0,0,7.35528E+20,5.38835E+21,1.21951E+16,4.86039E+16
70677,70678,9,2,75,122,2016,5,21,2,2,8,6,2,1,0,0,0,1,0,0,8.20079E+20,5.38263E+21,1.33347E+16,4.85151E+16
70678,70679,9,6,77,148,2016,5,18,3,2,0,6,0,1,0,1,0,0,0,1,5.52494E+20,5.5367E+21,9.73217E+15,4.99803E+16
70679,70680,9,1,77,120,2016,5,15,7,2,0,1,0,0,1,0,0,0,0,0,7.20363E+20,5.36034E+21,1.19749E+16,4.83578E+16
70680,70681,9,5,74,155,2016,5,13,1,2,5,3,0,0,0,1,0,1,0,0,6.69119E+20,5.49304E+21,1.13389E+16,4.95663E+16
70681,70682,9,6,75,139,2016,5,6,6,3,5,3,0,0,0,1,0,0,0,1,5.97569E+20,5.50058E+21,1.03517E+16,4.96499E+16
70682,70683,9,2,78,154,2016,5,14,1,3,0,2,0,0,0,0,0,1,0,0,7.77197E+20,5.43177E+21,1.27884E+16,4.89766E+16
70683,70684,9,5,71,188,2016,5,8,2,3,3,6,0,0,0,0,0,0,0,1,5.88802E+20,5.48125E+21,1.02259E+16,4.94774E+16
70684,70685,9,7,78,183,2016,5,15,3,3,9,1,0,1,0,1,0,0,0,0,6.08187E+20,5.32662E+21,1.04527E+16,4.80837E+16
70685,70686,9,1,73,118,2016,5,15,6,3,4,6,0,0,0,1,0,0,0,0,6.87854E+20,5.30557E+21,1.15124E+16,4.7876E+16
70686,70687,9,1,62,0,2016,5,16,3,3,2,6,0,1,0,1,0,0,0,0,6.9639E+20,5.34328E+21,1.16437E+16,4.82124E+16
70687,70688,9,1,85,153,2016,5,16,1,3,5,3,0,0,0,1,0,1,0,0,6.52528E+20,5.40548E+21,1.10764E+16,4.87836E+16
70688,70689,9,7,80,115,2016,5,19,7,3,5,3,0,0,1,1,0,0,0,0,5.94884E+20,5.26425E+21,1.02604E+16,4.75247E+16
70689,70690,9,1,87,177,2016,5,8,7,3,2,6,0,0,0,1,0,1,0,0,7.35484E+20,5.30532E+21,1.21483E+16,4.7858E+16
70690,70691,9,1,82,137,2016,5,20,2,3,9,1,1,1,0,1,0,0,0,0,7.12312E+20,5.30488E+21,1.18387E+16,4.78622E+16
70691,70692,9,1,88,121,2016,5,10,6,3,2,6,0,0,0,1,0,0,0,0,6.7004E+20,5.32926E+21,1.12837E+16,4.80939E+16
70692,70693,9,5,72,164,2016,5,14,3,3,5,3,0,1,0,1,0,0,0,0,6.3364E+20,5.49909E+21,1.08506E+16,4.96296E+16
70693,70694,9,7,76,130,2016,5,17,2,3,2,6,1,1,0,1,0,0,0,0,5.54949E+20,5.27136E+21,9.7309E+15,4.75934E+16
70694,70695,9,7,79,155,2016,5,15,6,3,0,6,0,0,0,1,0,0,1,1,6.20118E+20,5.40796E+21,1.06362E+16,4.8813E+16
70695,70696,9,2,77,119,2016,5,4,1,3,9,7,2,0,0,1,0,0,0,0,7.73609E+20,5.37101E+21,1.26993E+16,4.84328E+16
70696,70697,9,3,77,117,2016,5,1,2,3,2,6,2,0,0,1,0,0,1,0,7.28513E+20,5.52729E+21,1.21792E+16,4.98544E+16
70697,70698,9,3,72,116,2016,5,6,3,1,4,1,0,1,0,1,0,1,0,0,7.69548E+20,5.45277E+21,1.26981E+16,4.91684E+16
70698,70699,9,7,77,121,2016,5,4,1,3,8,7,1,0,0,1,0,0,0,0,6.26818E+20,5.3203E+21,1.07009E+16,4.80234E+16
70699,70700,9,7,61,0,2016,5,14,3,3,5,3,0,1,1,1,0,0,0,0,6.41091E+20,5.35554E+21,1.09039E+16,4.83373E+16
70700,70701,9,2,75,116,2016,5,13,1,2,5,3,0,0,0,1,0,1,0,0,8.18045E+20,5.36398E+21,1.32931E+16,4.83488E+16
70701,70702,9,4,64,0,2016,5,20,2,3,9,1,1,1,0,1,0,0,0,1,7.08089E+20,5.57772E+21,1.19229E+16,5.03148E+16
70702,70703,9,7,79,181,2016,5,15,3,2,8,1,0,1,0,1,0,0,0,0,6.3214E+20,5.39231E+21,1.07948E+16,4.86699E+16
70703,70704,9,1,72,122,2016,5,12,6,2,5,3,0,1,0,1,0,0,0,0,7.94501E+20,5.31393E+21,1.29415E+16,4.7911E+16
70704,70705,9,1,84,136,2016,5,20,2,3,5,3,2,1,0,1,0,0,0,0,6.99404E+20,5.32744E+21,1.16768E+16,4.8069E+16
70705,70706,9,1,88,132,2016,5,17,1,3,2,6,0,0,0,1,0,1,0,0,6.66895E+20,5.32591E+21,1.12402E+16,4.80646E+16
70706,70707,9,7,77,159,2016,5,12,7,3,5,3,0,0,0,1,0,1,0,0,6.14931E+20,5.27407E+21,1.05292E+16,4.76098E+16
70707,70708,9,1,87,148,2016,5,8,7,3,8,1,0,0,1,0,0,0,0,0,7.38457E+20,5.28115E+21,1.21748E+16,4.76398E+16
70708,70709,9,5,71,228,2016,5,15,1,3,2,6,0,0,0,1,0,0,0,0,5.88436E+20,5.4532E+21,1.02146E+16,4.92252E+16
70709,70710,9,1,76,161,2016,5,17,2,2,8,1,0,1,0,1,0,0,0,1,6.80961E+20,5.41646E+21,1.1468E+16,4.88746E+16
70710,70711,9,5,74,131,2016,5,22,3,3,9,1,2,1,0,1,0,0,0,0,6.73509E+20,5.48596E+21,1.13965E+16,4.95014E+16
70711,70712,9,6,79,177,2016,5,14,2,3,2,6,0,1,0,1,0,0,0,0,5.50479E+20,5.51666E+21,9.70146E+15,4.98003E+16
70712,70713,9,1,90,139,2016,5,17,1,1,4,6,0,0,0,1,0,0,0,0,6.56197E+20,5.29676E+21,1.10861E+16,4.78053E+16
70713,70714,9,2,61,0,2016,5,11,3,3,4,2,0,1,0,1,0,0,0,0,7.32012E+20,5.37991E+21,1.21427E+16,4.85294E+16
70714,70715,9,7,77,173,2016,5,14,1,2,6,1,0,0,0,1,1,0,0,0,6.35805E+20,5.27526E+21,1.08072E+16,4.76165E+16
70715,70716,9,5,72,126,2016,5,6,7,3,3,6,0,0,0,1,0,0,0,1,6.34174E+20,5.50577E+21,1.08603E+16,4.96895E+16
70716,70717,9,3,72,164,2016,5,17,7,3,7,7,0,0,0,0,0,1,0,0,7.70431E+20,5.4467E+21,1.27061E+16,4.91136E+16
70717,70718,9,3,72,137,2016,5,23,2,3,5,3,2,1,0,1,0,0,0,1,7.80769E+20,5.45454E+21,1.28529E+16,4.91793E+16
70718,70719,9,6,63,0,2016,5,10,3,3,8,1,0,1,0,1,0,0,0,0,5.6677E+20,5.51163E+21,9.92695E+15,4.97534E+16
70719,70720,9,6,74,187,2016,5,16,6,2,5,3,0,0,0,1,0,0,0,0,6.1125E+20,5.52765E+21,1.05488E+16,4.98909E+16
70720,70721,9,6,75,174,2016,5,16,1,3,0,7,0,1,0,0,0,1,0,1,5.93171E+20,5.52411E+21,1.02964E+16,4.98621E+16
70721,70722,9,6,78,128,2016,5,17,6,1,4,6,0,0,0,1,0,0,0,0,5.79601E+20,5.54588E+21,1.01121E+16,5.00599E+16
70722,70723,9,7,75,164,2016,5,15,2,3,0,1,0,1,0,0,0,1,0,0,5.85617E+20,5.35118E+21,1.01547E+16,4.8308E+16
70723,70724,9,1,77,130,2016,5,15,1,2,2,2,0,0,0,1,0,1,0,0,7.12228E+20,5.35192E+21,1.1861E+16,4.82849E+16
70724,70725,9,6,77,157,2016,5,8,6,3,2,3,0,0,0,1,0,0,1,0,5.39481E+20,5.51881E+21,9.54885E+15,4.98205E+16
70725,70726,9,7,61,0,2016,5,1,7,3,4,1,2,0,0,1,0,0,0,0,6.42104E+20,5.35759E+21,1.09183E+16,4.83555E+16
70726,70727,9,6,71,156,2016,5,4,6,3,4,2,1,0,0,1,0,0,0,0,5.18701E+20,5.53705E+21,9.26086E+15,4.99855E+16
70727,70728,9,7,72,207,2016,5,13,6,2,5,3,0,0,0,1,1,0,0,0,6.41754E+20,5.38057E+21,1.09213E+16,4.85622E+16
70728,70729,9,1,88,141,2016,5,12,7,3,0,3,0,0,0,1,0,1,1,0,6.70319E+20,5.30853E+21,1.12792E+16,4.79075E+16
70729,70730,9,4,63,0,2016,5,15,1,3,4,2,0,0,0,1,0,0,0,0,6.39312E+20,5.57096E+21,1.09551E+16,5.02744E+16
70730,70731,9,1,86,122,2016,5,18,2,3,0,1,0,1,0,0,0,1,0,0,6.93553E+20,5.39591E+21,1.16299E+16,4.86862E+16
70731,70732,9,5,77,136,2016,5,7,3,3,4,6,0,1,0,1,0,0,0,0,6.24546E+20,5.44019E+21,1.07063E+16,4.9102E+16
70732,70733,9,6,77,157,2016,5,9,2,3,8,1,0,0,0,0,0,0,1,0,5.42841E+20,5.52183E+21,9.5959E+15,4.98473E+16
70733,70734,9,1,73,131,2016,5,15,1,2,3,6,0,0,1,0,0,0,0,1,6.78873E+20,5.27548E+21,1.138E+16,4.7608E+16
70734,70735,9,1,76,167,2016,5,18,4,3,2,6,0,0,0,1,0,0,0,0,6.78186E+20,5.40942E+21,1.14271E+16,4.88122E+16
70735,70736,9,1,72,134,2016,5,10,3,2,9,1,0,1,0,1,0,0,0,0,7.90517E+20,5.30604E+21,1.2883E+16,4.7842E+16
70736,70737,9,7,71,129,2016,5,15,1,3,0,1,0,0,0,0,0,1,0,0,6.59014E+20,5.35441E+21,1.11452E+16,4.83229E+16
70737,70738,9,5,71,135,2016,5,11,7,3,9,6,0,0,0,1,0,1,0,0,6.25008E+20,5.47539E+21,1.07236E+16,4.94183E+16
70738,70739,9,2,78,184,2016,5,15,7,1,4,1,0,0,0,1,0,1,0,0,7.77522E+20,5.43382E+21,1.27943E+16,4.89948E+16
70739,70740,9,2,71,119,2016,5,18,2,2,2,6,0,1,0,0,0,0,1,0,7.94337E+20,5.41179E+21,1.30077E+16,4.87893E+16
70740,70741,9,6,63,0,2016,5,12,3,3,0,1,0,1,0,0,0,1,0,0,5.68536E+20,5.51688E+21,9.95239E+15,4.98004E+16
70741,70742,9,6,71,156,2016,5,10,6,3,0,3,0,0,0,1,0,1,0,0,5.19734E+20,5.5365E+21,9.27525E+15,4.99805E+16
70742,70743,9,1,74,126,2016,5,10,7,2,4,6,0,0,0,1,0,0,0,0,6.8362E+20,5.34714E+21,1.14736E+16,4.82509E+16
70743,70744,9,5,64,0,2016,5,11,1,2,3,3,0,0,0,1,0,0,0,0,6.53215E+20,5.47342E+21,1.11115E+16,4.93942E+16
70744,70745,9,6,71,152,2016,5,14,6,3,0,6,0,0,0,1,0,0,0,0,5.23113E+20,5.54684E+21,9.323E+15,5.00734E+16
70745,70746,9,3,72,164,2016,5,18,1,3,4,1,0,0,0,1,0,1,0,0,7.6981E+20,5.44668E+21,1.26976E+16,4.91137E+16
70746,70747,9,2,71,141,2016,5,19,1,2,2,7,0,0,0,1,0,1,0,0,7.91565E+20,5.3993E+21,1.29612E+16,4.86786E+16
70747,70748,9,5,64,0,2016,5,7,2,3,5,2,0,0,1,1,0,0,0,0,6.45818E+20,5.48113E+21,1.10125E+16,4.94653E+16
70748,70749,9,1,84,145,2016,5,10,3,3,5,3,0,1,0,1,0,0,0,1,6.98252E+20,5.32445E+21,1.166E+16,4.80426E+16
70749,70750,9,3,73,113,2016,5,23,1,3,8,1,2,1,0,1,0,0,0,0,6.78477E+20,5.46689E+21,1.14564E+16,4.93286E+16
70750,70751,9,4,77,148,2016,5,18,3,2,8,1,0,0,0,1,0,0,0,0,6.83279E+20,5.56887E+21,1.15705E+16,5.02435E+16
70751,70752,9,6,71,150,2016,5,18,2,3,9,1,0,1,0,1,0,0,0,0,5.1744E+20,5.53951E+21,9.24338E+15,5.00076E+16
70752,70753,9,1,72,128,2016,5,13,1,2,3,6,0,0,0,1,0,1,0,0,7.92496E+20,5.29752E+21,1.29037E+16,4.77646E+16
70753,70754,9,1,75,139,2016,5,17,4,3,2,6,0,0,0,1,0,0,0,0,7.0931E+20,5.32886E+21,1.18103E+16,4.80786E+16
70754,70755,9,1,87,177,2016,5,7,3,3,2,6,0,1,0,1,0,0,1,0,7.36906E+20,5.3063E+21,1.21679E+16,4.78663E+16
70755,70756,9,6,79,164,2016,5,13,1,2,8,7,0,0,0,0,0,1,0,0,5.4954E+20,5.50752E+21,9.68725E+15,4.97181E+16
70756,70757,9,4,62,0,2016,5,13,7,2,0,1,0,0,1,0,0,0,0,0,6.83752E+20,5.53624E+21,1.15615E+16,4.99502E+16
70757,70758,9,2,73,178,2016,5,18,7,2,2,6,0,0,1,0,0,0,0,0,7.07936E+20,5.38827E+21,1.18212E+16,4.86129E+16
70758,70759,9,2,62,0,2016,5,8,2,3,2,2,0,0,0,1,0,0,0,1,8.25729E+20,5.38955E+21,1.34164E+16,4.85742E+16
70759,70760,9,6,62,0,2016,5,17,3,3,5,3,0,0,0,1,0,0,0,0,5.86799E+20,5.54468E+21,1.02124E+16,5.0048E+16
70760,70761,9,1,62,0,2016,5,14,6,3,2,6,0,0,0,1,0,0,1,0,6.93857E+20,5.33165E+21,1.16043E+16,4.81086E+16
70761,70762,9,5,74,128,2016,5,18,1,2,8,1,0,0,1,0,0,0,0,0,6.78384E+20,5.48565E+21,1.14636E+16,4.94972E+16
70762,70763,9,5,72,115,2016,5,11,6,3,2,6,0,0,0,1,0,0,0,1,6.47489E+20,5.50375E+21,1.1044E+16,4.96682E+16
70763,70764,9,2,75,126,2016,5,15,1,3,5,2,0,0,0,1,0,1,0,0,8.40121E+20,5.39547E+21,1.36157E+16,4.86197E+16
70764,70765,9,4,79,158,2016,5,6,2,2,2,7,0,0,0,1,0,0,1,0,7.21707E+20,5.5502E+21,1.20979E+16,5.00627E+16
70765,70766,9,7,78,202,2016,5,4,3,3,8,1,1,1,0,1,0,0,0,0,5.89564E+20,5.3169E+21,1.02007E+16,4.79991E+16
70766,70767,9,1,71,113,2016,5,7,6,3,2,6,0,1,0,1,0,0,0,0,7.76642E+20,5.34257E+21,1.27215E+16,4.81761E+16
70767,70768,9,1,75,135,2016,5,20,3,3,4,1,2,1,0,1,0,0,0,0,7.07059E+20,5.33787E+21,1.17845E+16,4.81603E+16
70768,70769,9,1,86,158,2016,5,15,1,3,5,3,0,0,0,1,0,1,0,0,6.92447E+20,5.40501E+21,1.16191E+16,4.87683E+16
70769,70770,9,7,63,0,2016,5,18,7,2,0,2,0,0,1,1,0,0,0,0,5.98392E+20,5.28457E+21,1.03116E+16,4.77071E+16
70770,70771,9,1,82,119,2016,5,19,7,3,9,7,0,0,0,1,0,0,0,0,7.12182E+20,5.29258E+21,1.1831E+16,4.77517E+16
70771,70772,9,1,87,165,2016,5,11,2,3,2,6,0,0,0,1,0,0,1,0,7.33597E+20,5.29975E+21,1.21201E+16,4.78087E+16
70772,70773,9,1,81,114,2016,5,17,6,2,0,1,0,0,1,0,0,0,0,0,6.56824E+20,5.31405E+21,1.11008E+16,4.79606E+16
70773,70774,9,1,82,123,2016,5,14,6,3,2,6,0,0,0,1,0,0,1,0,7.17706E+20,5.30155E+21,1.19091E+16,4.78304E+16
70774,70775,9,1,61,0,2016,5,17,3,3,2,6,0,1,0,1,0,0,0,0,6.78737E+20,5.40284E+21,1.14318E+16,4.87529E+16
70775,70776,9,1,61,0,2016,5,16,1,3,0,1,0,0,1,0,0,0,0,0,6.8048E+20,5.40114E+21,1.14547E+16,4.87372E+16
70776,70777,9,7,64,0,2016,5,23,7,3,5,3,2,0,0,1,0,0,0,0,5.88401E+20,5.31659E+21,1.0185E+16,4.79965E+16
70777,70778,9,1,89,127,2016,5,4,7,3,9,7,2,0,0,1,0,0,0,0,7.85912E+20,5.31794E+21,1.28295E+16,4.79508E+16
70778,70779,9,1,83,128,2016,5,14,2,1,4,1,0,0,0,1,0,0,0,0,7.56735E+20,5.34697E+21,1.24569E+16,4.82239E+16
70779,70780,9,1,74,115,2016,5,13,6,3,5,2,0,0,0,1,0,0,0,0,6.83285E+20,5.34853E+21,1.14697E+16,4.82634E+16
70780,70781,9,6,61,0,2016,5,19,3,3,5,3,0,1,0,1,0,0,0,0,5.12763E+20,5.53642E+21,9.17802E+15,4.99799E+16
70781,70782,9,7,80,131,2016,5,17,6,3,0,1,0,0,0,0,0,1,0,0,5.9097E+20,5.25443E+21,1.02064E+16,4.74369E+16
70782,70783,9,5,64,0,2016,5,0,1,2,5,3,2,0,0,1,0,0,0,0,6.46584E+20,5.48075E+21,1.10229E+16,4.94617E+16
70783,70784,9,2,72,121,2016,5,18,1,2,3,6,0,0,1,1,0,0,0,0,8.43004E+20,5.41301E+21,1.36693E+16,4.87754E+16
70784,70785,9,4,77,139,2016,5,16,2,2,3,1,0,1,0,1,0,0,0,0,6.90898E+20,5.55125E+21,1.16684E+16,5.00829E+16
70785,70786,9,7,61,0,2016,5,16,3,3,2,6,0,1,0,1,0,0,0,0,6.39956E+20,5.35531E+21,1.08885E+16,4.83355E+16
70786,70787,9,1,87,170,2016,5,8,6,3,5,3,0,1,0,1,0,0,0,0,7.32208E+20,5.32213E+21,1.21137E+16,4.80102E+16
70787,70788,9,1,62,0,2016,5,20,2,3,5,2,2,1,0,1,0,0,0,0,6.91746E+20,5.33189E+21,1.15761E+16,4.81114E+16
70788,70789,9,1,74,111,2016,5,0,1,3,9,1,2,0,0,1,0,0,0,0,6.63738E+20,5.36191E+21,1.12118E+16,4.83891E+16
70789,70790,9,5,76,127,2016,5,12,6,3,2,6,0,0,0,1,0,0,1,0,6.65613E+20,5.4448E+21,1.12704E+16,4.91337E+16
70790,70791,9,7,73,125,2016,5,23,7,3,0,7,2,0,1,0,1,0,0,0,6.12892E+20,5.38338E+21,1.05311E+16,4.85933E+16
70791,70792,9,7,71,146,2016,5,21,6,1,4,7,2,0,0,1,0,0,0,0,6.44698E+20,5.3479E+21,1.09499E+16,4.82677E+16
70792,70793,9,1,85,153,2016,5,18,7,3,0,1,0,0,0,0,0,1,0,0,6.55172E+20,5.40139E+21,1.11109E+16,4.87462E+16
70793,70794,9,5,75,121,2016,5,20,1,3,5,3,0,0,0,1,0,0,0,0,6.25165E+20,5.49081E+21,1.07307E+16,4.9557E+16
70794,70795,9,1,76,167,2016,5,11,2,3,5,7,0,0,0,1,0,0,0,1,6.77294E+20,5.41076E+21,1.14156E+16,4.88245E+16
70795,70796,9,5,64,0,2016,5,22,3,3,2,6,2,1,0,1,0,0,0,0,6.53438E+20,5.47448E+21,1.1115E+16,4.94036E+16
70796,70797,9,5,75,155,2016,5,14,2,3,5,3,0,1,1,1,0,0,0,0,5.80713E+20,5.49699E+21,1.01175E+16,4.96201E+16
70797,70798,9,1,73,118,2016,5,13,1,3,5,3,0,0,0,1,0,0,0,0,6.92705E+20,5.31075E+21,1.15795E+16,4.79211E+16
70798,70799,9,2,73,116,2016,5,11,3,2,8,1,0,1,0,1,0,0,0,0,7.26605E+20,5.41862E+21,1.20909E+16,4.88791E+16
70799,70800,9,5,62,0,2016,5,9,3,3,2,6,0,1,0,1,0,0,1,0,6.45401E+20,5.49348E+21,1.10113E+16,4.95764E+16
70800,70801,9,7,73,182,2016,5,16,2,3,2,1,0,0,0,1,0,0,0,0,6.22297E+20,5.37993E+21,1.06575E+16,4.85605E+16
70801,70802,9,2,74,172,2016,5,15,1,2,8,1,0,0,0,0,0,1,0,0,7.18505E+20,5.39469E+21,1.19678E+16,4.8667E+16
70802,70803,9,7,72,223,2016,5,9,6,3,2,6,0,0,0,1,0,0,0,1,6.19563E+20,5.36316E+21,1.06157E+16,4.84102E+16
70803,70804,9,2,74,187,2016,5,19,1,2,8,1,0,0,0,0,0,1,0,0,7.22679E+20,5.39173E+21,1.20228E+16,4.86389E+16
70804,70805,9,3,74,158,2016,5,6,2,3,9,1,0,0,0,1,0,0,0,0,7.31305E+20,5.51607E+21,1.22113E+16,4.97526E+16
70805,70806,9,2,75,159,2016,5,13,3,3,3,6,0,0,0,1,0,0,1,0,8.14073E+20,5.39888E+21,1.32659E+16,4.86639E+16
70806,70807,9,7,80,132,2016,5,12,1,3,2,6,0,0,0,1,0,0,0,0,5.81351E+20,5.26753E+21,1.00813E+16,4.75561E+16