FID,OBJECTID,ULAND,UREGBEZ,UKREIS,UGEMEINDE,UJAHR,UMONAT,USTUNDE,UWOCHENTAG,UKATEGORIE,UART,UTYP1,ULICHTVERH,IstStrasse,IstRad,IstPKW,IstFuss,IstKrad,IstGkfz,IstSonstig,LINREFX,LINREFY,XGCSWGS84,YGCSWGS84
70807,70808,9,7,61,0,2016,5,17,3,3,5,7,0,1,1,1,0,0,0,0,6.40719E+20,5.35556E+21,1.08989E+16,4.83375E+16
70808,70809,9,6,77,155,2016,5,17,7,3,5,3,0,0,1,1,0,0,0,0,5.41478E+20,5.53848E+21,9.57873E+15,4.99972E+16
70809,70810,9,4,61,0,2016,5,15,7,3,3,2,0,0,1,1,0,0,0,0,6.35397E+20,5.52989E+21,1.08856E+16,4.9906E+16
70810,70811,9,7,74,135,2016,5,16,2,2,4,6,0,1,0,1,0,0,0,0,5.92744E+20,5.37194E+21,1.02553E+16,4.84937E+16
70811,70812,9,3,62,0,2016,5,10,2,3,2,6,0,0,0,0,0,0,1,0,7.24022E+20,5.43355E+21,1.20639E+16,4.90142E+16
70812,70813,9,5,76,143,2016,5,0,6,3,2,7,2,0,0,1,0,0,0,0,6.6064E+20,5.46126E+21,1.12089E+16,4.92829E+16
70813,70814,9,5,72,139,2016,5,13,6,3,2,6,0,0,0,1,0,0,0,0,6.26594E+20,5.50682E+21,1.07556E+16,4.97006E+16
70814,70815,9,4,77,128,2016,5,18,1,3,2,6,0,0,0,1,0,0,0,0,6.76187E+20,5.55079E+21,1.14628E+16,5.00832E+16
70815,70816,9,1,75,132,2016,5,21,2,3,4,1,2,1,0,1,0,0,0,0,7.05862E+20,5.33469E+21,1.17669E+16,4.81321E+16
70816,70817,9,4,79,159,2016,5,17,3,3,5,3,0,1,0,1,0,0,0,0,7.2136E+20,5.55475E+21,1.20956E+16,5.01037E+16
70817,70818,9,6,74,219,2016,5,15,2,3,2,6,0,0,0,1,0,0,0,1,6.03378E+20,5.53858E+21,1.04422E+16,4.99906E+16
70818,70819,9,1,72,115,2016,5,16,1,3,0,6,0,0,0,0,0,1,0,0,7.92547E+20,5.29291E+21,1.29012E+16,4.77232E+16
70819,70820,9,1,76,114,2016,5,8,4,3,0,6,0,0,0,1,0,0,0,0,6.80971E+20,5.42617E+21,1.14724E+16,4.89619E+16
70820,70821,9,1,87,165,2016,5,8,3,3,3,6,0,1,0,1,0,0,1,1,7.2731E+20,5.30049E+21,1.20367E+16,4.78175E+16
70821,70822,9,7,61,0,2016,5,14,1,3,3,2,0,0,1,1,0,0,0,0,6.41901E+20,5.35764E+21,1.09155E+16,4.83559E+16
70822,70823,9,4,76,154,2016,5,20,7,3,8,1,1,0,0,1,0,0,0,0,6.58872E+20,5.5685E+21,1.12284E+16,5.02473E+16
70823,70824,9,2,78,178,2016,5,11,7,3,0,7,0,0,0,1,0,0,0,0,7.74205E+20,5.44254E+21,1.27549E+16,4.90745E+16
70824,70825,9,2,75,111,2016,5,16,2,2,2,6,1,1,0,1,0,0,0,0,8.15175E+20,5.4006E+21,1.32821E+16,4.86787E+16
70825,70826,9,6,77,148,2016,5,6,3,3,9,1,0,1,0,1,0,0,0,0,5.53245E+20,5.53659E+21,9.74263E+15,4.99792E+16
70826,70827,9,7,79,186,2016,5,17,1,3,5,3,0,0,0,1,0,0,0,0,6.34513E+20,5.41181E+21,1.08334E+16,4.88447E+16
70827,70828,9,5,76,127,2016,5,12,7,2,5,3,0,0,0,1,0,0,0,0,6.64358E+20,5.44785E+21,1.12545E+16,4.91614E+16
70828,70829,9,3,76,161,2016,5,10,7,3,5,3,0,0,1,1,0,0,0,0,7.25298E+20,5.46696E+21,1.21E+16,4.93138E+16
70829,70830,9,3,76,175,2016,5,19,2,3,9,1,0,0,0,1,0,0,0,0,7.31897E+20,5.46754E+21,1.2191E+16,4.93165E+16
70830,70831,9,6,79,167,2016,5,16,3,3,4,1,0,1,0,1,0,0,0,0,5.8264E+20,5.52448E+21,1.015E+16,4.9867E+16
70831,70832,9,5,76,121,2016,5,10,6,3,1,5,0,0,0,1,0,1,0,0,6.47079E+20,5.45056E+21,1.10186E+16,4.91902E+16
70832,70833,9,6,74,210,2016,5,12,1,3,4,6,0,0,0,1,0,0,0,0,6.32619E+20,5.55514E+21,1.08557E+16,5.01336E+16
70833,70834,9,5,64,0,2016,5,8,6,3,2,6,0,0,0,1,0,0,0,0,6.47888E+20,5.47341E+21,1.10382E+16,4.93954E+16
70834,70835,9,3,75,130,2016,5,12,1,1,8,1,0,0,0,0,0,1,0,0,7.37956E+20,5.43773E+21,1.22566E+16,4.90465E+16
70835,70836,9,3,62,0,2016,5,14,3,3,2,6,0,0,0,1,0,0,0,0,7.26754E+20,5.43521E+21,1.21021E+16,4.90281E+16
70836,70837,9,5,65,0,2016,5,18,2,2,1,7,0,0,0,1,1,0,0,1,6.47324E+20,5.47039E+21,1.10293E+16,4.93684E+16
70837,70838,9,1,71,111,2016,5,14,1,3,5,2,0,0,0,1,0,1,0,0,7.71593E+20,5.34792E+21,1.26572E+16,4.82263E+16
70838,70839,9,1,77,139,2016,5,14,4,2,4,6,0,0,0,1,0,0,0,1,7.31446E+20,5.36138E+21,1.21248E+16,4.83631E+16
70839,70840,9,1,63,0,2016,5,16,6,3,5,7,0,0,1,1,0,0,0,0,7.33732E+20,5.30368E+21,1.21241E+16,4.7844E+16
70840,70841,9,1,76,120,2016,5,12,3,3,9,1,0,0,0,1,0,0,1,1,6.80666E+20,5.42207E+21,1.14665E+16,4.89252E+16
70841,70842,9,1,82,136,2016,5,17,1,3,4,6,0,0,0,1,0,0,0,1,7.03343E+20,5.30466E+21,1.17189E+16,4.78631E+16
70842,70843,9,1,84,140,2016,5,12,7,3,5,3,0,0,0,1,0,0,0,0,7.02031E+20,5.32727E+21,1.1712E+16,4.80667E+16
70843,70844,9,4,74,121,2016,5,14,7,3,5,2,0,0,0,1,0,1,0,1,6.58272E+20,5.51826E+21,1.11992E+16,4.9796E+16
70844,70845,9,2,73,141,2016,5,16,7,2,8,1,0,0,0,0,0,1,0,0,7.27158E+20,5.41488E+21,1.20963E+16,4.88453E+16
70845,70846,9,1,90,152,2016,5,14,7,3,3,2,0,0,0,1,0,0,0,0,6.67898E+20,5.29966E+21,1.12434E+16,4.78284E+16
70846,70847,9,1,90,120,2016,5,19,2,3,8,1,0,1,0,1,0,0,0,0,6.67032E+20,5.29554E+21,1.12303E+16,4.77916E+16
70847,70848,9,1,84,135,2016,5,18,6,3,2,6,0,0,0,1,0,0,0,0,6.88815E+20,5.34505E+21,1.15426E+16,4.82306E+16
70848,70849,9,6,76,143,2016,5,12,3,2,9,1,0,1,0,1,0,0,0,0,5.29712E+20,5.50674E+21,9.41214E+15,4.97125E+16
70849,70850,9,7,74,116,2016,5,20,6,3,2,6,1,0,0,1,0,0,0,0,6.07876E+20,5.34582E+21,1.04534E+16,4.82564E+16
70850,70851,9,5,64,0,2016,5,17,1,3,2,6,0,0,0,1,0,0,0,0,6.49967E+20,5.47608E+21,1.10678E+16,4.94189E+16
70851,70852,9,5,64,0,2016,5,14,6,3,2,6,0,0,0,1,0,0,0,0,6.57871E+20,5.47413E+21,1.11759E+16,4.93993E+16
70852,70853,9,2,75,141,2016,5,16,1,3,1,6,0,0,0,1,0,0,0,0,8.21648E+20,5.37239E+21,1.3348E+16,4.84224E+16
70853,70854,9,4,75,141,2016,5,5,2,3,8,1,1,1,0,1,0,0,0,0,7.00237E+20,5.58034E+21,1.18142E+16,5.0341E+16
70854,70855,9,1,77,142,2016,5,1,7,3,8,7,2,0,0,1,0,0,0,0,7.21814E+20,5.34834E+21,1.19881E+16,4.82494E+16
70855,70856,9,5,62,0,2016,5,14,1,2,0,7,0,0,1,0,0,0,0,0,6.45911E+20,5.49708E+21,1.10197E+16,4.96086E+16
70856,70857,9,5,77,138,2016,5,10,6,2,5,3,0,0,0,1,0,0,0,0,6.31458E+20,5.44586E+21,1.08028E+16,4.91515E+16
70857,70858,9,2,78,170,2016,5,17,1,3,2,6,0,0,0,1,0,0,0,0,7.65148E+20,5.42515E+21,1.26198E+16,4.89224E+16
70858,70859,9,2,78,189,2016,5,17,1,3,0,1,0,0,0,0,0,1,0,0,7.68363E+20,5.44217E+21,1.26748E+16,4.90738E+16
70859,70860,9,5,77,150,2016,5,15,2,3,8,1,0,1,0,1,0,0,0,0,6.30349E+20,5.43022E+21,1.07826E+16,4.90111E+16
70860,70861,9,7,75,135,2016,5,15,3,3,3,6,0,1,0,1,0,0,1,0,5.76937E+20,5.35979E+21,1.00392E+16,4.83866E+16
70861,70862,9,1,87,117,2016,5,13,6,3,5,2,0,0,1,1,0,0,0,0,7.25333E+20,5.30538E+21,1.20129E+16,4.78622E+16
70862,70863,9,1,79,130,2016,5,12,3,2,8,1,0,1,0,1,0,0,0,0,6.59385E+20,5.33916E+21,1.11444E+16,4.81856E+16
70863,70864,9,1,85,118,2016,5,21,1,2,9,7,2,1,0,1,0,0,0,0,6.61909E+20,5.4059E+21,1.12042E+16,4.8785E+16
70864,70865,9,7,74,119,2016,5,13,7,3,8,1,0,0,0,0,0,1,0,0,5.90163E+20,5.36059E+21,1.0218E+16,4.8392E+16
70865,70866,9,1,87,134,2016,5,11,7,2,2,2,0,0,0,0,0,1,0,0,7.38445E+20,5.31991E+21,1.21959E+16,4.7988E+16
70866,70867,9,1,71,124,2016,5,13,2,3,2,6,0,0,0,1,0,1,0,0,7.7994E+20,5.34395E+21,1.27667E+16,4.8187E+16
70867,70868,9,1,78,150,2016,5,15,6,3,2,6,0,0,0,1,0,0,0,0,6.91224E+20,5.3716E+21,1.15871E+16,4.84684E+16
70868,70869,9,5,64,0,2016,5,16,3,3,8,1,0,1,0,1,0,0,0,0,6.53721E+20,5.47314E+21,1.11184E+16,4.93915E+16
70869,70870,9,7,76,116,2016,5,11,2,3,5,3,0,1,0,1,0,0,0,0,5.51936E+20,5.267E+21,9.69031E+15,4.75543E+16
70870,70871,9,7,77,129,2016,5,18,6,3,2,6,0,0,0,1,0,0,0,0,6.28245E+20,5.27118E+21,1.07055E+16,4.75814E+16
70871,70872,9,2,77,116,2016,5,22,1,1,4,6,2,0,0,1,0,0,0,0,7.79143E+20,5.36779E+21,1.27718E+16,4.84014E+16
70872,70873,9,4,74,122,2016,5,13,2,3,8,1,0,0,0,0,0,1,0,0,6.51241E+20,5.50436E+21,1.10962E+16,4.96728E+16
70873,70874,9,7,75,111,2016,5,0,1,2,8,7,2,1,0,1,0,0,0,0,5.83723E+20,5.3374E+21,1.01264E+16,4.81843E+16
70874,70875,9,7,61,0,2016,5,12,3,3,4,2,0,1,0,1,0,0,0,0,6.43415E+20,5.36054E+21,1.09369E+16,4.83817E+16
70875,70876,9,7,75,139,2016,5,10,2,3,8,1,0,1,0,1,0,0,0,0,5.80144E+20,5.36799E+21,1.00841E+16,4.84599E+16
70876,70877,9,1,78,116,2016,5,13,1,1,3,6,0,0,0,1,0,0,0,0,7.0355E+20,5.37854E+21,1.1757E+16,4.85269E+16
70877,70878,9,5,71,175,2016,5,14,6,3,5,3,0,0,0,1,0,0,0,0,6.22988E+20,5.46037E+21,1.06911E+16,4.92837E+16
70878,70879,9,7,72,215,2016,5,0,7,3,0,1,2,0,1,0,0,0,0,0,6.3324E+20,5.34449E+21,1.07945E+16,4.82396E+16
70879,70880,9,7,80,124,2016,5,22,3,3,2,7,2,0,0,1,0,0,0,0,5.94569E+20,5.2732E+21,1.02582E+16,4.76053E+16
70880,70881,9,1,61,0,2016,5,17,6,3,5,3,0,0,1,1,0,0,0,0,6.77596E+20,5.40503E+21,1.14172E+16,4.87729E+16
70881,70882,9,1,77,123,2016,5,15,3,3,4,1,0,1,0,1,0,0,0,0,7.2633E+20,5.3444E+21,1.20468E+16,4.82124E+16
70882,70883,9,1,88,139,2016,5,14,1,3,5,3,0,0,0,1,0,1,0,0,6.75182E+20,5.31923E+21,1.13486E+16,4.80024E+16
70883,70884,9,7,77,158,2016,5,15,7,3,2,6,0,0,0,1,0,1,0,0,6.20444E+20,5.31215E+21,1.06131E+16,4.79514E+16
70884,70885,9,1,87,148,2016,5,10,7,3,2,6,0,0,1,1,0,0,0,0,7.39434E+20,5.27885E+21,1.21865E+16,4.76188E+16
70885,70886,9,1,87,150,2016,5,14,2,3,2,6,0,0,0,1,0,0,0,1,7.28535E+20,5.30344E+21,1.20546E+16,4.78437E+16
70886,70887,9,5,65,0,2016,5,17,3,3,2,3,0,1,0,1,0,0,0,0,6.48801E+20,5.46495E+21,1.10476E+16,4.93191E+16
70887,70888,9,7,61,0,2016,5,14,2,3,3,6,0,0,0,0,0,0,1,1,6.36771E+20,5.36042E+21,1.08472E+16,4.83821E+16
70888,70889,9,2,73,133,2016,5,14,1,3,0,7,0,0,0,0,0,1,0,0,7.1094E+20,5.42484E+21,1.18807E+16,4.89405E+16
70889,70890,9,2,72,120,2016,5,19,3,3,5,3,1,1,0,1,0,0,0,0,8.22187E+20,5.42308E+21,1.33947E+16,4.88768E+16
70890,70891,9,7,80,145,2016,5,11,1,3,5,3,0,0,1,1,0,0,0,0,6.08797E+20,5.27394E+21,1.04476E+16,4.76097E+16
70891,70892,9,6,79,144,2016,5,5,3,2,8,1,0,1,0,1,0,0,0,0,5.50709E+20,5.51348E+21,9.70424E+15,4.97716E+16
70892,70893,9,6,76,140,2016,5,21,7,3,0,1,1,0,1,0,0,0,0,0,5.06232E+20,5.52246E+21,9.0867E+15,4.98545E+16
70893,70894,9,3,73,113,2016,5,14,7,3,2,6,0,0,0,1,0,0,0,1,6.75924E+20,5.47195E+21,1.14236E+16,4.93748E+16
70894,70895,9,3,73,113,2016,5,17,2,3,5,3,0,1,0,1,0,0,0,0,6.77118E+20,5.47299E+21,1.14405E+16,4.93838E+16
70895,70896,9,6,75,127,2016,5,16,3,2,8,6,0,1,0,1,0,0,0,1,6.11342E+20,5.5134E+21,1.0546E+16,4.97628E+16
70896,70897,9,5,71,136,2016,5,16,6,3,0,7,0,0,1,0,0,0,0,0,5.96799E+20,5.43647E+21,1.03254E+16,4.90735E+16
70897,70898,9,6,77,132,2016,5,16,1,2,8,1,0,0,0,0,0,1,0,0,5.57032E+20,5.53986E+21,9.79593E+15,5.00083E+16
70898,70899,9,5,71,115,2016,5,12,6,3,0,3,0,0,1,1,0,0,0,0,6.13267E+20,5.44617E+21,1.05535E+16,4.91579E+16
70899,70900,9,3,74,124,2016,5,18,1,3,5,3,0,0,1,1,0,0,0,0,7.14444E+20,5.50781E+21,1.1973E+16,4.96846E+16
70900,70901,9,1,62,0,2016,5,16,1,2,0,7,0,0,1,0,0,0,0,0,6.8736E+20,5.33507E+21,1.15186E+16,4.81413E+16
70901,70902,9,4,63,0,2016,5,11,3,3,5,3,0,0,1,1,0,0,0,0,6.40919E+20,5.57114E+21,1.09777E+16,5.02755E+16
70902,70903,9,6,78,174,2016,5,17,2,2,6,4,0,0,0,1,1,0,0,0,5.93617E+20,5.54564E+21,1.03078E+16,5.00557E+16
70903,70904,9,1,72,116,2016,5,9,1,2,9,6,0,0,0,0,0,1,0,1,8.04943E+20,5.28343E+21,1.30595E+16,4.76324E+16
70904,70905,9,5,71,139,2016,5,18,6,3,5,3,0,0,0,1,0,0,0,0,6.03874E+20,5.43925E+21,1.0423E+16,4.90973E+16
70905,70906,9,1,61,0,2016,5,16,7,3,0,7,0,0,0,0,0,0,0,1,6.79132E+20,5.40495E+21,1.14381E+16,4.87717E+16
70906,70907,9,5,71,199,2016,5,14,1,3,8,6,0,1,0,0,0,1,0,0,5.83924E+20,5.45229E+21,1.01524E+16,4.92176E+16
70907,70908,9,1,76,161,2016,5,19,2,3,9,1,0,1,0,1,0,0,0,0,6.80811E+20,5.41712E+21,1.14663E+16,4.88806E+16
70908,70909,9,5,77,177,2016,5,14,3,2,8,1,0,1,0,1,0,0,0,0,6.40043E+20,5.43086E+21,1.09153E+16,4.90147E+16
70909,70910,9,6,77,154,2016,5,14,2,3,8,1,0,1,0,1,0,0,0,0,5.43404E+20,5.51719E+21,9.6032E+15,4.98056E+16
70910,70911,9,1,73,112,2016,5,18,1,2,0,7,0,1,1,1,0,0,0,0,6.92982E+20,5.29286E+21,1.15752E+16,4.77602E+16
70911,70912,9,1,61,0,2016,5,17,4,3,2,6,0,0,0,1,0,0,0,0,6.78022E+20,5.40332E+21,1.14223E+16,4.87574E+16
70912,70913,9,1,83,138,2016,5,12,3,2,5,2,0,1,0,1,0,0,0,0,7.45305E+20,5.34566E+21,1.23025E+16,4.82167E+16
70913,70914,9,7,72,147,2016,5,20,1,3,3,1,1,1,0,1,0,0,0,0,6.37933E+20,5.36409E+21,1.08641E+16,4.84149E+16
70914,70915,9,5,77,177,2016,5,14,7,2,8,1,0,0,0,0,0,1,0,0,6.39956E+20,5.43072E+21,1.0914E+16,4.90135E+16
70915,70916,9,2,76,138,2016,5,21,7,3,5,2,0,0,0,1,0,1,0,0,8.00585E+20,5.43181E+21,1.31073E+16,4.8966E+16
70916,70917,9,3,61,0,2016,5,16,2,3,2,6,0,0,0,1,0,0,0,0,7.07206E+20,5.4798E+21,1.18581E+16,4.94355E+16
70917,70918,9,6,79,205,2016,5,19,3,3,9,1,0,1,0,0,0,1,0,0,5.61066E+20,5.51652E+21,9.84854E+15,4.9798E+16
70918,70919,9,4,79,169,2016,5,14,6,3,4,6,0,0,0,1,0,0,0,0,7.1976E+20,5.55003E+21,1.20706E+16,5.00619E+16
70919,70920,9,1,88,144,2016,5,16,7,3,9,7,0,0,0,1,0,0,0,0,6.68929E+20,5.32528E+21,1.12672E+16,4.80584E+16
70920,70921,9,6,61,0,2016,5,14,1,3,3,6,0,0,1,0,0,0,0,0,5.07238E+20,5.53468E+21,9.10092E+15,4.99644E+16
70921,70922,9,4,75,174,2016,5,17,6,3,6,4,0,0,1,0,1,0,0,0,7.03195E+20,5.5605E+21,1.1845E+16,5.01619E+16
70922,70923,9,3,75,190,2016,5,14,1,3,2,6,0,0,0,0,0,1,0,0,7.30661E+20,5.45607E+21,1.21674E+16,4.9214E+16
70923,70924,9,2,71,141,2016,5,15,1,3,2,2,0,0,0,1,0,1,0,0,7.9359E+20,5.40437E+21,1.29923E+16,4.87232E+16
70924,70925,9,5,64,0,2016,5,23,2,3,2,6,2,1,0,1,0,0,0,0,6.56271E+20,5.47667E+21,1.11549E+16,4.94226E+16
70925,70926,9,1,87,159,2016,5,13,1,3,0,7,0,0,1,0,0,0,0,0,7.31723E+20,5.32813E+21,1.21104E+16,4.80643E+16
70926,70927,9,1,84,147,2016,5,10,3,3,2,6,0,1,0,1,0,0,0,0,6.95598E+20,5.33987E+21,1.16315E+16,4.81819E+16
70927,70928,9,1,61,0,2016,5,15,6,3,5,2,0,0,1,0,0,0,0,0,6.74349E+20,5.40571E+21,1.13733E+16,4.87799E+16
70928,70929,9,1,61,0,2016,5,17,3,3,3,6,0,0,1,0,0,0,0,0,6.77569E+20,5.40538E+21,1.1417E+16,4.87761E+16
70929,70930,9,1,82,120,2016,5,18,1,3,2,6,1,0,0,1,0,0,0,0,7.00123E+20,5.30246E+21,1.16748E+16,4.78443E+16
70930,70931,9,7,75,135,2016,5,19,7,3,5,2,0,0,1,1,0,0,0,0,5.75725E+20,5.35946E+21,1.00228E+16,4.83838E+16
70931,70932,9,4,71,145,2016,5,14,7,2,4,2,0,0,0,1,0,1,0,0,6.4313E+20,5.52019E+21,1.09897E+16,4.98171E+16
70932,70933,9,1,79,118,2016,5,18,4,3,0,6,0,0,0,1,0,0,0,1,6.72936E+20,5.33833E+21,1.13263E+16,4.81747E+16
70933,70934,9,1,87,182,2016,5,13,3,3,1,6,0,0,0,1,0,0,0,0,7.38676E+20,5.32824E+21,1.22037E+16,4.80627E+16
70934,70935,9,6,79,156,2016,5,12,1,3,9,1,0,0,0,1,0,0,0,0,5.7346E+20,5.52161E+21,1.00217E+16,4.98425E+16
70935,70936,9,4,73,158,2016,5,15,7,3,8,6,0,0,1,1,0,0,0,0,6.28155E+20,5.57696E+21,1.08006E+16,5.03308E+16
70936,70937,9,2,74,172,2016,5,15,7,2,4,6,0,0,1,1,0,0,0,0,7.18255E+20,5.39449E+21,1.19643E+16,4.86653E+16
70937,70938,9,2,62,0,2016,5,20,2,3,5,2,2,1,0,1,0,0,0,0,8.28614E+20,5.38987E+21,1.34556E+16,4.85756E+16
70938,70939,9,6,73,136,2016,5,6,3,3,8,6,0,1,0,1,0,0,1,0,5.93218E+20,5.5775E+21,1.031E+16,5.03422E+16
70939,70940,9,1,62,0,2016,5,9,6,3,2,6,0,0,0,1,0,0,0,0,6.94987E+20,5.33751E+21,1.16222E+16,4.81609E+16
70940,70941,9,5,74,161,2016,5,15,1,2,5,2,0,0,0,0,0,1,0,0,6.79868E+20,5.49463E+21,1.14882E+16,4.95775E+16
70941,70942,9,4,77,159,2016,5,6,6,3,8,1,0,0,0,1,0,0,0,0,6.81403E+20,5.55642E+21,1.15383E+16,5.01322E+16
70942,70943,9,2,75,145,2016,5,14,1,3,2,6,0,0,0,1,0,0,0,0,8.23254E+20,5.37726E+21,1.33734E+16,4.84653E+16
70943,70944,9,5,75,165,2016,5,16,2,3,8,3,0,0,0,1,0,0,0,0,6.06696E+20,5.49688E+21,1.0477E+16,4.9615E+16
70944,70945,9,7,78,173,2016,5,9,3,3,5,3,0,1,0,1,0,0,0,0,6.09232E+20,5.32564E+21,1.04665E+16,4.80746E+16
70945,70946,9,1,86,152,2016,5,16,6,3,8,1,0,0,0,1,0,0,0,0,6.93968E+20,5.3738E+21,1.16252E+16,4.84874E+16
70946,70947,9,1,78,113,2016,5,15,3,3,1,6,0,1,0,1,0,0,1,0,6.91587E+20,5.36636E+21,1.15896E+16,4.84212E+16
70947,70948,9,1,61,0,2016,5,15,1,3,1,6,0,0,0,1,0,0,0,0,6.80618E+20,5.40506E+21,1.14583E+16,4.87723E+16
70948,70949,9,7,63,0,2016,5,13,7,3,0,7,0,0,0,0,0,1,0,0,5.98433E+20,5.28444E+21,1.03121E+16,4.77058E+16
70949,70950,9,1,87,114,2016,5,15,7,3,2,6,0,0,0,1,0,1,0,0,7.4832E+20,5.29394E+21,1.23132E+16,4.7751E+16
70950,70951,9,1,63,0,2016,5,14,2,3,3,2,0,1,1,1,0,0,0,0,7.34694E+20,5.30488E+21,1.21376E+16,4.78544E+16
70951,70952,9,1,77,116,2016,5,16,6,3,3,6,0,0,0,1,0,0,0,1,7.10137E+20,5.36394E+21,1.18388E+16,4.83935E+16
70952,70953,9,5,72,114,2016,5,12,3,3,2,6,0,1,0,1,0,0,0,0,6.30788E+20,5.4922E+21,1.08088E+16,4.95682E+16
70953,70954,9,7,77,154,2016,5,19,2,3,4,6,0,1,0,1,0,0,0,0,6.05569E+20,5.30094E+21,1.04112E+16,4.78531E+16
70954,70955,9,7,73,122,2016,5,7,6,3,5,3,0,0,0,1,0,0,1,0,6.26689E+20,5.3864E+21,1.0719E+16,4.86178E+16
70955,70956,9,1,83,140,2016,5,15,7,3,8,1,0,0,0,1,0,0,0,0,7.44336E+20,5.34432E+21,1.22887E+16,4.82051E+16
70956,70957,9,1,89,155,2016,5,22,2,3,4,6,2,1,0,1,0,1,0,0,7.73121E+20,5.30778E+21,1.26521E+16,4.78652E+16
70957,70958,9,1,78,155,2016,5,14,6,3,2,6,0,0,0,1,0,0,0,0,7.16071E+20,5.37507E+21,1.19246E+16,4.84916E+16
70958,70959,9,6,61,0,2016,5,20,3,3,0,2,0,1,1,1,0,0,0,0,5.11095E+20,5.53579E+21,9.15474E+15,4.99744E+16
70959,70960,9,7,75,162,2016,5,19,6,3,8,1,0,0,0,0,0,1,0,0,5.79677E+20,5.34747E+21,1.00738E+16,4.82754E+16
70960,70961,9,5,64,0,2016,5,16,1,2,5,2,0,0,0,1,0,1,0,0,6.5005E+20,5.48172E+21,1.10711E+16,4.94696E+16
70961,70962,9,4,74,123,2016,5,13,6,2,2,2,0,0,0,1,0,0,0,0,6.47066E+20,5.51539E+21,1.10425E+16,4.97729E+16
70962,70963,9,2,72,141,2016,5,16,1,2,0,1,0,0,0,0,0,1,0,0,8.33213E+20,5.40623E+21,1.35309E+16,4.87199E+16
70963,70964,9,4,64,0,2016,5,22,2,2,2,6,2,1,0,1,0,0,0,0,7.07379E+20,5.57851E+21,1.19134E+16,5.03222E+16
70964,70965,9,7,79,169,2016,5,14,3,3,4,6,0,1,0,1,0,0,0,0,6.32439E+20,5.40307E+21,1.08023E+16,4.87666E+16
70965,70966,9,1,76,139,2016,5,14,6,3,0,6,0,0,0,1,0,0,0,0,6.82393E+20,5.40852E+21,1.1484E+16,4.88029E+16
70966,70967,9,1,62,0,2016,5,18,2,3,5,3,0,1,1,1,0,0,0,0,6.892E+20,5.32988E+21,1.15411E+16,4.8094E+16
70967,70968,9,1,88,132,2016,5,17,1,3,0,7,0,0,1,0,0,0,0,0,6.66876E+20,5.32581E+21,1.12399E+16,4.80637E+16
70968,70969,9,7,71,130,2016,5,16,6,3,0,7,0,0,1,0,0,0,0,1,6.44936E+20,5.35769E+21,1.09565E+16,4.83557E+16
70969,70970,9,7,79,194,2016,5,14,7,3,8,1,0,0,0,1,0,0,0,0,6.06559E+20,5.40941E+21,1.04519E+16,4.88285E+16
70970,70971,9,1,82,120,2016,5,15,7,3,0,1,0,0,1,0,0,0,0,0,7.02182E+20,5.30678E+21,1.17043E+16,4.78825E+16
70971,70972,9,5,75,127,2016,5,10,1,3,8,1,0,0,0,1,0,0,0,0,5.84709E+20,5.4924E+21,1.01718E+16,4.95783E+16
70972,70973,9,1,61,0,2016,5,16,2,3,5,3,0,1,1,1,0,0,0,0,6.77588E+20,5.40512E+21,1.14171E+16,4.87737E+16
70973,70974,9,5,64,0,2016,5,18,3,3,2,6,0,1,0,1,0,0,0,0,6.51322E+20,5.4736E+21,1.10855E+16,4.93963E+16
70974,70975,9,6,79,130,2016,5,16,2,3,4,7,0,1,0,1,0,0,0,0,5.71145E+20,5.51983E+21,9.98917E+15,4.98267E+16
70975,70976,9,1,90,130,2016,5,17,1,2,8,1,0,0,1,0,0,0,0,0,6.49473E+20,5.29646E+21,1.09963E+16,4.78042E+16
70976,70977,9,2,73,147,2016,5,16,3,3,5,3,0,0,1,1,0,0,0,0,7.04854E+20,5.39157E+21,1.17811E+16,4.86436E+16
70977,70978,9,7,79,136,2016,5,10,1,3,2,7,0,0,0,1,0,1,0,0,6.06783E+20,5.40764E+21,1.04545E+16,4.88126E+16
70978,70979,9,5,62,0,2016,5,9,7,3,3,6,0,0,0,1,0,0,0,0,6.44861E+20,5.49363E+21,1.10039E+16,4.95779E+16
70979,70980,9,3,72,116,2016,5,14,7,3,2,6,0,0,0,1,0,0,0,0,7.66736E+20,5.45633E+21,1.2662E+16,4.92017E+16
70980,70981,9,2,61,0,2016,5,18,1,3,2,6,0,0,0,0,0,1,0,1,7.3051E+20,5.37901E+21,1.21219E+16,4.85218E+16
70981,70982,9,3,77,154,2016,5,17,2,3,2,6,0,1,0,1,0,0,0,0,7.38974E+20,5.53085E+21,1.23267E+16,4.98823E+16
70982,70983,9,3,71,121,2016,5,12,3,3,5,3,0,1,0,1,0,0,0,0,7.09762E+20,5.50016E+21,1.19041E+16,4.96175E+16
70983,70984,9,7,74,143,2016,5,14,1,3,5,3,0,0,0,1,0,1,0,0,5.97095E+20,5.35868E+21,1.03111E+16,4.83738E+16
70984,70985,9,7,61,0,2016,5,16,3,3,4,2,0,1,0,1,0,0,0,0,6.39529E+20,5.35249E+21,1.08818E+16,4.83102E+16
70985,70986,9,4,71,120,2016,5,13,7,3,0,7,0,0,1,0,0,0,0,0,6.19801E+20,5.51996E+21,1.06655E+16,4.98201E+16
70986,70987,9,1,61,0,2016,5,14,6,3,5,3,0,0,1,1,0,0,0,0,6.74716E+20,5.40562E+21,1.13783E+16,4.8779E+16