FID,OBJECTID,ULAND,UREGBEZ,UKREIS,UGEMEINDE,UJAHR,UMONAT,USTUNDE,UWOCHENTAG,UKATEGORIE,UART,UTYP1,ULICHTVERH,IstStrasse,IstRad,IstPKW,IstFuss,IstKrad,IstGkfz,IstSonstig,LINREFX,LINREFY,XGCSWGS84,YGCSWGS84
70987,70988,9,7,74,150,2016,5,16,2,3,4,3,0,1,0,1,0,0,0,0,6.01613E+20,5.3449E+21,1.03688E+16,4.82491E+16
70988,70989,9,3,74,124,2016,5,7,2,2,9,1,0,0,0,1,0,0,0,0,7.15145E+20,5.50718E+21,1.19824E+16,4.96787E+16
70989,70990,9,3,75,122,2016,5,23,6,3,2,6,2,0,0,1,0,0,1,0,7.10601E+20,5.44234E+21,1.18852E+16,4.90978E+16
70990,70991,9,7,61,0,2016,5,13,7,3,0,1,0,0,0,0,0,1,0,0,6.4131E+20,5.35585E+21,1.09069E+16,4.834E+16
70991,70992,9,3,75,170,2016,5,14,6,3,9,1,0,0,0,1,0,0,0,0,7.41952E+20,5.42866E+21,1.23058E+16,4.89635E+16
70992,70993,9,4,72,175,2016,5,14,1,3,8,1,0,0,0,1,0,0,0,1,6.77501E+20,5.51137E+21,1.1463E+16,4.97286E+16
70993,70994,9,1,81,138,2016,5,16,2,3,2,6,0,1,0,1,0,0,0,0,6.38869E+20,5.33476E+21,1.08671E+16,4.81509E+16
70994,70995,9,5,71,205,2016,5,10,3,3,1,6,0,1,0,1,0,0,0,0,5.90818E+20,5.47802E+21,1.0253E+16,4.94481E+16
70995,70996,9,6,75,142,2016,5,17,2,3,5,7,0,0,0,1,0,0,0,0,5.92785E+20,5.514E+21,1.02886E+16,4.97713E+16
70996,70997,9,1,89,159,2016,5,1,1,3,0,7,2,0,0,1,0,0,0,0,7.61389E+20,5.30409E+21,1.24933E+16,4.78369E+16
70997,70998,9,1,76,148,2016,5,17,4,2,5,3,0,0,1,1,0,0,0,0,6.47042E+20,5.41498E+21,1.10052E+16,4.88704E+16
70998,70999,9,1,71,117,2016,5,16,3,3,5,3,0,1,1,1,0,0,0,0,7.66953E+20,5.3374E+21,1.25882E+16,4.81338E+16
70999,71000,9,7,61,0,2016,5,19,1,3,3,6,0,0,0,1,0,1,0,0,6.41336E+20,5.35558E+21,1.09072E+16,4.83376E+16
71000,71001,9,5,71,145,2016,5,16,7,3,2,6,0,0,0,1,0,0,0,0,5.96668E+20,5.44684E+21,1.03261E+16,4.91667E+16
71001,71002,9,2,78,143,2016,5,11,7,2,8,1,0,0,0,0,0,1,0,0,7.71625E+20,5.44151E+21,1.2719E+16,4.90665E+16
71002,71003,9,2,76,139,2016,5,10,2,2,4,6,0,0,0,1,0,0,0,0,8.05903E+20,5.43066E+21,1.31789E+16,4.89531E+16
71003,71004,9,6,75,174,2016,5,8,3,3,8,6,0,1,0,1,0,0,0,0,5.89715E+20,5.52362E+21,1.02482E+16,4.98582E+16
71004,71005,9,1,74,115,2016,5,12,7,3,5,2,0,0,0,0,0,1,0,1,6.79115E+20,5.34777E+21,1.14133E+16,4.82578E+16
71005,71006,9,5,64,0,2016,5,15,1,3,1,6,0,0,0,1,0,0,0,0,6.50459E+20,5.46727E+21,1.10712E+16,4.93396E+16
71006,71007,9,3,75,190,2016,5,9,6,3,1,6,0,0,0,1,0,0,1,0,7.26769E+20,5.44521E+21,1.21079E+16,4.91179E+16
71007,71008,9,2,78,118,2016,5,16,1,3,8,1,0,0,0,1,0,0,0,0,7.73967E+20,5.4252E+21,1.274E+16,4.8919E+16
71008,71009,9,2,78,129,2016,5,19,1,3,0,7,0,0,0,0,0,1,0,0,7.75148E+20,5.43767E+21,1.27645E+16,4.90305E+16
71009,71010,9,3,71,126,2016,5,17,2,3,2,6,0,0,0,1,0,0,0,1,7.04166E+20,5.48728E+21,1.18201E+16,4.95037E+16
71010,71011,9,6,79,176,2016,5,13,3,3,2,6,0,0,0,1,0,0,0,0,5.67277E+20,5.50923E+21,9.93357E+15,4.97318E+16
71011,71012,9,3,61,0,2016,5,16,6,3,2,6,0,0,0,1,0,0,0,0,7.0651E+20,5.48063E+21,1.18489E+16,4.94432E+16
71012,71013,9,6,75,169,2016,5,17,1,3,8,1,0,0,0,1,0,0,0,0,5.87999E+20,5.52116E+21,1.02238E+16,4.98364E+16
71013,71014,9,2,76,117,2016,5,16,6,3,2,6,0,0,0,0,0,1,0,0,7.96285E+20,5.44452E+21,1.3058E+16,4.90822E+16
71014,71015,9,3,73,167,2016,5,23,1,3,9,1,2,1,0,1,0,0,0,0,6.88151E+20,5.46193E+21,1.15871E+16,4.92811E+16
71015,71016,9,4,74,156,2016,5,17,3,3,9,1,0,1,0,1,0,0,0,0,6.65775E+20,5.50823E+21,1.12991E+16,4.97037E+16
71016,71017,9,5,62,0,2016,5,7,2,3,5,3,0,0,0,1,0,0,1,0,6.39795E+20,5.49903E+21,1.09358E+16,4.96276E+16
71017,71018,9,1,72,131,2016,5,15,1,3,0,7,0,0,0,1,0,0,0,0,7.88627E+20,5.28594E+21,1.28445E+16,4.76624E+16
71018,71019,9,1,78,130,2016,5,16,4,2,3,1,0,0,1,0,0,0,0,0,7.03878E+20,5.35613E+21,1.17506E+16,4.83254E+16
71019,71020,9,1,76,120,2016,5,15,3,1,9,1,0,1,0,1,0,0,0,0,6.78698E+20,5.4243E+21,1.14406E+16,4.89458E+16
71020,71021,9,1,87,177,2016,5,14,1,3,0,7,0,0,1,0,0,0,0,0,7.3605E+20,5.30429E+21,1.21553E+16,4.78486E+16
71021,71022,9,6,79,180,2016,5,15,1,3,4,1,0,0,0,1,0,1,0,0,5.70293E+20,5.52421E+21,9.97812E+15,4.98661E+16
71022,71023,9,4,74,132,2016,5,14,7,3,9,1,0,0,0,0,0,1,0,0,6.61192E+20,5.50705E+21,1.12351E+16,4.96943E+16
71023,71024,9,2,73,152,2016,5,14,7,1,4,6,0,0,0,1,0,0,0,0,7.05045E+20,5.40724E+21,1.17915E+16,4.87843E+16
71024,71025,9,1,88,139,2016,5,9,7,2,2,6,0,0,0,1,0,0,0,0,6.80609E+20,5.32189E+21,1.14224E+16,4.80248E+16
71025,71026,9,2,79,112,2016,5,17,2,3,0,3,0,0,0,1,0,1,0,0,7.57475E+20,5.39247E+21,1.24948E+16,4.86322E+16
71026,71027,9,6,78,174,2016,5,12,3,2,4,1,0,1,0,1,0,0,0,0,5.94967E+20,5.54601E+21,1.03268E+16,5.00588E+16
71027,71028,9,7,78,221,2016,5,13,6,2,5,3,0,0,0,1,0,1,0,0,5.95853E+20,5.33886E+21,1.02899E+16,4.81957E+16
71028,71029,9,5,63,0,2016,5,9,1,3,7,7,0,0,0,0,0,1,0,0,6.42838E+20,5.48623E+21,1.09732E+16,4.95119E+16
71029,71030,9,2,71,125,2016,5,15,6,3,2,6,0,0,0,1,0,0,0,0,7.96852E+20,5.41122E+21,1.30415E+16,4.8783E+16
71030,71031,9,2,75,111,2016,5,12,1,3,2,6,0,0,0,1,0,1,0,0,8.16171E+20,5.39992E+21,1.32951E+16,4.86722E+16
71031,71032,9,4,79,135,2016,5,22,2,3,7,7,2,1,0,0,0,1,0,0,7.1467E+20,5.55502E+21,1.20024E+16,5.01086E+16
71032,71033,9,7,76,125,2016,5,17,3,3,6,4,0,0,0,1,1,0,0,0,5.63762E+20,5.27012E+21,9.84794E+15,4.75814E+16
71033,71034,9,1,62,0,2016,5,17,6,2,3,7,0,0,0,1,0,0,0,0,6.78873E+20,5.33311E+21,1.14038E+16,4.81261E+16
71034,71035,9,1,78,113,2016,5,13,3,3,4,2,0,1,0,1,0,0,0,0,6.91393E+20,5.36718E+21,1.15874E+16,4.84287E+16
71035,71036,9,5,77,177,2016,5,12,2,2,5,3,0,0,0,1,0,0,1,0,6.51333E+20,5.42549E+21,1.10676E+16,4.89638E+16
71036,71037,9,1,62,0,2016,5,18,3,3,1,6,0,0,0,1,0,0,0,0,6.94718E+20,5.33216E+21,1.16161E+16,4.81129E+16
71037,71038,9,1,74,113,2016,5,7,6,3,8,1,0,0,0,1,0,0,0,0,6.73857E+20,5.34534E+21,1.13415E+16,4.82374E+16
71038,71039,9,1,86,139,2016,5,6,3,3,5,3,0,1,0,1,0,0,0,0,6.97464E+20,5.40371E+21,1.16867E+16,4.8755E+16
71039,71040,9,1,76,129,2016,5,15,1,2,7,7,0,0,1,0,0,0,0,0,6.86456E+20,5.40423E+21,1.15373E+16,4.87631E+16
71040,71041,9,7,78,186,2016,5,20,7,3,5,2,1,0,0,1,0,0,0,0,5.9799E+20,5.31129E+21,1.03123E+16,4.79474E+16
71041,71042,9,1,72,134,2016,5,14,7,3,0,7,0,0,0,0,0,1,0,0,7.85063E+20,5.30645E+21,1.28105E+16,4.78481E+16
71042,71043,9,1,89,159,2016,5,13,2,3,8,1,0,1,1,0,0,0,0,0,7.61293E+20,5.30106E+21,1.24902E+16,4.78098E+16
71043,71044,9,1,62,0,2016,5,15,5,3,5,2,0,1,0,1,0,0,0,0,6.91669E+20,5.3317E+21,1.1575E+16,4.81097E+16
71044,71045,9,5,74,164,2016,5,16,3,2,8,1,0,1,0,1,0,0,0,0,6.64779E+20,5.47778E+21,1.12726E+16,4.94304E+16
71045,71046,9,7,76,131,2016,5,11,6,3,2,6,0,0,0,1,0,0,0,0,5.62677E+20,5.27783E+21,9.83462E+15,4.76509E+16
71046,71047,9,5,64,0,2016,5,13,1,3,5,2,0,0,1,0,0,0,0,0,6.5252E+20,5.47756E+21,1.11036E+16,4.94316E+16
71047,71048,9,2,72,141,2016,5,16,1,2,4,2,0,0,1,1,0,0,0,0,8.31046E+20,5.41186E+21,1.35061E+16,4.87715E+16
71048,71049,9,4,74,134,2016,5,10,2,3,5,3,0,0,1,1,0,0,0,0,6.46167E+20,5.50648E+21,1.10267E+16,4.96931E+16
71049,71050,9,7,61,0,2016,5,14,3,3,6,7,0,1,0,1,1,0,0,0,6.39248E+20,5.36088E+21,1.08808E+16,4.83857E+16
71050,71051,9,1,88,141,2016,5,12,6,2,8,1,0,0,0,0,0,1,0,0,6.6704E+20,5.30663E+21,1.12346E+16,4.78912E+16
71051,71052,9,1,84,131,2016,5,15,2,3,5,3,0,1,0,1,0,0,0,0,7.05337E+20,5.34005E+21,1.17624E+16,4.81805E+16
71052,71053,9,1,75,135,2016,5,15,1,3,4,6,0,0,1,0,0,0,0,0,7.06492E+20,5.33837E+21,1.17771E+16,4.8165E+16
71053,71054,9,2,77,145,2016,5,7,6,3,5,3,0,0,0,1,0,0,0,0,7.96761E+20,5.359E+21,1.3003E+16,4.83144E+16
71054,71055,9,7,61,0,2016,5,12,7,3,2,6,0,0,0,1,0,0,0,0,6.38681E+20,5.35665E+21,1.08718E+16,4.83478E+16
71055,71056,9,2,62,0,2016,5,6,6,3,3,6,0,1,0,1,0,0,1,0,8.28163E+20,5.39E+21,1.34496E+16,4.8577E+16
71056,71057,9,1,85,153,2016,5,19,7,2,0,7,0,0,1,0,0,0,0,0,6.46538E+20,5.40619E+21,1.09952E+16,4.87914E+16
71057,71058,9,5,71,226,2016,5,9,1,3,0,7,0,0,0,0,0,1,0,1,6.3544E+20,5.45992E+21,1.08621E+16,4.9277E+16
71058,71059,9,1,86,147,2016,5,18,2,3,3,1,0,1,0,1,0,0,0,0,6.85515E+20,5.39072E+21,1.15184E+16,4.8642E+16
71059,71060,9,5,64,0,2016,5,11,3,3,2,6,0,1,0,1,0,0,0,0,6.51745E+20,5.48185E+21,1.10945E+16,4.94704E+16
71060,71061,9,6,77,151,2016,5,10,2,3,8,1,0,0,0,1,0,0,0,0,5.37424E+20,5.51505E+21,9.51989E+15,4.97867E+16
71061,71062,9,1,80,115,2016,5,15,1,2,5,2,0,0,0,1,0,0,0,0,6.56498E+20,5.27069E+21,1.10808E+16,4.75708E+16
71062,71063,9,1,88,139,2016,5,17,1,3,5,3,0,0,0,1,0,1,0,0,6.74363E+20,5.31801E+21,1.13371E+16,4.79916E+16
71063,71064,9,7,77,151,2016,5,15,7,3,5,3,0,0,0,1,0,1,0,0,6.18145E+20,5.28913E+21,1.05761E+16,4.77447E+16
71064,71065,9,1,82,112,2016,5,11,7,3,2,6,0,0,1,0,0,0,0,0,7.2636E+20,5.27987E+21,1.20133E+16,4.76327E+16
71065,71066,9,1,82,124,2016,5,15,2,3,9,1,0,1,0,1,0,0,0,0,6.98047E+20,5.27447E+21,1.16344E+16,4.75934E+16
71066,71067,9,5,65,0,2016,5,14,3,3,2,6,0,1,0,0,0,0,1,1,6.48029E+20,5.46551E+21,1.10372E+16,4.93243E+16
71067,71068,9,7,73,146,2016,5,5,2,3,4,6,0,0,0,1,0,0,0,0,6.14368E+20,5.39243E+21,1.05536E+16,4.86744E+16
71068,71069,9,2,74,126,2016,5,17,1,2,8,7,0,0,0,0,0,1,0,0,7.33859E+20,5.38345E+21,1.21697E+16,4.85605E+16
71069,71070,9,7,72,141,2016,5,18,6,2,0,7,0,0,1,0,0,0,0,1,6.21938E+20,5.34611E+21,1.06428E+16,4.82564E+16
71070,71071,9,2,75,114,2016,5,20,3,3,8,1,0,1,0,1,0,0,0,0,7.9923E+20,5.39054E+21,1.30588E+16,4.85964E+16
71071,71072,9,7,80,132,2016,5,13,1,3,5,2,0,0,1,1,0,0,0,0,5.76967E+20,5.26704E+21,1.0023E+16,4.75523E+16
71072,71073,9,7,61,0,2016,5,13,3,3,3,2,0,1,0,1,0,0,0,0,6.40567E+20,5.36022E+21,1.08984E+16,4.83795E+16
71073,71074,9,6,75,150,2016,5,13,7,3,5,3,0,0,1,0,0,0,0,1,5.85595E+20,5.49643E+21,1.01849E+16,4.96144E+16
71074,71075,9,3,73,159,2016,5,18,7,2,5,3,0,0,0,1,0,1,0,0,6.75879E+20,5.45444E+21,1.14152E+16,4.92175E+16
71075,71076,9,7,80,119,2016,5,14,2,2,8,7,0,1,0,1,0,0,0,0,5.96171E+20,5.2988E+21,1.02852E+16,4.78354E+16
71076,71077,9,3,72,171,2016,5,16,2,3,8,1,0,1,0,1,0,0,0,0,7.64408E+20,5.47713E+21,1.26438E+16,4.93894E+16
71077,71078,9,2,74,119,2016,5,12,6,3,5,3,0,0,0,1,0,0,0,0,7.42229E+20,5.40095E+21,1.22932E+16,4.87144E+16
71078,71079,9,2,73,178,2016,5,23,6,3,7,7,2,0,0,1,0,0,0,0,7.09782E+20,5.3874E+21,1.18458E+16,4.86045E+16
71079,71080,9,4,74,134,2016,5,10,1,2,0,1,0,0,1,0,0,0,0,0,6.47216E+20,5.50717E+21,1.10415E+16,4.96991E+16
71080,71081,9,1,62,0,2016,5,19,1,3,6,7,0,0,0,1,1,0,0,0,6.8755E+20,5.33158E+21,1.15197E+16,4.81098E+16
71081,71082,9,4,78,144,2016,5,13,3,3,1,6,0,0,0,1,0,0,0,0,6.55144E+20,5.55926E+21,1.11723E+16,5.01652E+16
71082,71083,9,6,73,114,2016,5,10,2,3,2,6,0,0,0,0,0,0,1,1,5.8332E+20,5.57778E+21,1.0171E+16,5.03462E+16
71083,71084,9,1,71,112,2016,5,14,1,3,2,6,0,0,1,1,0,0,0,0,7.84886E+20,5.34208E+21,1.28319E+16,4.8168E+16
71084,71085,9,1,79,142,2016,5,18,4,3,8,1,0,0,0,1,0,0,0,0,6.77412E+20,5.34239E+21,1.13881E+16,4.82099E+16
71085,71086,9,1,87,186,2016,5,13,3,3,9,1,0,1,0,1,0,0,0,0,7.33092E+20,5.33233E+21,1.21311E+16,4.81016E+16
71086,71087,9,7,61,0,2016,5,20,1,3,9,1,2,1,0,1,0,0,0,0,6.39886E+20,5.3551E+21,1.08875E+16,4.83336E+16
71087,71088,9,2,79,135,2016,5,18,3,3,4,2,1,1,0,1,0,0,0,0,7.75874E+20,5.3835E+21,1.2738E+16,4.85439E+16
71088,71089,9,7,61,0,2016,5,17,1,3,2,6,0,0,0,1,0,0,0,0,6.38769E+20,5.35661E+21,1.08729E+16,4.83474E+16
71089,71090,9,5,64,0,2016,5,18,7,3,5,2,0,0,1,1,0,0,0,0,6.47773E+20,5.47773E+21,1.10382E+16,4.94343E+16
71090,71091,9,3,76,161,2016,5,16,7,3,1,6,0,0,0,1,0,0,0,0,7.25255E+20,5.46547E+21,1.20986E+16,4.93004E+16
71091,71092,9,3,71,113,2016,5,14,2,3,5,3,0,0,0,1,0,0,0,0,6.89612E+20,5.50802E+21,1.16293E+16,4.96948E+16
71092,71093,9,6,79,154,2016,5,18,3,3,8,1,0,1,0,0,0,1,0,0,5.6089E+20,5.5112E+21,9.84525E+15,4.97502E+16
71093,71094,9,2,79,134,2016,5,4,6,3,8,1,2,1,0,1,0,0,0,0,7.69679E+20,5.38509E+21,1.26553E+16,4.85608E+16
71094,71095,9,6,78,193,2016,5,15,1,3,9,1,0,0,0,1,0,0,0,0,5.75825E+20,5.53735E+21,1.00577E+16,4.99837E+16
71095,71096,9,1,80,136,2016,5,11,6,2,8,1,0,0,0,1,0,0,0,0,6.72008E+20,5.2672E+21,1.12855E+16,4.75355E+16
71096,71097,9,3,72,167,2016,5,1,1,2,8,1,2,0,0,0,0,1,0,0,7.48128E+20,5.44488E+21,1.23999E+16,4.91066E+16
71097,71098,9,2,78,170,2016,5,13,1,2,0,7,0,0,1,0,0,0,0,0,7.65375E+20,5.42427E+21,1.26223E+16,4.89145E+16
71098,71099,9,5,64,0,2016,5,17,2,3,2,6,0,0,0,1,0,0,0,0,6.48271E+20,5.47726E+21,1.10449E+16,4.94299E+16
71099,71100,9,1,71,125,2016,5,0,1,3,0,7,2,0,0,1,0,0,0,0,7.75095E+20,5.34936E+21,1.27052E+16,4.82377E+16
71100,71101,9,1,62,0,2016,5,13,3,3,5,3,0,1,1,1,0,0,0,0,6.88074E+20,5.33499E+21,1.15282E+16,4.81404E+16
71101,71102,9,1,79,134,2016,5,20,6,3,5,3,0,0,0,1,0,1,0,0,6.68621E+20,5.34281E+21,1.127E+16,4.82161E+16
71102,71103,9,1,76,161,2016,5,14,3,1,9,1,0,1,0,1,0,0,0,0,6.809E+20,5.41536E+21,1.14667E+16,4.88648E+16
71103,71104,9,1,82,120,2016,5,14,1,2,8,1,0,0,0,1,0,0,0,0,7.02602E+20,5.30529E+21,1.17093E+16,4.7869E+16
71104,71105,9,7,75,135,2016,5,19,7,2,3,2,0,0,1,1,0,0,0,0,5.74683E+20,5.35802E+21,1.00084E+16,4.83709E+16
71105,71106,9,4,71,142,2016,5,17,7,3,5,3,0,0,0,1,0,1,0,0,6.51524E+20,5.52834E+21,1.11095E+16,4.98882E+16
71106,71107,9,2,79,126,2016,5,11,7,3,0,7,0,0,0,0,0,1,0,0,7.6135E+20,5.384E+21,1.2542E+16,4.85546E+16
71107,71108,9,1,80,117,2016,5,10,7,2,6,1,0,0,0,0,1,1,0,0,6.57252E+20,5.26267E+21,1.10879E+16,4.74984E+16
71108,71109,9,1,73,134,2016,5,9,2,2,0,7,0,0,0,0,0,1,0,0,6.84159E+20,5.29514E+21,1.14586E+16,4.77833E+16
71109,71110,9,1,84,136,2016,5,9,5,3,6,2,0,1,0,1,1,0,0,0,6.98825E+20,5.32584E+21,1.16683E+16,4.80548E+16
71110,71111,9,6,76,119,2016,5,15,3,3,4,1,0,1,0,1,0,0,0,0,5.24342E+20,5.50539E+21,9.33756E+15,4.97006E+16
71111,71112,9,7,74,150,2016,5,10,6,2,5,3,0,0,1,1,0,0,0,0,6.01261E+20,5.34561E+21,1.03642E+16,4.82556E+16
71112,71113,9,5,64,0,2016,5,4,1,3,5,2,2,0,0,1,0,0,0,0,6.46151E+20,5.48097E+21,1.1017E+16,4.94638E+16
71113,71114,9,2,72,120,2016,5,13,5,2,5,3,0,0,0,1,0,1,0,0,8.24416E+20,5.42274E+21,1.34247E+16,4.88727E+16
71114,71115,9,1,76,123,2016,5,18,5,2,8,1,0,0,0,0,0,1,0,0,6.5774E+20,5.41935E+21,1.11527E+16,4.8907E+16
71115,71116,9,7,74,135,2016,5,5,7,2,0,1,2,1,0,1,0,0,0,0,5.96243E+20,5.36732E+21,1.03016E+16,4.84516E+16
71116,71117,9,4,79,169,2016,5,11,7,2,0,1,0,0,1,0,0,0,0,0,7.15199E+20,5.5472E+21,1.20054E+16,5.00382E+16
71117,71118,9,6,74,163,2016,5,12,4,3,8,1,0,0,0,1,0,0,0,0,6.08723E+20,5.54107E+21,1.05175E+16,5.00121E+16
71118,71119,9,3,71,154,2016,5,15,4,3,0,6,0,0,0,1,0,0,0,1,7.04057E+20,5.47574E+21,1.18126E+16,4.94001E+16
71119,71120,9,2,76,129,2016,5,14,2,3,8,1,0,0,0,1,0,0,0,0,8.06744E+20,5.43704E+21,1.31951E+16,4.90099E+16
71120,71121,9,1,89,145,2016,5,17,6,2,2,6,0,0,0,1,0,1,1,0,7.73058E+20,5.30364E+21,1.26486E+16,4.78281E+16
71121,71122,9,1,77,123,2016,5,7,2,3,5,3,0,0,0,1,0,1,0,0,7.25256E+20,5.33923E+21,1.20296E+16,4.81664E+16
71122,71123,9,5,71,199,2016,5,20,1,3,2,6,0,1,0,1,0,0,0,0,5.83457E+20,5.45114E+21,1.01458E+16,4.92073E+16
71123,71124,9,4,75,169,2016,5,14,4,3,4,6,0,0,0,1,0,0,0,0,6.84209E+20,5.57169E+21,1.15849E+16,5.02686E+16
71124,71125,9,1,73,118,2016,5,12,1,3,5,3,0,0,0,1,0,0,0,0,6.9362E+20,5.3034E+21,1.15884E+16,4.78547E+16
71125,71126,9,7,72,115,2016,5,17,5,3,8,7,0,0,0,0,0,1,0,0,6.19605E+20,5.37053E+21,1.06184E+16,4.84766E+16
71126,71127,9,5,75,143,2016,5,17,5,3,5,3,0,0,0,1,0,0,0,0,5.99928E+20,5.47576E+21,1.0378E+16,4.94263E+16
71127,71128,9,7,76,129,2016,5,15,4,3,2,2,0,0,0,1,0,0,0,0,5.70674E+20,5.27068E+21,9.93993E+15,4.75856E+16
71128,71129,9,7,73,112,2016,5,17,7,3,8,1,0,0,0,0,0,1,0,0,5.95447E+20,5.38785E+21,1.02955E+16,4.86364E+16
71129,71130,9,1,80,126,2016,5,13,4,2,9,1,0,0,0,0,0,1,0,0,6.58498E+20,5.26974E+21,1.1107E+16,4.75617E+16
71130,71131,9,2,75,111,2016,5,10,7,3,2,6,0,0,0,1,0,0,0,0,8.15182E+20,5.4006E+21,1.32822E+16,4.86788E+16
71131,71132,9,2,61,0,2016,5,7,2,3,5,3,0,0,0,1,0,0,0,0,7.31989E+20,5.38134E+21,1.21432E+16,4.85422E+16
71132,71133,9,5,77,177,2016,5,16,4,3,8,1,0,0,0,1,0,0,0,0,6.50359E+20,5.42616E+21,1.10545E+16,4.897E+16
71133,71134,9,1,87,148,2016,5,16,6,3,5,3,0,0,0,1,0,1,0,0,7.39407E+20,5.279E+21,1.21862E+16,4.76201E+16
71134,71135,9,1,61,0,2016,5,10,7,3,3,5,0,0,1,0,0,0,0,1,6.77582E+20,5.40532E+21,1.14171E+16,4.87756E+16
71135,71136,9,7,75,118,2016,5,12,1,3,2,6,0,0,0,1,0,0,0,0,5.87326E+20,5.34323E+21,1.01761E+16,4.82363E+16
71136,71137,9,3,76,119,2016,5,15,1,2,0,1,0,0,1,0,0,0,0,0,7.18208E+20,5.45808E+21,1.19978E+16,4.92366E+16
71137,71138,9,5,73,125,2016,5,13,6,1,5,3,0,0,0,1,0,0,0,1,6.39362E+20,5.47132E+21,1.092E+16,4.93786E+16
71138,71139,9,3,75,131,2016,5,11,1,3,0,1,0,0,0,1,0,1,0,0,7.10018E+20,5.4435E+21,1.18778E+16,4.91084E+16
71139,71140,9,1,72,131,2016,5,9,6,2,8,1,0,0,0,0,0,1,0,0,7.84863E+20,5.28852E+21,1.27961E+16,4.76873E+16
71140,71141,9,1,84,114,2016,5,17,1,2,4,1,0,1,0,1,0,0,0,0,7.00987E+20,5.3189E+21,1.1694E+16,4.79917E+16
71141,71142,9,4,79,152,2016,5,11,1,3,2,6,0,0,0,1,0,1,0,0,7.22895E+20,5.56328E+21,1.21221E+16,5.01797E+16
71142,71143,9,4,73,121,2016,5,20,4,3,8,6,1,0,0,1,0,0,0,0,6.46256E+20,5.56571E+21,1.10504E+16,5.02254E+16
71143,71144,9,1,71,113,2016,5,19,1,3,5,3,0,1,0,1,0,0,0,0,7.79538E+20,5.33991E+21,1.27587E+16,4.81509E+16
71144,71145,9,6,75,161,2016,5,15,5,3,4,1,0,0,0,1,0,1,0,0,5.91385E+20,5.50838E+21,1.02678E+16,4.9721E+16
71145,71146,9,6,74,129,2016,5,10,5,3,9,1,0,0,0,1,0,0,0,0,6.2054E+20,5.53753E+21,1.06812E+16,4.99779E+16
71146,71147,9,7,73,182,2016,5,17,4,3,1,2,0,0,0,1,0,1,0,0,6.24829E+20,5.37963E+21,1.06917E+16,4.85573E+16
71147,71148,9,3,63,0,2016,5,10,6,3,2,6,0,1,0,1,0,0,0,1,7.27658E+20,5.50672E+21,1.21553E+16,4.967E+16
71148,71149,9,6,78,138,2016,5,14,7,2,3,6,0,0,0,1,0,0,0,0,5.99667E+20,5.54011E+21,1.03909E+16,5.0005E+16
71149,71150,9,5,65,0,2016,5,13,2,3,8,1,0,1,0,0,0,1,0,0,6.50827E+20,5.46591E+21,1.10758E+16,4.93273E+16
71150,71151,9,2,74,146,2016,5,2,7,2,8,1,2,1,0,0,0,1,0,0,7.33392E+20,5.37752E+21,1.21601E+16,4.85074E+16
71151,71152,9,1,89,148,2016,5,15,2,3,8,1,0,1,0,1,0,0,0,0,7.74502E+20,5.30974E+21,1.26718E+16,4.78822E+16
71152,71153,9,1,74,146,2016,5,18,6,2,0,7,0,0,0,0,0,1,0,0,6.68324E+20,5.35006E+21,1.12689E+16,4.82814E+16
71153,71154,9,7,72,125,2016,5,12,6,1,6,4,0,0,0,1,1,0,0,0,6.36132E+20,5.34806E+21,1.08346E+16,4.82711E+16
71154,71155,9,7,61,0,2016,5,8,1,3,0,1,0,0,1,0,0,0,0,0,6.38426E+20,5.35579E+21,1.0868E+16,4.83401E+16
71155,71156,9,1,79,136,2016,5,1,7,3,5,3,2,1,0,1,0,0,0,0,6.609E+20,5.34164E+21,1.11657E+16,4.82076E+16
71156,71157,9,2,78,129,2016,5,16,1,2,8,1,0,0,0,0,0,1,0,0,7.74637E+20,5.43461E+21,1.27554E+16,4.90033E+16
71157,71158,9,5,73,130,2016,5,0,6,3,9,1,2,0,0,1,0,0,0,0,6.32959E+20,5.48514E+21,1.08365E+16,4.95043E+16
71158,71159,9,2,63,0,2016,5,12,5,2,4,2,0,0,0,1,0,1,0,0,7.61998E+20,5.42065E+21,1.2574E+16,4.88834E+16
71159,71160,9,1,82,112,2016,5,11,5,3,5,3,0,0,0,0,0,1,0,0,7.27706E+20,5.2853E+21,1.2034E+16,4.7681E+16
71160,71161,9,1,78,157,2016,5,15,1,3,2,6,0,0,0,1,0,0,0,0,7.04352E+20,5.37069E+21,1.1764E+16,4.84561E+16
71161,71162,9,5,74,111,2016,5,15,7,3,8,1,0,1,0,1,0,0,0,0,6.85652E+20,5.48102E+21,1.15617E+16,4.94535E+16
71162,71163,9,5,64,0,2016,5,8,2,3,2,1,0,0,0,1,0,0,0,0,6.5327E+20,5.47545E+21,1.11131E+16,4.94124E+16
71163,71164,9,3,76,146,2016,5,15,4,3,4,6,0,0,0,1,0,0,0,0,7.4844E+20,5.46401E+21,1.2416E+16,4.92783E+16
71164,71165,9,3,75,117,2016,5,14,2,3,2,6,0,0,0,1,0,0,0,0,7.33832E+20,5.43231E+21,1.21971E+16,4.89994E+16
71165,71166,9,1,86,162,2016,5,16,1,3,2,6,0,0,0,1,0,0,0,0,6.89809E+20,5.38468E+21,1.15739E+16,4.85864E+16
71166,71167,9,5,76,151,2016,5,11,5,2,0,7,0,0,1,0,0,0,0,0,6.5546E+20,5.46922E+21,1.11408E+16,4.93559E+16