FID,OBJECTID,ULAND,UREGBEZ,UKREIS,UGEMEINDE,UJAHR,UMONAT,USTUNDE,UWOCHENTAG,UKATEGORIE,UART,UTYP1,ULICHTVERH,IstStrasse,IstRad,IstPKW,IstFuss,IstKrad,IstGkfz,IstSonstig,LINREFX,LINREFY,XGCSWGS84,YGCSWGS84
71167,71168,9,5,74,147,2016,5,14,2,3,2,6,0,1,0,1,0,0,0,0,6.81657E+20,5.48653E+21,1.15091E+16,4.95042E+16
71168,71169,9,3,77,116,2016,5,14,5,2,8,1,0,0,0,0,0,1,0,0,7.15794E+20,5.52357E+21,1.20005E+16,4.98257E+16
71169,71170,9,4,74,126,2016,5,17,2,3,4,2,0,1,1,1,0,0,0,0,6.48243E+20,5.5101E+21,1.10569E+16,4.97251E+16
71170,71171,9,5,71,115,2016,5,8,4,3,5,3,0,0,0,1,0,0,0,0,6.13499E+20,5.44619E+21,1.05567E+16,4.9158E+16
71171,71172,9,7,71,113,2016,5,13,4,2,6,2,0,0,0,1,1,0,0,0,6.57491E+20,5.36885E+21,1.113E+16,4.8453E+16
71172,71173,9,3,76,161,2016,5,14,6,3,5,3,0,0,0,1,0,0,0,0,7.23453E+20,5.46878E+21,1.20757E+16,4.93308E+16
71173,71174,9,6,72,113,2016,5,12,7,3,1,7,0,0,0,1,0,1,0,0,5.55749E+20,5.57297E+21,9.78288E+15,5.03062E+16
71174,71175,9,1,73,118,2016,5,19,7,3,0,7,0,0,0,0,0,1,0,0,6.93994E+20,5.30918E+21,1.1596E+16,4.79066E+16
71175,71176,9,1,61,0,2016,5,6,2,3,2,6,0,0,0,1,0,0,0,0,6.7892E+20,5.40224E+21,1.1434E+16,4.87474E+16
71176,71177,9,1,84,147,2016,5,18,6,3,0,7,0,0,0,0,0,1,0,0,6.99923E+20,5.34123E+21,1.16902E+16,4.81928E+16
71177,71178,9,6,75,165,2016,5,10,6,3,6,7,0,1,0,1,1,0,0,0,5.88995E+20,5.51695E+21,1.02366E+16,4.97984E+16
71178,71179,9,6,72,117,2016,5,14,1,2,5,3,0,0,1,1,0,0,0,0,5.70874E+20,5.56838E+21,9.99439E+15,5.02633E+16
71179,71180,9,1,62,0,2016,5,15,6,2,6,4,0,0,0,1,1,0,0,0,6.98183E+20,5.32981E+21,1.16615E+16,4.80907E+16
71180,71181,9,2,75,131,2016,5,4,1,1,7,1,2,0,0,1,0,0,0,0,8.0647E+20,5.36799E+21,1.31402E+16,4.83905E+16
71181,71182,9,4,75,171,2016,5,10,6,3,9,7,0,0,0,1,0,0,0,0,6.96202E+20,5.57942E+21,1.1757E+16,5.03341E+16
71182,71183,9,2,75,159,2016,5,2,5,2,2,6,2,0,0,1,0,0,0,1,8.1507E+20,5.39793E+21,1.32786E+16,4.86549E+16
71183,71184,9,1,61,0,2016,5,18,5,2,0,1,0,0,1,0,0,0,0,0,6.80332E+20,5.40286E+21,1.14535E+16,4.87526E+16
71184,71185,9,1,84,147,2016,5,10,7,3,9,1,0,0,0,0,0,1,0,0,6.96008E+20,5.33916E+21,1.16367E+16,4.81754E+16
71185,71186,9,5,75,127,2016,5,15,7,2,9,2,0,0,0,1,0,0,0,1,5.85064E+20,5.49255E+21,1.01767E+16,4.95795E+16
71186,71187,9,4,72,184,2016,5,22,2,2,9,1,2,0,0,1,0,0,0,0,6.86054E+20,5.5206E+21,1.1586E+16,4.9809E+16
71187,71188,9,6,79,130,2016,5,11,4,3,9,7,0,0,0,1,0,0,0,0,5.75022E+20,5.51957E+21,1.0043E+16,4.98239E+16
71188,71189,9,3,76,159,2016,5,2,4,3,8,2,2,1,0,1,0,0,0,0,7.24069E+20,5.47949E+21,1.20902E+16,4.94268E+16
71189,71190,9,3,76,144,2016,5,18,2,3,6,4,0,0,0,1,1,0,0,0,7.30622E+20,5.48258E+21,1.21822E+16,4.94521E+16
71190,71191,9,2,79,127,2016,5,21,6,3,5,3,1,0,0,1,0,1,0,0,7.47382E+20,5.39856E+21,1.23617E+16,4.8691E+16
71191,71192,9,1,73,124,2016,5,12,6,3,5,3,0,0,0,1,0,0,0,0,6.92726E+20,5.28999E+21,1.15705E+16,4.77345E+16
71192,71193,9,1,75,132,2016,5,8,2,3,2,6,0,0,1,1,0,0,0,0,7.05857E+20,5.33467E+21,1.17668E+16,4.81319E+16
71193,71194,9,5,64,0,2016,5,9,6,2,2,6,0,0,0,1,0,0,1,0,6.53248E+20,5.46933E+21,1.11104E+16,4.93574E+16
71194,71195,9,5,64,0,2016,5,14,1,3,5,3,0,0,0,1,0,0,0,0,6.4987E+20,5.47658E+21,1.10667E+16,4.94234E+16
71195,71196,9,2,72,116,2016,5,2,6,3,9,1,2,0,0,1,0,0,0,0,8.15801E+20,5.42462E+21,1.3309E+16,4.8894E+16
71196,71197,9,1,87,139,2016,5,9,7,3,0,7,0,0,0,0,0,1,0,1,7.45613E+20,5.31684E+21,1.22901E+16,4.79577E+16
71197,71198,9,1,74,131,2016,5,20,2,3,0,7,0,1,0,1,0,0,0,0,6.78164E+20,5.35865E+21,1.14051E+16,4.83559E+16
71198,71199,9,7,75,162,2016,5,17,5,3,2,6,0,1,0,1,0,0,0,0,5.82691E+20,5.34877E+21,1.01147E+16,4.82867E+16
71199,71200,9,6,72,135,2016,5,13,6,3,4,2,0,0,0,1,0,0,0,0,5.84777E+20,5.56719E+21,1.01891E+16,5.02508E+16
71200,71201,9,5,74,123,2016,5,12,1,3,2,6,0,0,0,1,0,0,0,0,6.63952E+20,5.48003E+21,1.12621E+16,4.94508E+16
71201,71202,9,7,80,131,2016,5,11,6,2,5,2,0,0,0,1,0,1,0,0,5.90519E+20,5.2541E+21,1.02004E+16,4.7434E+16
71202,71203,9,2,74,119,2016,5,20,1,3,8,1,1,1,0,1,0,0,0,0,7.4168E+20,5.39972E+21,1.2285E+16,4.87036E+16
71203,71204,9,4,71,131,2016,5,12,6,3,0,7,0,0,1,1,0,0,0,0,6.34222E+20,5.51997E+21,1.08658E+16,4.98171E+16
71204,71205,9,2,74,134,2016,5,16,5,3,2,6,0,0,0,0,0,1,0,0,7.39616E+20,5.3746E+21,1.22425E+16,4.84788E+16
71205,71206,9,1,81,142,2016,5,17,5,2,0,7,0,1,0,0,0,1,0,1,6.46043E+20,5.31443E+21,1.09566E+16,4.79665E+16
71206,71207,9,7,74,135,2016,5,11,7,3,2,6,0,0,0,1,0,0,0,0,5.95544E+20,5.36508E+21,1.02917E+16,4.84316E+16
71207,71208,9,4,76,177,2016,5,13,7,3,8,7,0,0,0,0,0,1,0,0,6.73939E+20,5.57537E+21,1.14427E+16,5.03048E+16
71208,71209,9,6,61,0,2016,5,15,4,2,8,1,0,1,0,0,0,1,0,0,5.15599E+20,5.53161E+21,9.21737E+15,4.99367E+16
71209,71210,9,2,71,119,2016,5,10,4,2,2,6,0,0,0,1,0,0,0,1,7.89116E+20,5.41465E+21,1.29388E+16,4.88175E+16
71210,71211,9,2,62,0,2016,5,17,2,3,2,6,0,0,0,1,0,0,0,0,8.24586E+20,5.39078E+21,1.34019E+16,4.85858E+16
71211,71212,9,1,72,122,2016,5,13,6,3,2,1,0,0,0,1,0,0,0,0,7.9395E+20,5.3169E+21,1.29362E+16,4.79379E+16
71212,71213,9,1,62,0,2016,5,16,1,3,5,2,0,0,0,1,0,0,0,0,6.9016E+20,5.33907E+21,1.1558E+16,4.81764E+16
71213,71214,9,5,75,144,2016,5,16,1,3,9,1,0,0,0,1,0,0,0,0,6.03854E+20,5.50015E+21,1.04386E+16,4.9645E+16
71214,71215,9,4,78,120,2016,5,13,4,2,5,3,0,0,1,1,0,0,0,0,6.39065E+20,5.54772E+21,1.09431E+16,5.00655E+16
71215,71216,9,1,73,145,2016,5,18,1,3,5,3,0,1,0,1,0,0,0,0,6.88168E+20,5.29344E+21,1.15113E+16,4.77669E+16
71216,71217,9,7,61,0,2016,5,17,5,2,4,2,0,0,0,1,0,1,0,0,6.42132E+20,5.36221E+21,1.09202E+16,4.8397E+16
71217,71218,9,4,76,178,2016,5,20,5,3,0,7,0,0,1,0,0,0,0,0,6.61308E+20,5.57166E+21,1.12638E+16,5.0275E+16
71218,71219,9,7,62,0,2016,5,21,4,2,0,1,2,0,1,0,0,0,0,0,6.22566E+20,5.30489E+21,1.06395E+16,4.78857E+16
71219,71220,9,6,63,0,2016,5,12,7,3,0,7,0,0,0,0,1,0,1,0,5.68725E+20,5.51586E+21,9.95482E+15,4.97913E+16
71220,71221,9,1,89,133,2016,5,19,4,3,8,1,0,0,0,1,0,0,0,0,7.55059E+20,5.32102E+21,1.24189E+16,4.79916E+16
71221,71222,9,4,76,179,2016,5,17,4,2,5,3,0,0,1,1,0,0,0,0,6.60241E+20,5.59329E+21,1.12581E+16,5.04697E+16
71222,71223,9,1,88,139,2016,5,13,1,2,9,1,0,0,0,0,0,1,0,0,6.80145E+20,5.32072E+21,1.14157E+16,4.80144E+16
71223,71224,9,7,73,144,2016,5,18,5,2,2,6,0,0,1,0,0,0,0,0,6.05998E+20,5.37904E+21,1.04365E+16,4.85555E+16
71224,71225,9,5,64,0,2016,5,13,5,2,3,6,0,0,1,0,0,0,0,0,6.4773E+20,5.4764E+21,1.10371E+16,4.94223E+16
71225,71226,9,1,84,118,2016,5,7,4,3,5,3,0,1,1,1,0,0,0,0,7.02734E+20,5.336E+21,1.17255E+16,4.81449E+16
71226,71227,9,7,77,172,2016,5,14,7,3,5,3,0,1,0,1,0,0,0,0,6.27642E+20,5.30723E+21,1.0708E+16,4.79056E+16
71227,71228,9,1,89,154,2016,5,15,4,3,0,7,0,0,1,0,0,0,0,0,7.68166E+20,5.31881E+21,1.25928E+16,4.79663E+16
71228,71229,9,2,71,151,2016,5,15,7,3,5,3,0,0,0,1,0,0,0,0,7.7816E+20,5.41276E+21,1.27886E+16,4.88055E+16
71229,71230,9,5,64,0,2016,5,15,4,3,2,6,0,0,1,1,0,0,0,0,6.47915E+20,5.48011E+21,1.1041E+16,4.94556E+16
71230,71231,9,2,71,146,2016,5,8,4,3,8,6,0,0,0,0,0,0,0,1,7.88047E+20,5.41333E+21,1.29234E+16,4.88061E+16
71231,71232,9,1,71,133,2016,5,15,6,2,4,2,0,0,0,1,0,1,0,0,7.67235E+20,5.34526E+21,1.25969E+16,4.82043E+16
71232,71233,9,7,75,139,2016,5,0,1,3,3,6,2,0,0,1,0,0,0,1,5.7953E+20,5.36763E+21,1.00757E+16,4.84568E+16
71233,71234,9,4,75,120,2016,5,11,1,3,1,6,0,0,0,1,0,0,0,0,7.10969E+20,5.57379E+21,1.19611E+16,5.02785E+16
71234,71235,9,4,78,176,2016,5,8,4,2,4,6,0,0,0,1,0,0,0,0,6.59307E+20,5.54711E+21,1.12255E+16,5.0055E+16
71235,71236,9,1,87,128,2016,5,11,1,3,3,6,0,0,1,1,0,0,0,0,7.45235E+20,5.30814E+21,1.22801E+16,4.78797E+16
71236,71237,9,6,72,131,2016,5,12,5,2,9,1,0,0,0,1,0,0,0,0,5.86838E+20,5.56151E+21,1.02167E+16,5.01994E+16
71237,71238,9,5,76,147,2016,5,17,2,2,9,1,0,0,0,1,0,0,0,0,6.42052E+20,5.44672E+21,1.09483E+16,4.91568E+16
71238,71239,9,4,71,185,2016,5,17,5,2,3,6,0,0,1,0,0,1,0,0,6.47511E+20,5.53837E+21,1.10575E+16,4.99794E+16
71239,71240,9,5,75,168,2016,5,10,4,3,5,3,0,0,0,1,0,0,0,0,5.89678E+20,5.48831E+21,1.02396E+16,4.95408E+16
71240,71241,9,7,61,0,2016,5,17,4,3,2,6,0,0,0,1,0,0,0,0,6.39989E+20,5.36404E+21,1.08919E+16,4.8414E+16
71241,71242,9,3,75,180,2016,5,6,6,3,1,6,0,0,0,0,0,0,1,0,7.26355E+20,5.42654E+21,1.20918E+16,4.89503E+16
71242,71243,9,6,73,116,2016,5,17,7,3,1,5,0,0,1,1,0,0,0,0,5.87032E+20,5.58192E+21,1.02242E+16,5.03829E+16
71243,71244,9,3,73,156,2016,5,12,2,3,3,1,0,1,0,1,0,0,0,1,6.60776E+20,5.46038E+21,1.12104E+16,4.9275E+16
71244,71245,9,2,79,112,2016,5,15,7,2,3,2,0,0,0,0,0,1,0,1,7.57036E+20,5.38899E+21,1.24867E+16,4.86012E+16
71245,71246,9,1,71,112,2016,5,14,2,3,4,2,0,1,0,1,0,0,0,0,7.84625E+20,5.34188E+21,1.28282E+16,4.81664E+16
71246,71247,9,1,81,132,2016,5,13,6,3,4,1,0,0,0,1,0,1,0,0,6.46466E+20,5.32814E+21,1.09669E+16,4.80897E+16
71247,71248,9,6,75,162,2016,5,6,6,2,2,1,0,1,0,1,0,0,0,0,5.96927E+20,5.51451E+21,1.03462E+16,4.97752E+16
71248,71249,9,6,75,127,2016,5,11,1,3,2,6,0,0,0,1,0,0,0,0,6.0847E+20,5.51373E+21,1.05063E+16,4.97662E+16
71249,71250,9,1,84,130,2016,5,11,6,2,5,3,0,0,0,1,0,0,0,0,6.98355E+20,5.34476E+21,1.16708E+16,4.8225E+16
71250,71251,9,2,78,159,2016,5,6,1,3,5,3,0,0,0,1,0,0,0,0,7.78742E+20,5.4224E+21,1.28031E+16,4.88917E+16
71251,71252,9,2,75,160,2016,5,15,7,3,8,1,0,0,0,0,0,1,0,0,8.26259E+20,5.40713E+21,1.34374E+16,4.87316E+16
71252,71253,9,1,72,112,2016,5,5,2,3,2,6,1,0,0,1,0,0,0,1,7.87885E+20,5.30187E+21,1.28451E+16,4.78057E+16
71253,71254,9,1,87,150,2016,5,9,6,3,5,2,0,0,0,1,0,0,0,1,7.29801E+20,5.30338E+21,1.20715E+16,4.78426E+16
71254,71255,9,5,71,134,2016,5,22,4,3,7,7,2,0,0,1,0,0,0,0,5.89142E+20,5.45983E+21,1.02258E+16,4.92847E+16
71255,71256,9,7,72,223,2016,5,5,1,3,8,1,1,1,0,1,0,0,0,0,6.25156E+20,5.36426E+21,1.06916E+16,4.84191E+16
71256,71257,9,1,82,129,2016,5,12,6,3,0,7,0,0,1,0,0,0,0,0,7.07089E+20,5.2852E+21,1.17596E+16,4.7687E+16
71257,71258,9,1,86,147,2016,5,15,7,2,5,3,0,0,0,1,0,1,0,0,6.85495E+20,5.39117E+21,1.15184E+16,4.86461E+16
71258,71259,9,7,79,131,2016,5,16,1,3,5,7,0,0,0,1,0,0,0,0,6.33265E+20,5.39613E+21,1.08113E+16,4.8704E+16
71259,71260,9,2,76,134,2016,5,21,1,3,0,1,2,1,0,1,0,0,0,0,7.91993E+20,5.43654E+21,1.29936E+16,4.90125E+16
71260,71261,9,5,64,0,2016,5,17,6,3,4,3,0,0,0,1,0,0,0,0,6.49819E+20,5.4817E+21,1.10679E+16,4.94694E+16
71261,71262,9,3,75,183,2016,5,7,1,2,9,7,0,0,0,1,0,0,0,0,7.46604E+20,5.42829E+21,1.2369E+16,4.89583E+16
71262,71263,9,3,76,147,2016,5,13,5,2,2,1,0,0,0,0,0,1,0,0,7.4158E+20,5.47029E+21,1.23257E+16,4.93375E+16
71263,71264,9,1,89,115,2016,5,19,5,3,5,2,0,0,0,1,0,0,0,0,7.62122E+20,5.33304E+21,1.25207E+16,4.80966E+16
71264,71265,9,1,79,126,2016,5,14,1,3,0,1,0,0,1,0,0,0,0,0,6.75485E+20,5.34074E+21,1.13615E+16,4.81957E+16
71265,71266,9,1,84,112,2016,5,13,1,3,2,6,0,0,0,1,0,0,0,0,7.02166E+20,5.34037E+21,1.172E+16,4.81844E+16
71266,71267,9,5,64,0,2016,5,13,2,3,2,6,0,1,0,1,0,0,0,0,6.49697E+20,5.47709E+21,1.10645E+16,4.9428E+16
71267,71268,9,3,74,162,2016,5,7,2,3,8,1,0,1,0,0,0,1,0,0,7.39949E+20,5.5041E+21,1.23238E+16,4.96417E+16
71268,71269,9,2,78,167,2016,5,13,6,3,9,1,0,0,0,1,0,0,0,0,7.64849E+20,5.41095E+21,1.26065E+16,4.87951E+16
71269,71270,9,6,61,0,2016,5,22,7,2,0,1,2,1,1,0,0,0,0,0,5.10835E+20,5.53609E+21,9.15111E+15,4.9977E+16
71270,71271,9,1,89,143,2016,5,9,7,3,1,6,0,0,1,0,0,0,0,0,7.60183E+20,5.31476E+21,1.24836E+16,4.79332E+16
71271,71272,9,1,76,124,2016,5,16,2,3,5,3,0,0,0,1,0,0,0,0,6.70148E+20,5.41101E+21,1.13184E+16,4.88288E+16
71272,71273,9,1,75,124,2016,5,17,6,3,2,6,0,0,0,1,0,1,0,0,7.14288E+20,5.32902E+21,1.18772E+16,4.80784E+16
71273,71274,9,6,73,117,2016,5,10,6,2,5,3,0,0,1,1,0,0,0,0,5.7182E+20,5.58367E+21,1.00106E+16,5.04007E+16
71274,71275,9,6,61,0,2016,5,3,1,3,0,7,2,0,0,1,0,0,0,1,5.09222E+20,5.53583E+21,9.12862E+15,4.99748E+16
71275,71276,9,7,75,129,2016,5,14,6,2,3,6,0,0,0,1,0,0,1,0,5.83237E+20,5.34347E+21,1.0121E+16,4.8239E+16
71276,71277,9,2,77,116,2016,5,16,1,2,9,1,0,0,0,1,0,0,0,0,7.76702E+20,5.3668E+21,1.27382E+16,4.83936E+16
71277,71278,9,4,78,139,2016,5,11,6,2,3,6,0,1,0,1,0,1,0,0,6.44803E+20,5.55744E+21,1.10269E+16,5.01515E+16
71278,71279,9,2,75,151,2016,5,12,5,3,5,3,0,0,0,1,0,1,0,0,8.24578E+20,5.3962E+21,1.3406E+16,4.86345E+16
71279,71280,9,1,76,123,2016,5,13,5,3,0,1,0,0,1,0,0,0,0,0,6.59371E+20,5.41839E+21,1.11745E+16,4.8898E+16
71280,71281,9,7,74,155,2016,5,6,7,2,8,1,0,1,0,1,0,0,0,0,5.87662E+20,5.36788E+21,1.01857E+16,4.84579E+16
71281,71282,9,5,61,0,2016,5,12,7,3,2,6,0,0,0,1,0,0,1,0,6.13815E+20,5.46257E+21,1.05657E+16,4.93053E+16
71282,71283,9,5,77,122,2016,5,16,6,2,2,6,0,0,0,1,0,1,0,0,6.31103E+20,5.43826E+21,1.07955E+16,4.90832E+16
71283,71284,9,2,71,151,2016,5,16,5,2,5,3,0,0,0,1,0,1,0,0,7.81744E+20,5.41499E+21,1.28389E+16,4.88239E+16
71284,71285,9,1,87,172,2016,5,20,5,3,8,1,0,0,0,0,0,1,0,0,7.42217E+20,5.29711E+21,1.22336E+16,4.77817E+16
71285,71286,9,1,84,148,2016,5,13,7,3,5,2,0,0,0,1,0,1,0,0,6.94078E+20,5.32766E+21,1.16055E+16,4.80727E+16
71286,71287,9,5,64,0,2016,5,13,7,3,5,3,0,0,1,1,0,0,0,0,6.54004E+20,5.47394E+21,1.11226E+16,4.93987E+16
71287,71288,9,5,71,166,2016,5,19,2,3,0,7,0,1,0,0,0,1,0,1,6.12484E+20,5.45393E+21,1.0545E+16,4.92278E+16
71288,71289,9,2,71,146,2016,5,6,4,2,5,2,0,1,0,1,0,1,0,0,7.85031E+20,5.41055E+21,1.28805E+16,4.87826E+16
71289,71290,9,3,76,153,2016,5,11,2,3,2,6,0,0,0,1,0,0,1,0,7.30248E+20,5.48852E+21,1.21805E+16,4.95055E+16
71290,71291,9,2,77,111,2016,5,15,6,3,9,7,0,0,0,1,0,0,0,0,7.78527E+20,5.38263E+21,1.27733E+16,4.85349E+16
71291,71292,9,1,82,132,2016,5,18,7,3,3,6,0,0,1,0,0,0,0,0,7.08072E+20,5.28625E+21,1.17732E+16,4.76961E+16
71292,71293,9,1,78,120,2016,5,4,2,3,9,1,1,0,0,1,0,0,0,0,6.95185E+20,5.35542E+21,1.16331E+16,4.83218E+16
71293,71294,9,7,80,140,2016,5,11,5,2,2,6,0,0,0,1,0,0,0,0,5.99251E+20,5.28184E+21,1.03224E+16,4.76823E+16
71294,71295,9,6,76,144,2016,5,16,6,3,8,1,0,0,0,1,0,0,0,0,5.08249E+20,5.52978E+21,9.11491E+15,4.99204E+16
71295,71296,9,5,74,152,2016,5,12,1,3,2,6,0,0,0,1,0,0,0,0,6.60226E+20,5.48156E+21,1.12114E+16,4.94655E+16
71296,71297,9,7,72,171,2016,5,20,6,3,9,7,0,0,0,1,0,0,0,0,6.3887E+20,5.37013E+21,1.08788E+16,4.8469E+16
71297,71298,9,4,77,164,2016,5,6,4,3,8,6,0,0,0,1,0,0,1,0,6.65303E+20,5.54226E+21,1.13071E+16,5.00097E+16
71298,71299,9,2,74,128,2016,5,17,1,3,4,2,0,0,0,1,0,0,0,0,7.35125E+20,5.38632E+21,1.21885E+16,4.85857E+16
71299,71300,9,7,77,129,2016,5,16,5,2,2,6,0,0,1,1,0,0,0,0,6.24846E+20,5.27401E+21,1.06611E+16,4.76074E+16
71300,71301,9,5,74,123,2016,5,19,5,2,5,3,0,0,0,1,0,1,0,0,6.60447E+20,5.47216E+21,1.12106E+16,4.9381E+16
71301,71302,9,2,79,112,2016,5,15,5,2,3,2,0,0,1,1,0,0,0,0,7.5737E+20,5.39227E+21,1.24933E+16,4.86305E+16
71302,71303,9,1,81,114,2016,5,0,5,3,8,7,2,0,0,1,0,0,0,0,6.55989E+20,5.31676E+21,1.10906E+16,4.79851E+16
71303,71304,9,1,84,147,2016,5,14,4,3,2,6,0,0,0,1,0,0,0,0,7.00026E+20,5.34072E+21,1.16914E+16,4.81882E+16
71304,71305,9,7,80,133,2016,5,12,7,3,0,7,0,0,1,0,0,0,0,0,5.96968E+20,5.25405E+21,1.02859E+16,4.74327E+16
71305,71306,9,1,89,154,2016,5,6,4,3,2,6,0,0,1,1,0,0,0,0,7.68108E+20,5.31879E+21,1.25921E+16,4.79662E+16
71306,71307,9,4,74,173,2016,5,13,7,3,5,3,0,0,0,1,0,0,0,0,6.6265E+20,5.50003E+21,1.12524E+16,4.96309E+16
71307,71308,9,5,74,152,2016,5,8,4,3,2,1,0,0,0,1,1,0,1,0,6.63099E+20,5.48176E+21,1.12511E+16,4.94665E+16
71308,71309,9,2,71,125,2016,5,18,4,3,0,3,0,0,0,1,0,1,0,0,7.97518E+20,5.41041E+21,1.30499E+16,4.87754E+16
71309,71310,9,2,72,120,2016,5,15,2,2,5,3,0,0,0,1,0,0,0,0,8.24415E+20,5.42274E+21,1.34247E+16,4.88726E+16
71310,71311,9,1,72,111,2016,5,22,6,2,8,7,2,1,0,1,0,0,0,0,7.95158E+20,5.30032E+21,1.2941E+16,4.77885E+16
71311,71312,9,1,84,119,2016,5,0,1,3,4,6,2,0,1,0,0,0,0,0,6.96046E+20,5.3448E+21,1.16398E+16,4.82261E+16
71312,71313,9,6,77,131,2016,5,11,4,3,0,7,0,0,1,0,0,0,0,0,5.50045E+20,5.54456E+21,9.69905E+15,5.00512E+16
71313,71314,9,2,71,119,2016,5,17,4,3,5,3,0,0,0,0,0,1,0,0,7.90133E+20,5.4149E+21,1.29528E+16,4.88193E+16
71314,71315,9,3,76,149,2016,5,17,2,3,0,7,0,0,1,1,0,0,0,0,7.37948E+20,5.45447E+21,1.22664E+16,4.91968E+16
71315,71316,9,1,80,127,2016,5,11,6,3,0,7,0,0,0,0,0,1,0,0,6.69362E+20,5.28087E+21,1.12556E+16,4.76591E+16
71316,71317,9,1,89,149,2016,5,13,6,3,3,6,0,0,1,1,0,0,0,0,7.65822E+20,5.33078E+21,1.25689E+16,4.80748E+16
71317,71318,9,1,75,122,2016,5,8,2,3,9,1,0,0,0,1,0,0,0,0,7.24583E+20,5.32487E+21,1.2013E+16,4.80376E+16
71318,71319,9,5,76,113,2016,5,7,6,3,4,2,0,1,0,1,0,0,0,0,6.61409E+20,5.45746E+21,1.12179E+16,4.92486E+16
71319,71320,9,5,64,0,2016,5,8,1,3,0,1,0,1,0,0,0,1,0,0,6.53525E+20,5.47328E+21,1.11157E+16,4.93928E+16
71320,71321,9,4,74,126,2016,5,19,4,3,0,1,0,0,1,0,0,0,0,0,6.477E+20,5.51005E+21,1.10493E+16,4.97248E+16
71321,71322,9,1,90,157,2016,5,20,1,3,5,3,1,1,0,1,0,0,0,0,6.60706E+20,5.30126E+21,1.1148E+16,4.78446E+16
71322,71323,9,7,61,0,2016,5,10,5,2,2,6,0,0,0,1,0,1,0,0,6.37618E+20,5.35711E+21,1.08576E+16,4.83522E+16
71323,71324,9,5,71,135,2016,5,8,5,2,8,1,0,0,0,0,0,1,0,0,6.23697E+20,5.47531E+21,1.07055E+16,4.94179E+16
71324,71325,9,7,75,135,2016,5,15,4,3,2,6,0,0,0,1,0,0,0,0,5.8006E+20,5.36217E+21,1.00818E+16,4.84076E+16
71325,71326,9,7,78,116,2016,5,18,7,3,3,2,0,0,1,1,0,0,0,0,6.20537E+20,5.32156E+21,1.0617E+16,4.8036E+16
71326,71327,9,1,89,152,2016,5,7,4,3,8,6,0,0,0,1,0,0,0,0,7.77798E+20,5.32538E+21,1.27259E+16,4.80213E+16
71327,71328,9,2,75,154,2016,5,16,7,3,4,6,0,0,0,1,0,0,0,0,8.13837E+20,5.39188E+21,1.32574E+16,4.86012E+16
71328,71329,9,2,61,0,2016,5,21,2,2,7,1,2,0,0,0,0,1,0,0,7.31962E+20,5.38248E+21,1.21435E+16,4.85524E+16
71329,71330,9,5,73,120,2016,5,12,4,3,5,3,0,0,0,1,0,0,1,0,6.29269E+20,5.48282E+21,1.07848E+16,4.94842E+16
71330,71331,9,1,82,125,2016,5,16,6,3,3,6,0,0,1,1,0,0,0,0,7.12358E+20,5.29618E+21,1.18351E+16,4.7784E+16
71331,71332,9,7,78,163,2016,5,4,1,3,6,4,2,0,0,0,1,0,0,1,5.96157E+20,5.32373E+21,1.02905E+16,4.80596E+16
71332,71333,9,5,74,112,2016,5,18,6,3,1,6,0,1,0,1,0,1,0,0,6.73623E+20,5.47168E+21,1.13918E+16,4.93731E+16
71333,71334,9,4,74,158,2016,5,13,1,3,5,3,0,0,0,1,0,1,0,0,6.50204E+20,5.50683E+21,1.10828E+16,4.96953E+16
71334,71335,9,1,61,0,2016,5,15,1,2,5,3,0,0,1,0,0,1,0,0,6.79627E+20,5.40206E+21,1.14435E+16,4.87456E+16
71335,71336,9,6,73,117,2016,5,20,5,3,1,5,0,0,1,1,0,0,0,0,5.72087E+20,5.58408E+21,1.00144E+16,5.04043E+16
71336,71337,9,5,74,132,2016,5,16,2,2,5,3,0,1,1,1,0,0,0,0,6.74905E+20,5.48679E+21,1.14161E+16,4.95085E+16
71337,71338,9,3,74,162,2016,5,14,5,2,5,2,0,0,0,1,0,1,0,0,7.4134E+20,5.50144E+21,1.23414E+16,4.96173E+16
71338,71339,9,5,61,0,2016,5,13,1,3,2,6,0,0,0,1,0,0,0,0,6.14872E+20,5.46122E+21,1.05798E+16,4.92929E+16
71339,71340,9,4,74,154,2016,5,18,4,3,4,6,0,0,0,1,0,0,0,0,6.53351E+20,5.49707E+21,1.11226E+16,4.96068E+16
71340,71341,9,1,83,139,2016,5,10,1,3,8,1,0,0,0,0,0,1,0,0,7.34564E+20,5.33116E+21,1.21502E+16,4.80905E+16
71341,71342,9,6,79,130,2016,5,10,5,3,5,3,0,0,0,1,0,0,0,0,5.71109E+20,5.51989E+21,9.98869E+15,4.98272E+16
71342,71343,9,4,72,154,2016,5,18,5,2,8,1,0,0,0,0,0,1,0,0,6.59832E+20,5.53643E+21,1.12284E+16,4.99588E+16
71343,71344,9,7,77,129,2016,5,11,4,3,6,6,0,0,1,0,1,0,0,0,6.28044E+20,5.26979E+21,1.07024E+16,4.75689E+16
71344,71345,9,6,77,165,2016,5,0,7,3,8,1,2,0,0,1,0,0,0,0,5.29537E+20,5.53976E+21,9.41222E+15,5.00095E+16
71345,71346,9,5,63,0,2016,5,7,2,3,2,6,0,1,0,1,0,0,0,0,6.44169E+20,5.4882E+21,1.09923E+16,4.95292E+16