FID,OBJECTID,ULAND,UREGBEZ,UKREIS,UGEMEINDE,UJAHR,UMONAT,USTUNDE,UWOCHENTAG,UKATEGORIE,UART,UTYP1,ULICHTVERH,IstStrasse,IstRad,IstPKW,IstFuss,IstKrad,IstGkfz,IstSonstig,LINREFX,LINREFY,XGCSWGS84,YGCSWGS84
71346,71347,9,2,73,147,2016,5,14,7,2,9,7,0,0,0,1,0,0,0,0,7.04602E+20,5.39205E+21,1.17779E+16,4.8648E+16
71347,71348,9,1,89,155,2016,5,10,2,3,1,6,0,0,0,1,0,0,0,0,7.71933E+20,5.30924E+21,1.26372E+16,4.78788E+16
71348,71349,9,1,86,143,2016,5,13,6,3,2,7,0,0,0,1,0,0,0,0,6.8703E+20,5.3818E+21,1.1535E+16,4.85614E+16
71349,71350,9,7,72,147,2016,5,19,1,3,8,1,0,1,0,1,0,0,0,0,6.3838E+20,5.36776E+21,1.08714E+16,4.84477E+16
71350,71351,9,1,76,147,2016,5,12,7,2,9,1,0,0,0,0,0,1,0,0,6.94279E+20,5.41505E+21,1.16488E+16,4.8858E+16
71351,71352,9,2,71,146,2016,5,12,1,3,0,1,0,0,1,0,0,0,0,0,7.84833E+20,5.41013E+21,1.28775E+16,4.87789E+16
71352,71353,9,5,73,114,2016,5,15,6,3,3,6,0,0,0,1,0,1,0,0,6.34033E+20,5.47837E+21,1.0849E+16,4.94432E+16
71353,71354,9,3,76,147,2016,5,16,1,3,0,1,0,0,0,0,0,1,0,0,7.49436E+20,5.47219E+21,1.24348E+16,4.93513E+16
71354,71355,9,3,76,117,2016,5,14,5,3,2,1,0,0,0,1,0,1,0,0,7.41545E+20,5.4609E+21,1.23195E+16,4.92532E+16
71355,71356,9,1,87,159,2016,5,16,5,2,8,6,0,0,0,0,0,1,0,0,7.32644E+20,5.32366E+21,1.21203E+16,4.80238E+16
71356,71357,9,1,78,145,2016,5,13,1,2,5,3,0,0,1,1,0,0,0,0,6.97869E+20,5.3546E+21,1.16689E+16,4.83136E+16
71357,71358,9,5,76,147,2016,5,19,7,3,8,1,0,0,1,0,0,0,0,0,6.40219E+20,5.44889E+21,1.09239E+16,4.91768E+16
71358,71359,9,5,64,0,2016,5,7,2,3,0,1,0,1,1,0,0,0,0,0,6.55029E+20,5.48216E+21,1.11399E+16,4.94722E+16
71359,71360,9,2,71,113,2016,5,8,4,3,2,6,0,1,0,1,0,0,1,0,8.00688E+20,5.41376E+21,1.30954E+16,4.8804E+16
71360,71361,9,3,62,0,2016,5,17,2,3,2,6,0,0,0,1,0,0,0,0,7.27527E+20,5.43128E+21,1.21105E+16,4.89924E+16
71361,71362,9,2,75,135,2016,5,15,6,3,0,3,0,0,0,1,0,1,0,0,8.23501E+20,5.40278E+21,1.33966E+16,4.86941E+16
71362,71363,9,5,74,152,2016,5,21,7,2,2,6,2,0,0,1,0,0,0,0,6.64268E+20,5.48334E+21,1.12678E+16,4.94804E+16
71363,71364,9,1,87,177,2016,5,11,7,3,0,6,0,0,1,0,0,0,0,0,7.37335E+20,5.30535E+21,1.21731E+16,4.78576E+16
71364,71365,9,1,88,141,2016,5,8,2,3,0,3,0,1,0,1,0,0,0,0,6.67757E+20,5.30674E+21,1.12443E+16,4.78921E+16
71365,71366,9,1,62,0,2016,5,13,5,2,4,2,0,0,0,1,0,0,0,0,6.78453E+20,5.33452E+21,1.13988E+16,4.81389E+16
71366,71367,9,6,72,112,2016,5,2,6,3,8,7,2,0,0,1,0,0,0,0,5.7609E+20,5.56655E+21,1.00672E+16,5.02462E+16
71367,71368,9,4,71,159,2016,5,5,2,3,2,6,0,0,0,1,0,0,0,0,6.41141E+20,5.53455E+21,1.09673E+16,4.99467E+16
71368,71369,9,7,61,0,2016,5,12,4,3,3,1,0,0,0,1,0,0,1,0,6.42525E+20,5.35943E+21,1.09246E+16,4.83719E+16
71369,71370,9,3,72,155,2016,5,13,6,2,4,1,0,0,0,1,0,0,0,1,7.71924E+20,5.45904E+21,1.27349E+16,4.92237E+16
71370,71371,9,6,78,136,2016,5,22,7,3,4,1,2,1,0,1,0,0,0,0,5.88747E+20,5.54047E+21,1.02386E+16,5.001E+16
71371,71372,9,5,72,133,2016,5,5,2,2,4,2,1,1,0,1,0,0,0,0,6.38056E+20,5.49914E+21,1.09117E+16,4.9629E+16
71372,71373,9,1,80,123,2016,5,7,7,3,8,1,0,1,0,0,0,0,1,1,6.70897E+20,5.25221E+21,1.12649E+16,4.7401E+16
71373,71374,9,1,82,116,2016,5,8,2,3,4,2,0,0,0,1,0,0,0,0,7.0486E+20,5.29333E+21,1.17338E+16,4.77607E+16
71374,71375,9,1,81,114,2016,5,20,6,3,0,1,0,0,1,0,0,0,0,0,6.57127E+20,5.3124E+21,1.11042E+16,4.79456E+16
71375,71376,9,6,77,155,2016,5,11,6,3,1,6,0,1,0,1,0,0,0,0,5.40797E+20,5.53826E+21,9.5692E+15,4.99953E+16
71376,71377,9,6,74,147,2016,5,15,1,3,4,6,0,0,0,1,0,1,0,0,6.07899E+20,5.54247E+21,1.05064E+16,5.00248E+16
71377,71378,9,1,62,0,2016,5,12,6,3,1,6,0,0,0,1,0,0,0,0,6.82701E+20,5.33764E+21,1.14572E+16,4.81657E+16
71378,71379,9,2,75,127,2016,5,15,1,3,8,7,0,0,0,0,0,0,0,1,8.08638E+20,5.40202E+21,1.31946E+16,4.86948E+16
71379,71380,9,5,71,136,2016,5,10,6,3,5,3,0,0,1,1,0,0,0,0,5.97165E+20,5.43571E+21,1.03302E+16,4.90666E+16
71380,71381,9,2,78,189,2016,5,9,5,2,4,1,0,0,0,1,0,1,0,0,7.68218E+20,5.44193E+21,1.26727E+16,4.90718E+16
71381,71382,9,1,87,122,2016,5,11,5,3,1,6,0,0,0,0,0,1,0,0,7.19801E+20,5.31383E+21,1.19433E+16,4.79401E+16
71382,71383,9,1,84,113,2016,5,14,7,3,0,6,0,0,0,0,0,1,0,0,6.83769E+20,5.31752E+21,1.14629E+16,4.79846E+16
71383,71384,9,5,71,134,2016,5,8,7,3,8,1,0,0,0,1,0,0,0,0,5.87304E+20,5.45848E+21,1.02002E+16,4.92728E+16
71384,71385,9,4,72,119,2016,5,18,2,3,9,1,0,1,0,1,0,0,0,0,6.86814E+20,5.54181E+21,1.16068E+16,4.99993E+16
71385,71386,9,6,63,0,2016,5,11,4,3,2,6,0,0,0,1,0,0,1,0,5.65367E+20,5.51174E+21,9.90748E+15,4.97546E+16
71386,71387,9,2,77,145,2016,5,17,4,3,2,6,0,0,0,1,0,0,0,0,7.99135E+20,5.35354E+21,1.30311E+16,4.82643E+16
71387,71388,9,3,71,118,2016,5,14,2,3,8,1,0,1,0,1,0,0,0,0,7.14395E+20,5.47593E+21,1.1955E+16,4.93983E+16
71388,71389,9,2,74,141,2016,5,15,6,2,0,1,0,0,0,0,0,1,0,0,7.30542E+20,5.39802E+21,1.21329E+16,4.86926E+16
71389,71390,9,1,73,133,2016,5,14,6,2,9,1,0,0,0,0,0,1,0,0,6.76997E+20,5.27816E+21,1.13561E+16,4.76326E+16
71390,71391,9,1,75,135,2016,5,17,2,2,6,4,0,1,0,1,1,0,0,0,7.08909E+20,5.33983E+21,1.18103E+16,4.81774E+16
71391,71392,9,7,80,121,2016,5,15,5,3,9,2,0,0,0,1,0,0,0,0,5.95544E+20,5.25331E+21,1.02669E+16,4.74262E+16
71392,71393,9,6,71,155,2016,5,10,6,3,2,6,0,1,0,0,0,0,1,0,5.03695E+20,5.53742E+21,9.05155E+15,4.99891E+16
71393,71394,9,5,74,128,2016,5,14,1,3,8,1,0,1,0,0,0,1,0,0,6.79042E+20,5.48456E+21,1.14722E+16,4.94873E+16
71394,71395,9,4,61,0,2016,5,11,4,3,1,6,0,0,0,1,0,0,0,0,6.34435E+20,5.52916E+21,1.0872E+16,4.98997E+16
71395,71396,9,2,79,135,2016,5,14,1,3,2,6,0,0,0,1,0,1,0,0,7.74398E+20,5.38802E+21,1.27211E+16,4.85851E+16
71396,71397,9,7,77,141,2016,5,15,5,2,5,3,0,0,1,0,0,1,0,0,6.30764E+20,5.30799E+21,1.075E+16,4.79119E+16
71397,71398,9,5,64,0,2016,5,16,5,3,5,3,0,0,1,0,0,0,0,0,6.51689E+20,5.48184E+21,1.10937E+16,4.94703E+16
71398,71399,9,1,90,113,2016,5,15,5,3,8,1,0,0,0,0,0,1,0,0,6.71753E+20,5.29224E+21,1.12919E+16,4.77606E+16
71399,71400,9,5,72,133,2016,5,21,1,3,2,6,1,0,0,1,0,0,0,0,6.3598E+20,5.50319E+21,1.08844E+16,4.96659E+16
71400,71401,9,7,80,144,2016,5,22,6,2,8,1,2,1,1,0,0,0,0,0,5.81533E+20,5.27777E+21,1.00856E+16,4.76482E+16
71401,71402,9,2,74,176,2016,5,19,1,3,0,1,0,0,0,0,0,1,0,0,7.22714E+20,5.39886E+21,1.20271E+16,4.87029E+16
71402,71403,9,4,72,127,2016,5,23,6,3,9,1,2,0,0,1,0,0,0,0,6.81787E+20,5.52759E+21,1.153E+16,4.98731E+16
71403,71404,9,2,74,183,2016,5,21,5,3,0,7,2,0,0,0,0,1,0,0,7.45207E+20,5.36587E+21,1.23129E+16,4.83983E+16
71404,71405,9,1,76,123,2016,5,16,5,2,9,1,0,0,0,0,0,1,0,0,6.5771E+20,5.41937E+21,1.11523E+16,4.89072E+16
71405,71406,9,7,74,143,2016,5,14,7,2,2,6,0,0,0,1,0,0,0,0,5.96969E+20,5.36013E+21,1.03098E+16,4.83869E+16
71406,71407,9,4,75,112,2016,5,18,7,3,5,3,0,0,0,1,0,0,0,0,6.87725E+20,5.58377E+21,1.16402E+16,5.0376E+16
71407,71408,9,6,71,160,2016,5,6,4,3,8,1,0,1,0,1,0,0,0,0,5.25546E+20,5.52594E+21,9.35561E+15,4.98853E+16
71408,71409,9,2,77,119,2016,5,13,4,3,5,3,0,0,0,1,0,0,1,0,7.73592E+20,5.37102E+21,1.2699E+16,4.84329E+16
71409,71410,9,2,71,119,2016,5,6,2,3,2,6,0,0,0,1,0,0,0,0,7.92951E+20,5.41894E+21,1.2994E+16,4.88542E+16
71410,71411,9,1,89,155,2016,5,10,6,3,2,6,0,0,0,1,0,0,0,0,7.72856E+20,5.30783E+21,1.26486E+16,4.78658E+16
71411,71412,9,1,62,0,2016,5,10,1,3,2,7,0,0,0,1,0,1,0,0,6.8854E+20,5.33479E+21,1.15344E+16,4.81384E+16
71412,71413,9,5,71,175,2016,5,6,1,3,8,1,0,0,0,1,0,0,0,0,6.254E+20,5.46037E+21,1.07243E+16,4.92832E+16
71413,71414,9,3,63,0,2016,5,16,4,3,8,1,0,0,0,1,0,0,0,0,7.27769E+20,5.50742E+21,1.21573E+16,4.96762E+16
71414,71415,9,1,80,117,2016,5,13,1,2,8,1,0,0,1,0,0,0,0,0,6.62613E+20,5.26166E+21,1.11587E+16,4.74881E+16
71415,71416,9,7,72,202,2016,5,10,5,3,5,3,0,0,1,1,0,0,0,0,6.36604E+20,5.3583E+21,1.08443E+16,4.83631E+16
71416,71417,9,4,75,169,2016,5,14,5,3,0,2,0,0,0,1,0,1,0,0,6.86744E+20,5.5764E+21,1.16228E+16,5.03101E+16
71417,71418,9,7,62,0,2016,5,13,4,3,2,6,0,0,0,1,0,0,0,0,6.23079E+20,5.3062E+21,1.06467E+16,4.78974E+16
71418,71419,9,7,61,0,2016,5,13,7,3,2,6,0,0,0,1,0,1,0,0,6.39363E+20,5.36089E+21,1.08824E+16,4.83857E+16
71419,71420,9,1,87,145,2016,5,18,4,3,8,6,0,0,0,1,0,0,0,0,7.46658E+20,5.31439E+21,1.23027E+16,4.79353E+16
71420,71421,9,2,77,145,2016,5,20,7,3,5,3,1,0,0,1,0,0,0,0,7.99177E+20,5.35348E+21,1.30316E+16,4.82638E+16
71421,71422,9,1,80,133,2016,5,5,2,2,8,7,1,1,0,1,0,0,0,0,6.65081E+20,5.28589E+21,1.12006E+16,4.77052E+16
71422,71423,9,5,71,152,2016,5,10,4,3,2,7,0,0,0,1,0,0,0,0,5.87708E+20,5.46424E+21,1.0207E+16,4.93246E+16
71423,71424,9,7,79,178,2016,5,11,1,3,3,2,0,0,1,1,0,0,0,0,6.43174E+20,5.40058E+21,1.09475E+16,4.87418E+16
71424,71425,9,1,62,0,2016,5,19,4,2,4,2,0,0,0,1,0,1,0,0,6.80296E+20,5.33502E+21,1.14238E+16,4.81428E+16
71425,71426,9,7,62,0,2016,5,11,7,3,0,1,0,0,1,0,0,0,0,0,6.22553E+20,5.30661E+21,1.06398E+16,4.79011E+16
71426,71427,9,1,87,131,2016,5,13,4,3,0,7,0,0,0,1,0,0,0,0,7.34419E+20,5.29019E+21,1.2126E+16,4.77225E+16
71427,71428,9,3,71,136,2016,5,13,7,3,5,3,0,0,1,0,0,0,0,0,7.08642E+20,5.4781E+21,1.1877E+16,4.94198E+16
71428,71429,9,5,76,143,2016,5,13,4,3,5,3,0,0,0,1,0,0,0,0,6.55085E+20,5.45676E+21,1.11308E+16,4.9244E+16
71429,71430,9,2,74,145,2016,5,15,4,3,0,6,0,0,0,0,0,0,1,0,7.47233E+20,5.38091E+21,1.23492E+16,4.85325E+16
71430,71431,9,2,74,127,2016,5,11,2,3,1,6,0,0,0,1,0,0,0,0,7.35735E+20,5.39639E+21,1.22024E+16,4.8676E+16
71431,71432,9,1,71,133,2016,5,21,6,1,8,1,2,0,0,1,0,0,0,0,7.68942E+20,5.34701E+21,1.2621E+16,4.82193E+16
71432,71433,9,1,84,136,2016,5,12,1,3,1,6,0,0,0,1,0,0,0,0,6.98844E+20,5.3258E+21,1.16685E+16,4.80545E+16
71433,71434,9,4,75,171,2016,5,11,1,3,5,3,0,0,0,1,0,0,0,0,6.97799E+20,5.57992E+21,1.17797E+16,5.03381E+16
71434,71435,9,3,75,118,2016,5,14,4,3,3,1,0,0,0,0,0,0,1,1,7.0781E+20,5.44786E+21,1.18498E+16,4.91484E+16
71435,71436,9,1,84,114,2016,5,10,1,3,2,6,0,0,0,1,0,0,0,0,6.99864E+20,5.3191E+21,1.16791E+16,4.79939E+16
71436,71437,9,6,72,127,2016,5,14,5,2,9,1,0,0,0,0,0,1,0,0,5.65831E+20,5.5454E+21,9.91967E+15,5.00573E+16
71437,71438,9,5,62,0,2016,5,6,2,2,5,3,0,1,1,1,0,0,0,0,6.44476E+20,5.49379E+21,1.09986E+16,4.95795E+16
71438,71439,9,4,74,129,2016,5,15,5,3,4,6,0,0,0,1,0,1,0,0,6.68634E+20,5.51615E+21,1.13422E+16,4.97741E+16
71439,71440,9,7,73,125,2016,5,18,4,2,0,7,0,0,0,0,0,1,0,0,6.08362E+20,5.38399E+21,1.04698E+16,4.85996E+16
71440,71441,9,3,63,0,2016,5,11,6,3,2,6,0,1,0,1,0,0,0,0,7.28145E+20,5.50815E+21,1.21629E+16,4.96826E+16
71441,71442,9,6,73,153,2016,5,13,7,3,0,1,0,0,0,1,0,0,0,0,5.87594E+20,5.59027E+21,1.0234E+16,5.04579E+16
71442,71443,9,5,64,0,2016,5,15,2,3,2,6,0,0,0,1,0,0,1,0,6.50459E+20,5.46727E+21,1.10713E+16,4.93396E+16
71443,71444,9,2,73,137,2016,5,12,7,3,8,1,0,0,0,0,0,1,0,0,7.13334E+20,5.4186E+21,1.19101E+16,4.88836E+16
71444,71445,9,1,83,128,2016,5,16,2,3,2,2,0,1,0,1,0,0,0,0,7.61283E+20,5.34949E+21,1.25196E+16,4.82447E+16
71445,71446,9,1,79,118,2016,5,15,6,3,5,3,0,0,1,1,0,0,0,0,6.73071E+20,5.33705E+21,1.13275E+16,4.81631E+16
71446,71447,9,7,71,155,2016,5,17,6,2,0,7,0,0,1,0,0,0,0,0,6.50253E+20,5.37572E+21,1.10347E+16,4.85166E+16
71447,71448,9,6,79,144,2016,5,15,1,3,2,6,0,0,0,1,0,0,0,1,5.515E+20,5.51373E+21,9.71525E+15,4.97738E+16
71448,71449,9,1,74,113,2016,5,16,7,3,2,6,0,0,0,1,0,0,0,0,6.74647E+20,5.34516E+21,1.13521E+16,4.82355E+16
71449,71450,9,2,78,118,2016,5,14,1,3,5,3,0,0,1,1,0,0,0,0,7.6888E+20,5.42506E+21,1.26706E+16,4.892E+16
71450,71451,9,5,77,161,2016,5,12,6,3,5,3,0,0,0,1,0,0,0,1,6.4274E+20,5.44058E+21,1.09556E+16,4.91015E+16
71451,71452,9,2,71,141,2016,5,17,5,2,5,3,0,0,0,1,0,1,0,0,7.95349E+20,5.39276E+21,1.30079E+16,4.86181E+16
71452,71453,9,1,82,120,2016,5,13,5,3,0,7,0,0,1,0,0,0,0,0,7.01213E+20,5.30489E+21,1.16905E+16,4.78658E+16
71453,71454,9,1,82,136,2016,5,17,6,3,8,7,0,0,1,0,0,0,0,0,7.03316E+20,5.30428E+21,1.17183E+16,4.78597E+16
71454,71455,9,1,61,0,2016,5,13,7,3,2,6,0,0,0,1,0,0,0,0,6.81004E+20,5.40508E+21,1.14636E+16,4.87724E+16
71455,71456,9,7,77,112,2016,5,13,1,3,0,1,0,1,0,0,0,1,0,0,6.22898E+20,5.29678E+21,1.06416E+16,4.78127E+16
71456,71457,9,3,71,136,2016,5,16,1,3,0,1,0,0,1,0,0,0,0,0,7.08521E+20,5.47783E+21,1.18752E+16,4.94174E+16
71457,71458,9,5,64,0,2016,5,15,6,3,2,6,0,0,0,1,0,1,0,0,6.53611E+20,5.47328E+21,1.11169E+16,4.93928E+16
71458,71459,9,3,75,131,2016,5,12,1,2,8,7,0,0,0,0,0,1,0,0,7.09714E+20,5.44413E+21,1.18739E+16,4.91142E+16
71459,71460,9,1,89,145,2016,5,17,5,3,0,7,0,0,1,0,0,0,0,0,7.72517E+20,5.30297E+21,1.2641E+16,4.78223E+16
71460,71461,9,3,62,0,2016,5,16,4,3,2,6,0,0,0,1,0,0,0,0,7.30202E+20,5.43195E+21,1.21474E+16,4.89975E+16
71461,71462,9,1,86,147,2016,5,9,1,3,2,6,0,0,0,1,0,0,0,1,6.80543E+20,5.38959E+21,1.14505E+16,4.86333E+16
71462,71463,9,1,79,121,2016,5,2,1,3,5,3,2,1,0,1,0,1,0,0,6.67482E+20,5.33906E+21,1.12532E+16,4.81827E+16
71463,71464,9,5,63,0,2016,5,9,2,3,1,6,0,1,0,1,0,0,1,0,6.42074E+20,5.48308E+21,1.09615E+16,4.94837E+16
71464,71465,9,3,72,167,2016,5,15,5,3,2,2,0,0,0,1,0,1,0,0,7.50221E+20,5.45103E+21,1.24324E+16,4.91611E+16
71465,71466,9,4,74,126,2016,5,14,2,3,2,6,0,0,0,1,0,0,0,0,6.49472E+20,5.50924E+21,1.10736E+16,4.97171E+16
71466,71467,9,2,78,123,2016,5,16,6,2,5,3,0,0,0,1,0,0,0,0,7.48555E+20,5.4115E+21,1.23854E+16,4.88067E+16
71467,71468,9,6,76,131,2016,5,12,7,3,4,6,0,0,1,0,0,1,0,0,5.1522E+20,5.49279E+21,9.21057E+15,4.95875E+16
71468,71469,9,1,80,117,2016,5,13,7,2,1,6,0,0,0,1,0,0,0,0,6.5844E+20,5.26238E+21,1.11036E+16,4.74955E+16
71469,71470,9,1,76,161,2016,5,21,2,3,8,1,2,1,0,1,0,0,0,0,6.80953E+20,5.41616E+21,1.14678E+16,4.8872E+16
71470,71471,9,1,62,0,2016,5,7,6,3,3,6,0,0,0,1,0,0,1,0,6.96008E+20,5.34668E+21,1.16401E+16,4.8243E+16
71471,71472,9,6,77,203,2016,5,6,6,3,8,1,0,1,0,1,0,0,0,0,5.57175E+20,5.52649E+21,9.79594E+15,4.9888E+16
71472,71473,9,6,72,135,2016,5,21,1,3,8,1,2,1,0,1,0,0,0,0,5.84496E+20,5.56556E+21,1.01848E+16,5.02362E+16
71473,71474,9,1,62,0,2016,5,11,6,2,0,7,0,0,1,0,0,0,0,0,6.88034E+20,5.33161E+21,1.15262E+16,4.811E+16
71474,71475,9,2,71,127,2016,5,9,1,3,1,6,0,0,0,1,0,0,0,0,8.06619E+20,5.40341E+21,1.31683E+16,4.87083E+16
71475,71476,9,4,75,136,2016,5,10,6,3,5,3,0,0,0,1,0,0,0,0,6.90782E+20,5.56769E+21,1.1675E+16,5.02306E+16
71476,71477,9,2,75,121,2016,5,16,5,2,5,2,0,0,0,0,0,1,1,0,8.19936E+20,5.40242E+21,1.3348E+16,4.86927E+16
71477,71478,9,1,86,139,2016,5,20,5,3,0,7,1,0,0,0,0,1,0,1,6.95649E+20,5.40515E+21,1.16627E+16,4.87686E+16
71478,71479,9,1,62,0,2016,5,10,7,3,3,7,0,0,0,1,0,0,0,1,6.96043E+20,5.33382E+21,1.16347E+16,4.81274E+16
71479,71480,9,5,61,0,2016,5,19,7,3,5,2,0,1,0,1,0,0,0,0,6.16414E+20,5.46133E+21,1.06011E+16,4.92937E+16
71480,71481,9,6,79,205,2016,5,7,4,3,2,6,0,0,0,1,0,0,0,0,5.55992E+20,5.5139E+21,9.77766E+15,4.97749E+16
71481,71482,9,2,73,147,2016,5,16,4,3,5,3,0,0,1,1,0,0,0,0,7.04716E+20,5.39084E+21,1.17789E+16,4.86371E+16
71482,71483,9,3,76,149,2016,5,15,2,3,2,7,0,0,0,1,0,0,1,0,7.392E+20,5.45486E+21,1.22837E+16,4.91998E+16
71483,71484,9,1,90,139,2016,5,20,6,3,8,1,0,0,0,0,0,1,0,0,6.52552E+20,5.29395E+21,1.10365E+16,4.77809E+16
71484,71485,9,1,83,119,2016,5,11,6,3,2,6,0,0,0,1,0,0,0,0,7.3528E+20,5.33952E+21,1.21644E+16,4.81654E+16
71485,71486,9,1,77,144,2016,5,13,1,3,5,3,0,0,1,0,0,1,0,0,7.14845E+20,5.3476E+21,1.1894E+16,4.82452E+16
71486,71487,9,5,64,0,2016,5,16,7,3,1,6,0,0,0,1,0,1,0,0,6.53642E+20,5.47433E+21,1.11178E+16,4.94023E+16
71487,71488,9,5,71,198,2016,5,9,2,1,8,1,0,0,0,0,0,0,0,1,5.89933E+20,5.45816E+21,1.02363E+16,4.92696E+16
71488,71489,9,2,79,112,2016,5,13,4,3,8,1,0,0,0,1,0,0,0,0,7.57408E+20,5.39231E+21,1.24938E+16,4.86309E+16
71489,71490,9,3,75,179,2016,5,7,2,3,5,3,0,0,1,1,0,0,0,0,7.29017E+20,5.42731E+21,1.21286E+16,4.89563E+16
71490,71491,9,2,72,149,2016,5,10,6,3,2,6,0,0,0,1,0,1,0,0,8.17775E+20,5.42668E+21,1.33375E+16,4.89114E+16
71491,71492,9,1,87,156,2016,5,14,7,3,8,1,0,0,0,0,0,1,0,0,7.36293E+20,5.29402E+21,1.2153E+16,4.77562E+16
71492,71493,9,1,75,132,2016,5,6,2,3,2,6,0,0,0,0,0,0,1,0,7.05394E+20,5.33587E+21,1.17612E+16,4.81429E+16
71493,71494,9,7,75,162,2016,5,17,5,3,2,6,0,1,0,1,0,0,0,0,5.82705E+20,5.34877E+21,1.01149E+16,4.82867E+16
71494,71495,9,6,76,123,2016,5,11,6,3,0,7,0,1,0,0,0,1,0,0,5.20721E+20,5.52328E+21,9.2883E+15,4.98616E+16
71495,71496,9,5,74,156,2016,5,11,1,2,0,1,0,1,0,0,0,1,0,0,6.58679E+20,5.4817E+21,1.11901E+16,4.94672E+16
71496,71497,9,7,71,122,2016,5,16,6,3,0,7,0,0,0,0,0,1,0,0,6.53549E+20,5.3616E+21,1.10741E+16,4.83888E+16
71497,71498,9,2,73,163,2016,5,20,1,2,8,6,1,0,1,1,0,0,0,0,7.07799E+20,5.39833E+21,1.18244E+16,4.87034E+16
71498,71499,9,7,77,159,2016,5,14,5,3,0,1,0,0,0,0,0,1,0,0,6.17291E+20,5.27106E+21,1.05598E+16,4.75824E+16
71499,71500,9,4,61,0,2016,5,13,6,3,2,6,0,0,0,1,0,0,0,0,6.37417E+20,5.52746E+21,1.09129E+16,4.98837E+16
71500,71501,9,2,74,194,2016,5,1,5,3,1,1,2,0,0,1,0,0,0,1,7.22632E+20,5.37966E+21,1.20157E+16,4.85305E+16
71501,71502,9,1,88,120,2016,5,16,5,3,3,2,0,0,0,1,0,1,0,0,6.74158E+20,5.3267E+21,1.13379E+16,4.80698E+16
71502,71503,9,1,77,115,2016,5,4,5,3,2,7,2,0,0,1,0,0,0,0,7.3121E+20,5.35306E+21,1.21171E+16,4.82885E+16
71503,71504,9,7,80,143,2016,5,14,7,3,2,6,0,0,0,1,0,0,0,0,5.98232E+20,5.28164E+21,1.03088E+16,4.76807E+16
71504,71505,9,4,74,123,2016,5,13,7,3,3,6,0,0,0,1,0,0,0,0,6.46408E+20,5.51705E+21,1.1034E+16,4.97881E+16
71505,71506,9,5,64,0,2016,5,11,4,3,2,6,0,0,0,1,0,0,1,1,6.58171E+20,5.47331E+21,1.11797E+16,4.93919E+16
71506,71507,9,1,73,137,2016,5,17,4,3,1,3,0,0,0,1,0,1,0,0,6.76948E+20,5.30826E+21,1.13677E+16,4.79032E+16
71507,71508,9,2,75,124,2016,5,10,2,3,5,3,0,0,0,1,0,0,0,0,8.15126E+20,5.37665E+21,1.32633E+16,4.84639E+16
71508,71509,9,1,89,129,2016,5,12,6,2,2,6,0,0,0,0,0,1,0,0,7.59524E+20,5.29587E+21,1.24635E+16,4.77639E+16
71509,71510,9,1,84,131,2016,5,9,1,2,8,1,0,0,0,1,0,0,0,0,7.05488E+20,5.33927E+21,1.17641E+16,4.81735E+16
71510,71511,9,5,61,0,2016,5,16,1,3,2,6,0,1,0,1,0,0,0,0,6.15124E+20,5.46243E+21,1.05837E+16,4.93037E+16
71511,71512,9,3,75,148,2016,5,19,4,3,0,3,0,0,0,1,0,0,1,0,7.03941E+20,5.43724E+21,1.17915E+16,4.90542E+16
71512,71513,9,1,89,113,2016,5,19,1,3,2,6,0,0,0,1,0,0,0,0,7.67018E+20,5.30322E+21,1.25678E+16,4.78268E+16
71513,71514,9,1,75,121,2016,5,11,2,2,6,4,0,0,0,1,1,0,0,0,7.14096E+20,5.3188E+21,1.18695E+16,4.79867E+16
71514,71515,9,5,72,121,2016,5,14,6,2,9,7,0,0,0,1,0,0,0,0,6.63243E+20,5.49407E+21,1.12581E+16,4.95771E+16
71515,71516,9,5,64,0,2016,5,16,1,3,0,1,0,0,1,1,0,0,0,0,6.47648E+20,5.48024E+21,1.10374E+16,4.94568E+16
71516,71517,9,3,73,121,2016,5,10,4,2,8,1,0,0,1,0,0,0,0,0,6.86955E+20,5.44002E+21,1.15605E+16,4.90846E+16
71517,71518,9,1,73,147,2016,5,8,1,3,5,3,0,0,1,0,0,0,0,0,6.82032E+20,5.30961E+21,1.14363E+16,4.7914E+16
71518,71519,9,7,61,0,2016,5,10,5,3,2,6,0,0,0,1,0,0,0,0,6.38129E+20,5.35686E+21,1.08644E+16,4.83498E+16
71519,71520,9,5,64,0,2016,5,14,5,3,2,6,0,0,0,0,0,1,0,0,6.52694E+20,5.47181E+21,1.11037E+16,4.93799E+16
71520,71521,9,7,75,152,2016,5,17,4,3,4,2,0,0,1,1,0,0,0,0,5.7746E+20,5.35274E+21,1.00449E+16,4.83231E+16
71521,71522,9,7,77,173,2016,5,14,7,2,0,6,0,0,1,0,0,0,0,0,6.3215E+20,5.27836E+21,1.07595E+16,4.76451E+16
71522,71523,9,1,87,150,2016,5,19,4,3,2,6,0,0,0,1,0,0,0,0,7.26972E+20,5.30321E+21,1.20336E+16,4.78421E+16
71523,71524,9,2,78,179,2016,5,15,7,3,8,1,0,0,0,0,0,1,0,0,7.63447E+20,5.43849E+21,1.26053E+16,4.90429E+16
71524,71525,9,5,64,0,2016,5,15,4,3,2,6,0,0,0,1,0,0,0,0,6.53191E+20,5.47793E+21,1.11129E+16,4.94347E+16
71525,71526,9,1,90,111,2016,5,20,4,2,0,1,0,0,0,0,0,1,0,0,6.40589E+20,5.30013E+21,1.08789E+16,4.78391E+16