FID,OBJECTID,ULAND,UREGBEZ,UKREIS,UGEMEINDE,UJAHR,UMONAT,USTUNDE,UWOCHENTAG,UKATEGORIE,UART,UTYP1,ULICHTVERH,IstStrasse,IstRad,IstPKW,IstFuss,IstKrad,IstGkfz,IstSonstig,LINREFX,LINREFY,XGCSWGS84,YGCSWGS84
71526,71527,9,1,63,0,2016,5,8,6,3,1,6,0,0,0,1,0,0,0,0,7.33636E+20,5.30344E+21,1.21227E+16,4.78418E+16
71527,71528,9,7,75,139,2016,5,21,1,2,8,1,2,1,0,1,0,0,0,0,5.82576E+20,5.36857E+21,1.01171E+16,4.84648E+16
71528,71529,9,4,72,198,2016,5,11,1,2,0,1,0,1,0,0,0,1,0,0,6.98451E+20,5.5394E+21,1.17678E+16,4.99739E+16
71529,71530,9,3,72,174,2016,5,18,4,3,5,3,0,0,0,0,0,1,0,1,7.71869E+20,5.46704E+21,1.27395E+16,4.92955E+16
71530,71531,9,1,82,124,2016,5,14,1,3,5,3,0,0,0,1,0,0,0,0,7.037E+20,5.27782E+21,1.17111E+16,4.76217E+16
71531,71532,9,6,72,161,2016,5,12,5,2,0,7,0,0,0,0,0,1,0,0,5.60725E+20,5.55912E+21,9.85053E+15,5.01812E+16
71532,71533,9,5,76,127,2016,5,7,2,3,2,6,0,1,0,1,0,0,0,0,6.59342E+20,5.45011E+21,1.11866E+16,4.91831E+16
71533,71534,9,4,71,185,2016,5,17,5,3,9,1,0,0,0,0,0,1,0,0,6.50473E+20,5.53824E+21,1.10987E+16,4.99775E+16
71534,71535,9,4,77,128,2016,5,15,2,2,3,2,0,1,0,1,0,1,0,0,6.73526E+20,5.55755E+21,1.14287E+16,5.01448E+16
71535,71536,9,7,61,0,2016,5,19,4,3,1,2,0,0,0,1,0,0,0,0,6.44347E+20,5.3608E+21,1.09496E+16,4.83838E+16
71536,71537,9,3,75,165,2016,5,12,6,3,8,1,0,0,0,0,0,1,0,0,7.26274E+20,5.43676E+21,1.20964E+16,4.90421E+16
71537,71538,9,6,73,117,2016,5,10,7,2,5,3,0,0,1,1,0,0,0,0,5.67288E+20,5.58477E+21,9.947E+15,5.04111E+16
71538,71539,9,5,76,143,2016,5,15,2,3,8,1,0,1,0,1,0,0,0,0,6.51218E+20,5.45327E+21,1.10764E+16,4.92136E+16
71539,71540,9,1,90,130,2016,5,17,7,3,9,1,0,1,0,0,0,1,0,0,6.51847E+20,5.29454E+21,1.10273E+16,4.77863E+16
71540,71541,9,1,82,120,2016,5,18,2,2,5,3,1,1,1,1,0,0,0,0,7.021E+20,5.3066E+21,1.17032E+16,4.78809E+16
71541,71542,9,1,79,121,2016,5,10,6,3,3,2,0,0,1,1,0,0,0,0,6.6714E+20,5.33833E+21,1.12483E+16,4.81762E+16
71542,71543,9,6,79,154,2016,5,19,5,3,9,1,0,0,0,1,0,0,0,0,5.62025E+20,5.51013E+21,9.86084E+15,4.97405E+16
71543,71544,9,4,77,124,2016,5,18,5,2,4,1,0,0,0,1,0,1,0,0,6.68409E+20,5.54436E+21,1.13513E+16,5.00277E+16
71544,71545,9,7,80,124,2016,5,18,4,3,5,3,0,0,0,1,0,0,0,1,5.91098E+20,5.26812E+21,1.0211E+16,4.75601E+16
71545,71546,9,6,77,155,2016,5,15,7,3,2,6,0,0,0,1,0,0,0,1,5.41924E+20,5.53903E+21,9.58502E+15,5.00021E+16
71546,71547,9,2,75,134,2016,5,8,7,3,0,1,0,0,0,0,0,1,0,0,8.26104E+20,5.37697E+21,1.34116E+16,4.84613E+16
71547,71548,9,1,89,130,2016,5,18,2,3,5,3,0,0,0,1,0,0,0,0,7.69486E+20,5.31101E+21,1.26056E+16,4.78958E+16
71548,71549,9,1,86,151,2016,5,15,6,3,4,6,0,0,0,1,0,1,0,0,6.81197E+20,5.37397E+21,1.14526E+16,4.84927E+16
71549,71550,9,5,71,190,2016,5,13,4,3,8,1,0,0,0,1,0,0,0,0,6.26979E+20,5.46319E+21,1.07469E+16,4.93082E+16
71550,71551,9,7,72,159,2016,5,12,1,2,0,7,0,0,1,0,0,0,0,0,6.26884E+20,5.36227E+21,1.07143E+16,4.84008E+16
71551,71552,9,1,76,111,2016,5,11,7,2,0,7,0,0,1,0,0,0,0,0,6.6327E+20,5.41321E+21,1.12256E+16,4.88503E+16
71552,71553,9,2,63,0,2016,5,19,1,3,0,1,0,0,1,0,0,0,0,0,7.61028E+20,5.4203E+21,1.25606E+16,4.88806E+16
71553,71554,9,5,64,0,2016,5,18,6,1,5,3,0,0,0,1,0,1,0,0,6.48482E+20,5.48078E+21,1.10491E+16,4.94615E+16
71554,71555,9,3,72,167,2016,5,15,1,3,8,1,0,0,0,0,0,1,0,0,7.51188E+20,5.44913E+21,1.24444E+16,4.91435E+16
71555,71556,9,3,76,149,2016,5,17,5,3,0,7,0,0,0,1,0,1,0,0,7.36273E+20,5.45026E+21,1.22409E+16,4.91597E+16
71556,71557,9,1,72,122,2016,5,1,5,3,9,1,2,0,0,1,0,0,0,0,7.94298E+20,5.31511E+21,1.29396E+16,4.79217E+16
71557,71558,9,1,79,113,2016,5,20,1,2,5,2,1,1,0,0,0,1,0,0,6.71871E+20,5.33575E+21,1.13109E+16,4.81518E+16
71558,71559,9,1,62,0,2016,5,23,1,3,3,6,2,1,0,1,0,0,0,0,6.87067E+20,5.34403E+21,1.15187E+16,4.82219E+16
71559,71560,9,5,64,0,2016,5,13,2,3,2,6,0,1,0,1,0,0,1,0,6.51745E+20,5.47739E+21,1.10928E+16,4.94302E+16
71560,71561,9,3,74,168,2016,5,17,2,2,2,6,0,1,0,1,0,1,0,0,7.26704E+20,5.5198E+21,1.21497E+16,4.97878E+16
71561,71562,9,2,78,170,2016,5,15,6,3,3,3,0,0,1,1,0,0,0,0,7.63454E+20,5.42447E+21,1.25963E+16,4.89171E+16
71562,71563,9,3,73,140,2016,5,14,7,3,9,1,0,1,0,1,0,0,1,0,6.83351E+20,5.47622E+21,1.15277E+16,4.9411E+16
71563,71564,9,1,89,145,2016,5,16,7,3,3,2,0,0,1,1,0,0,0,0,7.75834E+20,5.30195E+21,1.26846E+16,4.78117E+16
71564,71565,9,1,76,149,2016,5,19,2,3,3,3,0,0,0,1,0,0,0,0,6.66221E+20,5.40759E+21,1.12636E+16,4.87991E+16
71565,71566,9,1,77,123,2016,5,12,6,2,0,1,0,0,1,0,0,0,0,0,7.24841E+20,5.34015E+21,1.20245E+16,4.81748E+16
71566,71567,9,6,73,117,2016,5,12,6,3,0,1,0,1,0,0,0,1,0,0,5.72045E+20,5.5837E+21,1.00137E+16,5.0401E+16
71567,71568,9,6,71,111,2016,5,17,1,3,4,1,0,0,0,0,0,1,0,1,5.06365E+20,5.54412E+21,9.0889E+15,5.00494E+16
71568,71569,9,7,74,185,2016,5,13,6,2,2,7,0,0,0,1,0,0,0,0,6.08886E+20,5.34915E+21,1.04678E+16,4.82862E+16
71569,71570,9,2,74,184,2016,5,12,1,3,0,7,0,0,0,0,0,1,0,0,7.48292E+20,5.37148E+21,1.23579E+16,4.84474E+16
71570,71571,9,4,76,164,2016,5,17,6,3,5,2,0,0,1,1,0,0,0,0,6.64209E+20,5.5797E+21,1.1308E+16,5.03464E+16
71571,71572,9,6,63,0,2016,5,15,6,3,2,6,0,0,0,1,0,0,0,0,5.6899E+20,5.51936E+21,9.95913E+15,4.98227E+16
71572,71573,9,6,63,0,2016,5,0,1,3,4,1,2,1,0,1,0,0,0,0,5.68398E+20,5.51681E+21,9.95045E+15,4.97998E+16
71573,71574,9,1,62,0,2016,5,18,6,3,5,3,0,0,0,1,0,0,0,0,6.94823E+20,5.33244E+21,1.16177E+16,4.81154E+16
71574,71575,9,2,78,171,2016,5,11,1,3,5,3,0,0,0,1,0,0,0,0,7.78595E+20,5.43005E+21,1.28063E+16,4.89605E+16
71575,71576,9,5,71,225,2016,5,14,6,3,9,6,0,0,0,1,0,0,0,0,5.9047E+20,5.47425E+21,1.02473E+16,4.94142E+16
71576,71577,9,2,78,151,2016,5,17,5,3,8,7,0,0,1,0,0,0,0,0,7.6648E+20,5.42893E+21,1.26404E+16,4.89557E+16
71577,71578,9,1,87,179,2016,5,15,5,3,9,1,0,1,0,1,0,0,0,0,7.23336E+20,5.30952E+21,1.19883E+16,4.79001E+16
71578,71579,9,1,84,134,2016,5,15,7,2,0,7,0,0,1,0,0,0,0,0,6.92392E+20,5.31991E+21,1.15794E+16,4.80035E+16
71579,71580,9,5,71,114,2016,5,19,7,3,8,1,0,1,0,1,0,0,0,0,6.00704E+20,5.45551E+21,1.03836E+16,4.92441E+16
71580,71581,9,5,71,166,2016,5,19,2,3,0,7,0,1,0,0,0,1,0,1,6.12484E+20,5.45393E+21,1.0545E+16,4.92278E+16
71581,71582,9,1,73,118,2016,5,13,4,3,5,3,0,0,0,1,0,0,0,0,6.89366E+20,5.30108E+21,1.15306E+16,4.78352E+16
71582,71583,9,3,76,144,2016,5,19,2,2,9,1,0,0,0,0,0,0,1,0,7.31465E+20,5.48275E+21,1.21939E+16,4.94532E+16
71583,71584,9,2,74,134,2016,5,17,6,3,6,4,0,0,0,1,1,0,0,0,7.40809E+20,5.37385E+21,1.22582E+16,4.84716E+16
71584,71585,9,1,80,117,2016,5,13,6,2,2,6,0,0,0,1,0,0,0,0,6.58578E+20,5.26385E+21,1.1106E+16,4.75088E+16
71585,71586,9,1,75,135,2016,5,20,2,3,0,1,0,0,0,0,0,1,0,0,7.0772E+20,5.33835E+21,1.17936E+16,4.81644E+16
71586,71587,9,7,63,0,2016,5,10,5,3,0,7,0,0,1,0,0,0,0,0,5.97016E+20,5.29039E+21,1.02946E+16,4.77596E+16
71587,71588,9,6,71,139,2016,5,14,6,3,2,6,0,0,0,1,0,1,0,0,5.18944E+20,5.53949E+21,9.26437E+15,5.00074E+16
71588,71589,9,5,74,156,2016,5,11,1,3,2,6,0,0,0,1,0,0,0,0,6.58762E+20,5.48165E+21,1.11912E+16,4.94667E+16
71589,71590,9,3,72,116,2016,5,12,4,3,3,3,0,0,0,1,0,0,1,0,7.66806E+20,5.45618E+21,1.26628E+16,4.92003E+16
71590,71591,9,2,73,133,2016,5,17,1,1,9,1,0,0,0,1,0,0,0,0,7.0753E+20,5.42797E+21,1.18358E+16,4.89698E+16
71591,71592,9,7,77,173,2016,5,16,5,3,2,6,0,0,0,1,0,1,0,0,6.35666E+20,5.27506E+21,1.08053E+16,4.76147E+16
71592,71593,9,5,63,0,2016,5,10,5,3,5,3,0,0,1,1,0,0,0,0,6.42103E+20,5.48307E+21,1.09619E+16,4.94837E+16
71593,71594,9,1,73,120,2016,5,15,5,2,8,1,0,0,0,0,0,1,0,0,6.92383E+20,5.31227E+21,1.15759E+16,4.79348E+16
71594,71595,9,1,74,150,2016,5,14,5,3,4,2,0,0,0,0,0,1,0,1,6.80687E+20,5.35963E+21,1.14395E+16,4.8364E+16
71595,71596,9,1,62,0,2016,5,19,4,2,0,1,0,0,0,0,0,1,0,0,6.87776E+20,5.33503E+21,1.15242E+16,4.81408E+16
71596,71597,9,7,62,0,2016,5,11,7,3,2,6,0,0,0,1,0,0,0,0,6.22549E+20,5.30662E+21,1.06397E+16,4.79012E+16
71597,71598,9,1,85,168,2016,5,19,4,3,1,6,0,0,0,1,0,0,0,0,6.73268E+20,5.39838E+21,1.13556E+16,4.87144E+16
71598,71599,9,3,74,111,2016,5,11,7,3,5,7,0,0,1,0,0,1,0,0,7.27652E+20,5.51208E+21,1.21584E+16,4.97181E+16
71599,71600,9,5,62,0,2016,5,12,4,3,0,2,0,0,0,1,0,0,0,0,6.43512E+20,5.49282E+21,1.09849E+16,4.95709E+16
71600,71601,9,2,74,183,2016,5,14,2,2,4,6,0,0,0,1,0,0,1,0,7.43588E+20,5.36466E+21,1.22904E+16,4.83881E+16
71601,71602,9,2,75,130,2016,6,7,4,3,2,6,0,1,0,1,0,0,0,0,8.14772E+20,5.36386E+21,1.32489E+16,4.83493E+16
71602,71603,9,1,81,130,2016,6,15,4,3,5,3,0,1,0,1,0,0,0,1,6.38336E+20,5.32356E+21,1.08563E+16,4.80503E+16
71603,71604,9,3,71,151,2016,6,11,6,2,5,3,0,1,1,1,0,0,0,0,7.00828E+20,5.48568E+21,1.17732E+16,4.94905E+16
71604,71605,9,2,73,133,2016,6,0,1,3,9,1,2,0,0,1,0,0,0,0,7.10078E+20,5.42488E+21,1.1869E+16,4.89412E+16
71605,71606,9,1,61,0,2016,6,16,6,3,1,6,0,1,0,1,0,0,0,0,6.76466E+20,5.40754E+21,1.14029E+16,4.87957E+16
71606,71607,9,5,74,123,2016,5,21,3,3,9,1,2,0,0,1,0,0,0,0,6.62813E+20,5.47284E+21,1.12435E+16,4.93865E+16
71607,71608,9,5,75,153,2016,6,5,5,2,8,1,0,0,0,1,0,0,0,0,6.20299E+20,5.4921E+21,1.06638E+16,4.95695E+16
71608,71609,9,2,61,0,2016,5,16,3,3,5,3,0,0,0,1,0,0,0,0,7.32676E+20,5.37876E+21,1.21511E+16,4.85188E+16
71609,71610,9,1,72,116,2016,6,23,5,3,9,1,2,0,1,0,0,0,0,0,8.00745E+20,5.28281E+21,1.30033E+16,4.76287E+16
71610,71611,9,5,77,161,2016,6,17,7,2,4,2,0,0,0,1,0,1,0,0,6.44342E+20,5.44196E+21,1.0978E+16,4.91136E+16
71611,71612,9,1,86,147,2016,6,9,7,3,0,1,0,1,0,0,0,1,0,0,6.85133E+20,5.39052E+21,1.15132E+16,4.86403E+16
71612,71613,9,4,61,0,2016,5,7,3,3,1,6,0,0,0,1,0,0,0,0,6.38275E+20,5.52709E+21,1.09247E+16,4.98802E+16
71613,71614,9,5,76,151,2016,6,14,6,3,2,6,0,0,0,1,0,0,0,0,6.5565E+20,5.47224E+21,1.11446E+16,4.93829E+16
71614,71615,9,4,73,134,2016,6,16,4,3,2,6,0,0,0,1,0,0,0,0,6.43264E+20,5.5654E+21,1.10084E+16,5.02234E+16
71615,71616,9,7,61,0,2016,5,16,3,3,0,7,0,0,1,0,0,0,0,0,6.39563E+20,5.36089E+21,1.08851E+16,4.83857E+16
71616,71617,9,2,77,116,2016,6,20,6,3,0,7,0,0,0,1,0,0,0,0,7.78276E+20,5.36526E+21,1.27584E+16,4.83791E+16
71617,71618,9,6,77,166,2016,5,9,2,3,2,6,0,0,0,1,0,0,0,1,5.41551E+20,5.53217E+21,9.57907E+15,4.99405E+16
71618,71619,9,1,62,0,2016,6,14,1,3,2,6,0,0,0,1,0,0,0,0,6.8397E+20,5.34258E+21,1.14764E+16,4.82097E+16
71619,71620,9,1,62,0,2016,6,18,5,3,0,1,0,1,0,0,0,1,0,0,6.93294E+20,5.33913E+21,1.16002E+16,4.8176E+16
71620,71621,9,7,80,143,2016,6,10,7,2,5,3,0,0,0,1,0,0,0,0,5.97962E+20,5.28173E+21,1.03052E+16,4.76815E+16
71621,71622,9,4,73,151,2016,5,13,3,3,0,1,0,0,1,0,0,0,0,0,6.50707E+20,5.57672E+21,1.11172E+16,5.03233E+16
71622,71623,9,1,61,0,2016,6,16,5,3,2,6,0,1,0,1,0,0,0,0,6.7884E+20,5.40611E+21,1.14346E+16,4.87823E+16
71623,71624,9,3,62,0,2016,6,15,7,3,5,2,0,0,1,1,0,0,0,0,7.26537E+20,5.4352E+21,1.20992E+16,4.90281E+16
71624,71625,9,7,80,113,2016,6,7,6,2,7,1,0,1,0,0,0,1,0,0,5.86325E+20,5.25447E+21,1.01449E+16,4.7438E+16
71625,71626,9,7,72,223,2016,6,12,5,3,9,1,0,1,0,1,0,0,0,0,6.16626E+20,5.36277E+21,1.05759E+16,4.84073E+16
71626,71627,9,7,75,135,2016,6,13,6,3,5,3,0,0,1,1,0,0,0,0,5.75484E+20,5.35967E+21,1.00195E+16,4.83857E+16
71627,71628,9,1,87,129,2016,6,13,5,3,0,1,0,1,0,0,0,1,0,0,7.22797E+20,5.2981E+21,1.19752E+16,4.77977E+16
71628,71629,9,3,74,121,2016,6,13,7,3,9,7,0,0,0,1,0,0,0,0,7.32931E+20,5.51324E+21,1.22322E+16,4.97266E+16
71629,71630,9,1,78,129,2016,6,16,7,3,4,6,0,0,0,1,0,1,0,0,7.12624E+20,5.37221E+21,1.18766E+16,4.84671E+16
71630,71631,9,4,61,0,2016,5,18,3,3,2,6,0,0,0,1,0,0,0,0,6.38396E+20,5.53158E+21,1.0928E+16,4.99205E+16
71631,71632,9,5,62,0,2016,6,12,6,2,5,3,0,0,1,1,0,0,0,0,6.42242E+20,5.49439E+21,1.0968E+16,4.95854E+16
71632,71633,9,3,75,117,2016,6,7,4,2,8,1,0,0,0,0,0,0,1,1,7.35504E+20,5.43174E+21,1.22196E+16,4.89936E+16
71633,71634,9,6,79,143,2016,5,14,3,3,2,6,0,0,0,1,0,0,1,0,5.73411E+20,5.53329E+21,1.00232E+16,4.99474E+16
71634,71635,9,4,77,142,2016,6,15,5,3,9,1,0,1,0,1,0,0,0,0,6.80778E+20,5.5456E+21,1.15245E+16,5.00352E+16
71635,71636,9,2,61,0,2016,6,22,6,3,0,1,2,0,1,0,0,0,0,0,7.33213E+20,5.38104E+21,1.21596E+16,4.85391E+16
71636,71637,9,1,84,145,2016,6,23,7,3,5,3,2,1,0,1,0,0,0,0,6.98973E+20,5.32472E+21,1.16698E+16,4.80447E+16
71637,71638,9,1,84,135,2016,6,12,5,3,5,3,0,1,1,1,0,0,0,0,6.89384E+20,5.34709E+21,1.15512E+16,4.82487E+16
71638,71639,9,7,62,0,2016,6,14,7,3,0,1,0,0,1,0,0,0,0,0,6.20744E+20,5.30407E+21,1.06149E+16,4.78786E+16
71639,71640,9,1,74,141,2016,6,14,5,3,5,3,0,1,1,1,0,0,0,0,6.81038E+20,5.356E+21,1.14427E+16,4.83312E+16
71640,71641,9,7,79,115,2016,6,12,4,2,1,1,0,0,0,0,0,1,1,0,6.33765E+20,5.39432E+21,1.08175E+16,4.86876E+16
71641,71642,9,2,77,113,2016,6,15,7,3,2,6,0,0,0,1,0,0,0,0,8.02802E+20,5.37244E+21,1.3094E+16,4.84322E+16
71642,71643,9,7,79,194,2016,6,17,6,3,4,6,0,0,0,1,0,0,0,0,6.11457E+20,5.41168E+21,1.05192E+16,4.88481E+16
71643,71644,9,6,77,155,2016,6,8,5,3,0,2,0,1,0,0,0,1,0,0,5.41924E+20,5.53903E+21,9.58502E+15,5.00021E+16
71644,71645,9,2,71,143,2016,6,12,4,3,8,1,0,1,0,1,0,0,0,0,7.78193E+20,5.40921E+21,1.27867E+16,4.87736E+16
71645,71646,9,1,82,114,2016,6,9,4,2,8,1,0,1,0,1,0,0,1,0,7.24565E+20,5.29503E+21,1.19972E+16,4.77694E+16
71646,71647,9,4,72,175,2016,6,21,6,3,2,1,2,1,0,1,0,0,1,0,6.8091E+20,5.51392E+21,1.15115E+16,4.97505E+16
71647,71648,9,3,71,136,2016,6,2,1,3,0,7,2,0,1,0,0,0,0,0,7.09281E+20,5.4776E+21,1.18855E+16,4.9415E+16
71648,71649,9,1,87,182,2016,6,20,6,3,5,2,1,1,0,1,0,0,0,0,7.37023E+20,5.32557E+21,1.218E+16,4.80394E+16
71649,71650,9,2,73,137,2016,5,11,3,3,5,3,0,0,1,1,0,0,0,0,7.10961E+20,5.42139E+21,1.18792E+16,4.89094E+16
71650,71651,9,5,64,0,2016,6,13,5,3,9,1,0,1,0,1,0,0,0,0,6.53615E+20,5.4733E+21,1.1117E+16,4.9393E+16
71651,71652,9,1,83,118,2016,5,21,3,3,0,1,2,1,1,0,0,0,0,0,7.43632E+20,5.33835E+21,1.22759E+16,4.81517E+16
71652,71653,9,5,73,114,2016,6,16,6,2,4,1,0,0,0,1,0,0,1,0,6.33152E+20,5.47886E+21,1.0837E+16,4.94478E+16
71653,71654,9,3,76,117,2016,6,17,4,3,1,6,0,1,0,1,0,0,0,0,7.39748E+20,5.46207E+21,1.22956E+16,4.92643E+16
71654,71655,9,5,76,127,2016,6,12,1,2,5,3,0,0,0,1,0,1,0,0,6.65065E+20,5.45232E+21,1.1266E+16,4.92014E+16
71655,71656,9,1,89,154,2016,5,18,3,3,4,2,0,1,0,1,0,0,0,0,7.67989E+20,5.31877E+21,1.25905E+16,4.79661E+16
71656,71657,9,1,72,118,2016,5,13,3,3,2,6,0,1,1,1,0,0,0,0,7.97847E+20,5.30637E+21,1.2981E+16,4.78416E+16
71657,71658,9,4,74,126,2016,5,15,3,3,2,6,0,0,0,1,0,0,0,1,6.49043E+20,5.5081E+21,1.10672E+16,4.9707E+16
71658,71659,9,6,71,112,2016,5,13,3,3,8,1,0,0,0,0,0,1,0,0,5.19828E+20,5.53241E+21,9.27635E+15,4.99438E+16
71659,71660,9,3,63,0,2016,6,15,5,3,2,6,0,1,0,1,0,0,1,0,7.27261E+20,5.50575E+21,1.21493E+16,4.96615E+16
71660,71661,9,1,90,142,2016,6,7,6,3,9,1,0,1,0,1,0,0,0,0,6.61436E+20,5.29678E+21,1.1156E+16,4.78041E+16
71661,71662,9,7,64,0,2016,6,19,5,3,9,1,0,1,0,1,0,0,0,0,5.87923E+20,5.3133E+21,1.01779E+16,4.7967E+16
71662,71663,9,7,71,145,2016,6,12,7,3,5,3,0,0,0,1,0,0,0,0,6.45926E+20,5.34574E+21,1.09657E+16,4.8248E+16
71663,71664,9,1,62,0,2016,6,16,4,3,5,2,0,0,0,1,0,1,0,0,6.95008E+20,5.33348E+21,1.16206E+16,4.81247E+16
71664,71665,9,7,72,214,2016,6,21,4,2,0,7,1,1,1,0,0,0,0,0,6.1772E+20,5.34259E+21,1.05851E+16,4.82256E+16
71665,71666,9,2,79,134,2016,6,22,7,3,9,1,2,1,0,1,0,0,0,0,7.63321E+20,5.38944E+21,1.25721E+16,4.86026E+16
71666,71667,9,6,63,0,2016,6,16,6,2,2,6,0,1,0,1,0,0,0,0,5.68187E+20,5.51671E+21,9.9475E+15,4.9799E+16
71667,71668,9,6,76,145,2016,6,23,5,3,2,6,2,0,0,1,0,0,0,0,5.10435E+20,5.52059E+21,9.14512E+15,4.98377E+16
71668,71669,9,2,77,138,2016,6,15,4,3,1,6,0,1,0,1,0,0,0,0,7.91678E+20,5.3713E+21,1.29432E+16,4.84273E+16
71669,71670,9,1,61,0,2016,6,18,4,3,1,7,0,0,1,1,0,0,0,0,6.78869E+20,5.40558E+21,1.14348E+16,4.87775E+16
71670,71671,9,3,63,0,2016,6,16,6,3,2,3,0,0,0,1,0,0,0,0,7.22959E+20,5.50589E+21,1.20898E+16,4.96643E+16
71671,71672,9,2,75,144,2016,6,15,1,3,4,1,0,1,0,1,0,0,0,0,8.25998E+20,5.39867E+21,1.34272E+16,4.86559E+16
71672,71673,9,1,87,150,2016,6,15,6,3,2,6,0,0,0,1,0,0,0,0,7.28941E+20,5.30347E+21,1.206E+16,4.78438E+16
71673,71674,9,1,71,119,2016,5,16,3,1,5,3,0,1,0,1,0,0,0,0,7.74189E+20,5.33516E+21,1.26838E+16,4.81106E+16
71674,71675,9,5,74,123,2016,5,11,3,3,0,1,0,0,1,0,0,0,0,0,6.60167E+20,5.47063E+21,1.12061E+16,4.93673E+16
71675,71676,9,5,73,114,2016,6,21,5,3,5,3,2,1,0,1,0,0,0,0,6.34667E+20,5.48043E+21,1.08584E+16,4.94616E+16
71676,71677,9,1,72,116,2016,5,15,3,3,2,6,0,1,0,1,0,1,0,0,8.0052E+20,5.2825E+21,1.30001E+16,4.76261E+16
71677,71678,9,2,73,116,2016,6,7,5,3,2,6,0,1,0,1,0,0,0,0,7.24698E+20,5.41908E+21,1.20651E+16,4.88839E+16
71678,71679,9,1,83,116,2016,6,14,5,3,8,1,0,1,0,1,0,0,0,0,7.6281E+20,5.35303E+21,1.25423E+16,4.82759E+16
71679,71680,9,5,74,157,2016,6,14,7,3,2,6,0,0,0,1,0,0,0,0,6.63367E+20,5.47002E+21,1.12499E+16,4.9361E+16
71680,71681,9,5,76,147,2016,6,16,4,2,8,1,0,1,0,1,0,0,0,0,6.39934E+20,5.44785E+21,1.09197E+16,4.91675E+16
71681,71682,9,1,87,177,2016,6,23,7,3,1,6,2,1,0,1,0,0,0,0,7.36337E+20,5.30569E+21,1.21599E+16,4.7861E+16
71682,71683,9,3,71,148,2016,6,17,5,2,5,3,0,0,0,1,0,0,0,0,7.13507E+20,5.46175E+21,1.19352E+16,4.92712E+16
71683,71684,9,7,63,0,2016,6,8,5,3,2,6,0,1,0,1,0,0,0,0,5.98423E+20,5.28452E+21,1.0312E+16,4.77065E+16
71684,71685,9,6,72,113,2016,6,18,7,3,0,1,0,0,1,0,0,0,0,0,5.53506E+20,5.57287E+21,9.75136E+15,5.03055E+16
71685,71686,9,7,63,0,2016,6,15,4,3,3,2,0,0,1,1,0,0,0,0,5.98482E+20,5.28649E+21,1.03132E+16,4.77242E+16
71686,71687,9,6,78,160,2016,6,7,4,3,8,1,0,1,0,1,0,0,0,0,5.82089E+20,5.5477E+21,1.01472E+16,5.00759E+16
71687,71688,9,1,89,162,2016,6,23,7,2,9,1,2,1,0,1,0,0,0,0,7.7299E+20,5.31793E+21,1.26568E+16,4.79564E+16
71688,71689,9,6,78,174,2016,6,11,6,3,4,3,0,1,0,1,0,0,0,1,5.92185E+20,5.5457E+21,1.02878E+16,5.00565E+16
71689,71690,9,5,65,0,2016,6,6,5,3,2,6,0,0,0,1,0,0,1,0,6.48738E+20,5.46499E+21,1.10467E+16,4.93195E+16
71690,71691,9,2,74,191,2016,6,12,4,3,2,6,0,0,0,1,0,0,0,0,7.44756E+20,5.39111E+21,1.23217E+16,4.86251E+16
71691,71692,9,1,84,135,2016,5,16,3,3,2,6,0,1,0,1,0,0,0,0,6.92554E+20,5.34904E+21,1.15947E+16,4.82653E+16
71692,71693,9,3,61,0,2016,6,9,6,3,0,3,0,0,1,1,0,0,0,0,7.07581E+20,5.4808E+21,1.18638E+16,4.94444E+16
71693,71694,9,2,61,0,2016,6,14,1,3,5,3,0,0,0,1,0,0,0,0,7.32795E+20,5.38306E+21,1.21551E+16,4.85574E+16
71694,71695,9,1,86,162,2016,6,16,6,3,5,3,0,0,0,1,0,1,0,0,6.94376E+20,5.38824E+21,1.16374E+16,4.8617E+16
71695,71696,9,5,64,0,2016,5,17,3,2,5,3,0,0,1,0,0,0,0,0,6.53899E+20,5.48397E+21,1.1125E+16,4.94888E+16
71696,71697,9,4,64,0,2016,6,10,5,2,5,7,0,0,1,1,0,0,0,0,7.10309E+20,5.58067E+21,1.19557E+16,5.03406E+16
71697,71698,9,1,71,137,2016,5,19,3,2,5,3,1,1,0,1,0,1,0,0,7.71937E+20,5.35073E+21,1.26636E+16,4.82514E+16
71698,71699,9,1,87,165,2016,6,15,5,3,2,6,0,0,0,1,0,0,0,0,7.33094E+20,5.29967E+21,1.21134E+16,4.78081E+16
71699,71700,9,4,77,121,2016,6,12,7,3,5,2,0,0,0,1,0,0,0,0,6.88667E+20,5.54761E+21,1.16355E+16,5.00508E+16
71700,71701,9,1,81,121,2016,6,1,7,2,8,1,2,1,0,1,0,0,0,0,6.37195E+20,5.3097E+21,1.08366E+16,4.79259E+16
71701,71702,9,3,74,119,2016,5,12,3,3,5,3,0,0,0,1,0,0,0,0,7.2398E+20,5.5023E+21,1.21019E+16,4.96317E+16
71702,71703,9,5,76,151,2016,6,8,6,3,2,6,0,0,0,1,0,0,0,0,6.56168E+20,5.47121E+21,1.11513E+16,4.93736E+16
71703,71704,9,4,77,128,2016,6,7,4,2,4,6,0,1,0,1,0,0,0,1,6.73963E+20,5.55936E+21,1.14356E+16,5.01609E+16
71704,71705,9,6,77,137,2016,5,15,3,3,5,3,0,0,0,1,0,0,0,0,5.35427E+20,5.51832E+21,9.49245E+15,4.98163E+16
71705,71706,9,2,74,132,2016,6,11,6,3,2,6,0,0,0,1,0,0,0,0,7.26119E+20,5.38551E+21,1.20661E+16,4.85819E+16