FID,OBJECTID,ULAND,UREGBEZ,UKREIS,UGEMEINDE,UJAHR,UMONAT,USTUNDE,UWOCHENTAG,UKATEGORIE,UART,UTYP1,ULICHTVERH,IstStrasse,IstRad,IstPKW,IstFuss,IstKrad,IstGkfz,IstSonstig,LINREFX,LINREFY,XGCSWGS84,YGCSWGS84
71706,71707,9,6,75,178,2016,5,16,2,3,2,6,0,0,0,1,0,0,0,0,5.96531E+20,5.51643E+21,1.03412E+16,4.97926E+16
71707,71708,9,3,75,175,2016,5,11,3,3,3,7,0,0,0,1,0,0,1,0,7.15016E+20,5.43529E+21,1.19418E+16,4.9033E+16
71708,71709,9,6,76,126,2016,6,15,6,2,5,3,0,1,0,1,0,0,0,0,5.10725E+20,5.52519E+21,9.14928E+15,4.98791E+16
71709,71710,9,4,73,159,2016,6,20,4,3,8,1,2,1,0,1,0,0,0,0,6.43761E+20,5.57052E+21,1.10173E+16,5.02693E+16
71710,71711,9,7,74,162,2016,5,7,3,3,5,3,0,0,0,1,0,0,0,0,6.05744E+20,5.35011E+21,1.04257E+16,4.82953E+16
71711,71712,9,2,77,114,2016,6,16,6,3,8,7,0,0,0,1,0,0,0,0,7.86757E+20,5.38069E+21,1.28832E+16,4.85137E+16
71712,71713,9,6,75,162,2016,5,17,2,3,2,2,0,0,0,1,0,0,0,0,5.96575E+20,5.51398E+21,1.03412E+16,4.97705E+16
71713,71714,9,1,63,0,2016,6,18,1,3,0,2,0,0,1,1,0,0,0,0,7.33247E+20,5.30528E+21,1.21185E+16,4.78585E+16
71714,71715,9,1,75,127,2016,6,19,6,2,8,1,0,0,0,0,0,1,0,0,7.11968E+20,5.34269E+21,1.18529E+16,4.82021E+16
71715,71716,9,5,75,121,2016,5,16,3,2,8,1,0,0,0,1,0,0,0,0,6.21993E+20,5.48656E+21,1.06855E+16,4.95194E+16
71716,71717,9,4,78,111,2016,6,21,5,3,8,1,1,0,0,1,0,0,0,0,6.60999E+20,5.55378E+21,1.12519E+16,5.01144E+16
71717,71718,9,1,76,126,2016,6,17,5,3,0,7,0,0,0,1,0,0,0,0,6.73357E+20,5.40591E+21,1.13599E+16,4.8782E+16
71718,71719,9,3,73,113,2016,6,19,7,3,8,1,2,1,0,1,0,0,0,0,6.78753E+20,5.46645E+21,1.146E+16,4.93246E+16
71719,71720,9,1,62,0,2016,6,8,6,3,2,6,2,0,0,1,0,0,0,0,6.8855E+20,5.33461E+21,1.15344E+16,4.81368E+16
71720,71721,9,3,62,0,2016,5,1,3,3,2,6,2,0,0,1,0,0,1,0,7.29426E+20,5.43176E+21,1.21367E+16,4.89961E+16
71721,71722,9,5,74,156,2016,6,16,6,3,2,6,0,0,0,1,0,0,0,0,6.58475E+20,5.48197E+21,1.11874E+16,4.94697E+16
71722,71723,9,3,75,196,2016,6,12,4,3,4,2,0,0,0,1,0,0,0,0,7.30242E+20,5.41415E+21,1.21379E+16,4.88376E+16
71723,71724,9,3,63,0,2016,6,21,1,3,5,3,2,0,0,1,0,0,0,0,7.2668E+20,5.50455E+21,1.21405E+16,4.96508E+16
71724,71725,9,1,63,0,2016,5,13,3,3,5,6,0,1,0,1,0,0,0,0,7.34095E+20,5.30441E+21,1.21293E+16,4.78503E+16
71725,71726,9,4,71,159,2016,5,18,3,2,2,1,0,0,0,1,0,0,0,0,6.40813E+20,5.53184E+21,1.09617E+16,4.99223E+16
71726,71727,9,6,78,150,2016,5,6,3,3,9,1,0,0,0,1,0,0,0,0,5.9005E+20,5.52911E+21,1.02541E+16,4.99075E+16
71727,71728,9,4,71,189,2016,6,16,5,3,9,1,0,1,0,1,0,0,0,0,6.55601E+20,5.54036E+21,1.1171E+16,4.99953E+16
71728,71729,9,2,79,115,2016,6,11,6,2,6,4,0,0,0,1,1,0,0,0,7.60212E+20,5.383E+21,1.25259E+16,4.85461E+16
71729,71730,9,7,75,111,2016,6,16,7,3,0,1,0,1,0,0,0,1,0,0,5.8364E+20,5.33386E+21,1.01246E+16,4.81525E+16
71730,71731,9,1,62,0,2016,6,11,5,3,5,3,0,0,1,1,0,0,0,0,6.83952E+20,5.33204E+21,1.14716E+16,4.81151E+16
71731,71732,9,7,72,223,2016,6,15,7,3,2,6,0,0,0,1,0,0,0,0,6.21989E+20,5.36335E+21,1.06485E+16,4.84115E+16
71732,71733,9,1,77,135,2016,6,15,5,3,5,6,0,0,0,1,0,0,0,0,7.19823E+20,5.34355E+21,1.19589E+16,4.82071E+16
71733,71734,9,7,61,0,2016,6,16,4,3,2,6,0,0,0,1,0,0,0,0,6.39924E+20,5.35406E+21,1.08877E+16,4.83242E+16
71734,71735,9,2,61,0,2016,6,20,7,3,0,6,0,1,0,1,0,0,0,0,7.26771E+20,5.38038E+21,1.20721E+16,4.85355E+16
71735,71736,9,7,79,155,2016,6,14,6,3,8,7,0,0,0,1,0,0,0,0,6.20087E+20,5.40645E+21,1.06353E+16,4.87995E+16
71736,71737,9,1,86,152,2016,6,1,1,3,2,6,2,1,0,1,0,0,1,0,6.91633E+20,5.37493E+21,1.15941E+16,4.84982E+16
71737,71738,9,1,62,0,2016,6,10,5,3,1,6,0,0,0,1,0,0,0,0,6.84136E+20,5.32925E+21,1.14728E+16,4.80899E+16
71738,71739,9,7,76,131,2016,6,16,7,3,4,2,0,0,0,1,0,0,0,0,5.62247E+20,5.27715E+21,9.82879E+15,4.76448E+16
71739,71740,9,1,74,113,2016,6,17,5,3,2,7,0,1,0,1,0,0,0,0,6.7849E+20,5.34508E+21,1.14037E+16,4.82338E+16
71740,71741,9,4,77,127,2016,5,18,3,3,9,1,0,0,0,0,0,1,0,0,6.8135E+20,5.55363E+21,1.15362E+16,5.01072E+16
71741,71742,9,2,76,122,2016,6,12,7,3,3,6,0,0,0,1,0,0,0,0,7.8963E+20,5.4413E+21,1.29647E+16,4.90564E+16
71742,71743,9,1,81,127,2016,6,17,5,3,0,6,0,0,0,1,0,0,0,1,6.34048E+20,5.32258E+21,1.07985E+16,4.80424E+16
71743,71744,9,3,72,174,2016,6,18,7,3,4,6,0,0,0,1,0,0,0,1,7.73123E+20,5.46366E+21,1.27544E+16,4.92646E+16
71744,71745,9,7,77,128,2016,6,14,6,2,9,1,0,0,0,1,0,0,0,0,6.15821E+20,5.30372E+21,1.0549E+16,4.78764E+16
71745,71746,9,6,63,0,2016,6,23,5,3,8,1,2,1,0,1,0,0,0,0,5.6581E+20,5.51731E+21,9.91458E+15,4.98046E+16
71746,71747,9,7,80,143,2016,6,12,6,2,8,1,0,1,0,1,0,0,0,0,5.94524E+20,5.28019E+21,1.02591E+16,4.76682E+16
71747,71748,9,3,71,151,2016,6,21,4,3,5,3,1,0,0,1,0,0,0,0,6.98845E+20,5.48684E+21,1.17464E+16,4.95016E+16
71748,71749,9,1,83,138,2016,6,6,4,3,2,6,0,1,0,0,0,0,1,0,7.44664E+20,5.34519E+21,1.22936E+16,4.82128E+16
71749,71750,9,5,77,177,2016,6,18,6,3,5,3,0,0,0,1,0,0,0,0,6.44836E+20,5.43376E+21,1.09818E+16,4.90397E+16
71750,71751,9,5,71,214,2016,6,14,6,2,5,3,0,1,0,1,0,0,1,0,6.172E+20,5.43276E+21,1.06036E+16,4.90366E+16
71751,71752,9,3,72,177,2016,6,15,1,3,5,3,0,0,0,1,0,0,0,0,7.7147E+20,5.45092E+21,1.27232E+16,4.9151E+16
71752,71753,9,1,82,137,2016,5,15,3,3,5,7,0,0,1,1,0,0,0,0,7.09435E+20,5.30433E+21,1.18001E+16,4.78582E+16
71753,71754,9,1,87,169,2016,5,8,3,3,5,3,0,0,1,1,0,0,0,0,7.36818E+20,5.29922E+21,1.21628E+16,4.78027E+16
71754,71755,9,3,75,122,2016,6,23,5,3,8,1,2,0,0,1,0,0,0,0,7.10711E+20,5.44175E+21,1.18864E+16,4.90925E+16
71755,71756,9,1,83,120,2016,6,13,6,3,4,7,0,0,0,1,0,0,1,0,7.51174E+20,5.34694E+21,1.23822E+16,4.82259E+16
71756,71757,9,7,64,0,2016,6,7,5,3,0,2,0,0,1,0,0,0,0,1,5.87964E+20,5.31644E+21,1.01791E+16,4.79952E+16
71757,71758,9,6,77,182,2016,6,17,7,3,4,6,0,0,0,1,0,1,0,0,5.35819E+20,5.5193E+21,9.49799E+15,4.9825E+16
71758,71759,9,7,75,162,2016,6,16,4,3,0,1,0,1,0,0,0,1,0,0,5.79784E+20,5.34951E+21,1.00757E+16,4.82937E+16
71759,71760,9,7,71,130,2016,6,16,4,3,4,7,0,0,0,0,0,1,1,0,6.52517E+20,5.35669E+21,1.10584E+16,4.8345E+16
71760,71761,9,1,80,118,2016,6,10,7,2,1,6,0,0,0,1,0,0,0,0,6.5486E+20,5.26055E+21,1.10555E+16,4.748E+16
71761,71762,9,6,77,155,2016,6,13,6,2,4,1,0,1,0,1,0,0,0,0,5.38708E+20,5.53661E+21,9.5399E+15,4.99805E+16
71762,71763,9,5,72,149,2016,6,18,5,3,9,1,1,0,0,0,0,1,0,0,6.38441E+20,5.50265E+21,1.09183E+16,4.96605E+16
71763,71764,9,2,75,128,2016,6,17,4,2,4,1,0,1,0,1,0,0,1,0,8.29891E+20,5.39963E+21,1.34806E+16,4.86625E+16
71764,71765,9,1,81,130,2016,6,15,4,3,8,1,0,0,1,0,0,0,0,0,6.40271E+20,5.32468E+21,1.08826E+16,4.806E+16
71765,71766,9,3,72,124,2016,6,12,6,3,9,7,0,0,0,1,0,0,0,0,7.83958E+20,5.46769E+21,1.29059E+16,4.92958E+16
71766,71767,9,2,73,152,2016,6,16,1,3,8,1,0,0,0,1,0,0,0,0,7.03619E+20,5.40686E+21,1.17719E+16,4.87814E+16
71767,71768,9,1,85,127,2016,6,12,6,3,8,1,0,0,0,1,0,0,0,0,6.56105E+20,5.3915E+21,1.11198E+16,4.86571E+16
71768,71769,9,6,74,163,2016,6,19,5,3,8,1,1,1,0,1,0,0,0,0,6.08726E+20,5.53803E+21,1.05166E+16,4.99847E+16
71769,71770,9,2,78,159,2016,6,12,4,3,4,2,0,0,0,1,0,0,0,0,7.78601E+20,5.42221E+21,1.2801E+16,4.88901E+16
71770,71771,9,1,76,120,2016,6,6,4,3,9,1,0,1,0,1,0,0,0,0,6.81006E+20,5.41952E+21,1.147E+16,4.89021E+16
71771,71772,9,4,72,199,2016,6,22,6,2,9,1,2,1,0,1,0,0,0,0,6.90561E+20,5.53789E+21,1.16571E+16,4.99629E+16
71772,71773,9,2,63,0,2016,6,7,1,3,8,1,0,1,0,1,0,0,0,0,7.60889E+20,5.4185E+21,1.25575E+16,4.88645E+16
71773,71774,9,1,87,177,2016,6,17,6,3,5,3,0,0,1,0,0,0,0,0,7.35627E+20,5.30464E+21,1.21499E+16,4.78518E+16
71774,71775,9,1,87,120,2016,5,15,3,3,5,3,0,0,0,1,0,1,0,0,7.3234E+20,5.29106E+21,1.20987E+16,4.77311E+16
71775,71776,9,5,64,0,2016,6,18,5,3,3,6,0,0,0,1,0,1,0,0,6.4742E+20,5.4762E+21,1.10328E+16,4.94206E+16
71776,71777,9,5,64,0,2016,6,0,1,3,2,6,2,1,0,1,0,0,0,0,6.48935E+20,5.47892E+21,1.10547E+16,4.94446E+16
71777,71778,9,1,87,165,2016,5,12,3,3,5,3,0,0,0,1,0,0,0,0,7.33595E+20,5.29929E+21,1.21199E+16,4.78045E+16
71778,71779,9,2,71,141,2016,6,17,5,3,5,3,0,0,1,1,0,0,0,0,7.96808E+20,5.40365E+21,1.30354E+16,4.87151E+16
71779,71780,9,7,72,223,2016,6,12,5,2,2,6,0,0,0,1,0,0,0,1,6.16302E+20,5.36267E+21,1.05715E+16,4.84064E+16
71780,71781,9,6,76,141,2016,6,15,7,3,4,2,0,1,0,1,0,1,0,0,5.19081E+20,5.51566E+21,9.26512E+15,4.97931E+16
71781,71782,9,7,63,0,2016,6,12,4,3,6,2,0,0,0,1,1,0,0,0,5.99623E+20,5.28982E+21,1.03292E+16,4.7754E+16
71782,71783,9,1,76,137,2016,6,12,4,3,2,7,0,0,0,1,0,0,1,0,6.72621E+20,5.43027E+21,1.13602E+16,4.90012E+16
71783,71784,9,1,72,117,2016,6,9,7,2,7,7,0,0,0,0,0,1,0,0,7.9545E+20,5.28968E+21,1.29377E+16,4.76929E+16
71784,71785,9,3,72,165,2016,5,22,3,3,9,7,2,1,0,1,0,0,0,0,7.64408E+20,5.47713E+21,1.26438E+16,4.93894E+16
71785,71786,9,6,78,135,2016,6,17,6,3,2,6,0,1,0,1,0,0,0,0,5.94855E+20,5.54161E+21,1.03241E+16,5.00193E+16
71786,71787,9,5,64,0,2016,6,16,4,3,2,6,0,0,0,1,0,0,1,0,6.47631E+20,5.47453E+21,1.1035E+16,4.94055E+16
71787,71788,9,2,79,124,2016,6,15,4,2,9,1,0,0,0,0,0,1,0,0,7.52288E+20,5.3831E+21,1.24188E+16,4.85502E+16
71788,71789,9,1,84,119,2016,5,8,3,3,4,2,0,0,0,1,0,0,0,0,6.97582E+20,5.34951E+21,1.16626E+16,4.82679E+16
71789,71790,9,1,84,140,2016,5,16,3,3,2,6,0,1,0,1,0,0,0,0,7.00481E+20,5.32892E+21,1.16919E+16,4.8082E+16
71790,71791,9,2,71,135,2016,6,14,6,3,5,3,0,1,0,1,0,0,0,0,7.90024E+20,5.40614E+21,1.29452E+16,4.87407E+16
71791,71792,9,6,77,203,2016,5,17,2,3,2,3,0,0,0,1,0,0,0,0,5.59649E+20,5.52637E+21,9.83036E+15,4.98867E+16
71792,71793,9,2,73,125,2016,6,14,1,3,9,1,0,0,0,1,0,0,0,0,7.18343E+20,5.41369E+21,1.19757E+16,4.88378E+16
71793,71794,9,1,88,132,2016,6,13,6,2,2,6,0,0,0,1,0,0,0,1,6.65271E+20,5.3238E+21,1.12176E+16,4.8046E+16
71794,71795,9,5,64,0,2016,5,8,3,3,5,2,0,0,0,1,0,1,0,0,6.45278E+20,5.48756E+21,1.10074E+16,4.95232E+16
71795,71796,9,4,79,112,2016,6,17,5,3,0,4,0,1,0,1,1,0,0,0,7.27618E+20,5.54955E+21,1.21799E+16,5.00547E+16
71796,71797,9,1,82,129,2016,5,8,3,3,0,4,0,0,0,1,1,0,0,0,7.07897E+20,5.28572E+21,1.17706E+16,4.76914E+16
71797,71798,9,1,82,120,2016,6,17,5,3,5,3,0,1,1,1,0,0,0,0,7.02303E+20,5.30693E+21,1.1706E+16,4.78838E+16
71798,71799,9,3,74,164,2016,6,16,7,2,0,7,0,0,0,0,0,1,1,0,7.52317E+20,5.50471E+21,1.24952E+16,4.96421E+16
71799,71800,9,5,62,0,2016,5,6,3,3,5,3,0,0,1,1,0,0,0,0,6.43196E+20,5.49615E+21,1.09818E+16,4.9601E+16
71800,71801,9,5,77,172,2016,6,8,5,3,8,1,0,1,0,1,0,0,0,0,6.32896E+20,5.43727E+21,1.08197E+16,4.9074E+16
71801,71802,9,1,87,117,2016,5,8,3,3,2,6,0,1,0,1,0,0,0,1,7.25555E+20,5.30102E+21,1.20135E+16,4.7823E+16
71802,71803,9,2,74,156,2016,6,3,5,3,0,1,2,1,0,1,0,0,0,0,7.44881E+20,5.3906E+21,1.23231E+16,4.86205E+16
71803,71804,9,1,83,118,2016,6,7,5,3,8,1,0,0,0,1,0,0,0,0,7.47699E+20,5.33814E+21,1.23303E+16,4.81482E+16
71804,71805,9,5,64,0,2016,6,13,7,3,2,6,0,0,0,1,0,0,0,0,6.49666E+20,5.47711E+21,1.1064E+16,4.94282E+16
71805,71806,9,5,64,0,2016,6,18,4,3,3,6,0,0,0,1,0,0,1,0,6.4786E+20,5.47746E+21,1.10393E+16,4.94318E+16
71806,71807,9,1,61,0,2016,6,18,7,3,5,2,0,0,1,1,0,0,0,0,6.78695E+20,5.40297E+21,1.14313E+16,4.87541E+16
71807,71808,9,3,75,183,2016,5,23,3,1,8,1,2,1,0,1,0,0,0,0,7.41706E+20,5.42987E+21,1.23032E+16,4.89745E+16
71808,71809,9,5,72,133,2016,6,14,6,3,2,6,0,0,0,1,0,0,0,0,6.38493E+20,5.49926E+21,1.09178E+16,4.963E+16
71809,71810,9,4,73,158,2016,6,22,4,2,2,6,2,1,0,1,0,0,0,0,6.2695E+20,5.57872E+21,1.07843E+16,5.03468E+16
71810,71811,9,7,72,202,2016,5,14,3,3,0,7,0,0,1,1,0,0,0,0,6.36721E+20,5.35904E+21,1.08461E+16,4.83697E+16
71811,71812,9,2,62,0,2016,6,18,6,3,2,6,0,0,0,1,0,0,0,0,8.26128E+20,5.38946E+21,1.34217E+16,4.85732E+16
71812,71813,9,6,62,0,2016,5,8,2,2,0,7,0,1,1,0,0,0,0,0,5.88476E+20,5.54568E+21,1.0236E+16,5.00568E+16
71813,71814,9,1,61,0,2016,6,17,1,3,4,2,0,0,1,1,0,0,0,0,6.79173E+20,5.40466E+21,1.14385E+16,4.87691E+16
71814,71815,9,1,75,122,2016,6,7,6,2,2,6,0,0,0,1,0,1,0,0,7.24486E+20,5.3249E+21,1.20117E+16,4.80378E+16
71815,71816,9,7,74,121,2016,6,13,7,3,5,3,0,0,1,1,0,0,0,0,6.01493E+20,5.3657E+21,1.03722E+16,4.84363E+16
71816,71817,9,4,75,181,2016,5,18,3,3,8,1,0,0,1,0,0,0,0,0,7.05291E+20,5.58496E+21,1.18876E+16,5.03808E+16
71817,71818,9,1,61,0,2016,6,15,5,3,2,6,0,1,0,1,0,0,0,0,6.79535E+20,5.3999E+21,1.14413E+16,4.87262E+16
71818,71819,9,3,72,167,2016,6,17,7,3,9,1,0,0,0,0,0,1,0,0,7.49505E+20,5.44883E+21,1.24212E+16,4.91416E+16
71819,71820,9,7,72,147,2016,6,10,5,3,3,6,0,0,0,1,0,0,1,0,6.3535E+20,5.36436E+21,1.08293E+16,4.84178E+16
71820,71821,9,7,75,164,2016,6,9,6,3,9,1,0,1,0,1,0,0,0,0,5.88071E+20,5.35281E+21,1.01881E+16,4.83223E+16
71821,71822,9,5,74,157,2016,6,15,6,3,2,6,0,0,0,1,0,0,0,1,6.63641E+20,5.46988E+21,1.12536E+16,4.93597E+16
71822,71823,9,3,72,115,2016,6,16,4,3,5,3,0,1,0,1,0,0,0,0,7.76123E+20,5.45486E+21,1.27895E+16,4.91843E+16
71823,71824,9,3,73,167,2016,6,16,1,2,5,3,0,0,0,1,0,1,0,0,6.93185E+20,5.4569E+21,1.16538E+16,4.92344E+16
71824,71825,9,1,79,142,2016,5,14,3,3,2,6,0,1,0,1,0,0,0,0,6.72745E+20,5.34163E+21,1.1325E+16,4.82043E+16
71825,71826,9,1,78,140,2016,6,20,7,3,8,1,1,1,0,1,0,0,0,0,7.08064E+20,5.3636E+21,1.18107E+16,4.83912E+16
71826,71827,9,3,73,112,2016,5,19,3,3,5,3,1,1,0,1,0,0,0,0,6.79213E+20,5.43917E+21,1.14542E+16,4.90793E+16
71827,71828,9,5,72,133,2016,6,18,6,3,2,6,0,0,0,1,0,0,0,1,6.38537E+20,5.49909E+21,1.09184E+16,4.96285E+16
71828,71829,9,4,61,0,2016,6,14,4,3,2,6,0,0,0,1,0,0,0,1,6.37388E+20,5.53064E+21,1.09136E+16,4.99123E+16
71829,71830,9,6,75,149,2016,5,13,3,3,5,2,0,0,0,1,0,0,0,0,5.82543E+20,5.50443E+21,1.01444E+16,4.96867E+16
71830,71831,9,2,73,147,2016,6,14,6,3,0,6,0,0,0,1,0,0,0,0,7.05556E+20,5.39698E+21,1.17933E+16,4.8692E+16
71831,71832,9,1,84,141,2016,6,5,7,3,8,1,1,1,0,1,0,0,0,0,6.95063E+20,5.31543E+21,1.16131E+16,4.79624E+16
71832,71833,9,1,84,122,2016,6,18,5,3,4,6,0,1,0,1,0,0,0,0,6.89891E+20,5.32327E+21,1.15474E+16,4.80345E+16
71833,71834,9,7,80,117,2016,6,0,7,2,8,1,2,1,0,1,0,0,0,0,5.94782E+20,5.28435E+21,1.02634E+16,4.77056E+16
71834,71835,9,1,74,113,2016,6,17,5,3,2,6,0,0,0,1,0,0,1,0,6.75347E+20,5.34553E+21,1.13616E+16,4.82387E+16
71835,71836,9,2,75,159,2016,6,18,7,3,9,1,0,1,0,1,0,0,0,0,8.11921E+20,5.4001E+21,1.32376E+16,4.86759E+16
71836,71837,9,7,77,155,2016,6,22,6,2,8,1,2,1,0,1,0,0,0,0,6.33244E+20,5.31301E+21,1.07847E+16,4.79565E+16
71837,71838,9,6,77,177,2016,6,18,5,2,4,1,0,1,0,1,0,1,0,0,5.46792E+20,5.55246E+21,9.65457E+15,5.01226E+16
71838,71839,9,7,80,143,2016,6,14,6,3,1,6,0,1,0,1,0,0,0,1,5.97938E+20,5.28164E+21,1.03049E+16,4.76807E+16
71839,71840,9,3,71,122,2016,6,6,4,3,4,2,0,0,0,1,0,0,0,0,7.08462E+20,5.48609E+21,1.18787E+16,4.94916E+16
71840,71841,9,1,87,132,2016,6,10,4,3,2,6,0,0,0,1,0,0,0,0,7.46301E+20,5.29977E+21,1.22896E+16,4.78041E+16
71841,71842,9,4,76,145,2016,6,7,6,3,5,3,0,1,0,1,0,0,0,0,6.63919E+20,5.56482E+21,1.12975E+16,5.02128E+16
71842,71843,9,3,71,113,2016,6,7,1,3,8,1,0,1,0,1,0,0,0,0,6.89925E+20,5.50401E+21,1.16317E+16,4.96587E+16
71843,71844,9,1,87,129,2016,6,13,6,3,2,7,0,0,0,1,0,0,0,0,7.24445E+20,5.30082E+21,1.19986E+16,4.78215E+16
71844,71845,9,1,78,130,2016,5,6,3,3,2,3,0,0,1,1,0,0,0,0,7.00977E+20,5.35414E+21,1.17105E+16,4.83085E+16
71845,71846,9,5,63,0,2016,6,17,5,3,1,6,0,0,0,1,0,0,0,0,6.45669E+20,5.48121E+21,1.10105E+16,4.94661E+16
71846,71847,9,1,78,143,2016,5,16,3,3,5,3,0,1,1,0,0,0,0,1,7.16496E+20,5.37186E+21,1.19287E+16,4.84626E+16
71847,71848,9,3,71,131,2016,6,18,5,3,0,7,0,1,0,1,0,0,0,0,6.92717E+20,5.47844E+21,1.16578E+16,4.94281E+16
71848,71849,9,1,72,115,2016,6,11,6,1,8,1,0,0,0,1,0,0,0,0,7.94802E+20,5.29103E+21,1.293E+16,4.77053E+16
71849,71850,9,7,80,140,2016,6,17,5,3,5,5,0,1,1,1,0,0,0,0,6.02349E+20,5.27747E+21,1.03627E+16,4.76426E+16
71850,71851,9,6,62,0,2016,6,16,7,3,2,6,0,0,0,1,0,0,0,0,5.85969E+20,5.54174E+21,1.02001E+16,5.00217E+16
71851,71852,9,7,63,0,2016,6,11,4,1,3,6,0,0,0,0,0,1,0,0,5.99953E+20,5.28925E+21,1.03335E+16,4.77488E+16
71852,71853,9,6,77,151,2016,6,9,4,2,4,6,0,1,0,1,0,0,0,1,5.3987E+20,5.51703E+21,9.55407E+15,4.98044E+16
71853,71854,9,1,78,124,2016,5,7,3,3,0,6,0,0,0,1,0,1,0,0,7.00647E+20,5.35781E+21,1.17078E+16,4.83416E+16
71854,71855,9,6,78,115,2016,5,10,3,2,8,1,0,0,0,0,0,0,1,0,5.8351E+20,5.54033E+21,1.01655E+16,5.00094E+16
71855,71856,9,3,63,0,2016,6,14,5,3,2,6,0,1,0,1,0,0,0,0,7.27117E+20,5.50498E+21,1.21468E+16,4.96545E+16
71856,71857,9,1,90,144,2016,6,15,6,3,5,3,0,0,0,1,0,0,0,0,6.58676E+20,5.30851E+21,1.11235E+16,4.79103E+16
71857,71858,9,7,75,135,2016,6,21,7,3,0,7,2,0,1,0,0,0,0,0,5.79929E+20,5.35957E+21,1.00795E+16,4.83842E+16
71858,71859,9,1,62,0,2016,6,17,5,3,2,6,0,1,0,1,0,0,0,0,6.94783E+20,5.33718E+21,1.16193E+16,4.8158E+16
71859,71860,9,7,72,223,2016,6,12,7,3,2,6,0,0,0,1,0,0,0,0,6.18577E+20,5.36309E+21,1.06024E+16,4.84098E+16
71860,71861,9,1,78,157,2016,6,7,5,2,9,6,0,0,0,1,0,0,0,0,7.03923E+20,5.37298E+21,1.17594E+16,4.84768E+16
71861,71862,9,7,72,149,2016,6,7,4,3,5,3,0,0,0,1,0,0,0,0,6.37748E+20,5.34032E+21,1.08539E+16,4.82011E+16
71862,71863,9,2,61,0,2016,6,13,7,3,5,3,0,0,1,0,0,0,0,0,7.29953E+20,5.38169E+21,1.21159E+16,4.85461E+16
71863,71864,9,6,75,150,2016,6,12,6,3,3,6,0,0,0,1,0,0,0,0,5.8475E+20,5.49563E+21,1.0173E+16,4.96073E+16
71864,71865,9,6,72,113,2016,6,11,5,2,0,1,0,0,1,0,0,0,0,0,5.56005E+20,5.57312E+21,9.78649E+15,5.03076E+16
71865,71866,9,2,75,117,2016,6,13,4,3,9,7,0,1,0,1,0,0,0,0,8.07536E+20,5.3871E+21,1.31686E+16,4.85614E+16
71866,71867,9,1,61,0,2016,6,17,4,2,3,6,0,0,1,0,0,0,0,0,6.79458E+20,5.40443E+21,1.14423E+16,4.8767E+16
71867,71868,9,3,77,141,2016,6,17,6,3,2,6,0,1,0,1,0,0,0,0,7.3267E+20,5.53821E+21,1.22435E+16,4.99509E+16
71868,71869,9,2,77,149,2016,6,14,1,3,5,3,0,0,0,1,0,1,0,0,7.96842E+20,5.36587E+21,1.3009E+16,4.83761E+16
71869,71870,9,1,87,129,2016,6,8,6,3,5,2,0,0,0,1,0,0,0,0,7.25643E+20,5.3006E+21,1.20145E+16,4.78192E+16
71870,71871,9,1,78,124,2016,5,13,3,3,1,6,0,0,0,1,0,0,0,0,7.0314E+20,5.36215E+21,1.17435E+16,4.83798E+16
71871,71872,9,6,71,122,2016,5,11,3,3,5,3,0,0,0,1,0,0,0,0,5.02267E+20,5.53037E+21,9.03158E+15,4.99257E+16
71872,71873,9,5,73,134,2016,6,12,5,2,0,1,0,0,1,0,0,0,0,0,6.43221E+20,5.47861E+21,1.09758E+16,4.94433E+16
71873,71874,9,1,62,0,2016,5,18,2,3,0,7,0,1,0,1,0,0,0,0,6.89213E+20,5.33006E+21,1.15413E+16,4.80957E+16
71874,71875,9,2,78,143,2016,6,14,5,3,4,6,0,1,0,1,0,0,0,1,7.7146E+20,5.43861E+21,1.27148E+16,4.90406E+16
71875,71876,9,1,90,157,2016,6,21,5,3,1,7,2,1,0,1,0,0,0,0,6.60598E+20,5.30056E+21,1.11463E+16,4.78383E+16
71876,71877,9,5,62,0,2016,6,16,7,2,3,6,0,0,1,0,0,0,0,0,6.44655E+20,5.49541E+21,1.10017E+16,4.9594E+16
71877,71878,9,7,77,167,2016,6,14,4,3,4,1,0,0,0,1,0,0,0,0,6.19553E+20,5.29508E+21,1.05965E+16,4.7798E+16
71878,71879,9,5,65,0,2016,6,9,4,3,4,2,0,0,0,1,0,0,0,0,6.47768E+20,5.46561E+21,1.10336E+16,4.93253E+16
71879,71880,9,1,63,0,2016,6,14,7,3,4,2,0,0,0,1,0,0,0,0,7.32696E+20,5.3056E+21,1.21113E+16,4.78616E+16
71880,71881,9,3,72,137,2016,5,12,3,3,4,6,0,1,0,0,0,0,0,1,7.82584E+20,5.45505E+21,1.28781E+16,4.91831E+16
71881,71882,9,6,72,113,2016,6,15,6,3,8,1,0,1,0,1,0,0,0,0,5.60189E+20,5.5732E+21,9.84526E+15,5.03079E+16
71882,71883,9,4,78,120,2016,6,18,4,3,0,7,0,0,0,1,0,0,0,0,6.4186E+20,5.54797E+21,1.09823E+16,5.00671E+16
71883,71884,9,1,83,148,2016,6,9,4,3,5,3,0,1,0,1,0,1,0,0,7.53949E+20,5.34553E+21,1.24186E+16,4.82121E+16
71884,71885,9,1,89,155,2016,6,12,7,2,4,2,0,0,0,1,0,1,0,0,7.72531E+20,5.30924E+21,1.26451E+16,4.78786E+16
71885,71886,9,6,73,160,2016,6,15,6,3,9,1,0,1,0,1,0,1,0,0,5.98026E+20,5.57427E+21,1.03768E+16,5.03124E+16