FID,OBJECTID,ULAND,UREGBEZ,UKREIS,UGEMEINDE,UJAHR,UMONAT,USTUNDE,UWOCHENTAG,UKATEGORIE,UART,UTYP1,ULICHTVERH,IstStrasse,IstRad,IstPKW,IstFuss,IstKrad,IstGkfz,IstSonstig,LINREFX,LINREFY,XGCSWGS84,YGCSWGS84
71886,71887,9,5,72,115,2016,6,12,5,3,2,6,0,0,0,1,0,0,0,0,6.46882E+20,5.50269E+21,1.10352E+16,4.96588E+16
71887,71888,9,2,77,121,2016,6,10,4,3,0,6,0,0,0,1,0,0,0,1,7.63489E+20,5.37681E+21,1.25664E+16,4.84891E+16
71888,71889,9,1,78,145,2016,6,2,4,3,9,1,2,1,0,1,0,0,0,0,6.96653E+20,5.35409E+21,1.16523E+16,4.83094E+16
71889,71890,9,3,61,0,2016,6,18,6,3,1,7,0,0,0,1,0,0,0,1,7.05318E+20,5.48123E+21,1.18328E+16,4.9449E+16
71890,71891,9,2,73,178,2016,6,15,1,2,8,1,0,0,0,0,0,1,0,0,7.1149E+20,5.38535E+21,1.18679E+16,4.85855E+16
71891,71892,9,1,86,162,2016,6,2,6,3,0,1,2,0,0,1,0,0,0,0,6.93857E+20,5.38202E+21,1.16275E+16,4.85613E+16
71892,71893,9,5,64,0,2016,5,12,3,2,0,1,0,0,1,0,0,0,0,0,6.52005E+20,5.47751E+21,1.10964E+16,4.94312E+16
71893,71894,9,4,75,141,2016,6,9,5,2,2,6,0,0,0,1,0,0,1,0,7.00349E+20,5.57973E+21,1.18154E+16,5.03356E+16
71894,71895,9,1,84,148,2016,5,17,2,3,2,6,0,1,0,1,0,0,0,0,6.97319E+20,5.32688E+21,1.16486E+16,4.80647E+16
71895,71896,9,1,72,117,2016,6,15,5,2,5,3,0,0,0,1,0,0,0,0,7.98287E+20,5.28409E+21,1.29716E+16,4.76414E+16
71896,71897,9,4,73,165,2016,6,14,7,3,9,1,0,0,0,0,0,1,0,0,6.26107E+20,5.56341E+21,1.07674E+16,5.02094E+16
71897,71898,9,1,79,134,2016,6,15,7,3,0,1,0,1,0,0,0,1,0,0,6.67709E+20,5.34272E+21,1.12577E+16,4.82155E+16
71898,71899,9,3,76,172,2016,5,10,3,3,9,7,0,1,0,1,0,0,0,0,7.52844E+20,5.47568E+21,1.24839E+16,4.93813E+16
71899,71900,9,5,76,128,2016,6,23,6,3,2,6,2,0,0,1,0,0,0,0,6.42086E+20,5.46308E+21,1.09546E+16,4.93039E+16
71900,71901,9,4,63,0,2016,6,6,4,3,5,3,0,1,0,1,0,1,0,0,6.36968E+20,5.56916E+21,1.09216E+16,5.02587E+16
71901,71902,9,6,79,170,2016,5,14,3,2,5,2,0,0,0,1,0,1,0,0,5.78753E+20,5.5022E+21,1.00914E+16,4.96672E+16
71902,71903,9,2,74,132,2016,6,5,6,3,9,1,0,0,0,1,0,0,0,0,7.22358E+20,5.38618E+21,1.20155E+16,4.85892E+16
71903,71904,9,6,74,147,2016,5,20,2,2,5,3,0,0,0,1,0,1,0,0,6.08502E+20,5.54387E+21,1.05152E+16,5.00372E+16
71904,71905,9,1,81,113,2016,6,13,1,2,4,1,0,1,0,1,0,1,0,0,6.4261E+20,5.30785E+21,1.09084E+16,4.79081E+16
71905,71906,9,1,62,0,2016,6,17,5,3,2,6,0,1,0,1,0,0,0,0,6.89512E+20,5.34053E+21,1.155E+16,4.81897E+16
71906,71907,9,7,63,0,2016,6,14,7,3,2,1,0,1,0,1,0,0,0,0,6.01993E+20,5.28621E+21,1.036E+16,4.77212E+16
71907,71908,9,4,78,120,2016,5,7,3,3,5,3,0,0,0,1,0,0,0,0,6.39524E+20,5.54722E+21,1.09494E+16,5.00609E+16
71908,71909,9,3,76,161,2016,6,11,7,3,5,3,0,0,0,1,0,1,0,0,7.25296E+20,5.46696E+21,1.21E+16,4.93138E+16
71909,71910,9,7,75,135,2016,5,19,3,2,8,1,0,1,0,1,0,0,0,0,5.74939E+20,5.3562E+21,1.00116E+16,4.83545E+16
71910,71911,9,2,77,154,2016,6,11,6,3,2,6,0,0,0,1,0,0,0,1,7.854E+20,5.3562E+21,1.28483E+16,4.82945E+16
71911,71912,9,6,72,135,2016,5,5,2,3,4,1,1,1,0,1,0,0,0,0,5.84379E+20,5.56556E+21,1.01832E+16,5.02362E+16
71912,71913,9,1,83,128,2016,6,12,1,3,5,3,0,1,0,1,0,0,0,0,7.61337E+20,5.35226E+21,1.2522E+16,4.82695E+16
71913,71914,9,1,77,116,2016,6,22,6,3,2,6,2,0,0,1,0,0,1,0,7.09769E+20,5.36385E+21,1.18338E+16,4.83929E+16
71914,71915,9,5,77,163,2016,5,19,3,3,5,3,0,0,0,1,0,0,0,0,6.55929E+20,5.43131E+21,1.11326E+16,4.90149E+16
71915,71916,9,4,75,120,2016,6,5,5,2,8,1,0,1,0,1,0,0,0,0,7.09243E+20,5.57626E+21,1.19383E+16,5.03013E+16
71916,71917,9,1,62,0,2016,5,15,2,2,6,4,0,0,0,1,1,0,0,0,6.99603E+20,5.32903E+21,1.16802E+16,4.80832E+16
71917,71918,9,1,61,0,2016,6,11,5,3,2,6,0,1,0,1,0,1,0,0,6.7972E+20,5.40501E+21,1.14461E+16,4.87721E+16
71918,71919,9,3,74,117,2016,6,20,7,2,9,1,0,0,0,0,0,1,0,0,7.03751E+20,5.51544E+21,1.1829E+16,4.97569E+16
71919,71920,9,1,84,149,2016,6,10,6,3,5,3,0,0,0,1,0,0,0,0,6.90242E+20,5.35041E+21,1.15642E+16,4.82783E+16
71920,71921,9,3,71,136,2016,5,20,3,2,8,1,0,0,0,1,0,0,0,1,7.07082E+20,5.47683E+21,1.18548E+16,4.94089E+16
71921,71922,9,5,65,0,2016,6,13,6,3,0,3,0,1,0,1,0,1,0,0,6.46593E+20,5.46557E+21,1.10174E+16,4.93253E+16
71922,71923,9,3,62,0,2016,6,15,4,3,3,6,0,0,0,1,0,0,1,0,7.25346E+20,5.43105E+21,1.20806E+16,4.89912E+16
71923,71924,9,4,74,161,2016,6,11,1,2,4,2,0,0,0,1,0,1,0,0,6.58521E+20,5.51338E+21,1.12007E+16,4.9752E+16
71924,71925,9,1,62,0,2016,5,16,2,3,2,6,0,0,0,1,0,0,0,0,6.80787E+20,5.33513E+21,1.14304E+16,4.81438E+16
71925,71926,9,6,74,219,2016,5,11,3,3,8,1,0,0,0,0,0,0,1,0,6.01516E+20,5.53823E+21,1.04162E+16,4.99878E+16
71926,71927,9,4,77,157,2016,6,7,5,3,8,1,0,1,0,1,0,0,0,0,6.74561E+20,5.54418E+21,1.14371E+16,5.00243E+16
71927,71928,9,2,73,137,2016,6,8,6,3,2,1,0,0,0,1,0,0,0,1,7.11093E+20,5.42253E+21,1.18816E+16,4.89197E+16
71928,71929,9,7,78,214,2016,6,22,7,2,3,6,2,0,0,1,0,0,0,0,5.9594E+20,5.31969E+21,1.02867E+16,4.80233E+16
71929,71930,9,1,62,0,2016,6,13,5,3,9,1,0,1,0,1,0,0,0,0,6.89191E+20,5.33905E+21,1.1545E+16,4.81765E+16
71930,71931,9,7,80,132,2016,6,8,7,3,0,1,0,0,0,1,0,0,0,0,5.7913E+20,5.26718E+21,1.00517E+16,4.75532E+16
71931,71932,9,1,75,132,2016,6,13,5,2,2,6,0,0,0,1,0,0,1,0,7.05222E+20,5.33535E+21,1.17586E+16,4.81383E+16
71932,71933,9,7,79,115,2016,6,14,4,3,2,6,0,0,0,1,0,0,0,0,6.33754E+20,5.3941E+21,1.08173E+16,4.86856E+16
71933,71934,9,2,75,145,2016,6,11,7,3,5,3,0,0,0,1,0,0,0,0,8.16301E+20,5.38018E+21,1.32818E+16,4.8495E+16
71934,71935,9,7,79,231,2016,6,7,6,2,0,1,0,0,0,0,0,1,0,0,6.28245E+20,5.41758E+21,1.07498E+16,4.88979E+16
71935,71936,9,6,62,0,2016,6,16,5,3,0,7,0,0,0,1,0,0,0,0,5.85313E+20,5.54176E+21,1.0191E+16,5.0022E+16
71936,71937,9,2,76,144,2016,6,15,4,3,4,2,0,1,0,1,0,0,0,0,7.83606E+20,5.44382E+21,1.28842E+16,4.90819E+16
71937,71938,9,1,82,123,2016,6,7,4,3,9,7,0,1,0,1,0,0,0,0,7.16335E+20,5.30009E+21,1.18901E+16,4.78177E+16
71938,71939,9,1,62,0,2016,6,7,5,3,9,1,0,1,0,1,0,0,0,0,6.79961E+20,5.33817E+21,1.14206E+16,4.81713E+16
71939,71940,9,3,62,0,2016,6,11,7,3,2,6,0,0,0,1,0,0,0,0,7.26242E+20,5.43521E+21,1.20951E+16,4.90282E+16
71940,71941,9,7,77,151,2016,6,5,6,3,5,3,0,1,0,1,0,0,0,0,6.2096E+20,5.29248E+21,1.06145E+16,4.77743E+16
71941,71942,9,7,61,0,2016,6,18,5,3,2,6,0,1,0,1,0,0,0,0,6.42144E+20,5.35758E+21,1.09188E+16,4.83554E+16
71942,71943,9,7,75,135,2016,6,12,6,3,5,3,0,0,0,1,0,0,0,0,5.75953E+20,5.35924E+21,1.00258E+16,4.83818E+16
71943,71944,9,1,83,134,2016,6,7,4,3,9,1,0,1,0,1,0,0,0,0,7.61471E+20,5.34324E+21,1.25183E+16,4.81885E+16
71944,71945,9,3,76,161,2016,5,15,3,3,0,7,0,0,1,1,0,0,0,0,7.2581E+20,5.46821E+21,1.21077E+16,4.93248E+16
71945,71946,9,5,63,0,2016,6,20,6,3,5,7,0,0,0,1,0,0,0,0,6.4389E+20,5.48102E+21,1.09859E+16,4.94648E+16
71946,71947,9,5,71,135,2016,6,21,6,2,0,7,1,0,0,1,0,0,0,0,6.1741E+20,5.47629E+21,1.06192E+16,4.94279E+16
71947,71948,9,3,73,147,2016,6,19,1,3,7,1,0,1,0,1,0,0,0,0,6.78092E+20,5.45969E+21,1.14479E+16,4.92641E+16
71948,71949,9,1,62,0,2016,5,17,2,3,1,7,0,1,0,1,0,1,0,0,6.86343E+20,5.32902E+21,1.15023E+16,4.80872E+16
71949,71950,9,1,84,136,2016,5,17,2,3,2,6,0,1,0,1,0,0,0,0,6.98161E+20,5.3271E+21,1.166E+16,4.80664E+16
71950,71951,9,3,77,154,2016,6,8,5,3,3,3,0,0,0,1,0,1,0,0,7.39123E+20,5.5306E+21,1.23286E+16,4.988E+16
71951,71952,9,1,90,141,2016,6,14,6,3,2,6,0,0,0,1,0,0,0,0,6.78597E+20,5.29119E+21,1.13828E+16,4.77494E+16
71952,71953,9,7,75,135,2016,6,17,5,3,5,3,0,0,1,1,0,0,0,0,5.74778E+20,5.36061E+21,1.00102E+16,4.83942E+16
71953,71954,9,7,61,0,2016,6,15,7,3,2,7,0,0,0,1,0,0,0,0,6.42791E+20,5.35978E+21,1.09283E+16,4.83751E+16
71954,71955,9,7,64,0,2016,6,17,4,3,5,3,0,0,0,1,0,1,0,0,5.86693E+20,5.31442E+21,1.01617E+16,4.79772E+16
71955,71956,9,7,72,184,2016,6,10,4,3,2,6,0,0,0,1,0,0,1,0,6.36264E+20,5.36103E+21,1.08406E+16,4.83877E+16
71956,71957,9,1,84,132,2016,6,15,7,3,9,1,0,1,0,1,0,0,0,0,6.82602E+20,5.32459E+21,1.14503E+16,4.80484E+16
71957,71958,9,6,77,146,2016,6,11,6,3,0,7,0,0,0,0,0,0,0,1,5.45158E+20,5.5238E+21,9.62835E+15,4.98649E+16
71958,71959,9,6,76,112,2016,6,8,5,3,4,3,0,1,0,1,0,0,1,0,5.16821E+20,5.49888E+21,9.23298E+15,4.96422E+16
71959,71960,9,2,77,117,2016,6,12,4,3,5,3,0,1,0,1,0,0,1,0,7.97481E+20,5.38192E+21,1.3029E+16,4.85198E+16
71960,71961,9,1,86,137,2016,6,18,4,3,5,3,0,0,1,1,0,0,0,0,6.82677E+20,5.39897E+21,1.14836E+16,4.8717E+16
71961,71962,9,3,77,113,2016,6,14,6,3,8,7,0,1,0,0,0,0,0,1,7.09934E+20,5.53828E+21,1.19271E+16,4.99599E+16
71962,71963,9,2,75,146,2016,6,13,1,3,2,6,0,1,0,1,0,0,0,1,8.29725E+20,5.39572E+21,1.34753E+16,4.86275E+16
71963,71964,9,1,86,152,2016,6,12,6,3,2,6,0,0,0,1,0,0,0,1,6.91517E+20,5.37959E+21,1.15947E+16,4.85401E+16
71964,71965,9,5,72,133,2016,5,6,3,3,4,2,0,0,0,1,0,1,0,0,6.38056E+20,5.49914E+21,1.09117E+16,4.9629E+16
71965,71966,9,5,77,125,2016,6,12,5,3,8,1,0,0,0,0,0,1,0,0,6.38008E+20,5.43714E+21,1.08896E+16,4.90716E+16
71966,71967,9,7,75,132,2016,5,14,2,3,2,6,0,0,0,1,0,0,0,1,5.82601E+20,5.33149E+21,1.01102E+16,4.81313E+16
71967,71968,9,2,73,116,2016,6,5,5,3,9,1,0,1,0,1,0,0,0,0,7.24698E+20,5.41908E+21,1.20651E+16,4.88839E+16
71968,71969,9,1,83,118,2016,6,6,5,2,5,2,0,0,0,1,0,0,1,0,7.42484E+20,5.33813E+21,1.22603E+16,4.81501E+16
71969,71970,9,4,72,133,2016,6,8,6,2,8,1,0,1,0,1,0,0,0,0,6.90409E+20,5.53031E+21,1.16512E+16,4.98948E+16
71970,71971,9,2,78,141,2016,6,16,1,3,2,6,0,0,0,1,0,0,0,0,7.54762E+20,5.43055E+21,1.24817E+16,4.89753E+16
71971,71972,9,1,87,182,2016,6,15,6,3,1,6,0,0,0,1,0,0,0,0,7.38387E+20,5.32833E+21,1.21998E+16,4.80636E+16
71972,71973,9,7,78,184,2016,5,16,2,3,2,6,0,0,0,1,0,0,0,0,5.954E+20,5.33163E+21,1.02822E+16,4.81307E+16
71973,71974,9,5,64,0,2016,6,16,5,3,2,6,0,0,0,1,0,0,0,0,6.47924E+20,5.48009E+21,1.10411E+16,4.94555E+16
71974,71975,9,7,63,0,2016,5,14,2,3,4,2,0,0,0,1,0,0,0,0,5.98169E+20,5.28771E+21,1.03093E+16,4.77353E+16
71975,71976,9,2,63,0,2016,6,13,5,3,0,1,0,0,1,0,0,0,0,0,7.64119E+20,5.42086E+21,1.2603E+16,4.88843E+16
71976,71977,9,7,76,116,2016,6,17,5,3,0,1,0,0,1,0,0,0,0,0,5.53013E+20,5.26705E+21,9.70463E+15,4.75547E+16
71977,71978,9,6,71,155,2016,6,12,7,2,8,7,0,0,0,1,0,0,0,0,5.02062E+20,5.53736E+21,9.02876E+15,4.99885E+16
71978,71979,9,7,80,143,2016,6,22,4,3,4,2,2,1,0,1,0,0,0,0,5.97964E+20,5.28173E+21,1.03053E+16,4.76816E+16
71979,71980,9,6,71,136,2016,6,16,4,3,2,6,0,1,0,1,0,0,0,0,5.04081E+20,5.5393E+21,9.05695E+15,5.0006E+16
71980,71981,9,1,89,120,2016,6,10,7,3,4,6,0,0,1,0,0,0,0,0,7.59916E+20,5.29752E+21,1.24697E+16,4.77786E+16
71981,71982,9,6,78,115,2016,6,17,6,3,2,2,0,1,0,1,0,0,0,0,5.84852E+20,5.54075E+21,1.01843E+16,5.00131E+16
71982,71983,9,5,64,0,2016,6,14,4,3,2,6,0,1,0,1,0,0,0,0,6.47581E+20,5.47544E+21,1.10347E+16,4.94137E+16
71983,71984,9,5,74,146,2016,6,16,5,3,2,6,0,1,0,1,0,0,0,0,6.68574E+20,5.48753E+21,1.1329E+16,4.95169E+16
71984,71985,9,2,74,128,2016,6,8,4,3,1,6,0,0,0,1,0,0,0,0,7.37093E+20,5.39076E+21,1.22176E+16,4.86249E+16
71985,71986,9,1,84,145,2016,5,16,3,3,5,3,0,1,0,1,0,0,0,0,6.95897E+20,5.32512E+21,1.16287E+16,4.80493E+16
71986,71987,9,1,62,0,2016,5,8,3,3,3,2,0,0,1,1,0,0,0,0,6.88029E+20,5.32945E+21,1.15252E+16,4.80906E+16
71987,71988,9,2,63,0,2016,6,17,6,3,2,6,0,1,0,1,0,1,0,0,7.6342E+20,5.4208E+21,1.25935E+16,4.88841E+16
71988,71989,9,2,73,159,2016,6,10,1,2,0,7,0,1,1,0,0,0,0,0,7.06498E+20,5.43008E+21,1.18228E+16,4.89891E+16
71989,71990,9,1,76,138,2016,6,19,6,3,9,1,0,1,0,1,0,0,0,0,6.71388E+20,5.42747E+21,1.13422E+16,4.89763E+16
71990,71991,9,5,64,0,2016,5,8,3,3,5,2,0,0,1,1,0,0,0,0,6.53005E+20,5.47782E+21,1.11103E+16,4.94337E+16
71991,71992,9,4,75,128,2016,6,16,5,3,5,3,0,0,0,1,0,0,0,0,6.86215E+20,5.57949E+21,1.16169E+16,5.0338E+16
71992,71993,9,7,80,124,2016,5,7,2,2,4,1,0,1,0,1,0,0,0,0,5.87807E+20,5.27148E+21,1.01679E+16,4.75907E+16
71993,71994,9,1,63,0,2016,6,7,5,3,4,2,0,0,0,1,0,0,0,0,7.34196E+20,5.30446E+21,1.21307E+16,4.78508E+16
71994,71995,9,4,71,137,2016,6,17,7,3,4,6,0,0,0,1,0,0,0,1,6.38939E+20,5.53368E+21,1.09363E+16,4.99393E+16
71995,71996,9,1,84,112,2016,6,15,7,3,3,6,0,0,0,1,0,0,0,0,7.03567E+20,5.3388E+21,1.17381E+16,4.81698E+16
71996,71997,9,3,61,0,2016,5,18,3,1,4,6,0,0,0,1,0,1,0,0,7.02663E+20,5.48259E+21,1.17969E+16,4.94621E+16
71997,71998,9,5,64,0,2016,6,8,6,3,2,6,0,0,0,1,0,0,0,0,6.5752E+20,5.47322E+21,1.11707E+16,4.93913E+16
71998,71999,9,5,64,0,2016,6,10,7,3,5,3,0,0,0,1,0,0,0,0,6.48632E+20,5.48099E+21,1.10512E+16,4.94633E+16
71999,72000,9,5,74,140,2016,6,18,4,3,0,1,0,1,1,0,0,0,0,0,6.84269E+20,5.50032E+21,1.15516E+16,4.96273E+16
72000,72001,9,1,61,0,2016,6,10,7,3,5,3,0,0,1,0,0,0,0,1,6.81536E+20,5.4021E+21,1.14695E+16,4.87454E+16
72001,72002,9,2,78,192,2016,5,7,3,3,8,1,0,1,0,1,0,0,0,0,7.71522E+20,5.41866E+21,1.27023E+16,4.88614E+16
72002,72003,9,6,76,124,2016,6,21,6,3,9,1,2,1,0,1,0,0,0,0,5.32522E+20,5.5142E+21,9.45173E+15,4.97794E+16
72003,72004,9,4,73,159,2016,6,20,4,3,8,1,0,1,0,1,0,0,0,0,6.43762E+20,5.57074E+21,1.10174E+16,5.02713E+16
72004,72005,9,7,63,0,2016,5,0,3,3,6,7,2,0,0,1,1,0,0,0,5.97835E+20,5.2871E+21,1.03047E+16,4.77298E+16
72005,72006,9,2,75,121,2016,6,16,6,3,5,3,0,0,1,1,0,0,0,0,8.17106E+20,5.40352E+21,1.33105E+16,4.8704E+16
72006,72007,9,6,78,174,2016,5,5,2,1,9,1,2,1,0,1,0,0,0,0,5.96293E+20,5.55278E+21,1.0347E+16,5.01194E+16
72007,72008,9,1,61,0,2016,6,16,1,3,1,2,0,0,0,1,0,0,0,0,6.81521E+20,5.40211E+21,1.14693E+16,4.87455E+16
72008,72009,9,1,75,132,2016,6,18,6,3,8,1,1,0,0,0,0,1,0,0,7.10858E+20,5.33358E+21,1.18334E+16,4.81205E+16
72009,72010,9,4,75,154,2016,5,16,3,2,0,4,0,0,0,1,1,0,0,0,6.99125E+20,5.56381E+21,1.17899E+16,5.0193E+16
72010,72011,9,4,72,118,2016,6,14,5,3,3,1,0,1,0,1,0,0,0,0,6.75309E+20,5.5013E+21,1.14281E+16,4.96388E+16
72011,72012,9,1,85,158,2016,6,8,5,2,7,7,0,0,1,0,0,0,0,1,6.67079E+20,5.38078E+21,1.12644E+16,4.85578E+16
72012,72013,9,3,72,144,2016,6,18,7,2,3,6,0,0,0,1,0,0,0,0,7.87323E+20,5.46598E+21,1.29508E+16,4.9279E+16
72013,72014,9,1,84,145,2016,6,15,6,3,2,6,0,0,0,1,0,0,0,0,6.98819E+20,5.32466E+21,1.16677E+16,4.80442E+16
72014,72015,9,2,75,133,2016,5,15,3,3,2,2,0,1,0,1,0,0,0,0,8.276E+20,5.3812E+21,1.34351E+16,4.84984E+16
72015,72016,9,5,74,150,2016,6,15,6,2,2,6,0,0,0,1,0,0,0,1,6.70519E+20,5.48757E+21,1.13559E+16,4.95167E+16
72016,72017,9,3,73,147,2016,6,9,4,3,5,3,0,0,0,1,0,0,0,0,6.78682E+20,5.46116E+21,1.14567E+16,4.92771E+16
72017,72018,9,3,75,165,2016,6,16,1,3,0,7,0,0,1,0,0,0,0,0,7.25881E+20,5.43773E+21,1.20916E+16,4.9051E+16
72018,72019,9,7,72,111,2016,5,12,2,2,9,1,0,0,0,1,0,0,0,0,6.27017E+20,5.3641E+21,1.07167E+16,4.84173E+16
72019,72020,9,7,61,0,2016,5,13,2,3,0,7,0,0,1,0,0,0,0,0,6.41542E+20,5.35343E+21,1.09093E+16,4.83182E+16
72020,72021,9,6,73,160,2016,5,16,3,3,0,1,0,0,0,0,0,1,0,0,5.96565E+20,5.57307E+21,1.03559E+16,5.03019E+16
72021,72022,9,4,74,126,2016,6,19,5,2,3,2,0,0,1,1,0,0,0,0,6.47717E+20,5.51008E+21,1.10496E+16,4.97251E+16
72022,72023,9,1,90,158,2016,6,16,6,2,8,1,0,1,0,1,0,1,0,0,6.5025E+20,5.30521E+21,1.10097E+16,4.78826E+16
72023,72024,9,7,75,152,2016,6,10,7,3,0,1,0,1,0,0,0,1,0,0,5.81069E+20,5.35177E+21,1.00934E+16,4.83139E+16
72024,72025,9,1,84,114,2016,6,11,5,3,4,2,0,0,0,1,0,0,0,0,7.00964E+20,5.32285E+21,1.16956E+16,4.80273E+16
72025,72026,9,7,72,223,2016,6,15,7,3,2,6,0,0,0,1,0,0,0,0,6.22223E+20,5.3634E+21,1.06517E+16,4.84119E+16
72026,72027,9,1,78,137,2016,6,18,5,3,8,1,0,1,0,1,0,0,0,0,6.93321E+20,5.36285E+21,1.16114E+16,4.83892E+16
72027,72028,9,4,62,0,2016,6,16,4,3,1,6,0,0,0,1,0,0,0,0,6.87125E+20,5.5323E+21,1.16065E+16,4.99138E+16
72028,72029,9,6,75,170,2016,5,7,3,3,3,6,0,0,1,0,0,0,0,0,5.81979E+20,5.50715E+21,1.01371E+16,4.97112E+16
72029,72030,9,2,74,141,2016,6,10,6,3,5,3,0,0,0,1,0,0,0,0,7.26299E+20,5.39565E+21,1.2074E+16,4.86728E+16
72030,72031,9,1,75,132,2016,6,16,1,2,0,1,0,1,0,0,0,1,0,0,7.06076E+20,5.33294E+21,1.17689E+16,4.81163E+16
72031,72032,9,1,62,0,2016,6,17,5,3,5,3,0,0,0,1,0,1,0,0,6.976E+20,5.33017E+21,1.16539E+16,4.80941E+16
72032,72033,9,7,76,131,2016,6,19,7,3,2,3,0,0,0,1,0,0,0,0,5.62681E+20,5.27783E+21,9.83466E+15,4.76509E+16
72033,72034,9,1,74,131,2016,6,14,5,2,5,3,0,1,0,1,0,0,0,1,6.76102E+20,5.35993E+21,1.13778E+16,4.83679E+16
72034,72035,9,4,71,195,2016,5,5,3,2,4,1,1,1,0,1,0,0,0,0,6.40154E+20,5.52247E+21,1.09492E+16,4.98383E+16
72035,72036,9,2,71,119,2016,6,12,7,2,6,4,0,0,0,1,1,0,0,0,7.90546E+20,5.41616E+21,1.29593E+16,4.88304E+16
72036,72037,9,7,77,159,2016,6,18,6,3,2,6,0,1,0,1,0,0,0,0,6.18153E+20,5.27179E+21,1.05715E+16,4.75887E+16
72037,72038,9,6,63,0,2016,6,11,5,3,6,3,0,0,0,1,1,0,0,0,5.67909E+20,5.5122E+21,9.94286E+15,4.97584E+16
72038,72039,9,7,63,0,2016,6,7,6,3,5,3,0,1,0,1,0,1,0,0,5.99405E+20,5.28515E+21,1.03252E+16,4.7712E+16
72039,72040,9,3,76,161,2016,6,18,4,3,4,2,0,1,0,1,0,0,0,0,7.28297E+20,5.4708E+21,1.21434E+16,4.93471E+16
72040,72041,9,1,72,130,2016,6,6,4,3,8,1,0,1,0,1,0,0,0,0,7.92769E+20,5.31245E+21,1.29174E+16,4.78985E+16
72041,72042,9,5,77,136,2016,6,10,6,3,6,7,0,0,0,1,1,0,0,0,6.24089E+20,5.44323E+21,1.0701E+16,4.91294E+16
72042,72043,9,5,75,166,2016,6,6,6,3,4,6,0,0,0,1,0,0,0,0,6.15546E+20,5.47937E+21,1.05944E+16,4.9456E+16
72043,72044,9,3,72,116,2016,6,19,1,3,8,1,0,1,0,1,0,0,0,0,7.61064E+20,5.45648E+21,1.25844E+16,4.92054E+16
72044,72045,9,4,71,220,2016,5,6,2,2,3,1,0,1,0,1,0,0,0,0,6.21203E+20,5.51008E+21,1.06819E+16,4.9731E+16
72045,72046,9,6,75,117,2016,5,18,2,3,7,7,0,0,0,1,0,0,0,0,5.76373E+20,5.5161E+21,1.00611E+16,4.97925E+16
72046,72047,9,3,75,131,2016,6,10,5,3,0,6,0,1,0,0,0,0,0,1,7.14093E+20,5.44401E+21,1.19338E+16,4.91116E+16
72047,72048,9,1,89,159,2016,6,14,6,3,2,3,0,0,0,1,0,1,0,0,7.62635E+20,5.30224E+21,1.25088E+16,4.78199E+16
72048,72049,9,7,74,115,2016,6,19,5,2,0,7,0,1,1,0,0,0,0,0,6.10927E+20,5.34494E+21,1.04942E+16,4.82479E+16
72049,72050,9,6,77,120,2016,6,22,7,2,5,3,2,1,0,1,0,0,0,0,5.36885E+20,5.5234E+21,9.5132E+15,4.98619E+16
72050,72051,9,7,75,118,2016,6,14,4,3,4,6,0,0,0,1,0,0,0,0,5.92868E+20,5.3437E+21,1.02508E+16,4.82397E+16
72051,72052,9,6,63,0,2016,6,10,4,3,0,1,0,1,0,0,0,1,0,0,5.69149E+20,5.51728E+21,9.96097E+15,4.9804E+16
72052,72053,9,1,89,149,2016,6,15,7,2,8,1,0,0,0,0,0,1,0,0,7.64168E+20,5.33114E+21,1.2547E+16,4.80787E+16
72053,72054,9,6,75,174,2016,6,16,6,2,8,7,0,1,1,0,0,0,0,0,5.85815E+20,5.52537E+21,1.01943E+16,4.98746E+16
72054,72055,9,5,62,0,2016,6,14,5,2,8,7,0,0,0,1,0,0,0,0,6.46856E+20,5.49241E+21,1.1031E+16,4.95664E+16
72055,72056,9,7,71,122,2016,6,10,4,3,2,6,0,0,0,1,0,0,0,0,6.5385E+20,5.36129E+21,1.10781E+16,4.8386E+16
72056,72057,9,2,61,0,2016,6,10,7,3,4,2,0,0,0,1,0,0,0,0,7.31596E+20,5.38155E+21,1.2138E+16,4.85442E+16
72057,72058,9,7,71,122,2016,6,14,6,3,2,6,0,1,0,1,0,0,0,0,6.52953E+20,5.36211E+21,1.10662E+16,4.83936E+16
72058,72059,9,6,72,113,2016,6,19,5,2,8,1,0,1,0,1,0,0,0,0,5.58738E+20,5.57434E+21,9.82506E+15,5.03183E+16
72059,72060,9,2,75,154,2016,6,15,4,3,8,7,0,1,0,1,0,0,0,0,8.06208E+20,5.39159E+21,1.31539E+16,4.86024E+16
72060,72061,9,1,61,0,2016,6,8,4,3,6,2,0,0,0,1,1,0,0,0,6.79112E+20,5.40505E+21,1.14378E+16,4.87727E+16
72061,72062,9,4,74,124,2016,6,16,6,3,7,2,0,0,0,1,0,0,0,0,6.65072E+20,5.50772E+21,1.12892E+16,4.96993E+16
72062,72063,9,2,75,154,2016,6,10,1,2,8,1,0,1,0,0,0,1,0,0,8.07749E+20,5.39509E+21,1.31774E+16,4.8633E+16
72063,72064,9,1,63,0,2016,6,0,6,3,3,2,2,0,1,1,0,0,0,0,7.33823E+20,5.30398E+21,1.21254E+16,4.78466E+16
72064,72065,9,6,79,205,2016,5,11,2,3,2,6,0,0,0,1,0,0,1,0,5.57719E+20,5.51438E+21,9.80172E+15,4.97791E+16
72065,72066,9,5,73,134,2016,6,17,5,3,2,6,0,1,0,1,0,0,0,0,6.39577E+20,5.47694E+21,1.09249E+16,4.94291E+16