FID,OBJECTID,ULAND,UREGBEZ,UKREIS,UGEMEINDE,UJAHR,UMONAT,USTUNDE,UWOCHENTAG,UKATEGORIE,UART,UTYP1,ULICHTVERH,IstStrasse,IstRad,IstPKW,IstFuss,IstKrad,IstGkfz,IstSonstig,LINREFX,LINREFY,XGCSWGS84,YGCSWGS84
72245,72246,9,1,84,141,2016,6,19,5,3,5,3,0,0,0,1,0,0,0,1,6.9808E+20,5.31657E+21,1.1654E+16,4.79718E+16
72246,72247,9,7,79,203,2016,6,10,4,3,4,1,0,1,0,1,0,0,1,0,6.1148E+20,5.41065E+21,1.05193E+16,4.88388E+16
72247,72248,9,5,71,171,2016,6,8,4,3,2,2,0,0,0,1,0,0,0,0,6.09023E+20,5.46645E+21,1.05009E+16,4.9341E+16
72248,72249,9,5,76,127,2016,6,13,6,3,9,6,0,0,0,1,0,0,0,0,6.64643E+20,5.44971E+21,1.12591E+16,4.91781E+16
72249,72250,9,3,77,129,2016,6,16,3,3,4,2,0,0,0,1,0,1,0,0,7.06853E+20,5.52711E+21,1.18782E+16,4.98607E+16
72250,72251,9,1,61,0,2016,6,15,2,2,5,3,0,0,0,1,0,1,0,0,6.79675E+20,5.40032E+21,1.14434E+16,4.873E+16
72251,72252,9,3,61,0,2016,6,17,6,3,1,6,0,0,0,1,0,0,0,0,7.07909E+20,5.48073E+21,1.18683E+16,4.94436E+16
72252,72253,9,4,74,132,2016,6,13,3,1,0,2,0,0,0,1,0,1,0,0,6.62513E+20,5.50067E+21,1.12508E+16,4.96367E+16
72253,72254,9,1,80,124,2016,6,14,4,3,6,4,0,1,0,1,1,0,0,0,6.65178E+20,5.28324E+21,1.12009E+16,4.76815E+16
72254,72255,9,3,76,116,2016,6,12,6,3,3,6,0,0,0,1,0,1,0,0,7.40198E+20,5.46273E+21,1.23021E+16,4.92701E+16
72255,72256,9,1,79,123,2016,6,7,6,3,5,3,0,0,1,1,0,0,0,0,6.7784E+20,5.33421E+21,1.13904E+16,4.81362E+16
72256,72257,9,1,84,138,2016,6,16,3,3,5,3,0,0,1,1,0,0,0,0,6.80867E+20,5.33072E+21,1.14296E+16,4.8104E+16
72257,72258,9,1,88,137,2016,6,18,6,3,3,2,0,0,0,1,0,0,0,0,6.72627E+20,5.31691E+21,1.13134E+16,4.79822E+16
72258,72259,9,7,75,152,2016,6,6,2,3,2,1,1,1,0,1,0,0,0,1,5.80706E+20,5.35303E+21,1.00888E+16,4.83253E+16
72259,72260,9,5,64,0,2016,6,18,7,3,2,6,0,0,0,1,0,1,0,0,6.48387E+20,5.47727E+21,1.10465E+16,4.943E+16
72260,72261,9,6,63,0,2016,6,13,2,2,8,7,0,0,0,1,0,0,1,1,5.68454E+20,5.51621E+21,9.95112E+15,4.97944E+16
72261,72262,9,5,71,115,2016,6,13,5,2,9,1,0,0,0,1,0,0,0,0,6.14826E+20,5.44883E+21,1.05757E+16,4.91815E+16
72262,72263,9,4,76,152,2016,6,16,5,3,1,5,0,0,1,1,0,0,0,0,6.69389E+20,5.59546E+21,1.13879E+16,5.04866E+16
72263,72264,9,2,75,149,2016,6,8,4,3,2,6,0,0,0,1,0,0,0,0,8.17778E+20,5.3722E+21,1.32957E+16,4.84227E+16
72264,72265,9,1,85,158,2016,6,16,5,2,4,1,0,0,0,1,0,0,1,0,6.68878E+20,5.38742E+21,1.12915E+16,4.86171E+16
72265,72266,9,7,75,152,2016,6,13,6,3,2,6,0,0,0,1,0,0,1,0,5.78081E+20,5.35374E+21,1.00535E+16,4.8332E+16
72266,72267,9,1,87,126,2016,6,21,7,2,0,3,2,1,0,1,0,1,0,0,7.43768E+20,5.32786E+21,1.22717E+16,4.80574E+16
72267,72268,9,7,71,130,2016,6,15,6,3,2,6,0,0,0,1,0,0,0,0,6.47183E+20,5.35829E+21,1.0987E+16,4.83606E+16
72268,72269,9,6,72,143,2016,6,14,3,3,8,7,0,0,0,0,0,1,0,0,5.86804E+20,5.55828E+21,1.02155E+16,5.01704E+16
72269,72270,9,1,89,126,2016,6,16,5,3,8,1,0,1,0,1,0,0,0,0,7.61039E+20,5.32618E+21,1.2502E+16,4.80355E+16
72270,72271,9,3,77,159,2016,6,16,4,3,0,7,0,1,0,0,0,1,0,1,7.26893E+20,5.53417E+21,1.21607E+16,4.99168E+16
72271,72272,9,5,75,129,2016,6,13,6,2,5,3,0,0,0,1,0,1,0,0,6.26488E+20,5.4871E+21,1.07478E+16,4.95233E+16
72272,72273,9,2,62,0,2016,6,8,3,3,3,6,0,0,0,1,0,1,0,0,8.28481E+20,5.38983E+21,1.34538E+16,4.85753E+16
72273,72274,9,1,87,118,2016,6,17,3,3,2,6,0,0,0,1,0,0,0,0,7.51448E+20,5.30276E+21,1.23599E+16,4.7829E+16
72274,72275,9,1,90,153,2016,6,10,6,3,3,6,0,0,0,1,0,0,0,1,6.7455E+20,5.2875E+21,1.13273E+16,4.77172E+16
72275,72276,9,1,62,0,2016,6,11,4,3,3,6,0,1,0,1,0,0,1,0,6.83472E+20,5.34256E+21,1.14697E+16,4.82097E+16
72276,72277,9,7,64,0,2016,6,15,5,3,2,6,0,0,0,1,0,0,0,0,5.88255E+20,5.31299E+21,1.01823E+16,4.79641E+16
72277,72278,9,7,61,0,2016,6,10,3,3,1,3,0,0,0,1,0,1,0,0,6.42438E+20,5.35931E+21,1.09233E+16,4.83708E+16
72278,72279,9,7,61,0,2016,6,17,2,3,2,1,0,0,0,1,0,0,1,1,6.4345E+20,5.36333E+21,1.09384E+16,4.84068E+16
72279,72280,9,3,75,180,2016,6,23,7,3,8,1,2,1,0,0,0,0,0,1,7.22929E+20,5.43208E+21,1.20482E+16,4.90013E+16
72280,72281,9,5,62,0,2016,6,16,2,2,2,6,0,0,0,1,0,0,0,0,6.40336E+20,5.49207E+21,1.09408E+16,4.95649E+16
72281,72282,9,3,75,179,2016,6,13,5,3,5,3,0,1,0,1,0,0,1,0,7.31987E+20,5.42802E+21,1.21695E+16,4.89615E+16
72282,72283,9,1,78,120,2016,6,15,5,3,3,6,0,1,0,1,0,0,1,0,6.94967E+20,5.35327E+21,1.16292E+16,4.83026E+16
72283,72284,9,5,74,112,2016,6,1,4,1,2,6,2,0,0,1,0,0,1,0,6.69599E+20,5.47259E+21,1.13368E+16,4.93824E+16
72284,72285,9,7,76,116,2016,6,8,3,3,0,1,0,0,1,0,0,0,0,0,5.52999E+20,5.26823E+21,9.70458E+15,4.75653E+16
72285,72286,9,7,78,165,2016,6,16,2,3,5,3,0,0,1,1,0,0,0,0,5.84534E+20,5.30079E+21,1.01301E+16,4.78548E+16
72286,72287,9,4,74,122,2016,6,22,7,3,5,3,2,1,0,1,0,0,0,0,6.50895E+20,5.50381E+21,1.10912E+16,4.96679E+16
72287,72288,9,5,71,208,2016,6,10,7,2,5,3,0,0,0,1,0,1,0,0,6.18145E+20,5.43789E+21,1.0618E+16,4.90825E+16
72288,72289,9,6,76,112,2016,6,19,2,3,0,1,0,0,0,0,0,1,0,0,5.13563E+20,5.49928E+21,9.18787E+15,4.96459E+16
72289,72290,9,4,74,122,2016,6,15,5,2,8,1,0,0,0,1,0,1,0,0,6.50152E+20,5.50322E+21,1.10807E+16,4.96628E+16
72290,72291,9,2,73,152,2016,6,11,4,3,0,7,0,0,1,0,0,0,0,0,7.04005E+20,5.41194E+21,1.17797E+16,4.88269E+16
72291,72292,9,1,76,129,2016,6,8,5,2,4,6,0,1,0,1,0,1,0,0,6.89948E+20,5.4104E+21,1.15876E+16,4.88176E+16
72292,72293,9,6,72,131,2016,6,19,4,2,5,3,0,0,0,1,0,1,0,0,5.88786E+20,5.55949E+21,1.02436E+16,5.01809E+16
72293,72294,9,7,76,117,2016,6,7,6,3,4,2,0,0,0,1,0,1,0,0,5.68004E+20,5.2738E+21,9.90491E+15,4.7614E+16
72294,72295,9,7,78,116,2016,6,11,1,3,8,6,0,1,0,1,0,0,0,0,6.20227E+20,5.32211E+21,1.0613E+16,4.80409E+16
72295,72296,9,1,74,115,2016,6,13,7,2,4,1,0,1,0,1,0,0,0,0,6.81841E+20,5.35037E+21,1.14511E+16,4.82804E+16
72296,72297,9,6,63,0,2016,6,12,6,3,5,3,0,0,1,1,0,0,0,0,5.67695E+20,5.51327E+21,9.94007E+15,4.97681E+16
72297,72298,9,6,71,134,2016,6,7,3,2,8,1,0,0,0,1,0,0,0,0,5.00291E+20,5.54919E+21,9.00407E+15,5.0095E+16
72298,72299,9,3,72,153,2016,6,6,4,3,4,2,0,0,0,1,0,0,0,0,7.56648E+20,5.45601E+21,1.25235E+16,4.9203E+16
72299,72300,9,4,64,0,2016,6,11,6,2,5,3,0,0,0,1,0,0,0,0,7.0738E+20,5.57777E+21,1.1913E+16,5.03155E+16
72300,72301,9,2,79,122,2016,6,20,3,3,5,3,1,0,0,1,0,0,0,0,7.72772E+20,5.3959E+21,1.27043E+16,4.86566E+16
72301,72302,9,1,61,0,2016,6,22,3,3,2,6,2,0,0,1,0,0,0,1,6.80727E+20,5.40246E+21,1.14586E+16,4.87489E+16
72302,72303,9,1,80,117,2016,6,16,6,3,2,6,0,0,0,1,0,0,0,0,6.5578E+20,5.2612E+21,1.10679E+16,4.74856E+16
72303,72304,9,1,74,122,2016,6,6,4,3,5,3,0,0,0,1,0,0,0,0,6.84543E+20,5.35313E+21,1.14887E+16,4.83045E+16
72304,72305,9,1,79,123,2016,6,16,2,3,0,7,0,0,1,0,0,0,0,0,6.77864E+20,5.33422E+21,1.13908E+16,4.81363E+16
72305,72306,9,7,71,111,2016,6,19,5,3,2,6,0,0,0,1,0,0,0,0,6.57815E+20,5.35813E+21,1.11304E+16,4.83566E+16
72306,72307,9,1,79,117,2016,6,17,3,3,0,7,0,0,1,0,0,0,0,0,6.60506E+20,5.35006E+21,1.11636E+16,4.82834E+16
72307,72308,9,7,61,0,2016,6,8,2,3,2,6,0,0,0,1,0,0,1,0,6.41226E+20,5.3562E+21,1.09059E+16,4.83432E+16
72308,72309,9,3,61,0,2016,6,13,7,3,5,3,0,0,1,1,0,0,0,0,7.07575E+20,5.4808E+21,1.18637E+16,4.94444E+16
72309,72310,9,5,75,153,2016,6,16,2,3,8,1,0,0,0,1,0,0,0,0,6.13218E+20,5.49402E+21,1.05665E+16,4.95881E+16
72310,72311,9,5,71,136,2016,6,12,2,3,2,6,0,0,0,1,0,0,0,0,5.95062E+20,5.43673E+21,1.03017E+16,4.90761E+16
72311,72312,9,2,63,0,2016,6,12,5,3,0,1,0,0,0,0,0,1,0,0,7.61267E+20,5.42049E+21,1.25639E+16,4.88822E+16
72312,72313,9,5,74,138,2016,6,14,1,3,5,3,0,0,1,1,0,0,0,0,6.65504E+20,5.48365E+21,1.1285E+16,4.94829E+16
72313,72314,9,1,84,145,2016,6,17,4,3,5,2,0,0,0,1,0,0,0,0,6.98666E+20,5.3246E+21,1.16656E+16,4.80438E+16
72314,72315,9,5,63,0,2016,6,7,4,3,5,2,0,0,0,1,0,0,0,0,6.41806E+20,5.48844E+21,1.09598E+16,4.95319E+16
72315,72316,9,1,90,132,2016,6,13,2,3,5,3,0,0,1,1,0,0,0,0,6.74338E+20,5.29538E+21,1.13277E+16,4.77881E+16
72316,72317,9,7,78,202,2016,6,10,1,3,9,1,0,1,0,1,0,0,0,0,5.89571E+20,5.31687E+21,1.02007E+16,4.79988E+16
72317,72318,9,6,78,178,2016,6,20,6,3,5,3,0,0,0,1,0,0,0,0,5.89317E+20,5.54313E+21,1.02472E+16,5.00338E+16
72318,72319,9,5,75,145,2016,6,6,3,3,5,3,0,0,0,1,0,1,0,0,6.15424E+20,5.48556E+21,1.05945E+16,4.95117E+16
72319,72320,9,3,74,139,2016,6,12,6,3,2,6,0,0,0,1,0,0,0,0,7.27177E+20,5.51525E+21,1.21536E+16,4.97467E+16
72320,72321,9,2,73,165,2016,6,6,2,3,5,3,0,0,0,1,0,0,0,0,7.16719E+20,5.41066E+21,1.1952E+16,4.88111E+16
72321,72322,9,7,76,124,2016,6,19,1,3,9,1,0,0,0,0,0,1,0,0,5.72318E+20,5.27618E+21,9.96271E+15,4.7635E+16
72322,72323,9,6,74,129,2016,6,9,6,3,5,3,0,0,0,1,0,0,0,0,6.18466E+20,5.53973E+21,1.0653E+16,4.99981E+16
72323,72324,9,5,72,164,2016,6,19,3,3,2,1,0,0,0,1,0,1,0,0,6.32224E+20,5.49712E+21,1.08303E+16,4.96122E+16
72324,72325,9,5,64,0,2016,6,10,3,3,2,6,0,0,0,1,0,0,0,0,6.53692E+20,5.4782E+21,1.11199E+16,4.9437E+16
72325,72326,9,4,62,0,2016,6,14,6,3,2,6,0,0,0,1,0,0,0,0,6.83113E+20,5.53468E+21,1.15518E+16,4.99364E+16
72326,72327,9,1,84,120,2016,6,7,3,3,2,6,0,0,0,1,0,0,0,0,6.81495E+20,5.33337E+21,1.14392E+16,4.81276E+16
72327,72328,9,1,89,111,2016,6,10,6,2,5,3,0,0,1,0,0,0,1,0,7.60805E+20,5.3233E+21,1.24971E+16,4.80098E+16
72328,72329,9,1,74,135,2016,6,15,2,3,5,2,0,0,0,1,0,0,0,0,6.63048E+20,5.35296E+21,1.1199E+16,4.83088E+16
72329,72330,9,6,78,136,2016,6,17,5,3,5,3,0,0,1,0,0,1,0,0,5.88526E+20,5.54094E+21,1.02356E+16,5.00142E+16
72330,72331,9,1,74,115,2016,6,15,3,3,6,3,0,0,0,1,1,0,0,0,6.83288E+20,5.34812E+21,1.14696E+16,4.82598E+16
72331,72332,9,2,75,138,2016,6,9,7,2,0,7,0,1,1,0,0,0,0,0,8.12162E+20,5.38595E+21,1.32303E+16,4.85489E+16
72332,72333,9,4,62,0,2016,6,15,2,2,5,3,0,0,1,1,0,0,0,0,6.85978E+20,5.53469E+21,1.15917E+16,4.99356E+16
72333,72334,9,2,73,111,2016,6,17,5,3,1,6,0,0,0,1,0,0,0,1,7.1054E+20,5.41024E+21,1.18677E+16,4.88095E+16
72334,72335,9,5,74,138,2016,6,13,1,3,5,7,0,0,0,1,0,0,0,0,6.63965E+20,5.48698E+21,1.12652E+16,4.95133E+16
72335,72336,9,7,74,135,2016,6,13,4,3,5,3,0,1,1,1,0,0,0,0,5.94965E+20,5.36868E+21,1.02846E+16,4.84641E+16
72336,72337,9,5,77,177,2016,6,21,4,3,5,3,1,1,1,1,0,0,0,0,6.4413E+20,5.43299E+21,1.09719E+16,4.9033E+16
72337,72338,9,6,71,134,2016,6,14,6,2,5,3,0,0,0,1,0,1,0,0,5.01101E+20,5.54739E+21,9.01539E+15,5.00788E+16
72338,72339,9,1,87,179,2016,6,16,2,3,9,1,0,0,0,1,0,0,0,0,7.30406E+20,5.31762E+21,1.20871E+16,4.79703E+16
72339,72340,9,4,79,169,2016,6,9,3,3,2,2,0,0,0,1,0,1,0,0,7.16081E+20,5.54772E+21,1.2018E+16,5.00425E+16
72340,72341,9,3,72,142,2016,6,19,6,3,2,2,0,0,0,1,0,0,0,0,7.58701E+20,5.44711E+21,1.2546E+16,4.91223E+16
72341,72342,9,1,74,113,2016,6,7,4,3,2,6,0,1,0,1,0,0,0,0,6.74675E+20,5.34518E+21,1.13524E+16,4.82358E+16
72342,72343,9,1,85,149,2016,6,8,6,3,5,2,0,0,0,1,0,1,0,0,6.63135E+20,5.39873E+21,1.1218E+16,4.87202E+16
72343,72344,9,5,72,143,2016,6,9,7,3,5,3,0,0,1,1,0,0,0,0,6.27962E+20,5.5129E+21,1.07765E+16,4.9755E+16
72344,72345,9,5,64,0,2016,6,7,5,3,3,6,0,0,0,1,0,0,0,0,6.49766E+20,5.48184E+21,1.10672E+16,4.94707E+16
72345,72346,9,1,62,0,2016,6,16,2,3,6,4,0,0,1,0,1,0,0,0,6.84419E+20,5.33541E+21,1.14793E+16,4.81452E+16
72346,72347,9,2,75,128,2016,6,16,4,3,4,2,0,0,0,1,0,0,0,1,8.28933E+20,5.39977E+21,1.34678E+16,4.86642E+16
72347,72348,9,1,82,123,2016,6,13,5,3,2,6,0,1,0,1,0,0,0,0,7.15132E+20,5.29876E+21,1.18734E+16,4.78062E+16
72348,72349,9,1,62,0,2016,6,8,6,3,2,7,0,0,0,1,0,0,0,0,6.97514E+20,5.33358E+21,1.16543E+16,4.81248E+16
72349,72350,9,1,87,163,2016,6,18,6,3,5,3,0,0,0,1,0,0,0,0,7.39238E+20,5.30928E+21,1.22006E+16,4.78923E+16
72350,72351,9,1,74,122,2016,6,18,2,2,4,6,0,0,0,1,0,1,0,0,6.86046E+20,5.35438E+21,1.15095E+16,4.83152E+16
72351,72352,9,5,76,113,2016,6,18,5,2,8,7,0,0,0,1,0,0,0,0,6.62342E+20,5.45358E+21,1.12292E+16,4.92135E+16
72352,72353,9,1,78,124,2016,6,19,3,2,8,1,0,0,0,0,0,1,0,0,7.01102E+20,5.36603E+21,1.17179E+16,4.84153E+16
72353,72354,9,2,71,151,2016,6,1,4,2,8,7,2,0,0,1,0,0,0,0,7.75918E+20,5.41385E+21,1.27589E+16,4.88163E+16
72354,72355,9,2,74,184,2016,6,11,7,2,5,3,0,1,0,1,0,0,0,0,7.48349E+20,5.36548E+21,1.23551E+16,4.83935E+16
72355,72356,9,3,76,163,2016,6,0,2,3,9,7,2,1,0,1,0,0,0,0,7.30301E+20,5.47581E+21,1.21738E+16,4.93913E+16
72356,72357,9,1,90,148,2016,6,14,5,3,2,6,0,1,0,1,0,1,0,0,6.41973E+20,5.29754E+21,1.08965E+16,4.78156E+16
72357,72358,9,7,71,122,2016,6,15,4,3,2,6,0,0,0,1,0,0,0,0,6.55041E+20,5.36018E+21,1.10937E+16,4.83757E+16
72358,72359,9,4,73,159,2016,6,7,4,3,2,6,0,0,0,1,0,0,0,0,6.43316E+20,5.5744E+21,1.10126E+16,5.03043E+16
72359,72360,9,5,72,137,2016,6,15,6,1,4,6,0,0,0,1,0,0,0,0,6.53643E+20,5.49253E+21,1.11248E+16,4.95659E+16
72360,72361,9,3,72,171,2016,6,17,3,2,9,1,0,0,0,1,0,0,0,0,7.68075E+20,5.47121E+21,1.26903E+16,4.93347E+16
72361,72362,9,2,76,117,2016,6,13,6,3,3,6,0,0,0,1,0,1,0,0,7.97863E+20,5.44346E+21,1.30787E+16,4.90718E+16
72362,72363,9,1,89,155,2016,6,15,4,3,2,6,0,0,0,1,0,0,0,0,7.72269E+20,5.30797E+21,1.26409E+16,4.78673E+16
72363,72364,9,1,78,124,2016,6,7,6,3,5,2,0,0,1,0,0,0,0,0,7.02884E+20,5.35918E+21,1.17387E+16,4.83532E+16
72364,72365,9,1,62,0,2016,6,9,3,3,1,5,0,0,0,1,0,1,0,0,7.0141E+20,5.33229E+21,1.1706E+16,4.8112E+16
72365,72366,9,1,81,130,2016,6,14,6,3,0,1,0,0,1,0,0,0,0,0,6.39335E+20,5.32289E+21,1.08695E+16,4.80441E+16
72366,72367,9,7,75,135,2016,6,13,2,3,0,3,0,0,1,0,0,1,0,0,5.75919E+20,5.35927E+21,1.00253E+16,4.83821E+16
72367,72368,9,5,71,193,2016,6,13,7,3,2,6,0,0,0,1,0,1,0,0,5.86366E+20,5.46974E+21,1.01897E+16,4.93742E+16
72368,72369,9,6,78,193,2016,6,14,2,3,3,6,0,0,0,1,0,0,0,0,5.80974E+20,5.53949E+21,1.01299E+16,5.00023E+16
72369,72370,9,4,72,190,2016,6,9,5,3,2,1,0,0,0,1,0,0,0,1,6.96551E+20,5.5246E+21,1.17338E+16,4.98416E+16
72370,72371,9,3,75,196,2016,6,18,4,3,8,1,0,1,0,1,0,0,0,0,7.28374E+20,5.41455E+21,1.21127E+16,4.88418E+16
72371,72372,9,1,86,162,2016,6,10,5,3,2,6,0,1,0,1,0,0,0,0,6.92658E+20,5.39164E+21,1.16157E+16,4.86481E+16
72372,72373,9,7,61,0,2016,6,7,4,3,3,6,0,1,0,1,0,0,0,1,6.41069E+20,5.35682E+21,1.0904E+16,4.83488E+16
72373,72374,9,7,78,116,2016,6,14,6,3,2,5,0,0,0,1,0,1,0,0,6.19961E+20,5.31965E+21,1.06088E+16,4.80189E+16
72374,72375,9,7,62,0,2016,6,20,1,3,5,3,0,1,0,1,0,0,0,0,6.21505E+20,5.30393E+21,1.0625E+16,4.78772E+16
72375,72376,9,1,82,136,2016,6,14,7,3,9,1,0,1,0,1,0,0,0,0,7.07833E+20,5.29532E+21,1.17743E+16,4.77777E+16
72376,72377,9,7,61,0,2016,6,14,6,3,2,1,0,0,0,1,0,0,0,1,6.40588E+20,5.36023E+21,1.08987E+16,4.83796E+16
72377,72378,9,6,62,0,2016,6,16,3,3,2,6,0,0,0,1,0,0,0,0,5.89128E+20,5.5448E+21,1.02449E+16,5.00488E+16
72378,72379,9,1,87,172,2016,6,17,5,3,9,1,0,1,0,1,0,0,0,0,7.3943E+20,5.29492E+21,1.21953E+16,4.77631E+16
72379,72380,9,3,62,0,2016,6,8,4,3,3,7,0,0,0,0,0,0,0,1,7.31107E+20,5.43221E+21,1.21599E+16,4.89995E+16
72380,72381,9,5,71,226,2016,6,16,6,2,3,2,0,0,1,0,0,1,0,0,6.29206E+20,5.45504E+21,1.07749E+16,4.92345E+16
72381,72382,9,2,74,184,2016,6,10,3,3,0,7,0,0,1,0,0,0,0,0,7.48543E+20,5.37163E+21,1.23614E+16,4.84487E+16
72382,72383,9,1,87,168,2016,6,7,3,3,5,3,0,0,0,1,0,1,0,0,7.50095E+20,5.30954E+21,1.23458E+16,4.78904E+16
72383,72384,9,1,83,148,2016,6,14,7,3,9,7,0,1,0,1,0,0,0,0,7.54138E+20,5.34483E+21,1.24207E+16,4.82058E+16
72384,72385,9,7,79,131,2016,6,11,6,3,2,6,0,0,0,1,0,0,0,0,6.27761E+20,5.39504E+21,1.07362E+16,4.86953E+16
72385,72386,9,2,75,134,2016,6,8,2,2,9,1,0,0,0,0,0,1,0,0,8.26081E+20,5.37689E+21,1.34112E+16,4.84605E+16
72386,72387,9,6,74,120,2016,6,15,3,2,9,1,0,0,0,0,0,1,1,0,6.10546E+20,5.55918E+21,1.05481E+16,5.01745E+16
72387,72388,9,1,89,111,2016,6,13,5,3,8,1,0,0,0,0,0,0,0,1,7.63129E+20,5.32268E+21,1.25279E+16,4.80032E+16
72388,72389,9,7,61,0,2016,6,17,4,2,5,7,0,1,1,1,0,0,0,0,6.40505E+20,5.35239E+21,1.08949E+16,4.83091E+16
72389,72390,9,4,74,161,2016,6,17,4,3,5,3,0,0,1,1,0,0,0,0,6.567E+20,5.51376E+21,1.11756E+16,4.97558E+16
72390,72391,9,5,77,177,2016,6,12,6,3,0,1,0,0,0,0,0,1,0,0,6.43368E+20,5.43251E+21,1.09613E+16,4.90288E+16
72391,72392,9,2,71,141,2016,6,18,3,3,2,6,0,0,0,1,0,0,0,0,7.95982E+20,5.40365E+21,1.30242E+16,4.87155E+16
72392,72393,9,1,89,129,2016,6,11,3,3,3,2,0,0,0,1,0,1,0,0,7.59485E+20,5.29519E+21,1.24626E+16,4.77578E+16
72393,72394,9,2,73,141,2016,6,22,6,2,5,3,2,0,0,1,0,1,0,0,7.2276E+20,5.41168E+21,1.20347E+16,4.88181E+16
72394,72395,9,1,76,161,2016,6,23,4,3,9,1,2,1,0,1,0,0,0,0,6.80962E+20,5.41629E+21,1.14679E+16,4.88731E+16
72395,72396,9,1,62,0,2016,6,14,5,3,2,2,0,0,0,1,0,0,0,0,6.9173E+20,5.33193E+21,1.15759E+16,4.81117E+16
72396,72397,9,7,77,121,2016,6,13,3,3,0,3,0,0,0,1,0,1,0,0,6.28693E+20,5.32183E+21,1.07265E+16,4.80368E+16
72397,72398,9,7,77,167,2016,6,16,2,3,4,6,0,0,0,1,0,0,0,0,6.1893E+20,5.29739E+21,1.05888E+16,4.78189E+16
72398,72399,9,4,61,0,2016,6,1,7,3,0,7,2,0,1,0,0,0,0,0,6.36169E+20,5.52987E+21,1.08964E+16,4.99057E+16
72399,72400,9,5,72,126,2016,6,6,2,3,2,6,0,0,0,1,0,0,0,1,6.34174E+20,5.50577E+21,1.08603E+16,4.96895E+16
72400,72401,9,3,77,158,2016,6,16,5,3,2,6,0,0,0,1,0,0,0,0,7.36406E+20,5.5441E+21,1.22991E+16,5.00023E+16
72401,72402,9,1,81,121,2016,6,19,5,2,5,3,0,0,0,1,0,0,0,0,6.39373E+20,5.31219E+21,1.08665E+16,4.79478E+16
72402,72403,9,6,76,134,2016,6,17,4,3,2,2,0,0,0,1,0,0,0,0,5.13222E+20,5.51406E+21,9.18365E+15,4.97788E+16
72403,72404,9,7,80,124,2016,6,17,6,3,5,2,0,0,0,1,0,1,0,0,5.88093E+20,5.26892E+21,1.01712E+16,4.75677E+16
72404,72405,9,2,75,119,2016,6,6,2,3,4,6,0,0,0,1,0,0,1,0,8.33668E+20,5.40112E+21,1.3533E+16,4.86738E+16
72405,72406,9,7,79,194,2016,6,18,1,3,0,7,0,0,1,0,0,0,0,0,6.09664E+20,5.41176E+21,1.04948E+16,4.88491E+16
72406,72407,9,6,75,141,2016,6,16,6,3,2,6,0,0,0,1,0,0,0,0,5.79742E+20,5.51251E+21,1.01072E+16,4.97598E+16
72407,72408,9,5,74,112,2016,6,19,3,3,8,1,0,0,0,1,0,0,0,0,6.71269E+20,5.47208E+21,1.13596E+16,4.93773E+16
72408,72409,9,5,65,0,2016,6,11,3,3,5,3,0,0,0,1,0,0,0,0,6.46897E+20,5.46639E+21,1.10219E+16,4.93326E+16
72409,72410,9,4,77,127,2016,6,12,6,1,4,6,0,0,0,0,0,1,1,0,6.79303E+20,5.55525E+21,1.15084E+16,5.01224E+16
72410,72411,9,2,73,159,2016,6,7,3,3,5,3,0,0,0,1,0,0,0,0,7.05883E+20,5.43091E+21,1.18148E+16,4.89967E+16
72411,72412,9,1,85,150,2016,6,12,3,3,0,6,0,0,0,1,0,0,1,0,6.55239E+20,5.39372E+21,1.11089E+16,4.86772E+16
72412,72413,9,1,73,112,2016,6,16,6,3,4,6,0,0,0,1,0,0,0,0,6.92598E+20,5.29207E+21,1.15698E+16,4.77532E+16
72413,72414,9,1,77,126,2016,6,5,2,3,8,1,0,1,0,1,0,0,0,0,7.16276E+20,5.36702E+21,1.19232E+16,4.84191E+16
72414,72415,9,6,79,194,2016,6,17,5,3,4,1,0,0,0,1,0,0,0,0,5.5996E+20,5.52703E+21,9.8348E+15,4.98927E+16
72415,72416,9,1,88,144,2016,6,9,3,3,0,6,0,0,0,0,0,1,0,0,6.6885E+20,5.32506E+21,1.12661E+16,4.80565E+16
72416,72417,9,7,71,113,2016,6,12,2,3,2,6,0,0,0,1,0,1,0,0,6.57443E+20,5.36931E+21,1.11296E+16,4.84573E+16
72417,72418,9,2,71,141,2016,6,18,7,3,9,1,0,0,0,1,0,0,0,0,7.94777E+20,5.40005E+21,1.30053E+16,4.86838E+16
72418,72419,9,1,90,142,2016,6,17,6,3,1,6,0,0,0,1,0,0,0,0,6.58638E+20,5.29621E+21,1.11185E+16,4.77997E+16
72419,72420,9,1,74,141,2016,6,13,4,2,5,3,0,0,0,1,0,0,0,0,6.83633E+20,5.35566E+21,1.14775E+16,4.83274E+16
72420,72421,9,7,75,134,2016,6,14,5,3,2,3,0,0,0,1,0,0,0,0,5.82578E+20,5.36415E+21,1.01162E+16,4.8425E+16
72421,72422,9,7,72,209,2016,6,14,3,3,2,6,0,0,0,1,0,0,1,0,6.34756E+20,5.33574E+21,1.08121E+16,4.81606E+16
72422,72423,9,7,72,207,2016,6,17,2,3,4,6,0,0,0,1,0,1,0,0,6.40847E+20,5.37986E+21,1.09088E+16,4.8556E+16
72423,72424,9,3,75,190,2016,6,16,7,3,0,7,0,0,1,0,0,0,0,0,7.28117E+20,5.4455E+21,1.21265E+16,4.91199E+16
72424,72425,9,5,74,154,2016,6,12,2,2,8,1,0,0,0,1,0,0,0,0,6.63085E+20,5.48545E+21,1.12524E+16,4.94997E+16