FID,OBJECTID,ULAND,UREGBEZ,UKREIS,UGEMEINDE,UJAHR,UMONAT,USTUNDE,UWOCHENTAG,UKATEGORIE,UART,UTYP1,ULICHTVERH,IstStrasse,IstRad,IstPKW,IstFuss,IstKrad,IstGkfz,IstSonstig,LINREFX,LINREFY,XGCSWGS84,YGCSWGS84
72425,72426,9,3,76,147,2016,6,16,5,3,2,2,0,0,0,1,0,0,0,0,7.42257E+20,5.46929E+21,1.23344E+16,4.93282E+16
72426,72427,9,1,77,133,2016,6,14,5,3,2,1,0,1,0,1,0,0,0,0,7.07593E+20,5.35468E+21,1.17999E+16,4.83112E+16
72427,72428,9,5,72,131,2016,6,18,4,3,5,3,0,1,0,1,0,0,0,0,6.5737E+20,5.49192E+21,1.11761E+16,4.95594E+16
72428,72429,9,2,73,116,2016,6,11,2,3,2,6,0,0,0,1,0,0,0,0,7.22954E+20,5.4257E+21,1.2045E+16,4.8944E+16
72429,72430,9,7,73,136,2016,6,12,1,3,2,6,0,0,0,0,0,1,0,0,5.99822E+20,5.37748E+21,1.03524E+16,4.85424E+16
72430,72431,9,6,78,138,2016,6,15,6,2,5,3,0,0,0,1,0,1,0,0,5.93106E+20,5.53939E+21,1.02991E+16,4.99995E+16
72431,72432,9,5,71,199,2016,6,15,3,3,1,6,0,0,0,0,0,0,1,0,5.877E+20,5.45098E+21,1.0204E+16,4.92053E+16
72432,72433,9,4,74,126,2016,6,9,6,3,1,7,0,0,0,1,0,1,0,0,6.48079E+20,5.50609E+21,1.10531E+16,4.96891E+16
72433,72434,9,1,89,155,2016,6,13,6,3,2,6,0,0,0,1,0,0,0,0,7.71664E+20,5.30973E+21,1.26339E+16,4.78833E+16
72434,72435,9,1,78,145,2016,6,9,2,3,2,6,0,0,0,1,0,0,0,0,6.96111E+20,5.35608E+21,1.16459E+16,4.83275E+16
72435,72436,9,6,76,144,2016,6,18,5,3,2,6,0,0,0,1,0,0,0,0,5.07809E+20,5.52921E+21,9.10877E+15,4.99152E+16
72436,72437,9,1,62,0,2016,6,14,3,3,2,6,0,0,0,1,0,0,0,0,6.9863E+20,5.33508E+21,1.167E+16,4.8138E+16
72437,72438,9,3,76,141,2016,6,9,4,3,2,1,0,0,0,1,0,0,0,0,7.257E+20,5.45052E+21,1.20963E+16,4.9166E+16
72438,72439,9,2,62,0,2016,6,11,7,3,3,6,0,0,0,1,0,0,1,0,8.25889E+20,5.3895E+21,1.34185E+16,4.85737E+16
72439,72440,9,3,74,160,2016,6,7,2,3,2,6,0,0,0,1,0,0,0,0,7.31411E+20,5.51088E+21,1.22097E+16,4.97059E+16
72440,72441,9,1,88,139,2016,6,17,5,3,9,1,0,0,0,1,0,0,0,0,6.78505E+20,5.31956E+21,1.13932E+16,4.80044E+16
72441,72442,9,5,64,0,2016,6,14,1,3,5,2,0,0,0,1,0,0,0,0,6.54435E+20,5.48075E+21,1.11312E+16,4.94598E+16
72442,72443,9,7,76,116,2016,6,5,4,3,0,1,0,1,1,0,0,0,0,0,5.51569E+20,5.26775E+21,9.68552E+15,4.75611E+16
72443,72444,9,5,75,135,2016,6,16,4,2,4,6,0,0,0,1,0,0,0,0,6.1039E+20,5.4847E+21,1.05247E+16,4.95048E+16
72444,72445,9,5,72,444,2016,6,8,6,3,1,6,0,0,0,1,0,0,1,0,6.4939E+20,5.48817E+21,1.10644E+16,4.95278E+16
72445,72446,9,1,82,120,2016,6,8,2,3,2,6,0,0,0,1,0,0,1,0,7.02517E+20,5.30772E+21,1.17093E+16,4.78908E+16
72446,72447,9,3,71,136,2016,6,14,6,3,5,3,0,0,0,1,0,0,1,0,7.11465E+20,5.47542E+21,1.19144E+16,4.93947E+16
72447,72448,9,4,79,152,2016,6,16,2,3,5,3,0,0,0,1,0,0,0,0,7.23196E+20,5.56218E+21,1.21256E+16,5.01697E+16
72448,72449,9,2,77,151,2016,6,3,5,3,8,7,2,0,0,1,0,0,0,0,7.74141E+20,5.36686E+21,1.27037E+16,4.83953E+16
72449,72450,9,5,64,0,2016,6,21,1,3,5,6,2,0,1,1,0,0,0,0,6.472E+20,5.48661E+21,1.10336E+16,4.95142E+16
72450,72451,9,7,75,135,2016,6,14,4,3,2,6,0,1,0,1,0,0,0,0,5.76111E+20,5.36158E+21,1.00283E+16,4.84028E+16
72451,72452,9,5,64,0,2016,6,10,4,3,0,1,0,0,1,0,0,0,0,0,6.53194E+20,5.4807E+21,1.11141E+16,4.94596E+16
72452,72453,9,1,73,112,2016,6,12,2,3,3,2,0,0,0,1,0,1,0,0,6.92149E+20,5.29316E+21,1.15642E+16,4.77631E+16
72453,72454,9,7,72,186,2016,6,4,1,2,9,1,2,0,0,1,0,0,0,0,6.38633E+20,5.3436E+21,1.08668E+16,4.82305E+16
72454,72455,9,6,76,139,2016,6,23,6,2,2,7,2,0,0,1,0,0,0,0,5.18707E+20,5.50594E+21,9.25945E+15,4.97056E+16
72455,72456,9,5,71,136,2016,6,15,3,3,0,6,0,0,0,1,0,1,0,0,5.9583E+20,5.43894E+21,1.03127E+16,4.90958E+16
72456,72457,9,3,74,132,2016,6,18,6,3,1,6,0,0,0,1,0,0,0,0,7.36567E+20,5.49678E+21,1.22726E+16,4.95773E+16
72457,72458,9,1,82,123,2016,6,13,6,3,2,1,0,0,0,1,0,0,0,0,7.16469E+20,5.30035E+21,1.1892E+16,4.78201E+16
72458,72459,9,6,73,117,2016,6,18,7,2,8,1,0,0,0,1,0,0,0,0,5.72463E+20,5.58334E+21,1.00196E+16,5.03977E+16
72459,72460,9,1,75,118,2016,6,20,2,3,2,2,1,0,0,0,0,1,0,1,7.14443E+20,5.33991E+21,1.18847E+16,4.81762E+16
72460,72461,9,5,74,112,2016,6,14,5,3,8,1,0,0,0,1,0,0,0,0,6.73799E+20,5.47546E+21,1.13959E+16,4.9407E+16
72461,72462,9,1,75,123,2016,6,21,3,3,2,6,1,0,0,1,0,0,1,0,7.24152E+20,5.33712E+21,1.20137E+16,4.81478E+16
72462,72463,9,2,75,154,2016,6,16,4,3,5,6,0,0,0,1,0,0,0,1,8.0353E+20,5.39227E+21,1.31182E+16,4.86098E+16
72463,72464,9,1,87,134,2016,6,21,5,2,8,1,2,1,0,1,0,0,0,0,7.39599E+20,5.31917E+21,1.2211E+16,4.79809E+16
72464,72465,9,1,75,122,2016,6,11,7,3,0,1,0,1,1,0,0,0,0,0,7.23146E+20,5.32323E+21,1.19929E+16,4.80234E+16
72465,72466,9,2,74,121,2016,6,10,7,3,5,2,0,1,0,1,0,1,0,0,7.22223E+20,5.37201E+21,1.20061E+16,4.84619E+16
72466,72467,9,2,71,146,2016,6,17,2,3,5,3,0,0,0,1,0,0,0,0,7.8329E+20,5.41071E+21,1.28569E+16,4.87848E+16
72467,72468,9,6,79,135,2016,6,12,3,3,3,6,0,0,0,1,0,0,0,1,5.72637E+20,5.4908E+21,1.00045E+16,4.95655E+16
72468,72469,9,1,71,125,2016,6,14,5,3,0,1,0,1,0,1,0,0,0,0,7.80171E+20,5.35111E+21,1.27745E+16,4.82512E+16
72469,72470,9,7,71,122,2016,6,4,4,3,7,7,2,1,0,1,0,0,1,0,6.53166E+20,5.36193E+21,1.10691E+16,4.83919E+16
72470,72471,9,4,72,175,2016,6,16,4,3,8,1,0,1,0,1,0,0,1,0,6.79629E+20,5.52159E+21,1.14973E+16,4.98198E+16
72471,72472,9,5,64,0,2016,6,15,6,3,6,1,0,0,1,0,1,0,0,0,6.48653E+20,5.48099E+21,1.10515E+16,4.94634E+16
72472,72473,9,2,76,113,2016,6,16,3,2,5,3,0,0,0,1,0,1,0,0,7.91214E+20,5.44935E+21,1.29922E+16,4.91279E+16
72473,72474,9,1,90,157,2016,6,8,3,3,5,2,0,0,1,1,0,0,0,0,6.60491E+20,5.30075E+21,1.11449E+16,4.784E+16
72474,72475,9,2,72,118,2016,6,15,6,3,5,3,0,0,0,1,0,1,0,0,8.33407E+20,5.41574E+21,1.35413E+16,4.88051E+16
72475,72476,9,1,89,160,2016,6,9,4,2,4,1,0,0,0,0,0,1,0,1,7.60831E+20,5.29085E+21,1.24779E+16,4.77182E+16
72476,72477,9,1,77,124,2016,6,9,6,3,4,1,0,0,0,1,0,0,1,0,7.26572E+20,5.36644E+21,1.20619E+16,4.84104E+16
72477,72478,9,7,76,114,2016,6,6,3,3,5,3,0,0,0,1,0,0,0,0,5.68964E+20,5.27493E+21,9.91786E+15,4.76241E+16
72478,72479,9,7,78,168,2016,6,12,2,3,0,1,0,0,1,0,0,0,0,0,6.04317E+20,5.3115E+21,1.03971E+16,4.79483E+16
72479,72480,9,4,72,139,2016,6,15,7,3,0,7,0,1,0,0,0,1,0,0,6.96213E+20,5.55278E+21,1.17434E+16,5.00948E+16
72480,72481,9,5,71,136,2016,6,13,7,2,6,4,0,0,0,0,1,0,1,0,5.97225E+20,5.4357E+21,1.0331E+16,4.90664E+16
72481,72482,9,6,62,0,2016,6,17,2,2,8,7,0,0,0,1,0,0,0,0,5.88099E+20,5.54596E+21,1.02308E+16,5.00594E+16
72482,72483,9,4,77,157,2016,6,17,3,3,2,2,0,0,0,1,0,0,0,1,6.71311E+20,5.54296E+21,1.13912E+16,5.00143E+16
72483,72484,9,1,90,153,2016,6,13,4,3,2,6,0,1,0,1,0,0,1,0,6.74306E+20,5.28831E+21,1.13244E+16,4.77246E+16
72484,72485,9,3,74,132,2016,6,14,6,2,2,7,0,0,0,1,0,0,0,0,7.35931E+20,5.49618E+21,1.22635E+16,4.95722E+16
72485,72486,9,1,88,124,2016,6,14,6,2,0,1,0,0,1,1,0,0,0,0,6.63014E+20,5.3185E+21,1.11853E+16,4.7999E+16
72486,72487,9,1,84,132,2016,6,17,3,3,0,6,0,0,0,1,0,0,0,1,6.83825E+20,5.32942E+21,1.14687E+16,4.80915E+16
72487,72488,9,1,88,137,2016,6,11,6,3,0,7,0,0,1,0,0,0,0,0,6.73845E+20,5.31656E+21,1.13296E+16,4.79787E+16
72488,72489,9,5,64,0,2016,6,14,7,3,5,3,0,0,1,1,0,0,0,0,6.47765E+20,5.47646E+21,1.10376E+16,4.94229E+16
72489,72490,9,7,71,113,2016,6,8,2,3,3,7,0,0,0,1,0,0,0,0,6.56079E+20,5.36666E+21,1.11101E+16,4.84337E+16
72490,72491,9,1,75,133,2016,6,19,2,3,2,2,0,0,0,1,0,0,0,0,7.06155E+20,5.34059E+21,1.17737E+16,4.81851E+16
72491,72492,9,5,77,125,2016,6,17,5,3,2,6,0,0,0,1,0,0,0,0,6.43804E+20,5.43475E+21,1.09681E+16,4.90489E+16
72492,72493,9,4,75,158,2016,6,15,5,3,2,2,0,0,1,0,0,0,0,1,7.08624E+20,5.5725E+21,1.19275E+16,5.02677E+16
72493,72494,9,2,62,0,2016,6,13,4,3,6,7,0,0,0,1,1,0,0,0,8.28749E+20,5.3897E+21,1.34573E+16,4.8574E+16
72494,72495,9,1,76,120,2016,6,18,5,3,3,6,0,0,0,1,0,0,1,0,6.80863E+20,5.41893E+21,1.14678E+16,4.88969E+16
72495,72496,9,7,78,216,2016,6,9,6,3,2,7,0,0,0,0,0,0,1,0,6.24315E+20,5.32099E+21,1.06675E+16,4.80301E+16
72496,72497,9,1,72,117,2016,6,9,7,2,2,2,0,0,0,1,0,0,0,0,7.95278E+20,5.2901E+21,1.29357E+16,4.76968E+16
72497,72498,9,7,72,223,2016,6,7,6,3,3,6,0,0,0,1,0,0,1,0,6.18656E+20,5.36309E+21,1.06034E+16,4.84098E+16
72498,72499,9,6,72,139,2016,6,17,3,2,5,3,0,0,0,1,0,1,0,0,5.65182E+20,5.56016E+21,9.91312E+15,5.019E+16
72499,72500,9,1,89,155,2016,6,7,5,3,2,6,0,1,0,1,0,0,1,0,7.71379E+20,5.30792E+21,1.26289E+16,4.78672E+16
72500,72501,9,4,61,0,2016,6,16,4,3,0,6,0,0,0,1,0,1,0,0,6.37985E+20,5.52874E+21,1.09213E+16,4.98951E+16
72501,72502,9,5,77,172,2016,6,18,6,3,5,7,0,0,0,1,0,0,0,0,6.35256E+20,5.43835E+21,1.08523E+16,4.90832E+16
72502,72503,9,2,75,138,2016,6,13,3,2,9,1,0,0,0,1,0,0,0,0,8.15183E+20,5.3836E+21,1.32693E+16,4.85262E+16
72503,72504,9,1,63,0,2016,6,15,3,2,2,6,0,0,1,0,0,0,1,0,7.32714E+20,5.30737E+21,1.21125E+16,4.78775E+16
72504,72505,9,2,79,125,2016,6,11,6,1,4,2,0,0,0,0,0,1,1,0,7.62751E+20,5.39555E+21,1.25682E+16,4.86577E+16
72505,72506,9,1,62,0,2016,6,7,4,3,8,1,0,1,0,1,0,0,0,0,6.79669E+20,5.33357E+21,1.14147E+16,4.813E+16
72506,72507,9,1,84,148,2016,6,14,5,3,0,1,0,1,0,0,0,1,0,0,6.95145E+20,5.32608E+21,1.16191E+16,4.80581E+16
72507,72508,9,7,72,111,2016,6,11,3,3,3,6,0,0,0,1,0,0,1,0,6.25973E+20,5.36421E+21,1.07026E+16,4.84184E+16
72508,72509,9,7,73,144,2016,6,19,2,3,1,1,0,0,1,1,0,0,0,0,6.0502E+20,5.38012E+21,1.04235E+16,4.85653E+16
72509,72510,9,3,77,129,2016,6,7,7,3,5,3,0,0,0,1,0,0,0,0,7.08652E+20,5.52788E+21,1.19036E+16,4.98669E+16
72510,72511,9,5,72,111,2016,6,18,2,3,5,2,0,0,1,1,0,0,0,0,6.36296E+20,5.50905E+21,1.08908E+16,4.97185E+16
72511,72512,9,3,74,139,2016,6,7,5,2,5,3,0,0,0,1,0,0,0,0,7.27425E+20,5.51444E+21,1.21566E+16,4.97394E+16
72512,72513,9,1,86,152,2016,6,10,5,3,2,6,0,1,0,1,0,0,0,0,6.91319E+20,5.37331E+21,1.15892E+16,4.84838E+16
72513,72514,9,6,61,0,2016,6,22,4,3,5,3,2,0,0,1,0,1,0,0,5.07041E+20,5.53459E+21,9.09817E+15,4.99636E+16
72514,72515,9,2,74,128,2016,6,11,2,3,5,3,0,0,0,1,0,0,1,0,7.354E+20,5.38638E+21,1.21922E+16,4.85862E+16
72515,72516,9,7,74,144,2016,6,16,1,3,2,1,0,1,0,1,0,0,0,0,6.13925E+20,5.36197E+21,1.05392E+16,4.84006E+16
72516,72517,9,6,74,163,2016,6,17,6,3,5,3,0,0,0,1,0,0,0,0,6.11102E+20,5.53896E+21,1.055E+16,4.99926E+16
72517,72518,9,5,72,160,2016,6,9,3,3,4,6,0,0,0,1,0,0,0,0,6.22599E+20,5.50949E+21,1.07011E+16,4.97254E+16
72518,72519,9,5,63,0,2016,6,16,3,2,8,6,0,0,0,1,0,0,0,0,6.43968E+20,5.48163E+21,1.09872E+16,4.94702E+16
72519,72520,9,4,74,126,2016,6,5,5,2,5,3,1,0,0,1,0,0,0,0,6.48963E+20,5.50721E+21,1.10657E+16,4.96989E+16
72520,72521,9,2,78,148,2016,6,19,4,3,8,7,0,1,0,1,0,0,0,0,7.30868E+20,5.40726E+21,1.21425E+16,4.87754E+16
72521,72522,9,1,76,123,2016,6,15,5,3,0,7,0,0,1,0,0,0,0,0,6.59274E+20,5.41845E+21,1.11732E+16,4.88985E+16
72522,72523,9,6,78,134,2016,6,11,4,3,5,3,0,1,0,1,0,0,0,0,5.96492E+20,5.52841E+21,1.03436E+16,4.99003E+16
72523,72524,9,7,77,151,2016,6,19,6,2,8,1,0,0,0,0,0,1,0,0,6.19859E+20,5.29224E+21,1.05998E+16,4.77724E+16
72524,72525,9,7,71,122,2016,6,15,1,3,0,7,0,0,1,0,0,0,0,0,6.49534E+20,5.36064E+21,1.10196E+16,4.83812E+16
72525,72526,9,1,79,123,2016,6,18,7,3,5,3,0,1,0,1,0,0,0,0,6.76546E+20,5.33427E+21,1.13731E+16,4.81372E+16
72526,72527,9,6,75,142,2016,6,15,6,3,2,6,0,0,0,1,0,0,0,0,5.94613E+20,5.51442E+21,1.03141E+16,4.97748E+16
72527,72528,9,6,76,134,2016,6,8,3,3,9,1,0,0,0,1,0,0,0,0,5.11916E+20,5.5139E+21,9.1655E+15,4.97774E+16
72528,72529,9,3,72,124,2016,6,16,4,3,5,2,0,1,0,1,0,0,0,0,7.84156E+20,5.46771E+21,1.29086E+16,4.9296E+16
72529,72530,9,4,75,142,2016,6,23,6,3,9,1,2,0,0,1,0,0,0,0,7.04032E+20,5.56657E+21,1.186E+16,5.02161E+16
72530,72531,9,2,61,0,2016,6,17,3,2,1,6,0,0,0,0,0,1,0,0,7.33281E+20,5.38088E+21,1.21605E+16,4.85376E+16
72531,72532,9,1,82,127,2016,6,17,3,3,5,3,0,0,1,1,0,0,0,0,6.99846E+20,5.30986E+21,1.16746E+16,4.79109E+16
72532,72533,9,1,90,148,2016,6,13,6,3,0,3,0,0,1,1,0,0,0,0,6.41648E+20,5.29763E+21,1.08922E+16,4.78164E+16
72533,72534,9,1,74,126,2016,6,7,4,3,2,6,0,1,0,1,0,0,0,0,6.83683E+20,5.34395E+21,1.14731E+16,4.82221E+16
72534,72535,9,7,77,183,2016,6,21,5,1,8,1,2,1,0,1,0,0,0,0,6.30341E+20,5.29457E+21,1.07403E+16,4.77913E+16
72535,72536,9,1,88,139,2016,6,17,3,3,4,6,0,0,0,1,0,0,0,0,6.74157E+20,5.31762E+21,1.13342E+16,4.79881E+16
72536,72537,9,7,61,0,2016,6,19,3,2,0,1,1,0,0,0,0,1,0,0,6.41117E+20,5.35726E+21,1.09048E+16,4.83528E+16
72537,72538,9,7,61,0,2016,6,19,2,3,0,1,0,0,0,0,0,1,0,0,6.43584E+20,5.36059E+21,1.09392E+16,4.83821E+16
72538,72539,9,3,71,118,2016,6,18,7,3,3,6,0,0,0,1,0,0,0,1,7.16176E+20,5.4763E+21,1.19797E+16,4.9401E+16
72539,72540,9,5,73,134,2016,6,17,2,3,2,6,0,0,0,1,0,0,0,0,6.39532E+20,5.47692E+21,1.09243E+16,4.94289E+16
72540,72541,9,5,71,128,2016,6,17,2,3,3,2,0,0,0,1,0,0,0,1,6.08865E+20,5.44338E+21,1.04924E+16,4.91336E+16
72541,72542,9,2,78,121,2016,6,13,5,3,3,6,0,0,0,1,0,0,0,0,7.58527E+20,5.41404E+21,1.25226E+16,4.88255E+16
72542,72543,9,1,62,0,2016,6,17,4,3,5,3,0,0,1,1,0,0,0,0,6.84872E+20,5.33539E+21,1.14854E+16,4.81448E+16
72543,72544,9,5,63,0,2016,6,7,4,2,6,5,0,0,0,1,1,0,0,0,6.39424E+20,5.48353E+21,1.09251E+16,4.94884E+16
72544,72545,9,1,80,126,2016,6,12,2,3,5,3,0,0,0,1,0,0,0,0,6.60887E+20,5.26971E+21,1.11387E+16,4.75609E+16
72545,72546,9,7,72,125,2016,6,12,1,3,0,1,0,1,1,0,0,0,0,0,6.36801E+20,5.34956E+21,1.08441E+16,4.82844E+16
72546,72547,9,6,72,112,2016,6,16,6,3,2,2,0,0,0,1,0,1,0,0,5.7656E+20,5.5684E+21,1.00742E+16,5.02627E+16
72547,72548,9,5,75,167,2016,6,9,3,3,4,6,0,0,0,1,0,0,1,0,6.25563E+20,5.50437E+21,1.07405E+16,4.96788E+16
72548,72549,9,4,61,0,2016,6,17,6,3,0,7,0,0,1,0,0,0,0,0,6.35978E+20,5.52972E+21,1.08937E+16,4.99044E+16
72549,72550,9,1,89,162,2016,6,16,6,3,5,3,0,0,0,1,0,0,0,0,7.78744E+20,5.31531E+21,1.2732E+16,4.79304E+16
72550,72551,9,1,74,136,2016,6,17,2,3,0,6,0,0,0,0,0,1,0,1,6.81012E+20,5.36585E+21,1.14466E+16,4.84198E+16
72551,72552,9,6,71,114,2016,6,18,5,3,5,3,0,0,1,1,0,0,0,0,5.02307E+20,5.54318E+21,9.03221E+15,5.00409E+16
72552,72553,9,4,62,0,2016,6,11,6,2,3,6,0,0,0,1,0,0,0,0,6.86755E+20,5.5339E+21,1.16022E+16,4.99283E+16
72553,72554,9,1,81,146,2016,6,18,3,3,9,1,0,0,0,1,0,0,0,0,6.49264E+20,5.32557E+21,1.10036E+16,4.80659E+16
72554,72555,9,1,83,139,2016,6,16,6,2,9,6,0,0,0,1,0,1,0,0,7.34326E+20,5.33117E+21,1.2147E+16,4.80907E+16
72555,72556,9,1,75,123,2016,6,18,2,3,0,1,0,0,0,0,0,1,0,0,7.24031E+20,5.33724E+21,1.20121E+16,4.81489E+16
72556,72557,9,6,75,177,2016,6,14,5,1,4,2,0,0,0,0,0,1,0,1,5.9478E+20,5.51149E+21,1.03157E+16,4.97484E+16
72557,72558,9,1,81,144,2016,6,18,3,2,8,1,0,0,0,1,0,0,0,0,6.53883E+20,5.32056E+21,1.10637E+16,4.80198E+16
72558,72559,9,2,75,118,2016,6,17,7,3,9,1,0,0,0,1,0,0,0,0,8.50025E+20,5.40577E+21,1.37583E+16,4.87065E+16
72559,72560,9,4,73,151,2016,6,10,2,3,2,6,0,0,0,1,0,0,0,0,6.49508E+20,5.57378E+21,1.10992E+16,5.02972E+16
72560,72561,9,2,73,137,2016,6,14,5,3,9,1,0,0,0,1,0,0,0,0,7.11917E+20,5.42494E+21,1.18941E+16,4.8941E+16
72561,72562,9,5,64,0,2016,6,12,1,3,2,6,0,0,0,1,0,0,0,0,6.49602E+20,5.47711E+21,1.10632E+16,4.94282E+16
72562,72563,9,7,78,218,2016,6,6,4,3,9,1,0,1,0,1,0,0,0,0,5.92328E+20,5.30632E+21,1.02354E+16,4.79036E+16
72563,72564,9,5,71,145,2016,6,2,4,3,2,6,2,0,0,0,0,0,1,1,5.9008E+20,5.44977E+21,1.02364E+16,4.91941E+16
72564,72565,9,1,72,112,2016,6,10,2,2,8,1,0,0,0,1,0,0,0,0,7.87618E+20,5.30207E+21,1.28417E+16,4.78077E+16
72565,72566,9,6,73,141,2016,6,15,1,3,1,7,0,0,0,1,0,1,0,0,6.0877E+20,5.56995E+21,1.05264E+16,5.02716E+16
72566,72567,9,4,79,111,2016,6,16,3,3,2,6,0,0,0,0,0,1,0,0,7.16278E+20,5.5455E+21,1.20195E+16,5.00225E+16
72567,72568,9,3,75,204,2016,6,15,6,3,5,3,0,0,0,1,0,0,1,0,7.31254E+20,5.43492E+21,1.21634E+16,4.90238E+16
72568,72569,9,1,61,0,2016,6,17,6,3,3,2,0,0,1,0,0,0,0,0,6.76719E+20,5.40416E+21,1.14049E+16,4.87654E+16
72569,72570,9,5,76,151,2016,6,9,7,3,9,6,0,0,0,1,0,0,0,0,6.5414E+20,5.47256E+21,1.11239E+16,4.93862E+16
72570,72571,9,1,75,122,2016,6,18,2,2,2,6,0,0,1,1,0,0,0,0,7.24343E+20,5.32494E+21,1.20098E+16,4.80383E+16
72571,72572,9,5,72,142,2016,6,18,5,3,4,2,0,0,0,1,0,0,0,0,6.45181E+20,5.50023E+21,1.10107E+16,4.96371E+16
72572,72573,9,1,84,135,2016,6,8,2,2,3,2,0,0,1,0,0,0,1,0,6.89433E+20,5.34734E+21,1.1552E+16,4.82509E+16
72573,72574,9,2,62,0,2016,6,9,4,3,5,3,0,0,1,1,0,0,0,0,8.25614E+20,5.39339E+21,1.34178E+16,4.86087E+16
72574,72575,9,1,87,128,2016,6,9,5,2,4,6,0,1,0,1,0,0,1,0,7.45741E+20,5.31334E+21,1.22898E+16,4.79263E+16
72575,72576,9,1,84,121,2016,6,17,6,3,5,3,0,0,1,1,0,0,0,0,7.0434E+20,5.32874E+21,1.17436E+16,4.80791E+16
72576,72577,9,1,73,112,2016,6,12,7,3,1,6,0,1,0,1,0,0,0,0,6.91812E+20,5.29371E+21,1.156E+16,4.77682E+16
72577,72578,9,7,77,166,2016,6,19,6,2,4,1,0,0,1,0,0,0,0,0,6.29645E+20,5.28141E+21,1.07271E+16,4.7673E+16
72578,72579,9,2,78,189,2016,6,19,2,3,8,1,0,0,0,1,0,0,0,0,7.67043E+20,5.43861E+21,1.26544E+16,4.90424E+16
72579,72580,9,6,75,117,2016,6,7,3,3,5,3,0,0,0,1,0,0,0,0,5.83588E+20,5.51708E+21,1.01615E+16,4.98004E+16
72580,72581,9,1,89,157,2016,6,16,5,3,4,1,0,1,0,1,0,0,0,0,7.66148E+20,5.32508E+21,1.25697E+16,4.80235E+16
72581,72582,9,7,72,125,2016,6,16,4,3,5,3,0,0,0,1,0,0,0,0,6.35167E+20,5.34684E+21,1.08212E+16,4.82603E+16
72582,72583,9,4,74,126,2016,6,21,4,3,5,3,2,1,0,1,0,0,0,0,6.48963E+20,5.50721E+21,1.10657E+16,4.96989E+16
72583,72584,9,5,73,127,2016,6,14,6,3,5,3,0,0,1,1,0,0,0,0,6.46465E+20,5.47578E+21,1.10194E+16,4.94171E+16
72584,72585,9,2,78,190,2016,6,10,3,3,5,3,0,0,0,1,0,0,0,0,7.6478E+20,5.42817E+21,1.26167E+16,4.89497E+16
72585,72586,9,1,62,0,2016,6,16,3,3,2,6,0,0,0,1,0,0,0,0,6.94282E+20,5.34081E+21,1.16142E+16,4.81907E+16
72586,72587,9,2,76,138,2016,6,12,4,3,1,6,0,0,0,1,0,1,0,0,8.06436E+20,5.43477E+21,1.31892E+16,4.89897E+16
72587,72588,9,2,77,134,2016,6,20,7,3,9,7,0,1,0,1,0,0,0,0,7.75308E+20,5.36177E+21,1.27161E+16,4.8349E+16
72588,72589,9,3,76,116,2016,6,16,2,3,8,1,0,1,0,1,0,0,0,0,7.42173E+20,5.46344E+21,1.23297E+16,4.92757E+16
72589,72590,9,1,90,139,2016,6,8,5,3,4,1,0,1,0,1,0,0,0,0,6.52353E+20,5.29419E+21,1.10339E+16,4.7783E+16
72590,72591,9,7,79,186,2016,6,8,4,3,5,6,0,1,0,1,0,0,1,0,6.3353E+20,5.41234E+21,1.08202E+16,4.88497E+16
72591,72592,9,4,64,0,2016,6,15,4,3,1,6,0,0,0,1,0,0,0,1,7.0766E+20,5.57652E+21,1.19162E+16,5.03042E+16
72592,72593,9,5,72,132,2016,6,7,6,3,2,6,0,0,0,1,0,0,0,0,6.38516E+20,5.4921E+21,1.09156E+16,4.95656E+16
72593,72594,9,3,62,0,2016,6,23,3,2,2,6,2,0,0,0,0,0,1,0,7.27527E+20,5.43128E+21,1.21105E+16,4.89924E+16
72594,72595,9,1,85,113,2016,6,16,2,3,5,3,0,0,0,1,0,0,0,0,6.6762E+20,5.37572E+21,1.12697E+16,4.85122E+16
72595,72596,9,2,63,0,2016,6,17,6,2,2,6,0,0,0,1,0,0,0,0,7.65214E+20,5.42099E+21,1.2618E+16,4.88851E+16
72596,72597,9,1,89,124,2016,6,9,4,3,8,1,0,0,0,1,0,0,0,0,7.80151E+20,5.29855E+21,1.27399E+16,4.77793E+16
72597,72598,9,1,81,139,2016,6,13,6,3,0,1,0,0,0,0,0,1,0,0,6.55876E+20,5.32394E+21,1.10917E+16,4.80497E+16
72598,72599,9,1,62,0,2016,6,19,3,3,1,6,0,0,0,1,0,0,0,0,6.85113E+20,5.33536E+21,1.14886E+16,4.81445E+16
72599,72600,9,1,88,141,2016,6,18,6,3,1,3,0,0,0,1,0,1,0,0,6.70476E+20,5.30905E+21,1.12815E+16,4.79121E+16
72600,72601,9,7,75,135,2016,6,17,2,3,2,1,0,0,0,1,0,0,0,0,5.73222E+20,5.35992E+21,9.98904E+15,4.83882E+16
72601,72602,9,5,73,125,2016,6,14,7,3,5,2,0,0,0,1,0,0,0,0,6.37983E+20,5.47063E+21,1.09008E+16,4.93728E+16
72602,72603,9,6,63,0,2016,6,14,2,2,2,6,0,0,0,1,0,0,0,0,5.6987E+20,5.51511E+21,9.9706E+15,4.97844E+16
72603,72604,9,4,79,152,2016,6,18,5,3,2,7,0,0,0,1,0,0,0,0,7.2576E+20,5.56628E+21,1.21639E+16,5.02056E+16
72604,72605,9,4,77,124,2016,6,18,5,2,4,6,0,0,0,1,0,0,0,0,6.71966E+20,5.54644E+21,1.14019E+16,5.00453E+16