FID,OBJECTID,ULAND,UREGBEZ,UKREIS,UGEMEINDE,UJAHR,UMONAT,USTUNDE,UWOCHENTAG,UKATEGORIE,UART,UTYP1,ULICHTVERH,IstStrasse,IstRad,IstPKW,IstFuss,IstKrad,IstGkfz,IstSonstig,LINREFX,LINREFY,XGCSWGS84,YGCSWGS84
72964,72965,9,1,74,111,2016,6,17,7,3,4,2,0,0,0,1,0,0,0,0,6.62473E+20,5.36344E+21,1.11953E+16,4.84032E+16
72965,72966,9,4,79,126,2016,6,17,1,3,2,6,0,1,0,1,0,0,0,0,7.22007E+20,5.55278E+21,1.21035E+16,5.00858E+16
72966,72967,9,1,81,127,2016,6,6,6,3,5,3,0,1,0,1,0,0,0,0,6.36259E+20,5.32646E+21,1.08294E+16,4.80769E+16
72967,72968,9,5,64,0,2016,6,9,2,3,2,6,0,1,0,1,0,0,1,0,6.49343E+20,5.48142E+21,1.10612E+16,4.9467E+16
72968,72969,9,1,75,124,2016,6,15,1,3,2,2,0,1,0,1,0,0,0,0,7.14706E+20,5.32878E+21,1.18826E+16,4.80761E+16
72969,72970,9,4,78,111,2016,6,15,5,3,2,2,0,1,0,1,0,0,0,0,6.60256E+20,5.55553E+21,1.12423E+16,5.01303E+16
72970,72971,9,1,77,126,2016,6,7,2,2,4,6,0,0,0,1,0,0,0,0,7.20894E+20,5.36948E+21,1.19869E+16,4.84396E+16
72971,72972,9,1,79,121,2016,6,13,5,3,5,7,0,0,0,1,0,0,0,0,6.6743E+20,5.33914E+21,1.12526E+16,4.81834E+16
72972,72973,9,5,61,0,2016,6,19,4,3,5,3,0,0,1,1,0,0,0,0,6.15266E+20,5.4625E+21,1.05856E+16,4.93044E+16
72973,72974,9,1,82,136,2016,6,7,4,2,9,1,0,1,0,1,0,0,0,0,7.03742E+20,5.29994E+21,1.1722E+16,4.78205E+16
72974,72975,9,7,72,147,2016,6,23,6,3,2,6,2,0,0,1,0,0,0,0,6.36054E+20,5.36412E+21,1.08387E+16,4.84155E+16
72975,72976,9,1,81,130,2016,6,16,3,3,0,7,0,0,1,0,0,0,0,0,6.40153E+20,5.32328E+21,1.08806E+16,4.80474E+16
72976,72977,9,5,74,112,2016,6,4,7,3,0,7,2,0,0,1,0,0,0,0,6.74232E+20,5.47567E+21,1.14019E+16,4.94088E+16
72977,72978,9,6,62,0,2016,6,22,1,3,4,2,2,0,1,1,0,0,0,0,5.87472E+20,5.54375E+21,1.02215E+16,5.00396E+16
72978,72979,9,4,62,0,2016,6,7,6,3,7,1,0,1,0,1,0,0,0,0,6.86372E+20,5.53676E+21,1.15982E+16,4.99541E+16
72979,72980,9,1,89,120,2016,6,16,6,3,5,3,0,0,0,1,0,1,0,0,7.59643E+20,5.29837E+21,1.24666E+16,4.77863E+16
72980,72981,9,2,61,0,2016,6,13,1,3,4,6,0,1,0,1,0,0,0,0,7.30578E+20,5.37908E+21,1.21229E+16,4.85224E+16
72981,72982,9,7,74,135,2016,6,13,3,3,1,6,0,0,0,1,0,0,0,0,5.96243E+20,5.36732E+21,1.03016E+16,4.84516E+16
72982,72983,9,1,73,141,2016,6,14,6,3,3,2,0,0,0,1,0,0,0,0,6.98769E+20,5.2997E+21,1.16555E+16,4.78199E+16
72983,72984,9,4,75,162,2016,6,20,2,3,5,3,1,0,0,1,0,0,0,0,7.16218E+20,5.57095E+21,1.20331E+16,5.02511E+16
72984,72985,9,7,78,173,2016,6,9,6,3,4,6,0,0,0,1,0,0,0,1,6.12516E+20,5.32372E+21,1.051E+16,4.80569E+16
72985,72986,9,3,71,127,2016,6,14,2,3,2,6,0,1,0,1,0,0,1,0,7.12984E+20,5.4919E+21,1.19442E+16,4.95422E+16
72986,72987,9,2,79,122,2016,6,16,5,2,5,2,0,0,0,1,0,1,0,0,7.71272E+20,5.39733E+21,1.26849E+16,4.867E+16
72987,72988,9,7,62,0,2016,6,9,7,3,5,3,0,0,0,1,0,0,0,0,6.22253E+20,5.30723E+21,1.0636E+16,4.79068E+16
72988,72989,9,6,79,196,2016,6,8,4,2,3,6,0,0,0,1,0,0,0,1,5.53827E+20,5.5135E+21,9.74754E+15,4.97715E+16
72989,72990,9,4,61,0,2016,6,5,4,3,5,3,1,1,0,1,0,0,0,0,6.37374E+20,5.53065E+21,1.09134E+16,4.99124E+16
72990,72991,9,1,71,137,2016,6,17,1,2,8,1,0,1,0,1,0,0,0,0,7.68425E+20,5.35154E+21,1.26169E+16,4.82602E+16
72991,72992,9,6,76,125,2016,6,13,3,2,9,1,0,0,0,1,0,0,0,0,5.17491E+20,5.51106E+21,9.24281E+15,4.97518E+16
72992,72993,9,3,61,0,2016,6,13,5,2,5,2,0,0,0,1,0,1,0,0,7.0652E+20,5.48063E+21,1.18491E+16,4.94432E+16
72993,72994,9,1,89,142,2016,6,16,1,3,4,1,0,1,0,1,0,0,0,0,7.49657E+20,5.32955E+21,1.23516E+16,4.80703E+16
72994,72995,9,3,62,0,2016,6,8,3,3,4,6,0,0,1,0,0,0,0,0,7.27622E+20,5.4354E+21,1.21141E+16,4.90295E+16
72995,72996,9,7,64,0,2016,6,12,4,3,2,6,0,0,0,1,0,0,0,0,5.86343E+20,5.3167E+21,1.01574E+16,4.79978E+16
72996,72997,9,1,79,119,2016,6,12,4,2,8,7,0,0,0,1,0,1,0,0,6.72692E+20,5.33921E+21,1.13233E+16,4.81826E+16
72997,72998,9,6,76,132,2016,6,13,6,3,2,6,0,0,0,1,0,0,0,0,5.15629E+20,5.50664E+21,9.21678E+15,4.97121E+16
72998,72999,9,1,62,0,2016,6,6,2,3,0,7,0,1,0,0,0,1,0,0,6.78421E+20,5.3345E+21,1.13984E+16,4.81387E+16
72999,73000,9,3,74,139,2016,6,12,7,3,4,7,0,0,0,1,0,0,0,0,7.29682E+20,5.51527E+21,1.21884E+16,4.9746E+16
73000,73001,9,6,75,170,2016,6,7,2,2,9,1,0,1,0,1,0,0,0,0,5.81087E+20,5.50531E+21,1.01244E+16,4.96949E+16
73001,73002,9,5,64,0,2016,6,18,1,3,5,7,0,0,0,1,0,1,0,0,6.48637E+20,5.48099E+21,1.10513E+16,4.94634E+16
73002,73003,9,3,72,144,2016,6,12,5,3,6,4,0,0,0,1,1,0,0,0,7.8885E+20,5.46393E+21,1.29703E+16,4.92599E+16
73003,73004,9,1,89,150,2016,6,13,1,3,5,2,0,0,0,1,0,0,0,0,7.78317E+20,5.31929E+21,1.27289E+16,4.79664E+16
73004,73005,9,7,75,164,2016,6,23,1,3,7,1,2,1,0,1,0,0,0,0,5.88118E+20,5.35282E+21,1.01887E+16,4.83224E+16
73005,73006,9,3,77,112,2016,6,11,3,3,9,7,0,0,0,1,0,0,0,0,7.4367E+20,5.5259E+21,1.23888E+16,4.9836E+16
73006,73007,9,1,62,0,2016,6,11,4,3,5,3,0,0,0,1,0,0,1,0,6.9703E+20,5.33041E+21,1.16463E+16,4.80965E+16
73007,73008,9,4,61,0,2016,6,14,4,3,2,6,0,0,0,1,0,0,0,0,6.36712E+20,5.52742E+21,1.09031E+16,4.98836E+16
73008,73009,9,1,86,152,2016,6,13,4,3,6,4,0,0,0,1,1,0,0,0,6.92461E+20,5.37574E+21,1.16057E+16,4.85053E+16
73009,73010,9,7,61,0,2016,6,15,6,3,2,6,0,0,0,1,0,0,0,0,6.38434E+20,5.35559E+21,1.08681E+16,4.83383E+16
73010,73011,9,1,75,133,2016,6,18,3,3,0,7,0,1,1,0,0,0,0,0,7.07961E+20,5.34197E+21,1.17986E+16,4.81968E+16
73011,73012,9,5,71,146,2016,6,11,7,3,8,6,0,0,0,1,0,0,0,0,6.10927E+20,5.47607E+21,1.05297E+16,4.94272E+16
73012,73013,9,7,72,131,2016,6,9,2,2,4,1,0,1,0,1,0,0,0,0,6.23527E+20,5.35798E+21,1.06677E+16,4.83629E+16
73013,73014,9,5,72,133,2016,6,12,1,3,2,6,0,0,0,1,0,0,0,0,6.38115E+20,5.50032E+21,1.0913E+16,4.96396E+16
73014,73015,9,3,74,160,2016,6,7,6,3,9,1,0,1,0,1,0,0,0,0,7.29571E+20,5.512E+21,1.21849E+16,4.97166E+16
73015,73016,9,1,63,0,2016,6,5,6,3,5,3,1,1,0,1,0,0,0,0,7.33674E+20,5.30503E+21,1.2124E+16,4.78561E+16
73016,73017,9,1,90,152,2016,6,15,1,3,9,1,0,1,0,1,0,0,0,0,6.68536E+20,5.29996E+21,1.1252E+16,4.78309E+16
73017,73018,9,7,73,125,2016,6,11,3,3,4,7,0,0,1,0,0,0,0,0,6.11028E+20,5.38048E+21,1.0505E+16,4.85675E+16
73018,73019,9,4,77,124,2016,6,10,2,3,8,1,0,1,0,0,0,0,1,0,6.66408E+20,5.54451E+21,1.13235E+16,5.00296E+16
73019,73020,9,7,77,151,2016,6,7,5,1,4,1,0,1,0,1,0,1,0,0,6.23945E+20,5.29364E+21,1.06547E+16,4.77842E+16
73020,73021,9,2,75,117,2016,6,4,2,3,7,7,2,1,0,0,0,1,0,0,8.05388E+20,5.38496E+21,1.3138E+16,4.85433E+16
73021,73022,9,1,90,157,2016,6,12,5,3,6,3,0,0,0,1,1,0,0,0,6.59968E+20,5.30102E+21,1.1138E+16,4.78426E+16
73022,73023,9,6,72,114,2016,6,17,4,3,5,3,0,1,0,1,0,0,0,0,5.75151E+20,5.56099E+21,1.00529E+16,5.01964E+16
73023,73024,9,2,76,129,2016,6,13,4,3,0,1,0,0,0,0,0,1,0,0,8.0688E+20,5.437E+21,1.3197E+16,4.90095E+16
73024,73025,9,1,72,132,2016,6,5,1,1,9,1,2,1,1,0,0,0,0,0,8.02388E+20,5.27969E+21,1.3023E+16,4.76E+16
73025,73026,9,7,74,122,2016,6,12,1,2,5,3,0,0,0,1,0,0,0,0,6.07415E+20,5.35686E+21,1.045E+16,4.83558E+16
73026,73027,9,5,65,0,2016,6,13,3,2,1,7,0,0,0,1,0,0,0,0,6.47437E+20,5.47019E+21,1.10308E+16,4.93665E+16
73027,73028,9,7,73,137,2016,6,15,7,3,4,6,0,0,0,1,0,1,0,0,6.01522E+20,5.38362E+21,1.0377E+16,4.85975E+16
73028,73029,9,1,72,114,2016,6,17,1,3,4,1,0,1,0,1,0,0,0,0,7.91844E+20,5.29475E+21,1.28931E+16,4.774E+16
73029,73030,9,3,76,161,2016,6,16,3,3,5,3,0,0,0,1,0,0,0,0,7.27388E+20,5.46246E+21,1.21262E+16,4.92726E+16
73030,73031,9,2,63,0,2016,6,7,3,3,6,7,0,0,1,0,1,0,0,0,7.61922E+20,5.41992E+21,1.25725E+16,4.88769E+16
73031,73032,9,5,76,127,2016,6,18,6,3,5,7,0,0,1,1,0,0,0,0,6.67877E+20,5.44887E+21,1.13031E+16,4.91697E+16
73032,73033,9,7,63,0,2016,6,6,2,3,2,6,0,0,0,1,0,0,0,0,5.98501E+20,5.28393E+21,1.03129E+16,4.77012E+16
73033,73034,9,2,76,134,2016,6,14,7,2,0,1,0,0,0,0,0,1,0,0,7.91166E+20,5.43655E+21,1.29823E+16,4.90131E+16
73034,73035,9,6,71,156,2016,6,18,2,3,8,1,0,1,0,1,0,0,0,0,5.2147E+20,5.53501E+21,9.29938E+15,4.9967E+16
73035,73036,9,5,75,156,2016,6,16,1,2,8,1,0,0,0,0,0,1,0,0,6.06391E+20,5.4784E+21,1.04678E+16,4.9449E+16
73036,73037,9,2,75,141,2016,6,6,7,3,4,6,0,0,0,1,0,0,0,0,8.22047E+20,5.37269E+21,1.33536E+16,4.84249E+16
73037,73038,9,2,71,125,2016,6,10,6,3,5,3,0,1,0,1,0,0,0,0,7.97227E+20,5.40918E+21,1.30451E+16,4.87646E+16
73038,73039,9,1,61,0,2016,6,17,7,2,1,5,0,0,1,1,0,0,0,0,6.79083E+20,5.40515E+21,1.14375E+16,4.87736E+16
73039,73040,9,4,76,178,2016,6,0,1,3,7,7,2,0,0,1,0,0,0,0,6.63172E+20,5.57873E+21,1.1293E+16,5.0338E+16
73040,73041,9,1,86,130,2016,6,17,6,2,3,6,0,0,0,1,0,0,0,0,6.85463E+20,5.37262E+21,1.15097E+16,4.84793E+16
73041,73042,9,5,62,0,2016,6,7,2,2,8,1,0,1,0,1,0,0,0,0,6.42638E+20,5.49161E+21,1.09724E+16,4.95603E+16
73042,73043,9,1,74,146,2016,6,14,1,2,2,6,0,1,0,1,0,0,0,1,6.68141E+20,5.35018E+21,1.12665E+16,4.82825E+16
73043,73044,9,3,76,150,2016,6,13,2,3,0,1,0,0,1,0,0,0,0,0,7.28036E+20,5.49191E+21,1.2152E+16,4.95369E+16
73044,73045,9,5,63,0,2016,6,10,5,2,6,4,0,1,0,1,1,0,0,0,6.44017E+20,5.48058E+21,1.09875E+16,4.94608E+16
73045,73046,9,3,76,161,2016,6,9,6,3,2,6,0,1,0,1,0,0,0,0,7.23058E+20,5.47087E+21,1.20714E+16,4.93497E+16
73046,73047,9,1,82,136,2016,6,7,6,3,2,6,0,1,0,1,0,0,0,0,7.06571E+20,5.29521E+21,1.17575E+16,4.77771E+16
73047,73048,9,1,87,176,2016,6,13,1,3,5,3,0,1,0,1,0,0,0,0,7.38002E+20,5.3315E+21,1.21965E+16,4.80923E+16
73048,73049,9,6,63,0,2016,6,7,3,3,2,6,0,0,0,1,0,0,0,0,5.7077E+20,5.51908E+21,9.98383E+15,4.982E+16
73049,73050,9,3,75,180,2016,6,13,2,3,2,6,0,0,0,1,0,0,0,0,7.22528E+20,5.43188E+21,1.20426E+16,4.89997E+16
73050,73051,9,6,77,148,2016,6,12,5,3,5,1,0,1,0,0,0,1,0,1,5.55326E+20,5.53518E+21,9.77146E+15,4.99664E+16
73051,73052,9,1,73,147,2016,6,17,2,3,4,6,0,1,0,1,0,0,0,0,6.80989E+20,5.31071E+21,1.14228E+16,4.79241E+16
73052,73053,9,1,87,165,2016,6,21,5,3,8,1,2,1,0,1,0,0,0,0,7.29184E+20,5.30029E+21,1.20616E+16,4.78151E+16
73053,73054,9,5,76,113,2016,6,13,4,3,2,6,0,1,0,1,0,0,0,0,6.60815E+20,5.46007E+21,1.12108E+16,4.92722E+16
73054,73055,9,2,75,143,2016,6,12,4,3,4,6,0,0,0,1,0,0,0,0,8.10382E+20,5.36974E+21,1.31942E+16,4.84043E+16
73055,73056,9,6,78,192,2016,6,17,1,2,2,6,0,0,0,1,0,0,0,0,5.75365E+20,5.54536E+21,1.00528E+16,5.00557E+16
73056,73057,9,5,64,0,2016,6,14,3,3,2,6,0,0,0,1,0,0,0,0,6.48403E+20,5.47926E+21,1.10474E+16,4.94479E+16
73057,73058,9,7,71,113,2016,6,10,7,3,5,3,0,0,0,1,0,1,0,0,6.57489E+20,5.36885E+21,1.113E+16,4.84531E+16
73058,73059,9,1,72,114,2016,6,15,1,3,8,1,0,0,0,1,0,0,0,0,7.94222E+20,5.29756E+21,1.29267E+16,4.77642E+16
73059,73060,9,2,74,172,2016,6,20,3,3,8,1,0,0,0,0,0,0,0,1,7.16653E+20,5.39727E+21,1.19441E+16,4.86908E+16
73060,73061,9,5,64,0,2016,6,15,6,3,8,1,0,1,0,1,0,0,0,0,6.54531E+20,5.482E+21,1.1133E+16,4.9471E+16
73061,73062,9,4,74,126,2016,6,13,1,3,0,1,0,1,0,0,0,1,0,1,6.50007E+20,5.50683E+21,1.10801E+16,4.96953E+16
73062,73063,9,2,73,166,2016,6,15,7,3,4,6,0,0,0,1,0,0,0,0,7.13793E+20,5.41871E+21,1.19164E+16,4.88845E+16
73063,73064,9,2,77,121,2016,6,7,6,3,4,6,0,0,0,0,0,0,1,0,7.65621E+20,5.36958E+21,1.25906E+16,4.84233E+16
73064,73065,9,1,81,146,2016,6,12,7,3,5,3,0,0,0,1,0,0,0,0,6.49379E+20,5.32551E+21,1.10051E+16,4.80653E+16
73065,73066,9,4,72,119,2016,6,19,1,3,9,1,0,1,0,1,0,0,0,0,6.87044E+20,5.5426E+21,1.16104E+16,5.00063E+16
73066,73067,9,1,79,134,2016,6,22,6,3,7,7,2,0,0,0,0,1,0,0,6.68526E+20,5.34374E+21,1.12691E+16,4.82244E+16
73067,73068,9,5,64,0,2016,6,9,2,3,2,6,0,1,0,1,0,0,0,0,6.49838E+20,5.48169E+21,1.10681E+16,4.94693E+16
73068,73069,9,1,86,152,2016,6,12,1,3,1,6,0,1,0,1,0,0,0,0,6.91236E+20,5.37307E+21,1.15879E+16,4.84816E+16
73069,73070,9,5,77,163,2016,6,17,5,2,8,1,0,0,0,1,0,0,0,0,6.54635E+20,5.43232E+21,1.11153E+16,4.90243E+16
73070,73071,9,1,79,125,2016,6,21,2,3,8,1,1,1,0,1,0,0,0,0,6.62123E+20,5.33174E+21,1.11784E+16,4.81182E+16
73071,73072,9,1,76,123,2016,6,10,5,3,0,1,0,0,1,0,0,0,0,0,6.58583E+20,5.41763E+21,1.11635E+16,4.88913E+16
73072,73073,9,6,75,156,2016,6,15,7,2,2,6,0,0,0,1,0,0,0,1,5.84367E+20,5.49945E+21,1.01686E+16,4.96417E+16
73073,73074,9,5,77,136,2016,6,11,4,2,5,3,0,0,1,1,0,0,0,0,6.27247E+20,5.44085E+21,1.07435E+16,4.91073E+16
73074,73075,9,1,87,177,2016,6,9,4,3,2,6,0,0,0,1,0,1,0,0,7.36768E+20,5.30557E+21,1.21656E+16,4.78598E+16
73075,73076,9,7,79,184,2016,6,9,6,3,0,7,0,1,0,1,0,0,0,1,6.16089E+20,5.40357E+21,1.05801E+16,4.87743E+16
73076,73077,9,5,74,123,2016,6,7,1,3,2,6,0,0,0,1,0,0,0,0,6.61415E+20,5.48152E+21,1.12277E+16,4.94649E+16
73077,73078,9,5,65,0,2016,6,19,7,2,4,6,0,0,1,0,0,0,0,0,6.4652E+20,5.4653E+21,1.10163E+16,4.93228E+16
73078,73079,9,4,73,151,2016,6,21,6,2,4,6,1,1,0,1,0,0,0,0,6.48659E+20,5.5755E+21,1.1088E+16,5.03128E+16
73079,73080,9,1,76,120,2016,6,17,2,3,3,6,0,1,0,1,0,0,1,0,6.80593E+20,5.42224E+21,1.14655E+16,4.89267E+16
73080,73081,9,1,61,0,2016,6,11,5,3,5,5,0,0,0,1,0,1,0,0,6.79057E+20,5.40525E+21,1.14372E+16,4.87745E+16
73081,73082,9,6,79,124,2016,6,4,7,2,9,1,1,1,0,0,0,1,0,0,5.71199E+20,5.5114E+21,9.98838E+15,4.97509E+16
73082,73083,9,5,74,131,2016,6,22,4,3,9,1,2,0,0,1,0,0,0,0,6.73269E+20,5.486E+21,1.13932E+16,4.95018E+16
73083,73084,9,1,83,134,2016,6,18,4,2,9,1,0,0,0,0,0,1,0,0,7.61472E+20,5.34324E+21,1.25183E+16,4.81885E+16
73084,73085,9,6,78,123,2016,6,11,1,2,9,1,0,1,0,1,0,0,0,0,5.85932E+20,5.55268E+21,1.02021E+16,5.01201E+16
73085,73086,9,4,78,144,2016,6,7,3,3,1,6,0,0,0,1,0,0,0,0,6.57035E+20,5.55855E+21,1.11985E+16,5.01584E+16
73086,73087,9,6,74,130,2016,6,11,7,3,5,3,0,0,0,1,0,0,0,0,6.26668E+20,5.54874E+21,1.07703E+16,5.00774E+16
73087,73088,9,1,87,177,2016,6,14,1,3,5,3,0,0,1,1,0,0,0,0,7.36732E+20,5.30345E+21,1.2164E+16,4.78407E+16
73088,73089,9,1,87,182,2016,6,17,3,3,2,2,0,1,0,1,0,0,0,0,7.38518E+20,5.32845E+21,1.22017E+16,4.80647E+16
73089,73090,9,5,71,114,2016,6,6,6,2,8,6,1,1,0,0,0,0,1,0,5.99619E+20,5.45534E+21,1.03687E+16,4.92427E+16
73090,73091,9,3,71,111,2016,6,16,1,3,5,3,0,0,0,0,0,1,0,1,6.99758E+20,5.47985E+21,1.17555E+16,4.94385E+16
73091,73092,9,1,87,129,2016,6,17,7,3,9,1,0,0,0,1,0,0,0,0,7.22019E+20,5.29889E+21,1.19653E+16,4.7805E+16
73092,73093,9,2,61,0,2016,6,12,6,3,2,6,0,0,0,1,0,1,0,0,7.34183E+20,5.3816E+21,1.21731E+16,4.85437E+16
73093,73094,9,1,62,0,2016,6,4,7,3,9,1,2,0,0,1,0,0,0,0,6.88429E+20,5.34437E+21,1.15371E+16,4.82246E+16
73094,73095,9,4,77,119,2016,6,13,1,2,8,1,0,1,0,1,0,0,0,0,6.83909E+20,5.54528E+21,1.1568E+16,5.00314E+16
73095,73096,9,1,74,115,2016,6,16,6,3,5,3,0,0,1,1,0,0,0,0,6.80995E+20,5.3483E+21,1.14388E+16,4.8262E+16
73096,73097,9,5,64,0,2016,6,9,2,3,0,1,0,0,1,0,0,0,0,0,6.4955E+20,5.48216E+21,1.10644E+16,4.94737E+16
73097,73098,9,1,84,144,2016,6,16,7,3,0,1,0,0,0,0,0,1,0,0,6.85487E+20,5.31627E+21,1.14853E+16,4.79729E+16
73098,73099,9,7,78,216,2016,6,16,4,3,4,6,0,0,0,1,0,0,0,0,6.24486E+20,5.32209E+21,1.06701E+16,4.80399E+16
73099,73100,9,1,87,157,2016,6,11,1,3,9,1,0,1,0,0,0,1,0,0,7.36703E+20,5.28614E+21,1.21542E+16,4.76852E+16
73100,73101,9,4,74,154,2016,6,18,5,3,5,3,0,0,0,1,0,0,0,0,6.5343E+20,5.49736E+21,1.11238E+16,4.96093E+16
73101,73102,9,1,75,122,2016,6,15,2,2,2,2,0,0,0,1,0,0,0,0,7.22494E+20,5.32415E+21,1.19847E+16,4.80319E+16
73102,73103,9,4,74,126,2016,6,15,3,3,0,1,0,0,0,0,0,1,0,0,6.48592E+20,5.51012E+21,1.10617E+16,4.97252E+16
73103,73104,9,1,75,111,2016,6,21,5,3,9,1,1,1,0,1,0,0,0,0,7.119E+20,5.33816E+21,1.18497E+16,4.81613E+16
73104,73105,9,4,63,0,2016,6,2,4,3,9,1,2,1,0,0,0,0,0,1,6.41225E+20,5.56536E+21,1.09798E+16,5.02235E+16
73105,73106,9,1,61,0,2016,6,12,4,3,3,6,0,0,0,1,0,0,1,0,6.80731E+20,5.40424E+21,1.14595E+16,4.87649E+16
73106,73107,9,7,72,147,2016,6,11,6,3,0,1,0,1,0,0,0,1,0,0,6.38616E+20,5.36366E+21,1.08732E+16,4.84109E+16
73107,73108,9,1,79,121,2016,6,8,3,3,2,6,0,0,0,1,0,0,1,0,6.68392E+20,5.33807E+21,1.12651E+16,4.81735E+16
73108,73109,9,5,73,134,2016,6,6,7,2,8,7,1,0,0,1,0,0,0,0,6.36608E+20,5.47637E+21,1.08838E+16,4.94246E+16
73109,73110,9,7,79,228,2016,6,18,2,3,2,6,0,1,0,1,0,0,0,0,6.28712E+20,5.41481E+21,1.07553E+16,4.88728E+16
73110,73111,9,6,76,144,2016,6,2,1,2,8,7,2,0,0,1,0,0,0,0,5.08754E+20,5.5282E+21,9.12192E+15,4.99062E+16
73111,73112,9,4,71,159,2016,6,14,6,3,0,7,0,1,0,0,1,0,0,1,6.40119E+20,5.53375E+21,1.09528E+16,4.99396E+16
73112,73113,9,1,72,117,2016,6,16,6,3,2,2,0,0,0,1,0,0,0,0,7.97614E+20,5.28243E+21,1.29615E+16,4.76268E+16
73113,73114,9,2,79,132,2016,6,9,1,3,4,1,0,0,0,1,0,0,0,0,7.68971E+20,5.39812E+21,1.26542E+16,4.86781E+16
73114,73115,9,7,80,124,2016,6,16,3,3,0,1,0,1,0,0,0,1,0,0,5.93005E+20,5.2677E+21,1.02362E+16,4.75561E+16
73115,73116,9,4,72,155,2016,6,16,2,3,8,1,0,1,0,1,0,0,0,0,6.80417E+20,5.5246E+21,1.15096E+16,4.98466E+16
73116,73117,9,7,74,135,2016,6,20,5,2,8,1,2,1,0,1,0,0,0,0,5.97026E+20,5.36567E+21,1.03118E+16,4.84367E+16
73117,73118,9,7,74,122,2016,6,13,6,3,9,1,0,0,0,1,0,0,0,0,6.0748E+20,5.35749E+21,1.0451E+16,4.83614E+16
73118,73119,9,2,76,128,2016,6,7,2,2,9,6,0,0,0,1,0,0,0,0,7.8391E+20,5.43973E+21,1.28855E+16,4.9045E+16
73119,73120,9,1,86,146,2016,6,14,3,3,2,7,0,0,0,1,0,0,0,0,6.85449E+20,5.37102E+21,1.15088E+16,4.8465E+16
73120,73121,9,5,61,0,2016,6,19,6,3,2,3,0,0,0,1,0,0,0,0,6.13407E+20,5.46309E+21,1.05602E+16,4.931E+16
73121,73122,9,1,89,165,2016,6,7,6,3,4,3,0,1,0,1,0,0,0,0,7.75584E+20,5.31138E+21,1.26873E+16,4.78965E+16
73122,73123,9,2,72,126,2016,6,2,1,3,4,1,2,0,0,1,0,0,0,0,8.37061E+20,5.41952E+21,1.3594E+16,4.8837E+16
73123,73124,9,1,77,139,2016,6,15,4,3,5,3,0,0,1,1,0,0,0,0,7.32055E+20,5.35918E+21,1.21319E+16,4.83431E+16
73124,73125,9,1,90,152,2016,6,15,6,3,4,2,0,0,0,1,0,0,0,0,6.70465E+20,5.30115E+21,1.12783E+16,4.78411E+16
73125,73126,9,1,84,119,2016,6,14,6,3,2,6,0,0,0,0,0,0,1,0,6.9759E+20,5.34952E+21,1.16627E+16,4.82681E+16
73126,73127,9,3,76,141,2016,6,9,2,3,5,3,0,0,0,1,0,0,0,0,7.26701E+20,5.45342E+21,1.21116E+16,4.91917E+16
73127,73128,9,4,62,0,2016,6,15,1,3,0,1,0,1,0,0,0,1,0,0,6.86781E+20,5.53418E+21,1.16026E+16,4.99308E+16
73128,73129,9,1,84,130,2016,6,17,5,3,3,6,0,0,1,0,0,0,0,1,6.98714E+20,5.34534E+21,1.16759E+16,4.82301E+16
73129,73130,9,2,61,0,2016,6,12,5,3,5,3,0,0,1,1,0,0,0,0,7.32361E+20,5.38205E+21,1.21487E+16,4.85484E+16
73130,73131,9,7,80,120,2016,6,9,7,3,5,2,0,0,0,1,0,0,0,0,6.00612E+20,5.28387E+21,1.0341E+16,4.77003E+16
73131,73132,9,7,61,0,2016,6,16,4,3,5,2,0,0,1,1,0,0,0,0,6.41331E+20,5.35245E+21,1.09061E+16,4.83094E+16
73132,73133,9,1,86,137,2016,6,20,1,2,4,7,0,0,0,1,0,0,0,0,6.82547E+20,5.39826E+21,1.14815E+16,4.87106E+16
73133,73134,9,3,75,208,2016,6,16,5,3,6,4,0,0,0,1,1,0,0,0,7.31588E+20,5.44107E+21,1.21715E+16,4.90789E+16
73134,73135,9,1,85,158,2016,6,1,1,3,8,1,2,0,0,1,0,0,0,0,6.65061E+20,5.38231E+21,1.12377E+16,4.85721E+16
73135,73136,9,3,62,0,2016,6,16,3,3,2,6,0,0,0,1,0,0,0,0,7.3145E+20,5.43228E+21,1.21646E+16,4.9E+16
73136,73137,9,1,84,122,2016,6,13,4,3,5,3,0,1,0,1,0,0,0,0,6.88145E+20,5.32387E+21,1.15243E+16,4.80404E+16
73137,73138,9,1,76,123,2016,6,16,4,3,0,1,0,1,1,0,0,0,0,0,6.58632E+20,5.41838E+21,1.11645E+16,4.8898E+16
73138,73139,9,6,72,149,2016,6,18,6,2,8,1,0,1,0,1,0,0,0,0,5.62403E+20,5.56671E+21,9.87528E+15,5.02492E+16
73139,73140,9,1,75,115,2016,6,2,3,2,4,1,2,1,0,1,0,0,1,0,7.24399E+20,5.33016E+21,1.20133E+16,4.80852E+16
73140,73141,9,4,76,189,2016,6,13,7,3,4,6,0,0,0,1,0,0,0,0,6.68526E+20,5.57468E+21,1.13664E+16,5.03002E+16
73141,73142,9,7,61,0,2016,6,10,2,3,3,2,0,0,0,1,0,0,1,0,6.42133E+20,5.36221E+21,1.09202E+16,4.8397E+16
73142,73143,9,5,65,0,2016,6,15,1,3,0,1,0,0,0,0,0,1,0,0,6.46899E+20,5.46739E+21,1.10223E+16,4.93415E+16
73143,73144,9,3,73,115,2016,6,17,6,3,8,1,0,0,0,1,0,0,0,0,6.90963E+20,5.44374E+21,1.16171E+16,4.91168E+16