FID,OBJECTID,ULAND,UREGBEZ,UKREIS,UGEMEINDE,UJAHR,UMONAT,USTUNDE,UWOCHENTAG,UKATEGORIE,UART,UTYP1,ULICHTVERH,IstStrasse,IstRad,IstPKW,IstFuss,IstKrad,IstGkfz,IstSonstig,LINREFX,LINREFY,XGCSWGS84,YGCSWGS84
73144,73145,9,1,82,125,2016,6,11,6,3,8,1,0,0,0,1,0,0,0,0,7.15209E+20,5.29633E+21,1.18732E+16,4.77844E+16
73145,73146,9,1,72,114,2016,6,19,1,3,9,1,0,1,0,1,0,0,0,0,7.85806E+20,5.29119E+21,1.28104E+16,4.77107E+16
73146,73147,9,7,71,130,2016,6,13,3,2,9,1,0,0,0,0,0,0,1,0,6.52304E+20,5.35266E+21,1.10541E+16,4.83087E+16
73147,73148,9,4,61,0,2016,6,12,2,3,1,6,0,0,0,1,0,0,1,0,6.35248E+20,5.52606E+21,1.08822E+16,4.98717E+16
73148,73149,9,7,73,117,2016,6,23,5,2,5,2,2,1,0,1,0,0,0,0,6.11653E+20,5.39821E+21,1.05182E+16,4.87269E+16
73149,73150,9,2,61,0,2016,6,3,2,2,2,6,2,0,0,1,0,0,0,0,7.2596E+20,5.37829E+21,1.206E+16,4.8517E+16
73150,73151,9,1,80,124,2016,6,23,5,3,4,2,2,1,0,1,0,0,0,0,6.6488E+20,5.28322E+21,1.11969E+16,4.76813E+16
73151,73152,9,6,61,0,2016,6,16,4,3,2,6,0,1,0,1,0,0,0,0,5.08009E+20,5.53502E+21,9.11168E+15,4.99674E+16
73152,73153,9,2,75,150,2016,6,6,4,3,8,1,0,1,0,1,0,0,0,0,8.35483E+20,5.39001E+21,1.35486E+16,4.85732E+16
73153,73154,9,7,80,112,2016,6,17,1,3,0,6,0,0,0,1,0,1,0,0,5.90778E+20,5.29142E+21,1.02116E+16,4.77697E+16
73154,73155,9,5,64,0,2016,6,14,3,3,5,2,0,0,0,1,0,0,0,0,6.5614E+20,5.47596E+21,1.11528E+16,4.94163E+16
73155,73156,9,7,72,163,2016,6,6,7,3,9,1,0,0,0,1,0,0,0,0,6.3861E+20,5.34649E+21,1.08675E+16,4.82565E+16
73156,73157,9,1,61,0,2016,6,11,1,3,8,1,0,1,0,1,0,0,0,0,6.82003E+20,5.40533E+21,1.14773E+16,4.87743E+16
73157,73158,9,3,71,121,2016,6,18,3,3,8,1,0,0,0,1,0,0,0,0,7.11181E+20,5.50104E+21,1.19242E+16,4.96249E+16
73158,73159,9,2,78,159,2016,6,14,3,3,2,6,0,0,0,1,0,0,0,0,7.77916E+20,5.42142E+21,1.27912E+16,4.88834E+16
73159,73160,9,2,73,111,2016,6,19,5,3,8,1,0,1,0,1,0,0,0,0,7.10223E+20,5.41251E+21,1.18646E+16,4.88299E+16
73160,73161,9,7,77,159,2016,6,10,7,3,5,3,0,0,0,1,0,0,0,0,6.17059E+20,5.27054E+21,1.05566E+16,4.75777E+16
73161,73162,9,6,75,117,2016,6,17,4,3,5,3,0,0,0,1,0,1,0,0,5.83555E+20,5.51712E+21,1.01611E+16,4.98007E+16
73162,73163,9,3,73,147,2016,6,12,4,3,5,7,0,0,0,1,0,0,0,0,6.78931E+20,5.46115E+21,1.14601E+16,4.92769E+16
73163,73164,9,1,76,138,2016,6,16,1,3,9,1,0,1,0,1,0,0,0,0,6.69184E+20,5.42608E+21,1.13115E+16,4.89645E+16
73164,73165,9,5,72,135,2016,6,9,3,3,1,7,0,0,0,1,0,0,1,0,6.31984E+20,5.50923E+21,1.08311E+16,4.97211E+16
73165,73166,9,2,78,190,2016,6,16,5,3,5,3,0,0,0,1,0,0,0,0,7.63327E+20,5.42798E+21,1.25968E+16,4.89486E+16
73166,73167,9,1,88,126,2016,6,19,1,3,0,1,0,0,0,0,0,1,0,0,6.60752E+20,5.32464E+21,1.11573E+16,4.80548E+16
73167,73168,9,3,73,155,2016,6,6,3,3,3,6,0,0,1,0,0,1,0,0,6.70476E+20,5.46212E+21,1.13444E+16,4.9288E+16
73168,73169,9,1,74,135,2016,6,13,4,2,8,1,0,0,0,1,0,0,0,0,6.64219E+20,5.35259E+21,1.12146E+16,4.83052E+16
73169,73170,9,6,61,0,2016,6,14,6,3,2,6,0,0,0,1,0,0,0,0,5.12147E+20,5.53752E+21,9.16946E+15,4.99899E+16
73170,73171,9,7,78,186,2016,6,8,2,3,5,3,0,1,0,1,0,0,0,0,5.9635E+20,5.31126E+21,1.02903E+16,4.79474E+16
73171,73172,9,3,75,171,2016,6,20,7,2,9,1,0,1,0,0,0,1,0,0,7.48738E+20,5.42346E+21,1.23952E+16,4.89141E+16
73172,73173,9,6,74,149,2016,6,15,2,2,4,6,0,1,0,1,0,0,0,0,6.08838E+20,5.55017E+21,1.05217E+16,5.00938E+16
73173,73174,9,5,73,111,2016,6,19,1,3,2,6,0,0,0,1,0,0,0,0,6.34401E+20,5.47567E+21,1.08532E+16,4.94188E+16
73174,73175,9,3,61,0,2016,6,19,6,3,5,3,0,0,1,1,0,0,0,0,7.09845E+20,5.4825E+21,1.18959E+16,4.94589E+16
73175,73176,9,1,87,122,2016,6,7,6,3,5,3,0,1,0,1,0,0,0,0,7.16854E+20,5.30611E+21,1.19E+16,4.78717E+16
73176,73177,9,6,61,0,2016,6,11,2,3,5,3,0,0,1,1,0,0,0,0,5.09672E+20,5.53642E+21,9.1349E+15,4.99801E+16
73177,73178,9,1,85,149,2016,6,18,1,3,0,1,0,0,0,0,0,1,0,0,6.5815E+20,5.40151E+21,1.11514E+16,4.87465E+16
73178,73179,9,6,75,165,2016,6,17,3,3,5,3,0,1,0,1,0,0,0,0,5.89178E+20,5.5169E+21,1.02392E+16,4.9798E+16
73179,73180,9,3,76,175,2016,6,9,2,3,5,6,0,0,0,1,0,0,1,0,7.29214E+20,5.46711E+21,1.21539E+16,4.93137E+16
73180,73181,9,5,72,135,2016,6,14,5,3,0,3,0,1,1,1,0,0,0,0,6.30352E+20,5.50756E+21,1.08079E+16,4.97064E+16
73181,73182,9,1,72,112,2016,6,6,2,3,3,3,0,1,0,1,0,0,1,1,7.8639E+20,5.30353E+21,1.28263E+16,4.78213E+16
73182,73183,9,1,87,173,2016,6,7,2,3,8,1,0,1,0,1,0,0,0,0,7.40118E+20,5.31888E+21,1.22177E+16,4.79781E+16
73183,73184,9,1,82,129,2016,6,12,5,3,0,7,0,0,1,0,0,0,0,0,7.07907E+20,5.28553E+21,1.17707E+16,4.76897E+16
73184,73185,9,5,74,152,2016,6,4,4,3,3,6,1,0,0,1,0,0,1,0,6.63877E+20,5.4828E+21,1.12622E+16,4.94757E+16
73185,73186,9,2,77,121,2016,6,7,4,3,4,6,0,1,0,1,0,1,0,0,7.65359E+20,5.36971E+21,1.25871E+16,4.84246E+16
73186,73187,9,6,73,182,2016,6,11,1,2,9,1,0,1,0,1,0,0,0,0,5.89491E+20,5.59288E+21,1.02614E+16,5.04811E+16
73187,73188,9,5,61,0,2016,6,18,3,3,3,6,0,0,0,1,0,0,0,0,6.15348E+20,5.46253E+21,1.05868E+16,4.93046E+16
73188,73189,9,6,79,144,2016,6,18,7,2,8,1,0,0,0,1,0,0,0,0,5.48781E+20,5.51303E+21,9.6774E+15,4.97678E+16
73189,73190,9,1,84,140,2016,6,2,1,3,8,1,2,0,0,1,0,0,0,0,7.03192E+20,5.32812E+21,1.17279E+16,4.8074E+16
73190,73191,9,2,73,133,2016,6,18,3,3,8,1,0,1,0,1,0,0,0,0,7.10172E+20,5.42485E+21,1.18702E+16,4.89408E+16
73191,73192,9,5,64,0,2016,6,9,6,3,6,2,0,1,0,1,1,0,0,0,6.52001E+20,5.47751E+21,1.10964E+16,4.94312E+16
73192,73193,9,4,71,119,2016,6,18,1,3,0,1,0,0,1,0,0,0,0,0,6.38707E+20,5.53638E+21,1.0934E+16,4.99636E+16
73193,73194,9,1,89,120,2016,6,13,7,3,2,6,0,0,0,1,0,0,0,0,7.60058E+20,5.2996E+21,1.24729E+16,4.77971E+16
73194,73195,9,2,74,185,2016,6,16,6,3,2,5,0,0,0,1,0,0,0,0,7.31838E+20,5.37102E+21,1.21355E+16,4.84495E+16
73195,73196,9,1,74,131,2016,6,12,7,3,9,1,0,0,0,1,0,0,0,0,6.74479E+20,5.36105E+21,1.13564E+16,4.83785E+16
73196,73197,9,4,77,142,2016,6,13,1,2,3,1,0,1,0,1,0,1,0,0,6.82095E+20,5.54554E+21,1.15428E+16,5.00343E+16
73197,73198,9,1,81,132,2016,6,13,6,3,4,1,0,0,0,1,0,0,0,0,6.46235E+20,5.3246E+21,1.09626E+16,4.80579E+16
73198,73199,9,5,63,0,2016,6,14,6,3,2,6,0,1,0,1,0,0,0,0,6.44242E+20,5.48266E+21,1.09913E+16,4.94795E+16
73199,73200,9,6,71,157,2016,6,6,2,3,8,1,0,1,0,1,0,0,0,0,5.26477E+20,5.52847E+21,9.36875E+15,4.9908E+16
73200,73201,9,4,75,113,2016,6,16,1,2,8,1,0,0,0,0,0,1,0,0,6.97122E+20,5.58744E+21,1.17741E+16,5.04059E+16
73201,73202,9,2,72,129,2016,6,10,7,3,5,3,0,0,0,1,0,0,0,0,8.44526E+20,5.40841E+21,1.3686E+16,4.87333E+16
73202,73203,9,2,72,142,2016,6,8,6,3,8,6,0,0,0,1,0,0,1,0,8.21239E+20,5.41228E+21,1.33733E+16,4.87804E+16
73203,73204,9,1,85,149,2016,6,13,7,3,5,2,0,0,0,1,0,0,0,0,6.59636E+20,5.39854E+21,1.11704E+16,4.87194E+16
73204,73205,9,4,72,154,2016,6,11,1,2,2,1,0,0,1,1,0,0,0,0,6.66059E+20,5.53168E+21,1.13131E+16,4.99144E+16
73205,73206,9,1,61,0,2016,6,17,6,3,5,3,0,1,0,1,0,0,0,0,6.75564E+20,5.40491E+21,1.13895E+16,4.87724E+16
73206,73207,9,5,74,164,2016,6,14,2,3,9,6,0,1,0,1,0,0,0,0,6.69613E+20,5.47547E+21,1.13382E+16,4.94083E+16
73207,73208,9,1,74,146,2016,6,14,1,3,8,1,0,1,0,1,0,0,0,0,6.68141E+20,5.35018E+21,1.12665E+16,4.82825E+16
73208,73209,9,5,64,0,2016,6,18,5,3,2,6,0,0,0,1,0,1,0,0,6.47661E+20,5.47481E+21,1.10356E+16,4.9408E+16
73209,73210,9,1,76,149,2016,6,17,2,3,4,6,0,0,0,0,0,0,1,0,6.59472E+20,5.40842E+21,1.1172E+16,4.88083E+16
73210,73211,9,1,61,0,2016,6,16,5,3,0,7,0,1,1,1,0,0,0,0,6.78874E+20,5.4024E+21,1.14334E+16,4.87489E+16
73211,73212,9,6,72,122,2016,6,17,7,3,4,1,0,0,0,1,0,0,0,0,5.74353E+20,5.55728E+21,1.0041E+16,5.01631E+16
73212,73213,9,5,64,0,2016,6,18,4,3,2,6,0,0,0,1,0,0,0,0,6.49797E+20,5.47709E+21,1.10658E+16,4.9428E+16
73213,73214,9,1,89,154,2016,6,16,4,3,4,6,0,0,0,0,0,1,0,1,7.70398E+20,5.31872E+21,1.26226E+16,4.79646E+16
73214,73215,9,6,76,156,2016,6,14,1,2,3,6,0,0,0,1,0,1,0,0,5.18813E+20,5.4987E+21,9.26057E+15,4.96405E+16
73215,73216,9,4,77,164,2016,6,11,3,2,0,1,0,0,0,1,0,0,0,1,6.65766E+20,5.54236E+21,1.13136E+16,5.00105E+16
73216,73217,9,6,71,150,2016,6,17,7,2,5,3,0,0,0,1,0,0,0,0,5.17812E+20,5.54034E+21,9.24861E+15,5.00151E+16
73217,73218,9,1,87,165,2016,6,9,3,3,2,6,0,0,0,1,0,0,0,0,7.33596E+20,5.29976E+21,1.21201E+16,4.78088E+16
73218,73219,9,5,71,226,2016,6,11,6,2,9,1,0,0,0,1,0,0,0,0,6.35231E+20,5.45213E+21,1.08566E+16,4.92071E+16
73219,73220,9,2,75,153,2016,6,17,1,3,8,1,0,0,0,0,0,1,0,0,8.4279E+20,5.39456E+21,1.3651E+16,4.861E+16
73220,73221,9,2,73,111,2016,6,12,6,3,8,1,0,1,0,1,0,0,0,0,7.07903E+20,5.40951E+21,1.18315E+16,4.88037E+16
73221,73222,9,1,78,120,2016,6,22,7,3,5,3,2,1,0,1,0,0,0,0,6.94783E+20,5.35282E+21,1.16265E+16,4.82986E+16
73222,73223,9,4,74,123,2016,6,14,1,3,8,1,0,1,0,1,0,0,0,0,6.47156E+20,5.51565E+21,1.10439E+16,4.97753E+16
73223,73224,9,1,86,152,2016,6,14,6,3,2,6,0,0,0,1,0,0,0,0,6.91372E+20,5.37344E+21,1.15899E+16,4.8485E+16
73224,73225,9,5,77,122,2016,6,7,2,3,9,1,0,0,0,1,0,0,0,0,6.30038E+20,5.43696E+21,1.07805E+16,4.90718E+16
73225,73226,9,1,62,0,2016,6,17,7,3,5,3,0,0,0,1,0,0,0,0,6.84622E+20,5.34266E+21,1.14852E+16,4.82103E+16
73226,73227,9,7,61,0,2016,6,13,4,3,2,6,0,0,0,1,0,0,0,0,6.38324E+20,5.36221E+21,1.08688E+16,4.83979E+16
73227,73228,9,1,62,0,2016,6,18,7,3,5,3,0,0,0,1,0,0,0,0,6.82679E+20,5.3376E+21,1.14569E+16,4.81653E+16
73228,73229,9,3,63,0,2016,6,17,5,3,2,6,0,0,0,1,0,0,0,0,7.27619E+20,5.51013E+21,1.21568E+16,4.97006E+16
73229,73230,9,1,62,0,2016,6,14,7,2,5,2,0,0,0,1,0,0,0,0,6.77945E+20,5.33531E+21,1.13923E+16,4.81461E+16
73230,73231,9,1,84,137,2016,6,8,1,3,0,7,0,1,1,0,0,0,0,0,7.06907E+20,5.31632E+21,1.17721E+16,4.79667E+16
73231,73232,9,3,74,123,2016,6,14,3,2,8,1,0,0,0,0,0,1,0,0,7.4662E+20,5.51282E+21,1.24215E+16,4.97173E+16
73232,73233,9,1,75,137,2016,6,16,5,3,5,3,0,0,0,1,0,0,0,0,7.25996E+20,5.33021E+21,1.20348E+16,4.80851E+16
73233,73234,9,4,71,145,2016,6,12,4,3,8,1,0,1,0,1,0,0,0,0,6.43105E+20,5.51806E+21,1.09885E+16,4.97979E+16
73234,73235,9,1,76,139,2016,6,16,4,2,4,2,0,0,0,1,0,0,0,1,6.8367E+20,5.41104E+21,1.15025E+16,4.88252E+16
73235,73236,9,7,61,0,2016,6,8,6,3,0,1,0,1,1,0,0,0,0,0,6.41311E+20,5.36115E+21,1.09087E+16,4.83876E+16
73236,73237,9,1,78,137,2016,6,14,3,3,2,6,0,0,0,1,0,0,0,0,6.92295E+20,5.36258E+21,1.15974E+16,4.83871E+16
73237,73238,9,5,64,0,2016,6,17,2,3,5,3,0,0,1,1,0,0,0,0,6.44906E+20,5.47808E+21,1.09988E+16,4.94381E+16
73238,73239,9,1,78,130,2016,6,12,1,3,0,1,0,1,1,0,0,0,0,0,7.03799E+20,5.35595E+21,1.17494E+16,4.83238E+16
73239,73240,9,4,78,120,2016,6,18,5,3,8,1,0,0,0,1,0,0,0,0,6.36983E+20,5.54784E+21,1.09141E+16,5.0067E+16
73240,73241,9,1,75,127,2016,6,15,2,3,4,7,0,0,0,1,0,0,0,0,7.10835E+20,5.34198E+21,1.18373E+16,4.8196E+16
73241,73242,9,1,79,123,2016,6,20,5,3,5,2,0,1,0,1,0,0,0,0,6.75947E+20,5.33355E+21,1.13647E+16,4.81309E+16
73242,73243,9,5,71,225,2016,6,4,4,3,8,1,1,0,0,0,0,0,1,0,5.90357E+20,5.47336E+21,1.02455E+16,4.94062E+16
73243,73244,9,1,82,120,2016,6,15,4,3,5,2,0,0,1,1,0,0,0,0,7.01976E+20,5.30617E+21,1.17013E+16,4.78771E+16
73244,73245,9,7,71,111,2016,6,14,6,2,2,6,0,0,0,1,0,1,0,0,6.5746E+20,5.35866E+21,1.11258E+16,4.83614E+16
73245,73246,9,1,62,0,2016,6,17,3,3,2,6,0,1,0,1,0,0,0,0,6.84269E+20,5.34257E+21,1.14804E+16,4.82096E+16
73246,73247,9,5,72,135,2016,6,11,1,3,9,1,0,1,0,0,0,1,0,0,6.30693E+20,5.50822E+21,1.08129E+16,4.97123E+16
73247,73248,9,5,74,132,2016,6,13,7,3,1,6,0,0,0,1,0,0,0,0,6.76341E+20,5.48629E+21,1.14357E+16,4.95036E+16
73248,73249,9,6,73,172,2016,6,20,1,2,0,1,0,0,1,0,0,0,0,0,6.12492E+20,5.56925E+21,1.05784E+16,5.02647E+16
73249,73250,9,4,72,139,2016,6,11,6,3,0,7,0,1,0,0,0,1,1,0,6.95411E+20,5.55271E+21,1.17322E+16,5.00945E+16
73250,73251,9,1,89,160,2016,6,7,6,2,8,1,0,1,0,0,0,1,0,0,7.61003E+20,5.28887E+21,1.2479E+16,4.77004E+16
73251,73252,9,2,74,128,2016,6,16,1,3,5,7,0,0,1,1,0,0,0,0,7.38401E+20,5.38746E+21,1.22335E+16,4.85948E+16
73252,73253,9,1,62,0,2016,6,8,3,3,5,2,0,0,1,0,0,0,0,1,6.91307E+20,5.33926E+21,1.15735E+16,4.81778E+16
73253,73254,9,1,73,133,2016,6,13,6,2,8,1,0,0,0,0,0,1,0,0,6.76879E+20,5.27859E+21,1.13547E+16,4.76365E+16
73254,73255,9,4,75,136,2016,6,18,2,3,9,1,0,1,0,0,0,1,0,0,6.89344E+20,5.56817E+21,1.16551E+16,5.02353E+16
73255,73256,9,7,74,144,2016,6,5,6,3,3,6,1,1,0,0,0,0,1,1,6.05676E+20,5.36315E+21,1.04281E+16,4.84127E+16
73256,73257,9,3,61,0,2016,6,17,2,2,5,3,0,0,0,1,0,1,0,0,7.08629E+20,5.48088E+21,1.18783E+16,4.94448E+16
73257,73258,9,1,62,0,2016,6,12,5,2,5,3,0,0,1,1,0,0,0,0,6.92936E+20,5.33891E+21,1.15953E+16,4.81741E+16
73258,73259,9,2,61,0,2016,6,14,5,3,5,3,0,0,1,1,0,0,0,0,7.31715E+20,5.38386E+21,1.21409E+16,4.8565E+16
73259,73260,9,7,80,144,2016,6,2,7,3,9,7,2,0,0,1,0,0,0,0,5.89419E+20,5.27996E+21,1.01911E+16,4.76669E+16
73260,73261,9,6,79,154,2016,6,8,4,3,2,6,0,0,0,1,0,0,0,1,5.62387E+20,5.51074E+21,9.86597E+15,4.97459E+16
73261,73262,9,7,75,139,2016,6,12,7,2,2,6,0,1,0,1,0,0,1,0,5.78344E+20,5.36726E+21,1.00596E+16,4.84536E+16
73262,73263,9,3,72,116,2016,6,12,5,3,5,3,0,0,1,1,0,0,0,0,7.68287E+20,5.45265E+21,1.26808E+16,4.91679E+16
73263,73264,9,7,75,134,2016,6,14,7,3,5,2,0,1,1,1,0,0,0,0,5.83894E+20,5.36461E+21,1.01341E+16,4.84291E+16
73264,73265,9,3,72,153,2016,6,7,3,3,8,1,0,1,0,1,0,0,0,0,7.58146E+20,5.45417E+21,1.25429E+16,4.91859E+16
73265,73266,9,1,62,0,2016,6,16,4,3,2,6,0,0,0,1,0,0,0,0,6.89875E+20,5.33903E+21,1.15542E+16,4.81761E+16
73266,73267,9,1,79,121,2016,6,16,4,3,5,7,0,0,1,0,0,0,0,0,6.66045E+20,5.33853E+21,1.12337E+16,4.81783E+16
73267,73268,9,6,73,136,2016,6,19,6,3,9,1,0,1,0,1,0,0,0,0,5.93235E+20,5.57753E+21,1.03103E+16,5.03424E+16
73268,73269,9,1,84,131,2016,6,13,2,2,8,1,0,0,0,0,0,1,0,0,7.05526E+20,5.33931E+21,1.17646E+16,4.81737E+16
73269,73270,9,3,74,168,2016,6,15,7,3,2,6,0,0,0,1,0,1,0,0,7.26979E+20,5.52138E+21,1.21545E+16,4.98019E+16
73270,73271,9,6,79,156,2016,6,15,2,3,2,6,0,0,0,1,0,0,0,0,5.72578E+20,5.52189E+21,1.00095E+16,4.9845E+16
73271,73272,9,5,63,0,2016,6,14,1,2,3,6,0,0,0,0,0,1,0,1,6.45475E+20,5.48131E+21,1.10078E+16,4.9467E+16
73272,73273,9,3,71,131,2016,6,15,6,3,3,6,0,0,0,1,0,0,1,0,6.95392E+20,5.47801E+21,1.16945E+16,4.94233E+16
73273,73274,9,1,82,136,2016,6,16,6,2,5,3,0,0,0,1,0,1,0,0,7.03922E+20,5.29962E+21,1.17242E+16,4.78176E+16
73274,73275,9,1,87,113,2016,6,14,1,3,5,3,0,0,0,1,0,0,0,0,7.46812E+20,5.326E+21,1.23114E+16,4.80396E+16
73275,73276,9,6,75,178,2016,6,22,3,3,2,6,2,0,0,1,0,0,1,0,6.01405E+20,5.51527E+21,1.04086E+16,4.97813E+16
73276,73277,9,5,75,152,2016,6,19,7,3,0,1,0,0,0,0,0,1,0,0,6.18841E+20,5.48127E+21,1.06404E+16,4.94725E+16
73277,73278,9,7,72,163,2016,6,18,2,3,9,1,0,1,0,1,0,0,0,1,6.3917E+20,5.35057E+21,1.08764E+16,4.8293E+16
73278,73279,9,6,71,152,2016,6,12,1,3,0,7,0,1,0,0,0,1,0,0,5.17251E+20,5.5486E+21,9.24116E+15,5.00894E+16
73279,73280,9,3,63,0,2016,6,15,6,3,0,1,0,1,0,0,0,1,0,0,7.2815E+20,5.50817E+21,1.2163E+16,4.96828E+16
73280,73281,9,1,87,165,2016,6,6,6,3,8,1,0,1,0,1,0,0,0,0,7.29146E+20,5.3003E+21,1.20611E+16,4.78152E+16
73281,73282,9,2,73,111,2016,6,18,1,3,0,7,0,0,1,0,0,0,0,0,7.04978E+20,5.41388E+21,1.17939E+16,4.8844E+16
73282,73283,9,7,79,218,2016,6,15,3,3,5,3,0,1,0,0,0,0,1,1,6.23253E+20,5.39532E+21,1.06751E+16,4.86988E+16
73283,73284,9,4,77,142,2016,6,17,2,3,8,1,0,1,0,1,0,0,0,0,6.79903E+20,5.54592E+21,1.15124E+16,5.00384E+16
73284,73285,9,7,77,151,2016,6,17,5,3,5,3,0,1,0,1,0,1,0,0,6.21966E+20,5.29242E+21,1.06279E+16,4.77736E+16
73285,73286,9,2,71,119,2016,6,11,2,3,5,3,0,0,1,1,0,0,0,0,7.91498E+20,5.41793E+21,1.29735E+16,4.88458E+16
73286,73287,9,1,73,120,2016,6,7,5,3,5,3,0,1,0,1,0,0,0,0,6.86358E+20,5.31576E+21,1.14968E+16,4.7968E+16
73287,73288,9,6,72,114,2016,6,15,4,3,5,7,0,0,1,1,0,0,0,0,5.75884E+20,5.56043E+21,1.00631E+16,5.01912E+16
73288,73289,9,2,76,134,2016,6,17,4,3,0,7,0,0,0,1,0,0,0,1,7.91636E+20,5.43656E+21,1.29887E+16,4.9013E+16
73289,73290,9,7,78,134,2016,6,4,7,3,9,7,2,0,0,1,0,0,0,1,6.16378E+20,5.33958E+21,1.05662E+16,4.81988E+16
73290,73291,9,5,62,0,2016,6,12,3,3,5,3,0,0,1,1,0,0,0,0,6.44911E+20,5.49361E+21,1.10046E+16,4.95777E+16
73291,73292,9,7,79,155,2016,6,1,7,3,8,1,2,0,0,1,0,0,0,0,6.21877E+20,5.40617E+21,1.06596E+16,4.87965E+16
73292,73293,9,2,78,151,2016,6,18,5,3,2,6,0,1,0,1,0,1,0,0,7.66888E+20,5.42949E+21,1.26463E+16,4.89607E+16
73293,73294,9,7,80,143,2016,6,13,7,3,8,1,0,0,0,1,0,0,0,0,5.97507E+20,5.27911E+21,1.02986E+16,4.76581E+16
73294,73295,9,3,76,161,2016,6,17,3,3,5,6,0,0,0,1,0,0,0,0,7.25244E+20,5.46582E+21,1.20986E+16,4.93035E+16
73295,73296,9,2,76,134,2016,6,18,3,2,0,3,0,0,1,1,0,0,0,0,7.91181E+20,5.43447E+21,1.2981E+16,4.89943E+16
73296,73297,9,5,62,0,2016,6,8,6,3,0,5,0,1,1,1,0,0,0,0,6.45017E+20,5.49676E+21,1.10072E+16,4.9606E+16
73297,73298,9,7,77,151,2016,6,7,2,3,5,3,0,0,0,1,0,0,0,0,6.24401E+20,5.29378E+21,1.06608E+16,4.77854E+16
73298,73299,9,3,61,0,2016,6,17,7,3,5,3,0,0,1,1,0,0,0,0,7.07139E+20,5.48003E+21,1.18573E+16,4.94376E+16
73299,73300,9,6,78,193,2016,6,13,2,3,2,2,0,0,0,1,0,0,0,0,5.80596E+20,5.54087E+21,1.01249E+16,5.00147E+16
73300,73301,9,5,71,175,2016,6,19,1,3,5,6,1,0,0,1,0,0,1,0,6.23809E+20,5.45874E+21,1.07019E+16,4.92688E+16
73301,73302,9,2,77,145,2016,6,9,7,3,2,6,0,0,0,1,0,0,0,0,7.98051E+20,5.3541E+21,1.30169E+16,4.82699E+16
73302,73303,9,2,71,135,2016,6,15,6,2,6,4,0,0,0,1,1,0,0,0,7.91597E+20,5.40575E+21,1.29662E+16,4.87364E+16
73303,73304,9,1,61,0,2016,6,6,7,3,0,1,0,0,1,0,0,0,0,0,6.77223E+20,5.40412E+21,1.14117E+16,4.87648E+16
73304,73305,9,4,74,119,2016,6,12,1,3,2,6,0,1,0,1,0,0,0,0,6.53026E+20,5.49623E+21,1.11178E+16,4.95992E+16
73305,73306,9,1,85,158,2016,6,14,6,3,0,1,0,0,1,0,0,0,0,0,6.68409E+20,5.38228E+21,1.1283E+16,4.8571E+16
73306,73307,9,5,72,126,2016,6,7,2,3,2,6,0,1,0,1,0,0,0,0,6.33975E+20,5.50633E+21,1.08577E+16,4.96946E+16
73307,73308,9,1,79,142,2016,6,14,1,3,0,6,0,0,0,1,0,0,0,0,6.77389E+20,5.34241E+21,1.13878E+16,4.82101E+16
73308,73309,9,3,71,157,2016,6,17,2,3,8,1,0,0,0,0,0,0,1,0,6.87887E+20,5.48594E+21,1.15948E+16,4.9497E+16
73309,73310,9,5,74,157,2016,6,18,5,3,5,3,0,1,0,1,0,0,0,0,6.6329E+20,5.47006E+21,1.12489E+16,4.93613E+16
73310,73311,9,1,83,127,2016,6,21,2,3,4,2,2,0,0,1,0,0,0,0,7.55225E+20,5.34977E+21,1.24383E+16,4.82497E+16
73311,73312,9,1,61,0,2016,6,16,2,3,2,2,0,0,1,1,0,0,0,0,6.77421E+20,5.40471E+21,1.14147E+16,4.87701E+16
73312,73313,9,1,87,122,2016,6,6,5,3,9,6,0,1,0,1,0,0,0,0,7.22215E+20,5.30682E+21,1.1972E+16,4.78762E+16
73313,73314,9,6,78,134,2016,6,21,7,3,4,2,1,1,0,1,0,1,0,0,5.96569E+20,5.52858E+21,1.03448E+16,4.99018E+16
73314,73315,9,5,76,127,2016,6,9,4,2,5,3,0,0,0,1,0,0,0,0,6.64358E+20,5.44785E+21,1.12545E+16,4.91614E+16
73315,73316,9,1,73,134,2016,6,7,4,3,2,2,0,0,0,1,0,0,0,0,6.8572E+20,5.29888E+21,1.1481E+16,4.78164E+16
73316,73317,9,6,74,163,2016,6,14,1,3,5,3,0,0,0,1,0,1,0,0,6.08078E+20,5.53905E+21,1.05079E+16,4.9994E+16
73317,73318,9,4,73,159,2016,6,16,3,2,2,6,0,0,0,1,0,1,0,0,6.432E+20,5.57398E+21,1.10108E+16,5.03005E+16
73318,73319,9,6,74,147,2016,6,22,7,3,7,7,2,0,0,0,0,1,0,0,6.10805E+20,5.54678E+21,1.05482E+16,5.00629E+16
73319,73320,9,7,80,137,2016,6,9,2,3,9,1,0,0,0,1,0,0,0,0,5.94015E+20,5.27037E+21,1.02502E+16,4.75799E+16
73320,73321,9,7,63,0,2016,6,15,3,3,2,6,0,0,0,1,0,0,0,0,5.99168E+20,5.28699E+21,1.03225E+16,4.77287E+16
73321,73322,9,1,89,115,2016,6,16,3,3,2,6,0,0,0,1,0,0,0,0,7.63882E+20,5.33514E+21,1.25456E+16,4.81147E+16
73322,73323,9,2,62,0,2016,6,13,2,3,2,6,0,0,0,1,0,1,0,0,8.28018E+20,5.38975E+21,1.34475E+16,4.85749E+16
73323,73324,9,1,75,139,2016,6,16,3,3,0,3,0,0,1,1,0,0,0,0,7.10407E+20,5.32839E+21,1.18248E+16,4.8074E+16