FID,OBJECTID,ULAND,UREGBEZ,UKREIS,UGEMEINDE,UJAHR,UMONAT,USTUNDE,UWOCHENTAG,UKATEGORIE,UART,UTYP1,ULICHTVERH,IstStrasse,IstRad,IstPKW,IstFuss,IstKrad,IstGkfz,IstSonstig,LINREFX,LINREFY,XGCSWGS84,YGCSWGS84
73504,73505,9,2,72,146,2016,6,13,3,3,0,1,0,1,0,0,0,1,0,0,8.26999E+20,5.42258E+21,1.34597E+16,4.88698E+16
73505,73506,9,5,65,0,2016,6,12,2,3,4,2,0,0,0,1,0,1,0,0,6.47987E+20,5.46607E+21,1.10368E+16,4.93294E+16
73506,73507,9,1,87,114,2016,6,14,4,2,3,6,0,0,0,1,0,1,0,0,7.47729E+20,5.2921E+21,1.23042E+16,4.77347E+16
73507,73508,9,1,79,123,2016,6,5,2,3,5,3,0,0,0,1,0,0,0,1,6.75948E+20,5.33356E+21,1.13648E+16,4.81309E+16
73508,73509,9,4,62,0,2016,6,11,2,3,5,2,0,0,0,1,0,1,0,0,6.84415E+20,5.53581E+21,1.15705E+16,4.99461E+16
73509,73510,9,1,84,141,2016,6,8,3,3,2,6,0,0,0,1,0,0,1,0,6.9704E+20,5.31935E+21,1.16414E+16,4.79971E+16
73510,73511,9,2,76,144,2016,6,8,2,3,5,3,0,0,0,1,0,0,0,0,7.83031E+20,5.44351E+21,1.28762E+16,4.90793E+16
73511,73512,9,5,64,0,2016,6,18,2,3,2,6,0,0,0,1,0,0,0,0,6.52483E+20,5.47755E+21,1.1103E+16,4.94315E+16
73512,73513,9,1,76,131,2016,6,14,3,3,0,7,0,0,0,1,0,1,0,0,6.80659E+20,5.41065E+21,1.14613E+16,4.88225E+16
73513,73514,9,1,79,121,2016,6,12,2,3,0,3,0,0,1,1,0,0,0,0,6.67459E+20,5.3391E+21,1.12529E+16,4.81831E+16
73514,73515,9,7,78,123,2016,6,14,2,3,2,6,0,0,0,1,0,0,0,0,5.85719E+20,5.31611E+21,1.0149E+16,4.79925E+16
73515,73516,9,7,74,136,2016,6,10,3,3,5,3,0,0,0,1,0,0,0,0,6.02781E+20,5.37217E+21,1.03912E+16,4.84942E+16
73516,73517,9,1,90,121,2016,6,15,3,3,4,6,0,0,0,1,0,0,0,1,6.64322E+20,5.29008E+21,1.1192E+16,4.77431E+16
73517,73518,9,1,74,135,2016,6,17,2,3,2,6,0,0,0,1,0,0,0,0,6.62963E+20,5.35297E+21,1.11978E+16,4.83089E+16
73518,73519,9,1,84,145,2016,6,10,2,3,2,6,0,0,0,1,0,0,0,0,6.96058E+20,5.32423E+21,1.16305E+16,4.80412E+16
73519,73520,9,7,75,135,2016,6,12,3,3,2,6,0,0,0,1,0,0,1,0,5.80705E+20,5.36274E+21,1.00906E+16,4.84126E+16
73520,73521,9,1,81,130,2016,6,15,3,3,2,6,0,0,0,1,0,0,0,0,6.39076E+20,5.32532E+21,1.08668E+16,4.8066E+16
73521,73522,9,1,77,135,2016,6,16,2,3,2,6,0,0,0,1,0,0,0,1,7.19164E+20,5.34433E+21,1.19504E+16,4.82143E+16
73522,73523,9,7,79,131,2016,6,7,2,2,2,6,0,0,0,1,0,1,0,0,6.31812E+20,5.39559E+21,1.07914E+16,4.86994E+16
73523,73524,9,5,76,127,2016,6,21,3,3,9,7,2,0,0,1,0,0,0,0,6.64916E+20,5.44849E+21,1.12624E+16,4.9167E+16
73524,73525,9,3,74,162,2016,6,19,3,3,0,2,0,0,1,1,0,0,0,0,7.41836E+20,5.50163E+21,1.23483E+16,4.96188E+16
73525,73526,9,7,76,116,2016,6,17,2,3,0,1,0,0,1,0,0,0,0,0,5.51445E+20,5.26788E+21,9.68389E+15,4.75623E+16
73526,73527,9,2,79,134,2016,6,16,4,2,1,6,0,0,0,0,0,1,1,0,7.65456E+20,5.38527E+21,1.25983E+16,4.85643E+16
73527,73528,9,7,77,130,2016,6,14,3,3,4,1,0,0,0,1,0,0,0,0,6.25688E+20,5.31341E+21,1.06837E+16,4.79617E+16
73528,73529,9,1,89,155,2016,6,17,3,3,2,6,0,0,0,1,0,0,0,0,7.70998E+20,5.31088E+21,1.26257E+16,4.78939E+16
73529,73530,9,1,77,116,2016,6,18,2,3,2,6,0,0,0,1,0,0,0,0,7.116E+20,5.36439E+21,1.18588E+16,4.83971E+16
73530,73531,9,1,84,137,2016,6,18,2,3,5,3,0,0,1,1,0,0,0,0,7.07581E+20,5.31381E+21,1.17799E+16,4.7944E+16
73531,73532,9,5,77,173,2016,6,17,2,3,1,6,0,0,0,1,0,1,0,0,6.39824E+20,5.42424E+21,1.091E+16,4.89553E+16
73532,73533,9,1,81,114,2016,6,17,4,2,0,1,0,0,0,0,0,1,0,0,6.57047E+20,5.31325E+21,1.11035E+16,4.79533E+16
73533,73534,9,6,75,139,2016,6,14,2,2,8,7,0,0,1,0,0,0,0,0,5.9747E+20,5.50059E+21,1.03503E+16,4.965E+16
73534,73535,9,4,64,0,2016,6,12,3,3,5,3,0,0,1,1,0,0,0,0,7.07702E+20,5.57656E+21,1.19168E+16,5.03045E+16
73535,73536,9,2,71,119,2016,6,8,2,3,0,1,0,0,1,0,0,0,0,0,7.90937E+20,5.41891E+21,1.29666E+16,4.88549E+16
73536,73537,9,1,78,120,2016,6,7,3,3,9,6,0,0,0,1,0,0,0,0,6.96066E+20,5.35034E+21,1.16426E+16,4.82759E+16
73537,73538,9,5,64,0,2016,6,15,2,3,2,6,0,0,0,1,0,0,0,1,6.47917E+20,5.47675E+21,1.10398E+16,4.94254E+16
73538,73539,9,1,61,0,2016,6,17,4,3,5,2,0,0,1,1,0,0,0,0,6.81289E+20,5.40211E+21,1.14661E+16,4.87456E+16
73539,73540,9,7,61,0,2016,6,11,2,3,5,3,0,0,1,1,0,0,0,0,6.36926E+20,5.35958E+21,1.0849E+16,4.83745E+16
73540,73541,9,5,74,139,2016,6,20,3,3,4,3,0,0,0,1,0,0,0,0,6.69661E+20,5.4792E+21,1.13405E+16,4.94418E+16
73541,73542,9,2,75,127,2016,6,16,2,3,2,6,0,0,0,1,0,1,1,0,8.03541E+20,5.39998E+21,1.3124E+16,4.8679E+16
73542,73543,9,3,75,165,2016,6,17,3,3,0,1,0,0,0,0,0,1,0,0,7.25876E+20,5.43833E+21,1.20919E+16,4.90564E+16
73543,73544,9,6,71,155,2016,6,14,2,3,4,7,0,0,0,1,0,0,0,1,5.06462E+20,5.53433E+21,9.09009E+15,4.99613E+16
73544,73545,9,1,89,111,2016,6,15,4,2,9,1,0,0,0,1,0,0,0,0,7.61375E+20,5.32307E+21,1.25046E+16,4.80074E+16
73545,73546,9,6,78,193,2016,6,16,1,3,2,6,0,0,0,1,0,0,0,0,5.76329E+20,5.538E+21,1.00648E+16,4.99894E+16
73546,73547,9,7,72,149,2016,6,7,3,3,5,3,0,1,0,1,0,0,1,0,6.34612E+20,5.34008E+21,1.08116E+16,4.81997E+16
73547,73548,9,1,82,120,2016,6,13,3,3,5,3,0,0,1,1,0,0,0,0,7.02457E+20,5.30751E+21,1.17084E+16,4.7889E+16
73548,73549,9,1,77,116,2016,6,16,2,3,2,6,0,0,0,1,0,0,0,0,7.14065E+20,5.36556E+21,1.18926E+16,4.84068E+16
73549,73550,9,4,76,145,2016,6,13,2,3,1,6,0,0,0,1,0,1,0,0,6.65061E+20,5.56676E+21,1.13143E+16,5.02299E+16
73550,73551,9,1,75,127,2016,6,7,2,3,5,3,0,1,0,1,0,0,0,0,7.11726E+20,5.34141E+21,1.1849E+16,4.81906E+16
73551,73552,9,2,77,148,2016,6,20,2,3,5,3,1,0,0,1,0,1,0,0,7.88813E+20,5.35758E+21,1.28951E+16,4.83054E+16
73552,73553,9,2,79,137,2016,6,15,3,3,5,3,0,0,0,1,0,1,0,0,7.74233E+20,5.40385E+21,1.27293E+16,4.87273E+16
73553,73554,9,5,76,127,2016,6,18,2,3,5,3,0,0,0,1,0,0,0,0,6.59387E+20,5.45155E+21,1.11878E+16,4.9196E+16
73554,73555,9,1,87,120,2016,6,10,4,3,4,2,0,0,1,1,0,0,0,0,7.32829E+20,5.2917E+21,1.21056E+16,4.77366E+16
73555,73556,9,2,75,156,2016,6,14,3,3,4,2,0,0,0,1,0,1,0,0,8.48578E+20,5.39554E+21,1.37301E+16,4.86157E+16
73556,73557,9,5,76,151,2016,6,6,2,3,2,6,0,0,0,0,0,0,1,0,6.53842E+20,5.47013E+21,1.11189E+16,4.93644E+16
73557,73558,9,1,82,123,2016,6,16,4,3,2,6,0,0,0,1,0,0,0,0,7.17346E+20,5.30151E+21,1.19043E+16,4.78302E+16
73558,73559,9,1,61,0,2016,6,7,3,3,0,1,0,1,0,0,0,1,0,0,6.77239E+20,5.40444E+21,1.14121E+16,4.87677E+16
73559,73560,9,1,78,155,2016,6,16,2,2,5,3,0,0,0,1,0,0,0,0,7.16071E+20,5.37507E+21,1.19246E+16,4.84916E+16
73560,73561,9,4,61,0,2016,6,7,2,3,5,3,0,0,0,1,0,1,0,0,6.36732E+20,5.53026E+21,1.09044E+16,4.99091E+16
73561,73562,9,7,74,121,2016,6,23,3,3,8,1,2,0,0,1,0,1,0,0,6.0078E+20,5.3652E+21,1.03624E+16,4.84318E+16
73562,73563,9,1,62,0,2016,6,17,2,2,5,2,0,0,0,1,0,1,0,0,6.92108E+20,5.34205E+21,1.15856E+16,4.82026E+16
73563,73564,9,2,72,129,2016,6,12,4,3,1,7,0,0,0,1,0,0,0,1,8.44065E+20,5.40822E+21,1.36796E+16,4.87318E+16
73564,73565,9,1,76,137,2016,6,6,3,3,8,6,0,1,0,1,0,1,0,0,6.74099E+20,5.43051E+21,1.13805E+16,4.90029E+16
73565,73566,9,1,78,136,2016,6,18,2,3,5,6,0,0,0,1,0,0,0,1,6.98413E+20,5.37081E+21,1.16839E+16,4.84591E+16
73566,73567,9,7,79,148,2016,6,16,2,3,9,6,0,0,0,1,0,0,0,0,6.30157E+20,5.41371E+21,1.07747E+16,4.88627E+16
73567,73568,9,6,78,134,2016,6,9,3,2,5,3,0,0,1,1,0,0,0,0,5.96467E+20,5.52855E+21,1.03433E+16,4.99016E+16
73568,73569,9,1,78,124,2016,6,16,2,3,5,3,0,0,0,1,0,0,0,1,7.01372E+20,5.35971E+21,1.17185E+16,4.83584E+16
73569,73570,9,7,75,164,2016,6,16,2,3,5,2,0,0,0,1,0,0,0,0,5.85502E+20,5.35052E+21,1.0153E+16,4.83021E+16
73570,73571,9,7,78,123,2016,6,8,3,3,2,6,0,0,0,1,0,0,0,0,5.85081E+20,5.31619E+21,1.01404E+16,4.79934E+16
73571,73572,9,1,75,115,2016,6,17,2,3,5,3,0,0,0,1,0,1,0,0,7.21207E+20,5.32924E+21,1.197E+16,4.80781E+16
73572,73573,9,1,88,132,2016,6,17,3,3,5,3,0,0,0,1,0,0,0,0,6.64759E+20,5.32332E+21,1.12105E+16,4.80419E+16
73573,73574,9,1,75,121,2016,6,15,2,2,8,1,0,0,0,0,0,1,0,0,7.1296E+20,5.31974E+21,1.18547E+16,4.79955E+16
73574,73575,9,7,72,111,2016,6,19,2,3,1,7,0,0,0,1,0,0,0,0,6.27249E+20,5.36485E+21,1.072E+16,4.8424E+16
73575,73576,9,5,72,115,2016,6,14,3,3,2,6,0,0,0,1,0,0,0,0,6.46217E+20,5.50146E+21,1.10255E+16,4.96479E+16
73576,73577,9,2,77,139,2016,6,15,2,3,4,6,0,0,0,1,0,0,0,0,7.89892E+20,5.37039E+21,1.29184E+16,4.84199E+16
73577,73578,9,3,75,122,2016,6,15,3,3,0,6,0,0,0,1,0,1,0,0,7.10812E+20,5.4415E+21,1.18876E+16,4.90902E+16
73578,73579,9,6,74,210,2016,6,19,2,2,5,3,0,0,0,0,0,1,0,0,6.31114E+20,5.55309E+21,1.08339E+16,5.01156E+16
73579,73580,9,7,80,132,2016,6,19,2,2,5,3,0,0,0,1,0,0,0,0,5.81912E+20,5.26756E+21,1.00888E+16,4.75563E+16
73580,73581,9,1,90,140,2016,6,10,4,2,8,1,0,0,0,0,0,1,0,0,6.45056E+20,5.29957E+21,1.09384E+16,4.78331E+16
73581,73582,9,6,73,141,2016,6,14,1,2,5,3,0,1,0,1,0,0,0,0,6.04978E+20,5.57412E+21,1.04743E+16,5.03098E+16
73582,73583,9,7,73,139,2016,6,16,3,3,2,2,0,0,0,1,0,0,0,0,6.15519E+20,5.38552E+21,1.05673E+16,4.86121E+16
73583,73584,9,1,87,131,2016,6,10,3,2,2,6,0,0,0,1,0,0,1,0,7.34683E+20,5.29161E+21,1.21302E+16,4.77351E+16
73584,73585,9,1,74,113,2016,6,21,5,3,2,6,1,0,0,1,0,0,0,0,6.69696E+20,5.34894E+21,1.12869E+16,4.8271E+16
73585,73586,9,7,79,197,2016,6,16,4,2,4,2,0,0,0,1,0,0,0,1,6.18886E+20,5.42652E+21,1.06248E+16,4.89801E+16
73586,73587,9,5,71,137,2016,6,11,4,3,5,2,0,0,0,1,0,0,0,0,5.92679E+20,5.45767E+21,1.02739E+16,4.92647E+16
73587,73588,9,3,71,126,2016,6,6,6,3,9,7,0,0,0,1,0,0,0,0,7.03658E+20,5.48892E+21,1.18139E+16,4.95186E+16
73588,73589,9,6,61,0,2016,6,19,6,3,0,7,0,0,0,0,0,1,0,0,5.07031E+20,5.53239E+21,9.09799E+15,4.99438E+16
73589,73590,9,6,77,148,2016,6,15,5,3,2,6,0,0,0,1,0,0,0,0,5.55507E+20,5.53384E+21,9.77379E+15,4.99544E+16
73590,73591,9,1,81,146,2016,6,16,6,3,2,6,0,0,0,1,0,0,0,0,6.51626E+20,5.32641E+21,1.10356E+16,4.80729E+16
73591,73592,9,1,83,128,2016,6,16,6,3,5,3,0,0,1,0,0,0,0,1,7.62183E+20,5.34874E+21,1.25312E+16,4.82377E+16
73592,73593,9,7,78,214,2016,6,7,5,3,5,3,0,0,1,1,0,0,0,0,5.96964E+20,5.31972E+21,1.03005E+16,4.80234E+16
73593,73594,9,5,64,0,2016,6,17,5,3,0,1,0,0,1,0,0,0,0,0,6.51126E+20,5.47317E+21,1.10827E+16,4.93925E+16
73594,73595,9,4,61,0,2016,6,22,5,3,2,6,1,0,0,1,0,0,0,1,6.36723E+20,5.52743E+21,1.09032E+16,4.98836E+16
73595,73596,9,6,77,114,2016,6,10,4,2,2,6,0,0,0,1,0,0,0,0,5.73982E+20,5.53482E+21,1.00315E+16,4.99612E+16
73596,73597,9,2,78,197,2016,6,15,5,2,0,1,0,0,0,0,0,1,0,0,7.58078E+20,5.43442E+21,1.25293E+16,4.90086E+16
73597,73598,9,1,73,135,2016,6,18,5,2,4,2,0,0,0,1,0,1,0,0,6.93359E+20,5.2752E+21,1.15724E+16,4.76013E+16
73598,73599,9,1,84,138,2016,6,18,4,3,5,3,0,0,1,1,0,0,0,0,6.80867E+20,5.33072E+21,1.14296E+16,4.8104E+16
73599,73600,9,3,73,112,2016,6,16,4,3,5,3,0,0,0,1,0,0,0,0,6.8345E+20,5.44313E+21,1.1514E+16,4.91136E+16
73600,73601,9,4,76,177,2016,6,16,4,3,2,6,0,0,0,1,0,1,0,0,6.73138E+20,5.57251E+21,1.14301E+16,5.02793E+16
73601,73602,9,2,75,130,2016,6,15,6,3,2,6,0,0,0,1,0,0,0,0,8.13175E+20,5.36198E+21,1.3226E+16,4.83333E+16
73602,73603,9,5,64,0,2016,6,20,6,3,0,1,0,0,1,0,0,0,0,0,6.53599E+20,5.47841E+21,1.11188E+16,4.9439E+16
73603,73604,9,1,62,0,2016,6,19,5,3,5,2,0,0,1,1,0,0,0,0,6.92896E+20,5.33126E+21,1.15913E+16,4.81054E+16
73604,73605,9,1,61,0,2016,6,16,6,3,0,3,0,0,0,1,0,1,0,0,6.79665E+20,5.40449E+21,1.14451E+16,4.87675E+16
73605,73606,9,7,63,0,2016,6,8,5,3,2,6,0,0,0,1,0,0,0,0,5.9976E+20,5.29011E+21,1.03311E+16,4.77567E+16
73606,73607,9,1,75,127,2016,6,9,6,3,0,3,0,0,0,1,0,0,0,1,7.13231E+20,5.34126E+21,1.18691E+16,4.81887E+16
73607,73608,9,1,87,129,2016,6,18,6,3,2,6,0,0,0,1,0,0,1,0,7.24978E+20,5.30077E+21,1.20057E+16,4.78209E+16
73608,73609,9,7,74,136,2016,6,6,5,3,0,6,0,0,1,0,0,0,0,0,6.02514E+20,5.37163E+21,1.03875E+16,4.84895E+16
73609,73610,9,5,77,133,2016,6,14,5,3,2,2,0,0,0,1,0,0,0,0,6.25071E+20,5.43534E+21,1.0712E+16,4.90583E+16
73610,73611,9,3,75,120,2016,6,21,5,2,9,7,2,0,0,1,0,0,0,0,7.44831E+20,5.44183E+21,1.2353E+16,4.90806E+16
73611,73612,9,6,62,0,2016,6,6,4,2,9,1,1,0,0,0,0,1,0,0,5.88612E+20,5.54197E+21,1.02371E+16,5.00234E+16
73612,73613,9,2,72,141,2016,6,12,5,3,4,6,0,0,0,0,0,0,0,1,8.32881E+20,5.40824E+21,1.35281E+16,4.87381E+16
73613,73614,9,1,72,131,2016,6,18,5,3,8,1,0,0,0,1,0,0,0,0,7.88809E+20,5.28946E+21,1.28492E+16,4.76939E+16
73614,73615,9,1,62,0,2016,6,16,4,3,0,7,0,0,1,1,0,0,0,0,6.94487E+20,5.34079E+21,1.1617E+16,4.81906E+16
73615,73616,9,5,71,177,2016,6,15,6,3,4,6,0,0,0,1,0,0,0,0,6.25084E+20,5.45261E+21,1.07175E+16,4.92135E+16
73616,73617,9,1,84,130,2016,6,11,5,3,6,2,0,0,0,1,1,0,0,0,6.98138E+20,5.34442E+21,1.16677E+16,4.8222E+16
73617,73618,9,1,61,0,2016,6,13,5,3,4,2,0,0,0,1,0,0,0,0,6.76253E+20,5.40886E+21,1.14006E+16,4.88077E+16
73618,73619,9,7,74,144,2016,6,18,4,3,3,6,0,0,0,1,0,0,1,1,6.09687E+20,5.36306E+21,1.04823E+16,4.84111E+16
73619,73620,9,1,82,114,2016,6,10,5,3,5,3,0,0,0,1,0,0,0,0,7.19269E+20,5.2945E+21,1.19264E+16,4.77666E+16
73620,73621,9,6,75,116,2016,6,17,4,3,8,1,0,0,0,0,0,1,0,0,5.97143E+20,5.50902E+21,1.03478E+16,4.97259E+16
73621,73622,9,7,72,200,2016,6,17,5,3,5,3,0,0,1,1,0,0,0,0,6.3063E+20,5.33612E+21,1.07568E+16,4.81649E+16
73622,73623,9,4,72,127,2016,6,17,6,2,5,3,0,0,0,0,0,1,0,1,6.81637E+20,5.52253E+21,1.15256E+16,4.98277E+16
73623,73624,9,1,84,120,2016,6,18,5,3,3,6,0,0,0,1,0,1,0,0,6.80818E+20,5.3334E+21,1.14301E+16,4.81282E+16
73624,73625,9,7,74,119,2016,6,17,4,3,0,1,0,0,0,0,0,1,0,0,5.90163E+20,5.36059E+21,1.0218E+16,4.8392E+16
73625,73626,9,4,76,146,2016,6,20,4,2,5,3,0,0,0,0,0,1,0,0,6.62943E+20,5.56053E+21,1.1282E+16,5.01746E+16
73626,73627,9,3,72,178,2016,6,17,6,3,0,7,0,1,0,0,0,1,0,1,8.00119E+20,5.45576E+21,1.31187E+16,4.91811E+16
73627,73628,9,6,77,114,2016,6,6,6,3,0,6,0,0,0,1,0,1,0,0,5.66519E+20,5.53596E+21,9.92764E+15,4.99723E+16
73628,73629,9,6,77,131,2016,6,16,5,3,2,6,0,0,0,1,0,0,0,0,5.49662E+20,5.54485E+21,9.69374E+15,5.00539E+16
73629,73630,9,3,74,129,2016,6,14,6,3,1,5,0,0,0,1,0,0,0,0,6.96223E+20,5.51405E+21,1.17239E+16,4.97469E+16
73630,73631,9,1,89,140,2016,6,20,6,3,5,2,0,0,1,1,0,0,0,0,7.7291E+20,5.29659E+21,1.26422E+16,4.77648E+16
73631,73632,9,7,75,139,2016,6,9,5,3,2,6,0,0,0,1,0,0,0,0,5.77349E+20,5.36724E+21,1.00461E+16,4.84536E+16
73632,73633,9,5,74,132,2016,6,11,5,2,8,1,0,0,0,0,0,1,0,0,6.7553E+20,5.48844E+21,1.14254E+16,4.95231E+16
73633,73634,9,4,74,134,2016,6,11,5,3,2,2,0,0,0,1,0,0,1,0,6.47865E+20,5.5054E+21,1.10498E+16,4.9683E+16
73634,73635,9,6,75,146,2016,6,3,5,3,3,6,2,0,0,1,0,0,1,0,5.81336E+20,5.51536E+21,1.01299E+16,4.97851E+16
73635,73636,9,3,74,111,2016,6,12,6,3,2,6,0,0,0,1,0,0,0,0,7.26754E+20,5.51149E+21,1.21456E+16,4.97131E+16
73636,73637,9,6,76,144,2016,6,11,5,3,0,1,0,0,1,0,0,0,0,0,5.10746E+20,5.52687E+21,9.14961E+15,4.98941E+16
73637,73638,9,4,76,177,2016,6,13,5,3,2,6,0,0,0,1,0,0,0,0,6.73138E+20,5.57251E+21,1.14301E+16,5.02793E+16
73638,73639,9,3,72,178,2016,6,16,5,3,9,7,0,0,0,1,0,0,0,0,7.98581E+20,5.45446E+21,1.30967E+16,4.91702E+16
73639,73640,9,1,79,114,2016,6,17,5,3,0,2,0,0,1,1,0,0,0,0,6.5346E+20,5.34433E+21,1.10666E+16,4.82336E+16
73640,73641,9,1,78,130,2016,6,11,5,3,4,2,0,0,1,0,0,0,0,0,7.0032E+20,5.35461E+21,1.17019E+16,4.83129E+16
73641,73642,9,7,73,125,2016,6,11,4,3,2,6,0,0,0,1,0,1,0,0,6.10672E+20,5.38214E+21,1.05006E+16,4.85826E+16
73642,73643,9,4,77,157,2016,6,19,4,3,5,3,0,0,1,0,0,0,0,0,6.73093E+20,5.54641E+21,1.14176E+16,5.00447E+16
73643,73644,9,2,71,146,2016,6,15,6,2,2,1,0,0,0,1,0,0,0,0,7.86944E+20,5.41232E+21,1.29077E+16,4.87976E+16
73644,73645,9,5,76,122,2016,6,2,6,3,9,1,2,0,0,1,0,0,0,0,6.71751E+20,5.43477E+21,1.13502E+16,4.90419E+16
73645,73646,9,6,72,124,2016,6,5,5,3,4,1,0,0,0,1,0,0,1,0,5.67114E+20,5.55186E+21,9.93872E+15,5.01152E+16
73646,73647,9,1,79,123,2016,6,16,6,3,8,1,0,0,0,0,0,1,0,0,6.76151E+20,5.33361E+21,1.13675E+16,4.81314E+16
73647,73648,9,1,72,116,2016,6,14,6,3,4,2,0,0,0,1,0,1,0,0,8.00759E+20,5.28282E+21,1.30035E+16,4.76289E+16
73648,73649,9,7,64,0,2016,6,8,5,3,0,6,0,0,0,1,0,1,0,0,5.89282E+20,5.31643E+21,1.01968E+16,4.79949E+16
73649,73650,9,5,64,0,2016,6,19,5,3,0,1,0,0,1,0,0,0,0,0,6.5661E+20,5.48179E+21,1.11616E+16,4.94686E+16
73650,73651,9,3,75,117,2016,6,7,5,3,2,6,0,0,0,1,0,0,0,0,7.33558E+20,5.43208E+21,1.21933E+16,4.89973E+16
73651,73652,9,6,73,184,2016,6,14,4,2,5,3,0,0,0,1,0,1,0,0,5.95419E+20,5.57585E+21,1.03406E+16,5.0327E+16
73652,73653,9,2,62,0,2016,6,7,5,3,2,6,0,0,0,1,0,1,0,0,8.27985E+20,5.38973E+21,1.3447E+16,4.85747E+16
73653,73654,9,1,89,162,2016,6,18,5,3,2,6,0,0,1,0,0,0,0,0,7.80745E+20,5.31442E+21,1.27581E+16,4.79215E+16
73654,73655,9,1,84,119,2016,6,13,4,3,9,7,0,0,0,1,0,0,0,0,6.96356E+20,5.3464E+21,1.16447E+16,4.82404E+16
73655,73656,9,3,73,113,2016,6,13,4,3,5,3,0,0,0,1,0,0,0,0,6.7713E+20,5.46778E+21,1.14383E+16,4.9337E+16
73656,73657,9,6,71,156,2016,6,14,4,2,3,6,0,0,0,1,0,0,1,0,5.21634E+20,5.53482E+21,9.30165E+15,4.99653E+16
73657,73658,9,2,71,125,2016,6,13,5,3,0,1,0,0,1,0,0,0,0,0,7.9798E+20,5.4102E+21,1.3056E+16,4.87733E+16
73658,73659,9,1,73,147,2016,6,16,5,2,0,7,0,0,1,0,0,0,0,0,6.81215E+20,5.30907E+21,1.14251E+16,4.79093E+16
73659,73660,9,1,84,149,2016,6,22,5,2,2,6,2,0,0,1,0,0,0,0,6.88329E+20,5.34891E+21,1.15378E+16,4.82654E+16
73660,73661,9,1,77,117,2016,6,13,5,3,2,6,0,0,0,1,0,1,0,1,7.1598E+20,5.35509E+21,1.19131E+16,4.83121E+16
73661,73662,9,3,73,156,2016,6,10,4,2,0,1,0,0,1,0,0,0,0,0,6.66092E+20,5.46293E+21,1.12845E+16,4.92965E+16
73662,73663,9,7,61,0,2016,6,16,4,3,2,6,0,0,0,1,0,0,0,0,6.37983E+20,5.35339E+21,1.08613E+16,4.83187E+16
73663,73664,9,4,62,0,2016,6,8,4,3,5,3,0,0,1,1,0,0,0,0,6.86505E+20,5.53682E+21,1.16001E+16,4.99546E+16
73664,73665,9,2,78,129,2016,6,13,6,2,8,1,0,0,0,0,0,1,0,0,7.73197E+20,5.43697E+21,1.27374E+16,4.90251E+16
73665,73666,9,5,63,0,2016,6,15,6,3,2,3,0,0,0,1,0,0,1,0,6.43078E+20,5.48764E+21,1.09771E+16,4.95244E+16
73666,73667,9,1,78,124,2016,6,19,6,3,0,7,0,0,1,0,0,0,0,0,7.02266E+20,5.36673E+21,1.1734E+16,4.84212E+16
73667,73668,9,1,61,0,2016,6,15,6,2,4,6,0,0,0,1,0,0,0,0,6.78908E+20,5.40228E+21,1.14338E+16,4.87479E+16
73668,73669,9,7,80,144,2016,6,10,5,2,5,3,0,0,0,1,0,1,0,0,5.81775E+20,5.27864E+21,1.0089E+16,4.7656E+16
73669,73670,9,5,71,136,2016,6,9,5,3,2,6,0,0,0,1,0,0,0,1,5.96443E+20,5.43692E+21,1.03206E+16,4.90776E+16
73670,73671,9,6,71,133,2016,6,14,4,3,6,7,0,0,0,1,1,0,0,0,5.08127E+20,5.54292E+21,9.1135E+15,5.00385E+16
73671,73672,9,2,74,194,2016,6,6,5,3,5,3,0,0,1,0,0,0,0,0,7.22773E+20,5.37809E+21,1.20168E+16,4.85164E+16
73672,73673,9,1,84,114,2016,6,16,5,3,2,6,0,0,0,1,0,0,0,0,7.00288E+20,5.31756E+21,1.1684E+16,4.79799E+16
73673,73674,9,6,77,114,2016,6,17,4,3,2,6,0,0,0,1,0,0,0,0,5.66514E+20,5.53596E+21,9.92757E+15,4.99722E+16
73674,73675,9,1,62,0,2016,6,16,4,3,5,3,0,0,1,1,0,0,0,0,6.89036E+20,5.33168E+21,1.15397E+16,4.81103E+16
73675,73676,9,4,75,112,2016,6,18,6,2,5,3,0,0,0,1,0,1,0,0,6.87016E+20,5.58028E+21,1.16285E+16,5.03448E+16
73676,73677,9,4,74,126,2016,6,20,4,3,3,2,0,0,1,1,0,0,0,0,6.48203E+20,5.51109E+21,1.10567E+16,4.9734E+16
73677,73678,9,2,73,141,2016,6,17,6,3,5,3,0,0,0,1,0,0,0,0,7.23655E+20,5.41307E+21,1.20477E+16,4.88303E+16
73678,73679,9,5,75,118,2016,6,18,6,3,5,3,0,0,0,1,0,0,0,0,6.17269E+20,5.49471E+21,1.06227E+16,4.95936E+16
73679,73680,9,1,62,0,2016,6,20,5,3,2,6,0,0,0,1,0,1,0,0,6.99214E+20,5.33305E+21,1.16769E+16,4.81195E+16
73680,73681,9,7,79,131,2016,6,7,5,2,2,7,0,0,0,1,0,0,0,1,6.279E+20,5.40016E+21,1.07397E+16,4.87413E+16
73681,73682,9,7,61,0,2016,6,18,5,3,4,2,0,0,1,1,0,0,0,0,6.38632E+20,5.36123E+21,1.08726E+16,4.8389E+16
73682,73683,9,4,72,175,2016,6,14,6,3,2,2,0,0,0,0,0,0,0,1,6.87998E+20,5.51587E+21,1.16107E+16,4.97659E+16