FID,OBJECTID,ULAND,UREGBEZ,UKREIS,UGEMEINDE,UJAHR,UMONAT,USTUNDE,UWOCHENTAG,UKATEGORIE,UART,UTYP1,ULICHTVERH,IstStrasse,IstRad,IstPKW,IstFuss,IstKrad,IstGkfz,IstSonstig,LINREFX,LINREFY,XGCSWGS84,YGCSWGS84
73683,73684,9,4,75,156,2016,6,12,5,3,5,2,0,0,0,1,0,0,0,0,6.93133E+20,5.5785E+21,1.17135E+16,5.03269E+16
73684,73685,9,1,74,113,2016,6,20,5,3,2,6,0,0,0,1,0,0,0,0,6.71347E+20,5.34707E+21,1.13084E+16,4.82536E+16
73685,73686,9,7,79,192,2016,6,14,4,3,0,1,0,0,0,0,0,1,0,0,6.39894E+20,5.39621E+21,1.09014E+16,4.87033E+16
73686,73687,9,1,61,0,2016,6,13,5,3,5,3,0,0,0,1,0,0,0,0,6.80647E+20,5.40507E+21,1.14587E+16,4.87724E+16
73687,73688,9,7,75,135,2016,6,9,4,3,1,6,0,0,0,1,0,0,0,1,5.80658E+20,5.36271E+21,1.009E+16,4.84124E+16
73688,73689,9,6,79,128,2016,6,5,5,3,2,6,0,0,1,1,0,0,0,0,5.60906E+20,5.52325E+21,9.84737E+15,4.98586E+16
73689,73690,9,3,63,0,2016,6,12,6,3,2,6,0,0,0,1,0,0,1,0,7.27821E+20,5.50755E+21,1.21581E+16,4.96774E+16
73690,73691,9,1,90,133,2016,6,6,6,3,5,3,0,0,0,1,0,0,0,1,6.33901E+20,5.29634E+21,1.07884E+16,4.78065E+16
73691,73692,9,5,72,139,2016,6,12,5,3,1,6,0,0,0,1,0,0,0,0,6.28365E+20,5.50693E+21,1.07802E+16,4.97011E+16
73692,73693,9,4,77,136,2016,6,19,5,3,8,1,0,0,0,0,0,1,0,0,6.68404E+20,5.55354E+21,1.13553E+16,5.01102E+16
73693,73694,9,6,71,140,2016,6,17,4,3,5,3,0,0,0,1,0,0,0,1,5.07876E+20,5.53643E+21,9.10985E+15,4.99802E+16
73694,73695,9,2,63,0,2016,6,16,5,3,4,2,0,0,0,1,0,0,0,0,7.62505E+20,5.42011E+21,1.25806E+16,4.88783E+16
73695,73696,9,2,73,137,2016,6,14,5,2,9,7,0,0,0,1,0,0,0,0,7.09404E+20,5.42303E+21,1.18588E+16,4.89248E+16
73696,73697,9,1,81,139,2016,6,11,5,3,6,4,0,0,0,0,1,0,1,0,6.55818E+20,5.32433E+21,1.1091E+16,4.80532E+16
73697,73698,9,1,77,117,2016,6,21,5,3,0,6,1,0,0,1,0,0,0,0,7.15955E+20,5.35218E+21,1.19113E+16,4.82859E+16
73698,73699,9,3,72,164,2016,6,19,4,3,4,2,0,0,0,1,0,0,0,0,7.66318E+20,5.44757E+21,1.26504E+16,4.91232E+16
73699,73700,9,7,72,177,2016,6,21,4,1,4,6,1,0,0,1,0,0,0,0,6.37555E+20,5.38032E+21,1.08644E+16,4.85609E+16
73700,73701,9,4,74,143,2016,6,1,4,3,8,7,2,0,0,1,0,0,0,0,6.54148E+20,5.51066E+21,1.1139E+16,4.97286E+16
73701,73702,9,2,78,113,2016,6,7,6,3,4,6,0,0,0,1,0,1,0,0,7.66523E+20,5.41637E+21,1.26328E+16,4.8843E+16
73702,73703,9,5,62,0,2016,6,10,6,3,4,6,0,0,1,0,0,0,0,0,6.47232E+20,5.49606E+21,1.10376E+16,4.95992E+16
73703,73704,9,1,74,115,2016,6,8,6,3,5,2,0,0,1,1,0,0,0,0,6.83374E+20,5.34879E+21,1.14711E+16,4.82657E+16
73704,73705,9,3,63,0,2016,6,11,4,3,5,3,0,0,0,1,0,0,1,0,7.27061E+20,5.50447E+21,1.21458E+16,4.965E+16
73705,73706,9,3,71,151,2016,6,18,6,2,0,7,0,0,0,0,0,1,0,0,6.95816E+20,5.49059E+21,1.17065E+16,4.95362E+16
73706,73707,9,6,72,138,2016,6,13,6,3,5,3,0,0,0,1,0,0,0,0,5.5751E+20,5.56961E+21,9.80709E+15,5.02759E+16
73707,73708,9,6,75,141,2016,6,19,5,3,2,2,0,0,0,1,0,0,0,0,5.84526E+20,5.50971E+21,1.0173E+16,4.97339E+16
73708,73709,9,1,76,161,2016,6,10,6,3,8,1,0,0,0,1,0,0,0,0,6.77473E+20,5.41493E+21,1.14198E+16,4.88619E+16
73709,73710,9,1,89,130,2016,6,6,6,3,5,3,0,0,0,1,0,0,0,0,7.66005E+20,5.3125E+21,1.256E+16,4.79106E+16
73710,73711,9,7,75,135,2016,6,23,5,3,8,7,2,0,0,1,0,0,0,0,5.7672E+20,5.35982E+21,1.00363E+16,4.83868E+16
73711,73712,9,5,64,0,2016,6,7,5,2,0,1,0,0,1,0,0,0,0,0,6.47348E+20,5.47546E+21,1.10315E+16,4.9414E+16
73712,73713,9,4,71,189,2016,6,6,5,2,5,3,0,0,0,1,0,0,1,0,6.52824E+20,5.54011E+21,1.11322E+16,4.99937E+16
73713,73714,9,5,74,155,2016,6,14,4,3,2,6,0,0,0,1,0,0,0,0,6.73491E+20,5.499E+21,1.1402E+16,4.96186E+16
73714,73715,9,2,78,118,2016,6,13,5,2,4,6,0,0,0,1,0,1,0,0,7.69059E+20,5.42632E+21,1.26738E+16,4.89313E+16
73715,73716,9,1,80,124,2016,6,12,5,3,5,3,0,0,0,1,0,1,0,0,6.65354E+20,5.28393E+21,1.12035E+16,4.76876E+16
73716,73717,9,1,84,129,2016,6,17,4,3,5,3,0,0,1,1,0,0,0,0,7.01197E+20,5.32515E+21,1.16998E+16,4.80479E+16
73717,73718,9,2,71,151,2016,6,2,4,3,8,1,2,0,0,1,0,0,0,0,7.8065E+20,5.41176E+21,1.28218E+16,4.87954E+16
73718,73719,9,6,75,149,2016,6,15,4,3,0,6,0,0,0,1,0,0,0,0,5.85971E+20,5.50564E+21,1.01921E+16,4.96972E+16
73719,73720,9,3,77,154,2016,6,15,4,3,8,1,0,0,0,0,0,1,0,0,7.39535E+20,5.52953E+21,1.23337E+16,4.98702E+16
73720,73721,9,2,77,138,2016,6,13,6,3,8,1,0,0,0,0,0,1,0,0,7.9116E+20,5.36867E+21,1.29344E+16,4.84039E+16
73721,73722,9,5,63,0,2016,6,10,6,3,2,6,0,0,0,1,0,0,0,1,6.44054E+20,5.48418E+21,1.09893E+16,4.94932E+16
73722,73723,9,1,62,0,2016,6,16,5,3,2,6,0,0,0,1,0,0,0,0,6.93542E+20,5.33154E+21,1.16001E+16,4.81077E+16
73723,73724,9,1,85,158,2016,6,17,6,3,1,6,0,0,0,1,0,0,0,0,6.68953E+20,5.38159E+21,1.12901E+16,4.85646E+16
73724,73725,9,7,63,0,2016,6,21,5,3,5,3,2,0,1,1,0,0,0,0,5.98429E+20,5.28446E+21,1.03121E+16,4.7706E+16
73725,73726,9,1,87,162,2016,6,19,5,2,0,3,0,0,1,0,0,1,0,0,7.50838E+20,5.30371E+21,1.23523E+16,4.78378E+16
73726,73727,9,1,72,131,2016,6,16,6,1,8,1,0,0,0,1,0,1,0,0,7.82887E+20,5.29198E+21,1.27721E+16,4.77192E+16
73727,73728,9,7,74,143,2016,6,16,5,3,2,6,0,0,0,1,0,0,0,0,5.96626E+20,5.35855E+21,1.03048E+16,4.83727E+16
73728,73729,9,5,73,125,2016,6,15,5,3,5,3,0,0,0,1,0,0,0,0,6.3676E+20,5.46961E+21,1.08836E+16,4.93639E+16
73729,73730,9,3,75,204,2016,6,18,5,3,1,1,0,0,0,1,0,0,0,0,7.31082E+20,5.43492E+21,1.21611E+16,4.90238E+16
73730,73731,9,5,72,135,2016,6,16,4,3,2,6,0,0,0,1,0,1,0,0,6.30426E+20,5.50759E+21,1.0809E+16,4.97067E+16
73731,73732,9,2,72,136,2016,6,16,5,2,3,3,0,0,0,1,0,1,0,0,8.49214E+20,5.40994E+21,1.37509E+16,4.87444E+16
73732,73733,9,1,72,124,2016,6,9,5,2,8,1,0,1,1,0,0,0,0,0,8.04578E+20,5.28748E+21,1.30575E+16,4.76689E+16
73733,73734,9,1,84,135,2016,6,22,4,2,5,2,2,0,0,1,0,1,0,0,6.8944E+20,5.34734E+21,1.15521E+16,4.82509E+16
73734,73735,9,5,75,135,2016,6,18,6,3,2,6,0,0,0,1,0,0,0,0,6.07327E+20,5.48737E+21,1.04832E+16,4.95294E+16
73735,73736,9,1,84,139,2016,6,19,5,3,0,7,0,0,1,0,0,0,0,0,6.86846E+20,5.32434E+21,1.15071E+16,4.8045E+16
73736,73737,9,1,61,0,2016,6,16,5,3,2,6,0,0,0,1,0,1,0,0,6.81672E+20,5.40528E+21,1.14727E+16,4.8774E+16
73737,73738,9,6,75,146,2016,6,17,5,2,0,7,0,0,0,0,0,1,0,0,5.78825E+20,5.51474E+21,1.00949E+16,4.97799E+16
73738,73739,9,4,61,0,2016,6,11,6,3,5,7,0,0,1,0,0,0,0,0,6.37428E+20,5.53062E+21,1.09142E+16,4.99121E+16
73739,73740,9,7,72,151,2016,6,20,5,2,4,1,0,0,0,0,0,1,0,0,6.22551E+20,5.34283E+21,1.06501E+16,4.82268E+16
73740,73741,9,4,63,0,2016,6,13,6,3,1,6,0,0,0,1,0,0,0,0,6.37533E+20,5.56945E+21,1.09296E+16,5.02611E+16
73741,73742,9,1,61,0,2016,6,17,5,3,8,1,0,0,1,0,0,0,0,0,6.78905E+20,5.40648E+21,1.14356E+16,4.87856E+16
73742,73743,9,7,75,118,2016,6,16,4,3,9,1,0,0,0,0,0,1,0,0,5.85315E+20,5.34564E+21,1.01495E+16,4.82582E+16
73743,73744,9,3,77,157,2016,6,20,4,3,5,7,0,0,0,1,0,0,0,0,7.18654E+20,5.53563E+21,1.2047E+16,4.9933E+16
73744,73745,9,3,73,156,2016,6,12,6,3,5,3,0,0,1,1,0,0,0,0,6.68032E+20,5.46025E+21,1.131E+16,4.92719E+16
73745,73746,9,6,79,170,2016,6,19,6,3,9,7,0,0,0,1,0,0,0,0,5.78113E+20,5.49977E+21,1.0082E+16,4.96455E+16
73746,73747,9,6,63,0,2016,6,18,5,3,1,6,0,0,0,1,0,0,0,0,5.65008E+20,5.51707E+21,9.9034E+15,4.98026E+16
73747,73748,9,3,77,154,2016,6,12,6,3,1,6,0,0,0,1,0,1,0,0,7.39062E+20,5.53071E+21,1.23278E+16,4.9881E+16
73748,73749,9,1,73,133,2016,6,12,6,2,8,1,0,0,0,0,0,1,0,0,6.76378E+20,5.27664E+21,1.13473E+16,4.76191E+16
73749,73750,9,1,62,0,2016,6,7,5,3,0,1,0,0,0,0,0,1,0,0,6.92669E+20,5.33018E+21,1.15877E+16,4.80957E+16
73750,73751,9,5,76,148,2016,6,5,5,3,9,7,0,0,0,1,0,0,0,0,6.58729E+20,5.44524E+21,1.11763E+16,4.91395E+16
73751,73752,9,4,71,165,2016,6,6,5,3,9,6,0,0,0,1,0,0,0,0,6.29102E+20,5.53212E+21,1.07988E+16,4.99275E+16
73752,73753,9,5,74,129,2016,6,19,4,2,8,1,0,0,1,0,0,0,0,0,6.79316E+20,5.49709E+21,1.14816E+16,4.95998E+16
73753,73754,9,2,63,0,2016,6,13,5,3,2,6,0,0,0,1,0,1,0,0,7.62683E+20,5.42001E+21,1.25829E+16,4.88773E+16
73754,73755,9,1,73,137,2016,6,6,5,3,4,6,0,0,0,1,0,0,0,0,6.77855E+20,5.30834E+21,1.13799E+16,4.79037E+16
73755,73756,9,6,72,138,2016,6,6,5,3,8,1,0,0,0,1,0,0,0,0,5.56711E+20,5.56899E+21,9.79579E+15,5.02703E+16
73756,73757,9,4,78,176,2016,6,14,5,2,9,1,0,0,0,1,0,0,0,0,6.62243E+20,5.55074E+21,1.1268E+16,5.00867E+16
73757,73758,9,3,73,147,2016,6,20,5,3,6,4,0,0,0,1,1,0,0,0,6.78728E+20,5.46116E+21,1.14573E+16,4.9277E+16
73758,73759,9,1,62,0,2016,6,18,5,3,2,6,0,0,0,1,0,0,0,0,6.86051E+20,5.33331E+21,1.15003E+16,4.81258E+16
73759,73760,9,1,62,0,2016,6,17,5,3,9,6,0,0,0,1,0,1,0,0,6.88776E+20,5.34455E+21,1.15419E+16,4.82261E+16
73760,73761,9,7,79,148,2016,6,17,4,2,5,3,0,0,0,1,0,0,0,0,6.28849E+20,5.4103E+21,1.07558E+16,4.88323E+16
73761,73762,9,3,74,155,2016,6,10,4,3,5,3,0,0,0,1,0,0,0,0,6.99936E+20,5.51766E+21,1.17772E+16,4.97781E+16
73762,73763,9,3,76,153,2016,6,12,6,2,6,4,0,0,0,1,1,0,0,0,7.30624E+20,5.48736E+21,1.2185E+16,4.9495E+16
73763,73764,9,6,71,111,2016,6,2,6,3,0,1,2,0,0,1,0,0,0,0,5.08171E+20,5.54992E+21,9.11426E+15,5.01015E+16
73764,73765,9,6,74,219,2016,6,15,5,3,3,6,0,0,0,1,0,0,0,1,6.03884E+20,5.53879E+21,1.04493E+16,4.99924E+16
73765,73766,9,1,79,123,2016,6,20,6,3,8,1,0,0,0,1,0,0,0,0,6.76845E+20,5.33335E+21,1.13767E+16,4.81288E+16
73766,73767,9,1,71,125,2016,6,18,6,3,5,3,0,0,1,1,0,0,0,0,7.73337E+20,5.34918E+21,1.26814E+16,4.82369E+16
73767,73768,9,7,64,0,2016,6,10,5,3,2,6,0,0,1,0,0,0,0,0,5.85353E+20,5.31839E+21,1.01445E+16,4.80131E+16
73768,73769,9,5,64,0,2016,6,17,5,3,2,6,0,0,0,1,0,0,0,0,6.49985E+20,5.4772E+21,1.10685E+16,4.94289E+16
73769,73770,9,3,74,117,2016,6,15,5,3,2,2,0,0,0,1,0,0,0,0,7.06439E+20,5.51676E+21,1.18669E+16,4.97678E+16
73770,73771,9,5,63,0,2016,6,18,4,3,3,7,0,0,0,1,0,0,0,0,6.44012E+20,5.48057E+21,1.09874E+16,4.94607E+16
73771,73772,9,2,77,114,2016,6,15,5,3,9,1,0,0,0,1,0,0,0,0,7.90646E+20,5.37709E+21,1.29333E+16,4.84797E+16
73772,73773,9,1,89,137,2016,6,6,5,2,5,3,0,0,0,1,0,0,0,0,7.50333E+20,5.31744E+21,1.23536E+16,4.79612E+16
73773,73774,9,1,62,0,2016,6,15,4,3,3,6,0,0,0,1,0,1,0,0,6.88419E+20,5.34019E+21,1.15351E+16,4.8187E+16
73774,73775,9,2,71,149,2016,6,20,4,3,0,1,0,0,0,0,0,1,0,0,8.07093E+20,5.4086E+21,1.31786E+16,4.87546E+16
73775,73776,9,3,73,147,2016,6,19,4,3,9,1,0,0,0,1,0,0,0,0,6.83483E+20,5.46503E+21,1.15244E+16,4.93104E+16
73776,73777,9,2,74,156,2016,6,17,6,3,9,1,0,0,0,1,0,0,0,0,7.42232E+20,5.38746E+21,1.22853E+16,4.85933E+16
73777,73778,9,5,73,134,2016,6,19,6,2,6,4,0,0,0,1,1,0,0,0,6.42262E+20,5.47763E+21,1.09622E+16,4.94346E+16
73778,73779,9,1,84,114,2016,6,12,5,3,2,6,0,0,0,1,0,0,0,0,6.9939E+20,5.32373E+21,1.16749E+16,4.80357E+16
73779,73780,9,1,77,134,2016,6,22,5,2,0,6,2,0,0,1,0,1,0,0,7.12498E+20,5.34417E+21,1.18607E+16,4.82151E+16
73780,73781,9,2,71,132,2016,6,15,4,3,2,6,0,0,0,1,0,0,0,0,7.86947E+20,5.41774E+21,1.29115E+16,4.88462E+16
73781,73782,9,7,72,163,2016,6,18,4,3,5,3,0,0,0,1,0,0,0,0,6.40436E+20,5.34591E+21,1.08919E+16,4.82508E+16
73782,73783,9,3,75,180,2016,6,22,4,2,3,1,2,0,0,1,0,0,0,0,7.2588E+20,5.42833E+21,1.20864E+16,4.89666E+16
73783,73784,9,2,71,146,2016,6,11,6,3,1,1,0,0,0,1,0,0,0,0,7.83312E+20,5.4107E+21,1.28572E+16,4.87847E+16
73784,73785,9,5,74,156,2016,6,16,6,3,2,6,0,0,0,1,0,0,0,0,6.5831E+20,5.48194E+21,1.11851E+16,4.94695E+16
73785,73786,9,1,75,118,2016,6,15,6,3,2,2,0,0,1,1,0,0,0,0,7.14999E+20,5.3422E+21,1.18933E+16,4.81966E+16
73786,73787,9,1,87,154,2016,6,18,6,3,5,3,0,0,0,1,0,0,0,0,7.35114E+20,5.2944E+21,1.21375E+16,4.776E+16
73787,73788,9,7,80,125,2016,6,17,5,1,4,6,0,0,0,1,0,1,0,0,5.987E+20,5.29328E+21,1.03177E+16,4.77853E+16
73788,73789,9,5,71,135,2016,6,16,5,2,5,3,0,0,0,1,0,0,0,0,6.2495E+20,5.47306E+21,1.07221E+16,4.93974E+16
73789,73790,9,3,73,151,2016,6,15,5,3,0,1,0,0,0,0,0,1,0,0,6.98018E+20,5.44903E+21,1.17163E+16,4.91621E+16
73790,73791,9,5,63,0,2016,6,22,4,3,5,3,2,0,0,1,0,0,0,0,6.44244E+20,5.47927E+21,1.09901E+16,4.9449E+16
73791,73792,9,2,74,128,2016,6,8,5,3,2,6,0,0,0,1,0,0,0,1,7.42195E+20,5.3901E+21,1.22864E+16,4.86171E+16
73792,73793,9,1,71,137,2016,6,22,5,3,8,1,2,0,0,1,0,0,0,0,7.71021E+20,5.35201E+21,1.26521E+16,4.82633E+16
73793,73794,9,1,62,0,2016,6,6,4,3,2,6,0,0,0,1,0,0,0,0,6.85449E+20,5.33532E+21,1.14931E+16,4.81441E+16
73794,73795,9,5,71,189,2016,6,14,6,2,5,3,0,0,0,1,0,1,0,0,6.20983E+20,5.44927E+21,1.06602E+16,4.91843E+16
73795,73796,9,1,84,119,2016,6,11,5,2,4,6,0,0,0,1,0,0,0,0,6.96922E+20,5.34634E+21,1.16523E+16,4.82397E+16
73796,73797,9,7,80,123,2016,6,4,5,3,7,7,1,0,0,0,0,1,0,0,6.06703E+20,5.26628E+21,1.04179E+16,4.75412E+16
73797,73798,9,5,64,0,2016,6,9,4,3,5,7,0,0,0,1,0,0,0,0,6.54484E+20,5.4808E+21,1.11319E+16,4.94602E+16
73798,73799,9,1,87,117,2016,6,16,5,3,2,6,0,0,0,1,0,0,1,0,7.23799E+20,5.30469E+21,1.1992E+16,4.78565E+16
73799,73800,9,7,72,160,2016,6,16,5,3,0,1,0,0,1,0,0,0,0,0,6.36682E+20,5.34223E+21,1.08401E+16,4.82186E+16
73800,73801,9,4,72,111,2016,6,15,6,2,8,1,0,0,0,0,0,1,0,0,6.7475E+20,5.52784E+21,1.14323E+16,4.98774E+16
73801,73802,9,1,74,135,2016,6,17,5,3,0,7,0,0,0,1,0,0,0,0,6.6382E+20,5.35273E+21,1.12093E+16,4.83065E+16
73802,73803,9,7,80,128,2016,6,12,4,2,5,3,0,0,0,1,0,1,0,0,6.02306E+20,5.27585E+21,1.03617E+16,4.7628E+16
73803,73804,9,3,75,210,2016,6,20,4,3,0,7,0,0,1,0,0,0,0,0,7.49177E+20,5.43287E+21,1.24069E+16,4.89984E+16
73804,73805,9,3,72,146,2016,6,17,6,3,5,3,0,0,0,1,0,0,0,0,7.62815E+20,5.46033E+21,1.26109E+16,4.92392E+16
73805,73806,9,6,73,114,2016,6,10,6,3,1,6,0,0,0,1,0,1,0,0,5.86881E+20,5.57574E+21,1.02206E+16,5.03273E+16
73806,73807,9,1,61,0,2016,6,15,5,3,5,3,0,0,0,1,0,1,0,0,6.76025E+20,5.40866E+21,1.13974E+16,4.8806E+16
73807,73808,9,7,75,164,2016,6,18,4,3,5,3,0,0,1,1,0,0,0,0,5.85665E+20,5.35218E+21,1.01555E+16,4.8317E+16
73808,73809,9,6,79,193,2016,6,8,5,2,3,6,0,0,0,1,0,0,1,0,5.74339E+20,5.51098E+21,1.00319E+16,4.97467E+16
73809,73810,9,3,63,0,2016,6,12,6,3,2,6,0,0,0,1,0,0,0,0,7.26029E+20,5.50975E+21,1.21345E+16,4.96978E+16
73810,73811,9,1,90,148,2016,6,19,6,3,2,6,0,0,0,1,0,0,0,0,6.40787E+20,5.29478E+21,1.08798E+16,4.7791E+16
73811,73812,9,5,64,0,2016,6,13,5,3,3,6,0,0,0,1,0,0,1,0,6.50303E+20,5.46714E+21,1.10691E+16,4.93385E+16
73812,73813,9,4,77,127,2016,6,7,5,2,1,7,0,0,0,0,0,1,0,1,6.80239E+20,5.55256E+21,1.15202E+16,5.00979E+16
73813,73814,9,3,76,170,2016,6,17,5,3,2,1,0,0,0,1,0,0,0,0,7.28577E+20,5.45687E+21,1.21393E+16,4.92219E+16
73814,73815,9,1,79,136,2016,6,17,5,2,5,3,0,0,1,1,0,0,0,0,6.61915E+20,5.34191E+21,1.11795E+16,4.82098E+16
73815,73816,9,1,78,145,2016,6,20,5,3,0,1,0,0,1,0,0,0,0,0,6.96636E+20,5.35487E+21,1.16524E+16,4.83164E+16
73816,73817,9,7,72,184,2016,6,19,4,3,0,1,0,0,0,0,0,1,0,0,6.35125E+20,5.36378E+21,1.08261E+16,4.84126E+16
73817,73818,9,3,75,165,2016,6,17,4,3,0,1,0,0,1,0,0,0,0,0,7.25213E+20,5.44029E+21,1.20839E+16,4.90743E+16
73818,73819,9,2,63,0,2016,6,20,6,2,2,6,0,0,0,1,0,1,0,0,7.60613E+20,5.41892E+21,1.2554E+16,4.88684E+16
73819,73820,9,5,72,132,2016,6,18,6,3,5,3,0,0,0,1,0,0,0,0,6.3855E+20,5.49166E+21,1.09159E+16,4.95617E+16
73820,73821,9,6,74,130,2016,6,12,5,3,8,1,0,0,0,0,0,1,0,0,6.28209E+20,5.55115E+21,1.07927E+16,5.00987E+16
73821,73822,9,1,81,115,2016,6,14,6,3,5,3,0,0,0,1,0,1,0,0,6.56256E+20,5.32668E+21,1.10978E+16,4.80742E+16
73822,73823,9,1,72,114,2016,6,19,6,3,0,1,0,0,1,0,0,0,0,0,7.89951E+20,5.29272E+21,1.28666E+16,4.77227E+16
73823,73824,9,7,75,142,2016,6,16,5,3,9,1,0,0,0,0,0,0,0,1,5.86658E+20,5.33075E+21,1.01645E+16,4.81241E+16
73824,73825,9,5,73,130,2016,6,7,5,3,2,2,0,0,0,1,0,1,0,0,6.36704E+20,5.48574E+21,1.08884E+16,4.95089E+16
73825,73826,9,3,72,154,2016,6,5,5,2,5,2,0,0,0,1,0,0,0,0,7.56526E+20,5.47222E+21,1.25323E+16,4.93487E+16
73826,73827,9,5,64,0,2016,6,16,4,3,2,6,0,0,0,1,0,0,0,0,6.51046E+20,5.473E+21,1.10815E+16,4.9391E+16
73827,73828,9,6,75,141,2016,6,18,5,3,5,3,0,0,0,1,0,0,0,0,5.84632E+20,5.50947E+21,1.01744E+16,4.97318E+16
73828,73829,9,1,76,137,2016,6,18,6,2,0,1,0,0,0,0,0,1,0,0,6.74572E+20,5.43016E+21,1.13868E+16,4.89996E+16
73829,73830,9,1,89,113,2016,6,13,6,3,4,6,0,0,0,1,0,0,0,1,7.6924E+20,5.30321E+21,1.25975E+16,4.78259E+16
73830,73831,9,7,75,162,2016,6,23,5,3,9,1,2,0,0,1,0,0,0,0,5.81764E+20,5.35079E+21,1.01026E+16,4.8305E+16
73831,73832,9,5,64,0,2016,6,10,5,3,2,6,0,0,0,1,0,0,0,0,6.47634E+20,5.47443E+21,1.1035E+16,4.94047E+16
73832,73833,9,4,74,158,2016,6,18,5,2,4,6,0,0,0,1,0,0,0,0,6.51308E+20,5.50483E+21,1.10973E+16,4.9677E+16
73833,73834,9,5,61,0,2016,6,18,4,3,2,6,0,0,0,1,0,0,1,0,6.13593E+20,5.45731E+21,1.05611E+16,4.9258E+16
73834,73835,9,2,71,116,2016,6,19,5,2,4,3,0,0,0,1,0,1,0,0,7.87342E+20,5.42596E+21,1.29227E+16,4.89198E+16
73835,73836,9,1,73,123,2016,6,17,5,1,4,6,0,0,0,1,0,1,0,0,6.79575E+20,5.29772E+21,1.13985E+16,4.78078E+16
73836,73837,9,1,62,0,2016,6,14,4,3,5,3,0,0,1,1,0,0,0,0,6.88067E+20,5.33499E+21,1.15281E+16,4.81404E+16
73837,73838,9,2,78,118,2016,6,14,4,2,8,7,0,0,0,1,0,0,0,0,7.69409E+20,5.42508E+21,1.26778E+16,4.892E+16
73838,73839,9,6,77,155,2016,6,8,4,3,4,2,0,0,1,1,0,0,0,0,5.41892E+20,5.53775E+21,9.58443E+15,4.99906E+16
73839,73840,9,3,62,0,2016,6,18,4,3,1,6,0,0,0,1,0,0,0,0,7.25839E+20,5.43521E+21,1.20896E+16,4.90284E+16
73840,73841,9,2,77,148,2016,6,22,6,3,8,1,2,0,0,1,0,0,0,0,7.88942E+20,5.36563E+21,1.29024E+16,4.83776E+16
73841,73842,9,5,63,0,2016,6,16,6,3,2,6,0,0,0,1,0,0,0,0,6.42869E+20,5.48278E+21,1.09724E+16,4.94809E+16
73842,73843,9,1,77,123,2016,6,15,6,3,4,2,0,0,0,1,0,0,0,0,7.27268E+20,5.34458E+21,1.20595E+16,4.82137E+16
73843,73844,9,1,61,0,2016,6,8,6,3,2,2,0,0,0,1,0,0,0,0,6.77785E+20,5.40493E+21,1.14197E+16,4.87719E+16
73844,73845,9,7,80,128,2016,6,6,5,3,5,3,0,0,0,1,0,0,0,0,6.04286E+20,5.27681E+21,1.03883E+16,4.76363E+16
73845,73846,9,5,77,122,2016,6,16,4,2,5,3,0,0,1,1,0,0,0,0,6.31088E+20,5.43816E+21,1.07952E+16,4.90823E+16
73846,73847,9,2,79,113,2016,6,20,5,3,0,7,1,0,1,0,0,0,0,0,7.82888E+20,5.39541E+21,1.2841E+16,4.86476E+16
73847,73848,9,1,87,177,2016,6,16,5,3,2,6,0,0,1,0,0,0,0,0,7.37857E+20,5.30503E+21,1.21799E+16,4.78545E+16
73848,73849,9,7,75,162,2016,6,1,4,2,7,1,2,0,0,1,0,0,0,0,5.81766E+20,5.35079E+21,1.01026E+16,4.8305E+16
73849,73850,9,2,75,141,2016,6,18,5,3,5,3,0,0,0,1,0,1,0,0,8.24892E+20,5.3713E+21,1.33909E+16,4.8411E+16
73850,73851,9,1,71,112,2016,6,14,5,3,0,1,0,0,1,0,0,0,0,0,7.84574E+20,5.34519E+21,1.28298E+16,4.81961E+16
73851,73852,9,1,84,136,2016,6,8,4,2,4,2,0,0,0,1,0,1,0,1,6.97554E+20,5.32776E+21,1.16522E+16,4.80725E+16
73852,73853,9,3,73,167,2016,6,7,4,3,5,3,0,0,0,1,0,1,0,0,6.92549E+20,5.46391E+21,1.16485E+16,4.92976E+16
73853,73854,9,2,73,111,2016,6,13,6,2,5,3,0,0,0,1,0,0,0,0,7.12555E+20,5.41026E+21,1.18951E+16,4.88089E+16
73854,73855,9,5,71,228,2016,6,16,6,2,8,1,0,0,0,1,0,0,0,0,5.87722E+20,5.45573E+21,1.02053E+16,4.9248E+16
73855,73856,9,1,62,0,2016,6,21,5,3,6,6,0,0,1,0,1,0,0,0,6.92061E+20,5.34063E+21,1.15843E+16,4.81898E+16
73856,73857,9,7,72,163,2016,6,14,5,3,2,6,0,0,0,1,0,0,0,0,6.39038E+20,5.35004E+21,1.08744E+16,4.82883E+16
73857,73858,9,1,87,130,2016,6,13,5,3,0,1,0,0,1,0,0,0,0,0,7.11922E+20,5.30969E+21,1.18359E+16,4.79055E+16
73858,73859,9,7,61,0,2016,6,13,5,3,0,1,0,0,1,0,0,0,0,0,6.38088E+20,5.35563E+21,1.08634E+16,4.83388E+16
73859,73860,9,4,72,198,2016,6,12,6,1,4,1,0,0,0,1,0,1,0,0,6.99351E+20,5.54403E+21,1.17827E+16,5.00152E+16
73860,73861,9,6,73,162,2016,6,17,5,3,5,2,0,0,0,1,0,0,0,0,5.72275E+20,5.57726E+21,1.00157E+16,5.0343E+16
73861,73862,9,4,63,0,2016,6,15,5,3,2,6,0,0,0,1,0,0,1,0,6.39739E+20,5.56805E+21,1.096E+16,5.02481E+16
73862,73863,9,4,79,158,2016,6,15,6,2,1,2,0,0,0,1,0,1,0,0,7.22866E+20,5.55421E+21,1.21164E+16,5.00982E+16