FID,OBJECTID,ULAND,UREGBEZ,UKREIS,UGEMEINDE,UJAHR,UMONAT,USTUNDE,UWOCHENTAG,UKATEGORIE,UART,UTYP1,ULICHTVERH,IstStrasse,IstRad,IstPKW,IstFuss,IstKrad,IstGkfz,IstSonstig,LINREFX,LINREFY,XGCSWGS84,YGCSWGS84
73863,73864,9,1,76,120,2016,6,6,5,3,9,1,0,0,0,1,0,0,0,0,6.80929E+20,5.42111E+21,1.14696E+16,4.89165E+16
73864,73865,9,7,78,202,2016,6,15,4,3,2,7,0,0,0,1,0,0,0,0,5.90287E+20,5.31703E+21,1.02104E+16,4.80002E+16
73865,73866,9,6,75,169,2016,6,15,6,3,0,7,0,0,1,0,0,0,0,0,5.86871E+20,5.51998E+21,1.02078E+16,4.98259E+16
73866,73867,9,6,63,0,2016,6,18,5,3,0,1,0,0,1,0,0,0,0,0,5.6497E+20,5.51705E+21,9.90287E+15,4.98024E+16
73867,73868,9,3,74,162,2016,6,22,6,3,8,7,2,0,0,0,0,0,1,0,7.38358E+20,5.50032E+21,1.22995E+16,4.96083E+16
73868,73869,9,1,80,117,2016,6,16,6,2,0,1,0,0,0,0,0,1,0,0,6.49057E+20,5.26095E+21,1.09786E+16,4.74849E+16
73869,73870,9,5,62,0,2016,6,15,5,2,0,7,0,0,0,1,0,0,0,0,6.46472E+20,5.49144E+21,1.10253E+16,4.95578E+16
73870,73871,9,4,72,139,2016,6,16,5,2,0,1,0,0,0,0,0,1,0,0,6.97586E+20,5.5526E+21,1.17625E+16,5.00928E+16
73871,73872,9,5,71,170,2016,6,16,4,2,3,2,0,0,0,0,0,1,0,1,6.07527E+20,5.43955E+21,1.04731E+16,4.90994E+16
73872,73873,9,2,63,0,2016,6,14,5,3,3,6,0,0,0,1,0,1,0,0,7.62213E+20,5.42151E+21,1.25775E+16,4.8891E+16
73873,73874,9,1,73,120,2016,6,15,5,2,2,6,0,0,0,1,0,0,0,0,6.87606E+20,5.30844E+21,1.15103E+16,4.79018E+16
73874,73875,9,1,74,135,2016,6,16,5,3,0,1,0,0,0,0,0,1,0,0,6.63026E+20,5.35322E+21,1.11988E+16,4.83111E+16
73875,73876,9,1,77,116,2016,6,13,5,2,5,2,0,0,0,1,0,1,0,0,7.1447E+20,5.35701E+21,1.18937E+16,4.83299E+16
73876,73877,9,2,75,121,2016,6,17,4,2,5,3,0,0,0,1,0,1,0,0,8.1939E+20,5.40468E+21,1.33423E+16,4.87132E+16
73877,73878,9,7,72,171,2016,6,14,4,3,5,3,0,0,0,1,0,0,0,0,6.38385E+20,5.37239E+21,1.0873E+16,4.84894E+16
73878,73879,9,2,76,117,2016,6,11,6,3,2,2,0,0,0,1,0,0,0,0,7.99636E+20,5.44173E+21,1.31017E+16,4.90554E+16
73879,73880,9,5,62,0,2016,6,18,6,3,5,3,0,0,1,1,0,0,0,0,6.44392E+20,5.49383E+21,1.09975E+16,4.95798E+16
73880,73881,9,4,71,150,2016,6,1,1,3,2,6,2,0,0,1,0,0,0,0,6.35779E+20,5.53508E+21,1.08928E+16,4.99526E+16
73881,73882,9,7,79,188,2016,6,18,7,3,8,7,0,1,0,1,0,0,0,0,6.22506E+20,5.41877E+21,1.06719E+16,4.89097E+16
73882,73883,9,6,71,152,2016,6,7,7,3,8,1,0,1,0,1,0,0,0,0,5.15104E+20,5.55056E+21,9.21123E+15,5.01071E+16
73883,73884,9,3,63,0,2016,6,22,7,3,4,2,2,1,1,1,0,0,0,0,7.28039E+20,5.50714E+21,1.21608E+16,4.96736E+16
73884,73885,9,7,80,139,2016,6,12,2,3,4,7,0,0,0,1,0,0,0,0,5.95569E+20,5.26351E+21,1.02694E+16,4.7518E+16
73885,73886,9,1,89,119,2016,6,13,3,3,5,3,0,0,0,1,0,1,0,0,7.68067E+20,5.30799E+21,1.25848E+16,4.78693E+16
73886,73887,9,6,78,135,2016,6,16,2,3,1,6,0,0,0,1,0,0,0,0,5.94917E+20,5.54196E+21,1.0325E+16,5.00224E+16
73887,73888,9,5,64,0,2016,6,5,3,2,9,1,1,0,0,1,0,0,0,0,6.52749E+20,5.48069E+21,1.11079E+16,4.94597E+16
73888,73889,9,1,82,133,2016,6,19,3,3,2,6,0,0,0,1,0,0,0,0,7.03763E+20,5.30807E+21,1.17261E+16,4.78936E+16
73889,73890,9,4,61,0,2016,6,18,2,3,2,6,0,0,0,1,0,0,0,0,6.36412E+20,5.53128E+21,1.09003E+16,4.99183E+16
73890,73891,9,2,75,124,2016,6,9,2,3,9,1,0,1,0,1,0,0,0,0,8.12974E+20,5.37971E+21,1.32366E+16,4.84925E+16
73891,73892,9,1,75,139,2016,6,9,7,2,5,3,0,0,0,1,0,0,0,1,7.10629E+20,5.3323E+21,1.18297E+16,4.81091E+16
73892,73893,9,1,88,121,2016,6,6,2,3,2,6,0,1,0,1,0,0,0,0,6.71529E+20,5.32945E+21,1.13038E+16,4.80952E+16
73893,73894,9,6,79,128,2016,6,11,1,3,0,7,0,0,1,0,0,0,0,0,5.60027E+20,5.525E+21,9.83541E+15,4.98744E+16
73894,73895,9,1,84,134,2016,6,15,1,3,8,1,0,1,0,1,0,0,0,0,6.94009E+20,5.32376E+21,1.16028E+16,4.80376E+16
73895,73896,9,7,77,172,2016,6,17,6,3,0,6,0,0,1,1,0,0,0,0,6.27072E+20,5.30196E+21,1.06989E+16,4.78584E+16
73896,73897,9,5,75,168,2016,6,18,7,3,0,1,0,0,0,0,0,1,0,0,5.88751E+20,5.48832E+21,1.02268E+16,4.9541E+16
73897,73898,9,3,74,140,2016,6,16,7,3,9,1,0,0,0,1,0,0,0,0,7.04228E+20,5.52386E+21,1.184E+16,4.98324E+16
73898,73899,9,3,75,170,2016,6,6,3,3,8,7,0,0,0,1,0,0,0,0,7.41068E+20,5.42846E+21,1.22936E+16,4.8962E+16
73899,73900,9,5,74,138,2016,6,16,2,2,4,2,0,0,0,1,0,0,1,0,6.65547E+20,5.48533E+21,1.12863E+16,4.9498E+16
73900,73901,9,5,61,0,2016,6,7,3,3,2,6,0,0,0,1,0,0,0,0,6.15451E+20,5.45817E+21,1.05869E+16,4.92654E+16
73901,73902,9,1,76,160,2016,6,16,3,2,8,1,0,0,0,0,0,1,0,0,6.56869E+20,5.42142E+21,1.11416E+16,4.89258E+16
73902,73903,9,1,87,170,2016,6,6,3,3,9,7,0,0,0,1,0,0,0,0,7.33812E+20,5.31971E+21,1.21338E+16,4.79879E+16
73903,73904,9,5,74,112,2016,6,7,2,2,8,7,0,0,0,0,0,0,0,1,6.74531E+20,5.47104E+21,1.1404E+16,4.93671E+16
73904,73905,9,5,77,173,2016,6,19,3,3,0,1,0,0,0,0,0,1,0,0,6.39811E+20,5.42321E+21,1.09095E+16,4.8946E+16
73905,73906,9,1,61,0,2016,6,17,3,3,5,2,0,0,1,1,0,0,0,0,6.77582E+20,5.40525E+21,1.14171E+16,4.87749E+16
73906,73907,9,3,72,143,2016,6,12,2,1,4,6,0,0,0,1,0,1,0,0,7.74446E+20,5.45139E+21,1.27642E+16,4.91539E+16
73907,73908,9,1,80,127,2016,6,15,2,3,8,1,0,0,0,0,0,1,0,0,6.68375E+20,5.28113E+21,1.12426E+16,4.76617E+16
73908,73909,9,1,75,112,2016,6,12,7,2,8,1,0,0,0,0,0,1,0,0,7.21286E+20,5.31906E+21,1.19658E+16,4.79866E+16
73909,73910,9,1,86,152,2016,6,11,2,3,2,6,0,0,0,1,0,0,0,0,6.91433E+20,5.37359E+21,1.15908E+16,4.84863E+16
73910,73911,9,6,76,145,2016,6,1,1,3,9,7,2,0,0,1,0,0,0,0,5.1048E+20,5.52043E+21,9.14573E+15,4.98362E+16
73911,73912,9,1,78,145,2016,6,21,1,3,2,6,2,1,0,1,0,0,0,0,6.97364E+20,5.35657E+21,1.1663E+16,4.83315E+16
73912,73913,9,3,73,147,2016,6,16,7,2,4,6,0,0,0,1,0,0,1,0,6.80306E+20,5.46467E+21,1.14806E+16,4.93081E+16
73913,73914,9,3,72,137,2016,6,11,3,3,5,3,0,0,1,1,0,0,0,0,7.81838E+20,5.45355E+21,1.28669E+16,4.917E+16
73914,73915,9,4,72,167,2016,6,15,3,3,2,6,0,0,0,1,0,0,0,0,6.77416E+20,5.53172E+21,1.14711E+16,4.99115E+16
73915,73916,9,5,77,161,2016,6,15,1,3,5,3,0,0,0,1,0,1,0,0,6.44338E+20,5.44197E+21,1.09779E+16,4.91136E+16
73916,73917,9,7,64,0,2016,6,1,7,2,9,6,2,1,0,1,0,0,0,0,5.82538E+20,5.31143E+21,1.01054E+16,4.79509E+16
73917,73918,9,5,64,0,2016,6,16,1,3,2,6,0,0,0,1,0,0,0,0,6.47801E+20,5.47386E+21,1.10371E+16,4.93995E+16
73918,73919,9,4,71,150,2016,6,20,7,3,4,1,0,1,0,1,0,0,0,0,6.35015E+20,5.53585E+21,1.08824E+16,4.99597E+16
73919,73920,9,1,84,149,2016,6,13,3,3,2,6,0,0,0,1,0,0,0,0,6.88782E+20,5.34982E+21,1.15443E+16,4.82735E+16
73920,73921,9,3,73,146,2016,6,5,7,2,8,1,1,0,0,1,0,0,0,0,6.78501E+20,5.4518E+21,1.145E+16,4.9193E+16
73921,73922,9,2,62,0,2016,6,16,3,3,5,2,0,0,0,1,0,0,0,0,8.2572E+20,5.38955E+21,1.34162E+16,4.85742E+16
73922,73923,9,6,75,158,2016,6,16,3,1,5,3,0,0,0,1,0,0,0,0,5.99087E+20,5.52259E+21,1.03783E+16,4.98475E+16
73923,73924,9,4,72,175,2016,6,13,1,3,3,1,0,0,0,1,0,0,0,0,6.81039E+20,5.51341E+21,1.1513E+16,4.97459E+16
73924,73925,9,7,80,131,2016,6,15,7,2,4,6,0,1,0,1,0,1,0,0,5.93803E+20,5.25628E+21,1.02444E+16,4.74532E+16
73925,73926,9,6,72,114,2016,6,15,7,2,0,7,0,0,0,0,0,1,0,0,5.76521E+20,5.56316E+21,1.00725E+16,5.02156E+16
73926,73927,9,3,61,0,2016,6,21,7,3,5,2,2,1,0,1,0,1,0,0,7.08417E+20,5.48044E+21,1.18751E+16,4.94408E+16
73927,73928,9,7,74,135,2016,6,13,2,2,4,6,0,0,0,1,0,0,0,0,5.96282E+20,5.37102E+21,1.0303E+16,4.8485E+16
73928,73929,9,2,75,137,2016,6,19,7,2,0,7,2,1,0,1,0,0,0,0,8.38299E+20,5.39014E+21,1.35867E+16,4.85728E+16
73929,73930,9,1,90,140,2016,6,18,3,3,9,1,0,0,0,1,0,0,0,0,6.48516E+20,5.3021E+21,1.09854E+16,4.7855E+16
73930,73931,9,6,79,175,2016,6,5,2,3,2,6,0,0,0,0,0,0,1,0,5.71908E+20,5.51012E+21,9.99798E+15,4.97393E+16
73931,73932,9,5,62,0,2016,6,18,3,2,8,1,0,0,0,1,0,0,0,0,6.47013E+20,5.49128E+21,1.10327E+16,4.95563E+16
73932,73933,9,1,87,118,2016,6,21,3,2,0,1,0,0,1,0,0,0,0,0,7.52718E+20,5.3012E+21,1.2376E+16,4.78145E+16
73933,73934,9,4,64,0,2016,6,7,2,3,5,2,0,0,0,1,0,0,0,0,7.07389E+20,5.57871E+21,1.19136E+16,5.03239E+16
73934,73935,9,2,75,153,2016,6,8,2,3,8,1,0,1,0,1,0,0,0,0,8.42749E+20,5.39461E+21,1.36505E+16,4.86106E+16
73935,73936,9,1,62,0,2016,6,6,2,3,5,3,0,0,1,0,0,0,0,1,6.92537E+20,5.33919E+21,1.159E+16,4.81768E+16
73936,73937,9,2,72,151,2016,6,14,7,3,9,1,0,0,0,1,0,0,0,0,8.37163E+20,5.40553E+21,1.35839E+16,4.87115E+16
73937,73938,9,2,73,147,2016,6,7,3,3,2,6,0,0,0,1,0,0,1,0,6.9946E+20,5.38981E+21,1.17071E+16,4.86295E+16
73938,73939,9,6,72,113,2016,6,15,3,3,5,3,0,0,0,1,0,0,0,1,5.5488E+20,5.57614E+21,9.77113E+15,5.03348E+16
73939,73940,9,5,64,0,2016,6,8,2,3,2,6,0,0,0,1,0,0,0,0,6.53535E+20,5.47829E+21,1.11178E+16,4.94378E+16
73940,73941,9,2,78,167,2016,6,12,2,3,4,6,0,0,0,0,0,0,1,0,7.68127E+20,5.41059E+21,1.26509E+16,4.87904E+16
73941,73942,9,1,83,140,2016,6,12,2,2,4,6,0,0,0,1,0,0,0,0,7.43503E+20,5.34331E+21,1.2277E+16,4.81963E+16
73942,73943,9,4,71,189,2016,6,12,1,3,9,1,0,0,0,0,0,1,0,0,6.52558E+20,5.53824E+21,1.11278E+16,4.9977E+16
73943,73944,9,2,71,119,2016,6,20,1,3,0,3,0,1,1,1,0,0,0,0,7.90888E+20,5.41584E+21,1.29637E+16,4.88274E+16
73944,73945,9,7,71,111,2016,6,17,7,3,8,1,0,1,0,1,0,0,0,0,6.57345E+20,5.35876E+21,1.11243E+16,4.83623E+16
73945,73946,9,5,62,0,2016,6,20,7,3,8,1,0,1,0,1,0,0,0,0,6.45731E+20,5.49019E+21,1.10146E+16,4.95468E+16
73946,73947,9,2,77,119,2016,6,11,7,3,2,6,0,0,0,1,0,0,0,0,7.75847E+20,5.37568E+21,1.27325E+16,4.84737E+16
73947,73948,9,7,77,151,2016,6,10,2,3,2,6,0,0,0,1,0,0,0,0,6.21215E+20,5.29292E+21,1.06181E+16,4.77782E+16
73948,73949,9,1,71,113,2016,6,18,3,3,2,6,0,0,0,0,0,0,0,1,7.7096E+20,5.33836E+21,1.26426E+16,4.81407E+16
73949,73950,9,6,78,134,2016,6,7,2,3,2,6,0,0,0,1,0,0,1,0,5.96593E+20,5.53014E+21,1.03455E+16,4.99158E+16
73950,73951,9,5,64,0,2016,6,16,3,3,5,3,0,0,1,1,0,0,0,0,6.52141E+20,5.47752E+21,1.10983E+16,4.94313E+16
73951,73952,9,1,82,129,2016,6,12,3,2,8,1,0,0,0,1,0,0,1,0,7.07906E+20,5.28552E+21,1.17706E+16,4.76896E+16
73952,73953,9,3,62,0,2016,6,8,2,3,2,6,0,0,0,1,0,0,0,0,7.24309E+20,5.43417E+21,1.20681E+16,4.90196E+16
73953,73954,9,2,79,113,2016,6,16,2,3,4,1,0,0,0,0,0,0,0,1,7.90476E+20,5.39415E+21,1.29429E+16,4.86329E+16
73954,73955,9,1,62,0,2016,6,13,6,3,3,6,0,0,0,1,0,0,1,0,6.90014E+20,5.33194E+21,1.15529E+16,4.81124E+16
73955,73956,9,1,79,137,2016,6,14,2,2,4,6,0,0,0,0,0,1,1,0,6.552E+20,5.34709E+21,1.10911E+16,4.8258E+16
73956,73957,9,6,78,135,2016,6,17,1,3,0,2,0,0,0,0,0,1,0,0,5.91223E+20,5.54195E+21,1.02735E+16,5.00229E+16
73957,73958,9,1,82,116,2016,6,14,1,3,0,2,0,1,0,1,0,0,0,0,7.03977E+20,5.29525E+21,1.17229E+16,4.77783E+16
73958,73959,9,7,77,128,2016,6,15,6,3,0,1,0,0,0,1,0,0,0,0,6.14666E+20,5.30357E+21,1.05335E+16,4.78752E+16
73959,73960,9,1,62,0,2016,6,11,6,3,5,3,0,0,0,1,0,0,0,0,6.97592E+20,5.33017E+21,1.16538E+16,4.80942E+16
73960,73961,9,1,87,165,2016,6,16,2,3,1,6,0,0,0,1,0,0,0,0,7.31876E+20,5.29982E+21,1.20972E+16,4.78099E+16
73961,73962,9,7,77,129,2016,6,17,1,3,5,3,0,0,0,1,0,0,0,0,6.26251E+20,5.27096E+21,1.06789E+16,4.75798E+16
73962,73963,9,3,75,148,2016,6,8,1,3,5,3,0,0,0,1,0,0,0,0,6.99166E+20,5.43683E+21,1.1726E+16,4.90521E+16
73963,73964,9,2,79,135,2016,6,12,1,2,2,2,0,0,0,1,0,1,0,0,7.7415E+20,5.38921E+21,1.27185E+16,4.85959E+16
73964,73965,9,7,80,124,2016,6,7,6,3,1,2,0,0,0,1,0,0,0,0,5.86427E+20,5.26845E+21,1.0149E+16,4.75637E+16
73965,73966,9,6,79,209,2016,6,13,7,3,2,6,0,0,0,1,0,0,0,0,5.62035E+20,5.51553E+21,9.86184E+15,4.97891E+16
73966,73967,9,5,64,0,2016,6,17,7,3,5,3,0,0,0,1,0,0,0,0,6.51281E+20,5.47726E+21,1.10864E+16,4.94292E+16
73967,73968,9,2,79,124,2016,6,4,7,3,8,1,2,0,0,1,0,0,0,0,7.52082E+20,5.39357E+21,1.24224E+16,4.86443E+16
73968,73969,9,3,63,0,2016,6,16,3,3,0,7,0,0,0,0,0,1,0,0,7.28225E+20,5.50884E+21,1.21644E+16,4.96888E+16
73969,73970,9,1,87,128,2016,6,16,3,3,8,1,0,0,0,1,0,0,0,0,7.4771E+20,5.30981E+21,1.23141E+16,4.78937E+16
73970,73971,9,5,76,143,2016,6,7,2,3,5,3,0,0,0,1,0,0,0,0,6.53583E+20,5.45071E+21,1.11079E+16,4.919E+16
73971,73972,9,5,71,199,2016,6,16,3,2,5,3,0,0,0,0,0,1,0,1,5.85269E+20,5.45169E+21,1.01708E+16,4.92121E+16
73972,73973,9,1,61,0,2016,6,14,3,3,5,3,0,0,1,1,0,0,0,0,6.77588E+20,5.40512E+21,1.14171E+16,4.87737E+16
73973,73974,9,3,71,151,2016,6,10,2,3,2,3,0,0,0,1,0,0,0,0,6.97782E+20,5.48614E+21,1.17314E+16,4.94956E+16
73974,73975,9,1,62,0,2016,6,15,6,3,0,7,0,0,0,0,0,1,0,0,6.88442E+20,5.33415E+21,1.15328E+16,4.81327E+16
73975,73976,9,1,62,0,2016,6,12,1,3,0,1,0,1,0,0,0,1,0,0,6.9311E+20,5.33764E+21,1.1597E+16,4.81626E+16
73976,73977,9,6,61,0,2016,6,8,1,2,4,2,0,0,1,1,0,0,0,0,5.11148E+20,5.53603E+21,9.15548E+15,4.99765E+16
73977,73978,9,4,71,120,2016,6,14,7,2,0,1,0,0,0,0,0,1,0,0,6.28438E+20,5.51932E+21,1.07853E+16,4.98126E+16
73978,73979,9,1,84,122,2016,6,16,7,3,5,3,0,0,1,1,0,0,0,0,6.88415E+20,5.32437E+21,1.15281E+16,4.80448E+16
73979,73980,9,2,73,152,2016,6,15,7,3,5,5,0,0,1,1,0,0,0,0,7.02305E+20,5.41032E+21,1.17557E+16,4.88129E+16
73980,73981,9,3,76,119,2016,6,15,3,3,2,7,0,0,0,1,0,0,0,0,7.2138E+20,5.45499E+21,1.20396E+16,4.92077E+16
73981,73982,9,4,73,138,2016,6,11,7,3,0,6,0,0,0,1,0,1,0,0,6.33415E+20,5.55142E+21,1.08655E+16,5.01E+16
73982,73983,9,1,90,148,2016,6,13,7,3,3,6,0,0,0,1,0,1,0,0,6.4237E+20,5.2971E+21,1.09017E+16,4.78115E+16
73983,73984,9,3,73,160,2016,6,11,3,2,5,3,0,0,0,1,0,0,0,0,6.9278E+20,5.45155E+21,1.16457E+16,4.91864E+16
73984,73985,9,4,73,165,2016,6,15,3,3,4,2,0,0,0,1,0,0,0,1,6.3216E+20,5.56171E+21,1.08515E+16,5.01928E+16
73985,73986,9,1,81,128,2016,6,16,3,3,5,3,0,0,1,1,0,0,0,0,6.38482E+20,5.32733E+21,1.08595E+16,4.80842E+16
73986,73987,9,1,75,133,2016,6,17,3,3,2,6,0,0,0,1,0,0,0,1,7.05894E+20,5.34044E+21,1.17701E+16,4.81838E+16
73987,73988,9,1,90,141,2016,6,14,7,3,5,3,0,0,0,1,0,0,0,0,6.80586E+20,5.29055E+21,1.1409E+16,4.7743E+16
73988,73989,9,2,72,127,2016,6,13,3,2,4,6,0,0,0,1,0,0,0,1,8.32645E+20,5.41999E+21,1.35344E+16,4.88436E+16
73989,73990,9,6,74,133,2016,6,6,3,2,4,2,0,0,0,1,0,1,0,0,6.23778E+20,5.53412E+21,1.07253E+16,4.99466E+16
73990,73991,9,3,76,133,2016,6,7,2,2,8,1,0,0,0,0,0,0,0,1,7.37237E+20,5.48418E+21,1.22743E+16,4.94639E+16
73991,73992,9,4,71,195,2016,6,5,1,2,3,6,0,0,0,1,0,0,1,0,6.40695E+20,5.5255E+21,1.09578E+16,4.98654E+16
73992,73993,9,7,62,0,2016,6,6,7,3,4,1,0,0,0,1,0,0,0,0,6.207E+20,5.30414E+21,1.06143E+16,4.78792E+16
73993,73994,9,4,64,0,2016,6,21,1,3,6,4,1,0,0,1,1,0,0,0,7.07396E+20,5.57784E+21,1.19133E+16,5.03161E+16
73994,73995,9,7,75,152,2016,6,15,7,3,2,6,0,0,0,1,0,0,0,0,5.76722E+20,5.35404E+21,1.00352E+16,4.83349E+16
73995,73996,9,4,61,0,2016,6,7,7,3,4,2,0,0,0,1,0,0,0,1,6.37374E+20,5.53065E+21,1.09134E+16,4.99124E+16
73996,73997,9,1,62,0,2016,6,16,2,3,4,6,0,0,1,0,0,0,0,0,6.95503E+20,5.33073E+21,1.1626E+16,4.80999E+16
73997,73998,9,1,80,134,2016,6,15,7,3,2,6,0,0,1,0,0,1,0,0,6.55547E+20,5.28678E+21,1.10739E+16,4.77156E+16
73998,73999,9,2,79,124,2016,6,16,3,3,5,3,0,0,0,0,0,1,0,0,7.54886E+20,5.38928E+21,1.24578E+16,4.86046E+16
73999,74000,9,7,73,125,2016,6,18,2,3,1,6,0,0,0,1,0,0,0,0,6.09783E+20,5.3818E+21,1.04885E+16,4.85796E+16
74000,74001,9,6,61,0,2016,6,0,3,2,2,6,2,0,0,1,0,1,0,0,5.07524E+20,5.53287E+21,9.10488E+15,4.99481E+16
74001,74002,9,5,77,177,2016,6,7,2,3,4,3,0,0,1,1,0,0,0,0,6.43224E+20,5.43254E+21,1.09593E+16,4.90291E+16
74002,74003,9,2,71,119,2016,6,16,2,3,8,1,0,0,0,0,0,0,1,0,7.9123E+20,5.41943E+21,1.29709E+16,4.88594E+16
74003,74004,9,1,62,0,2016,6,10,6,3,6,4,0,0,0,1,1,0,0,0,6.93392E+20,5.33929E+21,1.16016E+16,4.81774E+16
74004,74005,9,1,83,128,2016,6,20,2,3,5,3,0,0,1,1,0,0,0,0,7.61536E+20,5.34965E+21,1.25231E+16,4.8246E+16
74005,74006,9,7,75,149,2016,6,9,1,3,6,7,0,0,0,1,1,0,0,0,5.91328E+20,5.34748E+21,1.02308E+16,4.8274E+16
74006,74007,9,3,77,137,2016,6,11,1,2,5,3,0,0,0,1,0,0,0,1,7.33844E+20,5.54021E+21,1.22611E+16,4.99684E+16
74007,74008,9,2,75,141,2016,6,13,1,3,2,6,0,0,0,1,0,0,0,0,8.19129E+20,5.36928E+21,1.33117E+16,4.83958E+16
74008,74009,9,7,61,0,2016,6,19,6,2,9,6,0,0,0,1,0,1,0,0,6.39791E+20,5.35298E+21,1.08855E+16,4.83145E+16
74009,74010,9,7,72,115,2016,6,13,7,3,5,3,0,0,0,1,0,0,0,0,6.17493E+20,5.36943E+21,1.05895E+16,4.84671E+16
74010,74011,9,5,74,150,2016,6,11,7,3,4,7,0,0,1,1,0,0,0,0,6.7157E+20,5.48728E+21,1.13703E+16,4.95138E+16
74011,74012,9,1,73,118,2016,6,3,7,3,8,7,2,0,0,1,0,0,0,0,6.87213E+20,5.30678E+21,1.15043E+16,4.7887E+16
74012,74013,9,4,74,126,2016,6,19,3,3,5,2,0,0,0,1,0,0,0,0,6.48203E+20,5.51109E+21,1.10567E+16,4.9734E+16
74013,74014,9,1,71,117,2016,6,18,3,3,5,3,0,0,0,1,0,0,0,0,7.66531E+20,5.33708E+21,1.25823E+16,4.81311E+16
74014,74015,9,6,71,111,2016,6,17,7,3,2,6,0,1,0,1,0,0,1,0,5.02503E+20,5.54852E+21,9.03499E+15,5.00889E+16
74015,74016,9,1,89,114,2016,6,16,7,3,2,2,0,0,0,1,0,0,0,0,7.6111E+20,5.31365E+21,1.24954E+16,4.79229E+16
74016,74017,9,7,74,136,2016,6,15,2,2,4,6,0,0,0,1,0,0,1,0,6.05041E+20,5.37395E+21,1.04222E+16,4.85099E+16
74017,74018,9,1,89,119,2016,6,13,3,3,2,6,0,0,0,0,0,0,0,1,7.64036E+20,5.30337E+21,1.25282E+16,4.78294E+16
74018,74019,9,6,75,117,2016,6,12,2,3,4,2,0,0,0,1,0,0,0,0,5.84773E+20,5.51732E+21,1.01781E+16,4.98023E+16
74019,74020,9,5,63,0,2016,6,11,3,3,5,3,0,0,0,1,0,0,0,0,6.44755E+20,5.48292E+21,1.09985E+16,4.94816E+16
74020,74021,9,1,82,123,2016,6,16,3,3,0,1,0,0,1,0,0,0,0,0,7.1568E+20,5.3013E+21,1.18819E+16,4.78289E+16
74021,74022,9,4,74,126,2016,6,5,2,2,5,3,1,0,1,1,0,0,0,0,6.49063E+20,5.50942E+21,1.1068E+16,4.97188E+16
74022,74023,9,2,75,145,2016,6,13,2,2,5,3,0,0,0,1,0,0,0,1,8.14438E+20,5.37791E+21,1.3255E+16,4.84756E+16
74023,74024,9,1,84,129,2016,6,17,6,3,2,6,0,0,0,1,0,0,0,0,7.00171E+20,5.32376E+21,1.16854E+16,4.80357E+16
74024,74025,9,1,74,135,2016,6,6,2,3,8,1,0,0,0,1,0,0,0,0,6.63581E+20,5.35296E+21,1.12062E+16,4.83087E+16
74025,74026,9,6,79,144,2016,6,13,1,3,2,6,0,0,0,0,0,1,0,0,5.4848E+20,5.51303E+21,9.67323E+15,4.97678E+16
74026,74027,9,1,90,121,2016,6,13,1,3,8,1,0,1,0,1,0,0,0,0,6.63193E+20,5.28798E+21,1.11762E+16,4.77246E+16
74027,74028,9,7,72,157,2016,6,13,6,2,0,1,0,0,0,0,0,1,0,0,6.27793E+20,5.33581E+21,1.07186E+16,4.81627E+16
74028,74029,9,6,77,203,2016,6,16,7,3,1,5,0,0,1,0,0,0,0,1,5.59941E+20,5.5256E+21,9.83431E+15,4.98798E+16
74029,74030,9,5,71,145,2016,6,16,7,3,8,1,0,1,0,1,0,0,0,0,5.96037E+20,5.44384E+21,1.03167E+16,4.91399E+16
74030,74031,9,1,89,154,2016,6,12,7,3,9,1,0,0,1,0,0,0,0,0,7.6533E+20,5.32017E+21,1.25558E+16,4.79797E+16
74031,74032,9,3,72,171,2016,6,12,3,2,1,2,0,0,0,1,0,0,0,1,7.67541E+20,5.47042E+21,1.26824E+16,4.93278E+16
74032,74033,9,5,74,152,2016,6,20,2,3,5,3,0,0,1,1,0,0,0,0,6.61597E+20,5.48322E+21,1.1231E+16,4.94801E+16
74033,74034,9,5,71,177,2016,6,14,3,1,2,6,0,0,0,1,0,1,0,0,6.21255E+20,5.45185E+21,1.06647E+16,4.92074E+16
74034,74035,9,1,61,0,2016,6,6,3,3,4,6,0,0,0,1,0,0,0,0,6.76221E+20,5.40407E+21,1.13981E+16,4.87647E+16
74035,74036,9,5,74,123,2016,6,14,1,3,0,4,0,0,0,1,1,0,0,0,6.60704E+20,5.47138E+21,1.12138E+16,4.93739E+16
74036,74037,9,6,76,143,2016,6,4,2,3,0,7,2,0,0,0,0,1,0,0,5.27276E+20,5.50584E+21,9.37829E+15,4.97045E+16
74037,74038,9,5,73,125,2016,6,18,3,3,5,3,0,0,1,1,0,0,0,0,6.404E+20,5.47133E+21,1.09343E+16,4.93785E+16
74038,74039,9,1,87,150,2016,6,7,3,3,2,6,0,0,0,1,0,0,1,0,7.28667E+20,5.30347E+21,1.20564E+16,4.78439E+16
74039,74040,9,3,72,126,2016,6,18,2,2,5,3,0,0,0,1,0,1,0,0,7.8036E+20,5.46894E+21,1.28574E+16,4.93088E+16
74040,74041,9,1,88,113,2016,6,14,2,2,8,7,0,0,0,1,0,0,0,0,6.80749E+20,5.31674E+21,1.14221E+16,4.79784E+16
74041,74042,9,1,84,136,2016,6,7,6,3,4,6,0,0,1,0,0,0,0,0,6.98936E+20,5.3273E+21,1.16705E+16,4.8068E+16
74042,74043,9,1,74,115,2016,6,9,2,3,3,6,0,0,0,1,0,0,0,0,6.81042E+20,5.34747E+21,1.14391E+16,4.82545E+16