FID,OBJECTID,ULAND,UREGBEZ,UKREIS,UGEMEINDE,UJAHR,UMONAT,USTUNDE,UWOCHENTAG,UKATEGORIE,UART,UTYP1,ULICHTVERH,IstStrasse,IstRad,IstPKW,IstFuss,IstKrad,IstGkfz,IstSonstig,LINREFX,LINREFY,XGCSWGS84,YGCSWGS84
74223,74224,9,1,89,140,2016,6,22,5,2,4,1,2,0,0,1,0,0,0,0,7.73677E+20,5.29576E+21,1.26519E+16,4.77571E+16
74224,74225,9,2,77,113,2016,6,8,4,3,5,3,0,0,0,1,0,0,0,0,8.04325E+20,5.37247E+21,1.31145E+16,4.84318E+16
74225,74226,9,6,76,140,2016,6,17,4,3,5,3,0,0,1,1,0,0,0,0,5.06214E+20,5.52246E+21,9.08645E+15,4.98545E+16
74226,74227,9,6,62,0,2016,7,17,6,3,7,1,0,0,1,0,0,0,0,0,5.88477E+20,5.54465E+21,1.02358E+16,5.00476E+16
74227,74228,9,1,79,123,2016,7,9,7,3,5,3,0,0,1,1,0,0,0,0,6.73678E+20,5.33148E+21,1.13334E+16,4.81129E+16
74228,74229,9,1,62,0,2016,6,16,4,3,2,6,0,0,0,1,0,1,0,0,6.94562E+20,5.33572E+21,1.16157E+16,4.8145E+16
74229,74230,9,7,75,134,2016,7,6,6,3,5,3,0,0,0,1,0,0,0,0,5.84331E+20,5.36297E+21,1.01397E+16,4.84143E+16
74230,74231,9,7,71,130,2016,7,17,6,3,2,6,0,0,0,1,0,0,0,0,6.46438E+20,5.36284E+21,1.09786E+16,4.84017E+16
74231,74232,9,6,72,142,2016,7,16,6,2,4,6,0,0,0,1,0,1,0,0,5.74867E+20,5.55489E+21,1.00477E+16,5.01415E+16
74232,74233,9,1,87,179,2016,7,10,7,3,4,2,0,0,0,1,0,1,0,0,7.23331E+20,5.30925E+21,1.19881E+16,4.78976E+16
74233,74234,9,6,76,139,2016,6,19,4,3,5,3,0,0,0,1,0,0,0,0,5.17597E+20,5.50597E+21,9.24406E+15,4.97059E+16
74234,74235,9,1,62,0,2016,6,15,4,3,0,7,0,0,0,0,0,1,0,0,6.81785E+20,5.33537E+21,1.14439E+16,4.81456E+16
74235,74236,9,1,62,0,2016,7,1,6,3,0,7,2,0,1,0,0,0,0,0,6.9279E+20,5.33122E+21,1.15898E+16,4.8105E+16
74236,74237,9,1,73,133,2016,7,19,6,3,0,1,0,0,0,0,0,1,0,0,6.76774E+20,5.27802E+21,1.13531E+16,4.76314E+16
74237,74238,9,1,85,139,2016,7,18,6,3,0,7,0,0,1,0,0,0,0,1,6.68817E+20,5.39418E+21,1.12934E+16,4.86779E+16
74238,74239,9,3,75,208,2016,7,15,6,2,2,6,0,0,1,1,0,0,0,0,7.29604E+20,5.43929E+21,1.21434E+16,4.90636E+16
74239,74240,9,1,71,116,2016,6,9,5,3,8,7,0,0,0,1,0,0,0,0,7.67216E+20,5.33394E+21,1.25896E+16,4.81027E+16
74240,74241,9,1,75,135,2016,7,9,6,3,3,7,0,0,0,1,0,0,0,1,7.09066E+20,5.3389E+21,1.1812E+16,4.81689E+16
74241,74242,9,7,72,130,2016,6,23,5,3,0,7,0,0,1,0,0,0,0,0,6.31987E+20,5.35762E+21,1.07818E+16,4.8358E+16
74242,74243,9,3,75,180,2016,6,16,5,3,2,2,0,0,0,1,0,0,0,0,7.26045E+20,5.42483E+21,1.20867E+16,4.8935E+16
74243,74244,9,2,62,0,2016,6,12,4,3,0,7,0,0,0,1,0,1,0,0,8.26071E+20,5.38917E+21,1.34207E+16,4.85707E+16
74244,74245,9,6,61,0,2016,6,13,4,3,5,3,0,0,1,1,0,0,0,0,5.09135E+20,5.5364E+21,9.12742E+15,4.99799E+16
74245,74246,9,1,74,126,2016,6,11,5,3,2,6,0,1,0,1,0,0,0,0,6.8419E+20,5.34518E+21,1.14805E+16,4.82331E+16
74246,74247,9,6,71,130,2016,7,15,6,3,1,5,0,0,0,1,0,0,0,0,5.16244E+20,5.53544E+21,9.22653E+15,4.99711E+16
74247,74248,9,1,62,0,2016,6,7,4,3,0,7,0,0,1,0,0,0,0,1,6.94917E+20,5.33488E+21,1.162E+16,4.81373E+16
74248,74249,9,7,80,134,2016,7,19,6,3,4,1,0,0,0,1,0,0,0,0,5.95351E+20,5.26095E+21,1.02659E+16,4.7495E+16
74249,74250,9,1,73,145,2016,7,12,7,3,0,1,0,1,0,0,0,1,0,0,6.88163E+20,5.29137E+21,1.15103E+16,4.77483E+16
74250,74251,9,2,78,197,2016,7,19,6,2,8,1,0,0,0,0,0,1,0,0,7.58555E+20,5.43326E+21,1.25351E+16,4.89981E+16
74251,74252,9,6,77,186,2016,6,14,5,3,1,7,0,0,0,1,0,0,0,0,5.48215E+20,5.53349E+21,9.67209E+15,4.99518E+16
74252,74253,9,3,71,120,2016,7,20,6,3,5,3,0,0,0,1,0,0,0,0,7.13238E+20,5.46915E+21,1.19355E+16,4.93378E+16
74253,74254,9,6,79,193,2016,6,17,5,3,8,1,0,0,0,1,0,0,0,0,5.74967E+20,5.5117E+21,1.00407E+16,4.97531E+16
74254,74255,9,1,72,134,2016,6,23,5,3,5,3,2,0,0,1,0,0,0,0,7.84482E+20,5.30796E+21,1.28038E+16,4.78619E+16
74255,74256,9,2,72,129,2016,6,17,4,3,2,2,0,0,0,1,0,0,0,0,8.46612E+20,5.40745E+21,1.37135E+16,4.87236E+16
74256,74257,9,5,72,115,2016,6,16,4,3,2,6,0,0,0,1,0,0,0,0,6.46111E+20,5.50151E+21,1.10241E+16,4.96484E+16
74257,74258,9,1,62,0,2016,6,7,4,3,4,2,0,0,0,1,0,1,0,0,6.9555E+20,5.33855E+21,1.16302E+16,4.81701E+16
74258,74259,9,5,64,0,2016,7,9,6,3,5,2,0,0,1,0,0,0,1,0,6.47741E+20,5.47402E+21,1.10364E+16,4.94009E+16
74259,74260,9,5,72,131,2016,7,16,6,3,2,6,0,0,0,1,0,0,0,0,6.53828E+20,5.48561E+21,1.11247E+16,4.95036E+16
74260,74261,9,7,76,114,2016,7,17,6,3,2,6,0,0,0,1,0,1,0,0,5.68023E+20,5.27535E+21,9.90541E+15,4.7628E+16
74261,74262,9,6,78,174,2016,6,18,5,3,1,3,0,0,0,1,0,0,0,0,5.92204E+20,5.5457E+21,1.02881E+16,5.00564E+16
74262,74263,9,2,78,187,2016,6,13,5,3,2,2,0,0,0,1,0,0,0,1,7.79113E+20,5.42431E+21,1.28094E+16,4.89088E+16
74263,74264,9,2,72,127,2016,6,17,4,2,8,1,0,0,0,0,0,1,0,0,8.33096E+20,5.42053E+21,1.35409E+16,4.88482E+16
74264,74265,9,7,62,0,2016,7,14,6,3,2,6,0,0,0,1,0,1,0,0,6.21038E+20,5.30457E+21,1.0619E+16,4.7883E+16
74265,74266,9,7,72,186,2016,7,7,6,2,5,3,0,0,1,0,0,0,1,0,6.37778E+20,5.34417E+21,1.08555E+16,4.82358E+16
74266,74267,9,2,61,0,2016,6,16,4,3,3,2,0,0,1,1,0,0,0,0,7.34859E+20,5.38198E+21,1.21824E+16,4.85469E+16
74267,74268,9,5,76,122,2016,6,14,4,3,3,6,0,0,0,1,0,0,0,0,6.72599E+20,5.43375E+21,1.13614E+16,4.90325E+16
74268,74269,9,7,77,121,2016,6,19,4,3,3,6,0,0,0,1,0,0,0,0,6.29542E+20,5.32124E+21,1.07377E+16,4.80313E+16
74269,74270,9,2,74,126,2016,7,13,6,3,0,6,0,0,0,1,0,0,0,0,7.32006E+20,5.3867E+21,1.21464E+16,4.85904E+16
74270,74271,9,1,87,139,2016,7,18,6,3,5,3,0,0,0,1,0,1,0,0,7.45611E+20,5.31683E+21,1.22901E+16,4.79577E+16
74271,74272,9,2,74,128,2016,6,15,4,3,3,2,0,0,1,1,0,0,0,0,7.39401E+20,5.38826E+21,1.22475E+16,4.86016E+16
74272,74273,9,5,62,0,2016,6,13,4,3,0,7,0,0,0,0,0,1,0,0,6.42242E+20,5.49315E+21,1.09675E+16,4.95742E+16
74273,74274,9,7,74,144,2016,6,9,4,2,1,7,0,0,0,1,0,0,1,0,6.12528E+20,5.36252E+21,1.05205E+16,4.84058E+16
74274,74275,9,2,77,121,2016,7,8,6,2,4,2,0,0,0,1,0,0,0,0,7.63222E+20,5.37197E+21,1.25597E+16,4.84458E+16
74275,74276,9,1,72,128,2016,7,16,6,2,1,6,0,0,0,1,0,0,0,0,7.92212E+20,5.2967E+21,1.28993E+16,4.77574E+16
74276,74277,9,5,75,117,2016,7,16,6,1,4,1,0,0,0,1,0,0,0,0,6.23797E+20,5.50164E+21,1.07152E+16,4.96546E+16
74277,74278,9,1,86,122,2016,7,14,6,3,2,6,0,0,0,1,0,1,0,0,6.91753E+20,5.39554E+21,1.16053E+16,4.86835E+16
74278,74279,9,5,76,127,2016,6,15,5,2,2,1,0,0,0,1,0,0,0,0,6.65636E+20,5.44471E+21,1.12707E+16,4.91329E+16
74279,74280,9,5,64,0,2016,6,13,5,3,1,3,0,0,0,1,0,1,0,0,6.4789E+20,5.47334E+21,1.10382E+16,4.93948E+16
74280,74281,9,2,77,154,2016,6,13,5,3,5,3,0,0,0,1,0,0,0,0,7.84887E+20,5.35652E+21,1.28416E+16,4.82976E+16
74281,74282,9,1,73,123,2016,6,6,4,3,4,6,0,0,0,1,0,0,0,0,6.77538E+20,5.29971E+21,1.13721E+16,4.78262E+16
74282,74283,9,7,73,146,2016,7,15,6,3,4,6,0,0,0,1,0,0,0,1,6.14181E+20,5.39138E+21,1.05507E+16,4.8665E+16
74283,74284,9,6,63,0,2016,7,23,6,3,5,2,2,0,0,1,0,0,0,0,5.66628E+20,5.51675E+21,9.92585E+15,4.97995E+16
74284,74285,9,1,82,125,2016,7,8,7,3,2,6,0,0,0,1,0,0,0,0,7.12615E+20,5.29672E+21,1.18388E+16,4.77887E+16
74285,74286,9,5,74,123,2016,6,17,4,3,0,1,0,0,0,0,0,1,0,0,6.60715E+20,5.47144E+21,1.1214E+16,4.93744E+16
74286,74287,9,7,74,111,2016,6,13,4,3,9,6,0,0,0,1,0,0,0,0,6.03075E+20,5.33821E+21,1.03869E+16,4.81888E+16
74287,74288,9,1,86,152,2016,7,16,7,3,2,6,0,0,0,1,0,0,0,0,6.91334E+20,5.37335E+21,1.15894E+16,4.84841E+16
74288,74289,9,1,90,114,2016,7,18,6,3,8,7,0,0,0,0,0,1,0,0,6.33368E+20,5.2885E+21,1.07789E+16,4.77361E+16
74289,74290,9,1,82,132,2016,7,11,6,3,0,7,0,0,0,1,0,0,0,1,7.0808E+20,5.28619E+21,1.17733E+16,4.76955E+16
74290,74291,9,3,75,180,2016,7,22,6,3,0,7,2,0,0,0,0,1,0,0,7.25583E+20,5.42688E+21,1.20815E+16,4.89536E+16
74291,74292,9,1,87,164,2016,6,15,5,3,2,2,0,0,0,1,0,0,0,0,7.35477E+20,5.32109E+21,1.21569E+16,4.79997E+16
74292,74293,9,1,74,115,2016,7,14,6,3,2,6,0,0,0,1,0,0,0,0,6.82416E+20,5.35068E+21,1.1459E+16,4.8283E+16
74293,74294,9,7,72,163,2016,6,18,5,3,2,6,0,1,0,1,0,0,0,0,6.3889E+20,5.34942E+21,1.08722E+16,4.82827E+16
74294,74295,9,4,71,123,2016,6,15,5,3,4,6,0,0,0,1,0,0,0,0,6.46027E+20,5.51864E+21,1.10293E+16,4.98024E+16
74295,74296,9,7,61,0,2016,6,6,3,3,0,3,0,0,1,1,0,0,0,0,6.43478E+20,5.36145E+21,1.09381E+16,4.83898E+16
74296,74297,9,4,77,128,2016,7,10,6,3,2,6,0,0,0,1,0,0,0,1,6.77541E+20,5.55411E+21,1.14832E+16,5.01127E+16
74297,74298,9,1,63,0,2016,6,22,5,3,4,2,2,1,0,1,0,0,0,0,7.34275E+20,5.30453E+21,1.21318E+16,4.78513E+16
74298,74299,9,1,79,123,2016,7,6,6,3,0,7,0,0,0,0,0,1,0,0,6.78733E+20,5.33285E+21,1.14019E+16,4.81238E+16
74299,74300,9,7,75,162,2016,6,11,5,3,5,3,0,0,1,1,0,0,0,0,5.79957E+20,5.34768E+21,1.00777E+16,4.82773E+16
74300,74301,9,5,64,0,2016,6,21,5,3,0,7,2,0,0,0,0,1,0,0,6.47579E+20,5.47541E+21,1.10346E+16,4.94134E+16
74301,74302,9,4,73,121,2016,6,20,5,2,8,6,0,0,0,1,0,0,0,0,6.46269E+20,5.56606E+21,1.10508E+16,5.02286E+16
74302,74303,9,7,61,0,2016,6,6,3,2,5,3,0,0,1,0,0,0,0,0,6.43017E+20,5.35758E+21,1.09306E+16,4.83552E+16
74303,74304,9,1,90,141,2016,6,13,5,2,0,2,0,1,1,1,0,0,0,0,6.77706E+20,5.29207E+21,1.13712E+16,4.77575E+16
74304,74305,9,1,73,133,2016,6,16,4,3,8,1,0,0,0,0,0,1,0,0,6.76993E+20,5.27822E+21,1.13561E+16,4.76332E+16
74305,74306,9,5,64,0,2016,6,14,4,3,2,6,0,0,0,1,0,0,0,0,6.47906E+20,5.47674E+21,1.10397E+16,4.94254E+16
74306,74307,9,7,72,159,2016,7,13,6,3,4,3,0,0,1,1,0,0,0,0,6.25438E+20,5.35895E+21,1.06938E+16,4.83712E+16
74307,74308,9,6,78,115,2016,7,13,6,3,0,3,0,0,1,1,0,0,0,0,5.84845E+20,5.54075E+21,1.01842E+16,5.0013E+16
74308,74309,9,1,76,118,2016,7,14,7,2,9,1,0,1,0,1,0,0,0,0,6.6673E+20,5.40762E+21,1.12705E+16,4.87992E+16
74309,74310,9,5,64,0,2016,6,8,4,3,5,2,0,0,1,0,0,0,0,1,6.5251E+20,5.47754E+21,1.11034E+16,4.94314E+16
74310,74311,9,7,74,174,2016,6,6,4,2,5,3,0,0,0,1,0,0,0,0,5.99432E+20,5.36814E+21,1.03449E+16,4.84585E+16
74311,74312,9,1,84,119,2016,7,15,6,3,1,6,0,0,0,1,0,0,0,0,6.9759E+20,5.34952E+21,1.16628E+16,4.82681E+16
74312,74313,9,1,89,152,2016,7,13,6,2,5,3,0,0,0,1,0,0,0,0,7.82343E+20,5.32656E+21,1.27875E+16,4.80298E+16
74313,74314,9,3,73,147,2016,7,22,6,2,5,3,2,0,0,1,0,1,0,0,6.796E+20,5.46106E+21,1.14693E+16,4.92759E+16
74314,74315,9,1,87,168,2016,6,18,5,2,0,7,0,0,1,0,1,0,0,0,7.49666E+20,5.30656E+21,1.23383E+16,4.78638E+16
74315,74316,9,1,78,142,2016,7,6,6,3,8,7,0,0,0,1,0,0,0,0,7.1384E+20,5.37578E+21,1.18948E+16,4.84987E+16
74316,74317,9,7,71,130,2016,6,8,5,3,5,3,0,1,0,1,0,1,0,0,6.47104E+20,5.35733E+21,1.09856E+16,4.8352E+16
74317,74318,9,1,72,134,2016,6,18,5,3,2,2,0,0,0,1,0,0,0,1,7.84085E+20,5.30831E+21,1.27987E+16,4.78652E+16
74318,74319,9,2,76,120,2016,6,14,5,3,5,2,0,1,0,1,0,0,0,1,7.95638E+20,5.445E+21,1.30495E+16,4.90867E+16
74319,74320,9,1,89,159,2016,6,7,4,3,2,6,0,0,0,1,0,0,0,0,7.61648E+20,5.30401E+21,1.24967E+16,4.78361E+16
74320,74321,9,5,64,0,2016,6,6,4,3,0,1,0,0,0,0,0,1,0,0,6.47596E+20,5.47934E+21,1.10363E+16,4.94488E+16
74321,74322,9,1,75,132,2016,6,16,5,3,5,3,0,0,0,1,0,0,0,0,7.07797E+20,5.33356E+21,1.17923E+16,4.81214E+16
74322,74323,9,5,74,123,2016,7,8,6,3,3,6,0,0,0,1,0,0,1,0,6.61594E+20,5.47914E+21,1.12292E+16,4.94434E+16
74323,74324,9,6,71,113,2016,7,13,6,3,8,1,0,0,0,0,0,1,0,0,5.16352E+20,5.54546E+21,9.22846E+15,5.00612E+16
74324,74325,9,1,89,118,2016,6,14,5,3,9,7,0,0,0,1,0,0,0,0,7.83296E+20,5.32123E+21,1.27967E+16,4.79816E+16
74325,74326,9,1,83,148,2016,6,16,4,3,1,6,0,0,0,1,0,0,0,0,7.53951E+20,5.34553E+21,1.24186E+16,4.82121E+16
74326,74327,9,5,64,0,2016,6,16,4,3,2,6,0,0,0,1,0,0,0,0,6.52949E+20,5.47599E+21,1.11089E+16,4.94174E+16
74327,74328,9,1,79,145,2016,6,14,5,3,5,3,0,0,0,1,0,0,0,0,6.73751E+20,5.33623E+21,1.13363E+16,4.81555E+16
74328,74329,9,6,71,122,2016,7,17,6,3,8,7,0,0,1,1,0,0,0,0,5.05481E+20,5.52999E+21,9.07636E+15,4.99222E+16
74329,74330,9,1,74,126,2016,7,13,7,3,1,6,0,1,0,1,0,0,0,0,6.83232E+20,5.34434E+21,1.14672E+16,4.82258E+16
74330,74331,9,7,74,122,2016,6,6,4,2,8,1,0,0,0,1,0,0,0,0,6.11435E+20,5.35581E+21,1.0504E+16,4.83457E+16
74331,74332,9,7,64,0,2016,7,7,6,3,1,3,0,0,1,1,0,0,0,0,5.89171E+20,5.31649E+21,1.01953E+16,4.79955E+16
74332,74333,9,2,73,164,2016,7,0,7,3,8,1,2,0,0,1,0,0,0,0,6.96772E+20,5.425E+21,1.16875E+16,4.89466E+16
74333,74334,9,3,61,0,2016,7,20,6,3,5,3,1,0,1,1,0,0,0,0,7.08997E+20,5.48107E+21,1.18834E+16,4.94464E+16
74334,74335,9,1,89,140,2016,6,8,4,3,5,2,0,0,0,1,0,0,0,0,7.73909E+20,5.2962E+21,1.26553E+16,4.77609E+16
74335,74336,9,5,64,0,2016,6,10,4,3,2,6,0,0,0,1,0,0,1,0,6.50555E+20,5.47741E+21,1.10764E+16,4.94307E+16
74336,74337,9,7,77,158,2016,6,11,4,2,8,1,0,0,0,0,0,1,0,0,6.18206E+20,5.3125E+21,1.05833E+16,4.79549E+16
74337,74338,9,1,72,122,2016,7,3,6,3,2,6,2,0,1,1,0,0,0,0,7.93957E+20,5.31706E+21,1.29364E+16,4.79393E+16
74338,74339,9,5,64,0,2016,7,19,6,3,6,4,1,0,0,1,1,0,0,0,6.47781E+20,5.4778E+21,1.10383E+16,4.94349E+16
74339,74340,9,7,63,0,2016,7,15,6,3,1,6,0,0,0,1,0,0,0,0,5.99698E+20,5.28994E+21,1.03302E+16,4.77551E+16
74340,74341,9,6,71,130,2016,6,17,5,3,2,6,0,0,0,1,0,0,0,0,5.16135E+20,5.53896E+21,9.22515E+15,5.00027E+16
74341,74342,9,7,76,115,2016,7,12,6,2,4,2,0,0,0,1,0,1,0,1,5.60153E+20,5.27541E+21,9.80067E+15,4.76293E+16
74342,74343,9,1,89,114,2016,7,10,7,3,0,7,0,0,1,0,0,0,0,0,7.64171E+20,5.31013E+21,1.25341E+16,4.78901E+16
74343,74344,9,2,77,138,2016,7,18,6,2,9,6,0,0,1,0,0,1,0,1,7.93586E+20,5.37123E+21,1.29688E+16,4.84257E+16
74344,74345,9,6,78,150,2016,6,17,5,3,3,6,0,0,0,1,0,0,0,0,5.88733E+20,5.52901E+21,1.02358E+16,4.99069E+16
74345,74346,9,1,89,130,2016,6,15,4,2,1,6,0,0,0,1,0,0,0,1,7.69994E+20,5.31243E+21,1.26133E+16,4.79083E+16
74346,74347,9,1,72,117,2016,6,10,4,2,0,1,0,0,1,0,0,0,0,0,7.97885E+20,5.282E+21,1.29648E+16,4.76229E+16
74347,74348,9,5,77,173,2016,6,18,4,3,2,2,0,0,0,1,0,1,0,0,6.40256E+20,5.42442E+21,1.0916E+16,4.89568E+16
74348,74349,9,7,80,132,2016,6,7,4,3,5,2,0,0,1,1,0,0,0,0,5.76713E+20,5.26621E+21,1.00195E+16,4.75448E+16
74349,74350,9,2,77,111,2016,7,15,6,2,3,7,0,0,1,0,1,0,1,0,7.81083E+20,5.3859E+21,1.28101E+16,4.85631E+16
74350,74351,9,1,71,127,2016,7,7,6,3,4,6,0,0,0,1,0,0,0,0,7.69521E+20,5.35676E+21,1.2635E+16,4.83066E+16
74351,74352,9,4,75,174,2016,7,6,6,3,2,6,0,0,0,1,0,0,0,0,7.00828E+20,5.56072E+21,1.18121E+16,5.01646E+16
74352,74353,9,1,82,120,2016,6,13,5,3,2,6,0,0,0,1,0,0,1,0,7.01644E+20,5.30682E+21,1.16972E+16,4.7883E+16
74353,74354,9,1,76,114,2016,7,8,6,2,5,3,0,0,0,1,0,0,0,0,6.83264E+20,5.43199E+21,1.15064E+16,4.90135E+16
74354,74355,9,1,75,137,2016,7,12,6,3,2,6,0,0,0,1,0,0,0,0,7.27039E+20,5.33015E+21,1.20487E+16,4.80842E+16
74355,74356,9,5,72,115,2016,6,16,5,3,5,2,0,0,0,1,0,0,0,0,6.47725E+20,5.50458E+21,1.10476E+16,4.96757E+16
74356,74357,9,5,71,192,2016,6,17,5,3,2,6,0,0,0,1,0,0,0,0,6.14848E+20,5.43351E+21,1.05716E+16,4.90438E+16
74357,74358,9,7,61,0,2016,6,10,3,3,0,1,0,0,1,0,0,0,0,0,6.41204E+20,5.35555E+21,1.09054E+16,4.83373E+16
74358,74359,9,2,73,141,2016,6,13,5,2,9,1,0,0,0,1,0,0,0,0,7.25702E+20,5.4132E+21,1.20756E+16,4.88308E+16
74359,74360,9,1,87,169,2016,6,17,4,3,0,7,0,0,1,0,0,0,0,0,7.36258E+20,5.30118E+21,1.21564E+16,4.78205E+16
74360,74361,9,5,75,150,2016,6,9,4,3,0,1,0,0,0,1,0,1,0,0,6.15098E+20,5.49982E+21,1.05942E+16,4.96399E+16
74361,74362,9,7,71,122,2016,7,17,6,3,2,6,0,0,0,1,0,0,0,0,6.48932E+20,5.36269E+21,1.10122E+16,4.83997E+16
74362,74363,9,6,73,123,2016,7,21,6,3,8,1,1,0,1,0,0,0,0,0,5.82076E+20,5.59621E+21,1.01576E+16,5.05121E+16
74363,74364,9,1,82,136,2016,7,14,7,3,8,1,0,1,0,1,0,0,0,0,7.03239E+20,5.30326E+21,1.17168E+16,4.78505E+16
74364,74365,9,5,71,115,2016,6,15,4,3,2,6,0,0,0,1,0,0,0,0,6.122E+20,5.44489E+21,1.05385E+16,4.91466E+16
74365,74366,9,2,62,0,2016,6,16,5,3,5,3,0,0,0,1,0,1,0,0,8.25729E+20,5.38955E+21,1.34164E+16,4.85742E+16
74366,74367,9,1,87,182,2016,6,13,4,3,2,2,0,0,0,0,0,0,1,1,7.41699E+20,5.32867E+21,1.22444E+16,4.80654E+16
74367,74368,9,7,77,166,2016,7,17,6,3,2,6,0,0,0,1,0,0,0,1,6.27009E+20,5.27921E+21,1.06914E+16,4.76538E+16
74368,74369,9,7,61,0,2016,7,6,6,3,5,3,0,0,1,1,0,0,0,0,6.40837E+20,5.36048E+21,1.09021E+16,4.83818E+16
74369,74370,9,4,75,127,2016,6,22,4,1,6,4,2,0,0,0,1,0,1,0,7.14985E+20,5.57974E+21,1.20208E+16,5.03305E+16
74370,74371,9,7,77,173,2016,6,23,4,3,9,1,2,0,0,1,0,0,0,0,6.36157E+20,5.27596E+21,1.08121E+16,4.76227E+16
74371,74372,9,2,74,126,2016,7,17,6,3,5,2,0,0,0,1,0,0,0,0,7.33414E+20,5.38264E+21,1.21632E+16,4.85533E+16
74372,74373,9,1,87,157,2016,7,16,6,3,2,2,0,0,1,1,0,0,0,0,7.39158E+20,5.28199E+21,1.21846E+16,4.76471E+16
74373,74374,9,4,74,121,2016,7,16,6,3,1,6,0,0,0,1,0,0,0,1,6.5724E+20,5.51646E+21,1.11842E+16,4.978E+16
74374,74375,9,1,82,132,2016,6,18,5,3,0,1,0,0,1,0,0,0,0,0,7.07036E+20,5.28709E+21,1.17598E+16,4.7704E+16
74375,74376,9,1,81,131,2016,7,15,6,3,5,3,0,0,1,1,0,0,0,0,6.34363E+20,5.33436E+21,1.08064E+16,4.81483E+16
74376,74377,9,7,77,151,2016,6,7,5,3,9,1,0,1,0,1,0,0,0,0,6.20833E+20,5.28671E+21,1.06112E+16,4.77224E+16
74377,74378,9,4,62,0,2016,6,12,5,3,3,6,0,0,0,1,0,0,0,0,6.85333E+20,5.53588E+21,1.15833E+16,4.99465E+16
74378,74379,9,7,61,0,2016,6,10,3,3,2,6,0,0,0,1,0,0,0,1,6.37518E+20,5.35231E+21,1.08546E+16,4.8309E+16
74379,74380,9,1,89,157,2016,6,11,5,3,5,3,0,0,1,1,0,0,0,0,7.65394E+20,5.32565E+21,1.256E+16,4.8029E+16
74380,74381,9,1,87,170,2016,6,16,4,2,0,1,0,0,1,0,0,0,0,0,7.3222E+20,5.31989E+21,1.21126E+16,4.79901E+16
74381,74382,9,4,79,169,2016,6,7,4,3,0,3,0,0,1,1,0,0,0,0,7.1423E+20,5.54668E+21,1.19916E+16,5.00339E+16
74382,74383,9,7,71,111,2016,7,23,6,3,5,3,2,0,0,1,0,0,0,0,6.59403E+20,5.35938E+21,1.11523E+16,4.83675E+16
74383,74384,9,6,78,123,2016,7,22,6,3,2,6,2,0,0,1,0,0,0,0,5.86337E+20,5.55047E+21,1.02072E+16,5.01002E+16
74384,74385,9,1,81,121,2016,7,20,7,3,5,3,0,1,0,1,0,0,0,1,6.36335E+20,5.31089E+21,1.08255E+16,4.79368E+16
74385,74386,9,7,77,173,2016,6,12,4,3,8,1,0,0,1,0,0,0,0,0,6.33809E+20,5.27822E+21,1.07816E+16,4.76435E+16
74386,74387,9,7,75,152,2016,7,16,6,3,9,7,0,0,0,1,0,0,0,0,5.78579E+20,5.3537E+21,1.00602E+16,4.83316E+16
74387,74388,9,3,76,161,2016,7,18,6,2,2,6,0,0,1,1,0,0,0,0,7.26662E+20,5.46693E+21,1.21187E+16,4.9313E+16
74388,74389,9,7,61,0,2016,6,21,5,3,5,3,2,0,0,1,0,0,0,0,6.42785E+20,5.3598E+21,1.09282E+16,4.83752E+16
74389,74390,9,7,79,131,2016,6,17,4,2,3,7,0,0,0,1,0,0,1,0,6.29166E+20,5.39659E+21,1.07558E+16,4.87089E+16
74390,74391,9,1,62,0,2016,7,13,6,3,2,6,0,0,0,1,0,1,0,0,6.92068E+20,5.34045E+21,1.15843E+16,4.81882E+16
74391,74392,9,1,80,123,2016,7,16,6,3,2,6,0,0,0,1,0,0,0,0,6.71427E+20,5.26297E+21,1.12761E+16,4.74976E+16
74392,74393,9,1,85,158,2016,7,13,6,3,5,3,0,0,1,1,0,0,0,0,6.66244E+20,5.38146E+21,1.12534E+16,4.85641E+16
74393,74394,9,3,72,153,2016,7,7,6,3,2,6,0,0,0,1,0,0,0,0,7.564E+20,5.45527E+21,1.25197E+16,4.91965E+16
74394,74395,9,1,61,0,2016,6,17,5,3,5,3,0,0,1,1,0,0,0,0,6.77359E+20,5.40597E+21,1.14144E+16,4.87814E+16
74395,74396,9,1,78,143,2016,7,13,6,3,2,6,0,0,0,1,0,0,0,0,7.21055E+20,5.37397E+21,1.19914E+16,4.848E+16
74396,74397,9,7,72,147,2016,6,23,5,2,9,1,2,1,0,1,0,0,0,0,6.34237E+20,5.36449E+21,1.08143E+16,4.84192E+16
74397,74398,9,3,62,0,2016,6,12,5,3,2,6,0,0,0,1,0,0,1,0,7.2513E+20,5.43535E+21,1.208E+16,4.90299E+16
74398,74399,9,1,87,168,2016,6,16,4,3,2,6,0,0,0,1,0,0,0,0,7.49256E+20,5.30885E+21,1.23342E+16,4.78845E+16
74399,74400,9,4,79,127,2016,6,21,4,2,8,7,2,0,1,0,0,0,0,0,7.30512E+20,5.55425E+21,1.22231E+16,5.00958E+16
74400,74401,9,1,79,123,2016,6,5,5,3,5,3,1,1,0,1,0,0,0,0,6.75955E+20,5.33356E+21,1.13649E+16,4.81309E+16
74401,74402,9,6,76,143,2016,7,16,6,2,5,3,0,0,0,1,0,0,0,0,5.28236E+20,5.50626E+21,9.39162E+15,4.97082E+16