FID,OBJECTID,ULAND,UREGBEZ,UKREIS,UGEMEINDE,UJAHR,UMONAT,USTUNDE,UWOCHENTAG,UKATEGORIE,UART,UTYP1,ULICHTVERH,IstStrasse,IstRad,IstPKW,IstFuss,IstKrad,IstGkfz,IstSonstig,LINREFX,LINREFY,XGCSWGS84,YGCSWGS84
74402,74403,9,7,73,143,2016,6,14,4,3,4,3,0,0,0,1,0,0,0,0,6.25107E+20,5.3768E+21,1.06947E+16,4.85319E+16
74403,74404,9,7,80,143,2016,7,4,6,3,2,6,1,0,0,1,0,0,0,0,5.95766E+20,5.2742E+21,1.02743E+16,4.76141E+16
74404,74405,9,1,80,115,2016,7,15,7,3,4,1,0,1,0,0,0,1,0,1,6.58046E+20,5.26981E+21,1.11011E+16,4.75625E+16
74405,74406,9,2,71,146,2016,7,13,6,2,5,3,0,0,1,1,0,0,0,0,7.85451E+20,5.41076E+21,1.28863E+16,4.87843E+16
74406,74407,9,6,79,134,2016,6,15,5,1,5,3,0,0,0,1,0,0,0,0,5.7213E+20,5.49565E+21,9.9984E+15,4.96091E+16
74407,74408,9,1,61,0,2016,6,23,4,3,0,7,2,0,1,0,0,0,0,1,6.76489E+20,5.40782E+21,1.14033E+16,4.87983E+16
74408,74409,9,4,79,158,2016,6,7,4,3,5,3,0,1,0,1,0,0,1,0,7.21594E+20,5.55146E+21,1.2097E+16,5.0074E+16
74409,74410,9,7,72,202,2016,6,12,4,3,2,6,0,0,0,1,0,0,1,0,6.37242E+20,5.35821E+21,1.08529E+16,4.83621E+16
74410,74411,9,1,76,131,2016,6,21,4,2,9,1,1,0,0,0,0,0,0,1,6.806E+20,5.41151E+21,1.14609E+16,4.88302E+16
74411,74412,9,4,73,132,2016,6,13,4,3,5,3,0,0,0,1,0,0,1,0,6.38802E+20,5.55996E+21,1.09439E+16,5.01756E+16
74412,74413,9,5,64,0,2016,7,18,6,3,2,6,0,0,0,1,0,0,0,0,6.48665E+20,5.4791E+21,1.1051E+16,4.94464E+16
74413,74414,9,5,72,131,2016,7,16,6,3,2,6,0,0,0,1,0,0,0,0,6.53919E+20,5.48556E+21,1.11259E+16,4.95032E+16
74414,74415,9,7,76,114,2016,7,20,6,3,5,3,0,0,0,1,0,1,0,0,5.69706E+20,5.27421E+21,9.92762E+15,4.76175E+16
74415,74416,9,1,87,142,2016,7,1,7,3,8,1,2,1,0,1,0,0,0,0,7.33367E+20,5.30911E+21,1.21221E+16,4.78928E+16
74416,74417,9,2,75,124,2016,7,16,6,3,5,3,0,0,0,1,0,1,0,0,8.10524E+20,5.38367E+21,1.32064E+16,4.85292E+16
74417,74418,9,6,78,186,2016,6,18,5,3,9,1,0,0,0,1,0,0,0,0,5.92628E+20,5.55193E+21,1.02955E+16,5.01124E+16
74418,74419,9,2,71,119,2016,6,13,5,3,2,6,0,1,0,1,0,0,1,0,7.87726E+20,5.41511E+21,1.29202E+16,4.88222E+16
74419,74420,9,1,76,149,2016,6,16,4,2,2,6,0,0,0,1,0,0,0,0,6.60702E+20,5.40839E+21,1.11888E+16,4.88077E+16
74420,74421,9,1,81,130,2016,6,7,4,3,3,2,0,1,1,1,0,0,0,0,6.38969E+20,5.32268E+21,1.08645E+16,4.80422E+16
74421,74422,9,4,73,138,2016,6,12,4,3,5,2,0,0,0,1,0,0,0,1,6.33622E+20,5.55699E+21,1.08704E+16,5.01501E+16
74422,74423,9,7,72,131,2016,6,5,4,3,0,7,0,0,0,0,0,1,0,0,6.21691E+20,5.35697E+21,1.06426E+16,4.83542E+16
74423,74424,9,2,74,176,2016,7,13,6,3,2,6,0,0,0,1,0,0,0,0,7.22408E+20,5.39939E+21,1.20233E+16,4.87078E+16
74424,74425,9,1,87,177,2016,7,11,6,2,3,6,0,0,1,0,0,0,0,0,7.34993E+20,5.30506E+21,1.21416E+16,4.78559E+16
74425,74426,9,4,78,116,2016,7,6,6,2,6,4,0,0,0,1,1,0,0,0,6.60483E+20,5.55654E+21,1.12459E+16,5.01393E+16
74426,74427,9,1,61,0,2016,6,20,5,3,5,3,0,0,1,1,0,0,0,0,6.7789E+20,5.4024E+21,1.14201E+16,4.87492E+16
74427,74428,9,1,79,123,2016,7,10,6,3,8,1,0,0,0,1,0,0,0,0,6.74468E+20,5.33092E+21,1.13438E+16,4.81077E+16
74428,74429,9,7,75,152,2016,6,8,5,3,2,6,0,1,0,1,0,0,0,0,5.78212E+20,5.35156E+21,1.00549E+16,4.83124E+16
74429,74430,9,2,79,134,2016,7,16,6,3,9,3,0,0,0,0,0,1,0,1,7.71393E+20,5.38021E+21,1.26753E+16,4.85163E+16
74430,74431,9,1,72,116,2016,7,20,6,2,5,3,0,0,0,1,0,0,0,0,8.00934E+20,5.28301E+21,1.3006E+16,4.76305E+16
74431,74432,9,5,77,136,2016,7,16,6,3,2,6,0,0,0,1,0,0,0,0,6.28299E+20,5.4402E+21,1.07577E+16,4.91012E+16
74432,74433,9,1,61,0,2016,7,7,6,3,1,6,0,0,0,1,0,1,0,0,6.82542E+20,5.40519E+21,1.14845E+16,4.87729E+16
74433,74434,9,5,65,0,2016,6,7,5,3,8,1,0,0,0,0,0,0,0,1,6.48723E+20,5.46525E+21,1.10466E+16,4.93218E+16
74434,74435,9,5,64,0,2016,6,18,5,3,2,6,0,0,0,1,0,0,0,1,6.51723E+20,5.47738E+21,1.10925E+16,4.94302E+16
74435,74436,9,2,79,137,2016,6,17,5,3,8,1,0,0,0,1,0,0,0,0,7.74424E+20,5.40487E+21,1.27326E+16,4.87363E+16
74436,74437,9,1,81,124,2016,6,20,4,3,4,6,0,0,0,1,0,0,1,0,6.46468E+20,5.31727E+21,1.09632E+16,4.7992E+16
74437,74438,9,7,79,224,2016,7,17,6,2,0,7,0,0,1,1,0,0,0,0,6.08124E+20,5.41459E+21,1.04746E+16,4.88748E+16
74438,74439,9,6,79,143,2016,7,14,6,3,8,1,0,0,0,0,0,0,0,1,5.75217E+20,5.53239E+21,1.00482E+16,4.99391E+16
74439,74440,9,1,87,170,2016,7,18,7,2,4,6,0,1,0,1,0,0,0,0,7.33533E+20,5.31735E+21,1.21288E+16,4.79668E+16
74440,74441,9,4,72,119,2016,6,8,4,2,8,1,0,1,0,1,0,0,0,0,6.89118E+20,5.5395E+21,1.16378E+16,4.99778E+16
74441,74442,9,7,72,209,2016,6,18,4,3,2,6,0,0,0,1,0,0,0,0,6.3473E+20,5.33573E+21,1.08118E+16,4.81606E+16
74442,74443,9,1,84,118,2016,7,13,7,3,1,7,0,0,0,1,0,0,0,0,7.02838E+20,5.33573E+21,1.17268E+16,4.81424E+16
74443,74444,9,1,90,121,2016,7,14,6,3,2,6,0,0,0,1,0,0,0,0,6.64305E+20,5.29018E+21,1.11918E+16,4.7744E+16
74444,74445,9,1,82,116,2016,7,7,6,2,4,7,0,0,1,0,1,0,0,0,7.0531E+20,5.29207E+21,1.17392E+16,4.77493E+16
74445,74446,9,3,77,129,2016,7,20,6,3,4,2,0,0,0,1,0,0,0,0,7.07338E+20,5.52919E+21,1.1886E+16,4.98792E+16
74446,74447,9,1,61,0,2016,6,18,5,3,2,6,0,0,0,1,0,0,0,0,6.7645E+20,5.40981E+21,1.14037E+16,4.88162E+16
74447,74448,9,1,74,115,2016,7,20,6,2,5,3,0,0,0,1,0,0,0,1,6.81844E+20,5.34643E+21,1.14494E+16,4.8245E+16
74448,74449,9,7,79,203,2016,6,11,5,2,0,1,0,1,1,0,0,0,0,0,6.12528E+20,5.40993E+21,1.05334E+16,4.88321E+16
74449,74450,9,4,74,176,2016,6,10,5,2,5,2,0,0,0,1,0,0,1,0,6.65148E+20,5.52012E+21,1.12955E+16,4.98108E+16
74450,74451,9,7,71,112,2016,6,15,3,3,2,2,0,0,0,1,0,1,0,0,6.46492E+20,5.36916E+21,1.09815E+16,4.84585E+16
74451,74452,9,1,89,145,2016,6,18,5,3,2,2,0,0,0,1,0,0,0,0,7.72321E+20,5.3032E+21,1.26386E+16,4.78245E+16
74452,74453,9,1,88,144,2016,6,20,4,3,0,7,0,0,1,0,0,0,0,0,6.69519E+20,5.3283E+21,1.12763E+16,4.80854E+16
74453,74454,9,4,62,0,2016,6,7,4,3,0,1,0,1,0,0,0,1,0,0,6.87091E+20,5.53778E+21,1.16087E+16,4.9963E+16
74454,74455,9,5,63,0,2016,6,8,5,2,3,7,0,1,1,1,0,0,0,0,6.43082E+20,5.48271E+21,1.09753E+16,4.94801E+16
74455,74456,9,4,75,141,2016,6,5,5,2,2,6,0,0,0,1,0,0,0,0,7.02318E+20,5.58018E+21,1.18433E+16,5.03389E+16
74456,74457,9,6,75,142,2016,6,21,3,2,2,6,0,0,0,1,0,0,1,0,5.9194E+20,5.5153E+21,1.02772E+16,4.97831E+16
74457,74458,9,1,90,145,2016,6,17,5,2,0,1,0,0,1,0,0,0,0,0,6.47827E+20,5.28866E+21,1.09716E+16,4.77343E+16
74458,74459,9,1,79,121,2016,6,13,4,3,4,3,0,0,0,1,0,0,0,0,6.68399E+20,5.33806E+21,1.12652E+16,4.81734E+16
74459,74460,9,4,74,121,2016,6,19,4,2,6,6,0,0,0,1,1,0,0,0,6.56281E+20,5.51541E+21,1.11704E+16,4.97708E+16
74460,74461,9,7,72,223,2016,7,7,6,3,5,3,0,0,1,1,0,0,0,0,6.13113E+20,5.35989E+21,1.05277E+16,4.8382E+16
74461,74462,9,6,78,186,2016,7,16,6,2,3,2,0,0,0,0,0,1,0,1,5.91774E+20,5.55319E+21,1.02839E+16,5.01238E+16
74462,74463,9,1,86,122,2016,7,15,7,3,8,1,0,1,0,1,0,0,0,0,6.94208E+20,5.39629E+21,1.16389E+16,4.86894E+16
74463,74464,9,4,71,185,2016,6,15,4,2,0,7,0,0,0,0,0,1,0,0,6.52112E+20,5.53792E+21,1.11214E+16,4.99742E+16
74464,74465,9,7,61,0,2016,6,12,4,3,0,1,0,0,1,0,0,0,0,0,6.38233E+20,5.3543E+21,1.08649E+16,4.83267E+16
74465,74466,9,1,84,148,2016,7,12,6,3,4,2,0,0,0,1,0,1,0,0,6.94935E+20,5.32642E+21,1.16164E+16,4.80613E+16
74466,74467,9,1,89,143,2016,7,16,6,3,1,6,0,0,0,1,0,0,0,1,7.60329E+20,5.31472E+21,1.24856E+16,4.79329E+16
74467,74468,9,1,61,0,2016,7,7,6,3,2,6,0,0,0,1,0,0,0,0,6.74431E+20,5.40569E+21,1.13745E+16,4.87798E+16
74468,74469,9,3,73,167,2016,7,15,6,3,3,2,0,0,0,1,0,1,0,0,6.96255E+20,5.45389E+21,1.16945E+16,4.92064E+16
74469,74470,9,1,85,149,2016,6,7,5,3,4,6,0,1,1,1,0,0,0,0,6.6015E+20,5.40093E+21,1.11784E+16,4.87408E+16
74470,74471,9,1,78,145,2016,7,15,6,3,2,1,0,0,0,1,0,0,0,1,6.99738E+20,5.35645E+21,1.16949E+16,4.83297E+16
74471,74472,9,7,72,121,2016,6,18,5,3,2,6,0,1,0,1,0,0,0,0,6.36682E+20,5.37415E+21,1.08505E+16,4.85056E+16
74472,74473,9,3,73,147,2016,6,15,5,2,2,6,0,0,0,1,0,1,0,0,6.7814E+20,5.45899E+21,1.14483E+16,4.92577E+16
74473,74474,9,1,74,115,2016,6,16,4,3,5,3,0,0,0,1,0,1,0,0,6.80966E+20,5.34862E+21,1.14386E+16,4.82649E+16
74474,74475,9,4,61,0,2016,6,7,4,3,2,6,0,0,0,1,0,0,0,1,6.35267E+20,5.52607E+21,1.08825E+16,4.98717E+16
74475,74476,9,1,78,120,2016,6,19,5,3,2,6,0,0,0,1,0,0,0,0,6.94637E+20,5.35406E+21,1.16251E+16,4.83098E+16
74476,74477,9,5,76,128,2016,7,16,6,3,2,6,0,0,0,1,0,0,0,0,6.44156E+20,5.46378E+21,1.09833E+16,4.93097E+16
74477,74478,9,6,71,120,2016,7,14,6,2,5,3,0,0,0,1,0,0,0,0,5.10028E+20,5.53914E+21,9.13994E+15,5.00045E+16
74478,74479,9,7,77,151,2016,7,8,6,3,3,2,0,0,1,1,0,0,0,0,6.19828E+20,5.29225E+21,1.05994E+16,4.77724E+16
74479,74480,9,1,83,124,2016,7,10,7,3,5,3,0,0,1,1,0,0,0,0,7.54942E+20,5.34199E+21,1.24298E+16,4.81799E+16
74480,74481,9,2,75,153,2016,7,11,6,2,4,2,0,0,0,1,0,1,0,0,8.41199E+20,5.39229E+21,1.36277E+16,4.85906E+16
74481,74482,9,6,71,156,2016,7,11,6,3,2,6,0,0,0,1,0,0,0,0,5.24323E+20,5.53238E+21,9.33899E+15,4.99433E+16
74482,74483,9,1,79,130,2016,7,16,7,3,2,7,0,1,0,0,0,1,0,0,6.58611E+20,5.33725E+21,1.11333E+16,4.81687E+16
74483,74484,9,6,63,0,2016,6,13,4,3,2,6,0,0,0,1,0,0,0,0,5.64347E+20,5.51134E+21,9.89327E+15,4.97511E+16
74484,74485,9,7,78,186,2016,7,15,6,3,2,6,0,0,0,1,0,0,0,1,5.9784E+20,5.31109E+21,1.03102E+16,4.79456E+16
74485,74486,9,3,61,0,2016,7,17,6,3,4,2,0,0,0,1,0,0,0,0,7.04788E+20,5.48124E+21,1.18255E+16,4.94493E+16
74486,74487,9,1,86,122,2016,6,18,5,3,2,6,0,0,0,1,0,0,1,0,6.92785E+20,5.39481E+21,1.16189E+16,4.86766E+16
74487,74488,9,6,79,185,2016,6,8,5,3,2,6,0,0,0,1,0,0,0,0,5.73737E+20,5.51524E+21,1.00243E+16,4.97851E+16
74488,74489,9,1,78,123,2016,6,18,4,3,0,6,0,0,1,0,0,0,0,0,6.87563E+20,5.35993E+21,1.15324E+16,4.83647E+16
74489,74490,9,3,63,0,2016,6,15,4,3,0,3,0,0,1,1,0,0,0,0,7.28534E+20,5.50752E+21,1.21679E+16,4.96768E+16
74490,74491,9,6,75,113,2016,6,16,4,3,2,6,0,0,0,1,0,0,0,0,5.76629E+20,5.51319E+21,1.00641E+16,4.97663E+16
74491,74492,9,5,64,0,2016,7,16,6,3,2,6,0,0,0,1,0,0,0,0,6.5201E+20,5.48152E+21,1.1098E+16,4.94673E+16
74492,74493,9,7,76,131,2016,7,10,6,3,0,1,0,0,1,0,0,0,0,0,5.65001E+20,5.27745E+21,9.8655E+15,4.76472E+16
74493,74494,9,6,76,156,2016,6,16,5,2,0,1,0,0,0,0,0,1,0,0,5.17631E+20,5.49877E+21,9.2442E+15,4.96412E+16
74494,74495,9,2,62,0,2016,6,10,5,3,1,6,0,0,0,1,0,0,0,0,8.27636E+20,5.3898E+21,1.34423E+16,4.85755E+16
74495,74496,9,1,78,143,2016,6,18,4,3,2,6,0,0,0,1,0,0,0,0,7.17957E+20,5.37217E+21,1.19486E+16,4.84648E+16
74496,74497,9,7,62,0,2016,7,18,6,3,0,6,0,0,0,1,0,0,0,0,6.20978E+20,5.30466E+21,1.06182E+16,4.78839E+16
74497,74498,9,6,75,141,2016,6,6,5,3,2,2,0,0,0,1,0,0,0,0,5.79751E+20,5.51251E+21,1.01073E+16,4.97598E+16
74498,74499,9,1,62,0,2016,6,17,3,3,0,3,0,0,1,1,0,0,0,0,6.86185E+20,5.33522E+21,1.15029E+16,4.8143E+16
74499,74500,9,3,62,0,2016,6,16,4,3,2,6,0,0,0,1,0,0,1,0,7.25146E+20,5.43536E+21,1.20802E+16,4.903E+16
74500,74501,9,6,79,185,2016,6,15,4,3,2,6,0,0,0,1,0,0,0,0,5.75642E+20,5.51476E+21,1.00507E+16,4.97805E+16
74501,74502,9,2,77,133,2016,7,11,6,2,0,7,0,0,1,0,0,0,0,0,7.68312E+20,5.3673E+21,1.26254E+16,4.84017E+16
74502,74503,9,1,72,114,2016,7,13,6,3,2,6,0,0,0,1,0,1,0,0,7.93197E+20,5.29425E+21,1.29108E+16,4.77349E+16
74503,74504,9,5,71,180,2016,7,7,6,3,2,2,0,1,1,1,0,0,0,0,6.29913E+20,5.46059E+21,1.07864E+16,4.92843E+16
74504,74505,9,1,76,150,2016,7,18,6,3,2,6,0,0,0,1,0,1,0,0,6.89847E+20,5.41182E+21,1.15869E+16,4.88303E+16
74505,74506,9,5,72,115,2016,6,8,5,3,5,3,0,0,1,1,0,0,0,0,6.46921E+20,5.50267E+21,1.10357E+16,4.96586E+16
74506,74507,9,5,64,0,2016,6,17,5,3,3,6,0,0,0,1,0,0,0,0,6.505E+20,5.47737E+21,1.10756E+16,4.94304E+16
74507,74508,9,2,74,146,2016,6,16,5,3,2,6,0,0,0,1,0,0,0,0,7.33281E+20,5.37481E+21,1.21571E+16,4.84831E+16
74508,74509,9,1,62,0,2016,6,17,3,3,5,2,0,0,1,1,0,0,0,0,6.98804E+20,5.33305E+21,1.16714E+16,4.81197E+16
74509,74510,9,7,71,130,2016,7,19,6,3,2,6,0,0,0,1,0,0,0,0,6.47336E+20,5.36281E+21,1.09907E+16,4.84012E+16
74510,74511,9,6,79,138,2016,7,7,6,3,5,3,0,0,0,1,0,0,1,0,5.71526E+20,5.49991E+21,9.99082E+15,4.96475E+16
74511,74512,9,1,82,125,2016,7,15,7,3,2,6,0,1,0,1,0,0,0,0,7.08985E+20,5.29603E+21,1.179E+16,4.77837E+16
74512,74513,9,3,75,170,2016,6,19,4,3,4,2,0,0,1,1,0,0,0,0,7.38657E+20,5.42509E+21,1.22587E+16,4.89326E+16
74513,74514,9,6,77,151,2016,6,21,4,3,9,1,1,0,0,1,0,0,0,0,5.39769E+20,5.51688E+21,9.55267E+15,4.9803E+16
74514,74515,9,1,75,123,2016,7,9,7,3,2,2,0,0,0,1,0,0,0,0,7.21472E+20,5.33791E+21,1.19781E+16,4.81558E+16
74515,74516,9,1,90,136,2016,7,7,6,3,8,6,0,0,0,1,0,0,0,0,6.68356E+20,5.28923E+21,1.12455E+16,4.77345E+16
74516,74517,9,1,61,0,2016,7,14,6,3,5,3,0,0,1,1,0,0,0,0,6.78819E+20,5.40615E+21,1.14343E+16,4.87826E+16
74517,74518,9,3,72,153,2016,7,18,6,3,2,2,0,0,0,1,0,0,0,0,7.56633E+20,5.4544E+21,1.25223E+16,4.91886E+16
74518,74519,9,1,76,153,2016,6,12,5,3,9,1,0,1,0,1,0,0,0,0,6.94935E+20,5.4108E+21,1.16557E+16,4.88195E+16
74519,74520,9,7,72,125,2016,7,14,6,3,5,3,0,0,1,1,0,0,0,0,6.36207E+20,5.34816E+21,1.08356E+16,4.8272E+16
74520,74521,9,3,73,114,2016,6,15,4,2,8,1,0,0,0,0,0,1,0,0,6.75281E+20,5.45848E+21,1.14088E+16,4.92539E+16
74521,74522,9,6,77,157,2016,6,10,4,3,7,7,0,0,0,0,0,1,0,0,5.43585E+20,5.52266E+21,9.60634E+15,4.98548E+16
74522,74523,9,2,61,0,2016,7,7,6,3,5,3,0,0,1,1,0,0,0,0,7.31715E+20,5.38386E+21,1.21409E+16,4.8565E+16
74523,74524,9,1,82,131,2016,7,15,6,3,0,7,0,0,1,1,0,0,0,0,7.1667E+20,5.28402E+21,1.18865E+16,4.76733E+16
74524,74525,9,4,74,140,2016,7,9,6,2,0,2,0,0,1,1,0,0,0,0,6.6137E+20,5.49871E+21,1.12342E+16,4.96193E+16
74525,74526,9,1,84,120,2016,6,17,5,3,9,1,0,0,0,1,0,0,0,1,6.80818E+20,5.3334E+21,1.14301E+16,4.81282E+16
74526,74527,9,1,88,139,2016,7,13,6,3,5,2,0,0,1,1,0,0,0,0,6.7457E+20,5.31922E+21,1.13404E+16,4.80024E+16
74527,74528,9,7,80,144,2016,6,7,5,3,5,3,0,1,0,1,0,0,0,0,5.88345E+20,5.28108E+21,1.0177E+16,4.76771E+16
74528,74529,9,4,77,128,2016,6,9,5,3,2,6,0,0,0,1,0,0,0,0,6.74703E+20,5.55438E+21,1.14437E+16,5.01159E+16
74529,74530,9,6,79,209,2016,6,22,3,3,4,2,2,0,0,1,0,1,0,0,5.63091E+20,5.51717E+21,9.87677E+15,4.98037E+16
74530,74531,9,1,80,126,2016,6,12,5,2,9,1,0,1,0,0,0,1,0,0,6.60273E+20,5.27031E+21,1.11308E+16,4.75664E+16
74531,74532,9,7,75,164,2016,6,14,3,3,3,6,0,0,0,1,0,1,0,0,5.8555E+20,5.35096E+21,1.01537E+16,4.8306E+16
74532,74533,9,3,72,143,2016,6,18,4,3,4,2,0,0,0,1,0,0,0,0,7.73859E+20,5.45021E+21,1.27554E+16,4.91436E+16
74533,74534,9,7,72,130,2016,7,12,6,3,2,6,0,0,0,1,0,0,0,0,6.31517E+20,5.3571E+21,1.07753E+16,4.83534E+16
74534,74535,9,6,78,190,2016,7,17,6,3,4,2,0,0,0,1,0,0,0,0,5.83201E+20,5.53611E+21,1.01603E+16,4.99715E+16
74535,74536,9,1,76,114,2016,7,11,7,3,0,1,0,0,1,0,0,0,0,0,6.83443E+20,5.4331E+21,1.15093E+16,4.90235E+16
74536,74537,9,6,77,126,2016,6,6,4,2,9,1,0,1,0,1,0,0,0,0,5.38436E+20,5.52126E+21,9.53457E+15,4.98425E+16
74537,74538,9,1,62,0,2016,7,21,6,2,3,2,2,0,0,1,0,1,0,0,6.85231E+20,5.32895E+21,1.14874E+16,4.80869E+16
74538,74539,9,3,73,114,2016,7,9,6,3,2,6,0,0,0,1,0,0,0,0,6.74779E+20,5.46117E+21,1.14031E+16,4.92783E+16
74539,74540,9,1,81,115,2016,6,17,5,3,2,6,0,0,0,1,0,0,0,1,6.5775E+20,5.32713E+21,1.1118E+16,4.80779E+16
74540,74541,9,1,78,133,2016,7,18,6,3,4,6,0,0,0,1,0,0,0,0,6.87586E+20,5.36661E+21,1.15357E+16,4.84247E+16
74541,74542,9,7,71,122,2016,6,8,5,3,0,1,0,1,0,0,0,1,0,0,6.53546E+20,5.36151E+21,1.1074E+16,4.83881E+16
74542,74543,9,2,78,167,2016,6,8,5,3,1,6,0,1,0,1,0,1,0,0,7.67473E+20,5.41129E+21,1.26424E+16,4.8797E+16
74543,74544,9,1,78,143,2016,7,13,6,3,2,6,0,0,0,1,0,0,1,0,7.20357E+20,5.37259E+21,1.19812E+16,4.84678E+16
74544,74545,9,7,71,122,2016,6,18,5,3,9,1,0,1,0,1,0,0,0,0,6.51023E+20,5.36235E+21,1.10403E+16,4.83962E+16
74545,74546,9,4,61,0,2016,6,16,5,3,4,2,0,0,0,1,0,0,0,0,6.37374E+20,5.53065E+21,1.09134E+16,4.99124E+16
74546,74547,9,1,89,159,2016,6,23,5,3,0,1,2,0,1,0,0,0,0,0,7.60572E+20,5.30217E+21,1.24813E+16,4.78201E+16
74547,74548,9,7,74,185,2016,6,13,3,3,2,2,0,0,0,1,0,0,1,0,6.08584E+20,5.34836E+21,1.04636E+16,4.82791E+16
74548,74549,9,3,72,174,2016,6,23,4,3,4,6,2,0,0,1,0,0,0,0,7.72421E+20,5.46289E+21,1.27443E+16,4.92581E+16
74549,74550,9,1,88,121,2016,6,10,5,3,0,7,0,1,1,0,0,0,0,0,6.71406E+20,5.33081E+21,1.13027E+16,4.81075E+16
74550,74551,9,6,76,121,2016,7,14,6,2,4,6,0,0,0,1,0,0,0,0,5.15271E+20,5.51972E+21,9.21234E+15,4.98298E+16
74551,74552,9,1,84,118,2016,7,13,7,2,3,7,0,0,0,1,0,0,0,0,7.02886E+20,5.33574E+21,1.17274E+16,4.81425E+16
74552,74553,9,6,77,119,2016,6,20,4,2,8,1,1,0,0,1,0,0,0,0,5.51175E+20,5.52308E+21,9.71197E+15,4.9858E+16
74553,74554,9,7,78,169,2016,7,21,6,3,5,3,1,0,0,1,0,1,0,0,6.18066E+20,5.33251E+21,1.05869E+16,4.81349E+16
74554,74555,9,2,79,112,2016,7,15,7,2,5,2,0,0,0,1,0,0,0,0,7.57042E+20,5.39028E+21,1.24876E+16,4.86127E+16
74555,74556,9,2,78,144,2016,7,18,6,2,0,1,0,0,0,0,0,1,0,0,7.42335E+20,5.41319E+21,1.23018E+16,4.88244E+16
74556,74557,9,6,79,202,2016,6,17,5,2,5,3,0,0,0,1,0,1,0,0,5.65119E+20,5.52079E+21,9.90556E+15,4.9836E+16
74557,74558,9,7,80,123,2016,6,17,3,3,9,1,0,0,0,1,0,0,0,0,6.01219E+20,5.26194E+21,1.03441E+16,4.75031E+16
74558,74559,9,3,76,119,2016,6,22,4,3,1,7,2,0,0,1,0,1,0,0,7.21183E+20,5.45522E+21,1.2037E+16,4.92098E+16
74559,74560,9,6,75,174,2016,6,21,4,3,5,3,1,0,1,1,0,0,0,0,5.88102E+20,5.52713E+21,1.02265E+16,4.98901E+16
74560,74561,9,2,79,135,2016,7,21,6,3,8,7,2,0,1,0,0,0,0,0,7.69992E+20,5.38268E+21,1.2658E+16,4.85391E+16
74561,74562,9,1,72,111,2016,7,14,6,2,5,3,0,0,0,1,0,1,0,0,7.95822E+20,5.30469E+21,1.29528E+16,4.78274E+16
74562,74563,9,5,61,0,2016,7,12,6,3,8,7,0,0,0,1,0,0,0,0,6.11435E+20,5.45789E+21,1.05317E+16,4.92636E+16
74563,74564,9,7,62,0,2016,7,16,6,3,1,5,0,0,0,1,0,0,0,0,6.22158E+20,5.30743E+21,1.06347E+16,4.79086E+16
74564,74565,9,7,72,200,2016,6,16,3,2,2,6,0,0,1,1,0,0,0,0,6.32065E+20,5.33665E+21,1.07763E+16,4.81694E+16
74565,74566,9,2,78,148,2016,6,18,4,3,5,3,0,0,1,1,0,0,0,0,7.38846E+20,5.40769E+21,1.22512E+16,4.87763E+16
74566,74567,9,5,72,131,2016,7,14,6,2,3,7,0,0,0,1,0,1,0,0,6.54517E+20,5.48551E+21,1.11342E+16,4.95025E+16
74567,74568,9,5,72,126,2016,7,8,6,3,3,6,0,0,0,1,0,0,0,0,6.34311E+20,5.50541E+21,1.08621E+16,4.96862E+16
74568,74569,9,7,76,113,2016,7,11,6,2,2,6,0,0,0,1,0,1,0,0,5.74711E+20,5.27447E+21,9.99426E+15,4.76193E+16
74569,74570,9,1,89,152,2016,7,17,7,2,9,1,0,1,0,1,0,0,0,0,7.77423E+20,5.32525E+21,1.27208E+16,4.80203E+16
74570,74571,9,2,62,0,2016,7,17,6,2,4,2,0,0,0,1,0,0,0,0,8.2512E+20,5.38676E+21,1.3406E+16,4.85495E+16
74571,74572,9,6,78,150,2016,6,18,5,3,4,6,0,0,0,1,0,0,0,0,5.90197E+20,5.53477E+21,1.02575E+16,4.99584E+16
74572,74573,9,7,72,178,2016,6,18,3,3,4,1,0,0,0,0,0,1,0,0,6.22505E+20,5.34286E+21,1.06495E+16,4.82272E+16
74573,74574,9,7,72,185,2016,6,17,3,3,5,3,0,0,0,0,0,1,1,0,6.34697E+20,5.38474E+21,1.08271E+16,4.86012E+16
74574,74575,9,2,63,0,2016,6,7,4,3,5,2,0,0,1,1,0,0,0,0,7.61867E+20,5.41978E+21,1.25717E+16,4.88756E+16
74575,74576,9,6,77,175,2016,6,16,4,3,9,1,0,0,0,0,0,1,0,0,5.6382E+20,5.52966E+21,9.88896E+15,4.9916E+16
74576,74577,9,1,78,155,2016,7,13,6,3,2,6,0,0,0,1,0,0,0,0,7.21241E+20,5.37434E+21,1.19941E+16,4.84832E+16
74577,74578,9,1,82,137,2016,7,18,6,3,2,6,0,0,0,1,0,0,0,0,7.12986E+20,5.30474E+21,1.18477E+16,4.78607E+16
74578,74579,9,4,79,147,2016,7,13,6,3,2,6,0,0,1,1,0,0,0,0,7.32454E+20,5.5492E+21,1.22472E+16,5.00497E+16
74579,74580,9,1,74,146,2016,6,5,5,3,8,1,1,1,0,1,0,0,0,0,6.67251E+20,5.35074E+21,1.12547E+16,4.82877E+16
74580,74581,9,1,88,121,2016,7,19,6,3,2,6,0,0,0,1,0,0,0,0,6.73628E+20,5.32997E+21,1.13321E+16,4.80993E+16
74581,74582,9,1,84,149,2016,6,15,5,3,8,7,0,0,0,1,0,0,0,0,6.90325E+20,5.3505E+21,1.15654E+16,4.82791E+16