FID,OBJECTID,ULAND,UREGBEZ,UKREIS,UGEMEINDE,UJAHR,UMONAT,USTUNDE,UWOCHENTAG,UKATEGORIE,UART,UTYP1,ULICHTVERH,IstStrasse,IstRad,IstPKW,IstFuss,IstKrad,IstGkfz,IstSonstig,LINREFX,LINREFY,XGCSWGS84,YGCSWGS84
74582,74583,9,5,74,123,2016,6,19,5,2,0,1,0,0,0,0,0,1,0,0,6.60543E+20,5.47113E+21,1.12115E+16,4.93717E+16
74583,74584,9,4,64,0,2016,6,18,5,3,2,6,0,0,0,1,0,0,0,0,7.07274E+20,5.57709E+21,1.19111E+16,5.03094E+16
74584,74585,9,6,75,141,2016,6,16,3,3,2,6,0,0,0,1,0,0,0,0,5.8562E+20,5.50919E+21,1.0188E+16,4.97292E+16
74585,74586,9,2,79,116,2016,6,19,5,3,2,6,0,0,0,1,0,1,0,0,7.59888E+20,5.39209E+21,1.25273E+16,4.86278E+16
74586,74587,9,7,77,158,2016,7,16,4,3,5,3,0,0,0,1,0,0,0,0,6.22888E+20,5.30876E+21,1.06449E+16,4.79203E+16
74587,74588,9,7,72,170,2016,7,17,2,3,9,1,0,0,0,1,0,0,0,0,6.29282E+20,5.33128E+21,1.07372E+16,4.81217E+16
74588,74589,9,2,63,0,2016,7,13,2,3,0,1,0,0,1,0,0,0,0,0,7.62145E+20,5.4185E+21,1.25746E+16,4.8864E+16
74589,74590,9,7,63,0,2016,7,14,7,3,6,4,0,0,0,1,1,0,0,0,5.98337E+20,5.28631E+21,1.03113E+16,4.77227E+16
74590,74591,9,2,77,121,2016,7,9,4,3,2,6,0,0,0,1,0,0,0,1,7.64993E+20,5.37036E+21,1.25826E+16,4.84306E+16
74591,74592,9,5,64,0,2016,7,8,4,3,4,6,0,0,1,0,0,0,0,0,6.47368E+20,5.48038E+21,1.10336E+16,4.94582E+16
74592,74593,9,1,87,186,2016,7,19,4,3,8,1,1,0,0,0,0,1,0,0,7.33162E+20,5.33188E+21,1.21318E+16,4.80974E+16
74593,74594,9,1,84,145,2016,7,1,3,2,8,7,2,0,0,1,0,0,0,0,6.96265E+20,5.32348E+21,1.16329E+16,4.80344E+16
74594,74595,9,2,71,141,2016,7,13,1,3,5,3,0,0,0,1,0,0,0,0,7.95269E+20,5.40075E+21,1.30125E+16,4.86898E+16
74595,74596,9,1,89,114,2016,7,12,2,3,0,7,0,0,1,0,0,0,0,0,7.63855E+20,5.31372E+21,1.25321E+16,4.79224E+16
74596,74597,9,4,73,141,2016,7,18,1,3,0,6,0,0,0,1,0,0,0,0,6.40533E+20,5.57401E+21,1.09734E+16,5.03014E+16
74597,74598,9,3,73,121,2016,7,13,3,2,0,1,0,0,1,0,0,0,0,0,6.90452E+20,5.43423E+21,1.16056E+16,4.90315E+16
74598,74599,9,4,79,127,2016,7,16,2,3,0,2,0,0,0,1,0,1,0,0,7.29904E+20,5.55475E+21,1.2215E+16,5.01005E+16
74599,74600,9,1,89,152,2016,7,6,3,3,5,3,0,0,1,1,0,0,0,0,7.81412E+20,5.32866E+21,1.27764E+16,4.80491E+16
74600,74601,9,1,61,0,2016,7,7,3,3,5,3,0,0,1,1,0,0,0,0,6.79106E+20,5.40508E+21,1.14378E+16,4.87729E+16
74601,74602,9,5,74,123,2016,7,19,2,3,9,7,0,0,0,1,0,0,0,0,6.62487E+20,5.48062E+21,1.12422E+16,4.94565E+16
74602,74603,9,3,76,178,2016,7,10,7,3,2,6,0,1,0,1,0,0,0,0,7.51917E+20,5.48068E+21,1.24743E+16,4.94265E+16
74603,74604,9,2,76,127,2016,7,21,2,3,2,6,1,0,0,1,0,0,0,0,8.11563E+20,5.42723E+21,1.32533E+16,4.89195E+16
74604,74605,9,7,79,201,2016,7,11,7,3,5,3,0,0,0,1,0,0,0,1,6.44021E+20,5.38975E+21,1.09552E+16,4.86442E+16
74605,74606,9,2,78,129,2016,7,16,1,2,9,1,0,0,0,0,0,1,0,0,7.72846E+20,5.4376E+21,1.2733E+16,4.90308E+16
74606,74607,9,3,77,116,2016,7,17,4,3,5,3,0,0,0,1,0,0,0,0,7.20222E+20,5.52449E+21,1.20625E+16,4.98324E+16
74607,74608,9,1,81,130,2016,7,11,4,3,0,7,0,0,1,0,0,0,0,0,6.39327E+20,5.32289E+21,1.08694E+16,4.8044E+16
74608,74609,9,7,80,118,2016,7,19,3,3,0,1,0,0,1,0,0,0,0,0,5.95606E+20,5.26594E+21,1.02704E+16,4.75399E+16
74609,74610,9,1,72,112,2016,7,13,2,2,5,3,0,0,1,1,0,0,0,0,7.90105E+20,5.29945E+21,1.28731E+16,4.7783E+16
74610,74611,9,6,62,0,2016,7,16,3,2,2,6,0,0,0,1,0,1,0,0,5.88117E+20,5.54614E+21,1.02311E+16,5.0061E+16
74611,74612,9,1,73,120,2016,7,17,4,3,5,3,0,0,0,1,0,0,0,0,6.86358E+20,5.31576E+21,1.14968E+16,4.7968E+16
74612,74613,9,5,71,174,2016,7,15,4,2,5,3,0,0,1,1,0,0,0,0,6.01851E+20,5.46229E+21,1.04011E+16,4.93049E+16
74613,74614,9,1,61,0,2016,7,9,4,3,1,6,0,0,0,1,0,0,0,0,6.76208E+20,5.40453E+21,1.13981E+16,4.87688E+16
74614,74615,9,7,64,0,2016,7,18,3,3,2,7,0,0,0,1,0,1,0,0,5.8775E+20,5.31626E+21,1.01762E+16,4.79936E+16
74615,74616,9,2,78,184,2016,7,12,1,3,2,6,0,0,0,1,0,1,0,0,7.77267E+20,5.43538E+21,1.27918E+16,4.90089E+16
74616,74617,9,1,87,165,2016,7,21,2,3,3,6,2,0,0,1,0,0,0,0,7.31439E+20,5.29988E+21,1.20914E+16,4.78106E+16
74617,74618,9,6,77,125,2016,7,17,3,2,5,3,0,0,0,1,0,1,0,0,5.43969E+20,5.51979E+21,9.61136E+15,4.9829E+16
74618,74619,9,4,77,129,2016,7,18,1,2,8,1,0,1,0,1,0,0,0,0,6.8493E+20,5.55844E+21,1.15886E+16,5.01493E+16
74619,74620,9,3,71,126,2016,7,15,3,3,2,6,0,0,0,1,0,0,0,0,7.06195E+20,5.49057E+21,1.18498E+16,4.95326E+16
74620,74621,9,4,79,112,2016,7,5,2,3,5,3,0,0,1,1,0,0,0,0,7.26743E+20,5.54869E+21,1.21672E+16,5.00473E+16
74621,74622,9,1,87,176,2016,7,14,3,3,3,2,0,0,0,1,0,0,0,0,7.37775E+20,5.33194E+21,1.21937E+16,4.80963E+16
74622,74623,9,1,78,145,2016,7,16,3,3,0,1,0,0,0,0,0,1,0,0,6.95962E+20,5.3565E+21,1.16441E+16,4.83312E+16
74623,74624,9,5,64,0,2016,7,11,2,3,5,3,0,0,0,1,0,0,0,0,6.47759E+20,5.47773E+21,1.1038E+16,4.94343E+16
74624,74625,9,7,73,125,2016,7,14,7,3,4,6,0,0,0,1,0,0,0,1,6.09984E+20,5.38096E+21,1.0491E+16,4.85721E+16
74625,74626,9,2,75,126,2016,7,20,1,3,8,1,0,0,0,1,0,0,0,0,8.41109E+20,5.39614E+21,1.36296E+16,4.86252E+16
74626,74627,9,1,87,118,2016,7,7,2,3,4,6,0,0,0,1,0,1,0,0,7.51708E+20,5.30149E+21,1.23626E+16,4.78175E+16
74627,74628,9,3,76,153,2016,7,9,4,3,5,3,0,0,1,1,0,0,0,0,7.30756E+20,5.48696E+21,1.21866E+16,4.94914E+16
74628,74629,9,1,78,145,2016,7,10,4,3,2,6,0,0,0,1,0,0,0,0,6.97319E+20,5.35654E+21,1.16624E+16,4.83313E+16
74629,74630,9,1,86,152,2016,7,11,2,3,2,6,0,0,0,1,0,0,0,0,6.91428E+20,5.38032E+21,1.15938E+16,4.85468E+16
74630,74631,9,5,64,0,2016,7,16,3,3,2,6,0,0,0,1,0,0,0,0,6.50792E+20,5.47365E+21,1.10782E+16,4.93968E+16
74631,74632,9,3,72,158,2016,7,23,1,3,9,1,2,0,0,1,0,0,0,0,7.61551E+20,5.45065E+21,1.25872E+16,4.91529E+16
74632,74633,9,2,71,119,2016,7,15,3,3,2,6,0,0,0,1,0,0,0,0,7.90036E+20,5.41637E+21,1.29525E+16,4.88325E+16
74633,74634,9,1,78,124,2016,7,17,5,3,5,3,0,0,1,1,0,0,0,0,7.01662E+20,5.36074E+21,1.17229E+16,4.83676E+16
74634,74635,9,1,62,0,2016,7,7,2,3,2,6,0,0,0,1,0,0,0,0,6.9322E+20,5.33839E+21,1.15988E+16,4.81694E+16
74635,74636,9,2,78,141,2016,7,16,3,3,5,2,0,0,0,1,0,0,0,0,7.59245E+20,5.42942E+21,1.25421E+16,4.89633E+16
74636,74637,9,1,84,130,2016,7,18,2,3,5,2,0,0,1,1,0,0,0,0,6.98285E+20,5.34466E+21,1.16698E+16,4.82241E+16
74637,74638,9,5,71,152,2016,7,2,2,2,8,7,2,0,0,1,0,0,0,0,5.90472E+20,5.46586E+21,1.02454E+16,4.93388E+16
74638,74639,9,6,78,150,2016,7,16,4,2,5,3,0,0,1,1,0,0,0,0,5.85012E+20,5.5312E+21,1.01844E+16,4.99271E+16
74639,74640,9,7,71,130,2016,7,8,7,3,3,6,0,0,0,1,0,0,0,0,6.47905E+20,5.36278E+21,1.09983E+16,4.84008E+16
74640,74641,9,2,77,145,2016,7,16,1,3,9,1,0,0,0,1,0,0,0,0,7.97576E+20,5.35606E+21,1.30119E+16,4.82877E+16
74641,74642,9,1,61,0,2016,7,9,2,3,2,6,0,0,0,1,0,0,0,0,6.78587E+20,5.40302E+21,1.14298E+16,4.87545E+16
74642,74643,9,5,74,155,2016,7,20,1,3,2,6,0,0,0,1,0,0,0,0,6.68722E+20,5.49339E+21,1.13336E+16,4.95695E+16
74643,74644,9,4,78,155,2016,7,7,3,3,2,6,0,0,0,1,0,0,0,1,6.58346E+20,5.55998E+21,1.12174E+16,5.01708E+16
74644,74645,9,2,77,140,2016,7,5,4,3,0,7,0,0,0,0,0,1,0,0,7.92836E+20,5.35609E+21,1.29482E+16,4.82902E+16
74645,74646,9,1,62,0,2016,7,12,3,3,5,3,0,0,1,1,0,0,0,0,6.92538E+20,5.33919E+21,1.15901E+16,4.81768E+16
74646,74647,9,5,74,152,2016,7,14,3,3,5,3,0,0,0,0,0,1,0,1,6.60996E+20,5.48294E+21,1.12225E+16,4.94778E+16
74647,74648,9,7,75,135,2016,7,18,4,2,5,3,0,0,1,1,0,0,0,0,5.77291E+20,5.36204E+21,1.00444E+16,4.84068E+16
74648,74649,9,7,74,135,2016,7,15,2,3,1,6,0,0,0,1,0,0,0,0,5.94012E+20,5.36769E+21,1.02715E+16,4.84553E+16
74649,74650,9,2,78,118,2016,7,11,2,3,5,3,0,0,0,1,0,0,1,0,7.73433E+20,5.42528E+21,1.27327E+16,4.892E+16
74650,74651,9,7,71,130,2016,7,3,7,3,6,4,2,0,0,1,1,0,0,0,6.44211E+20,5.36316E+21,1.09486E+16,4.84051E+16
74651,74652,9,2,62,0,2016,7,13,4,3,3,6,0,0,0,1,0,0,0,0,8.28701E+20,5.38975E+21,1.34567E+16,4.85745E+16
74652,74653,9,5,64,0,2016,7,10,4,3,5,2,0,0,1,0,0,0,1,0,6.46577E+20,5.48074E+21,1.10228E+16,4.94616E+16
74653,74654,9,1,89,154,2016,7,11,4,3,4,2,0,0,0,1,0,0,0,0,7.69521E+20,5.31916E+21,1.26112E+16,4.7969E+16
74654,74655,9,7,71,169,2016,7,14,7,3,8,1,0,1,0,1,0,0,0,0,6.41116E+20,5.37541E+21,1.09109E+16,4.85159E+16
74655,74656,9,2,75,134,2016,7,19,1,2,4,6,0,0,0,1,0,0,0,0,8.26702E+20,5.37869E+21,1.3421E+16,4.84764E+16
74656,74657,9,1,86,152,2016,7,8,2,3,2,6,0,0,0,1,0,0,0,0,6.91156E+20,5.38096E+21,1.15905E+16,4.85525E+16
74657,74658,9,5,77,177,2016,7,11,1,3,8,1,0,0,0,0,0,1,0,0,6.49764E+20,5.42713E+21,1.10468E+16,4.89789E+16
74658,74659,9,5,74,141,2016,7,6,4,3,2,6,0,0,0,1,0,0,0,0,6.67355E+20,5.48828E+21,1.13125E+16,4.9524E+16
74659,74660,9,6,77,151,2016,7,14,7,3,9,1,0,1,0,1,0,0,0,0,5.3935E+20,5.51561E+21,9.54671E+15,4.97916E+16
74660,74661,9,2,73,111,2016,7,20,1,3,0,1,0,0,1,0,0,0,0,0,7.08645E+20,5.41003E+21,1.18418E+16,4.88082E+16
74661,74662,9,1,86,143,2016,7,19,2,3,2,3,0,0,0,1,0,1,0,0,6.87032E+20,5.37847E+21,1.15335E+16,4.85314E+16
74662,74663,9,5,64,0,2016,7,0,1,3,4,3,2,0,0,1,0,0,0,0,6.47928E+20,5.48012E+21,1.10412E+16,4.94557E+16
74663,74664,9,4,74,121,2016,7,12,3,3,2,1,0,0,0,1,0,0,0,0,6.57219E+20,5.51657E+21,1.11839E+16,4.9781E+16
74664,74665,9,2,73,137,2016,7,7,3,3,2,6,0,0,0,1,0,1,0,0,7.1024E+20,5.42287E+21,1.18701E+16,4.89231E+16
74665,74666,9,7,71,122,2016,7,21,4,2,3,7,0,0,0,1,0,0,1,0,6.54241E+20,5.36093E+21,1.10832E+16,4.83827E+16
74666,74667,9,7,61,0,2016,7,10,2,3,5,2,0,0,0,1,0,0,0,0,6.36979E+20,5.36015E+21,1.08499E+16,4.83797E+16
74667,74668,9,6,77,157,2016,7,17,2,3,0,1,0,0,0,1,0,0,0,0,5.40384E+20,5.5203E+21,9.56156E+15,4.98337E+16
74668,74669,9,2,75,118,2016,7,16,2,3,2,2,0,0,0,1,0,1,0,0,8.48923E+20,5.40321E+21,1.37413E+16,4.86843E+16
74669,74670,9,6,78,134,2016,7,20,7,3,8,1,0,0,0,1,0,0,0,0,5.98152E+20,5.52698E+21,1.03664E+16,4.98872E+16
74670,74671,9,2,73,152,2016,7,13,4,3,4,2,0,0,0,1,0,0,0,0,7.06574E+20,5.40605E+21,1.18117E+16,4.87731E+16
74671,74672,9,5,73,122,2016,7,6,4,3,1,6,0,0,0,1,0,0,0,0,6.43409E+20,5.47781E+21,1.09781E+16,4.94361E+16
74672,74673,9,1,82,111,2016,7,20,4,3,0,1,0,0,1,0,0,0,0,0,7.04664E+20,5.28667E+21,1.1728E+16,4.7701E+16
74673,74674,9,1,84,123,2016,7,7,3,3,2,6,0,0,0,1,0,0,0,0,7.04072E+20,5.33225E+21,1.17417E+16,4.81108E+16
74674,74675,9,1,84,132,2016,7,21,1,3,8,6,1,0,0,1,0,0,0,0,6.80918E+20,5.32243E+21,1.14268E+16,4.80295E+16
74675,74676,9,1,86,143,2016,7,16,2,3,5,3,0,0,0,1,0,1,0,0,6.85535E+20,5.37884E+21,1.15134E+16,4.85352E+16
74676,74677,9,7,72,184,2016,7,14,3,3,1,6,0,0,0,1,0,0,0,0,6.32823E+20,5.35852E+21,1.07933E+16,4.83659E+16
74677,74678,9,4,77,139,2016,7,14,1,3,2,1,0,0,0,1,0,0,0,0,6.91143E+20,5.55143E+21,1.16719E+16,5.00844E+16
74678,74679,9,3,72,116,2016,7,16,3,3,5,3,0,0,0,1,0,0,0,0,7.67754E+20,5.45768E+21,1.26768E+16,4.92133E+16
74679,74680,9,4,64,0,2016,7,14,2,3,2,6,0,0,0,1,0,0,0,0,7.06556E+20,5.57785E+21,1.19015E+16,5.03165E+16
74680,74681,9,1,72,116,2016,7,17,3,3,4,1,0,0,0,1,0,1,0,0,8.03028E+20,5.28342E+21,1.30341E+16,4.76332E+16
74681,74682,9,1,76,150,2016,7,6,3,3,8,1,0,0,0,1,0,0,0,0,6.89819E+20,5.41328E+21,1.15872E+16,4.88434E+16
74682,74683,9,5,76,143,2016,7,9,2,2,8,1,0,0,0,0,0,1,0,0,6.59116E+20,5.46163E+21,1.11881E+16,4.92867E+16
74683,74684,9,3,76,178,2016,7,17,7,3,9,7,0,0,0,1,0,0,0,0,7.52314E+20,5.48028E+21,1.24795E+16,4.94228E+16
74684,74685,9,3,74,118,2016,7,20,3,2,9,1,0,0,0,1,0,0,0,0,7.56605E+20,5.4981E+21,1.25501E+16,4.9581E+16
74685,74686,9,4,78,165,2016,7,11,2,2,4,1,0,0,0,1,0,0,0,0,6.48169E+20,5.54798E+21,1.10704E+16,5.00656E+16
74686,74687,9,1,89,115,2016,7,12,3,3,3,6,0,0,0,1,0,0,0,0,7.64687E+20,5.33496E+21,1.25563E+16,4.81128E+16
74687,74688,9,1,61,0,2016,7,19,3,3,4,1,0,0,0,1,0,0,0,1,6.77852E+20,5.40238E+21,1.14195E+16,4.8749E+16
74688,74689,9,6,79,175,2016,7,10,2,3,2,6,0,0,0,1,0,0,0,0,5.71342E+20,5.51006E+21,9.99012E+15,4.97388E+16
74689,74690,9,6,76,139,2016,7,13,2,3,8,6,0,0,0,1,0,0,1,0,5.2215E+20,5.50103E+21,9.30692E+15,4.96614E+16
74690,74691,9,2,71,127,2016,7,2,7,3,9,1,2,0,0,1,0,0,0,0,8.02943E+20,5.40651E+21,1.31207E+16,4.87379E+16
74691,74692,9,2,77,128,2016,7,19,2,3,8,1,0,0,0,1,0,0,0,0,7.93884E+20,5.34921E+21,1.29575E+16,4.82279E+16
74692,74693,9,6,72,117,2016,7,18,7,3,5,3,0,0,0,1,0,0,0,0,5.70793E+20,5.56637E+21,9.99287E+15,5.02452E+16
74693,74694,9,1,73,147,2016,7,17,1,3,2,2,0,0,0,1,0,0,0,0,6.82085E+20,5.30959E+21,1.1437E+16,4.79138E+16
74694,74695,9,1,90,158,2016,7,6,4,3,0,1,0,0,0,0,0,1,0,0,6.51274E+20,5.30462E+21,1.10232E+16,4.78771E+16
74695,74696,9,4,72,131,2016,7,12,4,3,2,6,0,0,0,1,0,0,0,0,6.80036E+20,5.53435E+21,1.15088E+16,4.99344E+16
74696,74697,9,1,81,127,2016,7,15,4,3,2,6,0,0,0,1,0,0,0,0,6.34508E+20,5.32271E+21,1.08047E+16,4.80435E+16
74697,74698,9,7,74,160,2016,7,8,3,3,1,6,0,0,0,1,0,0,0,0,6.07373E+20,5.35302E+21,1.04484E+16,4.83212E+16
74698,74699,9,1,73,134,2016,7,14,1,3,2,6,0,0,0,1,0,1,0,0,6.85875E+20,5.29929E+21,1.14832E+16,4.78201E+16
74699,74700,9,1,85,149,2016,7,15,2,2,2,6,0,0,0,1,0,0,0,1,6.60191E+20,5.39746E+21,1.11776E+16,4.87096E+16
74700,74701,9,6,73,167,2016,7,15,3,3,4,1,0,0,0,1,0,0,0,0,5.81614E+20,5.59201E+21,1.01502E+16,5.04744E+16
74701,74702,9,4,62,0,2016,7,0,1,3,9,1,2,0,0,1,0,0,0,0,6.85151E+20,5.53582E+21,1.15807E+16,4.9946E+16
74702,74703,9,2,78,190,2016,7,13,3,3,9,1,0,1,0,1,0,0,0,0,7.60801E+20,5.42786E+21,1.25623E+16,4.89486E+16
74703,74704,9,4,78,139,2016,7,15,2,3,9,1,0,0,0,1,0,0,0,0,6.52452E+20,5.55041E+21,1.11311E+16,5.00864E+16
74704,74705,9,1,63,0,2016,7,10,3,3,2,6,0,0,0,1,0,0,0,0,7.33346E+20,5.30317E+21,1.21186E+16,4.78395E+16
74705,74706,9,1,77,139,2016,7,18,3,3,8,7,0,0,1,0,0,0,0,0,7.38434E+20,5.35698E+21,1.22166E+16,4.8321E+16
74706,74707,9,5,71,134,2016,7,20,2,2,8,6,0,0,0,1,0,1,0,0,5.84039E+20,5.46182E+21,1.0156E+16,4.93033E+16
74707,74708,9,5,64,0,2016,7,7,2,3,5,3,0,0,1,1,0,0,0,0,6.44415E+20,5.47785E+21,1.09919E+16,4.94361E+16
74708,74709,9,6,75,147,2016,7,13,4,3,5,3,0,0,0,1,0,1,0,0,5.82272E+20,5.50182E+21,1.014E+16,4.96633E+16
74709,74710,9,6,72,114,2016,7,15,7,2,1,5,0,0,0,1,0,0,0,0,5.76935E+20,5.55982E+21,1.00777E+16,5.01856E+16
74710,74711,9,1,73,120,2016,7,11,1,3,2,6,0,0,0,1,0,0,0,0,6.85806E+20,5.31076E+21,1.14872E+16,4.79232E+16
74711,74712,9,1,74,146,2016,7,6,2,3,2,6,1,0,0,1,0,0,0,0,6.66219E+20,5.3512E+21,1.1241E+16,4.82921E+16
74712,74713,9,6,78,193,2016,7,18,1,3,9,7,0,0,0,1,0,0,0,0,5.75649E+20,5.53519E+21,1.00548E+16,4.99643E+16
74713,74714,9,5,75,121,2016,7,12,3,3,8,6,0,0,0,1,0,0,0,0,6.23486E+20,5.4935E+21,1.07083E+16,4.95815E+16
74714,74715,9,2,75,154,2016,7,13,4,2,6,4,0,0,0,1,1,0,0,0,8.08735E+20,5.3944E+21,1.31902E+16,4.86263E+16
74715,74716,9,1,78,120,2016,7,21,4,3,2,7,2,0,0,1,0,0,0,0,6.98779E+20,5.35212E+21,1.168E+16,4.82911E+16
74716,74717,9,2,74,113,2016,7,10,2,3,2,6,0,0,0,1,0,0,1,0,7.26867E+20,5.38503E+21,1.2076E+16,4.85773E+16
74717,74718,9,6,72,113,2016,7,21,7,2,9,1,1,1,0,1,0,0,0,0,5.6013E+20,5.57349E+21,9.84448E+15,5.03104E+16
74718,74719,9,1,73,123,2016,7,12,1,2,4,6,0,0,1,0,0,0,0,0,6.80283E+20,5.3062E+21,1.14115E+16,4.78838E+16
74719,74720,9,1,79,142,2016,7,1,2,2,2,6,2,0,0,1,0,0,0,0,6.75926E+20,5.34362E+21,1.13686E+16,4.82214E+16
74720,74721,9,3,73,121,2016,7,13,4,3,8,1,0,0,0,0,0,1,0,0,6.90927E+20,5.43509E+21,1.16125E+16,4.90391E+16
74721,74722,9,1,74,143,2016,7,18,4,3,8,1,0,0,0,0,0,1,0,0,6.72605E+20,5.35627E+21,1.13291E+16,4.8336E+16
74722,74723,9,7,77,172,2016,7,5,3,3,4,6,1,0,0,1,0,0,0,0,6.28573E+20,5.30491E+21,1.07198E+16,4.78846E+16
74723,74724,9,1,88,113,2016,7,16,2,3,4,6,0,0,0,1,0,0,0,0,6.77472E+20,5.31429E+21,1.13772E+16,4.79573E+16
74724,74725,9,6,61,0,2016,7,17,3,3,5,3,0,0,1,1,0,0,0,0,5.09672E+20,5.53643E+21,9.13491E+15,4.99801E+16
74725,74726,9,3,72,125,2016,7,10,1,1,9,1,0,0,0,0,0,1,0,0,7.51141E+20,5.44892E+21,1.24437E+16,4.91417E+16
74726,74727,9,2,76,138,2016,7,18,3,2,2,6,0,0,0,1,0,0,0,0,8.02516E+20,5.43482E+21,1.31358E+16,4.89921E+16
74727,74728,9,6,78,181,2016,7,18,4,3,8,1,0,0,0,1,0,0,0,0,5.95679E+20,5.55846E+21,1.03398E+16,5.01706E+16
74728,74729,9,6,76,134,2016,7,13,7,3,2,6,0,1,0,1,0,0,0,0,5.12905E+20,5.5144E+21,9.17926E+15,4.97819E+16
74729,74730,9,1,80,125,2016,7,14,1,3,5,3,0,0,0,1,0,1,0,0,6.56002E+20,5.27244E+21,1.10748E+16,4.75866E+16
74730,74731,9,1,81,138,2016,7,14,2,2,2,2,0,0,0,0,0,1,0,1,6.39974E+20,5.33474E+21,1.0882E+16,4.81505E+16
74731,74732,9,5,76,143,2016,7,12,1,2,0,1,0,0,0,0,0,1,0,0,6.60607E+20,5.46178E+21,1.12086E+16,4.92876E+16
74732,74733,9,4,76,145,2016,7,6,3,2,3,6,0,0,0,0,0,1,1,0,6.6545E+20,5.56864E+21,1.13206E+16,5.02467E+16
74733,74734,9,5,63,0,2016,7,7,3,3,5,3,0,0,1,0,0,0,0,0,6.43502E+20,5.48281E+21,1.09812E+16,4.9481E+16
74734,74735,9,7,78,168,2016,7,9,4,2,4,6,0,0,0,1,0,0,0,0,6.0484E+20,5.30822E+21,1.04033E+16,4.79188E+16
74735,74736,9,7,72,131,2016,7,5,2,3,5,3,0,0,0,1,0,0,0,0,6.21596E+20,5.35703E+21,1.06414E+16,4.83547E+16
74736,74737,9,5,62,0,2016,7,6,3,3,2,6,0,0,0,1,0,0,0,0,6.40321E+20,5.49206E+21,1.09406E+16,4.95649E+16
74737,74738,9,3,75,190,2016,7,23,1,3,0,1,2,0,1,0,0,0,0,0,7.28097E+20,5.44667E+21,1.21269E+16,4.91305E+16
74738,74739,9,2,75,146,2016,7,7,3,3,1,6,0,0,0,1,0,1,0,0,8.30257E+20,5.39432E+21,1.34814E+16,4.86147E+16
74739,74740,9,1,84,122,2016,7,14,4,3,2,2,0,0,0,1,0,0,0,0,6.89539E+20,5.32663E+21,1.15442E+16,4.80648E+16
74740,74741,9,7,75,135,2016,7,17,2,3,5,3,0,0,0,1,0,0,0,1,5.74736E+20,5.36065E+21,1.00096E+16,4.83946E+16
74741,74742,9,6,71,157,2016,7,15,7,3,8,1,0,1,0,1,0,0,0,0,5.25723E+20,5.53499E+21,9.35868E+15,4.99667E+16
74742,74743,9,5,65,0,2016,7,10,4,2,4,2,0,0,1,1,0,0,0,0,6.47252E+20,5.46597E+21,1.10266E+16,4.93286E+16
74743,74744,9,6,71,122,2016,7,11,7,3,2,6,0,1,0,1,0,0,0,0,5.06372E+20,5.53125E+21,9.08879E+15,4.99336E+16
74744,74745,9,1,80,117,2016,7,10,1,2,8,1,0,0,0,0,0,1,0,0,6.57237E+20,5.26271E+21,1.10878E+16,4.74988E+16
74745,74746,9,1,81,130,2016,7,15,2,3,1,6,0,0,0,1,0,0,0,0,6.42239E+20,5.32458E+21,1.0909E+16,4.80586E+16
74746,74747,9,5,64,0,2016,7,11,1,3,2,6,0,0,0,1,0,0,0,0,6.52497E+20,5.47754E+21,1.11032E+16,4.94314E+16
74747,74748,9,4,74,126,2016,7,16,3,3,0,1,0,0,0,1,0,1,0,0,6.50056E+20,5.50684E+21,1.10808E+16,4.96954E+16
74748,74749,9,4,78,145,2016,7,14,2,3,0,1,0,0,1,0,0,0,0,0,6.51118E+20,5.55826E+21,1.11156E+16,5.01573E+16
74749,74750,9,1,90,157,2016,7,18,3,3,5,3,0,0,0,1,0,1,0,0,6.60933E+20,5.30163E+21,1.11511E+16,4.78479E+16
74750,74751,9,1,82,134,2016,7,6,3,3,5,3,0,0,1,1,0,0,0,0,7.01301E+20,5.29391E+21,1.16866E+16,4.77671E+16
74751,74752,9,7,71,122,2016,7,9,4,3,4,6,0,0,0,1,0,0,0,0,6.50625E+20,5.36168E+21,1.10347E+16,4.83903E+16
74752,74753,9,7,71,169,2016,7,16,2,2,4,6,0,0,0,1,0,0,0,0,6.39674E+20,5.37448E+21,1.08911E+16,4.85079E+16
74753,74754,9,6,75,178,2016,7,17,2,2,9,1,0,0,0,1,0,0,0,0,5.94944E+20,5.51621E+21,1.03191E+16,4.97909E+16
74754,74755,9,2,63,0,2016,7,1,7,3,5,3,2,0,0,1,0,0,0,0,7.65678E+20,5.42108E+21,1.26244E+16,4.88857E+16
74755,74756,9,2,74,126,2016,7,23,2,2,0,1,2,0,0,1,0,0,0,0,7.32132E+20,5.38534E+21,1.21474E+16,4.85781E+16
74756,74757,9,6,61,0,2016,7,15,7,3,9,1,0,1,0,1,0,0,0,0,5.10021E+20,5.53867E+21,9.13983E+15,5.00002E+16
74757,74758,9,1,83,127,2016,7,15,1,3,2,6,0,0,0,1,0,0,0,0,7.5738E+20,5.34997E+21,1.24674E+16,4.82506E+16
74758,74759,9,2,73,111,2016,7,5,4,3,5,3,0,0,0,1,0,0,0,0,7.10495E+20,5.41025E+21,1.18671E+16,4.88096E+16
74759,74760,9,5,77,162,2016,7,13,4,3,5,3,0,0,0,1,0,0,0,0,6.28929E+20,5.42184E+21,1.07605E+16,4.89361E+16
74760,74761,9,1,61,0,2016,7,16,4,3,0,3,0,0,1,1,0,0,0,0,6.77602E+20,5.40488E+21,1.14172E+16,4.87716E+16
74761,74762,9,7,75,164,2016,7,8,3,3,5,3,0,0,1,1,0,0,0,0,5.85552E+20,5.35046E+21,1.01536E+16,4.83015E+16