FID,OBJECTID,ULAND,UREGBEZ,UKREIS,UGEMEINDE,UJAHR,UMONAT,USTUNDE,UWOCHENTAG,UKATEGORIE,UART,UTYP1,ULICHTVERH,IstStrasse,IstRad,IstPKW,IstFuss,IstKrad,IstGkfz,IstSonstig,LINREFX,LINREFY,XGCSWGS84,YGCSWGS84
74762,74763,9,1,89,152,2016,7,8,1,3,5,3,0,0,0,1,0,0,0,0,7.81059E+20,5.32919E+21,1.2772E+16,4.80541E+16
74763,74764,9,2,74,174,2016,7,17,2,3,2,2,0,0,0,1,0,0,0,0,7.45491E+20,5.3951E+21,1.2334E+16,4.86607E+16
74764,74765,9,5,74,112,2016,7,16,7,3,9,1,0,1,0,1,0,0,0,0,6.72922E+20,5.47187E+21,1.13822E+16,4.9375E+16
74765,74766,9,2,77,141,2016,7,14,4,3,5,3,0,0,0,1,0,0,1,0,7.7097E+20,5.37361E+21,1.26653E+16,4.84572E+16
74766,74767,9,5,64,0,2016,7,13,4,3,0,3,0,0,1,1,0,0,0,0,6.53274E+20,5.47543E+21,1.11131E+16,4.94123E+16
74767,74768,9,1,71,111,2016,7,13,4,3,4,2,0,0,0,1,0,0,0,0,7.73943E+20,5.34874E+21,1.26893E+16,4.82327E+16
74768,74769,9,1,89,118,2016,7,11,1,3,0,1,0,0,1,0,0,0,0,0,7.85476E+20,5.32321E+21,1.28272E+16,4.79984E+16
74769,74770,9,1,79,123,2016,7,11,2,3,5,2,0,0,0,1,0,0,0,0,6.7655E+20,5.33426E+21,1.13731E+16,4.81371E+16
74770,74771,9,4,76,178,2016,7,16,1,3,0,7,0,1,1,0,0,0,0,0,6.62674E+20,5.57483E+21,1.12844E+16,5.03032E+16
74771,74772,9,3,75,180,2016,7,17,3,2,3,6,0,0,0,1,0,1,0,0,7.24142E+20,5.42971E+21,1.20634E+16,4.89796E+16
74772,74773,9,4,72,175,2016,7,13,2,3,2,2,0,0,0,1,0,0,0,0,6.80756E+20,5.51158E+21,1.15082E+16,4.97295E+16
74773,74774,9,1,89,154,2016,7,16,3,1,8,1,0,0,0,1,0,0,0,0,7.68435E+20,5.3153E+21,1.25943E+16,4.79347E+16
74774,74775,9,1,76,120,2016,7,9,3,1,8,1,0,0,0,0,0,0,1,0,6.80932E+20,5.4211E+21,1.14697E+16,4.89163E+16
74775,74776,9,6,61,0,2016,7,12,2,3,5,3,0,0,1,1,0,0,0,0,5.11114E+20,5.53602E+21,9.155E+15,4.99764E+16
74776,74777,9,2,75,137,2016,7,10,7,3,2,1,0,0,0,1,0,0,0,1,8.41375E+20,5.38854E+21,1.3627E+16,4.85569E+16
74777,74778,9,2,73,152,2016,7,18,2,3,5,3,0,0,0,1,0,0,0,0,7.02853E+20,5.40805E+21,1.17621E+16,4.87923E+16
74778,74779,9,5,64,0,2016,7,15,7,3,2,6,0,1,0,1,0,0,0,0,6.52234E+20,5.47346E+21,1.1098E+16,4.93948E+16
74779,74780,9,1,71,113,2016,7,16,1,1,8,5,0,0,0,1,0,0,0,0,7.78397E+20,5.33561E+21,1.27405E+16,4.81128E+16
74780,74781,9,1,89,157,2016,7,15,4,2,9,1,0,0,0,1,0,0,0,0,7.684E+20,5.32449E+21,1.25995E+16,4.80172E+16
74781,74782,9,4,74,133,2016,7,16,4,2,8,1,0,0,0,1,0,0,0,0,6.42496E+20,5.51279E+21,1.09782E+16,4.97507E+16
74782,74783,9,1,88,139,2016,7,8,4,3,0,1,0,0,0,0,0,1,0,0,6.74989E+20,5.31926E+21,1.1346E+16,4.80027E+16
74783,74784,9,7,80,114,2016,7,12,3,3,8,1,0,0,0,1,0,0,0,0,6.03685E+20,5.28851E+21,1.03831E+16,4.77416E+16
74784,74785,9,1,74,115,2016,7,17,2,3,0,1,0,0,1,0,0,0,0,0,6.80158E+20,5.34832E+21,1.14276E+16,4.82625E+16
74785,74786,9,6,62,0,2016,7,17,3,3,5,3,0,0,0,1,0,1,0,0,5.88787E+20,5.54388E+21,1.02399E+16,5.00406E+16
74786,74787,9,3,75,199,2016,7,12,1,1,3,1,0,0,0,1,0,0,0,0,7.20507E+20,5.43109E+21,1.20145E+16,4.89933E+16
74787,74788,9,2,78,123,2016,7,12,3,3,3,1,0,0,0,1,0,0,0,0,7.45891E+20,5.4114E+21,1.23491E+16,4.88069E+16
74788,74789,9,1,62,0,2016,7,19,2,2,4,7,0,0,0,1,0,1,0,0,6.803E+20,5.33502E+21,1.14238E+16,4.81428E+16
74789,74790,9,1,75,133,2016,7,17,2,3,2,6,0,0,0,1,0,0,0,0,7.10319E+20,5.34219E+21,1.18304E+16,4.81981E+16
74790,74791,9,7,71,130,2016,7,9,3,3,0,1,0,0,1,0,0,0,0,0,6.45565E+20,5.35786E+21,1.0965E+16,4.83571E+16
74791,74792,9,4,72,175,2016,7,6,1,2,8,7,0,0,0,1,0,0,0,0,6.85597E+20,5.51828E+21,1.15785E+16,4.97883E+16
74792,74793,9,3,71,144,2016,7,15,3,3,1,6,0,0,1,1,0,0,0,0,7.04031E+20,5.48587E+21,1.18175E+16,4.94911E+16
74793,74794,9,4,77,143,2016,7,20,2,3,0,1,1,0,0,0,0,1,0,0,6.85125E+20,5.55261E+21,1.15885E+16,5.00969E+16
74794,74795,9,1,71,123,2016,7,17,3,3,2,6,0,0,0,1,0,1,0,0,7.85054E+20,5.35134E+21,1.28403E+16,4.82511E+16
74795,74796,9,1,79,147,2016,7,7,3,2,5,3,0,0,0,1,0,0,0,0,6.64492E+20,5.33427E+21,1.12112E+16,4.81404E+16
74796,74797,9,5,74,128,2016,7,18,2,3,1,6,0,0,0,1,0,1,0,0,6.79456E+20,5.48374E+21,1.14775E+16,4.94798E+16
74797,74798,9,5,74,123,2016,7,9,7,3,2,6,0,0,0,1,0,0,0,1,6.5932E+20,5.47367E+21,1.11957E+16,4.93948E+16
74798,74799,9,1,72,116,2016,7,16,1,3,4,6,0,0,1,1,0,0,0,1,7.84531E+20,5.30802E+21,1.28045E+16,4.78624E+16
74799,74800,9,1,78,124,2016,7,21,2,3,0,1,0,1,0,0,0,1,0,0,7.01738E+20,5.36835E+21,1.17276E+16,4.8436E+16
74800,74801,9,3,76,150,2016,7,6,4,3,5,3,0,0,1,0,0,1,0,0,7.28728E+20,5.49221E+21,1.21617E+16,4.95393E+16
74801,74802,9,1,75,118,2016,7,12,4,3,0,1,0,0,0,0,0,1,0,0,7.16655E+20,5.34066E+21,1.19148E+16,4.81822E+16
74802,74803,9,1,75,124,2016,7,18,2,3,2,6,0,0,0,1,0,0,0,0,7.12575E+20,5.32941E+21,1.18544E+16,4.80825E+16
74803,74804,9,5,62,0,2016,7,6,3,2,2,6,0,0,0,0,0,1,1,0,6.38989E+20,5.49762E+21,1.09241E+16,4.96151E+16
74804,74805,9,2,76,113,2016,7,9,1,3,0,7,0,0,0,0,0,1,0,0,7.91211E+20,5.44935E+21,1.29921E+16,4.91279E+16
74805,74806,9,2,71,151,2016,7,14,3,3,5,3,0,0,0,1,0,0,0,0,7.81744E+20,5.41134E+21,1.28363E+16,4.87912E+16
74806,74807,9,1,78,124,2016,7,12,5,3,2,6,0,0,0,1,0,1,0,0,7.02417E+20,5.36422E+21,1.17348E+16,4.83986E+16
74807,74808,9,1,62,0,2016,7,8,2,3,5,2,0,0,1,1,0,0,0,0,6.88065E+20,5.33499E+21,1.15281E+16,4.81404E+16
74808,74809,9,6,76,121,2016,7,15,4,3,2,6,0,0,0,1,0,0,0,0,5.10868E+20,5.52054E+21,9.15114E+15,4.98372E+16
74809,74810,9,5,72,143,2016,7,13,7,3,2,6,0,0,0,1,0,0,0,0,6.28919E+20,5.51115E+21,1.07892E+16,4.9739E+16
74810,74811,9,1,71,137,2016,7,17,1,2,4,6,0,0,0,1,0,0,0,0,7.75316E+20,5.35224E+21,1.271E+16,4.82634E+16
74811,74812,9,1,84,135,2016,7,19,1,2,5,3,0,0,0,1,0,0,0,0,6.921E+20,5.34477E+21,1.15867E+16,4.8227E+16
74812,74813,9,6,78,134,2016,7,7,4,3,5,3,0,0,0,1,0,0,0,0,5.97765E+20,5.52843E+21,1.03614E+16,4.99002E+16
74813,74814,9,5,62,0,2016,7,16,7,3,6,4,0,1,0,1,1,0,0,0,6.41284E+20,5.49919E+21,1.09564E+16,4.96287E+16
74814,74815,9,1,86,152,2016,7,16,1,2,9,3,0,1,0,1,0,1,0,0,6.92723E+20,5.37701E+21,1.16098E+16,4.85166E+16
74815,74816,9,6,76,139,2016,7,20,1,3,6,7,0,0,0,1,1,0,0,0,5.17967E+20,5.50528E+21,9.24915E+15,4.96998E+16
74816,74817,9,4,75,162,2016,7,17,3,3,9,1,0,0,1,0,0,0,0,0,7.15097E+20,5.57001E+21,1.20168E+16,5.0243E+16
74817,74818,9,2,75,138,2016,7,8,4,3,5,3,0,0,0,1,0,0,0,0,8.08074E+20,5.38702E+21,1.31758E+16,4.85604E+16
74818,74819,9,1,62,0,2016,7,17,3,3,2,6,0,0,0,1,0,0,0,0,6.78245E+20,5.33905E+21,1.13979E+16,4.81797E+16
74819,74820,9,5,76,143,2016,7,17,3,3,5,2,0,0,0,1,0,0,1,0,6.54151E+20,5.45685E+21,1.1118E+16,4.9245E+16
74820,74821,9,3,72,116,2016,7,0,1,3,2,6,2,0,0,1,0,0,0,0,7.66766E+20,5.45636E+21,1.26624E+16,4.92019E+16
74821,74822,9,2,74,128,2016,7,16,3,3,2,6,0,0,0,1,0,0,0,0,7.36526E+20,5.39211E+21,1.22107E+16,4.86373E+16
74822,74823,9,1,62,0,2016,7,10,4,3,5,2,0,0,1,1,0,0,0,0,6.94722E+20,5.33415E+21,1.16171E+16,4.81308E+16
74823,74824,9,7,78,150,2016,7,10,2,3,5,3,0,0,0,1,0,0,0,1,5.86115E+20,5.32215E+21,1.01555E+16,4.80468E+16
74824,74825,9,2,73,121,2016,7,8,2,3,1,1,0,0,1,0,0,0,0,1,7.07416E+20,5.42312E+21,1.18318E+16,4.89262E+16
74825,74826,9,5,65,0,2016,7,20,7,3,0,7,0,0,1,0,0,0,0,0,6.46973E+20,5.46586E+21,1.10228E+16,4.93277E+16
74826,74827,9,5,64,0,2016,7,17,4,2,5,3,0,0,0,1,0,0,0,0,6.48386E+20,5.4706E+21,1.1044E+16,4.937E+16
74827,74828,9,5,74,132,2016,7,14,7,3,4,6,0,1,0,1,0,0,0,0,6.75903E+20,5.48703E+21,1.143E+16,4.95103E+16
74828,74829,9,1,85,163,2016,7,16,1,3,8,1,0,0,0,1,0,0,0,0,6.64834E+20,5.39298E+21,1.12388E+16,4.86681E+16
74829,74830,9,1,62,0,2016,7,15,1,3,5,2,0,0,1,1,0,0,0,0,6.8807E+20,5.33499E+21,1.15282E+16,4.81404E+16
74830,74831,9,5,73,125,2016,7,8,1,3,5,3,0,0,1,1,0,0,0,0,6.37966E+20,5.47062E+21,1.09005E+16,4.93726E+16
74831,74832,9,3,63,0,2016,7,9,3,3,2,6,0,0,0,1,0,0,0,0,7.25221E+20,5.50373E+21,1.21199E+16,4.9644E+16
74832,74833,9,4,77,148,2016,7,11,2,3,8,1,0,0,0,1,0,0,0,0,6.78194E+20,5.56862E+21,1.14992E+16,5.02428E+16
74833,74834,9,1,73,118,2016,7,17,3,2,0,7,0,0,1,0,0,0,0,0,6.93616E+20,5.30613E+21,1.15896E+16,4.78792E+16
74834,74835,9,1,87,137,2016,7,14,3,3,2,6,0,0,0,1,0,0,0,0,7.29702E+20,5.31112E+21,1.20742E+16,4.79122E+16
74835,74836,9,5,76,122,2016,7,13,1,2,0,7,0,0,1,0,0,0,0,0,6.69981E+20,5.44242E+21,1.13292E+16,4.91111E+16
74836,74837,9,4,72,175,2016,7,11,3,3,2,1,0,0,0,0,0,0,1,0,6.78872E+20,5.51047E+21,1.14816E+16,4.97201E+16
74837,74838,9,2,74,121,2016,7,18,3,2,5,3,0,0,0,1,0,0,0,0,7.25123E+20,5.36853E+21,1.20434E+16,4.84297E+16
74838,74839,9,7,73,125,2016,7,21,4,3,8,1,1,0,0,1,0,0,0,0,6.07595E+20,5.38311E+21,1.04592E+16,4.85918E+16
74839,74840,9,7,71,142,2016,7,6,2,3,4,6,0,0,1,0,0,1,0,0,6.45387E+20,5.35306E+21,1.0961E+16,4.8314E+16
74840,74841,9,6,79,144,2016,7,17,2,3,8,1,0,0,0,1,0,0,0,0,5.53665E+20,5.51213E+21,9.7451E+15,4.97592E+16
74841,74842,9,1,62,0,2016,7,7,2,2,2,6,0,0,0,1,0,1,0,0,6.85718E+20,5.33029E+21,1.14945E+16,4.80987E+16
74842,74843,9,5,64,0,2016,7,12,7,3,4,2,0,0,0,1,0,0,0,0,6.47591E+20,5.47543E+21,1.10348E+16,4.94136E+16
74843,74844,9,2,74,124,2016,7,16,4,3,2,6,0,0,0,1,0,0,0,0,7.24317E+20,5.37739E+21,1.20373E+16,4.85096E+16
74844,74845,9,5,64,0,2016,7,17,4,3,0,1,0,0,0,0,0,1,0,0,6.54054E+20,5.47388E+21,1.11233E+16,4.93981E+16
74845,74846,9,1,87,114,2016,7,10,4,2,0,1,0,1,1,0,0,0,0,0,7.49097E+20,5.29582E+21,1.23246E+16,4.77676E+16
74846,74847,9,1,84,119,2016,7,17,3,3,2,6,0,0,0,1,0,0,0,0,6.97271E+20,5.3489E+21,1.16582E+16,4.82626E+16
74847,74848,9,1,76,111,2016,7,18,1,2,8,1,0,0,0,0,0,1,0,0,6.65766E+20,5.41383E+21,1.12599E+16,4.88552E+16
74848,74849,9,7,78,214,2016,7,17,1,3,8,7,0,0,0,1,0,0,0,0,5.97015E+20,5.31982E+21,1.03012E+16,4.80243E+16
74849,74850,9,7,79,155,2016,7,11,3,3,5,3,0,0,0,1,0,0,0,1,6.28061E+20,5.40603E+21,1.07437E+16,4.87941E+16
74850,74851,9,4,73,112,2016,7,15,1,2,8,1,0,0,0,0,0,1,0,0,6.37086E+20,5.56629E+21,1.09222E+16,5.02329E+16
74851,74852,9,3,73,112,2016,7,16,3,3,2,6,0,0,0,1,0,0,0,0,6.78709E+20,5.44586E+21,1.14503E+16,4.91396E+16
74852,74853,9,4,72,199,2016,7,10,2,3,2,6,0,0,0,1,0,0,0,1,6.89385E+20,5.53317E+21,1.16384E+16,4.99209E+16
74853,74854,9,1,89,120,2016,7,7,3,2,5,3,0,0,0,1,0,1,0,0,7.59432E+20,5.29796E+21,1.24635E+16,4.77827E+16
74854,74855,9,1,86,137,2016,7,16,3,3,2,6,0,0,0,1,0,1,0,0,6.82772E+20,5.39822E+21,1.14846E+16,4.87102E+16
74855,74856,9,5,62,0,2016,7,16,2,3,3,3,0,0,1,1,0,0,0,0,6.43121E+20,5.49589E+21,1.09807E+16,4.95986E+16
74856,74857,9,2,75,137,2016,7,12,7,2,8,7,0,0,0,1,0,0,0,0,8.41019E+20,5.38945E+21,1.36229E+16,4.85653E+16
74857,74858,9,1,90,121,2016,7,16,2,2,5,3,0,0,0,1,0,1,0,0,6.62518E+20,5.29E+21,1.1168E+16,4.77429E+16
74858,74859,9,5,64,0,2016,7,20,7,3,3,6,0,0,0,1,0,0,0,1,6.53234E+20,5.47565E+21,1.11127E+16,4.94142E+16
74859,74860,9,1,76,123,2016,7,15,1,2,8,1,0,0,0,0,0,1,0,0,6.57946E+20,5.41912E+21,1.11554E+16,4.89049E+16
74860,74861,9,6,79,193,2016,7,5,2,2,2,6,1,0,0,0,0,0,1,0,5.74254E+20,5.51092E+21,1.00307E+16,4.97462E+16
74861,74862,9,6,75,178,2016,7,0,2,2,8,7,2,0,0,1,0,0,0,0,5.94022E+20,5.51497E+21,1.0306E+16,4.97799E+16
74862,74863,9,2,74,194,2016,7,11,7,2,2,6,0,0,0,1,0,0,0,1,7.22578E+20,5.37665E+21,1.20134E+16,4.85035E+16
74863,74864,9,1,90,160,2016,7,11,2,2,0,1,0,0,1,0,0,0,0,0,6.45099E+20,5.28502E+21,1.09341E+16,4.77023E+16
74864,74865,9,5,71,192,2016,7,18,7,3,9,7,0,0,0,0,0,1,0,0,6.13706E+20,5.43448E+21,1.05563E+16,4.90527E+16
74865,74866,9,1,79,121,2016,7,15,1,3,0,7,0,0,1,0,0,0,0,0,6.67708E+20,5.33839E+21,1.1256E+16,4.81766E+16
74866,74867,9,1,73,123,2016,7,16,4,3,9,1,0,0,0,1,0,0,0,0,6.80031E+20,5.30419E+21,1.14073E+16,4.78658E+16
74867,74868,9,4,72,127,2016,7,6,4,2,2,6,0,0,0,1,0,0,1,0,6.80976E+20,5.52619E+21,1.15181E+16,4.98607E+16
74868,74869,9,1,86,158,2016,7,18,4,3,0,1,0,0,0,0,0,1,0,0,6.92151E+20,5.40597E+21,1.16155E+16,4.8777E+16
74869,74870,9,7,78,150,2016,7,7,3,3,2,6,0,0,0,1,0,0,0,0,5.84503E+20,5.32076E+21,1.01336E+16,4.80345E+16
74870,74871,9,1,81,144,2016,7,12,1,3,0,7,0,0,1,0,0,0,0,0,6.55712E+20,5.32255E+21,1.1089E+16,4.80373E+16
74871,74872,9,7,74,115,2016,7,19,1,3,5,3,0,0,1,1,0,0,0,0,6.09008E+20,5.34466E+21,1.04683E+16,4.82458E+16
74872,74873,9,6,77,203,2016,7,6,3,3,8,7,0,0,0,1,0,0,0,0,5.56312E+20,5.52598E+21,9.78386E+15,4.98835E+16
74873,74874,9,4,72,116,2016,7,12,1,2,8,1,0,0,0,0,0,1,0,0,6.92111E+20,5.54921E+21,1.16843E+16,5.00641E+16
74874,74875,9,3,61,0,2016,7,16,3,3,2,6,0,0,0,1,0,0,0,0,7.0655E+20,5.48251E+21,1.18505E+16,4.94601E+16
74875,74876,9,4,74,123,2016,7,14,2,3,5,3,0,0,0,1,0,0,0,1,6.47066E+20,5.51539E+21,1.10425E+16,4.97729E+16
74876,74877,9,1,87,177,2016,7,17,3,3,2,6,0,0,0,1,0,0,0,0,7.36039E+20,5.30428E+21,1.21552E+16,4.78485E+16
74877,74878,9,1,78,122,2016,7,18,3,3,1,6,0,0,0,1,0,0,0,0,7.06556E+20,5.38519E+21,1.1801E+16,4.85857E+16
74878,74879,9,5,64,0,2016,7,7,2,3,0,1,0,0,0,0,0,1,0,0,6.52638E+20,5.47676E+21,1.11049E+16,4.94243E+16
74879,74880,9,5,75,168,2016,7,15,7,2,8,1,0,0,0,1,0,0,0,0,5.8999E+20,5.48819E+21,1.02438E+16,4.95396E+16
74880,74881,9,1,75,132,2016,7,17,1,3,9,1,0,0,0,0,0,1,0,0,7.05305E+20,5.33581E+21,1.176E+16,4.81424E+16
74881,74882,9,7,80,146,2016,7,13,1,2,5,3,0,0,1,1,0,0,0,0,5.92347E+20,5.28861E+21,1.02319E+16,4.77443E+16
74882,74883,9,6,74,201,2016,7,1,1,3,8,1,2,0,0,1,0,0,0,0,6.24317E+20,5.53653E+21,1.07335E+16,4.99682E+16
74883,74884,9,5,64,0,2016,7,20,3,3,4,2,2,0,0,1,0,0,0,0,6.4633E+20,5.48088E+21,1.10195E+16,4.94629E+16
74884,74885,9,2,78,113,2016,7,13,4,3,9,1,0,0,0,1,0,0,0,0,7.72045E+20,5.42057E+21,1.27107E+16,4.88783E+16
74885,74886,9,1,75,132,2016,7,15,4,2,5,2,0,0,0,1,0,0,0,0,7.06147E+20,5.33079E+21,1.17688E+16,4.8097E+16
74886,74887,9,5,74,138,2016,7,16,3,3,2,6,0,0,0,1,0,0,0,0,6.65892E+20,5.48604E+21,1.12914E+16,4.95043E+16
74887,74888,9,3,76,141,2016,7,15,1,3,0,1,0,0,1,0,0,0,0,0,7.25817E+20,5.45042E+21,1.20978E+16,4.91651E+16
74888,74889,9,2,77,113,2016,7,17,3,3,4,6,0,0,0,1,0,0,0,0,8.02076E+20,5.37175E+21,1.30837E+16,4.84264E+16
74889,74890,9,1,77,133,2016,7,15,5,3,0,6,0,0,0,0,0,1,1,0,7.09953E+20,5.35806E+21,1.18334E+16,4.83408E+16
74890,74891,9,3,74,124,2016,7,22,4,3,7,7,2,0,0,1,0,0,0,0,7.08643E+20,5.51295E+21,1.18955E+16,4.97328E+16
74891,74892,9,1,74,115,2016,7,10,4,3,4,2,0,0,1,1,0,0,0,0,6.81164E+20,5.34727E+21,1.14406E+16,4.82528E+16
74892,74893,9,7,63,0,2016,7,10,3,2,2,6,0,0,0,1,0,0,1,0,5.99516E+20,5.28964E+21,1.03277E+16,4.77524E+16
74893,74894,9,7,63,0,2016,7,19,1,3,1,6,0,0,0,1,0,1,0,0,5.99116E+20,5.28653E+21,1.03217E+16,4.77245E+16
74894,74895,9,6,71,157,2016,7,16,3,2,5,2,0,0,0,1,0,1,0,0,5.28453E+20,5.52687E+21,9.39614E+15,4.98935E+16
74895,74896,9,2,63,0,2016,7,18,3,3,5,3,0,0,1,1,0,0,0,0,7.62778E+20,5.41989E+21,1.25841E+16,4.88762E+16
74896,74897,9,4,74,126,2016,7,16,2,3,2,6,0,0,0,1,0,0,0,0,6.49077E+20,5.5092E+21,1.10681E+16,4.97168E+16
74897,74898,9,1,62,0,2016,7,7,2,3,6,2,0,0,0,1,1,0,0,0,6.91748E+20,5.3319E+21,1.15762E+16,4.81115E+16
74898,74899,9,6,72,117,2016,7,17,4,3,9,6,0,0,0,1,0,1,0,0,5.73656E+20,5.57295E+21,1.00343E+16,5.03041E+16
74899,74900,9,5,71,196,2016,7,23,7,3,8,1,2,0,0,1,0,0,0,0,6.18292E+20,5.4604E+21,1.06266E+16,4.92849E+16
74900,74901,9,1,84,129,2016,7,13,1,3,2,6,0,0,0,1,0,0,0,0,7.00478E+20,5.32557E+21,1.16903E+16,4.80519E+16
74901,74902,9,7,77,158,2016,7,22,1,3,0,1,2,0,1,0,0,0,0,0,6.21548E+20,5.30902E+21,1.0627E+16,4.7923E+16
74902,74903,9,5,74,141,2016,7,17,1,3,8,1,0,0,0,1,0,0,0,0,6.67599E+20,5.48907E+21,1.13162E+16,4.9531E+16
74903,74904,9,4,78,139,2016,7,14,3,3,5,3,0,0,0,1,0,0,0,0,6.47648E+20,5.5562E+21,1.10663E+16,5.01396E+16
74904,74905,9,5,63,0,2016,7,10,3,3,2,6,0,0,0,1,0,0,1,0,6.43196E+20,5.47983E+21,1.09759E+16,4.94542E+16
74905,74906,9,7,75,135,2016,7,14,4,3,5,2,0,0,1,1,0,0,0,0,5.74678E+20,5.36072E+21,1.00088E+16,4.83953E+16
74906,74907,9,7,80,124,2016,7,16,2,1,9,1,0,0,0,1,0,0,0,0,5.89987E+20,5.2686E+21,1.01963E+16,4.75646E+16
74907,74908,9,1,90,117,2016,7,9,2,3,8,6,0,0,0,1,0,0,0,0,6.53021E+20,5.28924E+21,1.10411E+16,4.77384E+16
74908,74909,9,5,61,0,2016,7,17,7,3,4,2,0,0,0,1,0,0,0,0,6.14273E+20,5.46253E+21,1.0572E+16,4.93048E+16
74909,74910,9,2,77,144,2016,7,17,4,3,0,7,0,1,0,1,0,1,0,0,7.83289E+20,5.37964E+21,1.28357E+16,4.85059E+16
74910,74911,9,7,78,219,2016,7,17,2,3,8,7,0,0,0,0,0,1,0,0,5.9041E+20,5.309E+21,1.02103E+16,4.7928E+16
74911,74912,9,5,62,0,2016,7,14,4,3,0,3,0,0,0,1,0,0,0,1,6.42893E+20,5.49464E+21,1.0977E+16,4.95874E+16
74912,74913,9,4,75,141,2016,7,10,7,3,8,1,0,1,0,1,0,0,0,0,6.99552E+20,5.57997E+21,1.18043E+16,5.0338E+16
74913,74914,9,1,78,113,2016,7,14,1,3,0,1,0,0,1,0,0,0,0,0,6.91868E+20,5.36736E+21,1.15939E+16,4.84301E+16
74914,74915,9,7,62,0,2016,7,17,1,3,2,6,0,0,0,1,0,0,0,0,6.2307E+20,5.30608E+21,1.06466E+16,4.78963E+16
74915,74916,9,5,64,0,2016,7,0,1,3,5,3,2,0,0,1,0,0,0,0,6.51093E+20,5.47518E+21,1.1083E+16,4.94106E+16
74916,74917,9,4,74,122,2016,7,12,3,3,8,1,0,0,1,0,0,0,0,0,6.51068E+20,5.50192E+21,1.10929E+16,4.96509E+16
74917,74918,9,1,90,142,2016,7,19,3,3,0,7,0,0,1,0,0,0,0,1,6.59668E+20,5.29755E+21,1.11327E+16,4.78114E+16
74918,74919,9,7,72,159,2016,7,18,4,3,2,6,0,0,0,1,0,0,0,0,6.22291E+20,5.36181E+21,1.06521E+16,4.83976E+16
74919,74920,9,7,61,0,2016,7,20,2,3,1,6,0,0,0,1,0,0,0,0,6.38076E+20,5.36135E+21,1.08651E+16,4.83902E+16
74920,74921,9,6,77,135,2016,7,19,2,3,0,1,0,0,0,0,0,1,0,0,5.32576E+20,5.53306E+21,9.45407E+15,4.9949E+16
74921,74922,9,1,90,141,2016,7,10,2,2,5,3,0,0,1,1,0,0,0,0,6.77691E+20,5.29193E+21,1.1371E+16,4.77562E+16
74922,74923,9,4,76,145,2016,7,11,7,2,8,1,0,1,0,0,0,1,0,0,6.64234E+20,5.57203E+21,1.1305E+16,5.02776E+16
74923,74924,9,2,61,0,2016,7,7,4,3,5,3,0,0,0,1,0,0,1,0,7.3218E+20,5.38E+21,1.21451E+16,4.85301E+16
74924,74925,9,5,77,177,2016,7,19,4,3,5,3,0,0,0,1,0,0,0,0,6.4383E+20,5.43253E+21,1.09676E+16,4.90289E+16
74925,74926,9,1,61,0,2016,7,18,4,3,4,3,0,0,1,0,0,0,0,0,6.79434E+20,5.40341E+21,1.14415E+16,4.87578E+16
74926,74927,9,7,78,214,2016,7,15,3,3,3,6,0,0,0,1,0,0,0,0,5.95489E+20,5.31947E+21,1.02806E+16,4.80214E+16
74927,74928,9,1,62,0,2016,7,23,7,3,1,5,2,1,0,1,0,0,0,0,6.92082E+20,5.34038E+21,1.15845E+16,4.81876E+16
74928,74929,9,7,80,124,2016,7,16,1,3,4,2,0,0,0,1,0,0,0,0,5.94037E+20,5.26794E+21,1.025E+16,4.75581E+16
74929,74930,9,7,72,184,2016,7,18,3,3,1,6,0,0,0,1,0,0,0,0,6.32875E+20,5.35861E+21,1.07941E+16,4.83667E+16
74930,74931,9,4,72,176,2016,7,16,1,2,9,1,0,0,0,1,0,0,0,0,6.68147E+20,5.5276E+21,1.13404E+16,4.98772E+16
74931,74932,9,3,71,151,2016,7,17,3,3,1,6,0,0,1,1,0,0,0,0,6.99595E+20,5.48619E+21,1.17565E+16,4.94955E+16
74932,74933,9,3,77,159,2016,7,14,2,3,0,1,0,0,1,0,0,0,0,0,7.31184E+20,5.53389E+21,1.22203E+16,4.99126E+16
74933,74934,9,5,64,0,2016,7,11,4,2,0,7,0,0,1,0,0,0,0,0,6.5307E+20,5.48095E+21,1.11124E+16,4.94619E+16
74934,74935,9,1,71,113,2016,7,17,4,3,5,2,0,0,0,1,0,0,0,0,7.76848E+20,5.33978E+21,1.27225E+16,4.8151E+16
74935,74936,9,1,62,0,2016,7,19,7,3,2,6,0,1,0,1,0,0,0,1,6.92925E+20,5.33127E+21,1.15917E+16,4.81055E+16
74936,74937,9,7,79,154,2016,7,13,1,2,8,1,0,0,0,0,0,1,0,0,6.18226E+20,5.42474E+21,1.06153E+16,4.89642E+16
74937,74938,9,5,71,136,2016,7,16,1,2,0,1,0,0,1,0,0,0,0,0,5.96692E+20,5.43623E+21,1.03239E+16,4.90714E+16
74938,74939,9,3,77,146,2016,7,17,3,2,4,6,0,0,0,1,0,0,1,0,7.3502E+20,5.52388E+21,1.22675E+16,4.98213E+16
74939,74940,9,3,74,137,2016,7,18,2,3,8,1,0,0,0,0,0,1,0,0,7.45368E+20,5.49839E+21,1.23951E+16,4.95883E+16
74940,74941,9,1,89,124,2016,7,11,3,3,0,1,0,0,1,0,0,0,0,0,7.80939E+20,5.29662E+21,1.27492E+16,4.77616E+16