FID,OBJECTID,ULAND,UREGBEZ,UKREIS,UGEMEINDE,UJAHR,UMONAT,USTUNDE,UWOCHENTAG,UKATEGORIE,UART,UTYP1,ULICHTVERH,IstStrasse,IstRad,IstPKW,IstFuss,IstKrad,IstGkfz,IstSonstig,LINREFX,LINREFY,XGCSWGS84,YGCSWGS84
74941,74942,9,1,76,126,2016,7,18,3,3,6,4,0,0,0,1,1,0,0,0,6.73974E+20,5.40824E+21,1.13693E+16,4.88027E+16
74942,74943,9,6,61,0,2016,7,20,2,3,3,2,0,0,1,1,0,0,0,0,5.09472E+20,5.53645E+21,9.13211E+15,4.99803E+16
74943,74944,9,2,73,178,2016,7,9,7,2,3,6,0,0,0,1,0,1,0,0,7.1138E+20,5.38714E+21,1.18673E+16,4.86017E+16
74944,74945,9,1,89,145,2016,7,14,2,3,9,6,0,0,0,1,0,0,1,0,7.7349E+20,5.30336E+21,1.26542E+16,4.78254E+16
74945,74946,9,4,72,179,2016,7,17,7,3,8,1,0,1,0,1,0,0,0,0,6.78106E+20,5.52233E+21,1.14764E+16,4.98269E+16
74946,74947,9,1,84,119,2016,7,12,7,2,5,3,0,0,0,0,0,1,1,0,6.97268E+20,5.3489E+21,1.16581E+16,4.82625E+16
74947,74948,9,1,80,135,2016,7,14,4,3,8,1,0,0,0,1,0,0,0,0,6.52556E+20,5.27618E+21,1.10303E+16,4.7621E+16
74948,74949,9,4,71,185,2016,7,12,4,3,3,6,0,0,0,1,0,0,0,0,6.47131E+20,5.53869E+21,1.10523E+16,4.99824E+16
74949,74950,9,1,84,120,2016,7,8,4,3,2,6,0,0,0,1,0,0,0,0,6.80864E+20,5.33338E+21,1.14307E+16,4.81279E+16
74950,74951,9,7,74,136,2016,7,14,3,3,4,1,0,0,0,1,0,0,0,0,6.04915E+20,5.37545E+21,1.04209E+16,4.85234E+16
74951,74952,9,7,79,218,2016,7,13,1,3,2,6,0,0,0,1,0,1,0,0,6.23585E+20,5.39223E+21,1.06786E+16,4.86709E+16
74952,74953,9,6,78,178,2016,7,20,3,3,5,3,0,1,0,1,0,0,0,0,5.89314E+20,5.54313E+21,1.02471E+16,5.00337E+16
74953,74954,9,4,74,140,2016,7,21,1,3,0,2,1,0,0,1,0,0,0,0,6.61923E+20,5.49946E+21,1.12421E+16,4.9626E+16
74954,74955,9,2,71,119,2016,7,10,3,3,2,1,0,0,0,1,0,0,0,0,7.93987E+20,5.41199E+21,1.30031E+16,4.87913E+16
74955,74956,9,3,74,132,2016,7,13,2,3,0,7,0,0,0,0,0,1,0,0,7.3679E+20,5.49808E+21,1.22765E+16,4.95889E+16
74956,74957,9,1,87,168,2016,7,16,3,3,0,1,0,0,1,0,0,0,0,0,7.49419E+20,5.30867E+21,1.23363E+16,4.78829E+16
74957,74958,9,1,77,137,2016,7,18,3,3,4,2,0,0,0,1,0,0,0,0,7.34657E+20,5.34919E+21,1.21614E+16,4.82524E+16
74958,74959,9,5,73,111,2016,7,7,2,3,1,6,0,0,0,1,0,0,1,0,6.33788E+20,5.47563E+21,1.08447E+16,4.94186E+16
74959,74960,9,6,74,221,2016,7,18,4,3,2,6,0,0,0,1,0,0,0,0,6.16288E+20,5.53974E+21,1.06226E+16,4.99986E+16
74960,74961,9,1,71,111,2016,7,19,3,3,9,1,0,1,0,0,0,1,0,0,7.73951E+20,5.34851E+21,1.26892E+16,4.82306E+16
74961,74962,9,1,88,120,2016,7,16,3,2,4,6,0,0,0,1,0,0,0,0,6.71738E+20,5.32427E+21,1.13045E+16,4.80486E+16
74962,74963,9,5,76,141,2016,7,16,2,3,9,1,0,0,0,1,0,0,0,0,6.48587E+20,5.44412E+21,1.10369E+16,4.91319E+16
74963,74964,9,1,89,155,2016,7,17,2,3,5,3,0,0,1,1,0,0,0,0,7.70165E+20,5.31028E+21,1.26142E+16,4.78889E+16
74964,74965,9,4,77,128,2016,7,5,7,3,8,7,1,0,0,1,0,0,0,0,6.74385E+20,5.55397E+21,1.14391E+16,5.01124E+16
74965,74966,9,1,84,140,2016,7,12,7,3,0,7,0,0,0,1,0,1,0,0,7.02414E+20,5.32916E+21,1.1718E+16,4.80836E+16
74966,74967,9,6,79,193,2016,7,12,1,3,2,6,0,0,0,1,0,0,0,0,5.75716E+20,5.51213E+21,1.00512E+16,4.97569E+16
74967,74968,9,3,76,161,2016,7,19,4,1,9,1,0,0,0,0,0,1,1,0,7.28804E+20,5.47142E+21,1.21507E+16,4.93525E+16
74968,74969,9,1,74,136,2016,7,13,4,2,4,6,0,0,0,1,0,0,0,1,6.8337E+20,5.36401E+21,1.14776E+16,4.84026E+16
74969,74970,9,7,79,201,2016,7,13,3,3,5,3,0,0,0,1,0,1,0,0,6.41318E+20,5.39513E+21,1.09204E+16,4.86932E+16
74970,74971,9,6,77,181,2016,7,10,1,2,2,6,0,0,0,1,0,1,0,0,5.41975E+20,5.52874E+21,9.58461E+15,4.99095E+16
74971,74972,9,6,61,0,2016,7,10,3,3,5,3,0,0,0,1,0,0,0,0,5.11299E+20,5.53661E+21,9.1576E+15,4.99817E+16
74972,74973,9,3,76,117,2016,7,13,1,3,2,1,0,0,0,0,0,1,0,0,7.39788E+20,5.46186E+21,1.2296E+16,4.92625E+16
74973,74974,9,2,76,138,2016,7,8,3,3,2,6,0,0,0,1,0,0,0,0,8.01321E+20,5.4319E+21,1.31174E+16,4.89664E+16
74974,74975,9,1,78,143,2016,7,7,5,3,5,3,0,0,0,1,0,0,0,0,7.16753E+20,5.3731E+21,1.19328E+16,4.84737E+16
74975,74976,9,1,84,145,2016,7,13,2,2,5,3,0,0,0,1,0,0,0,1,6.98664E+20,5.3246E+21,1.16656E+16,4.80437E+16
74976,74977,9,6,76,144,2016,7,16,4,3,2,6,0,0,0,0,0,1,0,0,5.08961E+20,5.52901E+21,9.12482E+15,4.99134E+16
74977,74978,9,4,74,176,2016,7,13,7,1,4,1,0,1,0,1,0,1,0,0,6.64576E+20,5.51892E+21,1.1287E+16,4.98002E+16
74978,74979,9,7,63,0,2016,7,20,7,3,4,2,0,1,0,1,0,0,0,0,5.98401E+20,5.28647E+21,1.03122E+16,4.77241E+16
74979,74980,9,6,75,141,2016,7,17,1,3,5,2,0,0,1,1,0,0,0,0,5.85056E+20,5.51094E+21,1.01806E+16,4.97449E+16
74980,74981,9,5,72,137,2016,7,16,1,3,4,2,0,0,0,1,0,0,0,0,6.5359E+20,5.4921E+21,1.11239E+16,4.9562E+16
74981,74982,9,4,73,158,2016,7,15,3,2,5,3,0,0,0,1,0,1,0,0,6.30398E+20,5.57304E+21,1.08308E+16,5.0295E+16
74982,74983,9,5,64,0,2016,7,10,3,2,4,2,0,0,0,1,0,0,0,0,6.47848E+20,5.47997E+21,1.10401E+16,4.94543E+16
74983,74984,9,4,74,140,2016,7,9,7,1,6,4,0,0,0,0,1,0,0,1,6.61371E+20,5.49871E+21,1.12342E+16,4.96194E+16
74984,74985,9,7,77,111,2016,7,21,7,3,4,1,2,1,0,1,0,0,1,0,6.14858E+20,5.29776E+21,1.05345E+16,4.78229E+16
74985,74986,9,6,78,174,2016,7,15,1,3,4,6,0,0,0,1,0,0,0,0,5.93256E+20,5.54508E+21,1.03026E+16,5.00507E+16
74986,74987,9,5,71,136,2016,7,9,3,3,4,2,0,0,0,1,0,0,0,1,5.95053E+20,5.43673E+21,1.03016E+16,4.90761E+16
74987,74988,9,2,75,114,2016,7,17,4,3,9,1,0,0,0,1,0,0,0,0,8.02683E+20,5.3887E+21,1.31042E+16,4.85782E+16
74988,74989,9,1,77,113,2016,7,15,4,2,4,6,0,0,0,1,0,0,0,1,7.18572E+20,5.35339E+21,1.19471E+16,4.82959E+16
74989,74990,9,5,65,0,2016,7,16,3,3,5,3,0,0,1,1,0,0,0,0,6.4738E+20,5.46584E+21,1.10284E+16,4.93275E+16
74990,74991,9,2,76,117,2016,7,10,1,3,0,7,0,0,0,0,0,1,0,1,8.02168E+20,5.44295E+21,1.31371E+16,4.90652E+16
74991,74992,9,2,77,116,2016,7,17,3,2,2,6,0,0,0,0,0,1,0,0,7.77383E+20,5.37063E+21,1.27499E+16,4.84277E+16
74992,74993,9,1,84,118,2016,7,15,4,3,3,6,0,0,0,1,0,1,0,0,7.04247E+20,5.33629E+21,1.1746E+16,4.8147E+16
74993,74994,9,7,75,135,2016,7,14,2,3,5,2,0,0,0,1,0,0,0,0,5.77276E+20,5.35992E+21,1.00438E+16,4.83877E+16
74994,74995,9,3,75,199,2016,7,20,7,3,9,1,1,1,0,1,0,0,0,0,7.19898E+20,5.43127E+21,1.20063E+16,4.89951E+16
74995,74996,9,5,74,156,2016,7,16,4,3,1,5,0,0,0,1,0,1,0,0,6.58886E+20,5.4821E+21,1.11931E+16,4.94707E+16
74996,74997,9,3,73,155,2016,7,12,7,3,0,3,0,1,0,1,0,0,0,0,6.71034E+20,5.46486E+21,1.13532E+16,4.93125E+16
74997,74998,9,7,76,129,2016,7,14,7,3,8,1,0,1,0,0,0,1,0,0,5.70454E+20,5.27065E+21,9.937E+15,4.75854E+16
74998,74999,9,6,78,168,2016,7,18,1,3,2,6,0,0,0,1,0,0,1,0,5.83104E+20,5.55142E+21,1.01622E+16,5.01092E+16
74999,75000,9,5,64,0,2016,7,10,1,3,5,1,0,0,1,1,0,0,0,0,6.50035E+20,5.47723E+21,1.10692E+16,4.94292E+16
75000,75001,9,4,61,0,2016,7,15,3,3,4,2,0,0,0,1,0,0,0,0,6.38006E+20,5.52867E+21,1.09215E+16,4.98945E+16
75001,75002,9,3,75,190,2016,7,10,2,2,5,3,0,0,1,0,0,1,0,0,7.28035E+20,5.44466E+21,1.21249E+16,4.91124E+16
75002,75003,9,1,90,132,2016,7,14,3,3,0,7,0,0,0,1,0,0,0,1,6.7259E+20,5.29681E+21,1.13049E+16,4.78015E+16
75003,75004,9,1,87,150,2016,7,18,3,3,0,3,0,0,1,1,0,0,0,0,7.28436E+20,5.30446E+21,1.20538E+16,4.78528E+16
75004,75005,9,6,79,154,2016,7,19,4,2,2,6,0,0,0,1,0,0,1,0,5.55667E+20,5.51315E+21,9.77304E+15,4.97683E+16
75005,75006,9,7,71,162,2016,7,19,2,3,8,7,0,0,0,0,0,1,0,0,6.64499E+20,5.3691E+21,1.12249E+16,4.84535E+16
75006,75007,9,5,75,144,2016,7,9,2,3,5,2,0,0,0,1,0,0,0,1,5.98035E+20,5.50372E+21,1.03589E+16,4.96781E+16
75007,75008,9,2,79,113,2016,7,15,7,3,6,7,0,0,0,1,1,0,0,0,7.88212E+20,5.39521E+21,1.29129E+16,4.86434E+16
75008,75009,9,1,82,132,2016,7,7,5,3,2,6,0,0,0,1,0,1,0,0,7.06883E+20,5.2875E+21,1.1758E+16,4.77077E+16
75009,75010,9,7,78,190,2016,7,17,6,3,2,6,0,0,0,1,0,0,0,0,6.10393E+20,5.32928E+21,1.0483E+16,4.81072E+16
75010,75011,9,2,63,0,2016,7,13,6,3,1,6,0,0,0,1,0,1,0,0,7.64347E+20,5.41957E+21,1.26053E+16,4.88727E+16
75011,75012,9,5,62,0,2016,7,18,6,3,5,3,0,0,1,1,0,0,0,0,6.41881E+20,5.49147E+21,1.09619E+16,4.95591E+16
75012,75013,9,2,78,141,2016,7,19,5,3,8,1,0,0,0,0,0,1,0,0,7.59054E+20,5.43042E+21,1.25401E+16,4.89723E+16
75013,75014,9,3,72,171,2016,7,13,1,3,5,3,0,0,0,1,0,1,0,0,7.73535E+20,5.47144E+21,1.27654E+16,4.93343E+16
75014,75015,9,6,71,130,2016,7,15,7,2,8,1,0,0,0,0,0,1,0,0,5.12684E+20,5.54196E+21,9.17709E+15,5.00298E+16
75015,75016,9,2,75,159,2016,7,11,1,3,9,1,0,0,0,1,0,0,0,0,8.15697E+20,5.397E+21,1.32864E+16,4.86462E+16
75016,75017,9,1,82,125,2016,7,14,1,2,4,1,0,0,0,1,0,1,0,0,7.1221E+20,5.29588E+21,1.1833E+16,4.77813E+16
75017,75018,9,5,64,0,2016,7,7,5,3,2,6,0,0,0,1,0,0,0,0,6.52223E+20,5.47347E+21,1.10979E+16,4.93949E+16
75018,75019,9,7,72,130,2016,7,16,1,2,0,7,0,0,1,0,0,0,0,0,6.32586E+20,5.35815E+21,1.079E+16,4.83626E+16
75019,75020,9,1,74,113,2016,7,14,6,3,2,6,0,0,0,1,0,0,0,0,6.74393E+20,5.34491E+21,1.13485E+16,4.82334E+16
75020,75021,9,2,73,137,2016,7,10,6,2,9,1,0,0,0,0,0,1,0,0,7.13419E+20,5.42677E+21,1.19155E+16,4.89569E+16
75021,75022,9,1,80,117,2016,7,22,7,3,0,7,2,0,1,0,0,0,0,0,6.56863E+20,5.26187E+21,1.10825E+16,4.74914E+16
75022,75023,9,7,72,171,2016,7,13,6,3,5,3,0,0,1,1,0,0,0,0,6.37732E+20,5.37206E+21,1.0864E+16,4.84865E+16
75023,75024,9,6,73,141,2016,7,16,1,3,9,1,0,0,0,1,0,0,0,0,6.04438E+20,5.56891E+21,1.04653E+16,5.02631E+16
75024,75025,9,5,74,140,2016,7,16,1,3,4,1,0,0,0,1,0,1,0,0,6.83463E+20,5.50098E+21,1.15408E+16,4.96335E+16
75025,75026,9,7,77,135,2016,7,14,6,3,9,6,0,0,1,0,0,0,0,0,6.23728E+20,5.27419E+21,1.06463E+16,4.76093E+16
75026,75027,9,2,74,127,2016,7,15,6,2,2,6,0,0,1,1,0,0,0,0,7.35606E+20,5.39631E+21,1.22007E+16,4.86753E+16
75027,75028,9,5,62,0,2016,7,18,6,2,3,2,0,0,1,1,0,0,0,0,6.45863E+20,5.49546E+21,1.10184E+16,4.95941E+16
75028,75029,9,2,78,141,2016,7,12,5,3,5,3,0,0,1,1,0,0,0,0,7.59839E+20,5.4271E+21,1.25487E+16,4.89422E+16
75029,75030,9,5,72,132,2016,7,19,5,3,5,3,0,0,1,1,0,0,0,0,6.3584E+20,5.49226E+21,1.08787E+16,4.95677E+16
75030,75031,9,5,65,0,2016,7,15,7,3,0,7,0,0,1,0,0,0,0,0,6.47894E+20,5.46607E+21,1.10355E+16,4.93295E+16
75031,75032,9,1,90,130,2016,7,11,1,3,0,1,0,0,1,0,0,0,0,0,6.50528E+20,5.29518E+21,1.10099E+16,4.77924E+16
75032,75033,9,1,81,141,2016,7,19,1,3,2,2,0,0,0,1,0,1,0,0,6.43921E+20,5.32001E+21,1.093E+16,4.80172E+16
75033,75034,9,1,75,127,2016,7,14,6,3,2,2,0,0,0,1,0,0,0,0,7.10811E+20,5.34202E+21,1.1837E+16,4.81964E+16
75034,75035,9,7,74,155,2016,7,0,7,3,0,1,2,0,0,1,0,0,0,0,5.89386E+20,5.3664E+21,1.02087E+16,4.84444E+16
75035,75036,9,3,76,164,2016,7,16,1,2,5,3,0,0,0,1,0,1,0,0,7.44901E+20,5.47916E+21,1.23768E+16,4.94158E+16
75036,75037,9,5,62,0,2016,7,0,7,3,0,7,2,1,1,0,0,0,0,0,6.43616E+20,5.4935E+21,1.09866E+16,4.9577E+16
75037,75038,9,2,77,121,2016,7,10,1,3,5,3,0,0,0,1,0,1,0,0,7.635E+20,5.37064E+21,1.25626E+16,4.84337E+16
75038,75039,9,1,76,129,2016,7,15,1,3,0,1,0,0,1,0,0,0,0,0,6.89425E+20,5.4098E+21,1.15802E+16,4.88123E+16
75039,75040,9,5,74,158,2016,7,21,5,3,0,7,1,0,0,0,0,1,0,0,6.70452E+20,5.50059E+21,1.13606E+16,4.96338E+16
75040,75041,9,1,78,123,2016,7,14,6,3,0,1,0,0,1,1,0,0,0,0,6.89934E+20,5.3584E+21,1.15637E+16,4.83502E+16
75041,75042,9,1,62,0,2016,7,12,7,3,2,6,2,0,0,1,0,0,0,0,6.87365E+20,5.33263E+21,1.15176E+16,4.81193E+16
75042,75043,9,1,90,130,2016,7,20,6,3,0,7,0,0,0,0,0,1,0,0,6.51625E+20,5.29591E+21,1.10248E+16,4.77986E+16
75043,75044,9,1,63,0,2016,7,2,7,3,9,1,2,0,0,1,0,0,0,0,7.29629E+20,5.30078E+21,1.20678E+16,4.78194E+16
75044,75045,9,7,72,171,2016,7,14,6,3,2,6,0,0,0,1,0,0,0,0,6.38596E+20,5.37072E+21,1.08753E+16,4.84743E+16
75045,75046,9,5,76,113,2016,7,21,1,3,9,7,1,0,0,1,0,0,0,0,6.61335E+20,5.45768E+21,1.1217E+16,4.92506E+16
75046,75047,9,4,72,119,2016,7,9,6,3,1,1,0,0,0,1,0,0,0,0,6.89176E+20,5.53973E+21,1.16387E+16,4.99799E+16
75047,75048,9,4,75,123,2016,7,12,1,3,2,6,0,0,0,1,0,0,0,0,7.05724E+20,5.58374E+21,1.1893E+16,5.03697E+16
75048,75049,9,2,76,138,2016,7,17,5,2,1,6,0,0,0,1,0,0,0,0,8.02788E+20,5.43262E+21,1.31379E+16,4.89722E+16
75049,75050,9,5,76,127,2016,7,10,5,3,4,2,0,0,0,1,0,1,0,0,6.59304E+20,5.45072E+21,1.11863E+16,4.91886E+16
75050,75051,9,1,78,155,2016,7,7,6,3,2,6,0,0,0,1,0,0,1,0,7.18743E+20,5.37459E+21,1.19605E+16,4.84863E+16
75051,75052,9,5,71,166,2016,7,16,7,2,5,2,0,0,0,0,0,1,0,1,6.06621E+20,5.4563E+21,1.04651E+16,4.92502E+16
75052,75053,9,1,89,155,2016,7,12,1,3,4,6,0,0,0,1,0,0,0,0,7.70539E+20,5.30577E+21,1.26164E+16,4.78483E+16
75053,75054,9,1,75,124,2016,7,8,6,3,5,3,0,0,1,1,0,0,0,0,7.12874E+20,5.32937E+21,1.18584E+16,4.8082E+16
75054,75055,9,7,77,121,2016,7,22,7,3,9,1,2,0,0,1,0,0,0,0,6.27193E+20,5.32232E+21,1.07065E+16,4.80415E+16
75055,75056,9,1,80,117,2016,7,7,6,3,2,6,0,0,0,1,0,0,0,0,6.56245E+20,5.26163E+21,1.10742E+16,4.74894E+16
75056,75057,9,1,61,0,2016,7,19,7,3,5,2,0,0,1,1,0,0,0,0,6.77586E+20,5.40529E+21,1.14172E+16,4.87753E+16
75057,75058,9,1,82,132,2016,7,11,5,3,5,3,0,0,0,1,0,1,0,0,7.08077E+20,5.28623E+21,1.17732E+16,4.7696E+16
75058,75059,9,1,78,138,2016,7,13,7,3,8,6,0,0,0,1,0,0,0,0,7.13345E+20,5.36961E+21,1.1885E+16,4.84434E+16
75059,75060,9,3,73,147,2016,7,11,6,3,1,6,0,0,0,1,0,0,0,0,6.80752E+20,5.46406E+21,1.14864E+16,4.93026E+16
75060,75061,9,1,87,150,2016,7,12,7,3,0,6,0,0,0,1,0,0,0,0,7.27818E+20,5.30321E+21,1.20449E+16,4.78419E+16
75061,75062,9,4,61,0,2016,7,12,6,3,4,2,0,0,0,1,0,0,0,0,6.35972E+20,5.52972E+21,1.08936E+16,4.99044E+16
75062,75063,9,4,74,175,2016,7,16,1,3,4,2,0,0,0,1,0,1,0,0,6.53545E+20,5.50934E+21,1.11301E+16,4.9717E+16
75063,75064,9,7,63,0,2016,7,16,6,3,4,1,0,0,0,1,0,0,0,0,5.94121E+20,5.29049E+21,1.0256E+16,4.77609E+16
75064,75065,9,7,79,155,2016,7,21,7,3,4,7,0,0,0,0,0,0,0,1,6.2021E+20,5.40907E+21,1.06377E+16,4.8823E+16
75065,75066,9,2,71,125,2016,7,18,5,2,0,1,0,0,0,0,0,1,0,0,7.97265E+20,5.41199E+21,1.30476E+16,4.87898E+16
75066,75067,9,5,74,147,2016,7,18,5,3,4,6,0,0,0,1,0,0,1,0,6.79777E+20,5.48904E+21,1.14844E+16,4.95273E+16
75067,75068,9,1,77,123,2016,7,15,6,3,0,6,0,0,1,0,0,0,0,1,7.26177E+20,5.34057E+21,1.20427E+16,4.81781E+16
75068,75069,9,1,73,133,2016,7,18,6,2,9,1,0,0,0,0,0,1,0,0,6.76998E+20,5.27816E+21,1.13561E+16,4.76326E+16
75069,75070,9,3,73,143,2016,7,15,7,3,6,4,0,0,0,1,1,0,0,0,7.00805E+20,5.45082E+21,1.17553E+16,4.91773E+16
75070,75071,9,3,73,113,2016,7,12,7,3,8,1,0,0,0,1,0,0,0,0,6.78486E+20,5.46687E+21,1.14566E+16,4.93285E+16
75071,75072,9,1,87,125,2016,7,12,1,2,0,7,0,0,1,0,0,0,0,0,7.5228E+20,5.31178E+21,1.23763E+16,4.79097E+16
75072,75073,9,7,77,112,2016,7,21,7,3,8,1,2,0,0,0,0,1,0,0,6.23014E+20,5.29815E+21,1.06435E+16,4.78249E+16
75073,75074,9,1,61,0,2016,7,12,5,3,5,2,0,0,1,1,0,0,0,0,6.78905E+20,5.40648E+21,1.14356E+16,4.87856E+16
75074,75075,9,1,62,0,2016,7,15,6,3,5,3,0,0,0,1,0,1,0,0,6.89009E+20,5.34164E+21,1.15437E+16,4.81998E+16
75075,75076,9,3,71,135,2016,7,16,6,2,8,6,0,0,0,0,0,1,0,0,6.91563E+20,5.4961E+21,1.16505E+16,4.95871E+16
75076,75077,9,5,72,137,2016,7,17,6,3,2,6,0,0,0,1,0,1,0,0,6.53061E+20,5.49098E+21,1.11162E+16,4.95521E+16
75077,75078,9,2,71,125,2016,7,9,5,3,0,1,0,0,1,0,0,0,0,0,7.9799E+20,5.4081E+21,1.30547E+16,4.87545E+16
75078,75079,9,4,71,145,2016,7,19,1,3,2,6,0,0,0,1,0,0,0,0,6.41344E+20,5.51875E+21,1.09643E+16,4.98045E+16
75079,75080,9,6,72,114,2016,7,17,7,3,5,3,0,0,0,1,0,0,0,0,5.7576E+20,5.56069E+21,1.00614E+16,5.01936E+16
75080,75081,9,2,63,0,2016,7,19,1,3,5,3,0,0,0,1,0,0,0,0,7.6192E+20,5.41986E+21,1.25724E+16,4.88763E+16
75081,75082,9,2,71,127,2016,7,10,5,2,4,6,0,0,0,0,0,1,1,0,8.07286E+20,5.4059E+21,1.31792E+16,4.87302E+16
75082,75083,9,5,64,0,2016,7,7,5,2,4,6,0,0,0,1,0,1,0,0,6.50052E+20,5.4717E+21,1.10673E+16,4.93795E+16
75083,75084,9,7,79,185,2016,7,14,1,2,8,7,0,0,0,1,0,0,0,0,6.16583E+20,5.40759E+21,1.05879E+16,4.88104E+16
75084,75085,9,1,62,0,2016,7,18,5,3,2,6,0,0,0,1,0,1,0,0,6.92137E+20,5.33978E+21,1.15849E+16,4.81821E+16
75085,75086,9,1,89,155,2016,7,18,6,3,5,3,0,0,1,1,0,0,0,0,7.71843E+20,5.30944E+21,1.26361E+16,4.78807E+16
75086,75087,9,6,63,0,2016,7,12,7,3,1,6,0,0,0,1,0,0,0,0,5.68176E+20,5.51671E+21,9.94734E+15,4.9799E+16
75087,75088,9,2,75,148,2016,7,16,5,3,8,1,0,0,0,0,0,1,0,0,8.47789E+20,5.40025E+21,1.37234E+16,4.86583E+16
75088,75089,9,5,73,134,2016,7,23,5,2,5,3,2,0,0,1,0,1,0,0,6.42283E+20,5.47763E+21,1.09625E+16,4.94347E+16
75089,75090,9,1,62,0,2016,7,11,5,3,1,6,0,0,0,1,1,1,0,0,6.87382E+20,5.33508E+21,1.15189E+16,4.81414E+16
75090,75091,9,1,83,139,2016,7,13,6,1,5,3,0,0,1,1,0,0,0,0,7.35819E+20,5.33731E+21,1.21704E+16,4.81453E+16
75091,75092,9,2,63,0,2016,7,13,7,3,1,6,0,0,0,1,0,1,0,0,7.64341E+20,5.41957E+21,1.26052E+16,4.88727E+16
75092,75093,9,6,75,165,2016,7,18,1,3,2,6,0,0,0,1,0,0,0,0,5.8785E+20,5.51499E+21,1.02203E+16,4.97809E+16
75093,75094,9,1,61,0,2016,7,18,5,3,3,6,0,0,0,1,0,0,0,0,6.81294E+20,5.40141E+21,1.14659E+16,4.87393E+16
75094,75095,9,7,74,135,2016,7,13,6,3,2,6,0,0,0,1,0,0,0,0,5.95318E+20,5.36591E+21,1.02888E+16,4.84391E+16
75095,75096,9,2,75,151,2016,7,10,6,3,2,6,0,0,0,1,0,0,0,0,8.20753E+20,5.39423E+21,1.33527E+16,4.86188E+16
75096,75097,9,5,76,151,2016,7,13,6,3,1,2,0,0,0,1,0,0,0,0,6.53227E+20,5.47277E+21,1.11114E+16,4.93883E+16
75097,75098,9,2,77,138,2016,7,18,5,3,8,1,0,0,1,0,0,0,0,0,7.90871E+20,5.37026E+21,1.29316E+16,4.84183E+16
75098,75099,9,3,73,147,2016,7,14,1,3,5,3,0,0,0,1,0,0,0,0,6.82761E+20,5.46172E+21,1.1513E+16,4.92809E+16
75099,75100,9,5,76,113,2016,7,5,7,3,3,7,1,0,0,1,0,0,1,0,6.62002E+20,5.45451E+21,1.12249E+16,4.9222E+16
75100,75101,9,2,75,127,2016,7,10,1,3,5,3,0,0,1,1,0,0,0,0,8.03118E+20,5.39986E+21,1.31182E+16,4.86781E+16
75101,75102,9,1,82,111,2016,7,17,1,3,0,1,0,0,1,0,0,0,0,0,7.04598E+20,5.28696E+21,1.17273E+16,4.77036E+16
75102,75103,9,5,73,114,2016,7,7,5,2,4,6,0,0,0,0,0,1,0,1,6.38085E+20,5.48067E+21,1.09057E+16,4.9463E+16
75103,75104,9,1,62,0,2016,7,9,5,3,5,2,0,0,1,1,0,0,0,0,7.00445E+20,5.33276E+21,1.16933E+16,4.81165E+16
75104,75105,9,1,78,155,2016,7,12,1,3,5,3,0,0,0,1,0,1,0,0,7.1832E+20,5.37628E+21,1.19556E+16,4.85017E+16
75105,75106,9,1,83,123,2016,7,11,6,3,6,4,0,0,0,0,1,0,0,1,7.37818E+20,5.341E+21,1.21993E+16,4.81777E+16
75106,75107,9,1,83,118,2016,7,17,7,2,8,1,0,0,0,0,0,1,0,0,7.42861E+20,5.33868E+21,1.22657E+16,4.8155E+16
75107,75108,9,7,71,160,2016,7,8,6,2,5,3,0,0,0,0,0,0,1,1,6.53263E+20,5.35087E+21,1.10663E+16,4.82924E+16
75108,75109,9,6,72,113,2016,7,13,1,2,0,1,0,0,0,0,0,1,0,0,5.56294E+20,5.57365E+21,9.79063E+15,5.03122E+16
75109,75110,9,5,64,0,2016,7,13,1,3,4,2,0,0,0,1,0,0,0,0,6.51274E+20,5.47349E+21,1.10848E+16,4.93953E+16
75110,75111,9,7,77,129,2016,7,12,6,2,2,6,0,0,0,1,0,1,0,0,6.28392E+20,5.27218E+21,1.07077E+16,4.75903E+16
75111,75112,9,2,62,0,2016,7,10,7,2,3,6,0,0,0,1,0,1,0,0,8.28483E+20,5.38983E+21,1.34538E+16,4.85753E+16
75112,75113,9,7,71,130,2016,7,17,6,3,5,3,0,0,0,1,0,0,0,0,6.4869E+20,5.3569E+21,1.10069E+16,4.83478E+16
75113,75114,9,6,75,141,2016,7,22,1,2,5,3,2,0,0,1,0,0,0,0,5.84011E+20,5.50886E+21,1.01657E+16,4.97263E+16
75114,75115,9,5,65,0,2016,7,12,1,3,4,3,0,0,0,1,0,0,0,0,6.47772E+20,5.46561E+21,1.10337E+16,4.93253E+16
75115,75116,9,7,80,123,2016,7,17,6,3,2,6,0,0,0,1,0,1,0,0,6.07615E+20,5.26805E+21,1.04305E+16,4.75569E+16
75116,75117,9,7,79,228,2016,7,16,6,3,1,7,0,0,1,1,0,0,0,0,6.265E+20,5.41453E+21,1.07251E+16,4.88708E+16
75117,75118,9,2,75,143,2016,7,8,6,3,2,6,0,0,0,1,0,0,0,0,8.10124E+20,5.36717E+21,1.31888E+16,4.83814E+16
75118,75119,9,5,65,0,2016,7,12,6,2,4,2,0,0,1,1,0,0,0,0,6.47376E+20,5.46584E+21,1.10283E+16,4.93275E+16
75119,75120,9,2,77,138,2016,7,16,5,3,5,3,0,0,0,1,0,0,0,0,7.90381E+20,5.37438E+21,1.29278E+16,4.84554E+16
75120,75121,9,5,71,169,2016,7,15,5,3,5,3,0,0,0,1,0,0,0,1,5.85019E+20,5.46209E+21,1.01696E+16,4.93056E+16