FID,OBJECTID,ULAND,UREGBEZ,UKREIS,UGEMEINDE,UJAHR,UMONAT,USTUNDE,UWOCHENTAG,UKATEGORIE,UART,UTYP1,ULICHTVERH,IstStrasse,IstRad,IstPKW,IstFuss,IstKrad,IstGkfz,IstSonstig,LINREFX,LINREFY,XGCSWGS84,YGCSWGS84
75121,75122,9,3,76,117,2016,7,3,1,2,8,1,2,0,0,1,0,0,0,0,7.44096E+20,5.46096E+21,1.23545E+16,4.92527E+16
75122,75123,9,5,72,121,2016,7,12,7,3,1,6,0,0,0,1,0,0,0,0,6.58874E+20,5.49431E+21,1.11978E+16,4.95805E+16
75123,75124,9,2,77,124,2016,7,3,1,3,6,7,2,0,0,1,1,0,0,0,7.82531E+20,5.36905E+21,1.28183E+16,4.84112E+16
75124,75125,9,1,85,158,2016,7,7,1,3,8,1,0,0,0,0,0,1,0,0,6.60295E+20,5.37907E+21,1.11719E+16,4.85442E+16
75125,75126,9,5,75,153,2016,7,13,5,3,1,7,0,0,1,1,0,0,0,0,6.15973E+20,5.49308E+21,1.06043E+16,4.95792E+16
75126,75127,9,1,84,135,2016,7,16,5,3,2,6,0,0,0,1,0,0,0,0,6.89251E+20,5.34735E+21,1.15495E+16,4.82511E+16
75127,75128,9,1,62,0,2016,7,14,7,3,5,2,0,0,0,1,0,0,0,0,6.85937E+20,5.34077E+21,1.1502E+16,4.81929E+16
75128,75129,9,1,89,154,2016,7,2,6,3,0,1,2,0,0,1,0,0,0,0,7.68291E+20,5.31809E+21,1.25941E+16,4.79598E+16
75129,75130,9,1,82,137,2016,7,16,7,2,5,3,0,0,0,1,0,1,0,0,7.09108E+20,5.30523E+21,1.17961E+16,4.78664E+16
75130,75131,9,6,79,155,2016,7,19,6,3,9,1,0,0,0,1,0,0,0,0,5.60726E+20,5.50745E+21,9.84239E+15,4.97165E+16
75131,75132,9,5,64,0,2016,7,14,1,3,2,6,0,0,0,1,0,0,0,0,6.57939E+20,5.47328E+21,1.11765E+16,4.93917E+16
75132,75133,9,4,74,121,2016,7,17,6,2,8,1,0,0,0,0,0,1,0,0,6.60947E+20,5.51623E+21,1.12355E+16,4.9777E+16
75133,75134,9,4,76,152,2016,7,15,1,3,5,3,0,0,0,1,0,1,0,0,6.68994E+20,5.59586E+21,1.13825E+16,5.04903E+16
75134,75135,9,7,62,0,2016,7,18,6,3,0,1,0,0,1,0,0,0,0,0,6.21972E+20,5.30463E+21,1.06315E+16,4.78834E+16
75135,75136,9,7,77,138,2016,7,17,7,3,0,1,0,0,1,0,0,0,0,0,6.08669E+20,5.29741E+21,1.04518E+16,4.78209E+16
75136,75137,9,2,75,151,2016,7,20,5,3,4,6,0,0,1,0,0,0,0,0,8.25398E+20,5.39381E+21,1.34152E+16,4.86126E+16
75137,75138,9,5,71,227,2016,7,21,5,2,9,1,2,0,0,1,0,0,0,0,6.0728E+20,5.43581E+21,1.04687E+16,4.90658E+16
75138,75139,9,1,84,119,2016,7,7,5,3,5,3,0,0,0,1,0,1,0,0,6.93956E+20,5.34743E+21,1.16129E+16,4.82504E+16
75139,75140,9,1,72,122,2016,7,14,6,3,1,6,0,0,0,1,0,0,0,0,7.9451E+20,5.31391E+21,1.29416E+16,4.79108E+16
75140,75141,9,3,62,0,2016,7,10,7,3,2,6,0,0,0,1,0,0,0,0,7.27026E+20,5.43118E+21,1.21036E+16,4.89917E+16
75141,75142,9,4,62,0,2016,7,11,7,2,5,3,0,0,1,1,0,0,0,0,6.86461E+20,5.53681E+21,1.15995E+16,4.99545E+16
75142,75143,9,1,72,114,2016,7,16,1,2,0,1,0,0,1,0,0,0,0,0,7.8821E+20,5.29214E+21,1.2843E+16,4.77183E+16
75143,75144,9,2,74,113,2016,7,18,6,3,0,7,0,0,0,0,0,1,0,0,7.29019E+20,5.38381E+21,1.21044E+16,4.85655E+16
75144,75145,9,5,74,156,2016,7,15,6,2,6,7,0,0,0,1,1,0,0,0,6.59025E+20,5.48217E+21,1.1195E+16,4.94713E+16
75145,75146,9,2,75,124,2016,7,7,5,3,4,6,0,0,0,1,0,0,1,0,8.10829E+20,5.38368E+21,1.32106E+16,4.85291E+16
75146,75147,9,5,71,208,2016,7,18,5,3,5,3,0,0,0,1,0,0,0,0,6.18146E+20,5.4379E+21,1.0618E+16,4.90826E+16
75147,75148,9,7,78,150,2016,7,10,5,3,5,3,0,0,0,1,0,0,0,0,5.84237E+20,5.3208E+21,1.013E+16,4.80349E+16
75148,75149,9,5,64,0,2016,7,10,7,3,5,3,0,0,1,0,0,0,0,0,6.52008E+20,5.47751E+21,1.10965E+16,4.94312E+16
75149,75150,9,1,73,115,2016,7,9,1,3,2,6,0,0,0,1,0,0,0,0,6.79766E+20,5.2882E+21,1.13971E+16,4.77221E+16
75150,75151,9,1,74,121,2016,7,6,1,2,8,1,0,0,0,1,0,0,0,0,6.90647E+20,5.35406E+21,1.15713E+16,4.8311E+16
75151,75152,9,7,74,144,2016,7,10,5,2,2,6,0,0,0,1,0,0,1,0,6.087E+20,5.36322E+21,1.0469E+16,4.84127E+16
75152,75153,9,7,75,135,2016,7,17,7,2,8,6,0,0,0,1,0,1,0,0,5.79294E+20,5.35482E+21,1.00701E+16,4.83416E+16
75153,75154,9,1,71,123,2016,7,22,6,3,4,6,2,0,1,0,0,1,0,0,7.84188E+20,5.34768E+21,1.28262E+16,4.82186E+16
75154,75155,9,1,86,137,2016,7,17,7,3,0,1,0,0,1,0,0,0,0,0,6.83672E+20,5.39829E+21,1.14968E+16,4.87106E+16
75155,75156,9,3,74,128,2016,7,16,6,3,5,3,0,0,0,1,0,1,0,0,7.22877E+20,5.51763E+21,1.20954E+16,4.97698E+16
75156,75157,9,7,71,112,2016,7,14,7,2,4,6,0,0,0,1,0,0,0,0,6.4282E+20,5.36756E+21,1.09313E+16,4.84449E+16
75157,75158,9,2,72,118,2016,7,11,5,3,5,3,0,0,0,1,0,0,0,0,8.33557E+20,5.41763E+21,1.35448E+16,4.88219E+16
75158,75159,9,5,71,139,2016,7,9,5,3,5,3,0,0,0,1,0,0,0,1,6.01305E+20,5.44032E+21,1.0388E+16,4.91074E+16
75159,75160,9,7,64,0,2016,7,19,5,3,5,3,0,0,1,1,0,0,0,0,5.89254E+20,5.31643E+21,1.01964E+16,4.79949E+16
75160,75161,9,1,72,116,2016,7,21,6,2,5,3,2,0,0,1,0,1,0,0,8.00704E+20,5.28278E+21,1.30028E+16,4.76285E+16
75161,75162,9,3,71,126,2016,7,14,7,3,2,6,0,0,0,1,0,0,0,0,7.06201E+20,5.49058E+21,1.18499E+16,4.95327E+16
75162,75163,9,7,76,116,2016,7,13,7,3,5,3,0,0,0,1,0,0,0,0,5.54263E+20,5.26654E+21,9.72118E+15,4.755E+16
75163,75164,9,1,61,0,2016,7,20,5,3,0,1,0,0,1,0,0,0,0,0,6.78924E+20,5.40482E+21,1.14352E+16,4.87707E+16
75164,75165,9,1,62,0,2016,7,17,6,3,1,5,0,0,1,1,0,0,0,0,6.88116E+20,5.33499E+21,1.15288E+16,4.81403E+16
75165,75166,9,2,76,148,2016,7,7,6,2,1,6,0,0,0,1,0,0,0,0,8.08428E+20,5.43615E+21,1.32174E+16,4.90011E+16
75166,75167,9,7,80,120,2016,7,19,7,2,0,7,0,0,1,0,0,0,0,0,6.00609E+20,5.28387E+21,1.0341E+16,4.77004E+16
75167,75168,9,1,72,116,2016,7,16,6,3,8,1,0,0,0,0,0,1,0,0,8.06305E+20,5.28523E+21,1.30789E+16,4.76479E+16
75168,75169,9,1,76,123,2016,7,14,7,3,8,1,0,0,0,0,0,1,0,0,6.57724E+20,5.41936E+21,1.11525E+16,4.8907E+16
75169,75170,9,1,85,149,2016,7,7,5,3,2,6,0,0,0,1,0,0,0,0,6.60113E+20,5.39713E+21,1.11764E+16,4.87067E+16
75170,75171,9,1,77,115,2016,7,19,7,3,0,2,0,0,1,0,0,0,0,0,7.36887E+20,5.35045E+21,1.21921E+16,4.8263E+16
75171,75172,9,3,76,116,2016,7,20,6,2,0,6,1,0,0,1,0,1,0,0,7.38631E+20,5.46303E+21,1.22808E+16,4.92734E+16
75172,75173,9,2,74,183,2016,7,8,5,2,5,3,0,0,0,1,0,0,0,0,7.43885E+20,5.36483E+21,1.22945E+16,4.83895E+16
75173,75174,9,6,77,178,2016,7,15,7,3,8,1,0,0,0,0,0,1,0,0,5.43747E+20,5.5264E+21,9.60901E+15,4.98884E+16
75174,75175,9,2,74,172,2016,7,16,5,3,9,7,0,0,0,1,0,0,0,0,7.19702E+20,5.39462E+21,1.1984E+16,4.86659E+16
75175,75176,9,5,75,179,2016,7,10,5,2,4,6,0,0,0,1,0,0,0,0,5.91639E+20,5.49176E+21,1.02675E+16,4.95715E+16
75176,75177,9,7,74,148,2016,7,18,5,2,5,3,0,0,0,1,0,1,0,0,5.94478E+20,5.36132E+21,1.02764E+16,4.83979E+16
75177,75178,9,1,71,121,2016,7,18,6,2,5,3,0,0,0,1,0,1,0,0,7.74749E+20,5.34399E+21,1.2697E+16,4.81896E+16
75178,75179,9,2,75,154,2016,7,20,7,3,2,6,0,0,0,1,0,1,0,0,8.08726E+20,5.39517E+21,1.31907E+16,4.86333E+16
75179,75180,9,6,79,196,2016,7,17,6,2,8,1,0,0,0,0,0,1,0,0,5.53893E+20,5.51676E+21,9.7489E+15,4.98008E+16
75180,75181,9,6,79,130,2016,7,5,1,2,8,1,0,0,0,1,0,0,0,0,5.71885E+20,5.52271E+21,9.99999E+15,4.98525E+16
75181,75182,9,5,74,158,2016,7,14,1,3,8,6,0,0,0,1,0,0,0,1,6.70724E+20,5.4967E+21,1.13627E+16,4.95987E+16
75182,75183,9,1,76,111,2016,7,7,5,3,0,3,0,0,0,1,0,0,1,0,6.61188E+20,5.41301E+21,1.11972E+16,4.88491E+16
75183,75184,9,7,63,0,2016,7,18,6,3,3,6,0,0,1,0,0,0,0,0,5.9719E+20,5.28566E+21,1.02958E+16,4.7717E+16
75184,75185,9,7,73,147,2016,7,14,6,3,0,3,0,0,0,1,0,1,0,0,6.05547E+20,5.38895E+21,1.04329E+16,4.86447E+16
75185,75186,9,2,77,142,2016,7,14,6,2,8,1,0,0,0,0,0,1,0,0,7.88609E+20,5.38975E+21,1.29145E+16,4.85942E+16
75186,75187,9,5,74,156,2016,7,13,6,3,9,1,0,0,0,1,0,0,0,0,6.62878E+20,5.48158E+21,1.12479E+16,4.9465E+16
75187,75188,9,2,74,153,2016,7,18,5,3,2,6,0,0,0,1,0,1,0,0,7.34658E+20,5.4033E+21,1.21918E+16,4.87385E+16
75188,75189,9,4,75,136,2016,7,6,5,3,5,3,0,0,1,1,0,0,0,0,6.94469E+20,5.56858E+21,1.17271E+16,5.02373E+16
75189,75190,9,3,72,178,2016,7,12,1,2,8,1,0,0,0,0,0,1,0,0,8.0213E+20,5.4513E+21,1.31429E+16,4.91401E+16
75190,75191,9,5,74,138,2016,7,12,7,3,2,6,0,0,0,1,0,0,0,0,6.66302E+20,5.4866E+21,1.12973E+16,4.95092E+16
75191,75192,9,2,75,125,2016,7,17,1,2,8,1,0,0,0,0,0,1,0,0,8.04086E+20,5.38036E+21,1.3117E+16,4.85026E+16
75192,75193,9,1,76,143,2016,7,9,1,3,5,3,0,0,0,1,0,0,0,0,6.80572E+20,5.40967E+21,1.14597E+16,4.88137E+16
75193,75194,9,4,75,162,2016,7,10,5,3,5,3,0,0,0,1,0,0,0,0,7.14813E+20,5.57293E+21,1.20145E+16,5.02693E+16
75194,75195,9,5,76,127,2016,7,9,6,2,1,6,0,0,0,1,0,0,0,1,6.59108E+20,5.44965E+21,1.11832E+16,4.9179E+16
75195,75196,9,2,61,0,2016,7,7,5,3,2,6,0,0,0,1,0,0,0,0,7.31498E+20,5.38451E+21,1.21383E+16,4.85708E+16
75196,75197,9,3,63,0,2016,7,16,1,3,9,7,0,0,0,1,0,0,0,0,7.25762E+20,5.50867E+21,1.21302E+16,4.96882E+16
75197,75198,9,6,78,186,2016,7,16,7,2,4,2,0,0,0,1,0,0,0,0,5.93451E+20,5.55414E+21,1.03076E+16,5.01322E+16
75198,75199,9,2,71,143,2016,7,17,1,1,5,3,0,0,0,1,0,1,0,0,7.81944E+20,5.40854E+21,1.28372E+16,4.87659E+16
75199,75200,9,4,64,0,2016,7,11,5,3,5,3,0,0,0,1,0,0,0,0,7.07568E+20,5.57664E+21,1.1915E+16,5.03053E+16
75200,75201,9,7,72,162,2016,7,9,1,3,9,3,0,0,0,1,0,0,0,0,6.36898E+20,5.33541E+21,1.08408E+16,4.81572E+16
75201,75202,9,7,63,0,2016,7,8,5,3,8,6,0,0,0,1,0,1,1,0,5.96937E+20,5.29105E+21,1.02937E+16,4.77655E+16
75202,75203,9,1,71,114,2016,7,12,6,3,1,6,0,0,0,1,0,0,0,0,7.77762E+20,5.3469E+21,1.27394E+16,4.82144E+16
75203,75204,9,2,73,147,2016,7,19,7,2,6,4,0,0,0,0,1,1,0,0,7.00873E+20,5.38988E+21,1.17263E+16,4.86297E+16
75204,75205,9,6,75,116,2016,7,21,6,2,0,7,0,0,1,0,0,0,0,0,5.97167E+20,5.51095E+21,1.03487E+16,4.97432E+16
75205,75206,9,6,74,121,2016,7,12,1,2,8,1,0,0,0,0,0,1,0,0,6.17268E+20,5.55336E+21,1.06404E+16,5.01209E+16
75206,75207,9,5,76,127,2016,7,15,1,2,4,2,0,0,0,1,0,1,0,0,6.64358E+20,5.44785E+21,1.12545E+16,4.91614E+16
75207,75208,9,7,71,130,2016,7,15,6,3,8,1,0,0,0,1,0,0,0,0,6.48834E+20,5.36271E+21,1.10109E+16,4.83999E+16
75208,75209,9,2,79,116,2016,7,18,6,3,9,1,0,0,0,0,0,1,0,0,7.61054E+20,5.39673E+21,1.2546E+16,4.8669E+16
75209,75210,9,5,63,0,2016,7,15,6,3,4,1,0,0,0,1,0,0,0,0,6.44143E+20,5.48405E+21,1.09904E+16,4.94919E+16
75210,75211,9,2,74,113,2016,7,14,5,2,7,7,0,0,0,0,0,1,0,0,7.27556E+20,5.38483E+21,1.20852E+16,4.85752E+16
75211,75212,9,4,73,151,2016,7,7,5,3,0,1,0,0,0,0,0,1,0,0,6.50519E+20,5.57569E+21,1.11141E+16,5.03141E+16
75212,75213,9,2,78,190,2016,7,6,1,3,8,1,0,0,0,1,0,0,0,0,7.62787E+20,5.42754E+21,1.25892E+16,4.89449E+16
75213,75214,9,5,65,0,2016,7,8,7,2,4,2,0,0,0,1,0,1,0,0,6.44751E+20,5.46607E+21,1.09923E+16,4.93302E+16
75214,75215,9,2,74,188,2016,7,15,1,3,0,7,0,0,0,0,0,1,0,0,7.4883E+20,5.39588E+21,1.23797E+16,4.86663E+16
75215,75216,9,1,79,117,2016,7,11,1,2,0,6,0,0,1,0,0,0,0,0,6.62527E+20,5.34566E+21,1.11892E+16,4.82433E+16
75216,75217,9,7,77,151,2016,7,12,5,2,5,3,0,0,1,1,0,0,0,0,6.1997E+20,5.29227E+21,1.06013E+16,4.77726E+16
75217,75218,9,7,78,163,2016,7,19,7,3,4,2,0,0,0,1,0,0,0,0,5.96824E+20,5.32315E+21,1.02994E+16,4.80542E+16
75218,75219,9,1,71,117,2016,7,13,6,3,2,6,0,0,0,1,0,0,0,0,7.67295E+20,5.3377E+21,1.2593E+16,4.81363E+16
75219,75220,9,1,82,129,2016,7,20,7,3,0,1,0,0,1,0,0,0,0,0,7.0788E+20,5.28586E+21,1.17705E+16,4.76927E+16
75220,75221,9,4,71,120,2016,7,16,6,3,2,6,0,0,0,1,0,0,0,0,6.25551E+20,5.52088E+21,1.07457E+16,4.98272E+16
75221,75222,9,4,62,0,2016,7,18,1,2,5,3,0,0,0,1,0,1,0,0,6.87098E+20,5.53791E+21,1.16089E+16,4.99642E+16
75222,75223,9,7,76,117,2016,7,15,5,2,6,4,0,0,0,1,1,0,0,0,5.66814E+20,5.27272E+21,9.88891E+15,4.76044E+16
75223,75224,9,1,75,115,2016,7,18,1,3,2,2,0,0,0,1,0,0,0,0,7.23135E+20,5.32991E+21,1.19962E+16,4.80834E+16
75224,75225,9,1,71,115,2016,7,4,6,3,9,1,1,0,0,1,0,0,0,0,7.80328E+20,5.35729E+21,1.27807E+16,4.83066E+16
75225,75226,9,1,87,186,2016,7,13,7,2,9,6,0,0,0,1,0,0,0,0,7.29997E+20,5.33424E+21,1.20906E+16,4.81198E+16
75226,75227,9,6,78,193,2016,7,17,6,3,2,6,0,0,0,1,0,0,0,1,5.77271E+20,5.53945E+21,1.00783E+16,5.00024E+16
75227,75228,9,5,74,138,2016,7,19,1,3,2,6,0,0,0,1,0,0,0,0,6.67216E+20,5.48805E+21,1.13105E+16,4.9522E+16
75228,75229,9,4,72,175,2016,7,11,6,3,1,5,0,0,0,1,0,1,0,0,6.8348E+20,5.51473E+21,1.15475E+16,4.9757E+16
75229,75230,9,5,71,192,2016,7,10,1,2,5,2,0,0,0,1,0,0,0,0,6.14101E+20,5.43331E+21,1.05613E+16,4.90421E+16
75230,75231,9,2,73,137,2016,7,19,5,3,4,2,0,0,0,1,0,0,0,0,7.11949E+20,5.4226E+21,1.18933E+16,4.892E+16
75231,75232,9,4,78,165,2016,7,17,5,3,6,1,0,0,0,1,1,0,0,0,6.43527E+20,5.55225E+21,1.10071E+16,5.01052E+16
75232,75233,9,7,76,122,2016,7,7,5,3,5,2,0,0,0,1,0,0,0,0,5.62804E+20,5.27529E+21,9.83594E+15,4.7628E+16
75233,75234,9,5,64,0,2016,7,12,7,3,2,6,0,0,0,1,0,0,0,0,6.4932E+20,5.47718E+21,1.10593E+16,4.94289E+16
75234,75235,9,1,72,115,2016,7,17,1,2,4,6,0,0,0,1,0,1,0,0,7.94717E+20,5.29103E+21,1.29288E+16,4.77053E+16
75235,75236,9,7,76,116,2016,7,20,5,2,5,3,0,0,0,1,0,1,0,0,5.52961E+20,5.26753E+21,9.704E+15,4.7559E+16
75236,75237,9,7,74,150,2016,7,16,7,1,9,7,0,0,1,0,0,0,0,0,6.00169E+20,5.34622E+21,1.03497E+16,4.82613E+16
75237,75238,9,1,87,157,2016,7,7,6,2,2,6,0,0,0,1,0,0,1,0,7.39524E+20,5.28198E+21,1.21894E+16,4.76468E+16
75238,75239,9,1,85,150,2016,7,16,7,2,8,1,0,0,0,0,0,1,0,0,6.56463E+20,5.39876E+21,1.11274E+16,4.87222E+16
75239,75240,9,1,76,118,2016,7,6,5,3,5,3,0,0,0,1,0,1,0,0,6.69379E+20,5.40721E+21,1.13064E+16,4.87948E+16
75240,75241,9,1,84,121,2016,7,15,7,3,9,1,0,0,0,0,0,1,0,0,7.04668E+20,5.33063E+21,1.17489E+16,4.8096E+16
75241,75242,9,3,75,119,2016,7,16,6,2,0,1,0,1,0,0,0,1,0,0,7.35084E+20,5.44671E+21,1.22226E+16,4.91282E+16
75242,75243,9,6,79,143,2016,7,22,7,2,8,1,2,0,0,1,0,0,0,0,5.7182E+20,5.52856E+21,1.00002E+16,4.99051E+16
75243,75244,9,1,80,126,2016,7,15,5,3,2,6,0,0,0,1,0,1,0,0,6.61477E+20,5.2708E+21,1.1147E+16,4.75705E+16
75244,75245,9,4,78,139,2016,7,12,5,3,0,1,0,0,0,1,0,1,0,0,6.44532E+20,5.55713E+21,1.1023E+16,5.01488E+16
75245,75246,9,7,62,0,2016,7,17,5,3,4,2,0,0,0,1,0,1,0,0,6.22149E+20,5.30807E+21,1.06348E+16,4.79143E+16
75246,75247,9,7,77,176,2016,7,15,7,3,4,7,0,1,0,0,0,1,0,1,6.04103E+20,5.29791E+21,1.03909E+16,4.78261E+16
75247,75248,9,1,90,157,2016,7,16,5,3,2,6,0,0,0,1,0,0,0,0,6.60741E+20,5.30056E+21,1.11482E+16,4.78383E+16
75248,75249,9,4,76,145,2016,7,15,5,3,2,6,0,0,0,1,0,0,0,0,6.6867E+20,5.56751E+21,1.13652E+16,5.02356E+16
75249,75250,9,1,63,0,2016,7,15,6,3,5,3,0,0,1,1,0,0,0,0,7.34128E+20,5.30442E+21,1.21297E+16,4.78504E+16
75250,75251,9,3,73,167,2016,7,17,7,2,8,1,0,0,0,0,0,1,0,0,6.89956E+20,5.46214E+21,1.1612E+16,4.92825E+16
75251,75252,9,4,71,195,2016,7,14,7,2,5,2,0,0,1,1,0,0,0,0,6.4135E+20,5.52339E+21,1.09661E+16,4.98463E+16
75252,75253,9,1,87,128,2016,7,15,1,3,0,1,0,0,0,0,0,1,0,0,7.45248E+20,5.30791E+21,1.22801E+16,4.78776E+16
75253,75254,9,7,80,134,2016,7,11,7,3,4,6,0,0,0,1,0,0,0,0,5.95402E+20,5.25937E+21,1.02663E+16,4.74808E+16
75254,75255,9,1,63,0,2016,7,17,6,3,3,2,0,0,1,0,0,0,1,0,7.3326E+20,5.30527E+21,1.21186E+16,4.78584E+16
75255,75256,9,1,79,121,2016,7,14,7,3,2,6,0,0,0,1,0,0,0,0,6.63886E+20,5.33838E+21,1.12046E+16,4.81775E+16
75256,75257,9,1,74,146,2016,7,17,5,3,0,7,0,0,0,1,0,0,0,0,6.65208E+20,5.35163E+21,1.12276E+16,4.82963E+16
75257,75258,9,1,84,138,2016,7,13,6,2,3,2,0,0,1,1,0,0,0,0,6.80423E+20,5.33091E+21,1.14237E+16,4.81059E+16
75258,75259,9,3,76,117,2016,7,12,6,2,4,2,0,0,0,1,0,1,0,0,7.40319E+20,5.46097E+21,1.23027E+16,4.92543E+16
75259,75260,9,5,64,0,2016,7,9,6,3,5,3,0,0,0,1,0,0,0,0,6.47706E+20,5.48022E+21,1.10382E+16,4.94567E+16
75260,75261,9,1,90,148,2016,7,21,5,3,4,2,2,0,0,1,0,1,0,0,6.4199E+20,5.29755E+21,1.08967E+16,4.78156E+16
75261,75262,9,6,72,122,2016,7,19,7,3,0,1,0,1,0,0,0,1,0,1,5.74687E+20,5.55497E+21,1.00452E+16,5.01423E+16
75262,75263,9,1,90,133,2016,7,16,5,3,5,6,0,0,0,1,0,0,0,0,6.35952E+20,5.29513E+21,1.08154E+16,4.77952E+16
75263,75264,9,4,73,158,2016,7,14,5,2,8,1,0,0,0,1,0,0,0,0,6.29387E+20,5.57664E+21,1.08178E+16,5.03277E+16
75264,75265,9,7,80,124,2016,7,19,1,3,5,2,0,0,1,1,0,0,0,0,5.91E+20,5.26851E+21,1.02097E+16,4.75636E+16
75265,75266,9,7,62,0,2016,7,13,5,3,1,3,0,0,1,1,0,0,0,0,6.22862E+20,5.30635E+21,1.06439E+16,4.78987E+16
75266,75267,9,1,63,0,2016,7,13,6,3,3,2,0,0,1,1,0,0,0,0,7.33709E+20,5.30359E+21,1.21237E+16,4.78432E+16
75267,75268,9,2,77,113,2016,7,12,7,2,5,3,0,0,1,1,0,0,0,0,8.01138E+20,5.37263E+21,1.30717E+16,4.84347E+16
75268,75269,9,6,73,142,2016,7,7,6,3,3,1,0,0,0,1,0,0,0,0,5.86831E+20,5.58477E+21,1.0222E+16,5.04085E+16
75269,75270,9,6,79,146,2016,7,19,1,2,5,3,0,0,0,1,0,0,0,0,5.58822E+20,5.51645E+21,9.81735E+15,4.97977E+16
75270,75271,9,5,62,0,2016,7,1,1,2,8,7,2,0,1,0,0,0,0,0,6.39353E+20,5.49475E+21,1.09281E+16,4.95892E+16
75271,75272,9,1,87,118,2016,7,14,6,3,2,6,0,0,0,1,0,0,0,1,7.53958E+20,5.29975E+21,1.23916E+16,4.78009E+16
75272,75273,9,3,76,119,2016,7,20,7,3,4,6,0,0,0,1,0,0,0,0,7.22146E+20,5.45449E+21,1.20498E+16,4.92029E+16
75273,75274,9,7,71,122,2016,7,16,1,3,0,1,0,0,0,1,0,0,0,0,6.49744E+20,5.36072E+21,1.10224E+16,4.83819E+16
75274,75275,9,1,81,145,2016,7,8,5,2,5,3,0,0,0,1,0,0,0,0,6.42302E+20,5.33447E+21,1.09132E+16,4.81475E+16
75275,75276,9,7,78,171,2016,7,21,6,1,6,4,2,0,0,1,1,0,0,0,5.91167E+20,5.31629E+21,1.0222E+16,4.79934E+16
75276,75277,9,2,71,146,2016,7,11,6,3,2,6,0,0,0,1,0,0,1,0,7.86758E+20,5.41208E+21,1.2905E+16,4.87955E+16
75277,75278,9,5,73,127,2016,7,13,6,3,0,6,0,0,0,0,0,1,0,0,6.46296E+20,5.47557E+21,1.1017E+16,4.94152E+16
75278,75279,9,1,73,131,2016,7,18,5,2,8,1,0,0,0,0,0,1,0,0,6.86681E+20,5.27566E+21,1.14839E+16,4.76075E+16
75279,75280,9,3,72,124,2016,7,12,1,1,5,3,0,0,0,1,0,1,0,0,7.85137E+20,5.46778E+21,1.29221E+16,4.92961E+16
75280,75281,9,6,71,157,2016,7,15,7,3,5,3,0,0,0,1,0,1,0,0,5.27993E+20,5.52738E+21,9.38977E+15,4.98982E+16
75281,75282,9,2,75,118,2016,7,10,1,3,9,7,0,0,0,1,0,0,0,0,8.52555E+20,5.40664E+21,1.37934E+16,4.8713E+16
75282,75283,9,1,82,131,2016,7,13,1,2,0,7,0,0,1,0,0,0,0,0,7.16411E+20,5.28726E+21,1.18847E+16,4.77024E+16
75283,75284,9,4,72,175,2016,7,19,5,2,2,1,0,0,0,1,0,1,0,0,6.79733E+20,5.51089E+21,1.14938E+16,4.97236E+16
75284,75285,9,7,71,142,2016,7,2,1,2,4,6,2,0,1,0,0,0,0,0,6.459E+20,5.35028E+21,1.09669E+16,4.82889E+16
75285,75286,9,7,80,124,2016,7,17,5,3,5,3,0,0,1,1,0,0,0,0,5.94176E+20,5.2724E+21,1.02528E+16,4.75982E+16
75286,75287,9,1,78,145,2016,7,16,1,3,6,6,0,0,0,0,1,0,0,1,6.95714E+20,5.35822E+21,1.16415E+16,4.83469E+16
75287,75288,9,1,82,116,2016,7,15,6,3,2,6,0,0,0,0,0,1,0,1,7.03989E+20,5.29525E+21,1.17231E+16,4.77783E+16
75288,75289,9,1,73,112,2016,7,13,7,3,2,6,0,0,0,1,0,0,0,0,6.93603E+20,5.29287E+21,1.15835E+16,4.77601E+16
75289,75290,9,6,74,163,2016,7,20,6,3,6,5,0,0,0,1,1,0,0,0,6.10905E+20,5.53901E+21,1.05473E+16,4.99931E+16
75290,75291,9,6,78,196,2016,7,16,1,3,5,3,0,0,1,1,0,0,0,0,5.84593E+20,5.53054E+21,1.01785E+16,4.99213E+16
75291,75292,9,5,74,161,2016,7,10,1,2,5,3,0,0,1,1,0,0,0,0,6.78451E+20,5.49017E+21,1.14666E+16,4.95378E+16
75292,75293,9,7,72,170,2016,7,18,6,2,2,6,0,0,0,1,0,0,0,1,6.29355E+20,5.33212E+21,1.07385E+16,4.81292E+16
75293,75294,9,2,74,146,2016,7,16,6,3,4,2,0,0,0,1,0,0,0,0,7.35596E+20,5.37973E+21,1.21911E+16,4.85264E+16
75294,75295,9,5,77,161,2016,7,7,6,1,5,3,0,0,0,1,0,1,0,0,6.45453E+20,5.44168E+21,1.09931E+16,4.91108E+16
75295,75296,9,1,83,148,2016,7,17,5,3,5,3,0,0,0,1,0,1,0,0,7.53572E+20,5.34623E+21,1.2414E+16,4.82186E+16
75296,75297,9,4,77,128,2016,7,13,5,3,2,6,0,0,0,1,0,0,0,0,6.77353E+20,5.55414E+21,1.14806E+16,5.0113E+16
75297,75298,9,7,80,144,2016,7,15,6,3,3,6,0,0,0,1,0,1,0,0,5.85431E+20,5.28059E+21,1.01381E+16,4.7673E+16
75298,75299,9,7,72,207,2016,7,14,6,3,2,2,0,0,0,1,0,0,1,0,6.41472E+20,5.38275E+21,1.09182E+16,4.85819E+16
75299,75300,9,2,75,116,2016,7,6,6,3,5,3,0,0,0,1,0,0,0,0,8.21104E+20,5.36409E+21,1.33343E+16,4.83482E+16
75300,75301,9,5,71,180,2016,7,9,6,3,0,7,0,1,1,1,0,0,0,0,6.30071E+20,5.46062E+21,1.07886E+16,4.92845E+16