FID,OBJECTID,ULAND,UREGBEZ,UKREIS,UGEMEINDE,UJAHR,UMONAT,USTUNDE,UWOCHENTAG,UKATEGORIE,UART,UTYP1,ULICHTVERH,IstStrasse,IstRad,IstPKW,IstFuss,IstKrad,IstGkfz,IstSonstig,LINREFX,LINREFY,XGCSWGS84,YGCSWGS84
75480,75481,9,1,62,0,2016,7,16,3,3,2,1,0,1,0,1,0,0,0,0,6.88139E+20,5.34442E+21,1.15333E+16,4.82251E+16
75481,75482,9,2,77,133,2016,7,17,5,3,0,6,0,0,0,1,0,1,0,1,7.67465E+20,5.36801E+21,1.26144E+16,4.84084E+16
75482,75483,9,7,80,143,2016,7,16,3,3,3,6,0,1,0,1,0,0,0,0,5.97459E+20,5.28046E+21,1.02983E+16,4.76701E+16
75483,75484,9,7,61,0,2016,7,17,5,3,2,6,0,1,0,1,0,0,1,0,6.3974E+20,5.36407E+21,1.08885E+16,4.84143E+16
75484,75485,9,1,62,0,2016,7,19,5,3,2,6,0,0,0,1,0,0,0,0,6.85671E+20,5.34299E+21,1.14994E+16,4.8213E+16
75485,75486,9,5,72,135,2016,7,18,5,3,2,6,0,0,0,1,0,0,0,1,6.52546E+20,5.48619E+21,1.11072E+16,4.95092E+16
75486,75487,9,4,71,185,2016,7,18,5,2,8,1,0,0,0,0,0,0,0,1,6.44212E+20,5.53914E+21,1.10118E+16,4.99871E+16
75487,75488,9,5,72,119,2016,7,6,2,3,2,6,0,0,0,1,0,0,0,0,6.45163E+20,5.4993E+21,1.10102E+16,4.96288E+16
75488,75489,9,1,86,152,2016,7,10,3,3,2,6,0,1,0,1,0,0,0,0,6.91258E+20,5.37563E+21,1.15894E+16,4.85046E+16
75489,75490,9,2,75,154,2016,7,18,5,3,4,6,0,1,0,1,0,0,0,0,8.09473E+20,5.3954E+21,1.3201E+16,4.8635E+16
75490,75491,9,3,63,0,2016,7,16,3,3,5,3,0,0,1,1,0,0,0,0,7.29196E+20,5.50771E+21,1.21772E+16,4.96783E+16
75491,75492,9,5,72,119,2016,7,23,4,3,8,1,2,0,1,0,0,0,0,0,6.45078E+20,5.49905E+21,1.10089E+16,4.96265E+16
75492,75493,9,4,72,175,2016,7,16,4,3,3,6,0,1,0,1,0,0,0,1,6.80863E+20,5.51195E+21,1.15099E+16,4.97328E+16
75493,75494,9,4,78,176,2016,7,17,6,3,5,3,0,0,0,1,0,1,0,0,6.63845E+20,5.54701E+21,1.12888E+16,5.00528E+16
75494,75495,9,1,89,154,2016,7,13,4,3,4,1,0,0,0,1,0,0,0,0,7.66769E+20,5.31958E+21,1.25746E+16,4.79738E+16
75495,75496,9,3,61,0,2016,7,11,6,3,2,7,0,0,0,1,0,0,0,1,7.07505E+20,5.48076E+21,1.18627E+16,4.9444E+16
75496,75497,9,6,78,192,2016,7,6,6,2,9,6,0,0,0,1,0,0,1,0,5.71797E+20,5.54797E+21,1.00035E+16,5.00797E+16
75497,75498,9,2,79,112,2016,7,7,2,3,8,1,0,0,0,0,0,1,0,0,7.53193E+20,5.39359E+21,1.24375E+16,4.8644E+16
75498,75499,9,5,76,121,2016,7,13,2,3,3,6,0,0,0,1,0,0,0,1,6.48646E+20,5.44914E+21,1.10396E+16,4.91771E+16
75499,75500,9,6,72,135,2016,7,14,3,3,4,2,0,0,0,1,0,0,0,0,5.85339E+20,5.56756E+21,1.01971E+16,5.0254E+16
75500,75501,9,1,78,124,2016,7,11,3,3,1,7,0,0,1,0,0,0,1,0,7.03359E+20,5.3648E+21,1.17478E+16,4.84035E+16
75501,75502,9,1,62,0,2016,7,9,4,3,2,6,0,1,0,1,0,0,0,0,6.91612E+20,5.33157E+21,1.15742E+16,4.81086E+16
75502,75503,9,5,77,177,2016,7,17,5,3,0,3,0,0,0,1,0,1,0,0,6.43665E+20,5.43252E+21,1.09654E+16,4.90288E+16
75503,75504,9,1,77,117,2016,7,0,3,3,5,3,2,0,0,1,0,0,1,0,7.16502E+20,5.3542E+21,1.19197E+16,4.83039E+16
75504,75505,9,1,90,132,2016,7,21,5,3,9,1,1,1,0,1,0,0,0,0,6.76422E+20,5.29528E+21,1.13554E+16,4.77867E+16
75505,75506,9,3,74,162,2016,7,14,3,2,4,2,0,1,0,1,0,1,0,0,7.388E+20,5.50059E+21,1.23057E+16,4.96107E+16
75506,75507,9,5,77,173,2016,7,18,4,3,5,3,0,1,0,1,0,0,0,1,6.41011E+20,5.42237E+21,1.09256E+16,4.89381E+16
75507,75508,9,1,77,135,2016,7,7,2,3,9,1,0,0,0,1,0,0,0,0,7.20324E+20,5.34386E+21,1.19658E+16,4.82097E+16
75508,75509,9,1,83,128,2016,7,7,4,3,5,3,0,1,1,1,0,0,0,0,7.61778E+20,5.34884E+21,1.25258E+16,4.82387E+16
75509,75510,9,2,74,128,2016,7,5,6,3,9,1,1,0,0,1,0,0,0,0,7.36897E+20,5.38708E+21,1.22129E+16,4.8592E+16
75510,75511,9,5,64,0,2016,7,8,4,3,3,2,0,0,0,1,0,0,0,1,6.48184E+20,5.48046E+21,1.10449E+16,4.94587E+16
75511,75512,9,1,89,134,2016,7,10,4,2,6,7,0,0,1,0,1,0,0,0,7.71282E+20,5.32325E+21,1.26373E+16,4.80049E+16
75512,75513,9,2,75,153,2016,7,1,6,3,8,1,2,0,0,1,0,0,0,0,8.47183E+20,5.39474E+21,1.37106E+16,4.86093E+16
75513,75514,9,5,71,145,2016,7,14,4,3,6,4,0,0,0,1,1,0,0,0,5.96709E+20,5.44674E+21,1.03266E+16,4.91658E+16
75514,75515,9,6,76,121,2016,7,13,6,3,5,3,0,0,1,1,0,0,0,0,5.1254E+20,5.52109E+21,9.17441E+15,4.98421E+16
75515,75516,9,1,72,134,2016,7,7,5,3,1,1,0,0,0,1,0,0,0,0,7.81372E+20,5.3045E+21,1.27601E+16,4.78322E+16
75516,75517,9,2,79,126,2016,7,16,2,3,8,1,0,0,0,1,0,0,0,0,7.63289E+20,5.38559E+21,1.25692E+16,4.8568E+16
75517,75518,9,5,76,113,2016,7,16,2,2,2,6,0,0,0,1,0,1,0,0,6.64672E+20,5.45714E+21,1.12626E+16,4.92449E+16
75518,75519,9,5,64,0,2016,7,15,3,3,2,6,0,0,0,1,0,0,0,0,6.50953E+20,5.47355E+21,1.10804E+16,4.93959E+16
75519,75520,9,1,77,130,2016,7,8,3,3,2,6,0,1,0,1,0,0,0,0,7.12574E+20,5.34896E+21,1.18641E+16,4.82581E+16
75520,75521,9,3,74,134,2016,7,13,3,3,5,3,0,0,0,1,0,0,0,0,7.20411E+20,5.50497E+21,1.2054E+16,4.9657E+16
75521,75522,9,7,77,170,2016,7,7,4,3,8,1,0,1,0,1,0,0,0,0,6.22488E+20,5.27899E+21,1.06311E+16,4.76527E+16
75522,75523,9,7,75,135,2016,7,11,4,3,3,6,0,0,0,1,0,0,1,0,5.74012E+20,5.35921E+21,9.99958E+15,4.83817E+16
75523,75524,9,4,75,189,2016,7,7,5,3,8,1,0,1,0,1,0,0,0,0,6.96868E+20,5.5566E+21,1.17545E+16,5.0129E+16
75524,75525,9,1,90,152,2016,7,6,5,3,5,3,0,0,1,0,0,0,0,1,6.71618E+20,5.29915E+21,1.12929E+16,4.78228E+16
75525,75526,9,1,75,124,2016,7,17,2,3,0,1,0,0,0,0,0,1,1,0,7.12395E+20,5.32699E+21,1.18508E+16,4.80608E+16
75526,75527,9,1,72,118,2016,7,23,4,3,5,3,2,1,0,1,0,0,0,0,7.97993E+20,5.30631E+21,1.29829E+16,4.78409E+16
75527,75528,9,7,80,128,2016,7,5,6,3,0,7,0,0,0,0,0,1,0,0,6.09048E+20,5.27905E+21,1.04522E+16,4.76557E+16
75528,75529,9,1,83,112,2016,7,18,6,3,5,3,0,0,0,1,0,0,0,0,7.52024E+20,5.34991E+21,1.23954E+16,4.82523E+16
75529,75530,9,2,77,145,2016,7,17,4,2,5,3,0,1,1,1,0,0,0,0,7.98565E+20,5.35363E+21,1.30235E+16,4.82654E+16
75530,75531,9,1,73,147,2016,7,16,2,3,5,3,0,1,1,1,0,0,0,0,6.81408E+20,5.30952E+21,1.14279E+16,4.79133E+16
75531,75532,9,1,62,0,2016,7,11,5,3,1,6,0,1,0,1,0,0,0,1,6.9507E+20,5.34018E+21,1.16245E+16,4.81849E+16
75532,75533,9,1,76,139,2016,7,19,5,3,5,1,0,0,0,1,0,0,1,0,6.81958E+20,5.40938E+21,1.14784E+16,4.88108E+16
75533,75534,9,6,79,170,2016,7,23,5,2,8,1,2,0,1,0,0,0,0,0,5.77577E+20,5.50169E+21,1.0075E+16,4.96628E+16
75534,75535,9,1,90,135,2016,7,13,2,3,0,6,0,0,0,1,0,1,1,0,6.59309E+20,5.29478E+21,1.11269E+16,4.77866E+16
75535,75536,9,5,74,147,2016,7,16,2,3,8,7,0,0,0,1,0,0,0,0,6.85015E+20,5.48449E+21,1.15545E+16,4.94848E+16
75536,75537,9,5,61,0,2016,7,6,3,3,5,3,0,0,1,0,0,0,0,0,6.13838E+20,5.46255E+21,1.0566E+16,4.93051E+16
75537,75538,9,1,62,0,2016,7,17,2,3,6,4,0,0,1,0,1,0,0,0,6.88726E+20,5.33752E+21,1.15381E+16,4.81629E+16
75538,75539,9,3,75,174,2016,7,6,3,3,0,1,0,1,0,0,0,1,0,0,7.33362E+20,5.4312E+21,1.21901E+16,4.89896E+16
75539,75540,9,5,62,0,2016,7,11,6,3,3,2,0,0,1,1,0,0,0,0,6.44781E+20,5.49544E+21,1.10034E+16,4.95942E+16
75540,75541,9,1,87,128,2016,7,10,5,3,2,6,0,0,0,1,0,0,0,1,7.46609E+20,5.31162E+21,1.23004E+16,4.79104E+16
75541,75542,9,1,90,157,2016,7,15,2,3,3,3,0,0,1,1,0,0,0,0,6.59761E+20,5.30105E+21,1.11353E+16,4.7843E+16
75542,75543,9,5,74,132,2016,7,14,2,3,1,6,0,0,0,1,0,0,0,0,6.75544E+20,5.48601E+21,1.14246E+16,4.95013E+16
75543,75544,9,1,62,0,2016,7,8,2,3,2,6,0,0,0,1,0,0,0,0,6.91986E+20,5.3316E+21,1.15792E+16,4.81087E+16
75544,75545,9,3,75,118,2016,7,18,3,2,8,1,0,1,0,0,0,1,0,0,7.05395E+20,5.44074E+21,1.18131E+16,4.90852E+16
75545,75546,9,7,61,0,2016,7,17,4,3,2,6,0,1,0,0,0,0,1,0,6.38421E+20,5.36245E+21,1.08702E+16,4.84E+16
75546,75547,9,5,74,120,2016,7,15,6,2,9,1,0,0,0,1,0,1,0,0,6.72614E+20,5.48231E+21,1.13825E+16,4.94689E+16
75547,75548,9,1,84,119,2016,7,4,1,3,0,7,1,0,1,0,0,0,0,0,6.96871E+20,5.34741E+21,1.16521E+16,4.82493E+16
75548,75549,9,1,71,123,2016,7,18,4,2,0,7,0,1,0,1,1,0,0,0,7.84231E+20,5.34744E+21,1.28266E+16,4.82164E+16
75549,75550,9,7,73,125,2016,7,6,6,3,5,3,0,0,1,0,0,0,0,0,6.09769E+20,5.38186E+21,1.04883E+16,4.85802E+16
75550,75551,9,1,86,125,2016,7,8,6,2,5,3,0,0,0,1,0,0,0,0,6.71915E+20,5.36889E+21,1.1325E+16,4.84496E+16
75551,75552,9,2,75,144,2016,7,18,4,3,0,1,0,1,0,0,0,1,0,0,8.26234E+20,5.39899E+21,1.34306E+16,4.86587E+16
75552,75553,9,1,90,114,2016,7,17,2,2,0,1,0,0,0,1,0,0,0,0,6.34066E+20,5.28974E+21,1.07885E+16,4.77471E+16
75553,75554,9,7,75,129,2016,7,12,3,3,2,6,0,0,0,1,0,0,0,0,5.83241E+20,5.34346E+21,1.01211E+16,4.82389E+16
75554,75555,9,7,76,129,2016,7,15,5,3,0,2,0,0,0,1,0,0,0,1,5.69993E+20,5.27063E+21,9.93087E+15,4.75853E+16
75555,75556,9,1,81,127,2016,7,16,5,2,8,7,0,0,0,1,0,0,0,1,6.36645E+20,5.32749E+21,1.08349E+16,4.80861E+16
75556,75557,9,6,76,141,2016,7,20,5,2,4,6,0,0,0,1,0,0,0,0,5.18877E+20,5.51535E+21,9.26227E+15,4.97903E+16
75557,75558,9,4,62,0,2016,7,11,5,2,3,1,0,1,0,1,0,0,1,0,6.86799E+20,5.5336E+21,1.16026E+16,4.99255E+16
75558,75559,9,5,74,139,2016,7,14,2,3,1,5,0,0,0,1,0,0,0,0,6.71351E+20,5.47763E+21,1.13631E+16,4.94272E+16
75559,75560,9,1,62,0,2016,7,8,2,3,2,6,0,0,0,1,0,0,0,0,6.8834E+20,5.33405E+21,1.15314E+16,4.81318E+16
75560,75561,9,2,71,130,2016,7,16,5,3,0,7,0,0,0,0,0,1,0,0,8.02786E+20,5.41738E+21,1.31266E+16,4.88354E+16
75561,75562,9,3,75,190,2016,7,15,3,3,5,3,0,1,0,1,0,0,0,1,7.23206E+20,5.44753E+21,1.20604E+16,4.914E+16
75562,75563,9,5,74,138,2016,7,22,4,3,3,1,2,1,0,1,0,0,1,0,6.65392E+20,5.48534E+21,1.12842E+16,4.94982E+16
75563,75564,9,4,74,126,2016,7,16,4,3,5,3,0,1,0,0,0,1,0,1,6.48243E+20,5.5101E+21,1.10569E+16,4.97251E+16
75564,75565,9,4,72,139,2016,7,17,6,3,2,5,0,0,0,1,0,0,0,0,6.92261E+20,5.55226E+21,1.1688E+16,5.00915E+16
75565,75566,9,3,73,146,2016,7,23,6,3,0,7,2,0,0,1,0,0,0,0,6.78471E+20,5.45214E+21,1.14498E+16,4.91961E+16
75566,75567,9,4,75,158,2016,7,11,4,3,2,5,0,0,0,1,0,0,0,0,7.08771E+20,5.57227E+21,1.19295E+16,5.02656E+16
75567,75568,9,6,75,149,2016,7,14,4,3,5,2,0,0,0,0,0,1,0,1,5.84557E+20,5.50445E+21,1.01723E+16,4.96866E+16
75568,75569,9,4,74,126,2016,7,16,4,3,8,1,0,0,0,1,0,0,0,0,6.48693E+20,5.51001E+21,1.10631E+16,4.97242E+16
75569,75570,9,5,77,173,2016,7,16,6,3,2,6,0,0,0,1,0,1,0,0,6.4021E+20,5.42436E+21,1.09153E+16,4.89563E+16
75570,75571,9,4,79,169,2016,7,11,4,2,6,4,0,0,0,1,1,0,0,0,7.15483E+20,5.54743E+21,1.20095E+16,5.00401E+16
75571,75572,9,1,71,113,2016,7,17,4,3,0,1,0,1,0,0,0,1,0,0,7.72091E+20,5.33787E+21,1.26574E+16,4.81358E+16
75572,75573,9,7,61,0,2016,7,12,6,3,2,6,0,0,0,1,0,0,0,0,6.37479E+20,5.35947E+21,1.08565E+16,4.83734E+16
75573,75574,9,1,88,126,2016,7,17,6,3,2,6,0,0,0,1,0,0,0,0,6.59493E+20,5.32756E+21,1.11415E+16,4.80813E+16
75574,75575,9,2,72,120,2016,7,16,4,3,2,6,0,1,0,1,0,0,0,0,8.21595E+20,5.42086E+21,1.33849E+16,4.88573E+16
75575,75576,9,1,90,152,2016,7,16,2,3,0,1,0,0,1,0,0,0,0,0,6.72364E+20,5.29937E+21,1.13029E+16,4.78246E+16
75576,75577,9,5,74,157,2016,7,17,2,3,4,1,0,1,0,1,0,0,0,0,6.627E+20,5.47032E+21,1.12409E+16,4.93638E+16
75577,75578,9,7,76,112,2016,7,9,3,2,4,6,0,0,0,1,0,0,0,0,5.74394E+20,5.27912E+21,9.99083E+15,4.76612E+16
75578,75579,9,7,61,0,2016,7,15,5,3,5,2,0,0,0,1,0,0,0,0,6.42801E+20,5.35873E+21,1.0928E+16,4.83656E+16
75579,75580,9,1,78,113,2016,7,5,5,3,2,7,0,1,0,1,0,0,0,1,6.91604E+20,5.36596E+21,1.15897E+16,4.84176E+16
75580,75581,9,5,74,112,2016,7,15,5,3,2,6,0,0,0,1,0,0,0,1,6.69009E+20,5.47221E+21,1.13285E+16,4.93792E+16
75581,75582,9,3,72,153,2016,7,15,5,3,1,6,0,0,0,0,0,0,1,1,7.56891E+20,5.45643E+21,1.25271E+16,4.92068E+16
75582,75583,9,5,64,0,2016,7,17,2,3,5,3,0,1,1,1,0,0,0,0,6.47235E+20,5.47149E+21,1.10285E+16,4.93783E+16
75583,75584,9,1,84,140,2016,7,17,2,3,5,3,0,0,1,1,0,0,0,0,7.02461E+20,5.32918E+21,1.17186E+16,4.80837E+16
75584,75585,9,2,75,135,2016,7,16,5,3,0,1,0,1,0,1,0,0,0,0,8.22017E+20,5.40152E+21,1.33755E+16,4.86835E+16
75585,75586,9,3,76,149,2016,7,20,3,3,8,1,0,1,0,1,0,0,0,0,7.41E+20,5.45097E+21,1.23061E+16,4.91642E+16
75586,75587,9,5,74,138,2016,7,12,4,3,2,6,0,0,0,1,0,0,0,0,6.64483E+20,5.48647E+21,1.12721E+16,4.95086E+16
75587,75588,9,4,71,145,2016,7,18,4,3,5,3,0,1,0,1,0,0,0,1,6.44661E+20,5.52104E+21,1.10113E+16,4.98243E+16
75588,75589,9,3,72,126,2016,7,7,6,2,5,3,0,0,0,1,0,1,0,0,7.82066E+20,5.47016E+21,1.28817E+16,4.9319E+16
75589,75590,9,1,82,123,2016,7,20,4,3,2,1,1,1,0,1,0,0,0,0,7.15348E+20,5.30205E+21,1.18779E+16,4.78357E+16
75590,75591,9,2,71,132,2016,7,14,6,3,5,3,0,0,0,1,0,0,0,0,7.85386E+20,5.41747E+21,1.28901E+16,4.88445E+16
75591,75592,9,5,75,130,2016,7,11,4,3,8,1,0,1,0,0,0,1,0,0,5.7917E+20,5.49299E+21,1.00953E+16,4.95843E+16
75592,75593,9,6,74,129,2016,7,16,6,3,6,4,0,0,0,1,1,0,0,0,6.20121E+20,5.53832E+21,1.06756E+16,4.99851E+16
75593,75594,9,1,89,157,2016,7,7,5,3,2,6,0,1,0,1,0,0,0,0,7.64899E+20,5.32538E+21,1.25532E+16,4.80267E+16
75594,75595,9,1,83,128,2016,7,19,2,3,2,6,1,1,0,1,0,0,0,0,7.62567E+20,5.35038E+21,1.25374E+16,4.82522E+16
75595,75596,9,5,64,0,2016,7,21,2,3,2,6,2,0,0,1,0,0,0,0,6.56651E+20,5.47648E+21,1.11601E+16,4.94208E+16
75596,75597,9,6,78,135,2016,7,22,3,3,5,3,2,0,0,1,0,0,0,0,5.94977E+20,5.54195E+21,1.03259E+16,5.00223E+16
75597,75598,9,7,75,164,2016,7,16,2,3,2,1,0,0,0,1,0,0,0,0,5.86222E+20,5.3508E+21,1.01627E+16,4.83045E+16
75598,75599,9,3,71,113,2016,7,14,3,3,5,3,0,0,0,1,0,0,0,0,6.89807E+20,5.50763E+21,1.16318E+16,4.96912E+16
75599,75600,9,7,76,117,2016,7,10,4,3,8,7,0,0,0,1,0,0,0,0,5.66931E+20,5.27235E+21,9.89042E+15,4.76011E+16
75600,75601,9,7,75,152,2016,7,0,4,3,0,1,2,1,1,0,0,0,0,0,5.76786E+20,5.3528E+21,1.00359E+16,4.83237E+16
75601,75602,9,5,71,228,2016,7,14,5,2,8,1,0,0,0,1,0,0,0,0,5.89129E+20,5.45747E+21,1.02251E+16,4.92635E+16
75602,75603,9,1,84,148,2016,7,5,4,3,2,7,1,0,0,1,0,0,0,0,6.93358E+20,5.32619E+21,1.15952E+16,4.80597E+16
75603,75604,9,6,79,170,2016,7,14,6,3,0,6,0,0,0,1,0,0,0,0,5.77953E+20,5.50173E+21,1.00802E+16,4.96631E+16
75604,75605,9,1,75,132,2016,7,15,6,3,3,3,0,0,0,1,0,0,0,0,7.07296E+20,5.33654E+21,1.1787E+16,4.81483E+16
75605,75606,9,2,77,119,2016,7,15,4,2,4,2,0,0,0,0,0,0,1,1,7.75247E+20,5.37418E+21,1.27234E+16,4.84605E+16
75606,75607,9,1,89,145,2016,7,19,2,2,5,3,0,0,0,1,0,1,0,0,7.71999E+20,5.3038E+21,1.26346E+16,4.78299E+16
75607,75608,9,5,64,0,2016,7,18,2,3,2,6,0,1,0,1,0,0,0,0,6.50041E+20,5.47131E+21,1.1067E+16,4.9376E+16
75608,75609,9,7,71,160,2016,7,15,3,3,8,1,0,1,0,1,0,0,0,0,6.56428E+20,5.35128E+21,1.11091E+16,4.82954E+16
75609,75610,9,7,75,135,2016,7,13,2,3,6,2,0,0,0,1,1,0,0,0,5.76456E+20,5.36174E+21,1.0033E+16,4.84042E+16
75610,75611,9,1,62,0,2016,7,13,4,3,2,6,0,0,0,1,0,0,0,1,6.92155E+20,5.33959E+21,1.15851E+16,4.81805E+16
75611,75612,9,5,74,132,2016,7,10,5,3,9,1,0,1,0,1,0,0,0,0,6.74495E+20,5.48676E+21,1.14104E+16,4.95083E+16
75612,75613,9,2,76,129,2016,7,9,5,2,9,1,0,1,0,1,0,0,0,0,8.0557E+20,5.4377E+21,1.31796E+16,4.90164E+16
75613,75614,9,7,74,143,2016,7,11,2,3,5,3,0,0,0,1,0,0,0,0,5.97249E+20,5.35864E+21,1.03132E+16,4.83734E+16
75614,75615,9,2,74,132,2016,7,18,5,3,2,6,0,0,0,1,0,0,1,0,7.23131E+20,5.38627E+21,1.2026E+16,4.85897E+16
75615,75616,9,2,76,148,2016,7,15,3,3,3,6,0,0,0,1,0,0,0,1,8.099E+20,5.43671E+21,1.32379E+16,4.90054E+16
75616,75617,9,5,73,114,2016,7,19,4,3,2,6,0,1,0,1,0,0,0,0,6.3463E+20,5.48035E+21,1.08579E+16,4.94609E+16
75617,75618,9,1,87,182,2016,7,14,4,3,4,6,0,1,0,1,0,0,0,0,7.39416E+20,5.32888E+21,1.22139E+16,4.80682E+16
75618,75619,9,2,75,146,2016,7,15,6,2,2,6,0,0,0,1,0,0,0,0,8.29666E+20,5.3958E+21,1.34745E+16,4.86283E+16
75619,75620,9,6,71,155,2016,7,23,6,3,5,3,2,0,0,1,0,0,0,0,5.05777E+20,5.53403E+21,9.08054E+15,4.99586E+16
75620,75621,9,1,87,129,2016,7,6,5,3,9,1,0,1,0,1,0,0,0,0,7.22059E+20,5.30085E+21,1.19668E+16,4.78227E+16
75621,75622,9,1,89,155,2016,7,16,2,3,5,3,0,0,1,1,0,0,0,0,7.71403E+20,5.30704E+21,1.26287E+16,4.78593E+16
75622,75623,9,5,75,119,2016,7,15,2,3,5,3,0,0,0,1,0,0,0,0,6.14473E+20,5.48924E+21,1.05824E+16,4.95449E+16
75623,75624,9,5,76,121,2016,7,17,3,3,4,2,0,0,0,1,0,0,0,0,6.50146E+20,5.44827E+21,1.10598E+16,4.91689E+16
75624,75625,9,7,78,203,2016,7,12,2,2,8,3,0,0,0,1,0,0,0,0,6.22612E+20,5.32637E+21,1.06462E+16,4.80788E+16
75625,75626,9,2,76,142,2016,7,13,3,2,5,3,0,0,0,1,0,1,0,0,7.91255E+20,5.43257E+21,1.29807E+16,4.89773E+16
75626,75627,9,7,73,140,2016,7,17,4,2,8,1,0,1,0,1,0,0,0,0,6.15963E+20,5.37208E+21,1.05695E+16,4.84911E+16
75627,75628,9,1,73,124,2016,7,7,5,3,2,6,0,1,0,1,0,0,0,0,6.93111E+20,5.29246E+21,1.15768E+16,4.77566E+16
75628,75629,9,1,84,141,2016,7,13,1,3,5,6,0,0,0,1,0,1,0,0,6.98783E+20,5.31133E+21,1.1661E+16,4.79244E+16
75629,75630,9,1,63,0,2016,7,18,4,3,2,6,1,1,0,1,0,0,0,0,7.34211E+20,5.30364E+21,1.21304E+16,4.78434E+16
75630,75631,9,7,62,0,2016,7,7,6,3,5,3,0,0,1,1,0,0,0,0,6.20724E+20,5.30416E+21,1.06146E+16,4.78794E+16
75631,75632,9,1,90,132,2016,7,16,5,2,8,1,0,1,0,1,0,0,0,0,6.75492E+20,5.29379E+21,1.13424E+16,4.77736E+16
75632,75633,9,2,78,182,2016,7,16,3,3,5,3,0,1,0,1,0,0,0,0,7.61948E+20,5.41398E+21,1.25691E+16,4.88235E+16
75633,75634,9,5,75,116,2016,7,8,4,3,5,3,0,0,0,1,0,0,0,0,6.11252E+20,5.51127E+21,1.05442E+16,4.97436E+16
75634,75635,9,1,84,141,2016,7,12,1,2,2,6,0,0,0,1,0,1,0,0,6.98425E+20,5.31186E+21,1.16565E+16,4.79293E+16
75635,75636,9,1,82,124,2016,7,9,4,3,5,3,0,1,0,1,0,0,0,0,7.07256E+20,5.28389E+21,1.17612E+16,4.76751E+16
75636,75637,9,2,79,113,2016,7,14,6,3,5,3,0,0,0,1,0,0,0,0,7.83954E+20,5.39587E+21,1.28557E+16,4.86513E+16
75637,75638,9,1,83,136,2016,7,7,2,3,5,3,0,0,0,1,0,0,0,0,7.61591E+20,5.34656E+21,1.25219E+16,4.82182E+16
75638,75639,9,5,76,122,2016,7,15,6,3,5,6,0,0,0,1,0,0,0,0,6.74699E+20,5.4348E+21,1.13906E+16,4.90413E+16
75639,75640,9,1,87,179,2016,7,17,5,2,5,2,0,1,0,1,0,0,0,0,7.26411E+20,5.31524E+21,1.20324E+16,4.79504E+16
75640,75641,9,1,89,162,2016,7,16,2,3,8,6,0,0,0,1,0,1,0,0,7.7299E+20,5.31793E+21,1.26568E+16,4.79564E+16
75641,75642,9,4,75,182,2016,7,12,2,3,3,6,0,0,0,1,0,0,1,0,7.09419E+20,5.58472E+21,1.19455E+16,5.03772E+16
75642,75643,9,7,63,0,2016,7,11,2,3,3,2,0,0,0,1,0,0,1,0,5.99322E+20,5.28762E+21,1.03247E+16,4.77343E+16
75643,75644,9,2,63,0,2016,7,16,3,3,5,3,0,0,1,1,0,0,0,0,7.61784E+20,5.42018E+21,1.25708E+16,4.88793E+16
75644,75645,9,4,71,220,2016,7,7,4,2,3,6,0,0,0,1,0,0,1,0,6.13393E+20,5.51302E+21,1.05744E+16,4.9759E+16
75645,75646,9,4,71,186,2016,7,12,4,3,0,7,0,0,1,0,0,0,0,0,6.18553E+20,5.52512E+21,1.06497E+16,4.98667E+16
75646,75647,9,5,64,0,2016,7,8,6,3,5,2,0,0,0,1,0,0,0,0,6.49552E+20,5.48216E+21,1.10644E+16,4.94736E+16
75647,75648,9,1,84,119,2016,7,0,1,2,2,6,2,0,0,1,0,1,0,0,6.97569E+20,5.34949E+21,1.16625E+16,4.82677E+16
75648,75649,9,4,75,156,2016,7,18,4,3,5,3,0,0,0,1,0,0,0,0,6.9273E+20,5.57926E+21,1.17082E+16,5.03339E+16
75649,75650,9,1,76,120,2016,7,0,4,2,9,1,2,1,0,1,0,0,0,0,6.81004E+20,5.41962E+21,1.147E+16,4.8903E+16
75650,75651,9,7,72,163,2016,7,19,6,3,3,6,0,0,0,1,0,0,0,1,6.38661E+20,5.34836E+21,1.08688E+16,4.82733E+16
75651,75652,9,1,86,137,2016,7,15,6,3,2,6,0,0,0,1,0,0,0,1,6.82694E+20,5.39823E+21,1.14835E+16,4.87103E+16
75652,75653,9,2,61,0,2016,7,11,4,3,3,6,0,0,0,1,0,0,1,1,7.26093E+20,5.37844E+21,1.20619E+16,4.85183E+16
75653,75654,9,1,89,162,2016,7,13,2,3,1,3,0,0,0,1,0,0,0,0,7.78735E+20,5.31531E+21,1.27319E+16,4.79304E+16
75654,75655,9,4,73,159,2016,7,16,2,2,2,6,0,0,1,1,0,0,0,0,6.44255E+20,5.57939E+21,1.10276E+16,5.03489E+16
75655,75656,9,7,78,173,2016,7,14,3,3,5,3,0,0,0,1,0,0,0,0,6.1159E+20,5.32272E+21,1.04973E+16,4.8048E+16
75656,75657,9,7,79,186,2016,7,8,5,3,2,6,0,1,0,1,0,0,1,0,6.36237E+20,5.41483E+21,1.08579E+16,4.88714E+16
75657,75658,9,1,74,115,2016,7,8,5,3,4,2,0,1,0,1,0,0,0,0,6.80893E+20,5.34843E+21,1.14375E+16,4.82633E+16
75658,75659,9,5,72,135,2016,7,6,5,3,9,1,0,1,0,1,0,0,0,0,6.46828E+20,5.48929E+21,1.10295E+16,4.95384E+16
75659,75660,9,4,74,161,2016,7,15,5,2,8,1,0,0,0,1,0,0,0,0,6.56133E+20,5.51281E+21,1.11673E+16,4.97475E+16