FID,OBJECTID,ULAND,UREGBEZ,UKREIS,UGEMEINDE,UJAHR,UMONAT,USTUNDE,UWOCHENTAG,UKATEGORIE,UART,UTYP1,ULICHTVERH,IstStrasse,IstRad,IstPKW,IstFuss,IstKrad,IstGkfz,IstSonstig,LINREFX,LINREFY,XGCSWGS84,YGCSWGS84
75660,75661,9,4,78,165,2016,7,12,2,3,2,1,0,0,0,1,0,0,1,0,6.4473E+20,5.55365E+21,1.10245E+16,5.01175E+16
75661,75662,9,1,87,170,2016,7,13,6,2,9,1,0,0,0,1,0,0,0,0,7.32831E+20,5.31955E+21,1.21206E+16,4.79869E+16
75662,75663,9,2,74,132,2016,7,11,4,3,2,6,0,0,0,1,0,1,0,0,7.2588E+20,5.38571E+21,1.2063E+16,4.85837E+16
75663,75664,9,1,89,159,2016,7,21,2,3,5,3,2,1,1,1,0,0,0,0,7.60688E+20,5.30062E+21,1.24819E+16,4.78061E+16
75664,75665,9,1,62,0,2016,7,5,3,3,9,7,1,1,0,1,0,0,0,0,6.89165E+20,5.33078E+21,1.1541E+16,4.81022E+16
75665,75666,9,7,75,135,2016,7,15,5,3,5,3,0,0,1,1,0,0,0,0,5.7544E+20,5.35971E+21,1.00189E+16,4.83861E+16
75666,75667,9,1,76,167,2016,7,7,5,3,9,1,0,1,0,1,0,0,0,0,6.76725E+20,5.41189E+21,1.14083E+16,4.88348E+16
75667,75668,9,6,75,141,2016,7,18,5,3,2,6,0,0,0,1,0,0,0,0,5.8678E+20,5.51462E+21,1.02053E+16,4.97778E+16
75668,75669,9,4,77,121,2016,7,15,2,3,2,1,0,0,0,1,0,0,1,0,6.8819E+20,5.54995E+21,1.163E+16,5.0072E+16
75669,75670,9,4,64,0,2016,7,12,3,3,9,1,0,0,0,1,0,0,0,0,7.03292E+20,5.57639E+21,1.18549E+16,5.03045E+16
75670,75671,9,7,76,129,2016,7,18,2,2,9,1,0,1,0,1,0,0,0,0,5.71683E+20,5.27183E+21,9.95354E+15,4.7596E+16
75671,75672,9,2,63,0,2016,7,17,3,3,5,3,0,1,0,1,0,0,0,1,7.59183E+20,5.41885E+21,1.25345E+16,4.88684E+16
75672,75673,9,6,73,136,2016,7,15,4,3,5,3,0,0,0,1,0,0,0,0,5.95364E+20,5.57914E+21,1.03406E+16,5.03566E+16
75673,75674,9,3,75,199,2016,7,19,4,3,2,6,1,1,0,1,0,0,0,0,7.2096E+20,5.43124E+21,1.20208E+16,4.89945E+16
75674,75675,9,5,75,165,2016,7,22,6,2,9,1,2,0,0,1,0,0,0,0,6.02663E+20,5.49235E+21,1.042E+16,4.9575E+16
75675,75676,9,4,73,151,2016,7,13,4,3,4,6,0,1,0,1,0,0,1,0,6.48911E+20,5.57314E+21,1.10906E+16,5.02915E+16
75676,75677,9,1,76,138,2016,7,18,4,2,8,1,0,1,0,1,0,0,0,0,6.76014E+20,5.42669E+21,1.1405E+16,4.8968E+16
75677,75678,9,6,77,154,2016,7,9,6,3,2,6,0,0,0,1,0,0,0,0,5.41818E+20,5.51569E+21,9.581E+15,4.97922E+16
75678,75679,9,1,74,151,2016,7,6,6,3,8,1,0,0,0,1,0,0,0,0,6.79698E+20,5.36188E+21,1.14271E+16,4.83844E+16
75679,75680,9,2,73,172,2016,7,15,4,3,8,7,0,0,0,1,0,0,0,0,7.11468E+20,5.40148E+21,1.18759E+16,4.87304E+16
75680,75681,9,1,89,159,2016,7,22,2,3,0,1,2,1,1,0,0,0,0,0,7.60754E+20,5.30247E+21,1.24839E+16,4.78227E+16
75681,75682,9,4,77,128,2016,7,16,2,3,2,6,0,0,0,1,0,0,0,0,6.76231E+20,5.5507E+21,1.14634E+16,5.00824E+16
75682,75683,9,7,77,138,2016,7,8,3,3,4,6,0,1,0,1,0,0,0,0,6.0525E+20,5.29843E+21,1.04064E+16,4.78306E+16
75683,75684,9,6,79,170,2016,7,17,5,3,5,3,0,0,0,1,0,0,0,0,5.77234E+20,5.50154E+21,1.00702E+16,4.96615E+16
75684,75685,9,1,78,120,2016,7,18,5,3,1,3,0,0,0,1,0,0,0,1,6.94203E+20,5.35373E+21,1.16191E+16,4.83069E+16
75685,75686,9,5,62,0,2016,7,17,5,2,4,2,0,0,0,1,0,0,0,0,6.43486E+20,5.49414E+21,1.09851E+16,4.95828E+16
75686,75687,9,3,73,147,2016,7,18,5,3,5,2,0,0,0,1,0,0,0,0,6.81046E+20,5.4623E+21,1.14897E+16,4.92866E+16
75687,75688,9,7,76,116,2016,7,16,2,3,2,6,0,0,0,0,0,1,0,0,5.51893E+20,5.26719E+21,9.68977E+15,4.7556E+16
75688,75689,9,2,72,120,2016,7,16,5,2,0,1,0,1,0,0,0,1,0,0,8.22363E+20,5.42062E+21,1.33951E+16,4.88547E+16
75689,75690,9,2,75,159,2016,7,16,3,3,9,1,0,1,0,1,0,0,0,0,8.11454E+20,5.3967E+21,1.32287E+16,4.86456E+16
75690,75691,9,5,64,0,2016,7,18,4,3,5,7,0,0,1,0,0,0,0,0,6.52956E+20,5.4829E+21,1.11116E+16,4.94794E+16
75691,75692,9,1,61,0,2016,7,13,4,3,5,3,0,0,1,1,0,0,0,0,6.78857E+20,5.40246E+21,1.14332E+16,4.87494E+16
75692,75693,9,2,75,127,2016,7,2,6,3,2,6,2,0,0,1,0,0,1,0,8.10222E+20,5.40097E+21,1.32153E+16,4.86845E+16
75693,75694,9,7,77,130,2016,7,7,2,3,0,2,0,0,0,1,0,0,0,1,6.24604E+20,5.30895E+21,1.06679E+16,4.79217E+16
75694,75695,9,2,75,153,2016,7,16,5,3,0,1,0,1,0,0,0,1,0,0,8.41907E+20,5.39203E+21,1.3637E+16,4.85878E+16
75695,75696,9,2,74,126,2016,7,15,3,3,2,6,0,0,0,1,0,0,1,0,7.33739E+20,5.38599E+21,1.21695E+16,4.85834E+16
75696,75697,9,5,62,0,2016,7,11,4,3,5,3,0,0,0,1,0,0,0,0,6.43689E+20,5.48951E+21,1.09862E+16,4.95411E+16
75697,75698,9,3,75,199,2016,7,19,4,3,2,6,1,1,0,1,0,0,0,0,7.2096E+20,5.43124E+21,1.20208E+16,4.89945E+16
75698,75699,9,4,63,0,2016,7,15,6,2,9,1,0,0,0,1,0,0,0,0,6.41058E+20,5.5659E+21,1.09777E+16,5.02284E+16
75699,75700,9,1,61,0,2016,7,16,4,3,4,2,0,1,0,1,0,0,0,0,6.78845E+20,5.40578E+21,1.14345E+16,4.87793E+16
75700,75701,9,3,76,119,2016,7,21,6,3,8,1,2,0,0,1,0,0,0,0,7.20107E+20,5.45587E+21,1.20226E+16,4.9216E+16
75701,75702,9,6,75,165,2016,7,17,6,3,1,6,0,0,0,1,0,0,0,0,5.86862E+20,5.51746E+21,1.02071E+16,4.98033E+16
75702,75703,9,1,75,116,2016,7,15,6,2,0,7,0,0,1,0,0,0,0,0,7.08904E+20,5.3215E+21,1.18013E+16,4.80126E+16
75703,75704,9,1,71,112,2016,7,10,2,2,6,3,0,0,0,1,1,0,0,0,7.84838E+20,5.34217E+21,1.28313E+16,4.81688E+16
75704,75705,9,3,74,162,2016,7,12,2,1,4,6,0,0,0,1,0,0,0,1,7.36467E+20,5.5064E+21,1.2277E+16,4.96637E+16
75705,75706,9,6,72,139,2016,7,19,3,3,2,6,0,0,0,1,0,0,0,1,5.67671E+20,5.56109E+21,9.94814E+15,5.01982E+16
75706,75707,9,7,77,129,2016,7,11,2,3,3,6,0,0,0,1,0,1,0,0,6.27542E+20,5.269E+21,1.06955E+16,4.75618E+16
75707,75708,9,1,62,0,2016,7,23,4,3,9,7,2,1,0,1,0,0,0,0,7.01329E+20,5.33233E+21,1.17049E+16,4.81124E+16
75708,75709,9,5,64,0,2016,7,15,5,3,9,1,0,0,0,1,0,0,0,0,6.51081E+20,5.4752E+21,1.10828E+16,4.94107E+16
75709,75710,9,7,77,130,2016,7,19,2,3,9,1,0,0,0,1,0,0,0,0,6.27632E+20,5.31539E+21,1.07103E+16,4.79791E+16
75710,75711,9,2,79,137,2016,7,16,5,3,5,3,0,0,0,1,0,0,0,0,7.75334E+20,5.40497E+21,1.2745E+16,4.87368E+16
75711,75712,9,2,74,114,2016,7,18,3,2,4,1,0,1,0,1,0,1,0,0,7.36097E+20,5.37138E+21,1.21932E+16,4.84512E+16
75712,75713,9,5,77,148,2016,7,16,4,2,4,2,0,0,0,1,0,1,0,0,6.40295E+20,5.41936E+21,1.09148E+16,4.89113E+16
75713,75714,9,1,62,0,2016,7,16,1,3,5,3,0,0,0,1,0,1,0,0,6.87949E+20,5.32777E+21,1.15233E+16,4.80754E+16
75714,75715,9,1,86,162,2016,7,11,4,3,4,2,0,0,0,1,0,0,0,0,6.94411E+20,5.38995E+21,1.16387E+16,4.86324E+16
75715,75716,9,2,77,124,2016,7,6,6,3,8,7,0,0,0,1,0,0,0,0,7.82429E+20,5.36856E+21,1.28166E+16,4.84069E+16
75716,75717,9,5,76,143,2016,7,7,6,2,8,7,0,0,0,1,0,0,0,0,6.60625E+20,5.46179E+21,1.12089E+16,4.92877E+16
75717,75718,9,1,87,177,2016,7,17,5,3,8,1,0,1,0,1,0,0,0,0,7.3573E+20,5.30715E+21,1.21526E+16,4.78744E+16
75718,75719,9,1,87,169,2016,7,18,2,3,9,7,0,0,0,1,0,0,0,0,7.35496E+20,5.29946E+21,1.21453E+16,4.78054E+16
75719,75720,9,3,77,159,2016,7,17,2,3,0,3,0,0,0,1,0,0,0,0,7.28259E+20,5.53281E+21,1.21789E+16,4.99041E+16
75720,75721,9,5,71,199,2016,7,6,3,3,9,1,0,0,0,1,0,0,0,0,5.83188E+20,5.45249E+21,1.01424E+16,4.92195E+16
75721,75722,9,7,79,178,2016,7,17,2,3,8,1,0,0,0,0,0,1,0,0,6.40418E+20,5.40053E+21,1.091E+16,4.8742E+16
75722,75723,9,6,73,114,2016,7,13,6,3,1,6,0,0,0,1,0,0,0,0,5.85604E+20,5.57479E+21,1.02025E+16,5.0319E+16
75723,75724,9,1,83,120,2016,7,8,5,3,4,6,0,1,0,1,0,0,0,1,7.49484E+20,5.3496E+21,1.2361E+16,4.82505E+16
75724,75725,9,1,82,134,2016,7,21,2,2,8,1,2,1,0,1,0,0,0,0,7.01537E+20,5.2942E+21,1.16899E+16,4.77696E+16
75725,75726,9,3,74,134,2016,7,15,2,3,4,2,0,0,0,1,0,0,0,0,7.19017E+20,5.50471E+21,1.20346E+16,4.96551E+16
75726,75727,9,6,61,0,2016,7,14,3,3,0,7,0,0,1,0,0,0,0,0,5.10516E+20,5.5358E+21,9.14665E+15,4.99745E+16
75727,75728,9,2,61,0,2016,7,17,3,3,4,2,0,1,0,1,0,0,0,0,7.31454E+20,5.38383E+21,1.21374E+16,4.85648E+16
75728,75729,9,7,62,0,2016,7,17,4,3,4,2,0,1,1,1,0,0,0,0,6.21323E+20,5.30445E+21,1.06227E+16,4.78819E+16
75729,75730,9,7,75,135,2016,7,14,4,2,2,6,0,1,0,1,0,1,1,0,5.77875E+20,5.36038E+21,1.0052E+16,4.83918E+16
75730,75731,9,5,75,112,2016,7,10,5,3,5,3,0,0,0,1,0,0,0,0,6.0322E+20,5.48846E+21,1.04267E+16,4.95399E+16
75731,75732,9,1,90,111,2016,7,7,5,3,9,1,0,1,0,1,0,0,0,0,6.3917E+20,5.29714E+21,1.0859E+16,4.78126E+16
75732,75733,9,2,79,113,2016,7,19,3,2,8,1,0,1,0,1,0,0,0,0,7.85009E+20,5.39521E+21,1.28696E+16,4.86448E+16
75733,75734,9,5,75,153,2016,7,5,4,3,5,3,0,0,0,1,0,0,0,0,6.15989E+20,5.49336E+21,1.06046E+16,4.95817E+16
75734,75735,9,7,75,152,2016,7,18,1,3,0,6,0,0,0,1,0,1,0,0,5.77765E+20,5.35246E+21,1.0049E+16,4.83206E+16
75735,75736,9,1,76,138,2016,7,8,4,2,8,1,0,1,0,1,0,0,0,0,6.6874E+20,5.4244E+21,1.13048E+16,4.89494E+16
75736,75737,9,7,74,144,2016,7,16,6,3,5,2,0,0,0,1,0,0,0,0,6.06298E+20,5.3633E+21,1.04365E+16,4.84139E+16
75737,75738,9,1,80,126,2016,7,20,6,3,0,1,1,1,0,0,0,1,0,0,6.60283E+20,5.27031E+21,1.11309E+16,4.75664E+16
75738,75739,9,2,61,0,2016,7,8,4,3,5,3,0,1,1,0,0,1,0,0,7.31704E+20,5.38137E+21,1.21394E+16,4.85426E+16
75739,75740,9,1,82,111,2016,7,16,2,3,4,2,0,1,0,1,0,1,0,0,7.04005E+20,5.28837E+21,1.172E+16,4.77165E+16
75740,75741,9,1,61,0,2016,7,17,5,3,5,3,0,0,1,0,0,0,0,0,6.80021E+20,5.40675E+21,1.14509E+16,4.87877E+16
75741,75742,9,1,87,117,2016,7,18,2,3,2,6,0,0,0,1,0,1,0,0,7.25656E+20,5.30528E+21,1.20171E+16,4.78612E+16
75742,75743,9,3,75,162,2016,7,18,2,3,1,6,0,1,0,1,0,0,1,0,7.13545E+20,5.43787E+21,1.19231E+16,4.90566E+16
75743,75744,9,4,77,128,2016,7,13,3,2,9,1,0,0,0,1,0,0,0,0,6.75805E+20,5.55118E+21,1.14576E+16,5.00869E+16
75744,75745,9,7,79,198,2016,7,15,2,3,8,1,0,0,0,1,0,0,0,0,6.33127E+20,5.41556E+21,1.08157E+16,4.88787E+16
75745,75746,9,1,90,126,2016,7,13,3,2,0,1,0,0,1,0,0,0,0,0,6.71202E+20,5.28904E+21,1.12833E+16,4.7732E+16
75746,75747,9,6,75,141,2016,7,12,4,3,2,6,0,1,0,1,0,1,0,0,5.83161E+20,5.51012E+21,1.01541E+16,4.97379E+16
75747,75748,9,3,76,141,2016,7,16,4,3,3,1,0,1,0,1,0,0,0,0,7.27128E+20,5.45532E+21,1.21185E+16,4.92085E+16
75748,75749,9,5,77,161,2016,7,10,6,2,5,3,0,0,0,1,0,0,0,0,6.42737E+20,5.44058E+21,1.09555E+16,4.91015E+16
75749,75750,9,1,73,126,2016,7,16,3,2,4,2,0,1,0,1,0,0,0,0,6.8431E+20,5.30522E+21,1.14649E+16,4.78739E+16
75750,75751,9,7,72,202,2016,7,11,4,3,9,7,0,0,0,1,0,0,0,0,6.37181E+20,5.35748E+21,1.08518E+16,4.83556E+16
75751,75752,9,5,74,147,2016,7,19,6,3,8,7,0,0,0,1,0,0,0,0,6.85128E+20,5.48414E+21,1.15559E+16,4.94817E+16
75752,75753,9,7,75,135,2016,7,19,1,3,8,7,0,0,0,1,0,0,0,0,5.80296E+20,5.36244E+21,1.0085E+16,4.841E+16
75753,75754,9,1,76,153,2016,7,17,4,3,2,6,0,1,0,1,0,0,0,0,6.96873E+20,5.41158E+21,1.16824E+16,4.8826E+16
75754,75755,9,7,80,115,2016,7,10,6,3,2,2,0,0,0,0,0,0,1,1,5.9468E+20,5.26455E+21,1.02578E+16,4.75274E+16
75755,75756,9,1,85,158,2016,7,16,6,3,2,6,0,0,0,1,0,0,1,0,6.6896E+20,5.38157E+21,1.12902E+16,4.85645E+16
75756,75757,9,2,61,0,2016,7,17,4,2,2,6,0,1,0,1,0,0,0,0,7.32844E+20,5.38139E+21,1.21548E+16,4.85424E+16
75757,75758,9,1,61,0,2016,7,0,2,3,5,3,2,0,0,1,0,1,0,0,6.78878E+20,5.40605E+21,1.14351E+16,4.87817E+16
75758,75759,9,7,75,111,2016,7,5,3,3,8,1,1,1,0,1,0,0,0,0,5.83264E+20,5.33336E+21,1.01194E+16,4.8148E+16
75759,75760,9,7,74,143,2016,7,5,5,3,5,3,0,1,0,1,0,0,0,0,5.94783E+20,5.35896E+21,1.028E+16,4.83767E+16
75760,75761,9,1,81,115,2016,7,17,5,3,2,6,0,0,0,1,0,0,0,0,6.58572E+20,5.32723E+21,1.11291E+16,4.80786E+16
75761,75762,9,6,62,0,2016,7,13,5,2,5,3,0,0,0,1,0,0,0,0,5.85674E+20,5.54201E+21,1.01961E+16,5.00243E+16
75762,75763,9,4,73,159,2016,7,14,5,3,4,6,0,0,0,1,0,0,0,0,6.44643E+20,5.5778E+21,1.10325E+16,5.03345E+16
75763,75764,9,3,72,171,2016,7,12,2,3,5,3,0,0,0,1,0,0,0,0,7.65176E+20,5.47615E+21,1.26537E+16,4.93802E+16
75764,75765,9,4,77,124,2016,7,12,3,2,5,3,0,0,0,1,0,1,1,0,6.67944E+20,5.54497E+21,1.13451E+16,5.00333E+16
75765,75766,9,7,73,182,2016,7,17,2,3,9,1,0,0,0,1,0,0,0,0,6.2778E+20,5.37804E+21,1.07312E+16,4.85424E+16
75766,75767,9,2,71,125,2016,7,17,5,3,4,6,0,1,0,1,0,0,1,0,8.01663E+20,5.40759E+21,1.31041E+16,4.87481E+16
75767,75768,9,1,89,155,2016,7,19,3,3,5,3,0,1,0,1,0,0,0,0,7.71486E+20,5.30774E+21,1.26303E+16,4.78655E+16
75768,75769,9,5,64,0,2016,7,10,4,3,2,6,0,0,0,0,0,0,1,0,6.53247E+20,5.46933E+21,1.11104E+16,4.93574E+16
75769,75770,9,3,76,149,2016,7,6,4,2,2,3,0,1,0,1,0,0,0,0,7.39228E+20,5.45287E+21,1.22829E+16,4.9182E+16
75770,75771,9,4,79,136,2016,7,4,6,2,8,7,1,1,0,1,0,0,0,0,7.2269E+20,5.54691E+21,1.21097E+16,5.00328E+16
75771,75772,9,3,73,121,2016,7,15,6,2,0,1,0,0,1,0,0,0,0,0,6.91035E+20,5.43357E+21,1.16133E+16,4.90254E+16
75772,75773,9,4,76,164,2016,7,15,4,3,5,3,0,0,1,1,0,0,0,0,6.64619E+20,5.58014E+21,1.1314E+16,5.03503E+16
75773,75774,9,1,76,138,2016,7,9,4,3,0,6,0,0,1,1,0,0,0,0,6.74831E+20,5.4247E+21,1.1388E+16,4.89505E+16
75774,75775,9,6,79,126,2016,7,8,6,2,0,1,0,1,0,0,0,1,0,0,5.5916E+20,5.51222E+21,9.8214E+15,4.97595E+16
75775,75776,9,1,74,121,2016,7,13,6,3,4,6,0,0,0,1,0,0,0,0,6.87014E+20,5.35294E+21,1.15219E+16,4.8302E+16
75776,75777,9,2,79,127,2016,7,8,4,2,4,6,0,0,0,1,0,0,0,0,7.54574E+20,5.40143E+21,1.2461E+16,4.87139E+16
75777,75778,9,1,61,0,2016,7,18,2,3,2,6,0,0,0,0,0,1,1,0,6.7549E+20,5.4049E+21,1.13885E+16,4.87723E+16
75778,75779,9,2,71,132,2016,7,22,2,3,3,6,2,1,0,1,0,0,0,1,7.85548E+20,5.4175E+21,1.28923E+16,4.88447E+16
75779,75780,9,7,61,0,2016,7,12,3,3,2,6,0,0,0,1,0,0,0,0,6.39912E+20,5.35608E+21,1.08882E+16,4.83424E+16
75780,75781,9,4,63,0,2016,7,18,4,3,5,3,0,0,0,1,0,1,0,0,6.37256E+20,5.56833E+21,1.09253E+16,5.02512E+16
75781,75782,9,1,62,0,2016,7,8,4,3,2,6,0,1,0,1,0,0,0,0,6.81096E+20,5.33997E+21,1.14366E+16,4.81871E+16
75782,75783,9,7,71,142,2016,7,17,6,3,2,6,0,0,0,1,0,0,0,1,6.45356E+20,5.35329E+21,1.09606E+16,4.83161E+16
75783,75784,9,1,76,112,2016,7,14,6,2,0,7,0,0,1,0,0,0,0,0,6.94846E+20,5.41932E+21,1.16585E+16,4.88961E+16
75784,75785,9,2,79,116,2016,7,7,4,3,2,6,0,1,0,1,0,0,0,0,7.59546E+20,5.39446E+21,1.25241E+16,4.86493E+16
75785,75786,9,1,86,149,2016,7,6,2,3,2,6,0,0,0,1,0,0,0,0,6.88803E+20,5.3858E+21,1.15608E+16,4.85968E+16
75786,75787,9,2,76,142,2016,7,14,2,3,0,1,0,1,0,0,0,1,0,0,7.91235E+20,5.43338E+21,1.2981E+16,4.89846E+16
75787,75788,9,7,76,126,2016,7,7,3,3,3,6,0,1,0,1,0,0,1,0,5.61859E+20,5.27135E+21,9.82281E+15,4.75926E+16
75788,75789,9,7,72,149,2016,7,18,5,3,8,7,0,0,0,1,0,0,0,0,6.37733E+20,5.34015E+21,1.08536E+16,4.81997E+16
75789,75790,9,1,86,152,2016,7,9,5,3,1,6,0,1,0,1,0,0,0,0,6.91504E+20,5.37377E+21,1.15919E+16,4.84878E+16
75790,75791,9,5,64,0,2016,7,7,5,2,9,1,1,1,0,0,0,1,0,0,6.53556E+20,5.47328E+21,1.11162E+16,4.93928E+16
75791,75792,9,3,75,143,2016,7,7,5,3,4,6,0,1,0,1,0,0,0,1,7.35474E+20,5.41984E+21,1.22123E+16,4.88868E+16
75792,75793,9,2,78,177,2016,7,17,2,3,8,6,0,0,0,1,0,0,0,0,7.5435E+20,5.42208E+21,1.24708E+16,4.88994E+16
75793,75794,9,7,73,136,2016,7,8,2,3,5,3,0,0,1,1,0,0,0,0,6.01558E+20,5.37877E+21,1.03763E+16,4.85538E+16
75794,75795,9,2,75,154,2016,7,18,5,3,2,6,0,1,0,1,0,0,0,0,8.09473E+20,5.3954E+21,1.3201E+16,4.8635E+16
75795,75796,9,1,83,135,2016,7,5,3,3,7,7,1,1,0,1,0,0,0,0,7.41473E+20,5.34488E+21,1.22506E+16,4.82112E+16
75796,75797,9,5,74,156,2016,7,21,4,2,0,1,0,0,0,0,0,1,0,0,6.59871E+20,5.48242E+21,1.12068E+16,4.94734E+16
75797,75798,9,3,76,149,2016,7,9,4,3,5,3,0,0,0,1,0,0,0,0,7.41319E+20,5.45494E+21,1.23128E+16,4.91997E+16
75798,75799,9,4,76,177,2016,7,9,6,3,0,7,0,0,0,1,0,1,0,0,6.74667E+20,5.57393E+21,1.14522E+16,5.02916E+16
75799,75800,9,1,88,113,2016,7,14,4,3,5,3,0,1,1,1,0,0,0,0,6.7662E+20,5.3137E+21,1.13656E+16,4.79523E+16
75800,75801,9,2,63,0,2016,7,19,6,3,9,1,0,0,0,0,0,1,0,0,7.6525E+20,5.42113E+21,1.26186E+16,4.88863E+16
75801,75802,9,6,73,136,2016,7,7,6,3,9,1,0,0,0,1,0,0,0,0,5.93182E+20,5.57904E+21,1.03099E+16,5.03561E+16
75802,75803,9,1,76,139,2016,7,22,2,2,5,3,2,1,0,1,0,1,0,0,6.82803E+20,5.40749E+21,1.14891E+16,4.87935E+16
75803,75804,9,2,71,141,2016,7,17,2,3,2,1,0,0,0,1,0,0,0,0,7.95515E+20,5.40231E+21,1.30169E+16,4.87037E+16
75804,75805,9,6,62,0,2016,7,6,3,2,5,3,1,0,1,1,0,0,0,0,5.87411E+20,5.5459E+21,1.02212E+16,5.0059E+16
75805,75806,9,7,72,184,2016,7,9,2,3,3,2,0,0,1,1,0,0,0,0,6.35878E+20,5.36152E+21,1.08355E+16,4.83922E+16
75806,75807,9,1,87,165,2016,7,16,3,2,9,1,0,1,0,1,0,0,0,1,7.34996E+20,5.29949E+21,1.21387E+16,4.78059E+16
75807,75808,9,7,75,134,2016,7,16,4,2,0,7,0,1,1,0,0,0,0,0,5.83264E+20,5.36433E+21,1.01255E+16,4.84266E+16
75808,75809,9,7,78,219,2016,7,18,4,3,8,1,0,1,0,1,0,0,0,0,5.90819E+20,5.30856E+21,1.02157E+16,4.79239E+16
75809,75810,9,5,71,111,2016,7,9,5,1,9,1,0,0,0,1,0,0,0,0,5.8059E+20,5.47787E+21,1.01118E+16,4.94482E+16
75810,75811,9,1,73,137,2016,7,21,5,3,9,1,1,1,0,1,0,0,0,0,6.76752E+20,5.29787E+21,1.13609E+16,4.78099E+16
75811,75812,9,1,87,169,2016,7,14,3,3,2,6,0,0,0,1,0,0,0,0,7.37951E+20,5.29922E+21,1.21779E+16,4.78023E+16
75812,75813,9,5,71,193,2016,7,13,4,3,5,3,0,0,1,1,0,0,0,0,5.86406E+20,5.46988E+21,1.01903E+16,4.93755E+16
75813,75814,9,7,78,165,2016,7,15,1,3,2,6,0,0,0,0,0,1,0,0,5.87843E+20,5.29968E+21,1.01741E+16,4.78444E+16
75814,75815,9,1,62,0,2016,7,18,4,3,1,3,0,1,0,1,0,0,0,0,6.97037E+20,5.33041E+21,1.16464E+16,4.80964E+16
75815,75816,9,5,74,138,2016,7,13,5,3,2,6,0,0,0,1,0,0,0,0,6.6708E+20,5.48751E+21,1.13084E+16,4.95172E+16
75816,75817,9,3,61,0,2016,7,7,5,3,0,7,0,1,0,0,0,1,0,0,7.0907E+20,5.48132E+21,1.18846E+16,4.94486E+16
75817,75818,9,7,72,202,2016,7,19,2,3,5,2,0,0,1,1,0,0,0,0,6.36454E+20,5.35703E+21,1.08418E+16,4.83517E+16
75818,75819,9,2,77,116,2016,7,9,5,3,5,3,0,1,0,1,0,0,0,0,7.79657E+20,5.36834E+21,1.27791E+16,4.84061E+16
75819,75820,9,5,64,0,2016,7,16,4,3,1,6,0,1,0,1,0,0,0,0,6.49857E+20,5.48171E+21,1.10684E+16,4.94695E+16
75820,75821,9,2,71,119,2016,7,16,4,3,2,1,0,1,0,1,0,0,0,0,7.89911E+20,5.41618E+21,1.29507E+16,4.88308E+16
75821,75822,9,1,81,128,2016,7,14,4,3,1,6,0,0,0,1,0,0,0,0,6.38486E+20,5.32731E+21,1.08596E+16,4.8084E+16
75822,75823,9,2,62,0,2016,7,20,6,3,3,6,1,0,0,1,0,1,0,0,8.28868E+20,5.38957E+21,1.34588E+16,4.85728E+16
75823,75824,9,6,71,133,2016,7,7,6,3,8,1,0,0,0,1,0,0,0,0,5.11333E+20,5.54221E+21,9.15823E+15,5.00321E+16
75824,75825,9,1,84,148,2016,7,7,5,3,2,6,0,0,0,1,0,0,0,0,6.93376E+20,5.32858E+21,1.15965E+16,4.80811E+16
75825,75826,9,1,61,0,2016,7,9,2,3,5,3,0,0,0,1,0,0,0,0,6.72699E+20,5.40321E+21,1.13498E+16,4.8758E+16
75826,75827,9,2,71,140,2016,7,11,2,3,2,6,0,0,0,1,0,0,0,0,7.85298E+20,5.41893E+21,1.28899E+16,4.88576E+16
75827,75828,9,5,65,0,2016,7,14,3,3,3,2,0,0,1,0,0,0,1,0,6.47644E+20,5.46605E+21,1.10321E+16,4.93293E+16
75828,75829,9,6,79,175,2016,7,18,2,3,2,6,0,0,0,0,0,0,1,0,5.73392E+20,5.51048E+21,1.00186E+16,4.97424E+16
75829,75830,9,1,87,118,2016,7,14,3,3,0,1,0,0,1,0,0,0,0,0,7.52525E+20,5.30094E+21,1.23732E+16,4.78122E+16
75830,75831,9,7,79,224,2016,7,5,4,3,8,1,0,0,0,1,0,0,0,0,6.06696E+20,5.4155E+21,1.04554E+16,4.88833E+16
75831,75832,9,1,90,136,2016,7,14,5,1,8,1,0,1,0,1,0,0,0,0,6.68565E+20,5.2879E+21,1.12477E+16,4.77225E+16
75832,75833,9,7,74,119,2016,7,0,1,3,0,1,2,0,1,0,0,0,0,0,5.8742E+20,5.36527E+21,1.01819E+16,4.84345E+16
75833,75834,9,1,74,126,2016,7,21,4,3,8,7,2,1,0,1,0,0,0,0,6.8351E+20,5.3441E+21,1.14708E+16,4.82235E+16
75834,75835,9,7,76,116,2016,7,13,6,3,2,6,0,0,0,1,0,0,0,0,5.51452E+20,5.26788E+21,9.68398E+15,4.75623E+16
75835,75836,9,1,87,132,2016,7,12,6,3,2,6,0,0,0,1,0,0,0,0,7.4775E+20,5.2996E+21,1.23088E+16,4.78021E+16
75836,75837,9,1,90,148,2016,7,14,4,3,0,1,0,0,1,0,0,0,0,0,6.41804E+20,5.29748E+21,1.08942E+16,4.78151E+16
75837,75838,9,1,76,155,2016,7,5,2,2,4,6,0,0,0,1,0,0,1,0,6.59759E+20,5.42566E+21,1.11827E+16,4.89632E+16
75838,75839,9,1,62,0,2016,7,15,3,3,5,3,0,1,1,0,0,0,0,1,6.87794E+20,5.33503E+21,1.15245E+16,4.81407E+16
75839,75840,9,1,84,120,2016,7,12,5,3,4,6,0,1,0,1,0,1,0,0,6.81301E+20,5.33182E+21,1.14359E+16,4.81138E+16