FID,OBJECTID,ULAND,UREGBEZ,UKREIS,UGEMEINDE,UJAHR,UMONAT,USTUNDE,UWOCHENTAG,UKATEGORIE,UART,UTYP1,ULICHTVERH,IstStrasse,IstRad,IstPKW,IstFuss,IstKrad,IstGkfz,IstSonstig,LINREFX,LINREFY,XGCSWGS84,YGCSWGS84
75840,75841,9,1,74,115,2016,7,11,4,3,8,1,0,1,1,0,0,0,0,1,6.80585E+20,5.34836E+21,1.14333E+16,4.82627E+16
75841,75842,9,2,74,184,2016,7,6,6,3,5,3,0,0,0,1,0,1,0,0,7.47626E+20,5.3728E+21,1.23497E+16,4.84596E+16
75842,75843,9,5,65,0,2016,7,7,6,3,0,7,0,0,1,0,0,0,0,0,6.51008E+20,5.46628E+21,1.10784E+16,4.93306E+16
75843,75844,9,1,87,129,2016,7,15,5,3,9,7,0,1,0,1,0,0,0,0,7.26015E+20,5.29874E+21,1.20185E+16,4.78023E+16
75844,75845,9,1,76,114,2016,7,15,2,3,3,6,0,0,0,1,0,1,0,0,6.85541E+20,5.43053E+21,1.15368E+16,4.89998E+16
75845,75846,9,2,77,149,2016,7,1,2,3,0,7,2,0,0,0,0,0,0,1,7.95334E+20,5.3674E+21,1.29897E+16,4.83905E+16
75846,75847,9,6,77,157,2016,7,16,2,2,5,2,0,0,0,1,0,1,0,0,5.42423E+20,5.52222E+21,9.59012E+15,4.98509E+16
75847,75848,9,1,87,157,2016,7,8,3,3,8,1,0,1,0,0,0,1,0,0,7.38535E+20,5.28195E+21,1.21763E+16,4.7647E+16
75848,75849,9,7,61,0,2016,7,15,4,3,5,3,0,1,0,1,0,0,0,1,6.36914E+20,5.35957E+21,1.08489E+16,4.83744E+16
75849,75850,9,5,73,127,2016,7,11,6,1,6,4,0,0,0,0,1,0,1,0,6.45752E+20,5.47521E+21,1.10094E+16,4.94121E+16
75850,75851,9,7,74,135,2016,7,19,1,3,0,1,0,0,0,0,0,1,0,0,5.94856E+20,5.36829E+21,1.02831E+16,4.84606E+16
75851,75852,9,1,78,124,2016,7,19,4,3,5,2,0,1,0,1,0,0,0,0,7.00073E+20,5.35697E+21,1.16997E+16,4.83342E+16
75852,75853,9,7,72,147,2016,7,16,6,3,2,6,0,0,0,1,0,0,0,0,6.38474E+20,5.3641E+21,1.08714E+16,4.84148E+16
75853,75854,9,1,85,153,2016,7,11,6,2,5,3,0,0,0,1,0,0,0,0,6.51326E+20,5.40294E+21,1.10592E+16,4.87611E+16
75854,75855,9,1,90,154,2016,7,7,4,2,8,1,0,1,0,1,0,0,0,0,6.41625E+20,5.288E+21,1.08888E+16,4.77298E+16
75855,75856,9,1,62,0,2016,7,7,2,3,2,6,0,0,0,1,0,0,0,0,6.80888E+20,5.34186E+21,1.14346E+16,4.82042E+16
75856,75857,9,7,75,129,2016,7,8,3,3,2,6,0,1,0,1,0,0,0,0,5.82753E+20,5.34466E+21,1.01148E+16,4.82498E+16
75857,75858,9,7,79,111,2016,7,16,5,3,5,3,0,0,0,1,0,0,0,1,6.20389E+20,5.41381E+21,1.06416E+16,4.88655E+16
75858,75859,9,1,88,127,2016,7,16,5,3,2,6,0,0,0,0,0,0,0,1,6.72536E+20,5.32781E+21,1.13166E+16,4.80802E+16
75859,75860,9,6,76,134,2016,7,10,5,2,9,1,0,0,0,0,0,1,0,0,5.12736E+20,5.51286E+21,9.17686E+15,4.97681E+16
75860,75861,9,4,74,126,2016,7,9,5,3,2,6,0,1,0,1,0,0,0,0,6.48963E+20,5.50721E+21,1.10657E+16,4.96989E+16
75861,75862,9,2,62,0,2016,7,7,2,3,2,6,0,0,0,1,0,0,1,0,8.29086E+20,5.39013E+21,1.34622E+16,4.85777E+16
75862,75863,9,6,73,142,2016,7,18,2,3,0,1,0,0,0,0,0,1,0,0,5.87763E+20,5.58437E+21,1.0235E+16,5.04048E+16
75863,75864,9,2,78,151,2016,7,13,5,3,8,7,0,1,0,1,0,0,0,0,7.66829E+20,5.42944E+21,1.26455E+16,4.89602E+16
75864,75865,9,1,87,179,2016,7,11,3,3,5,3,0,1,0,1,0,0,0,0,7.23203E+20,5.31252E+21,1.19881E+16,4.79271E+16
75865,75866,9,5,72,133,2016,7,18,4,3,2,6,0,1,0,1,0,0,0,0,6.38452E+20,5.4991E+21,1.09172E+16,4.96285E+16
75866,75867,9,2,76,127,2016,7,17,4,3,8,6,0,1,0,1,0,0,0,0,8.09211E+20,5.42544E+21,1.322E+16,4.89046E+16
75867,75868,9,1,86,143,2016,7,17,5,3,5,2,0,0,0,1,0,0,0,1,6.85543E+20,5.37927E+21,1.15137E+16,4.85391E+16
75868,75869,9,6,75,117,2016,7,19,5,3,5,2,0,0,0,1,0,0,1,0,5.85634E+20,5.5174E+21,1.019E+16,4.9803E+16
75869,75870,9,2,77,133,2016,7,22,2,3,4,6,0,0,0,1,0,0,0,1,7.6817E+20,5.36381E+21,1.26213E+16,4.83704E+16
75870,75871,9,4,72,154,2016,7,7,3,3,9,1,0,0,0,1,0,0,0,0,6.63576E+20,5.53343E+21,1.12793E+16,4.99308E+16
75871,75872,9,6,74,130,2016,7,10,2,3,1,5,0,0,0,1,0,0,0,0,6.28716E+20,5.55052E+21,1.07996E+16,5.0093E+16
75872,75873,9,1,87,122,2016,7,16,3,3,9,1,0,1,0,1,0,0,0,0,7.188E+20,5.31078E+21,1.19284E+16,4.7913E+16
75873,75874,9,6,77,203,2016,7,7,4,3,4,6,0,0,0,1,0,0,0,0,5.59741E+20,5.5303E+21,9.83226E+15,4.99221E+16
75874,75875,9,2,78,151,2016,7,16,4,3,8,1,0,1,0,1,0,0,0,0,7.69007E+20,5.43237E+21,1.26771E+16,4.89856E+16
75875,75876,9,5,77,136,2016,7,9,6,3,5,3,0,0,0,1,0,0,0,0,6.27721E+20,5.44285E+21,1.07506E+16,4.91252E+16
75876,75877,9,4,63,0,2016,7,17,4,3,0,7,0,1,0,0,0,1,0,0,6.39255E+20,5.57033E+21,1.09541E+16,5.02687E+16
75877,75878,9,1,62,0,2016,7,17,3,3,2,6,0,1,0,1,0,0,0,0,6.88538E+20,5.33505E+21,1.15345E+16,4.81408E+16
75878,75879,9,7,61,0,2016,7,12,6,3,3,6,0,0,0,1,0,0,0,1,6.39598E+20,5.36089E+21,1.08855E+16,4.83857E+16
75879,75880,9,1,79,142,2016,7,15,6,3,1,3,0,0,0,1,0,0,0,0,6.70871E+20,5.34148E+21,1.12998E+16,4.82035E+16
75880,75881,9,1,80,124,2016,7,17,4,3,3,6,0,1,1,1,0,0,0,0,6.6538E+20,5.28355E+21,1.12037E+16,4.76842E+16
75881,75882,9,1,79,123,2016,7,6,2,3,5,3,0,0,0,1,0,0,0,0,6.76982E+20,5.33298E+21,1.13784E+16,4.81254E+16
75882,75883,9,2,79,137,2016,7,20,2,3,8,1,0,1,0,1,0,0,0,0,7.73437E+20,5.40294E+21,1.27179E+16,4.87194E+16
75883,75884,9,7,76,116,2016,7,12,3,3,3,7,0,0,0,1,0,0,0,0,5.52081E+20,5.26695E+21,9.69223E+15,4.75539E+16
75884,75885,9,6,79,147,2016,7,16,5,3,1,6,0,0,0,1,0,0,0,0,5.6144E+20,5.51233E+21,9.85307E+15,4.97603E+16
75885,75886,9,1,75,132,2016,7,7,5,3,4,6,0,1,0,1,0,0,0,0,7.07298E+20,5.33653E+21,1.17871E+16,4.81482E+16
75886,75887,9,5,62,0,2016,7,7,5,3,5,3,0,1,1,0,0,0,0,0,6.44333E+20,5.495E+21,1.09971E+16,4.95903E+16
75887,75888,9,3,62,0,2016,7,15,5,3,2,6,0,0,0,1,0,0,0,0,7.26691E+20,5.43645E+21,1.2102E+16,4.90392E+16
75888,75889,9,6,78,175,2016,7,8,2,3,1,1,0,0,1,1,0,0,0,0,5.81864E+20,5.53053E+21,1.01404E+16,4.99215E+16
75889,75890,9,2,75,134,2016,7,14,5,3,8,1,0,1,0,1,0,0,0,0,8.2726E+20,5.37967E+21,1.34293E+16,4.84848E+16
75890,75891,9,1,61,0,2016,7,21,3,3,5,2,1,1,0,1,0,0,0,0,6.78041E+20,5.40719E+21,1.14242E+16,4.87922E+16
75891,75892,9,5,74,138,2016,7,17,4,2,4,3,0,1,0,1,0,0,0,0,6.59581E+20,5.48796E+21,1.12051E+16,4.95233E+16
75892,75893,9,2,75,159,2016,7,7,4,3,8,6,0,1,0,1,0,0,0,0,8.15477E+20,5.39731E+21,1.32837E+16,4.86491E+16
75893,75894,9,3,75,179,2016,7,14,6,2,5,3,0,0,0,1,0,1,0,0,7.31984E+20,5.42802E+21,1.21694E+16,4.89615E+16
75894,75895,9,1,84,120,2016,7,9,3,3,3,6,0,1,0,1,0,1,0,0,6.8211E+20,5.33307E+21,1.14473E+16,4.81249E+16
75895,75896,9,2,78,118,2016,7,14,6,3,1,6,0,0,0,1,0,1,0,0,7.70582E+20,5.42386E+21,1.2693E+16,4.89085E+16
75896,75897,9,6,74,147,2016,7,9,6,3,0,1,0,0,0,0,0,1,0,0,6.08479E+20,5.54375E+21,1.05148E+16,5.00361E+16
75897,75898,9,1,89,154,2016,7,9,5,3,4,2,0,1,0,1,0,0,0,0,7.66811E+20,5.319E+21,1.25748E+16,4.79686E+16
75898,75899,9,4,79,136,2016,7,6,6,2,4,6,0,1,0,1,0,0,1,0,7.21047E+20,5.54487E+21,1.20856E+16,5.00151E+16
75899,75900,9,3,75,190,2016,7,11,6,3,2,6,0,0,0,1,0,0,0,0,7.26834E+20,5.4497E+21,1.21113E+16,4.91582E+16
75900,75901,9,1,84,139,2016,7,9,3,3,2,2,0,1,0,1,0,0,0,0,6.86724E+20,5.3244E+21,1.15054E+16,4.80455E+16
75901,75902,9,6,75,158,2016,7,18,6,3,2,2,0,0,0,1,0,0,0,1,5.9713E+20,5.52233E+21,1.0351E+16,4.98455E+16
75902,75903,9,1,77,135,2016,7,13,6,3,2,6,0,0,0,1,0,1,0,0,7.1856E+20,5.34591E+21,1.19431E+16,4.82287E+16
75903,75904,9,1,73,112,2016,7,18,4,3,2,6,0,1,0,1,0,0,0,1,6.92211E+20,5.29175E+21,1.15645E+16,4.77505E+16
75904,75905,9,1,79,121,2016,7,9,2,3,5,2,0,0,1,0,0,0,0,1,6.67367E+20,5.33923E+21,1.12518E+16,4.81842E+16
75905,75906,9,1,78,155,2016,7,7,2,3,2,6,0,0,0,0,0,0,1,1,7.21638E+20,5.37513E+21,1.19999E+16,4.84902E+16
75906,75907,9,7,61,0,2016,7,13,3,3,6,4,0,1,0,1,1,0,0,0,6.39245E+20,5.36088E+21,1.08808E+16,4.83857E+16
75907,75908,9,6,61,0,2016,7,8,2,3,0,7,0,0,1,0,0,0,0,0,5.11283E+20,5.53659E+21,9.15738E+15,4.99816E+16
75908,75909,9,1,84,119,2016,7,15,4,3,3,6,0,1,0,1,0,1,0,0,6.93406E+20,5.34734E+21,1.16054E+16,4.82497E+16
75909,75910,9,5,73,111,2016,7,9,5,1,4,1,0,1,0,1,0,0,1,0,6.34342E+20,5.47666E+21,1.08527E+16,4.94277E+16
75910,75911,9,2,71,141,2016,7,12,5,3,5,3,0,1,0,1,0,0,0,0,7.97595E+20,5.40324E+21,1.30458E+16,4.87111E+16
75911,75912,9,6,71,113,2016,7,6,2,2,6,4,0,0,0,1,1,0,0,0,5.16552E+20,5.54564E+21,9.23126E+15,5.00628E+16
75912,75913,9,2,61,0,2016,7,18,5,3,2,6,0,0,0,1,0,0,0,0,7.33191E+20,5.38096E+21,1.21593E+16,4.85383E+16
75913,75914,9,1,61,0,2016,7,8,3,3,2,6,0,1,0,1,0,0,0,0,6.79426E+20,5.40504E+21,1.14421E+16,4.87725E+16
75914,75915,9,5,77,173,2016,7,20,4,3,8,1,0,1,0,1,0,0,0,0,6.40111E+20,5.42303E+21,1.09135E+16,4.89443E+16
75915,75916,9,7,77,112,2016,7,14,1,3,8,1,0,0,0,1,0,0,0,0,6.25417E+20,5.29966E+21,1.06761E+16,4.7838E+16
75916,75917,9,1,84,149,2016,7,13,3,3,1,6,0,1,0,1,0,0,0,0,6.90059E+20,5.35119E+21,1.15621E+16,4.82853E+16
75917,75918,9,2,75,141,2016,7,12,6,3,2,6,0,0,0,1,0,0,0,0,8.18889E+20,5.36903E+21,1.33083E+16,4.83937E+16
75918,75919,9,5,72,131,2016,7,18,6,3,0,7,0,0,0,1,0,0,0,0,6.53828E+20,5.48561E+21,1.11247E+16,4.95036E+16
75919,75920,9,1,87,134,2016,7,6,5,3,2,2,1,1,0,1,0,0,0,0,7.36434E+20,5.31982E+21,1.2169E+16,4.79879E+16
75920,75921,9,1,74,131,2016,7,17,2,3,5,3,0,0,1,1,0,0,0,0,6.76044E+20,5.3594E+21,1.13768E+16,4.83632E+16
75921,75922,9,2,74,183,2016,7,13,2,2,9,7,0,0,0,1,0,0,0,0,7.39855E+20,5.3613E+21,1.22382E+16,4.83593E+16
75922,75923,9,5,71,127,2016,7,16,3,2,2,6,0,0,0,1,0,0,1,0,6.15923E+20,5.45528E+21,1.05926E+16,4.92393E+16
75923,75924,9,5,76,122,2016,7,17,2,3,8,1,0,1,0,1,0,0,0,0,6.72984E+20,5.4324E+21,1.13661E+16,4.90202E+16
75924,75925,9,1,86,162,2016,7,2,3,2,8,1,2,1,0,1,0,0,0,0,6.90512E+20,5.38875E+21,1.15853E+16,4.86228E+16
75925,75926,9,7,73,125,2016,7,16,4,3,0,3,0,0,1,1,0,0,0,0,6.09817E+20,5.3816E+21,1.04889E+16,4.85778E+16
75926,75927,9,1,72,134,2016,7,1,5,2,2,6,2,1,0,1,0,0,0,0,7.84059E+20,5.30427E+21,1.27957E+16,4.7829E+16
75927,75928,9,1,62,0,2016,7,10,2,3,3,6,0,0,0,1,0,0,1,0,6.86433E+20,5.34365E+21,1.151E+16,4.82187E+16
75928,75929,9,2,61,0,2016,7,18,2,3,5,3,0,0,1,0,0,0,0,1,7.34776E+20,5.38191E+21,1.21813E+16,4.85463E+16
75929,75930,9,6,76,116,2016,7,10,3,3,2,6,0,0,0,1,0,0,0,0,5.19138E+20,5.50613E+21,9.26543E+15,4.97074E+16
75930,75931,9,1,76,112,2016,7,19,3,2,2,6,0,1,0,1,0,0,0,1,6.87633E+20,5.42437E+21,1.15625E+16,4.89438E+16
75931,75932,9,7,63,0,2016,7,17,4,3,2,6,0,1,0,1,0,0,0,1,5.99682E+20,5.28519E+21,1.03289E+16,4.77124E+16
75932,75933,9,7,75,135,2016,7,14,4,3,4,3,0,1,0,1,0,0,0,0,5.73617E+20,5.35908E+21,9.99422E+15,4.83806E+16
75933,75934,9,5,75,168,2016,7,8,5,3,8,1,0,1,0,0,0,1,0,0,5.87694E+20,5.48853E+21,1.02122E+16,4.9543E+16
75934,75935,9,1,90,157,2016,7,12,5,3,5,3,0,1,0,1,0,0,0,0,6.60535E+20,5.30089E+21,1.11456E+16,4.78413E+16
75935,75936,9,1,74,113,2016,7,15,3,3,0,1,0,1,1,0,0,0,0,0,6.71932E+20,5.34853E+21,1.13169E+16,4.82666E+16
75936,75937,9,5,75,128,2016,7,15,4,2,9,1,0,0,0,0,0,1,0,0,6.18127E+20,5.49668E+21,1.06352E+16,4.96112E+16
75937,75938,9,7,77,151,2016,7,13,1,3,2,2,0,0,0,1,0,0,0,1,6.20986E+20,5.28778E+21,1.06136E+16,4.7732E+16
75938,75939,9,1,62,0,2016,7,23,3,3,1,1,2,1,0,1,0,0,0,0,6.94698E+20,5.34087E+21,1.16198E+16,4.81912E+16
75939,75940,9,7,75,135,2016,7,15,6,3,3,6,0,0,0,1,0,1,0,0,5.74695E+20,5.35795E+21,1.00086E+16,4.83703E+16
75940,75941,9,1,80,124,2016,7,12,6,2,4,2,0,1,0,1,0,1,0,0,6.65099E+20,5.28253E+21,1.11995E+16,4.76751E+16
75941,75942,9,1,77,133,2016,7,11,2,3,5,3,0,0,0,1,0,0,1,0,7.09267E+20,5.36014E+21,1.18252E+16,4.83597E+16
75942,75943,9,1,61,0,2016,7,16,5,3,2,6,0,0,0,1,0,0,0,0,6.79455E+20,5.4034E+21,1.14418E+16,4.87577E+16
75943,75944,9,1,78,143,2016,7,14,2,3,5,6,0,0,0,1,0,1,0,0,7.18408E+20,5.37233E+21,1.19548E+16,4.84661E+16
75944,75945,9,2,61,0,2016,7,13,2,3,3,6,0,0,0,1,0,1,0,0,7.31896E+20,5.38107E+21,1.21418E+16,4.85399E+16
75945,75946,9,4,74,123,2016,7,7,3,3,8,1,0,0,0,0,0,0,1,0,6.50887E+20,5.51727E+21,1.10963E+16,4.97889E+16
75946,75947,9,5,72,114,2016,7,15,2,3,9,7,0,0,0,1,0,0,0,0,6.33562E+20,5.4933E+21,1.08476E+16,4.95775E+16
75947,75948,9,1,74,115,2016,7,8,3,3,5,3,0,1,1,1,0,0,0,0,6.83284E+20,5.34853E+21,1.14697E+16,4.82634E+16
75948,75949,9,6,75,141,2016,7,16,4,3,6,4,0,0,1,0,1,0,0,0,5.84709E+20,5.50963E+21,1.01755E+16,4.97332E+16
75949,75950,9,2,62,0,2016,7,15,4,3,2,6,0,1,0,1,0,0,1,0,8.25648E+20,5.38992E+21,1.34156E+16,4.85776E+16
75950,75951,9,5,73,134,2016,7,13,6,3,5,3,0,0,0,1,0,0,0,0,6.3904E+20,5.47971E+21,1.09185E+16,4.94542E+16
75951,75952,9,7,77,151,2016,7,17,1,3,3,6,0,0,0,1,0,1,0,0,6.19788E+20,5.29227E+21,1.05988E+16,4.77726E+16
75952,75953,9,7,71,130,2016,7,13,6,3,4,6,0,0,0,1,0,0,0,0,6.44201E+20,5.362E+21,1.09481E+16,4.83946E+16
75953,75954,9,1,86,122,2016,7,8,6,2,5,3,0,0,0,1,0,1,0,0,6.95133E+20,5.39788E+21,1.16523E+16,4.87034E+16
75954,75955,9,5,64,0,2016,7,15,3,3,5,3,0,0,1,1,0,0,0,0,6.47241E+20,5.48044E+21,1.10319E+16,4.94588E+16
75955,75956,9,1,74,115,2016,7,7,5,3,8,1,0,0,0,1,0,0,0,0,6.80995E+20,5.34753E+21,1.14385E+16,4.82552E+16
75956,75957,9,1,89,143,2016,7,12,3,3,0,7,0,0,1,0,0,0,0,0,7.57914E+20,5.31434E+21,1.24531E+16,4.79304E+16
75957,75958,9,1,90,148,2016,7,13,7,3,2,6,0,0,0,1,0,0,0,0,6.407E+20,5.29483E+21,1.08786E+16,4.77914E+16
75958,75959,9,7,77,169,2016,7,11,7,2,2,6,0,0,0,1,0,0,0,0,6.32731E+20,5.27198E+21,1.07653E+16,4.75876E+16
75959,75960,9,5,65,0,2016,7,13,7,2,1,2,0,0,0,1,0,1,0,0,6.46813E+20,5.46582E+21,1.10206E+16,4.93275E+16
75960,75961,9,3,71,150,2016,7,4,3,2,0,1,1,0,1,0,0,0,0,0,7.16458E+20,5.49247E+21,1.19925E+16,4.95461E+16
75961,75962,9,5,74,154,2016,7,17,1,3,5,3,0,0,1,1,0,0,0,0,6.62382E+20,5.48475E+21,1.12424E+16,4.94936E+16
75962,75963,9,1,62,0,2016,7,15,2,3,3,6,0,0,0,1,0,0,1,0,6.89463E+20,5.33903E+21,1.15487E+16,4.81763E+16
75963,75964,9,6,76,134,2016,7,15,4,3,2,6,0,0,0,1,0,0,0,0,5.12901E+20,5.5144E+21,9.17921E+15,4.97819E+16
75964,75965,9,1,87,130,2016,7,19,4,2,0,2,0,0,0,1,0,1,0,0,7.11624E+20,5.30926E+21,1.18317E+16,4.79017E+16
75965,75966,9,5,76,113,2016,7,7,4,2,5,3,0,0,0,1,0,0,0,0,6.60082E+20,5.4548E+21,1.11986E+16,4.9225E+16
75966,75967,9,3,73,155,2016,7,18,4,3,5,2,0,0,0,1,0,0,0,0,6.71434E+20,5.46395E+21,1.13583E+16,4.93042E+16
75967,75968,9,7,74,121,2016,7,5,1,3,2,6,1,0,0,1,0,0,0,1,6.03299E+20,5.36389E+21,1.03962E+16,4.84196E+16
75968,75969,9,1,62,0,2016,7,7,2,3,3,6,0,0,0,1,0,0,1,0,6.8783E+20,5.33161E+21,1.15234E+16,4.81101E+16
75969,75970,9,2,73,175,2016,7,18,2,3,8,1,0,0,0,1,0,0,0,0,7.22919E+20,5.41972E+21,1.20412E+16,4.88903E+16
75970,75971,9,5,74,123,2016,7,18,2,3,2,7,0,0,0,0,0,0,1,0,6.6195E+20,5.47449E+21,1.12323E+16,4.94015E+16
75971,75972,9,7,76,130,2016,7,22,3,1,4,3,2,0,0,1,0,1,0,0,5.55692E+20,5.27322E+21,9.74102E+15,4.761E+16
75972,75973,9,4,73,144,2016,7,17,3,3,5,6,0,0,0,0,0,1,0,1,6.35805E+20,5.57551E+21,1.09075E+16,5.0316E+16
75973,75974,9,7,72,170,2016,7,20,4,3,8,1,1,0,1,0,0,0,0,0,6.30747E+20,5.33442E+21,1.07579E+16,4.81495E+16
75974,75975,9,5,74,123,2016,7,11,3,3,2,6,0,0,0,1,0,0,0,0,6.59448E+20,5.47421E+21,1.11977E+16,4.93997E+16
75975,75976,9,1,89,154,2016,7,15,3,3,2,6,0,0,1,0,0,0,0,0,7.65384E+20,5.32009E+21,1.25564E+16,4.79791E+16
75976,75977,9,1,73,115,2016,7,10,7,3,3,6,0,0,0,1,0,1,0,0,6.80432E+20,5.28857E+21,1.14061E+16,4.77252E+16
75977,75978,9,6,78,132,2016,7,15,7,3,8,1,0,0,0,1,0,0,0,0,5.82348E+20,5.54525E+21,1.01503E+16,5.00539E+16
75978,75979,9,5,76,143,2016,7,16,7,1,4,2,0,0,0,0,0,1,0,0,6.51278E+20,5.45936E+21,1.10795E+16,4.92683E+16
75979,75980,9,2,76,129,2016,7,11,3,3,0,2,0,0,0,1,0,0,0,1,8.04422E+20,5.43763E+21,1.31639E+16,4.90163E+16
75980,75981,9,5,76,122,2016,7,10,1,3,3,6,0,0,1,0,0,0,0,1,6.68895E+20,5.43753E+21,1.13123E+16,4.90675E+16
75981,75982,9,7,75,152,2016,7,20,1,3,9,1,0,0,0,0,0,1,0,0,5.78362E+20,5.35114E+21,1.00568E+16,4.83086E+16
75982,75983,9,1,62,0,2016,7,8,2,3,5,3,0,0,1,1,0,0,0,0,6.82861E+20,5.33555E+21,1.14584E+16,4.81469E+16
75983,75984,9,1,81,121,2016,7,19,4,2,8,1,0,0,1,0,0,0,0,0,6.39283E+20,5.31223E+21,1.08653E+16,4.79482E+16
75984,75985,9,4,71,185,2016,7,7,4,2,8,1,0,0,0,0,0,1,0,0,6.50517E+20,5.53931E+21,1.10997E+16,4.99871E+16
75985,75986,9,3,71,150,2016,7,11,4,2,2,2,0,0,1,1,0,0,0,0,7.21065E+20,5.48822E+21,1.20537E+16,4.95063E+16
75986,75987,9,1,78,137,2016,7,7,5,3,8,1,0,1,0,1,0,0,0,0,6.95072E+20,5.36657E+21,1.16367E+16,4.84221E+16
75987,75988,9,2,79,112,2016,7,9,2,3,2,6,0,0,0,1,0,0,0,0,7.55894E+20,5.39374E+21,1.24742E+16,4.86443E+16
75988,75989,9,2,74,128,2016,7,13,4,2,2,6,0,0,0,1,0,0,0,0,7.36385E+20,5.38865E+21,1.22068E+16,4.86062E+16
75989,75990,9,1,84,122,2016,7,14,2,3,8,7,0,0,0,1,0,0,0,0,6.87712E+20,5.3216E+21,1.15175E+16,4.80201E+16
75990,75991,9,6,71,134,2016,7,10,4,3,0,7,0,0,1,0,0,0,0,0,5.00408E+20,5.54635E+21,9.0057E+15,5.00695E+16
75991,75992,9,1,85,139,2016,7,8,4,2,4,3,0,0,1,0,0,0,0,0,6.67825E+20,5.39516E+21,1.12803E+16,4.86869E+16
75992,75993,9,5,75,135,2016,7,19,4,2,5,3,0,0,0,1,0,1,0,0,6.06567E+20,5.48629E+21,1.04724E+16,4.95198E+16
75993,75994,9,3,76,170,2016,7,18,4,3,2,1,0,0,0,1,0,1,0,0,7.25487E+20,5.45772E+21,1.20974E+16,4.92307E+16
75994,75995,9,7,75,135,2016,7,13,1,3,5,2,0,0,1,1,0,0,0,0,5.73132E+20,5.3594E+21,9.98773E+15,4.83835E+16
75995,75996,9,1,84,142,2016,7,5,2,3,9,7,0,0,0,1,0,0,0,0,6.81178E+20,5.31764E+21,1.14282E+16,4.79864E+16
75996,75997,9,2,62,0,2016,7,15,4,2,2,2,0,0,0,1,0,1,0,0,8.25556E+20,5.3916E+21,1.34156E+16,4.85927E+16
75997,75998,9,5,74,112,2016,7,16,2,3,2,6,0,0,0,1,0,0,0,0,6.73619E+20,5.47142E+21,1.13916E+16,4.93708E+16
75998,75999,9,7,73,125,2016,7,15,3,3,0,7,0,0,0,0,0,0,0,1,6.11688E+20,5.38271E+21,1.05145E+16,4.85875E+16
75999,76000,9,4,73,132,2016,7,15,3,2,9,7,0,0,0,1,0,0,0,0,6.39603E+20,5.56158E+21,1.09557E+16,5.01899E+16
76000,76001,9,6,77,157,2016,7,16,4,3,0,3,0,0,0,0,0,1,1,0,5.42352E+20,5.52235E+21,9.58915E+15,4.98521E+16
76001,76002,9,1,83,128,2016,7,12,3,3,5,3,0,0,1,1,0,0,0,0,7.61349E+20,5.3492E+21,1.25203E+16,4.8242E+16
76002,76003,9,1,86,137,2016,7,6,1,3,2,6,0,1,0,1,0,0,1,0,6.82915E+20,5.39788E+21,1.14863E+16,4.87071E+16
76003,76004,9,5,76,121,2016,7,0,7,3,0,1,2,0,1,0,0,0,0,0,6.4709E+20,5.45103E+21,1.10189E+16,4.91944E+16
76004,76005,9,1,73,112,2016,7,17,7,3,4,6,0,0,0,1,0,0,0,0,6.92216E+20,5.29188E+21,1.15646E+16,4.77517E+16
76005,76006,9,5,71,175,2016,7,18,1,3,2,6,0,0,0,1,0,0,0,0,6.22367E+20,5.45794E+21,1.06819E+16,4.9262E+16
76006,76007,9,7,64,0,2016,7,10,1,3,2,6,0,0,0,1,0,0,0,0,5.86377E+20,5.31631E+21,1.01578E+16,4.79942E+16
76007,76008,9,1,62,0,2016,7,12,2,3,6,2,0,0,0,1,1,0,0,0,6.98086E+20,5.33333E+21,1.16619E+16,4.81224E+16
76008,76009,9,1,90,139,2016,7,17,2,3,1,6,0,0,0,1,0,0,0,0,6.56919E+20,5.29729E+21,1.1096E+16,4.78098E+16
76009,76010,9,1,75,133,2016,7,15,4,3,5,3,0,0,1,1,0,0,0,0,7.06093E+20,5.34055E+21,1.17728E+16,4.81848E+16
76010,76011,9,3,77,119,2016,7,12,4,3,5,3,0,0,0,1,0,0,0,0,7.26057E+20,5.53443E+21,1.21493E+16,4.99195E+16
76011,76012,9,1,62,0,2016,7,22,4,3,2,2,2,0,0,1,0,0,0,0,6.99727E+20,5.33295E+21,1.16837E+16,4.81185E+16
76012,76013,9,1,73,145,2016,7,17,2,2,4,6,0,0,0,1,0,0,0,1,6.87175E+20,5.29135E+21,1.14972E+16,4.77483E+16
76013,76014,9,1,90,158,2016,7,14,4,2,4,1,0,0,0,0,0,1,0,1,6.53338E+20,5.30261E+21,1.105E+16,4.78585E+16
76014,76015,9,5,76,122,2016,7,15,2,3,8,1,0,0,0,0,0,1,0,0,6.72688E+20,5.4349E+21,1.13631E+16,4.90427E+16
76015,76016,9,6,73,117,2016,7,17,3,3,0,1,0,0,1,0,0,0,0,0,5.72594E+20,5.58195E+21,1.00211E+16,5.03851E+16
76016,76017,9,5,64,0,2016,7,16,3,3,5,3,0,0,1,1,0,0,0,0,6.49157E+20,5.48321E+21,1.10593E+16,4.94831E+16
76017,76018,9,1,76,137,2016,7,7,5,3,8,7,0,1,0,0,0,0,1,0,6.75483E+20,5.42733E+21,1.1398E+16,4.8974E+16
76018,76019,9,1,87,113,2016,7,18,3,2,0,7,0,0,1,0,0,0,0,0,7.46736E+20,5.32012E+21,1.2307E+16,4.79867E+16