FID,OBJECTID,ULAND,UREGBEZ,UKREIS,UGEMEINDE,UJAHR,UMONAT,USTUNDE,UWOCHENTAG,UKATEGORIE,UART,UTYP1,ULICHTVERH,IstStrasse,IstRad,IstPKW,IstFuss,IstKrad,IstGkfz,IstSonstig,LINREFX,LINREFY,XGCSWGS84,YGCSWGS84
76019,76020,9,1,84,148,2016,7,0,7,3,5,2,2,0,0,1,0,0,0,0,6.97135E+20,5.32663E+21,1.1646E+16,4.80624E+16
76020,76021,9,5,76,113,2016,7,15,7,2,4,1,0,0,0,1,0,1,0,0,6.65475E+20,5.45709E+21,1.12736E+16,4.92442E+16
76021,76022,9,6,79,143,2016,7,16,3,3,1,5,0,0,0,1,0,0,0,1,5.72373E+20,5.52933E+21,1.0008E+16,4.9912E+16
76022,76023,9,6,72,114,2016,7,17,4,2,8,1,0,0,0,0,0,1,0,0,5.81322E+20,5.55708E+21,1.01385E+16,5.01603E+16
76023,76024,9,1,87,163,2016,7,20,3,2,4,1,0,0,0,1,0,1,0,0,7.3579E+20,5.30874E+21,1.21543E+16,4.78886E+16
76024,76025,9,1,81,146,2016,7,14,1,1,4,2,0,0,0,1,0,0,0,1,6.51938E+20,5.32657E+21,1.10398E+16,4.80743E+16
76025,76026,9,5,64,0,2016,7,16,7,3,5,3,0,0,0,1,0,0,1,0,6.46332E+20,5.48088E+21,1.10195E+16,4.94629E+16
76026,76027,9,5,62,0,2016,7,7,3,3,2,6,0,0,0,1,0,0,0,1,6.39219E+20,5.49467E+21,1.09262E+16,4.95886E+16
76027,76028,9,1,71,125,2016,7,20,7,3,2,6,0,0,0,1,0,0,0,0,7.82714E+20,5.35089E+21,1.28086E+16,4.82481E+16
76028,76029,9,1,89,157,2016,7,10,4,3,0,7,0,0,1,0,0,0,0,0,7.65368E+20,5.32657E+21,1.25602E+16,4.80372E+16
76029,76030,9,5,71,125,2016,7,15,1,3,0,1,0,0,0,1,0,1,0,0,5.96198E+20,5.46333E+21,1.03236E+16,4.93151E+16
76030,76031,9,7,74,143,2016,7,11,1,2,2,6,0,0,0,1,0,0,0,0,5.98608E+20,5.35872E+21,1.03316E+16,4.8374E+16
76031,76032,9,7,78,173,2016,7,15,2,3,8,1,0,0,0,1,0,0,0,0,6.14665E+20,5.32111E+21,1.05382E+16,4.8033E+16
76032,76033,9,1,73,135,2016,7,16,2,2,0,7,0,0,1,0,0,0,0,0,6.94114E+20,5.28149E+21,1.15852E+16,4.76576E+16
76033,76034,9,5,74,123,2016,7,5,2,3,9,1,0,0,0,1,0,0,0,0,6.63543E+20,5.47292E+21,1.12536E+16,4.9387E+16
76034,76035,9,1,62,0,2016,7,13,3,3,2,6,0,0,0,1,0,0,0,0,6.9122E+20,5.33193E+21,1.15691E+16,4.81119E+16
76035,76036,9,1,62,0,2016,7,17,3,3,2,6,0,0,0,1,0,0,0,1,6.93043E+20,5.33774E+21,1.15962E+16,4.81636E+16
76036,76037,9,3,72,165,2016,7,13,4,3,0,7,0,0,1,0,0,0,0,0,7.62191E+20,5.4807E+21,1.26157E+16,4.94224E+16
76037,76038,9,7,75,134,2016,7,21,4,3,6,4,2,0,0,1,1,0,0,0,5.83196E+20,5.36444E+21,1.01246E+16,4.84276E+16
76038,76039,9,1,73,118,2016,7,8,4,2,4,6,0,0,0,1,0,1,0,0,6.88853E+20,5.30215E+21,1.15242E+16,4.78449E+16
76039,76040,9,5,64,0,2016,7,6,3,3,0,1,0,0,0,1,0,0,0,0,6.55459E+20,5.48223E+21,1.11459E+16,4.94728E+16
76040,76041,9,1,81,130,2016,7,15,5,2,0,1,0,0,1,0,0,0,0,0,6.40614E+20,5.32355E+21,1.08869E+16,4.80497E+16
76041,76042,9,1,82,127,2016,7,17,3,2,5,3,0,0,0,1,0,1,0,0,6.99961E+20,5.30954E+21,1.16759E+16,4.7908E+16
76042,76043,9,1,87,118,2016,7,7,7,3,9,1,0,0,0,1,0,0,0,0,7.55764E+20,5.3035E+21,1.24179E+16,4.7834E+16
76043,76044,9,7,78,137,2016,7,17,7,2,5,3,0,0,0,1,0,1,0,0,6.23684E+20,5.33216E+21,1.06623E+16,4.81307E+16
76044,76045,9,5,73,130,2016,7,11,7,3,0,1,0,0,1,0,0,0,0,0,6.36652E+20,5.48548E+21,1.08876E+16,4.95065E+16
76045,76046,9,2,78,198,2016,7,11,3,3,8,1,0,0,0,0,0,1,0,0,7.76725E+20,5.42736E+21,1.2779E+16,4.89372E+16
76046,76047,9,5,75,135,2016,7,7,1,3,3,6,0,0,0,1,0,1,0,0,6.1039E+20,5.4847E+21,1.05247E+16,4.95048E+16
76047,76048,9,6,78,136,2016,7,11,4,3,2,6,0,0,1,1,0,0,0,0,5.85775E+20,5.53974E+21,1.0197E+16,5.00038E+16
76048,76049,9,1,63,0,2016,7,13,4,3,0,7,0,0,1,0,0,0,0,0,7.3387E+20,5.30488E+21,1.21266E+16,4.78547E+16
76049,76050,9,5,76,121,2016,7,17,4,3,0,1,0,0,1,0,0,0,0,0,6.48751E+20,5.45174E+21,1.1042E+16,4.92004E+16
76050,76051,9,4,75,156,2016,7,15,1,3,8,1,0,0,0,0,0,1,0,0,6.92482E+20,5.57769E+21,1.17039E+16,5.03198E+16
76051,76052,9,7,78,116,2016,7,14,1,2,0,1,0,0,1,0,0,0,0,0,6.1661E+20,5.31972E+21,1.05639E+16,4.80201E+16
76052,76053,9,7,75,135,2016,7,18,2,2,5,3,0,0,0,1,0,1,0,0,5.73132E+20,5.3594E+21,9.98772E+15,4.83835E+16
76053,76054,9,1,73,112,2016,7,17,2,2,5,3,0,0,1,1,0,0,0,0,6.91539E+20,5.29226E+21,1.15557E+16,4.77553E+16
76054,76055,9,5,63,0,2016,7,13,2,3,5,3,0,0,0,1,0,0,0,0,6.42658E+20,5.4829E+21,1.09695E+16,4.9482E+16
76055,76056,9,1,89,111,2016,7,3,7,2,6,4,2,0,0,1,1,0,0,0,7.63469E+20,5.323E+21,1.25326E+16,4.80059E+16
76056,76057,9,1,71,111,2016,7,14,4,3,5,3,0,0,1,0,0,1,0,0,7.74103E+20,5.34806E+21,1.2691E+16,4.82265E+16
76057,76058,9,4,79,158,2016,7,13,1,3,2,6,0,0,1,1,0,0,0,0,7.26826E+20,5.55195E+21,1.21703E+16,5.00765E+16
76058,76059,9,7,63,0,2016,7,19,1,3,0,1,0,0,0,1,0,1,0,0,5.99265E+20,5.28397E+21,1.03231E+16,4.77015E+16
76059,76060,9,1,89,119,2016,7,17,2,3,2,6,0,0,0,0,0,0,1,0,7.63274E+20,5.30351E+21,1.25181E+16,4.7831E+16
76060,76061,9,5,64,0,2016,7,7,2,3,3,6,0,0,0,1,0,0,1,0,6.44537E+20,5.47798E+21,1.09937E+16,4.94372E+16
76061,76062,9,7,75,129,2016,7,10,3,3,2,6,0,0,0,1,0,0,0,0,5.82749E+20,5.34625E+21,1.0115E+16,4.8264E+16
76062,76063,9,7,80,140,2016,7,16,4,3,0,1,0,0,1,0,0,0,0,0,6.02895E+20,5.28143E+21,1.03709E+16,4.76781E+16
76063,76064,9,5,64,0,2016,7,19,3,3,5,2,0,0,0,1,1,0,0,0,6.47511E+20,5.47258E+21,1.10327E+16,4.9388E+16
76064,76065,9,1,87,131,2016,7,15,3,2,3,6,0,0,1,0,0,0,1,0,7.35847E+20,5.28909E+21,1.21444E+16,4.77121E+16
76065,76066,9,1,89,120,2016,7,15,7,3,0,1,0,0,1,0,0,0,0,0,7.5946E+20,5.29803E+21,1.24639E+16,4.77834E+16
76066,76067,9,7,79,155,2016,7,17,7,3,8,1,0,0,0,1,0,0,0,0,6.21268E+20,5.40495E+21,1.06509E+16,4.87857E+16
76067,76068,9,5,77,136,2016,7,2,7,3,0,7,2,0,1,0,0,0,0,0,6.27709E+20,5.44294E+21,1.07505E+16,4.9126E+16
76068,76069,9,2,75,137,2016,7,11,3,3,0,7,0,0,1,0,0,0,0,0,8.41679E+20,5.38848E+21,1.3631E+16,4.85561E+16
76069,76070,9,4,78,120,2016,7,15,1,1,2,6,0,0,0,0,0,1,0,0,6.41682E+20,5.54788E+21,1.09797E+16,5.00663E+16
76070,76071,9,7,75,135,2016,7,10,2,3,5,2,0,0,1,1,0,0,0,0,5.7452E+20,5.35894E+21,1.00064E+16,4.83793E+16
76071,76072,9,6,71,112,2016,7,6,4,3,4,2,0,0,0,1,0,0,0,0,5.18703E+20,5.53705E+21,9.26089E+15,4.99855E+16
76072,76073,9,1,61,0,2016,7,18,4,2,5,3,0,0,1,1,0,0,0,0,6.791E+20,5.40145E+21,1.14361E+16,4.87403E+16
76073,76074,9,5,64,0,2016,7,7,4,3,6,4,0,0,0,1,1,0,0,0,6.49574E+20,5.48213E+21,1.10647E+16,4.94734E+16
76074,76075,9,3,73,147,2016,7,12,4,3,8,1,0,0,0,0,0,0,1,0,6.73825E+20,5.46419E+21,1.13913E+16,4.93057E+16
76075,76076,9,7,80,131,2016,7,17,1,2,8,1,0,0,0,0,0,1,0,0,5.92301E+20,5.25476E+21,1.02242E+16,4.74397E+16
76076,76077,9,1,89,114,2016,7,11,2,3,0,5,0,0,1,0,0,0,0,0,7.64171E+20,5.31015E+21,1.25341E+16,4.78903E+16
76077,76078,9,2,78,139,2016,7,15,4,3,4,2,0,0,0,1,0,0,1,0,7.73414E+20,5.42553E+21,1.27326E+16,4.89223E+16
76078,76079,9,5,64,0,2016,7,20,2,3,2,6,0,0,0,1,0,0,0,0,6.53841E+20,5.47942E+21,1.11225E+16,4.9448E+16
76079,76080,9,7,62,0,2016,7,7,3,3,3,2,0,0,0,1,0,0,1,0,6.21965E+20,5.30462E+21,1.06314E+16,4.78833E+16
76080,76081,9,4,73,153,2016,7,13,3,3,8,1,0,0,0,0,0,1,0,0,6.41522E+20,5.56532E+21,1.0984E+16,5.02231E+16
76081,76082,9,6,79,202,2016,7,8,4,3,2,6,0,0,0,1,0,0,0,1,5.63198E+20,5.51925E+21,9.8786E+15,4.98224E+16
76082,76083,9,1,87,159,2016,7,12,1,2,8,1,0,0,1,0,0,0,0,0,7.31989E+20,5.32597E+21,1.21128E+16,4.80448E+16
76083,76084,9,5,71,175,2016,7,20,7,3,8,1,0,0,0,1,0,0,0,0,6.21859E+20,5.45852E+21,1.06751E+16,4.92673E+16
76084,76085,9,5,76,151,2016,7,9,3,3,2,6,0,0,0,1,0,0,0,0,6.53839E+20,5.47012E+21,1.11188E+16,4.93644E+16
76085,76086,9,7,63,0,2016,7,6,3,3,5,3,0,0,0,1,0,0,0,0,5.97131E+20,5.29085E+21,1.02962E+16,4.77637E+16
76086,76087,9,4,77,148,2016,7,11,3,2,8,1,0,0,0,0,0,1,0,0,6.8225E+20,5.56707E+21,1.15552E+16,5.02277E+16
76087,76088,9,7,77,129,2016,7,9,4,3,5,6,0,0,1,1,0,0,0,0,6.2798E+20,5.27011E+21,1.07016E+16,4.75718E+16
76088,76089,9,5,76,113,2016,7,17,3,3,9,1,0,0,0,1,0,0,0,0,6.61307E+20,5.45766E+21,1.12166E+16,4.92504E+16
76089,76090,9,1,87,122,2016,7,9,3,2,5,3,0,0,0,1,0,1,0,0,7.18797E+20,5.30844E+21,1.19271E+16,4.7892E+16
76090,76091,9,1,72,134,2016,7,18,7,2,4,6,0,0,0,1,0,0,0,0,7.8473E+20,5.30753E+21,1.28068E+16,4.78579E+16
76091,76092,9,7,71,144,2016,7,14,7,2,5,3,0,0,1,0,0,0,0,0,6.61653E+20,5.37338E+21,1.1188E+16,4.84928E+16
76092,76093,9,5,71,145,2016,7,11,7,3,4,6,0,0,0,1,0,1,0,0,5.96531E+20,5.44512E+21,1.03238E+16,4.91513E+16
76093,76094,9,2,75,130,2016,7,16,3,3,2,6,0,0,0,1,0,0,0,0,8.14866E+20,5.36417E+21,1.32504E+16,4.83521E+16
76094,76095,9,4,72,177,2016,7,18,1,3,5,3,0,0,0,1,0,1,0,0,6.78233E+20,5.50367E+21,1.14697E+16,4.96592E+16
76095,76096,9,7,77,112,2016,7,19,1,3,2,6,0,0,0,1,0,0,0,0,6.22512E+20,5.29598E+21,1.06362E+16,4.78055E+16
76096,76097,9,7,78,202,2016,7,21,2,3,0,1,1,0,1,0,0,0,0,0,5.91169E+20,5.31757E+21,1.02223E+16,4.80049E+16
76097,76098,9,5,74,138,2016,7,11,4,3,8,6,0,0,0,1,0,0,0,0,6.6647E+20,5.48689E+21,1.12997E+16,4.95117E+16
76098,76099,9,1,85,118,2016,7,5,4,2,2,6,0,0,0,1,0,0,0,1,6.64239E+20,5.40298E+21,1.12347E+16,4.87581E+16
76099,76100,9,4,77,128,2016,7,16,4,3,5,3,0,0,1,1,0,0,0,0,6.76441E+20,5.55327E+21,1.14675E+16,5.01055E+16
76100,76101,9,3,71,135,2016,7,15,4,3,2,2,0,0,0,1,0,1,0,0,6.90267E+20,5.4982E+21,1.16336E+16,4.96064E+16
76101,76102,9,7,76,129,2016,7,1,1,3,9,7,2,0,0,1,0,0,0,0,5.70142E+20,5.27065E+21,9.93285E+15,4.75854E+16
76102,76103,9,1,89,115,2016,7,15,2,3,1,6,0,0,0,1,0,1,0,0,7.64058E+20,5.33511E+21,1.2548E+16,4.81145E+16
76103,76104,9,2,77,119,2016,7,23,4,2,5,3,2,0,0,0,0,1,1,0,7.75183E+20,5.37429E+21,1.27226E+16,4.84615E+16
76104,76105,9,5,64,0,2016,7,12,2,3,0,7,0,0,1,0,0,0,0,0,6.51783E+20,5.4774E+21,1.10933E+16,4.94303E+16
76105,76106,9,7,72,121,2016,7,20,3,3,2,6,0,0,0,1,0,0,0,0,6.31854E+20,5.37621E+21,1.07858E+16,4.85252E+16
76106,76107,9,4,62,0,2016,7,11,3,3,5,2,0,0,0,1,0,0,0,0,6.83162E+20,5.5366E+21,1.15534E+16,4.99536E+16
76107,76108,9,6,77,114,2016,7,17,4,2,8,6,0,0,0,0,0,1,0,0,5.67372E+20,5.54179E+21,9.94056E+15,5.00246E+16
76108,76109,9,1,87,130,2016,7,13,3,2,4,6,0,0,0,1,0,1,0,0,7.16245E+20,5.30621E+21,1.18919E+16,4.78728E+16
76109,76110,9,1,76,112,2016,7,9,1,3,8,1,0,0,0,1,0,0,0,0,6.90111E+20,5.41671E+21,1.15928E+16,4.88742E+16
76110,76111,9,5,71,128,2016,7,15,7,3,8,1,0,0,0,0,0,1,0,0,6.08663E+20,5.4427E+21,1.04895E+16,4.91276E+16
76111,76112,9,5,72,131,2016,7,19,3,3,2,6,0,0,0,1,0,0,0,0,6.56978E+20,5.48352E+21,1.11673E+16,4.9484E+16
76112,76113,9,1,72,116,2016,7,12,7,2,0,1,0,1,0,0,0,1,0,0,8.04738E+20,5.28294E+21,1.30564E+16,4.7628E+16
76113,76114,9,1,73,112,2016,7,17,4,3,3,2,0,0,0,1,0,1,0,0,6.92496E+20,5.29202E+21,1.15684E+16,4.77528E+16
76114,76115,9,4,77,158,2016,7,14,1,2,5,3,0,0,0,1,0,1,0,0,6.83598E+20,5.54955E+21,1.15657E+16,5.00698E+16
76115,76116,9,7,76,126,2016,7,12,1,3,4,1,0,0,0,1,0,1,0,0,5.61299E+20,5.2714E+21,9.81536E+15,4.75931E+16
76116,76117,9,7,64,0,2016,7,14,2,3,4,2,0,0,0,1,0,0,0,1,5.88161E+20,5.31464E+21,1.01814E+16,4.7979E+16
76117,76118,9,1,89,119,2016,7,13,2,3,5,3,0,0,1,1,0,0,0,0,7.6984E+20,5.30822E+21,1.26086E+16,4.78706E+16
76118,76119,9,5,64,0,2016,7,7,2,3,3,3,0,0,1,1,0,0,0,0,6.46108E+20,5.47846E+21,1.10155E+16,4.94412E+16
76119,76120,9,1,62,0,2016,7,19,3,3,2,6,0,0,0,1,0,0,0,0,6.87788E+20,5.33157E+21,1.15229E+16,4.81097E+16
76120,76121,9,1,78,140,2016,7,21,4,3,5,3,2,0,0,1,0,0,0,0,7.07676E+20,5.36629E+21,1.18068E+16,4.84155E+16
76121,76122,9,3,75,117,2016,7,14,4,2,2,6,0,0,0,1,0,0,1,0,7.33381E+20,5.43226E+21,1.21909E+16,4.89991E+16
76122,76123,9,1,87,117,2016,7,18,3,2,5,2,0,0,0,1,0,1,0,0,7.2356E+20,5.30487E+21,1.19889E+16,4.78582E+16
76123,76124,9,1,87,165,2016,7,9,7,3,2,6,0,0,0,1,0,0,0,0,7.30751E+20,5.3E+21,1.20823E+16,4.7812E+16
76124,76125,9,5,62,0,2016,7,12,7,3,8,1,0,0,0,1,0,0,0,0,6.39277E+20,5.49672E+21,1.09278E+16,4.96069E+16
76125,76126,9,5,61,0,2016,7,9,7,3,2,6,0,0,0,1,0,0,0,0,6.15659E+20,5.45718E+21,1.05895E+16,4.92564E+16
76126,76127,9,2,72,141,2016,7,11,3,2,4,6,0,0,0,1,0,0,0,0,8.31866E+20,5.40965E+21,1.35154E+16,4.87513E+16
76127,76128,9,4,62,0,2016,7,19,1,3,2,6,0,0,0,1,0,0,0,0,6.84357E+20,5.53526E+21,1.15694E+16,4.99412E+16
76128,76129,9,7,77,159,2016,7,11,1,3,0,7,0,0,0,0,0,1,0,0,6.17117E+20,5.27067E+21,1.05574E+16,4.75789E+16
76129,76130,9,7,76,121,2016,7,20,2,2,0,2,0,0,0,1,0,1,0,0,5.70686E+20,5.26883E+21,9.9398E+15,4.75691E+16
76130,76131,9,1,83,128,2016,7,15,2,3,5,3,0,0,0,1,0,1,0,0,7.62214E+20,5.34847E+21,1.25315E+16,4.82351E+16
76131,76132,9,1,79,125,2016,7,13,4,3,2,2,0,0,0,1,0,0,0,0,6.62309E+20,5.33286E+21,1.11813E+16,4.81283E+16
76132,76133,9,4,74,126,2016,7,12,4,3,0,1,0,0,1,0,0,0,0,0,6.49229E+20,5.50934E+21,1.10702E+16,4.97181E+16
76133,76134,9,2,71,148,2016,7,17,4,3,2,6,0,0,0,1,0,0,0,0,7.96818E+20,5.41748E+21,1.30455E+16,4.88392E+16
76134,76135,9,1,84,136,2016,7,8,4,3,2,2,0,0,0,1,0,1,0,0,6.98743E+20,5.32601E+21,1.16673E+16,4.80564E+16
76135,76136,9,1,87,124,2016,7,18,2,3,8,7,0,0,1,0,0,0,0,1,7.34976E+20,5.32858E+21,1.21543E+16,4.80672E+16
76136,76137,9,2,79,128,2016,7,11,4,3,0,7,0,0,0,0,0,1,0,1,7.5892E+20,5.39798E+21,1.25178E+16,4.86811E+16
76137,76138,9,5,73,134,2016,7,14,2,3,4,6,0,0,0,1,0,0,0,0,6.37472E+20,5.47572E+21,1.08955E+16,4.94186E+16
76138,76139,9,6,77,114,2016,7,8,3,2,4,2,0,0,0,0,0,1,0,1,5.70593E+20,5.5384E+21,9.9849E+15,4.99937E+16
76139,76140,9,1,61,0,2016,7,9,3,3,3,6,0,0,1,0,0,0,0,0,6.76447E+20,5.40714E+21,1.14025E+16,4.87922E+16
76140,76141,9,1,78,124,2016,7,20,1,3,0,3,0,0,0,1,0,0,0,0,7.0289E+20,5.36363E+21,1.17409E+16,4.83932E+16
76141,76142,9,4,78,111,2016,7,14,7,3,5,3,0,0,1,1,0,0,0,0,6.60295E+20,5.55559E+21,1.12429E+16,5.01309E+16
76142,76143,9,1,87,129,2016,7,15,7,2,2,6,0,0,0,1,0,0,0,0,7.25608E+20,5.30073E+21,1.20141E+16,4.78203E+16
76143,76144,9,1,89,120,2016,7,23,4,3,8,1,2,0,1,0,0,0,0,0,7.60056E+20,5.29961E+21,1.24728E+16,4.77972E+16
76144,76145,9,3,77,141,2016,7,11,1,3,2,6,0,1,0,1,0,0,0,0,7.31452E+20,5.53625E+21,1.22254E+16,4.99337E+16
76145,76146,9,7,71,130,2016,7,16,1,3,0,1,0,0,0,0,0,1,0,0,6.43707E+20,5.36329E+21,1.09418E+16,4.84063E+16
76146,76147,9,7,77,159,2016,7,17,2,3,6,7,0,0,0,1,1,0,0,0,6.17116E+20,5.27068E+21,1.05574E+16,4.75789E+16
76147,76148,9,1,87,113,2016,7,6,2,3,5,3,0,0,0,1,0,0,0,0,7.44966E+20,5.32232E+21,1.22846E+16,4.80072E+16
76148,76149,9,5,61,0,2016,7,6,2,2,3,6,0,0,0,1,0,0,1,0,6.1133E+20,5.45792E+21,1.05302E+16,4.92639E+16
76149,76150,9,1,62,0,2016,7,7,3,3,2,6,0,0,0,1,0,1,0,0,6.88279E+20,5.34019E+21,1.15333E+16,4.81871E+16
76150,76151,9,7,78,158,2016,7,23,4,3,4,6,2,0,0,1,0,0,0,1,6.05691E+20,5.33837E+21,1.04221E+16,4.81897E+16
76151,76152,9,1,80,118,2016,7,8,4,2,0,7,0,0,1,0,0,0,0,1,6.52135E+20,5.26014E+21,1.10192E+16,4.74769E+16
76152,76153,9,5,64,0,2016,7,12,3,3,1,6,0,0,0,1,0,0,0,0,6.49233E+20,5.46882E+21,1.1055E+16,4.93538E+16
76153,76154,9,1,74,115,2016,7,18,5,3,2,6,0,0,0,1,0,0,0,0,6.79128E+20,5.34966E+21,1.14143E+16,4.82748E+16
76154,76155,9,1,61,0,2016,7,6,3,3,5,3,0,0,1,1,0,0,0,0,6.79787E+20,5.40044E+21,1.1445E+16,4.8731E+16
76155,76156,9,1,63,0,2016,7,17,7,2,5,3,0,0,0,1,0,0,0,0,7.33577E+20,5.30084E+21,1.21205E+16,4.78185E+16
76156,76157,9,7,75,143,2016,7,12,4,3,0,7,0,1,0,0,0,1,0,1,5.85227E+20,5.35635E+21,1.01504E+16,4.83546E+16
76157,76158,9,1,90,151,2016,7,11,4,2,4,6,0,0,0,0,0,1,0,1,6.36664E+20,5.30168E+21,1.08269E+16,4.7854E+16
76158,76159,9,5,77,173,2016,7,7,2,3,6,4,0,0,0,0,1,0,0,1,6.39555E+20,5.42457E+21,1.09064E+16,4.89583E+16
76159,76160,9,6,76,125,2016,7,8,3,3,4,1,0,0,0,1,0,0,0,0,5.17E+20,5.5096E+21,9.23593E+15,4.97386E+16
76160,76161,9,5,77,177,2016,7,10,3,3,2,6,0,0,0,1,0,0,1,0,6.43627E+20,5.43134E+21,1.09644E+16,4.90182E+16
76161,76162,9,1,76,143,2016,7,17,5,3,8,6,0,0,0,1,0,0,0,0,6.78898E+20,5.40918E+21,1.14367E+16,4.88098E+16
76162,76163,9,1,86,152,2016,7,16,3,3,5,3,0,0,0,1,0,0,0,0,6.92458E+20,5.37869E+21,1.1607E+16,4.85318E+16
76163,76164,9,1,84,130,2016,7,9,7,3,5,3,0,0,1,1,0,0,0,0,6.98136E+20,5.34441E+21,1.16677E+16,4.8222E+16
76164,76165,9,4,76,145,2016,7,11,7,3,4,2,0,0,0,1,0,0,0,0,6.65406E+20,5.56795E+21,1.13197E+16,5.02405E+16
76165,76166,9,3,74,123,2016,7,11,1,2,8,1,0,1,0,0,0,1,0,0,7.45534E+20,5.51136E+21,1.24055E+16,4.97046E+16
76166,76167,9,1,87,118,2016,7,17,7,2,2,6,0,0,0,1,0,1,0,0,7.49949E+20,5.30193E+21,1.23394E+16,4.78221E+16
76167,76168,9,1,84,114,2016,7,8,4,3,2,6,0,0,0,1,0,0,0,0,6.99136E+20,5.32055E+21,1.167E+16,4.80072E+16
76168,76169,9,3,74,137,2016,7,17,1,3,8,1,0,0,0,1,0,0,0,0,7.49464E+20,5.49247E+21,1.2448E+16,4.95334E+16
76169,76170,9,7,72,115,2016,7,16,1,3,0,7,0,0,1,0,1,0,0,0,6.17474E+20,5.36947E+21,1.05893E+16,4.84674E+16
76170,76171,9,1,87,129,2016,7,11,2,2,0,6,0,0,0,0,0,1,0,0,7.25863E+20,5.29976E+21,1.2017E+16,4.78115E+16
76171,76172,9,5,75,165,2016,7,13,2,3,8,1,0,0,0,1,0,0,0,0,6.06866E+20,5.49744E+21,1.04795E+16,4.962E+16
76172,76173,9,7,78,186,2016,7,21,3,3,8,7,1,0,0,1,0,0,0,0,5.97986E+20,5.31128E+21,1.03122E+16,4.79474E+16
76173,76174,9,4,71,123,2016,7,12,3,3,9,7,0,0,0,1,0,0,0,0,6.45282E+20,5.5185E+21,1.10189E+16,4.98014E+16
76174,76175,9,7,76,120,2016,7,7,4,2,4,6,0,0,0,1,0,0,0,0,5.46749E+20,5.26928E+21,9.62161E+15,4.75752E+16
76175,76176,9,5,77,173,2016,7,14,3,3,4,6,0,0,0,1,0,0,0,0,6.40982E+20,5.42469E+21,1.0926E+16,4.8959E+16
76176,76177,9,5,72,132,2016,7,18,3,3,0,1,0,0,1,0,0,0,0,1,6.35106E+20,5.49162E+21,1.08683E+16,4.95621E+16
76177,76178,9,1,86,143,2016,7,13,3,2,4,2,0,0,0,1,0,0,0,1,6.88144E+20,5.38302E+21,1.15506E+16,4.8572E+16
76178,76179,9,1,87,129,2016,7,10,7,2,8,1,0,0,1,0,0,0,0,0,7.24639E+20,5.29506E+21,1.19982E+16,4.77697E+16
76179,76180,9,7,71,130,2016,7,14,7,2,5,3,0,0,0,1,0,1,0,0,6.48691E+20,5.3569E+21,1.10069E+16,4.83478E+16
76180,76181,9,4,63,0,2016,7,12,7,3,2,6,0,0,0,1,0,1,0,0,6.39239E+20,5.57032E+21,1.09538E+16,5.02686E+16
76181,76182,9,2,74,145,2016,7,18,3,3,0,6,0,0,0,1,0,0,0,0,7.44867E+20,5.38283E+21,1.23183E+16,4.85507E+16
76182,76183,9,3,74,133,2016,7,1,1,3,8,7,2,0,0,1,0,0,0,0,7.27674E+20,5.49778E+21,1.21504E+16,4.95896E+16
76183,76184,9,7,72,200,2016,7,18,1,1,5,3,0,0,0,1,0,1,0,0,6.25796E+20,5.34063E+21,1.06932E+16,4.82064E+16
76184,76185,9,7,79,196,2016,7,20,2,3,1,6,0,0,0,1,0,0,1,0,6.36294E+20,5.39188E+21,1.08511E+16,4.86651E+16
76185,76186,9,6,71,143,2016,7,10,4,3,0,7,0,0,0,0,0,0,0,1,5.11575E+20,5.5438E+21,9.16167E+15,5.00464E+16
76186,76187,9,1,86,149,2016,7,17,4,2,8,1,0,0,0,0,0,1,0,0,6.89334E+20,5.39003E+21,1.15699E+16,4.86346E+16
76187,76188,9,5,73,130,2016,7,19,4,3,0,7,1,0,1,1,0,0,0,0,6.36055E+20,5.48576E+21,1.08794E+16,4.95092E+16
76188,76189,9,3,71,126,2016,7,17,4,3,8,6,0,0,0,1,0,0,0,0,7.03503E+20,5.49084E+21,1.18128E+16,4.95359E+16
76189,76190,9,6,75,142,2016,7,16,1,3,2,6,0,0,0,1,0,0,0,1,5.89326E+20,5.51493E+21,1.02408E+16,4.97802E+16
76190,76191,9,7,77,129,2016,7,13,7,3,5,3,0,0,0,1,0,0,0,0,6.24805E+20,5.27025E+21,1.06595E+16,4.75737E+16
76191,76192,9,4,74,158,2016,7,14,7,3,5,3,0,0,1,1,0,0,0,0,6.52983E+20,5.50758E+21,1.11216E+16,4.97013E+16
76192,76193,9,2,74,124,2016,7,17,3,3,2,6,0,0,0,1,0,0,0,0,7.22774E+20,5.37464E+21,1.2015E+16,4.84854E+16
76193,76194,9,3,74,148,2016,7,23,1,3,5,3,2,0,0,1,0,0,0,0,7.0917E+20,5.51636E+21,1.19046E+16,4.97633E+16
76194,76195,9,7,79,194,2016,7,13,2,3,4,2,0,0,0,1,0,0,0,0,6.09568E+20,5.41165E+21,1.04935E+16,4.88481E+16
76195,76196,9,6,71,130,2016,7,17,4,3,8,7,0,0,0,0,0,1,0,0,5.14771E+20,5.53872E+21,9.20611E+15,5.00006E+16
76196,76197,9,1,82,131,2016,7,14,4,3,2,6,0,0,0,1,0,1,0,0,7.14467E+20,5.29096E+21,1.18606E+16,4.77363E+16
76197,76198,9,5,74,156,2016,7,5,4,3,2,6,0,0,0,1,0,0,0,0,6.58255E+20,5.48193E+21,1.11843E+16,4.94694E+16
76198,76199,9,6,63,0,2016,7,21,1,2,6,7,1,0,1,0,1,0,0,0,5.66721E+20,5.51677E+21,9.92714E+15,4.97997E+16