FID,OBJECTID,ULAND,UREGBEZ,UKREIS,UGEMEINDE,UJAHR,UMONAT,USTUNDE,UWOCHENTAG,UKATEGORIE,UART,UTYP1,ULICHTVERH,IstStrasse,IstRad,IstPKW,IstFuss,IstKrad,IstGkfz,IstSonstig,LINREFX,LINREFY,XGCSWGS84,YGCSWGS84
76199,76200,9,7,79,111,2016,7,6,2,2,9,1,0,0,0,1,0,0,0,0,6.21366E+20,5.41379E+21,1.06549E+16,4.88652E+16
76200,76201,9,1,82,116,2016,7,20,2,2,4,6,1,0,0,1,0,0,1,0,7.04536E+20,5.29366E+21,1.17296E+16,4.77638E+16
76201,76202,9,5,71,226,2016,7,15,2,3,0,2,0,0,0,1,0,0,0,1,6.38329E+20,5.45714E+21,1.09009E+16,4.92514E+16
76202,76203,9,7,76,116,2016,7,9,3,3,0,1,0,0,1,0,0,0,0,0,5.51923E+20,5.26715E+21,9.69016E+15,4.75557E+16
76203,76204,9,4,74,126,2016,7,14,3,3,2,2,0,0,0,1,0,0,0,0,6.48963E+20,5.50721E+21,1.10657E+16,4.96989E+16
76204,76205,9,7,79,186,2016,7,16,4,3,0,7,0,1,0,0,0,1,1,0,6.41093E+20,5.41075E+21,1.09227E+16,4.88337E+16
76205,76206,9,5,62,0,2016,7,17,3,3,2,6,0,0,0,1,0,0,0,0,6.45815E+20,5.49546E+21,1.10178E+16,4.95941E+16
76206,76207,9,1,85,118,2016,7,17,3,3,5,3,0,0,1,1,0,0,0,0,6.67018E+20,5.40306E+21,1.12726E+16,4.87581E+16
76207,76208,9,1,61,0,2016,7,10,7,3,5,3,0,0,0,1,0,1,0,0,6.75361E+20,5.40488E+21,1.13868E+16,4.87722E+16
76208,76209,9,6,75,111,2016,7,19,7,2,8,1,0,0,0,0,0,1,0,0,5.97838E+20,5.51365E+21,1.03587E+16,4.97674E+16
76209,76210,9,4,74,129,2016,7,13,7,2,9,1,0,0,0,0,0,1,0,0,6.68337E+20,5.51984E+21,1.13396E+16,4.98074E+16
76210,76211,9,2,74,191,2016,7,17,3,3,2,6,0,0,0,1,0,1,0,0,7.44782E+20,5.39091E+21,1.23219E+16,4.86233E+16
76211,76212,9,3,75,205,2016,7,4,1,3,0,1,1,0,0,1,0,0,0,0,7.32469E+20,5.42393E+21,1.21737E+16,4.89246E+16
76212,76213,9,6,77,155,2016,7,10,1,3,4,6,0,0,0,1,0,0,0,0,5.42177E+20,5.53767E+21,9.5884E+15,4.99899E+16
76213,76214,9,7,73,144,2016,7,17,2,3,0,1,0,0,1,0,0,0,0,0,6.03963E+20,5.38164E+21,1.04096E+16,4.85792E+16
76214,76215,9,5,76,121,2016,7,22,4,3,8,7,2,0,0,0,0,1,0,0,6.4561E+20,5.45096E+21,1.09986E+16,4.91942E+16
76215,76216,9,1,81,126,2016,7,17,4,3,5,3,0,0,0,1,0,0,0,0,6.36073E+20,5.33208E+21,1.08287E+16,4.81274E+16
76216,76217,9,4,72,154,2016,7,18,4,2,8,7,0,0,1,0,0,0,0,0,6.67595E+20,5.53493E+21,1.13359E+16,4.99432E+16
76217,76218,9,3,71,136,2016,7,8,4,3,5,3,0,0,1,1,0,0,0,0,7.09189E+20,5.47855E+21,1.18847E+16,4.94236E+16
76218,76219,9,1,77,143,2016,7,7,5,3,0,1,0,1,0,1,0,0,0,0,7.21846E+20,5.36535E+21,1.19975E+16,4.84022E+16
76219,76220,9,1,87,117,2016,7,18,2,3,2,6,0,0,0,1,0,0,0,0,7.23405E+20,5.30627E+21,1.19876E+16,4.78708E+16
76220,76221,9,2,73,165,2016,7,16,4,2,4,2,0,0,0,1,0,1,0,0,7.16055E+20,5.41091E+21,1.19431E+16,4.88136E+16
76221,76222,9,4,64,0,2016,7,17,2,3,1,6,0,0,0,1,0,1,0,0,7.08424E+20,5.57765E+21,1.19276E+16,5.03141E+16
76222,76223,9,6,79,193,2016,7,15,3,3,2,6,0,0,0,1,0,0,1,0,5.75972E+20,5.51243E+21,1.00548E+16,4.97596E+16
76223,76224,9,6,73,117,2016,7,10,4,2,5,3,0,0,0,1,0,0,0,0,5.67288E+20,5.58476E+21,9.94701E+15,5.0411E+16
76224,76225,9,1,76,153,2016,7,19,3,3,4,2,0,0,1,1,0,0,0,0,6.96828E+20,5.40983E+21,1.1681E+16,4.88103E+16
76225,76226,9,1,74,113,2016,7,9,1,3,0,1,0,1,0,0,0,1,0,0,6.74578E+20,5.34474E+21,1.1351E+16,4.82318E+16
76226,76227,9,4,61,0,2016,7,16,7,3,5,3,0,0,1,1,0,0,0,0,6.37945E+20,5.52785E+21,1.09204E+16,4.98872E+16
76227,76228,9,1,61,0,2016,7,5,2,3,8,6,1,0,1,0,0,0,0,1,6.77249E+20,5.40402E+21,1.14121E+16,4.87639E+16
76228,76229,9,2,62,0,2016,7,19,4,2,7,1,0,0,1,0,0,0,0,0,8.25804E+20,5.38952E+21,1.34174E+16,4.85739E+16
76229,76230,9,4,76,175,2016,7,19,2,2,0,4,0,0,0,1,1,0,0,0,6.62753E+20,5.58822E+21,1.12913E+16,5.04234E+16
76230,76231,9,7,79,194,2016,7,7,3,3,2,6,0,0,0,1,0,0,0,0,6.11335E+20,5.41296E+21,1.05179E+16,4.88596E+16
76231,76232,9,4,74,126,2016,7,17,3,3,5,3,0,0,1,1,0,0,0,0,6.48541E+20,5.50696E+21,1.10598E+16,4.96968E+16
76232,76233,9,6,79,170,2016,7,17,4,3,2,1,0,0,0,1,0,0,0,0,5.75376E+20,5.50254E+21,1.00446E+16,4.96706E+16
76233,76234,9,1,76,114,2016,7,12,3,2,0,1,0,0,1,0,0,0,0,0,6.80906E+20,5.43405E+21,1.14751E+16,4.90328E+16
76234,76235,9,1,82,136,2016,7,14,1,3,2,6,0,0,0,1,0,0,0,1,7.0332E+20,5.3043E+21,1.17184E+16,4.78599E+16
76235,76236,9,4,61,0,2016,7,12,7,2,4,2,0,0,0,1,0,1,0,0,6.38006E+20,5.52868E+21,1.09215E+16,4.98945E+16
76236,76237,9,1,76,131,2016,7,15,7,2,1,1,0,0,0,1,0,0,0,0,6.81345E+20,5.41217E+21,1.14713E+16,4.8836E+16
76237,76238,9,5,65,0,2016,7,12,7,2,2,3,0,0,0,1,0,0,0,0,6.51219E+20,5.4665E+21,1.10814E+16,4.93324E+16
76238,76239,9,4,61,0,2016,7,19,7,3,3,2,0,0,1,1,0,0,0,0,6.37886E+20,5.5293E+21,1.09201E+16,4.99002E+16
76239,76240,9,3,75,118,2016,7,18,1,2,9,1,0,0,0,1,0,0,0,0,7.06987E+20,5.44445E+21,1.18368E+16,4.9118E+16
76240,76241,9,6,75,141,2016,7,12,1,2,0,7,0,0,1,0,0,0,0,0,5.83903E+20,5.50984E+21,1.01644E+16,4.97352E+16
76241,76242,9,7,71,130,2016,7,19,2,3,2,6,0,0,0,1,0,0,1,0,6.4644E+20,5.36282E+21,1.09786E+16,4.84015E+16
76242,76243,9,1,76,131,2016,7,19,2,3,8,1,0,0,1,0,0,0,0,0,6.80613E+20,5.41121E+21,1.14609E+16,4.88276E+16
76243,76244,9,1,84,135,2016,7,10,4,3,3,7,0,0,0,1,0,0,0,0,6.88503E+20,5.34573E+21,1.15387E+16,4.82367E+16
76244,76245,9,4,71,159,2016,7,21,4,3,1,6,1,0,0,1,0,1,0,0,6.42421E+20,5.53448E+21,1.09851E+16,4.99456E+16
76245,76246,9,1,84,140,2016,7,14,4,3,0,7,0,0,0,0,1,0,1,0,7.02253E+20,5.32853E+21,1.17155E+16,4.80779E+16
76246,76247,9,1,86,149,2016,7,7,2,3,0,7,0,0,1,0,0,0,0,0,6.88601E+20,5.38778E+21,1.1559E+16,4.86147E+16
76247,76248,9,1,73,147,2016,7,15,4,3,5,3,0,0,0,1,0,0,0,0,6.81899E+20,5.30963E+21,1.14345E+16,4.79142E+16
76248,76249,9,4,63,0,2016,7,8,2,3,5,3,0,0,1,1,0,0,0,0,6.40104E+20,5.57048E+21,1.0966E+16,5.02698E+16
76249,76250,9,6,74,118,2016,7,20,3,2,6,4,0,0,0,1,1,0,0,0,6.24574E+20,5.54139E+21,1.07387E+16,5.00118E+16
76250,76251,9,5,77,136,2016,7,16,3,3,9,7,0,0,0,1,0,0,0,0,6.30489E+20,5.43917E+21,1.07874E+16,4.90916E+16
76251,76252,9,1,87,122,2016,7,16,5,3,4,6,0,0,1,0,0,0,0,0,7.17673E+20,5.30716E+21,1.19115E+16,4.78809E+16
76252,76253,9,1,76,120,2016,7,20,3,3,0,7,0,0,1,0,0,0,0,0,6.79898E+20,5.42237E+21,1.14561E+16,4.89281E+16
76253,76254,9,1,77,121,2016,7,15,1,3,2,6,0,0,0,1,0,0,0,0,7.31742E+20,5.36481E+21,1.21307E+16,4.83938E+16
76254,76255,9,3,63,0,2016,7,23,7,3,5,3,2,0,0,1,0,0,0,0,7.27334E+20,5.50705E+21,1.2151E+16,4.96731E+16
76255,76256,9,1,86,143,2016,7,14,7,2,0,1,0,0,0,0,0,1,0,0,6.80933E+20,5.38082E+21,1.1452E+16,4.85543E+16
76256,76257,9,1,71,125,2016,7,16,4,3,1,6,0,0,0,1,0,0,1,0,7.74059E+20,5.35126E+21,1.26925E+16,4.82552E+16
76257,76258,9,3,73,114,2016,7,17,1,3,8,1,0,0,0,0,0,1,0,0,6.71453E+20,5.45673E+21,1.13555E+16,4.92393E+16
76258,76259,9,6,75,117,2016,7,17,1,3,4,6,0,0,0,1,0,0,0,1,5.82994E+20,5.51639E+21,1.01531E+16,4.97942E+16
76259,76260,9,7,72,147,2016,7,17,2,3,2,6,0,0,0,1,0,1,0,0,6.38395E+20,5.36428E+21,1.08704E+16,4.84165E+16
76260,76261,9,1,61,0,2016,7,17,2,3,5,2,0,0,0,1,0,0,0,0,6.79099E+20,5.40145E+21,1.14361E+16,4.87403E+16
76261,76262,9,1,85,153,2016,7,16,7,2,8,1,0,0,0,0,0,1,0,0,6.49194E+20,5.40372E+21,1.10304E+16,4.87686E+16
76262,76263,9,1,89,111,2016,7,18,4,2,1,6,0,0,0,1,0,1,0,1,7.57551E+20,5.32176E+21,1.24527E+16,4.79972E+16
76263,76264,9,3,73,147,2016,7,18,1,3,1,6,0,0,0,1,0,0,0,0,6.77372E+20,5.46039E+21,1.14384E+16,4.92705E+16
76264,76265,9,6,73,136,2016,7,17,1,3,9,1,0,0,0,1,0,0,0,0,5.92158E+20,5.57649E+21,1.02949E+16,5.03333E+16
76265,76266,9,7,72,163,2016,7,10,2,3,2,6,0,0,0,1,0,0,0,0,6.38554E+20,5.34667E+21,1.08668E+16,4.82581E+16
76266,76267,9,4,77,124,2016,7,14,2,3,8,1,0,0,0,0,0,1,0,0,6.67951E+20,5.5447E+21,1.13451E+16,5.00309E+16
76267,76268,9,1,84,136,2016,7,13,3,3,4,6,0,0,0,1,0,0,0,0,6.98438E+20,5.32709E+21,1.16637E+16,4.80662E+16
76268,76269,9,1,75,128,2016,7,7,4,3,5,3,0,0,0,1,0,1,0,0,7.14406E+20,5.32394E+21,1.18762E+16,4.80328E+16
76269,76270,9,3,75,117,2016,7,8,4,3,8,1,0,0,0,1,0,0,0,0,7.33186E+20,5.4323E+21,1.21883E+16,4.89995E+16
76270,76271,9,7,75,135,2016,7,8,4,2,4,2,0,0,0,1,0,1,0,0,5.77399E+20,5.35822E+21,1.00451E+16,4.83724E+16
76271,76272,9,1,73,126,2016,7,18,4,3,2,6,0,0,0,1,0,0,0,0,6.84297E+20,5.30523E+21,1.14647E+16,4.78739E+16
76272,76273,9,4,71,165,2016,7,16,2,3,5,3,0,0,0,1,0,0,0,1,6.28219E+20,5.53304E+21,1.07868E+16,4.9936E+16
76273,76274,9,6,61,0,2016,7,20,3,3,0,7,0,0,1,0,0,0,0,0,5.12033E+20,5.53499E+21,9.16778E+15,4.99671E+16
76274,76275,9,5,71,152,2016,7,16,3,3,3,6,0,0,0,1,0,0,0,1,5.88781E+20,5.46634E+21,1.02223E+16,4.93433E+16
76275,76276,9,1,79,142,2016,7,10,5,3,2,6,0,0,0,1,0,0,0,0,6.77081E+20,5.34267E+21,1.13838E+16,4.82125E+16
76276,76277,9,1,62,0,2016,7,18,3,3,2,6,0,0,0,1,0,0,0,0,6.79993E+20,5.33821E+21,1.1421E+16,4.81716E+16
76277,76278,9,1,61,0,2016,7,13,7,3,2,6,0,0,0,1,0,0,0,0,6.81007E+20,5.40508E+21,1.14636E+16,4.87724E+16
76278,76279,9,1,84,147,2016,7,10,7,3,2,6,0,0,0,1,0,0,0,0,6.95595E+20,5.33987E+21,1.16314E+16,4.81819E+16
76279,76280,9,3,63,0,2016,7,11,7,3,5,3,0,0,1,1,0,0,0,0,7.27557E+20,5.5056E+21,1.21533E+16,4.966E+16
76280,76281,9,2,79,112,2016,7,14,3,3,0,1,0,0,1,0,0,0,0,0,7.5469E+20,5.39318E+21,1.24575E+16,4.86397E+16
76281,76282,9,2,63,0,2016,7,9,1,3,5,3,0,0,0,1,0,1,0,0,7.62379E+20,5.42042E+21,1.2579E+16,4.88811E+16
76282,76283,9,1,87,177,2016,7,21,4,2,0,1,1,0,1,0,0,0,0,0,7.36117E+20,5.30427E+21,1.21562E+16,4.78483E+16
76283,76284,9,2,77,127,2016,7,9,1,2,5,3,0,1,0,1,0,1,0,0,7.89871E+20,5.35206E+21,1.29056E+16,4.82554E+16
76284,76285,9,6,74,180,2016,7,12,1,3,0,7,0,0,1,0,0,0,0,0,6.02733E+20,5.5412E+21,1.04339E+16,5.00143E+16
76285,76286,9,7,61,0,2016,7,7,2,3,2,6,0,0,0,1,0,0,0,0,6.39989E+20,5.36404E+21,1.08919E+16,4.8414E+16
76286,76287,9,1,86,147,2016,7,9,2,3,5,3,0,0,0,0,0,0,1,1,6.85024E+20,5.39095E+21,1.15119E+16,4.86442E+16
76287,76288,9,4,61,0,2016,7,17,2,3,1,6,0,0,0,1,0,0,0,0,6.334E+20,5.53086E+21,1.08582E+16,4.99152E+16
76288,76289,9,7,74,135,2016,7,21,3,3,3,6,1,0,0,1,0,0,0,1,5.97428E+20,5.36764E+21,1.03177E+16,4.84544E+16
76289,76290,9,4,74,119,2016,7,7,3,3,5,3,0,0,0,1,0,0,0,1,6.52919E+20,5.49569E+21,1.11161E+16,4.95944E+16
76290,76291,9,7,80,145,2016,7,22,4,3,8,7,2,0,0,0,0,1,0,0,6.05499E+20,5.27249E+21,1.04034E+16,4.75972E+16
76291,76292,9,3,74,133,2016,7,14,2,3,2,6,0,0,0,1,0,0,1,0,7.27014E+20,5.49816E+21,1.21415E+16,4.95933E+16
76292,76293,9,1,62,0,2016,7,7,3,2,5,3,0,0,0,1,0,1,0,0,6.86182E+20,5.33522E+21,1.15029E+16,4.8143E+16
76293,76294,9,7,63,0,2016,7,6,4,3,6,4,0,0,0,1,1,0,0,0,5.98193E+20,5.28802E+21,1.03097E+16,4.77381E+16
76294,76295,9,5,71,136,2016,7,15,3,3,2,6,0,0,0,1,0,0,0,0,5.99702E+20,5.43541E+21,1.03649E+16,4.90635E+16
76295,76296,9,1,84,130,2016,7,12,5,1,2,6,0,0,0,1,0,0,1,1,6.97695E+20,5.34225E+21,1.16608E+16,4.82027E+16
76296,76297,9,1,88,141,2016,7,9,3,3,8,1,0,0,0,1,0,0,0,0,6.67677E+20,5.31085E+21,1.12448E+16,4.7929E+16
76297,76298,9,1,61,0,2016,7,17,7,2,3,6,0,0,0,1,0,0,0,0,6.75164E+20,5.39754E+21,1.1381E+16,4.87063E+16
76298,76299,9,7,77,129,2016,7,13,7,3,2,6,0,0,0,1,0,0,0,0,6.24992E+20,5.2709E+21,1.06622E+16,4.75795E+16
76299,76300,9,3,63,0,2016,7,12,7,3,8,1,0,0,0,1,0,0,0,0,7.28637E+20,5.5075E+21,1.21693E+16,4.96767E+16
76300,76301,9,1,73,123,2016,7,16,3,3,3,6,0,0,1,1,0,0,0,0,6.79953E+20,5.29695E+21,1.14032E+16,4.78007E+16
76301,76302,9,2,75,131,2016,7,16,1,2,9,1,0,1,0,0,0,1,0,0,8.02635E+20,5.36528E+21,1.30866E+16,4.83681E+16
76302,76303,9,7,71,130,2016,7,13,2,3,6,4,0,0,0,1,1,0,0,0,6.46989E+20,5.35782E+21,1.09842E+16,4.83564E+16
76303,76304,9,6,76,145,2016,7,19,4,2,8,1,0,0,1,0,0,0,0,0,5.10394E+20,5.5209E+21,9.14455E+15,4.98404E+16
76304,76305,9,1,61,0,2016,7,6,4,3,1,7,0,0,0,1,0,0,0,1,6.82201E+20,5.40177E+21,1.14784E+16,4.87423E+16
76305,76306,9,5,64,0,2016,7,11,4,3,2,6,0,0,0,1,0,0,0,0,6.48448E+20,5.47728E+21,1.10473E+16,4.943E+16
76306,76307,9,3,73,112,2016,7,14,4,3,5,3,0,0,0,1,0,0,0,0,6.79147E+20,5.43997E+21,1.14536E+16,4.90865E+16
76307,76308,9,6,73,114,2016,7,0,1,2,2,6,2,0,0,1,0,0,0,0,5.89233E+20,5.57652E+21,1.02538E+16,5.0334E+16
76308,76309,9,7,61,0,2016,7,16,2,3,4,2,0,0,1,1,0,0,0,0,6.41386E+20,5.3575E+21,1.09085E+16,4.83549E+16
76309,76310,9,1,86,162,2016,7,7,2,2,5,2,0,0,0,1,0,0,0,0,6.93924E+20,5.38607E+21,1.16303E+16,4.85976E+16
76310,76311,9,2,78,118,2016,7,19,4,3,5,3,0,0,1,1,0,0,0,0,7.72892E+20,5.42273E+21,1.27237E+16,4.88973E+16
76311,76312,9,3,75,174,2016,7,10,2,3,2,6,0,0,1,1,0,0,0,0,7.33385E+20,5.43125E+21,1.21904E+16,4.899E+16
76312,76313,9,7,76,116,2016,7,17,3,3,5,3,0,0,0,1,0,0,0,0,5.53573E+20,5.26679E+21,9.71204E+15,4.75523E+16
76313,76314,9,4,74,147,2016,7,14,3,3,4,6,0,0,0,0,0,1,0,0,6.56394E+20,5.5096E+21,1.11697E+16,4.97186E+16
76314,76315,9,7,61,0,2016,7,11,4,3,3,6,0,0,0,1,0,0,1,0,6.42767E+20,5.35977E+21,1.09279E+16,4.83749E+16
76315,76316,9,3,77,129,2016,7,16,7,2,2,2,0,0,0,1,0,0,0,0,7.04941E+20,5.52799E+21,1.18521E+16,4.98692E+16
76316,76317,9,5,72,121,2016,7,13,3,3,5,3,0,0,0,1,0,1,0,0,6.57794E+20,5.49435E+21,1.11829E+16,4.95811E+16
76317,76318,9,1,74,115,2016,7,18,3,3,2,6,0,0,0,1,0,0,0,0,6.80641E+20,5.34841E+21,1.14341E+16,4.82631E+16
76318,76319,9,1,76,120,2016,7,17,7,2,2,6,0,0,0,1,0,0,0,0,6.80064E+20,5.41874E+21,1.14568E+16,4.88954E+16
76319,76320,9,6,71,157,2016,7,16,7,2,8,1,0,0,0,0,0,1,0,0,5.26331E+20,5.5286E+21,9.36672E+15,4.99092E+16
76320,76321,9,3,73,113,2016,7,17,7,3,2,6,0,0,0,1,0,0,0,0,6.77928E+20,5.46825E+21,1.14495E+16,4.9341E+16
76321,76322,9,1,90,133,2016,7,19,3,2,8,1,0,0,0,1,0,0,0,0,6.33155E+20,5.2964E+21,1.07784E+16,4.78072E+16
76322,76323,9,2,72,121,2016,7,5,1,2,9,1,0,1,0,1,0,0,0,0,8.44427E+20,5.41315E+21,1.36887E+16,4.87758E+16
76323,76324,9,6,61,0,2016,7,9,1,3,3,6,0,0,0,1,0,0,0,0,5.07773E+20,5.53779E+21,9.10844E+15,4.99924E+16
76324,76325,9,7,61,0,2016,7,13,2,3,5,3,0,0,1,1,0,0,0,0,6.41599E+20,5.35967E+21,1.09121E+16,4.83743E+16
76325,76326,9,5,65,0,2016,7,19,3,3,4,6,0,0,1,0,0,0,0,0,6.47854E+20,5.46558E+21,1.10348E+16,4.9325E+16
76326,76327,9,1,74,137,2016,7,6,3,2,5,6,0,0,0,0,0,1,0,1,6.58613E+20,5.35126E+21,1.11386E+16,4.82946E+16
76327,76328,9,1,81,130,2016,7,13,7,3,2,6,0,0,0,1,0,0,0,0,6.38976E+20,5.32532E+21,1.08655E+16,4.8066E+16
76328,76329,9,7,61,0,2016,7,15,7,3,2,6,0,0,1,1,0,0,0,0,6.4146E+20,5.35856E+21,1.09099E+16,4.83644E+16
76329,76330,9,3,73,167,2016,7,11,7,2,4,2,0,0,0,1,0,1,0,0,6.9176E+20,5.45715E+21,1.16344E+16,4.92371E+16
76330,76331,9,1,90,152,2016,7,10,3,3,1,7,0,0,0,1,0,0,0,0,6.72278E+20,5.29941E+21,1.13018E+16,4.7825E+16
76331,76332,9,2,79,128,2016,7,10,1,3,9,1,0,0,0,1,0,0,0,0,7.55712E+20,5.3952E+21,1.24726E+16,4.86575E+16
76332,76333,9,6,71,156,2016,7,9,1,3,2,6,0,0,0,1,0,0,0,0,5.24728E+20,5.53195E+21,9.34461E+15,4.99394E+16
76333,76334,9,7,71,113,2016,7,6,2,2,4,6,0,0,0,1,0,0,1,0,6.58706E+20,5.37044E+21,1.11471E+16,4.8467E+16
76334,76335,9,5,62,0,2016,7,14,4,3,2,6,0,0,0,1,0,0,0,0,6.39164E+20,5.4972E+21,1.09264E+16,4.96114E+16
76335,76336,9,1,85,127,2016,7,7,4,2,8,1,0,0,0,0,0,1,0,0,6.55585E+20,5.39322E+21,1.11134E+16,4.86726E+16
76336,76337,9,4,78,165,2016,7,18,4,3,2,6,0,0,0,1,0,0,0,0,6.44111E+20,5.55298E+21,1.10156E+16,5.01116E+16
76337,76338,9,3,76,141,2016,7,20,4,2,5,3,0,0,0,1,0,0,0,0,7.27588E+20,5.45479E+21,1.21245E+16,4.92036E+16
76338,76339,9,6,71,122,2016,7,7,1,2,8,7,0,0,0,1,0,0,0,0,5.04618E+20,5.53238E+21,9.06436E+15,4.99438E+16
76339,76340,9,1,76,166,2016,7,4,2,3,8,7,1,0,0,1,0,0,0,0,6.54857E+20,5.40946E+21,1.11096E+16,4.88188E+16
76340,76341,9,2,72,118,2016,7,8,4,3,4,2,0,0,0,1,0,0,0,0,8.32392E+20,5.41617E+21,1.35278E+16,4.88095E+16
76341,76342,9,3,72,126,2016,7,14,2,3,5,3,0,0,0,1,0,1,0,0,7.80157E+20,5.46863E+21,1.28544E+16,4.93061E+16
76342,76343,9,7,72,159,2016,7,23,3,3,8,1,2,0,0,1,0,0,0,0,6.2582E+20,5.36129E+21,1.06996E+16,4.83922E+16
76343,76344,9,4,71,120,2016,7,14,3,3,5,3,0,0,0,1,0,0,0,0,6.25031E+20,5.52081E+21,1.07384E+16,4.98267E+16
76344,76345,9,6,75,141,2016,7,17,4,3,2,6,0,0,0,1,0,0,0,0,5.85709E+20,5.50915E+21,1.01893E+16,4.97287E+16
76345,76346,9,1,84,130,2016,7,17,3,3,3,6,0,0,0,1,0,0,1,0,6.96708E+20,5.34298E+21,1.16478E+16,4.82095E+16
76346,76347,9,1,85,153,2016,7,14,1,3,8,1,0,0,0,0,0,1,0,0,6.49179E+20,5.40373E+21,1.10302E+16,4.87687E+16
76347,76348,9,3,72,143,2016,7,17,7,3,9,1,0,0,0,1,0,0,0,0,7.7413E+20,5.45206E+21,1.27603E+16,4.91601E+16
76348,76349,9,1,79,113,2016,7,14,7,2,4,6,0,0,0,1,0,0,0,0,6.71856E+20,5.33575E+21,1.13107E+16,4.81518E+16
76349,76350,9,2,73,178,2016,7,18,1,2,9,1,0,0,0,0,0,1,0,0,7.12472E+20,5.38829E+21,1.18827E+16,4.86116E+16
76350,76351,9,5,62,0,2016,7,20,1,3,9,1,1,0,0,1,0,0,0,0,6.43387E+20,5.49162E+21,1.09828E+16,4.95602E+16
76351,76352,9,6,63,0,2016,7,8,2,3,3,6,0,0,0,0,0,1,1,0,5.68895E+20,5.51674E+21,9.95734E+15,4.97992E+16
76352,76353,9,1,76,132,2016,7,14,2,3,9,1,0,0,0,1,0,0,0,0,6.70522E+20,5.41903E+21,1.13268E+16,4.89007E+16
76353,76354,9,3,75,190,2016,7,7,2,3,2,6,0,0,0,1,0,0,1,0,7.24394E+20,5.44469E+21,1.20751E+16,4.9114E+16
76354,76355,9,1,84,118,2016,7,9,3,3,5,3,0,0,1,1,0,0,0,0,7.02735E+20,5.336E+21,1.17255E+16,4.81449E+16
76355,76356,9,1,78,143,2016,7,11,4,3,0,7,0,0,1,0,0,0,0,0,7.16989E+20,5.37272E+21,1.19358E+16,4.84701E+16
76356,76357,9,3,74,124,2016,7,9,4,3,2,6,0,0,0,1,0,0,0,0,7.13111E+20,5.50773E+21,1.19545E+16,4.96844E+16
76357,76358,9,1,62,0,2016,7,16,4,3,2,6,0,0,0,1,0,0,0,0,6.88561E+20,5.33542E+21,1.15349E+16,4.81441E+16
76358,76359,9,1,90,140,2016,7,9,4,3,3,6,0,0,0,1,0,0,0,1,6.42337E+20,5.29086E+21,1.08992E+16,4.77553E+16
76359,76360,9,3,73,167,2016,7,19,2,3,8,1,0,0,0,1,0,0,0,0,6.93423E+20,5.45299E+21,1.16552E+16,4.91991E+16
76360,76361,9,6,62,0,2016,7,16,3,3,2,6,0,0,0,1,0,0,0,0,5.87504E+20,5.54453E+21,1.02222E+16,5.00467E+16
76361,76362,9,5,71,216,2016,7,19,3,3,5,3,0,0,0,1,0,0,0,0,6.18062E+20,5.45435E+21,1.06217E+16,4.92306E+16
76362,76363,9,1,61,0,2016,7,6,5,3,4,6,0,0,0,1,0,0,0,0,6.77377E+20,5.40722E+21,1.14152E+16,4.87927E+16
76363,76364,9,1,88,117,2016,7,11,4,3,2,6,0,0,0,1,0,0,0,1,6.63206E+20,5.31502E+21,1.11866E+16,4.79677E+16
76364,76365,9,4,74,126,2016,7,7,4,3,5,2,0,0,1,1,0,0,0,0,6.49472E+20,5.50924E+21,1.10736E+16,4.97171E+16
76365,76366,9,2,76,135,2016,7,14,4,2,8,1,0,0,0,1,0,0,0,0,7.78616E+20,5.44255E+21,1.28152E+16,4.90727E+16
76366,76367,9,1,84,130,2016,7,17,4,3,6,4,0,0,1,0,1,0,0,0,6.98861E+20,5.34602E+21,1.16782E+16,4.82362E+16
76367,76368,9,1,88,139,2016,7,19,2,2,8,1,0,0,0,0,0,1,0,0,6.79763E+20,5.32009E+21,1.14103E+16,4.80088E+16
76368,76369,9,2,73,152,2016,7,20,4,3,9,1,2,0,0,1,0,0,0,0,7.02214E+20,5.40863E+21,1.17537E+16,4.87977E+16
76369,76370,9,6,63,0,2016,7,14,3,3,2,6,0,0,0,1,0,1,0,0,5.68556E+20,5.51648E+21,9.95259E+15,4.97969E+16
76370,76371,9,3,77,139,2016,7,11,3,2,5,2,0,0,0,1,0,0,0,1,7.44098E+20,5.53211E+21,1.23987E+16,4.98916E+16
76371,76372,9,6,62,0,2016,7,5,4,3,0,1,0,0,1,0,0,0,0,0,5.87806E+20,5.54317E+21,1.02261E+16,5.00344E+16
76372,76373,9,1,78,157,2016,7,8,3,2,5,3,0,0,0,1,0,1,0,0,7.00273E+20,5.37092E+21,1.1709E+16,4.84595E+16
76373,76374,9,1,79,136,2016,7,19,1,3,0,1,0,0,0,0,0,1,0,0,6.61631E+20,5.34147E+21,1.11755E+16,4.82059E+16
76374,76375,9,3,72,146,2016,7,16,7,3,9,7,0,0,0,1,0,0,0,0,7.6387E+20,5.46846E+21,1.26307E+16,4.93118E+16
76375,76376,9,1,74,115,2016,7,0,7,3,5,3,2,0,0,1,0,0,0,0,6.81844E+20,5.34643E+21,1.14494E+16,4.8245E+16
76376,76377,9,1,89,148,2016,7,8,4,2,5,3,0,0,0,1,0,1,0,0,7.76763E+20,5.30785E+21,1.27007E+16,4.78643E+16
76377,76378,9,2,79,122,2016,7,13,1,3,2,6,0,0,0,1,0,0,0,0,7.70731E+20,5.3985E+21,1.26783E+16,4.86808E+16
76378,76379,9,5,74,123,2016,7,20,1,3,0,6,0,0,0,1,0,0,0,0,6.59759E+20,5.47131E+21,1.12008E+16,4.93735E+16