FID,OBJECTID,ULAND,UREGBEZ,UKREIS,UGEMEINDE,UJAHR,UMONAT,USTUNDE,UWOCHENTAG,UKATEGORIE,UART,UTYP1,ULICHTVERH,IstStrasse,IstRad,IstPKW,IstFuss,IstKrad,IstGkfz,IstSonstig,LINREFX,LINREFY,XGCSWGS84,YGCSWGS84
76379,76380,9,6,72,149,2016,7,7,2,3,9,6,1,0,0,1,0,0,0,1,5.62887E+20,5.5651E+21,9.8818E+15,5.02347E+16
76380,76381,9,1,81,128,2016,7,17,2,3,5,2,0,0,1,1,0,0,0,0,6.39272E+20,5.32795E+21,1.08703E+16,4.80896E+16
76381,76382,9,3,76,141,2016,7,12,2,3,2,6,0,0,0,1,0,0,0,0,7.27058E+20,5.45087E+21,1.21151E+16,4.91686E+16
76382,76383,9,1,62,0,2016,7,16,3,3,5,2,0,0,1,1,0,0,0,0,6.84876E+20,5.33538E+21,1.14854E+16,4.81448E+16
76383,76384,9,7,75,135,2016,7,10,4,3,5,3,0,0,0,1,0,0,0,0,5.78453E+20,5.36221E+21,1.00601E+16,4.84082E+16
76384,76385,9,1,80,117,2016,7,10,4,3,1,6,0,0,0,1,0,0,0,0,6.58617E+20,5.2622E+21,1.11059E+16,4.74938E+16
76385,76386,9,4,64,0,2016,7,19,3,3,1,6,0,0,0,1,0,0,0,0,7.04594E+20,5.57718E+21,1.18736E+16,5.03112E+16
76386,76387,9,1,81,128,2016,7,7,5,3,2,6,0,1,0,1,0,0,0,0,6.38375E+20,5.3277E+21,1.08582E+16,4.80876E+16
76387,76388,9,1,78,143,2016,7,19,3,3,0,6,0,0,1,0,0,0,0,0,7.20633E+20,5.37185E+21,1.19846E+16,4.84611E+16
76388,76389,9,1,78,129,2016,7,21,7,2,7,7,1,0,0,0,0,1,0,0,7.11236E+20,5.37147E+21,1.18574E+16,4.84609E+16
76389,76390,9,7,62,0,2016,7,15,7,3,3,2,0,0,1,1,0,0,0,0,6.22289E+20,5.30714E+21,1.06364E+16,4.79059E+16
76390,76391,9,3,75,210,2016,7,9,7,3,2,6,0,0,0,1,0,0,0,0,7.53546E+20,5.43113E+21,1.24654E+16,4.8981E+16
76391,76392,9,1,73,118,2016,7,18,3,3,4,2,0,0,1,1,0,0,0,0,6.93615E+20,5.3034E+21,1.15884E+16,4.78548E+16
76392,76393,9,2,73,137,2016,7,13,1,2,5,2,0,0,0,1,0,0,0,0,7.11943E+20,5.4226E+21,1.18932E+16,4.892E+16
76393,76394,9,6,73,117,2016,7,18,2,2,5,3,0,0,0,0,0,1,0,1,5.71964E+20,5.58366E+21,1.00126E+16,5.04005E+16
76394,76395,9,6,78,160,2016,7,17,4,3,2,6,0,0,0,1,0,0,0,0,5.85955E+20,5.54797E+21,1.02013E+16,5.00778E+16
76395,76396,9,1,78,124,2016,7,18,3,3,3,6,0,0,0,1,0,0,0,0,7.04262E+20,5.36253E+21,1.17589E+16,4.83828E+16
76396,76397,9,1,62,0,2016,7,10,7,3,0,1,0,0,0,0,0,1,0,0,6.86182E+20,5.33526E+21,1.15029E+16,4.81433E+16
76397,76398,9,2,71,143,2016,7,8,7,2,8,6,0,0,0,1,0,0,0,0,7.8098E+20,5.40834E+21,1.28239E+16,4.87645E+16
76398,76399,9,1,75,119,2016,7,18,7,3,8,1,0,0,0,1,0,0,0,0,7.27301E+20,5.32605E+21,1.20501E+16,4.80473E+16
76399,76400,9,1,82,120,2016,7,11,4,3,3,6,0,0,0,1,0,0,1,0,7.0332E+20,5.30885E+21,1.17205E+16,4.79008E+16
76400,76401,9,1,90,114,2016,7,17,1,2,2,6,0,0,1,0,0,1,0,0,6.3239E+20,5.28781E+21,1.07656E+16,4.77301E+16
76401,76402,9,5,74,112,2016,7,18,1,3,0,1,0,0,0,0,0,1,0,0,6.71363E+20,5.47208E+21,1.13608E+16,4.93773E+16
76402,76403,9,1,88,126,2016,7,19,2,3,5,2,0,0,0,1,0,0,0,0,6.60239E+20,5.32785E+21,1.11516E+16,4.80837E+16
76403,76404,9,2,76,115,2016,7,21,2,2,7,7,1,0,0,0,0,1,0,0,8.04356E+20,5.44623E+21,1.31695E+16,4.90936E+16
76404,76405,9,7,75,152,2016,7,7,3,3,2,6,0,0,0,1,0,0,0,0,5.81286E+20,5.35143E+21,1.00963E+16,4.83109E+16
76405,76406,9,7,77,179,2016,7,11,4,3,9,1,0,0,0,1,0,0,0,0,6.1677E+20,5.28658E+21,1.0557E+16,4.7722E+16
76406,76407,9,4,75,142,2016,7,17,3,3,4,3,0,0,0,1,0,0,0,0,7.02473E+20,5.56758E+21,1.18387E+16,5.02257E+16
76407,76408,9,1,78,157,2016,7,23,3,3,9,7,2,0,0,1,0,0,0,0,7.06009E+20,5.37229E+21,1.17872E+16,4.84699E+16
76408,76409,9,1,62,0,2016,7,14,6,3,1,5,0,0,1,1,0,0,0,0,6.86442E+20,5.33521E+21,1.15064E+16,4.81428E+16
76409,76410,9,7,79,131,2016,7,13,7,3,8,1,0,0,0,1,0,0,0,0,6.33362E+20,5.39793E+21,1.08132E+16,4.87201E+16
76410,76411,9,2,71,125,2016,7,3,7,2,4,6,2,0,0,1,0,0,0,0,8.01979E+20,5.40894E+21,1.31094E+16,4.87601E+16
76411,76412,9,1,83,140,2016,7,16,3,2,5,3,0,0,0,1,0,0,0,0,7.42326E+20,5.34184E+21,1.22603E+16,4.81835E+16
76412,76413,9,1,90,118,2016,7,17,1,3,0,6,0,0,0,1,0,0,0,0,6.35342E+20,5.29245E+21,1.08064E+16,4.77712E+16
76413,76414,9,6,74,129,2016,7,19,2,3,4,2,0,0,1,1,0,0,0,0,6.19976E+20,5.5381E+21,1.06735E+16,4.99831E+16
76414,76415,9,6,61,0,2016,7,15,4,3,2,6,0,0,0,1,0,0,0,1,5.0745E+20,5.53281E+21,9.10384E+15,4.99476E+16
76415,76416,9,1,86,152,2016,7,7,4,3,1,6,0,0,0,1,0,0,0,0,6.91566E+20,5.37563E+21,1.15936E+16,4.85046E+16
76416,76417,9,5,64,0,2016,7,18,4,3,2,6,0,0,0,1,0,1,0,0,6.48916E+20,5.47726E+21,1.10538E+16,4.94298E+16
76417,76418,9,3,76,163,2016,7,15,4,2,0,6,0,0,0,1,0,0,0,0,7.28459E+20,5.47525E+21,1.21482E+16,4.9387E+16
76418,76419,9,5,76,127,2016,7,10,1,2,3,6,0,0,1,0,0,0,0,0,6.59704E+20,5.45047E+21,1.11917E+16,4.91863E+16
76419,76420,9,1,79,123,2016,7,6,2,3,4,6,0,0,0,1,0,0,1,0,6.7734E+20,5.33505E+21,1.13841E+16,4.81439E+16
76420,76421,9,2,75,152,2016,7,10,4,3,3,2,0,0,1,1,0,0,0,0,8.22287E+20,5.40626E+21,1.33828E+16,4.87259E+16
76421,76422,9,2,76,142,2016,7,13,2,3,1,2,0,0,0,1,0,0,1,1,7.91236E+20,5.43338E+21,1.2981E+16,4.89845E+16
76422,76423,9,7,62,0,2016,7,10,3,3,5,3,0,0,1,1,0,0,0,0,6.21657E+20,5.3044E+21,1.06272E+16,4.78814E+16
76423,76424,9,3,74,139,2016,7,9,3,2,0,1,0,0,1,0,0,0,0,0,7.28632E+20,5.51248E+21,1.21722E+16,4.97213E+16
76424,76425,9,6,79,170,2016,7,12,4,3,1,1,0,0,0,1,0,0,0,0,5.7701E+20,5.50166E+21,1.00671E+16,4.96626E+16
76425,76426,9,1,63,0,2016,7,17,4,3,0,2,0,0,1,1,0,0,0,0,7.33506E+20,5.30513E+21,1.21218E+16,4.7857E+16
76426,76427,9,5,74,152,2016,7,7,4,3,3,2,0,0,1,1,0,0,0,0,6.62018E+20,5.48343E+21,1.12368E+16,4.94819E+16
76427,76428,9,5,76,148,2016,7,10,1,3,3,2,0,0,1,1,0,0,0,0,6.61496E+20,5.44447E+21,1.12139E+16,4.91318E+16
76428,76429,9,6,78,150,2016,7,14,2,3,9,1,0,0,0,1,0,0,0,0,5.85163E+20,5.53073E+21,1.01864E+16,4.99228E+16
76429,76430,9,1,81,120,2016,7,14,2,2,8,1,0,0,0,0,0,1,0,0,6.51363E+20,5.31996E+21,1.10297E+16,4.8015E+16
76430,76431,9,2,78,167,2016,7,10,2,3,5,3,0,0,0,1,0,0,0,0,7.69173E+20,5.40807E+21,1.26634E+16,4.87673E+16
76431,76432,9,7,63,0,2016,7,17,3,2,4,2,0,0,1,1,0,0,0,0,5.99042E+20,5.28648E+21,1.03207E+16,4.77241E+16
76432,76433,9,3,75,210,2016,7,20,3,3,5,6,1,0,0,1,0,0,0,0,7.45709E+20,5.43286E+21,1.23596E+16,4.89997E+16
76433,76434,9,7,79,147,2016,7,11,4,2,8,1,0,0,0,0,0,1,0,0,6.07867E+20,5.42598E+21,1.04741E+16,4.89773E+16
76434,76435,9,5,76,121,2016,7,20,3,3,5,3,0,0,0,1,0,0,0,0,6.50146E+20,5.44827E+21,1.10598E+16,4.91689E+16
76435,76436,9,1,78,137,2016,7,21,3,2,5,3,1,0,0,1,0,1,0,0,6.91584E+20,5.36265E+21,1.15879E+16,4.83879E+16
76436,76437,9,1,62,0,2016,7,21,6,3,6,2,2,0,0,1,1,0,0,0,6.86244E+20,5.33178E+21,1.15022E+16,4.81121E+16
76437,76438,9,6,63,0,2016,7,13,7,3,1,5,0,0,1,1,0,0,0,0,5.65198E+20,5.51614E+21,9.90588E+15,4.97942E+16
76438,76439,9,2,75,133,2016,7,23,7,3,2,6,2,0,0,1,0,0,0,0,8.23991E+20,5.38188E+21,1.33869E+16,4.85064E+16
76439,76440,9,1,89,157,2016,7,17,3,2,5,3,0,0,1,0,0,0,0,1,7.61467E+20,5.32753E+21,1.25086E+16,4.80474E+16
76440,76441,9,1,90,145,2016,7,19,1,2,0,1,0,0,0,1,0,0,0,0,6.4337E+20,5.28791E+21,1.0912E+16,4.77286E+16
76441,76442,9,5,76,148,2016,7,11,1,3,3,6,0,0,1,0,0,0,0,0,6.594E+20,5.44347E+21,1.11848E+16,4.91234E+16
76442,76443,9,6,72,140,2016,7,14,2,3,4,2,0,0,0,1,0,0,0,0,5.79337E+20,5.55591E+21,1.01105E+16,5.01501E+16
76443,76444,9,5,76,151,2016,7,7,4,3,2,6,0,0,0,1,0,0,0,1,6.54447E+20,5.47091E+21,1.11275E+16,4.93713E+16
76444,76445,9,1,86,122,2016,7,18,4,3,0,1,0,0,0,0,0,1,0,0,6.98365E+20,5.39063E+21,1.16927E+16,4.86372E+16
76445,76446,9,4,77,128,2016,7,5,4,3,5,3,0,0,0,1,0,1,0,0,6.7194E+20,5.55008E+21,1.14032E+16,5.00781E+16
76446,76447,9,3,71,150,2016,7,8,4,2,2,2,0,0,0,1,1,0,0,0,7.16908E+20,5.49258E+21,1.19987E+16,4.95469E+16
76447,76448,9,1,78,145,2016,7,12,5,2,0,1,0,0,0,0,0,1,0,0,6.9366E+20,5.35637E+21,1.1613E+16,4.83308E+16
76448,76449,9,1,75,135,2016,7,10,2,3,0,7,0,0,1,0,0,0,0,0,7.09302E+20,5.33913E+21,1.18153E+16,4.81709E+16
76449,76450,9,2,74,183,2016,7,11,4,3,1,7,0,0,0,1,0,0,0,0,7.41016E+20,5.36206E+21,1.22542E+16,4.83657E+16
76450,76451,9,2,78,179,2016,7,23,2,3,8,7,2,0,0,1,0,0,0,0,7.66648E+20,5.43741E+21,1.26483E+16,4.90318E+16
76451,76452,9,7,61,0,2016,7,16,3,3,2,1,0,0,0,1,0,0,0,0,6.43644E+20,5.36159E+21,1.09404E+16,4.83911E+16
76452,76453,9,3,72,117,2016,7,18,3,3,2,1,0,0,0,0,0,1,0,1,7.72279E+20,5.45686E+21,1.27383E+16,4.9204E+16
76453,76454,9,6,74,164,2016,7,7,4,3,8,1,0,0,0,1,0,0,0,0,6.08892E+20,5.54874E+21,1.0522E+16,5.00809E+16
76454,76455,9,1,75,121,2016,7,18,3,3,0,6,0,0,0,1,0,0,0,1,7.13989E+20,5.31883E+21,1.18681E+16,4.79869E+16
76455,76456,9,1,88,144,2016,7,17,1,3,0,7,0,0,0,1,0,0,0,1,6.69043E+20,5.32913E+21,1.12703E+16,4.8093E+16
76456,76457,9,2,62,0,2016,7,11,7,3,1,1,0,0,0,1,0,0,0,0,8.31214E+20,5.38953E+21,1.34905E+16,4.85712E+16
76457,76458,9,1,84,127,2016,7,14,6,3,4,6,0,0,0,1,0,0,0,1,7.01728E+20,5.32106E+21,1.1705E+16,4.8011E+16
76458,76459,9,1,73,111,2016,7,18,4,3,5,3,0,0,0,1,0,0,0,1,6.8372E+20,5.29023E+21,1.14506E+16,4.77393E+16
76459,76460,9,1,82,123,2016,7,15,1,2,4,6,0,0,0,1,0,1,0,0,7.19357E+20,5.30363E+21,1.19322E+16,4.78486E+16
76460,76461,9,2,77,116,2016,7,4,7,3,8,1,0,0,0,1,0,0,0,0,7.78939E+20,5.36691E+21,1.27684E+16,4.83936E+16
76461,76462,9,1,77,124,2016,7,19,3,3,4,6,0,0,0,1,0,0,0,0,7.25427E+20,5.36443E+21,1.20453E+16,4.83927E+16
76462,76463,9,1,62,0,2016,7,18,6,3,0,7,0,0,0,0,0,1,0,0,6.88542E+20,5.33529E+21,1.15346E+16,4.81429E+16
76463,76464,9,5,62,0,2016,7,20,7,3,0,7,0,0,1,0,0,0,0,0,6.44017E+20,5.49398E+21,1.09923E+16,4.95812E+16
76464,76465,9,2,74,172,2016,7,14,7,3,0,1,0,0,1,0,0,0,0,0,7.14507E+20,5.39118E+21,1.19118E+16,4.86369E+16
76465,76466,9,1,89,143,2016,7,12,3,3,0,7,0,0,1,0,0,0,0,0,7.57627E+20,5.31393E+21,1.2449E+16,4.79269E+16
76466,76467,9,1,73,133,2016,7,15,1,3,8,1,0,0,0,0,0,1,0,0,6.77018E+20,5.27872E+21,1.13566E+16,4.76376E+16
76467,76468,9,5,76,122,2016,7,9,1,2,7,7,0,0,1,0,0,0,0,0,6.68321E+20,5.43793E+21,1.13047E+16,4.90712E+16
76468,76469,9,6,78,175,2016,7,16,2,3,4,7,0,0,0,1,0,0,0,0,5.81668E+20,5.53054E+21,1.01377E+16,4.99216E+16
76469,76470,9,1,78,143,2016,7,17,2,3,2,6,0,0,0,1,0,0,0,0,7.16044E+20,5.37219E+21,1.19228E+16,4.84657E+16
76470,76471,9,1,84,147,2016,7,6,4,3,4,1,0,0,0,1,0,0,0,0,6.9996E+20,5.34116E+21,1.16907E+16,4.81922E+16
76471,76472,9,4,71,122,2016,7,13,4,2,5,3,0,0,1,1,0,0,0,0,6.13814E+20,5.52101E+21,1.05826E+16,4.98307E+16
76472,76473,9,2,71,125,2016,7,15,4,3,5,3,0,0,0,1,0,0,0,0,7.96923E+20,5.40997E+21,1.30415E+16,4.87718E+16
76473,76474,9,1,62,0,2016,7,18,4,2,5,3,0,0,1,0,0,0,0,0,6.94186E+20,5.34025E+21,1.16127E+16,4.81857E+16
76474,76475,9,1,78,138,2016,7,10,2,3,2,6,0,0,0,0,0,0,1,1,7.12037E+20,5.36892E+21,1.1867E+16,4.84377E+16
76475,76476,9,1,73,133,2016,7,18,4,3,0,7,0,0,1,0,0,0,0,0,6.77737E+20,5.28118E+21,1.13672E+16,4.76596E+16
76476,76477,9,2,75,120,2016,7,19,2,2,2,2,0,0,0,1,0,0,1,0,8.1267E+20,5.40509E+21,1.32516E+16,4.87203E+16
76477,76478,9,6,72,139,2016,7,17,3,3,8,1,0,0,0,1,0,0,0,0,5.61007E+20,5.55932E+21,9.8545E+15,5.01829E+16
76478,76479,9,4,73,120,2016,7,14,3,3,9,1,0,0,0,1,0,0,1,0,6.427E+20,5.57338E+21,1.10035E+16,5.02952E+16
76479,76480,9,1,77,139,2016,7,7,3,2,6,7,0,0,0,0,1,0,1,0,7.32571E+20,5.35959E+21,1.2139E+16,4.83466E+16
76480,76481,9,1,77,135,2016,7,14,1,3,5,3,0,0,1,1,0,0,0,0,7.20339E+20,5.34264E+21,1.19653E+16,4.81987E+16
76481,76482,9,2,79,113,2016,7,14,7,2,3,2,0,0,1,0,0,0,0,0,7.82821E+20,5.39391E+21,1.2839E+16,4.86342E+16
76482,76483,9,1,62,0,2016,7,18,6,3,2,6,0,0,0,1,0,0,0,0,6.87692E+20,5.33345E+21,1.15224E+16,4.81266E+16
76483,76484,9,1,72,115,2016,7,20,4,2,8,1,0,0,0,0,0,1,0,0,7.94341E+20,5.29135E+21,1.2924E+16,4.77083E+16
76484,76485,9,1,71,123,2016,7,17,1,3,8,1,0,1,0,1,0,0,0,0,7.83416E+20,5.35086E+21,1.2818E+16,4.82475E+16
76485,76486,9,5,76,148,2016,7,10,1,2,2,6,0,0,1,0,0,0,0,0,6.60792E+20,5.44106E+21,1.12029E+16,4.91013E+16
76486,76487,9,6,78,193,2016,7,8,2,3,2,3,0,0,0,1,0,0,0,0,5.80202E+20,5.53949E+21,1.01192E+16,5.00024E+16
76487,76488,9,1,78,115,2016,7,7,2,3,1,6,0,0,0,1,0,0,0,0,7.03938E+20,5.37389E+21,1.176E+16,4.8485E+16
76488,76489,9,2,77,128,2016,7,14,2,2,2,6,0,0,0,1,0,0,1,0,7.96069E+20,5.35194E+21,1.29888E+16,4.82514E+16
76489,76490,9,1,62,0,2016,7,8,3,3,8,7,0,0,1,0,0,0,0,0,6.88687E+20,5.33708E+21,1.15374E+16,4.81589E+16
76490,76491,9,7,74,185,2016,7,7,4,3,0,7,0,0,0,0,1,0,1,0,6.09015E+20,5.34871E+21,1.04695E+16,4.82822E+16
76491,76492,9,1,73,133,2016,7,21,4,2,9,1,0,0,0,1,0,1,0,0,6.76889E+20,5.27866E+21,1.13549E+16,4.76371E+16
76492,76493,9,1,89,143,2016,7,18,1,3,0,7,0,0,1,0,0,0,0,0,7.57769E+20,5.31786E+21,1.24533E+16,4.79621E+16
76493,76494,9,5,76,122,2016,7,10,1,2,0,6,0,0,1,0,0,0,0,0,6.69255E+20,5.44252E+21,1.13193E+16,4.91122E+16
76494,76495,9,6,72,126,2016,7,11,2,2,0,7,0,0,0,0,0,0,0,1,5.639E+20,5.57007E+21,9.89683E+15,5.02793E+16
76495,76496,9,2,75,144,2016,7,5,2,3,0,7,0,1,0,0,0,1,0,1,8.26234E+20,5.39899E+21,1.34306E+16,4.86587E+16
76496,76497,9,1,84,145,2016,7,15,3,3,1,6,0,0,1,1,0,0,0,0,6.94999E+20,5.32502E+21,1.16166E+16,4.80487E+16
76497,76498,9,1,77,144,2016,7,16,4,2,9,1,0,0,0,1,0,0,0,0,7.14221E+20,5.34522E+21,1.18844E+16,4.8224E+16
76498,76499,9,3,75,199,2016,7,7,4,2,2,6,0,0,0,1,0,0,1,1,7.22356E+20,5.43178E+21,1.20402E+16,4.89988E+16
76499,76500,9,7,75,164,2016,7,17,4,3,3,2,0,0,1,1,0,0,0,0,5.8547E+20,5.35115E+21,1.01527E+16,4.83078E+16
76500,76501,9,1,73,126,2016,7,15,4,3,5,3,0,0,0,1,0,0,0,0,6.85632E+20,5.3038E+21,1.14819E+16,4.78607E+16
76501,76502,9,2,72,138,2016,7,13,2,3,4,1,0,0,0,1,0,0,0,0,8.27724E+20,5.41034E+21,1.34598E+16,4.87597E+16
76502,76503,9,6,71,130,2016,7,17,3,3,5,3,0,0,1,1,0,0,0,0,5.16146E+20,5.53862E+21,9.22529E+15,4.99997E+16
76503,76504,9,4,76,152,2016,7,11,3,3,0,7,0,0,0,1,0,1,0,0,6.68193E+20,5.59808E+21,1.13722E+16,5.05105E+16
76504,76505,9,1,76,116,2016,7,7,5,3,8,1,0,1,0,1,0,0,0,0,6.73555E+20,5.41488E+21,1.13664E+16,4.88626E+16
76505,76506,9,1,84,123,2016,7,9,2,2,5,3,0,0,0,1,0,0,1,0,7.03686E+20,5.3317E+21,1.17363E+16,4.8106E+16
76506,76507,9,1,62,0,2016,7,3,6,3,8,7,2,0,0,1,0,0,0,0,6.88268E+20,5.33399E+21,1.15304E+16,4.81313E+16
76507,76508,9,1,62,0,2016,7,10,7,3,2,6,0,0,0,1,0,0,0,0,6.87903E+20,5.33161E+21,1.15244E+16,4.811E+16
76508,76509,9,1,90,139,2016,7,14,7,2,8,1,0,0,0,0,0,1,0,0,6.53342E+20,5.29715E+21,1.10482E+16,4.78094E+16
76509,76510,9,1,71,112,2016,7,16,1,3,2,7,0,1,0,1,0,0,0,0,7.8477E+20,5.34245E+21,1.28305E+16,4.81714E+16
76510,76511,9,1,84,114,2016,7,0,4,3,3,1,2,0,0,1,0,0,0,0,7.01891E+20,5.31301E+21,1.17034E+16,4.79385E+16
76511,76512,9,1,82,137,2016,7,14,1,1,8,1,0,0,0,1,0,0,0,0,7.14337E+20,5.30361E+21,1.18652E+16,4.785E+16
76512,76513,9,5,76,148,2016,7,13,1,3,3,2,0,0,1,1,0,0,0,0,6.61498E+20,5.44447E+21,1.12139E+16,4.91318E+16
76513,76514,9,6,71,157,2016,7,18,2,2,9,1,0,0,0,1,0,0,0,0,5.28846E+20,5.5262E+21,9.40157E+15,4.98875E+16
76514,76515,9,1,62,0,2016,7,12,1,3,1,6,0,0,0,1,0,1,0,0,6.94774E+20,5.34092E+21,1.16209E+16,4.81916E+16
76515,76516,9,2,74,113,2016,7,17,2,3,2,6,0,0,0,1,0,0,0,0,7.29004E+20,5.38176E+21,1.21031E+16,4.85471E+16
76516,76517,9,7,78,119,2016,7,14,3,3,0,1,0,0,1,0,0,0,0,0,5.95926E+20,5.30534E+21,1.02833E+16,4.78942E+16
76517,76518,9,3,72,168,2016,7,16,3,3,2,2,0,0,0,1,0,1,0,0,7.66647E+20,5.46291E+21,1.26651E+16,4.92608E+16
76518,76519,9,7,77,128,2016,7,10,4,3,5,3,0,0,1,1,0,0,0,0,6.14643E+20,5.3034E+21,1.05331E+16,4.78737E+16
76519,76520,9,4,78,139,2016,7,15,3,2,5,3,0,0,0,1,0,1,0,0,6.4803E+20,5.55619E+21,1.10716E+16,5.01394E+16
76520,76521,9,1,62,0,2016,7,9,6,3,1,6,0,0,0,1,0,0,0,0,6.89801E+20,5.33193E+21,1.155E+16,4.81123E+16
76521,76522,9,7,71,130,2016,7,17,7,3,2,6,0,0,0,1,0,0,0,0,6.45134E+20,5.35769E+21,1.09592E+16,4.83557E+16
76522,76523,9,1,81,130,2016,7,18,2,3,8,6,0,0,0,0,0,1,1,0,6.3729E+20,5.32336E+21,1.08422E+16,4.80488E+16
76523,76524,9,7,80,132,2016,7,15,5,2,5,3,0,0,0,1,0,1,0,0,5.75832E+20,5.26656E+21,1.00078E+16,4.7548E+16
76524,76525,9,5,61,0,2016,7,1,1,3,9,7,2,0,0,1,0,0,0,0,6.12801E+20,5.46384E+21,1.05521E+16,4.93168E+16
76525,76526,9,3,75,119,2016,7,18,5,2,4,1,0,1,0,1,0,0,0,0,7.41611E+20,5.44802E+21,1.23127E+16,4.91375E+16
76526,76527,9,1,76,120,2016,7,5,7,3,2,1,0,0,0,1,0,0,0,0,6.80955E+20,5.41932E+21,1.14692E+16,4.89004E+16
76527,76528,9,6,79,154,2016,7,15,5,3,2,6,0,0,0,1,0,0,0,0,5.61116E+20,5.51165E+21,9.84846E+15,4.97542E+16
76528,76529,9,7,72,147,2016,7,18,1,3,2,6,0,0,0,1,0,0,0,0,6.3635E+20,5.36426E+21,1.08428E+16,4.84167E+16
76529,76530,9,4,73,144,2016,7,5,6,3,5,3,1,0,0,1,0,0,0,0,6.3593E+20,5.57341E+21,1.09085E+16,5.02971E+16
76530,76531,9,1,72,117,2016,7,11,1,2,0,1,0,0,1,0,0,0,0,0,7.95479E+20,5.28872E+21,1.29374E+16,4.76843E+16
76531,76532,9,1,82,132,2016,7,20,3,3,0,1,0,1,1,0,0,0,0,0,7.0746E+20,5.28674E+21,1.17653E+16,4.77007E+16
76532,76533,9,1,72,114,2016,7,16,6,3,2,6,0,0,0,1,0,0,0,0,7.90243E+20,5.29266E+21,1.28704E+16,4.7722E+16
76533,76534,9,6,76,123,2016,7,16,3,3,1,7,0,0,0,1,0,0,0,0,5.20125E+20,5.52267E+21,9.27998E+15,4.98561E+16
76534,76535,9,4,79,158,2016,7,15,3,3,5,3,0,0,0,1,0,0,0,0,7.22079E+20,5.5516E+21,1.21039E+16,5.00752E+16
76535,76536,9,7,61,0,2016,7,21,6,2,2,2,2,0,1,0,0,0,0,0,6.42846E+20,5.36018E+21,1.09291E+16,4.83786E+16
76536,76537,9,1,72,114,2016,7,17,1,2,2,6,0,0,0,1,0,1,0,0,7.85242E+20,5.29039E+21,1.28024E+16,4.77038E+16
76537,76538,9,3,75,175,2016,7,15,7,2,1,5,0,0,1,0,0,0,0,1,7.16516E+20,5.43235E+21,1.19607E+16,4.90061E+16
76538,76539,9,7,73,183,2016,7,20,7,3,8,1,1,1,0,0,0,1,0,0,6.04483E+20,5.38601E+21,1.04177E+16,4.86184E+16
76539,76540,9,7,71,130,2016,7,14,2,3,9,1,0,1,0,0,0,0,1,0,6.46138E+20,5.36282E+21,1.09745E+16,4.84016E+16
76540,76541,9,1,62,0,2016,7,18,5,3,3,6,0,0,0,1,0,1,0,0,6.94603E+20,5.33201E+21,1.16145E+16,4.81116E+16
76541,76542,9,1,84,132,2016,7,9,2,3,8,1,0,1,0,1,0,0,0,0,6.81047E+20,5.3228E+21,1.14287E+16,4.80328E+16
76542,76543,9,3,72,153,2016,7,19,2,3,4,2,0,0,0,1,0,0,0,0,7.53681E+20,5.45639E+21,1.24831E+16,4.92077E+16
76543,76544,9,2,74,183,2016,7,14,2,3,8,3,0,1,0,1,0,1,0,0,7.42434E+20,5.36467E+21,1.22749E+16,4.83885E+16
76544,76545,9,4,75,141,2016,7,20,1,3,2,5,0,0,0,1,0,0,0,0,7.03996E+20,5.58207E+21,1.18679E+16,5.03553E+16
76545,76546,9,3,72,146,2016,7,12,5,3,8,1,0,1,0,1,0,0,0,0,7.60979E+20,5.46131E+21,1.25863E+16,4.92488E+16
76546,76547,9,1,76,139,2016,7,1,7,3,9,1,2,0,0,1,0,0,0,0,6.82116E+20,5.40913E+21,1.14805E+16,4.88084E+16
76547,76548,9,6,63,0,2016,7,6,5,3,2,6,1,1,0,1,0,0,0,0,5.65817E+20,5.51731E+21,9.91468E+15,4.98046E+16
76548,76549,9,7,72,115,2016,7,12,1,1,8,1,0,0,0,1,0,0,0,0,6.15943E+20,5.36854E+21,1.05683E+16,4.84593E+16
76549,76550,9,4,72,139,2016,7,17,6,3,2,6,0,0,0,1,0,0,0,0,6.92489E+20,5.55248E+21,1.16913E+16,5.00933E+16
76550,76551,9,7,71,113,2016,7,5,6,3,5,3,1,0,0,1,0,0,0,0,6.5773E+20,5.36967E+21,1.11336E+16,4.84603E+16
76551,76552,9,1,71,126,2016,7,19,1,2,8,1,0,0,1,0,0,0,0,0,7.79819E+20,5.3536E+21,1.27714E+16,4.82737E+16
76552,76553,9,1,79,126,2016,7,12,3,3,3,7,0,0,1,0,0,0,0,0,6.76268E+20,5.34044E+21,1.13719E+16,4.81927E+16
76553,76554,9,1,85,149,2016,7,14,6,3,0,6,0,0,1,0,0,0,0,0,6.65769E+20,5.40048E+21,1.12545E+16,4.87352E+16
76554,76555,9,5,76,137,2016,7,17,3,2,2,6,0,0,0,1,0,0,0,0,6.51214E+20,5.46199E+21,1.10796E+16,4.9292E+16
76555,76556,9,3,74,160,2016,7,15,3,3,5,2,0,0,0,1,0,1,0,0,7.33644E+20,5.50845E+21,1.22392E+16,4.96833E+16
76556,76557,9,5,74,152,2016,7,12,2,3,4,6,0,0,0,1,0,0,0,0,6.64792E+20,5.48242E+21,1.12747E+16,4.94721E+16
76557,76558,9,3,75,170,2016,7,12,7,3,9,1,0,0,0,1,0,0,0,0,7.40208E+20,5.42405E+21,1.22793E+16,4.89227E+16