FID,OBJECTID,ULAND,UREGBEZ,UKREIS,UGEMEINDE,UJAHR,UMONAT,USTUNDE,UWOCHENTAG,UKATEGORIE,UART,UTYP1,ULICHTVERH,IstStrasse,IstRad,IstPKW,IstFuss,IstKrad,IstGkfz,IstSonstig,LINREFX,LINREFY,XGCSWGS84,YGCSWGS84
76558,76559,9,2,71,119,2016,7,7,3,3,1,6,0,0,0,1,0,0,0,0,7.91913E+20,5.41447E+21,1.29767E+16,4.88146E+16
76559,76560,9,1,87,113,2016,7,18,1,3,0,1,0,0,1,0,0,0,0,0,7.46973E+20,5.32079E+21,1.23106E+16,4.79927E+16
76560,76561,9,1,81,133,2016,7,11,3,3,3,2,0,0,0,1,0,0,0,1,6.43561E+20,5.31226E+21,1.09226E+16,4.79476E+16
76561,76562,9,1,82,129,2016,7,12,6,3,0,3,0,0,0,1,0,0,0,1,7.07534E+20,5.28543E+21,1.17656E+16,4.76889E+16
76562,76563,9,5,76,127,2016,7,5,3,2,8,1,0,0,0,1,0,1,1,0,6.65449E+20,5.44569E+21,1.12685E+16,4.91418E+16
76563,76564,9,4,62,0,2016,7,9,3,3,6,2,0,0,0,1,1,0,0,0,6.84421E+20,5.5358E+21,1.15706E+16,4.99461E+16
76564,76565,9,4,71,220,2016,7,11,6,3,2,6,0,0,0,1,0,0,0,0,6.18107E+20,5.51131E+21,1.06393E+16,4.97427E+16
76565,76566,9,3,72,150,2016,7,16,7,2,4,6,0,0,0,1,0,1,0,0,7.51857E+20,5.43986E+21,1.24478E+16,4.906E+16
76566,76567,9,3,76,161,2016,7,16,3,3,2,6,0,1,0,1,0,0,0,1,7.28834E+20,5.46989E+21,1.21503E+16,4.93387E+16
76567,76568,9,7,73,146,2016,7,14,7,1,4,6,0,0,0,1,0,1,1,0,6.14352E+20,5.39248E+21,1.05534E+16,4.86749E+16
76568,76569,9,7,61,0,2016,7,15,2,3,0,7,0,0,1,0,0,0,0,0,6.44119E+20,5.35891E+21,1.09459E+16,4.83669E+16
76569,76570,9,7,74,121,2016,7,12,5,3,5,3,0,0,1,1,0,0,0,0,6.04372E+20,5.36458E+21,1.04108E+16,4.84257E+16
76570,76571,9,1,88,113,2016,7,8,2,3,8,1,0,1,0,1,0,0,0,0,6.79432E+20,5.31166E+21,1.14024E+16,4.79331E+16
76571,76572,9,2,63,0,2016,7,8,2,3,1,6,0,0,0,1,0,0,0,1,7.62342E+20,5.41753E+21,1.25767E+16,4.88552E+16
76572,76573,9,4,75,123,2016,7,12,1,3,8,1,0,0,0,1,0,0,0,0,7.07712E+20,5.5846E+21,1.19214E+16,5.03768E+16
76573,76574,9,1,85,158,2016,7,12,7,3,8,1,0,0,0,1,0,0,0,0,6.63549E+20,5.37953E+21,1.12161E+16,4.85475E+16
76574,76575,9,6,63,0,2016,7,10,5,2,3,7,0,0,0,1,0,0,0,0,5.68467E+20,5.51688E+21,9.95143E+15,4.98005E+16
76575,76576,9,3,76,147,2016,7,16,5,3,2,6,0,1,0,1,0,0,1,0,7.46981E+20,5.47054E+21,1.24E+16,4.93376E+16
76576,76577,9,4,72,139,2016,7,17,6,3,2,1,0,0,0,1,0,0,0,0,6.92436E+20,5.55242E+21,1.16905E+16,5.00928E+16
76577,76578,9,6,77,154,2016,7,7,6,3,9,1,0,1,0,1,0,0,0,0,5.40516E+20,5.51566E+21,9.56291E+15,4.9792E+16
76578,76579,9,1,87,177,2016,7,16,1,3,1,6,0,0,0,1,0,1,0,0,7.38447E+20,5.30457E+21,1.21875E+16,4.78502E+16
76579,76580,9,3,73,147,2016,7,16,7,2,0,6,0,0,0,1,0,1,0,0,6.78759E+20,5.46354E+21,1.14588E+16,4.92985E+16
76580,76581,9,1,77,117,2016,7,7,3,3,2,6,0,0,0,0,0,1,0,1,7.05338E+20,5.35491E+21,1.17697E+16,4.83141E+16
76581,76582,9,1,76,120,2016,7,7,6,2,2,6,0,0,0,1,0,1,0,0,6.80831E+20,5.42405E+21,1.14696E+16,4.89429E+16
76582,76583,9,5,64,0,2016,7,17,3,3,2,6,0,0,0,1,0,0,0,0,6.50069E+20,5.46906E+21,1.10666E+16,4.93558E+16
76583,76584,9,5,64,0,2016,7,10,2,3,2,6,0,0,0,1,0,0,0,0,6.51197E+20,5.47338E+21,1.10837E+16,4.93944E+16
76584,76585,9,3,76,117,2016,7,10,7,2,5,2,0,0,0,1,0,1,0,0,7.45243E+20,5.46121E+21,1.23704E+16,4.92545E+16
76585,76586,9,2,75,154,2016,7,11,3,3,9,1,0,0,0,1,0,0,0,0,8.08557E+20,5.39459E+21,1.3188E+16,4.86282E+16
76586,76587,9,7,61,0,2016,7,20,7,3,3,7,0,0,0,1,0,0,0,0,6.41771E+20,5.36182E+21,1.09152E+16,4.83936E+16
76587,76588,9,6,72,143,2016,7,5,2,3,2,6,0,0,0,1,0,0,1,0,5.84211E+20,5.55727E+21,1.0179E+16,5.01616E+16
76588,76589,9,1,79,119,2016,7,17,2,3,2,6,0,1,0,1,0,0,0,0,6.69229E+20,5.34019E+21,1.12772E+16,4.81923E+16
76589,76590,9,7,72,202,2016,7,7,5,3,2,6,0,0,0,1,0,1,0,0,6.37338E+20,5.35865E+21,1.08543E+16,4.8366E+16
76590,76591,9,4,73,166,2016,7,15,1,3,2,6,0,1,0,1,0,0,0,0,6.51253E+20,5.56482E+21,1.11201E+16,5.02162E+16
76591,76592,9,1,86,158,2016,7,19,7,3,5,3,0,0,1,1,0,0,0,0,6.92441E+20,5.40501E+21,1.1619E+16,4.87683E+16
76592,76593,9,6,63,0,2016,7,6,5,2,2,6,0,1,0,1,0,0,1,0,5.65712E+20,5.51731E+21,9.91322E+15,4.98047E+16
76593,76594,9,6,79,170,2016,7,16,2,3,5,2,0,0,0,1,0,0,0,0,5.75508E+20,5.50241E+21,1.00465E+16,4.96695E+16
76594,76595,9,2,62,0,2016,7,16,2,3,2,2,0,0,0,1,0,0,0,0,8.30993E+20,5.38947E+21,1.34875E+16,4.85707E+16
76595,76596,9,4,78,145,2016,7,19,1,2,0,1,0,1,0,1,0,0,0,0,6.51476E+20,5.55803E+21,1.11205E+16,5.01551E+16
76596,76597,9,1,76,123,2016,7,10,7,3,0,6,0,0,1,1,0,0,0,0,6.58918E+20,5.41848E+21,1.11684E+16,4.88989E+16
76597,76598,9,6,79,170,2016,7,13,5,3,0,7,0,0,1,0,0,0,0,0,5.77091E+20,5.50173E+21,1.00683E+16,4.96632E+16
76598,76599,9,2,77,133,2016,7,19,2,2,1,7,0,0,1,1,0,0,0,0,7.67182E+20,5.36595E+21,1.26093E+16,4.839E+16
76599,76600,9,3,76,141,2016,7,17,5,3,2,7,0,0,0,1,0,0,0,0,7.25639E+20,5.4506E+21,1.20955E+16,4.91667E+16
76600,76601,9,1,73,118,2016,7,17,3,2,4,1,0,1,0,1,0,0,0,0,6.89739E+20,5.30415E+21,1.15369E+16,4.78626E+16
76601,76602,9,1,83,139,2016,7,7,6,3,2,6,0,0,0,1,0,0,0,0,7.37198E+20,5.33447E+21,1.21873E+16,4.81193E+16
76602,76603,9,4,72,127,2016,7,14,6,3,1,6,0,0,0,1,0,0,0,0,6.87824E+20,5.52688E+21,1.16136E+16,4.98648E+16
76603,76604,9,6,75,113,2016,7,16,6,3,0,1,0,0,0,0,0,1,0,0,5.78094E+20,5.50955E+21,1.00837E+16,4.97334E+16
76604,76605,9,1,87,148,2016,7,16,1,2,0,6,0,0,0,1,0,1,0,0,7.38824E+20,5.28002E+21,1.2179E+16,4.76295E+16
76605,76606,9,3,76,149,2016,7,17,7,2,8,1,0,0,0,0,0,1,0,0,7.3871E+20,5.45361E+21,1.22763E+16,4.91887E+16
76606,76607,9,7,72,157,2016,7,16,7,3,5,3,0,0,0,1,0,0,0,0,6.27335E+20,5.33569E+21,1.07124E+16,4.81617E+16
76607,76608,9,7,75,135,2016,7,16,2,3,4,2,0,0,1,1,0,0,0,0,5.74756E+20,5.36128E+21,1.001E+16,4.84003E+16
76608,76609,9,1,62,0,2016,7,13,2,3,5,2,0,1,1,0,0,0,1,0,6.89661E+20,5.34011E+21,1.15518E+16,4.81859E+16
76609,76610,9,1,74,143,2016,7,15,6,3,4,1,0,0,0,1,0,1,0,0,6.73486E+20,5.35647E+21,1.13411E+16,4.83376E+16
76610,76611,9,5,61,0,2016,7,12,3,3,2,6,0,0,0,1,0,0,0,0,6.15369E+20,5.46209E+21,1.05869E+16,4.93006E+16
76611,76612,9,5,71,181,2016,7,10,2,2,2,6,0,0,0,1,0,0,1,0,5.88097E+20,5.46999E+21,1.02136E+16,4.93763E+16
76612,76613,9,2,73,163,2016,7,14,3,3,8,1,0,1,0,1,0,0,0,0,7.0282E+20,5.3978E+21,1.17566E+16,4.87002E+16
76613,76614,9,1,74,115,2016,7,7,2,3,4,2,0,0,0,1,0,0,0,0,6.80043E+20,5.34802E+21,1.14259E+16,4.82598E+16
76614,76615,9,7,61,0,2016,7,17,5,3,3,6,0,0,0,1,0,0,0,0,6.39886E+20,5.35427E+21,1.08872E+16,4.83261E+16
76615,76616,9,4,76,145,2016,7,18,1,3,2,6,0,1,0,1,0,0,0,0,6.68558E+20,5.56747E+21,1.13636E+16,5.02354E+16
76616,76617,9,2,78,148,2016,7,5,5,1,4,1,0,0,0,1,0,0,1,0,7.40678E+20,5.40814E+21,1.22763E+16,4.87797E+16
76617,76618,9,1,76,112,2016,7,10,7,3,4,1,0,0,0,1,0,0,0,0,6.89123E+20,5.41677E+21,1.15794E+16,4.8875E+16
76618,76619,9,6,77,154,2016,7,19,5,3,5,3,0,0,0,1,0,0,0,0,5.44709E+20,5.51606E+21,9.62121E+15,4.97954E+16
76619,76620,9,6,79,193,2016,7,19,1,3,3,1,0,1,0,1,0,0,1,0,5.74506E+20,5.51109E+21,1.00342E+16,4.97476E+16
76620,76621,9,4,77,128,2016,7,19,6,3,2,6,0,0,0,1,0,0,0,0,6.75129E+20,5.55326E+21,1.14492E+16,5.01057E+16
76621,76622,9,1,87,132,2016,7,7,3,3,2,6,0,0,0,1,0,0,0,0,7.46536E+20,5.29979E+21,1.22927E+16,4.78042E+16
76622,76623,9,1,72,117,2016,7,18,6,3,9,6,0,1,1,0,0,0,0,0,7.97277E+20,5.28548E+21,1.29591E+16,4.76543E+16
76623,76624,9,4,71,185,2016,7,15,6,3,1,6,0,0,0,1,0,0,1,0,6.47E+20,5.5387E+21,1.10505E+16,4.99825E+16
76624,76625,9,6,75,141,2016,7,9,6,3,5,3,0,0,0,1,0,1,0,0,5.84622E+20,5.50945E+21,1.01743E+16,4.97316E+16
76625,76626,9,1,82,133,2016,7,16,1,2,0,1,0,0,1,0,0,0,0,0,7.07371E+20,5.31156E+21,1.1776E+16,4.79237E+16
76626,76627,9,2,78,192,2016,7,12,7,3,4,6,0,0,0,1,0,0,0,0,7.71881E+20,5.41401E+21,1.27041E+16,4.88195E+16
76627,76628,9,7,61,0,2016,7,0,7,2,0,1,2,0,1,0,0,0,0,0,6.41805E+20,5.35876E+21,1.09146E+16,4.83661E+16
76628,76629,9,2,78,192,2016,7,10,5,3,5,3,0,1,1,1,0,0,0,0,7.73324E+20,5.41523E+21,1.27245E+16,4.88298E+16
76629,76630,9,1,89,133,2016,7,13,3,3,2,6,0,1,0,1,0,0,0,0,7.57031E+20,5.32191E+21,1.24458E+16,4.79987E+16
76630,76631,9,1,89,118,2016,7,7,6,3,4,6,0,0,0,1,0,0,0,0,7.82311E+20,5.32023E+21,1.27829E+16,4.79731E+16
76631,76632,9,4,71,195,2016,7,14,6,3,8,1,0,0,0,1,0,0,0,0,6.40757E+20,5.52547E+21,1.09586E+16,4.98651E+16
76632,76633,9,6,77,148,2016,7,17,6,2,5,3,0,0,0,1,0,1,0,0,5.53052E+20,5.53856E+21,9.74021E+15,4.9997E+16
76633,76634,9,2,63,0,2016,7,9,7,3,7,7,0,0,1,0,1,0,0,0,7.61056E+20,5.41945E+21,1.25604E+16,4.8873E+16
76634,76635,9,7,71,114,2016,7,14,7,3,1,2,0,0,0,1,0,0,0,0,6.45204E+20,5.37513E+21,1.09661E+16,4.85125E+16
76635,76636,9,7,76,116,2016,7,15,2,3,5,3,0,0,1,1,0,0,0,0,5.52958E+20,5.26684E+21,9.70388E+15,4.75528E+16
76636,76637,9,1,78,123,2016,7,18,6,3,2,6,0,0,0,1,0,0,0,0,6.92548E+20,5.35896E+21,1.15992E+16,4.83545E+16
76637,76638,9,4,78,116,2016,7,9,2,3,2,6,0,0,0,1,0,0,0,0,6.6044E+20,5.55609E+21,1.12451E+16,5.01353E+16
76638,76639,9,1,74,115,2016,7,14,2,3,5,3,0,0,0,1,0,1,0,0,6.82348E+20,5.35066E+21,1.1458E+16,4.82828E+16
76639,76640,9,4,76,145,2016,7,18,1,3,2,6,0,1,0,1,0,0,0,0,6.68548E+20,5.56747E+21,1.13635E+16,5.02353E+16
76640,76641,9,2,71,141,2016,7,17,5,3,5,3,0,0,0,1,0,0,0,0,7.88585E+20,5.39861E+21,1.29204E+16,4.86737E+16
76641,76642,9,1,88,139,2016,7,14,7,3,2,6,0,0,0,1,0,0,0,0,6.74911E+20,5.31923E+21,1.1345E+16,4.80025E+16
76642,76643,9,6,77,155,2016,7,14,5,3,4,7,0,1,0,1,0,0,0,0,5.39144E+20,5.5411E+21,9.54643E+15,5.00209E+16
76643,76644,9,6,79,201,2016,7,23,1,3,3,7,2,0,0,1,0,0,1,0,5.71339E+20,5.52534E+21,9.99288E+15,4.98762E+16
76644,76645,9,4,71,195,2016,7,18,6,2,0,1,0,0,1,0,0,0,0,0,6.43899E+20,5.52603E+21,1.10025E+16,4.98693E+16
76645,76646,9,1,87,172,2016,7,23,1,3,9,1,2,0,0,1,0,0,0,0,7.425E+20,5.29673E+21,1.22372E+16,4.77783E+16
76646,76647,9,1,86,128,2016,7,19,3,3,2,6,0,0,0,1,0,0,0,0,6.79923E+20,5.38866E+21,1.14417E+16,4.86251E+16
76647,76648,9,1,63,0,2016,7,23,6,3,5,3,2,0,1,1,0,0,0,0,7.33733E+20,5.30369E+21,1.21241E+16,4.78441E+16
76648,76649,9,6,71,121,2016,7,18,3,2,4,2,0,0,0,1,0,0,0,0,5.12782E+20,5.53791E+21,9.17833E+15,4.99934E+16
76649,76650,9,4,75,158,2016,7,16,3,3,5,3,0,1,1,1,0,0,0,0,7.08467E+20,5.57153E+21,1.19248E+16,5.02591E+16
76650,76651,9,6,78,134,2016,7,16,6,2,4,6,0,0,0,1,0,0,1,1,5.96595E+20,5.53035E+21,1.03456E+16,4.99177E+16
76651,76652,9,2,75,137,2016,7,22,7,3,4,7,2,1,0,1,0,0,0,0,8.38568E+20,5.38986E+21,1.35901E+16,4.85702E+16
76652,76653,9,3,75,199,2016,7,19,3,3,9,1,0,1,0,1,0,0,0,0,7.21258E+20,5.43126E+21,1.20249E+16,4.89946E+16
76653,76654,9,6,63,0,2016,7,23,7,3,2,6,2,1,0,1,0,0,0,0,5.68274E+20,5.51167E+21,9.94783E+15,4.97536E+16
76654,76655,9,7,72,121,2016,7,20,2,3,5,3,0,0,0,1,0,0,0,0,6.3239E+20,5.37604E+21,1.0793E+16,4.85235E+16
76655,76656,9,7,64,0,2016,7,22,5,2,2,6,2,0,0,1,0,0,0,0,5.88369E+20,5.31286E+21,1.01838E+16,4.79629E+16
76656,76657,9,1,90,132,2016,7,6,2,3,9,1,0,1,0,1,0,0,0,0,6.75906E+20,5.29431E+21,1.13481E+16,4.77781E+16
76657,76658,9,3,61,0,2016,7,17,2,3,1,6,0,0,0,1,0,0,0,0,7.07935E+20,5.48072E+21,1.18686E+16,4.94436E+16
76658,76659,9,1,81,146,2016,7,11,7,3,5,6,0,0,0,1,0,0,0,0,6.48163E+20,5.32513E+21,1.09887E+16,4.80622E+16
76659,76660,9,6,77,165,2016,7,16,5,3,9,2,0,0,0,1,0,0,0,1,5.32679E+20,5.53767E+21,9.45589E+15,4.99905E+16
76660,76661,9,2,74,127,2016,7,14,2,3,2,6,0,0,0,1,0,0,1,0,7.36481E+20,5.39558E+21,1.22121E+16,4.86685E+16
76661,76662,9,7,79,111,2016,7,2,2,3,9,6,2,0,0,1,0,0,0,0,6.19326E+20,5.41176E+21,1.06265E+16,4.88473E+16
76662,76663,9,1,62,0,2016,7,19,5,3,1,5,0,0,1,1,0,0,0,0,6.86325E+20,5.33521E+21,1.15048E+16,4.81428E+16
76663,76664,9,1,80,124,2016,7,16,2,3,0,6,0,1,0,1,0,0,0,0,6.62019E+20,5.28192E+21,1.11583E+16,4.76703E+16
76664,76665,9,4,71,140,2016,7,16,2,3,2,6,0,0,0,1,0,0,0,0,6.36289E+20,5.53193E+21,1.08988E+16,4.99241E+16
76665,76666,9,2,73,152,2016,7,14,2,3,2,6,0,0,0,1,0,0,0,1,7.05714E+20,5.40734E+21,1.18006E+16,4.8785E+16
76666,76667,9,4,77,128,2016,7,15,1,2,4,6,0,1,0,1,0,0,0,0,6.78117E+20,5.55399E+21,1.14912E+16,5.01114E+16
76667,76668,9,2,71,119,2016,7,16,5,3,2,6,0,0,0,1,0,1,0,0,7.90604E+20,5.41551E+21,1.29596E+16,4.88245E+16
76668,76669,9,1,79,136,2016,7,18,7,3,2,6,0,0,0,1,0,0,0,0,6.61877E+20,5.34232E+21,1.11791E+16,4.82135E+16
76669,76670,9,6,77,203,2016,7,15,5,3,8,1,0,1,0,1,0,0,0,0,5.57898E+20,5.52773E+21,9.80619E+15,4.98991E+16
76670,76671,9,6,75,146,2016,7,6,1,3,8,1,1,0,0,1,0,0,0,0,5.79575E+20,5.51504E+21,1.01054E+16,4.97826E+16
76671,76672,9,3,74,165,2016,7,9,6,2,8,1,0,0,0,1,0,0,0,0,7.36137E+20,5.50667E+21,1.22726E+16,4.96663E+16
76672,76673,9,6,72,114,2016,7,13,6,3,1,6,0,0,0,1,0,0,0,1,5.76369E+20,5.56014E+21,1.00698E+16,5.01886E+16
76673,76674,9,1,61,0,2016,7,20,1,3,2,1,1,1,0,1,0,0,0,0,6.81725E+20,5.40062E+21,1.14714E+16,4.87321E+16
76674,76675,9,1,81,132,2016,7,16,3,3,2,6,0,1,0,1,0,0,0,0,6.46479E+20,5.32816E+21,1.09671E+16,4.80898E+16
76675,76676,9,1,61,0,2016,7,8,6,3,0,1,0,0,1,0,0,0,0,0,6.78145E+20,5.4084E+21,1.14261E+16,4.88031E+16
76676,76677,9,5,62,0,2016,7,14,3,3,5,3,0,0,1,1,0,0,0,0,6.41916E+20,5.4919E+21,1.09625E+16,4.9563E+16
76677,76678,9,4,74,126,2016,7,12,3,3,1,5,0,0,1,1,0,0,0,0,6.50381E+20,5.50899E+21,1.10861E+16,4.97146E+16
76678,76679,9,6,78,123,2016,7,17,6,3,3,6,0,0,0,1,0,0,0,1,5.85401E+20,5.55229E+21,1.01945E+16,5.01167E+16
76679,76680,9,2,75,124,2016,7,12,7,2,5,3,0,0,0,1,0,1,0,0,8.07388E+20,5.37362E+21,1.31567E+16,4.84405E+16
76680,76681,9,3,76,116,2016,7,14,3,3,2,6,0,0,0,1,0,0,0,0,7.41053E+20,5.463E+21,1.2314E+16,4.92722E+16
76681,76682,9,6,79,154,2016,7,1,7,2,2,6,2,1,0,1,0,0,0,0,5.63085E+20,5.51076E+21,9.87565E+15,4.9746E+16
76682,76683,9,6,79,154,2016,7,16,2,3,3,6,0,0,0,1,0,0,0,0,5.59506E+20,5.50909E+21,9.82573E+15,4.97314E+16
76683,76684,9,7,63,0,2016,7,5,5,3,3,7,0,0,1,1,0,0,0,0,5.96996E+20,5.28556E+21,1.02932E+16,4.77161E+16
76684,76685,9,1,90,158,2016,7,8,2,3,2,6,0,1,0,1,0,0,0,0,6.51336E+20,5.3042E+21,1.10238E+16,4.78733E+16
76685,76686,9,2,78,184,2016,7,18,2,2,8,7,0,0,0,0,0,1,0,0,7.79439E+20,5.43533E+21,1.28214E+16,4.90075E+16
76686,76687,9,4,74,146,2016,7,16,1,3,8,1,0,0,0,1,0,0,0,0,6.49244E+20,5.50135E+21,1.10674E+16,4.96462E+16
76687,76688,9,1,78,120,2016,7,13,7,3,2,6,0,0,0,1,0,0,0,0,6.94466E+20,5.35442E+21,1.1623E+16,4.8313E+16
76688,76689,9,6,77,114,2016,7,7,5,2,8,1,0,1,0,1,0,0,0,0,5.68292E+20,5.53895E+21,9.95289E+15,4.9999E+16
76689,76690,9,2,77,111,2016,7,7,2,3,1,6,0,0,0,1,0,0,0,1,7.79912E+20,5.38367E+21,1.27927E+16,4.85436E+16
76690,76691,9,2,71,119,2016,7,12,5,3,5,3,0,0,0,1,0,0,0,0,7.89337E+20,5.41532E+21,1.29423E+16,4.88234E+16
76691,76692,9,1,90,148,2016,7,18,3,2,1,6,0,0,1,1,0,0,0,0,6.4185E+20,5.2975E+21,1.08949E+16,4.78152E+16
76692,76693,9,1,90,126,2016,7,19,6,3,8,7,0,0,0,1,0,0,0,0,6.72536E+20,5.28931E+21,1.13012E+16,4.77341E+16
76693,76694,9,3,77,133,2016,7,20,6,3,8,1,1,0,0,1,0,0,0,0,7.10858E+20,5.53226E+21,1.19367E+16,4.99055E+16
76694,76695,9,6,76,169,2016,7,22,6,2,0,1,2,0,0,0,0,1,0,0,5.10302E+20,5.5165E+21,9.14315E+15,4.98008E+16
76695,76696,9,1,86,152,2016,7,4,1,3,8,1,2,0,0,1,0,0,0,0,6.90451E+20,5.37848E+21,1.15798E+16,4.85305E+16
76696,76697,9,2,72,120,2016,7,16,7,3,8,7,0,0,0,0,0,1,0,0,8.24586E+20,5.42271E+21,1.3427E+16,4.88722E+16
76697,76698,9,6,72,121,2016,7,8,7,3,8,1,0,1,0,1,0,0,0,0,5.68307E+20,5.55364E+21,9.95573E+15,5.01311E+16
76698,76699,9,1,84,114,2016,7,7,2,3,5,3,0,1,0,1,0,0,0,0,7.0267E+20,5.3181E+21,1.17162E+16,4.79841E+16
76699,76700,9,1,62,0,2016,7,11,2,3,2,6,0,0,0,1,0,0,0,1,6.90155E+20,5.33903E+21,1.1558E+16,4.81761E+16
76700,76701,9,1,74,126,2016,7,19,6,3,4,6,0,0,0,1,0,0,0,0,6.83456E+20,5.34414E+21,1.14701E+16,4.82239E+16
76701,76702,9,5,75,138,2016,7,18,3,3,0,6,0,1,0,1,0,0,0,0,6.09171E+20,5.497E+21,1.05113E+16,4.96157E+16
76702,76703,9,4,74,126,2016,7,14,1,3,4,6,0,0,0,1,0,1,0,0,6.52595E+20,5.51011E+21,1.11172E+16,4.97241E+16
76703,76704,9,2,77,152,2016,7,14,5,3,9,1,0,0,0,1,0,0,0,0,7.94114E+20,5.35948E+21,1.29677E+16,4.832E+16
76704,76705,9,1,77,117,2016,7,10,7,3,4,2,0,0,0,1,0,0,0,0,7.14486E+20,5.35543E+21,1.18932E+16,4.83156E+16
76705,76706,9,6,62,0,2016,7,13,5,3,4,2,0,0,1,1,0,0,0,0,5.87304E+20,5.54397E+21,1.02193E+16,5.00416E+16
76706,76707,9,6,74,133,2016,7,18,1,2,8,1,0,1,1,0,0,0,0,0,6.19417E+20,5.53641E+21,1.06652E+16,4.9968E+16
76707,76708,9,3,77,129,2016,7,18,6,3,5,3,0,0,0,1,0,0,0,1,7.07754E+20,5.52536E+21,1.18898E+16,4.98446E+16
76708,76709,9,6,76,139,2016,7,12,6,2,6,6,0,0,1,0,1,0,0,0,5.18627E+20,5.50645E+21,9.25836E+15,4.97103E+16
76709,76710,9,1,61,0,2016,7,15,1,3,1,3,0,0,1,1,0,0,0,0,6.7913E+20,5.40137E+21,1.14365E+16,4.87396E+16
76710,76711,9,2,72,139,2016,7,15,7,1,4,2,0,0,0,1,0,1,0,0,8.4354E+20,5.42364E+21,1.36854E+16,4.88704E+16
76711,76712,9,1,79,121,2016,7,7,3,3,2,3,0,0,0,1,0,0,1,0,6.66311E+20,5.33928E+21,1.12376E+16,4.8185E+16
76712,76713,9,1,86,158,2016,7,23,6,3,2,6,2,0,1,0,0,0,0,0,6.91441E+20,5.40289E+21,1.16045E+16,4.87496E+16
76713,76714,9,5,73,126,2016,7,10,3,2,2,6,0,0,0,1,0,0,0,0,6.37728E+20,5.48244E+21,1.09014E+16,4.9479E+16
76714,76715,9,3,62,0,2016,7,12,3,3,3,6,1,0,0,1,0,0,0,0,7.25269E+20,5.4355E+21,1.2082E+16,4.90311E+16
76715,76716,9,5,74,112,2016,7,12,2,3,3,2,0,0,1,1,0,0,0,0,6.71299E+20,5.47295E+21,1.13603E+16,4.93851E+16
76716,76717,9,2,74,185,2016,7,11,7,3,3,2,0,0,0,1,0,0,0,0,7.32409E+20,5.36986E+21,1.21425E+16,4.84389E+16
76717,76718,9,2,71,119,2016,7,16,3,3,1,6,0,0,0,1,0,0,0,0,7.89802E+20,5.41643E+21,1.29494E+16,4.88331E+16
76718,76719,9,6,72,114,2016,7,18,7,3,8,1,0,0,0,1,0,0,0,0,5.77178E+20,5.55893E+21,1.00809E+16,5.01776E+16
76719,76720,9,6,75,178,2016,7,15,2,3,4,6,0,0,0,1,0,0,1,0,5.91989E+20,5.51804E+21,1.02785E+16,4.98078E+16
76720,76721,9,3,77,158,2016,7,9,1,3,2,2,0,0,0,1,0,1,0,0,7.36267E+20,5.54388E+21,1.22971E+16,5.00003E+16
76721,76722,9,1,77,139,2016,7,18,7,3,2,6,0,0,0,1,0,0,0,0,7.32467E+20,5.35895E+21,1.21373E+16,4.83409E+16
76722,76723,9,6,73,170,2016,7,16,5,3,8,1,0,0,0,1,0,0,0,0,5.91715E+20,5.5893E+21,1.02918E+16,5.04485E+16
76723,76724,9,2,62,0,2016,7,13,5,3,0,6,0,0,0,0,0,1,0,0,8.27898E+20,5.38971E+21,1.34458E+16,4.85745E+16
76724,76725,9,1,73,145,2016,7,18,3,3,5,3,0,1,0,1,0,0,0,0,6.89937E+20,5.29178E+21,1.15341E+16,4.77514E+16
76725,76726,9,1,89,155,2016,7,9,6,3,4,6,0,0,1,1,0,0,0,0,7.71469E+20,5.30792E+21,1.26302E+16,4.78672E+16
76726,76727,9,3,62,0,2016,7,22,6,3,5,3,2,0,0,1,0,1,0,0,7.29163E+20,5.43182E+21,1.21331E+16,4.89967E+16
76727,76728,9,6,71,130,2016,7,15,6,3,2,6,0,0,0,1,0,0,0,0,5.16135E+20,5.53896E+21,9.22515E+15,5.00027E+16
76728,76729,9,1,86,122,2016,7,15,1,3,0,1,0,0,1,0,0,0,0,0,6.92264E+20,5.39608E+21,1.16125E+16,4.86881E+16
76729,76730,9,2,74,172,2016,7,11,7,2,4,6,0,0,0,1,0,0,0,0,7.16141E+20,5.39526E+21,1.1936E+16,4.86729E+16
76730,76731,9,6,72,135,2016,7,5,7,3,8,7,1,0,0,1,0,0,0,0,5.81879E+20,5.56715E+21,1.01485E+16,5.02508E+16
76731,76732,9,7,64,0,2016,7,7,2,3,0,1,0,1,0,0,0,1,0,0,5.87965E+20,5.31644E+21,1.01791E+16,4.79952E+16
76732,76733,9,1,75,111,2016,7,5,6,3,9,1,0,0,0,1,0,0,0,0,7.13615E+20,5.3385E+21,1.18729E+16,4.81638E+16
76733,76734,9,4,79,136,2016,7,13,2,3,1,6,0,0,0,1,0,0,0,0,7.20281E+20,5.5429E+21,1.20738E+16,4.99977E+16
76734,76735,9,2,73,111,2016,7,10,3,3,5,3,0,0,1,1,0,0,0,0,7.08705E+20,5.41131E+21,1.18433E+16,4.88196E+16
76735,76736,9,1,74,131,2016,7,14,2,3,5,3,0,0,0,1,0,1,0,0,6.76348E+20,5.35857E+21,1.13805E+16,4.83557E+16
76736,76737,9,7,72,148,2016,7,14,5,3,2,6,0,1,0,1,0,0,0,0,6.28251E+20,5.3544E+21,1.07304E+16,4.83297E+16
76737,76738,9,3,73,167,2016,7,17,1,3,8,1,0,1,0,1,0,0,0,0,6.90635E+20,5.45838E+21,1.16195E+16,4.92485E+16