FID,OBJECTID,ULAND,UREGBEZ,UKREIS,UGEMEINDE,UJAHR,UMONAT,USTUNDE,UWOCHENTAG,UKATEGORIE,UART,UTYP1,ULICHTVERH,IstStrasse,IstRad,IstPKW,IstFuss,IstKrad,IstGkfz,IstSonstig,LINREFX,LINREFY,XGCSWGS84,YGCSWGS84
76738,76739,9,2,62,0,2016,7,12,5,3,3,6,0,0,0,1,0,0,1,0,8.29267E+20,5.39011E+21,1.34646E+16,4.85774E+16
76739,76740,9,5,64,0,2016,7,12,2,3,0,6,0,0,0,1,0,1,0,0,6.47928E+20,5.48012E+21,1.10412E+16,4.94557E+16
76740,76741,9,2,75,141,2016,7,16,3,3,2,6,0,0,0,1,0,0,0,0,8.1906E+20,5.36964E+21,1.3311E+16,4.83991E+16
76741,76742,9,6,78,181,2016,7,13,7,3,9,1,0,0,0,1,0,0,0,0,5.99647E+20,5.55938E+21,1.03956E+16,5.01783E+16
76742,76743,9,6,78,192,2016,7,13,2,3,5,3,0,0,0,1,0,0,0,1,5.71545E+20,5.54488E+21,9.99938E+15,5.00519E+16
76743,76744,9,1,77,126,2016,7,10,2,3,2,7,0,0,0,1,0,0,0,0,7.16057E+20,5.36684E+21,1.19202E+16,4.84177E+16
76744,76745,9,7,72,216,2016,7,7,5,3,5,3,0,1,1,1,0,0,0,0,6.22742E+20,5.36823E+21,1.06601E+16,4.84552E+16
76745,76746,9,3,72,124,2016,7,16,1,2,8,1,0,0,0,0,0,1,0,0,7.84194E+20,5.46604E+21,1.2908E+16,4.92809E+16
76746,76747,9,1,62,0,2016,7,15,6,3,1,3,0,0,1,1,0,0,0,0,6.83882E+20,5.33542E+21,1.14721E+16,4.81454E+16
76747,76748,9,6,74,171,2016,7,6,5,3,8,1,0,0,0,1,0,0,0,0,6.20688E+20,5.55889E+21,1.069E+16,5.01699E+16
76748,76749,9,3,75,117,2016,7,11,6,3,2,6,0,0,0,1,0,0,0,0,7.34129E+20,5.43225E+21,1.22011E+16,4.89987E+16
76749,76750,9,2,72,138,2016,7,0,5,2,7,7,2,0,0,0,0,1,0,0,8.26964E+20,5.4116E+21,1.34505E+16,4.87714E+16
76750,76751,9,1,72,111,2016,7,7,3,3,0,1,0,0,1,0,0,0,0,0,7.96302E+20,5.30449E+21,1.29591E+16,4.78254E+16
76751,76752,9,1,72,111,2016,7,16,6,2,2,6,0,0,0,1,0,1,0,0,7.96609E+20,5.30436E+21,1.29631E+16,4.78242E+16
76752,76753,9,3,75,181,2016,7,22,6,3,2,6,2,0,0,1,0,0,0,0,7.2187E+20,5.43435E+21,1.20349E+16,4.90221E+16
76753,76754,9,6,71,111,2016,7,11,6,3,2,6,0,0,0,1,0,0,0,0,5.0363E+20,5.54973E+21,9.05075E+15,5.00998E+16
76754,76755,9,2,73,147,2016,7,9,7,2,3,2,0,0,0,1,0,1,0,0,7.05202E+20,5.3929E+21,1.17865E+16,4.86555E+16
76755,76756,9,6,61,0,2016,7,20,7,3,8,1,1,1,0,1,0,0,0,0,5.11159E+20,5.53772E+21,9.15568E+15,4.99917E+16
76756,76757,9,7,77,159,2016,7,8,2,3,6,4,0,0,0,1,1,0,0,0,6.17289E+20,5.2712E+21,1.05598E+16,4.75836E+16
76757,76758,9,1,77,117,2016,7,16,6,3,3,6,0,0,1,1,0,0,0,0,7.16181E+20,5.35213E+21,1.19143E+16,4.82854E+16
76758,76759,9,1,89,154,2016,7,16,2,3,0,6,0,0,1,0,1,0,0,0,7.68621E+20,5.31753E+21,1.25981E+16,4.79547E+16
76759,76760,9,4,62,0,2016,7,7,2,3,3,6,0,0,0,0,0,1,1,0,6.87098E+20,5.53791E+21,1.16089E+16,4.99642E+16
76760,76761,9,1,78,150,2016,7,20,2,3,4,6,0,0,0,1,0,0,0,0,6.90596E+20,5.37155E+21,1.15786E+16,4.84682E+16
76761,76762,9,2,73,152,2016,7,19,2,3,9,6,0,0,0,1,0,0,0,0,7.00783E+20,5.40479E+21,1.17323E+16,4.87637E+16
76762,76763,9,3,73,155,2016,7,13,1,3,5,3,0,0,0,1,0,0,0,0,6.71138E+20,5.46489E+21,1.13547E+16,4.93127E+16
76763,76764,9,2,74,111,2016,7,13,5,2,8,1,0,0,0,0,0,1,0,0,7.47826E+20,5.38021E+21,1.23568E+16,4.8526E+16
76764,76765,9,1,84,142,2016,7,16,6,3,0,7,0,0,0,0,0,1,0,0,6.83828E+20,5.31741E+21,1.14636E+16,4.79835E+16
76765,76766,9,6,62,0,2016,7,18,5,3,3,6,0,0,0,1,0,0,0,0,5.87446E+20,5.54346E+21,1.02211E+16,5.0037E+16
76766,76767,9,6,74,201,2016,7,17,1,3,2,6,0,1,0,1,0,0,0,0,6.23208E+20,5.5369E+21,1.07182E+16,4.99717E+16
76767,76768,9,3,73,167,2016,7,6,6,3,9,1,0,0,0,1,0,0,0,0,6.94312E+20,5.45581E+21,1.16688E+16,4.92242E+16
76768,76769,9,5,72,131,2016,7,0,6,3,8,1,2,0,0,1,0,0,0,0,6.55208E+20,5.4848E+21,1.11434E+16,4.9496E+16
76769,76770,9,1,76,123,2016,7,17,1,1,4,6,0,0,0,1,0,1,0,0,6.62338E+20,5.41926E+21,1.12153E+16,4.8905E+16
76770,76771,9,1,76,111,2016,7,20,3,2,0,3,1,0,0,1,0,0,0,0,6.6333E+20,5.4142E+21,1.12269E+16,4.88593E+16
76771,76772,9,1,87,172,2016,7,13,6,3,0,1,0,0,0,0,0,1,0,0,7.42323E+20,5.29701E+21,1.2235E+16,4.77808E+16
76772,76773,9,5,62,0,2016,7,19,3,2,8,1,0,1,0,1,0,0,0,0,6.43822E+20,5.49166E+21,1.09888E+16,4.95604E+16
76773,76774,9,4,62,0,2016,7,17,3,3,0,7,0,1,0,1,0,1,0,0,6.83299E+20,5.53476E+21,1.15545E+16,4.99371E+16
76774,76775,9,5,72,135,2016,7,17,6,3,2,6,0,0,0,1,0,0,0,1,6.49455E+20,5.48813E+21,1.10653E+16,4.95273E+16
76775,76776,9,1,62,0,2016,7,19,6,3,3,6,1,0,0,0,0,1,0,0,6.91664E+20,5.33927E+21,1.15783E+16,4.81777E+16
76776,76777,9,6,78,193,2016,7,16,5,3,2,6,0,0,0,1,0,0,0,0,5.77429E+20,5.53342E+21,1.00793E+16,4.99481E+16
76777,76778,9,6,72,136,2016,7,18,1,3,8,1,0,1,0,1,0,0,0,0,5.79491E+20,5.56321E+21,1.01142E+16,5.02157E+16
76778,76779,9,3,73,121,2016,7,19,6,2,9,1,0,0,0,0,0,1,0,0,6.86496E+20,5.43587E+21,1.15523E+16,4.90475E+16
76779,76780,9,1,76,137,2016,7,1,1,3,1,5,2,1,1,1,0,0,0,0,6.73911E+20,5.43005E+21,1.13777E+16,4.89988E+16
76780,76781,9,1,82,125,2016,7,16,3,2,2,6,0,1,0,1,0,0,0,0,7.09533E+20,5.29613E+21,1.17974E+16,4.77845E+16
76781,76782,9,1,72,115,2016,7,10,6,3,8,1,0,0,0,1,0,0,0,0,7.94839E+20,5.29103E+21,1.29305E+16,4.77053E+16
76782,76783,9,6,76,141,2016,7,13,3,3,4,6,0,0,0,1,0,0,0,0,5.14824E+20,5.51457E+21,9.20592E+15,4.97834E+16
76783,76784,9,5,62,0,2016,7,12,6,3,2,6,0,0,0,1,0,0,0,0,6.43919E+20,5.49471E+21,1.09913E+16,4.95878E+16
76784,76785,9,1,79,142,2016,7,4,1,3,0,1,2,1,1,0,0,0,0,0,6.74861E+20,5.34094E+21,1.13532E+16,4.81976E+16
76785,76786,9,2,61,0,2016,7,12,7,3,2,6,0,0,0,1,0,0,0,0,7.33279E+20,5.38088E+21,1.21604E+16,4.85376E+16
76786,76787,9,6,61,0,2016,7,21,7,3,2,1,1,1,0,1,0,0,0,0,5.08827E+20,5.53813E+21,9.12316E+15,4.99954E+16
76787,76788,9,7,72,147,2016,7,6,2,2,9,7,0,0,0,1,0,0,0,0,6.35897E+20,5.36428E+21,1.08367E+16,4.8417E+16
76788,76789,9,1,84,136,2016,7,9,5,3,1,6,0,1,0,1,0,0,0,1,6.99156E+20,5.32737E+21,1.16734E+16,4.80685E+16
76789,76790,9,1,72,116,2016,7,17,2,2,9,1,0,1,0,1,0,0,0,0,8.02617E+20,5.28479E+21,1.30296E+16,4.76457E+16
76790,76791,9,3,74,170,2016,7,14,2,3,4,6,0,0,0,1,0,0,1,0,7.31708E+20,5.50565E+21,1.22107E+16,4.96588E+16
76791,76792,9,2,73,147,2016,7,11,2,3,5,3,0,0,0,0,0,0,1,1,7.04711E+20,5.3905E+21,1.17786E+16,4.8634E+16
76792,76793,9,2,78,144,2016,7,0,1,3,2,1,2,0,0,1,0,0,0,0,7.44194E+20,5.41042E+21,1.23255E+16,4.87988E+16
76793,76794,9,2,74,132,2016,7,19,5,3,9,1,0,0,0,1,0,0,0,0,7.23963E+20,5.38637E+21,1.20374E+16,4.85904E+16
76794,76795,9,1,62,0,2016,7,11,6,3,2,6,0,0,0,1,0,0,0,0,6.9925E+20,5.33303E+21,1.16774E+16,4.81193E+16
76795,76796,9,6,62,0,2016,7,21,5,2,4,6,2,0,0,1,0,0,0,0,5.85599E+20,5.54519E+21,1.01957E+16,5.00529E+16
76796,76797,9,6,72,113,2016,7,19,1,3,1,7,0,1,0,1,0,0,0,0,5.53403E+20,5.57237E+21,9.74985E+15,5.03011E+16
76797,76798,9,3,73,155,2016,7,23,6,3,6,7,2,0,0,1,1,0,0,0,6.71774E+20,5.46249E+21,1.13624E+16,4.9291E+16
76798,76799,9,5,76,151,2016,7,5,6,2,2,6,0,0,0,1,0,0,1,0,6.59951E+20,5.46975E+21,1.12028E+16,4.93595E+16
76799,76800,9,1,81,127,2016,7,2,1,3,8,1,2,1,0,1,0,0,0,0,6.36446E+20,5.32636E+21,1.08319E+16,4.80759E+16
76800,76801,9,1,81,143,2016,7,7,3,3,8,6,0,0,0,1,0,0,0,0,6.38332E+20,5.31606E+21,1.08538E+16,4.79829E+16
76801,76802,9,1,61,0,2016,7,15,6,3,2,6,0,0,0,1,0,0,0,0,6.6732E+20,5.40379E+21,1.1277E+16,4.87646E+16
76802,76803,9,5,62,0,2016,7,18,3,3,2,6,0,1,0,1,0,0,0,1,6.47585E+20,5.49556E+21,1.10423E+16,4.95946E+16
76803,76804,9,3,63,0,2016,7,10,3,3,2,2,0,0,0,1,0,1,0,0,7.27882E+20,5.50965E+21,1.21601E+16,4.96962E+16
76804,76805,9,5,62,0,2016,7,14,2,3,2,6,0,0,0,1,0,1,0,0,6.43509E+20,5.49413E+21,1.09854E+16,4.95827E+16
76805,76806,9,1,80,114,2016,7,10,7,3,2,6,0,0,0,1,0,0,0,0,6.63065E+20,5.27208E+21,1.11686E+16,4.75816E+16
76806,76807,9,2,71,132,2016,7,16,3,3,8,3,0,0,0,1,0,0,0,1,7.88537E+20,5.42012E+21,1.29348E+16,4.88668E+16
76807,76808,9,6,71,119,2016,7,12,7,3,5,3,0,0,0,1,0,1,0,0,5.15804E+20,5.55385E+21,9.22115E+15,5.01366E+16
76808,76809,9,6,63,0,2016,7,17,2,2,4,1,0,1,0,1,0,0,0,0,5.68282E+20,5.51006E+21,9.94765E+15,4.97392E+16
76809,76810,9,7,62,0,2016,7,21,5,2,0,1,1,0,1,0,0,0,0,0,6.21319E+20,5.30445E+21,1.06227E+16,4.78819E+16
76810,76811,9,2,75,144,2016,7,19,2,3,4,6,0,1,0,1,0,0,0,0,8.26015E+20,5.3987E+21,1.34274E+16,4.86561E+16
76811,76812,9,2,71,153,2016,7,23,1,2,8,1,2,0,0,0,0,1,0,0,8.03408E+20,5.40187E+21,1.31236E+16,4.8696E+16
76812,76813,9,1,84,147,2016,7,13,6,3,0,6,0,0,0,1,0,1,0,0,6.95987E+20,5.33955E+21,1.16366E+16,4.81789E+16
76813,76814,9,6,71,114,2016,7,11,5,3,0,1,0,1,0,0,0,0,0,1,4.99989E+20,5.54419E+21,8.99985E+15,5.005E+16
76814,76815,9,1,80,117,2016,7,15,7,3,5,2,0,1,0,1,0,1,0,0,6.58659E+20,5.26214E+21,1.11064E+16,4.74933E+16
76815,76816,9,3,72,117,2016,7,18,3,3,2,6,0,1,0,1,0,0,0,1,7.71844E+20,5.45707E+21,1.27324E+16,4.9206E+16
76816,76817,9,5,74,112,2016,7,1,7,3,2,6,2,0,0,1,0,0,1,0,6.72766E+20,5.47464E+21,1.13813E+16,4.93999E+16
76817,76818,9,7,71,122,2016,7,11,2,2,8,1,0,0,0,0,0,1,0,0,6.52013E+20,5.35999E+21,1.10528E+16,4.83747E+16
76818,76819,9,7,78,150,2016,7,15,5,3,5,3,0,0,0,1,0,0,0,0,5.84251E+20,5.3208E+21,1.01302E+16,4.80349E+16
76819,76820,9,1,82,125,2016,7,12,2,3,6,2,0,0,0,1,1,0,0,0,7.12618E+20,5.29673E+21,1.18388E+16,4.77888E+16
76820,76821,9,3,71,154,2016,7,10,2,3,3,6,0,0,1,1,0,0,0,0,6.98068E+20,5.47534E+21,1.173E+16,4.93985E+16
76821,76822,9,2,71,148,2016,7,17,1,3,8,1,0,0,0,0,0,1,0,0,7.99796E+20,5.42157E+21,1.3089E+16,4.88745E+16
76822,76823,9,7,75,164,2016,7,22,6,3,7,7,2,0,0,1,0,0,0,0,5.83505E+20,5.35156E+21,1.01262E+16,4.83117E+16
76823,76824,9,5,62,0,2016,7,6,5,3,9,1,1,1,0,1,0,0,0,0,6.39139E+20,5.49728E+21,1.09261E+16,4.9612E+16
76824,76825,9,2,74,172,2016,7,20,5,2,9,1,2,1,0,1,0,0,0,0,7.14998E+20,5.39649E+21,1.19212E+16,4.86844E+16
76825,76826,9,7,78,113,2016,7,11,6,1,2,6,0,0,0,1,0,1,0,0,6.12865E+20,5.31922E+21,1.05135E+16,4.80163E+16
76826,76827,9,5,76,151,2016,7,22,5,1,2,6,2,0,0,1,0,0,0,0,6.54036E+20,5.47265E+21,1.11225E+16,4.93871E+16
76827,76828,9,3,72,113,2016,7,15,6,2,9,1,0,0,0,0,0,1,0,0,7.92089E+20,5.45566E+21,1.30087E+16,4.91841E+16
76828,76829,9,5,74,138,2016,7,17,6,3,2,6,0,0,0,1,0,0,0,0,6.66544E+20,5.48698E+21,1.13008E+16,4.95125E+16
76829,76830,9,1,81,145,2016,7,18,1,3,5,3,0,0,0,1,0,1,0,0,6.47164E+20,5.33071E+21,1.09772E+16,4.81126E+16
76830,76831,9,1,80,117,2016,7,14,7,2,7,1,0,1,1,0,0,0,0,0,6.58751E+20,5.262E+21,1.11076E+16,4.74921E+16
76831,76832,9,1,75,133,2016,7,6,3,2,5,3,0,0,1,1,0,0,0,0,7.08008E+20,5.3424E+21,1.17995E+16,4.82007E+16
76832,76833,9,1,76,112,2016,7,10,6,3,0,1,0,0,0,0,0,0,1,0,6.93364E+20,5.41871E+21,1.1638E+16,4.88912E+16
76833,76834,9,5,64,0,2016,7,14,3,3,5,2,0,1,1,1,0,0,0,0,6.513E+20,5.47726E+21,1.10866E+16,4.94292E+16
76834,76835,9,5,63,0,2016,7,14,2,3,2,6,0,1,0,1,0,1,0,0,6.43987E+20,5.4817E+21,1.09874E+16,4.94708E+16
76835,76836,9,1,73,145,2016,7,12,7,2,4,6,0,0,0,1,0,1,0,0,6.88609E+20,5.29138E+21,1.15163E+16,4.77482E+16
76836,76837,9,2,75,154,2016,7,14,3,3,2,6,0,0,0,1,0,0,0,0,8.07373E+20,5.39606E+21,1.3173E+16,4.86419E+16
76837,76838,9,5,76,143,2016,7,15,7,2,2,7,0,0,0,1,0,0,0,0,6.51325E+20,5.46002E+21,1.10804E+16,4.92742E+16
76838,76839,9,6,72,121,2016,7,21,2,2,2,6,2,0,0,1,0,0,0,0,5.68812E+20,5.55679E+21,9.96336E+15,5.01593E+16
76839,76840,9,1,75,112,2016,7,20,2,2,8,1,2,1,0,1,0,0,0,0,7.21483E+20,5.31926E+21,1.19686E+16,4.79882E+16
76840,76841,9,7,72,211,2016,7,7,5,3,2,6,0,1,0,1,0,0,0,0,6.22653E+20,5.35301E+21,1.06545E+16,4.83184E+16
76841,76842,9,2,71,127,2016,7,5,1,2,8,1,1,0,0,1,0,0,0,0,8.05508E+20,5.40464E+21,1.31541E+16,4.87198E+16
76842,76843,9,7,64,0,2016,7,19,6,3,0,1,0,0,1,0,0,0,0,0,5.88208E+20,5.31451E+21,1.0182E+16,4.79778E+16
76843,76844,9,5,62,0,2016,7,19,5,3,5,3,0,0,1,1,0,0,0,0,6.42242E+20,5.49439E+21,1.0968E+16,4.95854E+16
76844,76845,9,1,90,139,2016,7,15,5,2,2,6,0,0,0,1,0,1,0,0,6.57168E+20,5.29744E+21,1.10993E+16,4.78111E+16
76845,76846,9,1,89,157,2016,7,17,3,3,4,6,0,0,0,1,0,0,0,0,7.66113E+20,5.32519E+21,1.25693E+16,4.80245E+16
76846,76847,9,1,83,134,2016,7,16,6,3,5,2,0,0,1,1,0,0,0,0,7.61697E+20,5.3415E+21,1.25202E+16,4.81728E+16
76847,76848,9,3,71,127,2016,7,17,6,2,5,3,0,0,0,0,0,1,0,1,7.1369E+20,5.49117E+21,1.19535E+16,4.95354E+16
76848,76849,9,5,72,158,2016,7,18,6,3,0,1,0,0,1,0,0,0,0,0,6.51582E+20,5.49574E+21,1.10976E+16,4.95952E+16
76849,76850,9,1,88,120,2016,7,10,1,3,0,1,0,0,1,0,0,0,0,0,6.76478E+20,5.32538E+21,1.13685E+16,4.80572E+16
76850,76851,9,1,72,112,2016,7,16,7,3,8,1,0,0,0,0,0,0,0,1,7.89151E+20,5.30083E+21,1.28613E+16,4.77958E+16
76851,76852,9,1,73,137,2016,7,20,5,3,5,3,0,0,1,1,0,0,0,0,6.76762E+20,5.30829E+21,1.13653E+16,4.79036E+16
76852,76853,9,1,80,124,2016,7,9,3,3,0,1,0,0,1,0,0,0,0,0,6.65327E+20,5.28236E+21,1.12025E+16,4.76734E+16
76853,76854,9,1,71,137,2016,7,12,6,3,2,6,0,0,0,1,0,0,0,1,7.73749E+20,5.3509E+21,1.26881E+16,4.82521E+16
76854,76855,9,2,71,125,2016,7,21,6,3,4,2,0,0,0,1,0,0,0,0,7.97049E+20,5.40995E+21,1.30432E+16,4.87715E+16
76855,76856,9,5,74,138,2016,7,12,6,2,1,6,0,0,0,1,0,0,0,0,6.6541E+20,5.4847E+21,1.12842E+16,4.94924E+16
76856,76857,9,1,78,124,2016,7,20,1,3,2,6,0,0,1,1,0,0,0,0,7.0398E+20,5.36492E+21,1.17562E+16,4.84044E+16
76857,76858,9,5,74,156,2016,7,21,7,3,8,1,2,0,0,1,0,0,0,0,6.61369E+20,5.48166E+21,1.12272E+16,4.94661E+16
76858,76859,9,7,75,164,2016,7,18,2,3,8,1,0,0,0,1,0,0,0,1,5.84343E+20,5.34951E+21,1.01371E+16,4.82931E+16
76859,76860,9,1,62,0,2016,7,14,2,3,3,7,0,0,0,1,0,0,0,0,6.85389E+20,5.33533E+21,1.14923E+16,4.81441E+16
76860,76861,9,1,74,141,2016,7,10,6,3,5,3,0,0,0,1,0,0,0,0,6.8307E+20,5.35571E+21,1.147E+16,4.8328E+16
76861,76862,9,5,75,155,2016,7,13,3,2,2,6,0,0,0,1,0,1,0,0,5.80731E+20,5.49696E+21,1.01177E+16,4.96198E+16
76862,76863,9,5,77,158,2016,7,4,2,3,0,1,2,0,1,0,1,0,0,0,6.44492E+20,5.42178E+21,1.09729E+16,4.89321E+16
76863,76864,9,2,71,146,2016,7,17,4,3,8,1,0,1,0,1,0,0,0,0,7.85632E+20,5.41247E+21,1.28899E+16,4.87996E+16
76864,76865,9,5,74,138,2016,7,10,7,3,4,6,0,0,0,1,0,1,0,0,6.65637E+20,5.48532E+21,1.12876E+16,4.94978E+16
76865,76866,9,6,61,0,2016,7,7,2,3,0,1,0,0,0,0,0,1,0,0,5.10225E+20,5.53484E+21,9.14258E+15,4.99658E+16
76866,76867,9,7,74,143,2016,7,13,1,3,0,6,0,0,0,1,0,0,0,0,5.94142E+20,5.35827E+21,1.02712E+16,4.83706E+16
76867,76868,9,7,72,207,2016,7,7,5,1,4,1,0,1,0,1,0,0,1,1,6.40832E+20,5.37976E+21,1.09085E+16,4.85551E+16
76868,76869,9,2,75,137,2016,7,17,1,3,0,7,0,0,1,0,0,0,0,0,8.42505E+20,5.38822E+21,1.3642E+16,4.85534E+16
76869,76870,9,1,90,142,2016,7,15,5,2,4,6,0,0,0,1,0,0,1,0,6.61074E+20,5.29798E+21,1.11517E+16,4.7815E+16
76870,76871,9,7,74,135,2016,7,13,6,2,0,3,0,0,0,1,0,1,0,0,5.95407E+20,5.36676E+21,1.02902E+16,4.84467E+16
76871,76872,9,5,72,121,2016,7,10,5,3,2,6,0,1,0,1,0,0,0,1,6.58309E+20,5.49382E+21,1.11898E+16,4.95762E+16
76872,76873,9,6,76,121,2016,7,15,1,2,9,1,0,0,0,0,0,1,0,0,5.12649E+20,5.52226E+21,9.17596E+15,4.98527E+16
76873,76874,9,2,76,144,2016,7,18,6,3,9,1,0,0,0,0,0,1,0,0,7.83572E+20,5.44828E+21,1.28869E+16,4.91218E+16
76874,76875,9,1,82,137,2016,7,4,3,2,2,6,2,0,0,1,0,0,1,0,7.10856E+20,5.30523E+21,1.18195E+16,4.78657E+16
76875,76876,9,1,71,134,2016,7,15,6,2,4,6,0,0,0,1,0,0,0,0,7.74592E+20,5.32909E+21,1.26853E+16,4.8056E+16
76876,76877,9,2,63,0,2016,7,7,6,3,5,3,0,0,0,1,0,0,0,0,7.58974E+20,5.4205E+21,1.25327E+16,4.88833E+16
76877,76878,9,5,76,127,2016,7,17,6,3,5,2,0,0,1,1,0,0,0,0,6.58386E+20,5.44716E+21,1.11723E+16,4.91568E+16
76878,76879,9,1,75,136,2016,7,23,1,3,8,1,2,0,0,0,0,1,0,0,7.27841E+20,5.31884E+21,1.20534E+16,4.79822E+16
76879,76880,9,1,83,148,2016,7,5,7,2,9,1,0,0,0,0,0,1,0,0,7.52736E+20,5.34368E+21,1.24012E+16,4.8196E+16
76880,76881,9,5,64,0,2016,7,21,7,2,5,2,0,0,0,1,1,0,0,0,6.52386E+20,5.48118E+21,1.11031E+16,4.94641E+16
76881,76882,9,7,77,177,2016,7,6,2,3,9,1,0,1,0,1,0,0,0,0,6.34825E+20,5.3161E+21,1.08069E+16,4.7984E+16
76882,76883,9,1,62,0,2016,7,10,5,3,2,6,0,1,0,1,0,0,0,0,6.9168E+20,5.3317E+21,1.15751E+16,4.81097E+16
76883,76884,9,1,82,120,2016,7,17,2,3,6,4,0,0,0,1,1,0,0,0,7.02008E+20,5.30644E+21,1.17019E+16,4.78795E+16
76884,76885,9,4,74,123,2016,7,3,2,3,0,3,2,0,0,1,0,0,1,0,6.46174E+20,5.5151E+21,1.10301E+16,4.97706E+16
76885,76886,9,5,64,0,2016,7,14,7,3,2,6,0,0,0,1,0,0,0,0,6.53959E+20,5.47803E+21,1.11236E+16,4.94354E+16
76886,76887,9,7,76,127,2016,7,15,2,3,5,3,0,0,0,1,0,0,0,0,5.75662E+20,5.27343E+21,1.00067E+16,4.76099E+16
76887,76888,9,1,78,120,2016,7,12,6,2,2,6,0,0,0,1,0,0,0,0,6.95989E+20,5.35063E+21,1.16417E+16,4.82785E+16
76888,76889,9,4,63,0,2016,7,15,2,3,2,6,0,0,0,1,0,0,0,0,6.39733E+20,5.56806E+21,1.09599E+16,5.02482E+16
76889,76890,9,7,80,120,2016,7,20,1,2,8,1,0,1,0,1,0,0,0,0,6.02555E+20,5.28418E+21,1.0367E+16,4.77029E+16
76890,76891,9,7,61,0,2016,7,6,5,2,5,3,0,1,1,1,0,0,0,0,6.4385E+20,5.36178E+21,1.09432E+16,4.83928E+16
76891,76892,9,2,77,113,2016,7,0,1,3,9,1,2,1,0,1,0,0,0,0,8.05202E+20,5.37246E+21,1.31263E+16,4.84313E+16
76892,76893,9,1,90,157,2016,7,10,5,3,2,6,0,1,0,1,0,0,0,0,6.60705E+20,5.30125E+21,1.1148E+16,4.78445E+16
76893,76894,9,7,78,204,2016,7,9,6,3,4,6,0,0,0,1,0,0,0,0,6.14838E+20,5.32569E+21,1.05417E+16,4.80742E+16
76894,76895,9,5,74,138,2016,7,19,5,3,0,1,0,0,1,0,0,0,0,0,6.67754E+20,5.48438E+21,1.13164E+16,4.94889E+16
76895,76896,9,6,61,0,2016,7,21,1,3,5,3,1,0,0,1,0,0,0,0,5.10449E+20,5.53508E+21,9.1457E+15,4.9968E+16
76896,76897,9,2,63,0,2016,7,15,6,3,5,2,0,0,1,1,0,0,0,0,7.62003E+20,5.42084E+21,1.25742E+16,4.8885E+16
76897,76898,9,1,62,0,2016,7,23,7,3,1,5,2,1,1,1,0,0,0,0,6.88389E+20,5.33497E+21,1.15324E+16,4.81401E+16
76898,76899,9,1,82,116,2016,7,16,3,3,2,6,0,1,0,1,0,0,0,0,7.04974E+20,5.29212E+21,1.17347E+16,4.77498E+16
76899,76900,9,1,87,182,2016,7,16,6,3,5,3,0,0,0,1,0,0,0,1,7.38174E+20,5.32828E+21,1.2197E+16,4.80633E+16
76900,76901,9,6,76,123,2016,7,6,3,3,8,1,0,0,0,1,0,0,0,0,5.1941E+20,5.52044E+21,9.26991E+15,4.98361E+16
76901,76902,9,4,64,0,2016,7,15,3,3,0,1,0,1,0,1,0,1,0,0,7.07757E+20,5.57638E+21,1.19175E+16,5.03029E+16
76902,76903,9,5,76,127,2016,7,13,6,3,8,1,0,0,0,1,0,0,0,0,6.58809E+20,5.4487E+21,1.11787E+16,4.91706E+16
76903,76904,9,1,62,0,2016,7,15,7,3,0,1,0,0,1,0,0,0,0,0,6.92157E+20,5.33956E+21,1.15851E+16,4.81802E+16
76904,76905,9,1,89,155,2016,7,11,7,3,1,6,0,0,0,1,0,1,0,0,7.73381E+20,5.30848E+21,1.2656E+16,4.78714E+16
76905,76906,9,3,75,175,2016,7,18,3,3,0,1,0,1,0,1,0,0,0,0,7.17029E+20,5.43382E+21,1.19685E+16,4.90191E+16
76906,76907,9,5,71,166,2016,7,0,7,3,2,6,2,0,0,1,0,1,0,0,6.0909E+20,5.45732E+21,1.04993E+16,4.9259E+16
76907,76908,9,7,72,111,2016,7,0,2,2,3,7,2,0,0,1,0,0,0,0,6.25872E+20,5.3642E+21,1.07012E+16,4.84184E+16
76908,76909,9,7,75,129,2016,7,15,5,2,2,6,0,0,0,1,0,0,0,0,5.83444E+20,5.33885E+21,1.01229E+16,4.81974E+16
76909,76910,9,1,82,116,2016,7,13,2,3,0,1,0,1,1,0,0,0,0,0,7.04451E+20,5.29185E+21,1.17276E+16,4.77476E+16
76910,76911,9,3,76,161,2016,7,6,2,2,5,3,0,0,0,1,0,1,0,0,7.2738E+20,5.46246E+21,1.21261E+16,4.92726E+16
76911,76912,9,5,76,113,2016,7,8,5,3,4,2,0,1,0,1,0,0,0,0,6.64326E+20,5.45837E+21,1.12583E+16,4.9256E+16
76912,76913,9,2,61,0,2016,7,7,2,3,6,4,0,0,0,1,1,0,0,0,7.31993E+20,5.38134E+21,1.21433E+16,4.85423E+16
76913,76914,9,2,75,122,2016,7,19,1,3,0,1,0,0,0,0,0,1,0,0,8.18412E+20,5.38443E+21,1.33136E+16,4.85321E+16
76914,76915,9,1,90,117,2016,7,13,5,3,0,1,0,0,0,0,0,1,0,0,6.49014E+20,5.29101E+21,1.09883E+16,4.77552E+16
76915,76916,9,7,80,143,2016,7,12,6,2,5,3,0,0,1,1,0,1,0,0,5.96994E+20,5.28218E+21,1.02925E+16,4.76857E+16
76916,76917,9,5,71,193,2016,7,10,5,3,5,3,0,1,0,1,0,0,0,0,5.86363E+20,5.46974E+21,1.01897E+16,4.93742E+16
76917,76918,9,5,74,123,2016,7,12,1,3,2,6,0,0,0,1,0,0,0,0,6.59025E+20,5.47357E+21,1.11916E+16,4.93941E+16