FID,OBJECTID,ULAND,UREGBEZ,UKREIS,UGEMEINDE,UJAHR,UMONAT,USTUNDE,UWOCHENTAG,UKATEGORIE,UART,UTYP1,ULICHTVERH,IstStrasse,IstRad,IstPKW,IstFuss,IstKrad,IstGkfz,IstSonstig,LINREFX,LINREFY,XGCSWGS84,YGCSWGS84
76918,76919,9,2,78,143,2016,7,17,6,2,8,1,0,1,0,0,0,1,0,0,7.70731E+20,5.44201E+21,1.27071E+16,4.90714E+16
76919,76920,9,5,74,117,2016,7,12,6,2,5,3,0,0,0,1,0,1,0,0,6.68672E+20,5.46983E+21,1.13228E+16,4.93578E+16
76920,76921,9,1,84,137,2016,7,21,7,3,7,1,2,1,0,0,0,1,0,0,7.09797E+20,5.31195E+21,1.18086E+16,4.79265E+16
76921,76922,9,2,73,133,2016,7,7,2,3,8,1,0,0,0,0,0,0,1,0,7.08267E+20,5.4264E+21,1.1845E+16,4.89554E+16
76922,76923,9,2,74,183,2016,7,17,1,3,4,2,0,0,0,1,0,0,0,0,7.39642E+20,5.36091E+21,1.22351E+16,4.83559E+16
76923,76924,9,1,73,115,2016,7,8,5,3,0,1,0,1,0,0,0,1,0,0,6.80983E+20,5.28752E+21,1.1413E+16,4.77157E+16
76924,76925,9,7,76,128,2016,7,10,6,2,5,3,0,0,1,1,0,0,0,0,5.48664E+20,5.26883E+21,9.64702E+15,4.7571E+16
76925,76926,9,5,71,226,2016,7,2,5,2,8,7,2,0,0,1,0,0,0,0,6.3177E+20,5.45718E+21,1.08108E+16,4.92532E+16
76926,76927,9,5,65,0,2016,7,20,1,2,0,7,0,0,1,0,0,0,0,0,6.48907E+20,5.46593E+21,1.10494E+16,4.93279E+16
76927,76928,9,2,75,126,2016,7,13,6,3,2,7,0,0,0,1,0,0,0,0,8.40776E+20,5.3987E+21,1.36272E+16,4.86483E+16
76928,76929,9,5,64,0,2016,7,21,6,3,9,6,2,0,0,1,0,0,0,0,6.49922E+20,5.47571E+21,1.1067E+16,4.94155E+16
76929,76930,9,1,84,130,2016,7,15,7,3,2,6,0,0,0,1,0,0,0,0,6.98483E+20,5.34524E+21,1.16728E+16,4.82293E+16
76930,76931,9,1,81,122,2016,7,16,3,3,3,2,0,0,0,1,0,1,0,0,6.44819E+20,5.33376E+21,1.09467E+16,4.81406E+16
76931,76932,9,1,82,124,2016,7,13,6,3,1,7,0,0,1,1,0,0,0,0,7.06995E+20,5.28506E+21,1.17583E+16,4.76858E+16
76932,76933,9,5,76,127,2016,7,21,3,3,9,7,0,0,0,1,0,0,0,0,6.63882E+20,5.45101E+21,1.12492E+16,4.919E+16
76933,76934,9,4,61,0,2016,7,11,3,3,2,6,0,0,0,1,0,0,0,0,6.39969E+20,5.52656E+21,1.09481E+16,4.98751E+16
76934,76935,9,5,73,130,2016,7,6,6,3,5,3,0,0,0,1,0,1,0,0,6.36772E+20,5.48601E+21,1.08894E+16,4.95113E+16
76935,76936,9,1,83,136,2016,7,18,7,3,8,7,0,0,0,1,0,0,0,0,7.60605E+20,5.34565E+21,1.25081E+16,4.82106E+16
76936,76937,9,3,76,159,2016,7,17,3,3,8,1,0,1,0,1,0,0,0,0,7.24765E+20,5.48194E+21,1.21011E+16,4.94485E+16
76937,76938,9,5,75,118,2016,7,13,7,3,2,6,0,0,0,1,0,0,0,0,6.17264E+20,5.49413E+21,1.06225E+16,4.95884E+16
76938,76939,9,7,61,0,2016,7,19,2,3,0,1,0,1,1,0,0,0,0,0,6.44342E+20,5.35761E+21,1.09484E+16,4.83552E+16
76939,76940,9,7,80,137,2016,7,0,5,3,9,1,2,0,0,1,0,0,0,0,5.93974E+20,5.27013E+21,1.02496E+16,4.75778E+16
76940,76941,9,1,87,122,2016,7,14,2,3,2,6,0,0,0,1,0,0,0,1,7.17384E+20,5.30837E+21,1.19082E+16,4.78918E+16
76941,76942,9,2,71,119,2016,7,11,2,3,5,3,0,0,1,1,0,0,0,0,7.90671E+20,5.41603E+21,1.29609E+16,4.88291E+16
76942,76943,9,2,74,185,2016,7,9,1,2,0,1,0,0,1,0,0,0,0,0,7.29736E+20,5.37086E+21,1.2107E+16,4.84489E+16
76943,76944,9,7,77,124,2016,7,15,6,3,2,6,0,0,0,0,0,1,0,0,6.12097E+20,5.30837E+21,1.05004E+16,4.79188E+16
76944,76945,9,5,71,136,2016,7,20,5,3,5,3,0,0,1,1,0,0,0,0,5.91068E+20,5.44119E+21,1.0248E+16,4.91168E+16
76945,76946,9,1,83,127,2016,7,17,5,3,8,1,0,1,0,1,0,0,0,0,7.56839E+20,5.35225E+21,1.24615E+16,4.82714E+16
76946,76947,9,1,90,141,2016,7,22,6,3,5,3,2,1,0,1,0,0,0,0,6.78105E+20,5.29144E+21,1.13763E+16,4.77518E+16
76947,76948,9,2,75,156,2016,7,13,6,3,2,1,0,0,0,1,0,1,0,1,8.4698E+20,5.39467E+21,1.37078E+16,4.86087E+16
76948,76949,9,5,71,199,2016,7,13,6,3,2,6,0,0,0,1,0,1,0,0,5.90158E+20,5.44918E+21,1.02373E+16,4.91888E+16
76949,76950,9,7,64,0,2016,7,10,7,3,5,3,0,0,0,1,0,1,0,0,5.82741E+20,5.31032E+21,1.01079E+16,4.79408E+16
76950,76951,9,1,89,150,2016,7,16,7,3,0,7,0,0,1,0,0,0,0,0,7.78693E+20,5.31791E+21,1.2733E+16,4.79538E+16
76951,76952,9,5,71,183,2016,7,5,7,3,9,1,1,0,0,1,0,0,0,0,6.04997E+20,5.47198E+21,1.04469E+16,4.93915E+16
76952,76953,9,1,84,141,2016,7,9,2,3,5,2,0,1,1,1,0,0,0,0,6.98079E+20,5.31665E+21,1.16541E+16,4.79724E+16
76953,76954,9,1,84,142,2016,7,13,2,3,2,6,0,0,0,1,0,0,0,0,6.82841E+20,5.31822E+21,1.14508E+16,4.79911E+16
76954,76955,9,1,74,113,2016,7,6,6,3,5,3,0,0,0,1,0,0,1,0,6.70556E+20,5.34781E+21,1.12981E+16,4.82606E+16
76955,76956,9,5,64,0,2016,7,6,3,3,2,6,0,0,0,1,0,1,0,0,6.4935E+20,5.47868E+21,1.10603E+16,4.94425E+16
76956,76957,9,5,64,0,2016,7,7,2,3,3,6,0,0,1,0,0,0,0,0,6.52793E+20,5.47211E+21,1.11052E+16,4.93825E+16
76957,76958,9,2,62,0,2016,7,19,3,3,3,2,0,0,0,1,0,0,0,0,8.26473E+20,5.38818E+21,1.34254E+16,4.85616E+16
76958,76959,9,5,61,0,2016,7,13,7,3,0,2,0,0,0,1,0,0,0,0,6.14662E+20,5.46235E+21,1.05773E+16,4.93032E+16
76959,76960,9,6,72,121,2016,7,23,2,2,2,6,2,0,0,0,0,0,1,0,5.6867E+20,5.55613E+21,9.96125E+15,5.01534E+16
76960,76961,9,7,63,0,2016,7,19,1,3,0,6,0,1,0,0,0,1,0,0,5.99699E+20,5.2851E+21,1.03291E+16,4.77115E+16
76961,76962,9,7,61,0,2016,7,17,5,3,5,3,0,0,1,1,0,0,0,0,6.44189E+20,5.3576E+21,1.09464E+16,4.83551E+16
76962,76963,9,1,79,123,2016,7,17,3,3,5,2,0,1,0,1,0,1,0,0,6.76632E+20,5.33405E+21,1.13741E+16,4.81352E+16
76963,76964,9,1,61,0,2016,7,14,6,3,3,6,0,0,0,1,0,1,0,0,6.77265E+20,5.40446E+21,1.14125E+16,4.87678E+16
76964,76965,9,5,76,148,2016,7,19,3,3,8,1,0,1,0,0,0,1,0,0,6.61281E+20,5.43834E+21,1.12085E+16,4.90768E+16
76965,76966,9,3,63,0,2016,7,17,3,3,4,6,0,0,0,1,0,0,0,0,7.28074E+20,5.50955E+21,1.21627E+16,4.96953E+16
76966,76967,9,5,74,117,2016,7,7,2,3,5,3,0,0,0,1,0,0,0,0,6.68311E+20,5.46954E+21,1.13178E+16,4.93554E+16
76967,76968,9,1,89,118,2016,7,13,7,2,0,6,0,0,1,0,0,1,0,0,7.89515E+20,5.31881E+21,1.28782E+16,4.79571E+16
76968,76969,9,2,71,119,2016,7,17,3,3,0,1,0,0,1,0,0,0,0,0,7.91444E+20,5.4179E+21,1.29728E+16,4.88455E+16
76969,76970,9,6,75,141,2016,7,15,2,3,1,6,0,1,0,1,0,1,0,0,5.84878E+20,5.51204E+21,1.01784E+16,4.97548E+16
76970,76971,9,1,87,117,2016,7,14,2,3,0,6,0,0,1,0,0,0,1,0,7.2528E+20,5.30586E+21,1.20124E+16,4.78665E+16
76971,76972,9,2,75,145,2016,7,12,2,2,5,3,0,1,0,1,0,0,0,1,8.20794E+20,5.37296E+21,1.33369E+16,4.8428E+16
76972,76973,9,2,74,146,2016,7,12,1,3,3,6,0,0,1,1,0,0,0,0,7.37211E+20,5.37725E+21,1.22115E+16,4.85035E+16
76973,76974,9,7,62,0,2016,7,11,6,3,1,6,0,0,0,1,0,0,0,1,6.21989E+20,5.30222E+21,1.0631E+16,4.78617E+16
76974,76975,9,5,75,163,2016,7,6,5,3,8,1,0,1,0,1,0,0,0,0,5.79067E+20,5.48739E+21,1.00927E+16,4.9534E+16
76975,76976,9,1,89,157,2016,7,16,5,3,2,2,0,0,0,1,0,1,0,0,7.67143E+20,5.32227E+21,1.25813E+16,4.79979E+16
76976,76977,9,1,80,115,2016,7,19,3,3,0,1,1,1,0,0,0,1,0,0,6.58184E+20,5.26965E+21,1.11028E+16,4.7561E+16
76977,76978,9,1,83,119,2016,7,19,6,3,4,6,0,1,0,1,0,0,0,0,7.35011E+20,5.33958E+21,1.21608E+16,4.8166E+16
76978,76979,9,2,75,128,2016,7,7,6,2,4,6,0,0,0,1,0,0,1,0,8.27228E+20,5.402E+21,1.34465E+16,4.86852E+16
76979,76980,9,5,77,177,2016,7,17,6,3,4,2,0,0,0,1,0,0,0,0,6.44519E+20,5.43324E+21,1.09773E+16,4.90351E+16
76980,76981,9,7,74,162,2016,7,21,7,2,8,1,2,1,0,0,0,1,0,0,6.03017E+20,5.35083E+21,1.03892E+16,4.83023E+16
76981,76982,9,1,72,134,2016,7,21,7,3,8,1,1,1,0,1,0,0,0,0,7.90076E+20,5.30604E+21,1.28771E+16,4.78421E+16
76982,76983,9,5,61,0,2016,7,23,7,3,4,1,2,0,0,1,0,0,0,0,6.15176E+20,5.4616E+21,1.05841E+16,4.92963E+16
76983,76984,9,7,78,214,2016,7,7,2,3,8,1,0,1,0,1,0,0,0,0,5.95208E+20,5.31922E+21,1.02768E+16,4.80192E+16
76984,76985,9,1,74,137,2016,7,6,6,3,0,6,0,0,0,1,0,0,1,0,6.58094E+20,5.35117E+21,1.11315E+16,4.8294E+16
76985,76986,9,5,71,135,2016,7,8,2,3,5,3,0,0,0,1,0,1,0,0,6.24949E+20,5.47306E+21,1.07221E+16,4.93974E+16
76986,76987,9,2,73,141,2016,7,10,3,3,3,6,0,1,0,1,0,0,0,0,7.27573E+20,5.41565E+21,1.21024E+16,4.8852E+16
76987,76988,9,7,80,113,2016,7,16,1,3,0,7,0,0,1,0,0,0,0,0,5.83329E+20,5.25752E+21,1.01057E+16,4.74658E+16
76988,76989,9,7,61,0,2016,7,18,5,3,5,2,0,0,1,1,0,0,0,0,6.41118E+20,5.35664E+21,1.09046E+16,4.83472E+16
76989,76990,9,1,88,113,2016,7,16,1,3,2,6,0,0,0,1,0,0,0,0,6.79435E+20,5.31186E+21,1.14025E+16,4.79349E+16
76990,76991,9,1,83,112,2016,7,10,5,3,5,3,0,1,0,1,0,0,0,0,7.53688E+20,5.35039E+21,1.2418E+16,4.82559E+16
76991,76992,9,7,77,169,2016,7,0,6,3,8,1,2,0,0,1,0,0,0,0,6.34099E+20,5.27288E+21,1.07838E+16,4.75955E+16
76992,76993,9,4,79,111,2016,7,6,5,3,3,1,0,0,0,1,0,0,1,0,7.17029E+20,5.54529E+21,1.20298E+16,5.00203E+16
76993,76994,9,5,74,158,2016,7,20,1,2,6,4,0,0,0,1,1,0,0,0,6.70231E+20,5.49803E+21,1.13565E+16,4.96109E+16
76994,76995,9,2,75,130,2016,7,16,6,3,4,1,0,0,0,1,0,0,1,0,8.14607E+20,5.36354E+21,1.32465E+16,4.83466E+16
76995,76996,9,7,75,129,2016,7,11,7,3,5,3,0,0,0,1,0,0,0,0,5.81329E+20,5.33977E+21,1.00946E+16,4.8206E+16
76996,76997,9,1,90,139,2016,7,9,1,3,8,7,0,0,0,1,0,0,0,0,6.55522E+20,5.29384E+21,1.10761E+16,4.77791E+16
76997,76998,9,7,77,129,2016,7,11,6,1,5,3,0,0,0,1,0,1,0,0,6.24807E+20,5.27025E+21,1.06595E+16,4.75737E+16
76998,76999,9,4,73,144,2016,7,5,5,2,8,1,0,1,0,1,0,0,0,0,6.36507E+20,5.58024E+21,1.09191E+16,5.03584E+16
76999,77000,9,1,71,113,2016,7,17,5,3,2,6,0,0,0,1,0,0,0,0,7.77348E+20,5.34172E+21,1.27304E+16,4.81681E+16
77000,77001,9,1,89,114,2016,7,18,3,2,0,1,0,0,1,0,0,0,0,0,7.64789E+20,5.31058E+21,1.25426E+16,4.78939E+16
77001,77002,9,1,89,118,2016,7,16,6,3,9,1,0,0,0,1,0,0,0,0,7.84175E+20,5.32213E+21,1.2809E+16,4.79892E+16
77002,77003,9,2,74,165,2016,7,16,6,2,5,3,0,0,0,1,0,1,0,0,7.1695E+20,5.38538E+21,1.19419E+16,4.85839E+16
77003,77004,9,5,77,120,2016,7,18,6,3,5,3,0,0,0,1,0,0,0,1,6.52084E+20,5.43332E+21,1.10808E+16,4.9034E+16
77004,77005,9,1,71,132,2016,7,23,7,3,0,1,2,0,1,0,0,0,0,0,7.65284E+20,5.35044E+21,1.2574E+16,4.82516E+16
77005,77006,9,4,75,171,2016,7,16,7,3,8,1,0,1,0,1,0,0,0,0,6.99167E+20,5.57767E+21,1.17977E+16,5.03174E+16
77006,77007,9,7,76,116,2016,7,18,2,3,2,6,0,0,0,1,0,0,0,0,5.52629E+20,5.26683E+21,9.6995E+15,4.75528E+16
77007,77008,9,1,75,127,2016,7,14,6,3,7,7,0,0,1,0,0,0,0,0,7.11927E+20,5.3414E+21,1.18517E+16,4.81904E+16
77008,77009,9,4,73,170,2016,7,10,2,3,5,3,0,0,0,1,0,0,0,0,6.39972E+20,5.56225E+21,1.09611E+16,5.01958E+16
77009,77010,9,7,76,121,2016,7,18,1,3,0,1,0,0,0,0,0,1,0,0,5.70133E+20,5.26652E+21,9.93208E+15,4.75483E+16
77010,77011,9,1,87,118,2016,7,20,1,2,6,4,0,0,0,0,1,0,0,1,7.5472E+20,5.30345E+21,1.2404E+16,4.78339E+16
77011,77012,9,1,72,114,2016,7,7,5,3,2,2,0,0,0,1,0,0,0,0,7.88673E+20,5.2924E+21,1.28494E+16,4.77203E+16
77012,77013,9,7,77,147,2016,7,18,6,3,0,6,0,1,0,0,0,1,0,0,6.34808E+20,5.28418E+21,1.07967E+16,4.76969E+16
77013,77014,9,4,73,121,2016,7,21,5,3,8,1,2,0,0,0,0,1,0,0,6.48633E+20,5.56932E+21,1.10852E+16,5.02573E+16
77014,77015,9,5,76,126,2016,7,16,1,2,5,2,0,0,0,1,0,1,0,0,6.52036E+20,5.44404E+21,1.10841E+16,4.91304E+16
77015,77016,9,2,61,0,2016,7,13,6,3,2,6,0,0,0,1,0,1,0,1,7.3275E+20,5.38209E+21,1.21539E+16,4.85486E+16
77016,77017,9,7,74,155,2016,7,13,7,2,6,4,0,0,0,1,1,0,0,0,5.89766E+20,5.36668E+21,1.02139E+16,4.84469E+16
77017,77018,9,1,86,151,2016,7,7,3,3,5,6,0,0,0,0,0,1,0,1,6.82544E+20,5.37435E+21,1.1471E+16,4.84957E+16
77018,77019,9,1,87,157,2016,7,7,6,3,5,3,0,0,1,1,0,0,0,0,7.38021E+20,5.28375E+21,1.21704E+16,4.76633E+16
77019,77020,9,5,64,0,2016,7,11,3,3,0,6,0,0,0,1,0,0,0,0,6.53037E+20,5.48602E+21,1.11139E+16,4.95075E+16
77020,77021,9,4,64,0,2016,7,13,3,3,4,6,0,1,0,0,0,0,0,1,7.07687E+20,5.57766E+21,1.19172E+16,5.03144E+16
77021,77022,9,5,75,127,2016,7,19,6,3,0,1,0,0,0,0,0,1,0,0,5.86954E+20,5.49049E+21,1.02024E+16,4.95608E+16
77022,77023,9,1,82,123,2016,7,3,7,3,2,6,2,0,0,1,0,0,0,0,7.15428E+20,5.30199E+21,1.18789E+16,4.78352E+16
77023,77024,9,3,73,153,2016,7,12,3,3,0,3,0,0,0,1,0,0,0,1,6.82096E+20,5.4654E+21,1.15055E+16,4.93142E+16
77024,77025,9,4,75,136,2016,7,15,7,3,2,6,0,1,0,1,0,0,0,0,6.9986E+20,5.57248E+21,1.18047E+16,5.02705E+16
77025,77026,9,7,71,142,2016,7,17,2,2,4,6,0,0,1,0,0,0,0,0,6.45389E+20,5.35305E+21,1.0961E+16,4.8314E+16
77026,77027,9,7,75,152,2016,7,13,5,3,1,6,0,0,0,1,0,0,0,1,5.77862E+20,5.35237E+21,1.00503E+16,4.83197E+16
77027,77028,9,1,87,179,2016,7,22,2,3,2,1,2,1,0,1,0,1,0,0,7.26752E+20,5.31526E+21,1.2037E+16,4.79505E+16
77028,77029,9,3,61,0,2016,7,18,2,3,3,2,0,0,0,1,0,1,0,0,7.08629E+20,5.48088E+21,1.18783E+16,4.94448E+16
77029,77030,9,1,87,124,2016,7,15,3,3,5,3,0,1,0,1,0,0,0,0,7.35221E+20,5.32748E+21,1.21569E+16,4.80572E+16
77030,77031,9,1,72,117,2016,7,16,6,2,5,3,0,0,1,1,0,0,0,0,7.95844E+20,5.28733E+21,1.29413E+16,4.76716E+16
77031,77032,9,5,71,134,2016,7,11,6,3,3,6,0,0,0,1,0,0,1,0,5.87578E+20,5.46345E+21,1.0205E+16,4.93175E+16
77032,77033,9,7,74,144,2016,7,19,7,3,4,2,0,1,0,1,0,0,0,0,6.06298E+20,5.3633E+21,1.04365E+16,4.84139E+16
77033,77034,9,1,87,132,2016,7,23,7,3,8,7,2,0,0,1,0,0,0,0,7.47731E+20,5.29961E+21,1.23085E+16,4.78021E+16
77034,77035,9,4,75,165,2016,7,4,7,2,0,7,2,0,0,0,0,1,0,0,6.96365E+20,5.57274E+21,1.17559E+16,5.02741E+16
77035,77036,9,7,79,194,2016,7,16,2,3,4,2,0,1,0,1,0,0,0,1,6.1211E+20,5.41316E+21,1.05285E+16,4.88612E+16
77036,77037,9,1,62,0,2016,7,9,5,3,2,6,0,1,0,1,0,0,0,0,6.84991E+20,5.33305E+21,1.1486E+16,4.81238E+16
77037,77038,9,1,76,120,2016,7,17,2,3,0,7,0,0,0,0,0,1,0,0,6.80932E+20,5.42109E+21,1.14697E+16,4.89163E+16
77038,77039,9,3,63,0,2016,7,16,2,3,2,6,0,0,0,1,0,0,0,0,7.26221E+20,5.51008E+21,1.21374E+16,4.97007E+16
77039,77040,9,2,79,112,2016,7,2,2,3,9,1,2,0,0,1,0,0,0,0,7.5561E+20,5.38737E+21,1.24664E+16,4.85872E+16
77040,77041,9,1,89,139,2016,7,14,1,2,3,2,0,0,1,0,0,1,0,0,7.67258E+20,5.28755E+21,1.25614E+16,4.7686E+16
77041,77042,9,1,71,137,2016,7,5,5,3,2,6,0,0,0,1,0,0,0,1,7.73309E+20,5.35086E+21,1.26821E+16,4.8252E+16
77042,77043,9,7,79,224,2016,7,22,6,3,8,7,2,1,0,0,0,1,0,1,6.07974E+20,5.414E+21,1.04724E+16,4.88695E+16
77043,77044,9,4,73,134,2016,7,14,5,3,4,2,0,0,0,1,0,0,0,0,6.45753E+20,5.56533E+21,1.10433E+16,5.02222E+16
77044,77045,9,5,64,0,2016,7,14,1,3,5,2,0,0,0,1,0,0,0,0,6.47654E+20,5.48025E+21,1.10375E+16,4.94569E+16
77045,77046,9,2,73,111,2016,7,16,6,3,4,6,0,0,0,1,0,0,0,0,7.11936E+20,5.41015E+21,1.18867E+16,4.88081E+16
77046,77047,9,5,75,138,2016,7,12,6,3,3,2,0,0,0,1,0,0,0,0,6.09691E+20,5.49701E+21,1.05185E+16,4.96157E+16
77047,77048,9,7,77,175,2016,7,22,7,3,9,1,2,0,0,1,0,0,0,0,6.12815E+20,5.29259E+21,1.05059E+16,4.77768E+16
77048,77049,9,1,81,116,2016,7,15,3,3,5,3,0,1,0,1,0,0,0,0,6.47846E+20,5.34048E+21,1.09897E+16,4.82004E+16
77049,77050,9,1,76,129,2016,7,15,6,2,2,2,0,0,0,1,0,0,1,0,6.87964E+20,5.40814E+21,1.15596E+16,4.87978E+16
77050,77051,9,5,62,0,2016,7,11,3,3,5,3,0,0,1,1,0,0,0,0,6.44092E+20,5.49414E+21,1.09934E+16,4.95826E+16
77051,77052,9,4,71,115,2016,7,6,3,3,5,3,0,0,1,1,0,0,0,0,6.32422E+20,5.53904E+21,1.08474E+16,4.9989E+16
77052,77053,9,5,63,0,2016,7,0,2,3,9,1,2,0,0,1,0,0,0,0,6.46089E+20,5.4817E+21,1.10164E+16,4.94704E+16
77053,77054,9,1,87,129,2016,7,12,7,3,2,6,0,0,0,1,0,0,0,0,7.2358E+20,5.30084E+21,1.19871E+16,4.7822E+16
77054,77055,9,2,76,142,2016,7,16,3,2,1,6,0,0,0,1,0,0,0,0,7.91188E+20,5.43226E+21,1.29795E+16,4.89745E+16
77055,77056,9,4,79,136,2016,7,9,7,3,5,3,0,0,0,1,0,0,0,0,7.22991E+20,5.54745E+21,1.21142E+16,5.00375E+16
77056,77057,9,6,79,204,2016,7,15,2,2,2,6,0,1,0,1,0,0,1,0,5.56518E+20,5.51192E+21,9.78468E+15,4.97571E+16
77057,77058,9,7,63,0,2016,7,17,5,3,2,6,0,0,0,1,0,0,0,0,5.98154E+20,5.2877E+21,1.03091E+16,4.77352E+16
77058,77059,9,1,61,0,2016,7,6,2,3,0,1,0,1,1,0,0,0,0,0,6.79404E+20,5.40441E+21,1.14415E+16,4.87668E+16
77059,77060,9,2,77,139,2016,7,14,2,3,0,3,0,1,0,1,0,1,0,0,7.84228E+20,5.37407E+21,1.28446E+16,4.84555E+16
77060,77061,9,1,89,113,2016,7,12,1,3,2,6,0,0,1,0,0,0,0,1,7.68959E+20,5.30259E+21,1.25933E+16,4.78203E+16
77061,77062,9,7,79,131,2016,7,11,6,3,1,6,0,0,0,1,0,0,0,0,6.30703E+20,5.39979E+21,1.07777E+16,4.87374E+16
77062,77063,9,4,72,131,2016,7,11,5,2,9,1,0,1,0,1,0,0,0,0,6.7173E+20,5.53433E+21,1.13932E+16,4.99366E+16
77063,77064,9,1,84,145,2016,7,8,5,3,2,6,0,0,0,1,0,0,0,0,6.97587E+20,5.32421E+21,1.1651E+16,4.80406E+16
77064,77065,9,1,90,141,2016,7,17,3,3,6,4,0,1,0,0,1,1,0,0,6.77061E+20,5.29276E+21,1.13629E+16,4.77639E+16
77065,77066,9,1,90,113,2016,7,16,6,2,5,3,0,0,1,1,0,0,0,0,6.76729E+20,5.29069E+21,1.13577E+16,4.77453E+16
77066,77067,9,7,73,144,2016,7,18,6,3,8,1,0,0,0,1,0,0,0,0,6.0576E+20,5.378E+21,1.0433E+16,4.85461E+16
77067,77068,9,4,61,0,2016,7,11,5,3,5,2,0,0,1,1,0,0,0,0,6.36561E+20,5.53015E+21,1.09019E+16,4.99081E+16
77068,77069,9,1,89,155,2016,7,20,1,2,0,1,0,0,0,0,0,0,0,1,7.73819E+20,5.30831E+21,1.26618E+16,4.78697E+16
77069,77070,9,1,63,0,2016,7,15,5,3,1,6,0,0,0,1,0,0,0,0,7.33674E+20,5.30503E+21,1.2124E+16,4.78561E+16
77070,77071,9,7,73,183,2016,7,15,6,2,8,1,0,0,0,1,0,0,0,0,6.03662E+20,5.38764E+21,1.0407E+16,4.86332E+16
77071,77072,9,3,77,154,2016,7,11,5,3,1,3,0,0,1,1,0,0,0,0,7.38968E+20,5.53086E+21,1.23266E+16,4.98824E+16
77072,77073,9,5,73,134,2016,7,14,1,3,4,2,0,0,0,1,0,1,0,0,6.42078E+20,5.479E+21,1.09601E+16,4.9447E+16
77073,77074,9,1,73,130,2016,7,19,6,3,9,7,0,1,0,1,0,0,0,0,6.79643E+20,5.31264E+21,1.14056E+16,4.79418E+16
77074,77075,9,5,75,155,2016,7,16,6,1,4,7,0,0,0,1,0,0,1,0,5.83301E+20,5.49435E+21,1.01527E+16,4.9596E+16
77075,77076,9,7,77,151,2016,7,18,7,3,2,6,0,1,0,1,0,0,0,0,6.21308E+20,5.29317E+21,1.06194E+16,4.77805E+16
77076,77077,9,1,87,114,2016,7,19,7,3,9,1,0,1,0,1,0,0,0,0,7.48189E+20,5.29381E+21,1.23113E+16,4.77498E+16
77077,77078,9,1,74,111,2016,7,20,3,3,8,1,0,0,0,1,0,0,0,0,6.64307E+20,5.36132E+21,1.12192E+16,4.83837E+16
77078,77079,9,1,76,165,2016,7,18,6,2,4,6,0,0,0,1,0,1,0,0,6.6698E+20,5.42325E+21,1.12803E+16,4.89396E+16
77079,77080,9,5,64,0,2016,7,11,3,3,5,2,0,0,1,0,0,0,1,0,6.47579E+20,5.47847E+21,1.10358E+16,4.9441E+16
77080,77081,9,3,75,117,2016,7,8,3,3,8,1,0,1,0,1,0,0,0,1,7.38512E+20,5.43182E+21,1.22607E+16,4.89932E+16
77081,77082,9,5,63,0,2016,7,16,2,3,0,2,0,0,1,1,0,0,0,0,6.43138E+20,5.48271E+21,1.09761E+16,4.94801E+16
77082,77083,9,1,82,123,2016,7,18,7,3,5,3,0,1,0,1,0,0,0,0,7.17206E+20,5.30137E+21,1.19023E+16,4.7829E+16
77083,77084,9,2,78,197,2016,7,14,3,2,5,3,0,0,0,1,0,0,0,0,7.59268E+20,5.43229E+21,1.25442E+16,4.89891E+16
77084,77085,9,4,77,138,2016,7,14,7,3,4,6,0,1,0,1,0,0,0,0,6.87632E+20,5.56302E+21,1.16286E+16,5.01896E+16
77085,77086,9,6,77,114,2016,7,12,2,3,5,3,0,0,1,1,0,0,0,0,5.69345E+20,5.53671E+21,9.96718E+15,4.99787E+16
77086,77087,9,7,77,129,2016,7,15,1,3,0,6,0,0,0,0,0,1,0,1,6.28246E+20,5.27085E+21,1.07054E+16,4.75783E+16
77087,77088,9,1,71,112,2016,7,12,1,3,3,7,0,0,0,1,0,0,0,0,7.84529E+20,5.34341E+21,1.2828E+16,4.81802E+16
77088,77089,9,7,74,144,2016,7,5,6,3,2,1,1,0,0,0,0,0,1,1,6.13673E+20,5.36206E+21,1.05358E+16,4.84015E+16
77089,77090,9,3,62,0,2016,7,16,5,3,2,6,0,0,0,1,0,0,0,0,7.31893E+20,5.43236E+21,1.21707E+16,4.90005E+16
77090,77091,9,1,63,0,2016,7,20,5,3,5,6,0,0,1,0,0,0,0,1,7.34761E+20,5.3038E+21,1.21379E+16,4.78447E+16
77091,77092,9,1,83,140,2016,7,16,3,2,9,6,0,0,0,1,0,0,1,1,7.42171E+20,5.34173E+21,1.22582E+16,4.81826E+16
77092,77093,9,1,89,154,2016,7,9,6,3,3,1,0,0,0,1,0,0,1,0,7.66398E+20,5.31813E+21,1.25688E+16,4.7961E+16
77093,77094,9,1,73,130,2016,7,12,6,3,3,6,0,0,0,1,0,0,0,0,6.78935E+20,5.30968E+21,1.13949E+16,4.79155E+16
77094,77095,9,4,75,161,2016,7,11,6,3,2,5,0,0,0,1,0,0,0,0,7.15581E+20,5.57612E+21,1.20271E+16,5.02978E+16
77095,77096,9,7,76,127,2016,7,13,7,3,8,7,0,0,0,0,0,1,0,0,5.75597E+20,5.27204E+21,1.00056E+16,4.75974E+16
77096,77097,9,1,82,124,2016,7,11,7,2,0,1,0,0,1,0,0,0,0,0,7.06163E+20,5.27991E+21,1.17448E+16,4.76397E+16
77097,77098,9,4,72,176,2016,7,10,7,2,0,1,0,1,1,0,0,0,0,0,6.68017E+20,5.52819E+21,1.13388E+16,4.98825E+16