FID,OBJECTID,ULAND,UREGBEZ,UKREIS,UGEMEINDE,UJAHR,UMONAT,USTUNDE,UWOCHENTAG,UKATEGORIE,UART,UTYP1,ULICHTVERH,IstStrasse,IstRad,IstPKW,IstFuss,IstKrad,IstGkfz,IstSonstig,LINREFX,LINREFY,XGCSWGS84,YGCSWGS84
77277,77278,9,7,74,148,2016,7,17,3,3,8,7,0,0,0,1,0,0,0,0,5.93841E+20,5.36304E+21,1.02682E+16,4.84135E+16
77278,77279,9,7,61,0,2016,7,17,4,3,2,6,0,0,0,1,0,0,0,0,6.36891E+20,5.35957E+21,1.08486E+16,4.83745E+16
77279,77280,9,6,77,148,2016,7,7,5,3,2,5,0,0,0,1,0,0,0,0,5.54742E+20,5.53346E+21,9.76307E+15,4.9951E+16
77280,77281,9,7,79,155,2016,7,16,5,2,0,1,0,0,1,0,0,0,0,0,6.21395E+20,5.40473E+21,1.06526E+16,4.87838E+16
77281,77282,9,2,73,172,2016,7,19,6,3,9,1,0,0,0,0,0,1,0,0,7.08306E+20,5.40507E+21,1.18347E+16,4.87638E+16
77282,77283,9,2,73,137,2016,7,17,5,3,4,6,0,0,1,0,0,0,0,0,7.10097E+20,5.4229E+21,1.18682E+16,4.89233E+16
77283,77284,9,1,81,128,2016,7,8,6,3,2,6,0,0,0,1,0,0,0,0,6.38511E+20,5.32721E+21,1.08598E+16,4.80831E+16
77284,77285,9,7,74,191,2016,7,21,3,3,2,6,2,0,0,1,0,0,0,0,5.9721E+20,5.35638E+21,1.03122E+16,4.83531E+16
77285,77286,9,1,62,0,2016,7,17,4,3,5,3,0,0,1,1,0,0,0,0,6.9777E+20,5.33007E+21,1.16561E+16,4.80932E+16
77286,77287,9,6,76,121,2016,7,21,4,3,4,6,0,0,0,1,0,0,0,0,5.15194E+20,5.51978E+21,9.21127E+15,4.98303E+16
77287,77288,9,1,72,134,2016,7,18,6,3,4,6,0,0,0,0,0,1,0,0,7.83046E+20,5.30637E+21,1.27836E+16,4.78483E+16
77288,77289,9,5,72,126,2016,7,8,5,3,2,6,0,0,0,1,0,0,0,0,6.3414E+20,5.50586E+21,1.08598E+16,4.96903E+16
77289,77290,9,1,72,117,2016,7,8,5,3,2,6,0,0,0,1,0,0,1,0,7.98596E+20,5.28183E+21,1.29741E+16,4.7621E+16
77290,77291,9,1,83,124,2016,7,6,4,3,0,1,0,0,1,0,0,0,0,0,7.54821E+20,5.34105E+21,1.24276E+16,4.81716E+16
77291,77292,9,5,73,120,2016,7,3,4,3,8,1,2,0,0,1,0,0,0,0,6.28957E+20,5.48224E+21,1.07803E+16,4.94791E+16
77292,77293,9,6,78,196,2016,7,8,5,2,8,6,0,0,0,1,0,0,0,0,5.84416E+20,5.53213E+21,1.01763E+16,4.99356E+16
77293,77294,9,1,90,152,2016,7,12,5,3,2,6,0,0,0,1,0,0,0,0,6.72584E+20,5.29932E+21,1.13058E+16,4.7824E+16
77294,77295,9,1,90,145,2016,7,9,6,3,5,3,0,0,0,1,0,0,0,0,6.47289E+20,5.28844E+21,1.09644E+16,4.77325E+16
77295,77296,9,1,78,130,2016,7,17,6,3,1,6,0,0,0,1,0,0,0,0,7.02048E+20,5.35629E+21,1.1726E+16,4.83275E+16
77296,77297,9,7,74,145,2016,7,7,3,3,5,3,0,0,0,1,0,0,0,0,6.01016E+20,5.36383E+21,1.03653E+16,4.84196E+16
77297,77298,9,7,75,111,2016,7,19,4,3,5,3,0,0,0,0,0,1,0,0,5.82894E+20,5.33433E+21,1.01146E+16,4.81568E+16
77298,77299,9,5,64,0,2016,7,9,4,3,2,6,0,0,0,1,0,0,0,0,6.4447E+20,5.47791E+21,1.09927E+16,4.94367E+16
77299,77300,9,1,63,0,2016,7,16,6,3,5,3,0,0,0,1,0,1,0,0,7.29909E+20,5.30083E+21,1.20715E+16,4.78197E+16
77300,77301,9,1,86,162,2016,7,9,5,3,5,3,0,0,0,1,0,0,0,1,6.90696E+20,5.38425E+21,1.15857E+16,4.85823E+16
77301,77302,9,1,89,143,2016,7,21,4,3,9,1,2,1,0,1,0,0,0,0,7.61511E+20,5.31565E+21,1.25019E+16,4.79407E+16
77302,77303,9,5,75,115,2016,7,22,4,3,9,2,2,0,0,1,0,0,0,0,5.97027E+20,5.48015E+21,1.03391E+16,4.94662E+16
77303,77304,9,1,76,147,2016,7,21,4,2,0,7,0,0,1,0,0,0,0,0,6.92292E+20,5.41387E+21,1.16212E+16,4.8848E+16
77304,77305,9,5,76,143,2016,7,12,5,3,4,2,0,0,0,1,0,0,0,0,6.52396E+20,5.45734E+21,1.10941E+16,4.92498E+16
77305,77306,9,7,80,120,2016,7,12,3,3,1,6,0,0,0,1,0,0,0,0,6.01067E+20,5.28339E+21,1.0347E+16,4.7696E+16
77306,77307,9,1,76,138,2016,7,16,4,2,4,6,0,1,0,1,0,0,0,0,6.72808E+20,5.4236E+21,1.13599E+16,4.89411E+16
77307,77308,9,7,63,0,2016,7,16,3,3,5,2,0,0,1,1,0,0,0,0,5.99352E+20,5.28638E+21,1.03248E+16,4.77231E+16
77308,77309,9,7,79,194,2016,7,16,4,3,4,6,0,0,0,1,0,0,0,0,6.08697E+20,5.41122E+21,1.04815E+16,4.88444E+16
77309,77310,9,1,84,138,2016,7,16,5,2,5,3,0,0,1,0,0,0,0,1,6.8066E+20,5.33048E+21,1.14267E+16,4.81019E+16
77310,77311,9,1,61,0,2016,7,18,6,3,4,6,0,0,1,0,0,0,0,0,6.78965E+20,5.40486E+21,1.14357E+16,4.8771E+16
77311,77312,9,3,73,167,2016,7,6,5,3,9,1,0,0,0,1,0,0,0,0,6.89735E+20,5.46216E+21,1.1609E+16,4.92828E+16
77312,77313,9,1,81,146,2016,7,8,5,3,3,6,0,0,0,1,0,0,0,0,6.50289E+20,5.32556E+21,1.10173E+16,4.80656E+16
77313,77314,9,1,89,157,2016,7,13,4,3,2,6,0,0,1,1,0,0,0,0,7.64938E+20,5.32541E+21,1.25538E+16,4.8027E+16
77314,77315,9,4,73,158,2016,7,14,4,3,3,2,0,0,1,0,0,0,0,1,6.26296E+20,5.57694E+21,1.07745E+16,5.0331E+16
77315,77316,9,5,75,168,2016,7,17,5,3,1,6,0,0,1,1,0,0,0,0,5.8884E+20,5.48892E+21,1.02281E+16,4.95463E+16
77316,77317,9,7,76,125,2016,7,20,3,2,0,1,0,0,1,0,0,0,0,0,5.64406E+20,5.27066E+21,9.85658E+15,4.75862E+16
77317,77318,9,4,71,220,2016,7,14,5,3,9,1,0,0,0,1,0,0,0,0,6.15631E+20,5.51288E+21,1.06054E+16,4.97573E+16
77318,77319,9,7,76,126,2016,7,10,5,3,4,6,0,0,0,0,0,1,0,1,5.61285E+20,5.27159E+21,9.81521E+15,4.75948E+16
77319,77320,9,2,77,111,2016,7,16,6,2,8,7,0,0,0,1,1,0,0,0,7.81651E+20,5.38571E+21,1.28176E+16,4.85612E+16
77320,77321,9,2,77,145,2016,7,8,5,3,8,1,0,0,0,0,0,1,0,0,7.9916E+20,5.35413E+21,1.30319E+16,4.82697E+16
77321,77322,9,7,75,135,2016,7,16,5,2,5,3,0,0,1,1,0,0,0,0,5.77506E+20,5.3621E+21,1.00473E+16,4.84073E+16
77322,77323,9,2,75,126,2016,7,16,6,2,5,3,0,0,0,0,0,1,0,1,8.43737E+20,5.39787E+21,1.36666E+16,4.86392E+16
77323,77324,9,3,76,144,2016,7,16,5,3,0,2,0,0,0,1,0,0,0,1,7.30141E+20,5.48208E+21,1.21753E+16,4.94478E+16
77324,77325,9,1,89,145,2016,7,22,4,3,0,1,2,0,1,0,0,0,0,0,7.72413E+20,5.30001E+21,1.26378E+16,4.77958E+16
77325,77326,9,1,86,128,2016,7,22,6,3,4,7,2,0,0,1,0,0,0,1,6.76367E+20,5.38368E+21,1.13914E+16,4.85814E+16
77326,77327,9,2,76,134,2016,7,7,4,2,8,7,0,0,0,1,0,0,0,0,7.90875E+20,5.43696E+21,1.29786E+16,4.90168E+16
77327,77328,9,3,72,175,2016,7,17,6,2,5,3,0,0,0,1,0,0,0,0,7.67193E+20,5.46094E+21,1.26713E+16,4.92428E+16
77328,77329,9,3,77,117,2016,7,14,5,2,4,6,0,0,0,1,0,0,0,1,7.34407E+20,5.52893E+21,1.22621E+16,4.98669E+16
77329,77330,9,7,77,169,2016,7,11,3,2,0,7,0,0,1,0,0,0,0,0,6.30986E+20,5.26863E+21,1.07412E+16,4.75579E+16
77330,77331,9,6,75,111,2016,7,22,4,3,3,6,2,0,0,1,0,0,1,0,5.97596E+20,5.51448E+21,1.03555E+16,4.97749E+16
77331,77332,9,6,74,139,2016,7,17,5,2,8,1,0,0,0,1,0,0,0,0,5.98635E+20,5.54158E+21,1.03768E+16,5.00184E+16
77332,77333,9,7,79,186,2016,7,17,5,3,2,6,0,0,0,1,0,0,0,0,6.39564E+20,5.41091E+21,1.09019E+16,4.88355E+16
77333,77334,9,2,61,0,2016,7,17,6,3,4,2,0,0,0,1,0,0,0,0,7.3208E+20,5.37995E+21,1.21437E+16,4.85297E+16
77334,77335,9,1,90,139,2016,7,18,5,2,4,2,0,0,0,1,0,1,0,0,6.57157E+20,5.29658E+21,1.10989E+16,4.78033E+16
77335,77336,9,1,62,0,2016,7,14,6,3,0,7,0,0,0,0,0,1,0,0,7.01426E+20,5.33563E+21,1.17078E+16,4.8142E+16
77336,77337,9,7,79,181,2016,7,15,3,3,5,3,0,1,0,1,0,0,0,0,6.3502E+20,5.39156E+21,1.08337E+16,4.86625E+16
77337,77338,9,7,75,111,2016,7,20,4,3,8,1,1,1,0,1,0,0,0,0,5.84035E+20,5.33467E+21,1.013E+16,4.81597E+16
77338,77339,9,1,88,118,2016,7,10,6,3,2,6,0,0,0,1,0,0,0,0,6.69327E+20,5.3137E+21,1.1268E+16,4.79542E+16
77339,77340,9,6,74,147,2016,7,14,3,3,5,3,0,1,1,1,0,0,0,0,6.07884E+20,5.54322E+21,1.05064E+16,5.00315E+16
77340,77341,9,2,78,141,2016,7,18,6,2,0,1,0,1,0,0,0,1,0,0,7.59048E+20,5.43047E+21,1.25401E+16,4.89727E+16
77341,77342,9,1,74,115,2016,7,8,5,3,4,6,0,0,1,0,0,0,0,0,6.81838E+20,5.34643E+21,1.14494E+16,4.8245E+16
77342,77343,9,3,62,0,2016,7,19,5,3,4,3,0,0,0,1,0,0,0,1,7.27425E+20,5.43365E+21,1.21104E+16,4.90138E+16
77343,77344,9,7,72,163,2016,7,12,3,3,9,6,0,0,0,1,0,0,1,0,6.38544E+20,5.34777E+21,1.0867E+16,4.8268E+16
77344,77345,9,6,62,0,2016,7,17,4,3,0,7,0,1,0,1,0,1,0,0,5.88645E+20,5.54455E+21,1.02381E+16,5.00467E+16
77345,77346,9,1,89,140,2016,7,21,6,2,6,7,2,0,0,1,1,0,0,0,7.73745E+20,5.29567E+21,1.26528E+16,4.77562E+16
77346,77347,9,6,76,133,2016,7,17,5,2,8,1,0,0,1,0,0,0,0,0,5.1475E+20,5.52284E+21,9.20521E+15,4.98578E+16
77347,77348,9,1,89,148,2016,7,16,5,2,4,6,0,0,0,1,0,0,0,0,7.75306E+20,5.31081E+21,1.26832E+16,4.78915E+16
77348,77349,9,1,83,126,2016,7,15,6,3,3,2,0,0,0,1,0,1,0,0,7.31104E+20,5.33869E+21,1.21078E+16,4.81594E+16
77349,77350,9,1,78,132,2016,7,15,6,2,8,1,0,0,0,0,0,1,0,0,7.13489E+20,5.38128E+21,1.18929E+16,4.85483E+16
77350,77351,9,7,72,131,2016,7,16,3,3,9,1,0,0,0,1,0,0,0,0,6.16316E+20,5.35354E+21,1.05692E+16,4.83244E+16
77351,77352,9,7,63,0,2016,7,12,4,3,0,7,0,0,1,0,0,0,0,0,5.99386E+20,5.28608E+21,1.03252E+16,4.77204E+16
77352,77353,9,1,82,125,2016,7,13,6,3,6,4,0,0,0,0,1,0,0,1,7.12603E+20,5.29666E+21,1.18386E+16,4.77882E+16
77353,77354,9,1,61,0,2016,7,20,5,3,2,2,0,0,0,1,0,1,0,0,6.777E+20,5.40491E+21,1.14186E+16,4.87718E+16
77354,77355,9,1,89,155,2016,7,7,4,3,0,7,0,0,0,0,0,1,0,0,7.72263E+20,5.30544E+21,1.26392E+16,4.78446E+16
77355,77356,9,5,72,132,2016,7,22,4,3,0,1,2,0,1,0,0,0,0,0,6.38301E+20,5.49417E+21,1.09134E+16,4.95843E+16
77356,77357,9,1,71,113,2016,7,17,6,3,2,2,0,0,0,0,0,1,0,1,7.78449E+20,5.33572E+21,1.27413E+16,4.81138E+16
77357,77358,9,5,62,0,2016,7,19,5,3,2,6,0,0,0,1,0,0,0,0,6.44231E+20,5.49664E+21,1.09963E+16,4.96051E+16
77358,77359,9,1,87,182,2016,7,11,5,2,4,6,0,0,0,1,0,0,0,0,7.36937E+20,5.32795E+21,1.21802E+16,4.80608E+16
77359,77360,9,1,89,160,2016,7,7,4,3,2,6,0,0,0,1,0,0,0,0,7.59346E+20,5.29251E+21,1.24591E+16,4.77338E+16
77360,77361,9,5,71,125,2016,7,7,4,2,8,1,0,0,0,1,0,0,1,0,5.951E+20,5.46361E+21,1.03086E+16,4.93178E+16
77361,77362,9,1,74,121,2016,7,12,4,3,8,1,0,0,0,1,0,0,0,0,6.90414E+20,5.35361E+21,1.1568E+16,4.8307E+16
77362,77363,9,7,72,130,2016,7,15,3,2,4,6,0,0,0,1,0,0,0,0,6.31157E+20,5.35922E+21,1.07711E+16,4.83725E+16
77363,77364,9,7,61,0,2016,7,21,4,3,3,6,2,0,0,1,0,0,0,1,6.39974E+20,5.35598E+21,1.0889E+16,4.83414E+16
77364,77365,9,1,62,0,2016,7,10,5,3,2,6,0,0,0,1,0,0,0,0,6.9919E+20,5.33304E+21,1.16766E+16,4.81194E+16
77365,77366,9,1,61,0,2016,7,17,6,3,5,3,0,0,1,1,0,0,0,0,6.79349E+20,5.40088E+21,1.14392E+16,4.87351E+16
77366,77367,9,3,73,113,2016,7,22,5,3,0,3,2,0,0,1,0,0,0,0,6.7713E+20,5.46778E+21,1.14383E+16,4.9337E+16
77367,77368,9,1,89,159,2016,7,13,4,3,0,1,0,0,0,0,0,1,0,0,7.62949E+20,5.30309E+21,1.25135E+16,4.78274E+16
77368,77369,9,3,75,127,2016,7,16,4,3,4,1,0,1,0,1,0,0,0,0,7.12078E+20,5.43545E+21,1.19018E+16,4.90354E+16
77369,77370,9,3,72,124,2016,7,10,6,3,8,1,0,0,0,1,0,0,0,0,7.88301E+20,5.47175E+21,1.29684E+16,4.93303E+16
77370,77371,9,4,63,0,2016,7,15,5,3,0,1,0,0,1,0,0,0,0,0,6.39207E+20,5.57094E+21,1.09536E+16,5.02741E+16
77371,77372,9,7,61,0,2016,7,16,3,3,5,3,0,0,0,1,0,0,0,0,6.37009E+20,5.36011E+21,1.08503E+16,4.83792E+16
77372,77373,9,4,75,120,2016,7,17,4,3,5,3,0,0,0,1,0,0,1,0,7.10761E+20,5.57279E+21,1.19576E+16,5.02696E+16
77373,77374,9,5,73,134,2016,7,21,5,2,5,3,2,1,0,1,0,0,0,0,6.40285E+20,5.47728E+21,1.09348E+16,4.9432E+16
77374,77375,9,7,72,202,2016,7,16,3,3,2,6,0,0,0,1,0,0,0,1,6.36791E+20,5.3566E+21,1.08463E+16,4.83478E+16
77375,77376,9,7,78,150,2016,7,11,5,2,9,6,0,0,0,1,0,0,1,0,5.8608E+20,5.32098E+21,1.01548E+16,4.80363E+16
77376,77377,9,2,75,121,2016,7,13,6,3,8,1,0,0,0,1,0,0,0,0,8.18271E+20,5.40525E+21,1.33276E+16,4.87189E+16
77377,77378,9,2,78,170,2016,7,14,5,3,5,3,0,0,1,1,0,0,0,0,7.63463E+20,5.42447E+21,1.25964E+16,4.8917E+16
77378,77379,9,1,76,139,2016,7,14,6,2,6,4,0,0,0,1,1,0,0,0,6.83669E+20,5.40975E+21,1.15019E+16,4.88136E+16
77379,77380,9,3,76,147,2016,7,16,6,2,2,7,0,0,0,1,0,1,0,0,7.50458E+20,5.47207E+21,1.24488E+16,4.93499E+16
77380,77381,9,3,75,162,2016,7,16,5,3,8,1,0,1,0,1,0,0,0,0,7.12709E+20,5.43932E+21,1.19124E+16,4.907E+16
77381,77382,9,7,61,0,2016,7,18,3,2,0,7,0,0,1,0,0,0,0,0,6.41219E+20,5.36096E+21,1.09074E+16,4.8386E+16
77382,77383,9,6,77,155,2016,7,18,4,3,1,5,0,0,1,1,0,0,0,0,5.4194E+20,5.53752E+21,9.58508E+15,4.99885E+16
77383,77384,9,6,73,114,2016,7,12,5,3,5,3,0,0,1,1,0,0,0,0,5.85858E+20,5.57487E+21,1.0206E+16,5.03197E+16
77384,77385,9,1,90,158,2016,7,14,5,3,8,1,0,1,1,0,0,0,0,0,6.52436E+20,5.30305E+21,1.10381E+16,4.78627E+16
77385,77386,9,7,61,0,2016,7,16,5,3,7,1,0,0,1,0,0,0,0,0,6.4207E+20,5.35956E+21,1.09185E+16,4.83732E+16
77386,77387,9,1,73,120,2016,7,8,6,2,4,6,0,0,0,1,0,0,0,0,6.85892E+20,5.31296E+21,1.14893E+16,4.79429E+16
77387,77388,9,7,61,0,2016,7,16,4,3,4,2,0,0,1,1,0,0,0,0,6.41904E+20,5.35763E+21,1.09156E+16,4.83559E+16
77388,77389,9,6,75,178,2016,7,15,5,3,8,7,0,0,0,1,0,0,0,0,5.94953E+20,5.51497E+21,1.03189E+16,4.97797E+16
77389,77390,9,7,79,147,2016,7,12,5,2,2,2,0,0,0,0,0,0,1,0,6.05955E+20,5.42574E+21,1.04479E+16,4.89755E+16
77390,77391,9,2,74,111,2016,7,7,6,3,4,6,0,0,0,1,0,0,0,0,7.38276E+20,5.38143E+21,1.22283E+16,4.85407E+16
77391,77392,9,2,77,138,2016,7,12,5,3,2,6,0,0,0,1,0,0,0,1,7.89607E+20,5.3756E+21,1.29182E+16,4.84668E+16
77392,77393,9,1,81,130,2016,7,14,6,2,8,1,0,0,0,0,0,1,0,0,6.40505E+20,5.32547E+21,1.0886E+16,4.8067E+16
77393,77394,9,6,79,169,2016,7,7,3,3,5,3,0,0,0,1,0,0,0,0,5.77966E+20,5.5255E+21,1.00851E+16,4.98768E+16
77394,77395,9,1,78,120,2016,7,16,5,3,2,6,0,0,0,1,0,0,0,1,6.91241E+20,5.3524E+21,1.15786E+16,4.82959E+16
77395,77396,9,6,71,112,2016,7,15,4,3,9,6,0,0,0,1,0,0,0,0,5.18917E+20,5.53672E+21,9.26387E+15,4.99825E+16
77396,77397,9,1,89,152,2016,7,15,6,2,5,3,0,0,0,1,0,1,0,0,7.82343E+20,5.32656E+21,1.27875E+16,4.80298E+16
77397,77398,9,6,61,0,2016,7,18,5,3,2,6,0,0,0,1,0,0,0,0,5.07295E+20,5.53268E+21,9.10168E+15,4.99464E+16
77398,77399,9,1,71,123,2016,7,11,5,3,0,3,0,0,0,0,0,1,1,0,7.84605E+20,5.35067E+21,1.28338E+16,4.82453E+16
77399,77400,9,1,72,111,2016,7,15,4,3,5,3,0,0,0,1,0,0,0,0,7.95624E+20,5.30101E+21,1.29477E+16,4.77945E+16
77400,77401,9,5,64,0,2016,7,12,4,3,5,2,0,1,1,1,0,0,0,0,6.5377E+20,5.47815E+21,1.1121E+16,4.94365E+16
77401,77402,9,1,62,0,2016,7,21,4,2,2,6,2,1,0,1,0,1,0,0,6.96447E+20,5.33511E+21,1.16407E+16,4.81389E+16
77402,77403,9,1,84,119,2016,7,14,5,3,5,3,0,0,0,1,0,0,0,0,6.95576E+20,5.34723E+21,1.16346E+16,4.82481E+16
77403,77404,9,7,77,158,2016,7,7,4,3,2,6,0,0,0,1,0,0,0,1,6.20187E+20,5.31053E+21,1.06092E+16,4.79368E+16
77404,77405,9,1,76,121,2016,7,12,7,2,8,1,0,0,0,0,0,1,0,0,6.5241E+20,5.41288E+21,1.10776E+16,4.88502E+16
77405,77406,9,7,61,0,2016,7,19,6,2,2,6,0,0,0,1,0,0,0,0,6.40485E+20,5.36398E+21,1.08985E+16,4.84133E+16
77406,77407,9,2,76,126,2016,7,13,7,2,5,3,0,0,0,0,0,1,0,1,8.10889E+20,5.42153E+21,1.32398E+16,4.88687E+16
77407,77408,9,5,62,0,2016,8,15,2,3,0,3,0,0,0,1,0,0,0,1,6.4351E+20,5.49281E+21,1.09849E+16,4.95708E+16
77408,77409,9,3,74,162,2016,7,0,1,3,4,1,2,0,0,1,0,0,0,0,7.39944E+20,5.5041E+21,1.23237E+16,4.96417E+16
77409,77410,9,2,78,116,2016,7,12,1,3,9,7,0,1,0,0,0,1,0,0,7.65594E+20,5.43175E+21,1.26302E+16,4.89815E+16
77410,77411,9,6,77,157,2016,7,0,7,3,2,6,2,0,0,1,0,0,1,0,5.40617E+20,5.51833E+21,9.5646E+15,4.9816E+16
77411,77412,9,1,75,132,2016,8,19,3,3,5,3,0,0,1,1,0,0,0,0,7.0611E+20,5.33081E+21,1.17684E+16,4.80972E+16
77412,77413,9,4,71,154,2016,7,13,7,3,5,3,0,0,0,1,0,0,0,0,6.24275E+20,5.52833E+21,1.07303E+16,4.98944E+16
77413,77414,9,5,74,155,2016,7,14,7,3,8,1,0,0,0,0,0,1,0,0,6.70357E+20,5.49294E+21,1.1356E+16,4.9565E+16
77414,77415,9,1,84,136,2016,7,10,6,3,5,3,0,0,0,1,0,0,0,1,6.98553E+20,5.32637E+21,1.16649E+16,4.80597E+16
77415,77416,9,4,72,175,2016,7,14,6,3,1,6,0,0,0,1,0,0,0,0,6.80756E+20,5.51158E+21,1.15082E+16,4.97295E+16
77416,77417,9,7,72,207,2016,7,12,6,1,4,7,0,0,0,1,0,0,1,0,6.40687E+20,5.38196E+21,1.09073E+16,4.8575E+16
77417,77418,9,5,75,168,2016,8,12,2,3,2,6,0,0,0,1,0,0,0,0,5.88626E+20,5.48907E+21,1.02252E+16,4.95478E+16
77418,77419,9,3,71,151,2016,8,14,2,3,0,7,0,0,1,0,0,0,0,0,6.99512E+20,5.48634E+21,1.17554E+16,4.94968E+16
77419,77420,9,1,89,113,2016,8,17,2,3,3,6,0,0,0,1,0,0,0,1,7.67502E+20,5.30333E+21,1.25744E+16,4.78276E+16
77420,77421,9,1,89,134,2016,7,12,1,3,8,7,0,0,0,0,0,1,0,0,7.7271E+20,5.32314E+21,1.26563E+16,4.80034E+16
77421,77422,9,5,64,0,2016,8,19,2,2,0,1,0,0,1,0,0,0,0,0,6.51384E+20,5.47076E+21,1.10853E+16,4.93707E+16
77422,77423,9,1,90,132,2016,7,16,1,3,9,1,0,1,0,1,0,0,0,0,6.76441E+20,5.29533E+21,1.13557E+16,4.77871E+16
77423,77424,9,1,86,149,2016,8,10,3,3,2,6,0,0,0,1,0,0,0,0,6.87961E+20,5.38665E+21,1.15498E+16,4.86047E+16
77424,77425,9,1,88,124,2016,8,10,2,3,2,6,0,0,0,1,0,0,0,0,6.59231E+20,5.32272E+21,1.11362E+16,4.80379E+16
77425,77426,9,6,76,160,2016,7,13,7,3,5,3,0,0,0,1,0,1,0,0,5.11043E+20,5.52719E+21,9.15376E+15,4.9897E+16
77426,77427,9,1,62,0,2016,8,20,2,3,0,1,1,0,0,0,0,1,0,0,6.952E+20,5.3314E+21,1.16222E+16,4.81059E+16
77427,77428,9,4,71,189,2016,7,19,7,3,8,1,0,0,0,0,0,1,0,0,6.52518E+20,5.53815E+21,1.11272E+16,4.99762E+16
77428,77429,9,5,71,181,2016,7,16,7,3,3,6,0,0,0,1,0,0,0,0,5.88163E+20,5.46994E+21,1.02145E+16,4.93758E+16
77429,77430,9,7,78,216,2016,7,18,6,2,2,6,0,0,0,1,0,0,0,0,6.25375E+20,5.32069E+21,1.06816E+16,4.80272E+16
77430,77431,9,7,72,177,2016,7,15,6,1,4,6,0,0,0,1,0,0,0,0,6.36228E+20,5.37932E+21,1.0846E+16,4.85522E+16
77431,77432,9,4,74,129,2016,8,14,2,3,0,2,0,0,0,1,0,1,0,0,6.68911E+20,5.51527E+21,1.13456E+16,4.97661E+16
77432,77433,9,1,71,117,2016,7,5,1,2,8,1,1,1,0,1,0,0,0,0,7.68551E+20,5.33935E+21,1.26109E+16,4.81507E+16
77433,77434,9,2,75,135,2016,8,13,2,3,5,3,0,0,0,1,0,0,0,0,8.26496E+20,5.40233E+21,1.34368E+16,4.86885E+16
77434,77435,9,1,72,124,2016,8,12,2,1,5,7,0,0,0,1,0,1,0,0,8.02988E+20,5.28779E+21,1.30366E+16,4.76724E+16
77435,77436,9,1,87,157,2016,7,16,7,2,9,1,0,0,0,0,0,1,0,0,7.31028E+20,5.2845E+21,1.20778E+16,4.76725E+16
77436,77437,9,7,72,163,2016,7,16,1,3,4,1,0,1,0,1,0,0,0,0,6.385E+20,5.34668E+21,1.0866E+16,4.82582E+16
77437,77438,9,7,80,133,2016,8,9,2,2,0,7,0,0,1,0,0,0,0,0,5.94849E+20,5.25273E+21,1.02575E+16,4.74211E+16
77438,77439,9,7,61,0,2016,7,17,6,3,2,6,0,0,0,1,0,1,0,0,6.44984E+20,5.35546E+21,1.09564E+16,4.83357E+16
77439,77440,9,7,75,135,2016,7,7,6,3,2,6,0,0,0,1,0,0,0,0,5.77584E+20,5.36017E+21,1.0048E+16,4.839E+16
77440,77441,9,2,71,119,2016,7,18,7,3,1,6,0,0,0,1,0,0,0,0,7.94106E+20,5.41246E+21,1.30051E+16,4.87955E+16
77441,77442,9,1,77,133,2016,8,11,2,3,5,3,0,0,0,1,0,0,1,0,7.13643E+20,5.3559E+21,1.1882E+16,4.83201E+16
77442,77443,9,7,75,135,2016,8,17,2,3,4,2,0,0,1,1,0,0,0,0,5.74466E+20,5.35934E+21,1.00057E+16,4.83828E+16
77443,77444,9,4,73,153,2016,7,7,7,3,5,3,0,0,0,1,0,0,0,0,6.4213E+20,5.56543E+21,1.09925E+16,5.0224E+16
77444,77445,9,7,78,221,2016,7,11,6,3,8,1,0,0,0,1,0,0,0,0,5.94857E+20,5.33791E+21,1.02763E+16,4.81874E+16
77445,77446,9,4,74,126,2016,7,13,7,3,6,4,0,0,0,1,1,0,0,0,6.51067E+20,5.50911E+21,1.10956E+16,4.97155E+16
77446,77447,9,7,72,163,2016,8,21,2,3,2,6,2,0,0,1,0,0,0,0,6.38532E+20,5.34767E+21,1.08668E+16,4.82671E+16
77447,77448,9,7,61,0,2016,7,6,6,3,5,3,0,0,1,1,0,0,0,0,6.43025E+20,5.35758E+21,1.09307E+16,4.83552E+16
77448,77449,9,5,63,0,2016,7,10,1,3,2,6,0,0,0,1,0,0,0,0,6.44143E+20,5.47992E+21,1.0989E+16,4.94548E+16
77449,77450,9,3,75,117,2016,8,12,2,2,2,6,0,0,0,1,0,0,0,0,7.44348E+20,5.43259E+21,1.23408E+16,4.89978E+16
77450,77451,9,1,76,114,2016,7,22,1,3,0,1,2,0,1,0,0,0,0,0,6.82447E+20,5.43219E+21,1.14953E+16,4.90156E+16
77451,77452,9,2,74,127,2016,8,15,2,3,4,2,0,0,0,1,0,0,1,0,7.34997E+20,5.39585E+21,1.21921E+16,4.86714E+16
77452,77453,9,1,85,149,2016,8,16,2,2,5,3,0,0,0,1,0,1,0,0,6.66457E+20,5.39825E+21,1.1263E+16,4.8715E+16
77453,77454,9,1,76,129,2016,7,16,7,3,8,1,0,0,0,1,0,0,0,0,6.89744E+20,5.40758E+21,1.15836E+16,4.87922E+16
77454,77455,9,5,62,0,2016,7,17,1,3,9,1,0,0,0,1,0,0,0,0,6.46806E+20,5.48933E+21,1.10292E+16,4.95388E+16
77455,77456,9,6,79,114,2016,7,14,6,3,8,1,0,0,0,0,0,0,0,1,5.74503E+20,5.48859E+21,1.00299E+16,4.95453E+16
77456,77457,9,2,78,179,2016,7,16,7,2,1,1,0,0,0,1,0,1,0,1,7.64158E+20,5.43876E+21,1.26152E+16,4.90451E+16