FID,OBJECTID,ULAND,UREGBEZ,UKREIS,UGEMEINDE,UJAHR,UMONAT,USTUNDE,UWOCHENTAG,UKATEGORIE,UART,UTYP1,ULICHTVERH,IstStrasse,IstRad,IstPKW,IstFuss,IstKrad,IstGkfz,IstSonstig,LINREFX,LINREFY,XGCSWGS84,YGCSWGS84
77457,77458,9,3,73,140,2016,8,3,2,3,8,7,2,0,0,1,0,0,1,0,6.78394E+20,5.47699E+21,1.14598E+16,4.94194E+16
77458,77459,9,4,77,136,2016,7,20,1,3,5,3,0,0,0,1,0,0,0,0,6.70668E+20,5.55291E+21,1.13867E+16,5.01039E+16
77459,77460,9,3,76,119,2016,7,23,1,3,8,1,2,1,0,1,0,0,0,0,7.18087E+20,5.45817E+21,1.19961E+16,4.92374E+16
77460,77461,9,7,75,134,2016,7,14,7,3,8,1,0,0,0,0,0,1,0,0,5.81554E+20,5.36316E+21,1.01022E+16,4.84163E+16
77461,77462,9,7,72,111,2016,7,7,7,3,2,6,0,0,0,1,0,0,0,0,6.2677E+20,5.36413E+21,1.07133E+16,4.84175E+16
77462,77463,9,1,81,114,2016,8,7,3,3,5,3,0,0,0,1,0,0,0,0,6.57192E+20,5.3123E+21,1.11051E+16,4.79447E+16
77463,77464,9,6,77,131,2016,8,19,2,3,1,6,0,0,0,1,0,0,0,0,5.50046E+20,5.54456E+21,9.69905E+15,5.00512E+16
77464,77465,9,6,79,138,2016,7,8,6,2,5,2,0,0,0,1,0,0,0,0,5.68384E+20,5.49939E+21,9.94721E+15,4.96431E+16
77465,77466,9,5,75,150,2016,7,3,1,3,8,1,2,0,0,1,0,0,0,0,6.13642E+20,5.50449E+21,1.05754E+16,4.96822E+16
77466,77467,9,1,62,0,2016,7,9,7,3,5,3,0,0,0,1,0,0,0,1,6.86223E+20,5.33526E+21,1.15035E+16,4.81433E+16
77467,77468,9,7,76,118,2016,7,13,7,1,2,2,0,0,0,1,0,1,0,0,5.77966E+20,5.27754E+21,1.00381E+16,4.76466E+16
77468,77469,9,1,81,130,2016,8,6,2,3,2,6,0,0,0,1,0,0,0,0,6.39257E+20,5.3253E+21,1.08692E+16,4.80657E+16
77469,77470,9,1,81,146,2016,7,5,7,3,2,6,0,0,0,1,0,0,0,0,6.49532E+20,5.32558E+21,1.10072E+16,4.8066E+16
77470,77471,9,6,75,149,2016,7,12,6,2,5,3,0,0,0,1,0,1,0,0,5.82542E+20,5.50443E+21,1.01443E+16,4.96868E+16
77471,77472,9,2,77,133,2016,7,4,7,3,4,6,2,0,0,1,0,0,1,0,7.67121E+20,5.36855E+21,1.26101E+16,4.84134E+16
77472,77473,9,5,65,0,2016,8,16,2,3,0,2,0,0,0,0,0,1,0,0,6.47717E+20,5.46565E+21,1.10329E+16,4.93257E+16
77473,77474,9,3,62,0,2016,7,12,1,3,1,6,0,1,1,0,0,0,0,0,7.30318E+20,5.43498E+21,1.21507E+16,4.90246E+16
77474,77475,9,2,79,132,2016,7,15,1,3,9,1,0,1,0,0,0,1,0,0,7.70441E+20,5.40021E+21,1.26755E+16,4.86962E+16
77475,77476,9,1,86,137,2016,8,6,3,3,9,1,0,0,0,1,0,0,1,0,6.882E+20,5.40046E+21,1.15593E+16,4.87287E+16
77476,77477,9,6,72,139,2016,7,7,7,3,2,6,0,0,0,1,0,0,0,0,5.65702E+20,5.56262E+21,9.92083E+15,5.02121E+16
77477,77478,9,1,78,124,2016,8,16,3,3,4,6,0,0,0,0,0,0,1,0,6.99682E+20,5.36507E+21,1.16983E+16,4.84072E+16
77478,77479,9,3,63,0,2016,7,6,7,2,4,1,0,0,0,1,0,0,0,1,7.2688E+20,5.50243E+21,1.21421E+16,4.96318E+16
77479,77480,9,5,73,125,2016,7,20,7,3,5,3,0,0,0,1,0,1,0,0,6.37E+20,5.47316E+21,1.08881E+16,4.93957E+16
77480,77481,9,1,84,142,2016,7,14,6,3,0,7,0,0,1,0,0,0,0,0,6.8411E+20,5.31668E+21,1.14671E+16,4.79769E+16
77481,77482,9,4,77,136,2016,7,15,6,3,1,6,0,0,0,1,0,0,0,0,6.70329E+20,5.55233E+21,1.13817E+16,5.00988E+16
77482,77483,9,3,73,113,2016,7,17,7,3,2,6,0,0,0,1,0,0,0,0,6.77929E+20,5.46825E+21,1.14495E+16,4.9341E+16
77483,77484,9,5,62,0,2016,7,16,7,3,0,7,0,0,1,0,0,0,0,0,6.42871E+20,5.49464E+21,1.09767E+16,4.95875E+16
77484,77485,9,1,77,115,2016,7,18,7,3,0,3,0,0,0,1,0,0,0,0,7.29034E+20,5.35333E+21,1.2088E+16,4.82917E+16
77485,77486,9,4,72,199,2016,7,15,6,3,6,4,0,0,0,1,1,0,0,0,6.952E+20,5.53569E+21,1.17206E+16,4.99416E+16
77486,77487,9,6,74,163,2016,7,16,6,2,1,6,0,0,0,1,0,0,1,0,6.08212E+20,5.54E+21,1.051E+16,5.00025E+16
77487,77488,9,2,74,184,2016,7,14,7,3,4,2,0,0,1,1,0,0,0,0,7.48679E+20,5.37168E+21,1.23632E+16,4.84491E+16
77488,77489,9,5,71,193,2016,8,15,2,3,4,6,0,0,0,1,0,0,1,0,5.8387E+20,5.46872E+21,1.01552E+16,4.93654E+16
77489,77490,9,3,75,180,2016,8,18,2,3,5,3,0,0,0,1,0,0,0,0,7.24232E+20,5.42929E+21,1.20644E+16,4.89758E+16
77490,77491,9,1,73,112,2016,7,17,1,3,7,1,0,1,1,0,0,0,0,0,6.91542E+20,5.2941E+21,1.15566E+16,4.77718E+16
77491,77492,9,1,74,146,2016,8,18,3,2,9,7,0,0,0,1,0,0,1,0,6.68988E+20,5.34961E+21,1.12777E+16,4.82771E+16
77492,77493,9,1,78,155,2016,8,10,2,3,4,6,0,0,0,1,0,0,0,0,7.16344E+20,5.37412E+21,1.19278E+16,4.84829E+16
77493,77494,9,6,71,111,2016,7,14,7,3,5,3,0,0,0,1,0,1,0,0,5.02275E+20,5.54957E+21,9.0318E+15,5.00984E+16
77494,77495,9,1,62,0,2016,8,18,2,3,2,6,0,0,0,1,0,0,0,0,6.88672E+20,5.33591E+21,1.15366E+16,4.81484E+16
77495,77496,9,3,75,180,2016,7,11,7,3,2,6,0,0,0,1,0,0,0,0,7.23836E+20,5.4316E+21,1.20603E+16,4.89967E+16
77496,77497,9,5,71,189,2016,7,17,7,2,8,2,0,0,0,0,0,1,0,1,6.20629E+20,5.44892E+21,1.06553E+16,4.91812E+16
77497,77498,9,4,74,176,2016,7,15,7,2,8,1,0,0,0,0,0,1,0,0,6.60906E+20,5.52201E+21,1.12373E+16,4.98289E+16
77498,77499,9,7,76,130,2016,8,17,2,3,2,6,0,0,0,1,0,0,0,0,5.54911E+20,5.27186E+21,9.73045E+15,4.75978E+16
77499,77500,9,6,74,219,2016,7,15,6,2,1,6,0,0,0,1,0,0,0,0,6.05084E+20,5.5402E+21,1.04664E+16,5.00049E+16
77500,77501,9,3,77,129,2016,8,14,2,3,5,3,0,0,0,1,0,0,0,0,7.1499E+20,5.5263E+21,1.19908E+16,4.98505E+16
77501,77502,9,1,87,182,2016,7,6,1,3,9,1,0,0,0,1,0,0,0,0,7.39472E+20,5.32786E+21,1.22141E+16,4.8059E+16
77502,77503,9,2,75,141,2016,8,11,2,2,2,6,0,0,0,1,0,1,0,0,8.14305E+20,5.36992E+21,1.32472E+16,4.84039E+16
77503,77504,9,6,72,149,2016,7,0,6,3,8,1,2,1,0,1,0,0,0,0,5.62427E+20,5.56563E+21,9.87543E+15,5.02395E+16
77504,77505,9,4,73,141,2016,8,14,2,3,5,3,0,0,0,1,0,1,0,0,6.4095E+20,5.57469E+21,1.09795E+16,5.03074E+16
77505,77506,9,2,71,151,2016,8,9,2,3,2,6,0,0,0,1,0,0,0,0,7.81757E+20,5.41134E+21,1.28365E+16,4.87911E+16
77506,77507,9,1,71,118,2016,8,0,2,2,4,6,2,1,0,1,0,0,1,0,7.85715E+20,5.35061E+21,1.28487E+16,4.82442E+16
77507,77508,9,7,63,0,2016,7,19,1,3,8,1,0,1,0,1,0,0,0,0,5.9931E+20,5.29117E+21,1.03253E+16,4.77662E+16
77508,77509,9,7,64,0,2016,8,13,2,3,2,6,0,0,0,1,0,0,0,0,5.88162E+20,5.31463E+21,1.01814E+16,4.79789E+16
77509,77510,9,7,74,185,2016,7,18,6,3,4,2,0,0,0,1,0,1,0,0,6.08654E+20,5.3489E+21,1.04647E+16,4.8284E+16
77510,77511,9,7,61,0,2016,8,8,2,3,2,6,0,0,0,1,0,0,0,0,6.44689E+20,5.35725E+21,1.0953E+16,4.83518E+16
77511,77512,9,6,74,163,2016,7,13,6,3,5,3,0,0,0,1,0,0,0,0,6.11102E+20,5.53896E+21,1.055E+16,4.99926E+16
77512,77513,9,5,64,0,2016,7,20,1,3,0,1,0,0,1,0,0,0,0,0,6.48043E+20,5.47726E+21,1.10417E+16,4.943E+16
77513,77514,9,1,74,113,2016,7,5,1,2,9,7,1,0,0,1,0,0,0,0,6.69492E+20,5.3492E+21,1.12843E+16,4.82733E+16
77514,77515,9,2,79,132,2016,8,6,2,3,2,2,0,0,0,1,0,0,0,0,7.70035E+20,5.40202E+21,1.26712E+16,4.87127E+16
77515,77516,9,1,61,0,2016,8,21,2,3,5,3,1,0,0,1,0,1,0,0,6.81486E+20,5.40521E+21,1.14702E+16,4.87734E+16
77516,77517,9,1,86,130,2016,7,11,7,3,2,1,0,0,0,1,0,0,0,0,6.8552E+20,5.37314E+21,1.15107E+16,4.8484E+16
77517,77518,9,6,74,164,2016,7,13,6,3,4,6,0,0,0,1,0,0,0,1,6.11793E+20,5.54842E+21,1.05624E+16,5.00775E+16
77518,77519,9,1,61,0,2016,8,14,2,3,2,2,0,0,0,1,0,0,0,0,6.79606E+20,5.4054E+21,1.14447E+16,4.87757E+16
77519,77520,9,1,82,137,2016,7,14,7,2,1,6,0,0,0,1,0,0,0,0,7.10773E+20,5.30226E+21,1.18169E+16,4.78391E+16
77520,77521,9,6,72,127,2016,7,18,1,2,9,1,0,0,0,0,0,1,0,0,5.64208E+20,5.54991E+21,9.89776E+15,5.0098E+16
77521,77522,9,7,76,116,2016,8,11,2,3,5,3,0,0,0,1,0,1,0,0,5.52939E+20,5.2676E+21,9.70372E+15,4.75597E+16
77522,77523,9,6,72,127,2016,7,15,6,3,8,1,0,0,0,0,0,1,0,0,5.63953E+20,5.55023E+21,9.89423E+15,5.01008E+16
77523,77524,9,2,74,134,2016,7,0,7,3,4,6,2,0,0,1,0,0,0,0,7.39458E+20,5.37534E+21,1.22408E+16,4.84856E+16
77524,77525,9,6,75,147,2016,8,15,2,3,5,3,0,0,1,1,0,0,0,0,5.82626E+20,5.50245E+21,1.01451E+16,4.96689E+16
77525,77526,9,6,73,184,2016,7,13,6,3,5,3,0,0,0,1,0,0,0,0,5.91803E+20,5.57617E+21,1.02898E+16,5.03305E+16
77526,77527,9,4,79,159,2016,7,5,1,3,8,1,1,1,0,1,0,0,0,0,7.21294E+20,5.55524E+21,1.2095E+16,5.01081E+16
77527,77528,9,3,73,151,2016,7,7,1,3,8,1,0,1,0,1,0,0,0,0,7.02537E+20,5.45496E+21,1.17812E+16,4.9214E+16
77528,77529,9,1,62,0,2016,7,10,7,3,5,2,0,0,1,1,0,0,0,0,6.88328E+20,5.34019E+21,1.15339E+16,4.8187E+16
77529,77530,9,7,62,0,2016,7,11,7,2,0,1,0,0,1,0,0,0,0,0,6.2161E+20,5.30887E+21,1.06278E+16,4.79216E+16
77530,77531,9,3,72,112,2016,7,9,7,3,1,6,0,0,0,1,0,0,0,0,7.78313E+20,5.4668E+21,1.28278E+16,4.92905E+16
77531,77532,9,5,72,135,2016,7,15,7,3,3,7,0,0,0,1,0,0,0,1,6.31557E+20,5.50957E+21,1.08253E+16,4.97242E+16
77532,77533,9,1,88,124,2016,7,4,7,2,6,6,2,0,0,1,1,0,0,0,6.63228E+20,5.32039E+21,1.11889E+16,4.80159E+16
77533,77534,9,4,62,0,2016,7,18,6,1,5,3,0,0,0,1,0,1,0,0,6.81532E+20,5.5342E+21,1.15296E+16,4.99325E+16
77534,77535,9,6,72,114,2016,7,7,6,3,4,1,0,1,0,1,0,0,0,0,5.78828E+20,5.55643E+21,1.01035E+16,5.01549E+16
77535,77536,9,2,73,116,2016,7,15,7,3,0,1,0,0,0,0,0,1,0,0,7.25663E+20,5.42076E+21,1.20792E+16,4.88986E+16
77536,77537,9,5,64,0,2016,8,19,2,3,2,6,0,0,0,1,0,0,0,0,6.53619E+20,5.47336E+21,1.11171E+16,4.93935E+16
77537,77538,9,2,74,182,2016,7,15,7,3,2,6,0,0,0,1,0,0,0,0,7.28965E+20,5.37807E+21,1.21005E+16,4.8514E+16
77538,77539,9,5,62,0,2016,8,13,2,3,5,3,0,0,1,1,0,0,0,0,6.44732E+20,5.49369E+21,1.10021E+16,4.95784E+16
77539,77540,9,4,74,147,2016,7,17,1,3,8,1,0,1,0,1,0,0,0,0,6.57373E+20,5.50706E+21,1.11822E+16,4.96955E+16
77540,77541,9,2,78,123,2016,7,18,1,3,8,1,0,0,0,1,0,0,0,0,7.44724E+20,5.41658E+21,1.23364E+16,4.88539E+16
77541,77542,9,7,77,129,2016,7,7,7,2,2,6,2,0,0,1,0,0,0,0,6.24766E+20,5.26948E+21,1.06587E+16,4.75668E+16
77542,77543,9,7,61,0,2016,7,13,7,3,0,7,0,0,1,0,0,0,0,0,6.38253E+20,5.36132E+21,1.08675E+16,4.83899E+16
77543,77544,9,1,74,126,2016,8,16,3,2,5,3,0,0,1,1,0,0,0,0,6.83079E+20,5.34447E+21,1.14652E+16,4.8227E+16
77544,77545,9,3,75,120,2016,7,9,7,3,0,2,0,0,1,1,0,0,0,0,7.46128E+20,5.43821E+21,1.23685E+16,4.90475E+16
77545,77546,9,5,72,131,2016,7,11,7,3,5,3,0,0,0,1,0,1,0,0,6.57797E+20,5.49174E+21,1.11819E+16,4.95576E+16
77546,77547,9,1,84,135,2016,7,5,6,3,2,6,0,0,0,1,0,0,0,1,6.92977E+20,5.34544E+21,1.15988E+16,4.82328E+16
77547,77548,9,4,74,126,2016,7,17,6,3,2,2,0,0,0,1,0,0,0,0,6.48958E+20,5.50721E+21,1.10657E+16,4.9699E+16
77548,77549,9,6,76,119,2016,7,10,6,3,8,1,0,0,0,1,0,0,0,0,5.26361E+20,5.50284E+21,9.36538E+15,4.96775E+16
77549,77550,9,5,71,136,2016,8,11,2,3,5,3,0,0,0,1,0,0,0,0,5.96732E+20,5.43698E+21,1.03246E+16,4.90781E+16
77550,77551,9,3,72,164,2016,8,19,2,3,8,1,0,0,0,1,0,0,0,0,7.66953E+20,5.44831E+21,1.26596E+16,4.91295E+16
77551,77552,9,2,79,112,2016,8,15,2,2,5,3,0,0,0,1,0,0,1,0,7.53338E+20,5.39389E+21,1.24396E+16,4.86467E+16
77552,77553,9,1,89,145,2016,7,13,1,3,2,6,0,0,0,1,0,0,0,0,7.70099E+20,5.30358E+21,1.26092E+16,4.78288E+16
77553,77554,9,1,77,117,2016,8,14,2,3,4,6,0,0,1,1,0,0,0,0,7.16425E+20,5.35428E+21,1.19187E+16,4.83046E+16
77554,77555,9,1,84,141,2016,8,17,2,3,5,2,0,0,1,1,0,0,0,0,6.98078E+20,5.31657E+21,1.1654E+16,4.79718E+16
77555,77556,9,4,73,165,2016,7,8,7,3,8,7,0,0,0,1,0,0,0,0,6.33425E+20,5.56322E+21,1.08698E+16,5.02061E+16
77556,77557,9,7,63,0,2016,7,20,6,3,0,7,0,0,1,0,0,0,0,0,5.9769E+20,5.28642E+21,1.03027E+16,4.77238E+16
77557,77558,9,2,79,112,2016,7,10,1,3,0,7,0,1,1,0,0,0,0,0,7.54915E+20,5.39118E+21,1.24593E+16,4.86217E+16
77558,77559,9,1,61,0,2016,8,21,3,3,0,7,2,0,1,0,0,0,0,0,6.76522E+20,5.40822E+21,1.1404E+16,4.88019E+16
77559,77560,9,1,88,139,2016,8,12,2,3,4,6,0,0,0,1,0,1,1,0,6.73053E+20,5.3223E+21,1.13213E+16,4.80305E+16
77560,77561,9,6,62,0,2016,7,17,7,3,2,2,0,0,0,1,0,0,0,0,5.88083E+20,5.54542E+21,1.02305E+16,5.00546E+16
77561,77562,9,1,75,124,2016,8,14,3,2,2,6,0,0,0,1,0,0,0,0,7.1501E+20,5.32867E+21,1.18867E+16,4.8075E+16
77562,77563,9,3,72,161,2016,7,20,7,3,8,1,0,0,0,0,0,1,0,0,7.57288E+20,5.462E+21,1.25362E+16,4.92566E+16
77563,77564,9,5,77,125,2016,7,14,7,3,0,1,0,0,0,1,0,1,0,0,6.44096E+20,5.43829E+21,1.09733E+16,4.90806E+16
77564,77565,9,1,62,0,2016,7,12,6,3,5,2,0,0,1,1,0,0,0,0,6.93831E+20,5.33164E+21,1.1604E+16,4.81085E+16
77565,77566,9,6,71,160,2016,7,7,6,3,4,1,0,1,0,1,0,0,1,0,5.25508E+20,5.52587E+21,9.35507E+15,4.98847E+16
77566,77567,9,4,62,0,2016,8,10,2,3,2,6,0,0,0,1,0,0,0,0,6.87292E+20,5.53783E+21,1.16115E+16,4.99634E+16
77567,77568,9,2,71,113,2016,8,5,2,3,9,7,0,0,0,1,0,0,0,0,8.03271E+20,5.41553E+21,1.31318E+16,4.88187E+16
77568,77569,9,1,89,154,2016,8,16,2,3,2,6,0,0,0,1,0,0,0,0,7.66331E+20,5.31784E+21,1.25677E+16,4.79584E+16
77569,77570,9,1,84,114,2016,7,10,7,3,9,1,0,0,0,0,0,1,0,0,6.97994E+20,5.32277E+21,1.16557E+16,4.80275E+16
77570,77571,9,7,72,147,2016,7,19,1,2,8,6,0,0,0,1,0,0,0,0,6.35398E+20,5.36435E+21,1.083E+16,4.84178E+16
77571,77572,9,7,74,122,2016,8,13,2,3,4,6,0,0,0,1,0,0,0,0,6.07579E+20,5.35385E+21,1.04514E+16,4.83287E+16
77572,77573,9,6,71,134,2016,7,16,6,3,5,3,0,0,1,1,0,0,0,0,5.00464E+20,5.5462E+21,9.00649E+15,5.00681E+16
77573,77574,9,7,76,112,2016,7,13,6,2,4,1,0,0,0,1,0,0,1,0,5.74607E+20,5.28088E+21,9.99397E+15,4.7677E+16
77574,77575,9,1,73,147,2016,7,17,7,2,0,1,0,0,1,0,0,0,0,0,6.8208E+20,5.30829E+21,1.14364E+16,4.79021E+16
77575,77576,9,6,77,146,2016,8,11,2,3,4,6,0,0,0,1,0,0,1,0,5.45973E+20,5.52368E+21,9.63968E+15,4.98637E+16
77576,77577,9,5,64,0,2016,7,11,6,3,2,1,0,0,0,1,0,1,0,0,6.5713E+20,5.47316E+21,1.11653E+16,4.93908E+16
77577,77578,9,5,75,168,2016,7,17,1,3,1,6,0,0,0,1,0,0,0,0,5.86682E+20,5.48492E+21,1.01974E+16,4.95107E+16
77578,77579,9,7,79,203,2016,8,21,2,2,8,1,2,0,0,0,0,1,0,0,6.11234E+20,5.41069E+21,1.05159E+16,4.88392E+16
77579,77580,9,5,72,135,2016,7,23,6,3,0,7,2,0,1,0,0,0,0,0,6.30479E+20,5.50719E+21,1.08096E+16,4.97031E+16
77580,77581,9,5,74,164,2016,7,6,1,3,2,6,1,0,0,1,0,0,0,0,6.66993E+20,5.47473E+21,1.13018E+16,4.94023E+16
77581,77582,9,3,75,118,2016,8,22,2,3,0,1,2,1,0,1,0,0,0,0,7.07818E+20,5.44788E+21,1.18499E+16,4.91485E+16
77582,77583,9,1,87,118,2016,7,16,1,3,4,2,0,0,0,1,0,0,0,0,7.51545E+20,5.30218E+21,1.23609E+16,4.78237E+16
77583,77584,9,2,74,124,2016,8,1,2,2,0,1,2,0,0,1,0,0,0,0,7.23814E+20,5.37726E+21,1.20304E+16,4.85085E+16
77584,77585,9,1,86,162,2016,8,7,2,3,2,6,0,0,0,1,0,0,0,0,6.9182E+20,5.38483E+21,1.16012E+16,4.85872E+16
77585,77586,9,1,87,129,2016,7,7,7,3,8,1,0,0,1,0,0,0,0,0,7.24639E+20,5.29507E+21,1.19982E+16,4.77698E+16
77586,77587,9,6,61,0,2016,7,15,1,2,0,7,0,0,0,0,0,1,0,0,5.09373E+20,5.53558E+21,9.13072E+15,4.99724E+16
77587,77588,9,5,72,132,2016,7,14,6,3,5,6,0,0,1,1,0,0,0,0,6.38548E+20,5.49132E+21,1.09158E+16,4.95586E+16
77588,77589,9,1,90,120,2016,7,20,7,2,5,7,0,0,0,1,0,0,0,1,6.63937E+20,5.29595E+21,1.11891E+16,4.77961E+16
77589,77590,9,6,76,133,2016,8,6,2,3,0,1,0,1,0,0,0,1,0,0,5.13303E+20,5.52326E+21,9.18509E+15,4.98616E+16
77590,77591,9,4,76,183,2016,7,20,1,3,3,2,0,0,0,1,0,0,0,0,6.70466E+20,5.56921E+21,1.13912E+16,5.02504E+16
77591,77592,9,3,76,161,2016,7,14,1,3,0,1,0,1,0,1,0,0,0,0,7.28861E+20,5.47038E+21,1.21509E+16,4.93431E+16
77592,77593,9,7,75,135,2016,7,15,7,2,5,3,0,0,1,1,0,0,0,0,5.75558E+20,5.36144E+21,1.00209E+16,4.84016E+16
77593,77594,9,7,72,111,2016,7,7,7,2,2,6,0,0,0,1,0,0,0,0,6.25873E+20,5.3642E+21,1.07012E+16,4.84184E+16
77594,77595,9,1,81,126,2016,8,17,3,3,0,3,0,0,1,0,0,0,0,0,6.36891E+20,5.33178E+21,1.08396E+16,4.81246E+16
77595,77596,9,3,72,153,2016,7,14,7,3,4,1,0,0,0,1,0,0,0,1,7.51426E+20,5.45582E+21,1.24519E+16,4.92036E+16
77596,77597,9,5,74,123,2016,7,8,7,3,2,6,0,0,0,1,0,0,0,0,6.59136E+20,5.47361E+21,1.11931E+16,4.93943E+16
77597,77598,9,1,75,119,2016,7,20,7,3,0,1,0,0,0,0,0,1,0,0,7.26543E+20,5.32439E+21,1.2039E+16,4.80326E+16
77598,77599,9,1,62,0,2016,7,19,7,3,5,3,1,0,0,1,0,0,0,1,6.99183E+20,5.32929E+21,1.16747E+16,4.80857E+16
77599,77600,9,7,80,131,2016,7,16,7,2,4,1,0,0,0,0,0,1,0,0,5.86725E+20,5.25421E+21,1.01501E+16,4.74355E+16
77600,77601,9,1,76,147,2016,8,18,2,2,0,1,0,0,0,0,0,1,0,0,6.94268E+20,5.41501E+21,1.16486E+16,4.88576E+16
77601,77602,9,1,81,146,2016,7,6,7,3,7,6,0,0,0,1,0,0,0,0,6.49532E+20,5.32558E+21,1.10072E+16,4.8066E+16
77602,77603,9,5,62,0,2016,7,12,6,3,0,7,0,0,1,0,0,0,0,0,6.4369E+20,5.49032E+21,1.09865E+16,4.95484E+16
77603,77604,9,1,90,153,2016,7,11,7,3,5,3,0,0,0,1,0,0,0,1,6.74252E+20,5.28874E+21,1.13239E+16,4.77285E+16
77604,77605,9,5,65,0,2016,8,0,2,3,4,2,2,0,0,1,0,1,0,0,6.48815E+20,5.46494E+21,1.10478E+16,4.9319E+16
77605,77606,9,3,62,0,2016,7,20,1,3,3,6,1,0,0,1,0,0,0,0,7.25153E+20,5.43537E+21,1.20803E+16,4.90301E+16
77606,77607,9,2,79,132,2016,7,17,1,3,0,1,0,0,0,1,0,0,0,0,7.70437E+20,5.40021E+21,1.26754E+16,4.86962E+16
77607,77608,9,1,87,117,2016,8,9,3,3,7,7,0,0,0,1,0,0,0,0,7.25875E+20,5.30803E+21,1.20215E+16,4.78858E+16
77608,77609,9,6,79,170,2016,7,12,7,3,9,7,0,0,0,0,0,1,0,0,5.7383E+20,5.50428E+21,1.00235E+16,4.96865E+16
77609,77610,9,1,78,123,2016,8,8,3,3,2,1,0,0,0,1,0,0,0,0,6.88128E+20,5.36149E+21,1.15407E+16,4.83785E+16
77610,77611,9,3,75,208,2016,7,19,7,3,9,1,0,0,0,1,0,0,0,0,7.30777E+20,5.43969E+21,1.21596E+16,4.90668E+16
77611,77612,9,5,64,0,2016,7,11,7,3,5,3,0,0,1,1,0,0,0,0,6.48982E+20,5.46936E+21,1.10517E+16,4.93587E+16
77612,77613,9,1,84,149,2016,7,15,6,3,3,6,0,0,0,1,0,1,0,0,6.91356E+20,5.35215E+21,1.158E+16,4.82936E+16
77613,77614,9,3,63,0,2016,7,1,6,3,1,5,2,1,1,1,0,0,0,0,7.27085E+20,5.50695E+21,1.21475E+16,4.96722E+16
77614,77615,9,5,72,131,2016,7,7,6,3,4,2,0,1,0,1,0,0,0,1,6.55597E+20,5.48751E+21,1.11499E+16,4.95202E+16
77615,77616,9,4,75,156,2016,8,18,2,2,5,2,0,0,0,1,0,1,0,0,6.92595E+20,5.57796E+21,1.17057E+16,5.03222E+16
77616,77617,9,3,77,143,2016,7,13,6,3,4,6,0,0,0,1,0,0,1,0,7.12979E+20,5.53366E+21,1.19669E+16,4.99174E+16
77617,77618,9,5,74,123,2016,7,5,6,3,3,6,1,0,1,1,0,0,0,0,6.60802E+20,5.47168E+21,1.12153E+16,4.93766E+16
77618,77619,9,1,83,128,2016,7,16,7,3,4,6,0,0,1,1,0,0,0,0,7.64059E+20,5.35005E+21,1.25573E+16,4.82486E+16
77619,77620,9,5,64,0,2016,8,14,2,3,0,6,0,0,1,0,0,0,0,0,6.47749E+20,5.47976E+21,1.10386E+16,4.94525E+16
77620,77621,9,3,75,199,2016,8,8,2,3,2,6,0,0,0,0,0,1,0,1,7.19825E+20,5.43134E+21,1.20054E+16,4.89958E+16
77621,77622,9,1,80,117,2016,7,13,1,3,2,6,0,1,0,1,0,0,0,0,6.59258E+20,5.26165E+21,1.11142E+16,4.74888E+16
77622,77623,9,1,76,114,2016,8,12,3,3,0,1,0,1,1,0,0,0,0,0,6.8109E+20,5.43342E+21,1.14773E+16,4.9027E+16
77623,77624,9,1,78,113,2016,8,12,2,3,2,6,0,0,0,1,0,0,0,0,6.91561E+20,5.37016E+21,1.1591E+16,4.84554E+16
77624,77625,9,6,76,121,2016,7,21,7,3,0,1,2,0,0,0,0,1,0,0,5.12063E+20,5.52267E+21,9.16782E+15,4.98563E+16
77625,77626,9,1,84,138,2016,8,18,2,3,3,6,0,0,1,0,0,0,0,0,6.81609E+20,5.33071E+21,1.14396E+16,4.81037E+16
77626,77627,9,3,73,114,2016,7,18,7,3,4,6,0,0,0,1,0,0,0,0,6.74483E+20,5.46119E+21,1.1399E+16,4.92785E+16
77627,77628,9,5,71,115,2016,7,17,7,3,5,3,0,0,0,1,0,0,0,1,6.13279E+20,5.44642E+21,1.05538E+16,4.91602E+16
77628,77629,9,7,75,152,2016,7,17,6,3,2,6,0,0,0,1,0,0,0,0,5.77488E+20,5.35271E+21,1.00453E+16,4.83228E+16
77629,77630,9,5,64,0,2016,7,16,6,3,2,6,0,0,0,1,0,0,0,0,6.53847E+20,5.4781E+21,1.1122E+16,4.94361E+16
77630,77631,9,3,74,119,2016,8,6,2,3,8,7,0,0,0,1,0,0,0,0,7.2163E+20,5.49971E+21,1.20679E+16,4.96093E+16
77631,77632,9,1,82,133,2016,7,17,1,3,2,6,0,1,0,1,0,0,0,0,7.0681E+20,5.30636E+21,1.1766E+16,4.78773E+16
77632,77633,9,2,62,0,2016,8,16,2,3,4,2,0,0,0,1,0,0,0,0,8.23025E+20,5.39148E+21,1.33813E+16,4.85929E+16
77633,77634,9,1,61,0,2016,8,17,2,2,5,3,0,0,1,0,0,0,1,0,6.79303E+20,5.40393E+21,1.14399E+16,4.87625E+16
77634,77635,9,1,82,120,2016,7,23,7,3,2,6,2,0,0,1,0,0,0,0,7.03272E+20,5.30605E+21,1.17186E+16,4.78756E+16
77635,77636,9,7,71,113,2016,7,14,1,3,8,1,0,1,0,1,0,0,0,0,6.57401E+20,5.3693E+21,1.1129E+16,4.84571E+16
77636,77637,9,7,76,125,2016,8,14,2,3,2,6,0,0,0,1,0,0,0,0,5.64482E+20,5.27098E+21,9.85763E+15,4.7589E+16