FID,OBJECTID,ULAND,UREGBEZ,UKREIS,UGEMEINDE,UJAHR,UMONAT,USTUNDE,UWOCHENTAG,UKATEGORIE,UART,UTYP1,ULICHTVERH,IstStrasse,IstRad,IstPKW,IstFuss,IstKrad,IstGkfz,IstSonstig,LINREFX,LINREFY,XGCSWGS84,YGCSWGS84
77637,77638,9,3,76,161,2016,8,7,2,3,5,3,0,0,0,1,0,0,0,0,7.283E+20,5.4708E+21,1.21434E+16,4.93471E+16
77638,77639,9,1,89,119,2016,8,1,2,3,9,1,2,1,0,1,0,0,0,0,7.63174E+20,5.30353E+21,1.25168E+16,4.78312E+16
77639,77640,9,1,62,0,2016,7,12,1,3,4,3,0,1,0,1,0,0,0,0,6.86656E+20,5.33184E+21,1.15078E+16,4.81125E+16
77640,77641,9,7,75,134,2016,8,20,2,3,0,7,0,0,1,0,0,0,0,0,5.86467E+20,5.3641E+21,1.01688E+16,4.84241E+16
77641,77642,9,3,73,119,2016,7,18,7,1,9,6,0,0,0,0,0,1,0,0,6.80689E+20,5.45331E+21,1.14807E+16,4.92059E+16
77642,77643,9,4,77,119,2016,7,19,7,2,8,1,0,0,0,1,0,0,0,0,6.85539E+20,5.545E+21,1.15906E+16,5.00284E+16
77643,77644,9,7,80,145,2016,7,16,6,2,4,2,0,0,0,1,0,0,0,0,6.06521E+20,5.27241E+21,1.0417E+16,4.75963E+16
77644,77645,9,7,61,0,2016,8,11,2,3,3,7,0,0,1,0,0,0,1,0,6.39584E+20,5.36089E+21,1.08853E+16,4.83857E+16
77645,77646,9,5,64,0,2016,7,17,6,3,3,6,0,0,0,1,0,1,0,0,6.52408E+20,5.48241E+21,1.11039E+16,4.94752E+16
77646,77647,9,5,64,0,2016,7,1,1,3,5,2,2,0,0,1,0,0,0,0,6.47923E+20,5.48012E+21,1.10411E+16,4.94557E+16
77647,77648,9,1,76,143,2016,7,4,1,2,8,1,1,0,0,1,0,0,0,0,6.8101E+20,5.40842E+21,1.14651E+16,4.88024E+16
77648,77649,9,2,74,187,2016,8,16,2,3,8,1,0,0,0,0,0,1,0,0,7.2437E+20,5.38797E+21,1.20437E+16,4.86045E+16
77649,77650,9,1,85,168,2016,8,7,2,3,2,6,0,0,0,1,0,0,0,0,6.73268E+20,5.39838E+21,1.13556E+16,4.87144E+16
77650,77651,9,1,76,131,2016,7,3,7,3,3,6,2,0,0,1,0,0,0,0,6.81408E+20,5.41179E+21,1.1472E+16,4.88326E+16
77651,77652,9,5,72,133,2016,7,11,1,3,0,7,0,0,1,0,0,0,0,0,6.36559E+20,5.50098E+21,1.08917E+16,4.96459E+16
77652,77653,9,5,73,114,2016,7,13,6,2,2,2,0,0,0,1,0,1,0,0,6.34016E+20,5.47928E+21,1.08491E+16,4.94514E+16
77653,77654,9,1,83,140,2016,7,17,7,3,7,3,0,0,0,1,0,0,0,1,7.42391E+20,5.3437E+21,1.22622E+16,4.82002E+16
77654,77655,9,5,75,167,2016,8,19,2,3,9,1,0,0,0,0,0,1,0,0,6.21025E+20,5.50499E+21,1.06778E+16,4.96853E+16
77655,77656,9,5,77,125,2016,7,17,6,3,2,6,0,0,0,1,0,1,0,0,6.43141E+20,5.43608E+21,1.09595E+16,4.9061E+16
77656,77657,9,7,77,173,2016,7,17,6,3,5,2,0,0,0,1,0,0,0,0,6.36786E+20,5.27667E+21,1.08207E+16,4.7629E+16
77657,77658,9,1,89,157,2016,7,10,7,3,5,3,0,0,0,1,0,0,0,0,7.63595E+20,5.32511E+21,1.25356E+16,4.80248E+16
77658,77659,9,6,75,178,2016,8,17,2,3,8,7,0,1,0,0,0,1,0,1,5.99592E+20,5.51567E+21,1.03835E+16,4.97853E+16
77659,77660,9,5,75,119,2016,7,17,6,3,7,7,0,0,0,0,0,1,0,0,6.10306E+20,5.48973E+21,1.0525E+16,4.95501E+16
77660,77661,9,4,72,139,2016,7,14,1,3,2,5,0,0,0,1,0,0,0,0,6.93211E+20,5.55359E+21,1.17019E+16,5.01031E+16
77661,77662,9,3,72,157,2016,7,7,1,3,8,1,0,0,0,1,0,0,0,0,7.63405E+20,5.4705E+21,1.26257E+16,4.93303E+16
77662,77663,9,1,84,119,2016,7,9,7,3,5,3,0,0,1,0,0,0,0,0,6.96977E+20,5.34784E+21,1.16537E+16,4.82531E+16
77663,77664,9,7,76,116,2016,7,19,7,3,0,7,0,1,0,1,0,1,0,0,5.51392E+20,5.26794E+21,9.68319E+15,4.75628E+16
77664,77665,9,1,81,146,2016,8,8,2,3,2,6,0,0,0,1,0,0,0,0,6.49492E+20,5.3256E+21,1.10066E+16,4.80661E+16
77665,77666,9,1,79,142,2016,7,21,7,3,8,1,2,0,0,1,0,0,0,0,6.74616E+20,5.34471E+21,1.13514E+16,4.82315E+16
77666,77667,9,5,75,133,2016,7,14,6,1,5,3,0,0,0,1,0,0,0,1,5.99411E+20,5.48127E+21,1.03723E+16,4.94759E+16
77667,77668,9,1,89,162,2016,7,7,7,2,9,7,0,0,0,1,0,0,0,0,7.81892E+20,5.31324E+21,1.27727E+16,4.79104E+16
77668,77669,9,5,64,0,2016,8,16,2,3,2,6,0,0,0,1,0,0,0,0,6.52257E+20,5.47751E+21,1.10999E+16,4.94312E+16
77669,77670,9,2,74,134,2016,7,10,1,3,8,7,0,1,0,1,0,0,0,0,7.3817E+20,5.37254E+21,1.22218E+16,4.84608E+16
77670,77671,9,1,86,162,2016,8,15,3,3,0,1,0,1,0,1,0,0,0,0,6.93547E+20,5.38568E+21,1.1625E+16,4.85943E+16
77671,77672,9,6,74,163,2016,7,9,7,3,3,6,0,0,0,1,0,0,0,0,6.10815E+20,5.53776E+21,1.05457E+16,4.99819E+16
77672,77673,9,1,75,124,2016,8,18,3,3,2,6,0,0,0,1,0,0,0,0,7.16356E+20,5.32834E+21,1.19045E+16,4.80716E+16
77673,77674,9,3,73,146,2016,7,16,7,3,5,3,0,0,0,1,0,0,0,0,6.775E+20,5.44823E+21,1.14347E+16,4.91612E+16
77674,77675,9,4,74,134,2016,7,21,1,3,0,1,2,0,0,0,0,1,0,0,6.47242E+20,5.50742E+21,1.1042E+16,4.97013E+16
77675,77676,9,3,71,116,2016,7,16,1,2,8,1,0,1,0,0,0,1,0,0,6.90681E+20,5.47473E+21,1.1628E+16,4.93954E+16
77676,77677,9,7,78,150,2016,7,8,7,2,4,2,0,0,0,1,0,1,0,0,5.8596E+20,5.32081E+21,1.01531E+16,4.80348E+16
77677,77678,9,7,71,146,2016,7,15,7,3,2,6,0,0,0,1,0,0,0,0,6.46395E+20,5.34818E+21,1.09729E+16,4.82699E+16
77678,77679,9,1,74,115,2016,8,8,3,2,4,2,0,0,0,1,0,0,0,0,6.7772E+20,5.35218E+21,1.13964E+16,4.82979E+16
77679,77680,9,3,72,116,2016,7,10,7,3,2,6,0,0,0,1,0,0,0,0,7.67113E+20,5.45701E+21,1.26676E+16,4.92076E+16
77680,77681,9,4,74,173,2016,7,16,7,3,2,6,0,0,0,1,0,0,0,0,6.6265E+20,5.50003E+21,1.12524E+16,4.96309E+16
77681,77682,9,1,62,0,2016,7,8,6,3,5,3,0,0,1,0,0,0,0,1,6.91124E+20,5.33204E+21,1.15678E+16,4.81129E+16
77682,77683,9,3,77,143,2016,7,14,6,3,5,3,0,0,0,1,0,0,0,0,7.13165E+20,5.53245E+21,1.19688E+16,4.99064E+16
77683,77684,9,4,72,139,2016,7,14,6,3,2,6,0,0,0,1,0,0,0,0,6.9327E+20,5.55373E+21,1.17028E+16,5.01043E+16
77684,77685,9,1,89,134,2016,7,19,7,3,0,7,0,0,1,0,0,0,0,0,7.70851E+20,5.32117E+21,1.26302E+16,4.79865E+16
77685,77686,9,5,75,118,2016,8,17,2,2,5,3,0,0,0,1,0,0,0,0,6.17269E+20,5.49471E+21,1.06227E+16,4.95936E+16
77686,77687,9,3,72,116,2016,8,12,2,2,0,1,0,0,0,0,0,1,0,0,7.72344E+20,5.46219E+21,1.27428E+16,4.92518E+16
77687,77688,9,1,71,137,2016,7,16,1,2,8,1,0,0,0,1,0,0,0,0,7.71664E+20,5.35083E+21,1.266E+16,4.82524E+16
77688,77689,9,1,77,113,2016,8,1,2,2,9,1,2,0,0,1,0,0,0,0,7.19744E+20,5.35319E+21,1.19628E+16,4.82937E+16
77689,77690,9,1,62,0,2016,8,18,2,3,5,3,0,0,0,1,0,0,0,0,6.86181E+20,5.33522E+21,1.15029E+16,4.8143E+16
77690,77691,9,3,72,116,2016,7,14,7,3,2,6,0,0,0,1,0,0,0,0,7.66881E+20,5.45618E+21,1.26639E+16,4.92003E+16
77691,77692,9,4,75,189,2016,7,2,7,3,7,1,2,0,0,1,0,0,0,0,7.01765E+20,5.55738E+21,1.18234E+16,5.01343E+16
77692,77693,9,7,77,166,2016,7,17,6,3,4,6,0,0,0,1,0,0,0,0,6.31125E+20,5.27955E+21,1.07463E+16,4.76561E+16
77693,77694,9,7,62,0,2016,8,12,2,3,5,3,0,0,1,1,0,0,0,0,6.21278E+20,5.30448E+21,1.06221E+16,4.78822E+16
77694,77695,9,4,64,0,2016,7,9,6,3,2,6,0,0,0,1,0,0,0,0,7.08593E+20,5.57525E+21,1.19286E+16,5.02925E+16
77695,77696,9,5,73,125,2016,7,17,7,3,8,1,0,0,0,0,0,1,0,0,6.40985E+20,5.47179E+21,1.09425E+16,4.93825E+16
77696,77697,9,1,62,0,2016,7,18,6,3,5,3,0,0,0,1,0,1,0,0,6.98744E+20,5.32954E+21,1.16689E+16,4.80881E+16
77697,77698,9,4,63,0,2016,7,16,6,3,2,6,0,0,0,1,0,0,0,0,6.39444E+20,5.5712E+21,1.0957E+16,5.02765E+16
77698,77699,9,4,72,179,2016,8,7,2,3,4,6,0,0,0,1,0,0,0,0,6.72872E+20,5.51176E+21,1.1399E+16,4.97335E+16
77699,77700,9,2,71,148,2016,8,6,2,3,0,6,0,1,0,1,0,0,0,1,7.98991E+20,5.42022E+21,1.30771E+16,4.88628E+16
77700,77701,9,1,89,155,2016,8,7,2,3,2,6,0,0,0,1,0,0,0,0,7.71141E+20,5.30792E+21,1.26258E+16,4.78673E+16
77701,77702,9,1,72,128,2016,7,9,7,3,3,6,0,0,0,1,0,0,0,0,7.92497E+20,5.29754E+21,1.29037E+16,4.77648E+16
77702,77703,9,7,77,151,2016,7,4,1,3,8,1,2,0,1,0,0,0,0,0,6.18779E+20,5.29201E+21,1.05853E+16,4.77705E+16
77703,77704,9,7,75,129,2016,8,17,2,2,0,3,0,0,0,1,0,1,0,0,5.83237E+20,5.34505E+21,1.01213E+16,4.82532E+16
77704,77705,9,7,71,111,2016,7,19,6,3,2,6,0,0,0,1,0,0,0,0,6.57895E+20,5.35799E+21,1.11314E+16,4.83553E+16
77705,77706,9,6,79,176,2016,8,16,2,3,1,6,0,0,0,1,0,0,0,0,5.67828E+20,5.50661E+21,9.94076E+15,4.97082E+16
77706,77707,9,4,73,141,2016,7,17,6,2,5,2,0,0,1,1,0,0,0,0,6.40824E+20,5.57377E+21,1.09773E+16,5.02993E+16
77707,77708,9,5,73,134,2016,7,10,1,3,5,2,0,0,0,1,0,0,0,1,6.42498E+20,5.47803E+21,1.09656E+16,4.94382E+16
77708,77709,9,1,78,124,2016,7,12,1,2,5,3,0,1,0,1,0,0,0,0,7.03773E+20,5.36494E+21,1.17534E+16,4.84046E+16
77709,77710,9,7,80,121,2016,7,12,7,3,5,3,0,0,0,1,0,1,0,0,5.95765E+20,5.25656E+21,1.02705E+16,4.74554E+16
77710,77711,9,2,73,111,2016,8,16,2,3,2,6,0,0,0,1,0,0,0,0,7.10738E+20,5.41022E+21,1.18704E+16,4.88092E+16
77711,77712,9,1,86,116,2016,8,8,2,3,4,6,0,0,0,1,0,0,0,0,6.89506E+20,5.40034E+21,1.1577E+16,4.87272E+16
77712,77713,9,5,64,0,2016,7,17,1,3,2,6,0,0,0,1,0,0,0,1,6.5796E+20,5.47329E+21,1.11768E+16,4.93918E+16
77713,77714,9,3,77,129,2016,8,7,2,2,7,7,0,0,0,0,0,1,0,0,7.06691E+20,5.52764E+21,1.18762E+16,4.98655E+16
77714,77715,9,1,87,177,2016,7,0,1,3,0,1,2,0,1,0,0,0,0,0,7.37167E+20,5.30542E+21,1.21709E+16,4.78583E+16
77715,77716,9,2,75,145,2016,8,20,2,2,0,1,0,0,1,0,0,0,0,0,8.20651E+20,5.37389E+21,1.33357E+16,4.84364E+16
77716,77717,9,1,61,0,2016,8,18,2,3,2,6,0,0,0,1,0,0,0,0,6.75032E+20,5.40524E+21,1.13824E+16,4.87755E+16
77717,77718,9,1,87,129,2016,7,10,7,3,5,3,0,0,1,1,0,0,0,0,7.25952E+20,5.29957E+21,1.20181E+16,4.78098E+16
77718,77719,9,6,76,134,2016,7,14,1,3,0,7,0,0,0,0,0,1,0,0,5.13397E+20,5.51463E+21,9.1861E+15,4.9784E+16
77719,77720,9,4,73,138,2016,7,12,6,3,8,7,0,0,0,1,0,0,0,0,6.3438E+20,5.55398E+21,1.08799E+16,5.01228E+16
77720,77721,9,1,89,162,2016,7,11,7,3,2,6,0,0,0,1,0,0,0,0,7.82393E+20,5.31501E+21,1.27805E+16,4.79261E+16
77721,77722,9,6,78,138,2016,8,14,2,3,5,3,0,0,1,1,0,0,0,0,5.94359E+20,5.53766E+21,1.03162E+16,4.99838E+16
77722,77723,9,4,79,161,2016,7,10,1,3,8,1,0,1,0,0,0,1,0,0,7.10818E+20,5.54317E+21,1.19421E+16,5.00035E+16
77723,77724,9,3,73,155,2016,7,1,1,2,0,1,2,0,1,0,0,0,0,0,6.70893E+20,5.46487E+21,1.13513E+16,4.93126E+16
77724,77725,9,1,84,142,2016,7,17,7,3,2,2,0,0,0,1,0,1,0,0,6.80548E+20,5.31853E+21,1.14202E+16,4.79946E+16
77725,77726,9,7,80,132,2016,7,16,7,2,5,2,0,0,0,1,0,1,0,0,5.84364E+20,5.2677E+21,1.01214E+16,4.75572E+16
77726,77727,9,1,62,0,2016,8,7,3,3,2,6,0,0,0,1,0,0,0,0,6.799E+20,5.3381E+21,1.14197E+16,4.81707E+16
77727,77728,9,2,78,121,2016,7,14,7,3,8,1,0,0,0,0,0,1,0,0,7.58781E+20,5.41371E+21,1.25258E+16,4.88224E+16
77728,77729,9,5,74,112,2016,7,1,7,3,2,6,2,0,0,1,0,0,0,0,6.69981E+20,5.47246E+21,1.1342E+16,4.93811E+16
77729,77730,9,1,78,143,2016,7,16,7,3,5,3,0,0,0,1,0,0,0,0,7.21087E+20,5.37406E+21,1.19919E+16,4.84808E+16
77730,77731,9,3,74,124,2016,7,16,6,3,5,3,0,0,1,1,0,0,0,0,7.09175E+20,5.51184E+21,1.19022E+16,4.97227E+16
77731,77732,9,5,64,0,2016,8,16,3,3,1,6,0,1,0,1,0,0,0,0,6.47584E+20,5.47912E+21,1.10361E+16,4.94468E+16
77732,77733,9,7,74,144,2016,8,17,3,3,9,7,0,0,0,1,0,0,0,0,6.06866E+20,5.3632E+21,1.04442E+16,4.84129E+16
77733,77734,9,3,72,126,2016,8,9,4,3,2,7,0,0,0,0,0,1,1,0,7.8004E+20,5.46816E+21,1.28525E+16,4.93019E+16
77734,77735,9,7,77,118,2016,8,13,5,2,2,7,0,0,0,0,0,1,1,1,6.29151E+20,5.29455E+21,1.07244E+16,4.77913E+16
77735,77736,9,1,89,114,2016,8,14,6,3,5,3,0,1,0,1,0,0,0,1,7.64788E+20,5.31058E+21,1.25426E+16,4.78938E+16
77736,77737,9,2,78,190,2016,8,15,5,3,2,2,0,0,0,1,0,0,0,0,7.63343E+20,5.42799E+21,1.2597E+16,4.89487E+16
77737,77738,9,2,73,163,2016,8,18,5,3,8,1,0,0,0,1,0,0,0,0,7.0589E+20,5.39778E+21,1.17982E+16,4.86991E+16
77738,77739,9,1,84,118,2016,8,18,4,3,2,6,0,0,0,1,0,0,0,0,7.04232E+20,5.33618E+21,1.17457E+16,4.8146E+16
77739,77740,9,1,80,117,2016,8,14,4,3,5,2,0,0,0,1,0,1,0,0,6.58275E+20,5.26263E+21,1.11015E+16,4.74978E+16
77740,77741,9,5,74,152,2016,8,6,4,3,8,1,0,1,0,0,0,0,0,1,6.61595E+20,5.48155E+21,1.12302E+16,4.94651E+16
77741,77742,9,7,72,147,2016,8,17,4,3,0,1,0,0,0,0,0,1,0,0,6.31766E+20,5.36447E+21,1.07809E+16,4.84196E+16
77742,77743,9,5,73,120,2016,8,18,3,3,2,2,0,0,0,1,0,0,0,0,6.25994E+20,5.48326E+21,1.07397E+16,4.94889E+16
77743,77744,9,6,71,130,2016,8,17,4,3,8,1,0,1,0,1,0,0,0,0,5.14519E+20,5.54119E+21,9.20269E+15,5.00228E+16
77744,77745,9,7,75,152,2016,8,16,3,3,5,2,0,0,0,1,0,1,0,0,5.79586E+20,5.35215E+21,1.00735E+16,4.83175E+16
77745,77746,9,6,63,0,2016,8,21,5,3,2,6,2,1,0,1,0,0,0,0,5.66414E+20,5.51171E+21,9.92202E+15,4.97542E+16
77746,77747,9,1,76,143,2016,8,12,6,3,5,2,0,1,0,1,0,0,0,0,6.80905E+20,5.40896E+21,1.14639E+16,4.88073E+16
77747,77748,9,1,71,125,2016,8,19,5,3,2,6,0,0,0,1,0,0,0,0,7.73335E+20,5.35016E+21,1.2682E+16,4.82457E+16
77748,77749,9,2,75,159,2016,8,6,6,3,8,1,0,1,0,1,0,0,0,0,8.17083E+20,5.3952E+21,1.33038E+16,4.86293E+16
77749,77750,9,7,77,163,2016,8,12,5,3,2,6,0,0,0,1,0,0,0,0,6.29393E+20,5.27598E+21,1.07221E+16,4.76243E+16
77750,77751,9,1,71,137,2016,8,10,6,3,2,6,0,1,0,1,0,1,0,0,7.7351E+20,5.35087E+21,1.26848E+16,4.8252E+16
77751,77752,9,1,80,122,2016,8,12,5,3,3,6,0,0,0,1,0,1,0,0,6.67063E+20,5.26193E+21,1.12178E+16,4.74893E+16
77752,77753,9,1,73,145,2016,8,13,4,3,8,1,0,0,0,1,0,0,0,0,6.89122E+20,5.29167E+21,1.15232E+16,4.77507E+16
77753,77754,9,2,78,177,2016,8,15,6,3,8,1,0,0,0,1,0,0,0,0,7.54273E+20,5.42205E+21,1.24697E+16,4.88992E+16
77754,77755,9,6,71,152,2016,8,19,5,3,5,3,0,1,0,1,0,0,0,0,5.14284E+20,5.55033E+21,9.19974E+15,5.01051E+16
77755,77756,9,7,78,137,2016,8,17,4,2,5,6,0,0,0,1,0,0,0,1,6.23133E+20,5.33036E+21,1.06544E+16,4.81146E+16
77756,77757,9,1,89,155,2016,8,10,4,3,5,3,0,0,0,1,0,0,0,0,7.71843E+20,5.30944E+21,1.26361E+16,4.78807E+16
77757,77758,9,5,74,132,2016,8,19,4,2,5,3,0,1,1,1,0,0,0,0,6.76665E+20,5.48722E+21,1.14406E+16,4.95119E+16
77758,77759,9,6,79,114,2016,8,11,4,2,0,1,0,0,0,1,0,0,0,0,5.74438E+20,5.48851E+21,1.0029E+16,4.95446E+16
77759,77760,9,5,77,136,2016,8,16,3,3,2,2,0,1,0,1,0,0,0,0,6.27662E+20,5.443E+21,1.07499E+16,4.91265E+16
77760,77761,9,7,75,135,2016,8,17,3,3,1,6,0,0,0,1,0,0,0,0,5.74862E+20,5.36049E+21,1.00113E+16,4.83932E+16
77761,77762,9,6,71,111,2016,8,19,5,3,8,1,0,1,0,1,0,0,0,0,5.03438E+20,5.54371E+21,9.04802E+15,5.00457E+16
77762,77763,9,1,71,130,2016,8,15,5,3,2,2,0,0,0,1,0,0,0,0,7.88356E+20,5.35147E+21,1.28848E+16,4.82508E+16
77763,77764,9,1,79,113,2016,8,17,6,3,5,3,0,1,0,1,0,0,0,1,6.71857E+20,5.33575E+21,1.13107E+16,4.81518E+16
77764,77765,9,2,72,120,2016,8,15,6,3,8,1,0,1,0,1,0,0,0,0,8.20989E+20,5.41978E+21,1.33758E+16,4.88478E+16
77765,77766,9,5,71,165,2016,8,13,3,3,8,1,0,0,0,1,0,0,0,0,6.30297E+20,5.47142E+21,1.07952E+16,4.93816E+16
77766,77767,9,5,64,0,2016,8,10,5,3,0,2,0,0,1,1,0,0,0,0,6.52393E+20,5.48232E+21,1.11036E+16,4.94744E+16
77767,77768,9,1,89,154,2016,8,15,4,3,1,7,0,0,1,0,0,0,0,0,7.67585E+20,5.31881E+21,1.25851E+16,4.79666E+16
77768,77769,9,7,80,123,2016,8,16,3,3,9,1,0,0,0,1,0,0,0,0,6.02125E+20,5.262E+21,1.03561E+16,4.75034E+16
77769,77770,9,5,71,194,2016,8,17,3,3,9,7,0,1,0,1,0,0,0,0,6.15454E+20,5.47368E+21,1.05914E+16,4.94048E+16
77770,77771,9,3,75,196,2016,8,9,4,3,5,3,0,0,0,1,0,0,0,0,7.28464E+20,5.41431E+21,1.21138E+16,4.88397E+16
77771,77772,9,5,76,148,2016,8,12,5,3,0,7,0,0,0,1,0,0,1,1,6.66082E+20,5.44353E+21,1.12763E+16,4.91222E+16
77772,77773,9,1,89,120,2016,8,17,4,3,2,6,0,0,1,0,0,0,0,0,7.58473E+20,5.29753E+21,1.24505E+16,4.77793E+16
77773,77774,9,6,72,112,2016,8,8,4,3,5,3,0,1,0,1,0,0,0,0,5.76373E+20,5.56645E+21,1.00711E+16,5.02453E+16
77774,77775,9,5,71,136,2016,8,19,3,3,5,3,0,0,0,1,0,0,0,0,5.9841E+20,5.43546E+21,1.03472E+16,4.90641E+16
77775,77776,9,6,71,126,2016,8,6,4,2,9,1,1,1,0,1,0,0,0,0,5.2456E+20,5.54248E+21,9.34294E+15,5.00341E+16
77776,77777,9,1,84,118,2016,8,8,5,3,1,6,0,0,0,1,0,0,0,0,7.03551E+20,5.33512E+21,1.17361E+16,4.81368E+16
77777,77778,9,7,76,130,2016,8,16,3,3,2,6,0,0,0,1,0,0,0,0,5.55196E+20,5.26979E+21,9.73399E+15,4.75791E+16
77778,77779,9,2,73,113,2016,8,10,6,3,9,1,0,1,0,1,0,0,0,0,7.02571E+20,5.39763E+21,1.17531E+16,4.86988E+16
77779,77780,9,4,77,128,2016,8,0,5,2,8,1,2,0,0,1,0,0,0,0,6.71207E+20,5.55263E+21,1.13941E+16,5.01012E+16
77780,77781,9,6,71,134,2016,8,21,5,3,4,1,2,1,0,1,0,0,0,0,5.00452E+20,5.54626E+21,9.00631E+15,5.00686E+16
77781,77782,9,1,87,128,2016,8,10,5,3,9,1,0,0,0,0,0,0,0,1,7.44936E+20,5.31071E+21,1.22776E+16,4.79029E+16
77782,77783,9,1,84,149,2016,8,15,6,3,2,6,0,1,0,1,0,0,0,1,6.90757E+20,5.35203E+21,1.15719E+16,4.82927E+16
77783,77784,9,2,61,0,2016,8,14,6,3,6,4,0,1,0,1,1,0,0,0,7.31593E+20,5.38155E+21,1.2138E+16,4.85443E+16
77784,77785,9,5,75,127,2016,8,7,3,3,2,6,0,1,0,1,0,0,1,0,5.8458E+20,5.49175E+21,1.01698E+16,4.95724E+16
77785,77786,9,5,71,226,2016,8,12,5,3,5,3,0,0,0,1,0,0,0,0,6.33803E+20,5.45709E+21,1.08387E+16,4.92519E+16
77786,77787,9,7,73,144,2016,8,18,3,3,5,6,0,0,0,1,0,0,0,1,6.03842E+20,5.38224E+21,1.04081E+16,4.85846E+16
77787,77788,9,3,72,153,2016,8,10,4,3,1,6,0,0,0,1,0,0,0,0,7.48607E+20,5.4594E+21,1.24155E+16,4.92369E+16
77788,77789,9,7,64,0,2016,8,11,5,3,5,3,0,0,1,1,0,0,0,0,5.87279E+20,5.31464E+21,1.01696E+16,4.79791E+16
77789,77790,9,1,90,145,2016,8,20,6,3,0,7,0,1,0,1,0,0,0,0,6.45488E+20,5.2893E+21,1.09407E+16,4.77407E+16
77790,77791,9,3,76,153,2016,8,18,5,2,4,1,0,0,0,1,0,1,0,0,7.29649E+20,5.48973E+21,1.21729E+16,4.95166E+16
77791,77792,9,2,79,125,2016,8,14,5,2,8,7,0,0,0,1,0,0,0,0,7.64124E+20,5.39788E+21,1.25883E+16,4.8678E+16
77792,77793,9,1,76,161,2016,8,16,5,3,0,1,0,0,0,0,0,1,0,0,6.80934E+20,5.41469E+21,1.14669E+16,4.88588E+16
77793,77794,9,1,77,144,2016,8,11,5,3,3,2,0,0,0,1,0,0,0,1,7.17056E+20,5.3494E+21,1.19247E+16,4.82606E+16
77794,77795,9,1,71,134,2016,8,17,4,3,0,6,0,0,0,1,0,0,0,0,7.69494E+20,5.32854E+21,1.26167E+16,4.80531E+16
77795,77796,9,7,75,129,2016,8,10,5,3,2,6,0,0,0,1,0,0,0,0,5.82753E+20,5.34466E+21,1.01148E+16,4.82498E+16
77796,77797,9,7,61,0,2016,8,16,3,3,0,1,0,0,0,0,0,1,0,0,6.42237E+20,5.36353E+21,1.09221E+16,4.84089E+16
77797,77798,9,2,79,132,2016,8,12,6,1,4,1,0,1,0,1,0,0,0,1,7.69423E+20,5.4034E+21,1.26638E+16,4.87253E+16
77798,77799,9,4,71,145,2016,8,18,5,3,0,7,0,0,1,1,0,0,0,0,6.43175E+20,5.52006E+21,1.09903E+16,4.98159E+16
77799,77800,9,1,85,139,2016,8,17,5,3,8,1,0,0,0,1,0,0,0,0,6.69925E+20,5.39105E+21,1.13071E+16,4.86494E+16
77800,77801,9,1,74,126,2016,8,13,5,3,0,1,0,0,1,0,0,0,0,0,6.83944E+20,5.34371E+21,1.14765E+16,4.822E+16
77801,77802,9,4,79,129,2016,8,16,3,2,1,5,0,1,0,1,0,0,0,0,7.09245E+20,5.5585E+21,1.19285E+16,5.01417E+16
77802,77803,9,7,61,0,2016,8,20,3,3,4,2,1,0,0,1,0,0,0,0,6.41391E+20,5.35751E+21,1.09086E+16,4.83549E+16
77803,77804,9,3,72,153,2016,8,15,4,3,9,1,0,0,0,1,0,0,0,0,7.5037E+20,5.45999E+21,1.244E+16,4.92415E+16
77804,77805,9,7,77,151,2016,8,11,5,3,5,3,0,0,0,1,0,1,0,0,6.21134E+20,5.29427E+21,1.06174E+16,4.77904E+16
77805,77806,9,1,72,131,2016,8,17,6,3,4,1,0,1,0,1,0,0,0,0,7.86756E+20,5.28798E+21,1.2821E+16,4.76816E+16
77806,77807,9,2,71,119,2016,8,15,5,3,4,6,0,0,0,1,0,0,0,0,7.94774E+20,5.41234E+21,1.3014E+16,4.87941E+16
77807,77808,9,1,84,132,2016,8,7,5,2,2,6,0,0,0,1,0,1,0,0,6.85079E+20,5.3275E+21,1.14847E+16,4.80739E+16
77808,77809,9,1,72,116,2016,8,19,4,2,4,6,0,0,1,0,0,0,0,0,8.03068E+20,5.28532E+21,1.30359E+16,4.76502E+16
77809,77810,9,7,75,135,2016,8,21,4,3,5,3,0,0,1,1,0,0,0,0,5.74793E+20,5.35949E+21,1.00102E+16,4.83842E+16
77810,77811,9,1,71,117,2016,8,0,4,2,8,1,2,1,0,0,0,1,0,0,7.66043E+20,5.33587E+21,1.25751E+16,4.81205E+16
77811,77812,9,5,64,0,2016,8,16,4,3,5,3,0,0,1,1,0,0,0,0,6.52426E+20,5.48244E+21,1.11041E+16,4.94754E+16
77812,77813,9,7,61,0,2016,8,13,4,3,3,1,0,0,0,1,0,1,0,0,6.38039E+20,5.35365E+21,1.08621E+16,4.8321E+16
77813,77814,9,4,73,121,2016,8,11,3,3,4,6,0,0,0,0,0,0,1,1,6.49787E+20,5.5646E+21,1.10995E+16,5.02146E+16
77814,77815,9,5,64,0,2016,8,16,4,2,2,6,0,0,0,0,0,0,1,0,6.53297E+20,5.4694E+21,1.11111E+16,4.9358E+16
77815,77816,9,5,71,205,2016,8,16,4,3,8,1,0,0,0,1,0,0,0,0,5.83689E+20,5.47347E+21,1.01537E+16,4.94081E+16