FID,OBJECTID,ULAND,UREGBEZ,UKREIS,UGEMEINDE,UJAHR,UMONAT,USTUNDE,UWOCHENTAG,UKATEGORIE,UART,UTYP1,ULICHTVERH,IstStrasse,IstRad,IstPKW,IstFuss,IstKrad,IstGkfz,IstSonstig,LINREFX,LINREFY,XGCSWGS84,YGCSWGS84
77816,77817,9,7,73,183,2016,8,5,4,3,8,7,1,0,0,1,0,0,0,0,6.0245E+20,5.38665E+21,1.03903E+16,4.86245E+16
77817,77818,9,4,71,140,2016,8,17,3,3,4,6,0,0,0,1,0,0,0,0,6.36378E+20,5.53188E+21,1.09E+16,4.99237E+16
77818,77819,9,5,74,138,2016,8,6,4,3,9,1,0,1,0,1,0,0,0,0,6.66945E+20,5.48744E+21,1.13065E+16,4.95165E+16
77819,77820,9,6,79,175,2016,8,21,3,1,2,6,1,1,0,1,0,0,1,0,5.72937E+20,5.51033E+21,1.00123E+16,4.9741E+16
77820,77821,9,3,75,119,2016,8,18,4,2,8,1,0,0,0,0,0,1,0,0,7.35258E+20,5.44777E+21,1.22256E+16,4.91377E+16
77821,77822,9,7,72,134,2016,8,9,5,2,0,7,0,1,1,0,0,0,0,1,6.30549E+20,5.38367E+21,1.07705E+16,4.85925E+16
77822,77823,9,1,86,137,2016,8,5,6,3,8,1,0,1,0,1,0,0,1,0,6.83281E+20,5.39668E+21,1.14908E+16,4.86962E+16
77823,77824,9,1,73,135,2016,8,19,5,2,9,1,0,0,0,0,0,1,0,0,6.91387E+20,5.27269E+21,1.15451E+16,4.75793E+16
77824,77825,9,1,87,126,2016,8,14,4,3,5,3,0,0,0,1,0,0,0,0,7.41088E+20,5.32372E+21,1.22334E+16,4.80212E+16
77825,77826,9,2,71,146,2016,8,21,6,3,5,3,2,0,0,1,0,0,0,0,7.86754E+20,5.41189E+21,1.29048E+16,4.87938E+16
77826,77827,9,5,72,115,2016,8,7,5,3,2,6,0,0,0,1,0,0,1,0,6.47334E+20,5.50339E+21,1.10417E+16,4.9665E+16
77827,77828,9,7,76,116,2016,8,15,4,3,5,7,0,0,0,1,0,0,0,0,5.52427E+20,5.26684E+21,9.69682E+15,4.75529E+16
77828,77829,9,1,87,168,2016,8,15,4,3,0,1,0,0,1,0,0,0,0,0,7.49445E+20,5.30859E+21,1.23366E+16,4.78821E+16
77829,77830,9,5,71,228,2016,8,14,4,3,0,7,0,0,0,1,0,1,0,0,5.90451E+20,5.45694E+21,1.02431E+16,4.92586E+16
77830,77831,9,6,78,138,2016,8,3,4,3,2,6,2,0,0,0,0,0,1,1,5.9614E+20,5.5411E+21,1.03419E+16,5.00144E+16
77831,77832,9,6,71,139,2016,8,13,4,1,4,6,0,1,0,1,0,0,1,0,5.24106E+20,5.53866E+21,9.33637E+15,4.99998E+16
77832,77833,9,1,77,113,2016,8,14,6,3,2,6,0,1,0,1,0,0,0,1,7.22213E+20,5.35287E+21,1.19959E+16,4.829E+16
77833,77834,9,6,63,0,2016,8,11,3,3,2,6,0,1,0,1,0,0,1,0,5.64486E+20,5.51142E+21,9.8952E+15,4.97518E+16
77834,77835,9,6,71,143,2016,8,22,5,3,4,6,2,1,1,1,0,0,0,0,5.11516E+20,5.54487E+21,9.16087E+15,5.0056E+16
77835,77836,9,1,87,165,2016,8,17,5,3,2,6,0,0,0,1,0,0,0,0,7.28057E+20,5.30043E+21,1.20466E+16,4.78168E+16
77836,77837,9,6,79,142,2016,8,15,3,3,9,1,0,1,0,1,0,0,0,0,5.65177E+20,5.52097E+21,9.9064E+15,4.98376E+16
77837,77838,9,6,78,170,2016,8,10,5,3,0,1,0,0,1,0,0,0,0,0,5.85808E+20,5.53495E+21,1.01964E+16,4.99607E+16
77838,77839,9,1,81,122,2016,8,15,6,3,0,1,0,1,0,0,0,1,0,0,6.51621E+20,5.33014E+21,1.10368E+16,4.81065E+16
77839,77840,9,2,75,119,2016,8,18,6,3,8,1,0,1,0,1,0,0,0,0,8.33949E+20,5.40104E+21,1.35367E+16,4.86729E+16
77840,77841,9,5,72,137,2016,8,16,5,2,4,6,0,0,0,0,0,1,0,1,6.562E+20,5.49169E+21,1.11599E+16,4.95577E+16
77841,77842,9,1,87,129,2016,8,18,4,3,5,3,0,0,1,0,0,0,0,1,7.25581E+20,5.29665E+21,1.20116E+16,4.77836E+16
77842,77843,9,4,71,142,2016,8,12,3,3,4,1,0,0,0,1,0,1,1,0,6.54092E+20,5.53031E+21,1.1146E+16,4.99053E+16
77843,77844,9,1,84,145,2016,8,19,5,3,5,2,0,0,0,1,0,0,0,0,6.95139E+20,5.32559E+21,1.16188E+16,4.80537E+16
77844,77845,9,6,75,131,2016,8,5,3,3,0,6,1,0,0,1,0,1,0,0,5.90105E+20,5.5121E+21,1.02509E+16,4.97546E+16
77845,77846,9,2,74,121,2016,8,17,6,3,5,3,0,1,0,1,0,0,0,0,7.21862E+20,5.37158E+21,1.2001E+16,4.84582E+16
77846,77847,9,4,77,121,2016,8,1,5,2,8,1,2,0,0,1,0,0,0,0,6.86744E+20,5.54566E+21,1.16077E+16,5.00339E+16
77847,77848,9,1,82,131,2016,8,17,5,2,0,7,0,0,1,0,0,0,0,0,7.16731E+20,5.28469E+21,1.18877E+16,4.76793E+16
77848,77849,9,1,78,155,2016,8,13,6,3,8,1,0,1,0,1,0,0,0,0,7.16441E+20,5.37554E+21,1.19299E+16,4.84956E+16
77849,77850,9,4,61,0,2016,8,14,3,2,5,3,0,0,1,1,0,0,0,0,6.38051E+20,5.52793E+21,1.09219E+16,4.98878E+16
77850,77851,9,6,77,127,2016,8,19,3,3,9,1,0,1,0,1,0,0,0,0,5.57251E+20,5.53673E+21,9.79852E+15,4.99801E+16
77851,77852,9,1,74,143,2016,8,15,6,3,2,6,0,1,0,1,0,0,0,0,6.77541E+20,5.3529E+21,1.13943E+16,4.83043E+16
77852,77853,9,2,72,142,2016,8,18,6,2,8,1,0,1,0,1,0,0,0,0,8.20659E+20,5.4133E+21,1.33663E+16,4.87899E+16
77853,77854,9,3,62,0,2016,8,21,3,3,5,3,2,0,0,1,0,0,0,0,7.28696E+20,5.43232E+21,1.2127E+16,4.90014E+16
77854,77855,9,5,64,0,2016,8,17,5,3,0,6,0,0,0,0,0,1,0,0,6.50324E+20,5.48171E+21,1.10749E+16,4.94694E+16
77855,77856,9,1,87,130,2016,8,19,4,3,8,7,0,0,0,1,0,1,0,0,7.13768E+20,5.30787E+21,1.18597E+16,4.78885E+16
77856,77857,9,6,74,159,2016,8,19,3,2,8,1,0,1,1,0,0,0,0,0,6.14517E+20,5.53416E+21,1.05962E+16,4.99488E+16
77857,77858,9,3,76,147,2016,8,20,4,3,0,6,1,1,0,1,0,0,0,0,7.48696E+20,5.47102E+21,1.24239E+16,4.93411E+16
77858,77859,9,7,75,135,2016,8,12,5,2,4,6,0,0,0,1,0,0,0,0,5.81175E+20,5.35463E+21,1.00954E+16,4.83396E+16
77859,77860,9,6,74,147,2016,8,8,3,3,0,1,0,1,0,0,0,1,0,0,6.07925E+20,5.54355E+21,1.0507E+16,5.00345E+16
77860,77861,9,1,73,137,2016,8,20,6,1,8,1,1,1,0,1,0,0,0,0,6.79292E+20,5.30519E+21,1.13978E+16,4.7875E+16
77861,77862,9,3,77,159,2016,8,22,5,2,0,7,2,0,0,0,0,1,0,0,7.27652E+20,5.53295E+21,1.21706E+16,4.99056E+16
77862,77863,9,2,75,126,2016,8,10,5,3,0,7,0,0,0,1,0,0,0,1,8.39203E+20,5.39917E+21,1.36063E+16,4.86533E+16
77863,77864,9,1,73,118,2016,8,18,4,3,8,7,0,0,0,1,0,0,0,0,6.94599E+20,5.30297E+21,1.16013E+16,4.78506E+16
77864,77865,9,1,76,121,2016,8,12,5,3,5,3,0,0,0,1,0,1,0,0,6.52364E+20,5.41532E+21,1.10779E+16,4.88721E+16
77865,77866,9,1,78,143,2016,8,13,5,3,5,3,0,0,0,1,0,1,0,0,7.16762E+20,5.37215E+21,1.19324E+16,4.84651E+16
77866,77867,9,5,71,174,2016,8,15,4,3,5,3,0,0,0,1,0,0,0,0,6.02575E+20,5.46153E+21,1.04109E+16,4.92979E+16
77867,77868,9,7,77,129,2016,8,16,4,2,5,3,0,0,0,1,0,1,0,0,6.24806E+20,5.27025E+21,1.06595E+16,4.75737E+16
77868,77869,9,3,75,184,2016,8,17,3,2,5,3,0,1,0,1,0,0,0,0,7.16013E+20,5.4391E+21,1.19575E+16,4.90669E+16
77869,77870,9,5,65,0,2016,8,7,4,2,8,1,0,1,0,0,0,1,0,0,6.50825E+20,5.46591E+21,1.10758E+16,4.93272E+16
77870,77871,9,6,78,130,2016,8,17,3,2,8,1,0,1,0,1,0,0,0,0,5.92932E+20,5.52662E+21,1.02937E+16,4.98847E+16
77871,77872,9,3,76,147,2016,8,13,4,3,5,3,0,0,0,1,0,0,0,1,7.46398E+20,5.47151E+21,1.23926E+16,4.93465E+16
77872,77873,9,7,77,169,2016,8,16,5,2,5,3,0,0,0,1,0,1,0,0,6.29079E+20,5.26943E+21,1.0716E+16,4.75655E+16
77873,77874,9,1,71,111,2016,8,16,6,3,5,3,0,1,0,1,0,0,0,0,7.74418E+20,5.34656E+21,1.26942E+16,4.82129E+16
77874,77875,9,2,76,144,2016,8,19,4,3,5,3,0,0,0,1,0,0,0,0,7.83031E+20,5.44351E+21,1.28762E+16,4.90793E+16
77875,77876,9,7,74,148,2016,8,7,5,2,4,6,0,0,0,1,0,0,1,0,5.94626E+20,5.36002E+21,1.02781E+16,4.83862E+16
77876,77877,9,1,89,157,2016,8,18,6,3,8,1,0,1,0,1,0,0,0,0,7.6785E+20,5.3247E+21,1.25923E+16,4.80193E+16
77877,77878,9,2,78,170,2016,8,17,5,3,2,2,0,0,0,1,0,0,0,0,7.63355E+20,5.42393E+21,1.25946E+16,4.89122E+16
77878,77879,9,2,74,141,2016,8,15,5,2,2,2,0,0,1,0,0,1,0,0,7.29952E+20,5.3901E+21,1.21205E+16,4.86216E+16
77879,77880,9,1,79,123,2016,8,12,5,3,2,6,0,0,0,1,0,0,0,0,6.7738E+20,5.33221E+21,1.13834E+16,4.81185E+16
77880,77881,9,1,62,0,2016,8,11,4,3,3,2,0,0,1,0,0,0,1,0,6.87691E+20,5.33503E+21,1.15231E+16,4.81408E+16
77881,77882,9,1,87,179,2016,8,18,4,3,8,1,0,0,0,0,0,1,0,0,7.25266E+20,5.31588E+21,1.20174E+16,4.79566E+16
77882,77883,9,4,79,126,2016,8,6,4,2,8,1,1,1,0,1,0,0,0,0,7.21952E+20,5.55285E+21,1.21028E+16,5.00864E+16
77883,77884,9,7,71,130,2016,8,5,4,3,9,6,2,0,0,1,0,0,0,0,6.43851E+20,5.36324E+21,1.09437E+16,4.84059E+16
77884,77885,9,3,72,153,2016,8,17,3,3,2,6,0,1,0,1,0,0,0,0,7.56695E+20,5.45583E+21,1.25241E+16,4.92014E+16
77885,77886,9,5,72,164,2016,8,7,4,3,8,7,0,1,0,1,0,0,0,0,6.32334E+20,5.49695E+21,1.08318E+16,4.96106E+16
77886,77887,9,6,78,178,2016,8,19,3,3,0,1,0,1,0,0,0,1,0,0,5.89603E+20,5.54351E+21,1.02512E+16,5.00372E+16
77887,77888,9,6,75,178,2016,8,13,5,3,3,6,0,0,0,1,0,0,1,0,6.01483E+20,5.51533E+21,1.04097E+16,4.97819E+16
77888,77889,9,1,61,0,2016,8,6,6,2,8,1,0,1,0,1,0,0,0,0,6.806E+20,5.40323E+21,1.14573E+16,4.87559E+16
77889,77890,9,1,89,119,2016,8,22,5,3,5,2,2,0,0,1,0,0,0,0,7.64875E+20,5.30582E+21,1.25409E+16,4.78511E+16
77890,77891,9,2,78,171,2016,8,19,6,3,8,1,0,1,0,1,0,0,0,0,7.79176E+20,5.42873E+21,1.28133E+16,4.89484E+16
77891,77892,9,5,76,127,2016,8,11,5,3,2,6,0,0,0,1,0,0,0,0,6.62916E+20,5.45265E+21,1.12367E+16,4.9205E+16
77892,77893,9,1,61,0,2016,8,13,4,3,1,6,0,0,0,1,0,0,0,0,6.82316E+20,5.40636E+21,1.1482E+16,4.87835E+16
77893,77894,9,6,72,124,2016,8,7,4,2,4,1,0,1,0,1,0,0,1,0,5.6576E+20,5.55121E+21,9.91967E+15,5.01095E+16
77894,77895,9,3,73,151,2016,8,17,3,3,5,3,0,1,0,1,0,0,0,0,7.01113E+20,5.45412E+21,1.17612E+16,4.92068E+16
77895,77896,9,1,80,123,2016,8,13,5,2,4,6,0,0,0,0,0,1,0,1,6.69877E+20,5.25535E+21,1.12526E+16,4.74294E+16
77896,77897,9,1,86,143,2016,8,9,4,3,4,6,0,0,0,1,0,0,0,0,6.88154E+20,5.3826E+21,1.15506E+16,4.85682E+16
77897,77898,9,6,71,114,2016,8,23,5,3,0,1,2,1,0,0,0,1,0,0,5.02736E+20,5.54252E+21,9.0382E+15,5.00349E+16
77898,77899,9,7,78,203,2016,8,7,4,3,4,1,0,0,0,1,0,0,0,0,6.21227E+20,5.32326E+21,1.06268E+16,4.80511E+16
77899,77900,9,7,71,129,2016,8,7,4,3,9,1,0,0,0,1,0,0,1,0,6.59001E+20,5.35685E+21,1.11459E+16,4.83448E+16
77900,77901,9,4,78,145,2016,8,14,4,3,5,3,0,0,1,1,0,0,0,0,6.50921E+20,5.55919E+21,1.11132E+16,5.01657E+16
77901,77902,9,6,79,202,2016,8,14,4,3,5,3,0,0,0,1,0,0,0,0,5.65113E+20,5.52078E+21,9.90548E+15,4.98359E+16
77902,77903,9,3,73,147,2016,8,16,3,3,5,3,0,1,0,1,0,0,0,0,6.77373E+20,5.46039E+21,1.14384E+16,4.92705E+16
77903,77904,9,6,78,168,2016,8,22,3,3,5,3,2,1,0,1,0,0,0,0,5.81841E+20,5.55111E+21,1.01445E+16,5.01066E+16
77904,77905,9,6,61,0,2016,8,20,5,3,1,7,1,1,0,0,0,0,1,0,5.11746E+20,5.53765E+21,9.16387E+15,4.9991E+16
77905,77906,9,1,88,117,2016,8,12,6,2,0,4,0,1,0,1,1,0,0,0,6.6203E+20,5.31544E+21,1.1171E+16,4.79717E+16
77906,77907,9,2,72,120,2016,8,12,6,3,8,6,0,1,0,1,0,0,0,0,8.2287E+20,5.42006E+21,1.34016E+16,4.88493E+16
77907,77908,9,3,72,116,2016,8,14,3,3,5,3,0,1,0,1,0,0,0,0,7.65506E+20,5.45519E+21,1.26444E+16,4.9192E+16
77908,77909,9,5,74,132,2016,8,19,5,3,2,6,0,0,0,1,0,0,0,0,6.76293E+20,5.48629E+21,1.1435E+16,4.95036E+16
77909,77910,9,1,81,130,2016,8,16,4,3,2,6,0,0,0,1,0,0,0,0,6.39158E+20,5.32531E+21,1.08679E+16,4.80659E+16
77910,77911,9,6,76,151,2016,8,18,3,2,8,1,0,1,0,1,0,0,0,0,5.18182E+20,5.51407E+21,9.25255E+15,4.97788E+16
77911,77912,9,3,72,116,2016,8,15,3,3,2,6,0,0,0,1,0,0,0,0,7.67625E+20,5.45924E+21,1.26761E+16,4.92274E+16
77912,77913,9,2,71,148,2016,8,17,4,2,4,2,0,0,0,1,0,1,0,0,7.9764E+20,5.4166E+21,1.30561E+16,4.88309E+16
77913,77914,9,7,75,129,2016,8,12,5,3,2,6,0,0,0,1,0,0,0,1,5.83431E+20,5.33895E+21,1.01228E+16,4.81983E+16
77914,77915,9,6,76,160,2016,8,11,3,3,8,1,0,1,0,1,0,0,0,0,5.1268E+20,5.529E+21,9.17662E+15,4.99133E+16
77915,77916,9,2,79,113,2016,8,18,6,3,9,1,0,1,0,1,0,0,0,0,7.84603E+20,5.39073E+21,1.2861E+16,4.86049E+16
77916,77917,9,4,74,126,2016,8,16,5,3,5,3,0,0,0,1,0,1,0,0,6.48641E+20,5.51018E+21,1.10624E+16,4.97257E+16
77917,77918,9,1,84,136,2016,8,14,5,3,5,3,0,0,0,1,0,0,0,0,6.9947E+20,5.32745E+21,1.16777E+16,4.80692E+16
77918,77919,9,6,76,160,2016,8,16,3,3,1,7,0,1,1,1,0,0,0,0,5.10873E+20,5.52853E+21,9.15143E+15,4.99091E+16
77919,77920,9,2,73,113,2016,8,10,6,3,7,1,0,1,0,0,0,1,0,0,7.02533E+20,5.3976E+21,1.17526E+16,4.86985E+16
77920,77921,9,5,71,139,2016,8,15,5,3,5,3,0,0,0,1,0,0,0,1,6.0192E+20,5.43901E+21,1.03961E+16,4.90955E+16
77921,77922,9,6,61,0,2016,8,12,5,3,2,6,0,0,0,1,0,0,0,0,5.09565E+20,5.5319E+21,9.1333E+15,4.99394E+16
77922,77923,9,1,87,128,2016,8,10,5,2,4,6,0,0,0,1,0,0,0,0,7.49554E+20,5.31144E+21,1.23397E+16,4.79077E+16
77923,77924,9,1,75,132,2016,8,13,6,3,9,1,0,1,0,1,0,0,0,0,7.05431E+20,5.33581E+21,1.17617E+16,4.81424E+16
77924,77925,9,2,74,128,2016,8,18,6,3,3,1,0,0,0,1,0,0,0,0,7.41806E+20,5.38993E+21,1.2281E+16,4.86156E+16
77925,77926,9,3,76,119,2016,8,7,3,2,5,3,0,0,1,1,0,0,0,0,7.23029E+20,5.45323E+21,1.20612E+16,4.91913E+16
77926,77927,9,5,75,125,2016,8,15,5,3,8,1,0,0,0,0,0,1,0,0,6.24433E+20,5.49622E+21,1.07223E+16,4.96057E+16
77927,77928,9,6,76,116,2016,8,5,3,3,4,2,1,1,0,1,0,0,0,0,5.18978E+20,5.5062E+21,9.26322E+15,4.97081E+16
77928,77929,9,2,71,153,2016,8,9,4,3,0,1,0,0,1,0,0,0,0,0,7.99189E+20,5.40506E+21,1.30687E+16,4.87266E+16
77929,77930,9,7,78,218,2016,8,15,5,3,5,3,0,0,0,1,0,0,0,0,5.94957E+20,5.3049E+21,1.02703E+16,4.78904E+16
77930,77931,9,1,90,157,2016,8,13,6,3,2,6,0,1,0,1,0,0,0,0,6.60594E+20,5.30102E+21,1.11464E+16,4.78424E+16
77931,77932,9,3,72,124,2016,8,11,5,3,3,2,0,0,0,1,0,0,0,0,7.83247E+20,5.46754E+21,1.2896E+16,4.92949E+16
77932,77933,9,2,72,134,2016,8,13,5,3,8,1,0,0,0,0,0,1,0,0,8.37423E+20,5.4264E+21,1.36046E+16,4.88985E+16
77933,77934,9,1,76,122,2016,8,10,5,3,4,2,0,0,0,1,0,0,0,0,6.63756E+20,5.40611E+21,1.12294E+16,4.87864E+16
77934,77935,9,1,77,142,2016,8,19,5,3,4,6,0,0,0,0,0,0,0,1,7.20503E+20,5.35079E+21,1.19718E+16,4.82719E+16
77935,77936,9,1,74,146,2016,8,14,4,3,2,6,0,0,0,1,0,0,0,0,6.67453E+20,5.35061E+21,1.12574E+16,4.82865E+16
77936,77937,9,4,76,177,2016,8,17,4,3,8,1,0,1,0,1,0,0,0,0,6.7559E+20,5.57637E+21,1.14663E+16,5.03133E+16
77937,77938,9,7,79,154,2016,8,18,4,3,5,2,0,0,1,1,0,0,0,0,6.18047E+20,5.42403E+21,1.06126E+16,4.89579E+16
77938,77939,9,2,78,192,2016,8,8,3,2,5,3,0,0,0,1,0,0,0,0,7.72814E+20,5.41554E+21,1.27178E+16,4.88328E+16
77939,77940,9,1,85,158,2016,8,21,5,3,2,6,1,0,0,0,0,1,0,0,6.68614E+20,5.38634E+21,1.12874E+16,4.86074E+16
77940,77941,9,1,88,120,2016,8,11,5,3,5,3,0,0,0,1,0,0,0,0,6.77159E+20,5.32615E+21,1.13779E+16,4.8064E+16
77941,77942,9,2,78,141,2016,8,12,3,3,3,6,0,0,1,0,0,0,1,0,7.59938E+20,5.42806E+21,1.25507E+16,4.89508E+16
77942,77943,9,6,76,139,2016,8,17,3,3,9,1,0,1,0,0,0,0,0,1,5.22019E+20,5.50124E+21,9.30511E+15,4.96633E+16
77943,77944,9,2,75,119,2016,8,9,4,3,5,2,0,0,0,1,0,1,0,0,8.32822E+20,5.40042E+21,1.35209E+16,4.8668E+16
77944,77945,9,7,77,112,2016,8,17,5,3,2,1,0,0,0,1,0,0,0,0,6.22825E+20,5.29666E+21,1.06406E+16,4.78116E+16
77945,77946,9,1,89,161,2016,8,10,6,3,2,6,0,1,0,1,0,0,0,0,7.69864E+20,5.30505E+21,1.26069E+16,4.78421E+16
77946,77947,9,2,78,167,2016,8,9,5,3,5,3,0,0,0,1,0,0,0,1,7.69173E+20,5.40807E+21,1.26634E+16,4.87674E+16
77947,77948,9,2,79,122,2016,8,15,5,3,8,1,0,0,0,1,0,0,0,0,7.75055E+20,5.40042E+21,1.27382E+16,4.86961E+16
77948,77949,9,1,88,132,2016,8,8,4,3,5,3,0,0,0,1,0,0,0,0,6.64737E+20,5.32335E+21,1.12103E+16,4.80422E+16
77949,77950,9,1,62,0,2016,8,21,4,3,5,3,2,0,1,1,0,0,0,0,6.98205E+20,5.3298E+21,1.16618E+16,4.80906E+16
77950,77951,9,1,81,120,2016,8,16,4,3,2,6,0,0,0,0,0,1,0,0,6.49866E+20,5.31981E+21,1.10096E+16,4.8014E+16
77951,77952,9,4,77,142,2016,8,6,4,3,8,7,0,0,0,1,0,0,0,0,6.77128E+20,5.5481E+21,1.14747E+16,5.00588E+16
77952,77953,9,7,71,130,2016,8,14,4,3,0,1,0,0,0,0,0,1,0,0,6.44214E+20,5.36213E+21,1.09483E+16,4.83958E+16
77953,77954,9,2,62,0,2016,8,17,3,3,5,3,0,1,0,1,0,0,0,0,8.25983E+20,5.38768E+21,1.34183E+16,4.85573E+16
77954,77955,9,5,72,158,2016,8,18,4,3,1,6,0,0,0,1,0,0,0,0,6.51511E+20,5.49577E+21,1.10966E+16,4.95955E+16
77955,77956,9,6,76,139,2016,8,16,3,3,8,1,0,1,0,1,0,0,0,0,5.19974E+20,5.50557E+21,9.277E+15,4.97023E+16
77956,77957,9,6,72,161,2016,8,16,5,3,5,3,0,0,0,1,0,1,0,0,5.55445E+20,5.55905E+21,9.77657E+15,5.01811E+16
77957,77958,9,5,72,141,2016,8,8,4,3,8,1,0,1,1,0,0,0,0,0,6.49204E+20,5.49955E+21,1.10662E+16,4.96301E+16
77958,77959,9,6,61,0,2016,8,17,3,3,9,1,0,1,0,1,0,0,0,0,5.0913E+20,5.53635E+21,9.12733E+15,4.99794E+16
77959,77960,9,2,61,0,2016,8,15,4,3,3,3,0,0,0,1,0,0,0,0,7.31517E+20,5.3817E+21,1.2137E+16,4.85456E+16
77960,77961,9,7,77,169,2016,8,11,5,3,0,6,0,0,1,0,0,0,0,0,6.31532E+20,5.27125E+21,1.07492E+16,4.75813E+16
77961,77962,9,1,82,137,2016,8,11,6,3,2,6,0,1,0,1,0,0,0,1,7.12025E+20,5.30497E+21,1.18349E+16,4.78631E+16
77962,77963,9,1,73,118,2016,8,18,5,1,4,6,0,0,0,1,0,1,0,0,6.87418E+20,5.30628E+21,1.15068E+16,4.78825E+16
77963,77964,9,1,81,139,2016,8,21,4,2,4,6,2,0,0,1,0,1,0,0,6.55962E+20,5.32568E+21,1.10935E+16,4.80653E+16
77964,77965,9,2,63,0,2016,8,12,6,3,5,3,0,0,0,1,0,0,0,0,7.64559E+20,5.42089E+21,1.2609E+16,4.88844E+16
77965,77966,9,5,62,0,2016,8,17,5,3,2,6,0,0,0,1,0,0,0,1,6.44045E+20,5.49177E+21,1.09919E+16,4.95613E+16
77966,77967,9,7,80,143,2016,8,8,4,3,2,3,0,0,0,1,0,0,0,0,5.97118E+20,5.27783E+21,1.02931E+16,4.76466E+16
77967,77968,9,1,74,122,2016,8,9,4,3,5,3,0,0,0,1,0,1,0,0,6.83617E+20,5.35166E+21,1.14756E+16,4.82915E+16
77968,77969,9,4,77,128,2016,8,6,4,3,8,1,0,1,0,1,0,0,0,0,6.73633E+20,5.55249E+21,1.14279E+16,5.00993E+16
77969,77970,9,6,77,157,2016,8,13,4,3,4,6,0,0,0,1,0,0,0,0,5.42252E+20,5.52146E+21,9.58766E+15,4.9844E+16
77970,77971,9,2,75,143,2016,8,17,3,3,4,2,0,0,0,1,0,0,0,0,8.09547E+20,5.36916E+21,1.31825E+16,4.83995E+16
77971,77972,9,6,71,111,2016,8,19,3,3,8,1,0,1,0,1,0,0,0,0,5.09107E+20,5.54958E+21,9.12734E+15,5.00984E+16
77972,77973,9,6,77,120,2016,8,21,5,2,0,1,2,1,0,0,0,1,0,0,5.34916E+20,5.52305E+21,9.48578E+15,4.98588E+16
77973,77974,9,1,87,131,2016,8,14,5,3,2,3,0,0,0,1,0,0,1,1,7.34745E+20,5.29147E+21,1.2131E+16,4.77338E+16
77974,77975,9,1,74,136,2016,8,17,6,3,9,1,0,1,0,1,0,0,0,0,6.80461E+20,5.36609E+21,1.14392E+16,4.84221E+16
77975,77976,9,2,72,118,2016,8,22,6,3,4,1,2,1,0,1,0,0,0,0,8.38677E+20,5.42291E+21,1.36187E+16,4.88666E+16
77976,77977,9,2,73,113,2016,8,8,3,3,3,6,0,0,0,1,0,0,1,0,7.01416E+20,5.39645E+21,1.17369E+16,4.86886E+16
77977,77978,9,5,64,0,2016,8,14,5,3,2,6,0,0,0,1,0,0,0,0,6.52035E+20,5.48156E+21,1.10984E+16,4.94676E+16
77978,77979,9,1,62,0,2016,8,8,4,3,2,6,0,0,0,1,0,0,0,1,6.95607E+20,5.33505E+21,1.16294E+16,4.81386E+16
77979,77980,9,1,86,158,2016,8,9,6,3,2,6,0,1,0,1,0,0,0,0,6.91667E+20,5.40374E+21,1.16079E+16,4.87572E+16
77980,77981,9,2,77,149,2016,8,22,6,3,8,1,2,1,0,1,0,0,0,0,7.9399E+20,5.36513E+21,1.297E+16,4.83708E+16
77981,77982,9,5,65,0,2016,8,8,5,3,5,3,0,0,0,1,0,0,0,0,6.50305E+20,5.46573E+21,1.10686E+16,4.93258E+16
77982,77983,9,1,78,124,2016,8,22,4,2,9,7,2,0,0,0,0,0,0,1,7.03346E+20,5.36123E+21,1.17459E+16,4.83714E+16
77983,77984,9,4,74,154,2016,8,17,4,3,1,3,0,0,1,1,0,0,0,0,6.54476E+20,5.49717E+21,1.11382E+16,4.96074E+16
77984,77985,9,6,71,157,2016,8,17,4,3,3,6,0,0,0,1,0,0,0,0,5.30126E+20,5.52727E+21,9.41947E+15,4.98971E+16
77985,77986,9,2,61,0,2016,8,9,3,3,2,6,0,0,0,1,0,0,0,0,7.3414E+20,5.38157E+21,1.21725E+16,4.85435E+16
77986,77987,9,1,62,0,2016,8,20,5,3,4,2,1,0,0,1,0,0,0,0,6.86894E+20,5.33515E+21,1.15124E+16,4.81421E+16
77987,77988,9,5,72,133,2016,8,21,3,3,8,1,2,1,0,1,0,0,0,0,6.38497E+20,5.49931E+21,1.09179E+16,4.96304E+16
77988,77989,9,2,73,125,2016,8,5,6,3,2,6,0,1,0,1,0,0,0,0,7.18611E+20,5.41335E+21,1.19792E+16,4.88346E+16
77989,77990,9,4,77,128,2016,8,8,5,2,4,6,0,0,0,1,0,0,0,0,6.75628E+20,5.55414E+21,1.14565E+16,5.01135E+16
77990,77991,9,1,82,123,2016,8,6,5,1,4,1,0,0,0,0,0,1,1,0,7.19342E+20,5.30316E+21,1.19317E+16,4.78443E+16
77991,77992,9,1,78,130,2016,8,5,6,3,4,2,2,1,0,1,0,0,0,0,7.02785E+20,5.35873E+21,1.17371E+16,4.83491E+16
77992,77993,9,2,74,183,2016,8,18,6,3,1,1,0,1,0,1,0,0,0,0,7.40922E+20,5.36219E+21,1.2253E+16,4.83668E+16
77993,77994,9,1,90,157,2016,8,15,3,3,3,6,0,0,0,1,0,1,0,0,6.60504E+20,5.30062E+21,1.1145E+16,4.78388E+16
77994,77995,9,5,71,175,2016,8,9,5,3,1,6,0,0,0,1,0,0,1,0,6.22991E+20,5.46037E+21,1.06912E+16,4.92837E+16
77995,77996,9,5,62,0,2016,8,18,3,3,3,1,0,1,0,1,0,0,1,0,6.43723E+20,5.49162E+21,1.09874E+16,4.95601E+16