FID,OBJECTID,ULAND,UREGBEZ,UKREIS,UGEMEINDE,UJAHR,UMONAT,USTUNDE,UWOCHENTAG,UKATEGORIE,UART,UTYP1,ULICHTVERH,IstStrasse,IstRad,IstPKW,IstFuss,IstKrad,IstGkfz,IstSonstig,LINREFX,LINREFY,XGCSWGS84,YGCSWGS84
77996,77997,9,2,79,113,2016,8,16,4,3,5,3,0,0,0,1,0,1,0,0,7.81681E+20,5.39356E+21,1.28234E+16,4.86316E+16
77997,77998,9,7,64,0,2016,8,12,5,3,8,1,0,0,0,0,0,1,0,0,5.86679E+20,5.31853E+21,1.01623E+16,4.80142E+16
77998,77999,9,5,74,157,2016,8,16,3,3,0,1,0,1,0,0,0,1,0,0,6.59946E+20,5.46964E+21,1.12027E+16,4.93585E+16
77999,78000,9,1,90,157,2016,8,17,3,3,2,1,0,0,1,0,0,0,0,0,6.65684E+20,5.29856E+21,1.12134E+16,4.7819E+16
78000,78001,9,1,73,137,2016,8,13,4,2,5,3,0,0,1,1,0,0,0,0,6.7923E+20,5.30706E+21,1.13978E+16,4.78918E+16
78001,78002,9,7,75,126,2016,8,17,5,3,5,3,0,0,0,1,0,0,0,1,5.81933E+20,5.35908E+21,1.01065E+16,4.83795E+16
78002,78003,9,5,72,133,2016,8,10,3,3,2,6,0,1,0,1,0,0,0,0,6.38987E+20,5.49909E+21,1.09246E+16,4.96283E+16
78003,78004,9,2,79,116,2016,8,13,6,3,4,2,0,1,0,1,0,0,0,0,7.5937E+20,5.39603E+21,1.25227E+16,4.86634E+16
78004,78005,9,4,71,195,2016,8,12,5,3,8,1,0,0,0,0,0,1,0,0,6.49103E+20,5.52625E+21,1.1075E+16,4.98701E+16
78005,78006,9,2,75,153,2016,8,23,5,3,9,7,2,0,0,1,0,0,0,0,8.45245E+20,5.39011E+21,1.36806E+16,4.85689E+16
78006,78007,9,1,85,149,2016,8,6,5,3,5,3,0,0,0,1,0,0,1,0,6.65431E+20,5.39827E+21,1.12491E+16,4.87155E+16
78007,78008,9,1,75,118,2016,8,8,5,3,3,6,0,0,0,1,0,0,0,0,7.16168E+20,5.34044E+21,1.19082E+16,4.81804E+16
78008,78009,9,1,73,131,2016,8,15,3,3,8,1,0,0,0,0,0,0,0,1,6.73336E+20,5.27119E+21,1.13047E+16,4.7571E+16
78009,78010,9,5,62,0,2016,8,11,3,2,0,1,0,1,0,0,0,1,0,0,6.44602E+20,5.4954E+21,1.1001E+16,4.95939E+16
78010,78011,9,1,90,157,2016,8,17,4,3,5,3,0,0,0,1,0,0,0,0,6.60537E+20,5.30089E+21,1.11456E+16,4.78413E+16
78011,78012,9,7,80,117,2016,8,15,5,3,3,6,0,0,0,1,0,0,0,1,5.91691E+20,5.28571E+21,1.02225E+16,4.77183E+16
78012,78013,9,1,71,117,2016,8,14,6,3,5,3,0,1,0,1,0,0,0,0,7.66952E+20,5.3374E+21,1.25882E+16,4.81338E+16
78013,78014,9,1,90,141,2016,8,12,5,3,5,3,0,0,0,1,0,0,0,0,6.80876E+20,5.29038E+21,1.14128E+16,4.77414E+16
78014,78015,9,1,78,142,2016,8,7,4,3,0,7,0,0,0,1,0,1,0,0,7.13963E+20,5.37767E+21,1.18974E+16,4.85156E+16
78015,78016,9,7,78,173,2016,8,14,4,3,5,3,0,0,1,1,0,0,0,0,6.12088E+20,5.32203E+21,1.05038E+16,4.80417E+16
78016,78017,9,1,78,113,2016,8,18,4,3,5,6,0,0,0,1,0,0,0,1,6.90132E+20,5.36702E+21,1.15703E+16,4.84276E+16
78017,78018,9,3,63,0,2016,8,16,4,3,0,1,0,0,1,0,0,0,0,0,7.2779E+20,5.50761E+21,1.21577E+16,4.96779E+16
78018,78019,9,1,83,148,2016,8,15,6,3,1,6,0,1,0,1,0,0,0,0,7.52444E+20,5.34373E+21,1.23973E+16,4.81966E+16
78019,78020,9,3,76,117,2016,8,8,5,3,8,1,0,0,0,1,0,0,0,0,7.36875E+20,5.46008E+21,1.2255E+16,4.92476E+16
78020,78021,9,2,74,172,2016,8,17,5,3,9,6,0,0,0,1,0,0,0,1,7.17077E+20,5.39011E+21,1.1946E+16,4.86263E+16
78021,78022,9,1,88,144,2016,8,7,5,3,2,6,0,0,0,1,0,0,0,0,6.68386E+20,5.329E+21,1.12614E+16,4.8092E+16
78022,78023,9,1,62,0,2016,8,10,4,3,2,6,0,0,0,1,0,1,0,0,7.01304E+20,5.33234E+21,1.17046E+16,4.81124E+16
78023,78024,9,1,77,113,2016,8,9,4,3,5,3,0,0,0,1,0,0,0,0,7.20782E+20,5.35303E+21,1.19767E+16,4.82919E+16
78024,78025,9,3,74,139,2016,8,18,4,2,5,3,0,0,0,1,0,1,0,0,7.29046E+20,5.51228E+21,1.21778E+16,4.97194E+16
78025,78026,9,7,73,183,2016,8,18,4,3,0,1,0,0,1,0,0,0,0,0,6.05006E+20,5.38589E+21,1.04248E+16,4.86173E+16
78026,78027,9,1,89,111,2016,8,9,3,3,2,6,0,0,0,1,0,0,0,0,7.62932E+20,5.32266E+21,1.25252E+16,4.80031E+16
78027,78028,9,5,74,155,2016,8,17,4,2,5,3,0,0,0,1,0,0,0,0,6.73793E+20,5.4992E+21,1.14062E+16,4.96204E+16
78028,78029,9,5,62,0,2016,8,8,3,2,0,7,0,0,0,0,0,1,0,0,6.41047E+20,5.49274E+21,1.09508E+16,4.95708E+16
78029,78030,9,1,90,138,2016,8,11,4,3,4,2,0,0,0,1,0,1,0,0,6.60334E+20,5.31051E+21,1.11464E+16,4.79279E+16
78030,78031,9,7,61,0,2016,8,23,5,3,5,3,2,1,1,1,0,0,0,0,6.41573E+20,5.35778E+21,1.09112E+16,4.83573E+16
78031,78032,9,1,61,0,2016,8,14,6,3,5,2,0,0,1,1,0,0,0,0,6.81373E+20,5.40221E+21,1.14673E+16,4.87465E+16
78032,78033,9,1,73,135,2016,8,13,5,3,1,6,0,0,0,1,0,0,0,0,6.94061E+20,5.28188E+21,1.15847E+16,4.76612E+16
78033,78034,9,2,71,125,2016,8,5,6,2,4,6,0,1,0,1,0,0,1,0,7.98677E+20,5.40569E+21,1.30622E+16,4.87325E+16
78034,78035,9,5,76,127,2016,8,12,5,3,2,6,0,0,0,1,0,0,0,0,6.63193E+20,5.45218E+21,1.12403E+16,4.92007E+16
78035,78036,9,1,77,113,2016,8,6,4,3,3,6,0,0,0,1,0,0,0,0,7.24903E+20,5.35729E+21,1.20345E+16,4.83287E+16
78036,78037,9,3,77,116,2016,8,11,4,3,5,3,0,0,0,1,0,0,0,0,7.20224E+20,5.52448E+21,1.20625E+16,4.98323E+16
78037,78038,9,6,74,129,2016,8,9,4,2,8,7,0,1,0,1,0,0,0,0,6.21113E+20,5.53991E+21,1.06899E+16,4.99992E+16
78038,78039,9,1,89,130,2016,8,13,3,3,0,1,0,0,1,0,0,0,0,0,7.66539E+20,5.31306E+21,1.25675E+16,4.79154E+16
78039,78040,9,1,75,123,2016,8,15,6,3,5,3,0,1,0,1,0,0,0,0,7.25597E+20,5.33632E+21,1.20326E+16,4.81401E+16
78040,78041,9,5,65,0,2016,8,19,3,3,2,2,1,1,0,1,0,0,0,0,6.46844E+20,5.46692E+21,1.10214E+16,4.93373E+16
78041,78042,9,7,71,113,2016,8,12,4,2,0,7,0,0,1,0,0,0,0,0,6.57709E+20,5.36958E+21,1.11333E+16,4.84596E+16
78042,78043,9,1,83,112,2016,8,6,3,3,2,6,0,0,1,1,0,0,0,0,7.54814E+20,5.3505E+21,1.24332E+16,4.82564E+16
78043,78044,9,5,74,152,2016,8,15,3,3,2,6,0,0,0,1,0,0,0,0,6.62349E+20,5.48365E+21,1.12415E+16,4.94837E+16
78044,78045,9,6,78,115,2016,8,16,5,2,1,7,0,0,1,1,0,0,0,0,5.84705E+20,5.54035E+21,1.01822E+16,5.00094E+16
78045,78046,9,1,81,134,2016,8,7,6,3,8,1,0,1,0,1,0,0,0,0,6.42542E+20,5.33906E+21,1.09179E+16,4.81888E+16
78046,78047,9,2,75,130,2016,8,14,6,3,4,2,0,1,0,1,0,0,0,0,8.13291E+20,5.36217E+21,1.32277E+16,4.83349E+16
78047,78048,9,1,89,135,2016,8,11,3,2,0,7,0,0,1,0,0,0,0,0,7.87789E+20,5.31394E+21,1.28519E+16,4.79141E+16
78048,78049,9,5,72,137,2016,8,17,5,2,5,3,0,0,1,1,0,0,0,0,6.50644E+20,5.48897E+21,1.1082E+16,4.95346E+16
78049,78050,9,1,77,122,2016,8,19,4,3,7,7,0,0,0,0,0,1,0,0,7.26169E+20,5.35812E+21,1.2052E+16,4.83358E+16
78050,78051,9,1,87,126,2016,8,21,3,3,0,6,2,1,1,0,0,0,0,0,7.41359E+20,5.32655E+21,1.22387E+16,4.80465E+16
78051,78052,9,1,84,136,2016,8,17,5,3,1,1,0,0,0,1,0,1,0,0,6.9676E+20,5.32652E+21,1.16409E+16,4.80616E+16
78052,78053,9,5,74,128,2016,8,17,3,3,5,3,0,1,0,1,0,0,0,0,6.79538E+20,5.48365E+21,1.14786E+16,4.94789E+16
78053,78054,9,2,74,113,2016,8,23,6,3,1,7,2,0,0,1,1,0,0,0,7.2941E+20,5.38389E+21,1.21097E+16,4.85661E+16
78054,78055,9,4,71,165,2016,8,20,5,3,2,6,2,0,0,1,0,0,0,0,6.31365E+20,5.53151E+21,1.08301E+16,4.99215E+16
78055,78056,9,1,82,116,2016,8,11,5,3,5,3,0,0,0,1,0,0,0,0,7.04E+20,5.29234E+21,1.17218E+16,4.77521E+16
78056,78057,9,1,88,117,2016,8,14,5,3,4,6,0,0,0,1,0,0,0,0,6.6461E+20,5.31459E+21,1.12052E+16,4.79634E+16
78057,78058,9,5,71,199,2016,8,8,5,3,5,3,0,0,0,1,0,0,0,0,5.85752E+20,5.45001E+21,1.01771E+16,4.91969E+16
78058,78059,9,6,71,155,2016,8,15,5,3,1,6,0,0,0,1,0,0,0,0,5.05868E+20,5.53385E+21,9.0818E+15,4.9957E+16
78059,78060,9,1,63,0,2016,8,6,5,3,4,2,0,0,0,1,0,1,0,0,7.3374E+20,5.30201E+21,1.21233E+16,4.78289E+16
78060,78061,9,1,74,143,2016,8,14,6,3,4,6,0,1,0,1,0,0,0,0,6.74357E+20,5.35292E+21,1.13513E+16,4.83054E+16
78061,78062,9,2,72,138,2016,8,18,6,3,8,1,0,1,0,1,0,0,0,0,8.27009E+20,5.4118E+21,1.34513E+16,4.87731E+16
78062,78063,9,1,82,131,2016,8,16,3,2,6,4,0,0,0,0,1,0,0,1,7.16042E+20,5.28735E+21,1.18798E+16,4.77034E+16
78063,78064,9,5,77,173,2016,8,18,5,3,2,1,0,0,0,0,0,1,0,0,6.42153E+20,5.42505E+21,1.09421E+16,4.89621E+16
78064,78065,9,5,74,164,2016,8,10,3,2,9,6,0,0,0,1,0,0,0,0,6.65513E+20,5.4723E+21,1.12804E+16,4.93809E+16
78065,78066,9,1,90,120,2016,8,10,4,3,5,3,0,0,0,1,0,1,0,0,6.64816E+20,5.29602E+21,1.12009E+16,4.77965E+16
78066,78067,9,7,75,135,2016,8,8,5,3,2,6,0,0,0,1,0,0,0,0,5.75787E+20,5.36145E+21,1.0024E+16,4.84016E+16
78067,78068,9,1,90,121,2016,8,12,6,3,4,1,0,1,0,1,0,0,0,0,6.63276E+20,5.28808E+21,1.11773E+16,4.77255E+16
78068,78069,9,3,72,144,2016,8,16,5,2,4,2,0,0,0,1,0,1,0,0,7.94155E+20,5.46375E+21,1.30429E+16,4.92557E+16
78069,78070,9,2,75,135,2016,8,18,5,3,0,3,0,0,0,1,0,1,0,0,8.22269E+20,5.40151E+21,1.33789E+16,4.86833E+16
78070,78071,9,1,80,117,2016,8,14,4,3,5,3,0,0,0,1,0,1,0,0,6.58245E+20,5.26274E+21,1.11011E+16,4.74988E+16
78071,78072,9,1,76,166,2016,8,20,5,3,9,1,2,0,0,1,0,0,0,0,6.50712E+20,5.41056E+21,1.10536E+16,4.88297E+16
78072,78073,9,1,77,117,2016,8,10,5,2,4,6,0,0,1,0,0,0,0,0,7.16355E+20,5.35482E+21,1.1918E+16,4.83095E+16
78073,78074,9,7,75,162,2016,8,20,3,3,8,1,1,1,0,1,0,0,0,0,5.82732E+20,5.34888E+21,1.01153E+16,4.82877E+16
78074,78075,9,3,72,126,2016,8,7,4,2,4,6,2,0,0,1,0,0,0,1,7.79309E+20,5.46731E+21,1.28418E+16,4.92946E+16
78075,78076,9,7,77,173,2016,8,12,4,3,0,6,0,0,1,0,0,0,0,0,6.31465E+20,5.27841E+21,1.07504E+16,4.76458E+16
78076,78077,9,1,82,114,2016,8,17,3,3,5,3,0,0,0,1,0,0,0,0,7.20098E+20,5.28816E+21,1.19342E+16,4.77093E+16
78077,78078,9,4,63,0,2016,8,18,7,3,5,3,0,0,1,1,0,0,0,0,6.39819E+20,5.56795E+21,1.09611E+16,5.02471E+16
78078,78079,9,4,71,220,2016,8,14,3,3,8,1,0,0,0,1,0,0,0,0,6.14631E+20,5.51365E+21,1.05918E+16,4.97644E+16
78079,78080,9,1,62,0,2016,8,13,6,3,3,2,0,1,0,1,0,0,0,1,6.92163E+20,5.3393E+21,1.15851E+16,4.81779E+16
78080,78081,9,4,71,128,2016,8,14,1,2,2,6,0,0,0,1,0,1,0,0,6.03962E+20,5.52263E+21,1.04461E+16,4.98471E+16
78081,78082,9,6,77,203,2016,8,13,2,2,9,1,0,0,0,0,0,1,0,0,5.51021E+20,5.52796E+21,9.71047E+15,4.99019E+16
78082,78083,9,2,78,139,2016,8,6,2,3,3,6,0,0,0,1,0,0,0,1,7.71404E+20,5.42651E+21,1.27059E+16,4.89319E+16
78083,78084,9,1,89,148,2016,8,11,2,3,0,7,0,0,1,0,0,0,0,0,7.7541E+20,5.30761E+21,1.26825E+16,4.78628E+16
78084,78085,9,7,72,211,2016,8,9,7,3,5,3,0,0,0,1,0,1,0,0,6.22628E+20,5.35304E+21,1.06541E+16,4.83186E+16
78085,78086,9,7,79,186,2016,8,9,1,3,5,3,0,0,0,1,0,0,0,0,6.34504E+20,5.41181E+21,1.08333E+16,4.88447E+16
78086,78087,9,2,76,113,2016,8,11,1,2,8,1,0,0,0,0,0,1,0,0,7.88696E+20,5.44891E+21,1.29574E+16,4.91251E+16
78087,78088,9,4,71,159,2016,8,0,6,3,1,7,2,1,0,1,0,0,0,0,6.39575E+20,5.53263E+21,1.09448E+16,4.99297E+16
78088,78089,9,1,62,0,2016,8,13,2,3,2,6,0,0,0,1,0,1,0,0,6.88297E+20,5.32829E+21,1.15282E+16,4.80801E+16
78089,78090,9,6,74,163,2016,8,10,1,3,2,6,0,0,0,1,0,0,0,0,6.1163E+20,5.5377E+21,1.0557E+16,4.99812E+16
78090,78091,9,4,78,111,2016,8,19,7,3,0,1,0,0,1,0,0,0,0,0,6.60401E+20,5.55589E+21,1.12445E+16,5.01336E+16
78091,78092,9,5,72,137,2016,8,4,1,3,0,1,2,0,0,0,0,1,0,0,6.5421E+20,5.4917E+21,1.11324E+16,4.95582E+16
78092,78093,9,1,62,0,2016,8,5,6,3,2,6,2,1,0,0,0,1,0,1,6.89016E+20,5.3295E+21,1.15384E+16,4.80907E+16
78093,78094,9,5,64,0,2016,8,11,2,3,3,2,0,0,1,0,0,0,1,0,6.4763E+20,5.47826E+21,1.10364E+16,4.94391E+16
78094,78095,9,2,71,127,2016,8,8,2,3,3,6,0,0,0,1,0,0,1,0,8.08299E+20,5.40257E+21,1.31904E+16,4.86999E+16
78095,78096,9,2,77,124,2016,8,12,3,3,8,1,0,0,0,1,0,0,0,0,7.81004E+20,5.3693E+21,1.27979E+16,4.84141E+16
78096,78097,9,1,87,168,2016,8,15,2,3,2,6,0,0,0,1,0,0,0,1,7.46893E+20,5.30613E+21,1.23011E+16,4.7861E+16
78097,78098,9,7,71,142,2016,8,8,7,3,5,3,0,0,1,1,0,0,0,0,6.45791E+20,5.35078E+21,1.09656E+16,4.82934E+16
78098,78099,9,5,64,0,2016,8,18,2,3,3,6,0,0,0,1,0,0,1,0,6.56834E+20,5.47309E+21,1.11612E+16,4.93903E+16
78099,78100,9,2,63,0,2016,8,16,2,3,8,1,0,0,1,0,0,0,0,0,7.61974E+20,5.41962E+21,1.2573E+16,4.88742E+16
78100,78101,9,1,89,120,2016,8,14,2,3,5,3,0,0,0,1,0,0,0,0,7.55448E+20,5.29903E+21,1.24111E+16,4.77939E+16
78101,78102,9,2,78,170,2016,8,13,1,3,8,1,0,0,0,1,0,0,0,0,7.65191E+20,5.42545E+21,1.26206E+16,4.89251E+16
78102,78103,9,6,63,0,2016,8,11,7,3,2,6,0,0,0,1,0,0,0,0,5.68443E+20,5.51618E+21,9.95096E+15,4.97942E+16
78103,78104,9,4,71,220,2016,8,5,1,2,9,1,0,0,0,1,0,0,0,0,6.13656E+20,5.51304E+21,1.05781E+16,4.9759E+16
78104,78105,9,2,71,149,2016,8,12,1,1,4,6,0,0,0,1,0,1,0,0,8.06068E+20,5.41171E+21,1.3167E+16,4.87829E+16
78105,78106,9,4,61,0,2016,8,17,6,3,2,6,0,0,0,1,0,0,0,0,6.38578E+20,5.52687E+21,1.09288E+16,4.98782E+16
78106,78107,9,7,64,0,2016,8,9,2,3,4,2,0,0,0,1,0,1,0,0,5.87741E+20,5.31623E+21,1.01761E+16,4.79934E+16
78107,78108,9,6,78,136,2016,8,10,1,2,2,2,0,0,0,1,0,1,0,0,5.85881E+20,5.53955E+21,1.01984E+16,5.00021E+16
78108,78109,9,4,77,157,2016,8,16,7,3,3,6,0,0,0,1,0,0,0,0,6.70925E+20,5.54319E+21,1.13859E+16,5.00165E+16
78109,78110,9,1,62,0,2016,8,18,6,3,5,3,0,1,1,1,0,0,0,0,6.92602E+20,5.33117E+21,1.15873E+16,4.81047E+16
78110,78111,9,5,75,115,2016,8,11,2,2,4,6,0,0,0,1,0,0,0,0,5.97108E+20,5.48007E+21,1.03402E+16,4.94655E+16
78111,78112,9,1,82,114,2016,8,17,2,2,0,6,0,0,0,0,0,1,0,0,7.20935E+20,5.289E+21,1.19458E+16,4.77165E+16
78112,78113,9,2,74,127,2016,8,10,2,3,2,6,0,0,0,1,0,0,0,0,7.35092E+20,5.39592E+21,1.21935E+16,4.8672E+16
78113,78114,9,1,83,118,2016,8,18,3,3,8,1,0,1,0,1,0,0,0,0,7.44208E+20,5.33817E+21,1.22835E+16,4.81498E+16
78114,78115,9,6,77,154,2016,8,14,7,2,0,7,0,0,1,0,0,0,0,0,5.42764E+20,5.51478E+21,9.59405E+15,4.9784E+16
78115,78116,9,4,77,128,2016,8,13,7,3,0,7,0,0,0,0,0,1,0,0,6.75372E+20,5.55188E+21,1.14519E+16,5.00932E+16
78116,78117,9,2,71,119,2016,8,16,1,3,8,1,0,0,0,1,0,0,0,0,7.95911E+20,5.42053E+21,1.30354E+16,4.88671E+16
78117,78118,9,6,78,186,2016,8,9,3,3,7,7,0,0,0,1,0,0,0,0,5.90037E+20,5.5497E+21,1.02588E+16,5.00927E+16
78118,78119,9,7,78,173,2016,8,21,6,3,9,1,2,1,0,1,0,0,0,0,6.10233E+20,5.32141E+21,1.04788E+16,4.80364E+16
78119,78120,9,4,72,155,2016,8,7,7,3,8,1,0,0,0,1,0,0,0,0,6.79332E+20,5.52737E+21,1.14958E+16,4.98718E+16
78120,78121,9,4,71,214,2016,8,18,1,2,5,3,0,0,1,1,0,0,0,0,6.40904E+20,5.5403E+21,1.09661E+16,4.99984E+16
78121,78122,9,2,76,128,2016,8,11,1,3,0,7,0,0,0,1,0,1,0,0,7.807E+20,5.43566E+21,1.28389E+16,4.90099E+16
78122,78123,9,7,71,130,2016,8,9,3,3,5,3,0,1,0,1,0,0,0,0,6.48694E+20,5.3569E+21,1.10069E+16,4.83477E+16
78123,78124,9,7,62,0,2016,8,9,2,3,5,3,0,0,1,0,0,1,0,0,6.21493E+20,5.30398E+21,1.06249E+16,4.78777E+16
78124,78125,9,5,65,0,2016,8,1,1,2,5,3,2,0,0,0,0,1,0,1,6.46891E+20,5.46736E+21,1.10222E+16,4.93413E+16
78125,78126,9,3,74,165,2016,8,22,7,3,5,3,2,0,0,1,0,0,0,0,7.38089E+20,5.50715E+21,1.22999E+16,4.96698E+16
78126,78127,9,5,62,0,2016,8,17,1,3,2,6,0,0,0,1,0,0,0,0,6.43657E+20,5.49357E+21,1.09872E+16,4.95776E+16
78127,78128,9,7,80,124,2016,8,11,2,3,5,2,0,0,0,1,0,0,0,0,5.94026E+20,5.26793E+21,1.02498E+16,4.7558E+16
78128,78129,9,7,78,173,2016,8,9,6,3,5,3,0,1,0,1,0,0,0,0,6.11123E+20,5.32264E+21,1.04911E+16,4.80474E+16
78129,78130,9,4,71,145,2016,8,19,2,3,0,7,0,0,0,1,0,0,0,0,6.44654E+20,5.52104E+21,1.10112E+16,4.98243E+16
78130,78131,9,4,74,126,2016,8,16,2,3,4,2,0,0,0,1,0,0,0,0,6.51054E+20,5.5091E+21,1.10955E+16,4.97155E+16
78131,78132,9,1,88,139,2016,8,9,1,3,5,3,0,0,1,1,0,0,0,0,6.67805E+20,5.31705E+21,1.12489E+16,4.79847E+16
78132,78133,9,1,86,143,2016,8,14,2,3,6,7,0,0,0,1,1,0,0,0,6.85409E+20,5.3771E+21,1.15109E+16,4.85196E+16
78133,78134,9,2,79,128,2016,8,22,2,3,5,3,2,0,0,1,0,0,0,0,7.51322E+20,5.39563E+21,1.24134E+16,4.86631E+16
78134,78135,9,1,87,169,2016,8,14,3,3,2,6,0,0,0,1,0,0,0,1,7.37973E+20,5.29924E+21,1.21782E+16,4.78025E+16
78135,78136,9,6,73,123,2016,8,10,7,2,6,4,0,0,0,1,1,0,0,0,5.779E+20,5.59891E+21,1.00993E+16,5.0537E+16
78136,78137,9,3,75,204,2016,8,20,7,3,9,1,1,0,0,1,0,0,0,0,7.32611E+20,5.43515E+21,1.21821E+16,4.90253E+16
78137,78138,9,4,76,145,2016,8,13,3,3,2,5,0,0,0,1,0,0,0,1,6.67675E+20,5.56719E+21,1.13511E+16,5.02331E+16
78138,78139,9,7,64,0,2016,8,13,6,3,5,3,0,1,0,1,0,0,0,0,5.85937E+20,5.3171E+21,1.01521E+16,4.80014E+16
78139,78140,9,4,71,185,2016,8,16,1,2,0,1,0,0,0,0,0,1,0,0,6.50365E+20,5.53838E+21,1.10973E+16,4.99788E+16
78140,78141,9,6,79,144,2016,8,11,2,3,2,6,0,0,0,1,0,0,0,0,5.50428E+20,5.51337E+21,9.70032E+15,4.97707E+16
78141,78142,9,3,72,164,2016,8,17,2,3,4,2,0,0,1,1,0,0,0,0,7.65788E+20,5.45268E+21,1.26466E+16,4.91693E+16
78142,78143,9,1,89,137,2016,8,11,2,3,5,3,0,0,0,1,0,0,0,0,7.50333E+20,5.31744E+21,1.23536E+16,4.79612E+16
78143,78144,9,7,80,139,2016,8,20,7,3,5,3,1,0,1,1,0,0,0,0,5.96727E+20,5.26363E+21,1.02848E+16,4.75189E+16
78144,78145,9,1,77,127,2016,8,6,2,2,5,3,0,0,0,1,0,0,0,0,7.24109E+20,5.34992E+21,1.20199E+16,4.82628E+16
78145,78146,9,7,62,0,2016,8,8,1,3,9,1,0,0,0,1,0,0,0,0,6.21861E+20,5.3031E+21,1.06295E+16,4.78696E+16
78146,78147,9,2,77,148,2016,8,21,1,2,5,3,2,0,0,1,0,1,0,0,7.9035E+20,5.35846E+21,1.29164E+16,4.83126E+16
78147,78148,9,7,73,139,2016,8,17,2,2,2,6,0,0,0,1,0,0,0,1,6.17704E+20,5.3843E+21,1.05965E+16,4.86007E+16
78148,78149,9,7,79,192,2016,8,13,6,3,2,6,0,1,0,1,0,0,0,0,6.4224E+20,5.39772E+21,1.09338E+16,4.87163E+16
78149,78150,9,3,75,204,2016,8,14,2,3,0,1,0,1,0,0,0,1,0,0,7.32586E+20,5.43515E+21,1.21817E+16,4.90254E+16
78150,78151,9,1,77,143,2016,8,21,1,3,0,7,2,0,0,0,0,1,0,0,7.20751E+20,5.36653E+21,1.19834E+16,4.84132E+16
78151,78152,9,1,81,120,2016,8,15,2,3,5,3,0,0,1,0,0,0,0,0,6.49774E+20,5.32128E+21,1.10089E+16,4.80273E+16
78152,78153,9,7,80,140,2016,8,15,1,2,3,3,0,0,0,1,0,0,0,0,5.99629E+20,5.28193E+21,1.03275E+16,4.76831E+16
78153,78154,9,1,88,141,2016,8,18,3,3,8,1,0,1,0,0,0,1,0,0,6.67879E+20,5.31254E+21,1.12482E+16,4.79442E+16
78154,78155,9,3,75,180,2016,8,12,7,3,2,6,0,0,0,1,0,0,0,0,7.24272E+20,5.43021E+21,1.20655E+16,4.8984E+16
78155,78156,9,3,75,190,2016,8,9,3,3,4,2,0,0,0,1,0,0,0,0,7.26507E+20,5.44543E+21,1.21045E+16,4.91199E+16
78156,78157,9,7,79,224,2016,8,17,6,2,3,2,0,0,1,1,0,0,0,0,6.08319E+20,5.4167E+21,1.04778E+16,4.88938E+16
78157,78158,9,4,61,0,2016,8,17,1,3,3,6,0,0,1,0,0,0,0,0,6.38515E+20,5.5269E+21,1.0928E+16,4.98785E+16
78158,78159,9,6,73,156,2016,8,8,2,1,4,1,0,0,0,1,0,0,0,0,5.90936E+20,5.57603E+21,1.02776E+16,5.03293E+16
78159,78160,9,2,76,144,2016,8,22,2,3,0,7,2,0,0,1,0,0,0,0,7.85312E+20,5.44557E+21,1.29088E+16,4.90967E+16
78160,78161,9,1,89,152,2016,8,17,2,3,5,6,0,0,0,0,0,1,0,1,7.75492E+20,5.32874E+21,1.26972E+16,4.80524E+16
78161,78162,9,2,77,148,2016,8,10,1,3,7,7,0,0,0,0,0,1,0,0,7.86142E+20,5.36087E+21,1.28614E+16,4.83361E+16
78162,78163,9,7,72,223,2016,8,10,1,3,9,1,0,0,0,1,0,0,0,0,6.23436E+20,5.36398E+21,1.06682E+16,4.84169E+16
78163,78164,9,2,75,133,2016,8,17,1,3,5,2,0,0,0,1,0,0,0,0,8.27602E+20,5.3812E+21,1.34351E+16,4.84984E+16
78164,78165,9,3,74,123,2016,8,7,6,3,9,1,0,1,0,1,0,0,0,0,7.45789E+20,5.51134E+21,1.24091E+16,4.97043E+16
78165,78166,9,1,62,0,2016,8,18,2,3,5,3,0,0,1,1,0,0,0,0,6.87915E+20,5.335E+21,1.15261E+16,4.81405E+16
78166,78167,9,6,74,210,2016,8,14,1,3,0,1,0,0,0,0,0,1,0,0,6.31005E+20,5.55292E+21,1.08324E+16,5.0114E+16
78167,78168,9,3,76,178,2016,8,16,7,2,8,7,0,0,0,0,0,0,0,1,7.52515E+20,5.48211E+21,1.24834E+16,4.94392E+16
78168,78169,9,5,76,121,2016,8,16,1,2,4,7,0,0,0,1,0,0,0,0,6.50733E+20,5.44899E+21,1.10681E+16,4.91752E+16
78169,78170,9,3,77,157,2016,8,17,6,3,2,6,0,0,0,1,0,0,0,0,7.19914E+20,5.54174E+21,1.2068E+16,4.99874E+16
78170,78171,9,1,77,117,2016,8,6,3,3,8,1,1,1,0,0,0,1,0,0,7.13963E+20,5.35198E+21,1.18844E+16,4.82849E+16
78171,78172,9,6,74,163,2016,8,13,1,3,2,6,0,0,0,1,0,0,0,0,6.09705E+20,5.5385E+21,1.05304E+16,4.99887E+16
78172,78173,9,3,76,149,2016,8,16,7,3,8,1,0,1,0,0,0,1,0,0,7.36328E+20,5.45015E+21,1.22416E+16,4.91586E+16
78173,78174,9,2,78,190,2016,8,18,3,3,5,3,0,0,0,1,0,0,0,0,7.65187E+20,5.42823E+21,1.26223E+16,4.89501E+16
78174,78175,9,5,76,117,2016,8,12,1,2,5,3,0,0,1,1,0,0,0,0,6.49702E+20,5.45921E+21,1.10578E+16,4.92673E+16
78175,78176,9,7,71,130,2016,8,20,6,3,8,1,0,1,0,1,0,0,0,0,6.46499E+20,5.36283E+21,1.09794E+16,4.84016E+16