FID,OBJECTID,ULAND,UREGBEZ,UKREIS,UGEMEINDE,UJAHR,UMONAT,USTUNDE,UWOCHENTAG,UKATEGORIE,UART,UTYP1,ULICHTVERH,IstStrasse,IstRad,IstPKW,IstFuss,IstKrad,IstGkfz,IstSonstig,LINREFX,LINREFY,XGCSWGS84,YGCSWGS84
78176,78177,9,3,74,127,2016,8,15,1,3,2,6,0,0,0,0,0,1,0,0,7.33276E+20,5.50114E+21,1.22297E+16,4.96177E+16
78177,78178,9,5,62,0,2016,8,19,2,3,2,6,0,0,0,1,0,0,1,0,6.43783E+20,5.49405E+21,1.09891E+16,4.95819E+16
78178,78179,9,2,63,0,2016,8,16,2,3,1,6,0,0,0,1,0,0,0,0,7.64564E+20,5.42087E+21,1.26091E+16,4.88843E+16
78179,78180,9,1,71,133,2016,8,19,2,3,2,2,0,0,0,1,0,1,0,0,7.66611E+20,5.34622E+21,1.25892E+16,4.82131E+16
78180,78181,9,2,75,128,2016,8,15,1,2,4,6,0,0,0,1,0,0,0,0,8.32712E+20,5.40467E+21,1.35229E+16,4.87062E+16
78181,78182,9,6,74,139,2016,8,10,7,2,4,3,0,0,0,1,0,0,0,0,5.94986E+20,5.54257E+21,1.03262E+16,5.00279E+16
78182,78183,9,6,75,116,2016,8,10,1,1,9,1,0,0,0,1,0,0,0,0,5.96531E+20,5.51155E+21,1.034E+16,4.97487E+16
78183,78184,9,2,74,146,2016,8,18,1,2,1,6,0,0,0,1,0,0,0,0,7.33452E+20,5.37528E+21,1.21596E+16,4.84872E+16
78184,78185,9,7,71,111,2016,8,4,3,2,2,1,2,1,0,1,0,0,1,0,6.58074E+20,5.35769E+21,1.11337E+16,4.83526E+16
78185,78186,9,3,74,158,2016,8,9,6,2,8,1,0,0,0,1,0,0,0,0,7.31794E+20,5.51359E+21,1.22166E+16,4.97301E+16
78186,78187,9,7,80,120,2016,8,16,2,2,8,1,0,0,0,0,0,1,0,0,6.01316E+20,5.28298E+21,1.03502E+16,4.76923E+16
78187,78188,9,6,76,158,2016,8,19,1,2,6,4,0,0,0,1,1,0,0,0,5.29713E+20,5.51485E+21,9.41276E+15,4.97854E+16
78188,78189,9,5,62,0,2016,8,11,1,3,5,3,0,0,1,1,0,0,0,0,6.43382E+20,5.49678E+21,1.09846E+16,4.96066E+16
78189,78190,9,7,62,0,2016,8,11,2,3,1,6,0,0,0,1,0,0,0,0,6.22164E+20,5.30817E+21,1.0635E+16,4.79153E+16
78190,78191,9,7,61,0,2016,8,12,6,3,2,6,0,1,0,1,0,0,1,0,6.38436E+20,5.35673E+21,1.08685E+16,4.83486E+16
78191,78192,9,4,78,165,2016,8,8,2,2,9,1,0,0,0,1,0,0,0,0,6.43854E+20,5.55229E+21,1.10117E+16,5.01054E+16
78192,78193,9,1,87,154,2016,8,10,2,3,8,1,0,0,1,0,0,0,0,0,7.35326E+20,5.29516E+21,1.21407E+16,4.77668E+16
78193,78194,9,7,72,111,2016,8,16,6,3,2,6,0,0,0,1,0,1,0,0,6.27253E+20,5.3648E+21,1.07201E+16,4.84235E+16
78194,78195,9,5,73,122,2016,8,18,2,3,0,1,0,0,1,0,0,0,0,0,6.43037E+20,5.4777E+21,1.09729E+16,4.94351E+16
78195,78196,9,2,75,144,2016,8,15,2,2,0,2,0,0,0,1,0,1,0,0,8.24845E+20,5.39796E+21,1.3411E+16,4.86502E+16
78196,78197,9,1,90,158,2016,8,15,3,3,8,1,0,1,0,1,0,0,0,0,6.50239E+20,5.30165E+21,1.10083E+16,4.78506E+16
78197,78198,9,6,71,160,2016,8,10,7,3,8,1,0,1,0,0,0,1,0,0,5.27376E+20,5.52681E+21,9.38114E+15,4.98931E+16
78198,78199,9,2,74,124,2016,8,15,1,3,0,7,0,0,1,0,0,0,0,0,7.25152E+20,5.37365E+21,1.20466E+16,4.84756E+16
78199,78200,9,7,71,169,2016,8,19,3,3,0,7,0,0,1,0,0,0,0,0,6.42072E+20,5.37547E+21,1.09239E+16,4.85162E+16
78200,78201,9,2,76,142,2016,8,13,7,3,5,3,0,0,0,1,0,0,0,0,7.91255E+20,5.43258E+21,1.29807E+16,4.89774E+16
78201,78202,9,7,79,126,2016,8,17,2,3,8,1,0,0,0,0,0,0,0,1,6.34734E+20,5.40643E+21,1.08346E+16,4.87962E+16
78202,78203,9,7,72,145,2016,8,21,6,2,8,1,2,1,0,0,0,0,0,1,6.34598E+20,5.36727E+21,1.08201E+16,4.84442E+16
78203,78204,9,4,71,145,2016,8,20,2,3,2,6,0,0,0,1,0,0,0,0,6.43344E+20,5.51985E+21,1.09925E+16,4.9814E+16
78204,78205,9,1,88,139,2016,8,15,1,2,0,1,0,0,1,0,0,0,0,0,6.76231E+20,5.319E+21,1.13626E+16,4.8E+16
78205,78206,9,1,74,135,2016,8,9,2,3,2,6,0,0,0,1,0,0,0,0,6.63402E+20,5.35314E+21,1.12038E+16,4.83103E+16
78206,78207,9,2,79,126,2016,8,16,2,3,1,6,0,0,0,1,0,0,0,0,7.62477E+20,5.38415E+21,1.25573E+16,4.85555E+16
78207,78208,9,1,87,174,2016,8,11,3,1,4,2,0,1,0,1,0,0,0,0,7.42222E+20,5.31023E+21,1.2241E+16,4.78996E+16
78208,78209,9,2,63,0,2016,8,10,7,3,2,6,0,0,0,1,0,0,0,0,7.6212E+20,5.42137E+21,1.25761E+16,4.88897E+16
78209,78210,9,4,62,0,2016,8,18,3,3,2,6,0,0,0,1,0,1,0,0,6.84263E+20,5.53547E+21,1.15682E+16,4.99431E+16
78210,78211,9,7,61,0,2016,8,13,6,3,0,2,0,1,1,0,0,1,0,0,6.38319E+20,5.36132E+21,1.08684E+16,4.83898E+16
78211,78212,9,2,79,137,2016,8,19,2,3,0,7,0,0,1,0,0,0,0,0,7.75555E+20,5.40523E+21,1.27482E+16,4.87391E+16
78212,78213,9,1,89,135,2016,8,5,3,2,5,3,1,1,0,1,0,1,0,0,7.88072E+20,5.31066E+21,1.28535E+16,4.78846E+16
78213,78214,9,5,72,139,2016,8,15,7,3,1,6,0,0,0,1,0,0,0,0,6.28339E+20,5.50691E+21,1.07798E+16,4.97011E+16
78214,78215,9,2,76,138,2016,8,13,7,2,2,6,0,0,0,1,0,1,0,0,8.02644E+20,5.43257E+21,1.31359E+16,4.89718E+16
78215,78216,9,2,79,126,2016,8,18,1,3,0,3,0,0,0,1,0,1,0,0,7.62841E+20,5.38423E+21,1.25623E+16,4.8556E+16
78216,78217,9,6,72,113,2016,8,15,3,2,6,4,0,0,0,1,1,0,0,0,5.527E+20,5.57124E+21,9.73982E+15,5.0291E+16
78217,78218,9,7,61,0,2016,8,11,6,2,6,4,0,1,0,1,1,0,0,0,6.41469E+20,5.35858E+21,1.091E+16,4.83645E+16
78218,78219,9,3,77,118,2016,8,14,1,3,4,6,0,0,0,1,0,1,0,0,7.22839E+20,5.53103E+21,1.21025E+16,4.98901E+16
78219,78220,9,7,72,131,2016,8,18,2,3,0,6,0,0,0,1,0,0,0,0,6.16793E+20,5.35416E+21,1.05758E+16,4.83299E+16
78220,78221,9,7,61,0,2016,8,13,6,3,5,3,0,1,1,1,0,0,0,0,6.40865E+20,5.36048E+21,1.09025E+16,4.83817E+16
78221,78222,9,3,75,165,2016,8,20,2,3,2,6,0,0,0,1,0,0,0,1,7.26294E+20,5.43676E+21,1.20967E+16,4.90421E+16
78222,78223,9,1,80,114,2016,8,17,2,2,4,6,0,0,0,1,0,0,0,0,6.63903E+20,5.27321E+21,1.11801E+16,4.75916E+16
78223,78224,9,1,73,137,2016,8,11,1,3,5,3,0,0,1,1,0,0,0,0,6.74406E+20,5.3081E+21,1.13337E+16,4.79025E+16
78224,78225,9,1,77,133,2016,8,18,1,3,5,3,0,0,0,1,0,1,0,0,7.11782E+20,5.35446E+21,1.18562E+16,4.83078E+16
78225,78226,9,1,74,135,2016,8,17,2,3,2,6,0,0,0,1,0,0,0,0,6.63048E+20,5.35296E+21,1.1199E+16,4.83088E+16
78226,78227,9,7,77,151,2016,8,22,1,2,4,1,2,0,0,1,0,0,0,1,6.17283E+20,5.29281E+21,1.05656E+16,4.7778E+16
78227,78228,9,3,62,0,2016,8,12,6,3,9,1,0,0,0,1,0,0,0,0,7.24987E+20,5.43541E+21,1.20781E+16,4.90305E+16
78228,78229,9,1,81,130,2016,8,8,3,3,5,3,0,1,0,1,0,0,0,0,6.38878E+20,5.32271E+21,1.08633E+16,4.80426E+16
78229,78230,9,6,75,174,2016,8,7,1,2,1,7,0,0,0,1,0,1,0,0,5.87619E+20,5.52427E+21,1.02192E+16,4.98644E+16
78230,78231,9,2,71,119,2016,8,20,7,3,8,1,0,0,1,0,0,0,0,0,7.86861E+20,5.41499E+21,1.29084E+16,4.88216E+16
78231,78232,9,3,61,0,2016,8,22,3,3,1,5,2,0,0,1,0,0,1,0,7.06559E+20,5.48261E+21,1.18506E+16,4.9461E+16
78232,78233,9,5,64,0,2016,8,11,1,3,0,1,0,0,1,0,0,0,0,0,6.52485E+20,5.47754E+21,1.11031E+16,4.94314E+16
78233,78234,9,6,77,157,2016,8,14,6,3,2,6,0,0,0,1,0,0,0,0,5.4035E+20,5.51846E+21,9.56089E+15,4.98172E+16
78234,78235,9,3,74,157,2016,8,16,1,3,5,3,0,0,0,1,0,0,0,0,7.03052E+20,5.5212E+21,1.18223E+16,4.98089E+16
78235,78236,9,5,62,0,2016,8,16,2,3,3,6,0,0,0,1,0,0,1,0,6.42585E+20,5.4916E+21,1.09717E+16,4.95601E+16
78236,78237,9,2,63,0,2016,8,15,2,3,5,3,0,0,0,1,0,0,0,1,7.62894E+20,5.42065E+21,1.25862E+16,4.8883E+16
78237,78238,9,3,62,0,2016,8,10,1,3,2,6,0,0,0,1,0,0,0,0,7.28015E+20,5.43138E+21,1.21172E+16,4.89932E+16
78238,78239,9,6,79,196,2016,8,10,2,3,2,6,0,0,0,1,0,0,0,0,5.52051E+20,5.51611E+21,9.72323E+15,4.97952E+16
78239,78240,9,3,61,0,2016,8,2,2,3,7,7,2,0,0,1,0,0,0,0,7.06556E+20,5.48353E+21,1.18511E+16,4.94692E+16
78240,78241,9,1,89,114,2016,8,11,2,3,5,3,0,0,1,1,0,0,0,0,7.63335E+20,5.31501E+21,1.25259E+16,4.79343E+16
78241,78242,9,7,72,202,2016,8,20,7,3,3,6,0,0,0,1,0,0,0,0,6.37182E+20,5.3575E+21,1.08518E+16,4.83558E+16
78242,78243,9,7,75,135,2016,8,5,1,3,9,1,2,0,0,1,0,0,0,0,5.75242E+20,5.36132E+21,1.00166E+16,4.84005E+16
78243,78244,9,7,79,201,2016,8,14,1,2,8,1,0,0,0,0,0,1,0,0,6.44907E+20,5.39569E+21,1.09693E+16,4.86974E+16
78244,78245,9,1,90,140,2016,8,16,1,2,2,6,0,0,0,0,0,1,0,0,6.42378E+20,5.291E+21,1.08998E+16,4.77566E+16
78245,78246,9,3,75,170,2016,8,15,6,3,6,7,0,0,0,1,1,0,0,0,7.38888E+20,5.42781E+21,1.22635E+16,4.8957E+16
78246,78247,9,1,84,123,2016,8,11,2,3,2,6,0,0,0,1,0,1,0,0,7.02774E+20,5.33196E+21,1.17241E+16,4.81086E+16
78247,78248,9,6,73,129,2016,8,13,1,2,9,1,0,0,0,0,0,1,0,0,5.77488E+20,5.59648E+21,1.0093E+16,5.05151E+16
78248,78249,9,2,78,189,2016,8,11,7,3,8,7,0,0,0,1,0,0,0,0,7.67191E+20,5.43942E+21,1.2657E+16,4.90497E+16
78249,78250,9,2,78,187,2016,8,11,3,2,9,1,0,0,0,1,0,0,0,0,7.80465E+20,5.42286E+21,1.28269E+16,4.88951E+16
78250,78251,9,5,75,153,2016,8,15,1,2,5,2,0,0,0,1,0,0,0,0,6.15706E+20,5.49306E+21,1.06006E+16,4.9579E+16
78251,78252,9,6,79,154,2016,8,7,6,3,1,6,0,0,0,1,0,1,0,0,5.60468E+20,5.50973E+21,9.83918E+15,4.97371E+16
78252,78253,9,5,64,0,2016,8,15,2,3,0,1,0,0,0,0,0,1,0,0,6.47638E+20,5.47628E+21,1.10358E+16,4.94213E+16
78253,78254,9,2,62,0,2016,8,11,2,3,2,6,0,0,0,1,0,0,0,0,8.24429E+20,5.38665E+21,1.33966E+16,4.85489E+16
78254,78255,9,2,75,153,2016,8,19,3,3,5,3,0,1,0,1,0,0,0,0,8.45281E+20,5.39063E+21,1.36815E+16,4.85735E+16
78255,78256,9,1,84,114,2016,8,8,2,2,2,6,0,0,0,1,0,0,0,0,7.00542E+20,5.31633E+21,1.16869E+16,4.79689E+16
78256,78257,9,5,72,126,2016,8,7,7,3,2,6,0,0,0,1,0,0,0,0,6.34133E+20,5.50588E+21,1.08598E+16,4.96905E+16
78257,78258,9,1,80,136,2016,8,15,1,2,8,1,0,0,0,0,0,1,0,0,6.72019E+20,5.26617E+21,1.12852E+16,4.75262E+16
78258,78259,9,7,61,0,2016,8,10,3,3,1,6,0,0,0,1,0,0,0,0,6.44431E+20,5.35761E+21,1.09496E+16,4.83552E+16
78259,78260,9,7,62,0,2016,8,14,2,3,2,6,0,0,0,1,0,1,0,0,6.22177E+20,5.30739E+21,1.0635E+16,4.79081E+16
78260,78261,9,5,74,164,2016,8,17,1,2,8,1,0,0,0,1,0,0,0,0,6.64096E+20,5.4747E+21,1.12619E+16,4.94028E+16
78261,78262,9,2,75,130,2016,8,10,7,2,9,1,0,0,0,0,0,1,0,0,8.12911E+20,5.36157E+21,1.32222E+16,4.83297E+16
78262,78263,9,1,89,150,2016,8,10,2,3,2,6,0,0,0,1,0,0,0,0,7.78292E+20,5.31879E+21,1.27282E+16,4.79618E+16
78263,78264,9,1,73,118,2016,8,12,1,3,0,7,0,0,1,0,0,0,0,0,6.89386E+20,5.30101E+21,1.15308E+16,4.78345E+16
78264,78265,9,4,71,220,2016,8,10,1,2,2,6,0,0,0,1,0,0,0,0,6.19548E+20,5.51062E+21,1.06591E+16,4.97362E+16
78265,78266,9,1,89,119,2016,8,15,1,3,2,6,0,0,0,1,0,0,0,0,7.63671E+20,5.30344E+21,1.25234E+16,4.78302E+16
78266,78267,9,3,75,117,2016,8,15,6,3,3,6,0,0,0,1,0,1,0,0,7.34401E+20,5.43215E+21,1.22048E+16,4.89977E+16
78267,78268,9,7,78,173,2016,8,7,2,2,4,2,0,0,1,1,0,0,0,0,6.11755E+20,5.32276E+21,1.04996E+16,4.80483E+16
78268,78269,9,6,78,135,2016,8,11,1,3,0,7,0,0,0,0,0,1,0,0,5.89446E+20,5.541E+21,1.02485E+16,5.00146E+16
78269,78270,9,2,72,134,2016,8,14,7,2,4,6,0,0,0,1,0,0,1,0,8.35684E+20,5.42222E+21,1.35775E+16,4.88619E+16
78270,78271,9,6,77,203,2016,8,6,6,3,7,7,0,1,0,1,0,0,0,0,5.54683E+20,5.52742E+21,9.76139E+15,4.98967E+16
78271,78272,9,5,75,127,2016,8,19,2,1,4,1,0,0,0,1,0,0,0,1,5.84767E+20,5.49191E+21,1.01725E+16,4.95738E+16
78272,78273,9,2,74,127,2016,8,7,2,2,2,6,0,0,0,1,0,0,1,0,7.36482E+20,5.39556E+21,1.22121E+16,4.86683E+16
78273,78274,9,1,80,126,2016,8,9,3,3,4,1,0,1,0,1,0,0,0,1,6.58257E+20,5.26982E+21,1.11039E+16,4.75625E+16
78274,78275,9,5,74,112,2016,8,3,7,1,2,6,2,0,0,1,0,0,1,0,6.72482E+20,5.47203E+21,1.13762E+16,4.93766E+16
78275,78276,9,2,79,132,2016,8,18,7,3,5,7,0,0,1,1,0,0,0,0,7.68579E+20,5.40072E+21,1.26506E+16,4.87016E+16
78276,78277,9,1,89,114,2016,8,19,1,2,8,1,0,0,0,0,0,1,0,0,7.61173E+20,5.3152E+21,1.24971E+16,4.79368E+16
78277,78278,9,6,75,141,2016,8,14,3,3,6,3,0,0,0,1,1,0,0,0,5.85162E+20,5.50942E+21,1.01817E+16,4.97313E+16
78278,78279,9,6,74,195,2016,8,17,6,2,5,3,0,0,1,0,0,0,0,1,6.13382E+20,5.53849E+21,1.05817E+16,4.9988E+16
78279,78280,9,2,79,112,2016,8,22,7,3,0,1,2,0,0,0,0,1,0,0,7.56198E+20,5.39365E+21,1.24782E+16,4.86434E+16
78280,78281,9,3,75,175,2016,8,11,1,2,3,6,0,0,1,1,0,0,0,0,7.14085E+20,5.43208E+21,1.19274E+16,4.90045E+16
78281,78282,9,7,73,136,2016,8,18,2,2,2,6,0,0,0,1,0,0,0,0,5.98052E+20,5.37375E+21,1.03276E+16,4.85092E+16
78282,78283,9,6,74,130,2016,8,22,6,3,9,1,2,0,0,1,0,0,0,0,6.19314E+20,5.55039E+21,1.06681E+16,5.00938E+16
78283,78284,9,4,61,0,2016,8,8,2,3,3,2,0,0,1,0,0,0,1,0,6.35293E+20,5.5301E+21,1.08843E+16,4.99079E+16
78284,78285,9,7,80,137,2016,8,14,2,3,0,1,0,0,1,0,0,0,0,0,5.96874E+20,5.26956E+21,1.0288E+16,4.75722E+16
78285,78286,9,6,62,0,2016,8,7,6,2,5,3,0,0,0,0,0,0,0,1,5.87337E+20,5.54392E+21,1.02197E+16,5.00412E+16
78286,78287,9,4,74,126,2016,8,18,2,3,0,1,0,0,1,0,0,0,0,0,6.49097E+20,5.50943E+21,1.10685E+16,4.97189E+16
78287,78288,9,4,72,175,2016,8,22,2,3,3,1,2,0,0,1,0,0,0,1,6.79605E+20,5.51085E+21,1.1492E+16,4.97233E+16
78288,78289,9,1,76,160,2016,8,14,1,3,1,6,0,0,0,1,0,0,1,0,6.57643E+20,5.42173E+21,1.11523E+16,4.89284E+16
78289,78290,9,1,76,126,2016,8,13,2,3,0,1,0,0,1,0,0,0,0,0,6.7391E+20,5.40863E+21,1.13686E+16,4.88063E+16
78290,78291,9,2,73,137,2016,8,16,2,2,5,3,0,0,0,1,0,1,0,0,7.13559E+20,5.42078E+21,1.19143E+16,4.89031E+16
78291,78292,9,1,82,137,2016,8,7,3,3,8,1,1,1,0,1,0,0,0,0,7.12906E+20,5.3048E+21,1.18466E+16,4.78612E+16
78292,78293,9,5,65,0,2016,8,19,7,3,2,6,0,0,0,1,0,0,0,0,6.47629E+20,5.46439E+21,1.10313E+16,4.93144E+16
78293,78294,9,1,90,121,2016,8,15,7,3,5,6,0,0,0,1,0,1,0,0,6.62899E+20,5.28924E+21,1.11727E+16,4.77359E+16
78294,78295,9,4,79,129,2016,8,10,3,3,3,2,0,1,1,1,0,0,0,0,7.10231E+20,5.56276E+21,1.19447E+16,5.01797E+16
78295,78296,9,6,76,126,2016,8,22,6,3,5,3,2,0,0,1,0,0,0,0,5.10447E+20,5.52565E+21,9.14542E+15,4.98832E+16
78296,78297,9,3,72,161,2016,8,12,1,3,8,1,0,0,0,0,0,1,0,0,7.53799E+20,5.46441E+21,1.24898E+16,4.92797E+16
78297,78298,9,7,71,169,2016,8,15,2,2,1,2,0,0,0,1,0,1,0,0,6.41576E+20,5.37542E+21,1.09171E+16,4.85159E+16
78298,78299,9,3,72,151,2016,8,9,2,3,2,6,0,0,0,1,0,0,0,0,7.83156E+20,5.45822E+21,1.28882E+16,4.92112E+16
78299,78300,9,1,73,111,2016,8,13,2,3,5,2,0,0,0,1,0,0,0,0,6.82172E+20,5.28907E+21,1.14295E+16,4.77292E+16
78300,78301,9,7,75,152,2016,8,9,7,3,2,1,0,0,0,1,0,0,0,0,5.81343E+20,5.35135E+21,1.0097E+16,4.83101E+16
78301,78302,9,1,77,139,2016,8,22,2,2,1,5,2,1,0,1,0,0,0,1,7.34631E+20,5.35774E+21,1.21658E+16,4.83293E+16
78302,78303,9,7,77,158,2016,8,14,1,2,8,1,0,1,0,0,0,1,0,0,6.20026E+20,5.31075E+21,1.06071E+16,4.79388E+16
78303,78304,9,1,89,127,2016,8,18,1,2,0,1,0,0,1,0,0,0,0,0,7.8392E+20,5.31667E+21,1.2802E+16,4.79404E+16
78304,78305,9,3,72,125,2016,8,14,6,3,4,6,0,0,0,1,0,0,0,0,7.51501E+20,5.44378E+21,1.24454E+16,4.90954E+16
78305,78306,9,1,75,127,2016,8,18,3,3,5,3,0,1,0,1,0,0,0,0,7.13243E+20,5.34121E+21,1.18692E+16,4.81883E+16
78306,78307,9,6,72,121,2016,8,19,1,3,1,6,0,0,0,1,0,0,0,0,5.68646E+20,5.55292E+21,9.96033E+15,5.01245E+16
78307,78308,9,1,80,117,2016,8,13,7,3,5,2,0,0,0,1,0,0,0,0,6.58534E+20,5.26228E+21,1.11048E+16,4.74946E+16
78308,78309,9,1,84,147,2016,8,10,1,3,2,6,0,0,0,1,0,0,0,0,6.99033E+20,5.34162E+21,1.16785E+16,4.81966E+16
78309,78310,9,1,79,134,2016,8,17,2,3,2,6,0,0,0,1,0,0,0,1,6.68575E+20,5.34284E+21,1.12694E+16,4.82164E+16
78310,78311,9,7,74,143,2016,8,15,1,3,3,2,0,0,0,1,0,1,0,0,5.96735E+20,5.35781E+21,1.03061E+16,4.8366E+16
78311,78312,9,1,87,129,2016,8,14,3,3,5,3,0,1,0,1,0,1,0,0,7.25144E+20,5.2964E+21,1.20057E+16,4.77815E+16
78312,78313,9,1,83,126,2016,8,13,7,3,2,6,0,0,0,1,0,1,0,0,7.28263E+20,5.33694E+21,1.20688E+16,4.81447E+16
78313,78314,9,3,74,158,2016,8,14,3,1,4,1,0,0,0,1,0,1,0,0,7.30192E+20,5.51617E+21,1.21959E+16,4.97539E+16
78314,78315,9,6,76,139,2016,8,12,6,2,5,3,0,0,0,1,0,1,0,0,5.18137E+20,5.50577E+21,9.25153E+15,4.97042E+16
78315,78316,9,3,73,134,2016,8,13,1,3,0,3,0,0,1,0,0,0,0,1,7.0454E+20,5.45077E+21,1.18065E+16,4.91756E+16
78316,78317,9,6,74,130,2016,8,11,2,3,8,1,0,0,0,0,0,1,0,0,6.27827E+20,5.55035E+21,1.07871E+16,5.00917E+16
78317,78318,9,2,71,132,2016,8,10,2,3,2,6,0,0,0,1,0,0,0,0,7.85427E+20,5.4176E+21,1.28907E+16,4.88457E+16
78318,78319,9,1,83,144,2016,8,18,2,3,8,1,0,0,0,1,0,0,0,0,7.43035E+20,5.35213E+21,1.22757E+16,4.82757E+16
78319,78320,9,1,89,159,2016,8,16,1,3,5,3,0,0,1,1,0,0,0,0,7.61123E+20,5.30064E+21,1.24877E+16,4.78061E+16
78320,78321,9,7,71,142,2016,8,16,7,3,5,3,0,0,1,0,0,0,0,0,6.45651E+20,5.35159E+21,1.0964E+16,4.83008E+16
78321,78322,9,7,73,179,2016,8,17,1,3,9,1,0,0,0,0,0,1,0,0,6.17218E+20,5.37712E+21,1.05879E+16,4.85362E+16
78322,78323,9,1,71,113,2016,8,19,1,3,0,6,1,0,0,1,0,0,0,0,7.7806E+20,5.34258E+21,1.27406E+16,4.81755E+16
78323,78324,9,3,72,158,2016,8,11,6,3,9,1,0,1,0,1,0,0,0,0,7.61265E+20,5.45032E+21,1.25831E+16,4.915E+16
78324,78325,9,1,62,0,2016,8,17,2,2,5,3,0,0,1,1,0,1,0,0,6.9703E+20,5.33041E+21,1.16463E+16,4.80965E+16
78325,78326,9,6,78,183,2016,8,11,1,2,0,1,0,0,1,0,0,0,0,0,5.95609E+20,5.534E+21,1.03327E+16,4.99507E+16
78326,78327,9,1,89,152,2016,8,14,7,3,5,3,0,0,0,1,0,1,0,0,7.8049E+20,5.33024E+21,1.27651E+16,4.80637E+16
78327,78328,9,4,78,139,2016,8,5,1,2,8,1,2,0,0,0,0,0,1,0,6.46074E+20,5.55527E+21,1.10439E+16,5.01317E+16
78328,78329,9,5,62,0,2016,8,6,6,3,9,1,0,1,0,0,0,1,0,0,6.44305E+20,5.49521E+21,1.09968E+16,4.95923E+16
78329,78330,9,5,73,134,2016,8,21,2,3,6,7,2,0,1,0,1,0,0,0,6.4153E+20,5.4775E+21,1.09521E+16,4.94337E+16
78330,78331,9,2,78,187,2016,8,7,3,2,2,6,0,0,0,1,0,0,1,0,7.79428E+20,5.42285E+21,1.28127E+16,4.88955E+16
78331,78332,9,4,72,116,2016,8,0,1,3,9,1,2,0,0,1,0,0,0,0,6.95881E+20,5.54683E+21,1.17357E+16,5.00415E+16
78332,78333,9,5,74,132,2016,8,13,6,3,2,6,0,0,0,1,0,0,0,0,6.7634E+20,5.48629E+21,1.14357E+16,4.95036E+16
78333,78334,9,3,73,134,2016,8,11,1,3,8,1,0,0,0,0,0,1,0,0,7.03514E+20,5.45523E+21,1.17947E+16,4.9216E+16
78334,78335,9,5,62,0,2016,8,17,2,3,4,3,0,0,0,1,0,0,1,0,6.40607E+20,5.49234E+21,1.09446E+16,4.95673E+16
78335,78336,9,2,63,0,2016,8,14,2,3,2,6,0,0,0,1,0,1,0,0,7.61057E+20,5.42077E+21,1.25613E+16,4.88848E+16
78336,78337,9,1,72,118,2016,8,12,2,3,6,4,0,0,0,1,1,0,0,0,7.96837E+20,5.30651E+21,1.29676E+16,4.78433E+16
78337,78338,9,1,72,129,2016,8,12,1,3,8,1,0,0,0,0,0,1,0,0,7.90868E+20,5.28135E+21,1.28712E+16,4.76202E+16
78338,78339,9,5,72,137,2016,8,12,7,3,8,1,0,0,1,0,0,0,0,0,6.51081E+20,5.48952E+21,1.10883E+16,4.95395E+16
78339,78340,9,6,77,186,2016,8,18,1,3,5,2,0,0,1,0,0,1,0,0,5.46941E+20,5.53416E+21,9.65442E+15,4.9958E+16
78340,78341,9,1,87,148,2016,8,16,1,3,1,7,0,0,0,1,0,0,1,0,7.4049E+20,5.27786E+21,1.22E+16,4.76094E+16
78341,78342,9,7,76,117,2016,8,11,3,2,5,3,0,0,0,1,0,0,0,0,5.66438E+20,5.27254E+21,9.88389E+15,4.76029E+16
78342,78343,9,3,75,119,2016,8,14,6,3,9,1,0,1,0,1,0,0,0,0,7.38293E+20,5.44445E+21,1.22652E+16,4.91067E+16
78343,78344,9,7,74,118,2016,8,20,2,3,0,7,2,0,0,0,0,1,0,0,5.93058E+20,5.36439E+21,1.02579E+16,4.84258E+16
78344,78345,9,6,78,175,2016,8,13,1,3,0,1,0,0,1,0,0,0,0,0,5.81708E+20,5.53054E+21,1.01383E+16,4.99216E+16
78345,78346,9,1,89,159,2016,8,13,7,3,5,3,0,0,0,1,0,0,0,0,7.60688E+20,5.30062E+21,1.24819E+16,4.78061E+16
78346,78347,9,5,64,0,2016,8,20,6,3,3,6,2,0,0,1,0,1,0,0,6.53538E+20,5.47829E+21,1.11179E+16,4.94379E+16
78347,78348,9,4,75,168,2016,8,19,2,3,0,1,0,0,1,0,0,0,0,0,7.09262E+20,5.56861E+21,1.19343E+16,5.02326E+16
78348,78349,9,1,82,120,2016,8,8,2,3,5,2,0,0,0,1,0,0,0,0,7.01975E+20,5.30616E+21,1.17013E+16,4.7877E+16
78349,78350,9,2,74,174,2016,8,17,2,3,2,6,0,0,0,1,0,0,0,0,7.45842E+20,5.39539E+21,1.23389E+16,4.86631E+16
78350,78351,9,1,89,154,2016,8,20,3,3,4,1,0,1,0,1,0,0,0,0,7.6919E+20,5.31412E+21,1.26036E+16,4.79238E+16
78351,78352,9,5,76,151,2016,8,9,7,3,1,6,0,0,0,1,0,0,0,0,6.53236E+20,5.47278E+21,1.11116E+16,4.93884E+16
78352,78353,9,1,63,0,2016,8,10,7,3,2,6,0,0,0,1,0,0,0,0,7.33558E+20,5.3032E+21,1.21215E+16,4.78396E+16
78353,78354,9,1,87,169,2016,8,19,1,3,2,6,0,0,0,1,0,0,0,0,7.41268E+20,5.29875E+21,1.22219E+16,4.77969E+16
78354,78355,9,6,62,0,2016,8,17,3,2,6,4,0,0,0,1,1,0,0,0,5.8616E+20,5.54244E+21,1.02029E+16,5.0028E+16