FID,OBJECTID,ULAND,UREGBEZ,UKREIS,UGEMEINDE,UJAHR,UMONAT,USTUNDE,UWOCHENTAG,UKATEGORIE,UART,UTYP1,ULICHTVERH,IstStrasse,IstRad,IstPKW,IstFuss,IstKrad,IstGkfz,IstSonstig,LINREFX,LINREFY,XGCSWGS84,YGCSWGS84
78355,78356,9,2,62,0,2016,8,14,2,3,3,6,0,0,0,1,0,0,1,0,8.29972E+20,5.39012E+21,1.34742E+16,4.85772E+16
78356,78357,9,1,73,120,2016,8,18,3,3,2,2,0,1,0,1,0,0,0,0,6.83375E+20,5.31016E+21,1.14545E+16,4.79186E+16
78357,78358,9,5,64,0,2016,8,19,7,2,0,1,0,0,1,0,0,0,0,0,6.48901E+20,5.47725E+21,1.10536E+16,4.94297E+16
78358,78359,9,1,63,0,2016,8,16,1,3,3,6,0,0,0,1,0,1,0,0,7.34913E+20,5.30369E+21,1.21398E+16,4.78436E+16
78359,78360,9,7,71,113,2016,8,17,3,3,2,6,0,0,0,1,0,0,1,0,6.54321E+20,5.36343E+21,1.10852E+16,4.84051E+16
78360,78361,9,3,73,140,2016,8,16,6,3,2,6,0,0,0,1,0,1,0,0,6.84477E+20,5.47609E+21,1.15432E+16,4.94095E+16
78361,78362,9,7,62,0,2016,8,17,2,3,5,3,0,0,1,1,0,0,0,0,6.21989E+20,5.30242E+21,1.06311E+16,4.78635E+16
78362,78363,9,5,72,164,2016,8,0,1,3,7,7,2,0,0,0,0,1,0,0,6.30551E+20,5.50164E+21,1.08087E+16,4.96531E+16
78363,78364,9,1,87,121,2016,8,9,7,3,4,6,0,0,0,1,0,0,0,1,7.52439E+20,5.30981E+21,1.23773E+16,4.78919E+16
78364,78365,9,7,77,129,2016,8,12,2,3,8,6,0,0,0,1,0,0,1,0,6.24104E+20,5.27014E+21,1.06501E+16,4.75728E+16
78365,78366,9,5,64,0,2016,8,19,6,3,5,3,0,0,0,1,0,0,0,0,6.47773E+20,5.47773E+21,1.10382E+16,4.94343E+16
78366,78367,9,4,71,159,2016,8,18,2,3,8,1,0,0,0,0,0,1,0,0,6.44248E+20,5.53349E+21,1.10102E+16,4.99363E+16
78367,78368,9,1,88,141,2016,8,15,1,3,5,3,0,0,1,1,0,0,0,0,6.70791E+20,5.30955E+21,1.12859E+16,4.79165E+16
78368,78369,9,1,76,143,2016,8,13,2,3,3,6,0,0,0,1,0,0,1,0,6.80356E+20,5.40882E+21,1.14564E+16,4.88062E+16
78369,78370,9,2,79,115,2016,8,13,2,3,2,6,0,0,0,1,0,1,0,0,7.61189E+20,5.38137E+21,1.25381E+16,4.8531E+16
78370,78371,9,1,82,134,2016,8,16,3,3,1,7,0,1,0,1,0,0,0,0,7.01249E+20,5.29633E+21,1.1687E+16,4.77889E+16
78371,78372,9,5,71,145,2016,8,14,7,2,2,6,0,0,0,1,0,0,0,0,5.92156E+20,5.4441E+21,1.02636E+16,4.91428E+16
78372,78373,9,1,87,150,2016,8,10,7,3,2,2,0,0,0,1,0,1,0,0,7.26386E+20,5.30343E+21,1.20259E+16,4.78443E+16
78373,78374,9,4,62,0,2016,8,8,3,3,2,6,0,1,0,1,0,0,0,0,6.82475E+20,5.53455E+21,1.15429E+16,4.99354E+16
78374,78375,9,5,64,0,2016,8,15,6,3,2,6,0,0,0,1,0,0,0,0,6.47565E+20,5.47509E+21,1.10343E+16,4.94106E+16
78375,78376,9,3,72,143,2016,8,14,1,2,8,1,0,0,0,0,0,1,0,0,7.75516E+20,5.45233E+21,1.27795E+16,4.91618E+16
78376,78377,9,6,79,131,2016,8,9,2,3,2,6,0,0,0,1,0,0,0,0,5.81357E+20,5.50257E+21,1.01275E+16,4.96701E+16
78377,78378,9,5,77,136,2016,8,7,6,3,9,1,0,1,0,1,0,0,0,0,6.2708E+20,5.43818E+21,1.07404E+16,4.90834E+16
78378,78379,9,1,86,162,2016,8,10,7,3,8,1,0,0,0,1,0,0,0,0,6.97292E+20,5.38776E+21,1.16767E+16,4.86118E+16
78379,78380,9,3,72,116,2016,8,19,1,3,0,3,0,0,0,1,0,1,0,0,7.66813E+20,5.45618E+21,1.26629E+16,4.92003E+16
78380,78381,9,7,71,111,2016,8,20,2,3,9,6,1,1,0,1,0,0,0,0,6.58006E+20,5.3578E+21,1.11328E+16,4.83536E+16
78381,78382,9,5,71,225,2016,8,15,6,3,6,6,0,0,0,1,1,0,0,0,5.95735E+20,5.47399E+21,1.03198E+16,4.94111E+16
78382,78383,9,3,72,125,2016,8,7,2,2,4,2,0,0,1,1,0,0,0,0,7.55899E+20,5.44534E+21,1.25065E+16,4.91076E+16
78383,78384,9,1,90,141,2016,8,12,2,3,0,1,0,0,1,0,0,0,0,0,6.79062E+20,5.29294E+21,1.13897E+16,4.77649E+16
78384,78385,9,1,77,116,2016,8,18,1,3,0,7,0,0,1,0,0,0,0,0,7.13792E+20,5.36649E+21,1.18894E+16,4.84152E+16
78385,78386,9,1,74,126,2016,8,13,2,3,5,3,0,0,0,1,0,0,0,0,6.83642E+20,5.34398E+21,1.14726E+16,4.82225E+16
78386,78387,9,7,80,123,2016,8,18,1,3,8,1,0,0,0,0,0,1,0,0,6.04321E+20,5.26268E+21,1.03854E+16,4.75092E+16
78387,78388,9,1,81,127,2016,8,13,3,3,2,1,0,0,0,1,0,0,0,0,6.3516E+20,5.32599E+21,1.08145E+16,4.80728E+16
78388,78389,9,1,86,162,2016,8,9,7,3,2,6,0,0,0,1,0,0,0,0,6.91229E+20,5.3833E+21,1.15925E+16,4.85736E+16
78389,78390,9,3,61,0,2016,8,21,3,3,1,5,2,0,1,1,0,0,0,0,7.07015E+20,5.47926E+21,1.18552E+16,4.94307E+16
78390,78391,9,4,64,0,2016,8,10,6,2,0,1,0,0,1,0,0,0,0,0,7.07705E+20,5.57765E+21,1.19175E+16,5.03143E+16
78391,78392,9,3,76,141,2016,8,13,1,3,5,3,0,0,0,1,0,0,0,0,7.26701E+20,5.45342E+21,1.21116E+16,4.91917E+16
78392,78393,9,6,76,160,2016,8,13,2,3,1,3,0,0,0,1,0,0,0,0,5.15121E+20,5.53016E+21,9.21066E+15,4.99236E+16
78393,78394,9,2,63,0,2016,8,18,2,3,6,4,0,0,0,1,1,0,0,0,7.62504E+20,5.42012E+21,1.25805E+16,4.88784E+16
78394,78395,9,1,89,118,2016,8,16,2,3,9,1,0,0,0,1,0,0,0,0,7.82285E+20,5.32021E+21,1.27825E+16,4.79728E+16
78395,78396,9,1,82,112,2016,8,12,1,2,4,1,0,0,0,1,0,1,0,0,7.2783E+20,5.28506E+21,1.20355E+16,4.76788E+16
78396,78397,9,7,61,0,2016,8,10,1,3,0,7,0,0,1,0,0,0,0,0,6.39566E+20,5.35428E+21,1.08829E+16,4.83263E+16
78397,78398,9,1,82,125,2016,8,12,1,3,5,3,0,0,0,1,0,1,0,0,7.12669E+20,5.29747E+21,1.18399E+16,4.77954E+16
78398,78399,9,3,72,146,2016,8,12,6,3,9,1,0,1,0,1,0,0,0,0,7.60161E+20,5.46114E+21,1.2575E+16,4.92477E+16
78399,78400,9,3,76,144,2016,8,18,2,3,8,1,0,0,0,0,0,1,0,0,7.3056E+20,5.48499E+21,1.21828E+16,4.94737E+16
78400,78401,9,1,89,145,2016,8,17,2,2,5,3,0,0,0,1,0,1,0,0,7.73004E+20,5.30395E+21,1.26481E+16,4.78309E+16
78401,78402,9,7,80,121,2016,8,17,7,3,4,6,0,0,0,1,0,0,0,0,5.94625E+20,5.25679E+21,1.02554E+16,4.74577E+16
78402,78403,9,1,62,0,2016,8,15,1,3,9,1,0,0,0,0,0,1,0,0,6.87552E+20,5.33318E+21,1.15204E+16,4.81242E+16
78403,78404,9,7,77,153,2016,8,13,1,3,2,6,0,0,0,1,0,1,0,0,6.13289E+20,5.27513E+21,1.05077E+16,4.76197E+16
78404,78405,9,1,82,120,2016,8,11,1,3,1,6,0,0,0,1,0,0,0,0,7.03482E+20,5.30715E+21,1.17219E+16,4.78854E+16
78405,78406,9,3,76,141,2016,8,11,6,3,2,6,0,1,0,1,0,0,0,0,7.27225E+20,5.45155E+21,1.21177E+16,4.91747E+16
78406,78407,9,1,75,122,2016,8,19,3,3,0,3,0,1,0,1,0,1,0,0,7.19566E+20,5.32463E+21,1.19457E+16,4.80372E+16
78407,78408,9,6,73,147,2016,8,15,1,2,2,6,0,0,0,1,0,1,0,0,5.84345E+20,5.59232E+21,1.01887E+16,5.04767E+16
78408,78409,9,1,88,139,2016,8,9,7,3,4,6,0,0,0,1,0,0,0,0,6.68767E+20,5.31906E+21,1.12626E+16,4.80025E+16
78409,78410,9,2,76,138,2016,8,15,3,2,8,7,0,0,0,1,0,0,0,0,8.02832E+20,5.43232E+21,1.31383E+16,4.89694E+16
78410,78411,9,4,74,129,2016,8,10,1,2,8,1,0,0,0,0,0,1,0,0,6.68942E+20,5.51334E+21,1.13452E+16,4.97488E+16
78411,78412,9,4,76,164,2016,8,16,6,3,4,6,0,0,1,1,0,0,0,0,6.66491E+20,5.58351E+21,1.13418E+16,5.038E+16
78412,78413,9,3,71,154,2016,8,16,1,3,4,2,0,0,0,1,0,0,0,0,7.02609E+20,5.47607E+21,1.17929E+16,4.94035E+16
78413,78414,9,5,74,158,2016,8,17,2,3,9,1,0,0,0,0,0,1,0,0,6.70469E+20,5.50061E+21,1.13609E+16,4.9634E+16
78414,78415,9,2,71,125,2016,8,16,2,3,5,2,0,0,0,1,0,1,0,0,8.021E+20,5.40753E+21,1.311E+16,4.87474E+16
78415,78416,9,2,62,0,2016,8,20,3,3,9,1,1,0,0,1,0,0,1,0,8.23568E+20,5.38813E+21,1.33861E+16,4.85626E+16
78416,78417,9,1,71,111,2016,8,9,2,2,4,6,0,0,1,0,0,0,0,0,7.74418E+20,5.34655E+21,1.26942E+16,4.82128E+16
78417,78418,9,5,75,161,2016,8,11,7,3,8,6,0,0,0,1,0,1,0,0,6.03822E+20,5.50482E+21,1.04394E+16,4.96869E+16
78418,78419,9,1,82,132,2016,8,13,1,3,0,3,0,0,1,1,0,0,0,0,7.07075E+20,5.28693E+21,1.17602E+16,4.77026E+16
78419,78420,9,7,71,122,2016,8,9,3,3,2,6,0,0,0,1,0,0,0,0,6.49643E+20,5.36251E+21,1.10217E+16,4.8398E+16
78420,78421,9,3,76,161,2016,8,12,6,3,8,1,0,0,0,1,0,0,0,0,7.20868E+20,5.46111E+21,1.20359E+16,4.92629E+16
78421,78422,9,7,80,120,2016,8,19,2,3,5,3,0,0,1,1,0,0,0,0,6.00297E+20,5.28439E+21,1.0337E+16,4.77051E+16
78422,78423,9,5,72,133,2016,8,19,1,2,2,6,0,0,0,1,0,0,0,0,6.38071E+20,5.50039E+21,1.09124E+16,4.96403E+16
78423,78424,9,1,78,150,2016,8,14,7,3,2,6,0,0,0,1,0,0,0,0,6.91291E+20,5.37138E+21,1.15879E+16,4.84664E+16
78424,78425,9,7,80,124,2016,8,13,2,2,4,2,0,0,0,1,0,1,0,0,5.90607E+20,5.26882E+21,1.02046E+16,4.75665E+16
78425,78426,9,4,76,145,2016,8,2,6,2,9,1,2,1,0,1,0,0,0,0,6.67822E+20,5.57109E+21,1.13549E+16,5.02681E+16
78426,78427,9,7,75,152,2016,8,7,2,3,2,6,0,0,0,1,0,0,0,1,5.80688E+20,5.3533E+21,1.00886E+16,4.83278E+16
78427,78428,9,6,72,131,2016,8,16,1,2,2,2,0,0,0,0,0,1,0,1,5.90033E+20,5.55979E+21,1.02611E+16,5.01835E+16
78428,78429,9,1,86,152,2016,8,14,7,3,1,6,0,0,0,1,0,0,0,0,6.9168E+20,5.37479E+21,1.15947E+16,4.84969E+16
78429,78430,9,4,72,119,2016,8,12,6,3,2,6,0,0,0,1,0,0,0,0,6.86912E+20,5.53954E+21,1.16071E+16,4.99789E+16
78430,78431,9,5,71,216,2016,8,16,2,3,2,6,0,0,0,1,0,0,0,1,6.21126E+20,5.45193E+21,1.0663E+16,4.92081E+16
78431,78432,9,2,74,165,2016,8,10,2,1,2,2,0,0,0,1,0,0,0,1,7.18332E+20,5.38542E+21,1.19606E+16,4.85837E+16
78432,78433,9,1,80,117,2016,8,21,3,3,5,3,2,1,1,1,0,0,0,0,6.5831E+20,5.26256E+21,1.11019E+16,4.74972E+16
78433,78434,9,5,71,226,2016,8,18,7,3,5,3,0,0,0,1,0,1,0,0,6.38106E+20,5.45622E+21,1.08975E+16,4.92432E+16
78434,78435,9,1,75,135,2016,8,12,7,3,2,6,0,0,0,1,0,1,0,0,7.09186E+20,5.33854E+21,1.18134E+16,4.81656E+16
78435,78436,9,1,87,179,2016,8,9,1,3,2,6,0,0,1,0,0,0,0,0,7.26804E+20,5.31529E+21,1.20377E+16,4.79507E+16
78436,78437,9,6,75,139,2016,8,21,3,3,1,7,2,0,0,0,0,1,0,0,5.89498E+20,5.5059E+21,1.02411E+16,4.9699E+16
78437,78438,9,1,78,124,2016,8,16,7,3,0,6,0,0,0,1,0,1,0,0,7.0335E+20,5.36601E+21,1.17482E+16,4.84144E+16
78438,78439,9,7,73,136,2016,8,7,2,2,9,1,0,0,0,1,0,0,0,0,5.99209E+20,5.37502E+21,1.03435E+16,4.85204E+16
78439,78440,9,4,77,128,2016,8,11,6,3,3,6,0,0,1,1,0,0,0,0,6.75096E+20,5.55322E+21,1.14487E+16,5.01054E+16
78440,78441,9,4,71,185,2016,8,13,2,2,4,6,0,0,0,1,0,1,0,0,6.51319E+20,5.53806E+21,1.11104E+16,4.99757E+16
78441,78442,9,1,74,115,2016,8,20,1,3,5,3,1,0,0,1,0,0,0,0,6.80644E+20,5.34841E+21,1.14341E+16,4.82631E+16
78442,78443,9,1,88,141,2016,8,19,2,3,5,3,0,0,0,1,0,0,0,0,6.69427E+20,5.30654E+21,1.12665E+16,4.78898E+16
78443,78444,9,7,78,218,2016,8,15,1,3,0,1,0,0,0,0,0,1,0,0,5.95386E+20,5.30483E+21,1.0276E+16,4.78897E+16
78444,78445,9,1,87,168,2016,8,10,3,3,4,6,0,1,0,1,0,0,1,0,7.50932E+20,5.31019E+21,1.23574E+16,4.78959E+16
78445,78446,9,4,76,145,2016,8,20,2,3,4,6,0,0,0,1,0,1,0,0,6.69776E+20,5.56549E+21,1.13798E+16,5.02172E+16
78446,78447,9,1,86,128,2016,8,15,1,3,8,6,0,0,0,1,0,0,0,0,6.76687E+20,5.38618E+21,1.13968E+16,4.86038E+16
78447,78448,9,1,82,129,2016,8,16,2,3,5,3,0,0,0,1,0,1,0,0,7.07819E+20,5.28545E+21,1.17694E+16,4.7689E+16
78448,78449,9,2,79,122,2016,8,9,2,3,4,2,0,0,0,1,0,0,1,0,7.71207E+20,5.39722E+21,1.26839E+16,4.86691E+16
78449,78450,9,1,72,114,2016,8,16,3,3,2,6,0,1,0,1,0,0,0,0,7.90229E+20,5.29275E+21,1.28703E+16,4.77228E+16
78450,78451,9,5,61,0,2016,8,4,7,3,0,1,2,0,0,0,0,1,0,0,6.13383E+20,5.46246E+21,1.05597E+16,4.93043E+16
78451,78452,9,1,77,134,2016,8,10,7,3,9,1,0,0,0,1,0,0,0,0,7.12559E+20,5.34514E+21,1.1862E+16,4.82239E+16
78452,78453,9,5,62,0,2016,8,14,3,3,2,6,0,0,0,1,0,0,0,0,6.47064E+20,5.49179E+21,1.10336E+16,4.95608E+16
78453,78454,9,4,71,145,2016,8,16,6,2,5,2,0,0,1,1,0,0,0,0,6.42744E+20,5.51977E+21,1.09842E+16,4.98133E+16
78454,78455,9,2,76,115,2016,8,13,1,3,6,6,0,0,0,0,1,0,0,1,8.02477E+20,5.44904E+21,1.31459E+16,4.91196E+16
78455,78456,9,7,72,184,2016,8,10,2,3,4,2,0,0,1,1,0,0,0,0,6.36054E+20,5.36134E+21,1.08378E+16,4.83906E+16
78456,78457,9,3,62,0,2016,8,19,2,2,8,1,0,0,0,1,0,0,0,0,7.22666E+20,5.43501E+21,1.20462E+16,4.90278E+16
78457,78458,9,1,80,127,2016,8,13,2,3,5,3,0,0,0,1,0,1,0,0,6.65615E+20,5.27739E+21,1.12045E+16,4.76287E+16
78458,78459,9,1,87,130,2016,8,10,1,3,5,3,0,0,0,1,0,1,0,0,7.17724E+20,5.31272E+21,1.1915E+16,4.79307E+16
78459,78460,9,7,78,219,2016,8,6,7,3,8,7,1,0,0,1,0,0,0,0,5.90335E+20,5.30907E+21,1.02093E+16,4.79286E+16
78460,78461,9,1,77,126,2016,8,6,2,3,2,6,0,0,0,1,0,0,0,0,7.17467E+20,5.36811E+21,1.19399E+16,4.84286E+16
78461,78462,9,7,77,124,2016,8,18,1,2,8,1,0,0,0,0,0,1,0,0,6.12545E+20,5.30811E+21,1.05063E+16,4.79164E+16
78462,78463,9,1,61,0,2016,8,18,1,3,2,6,0,0,0,1,0,0,0,0,6.77593E+20,5.40507E+21,1.14172E+16,4.87733E+16
78463,78464,9,3,76,116,2016,8,5,6,3,0,7,0,1,0,1,0,0,0,0,7.41999E+20,5.46788E+21,1.233E+16,4.93156E+16
78464,78465,9,1,74,131,2016,8,8,3,3,5,3,0,0,0,1,0,0,0,1,6.76989E+20,5.35565E+21,1.1388E+16,4.83292E+16
78465,78466,9,6,77,189,2016,8,10,1,3,4,6,0,0,0,1,0,1,0,0,5.61654E+20,5.53246E+21,9.85924E+15,4.99413E+16
78466,78467,9,2,78,141,2016,8,21,3,3,3,6,2,0,0,1,0,0,1,0,7.5687E+20,5.42993E+21,1.251E+16,4.89688E+16
78467,78468,9,1,75,115,2016,8,9,5,3,0,2,0,0,0,1,0,0,0,0,7.16979E+20,5.33695E+21,1.19173E+16,4.81487E+16
78468,78469,9,4,72,175,2016,8,0,6,2,9,1,2,0,0,1,0,0,0,0,6.79413E+20,5.51902E+21,1.14931E+16,4.97968E+16
78469,78470,9,4,75,123,2016,8,19,1,3,2,5,0,0,0,1,0,0,0,0,7.05367E+20,5.58348E+21,1.18879E+16,5.03675E+16
78470,78471,9,3,75,117,2016,8,18,4,3,2,6,0,0,0,1,0,0,0,0,7.41104E+20,5.43199E+21,1.22962E+16,4.89937E+16
78471,78472,9,7,75,129,2016,8,0,1,3,6,6,2,0,1,0,1,0,0,0,5.81598E+20,5.34407E+21,1.00991E+16,4.82446E+16
78472,78473,9,6,74,163,2016,8,21,6,3,4,6,2,0,0,1,0,0,0,0,6.10639E+20,5.53886E+21,1.05436E+16,4.99918E+16
78473,78474,9,1,72,124,2016,8,13,1,3,3,6,0,0,1,1,0,0,0,0,8.03623E+20,5.28989E+21,1.30465E+16,4.76909E+16
78474,78475,9,6,77,114,2016,8,11,7,2,2,6,0,0,0,1,0,1,0,0,5.64003E+20,5.53426E+21,9.89228E+15,4.99573E+16
78475,78476,9,5,77,168,2016,8,6,5,3,5,3,0,0,0,1,0,0,1,0,6.4483E+20,5.4163E+21,1.09755E+16,4.88827E+16
78476,78477,9,1,62,0,2016,8,7,6,3,5,3,0,1,1,0,0,0,1,0,6.82459E+20,5.33421E+21,1.14525E+16,4.81349E+16
78477,78478,9,1,80,116,2016,8,16,6,3,3,6,2,1,0,1,0,0,0,0,6.59754E+20,5.26554E+21,1.11222E+16,4.75236E+16
78478,78479,9,4,76,178,2016,8,12,6,3,4,2,0,1,0,1,0,0,0,0,6.62232E+20,5.57228E+21,1.12771E+16,5.02803E+16
78479,78480,9,1,84,129,2016,8,11,4,3,8,1,0,1,0,1,0,0,0,0,6.99859E+20,5.3244E+21,1.16815E+16,4.80416E+16
78480,78481,9,2,73,152,2016,8,17,7,3,8,1,0,0,0,0,0,1,0,0,7.01065E+20,5.405E+21,1.17363E+16,4.87655E+16
78481,78482,9,1,84,147,2016,8,13,4,3,3,6,0,0,0,1,0,0,1,0,6.96236E+20,5.33925E+21,1.16398E+16,4.81762E+16
78482,78483,9,4,62,0,2016,8,3,1,3,1,5,2,0,0,1,0,0,0,0,6.83775E+20,5.5352E+21,1.15613E+16,4.99408E+16
78483,78484,9,7,73,147,2016,8,10,6,3,9,1,0,1,0,1,0,0,0,0,6.06151E+20,5.38607E+21,1.04403E+16,4.86187E+16
78484,78485,9,3,75,117,2016,8,18,4,3,2,6,0,0,0,1,0,0,0,0,7.37322E+20,5.43167E+21,1.22444E+16,4.89923E+16
78485,78486,9,6,75,127,2016,8,16,1,2,5,3,0,0,0,1,0,1,0,0,6.05958E+20,5.51372E+21,1.04714E+16,4.97666E+16
78486,78487,9,1,82,116,2016,8,1,1,3,5,3,2,0,0,1,0,0,0,0,7.04948E+20,5.29317E+21,1.17349E+16,4.77593E+16
78487,78488,9,5,72,130,2016,8,8,7,3,8,1,0,0,0,1,0,0,0,0,6.4035E+20,5.50667E+21,1.09462E+16,4.96962E+16
78488,78489,9,4,73,170,2016,8,18,7,3,5,3,0,0,0,1,0,1,0,0,6.40858E+20,5.56209E+21,1.09735E+16,5.01943E+16
78489,78490,9,5,71,193,2016,8,11,5,2,5,3,0,0,0,1,0,1,0,0,5.86561E+20,5.46987E+21,1.01925E+16,4.93753E+16
78490,78491,9,1,63,0,2016,8,20,1,3,3,6,2,0,0,1,0,0,0,0,7.30524E+20,5.30343E+21,1.20811E+16,4.78428E+16
78491,78492,9,6,72,112,2016,8,10,7,3,6,2,0,0,0,1,1,0,0,0,5.76789E+20,5.56884E+21,1.00775E+16,5.02667E+16
78492,78493,9,1,89,113,2016,8,17,6,3,8,1,0,0,0,1,0,0,0,0,7.69658E+20,5.30075E+21,1.26015E+16,4.78036E+16
78493,78494,9,4,72,139,2016,8,16,5,3,2,6,0,0,0,1,0,0,0,0,6.93172E+20,5.5535E+21,1.17013E+16,5.01023E+16
78494,78495,9,7,80,117,2016,8,6,6,3,8,1,0,1,0,0,0,1,0,0,5.94275E+20,5.28456E+21,1.02567E+16,4.77076E+16
78495,78496,9,1,61,0,2016,8,7,6,3,2,2,0,1,0,1,0,0,0,0,6.78875E+20,5.4024E+21,1.14334E+16,4.87489E+16
78496,78497,9,1,77,135,2016,8,0,4,3,9,7,2,0,0,1,0,0,0,0,7.17719E+20,5.34291E+21,1.19303E+16,4.82021E+16
78497,78498,9,2,79,113,2016,8,6,7,3,9,1,0,1,0,1,0,0,0,0,7.87285E+20,5.39371E+21,1.28994E+16,4.86304E+16
78498,78499,9,7,78,136,2016,8,22,4,3,3,6,2,0,0,1,0,0,0,0,6.00703E+20,5.32086E+21,1.03509E+16,4.8033E+16
78499,78500,9,3,74,162,2016,8,17,1,3,5,3,0,0,0,1,0,0,0,0,7.42213E+20,5.50128E+21,1.23533E+16,4.96155E+16
78500,78501,9,3,75,210,2016,8,13,4,2,8,1,0,1,0,1,0,0,0,0,7.49728E+20,5.43767E+21,1.24174E+16,4.90413E+16
78501,78502,9,6,78,150,2016,8,12,1,3,2,6,0,0,1,0,0,0,0,0,5.84984E+20,5.53127E+21,1.01841E+16,4.99278E+16
78502,78503,9,1,86,122,2016,8,12,1,2,5,3,0,0,1,1,0,0,0,0,6.88884E+20,5.39718E+21,1.15671E+16,4.8699E+16
78503,78504,9,1,73,133,2016,8,14,7,2,4,6,0,0,0,1,0,1,0,0,6.78113E+20,5.2813E+21,1.13723E+16,4.76605E+16
78504,78505,9,5,64,0,2016,8,23,7,3,4,2,2,0,0,1,0,0,0,0,6.53785E+20,5.47884E+21,1.11215E+16,4.94428E+16
78505,78506,9,4,71,145,2016,8,16,7,3,2,6,0,0,1,0,0,0,0,0,6.43283E+20,5.52032E+21,1.09919E+16,4.98182E+16
78506,78507,9,4,64,0,2016,8,15,5,3,0,1,0,0,0,0,0,1,0,0,7.05938E+20,5.58011E+21,1.1894E+16,5.0337E+16
78507,78508,9,7,75,135,2016,8,10,4,3,0,7,0,0,0,0,0,1,0,0,5.74396E+20,5.36104E+21,1.00051E+16,4.83981E+16
78508,78509,9,1,86,130,2016,8,17,6,3,4,1,0,0,0,1,0,0,0,0,6.87984E+20,5.37287E+21,1.15439E+16,4.84809E+16
78509,78510,9,4,72,175,2016,8,12,6,2,0,1,0,1,0,0,0,1,0,0,6.78825E+20,5.51159E+21,1.14815E+16,4.97302E+16
78510,78511,9,3,75,213,2016,8,18,4,3,2,6,0,0,0,1,0,0,0,0,7.27004E+20,5.44068E+21,1.21086E+16,4.9077E+16
78511,78512,9,7,63,0,2016,8,11,4,3,5,3,0,1,0,1,0,0,0,0,5.97027E+20,5.28557E+21,1.02936E+16,4.77163E+16
78512,78513,9,6,78,176,2016,8,12,6,3,6,7,0,0,0,1,1,0,0,0,5.89311E+20,5.53878E+21,1.02461E+16,4.99946E+16
78513,78514,9,2,75,141,2016,8,16,1,3,2,6,0,0,0,1,0,0,0,1,8.18832E+20,5.36766E+21,1.33065E+16,4.83814E+16
78514,78515,9,1,76,111,2016,8,12,6,3,5,3,0,0,0,1,0,0,0,0,6.63295E+20,5.41432E+21,1.12264E+16,4.88603E+16
78515,78516,9,4,72,119,2016,8,20,6,3,4,1,2,1,0,1,0,0,0,0,6.8844E+20,5.54249E+21,1.16298E+16,5.00049E+16
78516,78517,9,1,90,148,2016,8,13,7,3,1,6,0,0,0,1,0,0,0,0,6.42244E+20,5.29747E+21,1.09001E+16,4.78149E+16
78517,78518,9,7,76,125,2016,8,15,4,3,5,3,0,1,0,1,0,1,0,0,5.65937E+20,5.27001E+21,9.87684E+15,4.75801E+16
78518,78519,9,7,77,130,2016,8,21,6,1,9,1,2,0,0,0,0,1,0,0,6.26184E+20,5.31328E+21,1.06903E+16,4.79603E+16
78519,78520,9,2,78,123,2016,8,10,1,2,8,1,0,0,0,0,0,1,0,0,7.51391E+20,5.40705E+21,1.24212E+16,4.87656E+16
78520,78521,9,2,73,116,2016,8,10,1,3,0,7,0,0,1,0,0,0,0,0,7.24333E+20,5.42487E+21,1.20633E+16,4.89361E+16
78521,78522,9,3,75,119,2016,8,13,4,3,9,1,0,0,0,1,0,0,0,0,7.36203E+20,5.44154E+21,1.22349E+16,4.90813E+16
78522,78523,9,5,76,151,2016,8,22,1,2,8,1,2,0,0,0,0,1,0,0,6.58705E+20,5.46837E+21,1.11851E+16,4.93474E+16
78523,78524,9,7,78,111,2016,8,12,7,2,0,1,0,0,0,0,0,1,0,0,6.25358E+20,5.32385E+21,1.06823E+16,4.80556E+16
78524,78525,9,7,75,135,2016,8,11,7,3,2,6,0,0,0,1,0,0,0,0,5.80581E+20,5.3545E+21,1.00874E+16,4.83386E+16
78525,78526,9,4,76,178,2016,8,17,5,2,2,6,0,0,0,1,0,1,0,0,6.63283E+20,5.57345E+21,1.12923E+16,5.02905E+16
78526,78527,9,1,71,112,2016,8,20,7,1,6,4,1,0,0,0,1,1,0,0,7.84718E+20,5.34279E+21,1.28301E+16,4.81745E+16
78527,78528,9,5,77,179,2016,8,11,7,2,3,6,0,0,0,1,0,1,0,0,6.22526E+20,5.4299E+21,1.06755E+16,4.90098E+16
78528,78529,9,3,75,156,2016,8,10,7,3,5,3,0,0,0,1,0,0,0,1,7.15864E+20,5.45165E+21,1.19621E+16,4.91796E+16
78529,78530,9,4,72,139,2016,8,17,5,3,1,6,0,0,0,1,0,0,0,0,6.92193E+20,5.55219E+21,1.1687E+16,5.00909E+16
78530,78531,9,7,79,194,2016,8,5,4,3,4,6,1,1,0,0,0,0,1,0,6.11425E+20,5.41128E+21,1.05187E+16,4.88445E+16
78531,78532,9,4,71,169,2016,8,13,6,3,5,3,0,1,0,1,0,0,0,0,6.38674E+20,5.52229E+21,1.09285E+16,4.9837E+16
78532,78533,9,5,71,136,2016,8,21,1,2,7,7,1,0,0,0,0,1,0,0,5.9005E+20,5.43898E+21,1.02336E+16,4.9097E+16
78533,78534,9,3,76,159,2016,8,7,4,3,0,2,0,0,0,1,0,0,0,0,7.25288E+20,5.47927E+21,1.21068E+16,4.94243E+16