FID,OBJECTID,ULAND,UREGBEZ,UKREIS,UGEMEINDE,UJAHR,UMONAT,USTUNDE,UWOCHENTAG,UKATEGORIE,UART,UTYP1,ULICHTVERH,IstStrasse,IstRad,IstPKW,IstFuss,IstKrad,IstGkfz,IstSonstig,LINREFX,LINREFY,XGCSWGS84,YGCSWGS84
78534,78535,9,1,84,123,2016,8,9,1,3,5,2,0,0,1,1,0,0,0,0,7.0369E+20,5.33169E+21,1.17363E+16,4.81059E+16
78535,78536,9,6,62,0,2016,8,19,6,3,5,3,0,1,0,1,0,0,0,0,5.8833E+20,5.54492E+21,1.02338E+16,5.005E+16
78536,78537,9,2,74,111,2016,8,8,1,2,0,7,0,0,0,0,0,0,0,1,7.45668E+20,5.38028E+21,1.23276E+16,4.85275E+16
78537,78538,9,1,89,159,2016,8,14,1,3,1,6,0,0,0,1,0,0,0,0,7.61691E+20,5.30209E+21,1.24961E+16,4.78189E+16
78538,78539,9,7,72,145,2016,8,1,7,3,7,7,2,1,1,0,0,0,0,0,6.35433E+20,5.36879E+21,1.08319E+16,4.84577E+16
78539,78540,9,4,61,0,2016,8,7,5,3,2,6,0,0,0,1,0,0,0,0,6.36342E+20,5.53156E+21,1.08994E+16,4.99209E+16
78540,78541,9,1,88,113,2016,8,18,7,3,2,6,0,0,0,1,0,1,0,0,6.75656E+20,5.31488E+21,1.13532E+16,4.79631E+16
78541,78542,9,1,77,133,2016,8,8,7,3,0,7,0,0,0,0,0,1,0,0,7.09931E+20,5.35808E+21,1.18331E+16,4.8341E+16
78542,78543,9,1,74,113,2016,8,15,6,3,2,6,0,0,0,1,0,0,0,0,6.79059E+20,5.34197E+21,1.14101E+16,4.82057E+16
78543,78544,9,1,89,143,2016,8,13,1,3,4,6,0,0,0,1,0,1,0,0,7.62286E+20,5.31835E+21,1.25139E+16,4.79647E+16
78544,78545,9,3,76,169,2016,8,19,4,2,5,3,0,1,0,1,0,1,0,0,7.25595E+20,5.47935E+21,1.21111E+16,4.94249E+16
78545,78546,9,5,76,122,2016,8,14,1,2,8,7,0,0,0,0,0,1,0,0,6.70375E+20,5.43483E+21,1.13314E+16,4.90428E+16
78546,78547,9,7,79,178,2016,8,13,7,3,0,7,0,0,1,0,0,0,0,0,6.41061E+20,5.4005E+21,1.09187E+16,4.87415E+16
78547,78548,9,3,77,137,2016,8,14,5,3,2,6,0,0,0,1,0,0,0,0,7.35272E+20,5.53582E+21,1.22783E+16,4.99283E+16
78548,78549,9,1,82,116,2016,8,12,7,3,5,3,0,0,1,1,0,0,0,0,7.07141E+20,5.29172E+21,1.17634E+16,4.77455E+16
78549,78550,9,1,78,116,2016,8,3,7,3,7,7,2,0,0,1,0,0,0,0,6.97428E+20,5.38363E+21,1.16766E+16,4.85746E+16
78550,78551,9,3,76,147,2016,8,17,7,3,5,3,0,0,0,1,0,1,0,0,7.46078E+20,5.47156E+21,1.23883E+16,4.9347E+16
78551,78552,9,7,73,125,2016,8,13,4,3,4,2,0,0,0,1,0,0,0,0,6.10792E+20,5.38074E+21,1.05019E+16,4.85699E+16
78552,78553,9,3,72,137,2016,8,14,6,3,4,1,0,1,0,1,0,0,0,0,7.8313E+20,5.45137E+21,1.2883E+16,4.91498E+16
78553,78554,9,4,75,123,2016,8,15,1,3,2,6,0,0,0,1,0,0,0,0,7.05942E+20,5.58386E+21,1.18962E+16,5.03707E+16
78554,78555,9,2,76,148,2016,8,12,4,3,2,6,0,0,0,1,0,0,0,0,8.08306E+20,5.43597E+21,1.32156E+16,4.89995E+16
78555,78556,9,7,80,131,2016,8,11,1,3,8,1,0,0,0,0,0,1,0,0,5.89659E+20,5.25411E+21,1.0189E+16,4.74343E+16
78556,78557,9,6,71,112,2016,8,8,6,3,8,1,0,1,0,1,0,0,0,0,5.18515E+20,5.5371E+21,9.25828E+15,4.99859E+16
78557,78558,9,1,71,111,2016,8,12,1,2,5,3,0,0,1,1,0,0,0,0,7.71678E+20,5.3479E+21,1.26583E+16,4.82261E+16
78558,78559,9,6,74,221,2016,8,22,7,3,0,1,2,0,1,0,0,0,0,0,6.13724E+20,5.54133E+21,1.05873E+16,5.00134E+16
78559,78560,9,1,74,113,2016,8,17,6,3,4,7,0,0,0,1,0,0,0,0,6.76112E+20,5.34571E+21,1.1372E+16,4.82402E+16
78560,78561,9,7,75,135,2016,8,16,6,3,2,1,0,0,0,1,0,0,0,0,5.73065E+20,5.36005E+21,9.98694E+15,4.83893E+16
78561,78562,9,1,78,143,2016,8,10,6,3,5,3,0,1,0,1,0,0,0,0,7.15594E+20,5.37206E+21,1.19166E+16,4.84647E+16
78562,78563,9,1,78,113,2016,8,17,4,3,2,6,0,0,0,1,0,0,0,0,6.91527E+20,5.36741E+21,1.15893E+16,4.84307E+16
78563,78564,9,2,61,0,2016,8,17,7,2,3,6,0,0,1,1,0,0,0,0,7.31743E+20,5.37978E+21,1.2139E+16,4.85283E+16
78564,78565,9,7,72,171,2016,8,12,4,3,9,1,0,1,0,1,0,0,0,0,6.37173E+20,5.37392E+21,1.08571E+16,4.85034E+16
78565,78566,9,4,74,137,2016,8,19,1,2,2,2,0,0,0,0,0,1,0,1,6.5246E+20,5.49966E+21,1.11113E+16,4.96302E+16
78566,78567,9,4,71,220,2016,8,16,6,3,2,6,0,1,0,1,0,0,0,0,6.15631E+20,5.51288E+21,1.06054E+16,4.97573E+16
78567,78568,9,5,64,0,2016,8,13,6,3,2,6,0,1,0,1,0,0,0,0,6.5108E+20,5.4752E+21,1.10828E+16,4.94107E+16
78568,78569,9,1,75,124,2016,8,18,4,3,1,6,0,1,0,1,0,0,0,0,7.12625E+20,5.32941E+21,1.18551E+16,4.80824E+16
78569,78570,9,2,75,117,2016,8,18,7,3,8,1,0,0,0,0,0,1,0,0,8.04946E+20,5.38679E+21,1.31334E+16,4.85599E+16
78570,78571,9,6,79,155,2016,8,14,4,3,8,1,0,0,0,0,0,1,0,0,5.60876E+20,5.50556E+21,9.84419E+15,4.96995E+16
78571,78572,9,3,76,170,2016,8,14,6,3,2,1,0,0,0,1,0,0,0,0,7.24517E+20,5.45612E+21,1.20832E+16,4.92167E+16
78572,78573,9,4,72,154,2016,8,16,1,2,8,1,0,0,0,0,0,1,0,0,6.60057E+20,5.53652E+21,1.12316E+16,4.99595E+16
78573,78574,9,6,79,155,2016,8,9,6,3,9,1,0,1,0,1,0,0,0,0,5.61177E+20,5.50351E+21,9.84803E+15,4.9681E+16
78574,78575,9,2,78,148,2016,8,14,4,2,2,3,0,0,0,1,0,0,0,0,7.3626E+20,5.40621E+21,1.22152E+16,4.8764E+16
78575,78576,9,7,73,125,2016,8,12,1,3,5,3,0,0,0,1,0,0,0,1,6.08908E+20,5.38397E+21,1.04772E+16,4.85993E+16
78576,78577,9,6,76,151,2016,8,13,6,1,4,1,0,1,0,1,0,0,1,0,5.18237E+20,5.51411E+21,9.25331E+15,4.97792E+16
78577,78578,9,1,82,114,2016,8,10,1,3,5,3,0,0,0,1,0,1,0,0,7.19394E+20,5.28745E+21,1.19245E+16,4.77032E+16
78578,78579,9,6,78,193,2016,8,17,7,3,9,1,0,0,0,0,0,1,0,0,5.74479E+20,5.54145E+21,1.00397E+16,5.00207E+16
78579,78580,9,1,77,120,2016,8,5,6,3,8,7,0,1,0,1,0,0,0,0,7.25409E+20,5.36045E+21,1.2043E+16,4.83569E+16
78580,78581,9,3,73,147,2016,8,15,5,2,8,1,0,0,0,0,0,0,1,0,6.85361E+20,5.46437E+21,1.15499E+16,4.93039E+16
78581,78582,9,7,77,169,2016,8,14,6,2,3,6,0,0,0,1,0,1,0,0,6.30416E+20,5.2705E+21,1.07341E+16,4.75748E+16
78582,78583,9,1,62,0,2016,8,22,5,3,4,6,2,0,1,1,0,0,0,0,6.85363E+20,5.32882E+21,1.14891E+16,4.80857E+16
78583,78584,9,2,63,0,2016,8,17,6,2,0,2,0,0,1,1,0,0,0,0,7.63576E+20,5.42082E+21,1.25956E+16,4.88842E+16
78584,78585,9,1,62,0,2016,8,2,3,2,0,7,2,1,1,0,0,0,0,0,6.85489E+20,5.33531E+21,1.14936E+16,4.8144E+16
78585,78586,9,2,73,137,2016,8,19,7,3,0,7,0,0,0,1,0,0,0,0,7.11176E+20,5.42283E+21,1.18829E+16,4.89224E+16
78586,78587,9,7,73,125,2016,8,16,6,3,5,3,0,0,1,1,0,0,0,0,6.09635E+20,5.38178E+21,1.04865E+16,4.85795E+16
78587,78588,9,3,71,126,2016,8,3,1,3,9,3,2,0,0,1,0,0,0,0,7.06745E+20,5.49087E+21,1.18575E+16,4.95351E+16
78588,78589,9,2,73,178,2016,8,11,1,3,2,6,0,0,0,1,0,1,0,0,7.1018E+20,5.38731E+21,1.18512E+16,4.86036E+16
78589,78590,9,2,72,120,2016,8,18,4,3,4,1,2,1,0,1,0,1,0,0,8.21957E+20,5.42337E+21,1.33918E+16,4.88795E+16
78590,78591,9,6,71,155,2016,8,5,1,3,2,6,1,0,0,1,0,0,0,0,5.04079E+20,5.53747E+21,9.0569E+15,4.99896E+16
78591,78592,9,1,78,120,2016,8,9,1,3,2,6,0,0,0,1,0,0,0,0,6.95049E+20,5.3554E+21,1.16313E+16,4.83217E+16
78592,78593,9,1,89,140,2016,8,15,7,3,2,7,0,0,0,1,0,0,0,1,7.73729E+20,5.29568E+21,1.26526E+16,4.77564E+16
78593,78594,9,2,77,124,2016,8,18,4,3,5,3,0,0,0,1,0,0,0,0,7.82254E+20,5.36963E+21,1.28149E+16,4.84165E+16
78594,78595,9,6,72,139,2016,8,15,1,2,8,7,0,0,0,1,0,0,0,0,5.67543E+20,5.55992E+21,9.94615E+15,5.01876E+16
78595,78596,9,1,61,0,2016,8,20,1,3,0,7,0,0,1,0,1,0,0,0,6.7903E+20,5.40162E+21,1.14352E+16,4.87418E+16
78596,78597,9,5,74,112,2016,8,12,7,3,5,7,0,0,1,1,0,0,0,0,6.73743E+20,5.47158E+21,1.13934E+16,4.93721E+16
78597,78598,9,4,72,198,2016,8,14,7,3,8,6,0,0,0,0,0,1,0,0,6.98266E+20,5.5386E+21,1.17648E+16,4.99668E+16
78598,78599,9,3,62,0,2016,8,13,5,3,2,6,0,0,0,1,0,0,0,0,7.24012E+20,5.43211E+21,1.20629E+16,4.90012E+16
78599,78600,9,1,62,0,2016,8,11,5,3,8,7,0,0,0,1,0,0,0,0,6.91992E+20,5.33158E+21,1.15793E+16,4.81085E+16
78600,78601,9,2,63,0,2016,8,17,6,3,1,6,0,1,0,1,0,1,0,0,7.61011E+20,5.4201E+21,1.25602E+16,4.88789E+16
78601,78602,9,6,75,165,2016,8,7,4,3,2,6,0,0,0,1,0,0,1,0,5.88026E+20,5.51687E+21,1.02232E+16,4.97978E+16
78602,78603,9,2,75,148,2016,8,13,1,3,2,1,0,0,0,1,0,0,0,0,8.47729E+20,5.40331E+21,1.37252E+16,4.86858E+16
78603,78604,9,1,80,117,2016,8,15,1,2,0,1,0,0,0,0,0,1,0,0,6.58814E+20,5.26195E+21,1.11084E+16,4.74916E+16
78604,78605,9,2,74,126,2016,8,18,4,3,2,6,0,0,0,1,0,0,1,0,7.32591E+20,5.38558E+21,1.21537E+16,4.85801E+16
78605,78606,9,5,76,147,2016,8,11,1,3,1,7,0,0,0,1,0,1,0,0,6.39716E+20,5.44904E+21,1.09171E+16,4.91782E+16
78606,78607,9,7,77,118,2016,8,11,7,2,2,1,0,0,0,1,0,0,0,0,6.28736E+20,5.29479E+21,1.0719E+16,4.77935E+16
78607,78608,9,3,73,143,2016,8,11,5,3,0,1,0,0,0,0,0,1,0,0,7.01059E+20,5.4462E+21,1.17565E+16,4.91357E+16
78608,78609,9,1,87,128,2016,8,11,7,3,5,3,0,0,0,1,0,0,1,0,7.49267E+20,5.31133E+21,1.23358E+16,4.79068E+16
78609,78610,9,5,71,139,2016,8,4,7,3,0,7,2,0,0,1,0,0,0,1,5.97499E+20,5.44099E+21,1.03361E+16,4.9114E+16
78610,78611,9,3,73,155,2016,8,0,7,3,9,1,1,0,0,1,0,0,0,0,6.70399E+20,5.46448E+21,1.13443E+16,4.93092E+16
78611,78612,9,6,78,193,2016,8,19,4,3,2,6,0,0,0,1,0,0,0,0,5.75252E+20,5.53744E+21,1.00497E+16,4.99845E+16
78612,78613,9,2,78,167,2016,8,15,6,2,7,6,0,0,0,0,0,0,1,1,7.68126E+20,5.40962E+21,1.26502E+16,4.87818E+16
78613,78614,9,5,71,177,2016,8,18,1,3,5,3,0,0,1,1,0,0,0,0,6.23886E+20,5.45135E+21,1.07007E+16,4.92024E+16
78614,78615,9,2,79,112,2016,8,13,4,3,0,6,0,0,0,1,0,0,1,0,7.57053E+20,5.39547E+21,1.24909E+16,4.86594E+16
78615,78616,9,5,73,114,2016,8,16,7,3,5,3,0,0,0,1,0,0,0,0,6.35815E+20,5.47992E+21,1.08741E+16,4.94568E+16
78616,78617,9,4,61,0,2016,8,13,7,3,2,6,0,0,0,1,0,0,0,0,6.37985E+20,5.52874E+21,1.09212E+16,4.98951E+16
78617,78618,9,2,78,182,2016,8,18,5,3,5,3,0,0,0,1,0,0,0,0,7.63648E+20,5.40947E+21,1.25893E+16,4.87823E+16
78618,78619,9,6,73,136,2016,8,16,4,3,9,1,0,1,0,1,0,0,0,0,5.93661E+20,5.57872E+21,1.03166E+16,5.03531E+16
78619,78620,9,1,62,0,2016,8,8,5,3,0,1,0,0,1,0,0,0,0,0,6.95843E+20,5.34383E+21,1.16366E+16,4.82174E+16
78620,78621,9,2,71,127,2016,8,15,6,3,8,1,0,1,0,1,0,0,0,0,8.07315E+20,5.40589E+21,1.31795E+16,4.87301E+16
78621,78622,9,5,77,159,2016,8,10,1,3,2,6,0,0,0,1,0,0,0,0,6.33194E+20,5.44246E+21,1.08255E+16,4.91205E+16
78622,78623,9,2,74,132,2016,8,16,4,2,2,2,0,0,0,1,0,0,0,0,7.21585E+20,5.38601E+21,1.2005E+16,4.8588E+16
78623,78624,9,1,78,132,2016,8,9,2,3,5,3,0,0,0,1,0,0,0,0,7.11395E+20,5.38138E+21,1.18646E+16,4.85499E+16
78624,78625,9,6,76,139,2016,8,17,6,2,8,1,0,1,0,0,0,1,0,0,5.14796E+20,5.50602E+21,9.20521E+15,4.97065E+16
78625,78626,9,2,72,151,2016,8,15,1,2,5,3,0,0,1,1,0,0,0,0,8.36933E+20,5.40529E+21,1.35806E+16,4.87094E+16
78626,78627,9,1,89,155,2016,8,19,1,3,2,2,1,0,0,1,0,1,0,0,7.74393E+20,5.30818E+21,1.26693E+16,4.78683E+16
78627,78628,9,1,80,124,2016,8,7,4,3,5,3,0,1,0,0,0,1,0,1,6.65751E+20,5.28327E+21,1.12085E+16,4.76815E+16
78628,78629,9,5,77,138,2016,8,20,1,2,8,1,0,0,0,0,0,1,0,0,6.30322E+20,5.44532E+21,1.07871E+16,4.91468E+16
78629,78630,9,7,79,194,2016,8,9,7,2,5,3,0,0,0,1,0,1,0,0,6.13077E+20,5.41518E+21,1.05423E+16,4.88793E+16
78630,78631,9,1,62,0,2016,8,12,5,3,2,6,0,0,0,1,0,0,0,0,6.97197E+20,5.33143E+21,1.16491E+16,4.81056E+16
78631,78632,9,2,75,134,2016,8,10,5,3,2,6,0,0,0,1,0,0,0,0,8.24634E+20,5.37279E+21,1.33886E+16,4.84245E+16
78632,78633,9,1,86,122,2016,8,13,7,3,5,6,0,0,0,1,0,0,0,1,6.95121E+20,5.39296E+21,1.16498E+16,4.86592E+16
78633,78634,9,1,78,143,2016,8,14,7,3,5,3,0,0,1,1,0,0,0,0,7.17957E+20,5.37217E+21,1.19486E+16,4.84648E+16
78634,78635,9,1,62,0,2016,8,19,3,3,9,1,0,1,0,1,0,0,0,0,6.9596E+20,5.33908E+21,1.1636E+16,4.81747E+16
78635,78636,9,2,78,141,2016,8,16,7,2,5,2,0,0,0,1,0,1,0,0,7.59226E+20,5.42986E+21,1.25421E+16,4.89673E+16
78636,78637,9,6,73,182,2016,8,15,4,3,4,2,0,0,0,1,0,1,0,0,5.88138E+20,5.59499E+21,1.02428E+16,5.05002E+16
78637,78638,9,2,78,197,2016,8,12,6,3,8,7,0,1,0,0,0,0,0,1,7.60983E+20,5.44287E+21,1.25744E+16,4.90833E+16
78638,78639,9,4,73,166,2016,8,2,1,3,8,1,2,0,0,1,0,0,0,0,6.52427E+20,5.56599E+21,1.1137E+16,5.02264E+16
78639,78640,9,6,75,162,2016,8,11,6,3,5,3,0,1,0,1,0,0,0,0,5.96889E+20,5.51418E+21,1.03456E+16,4.97722E+16
78640,78641,9,1,80,129,2016,8,18,4,2,2,6,0,1,0,1,0,0,0,0,6.52057E+20,5.28152E+21,1.10255E+16,4.76692E+16
78641,78642,9,7,80,132,2016,8,15,1,3,0,7,0,0,0,0,0,0,0,1,5.76448E+20,5.26667E+21,1.0016E+16,4.75489E+16
78642,78643,9,6,71,126,2016,8,15,6,3,8,1,0,1,0,1,0,0,0,0,5.24706E+20,5.54236E+21,9.34496E+15,5.0033E+16
78643,78644,9,1,87,170,2016,8,10,1,3,5,3,0,0,0,1,0,1,0,0,7.35335E+20,5.32096E+21,1.21549E+16,4.79986E+16
78644,78645,9,6,73,173,2016,8,15,7,2,8,1,0,0,0,1,0,0,0,0,5.99189E+20,5.56669E+21,1.03911E+16,5.0244E+16
78645,78646,9,7,78,173,2016,8,16,1,3,1,6,0,0,0,1,0,0,0,0,6.09205E+20,5.32202E+21,1.04652E+16,4.80421E+16
78646,78647,9,6,61,0,2016,8,9,6,3,4,1,0,1,0,1,0,0,0,0,5.11481E+20,5.53675E+21,9.16014E+15,4.9983E+16
78647,78648,9,1,72,116,2016,8,15,1,2,4,2,0,0,0,1,0,1,0,0,8.00573E+20,5.28186E+21,1.30004E+16,4.76203E+16
78648,78649,9,6,79,147,2016,8,16,7,3,0,1,0,0,1,0,0,0,0,0,5.64273E+20,5.51515E+21,9.89286E+15,4.97853E+16
78649,78650,9,2,62,0,2016,8,3,5,3,2,6,2,0,0,1,0,0,0,1,8.22042E+20,5.39124E+21,1.33678E+16,4.85913E+16
78650,78651,9,1,79,121,2016,8,14,7,3,4,6,0,0,0,1,0,0,0,0,6.69252E+20,5.33725E+21,1.12763E+16,4.8166E+16
78651,78652,9,1,84,136,2016,8,8,6,3,6,4,0,0,0,1,1,0,0,0,6.99543E+20,5.32747E+21,1.16787E+16,4.80693E+16
78652,78653,9,1,62,0,2016,8,14,5,3,2,6,0,0,0,1,0,1,0,0,6.92916E+20,5.33127E+21,1.15915E+16,4.81054E+16
78653,78654,9,5,61,0,2016,8,20,6,3,4,2,0,0,1,1,0,0,0,0,6.14688E+20,5.46263E+21,1.05777E+16,4.93057E+16
78654,78655,9,1,62,0,2016,8,12,3,2,6,4,0,1,0,1,1,0,0,0,6.88283E+20,5.32826E+21,1.1528E+16,4.80798E+16
78655,78656,9,2,74,120,2016,8,20,7,3,0,1,0,0,1,0,0,0,0,0,7.50838E+20,5.36497E+21,1.23884E+16,4.8388E+16
78656,78657,9,6,74,133,2016,8,17,4,1,9,1,0,0,0,1,0,0,0,0,6.16867E+20,5.53449E+21,1.06291E+16,4.99513E+16
78657,78658,9,2,75,151,2016,8,11,6,3,2,6,0,0,0,1,0,0,0,0,8.21224E+20,5.39375E+21,1.33587E+16,4.86143E+16
78658,78659,9,4,72,199,2016,8,18,1,2,5,3,0,0,1,1,0,0,0,0,6.97788E+20,5.53426E+21,1.17559E+16,4.9928E+16
78659,78660,9,6,77,114,2016,8,16,6,3,4,6,0,0,0,1,0,0,0,0,5.69924E+20,5.53717E+21,9.97534E+15,4.99828E+16
78660,78661,9,1,83,118,2016,8,17,4,3,9,1,0,1,0,1,0,0,0,0,7.48405E+20,5.33877E+21,1.23402E+16,4.81536E+16
78661,78662,9,6,79,155,2016,8,17,1,3,6,4,0,0,0,1,1,0,0,0,5.60792E+20,5.50824E+21,9.84343E+15,4.97235E+16
78662,78663,9,1,82,133,2016,8,11,1,3,5,3,0,0,1,0,0,1,0,0,7.06993E+20,5.30775E+21,1.17691E+16,4.78896E+16
78663,78664,9,5,64,0,2016,8,7,7,3,1,6,0,0,0,1,0,0,0,0,6.58061E+20,5.47329E+21,1.11782E+16,4.93918E+16
78664,78665,9,4,73,120,2016,8,19,7,2,9,1,0,0,0,1,0,0,0,0,6.42716E+20,5.57339E+21,1.10038E+16,5.02954E+16
78665,78666,9,2,75,119,2016,8,9,5,2,0,2,0,0,1,1,0,0,0,0,8.34428E+20,5.40179E+21,1.35438E+16,4.86794E+16
78666,78667,9,7,78,173,2016,8,10,5,3,2,6,0,0,0,1,0,0,0,0,6.08279E+20,5.32089E+21,1.04525E+16,4.80321E+16
78667,78668,9,2,75,134,2016,8,7,6,3,5,3,0,0,0,1,0,0,0,0,8.23623E+20,5.3739E+21,1.33758E+16,4.84349E+16
78668,78669,9,1,90,138,2016,8,15,7,3,0,1,0,0,1,0,0,0,0,0,6.62494E+20,5.30804E+21,1.11744E+16,4.79051E+16
78669,78670,9,6,73,162,2016,8,18,4,3,4,1,0,1,0,1,0,0,1,0,5.74548E+20,5.57296E+21,1.00468E+16,5.0304E+16
78670,78671,9,7,74,144,2016,8,14,5,3,9,7,0,0,0,1,0,0,0,0,6.10182E+20,5.363E+21,1.04889E+16,4.84105E+16
78671,78672,9,7,64,0,2016,8,12,6,2,0,7,0,0,1,0,0,0,0,0,5.88243E+20,5.31468E+21,1.01825E+16,4.79793E+16
78672,78673,9,7,74,121,2016,8,13,5,3,2,6,0,0,0,1,0,1,0,0,6.04384E+20,5.3632E+21,1.04106E+16,4.84133E+16
78673,78674,9,1,62,0,2016,8,8,3,3,3,2,0,1,1,1,0,0,0,0,6.87665E+20,5.33503E+21,1.15227E+16,4.81408E+16
78674,78675,9,2,79,137,2016,8,14,7,3,8,1,0,0,0,0,0,1,0,0,7.78333E+20,5.40179E+21,1.27836E+16,4.8707E+16
78675,78676,9,6,71,136,2016,8,5,4,3,5,3,0,0,0,1,0,1,0,0,5.0499E+20,5.53803E+21,9.06962E+15,4.99946E+16
78676,78677,9,3,77,141,2016,8,13,1,2,5,3,0,0,0,1,0,1,0,0,7.34058E+20,5.53782E+21,1.22626E+16,4.99468E+16
78677,78678,9,1,72,114,2016,8,17,4,3,9,1,0,1,0,1,0,0,0,0,7.85856E+20,5.29124E+21,1.28111E+16,4.77112E+16
78678,78679,9,6,73,173,2016,8,22,1,3,2,6,2,0,0,1,0,0,0,0,5.99857E+20,5.56995E+21,1.04013E+16,5.02732E+16
78679,78680,9,1,61,0,2016,8,12,1,3,0,1,0,0,1,0,0,0,0,0,6.76424E+20,5.40449E+21,1.1401E+16,4.87684E+16
78680,78681,9,5,64,0,2016,8,15,7,3,4,2,0,0,0,1,0,1,0,0,6.51274E+20,5.47349E+21,1.10848E+16,4.93953E+16
78681,78682,9,4,72,154,2016,8,18,7,3,0,7,0,0,1,0,0,0,0,0,6.5907E+20,5.53613E+21,1.12177E+16,4.99563E+16
78682,78683,9,2,75,141,2016,8,14,5,3,0,1,0,0,1,0,0,0,0,0,8.24384E+20,5.36928E+21,1.33825E+16,4.83931E+16
78683,78684,9,5,64,0,2016,8,19,4,3,2,3,0,0,0,1,0,0,0,0,6.57771E+20,5.47325E+21,1.11742E+16,4.93915E+16
78684,78685,9,7,75,135,2016,8,9,5,3,4,6,0,0,0,1,0,0,0,0,5.7511E+20,5.35669E+21,1.0014E+16,4.83589E+16
78685,78686,9,2,75,133,2016,8,18,6,3,8,1,1,1,0,1,0,0,0,0,8.26544E+20,5.38332E+21,1.34225E+16,4.85179E+16
78686,78687,9,1,87,173,2016,8,13,4,3,8,1,0,1,0,1,0,0,0,0,7.40941E+20,5.31852E+21,1.22286E+16,4.79745E+16
78687,78688,9,5,64,0,2016,8,22,4,3,8,1,2,0,0,1,0,0,0,0,6.50824E+20,5.46752E+21,1.10764E+16,4.93418E+16
78688,78689,9,6,61,0,2016,8,13,6,3,0,1,0,1,0,0,0,1,0,0,5.0916E+20,5.53633E+21,9.12776E+15,4.99792E+16
78689,78690,9,2,77,145,2016,8,8,1,1,4,1,0,0,0,1,0,0,0,0,7.94573E+20,5.35714E+21,1.29723E+16,4.82988E+16
78690,78691,9,1,89,145,2016,8,15,1,3,2,6,0,0,0,1,0,0,0,0,7.74495E+20,5.30343E+21,1.26677E+16,4.78256E+16
78691,78692,9,1,87,116,2016,8,6,4,3,9,1,0,1,0,1,0,0,0,0,7.42876E+20,5.32926E+21,1.22605E+16,4.80703E+16
78692,78693,9,5,74,152,2016,8,15,1,3,2,6,0,0,0,1,0,0,0,0,6.62404E+20,5.48367E+21,1.12423E+16,4.94839E+16
78693,78694,9,7,76,127,2016,8,11,7,3,0,7,0,0,1,0,0,0,0,0,5.76232E+20,5.26998E+21,1.00137E+16,4.75788E+16
78694,78695,9,3,61,0,2016,8,12,1,2,8,1,0,0,0,0,0,1,0,0,7.04482E+20,5.47928E+21,1.18203E+16,4.94318E+16
78695,78696,9,2,73,164,2016,8,10,1,2,5,3,0,0,1,1,0,0,0,0,6.96488E+20,5.42699E+21,1.16846E+16,4.89646E+16
78696,78697,9,1,82,116,2016,8,4,4,3,9,1,2,1,0,1,0,0,0,0,7.06072E+20,5.28912E+21,1.17479E+16,4.77226E+16
78697,78698,9,5,64,0,2016,8,14,1,3,2,6,0,0,0,1,0,0,0,0,6.58636E+20,5.47346E+21,1.11862E+16,4.93932E+16
78698,78699,9,7,75,135,2016,8,15,7,3,1,6,0,0,0,1,0,1,0,1,5.74696E+20,5.3607E+21,1.00091E+16,4.83951E+16
78699,78700,9,7,75,152,2016,8,15,7,3,2,6,0,0,0,1,0,0,0,0,5.81055E+20,5.3518E+21,1.00933E+16,4.83142E+16
78700,78701,9,2,73,178,2016,8,7,5,3,4,6,1,0,0,1,0,0,0,0,7.09245E+20,5.38784E+21,1.18388E+16,4.86087E+16
78701,78702,9,1,83,143,2016,8,16,7,2,8,1,0,0,0,1,0,0,0,0,7.52664E+20,5.36106E+21,1.24106E+16,4.83521E+16
78702,78703,9,5,77,161,2016,8,18,7,3,2,6,0,0,0,1,0,1,0,0,6.47656E+20,5.44351E+21,1.10239E+16,4.91266E+16
78703,78704,9,3,75,210,2016,8,11,7,3,4,2,0,0,0,1,0,1,0,0,7.48208E+20,5.43294E+21,1.23937E+16,4.89994E+16
78704,78705,9,2,74,146,2016,8,8,5,3,2,6,0,0,0,1,0,0,0,0,7.33472E+20,5.37722E+21,1.2161E+16,4.85046E+16
78705,78706,9,5,74,152,2016,8,3,4,3,8,6,2,0,0,0,0,0,1,0,6.61482E+20,5.48149E+21,1.12287E+16,4.94646E+16
78706,78707,9,2,75,141,2016,8,16,6,3,5,6,0,1,0,1,0,0,0,1,8.1577E+20,5.36529E+21,1.32634E+16,4.83617E+16
78707,78708,9,5,71,190,2016,8,18,1,3,8,1,0,0,1,0,0,0,0,0,6.23083E+20,5.46594E+21,1.06942E+16,4.93338E+16
78708,78709,9,1,61,0,2016,8,16,4,3,0,1,0,0,0,0,0,1,0,0,6.78846E+20,5.40576E+21,1.14345E+16,4.87791E+16
78709,78710,9,1,84,123,2016,8,11,1,3,0,1,0,0,1,0,0,0,0,0,7.03919E+20,5.33208E+21,1.17396E+16,4.81093E+16
78710,78711,9,5,76,127,2016,8,12,6,3,1,6,0,1,0,1,0,0,0,0,6.62913E+20,5.45265E+21,1.12366E+16,4.9205E+16
78711,78712,9,2,74,179,2016,8,23,1,2,0,1,2,0,1,0,0,0,0,0,7.53018E+20,5.37353E+21,1.24229E+16,4.8464E+16
78712,78713,9,1,89,162,2016,8,19,1,3,9,1,0,0,0,0,0,1,0,0,7.80679E+20,5.31842E+21,1.27599E+16,4.79575E+16
78713,78714,9,7,61,0,2016,8,17,7,2,2,6,0,0,0,1,0,1,0,0,6.3771E+20,5.36099E+21,1.08601E+16,4.8387E+16