FID,OBJECTID,ULAND,UREGBEZ,UKREIS,UGEMEINDE,UJAHR,UMONAT,USTUNDE,UWOCHENTAG,UKATEGORIE,UART,UTYP1,ULICHTVERH,IstStrasse,IstRad,IstPKW,IstFuss,IstKrad,IstGkfz,IstSonstig,LINREFX,LINREFY,XGCSWGS84,YGCSWGS84
78714,78715,9,2,61,0,2016,8,18,5,3,4,2,0,0,0,1,0,0,0,0,7.33058E+20,5.38107E+21,1.21575E+16,4.85394E+16
78715,78716,9,1,88,139,2016,8,14,7,2,5,3,0,0,1,0,0,1,0,0,6.74479E+20,5.3184E+21,1.13388E+16,4.7995E+16
78716,78717,9,1,77,113,2016,8,15,7,2,3,3,0,0,0,1,0,1,0,0,7.20783E+20,5.35303E+21,1.19767E+16,4.82919E+16
78717,78718,9,7,74,121,2016,8,17,5,3,1,6,0,0,0,1,0,0,0,0,6.03254E+20,5.36537E+21,1.03959E+16,4.8433E+16
78718,78719,9,5,64,0,2016,8,13,6,3,5,2,0,1,1,1,0,0,0,0,6.50057E+20,5.48171E+21,1.10712E+16,4.94695E+16
78719,78720,9,7,74,144,2016,8,15,3,2,8,1,0,0,0,1,0,0,0,0,6.12475E+20,5.36252E+21,1.05198E+16,4.84058E+16
78720,78721,9,2,76,129,2016,8,15,7,3,2,6,0,0,0,1,0,1,0,1,8.04066E+20,5.43754E+21,1.3159E+16,4.90157E+16
78721,78722,9,5,72,111,2016,8,10,4,2,5,2,0,0,1,1,0,0,0,0,6.36275E+20,5.50915E+21,1.08906E+16,4.97194E+16
78722,78723,9,2,73,166,2016,8,14,5,3,8,1,0,0,0,0,0,1,0,0,7.12679E+20,5.41719E+21,1.19004E+16,4.88711E+16
78723,78724,9,1,87,156,2016,8,14,7,3,5,3,0,0,1,1,0,0,0,0,7.36167E+20,5.29256E+21,1.21505E+16,4.77432E+16
78724,78725,9,1,74,143,2016,8,14,7,2,5,3,0,0,1,0,0,0,0,0,6.76146E+20,5.35191E+21,1.1375E+16,4.82958E+16
78725,78726,9,3,72,178,2016,8,14,7,2,2,6,0,0,0,1,0,1,0,0,7.994E+20,5.45505E+21,1.31083E+16,4.91751E+16
78726,78727,9,5,72,119,2016,8,6,4,2,0,3,0,1,1,0,0,0,0,1,6.45513E+20,5.50005E+21,1.10153E+16,4.96355E+16
78727,78728,9,2,72,151,2016,8,18,6,3,1,6,0,1,0,1,0,0,0,0,8.3593E+20,5.40713E+21,1.35685E+16,4.87265E+16
78728,78729,9,4,75,113,2016,8,15,1,3,8,1,0,0,0,1,0,0,0,0,6.97965E+20,5.58161E+21,1.17829E+16,5.03532E+16
78729,78730,9,1,61,0,2016,8,18,4,3,4,2,0,0,1,1,0,0,0,0,6.796E+20,5.40028E+21,1.14424E+16,4.87297E+16
78730,78731,9,7,80,147,2016,8,18,1,3,5,2,0,0,1,0,0,0,0,0,6.0485E+20,5.29155E+21,1.03993E+16,4.77687E+16
78731,78732,9,5,76,143,2016,8,15,6,3,1,6,0,0,0,1,0,0,0,0,6.55698E+20,5.45363E+21,1.1138E+16,4.92157E+16
78732,78733,9,1,72,115,2016,8,12,1,2,8,1,0,0,0,0,0,1,0,0,7.94276E+20,5.29133E+21,1.29232E+16,4.77083E+16
78733,78734,9,6,73,153,2016,8,11,7,3,4,2,0,0,1,1,0,0,0,0,5.87575E+20,5.59026E+21,1.02337E+16,5.04578E+16
78734,78735,9,7,80,112,2016,8,18,5,3,5,3,0,0,0,1,0,1,0,0,5.91322E+20,5.29509E+21,1.02196E+16,4.78027E+16
78735,78736,9,2,79,124,2016,8,9,5,3,0,7,0,0,0,0,0,0,0,1,7.52583E+20,5.39045E+21,1.24273E+16,4.86161E+16
78736,78737,9,1,84,141,2016,8,13,6,3,2,6,0,0,0,1,0,0,0,0,6.98012E+20,5.31689E+21,1.16533E+16,4.79747E+16
78737,78738,9,7,77,112,2016,8,9,5,3,5,3,0,0,0,1,0,0,0,0,6.23438E+20,5.29601E+21,1.06486E+16,4.78056E+16
78738,78739,9,7,75,152,2016,8,15,3,3,2,1,0,0,0,1,0,0,0,0,5.76679E+20,5.35428E+21,1.00347E+16,4.83371E+16
78739,78740,9,2,61,0,2016,8,14,7,3,3,2,0,0,1,1,0,0,0,0,7.32745E+20,5.3816E+21,1.21536E+16,4.85443E+16
78740,78741,9,5,74,147,2016,8,15,4,2,9,1,0,1,0,0,0,1,0,0,6.84537E+20,5.48492E+21,1.15481E+16,4.94888E+16
78741,78742,9,4,71,137,2016,8,3,1,3,2,6,2,0,0,1,0,0,0,0,6.37725E+20,5.53259E+21,1.0919E+16,4.99298E+16
78742,78743,9,6,73,130,2016,8,17,6,3,3,6,0,0,0,1,0,0,0,0,5.93866E+20,5.58407E+21,1.03208E+16,5.04012E+16
78743,78744,9,1,85,118,2016,8,15,4,3,3,6,0,0,1,1,0,0,0,0,6.60769E+20,5.40574E+21,1.11886E+16,4.87839E+16
78744,78745,9,6,77,142,2016,8,13,1,2,5,3,0,0,0,1,0,1,0,0,5.57505E+20,5.5305E+21,9.80114E+15,4.99241E+16
78745,78746,9,1,82,116,2016,8,17,1,3,2,1,0,0,0,1,0,0,0,0,7.0443E+20,5.29377E+21,1.17282E+16,4.77649E+16
78746,78747,9,2,72,118,2016,8,19,6,3,2,6,0,1,0,1,0,0,0,0,8.32614E+20,5.41927E+21,1.35334E+16,4.88372E+16
78747,78748,9,4,77,163,2016,8,14,1,2,0,1,0,0,1,0,0,0,0,0,6.86391E+20,5.55387E+21,1.16068E+16,5.01078E+16
78748,78749,9,6,74,180,2016,8,14,6,2,2,6,0,0,0,1,0,0,0,1,6.0036E+20,5.53994E+21,1.04005E+16,5.00034E+16
78749,78750,9,1,76,118,2016,8,19,4,2,4,6,0,0,0,1,0,0,0,0,6.69638E+20,5.40701E+21,1.13098E+16,4.87929E+16
78750,78751,9,7,79,149,2016,8,15,1,2,4,6,0,0,0,1,0,0,0,0,6.38982E+20,5.39577E+21,1.08889E+16,4.86995E+16
78751,78752,9,5,72,160,2016,8,17,6,2,4,6,0,1,0,1,0,1,0,0,6.23831E+20,5.51473E+21,1.07198E+16,4.97723E+16
78752,78753,9,1,87,118,2016,8,15,1,3,5,2,0,0,1,1,0,0,0,0,7.52943E+20,5.30044E+21,1.23785E+16,4.78076E+16
78753,78754,9,6,72,136,2016,8,14,7,2,8,1,0,0,0,0,0,1,0,0,5.79284E+20,5.5631E+21,1.01113E+16,5.02147E+16
78754,78755,9,7,73,139,2016,8,15,5,2,0,1,0,0,0,0,0,1,0,0,6.1519E+20,5.38591E+21,1.05629E+16,4.86157E+16
78755,78756,9,1,89,113,2016,8,13,5,3,2,6,0,0,0,1,0,0,0,1,7.67795E+20,5.30338E+21,1.25783E+16,4.7828E+16
78756,78757,9,7,80,122,2016,8,18,6,3,4,2,0,0,0,1,0,0,0,0,6.0051E+20,5.29734E+21,1.03428E+16,4.78216E+16
78757,78758,9,7,61,0,2016,8,17,5,3,2,6,0,0,0,1,0,0,0,0,6.3755E+20,5.35715E+21,1.08567E+16,4.83526E+16
78758,78759,9,2,72,141,2016,8,14,6,3,2,7,0,0,0,1,0,0,0,0,8.33328E+20,5.40646E+21,1.35327E+16,4.87219E+16
78759,78760,9,7,75,135,2016,8,12,3,3,1,7,0,0,0,1,0,0,0,0,5.74852E+20,5.36051E+21,1.00112E+16,4.83933E+16
78760,78761,9,2,73,166,2016,8,11,7,3,3,2,0,0,0,1,0,0,0,0,7.15299E+20,5.413E+21,1.19339E+16,4.88326E+16
78761,78762,9,5,74,147,2016,8,16,4,2,5,3,0,0,0,1,0,1,0,0,6.79938E+20,5.48722E+21,1.14857E+16,4.95109E+16
78762,78763,9,3,72,164,2016,8,16,1,2,5,3,0,0,0,1,0,1,0,0,7.70093E+20,5.44682E+21,1.27016E+16,4.91149E+16
78763,78764,9,1,76,120,2016,8,9,4,2,4,6,0,0,0,1,0,1,0,0,6.82064E+20,5.42403E+21,1.14864E+16,4.89424E+16
78764,78765,9,6,72,163,2016,8,5,1,1,2,6,1,0,1,0,0,0,1,0,5.62993E+20,5.57802E+21,9.88543E+15,5.03509E+16
78765,78766,9,1,88,145,2016,8,14,1,3,2,2,0,0,0,1,0,1,0,0,6.64064E+20,5.3267E+21,1.12025E+16,4.80724E+16
78766,78767,9,1,89,157,2016,8,17,7,3,4,3,0,0,0,1,0,1,0,0,7.65153E+20,5.32549E+21,1.25567E+16,4.80276E+16
78767,78768,9,5,64,0,2016,8,18,7,3,5,2,0,0,1,1,0,0,0,0,6.52002E+20,5.47751E+21,1.10964E+16,4.94312E+16
78768,78769,9,4,71,159,2016,8,16,7,2,8,1,0,0,0,0,0,1,0,0,6.41209E+20,5.53498E+21,1.09684E+16,4.99505E+16
78769,78770,9,1,83,127,2016,8,15,5,3,2,6,0,0,0,1,0,0,0,0,7.56109E+20,5.35154E+21,1.24513E+16,4.82652E+16
78770,78771,9,5,64,0,2016,8,12,4,3,5,3,0,0,1,1,0,0,0,0,6.53626E+20,5.48133E+21,1.11202E+16,4.94652E+16
78771,78772,9,7,72,202,2016,8,16,5,3,3,6,0,0,0,1,0,0,1,0,6.3721E+20,5.35811E+21,1.08524E+16,4.83613E+16
78772,78773,9,1,78,155,2016,8,23,6,3,2,6,2,0,0,1,0,0,0,0,7.2155E+20,5.37495E+21,1.19986E+16,4.84886E+16
78773,78774,9,5,72,164,2016,8,12,7,3,5,3,0,0,0,1,0,0,0,0,6.32259E+20,5.49701E+21,1.08308E+16,4.96112E+16
78774,78775,9,4,72,175,2016,8,10,7,3,2,6,0,0,0,1,0,0,0,0,6.80847E+20,5.5141E+21,1.15107E+16,4.97522E+16
78775,78776,9,1,71,125,2016,8,11,5,3,1,6,0,0,0,1,0,0,1,0,7.74172E+20,5.35111E+21,1.26939E+16,4.82538E+16
78776,78777,9,6,63,0,2016,8,8,5,3,2,6,0,0,0,1,0,0,0,0,5.6848E+20,5.51628E+21,9.9515E+15,4.97951E+16
78777,78778,9,2,74,111,2016,8,14,6,2,2,2,0,0,0,1,0,1,0,0,7.40388E+20,5.38161E+21,1.2257E+16,4.85415E+16
78778,78779,9,7,75,135,2016,8,9,3,3,5,3,0,0,1,1,0,0,0,0,5.76142E+20,5.36161E+21,1.00288E+16,4.84031E+16
78779,78780,9,1,80,133,2016,8,2,7,2,9,1,2,1,0,1,0,0,0,0,6.65672E+20,5.28579E+21,1.12084E+16,4.77042E+16
78780,78781,9,5,73,122,2016,8,14,4,3,6,2,0,0,0,1,1,0,0,0,6.4303E+20,5.4777E+21,1.09728E+16,4.94351E+16
78781,78782,9,2,76,117,2016,8,13,1,2,1,1,0,0,0,1,0,1,0,0,7.97022E+20,5.44424E+21,1.30678E+16,4.90793E+16
78782,78783,9,1,80,117,2016,8,15,1,3,5,3,0,0,1,1,0,0,0,0,6.5725E+20,5.26267E+21,1.10879E+16,4.74985E+16
78783,78784,9,1,88,126,2016,8,19,4,3,2,6,0,1,0,1,0,0,0,1,6.59439E+20,5.32751E+21,1.11408E+16,4.8081E+16
78784,78785,9,5,76,111,2016,8,12,1,2,5,2,0,0,1,1,0,0,0,0,6.39523E+20,5.45612E+21,1.09169E+16,4.92419E+16
78785,78786,9,7,80,131,2016,8,12,7,3,0,7,0,0,1,0,0,0,0,0,5.93454E+20,5.25585E+21,1.02397E+16,4.74493E+16
78786,78787,9,1,83,135,2016,8,17,5,2,8,1,0,0,0,1,0,0,0,0,7.4524E+20,5.35122E+21,1.23049E+16,4.82666E+16
78787,78788,9,1,63,0,2016,8,12,7,2,5,3,0,1,1,1,0,1,0,0,7.3265E+20,5.30719E+21,1.21115E+16,4.78759E+16
78788,78789,9,5,71,225,2016,8,4,7,3,7,7,2,0,0,1,0,0,0,0,5.90178E+20,5.47238E+21,1.02428E+16,4.93975E+16
78789,78790,9,3,75,165,2016,8,8,7,3,4,6,0,0,1,0,0,0,0,0,7.25859E+20,5.43857E+21,1.20918E+16,4.90585E+16
78790,78791,9,1,72,131,2016,8,15,5,3,2,6,0,0,0,1,0,0,0,0,7.81686E+20,5.29301E+21,1.27568E+16,4.77289E+16
78791,78792,9,5,77,173,2016,8,8,4,3,5,3,0,0,0,1,0,0,0,0,6.41034E+20,5.42238E+21,1.09259E+16,4.89383E+16
78792,78793,9,2,73,113,2016,8,14,6,3,5,3,0,0,0,1,0,0,0,0,7.00019E+20,5.39627E+21,1.17178E+16,4.86874E+16
78793,78794,9,5,71,216,2016,8,18,1,3,8,1,0,0,0,0,0,1,0,0,6.18707E+20,5.45129E+21,1.06296E+16,4.92029E+16
78794,78795,9,1,88,126,2016,8,19,4,3,2,6,0,1,0,1,0,0,0,0,6.59454E+20,5.32753E+21,1.1141E+16,4.8081E+16
78795,78796,9,1,62,0,2016,8,12,1,3,0,7,0,0,1,0,0,0,0,0,6.89042E+20,5.33198E+21,1.15399E+16,4.8113E+16
78796,78797,9,5,62,0,2016,8,16,6,3,9,7,0,1,0,0,0,1,0,0,6.46959E+20,5.4898E+21,1.10315E+16,4.9543E+16
78797,78798,9,1,89,159,2016,8,16,1,3,5,3,0,0,0,1,0,0,0,0,7.60559E+20,5.30126E+21,1.24805E+16,4.78119E+16
78798,78799,9,1,88,126,2016,8,19,4,3,2,6,0,1,0,1,0,0,0,0,6.59414E+20,5.3275E+21,1.11404E+16,4.80808E+16
78799,78800,9,5,77,173,2016,8,18,4,3,4,2,0,0,1,1,0,0,0,0,6.3957E+20,5.42418E+21,1.09065E+16,4.89548E+16
78800,78801,9,5,74,154,2016,8,11,6,3,0,1,0,1,0,0,0,1,0,0,6.64013E+20,5.48589E+21,1.12654E+16,4.95034E+16
78801,78802,9,2,72,147,2016,8,4,1,3,8,1,2,0,0,1,0,0,0,0,8.19777E+20,5.41675E+21,1.3357E+16,4.88213E+16
78802,78803,9,1,89,133,2016,8,18,1,3,4,1,0,0,0,1,0,0,0,0,7.54922E+20,5.32197E+21,1.24176E+16,4.80002E+16
78803,78804,9,1,88,139,2016,8,1,4,2,8,1,2,1,0,1,0,0,0,0,6.75962E+20,5.32177E+21,1.13601E+16,4.80249E+16
78804,78805,9,5,77,168,2016,8,14,1,2,4,2,0,0,0,0,0,1,0,0,6.44831E+20,5.4163E+21,1.09755E+16,4.88827E+16
78805,78806,9,7,79,146,2016,8,16,7,2,8,1,0,0,0,0,0,1,0,0,6.08141E+20,5.40188E+21,1.04715E+16,4.87606E+16
78806,78807,9,1,84,148,2016,8,7,5,3,2,6,0,1,0,1,0,0,0,0,6.93344E+20,5.32888E+21,1.15962E+16,4.80838E+16
78807,78808,9,1,86,152,2016,8,10,7,3,2,6,0,0,0,1,0,0,0,0,6.91322E+20,5.3806E+21,1.15925E+16,4.85493E+16
78808,78809,9,1,78,116,2016,8,18,7,3,0,6,0,0,0,1,0,0,0,0,6.98826E+20,5.38335E+21,1.16954E+16,4.85717E+16
78809,78810,9,3,76,144,2016,8,15,7,2,5,3,0,0,0,1,0,1,0,0,7.29933E+20,5.48224E+21,1.21725E+16,4.94492E+16
78810,78811,9,5,61,0,2016,8,13,4,3,4,2,0,0,0,1,0,0,0,0,6.1384E+20,5.4634E+21,1.05663E+16,4.93127E+16
78811,78812,9,2,73,147,2016,8,17,6,2,4,6,0,0,0,1,0,1,0,1,7.04864E+20,5.38872E+21,1.17798E+16,4.8618E+16
78812,78813,9,4,79,129,2016,8,0,1,3,0,7,2,0,1,0,0,0,0,0,7.11028E+20,5.55999E+21,1.19543E+16,5.01545E+16
78813,78814,9,1,79,142,2016,8,14,4,3,2,6,0,1,0,1,0,1,0,0,6.70365E+20,5.34175E+21,1.12931E+16,4.82061E+16
78814,78815,9,7,76,124,2016,8,17,1,3,5,3,0,0,0,1,0,1,0,0,5.72082E+20,5.27631E+21,9.95958E+15,4.76362E+16
78815,78816,9,5,74,138,2016,8,17,6,3,0,1,0,1,0,0,0,1,0,0,6.64418E+20,5.48636E+21,1.12712E+16,4.95075E+16
78816,78817,9,1,84,114,2016,8,13,1,3,3,6,0,0,0,1,0,0,0,1,7.01075E+20,5.31467E+21,1.16932E+16,4.79537E+16
78817,78818,9,6,74,171,2016,8,11,7,3,8,1,0,0,0,1,0,0,0,0,6.22371E+20,5.5625E+21,1.07147E+16,5.0202E+16
78818,78819,9,6,75,178,2016,8,9,5,2,4,6,0,0,0,1,0,0,0,0,5.95358E+20,5.51648E+21,1.03249E+16,4.97932E+16
78819,78820,9,7,75,139,2016,8,11,6,3,7,7,0,0,0,1,0,0,0,0,5.78256E+20,5.36522E+21,1.0058E+16,4.84353E+16
78820,78821,9,6,77,203,2016,8,16,5,3,1,5,0,0,0,1,0,1,0,0,5.58941E+20,5.52841E+21,9.82082E+15,4.99052E+16
78821,78822,9,7,74,191,2016,8,16,3,3,0,4,0,0,1,0,1,0,0,0,5.95774E+20,5.35578E+21,1.02926E+16,4.8348E+16
78822,78823,9,7,61,0,2016,8,11,7,3,3,2,0,0,1,1,0,0,0,0,6.43345E+20,5.35759E+21,1.0935E+16,4.83552E+16
78823,78824,9,1,61,0,2016,8,10,5,2,5,3,0,0,1,1,0,0,0,0,6.79499E+20,5.4052E+21,1.14432E+16,4.87739E+16
78824,78825,9,1,81,113,2016,8,18,7,2,5,3,0,0,0,1,0,0,0,0,6.39539E+20,5.31038E+21,1.08682E+16,4.79316E+16
78825,78826,9,1,62,0,2016,8,18,6,2,6,4,0,0,0,1,1,0,0,0,6.90247E+20,5.32911E+21,1.15548E+16,4.80868E+16
78826,78827,9,6,71,141,2016,8,20,5,2,8,7,1,1,0,0,0,1,0,0,5.2045E+20,5.53078E+21,9.28493E+15,4.99291E+16
78827,78828,9,5,71,145,2016,8,17,6,3,4,6,0,0,0,1,0,0,1,0,5.90941E+20,5.44634E+21,1.02474E+16,4.91631E+16
78828,78829,9,7,74,174,2016,8,8,3,3,8,1,0,0,0,1,0,0,0,0,6.01579E+20,5.36839E+21,1.0374E+16,4.84605E+16
78829,78830,9,2,72,118,2016,8,10,7,2,4,1,0,1,0,1,0,1,0,0,8.33688E+20,5.41838E+21,1.35472E+16,4.88286E+16
78830,78831,9,5,71,196,2016,8,11,4,3,5,3,0,0,0,1,0,0,0,0,6.18926E+20,5.46038E+21,1.06353E+16,4.92846E+16
78831,78832,9,1,90,158,2016,8,7,6,2,8,1,0,1,0,1,0,0,0,0,6.53355E+20,5.30346E+21,1.10506E+16,4.78661E+16
78832,78833,9,4,72,139,2016,8,16,1,2,9,7,0,0,0,0,0,1,0,0,6.92591E+20,5.54969E+21,1.16913E+16,5.00683E+16
78833,78834,9,6,74,163,2016,8,7,6,2,9,6,0,1,0,1,0,0,0,0,6.11764E+20,5.53743E+21,1.05588E+16,4.99787E+16
78834,78835,9,1,81,130,2016,8,15,4,3,0,1,0,1,0,0,0,1,0,0,6.36862E+20,5.32343E+21,1.08365E+16,4.80495E+16
78835,78836,9,7,61,0,2016,8,15,1,3,0,3,0,0,0,1,0,0,0,0,6.40613E+20,5.35238E+21,1.08964E+16,4.8309E+16
78836,78837,9,5,74,152,2016,8,18,6,3,8,6,0,1,0,1,0,0,0,0,6.62292E+20,5.48134E+21,1.12398E+16,4.9463E+16
78837,78838,9,1,82,131,2016,8,16,1,2,1,1,0,0,1,1,0,0,0,0,7.16885E+20,5.28494E+21,1.18898E+16,4.76814E+16
78838,78839,9,6,76,112,2016,8,17,7,3,2,6,0,0,0,1,0,0,0,0,5.16239E+20,5.49912E+21,9.22493E+15,4.96445E+16
78839,78840,9,5,75,112,2016,8,15,7,3,1,7,0,0,0,1,0,1,0,0,6.0406E+20,5.48364E+21,1.04371E+16,4.94965E+16
78840,78841,9,1,85,127,2016,8,2,5,3,8,7,2,0,0,1,0,0,0,0,6.56113E+20,5.39152E+21,1.11199E+16,4.86572E+16
78841,78842,9,6,61,0,2016,8,8,5,2,5,2,0,0,1,1,0,0,0,0,5.1115E+20,5.53603E+21,9.1555E+15,4.99765E+16
78842,78843,9,1,73,126,2016,8,14,6,3,8,1,0,1,0,1,0,0,0,0,6.84615E+20,5.30335E+21,1.14681E+16,4.7857E+16
78843,78844,9,7,80,146,2016,8,16,3,2,5,3,0,1,0,1,0,1,0,0,5.9295E+20,5.289E+21,1.024E+16,4.77477E+16
78844,78845,9,1,73,147,2016,8,10,7,3,5,3,0,0,0,1,0,0,0,0,6.80523E+20,5.30864E+21,1.14157E+16,4.79057E+16
78845,78846,9,4,73,158,2016,8,22,4,3,5,3,2,0,0,1,0,0,0,0,6.28862E+20,5.57684E+21,1.08105E+16,5.03296E+16
78846,78847,9,3,76,149,2016,8,5,1,2,8,1,1,0,0,1,0,0,0,0,7.42485E+20,5.45384E+21,1.23281E+16,4.91894E+16
78847,78848,9,2,79,113,2016,8,14,1,3,8,1,0,0,0,0,0,1,0,0,7.85885E+20,5.39548E+21,1.28816E+16,4.86469E+16
78848,78849,9,1,81,121,2016,8,6,4,2,8,1,0,0,0,1,0,0,0,0,6.35555E+20,5.31133E+21,1.08152E+16,4.79409E+16
78849,78850,9,5,72,126,2016,8,10,1,3,2,6,0,0,0,1,0,0,0,0,6.34311E+20,5.50541E+21,1.08621E+16,4.96862E+16
78850,78851,9,2,79,122,2016,8,21,7,3,0,7,1,0,0,0,0,1,0,0,7.71544E+20,5.39816E+21,1.26891E+16,4.86773E+16
78851,78852,9,4,72,197,2016,8,12,4,3,1,5,0,0,0,1,0,0,0,1,6.67557E+20,5.52223E+21,1.13298E+16,4.98291E+16
78852,78853,9,4,61,0,2016,8,18,1,2,0,6,0,0,0,1,0,1,0,0,6.38903E+20,5.52658E+21,1.09333E+16,4.98755E+16
78853,78854,9,1,79,138,2016,8,9,4,2,4,6,0,1,0,1,0,0,0,0,6.53654E+20,5.33572E+21,1.10661E+16,4.81561E+16
78854,78855,9,6,73,117,2016,8,16,1,2,5,3,0,0,0,1,0,1,0,0,5.68223E+20,5.58428E+21,9.96007E+15,5.04066E+16
78855,78856,9,1,61,0,2016,8,9,1,2,5,2,0,0,1,1,0,0,0,0,6.7884E+20,5.40252E+21,1.1433E+16,4.875E+16
78856,78857,9,5,64,0,2016,8,13,7,3,2,6,0,0,0,1,0,0,0,1,6.48249E+20,5.47724E+21,1.10446E+16,4.94298E+16
78857,78858,9,4,72,155,2016,8,7,7,3,8,1,0,1,0,1,0,0,0,0,6.78213E+20,5.52501E+21,1.14792E+16,4.9851E+16
78858,78859,9,1,88,141,2016,8,19,5,3,2,6,0,0,0,1,0,0,0,0,6.68839E+20,5.31229E+21,1.12609E+16,4.79417E+16
78859,78860,9,3,74,146,2016,8,8,4,2,2,6,0,0,0,1,0,0,1,0,7.27268E+20,5.50304E+21,1.21478E+16,4.96371E+16
78860,78861,9,5,63,0,2016,8,15,5,2,0,7,0,0,0,0,0,1,0,0,6.44283E+20,5.48222E+21,1.09917E+16,4.94755E+16
78861,78862,9,1,80,135,2016,8,15,6,3,8,1,0,0,0,0,0,1,0,0,6.53323E+20,5.27421E+21,1.10398E+16,4.76032E+16
78862,78863,9,3,74,144,2016,8,17,4,3,4,2,0,0,0,1,0,0,0,0,7.21966E+20,5.51335E+21,1.20803E+16,4.97317E+16
78863,78864,9,2,77,140,2016,8,5,1,2,7,7,0,0,0,0,0,1,0,0,7.93043E+20,5.35868E+21,1.29528E+16,4.83133E+16
78864,78865,9,1,80,126,2016,8,12,1,2,3,6,0,0,0,1,0,1,0,0,6.60647E+20,5.26945E+21,1.11355E+16,4.75586E+16
78865,78866,9,1,81,120,2016,8,14,4,3,4,6,0,1,0,1,0,1,0,0,6.51034E+20,5.32138E+21,1.10258E+16,4.80278E+16
78866,78867,9,5,74,138,2016,8,18,1,3,2,6,0,0,1,1,0,0,0,0,6.61324E+20,5.49148E+21,1.12306E+16,4.95544E+16
78867,78868,9,7,77,118,2016,8,11,7,3,4,1,0,0,0,1,0,0,0,0,6.2876E+20,5.29477E+21,1.07193E+16,4.77934E+16
78868,78869,9,1,81,128,2016,8,18,5,3,0,7,0,0,1,0,0,0,0,0,6.38535E+20,5.32711E+21,1.08601E+16,4.80822E+16
78869,78870,9,1,82,123,2016,8,14,7,2,4,1,0,0,0,1,0,1,0,0,7.16426E+20,5.29658E+21,1.18895E+16,4.77862E+16
78870,78871,9,1,79,121,2016,8,13,7,2,0,7,0,0,0,0,0,0,0,1,6.63322E+20,5.33836E+21,1.1197E+16,4.81775E+16
78871,78872,9,3,72,151,2016,8,18,7,2,5,3,0,0,0,1,0,0,0,0,7.81239E+20,5.46046E+21,1.28635E+16,4.92323E+16
78872,78873,9,1,84,135,2016,8,15,7,3,5,2,0,0,0,1,0,0,0,0,6.92577E+20,5.34902E+21,1.1595E+16,4.82651E+16
78873,78874,9,1,88,121,2016,8,14,5,3,1,7,0,0,0,1,0,0,0,0,6.71263E+20,5.33094E+21,1.13008E+16,4.81087E+16
78874,78875,9,1,89,114,2016,8,21,7,3,0,7,2,0,1,0,0,0,0,0,7.63842E+20,5.30823E+21,1.25286E+16,4.78732E+16
78875,78876,9,5,71,175,2016,8,15,7,3,9,1,0,0,0,1,0,0,0,0,6.25527E+20,5.46052E+21,1.07261E+16,4.92845E+16
78876,78877,9,3,74,149,2016,8,15,7,3,2,6,0,0,0,1,0,0,0,0,7.13877E+20,5.5123E+21,1.19677E+16,4.97252E+16
78877,78878,9,1,74,121,2016,8,18,5,3,9,1,0,0,0,1,0,0,0,0,6.87209E+20,5.35298E+21,1.15245E+16,4.83023E+16
78878,78879,9,3,73,113,2016,8,11,4,3,2,6,0,0,0,1,0,0,0,0,6.79856E+20,5.46561E+21,1.14748E+16,4.93167E+16
78879,78880,9,1,80,116,2016,8,16,6,3,2,6,2,1,0,1,0,0,0,1,6.59752E+20,5.26553E+21,1.11222E+16,4.75236E+16
78880,78881,9,5,75,152,2016,8,10,1,2,8,1,0,0,0,0,0,1,0,0,6.1865E+20,5.47857E+21,1.06369E+16,4.94482E+16
78881,78882,9,1,74,115,2016,8,12,4,3,1,6,0,0,0,1,0,0,0,0,6.80774E+20,5.34772E+21,1.14356E+16,4.82569E+16
78882,78883,9,1,78,122,2016,8,11,2,3,0,1,0,0,1,0,0,0,0,0,6.99434E+20,5.38637E+21,1.17051E+16,4.85986E+16
78883,78884,9,5,64,0,2016,8,16,6,3,2,6,0,1,0,1,0,0,0,0,6.57845E+20,5.48188E+21,1.11787E+16,4.94691E+16
78884,78885,9,2,74,153,2016,8,11,1,2,8,1,0,0,0,1,0,0,0,0,7.3209E+20,5.40286E+21,1.21566E+16,4.87355E+16
78885,78886,9,1,72,122,2016,8,15,1,2,2,6,0,0,0,1,0,1,0,0,7.91977E+20,5.31721E+21,1.291E+16,4.79416E+16
78886,78887,9,7,79,155,2016,8,18,7,2,5,3,0,0,0,1,0,1,0,0,6.1992E+20,5.40779E+21,1.06334E+16,4.88115E+16
78887,78888,9,5,64,0,2016,8,18,5,3,0,1,0,0,1,0,0,0,0,0,6.49111E+20,5.48335E+21,1.10588E+16,4.94845E+16
78888,78889,9,1,84,119,2016,8,17,5,3,8,1,0,0,0,1,0,0,0,0,6.96337E+20,5.34778E+21,1.16451E+16,4.82528E+16
78889,78890,9,1,88,139,2016,8,11,7,3,3,6,0,0,1,1,0,0,0,0,6.78742E+20,5.31963E+21,1.13965E+16,4.8005E+16
78890,78891,9,1,78,137,2016,8,17,7,3,8,1,0,0,0,0,0,1,0,0,6.9777E+20,5.36609E+21,1.16729E+16,4.84169E+16
78891,78892,9,5,73,122,2016,8,18,5,2,2,6,0,0,0,1,0,0,0,0,6.4311E+20,5.4777E+21,1.09739E+16,4.94351E+16
78892,78893,9,7,76,124,2016,8,2,3,2,8,1,2,1,0,1,0,0,0,0,5.72105E+20,5.27636E+21,9.9599E+15,4.76366E+16