FID,OBJECTID,ULAND,UREGBEZ,UKREIS,UGEMEINDE,UJAHR,UMONAT,USTUNDE,UWOCHENTAG,UKATEGORIE,UART,UTYP1,ULICHTVERH,IstStrasse,IstRad,IstPKW,IstFuss,IstKrad,IstGkfz,IstSonstig,LINREFX,LINREFY,XGCSWGS84,YGCSWGS84
78893,78894,9,2,76,116,2016,8,18,7,3,0,7,0,0,0,1,0,0,0,0,7.99993E+20,5.42575E+21,1.30947E+16,4.89119E+16
78894,78895,9,4,78,120,2016,8,3,1,3,8,1,2,0,0,1,0,0,0,0,6.41041E+20,5.54904E+21,1.09712E+16,5.00768E+16
78895,78896,9,7,77,169,2016,8,12,1,2,3,6,0,0,1,0,0,0,0,0,6.33813E+20,5.27261E+21,1.07799E+16,4.75931E+16
78896,78897,9,1,86,152,2016,8,5,3,3,3,6,0,0,0,1,0,0,0,0,6.91113E+20,5.38105E+21,1.15899E+16,4.85534E+16
78897,78898,9,2,75,133,2016,8,12,4,3,4,2,0,0,0,1,0,0,0,0,8.23991E+20,5.38493E+21,1.33893E+16,4.85337E+16
78898,78899,9,2,75,154,2016,8,10,5,3,1,6,0,0,0,1,0,0,0,0,8.08127E+20,5.39356E+21,1.31814E+16,4.86191E+16
78899,78900,9,6,71,157,2016,8,14,2,3,4,6,0,0,0,1,0,1,0,0,5.27973E+20,5.52735E+21,9.3895E+15,4.98979E+16
78900,78901,9,5,72,135,2016,8,15,3,2,8,1,0,0,1,0,0,0,0,0,6.3319E+20,5.51081E+21,1.08484E+16,4.9735E+16
78901,78902,9,3,73,112,2016,8,15,4,3,4,6,0,0,0,0,0,1,0,1,6.79751E+20,5.4465E+21,1.14648E+16,4.9145E+16
78902,78903,9,7,72,125,2016,8,10,4,3,5,2,0,0,0,1,0,0,0,1,6.26179E+20,5.34554E+21,1.06998E+16,4.82505E+16
78903,78904,9,2,75,134,2016,8,18,6,3,1,2,0,0,0,1,0,0,0,0,8.26042E+20,5.37714E+21,1.34109E+16,4.84627E+16
78904,78905,9,1,62,0,2016,8,19,5,3,3,2,0,1,1,1,0,0,0,0,6.94655E+20,5.33415E+21,1.16162E+16,4.81308E+16
78905,78906,9,2,71,122,2016,8,14,3,3,1,2,0,0,0,1,0,0,0,0,7.9127E+20,5.42895E+21,1.29783E+16,4.89448E+16
78906,78907,9,1,81,114,2016,8,22,4,3,1,7,2,0,0,1,0,0,0,0,6.57013E+20,5.31351E+21,1.11031E+16,4.79556E+16
78907,78908,9,5,72,142,2016,8,18,6,2,5,3,0,0,1,1,0,0,0,0,6.44698E+20,5.50048E+21,1.10042E+16,4.96395E+16
78908,78909,9,2,75,141,2016,8,15,4,2,4,6,0,0,0,1,0,0,1,0,8.20293E+20,5.37031E+21,1.33282E+16,4.84044E+16
78909,78910,9,2,73,147,2016,8,14,2,2,8,1,0,0,0,0,0,1,0,0,7.04862E+20,5.38868E+21,1.17798E+16,4.86176E+16
78910,78911,9,4,74,129,2016,8,14,5,3,5,3,0,0,0,1,0,0,0,0,6.63688E+20,5.51219E+21,1.12719E+16,4.97399E+16
78911,78912,9,1,85,131,2016,8,21,3,2,8,1,2,0,0,0,0,1,0,0,6.66758E+20,5.37202E+21,1.12565E+16,4.84792E+16
78912,78913,9,1,83,114,2016,8,12,5,2,5,3,0,0,1,1,0,0,0,0,7.42532E+20,5.35591E+21,1.22711E+16,4.83099E+16
78913,78914,9,7,74,191,2016,8,9,4,3,5,3,0,0,1,1,0,0,0,0,5.96316E+20,5.35625E+21,1.03001E+16,4.8352E+16
78914,78915,9,6,71,157,2016,8,15,2,3,0,1,0,0,0,0,0,1,0,0,5.24685E+20,5.53183E+21,9.34399E+15,4.99383E+16
78915,78916,9,5,72,132,2016,8,15,3,3,3,6,0,0,0,1,0,0,0,1,6.39729E+20,5.48978E+21,1.09316E+16,4.95445E+16
78916,78917,9,1,90,159,2016,8,17,6,1,5,3,0,0,0,1,0,1,0,0,6.6285E+20,5.30524E+21,1.11781E+16,4.78798E+16
78917,78918,9,7,76,116,2016,8,7,5,2,5,2,0,0,1,1,0,0,0,0,5.54265E+20,5.26653E+21,9.7212E+15,4.755E+16
78918,78919,9,6,72,121,2016,8,18,5,3,5,3,0,0,0,1,0,0,0,0,5.6824E+20,5.55277E+21,9.95463E+15,5.01232E+16
78919,78920,9,2,75,154,2016,8,17,3,3,2,6,0,0,0,1,0,0,0,0,8.08366E+20,5.39542E+21,1.3186E+16,4.86357E+16
78920,78921,9,2,79,135,2016,8,12,6,3,3,6,0,0,0,1,0,0,0,1,7.73806E+20,5.38632E+21,1.27119E+16,4.85701E+16
78921,78922,9,7,78,127,2016,8,0,5,3,2,1,2,0,0,0,0,1,0,0,6.10607E+20,5.31744E+21,1.04828E+16,4.80007E+16
78922,78923,9,1,74,131,2016,8,18,4,1,5,2,0,0,1,1,0,0,0,0,6.76712E+20,5.35856E+21,1.13854E+16,4.83554E+16
78923,78924,9,2,75,134,2016,8,12,3,2,1,6,0,0,0,1,0,0,1,0,8.24498E+20,5.37443E+21,1.3388E+16,4.84393E+16
78924,78925,9,1,74,141,2016,8,14,4,3,5,3,0,0,0,1,0,0,0,0,6.83072E+20,5.35571E+21,1.147E+16,4.8328E+16
78925,78926,9,5,64,0,2016,8,21,6,3,2,6,2,0,0,1,0,0,0,0,6.49863E+20,5.48171E+21,1.10685E+16,4.94695E+16
78926,78927,9,2,74,194,2016,8,17,2,2,4,6,0,0,0,1,0,0,0,0,7.20635E+20,5.37884E+21,1.19883E+16,4.85239E+16
78927,78928,9,3,75,210,2016,8,16,5,3,5,3,0,0,0,1,0,0,0,0,7.49396E+20,5.43255E+21,1.24097E+16,4.89954E+16
78928,78929,9,5,63,0,2016,8,16,4,3,4,7,0,0,0,1,0,0,0,0,6.43852E+20,5.48072E+21,1.09852E+16,4.94621E+16
78929,78930,9,1,86,162,2016,8,18,3,2,0,7,0,0,0,0,0,1,0,1,6.95597E+20,5.38863E+21,1.16542E+16,4.86202E+16
78930,78931,9,1,87,120,2016,8,13,5,3,1,7,0,0,0,1,0,1,0,0,7.3296E+20,5.29154E+21,1.21072E+16,4.77351E+16
78931,78932,9,6,71,148,2016,8,23,2,3,7,7,2,0,0,0,0,1,0,0,5.30063E+20,5.53627E+21,9.41929E+15,4.9978E+16
78932,78933,9,5,63,0,2016,8,14,3,3,5,2,0,0,0,1,0,0,0,0,6.44183E+20,5.47959E+21,1.09894E+16,4.94519E+16
78933,78934,9,1,83,148,2016,8,19,6,3,5,3,0,0,1,1,0,0,0,0,7.53776E+20,5.34506E+21,1.2416E+16,4.8208E+16
78934,78935,9,7,79,117,2016,8,19,5,3,5,3,0,0,1,1,0,0,0,0,6.18645E+20,5.42963E+21,1.06224E+16,4.90081E+16
78935,78936,9,6,71,150,2016,8,9,5,2,8,1,0,0,0,0,0,1,0,0,5.21272E+20,5.5429E+21,9.29705E+15,5.0038E+16
78936,78937,9,2,72,141,2016,8,9,3,2,4,6,0,0,0,1,0,0,1,0,8.34356E+20,5.40706E+21,1.35471E+16,4.87268E+16
78937,78938,9,1,86,158,2016,8,10,3,3,2,6,0,0,0,1,0,1,0,0,6.92195E+20,5.40415E+21,1.16153E+16,4.87606E+16
78938,78939,9,1,74,113,2016,8,6,4,2,4,1,0,0,0,1,0,0,1,0,6.75069E+20,5.34541E+21,1.13578E+16,4.82378E+16
78939,78940,9,4,64,0,2016,8,8,6,3,2,6,0,0,0,1,0,0,0,0,7.06994E+20,5.57736E+21,1.19074E+16,5.0312E+16
78940,78941,9,2,72,141,2016,8,16,4,3,1,6,0,0,0,1,0,0,0,0,8.33326E+20,5.40646E+21,1.35327E+16,4.87219E+16
78941,78942,9,6,71,143,2016,8,15,2,2,6,4,0,0,0,1,1,0,0,0,5.10786E+20,5.54821E+21,9.15077E+15,5.00861E+16
78942,78943,9,4,62,0,2016,8,0,4,3,0,1,2,0,0,0,0,1,0,0,6.85548E+20,5.5353E+21,1.1586E+16,4.99412E+16
78943,78944,9,7,71,111,2016,8,17,3,3,3,6,0,0,0,1,0,0,1,0,6.58334E+20,5.35736E+21,1.11371E+16,4.83495E+16
78944,78945,9,7,61,0,2016,8,13,4,3,2,6,0,0,0,1,0,0,1,0,6.42144E+20,5.359E+21,1.09193E+16,4.83681E+16
78945,78946,9,1,78,123,2016,8,7,5,3,5,3,0,0,0,1,0,1,0,0,6.89227E+20,5.35881E+21,1.15543E+16,4.83541E+16
78946,78947,9,1,78,124,2016,8,18,4,3,4,6,0,0,1,0,0,0,0,0,7.02445E+20,5.36606E+21,1.1736E+16,4.84151E+16
78947,78948,9,5,75,153,2016,8,10,6,3,2,6,0,0,0,1,0,0,0,0,6.2089E+20,5.49199E+21,1.06719E+16,4.95684E+16
78948,78949,9,2,74,127,2016,8,15,4,3,5,2,0,0,0,1,0,0,0,0,7.351E+20,5.39593E+21,1.21936E+16,4.86721E+16
78949,78950,9,3,76,119,2016,8,18,5,3,5,3,0,0,0,1,0,0,0,0,7.22873E+20,5.45441E+21,1.20597E+16,4.92019E+16
78950,78951,9,5,61,0,2016,8,10,4,2,0,1,0,0,1,0,0,0,0,0,6.14654E+20,5.46044E+21,1.05766E+16,4.92859E+16
78951,78952,9,1,74,135,2016,8,9,3,3,2,6,0,0,0,1,0,0,0,0,6.63258E+20,5.35327E+21,1.12019E+16,4.83116E+16
78952,78953,9,1,75,121,2016,8,14,4,3,4,6,0,0,0,0,0,1,0,1,7.13654E+20,5.31561E+21,1.1862E+16,4.79582E+16
78953,78954,9,1,62,0,2016,8,20,5,2,3,6,1,1,0,1,0,0,1,0,6.83433E+20,5.34256E+21,1.14691E+16,4.82097E+16
78954,78955,9,3,73,121,2016,8,9,6,3,2,6,0,0,0,1,0,0,0,1,6.91282E+20,5.433E+21,1.16164E+16,4.90202E+16
78955,78956,9,5,72,119,2016,8,10,2,3,2,6,0,0,0,1,0,0,0,0,6.45E+20,5.49901E+21,1.10078E+16,4.96263E+16
78956,78957,9,5,64,0,2016,8,15,3,3,0,7,0,0,0,0,0,0,0,1,6.47411E+20,5.47621E+21,1.10326E+16,4.94207E+16
78957,78958,9,1,72,114,2016,8,14,6,3,2,6,0,0,0,1,0,0,0,0,7.90015E+20,5.29273E+21,1.28674E+16,4.77227E+16
78958,78959,9,1,72,116,2016,8,18,6,2,5,3,0,0,0,1,0,0,0,0,8.0332E+20,5.28569E+21,1.30395E+16,4.76534E+16
78959,78960,9,2,74,154,2016,8,2,3,3,9,7,2,0,0,1,0,0,0,0,7.39896E+20,5.36754E+21,1.22423E+16,4.84153E+16
78960,78961,9,7,73,136,2016,8,14,6,3,2,6,0,0,0,1,0,0,0,1,5.9975E+20,5.37924E+21,1.03519E+16,4.85583E+16
78961,78962,9,6,79,174,2016,8,18,5,3,0,1,0,0,0,0,0,1,0,0,5.82178E+20,5.52266E+21,1.01431E+16,4.98507E+16
78962,78963,9,5,74,123,2016,8,18,5,3,2,6,0,0,0,1,0,0,0,0,6.60097E+20,5.47652E+21,1.12075E+16,4.94203E+16
78963,78964,9,2,73,165,2016,8,19,3,3,5,3,0,0,0,0,0,1,0,0,7.18165E+20,5.40613E+21,1.19693E+16,4.87699E+16
78964,78965,9,7,71,129,2016,8,10,3,2,2,6,0,0,0,0,0,0,1,1,6.6052E+20,5.35533E+21,1.11658E+16,4.83307E+16
78965,78966,9,4,72,175,2016,8,16,6,3,2,6,0,0,0,1,0,0,0,0,6.77784E+20,5.50838E+21,1.14656E+16,4.97017E+16
78966,78967,9,2,73,178,2016,8,18,4,3,8,1,0,0,0,1,0,0,0,0,7.09144E+20,5.38958E+21,1.18383E+16,4.86243E+16
78967,78968,9,2,71,146,2016,8,18,5,3,0,7,0,0,0,0,0,0,0,1,7.84049E+20,5.41037E+21,1.2867E+16,4.87814E+16
78968,78969,9,5,72,133,2016,8,13,2,3,2,6,0,0,0,1,0,0,0,0,6.38208E+20,5.50014E+21,1.09142E+16,4.9638E+16
78969,78970,9,5,64,0,2016,8,19,3,3,2,6,0,0,0,1,0,1,0,0,6.53509E+20,5.4782E+21,1.11174E+16,4.94371E+16
78970,78971,9,3,74,156,2016,8,5,4,3,0,7,0,0,0,1,0,0,0,0,7.14269E+20,5.51454E+21,1.19743E+16,4.97451E+16
78971,78972,9,6,77,131,2016,8,6,4,3,9,7,0,0,0,0,0,1,0,0,5.51871E+20,5.5473E+21,9.72493E+15,5.00757E+16
78972,78973,9,1,84,135,2016,8,8,4,3,5,3,0,0,0,1,0,1,0,0,6.88634E+20,5.34541E+21,1.15404E+16,4.82338E+16
78973,78974,9,2,75,134,2016,8,12,6,3,2,6,0,0,0,1,0,0,1,0,8.2369E+20,5.37405E+21,1.33768E+16,4.84363E+16
78974,78975,9,1,84,114,2016,8,13,6,3,2,6,0,0,0,1,0,0,0,0,6.98819E+20,5.32113E+21,1.1666E+16,4.80125E+16
78975,78976,9,2,73,116,2016,8,11,3,2,2,6,0,0,0,1,0,1,0,0,7.24611E+20,5.41903E+21,1.20639E+16,4.88835E+16
78976,78977,9,1,62,0,2016,8,19,3,3,5,3,0,0,1,1,0,0,0,0,6.94975E+20,5.33409E+21,1.16205E+16,4.81302E+16
78977,78978,9,2,78,190,2016,8,15,6,3,9,1,0,0,0,0,0,0,0,1,7.64366E+20,5.42752E+21,1.26107E+16,4.89441E+16
78978,78979,9,5,62,0,2016,8,13,2,2,5,3,0,0,1,0,0,0,0,1,6.44391E+20,5.49383E+21,1.09975E+16,4.95798E+16
78979,78980,9,5,73,126,2016,8,7,3,3,2,6,0,0,0,1,0,0,0,1,6.37728E+20,5.48243E+21,1.09014E+16,4.94789E+16
78980,78981,9,1,88,139,2016,8,17,6,3,9,7,0,0,0,1,0,0,0,0,6.74923E+20,5.31924E+21,1.13451E+16,4.80025E+16
78981,78982,9,2,61,0,2016,8,18,3,2,3,2,0,0,1,1,0,0,0,0,7.31594E+20,5.38155E+21,1.2138E+16,4.85443E+16
78982,78983,9,6,75,127,2016,8,11,6,3,4,6,0,0,0,1,0,0,1,0,6.02553E+20,5.51674E+21,1.04249E+16,4.97943E+16
78983,78984,9,5,77,127,2016,8,15,5,3,3,2,0,0,0,0,0,1,0,1,6.52443E+20,5.43902E+21,1.10878E+16,4.90851E+16
78984,78985,9,1,88,139,2016,8,21,3,3,5,3,1,0,0,1,0,0,0,0,6.74193E+20,5.31992E+21,1.13356E+16,4.80088E+16
78985,78986,9,2,73,163,2016,8,18,4,3,9,1,0,0,0,1,0,0,0,0,7.1151E+20,5.398E+21,1.18746E+16,4.86992E+16
78986,78987,9,2,74,119,2016,8,18,5,2,1,6,0,0,0,1,0,0,0,0,7.4244E+20,5.39984E+21,1.22954E+16,4.87044E+16
78987,78988,9,5,72,115,2016,8,15,2,2,0,7,0,0,1,0,0,0,0,0,6.47713E+20,5.50456E+21,1.10474E+16,4.96755E+16
78988,78989,9,5,73,127,2016,8,11,3,3,0,6,0,0,1,0,0,0,1,0,6.46348E+20,5.47562E+21,1.10178E+16,4.94156E+16
78989,78990,9,3,76,170,2016,8,4,4,3,2,6,2,0,0,1,0,0,0,0,7.27673E+20,5.45643E+21,1.21266E+16,4.92183E+16
78990,78991,9,6,75,127,2016,8,10,4,3,5,3,0,0,0,1,0,0,0,0,6.06476E+20,5.51442E+21,1.04788E+16,4.97728E+16
78991,78992,9,2,72,151,2016,8,15,6,3,4,2,0,0,0,1,0,0,0,0,8.40982E+20,5.40731E+21,1.36371E+16,4.87253E+16
78992,78993,9,1,62,0,2016,8,17,5,3,2,6,2,0,0,1,0,0,0,0,6.91662E+20,5.33927E+21,1.15783E+16,4.81777E+16
78993,78994,9,1,62,0,2016,8,14,3,3,5,3,0,0,1,1,0,0,0,0,6.82699E+20,5.33797E+21,1.14573E+16,4.81687E+16
78994,78995,9,1,84,145,2016,8,14,3,2,2,6,0,0,1,1,0,0,0,0,6.96173E+20,5.32377E+21,1.16318E+16,4.80371E+16
78995,78996,9,5,76,113,2016,8,15,6,3,0,7,0,1,0,0,0,1,0,1,6.60998E+20,5.45731E+21,1.12122E+16,4.92474E+16
78996,78997,9,2,61,0,2016,8,18,2,3,0,6,0,0,1,1,0,0,0,0,7.32367E+20,5.38266E+21,1.21491E+16,4.85539E+16
78997,78998,9,4,71,159,2016,8,5,5,2,0,1,1,0,0,1,0,0,0,0,6.412E+20,5.53508E+21,1.09683E+16,4.99514E+16
78998,78999,9,5,76,127,2016,8,10,4,3,2,6,0,0,1,1,0,0,0,0,6.65655E+20,5.44715E+21,1.1272E+16,4.91548E+16
78999,79000,9,1,79,142,2016,8,10,3,3,2,6,0,0,0,1,0,0,0,0,6.70869E+20,5.34148E+21,1.12997E+16,4.82035E+16
79000,79001,9,1,71,117,2016,8,20,5,3,8,1,1,1,0,1,0,0,0,0,7.66011E+20,5.33585E+21,1.25746E+16,4.81203E+16
79001,79002,9,7,80,120,2016,8,20,4,3,0,1,1,0,1,0,0,0,0,0,6.00156E+20,5.28465E+21,1.03351E+16,4.77074E+16
79002,79003,9,6,71,126,2016,8,16,6,2,4,6,0,0,0,1,0,1,0,0,5.26389E+20,5.54022E+21,9.36832E+15,5.00137E+16
79003,79004,9,2,61,0,2016,8,11,4,2,5,3,0,0,1,1,0,0,0,0,7.31103E+20,5.38197E+21,1.21316E+16,4.85482E+16
79004,79005,9,2,74,194,2016,8,12,2,3,2,7,0,0,1,0,0,0,0,0,7.21679E+20,5.38133E+21,1.20037E+16,4.85458E+16
79005,79006,9,4,76,145,2016,8,12,5,3,2,6,0,0,0,1,0,0,0,0,6.63517E+20,5.56462E+21,1.12918E+16,5.02112E+16
79006,79007,9,1,81,121,2016,8,14,3,3,0,6,0,0,0,1,0,0,1,1,6.39308E+20,5.31211E+21,1.08656E+16,4.79472E+16
79007,79008,9,2,74,124,2016,8,16,4,2,0,7,0,0,1,0,0,0,0,0,7.26071E+20,5.37596E+21,1.20602E+16,4.84961E+16
79008,79009,9,1,89,143,2016,8,12,5,3,2,6,0,0,0,1,0,0,0,1,7.57269E+20,5.31359E+21,1.2444E+16,4.7924E+16
79009,79010,9,7,77,151,2016,8,12,4,3,1,7,0,0,0,0,0,1,0,1,6.21304E+20,5.29314E+21,1.06193E+16,4.77802E+16
79010,79011,9,5,76,117,2016,8,12,2,2,5,3,0,0,1,1,0,0,0,0,6.50629E+20,5.45926E+21,1.10706E+16,4.92676E+16
79011,79012,9,5,77,161,2016,8,7,3,3,2,1,0,0,0,1,0,0,0,0,6.44935E+20,5.43976E+21,1.09853E+16,4.90936E+16
79012,79013,9,2,76,126,2016,8,10,4,3,5,3,0,0,0,1,0,0,0,0,8.10018E+20,5.42239E+21,1.32287E+16,4.88768E+16
79013,79014,9,6,75,161,2016,8,17,4,3,5,3,0,0,0,1,0,0,0,1,5.89531E+20,5.50962E+21,1.02424E+16,4.97324E+16
79014,79015,9,2,73,166,2016,8,14,6,2,8,1,0,0,0,1,0,0,0,0,7.12617E+20,5.41711E+21,1.18995E+16,4.88705E+16
79015,79016,9,7,75,129,2016,8,16,5,3,3,6,0,0,1,0,0,0,1,0,5.81896E+20,5.34203E+21,1.01027E+16,4.82262E+16
79016,79017,9,1,84,127,2016,8,18,3,2,4,2,0,0,1,1,0,0,0,0,7.02655E+20,5.32204E+21,1.17179E+16,4.80195E+16
79017,79018,9,1,90,158,2016,8,14,3,2,2,2,0,0,0,1,0,0,0,1,6.53958E+20,5.30051E+21,1.10576E+16,4.78395E+16
79018,79019,9,1,62,0,2016,8,17,3,3,5,2,0,0,0,1,0,0,0,0,6.94998E+20,5.33348E+21,1.16205E+16,4.81247E+16
79019,79020,9,5,73,130,2016,8,13,6,3,8,1,0,0,0,1,0,0,0,0,6.37622E+20,5.48705E+21,1.09015E+16,4.95204E+16
79020,79021,9,2,61,0,2016,8,21,4,3,9,1,2,0,0,0,0,1,0,0,7.31688E+20,5.38383E+21,1.21405E+16,4.85647E+16
79021,79022,9,2,73,137,2016,8,9,2,2,0,1,0,0,0,0,0,1,0,0,7.09174E+20,5.42252E+21,1.18554E+16,4.89203E+16
79022,79023,9,3,75,165,2016,8,17,5,2,9,1,0,0,0,0,0,0,0,1,7.23497E+20,5.43908E+21,1.20598E+16,4.9064E+16
79023,79024,9,5,64,0,2016,8,10,4,2,0,1,0,0,1,0,0,0,0,0,6.52901E+20,5.48091E+21,1.11101E+16,4.94615E+16
79024,79025,9,7,78,134,2016,8,14,4,2,8,1,0,0,0,0,0,1,0,0,6.16567E+20,5.33833E+21,1.05684E+16,4.81875E+16
79025,79026,9,1,61,0,2016,8,23,5,1,4,1,2,0,0,1,0,0,1,0,6.68967E+20,5.40442E+21,1.12996E+16,4.87698E+16
79026,79027,9,4,74,171,2016,8,14,6,3,5,3,0,0,0,1,0,0,0,0,6.53788E+20,5.51192E+21,1.11345E+16,4.97401E+16
79027,79028,9,5,63,0,2016,8,9,2,2,4,2,0,0,0,1,0,1,0,0,6.43912E+20,5.4809E+21,1.09861E+16,4.94637E+16
79028,79029,9,5,77,159,2016,8,15,3,3,5,2,0,0,0,1,0,0,0,0,6.33141E+20,5.44245E+21,1.08247E+16,4.91205E+16
79029,79030,9,1,89,160,2016,8,15,6,3,1,5,0,0,1,1,0,0,0,0,7.59708E+20,5.2942E+21,1.2465E+16,4.77488E+16
79030,79031,9,5,63,0,2016,8,17,2,3,3,6,0,0,0,1,0,1,0,0,6.44169E+20,5.48238E+21,1.09902E+16,4.94769E+16
79031,79032,9,5,75,181,2016,8,11,3,3,2,6,0,0,0,1,0,0,0,0,6.26053E+20,5.49108E+21,1.0743E+16,4.95591E+16
79032,79033,9,1,80,135,2016,8,16,6,3,2,2,0,0,0,1,0,0,0,0,6.52588E+20,5.27663E+21,1.10309E+16,4.76251E+16
79033,79034,9,7,77,154,2016,8,7,5,3,8,1,0,1,0,1,0,0,0,0,6.07045E+20,5.30115E+21,1.0431E+16,4.78548E+16
79034,79035,9,6,72,114,2016,8,13,5,3,9,1,0,0,0,1,0,0,0,0,5.81044E+20,5.55914E+21,1.01351E+16,5.01789E+16
79035,79036,9,1,90,140,2016,8,17,3,2,5,3,0,0,0,1,0,0,0,0,6.44975E+20,5.2935E+21,1.09353E+16,4.77785E+16
79036,79037,9,7,75,135,2016,8,7,3,2,3,6,0,0,0,1,0,0,1,0,5.73508E+20,5.35866E+21,9.99268E+15,4.83769E+16
79037,79038,9,5,71,229,2016,8,12,6,3,8,1,0,0,0,1,0,0,0,0,6.25229E+20,5.45532E+21,1.07204E+16,4.92378E+16
79038,79039,9,2,74,128,2016,8,14,4,3,2,6,0,0,0,1,0,0,0,0,7.36914E+20,5.38923E+21,1.22143E+16,4.86112E+16
79039,79040,9,4,73,141,2016,8,8,4,3,5,6,0,0,0,1,0,0,0,0,6.36146E+20,5.58303E+21,1.0915E+16,5.03836E+16
79040,79041,9,1,81,144,2016,8,12,3,3,8,1,0,0,0,1,0,0,0,0,6.54556E+20,5.32075E+21,1.10728E+16,4.80213E+16
79041,79042,9,1,74,126,2016,8,16,5,3,5,2,0,1,1,1,0,0,0,0,6.82916E+20,5.3446E+21,1.14631E+16,4.82282E+16
79042,79043,9,3,76,133,2016,8,0,6,3,8,1,2,0,0,1,0,0,0,0,7.36246E+20,5.48349E+21,1.22602E+16,4.94581E+16
79043,79044,9,5,64,0,2016,8,9,2,3,2,6,0,0,0,1,0,0,1,0,6.51114E+20,5.48176E+21,1.10858E+16,4.94696E+16
79044,79045,9,5,71,180,2016,8,21,3,3,2,6,1,0,0,1,0,1,0,0,6.32288E+20,5.46014E+21,1.08189E+16,4.92797E+16
79045,79046,9,1,85,118,2016,8,19,6,3,4,2,0,0,0,1,0,0,0,0,6.66299E+20,5.40344E+21,1.12629E+16,4.87617E+16
79046,79047,9,1,90,152,2016,8,19,3,3,0,1,0,0,1,0,0,0,0,0,6.73178E+20,5.29896E+21,1.13136E+16,4.78206E+16
79047,79048,9,7,72,111,2016,8,6,6,3,2,3,0,0,0,1,0,0,0,0,6.27037E+20,5.36505E+21,1.07172E+16,4.84258E+16
79048,79049,9,6,77,155,2016,8,21,5,3,5,3,2,0,0,1,0,0,0,0,5.40797E+20,5.53826E+21,9.5692E+15,4.99953E+16
79049,79050,9,5,64,0,2016,8,12,5,3,2,6,0,0,0,1,0,0,0,0,6.49791E+20,5.48167E+21,1.10675E+16,4.94692E+16
79050,79051,9,1,74,115,2016,8,15,3,1,5,3,0,0,1,1,0,0,0,0,6.82083E+20,5.35046E+21,1.14544E+16,4.82811E+16
79051,79052,9,2,79,134,2016,8,18,4,3,4,2,0,0,0,1,0,0,0,0,7.64866E+20,5.38939E+21,1.2593E+16,4.86015E+16
79052,79053,9,2,75,137,2016,8,15,5,2,5,3,0,0,1,1,0,0,0,0,8.36981E+20,5.38902E+21,1.3568E+16,4.85636E+16
79053,79054,9,5,64,0,2016,8,20,2,3,1,5,1,0,0,1,0,1,0,1,6.56647E+20,5.4818E+21,1.11621E+16,4.94687E+16
79054,79055,9,7,71,142,2016,8,20,5,3,8,1,1,1,0,1,0,0,0,0,6.46955E+20,5.35019E+21,1.09811E+16,4.82879E+16
79055,79056,9,5,65,0,2016,8,19,5,3,1,2,0,0,0,1,0,1,0,0,6.48274E+20,5.46538E+21,1.10405E+16,4.93231E+16
79056,79057,9,1,80,134,2016,8,16,3,3,4,6,0,0,0,1,0,0,1,0,6.61761E+20,5.28719E+21,1.11568E+16,4.77178E+16
79057,79058,9,1,75,132,2016,8,17,3,3,4,6,0,0,0,0,0,1,0,1,7.10814E+20,5.33468E+21,1.18334E+16,4.81304E+16
79058,79059,9,7,75,152,2016,8,16,3,2,4,6,0,0,1,0,0,0,0,0,5.78226E+20,5.35157E+21,1.00551E+16,4.83125E+16
79059,79060,9,4,76,159,2016,8,6,6,3,8,1,2,0,0,0,0,1,0,0,6.78359E+20,5.57969E+21,1.15067E+16,5.03422E+16
79060,79061,9,1,90,152,2016,8,10,4,3,0,7,0,0,1,0,0,0,0,1,6.73064E+20,5.29902E+21,1.13121E+16,4.78212E+16
79061,79062,9,2,63,0,2016,8,22,5,2,6,4,2,0,0,1,1,0,0,0,7.6065E+20,5.42127E+21,1.2556E+16,4.88895E+16
79062,79063,9,5,73,126,2016,8,17,2,3,5,3,0,0,0,1,0,1,0,0,6.35417E+20,5.48244E+21,1.08695E+16,4.94795E+16
79063,79064,9,5,71,174,2016,8,16,3,3,8,1,0,0,0,1,0,0,0,0,6.00754E+20,5.4603E+21,1.03855E+16,4.92872E+16
79064,79065,9,4,74,126,2016,8,13,4,3,2,6,0,0,0,1,0,0,0,0,6.49062E+20,5.50915E+21,1.10679E+16,4.97164E+16
79065,79066,9,6,72,139,2016,8,7,4,3,4,2,0,0,0,1,0,1,0,0,5.68251E+20,5.56372E+21,9.95674E+15,5.02217E+16
79066,79067,9,1,75,115,2016,8,7,5,3,8,1,0,0,0,1,0,0,0,0,7.17173E+20,5.33679E+21,1.19198E+16,4.81472E+16
79067,79068,9,2,71,125,2016,8,15,6,3,0,7,0,0,0,1,0,0,0,0,7.97008E+20,5.41111E+21,1.30435E+16,4.8782E+16
79068,79069,9,5,73,127,2016,8,13,2,3,5,3,0,0,1,1,0,0,0,0,6.46298E+20,5.47557E+21,1.10171E+16,4.94152E+16
79069,79070,9,5,61,0,2016,8,15,3,3,1,6,0,0,0,1,0,0,0,0,6.16388E+20,5.46135E+21,1.06007E+16,4.92938E+16
79070,79071,9,1,88,120,2016,8,8,6,2,6,4,0,1,1,0,1,0,0,0,6.7758E+20,5.32641E+21,1.13837E+16,4.80662E+16
79071,79072,9,7,75,135,2016,8,15,3,3,4,7,0,0,0,1,0,0,0,1,5.80843E+20,5.36152E+21,1.00923E+16,4.84016E+16
79072,79073,9,1,80,118,2016,8,10,3,1,5,3,0,0,1,1,0,0,0,0,6.52506E+20,5.2607E+21,1.10243E+16,4.74819E+16