FID,OBJECTID,ULAND,UREGBEZ,UKREIS,UGEMEINDE,UJAHR,UMONAT,USTUNDE,UWOCHENTAG,UKATEGORIE,UART,UTYP1,ULICHTVERH,IstStrasse,IstRad,IstPKW,IstFuss,IstKrad,IstGkfz,IstSonstig,LINREFX,LINREFY,XGCSWGS84,YGCSWGS84
79073,79074,9,6,78,150,2016,8,12,6,1,4,6,0,0,0,1,0,0,1,1,5.93795E+20,5.53257E+21,1.03071E+16,4.99381E+16
79074,79075,9,2,79,128,2016,8,13,2,3,9,1,0,0,0,1,0,0,0,0,7.55522E+20,5.39947E+21,1.24727E+16,4.86958E+16
79075,79076,9,5,71,214,2016,8,16,5,3,5,3,0,0,1,1,0,0,0,0,6.16722E+20,5.43326E+21,1.05972E+16,4.90412E+16
79076,79077,9,1,77,115,2016,8,19,3,3,4,7,0,0,0,1,0,0,1,0,7.36551E+20,5.35307E+21,1.2189E+16,4.82866E+16
79077,79078,9,1,80,126,2016,8,18,4,2,8,1,0,0,0,0,0,1,0,0,6.6027E+20,5.27031E+21,1.11308E+16,4.75664E+16
79078,79079,9,1,80,119,2016,8,17,5,3,8,1,0,1,0,1,0,0,0,0,6.73633E+20,5.28506E+21,1.13141E+16,4.76956E+16
79079,79080,9,7,76,116,2016,8,16,4,3,5,3,0,0,1,0,0,0,0,1,5.52018E+20,5.26696E+21,9.6914E+15,4.7554E+16
79080,79081,9,5,71,190,2016,8,5,2,3,2,6,2,0,0,1,0,0,0,0,6.26653E+20,5.46179E+21,1.0742E+16,4.92957E+16
79081,79082,9,4,75,169,2016,8,16,3,2,8,1,0,0,0,0,0,1,0,0,6.85297E+20,5.57552E+21,1.16021E+16,5.03026E+16
79082,79083,9,2,78,172,2016,8,16,4,3,5,3,0,0,0,1,0,0,0,0,7.53008E+20,5.41962E+21,1.2451E+16,4.88779E+16
79083,79084,9,6,78,128,2016,8,21,4,3,0,7,2,0,0,0,0,1,0,0,5.76391E+20,5.5476E+21,1.00676E+16,5.00758E+16
79084,79085,9,2,74,111,2016,8,17,6,3,4,2,0,0,0,1,0,1,0,0,7.40216E+20,5.38178E+21,1.22548E+16,4.85431E+16
79085,79086,9,1,62,0,2016,8,15,5,3,2,6,0,0,0,1,0,0,0,0,6.9548E+20,5.33034E+21,1.16255E+16,4.80963E+16
79086,79087,9,4,75,154,2016,8,9,3,3,8,1,0,0,0,1,0,0,0,0,6.9646E+20,5.56167E+21,1.17515E+16,5.01746E+16
79087,79088,9,3,75,190,2016,8,14,4,3,2,6,0,0,0,1,0,0,0,0,7.25852E+20,5.44542E+21,1.20955E+16,4.91201E+16
79088,79089,9,6,71,156,2016,8,11,4,3,3,6,0,0,0,1,0,0,0,0,5.23461E+20,5.53348E+21,9.32704E+15,4.99532E+16
79089,79090,9,2,62,0,2016,8,17,6,3,5,3,0,0,0,1,0,0,0,0,8.28608E+20,5.38986E+21,1.34555E+16,4.85755E+16
79090,79091,9,1,77,131,2016,8,16,6,2,2,6,0,0,0,1,0,1,0,0,7.10041E+20,5.34759E+21,1.18294E+16,4.82467E+16
79091,79092,9,1,73,113,2016,8,23,3,3,8,1,2,1,0,1,0,0,0,0,6.80437E+20,5.28559E+21,1.1405E+16,4.76984E+16
79092,79093,9,7,78,209,2016,8,12,3,2,3,2,0,0,0,1,0,0,0,1,6.17308E+20,5.32699E+21,1.05752E+16,4.80854E+16
79093,79094,9,5,74,123,2016,8,11,6,3,2,6,0,0,0,1,0,0,0,0,6.61802E+20,5.47943E+21,1.12322E+16,4.9446E+16
79094,79095,9,1,89,119,2016,8,15,4,3,2,6,0,0,0,1,0,0,0,0,7.6725E+20,5.30658E+21,1.2573E+16,4.78569E+16
79095,79096,9,1,90,111,2016,8,18,2,3,0,6,0,0,0,1,0,1,0,0,6.39112E+20,5.29703E+21,1.08582E+16,4.78116E+16
79096,79097,9,4,74,176,2016,8,14,5,2,8,1,0,0,0,1,0,1,0,0,6.60954E+20,5.52005E+21,1.12372E+16,4.98113E+16
79097,79098,9,1,62,0,2016,8,18,2,3,3,6,0,0,0,1,0,1,0,0,6.84774E+20,5.32907E+21,1.14813E+16,4.80881E+16
79098,79099,9,1,89,115,2016,8,12,4,2,8,1,0,0,0,0,0,1,0,0,7.63694E+20,5.33476E+21,1.25429E+16,4.81114E+16
79099,79100,9,1,89,145,2016,8,13,5,3,4,6,0,0,0,1,0,0,0,0,7.73799E+20,5.3027E+21,1.26579E+16,4.78193E+16
79100,79101,9,7,80,124,2016,8,13,4,2,2,6,0,0,0,1,0,1,0,0,5.88974E+20,5.26908E+21,1.01829E+16,4.75691E+16
79101,79102,9,5,71,193,2016,8,1,2,3,0,7,2,0,0,0,1,0,1,0,5.83592E+20,5.47122E+21,1.01518E+16,4.93879E+16
79102,79103,9,4,77,159,2016,8,12,3,3,5,3,0,0,0,1,0,0,0,0,6.80362E+20,5.55599E+21,1.15235E+16,5.01287E+16
79103,79104,9,1,73,147,2016,8,17,6,1,5,3,0,0,0,1,0,1,0,0,6.82353E+20,5.30784E+21,1.14398E+16,4.7898E+16
79104,79105,9,7,80,140,2016,8,7,5,3,2,2,0,0,0,1,0,0,0,0,5.99679E+20,5.28224E+21,1.03282E+16,4.76859E+16
79105,79106,9,6,74,187,2016,8,18,5,3,4,6,0,0,0,1,0,0,0,0,6.11901E+20,5.5289E+21,1.05583E+16,4.9902E+16
79106,79107,9,1,73,133,2016,8,18,3,3,8,1,0,0,0,0,0,1,0,0,6.76953E+20,5.27817E+21,1.13556E+16,4.76328E+16
79107,79108,9,7,77,167,2016,8,10,3,2,5,3,0,0,1,1,0,0,0,0,6.19147E+20,5.29741E+21,1.05917E+16,4.7819E+16
79108,79109,9,5,71,190,2016,8,11,6,3,2,6,0,0,0,1,0,0,1,0,6.26951E+20,5.46202E+21,1.07461E+16,4.92978E+16
79109,79110,9,1,89,140,2016,8,10,4,3,5,2,0,0,1,1,0,0,0,0,7.73994E+20,5.29525E+21,1.26558E+16,4.77523E+16
79110,79111,9,4,61,0,2016,8,11,6,3,4,6,0,0,0,1,0,0,0,0,6.38463E+20,5.53161E+21,1.09289E+16,4.99208E+16
79111,79112,9,3,72,113,2016,8,21,5,3,2,1,2,0,0,1,0,0,0,0,7.88719E+20,5.45731E+21,1.29637E+16,4.92005E+16
79112,79113,9,5,71,193,2016,8,12,4,3,2,6,0,0,0,1,0,0,0,0,5.85886E+20,5.47048E+21,1.01833E+16,4.9381E+16
79113,79114,9,1,62,0,2016,8,13,2,3,5,3,0,0,0,1,0,0,0,0,6.94916E+20,5.33492E+21,1.162E+16,4.81376E+16
79114,79115,9,7,72,130,2016,8,18,3,3,4,3,0,0,1,1,0,0,0,0,6.31588E+20,5.35922E+21,1.07769E+16,4.83724E+16
79115,79116,9,7,61,0,2016,8,17,3,3,5,3,0,0,1,1,0,0,0,0,6.4233E+20,5.35917E+21,1.09218E+16,4.83697E+16
79116,79117,9,5,63,0,2016,8,23,6,3,0,7,2,0,1,0,0,0,0,0,6.44734E+20,5.48298E+21,1.09982E+16,4.94822E+16
79117,79118,9,1,80,134,2016,8,15,2,2,8,6,0,0,1,0,0,0,0,0,6.62671E+20,5.28647E+21,1.11687E+16,4.77111E+16
79118,79119,9,3,75,180,2016,8,13,5,1,0,6,0,0,0,1,0,0,1,0,7.26681E+20,5.42465E+21,1.20952E+16,4.89332E+16
79119,79120,9,5,63,0,2016,8,16,4,3,4,2,0,0,1,1,0,0,0,0,6.44671E+20,5.48314E+21,1.09974E+16,4.94837E+16
79120,79121,9,7,78,209,2016,8,1,2,3,2,6,2,0,0,1,0,0,0,0,6.18615E+20,5.32298E+21,1.05916E+16,4.8049E+16
79121,79122,9,1,87,177,2016,8,13,5,3,2,6,0,0,0,1,0,1,0,1,7.37588E+20,5.3052E+21,1.21764E+16,4.78562E+16
79122,79123,9,5,75,121,2016,8,8,2,2,9,1,0,0,0,0,0,1,0,0,6.30363E+20,5.49186E+21,1.08029E+16,4.95653E+16
79123,79124,9,4,72,119,2016,8,7,3,3,1,6,0,0,0,1,0,0,0,0,6.87403E+20,5.54089E+21,1.16146E+16,4.99909E+16
79124,79125,9,1,73,141,2016,8,15,6,3,5,7,0,0,0,1,0,0,0,1,6.9548E+20,5.29752E+21,1.16106E+16,4.78013E+16
79125,79126,9,7,77,130,2016,8,21,5,2,4,1,2,1,0,1,0,0,0,0,6.24263E+20,5.31076E+21,1.06639E+16,4.79381E+16
79126,79127,9,6,61,0,2016,8,23,5,3,8,1,2,0,0,1,0,0,0,0,5.09678E+20,5.53523E+21,9.13495E+15,4.99693E+16
79127,79128,9,1,83,127,2016,8,14,3,3,8,1,0,0,0,1,0,0,0,0,7.55238E+20,5.34995E+21,1.24386E+16,4.82513E+16
79128,79129,9,7,78,116,2016,8,16,2,3,4,6,0,0,0,1,0,1,0,0,6.20606E+20,5.31342E+21,1.06157E+16,4.79628E+16
79129,79130,9,7,61,0,2016,8,14,3,3,0,7,0,0,1,0,0,0,0,0,6.4152E+20,5.35359E+21,1.0909E+16,4.83196E+16
79130,79131,9,4,75,156,2016,8,18,6,3,4,1,0,0,1,0,0,0,0,0,6.91887E+20,5.58152E+21,1.16976E+16,5.03544E+16
79131,79132,9,1,89,155,2016,8,17,4,3,5,3,0,0,0,1,0,0,0,0,7.72262E+20,5.30797E+21,1.26408E+16,4.78673E+16
79132,79133,9,5,61,0,2016,8,11,2,3,3,6,0,0,0,1,0,1,0,0,6.15254E+20,5.4625E+21,1.05855E+16,4.93043E+16
79133,79134,9,4,73,175,2016,8,11,4,3,2,6,0,0,0,1,0,1,1,0,6.34442E+20,5.56608E+21,1.08851E+16,5.02316E+16
79134,79135,9,7,63,0,2016,8,10,2,3,3,2,0,0,0,1,0,1,0,0,5.99995E+20,5.2865E+21,1.03334E+16,4.77241E+16
79135,79136,9,6,61,0,2016,8,12,4,3,5,3,0,0,1,1,0,0,0,0,5.11868E+20,5.53513E+21,9.16549E+15,4.99684E+16
79136,79137,9,1,78,130,2016,8,22,5,2,6,1,2,0,0,1,1,0,0,0,7.03065E+20,5.35431E+21,1.17387E+16,4.83093E+16
79137,79138,9,3,71,135,2016,8,16,6,2,5,3,0,0,0,1,0,1,0,0,6.91893E+20,5.49522E+21,1.16546E+16,4.95791E+16
79138,79139,9,4,79,169,2016,8,17,2,2,2,2,0,0,0,1,0,0,1,0,7.19714E+20,5.5479E+21,1.20687E+16,5.00428E+16
79139,79140,9,4,74,123,2016,8,17,3,3,2,2,0,0,1,1,0,0,0,0,6.46174E+20,5.5151E+21,1.10301E+16,4.97706E+16
79140,79141,9,1,61,0,2016,8,9,6,3,2,6,0,0,0,1,0,1,0,0,6.79411E+20,5.40075E+21,1.144E+16,4.87339E+16
79141,79142,9,1,76,120,2016,8,17,5,2,5,3,0,0,1,1,0,0,0,0,6.79814E+20,5.42233E+21,1.1455E+16,4.89278E+16
79142,79143,9,3,62,0,2016,8,12,6,3,0,1,0,0,0,1,0,0,0,0,7.24097E+20,5.43209E+21,1.20641E+16,4.9001E+16
79143,79144,9,4,73,159,2016,8,10,2,2,5,3,0,0,0,0,0,1,0,0,6.44462E+20,5.57424E+21,1.10286E+16,5.03025E+16
79144,79145,9,4,74,123,2016,8,17,3,2,4,2,0,0,0,1,0,0,0,0,6.45797E+20,5.51625E+21,1.10253E+16,4.9781E+16
79145,79146,9,1,72,114,2016,8,23,6,2,0,1,2,0,1,0,0,0,0,0,7.90443E+20,5.29266E+21,1.28731E+16,4.77219E+16
79146,79147,9,1,71,112,2016,8,17,6,2,0,7,0,0,0,1,0,1,0,0,7.84775E+20,5.34241E+21,1.28306E+16,4.81711E+16
79147,79148,9,1,89,111,2016,8,15,3,3,7,7,0,0,0,0,0,1,0,0,7.63429E+20,5.32022E+21,1.25304E+16,4.7981E+16
79148,79149,9,7,73,153,2016,8,11,6,3,5,3,0,0,0,1,0,1,0,0,5.96585E+20,5.38175E+21,1.03096E+16,4.85814E+16
79149,79150,9,6,79,205,2016,8,18,5,3,2,6,0,0,0,1,0,0,0,1,5.55045E+20,5.51619E+21,9.76483E+15,4.97956E+16
79150,79151,9,5,74,147,2016,8,18,5,3,4,2,0,0,0,1,0,0,0,0,6.81908E+20,5.4864E+21,1.15126E+16,4.95029E+16
79151,79152,9,1,89,140,2016,8,9,3,3,0,1,0,0,0,1,0,1,0,0,7.74308E+20,5.29229E+21,1.26582E+16,4.77256E+16
79152,79153,9,7,80,120,2016,8,16,2,3,0,7,0,0,1,0,0,0,0,0,6.06213E+20,5.2825E+21,1.04153E+16,4.76871E+16
79153,79154,9,4,63,0,2016,8,7,6,3,2,6,0,0,0,1,0,0,0,0,6.39413E+20,5.5698E+21,1.09561E+16,5.02639E+16
79154,79155,9,1,89,155,2016,8,20,4,2,2,2,0,0,1,0,0,0,0,0,7.73E+20,5.30837E+21,1.26509E+16,4.78706E+16
79155,79156,9,2,76,117,2016,8,17,5,3,6,4,0,0,0,1,1,0,0,0,7.97303E+20,5.44409E+21,1.30715E+16,4.90778E+16
79156,79157,9,4,73,151,2016,8,22,2,2,5,3,2,0,0,1,0,0,0,0,6.48443E+20,5.57546E+21,1.10849E+16,5.03126E+16
79157,79158,9,4,71,145,2016,8,8,3,3,1,6,0,0,0,1,0,0,0,0,6.41913E+20,5.51917E+21,1.09724E+16,4.98082E+16
79158,79159,9,4,71,185,2016,8,13,4,2,8,1,0,0,0,0,0,1,0,0,6.47111E+20,5.53688E+21,1.10513E+16,4.99661E+16
79159,79160,9,5,62,0,2016,8,18,4,3,1,6,0,0,0,1,0,0,0,0,6.45473E+20,5.49062E+21,1.10112E+16,4.95507E+16
79160,79161,9,1,62,0,2016,8,17,4,3,4,6,0,0,0,1,0,0,0,0,6.86187E+20,5.33522E+21,1.1503E+16,4.8143E+16
79161,79162,9,2,78,129,2016,8,16,6,3,4,2,0,0,0,1,0,1,0,0,7.73865E+20,5.4373E+21,1.27467E+16,4.90277E+16
79162,79163,9,1,84,131,2016,8,14,6,3,2,6,0,0,0,1,0,0,0,0,7.04715E+20,5.33703E+21,1.17526E+16,4.81535E+16
79163,79164,9,1,89,130,2016,8,12,3,3,5,3,0,0,0,1,0,0,1,0,7.69733E+20,5.31276E+21,1.261E+16,4.79114E+16
79164,79165,9,7,61,0,2016,8,17,3,3,3,6,0,0,0,1,0,1,0,0,6.40887E+20,5.36043E+21,1.09028E+16,4.83813E+16
79165,79166,9,6,61,0,2016,8,19,6,3,2,6,0,0,0,1,0,0,0,0,5.09566E+20,5.53482E+21,9.13338E+15,4.99657E+16
79166,79167,9,1,89,134,2016,8,23,4,2,8,1,2,0,0,0,0,1,0,0,7.74357E+20,5.32334E+21,1.26785E+16,4.80044E+16
79167,79168,9,1,83,127,2016,8,16,2,2,5,2,0,0,0,1,0,0,0,0,7.5512E+20,5.35E+21,1.2437E+16,4.82518E+16
79168,79169,9,4,73,159,2016,8,4,5,2,2,6,2,0,0,1,0,0,0,1,6.43491E+20,5.57201E+21,1.10141E+16,5.02828E+16
79169,79170,9,7,80,139,2016,8,0,2,3,4,2,2,0,0,1,0,0,0,0,5.9711E+20,5.26324E+21,1.02898E+16,4.75154E+16
79170,79171,9,1,89,150,2016,8,18,3,2,1,6,0,0,0,1,0,1,0,0,7.78373E+20,5.31912E+21,1.27295E+16,4.79648E+16
79171,79172,9,6,63,0,2016,8,7,6,3,2,6,0,0,0,1,0,0,0,0,5.66903E+20,5.51164E+21,9.9288E+15,4.97536E+16
79172,79173,9,5,63,0,2016,8,17,5,3,5,3,0,0,1,1,0,0,0,0,6.42308E+20,5.48301E+21,1.09648E+16,4.9483E+16
79173,79174,9,7,76,124,2016,8,17,2,3,8,1,0,0,1,0,0,0,0,0,5.71263E+20,5.27516E+21,9.94849E+15,4.76259E+16
79174,79175,9,1,72,122,2016,8,16,4,2,5,3,0,0,0,1,0,1,0,0,7.94501E+20,5.31393E+21,1.29415E+16,4.7911E+16
79175,79176,9,2,77,127,2016,8,8,5,3,2,6,0,0,0,1,0,0,0,0,7.8987E+20,5.35206E+21,1.29056E+16,4.82554E+16
79176,79177,9,4,78,165,2016,8,14,2,3,5,3,0,0,0,1,0,1,0,0,6.42352E+20,5.55104E+21,1.09903E+16,5.00946E+16
79177,79178,9,4,71,120,2016,8,6,3,3,1,5,0,0,0,1,0,0,0,1,6.25744E+20,5.52096E+21,1.07484E+16,4.98279E+16
79178,79179,9,3,73,155,2016,8,19,4,1,5,3,0,0,1,0,0,0,0,1,6.70655E+20,5.4624E+21,1.1347E+16,4.92905E+16
79179,79180,9,5,76,127,2016,8,8,4,3,3,7,0,0,0,0,0,0,1,1,6.65113E+20,5.44755E+21,1.12647E+16,4.91586E+16
79180,79181,9,2,75,151,2016,8,11,6,2,2,6,0,0,0,1,0,0,0,0,8.25075E+20,5.39624E+21,1.34128E+16,4.86346E+16
79181,79182,9,1,62,0,2016,8,22,5,3,3,2,2,0,0,1,0,0,0,0,6.94537E+20,5.33483E+21,1.16149E+16,4.81369E+16
79182,79183,9,6,63,0,2016,8,17,3,2,5,3,0,0,0,1,0,0,1,0,5.69129E+20,5.50791E+21,9.95903E+15,4.97197E+16
79183,79184,9,1,89,120,2016,8,21,3,3,8,1,2,0,1,0,0,0,0,0,7.59671E+20,5.29747E+21,1.24664E+16,4.77782E+16
79184,79185,9,6,77,155,2016,8,11,3,3,2,6,0,0,0,1,0,0,0,0,5.40337E+20,5.53882E+21,9.56284E+15,5.00003E+16
79185,79186,9,5,72,137,2016,8,19,6,2,9,1,0,0,0,0,0,1,0,0,6.55381E+20,5.49349E+21,1.11493E+16,4.9574E+16
79186,79187,9,1,87,118,2016,8,10,2,3,5,2,0,0,1,1,0,0,0,0,7.52539E+20,5.30084E+21,1.23734E+16,4.78113E+16
79187,79188,9,4,71,159,2016,8,18,5,2,5,3,0,0,0,1,0,0,0,0,6.38979E+20,5.53204E+21,1.09363E+16,4.99246E+16
79188,79189,9,5,72,142,2016,8,16,4,3,8,1,0,0,1,0,0,0,0,0,6.45107E+20,5.50027E+21,1.10097E+16,4.96375E+16
79189,79190,9,7,77,168,2016,8,11,2,3,9,1,0,1,0,1,0,0,0,0,6.15265E+20,5.27825E+21,1.05348E+16,4.76474E+16
79190,79191,9,1,72,117,2016,8,9,5,2,5,3,0,1,0,1,0,0,0,0,7.97283E+20,5.28547E+21,1.29592E+16,4.76543E+16
79191,79192,9,7,79,206,2016,8,18,4,3,9,1,0,0,0,1,0,0,0,0,6.41431E+20,5.41145E+21,1.09275E+16,4.88399E+16
79192,79193,9,4,72,127,2016,8,19,2,3,3,6,0,0,0,1,0,0,0,0,6.80845E+20,5.52521E+21,1.15158E+16,4.9852E+16
79193,79194,9,4,61,0,2016,8,15,3,3,5,2,0,0,0,1,0,0,0,0,6.34854E+20,5.53071E+21,1.08784E+16,4.99135E+16
79194,79195,9,1,80,113,2016,8,12,6,2,4,6,0,0,0,1,0,0,0,0,6.48569E+20,5.28568E+21,1.09805E+16,4.77074E+16
79195,79196,9,1,71,112,2016,8,14,4,3,0,1,0,0,0,0,0,1,0,0,7.83988E+20,5.34396E+21,1.2821E+16,4.81853E+16
79196,79197,9,1,83,127,2016,8,15,5,3,8,1,0,1,0,1,0,0,0,0,7.56009E+20,5.35112E+21,1.24497E+16,4.82615E+16
79197,79198,9,7,73,125,2016,8,22,4,3,8,1,2,0,0,1,0,0,0,0,6.07035E+20,5.38255E+21,1.04514E+16,4.85869E+16
79198,79199,9,4,72,199,2016,8,17,2,3,2,6,0,0,0,1,0,0,0,1,6.90515E+20,5.53254E+21,1.16538E+16,4.99148E+16
79199,79200,9,3,63,0,2016,8,15,3,3,1,6,0,0,0,1,0,0,0,1,7.27973E+20,5.5095E+21,1.21613E+16,4.96948E+16
79200,79201,9,2,78,167,2016,8,13,4,3,3,6,0,0,0,0,0,1,0,0,7.65235E+20,5.40664E+21,1.2609E+16,4.87562E+16
79201,79202,9,5,76,113,2016,8,8,4,3,2,6,0,0,0,1,0,0,1,0,6.61546E+20,5.45636E+21,1.12194E+16,4.92387E+16
79202,79203,9,2,79,137,2016,8,12,6,3,8,1,0,0,0,1,0,0,0,0,7.7959E+20,5.39881E+21,1.27986E+16,4.86797E+16
79203,79204,9,7,74,150,2016,8,0,5,2,8,1,2,0,0,1,0,0,0,0,6.01058E+20,5.34758E+21,1.0362E+16,4.82734E+16
79204,79205,9,6,77,127,2016,8,19,3,2,2,6,0,0,0,1,0,0,0,1,5.64506E+20,5.54209E+21,9.9006E+15,5.00276E+16
79205,79206,9,1,72,118,2016,8,18,3,3,2,6,0,0,0,1,0,0,0,0,7.97207E+20,5.30648E+21,1.29725E+16,4.78429E+16
79206,79207,9,6,74,163,2016,8,15,3,3,5,3,0,0,0,1,0,0,0,0,6.11622E+20,5.53773E+21,1.05569E+16,4.99814E+16
79207,79208,9,5,64,0,2016,8,13,6,3,5,3,0,0,1,1,0,0,0,0,6.50784E+20,5.47566E+21,1.10789E+16,4.94149E+16
79208,79209,9,1,72,116,2016,8,12,4,2,0,1,0,0,1,0,0,0,0,0,8.06526E+20,5.28457E+21,1.30813E+16,4.76418E+16
79209,79210,9,1,82,116,2016,8,6,2,2,8,3,0,0,0,1,0,1,0,0,7.037E+20,5.2925E+21,1.17179E+16,4.77537E+16
79210,79211,9,3,72,125,2016,8,19,5,3,3,2,0,0,0,1,0,1,0,0,7.54526E+20,5.44441E+21,1.24871E+16,4.90998E+16
79211,79212,9,5,64,0,2016,8,19,4,3,5,3,0,0,0,1,0,0,0,1,6.49336E+20,5.46857E+21,1.10563E+16,4.93515E+16
79212,79213,9,7,72,147,2016,8,19,2,3,3,6,0,0,0,1,0,1,0,0,6.38907E+20,5.36408E+21,1.08773E+16,4.84146E+16
79213,79214,9,1,82,124,2016,8,12,5,3,0,1,0,0,1,0,0,0,0,0,7.04977E+20,5.2862E+21,1.1732E+16,4.76966E+16
79214,79215,9,4,72,175,2016,8,22,2,3,9,2,2,0,0,1,0,0,0,1,6.87998E+20,5.51587E+21,1.16107E+16,4.97659E+16
79215,79216,9,3,74,132,2016,8,10,3,3,0,7,0,0,0,1,0,0,0,0,7.34072E+20,5.50009E+21,1.22401E+16,4.96079E+16
79216,79217,9,1,83,135,2016,8,13,6,3,8,7,0,0,1,0,0,0,0,0,7.43093E+20,5.34628E+21,1.22732E+16,4.82231E+16
79217,79218,9,7,72,162,2016,8,18,5,3,0,1,0,1,0,0,0,1,0,0,6.36089E+20,5.33558E+21,1.083E+16,4.81589E+16
79218,79219,9,5,72,143,2016,8,14,5,3,1,6,0,0,0,1,0,0,0,1,6.27427E+20,5.51251E+21,1.0769E+16,4.97516E+16
79219,79220,9,1,72,117,2016,8,1,3,1,8,1,2,0,0,1,0,0,0,0,7.9849E+20,5.28158E+21,1.29726E+16,4.76188E+16
79220,79221,9,7,72,209,2016,8,11,2,3,2,6,0,0,0,0,0,1,0,0,6.33801E+20,5.33713E+21,1.07998E+16,4.81733E+16
79221,79222,9,6,78,138,2016,8,14,3,1,2,6,0,0,0,1,0,1,0,0,5.94972E+20,5.53788E+21,1.03248E+16,4.99857E+16
79222,79223,9,4,73,151,2016,8,14,6,3,3,6,0,0,1,1,0,0,0,0,6.50352E+20,5.57742E+21,1.11125E+16,5.03297E+16
79223,79224,9,1,72,115,2016,8,9,4,2,0,1,0,0,1,0,0,0,0,0,7.92553E+20,5.29292E+21,1.29013E+16,4.77232E+16
79224,79225,9,7,76,130,2016,8,14,5,3,0,1,0,0,1,0,0,0,0,0,5.56094E+20,5.27376E+21,9.74644E+15,4.76148E+16
79225,79226,9,6,78,134,2016,8,13,5,3,5,2,0,0,0,0,0,1,1,0,5.9712E+20,5.52802E+21,1.03523E+16,4.98967E+16
79226,79227,9,1,72,124,2016,8,12,3,3,8,1,0,0,0,0,0,1,0,0,8.05171E+20,5.28799E+21,1.30657E+16,4.76732E+16
79227,79228,9,6,62,0,2016,8,8,3,3,0,7,0,0,1,0,0,0,0,0,5.86178E+20,5.54484E+21,1.02037E+16,5.00496E+16
79228,79229,9,5,71,180,2016,8,18,6,3,5,3,0,0,0,1,0,0,0,0,6.32113E+20,5.4606E+21,1.08166E+16,4.92838E+16
79229,79230,9,1,82,137,2016,8,2,4,3,9,1,2,0,0,1,0,0,0,1,7.12315E+20,5.3049E+21,1.18388E+16,4.78623E+16
79230,79231,9,1,76,166,2016,8,18,2,3,5,3,0,0,0,1,0,0,0,0,6.52751E+20,5.40929E+21,1.10809E+16,4.88178E+16
79231,79232,9,2,76,148,2016,8,17,5,2,0,7,0,0,1,0,0,0,0,1,8.08264E+20,5.4398E+21,1.3218E+16,4.90339E+16
79232,79233,9,4,75,175,2016,8,0,4,3,0,7,2,0,0,1,0,0,1,0,6.96332E+20,5.55905E+21,1.17483E+16,5.01511E+16
79233,79234,9,7,72,147,2016,8,17,2,3,8,7,0,0,0,0,0,1,0,0,6.38194E+20,5.36622E+21,1.08683E+16,4.84339E+16
79234,79235,9,1,81,114,2016,8,18,5,3,3,7,0,1,0,1,0,1,0,0,6.57071E+20,5.31256E+21,1.11035E+16,4.79471E+16
79235,79236,9,3,75,156,2016,8,19,6,3,2,6,0,0,0,1,0,1,0,0,7.14124E+20,5.45209E+21,1.19385E+16,4.91842E+16
79236,79237,9,4,72,143,2016,8,8,2,2,5,2,0,0,0,1,0,0,1,0,6.90299E+20,5.54086E+21,1.16549E+16,4.99897E+16
79237,79238,9,3,73,146,2016,8,15,3,3,4,2,0,0,0,1,0,0,0,0,6.78368E+20,5.4484E+21,1.14467E+16,4.91625E+16
79238,79239,9,1,87,129,2016,8,13,6,3,5,3,0,0,0,1,0,1,0,0,7.25105E+20,5.29637E+21,1.20051E+16,4.77814E+16
79239,79240,9,1,87,154,2016,8,12,3,3,5,3,0,0,0,1,0,0,0,1,7.36024E+20,5.29726E+21,1.21512E+16,4.77854E+16
79240,79241,9,7,72,111,2016,8,13,6,3,8,7,0,0,0,1,0,0,0,0,6.27239E+20,5.36495E+21,1.07199E+16,4.84249E+16
79241,79242,9,6,79,187,2016,8,15,5,3,5,3,0,0,0,1,0,1,0,0,5.73788E+20,5.50675E+21,1.00234E+16,4.97087E+16
79242,79243,9,5,63,0,2016,8,17,5,3,5,3,0,0,1,1,0,0,0,0,6.4349E+20,5.48066E+21,1.09802E+16,4.94617E+16
79243,79244,9,1,87,167,2016,8,12,3,3,2,6,0,0,0,1,0,0,0,0,7.39961E+20,5.30344E+21,1.22071E+16,4.78394E+16
79244,79245,9,6,79,154,2016,8,11,2,2,8,7,0,0,0,1,0,0,0,0,5.55745E+20,5.51335E+21,9.77415E+15,4.97701E+16
79245,79246,9,1,61,0,2016,8,17,4,3,0,3,0,0,1,1,0,0,0,0,6.78749E+20,5.40281E+21,1.14319E+16,4.87526E+16
79246,79247,9,2,71,127,2016,8,23,5,3,8,1,2,0,0,0,0,0,1,0,8.07767E+20,5.40298E+21,1.31835E+16,4.87038E+16
79247,79248,9,4,74,121,2016,8,17,2,2,5,3,0,0,0,1,0,0,0,0,6.56926E+20,5.5173E+21,1.11802E+16,4.97876E+16
79248,79249,9,3,71,151,2016,8,17,3,2,2,7,0,0,1,0,0,0,0,0,6.96213E+20,5.48739E+21,1.17104E+16,4.95073E+16
79249,79250,9,3,62,0,2016,8,13,4,3,2,6,0,0,0,1,0,0,0,0,7.28523E+20,5.43245E+21,1.21247E+16,4.90026E+16
79250,79251,9,5,76,113,2016,8,7,4,3,3,6,0,0,0,1,0,0,1,0,6.61031E+20,5.459E+21,1.12133E+16,4.92625E+16
79251,79252,9,2,77,113,2016,8,16,6,3,2,6,0,0,0,1,0,0,0,0,8.02798E+20,5.37245E+21,1.30939E+16,4.84323E+16
79252,79253,9,4,74,138,2016,8,11,2,2,4,1,0,0,0,1,0,1,0,0,6.67428E+20,5.50107E+21,1.1319E+16,4.96389E+16