FID,OBJECTID,ULAND,UREGBEZ,UKREIS,UGEMEINDE,UJAHR,UMONAT,USTUNDE,UWOCHENTAG,UKATEGORIE,UART,UTYP1,ULICHTVERH,IstStrasse,IstRad,IstPKW,IstFuss,IstKrad,IstGkfz,IstSonstig,LINREFX,LINREFY,XGCSWGS84,YGCSWGS84
79253,79254,9,4,74,135,2016,8,10,4,2,9,1,0,0,0,1,0,0,0,0,6.42566E+20,5.50791E+21,1.09773E+16,4.97068E+16
79254,79255,9,6,63,0,2016,8,3,2,3,5,3,2,0,0,1,0,0,0,0,5.68616E+20,5.51587E+21,9.95332E+15,4.97913E+16
79255,79256,9,5,65,0,2016,8,17,4,2,0,7,0,0,0,0,0,1,0,0,6.48101E+20,5.46547E+21,1.10381E+16,4.9324E+16
79256,79257,9,1,78,143,2016,8,13,5,3,5,3,0,0,0,0,1,0,1,0,7.16749E+20,5.3732E+21,1.19328E+16,4.84745E+16
79257,79258,9,2,78,192,2016,8,13,6,3,2,6,0,0,0,1,0,0,0,0,7.72379E+20,5.41565E+21,1.2712E+16,4.8834E+16
79258,79259,9,4,71,209,2016,8,17,2,2,4,1,0,0,0,0,0,1,0,0,6.52533E+20,5.54564E+21,1.11304E+16,5.00435E+16
79259,79260,9,3,76,163,2016,8,14,3,3,8,1,0,0,0,0,0,1,0,0,7.29196E+20,5.47422E+21,1.21577E+16,4.93775E+16
79260,79261,9,1,79,123,2016,8,5,6,2,5,3,1,0,0,0,0,0,0,1,6.76729E+20,5.33375E+21,1.13753E+16,4.81324E+16
79261,79262,9,1,82,120,2016,8,4,3,3,9,1,2,0,0,0,0,1,0,0,7.02855E+20,5.3081E+21,1.1714E+16,4.78941E+16
79262,79263,9,6,75,174,2016,8,18,6,3,0,7,0,0,1,0,0,0,0,0,5.87791E+20,5.52475E+21,1.02217E+16,4.98687E+16
79263,79264,9,5,71,175,2016,8,10,5,2,2,6,0,0,0,1,0,0,0,0,6.22048E+20,5.46013E+21,1.06782E+16,4.92817E+16
79264,79265,9,6,77,157,2016,8,11,2,3,8,1,0,0,1,0,0,0,0,0,5.43145E+20,5.52231E+21,9.60018E+15,4.98516E+16
79265,79266,9,1,85,113,2016,8,10,4,2,2,6,0,0,0,0,0,1,0,0,6.69867E+20,5.37402E+21,1.12994E+16,4.84963E+16
79266,79267,9,2,73,164,2016,8,12,5,3,0,7,0,0,1,0,0,0,0,0,7.0218E+20,5.42463E+21,1.17611E+16,4.89416E+16
79267,79268,9,3,62,0,2016,8,12,2,2,4,6,0,0,0,1,0,0,0,0,7.27604E+20,5.43482E+21,1.21135E+16,4.90242E+16
79268,79269,9,3,71,136,2016,8,12,3,2,4,6,0,0,0,1,0,0,1,0,7.10959E+20,5.47918E+21,1.19095E+16,4.94287E+16
79269,79270,9,2,71,119,2016,8,9,4,3,2,6,0,0,0,1,0,0,0,0,7.88952E+20,5.41487E+21,1.29367E+16,4.88195E+16
79270,79271,9,5,65,0,2016,8,16,4,3,2,6,0,0,0,1,0,0,0,0,6.47797E+20,5.4656E+21,1.1034E+16,4.93252E+16
79271,79272,9,2,74,112,2016,8,17,6,3,8,7,0,0,1,0,0,0,0,0,7.56902E+20,5.38198E+21,1.24805E+16,4.85382E+16
79272,79273,9,1,62,0,2016,8,13,5,3,0,6,0,1,0,1,0,1,0,0,6.92187E+20,5.33932E+21,1.15854E+16,4.8178E+16
79273,79274,9,6,72,166,2016,8,8,3,3,5,3,0,0,0,1,0,0,0,0,5.47888E+20,5.56798E+21,9.67186E+15,5.02621E+16
79274,79275,9,6,71,156,2016,8,9,3,3,2,6,0,0,0,1,0,0,0,0,5.24683E+20,5.53203E+21,9.34398E+15,4.99401E+16
79275,79276,9,5,74,128,2016,8,15,6,2,0,6,0,0,0,1,0,1,0,0,6.78495E+20,5.4861E+21,1.14653E+16,4.95012E+16
79276,79277,9,1,76,137,2016,8,15,2,2,2,6,0,0,1,1,0,0,0,0,6.79016E+20,5.43282E+21,1.14487E+16,4.90223E+16
79277,79278,9,1,75,133,2016,8,16,6,2,5,3,0,0,0,1,0,0,0,0,7.08585E+20,5.34147E+21,1.18068E+16,4.81922E+16
79278,79279,9,1,87,129,2016,8,17,3,3,4,2,0,0,0,1,0,0,0,0,7.25643E+20,5.3006E+21,1.20145E+16,4.78192E+16
79279,79280,9,6,76,131,2016,8,21,3,3,0,7,2,0,0,0,0,1,0,0,5.10485E+20,5.49567E+21,9.14515E+15,4.96135E+16
79280,79281,9,5,74,156,2016,8,16,6,3,2,6,0,0,0,1,0,0,0,0,6.58163E+20,5.48222E+21,1.11832E+16,4.9472E+16
79281,79282,9,1,86,143,2016,8,17,4,3,2,7,0,0,0,1,0,1,0,0,6.85374E+20,5.37741E+21,1.15106E+16,4.85224E+16
79282,79283,9,1,88,141,2016,8,1,2,2,9,1,2,0,0,1,0,0,0,0,6.69698E+20,5.30606E+21,1.12699E+16,4.78854E+16
79283,79284,9,4,73,120,2016,8,17,5,2,5,3,0,0,0,1,0,0,0,0,6.41953E+20,5.57163E+21,1.09924E+16,5.02797E+16
79284,79285,9,6,77,154,2016,8,14,2,3,1,6,0,0,0,1,0,0,0,0,5.4474E+20,5.51675E+21,9.62172E+15,4.98015E+16
79285,79286,9,1,85,149,2016,8,21,4,3,0,3,2,0,0,1,0,0,0,0,6.60838E+20,5.40337E+21,1.11886E+16,4.87626E+16
79286,79287,9,1,89,145,2016,8,17,5,3,2,2,0,0,0,1,0,0,0,0,7.72795E+20,5.30056E+21,1.26432E+16,4.78006E+16
79287,79288,9,7,72,200,2016,8,13,4,3,8,1,0,0,0,1,0,0,0,0,6.27347E+20,5.33978E+21,1.07138E+16,4.81984E+16
79288,79289,9,3,73,113,2016,8,19,2,3,8,1,0,0,0,1,0,0,0,0,6.77404E+20,5.47049E+21,1.14433E+16,4.93612E+16
79289,79290,9,2,78,190,2016,8,7,3,3,8,1,0,0,0,1,0,0,0,0,7.61521E+20,5.42752E+21,1.25719E+16,4.89452E+16
79290,79291,9,2,77,149,2016,8,20,4,2,8,1,0,0,0,0,0,1,0,0,7.94882E+20,5.36721E+21,1.29835E+16,4.8389E+16
79291,79292,9,5,72,143,2016,8,18,4,3,8,1,0,0,0,0,0,1,0,0,6.27365E+20,5.51265E+21,1.07682E+16,4.97528E+16
79292,79293,9,1,73,120,2016,8,9,6,3,0,1,0,1,0,1,0,1,1,0,6.8766E+20,5.30957E+21,1.15115E+16,4.7912E+16
79293,79294,9,7,74,178,2016,8,11,5,3,1,7,0,0,1,0,0,0,1,0,6.0861E+20,5.36511E+21,1.04682E+16,4.84298E+16
79294,79295,9,6,77,142,2016,8,7,5,3,2,6,0,0,0,1,0,1,0,0,5.58023E+20,5.53138E+21,9.80848E+15,4.9932E+16
79295,79296,9,1,87,179,2016,8,20,3,3,9,1,0,0,0,0,0,1,0,0,7.22811E+20,5.31317E+21,1.19832E+16,4.79331E+16
79296,79297,9,5,76,127,2016,8,23,3,3,2,6,2,0,0,1,0,0,0,0,6.64815E+20,5.44925E+21,1.12613E+16,4.91739E+16
79297,79298,9,5,71,136,2016,8,14,6,2,2,6,0,0,0,1,0,0,0,0,5.89329E+20,5.44011E+21,1.02239E+16,4.91073E+16
79298,79299,9,1,88,139,2016,8,20,4,3,0,3,1,0,0,1,0,0,0,0,6.69697E+20,5.31901E+21,1.1275E+16,4.80019E+16
79299,79300,9,1,88,126,2016,8,11,2,3,2,7,0,0,0,1,0,1,0,0,6.60161E+20,5.32839E+21,1.11508E+16,4.80886E+16
79300,79301,9,4,72,118,2016,8,18,6,3,2,6,0,0,1,1,0,0,0,0,6.7644E+20,5.51007E+21,1.14477E+16,4.97172E+16
79301,79302,9,3,73,159,2016,8,16,5,3,0,3,0,0,1,1,0,0,0,0,6.75835E+20,5.45433E+21,1.14146E+16,4.92165E+16
79302,79303,9,5,77,173,2016,8,17,4,3,8,1,0,0,0,0,0,1,0,0,6.39576E+20,5.42418E+21,1.09066E+16,4.89548E+16
79303,79304,9,6,77,116,2016,8,12,2,3,8,1,0,0,0,0,0,1,0,0,5.3798E+20,5.55964E+21,9.53203E+15,5.01878E+16
79304,79305,9,1,61,0,2016,8,17,5,3,1,2,0,0,0,1,0,0,0,0,6.80818E+20,5.40177E+21,1.14596E+16,4.87427E+16
79305,79306,9,3,77,157,2016,8,12,6,3,9,1,0,0,0,1,0,0,0,0,7.21757E+20,5.53416E+21,1.20893E+16,4.99186E+16
79306,79307,9,3,73,147,2016,8,14,2,3,9,1,0,0,0,1,0,0,0,0,6.78887E+20,5.45917E+21,1.14586E+16,4.92591E+16
79307,79308,9,2,76,115,2016,8,15,3,3,0,7,0,0,0,1,1,0,0,0,8.03562E+20,5.44681E+21,1.31591E+16,4.90992E+16
79308,79309,9,3,62,0,2016,8,17,5,3,2,6,0,0,0,1,0,1,0,0,7.27497E+20,5.43395E+21,1.21116E+16,4.90165E+16
79309,79310,9,5,74,147,2016,8,11,4,3,5,3,0,0,0,1,0,1,0,0,6.79777E+20,5.48904E+21,1.14844E+16,4.95273E+16
79310,79311,9,6,75,174,2016,8,19,2,3,0,7,0,0,1,0,0,0,0,0,5.867E+20,5.52539E+21,1.02066E+16,4.98747E+16
79311,79312,9,1,63,0,2016,8,20,5,3,0,1,0,0,1,0,0,0,0,0,7.33813E+20,5.30397E+21,1.21253E+16,4.78465E+16
79312,79313,9,2,76,111,2016,8,14,2,3,8,1,0,0,0,1,0,1,0,0,7.86868E+20,5.42802E+21,1.29176E+16,4.89385E+16
79313,79314,9,2,78,148,2016,8,14,3,3,3,1,0,0,1,0,0,0,1,0,7.38853E+20,5.40232E+21,1.22482E+16,4.87281E+16
79314,79315,9,1,80,117,2016,8,14,6,3,0,6,0,0,0,1,0,0,0,1,6.5657E+20,5.2618E+21,1.10786E+16,4.74908E+16
79315,79316,9,7,62,0,2016,8,18,5,3,1,6,0,1,0,1,0,0,0,0,6.2276E+20,5.30641E+21,1.06425E+16,4.78993E+16
79316,79317,9,6,78,193,2016,8,14,5,3,5,2,0,0,0,1,0,0,0,1,5.7594E+20,5.53578E+21,1.0059E+16,4.99695E+16
79317,79318,9,1,61,0,2016,8,17,3,3,5,3,0,0,1,1,0,0,0,0,6.77087E+20,5.40449E+21,1.14101E+16,4.87682E+16
79318,79319,9,6,74,133,2016,8,16,2,2,5,3,0,0,0,1,0,0,0,0,6.16126E+20,5.53834E+21,1.06199E+16,4.9986E+16
79319,79320,9,5,76,151,2016,8,7,3,3,2,6,0,0,0,1,0,0,0,0,6.59888E+20,5.47032E+21,1.12022E+16,4.93646E+16
79320,79321,9,4,75,169,2016,8,16,6,3,8,1,0,0,0,1,0,0,0,0,6.84776E+20,5.57107E+21,1.15926E+16,5.02628E+16
79321,79322,9,1,88,141,2016,8,12,4,2,2,6,0,0,0,1,0,0,0,0,6.70288E+20,5.30848E+21,1.12788E+16,4.7907E+16
79322,79323,9,4,76,178,2016,8,10,4,3,4,6,0,0,0,1,0,1,0,0,6.62766E+20,5.57822E+21,1.12871E+16,5.03336E+16
79323,79324,9,6,73,173,2016,8,11,2,3,4,2,0,0,0,1,0,1,0,0,6.00129E+20,5.56865E+21,1.04048E+16,5.02615E+16
79324,79325,9,1,75,135,2016,8,20,5,3,2,5,1,1,0,1,0,0,0,1,7.09609E+20,5.339E+21,1.18193E+16,4.81696E+16
79325,79326,9,3,71,119,2016,8,20,6,3,5,3,0,0,0,1,0,0,0,0,6.95171E+20,5.49797E+21,1.17013E+16,4.96027E+16
79326,79327,9,2,78,146,2016,8,18,2,3,5,3,0,0,0,1,0,0,0,1,7.5247E+20,5.40719E+21,1.2436E+16,4.87664E+16
79327,79328,9,2,71,146,2016,8,17,3,3,5,3,0,0,1,1,0,0,0,0,7.8425E+20,5.41036E+21,1.28697E+16,4.87812E+16
79328,79329,9,1,85,125,2016,8,20,6,3,8,1,2,0,0,1,0,0,0,0,6.47156E+20,5.39708E+21,1.10003E+16,4.87093E+16
79329,79330,9,1,86,147,2016,8,13,3,3,2,6,0,0,0,1,0,0,0,0,6.8536E+20,5.39109E+21,1.15165E+16,4.86453E+16
79330,79331,9,7,72,171,2016,8,7,6,3,8,6,0,0,0,1,0,0,0,0,6.38916E+20,5.3699E+21,1.08793E+16,4.84669E+16
79331,79332,9,5,64,0,2016,8,14,5,3,0,1,0,0,1,0,0,0,0,0,6.44571E+20,5.47799E+21,1.09941E+16,4.94374E+16
79332,79333,9,1,89,141,2016,8,15,6,3,4,1,0,0,0,0,0,1,0,0,7.54351E+20,5.28804E+21,1.239E+16,4.76956E+16
79333,79334,9,1,76,167,2016,8,18,3,3,5,3,0,0,1,0,0,0,0,1,6.77229E+20,5.41068E+21,1.14147E+16,4.88238E+16
79334,79335,9,7,61,0,2016,8,18,5,3,5,3,0,0,1,1,0,0,0,0,6.40838E+20,5.36048E+21,1.09021E+16,4.83818E+16
79335,79336,9,5,76,128,2016,8,15,5,2,2,2,0,0,0,1,0,0,0,0,6.41856E+20,5.46129E+21,1.09508E+16,4.92879E+16
79336,79337,9,1,86,152,2016,8,12,3,3,2,6,0,0,0,1,0,0,0,0,6.91173E+20,5.38092E+21,1.15907E+16,4.85522E+16
79337,79338,9,6,78,190,2016,8,10,2,3,5,3,0,0,0,1,0,1,0,0,5.82773E+20,5.53537E+21,1.01541E+16,4.9965E+16
79338,79339,9,4,76,145,2016,8,13,6,2,2,6,0,0,0,1,0,0,1,0,6.6351E+20,5.56461E+21,1.12917E+16,5.02111E+16
79339,79340,9,1,88,124,2016,8,15,4,3,0,7,0,0,1,0,0,0,0,0,6.60408E+20,5.31893E+21,1.11506E+16,4.80036E+16
79340,79341,9,2,63,0,2016,8,17,5,3,5,3,0,0,1,1,0,0,0,0,7.60872E+20,5.42027E+21,1.25584E+16,4.88804E+16
79341,79342,9,2,75,160,2016,8,15,2,3,9,1,0,0,0,0,0,1,0,0,8.25126E+20,5.40735E+21,1.34222E+16,4.87342E+16
79342,79343,9,2,71,141,2016,8,16,3,2,2,6,0,0,1,1,0,0,0,0,7.96502E+20,5.40368E+21,1.30313E+16,4.87156E+16
79343,79344,9,4,74,133,2016,8,16,4,3,2,1,0,0,0,1,0,0,0,0,6.40682E+20,5.51099E+21,1.09523E+16,4.97349E+16
79344,79345,9,5,62,0,2016,8,16,4,3,2,6,0,0,0,1,0,0,0,0,6.42242E+20,5.49307E+21,1.09675E+16,4.95735E+16
79345,79346,9,1,62,0,2016,8,16,4,3,2,6,0,0,0,1,0,0,0,0,6.87711E+20,5.33159E+21,1.15218E+16,4.81099E+16
79346,79347,9,2,71,113,2016,8,14,6,3,3,6,0,0,0,1,0,0,1,0,8.00253E+20,5.41302E+21,1.3089E+16,4.87976E+16
79347,79348,9,1,74,135,2016,8,3,6,3,8,1,2,0,0,1,0,0,0,0,6.62128E+20,5.35262E+21,1.11865E+16,4.8306E+16
79348,79349,9,5,74,123,2016,8,7,3,3,2,6,0,0,0,1,0,0,1,1,6.59431E+20,5.4737E+21,1.11972E+16,4.93951E+16
79349,79350,9,1,61,0,2016,8,16,3,2,4,2,0,0,0,1,0,1,0,0,6.72699E+20,5.40321E+21,1.13498E+16,4.8758E+16
79350,79351,9,5,72,135,2016,8,5,3,3,7,7,1,0,0,1,0,0,0,0,6.33688E+20,5.51194E+21,1.08557E+16,4.9745E+16
79351,79352,9,6,76,112,2016,8,15,6,2,2,2,0,0,0,1,0,0,0,0,5.16791E+20,5.49887E+21,9.23257E+15,4.96422E+16
79352,79353,9,1,79,136,2016,8,20,2,3,0,1,1,0,1,0,0,0,0,0,6.60292E+20,5.34145E+21,1.11575E+16,4.8206E+16
79353,79354,9,4,79,112,2016,8,15,5,2,2,6,0,0,0,1,0,0,0,0,7.28278E+20,5.55174E+21,1.21905E+16,5.0074E+16
79354,79355,9,1,73,115,2016,8,18,5,2,5,2,0,1,0,1,0,0,0,0,6.81028E+20,5.28998E+21,1.14147E+16,4.77378E+16
79355,79356,9,2,63,0,2016,8,16,4,2,5,3,0,0,0,1,0,1,0,0,7.62063E+20,5.41884E+21,1.25737E+16,4.88671E+16
79356,79357,9,7,76,126,2016,8,9,7,3,2,2,0,0,0,1,0,1,0,0,5.57739E+20,5.27122E+21,9.76799E+15,4.75919E+16
79357,79358,9,7,72,111,2016,8,6,2,3,3,6,0,0,0,1,0,0,1,0,6.26669E+20,5.36413E+21,1.0712E+16,4.84176E+16
79358,79359,9,6,79,126,2016,8,16,3,3,0,7,0,0,0,0,0,0,0,1,5.60967E+20,5.51235E+21,9.8465E+15,4.97605E+16
79359,79360,9,3,73,121,2016,8,3,7,2,8,1,2,0,0,1,0,0,0,0,6.86806E+20,5.43239E+21,1.15549E+16,4.90161E+16
79360,79361,9,1,63,0,2016,8,12,2,3,5,2,0,0,1,1,0,0,0,0,7.33627E+20,5.30342E+21,1.21225E+16,4.78416E+16
79361,79362,9,2,77,128,2016,8,16,3,3,5,3,0,0,1,0,0,0,1,0,7.93789E+20,5.35002E+21,1.29568E+16,4.82353E+16
79362,79363,9,3,74,147,2016,8,12,3,2,8,1,0,0,0,1,0,0,0,0,7.46331E+20,5.50353E+21,1.24117E+16,4.9634E+16
79363,79364,9,1,73,145,2016,8,14,1,3,0,1,0,1,1,0,0,0,0,0,6.90194E+20,5.29532E+21,1.15391E+16,4.77831E+16
79364,79365,9,2,75,146,2016,8,8,5,3,2,6,0,0,0,1,0,1,0,0,8.3009E+20,5.39353E+21,1.34785E+16,4.86077E+16
79365,79366,9,1,84,148,2016,8,16,4,3,6,4,0,0,0,1,1,0,0,0,6.95551E+20,5.3263E+21,1.16246E+16,4.806E+16
79366,79367,9,6,79,128,2016,8,8,1,3,8,1,0,0,0,1,0,0,0,0,5.60026E+20,5.5251E+21,9.83542E+15,4.98753E+16
79367,79368,9,4,71,120,2016,8,15,2,3,9,1,0,0,0,1,0,0,0,0,6.26841E+20,5.52116E+21,1.07637E+16,4.98295E+16
79368,79369,9,4,63,0,2016,8,8,4,3,2,6,0,0,0,1,0,0,0,0,6.40938E+20,5.56636E+21,1.09762E+16,5.02326E+16
79369,79370,9,6,75,139,2016,8,13,2,3,8,7,0,0,0,0,0,1,0,0,5.97079E+20,5.50848E+21,1.03468E+16,4.9721E+16
79370,79371,9,1,78,145,2016,8,21,7,2,4,1,2,0,0,1,0,0,0,0,6.99728E+20,5.35643E+21,1.16948E+16,4.83295E+16
79371,79372,9,1,74,115,2016,8,10,4,3,5,2,0,0,1,1,0,0,0,0,6.81394E+20,5.34694E+21,1.14436E+16,4.82497E+16
79372,79373,9,7,62,0,2016,8,4,7,2,9,1,2,0,0,1,0,0,0,0,6.22838E+20,5.30602E+21,1.06434E+16,4.78957E+16
79373,79374,9,5,62,0,2016,8,17,3,3,2,6,0,0,0,1,0,0,0,0,6.42353E+20,5.49318E+21,1.0969E+16,4.95745E+16
79374,79375,9,4,72,115,2016,8,14,3,3,5,3,0,0,0,1,0,1,0,0,6.59737E+20,5.52925E+21,1.12241E+16,4.98943E+16
79375,79376,9,3,73,121,2016,8,14,7,2,5,3,0,0,0,1,0,0,0,0,6.88122E+20,5.43417E+21,1.15737E+16,4.90317E+16
79376,79377,9,1,87,125,2016,8,18,2,3,4,2,0,0,0,1,0,1,0,0,7.52557E+20,5.3132E+21,1.23808E+16,4.79223E+16
79377,79378,9,1,87,181,2016,8,11,1,2,5,3,0,0,0,1,0,0,0,0,7.39246E+20,5.31613E+21,1.22045E+16,4.79537E+16
79378,79379,9,1,72,112,2016,8,13,5,3,0,1,0,0,0,1,0,0,0,0,7.88812E+20,5.30111E+21,1.2857E+16,4.77985E+16
79379,79380,9,7,77,129,2016,8,9,4,3,5,3,0,0,0,1,0,0,0,0,6.2625E+20,5.27096E+21,1.06789E+16,4.75797E+16
79380,79381,9,1,73,133,2016,8,18,4,3,0,1,0,0,0,0,0,1,0,0,6.76812E+20,5.27813E+21,1.13537E+16,4.76324E+16
79381,79382,9,5,74,155,2016,8,1,5,2,8,1,2,0,0,1,0,0,0,0,6.74885E+20,5.49838E+21,1.1421E+16,4.96127E+16
79382,79383,9,6,62,0,2016,8,15,1,2,4,7,0,0,0,1,0,1,0,0,5.85573E+20,5.54158E+21,1.01946E+16,5.00204E+16
79383,79384,9,2,79,128,2016,8,12,5,3,5,3,0,0,0,1,0,0,0,0,7.55291E+20,5.39642E+21,1.24677E+16,4.86686E+16
79384,79385,9,7,80,118,2016,8,15,4,3,4,6,0,0,0,1,0,0,0,0,5.95385E+20,5.26604E+21,1.02675E+16,4.75408E+16
79385,79386,9,4,74,132,2016,8,16,2,2,3,2,0,0,0,1,0,0,0,0,6.58276E+20,5.50304E+21,1.11931E+16,4.96591E+16
79386,79387,9,6,73,117,2016,8,19,1,2,5,3,1,1,1,1,0,0,0,0,5.69395E+20,5.58064E+21,9.97589E+15,5.03737E+16
79387,79388,9,4,71,165,2016,8,6,2,2,8,1,0,1,0,1,0,0,0,0,6.29972E+20,5.53557E+21,1.0812E+16,4.99583E+16
79388,79389,9,3,75,174,2016,8,22,4,3,5,4,2,0,0,1,1,0,0,0,7.33381E+20,5.43124E+21,1.21904E+16,4.89899E+16
79389,79390,9,1,75,124,2016,8,13,7,3,4,6,0,0,0,1,0,0,0,0,7.1492E+20,5.3287E+21,1.18855E+16,4.80753E+16
79390,79391,9,1,84,112,2016,8,15,3,3,4,6,0,0,0,0,0,0,1,0,7.02209E+20,5.33726E+21,1.17191E+16,4.81564E+16
79391,79392,9,2,79,112,2016,8,21,3,3,3,7,2,0,0,1,0,0,0,1,7.57549E+20,5.39553E+21,1.24977E+16,4.86596E+16
79392,79393,9,7,72,147,2016,8,17,7,3,9,6,0,0,0,1,0,0,1,0,6.29884E+20,5.36422E+21,1.07554E+16,4.84178E+16
79393,79394,9,5,74,138,2016,8,19,3,3,1,5,0,0,0,1,0,1,0,0,6.65456E+20,5.48719E+21,1.12858E+16,4.95148E+16
79394,79395,9,3,76,161,2016,8,15,7,1,4,6,0,0,0,1,0,1,0,0,7.24144E+20,5.4622E+21,1.20815E+16,4.92714E+16
79395,79396,9,1,87,122,2016,8,16,2,3,0,6,0,0,0,1,0,1,0,0,7.18556E+20,5.30928E+21,1.19243E+16,4.78996E+16
79396,79397,9,1,81,145,2016,8,14,1,2,9,1,0,0,0,0,0,1,0,0,6.43389E+20,5.33428E+21,1.09277E+16,4.81456E+16
79397,79398,9,1,72,134,2016,8,0,5,3,9,1,2,0,0,1,0,0,0,0,7.87001E+20,5.30488E+21,1.28354E+16,4.78331E+16
79398,79399,9,7,61,0,2016,8,17,4,2,5,3,0,0,1,1,0,0,0,0,6.41333E+20,5.36509E+21,1.09104E+16,4.84231E+16
79399,79400,9,1,89,118,2016,8,17,4,3,0,1,0,0,1,0,0,0,0,0,7.85329E+20,5.32308E+21,1.28251E+16,4.79973E+16
79400,79401,9,5,74,156,2016,8,8,5,3,6,4,0,0,0,0,1,1,0,0,6.59391E+20,5.48225E+21,1.12001E+16,4.9472E+16
79401,79402,9,6,78,150,2016,8,13,1,3,5,3,0,0,0,1,0,0,0,0,5.86057E+20,5.52885E+21,1.01985E+16,4.99059E+16
79402,79403,9,7,72,147,2016,8,5,7,2,8,1,2,0,0,1,0,0,0,0,6.29466E+20,5.36419E+21,1.07498E+16,4.84175E+16
79403,79404,9,3,74,149,2016,8,19,2,3,8,6,0,0,0,1,0,1,0,0,7.14424E+20,5.52237E+21,1.19808E+16,4.98154E+16
79404,79405,9,2,74,176,2016,8,18,4,3,2,6,0,0,0,1,0,0,0,0,7.22834E+20,5.39768E+21,1.20281E+16,4.86924E+16
79405,79406,9,6,75,174,2016,8,17,2,2,3,6,0,0,0,0,0,1,1,0,5.91919E+20,5.52645E+21,1.02795E+16,4.98834E+16
79406,79407,9,3,76,161,2016,8,14,7,3,9,7,0,0,0,1,0,0,0,0,7.28059E+20,5.46594E+21,1.21373E+16,4.93036E+16
79407,79408,9,2,74,113,2016,8,14,3,2,4,6,0,0,0,1,0,0,1,0,7.26385E+20,5.38522E+21,1.20695E+16,4.85791E+16
79408,79409,9,6,79,154,2016,8,15,7,2,8,1,0,0,0,1,0,0,0,0,5.60601E+20,5.51106E+21,9.84122E+15,4.9749E+16
79409,79410,9,3,62,0,2016,8,14,3,3,1,6,0,0,0,1,0,0,0,0,7.30623E+20,5.43208E+21,1.21532E+16,4.89985E+16
79410,79411,9,5,64,0,2016,8,18,3,2,0,7,0,1,0,1,0,1,0,0,6.47526E+20,5.47522E+21,1.10338E+16,4.94117E+16
79411,79412,9,3,75,148,2016,8,18,2,3,5,2,0,0,0,1,0,0,0,0,7.05064E+20,5.43615E+21,1.18063E+16,4.90441E+16
79412,79413,9,2,78,118,2016,8,17,4,3,5,3,0,0,0,1,0,0,0,0,7.72118E+20,5.42264E+21,1.27131E+16,4.88968E+16
79413,79414,9,6,78,193,2016,8,7,2,3,2,6,0,0,0,1,0,0,0,1,5.7758E+20,5.53929E+21,1.00825E+16,5.00009E+16
79414,79415,9,7,74,116,2016,8,17,3,3,9,2,0,0,0,0,0,1,0,1,6.06371E+20,5.34831E+21,1.04337E+16,4.82791E+16
79415,79416,9,2,74,126,2016,8,5,3,3,5,3,1,0,0,1,0,1,0,0,7.33566E+20,5.3839E+21,1.2166E+16,4.85646E+16
79416,79417,9,6,79,202,2016,8,14,7,3,4,1,0,1,0,1,0,0,0,0,5.65165E+20,5.5209E+21,9.90622E+15,4.9837E+16
79417,79418,9,5,61,0,2016,8,11,3,2,5,3,0,0,0,1,0,0,0,0,6.13212E+20,5.46339E+21,1.05576E+16,4.93127E+16
79418,79419,9,5,64,0,2016,8,18,3,3,0,1,0,0,0,1,0,1,0,0,6.45827E+20,5.48113E+21,1.10126E+16,4.94653E+16
79419,79420,9,3,75,174,2016,8,15,5,3,5,2,0,0,1,1,0,0,0,0,7.32951E+20,5.43035E+21,1.2184E+16,4.8982E+16
79420,79421,9,3,76,153,2016,8,16,7,3,4,6,0,0,0,1,0,0,0,1,7.33007E+20,5.48702E+21,1.22177E+16,4.94911E+16
79421,79422,9,1,61,0,2016,8,7,2,2,5,2,0,0,1,1,0,0,0,0,6.80418E+20,5.40469E+21,1.14554E+16,4.8769E+16
79422,79423,9,1,62,0,2016,8,19,7,3,0,7,0,0,0,1,0,0,0,0,6.78312E+20,5.33905E+21,1.13988E+16,4.81797E+16
79423,79424,9,1,88,139,2016,8,23,5,2,8,1,2,0,0,0,0,1,0,0,6.7971E+20,5.32017E+21,1.14096E+16,4.80096E+16
79424,79425,9,1,61,0,2016,8,13,5,3,1,6,0,0,0,1,0,0,0,0,6.75356E+20,5.40491E+21,1.13867E+16,4.87724E+16
79425,79426,9,6,73,162,2016,8,22,1,2,8,7,2,1,0,1,0,0,0,0,5.70881E+20,5.57487E+21,9.99571E+15,5.03217E+16
79426,79427,9,6,78,115,2016,8,20,4,3,5,3,0,0,0,1,0,1,0,0,5.84537E+20,5.53999E+21,1.01797E+16,5.00062E+16
79427,79428,9,6,74,130,2016,8,19,4,2,5,2,0,0,0,1,0,1,0,0,6.22375E+20,5.54994E+21,1.07108E+16,5.00891E+16
79428,79429,9,1,72,117,2016,8,8,4,2,5,3,0,0,0,1,0,0,0,1,7.9905E+20,5.28195E+21,1.29802E+16,4.76219E+16
79429,79430,9,5,75,143,2016,8,17,5,3,5,3,0,0,0,1,0,0,1,0,5.98285E+20,5.48053E+21,1.03566E+16,4.94694E+16
79430,79431,9,6,71,156,2016,8,18,1,3,8,1,0,1,0,1,0,0,0,0,5.21833E+20,5.53467E+21,9.30442E+15,4.9964E+16
79431,79432,9,6,74,133,2016,8,21,7,3,8,1,2,1,0,1,0,0,0,0,6.24166E+20,5.53338E+21,1.07304E+16,4.99398E+16