FID,OBJECTID,ULAND,UREGBEZ,UKREIS,UGEMEINDE,UJAHR,UMONAT,USTUNDE,UWOCHENTAG,UKATEGORIE,UART,UTYP1,ULICHTVERH,IstStrasse,IstRad,IstPKW,IstFuss,IstKrad,IstGkfz,IstSonstig,LINREFX,LINREFY,XGCSWGS84,YGCSWGS84
79612,79613,9,1,89,152,2016,8,22,4,3,9,1,2,0,0,0,0,1,0,0,7.80459E+20,5.32957E+21,1.27642E+16,4.80577E+16
79613,79614,9,5,64,0,2016,8,11,5,3,2,6,0,0,0,1,0,0,0,0,6.47923E+20,5.48011E+21,1.10411E+16,4.94556E+16
79614,79615,9,5,76,117,2016,8,6,1,2,8,7,0,0,0,1,0,0,0,0,6.43625E+20,5.45992E+21,1.09746E+16,4.92751E+16
79615,79616,9,5,63,0,2016,8,19,7,3,5,2,1,0,1,1,0,0,0,0,6.43887E+20,5.48128E+21,1.09859E+16,4.94671E+16
79616,79617,9,2,71,146,2016,8,15,2,3,5,3,0,0,0,1,0,0,0,0,7.8471E+20,5.41001E+21,1.28757E+16,4.87779E+16
79617,79618,9,2,74,111,2016,8,20,4,2,4,2,0,0,0,1,0,1,0,0,7.39131E+20,5.38053E+21,1.22394E+16,4.85323E+16
79618,79619,9,5,72,121,2016,8,20,2,3,8,1,1,0,0,1,0,0,0,0,6.58452E+20,5.49415E+21,1.1192E+16,4.95792E+16
79619,79620,9,2,61,0,2016,8,14,7,3,0,2,0,0,0,1,0,1,0,0,7.31595E+20,5.38155E+21,1.2138E+16,4.85442E+16
79620,79621,9,1,86,152,2016,8,13,3,3,0,7,0,0,0,1,0,0,1,0,6.90966E+20,5.37609E+21,1.15857E+16,4.85088E+16
79621,79622,9,5,64,0,2016,8,7,7,3,5,2,0,0,1,1,0,0,0,0,6.49553E+20,5.48216E+21,1.10644E+16,4.94736E+16
79622,79623,9,3,76,150,2016,8,17,3,3,2,3,0,0,0,1,0,0,0,0,7.27853E+20,5.49184E+21,1.21494E+16,4.95362E+16
79623,79624,9,5,64,0,2016,8,10,3,1,6,2,0,0,0,0,1,0,1,0,6.52017E+20,5.4815E+21,1.10981E+16,4.94671E+16
79624,79625,9,3,71,123,2016,8,15,5,2,9,1,0,0,0,1,0,0,0,0,7.07532E+20,5.49282E+21,1.18694E+16,4.95524E+16
79625,79626,9,2,73,116,2016,8,14,7,2,4,6,0,0,0,1,0,0,0,0,7.22423E+20,5.42453E+21,1.20371E+16,4.89337E+16
79626,79627,9,1,75,135,2016,8,13,2,3,5,3,0,0,0,1,0,0,0,1,7.08547E+20,5.33912E+21,1.18051E+16,4.8171E+16
79627,79628,9,7,80,143,2016,8,12,7,2,9,1,0,0,0,0,0,1,0,0,5.97652E+20,5.28162E+21,1.03011E+16,4.76806E+16
79628,79629,9,1,77,133,2016,8,7,5,3,5,3,0,0,0,1,0,0,0,0,7.09744E+20,5.35853E+21,1.18308E+16,4.83451E+16
79629,79630,9,5,64,0,2016,8,8,3,3,3,6,0,0,0,1,0,0,0,0,6.46876E+20,5.4806E+21,1.10269E+16,4.94602E+16
79630,79631,9,4,71,119,2016,8,19,5,3,2,6,0,0,0,1,0,0,0,0,6.34303E+20,5.53729E+21,1.0873E+16,4.99728E+16
79631,79632,9,1,80,117,2016,8,15,7,2,8,1,0,1,1,0,0,0,0,0,6.57203E+20,5.26304E+21,1.10874E+16,4.75018E+16
79632,79633,9,1,78,157,2016,8,17,2,2,2,6,0,0,0,1,0,0,0,0,7.04601E+20,5.37132E+21,1.17677E+16,4.84617E+16
79633,79634,9,1,84,127,2016,8,14,7,3,8,1,0,0,0,1,0,0,0,0,7.0375E+20,5.31981E+21,1.17315E+16,4.79991E+16
79634,79635,9,1,76,114,2016,8,5,5,2,4,2,1,0,0,1,0,1,0,0,6.80944E+20,5.43399E+21,1.14756E+16,4.90322E+16
79635,79636,9,1,87,129,2016,8,15,5,3,2,6,0,0,0,1,0,0,1,0,7.19556E+20,5.29913E+21,1.19326E+16,4.78081E+16
79636,79637,9,5,63,0,2016,8,10,1,2,6,4,0,0,0,1,1,0,0,0,6.44431E+20,5.47838E+21,1.09924E+16,4.94409E+16
79637,79638,9,6,78,115,2016,8,6,4,3,5,3,0,0,1,1,0,0,0,0,5.83503E+20,5.53911E+21,1.01651E+16,4.99985E+16
79638,79639,9,6,77,148,2016,8,16,4,3,0,6,0,0,0,1,0,0,1,1,5.56776E+20,5.53285E+21,9.79133E+15,4.99453E+16
79639,79640,9,1,71,124,2016,8,16,4,2,1,6,0,0,0,1,0,0,1,0,7.82532E+20,5.34403E+21,1.28015E+16,4.81866E+16
79640,79641,9,5,71,152,2016,8,7,5,3,2,6,0,0,0,1,0,0,1,0,5.88776E+20,5.46643E+21,1.02222E+16,4.93441E+16
79641,79642,9,5,64,0,2016,8,21,1,3,5,3,2,0,0,1,0,0,0,1,6.49453E+20,5.47714E+21,1.10611E+16,4.94285E+16
79642,79643,9,5,64,0,2016,8,11,7,2,0,1,0,0,1,0,0,0,0,0,6.49014E+20,5.48356E+21,1.10575E+16,4.94863E+16
79643,79644,9,2,74,128,2016,8,14,4,3,4,6,0,0,0,1,0,0,1,0,7.37093E+20,5.39076E+21,1.22176E+16,4.86249E+16
79644,79645,9,5,72,121,2016,8,9,2,3,0,1,0,0,0,0,0,1,0,0,6.6068E+20,5.49389E+21,1.12227E+16,4.95763E+16
79645,79646,9,7,77,129,2016,8,19,3,2,2,6,0,0,1,1,0,0,0,0,6.21944E+20,5.27027E+21,1.06215E+16,4.75744E+16
79646,79647,9,1,72,134,2016,8,9,7,3,2,6,0,0,0,1,0,0,0,0,7.84255E+20,5.3043E+21,1.27984E+16,4.78292E+16
79647,79648,9,1,77,130,2016,8,8,2,2,5,3,0,0,1,1,0,0,0,0,7.1125E+20,5.35232E+21,1.1848E+16,4.82888E+16
79648,79649,9,1,88,126,2016,8,18,3,3,0,7,0,0,0,1,0,0,0,0,6.61513E+20,5.32776E+21,1.11687E+16,4.80827E+16
79649,79650,9,3,61,0,2016,8,18,3,3,1,6,0,0,0,1,0,0,0,0,7.0859E+20,5.48029E+21,1.18774E+16,4.94394E+16
79650,79651,9,2,74,184,2016,8,5,1,2,8,1,2,1,0,1,0,0,0,0,7.47046E+20,5.36805E+21,1.2339E+16,4.84171E+16
79651,79652,9,5,71,190,2016,8,21,3,3,2,2,2,0,0,1,0,0,0,0,6.2134E+20,5.4636E+21,1.06695E+16,4.93131E+16
79652,79653,9,2,77,114,2016,8,17,5,3,4,6,0,0,0,1,0,0,0,0,7.86629E+20,5.3766E+21,1.28787E+16,4.84771E+16
79653,79654,9,1,75,121,2016,8,17,5,3,5,3,0,0,0,1,0,1,0,0,7.14423E+20,5.31926E+21,1.18741E+16,4.79907E+16
79654,79655,9,5,71,193,2016,8,22,1,2,8,1,2,0,0,1,0,0,0,0,5.85537E+20,5.46944E+21,1.01783E+16,4.93716E+16
79655,79656,9,2,77,113,2016,8,16,2,3,5,3,0,0,0,1,0,0,0,0,8.02436E+20,5.37375E+21,1.309E+16,4.84441E+16
79656,79657,9,5,77,158,2016,8,15,4,3,8,1,0,0,0,0,0,1,0,0,6.42868E+20,5.42204E+21,1.09508E+16,4.89347E+16
79657,79658,9,5,65,0,2016,8,18,2,3,1,5,0,0,0,1,0,0,0,0,6.50388E+20,5.46579E+21,1.10697E+16,4.93263E+16
79658,79659,9,7,75,162,2016,8,18,6,3,2,6,0,0,0,1,0,0,0,0,5.82284E+20,5.35012E+21,1.01095E+16,4.82989E+16
79659,79660,9,1,62,0,2016,8,5,4,2,0,6,2,0,0,1,0,1,0,0,6.78199E+20,5.33478E+21,1.13955E+16,4.81413E+16
79660,79661,9,5,73,127,2016,8,6,7,3,5,3,0,0,1,1,0,0,0,0,6.46466E+20,5.47578E+21,1.10195E+16,4.94171E+16
79661,79662,9,5,61,0,2016,8,16,1,3,0,3,0,0,0,1,0,1,0,0,6.14699E+20,5.46233E+21,1.05778E+16,4.93029E+16
79662,79663,9,5,74,156,2016,8,18,4,3,2,6,0,0,0,1,0,0,0,1,6.59873E+20,5.48245E+21,1.12069E+16,4.94736E+16
79663,79664,9,1,61,0,2016,8,9,4,3,5,3,0,0,1,1,0,0,0,0,6.78973E+20,5.40176E+21,1.14345E+16,4.87431E+16
79664,79665,9,4,77,128,2016,8,18,5,3,1,6,0,0,0,1,0,0,0,0,6.72587E+20,5.55136E+21,1.14128E+16,5.00894E+16
79665,79666,9,5,73,122,2016,8,21,7,3,0,3,2,1,0,1,0,1,0,0,6.43074E+20,5.4777E+21,1.09734E+16,4.94351E+16
79666,79667,9,5,64,0,2016,8,17,2,3,3,6,0,0,1,0,0,0,0,0,6.52884E+20,5.48284E+21,1.11106E+16,4.94789E+16
79667,79668,9,6,79,180,2016,8,10,3,3,8,1,0,0,0,1,0,0,0,0,5.66225E+20,5.5248E+21,9.92162E+15,4.98719E+16
79668,79669,9,1,89,114,2016,8,14,7,3,6,4,0,0,0,1,1,0,0,0,7.64396E+20,5.31201E+21,1.25383E+16,4.79068E+16
79669,79670,9,1,75,123,2016,8,17,2,3,0,1,0,0,0,0,0,1,0,0,7.2637E+20,5.33521E+21,1.20424E+16,4.81298E+16
79670,79671,9,1,81,129,2016,8,22,3,2,9,1,2,0,0,0,0,1,0,0,6.41878E+20,5.30468E+21,1.08976E+16,4.78798E+16
79671,79672,9,2,76,148,2016,8,10,3,3,5,3,0,0,0,1,0,0,0,1,8.08432E+20,5.43616E+21,1.32175E+16,4.90011E+16
79672,79673,9,1,73,145,2016,8,14,1,3,0,1,0,1,1,0,0,0,0,0,6.90194E+20,5.29531E+21,1.15391E+16,4.77831E+16
79673,79674,9,2,72,142,2016,8,15,5,3,8,1,0,0,0,0,0,1,0,0,8.21221E+20,5.41248E+21,1.33732E+16,4.87823E+16
79674,79675,9,1,62,0,2016,8,15,4,3,2,6,2,0,0,1,0,0,1,0,6.87391E+20,5.33269E+21,1.1518E+16,4.81199E+16
79675,79676,9,2,72,118,2016,8,16,2,3,1,1,0,0,0,1,0,0,0,1,8.32566E+20,5.41627E+21,1.35303E+16,4.88103E+16
79676,79677,9,4,79,126,2016,8,16,1,3,9,1,0,1,0,1,0,0,0,0,7.22051E+20,5.55229E+21,1.21039E+16,5.00814E+16
79677,79678,9,2,77,133,2016,8,15,2,1,5,3,0,0,1,1,0,0,0,0,7.69624E+20,5.37049E+21,1.26452E+16,4.84298E+16
79678,79679,9,4,73,121,2016,8,15,4,3,5,3,0,0,0,1,0,0,0,0,6.47544E+20,5.5668E+21,1.10689E+16,5.0235E+16
79679,79680,9,7,75,139,2016,8,18,6,3,2,6,0,0,0,1,0,0,0,0,5.78243E+20,5.36726E+21,1.00582E+16,4.84536E+16
79680,79681,9,1,84,129,2016,8,16,4,3,2,6,0,0,0,1,0,0,0,0,7.01894E+20,5.32688E+21,1.17099E+16,4.80632E+16
79681,79682,9,1,81,120,2016,8,18,3,3,5,3,0,0,1,1,0,0,0,0,6.49823E+20,5.32123E+21,1.10096E+16,4.80268E+16
79682,79683,9,5,71,174,2016,8,15,7,3,9,1,0,0,0,1,0,1,0,0,6.01402E+20,5.46224E+21,1.03949E+16,4.93045E+16
79683,79684,9,5,62,0,2016,8,17,3,3,0,6,0,0,1,1,0,0,0,0,6.4406E+20,5.49084E+21,1.09918E+16,4.9553E+16
79684,79685,9,4,71,207,2016,8,14,3,3,4,6,0,0,1,0,0,0,0,0,6.28912E+20,5.53146E+21,1.07959E+16,4.99216E+16
79685,79686,9,1,72,118,2016,8,3,7,3,3,6,2,0,0,1,0,0,0,0,7.97932E+20,5.30529E+21,1.29814E+16,4.78319E+16
79686,79687,9,1,62,0,2016,8,17,1,3,5,2,0,0,1,1,0,0,0,0,6.84661E+20,5.33206E+21,1.14811E+16,4.8115E+16
79687,79688,9,1,82,132,2016,8,14,1,3,5,3,0,1,0,1,0,0,0,0,7.08034E+20,5.28608E+21,1.17726E+16,4.76946E+16
79688,79689,9,1,83,148,2016,8,14,5,2,5,3,0,0,0,1,0,1,0,0,7.52873E+20,5.34589E+21,1.24044E+16,4.82158E+16
79689,79690,9,5,64,0,2016,8,22,2,3,5,2,2,0,1,0,0,0,0,1,6.4458E+20,5.478E+21,1.09943E+16,4.94375E+16
79690,79691,9,6,62,0,2016,8,11,3,3,8,1,0,0,0,0,0,1,0,0,5.87021E+20,5.54311E+21,1.02151E+16,5.00339E+16
79691,79692,9,4,61,0,2016,8,18,3,3,5,3,0,0,0,1,0,0,0,0,6.35294E+20,5.5301E+21,1.08843E+16,4.99079E+16
79692,79693,9,1,87,169,2016,8,9,7,3,2,3,0,0,0,1,0,0,0,1,7.36466E+20,5.29938E+21,1.21582E+16,4.78043E+16
79693,79694,9,1,84,118,2016,8,9,1,3,9,1,0,0,0,1,0,0,0,0,7.0152E+20,5.3368E+21,1.17096E+16,4.81525E+16
79694,79695,9,1,75,132,2016,8,8,3,3,9,6,0,0,0,1,0,0,1,0,7.06716E+20,5.33625E+21,1.17791E+16,4.81458E+16
79695,79696,9,2,78,190,2016,8,11,3,3,3,2,0,0,0,1,0,0,0,1,7.63039E+20,5.42789E+21,1.25928E+16,4.8948E+16
79696,79697,9,1,89,114,2016,8,16,1,3,3,2,0,0,0,1,0,0,0,0,7.66833E+20,5.31029E+21,1.25697E+16,4.78904E+16
79697,79698,9,1,90,158,2016,8,15,5,2,9,1,0,0,0,0,0,1,0,0,6.52199E+20,5.30289E+21,1.10349E+16,4.78613E+16
79698,79699,9,7,63,0,2016,8,8,4,3,5,2,0,0,1,1,0,0,0,0,5.9851E+20,5.28491E+21,1.03133E+16,4.771E+16
79699,79700,9,2,61,0,2016,8,16,2,2,2,6,0,0,0,1,0,0,0,0,7.31224E+20,5.38485E+21,1.21348E+16,4.8574E+16
79700,79701,9,4,75,182,2016,8,0,1,3,3,1,2,1,0,1,0,0,1,0,7.10878E+20,5.58561E+21,1.19664E+16,5.03847E+16
79701,79702,9,2,74,185,2016,8,17,2,2,5,3,0,0,0,1,0,1,0,0,7.32573E+20,5.37112E+21,1.21454E+16,4.84502E+16
79702,79703,9,3,73,155,2016,8,17,4,3,0,7,0,0,1,0,0,0,0,0,6.71797E+20,5.46409E+21,1.13634E+16,4.93054E+16
79703,79704,9,5,64,0,2016,8,16,2,2,1,5,0,0,1,1,0,0,0,0,6.47975E+20,5.48021E+21,1.10419E+16,4.94565E+16
79704,79705,9,7,78,186,2016,8,9,6,3,5,3,0,0,0,1,0,0,0,0,5.97993E+20,5.31129E+21,1.03123E+16,4.79474E+16
79705,79706,9,7,74,118,2016,8,17,3,2,2,6,0,0,0,1,0,1,0,0,5.91902E+20,5.36475E+21,1.02424E+16,4.84292E+16
79706,79707,9,1,62,0,2016,8,19,3,3,9,6,1,0,0,1,0,1,0,0,6.92588E+20,5.33905E+21,1.15907E+16,4.81754E+16
79707,79708,9,5,71,194,2016,8,15,7,2,2,6,0,0,1,0,0,1,0,0,6.15728E+20,5.47667E+21,1.05961E+16,4.94317E+16
79708,79709,9,5,74,117,2016,8,13,3,3,2,6,0,0,0,1,0,0,0,0,6.68891E+20,5.4669E+21,1.13246E+16,4.93314E+16
79709,79710,9,1,87,113,2016,8,19,7,3,8,6,1,1,0,1,0,0,0,0,7.46011E+20,5.32594E+21,1.23006E+16,4.80393E+16
79710,79711,9,7,74,121,2016,8,6,1,3,9,1,1,0,0,1,0,0,0,1,6.03833E+20,5.36348E+21,1.04033E+16,4.84159E+16
79711,79712,9,1,88,132,2016,8,16,1,3,0,7,0,0,1,0,0,0,0,0,6.65453E+20,5.32396E+21,1.12201E+16,4.80475E+16
79712,79713,9,1,72,116,2016,8,11,5,2,8,1,0,1,0,0,0,1,0,0,8.02025E+20,5.28314E+21,1.30206E+16,4.76312E+16
79713,79714,9,7,61,0,2016,8,15,4,3,2,2,0,0,0,1,0,1,0,0,6.41228E+20,5.36098E+21,1.09076E+16,4.83862E+16
79714,79715,9,1,89,118,2016,8,16,4,3,4,7,0,0,1,0,0,0,0,1,7.85476E+20,5.32321E+21,1.28272E+16,4.79984E+16
79715,79716,9,5,75,121,2016,8,20,5,2,9,1,1,0,0,0,0,1,0,0,6.22967E+20,5.48804E+21,1.06994E+16,4.95325E+16
79716,79717,9,4,79,152,2016,8,18,1,3,2,6,0,0,0,1,0,0,0,1,7.20332E+20,5.56141E+21,1.20851E+16,5.01639E+16
79717,79718,9,4,64,0,2016,8,16,7,3,3,6,0,0,0,1,0,1,0,0,7.05937E+20,5.57876E+21,1.18933E+16,5.03249E+16
79718,79719,9,2,74,179,2016,8,15,2,3,9,7,0,0,0,1,0,0,0,0,7.51832E+20,5.37673E+21,1.24088E+16,4.84932E+16
79719,79720,9,2,73,147,2016,8,12,4,3,2,6,0,0,0,1,0,0,0,0,7.00773E+20,5.39325E+21,1.17266E+16,4.866E+16
79720,79721,9,5,71,145,2016,8,18,2,2,2,6,0,0,0,0,0,1,0,0,5.8992E+20,5.45059E+21,1.02344E+16,4.92015E+16
79721,79722,9,7,73,183,2016,8,9,4,2,5,3,0,0,0,1,0,0,0,0,6.03704E+20,5.38488E+21,1.04069E+16,4.86084E+16
79722,79723,9,1,89,159,2016,8,17,4,3,5,3,0,0,0,1,0,1,0,0,7.61066E+20,5.30408E+21,1.2489E+16,4.78371E+16
79723,79724,9,5,76,127,2016,8,14,5,2,4,7,0,0,0,0,0,0,0,1,6.63912E+20,5.44806E+21,1.12484E+16,4.91635E+16
79724,79725,9,4,63,0,2016,8,20,1,3,8,1,0,0,0,1,0,0,0,0,6.40663E+20,5.56722E+21,1.09726E+16,5.02404E+16
79725,79726,9,2,73,166,2016,8,9,2,3,2,1,0,0,0,1,0,0,0,0,7.15977E+20,5.42106E+21,1.19474E+16,4.89048E+16
79726,79727,9,2,78,139,2016,8,14,4,3,0,2,0,0,0,1,0,1,0,0,7.73027E+20,5.42811E+21,1.27291E+16,4.89456E+16
79727,79728,9,5,77,161,2016,8,8,2,3,5,3,0,0,0,1,0,0,0,0,6.42739E+20,5.44058E+21,1.09555E+16,4.91015E+16
79728,79729,9,7,80,123,2016,8,15,6,2,3,6,0,0,1,1,0,0,0,0,6.04097E+20,5.2625E+21,1.03824E+16,4.75076E+16
79729,79730,9,7,74,135,2016,8,19,3,3,5,2,0,0,1,1,0,0,0,0,5.9594E+20,5.36734E+21,1.02975E+16,4.84519E+16
79730,79731,9,1,78,145,2016,8,12,3,3,3,6,0,0,0,1,0,0,1,0,6.96204E+20,5.35611E+21,1.16472E+16,4.83277E+16
79731,79732,9,4,77,128,2016,8,3,7,3,8,1,2,1,0,1,0,0,0,0,6.71426E+20,5.55263E+21,1.13971E+16,5.01012E+16
79732,79733,9,5,64,0,2016,8,17,3,3,5,2,0,0,1,0,0,0,0,1,6.47594E+20,5.47933E+21,1.10363E+16,4.94487E+16
79733,79734,9,3,75,143,2016,8,18,5,3,5,3,0,0,0,1,0,1,0,0,7.36218E+20,5.42117E+21,1.22232E+16,4.88984E+16
79734,79735,9,1,82,129,2016,8,19,7,2,4,2,0,1,1,1,0,0,0,0,7.0788E+20,5.28585E+21,1.17704E+16,4.76926E+16
79735,79736,9,7,75,135,2016,8,0,1,3,8,1,2,1,0,1,0,0,0,0,5.75273E+20,5.3557E+21,1.0016E+16,4.835E+16
79736,79737,9,1,62,0,2016,8,21,7,3,9,1,1,0,0,1,0,0,0,0,6.93357E+20,5.33924E+21,1.16011E+16,4.8177E+16
79737,79738,9,1,81,130,2016,8,14,5,3,0,1,0,0,0,0,0,1,0,0,6.36865E+20,5.32346E+21,1.08366E+16,4.80497E+16
79738,79739,9,4,73,144,2016,8,14,1,2,8,1,0,1,0,1,0,0,0,0,6.38847E+20,5.5762E+21,1.09505E+16,5.03215E+16
79739,79740,9,6,62,0,2016,8,14,4,3,2,6,0,0,0,1,0,1,0,0,5.88598E+20,5.54418E+21,1.02374E+16,5.00433E+16
79740,79741,9,6,72,135,2016,8,15,4,3,8,1,0,0,0,0,0,1,0,0,5.89046E+20,5.5665E+21,1.02488E+16,5.02439E+16
79741,79742,9,1,82,123,2016,8,9,4,3,1,6,0,0,0,1,0,0,0,0,7.20135E+20,5.30112E+21,1.19413E+16,4.78258E+16
79742,79743,9,4,75,182,2016,8,9,5,3,2,6,0,0,0,1,0,1,0,0,7.10041E+20,5.58333E+21,1.19534E+16,5.03645E+16
79743,79744,9,4,73,165,2016,8,18,1,3,5,3,0,1,0,1,0,1,0,0,6.31374E+20,5.56132E+21,1.08404E+16,5.01895E+16
79744,79745,9,4,77,124,2016,8,13,7,2,9,1,0,0,0,0,0,1,0,0,6.67809E+20,5.54483E+21,1.13432E+16,5.00321E+16
79745,79746,9,5,71,165,2016,8,5,2,3,4,2,1,0,0,1,0,0,1,0,6.29235E+20,5.46582E+21,1.07788E+16,4.93314E+16
79746,79747,9,7,72,162,2016,8,19,3,3,4,2,0,0,1,1,0,0,0,0,6.36576E+20,5.33544E+21,1.08365E+16,4.81575E+16
79747,79748,9,1,87,130,2016,8,11,7,3,8,1,0,0,0,0,0,1,0,0,7.12277E+20,5.31246E+21,1.1842E+16,4.79303E+16
79748,79749,9,7,74,155,2016,8,16,1,1,5,3,0,0,0,1,0,0,0,0,5.88607E+20,5.36845E+21,1.01986E+16,4.84629E+16
79749,79750,9,1,78,124,2016,8,11,3,2,0,1,0,0,0,0,0,1,0,0,7.01069E+20,5.35898E+21,1.17141E+16,4.8352E+16
79750,79751,9,2,78,190,2016,8,18,3,3,0,1,0,0,0,0,0,1,0,0,7.65301E+20,5.43032E+21,1.26252E+16,4.89688E+16
79751,79752,9,2,73,137,2016,8,12,1,3,0,7,0,0,1,0,0,0,0,0,7.12694E+20,5.42517E+21,1.19048E+16,4.89428E+16
79752,79753,9,2,77,142,2016,8,11,5,2,5,3,0,0,0,1,0,1,0,0,7.89128E+20,5.39007E+21,1.29218E+16,4.85968E+16
79753,79754,9,1,61,0,2016,8,14,7,3,5,7,0,0,0,1,0,0,0,0,6.79174E+20,5.40462E+21,1.14385E+16,4.87687E+16
79754,79755,9,1,77,117,2016,8,14,3,3,2,6,0,0,1,1,0,0,0,0,7.15982E+20,5.35239E+21,1.19117E+16,4.82878E+16
79755,79756,9,4,74,126,2016,8,16,7,3,5,3,0,0,0,1,0,0,0,0,6.48496E+20,5.50723E+21,1.10593E+16,4.96992E+16
79756,79757,9,2,71,146,2016,8,13,3,3,0,1,0,0,1,0,0,0,0,0,7.82876E+20,5.41215E+21,1.28523E+16,4.87979E+16
79757,79758,9,5,63,0,2016,8,11,3,3,1,6,0,0,0,1,0,0,0,0,6.43514E+20,5.48281E+21,1.09813E+16,4.9481E+16
79758,79759,9,3,76,161,2016,8,14,5,3,2,6,0,0,0,1,0,0,0,1,7.25312E+20,5.46421E+21,1.20986E+16,4.9289E+16
79759,79760,9,1,86,122,2016,8,12,7,2,5,3,0,0,1,0,0,0,0,1,6.97308E+20,5.39458E+21,1.16802E+16,4.8673E+16
79760,79761,9,7,80,144,2016,8,22,1,2,4,6,2,0,0,1,0,0,0,0,5.82295E+20,5.27708E+21,1.00957E+16,4.76419E+16
79761,79762,9,7,80,118,2016,8,14,7,3,0,6,0,0,0,1,0,1,0,0,5.96278E+20,5.26755E+21,1.02797E+16,4.75542E+16
79762,79763,9,1,78,143,2016,8,7,5,3,5,6,0,0,0,1,0,1,0,1,7.16747E+20,5.37315E+21,1.19328E+16,4.84741E+16
79763,79764,9,4,74,126,2016,8,12,1,3,0,2,0,0,0,1,1,0,0,0,6.48297E+20,5.51041E+21,1.10577E+16,4.97279E+16
79764,79765,9,5,76,127,2016,8,10,4,3,0,7,0,0,1,0,0,0,0,0,6.58889E+20,5.44903E+21,1.118E+16,4.91735E+16
79765,79766,9,1,86,143,2016,8,9,4,3,5,3,0,0,0,1,0,0,0,0,6.87877E+20,5.37749E+21,1.15445E+16,4.85224E+16
79766,79767,9,4,72,133,2016,8,17,5,3,5,3,0,0,0,1,0,0,0,1,6.93059E+20,5.52751E+21,1.16867E+16,4.98689E+16
79767,79768,9,3,63,0,2016,8,22,7,3,8,7,2,0,1,0,0,0,0,0,7.28004E+20,5.50732E+21,1.21605E+16,4.96753E+16
79768,79769,9,5,71,136,2016,8,16,2,3,1,6,0,0,0,1,0,0,0,0,5.97316E+20,5.43559E+21,1.03323E+16,4.90655E+16
79769,79770,9,6,75,141,2016,8,11,3,3,5,3,0,0,1,1,0,0,0,0,5.8568E+20,5.50916E+21,1.01889E+16,4.97289E+16
79770,79771,9,1,76,123,2016,8,18,7,2,0,7,0,0,0,0,0,1,0,0,6.58419E+20,5.41866E+21,1.11617E+16,4.89006E+16
79771,79772,9,7,80,121,2016,8,16,1,3,4,6,0,0,0,1,0,0,0,0,5.95272E+20,5.25704E+21,1.02641E+16,4.74598E+16
79772,79773,9,1,77,120,2016,8,19,3,2,8,1,0,0,0,1,0,1,0,0,7.19224E+20,5.35946E+21,1.19591E+16,4.83503E+16
79773,79774,9,2,71,151,2016,8,10,3,2,5,3,0,0,1,0,0,0,1,0,7.82944E+20,5.41202E+21,1.28531E+16,4.87967E+16
79774,79775,9,1,83,145,2016,8,17,1,3,8,1,0,1,0,0,0,1,0,0,7.55179E+20,5.3408E+21,1.24323E+16,4.81692E+16
79775,79776,9,2,61,0,2016,8,0,5,3,0,1,2,0,1,0,0,0,0,0,7.31864E+20,5.37984E+21,1.21407E+16,4.85288E+16
79776,79777,9,7,75,135,2016,8,13,4,3,0,7,0,0,1,0,0,0,0,0,5.74384E+20,5.3593E+21,1.00046E+16,4.83825E+16
79777,79778,9,1,80,117,2016,8,14,2,3,5,3,0,0,0,1,0,1,0,0,6.57008E+20,5.26192E+21,1.10844E+16,4.74918E+16
79778,79779,9,1,80,117,2016,8,13,2,2,6,4,0,0,0,0,1,1,0,0,6.57143E+20,5.26211E+21,1.10863E+16,4.74934E+16
79779,79780,9,4,71,220,2016,8,18,4,3,4,2,0,0,0,1,0,0,0,0,6.22756E+20,5.51648E+21,1.07054E+16,4.97882E+16
79780,79781,9,7,76,117,2016,8,15,6,1,4,7,0,0,0,1,0,0,1,0,5.68875E+20,5.27288E+21,9.91636E+15,4.76057E+16
79781,79782,9,1,62,0,2016,8,9,4,3,3,6,0,0,0,1,0,0,1,0,6.85441E+20,5.34093E+21,1.14954E+16,4.81945E+16
79782,79783,9,4,61,0,2016,8,8,1,3,4,6,0,0,1,0,0,0,0,0,6.40166E+20,5.52514E+21,1.09503E+16,4.98623E+16
79783,79784,9,1,73,133,2016,8,10,2,3,9,1,0,0,0,0,0,1,0,0,6.76673E+20,5.27849E+21,1.1352E+16,4.76357E+16
79784,79785,9,4,75,158,2016,8,17,4,3,5,3,0,0,1,1,0,0,0,0,7.08849E+20,5.57219E+21,1.19305E+16,5.02648E+16
79785,79786,9,5,71,174,2016,8,19,2,2,9,1,0,0,0,1,0,0,0,0,6.03908E+20,5.46157E+21,1.04292E+16,4.9298E+16
79786,79787,9,7,77,152,2016,8,23,6,3,8,1,2,0,0,1,0,0,0,0,6.24659E+20,5.30107E+21,1.06664E+16,4.78509E+16
79787,79788,9,1,88,145,2016,8,21,4,3,0,7,2,0,1,0,0,0,0,0,6.63765E+20,5.32814E+21,1.11991E+16,4.80855E+16
79788,79789,9,3,74,137,2016,8,17,7,3,5,3,0,0,0,1,0,0,0,0,7.44521E+20,5.49814E+21,1.23833E+16,4.95864E+16
79789,79790,9,4,73,138,2016,8,16,2,3,4,2,0,0,0,1,0,0,0,0,6.35266E+20,5.55507E+21,1.08927E+16,5.01324E+16
79790,79791,9,6,71,114,2016,8,16,3,3,6,7,0,0,0,1,1,0,0,0,5.0225E+20,5.54324E+21,9.03142E+15,5.00414E+16