FID,OBJECTID,ULAND,UREGBEZ,UKREIS,UGEMEINDE,UJAHR,UMONAT,USTUNDE,UWOCHENTAG,UKATEGORIE,UART,UTYP1,ULICHTVERH,IstStrasse,IstRad,IstPKW,IstFuss,IstKrad,IstGkfz,IstSonstig,LINREFX,LINREFY,XGCSWGS84,YGCSWGS84
79791,79792,9,3,63,0,2016,8,18,3,3,1,5,0,0,1,1,0,0,0,0,7.27581E+20,5.50556E+21,1.21536E+16,4.96596E+16
79792,79793,9,1,79,113,2016,8,13,7,3,4,6,0,0,1,0,1,0,0,0,6.71022E+20,5.33387E+21,1.12987E+16,4.81351E+16
79793,79794,9,7,77,177,2016,8,16,1,2,5,2,0,0,1,1,0,0,0,0,6.32269E+20,5.31736E+21,1.0773E+16,4.79959E+16
79794,79795,9,1,62,0,2016,8,13,2,3,1,5,0,0,0,1,0,0,1,0,7.01844E+20,5.3322E+21,1.17118E+16,4.8111E+16
79795,79796,9,2,78,134,2016,8,10,4,3,5,2,0,0,0,1,0,1,0,0,7.70016E+20,5.43422E+21,1.26921E+16,4.90018E+16
79796,79797,9,1,82,123,2016,8,13,1,3,5,3,0,0,0,1,0,0,0,0,7.17461E+20,5.30147E+21,1.19058E+16,4.78298E+16
79797,79798,9,1,80,119,2016,8,16,5,2,4,6,0,0,0,1,0,1,0,0,6.73641E+20,5.28492E+21,1.13142E+16,4.76943E+16
79798,79799,9,7,62,0,2016,8,7,4,3,5,3,0,0,0,1,0,0,0,1,6.22761E+20,5.30367E+21,1.06417E+16,4.78746E+16
79799,79800,9,1,73,137,2016,8,18,4,2,2,6,0,0,0,1,0,1,0,1,6.76375E+20,5.30701E+21,1.13596E+16,4.78922E+16
79800,79801,9,3,77,158,2016,8,15,1,2,0,1,0,0,1,0,0,0,0,0,7.36428E+20,5.54413E+21,1.22995E+16,5.00026E+16
79801,79802,9,1,89,130,2016,8,9,2,3,5,3,0,0,1,1,0,0,0,0,7.66179E+20,5.31279E+21,1.25625E+16,4.79131E+16
79802,79803,9,2,71,118,2016,8,19,4,3,3,6,1,0,1,1,0,0,0,0,7.90146E+20,5.40147E+21,1.29435E+16,4.86987E+16
79803,79804,9,4,77,118,2016,8,23,2,3,8,7,2,0,0,1,0,0,0,0,6.83389E+20,5.55978E+21,1.15677E+16,5.01619E+16
79804,79805,9,7,77,129,2016,8,14,6,3,9,6,0,1,1,0,0,0,0,0,6.26907E+20,5.27326E+21,1.06883E+16,4.76003E+16
79805,79806,9,2,79,112,2016,8,15,4,3,5,3,0,0,0,1,0,0,0,0,7.57063E+20,5.38886E+21,1.2487E+16,4.86E+16
79806,79807,9,7,78,134,2016,8,19,3,2,4,6,0,0,0,1,0,1,0,0,6.16313E+20,5.33934E+21,1.05652E+16,4.81966E+16
79807,79808,9,1,62,0,2016,8,16,2,3,0,7,0,0,1,0,0,0,0,0,6.85984E+20,5.33526E+21,1.15002E+16,4.81433E+16
79808,79809,9,3,75,117,2016,8,9,7,3,2,6,0,0,0,1,0,0,0,0,7.38968E+20,5.43188E+21,1.2267E+16,4.89935E+16
79809,79810,9,5,64,0,2016,8,16,3,3,5,2,0,0,1,1,0,0,0,0,6.55447E+20,5.47721E+21,1.11437E+16,4.94277E+16
79810,79811,9,4,71,117,2016,8,19,5,2,5,2,0,0,0,0,0,1,0,1,6.30305E+20,5.53083E+21,1.08151E+16,4.99156E+16
79811,79812,9,1,88,120,2016,8,17,7,3,0,1,0,1,1,0,0,0,0,0,6.77323E+20,5.32644E+21,1.13803E+16,4.80666E+16
79812,79813,9,7,72,163,2016,8,20,1,2,8,1,1,0,0,0,0,1,0,0,6.38412E+20,5.34668E+21,1.08649E+16,4.82582E+16
79813,79814,9,1,62,0,2016,8,10,3,3,2,6,0,0,0,1,0,0,0,0,6.89419E+20,5.34074E+21,1.15488E+16,4.81916E+16
79814,79815,9,1,62,0,2016,8,13,2,3,5,3,0,0,0,1,0,0,0,0,6.97385E+20,5.33134E+21,1.16515E+16,4.81047E+16
79815,79816,9,3,75,117,2016,8,16,7,3,2,6,0,0,0,1,0,0,0,0,7.40406E+20,5.43196E+21,1.22866E+16,4.89937E+16
79816,79817,9,5,72,131,2016,8,17,3,3,0,1,0,0,1,0,0,0,0,0,6.54659E+20,5.48667E+21,1.11366E+16,4.95129E+16
79817,79818,9,1,74,131,2016,8,15,7,3,0,1,0,0,0,0,0,1,0,0,6.76984E+20,5.35684E+21,1.13884E+16,4.834E+16
79818,79819,9,6,75,113,2016,8,23,1,1,8,7,2,0,0,1,0,0,0,0,5.79595E+20,5.50955E+21,1.01045E+16,4.97332E+16
79819,79820,9,1,61,0,2016,8,4,1,3,5,3,2,1,0,1,0,0,0,0,6.8136E+20,5.40222E+21,1.14672E+16,4.87465E+16
79820,79821,9,1,89,114,2016,8,19,5,2,4,1,0,0,0,1,0,1,0,0,7.64177E+20,5.31016E+21,1.25342E+16,4.78903E+16
79821,79822,9,7,72,151,2016,8,23,4,3,9,1,2,0,0,1,0,0,0,0,6.22676E+20,5.34455E+21,1.06523E+16,4.82423E+16
79822,79823,9,1,83,116,2016,8,15,4,2,5,3,0,0,1,0,0,0,0,1,7.63539E+20,5.35269E+21,1.25519E+16,4.82725E+16
79823,79824,9,5,64,0,2016,8,14,5,3,2,6,0,0,0,1,0,0,0,0,6.48023E+20,5.4715E+21,1.10393E+16,4.93782E+16
79824,79825,9,3,75,210,2016,8,15,1,3,3,6,0,0,0,1,0,0,0,0,7.45037E+20,5.43271E+21,1.23503E+16,4.89986E+16
79825,79826,9,3,75,117,2016,8,9,7,2,2,6,0,0,0,1,0,0,0,0,7.39604E+20,5.43195E+21,1.22757E+16,4.89939E+16
79826,79827,9,1,83,128,2016,8,11,2,3,5,3,0,0,0,1,0,0,0,0,7.63034E+20,5.35067E+21,1.25439E+16,4.82546E+16
79827,79828,9,2,72,126,2016,8,23,4,3,8,1,2,0,0,1,0,0,0,0,8.3619E+20,5.41725E+21,1.35803E+16,4.88171E+16
79828,79829,9,4,72,199,2016,8,20,2,2,5,3,1,0,0,1,0,1,0,0,6.9106E+20,5.53204E+21,1.16611E+16,4.99101E+16
79829,79830,9,7,78,123,2016,8,17,2,3,5,3,0,0,0,1,0,1,0,0,5.84835E+20,5.3163E+21,1.01372E+16,4.79944E+16
79830,79831,9,3,75,119,2016,8,20,7,3,8,7,1,1,0,1,0,0,0,0,7.36117E+20,5.44204E+21,1.2234E+16,4.90859E+16
79831,79832,9,5,64,0,2016,8,8,3,3,4,2,0,0,0,1,0,0,0,0,6.47759E+20,5.47773E+21,1.1038E+16,4.94343E+16
79832,79833,9,3,75,213,2016,8,7,5,3,5,3,0,0,0,0,0,1,0,1,7.27378E+20,5.44114E+21,1.2114E+16,4.90811E+16
79833,79834,9,1,84,118,2016,8,14,7,3,2,6,0,0,0,1,0,0,0,0,7.03084E+20,5.33577E+21,1.17301E+16,4.81427E+16
79834,79835,9,6,63,0,2016,8,23,1,2,3,6,2,0,0,1,0,0,1,0,5.65718E+20,5.51731E+21,9.9133E+15,4.98047E+16
79835,79836,9,7,74,118,2016,8,13,7,2,2,6,0,0,1,0,0,0,0,0,5.93033E+20,5.36445E+21,1.02576E+16,4.84263E+16
79836,79837,9,1,74,143,2016,8,15,5,3,9,6,0,0,0,1,0,0,0,0,6.77417E+20,5.35293E+21,1.13926E+16,4.83046E+16
79837,79838,9,3,76,170,2016,8,23,1,3,7,7,2,0,0,1,0,0,0,0,7.30417E+20,5.45792E+21,1.21651E+16,4.92307E+16
79838,79839,9,5,65,0,2016,8,4,4,1,8,1,2,0,0,1,0,0,0,0,6.46847E+20,5.46868E+21,1.10221E+16,4.93531E+16
79839,79840,9,1,61,0,2016,8,21,4,2,5,3,2,0,1,1,0,0,0,0,6.79234E+20,5.40443E+21,1.14392E+16,4.87671E+16
79840,79841,9,4,76,146,2016,8,6,5,2,4,6,0,0,0,1,0,1,0,0,6.59952E+20,5.5647E+21,1.12419E+16,5.02128E+16
79841,79842,9,1,77,143,2016,8,17,1,3,0,7,0,0,1,0,0,0,0,0,7.20887E+20,5.366E+21,1.19849E+16,4.84084E+16
79842,79843,9,1,87,169,2016,8,14,5,3,4,2,0,0,0,1,0,0,0,0,7.38494E+20,5.30045E+21,1.21858E+16,4.78132E+16
79843,79844,9,3,76,151,2016,8,18,1,3,4,6,0,0,0,1,0,1,0,0,7.51037E+20,5.48496E+21,1.24649E+16,4.94653E+16
79844,79845,9,6,63,0,2016,8,14,4,3,2,6,0,0,0,0,0,0,1,0,5.64608E+20,5.51149E+21,9.89691E+15,4.97524E+16
79845,79846,9,1,71,113,2016,8,10,4,2,0,1,0,0,0,0,0,1,0,0,7.70159E+20,5.33808E+21,1.26316E+16,4.81385E+16
79846,79847,9,5,77,158,2016,8,17,5,3,4,6,0,0,0,1,0,0,0,1,6.46851E+20,5.4268E+21,1.10069E+16,4.89767E+16
79847,79848,9,2,78,141,2016,8,1,1,3,5,3,2,1,0,1,0,0,0,1,7.5938E+20,5.42872E+21,1.25435E+16,4.89569E+16
79848,79849,9,3,75,175,2016,8,16,7,3,8,1,0,0,0,0,0,1,0,0,7.14139E+20,5.43211E+21,1.19281E+16,4.90047E+16
79849,79850,9,2,74,113,2016,8,17,4,2,3,6,0,0,1,1,0,0,0,0,7.29318E+20,5.38387E+21,1.21085E+16,4.8566E+16
79850,79851,9,4,62,0,2016,8,15,2,3,2,6,0,0,0,1,0,0,0,0,6.85176E+20,5.53583E+21,1.15811E+16,4.99461E+16
79851,79852,9,7,76,116,2016,8,9,3,3,4,2,0,0,0,1,0,0,1,0,5.51236E+20,5.2681E+21,9.68114E+15,4.75643E+16
79852,79853,9,1,62,0,2016,8,2,7,2,8,1,2,0,0,1,0,0,0,0,7.01178E+20,5.33565E+21,1.17045E+16,4.81423E+16
79853,79854,9,6,77,155,2016,8,16,1,2,4,6,0,0,0,1,0,0,0,0,5.41897E+20,5.53901E+21,9.58463E+15,5.0002E+16
79854,79855,9,7,77,151,2016,8,13,2,3,9,1,0,0,0,1,0,0,0,1,6.18273E+20,5.29042E+21,1.05781E+16,4.77563E+16
79855,79856,9,2,78,129,2016,8,19,3,3,9,6,0,0,0,1,0,1,0,0,7.71855E+20,5.43778E+21,1.27196E+16,4.90329E+16
79856,79857,9,2,74,124,2016,8,15,1,1,8,1,0,0,0,1,0,0,0,0,7.24986E+20,5.37759E+21,1.20465E+16,4.85111E+16
79857,79858,9,5,71,226,2016,8,19,3,2,5,3,0,0,1,1,0,0,0,0,6.33802E+20,5.45708E+21,1.08387E+16,4.92519E+16
79858,79859,9,2,76,138,2016,8,17,5,3,2,6,0,0,0,1,0,0,0,1,8.01548E+20,5.43198E+21,1.31205E+16,4.8967E+16
79859,79860,9,1,77,130,2016,8,10,5,3,2,6,0,0,0,1,0,0,0,0,7.04917E+20,5.35068E+21,1.17619E+16,4.82762E+16
79860,79861,9,1,89,152,2016,8,15,2,3,0,7,0,0,1,0,0,0,0,0,7.81059E+20,5.32919E+21,1.2772E+16,4.80541E+16
79861,79862,9,2,75,154,2016,8,15,1,3,8,1,0,1,0,1,0,0,0,0,8.04679E+20,5.3912E+21,1.3133E+16,4.85997E+16
79862,79863,9,1,82,133,2016,8,9,2,3,3,6,0,0,0,0,0,1,0,1,7.03701E+20,5.30796E+21,1.17252E+16,4.78926E+16
79863,79864,9,5,64,0,2016,8,18,4,3,2,6,0,0,0,1,0,0,0,1,6.46158E+20,5.47631E+21,1.10154E+16,4.94219E+16
79864,79865,9,7,79,131,2016,8,16,6,3,5,3,0,0,1,1,0,0,0,0,6.31481E+20,5.39688E+21,1.07873E+16,4.87111E+16
79865,79866,9,1,79,142,2016,8,9,4,3,2,6,0,0,0,1,0,0,0,0,6.74462E+20,5.34484E+21,1.13494E+16,4.82327E+16
79866,79867,9,6,78,192,2016,8,12,3,3,5,2,0,0,0,1,0,0,0,0,5.74742E+20,5.54642E+21,1.00443E+16,5.00654E+16
79867,79868,9,1,89,140,2016,8,21,1,3,8,7,2,1,0,1,0,0,0,0,7.70992E+20,5.29399E+21,1.26151E+16,4.77423E+16
79868,79869,9,3,72,116,2016,8,14,6,3,2,2,0,0,0,1,0,0,0,1,7.68669E+20,5.4602E+21,1.2691E+16,4.92355E+16
79869,79870,9,5,76,151,2016,8,15,1,3,9,1,0,0,0,1,0,1,0,0,6.54542E+20,5.47101E+21,1.11289E+16,4.93722E+16
79870,79871,9,3,63,0,2016,8,15,2,3,5,3,0,0,0,1,0,0,0,0,7.29366E+20,5.5078E+21,1.21796E+16,4.9679E+16
79871,79872,9,1,71,112,2016,8,12,4,3,4,2,0,0,0,1,0,0,0,0,7.84625E+20,5.34188E+21,1.28282E+16,4.81664E+16
79872,79873,9,1,61,0,2016,8,13,6,3,2,6,0,0,0,1,0,0,0,0,6.81057E+20,5.40509E+21,1.14643E+16,4.87724E+16
79873,79874,9,3,77,132,2016,8,9,7,2,5,3,0,0,0,1,0,0,0,0,7.23556E+20,5.52501E+21,1.2109E+16,4.98358E+16
79874,79875,9,1,62,0,2016,8,13,1,3,5,3,0,0,0,1,0,0,0,0,6.86186E+20,5.33526E+21,1.1503E+16,4.81433E+16
79875,79876,9,1,79,142,2016,8,19,2,3,8,1,0,1,0,1,0,0,0,0,6.70376E+20,5.34175E+21,1.12932E+16,4.82061E+16
79876,79877,9,7,62,0,2016,8,22,7,3,2,6,2,0,0,1,0,0,0,0,6.23206E+20,5.30601E+21,1.06484E+16,4.78956E+16
79877,79878,9,7,75,135,2016,8,15,3,3,0,7,0,0,1,0,0,0,0,0,5.74958E+20,5.35701E+21,1.0012E+16,4.83618E+16
79878,79879,9,5,73,134,2016,8,18,3,3,0,7,0,0,1,0,0,0,0,0,6.41612E+20,5.47751E+21,1.09532E+16,4.94338E+16
79879,79880,9,5,64,0,2016,8,7,6,3,9,7,0,0,0,1,0,0,0,0,6.52949E+20,5.48092E+21,1.11108E+16,4.94616E+16
79880,79881,9,1,86,152,2016,8,10,7,3,2,6,0,0,0,1,0,0,0,0,6.912E+20,5.38087E+21,1.1591E+16,4.85517E+16
79881,79882,9,2,71,125,2016,8,19,1,3,2,6,1,0,0,1,0,1,0,0,7.971E+20,5.41108E+21,1.30447E+16,4.87817E+16
79882,79883,9,2,73,152,2016,8,5,3,2,4,6,1,0,0,1,0,0,1,0,7.07274E+20,5.40564E+21,1.1821E+16,4.87692E+16
79883,79884,9,5,76,113,2016,8,12,1,3,8,1,0,0,0,0,0,1,0,0,6.61669E+20,5.45588E+21,1.12209E+16,4.92343E+16
79884,79885,9,6,75,165,2016,8,14,5,3,9,7,0,0,1,0,0,0,0,0,5.87923E+20,5.5166E+21,1.02217E+16,4.97954E+16
79885,79886,9,5,65,0,2016,8,18,2,3,2,6,0,0,0,1,0,0,0,0,6.48349E+20,5.46606E+21,1.10418E+16,4.93292E+16
79886,79887,9,3,76,161,2016,8,14,6,3,2,6,0,0,0,1,0,0,0,0,7.28873E+20,5.47292E+21,1.21525E+16,4.93659E+16
79887,79888,9,2,63,0,2016,8,13,2,3,0,2,0,0,0,1,0,1,0,0,7.61561E+20,5.41967E+21,1.25674E+16,4.88748E+16
79888,79889,9,1,87,177,2016,8,18,2,3,2,6,0,0,0,1,0,0,0,0,7.35122E+20,5.30516E+21,1.21434E+16,4.78567E+16
79889,79890,9,1,61,0,2016,8,23,6,3,2,6,2,0,0,1,0,0,0,0,6.77281E+20,5.40398E+21,1.14125E+16,4.87636E+16
79890,79891,9,3,75,210,2016,8,13,7,3,2,6,0,0,0,1,0,0,0,0,7.48823E+20,5.43262E+21,1.24019E+16,4.89962E+16
79891,79892,9,7,77,166,2016,8,17,7,2,5,3,0,0,1,0,0,1,0,0,6.29655E+20,5.28141E+21,1.07272E+16,4.7673E+16
79892,79893,9,7,72,125,2016,8,13,3,3,0,5,0,0,1,1,0,0,0,0,6.36256E+20,5.34827E+21,1.08363E+16,4.8273E+16
79893,79894,9,4,72,121,2016,8,18,3,1,4,1,0,0,0,1,0,0,0,0,6.98783E+20,5.54834E+21,1.1777E+16,5.00541E+16
79894,79895,9,1,77,117,2016,8,22,3,3,9,1,2,0,0,1,0,0,0,0,7.16796E+20,5.35402E+21,1.19235E+16,4.83022E+16
79895,79896,9,5,71,166,2016,8,23,6,3,2,2,2,0,0,1,0,0,0,0,6.08815E+20,5.45673E+21,1.04953E+16,4.92536E+16
79896,79897,9,1,86,146,2016,8,14,7,3,4,6,0,0,0,1,0,0,0,0,6.86234E+20,5.36993E+21,1.15189E+16,4.84549E+16
79897,79898,9,7,76,116,2016,8,14,3,3,2,6,0,0,0,1,0,0,0,0,5.52256E+20,5.2669E+21,9.69455E+15,4.75534E+16
79898,79899,9,4,63,0,2016,8,15,3,3,1,6,0,0,0,1,0,0,0,0,6.39618E+20,5.5685E+21,1.09585E+16,5.02521E+16
79899,79900,9,5,71,135,2016,8,12,6,3,8,1,0,0,0,0,0,1,0,0,6.17368E+20,5.47522E+21,1.06183E+16,4.94184E+16
79900,79901,9,2,78,189,2016,8,13,1,2,8,1,0,0,0,0,0,1,0,0,7.67527E+20,5.44088E+21,1.26626E+16,4.90626E+16
79901,79902,9,1,86,147,2016,8,12,7,3,4,3,0,0,0,1,0,0,0,0,6.85239E+20,5.39102E+21,1.15148E+16,4.86448E+16
79902,79903,9,1,90,157,2016,8,11,1,3,0,7,0,0,0,0,0,1,0,0,6.60717E+20,5.29952E+21,1.11475E+16,4.78289E+16
79903,79904,9,1,72,116,2016,8,17,3,3,2,6,0,0,0,1,0,0,0,0,8.00928E+20,5.283E+21,1.30059E+16,4.76304E+16
79904,79905,9,6,75,127,2016,8,17,5,2,5,3,0,0,0,1,0,0,0,0,6.04751E+20,5.51509E+21,1.0455E+16,4.97791E+16
79905,79906,9,5,77,148,2016,8,14,2,2,0,6,0,0,0,0,0,0,1,0,6.42739E+20,5.41734E+21,1.09474E+16,4.88925E+16
79906,79907,9,1,84,135,2016,8,11,1,3,0,1,0,0,0,0,0,1,0,0,6.92702E+20,5.34932E+21,1.15969E+16,4.82677E+16
79907,79908,9,3,71,150,2016,8,18,6,3,5,2,0,0,0,1,0,0,1,0,7.17253E+20,5.49341E+21,1.2004E+16,4.95543E+16
79908,79909,9,2,77,116,2016,8,15,2,3,5,3,0,0,0,1,0,0,1,0,7.78792E+20,5.36672E+21,1.27663E+16,4.8392E+16
79909,79910,9,1,76,111,2016,8,9,6,3,0,7,0,0,0,0,0,0,0,1,6.63133E+20,5.41202E+21,1.12233E+16,4.88397E+16
79910,79911,9,3,75,118,2016,8,18,7,3,9,7,0,0,0,1,0,0,0,0,7.06127E+20,5.44192E+21,1.18237E+16,4.90956E+16
79911,79912,9,7,77,169,2016,8,22,7,3,9,1,2,0,1,0,0,0,0,0,6.28896E+20,5.26938E+21,1.07136E+16,4.75651E+16
79912,79913,9,6,63,0,2016,8,14,3,3,0,3,0,0,0,1,0,1,0,0,5.69127E+20,5.51724E+21,9.96066E+15,4.98037E+16
79913,79914,9,3,74,129,2016,8,17,3,3,2,6,0,0,0,1,0,0,0,0,6.97769E+20,5.51456E+21,1.17456E+16,4.9751E+16
79914,79915,9,7,78,168,2016,8,6,2,3,4,6,0,1,0,1,0,0,1,0,6.03866E+20,5.31348E+21,1.03915E+16,4.79662E+16
79915,79916,9,5,61,0,2016,8,18,6,3,7,7,0,0,0,0,0,1,0,0,6.13895E+20,5.46024E+21,1.05661E+16,4.92843E+16
79916,79917,9,1,62,0,2016,8,14,7,3,2,6,0,0,0,1,0,0,0,0,6.8237E+20,5.34196E+21,1.14546E+16,4.82047E+16
79917,79918,9,2,63,0,2016,8,13,6,3,5,2,0,0,0,1,0,0,0,0,7.63291E+20,5.41923E+21,1.25907E+16,4.887E+16
79918,79919,9,1,90,140,2016,8,12,1,2,9,1,0,1,0,0,0,1,0,0,6.45698E+20,5.29178E+21,1.09443E+16,4.77629E+16
79919,79920,9,1,61,0,2016,8,11,3,3,2,6,0,0,0,1,0,0,1,0,6.82357E+20,5.40642E+21,1.14826E+16,4.8784E+16
79920,79921,9,5,72,139,2016,8,19,1,3,1,2,1,0,0,1,0,0,0,0,6.28337E+20,5.50691E+21,1.07798E+16,4.97011E+16
79921,79922,9,1,73,133,2016,8,16,4,2,8,1,0,0,0,0,0,1,0,0,6.76823E+20,5.27832E+21,1.13539E+16,4.76341E+16
79922,79923,9,1,76,123,2016,8,12,6,3,5,3,0,0,0,1,0,1,0,0,6.59389E+20,5.41874E+21,1.11749E+16,4.89011E+16
79923,79924,9,1,62,0,2016,8,16,1,3,5,3,0,0,0,1,0,0,0,0,6.93714E+20,5.33703E+21,1.16049E+16,4.8157E+16
79924,79925,9,2,63,0,2016,8,14,6,3,3,2,0,0,0,1,0,1,0,0,7.62252E+20,5.4179E+21,1.25757E+16,4.88586E+16
79925,79926,9,1,81,130,2016,8,21,2,3,2,6,2,1,0,1,0,1,0,0,6.38977E+20,5.32526E+21,1.08655E+16,4.80655E+16
79926,79927,9,1,90,152,2016,8,16,2,3,4,1,0,1,0,1,0,0,0,0,6.68559E+20,5.29996E+21,1.12523E+16,4.78309E+16
79927,79928,9,1,73,135,2016,8,12,1,2,4,6,0,0,0,1,0,1,0,0,6.92381E+20,5.27449E+21,1.15591E+16,4.75953E+16
79928,79929,9,1,87,179,2016,8,22,3,3,9,1,2,0,0,1,0,0,0,0,7.2282E+20,5.31307E+21,1.19833E+16,4.79322E+16
79929,79930,9,5,76,151,2016,8,12,1,1,4,6,0,0,0,1,0,0,0,0,6.61941E+20,5.46643E+21,1.12289E+16,4.93291E+16
79930,79931,9,5,75,156,2016,8,5,2,3,8,1,1,0,0,1,0,0,0,0,6.06412E+20,5.47964E+21,1.04685E+16,4.94601E+16
79931,79932,9,1,62,0,2016,8,16,1,3,2,6,0,0,0,1,0,0,0,0,6.92628E+20,5.33118E+21,1.15876E+16,4.81047E+16
79932,79933,9,2,77,138,2016,8,12,6,3,2,6,0,0,0,1,0,0,0,0,7.92392E+20,5.37188E+21,1.29532E+16,4.84321E+16
79933,79934,9,1,71,121,2016,8,14,2,1,4,6,0,0,0,1,0,0,0,0,7.74992E+20,5.34341E+21,1.26999E+16,4.81844E+16
79934,79935,9,2,73,152,2016,8,8,2,3,9,1,0,1,0,1,0,0,0,0,7.05211E+20,5.41001E+21,1.17951E+16,4.88091E+16
79935,79936,9,1,76,164,2016,8,19,4,3,0,6,0,0,1,0,0,0,0,0,6.66019E+20,5.4295E+21,1.12697E+16,4.89961E+16
79936,79937,9,1,81,130,2016,8,11,6,3,2,6,0,0,0,1,0,0,0,1,6.3899E+20,5.32533E+21,1.08657E+16,4.80661E+16
79937,79938,9,3,75,175,2016,8,22,7,3,0,7,2,0,0,0,0,1,0,0,7.15878E+20,5.43466E+21,1.19532E+16,4.9027E+16
79938,79939,9,7,79,197,2016,8,13,7,3,2,2,0,0,0,1,0,0,0,0,6.14745E+20,5.41878E+21,1.0566E+16,4.89113E+16
79939,79940,9,6,72,114,2016,8,6,3,2,0,7,0,0,1,0,0,0,0,0,5.76991E+20,5.55958E+21,1.00784E+16,5.01834E+16
79940,79941,9,6,74,149,2016,8,6,3,2,4,6,1,0,0,1,0,0,0,0,6.08366E+20,5.55338E+21,1.0516E+16,5.01228E+16
79941,79942,9,1,81,137,2016,8,5,7,3,8,1,1,0,0,1,0,0,0,0,6.49203E+20,5.30674E+21,1.09962E+16,4.78966E+16
79942,79943,9,3,61,0,2016,8,11,3,3,4,2,0,0,0,1,0,1,0,0,7.06428E+20,5.48098E+21,1.1848E+16,4.94464E+16
79943,79944,9,3,76,161,2016,8,12,3,3,5,3,0,0,0,1,0,0,0,0,7.26999E+20,5.47015E+21,1.21252E+16,4.93418E+16
79944,79945,9,7,72,223,2016,8,17,2,3,8,1,0,1,0,1,0,0,0,0,6.19025E+20,5.36309E+21,1.06084E+16,4.84098E+16
79945,79946,9,4,79,152,2016,8,19,6,3,5,3,0,0,0,1,0,0,0,0,7.2276E+20,5.56199E+21,1.21194E+16,5.01682E+16
79946,79947,9,1,88,124,2016,8,18,7,3,2,2,0,0,0,1,0,1,0,0,6.61956E+20,5.31743E+21,1.11707E+16,4.79897E+16
79947,79948,9,2,61,0,2016,8,4,6,3,0,1,2,0,1,0,0,0,0,0,7.32255E+20,5.38066E+21,1.21464E+16,4.8536E+16
79948,79949,9,1,75,132,2016,8,17,3,2,2,6,0,0,0,1,0,0,0,0,7.04975E+20,5.33634E+21,1.17558E+16,4.81473E+16
79949,79950,9,5,74,156,2016,8,16,1,3,3,6,0,0,1,0,0,0,0,0,6.5975E+20,5.48239E+21,1.12051E+16,4.94731E+16
79950,79951,9,4,71,159,2016,8,20,2,2,5,3,1,0,0,1,0,1,0,0,6.38978E+20,5.53204E+21,1.09363E+16,4.99246E+16
79951,79952,9,1,83,135,2016,8,22,4,3,2,6,2,0,0,1,0,0,0,0,7.42852E+20,5.35177E+21,1.22731E+16,4.82725E+16
79952,79953,9,1,62,0,2016,8,13,6,2,2,6,0,0,0,1,0,0,1,0,6.78359E+20,5.33436E+21,1.13975E+16,4.81374E+16
79953,79954,9,3,73,155,2016,8,16,7,3,1,6,0,0,0,1,0,1,0,0,6.71025E+20,5.46486E+21,1.13531E+16,4.93125E+16
79954,79955,9,7,78,173,2016,8,9,1,3,2,6,0,0,0,1,0,0,1,0,6.12566E+20,5.3207E+21,1.05099E+16,4.80297E+16
79955,79956,9,1,74,113,2016,8,13,2,3,5,3,0,1,0,1,0,1,0,0,6.74666E+20,5.34766E+21,1.13533E+16,4.82581E+16
79956,79957,9,7,79,197,2016,8,19,7,2,8,7,0,0,0,0,0,1,0,0,6.17588E+20,5.42307E+21,1.06061E+16,4.89493E+16
79957,79958,9,1,71,135,2016,8,13,2,3,4,2,0,1,0,1,0,0,0,0,7.68644E+20,5.33953E+21,1.26122E+16,4.81522E+16
79958,79959,9,1,62,0,2016,8,17,3,3,4,2,0,0,0,1,0,0,0,0,6.97395E+20,5.33132E+21,1.16517E+16,4.81045E+16
79959,79960,9,5,64,0,2016,8,12,3,3,2,6,0,0,1,1,0,0,0,0,6.52588E+20,5.4808E+21,1.11057E+16,4.94607E+16
79960,79961,9,5,64,0,2016,8,14,6,3,4,2,0,0,0,1,0,0,0,0,6.48631E+20,5.48099E+21,1.10512E+16,4.94633E+16
79961,79962,9,1,88,132,2016,8,10,7,3,5,2,0,0,0,1,0,0,0,0,6.63725E+20,5.32117E+21,1.11959E+16,4.80229E+16
79962,79963,9,1,72,128,2016,8,13,1,3,2,6,0,0,0,1,0,0,0,0,7.93987E+20,5.2979E+21,1.29238E+16,4.77673E+16
79963,79964,9,1,74,122,2016,8,11,4,3,5,3,0,0,1,1,0,0,0,0,6.82934E+20,5.35107E+21,1.14661E+16,4.82864E+16
79964,79965,9,1,81,118,2016,8,11,6,3,0,7,0,0,0,0,0,1,0,0,6.50983E+20,5.32892E+21,1.10278E+16,4.80956E+16
79965,79966,9,3,76,175,2016,8,15,7,3,0,1,0,0,0,0,0,1,0,0,7.30394E+20,5.47072E+21,1.21722E+16,4.93457E+16
79966,79967,9,7,73,139,2016,8,20,7,3,0,1,0,0,1,0,0,0,0,0,6.15053E+20,5.38576E+21,1.0561E+16,4.86143E+16
79967,79968,9,5,76,151,2016,8,17,3,3,2,3,0,0,0,1,0,0,0,0,6.56475E+20,5.47004E+21,1.11551E+16,4.9363E+16
79968,79969,9,5,62,0,2016,8,23,6,3,0,7,2,0,0,1,0,0,0,0,6.40418E+20,5.49199E+21,1.09419E+16,4.95642E+16
79969,79970,9,1,79,111,2016,8,18,7,3,4,1,0,0,0,1,0,0,0,0,6.55023E+20,5.34034E+21,1.10862E+16,4.81974E+16
79970,79971,9,2,75,150,2016,8,13,3,2,8,6,0,0,0,0,0,1,0,0,8.34512E+20,5.39632E+21,1.35405E+16,4.86304E+16