FID,OBJECTID,ULAND,UREGBEZ,UKREIS,UGEMEINDE,UJAHR,UMONAT,USTUNDE,UWOCHENTAG,UKATEGORIE,UART,UTYP1,ULICHTVERH,IstStrasse,IstRad,IstPKW,IstFuss,IstKrad,IstGkfz,IstSonstig,LINREFX,LINREFY,XGCSWGS84,YGCSWGS84
79971,79972,9,6,79,141,2016,8,16,2,3,4,1,0,0,0,1,0,0,0,0,5.55633E+20,5.51867E+21,9.77336E+15,4.98178E+16
79972,79973,9,4,75,156,2016,8,11,6,3,5,3,0,0,1,1,0,0,0,0,6.92047E+20,5.58032E+21,1.16992E+16,5.03436E+16
79973,79974,9,2,79,132,2016,8,16,6,3,8,1,0,0,0,1,0,0,0,0,7.68972E+20,5.4048E+21,1.26585E+16,4.87381E+16
79974,79975,9,5,74,128,2016,8,12,1,2,5,3,0,0,1,1,0,0,0,0,6.79334E+20,5.48396E+21,1.14759E+16,4.94818E+16
79975,79976,9,3,77,129,2016,8,13,2,2,3,2,0,0,0,0,0,1,0,1,7.14264E+20,5.52274E+21,1.19788E+16,4.98188E+16
79976,79977,9,1,63,0,2016,8,17,4,3,5,3,0,0,1,1,0,0,0,0,7.33678E+20,5.30353E+21,1.21233E+16,4.78426E+16
79977,79978,9,1,84,149,2016,8,16,6,3,8,6,0,0,0,1,0,0,0,0,6.88543E+20,5.34936E+21,1.15409E+16,4.82694E+16
79978,79979,9,3,76,149,2016,8,5,7,2,9,1,2,0,0,1,0,0,0,0,7.33929E+20,5.46024E+21,1.22146E+16,4.92502E+16
79979,79980,9,7,75,152,2016,8,14,1,3,0,2,0,0,0,1,0,1,0,0,5.77006E+20,5.35266E+21,1.00388E+16,4.83224E+16
79980,79981,9,1,74,131,2016,8,17,2,3,1,6,0,1,0,1,0,0,0,0,6.76256E+20,5.35905E+21,1.13795E+16,4.836E+16
79981,79982,9,7,61,0,2016,8,14,7,3,9,7,0,0,0,1,0,0,0,0,6.3971E+20,5.35257E+21,1.08843E+16,4.83109E+16
79982,79983,9,7,78,177,2016,8,17,3,2,4,6,0,0,0,1,0,1,0,0,5.87907E+20,5.32318E+21,1.01797E+16,4.80558E+16
79983,79984,9,5,77,179,2016,8,17,3,3,5,3,0,0,1,1,0,0,0,0,6.23404E+20,5.42548E+21,1.06862E+16,4.89699E+16
79984,79985,9,5,77,120,2016,8,12,6,3,8,1,0,0,0,0,0,1,0,0,6.53324E+20,5.43326E+21,1.10977E+16,4.90332E+16
79985,79986,9,1,89,119,2016,8,8,1,3,2,6,0,0,0,1,0,0,0,0,7.63332E+20,5.3035E+21,1.25189E+16,4.78309E+16
79986,79987,9,1,89,140,2016,8,4,1,3,9,1,2,0,0,1,0,0,0,0,7.73042E+20,5.29518E+21,1.26431E+16,4.77521E+16
79987,79988,9,1,73,123,2016,8,9,3,3,8,7,0,0,0,1,0,0,0,0,6.78426E+20,5.30277E+21,1.13852E+16,4.78535E+16
79988,79989,9,6,75,147,2016,8,16,5,2,5,3,0,0,0,1,0,1,0,0,5.82626E+20,5.50245E+21,1.01451E+16,4.96689E+16
79989,79990,9,5,74,150,2016,8,21,2,2,0,7,2,0,0,1,0,0,0,0,6.70697E+20,5.48755E+21,1.13583E+16,4.95165E+16
79990,79991,9,7,75,135,2016,8,4,1,2,8,1,2,0,0,0,0,1,0,0,5.76152E+20,5.36158E+21,1.00289E+16,4.84028E+16
79991,79992,9,2,73,127,2016,8,17,6,2,8,1,0,0,0,0,0,1,0,0,7.26246E+20,5.40875E+21,1.20805E+16,4.87906E+16
79992,79993,9,2,75,111,2016,8,15,2,3,9,1,0,1,0,1,0,0,0,0,8.17224E+20,5.40051E+21,1.33098E+16,4.86769E+16
79993,79994,9,1,87,179,2016,8,9,2,3,5,3,0,0,0,1,0,0,0,0,7.2736E+20,5.31452E+21,1.20447E+16,4.79436E+16
79994,79995,9,2,74,111,2016,8,14,3,3,5,3,0,0,1,1,0,0,0,0,7.38209E+20,5.38118E+21,1.22273E+16,4.85385E+16
79995,79996,9,5,74,139,2016,8,14,1,3,1,2,0,0,1,1,0,0,0,0,6.66297E+20,5.481E+21,1.12949E+16,4.94589E+16
79996,79997,9,6,77,203,2016,8,6,5,3,2,6,0,0,0,1,0,0,0,0,5.59629E+20,5.52752E+21,9.83026E+15,4.98971E+16
79997,79998,9,6,76,112,2016,8,14,2,3,0,7,0,0,0,1,1,0,0,0,5.16026E+20,5.49906E+21,9.22198E+15,4.96438E+16
79998,79999,9,2,73,137,2016,8,17,6,3,0,7,0,0,1,0,0,0,0,0,7.10881E+20,5.42233E+21,1.18786E+16,4.89179E+16
79999,80000,9,5,63,0,2016,8,19,1,3,5,3,0,0,0,1,0,0,0,0,6.41187E+20,5.48326E+21,1.09494E+16,4.94855E+16
80000,80001,9,3,75,199,2016,8,10,2,2,2,6,0,1,0,1,0,0,0,1,7.22392E+20,5.43182E+21,1.20407E+16,4.89991E+16
80001,80002,9,1,76,129,2016,8,18,2,3,8,1,0,0,0,0,0,1,0,0,6.86558E+20,5.40609E+21,1.15395E+16,4.87798E+16
80002,80003,9,1,78,138,2016,8,14,6,3,1,2,0,0,1,1,0,0,0,0,7.10955E+20,5.36945E+21,1.18526E+16,4.84428E+16
80003,80004,9,3,76,119,2016,8,19,7,2,0,7,0,0,1,0,0,0,0,0,7.20828E+20,5.45498E+21,1.2032E+16,4.92078E+16
80004,80005,9,7,64,0,2016,8,12,1,2,3,6,0,0,0,1,0,0,0,0,5.86269E+20,5.31659E+21,1.01564E+16,4.79968E+16
80005,80006,9,1,74,118,2016,8,13,2,3,5,3,0,0,0,1,0,0,0,0,6.68683E+20,5.35486E+21,1.12757E+16,4.83244E+16
80006,80007,9,7,72,216,2016,8,8,7,3,5,3,0,0,0,1,0,0,0,1,6.22867E+20,5.36777E+21,1.06617E+16,4.84511E+16
80007,80008,9,7,71,130,2016,8,23,3,3,8,1,2,0,0,1,0,0,0,0,6.48633E+20,5.36271E+21,1.10081E+16,4.84E+16
80008,80009,9,4,73,165,2016,8,20,3,3,2,6,1,0,0,1,0,1,0,0,6.30115E+20,5.5644E+21,1.08238E+16,5.02175E+16
80009,80010,9,1,89,140,2016,8,10,1,3,5,3,0,0,0,1,0,0,0,0,7.74581E+20,5.2941E+21,1.26629E+16,4.77418E+16
80010,80011,9,1,75,132,2016,8,19,7,3,5,3,1,0,0,1,0,0,0,0,7.07797E+20,5.33356E+21,1.17923E+16,4.81214E+16
80011,80012,9,1,72,130,2016,8,10,1,2,3,6,0,0,0,1,0,0,0,0,7.95567E+20,5.31237E+21,1.29547E+16,4.78965E+16
80012,80013,9,1,87,169,2016,8,13,3,2,2,6,0,0,0,1,0,0,1,0,7.37593E+20,5.29923E+21,1.21731E+16,4.78026E+16
80013,80014,9,5,64,0,2016,8,13,1,3,3,6,0,0,0,1,0,1,0,0,6.53464E+20,5.47424E+21,1.11153E+16,4.94015E+16
80014,80015,9,6,73,142,2016,8,13,5,3,5,3,0,0,0,1,0,0,0,0,5.92643E+20,5.58935E+21,1.03049E+16,5.04489E+16
80015,80016,9,5,71,180,2016,8,20,2,3,3,6,1,0,1,1,0,0,0,0,6.30026E+20,5.46082E+21,1.0788E+16,4.92863E+16
80016,80017,9,7,74,144,2016,8,13,1,2,5,3,0,0,1,1,0,0,0,0,6.05516E+20,5.3599E+21,1.04251E+16,4.83835E+16
80017,80018,9,1,63,0,2016,8,16,2,3,5,3,0,0,0,1,0,1,0,0,7.34919E+20,5.30497E+21,1.21406E+16,4.78551E+16
80018,80019,9,2,74,172,2016,8,11,2,2,0,1,0,0,1,0,0,0,0,0,7.18226E+20,5.39445E+21,1.19639E+16,4.8665E+16
80019,80020,9,1,82,114,2016,8,17,4,3,3,6,0,0,0,1,0,0,0,0,7.21448E+20,5.29015E+21,1.19532E+16,4.77267E+16
80020,80021,9,1,77,139,2016,8,14,6,2,2,6,0,0,0,1,0,1,0,0,7.31633E+20,5.36057E+21,1.21269E+16,4.83558E+16
80021,80022,9,3,61,0,2016,8,8,7,3,2,6,0,0,0,1,0,0,0,0,7.06239E+20,5.48545E+21,1.18477E+16,4.94866E+16
80022,80023,9,7,72,217,2016,8,20,7,3,8,7,1,0,0,1,0,0,0,0,6.36287E+20,5.38145E+21,1.08475E+16,4.85713E+16
80023,80024,9,6,77,135,2016,8,10,3,2,8,1,0,0,0,0,0,1,0,0,5.42616E+20,5.52239E+21,9.59282E+15,4.98524E+16
80024,80025,9,1,84,135,2016,8,11,5,3,0,7,0,0,0,0,0,1,0,0,6.9256E+20,5.34903E+21,1.15948E+16,4.82652E+16
80025,80026,9,2,76,120,2016,8,11,7,3,5,3,0,0,0,1,0,1,0,0,7.92884E+20,5.44671E+21,1.30131E+16,4.91034E+16
80026,80027,9,7,71,130,2016,8,11,7,3,8,1,0,0,0,1,0,0,0,0,6.54704E+20,5.34948E+21,1.10853E+16,4.82796E+16
80027,80028,9,7,61,0,2016,8,8,3,3,5,3,0,0,0,1,0,0,0,1,6.41359E+20,5.35556E+21,1.09075E+16,4.83374E+16
80028,80029,9,4,74,126,2016,8,8,3,3,4,6,0,0,1,1,0,0,0,0,6.51242E+20,5.50918E+21,1.10981E+16,4.97161E+16
80029,80030,9,1,62,0,2016,8,18,2,3,6,4,0,0,0,0,1,0,0,1,6.96964E+20,5.32945E+21,1.1645E+16,4.80878E+16
80030,80031,9,4,76,164,2016,8,17,6,2,8,1,0,0,0,0,0,1,0,0,6.67293E+20,5.58499E+21,1.13537E+16,5.03932E+16
80031,80032,9,1,75,121,2016,8,10,7,3,8,1,0,0,0,0,0,1,0,0,7.1294E+20,5.31996E+21,1.18546E+16,4.79974E+16
80032,80033,9,1,72,122,2016,8,17,1,2,2,6,0,0,1,0,0,0,0,0,7.92486E+20,5.3139E+21,1.29146E+16,4.79117E+16
80033,80034,9,1,86,149,2016,8,12,3,3,2,6,0,0,0,0,0,0,1,0,6.87294E+20,5.38745E+21,1.15411E+16,4.86121E+16
80034,80035,9,5,77,177,2016,8,22,1,3,3,6,2,1,0,1,0,0,0,0,6.43961E+20,5.43292E+21,1.09696E+16,4.90324E+16
80035,80036,9,2,79,132,2016,8,11,4,2,3,6,0,0,1,1,0,0,0,0,7.69018E+20,5.39861E+21,1.26551E+16,4.86825E+16
80036,80037,9,7,80,147,2016,8,11,1,3,8,1,0,0,0,1,0,0,0,0,6.04276E+20,5.29161E+21,1.03917E+16,4.77694E+16
80037,80038,9,2,79,126,2016,8,6,6,3,1,5,0,0,0,1,0,0,0,0,7.65304E+20,5.38657E+21,1.25971E+16,4.85759E+16
80038,80039,9,2,79,112,2016,8,9,2,3,4,2,0,1,0,1,0,0,0,0,7.56985E+20,5.39398E+21,1.24891E+16,4.8646E+16
80039,80040,9,1,79,118,2016,8,7,4,3,4,2,0,0,1,1,0,0,0,0,6.72939E+20,5.33721E+21,1.13258E+16,4.81646E+16
80040,80041,9,1,84,132,2016,8,13,5,2,6,4,0,0,1,0,1,0,0,0,6.8108E+20,5.32298E+21,1.14292E+16,4.80344E+16
80041,80042,9,2,78,192,2016,8,15,7,2,5,2,0,0,0,1,0,0,0,0,7.71893E+20,5.42126E+21,1.27091E+16,4.88846E+16
80042,80043,9,6,77,114,2016,8,18,7,2,0,6,0,0,0,1,0,1,0,0,5.73771E+20,5.53541E+21,1.00286E+16,4.99665E+16
80043,80044,9,6,78,115,2016,8,7,3,3,2,2,0,0,0,1,0,1,0,1,5.82603E+20,5.54065E+21,1.01529E+16,5.00124E+16
80044,80045,9,1,77,115,2016,8,7,7,3,9,7,0,1,0,0,0,1,0,0,7.33308E+20,5.35229E+21,1.21449E+16,4.82808E+16
80045,80046,9,2,71,125,2016,8,6,3,3,5,3,0,0,0,1,0,0,0,1,7.96982E+20,5.41112E+21,1.30432E+16,4.87821E+16
80046,80047,9,3,76,117,2016,8,6,3,3,9,7,0,0,0,1,0,0,0,0,7.43788E+20,5.46138E+21,1.23506E+16,4.92565E+16
80047,80048,9,7,71,130,2016,8,17,2,3,0,7,0,0,1,0,0,0,0,0,6.47202E+20,5.35827E+21,1.09873E+16,4.83604E+16
80048,80049,9,4,73,141,2016,8,15,6,3,5,3,0,0,0,1,0,1,0,0,6.40948E+20,5.57314E+21,1.09789E+16,5.02936E+16
80049,80050,9,2,79,116,2016,8,15,6,3,9,1,0,0,0,1,0,0,0,0,7.59776E+20,5.39304E+21,1.25263E+16,4.86364E+16
80050,80051,9,5,75,118,2016,8,8,1,2,0,1,0,0,0,0,0,1,0,0,6.17234E+20,5.49415E+21,1.0622E+16,4.95886E+16
80051,80052,9,4,71,151,2016,8,7,2,3,5,3,0,0,0,1,0,0,0,0,6.5441E+20,5.53256E+21,1.11513E+16,4.99254E+16
80052,80053,9,1,71,113,2016,8,16,4,3,2,6,0,0,0,1,0,0,0,0,7.77699E+20,5.34146E+21,1.2735E+16,4.81657E+16
80053,80054,9,1,84,140,2016,8,13,5,3,4,2,0,0,0,1,0,0,0,0,7.00684E+20,5.32887E+21,1.16946E+16,4.80815E+16
80054,80055,9,3,72,168,2016,8,6,3,3,8,1,0,0,0,1,0,0,0,0,7.6494E+20,5.46197E+21,1.26411E+16,4.92531E+16
80055,80056,9,7,78,144,2016,8,7,2,3,8,1,0,1,0,1,0,0,0,0,5.95605E+20,5.30139E+21,1.02782E+16,4.78587E+16
80056,80057,9,4,72,190,2016,8,13,6,2,8,1,0,0,0,0,0,1,0,0,7.02366E+20,5.52929E+21,1.1817E+16,4.98817E+16
80057,80058,9,1,62,0,2016,8,15,6,3,2,6,0,0,0,1,0,0,0,0,6.84822E+20,5.34218E+21,1.14877E+16,4.82059E+16
80058,80059,9,1,73,120,2016,8,18,6,2,5,3,0,0,0,1,0,0,0,0,6.87662E+20,5.3099E+21,1.15117E+16,4.79149E+16
80059,80060,9,1,89,162,2016,8,6,1,3,8,1,0,0,0,1,0,0,0,0,7.80202E+20,5.31813E+21,1.27533E+16,4.79551E+16
80060,80061,9,1,79,119,2016,8,18,3,3,2,6,0,0,0,1,0,0,0,0,6.70399E+20,5.33896E+21,1.12924E+16,4.8181E+16
80061,80062,9,4,76,152,2016,8,0,1,3,8,7,2,0,1,0,0,0,0,0,6.68248E+20,5.59668E+21,1.13723E+16,5.04979E+16
80062,80063,9,4,72,127,2016,8,23,2,3,8,6,2,0,0,1,0,0,0,0,6.88369E+20,5.52384E+21,1.16197E+16,4.98373E+16
80063,80064,9,1,73,133,2016,8,20,4,2,8,1,2,0,0,0,0,1,0,0,6.7709E+20,5.27864E+21,1.13576E+16,4.76369E+16
80064,80065,9,1,84,118,2016,8,14,5,3,2,6,0,0,0,1,0,1,0,0,7.04036E+20,5.33622E+21,1.17431E+16,4.81465E+16
80065,80066,9,2,71,119,2016,8,19,7,3,0,1,0,0,0,1,0,0,0,0,7.92221E+20,5.41837E+21,1.29837E+16,4.88494E+16
80066,80067,9,7,80,117,2016,8,15,1,2,8,1,0,0,1,0,0,0,0,0,5.94881E+20,5.28272E+21,1.02644E+16,4.76909E+16
80067,80068,9,1,74,131,2016,8,6,2,3,4,6,1,1,0,1,0,0,0,0,6.7381E+20,5.36286E+21,1.13481E+16,4.8395E+16
80068,80069,9,6,73,182,2016,8,1,7,3,9,1,2,0,0,1,0,0,0,0,5.89134E+20,5.59326E+21,1.02564E+16,5.04845E+16
80069,80070,9,1,89,157,2016,8,18,2,3,5,3,0,0,0,0,0,1,0,1,7.66424E+20,5.32494E+21,1.25734E+16,4.80221E+16
80070,80071,9,1,84,112,2016,8,14,4,3,2,6,0,0,0,1,0,0,0,0,7.00396E+20,5.34119E+21,1.16966E+16,4.81923E+16
80071,80072,9,1,62,0,2016,8,17,5,2,4,3,0,0,1,1,0,0,0,0,6.89935E+20,5.33955E+21,1.15552E+16,4.81808E+16
80072,80073,9,2,78,139,2016,8,14,7,2,0,6,0,0,0,0,0,1,1,0,7.71452E+20,5.43135E+21,1.27098E+16,4.89753E+16
80073,80074,9,6,73,149,2016,8,9,7,3,4,2,0,0,0,1,0,0,0,0,5.79205E+20,5.58775E+21,1.01153E+16,5.04364E+16
80074,80075,9,5,74,156,2016,8,17,3,2,1,6,0,0,0,1,0,1,0,0,6.58495E+20,5.48197E+21,1.11877E+16,4.94697E+16
80075,80076,9,5,76,127,2016,8,14,6,3,5,3,0,0,0,1,0,1,0,0,6.6448E+20,5.44752E+21,1.1256E+16,4.91584E+16
80076,80077,9,1,82,133,2016,8,17,1,3,2,6,0,0,0,0,0,1,0,0,7.06373E+20,5.30661E+21,1.17603E+16,4.78796E+16
80077,80078,9,7,75,129,2016,8,11,6,3,2,6,0,0,0,1,0,0,0,0,5.8287E+20,5.34431E+21,1.01163E+16,4.82466E+16
80078,80079,9,2,72,136,2016,8,12,3,3,5,3,0,0,0,1,0,0,0,0,8.50019E+20,5.40832E+21,1.37604E+16,4.87295E+16
80079,80080,9,6,74,149,2016,8,16,5,3,8,1,0,0,0,1,0,0,0,0,6.11E+20,5.55364E+21,1.05529E+16,5.01246E+16
80080,80081,9,6,73,173,2016,8,15,2,3,2,6,0,0,0,1,0,0,0,0,5.99956E+20,5.56872E+21,1.04024E+16,5.02622E+16
80081,80082,9,4,74,134,2016,8,14,6,3,4,2,0,0,0,1,0,0,0,1,6.4508E+20,5.50771E+21,1.10121E+16,4.97044E+16
80082,80083,9,1,80,124,2016,8,14,6,3,5,3,0,0,0,1,0,1,0,0,6.65067E+20,5.28182E+21,1.11988E+16,4.76687E+16
80083,80084,9,4,72,175,2016,8,17,1,3,2,6,0,0,0,1,0,0,0,0,6.80557E+20,5.51655E+21,1.15078E+16,4.97742E+16
80084,80085,9,3,72,171,2016,8,15,2,3,8,1,0,0,0,1,0,0,0,0,7.67019E+20,5.47267E+21,1.26767E+16,4.93482E+16
80085,80086,9,1,76,138,2016,8,8,2,2,8,1,0,1,0,1,0,0,1,0,6.757E+20,5.42693E+21,1.14008E+16,4.89703E+16
80086,80087,9,1,87,139,2016,8,16,4,3,2,6,0,0,0,1,0,0,0,0,7.43483E+20,5.31698E+21,1.22617E+16,4.79598E+16
80087,80088,9,1,62,0,2016,8,13,5,3,5,3,0,0,1,1,0,0,0,0,6.92538E+20,5.33919E+21,1.15901E+16,4.81768E+16
80088,80089,9,2,78,129,2016,8,14,7,2,4,1,0,0,0,0,0,1,0,0,7.74763E+20,5.43776E+21,1.27593E+16,4.90314E+16
80089,80090,9,7,80,131,2016,8,17,1,3,0,6,0,0,0,1,0,1,0,0,5.89321E+20,5.25407E+21,1.01845E+16,4.74339E+16
80090,80091,9,1,74,115,2016,8,7,2,3,5,2,0,0,1,1,0,0,0,0,6.80439E+20,5.34828E+21,1.14313E+16,4.8262E+16
80091,80092,9,6,73,162,2016,8,16,7,2,9,1,0,0,0,0,0,1,0,0,5.76481E+20,5.57382E+21,1.00741E+16,5.03115E+16
80092,80093,9,7,76,116,2016,8,21,3,3,8,1,2,0,1,0,0,0,0,0,5.54866E+20,5.26722E+21,9.72928E+15,4.75561E+16
80093,80094,9,4,75,141,2016,8,15,3,2,8,1,0,0,0,0,0,1,0,0,7.02567E+20,5.584E+21,1.18488E+16,5.03731E+16
80094,80095,9,2,75,135,2016,8,9,7,3,2,6,0,0,0,1,0,0,0,0,8.22813E+20,5.40294E+21,1.33874E+16,4.86958E+16
80095,80096,9,7,76,116,2016,8,18,1,3,0,1,0,0,1,0,0,0,0,0,5.51258E+20,5.26807E+21,9.68143E+15,4.75641E+16
80096,80097,9,1,62,0,2016,8,8,2,2,2,6,0,0,0,1,0,0,1,0,6.88091E+20,5.34441E+21,1.15326E+16,4.8225E+16
80097,80098,9,6,72,140,2016,8,21,7,2,2,6,2,0,0,1,0,0,0,1,5.82112E+20,5.55585E+21,1.01493E+16,5.01492E+16
80098,80099,9,1,62,0,2016,8,19,3,3,5,2,1,0,1,1,0,0,0,0,6.88713E+20,5.33629E+21,1.15374E+16,4.81518E+16
80099,80100,9,5,64,0,2016,8,11,3,3,2,6,0,0,0,1,0,0,0,0,6.52387E+20,5.48118E+21,1.11031E+16,4.94641E+16
80100,80101,9,5,64,0,2016,8,15,6,3,2,6,0,0,0,1,0,0,0,0,6.51538E+20,5.48184E+21,1.10916E+16,4.94702E+16
80101,80102,9,7,75,139,2016,8,19,6,3,9,1,0,0,0,1,0,0,0,0,5.79485E+20,5.36755E+21,1.00751E+16,4.8456E+16
80102,80103,9,1,84,114,2016,8,15,1,3,3,6,0,0,0,1,0,0,0,0,6.99018E+20,5.32078E+21,1.16685E+16,4.80093E+16
80103,80104,9,2,74,127,2016,8,10,3,3,5,3,0,0,0,1,0,0,0,0,7.34079E+20,5.39833E+21,1.21811E+16,4.8694E+16
80104,80105,9,4,72,197,2016,8,16,1,2,5,3,0,0,0,1,0,1,0,0,6.68642E+20,5.52396E+21,1.13457E+16,4.98443E+16
80105,80106,9,6,62,0,2016,8,10,5,3,3,3,0,0,0,1,0,1,0,0,5.88039E+20,5.54538E+21,1.02298E+16,5.00542E+16
80106,80107,9,5,62,0,2016,8,16,2,3,2,6,0,0,0,1,0,1,0,0,6.43332E+20,5.4968E+21,1.09839E+16,4.96068E+16
80107,80108,9,1,80,124,2016,8,10,6,3,1,6,0,0,0,1,0,1,0,0,6.65169E+20,5.28243E+21,1.12004E+16,4.76741E+16
80108,80109,9,4,72,121,2016,8,15,1,2,4,6,0,0,0,1,0,1,0,0,6.98388E+20,5.55039E+21,1.17726E+16,5.00726E+16
80109,80110,9,2,78,123,2016,8,18,2,2,8,1,0,0,1,0,0,0,0,0,7.45358E+20,5.41087E+21,1.23416E+16,4.88023E+16
80110,80111,9,1,86,149,2016,8,11,2,3,2,6,0,1,0,1,0,1,0,0,6.8615E+20,5.38862E+21,1.15261E+16,4.8623E+16
80111,80112,9,1,84,120,2016,8,14,5,2,5,3,0,0,1,0,0,0,1,0,6.82128E+20,5.33199E+21,1.14471E+16,4.81151E+16
80112,80113,9,2,73,163,2016,8,14,7,2,9,1,0,0,0,1,0,0,0,0,7.10202E+20,5.39813E+21,1.18569E+16,4.87008E+16
80113,80114,9,6,78,132,2016,8,18,7,2,4,3,0,0,0,1,0,1,0,0,5.8243E+20,5.54558E+21,1.01516E+16,5.00568E+16
80114,80115,9,7,72,184,2016,8,14,3,3,2,6,0,0,0,1,0,0,0,0,6.33288E+20,5.35897E+21,1.07997E+16,4.83698E+16
80115,80116,9,4,77,128,2016,8,15,3,3,4,2,0,0,0,1,0,0,0,0,6.74705E+20,5.55437E+21,1.14437E+16,5.01159E+16
80116,80117,9,1,78,124,2016,8,11,3,3,5,3,0,0,0,1,0,0,0,0,7.0436E+20,5.36918E+21,1.17634E+16,4.84426E+16
80117,80118,9,4,71,165,2016,8,21,6,2,0,1,2,0,1,0,0,0,0,0,6.3079E+20,5.53265E+21,1.08225E+16,4.99319E+16
80118,80119,9,7,75,135,2016,8,16,6,3,5,3,0,0,1,1,0,0,0,0,5.74442E+20,5.36106E+21,1.00057E+16,4.83983E+16
80119,80120,9,1,87,132,2016,8,8,1,3,2,6,0,0,0,1,0,0,0,0,7.48837E+20,5.29991E+21,1.23235E+16,4.78044E+16
80120,80121,9,1,63,0,2016,8,8,3,2,3,6,0,0,1,0,0,0,1,0,7.33693E+20,5.30356E+21,1.21235E+16,4.78429E+16
80121,80122,9,4,74,161,2016,8,9,1,3,8,1,0,0,0,0,0,1,0,0,6.60616E+20,5.51035E+21,1.12285E+16,4.97242E+16
80122,80123,9,1,86,152,2016,8,11,3,3,2,6,0,0,0,1,0,0,0,0,6.91448E+20,5.37363E+21,1.1591E+16,4.84866E+16
80123,80124,9,5,71,214,2016,8,16,2,2,4,6,0,0,0,1,0,0,0,0,6.18271E+20,5.43108E+21,1.06177E+16,4.90213E+16
80124,80125,9,7,77,130,2016,8,18,1,3,0,1,0,0,0,0,0,1,0,0,6.24009E+20,5.30904E+21,1.066E+16,4.79227E+16
80125,80126,9,1,72,112,2016,8,15,6,3,2,6,0,0,0,1,0,0,0,0,7.91254E+20,5.29855E+21,1.28878E+16,4.77744E+16
80126,80127,9,5,71,180,2016,8,7,6,2,8,7,0,0,0,1,0,0,0,0,6.30343E+20,5.46305E+21,1.07931E+16,4.93063E+16
80127,80128,9,1,87,179,2016,8,16,1,3,8,1,0,0,0,1,0,0,0,0,7.23194E+20,5.3113E+21,1.19874E+16,4.79161E+16
80128,80129,9,1,61,0,2016,8,16,1,3,3,6,0,0,1,0,0,0,0,0,6.81064E+20,5.4011E+21,1.14626E+16,4.87365E+16
80129,80130,9,1,89,159,2016,8,9,3,2,2,6,0,0,0,0,0,0,1,1,7.59217E+20,5.30411E+21,1.24643E+16,4.7838E+16
80130,80131,9,6,78,190,2016,8,16,5,3,5,3,0,0,0,1,0,0,0,0,5.80444E+20,5.53507E+21,1.01216E+16,4.99625E+16
80131,80132,9,5,64,0,2016,8,10,2,3,3,2,0,0,0,1,0,0,0,1,6.5021E+20,5.47728E+21,1.10716E+16,4.94296E+16
80132,80133,9,7,80,124,2016,8,15,1,3,5,2,0,0,0,1,0,1,0,0,5.89201E+20,5.26911E+21,1.0186E+16,4.75693E+16
80133,80134,9,1,89,159,2016,8,14,6,3,2,6,0,0,0,1,0,0,0,0,7.62014E+20,5.3039E+21,1.25015E+16,4.7835E+16
80134,80135,9,2,75,132,2016,8,7,2,3,2,1,0,1,0,1,0,0,0,1,8.10286E+20,5.35877E+21,1.31848E+16,4.83059E+16
80135,80136,9,7,74,144,2016,8,0,5,3,0,1,2,0,0,1,0,0,0,1,6.06706E+20,5.3632E+21,1.0442E+16,4.84129E+16
80136,80137,9,2,61,0,2016,8,16,7,3,2,6,0,0,0,1,0,0,0,0,7.32527E+20,5.38207E+21,1.21509E+16,4.85485E+16
80137,80138,9,5,62,0,2016,8,22,7,2,0,7,2,0,0,0,0,1,0,0,6.44602E+20,5.4954E+21,1.1001E+16,4.95939E+16
80138,80139,9,6,79,128,2016,8,13,3,3,5,2,0,0,0,1,0,0,0,0,5.61141E+20,5.52281E+21,9.85057E+15,4.98546E+16
80139,80140,9,4,61,0,2016,8,15,3,3,7,7,0,0,1,0,0,0,0,0,6.35354E+20,5.52997E+21,1.08851E+16,4.99068E+16
80140,80141,9,1,62,0,2016,8,16,2,3,1,6,0,0,0,1,0,0,0,0,6.90125E+20,5.33903E+21,1.15576E+16,4.81761E+16
80141,80142,9,3,77,159,2016,8,13,6,3,3,6,0,0,0,1,0,0,0,1,7.2981E+20,5.53001E+21,1.21989E+16,4.98783E+16
80142,80143,9,7,78,118,2016,8,13,6,3,2,6,0,0,0,1,0,0,0,0,5.90316E+20,5.31413E+21,1.02102E+16,4.79741E+16
80143,80144,9,1,83,139,2016,8,15,6,3,2,6,0,0,0,1,0,1,0,0,7.35749E+20,5.33723E+21,1.21694E+16,4.81446E+16
80144,80145,9,1,76,153,2016,8,16,1,3,2,6,0,0,0,1,0,1,0,0,6.96656E+20,5.41084E+21,1.16791E+16,4.88194E+16
80145,80146,9,1,85,149,2016,8,18,3,3,5,7,0,0,1,1,0,0,0,0,6.60086E+20,5.40094E+21,1.11775E+16,4.87409E+16
80146,80147,9,3,74,162,2016,8,19,1,3,5,3,0,0,1,1,0,0,0,0,7.39245E+20,5.50333E+21,1.23136E+16,4.9635E+16
80147,80148,9,1,90,133,2016,8,17,4,2,2,6,0,0,1,0,0,0,0,0,6.36203E+20,5.29585E+21,1.08189E+16,4.78016E+16
80148,80149,9,7,75,135,2016,8,13,5,3,1,3,0,0,1,1,0,0,0,0,5.76789E+20,5.36191E+21,1.00376E+16,4.84056E+16
80149,80150,9,7,72,147,2016,8,17,1,3,9,1,0,0,0,0,0,1,0,0,6.38472E+20,5.36422E+21,1.08714E+16,4.84159E+16
80150,80151,9,1,83,148,2016,8,16,6,3,2,6,0,0,0,1,0,0,0,0,7.53785E+20,5.34632E+21,1.24169E+16,4.82193E+16