FID,OBJECTID,ULAND,UREGBEZ,UKREIS,UGEMEINDE,UJAHR,UMONAT,USTUNDE,UWOCHENTAG,UKATEGORIE,UART,UTYP1,ULICHTVERH,IstStrasse,IstRad,IstPKW,IstFuss,IstKrad,IstGkfz,IstSonstig,LINREFX,LINREFY,XGCSWGS84,YGCSWGS84
80330,80331,9,2,78,141,2016,8,13,1,3,9,1,0,0,0,0,0,1,0,0,7.59294E+20,5.43097E+21,1.25437E+16,4.89771E+16
80331,80332,9,3,72,116,2016,8,19,2,3,2,6,0,0,0,0,0,1,0,1,7.66975E+20,5.45669E+21,1.26655E+16,4.92048E+16
80332,80333,9,1,76,121,2016,8,14,2,2,6,6,0,0,0,1,1,0,0,0,6.51633E+20,5.41635E+21,1.10683E+16,4.88815E+16
80333,80334,9,7,77,141,2016,8,17,5,3,4,1,0,0,0,1,0,0,0,0,6.30044E+20,5.3086E+21,1.07406E+16,4.79175E+16
80334,80335,9,1,83,130,2016,8,14,7,3,0,2,0,0,0,1,0,1,0,0,7.61294E+20,5.35922E+21,1.25257E+16,4.83321E+16
80335,80336,9,6,71,122,2016,8,12,1,2,6,7,0,0,0,1,1,0,0,0,5.04727E+20,5.52918E+21,9.06584E+15,4.9915E+16
80336,80337,9,1,74,136,2016,8,9,2,2,8,1,0,0,0,1,0,0,0,0,6.85758E+20,5.36241E+21,1.15091E+16,4.83874E+16
80337,80338,9,4,79,111,2016,8,12,7,3,5,3,0,0,0,1,0,0,0,0,7.16164E+20,5.5456E+21,1.20179E+16,5.00234E+16
80338,80339,9,7,72,200,2016,8,13,3,3,5,3,0,0,0,1,0,0,0,0,6.31513E+20,5.33716E+21,1.0769E+16,4.81741E+16
80339,80340,9,4,77,128,2016,8,17,3,3,2,6,0,0,0,1,0,0,0,0,6.71711E+20,5.55268E+21,1.14011E+16,5.01016E+16
80340,80341,9,1,78,155,2016,8,16,3,3,3,6,0,0,0,1,0,0,0,0,7.17438E+20,5.37579E+21,1.19435E+16,4.84976E+16
80341,80342,9,6,75,139,2016,8,10,6,3,0,1,0,0,0,0,0,0,1,0,5.89673E+20,5.5063E+21,1.02436E+16,4.97025E+16
80342,80343,9,7,75,139,2016,8,12,7,3,2,6,0,0,0,1,0,0,0,0,5.78923E+20,5.3674E+21,1.00674E+16,4.84548E+16
80343,80344,9,1,63,0,2016,8,19,3,3,0,6,0,0,0,0,0,1,0,0,7.3456E+20,5.30428E+21,1.21354E+16,4.7849E+16
80344,80345,9,2,78,113,2016,8,11,1,3,5,2,0,0,0,1,0,0,0,0,7.71891E+20,5.42126E+21,1.27091E+16,4.88846E+16
80345,80346,9,5,65,0,2016,8,7,5,3,0,2,0,0,0,1,0,1,1,0,6.51012E+20,5.46629E+21,1.10785E+16,4.93306E+16
80346,80347,9,1,84,147,2016,8,12,3,3,2,6,0,0,0,1,0,0,0,0,7.00173E+20,5.34125E+21,1.16936E+16,4.81929E+16
80347,80348,9,5,71,136,2016,8,13,2,2,1,6,0,0,0,1,1,0,0,0,5.91163E+20,5.43889E+21,1.02488E+16,4.90961E+16
80348,80349,9,6,61,0,2016,8,20,1,3,5,3,2,0,1,1,0,0,0,0,5.09745E+20,5.53633E+21,9.13592E+15,4.99792E+16
80349,80350,9,1,86,137,2016,8,21,6,1,4,1,2,0,0,1,0,0,0,0,6.80558E+20,5.39687E+21,1.14539E+16,4.86987E+16
80350,80351,9,2,73,152,2016,8,13,2,3,8,6,0,0,0,1,0,0,0,0,7.03772E+20,5.40694E+21,1.1774E+16,4.8782E+16
80351,80352,9,1,82,136,2016,8,12,4,3,8,1,0,0,0,1,0,0,0,0,7.03723E+20,5.29697E+21,1.17203E+16,4.77938E+16
80352,80353,9,7,79,169,2016,8,8,5,3,9,1,0,0,0,1,0,0,0,0,6.30858E+20,5.40415E+21,1.07812E+16,4.87766E+16
80353,80354,9,1,82,137,2016,8,7,7,3,2,6,0,0,0,1,0,0,0,0,7.14154E+20,5.30384E+21,1.18628E+16,4.78521E+16
80354,80355,9,5,64,0,2016,8,11,2,3,2,6,0,0,0,1,0,0,0,0,6.45269E+20,5.47815E+21,1.10038E+16,4.94386E+16
80355,80356,9,6,71,153,2016,8,13,1,3,8,1,0,0,0,0,0,1,0,0,5.20693E+20,5.5461E+21,9.28914E+15,5.00668E+16
80356,80357,9,1,76,167,2016,8,15,6,3,3,6,0,0,0,1,0,1,0,0,6.78402E+20,5.40972E+21,1.14302E+16,4.88148E+16
80357,80358,9,2,75,132,2016,8,7,2,3,9,1,0,1,0,1,0,0,0,0,8.10384E+20,5.35879E+21,1.31861E+16,4.8306E+16
80358,80359,9,7,71,122,2016,8,10,5,3,0,7,0,0,0,1,0,0,1,0,6.52614E+20,5.36228E+21,1.10617E+16,4.83952E+16
80359,80360,9,1,87,131,2016,8,19,7,2,2,3,0,0,0,1,0,1,1,0,7.34659E+20,5.29165E+21,1.21299E+16,4.77355E+16
80360,80361,9,4,71,140,2016,8,8,7,3,5,3,0,0,0,1,0,0,0,0,6.33849E+20,5.53123E+21,1.08646E+16,4.99185E+16
80361,80362,9,6,79,175,2016,8,22,3,3,2,6,2,0,0,1,0,0,0,0,5.7364E+20,5.51059E+21,1.00221E+16,4.97433E+16
80362,80363,9,4,71,115,2016,8,10,3,3,2,6,0,0,0,1,0,0,0,0,6.32449E+20,5.53903E+21,1.08477E+16,4.99888E+16
80363,80364,9,1,62,0,2016,8,15,2,3,3,6,0,0,0,1,0,0,1,0,6.92662E+20,5.33016E+21,1.15876E+16,4.80955E+16
80364,80365,9,3,75,165,2016,8,9,6,3,0,3,0,0,1,1,0,0,0,0,7.23527E+20,5.439E+21,1.20601E+16,4.90633E+16
80365,80366,9,6,75,113,2016,8,10,6,3,1,2,0,0,0,0,0,1,1,0,5.77719E+20,5.51295E+21,1.00792E+16,4.9764E+16
80366,80367,9,1,61,0,2016,8,11,6,3,4,2,0,0,1,1,0,0,0,0,6.76479E+20,5.4069E+21,1.14028E+16,4.879E+16
80367,80368,9,7,78,209,2016,8,12,7,2,5,3,0,0,0,1,0,0,0,0,6.17343E+20,5.3256E+21,1.05753E+16,4.80729E+16
80368,80369,9,1,85,163,2016,8,13,3,3,2,6,0,0,0,1,0,0,0,0,6.6407E+20,5.39283E+21,1.12284E+16,4.86669E+16
80369,80370,9,2,71,141,2016,8,11,1,3,5,3,0,0,0,1,0,0,0,0,7.9727E+20,5.39834E+21,1.30379E+16,4.86672E+16
80370,80371,9,1,88,113,2016,8,21,4,2,8,6,2,0,0,1,0,0,0,0,6.79487E+20,5.31127E+21,1.14029E+16,4.79296E+16
80371,80372,9,5,72,133,2016,8,11,1,3,2,6,0,0,0,1,0,0,0,0,6.35848E+20,5.50332E+21,1.08826E+16,4.96671E+16
80372,80373,9,1,86,152,2016,8,18,6,3,2,6,0,0,0,1,0,0,0,0,6.91016E+20,5.38182E+21,1.1589E+16,4.85604E+16
80373,80374,9,1,90,115,2016,8,16,2,2,4,1,0,1,0,1,0,0,0,0,6.70261E+20,5.30179E+21,1.12758E+16,4.78469E+16
80374,80375,9,1,81,133,2016,8,17,4,3,5,3,0,0,0,1,0,1,0,0,6.43602E+20,5.31271E+21,1.09233E+16,4.79516E+16
80375,80376,9,7,61,0,2016,8,9,5,3,5,3,0,0,1,1,0,0,0,0,6.42025E+20,5.35959E+21,1.09179E+16,4.83735E+16
80376,80377,9,1,87,132,2016,8,15,7,3,5,6,0,0,0,0,0,1,0,1,7.48586E+20,5.30035E+21,1.23204E+16,4.78085E+16
80377,80378,9,4,74,154,2016,8,20,7,3,0,7,0,0,1,0,0,0,0,0,6.53432E+20,5.49871E+21,1.11244E+16,4.96215E+16
80378,80379,9,6,71,121,2016,8,15,3,3,5,3,0,0,0,1,0,0,0,0,5.13937E+20,5.53846E+21,9.19446E+15,4.99983E+16
80379,80380,9,6,73,116,2016,8,17,6,3,8,1,0,0,0,1,0,0,0,0,5.83786E+20,5.58582E+21,1.01794E+16,5.04184E+16
80380,80381,9,2,75,153,2016,8,6,3,3,9,1,0,0,0,1,0,0,0,0,8.48299E+20,5.39111E+21,1.37227E+16,4.85761E+16
80381,80382,9,7,71,113,2016,8,7,2,2,5,3,0,0,1,0,0,0,1,0,6.57009E+20,5.37066E+21,1.11242E+16,4.84695E+16
80382,80383,9,3,73,112,2016,8,18,6,3,3,6,0,0,0,1,0,1,0,0,6.78774E+20,5.44617E+21,1.14513E+16,4.91423E+16
80383,80384,9,4,74,176,2016,8,10,7,3,5,3,0,0,0,1,0,0,0,0,6.61541E+20,5.52308E+21,1.12466E+16,4.98383E+16
80384,80385,9,6,77,129,2016,8,16,3,3,6,7,0,0,0,0,1,0,0,1,5.33805E+20,5.54576E+21,9.47232E+15,5.00632E+16
80385,80386,9,6,62,0,2016,8,18,6,3,8,1,0,0,0,1,0,0,0,0,5.89778E+20,5.54841E+21,1.02548E+16,5.00812E+16
80386,80387,9,3,72,164,2016,8,16,3,3,2,7,0,0,0,1,0,0,0,0,7.66427E+20,5.4487E+21,1.26527E+16,4.91333E+16
80387,80388,9,7,76,116,2016,8,8,2,3,9,1,0,1,0,1,0,0,0,0,5.50645E+20,5.26926E+21,9.67341E+15,4.75748E+16
80388,80389,9,3,72,151,2016,8,14,6,3,2,2,0,0,0,1,0,0,0,0,7.81241E+20,5.46047E+21,1.28635E+16,4.92323E+16
80389,80390,9,6,61,0,2016,8,13,6,2,1,3,0,0,0,1,0,0,0,0,5.11479E+20,5.53719E+21,9.16012E+15,4.99869E+16
80390,80391,9,1,86,137,2016,8,18,6,3,4,2,0,0,0,1,0,0,0,0,6.8763E+20,5.40032E+21,1.15515E+16,4.87276E+16
80391,80392,9,1,81,114,2016,8,16,3,3,9,7,0,0,0,1,0,0,0,0,6.57044E+20,5.31285E+21,1.11033E+16,4.79497E+16
80392,80393,9,2,71,132,2016,8,15,1,3,9,1,0,0,0,1,0,0,0,0,7.87163E+20,5.4209E+21,1.29166E+16,4.88745E+16
80393,80394,9,4,77,124,2016,8,5,2,3,5,2,2,0,1,1,0,0,0,0,6.69493E+20,5.54644E+21,1.13674E+16,5.0046E+16
80394,80395,9,1,83,128,2016,8,5,4,3,2,6,2,0,0,1,0,0,0,0,7.60583E+20,5.34934E+21,1.25101E+16,4.82437E+16
80395,80396,9,7,71,156,2016,8,18,5,3,8,1,0,0,0,1,0,0,0,0,6.55889E+20,5.37952E+21,1.11124E+16,4.85494E+16
80396,80397,9,1,82,112,2016,8,15,7,3,3,2,0,0,0,1,0,1,0,0,7.22096E+20,5.28632E+21,1.19599E+16,4.7692E+16
80397,80398,9,5,72,126,2016,8,6,1,3,8,1,1,0,0,1,0,0,0,0,6.3505E+20,5.50417E+21,1.08719E+16,4.96749E+16
80398,80399,9,1,77,112,2016,8,11,2,3,8,1,0,1,0,0,0,0,1,0,7.16987E+20,5.36141E+21,1.19299E+16,4.83685E+16
80399,80400,9,4,71,185,2016,8,9,7,3,5,3,0,0,0,1,0,1,0,0,6.46575E+20,5.53856E+21,1.10445E+16,4.99814E+16
80400,80401,9,1,89,114,2016,8,16,2,2,4,2,0,0,1,0,0,1,0,0,7.64203E+20,5.30962E+21,1.25342E+16,4.78855E+16
80401,80402,9,1,77,130,2016,8,16,4,3,1,6,0,0,0,1,0,0,0,0,7.0746E+20,5.35092E+21,1.17963E+16,4.82775E+16
80402,80403,9,5,76,127,2016,8,19,3,3,4,2,0,0,0,1,0,0,0,0,6.64358E+20,5.44785E+21,1.12545E+16,4.91614E+16
80403,80404,9,5,64,0,2016,8,11,6,3,2,6,0,0,0,1,0,0,0,1,6.49184E+20,5.48139E+21,1.1059E+16,4.94669E+16
80404,80405,9,7,80,123,2016,8,18,7,2,5,3,0,0,0,1,0,1,0,0,6.07744E+20,5.26422E+21,1.04312E+16,4.75225E+16
80405,80406,9,5,64,0,2016,8,10,6,3,3,6,0,0,0,1,0,0,1,1,6.53174E+20,5.46924E+21,1.11094E+16,4.93566E+16
80406,80407,9,7,77,130,2016,8,15,7,2,1,6,0,0,0,1,0,1,0,0,6.23675E+20,5.30724E+21,1.0655E+16,4.79065E+16
80407,80408,9,2,77,111,2016,8,17,3,3,2,6,0,0,0,1,0,1,0,0,7.82424E+20,5.38628E+21,1.28285E+16,4.85659E+16
80408,80409,9,5,62,0,2016,8,13,5,3,2,6,0,0,0,1,0,0,0,1,6.42233E+20,5.4944E+21,1.09678E+16,4.95855E+16
80409,80410,9,6,72,136,2016,8,21,2,3,0,7,2,0,0,1,0,0,0,0,5.81323E+20,5.56437E+21,1.01401E+16,5.02259E+16
80410,80411,9,3,75,170,2016,8,9,2,3,0,1,0,1,0,1,0,0,0,0,7.35099E+20,5.42587E+21,1.22107E+16,4.8941E+16
80411,80412,9,1,87,121,2016,8,9,4,3,0,3,0,0,1,1,0,0,0,0,7.54084E+20,5.30955E+21,1.23991E+16,4.78889E+16
80412,80413,9,6,75,178,2016,9,16,5,3,2,6,0,0,0,1,0,0,1,0,6.01321E+20,5.51521E+21,1.04074E+16,4.97808E+16
80413,80414,9,1,89,145,2016,9,12,1,3,2,6,0,0,0,1,0,0,0,1,7.71027E+20,5.30351E+21,1.26215E+16,4.78278E+16
80414,80415,9,2,75,124,2016,9,15,2,3,5,3,0,1,0,1,0,0,0,0,8.09154E+20,5.37133E+21,1.31788E+16,4.84192E+16
80415,80416,9,7,76,117,2016,8,15,4,3,5,3,0,0,0,1,0,1,0,0,5.66433E+20,5.27254E+21,9.88382E+15,4.76029E+16
80416,80417,9,2,71,119,2016,9,15,4,3,2,6,0,0,0,1,0,0,0,0,7.86851E+20,5.4162E+21,1.29091E+16,4.88324E+16
80417,80418,9,5,62,0,2016,8,16,4,3,3,6,0,0,0,1,0,0,1,0,6.43547E+20,5.49162E+21,1.0985E+16,4.95602E+16
80418,80419,9,7,61,0,2016,9,13,6,3,0,7,0,0,0,0,0,1,0,1,6.4215E+20,5.36224E+21,1.09204E+16,4.83973E+16
80419,80420,9,4,72,155,2016,9,19,1,3,3,6,0,1,0,1,0,0,0,0,6.80568E+20,5.52479E+21,1.15118E+16,4.98483E+16
80420,80421,9,6,73,142,2016,9,10,1,3,5,3,0,0,0,1,0,0,0,0,5.87109E+20,5.58427E+21,1.02258E+16,5.0404E+16
80421,80422,9,1,84,114,2016,9,11,7,3,2,6,0,0,0,1,0,0,0,0,7.0009E+20,5.31844E+21,1.16818E+16,4.79879E+16
80422,80423,9,1,82,125,2016,9,19,4,3,5,3,1,0,0,1,0,1,0,0,7.123E+20,5.29608E+21,1.18343E+16,4.7783E+16
80423,80424,9,6,71,122,2016,9,18,3,3,5,2,0,0,0,1,0,0,0,0,5.06668E+20,5.53193E+21,9.09292E+15,4.99397E+16
80424,80425,9,1,73,137,2016,9,8,5,3,8,1,0,1,0,1,0,0,1,0,6.79155E+20,5.30774E+21,1.1397E+16,4.7898E+16
80425,80426,9,1,81,113,2016,9,15,6,3,0,7,0,0,0,0,0,1,0,0,6.37148E+20,5.30553E+21,1.08346E+16,4.78884E+16
80426,80427,9,3,72,135,2016,9,7,6,2,0,1,0,0,0,0,0,1,0,0,7.86079E+20,5.45805E+21,1.29281E+16,4.92083E+16
80427,80428,9,5,61,0,2016,9,3,7,3,9,1,2,0,0,0,0,0,0,1,6.13071E+20,5.46366E+21,1.05558E+16,4.93152E+16
80428,80429,9,1,73,123,2016,9,5,3,3,9,7,2,0,0,1,0,0,0,0,6.78256E+20,5.30251E+21,1.13829E+16,4.78512E+16
80429,80430,9,1,72,111,2016,9,10,1,3,0,1,0,0,0,0,0,1,0,0,7.96322E+20,5.30235E+21,1.29579E+16,4.78062E+16
80430,80431,9,2,71,119,2016,8,9,4,3,2,6,0,0,0,1,0,0,1,0,7.88599E+20,5.41503E+21,1.29321E+16,4.88211E+16
80431,80432,9,7,74,118,2016,8,5,4,2,3,6,2,0,0,1,0,0,0,1,5.92572E+20,5.36479E+21,1.02514E+16,4.84294E+16
80432,80433,9,4,74,161,2016,9,16,2,3,5,3,0,0,0,1,0,0,0,0,6.56511E+20,5.51355E+21,1.11729E+16,4.97541E+16
80433,80434,9,6,79,176,2016,9,6,5,3,9,1,0,0,0,1,0,0,0,0,5.67735E+20,5.50603E+21,9.93937E+15,4.9703E+16
80434,80435,9,1,72,134,2016,9,23,2,3,8,1,2,1,0,1,0,0,0,0,7.89511E+20,5.30998E+21,1.28722E+16,4.78778E+16
80435,80436,9,7,72,209,2016,9,17,1,3,9,1,0,0,0,1,0,0,0,0,6.36644E+20,5.33586E+21,1.08376E+16,4.81613E+16
80436,80437,9,5,74,156,2016,8,17,4,3,2,6,0,0,0,1,0,0,0,1,6.5813E+20,5.48223E+21,1.11827E+16,4.94721E+16
80437,80438,9,7,61,0,2016,9,14,6,3,5,3,0,0,1,0,0,1,0,0,6.44369E+20,5.35761E+21,1.09488E+16,4.83552E+16
80438,80439,9,1,82,112,2016,9,13,7,3,0,1,0,0,0,0,0,1,0,0,7.26403E+20,5.28502E+21,1.20165E+16,4.76789E+16
80439,80440,9,1,79,123,2016,9,18,4,3,5,2,0,0,1,1,0,0,0,0,6.77911E+20,5.33424E+21,1.13914E+16,4.81365E+16
80440,80441,9,5,64,0,2016,9,6,3,3,5,2,1,0,0,1,0,0,0,0,6.4763E+20,5.47455E+21,1.1035E+16,4.94057E+16
80441,80442,9,1,87,129,2016,9,9,5,3,5,7,0,1,0,1,0,0,0,1,7.25643E+20,5.3006E+21,1.20145E+16,4.78192E+16
80442,80443,9,7,72,179,2016,9,19,2,3,6,3,0,0,0,1,1,0,0,0,6.18578E+20,5.33716E+21,1.05951E+16,4.81766E+16
80443,80444,9,1,88,144,2016,9,23,6,2,9,1,2,0,0,1,0,0,0,0,6.68945E+20,5.32535E+21,1.12675E+16,4.8059E+16
80444,80445,9,3,71,126,2016,9,13,6,3,0,7,0,0,0,1,0,0,0,0,7.02806E+20,5.49058E+21,1.1803E+16,4.95339E+16
80445,80446,9,1,61,0,2016,9,13,4,3,4,2,0,0,0,1,0,0,0,0,6.77238E+20,5.40412E+21,1.14119E+16,4.87648E+16
80446,80447,9,5,72,164,2016,9,6,3,2,0,7,0,0,0,0,0,1,0,0,6.31295E+20,5.50035E+21,1.08186E+16,4.96415E+16
80447,80448,9,1,83,116,2016,9,7,5,3,5,3,0,0,0,1,0,0,0,1,7.63175E+20,5.35262E+21,1.2547E+16,4.8272E+16
80448,80449,9,1,88,144,2016,9,16,6,3,5,3,0,0,1,1,0,0,0,0,6.69492E+20,5.32827E+21,1.1276E+16,4.80851E+16
80449,80450,9,4,64,0,2016,9,20,7,2,4,2,1,0,0,1,0,1,0,0,7.0738E+20,5.5785E+21,1.19134E+16,5.03221E+16
80450,80451,9,3,76,164,2016,9,20,6,3,3,6,2,0,1,1,0,0,0,0,7.39871E+20,5.47748E+21,1.23065E+16,4.94027E+16
80451,80452,9,4,76,180,2016,9,12,7,3,9,1,0,0,0,1,0,1,0,0,6.72919E+20,5.58595E+21,1.14332E+16,5.04001E+16
80452,80453,9,1,89,154,2016,9,14,3,3,5,3,0,0,0,1,0,0,1,0,7.68185E+20,5.31834E+21,1.25928E+16,4.79622E+16
80453,80454,9,2,71,125,2016,8,13,4,3,2,6,0,0,0,1,0,0,0,0,7.99851E+20,5.40802E+21,1.30799E+16,4.87529E+16
80454,80455,9,3,75,190,2016,9,8,2,3,1,6,0,0,0,1,0,0,0,1,7.26711E+20,5.44569E+21,1.21074E+16,4.91222E+16
80455,80456,9,4,72,121,2016,9,15,1,3,1,6,0,0,0,1,0,0,0,1,6.99099E+20,5.54854E+21,1.17815E+16,5.00558E+16
80456,80457,9,6,63,0,2016,9,20,5,3,5,3,1,0,0,1,0,1,0,0,5.64475E+20,5.51704E+21,9.89598E+15,4.98024E+16
80457,80458,9,1,63,0,2016,9,10,2,3,0,1,0,1,0,0,0,1,0,0,7.32599E+20,5.30688E+21,1.21107E+16,4.7873E+16
80458,80459,9,5,65,0,2016,8,10,4,3,2,6,0,0,0,1,0,0,0,0,6.46877E+20,5.46732E+21,1.1022E+16,4.93409E+16
80459,80460,9,7,61,0,2016,9,13,6,3,3,2,0,0,1,1,0,0,0,0,6.41434E+20,5.35448E+21,1.09082E+16,4.83277E+16
80460,80461,9,1,87,130,2016,9,8,7,2,5,3,0,0,1,1,0,0,0,0,7.12129E+20,5.3098E+21,1.18387E+16,4.79064E+16
80461,80462,9,1,84,118,2016,9,16,3,3,5,3,0,0,1,1,0,0,0,0,7.04531E+20,5.33615E+21,1.17497E+16,4.81457E+16
80462,80463,9,4,73,121,2016,9,20,3,3,0,7,2,0,0,0,0,1,0,0,6.4765E+20,5.56719E+21,1.10706E+16,5.02384E+16
80463,80464,9,1,76,112,2016,9,18,5,3,5,3,1,0,0,1,0,0,0,0,6.95668E+20,5.41809E+21,1.16691E+16,4.88849E+16
80464,80465,9,6,71,156,2016,9,1,2,3,8,1,2,0,0,1,0,0,0,0,5.21364E+20,5.53585E+21,9.29794E+15,4.99746E+16
80465,80466,9,1,88,121,2016,9,12,6,3,1,6,0,0,0,1,0,0,0,0,6.71786E+20,5.33047E+21,1.13076E+16,4.81043E+16
80466,80467,9,3,71,136,2016,9,11,6,3,9,2,0,0,0,1,0,0,1,0,7.11136E+20,5.48274E+21,1.19138E+16,4.94606E+16
80467,80468,9,6,63,0,2016,9,0,5,3,9,1,2,0,0,1,0,0,0,0,5.69202E+20,5.51694E+21,9.96164E+15,4.98009E+16
80468,80469,9,4,76,171,2016,9,23,7,3,9,6,2,0,0,1,0,0,0,0,6.57087E+20,5.5648E+21,1.12018E+16,5.02145E+16
80469,80470,9,1,79,119,2016,9,16,3,2,4,6,0,0,0,1,0,0,0,0,6.68502E+20,5.33988E+21,1.12673E+16,4.81898E+16
80470,80471,9,1,87,165,2016,9,5,1,3,3,6,2,0,0,1,0,0,0,0,7.32633E+20,5.29462E+21,1.21045E+16,4.77629E+16
80471,80472,9,7,76,112,2016,8,16,4,2,9,2,0,0,0,1,0,0,0,0,5.74508E+20,5.27945E+21,9.9924E+15,4.76641E+16
80472,80473,9,5,62,0,2016,8,14,4,3,4,2,0,0,0,1,0,0,0,0,6.46143E+20,5.49544E+21,1.10223E+16,4.95938E+16
80473,80474,9,4,62,0,2016,9,19,1,3,3,6,0,1,0,1,0,0,0,0,6.86547E+20,5.53684E+21,1.16007E+16,4.99547E+16
80474,80475,9,6,63,0,2016,9,18,5,3,9,1,1,0,0,1,0,0,0,0,5.64121E+20,5.51719E+21,9.89109E+15,4.98037E+16
80475,80476,9,6,62,0,2016,9,16,1,3,2,2,0,1,0,1,0,0,0,0,5.88071E+20,5.5454E+21,1.02303E+16,5.00543E+16
80476,80477,9,1,75,115,2016,9,18,2,2,5,2,0,0,0,1,0,0,0,0,7.23126E+20,5.3299E+21,1.19961E+16,4.80833E+16
80477,80478,9,4,72,154,2016,9,13,7,3,0,7,0,0,0,0,0,1,0,0,6.63928E+20,5.53392E+21,1.12844E+16,4.99352E+16
80478,80479,9,1,87,170,2016,9,0,3,3,2,2,2,1,0,1,0,0,0,0,7.32974E+20,5.31862E+21,1.2122E+16,4.79784E+16
80479,80480,9,1,87,148,2016,9,17,1,2,8,1,0,1,0,0,0,1,0,1,7.39523E+20,5.27904E+21,1.21878E+16,4.76205E+16
80480,80481,9,2,76,115,2016,9,11,2,3,9,1,0,1,0,0,0,1,0,0,8.08101E+20,5.44393E+21,1.32189E+16,4.9071E+16
80481,80482,9,4,74,154,2016,9,2,1,2,0,1,2,0,1,0,0,0,0,0,6.54384E+20,5.498E+21,1.11372E+16,4.96148E+16
80482,80483,9,6,63,0,2016,9,9,5,2,5,2,0,0,1,1,0,0,0,0,5.65957E+20,5.51616E+21,9.91642E+15,4.97943E+16
80483,80484,9,7,79,162,2016,9,10,1,3,5,3,0,0,0,1,0,1,0,0,6.12E+20,5.4051E+21,1.05248E+16,4.87888E+16
80484,80485,9,1,74,135,2016,9,6,2,2,2,7,0,1,0,1,0,0,1,0,6.6382E+20,5.35273E+21,1.12093E+16,4.83065E+16
80485,80486,9,2,77,119,2016,9,19,4,3,5,3,0,0,0,1,0,1,0,0,7.75921E+20,5.3744E+21,1.27327E+16,4.84622E+16
80486,80487,9,5,62,0,2016,8,8,4,3,5,3,0,0,0,1,0,1,0,0,6.43206E+20,5.49627E+21,1.0982E+16,4.9602E+16
80487,80488,9,6,79,196,2016,9,19,6,2,4,1,0,0,0,1,0,0,0,0,5.50975E+20,5.51567E+21,9.70821E+15,4.97913E+16
80488,80489,9,1,87,117,2016,9,11,7,3,2,6,0,0,0,1,0,0,0,0,7.23527E+20,5.3064E+21,1.19893E+16,4.7872E+16
80489,80490,9,7,76,125,2016,9,14,3,3,4,1,0,0,0,1,0,0,0,0,5.65378E+20,5.26484E+21,9.86864E+15,4.75337E+16
80490,80491,9,3,61,0,2016,9,19,5,3,1,6,1,0,0,1,0,0,0,0,7.07309E+20,5.48064E+21,1.18599E+16,4.9443E+16
80491,80492,9,7,63,0,2016,9,14,3,3,4,2,0,0,0,1,0,0,0,0,5.98167E+20,5.28771E+21,1.03093E+16,4.77353E+16
80492,80493,9,2,78,141,2016,9,8,6,2,5,3,0,0,1,0,0,0,0,1,7.59455E+20,5.42803E+21,1.25441E+16,4.89507E+16
80493,80494,9,3,75,175,2016,9,14,3,2,0,3,0,0,0,1,0,1,0,0,7.15585E+20,5.4347E+21,1.19493E+16,4.90275E+16
80494,80495,9,4,74,126,2016,9,15,3,3,2,6,0,0,0,1,0,0,0,0,6.47251E+20,5.50887E+21,1.10426E+16,4.97143E+16
80495,80496,9,1,79,125,2016,9,18,5,3,2,2,0,0,0,1,0,1,0,0,6.61327E+20,5.33261E+21,1.1168E+16,4.81263E+16
80496,80497,9,5,72,164,2016,9,16,2,3,5,3,0,0,0,1,0,0,0,0,6.31913E+20,5.4982E+21,1.08264E+16,4.9622E+16
80497,80498,9,1,74,115,2016,9,10,6,3,0,3,0,0,1,1,0,0,0,0,6.81669E+20,5.34661E+21,1.14472E+16,4.82467E+16
80498,80499,9,2,75,153,2016,9,13,6,2,0,7,0,0,1,0,0,0,0,0,8.46234E+20,5.3856E+21,1.36902E+16,4.85279E+16
80499,80500,9,6,63,0,2016,9,13,5,3,1,3,0,0,1,1,0,0,0,0,5.68057E+20,5.5167E+21,9.94569E+15,4.97989E+16
80500,80501,9,1,62,0,2016,9,17,2,3,8,6,0,0,0,1,0,0,0,0,6.9111E+20,5.33076E+21,1.15671E+16,4.81014E+16
80501,80502,9,1,87,165,2016,9,0,1,1,9,1,2,1,0,1,0,0,0,0,7.32698E+20,5.29435E+21,1.21053E+16,4.77605E+16
80502,80503,9,2,77,113,2016,9,13,2,2,4,2,0,0,0,1,0,0,0,1,8.0093E+20,5.37321E+21,1.30693E+16,4.844E+16
80503,80504,9,7,76,116,2016,8,8,4,3,8,1,0,0,1,0,0,0,0,0,5.52849E+20,5.26788E+21,9.70256E+15,4.75622E+16
80504,80505,9,5,76,121,2016,8,17,4,2,4,6,0,0,0,1,0,0,0,0,6.47515E+20,5.44901E+21,1.1024E+16,4.91762E+16
80505,80506,9,6,75,174,2016,9,15,6,3,2,2,0,0,0,1,0,0,0,0,5.91536E+20,5.52625E+21,1.02741E+16,4.98816E+16
80506,80507,9,4,74,121,2016,9,15,1,2,2,6,0,0,1,0,0,0,0,0,6.56747E+20,5.51595E+21,1.11771E+16,4.97756E+16
80507,80508,9,6,78,176,2016,9,13,1,2,5,3,0,0,0,1,0,0,0,1,5.89576E+20,5.53782E+21,1.02495E+16,4.99859E+16
80508,80509,9,1,61,0,2016,9,4,7,3,5,3,2,0,0,1,0,0,0,0,6.78794E+20,5.40267E+21,1.14325E+16,4.87513E+16
80509,80510,9,7,79,226,2016,9,2,1,3,0,7,2,0,0,1,0,0,0,0,6.18986E+20,5.41388E+21,1.06225E+16,4.88665E+16