FID,OBJECTID,ULAND,UREGBEZ,UKREIS,UGEMEINDE,UJAHR,UMONAT,USTUNDE,UWOCHENTAG,UKATEGORIE,UART,UTYP1,ULICHTVERH,IstStrasse,IstRad,IstPKW,IstFuss,IstKrad,IstGkfz,IstSonstig,LINREFX,LINREFY,XGCSWGS84,YGCSWGS84
80510,80511,9,1,84,141,2016,9,16,4,3,2,6,0,0,0,1,0,0,0,0,7.00357E+20,5.31715E+21,1.16848E+16,4.79763E+16
80511,80512,9,6,74,139,2016,9,9,3,2,2,6,0,0,0,1,0,0,0,0,5.97288E+20,5.54171E+21,1.03581E+16,5.00198E+16
80512,80513,9,2,79,132,2016,9,17,5,3,5,3,0,0,1,1,0,0,0,0,7.68852E+20,5.4026E+21,1.26555E+16,4.87184E+16
80513,80514,9,1,62,0,2016,9,16,6,3,2,6,0,0,0,1,0,0,0,0,6.86401E+20,5.34361E+21,1.15095E+16,4.82183E+16
80514,80515,9,2,77,145,2016,9,12,6,3,5,3,0,0,1,1,0,0,0,0,7.97622E+20,5.35318E+21,1.30105E+16,4.82618E+16
80515,80516,9,4,72,139,2016,9,18,7,2,8,1,0,0,0,0,0,1,0,0,6.9401E+20,5.55296E+21,1.17128E+16,5.00971E+16
80516,80517,9,1,80,117,2016,9,16,4,3,2,6,0,0,0,1,0,0,0,0,6.58348E+20,5.2632E+21,1.11027E+16,4.75029E+16
80517,80518,9,5,74,152,2016,8,10,4,2,3,6,0,0,0,1,0,1,0,0,6.62623E+20,5.48385E+21,1.12454E+16,4.94855E+16
80518,80519,9,6,79,143,2016,9,16,6,3,2,6,0,0,0,1,0,0,0,0,5.71802E+20,5.53152E+21,1.00005E+16,4.99317E+16
80519,80520,9,1,86,149,2016,9,10,7,2,4,6,0,0,0,1,0,0,1,0,6.89355E+20,5.39001E+21,1.15702E+16,4.86345E+16
80520,80521,9,7,61,0,2016,9,16,3,3,2,6,0,0,0,1,0,0,1,0,6.43069E+20,5.36341E+21,1.09333E+16,4.84076E+16
80521,80522,9,2,72,151,2016,9,11,5,2,5,3,0,0,0,1,0,1,0,0,8.39435E+20,5.40684E+21,1.36158E+16,4.87221E+16
80522,80523,9,1,86,152,2016,9,15,6,3,2,6,0,0,0,1,0,0,0,0,6.91074E+20,5.37592E+21,1.1587E+16,4.85073E+16
80523,80524,9,2,77,139,2016,9,14,6,3,2,6,0,0,0,1,0,0,0,0,7.88261E+20,5.37123E+21,1.2897E+16,4.84282E+16
80524,80525,9,3,71,113,2016,9,17,3,3,2,6,0,0,0,1,0,0,0,0,6.89288E+20,5.5073E+21,1.16244E+16,4.96884E+16
80525,80526,9,1,75,113,2016,9,22,5,3,9,7,2,0,0,0,0,1,0,0,7.16726E+20,5.31869E+21,1.19046E+16,4.79847E+16
80526,80527,9,5,77,177,2016,9,19,2,3,2,6,2,0,0,1,0,0,0,0,6.45119E+20,5.43227E+21,1.09851E+16,4.90262E+16
80527,80528,9,1,78,123,2016,9,11,6,3,1,6,0,0,0,1,0,0,0,0,6.92369E+20,5.35937E+21,1.1597E+16,4.83582E+16
80528,80529,9,6,77,146,2016,9,16,5,3,3,6,0,0,0,1,0,0,0,0,5.43331E+20,5.52565E+21,9.60313E+15,4.98817E+16
80529,80530,9,1,82,124,2016,9,10,1,2,3,6,0,0,0,0,0,1,0,0,7.06429E+20,5.28202E+21,1.17493E+16,4.76586E+16
80530,80531,9,2,74,128,2016,9,5,2,3,8,1,1,0,0,1,0,0,0,0,7.35284E+20,5.38628E+21,1.21906E+16,4.85853E+16
80531,80532,9,7,62,0,2016,8,21,4,3,1,6,2,0,0,1,0,0,0,0,6.21541E+20,5.30438E+21,1.06256E+16,4.78813E+16
80532,80533,9,2,76,126,2016,9,17,4,2,0,1,0,0,0,1,0,1,0,0,8.08024E+20,5.42332E+21,1.32022E+16,4.88862E+16
80533,80534,9,5,76,127,2016,8,9,4,3,2,6,0,0,0,1,0,0,0,0,6.59409E+20,5.451E+21,1.11879E+16,4.91911E+16
80534,80535,9,6,72,114,2016,9,15,6,3,5,3,0,0,0,1,0,0,0,0,5.77588E+20,5.55851E+21,1.00866E+16,5.01737E+16
80535,80536,9,4,71,172,2016,9,17,1,3,5,3,0,1,0,1,0,0,0,0,6.32938E+20,5.51613E+21,1.08467E+16,4.97829E+16
80536,80537,9,6,76,134,2016,9,14,1,3,4,6,0,1,0,1,0,0,0,0,5.1297E+20,5.51491E+21,9.18018E+15,4.97865E+16
80537,80538,9,1,86,147,2016,9,17,7,3,5,2,0,0,0,1,0,0,0,0,6.855E+20,5.39118E+21,1.15185E+16,4.86461E+16
80538,80539,9,1,82,131,2016,9,12,4,3,0,7,0,0,0,0,0,1,0,0,7.15095E+20,5.2901E+21,1.18686E+16,4.77284E+16
80539,80540,9,6,61,0,2016,9,11,3,3,2,6,0,0,0,1,0,0,0,0,5.10666E+20,5.53607E+21,9.14876E+15,4.99769E+16
80540,80541,9,1,83,126,2016,9,11,5,2,5,3,0,0,1,0,0,0,1,0,7.29932E+20,5.33802E+21,1.20918E+16,4.81538E+16
80541,80542,9,1,75,132,2016,9,15,6,2,0,7,0,0,1,0,0,0,0,0,7.06297E+20,5.33119E+21,1.1771E+16,4.81005E+16
80542,80543,9,4,74,126,2016,9,12,7,3,0,7,0,0,0,1,0,0,0,1,6.46368E+20,5.50754E+21,1.10299E+16,4.97026E+16
80543,80544,9,4,71,122,2016,9,11,7,3,9,6,0,0,0,1,0,1,0,0,6.17811E+20,5.52026E+21,1.06379E+16,4.98232E+16
80544,80545,9,1,80,126,2016,9,12,3,2,8,1,0,0,0,0,0,1,0,0,6.58736E+20,5.26967E+21,1.11102E+16,4.7561E+16
80545,80546,9,2,63,0,2016,8,16,4,3,0,3,0,0,1,0,0,0,0,0,7.63348E+20,5.42078E+21,1.25925E+16,4.88839E+16
80546,80547,9,7,74,150,2016,8,23,4,2,8,1,2,0,0,0,0,1,0,0,6.01109E+20,5.34939E+21,1.03631E+16,4.82896E+16
80547,80548,9,3,63,0,2016,9,7,2,3,0,1,0,1,0,0,0,1,0,0,7.28372E+20,5.5076E+21,1.21657E+16,4.96777E+16
80548,80549,9,4,71,185,2016,9,11,1,2,2,6,0,0,0,1,0,1,0,0,6.44969E+20,5.53684E+21,1.10215E+16,4.99662E+16
80549,80550,9,6,75,149,2016,9,17,5,3,5,3,0,0,0,1,0,0,0,0,5.822E+20,5.50569E+21,1.01399E+16,4.96981E+16
80550,80551,9,1,72,134,2016,9,16,2,3,8,1,0,1,0,1,0,0,0,0,7.87459E+20,5.30384E+21,1.28408E+16,4.78236E+16
80551,80552,9,7,72,141,2016,9,12,1,2,2,6,0,0,0,1,0,0,0,0,6.2251E+20,5.34995E+21,1.06517E+16,4.82909E+16
80552,80553,9,2,61,0,2016,9,17,3,3,2,6,0,0,0,1,0,0,0,0,7.31609E+20,5.3822E+21,1.21386E+16,4.85501E+16
80553,80554,9,1,61,0,2016,9,20,1,3,5,3,2,1,0,1,0,0,0,0,6.81357E+20,5.40222E+21,1.14671E+16,4.87466E+16
80554,80555,9,2,78,146,2016,8,11,4,3,0,1,0,0,0,1,0,0,0,0,7.60533E+20,5.40691E+21,1.25453E+16,4.87606E+16
80555,80556,9,1,84,135,2016,8,5,4,3,0,1,1,0,0,0,0,1,0,0,6.93148E+20,5.34725E+21,1.16019E+16,4.8249E+16
80556,80557,9,4,78,165,2016,9,7,2,3,3,6,0,1,0,1,0,0,0,0,6.44118E+20,5.553E+21,1.10157E+16,5.01118E+16
80557,80558,9,6,78,192,2016,9,14,5,1,2,6,0,0,0,0,0,1,0,1,5.75557E+20,5.54489E+21,1.00554E+16,5.00515E+16
80558,80559,9,1,86,158,2016,9,13,1,3,2,6,0,0,0,1,0,1,0,0,6.9146E+20,5.40096E+21,1.16038E+16,4.87322E+16
80559,80560,9,2,73,111,2016,9,15,2,3,1,6,0,0,0,1,0,0,0,0,7.14116E+20,5.41034E+21,1.19164E+16,4.88091E+16
80560,80561,9,7,72,145,2016,9,16,1,3,8,1,0,0,0,0,0,1,0,0,6.3362E+20,5.36927E+21,1.08075E+16,4.84624E+16
80561,80562,9,5,64,0,2016,8,17,4,2,4,6,0,0,0,1,0,0,0,0,6.48285E+20,5.47321E+21,1.10436E+16,4.93935E+16
80562,80563,9,6,72,112,2016,9,13,6,3,9,1,0,0,0,1,0,0,0,0,5.76351E+20,5.57055E+21,1.00716E+16,5.02822E+16
80563,80564,9,3,74,147,2016,9,14,1,3,4,1,0,0,0,1,0,0,0,0,7.50541E+20,5.50368E+21,1.24699E+16,4.96336E+16
80564,80565,9,6,61,0,2016,9,21,1,3,5,3,2,0,0,1,0,0,0,0,5.11263E+20,5.53563E+21,9.15707E+15,4.99729E+16
80565,80566,9,1,81,132,2016,9,12,7,2,4,1,0,0,0,1,0,0,0,0,6.41034E+20,5.32663E+21,1.08935E+16,4.80774E+16
80566,80567,9,1,86,147,2016,9,14,4,2,2,6,0,0,0,0,0,1,1,0,6.81638E+20,5.39076E+21,1.14659E+16,4.86435E+16
80567,80568,9,5,74,123,2016,9,18,3,3,2,6,0,0,0,1,0,1,0,0,6.60302E+20,5.47049E+21,1.12079E+16,4.9366E+16
80568,80569,9,1,82,137,2016,9,13,5,3,2,6,0,0,0,1,0,0,0,0,7.10261E+20,5.30514E+21,1.18115E+16,4.78651E+16
80569,80570,9,4,71,145,2016,9,10,7,2,4,2,0,0,0,1,0,1,0,0,6.43148E+20,5.52149E+21,1.09904E+16,4.98288E+16
80570,80571,9,2,77,138,2016,9,10,6,3,0,7,0,0,0,0,0,1,0,0,7.91801E+20,5.37036E+21,1.29442E+16,4.84188E+16
80571,80572,9,3,74,132,2016,9,11,7,3,9,7,0,0,0,1,0,0,0,0,7.33388E+20,5.50075E+21,1.2231E+16,4.96142E+16
80572,80573,9,1,72,111,2016,9,6,3,3,5,6,1,1,0,1,0,0,0,1,7.95898E+20,5.30466E+21,1.29538E+16,4.78271E+16
80573,80574,9,1,79,113,2016,9,18,1,3,3,6,0,0,1,0,0,0,0,0,6.70754E+20,5.33328E+21,1.12949E+16,4.81299E+16
80574,80575,9,2,71,116,2016,8,19,4,3,0,1,0,0,0,0,0,1,0,0,7.87261E+20,5.42633E+21,1.29218E+16,4.89231E+16
80575,80576,9,3,72,116,2016,9,6,2,2,2,1,1,0,0,1,0,0,0,0,7.6492E+20,5.45667E+21,1.26373E+16,4.92055E+16
80576,80577,9,3,74,162,2016,9,13,1,2,8,1,0,0,0,0,0,1,0,0,7.42323E+20,5.50116E+21,1.23548E+16,4.96143E+16
80577,80578,9,7,73,179,2016,9,11,1,2,8,1,0,0,0,1,0,0,0,0,6.19376E+20,5.37437E+21,1.06164E+16,4.85111E+16
80578,80579,9,1,87,150,2016,9,10,2,2,4,1,0,1,0,1,0,0,0,0,7.2571E+20,5.30399E+21,1.20172E+16,4.78496E+16
80579,80580,9,2,77,138,2016,9,16,4,3,2,6,0,0,0,1,0,0,0,0,7.91658E+20,5.37077E+21,1.29425E+16,4.84225E+16
80580,80581,9,5,64,0,2016,8,9,4,3,2,6,0,0,0,1,0,0,0,0,6.53202E+20,5.48069E+21,1.11142E+16,4.94596E+16
80581,80582,9,6,62,0,2016,9,13,6,2,0,1,0,0,0,0,0,1,0,0,5.86698E+20,5.54271E+21,1.02105E+16,5.00304E+16
80582,80583,9,1,74,115,2016,9,15,7,3,6,1,0,0,1,0,1,0,0,0,6.80935E+20,5.34857E+21,1.14381E+16,4.82645E+16
80583,80584,9,7,75,135,2016,9,10,3,3,3,6,0,0,0,1,0,0,1,0,5.74772E+20,5.35948E+21,1.00099E+16,4.8384E+16
80584,80585,9,5,64,0,2016,8,18,4,3,3,2,0,0,1,1,0,0,0,0,6.45817E+20,5.48113E+21,1.10125E+16,4.94653E+16
80585,80586,9,6,78,115,2016,9,21,6,2,1,3,2,0,0,1,0,1,0,0,5.85122E+20,5.54116E+21,1.01882E+16,5.00167E+16
80586,80587,9,1,78,123,2016,9,14,7,3,5,1,0,0,1,1,0,0,0,0,6.90566E+20,5.35753E+21,1.15718E+16,4.83422E+16
80587,80588,9,1,84,119,2016,9,23,4,1,7,7,2,0,0,1,1,0,0,0,6.95943E+20,5.34641E+21,1.16391E+16,4.82406E+16
80588,80589,9,5,75,143,2016,9,16,3,2,4,2,0,0,0,1,0,0,0,1,5.97975E+20,5.48043E+21,1.03523E+16,4.94686E+16
80589,80590,9,1,61,0,2016,9,12,5,3,2,6,0,0,0,1,0,0,0,1,6.79496E+20,5.40444E+21,1.14428E+16,4.8767E+16
80590,80591,9,7,61,0,2016,9,13,2,3,3,6,0,0,0,1,0,0,0,0,6.40552E+20,5.36023E+21,1.08982E+16,4.83796E+16
80591,80592,9,1,77,117,2016,9,19,6,3,0,2,0,0,0,1,0,1,0,0,7.15207E+20,5.35176E+21,1.1901E+16,4.82824E+16
80592,80593,9,2,77,116,2016,9,7,6,3,1,6,0,0,0,0,0,1,1,0,7.78269E+20,5.36516E+21,1.27582E+16,4.83782E+16
80593,80594,9,3,77,128,2016,9,5,7,3,8,7,1,0,0,1,0,0,0,0,7.08895E+20,5.52194E+21,1.19038E+16,4.98135E+16
80594,80595,9,1,61,0,2016,9,17,3,3,5,3,0,0,1,1,0,0,0,0,6.81796E+20,5.40194E+21,1.14729E+16,4.87439E+16
80595,80596,9,1,78,145,2016,9,15,1,3,2,6,0,0,0,1,0,0,0,0,6.9326E+20,5.35729E+21,1.1608E+16,4.83392E+16
80596,80597,9,7,77,130,2016,8,17,4,3,8,1,0,0,0,1,0,0,0,0,6.25706E+20,5.31349E+21,1.0684E+16,4.79624E+16
80597,80598,9,3,75,143,2016,9,14,1,2,4,6,0,0,0,1,0,0,0,0,7.34937E+20,5.41837E+21,1.22042E+16,4.88737E+16
80598,80599,9,6,73,114,2016,9,17,5,3,2,6,0,0,0,1,0,0,0,0,5.86923E+20,5.57549E+21,1.02211E+16,5.03251E+16
80599,80600,9,1,81,114,2016,9,10,2,2,4,1,0,0,0,1,0,0,0,0,6.50529E+20,5.31569E+21,1.10171E+16,4.79768E+16
80600,80601,9,2,79,124,2016,9,13,4,3,2,6,0,0,0,1,0,0,0,0,7.51156E+20,5.39258E+21,1.24093E+16,4.86358E+16
80601,80602,9,5,64,0,2016,8,20,4,3,5,3,1,0,1,1,0,0,0,0,6.51162E+20,5.47085E+21,1.10823E+16,4.93716E+16
80602,80603,9,6,72,126,2016,9,12,6,3,8,1,0,0,0,0,0,1,0,0,5.64173E+20,5.56992E+21,9.90064E+15,5.02779E+16
80603,80604,9,1,78,143,2016,9,7,7,3,0,1,0,0,0,1,0,0,0,0,7.22177E+20,5.37439E+21,1.20068E+16,4.84833E+16
80604,80605,9,7,77,169,2016,9,18,3,2,8,6,0,0,0,1,0,0,0,0,6.30781E+20,5.2709E+21,1.07391E+16,4.75783E+16
80605,80606,9,2,78,187,2016,9,23,5,3,9,7,2,0,0,1,0,0,0,0,7.81628E+20,5.42412E+21,1.28436E+16,4.89059E+16
80606,80607,9,2,74,120,2016,9,8,6,3,4,6,0,0,0,1,0,0,0,0,7.52991E+20,5.36826E+21,1.24194E+16,4.84167E+16
80607,80608,9,3,71,151,2016,9,9,3,3,5,3,0,0,0,1,0,0,0,0,7.00126E+20,5.48351E+21,1.17624E+16,4.94712E+16
80608,80609,9,3,63,0,2016,9,17,3,2,4,2,0,0,1,1,0,0,0,0,7.27678E+20,5.50703E+21,1.21558E+16,4.96728E+16
80609,80610,9,1,86,152,2016,9,16,5,3,2,6,0,0,0,0,0,1,0,1,6.9151E+20,5.37374E+21,1.15919E+16,4.84876E+16
80610,80611,9,5,63,0,2016,9,15,2,3,5,2,0,0,0,1,0,0,0,0,6.44423E+20,5.4784E+21,1.09923E+16,4.94411E+16
80611,80612,9,1,62,0,2016,9,19,5,3,4,2,1,1,0,1,0,0,0,1,6.88698E+20,5.33786E+21,1.15379E+16,4.81659E+16
80612,80613,9,6,73,114,2016,9,15,5,3,5,3,0,0,0,1,0,0,0,0,5.85858E+20,5.57487E+21,1.0206E+16,5.03197E+16
80613,80614,9,1,62,0,2016,9,12,7,2,0,1,0,0,1,0,0,0,0,0,6.89453E+20,5.34067E+21,1.15493E+16,4.81909E+16
80614,80615,9,2,75,134,2016,9,16,2,2,1,6,0,0,0,1,0,0,0,0,8.26244E+20,5.37711E+21,1.34136E+16,4.84624E+16
80615,80616,9,7,61,0,2016,8,12,4,3,2,6,0,0,0,1,0,0,0,0,6.41522E+20,5.35357E+21,1.0909E+16,4.83194E+16
80616,80617,9,3,71,127,2016,9,14,4,3,8,1,0,0,0,1,0,0,0,0,7.13092E+20,5.4952E+21,1.19475E+16,4.95718E+16
80617,80618,9,5,77,161,2016,8,6,4,2,5,3,0,0,0,1,0,0,0,0,6.506E+20,5.4407E+21,1.10632E+16,4.91007E+16
80618,80619,9,4,72,154,2016,9,19,3,2,8,1,1,0,0,0,0,1,0,0,6.63636E+20,5.53541E+21,1.1281E+16,4.99486E+16
80619,80620,9,1,62,0,2016,9,13,5,3,2,6,0,0,0,1,0,0,0,0,6.83562E+20,5.34256E+21,1.14709E+16,4.82097E+16
80620,80621,9,5,63,0,2016,9,10,2,3,1,1,0,0,0,1,0,0,0,0,6.45249E+20,5.48293E+21,1.10053E+16,4.94816E+16
80621,80622,9,1,62,0,2016,9,18,5,3,0,7,0,1,1,0,0,0,0,0,6.88715E+20,5.33687E+21,1.15376E+16,4.81571E+16
80622,80623,9,2,73,147,2016,9,16,6,2,5,6,0,0,0,1,0,1,0,0,7.04599E+20,5.38983E+21,1.17768E+16,4.8628E+16
80623,80624,9,6,78,192,2016,9,14,5,3,8,1,0,0,0,0,0,0,1,0,5.73806E+20,5.54568E+21,1.00311E+16,5.00589E+16
80624,80625,9,3,73,147,2016,9,0,7,3,0,1,2,0,1,0,0,0,0,0,6.78636E+20,5.46116E+21,1.14561E+16,4.9277E+16
80625,80626,9,1,77,126,2016,9,6,3,3,5,3,0,0,0,1,0,0,0,0,7.20908E+20,5.36949E+21,1.1987E+16,4.84397E+16
80626,80627,9,1,62,0,2016,9,10,7,2,5,7,0,0,0,1,0,1,0,0,6.94863E+20,5.33195E+21,1.1618E+16,4.81109E+16
80627,80628,9,2,63,0,2016,9,11,2,3,3,6,0,1,0,1,0,0,0,0,7.62046E+20,5.42048E+21,1.25745E+16,4.88818E+16
80628,80629,9,6,77,155,2016,8,16,4,2,5,2,0,0,1,1,0,0,0,0,5.40797E+20,5.53826E+21,9.5692E+15,4.99953E+16
80629,80630,9,5,77,136,2016,8,15,4,3,2,2,0,0,0,1,0,1,0,0,6.22629E+20,5.43957E+21,1.06799E+16,4.90967E+16
80630,80631,9,6,71,155,2016,9,16,6,3,1,5,0,0,1,1,0,0,0,0,5.04654E+20,5.53624E+21,9.06492E+15,4.99785E+16
80631,80632,9,3,72,169,2016,9,11,1,3,5,3,0,0,0,1,0,0,0,0,7.4527E+20,5.44854E+21,1.23631E+16,4.91407E+16
80632,80633,9,5,72,126,2016,9,13,1,3,2,6,0,1,0,1,0,1,0,0,6.33518E+20,5.50679E+21,1.08515E+16,4.96988E+16
80633,80634,9,1,77,116,2016,9,12,7,3,4,6,0,0,0,1,0,0,0,0,7.11474E+20,5.36447E+21,1.18571E+16,4.83979E+16
80634,80635,9,7,80,131,2016,9,9,1,3,3,6,0,0,0,1,0,1,0,0,5.92857E+20,5.25561E+21,1.02317E+16,4.74473E+16
80635,80636,9,1,89,114,2016,9,11,4,3,2,6,0,0,1,0,0,0,0,0,7.64199E+20,5.30959E+21,1.25341E+16,4.78852E+16
80636,80637,9,5,75,143,2016,8,15,4,2,0,6,0,0,0,1,0,1,0,0,5.98204E+20,5.48026E+21,1.03554E+16,4.94671E+16
80637,80638,9,6,61,0,2016,9,22,6,3,2,6,2,0,0,1,0,0,0,0,5.08935E+20,5.53413E+21,9.12456E+15,4.99595E+16
80638,80639,9,1,75,137,2016,9,8,7,2,2,6,0,0,0,1,0,0,0,1,7.26358E+20,5.33013E+21,1.20396E+16,4.80842E+16
80639,80640,9,6,75,113,2016,9,9,3,3,0,6,0,0,0,1,0,0,0,0,5.76629E+20,5.51319E+21,1.00641E+16,4.97663E+16
80640,80641,9,2,73,116,2016,9,22,5,3,8,7,2,0,0,1,0,0,0,0,7.27451E+20,5.4177E+21,1.21019E+16,4.88705E+16
80641,80642,9,1,62,0,2016,9,15,5,2,3,2,0,0,1,0,0,0,0,0,6.88749E+20,5.34016E+21,1.15396E+16,4.81866E+16
80642,80643,9,3,76,161,2016,9,20,7,2,0,1,1,0,1,0,0,0,0,0,7.24711E+20,5.46251E+21,1.20894E+16,4.9274E+16
80643,80644,9,2,73,163,2016,9,19,6,3,2,6,1,0,0,1,0,0,0,0,7.06425E+20,5.39939E+21,1.18063E+16,4.87134E+16
80644,80645,9,2,75,143,2016,9,17,3,3,2,6,0,0,0,1,0,0,0,0,8.12219E+20,5.36465E+21,1.32152E+16,4.83578E+16
80645,80646,9,2,71,146,2016,8,13,4,2,0,4,0,0,1,0,1,0,0,0,7.84366E+20,5.41013E+21,1.28711E+16,4.87791E+16
80646,80647,9,1,84,147,2016,8,23,4,3,8,1,2,0,0,1,0,0,0,0,6.97408E+20,5.33978E+21,1.16558E+16,4.81806E+16
80647,80648,9,5,71,194,2016,9,23,2,3,4,6,2,0,0,1,0,0,0,0,6.13944E+20,5.47701E+21,1.05716E+16,4.94351E+16
80648,80649,9,1,62,0,2016,9,10,5,2,6,7,0,0,0,1,1,0,0,0,6.88341E+20,5.3402E+21,1.15341E+16,4.81871E+16
80649,80650,9,5,74,152,2016,9,14,5,3,3,6,0,0,0,1,0,0,1,0,6.607E+20,5.48166E+21,1.12179E+16,4.94663E+16
80650,80651,9,1,62,0,2016,9,9,7,3,4,2,0,0,1,1,0,0,0,0,6.9219E+20,5.34292E+21,1.15871E+16,4.82103E+16
80651,80652,9,2,74,176,2016,9,6,2,2,5,3,1,0,0,0,0,1,1,0,7.21479E+20,5.39974E+21,1.20109E+16,4.87113E+16
80652,80653,9,6,75,113,2016,9,12,1,3,2,6,0,1,0,1,0,0,0,0,5.77145E+20,5.51371E+21,1.00714E+16,4.97709E+16
80653,80654,9,6,75,174,2016,8,18,4,3,2,6,0,0,0,1,0,0,0,0,5.87909E+20,5.52471E+21,1.02233E+16,4.98683E+16
80654,80655,9,2,75,145,2016,9,0,4,3,2,6,2,0,0,1,0,0,1,0,8.23542E+20,5.37538E+21,1.33758E+16,4.84483E+16
80655,80656,9,4,75,156,2016,8,19,4,2,4,6,0,0,0,1,0,0,1,0,6.91687E+20,5.58151E+21,1.16947E+16,5.03544E+16
80656,80657,9,5,72,147,2016,9,16,6,3,5,3,0,0,0,1,0,0,0,0,6.27214E+20,5.49413E+21,1.07601E+16,4.95863E+16
80657,80658,9,3,75,165,2016,9,14,1,3,9,1,0,0,0,1,0,0,0,0,7.26156E+20,5.43708E+21,1.2095E+16,4.9045E+16
80658,80659,9,5,76,126,2016,9,10,1,3,0,1,0,0,1,0,0,0,0,0,6.55075E+20,5.4475E+21,1.11271E+16,4.91607E+16
80659,80660,9,1,75,121,2016,9,14,7,2,5,3,0,0,0,1,0,1,0,0,7.1223E+20,5.31886E+21,1.18445E+16,4.79878E+16
80660,80661,9,1,87,157,2016,9,13,4,3,3,6,0,0,1,1,0,0,0,0,7.3827E+20,5.28229E+21,1.21729E+16,4.76501E+16
80661,80662,9,5,72,135,2016,9,8,3,3,1,6,0,0,0,1,0,0,0,0,6.30646E+20,5.50725E+21,1.08119E+16,4.97036E+16
80662,80663,9,5,76,121,2016,9,18,6,3,4,6,0,0,0,0,0,0,0,1,6.43049E+20,5.45306E+21,1.09642E+16,4.92136E+16
80663,80664,9,3,73,159,2016,9,14,1,3,5,3,0,1,0,1,0,1,0,0,6.76443E+20,5.45548E+21,1.14234E+16,4.92267E+16
80664,80665,9,5,74,135,2016,9,10,1,3,0,1,0,0,0,0,0,1,0,0,6.7576E+20,5.49147E+21,1.143E+16,4.95503E+16
80665,80666,9,1,75,121,2016,9,13,7,3,2,2,0,0,0,1,0,0,0,0,7.13699E+20,5.31899E+21,1.18643E+16,4.79885E+16
80666,80667,9,1,63,0,2016,9,12,4,3,5,3,0,0,0,1,0,1,0,0,7.3366E+20,5.30349E+21,1.2123E+16,4.78423E+16
80667,80668,9,6,76,133,2016,9,18,3,3,2,6,0,0,0,1,0,0,0,0,5.11973E+20,5.52503E+21,9.16664E+15,4.98775E+16
80668,80669,9,1,90,132,2016,9,7,5,3,9,1,0,1,0,1,0,0,0,0,6.76717E+20,5.29628E+21,1.13598E+16,4.77956E+16
80669,80670,9,1,62,0,2016,9,6,5,3,1,1,1,1,0,1,0,0,0,1,6.87879E+20,5.32944E+21,1.15231E+16,4.80905E+16
80670,80671,9,2,79,126,2016,9,12,6,3,0,3,0,0,1,1,0,0,0,0,7.62313E+20,5.38531E+21,1.25558E+16,4.8566E+16
80671,80672,9,3,76,170,2016,9,10,7,3,0,6,0,0,0,1,0,0,0,0,7.27568E+20,5.46008E+21,1.21273E+16,4.92511E+16
80672,80673,9,2,73,111,2016,9,8,3,2,4,2,0,0,1,1,0,0,0,0,7.0888E+20,5.41067E+21,1.18454E+16,4.88139E+16
80673,80674,9,1,62,0,2016,9,16,7,3,8,1,0,0,0,0,0,1,0,0,6.8797E+20,5.34041E+21,1.15292E+16,4.8189E+16
80674,80675,9,2,71,132,2016,8,16,4,3,3,2,0,0,0,1,0,1,0,0,7.86954E+20,5.41812E+21,1.29119E+16,4.88496E+16
80675,80676,9,1,84,148,2016,8,18,4,3,2,6,0,0,0,1,0,0,0,0,6.96885E+20,5.32655E+21,1.16426E+16,4.80618E+16
80676,80677,9,4,74,147,2016,9,20,2,2,8,1,2,0,0,1,0,0,0,0,6.57637E+20,5.50555E+21,1.11853E+16,4.96819E+16
80677,80678,9,5,76,151,2016,9,9,5,3,2,6,0,0,0,1,0,0,0,1,6.55267E+20,5.47179E+21,1.11392E+16,4.9379E+16
80678,80679,9,7,76,116,2016,9,20,7,2,3,6,2,0,0,1,0,0,0,0,5.53267E+20,5.26944E+21,9.7083E+15,4.75762E+16
80679,80680,9,1,89,155,2016,9,15,2,3,2,6,0,1,0,1,0,0,0,0,7.71747E+20,5.30961E+21,1.26349E+16,4.78823E+16
80680,80681,9,6,79,130,2016,9,13,1,2,8,7,0,1,0,1,0,0,0,0,5.74676E+20,5.52044E+21,1.00384E+16,4.98318E+16
80681,80682,9,4,77,138,2016,8,14,4,2,0,1,0,0,1,0,0,0,0,0,6.90836E+20,5.55751E+21,1.16707E+16,5.01391E+16
80682,80683,9,5,76,121,2016,9,11,6,3,5,3,0,0,0,1,0,1,0,0,6.47001E+20,5.45045E+21,1.10175E+16,4.91892E+16
80683,80684,9,1,75,123,2016,9,2,7,3,8,1,2,0,0,1,0,0,0,0,7.22244E+20,5.33751E+21,1.19883E+16,4.81519E+16
80684,80685,9,1,79,126,2016,9,13,4,3,4,6,0,0,1,1,0,0,0,0,6.77002E+20,5.33984E+21,1.13815E+16,4.81872E+16
80685,80686,9,5,64,0,2016,9,7,3,3,6,1,0,0,1,0,1,0,0,0,6.48203E+20,5.47726E+21,1.10439E+16,4.943E+16
80686,80687,9,1,82,120,2016,9,9,5,3,2,6,0,1,0,1,0,0,1,0,7.01729E+20,5.30584E+21,1.16979E+16,4.78742E+16
80687,80688,9,7,77,175,2016,9,1,2,3,4,1,2,1,0,1,0,0,0,1,6.1355E+20,5.29033E+21,1.05151E+16,4.77563E+16
80688,80689,9,1,84,141,2016,9,15,5,3,2,6,0,0,0,1,0,0,0,1,6.98019E+20,5.31526E+21,1.16526E+16,4.796E+16
80689,80690,9,1,73,130,2016,9,18,6,3,0,7,0,0,0,0,0,1,0,1,6.79697E+20,5.3106E+21,1.14055E+16,4.79236E+16