FID,OBJECTID,ULAND,UREGBEZ,UKREIS,UGEMEINDE,UJAHR,UMONAT,USTUNDE,UWOCHENTAG,UKATEGORIE,UART,UTYP1,ULICHTVERH,IstStrasse,IstRad,IstPKW,IstFuss,IstKrad,IstGkfz,IstSonstig,LINREFX,LINREFY,XGCSWGS84,YGCSWGS84
80690,80691,9,3,71,146,2016,9,7,7,2,8,1,0,0,0,1,0,0,0,0,7.15464E+20,5.46493E+21,1.19638E+16,4.92991E+16
80691,80692,9,1,71,117,2016,9,13,3,3,2,6,0,0,0,1,0,0,0,0,7.65947E+20,5.33675E+21,1.25743E+16,4.81283E+16
80692,80693,9,7,80,145,2016,9,12,7,3,2,6,0,0,0,1,0,1,0,0,6.07652E+20,5.26989E+21,1.04314E+16,4.75734E+16
80693,80694,9,7,63,0,2016,9,19,2,2,3,6,0,0,0,1,0,1,0,0,5.99595E+20,5.28539E+21,1.03278E+16,4.77142E+16
80694,80695,9,2,78,141,2016,9,17,2,3,8,1,0,0,0,1,0,0,0,0,7.60432E+20,5.4282E+21,1.25575E+16,4.89518E+16
80695,80696,9,3,76,146,2016,9,16,1,3,8,1,0,1,0,1,0,0,0,0,7.4839E+20,5.46413E+21,1.24154E+16,4.92794E+16
80696,80697,9,5,76,127,2016,9,13,5,3,2,6,0,1,0,1,0,0,0,0,6.6368E+20,5.45136E+21,1.12466E+16,4.91931E+16
80697,80698,9,1,89,155,2016,9,10,5,3,5,3,0,0,0,1,0,0,0,1,7.72658E+20,5.31366E+21,1.26496E+16,4.79182E+16
80698,80699,9,7,78,173,2016,9,16,5,2,5,3,0,1,1,0,0,0,0,0,6.11231E+20,5.32218E+21,1.04924E+16,4.80432E+16
80699,80700,9,2,71,141,2016,9,16,7,3,0,1,0,0,1,0,0,0,0,0,7.95277E+20,5.40244E+21,1.30138E+16,4.8705E+16
80700,80701,9,2,78,116,2016,9,11,7,3,8,1,0,0,0,0,0,1,0,0,7.66945E+20,5.43374E+21,1.26499E+16,4.89987E+16
80701,80702,9,1,89,124,2016,9,18,3,3,3,2,0,1,0,1,0,0,0,0,7.81021E+20,5.2962E+21,1.275E+16,4.77579E+16
80702,80703,9,2,71,119,2016,8,12,4,3,2,6,0,0,0,1,0,0,0,0,7.92644E+20,5.41328E+21,1.29858E+16,4.88035E+16
80703,80704,9,3,74,149,2016,9,15,2,3,5,3,0,0,0,1,0,0,0,0,7.1147E+20,5.5167E+21,1.19367E+16,4.97655E+16
80704,80705,9,3,71,154,2016,9,17,1,3,8,1,0,1,0,1,0,0,0,0,7.07051E+20,5.47467E+21,1.18533E+16,4.93895E+16
80705,80706,9,5,74,155,2016,9,1,5,3,8,7,2,0,0,1,0,0,0,0,6.68768E+20,5.49343E+21,1.13342E+16,4.95699E+16
80706,80707,9,1,82,137,2016,9,2,2,3,8,1,2,1,0,1,0,0,0,0,7.10357E+20,5.30518E+21,1.18128E+16,4.78654E+16
80707,80708,9,4,63,0,2016,8,16,4,3,2,6,0,0,0,1,0,0,0,1,6.39361E+20,5.57033E+21,1.09555E+16,5.02686E+16
80708,80709,9,5,74,117,2016,9,18,6,3,5,2,0,0,0,1,0,0,0,0,6.68256E+20,5.46718E+21,1.1316E+16,4.93341E+16
80709,80710,9,1,62,0,2016,9,20,6,2,4,2,2,0,0,1,0,1,0,0,6.94091E+20,5.3317E+21,1.16075E+16,4.8109E+16
80710,80711,9,1,62,0,2016,9,14,3,2,0,7,0,0,0,0,0,0,0,1,6.92046E+20,5.34132E+21,1.15844E+16,4.8196E+16
80711,80712,9,4,76,145,2016,9,17,3,3,8,1,0,0,0,1,0,0,0,0,6.64874E+20,5.56583E+21,1.13113E+16,5.02216E+16
80712,80713,9,1,76,160,2016,9,16,5,3,5,3,0,0,0,1,0,0,0,0,6.56473E+20,5.42027E+21,1.11357E+16,4.89156E+16
80713,80714,9,6,62,0,2016,9,9,2,3,0,1,0,1,1,0,0,0,0,0,5.86192E+20,5.54483E+21,1.02039E+16,5.00495E+16
80714,80715,9,7,78,134,2016,9,14,5,3,5,3,0,0,0,1,0,1,0,0,6.16546E+20,5.33847E+21,1.05681E+16,4.81888E+16
80715,80716,9,1,73,112,2016,9,12,6,3,2,6,0,0,0,1,0,0,0,0,6.92149E+20,5.29316E+21,1.15642E+16,4.77631E+16
80716,80717,9,5,62,0,2016,9,15,5,3,2,6,0,0,0,1,0,0,0,0,6.42276E+20,5.49436E+21,1.09684E+16,4.95851E+16
80717,80718,9,2,78,189,2016,9,15,7,3,8,1,0,0,0,0,0,1,0,0,7.66681E+20,5.4412E+21,1.26512E+16,4.90658E+16
80718,80719,9,1,79,145,2016,9,17,3,3,5,3,0,0,1,1,0,0,0,0,6.76229E+20,5.33917E+21,1.13709E+16,4.81813E+16
80719,80720,9,7,72,197,2016,9,7,7,3,9,1,0,0,0,1,0,0,0,0,6.22471E+20,5.34115E+21,1.06486E+16,4.82117E+16
80720,80721,9,6,77,148,2016,8,6,4,2,3,6,0,0,0,1,0,0,0,0,5.46638E+20,5.53875E+21,9.65076E+15,4.99992E+16
80721,80722,9,4,73,158,2016,8,8,4,3,6,4,0,0,0,1,1,0,0,0,6.26582E+20,5.5781E+21,1.07789E+16,5.03413E+16
80722,80723,9,3,61,0,2016,9,0,1,3,5,3,2,0,0,1,0,0,0,0,7.06533E+20,5.48095E+21,1.18494E+16,4.94461E+16
80723,80724,9,5,74,141,2016,9,15,5,3,4,6,0,0,0,1,0,0,0,0,6.68151E+20,5.48756E+21,1.13232E+16,4.95173E+16
80724,80725,9,5,64,0,2016,9,14,1,3,4,2,0,0,0,1,0,0,0,0,6.48261E+20,5.47725E+21,1.10447E+16,4.94298E+16
80725,80726,9,1,77,133,2016,9,10,2,3,0,1,0,0,0,0,0,1,0,0,7.10394E+20,5.36198E+21,1.18413E+16,4.83759E+16
80726,80727,9,1,80,123,2016,9,18,4,3,0,1,0,0,0,0,0,1,0,0,6.70629E+20,5.25894E+21,1.1264E+16,4.74616E+16
80727,80728,9,4,77,151,2016,8,16,4,3,5,2,0,0,0,1,0,0,1,0,6.76827E+20,5.56279E+21,1.14773E+16,5.01908E+16
80728,80729,9,5,64,0,2016,9,17,6,3,5,3,0,0,0,1,0,0,0,0,6.49458E+20,5.47715E+21,1.10612E+16,4.94286E+16
80729,80730,9,1,62,0,2016,9,21,6,3,5,2,2,0,1,1,0,0,0,0,6.92105E+20,5.34002E+21,1.15846E+16,4.81843E+16
80730,80731,9,7,71,130,2016,9,15,3,3,3,6,0,0,0,1,0,0,0,0,6.45005E+20,5.36298E+21,1.09592E+16,4.84033E+16
80731,80732,9,2,75,154,2016,9,16,5,2,1,6,0,0,0,1,0,1,0,0,8.03674E+20,5.39342E+21,1.3121E+16,4.862E+16
80732,80733,9,7,63,0,2016,9,8,5,3,5,2,0,1,1,1,0,0,0,0,5.97634E+20,5.28884E+21,1.03025E+16,4.77455E+16
80733,80734,9,1,85,158,2016,9,9,2,2,5,3,0,0,1,1,0,0,0,0,6.67604E+20,5.38026E+21,1.12713E+16,4.8553E+16
80734,80735,9,2,72,136,2016,9,17,4,3,5,3,0,0,0,1,0,0,0,0,8.50015E+20,5.40832E+21,1.37604E+16,4.87295E+16
80735,80736,9,4,62,0,2016,8,11,4,3,6,2,0,0,0,1,1,0,0,0,6.84074E+20,5.53604E+21,1.15659E+16,4.99483E+16
80736,80737,9,5,75,157,2016,9,18,6,2,4,6,0,0,0,1,0,1,0,0,6.03531E+20,5.50812E+21,1.04362E+16,4.97166E+16
80737,80738,9,7,75,135,2016,9,15,6,3,5,3,0,0,1,1,0,0,0,0,5.74443E+20,5.35937E+21,1.00054E+16,4.83831E+16
80738,80739,9,7,80,123,2016,9,21,3,3,9,1,2,0,0,1,0,0,0,0,6.04625E+20,5.26094E+21,1.0389E+16,4.74935E+16
80739,80740,9,7,80,140,2016,9,15,3,2,2,6,0,0,0,1,0,0,1,0,6.05812E+20,5.28098E+21,1.04096E+16,4.76735E+16
80740,80741,9,1,73,135,2016,9,10,6,2,0,7,0,0,0,0,0,1,0,0,6.89552E+20,5.27099E+21,1.152E+16,4.75647E+16
80741,80742,9,3,74,132,2016,9,16,3,3,4,6,0,0,0,1,0,0,0,0,7.36298E+20,5.49957E+21,1.22705E+16,4.96024E+16
80742,80743,9,4,71,174,2016,9,8,3,3,1,6,0,0,0,1,0,0,1,0,6.37128E+20,5.54043E+21,1.09135E+16,5.00004E+16
80743,80744,9,1,88,121,2016,9,13,5,3,2,6,0,0,0,1,0,1,0,0,6.7068E+20,5.33161E+21,1.12932E+16,4.81148E+16
80744,80745,9,5,72,133,2016,9,14,2,3,5,3,0,0,0,1,0,0,0,1,6.38057E+20,5.49914E+21,1.09117E+16,4.9629E+16
80745,80746,9,7,80,123,2016,9,13,5,3,8,1,0,0,0,0,0,1,0,0,6.07717E+20,5.2642E+21,1.04309E+16,4.75223E+16
80746,80747,9,1,89,124,2016,9,9,6,3,2,2,0,0,0,1,0,0,0,0,7.8049E+20,5.29782E+21,1.2744E+16,4.77727E+16
80747,80748,9,5,74,139,2016,9,17,5,3,2,6,0,0,0,1,0,1,0,0,6.66526E+20,5.48061E+21,1.12978E+16,4.94553E+16
80748,80749,9,1,62,0,2016,9,13,2,3,5,2,0,0,0,1,0,0,0,0,6.99725E+20,5.33295E+21,1.16837E+16,4.81185E+16
80749,80750,9,7,72,145,2016,9,16,7,2,4,1,0,0,0,1,0,1,0,0,6.36127E+20,5.36814E+21,1.0841E+16,4.84517E+16
80750,80751,9,2,77,140,2016,9,17,2,3,1,6,0,0,0,1,0,0,0,0,7.9303E+20,5.35937E+21,1.29531E+16,4.83195E+16
80751,80752,9,6,77,114,2016,8,6,4,3,5,3,0,0,0,1,0,0,1,0,5.69697E+20,5.53631E+21,9.97202E+15,4.99751E+16
80752,80753,9,4,62,0,2016,8,17,4,3,0,1,0,0,0,0,0,1,0,0,6.84653E+20,5.53585E+21,1.15738E+16,4.99464E+16
80753,80754,9,5,71,180,2016,9,19,6,3,2,2,1,0,0,1,0,1,0,0,6.2915E+20,5.46019E+21,1.07758E+16,4.92808E+16
80754,80755,9,2,78,141,2016,9,12,1,3,5,3,0,0,0,1,0,0,0,0,7.59544E+20,5.42805E+21,1.25453E+16,4.89508E+16
80755,80756,9,5,64,0,2016,9,13,1,3,5,3,0,0,1,1,0,0,0,0,6.53643E+20,5.47433E+21,1.11178E+16,4.94022E+16
80756,80757,9,7,78,173,2016,9,11,6,3,8,1,0,0,0,0,0,1,0,0,6.1076E+20,5.32552E+21,1.04869E+16,4.80733E+16
80757,80758,9,7,76,125,2016,9,10,1,1,5,3,0,0,1,1,0,0,0,0,5.65167E+20,5.26504E+21,9.86586E+15,4.75355E+16
80758,80759,9,1,72,132,2016,9,17,4,2,5,2,0,0,1,1,0,0,0,0,7.98729E+20,5.27995E+21,1.29746E+16,4.7604E+16
80759,80760,9,6,77,155,2016,9,7,3,3,4,7,0,0,0,1,0,0,0,0,5.44007E+20,5.5396E+21,9.61414E+15,5.00071E+16
80760,80761,9,2,61,0,2016,9,18,5,3,2,6,0,0,0,1,0,0,0,0,7.32384E+20,5.38037E+21,1.2148E+16,4.85333E+16
80761,80762,9,7,80,144,2016,9,6,5,3,4,6,0,1,0,1,0,0,0,1,5.81289E+20,5.27563E+21,1.0082E+16,4.7629E+16
80762,80763,9,1,71,113,2016,9,11,6,3,2,6,0,0,0,1,0,0,0,0,7.79538E+20,5.33991E+21,1.27587E+16,4.81509E+16
80763,80764,9,2,75,120,2016,9,22,7,3,8,7,2,0,0,1,0,0,0,0,8.15122E+20,5.40352E+21,1.32836E+16,4.8705E+16
80764,80765,9,2,73,116,2016,9,18,3,3,2,6,0,0,0,1,0,0,0,0,7.19097E+20,5.42261E+21,1.19907E+16,4.89176E+16
80765,80766,9,7,71,112,2016,9,23,7,2,9,1,2,0,0,0,0,1,0,0,6.46017E+20,5.36804E+21,1.09747E+16,4.84485E+16
80766,80767,9,2,75,159,2016,8,23,4,2,9,1,2,0,0,1,0,0,0,0,8.11621E+20,5.40012E+21,1.32336E+16,4.86763E+16
80767,80768,9,1,84,148,2016,8,17,4,2,5,3,0,0,0,1,0,1,0,0,6.96281E+20,5.32635E+21,1.16344E+16,4.80602E+16
80768,80769,9,4,64,0,2016,9,17,2,3,5,3,0,0,0,1,0,0,0,0,7.06853E+20,5.58081E+21,1.19073E+16,5.0343E+16
80769,80770,9,5,77,140,2016,9,11,5,3,5,2,0,0,1,1,0,0,0,0,6.27446E+20,5.43039E+21,1.07429E+16,4.90132E+16
80770,80771,9,1,71,113,2016,9,22,6,3,5,3,2,0,0,1,0,0,0,0,7.79075E+20,5.33755E+21,1.27509E+16,4.813E+16
80771,80772,9,3,76,170,2016,9,18,3,2,4,1,0,0,0,0,0,1,0,0,7.22934E+20,5.45616E+21,1.20615E+16,4.92176E+16
80772,80773,9,1,75,127,2016,9,9,5,3,5,7,0,0,0,1,0,0,1,0,7.13231E+20,5.34126E+21,1.18691E+16,4.81888E+16
80773,80774,9,5,64,0,2016,9,12,2,3,2,6,0,1,0,1,0,0,0,0,6.49811E+20,5.48168E+21,1.10678E+16,4.94693E+16
80774,80775,9,7,80,127,2016,9,16,5,2,2,6,0,0,0,1,0,1,0,0,5.85829E+20,5.27162E+21,1.01416E+16,4.75923E+16
80775,80776,9,5,71,196,2016,9,21,5,3,8,1,2,0,0,1,0,0,0,0,6.20308E+20,5.46176E+21,1.06547E+16,4.92967E+16
80776,80777,9,6,77,157,2016,9,3,7,3,0,7,2,0,0,1,0,0,0,0,5.44778E+20,5.52313E+21,9.62299E+15,4.98589E+16
80777,80778,9,2,72,118,2016,9,12,2,2,5,2,0,1,0,1,0,0,0,0,8.32392E+20,5.41617E+21,1.35278E+16,4.88095E+16
80778,80779,9,6,78,115,2016,8,13,4,3,2,2,0,0,0,1,0,0,0,0,5.832E+20,5.53611E+21,1.01603E+16,4.99715E+16
80779,80780,9,2,63,0,2016,9,14,4,2,5,3,0,0,0,1,0,1,0,0,7.62191E+20,5.42148E+21,1.25772E+16,4.88907E+16
80780,80781,9,4,74,135,2016,8,17,4,3,2,2,0,0,0,1,0,0,0,0,6.45158E+20,5.5063E+21,1.10127E+16,4.96918E+16
80781,80782,9,4,79,161,2016,9,12,6,2,4,2,0,0,0,1,0,1,0,1,7.11847E+20,5.54453E+21,1.19572E+16,5.00154E+16
80782,80783,9,2,78,113,2016,9,13,1,3,1,2,0,0,0,0,0,1,0,0,7.65918E+20,5.41578E+21,1.26242E+16,4.8838E+16
80783,80784,9,5,64,0,2016,9,19,1,3,6,1,0,1,1,0,1,0,0,0,6.57488E+20,5.48186E+21,1.11737E+16,4.9469E+16
80784,80785,9,7,74,122,2016,9,19,6,3,8,1,0,0,0,1,0,0,0,0,6.07613E+20,5.35389E+21,1.04519E+16,4.8329E+16
80785,80786,9,1,82,119,2016,9,17,4,3,5,3,0,0,0,1,0,0,0,1,7.10544E+20,5.29268E+21,1.18092E+16,4.77531E+16
80786,80787,9,6,61,0,2016,9,15,3,3,2,6,0,0,0,1,0,0,0,1,5.09726E+20,5.53512E+21,9.13563E+15,4.99683E+16
80787,80788,9,1,90,121,2016,9,20,5,1,8,7,2,0,0,1,0,0,0,0,6.62536E+20,5.28996E+21,1.11682E+16,4.77425E+16
80788,80789,9,7,72,207,2016,9,20,5,3,9,1,2,0,0,1,0,0,0,0,6.40556E+20,5.38351E+21,1.09061E+16,4.85889E+16
80789,80790,9,2,75,151,2016,9,15,7,3,8,6,0,0,0,1,0,1,0,0,8.18544E+20,5.3974E+21,1.33253E+16,4.86484E+16
80790,80791,9,1,71,112,2016,9,5,6,2,8,7,2,0,0,1,0,0,0,0,7.81156E+20,5.33781E+21,1.2779E+16,4.81313E+16
80791,80792,9,2,75,122,2016,9,12,7,2,4,2,0,0,0,1,0,1,0,0,8.18744E+20,5.38323E+21,1.33171E+16,4.85212E+16
80792,80793,9,1,90,130,2016,9,15,3,2,2,6,0,0,0,1,0,0,0,0,6.49896E+20,5.29589E+21,1.10017E+16,4.77989E+16
80793,80794,9,2,77,113,2016,8,18,4,3,4,2,0,0,0,1,0,0,0,0,8.06067E+20,5.37252E+21,1.31381E+16,4.84313E+16
80794,80795,9,7,75,135,2016,8,21,4,3,5,3,2,0,1,1,0,0,0,0,5.77006E+20,5.36195E+21,1.00405E+16,4.8406E+16
80795,80796,9,3,74,128,2016,9,13,2,3,0,6,0,1,0,0,0,0,1,0,7.27147E+20,5.51636E+21,1.21539E+16,4.97567E+16
80796,80797,9,2,71,126,2016,9,2,1,2,9,7,2,0,0,0,0,1,0,0,8.07177E+20,5.41973E+21,1.3188E+16,4.88544E+16
80797,80798,9,4,75,169,2016,9,12,5,3,8,1,0,0,0,1,0,0,0,0,6.85265E+20,5.57139E+21,1.15996E+16,5.02656E+16
80798,80799,9,1,72,134,2016,9,16,2,2,8,1,0,1,0,1,0,0,0,0,7.80936E+20,5.30437E+21,1.27542E+16,4.78312E+16
80799,80800,9,6,79,130,2016,9,23,1,3,9,1,2,1,0,1,0,0,0,0,5.72534E+20,5.5218E+21,1.00089E+16,4.98442E+16
80800,80801,9,4,74,122,2016,8,14,4,3,4,2,0,0,0,1,0,0,0,0,6.50978E+20,5.50295E+21,1.1092E+16,4.96602E+16
80801,80802,9,4,78,165,2016,9,23,6,2,8,1,2,0,0,1,0,0,0,0,6.44985E+20,5.55454E+21,1.10284E+16,5.01254E+16
80802,80803,9,7,63,0,2016,9,10,6,3,5,3,0,0,0,1,0,0,0,0,5.99284E+20,5.2876E+21,1.03242E+16,4.77341E+16
80803,80804,9,1,74,115,2016,9,15,4,3,2,6,0,0,0,1,0,0,0,0,6.83375E+20,5.34879E+21,1.14711E+16,4.82658E+16
80804,80805,9,6,75,141,2016,9,19,7,3,5,3,0,0,0,1,0,1,0,0,5.84504E+20,5.50973E+21,1.01727E+16,4.97341E+16
80805,80806,9,2,61,0,2016,9,21,2,3,5,7,2,0,1,0,0,0,0,0,7.33725E+20,5.38138E+21,1.21667E+16,4.85419E+16
80806,80807,9,6,79,114,2016,9,16,1,1,8,1,0,1,0,1,0,0,0,0,5.7473E+20,5.48999E+21,1.00333E+16,4.95579E+16
80807,80808,9,4,74,129,2016,8,15,4,2,8,1,0,0,0,1,0,0,0,0,6.67922E+20,5.51607E+21,1.13323E+16,4.97736E+16
80808,80809,9,4,76,164,2016,9,12,6,3,8,1,0,0,0,0,0,1,0,0,6.67339E+20,5.58513E+21,1.13544E+16,5.03944E+16
80809,80810,9,2,77,118,2016,9,14,1,3,2,6,0,0,0,1,0,0,0,1,8.06181E+20,5.35794E+21,1.3129E+16,4.83005E+16
80810,80811,9,5,73,120,2016,9,17,1,2,5,2,0,1,0,1,0,1,0,0,6.2997E+20,5.48385E+21,1.07948E+16,4.94934E+16
80811,80812,9,7,80,123,2016,9,16,6,2,4,6,0,0,0,1,0,1,0,0,6.04497E+20,5.26237E+21,1.03877E+16,4.75063E+16
80812,80813,9,1,61,0,2016,9,14,4,3,5,3,0,0,0,1,0,0,0,1,6.78824E+20,5.40614E+21,1.14344E+16,4.87825E+16
80813,80814,9,5,72,164,2016,9,15,3,3,1,6,0,0,0,1,0,0,0,0,6.33185E+20,5.499E+21,1.08443E+16,4.96289E+16
80814,80815,9,1,72,122,2016,9,23,5,3,5,3,2,0,0,1,0,0,0,0,7.9246E+20,5.31702E+21,1.29164E+16,4.79396E+16
80815,80816,9,2,75,141,2016,9,15,7,3,5,3,0,0,0,1,0,0,0,1,8.14321E+20,5.36942E+21,1.3247E+16,4.83994E+16
80816,80817,9,1,71,135,2016,9,23,6,2,4,6,2,0,0,1,0,1,0,0,7.69892E+20,5.34238E+21,1.26308E+16,4.81773E+16
80817,80818,9,2,75,124,2016,9,23,7,3,6,7,2,0,0,0,1,0,0,1,8.1203E+20,5.37102E+21,1.32173E+16,4.8415E+16
80818,80819,9,1,89,120,2016,9,14,3,2,5,3,0,0,1,1,0,0,0,0,7.58519E+20,5.29755E+21,1.24511E+16,4.77794E+16
80819,80820,9,6,77,203,2016,9,19,7,3,8,1,0,0,0,1,0,0,0,0,5.53629E+20,5.52769E+21,9.74675E+15,4.98992E+16
80820,80821,9,2,62,0,2016,8,13,4,3,0,6,0,0,0,1,0,0,1,0,8.29972E+20,5.39012E+21,1.34742E+16,4.85772E+16
80821,80822,9,3,73,151,2016,9,9,2,3,5,3,0,1,0,0,0,1,0,1,6.97271E+20,5.44809E+21,1.17056E+16,4.91539E+16
80822,80823,9,2,77,126,2016,9,1,1,3,9,1,2,0,0,1,0,0,0,0,7.92909E+20,5.3848E+21,1.29692E+16,4.85478E+16
80823,80824,9,4,79,112,2016,9,13,5,3,2,6,0,0,0,1,0,0,1,0,7.26429E+20,5.54822E+21,1.21626E+16,5.00431E+16
80824,80825,9,1,82,116,2016,9,5,2,3,5,3,2,1,0,1,0,0,0,0,7.05741E+20,5.29162E+21,1.17447E+16,4.77452E+16
80825,80826,9,4,71,145,2016,8,16,4,2,0,1,0,0,0,1,0,0,0,0,6.40381E+20,5.51863E+21,1.09509E+16,4.98037E+16
80826,80827,9,4,78,145,2016,9,23,6,2,0,1,2,0,1,0,0,0,0,0,6.49176E+20,5.55887E+21,1.10887E+16,5.01632E+16
80827,80828,9,7,80,133,2016,9,15,6,3,5,3,0,0,0,1,0,0,0,0,5.95243E+20,5.25202E+21,1.02626E+16,4.74147E+16
80828,80829,9,1,62,0,2016,9,7,3,3,5,7,0,0,1,1,0,0,0,0,6.87102E+20,5.33512E+21,1.15152E+16,4.81418E+16
80829,80830,9,4,73,165,2016,9,15,3,3,9,1,0,0,0,0,0,1,0,0,6.29979E+20,5.56666E+21,1.08227E+16,5.02378E+16
80830,80831,9,1,76,153,2016,9,9,5,2,4,2,0,0,0,1,0,0,0,0,6.97783E+20,5.41064E+21,1.16944E+16,4.88172E+16
80831,80832,9,6,61,0,2016,9,12,2,3,5,3,0,0,1,0,0,0,0,0,5.09747E+20,5.53633E+21,9.13595E+15,4.99792E+16
80832,80833,9,7,79,185,2016,9,6,5,2,0,6,0,0,0,1,0,1,0,0,6.14903E+20,5.40736E+21,1.0565E+16,4.88086E+16
80833,80834,9,1,87,182,2016,9,15,6,2,6,4,0,0,1,0,1,0,0,0,7.40803E+20,5.32808E+21,1.22321E+16,4.80605E+16
80834,80835,9,4,71,185,2016,9,16,5,3,1,5,0,0,0,1,0,1,0,0,6.49846E+20,5.53842E+21,1.109E+16,4.99793E+16
80835,80836,9,2,73,111,2016,9,18,7,3,2,6,0,0,0,1,0,0,0,0,7.1034E+20,5.41028E+21,1.1865E+16,4.88099E+16
80836,80837,9,1,78,120,2016,9,5,3,3,3,6,2,0,0,1,0,0,1,0,6.94787E+20,5.35369E+21,1.16269E+16,4.83064E+16
80837,80838,9,6,77,203,2016,9,22,7,3,8,1,2,0,0,1,0,0,0,0,5.59152E+20,5.52796E+21,9.82369E+15,4.99011E+16
80838,80839,9,5,71,193,2016,9,18,3,3,0,7,0,0,1,0,1,0,0,0,5.85692E+20,5.47044E+21,1.01806E+16,4.93806E+16
80839,80840,9,1,87,165,2016,9,5,5,3,1,5,1,0,1,1,0,0,0,0,7.33596E+20,5.2998E+21,1.21202E+16,4.78092E+16
80840,80841,9,7,71,130,2016,9,8,2,2,4,6,0,0,0,1,0,0,1,0,6.45041E+20,5.35857E+21,1.09582E+16,4.83636E+16
80841,80842,9,7,73,117,2016,9,6,5,3,8,7,0,0,0,1,0,1,0,0,6.15055E+20,5.39723E+21,1.05642E+16,4.87175E+16
80842,80843,9,1,87,170,2016,9,8,6,3,2,6,0,0,0,1,0,0,0,0,7.35371E+20,5.32094E+21,1.21554E+16,4.79984E+16
80843,80844,9,1,73,137,2016,9,12,7,3,5,3,0,0,1,0,0,0,0,1,6.74518E+20,5.30855E+21,1.13354E+16,4.79065E+16
80844,80845,9,1,61,0,2016,9,17,3,3,0,7,0,0,1,0,0,0,0,0,6.79047E+20,5.40157E+21,1.14354E+16,4.87414E+16
80845,80846,9,6,74,159,2016,9,5,7,2,8,1,2,0,0,0,0,1,0,0,6.1943E+20,5.53157E+21,1.06639E+16,4.99246E+16
80846,80847,9,2,62,0,2016,8,9,4,3,6,7,0,0,0,1,1,0,0,0,8.2885E+20,5.38958E+21,1.34586E+16,4.85729E+16
80847,80848,9,6,78,134,2016,8,8,4,3,5,3,0,0,0,1,0,0,0,0,5.97119E+20,5.52802E+21,1.03523E+16,4.98967E+16
80848,80849,9,2,63,0,2016,9,16,2,3,1,6,0,1,0,0,0,1,0,1,7.61996E+20,5.42059E+21,1.25739E+16,4.88829E+16
80849,80850,9,2,77,138,2016,9,16,1,3,3,6,0,0,0,1,0,0,0,0,7.92199E+20,5.3703E+21,1.29495E+16,4.8418E+16
80850,80851,9,4,61,0,2016,9,13,5,3,8,1,0,0,0,1,0,0,0,0,6.35313E+20,5.52541E+21,1.08829E+16,4.98658E+16
80851,80852,9,1,79,121,2016,9,11,2,3,2,7,0,0,0,1,0,1,0,0,6.68093E+20,5.33842E+21,1.12612E+16,4.81768E+16
80852,80853,9,2,74,146,2016,9,18,4,2,5,6,0,0,1,1,0,0,0,0,7.34138E+20,5.37702E+21,1.21699E+16,4.85027E+16
80853,80854,9,4,61,0,2016,8,9,4,3,4,2,0,0,1,1,0,0,0,0,6.37887E+20,5.52929E+21,1.09201E+16,4.99001E+16
80854,80855,9,4,77,139,2016,9,14,6,3,3,6,0,0,0,1,0,0,0,0,6.90338E+20,5.55085E+21,1.16604E+16,5.00794E+16
80855,80856,9,7,77,167,2016,9,15,6,3,4,1,0,0,0,1,0,0,1,0,6.20257E+20,5.29525E+21,1.06059E+16,4.77994E+16
80856,80857,9,7,77,154,2016,9,12,3,2,9,1,0,0,0,1,0,0,0,0,6.07115E+20,5.30051E+21,1.04318E+16,4.7849E+16
80857,80858,9,2,76,138,2016,9,16,5,3,2,6,0,1,0,1,0,0,0,0,8.03221E+20,5.43186E+21,1.31432E+16,4.89652E+16
80858,80859,9,1,87,142,2016,9,15,6,3,5,2,0,0,0,1,0,0,0,0,7.33455E+20,5.31596E+21,1.2127E+16,4.79544E+16
80859,80860,9,3,62,0,2016,9,15,3,3,4,6,0,0,1,1,0,0,0,0,7.28535E+20,5.43244E+21,1.21249E+16,4.90025E+16
80860,80861,9,4,74,126,2016,9,7,3,3,5,3,0,0,0,1,0,1,0,0,6.49122E+20,5.50571E+21,1.10674E+16,4.96854E+16
80861,80862,9,1,79,136,2016,9,16,5,3,2,6,0,0,0,1,0,0,0,0,6.61051E+20,5.34161E+21,1.11677E+16,4.82073E+16
80862,80863,9,5,74,132,2016,9,14,2,3,3,6,0,0,0,1,0,0,0,0,6.77669E+20,5.48737E+21,1.14545E+16,4.95129E+16
80863,80864,9,7,72,162,2016,9,17,5,3,1,1,0,0,0,1,0,0,0,0,6.37331E+20,5.33519E+21,1.08466E+16,4.81551E+16
80864,80865,9,1,87,177,2016,9,13,6,3,4,2,0,0,0,1,0,1,0,0,7.38364E+20,5.30492E+21,1.21866E+16,4.78534E+16
80865,80866,9,4,74,126,2016,9,20,5,3,3,6,2,0,1,1,0,0,0,0,6.49329E+20,5.50633E+21,1.10705E+16,4.9691E+16
80866,80867,9,6,78,168,2016,9,16,7,2,8,1,0,0,0,1,0,0,0,0,5.84615E+20,5.54949E+21,1.01829E+16,5.00916E+16
80867,80868,9,2,77,138,2016,9,16,2,3,2,6,0,1,0,1,0,0,0,0,7.91608E+20,5.37033E+21,1.29415E+16,4.84186E+16
80868,80869,9,6,62,0,2016,8,14,4,3,2,6,0,0,0,1,0,0,0,1,5.87465E+20,5.54373E+21,1.02214E+16,5.00394E+16