FID,OBJECTID,ULAND,UREGBEZ,UKREIS,UGEMEINDE,UJAHR,UMONAT,USTUNDE,UWOCHENTAG,UKATEGORIE,UART,UTYP1,ULICHTVERH,IstStrasse,IstRad,IstPKW,IstFuss,IstKrad,IstGkfz,IstSonstig,LINREFX,LINREFY,XGCSWGS84,YGCSWGS84
80869,80870,9,3,71,154,2016,9,18,4,2,8,1,0,0,0,0,0,1,0,0,7.03398E+20,5.47271E+21,1.1802E+16,4.93731E+16
80870,80871,9,4,61,0,2016,8,10,4,3,3,6,0,0,0,1,0,1,0,0,6.39688E+20,5.52576E+21,1.09439E+16,4.9868E+16
80871,80872,9,4,71,120,2016,9,13,6,2,4,2,0,0,0,1,0,1,0,0,6.25001E+20,5.52064E+21,1.07379E+16,4.98252E+16
80872,80873,9,2,62,0,2016,9,18,1,3,0,6,0,0,0,1,0,1,0,0,8.31212E+20,5.38953E+21,1.34905E+16,4.85711E+16
80873,80874,9,5,77,136,2016,9,21,1,3,8,7,2,1,0,1,0,0,0,0,6.2448E+20,5.44238E+21,1.07061E+16,4.91217E+16
80874,80875,9,7,77,170,2016,9,16,6,2,9,6,0,0,0,0,0,1,0,0,6.20562E+20,5.27805E+21,1.06052E+16,4.76446E+16
80875,80876,9,1,63,0,2016,9,18,4,2,5,3,0,0,1,1,0,0,0,0,7.3301E+20,5.30803E+21,1.21168E+16,4.78833E+16
80876,80877,9,6,78,174,2016,8,15,4,3,8,1,0,0,0,0,0,1,0,0,5.93324E+20,5.54519E+21,1.03036E+16,5.00517E+16
80877,80878,9,3,63,0,2016,8,19,4,3,2,6,0,0,0,1,0,1,0,0,7.29844E+20,5.50772E+21,1.21862E+16,4.96782E+16
80878,80879,9,2,75,124,2016,9,19,1,3,2,6,0,0,0,1,0,0,0,0,8.09291E+20,5.37125E+21,1.31806E+16,4.84183E+16
80879,80880,9,3,77,132,2016,9,12,5,3,1,2,0,0,0,1,0,0,0,0,7.2223E+20,5.52478E+21,1.20905E+16,4.98342E+16
80880,80881,9,5,71,155,2016,9,17,1,2,9,1,0,1,0,0,0,0,0,1,5.94255E+20,5.47115E+21,1.02987E+16,4.93857E+16
80881,80882,9,7,63,0,2016,9,20,1,3,1,6,2,0,0,1,0,0,0,1,6.00415E+20,5.28856E+21,1.03395E+16,4.77426E+16
80882,80883,9,1,80,117,2016,9,12,4,3,5,3,0,0,0,1,0,0,0,0,6.58713E+20,5.26428E+21,1.11079E+16,4.75126E+16
80883,80884,9,3,63,0,2016,8,10,4,3,5,3,0,0,1,0,0,0,0,0,7.28137E+20,5.50811E+21,1.21628E+16,4.96823E+16
80884,80885,9,4,71,214,2016,9,14,6,3,1,1,0,0,0,1,0,0,0,1,6.38332E+20,5.54236E+21,1.0931E+16,5.00175E+16
80885,80886,9,7,79,194,2016,9,21,6,3,4,6,2,0,0,1,0,0,0,1,6.12983E+20,5.41627E+21,1.05413E+16,4.8889E+16
80886,80887,9,7,72,202,2016,9,6,3,3,5,3,1,0,1,1,0,0,0,0,6.36379E+20,5.35778E+21,1.08411E+16,4.83584E+16
80887,80888,9,2,74,111,2016,9,10,5,2,8,1,0,0,0,0,0,1,0,0,7.38237E+20,5.38121E+21,1.22277E+16,4.85388E+16
80888,80889,9,7,71,130,2016,9,16,5,3,3,6,0,0,1,0,0,0,0,0,6.4579E+20,5.35779E+21,1.09681E+16,4.83564E+16
80889,80890,9,1,87,122,2016,9,16,6,3,1,6,0,0,0,1,0,0,0,0,7.17909E+20,5.30822E+21,1.19152E+16,4.78903E+16
80890,80891,9,3,61,0,2016,9,17,3,2,2,6,0,0,0,1,0,0,0,0,7.03821E+20,5.48219E+21,1.18127E+16,4.94581E+16
80891,80892,9,1,75,123,2016,9,12,5,3,2,6,0,0,0,1,0,0,0,1,7.24168E+20,5.3371E+21,1.20139E+16,4.81476E+16
80892,80893,9,5,61,0,2016,9,19,2,3,2,6,0,0,0,1,0,0,0,0,6.15694E+20,5.45706E+21,1.05899E+16,4.92554E+16
80893,80894,9,7,61,0,2016,9,15,5,3,5,3,0,0,0,1,0,1,0,0,6.36952E+20,5.35969E+21,1.08494E+16,4.83755E+16
80894,80895,9,3,62,0,2016,9,11,5,3,2,6,0,0,0,1,0,0,0,0,7.25347E+20,5.43105E+21,1.20806E+16,4.89912E+16
80895,80896,9,5,76,151,2016,9,22,7,3,3,6,2,0,0,1,0,0,0,1,6.5989E+20,5.47015E+21,1.12021E+16,4.9363E+16
80896,80897,9,2,74,184,2016,9,12,2,2,8,1,0,0,0,0,0,1,0,0,7.47167E+20,5.36933E+21,1.23414E+16,4.84285E+16
80897,80898,9,6,71,155,2016,8,7,4,3,2,6,0,0,0,1,0,0,0,0,5.04271E+20,5.53756E+21,9.05959E+15,4.99903E+16
80898,80899,9,2,71,141,2016,9,16,4,3,0,1,0,0,1,0,0,0,0,0,7.9419E+20,5.40385E+21,1.30001E+16,4.87182E+16
80899,80900,9,3,74,124,2016,8,17,4,3,0,6,0,0,0,0,0,1,0,0,7.09364E+20,5.51207E+21,1.1905E+16,4.97247E+16
80900,80901,9,4,71,119,2016,9,12,6,3,2,6,0,0,0,1,0,1,0,0,6.38236E+20,5.53739E+21,1.09278E+16,4.99728E+16
80901,80902,9,2,72,121,2016,9,14,1,2,8,1,0,0,0,0,0,1,0,0,8.3912E+20,5.41605E+21,1.36191E+16,4.88048E+16
80902,80903,9,4,64,0,2016,9,14,1,2,9,1,0,1,0,1,0,0,0,0,7.09167E+20,5.57683E+21,1.19375E+16,5.03064E+16
80903,80904,9,7,79,194,2016,9,11,6,3,5,3,0,0,0,1,0,0,0,0,6.0783E+20,5.41312E+21,1.04702E+16,4.88616E+16
80904,80905,9,1,82,131,2016,9,18,4,2,9,7,0,0,1,0,0,0,0,0,7.1523E+20,5.28895E+21,1.18698E+16,4.7718E+16
80905,80906,9,5,76,151,2016,9,9,3,3,2,6,0,0,0,1,0,0,0,0,6.55632E+20,5.47133E+21,1.1144E+16,4.93747E+16
80906,80907,9,1,89,143,2016,9,14,5,3,2,6,0,0,0,1,0,1,0,0,7.59461E+20,5.31903E+21,1.24766E+16,4.79719E+16
80907,80908,9,7,61,0,2016,9,3,5,3,0,7,2,1,1,0,0,0,0,0,6.41206E+20,5.36076E+21,1.09072E+16,4.83842E+16
80908,80909,9,1,90,114,2016,9,13,7,3,2,6,0,0,0,1,0,0,0,0,6.34069E+20,5.28976E+21,1.07886E+16,4.77472E+16
80909,80910,9,1,80,124,2016,9,16,7,2,4,6,0,0,0,1,0,0,0,0,6.65082E+20,5.28173E+21,1.1199E+16,4.76679E+16
80910,80911,9,1,83,136,2016,9,17,3,3,8,1,0,0,0,1,0,0,0,0,7.6189E+20,5.34713E+21,1.25263E+16,4.82233E+16
80911,80912,9,2,62,0,2016,8,18,4,3,1,6,0,0,0,1,0,0,0,0,8.29921E+20,5.391E+21,1.34742E+16,4.8585E+16
80912,80913,9,6,72,127,2016,9,0,3,2,1,5,2,0,0,1,0,0,0,0,5.64648E+20,5.54921E+21,9.90378E+15,5.00916E+16
80913,80914,9,2,79,127,2016,9,21,5,3,0,7,2,0,0,0,0,1,0,0,7.53153E+20,5.40399E+21,1.24433E+16,4.87374E+16
80914,80915,9,7,61,0,2016,9,17,5,2,2,6,0,0,0,1,0,0,0,0,6.42281E+20,5.35942E+21,1.09213E+16,4.83719E+16
80915,80916,9,1,87,117,2016,9,14,6,3,1,6,0,0,0,1,0,0,0,0,7.23757E+20,5.30757E+21,1.1993E+16,4.78825E+16
80916,80917,9,1,89,157,2016,9,19,7,2,5,2,1,0,0,1,0,0,0,0,7.67679E+20,5.32845E+21,1.25923E+16,4.80532E+16
80917,80918,9,2,73,137,2016,9,11,3,3,2,6,0,0,0,1,0,0,0,0,7.11387E+20,5.42125E+21,1.18849E+16,4.8908E+16
80918,80919,9,5,72,127,2016,9,14,7,3,5,3,0,0,0,1,0,1,0,0,6.3568E+20,5.49956E+21,1.0879E+16,4.96334E+16
80919,80920,9,2,75,141,2016,8,20,4,1,3,6,1,0,1,1,0,0,0,0,8.14164E+20,5.36879E+21,1.32444E+16,4.83939E+16
80920,80921,9,1,62,0,2016,8,13,4,3,2,6,0,0,0,1,0,0,1,0,6.92193E+20,5.34294E+21,1.15871E+16,4.82106E+16
80921,80922,9,4,72,175,2016,9,7,2,3,9,1,0,1,0,1,0,0,0,0,6.80765E+20,5.51184E+21,1.15085E+16,4.97318E+16
80922,80923,9,3,62,0,2016,9,22,5,3,9,1,2,0,0,0,0,1,0,0,7.25269E+20,5.43529E+21,1.20819E+16,4.90293E+16
80923,80924,9,5,64,0,2016,9,12,7,3,5,3,0,0,1,1,0,0,0,0,6.57331E+20,5.48185E+21,1.11716E+16,4.94689E+16
80924,80925,9,1,90,132,2016,9,19,2,3,2,3,0,0,0,1,0,0,0,0,6.75358E+20,5.29365E+21,1.13406E+16,4.77723E+16
80925,80926,9,6,75,165,2016,9,11,1,3,5,3,0,0,1,1,0,0,0,0,5.88531E+20,5.51738E+21,1.02303E+16,4.98023E+16
80926,80927,9,3,75,196,2016,8,18,4,2,4,1,0,0,0,1,0,0,0,0,7.30067E+20,5.41425E+21,1.21355E+16,4.88386E+16
80927,80928,9,4,71,142,2016,9,18,6,2,2,6,0,0,0,0,0,1,0,0,6.50606E+20,5.52673E+21,1.10961E+16,4.9874E+16
80928,80929,9,2,74,132,2016,9,8,1,2,3,6,0,0,1,1,0,0,0,0,7.2445E+20,5.38625E+21,1.20439E+16,4.85891E+16
80929,80930,9,4,73,121,2016,9,17,1,3,3,6,0,0,0,1,0,0,0,0,6.46248E+20,5.56562E+21,1.10503E+16,5.02246E+16
80930,80931,9,7,73,144,2016,9,5,6,2,4,6,2,0,0,1,0,0,0,0,6.04685E+20,5.38155E+21,1.04193E+16,4.85783E+16
80931,80932,9,1,76,123,2016,9,15,4,3,6,4,0,0,0,1,1,0,0,0,6.61892E+20,5.4169E+21,1.12083E+16,4.88839E+16
80932,80933,9,5,64,0,2016,9,10,3,3,2,6,0,0,0,1,0,0,0,0,6.47923E+20,5.48011E+21,1.10411E+16,4.94556E+16
80933,80934,9,1,87,128,2016,9,17,5,3,0,1,0,0,1,0,0,0,0,0,7.45098E+20,5.30808E+21,1.22782E+16,4.78792E+16
80934,80935,9,7,80,117,2016,9,15,2,3,9,1,0,0,0,0,0,1,0,0,5.95106E+20,5.28436E+21,1.02678E+16,4.77056E+16
80935,80936,9,1,87,117,2016,9,18,6,2,4,2,0,0,0,1,0,0,0,0,7.22801E+20,5.30305E+21,1.19778E+16,4.78421E+16
80936,80937,9,1,83,128,2016,9,6,7,3,5,7,0,0,0,1,0,0,0,0,7.62405E+20,5.34788E+21,1.25337E+16,4.82298E+16
80937,80938,9,1,72,115,2016,9,1,3,3,9,1,2,1,0,1,0,0,0,0,7.92416E+20,5.29252E+21,1.28992E+16,4.77197E+16
80938,80939,9,5,73,120,2016,9,17,7,3,0,7,0,0,1,0,0,0,0,0,6.28875E+20,5.48211E+21,1.07791E+16,4.94779E+16
80939,80940,9,2,72,129,2016,8,0,4,3,4,1,2,0,0,1,0,0,1,0,8.44192E+20,5.40786E+21,1.36811E+16,4.87286E+16
80940,80941,9,7,75,126,2016,9,12,2,3,8,1,0,0,0,1,0,0,0,0,5.82996E+20,5.35847E+21,1.01207E+16,4.8374E+16
80941,80942,9,3,72,164,2016,9,11,2,1,8,6,0,1,0,1,0,0,0,0,7.66027E+20,5.45393E+21,1.26507E+16,4.91804E+16
80942,80943,9,2,73,115,2016,9,11,1,3,5,3,0,0,0,1,0,0,0,0,7.10688E+20,5.39156E+21,1.18602E+16,4.86416E+16
80943,80944,9,3,73,113,2016,9,16,5,2,5,3,0,0,1,0,0,1,0,1,6.7812E+20,5.46556E+21,1.14509E+16,4.93167E+16
80944,80945,9,1,61,0,2016,9,16,2,1,4,6,0,0,0,1,0,0,0,0,6.80268E+20,5.40503E+21,1.14535E+16,4.87722E+16
80945,80946,9,2,75,141,2016,9,17,4,3,8,1,0,0,0,0,0,1,0,0,8.1957E+20,5.36978E+21,1.3318E+16,4.84E+16
80946,80947,9,3,72,164,2016,8,9,4,3,2,6,0,0,0,1,0,0,0,0,7.6645E+20,5.44804E+21,1.26526E+16,4.91274E+16
80947,80948,9,3,74,147,2016,9,12,6,1,1,6,0,0,0,1,0,0,1,0,7.46775E+20,5.50192E+21,1.24168E+16,4.96193E+16
80948,80949,9,7,74,127,2016,8,16,4,2,4,6,0,0,0,0,0,1,1,0,6.03609E+20,5.36883E+21,1.04016E+16,4.8464E+16
80949,80950,9,3,77,133,2016,9,5,2,3,2,2,2,0,0,1,0,0,0,0,7.07425E+20,5.52966E+21,1.18875E+16,4.98834E+16
80950,80951,9,1,90,154,2016,9,12,1,2,0,1,0,0,1,0,0,0,0,0,6.42488E+20,5.28325E+21,1.08987E+16,4.76869E+16
80951,80952,9,3,71,123,2016,9,7,5,3,2,6,0,0,0,1,0,0,0,0,7.10154E+20,5.49122E+21,1.19048E+16,4.95371E+16
80952,80953,9,1,71,117,2016,9,9,2,3,4,6,0,0,0,1,0,0,1,0,7.68067E+20,5.33859E+21,1.26039E+16,4.8144E+16
80953,80954,9,3,76,151,2016,8,15,4,3,4,2,0,0,0,1,0,0,0,0,7.50453E+20,5.48528E+21,1.2457E+16,4.94684E+16
80954,80955,9,3,77,131,2016,9,23,6,2,4,6,2,1,0,1,0,0,0,0,7.32134E+20,5.54447E+21,1.22399E+16,5.00072E+16
80955,80956,9,7,73,136,2016,9,13,6,2,5,3,0,0,0,1,0,0,0,0,6.03134E+20,5.37983E+21,1.03979E+16,4.85631E+16
80956,80957,9,1,78,142,2016,9,18,4,3,2,6,0,0,0,1,0,0,0,0,7.10661E+20,5.37763E+21,1.18528E+16,4.85164E+16
80957,80958,9,4,63,0,2016,9,15,3,3,2,6,0,0,0,1,0,0,0,0,6.39529E+20,5.56923E+21,1.09575E+16,5.02587E+16
80958,80959,9,1,86,143,2016,9,16,5,2,5,3,0,0,0,1,0,0,0,0,6.87771E+20,5.37766E+21,1.15431E+16,4.85239E+16
80959,80960,9,6,77,203,2016,9,17,2,3,4,6,0,0,0,1,0,0,0,1,5.55241E+20,5.52552E+21,9.76889E+15,4.98796E+16
80960,80961,9,7,61,0,2016,9,16,5,3,2,6,0,0,0,1,0,0,0,1,6.41499E+20,5.35382E+21,1.09088E+16,4.83218E+16
80961,80962,9,1,61,0,2016,9,7,6,2,2,6,0,0,0,1,0,1,0,0,6.77217E+20,5.4044E+21,1.14118E+16,4.87674E+16
80962,80963,9,3,76,161,2016,9,12,5,3,5,3,0,0,1,1,0,0,0,0,7.25297E+20,5.46696E+21,1.21E+16,4.93138E+16
80963,80964,9,1,89,135,2016,9,15,7,3,5,2,0,0,0,1,0,0,0,1,7.86417E+20,5.31444E+21,1.28339E+16,4.79192E+16
80964,80965,9,1,76,137,2016,9,6,3,3,8,6,0,0,0,1,0,1,0,0,6.79065E+20,5.43139E+21,1.14487E+16,4.90094E+16
80965,80966,9,5,73,127,2016,9,19,7,3,5,3,0,0,1,1,0,0,0,0,6.45822E+20,5.47524E+21,1.10104E+16,4.94124E+16
80966,80967,9,6,76,123,2016,8,16,4,3,8,1,0,0,0,0,0,1,0,0,5.2557E+20,5.51942E+21,9.35551E+15,4.98267E+16
80967,80968,9,1,80,118,2016,9,17,1,2,8,1,0,0,1,0,0,0,0,0,6.51108E+20,5.25847E+21,1.1005E+16,4.74621E+16
80968,80969,9,3,76,161,2016,9,13,5,3,5,3,0,0,0,1,0,0,0,0,7.28101E+20,5.47069E+21,1.21407E+16,4.93462E+16
80969,80970,9,1,74,115,2016,9,19,2,3,4,6,1,0,0,1,0,1,0,0,6.79987E+20,5.34796E+21,1.14251E+16,4.82593E+16
80970,80971,9,1,90,145,2016,9,5,4,3,9,1,2,0,0,1,0,0,0,0,6.48013E+20,5.28871E+21,1.09741E+16,4.77348E+16
80971,80972,9,3,76,163,2016,8,6,4,3,5,3,0,0,0,1,0,0,0,0,7.27113E+20,5.47534E+21,1.21297E+16,4.93884E+16
80972,80973,9,3,75,180,2016,9,16,6,3,2,6,0,0,0,1,0,0,0,1,7.23904E+20,5.43078E+21,1.20608E+16,4.89893E+16
80973,80974,9,7,72,207,2016,9,13,6,3,1,2,0,0,0,1,0,0,0,0,6.40143E+20,5.38109E+21,1.08997E+16,4.85672E+16
80974,80975,9,7,79,115,2016,9,21,3,2,3,6,2,0,0,1,0,0,0,1,6.34102E+20,5.3939E+21,1.0822E+16,4.86837E+16
80975,80976,9,2,75,126,2016,9,15,5,3,4,1,0,0,0,0,0,1,1,0,8.41978E+20,5.39678E+21,1.36419E+16,4.86304E+16
80976,80977,9,1,76,126,2016,9,16,6,3,2,6,0,0,0,1,0,0,0,0,6.71901E+20,5.40637E+21,1.13403E+16,4.87865E+16
80977,80978,9,3,76,163,2016,9,14,3,3,0,7,0,0,1,0,0,0,0,0,7.2789E+20,5.47531E+21,1.21404E+16,4.93878E+16
80978,80979,9,1,62,0,2016,9,8,5,3,2,6,0,1,0,1,0,0,0,0,6.95525E+20,5.34404E+21,1.16324E+16,4.82194E+16
80979,80980,9,5,64,0,2016,9,11,2,3,2,6,0,1,0,1,0,1,0,0,6.54571E+20,5.48089E+21,1.11331E+16,4.9461E+16
80980,80981,9,7,61,0,2016,9,13,5,3,5,2,0,0,1,1,0,0,0,0,6.4231E+20,5.35917E+21,1.09216E+16,4.83697E+16
80981,80982,9,7,71,142,2016,9,16,6,3,5,3,0,0,0,1,0,1,0,0,6.45428E+20,5.35287E+21,1.09615E+16,4.83123E+16
80982,80983,9,7,78,165,2016,9,7,3,3,5,3,0,0,0,1,0,0,0,0,5.84503E+20,5.30099E+21,1.01297E+16,4.78567E+16
80983,80984,9,1,86,122,2016,9,10,6,3,2,6,0,0,1,1,0,0,0,0,6.92751E+20,5.39594E+21,1.1619E+16,4.86867E+16
80984,80985,9,4,62,0,2016,9,10,3,2,2,6,0,0,0,1,0,0,0,0,6.87645E+20,5.53014E+21,1.16127E+16,4.98942E+16
80985,80986,9,1,79,142,2016,9,0,5,3,3,1,2,0,1,0,0,0,0,0,6.73171E+20,5.3392E+21,1.13298E+16,4.81825E+16
80986,80987,9,5,64,0,2016,9,0,2,3,2,6,2,0,0,1,0,0,0,0,6.52425E+20,5.4735E+21,1.11007E+16,4.93951E+16
80987,80988,9,7,61,0,2016,9,5,5,3,5,3,2,0,0,1,0,1,0,0,6.40211E+20,5.35419E+21,1.08916E+16,4.83254E+16
80988,80989,9,1,76,132,2016,9,18,6,3,8,6,0,0,0,1,0,1,0,0,6.70564E+20,5.41895E+21,1.13274E+16,4.89E+16
80989,80990,9,3,76,119,2016,9,18,5,3,0,7,0,0,1,0,0,0,0,0,7.2267E+20,5.45405E+21,1.20567E+16,4.91988E+16
80990,80991,9,1,62,0,2016,9,16,2,3,5,1,0,0,0,1,0,1,0,0,6.90693E+20,5.3296E+21,1.1561E+16,4.80911E+16
80991,80992,9,5,73,122,2016,9,17,7,2,3,7,0,0,0,1,0,0,0,0,6.43352E+20,5.47779E+21,1.09773E+16,4.94359E+16
80992,80993,9,2,71,116,2016,9,17,2,3,4,6,0,1,0,1,0,1,0,0,7.87434E+20,5.42631E+21,1.29241E+16,4.89229E+16
80993,80994,9,5,62,0,2016,8,16,4,3,3,6,0,0,0,1,0,0,1,0,6.44056E+20,5.4916E+21,1.0992E+16,4.95599E+16
80994,80995,9,3,76,170,2016,8,5,4,3,1,7,1,0,0,0,0,1,0,1,7.24449E+20,5.45913E+21,1.20839E+16,4.92437E+16
80995,80996,9,3,75,213,2016,9,11,6,3,2,6,0,0,0,1,0,0,0,0,7.27494E+20,5.44137E+21,1.21157E+16,4.90831E+16
80996,80997,9,1,89,137,2016,9,14,1,2,4,1,0,0,0,1,0,1,0,0,7.49346E+20,5.32087E+21,1.23423E+16,4.79924E+16
80997,80998,9,4,78,111,2016,9,22,1,3,9,1,2,1,0,1,0,0,0,0,6.5674E+20,5.55359E+21,1.11923E+16,5.01139E+16
80998,80999,9,7,71,130,2016,9,7,6,3,2,6,0,0,0,1,0,1,0,0,6.47229E+20,5.35728E+21,1.09873E+16,4.83516E+16
80999,81000,9,7,76,129,2016,9,16,1,3,5,3,0,1,1,1,0,0,0,0,5.70449E+20,5.27069E+21,9.93694E+15,4.75858E+16
81000,81001,9,1,83,128,2016,9,11,4,3,0,7,0,0,1,0,0,0,0,0,7.61369E+20,5.34956E+21,1.25208E+16,4.82453E+16
81001,81002,9,6,63,0,2016,9,15,3,3,3,6,0,0,0,0,0,0,1,0,5.6873E+20,5.51186E+21,9.9542E+15,4.97553E+16
81002,81003,9,2,61,0,2016,9,14,5,3,2,6,0,0,0,1,0,1,0,0,7.32384E+20,5.38037E+21,1.2148E+16,4.85333E+16
81003,81004,9,6,75,146,2016,9,3,5,2,2,6,2,0,0,1,0,0,0,1,5.80571E+20,5.5153E+21,1.01193E+16,4.97847E+16
81004,81005,9,1,72,128,2016,9,14,7,3,5,3,0,0,0,1,0,0,0,0,7.92238E+20,5.29728E+21,1.29001E+16,4.77625E+16
81005,81006,9,1,88,139,2016,9,18,6,3,4,6,0,0,1,0,0,0,0,0,6.78803E+20,5.31977E+21,1.13973E+16,4.80062E+16
81006,81007,9,1,84,114,2016,9,11,7,3,2,6,0,0,0,1,0,0,0,0,7.00069E+20,5.31843E+21,1.16815E+16,4.79879E+16
81007,81008,9,3,75,196,2016,9,14,3,2,9,7,0,0,0,1,0,0,0,0,7.30177E+20,5.41063E+21,1.2135E+16,4.8806E+16
81008,81009,9,2,74,183,2016,8,8,4,3,4,2,0,0,1,1,0,0,0,0,7.41068E+20,5.36204E+21,1.22549E+16,4.83655E+16
81009,81010,9,1,62,0,2016,8,23,4,3,4,2,2,0,0,1,0,0,0,0,6.89792E+20,5.33987E+21,1.15534E+16,4.81836E+16
81010,81011,9,4,75,161,2016,9,7,2,2,4,1,0,1,0,1,0,0,0,0,7.15967E+20,5.57287E+21,1.20306E+16,5.02684E+16
81011,81012,9,2,73,113,2016,9,17,2,3,7,7,0,0,0,1,0,0,1,0,7.02768E+20,5.39777E+21,1.17559E+16,4.87E+16
81012,81013,9,1,62,0,2016,9,13,4,2,3,2,0,0,1,0,0,0,1,0,6.87678E+20,5.32738E+21,1.15195E+16,4.80721E+16
81013,81014,9,5,72,121,2016,9,17,4,3,5,3,0,0,0,1,0,0,0,1,6.60711E+20,5.49397E+21,1.12231E+16,4.9577E+16
81014,81015,9,3,71,122,2016,9,13,6,2,4,6,0,0,0,1,0,0,0,0,7.12296E+20,5.48345E+21,1.19302E+16,4.94665E+16
81015,81016,9,1,87,170,2016,9,17,6,3,2,3,0,0,0,1,0,0,0,1,7.33403E+20,5.319E+21,1.2128E+16,4.79817E+16
81016,81017,9,7,77,159,2016,9,14,5,3,0,1,0,0,1,0,0,0,0,0,6.1853E+20,5.2692E+21,1.05758E+16,4.75654E+16
81017,81018,9,1,78,116,2016,9,17,6,3,1,6,0,0,0,1,0,0,0,1,7.00132E+20,5.37977E+21,1.17114E+16,4.85391E+16
81018,81019,9,6,79,164,2016,9,16,5,3,1,6,0,0,0,1,0,0,1,0,5.48084E+20,5.50905E+21,9.66724E+15,4.9732E+16
81019,81020,9,6,79,118,2016,9,13,4,3,0,7,0,0,1,0,0,0,0,0,5.73139E+20,5.48484E+21,1.00104E+16,4.95118E+16
81020,81021,9,5,76,122,2016,9,8,5,3,3,7,0,0,0,1,0,0,0,0,6.66934E+20,5.44019E+21,1.12866E+16,4.90919E+16
81021,81022,9,1,71,129,2016,9,18,5,2,4,6,0,0,1,1,0,0,0,0,7.75039E+20,5.3593E+21,1.27109E+16,4.8327E+16
81022,81023,9,3,63,0,2016,9,12,5,3,5,3,0,0,1,1,0,0,0,0,7.2698E+20,5.50531E+21,1.21451E+16,4.96576E+16
81023,81024,9,5,65,0,2016,9,19,4,2,4,2,1,0,0,1,0,1,0,0,6.46902E+20,5.46582E+21,1.10218E+16,4.93274E+16
81024,81025,9,7,80,128,2016,9,18,4,2,5,1,0,0,0,1,0,0,0,1,6.0828E+20,5.2791E+21,1.0442E+16,4.76562E+16
81025,81026,9,1,76,165,2016,9,10,6,2,3,2,0,0,0,1,0,0,0,1,6.65457E+20,5.41743E+21,1.12571E+16,4.88877E+16
81026,81027,9,2,78,192,2016,9,16,6,3,2,6,0,0,0,1,0,0,0,0,7.72907E+20,5.4155E+21,1.27191E+16,4.88324E+16
81027,81028,9,5,71,181,2016,9,7,6,3,5,3,0,0,0,1,0,0,0,0,5.88535E+20,5.46996E+21,1.02197E+16,4.93759E+16
81028,81029,9,1,81,114,2016,9,17,5,3,5,2,0,0,1,1,0,0,0,0,6.57056E+20,5.31266E+21,1.11034E+16,4.7948E+16
81029,81030,9,1,76,131,2016,9,20,6,2,0,1,2,0,1,0,0,0,0,0,6.80655E+20,5.41118E+21,1.14615E+16,4.88273E+16
81030,81031,9,5,64,0,2016,9,13,6,3,3,2,0,0,1,1,0,0,0,0,6.49766E+20,5.47708E+21,1.10654E+16,4.94279E+16
81031,81032,9,1,84,145,2016,9,11,5,3,3,6,0,0,1,1,0,0,0,0,6.96606E+20,5.32165E+21,1.16366E+16,4.80179E+16
81032,81033,9,6,78,186,2016,9,7,5,2,0,1,0,0,0,0,0,1,0,0,5.8998E+20,5.54915E+21,1.02578E+16,5.00878E+16
81033,81034,9,6,77,203,2016,9,4,4,3,8,1,2,0,0,1,0,0,0,0,5.58287E+20,5.52711E+21,9.81151E+15,4.98935E+16
81034,81035,9,5,74,120,2016,9,14,5,3,5,3,0,0,1,1,0,0,0,0,6.73567E+20,5.48267E+21,1.13958E+16,4.94718E+16
81035,81036,9,1,61,0,2016,9,15,5,3,6,2,0,0,1,0,1,0,0,0,6.79269E+20,5.40351E+21,1.14393E+16,4.87587E+16
81036,81037,9,2,78,190,2016,9,9,5,3,2,2,0,0,0,1,0,0,0,0,7.6334E+20,5.42799E+21,1.2597E+16,4.89487E+16
81037,81038,9,3,75,148,2016,9,16,5,2,8,1,0,0,0,1,0,0,0,0,7.08065E+20,5.43381E+21,1.18461E+16,4.9022E+16
81038,81039,9,5,76,143,2016,9,12,4,3,8,1,0,0,0,1,0,0,0,0,6.52917E+20,5.45044E+21,1.10986E+16,4.91877E+16
81039,81040,9,2,75,114,2016,9,11,6,3,5,3,0,0,0,1,0,0,0,0,8.00886E+20,5.3899E+21,1.30807E+16,4.85898E+16
81040,81041,9,4,74,134,2016,9,18,6,2,5,3,0,0,0,1,0,1,0,0,6.47242E+20,5.50742E+21,1.1042E+16,4.97013E+16
81041,81042,9,1,75,111,2016,9,17,5,3,3,6,0,0,0,0,0,1,0,1,7.14406E+20,5.33887E+21,1.18837E+16,4.81668E+16
81042,81043,9,3,74,119,2016,9,18,6,3,5,3,0,0,0,1,0,0,0,0,7.23858E+20,5.50185E+21,1.20999E+16,4.96276E+16
81043,81044,9,5,71,145,2016,9,10,5,2,0,7,0,0,1,0,0,0,0,0,5.96509E+20,5.44699E+21,1.0324E+16,4.91681E+16
81044,81045,9,2,74,176,2016,9,16,5,2,8,1,0,1,0,0,0,1,0,1,7.26944E+20,5.40553E+21,1.20882E+16,4.87614E+16
81045,81046,9,5,76,111,2016,9,8,4,3,1,6,0,0,0,1,0,0,0,1,6.41435E+20,5.45619E+21,1.09432E+16,4.92421E+16
81046,81047,9,4,71,165,2016,9,11,6,3,5,3,0,0,1,1,0,0,0,0,6.28225E+20,5.53304E+21,1.07869E+16,4.9936E+16
81047,81048,9,5,61,0,2016,9,12,5,2,4,6,0,0,0,1,0,0,0,0,6.17548E+20,5.4605E+21,1.06164E+16,4.92859E+16
81048,81049,9,2,77,138,2016,9,14,5,3,5,3,0,0,0,1,0,0,0,0,7.92204E+20,5.36972E+21,1.29492E+16,4.84128E+16