FID,OBJECTID,ULAND,UREGBEZ,UKREIS,UGEMEINDE,UJAHR,UMONAT,USTUNDE,UWOCHENTAG,UKATEGORIE,UART,UTYP1,ULICHTVERH,IstStrasse,IstRad,IstPKW,IstFuss,IstKrad,IstGkfz,IstSonstig,LINREFX,LINREFY,XGCSWGS84,YGCSWGS84
81049,81050,9,3,71,141,2016,9,16,5,3,8,1,0,0,0,1,0,0,0,0,6.90719E+20,5.49044E+21,1.16361E+16,4.95365E+16
81050,81051,9,7,75,162,2016,9,9,4,3,4,6,0,0,0,1,0,0,1,0,5.79693E+20,5.34962E+21,1.00745E+16,4.82947E+16
81051,81052,9,5,74,138,2016,9,18,4,3,0,7,0,1,1,0,0,0,0,1,6.63166E+20,5.49321E+21,1.12567E+16,4.95695E+16
81052,81053,9,1,84,148,2016,9,18,5,3,2,6,0,0,0,1,0,0,0,0,6.96408E+20,5.32638E+21,1.16362E+16,4.80604E+16
81053,81054,9,1,73,120,2016,9,14,6,3,0,1,0,0,1,0,0,0,0,0,6.83526E+20,5.3103E+21,1.14565E+16,4.79198E+16
81054,81055,9,1,78,137,2016,9,5,5,3,9,1,2,0,0,1,0,0,0,0,6.91682E+20,5.36395E+21,1.15898E+16,4.83995E+16
81055,81056,9,5,74,139,2016,9,17,4,2,9,1,0,0,0,0,0,1,0,0,6.71722E+20,5.47736E+21,1.13681E+16,4.94246E+16
81056,81057,9,3,73,134,2016,9,15,6,2,8,1,0,0,0,0,0,1,0,0,7.03481E+20,5.4552E+21,1.17942E+16,4.92158E+16
81057,81058,9,2,73,175,2016,9,16,5,3,7,1,0,0,0,1,1,0,0,0,7.20199E+20,5.42149E+21,1.20051E+16,4.89072E+16
81058,81059,9,5,63,0,2016,9,16,4,3,5,3,0,0,0,1,0,1,0,0,6.38782E+20,5.4839E+21,1.09164E+16,4.94919E+16
81059,81060,9,1,89,114,2016,9,12,6,3,2,6,0,0,0,1,0,0,0,0,7.63856E+20,5.30816E+21,1.25287E+16,4.78725E+16
81060,81061,9,7,76,116,2016,9,5,5,3,2,6,1,0,0,1,0,0,0,1,5.5524E+20,5.26714E+21,9.73424E+15,4.75554E+16
81061,81062,9,1,75,135,2016,9,13,6,3,8,7,0,0,1,0,0,0,0,1,7.08888E+20,5.33946E+21,1.18099E+16,4.8174E+16
81062,81063,9,7,61,0,2016,9,13,5,3,2,6,0,0,0,1,0,0,1,0,6.37339E+20,5.35948E+21,1.08546E+16,4.83735E+16
81063,81064,9,7,75,164,2016,9,23,5,3,9,1,2,0,0,1,0,0,0,0,5.8553E+20,5.35046E+21,1.01533E+16,4.83015E+16
81064,81065,9,1,80,117,2016,9,12,6,3,9,1,0,0,0,1,0,0,0,0,6.62848E+20,5.26169E+21,1.11618E+16,4.74882E+16
81065,81066,9,1,74,115,2016,9,12,6,3,4,2,0,0,0,1,0,1,0,0,6.81489E+20,5.34678E+21,1.14448E+16,4.82483E+16
81066,81067,9,7,71,122,2016,9,12,5,3,3,6,0,0,0,1,0,0,0,0,6.55303E+20,5.35996E+21,1.10972E+16,4.83737E+16
81067,81068,9,1,83,126,2016,9,17,5,3,3,3,0,0,0,0,0,1,0,1,7.28938E+20,5.33502E+21,1.20768E+16,4.81272E+16
81068,81069,9,7,75,164,2016,9,5,4,3,5,7,2,0,0,1,0,0,0,1,5.83007E+20,5.35159E+21,1.01195E+16,4.8312E+16
81069,81070,9,5,64,0,2016,9,12,4,3,5,2,0,0,1,1,0,0,0,0,6.47215E+20,5.48045E+21,1.10315E+16,4.94589E+16
81070,81071,9,1,87,174,2016,9,16,6,3,2,6,0,0,0,1,0,0,0,0,7.42861E+20,5.31029E+21,1.22496E+16,4.78999E+16
81071,81072,9,7,73,136,2016,9,10,5,3,6,4,0,0,0,1,1,0,0,0,6.0098E+20,5.3789E+21,1.03685E+16,4.85551E+16
81072,81073,9,5,76,147,2016,9,14,6,2,9,1,0,0,0,1,0,0,0,0,6.35871E+20,5.44797E+21,1.0864E+16,4.91695E+16
81073,81074,9,1,78,116,2016,9,17,6,3,5,6,0,0,0,1,0,0,0,1,7.00132E+20,5.37977E+21,1.17114E+16,4.85391E+16
81074,81075,9,6,77,116,2016,9,11,5,3,0,7,0,0,1,0,0,0,0,0,5.48736E+20,5.55749E+21,9.68241E+15,5.01676E+16
81075,81076,9,6,72,155,2016,9,19,4,1,9,1,0,0,0,0,0,1,0,0,5.74411E+20,5.55316E+21,1.0041E+16,5.0126E+16
81076,81077,9,5,62,0,2016,9,22,5,3,0,7,2,0,1,0,0,0,0,0,6.44741E+20,5.49368E+21,1.10022E+16,4.95784E+16
81077,81078,9,1,87,182,2016,9,9,5,3,5,2,0,0,0,1,0,0,0,0,7.36492E+20,5.32799E+21,1.21743E+16,4.80613E+16
81078,81079,9,3,77,116,2016,9,6,5,3,7,7,0,0,0,0,0,1,0,0,7.16876E+20,5.52487E+21,1.20162E+16,4.9837E+16
81079,81080,9,5,64,0,2016,9,9,4,3,3,6,0,0,0,1,0,0,0,0,6.49207E+20,5.4772E+21,1.10578E+16,4.94292E+16
81080,81081,9,7,76,129,2016,9,21,4,3,0,7,2,0,0,0,0,1,0,0,5.70971E+20,5.27078E+21,9.9439E+15,4.75866E+16
81081,81082,9,6,72,114,2016,9,16,4,2,4,2,0,0,0,1,0,0,0,1,5.77246E+20,5.56052E+21,1.00822E+16,5.01918E+16
81082,81083,9,1,83,114,2016,9,16,5,2,5,3,0,0,1,1,0,0,0,0,7.42843E+20,5.35324E+21,1.22738E+16,4.82858E+16
81083,81084,9,4,71,142,2016,9,17,5,3,2,6,0,0,0,1,0,0,0,1,6.57837E+20,5.52741E+21,1.11969E+16,4.98782E+16
81084,81085,9,5,64,0,2016,9,7,4,2,5,3,0,0,0,1,0,1,0,0,6.5106E+20,5.48173E+21,1.1085E+16,4.94694E+16
81085,81086,9,7,76,126,2016,9,17,4,3,2,2,0,0,0,1,0,1,0,0,5.5874E+20,5.2716E+21,9.78135E+15,4.75952E+16
81086,81087,9,1,61,0,2016,9,17,6,3,3,6,0,0,0,1,0,0,0,0,6.81851E+20,5.40538E+21,1.14752E+16,4.87748E+16
81087,81088,9,5,71,136,2016,9,17,6,2,2,6,0,0,0,1,0,0,1,0,5.89519E+20,5.44027E+21,1.02266E+16,4.91088E+16
81088,81089,9,5,62,0,2016,9,0,5,2,2,6,2,0,0,0,0,0,1,0,6.43397E+20,5.49162E+21,1.09829E+16,4.95602E+16
81089,81090,9,6,62,0,2016,9,15,4,3,4,2,0,0,0,1,0,1,0,0,5.87334E+20,5.54392E+21,1.02197E+16,5.00412E+16
81090,81091,9,4,74,126,2016,9,12,6,3,5,3,0,0,1,1,0,0,0,0,6.47486E+20,5.50971E+21,1.10462E+16,4.97218E+16
81091,81092,9,5,63,0,2016,9,17,5,3,0,7,0,0,1,0,0,0,0,0,6.42954E+20,5.48633E+21,1.09749E+16,4.95127E+16
81092,81093,9,1,61,0,2016,9,19,5,3,5,3,0,0,1,1,0,0,0,0,6.80269E+20,5.40464E+21,1.14534E+16,4.87686E+16
81093,81094,9,2,78,190,2016,9,9,5,3,0,3,0,0,0,1,0,0,1,0,7.63927E+20,5.42819E+21,1.26051E+16,4.89502E+16
81094,81095,9,3,75,184,2016,9,20,5,3,5,3,2,0,0,1,0,0,0,0,7.2028E+20,5.4402E+21,1.20164E+16,4.90753E+16
81095,81096,9,7,78,204,2016,9,15,4,2,5,3,0,0,1,1,0,0,0,0,6.14604E+20,5.32776E+21,1.05391E+16,4.80928E+16
81096,81097,9,5,64,0,2016,9,7,4,3,2,6,0,0,0,1,0,0,0,0,6.51828E+20,5.47742E+21,1.1094E+16,4.94305E+16
81097,81098,9,2,74,127,2016,9,18,6,3,5,2,0,0,0,1,0,0,0,0,7.34646E+20,5.39573E+21,1.21873E+16,4.86705E+16
81098,81099,9,2,78,190,2016,9,7,6,3,5,2,0,0,0,1,0,0,0,0,7.65743E+20,5.42835E+21,1.263E+16,4.89509E+16
81099,81100,9,4,75,182,2016,9,12,6,3,3,3,0,0,0,1,0,0,1,0,7.11315E+20,5.58594E+21,1.19728E+16,5.03875E+16
81100,81101,9,1,74,115,2016,9,14,5,3,5,3,0,0,1,1,0,0,0,0,6.81683E+20,5.3466E+21,1.14473E+16,4.82465E+16
81101,81102,9,4,61,0,2016,9,23,6,3,0,1,2,0,1,0,0,0,0,0,6.37686E+20,5.53041E+21,1.09177E+16,4.99102E+16
81102,81103,9,5,75,119,2016,9,16,5,3,2,2,0,0,0,1,0,0,0,0,6.11411E+20,5.49057E+21,1.05405E+16,4.95574E+16
81103,81104,9,2,75,151,2016,9,17,5,3,5,3,0,0,0,1,0,0,0,0,8.25177E+20,5.39606E+21,1.3414E+16,4.86329E+16
81104,81105,9,5,64,0,2016,9,17,4,3,2,6,0,0,0,1,0,0,0,0,6.52853E+20,5.47606E+21,1.11076E+16,4.9418E+16
81105,81106,9,1,84,123,2016,9,10,5,3,4,2,0,0,1,1,0,0,0,0,7.02309E+20,5.33212E+21,1.1718E+16,4.81102E+16
81106,81107,9,1,73,137,2016,9,13,6,2,2,6,0,0,0,1,0,0,0,0,6.79049E+20,5.30824E+21,1.13958E+16,4.79025E+16
81107,81108,9,1,81,145,2016,9,8,6,3,8,6,0,0,0,1,0,1,0,0,6.47988E+20,5.33016E+21,1.0988E+16,4.81075E+16
81108,81109,9,1,62,0,2016,9,17,4,3,4,2,0,0,1,1,0,0,0,0,6.93016E+20,5.33132E+21,1.15929E+16,4.81059E+16
81109,81110,9,5,73,134,2016,9,12,4,3,5,2,0,0,0,1,0,0,0,0,6.42551E+20,5.47843E+21,1.09665E+16,4.94418E+16
81110,81111,9,3,76,178,2016,9,8,6,2,0,7,0,0,0,0,0,1,0,1,7.54902E+20,5.48078E+21,1.25154E+16,4.94262E+16
81111,81112,9,1,75,118,2016,9,7,5,3,2,6,0,0,0,0,0,0,1,1,7.1854E+20,5.3387E+21,1.19391E+16,4.8164E+16
81112,81113,9,5,71,227,2016,9,6,4,3,5,3,0,0,0,1,0,0,0,0,6.09162E+20,5.43727E+21,1.04948E+16,4.90786E+16
81113,81114,9,3,72,171,2016,9,21,6,2,0,7,2,0,1,0,0,0,0,0,7.67209E+20,5.47602E+21,1.26816E+16,4.93782E+16
81114,81115,9,4,78,165,2016,9,9,5,2,2,6,0,0,0,1,0,0,0,0,6.43965E+20,5.55261E+21,1.10134E+16,5.01083E+16
81115,81116,9,2,61,0,2016,9,15,5,3,3,6,0,0,0,1,0,0,0,0,7.31821E+20,5.38119E+21,1.21409E+16,4.85409E+16
81116,81117,9,5,71,127,2016,9,9,4,3,6,4,0,0,0,1,1,0,0,0,6.15918E+20,5.45498E+21,1.05924E+16,4.92366E+16
81117,81118,9,1,73,112,2016,9,17,6,3,2,6,0,0,0,1,0,0,0,0,6.9198E+20,5.29196E+21,1.15615E+16,4.77524E+16
81118,81119,9,7,75,129,2016,9,16,5,2,5,3,0,0,1,1,0,0,0,0,5.81727E+20,5.34358E+21,1.01007E+16,4.82402E+16
81119,81120,9,1,73,133,2016,9,19,6,3,9,1,0,0,0,0,0,1,0,0,6.76816E+20,5.27814E+21,1.13537E+16,4.76325E+16
81120,81121,9,1,78,120,2016,9,15,6,3,3,6,0,0,0,1,0,0,0,0,6.94832E+20,5.35362E+21,1.16275E+16,4.83058E+16
81121,81122,9,7,72,223,2016,9,18,5,2,5,3,0,0,0,1,0,1,0,0,6.19121E+20,5.36197E+21,1.06094E+16,4.83996E+16
81122,81123,9,6,72,134,2016,9,20,4,3,9,1,1,0,0,0,0,1,0,0,5.55126E+20,5.58231E+21,9.77549E+15,5.03903E+16
81123,81124,9,1,89,133,2016,9,22,5,3,4,6,2,0,0,0,0,0,1,0,7.55862E+20,5.32212E+21,1.24303E+16,4.80011E+16
81124,81125,9,4,78,111,2016,9,20,5,2,6,4,2,0,0,1,1,0,0,0,6.606E+20,5.55511E+21,1.12469E+16,5.01265E+16
81125,81126,9,4,75,145,2016,9,16,4,2,3,6,0,0,0,1,0,0,0,0,6.99761E+20,5.57618E+21,1.18053E+16,5.03039E+16
81126,81127,9,7,76,117,2016,9,12,4,3,5,3,0,0,0,1,0,1,0,0,5.67002E+20,5.27286E+21,9.89144E+15,4.76057E+16
81127,81128,9,1,87,117,2016,9,14,6,3,0,1,0,0,1,0,0,0,0,0,7.26703E+20,5.30488E+21,1.20309E+16,4.78572E+16
81128,81129,9,1,80,117,2016,9,16,5,3,8,1,0,0,0,0,0,1,0,0,6.46023E+20,5.25981E+21,1.0938E+16,4.74753E+16
81129,81130,9,1,72,129,2016,9,10,6,3,0,6,0,0,0,1,0,1,0,0,7.90109E+20,5.2804E+21,1.28605E+16,4.7612E+16
81130,81131,9,7,77,176,2016,9,14,5,3,5,3,0,0,0,1,0,0,0,0,6.01891E+20,5.29879E+21,1.03616E+16,4.78344E+16
81131,81132,9,1,78,145,2016,9,16,6,1,4,2,0,0,0,1,0,1,0,0,6.97319E+20,5.35442E+21,1.16614E+16,4.83121E+16
81132,81133,9,6,75,146,2016,9,19,5,3,1,6,0,0,0,0,0,0,1,1,5.81036E+20,5.51536E+21,1.01257E+16,4.97852E+16
81133,81134,9,6,76,112,2016,9,10,4,3,5,3,0,0,0,1,0,0,0,0,5.15098E+20,5.50008E+21,9.20917E+15,4.96531E+16
81134,81135,9,1,72,116,2016,9,16,5,3,2,2,0,0,0,1,0,0,0,0,8.03204E+20,5.28623E+21,1.30384E+16,4.76584E+16
81135,81136,9,3,63,0,2016,9,15,5,3,2,2,0,0,0,1,0,0,0,0,7.27198E+20,5.5056E+21,1.21483E+16,4.96601E+16
81136,81137,9,4,78,165,2016,9,18,4,2,0,1,0,0,1,0,0,0,0,0,6.45557E+20,5.55443E+21,1.10364E+16,5.01243E+16
81137,81138,9,7,77,154,2016,9,15,4,2,8,1,0,0,0,0,0,1,0,0,6.07437E+20,5.30291E+21,1.04367E+16,4.78705E+16
81138,81139,9,1,85,158,2016,9,8,6,3,2,6,0,0,0,1,0,0,0,0,6.67124E+20,5.3807E+21,1.1265E+16,4.85571E+16
81139,81140,9,5,77,136,2016,9,18,6,2,4,6,0,0,0,1,0,0,0,0,6.27959E+20,5.44012E+21,1.0753E+16,4.91006E+16
81140,81141,9,1,79,123,2016,9,7,5,3,2,6,0,0,0,1,0,0,0,0,6.77456E+20,5.33193E+21,1.13843E+16,4.81158E+16
81141,81142,9,4,71,145,2016,9,16,6,3,0,7,0,1,0,0,0,1,1,0,6.43864E+20,5.52064E+21,1.1E+16,4.98209E+16
81142,81143,9,5,71,145,2016,9,19,5,2,2,3,2,0,0,1,0,0,1,1,5.90008E+20,5.45014E+21,1.02355E+16,4.91974E+16
81143,81144,9,2,77,113,2016,9,10,5,3,4,6,0,0,1,0,0,0,0,0,7.97548E+20,5.37368E+21,1.3024E+16,4.84458E+16
81144,81145,9,3,61,0,2016,9,16,5,3,2,3,0,0,0,1,0,0,0,0,7.06336E+20,5.4854E+21,1.1849E+16,4.94862E+16
81145,81146,9,5,64,0,2016,9,17,6,3,2,6,0,0,0,1,0,0,0,0,6.53535E+20,5.47828E+21,1.11178E+16,4.94378E+16
81146,81147,9,1,75,123,2016,9,20,6,3,5,3,2,0,0,1,0,0,0,0,7.22142E+20,5.33788E+21,1.19871E+16,4.81553E+16
81147,81148,9,6,62,0,2016,9,11,5,3,3,2,0,0,1,1,0,0,0,0,5.87491E+20,5.54354E+21,1.02218E+16,5.00377E+16
81148,81149,9,6,71,155,2016,9,14,4,3,3,1,0,0,0,1,0,0,0,0,5.03674E+20,5.5367E+21,9.05125E+15,4.99827E+16
81149,81150,9,5,72,131,2016,9,23,5,3,2,1,2,0,0,1,0,0,0,0,6.54724E+20,5.48675E+21,1.11375E+16,4.95136E+16
81150,81151,9,1,87,165,2016,9,14,5,3,2,6,0,0,0,1,0,0,0,0,7.33626E+20,5.29899E+21,1.21201E+16,4.78018E+16
81151,81152,9,3,72,165,2016,9,7,5,2,5,3,0,0,0,1,0,1,0,0,7.62192E+20,5.48078E+21,1.26158E+16,4.94231E+16
81152,81153,9,4,78,116,2016,9,19,4,3,5,2,1,0,0,1,0,0,0,0,6.60835E+20,5.55634E+21,1.12507E+16,5.01375E+16
81153,81154,9,2,71,122,2016,9,17,6,2,4,6,0,0,0,1,0,0,0,0,7.9092E+20,5.4226E+21,1.2969E+16,4.88879E+16
81154,81155,9,4,77,121,2016,9,6,6,3,2,6,0,0,0,0,0,0,1,0,6.88464E+20,5.55007E+21,1.16339E+16,5.0073E+16
81155,81156,9,1,84,147,2016,9,12,5,3,2,6,0,0,0,0,0,0,0,1,6.98479E+20,5.34185E+21,1.16711E+16,4.81989E+16
81156,81157,9,3,74,111,2016,9,8,6,3,1,6,0,0,0,1,0,0,0,0,7.27987E+20,5.51302E+21,1.21635E+16,4.97264E+16
81157,81158,9,5,71,135,2016,9,6,5,3,5,3,0,0,0,1,0,1,0,0,6.22474E+20,5.4733E+21,1.06881E+16,4.94001E+16
81158,81159,9,2,61,0,2016,9,16,5,2,0,2,0,0,1,1,0,0,0,0,7.32177E+20,5.37935E+21,1.21447E+16,4.85243E+16
81159,81160,9,4,77,139,2016,9,15,4,3,3,6,0,0,0,1,0,0,0,0,6.89869E+20,5.55057E+21,1.16537E+16,5.0077E+16
81160,81161,9,7,75,162,2016,9,20,5,3,2,6,2,0,0,1,0,0,0,0,5.82708E+20,5.34864E+21,1.01149E+16,4.82855E+16
81161,81162,9,4,77,143,2016,9,17,4,3,2,6,0,0,0,1,0,0,0,0,6.84569E+20,5.552E+21,1.15804E+16,5.00916E+16
81162,81163,9,1,62,0,2016,9,7,5,3,3,2,0,0,1,1,0,0,0,0,6.88145E+20,5.33384E+21,1.15286E+16,4.81299E+16
81163,81164,9,2,73,164,2016,9,13,6,3,4,3,0,0,0,1,0,0,0,0,6.97642E+20,5.42627E+21,1.17E+16,4.89577E+16
81164,81165,9,1,78,145,2016,9,16,5,3,5,1,0,0,0,1,0,1,0,0,6.98121E+20,5.35466E+21,1.16723E+16,4.8314E+16
81165,81166,9,4,74,146,2016,9,18,4,3,9,1,0,0,0,1,0,0,0,0,6.48225E+20,5.50121E+21,1.10532E+16,4.96452E+16
81166,81167,9,3,72,153,2016,9,16,6,2,4,6,0,0,0,1,0,0,1,0,7.54328E+20,5.45603E+21,1.24918E+16,4.92042E+16
81167,81168,9,2,61,0,2016,9,15,5,3,3,6,0,0,0,0,0,1,1,0,7.31992E+20,5.3799E+21,1.21425E+16,4.85293E+16
81168,81169,9,3,63,0,2016,9,3,4,2,3,6,2,0,0,1,0,0,1,0,7.26742E+20,5.50596E+21,1.21422E+16,4.96635E+16
81169,81170,9,1,89,145,2016,9,15,6,3,3,6,0,0,1,1,0,0,0,0,7.73359E+20,5.30157E+21,1.26514E+16,4.78093E+16
81170,81171,9,7,77,171,2016,9,16,5,3,5,3,0,0,1,1,0,0,0,0,6.27501E+20,5.28505E+21,1.06996E+16,4.77062E+16
81171,81172,9,1,75,132,2016,9,8,6,3,2,6,0,0,0,1,0,0,0,0,7.074E+20,5.33022E+21,1.17854E+16,4.80914E+16
81172,81173,9,7,72,125,2016,9,16,5,2,4,1,0,0,0,1,0,1,0,0,6.27169E+20,5.34576E+21,1.07132E+16,4.82523E+16
81173,81174,9,6,71,122,2016,9,20,4,3,0,7,2,0,0,0,0,1,0,0,5.06629E+20,5.53237E+21,9.09239E+15,4.99437E+16
81174,81175,9,1,89,154,2016,9,6,5,3,5,2,0,0,0,1,0,0,0,0,7.68137E+20,5.3188E+21,1.25925E+16,4.79663E+16
81175,81176,9,4,62,0,2016,9,13,5,3,5,3,0,0,0,1,0,0,0,0,6.84288E+20,5.53548E+21,1.15686E+16,4.99432E+16
81176,81177,9,1,90,118,2016,9,17,6,2,4,2,0,0,0,1,0,0,0,0,6.34805E+20,5.29168E+21,1.0799E+16,4.77644E+16
81177,81178,9,1,81,114,2016,9,18,6,3,8,1,0,0,0,0,0,1,0,0,6.52296E+20,5.31184E+21,1.10394E+16,4.79418E+16
81178,81179,9,7,72,162,2016,9,17,5,3,2,6,0,0,0,1,0,0,0,0,6.36906E+20,5.33537E+21,1.08409E+16,4.81569E+16
81179,81180,9,1,83,126,2016,9,16,5,3,4,6,0,0,0,1,0,0,0,1,7.26659E+20,5.3363E+21,1.20469E+16,4.81395E+16
81180,81181,9,1,62,0,2016,9,17,4,3,2,6,0,0,0,1,0,0,0,1,6.80794E+20,5.33514E+21,1.14305E+16,4.81438E+16
81181,81182,9,3,74,146,2016,9,9,4,2,1,6,0,0,0,0,0,0,1,0,7.2751E+20,5.50164E+21,1.21503E+16,4.96244E+16
81182,81183,9,2,78,123,2016,9,20,6,2,3,1,1,0,1,1,0,0,0,0,7.48612E+20,5.41169E+21,1.23863E+16,4.88084E+16
81183,81184,9,1,87,177,2016,9,19,6,2,0,1,1,0,1,0,0,0,0,0,7.35074E+20,5.30514E+21,1.21428E+16,4.78565E+16
81184,81185,9,7,73,139,2016,9,15,5,2,8,1,0,0,0,0,0,1,0,0,6.13815E+20,5.38582E+21,1.05442E+16,4.86151E+16
81185,81186,9,1,78,116,2016,9,17,6,3,1,6,0,0,0,1,0,0,0,1,7.00132E+20,5.37977E+21,1.17114E+16,4.85391E+16
81186,81187,9,6,63,0,2016,9,16,5,3,2,6,0,0,0,1,0,1,0,1,5.63671E+20,5.51756E+21,9.8849E+15,4.98071E+16
81187,81188,9,6,61,0,2016,9,18,4,1,4,6,0,0,0,0,0,1,0,1,5.08064E+20,5.53331E+21,9.11241E+15,4.99521E+16
81188,81189,9,5,76,127,2016,9,18,5,3,5,3,0,0,0,1,0,0,0,0,6.59398E+20,5.45295E+21,1.11885E+16,4.92086E+16
81189,81190,9,1,87,129,2016,9,20,5,3,3,6,2,0,0,1,0,0,0,0,7.22325E+20,5.30077E+21,1.19703E+16,4.78219E+16
81190,81191,9,3,77,132,2016,9,6,5,3,8,7,0,0,0,1,0,0,0,0,7.21128E+20,5.52391E+21,1.20747E+16,4.98268E+16
81191,81192,9,3,63,0,2016,9,11,4,3,2,6,0,0,0,1,0,0,0,0,7.27528E+20,5.51031E+21,1.21556E+16,4.97023E+16
81192,81193,9,7,80,124,2016,9,22,4,3,8,1,2,0,1,0,0,0,0,0,5.93529E+20,5.2712E+21,1.02439E+16,4.75875E+16
81193,81194,9,1,74,135,2016,9,11,6,3,2,6,0,0,0,1,0,0,0,0,6.60738E+20,5.35512E+21,1.11687E+16,4.83288E+16
81194,81195,9,3,74,134,2016,9,16,4,3,5,2,0,0,1,1,0,0,0,0,7.19609E+20,5.50416E+21,1.20425E+16,4.965E+16
81195,81196,9,7,80,124,2016,9,5,4,3,0,1,2,0,1,0,0,0,0,0,5.93567E+20,5.27126E+21,1.02445E+16,4.7588E+16
81196,81197,9,1,61,0,2016,9,15,6,3,2,6,0,0,1,0,0,0,0,0,6.80261E+20,5.40464E+21,1.14533E+16,4.87686E+16
81197,81198,9,5,73,126,2016,9,10,6,2,5,3,0,0,0,1,0,0,0,0,6.35927E+20,5.48331E+21,1.08768E+16,4.94872E+16
81198,81199,9,6,61,0,2016,9,14,5,3,6,2,0,0,0,1,1,0,0,0,5.10066E+20,5.53627E+21,9.14039E+15,4.99787E+16
81199,81200,9,6,71,152,2016,9,16,4,3,4,6,0,0,0,1,0,0,0,0,5.15547E+20,5.55067E+21,9.21742E+15,5.01081E+16
81200,81201,9,5,74,117,2016,9,18,5,3,0,7,0,0,0,1,0,0,0,0,6.65165E+20,5.4691E+21,1.12743E+16,4.93522E+16
81201,81202,9,1,61,0,2016,9,7,5,3,5,2,0,0,1,1,0,0,0,0,6.76846E+20,5.40651E+21,1.14076E+16,4.87864E+16
81202,81203,9,2,78,190,2016,9,10,5,3,3,2,0,0,0,1,0,0,0,0,7.64778E+20,5.42817E+21,1.26167E+16,4.89497E+16
81203,81204,9,3,75,148,2016,9,14,5,3,2,3,0,0,0,1,0,1,0,0,7.1146E+20,5.43516E+21,1.18932E+16,4.90331E+16
81204,81205,9,3,74,111,2016,9,13,4,3,2,6,0,0,0,1,0,0,0,0,7.27387E+20,5.51123E+21,1.21542E+16,4.97106E+16
81205,81206,9,2,75,125,2016,9,18,6,3,8,1,0,0,0,0,0,1,0,0,8.04129E+20,5.38038E+21,1.31176E+16,4.85028E+16
81206,81207,9,1,75,135,2016,9,17,5,2,5,3,0,0,1,1,0,0,0,0,7.0792E+20,5.33887E+21,1.17966E+16,4.8169E+16
81207,81208,9,2,78,192,2016,9,12,6,3,8,1,0,0,0,1,0,0,0,0,7.73922E+20,5.4149E+21,1.27324E+16,4.88266E+16
81208,81209,9,5,71,208,2016,9,5,6,3,5,3,1,0,0,1,0,0,0,0,6.18147E+20,5.4379E+21,1.0618E+16,4.90826E+16
81209,81210,9,1,74,126,2016,9,23,5,3,5,2,2,0,0,1,0,1,0,0,6.83693E+20,5.34394E+21,1.14732E+16,4.8222E+16
81210,81211,9,5,62,0,2016,9,22,4,2,1,6,2,0,0,1,0,0,0,0,6.4621E+20,5.48966E+21,1.1021E+16,4.95419E+16
81211,81212,9,4,61,0,2016,9,10,6,3,2,6,0,0,0,1,0,0,0,0,6.36344E+20,5.53155E+21,1.08994E+16,4.99208E+16
81212,81213,9,5,71,226,2016,9,16,5,3,8,1,0,0,0,1,0,0,0,0,6.31958E+20,5.45531E+21,1.08128E+16,4.92363E+16
81213,81214,9,2,75,121,2016,9,16,5,3,0,1,0,0,0,1,0,0,0,1,8.17141E+20,5.4057E+21,1.33126E+16,4.87235E+16
81214,81215,9,2,63,0,2016,9,9,5,3,5,3,0,0,1,1,0,0,0,0,7.62055E+20,5.41915E+21,1.25738E+16,4.88699E+16
81215,81216,9,3,74,131,2016,9,11,4,2,8,1,0,0,0,1,0,0,0,0,7.16373E+20,5.49569E+21,1.19931E+16,4.95751E+16
81216,81217,9,1,84,136,2016,9,6,5,3,5,2,1,0,1,1,0,0,0,0,6.98481E+20,5.32651E+21,1.1664E+16,4.8061E+16
81217,81218,9,1,73,120,2016,9,13,6,3,8,1,0,0,0,0,0,1,0,0,6.85093E+20,5.31621E+21,1.148E+16,4.79724E+16
81218,81219,9,1,62,0,2016,9,9,6,3,2,6,0,0,0,1,0,0,0,0,6.87427E+20,5.33314E+21,1.15187E+16,4.81239E+16
81219,81220,9,1,77,123,2016,9,19,5,2,5,3,1,0,1,1,0,0,0,0,7.27098E+20,5.34447E+21,1.20571E+16,4.82128E+16
81220,81221,9,3,77,128,2016,9,18,4,1,2,2,0,0,0,1,0,0,0,1,7.08481E+20,5.52303E+21,1.18986E+16,4.98234E+16
81221,81222,9,3,71,154,2016,9,1,6,2,0,6,2,0,0,0,0,0,1,1,7.01781E+20,5.47623E+21,1.17815E+16,4.94053E+16
81222,81223,9,1,73,147,2016,9,7,5,2,5,3,0,0,0,1,0,0,0,0,6.81898E+20,5.30963E+21,1.14345E+16,4.79142E+16
81223,81224,9,1,89,134,2016,9,12,6,2,4,6,0,0,0,1,0,1,0,1,7.71393E+20,5.31923E+21,1.26363E+16,4.79688E+16
81224,81225,9,7,62,0,2016,9,18,5,3,5,3,0,0,1,1,0,0,0,0,6.22561E+20,5.30659E+21,1.06399E+16,4.7901E+16
81225,81226,9,3,62,0,2016,9,12,6,3,2,6,0,0,0,1,0,0,0,0,7.23883E+20,5.43253E+21,1.20614E+16,4.9005E+16
81226,81227,9,5,75,143,2016,9,17,5,2,5,3,0,0,0,1,0,0,0,0,5.98454E+20,5.47972E+21,1.03587E+16,4.94621E+16
81227,81228,9,2,73,165,2016,9,18,5,3,3,6,0,0,0,1,0,1,0,0,7.14759E+20,5.40879E+21,1.19244E+16,4.8795E+16
81228,81229,9,3,74,149,2016,9,18,4,3,5,3,0,0,0,1,0,1,0,0,7.10665E+20,5.51666E+21,1.19255E+16,4.97654E+16