FID,OBJECTID,ULAND,UREGBEZ,UKREIS,UGEMEINDE,UJAHR,UMONAT,USTUNDE,UWOCHENTAG,UKATEGORIE,UART,UTYP1,ULICHTVERH,IstStrasse,IstRad,IstPKW,IstFuss,IstKrad,IstGkfz,IstSonstig,LINREFX,LINREFY,XGCSWGS84,YGCSWGS84
81229,81230,9,7,78,115,2016,9,8,5,2,4,6,0,0,0,0,0,0,1,1,5.95579E+20,5.33376E+21,1.0285E+16,4.81499E+16
81230,81231,9,1,73,111,2016,9,23,6,2,5,2,2,0,0,1,0,0,0,0,6.82351E+20,5.28922E+21,1.1432E+16,4.77306E+16
81231,81232,9,1,77,116,2016,9,16,6,3,2,6,0,0,0,1,0,0,0,0,7.13935E+20,5.36549E+21,1.18908E+16,4.84062E+16
81232,81233,9,7,72,159,2016,9,18,5,3,4,2,0,0,0,1,0,1,0,0,6.26022E+20,5.36125E+21,1.07024E+16,4.83918E+16
81233,81234,9,1,83,147,2016,9,11,5,3,0,7,0,0,1,0,0,0,0,0,7.47763E+20,5.33463E+21,1.23291E+16,4.81166E+16
81234,81235,9,3,75,162,2016,9,8,4,3,3,6,0,0,0,1,0,0,1,0,7.11896E+20,5.44065E+21,1.1902E+16,4.90822E+16
81235,81236,9,1,87,154,2016,9,14,6,3,8,1,0,0,1,0,0,0,0,0,7.35328E+20,5.29562E+21,1.2141E+16,4.77709E+16
81236,81237,9,5,76,127,2016,9,19,6,3,9,1,2,0,0,1,0,0,0,0,6.60107E+20,5.45053E+21,1.11973E+16,4.91866E+16
81237,81238,9,1,78,144,2016,9,14,6,3,0,7,0,0,1,0,0,0,0,0,7.06131E+20,5.38012E+21,1.17927E+16,4.85403E+16
81238,81239,9,6,78,181,2016,9,15,5,2,8,1,0,0,0,1,0,0,0,0,5.96706E+20,5.55984E+21,1.03545E+16,5.01828E+16
81239,81240,9,5,72,143,2016,9,13,4,3,2,6,0,0,0,1,0,0,0,0,6.27703E+20,5.51097E+21,1.07723E+16,4.97376E+16
81240,81241,9,1,78,130,2016,9,15,6,3,2,1,0,0,0,1,0,0,0,0,7.02661E+20,5.35814E+21,1.17351E+16,4.83439E+16
81241,81242,9,6,79,130,2016,9,2,5,3,2,1,2,0,0,0,0,0,1,1,5.74658E+20,5.52047E+21,1.00381E+16,4.9832E+16
81242,81243,9,5,62,0,2016,9,18,4,3,2,6,0,0,0,1,0,0,0,0,6.43334E+20,5.4916E+21,1.0982E+16,4.956E+16
81243,81244,9,1,89,120,2016,9,12,5,3,5,3,0,0,1,0,0,0,0,1,7.58234E+20,5.29741E+21,1.24472E+16,4.77783E+16
81244,81245,9,4,61,0,2016,9,13,5,3,2,6,0,0,0,1,0,0,0,0,6.36418E+20,5.53133E+21,1.09004E+16,4.99187E+16
81245,81246,9,3,72,171,2016,9,8,4,3,9,1,0,0,0,1,0,0,0,0,7.67068E+20,5.47276E+21,1.26775E+16,4.9349E+16
81246,81247,9,7,79,155,2016,9,17,4,3,4,2,0,0,0,1,0,0,0,0,6.1992E+20,5.40779E+21,1.06334E+16,4.88115E+16
81247,81248,9,1,76,161,2016,9,13,6,3,2,6,0,0,0,1,0,0,0,0,6.80805E+20,5.41784E+21,1.14665E+16,4.88871E+16
81248,81249,9,5,77,161,2016,9,13,6,2,5,3,0,0,0,1,0,0,0,0,6.44899E+20,5.4418E+21,1.09856E+16,4.91119E+16
81249,81250,9,1,76,153,2016,9,6,5,2,5,3,0,0,0,1,0,1,0,0,6.9832E+20,5.41028E+21,1.17015E+16,4.88138E+16
81250,81251,9,5,62,0,2016,9,17,4,3,2,6,0,0,0,1,0,0,0,0,6.43989E+20,5.49219E+21,1.09913E+16,4.95652E+16
81251,81252,9,4,71,119,2016,9,17,6,3,0,6,0,0,1,1,0,1,0,0,6.34151E+20,5.53729E+21,1.08709E+16,4.99729E+16
81252,81253,9,5,64,0,2016,9,17,5,2,0,7,0,0,1,0,0,0,0,0,6.48182E+20,5.47105E+21,1.10413E+16,4.93741E+16
81253,81254,9,1,61,0,2016,9,16,5,3,1,6,0,0,0,1,0,0,0,1,6.75368E+20,5.40484E+21,1.13868E+16,4.87718E+16
81254,81255,9,2,76,138,2016,9,17,5,3,2,6,0,0,0,1,0,0,0,0,8.02779E+20,5.43261E+21,1.31378E+16,4.89721E+16
81255,81256,9,3,73,167,2016,9,7,5,3,5,3,0,0,0,1,0,1,0,0,6.94309E+20,5.45581E+21,1.16687E+16,4.92242E+16
81256,81257,9,3,75,213,2016,9,11,4,3,2,2,0,0,0,1,0,1,0,0,7.27378E+20,5.44114E+21,1.2114E+16,4.90811E+16
81257,81258,9,1,62,0,2016,9,9,5,2,6,4,0,0,0,1,1,0,0,0,6.84646E+20,5.3354E+21,1.14823E+16,4.81451E+16
81258,81259,9,5,72,131,2016,9,10,5,2,5,3,0,0,0,1,0,0,0,0,6.57792E+20,5.4925E+21,1.11822E+16,4.95645E+16
81259,81260,9,1,87,162,2016,9,13,5,3,2,6,0,0,0,1,0,0,0,0,7.50199E+20,5.30551E+21,1.23448E+16,4.78542E+16
81260,81261,9,3,75,131,2016,9,13,5,3,2,6,0,0,0,1,0,0,0,0,7.10033E+20,5.44347E+21,1.1878E+16,4.91082E+16
81261,81262,9,3,73,112,2016,9,13,4,2,4,2,0,0,0,0,0,1,0,0,6.78407E+20,5.44257E+21,1.14447E+16,4.91101E+16
81262,81263,9,2,71,119,2016,9,2,6,3,0,1,2,0,1,0,0,0,0,0,7.92214E+20,5.41837E+21,1.29836E+16,4.88494E+16
81263,81264,9,4,73,159,2016,9,14,6,3,5,3,0,0,0,1,0,1,0,0,6.4525E+20,5.57184E+21,1.10387E+16,5.02808E+16
81264,81265,9,1,74,115,2016,9,8,5,3,2,6,0,0,0,1,0,0,0,0,6.81434E+20,5.34689E+21,1.14441E+16,4.82492E+16
81265,81266,9,3,77,158,2016,9,13,6,3,6,7,0,0,0,1,1,0,0,0,7.42816E+20,5.54414E+21,1.23884E+16,5E+16
81266,81267,9,5,71,165,2016,9,12,5,3,2,6,0,0,0,1,0,0,0,0,6.33526E+20,5.46827E+21,1.08386E+16,4.93525E+16
81267,81268,9,2,61,0,2016,9,20,5,2,1,3,2,0,0,1,0,1,0,0,7.30442E+20,5.38093E+21,1.21221E+16,4.85391E+16
81268,81269,9,3,72,117,2016,9,12,4,1,4,1,0,0,0,1,0,0,1,0,7.73362E+20,5.45678E+21,1.2753E+16,4.92028E+16
81269,81270,9,7,78,202,2016,9,23,5,1,1,6,2,0,0,0,0,0,1,1,5.8961E+20,5.31684E+21,1.02013E+16,4.79986E+16
81270,81271,9,1,73,120,2016,9,18,6,3,5,3,0,0,1,1,0,0,0,0,6.84272E+20,5.31049E+21,1.14666E+16,4.79212E+16
81271,81272,9,1,88,117,2016,9,14,6,2,9,7,0,0,1,0,0,0,0,0,6.65229E+20,5.3158E+21,1.12139E+16,4.79742E+16
81272,81273,9,7,72,162,2016,9,17,5,3,2,6,0,0,0,1,0,0,0,1,6.36899E+20,5.33541E+21,1.08408E+16,4.81572E+16
81273,81274,9,2,74,194,2016,9,11,6,3,0,7,0,0,1,0,0,0,0,0,7.22271E+20,5.38254E+21,1.20124E+16,4.85565E+16
81274,81275,9,1,75,118,2016,9,7,5,3,2,6,0,0,0,1,0,0,0,1,7.18542E+20,5.3387E+21,1.19392E+16,4.8164E+16
81275,81276,9,3,76,175,2016,9,7,4,3,2,6,0,0,0,1,0,0,0,0,7.31946E+20,5.46496E+21,1.21902E+16,4.92933E+16
81276,81277,9,3,72,150,2016,9,14,6,2,4,2,0,0,0,1,0,0,0,0,7.51115E+20,5.43949E+21,1.24374E+16,4.90571E+16
81277,81278,9,2,74,126,2016,9,14,5,3,0,6,0,0,0,0,0,1,1,0,7.31229E+20,5.38706E+21,1.21361E+16,4.85939E+16
81278,81279,9,3,76,117,2016,9,16,4,3,4,6,0,0,0,1,0,0,1,0,7.41535E+20,5.4609E+21,1.23194E+16,4.92532E+16
81279,81280,9,1,73,112,2016,9,17,6,3,5,3,0,0,0,1,0,0,0,0,6.93928E+20,5.29285E+21,1.15878E+16,4.77598E+16
81280,81281,9,7,80,143,2016,9,17,5,3,4,1,0,0,0,1,0,1,0,0,5.97443E+20,5.2819E+21,1.02984E+16,4.76832E+16
81281,81282,9,1,86,152,2016,9,15,6,3,1,6,0,0,0,1,0,0,0,0,6.91541E+20,5.37386E+21,1.15924E+16,4.84887E+16
81282,81283,9,7,71,142,2016,9,12,5,3,0,7,0,0,1,0,0,0,0,0,6.45692E+20,5.35136E+21,1.09645E+16,4.82986E+16
81283,81284,9,5,76,143,2016,9,9,4,3,5,3,0,0,0,1,0,0,1,0,6.53416E+20,5.45697E+21,1.1108E+16,4.92463E+16
81284,81285,9,1,89,154,2016,9,21,5,2,9,1,2,0,0,1,0,0,0,0,7.6609E+20,5.31885E+21,1.25651E+16,4.79676E+16
81285,81286,9,4,77,124,2016,9,19,5,3,0,1,1,0,0,0,0,1,0,0,6.70912E+20,5.54774E+21,1.13878E+16,5.00573E+16
81286,81287,9,7,61,0,2016,9,15,4,2,5,3,0,0,0,1,0,0,0,0,6.42138E+20,5.36222E+21,1.09203E+16,4.83971E+16
81287,81288,9,6,79,206,2016,9,16,1,2,0,1,0,0,0,0,0,1,0,0,5.71615E+20,5.50807E+21,9.99354E+15,4.97208E+16
81288,81289,9,2,75,151,2016,9,0,2,3,2,6,2,0,0,1,0,0,0,0,8.19568E+20,5.3948E+21,1.33371E+16,4.86245E+16
81289,81290,9,1,83,126,2016,9,15,7,1,8,1,0,0,0,0,0,1,0,0,7.28849E+20,5.33498E+21,1.20756E+16,4.81269E+16
81290,81291,9,1,83,123,2016,9,5,2,3,0,3,1,0,0,1,0,1,0,0,7.35229E+20,5.33963E+21,1.21638E+16,4.81663E+16
81291,81292,9,4,64,0,2016,9,22,1,3,1,6,2,0,0,1,0,0,0,0,7.05213E+20,5.57745E+21,1.18824E+16,5.03134E+16
81292,81293,9,2,74,127,2016,9,10,1,3,4,6,0,0,0,1,0,0,0,0,7.34996E+20,5.39584E+21,1.21921E+16,4.86714E+16
81293,81294,9,1,86,122,2016,9,16,1,2,8,1,0,0,0,0,0,1,0,0,6.98344E+20,5.39072E+21,1.16924E+16,4.86381E+16
81294,81295,9,1,62,0,2016,9,13,7,2,6,4,0,0,0,1,1,0,0,0,6.91638E+20,5.33162E+21,1.15745E+16,4.8109E+16
81295,81296,9,7,77,129,2016,9,17,7,3,0,7,0,0,0,0,0,0,0,1,6.28185E+20,5.26974E+21,1.07043E+16,4.75684E+16
81296,81297,9,7,79,167,2016,9,7,6,3,8,1,0,0,0,1,0,0,0,0,6.26421E+20,5.4121E+21,1.07232E+16,4.8849E+16
81297,81298,9,6,73,117,2016,9,17,7,3,5,3,0,0,0,1,0,0,0,0,5.71445E+20,5.58401E+21,1.00053E+16,5.04037E+16
81298,81299,9,1,89,140,2016,9,11,7,2,6,1,0,0,0,1,1,0,0,0,7.73996E+20,5.29525E+21,1.26559E+16,4.77523E+16
81299,81300,9,1,87,113,2016,9,16,2,3,8,6,0,0,0,1,0,0,0,0,7.48454E+20,5.32654E+21,1.23337E+16,4.80437E+16
81300,81301,9,5,64,0,2016,9,16,7,3,2,6,0,0,0,1,0,0,0,0,6.46918E+20,5.47852E+21,1.10267E+16,4.94416E+16
81301,81302,9,1,73,133,2016,9,11,1,2,2,6,0,0,0,1,0,0,0,0,6.77471E+20,5.27993E+21,1.13632E+16,4.76485E+16
81302,81303,9,1,61,0,2016,9,13,2,2,3,6,0,0,0,1,0,1,0,0,6.7751E+20,5.40368E+21,1.14155E+16,4.87608E+16
81303,81304,9,2,77,116,2016,9,17,7,2,4,2,0,0,0,1,0,1,0,0,7.79453E+20,5.36825E+21,1.27762E+16,4.84054E+16
81304,81305,9,1,78,140,2016,9,21,2,2,5,3,2,0,0,1,0,1,0,0,7.07653E+20,5.36627E+21,1.18065E+16,4.84153E+16
81305,81306,9,1,84,132,2016,9,0,1,3,3,6,2,0,0,1,0,0,0,0,6.84292E+20,5.32611E+21,1.14736E+16,4.80616E+16
81306,81307,9,2,73,165,2016,9,10,7,3,5,3,0,0,0,1,0,0,0,1,7.21523E+20,5.40526E+21,1.20144E+16,4.87609E+16
81307,81308,9,1,62,0,2016,9,18,7,3,5,3,0,0,0,1,0,0,0,0,6.95137E+20,5.33142E+21,1.16214E+16,4.81061E+16
81308,81309,9,7,71,145,2016,9,11,7,2,5,6,0,0,0,1,0,1,0,0,6.48704E+20,5.34471E+21,1.10028E+16,4.82382E+16
81309,81310,9,7,79,167,2016,9,22,6,3,9,1,2,0,0,1,0,0,0,0,6.26694E+20,5.41242E+21,1.07271E+16,4.88518E+16
81310,81311,9,5,65,0,2016,9,2,7,3,8,1,2,0,0,1,0,0,0,0,6.48165E+20,5.46477E+21,1.10388E+16,4.93176E+16
81311,81312,9,4,73,175,2016,9,16,1,3,2,6,0,0,0,0,0,1,0,0,6.34915E+20,5.57144E+21,1.08936E+16,5.02797E+16
81312,81313,9,1,89,154,2016,9,18,7,3,0,1,0,0,1,0,0,0,0,0,7.65888E+20,5.31925E+21,1.25627E+16,4.79713E+16
81313,81314,9,4,72,139,2016,9,15,7,2,4,1,0,0,0,1,0,1,0,0,6.9309E+20,5.55023E+21,1.16985E+16,5.00729E+16
81314,81315,9,1,61,0,2016,9,14,2,3,2,6,0,0,0,1,0,1,0,0,6.77268E+20,5.40398E+21,1.14123E+16,4.87636E+16
81315,81316,9,2,73,147,2016,9,11,7,3,2,6,0,0,0,1,0,0,0,1,7.00584E+20,5.3898E+21,1.17223E+16,4.86291E+16
81316,81317,9,7,80,137,2016,9,12,1,3,8,2,0,0,0,1,0,1,0,0,6.02172E+20,5.27129E+21,1.03589E+16,4.7587E+16
81317,81318,9,3,72,116,2016,9,16,2,3,2,6,0,0,0,1,0,0,1,0,7.67887E+20,5.45851E+21,1.26792E+16,4.92207E+16
81318,81319,9,5,62,0,2016,9,14,1,2,0,7,0,0,1,0,0,0,0,0,6.42279E+20,5.49323E+21,1.0968E+16,4.9575E+16
81319,81320,9,3,76,161,2016,9,10,1,2,5,3,0,0,0,1,0,0,0,0,7.29564E+20,5.47146E+21,1.21612E+16,4.93526E+16
81320,81321,9,3,75,191,2016,9,6,2,3,0,7,1,0,0,0,0,1,0,0,7.42887E+20,5.42336E+21,1.23154E+16,4.89155E+16
81321,81322,9,1,72,122,2016,9,20,7,3,0,3,2,0,1,1,0,0,0,0,7.93736E+20,5.31679E+21,1.29332E+16,4.7937E+16
81322,81323,9,6,78,136,2016,9,20,1,3,5,3,2,0,1,1,0,0,0,0,5.85459E+20,5.53979E+21,1.01926E+16,5.00043E+16
81323,81324,9,4,71,174,2016,9,13,1,3,2,6,0,0,1,1,0,0,0,0,6.35366E+20,5.54217E+21,1.08895E+16,5.00164E+16
81324,81325,9,5,63,0,2016,9,19,7,3,3,6,1,0,0,1,0,0,0,0,6.43177E+20,5.48277E+21,1.09767E+16,4.94806E+16
81325,81326,9,1,71,113,2016,9,13,7,3,5,3,0,0,0,1,0,1,0,0,7.7857E+20,5.33597E+21,1.27431E+16,4.8116E+16
81326,81327,9,1,89,159,2016,9,17,1,3,2,6,0,0,0,1,0,0,0,0,7.57163E+20,5.30355E+21,1.24366E+16,4.78338E+16
81327,81328,9,3,74,164,2016,9,12,7,3,2,6,0,0,0,1,0,0,0,0,7.52849E+20,5.50484E+21,1.25026E+16,4.96431E+16
81328,81329,9,1,88,139,2016,9,15,2,3,0,6,0,0,1,1,0,1,0,0,6.75961E+20,5.32237E+21,1.13603E+16,4.80304E+16
81329,81330,9,7,71,112,2016,9,17,1,2,8,1,0,0,0,0,0,1,0,0,6.46733E+20,5.37006E+21,1.09851E+16,4.84666E+16
81330,81331,9,2,71,138,2016,9,8,2,3,1,6,0,0,0,1,0,0,0,1,7.94561E+20,5.41168E+21,1.30107E+16,4.87882E+16
81331,81332,9,1,72,116,2016,9,11,7,2,8,1,0,1,0,0,0,1,0,0,8.02579E+20,5.28311E+21,1.30279E+16,4.76306E+16
81332,81333,9,2,73,152,2016,9,16,2,3,2,6,0,0,0,1,0,0,0,0,7.01934E+20,5.40941E+21,1.17502E+16,4.88049E+16
81333,81334,9,4,75,154,2016,9,16,1,3,2,6,0,0,0,1,0,0,0,0,6.9611E+20,5.56117E+21,1.17463E+16,5.01703E+16
81334,81335,9,2,71,116,2016,9,11,1,3,9,1,0,0,0,1,0,0,0,0,7.87211E+20,5.42082E+21,1.29172E+16,4.88737E+16
81335,81336,9,1,72,117,2016,9,10,7,3,1,6,0,0,0,1,0,1,0,0,7.96689E+20,5.28655E+21,1.2952E+16,4.76642E+16
81336,81337,9,2,62,0,2016,9,16,1,3,0,2,0,0,1,1,0,0,0,0,8.26124E+20,5.38948E+21,1.34217E+16,4.85734E+16
81337,81338,9,1,63,0,2016,9,11,1,3,2,6,0,0,0,1,0,0,0,0,7.32729E+20,5.30751E+21,1.21127E+16,4.78787E+16
81338,81339,9,2,75,156,2016,9,12,7,3,2,1,0,0,0,1,0,0,0,1,8.5244E+20,5.39293E+21,1.37801E+16,4.85901E+16
81339,81340,9,1,84,135,2016,9,12,7,3,1,6,0,0,0,1,0,0,0,0,6.86304E+20,5.34753E+21,1.15099E+16,4.82536E+16
81340,81341,9,7,77,151,2016,9,16,7,3,4,1,0,0,0,1,0,0,0,0,6.2444E+20,5.29379E+21,1.06613E+16,4.77854E+16
81341,81342,9,1,89,152,2016,9,11,1,3,9,7,0,0,0,0,0,1,0,0,7.78394E+20,5.33318E+21,1.27389E+16,4.80911E+16
81342,81343,9,3,75,148,2016,9,14,7,3,5,3,0,0,0,1,0,1,0,0,7.04235E+20,5.43661E+21,1.17952E+16,4.90485E+16
81343,81344,9,1,74,115,2016,9,15,2,3,2,6,0,0,0,1,0,1,0,0,6.80919E+20,5.34807E+21,1.14377E+16,4.82599E+16
81344,81345,9,1,81,114,2016,9,16,1,3,8,1,0,0,0,0,0,1,0,0,6.51688E+20,5.31134E+21,1.10311E+16,4.79374E+16
81345,81346,9,7,75,129,2016,9,14,7,3,2,6,0,0,0,1,0,1,0,0,5.83683E+20,5.34141E+21,1.01266E+16,4.82204E+16
81346,81347,9,6,79,175,2016,9,6,7,3,3,6,0,0,0,0,0,0,1,1,5.71551E+20,5.51009E+21,9.99303E+15,4.97391E+16
81347,81348,9,6,77,203,2016,9,22,1,3,0,1,2,0,0,1,0,0,0,0,5.58283E+20,5.5271E+21,9.81145E+15,4.98935E+16
81348,81349,9,2,75,128,2016,9,15,2,2,4,6,0,0,0,1,0,0,0,0,8.3278E+20,5.40528E+21,1.35243E+16,4.87117E+16
81349,81350,9,1,72,131,2016,9,16,7,2,8,1,0,0,0,0,0,1,0,0,7.89068E+20,5.28498E+21,1.28497E+16,4.76535E+16
81350,81351,9,1,89,149,2016,9,20,2,3,7,1,2,0,0,1,0,0,0,0,7.65769E+20,5.33109E+21,1.25684E+16,4.80776E+16
81351,81352,9,2,74,124,2016,9,13,1,3,2,6,0,0,0,1,0,0,0,1,7.25074E+20,5.37606E+21,1.20468E+16,4.84973E+16
81352,81353,9,1,76,112,2016,9,11,1,3,2,6,0,0,0,0,0,1,0,0,6.96745E+20,5.42133E+21,1.16854E+16,4.89136E+16
81353,81354,9,2,74,174,2016,9,3,7,2,9,1,2,0,0,1,0,0,0,0,7.44152E+20,5.39331E+21,1.23148E+16,4.86451E+16
81354,81355,9,1,62,0,2016,9,11,7,3,0,6,0,0,0,1,0,1,0,0,6.94685E+20,5.33211E+21,1.16157E+16,4.81125E+16
81355,81356,9,7,79,196,2016,9,19,7,3,5,3,2,0,0,1,0,0,0,0,6.36343E+20,5.39309E+21,1.08521E+16,4.8676E+16
81356,81357,9,7,61,0,2016,9,19,6,3,0,7,0,0,1,0,0,0,0,0,6.37479E+20,5.35947E+21,1.08565E+16,4.83734E+16
81357,81358,9,6,72,113,2016,9,15,7,3,5,3,0,0,0,1,0,0,0,0,5.56034E+20,5.57314E+21,9.7869E+15,5.03077E+16
81358,81359,9,1,84,114,2016,9,11,7,3,2,6,0,0,0,1,0,1,0,0,6.99383E+20,5.32005E+21,1.16731E+16,4.80027E+16
81359,81360,9,1,87,165,2016,9,20,2,3,3,6,2,0,1,1,0,0,0,0,7.31002E+20,5.29471E+21,1.20829E+16,4.77643E+16
81360,81361,9,5,64,0,2016,9,23,7,3,4,2,2,0,1,1,0,0,0,0,6.55572E+20,5.48126E+21,1.11471E+16,4.9464E+16
81361,81362,9,7,61,0,2016,9,17,6,3,0,1,0,0,1,0,0,0,0,0,6.41132E+20,5.35659E+21,1.09048E+16,4.83467E+16
81362,81363,9,6,78,193,2016,9,21,7,3,1,6,2,0,0,1,0,0,0,0,5.80195E+20,5.53951E+21,1.01191E+16,5.00025E+16
81363,81364,9,2,73,163,2016,9,11,2,3,5,3,0,0,0,1,0,0,0,0,7.05786E+20,5.39752E+21,1.17967E+16,4.86967E+16
81364,81365,9,1,84,114,2016,9,19,7,3,2,6,0,0,0,1,0,0,0,0,6.99598E+20,5.31963E+21,1.16758E+16,4.79988E+16
81365,81366,9,1,72,112,2016,9,13,2,3,3,2,0,0,0,0,0,1,1,0,7.88604E+20,5.3027E+21,1.28553E+16,4.78129E+16
81366,81367,9,5,73,130,2016,9,17,7,3,5,3,0,0,0,1,0,0,0,1,6.34335E+20,5.48675E+21,1.0856E+16,4.95185E+16
81367,81368,9,1,73,137,2016,9,17,1,3,2,6,0,1,0,1,0,0,0,0,6.75527E+20,5.29936E+21,1.13451E+16,4.78236E+16
81368,81369,9,2,74,126,2016,9,20,7,3,5,3,2,0,0,1,0,0,0,0,7.33005E+20,5.38615E+21,1.21597E+16,4.8585E+16
81369,81370,9,7,71,113,2016,9,7,7,2,5,3,0,0,1,1,0,0,0,0,6.57101E+20,5.37055E+21,1.11254E+16,4.84685E+16
81370,81371,9,6,75,141,2016,9,14,6,3,4,3,0,0,0,1,0,1,0,0,5.83504E+20,5.51076E+21,1.0159E+16,4.97436E+16
81371,81372,9,6,77,114,2016,9,15,1,2,4,2,0,0,0,1,0,1,0,0,5.70593E+20,5.5384E+21,9.98489E+15,4.99937E+16
81372,81373,9,5,65,0,2016,9,20,7,2,0,1,1,0,1,0,0,0,0,0,6.47234E+20,5.46598E+21,1.10264E+16,4.93288E+16
81373,81374,9,4,77,164,2016,9,17,1,2,0,1,0,0,1,0,0,0,0,0,6.64702E+20,5.53891E+21,1.12973E+16,4.99798E+16
81374,81375,9,5,64,0,2016,9,10,7,3,5,3,0,0,1,0,0,0,0,0,6.47547E+20,5.47536E+21,1.10342E+16,4.9413E+16
81375,81376,9,1,82,120,2016,9,20,7,2,2,6,2,0,0,1,0,0,0,1,7.03062E+20,5.30969E+21,1.17175E+16,4.79083E+16
81376,81377,9,4,71,165,2016,9,20,7,2,2,6,2,0,0,0,0,1,0,1,6.2724E+20,5.53308E+21,1.07731E+16,4.99365E+16
81377,81378,9,1,84,120,2016,9,18,2,3,2,6,0,0,0,1,0,0,0,0,6.82826E+20,5.33309E+21,1.14569E+16,4.81248E+16
81378,81379,9,4,72,179,2016,9,18,7,3,9,1,0,0,0,0,0,1,0,0,6.733E+20,5.51876E+21,1.14081E+16,4.97963E+16
81379,81380,9,1,61,0,2016,9,17,2,3,3,6,0,0,0,1,0,0,1,0,6.80798E+20,5.40523E+21,1.14608E+16,4.87738E+16
81380,81381,9,2,79,137,2016,9,19,7,2,5,3,0,0,0,1,0,0,0,0,7.7837E+20,5.40184E+21,1.27841E+16,4.87074E+16
81381,81382,9,7,75,135,2016,9,11,1,2,5,2,0,0,1,1,0,0,0,0,5.73305E+20,5.35918E+21,9.99003E+15,4.83815E+16
81382,81383,9,3,72,170,2016,9,18,2,2,2,2,0,0,0,0,0,1,0,0,7.46808E+20,5.45309E+21,1.23869E+16,4.91809E+16
81383,81384,9,6,71,139,2016,9,16,1,3,2,6,0,0,0,1,0,1,0,0,5.18905E+20,5.53948E+21,9.26383E+15,5.00073E+16
81384,81385,9,3,62,0,2016,9,14,1,3,0,6,0,0,0,0,0,1,0,0,7.26693E+20,5.43644E+21,1.2102E+16,4.90391E+16
81385,81386,9,4,72,131,2016,9,11,2,3,2,6,0,0,0,1,0,0,0,1,6.7996E+20,5.53432E+21,1.15078E+16,4.99341E+16
81386,81387,9,1,87,182,2016,9,14,7,1,2,2,0,0,0,1,0,1,0,0,7.39367E+20,5.32888E+21,1.22133E+16,4.80682E+16
81387,81388,9,1,89,154,2016,9,13,1,3,3,6,0,0,0,1,0,1,0,0,7.64629E+20,5.32083E+21,1.25468E+16,4.7986E+16
81388,81389,9,3,75,210,2016,9,10,7,3,0,7,0,0,0,0,0,1,0,0,7.48409E+20,5.43298E+21,1.23965E+16,4.89997E+16
81389,81390,9,1,81,133,2016,9,16,2,3,4,6,0,0,0,1,0,0,0,0,6.43577E+20,5.3128E+21,1.0923E+16,4.79524E+16
81390,81391,9,1,81,132,2016,9,19,1,3,9,1,0,0,0,1,0,0,0,0,6.45518E+20,5.32453E+21,1.0953E+16,4.80575E+16
81391,81392,9,6,63,0,2016,9,12,1,3,0,7,0,1,0,0,0,1,0,0,5.66133E+20,5.51724E+21,9.91906E+15,4.9804E+16
81392,81393,9,2,78,159,2016,9,17,2,3,8,7,0,0,0,1,0,0,0,0,7.75846E+20,5.42072E+21,1.27625E+16,4.8878E+16
81393,81394,9,1,63,0,2016,9,16,7,3,5,2,0,0,1,1,0,0,0,0,7.32936E+20,5.30318E+21,1.21132E+16,4.78397E+16
81394,81395,9,1,73,111,2016,9,11,2,2,5,3,0,0,1,1,0,0,0,0,6.85161E+20,5.29104E+21,1.14702E+16,4.77461E+16
81395,81396,9,4,79,136,2016,9,20,1,2,0,7,2,0,0,0,0,1,0,0,7.25124E+20,5.54611E+21,1.21431E+16,5.00247E+16
81396,81397,9,7,73,144,2016,9,16,1,3,0,1,0,0,1,0,0,0,0,0,6.09013E+20,5.37787E+21,1.0477E+16,4.85444E+16
81397,81398,9,3,76,161,2016,9,8,2,3,5,2,0,0,1,1,0,0,0,0,7.25928E+20,5.46809E+21,1.21093E+16,4.93237E+16
81398,81399,9,1,87,128,2016,9,17,7,3,8,1,0,0,0,0,0,1,0,0,7.46624E+20,5.30912E+21,1.22992E+16,4.7888E+16
81399,81400,9,5,64,0,2016,9,13,1,3,2,6,0,0,0,1,0,0,0,0,6.47891E+20,5.48012E+21,1.10407E+16,4.94557E+16
81400,81401,9,2,76,122,2016,9,19,1,3,8,1,0,0,0,0,0,1,0,0,7.92106E+20,5.44321E+21,1.29999E+16,4.90724E+16
81401,81402,9,1,82,120,2016,9,11,7,2,2,6,0,0,0,1,0,1,0,0,7.03464E+20,5.30706E+21,1.17216E+16,4.78846E+16
81402,81403,9,2,77,138,2016,9,17,1,2,4,6,0,0,0,1,0,1,0,0,7.90125E+20,5.37475E+21,1.29246E+16,4.84589E+16
81403,81404,9,1,84,114,2016,9,10,1,3,2,6,0,0,0,1,0,0,0,0,6.99607E+20,5.31961E+21,1.16759E+16,4.79986E+16
81404,81405,9,3,71,156,2016,9,22,7,2,5,3,2,0,0,1,0,0,0,0,7.01216E+20,5.49997E+21,1.17859E+16,4.96188E+16
81405,81406,9,1,75,132,2016,9,18,2,3,3,6,0,0,0,1,0,0,1,0,7.06982E+20,5.33646E+21,1.17828E+16,4.81476E+16
81406,81407,9,1,75,123,2016,9,15,1,3,2,3,0,0,0,1,0,0,0,0,7.25601E+20,5.33632E+21,1.20327E+16,4.81401E+16
81407,81408,9,7,80,140,2016,9,14,7,2,8,1,0,0,0,0,0,1,0,0,6.01579E+20,5.28195E+21,1.03535E+16,4.76829E+16
81408,81409,9,6,74,163,2016,9,12,6,3,0,6,0,0,1,1,0,0,0,0,6.10998E+20,5.53902E+21,1.05486E+16,4.99932E+16