FID,OBJECTID,ULAND,UREGBEZ,UKREIS,UGEMEINDE,UJAHR,UMONAT,USTUNDE,UWOCHENTAG,UKATEGORIE,UART,UTYP1,ULICHTVERH,IstStrasse,IstRad,IstPKW,IstFuss,IstKrad,IstGkfz,IstSonstig,LINREFX,LINREFY,XGCSWGS84,YGCSWGS84
81409,81410,9,6,63,0,2016,9,1,7,3,0,1,2,1,0,0,0,1,0,1,5.71188E+20,5.51648E+21,9.98916E+15,4.97966E+16
81410,81411,9,2,74,174,2016,9,11,2,3,1,1,0,0,0,0,0,0,1,0,7.4662E+20,5.39219E+21,1.23476E+16,4.86341E+16
81411,81412,9,1,76,143,2016,9,12,7,2,9,7,0,0,0,1,0,0,0,1,6.78568E+20,5.40929E+21,1.14323E+16,4.88109E+16
81412,81413,9,1,89,154,2016,9,13,2,3,2,6,0,0,0,1,0,0,0,0,7.68453E+20,5.31879E+21,1.25967E+16,4.7966E+16
81413,81414,9,5,71,193,2016,9,16,7,2,9,1,0,0,0,0,0,1,0,0,5.85519E+20,5.46952E+21,1.0178E+16,4.93723E+16
81414,81415,9,2,79,122,2016,9,11,1,2,5,3,0,0,0,0,0,1,0,1,7.71736E+20,5.40029E+21,1.26931E+16,4.86964E+16
81415,81416,9,2,75,153,2016,9,15,1,3,5,3,0,0,0,1,0,1,0,0,8.43078E+20,5.39361E+21,1.36542E+16,4.86014E+16
81416,81417,9,2,74,127,2016,9,17,1,3,5,2,0,0,0,1,0,0,0,0,7.38226E+20,5.40116E+21,1.2239E+16,4.87179E+16
81417,81418,9,1,76,129,2016,9,15,1,3,8,6,0,0,0,0,0,1,0,0,6.90006E+20,5.40952E+21,1.1588E+16,4.88096E+16
81418,81419,9,1,62,0,2016,9,12,7,2,3,2,0,0,1,1,0,0,0,0,6.9219E+20,5.34292E+21,1.15871E+16,4.82104E+16
81419,81420,9,7,77,158,2016,9,15,7,2,9,1,0,0,0,0,0,1,0,0,6.17963E+20,5.31268E+21,1.05801E+16,4.79566E+16
81420,81421,9,6,72,121,2016,9,18,6,2,9,1,0,0,0,0,0,1,0,0,5.68262E+20,5.5554E+21,9.9554E+15,5.01469E+16
81421,81422,9,6,73,149,2016,9,14,7,2,0,1,0,0,1,0,0,0,0,0,5.77201E+20,5.59013E+21,1.00876E+16,5.04581E+16
81422,81423,9,1,61,0,2016,9,17,7,2,5,3,0,0,1,1,0,0,0,0,6.79248E+20,5.40344E+21,1.1439E+16,4.87582E+16
81423,81424,9,1,87,172,2016,9,21,2,3,9,1,2,0,0,0,0,1,0,0,7.42522E+20,5.29745E+21,1.22379E+16,4.77847E+16
81424,81425,9,5,71,166,2016,9,20,7,3,8,1,2,0,1,0,0,0,0,0,6.08832E+20,5.45409E+21,1.04949E+16,4.92299E+16
81425,81426,9,1,73,133,2016,9,12,1,3,1,6,0,0,0,0,0,1,0,1,6.75828E+20,5.27608E+21,1.13398E+16,4.76143E+16
81426,81427,9,2,73,152,2016,9,16,7,2,8,1,0,0,0,0,0,1,0,0,7.05248E+20,5.41003E+21,1.17956E+16,4.88093E+16
81427,81428,9,1,75,118,2016,9,17,2,3,2,6,0,0,0,1,0,0,0,0,7.1798E+20,5.3392E+21,1.19319E+16,4.81687E+16
81428,81429,9,6,74,219,2016,9,17,1,3,5,3,0,0,0,1,0,0,0,0,6.02957E+20,5.53819E+21,1.04362E+16,4.99872E+16
81429,81430,9,4,74,122,2016,9,4,1,1,8,1,2,0,0,0,0,1,0,0,6.5103E+20,5.50201E+21,1.10924E+16,4.96517E+16
81430,81431,9,2,79,125,2016,9,1,7,2,8,1,2,0,0,1,0,0,0,0,7.64845E+20,5.39622E+21,1.2597E+16,4.86628E+16
81431,81432,9,1,84,140,2016,9,12,7,3,5,3,0,0,0,1,0,1,0,0,7.02285E+20,5.3286E+21,1.1716E+16,4.80786E+16
81432,81433,9,7,79,155,2016,9,17,7,3,8,7,0,0,0,0,0,1,0,0,6.21868E+20,5.40465E+21,1.0659E+16,4.87829E+16
81433,81434,9,6,72,121,2016,9,12,6,3,4,2,0,0,0,1,0,0,0,0,5.68415E+20,5.55285E+21,9.95709E+15,5.01239E+16
81434,81435,9,6,71,155,2016,9,22,7,3,0,6,2,0,0,1,0,0,0,0,5.0382E+20,5.53388E+21,9.05326E+15,4.99572E+16
81435,81436,9,1,86,149,2016,9,3,7,3,3,6,2,0,0,1,0,0,0,0,6.87125E+20,5.38765E+21,1.15389E+16,4.86139E+16
81436,81437,9,4,77,128,2016,9,11,7,3,9,1,0,0,0,1,0,0,0,0,6.73884E+20,5.5593E+21,1.14345E+16,5.01604E+16
81437,81438,9,1,85,150,2016,9,17,2,3,1,6,0,0,0,1,0,0,0,0,6.56472E+20,5.39876E+21,1.11275E+16,4.87222E+16
81438,81439,9,2,79,112,2016,9,21,7,2,4,2,2,0,0,1,0,1,0,0,7.5698E+20,5.39398E+21,1.2489E+16,4.8646E+16
81439,81440,9,7,80,123,2016,9,13,1,2,4,6,0,0,0,1,0,1,0,0,6.0418E+20,5.26283E+21,1.03836E+16,4.75105E+16
81440,81441,9,3,73,113,2016,9,16,2,3,5,3,0,0,0,1,0,0,0,0,6.77331E+20,5.46691E+21,1.14407E+16,4.93291E+16
81441,81442,9,5,76,127,2016,9,21,1,3,8,1,2,0,0,0,0,1,0,0,6.63937E+20,5.45092E+21,1.125E+16,4.91892E+16
81442,81443,9,3,72,164,2016,9,17,1,2,4,1,0,0,0,1,0,1,0,0,7.66024E+20,5.44649E+21,1.26457E+16,4.91136E+16
81443,81444,9,4,71,142,2016,9,17,2,3,9,1,0,0,0,0,0,1,0,0,6.55137E+20,5.52948E+21,1.11602E+16,4.98976E+16
81444,81445,9,1,61,0,2016,9,14,7,3,2,6,0,0,0,1,0,0,0,0,6.79024E+20,5.40163E+21,1.14351E+16,4.87419E+16
81445,81446,9,1,83,125,2016,9,10,1,3,0,1,0,0,0,0,0,1,0,0,7.547E+20,5.35612E+21,1.24351E+16,4.83069E+16
81446,81447,9,3,75,165,2016,9,12,7,3,2,3,0,0,0,0,0,1,0,1,7.26194E+20,5.43698E+21,1.20955E+16,4.90442E+16
81447,81448,9,1,81,120,2016,9,15,7,2,8,1,0,0,0,0,0,1,0,0,6.51363E+20,5.31996E+21,1.10297E+16,4.8015E+16
81448,81449,9,1,73,145,2016,9,20,1,3,2,2,1,0,0,1,0,0,0,0,6.90193E+20,5.29532E+21,1.15391E+16,4.77831E+16
81449,81450,9,3,63,0,2016,9,0,7,3,2,2,2,0,0,1,0,0,0,0,7.27561E+20,5.50616E+21,1.21537E+16,4.9665E+16
81450,81451,9,1,79,142,2016,9,6,2,3,2,6,1,0,0,1,0,0,1,1,6.77128E+20,5.34265E+21,1.13844E+16,4.82123E+16
81451,81452,9,7,72,167,2016,9,14,1,2,4,2,0,0,0,1,0,1,0,0,6.25855E+20,5.35958E+21,1.06996E+16,4.83769E+16
81452,81453,9,3,71,118,2016,9,7,2,3,5,2,0,0,0,1,0,0,0,0,7.19138E+20,5.47225E+21,1.20183E+16,4.93635E+16
81453,81454,9,1,74,118,2016,9,16,7,3,8,1,0,0,1,0,0,0,0,0,6.68545E+20,5.35565E+21,1.12741E+16,4.83315E+16
81454,81455,9,2,74,113,2016,9,15,2,3,2,6,0,0,0,1,0,0,0,1,7.29593E+20,5.38181E+21,1.21111E+16,4.85473E+16
81455,81456,9,5,71,136,2016,9,16,1,3,5,3,0,0,0,1,0,0,0,0,5.98409E+20,5.43546E+21,1.03472E+16,4.90641E+16
81456,81457,9,2,71,141,2016,9,21,1,3,5,3,2,0,0,1,0,0,0,1,7.97617E+20,5.40255E+21,1.30456E+16,4.87049E+16
81457,81458,9,1,78,124,2016,9,12,7,2,5,3,0,0,0,1,0,1,0,0,7.03227E+20,5.36513E+21,1.17462E+16,4.84065E+16
81458,81459,9,2,62,0,2016,9,17,1,3,3,6,0,0,0,1,0,1,0,0,8.26398E+20,5.38849E+21,1.34246E+16,4.85644E+16
81459,81460,9,1,87,169,2016,9,17,1,3,2,6,0,0,0,1,0,0,0,0,7.36849E+20,5.29932E+21,1.21633E+16,4.78037E+16
81460,81461,9,2,78,197,2016,9,13,7,3,8,1,0,0,0,0,0,1,0,0,7.58175E+20,5.4384E+21,1.25332E+16,4.90443E+16
81461,81462,9,1,62,0,2016,9,22,7,3,0,7,2,0,1,0,0,0,0,0,6.87667E+20,5.33504E+21,1.15228E+16,4.81409E+16
81462,81463,9,7,80,123,2016,9,18,7,3,2,6,0,0,0,1,0,1,0,0,6.04077E+20,5.26249E+21,1.03821E+16,4.75075E+16
81463,81464,9,6,78,174,2016,9,22,6,2,1,7,2,0,0,1,0,0,0,0,5.93367E+20,5.54501E+21,1.03042E+16,5.00501E+16
81464,81465,9,6,77,157,2016,9,15,7,3,2,6,0,0,0,1,0,1,0,0,5.41804E+20,5.52093E+21,9.58137E+15,4.98394E+16
81465,81466,9,2,74,127,2016,9,19,2,3,2,6,1,0,0,1,0,0,0,0,7.36481E+20,5.39558E+21,1.22121E+16,4.86685E+16
81466,81467,9,1,74,136,2016,9,14,2,3,5,3,0,0,0,1,0,0,0,0,6.81826E+20,5.36371E+21,1.14566E+16,4.84003E+16
81467,81468,9,1,79,125,2016,9,17,1,3,8,1,0,0,1,0,0,0,0,0,6.62395E+20,5.33292E+21,1.11825E+16,4.81288E+16
81468,81469,9,7,75,129,2016,9,15,7,3,5,3,0,0,0,1,0,1,0,0,5.81856E+20,5.34265E+21,1.01023E+16,4.82318E+16
81469,81470,9,6,75,117,2016,9,20,7,3,2,6,2,0,0,1,0,0,0,0,5.82036E+20,5.51535E+21,1.01396E+16,4.9785E+16
81470,81471,9,6,75,174,2016,9,19,1,3,4,2,0,0,0,1,0,0,0,0,5.88397E+20,5.52332E+21,1.02298E+16,4.98557E+16
81471,81472,9,2,75,114,2016,9,20,2,2,7,7,2,0,0,1,0,0,0,0,8.01261E+20,5.39238E+21,1.30876E+16,4.86119E+16
81472,81473,9,1,62,0,2016,9,14,6,2,3,7,0,0,0,0,0,1,0,1,6.84382E+20,5.33541E+21,1.14788E+16,4.81452E+16
81473,81474,9,1,89,157,2016,9,17,2,2,0,1,0,0,0,0,0,1,0,0,7.67253E+20,5.3282E+21,1.25865E+16,4.80511E+16
81474,81475,9,4,78,176,2016,9,19,1,3,8,1,1,0,1,0,0,0,0,0,6.57548E+20,5.54402E+21,1.11997E+16,5.00276E+16
81475,81476,9,2,73,177,2016,9,7,1,3,8,7,1,0,0,1,0,0,0,0,7.07401E+20,5.40297E+21,1.18214E+16,4.87451E+16
81476,81477,9,1,76,123,2016,9,13,1,2,9,7,0,0,0,1,0,0,0,0,6.62204E+20,5.41786E+21,1.1213E+16,4.88924E+16
81477,81478,9,1,84,137,2016,9,9,7,2,5,3,0,0,0,1,0,1,0,0,7.06307E+20,5.31687E+21,1.17643E+16,4.79718E+16
81478,81479,9,7,77,125,2016,9,13,7,3,2,6,0,0,0,1,0,0,0,0,6.21942E+20,5.27466E+21,1.06227E+16,4.76139E+16
81479,81480,9,6,76,134,2016,9,17,6,2,6,4,0,0,0,1,1,0,0,0,5.13041E+20,5.5145E+21,9.18115E+15,4.97828E+16
81480,81481,9,6,72,114,2016,9,9,7,2,5,3,0,0,0,1,0,1,0,0,5.76521E+20,5.56315E+21,1.00725E+16,5.02156E+16
81481,81482,9,1,84,113,2016,9,14,6,2,4,7,0,0,0,1,0,0,0,0,6.86316E+20,5.32316E+21,1.14994E+16,4.80346E+16
81482,81483,9,1,82,133,2016,9,14,2,3,0,6,0,0,0,1,0,1,0,0,7.04726E+20,5.30621E+21,1.17381E+16,4.78765E+16
81483,81484,9,4,75,161,2016,9,21,7,3,8,6,2,0,0,1,0,0,0,0,7.1712E+20,5.57787E+21,1.20497E+16,5.03129E+16
81484,81485,9,1,73,145,2016,9,16,1,3,4,6,0,0,0,1,0,0,0,0,6.88621E+20,5.29139E+21,1.15164E+16,4.77482E+16
81485,81486,9,1,62,0,2016,9,8,6,3,3,6,0,0,0,1,0,0,1,0,6.92384E+20,5.33928E+21,1.1588E+16,4.81776E+16
81486,81487,9,1,72,118,2016,9,7,2,3,8,1,0,0,0,0,0,1,0,0,7.96993E+20,5.30441E+21,1.29682E+16,4.78244E+16
81487,81488,9,4,75,168,2016,9,12,7,3,5,3,0,0,0,1,0,1,0,0,7.11106E+20,5.56505E+21,1.19582E+16,5.01999E+16
81488,81489,9,1,73,147,2016,9,20,1,3,8,1,2,0,1,0,0,0,0,0,6.80834E+20,5.31059E+21,1.14207E+16,4.79231E+16
81489,81490,9,2,79,130,2016,9,14,7,2,2,6,0,0,0,1,0,0,0,0,7.50266E+20,5.39219E+21,1.2397E+16,4.86327E+16
81490,81491,9,7,61,0,2016,9,10,7,3,0,1,0,0,1,0,0,0,0,0,6.36415E+20,5.36089E+21,1.08426E+16,4.83864E+16
81491,81492,9,6,71,148,2016,9,13,6,3,4,6,0,0,0,1,0,0,0,0,5.30993E+20,5.53615E+21,9.43225E+15,4.99769E+16
81492,81493,9,5,72,111,2016,9,15,7,3,5,3,0,0,1,1,0,0,0,0,6.35424E+20,5.50572E+21,1.08776E+16,4.96888E+16
81493,81494,9,4,72,179,2016,9,18,1,3,0,1,0,0,0,0,0,0,0,1,6.73464E+20,5.51545E+21,1.14089E+16,4.97664E+16
81494,81495,9,1,62,0,2016,9,17,6,3,5,3,0,0,0,1,0,0,0,0,6.94496E+20,5.34079E+21,1.16171E+16,4.81906E+16
81495,81496,9,4,72,121,2016,9,17,7,3,8,1,0,0,0,0,0,1,0,0,6.96362E+20,5.54731E+21,1.17427E+16,5.00457E+16
81496,81497,9,1,76,150,2016,9,5,2,3,8,1,1,0,0,1,0,0,0,0,6.89749E+20,5.41275E+21,1.1586E+16,4.88387E+16
81497,81498,9,7,79,131,2016,9,11,1,3,1,6,0,0,0,1,0,1,0,0,6.30549E+20,5.4012E+21,1.0776E+16,4.87501E+16
81498,81499,9,3,71,151,2016,9,10,2,2,5,3,0,0,0,1,0,1,0,0,6.98599E+20,5.4863E+21,1.17428E+16,4.94968E+16
81499,81500,9,1,61,0,2016,9,8,2,3,2,6,0,0,0,1,0,0,0,1,6.80803E+20,5.4052E+21,1.14609E+16,4.87735E+16
81500,81501,9,1,90,142,2016,9,12,7,2,4,6,0,0,0,1,0,0,0,1,6.61127E+20,5.29759E+21,1.11522E+16,4.78115E+16
81501,81502,9,1,62,0,2016,9,15,1,3,2,7,0,0,0,1,0,1,0,0,6.8943E+20,5.33187E+21,1.1545E+16,4.81119E+16
81502,81503,9,6,71,134,2016,9,17,6,2,5,3,0,0,0,1,0,0,0,0,5.01102E+20,5.54739E+21,9.01541E+15,5.00788E+16
81503,81504,9,6,62,0,2016,9,13,1,3,5,3,0,0,0,1,0,1,0,0,5.88581E+20,5.5442E+21,1.02371E+16,5.00435E+16
81504,81505,9,3,75,162,2016,9,15,1,2,8,1,0,0,0,1,0,0,0,0,7.10397E+20,5.44287E+21,1.18826E+16,4.91027E+16
81505,81506,9,4,77,156,2016,9,22,2,3,8,1,2,0,0,1,0,0,0,0,6.79846E+20,5.55863E+21,1.15176E+16,5.01526E+16
81506,81507,9,1,84,142,2016,9,19,6,3,4,6,1,0,0,1,0,1,0,0,6.80644E+20,5.31852E+21,1.14215E+16,4.79944E+16
81507,81508,9,1,87,138,2016,9,15,1,3,2,6,0,0,1,0,0,0,0,0,7.54094E+20,5.3127E+21,1.24011E+16,4.79172E+16
81508,81509,9,3,72,154,2016,9,14,7,3,2,6,0,0,0,0,0,1,0,0,7.57826E+20,5.46765E+21,1.25472E+16,4.93071E+16
81509,81510,9,1,88,141,2016,9,13,2,3,0,7,0,0,0,0,0,1,0,0,6.7073E+20,5.30943E+21,1.12851E+16,4.79155E+16
81510,81511,9,1,88,126,2016,9,18,1,3,2,6,0,0,0,1,0,0,0,0,6.61739E+20,5.32781E+21,1.11718E+16,4.8083E+16
81511,81512,9,6,79,146,2016,9,9,1,3,2,6,0,0,0,1,0,1,0,0,5.58444E+20,5.51655E+21,9.81212E+15,4.97986E+16
81512,81513,9,2,78,148,2016,9,11,2,3,2,1,0,0,0,1,0,0,1,0,7.37434E+20,5.40698E+21,1.22316E+16,4.87705E+16
81513,81514,9,7,78,150,2016,9,15,6,3,3,6,0,0,0,1,0,0,1,0,5.84349E+20,5.31998E+21,1.01314E+16,4.80276E+16
81514,81515,9,2,73,133,2016,9,15,2,3,8,1,0,0,0,1,0,0,0,0,7.07481E+20,5.42805E+21,1.18352E+16,4.89705E+16
81515,81516,9,4,75,162,2016,9,10,1,3,2,6,0,0,0,1,0,0,0,0,7.18645E+20,5.56885E+21,1.20658E+16,5.02314E+16
81516,81517,9,2,78,139,2016,9,12,1,3,8,1,0,0,0,0,0,1,0,0,7.71484E+20,5.43131E+21,1.27102E+16,4.8975E+16
81517,81518,9,2,72,149,2016,9,0,1,3,9,7,2,0,0,1,0,0,0,0,8.17802E+20,5.42527E+21,1.33367E+16,4.88988E+16
81518,81519,9,1,87,128,2016,9,18,1,2,0,7,0,0,0,1,0,1,0,0,7.46004E+20,5.31234E+21,1.22928E+16,4.79171E+16
81519,81520,9,5,72,142,2016,9,21,1,2,0,1,2,0,1,0,0,0,0,0,6.43004E+20,5.50285E+21,1.09816E+16,4.96612E+16
81520,81521,9,2,71,125,2016,9,6,1,3,2,6,2,0,0,1,0,0,1,0,8.02365E+20,5.40681E+21,1.31131E+16,4.87408E+16
81521,81522,9,7,75,139,2016,9,16,6,3,1,6,0,0,0,1,0,0,0,0,5.78737E+20,5.36734E+21,1.00649E+16,4.84543E+16
81522,81523,9,1,72,117,2016,9,11,1,3,0,3,0,0,0,1,0,0,0,0,7.96592E+20,5.28667E+21,1.29508E+16,4.76653E+16
81523,81524,9,3,76,144,2016,9,12,7,3,8,1,0,0,0,1,0,0,0,0,7.34163E+20,5.48556E+21,1.22327E+16,4.94775E+16
81524,81525,9,1,74,115,2016,9,10,2,3,4,2,0,0,1,1,0,0,0,0,6.80967E+20,5.34758E+21,1.14381E+16,4.82556E+16
81525,81526,9,1,75,139,2016,9,10,1,3,2,6,0,0,0,1,0,1,0,0,7.09542E+20,5.32913E+21,1.18136E+16,4.8081E+16
81526,81527,9,7,74,135,2016,9,20,7,3,3,6,2,0,0,1,0,0,0,0,5.95582E+20,5.36501E+21,1.02921E+16,4.84309E+16
81527,81528,9,6,63,0,2016,9,17,7,3,3,3,0,0,1,1,0,0,0,0,5.66289E+20,5.5166E+21,9.92112E+15,4.97982E+16
81528,81529,9,2,72,150,2016,9,11,2,3,4,6,0,0,0,1,0,0,0,0,8.15165E+20,5.41415E+21,1.32923E+16,4.88003E+16
81529,81530,9,7,78,151,2016,9,12,6,3,0,7,0,0,0,1,0,0,1,0,5.93262E+20,5.31899E+21,1.02507E+16,4.80174E+16
81530,81531,9,1,89,155,2016,9,17,2,3,4,2,0,0,1,1,0,0,0,0,7.72284E+20,5.30819E+21,1.26412E+16,4.78693E+16
81531,81532,9,2,61,0,2016,9,9,1,3,5,3,0,0,0,1,0,0,0,0,7.34237E+20,5.38223E+21,1.21741E+16,4.85494E+16
81532,81533,9,1,90,130,2016,9,16,7,2,0,6,0,0,0,1,0,1,0,0,6.51647E+20,5.29606E+21,1.10252E+16,4.78E+16
81533,81534,9,1,88,124,2016,9,10,7,3,3,6,0,0,1,1,0,0,0,0,6.63686E+20,5.32111E+21,1.11953E+16,4.80223E+16
81534,81535,9,7,79,228,2016,9,13,7,2,4,2,0,0,0,1,0,1,0,0,6.2381E+20,5.41754E+21,1.06893E+16,4.88984E+16
81535,81536,9,5,76,151,2016,9,17,6,3,1,6,0,0,0,1,0,0,1,0,6.55786E+20,5.47236E+21,1.11465E+16,4.9384E+16
81536,81537,9,2,75,150,2016,9,15,7,3,4,6,0,0,1,0,0,0,0,0,8.32753E+20,5.39257E+21,1.35137E+16,4.85976E+16
81537,81538,9,1,84,142,2016,9,7,7,3,5,3,0,0,1,0,0,0,1,0,6.81315E+20,5.31857E+21,1.14305E+16,4.79947E+16
81538,81539,9,7,76,117,2016,9,20,7,3,2,6,2,0,0,1,0,0,0,0,5.66497E+20,5.27221E+21,9.88462E+15,4.75999E+16
81539,81540,9,5,72,121,2016,9,15,6,3,5,2,0,0,0,1,0,0,0,0,6.60208E+20,5.49533E+21,1.12167E+16,4.95893E+16
81540,81541,9,6,73,171,2016,9,13,7,3,1,5,0,0,0,1,0,0,0,0,5.88789E+20,5.56964E+21,1.0246E+16,5.02722E+16
81541,81542,9,7,78,150,2016,9,15,6,3,5,3,0,0,0,1,0,0,0,0,5.84234E+20,5.32081E+21,1.013E+16,4.8035E+16
81542,81543,9,1,63,0,2016,9,18,2,2,0,6,0,0,1,1,0,0,0,0,7.33186E+20,5.30289E+21,1.21164E+16,4.7837E+16
81543,81544,9,4,78,139,2016,9,14,7,2,8,1,0,0,0,1,0,0,0,0,6.44973E+20,5.56217E+21,1.10311E+16,5.01939E+16
81544,81545,9,1,90,152,2016,9,14,1,2,5,3,0,0,0,1,0,1,0,0,6.71148E+20,5.29959E+21,1.12868E+16,4.78269E+16
81545,81546,9,1,73,133,2016,9,17,7,3,0,1,0,0,0,0,0,1,0,0,6.75757E+20,5.27602E+21,1.13388E+16,4.76137E+16
81546,81547,9,1,84,149,2016,9,17,2,3,3,6,0,0,0,1,0,0,0,0,6.91152E+20,5.35233E+21,1.15774E+16,4.82953E+16
81547,81548,9,5,76,128,2016,9,16,6,3,0,3,0,0,0,1,0,0,0,0,6.43691E+20,5.4622E+21,1.09763E+16,4.92956E+16
81548,81549,9,6,72,139,2016,9,18,1,2,5,3,0,0,0,1,0,0,0,0,5.66866E+20,5.56101E+21,9.93686E+15,5.01975E+16
81549,81550,9,5,65,0,2016,9,12,7,3,5,3,0,0,0,1,0,0,0,0,6.46837E+20,5.46675E+21,1.10212E+16,4.93358E+16
81550,81551,9,4,71,214,2016,9,7,1,3,2,6,0,0,0,1,0,0,0,0,6.38401E+20,5.54118E+21,1.09315E+16,5.00069E+16
81551,81552,9,7,74,162,2016,9,17,6,3,0,7,0,0,1,0,0,0,0,0,6.05703E+20,5.35012E+21,1.04252E+16,4.82955E+16
81552,81553,9,1,73,135,2016,9,11,1,3,0,3,0,0,1,1,0,0,0,0,6.93765E+20,5.28145E+21,1.15806E+16,4.76574E+16
81553,81554,9,6,71,136,2016,9,12,7,3,2,6,0,0,0,1,0,0,1,0,5.03455E+20,5.54104E+21,9.04823E+15,5.00217E+16
81554,81555,9,7,74,150,2016,9,21,6,3,0,7,2,0,1,0,0,0,0,0,5.99847E+20,5.34655E+21,1.03454E+16,4.82643E+16
81555,81556,9,4,72,179,2016,9,17,7,1,4,1,0,0,0,1,0,1,0,0,6.75996E+20,5.51327E+21,1.1443E+16,4.97461E+16
81556,81557,9,1,61,0,2016,9,8,2,3,5,2,0,0,1,1,0,0,0,0,6.79242E+20,5.40496E+21,1.14396E+16,4.87718E+16
81557,81558,9,1,83,112,2016,9,10,7,3,9,1,0,0,0,1,0,0,0,0,7.54448E+20,5.3496E+21,1.24278E+16,4.82485E+16
81558,81559,9,7,78,162,2016,9,8,1,3,2,2,0,0,0,1,0,0,0,0,5.91917E+20,5.31078E+21,1.02309E+16,4.79437E+16
81559,81560,9,3,75,156,2016,9,16,2,3,4,6,0,0,0,1,0,0,1,1,7.13107E+20,5.44839E+21,1.19226E+16,4.91514E+16
81560,81561,9,6,71,143,2016,9,14,1,2,4,1,0,0,0,1,0,1,0,0,5.11041E+20,5.54365E+21,9.1542E+15,5.00451E+16
81561,81562,9,3,73,112,2016,9,21,1,3,5,3,2,0,0,1,0,0,0,0,6.7833E+20,5.44433E+21,1.14444E+16,4.91259E+16
81562,81563,9,4,71,185,2016,9,12,2,2,5,3,0,0,1,1,0,0,0,0,6.46256E+20,5.53835E+21,1.104E+16,4.99795E+16
81563,81564,9,7,76,117,2016,9,12,6,3,2,2,0,0,0,1,0,0,0,0,5.68579E+20,5.27279E+21,9.9124E+15,4.76049E+16
81564,81565,9,1,89,133,2016,9,14,1,3,5,3,0,0,0,1,0,0,0,0,7.54291E+20,5.32193E+21,1.24091E+16,4.8E+16
81565,81566,9,3,72,158,2016,9,11,7,2,4,6,0,0,0,1,0,1,0,0,7.62744E+20,5.45059E+21,1.26035E+16,4.91519E+16
81566,81567,9,1,81,130,2016,9,17,2,2,5,2,0,0,1,1,0,0,0,0,6.3896E+20,5.32268E+21,1.08644E+16,4.80422E+16
81567,81568,9,1,81,113,2016,9,9,1,2,4,6,0,0,0,1,0,1,0,0,6.39684E+20,5.30959E+21,1.08699E+16,4.79244E+16
81568,81569,9,7,75,135,2016,9,9,7,2,4,3,0,0,0,1,0,1,0,0,5.81129E+20,5.36294E+21,1.00964E+16,4.84143E+16
81569,81570,9,4,74,146,2016,9,16,7,3,9,1,0,0,0,0,0,1,0,0,6.48309E+20,5.50116E+21,1.10544E+16,4.96447E+16
81570,81571,9,1,74,113,2016,9,7,2,3,3,6,0,0,0,1,0,1,0,0,6.70059E+20,5.34848E+21,1.12917E+16,4.82667E+16
81571,81572,9,7,73,140,2016,9,11,1,3,0,1,0,0,1,0,0,0,0,0,6.12421E+20,5.37554E+21,1.05225E+16,4.85229E+16
81572,81573,9,3,71,135,2016,9,0,2,2,4,6,2,0,0,1,0,0,0,1,6.93062E+20,5.49873E+21,1.16725E+16,4.96103E+16
81573,81574,9,7,76,116,2016,9,12,6,3,2,6,0,0,0,1,0,0,0,0,5.50677E+20,5.26803E+21,9.6737E+15,4.75637E+16
81574,81575,9,2,73,116,2016,9,17,2,2,3,6,0,0,0,1,0,0,0,1,7.24865E+20,5.41919E+21,1.20675E+16,4.88849E+16
81575,81576,9,5,77,161,2016,9,19,1,2,7,7,2,0,0,0,0,1,0,0,6.47149E+20,5.4405E+21,1.10159E+16,4.90997E+16
81576,81577,9,2,63,0,2016,9,20,1,3,5,3,2,0,1,1,0,0,0,0,7.62505E+20,5.42011E+21,1.25806E+16,4.88783E+16
81577,81578,9,7,77,135,2016,9,12,6,3,4,6,0,0,1,1,0,0,0,0,6.24254E+20,5.27238E+21,1.06528E+16,4.75929E+16
81578,81579,9,2,75,135,2016,9,3,1,2,8,1,2,0,0,0,0,1,0,0,8.21392E+20,5.40145E+21,1.3367E+16,4.86832E+16
81579,81580,9,1,82,123,2016,9,14,1,3,3,6,0,0,0,1,0,0,0,0,7.18913E+20,5.30079E+21,1.19248E+16,4.78232E+16
81580,81581,9,2,63,0,2016,9,2,7,3,7,1,2,0,1,0,0,0,0,0,7.62386E+20,5.4173E+21,1.25771E+16,4.88531E+16
81581,81582,9,1,78,137,2016,9,16,1,3,5,3,0,0,1,0,0,0,0,0,6.94024E+20,5.36524E+21,1.1622E+16,4.84104E+16
81582,81583,9,7,80,119,2016,9,7,7,3,5,7,0,0,0,1,0,0,0,0,5.9746E+20,5.29536E+21,1.03016E+16,4.78042E+16
81583,81584,9,5,76,151,2016,9,13,6,2,8,7,0,0,0,1,0,0,0,0,6.60296E+20,5.4646E+21,1.12055E+16,4.93131E+16
81584,81585,9,6,63,0,2016,9,16,7,3,5,3,0,0,0,1,0,1,0,0,5.65491E+20,5.51614E+21,9.90995E+15,4.97941E+16
81585,81586,9,2,79,137,2016,9,6,2,2,9,1,0,0,0,1,0,0,0,0,7.73652E+20,5.40315E+21,1.2721E+16,4.87212E+16
81586,81587,9,1,83,116,2016,9,9,2,3,0,1,0,0,0,0,0,1,0,0,7.63216E+20,5.35263E+21,1.25475E+16,4.82721E+16
81587,81588,9,5,76,151,2016,9,21,3,3,5,3,2,0,0,1,0,0,1,0,6.55437E+20,5.472E+21,1.11416E+16,4.93808E+16