FID,OBJECTID,ULAND,UREGBEZ,UKREIS,UGEMEINDE,UJAHR,UMONAT,USTUNDE,UWOCHENTAG,UKATEGORIE,UART,UTYP1,ULICHTVERH,IstStrasse,IstRad,IstPKW,IstFuss,IstKrad,IstGkfz,IstSonstig,LINREFX,LINREFY,XGCSWGS84,YGCSWGS84
81588,81589,9,1,78,124,2016,9,10,5,3,2,6,0,0,0,1,0,0,0,0,7.00162E+20,5.35701E+21,1.17009E+16,4.83346E+16
81589,81590,9,7,77,128,2016,9,18,2,2,9,1,0,0,0,0,0,1,0,0,6.12292E+20,5.30178E+21,1.05013E+16,4.78596E+16
81590,81591,9,1,82,123,2016,9,4,3,3,1,7,2,0,0,1,0,0,1,0,7.17398E+20,5.30143E+21,1.19049E+16,4.78295E+16
81591,81592,9,7,73,182,2016,9,8,2,3,5,3,0,0,1,1,0,0,0,0,6.24522E+20,5.38018E+21,1.06878E+16,4.85624E+16
81592,81593,9,5,71,145,2016,9,12,4,3,4,2,0,0,0,1,0,0,0,0,5.90958E+20,5.44752E+21,1.02479E+16,4.91737E+16
81593,81594,9,2,71,151,2016,9,17,4,3,2,6,0,0,0,1,0,0,0,0,7.78124E+20,5.41277E+21,1.27881E+16,4.88056E+16
81594,81595,9,1,73,147,2016,9,14,5,3,2,2,0,0,0,1,0,1,0,0,6.80899E+20,5.31034E+21,1.14214E+16,4.79208E+16
81595,81596,9,1,71,121,2016,9,21,4,1,2,6,2,0,1,1,0,0,0,0,7.74326E+20,5.34547E+21,1.26923E+16,4.82032E+16
81596,81597,9,1,88,121,2016,9,15,4,3,0,7,0,0,0,0,0,1,0,0,6.70092E+20,5.32927E+21,1.12844E+16,4.8094E+16
81597,81598,9,7,75,135,2016,9,7,3,2,4,2,0,0,0,1,0,0,0,1,5.75966E+20,5.3553E+21,1.00253E+16,4.83463E+16
81598,81599,9,5,74,117,2016,9,3,3,3,7,7,2,0,0,0,0,1,0,0,6.67489E+20,5.46988E+21,1.13066E+16,4.93586E+16
81599,81600,9,1,84,149,2016,9,5,4,3,0,7,1,0,1,0,0,0,0,0,6.90154E+20,5.35029E+21,1.1563E+16,4.82772E+16
81600,81601,9,1,87,165,2016,9,15,3,3,2,6,0,0,0,1,0,0,1,0,7.30555E+20,5.30004E+21,1.20797E+16,4.78124E+16
81601,81602,9,7,73,170,2016,9,7,2,1,4,3,0,0,0,1,0,0,1,0,5.9548E+20,5.38903E+21,1.02963E+16,4.8647E+16
81602,81603,9,1,62,0,2016,9,14,4,3,3,7,0,0,0,1,0,0,1,0,6.95474E+20,5.34445E+21,1.16319E+16,4.82231E+16
81603,81604,9,3,77,154,2016,9,15,4,3,5,2,0,0,0,1,0,1,0,0,7.38819E+20,5.53109E+21,1.23247E+16,4.98845E+16
81604,81605,9,1,87,126,2016,9,7,5,3,4,2,0,0,0,1,0,0,0,0,7.42045E+20,5.32604E+21,1.22476E+16,4.80417E+16
81605,81606,9,5,75,122,2016,9,17,3,3,2,3,0,0,0,1,0,0,0,1,5.94937E+20,5.48533E+21,1.03115E+16,4.95132E+16
81606,81607,9,4,77,157,2016,9,17,4,3,8,1,0,0,0,1,0,0,0,0,6.71515E+20,5.53884E+21,1.13922E+16,4.99772E+16
81607,81608,9,1,89,124,2016,9,17,5,2,9,1,0,0,0,0,0,1,0,0,7.82725E+20,5.29792E+21,1.27738E+16,4.77726E+16
81608,81609,9,4,72,146,2016,9,17,3,3,2,6,0,0,0,1,0,0,1,0,6.81043E+20,5.52698E+21,1.15194E+16,4.98678E+16
81609,81610,9,1,82,119,2016,9,15,4,2,6,5,0,0,0,0,1,0,0,1,7.11748E+20,5.29407E+21,1.18259E+16,4.77652E+16
81610,81611,9,1,88,120,2016,9,17,4,3,0,3,0,0,0,1,0,1,0,0,6.72784E+20,5.32295E+21,1.1318E+16,4.80364E+16
81611,81612,9,7,78,173,2016,9,14,3,2,7,1,0,0,1,0,0,0,0,0,6.12347E+20,5.32259E+21,1.05075E+16,4.80467E+16
81612,81613,9,6,73,114,2016,9,19,4,3,5,3,1,0,1,1,0,0,0,0,5.84698E+20,5.57604E+21,1.019E+16,5.03303E+16
81613,81614,9,5,64,0,2016,9,17,3,3,2,6,0,0,0,1,0,1,0,0,6.52313E+20,5.48202E+21,1.11024E+16,4.94717E+16
81614,81615,9,7,78,173,2016,9,23,4,3,5,3,2,0,1,1,0,0,0,0,6.12271E+20,5.32276E+21,1.05065E+16,4.80482E+16
81615,81616,9,1,87,186,2016,9,3,3,3,0,7,2,0,0,0,0,1,0,0,7.31292E+20,5.33259E+21,1.21071E+16,4.81045E+16
81616,81617,9,4,72,175,2016,9,11,3,3,2,6,0,0,0,1,0,0,0,0,6.84785E+20,5.51722E+21,1.15668E+16,4.9779E+16
81617,81618,9,1,76,120,2016,9,0,5,2,3,1,2,0,0,1,0,0,1,0,6.80246E+20,5.42276E+21,1.1461E+16,4.89315E+16
81618,81619,9,4,61,0,2016,9,20,3,3,2,6,2,0,0,1,0,0,0,1,6.38041E+20,5.52853E+21,1.0922E+16,4.98932E+16
81619,81620,9,6,72,139,2016,9,11,3,3,8,1,0,0,0,1,0,0,0,0,5.67989E+20,5.56095E+21,9.95259E+15,5.01968E+16
81620,81621,9,7,71,122,2016,9,17,2,3,8,5,0,0,0,0,0,0,1,0,6.5187E+20,5.36242E+21,1.10517E+16,4.83967E+16
81621,81622,9,5,76,151,2016,9,8,4,3,3,6,0,0,0,1,0,0,0,0,6.59798E+20,5.46969E+21,1.12007E+16,4.9359E+16
81622,81623,9,5,75,168,2016,9,17,3,2,2,1,0,0,0,1,0,0,1,0,5.86685E+20,5.48447E+21,1.01974E+16,4.95067E+16
81623,81624,9,7,79,154,2016,9,10,4,3,5,3,0,0,0,1,0,0,0,0,6.17964E+20,5.42372E+21,1.06114E+16,4.89552E+16
81624,81625,9,1,63,0,2016,9,9,3,3,1,2,0,0,1,1,0,0,0,0,7.33503E+20,5.30513E+21,1.21218E+16,4.78571E+16
81625,81626,9,6,76,134,2016,9,16,4,3,2,6,0,0,0,1,0,0,0,0,5.1284E+20,5.51508E+21,9.17837E+15,4.9788E+16
81626,81627,9,7,80,119,2016,9,23,4,3,2,6,2,0,0,1,0,0,0,1,5.97101E+20,5.2966E+21,1.02971E+16,4.78154E+16
81627,81628,9,1,74,143,2016,9,21,4,3,8,1,2,0,0,1,0,0,0,0,6.74013E+20,5.35308E+21,1.13468E+16,4.83069E+16
81628,81629,9,1,87,168,2016,9,18,3,2,8,1,0,0,0,0,0,1,0,0,7.5057E+20,5.31006E+21,1.23524E+16,4.78949E+16
81629,81630,9,3,62,0,2016,9,13,4,3,2,6,0,0,0,1,0,1,0,0,7.2436E+20,5.43471E+21,1.20691E+16,4.90244E+16
81630,81631,9,4,71,140,2016,9,15,3,3,3,6,0,0,0,1,0,1,0,0,6.3392E+20,5.53258E+21,1.0866E+16,4.99305E+16
81631,81632,9,1,85,118,2016,9,14,5,2,8,1,0,0,0,0,0,1,0,0,6.58181E+20,5.40614E+21,1.11536E+16,4.87881E+16
81632,81633,9,6,76,145,2016,9,20,3,2,5,3,1,0,1,1,0,0,0,0,5.09188E+20,5.52018E+21,9.12776E+15,4.98339E+16
81633,81634,9,1,81,114,2016,9,20,5,3,8,1,2,0,0,1,0,0,0,0,6.57379E+20,5.31166E+21,1.11073E+16,4.79389E+16
81634,81635,9,7,72,115,2016,9,14,2,3,5,3,0,0,0,0,0,1,1,0,6.1778E+20,5.37103E+21,1.05938E+16,4.84814E+16
81635,81636,9,1,82,120,2016,9,19,3,3,1,3,1,0,0,1,0,1,0,0,7.01818E+20,5.30648E+21,1.16993E+16,4.78799E+16
81636,81637,9,7,72,200,2016,9,15,2,3,8,1,0,0,0,1,0,0,0,0,6.28699E+20,5.33903E+21,1.07317E+16,4.81914E+16
81637,81638,9,5,74,138,2016,9,14,4,2,4,6,0,0,0,1,0,0,0,0,6.67107E+20,5.48751E+21,1.13088E+16,4.95171E+16
81638,81639,9,6,78,150,2016,9,16,4,3,8,1,0,0,0,1,0,0,0,1,5.89987E+20,5.5275E+21,1.02529E+16,4.98932E+16
81639,81640,9,1,82,124,2016,9,14,3,2,5,6,0,0,1,0,0,0,0,0,7.05696E+20,5.28563E+21,1.17413E+16,4.76913E+16
81640,81641,9,5,64,0,2016,9,9,4,2,4,2,0,0,0,1,0,0,0,0,6.48384E+20,5.4706E+21,1.1044E+16,4.937E+16
81641,81642,9,2,71,151,2016,9,2,4,3,2,6,2,0,0,1,0,0,1,0,7.81981E+20,5.41175E+21,1.28399E+16,4.87947E+16
81642,81643,9,2,73,111,2016,9,15,5,2,4,6,0,0,0,1,0,0,1,0,7.11821E+20,5.4132E+21,1.18867E+16,4.88356E+16
81643,81644,9,4,71,155,2016,9,20,3,3,8,7,2,0,0,0,0,1,0,0,6.43127E+20,5.5328E+21,1.09943E+16,4.99304E+16
81644,81645,9,1,89,113,2016,9,13,4,3,4,2,0,0,0,1,0,1,0,0,7.69124E+20,5.30351E+21,1.25961E+16,4.78285E+16
81645,81646,9,1,85,131,2016,9,10,4,3,4,6,0,0,0,1,0,0,1,0,6.65934E+20,5.37874E+21,1.12481E+16,4.85398E+16
81646,81647,9,3,73,155,2016,9,17,4,1,8,1,0,0,0,0,0,1,0,0,6.72301E+20,5.46184E+21,1.13693E+16,4.9285E+16
81647,81648,9,4,71,120,2016,9,8,3,3,4,2,0,0,1,1,0,0,0,0,6.29204E+20,5.52004E+21,1.07961E+16,4.98189E+16
81648,81649,9,1,73,126,2016,9,17,4,2,4,6,0,0,0,1,0,0,0,0,6.84587E+20,5.30377E+21,1.14679E+16,4.78607E+16
81649,81650,9,1,82,120,2016,9,18,4,3,4,6,0,0,0,1,0,0,0,0,6.98185E+20,5.30535E+21,1.16503E+16,4.78708E+16
81650,81651,9,5,74,138,2016,9,7,3,3,3,6,0,0,0,1,0,0,1,0,6.66417E+20,5.4868E+21,1.12989E+16,4.9511E+16
81651,81652,9,1,77,113,2016,9,14,5,3,5,3,0,0,0,1,0,0,0,0,7.20783E+20,5.35303E+21,1.19767E+16,4.82919E+16
81652,81653,9,6,63,0,2016,9,15,2,3,3,6,0,0,0,1,0,0,0,0,5.65376E+20,5.51174E+21,9.90762E+15,4.97546E+16
81653,81654,9,1,87,150,2016,9,10,3,3,5,3,0,0,0,1,0,0,1,0,7.29321E+20,5.30337E+21,1.2065E+16,4.78427E+16
81654,81655,9,6,79,202,2016,9,9,2,3,0,1,0,0,0,0,0,1,0,0,5.6456E+20,5.52037E+21,9.89771E+15,4.98323E+16
81655,81656,9,4,72,179,2016,9,7,4,3,8,1,0,0,0,1,0,0,0,0,6.74055E+20,5.5167E+21,1.14176E+16,4.97776E+16
81656,81657,9,2,75,153,2016,9,8,4,2,4,3,0,0,1,1,0,0,0,0,8.45279E+20,5.39063E+21,1.36814E+16,4.85735E+16
81657,81658,9,1,90,157,2016,9,13,5,3,2,2,0,0,0,1,0,0,0,1,6.55136E+20,5.30319E+21,1.10743E+16,4.78633E+16
81658,81659,9,4,61,0,2016,9,8,3,3,2,6,0,0,0,1,0,0,0,0,6.34243E+20,5.52568E+21,1.08681E+16,4.98685E+16
81659,81660,9,1,87,167,2016,9,11,4,3,4,6,0,0,0,1,0,1,0,0,7.43804E+20,5.30196E+21,1.22575E+16,4.78247E+16
81660,81661,9,1,88,141,2016,9,17,4,3,5,3,0,0,0,1,0,0,1,0,6.68839E+20,5.31229E+21,1.12609E+16,4.79416E+16
81661,81662,9,7,78,218,2016,9,12,3,2,5,2,0,0,0,1,0,1,0,0,5.93521E+20,5.30549E+21,1.02512E+16,4.78959E+16
81662,81663,9,5,64,0,2016,9,8,3,3,2,6,0,0,0,1,0,0,0,0,6.53695E+20,5.4782E+21,1.112E+16,4.9437E+16
81663,81664,9,1,84,121,2016,9,16,4,3,5,3,0,0,1,1,0,0,0,0,7.03183E+20,5.33056E+21,1.1729E+16,4.80959E+16
81664,81665,9,1,61,0,2016,9,10,3,3,3,2,0,0,0,1,0,0,0,0,6.79659E+20,5.40556E+21,1.14455E+16,4.87771E+16
81665,81666,9,6,63,0,2016,9,0,2,3,9,1,2,0,0,1,0,0,0,0,5.69206E+20,5.51693E+21,9.9617E+15,4.98009E+16
81666,81667,9,1,78,157,2016,9,20,4,2,0,6,1,0,0,1,0,0,1,0,7.01971E+20,5.37083E+21,1.17319E+16,4.84582E+16
81667,81668,9,7,80,112,2016,9,20,3,3,0,1,1,0,1,0,0,0,0,0,5.91611E+20,5.29503E+21,1.02234E+16,4.78021E+16
81668,81669,9,5,74,154,2016,9,7,3,3,8,1,0,0,0,1,0,0,0,0,6.62779E+20,5.48509E+21,1.1248E+16,4.94966E+16
81669,81670,9,1,62,0,2016,9,16,4,3,3,2,0,0,1,1,0,0,0,0,6.84667E+20,5.3354E+21,1.14826E+16,4.81451E+16
81670,81671,9,6,79,206,2016,9,7,2,2,0,7,0,1,0,0,0,1,0,1,5.73191E+20,5.50666E+21,1.00151E+16,4.9708E+16
81671,81672,9,1,61,0,2016,9,15,3,3,2,6,0,0,1,0,0,0,0,0,6.78028E+20,5.40508E+21,1.14231E+16,4.87732E+16
81672,81673,9,6,77,157,2016,9,14,2,3,2,6,0,0,0,1,0,0,0,0,5.43344E+20,5.52283E+21,9.603E+15,4.98564E+16
81673,81674,9,1,62,0,2016,9,9,3,3,5,2,0,0,1,1,0,0,0,0,6.9478E+20,5.34092E+21,1.1621E+16,4.81916E+16
81674,81675,9,4,61,0,2016,9,7,4,3,2,6,0,0,0,1,0,1,0,0,6.35281E+20,5.52608E+21,1.08827E+16,4.98718E+16
81675,81676,9,1,71,113,2016,9,13,5,2,6,4,0,0,0,1,1,0,0,0,7.77388E+20,5.34157E+21,1.27309E+16,4.81667E+16
81676,81677,9,3,72,154,2016,9,17,3,2,0,7,0,0,1,0,0,0,0,0,7.56064E+20,5.47147E+21,1.25254E+16,4.93421E+16
81677,81678,9,1,74,115,2016,9,13,4,3,0,1,0,0,0,0,0,1,0,0,6.80898E+20,5.34766E+21,1.14372E+16,4.82563E+16
81678,81679,9,7,63,0,2016,9,11,3,3,2,6,0,0,0,1,0,0,0,0,5.98177E+20,5.28772E+21,1.03094E+16,4.77354E+16
81679,81680,9,6,62,0,2016,9,11,4,3,4,2,0,0,1,1,0,0,0,0,5.88566E+20,5.54424E+21,1.02369E+16,5.00439E+16
81680,81681,9,5,77,136,2016,9,14,3,3,5,3,0,0,0,1,0,0,0,0,6.25676E+20,5.44162E+21,1.07222E+16,4.91146E+16
81681,81682,9,7,78,204,2016,9,19,4,3,9,1,1,0,0,1,0,0,0,0,6.18953E+20,5.32762E+21,1.05975E+16,4.80908E+16
81682,81683,9,1,75,132,2016,9,22,4,3,9,6,2,0,0,1,0,0,0,0,7.06669E+20,5.33621E+21,1.17785E+16,4.81455E+16
81683,81684,9,1,85,149,2016,9,18,3,3,2,6,0,0,0,1,0,0,0,0,6.60432E+20,5.40104E+21,1.11822E+16,4.87417E+16
81684,81685,9,3,75,175,2016,9,18,3,3,4,2,0,0,1,1,0,0,0,0,7.14497E+20,5.43284E+21,1.19334E+16,4.90112E+16
81685,81686,9,1,61,0,2016,9,18,5,2,2,6,0,0,0,1,0,1,0,0,6.76659E+20,5.40876E+21,1.14061E+16,4.88067E+16
81686,81687,9,3,73,147,2016,9,16,3,2,5,3,0,0,1,1,0,0,0,0,6.80005E+20,5.46106E+21,1.14748E+16,4.92757E+16
81687,81688,9,1,63,0,2016,9,13,5,3,1,6,0,0,1,0,0,0,0,0,7.34146E+20,5.30465E+21,1.21301E+16,4.78525E+16
81688,81689,9,3,71,116,2016,9,9,3,3,2,7,0,0,0,0,0,0,1,1,6.91874E+20,5.47854E+21,1.16462E+16,4.94292E+16
81689,81690,9,7,71,155,2016,9,17,3,3,4,6,0,0,0,1,0,0,0,0,6.48778E+20,5.37472E+21,1.10144E+16,4.8508E+16
81690,81691,9,6,75,147,2016,9,10,2,2,2,2,0,0,0,0,0,1,0,0,5.81917E+20,5.50214E+21,1.01352E+16,4.96662E+16
81691,81692,9,6,71,143,2016,9,18,4,3,3,6,0,0,1,0,0,0,1,0,5.1152E+20,5.54668E+21,9.16098E+15,5.00723E+16
81692,81693,9,5,71,193,2016,9,18,3,3,0,1,0,0,1,0,0,0,0,0,5.86868E+20,5.47001E+21,1.01967E+16,4.93766E+16
81693,81694,9,7,80,143,2016,9,6,4,3,8,1,0,0,0,1,0,0,0,0,5.95886E+20,5.27468E+21,1.0276E+16,4.76184E+16
81694,81695,9,1,88,139,2016,9,18,3,3,5,3,0,0,1,0,0,0,0,1,6.70436E+20,5.32061E+21,1.12856E+16,4.8016E+16
81695,81696,9,3,75,205,2016,9,11,4,2,4,2,0,0,0,0,0,1,1,0,7.32536E+20,5.42034E+21,1.21726E+16,4.88923E+16
81696,81697,9,3,76,144,2016,9,16,3,3,5,2,0,0,0,1,0,0,0,0,7.31995E+20,5.48203E+21,1.22008E+16,4.94466E+16
81697,81698,9,1,88,144,2016,9,8,5,3,2,6,0,0,0,1,0,0,0,0,6.69051E+20,5.32914E+21,1.12704E+16,4.80931E+16
81698,81699,9,2,77,133,2016,9,18,4,1,9,1,0,0,0,0,0,1,0,0,7.686E+20,5.36571E+21,1.26283E+16,4.83873E+16
81699,81700,9,6,71,114,2016,9,8,3,3,5,3,0,0,1,1,0,0,0,0,5.01187E+20,5.54456E+21,9.01658E+15,5.00533E+16
81700,81701,9,1,74,113,2016,9,8,5,3,3,6,0,0,0,1,0,0,1,0,6.74249E+20,5.34468E+21,1.13465E+16,4.82314E+16
81701,81702,9,6,75,141,2016,9,9,2,3,0,7,0,0,0,0,1,1,0,0,5.82831E+20,5.5113E+21,1.01498E+16,4.97485E+16
81702,81703,9,1,88,139,2016,9,15,3,2,5,3,0,0,0,1,0,1,0,0,6.74722E+20,5.31894E+21,1.13423E+16,4.79999E+16
81703,81704,9,6,77,114,2016,9,14,2,3,1,6,0,0,0,1,0,0,0,0,5.69697E+20,5.53631E+21,9.97201E+15,4.99751E+16
81704,81705,9,6,73,117,2016,9,11,3,3,8,1,0,0,0,1,0,0,0,0,5.68521E+20,5.58442E+21,9.96429E+15,5.04078E+16
81705,81706,9,1,81,133,2016,9,13,5,2,0,7,0,0,1,0,0,0,0,0,6.42312E+20,5.31427E+21,1.09066E+16,4.79659E+16
81706,81707,9,6,78,138,2016,9,8,2,2,2,6,0,0,0,0,0,0,1,0,5.96982E+20,5.54057E+21,1.03535E+16,5.00096E+16
81707,81708,9,1,62,0,2016,9,18,3,3,2,6,0,0,0,1,0,1,0,0,6.85554E+20,5.34288E+21,1.14978E+16,4.8212E+16
81708,81709,9,5,62,0,2016,9,22,4,3,5,3,2,0,0,1,0,0,0,0,6.47638E+20,5.49643E+21,1.10433E+16,4.96024E+16
81709,81710,9,7,61,0,2016,9,18,4,3,5,3,0,0,1,1,0,0,0,0,6.40861E+20,5.36047E+21,1.09024E+16,4.83817E+16
81710,81711,9,1,81,130,2016,9,8,3,3,3,1,0,0,0,1,0,0,1,0,6.38911E+20,5.32551E+21,1.08647E+16,4.80677E+16
81711,81712,9,5,64,0,2016,9,17,4,3,2,6,0,0,0,1,0,1,0,0,6.47594E+20,5.47847E+21,1.1036E+16,4.94409E+16
81712,81713,9,3,73,155,2016,9,13,4,3,2,6,0,0,0,1,0,0,0,0,6.71513E+20,5.46301E+21,1.1359E+16,4.92957E+16
81713,81714,9,3,76,117,2016,9,20,3,2,5,7,2,0,0,0,0,1,0,0,7.39759E+20,5.45802E+21,1.22933E+16,4.9228E+16
81714,81715,9,1,83,140,2016,9,11,4,3,2,6,0,0,0,1,0,0,1,0,7.40787E+20,5.34102E+21,1.22392E+16,4.81768E+16
81715,81716,9,1,87,130,2016,9,8,4,3,0,1,0,0,0,0,0,1,0,0,7.11701E+20,5.30901E+21,1.18326E+16,4.78994E+16
81716,81717,9,7,80,122,2016,9,13,3,2,6,4,0,0,0,1,1,0,0,0,6.01104E+20,5.29456E+21,1.03501E+16,4.77965E+16
81717,81718,9,5,74,123,2016,9,16,3,2,2,6,0,0,0,1,0,0,0,0,6.6265E+20,5.48093E+21,1.12445E+16,4.94592E+16
81718,81719,9,1,75,112,2016,9,19,5,1,4,1,0,0,0,1,0,1,0,0,7.23798E+20,5.32098E+21,1.20005E+16,4.80029E+16
81719,81720,9,6,76,132,2016,9,9,2,3,5,3,0,0,0,1,0,0,0,0,5.14718E+20,5.50657E+21,9.20414E+15,4.97114E+16
81720,81721,9,1,81,130,2016,9,15,3,3,9,1,0,0,0,0,0,1,0,0,6.40685E+20,5.32592E+21,1.08886E+16,4.8071E+16
81721,81722,9,6,61,0,2016,9,6,2,3,6,6,1,0,1,0,1,0,0,0,5.11275E+20,5.53659E+21,9.15726E+15,4.99815E+16
81722,81723,9,1,84,121,2016,9,17,3,3,1,6,0,0,0,1,0,0,0,0,7.05977E+20,5.33087E+21,1.17666E+16,4.80978E+16
81723,81724,9,4,77,159,2016,9,7,4,3,2,6,0,0,0,1,0,0,0,0,6.81163E+20,5.5565E+21,1.1535E+16,5.0133E+16
81724,81725,9,1,80,117,2016,9,14,5,3,3,6,0,0,1,1,0,0,0,0,6.5691E+20,5.26189E+21,1.10831E+16,4.74915E+16
81725,81726,9,5,63,0,2016,9,13,4,3,2,6,0,0,0,1,0,1,0,0,6.42964E+20,5.48634E+21,1.0975E+16,4.95128E+16
81726,81727,9,5,77,173,2016,9,17,4,3,2,2,0,0,0,1,0,0,0,1,6.39228E+20,5.4296E+21,1.09037E+16,4.90036E+16
81727,81728,9,2,71,146,2016,9,10,4,2,0,1,0,0,1,0,0,0,0,0,7.84676E+20,5.40975E+21,1.28751E+16,4.87755E+16
81728,81729,9,2,79,112,2016,9,12,5,3,2,6,0,0,0,1,0,0,0,0,7.53782E+20,5.39313E+21,1.24452E+16,4.86397E+16
81729,81730,9,1,83,128,2016,9,22,4,3,5,3,2,0,0,1,0,0,0,0,7.62524E+20,5.34775E+21,1.25352E+16,4.82286E+16
81730,81731,9,1,61,0,2016,9,13,4,3,5,3,0,0,0,1,0,0,0,0,6.78087E+20,5.40328E+21,1.14231E+16,4.8757E+16
81731,81732,9,7,80,131,2016,9,13,3,2,9,1,0,0,0,0,0,1,0,0,5.89321E+20,5.25407E+21,1.01845E+16,4.74339E+16
81732,81733,9,5,74,157,2016,9,15,3,3,0,1,0,0,0,0,0,1,0,0,6.64189E+20,5.46939E+21,1.1261E+16,4.93551E+16
81733,81734,9,1,84,135,2016,9,20,4,3,5,3,2,0,0,1,0,0,0,0,6.89443E+20,5.34734E+21,1.15521E+16,4.82509E+16
81734,81735,9,1,79,123,2016,9,16,3,3,5,3,0,0,1,1,0,0,0,0,6.74937E+20,5.33286E+21,1.13509E+16,4.81249E+16
81735,81736,9,5,62,0,2016,9,7,2,3,2,6,0,0,0,1,0,0,0,0,6.42339E+20,5.49162E+21,1.09683E+16,4.95604E+16
81736,81737,9,1,62,0,2016,9,15,3,3,2,6,0,0,0,1,0,0,0,0,6.97077E+20,5.33049E+21,1.1647E+16,4.80972E+16
81737,81738,9,4,61,0,2016,9,15,4,2,2,6,0,0,0,1,0,0,0,0,6.35615E+20,5.52945E+21,1.08885E+16,4.9902E+16
81738,81739,9,1,87,165,2016,9,14,5,3,5,3,0,0,0,1,0,0,0,0,7.29575E+20,5.30036E+21,1.20668E+16,4.78156E+16
81739,81740,9,3,61,0,2016,9,16,3,3,2,6,0,0,0,1,0,1,0,0,7.05119E+20,5.48368E+21,1.18313E+16,4.94711E+16
81740,81741,9,6,71,134,2016,9,8,4,2,8,7,0,0,0,1,0,0,0,0,5.01015E+20,5.55033E+21,9.01419E+15,5.01052E+16
81741,81742,9,7,80,118,2016,9,10,4,1,0,1,0,0,0,1,0,0,1,0,5.9535E+20,5.26495E+21,1.02668E+16,4.7531E+16
81742,81743,9,3,61,0,2016,9,13,3,3,6,4,0,0,0,1,1,0,0,0,7.07917E+20,5.48073E+21,1.18684E+16,4.94436E+16
81743,81744,9,1,87,132,2016,9,18,4,3,5,3,0,0,0,1,0,0,0,0,7.46537E+20,5.29953E+21,1.22926E+16,4.78019E+16
81744,81745,9,1,88,118,2016,9,11,4,2,6,4,0,0,0,1,1,0,0,0,6.71586E+20,5.31305E+21,1.1298E+16,4.79477E+16
81745,81746,9,7,77,167,2016,9,7,3,2,4,6,0,0,0,1,0,0,0,0,6.1813E+20,5.29399E+21,1.05772E+16,4.77885E+16
81746,81747,9,5,64,0,2016,9,19,3,3,6,7,1,0,1,0,1,0,0,0,6.47643E+20,5.47488E+21,1.10353E+16,4.94086E+16
81747,81748,9,7,75,164,2016,9,17,4,3,2,6,0,0,0,1,0,0,0,0,5.86087E+20,5.35019E+21,1.01608E+16,4.82991E+16
81748,81749,9,1,79,130,2016,9,15,3,2,5,3,0,0,0,0,0,1,1,0,6.59365E+20,5.33871E+21,1.1144E+16,4.81816E+16
81749,81750,9,2,76,144,2016,9,7,3,2,5,3,0,0,0,1,0,0,0,0,7.84889E+20,5.44443E+21,1.29022E+16,4.90867E+16
81750,81751,9,1,87,130,2016,9,8,5,3,4,6,0,0,0,1,0,0,0,0,7.13096E+20,5.3136E+21,1.18535E+16,4.79403E+16
81751,81752,9,2,63,0,2016,9,12,3,3,3,2,0,0,0,1,0,1,0,0,7.62036E+20,5.42124E+21,1.25749E+16,4.88886E+16
81752,81753,9,6,75,117,2016,9,15,3,1,5,3,0,0,0,1,0,1,0,0,5.77567E+20,5.51527E+21,1.00775E+16,4.97849E+16
81753,81754,9,5,74,123,2016,9,14,2,2,2,6,0,0,0,1,0,1,0,0,6.60934E+20,5.47817E+21,1.12198E+16,4.94349E+16
81754,81755,9,5,76,151,2016,9,17,4,3,2,6,0,0,0,1,0,0,0,0,6.58544E+20,5.47057E+21,1.11838E+16,4.93672E+16
81755,81756,9,5,71,181,2016,9,23,3,3,8,1,2,0,0,1,0,0,0,0,5.88191E+20,5.47014E+21,1.0215E+16,4.93776E+16
81756,81757,9,7,77,147,2016,9,19,4,3,0,6,0,0,1,0,0,0,0,0,6.34266E+20,5.28395E+21,1.07894E+16,4.7695E+16
81757,81758,9,1,79,121,2016,9,11,3,3,8,7,0,0,1,1,0,0,0,0,6.674E+20,5.33839E+21,1.12519E+16,4.81767E+16
81758,81759,9,3,72,153,2016,9,17,4,3,5,3,0,0,0,1,0,1,0,0,7.48689E+20,5.45932E+21,1.24165E+16,4.92361E+16
81759,81760,9,2,71,125,2016,9,11,3,3,2,6,0,0,0,1,0,0,0,0,7.97233E+20,5.40932E+21,1.30453E+16,4.87658E+16
81760,81761,9,1,74,115,2016,9,9,3,3,5,3,0,0,1,1,0,0,0,0,6.80896E+20,5.34766E+21,1.14372E+16,4.82563E+16
81761,81762,9,3,73,147,2016,9,1,4,3,2,6,2,0,0,1,0,0,0,0,6.80743E+20,5.46534E+21,1.14869E+16,4.9314E+16
81762,81763,9,2,75,126,2016,9,6,3,3,9,7,0,0,0,1,0,1,0,0,8.4195E+20,5.39727E+21,1.36419E+16,4.86348E+16
81763,81764,9,1,86,147,2016,9,3,5,2,2,7,2,0,0,0,0,0,1,0,6.84402E+20,5.39433E+21,1.1505E+16,4.86748E+16
81764,81765,9,6,72,113,2016,9,16,3,2,3,2,0,0,0,1,0,1,0,0,5.56817E+20,5.57397E+21,9.79803E+15,5.03151E+16
81765,81766,9,1,81,139,2016,9,15,5,3,5,3,0,0,1,1,0,0,0,0,6.56031E+20,5.32592E+21,1.10945E+16,4.80675E+16
81766,81767,9,5,76,113,2016,9,0,2,2,8,7,2,0,0,1,0,0,0,0,6.61917E+20,5.45491E+21,1.12239E+16,4.92256E+16
81767,81768,9,1,75,132,2016,9,17,3,3,5,3,0,0,1,1,0,0,0,0,7.05701E+20,5.3349E+21,1.17648E+16,4.81341E+16