FID,OBJECTID,ULAND,UREGBEZ,UKREIS,UGEMEINDE,UJAHR,UMONAT,USTUNDE,UWOCHENTAG,UKATEGORIE,UART,UTYP1,ULICHTVERH,IstStrasse,IstRad,IstPKW,IstFuss,IstKrad,IstGkfz,IstSonstig,LINREFX,LINREFY,XGCSWGS84,YGCSWGS84
81948,81949,9,5,76,143,2016,9,18,5,3,5,2,0,0,0,1,0,1,0,0,6.49183E+20,5.45624E+21,1.10496E+16,4.92408E+16
81949,81950,9,4,71,165,2016,9,22,2,3,8,1,2,1,0,1,0,0,0,0,6.30115E+20,5.5352E+21,1.08139E+16,4.9955E+16
81950,81951,9,2,75,153,2016,9,20,6,3,0,2,1,0,0,1,0,0,0,1,8.39393E+20,5.39272E+21,1.36036E+16,4.85955E+16
81951,81952,9,2,75,133,2016,9,15,1,3,4,6,0,1,0,1,0,0,0,0,8.25828E+20,5.3849E+21,1.34141E+16,4.85325E+16
81952,81953,9,2,75,134,2016,9,7,2,2,4,6,0,1,0,1,0,0,0,0,8.26955E+20,5.37899E+21,1.34247E+16,4.84789E+16
81953,81954,9,5,64,0,2016,9,20,5,3,0,1,2,0,1,0,0,0,0,0,6.45746E+20,5.47657E+21,1.10098E+16,4.94243E+16
81954,81955,9,7,72,125,2016,9,11,7,3,9,7,0,0,0,1,0,0,0,0,6.36857E+20,5.34978E+21,1.08449E+16,4.82864E+16
81955,81956,9,1,62,0,2016,9,8,5,3,6,4,0,0,0,0,1,0,0,1,6.88466E+20,5.34019E+21,1.15358E+16,4.81869E+16
81956,81957,9,2,75,134,2016,9,14,1,3,2,6,0,1,0,1,0,0,0,0,8.23579E+20,5.37438E+21,1.33756E+16,4.84393E+16
81957,81958,9,3,76,161,2016,9,6,2,3,3,1,1,1,0,1,0,0,0,0,7.28873E+20,5.47292E+21,1.21525E+16,4.93659E+16
81958,81959,9,7,77,112,2016,9,7,7,3,2,1,0,1,0,1,0,0,0,0,6.22212E+20,5.29564E+21,1.06321E+16,4.78025E+16
81959,81960,9,1,72,134,2016,9,12,7,3,2,6,0,1,0,1,0,0,0,0,7.8922E+20,5.30627E+21,1.28659E+16,4.78447E+16
81960,81961,9,1,84,148,2016,9,12,5,2,6,7,0,0,1,0,1,0,0,0,6.96241E+20,5.32634E+21,1.16339E+16,4.80601E+16
81961,81962,9,4,74,134,2016,9,13,7,3,3,2,0,0,0,1,0,0,0,0,6.44292E+20,5.50811E+21,1.10013E+16,4.97082E+16
81962,81963,9,7,74,135,2016,9,13,1,3,1,6,0,1,0,1,0,0,0,0,5.96285E+20,5.3654E+21,1.03017E+16,4.84343E+16
81963,81964,9,5,74,152,2016,9,13,6,2,4,2,0,0,1,1,0,0,0,0,6.65453E+20,5.48343E+21,1.12842E+16,4.9481E+16
81964,81965,9,1,62,0,2016,9,22,6,3,4,1,2,1,0,1,0,0,0,0,6.78856E+20,5.33466E+21,1.14043E+16,4.814E+16
81965,81966,9,5,64,0,2016,9,12,5,3,0,1,0,0,0,0,0,1,0,0,6.49425E+20,5.48251E+21,1.10628E+16,4.94769E+16
81966,81967,9,1,90,115,2016,9,13,1,3,9,1,0,1,0,1,0,0,0,0,6.70271E+20,5.30181E+21,1.12759E+16,4.78471E+16
81967,81968,9,2,77,127,2016,9,15,6,3,0,7,0,0,1,0,0,0,0,0,7.90691E+20,5.35109E+21,1.29159E+16,4.82462E+16
81968,81969,9,1,62,0,2016,9,12,5,3,9,1,0,0,0,0,0,1,0,0,6.88282E+20,5.33399E+21,1.15306E+16,4.81313E+16
81969,81970,9,2,75,141,2016,9,14,6,3,4,6,0,0,0,1,0,0,1,0,8.17458E+20,5.3674E+21,1.32877E+16,4.83798E+16
81970,81971,9,1,90,117,2016,9,16,2,3,9,1,0,1,0,1,0,0,0,0,6.49477E+20,5.28771E+21,1.09933E+16,4.77254E+16
81971,81972,9,6,79,154,2016,9,8,7,3,3,6,0,0,0,1,0,0,0,0,5.6215E+20,5.51078E+21,9.86267E+15,4.97463E+16
81972,81973,9,7,78,137,2016,9,19,5,3,5,3,1,0,1,1,0,0,0,0,6.24596E+20,5.3299E+21,1.06739E+16,4.81102E+16
81973,81974,9,6,72,136,2016,9,7,7,3,8,1,0,1,0,1,0,0,0,0,5.80241E+20,5.56425E+21,1.01249E+16,5.02249E+16
81974,81975,9,3,71,151,2016,9,11,7,3,9,1,0,1,0,1,0,0,0,0,6.99829E+20,5.48588E+21,1.17595E+16,4.94926E+16
81975,81976,9,1,84,142,2016,9,18,6,3,2,6,1,1,0,1,0,0,0,0,6.83336E+20,5.31813E+21,1.14574E+16,4.79902E+16
81976,81977,9,6,79,154,2016,9,15,1,3,0,1,0,1,0,0,0,1,0,0,5.60701E+20,5.5102E+21,9.84248E+15,4.97412E+16
81977,81978,9,5,63,0,2016,9,12,6,3,6,4,0,0,0,1,1,0,0,0,6.44545E+20,5.48274E+21,1.09955E+16,4.94801E+16
81978,81979,9,5,64,0,2016,9,19,1,3,4,2,2,1,0,1,0,0,0,0,6.48253E+20,5.47726E+21,1.10446E+16,4.94299E+16
81979,81980,9,5,74,152,2016,9,9,1,3,9,7,0,1,0,1,0,0,0,0,6.65062E+20,5.48238E+21,1.12784E+16,4.94716E+16
81980,81981,9,1,80,127,2016,9,8,7,3,9,1,0,1,0,1,0,0,0,0,6.65409E+20,5.27712E+21,1.12016E+16,4.76264E+16
81981,81982,9,3,77,141,2016,9,18,1,3,8,1,1,1,0,1,0,0,0,0,7.32406E+20,5.54079E+21,1.22414E+16,4.99742E+16
81982,81983,9,3,75,162,2016,9,16,7,2,3,1,0,1,0,1,0,0,1,0,7.12709E+20,5.43932E+21,1.19124E+16,4.907E+16
81983,81984,9,7,72,223,2016,9,16,1,3,9,1,0,1,0,1,0,0,0,0,6.21232E+20,5.36316E+21,1.06382E+16,4.841E+16
81984,81985,9,5,63,0,2016,9,16,6,2,0,7,0,0,1,0,0,0,0,0,6.4219E+20,5.4863E+21,1.09643E+16,4.95127E+16
81985,81986,9,2,75,119,2016,9,19,7,3,2,6,2,1,0,1,0,0,0,0,8.32379E+20,5.40226E+21,1.35164E+16,4.86848E+16
81986,81987,9,5,71,136,2016,9,16,5,3,2,6,0,0,0,0,0,0,0,1,5.90311E+20,5.44154E+21,1.02377E+16,4.91201E+16
81987,81988,9,1,76,138,2016,9,16,1,3,9,1,0,1,0,1,0,0,0,0,6.757E+20,5.42693E+21,1.14008E+16,4.89703E+16
81988,81989,9,2,75,149,2016,9,18,6,3,5,3,1,0,0,1,0,0,0,0,8.17593E+20,5.37239E+21,1.32933E+16,4.84244E+16
81989,81990,9,7,75,135,2016,9,17,5,3,2,6,0,0,0,1,0,0,0,0,5.74446E+20,5.36095E+21,1.00058E+16,4.83973E+16
81990,81991,9,2,74,127,2016,9,12,6,3,4,2,0,0,0,1,0,0,0,0,7.35005E+20,5.39585E+21,1.21922E+16,4.86714E+16
81991,81992,9,1,89,157,2016,9,16,2,3,8,1,0,1,0,1,0,0,0,0,7.68366E+20,5.32245E+21,1.25978E+16,4.7999E+16
81992,81993,9,5,76,122,2016,9,9,7,3,8,1,0,1,0,1,0,0,0,0,6.73081E+20,5.43288E+21,1.13676E+16,4.90245E+16
81993,81994,9,2,71,119,2016,9,11,7,3,8,1,0,1,0,1,0,0,0,0,7.89457E+20,5.41462E+21,1.29434E+16,4.8817E+16
81994,81995,9,1,62,0,2016,9,22,6,3,5,2,2,1,1,1,0,0,0,0,6.93826E+20,5.33164E+21,1.16039E+16,4.81085E+16
81995,81996,9,6,61,0,2016,9,21,1,3,5,3,2,0,0,1,0,0,0,0,5.11422E+20,5.53549E+21,9.15928E+15,4.99717E+16
81996,81997,9,5,64,0,2016,9,16,6,3,0,7,0,0,1,1,0,0,0,0,6.5392E+20,5.47403E+21,1.11215E+16,4.93995E+16
81997,81998,9,4,79,135,2016,9,16,1,2,4,1,0,1,0,1,0,0,0,0,7.15607E+20,5.55887E+21,1.20177E+16,5.01428E+16
81998,81999,9,1,83,124,2016,9,17,7,3,9,1,0,1,0,1,0,0,0,0,7.5647E+20,5.34259E+21,1.24507E+16,4.81847E+16
81999,82000,9,3,74,132,2016,9,12,1,2,3,1,0,1,0,1,0,0,0,0,7.34469E+20,5.49535E+21,1.22428E+16,4.95653E+16
82000,82001,9,1,61,0,2016,9,13,7,3,5,3,0,1,1,1,0,0,0,0,6.79047E+20,5.40529E+21,1.1437E+16,4.87748E+16
82001,82002,9,5,77,177,2016,9,17,5,2,5,3,0,0,0,1,0,1,0,0,6.48177E+20,5.42904E+21,1.10258E+16,4.89965E+16
82002,82003,9,1,79,125,2016,9,21,1,3,9,1,2,1,0,1,0,0,0,0,6.62095E+20,5.33164E+21,1.1178E+16,4.81174E+16
82003,82004,9,7,74,111,2016,9,10,5,3,9,6,0,0,0,1,0,0,0,0,6.03075E+20,5.33831E+21,1.03869E+16,4.81896E+16
82004,82005,9,2,61,0,2016,9,23,6,3,0,4,2,1,0,0,1,1,0,0,7.32844E+20,5.38139E+21,1.21548E+16,4.85424E+16
82005,82006,9,1,87,182,2016,9,14,7,3,5,3,0,1,0,1,0,0,0,0,7.40458E+20,5.32629E+21,1.22265E+16,4.80446E+16
82006,82007,9,1,86,162,2016,9,7,7,3,8,1,0,1,0,1,0,0,0,0,6.94735E+20,5.38621E+21,1.16414E+16,4.85987E+16
82007,82008,9,5,75,121,2016,9,6,5,2,5,3,1,0,0,0,0,1,0,1,6.2398E+20,5.49059E+21,1.07142E+16,4.95552E+16
82008,82009,9,1,81,123,2016,9,0,1,3,2,6,2,1,0,1,0,0,0,0,6.55341E+20,5.32655E+21,1.10855E+16,4.80733E+16
82009,82010,9,2,61,0,2016,9,17,6,3,5,3,0,0,1,1,0,0,0,0,7.30825E+20,5.38185E+21,1.21278E+16,4.85472E+16
82010,82011,9,7,75,129,2016,9,13,5,3,0,6,0,0,0,1,0,1,0,0,5.81926E+20,5.34173E+21,1.0103E+16,4.82235E+16
82011,82012,9,2,73,121,2016,9,8,6,1,8,1,0,0,0,1,0,0,0,0,7.06174E+20,5.42486E+21,1.18157E+16,4.89422E+16
82012,82013,9,1,87,182,2016,9,18,7,3,2,2,1,1,0,1,0,0,0,0,7.37652E+20,5.32767E+21,1.21896E+16,4.8058E+16
82013,82014,9,1,87,170,2016,9,9,2,3,8,1,0,1,0,1,0,0,0,0,7.34754E+20,5.31973E+21,1.21465E+16,4.79878E+16
82014,82015,9,1,74,121,2016,9,7,2,3,8,2,0,1,0,1,0,0,0,0,6.90753E+20,5.35495E+21,1.15732E+16,4.83189E+16
82015,82016,9,5,74,158,2016,9,15,7,2,0,1,0,1,0,0,0,1,0,0,6.68997E+20,5.49644E+21,1.13387E+16,4.95969E+16
82016,82017,9,7,75,129,2016,9,0,6,3,3,7,2,0,0,1,0,0,1,0,5.83108E+20,5.34373E+21,1.01193E+16,4.82413E+16
82017,82018,9,5,65,0,2016,9,10,1,3,2,6,0,1,0,1,0,0,0,0,6.47094E+20,5.46407E+21,1.10238E+16,4.93117E+16
82018,82019,9,5,64,0,2016,9,20,6,3,5,2,2,0,0,1,0,0,0,1,6.51267E+20,5.47348E+21,1.10847E+16,4.93952E+16
82019,82020,9,4,72,116,2016,9,19,1,2,0,7,1,0,0,1,0,0,0,0,6.94141E+20,5.54602E+21,1.17111E+16,5.00348E+16
82020,82021,9,2,71,128,2016,9,21,1,3,3,6,2,1,0,1,0,0,0,0,8.01242E+20,5.39869E+21,1.30919E+16,4.86685E+16
82021,82022,9,1,76,161,2016,9,12,7,3,2,6,0,1,0,1,0,0,0,0,6.80886E+20,5.41536E+21,1.14665E+16,4.88648E+16
82022,82023,9,3,72,153,2016,9,16,2,2,4,2,0,0,0,1,0,1,0,0,7.56307E+20,5.4549E+21,1.25182E+16,4.91933E+16
82023,82024,9,4,64,0,2016,9,20,5,3,5,6,2,0,0,1,0,0,0,0,7.07807E+20,5.57763E+21,1.19189E+16,5.03141E+16
82024,82025,9,7,75,129,2016,9,16,7,3,3,6,0,1,0,1,0,0,0,1,5.83407E+20,5.33977E+21,1.01226E+16,4.82056E+16
82025,82026,9,1,72,131,2016,9,14,7,2,0,1,0,1,0,0,0,1,0,0,7.86064E+20,5.28862E+21,1.28122E+16,4.76876E+16
82026,82027,9,7,63,0,2016,9,12,5,3,2,6,0,0,0,1,0,0,0,0,5.97864E+20,5.28724E+21,1.03052E+16,4.77311E+16
82027,82028,9,1,79,142,2016,9,9,2,3,2,6,0,1,0,1,0,0,1,0,6.77004E+20,5.34273E+21,1.13828E+16,4.82131E+16
82028,82029,9,1,84,141,2016,9,13,1,3,5,3,0,1,0,1,0,0,0,0,6.98083E+20,5.31657E+21,1.16541E+16,4.79718E+16
82029,82030,9,5,64,0,2016,9,10,6,3,2,6,0,0,0,1,0,0,0,1,6.49812E+20,5.48168E+21,1.10678E+16,4.94693E+16
82030,82031,9,7,75,135,2016,9,19,6,2,6,4,2,1,0,1,1,0,0,0,5.74734E+20,5.35773E+21,1.00091E+16,4.83683E+16
82031,82032,9,1,76,120,2016,9,5,2,2,9,1,2,1,0,1,0,0,0,0,6.78212E+20,5.42465E+21,1.14341E+16,4.89491E+16
82032,82033,9,1,78,124,2016,9,16,2,3,0,1,0,1,1,0,0,0,0,0,7.03775E+20,5.36244E+21,1.17522E+16,4.83822E+16
82033,82034,9,5,64,0,2016,9,12,6,3,2,6,0,0,0,1,0,0,0,0,6.5615E+20,5.47595E+21,1.11529E+16,4.94161E+16
82034,82035,9,7,64,0,2016,9,17,6,3,0,1,0,1,0,0,0,1,0,0,5.82826E+20,5.31066E+21,1.01091E+16,4.79439E+16
82035,82036,9,5,64,0,2016,9,10,6,3,2,6,0,0,0,1,0,1,0,0,6.47605E+20,5.4793E+21,1.10365E+16,4.94484E+16
82036,82037,9,4,63,0,2016,9,7,5,3,5,3,0,0,0,1,0,0,0,0,6.40244E+20,5.56744E+21,1.09669E+16,5.02424E+16
82037,82038,9,1,84,132,2016,9,19,6,3,3,1,1,1,0,1,0,0,0,0,6.81953E+20,5.32394E+21,1.14413E+16,4.80428E+16
82038,82039,9,2,75,156,2016,9,0,1,3,9,1,2,1,0,1,0,0,0,0,8.51962E+20,5.39224E+21,1.37731E+16,4.85842E+16
82039,82040,9,3,71,121,2016,9,12,2,3,9,1,0,1,0,1,0,0,0,0,7.09782E+20,5.50278E+21,1.19058E+16,4.96411E+16
82040,82041,9,4,76,164,2016,9,11,5,3,0,1,0,0,0,0,0,1,0,0,6.67802E+20,5.58472E+21,1.13607E+16,5.03905E+16
82041,82042,9,7,62,0,2016,9,19,7,3,2,6,1,1,0,1,0,0,0,0,6.22171E+20,5.30789E+21,1.0635E+16,4.79127E+16
82042,82043,9,7,80,131,2016,9,12,5,3,1,7,0,0,0,0,0,1,1,0,5.8871E+20,5.25457E+21,1.01765E+16,4.74386E+16
82043,82044,9,4,71,123,2016,9,10,7,3,8,1,0,1,0,1,0,0,0,0,6.46665E+20,5.51756E+21,1.10378E+16,4.97926E+16
82044,82045,9,1,77,117,2016,9,20,7,3,8,1,2,1,0,1,0,0,0,0,7.16036E+20,5.35223E+21,1.19124E+16,4.82864E+16
82045,82046,9,7,63,0,2016,9,17,1,3,0,7,0,0,1,0,0,0,0,0,5.96555E+20,5.28526E+21,1.02873E+16,4.77135E+16
82046,82047,9,5,64,0,2016,9,11,6,3,2,6,0,0,0,1,0,1,0,0,6.58305E+20,5.47624E+21,1.11828E+16,4.94182E+16
82047,82048,9,7,64,0,2016,9,14,6,3,5,3,0,0,0,1,0,1,0,0,5.86441E+20,5.31616E+21,1.01586E+16,4.79929E+16
82048,82049,9,2,63,0,2016,9,12,7,3,0,1,0,1,1,0,0,0,0,0,7.62417E+20,5.42023E+21,1.25794E+16,4.88794E+16
82049,82050,9,4,62,0,2016,9,7,5,3,8,1,0,0,0,0,0,0,1,0,6.8699E+20,5.5358E+21,1.16063E+16,4.99453E+16
82050,82051,9,1,89,150,2016,9,16,1,3,2,6,0,1,0,1,0,1,0,0,7.78693E+20,5.31791E+21,1.2733E+16,4.79538E+16
82051,82052,9,1,73,130,2016,9,21,6,3,9,1,2,1,0,1,0,0,0,0,6.79664E+20,5.31267E+21,1.14059E+16,4.79421E+16
82052,82053,9,7,77,144,2016,9,7,5,3,2,6,0,0,0,1,0,0,0,0,6.09757E+20,5.29211E+21,1.0465E+16,4.7773E+16
82053,82054,9,1,90,135,2016,9,20,6,3,3,6,2,1,0,1,0,0,0,0,6.57678E+20,5.29312E+21,1.11046E+16,4.77721E+16
82054,82055,9,1,90,145,2016,9,14,2,3,4,6,0,1,0,1,0,0,0,0,6.49206E+20,5.28665E+21,1.09893E+16,4.77159E+16
82055,82056,9,4,77,163,2016,9,15,5,2,5,2,0,0,0,1,0,1,0,0,6.85796E+20,5.55335E+21,1.15982E+16,5.01033E+16
82056,82057,9,4,61,0,2016,9,20,2,3,4,2,2,0,0,1,0,0,0,0,6.37069E+20,5.53083E+21,1.09092E+16,4.99142E+16
82057,82058,9,2,74,191,2016,9,17,1,3,0,7,0,0,1,0,0,0,0,0,7.46042E+20,5.39096E+21,1.2339E+16,4.86232E+16
82058,82059,9,1,72,114,2016,9,19,6,3,2,6,2,0,0,1,0,0,0,0,7.94802E+20,5.2981E+21,1.29348E+16,4.77687E+16
82059,82060,9,2,72,149,2016,9,12,1,2,5,3,0,1,0,1,0,0,0,0,8.2008E+20,5.42646E+21,1.33687E+16,4.89082E+16
82060,82061,9,7,77,112,2016,9,15,5,3,2,6,0,0,0,1,0,0,0,0,6.22395E+20,5.29601E+21,1.06347E+16,4.78058E+16
82061,82062,9,2,74,114,2016,9,17,2,3,9,1,0,1,0,1,0,0,0,0,7.36145E+20,5.37138E+21,1.21938E+16,4.84512E+16
82062,82063,9,7,61,0,2016,9,15,7,3,1,6,0,1,0,1,0,0,0,0,6.43148E+20,5.35956E+21,1.0933E+16,4.8373E+16
82063,82064,9,7,77,151,2016,9,9,5,3,6,2,0,0,0,1,1,0,0,0,6.21216E+20,5.29284E+21,1.06181E+16,4.77775E+16
82064,82065,9,6,75,156,2016,9,16,7,3,9,1,0,1,0,0,0,1,0,0,5.85888E+20,5.50141E+21,1.01901E+16,4.96591E+16
82065,82066,9,3,75,209,2016,9,12,7,3,5,3,0,1,0,1,0,0,0,0,7.46615E+20,5.43454E+21,1.2373E+16,4.90144E+16
82066,82067,9,7,71,130,2016,9,4,1,2,9,1,2,1,0,1,0,0,0,0,6.451E+20,5.35841E+21,1.0959E+16,4.83622E+16
82067,82068,9,5,77,141,2016,9,14,6,1,8,1,0,0,0,0,0,1,0,0,6.47203E+20,5.4382E+21,1.10158E+16,4.9079E+16
82068,82069,9,5,74,132,2016,9,10,1,3,9,7,0,1,0,1,0,0,0,0,6.73985E+20,5.48695E+21,1.14035E+16,4.95102E+16
82069,82070,9,2,61,0,2016,9,20,7,3,4,6,2,1,0,1,0,0,0,1,7.32113E+20,5.38074E+21,1.21446E+16,4.85367E+16
82070,82071,9,1,85,158,2016,9,0,7,3,0,1,2,1,1,0,0,0,0,0,6.67662E+20,5.38163E+21,1.12726E+16,4.85654E+16
82071,82072,9,4,71,145,2016,9,16,5,3,9,1,0,1,0,0,0,1,0,1,6.40708E+20,5.51595E+21,1.09545E+16,4.97796E+16
82072,82073,9,1,76,143,2016,9,18,1,2,9,1,0,1,0,1,0,0,0,0,6.81039E+20,5.40941E+21,1.1466E+16,4.88113E+16
82073,82074,9,1,89,157,2016,9,23,6,3,0,1,2,1,1,0,0,0,0,0,7.65461E+20,5.32568E+21,1.25609E+16,4.80292E+16
82074,82075,9,7,76,125,2016,9,11,5,3,7,7,0,0,1,0,0,0,0,0,5.63779E+20,5.27015E+21,9.84817E+15,4.75816E+16
82075,82076,9,1,89,139,2016,9,11,6,3,5,3,0,0,0,1,0,0,0,1,7.61052E+20,5.28563E+21,1.24777E+16,4.76713E+16
82076,82077,9,1,87,177,2016,9,10,7,3,1,6,0,1,0,1,0,0,0,0,7.36339E+20,5.3057E+21,1.216E+16,4.78612E+16
82077,82078,9,1,89,154,2016,9,11,2,3,2,6,0,1,0,1,0,0,1,0,7.66773E+20,5.31708E+21,1.25731E+16,4.79514E+16
82078,82079,9,5,72,149,2016,9,6,7,2,5,3,0,1,1,1,0,0,0,0,6.39026E+20,5.50385E+21,1.09268E+16,4.96711E+16
82079,82080,9,7,78,144,2016,9,13,6,1,4,6,0,1,0,1,0,1,0,0,5.88784E+20,5.30034E+21,1.01868E+16,4.78503E+16
82080,82081,9,6,76,160,2016,9,12,7,3,5,3,0,0,0,1,0,0,0,0,5.13245E+20,5.52905E+21,9.18448E+15,4.99137E+16
82081,82082,9,3,71,136,2016,9,17,7,3,2,6,0,1,0,1,0,0,0,0,7.12408E+20,5.48073E+21,1.19303E+16,4.94421E+16
82082,82083,9,7,78,165,2016,9,12,6,2,8,7,0,0,0,0,0,0,1,0,5.8756E+20,5.30013E+21,1.01704E+16,4.78486E+16
82083,82084,9,6,71,111,2016,9,20,1,2,2,6,2,0,0,1,0,1,0,0,5.03459E+20,5.54449E+21,9.04832E+15,5.00527E+16
82084,82085,9,5,71,198,2016,9,20,1,3,8,1,2,1,0,1,0,0,0,0,5.91973E+20,5.45889E+21,1.02645E+16,4.92759E+16
82085,82086,9,1,89,161,2016,9,11,7,3,2,6,0,1,0,1,0,0,0,0,7.6964E+20,5.30352E+21,1.2603E+16,4.78284E+16
82086,82087,9,3,77,154,2016,9,15,1,3,8,1,0,1,0,1,0,0,0,0,7.42366E+20,5.53342E+21,1.23754E+16,4.9904E+16
82087,82088,9,1,86,152,2016,9,8,7,3,5,2,0,1,0,1,0,0,0,0,6.91077E+20,5.37574E+21,1.1587E+16,4.85056E+16
82088,82089,9,4,71,117,2016,9,12,5,3,3,2,0,0,1,1,0,0,0,0,6.2965E+20,5.53107E+21,1.0806E+16,4.9918E+16
82089,82090,9,1,74,135,2016,9,22,1,2,9,7,2,1,0,1,0,0,0,0,6.61594E+20,5.35451E+21,1.118E+16,4.83231E+16
82090,82091,9,7,76,130,2016,9,17,5,2,4,6,0,0,0,1,0,0,0,0,5.54692E+20,5.26935E+21,9.72723E+15,4.75753E+16
82091,82092,9,1,89,145,2016,9,6,6,3,5,3,0,0,0,1,0,0,1,0,7.74921E+20,5.30265E+21,1.26729E+16,4.78184E+16
82092,82093,9,1,82,119,2016,9,8,7,3,5,3,0,1,0,1,0,0,0,0,7.10544E+20,5.29268E+21,1.18092E+16,4.77531E+16
82093,82094,9,1,82,133,2016,9,19,2,3,2,2,2,1,0,1,0,0,0,0,7.07363E+20,5.31155E+21,1.17759E+16,4.79237E+16
82094,82095,9,1,78,124,2016,9,15,2,3,0,1,0,1,0,1,0,0,0,0,7.0324E+20,5.36127E+21,1.17445E+16,4.83718E+16
82095,82096,9,5,63,0,2016,9,13,7,2,0,7,0,1,0,0,0,1,0,0,6.43871E+20,5.48294E+21,1.09863E+16,4.9482E+16
82096,82097,9,7,74,135,2016,9,20,6,3,6,4,2,1,0,0,1,0,1,0,5.95498E+20,5.36735E+21,1.02915E+16,4.8452E+16
82097,82098,9,5,75,119,2016,9,10,6,2,0,1,0,0,0,0,0,1,0,0,6.09621E+20,5.48954E+21,1.05155E+16,4.95486E+16
82098,82099,9,2,78,118,2016,9,15,1,3,5,3,0,0,1,1,0,0,0,0,7.72892E+20,5.42273E+21,1.27237E+16,4.88973E+16
82099,82100,9,3,73,147,2016,9,7,2,3,2,6,0,1,0,1,0,0,0,1,6.80053E+20,5.46297E+21,1.14763E+16,4.92929E+16
82100,82101,9,7,78,137,2016,9,14,7,3,9,1,0,0,0,0,0,1,0,0,6.2483E+20,5.33561E+21,1.06787E+16,4.81615E+16
82101,82102,9,5,65,0,2016,9,12,1,2,2,6,0,1,0,1,0,0,0,0,6.50098E+20,5.46694E+21,1.10662E+16,4.93367E+16
82102,82103,9,5,71,190,2016,9,22,6,3,4,2,2,0,0,1,0,0,0,0,6.25806E+20,5.46503E+21,1.07314E+16,4.9325E+16
82103,82104,9,4,72,119,2016,9,17,1,3,6,7,0,1,0,1,1,0,0,0,6.86878E+20,5.54106E+21,1.16073E+16,4.99926E+16
82104,82105,9,1,89,157,2016,9,22,7,3,5,3,2,1,0,1,0,0,0,0,7.65153E+20,5.32549E+21,1.25567E+16,4.80276E+16
82105,82106,9,3,76,141,2016,9,0,1,3,2,1,2,0,0,1,0,0,0,0,7.25183E+20,5.45099E+21,1.20895E+16,4.91704E+16
82106,82107,9,1,85,118,2016,9,7,7,2,2,6,0,1,0,1,0,0,0,0,6.66001E+20,5.40343E+21,1.12589E+16,4.87617E+16
82107,82108,9,4,61,0,2016,9,22,5,3,2,6,2,0,0,1,0,0,0,0,6.36419E+20,5.53133E+21,1.09004E+16,4.99187E+16
82108,82109,9,1,62,0,2016,9,14,1,3,2,6,0,1,0,1,0,0,0,0,6.85653E+20,5.34297E+21,1.14992E+16,4.82128E+16
82109,82110,9,7,63,0,2016,9,14,5,3,2,6,0,0,0,1,0,1,0,0,5.98202E+20,5.28773E+21,1.03098E+16,4.77354E+16
82110,82111,9,1,86,152,2016,9,3,2,3,2,1,2,1,0,1,0,0,0,0,6.91566E+20,5.37933E+21,1.15953E+16,4.85378E+16
82111,82112,9,1,77,123,2016,9,7,2,3,4,6,0,1,0,1,0,0,0,0,7.26324E+20,5.3444E+21,1.20467E+16,4.82125E+16
82112,82113,9,5,71,196,2016,9,19,6,3,3,2,0,0,0,1,0,0,0,1,6.19608E+20,5.46028E+21,1.06447E+16,4.92836E+16
82113,82114,9,7,80,143,2016,9,13,6,3,8,1,0,1,0,1,0,0,0,0,5.94814E+20,5.28023E+21,1.0263E+16,4.76685E+16
82114,82115,9,4,75,171,2016,9,23,6,3,3,6,2,1,0,1,0,0,0,0,6.9919E+20,5.57765E+21,1.1798E+16,5.03173E+16
82115,82116,9,3,63,0,2016,9,17,5,3,5,3,0,0,0,1,0,0,0,0,7.23081E+20,5.50884E+21,1.20932E+16,4.96908E+16
82116,82117,9,1,83,128,2016,9,20,6,3,5,3,2,0,1,1,0,0,0,0,7.61646E+20,5.35016E+21,1.25249E+16,4.82505E+16
82117,82118,9,2,62,0,2016,9,0,1,3,4,6,2,1,0,1,0,0,0,0,8.31946E+20,5.39119E+21,1.35017E+16,4.85857E+16
82118,82119,9,2,75,134,2016,9,11,2,3,8,6,0,1,0,1,0,0,0,0,8.2728E+20,5.37963E+21,1.34296E+16,4.84844E+16
82119,82120,9,3,74,127,2016,9,15,5,2,5,3,0,0,0,1,0,1,0,0,7.33167E+20,5.50158E+21,1.22285E+16,4.96217E+16
82120,82121,9,7,72,157,2016,9,4,7,3,8,1,2,1,0,1,0,0,0,0,6.27144E+20,5.33482E+21,1.07096E+16,4.81539E+16
82121,82122,9,7,80,146,2016,9,13,5,3,0,7,0,0,0,0,0,1,0,1,5.9393E+20,5.28671E+21,1.02526E+16,4.7727E+16
82122,82123,9,3,63,0,2016,9,22,7,3,5,3,2,1,0,1,0,0,0,1,7.27091E+20,5.50547E+21,1.21468E+16,4.96589E+16
82123,82124,9,7,77,153,2016,9,8,1,3,3,6,0,0,1,1,0,0,0,0,6.12792E+20,5.27531E+21,1.05011E+16,4.76214E+16
82124,82125,9,4,79,169,2016,9,15,6,2,5,3,0,1,0,1,0,0,0,0,7.16855E+20,5.54729E+21,1.20285E+16,5.00384E+16
82125,82126,9,7,80,128,2016,9,14,5,3,5,3,0,0,1,1,0,0,0,0,6.09974E+20,5.27871E+21,1.04645E+16,4.76524E+16
82126,82127,9,4,77,142,2016,9,16,7,2,4,1,0,1,0,1,0,0,0,0,6.77792E+20,5.54723E+21,1.14836E+16,5.00507E+16
82127,82128,9,1,81,127,2016,9,10,2,3,9,1,0,1,0,0,0,0,1,0,6.3639E+20,5.32646E+21,1.08311E+16,4.80768E+16