FID,OBJECTID,ULAND,UREGBEZ,UKREIS,UGEMEINDE,UJAHR,UMONAT,USTUNDE,UWOCHENTAG,UKATEGORIE,UART,UTYP1,ULICHTVERH,IstStrasse,IstRad,IstPKW,IstFuss,IstKrad,IstGkfz,IstSonstig,LINREFX,LINREFY,XGCSWGS84,YGCSWGS84
82128,82129,9,7,74,121,2016,9,15,1,3,8,1,0,1,0,1,0,0,0,0,5.99674E+20,5.36525E+21,1.03475E+16,4.84325E+16
82129,82130,9,4,75,136,2016,9,13,6,3,8,6,0,0,0,1,0,1,0,0,6.92132E+20,5.57054E+21,1.16954E+16,5.02558E+16
82130,82131,9,7,73,125,2016,9,20,6,3,5,2,2,1,1,1,0,0,0,0,6.09801E+20,5.38169E+21,1.04887E+16,4.85786E+16
82131,82132,9,3,77,149,2016,9,20,5,3,8,1,2,0,0,1,0,0,0,0,7.26247E+20,5.52578E+21,1.21469E+16,4.98417E+16
82132,82133,9,3,77,115,2016,9,14,2,2,8,1,0,1,0,1,0,0,0,0,7.11583E+20,5.5355E+21,1.19485E+16,4.99343E+16
82133,82134,9,1,90,148,2016,9,15,1,3,4,6,0,1,0,1,0,0,0,0,6.42435E+20,5.29691E+21,1.09025E+16,4.78098E+16
82134,82135,9,1,71,125,2016,9,7,6,3,2,6,0,0,0,1,0,0,0,0,7.75176E+20,5.34876E+21,1.27059E+16,4.82323E+16
82135,82136,9,7,77,164,2016,9,17,5,3,2,6,0,0,0,1,0,0,0,0,6.22849E+20,5.31218E+21,1.06453E+16,4.79511E+16
82136,82137,9,1,84,114,2016,9,20,6,2,8,1,2,1,0,1,0,0,0,0,6.97917E+20,5.32333E+21,1.1655E+16,4.80325E+16
82137,82138,9,2,74,126,2016,9,19,2,3,8,1,2,1,0,1,0,0,0,0,7.34355E+20,5.38386E+21,1.21767E+16,4.8564E+16
82138,82139,9,7,71,156,2016,9,11,7,3,9,1,0,1,0,1,0,0,0,0,6.52064E+20,5.38347E+21,1.1062E+16,4.85859E+16
82139,82140,9,7,79,194,2016,9,17,5,3,1,2,0,0,0,1,0,0,0,0,6.11163E+20,5.41349E+21,1.05157E+16,4.88644E+16
82140,82141,9,6,78,138,2016,9,15,7,3,3,1,0,0,0,1,0,0,0,0,5.96223E+20,5.54104E+21,1.03431E+16,5.00139E+16
82141,82142,9,3,72,175,2016,9,12,7,3,2,6,0,1,0,1,0,0,0,0,7.66967E+20,5.46097E+21,1.26682E+16,4.92432E+16
82142,82143,9,7,61,0,2016,9,15,1,3,0,7,0,1,0,0,0,1,0,0,6.42144E+20,5.35758E+21,1.09188E+16,4.83554E+16
82143,82144,9,4,64,0,2016,9,16,6,3,5,3,0,0,1,1,0,0,0,0,7.07844E+20,5.57661E+21,1.19189E+16,5.03049E+16
82144,82145,9,5,64,0,2016,9,18,1,3,3,7,0,1,0,1,0,0,0,0,6.4777E+20,5.47647E+21,1.10377E+16,4.94229E+16
82145,82146,9,5,72,133,2016,9,16,1,3,5,6,0,1,0,1,0,0,0,0,6.38687E+20,5.49909E+21,1.09205E+16,4.96284E+16
82146,82147,9,2,73,133,2016,9,21,7,3,4,6,2,1,0,1,0,0,0,0,7.10959E+20,5.42482E+21,1.18809E+16,4.89403E+16
82147,82148,9,4,61,0,2016,9,16,1,3,1,6,0,1,0,1,0,0,0,0,6.37415E+20,5.53062E+21,1.0914E+16,4.99122E+16
82148,82149,9,1,61,0,2016,9,10,7,3,5,2,0,1,0,1,0,0,0,0,6.77238E+20,5.40412E+21,1.14119E+16,4.87648E+16
82149,82150,9,3,72,124,2016,9,17,5,3,8,1,0,0,0,0,0,1,0,0,7.84448E+20,5.46776E+21,1.29127E+16,4.92963E+16
82150,82151,9,1,76,160,2016,9,19,1,2,5,3,2,1,0,1,0,0,0,0,6.57026E+20,5.4207E+21,1.11435E+16,4.89193E+16
82151,82152,9,1,82,123,2016,9,10,6,2,2,6,0,0,0,0,0,0,1,0,7.15286E+20,5.30212E+21,1.18771E+16,4.78364E+16
82152,82153,9,7,71,129,2016,9,21,6,3,1,5,2,1,0,1,0,0,0,0,6.56996E+20,5.35499E+21,1.11182E+16,4.83286E+16
82153,82154,9,2,62,0,2016,9,0,7,3,1,1,2,1,0,1,0,0,0,0,8.25641E+20,5.38992E+21,1.34155E+16,4.85776E+16
82154,82155,9,3,75,174,2016,9,13,5,3,4,2,0,0,0,1,0,0,1,0,7.32491E+20,5.42939E+21,1.21772E+16,4.89737E+16
82155,82156,9,1,63,0,2016,9,14,1,3,1,6,0,1,0,1,0,0,0,0,7.32602E+20,5.30685E+21,1.21107E+16,4.78728E+16
82156,82157,9,1,87,159,2016,9,21,6,2,0,6,2,1,1,1,0,0,0,0,7.30761E+20,5.32533E+21,1.2096E+16,4.80395E+16
82157,82158,9,7,73,183,2016,9,16,5,3,4,2,0,0,0,1,0,0,0,0,6.03511E+20,5.38627E+21,1.04046E+16,4.86209E+16
82158,82159,9,1,87,170,2016,9,20,6,3,0,6,2,0,0,1,0,0,0,0,7.33778E+20,5.31957E+21,1.21333E+16,4.79867E+16
82159,82160,9,1,83,127,2016,9,11,2,3,9,1,0,1,0,1,0,0,0,0,7.55204E+20,5.34995E+21,1.24381E+16,4.82513E+16
82160,82161,9,6,71,152,2016,9,19,7,3,2,6,0,1,0,1,0,0,0,0,5.14632E+20,5.55048E+21,9.20462E+15,5.01064E+16
82161,82162,9,3,61,0,2016,9,13,7,2,0,1,0,1,0,0,0,1,0,0,7.06401E+20,5.48215E+21,1.18482E+16,4.94569E+16
82162,82163,9,7,61,0,2016,9,7,6,3,5,2,0,0,1,1,0,0,0,0,6.39076E+20,5.36095E+21,1.08785E+16,4.83864E+16
82163,82164,9,6,71,136,2016,9,10,1,3,0,7,0,1,0,0,0,1,0,0,5.03515E+20,5.54093E+21,9.04907E+15,5.00207E+16
82164,82165,9,4,79,136,2016,9,18,1,3,3,6,1,1,0,1,0,0,0,1,7.23119E+20,5.54361E+21,1.21137E+16,5.0003E+16
82165,82166,9,1,83,123,2016,9,20,7,3,5,3,2,1,0,1,0,0,0,0,7.37867E+20,5.34071E+21,1.21998E+16,4.8175E+16
82166,82167,9,3,72,116,2016,9,9,1,3,5,3,0,0,0,1,0,0,0,0,7.66656E+20,5.45626E+21,1.26608E+16,4.9201E+16
82167,82168,9,1,76,121,2016,9,18,7,3,8,1,0,1,0,1,0,0,0,0,6.54722E+20,5.41766E+21,1.11109E+16,4.88926E+16
82168,82169,9,3,75,175,2016,9,12,5,2,5,3,0,0,0,1,0,0,0,0,7.16025E+20,5.43449E+21,1.19552E+16,4.90254E+16
82169,82170,9,1,79,121,2016,9,22,1,3,0,1,2,1,0,0,0,1,0,0,6.6529E+20,5.33862E+21,1.12236E+16,4.81793E+16
82170,82171,9,7,72,147,2016,9,12,5,3,9,6,0,0,0,0,0,1,1,0,6.38722E+20,5.36328E+21,1.08745E+16,4.84074E+16
82171,82172,9,1,87,170,2016,9,12,6,2,2,2,0,0,0,1,0,1,0,0,7.32558E+20,5.31846E+21,1.21164E+16,4.79771E+16
82172,82173,9,1,87,150,2016,9,11,7,3,5,3,0,1,1,1,0,0,0,0,7.28972E+20,5.30417E+21,1.20608E+16,4.785E+16
82173,82174,9,1,86,162,2016,9,11,2,2,1,6,0,0,0,1,0,0,0,0,6.91233E+20,5.38301E+21,1.15924E+16,4.85709E+16
82174,82175,9,1,75,133,2016,9,19,2,3,2,2,2,1,0,1,0,0,0,0,7.07942E+20,5.34212E+21,1.17985E+16,4.81982E+16
82175,82176,9,5,71,135,2016,9,10,7,3,4,1,0,1,0,1,0,0,0,0,6.22314E+20,5.47359E+21,1.06859E+16,4.94027E+16
82176,82177,9,7,72,147,2016,9,16,5,3,1,6,0,0,0,1,0,0,0,0,6.36E+20,5.36442E+21,1.08381E+16,4.84183E+16
82177,82178,9,1,63,0,2016,9,15,6,3,0,1,0,0,0,0,0,1,0,0,7.33632E+20,5.30506E+21,1.21235E+16,4.78563E+16
82178,82179,9,1,87,130,2016,9,16,7,3,9,1,0,1,0,1,0,0,0,0,7.16479E+20,5.3128E+21,1.18984E+16,4.7932E+16
82179,82180,9,1,84,146,2016,9,12,2,3,9,1,0,1,0,1,0,0,0,0,6.95037E+20,5.32881E+21,1.16189E+16,4.80827E+16
82180,82181,9,5,76,141,2016,9,12,7,3,8,1,0,1,0,1,0,0,0,0,6.46084E+20,5.44602E+21,1.10033E+16,4.91496E+16
82181,82182,9,7,61,0,2016,9,6,6,3,5,2,0,0,1,1,0,0,0,0,6.37519E+20,5.35231E+21,1.08547E+16,4.83091E+16
82182,82183,9,5,76,127,2016,9,21,1,3,2,6,2,1,0,1,0,0,0,0,6.6285E+20,5.45272E+21,1.12358E+16,4.92057E+16
82183,82184,9,4,73,112,2016,9,17,6,3,2,6,0,0,0,1,0,0,0,0,6.38927E+20,5.56653E+21,1.09481E+16,5.02346E+16
82184,82185,9,4,77,128,2016,9,14,1,3,2,6,0,1,0,1,0,0,0,0,6.75164E+20,5.55328E+21,1.14496E+16,5.01059E+16
82185,82186,9,2,78,141,2016,9,18,1,3,8,1,1,1,0,1,0,0,0,0,7.59966E+20,5.42861E+21,1.25514E+16,4.89557E+16
82186,82187,9,1,88,144,2016,9,16,7,3,9,1,0,1,0,1,0,0,0,0,6.68088E+20,5.32899E+21,1.12574E+16,4.8092E+16
82187,82188,9,3,77,129,2016,9,14,2,3,8,1,0,1,0,1,0,0,0,0,7.06134E+20,5.5264E+21,1.18678E+16,4.98545E+16
82188,82189,9,3,73,134,2016,9,7,5,2,4,6,0,0,0,1,0,0,0,0,7.08039E+20,5.45291E+21,1.18555E+16,4.91936E+16
82189,82190,9,1,62,0,2016,9,5,4,3,2,6,2,0,0,1,0,0,0,0,6.84613E+20,5.34267E+21,1.14851E+16,4.82104E+16
82190,82191,9,7,61,0,2016,9,14,5,3,5,3,0,0,1,1,0,0,0,0,6.43467E+20,5.36144E+21,1.0938E+16,4.83898E+16
82191,82192,9,1,76,165,2016,9,6,2,3,0,1,1,1,0,1,0,0,0,0,6.65083E+20,5.42213E+21,1.12539E+16,4.893E+16
82192,82193,9,1,62,0,2016,9,16,1,3,5,6,0,1,0,1,0,0,0,0,6.89011E+20,5.34163E+21,1.15437E+16,4.81998E+16
82193,82194,9,4,73,112,2016,9,18,6,3,2,6,0,0,0,1,0,0,0,0,6.38481E+20,5.56651E+21,1.09418E+16,5.02345E+16
82194,82195,9,7,71,155,2016,9,21,6,3,9,1,2,1,0,1,0,0,0,0,6.46604E+20,5.37512E+21,1.09851E+16,4.85121E+16
82195,82196,9,3,73,147,2016,9,16,5,3,2,6,0,0,0,1,0,0,0,1,6.73192E+20,5.46436E+21,1.13827E+16,4.93074E+16
82196,82197,9,4,71,145,2016,9,13,2,2,5,3,0,1,0,1,0,0,0,0,6.45868E+20,5.52273E+21,1.10287E+16,4.98392E+16
82197,82198,9,1,82,120,2016,9,18,6,3,9,7,0,0,0,1,0,0,0,0,7.01772E+20,5.3059E+21,1.16985E+16,4.78747E+16
82198,82199,9,2,62,0,2016,9,12,1,3,0,2,0,1,0,0,0,1,0,0,8.28589E+20,5.39002E+21,1.34554E+16,4.8577E+16
82199,82200,9,7,71,113,2016,9,7,6,2,0,7,0,0,1,0,0,0,0,0,6.59744E+20,5.36461E+21,1.11589E+16,4.84144E+16
82200,82201,9,4,77,128,2016,9,2,6,2,9,1,2,0,0,1,0,0,0,0,6.73636E+20,5.55231E+21,1.14279E+16,5.00976E+16
82201,82202,9,2,75,153,2016,9,12,1,3,4,1,0,1,0,1,0,0,0,0,8.42572E+20,5.38998E+21,1.36443E+16,4.85691E+16
82202,82203,9,1,88,139,2016,9,17,7,3,5,3,0,1,1,1,0,0,0,0,6.74933E+20,5.31925E+21,1.13453E+16,4.80026E+16
82203,82204,9,3,76,153,2016,9,15,2,3,8,1,0,0,0,1,0,0,0,0,7.30257E+20,5.48542E+21,1.21788E+16,4.94777E+16
82204,82205,9,3,71,151,2016,9,6,5,2,4,2,2,0,0,1,0,1,0,0,7.01239E+20,5.48579E+21,1.17789E+16,4.94913E+16
82205,82206,9,7,77,158,2016,9,21,7,2,9,1,2,1,0,1,0,0,0,0,6.19185E+20,5.30793E+21,1.05951E+16,4.79136E+16
82206,82207,9,6,79,193,2016,9,13,5,2,0,7,0,0,0,1,0,0,1,0,5.75649E+20,5.51205E+21,1.00503E+16,4.97562E+16
82207,82208,9,4,74,121,2016,9,12,7,3,5,3,0,1,0,1,0,0,0,0,6.57345E+20,5.51593E+21,1.11854E+16,4.97752E+16
82208,82209,9,1,78,130,2016,9,6,7,3,4,1,1,1,0,1,0,0,0,1,7.01068E+20,5.353E+21,1.17112E+16,4.82982E+16
82209,82210,9,7,74,171,2016,9,21,1,2,5,3,2,1,0,1,0,0,0,0,6.01764E+20,5.37137E+21,1.03772E+16,4.84872E+16
82210,82211,9,4,62,0,2016,9,21,6,3,5,3,2,0,1,0,0,0,0,0,6.84464E+20,5.5353E+21,1.15709E+16,4.99415E+16
82211,82212,9,7,71,113,2016,9,12,6,3,8,7,0,0,0,0,0,1,0,0,6.57138E+20,5.36685E+21,1.11245E+16,4.84352E+16
82212,82213,9,2,78,190,2016,9,12,7,3,2,6,0,1,0,1,0,0,0,0,7.65107E+20,5.42827E+21,1.26213E+16,4.89505E+16
82213,82214,9,3,61,0,2016,9,14,5,3,2,6,0,0,0,1,0,0,0,0,7.08179E+20,5.47974E+21,1.18715E+16,4.94346E+16
82214,82215,9,1,89,154,2016,9,10,1,3,0,1,0,1,0,0,0,1,0,1,7.68358E+20,5.31557E+21,1.25934E+16,4.79372E+16
82215,82216,9,1,61,0,2016,9,20,6,3,4,6,2,0,1,0,0,0,0,0,6.74846E+20,5.40547E+21,1.138E+16,4.87777E+16
82216,82217,9,6,77,132,2016,9,15,5,3,5,3,0,0,0,1,0,0,1,0,5.56263E+20,5.54069E+21,9.78532E+15,5.00159E+16
82217,82218,9,1,61,0,2016,9,11,6,3,2,6,0,0,0,1,0,0,0,0,6.80723E+20,5.40408E+21,1.14593E+16,4.87634E+16
82218,82219,9,1,90,145,2016,9,14,2,2,4,6,0,1,0,1,0,0,0,0,6.45573E+20,5.29141E+21,1.09425E+16,4.77596E+16
82219,82220,9,6,71,156,2016,9,19,7,3,8,1,2,1,0,1,0,0,0,0,5.24795E+20,5.53184E+21,9.34554E+15,4.99384E+16
82220,82221,9,3,76,175,2016,9,12,7,3,4,1,0,1,0,1,0,0,0,0,7.2908E+20,5.4671E+21,1.2152E+16,4.93136E+16
82221,82222,9,6,79,209,2016,9,18,6,3,2,6,0,0,0,1,0,0,0,0,5.62726E+20,5.51828E+21,9.87189E+15,4.98137E+16
82222,82223,9,2,72,142,2016,9,7,2,3,9,1,0,1,0,1,0,0,0,0,8.20659E+20,5.4133E+21,1.33663E+16,4.87899E+16
82223,82224,9,7,61,0,2016,9,1,7,2,8,1,2,1,0,1,0,0,0,0,6.42812E+20,5.36028E+21,1.09287E+16,4.83795E+16
82224,82225,9,6,75,141,2016,9,9,5,3,2,2,0,0,0,1,0,0,0,0,5.84878E+20,5.51107E+21,1.01782E+16,4.97461E+16
82225,82226,9,3,72,126,2016,9,13,7,3,1,6,0,1,0,1,0,0,0,0,7.7952E+20,5.47034E+21,1.28468E+16,4.93217E+16
82226,82227,9,7,61,0,2016,9,13,1,3,0,1,0,1,0,1,0,0,0,0,6.40035E+20,5.35571E+21,1.08897E+16,4.83391E+16
82227,82228,9,4,74,123,2016,9,13,6,3,0,3,0,0,0,1,0,1,0,0,6.46595E+20,5.51512E+21,1.10359E+16,4.97706E+16
82228,82229,9,2,75,116,2016,9,19,7,3,5,2,2,1,0,1,0,0,0,0,8.18728E+20,5.36369E+21,1.3302E+16,4.83458E+16
82229,82230,9,2,76,134,2016,9,21,5,3,5,3,2,0,0,1,0,0,0,0,7.9116E+20,5.43667E+21,1.29823E+16,4.90141E+16
82230,82231,9,1,76,120,2016,9,1,1,2,8,1,2,1,0,1,0,0,0,0,6.80887E+20,5.42131E+21,1.14691E+16,4.89183E+16
82231,82232,9,1,86,162,2016,9,21,6,3,8,1,2,1,0,1,0,0,0,0,6.90553E+20,5.38866E+21,1.15858E+16,4.86219E+16
82232,82233,9,6,75,174,2016,9,5,5,3,5,2,1,0,0,0,0,1,0,0,5.88807E+20,5.52335E+21,1.02355E+16,4.98559E+16
82233,82234,9,1,86,122,2016,9,17,6,3,3,1,0,0,0,1,0,1,0,0,6.92093E+20,5.39702E+21,1.16106E+16,4.86966E+16
82234,82235,9,1,89,157,2016,9,15,2,3,5,3,0,1,0,1,0,0,0,0,7.65599E+20,5.32519E+21,1.25625E+16,4.80247E+16
82235,82236,9,5,74,112,2016,9,19,7,3,2,6,1,1,0,1,0,0,0,0,6.72918E+20,5.47187E+21,1.13822E+16,4.9375E+16
82236,82237,9,6,79,154,2016,9,6,6,3,7,7,1,1,1,0,0,0,0,0,5.61783E+20,5.5103E+21,9.85751E+15,4.9742E+16
82237,82238,9,5,72,143,2016,9,9,1,3,8,1,0,1,0,1,0,0,0,0,6.27505E+20,5.51094E+21,1.07696E+16,4.97374E+16
82238,82239,9,3,63,0,2016,9,16,6,3,2,6,0,0,0,1,0,0,0,0,7.26012E+20,5.50965E+21,1.21342E+16,4.96969E+16
82239,82240,9,4,78,120,2016,9,12,1,3,8,1,0,1,0,1,0,0,0,0,6.35391E+20,5.54849E+21,1.08921E+16,5.00733E+16
82240,82241,9,1,89,133,2016,9,22,7,3,2,6,2,1,0,1,0,0,0,0,7.53673E+20,5.3221E+21,1.2401E+16,4.80018E+16
82241,82242,9,3,76,161,2016,9,15,1,3,8,6,0,1,0,1,0,0,0,0,7.25301E+20,5.46433E+21,1.20986E+16,4.92901E+16
82242,82243,9,1,79,126,2016,9,20,7,3,1,5,2,1,0,1,0,0,0,0,6.7637E+20,5.34039E+21,1.13733E+16,4.81923E+16
82243,82244,9,6,72,135,2016,9,11,1,2,8,1,0,1,0,1,0,0,0,0,5.84602E+20,5.56599E+21,1.01864E+16,5.024E+16
82244,82245,9,3,63,0,2016,9,11,6,2,5,3,0,0,0,1,0,0,0,1,7.2791E+20,5.50749E+21,1.21593E+16,4.96768E+16
82245,82246,9,5,77,161,2016,9,15,1,2,5,3,0,1,0,1,0,0,0,0,6.50602E+20,5.4407E+21,1.10633E+16,4.91007E+16
82246,82247,9,1,90,111,2016,9,8,7,3,8,1,0,1,0,1,0,0,0,0,6.38136E+20,5.29599E+21,1.08448E+16,4.78024E+16
82247,82248,9,3,63,0,2016,9,9,1,3,1,6,0,0,0,1,0,0,0,1,7.27981E+20,5.50741E+21,1.21602E+16,4.9676E+16
82248,82249,9,1,74,131,2016,9,11,7,3,8,1,0,1,0,1,0,0,0,0,6.76118E+20,5.36296E+21,1.13793E+16,4.83951E+16
82249,82250,9,2,76,117,2016,9,11,5,2,8,1,0,0,1,0,0,0,0,0,8.01939E+20,5.44321E+21,1.31342E+16,4.90676E+16
82250,82251,9,1,81,127,2016,9,1,1,3,2,6,2,1,0,1,0,0,0,1,6.34679E+20,5.32282E+21,1.0807E+16,4.80444E+16
82251,82252,9,6,72,131,2016,9,14,5,2,2,6,0,0,0,1,0,0,1,0,5.86362E+20,5.56082E+21,1.02099E+16,5.01933E+16
82252,82253,9,1,74,146,2016,9,22,6,2,2,6,2,1,0,1,0,0,0,1,6.68628E+20,5.34986E+21,1.12729E+16,4.82795E+16
82253,82254,9,1,87,150,2016,9,17,7,3,8,1,0,1,0,1,0,0,0,0,7.25567E+20,5.30406E+21,1.20153E+16,4.78503E+16
82254,82255,9,1,87,142,2016,9,8,2,3,5,3,0,1,0,1,0,0,0,0,7.3335E+20,5.3085E+21,1.21216E+16,4.78873E+16
82255,82256,9,1,74,131,2016,9,17,2,3,2,6,0,1,0,1,0,0,0,0,6.76857E+20,5.35727E+21,1.13869E+16,4.83439E+16
82256,82257,9,5,76,122,2016,9,7,7,3,8,1,0,1,0,1,0,0,0,0,6.74208E+20,5.4347E+21,1.13838E+16,4.90406E+16
82257,82258,9,6,75,174,2016,9,18,6,3,2,6,1,0,0,1,0,0,0,0,5.88396E+20,5.52332E+21,1.02298E+16,4.98557E+16
82258,82259,9,3,74,122,2016,9,16,6,3,9,1,0,0,0,0,0,1,0,0,7.44035E+20,5.5165E+21,1.2388E+16,4.97514E+16
82259,82260,9,2,71,141,2016,9,13,1,3,0,1,0,1,0,0,0,1,0,0,7.9713E+20,5.40091E+21,1.30378E+16,4.86904E+16
82260,82261,9,1,84,130,2016,9,9,7,3,2,6,0,1,0,1,0,0,1,1,6.97169E+20,5.34258E+21,1.16539E+16,4.82058E+16
82261,82262,9,3,73,112,2016,9,19,2,2,8,1,1,1,0,1,0,0,0,0,6.7568E+20,5.44275E+21,1.14074E+16,4.91125E+16
82262,82263,9,7,74,185,2016,9,16,7,3,0,1,0,1,0,0,0,1,0,0,6.08503E+20,5.34993E+21,1.04629E+16,4.82933E+16
82263,82264,9,6,78,150,2016,9,18,5,3,8,1,0,0,0,1,0,0,0,0,5.89711E+20,5.5274E+21,1.0249E+16,4.98923E+16
82264,82265,9,4,75,142,2016,9,5,7,3,4,6,2,1,1,0,0,0,0,0,7.03305E+20,5.57208E+21,1.18528E+16,5.02659E+16
82265,82266,9,1,88,145,2016,9,7,2,3,2,6,0,1,0,1,0,1,0,0,6.63316E+20,5.32803E+21,1.1193E+16,4.80846E+16
82266,82267,9,2,75,154,2016,9,18,5,3,4,2,0,0,1,1,0,0,0,0,8.03975E+20,5.39089E+21,1.31232E+16,4.85972E+16
82267,82268,9,1,79,125,2016,9,11,1,3,5,3,0,1,0,1,0,0,0,0,6.61558E+20,5.33237E+21,1.11711E+16,4.81241E+16
82268,82269,9,6,62,0,2016,9,16,5,2,5,3,0,0,1,1,0,0,0,0,5.88788E+20,5.54388E+21,1.024E+16,5.00406E+16
82269,82270,9,1,61,0,2016,9,14,2,3,2,1,0,0,0,1,0,0,0,0,6.80502E+20,5.40505E+21,1.14567E+16,4.87723E+16
82270,82271,9,1,75,122,2016,9,12,2,3,5,3,0,1,0,1,0,0,0,1,7.21173E+20,5.32533E+21,1.19676E+16,4.80429E+16
82271,82272,9,3,75,148,2016,9,14,6,1,5,3,0,0,0,0,0,1,0,0,6.99166E+20,5.43683E+21,1.1726E+16,4.90521E+16
82272,82273,9,6,77,148,2016,9,15,6,3,2,6,0,0,0,0,0,1,0,1,5.54552E+20,5.53392E+21,9.76048E+15,4.99552E+16
82273,82274,9,3,75,213,2016,9,16,6,3,5,3,0,0,1,1,0,0,0,0,7.26863E+20,5.44059E+21,1.21066E+16,4.90763E+16
82274,82275,9,2,75,159,2016,9,12,5,3,5,3,0,0,0,1,0,1,0,0,8.11351E+20,5.3942E+21,1.32255E+16,4.86233E+16
82275,82276,9,1,62,0,2016,9,6,6,3,2,6,0,0,0,1,0,0,0,0,6.8723E+20,5.33318E+21,1.15161E+16,4.81243E+16
82276,82277,9,2,62,0,2016,9,0,1,3,9,1,2,1,0,1,0,0,0,0,8.3199E+20,5.39128E+21,1.35024E+16,4.85865E+16
82277,82278,9,2,75,153,2016,9,17,2,3,4,1,0,1,0,1,0,0,0,0,8.43012E+20,5.39514E+21,1.36545E+16,4.86152E+16
82278,82279,9,2,62,0,2016,9,14,5,3,2,2,0,0,0,1,0,0,0,1,8.25383E+20,5.38945E+21,1.34116E+16,4.85735E+16
82279,82280,9,7,73,122,2016,9,9,7,2,2,3,0,0,0,1,0,1,0,0,6.2671E+20,5.38455E+21,1.07187E+16,4.86012E+16
82280,82281,9,6,72,113,2016,9,9,5,3,2,6,0,0,0,1,0,0,0,0,5.59656E+20,5.57405E+21,9.83791E+15,5.03156E+16
82281,82282,9,3,74,133,2016,9,6,7,3,8,1,1,1,0,1,0,0,0,0,7.26017E+20,5.4965E+21,1.21267E+16,4.95788E+16
82282,82283,9,1,84,132,2016,9,6,6,3,3,6,1,0,1,1,0,0,0,0,6.82092E+20,5.32841E+21,1.14451E+16,4.8083E+16
82283,82284,9,7,80,115,2016,9,1,1,2,5,3,2,1,0,1,0,1,0,0,5.94662E+20,5.265E+21,1.02577E+16,4.75316E+16
82284,82285,9,3,71,131,2016,9,15,6,2,8,7,0,0,0,1,0,0,0,0,6.97838E+20,5.47724E+21,1.17278E+16,4.94157E+16
82285,82286,9,6,72,113,2016,9,13,6,3,2,6,0,0,0,1,0,0,1,0,5.55617E+20,5.57539E+21,9.78137E+15,5.03279E+16
82286,82287,9,2,78,178,2016,9,22,7,3,1,7,2,1,0,1,0,1,0,0,7.7386E+20,5.44384E+21,1.27511E+16,4.90864E+16
82287,82288,9,1,62,0,2016,9,11,1,3,2,6,0,1,0,1,0,0,0,0,6.88511E+20,5.33488E+21,1.1534E+16,4.81392E+16
82288,82289,9,3,71,135,2016,9,15,6,2,0,1,0,0,1,0,0,0,0,0,6.94713E+20,5.49988E+21,1.16959E+16,4.96201E+16
82289,82290,9,6,72,139,2016,9,16,6,3,2,1,0,0,0,1,0,0,0,0,5.67897E+20,5.561E+21,9.95131E+15,5.01973E+16
82290,82291,9,2,61,0,2016,9,15,5,3,4,2,0,0,0,1,0,0,0,0,7.32105E+20,5.37996E+21,1.2144E+16,4.85298E+16
82291,82292,9,3,74,162,2016,9,16,2,2,5,6,0,0,0,1,0,0,0,0,7.40471E+20,5.50049E+21,1.23288E+16,4.9609E+16
82292,82293,9,2,73,111,2016,9,12,1,3,8,1,0,1,0,1,0,0,0,0,7.0912E+20,5.41085E+21,1.18487E+16,4.88154E+16
82293,82294,9,1,88,117,2016,9,19,6,3,8,1,2,1,0,0,0,1,0,0,6.66977E+20,5.31242E+21,1.1236E+16,4.79434E+16
82294,82295,9,6,76,121,2016,9,17,5,2,8,1,0,0,0,0,0,1,0,0,5.15805E+20,5.5188E+21,9.21972E+15,4.98214E+16
82295,82296,9,1,79,123,2016,9,21,6,3,5,2,2,1,0,1,0,0,0,0,6.77443E+20,5.33197E+21,1.13842E+16,4.81162E+16
82296,82297,9,2,74,146,2016,9,11,2,3,5,3,0,1,0,1,0,0,0,0,7.33466E+20,5.37649E+21,1.21605E+16,4.84981E+16
82297,82298,9,7,71,156,2016,9,7,7,3,9,1,0,1,0,1,0,0,0,0,6.52554E+20,5.38344E+21,1.10686E+16,4.85854E+16
82298,82299,9,6,76,156,2016,9,17,5,3,2,6,0,0,0,1,0,1,0,0,5.16934E+20,5.49892E+21,9.23455E+15,4.96426E+16
82299,82300,9,6,72,149,2016,9,23,7,3,3,1,2,1,0,1,0,0,0,0,5.63722E+20,5.56439E+21,9.89338E+15,5.02283E+16
82300,82301,9,3,73,126,2016,9,11,7,3,3,2,0,1,0,1,0,0,0,1,6.70989E+20,5.44954E+21,1.13461E+16,4.91748E+16
82301,82302,9,7,61,0,2016,9,21,1,3,5,2,2,1,0,1,0,0,0,0,6.419E+20,5.35764E+21,1.09155E+16,4.83559E+16
82302,82303,9,3,61,0,2016,9,16,6,3,0,3,0,0,1,1,0,0,0,0,7.08161E+20,5.47991E+21,1.18713E+16,4.94362E+16
82303,82304,9,5,63,0,2016,9,13,1,3,0,6,0,1,0,1,0,0,0,0,6.43E+20,5.48681E+21,1.09757E+16,4.9517E+16
82304,82305,9,5,64,0,2016,9,19,1,3,1,6,1,1,0,1,0,0,0,0,6.57906E+20,5.47329E+21,1.11761E+16,4.93918E+16
82305,82306,9,2,74,146,2016,9,12,7,3,2,6,0,1,0,1,0,0,0,1,7.33463E+20,5.37727E+21,1.21609E+16,4.85051E+16
82306,82307,9,4,74,147,2016,9,23,1,3,9,7,2,1,0,1,0,0,0,0,6.56213E+20,5.51005E+21,1.11673E+16,4.97226E+16
82307,82308,9,1,84,121,2016,9,19,7,3,9,7,2,1,0,1,0,0,0,0,7.04951E+20,5.3321E+21,1.17534E+16,4.81091E+16