FID,OBJECTID,ULAND,UREGBEZ,UKREIS,UGEMEINDE,UJAHR,UMONAT,USTUNDE,UWOCHENTAG,UKATEGORIE,UART,UTYP1,ULICHTVERH,IstStrasse,IstRad,IstPKW,IstFuss,IstKrad,IstGkfz,IstSonstig,LINREFX,LINREFY,XGCSWGS84,YGCSWGS84
82308,82309,9,2,61,0,2016,9,17,5,3,3,6,0,0,0,1,0,0,1,0,7.32283E+20,5.38065E+21,1.21468E+16,4.85359E+16
82309,82310,9,1,86,147,2016,9,16,1,2,5,2,0,1,0,1,0,0,0,0,6.80831E+20,5.39331E+21,1.14561E+16,4.86666E+16
82310,82311,9,1,71,123,2016,9,6,2,3,9,1,1,1,0,0,0,0,1,0,7.85247E+20,5.35287E+21,1.28439E+16,4.82647E+16
82311,82312,9,6,79,135,2016,9,16,2,3,0,7,0,1,0,0,0,1,0,0,5.7666E+20,5.49235E+21,1.00604E+16,4.95788E+16
82312,82313,9,7,73,136,2016,9,21,5,3,1,5,2,0,0,1,0,0,0,0,6.00805E+20,5.37412E+21,1.03649E+16,4.85121E+16
82313,82314,9,2,63,0,2016,9,7,4,3,5,3,0,0,0,1,0,1,0,0,7.6205E+20,5.41918E+21,1.25738E+16,4.88701E+16
82314,82315,9,2,79,132,2016,9,7,3,3,2,6,0,0,0,1,0,0,0,0,7.6686E+20,5.40028E+21,1.2627E+16,4.86984E+16
82315,82316,9,2,74,184,2016,9,17,4,3,8,1,0,0,0,0,0,1,0,0,7.44671E+20,5.36932E+21,1.23077E+16,4.84294E+16
82316,82317,9,7,75,129,2016,9,16,3,3,3,3,0,0,0,1,0,1,0,0,5.8187E+20,5.34244E+21,1.01024E+16,4.82299E+16
82317,82318,9,2,78,148,2016,9,6,5,3,0,7,0,0,0,1,0,0,0,0,7.35533E+20,5.40476E+21,1.22045E+16,4.87513E+16
82318,82319,9,4,74,121,2016,9,16,6,2,2,6,0,0,0,1,0,1,0,0,6.57477E+20,5.51681E+21,1.11876E+16,4.9783E+16
82319,82320,9,2,74,185,2016,9,9,6,3,2,6,0,0,0,1,0,0,0,1,7.32003E+20,5.37109E+21,1.21377E+16,4.84501E+16
82320,82321,9,1,62,0,2016,9,9,4,1,3,2,0,0,1,0,0,0,1,0,6.88289E+20,5.3402E+21,1.15334E+16,4.81871E+16
82321,82322,9,1,82,123,2016,9,16,6,2,5,3,0,0,0,1,0,0,0,0,7.18746E+20,5.30269E+21,1.19235E+16,4.78403E+16
82322,82323,9,4,73,175,2016,9,4,5,3,6,4,2,0,0,1,1,0,0,0,6.33887E+20,5.56703E+21,1.08776E+16,5.02403E+16
82323,82324,9,6,77,157,2016,9,5,2,3,2,6,2,1,0,1,0,0,0,0,5.40179E+20,5.51926E+21,9.5586E+15,4.98244E+16
82324,82325,9,6,73,186,2016,9,7,5,2,4,1,0,0,0,1,0,0,0,0,5.85675E+20,5.56929E+21,1.02022E+16,5.02695E+16
82325,82326,9,2,79,130,2016,9,9,3,3,6,7,0,1,0,1,0,0,0,1,7.50562E+20,5.39234E+21,1.24011E+16,4.86339E+16
82326,82327,9,2,74,176,2016,9,6,4,3,5,3,1,0,0,1,0,0,0,0,7.23333E+20,5.39745E+21,1.20348E+16,4.86901E+16
82327,82328,9,4,75,156,2016,9,8,5,1,9,1,0,0,0,1,0,0,0,0,6.88578E+20,5.57485E+21,1.16477E+16,5.02956E+16
82328,82329,9,6,79,144,2016,9,6,6,3,2,6,0,0,0,1,0,0,0,0,5.47021E+20,5.51274E+21,9.65293E+15,4.97653E+16
82329,82330,9,7,77,147,2016,9,12,3,3,8,6,0,0,0,1,0,0,0,0,6.3257E+20,5.28336E+21,1.07667E+16,4.769E+16
82330,82331,9,6,72,127,2016,9,11,6,3,2,2,0,0,0,1,0,1,0,0,5.6328E+20,5.55163E+21,9.88507E+15,5.01136E+16
82331,82332,9,2,63,0,2016,9,14,5,3,2,6,0,0,0,1,0,0,0,0,7.62435E+20,5.42226E+21,1.2581E+16,4.88977E+16
82332,82333,9,6,78,135,2016,9,6,4,3,2,6,1,0,0,1,0,0,0,0,5.94946E+20,5.54196E+21,1.03255E+16,5.00224E+16
82333,82334,9,2,78,118,2016,9,1,5,3,8,1,2,0,0,1,0,0,0,0,7.68722E+20,5.4249E+21,1.26683E+16,4.89186E+16
82334,82335,9,3,72,126,2016,9,21,6,3,4,6,2,0,0,1,0,0,0,1,7.80008E+20,5.46705E+21,1.28512E+16,4.92919E+16
82335,82336,9,6,62,0,2016,9,16,4,3,8,1,0,0,1,1,0,0,0,0,5.88151E+20,5.54483E+21,1.02313E+16,5.00492E+16
82336,82337,9,2,79,134,2016,9,17,6,3,5,3,0,0,1,1,0,0,0,0,7.65379E+20,5.38543E+21,1.25974E+16,4.85657E+16
82337,82338,9,7,75,162,2016,9,17,4,1,4,6,0,0,0,1,0,1,0,0,5.79225E+20,5.34729E+21,1.00677E+16,4.82739E+16
82338,82339,9,1,85,158,2016,9,18,6,3,5,3,0,0,1,1,0,0,0,0,6.66107E+20,5.38152E+21,1.12515E+16,4.85648E+16
82339,82340,9,4,77,119,2016,9,20,5,2,2,6,2,0,0,1,0,0,1,0,6.86009E+20,5.54477E+21,1.1597E+16,5.00261E+16
82340,82341,9,6,75,131,2016,9,6,2,2,6,4,0,0,0,1,1,0,0,0,5.8929E+20,5.51223E+21,1.02396E+16,4.9756E+16
82341,82342,9,6,71,111,2016,9,7,5,3,2,6,0,0,0,1,0,0,0,0,5.06544E+20,5.54975E+21,9.09151E+15,5.01E+16
82342,82343,9,1,83,148,2016,9,15,3,3,4,2,0,0,0,1,0,1,1,0,7.52423E+20,5.34558E+21,1.23981E+16,4.82131E+16
82343,82344,9,6,75,141,2016,9,10,6,3,4,2,0,0,0,1,0,1,0,0,5.83754E+20,5.50843E+21,1.0162E+16,4.97226E+16
82344,82345,9,7,63,0,2016,9,6,3,3,0,1,2,1,1,0,0,0,0,0,5.99279E+20,5.2846E+21,1.03234E+16,4.77071E+16
82345,82346,9,5,74,138,2016,9,19,6,3,6,4,1,0,0,1,1,0,0,0,6.64469E+20,5.48648E+21,1.12719E+16,4.95086E+16
82346,82347,9,6,71,152,2016,9,17,4,3,0,6,0,0,0,1,0,0,0,1,5.16704E+20,5.54937E+21,9.23354E+15,5.00963E+16
82347,82348,9,2,78,149,2016,9,18,5,2,2,6,0,0,1,0,0,1,0,0,7.80788E+20,5.41914E+21,1.28287E+16,4.88616E+16
82348,82349,9,5,76,148,2016,9,19,4,2,2,6,1,0,0,1,0,0,1,0,6.67344E+20,5.43876E+21,1.12916E+16,4.90789E+16
82349,82350,9,6,75,170,2016,9,16,2,3,8,1,0,1,0,1,0,0,0,0,5.81093E+20,5.50541E+21,1.01245E+16,4.96958E+16
82350,82351,9,7,72,209,2016,9,17,4,3,5,2,0,0,1,1,0,0,0,0,6.34832E+20,5.33574E+21,1.08132E+16,4.81606E+16
82351,82352,9,2,61,0,2016,9,18,4,3,6,4,1,0,0,0,1,0,0,1,7.31765E+20,5.38127E+21,1.21402E+16,4.85417E+16
82352,82353,9,1,84,144,2016,9,16,5,3,8,1,0,0,0,0,0,1,0,0,6.87789E+20,5.3187E+21,1.15172E+16,4.7994E+16
82353,82354,9,7,80,137,2016,9,18,3,3,0,1,0,0,1,0,0,0,0,0,5.96851E+20,5.27243E+21,1.02884E+16,4.75981E+16
82354,82355,9,6,73,141,2016,9,15,2,2,9,1,0,1,0,1,0,0,0,0,6.03653E+20,5.57224E+21,1.04552E+16,5.02932E+16
82355,82356,9,5,64,0,2016,9,6,5,3,2,6,0,0,0,1,0,0,0,0,6.44593E+20,5.478E+21,1.09945E+16,4.94375E+16
82356,82357,9,1,89,155,2016,9,7,3,3,5,3,0,1,0,0,0,0,1,1,7.71613E+20,5.30975E+21,1.26332E+16,4.78836E+16
82357,82358,9,1,74,151,2016,9,6,6,3,5,2,1,0,0,1,0,1,0,0,6.78724E+20,5.36142E+21,1.14138E+16,4.83806E+16
82358,82359,9,7,80,124,2016,9,19,3,3,8,1,1,0,0,1,0,0,0,0,5.88035E+20,5.2689E+21,1.01704E+16,4.75676E+16
82359,82360,9,5,65,0,2016,9,8,5,2,5,3,0,0,1,0,0,0,0,1,6.47701E+20,5.46567E+21,1.10327E+16,4.93259E+16
82360,82361,9,5,77,136,2016,9,16,5,3,1,1,0,0,0,1,0,0,0,0,6.27607E+20,5.44305E+21,1.07491E+16,4.9127E+16
82361,82362,9,1,89,162,2016,9,16,3,3,2,6,0,0,0,1,0,0,0,0,7.77057E+20,5.31435E+21,1.27088E+16,4.79225E+16
82362,82363,9,5,64,0,2016,9,21,6,3,2,6,2,0,0,1,0,0,0,1,6.48838E+20,5.47899E+21,1.10533E+16,4.94453E+16
82363,82364,9,5,74,152,2016,9,14,4,3,3,6,0,0,0,1,0,0,1,0,6.61577E+20,5.48146E+21,1.123E+16,4.94643E+16
82364,82365,9,1,76,112,2016,9,7,5,3,9,1,0,0,0,1,0,0,0,0,6.95404E+20,5.41833E+21,1.16657E+16,4.88871E+16
82365,82366,9,2,78,147,2016,9,20,5,2,4,6,2,0,0,1,0,0,0,0,7.66159E+20,5.44404E+21,1.26459E+16,4.90916E+16
82366,82367,9,6,78,178,2016,9,12,2,3,2,2,0,0,0,1,0,0,0,0,5.89612E+20,5.54351E+21,1.02514E+16,5.00371E+16
82367,82368,9,7,77,112,2016,9,14,5,1,2,2,0,0,0,1,0,0,0,1,6.23438E+20,5.29601E+21,1.06486E+16,4.78056E+16
82368,82369,9,2,61,0,2016,9,14,4,3,5,3,0,0,0,1,0,0,0,0,7.31009E+20,5.38361E+21,1.21312E+16,4.8563E+16
82369,82370,9,1,89,120,2016,9,11,3,3,1,3,0,1,1,1,0,0,0,0,7.58237E+20,5.29742E+21,1.24473E+16,4.77783E+16
82370,82371,9,2,61,0,2016,9,15,4,2,8,1,0,0,0,1,0,0,0,0,7.36318E+20,5.3838E+21,1.22032E+16,4.85627E+16
82371,82372,9,7,73,125,2016,9,16,3,3,2,6,0,0,0,1,0,0,0,0,6.09435E+20,5.38173E+21,1.04837E+16,4.85791E+16
82372,82373,9,5,77,172,2016,9,15,5,2,8,1,0,0,0,0,0,1,0,0,6.33044E+20,5.43678E+21,1.08215E+16,4.90695E+16
82373,82374,9,1,71,127,2016,9,17,3,3,8,1,0,0,0,1,0,0,0,0,7.66195E+20,5.35576E+21,1.25896E+16,4.8299E+16
82374,82375,9,2,75,138,2016,9,13,5,3,5,3,0,0,0,1,0,0,0,0,8.1056E+20,5.38856E+21,1.32106E+16,4.85731E+16
82375,82376,9,4,74,123,2016,9,12,6,3,0,1,0,0,0,0,0,1,0,0,6.53032E+20,5.51936E+21,1.11269E+16,4.98072E+16
82376,82377,9,5,72,131,2016,9,6,4,3,7,1,2,0,0,1,0,0,0,0,6.54509E+20,5.48571E+21,1.11341E+16,4.95043E+16
82377,82378,9,2,75,128,2016,9,7,6,3,8,6,0,0,0,1,0,0,0,0,8.28511E+20,5.39945E+21,1.34618E+16,4.86616E+16
82378,82379,9,1,62,0,2016,9,18,4,3,6,4,0,0,0,0,1,1,0,0,6.93025E+20,5.33133E+21,1.1593E+16,4.81059E+16
82379,82380,9,3,76,141,2016,9,13,6,2,5,3,0,0,1,0,0,0,0,1,7.24676E+20,5.45049E+21,1.20822E+16,4.91661E+16
82380,82381,9,1,84,148,2016,9,13,6,3,3,6,0,0,0,1,0,0,0,0,6.93408E+20,5.32685E+21,1.15961E+16,4.80656E+16
82381,82382,9,4,76,175,2016,9,12,6,2,8,7,0,0,0,1,0,0,0,0,6.63482E+20,5.58712E+21,1.1301E+16,5.04134E+16
82382,82383,9,5,76,132,2016,9,6,4,2,8,7,0,0,0,1,0,0,0,0,6.54355E+20,5.46549E+21,1.11242E+16,4.93226E+16
82383,82384,9,1,81,130,2016,9,7,5,3,3,2,0,0,1,0,0,1,0,0,6.40312E+20,5.3234E+21,1.08828E+16,4.80484E+16
82384,82385,9,6,72,113,2016,9,17,2,3,8,1,0,1,0,1,0,0,0,0,5.53889E+20,5.57262E+21,9.7567E+15,5.03032E+16
82385,82386,9,7,71,146,2016,9,11,5,2,0,7,0,0,1,0,0,0,0,0,6.47671E+20,5.34869E+21,1.09902E+16,4.82742E+16
82386,82387,9,2,79,127,2016,9,22,4,3,8,7,2,0,0,1,0,0,0,0,7.51668E+20,5.40655E+21,1.24247E+16,4.8761E+16
82387,82388,9,1,84,145,2016,9,7,3,3,3,6,0,1,0,1,0,0,0,0,6.97287E+20,5.32272E+21,1.16462E+16,4.80273E+16
82388,82389,9,1,73,127,2016,9,16,4,3,5,3,0,0,0,1,0,1,0,0,6.94639E+20,5.29297E+21,1.15974E+16,4.77607E+16
82389,82390,9,7,73,144,2016,9,14,3,3,1,6,0,0,0,1,0,0,0,0,6.05995E+20,5.37952E+21,1.04366E+16,4.85598E+16
82390,82391,9,2,77,138,2016,9,17,5,3,8,1,0,0,0,0,0,1,0,0,7.91236E+20,5.36874E+21,1.29354E+16,4.84044E+16
82391,82392,9,3,77,159,2016,9,12,6,3,2,6,0,0,0,1,0,0,0,0,7.3117E+20,5.53369E+21,1.22199E+16,4.99109E+16
82392,82393,9,5,74,138,2016,9,8,4,2,2,6,0,0,0,1,0,0,0,0,6.63219E+20,5.48805E+21,1.12553E+16,4.95231E+16
82393,82394,9,2,73,165,2016,9,22,6,3,1,5,2,0,0,1,0,0,0,0,7.16113E+20,5.41088E+21,1.19439E+16,4.88133E+16
82394,82395,9,7,75,135,2016,9,17,4,3,5,3,0,0,0,1,0,0,0,1,5.81135E+20,5.36294E+21,1.00965E+16,4.84144E+16
82395,82396,9,1,61,0,2016,9,7,6,3,2,6,0,0,0,1,0,1,0,0,6.79331E+20,5.40363E+21,1.14402E+16,4.87599E+16
82396,82397,9,4,61,0,2016,9,13,5,3,2,1,0,0,0,1,0,0,0,0,6.38067E+20,5.52798E+21,1.09221E+16,4.98883E+16
82397,82398,9,5,72,444,2016,9,10,2,3,8,6,0,0,0,1,0,0,0,0,6.52084E+20,5.48636E+21,1.11009E+16,4.95107E+16
82398,82399,9,6,73,114,2016,9,9,5,2,2,6,0,0,0,1,0,0,0,0,5.86923E+20,5.57549E+21,1.02211E+16,5.03251E+16
82399,82400,9,1,82,136,2016,9,15,3,2,0,7,0,0,1,0,0,0,0,0,7.04715E+20,5.29789E+21,1.1734E+16,4.78018E+16
82400,82401,9,1,89,157,2016,9,16,4,3,3,6,0,0,0,1,0,1,0,0,7.64938E+20,5.32541E+21,1.25538E+16,4.8027E+16
82401,82402,9,4,75,171,2016,9,4,5,3,4,6,2,0,0,0,0,0,1,0,6.96466E+20,5.57959E+21,1.17608E+16,5.03356E+16
82402,82403,9,4,74,126,2016,9,8,5,3,0,3,0,0,0,1,0,1,0,0,6.48812E+20,5.5103E+21,1.10648E+16,4.97268E+16
82403,82404,9,5,62,0,2016,9,6,2,3,0,6,2,1,0,1,0,1,0,0,6.44091E+20,5.49152E+21,1.09925E+16,4.95591E+16
82404,82405,9,6,77,157,2016,9,15,5,2,8,1,0,0,0,0,0,0,1,0,5.40212E+20,5.52273E+21,9.55942E+15,4.98556E+16
82405,82406,9,1,89,159,2016,9,6,4,3,5,3,2,0,0,1,0,0,0,0,7.61687E+20,5.30209E+21,1.24961E+16,4.78189E+16
82406,82407,9,1,87,150,2016,9,17,3,3,3,6,0,0,0,1,0,0,0,0,7.25583E+20,5.30402E+21,1.20155E+16,4.78499E+16
82407,82408,9,1,72,134,2016,9,11,4,2,5,3,0,0,0,1,0,1,0,0,7.79844E+20,5.30422E+21,1.27395E+16,4.78304E+16
82408,82409,9,4,75,136,2016,9,18,5,3,6,4,0,0,0,0,1,1,0,0,6.94183E+20,5.56877E+21,1.17232E+16,5.02392E+16
82409,82410,9,7,72,223,2016,9,15,6,3,4,2,0,0,0,1,0,0,0,0,6.18287E+20,5.36392E+21,1.05987E+16,4.84173E+16
82410,82411,9,7,61,0,2016,9,8,3,3,3,6,0,0,0,0,0,1,0,1,6.41267E+20,5.35229E+21,1.09052E+16,4.8308E+16
82411,82412,9,6,74,147,2016,9,16,6,3,3,6,0,0,1,1,0,0,0,0,6.07584E+20,5.54322E+21,1.05022E+16,5.00316E+16
82412,82413,9,2,72,143,2016,9,15,5,3,4,2,0,0,0,1,0,0,0,0,8.20451E+20,5.42718E+21,1.33743E+16,4.89145E+16
82413,82414,9,3,75,213,2016,9,22,6,2,5,2,2,0,1,1,0,0,0,0,7.27311E+20,5.441E+21,1.2113E+16,4.90798E+16
82414,82415,9,5,76,127,2016,9,16,4,3,2,6,0,0,0,1,0,0,0,0,6.59477E+20,5.45096E+21,1.11888E+16,4.91907E+16
82415,82416,9,1,73,145,2016,9,13,6,1,5,3,0,0,0,1,0,0,1,0,6.89936E+20,5.29178E+21,1.15341E+16,4.77514E+16
82416,82417,9,7,73,146,2016,9,11,4,3,5,3,0,0,1,1,0,0,0,0,6.14062E+20,5.39108E+21,1.0549E+16,4.86624E+16
82417,82418,9,1,88,141,2016,9,6,6,3,5,3,0,0,0,1,0,0,0,0,6.68133E+20,5.30681E+21,1.12493E+16,4.78926E+16
82418,82419,9,4,71,207,2016,9,7,5,3,5,2,0,0,0,1,0,0,0,0,6.27622E+20,5.53251E+21,1.07783E+16,4.99313E+16
82419,82420,9,7,72,171,2016,9,8,3,3,9,1,0,1,0,1,0,0,0,0,6.37181E+20,5.37395E+21,1.08572E+16,4.85037E+16
82420,82421,9,5,72,131,2016,9,19,2,3,3,6,2,1,0,1,0,0,1,0,6.57686E+20,5.48278E+21,1.11768E+16,4.94772E+16
82421,82422,9,5,76,151,2016,9,16,5,3,2,6,0,0,0,1,0,0,0,1,6.55165E+20,5.47171E+21,1.11377E+16,4.93783E+16
82422,82423,9,5,61,0,2016,9,14,5,3,1,5,0,0,1,1,0,0,0,0,6.15243E+20,5.46218E+21,1.05852E+16,4.93015E+16
82423,82424,9,1,61,0,2016,9,18,3,3,6,4,0,0,0,1,1,0,0,0,6.77478E+20,5.3999E+21,1.14134E+16,4.87268E+16
82424,82425,9,6,73,153,2016,9,11,6,2,8,1,0,0,0,0,0,1,0,0,5.85832E+20,5.59117E+21,1.02094E+16,5.04662E+16
82425,82426,9,7,61,0,2016,9,18,3,3,3,2,0,0,1,1,0,0,0,0,6.42296E+20,5.35916E+21,1.09214E+16,4.83695E+16
82426,82427,9,5,64,0,2016,9,13,6,2,6,7,0,0,1,0,1,0,0,0,6.5474E+20,5.48096E+21,1.11355E+16,4.94616E+16
82427,82428,9,5,74,117,2016,9,13,4,3,8,6,0,0,0,0,0,0,1,0,6.68876E+20,5.46691E+21,1.13244E+16,4.93315E+16
82428,82429,9,1,87,117,2016,9,13,5,3,8,1,0,0,1,0,0,0,0,0,7.21741E+20,5.30501E+21,1.19647E+16,4.78601E+16
82429,82430,9,2,77,153,2016,9,18,5,3,5,3,0,0,0,1,0,1,0,0,7.80428E+20,5.36408E+21,1.27866E+16,4.83675E+16
82430,82431,9,6,63,0,2016,9,8,6,1,6,4,0,0,0,1,1,0,0,0,5.69188E+20,5.51911E+21,9.96184E+15,4.98205E+16
82431,82432,9,7,61,0,2016,9,7,3,3,4,2,0,1,0,1,0,0,0,0,6.39829E+20,5.35248E+21,1.08859E+16,4.831E+16
82432,82433,9,6,71,114,2016,9,15,6,3,4,6,0,0,0,1,0,0,0,0,5.03026E+20,5.542E+21,9.04225E+15,5.00303E+16
82433,82434,9,5,64,0,2016,9,17,4,3,3,6,0,0,0,1,0,0,0,0,6.49198E+20,5.47872E+21,1.10582E+16,4.94428E+16
82434,82435,9,2,74,176,2016,9,17,5,3,6,7,0,0,0,1,1,0,0,0,7.28894E+20,5.39995E+21,1.21116E+16,4.87105E+16
82435,82436,9,5,64,0,2016,9,17,4,3,5,3,0,0,1,1,0,0,0,0,6.48981E+20,5.46936E+21,1.10517E+16,4.93587E+16
82436,82437,9,5,62,0,2016,9,12,2,3,8,1,0,1,0,1,0,0,0,0,6.43777E+20,5.49164E+21,1.09882E+16,4.95602E+16
82437,82438,9,1,84,145,2016,9,11,4,2,9,3,0,0,0,1,0,0,0,1,6.94095E+20,5.32369E+21,1.16039E+16,4.8037E+16
82438,82439,9,1,84,130,2016,9,13,5,3,5,3,0,0,1,1,0,0,0,0,7.02597E+20,5.34938E+21,1.17301E+16,4.82652E+16
82439,82440,9,7,61,0,2016,9,17,3,3,5,3,0,0,1,1,0,0,0,0,6.40837E+20,5.36049E+21,1.09021E+16,4.83819E+16
82440,82441,9,5,62,0,2016,9,14,2,3,5,1,0,1,0,1,0,0,0,0,6.46511E+20,5.48948E+21,1.10251E+16,4.95402E+16
82441,82442,9,5,74,150,2016,9,16,5,3,1,6,0,0,0,1,0,0,0,1,6.71908E+20,5.48716E+21,1.13749E+16,4.95127E+16
82442,82443,9,1,76,143,2016,9,8,3,3,2,6,0,0,0,1,0,1,0,0,6.78481E+20,5.40996E+21,1.14314E+16,4.8817E+16
82443,82444,9,2,61,0,2016,9,15,5,2,3,2,0,0,1,0,0,0,1,0,7.33033E+20,5.3821E+21,1.21578E+16,4.85487E+16
82444,82445,9,5,75,181,2016,9,23,6,2,6,6,2,0,0,1,1,0,0,0,6.25746E+20,5.49096E+21,1.07388E+16,4.95582E+16
82445,82446,9,5,64,0,2016,9,9,4,3,2,6,0,0,0,1,0,0,1,0,6.47624E+20,5.4794E+21,1.10368E+16,4.94493E+16
82446,82447,9,1,88,139,2016,9,5,5,3,5,3,2,0,1,1,0,0,0,0,6.75977E+20,5.319E+21,1.13592E+16,4.80001E+16
82447,82448,9,2,74,146,2016,9,12,5,3,5,3,0,0,0,1,0,0,0,0,7.33347E+20,5.37355E+21,1.21572E+16,4.84717E+16
82448,82449,9,5,76,151,2016,9,15,2,3,3,1,0,1,0,1,0,0,0,1,6.54882E+20,5.47185E+21,1.11339E+16,4.93797E+16
82449,82450,9,7,73,182,2016,9,17,5,3,4,1,0,0,0,1,0,0,0,0,6.25147E+20,5.38003E+21,1.06962E+16,4.85608E+16
82450,82451,9,1,87,124,2016,9,6,4,3,3,1,1,0,1,1,0,0,0,0,7.36082E+20,5.32761E+21,1.21686E+16,4.80581E+16
82451,82452,9,1,86,137,2016,9,14,3,2,4,7,0,0,0,1,0,0,0,0,6.84717E+20,5.4001E+21,1.15118E+16,4.87265E+16
82452,82453,9,1,63,0,2016,9,16,4,3,6,3,0,0,0,1,1,0,0,0,7.33794E+20,5.30393E+21,1.2125E+16,4.78461E+16
82453,82454,9,6,74,159,2016,9,10,3,3,3,6,0,0,1,1,0,0,0,0,6.20647E+20,5.53084E+21,1.06806E+16,4.99177E+16
82454,82455,9,5,76,151,2016,9,22,2,2,8,1,2,1,0,1,0,0,0,0,6.56198E+20,5.47116E+21,1.11517E+16,4.93731E+16
82455,82456,9,7,72,207,2016,9,17,4,3,2,6,0,0,0,1,0,0,0,0,6.3989E+20,5.38096E+21,1.08962E+16,4.85662E+16
82456,82457,9,7,75,162,2016,9,7,5,3,5,3,0,0,1,0,0,0,1,0,5.80051E+20,5.34764E+21,1.00789E+16,4.82769E+16
82457,82458,9,1,87,162,2016,9,18,4,2,0,1,0,0,0,0,0,1,0,0,7.48163E+20,5.30449E+21,1.23171E+16,4.78458E+16
82458,82459,9,7,78,196,2016,9,15,5,2,8,1,0,0,0,0,0,1,0,0,5.99928E+20,5.31781E+21,1.03398E+16,4.80057E+16
82459,82460,9,1,61,0,2016,9,16,3,3,4,2,0,0,0,1,0,0,0,0,6.78965E+20,5.40486E+21,1.14357E+16,4.8771E+16
82460,82461,9,6,72,112,2016,9,16,3,3,0,7,0,0,1,0,0,0,0,0,5.75696E+20,5.56756E+21,1.00619E+16,5.02553E+16
82461,82462,9,5,73,127,2016,9,6,5,3,5,7,0,0,0,1,0,1,0,0,6.45347E+20,5.47508E+21,1.10038E+16,4.9411E+16
82462,82463,9,1,81,130,2016,9,17,3,3,5,2,0,0,1,1,0,0,0,0,6.39368E+20,5.32293E+21,1.087E+16,4.80444E+16
82463,82464,9,4,77,142,2016,9,20,6,3,3,6,2,0,0,1,0,0,1,1,6.78323E+20,5.54596E+21,1.14904E+16,5.00392E+16
82464,82465,9,5,64,0,2016,9,6,4,3,5,2,1,1,1,0,0,0,0,1,6.45354E+20,5.47831E+21,1.10051E+16,4.94401E+16
82465,82466,9,2,63,0,2016,9,10,6,3,8,7,0,1,0,0,0,1,0,1,7.60637E+20,5.42191E+21,1.25563E+16,4.88952E+16
82466,82467,9,1,74,141,2016,9,7,5,3,4,6,0,0,0,1,0,0,0,0,6.81997E+20,5.35576E+21,1.14555E+16,4.83288E+16
82467,82468,9,3,75,210,2016,9,8,5,2,2,6,0,0,0,1,0,0,0,0,7.46507E+20,5.43296E+21,1.23705E+16,4.90003E+16
82468,82469,9,5,72,158,2016,9,13,2,3,0,1,0,1,0,0,0,1,1,0,6.49425E+20,5.4958E+21,1.10678E+16,4.95963E+16
82469,82470,9,7,61,0,2016,9,16,5,2,0,1,0,0,1,0,0,0,0,0,6.44009E+20,5.36192E+21,1.09454E+16,4.8394E+16
82470,82471,9,1,86,137,2016,9,13,4,3,0,1,0,0,0,0,0,1,0,0,6.82324E+20,5.39892E+21,1.14788E+16,4.87166E+16
82471,82472,9,1,88,144,2016,9,12,3,3,5,3,0,0,0,1,0,0,0,0,6.68169E+20,5.32752E+21,1.12579E+16,4.80787E+16
82472,82473,9,1,61,0,2016,9,7,4,2,2,2,0,0,0,1,0,1,0,0,6.77549E+20,5.40547E+21,1.14167E+16,4.87769E+16
82473,82474,9,4,64,0,2016,9,7,5,3,2,6,0,0,0,1,0,0,0,0,7.06674E+20,5.5781E+21,1.19033E+16,5.03187E+16
82474,82475,9,6,76,132,2016,9,16,3,2,5,3,0,0,0,1,0,1,0,0,5.15715E+20,5.50652E+21,9.21797E+15,4.9711E+16
82475,82476,9,2,61,0,2016,9,6,5,3,5,3,1,0,0,1,0,0,0,0,7.32137E+20,5.38199E+21,1.21456E+16,4.8548E+16
82476,82477,9,2,79,112,2016,9,16,5,2,4,2,0,0,0,1,0,1,0,0,7.56635E+20,5.39384E+21,1.24843E+16,4.86449E+16
82477,82478,9,4,74,126,2016,9,14,6,3,3,2,0,0,1,0,0,0,0,1,6.49424E+20,5.50925E+21,1.10729E+16,4.97172E+16
82478,82479,9,2,77,116,2016,9,18,6,3,5,3,0,0,0,1,0,1,0,0,7.74506E+20,5.3661E+21,1.27081E+16,4.83882E+16
82479,82480,9,1,84,142,2016,9,17,4,3,4,2,0,0,0,1,0,1,0,0,6.83316E+20,5.31805E+21,1.1457E+16,4.79895E+16
82480,82481,9,1,87,114,2016,9,1,6,3,9,1,2,0,0,1,0,0,0,0,7.4641E+20,5.28978E+21,1.22854E+16,4.77143E+16
82481,82482,9,3,72,154,2016,9,18,5,3,4,2,0,0,0,1,0,0,0,0,7.56847E+20,5.47836E+21,1.25406E+16,4.94037E+16
82482,82483,9,5,74,152,2016,9,17,2,3,4,7,0,1,0,1,0,0,0,0,6.61094E+20,5.48299E+21,1.12239E+16,4.94781E+16
82483,82484,9,6,77,142,2016,9,19,5,3,8,6,2,0,0,1,0,0,0,0,5.57369E+20,5.52951E+21,9.79909E+15,4.99152E+16
82484,82485,9,1,79,119,2016,9,5,3,3,5,3,2,0,1,1,0,0,0,0,6.7096E+20,5.33903E+21,1.13E+16,4.81815E+16
82485,82486,9,1,86,137,2016,9,13,4,3,0,1,0,0,1,0,0,0,0,0,6.83377E+20,5.39901E+21,1.14931E+16,4.87171E+16
82486,82487,9,4,73,151,2016,9,9,5,3,2,6,0,0,0,0,0,1,0,1,6.52431E+20,5.57271E+21,1.11398E+16,5.02868E+16
82487,82488,9,7,71,145,2016,9,14,6,3,0,2,0,0,1,1,0,0,0,0,6.43539E+20,5.34776E+21,1.09343E+16,4.82667E+16