FID,OBJECTID,ULAND,UREGBEZ,UKREIS,UGEMEINDE,UJAHR,UMONAT,USTUNDE,UWOCHENTAG,UKATEGORIE,UART,UTYP1,ULICHTVERH,IstStrasse,IstRad,IstPKW,IstFuss,IstKrad,IstGkfz,IstSonstig,LINREFX,LINREFY,XGCSWGS84,YGCSWGS84
82488,82489,9,5,65,0,2016,9,6,3,3,1,6,2,1,0,1,0,0,0,0,6.5081E+20,5.46605E+21,1.10756E+16,4.93285E+16
82489,82490,9,6,74,195,2016,9,5,6,3,5,3,2,0,1,1,0,0,0,0,6.1385E+20,5.53844E+21,1.05882E+16,4.99874E+16
82490,82491,9,2,79,115,2016,9,4,5,3,9,1,2,0,0,1,0,0,0,0,7.61316E+20,5.38208E+21,1.25403E+16,4.85374E+16
82491,82492,9,5,64,0,2016,9,13,4,3,4,6,0,0,0,1,0,0,0,0,6.48071E+20,5.47183E+21,1.10401E+16,4.93811E+16
82492,82493,9,1,74,113,2016,9,15,6,1,5,3,0,0,0,1,0,1,0,0,6.77717E+20,5.35109E+21,1.13959E+16,4.8288E+16
82493,82494,9,5,72,149,2016,9,11,3,3,2,6,0,0,0,1,0,0,0,0,6.38969E+20,5.50378E+21,1.0926E+16,4.96705E+16
82494,82495,9,5,62,0,2016,9,20,5,3,9,1,2,0,0,0,0,1,0,0,6.43332E+20,5.4968E+21,1.09839E+16,4.96068E+16
82495,82496,9,3,75,117,2016,9,15,6,3,2,6,0,0,0,1,0,0,0,0,7.35015E+20,5.43184E+21,1.2213E+16,4.89947E+16
82496,82497,9,5,64,0,2016,9,7,4,2,1,5,0,0,1,1,0,0,0,0,6.47994E+20,5.47727E+21,1.10411E+16,4.94301E+16
82497,82498,9,2,79,130,2016,9,12,6,3,8,3,0,0,0,1,0,0,1,0,7.49595E+20,5.39195E+21,1.23877E+16,4.86308E+16
82498,82499,9,7,78,219,2016,9,17,4,3,0,7,0,0,1,0,0,0,0,0,5.89331E+20,5.31028E+21,1.01962E+16,4.79396E+16
82499,82500,9,1,61,0,2016,9,20,6,3,5,3,2,0,0,1,0,1,0,0,6.78905E+20,5.40648E+21,1.14356E+16,4.87856E+16
82500,82501,9,3,72,154,2016,9,7,5,3,9,1,0,0,0,0,0,1,0,0,7.57304E+20,5.47785E+21,1.25466E+16,4.93989E+16
82501,82502,9,5,74,152,2016,9,17,2,3,4,1,0,1,0,1,0,0,0,0,6.6214E+20,5.48341E+21,1.12385E+16,4.94817E+16
82502,82503,9,6,61,0,2016,9,18,5,3,1,6,0,0,0,1,0,1,0,0,5.10712E+20,5.53613E+21,9.1494E+15,4.99774E+16
82503,82504,9,1,79,138,2016,9,7,3,3,8,1,0,1,0,1,0,0,1,0,6.53748E+20,5.33447E+21,1.10669E+16,4.81449E+16
82504,82505,9,6,75,141,2016,9,19,6,3,0,2,0,0,0,1,0,1,0,0,5.8451E+20,5.50972E+21,1.01728E+16,4.9734E+16
82505,82506,9,5,74,139,2016,9,16,3,3,5,3,0,0,0,1,0,0,0,0,6.65757E+20,5.48121E+21,1.12875E+16,4.94609E+16
82506,82507,9,5,62,0,2016,9,8,6,2,4,2,0,0,1,1,0,0,0,0,6.43549E+20,5.49232E+21,1.09853E+16,4.95664E+16
82507,82508,9,5,64,0,2016,9,18,4,3,5,2,0,0,1,1,0,0,0,0,6.47595E+20,5.47933E+21,1.10363E+16,4.94487E+16
82508,82509,9,1,80,126,2016,9,15,5,3,2,6,0,0,0,1,0,0,0,0,6.60679E+20,5.26897E+21,1.11357E+16,4.75543E+16
82509,82510,9,5,73,125,2016,9,17,4,3,7,7,0,0,0,0,0,1,0,0,6.35576E+20,5.47373E+21,1.08687E+16,4.94011E+16
82510,82511,9,5,64,0,2016,9,8,2,3,2,6,0,1,0,1,0,0,0,0,6.52389E+20,5.48118E+21,1.11031E+16,4.94641E+16
82511,82512,9,1,86,146,2016,9,15,4,1,4,2,0,0,0,0,0,1,1,0,6.85943E+20,5.3704E+21,1.15152E+16,4.84592E+16
82512,82513,9,1,62,0,2016,9,6,5,3,2,6,1,0,0,1,0,0,0,1,6.90852E+20,5.33911E+21,1.15674E+16,4.81765E+16
82513,82514,9,5,63,0,2016,9,9,3,3,5,2,0,0,1,1,0,0,0,0,6.43923E+20,5.48145E+21,1.09865E+16,4.94686E+16
82514,82515,9,5,64,0,2016,9,6,2,3,2,6,0,0,0,1,0,0,0,0,6.53283E+20,5.47538E+21,1.11132E+16,4.94118E+16
82515,82516,9,5,74,117,2016,9,12,5,3,1,6,0,0,0,1,0,0,0,0,6.68517E+20,5.46995E+21,1.13208E+16,4.93589E+16
82516,82517,9,1,74,150,2016,9,13,3,2,6,4,0,0,0,0,1,0,0,1,6.8092E+20,5.35928E+21,1.14425E+16,4.83607E+16
82517,82518,9,5,75,133,2016,9,13,6,3,0,1,0,0,0,1,0,1,0,0,6.00905E+20,5.48322E+21,1.03934E+16,4.94932E+16
82518,82519,9,4,75,168,2016,9,16,4,3,1,6,0,0,0,1,0,0,0,0,7.07546E+20,5.56765E+21,1.19098E+16,5.02245E+16
82519,82520,9,1,74,111,2016,9,12,3,2,0,5,0,0,1,1,0,0,0,0,6.66958E+20,5.36177E+21,1.12552E+16,4.8387E+16
82520,82521,9,5,64,0,2016,9,15,3,2,0,1,0,0,1,0,0,0,0,0,6.55543E+20,5.47714E+21,1.11451E+16,4.9427E+16
82521,82522,9,5,64,0,2016,9,13,6,3,0,1,0,0,0,0,0,1,0,0,6.48726E+20,5.48109E+21,1.10526E+16,4.94643E+16
82522,82523,9,4,76,179,2016,9,8,4,3,1,7,0,0,0,1,0,0,1,0,6.6277E+20,5.58958E+21,1.12921E+16,5.04356E+16
82523,82524,9,1,76,114,2016,9,11,5,2,6,3,0,0,0,0,1,0,0,1,6.81059E+20,5.43435E+21,1.14773E+16,4.90355E+16
82524,82525,9,1,90,138,2016,9,21,5,2,0,4,2,0,0,1,1,0,0,0,6.63507E+20,5.30795E+21,1.11879E+16,4.79041E+16
82525,82526,9,5,73,120,2016,9,17,2,3,5,3,0,1,0,1,0,0,0,0,6.29269E+20,5.48282E+21,1.07848E+16,4.94842E+16
82526,82527,9,7,61,0,2016,9,16,4,3,2,1,0,0,0,1,0,0,0,0,6.40805E+20,5.35557E+21,1.09E+16,4.83376E+16
82527,82528,9,7,80,143,2016,9,7,5,2,5,3,0,0,0,1,0,0,0,0,5.96025E+20,5.27823E+21,1.02787E+16,4.76504E+16
82528,82529,9,1,76,129,2016,9,16,4,3,4,6,0,0,0,1,0,0,0,0,6.88381E+20,5.40317E+21,1.1563E+16,4.87531E+16
82529,82530,9,1,84,131,2016,9,15,3,3,2,6,0,0,0,1,0,0,1,0,7.04448E+20,5.33745E+21,1.17492E+16,4.81574E+16
82530,82531,9,1,76,137,2016,9,6,4,2,4,1,2,0,0,1,0,0,0,0,6.71801E+20,5.42765E+21,1.13479E+16,4.89778E+16
82531,82532,9,5,77,172,2016,9,16,3,3,5,3,0,0,0,1,0,0,0,1,6.32675E+20,5.43874E+21,1.08171E+16,4.90872E+16
82532,82533,9,5,77,136,2016,9,19,5,3,5,3,1,0,0,1,0,0,0,0,6.3118E+20,5.43876E+21,1.07967E+16,4.90877E+16
82533,82534,9,1,78,113,2016,9,18,3,3,2,6,0,0,0,1,0,0,0,0,6.92968E+20,5.36754E+21,1.16088E+16,4.84314E+16
82534,82535,9,4,71,120,2016,9,12,6,3,0,2,0,0,1,0,0,0,0,1,6.19751E+20,5.51996E+21,1.06648E+16,4.98201E+16
82535,82536,9,4,76,152,2016,9,7,4,2,0,7,0,0,0,0,0,1,0,1,6.68367E+20,5.59035E+21,1.13712E+16,5.0441E+16
82536,82537,9,2,77,113,2016,9,20,6,2,4,2,2,0,0,1,0,0,0,0,7.98696E+20,5.37392E+21,1.30397E+16,4.84475E+16
82537,82538,9,1,78,124,2016,9,9,5,2,5,3,0,0,0,1,0,1,0,0,6.98432E+20,5.36263E+21,1.16803E+16,4.83856E+16
82538,82539,9,3,72,116,2016,9,6,6,3,4,2,1,0,0,1,0,0,0,0,7.67882E+20,5.45777E+21,1.26786E+16,4.92141E+16
82539,82540,9,1,72,118,2016,9,0,6,3,2,6,2,0,0,1,0,0,0,0,7.97503E+20,5.30459E+21,1.29752E+16,4.78258E+16
82540,82541,9,3,73,153,2016,9,7,5,3,0,6,0,0,0,1,0,0,0,0,6.81466E+20,5.46777E+21,1.14979E+16,4.93356E+16
82541,82542,9,5,73,125,2016,9,20,2,3,8,1,2,1,0,1,0,0,0,0,6.38026E+20,5.4723E+21,1.09019E+16,4.93878E+16
82542,82543,9,7,71,144,2016,9,7,5,3,0,7,0,0,1,0,0,0,0,0,6.61377E+20,5.37327E+21,1.11843E+16,4.84918E+16
82543,82544,9,1,79,145,2016,9,10,4,3,2,6,0,0,0,1,0,0,0,0,6.75876E+20,5.33835E+21,1.13658E+16,4.81741E+16
82544,82545,9,1,81,130,2016,9,14,5,3,2,6,0,0,0,1,0,0,0,0,6.41904E+20,5.32404E+21,1.09043E+16,4.80539E+16
82545,82546,9,1,90,140,2016,9,15,5,3,5,6,0,0,0,1,0,0,0,0,6.45323E+20,5.29266E+21,1.09396E+16,4.77709E+16
82546,82547,9,5,73,127,2016,9,15,2,3,8,1,0,1,0,1,0,0,0,0,6.402E+20,5.47297E+21,1.09321E+16,4.93932E+16
82547,82548,9,7,72,163,2016,9,5,5,3,2,6,2,0,0,1,0,0,1,0,6.38528E+20,5.34677E+21,1.08664E+16,4.8259E+16
82548,82549,9,1,74,115,2016,9,15,4,3,5,3,0,0,0,1,0,1,0,0,6.83286E+20,5.34815E+21,1.14696E+16,4.826E+16
82549,82550,9,1,75,122,2016,9,7,3,3,5,3,0,0,1,1,0,0,0,0,7.21067E+20,5.32598E+21,1.19665E+16,4.80488E+16
82550,82551,9,1,78,145,2016,9,18,4,3,2,6,0,0,0,1,0,0,0,0,6.97376E+20,5.35657E+21,1.16632E+16,4.83315E+16
82551,82552,9,5,71,166,2016,9,17,3,3,3,6,0,0,0,1,0,0,0,0,6.06145E+20,5.45785E+21,1.0459E+16,4.92642E+16
82552,82553,9,1,80,119,2016,9,6,5,3,4,2,0,0,0,1,0,0,0,0,6.71465E+20,5.28242E+21,1.12842E+16,4.76724E+16
82553,82554,9,4,71,140,2016,9,13,6,3,2,6,0,0,0,1,0,0,0,1,6.35222E+20,5.53341E+21,1.08844E+16,4.99378E+16
82554,82555,9,2,74,127,2016,9,13,6,3,5,3,0,0,0,1,0,0,0,0,7.38035E+20,5.39918E+21,1.22353E+16,4.87002E+16
82555,82556,9,7,75,164,2016,9,17,4,3,2,6,0,0,0,1,0,1,0,0,5.85679E+20,5.35201E+21,1.01556E+16,4.83155E+16
82556,82557,9,1,87,122,2016,9,12,6,3,2,6,0,0,0,1,0,0,1,0,7.20764E+20,5.30749E+21,1.19529E+16,4.78827E+16
82557,82558,9,3,72,174,2016,9,17,5,3,5,3,0,0,0,1,0,1,0,0,7.73476E+20,5.46325E+21,1.2759E+16,4.92608E+16
82558,82559,9,5,77,173,2016,9,17,2,3,9,1,0,1,0,1,0,0,0,0,6.43823E+20,5.42601E+21,1.09652E+16,4.89703E+16
82559,82560,9,6,73,184,2016,9,6,5,3,2,6,1,0,0,1,0,0,0,0,5.91803E+20,5.57617E+21,1.02898E+16,5.03304E+16
82560,82561,9,1,62,0,2016,9,1,2,3,8,1,0,0,0,1,0,0,0,0,6.94518E+20,5.335E+21,1.16147E+16,4.81385E+16
82561,82562,9,1,86,152,2016,9,14,4,3,2,6,0,0,0,1,0,0,0,0,6.91348E+20,5.37335E+21,1.15896E+16,4.84841E+16
82562,82563,9,4,78,116,2016,9,8,5,3,5,3,0,0,0,1,0,0,0,1,6.57881E+20,5.55811E+21,1.12101E+16,5.01542E+16
82563,82564,9,6,79,128,2016,9,15,6,2,5,2,0,0,0,1,0,1,0,0,5.61236E+20,5.52223E+21,9.85179E+15,4.98493E+16
82564,82565,9,5,61,0,2016,9,16,3,3,5,3,0,0,0,1,0,0,0,0,6.08069E+20,5.45913E+21,1.04857E+16,4.92753E+16
82565,82566,9,6,76,116,2016,9,8,6,3,9,1,0,0,0,1,0,0,0,0,5.18968E+20,5.50621E+21,9.26308E+15,4.97081E+16
82566,82567,9,1,62,0,2016,9,9,2,3,2,6,0,1,0,1,0,0,0,0,6.92557E+20,5.33918E+21,1.15903E+16,4.81767E+16
82567,82568,9,1,78,144,2016,9,8,4,2,1,5,0,0,0,1,0,0,0,1,7.06312E+20,5.37769E+21,1.1794E+16,4.85184E+16
82568,82569,9,4,76,178,2016,9,12,5,3,2,6,0,0,0,1,0,0,0,0,6.62447E+20,5.57656E+21,1.12819E+16,5.03187E+16
82569,82570,9,7,73,170,2016,9,7,6,2,4,6,0,0,0,1,0,0,0,0,5.94494E+20,5.38956E+21,1.0283E+16,4.86519E+16
82570,82571,9,4,78,116,2016,9,13,3,3,2,2,0,0,0,1,0,0,0,0,6.64324E+20,5.55512E+21,1.1299E+16,5.01255E+16
82571,82572,9,1,80,122,2016,9,18,5,2,4,1,0,0,0,1,0,0,0,0,6.70689E+20,5.26323E+21,1.12664E+16,4.75001E+16
82572,82573,9,3,75,204,2016,9,15,6,3,2,6,0,0,0,1,0,0,0,0,7.31183E+20,5.43492E+21,1.21625E+16,4.90238E+16
82573,82574,9,4,78,111,2016,9,16,4,3,0,3,0,0,0,1,0,1,0,0,6.59558E+20,5.55442E+21,1.12321E+16,5.01205E+16
82574,82575,9,1,90,132,2016,9,16,6,3,2,6,0,0,0,1,0,0,0,0,6.7506E+20,5.2933E+21,1.13364E+16,4.77693E+16
82575,82576,9,7,75,129,2016,9,15,4,3,2,6,0,0,0,1,0,0,0,0,5.81925E+20,5.33993E+21,1.01027E+16,4.82073E+16
82576,82577,9,1,86,158,2016,9,4,6,3,9,7,2,0,0,1,0,0,0,0,6.89763E+20,5.40605E+21,1.15831E+16,4.87785E+16
82577,82578,9,3,76,150,2016,9,19,5,3,2,6,1,0,0,1,0,0,1,1,7.27255E+20,5.49136E+21,1.21409E+16,4.95322E+16
82578,82579,9,4,78,155,2016,9,5,3,2,2,6,1,0,0,1,0,1,0,0,6.57919E+20,5.55981E+21,1.12114E+16,5.01694E+16
82579,82580,9,5,77,172,2016,9,18,2,3,0,1,0,1,0,0,0,1,0,0,6.33374E+20,5.43578E+21,1.08257E+16,4.90604E+16
82580,82581,9,5,74,152,2016,9,14,5,3,3,6,0,0,0,1,0,0,1,0,6.6312E+20,5.48176E+21,1.12514E+16,4.94666E+16
82581,82582,9,1,62,0,2016,9,8,2,3,3,2,0,1,1,1,0,0,0,0,6.94589E+20,5.33616E+21,1.16162E+16,4.81489E+16
82582,82583,9,6,62,0,2016,9,20,6,3,3,1,2,0,0,1,0,0,0,0,5.84901E+20,5.54175E+21,1.01852E+16,5.0022E+16
82583,82584,9,4,73,158,2016,9,18,3,3,5,2,0,0,0,1,0,0,0,0,6.23033E+20,5.57897E+21,1.07294E+16,5.035E+16
82584,82585,9,5,74,155,2016,9,18,6,3,4,2,1,0,0,1,0,0,0,0,6.68584E+20,5.49302E+21,1.13315E+16,4.95663E+16
82585,82586,9,4,73,120,2016,9,16,4,3,1,6,0,0,1,1,0,0,0,0,6.42385E+20,5.57184E+21,1.09985E+16,5.02815E+16
82586,82587,9,1,87,150,2016,9,12,5,3,6,4,0,0,0,1,1,0,0,0,7.29337E+20,5.30337E+21,1.20652E+16,4.78427E+16
82587,82588,9,1,89,159,2016,9,19,5,2,1,6,1,0,0,1,0,1,0,0,7.59612E+20,5.30417E+21,1.24697E+16,4.78384E+16
82588,82589,9,5,75,118,2016,9,16,2,2,9,1,0,1,0,1,0,0,0,0,6.12125E+20,5.49722E+21,1.05523E+16,4.96171E+16
82589,82590,9,7,71,112,2016,9,11,4,3,2,2,0,0,0,1,0,0,1,0,6.46614E+20,5.36966E+21,1.09833E+16,4.8463E+16
82590,82591,9,1,77,117,2016,9,7,4,3,1,6,1,1,0,1,0,1,0,0,7.145E+20,5.35591E+21,1.18936E+16,4.83199E+16
82591,82592,9,1,62,0,2016,9,5,5,3,5,2,2,0,1,1,0,0,0,0,6.82665E+20,5.33757E+21,1.14567E+16,4.81651E+16
82592,82593,9,1,83,116,2016,9,21,5,3,3,6,2,0,0,1,0,1,0,0,7.63788E+20,5.35291E+21,1.25554E+16,4.82743E+16
82593,82594,9,4,77,142,2016,9,18,4,3,9,1,0,0,0,1,0,0,1,0,6.78177E+20,5.54593E+21,1.14883E+16,5.0039E+16
82594,82595,9,1,77,113,2016,9,17,6,3,5,3,0,0,0,1,0,0,0,1,7.20782E+20,5.35303E+21,1.19767E+16,4.82919E+16
82595,82596,9,3,76,150,2016,9,19,5,2,2,6,1,0,0,1,0,0,0,0,7.2693E+20,5.49175E+21,1.21366E+16,4.95358E+16
82596,82597,9,4,71,145,2016,9,9,3,3,0,7,0,0,0,1,1,0,0,0,6.43036E+20,5.52025E+21,1.09884E+16,4.98176E+16
82597,82598,9,5,71,214,2016,9,13,2,3,4,6,0,1,0,1,0,0,1,0,6.17959E+20,5.43641E+21,1.0615E+16,4.90692E+16
82598,82599,9,5,76,151,2016,9,15,5,3,5,3,0,0,0,1,0,0,1,0,6.51822E+20,5.46572E+21,1.10894E+16,4.93253E+16
82599,82600,9,1,62,0,2016,9,8,2,2,6,4,0,1,0,1,1,0,0,0,6.87279E+20,5.33509E+21,1.15176E+16,4.81415E+16
82600,82601,9,1,83,140,2016,9,16,5,3,2,6,0,0,0,1,0,0,0,1,7.39742E+20,5.34021E+21,1.22247E+16,4.81699E+16
82601,82602,9,5,75,161,2016,9,15,6,2,4,2,0,0,1,1,0,0,0,0,6.05352E+20,5.50224E+21,1.04599E+16,4.96635E+16
82602,82603,9,4,77,124,2016,9,7,4,3,8,1,1,0,0,0,0,1,0,0,6.70401E+20,5.54714E+21,1.13804E+16,5.00521E+16
82603,82604,9,1,74,113,2016,9,22,5,3,8,7,2,0,0,1,0,0,1,0,6.6981E+20,5.34879E+21,1.12884E+16,4.82695E+16
82604,82605,9,1,72,118,2016,9,13,5,2,0,6,0,0,0,0,0,0,0,1,7.97017E+20,5.30651E+21,1.297E+16,4.78433E+16
82605,82606,9,5,61,0,2016,9,8,2,3,4,2,0,0,0,1,0,0,0,0,6.14896E+20,5.46123E+21,1.05802E+16,4.9293E+16
82606,82607,9,7,76,116,2016,9,6,5,2,5,3,1,0,0,1,0,1,0,0,5.5248E+20,5.27065E+21,9.69798E+15,4.75871E+16
82607,82608,9,1,62,0,2016,9,6,3,3,5,7,0,0,0,1,0,1,0,0,6.94718E+20,5.33415E+21,1.1617E+16,4.81308E+16
82608,82609,9,7,75,139,2016,9,7,2,3,8,6,0,0,0,1,0,0,1,0,5.7627E+20,5.36746E+21,1.00316E+16,4.84556E+16
82609,82610,9,1,62,0,2016,9,14,3,3,3,2,0,0,1,1,0,0,0,0,6.87726E+20,5.32943E+21,1.15211E+16,4.80905E+16
82610,82611,9,3,75,201,2016,9,16,3,3,3,2,0,0,0,1,0,0,0,0,7.45863E+20,5.41958E+21,1.23536E+16,4.88803E+16
82611,82612,9,1,72,134,2016,9,5,5,3,4,6,2,1,0,1,0,0,0,1,7.79905E+20,5.3075E+21,1.27424E+16,4.78598E+16
82612,82613,9,3,72,153,2016,9,14,3,3,5,3,0,0,0,1,0,0,0,0,7.48685E+20,5.45932E+21,1.24165E+16,4.92361E+16
82613,82614,9,5,73,115,2016,9,21,5,3,5,3,2,0,0,1,0,0,0,0,6.29923E+20,5.47378E+21,1.07908E+16,4.94028E+16
82614,82615,9,7,78,173,2016,9,6,2,3,6,4,2,1,0,1,1,0,0,0,6.11337E+20,5.32197E+21,1.04937E+16,4.80413E+16
82615,82616,9,4,77,142,2016,9,20,6,3,7,6,2,0,0,1,0,0,1,1,6.78324E+20,5.54596E+21,1.14904E+16,5.00392E+16
82616,82617,9,4,72,119,2016,9,11,4,3,8,7,0,0,1,0,0,0,0,0,6.87697E+20,5.5422E+21,1.16193E+16,5.00025E+16
82617,82618,9,1,79,126,2016,9,16,5,2,5,3,0,0,1,1,0,0,0,0,6.77159E+20,5.33974E+21,1.13836E+16,4.81861E+16
82618,82619,9,4,75,169,2016,9,11,2,3,5,3,0,1,0,1,0,0,0,0,6.88119E+20,5.57349E+21,1.16406E+16,5.02835E+16
82619,82620,9,7,71,130,2016,9,11,5,3,4,2,0,0,0,1,0,0,0,0,6.50893E+20,5.35833E+21,1.10371E+16,4.83601E+16
82620,82621,9,1,62,0,2016,9,16,3,3,0,3,0,0,1,1,0,0,0,0,6.87616E+20,5.33505E+21,1.15221E+16,4.8141E+16
82621,82622,9,7,64,0,2016,9,6,2,3,5,3,1,1,0,1,0,0,0,0,5.88281E+20,5.31386E+21,1.01828E+16,4.7972E+16
82622,82623,9,1,62,0,2016,9,8,3,3,2,6,0,0,0,1,0,0,0,0,6.89146E+20,5.33086E+21,1.15408E+16,4.81029E+16
82623,82624,9,3,71,122,2016,9,9,3,3,8,1,0,0,0,0,0,1,0,0,7.08501E+20,5.48598E+21,1.18792E+16,4.94906E+16
82624,82625,9,1,62,0,2016,9,20,5,3,2,6,2,0,0,1,0,0,0,0,6.94564E+20,5.33119E+21,1.16136E+16,4.81043E+16
82625,82626,9,3,77,146,2016,9,7,6,3,5,3,0,0,0,1,0,0,0,1,7.39018E+20,5.52463E+21,1.23235E+16,4.98264E+16
82626,82627,9,4,74,146,2016,9,8,4,3,0,7,0,0,1,0,0,0,1,0,6.49422E+20,5.50039E+21,1.10695E+16,4.96375E+16
82627,82628,9,2,74,126,2016,9,7,6,3,5,3,1,0,0,1,0,0,0,0,7.33003E+20,5.38615E+21,1.21596E+16,4.8585E+16
82628,82629,9,7,64,0,2016,9,12,4,3,5,3,0,0,0,1,0,1,0,0,5.86683E+20,5.31442E+21,1.01615E+16,4.79772E+16
82629,82630,9,1,86,149,2016,9,10,6,3,2,6,0,0,0,1,0,0,0,0,6.87762E+20,5.38687E+21,1.15472E+16,4.86068E+16
82630,82631,9,3,76,159,2016,9,5,5,3,8,7,2,0,0,0,0,1,0,0,7.2324E+20,5.48379E+21,1.20812E+16,4.94657E+16
82631,82632,9,4,74,158,2016,9,17,6,3,8,1,0,0,0,1,0,0,0,0,6.51921E+20,5.50726E+21,1.11068E+16,4.96987E+16
82632,82633,9,4,61,0,2016,9,15,4,3,2,6,0,0,0,1,0,0,0,0,6.38003E+20,5.5279E+21,1.09212E+16,4.98875E+16
82633,82634,9,2,77,119,2016,9,22,6,3,9,7,2,0,0,1,0,0,0,0,7.73236E+20,5.37129E+21,1.26944E+16,4.84354E+16
82634,82635,9,1,84,114,2016,9,16,4,3,4,2,0,0,0,1,0,0,0,0,7.01275E+20,5.31781E+21,1.16974E+16,4.79819E+16
82635,82636,9,1,87,162,2016,9,16,6,3,2,6,0,0,0,1,0,0,0,0,7.50811E+20,5.30373E+21,1.2352E+16,4.7838E+16
82636,82637,9,3,76,119,2016,9,19,5,2,4,1,2,0,0,1,0,1,0,0,7.19521E+20,5.45636E+21,1.20148E+16,4.92206E+16
82637,82638,9,4,75,136,2016,9,15,2,3,8,1,0,1,0,1,0,0,0,0,6.89364E+20,5.56817E+21,1.16554E+16,5.02353E+16
82638,82639,9,6,75,162,2016,9,11,5,3,4,2,0,0,1,1,0,0,0,0,5.96656E+20,5.51341E+21,1.03422E+16,4.97654E+16
82639,82640,9,7,78,196,2016,9,16,2,3,2,6,0,0,0,1,0,0,0,0,6.00139E+20,5.3158E+21,1.03421E+16,4.79876E+16
82640,82641,9,1,62,0,2016,9,8,3,3,9,1,0,1,0,1,0,0,0,0,6.94443E+20,5.33187E+21,1.16123E+16,4.81104E+16
82641,82642,9,4,73,158,2016,9,17,5,3,5,3,0,0,0,1,0,0,0,0,6.26491E+20,5.57773E+21,1.07775E+16,5.0338E+16
82642,82643,9,7,72,207,2016,9,17,6,3,0,1,0,1,1,0,0,0,0,1,6.41145E+20,5.38073E+21,1.09131E+16,4.85638E+16
82643,82644,9,2,71,119,2016,9,5,3,3,2,6,2,0,0,1,0,0,1,0,7.89657E+20,5.4146E+21,1.29461E+16,4.88168E+16
82644,82645,9,6,74,153,2016,9,12,6,3,0,6,0,0,0,1,0,0,0,0,6.00675E+20,5.5499E+21,1.04075E+16,5.00928E+16
82645,82646,9,1,87,137,2016,9,9,5,3,2,6,0,0,0,1,0,0,0,0,7.26488E+20,5.30795E+21,1.20296E+16,4.78849E+16
82646,82647,9,4,61,0,2016,9,9,4,3,0,7,0,0,0,0,0,0,0,1,6.38003E+20,5.52946E+21,1.09218E+16,4.99016E+16
82647,82648,9,7,72,223,2016,9,18,4,3,9,7,0,0,1,0,0,0,0,0,6.19376E+20,5.36183E+21,1.06128E+16,4.83983E+16
82648,82649,9,1,81,130,2016,9,21,6,3,5,3,2,0,1,1,0,0,0,0,6.3967E+20,5.32325E+21,1.08741E+16,4.80472E+16
82649,82650,9,3,76,170,2016,9,15,5,3,5,3,0,0,1,1,0,0,0,0,7.25056E+20,5.4572E+21,1.20912E+16,4.92262E+16
82650,82651,9,2,63,0,2016,9,9,3,2,3,6,0,0,0,1,0,1,0,0,7.62058E+20,5.42038E+21,1.25746E+16,4.88809E+16
82651,82652,9,5,72,164,2016,9,7,5,3,2,6,0,0,0,1,0,0,0,1,6.33645E+20,5.49909E+21,1.08507E+16,4.96296E+16
82652,82653,9,7,63,0,2016,9,12,2,3,1,6,0,0,0,1,0,0,0,0,5.9951E+20,5.28962E+21,1.03277E+16,4.77523E+16
82653,82654,9,2,63,0,2016,9,7,3,3,5,3,0,0,0,1,0,0,0,0,7.64599E+20,5.42088E+21,1.26096E+16,4.88843E+16
82654,82655,9,4,64,0,2016,9,7,2,3,5,3,0,1,0,1,0,0,0,0,7.06458E+20,5.57832E+21,1.19004E+16,5.03208E+16
82655,82656,9,6,71,122,2016,9,11,5,3,4,6,0,0,0,1,0,0,0,1,5.05333E+20,5.52998E+21,9.07429E+15,4.99221E+16
82656,82657,9,7,79,126,2016,9,6,2,2,5,3,1,1,0,0,0,1,0,1,6.33546E+20,5.40626E+21,1.08184E+16,4.8795E+16
82657,82658,9,6,75,139,2016,9,17,6,3,5,3,0,0,0,1,0,0,0,0,5.89656E+20,5.5063E+21,1.02434E+16,4.97025E+16
82658,82659,9,2,71,132,2016,9,6,3,3,4,2,0,0,0,1,0,0,0,0,7.85385E+20,5.41747E+21,1.28901E+16,4.88445E+16
82659,82660,9,5,76,127,2016,9,1,6,3,9,1,2,0,0,1,0,0,0,0,6.65203E+20,5.44696E+21,1.12657E+16,4.91532E+16
82660,82661,9,3,74,129,2016,9,21,4,3,7,7,2,0,0,1,0,0,0,0,6.95674E+20,5.51497E+21,1.17167E+16,4.97553E+16
82661,82662,9,1,87,128,2016,9,9,5,3,5,3,0,0,0,1,0,0,0,0,7.48009E+20,5.31166E+21,1.23192E+16,4.79103E+16
82662,82663,9,3,73,113,2016,9,9,4,3,1,6,0,0,0,0,0,0,1,0,6.7821E+20,5.46773E+21,1.14531E+16,4.93362E+16
82663,82664,9,4,72,175,2016,9,12,2,3,5,3,0,1,0,1,0,0,0,0,6.82715E+20,5.5144E+21,1.15367E+16,4.97542E+16
82664,82665,9,7,64,0,2016,9,12,3,3,1,3,0,0,0,1,0,0,0,0,5.88278E+20,5.31385E+21,1.01828E+16,4.79719E+16
82665,82666,9,1,62,0,2016,9,13,5,2,5,3,0,0,1,0,0,0,0,1,6.92538E+20,5.33919E+21,1.15901E+16,4.81768E+16
82666,82667,9,2,75,153,2016,9,10,3,3,5,1,0,0,0,1,0,0,0,0,8.45983E+20,5.39081E+21,1.36911E+16,4.85747E+16
82667,82668,9,4,71,137,2016,9,14,2,3,8,1,0,1,0,0,0,0,1,0,6.37748E+20,5.53264E+21,1.09193E+16,4.99302E+16