FID,OBJECTID,ULAND,UREGBEZ,UKREIS,UGEMEINDE,UJAHR,UMONAT,USTUNDE,UWOCHENTAG,UKATEGORIE,UART,UTYP1,ULICHTVERH,IstStrasse,IstRad,IstPKW,IstFuss,IstKrad,IstGkfz,IstSonstig,LINREFX,LINREFY,XGCSWGS84,YGCSWGS84
82668,82669,9,5,74,112,2016,9,16,5,2,5,3,0,0,1,1,0,0,0,0,6.69093E+20,5.47407E+21,1.13304E+16,4.93958E+16
82669,82670,9,7,61,0,2016,9,14,2,3,3,6,0,1,0,1,0,0,1,0,6.37493E+20,5.35987E+21,1.08568E+16,4.8377E+16
82670,82671,9,1,82,120,2016,9,14,5,3,5,3,0,0,1,1,0,0,0,0,7.02837E+20,5.30746E+21,1.17134E+16,4.78884E+16
82671,82672,9,5,71,180,2016,9,12,6,3,2,2,0,0,0,1,0,0,0,0,6.31029E+20,5.46209E+21,1.08022E+16,4.92975E+16
82672,82673,9,3,62,0,2016,9,15,4,3,2,6,0,0,0,1,0,0,0,0,7.29762E+20,5.43185E+21,1.21413E+16,4.89967E+16
82673,82674,9,1,81,130,2016,9,14,5,2,8,1,0,0,1,0,0,0,0,0,6.399E+20,5.32355E+21,1.08773E+16,4.80498E+16
82674,82675,9,1,87,150,2016,9,15,5,3,3,3,0,0,0,1,0,1,0,0,7.25169E+20,5.30417E+21,1.201E+16,4.78514E+16
82675,82676,9,5,64,0,2016,9,18,6,3,6,2,0,0,0,1,1,0,0,0,6.47689E+20,5.47577E+21,1.10363E+16,4.94166E+16
82676,82677,9,3,76,161,2016,9,13,4,3,2,6,0,0,0,1,0,0,0,0,7.27462E+20,5.46244E+21,1.21272E+16,4.92724E+16
82677,82678,9,1,85,118,2016,9,18,5,2,5,7,0,0,1,0,0,1,0,0,6.67079E+20,5.40287E+21,1.12733E+16,4.87564E+16
82678,82679,9,1,87,150,2016,9,17,5,3,2,6,0,0,0,0,0,1,0,0,7.28103E+20,5.30447E+21,1.20494E+16,4.7853E+16
82679,82680,9,4,61,0,2016,9,16,2,3,2,6,0,1,0,1,0,0,0,0,6.38053E+20,5.52835E+21,1.09221E+16,4.98916E+16
82680,82681,9,6,75,158,2016,9,6,4,3,4,2,1,0,0,1,0,0,0,0,5.94616E+20,5.52032E+21,1.03155E+16,4.98279E+16
82681,82682,9,7,75,129,2016,9,15,5,3,4,2,0,0,0,1,0,1,0,0,5.81915E+20,5.34164E+21,1.01029E+16,4.82227E+16
82682,82683,9,7,64,0,2016,9,17,3,3,0,1,1,0,0,0,0,1,0,0,5.89315E+20,5.31638E+21,1.01972E+16,4.79945E+16
82683,82684,9,7,71,111,2016,9,14,2,3,8,1,0,1,0,0,0,0,1,0,6.57949E+20,5.35792E+21,1.11321E+16,4.83547E+16
82684,82685,9,7,64,0,2016,9,16,3,3,2,6,0,0,0,1,0,0,0,0,5.87885E+20,5.3164E+21,1.0178E+16,4.79948E+16
82685,82686,9,2,77,153,2016,9,10,3,3,5,3,0,0,0,1,0,0,1,0,7.81087E+20,5.36318E+21,1.27949E+16,4.83592E+16
82686,82687,9,5,73,125,2016,9,19,5,3,9,1,2,0,0,1,0,0,0,0,6.37734E+20,5.47035E+21,1.08972E+16,4.93703E+16
82687,82688,9,7,72,147,2016,9,7,2,3,4,7,0,1,0,1,0,0,0,0,6.35571E+20,5.36441E+21,1.08323E+16,4.84182E+16
82688,82689,9,4,72,116,2016,9,14,6,3,2,1,0,0,0,1,0,0,0,0,6.8667E+20,5.54516E+21,1.16064E+16,5.00295E+16
82689,82690,9,2,76,144,2016,9,18,4,3,4,2,0,0,0,1,0,1,0,0,7.84885E+20,5.44442E+21,1.29021E+16,4.90866E+16
82690,82691,9,2,71,141,2016,9,15,6,2,2,6,0,0,0,1,0,1,0,0,7.94981E+20,5.40284E+21,1.30101E+16,4.87087E+16
82691,82692,9,1,77,133,2016,9,16,5,3,4,2,0,0,0,1,0,0,0,0,7.09844E+20,5.35985E+21,1.18328E+16,4.83569E+16
82692,82693,9,3,62,0,2016,9,15,6,3,6,6,0,0,1,0,1,0,0,0,7.30773E+20,5.43083E+21,1.21545E+16,4.89873E+16
82693,82694,9,1,83,148,2016,9,14,6,3,0,7,0,1,1,1,0,0,0,1,7.53649E+20,5.34359E+21,1.24134E+16,4.81949E+16
82694,82695,9,3,71,127,2016,9,17,5,2,6,4,0,0,0,0,1,1,0,0,7.12886E+20,5.49214E+21,1.1943E+16,4.95444E+16
82695,82696,9,4,74,133,2016,9,13,2,3,5,2,0,1,0,1,0,0,1,0,6.45578E+20,5.51482E+21,1.10217E+16,4.97682E+16
82696,82697,9,7,61,0,2016,9,17,5,3,4,6,0,0,1,0,0,0,0,0,6.3781E+20,5.35288E+21,1.08588E+16,4.83141E+16
82697,82698,9,1,80,135,2016,9,11,7,2,3,2,0,0,0,1,0,1,0,0,6.52585E+20,5.27547E+21,1.10305E+16,4.76146E+16
82698,82699,9,1,84,137,2016,9,13,7,3,2,6,0,0,0,1,0,1,0,0,7.03921E+20,5.31948E+21,1.17336E+16,4.7996E+16
82699,82700,9,5,73,122,2016,9,3,1,2,0,1,2,0,1,0,0,0,0,0,6.42322E+20,5.47763E+21,1.0963E+16,4.94347E+16
82700,82701,9,3,73,147,2016,9,8,4,3,2,6,0,0,0,1,0,0,0,0,6.80071E+20,5.46299E+21,1.14766E+16,4.92931E+16
82701,82702,9,1,73,118,2016,9,16,1,3,3,6,0,0,1,1,0,0,0,0,6.88839E+20,5.30286E+21,1.15243E+16,4.78513E+16
82702,82703,9,5,71,190,2016,9,15,1,3,2,6,0,0,0,1,0,0,0,0,6.29436E+20,5.46297E+21,1.07806E+16,4.93057E+16
82703,82704,9,1,76,126,2016,9,6,2,3,2,6,2,0,0,1,0,0,0,0,6.75288E+20,5.4101E+21,1.1388E+16,4.88192E+16
82704,82705,9,5,61,0,2016,9,12,7,3,0,7,0,0,1,1,0,0,0,0,6.14669E+20,5.46258E+21,1.05774E+16,4.93052E+16
82705,82706,9,5,63,0,2016,9,8,2,3,1,7,0,0,1,1,0,0,0,0,6.43961E+20,5.4816E+21,1.09871E+16,4.947E+16
82706,82707,9,7,77,125,2016,9,6,3,2,9,1,2,1,0,1,0,0,0,0,6.2184E+20,5.276E+21,1.06217E+16,4.7626E+16
82707,82708,9,5,71,199,2016,9,14,3,2,5,3,0,0,0,1,0,0,1,0,5.85274E+20,5.45169E+21,1.01709E+16,4.9212E+16
82708,82709,9,1,78,124,2016,9,20,3,2,8,1,2,0,0,0,0,1,0,0,7.03528E+20,5.36482E+21,1.17501E+16,4.84037E+16
82709,82710,9,5,72,126,2016,9,6,4,3,2,6,1,0,0,1,0,0,0,0,6.33975E+20,5.50633E+21,1.08577E+16,4.96946E+16
82710,82711,9,3,62,0,2016,9,10,3,3,5,3,0,0,1,1,0,0,0,0,7.28207E+20,5.43266E+21,1.21205E+16,4.90046E+16
82711,82712,9,1,87,182,2016,9,13,3,3,2,2,0,0,0,1,0,1,0,0,7.38388E+20,5.32833E+21,1.21999E+16,4.80637E+16
82712,82713,9,1,80,115,2016,9,17,7,3,8,1,1,0,0,0,0,1,0,0,6.48065E+20,5.26983E+21,1.09684E+16,4.7565E+16
82713,82714,9,1,62,0,2016,9,14,7,3,3,2,0,0,1,1,0,0,0,0,6.93829E+20,5.33164E+21,1.1604E+16,4.81085E+16
82714,82715,9,1,80,117,2016,9,20,1,3,8,1,2,0,0,0,0,1,0,0,6.60713E+20,5.26132E+21,1.11334E+16,4.74855E+16
82715,82716,9,5,71,145,2016,9,14,1,3,2,6,0,0,0,1,0,1,0,0,5.91663E+20,5.44668E+21,1.02574E+16,4.9166E+16
82716,82717,9,2,61,0,2016,9,7,3,2,2,6,0,0,0,1,0,1,0,0,7.33293E+20,5.38112E+21,1.21607E+16,4.85398E+16
82717,82718,9,1,61,0,2016,9,10,2,3,2,6,0,0,0,1,0,0,0,0,6.77195E+20,5.40428E+21,1.14114E+16,4.87663E+16
82718,82719,9,4,75,120,2016,9,19,7,2,8,1,2,1,0,0,0,1,0,0,7.12302E+20,5.57472E+21,1.19803E+16,5.02863E+16
82719,82720,9,1,89,148,2016,9,23,4,3,9,1,2,1,0,0,0,1,0,1,7.74429E+20,5.30967E+21,1.26708E+16,4.78816E+16
82720,82721,9,5,64,0,2016,9,8,2,3,2,6,0,0,0,1,0,0,0,1,6.49021E+20,5.47892E+21,1.10558E+16,4.94447E+16
82721,82722,9,1,78,133,2016,9,19,2,1,9,1,1,0,0,1,0,0,0,0,6.86595E+20,5.36777E+21,1.15228E+16,4.84354E+16
82722,82723,9,5,61,0,2016,9,13,2,3,2,6,0,0,0,1,0,0,0,0,6.14677E+20,5.46111E+21,1.05771E+16,4.9292E+16
82723,82724,9,7,73,125,2016,9,7,3,3,5,2,0,0,1,0,0,0,0,0,6.09801E+20,5.38169E+21,1.04887E+16,4.85786E+16
82724,82725,9,1,78,124,2016,9,20,2,2,5,2,2,0,0,1,0,0,0,0,6.98431E+20,5.36263E+21,1.16802E+16,4.83856E+16
82725,82726,9,4,63,0,2016,9,6,3,3,2,6,0,0,0,1,0,0,0,0,6.39526E+20,5.56925E+21,1.09575E+16,5.02589E+16
82726,82727,9,1,77,131,2016,9,6,3,1,4,6,1,0,0,1,0,1,0,0,7.13062E+20,5.34798E+21,1.18702E+16,4.82492E+16
82727,82728,9,5,74,141,2016,9,14,4,2,5,3,0,0,0,1,0,1,0,0,6.69345E+20,5.48848E+21,1.13401E+16,4.95253E+16
82728,82729,9,3,76,170,2016,9,12,3,3,5,3,0,0,0,1,0,0,0,0,7.27549E+20,5.45642E+21,1.21249E+16,4.92183E+16
82729,82730,9,1,63,0,2016,9,7,3,3,2,6,0,0,0,1,0,0,0,0,7.33253E+20,5.30528E+21,1.21185E+16,4.78585E+16
82730,82731,9,1,80,123,2016,9,9,2,2,2,2,0,0,0,1,0,0,0,0,6.70416E+20,5.25322E+21,1.12589E+16,4.74102E+16
82731,82732,9,1,73,112,2016,9,18,7,2,8,1,0,0,1,0,0,0,0,0,6.92019E+20,5.29359E+21,1.15627E+16,4.77671E+16
82732,82733,9,7,78,151,2016,9,18,7,3,8,7,0,0,0,1,0,0,0,0,5.94343E+20,5.31919E+21,1.02652E+16,4.80191E+16
82733,82734,9,1,83,118,2016,9,14,1,3,8,1,0,0,0,1,0,0,0,0,7.46301E+20,5.3367E+21,1.23107E+16,4.81359E+16
82734,82735,9,1,86,122,2016,9,17,2,3,4,6,0,0,0,1,0,0,0,0,6.97316E+20,5.39456E+21,1.16803E+16,4.86729E+16
82735,82736,9,4,76,180,2016,9,18,7,3,0,7,0,0,0,0,0,1,0,0,6.71307E+20,5.58509E+21,1.14101E+16,5.03929E+16
82736,82737,9,1,87,132,2016,9,16,4,3,0,1,0,0,0,0,0,1,0,0,7.42748E+20,5.29894E+21,1.22417E+16,4.7798E+16
82737,82738,9,1,75,115,2016,9,19,2,3,0,1,2,0,1,0,0,0,0,0,7.21035E+20,5.32931E+21,1.19678E+16,4.80787E+16
82738,82739,9,5,71,152,2016,9,0,2,3,2,6,2,0,0,1,0,0,0,0,5.87773E+20,5.46442E+21,1.0208E+16,4.93262E+16
82739,82740,9,1,62,0,2016,9,16,1,3,3,7,0,0,0,1,0,1,0,0,6.87972E+20,5.335E+21,1.15268E+16,4.81405E+16
82740,82741,9,1,83,145,2016,9,16,7,3,4,3,0,0,0,0,0,1,0,1,7.56189E+20,5.33707E+21,1.24436E+16,4.81353E+16
82741,82742,9,1,77,118,2016,9,15,3,3,0,7,0,0,0,1,1,0,0,0,7.0807E+20,5.34464E+21,1.18014E+16,4.82209E+16
82742,82743,9,5,77,159,2016,9,5,1,2,0,7,2,0,0,1,0,0,0,0,6.35422E+20,5.44185E+21,1.08558E+16,4.91145E+16
82743,82744,9,4,72,176,2016,9,18,4,3,0,6,1,0,0,0,0,1,0,1,6.67568E+20,5.52968E+21,1.13332E+16,4.9896E+16
82744,82745,9,2,75,126,2016,9,14,3,2,4,7,0,0,0,1,0,0,0,0,8.4118E+20,5.39621E+21,1.36306E+16,4.86258E+16
82745,82746,9,1,87,162,2016,9,17,2,3,2,6,0,0,0,1,0,0,0,0,7.50776E+20,5.3038E+21,1.23516E+16,4.78386E+16
82746,82747,9,4,78,176,2016,9,9,7,3,2,6,0,0,0,1,0,0,0,0,6.60111E+20,5.55204E+21,1.12388E+16,5.0099E+16
82747,82748,9,1,83,134,2016,9,18,7,2,3,6,0,0,0,0,0,1,0,0,7.62631E+20,5.33865E+21,1.2531E+16,4.81468E+16
82748,82749,9,7,75,135,2016,9,17,7,3,2,6,0,0,0,1,0,0,0,0,5.73729E+20,5.35801E+21,9.99555E+15,4.8371E+16
82749,82750,9,1,89,114,2016,9,11,1,3,3,6,0,0,1,0,0,0,0,0,7.64502E+20,5.31029E+21,1.25386E+16,4.78914E+16
82750,82751,9,5,77,159,2016,9,10,4,3,2,6,0,0,0,0,0,0,1,0,6.33141E+20,5.44245E+21,1.08247E+16,4.91205E+16
82751,82752,9,2,63,0,2016,9,5,3,3,2,6,2,0,0,1,0,0,0,0,7.67944E+20,5.4215E+21,1.26555E+16,4.88885E+16
82752,82753,9,1,89,154,2016,9,13,2,2,2,6,0,0,0,0,0,1,0,1,7.67703E+20,5.31627E+21,1.25851E+16,4.79438E+16
82753,82754,9,4,73,121,2016,9,15,7,2,2,6,0,0,0,1,0,1,0,0,6.46412E+20,5.56534E+21,1.10525E+16,5.02221E+16
82754,82755,9,7,75,135,2016,9,15,7,3,4,6,0,0,1,0,0,0,0,0,5.74569E+20,5.35867E+21,1.0007E+16,4.83768E+16
82755,82756,9,2,74,145,2016,9,20,3,2,9,7,2,0,0,1,0,0,0,0,7.47969E+20,5.3847E+21,1.23614E+16,4.85663E+16
82756,82757,9,1,89,114,2016,9,17,1,2,4,2,0,0,0,1,0,1,0,0,7.60895E+20,5.31413E+21,1.24928E+16,4.79273E+16
82757,82758,9,1,81,115,2016,9,6,4,3,2,6,1,0,0,1,0,0,0,0,6.56867E+20,5.32684E+21,1.1106E+16,4.80755E+16
82758,82759,9,1,62,0,2016,9,15,1,3,2,6,0,0,0,1,0,0,0,0,6.87407E+20,5.33508E+21,1.15193E+16,4.81413E+16
82759,82760,9,1,75,123,2016,9,16,3,2,5,3,0,0,0,1,0,0,0,0,7.25597E+20,5.33632E+21,1.20326E+16,4.81401E+16
82760,82761,9,5,71,136,2016,9,18,2,3,8,1,0,0,0,1,0,0,0,0,5.97531E+20,5.43673E+21,1.03355E+16,4.90757E+16
82761,82762,9,1,87,162,2016,9,18,7,3,8,1,0,0,0,0,0,1,0,0,7.50197E+20,5.30549E+21,1.23448E+16,4.7854E+16
82762,82763,9,7,78,186,2016,9,14,7,2,5,3,0,0,0,1,0,1,0,0,5.9635E+20,5.31126E+21,1.02903E+16,4.79474E+16
82763,82764,9,4,79,166,2016,9,12,1,3,5,3,0,0,1,1,0,0,0,0,7.06409E+20,5.55411E+21,1.18865E+16,5.01034E+16
82764,82765,9,3,72,171,2016,9,8,4,3,4,6,0,0,0,1,0,0,0,0,7.64348E+20,5.47506E+21,1.26416E+16,4.93708E+16
82765,82766,9,1,72,134,2016,9,10,1,3,0,6,0,0,0,1,0,1,0,0,7.85061E+20,5.30645E+21,1.28105E+16,4.78481E+16
82766,82767,9,4,78,165,2016,9,17,1,2,2,6,0,0,0,1,0,0,0,0,6.44021E+20,5.55274E+21,1.10142E+16,5.01094E+16
82767,82768,9,1,82,124,2016,9,21,2,3,8,1,2,1,1,0,0,0,0,0,7.05013E+20,5.2861E+21,1.17324E+16,4.76957E+16
82768,82769,9,4,72,175,2016,9,16,7,3,5,3,0,0,0,0,0,1,0,1,6.77467E+20,5.51219E+21,1.14629E+16,4.9736E+16
82769,82770,9,7,80,143,2016,9,17,7,3,8,1,0,0,0,1,0,0,0,0,5.97505E+20,5.27956E+21,1.02987E+16,4.76621E+16
82770,82771,9,1,72,134,2016,9,15,1,3,0,7,0,1,0,0,0,1,0,1,7.86691E+20,5.30542E+21,1.28316E+16,4.78381E+16
82771,82772,9,4,78,139,2016,9,7,2,3,3,6,0,0,0,1,0,0,1,0,6.43965E+20,5.55825E+21,1.10155E+16,5.0159E+16
82772,82773,9,1,84,112,2016,9,18,3,3,5,3,0,0,1,1,0,0,0,0,7.01801E+20,5.3393E+21,1.17146E+16,4.81749E+16
82773,82774,9,1,62,0,2016,9,14,1,3,2,6,0,0,0,1,0,0,0,0,6.88743E+20,5.32905E+21,1.15346E+16,4.80867E+16
82774,82775,9,5,64,0,2016,9,7,3,2,0,3,0,0,1,0,0,0,0,0,6.49732E+20,5.48188E+21,1.10668E+16,4.94711E+16
82775,82776,9,1,75,123,2016,9,15,3,3,4,6,0,0,0,1,0,0,1,0,7.23325E+20,5.33718E+21,1.20026E+16,4.81487E+16
82776,82777,9,5,72,130,2016,9,16,3,3,2,6,0,0,0,1,0,0,0,0,6.39954E+20,5.50605E+21,1.09405E+16,4.96907E+16
82777,82778,9,6,72,114,2016,9,7,4,3,0,7,0,0,0,1,0,1,0,0,5.78147E+20,5.55774E+21,1.00942E+16,5.01667E+16
82778,82779,9,3,77,154,2016,9,16,3,3,5,7,0,0,1,0,0,0,1,0,7.39028E+20,5.53077E+21,1.23274E+16,4.98815E+16
82779,82780,9,1,78,123,2016,9,10,4,2,8,1,0,0,0,0,0,0,0,1,6.89975E+20,5.3598E+21,1.15649E+16,4.83628E+16
82780,82781,9,7,78,113,2016,9,6,1,3,8,1,1,0,0,1,0,0,0,0,6.11721E+20,5.32045E+21,1.04985E+16,4.80276E+16
82781,82782,9,1,62,0,2016,9,8,2,3,2,6,0,0,0,1,0,0,0,0,6.88381E+20,5.33406E+21,1.15319E+16,4.81318E+16
82782,82783,9,1,82,131,2016,9,13,7,3,0,1,0,0,1,0,0,0,0,0,7.17292E+20,5.28726E+21,1.18964E+16,4.77021E+16
82783,82784,9,7,80,121,2016,9,19,7,3,9,1,1,0,0,1,0,0,0,0,5.95552E+20,5.25814E+21,1.0268E+16,4.74697E+16
82784,82785,9,4,78,165,2016,9,18,1,3,3,6,1,0,0,1,0,0,0,0,6.44016E+20,5.55276E+21,1.10142E+16,5.01096E+16
82785,82786,9,3,71,146,2016,9,14,4,2,4,6,0,0,0,1,0,0,1,0,7.14024E+20,5.46391E+21,1.19435E+16,4.92904E+16
82786,82787,9,1,71,116,2016,9,15,1,3,8,7,0,0,0,0,0,1,0,0,7.66983E+20,5.33261E+21,1.25856E+16,4.80908E+16
82787,82788,9,4,76,159,2016,9,18,1,2,0,6,1,0,0,1,0,1,0,0,6.77756E+20,5.57877E+21,1.14978E+16,5.03341E+16
82788,82789,9,4,77,142,2016,9,15,7,2,0,1,0,0,1,0,0,0,0,0,6.79255E+20,5.54359E+21,1.15023E+16,5.00176E+16
82789,82790,9,4,72,175,2016,9,10,2,3,8,1,0,0,0,1,0,0,0,0,6.85336E+20,5.51742E+21,1.15745E+16,4.97806E+16
82790,82791,9,7,77,138,2016,9,14,3,2,0,6,0,0,1,1,0,0,0,0,6.05146E+20,5.2983E+21,1.04049E+16,4.78294E+16
82791,82792,9,7,64,0,2016,9,15,1,3,0,7,0,1,0,0,0,1,0,1,5.87974E+20,5.31644E+21,1.01792E+16,4.79952E+16
82792,82793,9,4,79,166,2016,9,16,3,3,5,3,0,0,0,1,0,0,0,0,7.07277E+20,5.55276E+21,1.18979E+16,5.00909E+16
82793,82794,9,1,84,140,2016,9,15,2,3,2,6,0,0,0,1,0,0,0,0,7.00505E+20,5.32892E+21,1.16923E+16,4.8082E+16
82794,82795,9,5,72,114,2016,9,17,4,3,4,6,0,0,1,0,0,0,0,0,6.33549E+20,5.4933E+21,1.08474E+16,4.95775E+16
82795,82796,9,3,76,144,2016,9,18,3,3,0,7,0,0,0,1,0,0,0,0,7.29754E+20,5.48268E+21,1.21703E+16,4.94533E+16
82796,82797,9,1,63,0,2016,9,14,3,3,2,6,0,1,0,1,0,0,0,0,7.30895E+20,5.30335E+21,1.2086E+16,4.7842E+16
82797,82798,9,1,87,122,2016,9,3,7,3,8,1,2,0,0,1,0,0,0,0,7.18839E+20,5.30558E+21,1.19262E+16,4.78662E+16
82798,82799,9,7,80,118,2016,9,10,7,3,4,2,0,0,1,1,0,0,0,0,5.96625E+20,5.26525E+21,1.02838E+16,4.75335E+16
82799,82800,9,1,72,114,2016,9,16,1,3,2,7,0,0,0,1,0,1,0,0,7.89892E+20,5.2927E+21,1.28658E+16,4.77225E+16
82800,82801,9,4,72,111,2016,9,14,1,3,9,1,0,0,0,1,0,0,0,0,6.69738E+20,5.52034E+21,1.13593E+16,4.98114E+16
82801,82802,9,2,74,128,2016,9,6,3,3,4,6,1,0,0,1,0,0,0,0,7.36494E+20,5.39377E+21,1.22112E+16,4.86522E+16
82802,82803,9,1,82,116,2016,9,14,3,3,5,3,0,0,0,1,0,0,0,0,7.04137E+20,5.29162E+21,1.17233E+16,4.77457E+16
82803,82804,9,1,87,150,2016,9,10,7,2,2,6,0,0,0,1,0,1,0,0,7.29796E+20,5.30338E+21,1.20714E+16,4.78426E+16
82804,82805,9,7,80,133,2016,9,16,7,2,5,3,0,0,0,1,0,1,0,0,5.97571E+20,5.25777E+21,1.02947E+16,4.74661E+16
82805,82806,9,4,72,116,2016,9,16,1,2,1,7,0,0,0,1,1,0,0,0,6.9172E+20,5.54627E+21,1.16774E+16,5.00378E+16
82806,82807,9,2,75,130,2016,9,10,4,3,1,6,0,0,0,1,0,0,0,0,8.1527E+20,5.36408E+21,1.32558E+16,4.83511E+16
82807,82808,9,1,84,141,2016,9,11,1,3,2,6,0,0,0,1,0,0,0,1,7.00486E+20,5.31668E+21,1.16863E+16,4.7972E+16
82808,82809,9,4,61,0,2016,9,11,1,3,0,7,0,0,1,1,0,0,0,0,6.37455E+20,5.53073E+21,1.09146E+16,4.99131E+16
82809,82810,9,2,79,122,2016,9,23,3,2,4,2,2,0,0,1,0,0,0,0,7.73476E+20,5.39175E+21,1.2711E+16,4.8619E+16
82810,82811,9,1,76,164,2016,9,9,2,3,5,3,0,0,0,0,0,0,0,1,6.60309E+20,5.42755E+21,1.11909E+16,4.89801E+16
82811,82812,9,4,72,198,2016,9,13,7,2,0,1,0,0,1,0,0,0,0,0,6.99939E+20,5.54446E+21,1.17911E+16,5.00189E+16
82812,82813,9,1,90,140,2016,9,6,4,3,4,2,1,0,0,1,0,0,0,0,6.44938E+20,5.29365E+21,1.09348E+16,4.77799E+16
82813,82814,9,4,72,198,2016,9,18,2,2,0,7,1,0,1,0,0,0,0,0,6.98649E+20,5.5407E+21,1.17712E+16,4.99855E+16
82814,82815,9,7,61,0,2016,9,18,3,3,4,2,0,0,1,1,0,0,0,0,6.41388E+20,5.35751E+21,1.09086E+16,4.83549E+16
82815,82816,9,7,78,151,2016,9,13,1,2,1,7,0,0,0,1,0,0,0,1,5.92405E+20,5.31768E+21,1.02389E+16,4.80057E+16
82816,82817,9,4,74,140,2016,9,12,3,2,4,2,0,0,0,1,0,1,0,0,6.61396E+20,5.49666E+21,1.12337E+16,4.96009E+16
82817,82818,9,7,78,173,2016,9,16,2,3,2,6,0,0,0,1,0,0,0,0,6.12638E+20,5.32059E+21,1.05108E+16,4.80287E+16
82818,82819,9,5,64,0,2016,9,14,4,3,5,3,0,0,0,1,0,0,0,0,6.52158E+20,5.47752E+21,1.10985E+16,4.94313E+16
82819,82820,9,2,63,0,2016,9,19,3,3,5,3,2,0,1,1,0,0,0,0,7.63258E+20,5.42072E+21,1.25912E+16,4.88834E+16
82820,82821,9,1,76,143,2016,9,17,3,2,5,2,0,0,0,1,0,1,0,0,6.81134E+20,5.40902E+21,1.14671E+16,4.88077E+16
82821,82822,9,1,89,155,2016,9,14,2,3,5,3,0,0,0,1,0,1,0,0,7.72458E+20,5.31029E+21,1.26448E+16,4.7888E+16
82822,82823,9,4,71,185,2016,9,16,7,2,0,7,0,0,0,0,0,1,0,0,6.42812E+20,5.53662E+21,1.09913E+16,4.99649E+16
82823,82824,9,1,61,0,2016,9,15,7,3,2,6,0,0,0,1,0,1,0,0,6.79497E+20,5.39964E+21,1.14407E+16,4.87239E+16
82824,82825,9,7,77,176,2016,9,17,7,3,5,3,0,0,0,1,0,0,0,0,6.01882E+20,5.2988E+21,1.03615E+16,4.78345E+16
82825,82826,9,2,74,132,2016,9,11,3,3,2,6,0,0,0,0,0,0,1,1,7.22031E+20,5.38605E+21,1.2011E+16,4.85882E+16
82826,82827,9,1,87,169,2016,9,20,1,3,2,6,2,0,0,1,0,0,0,0,7.37683E+20,5.29923E+21,1.21744E+16,4.78025E+16
82827,82828,9,1,62,0,2016,9,8,2,3,2,7,0,0,0,0,0,0,0,1,6.80282E+20,5.33854E+21,1.14251E+16,4.81745E+16
82828,82829,9,4,71,159,2016,9,16,7,3,2,6,0,0,1,0,0,0,0,0,6.401E+20,5.53256E+21,1.09521E+16,4.9929E+16
82829,82830,9,1,87,182,2016,9,7,4,3,2,6,0,0,0,1,0,0,0,0,7.40729E+20,5.32772E+21,1.22309E+16,4.80573E+16
82830,82831,9,7,75,135,2016,9,10,1,2,0,7,0,0,1,0,0,0,0,0,5.75203E+20,5.36131E+21,1.0016E+16,4.84005E+16
82831,82832,9,7,74,121,2016,9,0,2,3,8,1,2,0,0,1,0,0,0,0,6.01544E+20,5.36503E+21,1.03727E+16,4.84303E+16
82832,82833,9,4,71,185,2016,9,20,2,3,0,7,0,0,0,1,0,0,0,1,6.45574E+20,5.5379E+21,1.10303E+16,4.99757E+16
82833,82834,9,1,62,0,2016,9,6,2,3,2,6,2,0,0,1,0,1,0,0,6.81376E+20,5.34184E+21,1.14412E+16,4.82039E+16
82834,82835,9,3,77,158,2016,9,19,7,1,2,6,2,0,0,1,0,1,0,1,7.37709E+20,5.54592E+21,1.23184E+16,5.00181E+16
82835,82836,9,1,89,154,2016,9,16,4,2,6,2,0,0,0,1,1,0,0,0,7.68224E+20,5.31829E+21,1.25933E+16,4.79616E+16
82836,82837,9,7,74,143,2016,9,14,1,2,5,3,0,0,1,1,0,0,0,0,5.96713E+20,5.35825E+21,1.03059E+16,4.837E+16
82837,82838,9,4,71,145,2016,9,18,2,3,4,6,0,0,0,1,0,0,0,0,6.45739E+20,5.52098E+21,1.10262E+16,4.98235E+16
82838,82839,9,7,78,209,2016,9,1,1,3,9,1,2,0,0,1,0,0,0,0,6.1845E+20,5.32578E+21,1.05902E+16,4.80743E+16
82839,82840,9,1,85,125,2016,9,11,7,1,2,6,0,0,0,1,0,1,1,0,6.53001E+20,5.39353E+21,1.10784E+16,4.8676E+16
82840,82841,9,3,77,142,2016,9,15,1,3,8,1,0,0,0,0,0,1,0,0,7.4529E+20,5.53809E+21,1.24191E+16,4.99448E+16
82841,82842,9,4,73,120,2016,9,13,4,3,8,7,0,0,0,1,0,0,0,0,6.42444E+20,5.5719E+21,1.09994E+16,5.0282E+16
82842,82843,9,2,76,129,2016,9,14,3,3,4,6,0,0,0,1,0,0,0,0,8.06742E+20,5.43704E+21,1.31951E+16,4.90099E+16
82843,82844,9,1,72,116,2016,9,11,2,2,8,7,0,0,0,1,0,0,0,0,8.00005E+20,5.28248E+21,1.29933E+16,4.76262E+16
82844,82845,9,3,75,170,2016,9,16,7,3,2,6,0,0,1,0,0,0,0,0,7.34858E+20,5.42579E+21,1.22074E+16,4.89404E+16
82845,82846,9,1,76,138,2016,9,15,7,2,9,1,0,0,0,1,0,0,0,0,6.75212E+20,5.42749E+21,1.13944E+16,4.89754E+16
82846,82847,9,7,77,130,2016,9,15,7,3,5,3,0,0,0,1,0,1,0,0,6.24039E+20,5.30899E+21,1.06603E+16,4.79222E+16