FID,OBJECTID,ULAND,UREGBEZ,UKREIS,UGEMEINDE,UJAHR,UMONAT,USTUNDE,UWOCHENTAG,UKATEGORIE,UART,UTYP1,ULICHTVERH,IstStrasse,IstRad,IstPKW,IstFuss,IstKrad,IstGkfz,IstSonstig,LINREFX,LINREFY,XGCSWGS84,YGCSWGS84
82847,82848,9,1,87,182,2016,9,15,1,3,4,6,0,0,0,1,0,0,0,1,7.37665E+20,5.32768E+21,1.21898E+16,4.80581E+16
82848,82849,9,3,77,154,2016,9,15,2,3,5,3,0,0,1,1,0,0,0,0,7.38992E+20,5.53083E+21,1.23269E+16,4.98821E+16
82849,82850,9,1,79,121,2016,9,13,4,2,5,3,0,0,1,1,0,0,0,0,6.66829E+20,5.33823E+21,1.12441E+16,4.81754E+16
82850,82851,9,7,77,121,2016,9,17,1,3,4,1,0,0,0,1,0,0,0,0,6.28504E+20,5.31888E+21,1.0723E+16,4.80103E+16
82851,82852,9,7,75,152,2016,9,15,2,3,2,2,0,0,0,1,0,0,0,0,5.76328E+20,5.35292E+21,1.00297E+16,4.83248E+16
82852,82853,9,3,74,119,2016,9,13,2,3,5,3,0,0,1,1,0,0,0,0,7.23924E+20,5.50224E+21,1.21011E+16,4.96311E+16
82853,82854,9,1,62,0,2016,9,9,7,2,2,6,0,0,0,1,0,0,0,0,6.82855E+20,5.34228E+21,1.14613E+16,4.82074E+16
82854,82855,9,7,77,121,2016,9,11,7,3,6,4,0,0,0,1,1,0,0,0,6.28827E+20,5.3219E+21,1.07283E+16,4.80374E+16
82855,82856,9,3,74,158,2016,9,17,1,3,4,6,0,0,0,1,0,1,0,0,7.3167E+20,5.51621E+21,1.22165E+16,4.97537E+16
82856,82857,9,3,73,147,2016,9,17,4,2,4,2,0,0,0,1,0,0,0,0,6.78163E+20,5.45919E+21,1.14487E+16,4.92595E+16
82857,82858,9,1,63,0,2016,9,20,1,3,4,2,2,0,0,1,0,1,0,0,7.34556E+20,5.30428E+21,1.21354E+16,4.7849E+16
82858,82859,9,3,74,122,2016,9,11,1,2,9,1,0,0,0,0,0,1,0,0,7.44036E+20,5.51651E+21,1.2388E+16,4.97514E+16
82859,82860,9,1,61,0,2016,9,9,2,3,2,6,0,0,0,1,0,0,0,0,6.76199E+20,5.40453E+21,1.1398E+16,4.87688E+16
82860,82861,9,3,75,161,2016,9,16,7,3,5,2,0,0,1,0,0,1,0,0,7.30727E+20,5.42491E+21,1.21505E+16,4.89341E+16
82861,82862,9,1,74,115,2016,9,19,7,3,5,2,2,0,0,1,0,1,0,0,6.83269E+20,5.34831E+21,1.14694E+16,4.82615E+16
82862,82863,9,7,75,135,2016,9,16,2,3,3,6,0,0,0,1,0,0,1,0,5.74599E+20,5.36081E+21,1.00078E+16,4.8396E+16
82863,82864,9,7,73,144,2016,9,19,7,3,1,6,2,0,0,1,0,0,0,1,6.0427E+20,5.38131E+21,1.04136E+16,4.85762E+16
82864,82865,9,3,77,116,2016,9,15,1,3,6,7,0,0,0,0,1,0,0,1,7.19072E+20,5.52549E+21,1.2047E+16,4.98418E+16
82865,82866,9,4,71,175,2016,9,9,4,3,1,7,0,0,0,1,0,0,0,0,6.30872E+20,5.54245E+21,1.08269E+16,5.00199E+16
82866,82867,9,2,62,0,2016,9,20,3,3,5,2,2,0,0,1,0,0,0,0,8.28896E+20,5.38955E+21,1.34592E+16,4.85726E+16
82867,82868,9,1,87,173,2016,9,12,1,3,5,3,0,0,1,1,0,0,0,0,7.41169E+20,5.31833E+21,1.22315E+16,4.79728E+16
82868,82869,9,1,82,131,2016,9,10,2,3,5,2,0,0,1,1,0,0,0,0,7.15572E+20,5.28788E+21,1.18738E+16,4.77083E+16
82869,82870,9,3,75,196,2016,9,15,7,3,2,6,0,0,0,1,0,0,0,0,7.32971E+20,5.41403E+21,1.21749E+16,4.88355E+16
82870,82871,9,7,72,149,2016,9,12,7,3,1,6,0,0,0,1,0,0,0,0,6.34978E+20,5.33803E+21,1.08159E+16,4.81812E+16
82871,82872,9,1,82,119,2016,9,12,1,3,2,6,0,0,0,1,0,0,0,0,7.11704E+20,5.29433E+21,1.18255E+16,4.77675E+16
82872,82873,9,1,78,122,2016,9,15,4,2,5,2,0,0,0,1,0,1,0,0,7.03015E+20,5.38452E+21,1.17527E+16,4.85808E+16
82873,82874,9,7,79,178,2016,9,15,1,3,3,2,0,0,0,0,0,1,0,1,6.44423E+20,5.40128E+21,1.09647E+16,4.87478E+16
82874,82875,9,5,76,128,2016,9,13,3,3,5,3,0,0,0,1,0,1,0,0,6.40726E+20,5.46045E+21,1.09349E+16,4.92806E+16
82875,82876,9,7,78,180,2016,9,15,2,3,0,6,0,0,0,1,0,0,0,0,6.05863E+20,5.3247E+21,1.0421E+16,4.80668E+16
82876,82877,9,1,61,0,2016,9,13,3,2,1,3,0,0,1,1,0,0,0,0,6.7558E+20,5.40492E+21,1.13897E+16,4.87725E+16
82877,82878,9,1,78,150,2016,9,11,7,3,5,6,0,0,0,1,0,0,0,1,6.91392E+20,5.37104E+21,1.15891E+16,4.84634E+16
82878,82879,9,7,72,209,2016,9,15,7,3,5,3,0,0,1,1,0,0,0,0,6.34816E+20,5.33573E+21,1.0813E+16,4.81605E+16
82879,82880,9,3,77,133,2016,9,21,1,3,7,7,2,0,0,1,0,0,0,0,7.08169E+20,5.53622E+21,1.19014E+16,4.9942E+16
82880,82881,9,3,76,161,2016,9,17,4,3,5,3,0,0,0,1,0,0,0,0,7.29661E+20,5.4715E+21,1.21626E+16,4.93529E+16
82881,82882,9,1,82,124,2016,9,12,1,3,4,6,0,0,0,0,0,1,0,0,7.07027E+20,5.28466E+21,1.17585E+16,4.76822E+16
82882,82883,9,3,75,180,2016,9,12,1,2,1,6,0,0,0,1,0,0,0,0,7.24318E+20,5.42959E+21,1.20657E+16,4.89785E+16
82883,82884,9,1,82,116,2016,9,14,3,3,2,6,0,0,0,1,0,0,0,0,7.04053E+20,5.29526E+21,1.17239E+16,4.77783E+16
82884,82885,9,3,75,183,2016,9,19,7,1,9,6,2,0,0,1,0,0,0,0,7.4369E+20,5.42918E+21,1.23298E+16,4.89674E+16
82885,82886,9,3,77,116,2016,9,17,2,3,5,3,1,0,0,1,0,0,0,0,7.19044E+20,5.52543E+21,1.20466E+16,4.98412E+16
82886,82887,9,3,75,179,2016,9,17,2,3,0,6,0,0,1,1,0,0,0,0,7.31752E+20,5.4285E+21,1.21666E+16,4.89659E+16
82887,82888,9,7,75,135,2016,9,12,3,2,8,6,0,0,0,1,0,0,0,0,5.80419E+20,5.35984E+21,1.00862E+16,4.83866E+16
82888,82889,9,5,71,178,2016,9,17,3,3,5,2,0,0,0,1,0,1,0,0,6.30907E+20,5.45252E+21,1.07974E+16,4.92115E+16
82889,82890,9,7,78,150,2016,9,12,2,3,2,6,0,0,0,1,0,0,1,0,5.84607E+20,5.32073E+21,1.0135E+16,4.80343E+16
82890,82891,9,6,71,143,2016,9,16,4,3,2,6,0,0,0,1,0,0,0,0,5.11617E+20,5.54507E+21,9.16229E+15,5.00578E+16
82891,82892,9,3,75,117,2016,9,7,3,3,2,6,0,0,0,1,0,0,0,0,7.35251E+20,5.4318E+21,1.22162E+16,4.89942E+16
82892,82893,9,1,86,130,2016,9,17,3,3,0,1,0,0,0,0,0,1,0,0,6.84862E+20,5.37342E+21,1.15019E+16,4.84867E+16
82893,82894,9,1,78,113,2016,9,11,7,3,2,6,0,0,0,1,0,0,0,0,6.91491E+20,5.36826E+21,1.15892E+16,4.84384E+16
82894,82895,9,7,71,113,2016,9,21,7,3,0,7,2,0,1,0,0,0,0,0,6.57486E+20,5.36883E+21,1.113E+16,4.84529E+16
82895,82896,9,3,75,205,2016,9,8,4,2,8,1,1,1,0,1,0,0,0,0,7.26259E+20,5.42314E+21,1.20886E+16,4.89198E+16
82896,82897,9,1,82,124,2016,9,17,1,3,0,1,0,0,0,0,0,1,0,0,7.07046E+20,5.28312E+21,1.1758E+16,4.76683E+16
82897,82898,9,3,75,181,2016,9,17,1,3,4,2,0,0,0,1,0,1,0,0,7.1963E+20,5.43427E+21,1.20043E+16,4.90222E+16
82898,82899,9,1,80,115,2016,9,15,3,3,5,3,0,0,0,1,0,1,0,0,6.54864E+20,5.27079E+21,1.10591E+16,4.7572E+16
82899,82900,9,1,81,127,2016,9,17,2,3,2,6,0,0,0,1,0,0,0,0,6.34591E+20,5.32277E+21,1.08058E+16,4.8044E+16
82900,82901,9,3,75,208,2016,9,15,7,3,5,3,0,0,0,1,0,0,0,0,7.3064E+20,5.44019E+21,1.2158E+16,4.90713E+16
82901,82902,9,1,89,165,2016,9,16,4,3,5,3,0,0,0,1,0,0,0,1,7.75584E+20,5.31138E+21,1.26873E+16,4.78965E+16
82902,82903,9,3,72,169,2016,9,6,2,1,4,2,1,0,0,1,0,1,0,0,7.43183E+20,5.44866E+21,1.23346E+16,4.91426E+16
82903,82904,9,7,73,144,2016,9,20,1,2,4,6,2,0,0,1,0,0,0,1,6.04571E+20,5.38102E+21,1.04176E+16,4.85735E+16
82904,82905,9,5,64,0,2016,9,15,4,3,2,6,0,0,0,1,0,0,0,0,6.52156E+20,5.47751E+21,1.10985E+16,4.94312E+16
82905,82906,9,2,63,0,2016,9,12,3,3,0,1,0,0,1,0,0,0,0,0,7.62314E+20,5.42041E+21,1.25781E+16,4.88811E+16
82906,82907,9,1,89,114,2016,9,8,2,3,5,3,0,0,0,1,0,0,0,0,7.65229E+20,5.31142E+21,1.2549E+16,4.79012E+16
82907,82908,9,3,76,163,2016,9,13,7,3,5,3,0,0,0,1,0,0,0,0,7.26697E+20,5.4753E+21,1.2124E+16,4.93882E+16
82908,82909,9,6,75,150,2016,9,16,7,3,2,6,0,0,0,1,0,0,0,1,5.84698E+20,5.49679E+21,1.01726E+16,4.96177E+16
82909,82910,9,7,73,111,2016,9,16,3,2,2,6,0,0,1,1,0,0,0,0,6.07821E+20,5.37389E+21,1.04598E+16,4.85089E+16
82910,82911,9,7,73,125,2016,9,16,1,3,5,3,0,0,0,1,0,0,0,0,6.18259E+20,5.38084E+21,1.06031E+16,4.85695E+16
82911,82912,9,4,78,139,2016,9,16,3,3,8,1,0,0,0,1,0,0,0,0,6.44384E+20,5.55787E+21,1.10212E+16,5.01554E+16
82912,82913,9,7,75,115,2016,9,17,2,2,4,3,0,0,1,1,0,0,0,0,5.80975E+20,5.34586E+21,1.0091E+16,4.82608E+16
82913,82914,9,5,72,121,2016,9,18,4,3,1,7,2,0,0,1,0,0,0,1,6.58138E+20,5.49289E+21,1.11871E+16,4.95679E+16
82914,82915,9,3,76,119,2016,9,18,3,3,0,7,0,0,1,0,0,0,0,0,7.21641E+20,5.45466E+21,1.2043E+16,4.92046E+16
82915,82916,9,1,88,139,2016,9,16,3,3,5,2,0,0,1,1,0,0,0,0,6.77519E+20,5.31924E+21,1.13799E+16,4.80018E+16
82916,82917,9,1,90,130,2016,9,8,2,3,5,3,0,0,0,1,0,0,0,0,6.50269E+20,5.29541E+21,1.10065E+16,4.77945E+16
82917,82918,9,1,78,113,2016,9,10,7,3,2,6,0,0,0,1,0,0,0,0,6.91498E+20,5.36841E+21,1.15893E+16,4.84397E+16
82918,82919,9,6,77,154,2016,9,11,7,3,2,6,0,0,0,1,0,0,0,0,5.41441E+20,5.51781E+21,9.57599E+15,4.98113E+16
82919,82920,9,1,87,117,2016,9,14,1,3,0,1,0,0,0,0,0,1,0,0,7.23883E+20,5.30481E+21,1.19932E+16,4.78576E+16
82920,82921,9,1,74,113,2016,9,6,2,3,2,6,0,0,0,1,0,0,0,0,6.69162E+20,5.34949E+21,1.128E+16,4.8276E+16
82921,82922,9,3,61,0,2016,9,15,7,3,2,6,0,0,0,1,0,1,0,0,7.08902E+20,5.48004E+21,1.18816E+16,4.94371E+16
82922,82923,9,1,72,116,2016,9,16,4,2,5,3,0,0,0,0,0,1,0,0,8.00557E+20,5.28256E+21,1.30007E+16,4.76266E+16
82923,82924,9,7,72,200,2016,9,18,1,3,5,3,0,0,0,1,0,1,0,0,6.30211E+20,5.33621E+21,1.07512E+16,4.81658E+16
82924,82925,9,3,73,160,2016,9,12,2,3,2,6,0,0,0,1,0,0,0,0,6.87098E+20,5.44736E+21,1.15659E+16,4.91505E+16
82925,82926,9,7,72,147,2016,9,15,1,2,4,2,0,0,1,1,0,0,0,0,6.38038E+20,5.36507E+21,1.08658E+16,4.84236E+16
82926,82927,9,1,75,132,2016,9,19,7,2,6,4,2,0,0,1,1,0,0,0,7.07354E+20,5.33613E+21,1.17876E+16,4.81446E+16
82927,82928,9,3,75,175,2016,9,2,1,2,8,1,2,0,0,1,0,0,0,0,7.16384E+20,5.43343E+21,1.19595E+16,4.90157E+16
82928,82929,9,4,72,119,2016,9,23,4,2,3,6,2,0,0,1,0,0,0,1,6.86866E+20,5.54197E+21,1.16076E+16,5.00007E+16
82929,82930,9,2,78,143,2016,9,6,3,3,0,1,2,1,0,0,0,1,0,1,7.72089E+20,5.4439E+21,1.27269E+16,4.90877E+16
82930,82931,9,1,71,127,2016,9,5,2,3,0,1,1,1,0,1,0,0,0,0,7.68065E+20,5.36089E+21,1.2618E+16,4.83443E+16
82931,82932,9,2,76,111,2016,9,13,7,2,0,1,0,0,0,0,0,1,0,1,7.87023E+20,5.43449E+21,1.29243E+16,4.89965E+16
82932,82933,9,1,75,133,2016,9,10,7,3,5,3,0,0,0,1,0,0,0,0,7.0832E+20,5.34187E+21,1.18034E+16,4.81958E+16
82933,82934,9,6,79,138,2016,9,7,7,1,4,6,1,0,0,1,0,0,0,1,5.68408E+20,5.49503E+21,9.94678E+15,4.9604E+16
82934,82935,9,1,86,137,2016,9,19,1,2,8,1,2,0,0,1,0,0,0,0,6.84323E+20,5.39892E+21,1.15059E+16,4.8716E+16
82935,82936,9,1,75,135,2016,9,17,4,3,2,3,0,0,1,1,0,0,0,0,7.0957E+20,5.33904E+21,1.18188E+16,4.81701E+16
82936,82937,9,7,71,168,2016,9,14,1,3,5,3,0,0,0,1,0,1,0,0,6.48656E+20,5.34218E+21,1.10012E+16,4.82154E+16
82937,82938,9,1,61,0,2016,9,18,1,3,2,6,0,0,0,1,0,0,0,0,6.81824E+20,5.40043E+21,1.14727E+16,4.87304E+16
82938,82939,9,2,78,113,2016,9,19,7,3,0,7,2,0,0,0,1,0,1,0,7.65922E+20,5.41727E+21,1.26252E+16,4.88513E+16
82939,82940,9,1,76,129,2016,9,21,4,3,4,6,2,0,0,1,0,0,0,0,6.86592E+20,5.4059E+21,1.15399E+16,4.87781E+16
82940,82941,9,6,77,165,2016,9,17,1,3,8,1,0,0,0,1,0,0,0,0,5.32928E+20,5.53637E+21,9.45926E+15,4.99788E+16
82941,82942,9,7,76,117,2016,9,16,2,3,1,6,0,0,0,1,0,0,0,0,5.66188E+20,5.27289E+21,9.88062E+15,4.7606E+16
82942,82943,9,3,73,147,2016,9,17,2,3,2,6,0,0,0,1,0,0,0,0,6.78966E+20,5.45917E+21,1.14597E+16,4.92591E+16
82943,82944,9,1,78,142,2016,9,19,7,3,7,7,2,0,0,0,0,1,0,0,7.12334E+20,5.37685E+21,1.1875E+16,4.85088E+16
82944,82945,9,7,77,166,2016,9,19,2,3,0,6,0,0,1,0,0,0,0,0,6.31182E+20,5.27943E+21,1.0747E+16,4.7655E+16
82945,82946,9,6,75,142,2016,9,10,7,3,0,5,0,0,0,0,1,0,1,0,5.9247E+20,5.51387E+21,1.02842E+16,4.97702E+16
82946,82947,9,3,75,119,2016,9,16,1,3,8,7,0,0,0,0,0,1,0,0,7.36775E+20,5.44255E+21,1.22433E+16,4.90902E+16
82947,82948,9,3,77,113,2016,9,7,4,2,9,7,0,1,0,0,0,1,0,0,7.07633E+20,5.53855E+21,1.18952E+16,4.99631E+16
82948,82949,9,1,85,149,2016,9,19,1,2,5,3,2,0,0,1,0,1,0,0,6.60188E+20,5.39745E+21,1.11775E+16,4.87095E+16
82949,82950,9,3,75,190,2016,9,16,1,3,9,1,0,0,1,0,0,0,0,0,7.27384E+20,5.44732E+21,1.21175E+16,4.91366E+16
82950,82951,9,1,87,120,2016,9,17,2,2,5,3,0,0,0,1,0,0,0,0,7.32718E+20,5.29189E+21,1.21042E+16,4.77383E+16
82951,82952,9,2,71,119,2016,9,12,7,3,4,6,0,0,0,1,0,0,0,0,7.90974E+20,5.41575E+21,1.29648E+16,4.88265E+16
82952,82953,9,6,74,111,2016,9,10,7,2,5,2,0,0,0,1,0,1,0,0,6.03045E+20,5.55901E+21,1.04431E+16,5.01744E+16
82953,82954,9,1,76,111,2016,9,17,1,2,2,6,0,0,0,1,0,1,0,0,6.64077E+20,5.41417E+21,1.1237E+16,4.88587E+16
82954,82955,9,1,84,122,2016,9,18,3,3,4,2,0,0,1,1,0,0,0,0,6.87866E+20,5.32275E+21,1.152E+16,4.80304E+16
82955,82956,9,6,74,133,2016,9,13,1,2,4,5,0,0,0,1,0,1,0,0,6.19362E+20,5.53674E+21,1.06645E+16,4.9971E+16
82956,82957,9,5,64,0,2016,9,9,3,3,2,6,0,0,0,1,0,0,0,0,6.55553E+20,5.48226E+21,1.11472E+16,4.9473E+16
82957,82958,9,7,73,140,2016,9,16,2,3,7,7,0,0,0,1,1,0,0,0,6.12123E+20,5.3744E+21,1.05182E+16,4.85127E+16
82958,82959,9,6,62,0,2016,9,22,3,3,2,6,2,0,0,1,0,0,0,0,5.86815E+20,5.54284E+21,1.02122E+16,5.00315E+16
82959,82960,9,3,63,0,2016,9,16,3,3,2,2,0,0,0,1,0,1,0,0,7.28089E+20,5.50749E+21,1.21617E+16,4.96768E+16
82960,82961,9,1,88,139,2016,9,9,3,3,3,6,0,0,0,1,0,0,0,0,6.75128E+20,5.31925E+21,1.13479E+16,4.80025E+16
82961,82962,9,1,78,124,2016,9,14,7,3,2,6,0,0,0,1,0,0,0,0,7.03347E+20,5.36625E+21,1.17483E+16,4.84166E+16
82962,82963,9,6,73,172,2016,9,19,7,2,8,1,1,0,0,1,0,0,0,0,6.11859E+20,5.56566E+21,1.05684E+16,5.02325E+16
82963,82964,9,3,62,0,2016,9,19,1,3,3,2,1,0,1,1,0,0,0,0,7.2752E+20,5.43403E+21,1.21119E+16,4.90172E+16
82964,82965,9,2,71,149,2016,9,7,4,3,8,7,0,0,0,1,0,0,0,0,8.06989E+20,5.41002E+21,1.31782E+16,4.87673E+16
82965,82966,9,7,72,147,2016,9,11,2,3,3,6,0,0,0,1,0,0,1,0,6.3914E+20,5.36406E+21,1.08804E+16,4.84143E+16
82966,82967,9,3,72,146,2016,9,16,2,3,5,3,0,0,0,1,0,0,0,1,7.62678E+20,5.46076E+21,1.26093E+16,4.92431E+16
82967,82968,9,1,75,119,2016,9,18,7,2,9,1,1,0,0,1,0,0,0,0,7.25483E+20,5.32438E+21,1.20248E+16,4.80328E+16
82968,82969,9,6,78,160,2016,9,12,7,3,5,3,0,0,0,1,0,0,0,0,5.81986E+20,5.54727E+21,1.01457E+16,5.00721E+16
82969,82970,9,3,72,117,2016,9,15,1,3,2,6,0,0,0,1,0,0,0,0,7.76566E+20,5.45635E+21,1.27966E+16,4.91975E+16
82970,82971,9,3,76,159,2016,9,15,4,3,5,2,0,0,0,1,0,1,0,0,7.22106E+20,5.48011E+21,1.20635E+16,4.9433E+16
82971,82972,9,1,76,138,2016,9,17,1,3,2,6,0,0,0,1,0,0,0,0,6.73745E+20,5.42153E+21,1.13718E+16,4.89223E+16
82972,82973,9,3,72,116,2016,9,17,1,3,2,6,0,0,0,0,0,1,0,0,7.70241E+20,5.45772E+21,1.27109E+16,4.92126E+16
82973,82974,9,1,86,143,2016,9,19,2,3,2,6,2,0,0,1,0,0,0,0,6.83452E+20,5.37877E+21,1.14852E+16,4.85352E+16
82974,82975,9,2,77,145,2016,9,17,7,3,5,3,0,0,1,0,0,1,0,0,7.97481E+20,5.3531E+21,1.30086E+16,4.82612E+16
82975,82976,9,2,76,138,2016,9,8,2,3,2,3,0,0,0,1,0,0,0,1,7.98966E+20,5.43283E+21,1.30859E+16,4.89759E+16
82976,82977,9,7,77,112,2016,9,17,3,3,8,1,0,0,0,0,0,1,0,0,6.22343E+20,5.29579E+21,1.06339E+16,4.78038E+16
82977,82978,9,5,61,0,2016,9,16,3,3,2,6,0,0,0,1,0,0,0,0,6.15318E+20,5.46067E+21,1.05858E+16,4.92879E+16
82978,82979,9,7,72,115,2016,9,17,2,2,0,7,0,0,0,0,0,1,0,0,6.17404E+20,5.36786E+21,1.05878E+16,4.84529E+16
82979,82980,9,5,72,126,2016,9,13,4,3,2,6,0,0,0,1,0,0,0,0,6.33305E+20,5.50688E+21,1.08486E+16,4.96996E+16
82980,82981,9,3,75,196,2016,9,20,3,3,5,3,2,0,0,1,0,0,0,0,7.28627E+20,5.41431E+21,1.2116E+16,4.88396E+16
82981,82982,9,1,81,130,2016,9,15,3,3,6,7,0,0,0,1,1,0,0,0,6.39814E+20,5.32332E+21,1.08761E+16,4.80478E+16
82982,82983,9,1,77,138,2016,9,13,7,3,5,3,0,0,1,1,0,0,0,0,7.28431E+20,5.3647E+21,1.2086E+16,4.83941E+16
82983,82984,9,6,61,0,2016,9,23,7,3,5,3,2,0,1,1,0,0,0,0,5.11263E+20,5.53563E+21,9.15707E+15,4.99729E+16
82984,82985,9,1,76,114,2016,9,14,1,3,2,6,0,0,0,1,0,0,0,0,6.80215E+20,5.43638E+21,1.14667E+16,4.90539E+16
82985,82986,9,3,72,116,2016,9,17,1,3,2,6,0,0,0,1,0,0,0,0,7.69228E+20,5.45784E+21,1.26971E+16,4.92142E+16
82986,82987,9,1,72,134,2016,9,10,3,3,2,6,0,0,0,0,0,0,1,1,7.79478E+20,5.30426E+21,1.27347E+16,4.78309E+16
82987,82988,9,1,88,121,2016,9,6,2,3,2,6,1,0,0,1,0,0,0,0,6.74343E+20,5.33077E+21,1.13421E+16,4.81063E+16
82988,82989,9,2,75,132,2016,9,15,7,3,5,3,0,0,0,1,0,0,0,0,8.05829E+20,5.36395E+21,1.31286E+16,4.83546E+16
82989,82990,9,1,89,114,2016,9,13,4,3,8,7,0,0,1,0,0,0,0,0,7.64199E+20,5.30959E+21,1.25341E+16,4.78852E+16
82990,82991,9,1,62,0,2016,9,12,1,3,2,6,0,0,0,1,0,0,0,0,6.86864E+20,5.33324E+21,1.15112E+16,4.8125E+16
82991,82992,9,3,76,161,2016,9,14,1,2,2,2,0,0,0,1,0,1,0,0,7.28457E+20,5.47108E+21,1.21458E+16,4.93496E+16
82992,82993,9,1,89,119,2016,9,15,3,3,4,2,0,0,0,1,0,0,0,0,7.68068E+20,5.308E+21,1.25848E+16,4.78693E+16
82993,82994,9,1,79,113,2016,9,7,2,3,4,6,0,0,0,1,0,1,1,0,6.71183E+20,5.33559E+21,1.13016E+16,4.81505E+16
82994,82995,9,2,72,142,2016,9,9,7,3,0,2,0,0,0,0,0,1,1,0,8.2214E+20,5.40958E+21,1.33834E+16,4.87558E+16
82995,82996,9,2,77,152,2016,9,6,2,3,6,6,0,1,0,1,1,0,0,0,7.93249E+20,5.3618E+21,1.29577E+16,4.83412E+16
82996,82997,9,7,73,125,2016,9,14,3,3,2,6,0,0,0,1,0,0,0,1,6.13383E+20,5.38362E+21,1.05378E+16,4.85954E+16
82997,82998,9,6,73,149,2016,9,18,1,3,0,1,1,0,0,1,0,1,0,0,5.73649E+20,5.59069E+21,1.00377E+16,5.04636E+16
82998,82999,9,4,61,0,2016,9,9,3,3,5,3,0,0,0,1,0,0,0,0,6.39727E+20,5.52975E+21,1.09459E+16,4.99038E+16
82999,83000,9,7,72,159,2016,9,18,2,2,4,6,0,0,0,1,0,0,0,0,6.28874E+20,5.36058E+21,1.07407E+16,4.83852E+16
83000,83001,9,5,64,0,2016,9,18,4,2,5,3,0,0,1,1,0,0,0,0,6.54167E+20,5.4779E+21,1.11264E+16,4.94343E+16
83001,83002,9,2,76,142,2016,9,17,3,2,4,6,0,0,0,1,0,0,0,0,7.91244E+20,5.43246E+21,1.29804E+16,4.89763E+16
83002,83003,9,1,62,0,2016,9,8,3,3,2,6,0,0,0,1,0,0,0,0,6.97201E+20,5.33519E+21,1.16508E+16,4.81394E+16
83003,83004,9,1,83,127,2016,9,14,2,2,2,6,0,0,0,1,0,0,1,0,7.55303E+20,5.34999E+21,1.24395E+16,4.82516E+16
83004,83005,9,2,72,118,2016,9,11,7,3,5,2,0,0,0,1,0,0,0,1,8.35243E+20,5.41777E+21,1.35678E+16,4.88223E+16
83005,83006,9,1,62,0,2016,9,17,6,3,4,1,0,0,0,1,0,0,0,0,6.98196E+20,5.3298E+21,1.16617E+16,4.80906E+16
83006,83007,9,5,62,0,2016,9,12,7,3,0,1,0,0,0,0,0,1,0,0,6.43338E+20,5.49162E+21,1.09821E+16,4.95602E+16
83007,83008,9,1,62,0,2016,9,17,1,3,2,6,0,0,0,1,0,0,0,0,6.78474E+20,5.33642E+21,1.13999E+16,4.81559E+16
83008,83009,9,1,81,115,2016,9,10,2,3,0,1,0,0,1,0,0,0,0,0,6.58494E+20,5.32719E+21,1.1128E+16,4.80783E+16
83009,83010,9,2,79,124,2016,9,12,7,3,0,6,0,0,0,1,0,0,0,1,7.50728E+20,5.39325E+21,1.24039E+16,4.8642E+16
83010,83011,9,1,87,129,2016,9,13,4,3,1,6,0,0,0,1,0,0,0,0,7.23982E+20,5.30082E+21,1.19925E+16,4.78217E+16
83011,83012,9,6,72,134,2016,9,12,1,3,8,1,0,0,0,0,0,1,0,0,5.54822E+20,5.58179E+21,9.77114E+15,5.03856E+16
83012,83013,9,7,72,200,2016,9,15,2,3,4,2,0,0,0,1,0,0,0,0,6.29164E+20,5.33677E+21,1.07373E+16,4.81711E+16
83013,83014,9,2,75,152,2016,9,15,2,3,5,3,0,0,0,1,0,0,0,0,8.21535E+20,5.40734E+21,1.33735E+16,4.8736E+16
83014,83015,9,1,84,119,2016,9,8,6,3,1,6,0,0,0,1,0,0,0,0,6.95279E+20,5.34737E+21,1.16306E+16,4.82494E+16
83015,83016,9,7,72,171,2016,9,14,2,3,2,6,0,0,0,1,0,0,0,0,6.3773E+20,5.37206E+21,1.0864E+16,4.84866E+16
83016,83017,9,3,76,147,2016,9,11,1,3,2,6,0,0,0,1,0,1,0,0,7.43592E+20,5.47097E+21,1.23537E+16,4.93428E+16
83017,83018,9,4,72,150,2016,9,0,4,3,9,7,2,0,0,1,0,0,0,0,6.82064E+20,5.53754E+21,1.15386E+16,4.99624E+16
83018,83019,9,2,77,138,2016,9,7,3,3,2,6,0,0,0,1,0,0,0,0,7.92088E+20,5.36989E+21,1.29477E+16,4.84143E+16
83019,83020,9,2,62,0,2016,9,7,2,3,3,2,0,0,0,1,0,1,0,0,8.25049E+20,5.39276E+21,1.34097E+16,4.86034E+16
83020,83021,9,6,61,0,2016,9,21,1,3,8,7,2,0,0,1,0,0,0,0,5.11756E+20,5.53766E+21,9.164E+15,4.99912E+16
83021,83022,9,5,75,116,2016,9,21,4,2,4,6,2,0,0,1,0,0,0,0,6.10606E+20,5.51053E+21,1.0535E+16,4.97371E+16
83022,83023,9,2,76,148,2016,9,16,3,3,2,6,0,0,0,1,0,0,0,0,8.07875E+20,5.43537E+21,1.32093E+16,4.89944E+16
83023,83024,9,1,84,147,2016,9,8,3,3,2,6,0,0,0,1,0,1,0,0,6.9882E+20,5.34168E+21,1.16756E+16,4.81972E+16
83024,83025,9,1,89,152,2016,9,17,2,3,5,3,0,0,1,1,0,0,0,0,7.80579E+20,5.33024E+21,1.27663E+16,4.80636E+16
83025,83026,9,2,74,135,2016,9,13,7,3,2,6,0,0,0,1,0,0,1,0,7.49652E+20,5.37717E+21,1.23796E+16,4.8498E+16
83026,83027,9,7,78,151,2016,9,10,6,3,8,1,0,0,0,1,0,0,0,0,5.93195E+20,5.31829E+21,1.02496E+16,4.80111E+16