FID,OBJECTID,ULAND,UREGBEZ,UKREIS,UGEMEINDE,UJAHR,UMONAT,USTUNDE,UWOCHENTAG,UKATEGORIE,UART,UTYP1,ULICHTVERH,IstStrasse,IstRad,IstPKW,IstFuss,IstKrad,IstGkfz,IstSonstig,LINREFX,LINREFY,XGCSWGS84,YGCSWGS84
83385,83386,9,7,72,223,2016,9,15,6,3,4,2,0,0,0,1,0,0,0,0,6.1821E+20,5.36545E+21,1.05981E+16,4.84311E+16
83386,83387,9,7,78,186,2016,10,21,1,3,8,7,2,0,0,1,0,0,0,0,5.96812E+20,5.31063E+21,1.02964E+16,4.79417E+16
83387,83388,9,5,72,133,2016,10,20,2,3,9,1,2,1,0,1,0,0,0,0,6.3852E+20,5.49924E+21,1.09182E+16,4.96298E+16
83388,83389,9,7,80,132,2016,10,15,7,2,8,2,0,0,0,1,0,1,0,0,5.74349E+20,5.26661E+21,9.98812E+15,4.75487E+16
83389,83390,9,5,75,161,2016,9,5,6,3,8,1,2,0,0,1,0,0,0,0,6.04444E+20,5.50353E+21,1.04476E+16,4.96753E+16
83390,83391,9,5,74,138,2016,10,16,1,3,8,1,0,1,0,1,0,0,0,0,6.67103E+20,5.48749E+21,1.13087E+16,4.95169E+16
83391,83392,9,1,87,116,2016,10,9,1,3,9,1,0,1,0,1,0,0,0,0,7.42825E+20,5.32923E+21,1.22598E+16,4.80701E+16
83392,83393,9,1,61,0,2016,10,23,7,3,5,1,2,1,1,1,0,0,0,0,6.81223E+20,5.40475E+21,1.14664E+16,4.87694E+16
83393,83394,9,7,74,150,2016,9,16,4,2,4,6,0,0,0,1,0,0,0,0,6.05371E+20,5.34537E+21,1.04195E+16,4.82527E+16
83394,83395,9,1,61,0,2016,9,18,6,3,0,1,0,0,1,0,0,0,0,0,6.77477E+20,5.40218E+21,1.14144E+16,4.87473E+16
83395,83396,9,1,82,123,2016,9,22,5,2,9,7,2,0,0,1,0,0,0,0,7.20332E+20,5.30124E+21,1.1944E+16,4.78267E+16
83396,83397,9,1,85,166,2016,10,11,7,2,2,7,0,0,0,1,0,0,0,0,6.75541E+20,5.38357E+21,1.13802E+16,4.85806E+16
83397,83398,9,6,77,157,2016,9,11,5,3,6,4,0,0,0,1,1,0,0,0,5.4334E+20,5.52139E+21,9.60279E+15,4.98434E+16
83398,83399,9,3,75,175,2016,10,20,2,3,8,1,2,1,0,1,0,0,0,0,7.14546E+20,5.43558E+21,1.19355E+16,4.90357E+16
83399,83400,9,7,72,200,2016,9,15,6,3,5,3,0,0,1,1,0,0,0,0,6.26515E+20,5.34007E+21,1.07027E+16,4.82012E+16
83400,83401,9,3,72,125,2016,10,20,7,3,1,6,2,1,0,1,0,0,0,0,7.547E+20,5.44393E+21,1.24892E+16,4.90954E+16
83401,83402,9,4,79,145,2016,9,11,5,3,4,6,0,0,0,0,0,0,0,1,7.12803E+20,5.54967E+21,1.19733E+16,5.00612E+16
83402,83403,9,7,71,145,2016,9,17,6,1,5,2,0,0,0,1,0,1,0,0,6.47502E+20,5.3463E+21,1.09871E+16,4.82527E+16
83403,83404,9,7,75,132,2016,9,16,4,3,5,3,0,0,0,1,0,1,0,0,5.83602E+20,5.33043E+21,1.01234E+16,4.81216E+16
83404,83405,9,5,61,0,2016,10,15,2,3,9,1,0,1,0,1,0,0,0,0,6.10844E+20,5.46237E+21,1.05248E+16,4.9304E+16
83405,83406,9,2,74,184,2016,9,10,6,3,2,2,0,0,0,1,0,0,0,0,7.45817E+20,5.36649E+21,1.23215E+16,4.84036E+16
83406,83407,9,5,71,136,2016,9,14,6,3,5,3,0,0,0,1,0,0,0,0,5.96447E+20,5.43692E+21,1.03207E+16,4.90776E+16
83407,83408,9,4,76,146,2016,10,19,1,3,9,1,2,0,0,1,0,0,0,0,6.62904E+20,5.56251E+21,1.12823E+16,5.01923E+16
83408,83409,9,1,85,166,2016,10,12,7,3,6,7,0,0,0,1,0,0,0,1,6.74381E+20,5.38357E+21,1.13644E+16,4.85809E+16
83409,83410,9,6,75,161,2016,9,5,5,3,8,1,2,0,0,1,0,0,0,0,5.89578E+20,5.50993E+21,1.02431E+16,4.97352E+16
83410,83411,9,7,74,135,2016,9,18,4,3,2,6,0,0,0,1,0,1,0,0,5.9562E+20,5.36494E+21,1.02927E+16,4.84303E+16
83411,83412,9,1,86,137,2016,9,7,6,3,3,2,0,0,1,1,0,0,0,0,6.83469E+20,5.39898E+21,1.14944E+16,4.87169E+16
83412,83413,9,1,87,169,2016,9,7,5,3,0,6,0,0,0,0,0,1,0,0,7.36559E+20,5.29938E+21,1.21594E+16,4.78042E+16
83413,83414,9,2,63,0,2016,10,16,2,3,5,3,0,1,0,1,0,0,0,0,7.60801E+20,5.42359E+21,1.25596E+16,4.89102E+16
83414,83415,9,7,71,142,2016,9,16,6,3,4,2,0,0,0,1,0,0,0,0,6.45791E+20,5.35078E+21,1.09656E+16,4.82934E+16
83415,83416,9,1,87,142,2016,9,16,5,3,5,3,0,0,0,1,0,1,0,0,7.33301E+20,5.31145E+21,1.21225E+16,4.79139E+16
83416,83417,9,6,75,139,2016,9,14,5,3,8,1,0,0,0,0,0,1,0,0,5.97081E+20,5.50846E+21,1.03468E+16,4.97208E+16
83417,83418,9,3,72,116,2016,10,17,2,3,2,6,0,1,0,1,0,0,0,0,7.69228E+20,5.45784E+21,1.26971E+16,4.92142E+16
83418,83419,9,7,71,130,2016,9,17,6,3,3,2,0,0,0,0,0,1,0,1,6.51359E+20,5.35178E+21,1.1041E+16,4.83011E+16
83419,83420,9,7,72,125,2016,10,11,7,3,0,1,0,0,0,0,0,1,0,0,6.3292E+20,5.34802E+21,1.07913E+16,4.82715E+16
83420,83421,9,3,72,167,2016,10,17,7,1,4,6,0,0,0,0,0,1,0,0,7.49568E+20,5.44885E+21,1.24221E+16,4.91417E+16
83421,83422,9,4,74,123,2016,9,9,5,3,5,3,0,0,0,0,0,1,1,0,6.45797E+20,5.51625E+21,1.10253E+16,4.9781E+16
83422,83423,9,7,63,0,2016,9,6,4,3,5,3,2,0,1,1,0,0,0,0,5.98286E+20,5.28798E+21,1.0311E+16,4.77377E+16
83423,83424,9,4,72,155,2016,10,16,2,3,9,1,0,1,0,1,0,0,0,0,6.80579E+20,5.52479E+21,1.15119E+16,4.98483E+16
83424,83425,9,7,61,0,2016,10,14,7,3,1,6,0,0,0,1,0,0,0,0,6.39225E+20,5.36087E+21,1.08805E+16,4.83857E+16
83425,83426,9,1,76,126,2016,9,13,6,3,2,6,0,0,0,1,0,0,0,0,6.72559E+20,5.40613E+21,1.13492E+16,4.87842E+16
83426,83427,9,2,74,119,2016,9,8,6,3,4,2,0,0,0,1,0,0,0,0,7.42428E+20,5.39985E+21,1.22952E+16,4.87045E+16
83427,83428,9,5,75,146,2016,9,14,6,2,3,6,0,0,1,1,0,0,0,0,5.98316E+20,5.49465E+21,1.03605E+16,4.95964E+16
83428,83429,9,1,63,0,2016,9,15,5,3,2,3,0,0,1,1,0,0,0,0,7.32987E+20,5.30804E+21,1.21165E+16,4.78834E+16
83429,83430,9,2,73,116,2016,9,14,6,3,2,6,0,0,0,1,0,0,0,0,7.2647E+20,5.41882E+21,1.20891E+16,4.88809E+16
83430,83431,9,1,61,0,2016,10,14,7,3,2,6,0,0,0,1,0,0,0,0,6.75029E+20,5.40524E+21,1.13824E+16,4.87755E+16
83431,83432,9,6,75,141,2016,9,6,5,3,5,3,1,0,0,1,0,0,1,0,5.85174E+20,5.50942E+21,1.01819E+16,4.97312E+16
83432,83433,9,1,81,114,2016,9,13,6,3,5,3,0,0,0,1,0,1,0,0,6.56423E+20,5.31278E+21,1.10949E+16,4.79492E+16
83433,83434,9,1,87,118,2016,9,9,5,3,0,7,0,0,0,1,0,0,0,0,7.53413E+20,5.30255E+21,1.2386E+16,4.78263E+16
83434,83435,9,2,74,126,2016,10,22,2,3,1,1,2,0,0,1,0,0,0,0,7.33069E+20,5.38338E+21,1.2159E+16,4.85602E+16
83435,83436,9,7,71,130,2016,9,18,6,3,5,3,0,0,1,1,0,0,0,0,6.47203E+20,5.35827E+21,1.09873E+16,4.83604E+16
83436,83437,9,1,78,123,2016,10,18,2,2,8,1,1,1,0,0,0,0,0,1,6.88091E+20,5.36105E+21,1.154E+16,4.83745E+16
83437,83438,9,6,72,114,2016,10,9,2,3,0,7,0,1,0,1,0,0,0,0,5.78278E+20,5.55672E+21,1.00958E+16,5.01575E+16
83438,83439,9,7,61,0,2016,10,14,7,2,5,3,0,0,1,1,0,0,0,0,6.41735E+20,5.35977E+21,1.0914E+16,4.83752E+16
83439,83440,9,1,88,121,2016,10,18,2,3,8,1,1,1,0,1,0,0,0,0,6.73628E+20,5.32997E+21,1.13321E+16,4.80993E+16
83440,83441,9,2,63,0,2016,9,16,5,3,9,6,0,0,1,0,0,0,0,0,7.6192E+20,5.41986E+21,1.25724E+16,4.88763E+16
83441,83442,9,6,77,148,2016,10,16,1,2,8,1,0,0,0,0,0,1,0,0,5.58758E+20,5.53205E+21,9.81883E+15,4.99379E+16
83442,83443,9,1,87,145,2016,10,5,1,3,9,1,2,1,0,1,0,0,0,0,7.48943E+20,5.31695E+21,1.23347E+16,4.79574E+16
83443,83444,9,7,80,131,2016,9,18,4,3,0,6,1,0,0,1,0,1,0,0,5.89321E+20,5.25407E+21,1.01845E+16,4.74339E+16
83444,83445,9,1,74,113,2016,9,13,6,3,2,6,0,0,0,1,0,0,0,0,6.74261E+20,5.3447E+21,1.13467E+16,4.82315E+16
83445,83446,9,2,73,116,2016,9,14,6,3,0,6,0,0,0,1,0,0,0,0,7.25698E+20,5.42086E+21,1.20797E+16,4.88995E+16
83446,83447,9,4,72,139,2016,9,11,6,3,2,6,0,0,0,1,0,0,0,0,6.93107E+20,5.55331E+21,1.17003E+16,5.01006E+16
83447,83448,9,6,75,174,2016,10,15,2,2,9,1,0,1,0,0,0,1,0,0,5.91153E+20,5.52569E+21,1.02687E+16,4.98767E+16
83448,83449,9,7,71,156,2016,10,14,7,3,8,1,0,0,0,1,0,0,0,0,6.53727E+20,5.38408E+21,1.10848E+16,4.85909E+16
83449,83450,9,3,75,208,2016,10,7,7,2,9,1,0,0,0,1,0,0,0,0,7.327E+20,5.44348E+21,1.21881E+16,4.91001E+16
83450,83451,9,3,73,140,2016,9,15,5,3,5,3,0,0,0,1,0,0,0,0,6.87033E+20,5.47281E+21,1.15768E+16,4.93792E+16
83451,83452,9,7,76,126,2016,9,16,4,3,8,1,0,0,0,1,0,0,0,0,5.59106E+20,5.27201E+21,9.78627E+15,4.75988E+16
83452,83453,9,1,62,0,2016,9,16,6,3,2,6,0,0,0,1,0,0,0,0,6.95472E+20,5.34446E+21,1.16319E+16,4.82232E+16
83453,83454,9,2,74,113,2016,9,8,6,2,4,6,0,0,0,1,0,0,0,0,7.30372E+20,5.38353E+21,1.21226E+16,4.85625E+16
83454,83455,9,4,79,138,2016,9,7,6,3,2,6,0,0,0,1,0,1,0,0,7.10621E+20,5.54092E+21,1.19381E+16,4.99833E+16
83455,83456,9,1,82,120,2016,9,18,5,3,2,6,1,0,0,1,0,0,0,0,7.03403E+20,5.30677E+21,1.17206E+16,4.7882E+16
83456,83457,9,2,74,113,2016,9,17,6,3,4,2,0,0,1,1,0,0,0,0,7.29336E+20,5.38192E+21,1.21077E+16,4.85484E+16
83457,83458,9,1,76,138,2016,10,13,7,3,5,2,0,0,0,1,0,0,1,0,6.70446E+20,5.42572E+21,1.13286E+16,4.89609E+16
83458,83459,9,6,77,142,2016,9,18,5,3,8,1,0,0,0,0,0,1,0,0,5.57444E+20,5.53066E+21,9.8003E+15,4.99255E+16
83459,83460,9,3,73,151,2016,10,9,7,3,5,3,0,0,0,1,0,0,0,0,6.99466E+20,5.44367E+21,1.17334E+16,4.91135E+16
83460,83461,9,5,64,0,2016,9,17,5,3,5,3,0,0,0,1,0,0,0,0,6.47056E+20,5.48858E+21,1.10323E+16,4.9532E+16
83461,83462,9,1,82,137,2016,10,20,2,2,8,1,2,1,0,1,0,0,0,0,7.10915E+20,5.30799E+21,1.18216E+16,4.78905E+16
83462,83463,9,1,62,0,2016,10,17,1,3,2,1,0,1,0,1,0,0,0,0,6.94008E+20,5.33168E+21,1.16064E+16,4.81088E+16
83463,83464,9,6,71,148,2016,10,12,2,2,8,1,0,1,0,1,0,0,0,0,5.2779E+20,5.53786E+21,9.38771E+15,4.99924E+16
83464,83465,9,6,79,202,2016,10,15,7,3,1,6,0,1,0,1,0,0,0,0,5.6323E+20,5.51948E+21,9.87909E+15,4.98244E+16
83465,83466,9,4,75,154,2016,9,17,6,3,2,6,0,0,0,1,0,0,0,1,6.92546E+20,5.56251E+21,1.16971E+16,5.01835E+16
83466,83467,9,2,77,138,2016,9,7,5,3,2,6,0,0,0,1,0,0,0,0,7.92058E+20,5.36992E+21,1.29473E+16,4.84147E+16
83467,83468,9,6,71,155,2016,10,17,1,3,5,2,0,0,0,1,0,0,0,0,5.0341E+20,5.53396E+21,9.04754E+15,4.9958E+16
83468,83469,9,1,61,0,2016,10,20,1,2,6,2,2,0,0,1,1,0,0,0,6.79275E+20,5.40349E+21,1.14394E+16,4.87586E+16
83469,83470,9,7,76,114,2016,9,7,4,3,0,1,0,0,1,1,0,0,0,0,5.65071E+20,5.27708E+21,9.86638E+15,4.76439E+16
83470,83471,9,1,78,120,2016,9,10,6,3,2,6,0,0,0,1,0,0,0,0,6.94913E+20,5.35344E+21,1.16285E+16,4.83041E+16
83471,83472,9,1,87,129,2016,9,11,5,3,5,3,0,0,0,1,0,1,0,0,7.25689E+20,5.29923E+21,1.20144E+16,4.78068E+16
83472,83473,9,2,74,124,2016,9,13,6,3,2,6,0,0,0,1,0,0,0,0,7.2525E+20,5.37609E+21,1.20492E+16,4.84975E+16
83473,83474,9,2,75,119,2016,10,18,1,3,8,1,2,1,0,1,0,0,0,0,8.33949E+20,5.40104E+21,1.35367E+16,4.86729E+16
83474,83475,9,1,76,114,2016,10,10,7,2,2,6,0,0,0,1,0,1,0,0,6.79578E+20,5.43386E+21,1.14568E+16,4.90314E+16
83475,83476,9,6,74,195,2016,9,18,5,3,5,3,0,0,0,1,0,0,0,0,6.13846E+20,5.53844E+21,1.05882E+16,4.99874E+16
83476,83477,9,3,77,158,2016,10,19,2,2,6,4,2,0,0,1,1,0,0,0,7.36528E+20,5.5442E+21,1.23009E+16,5.00031E+16
83477,83478,9,1,82,116,2016,9,19,5,3,7,6,1,0,0,1,1,0,0,0,7.04534E+20,5.29366E+21,1.17296E+16,4.77638E+16
83478,83479,9,2,79,135,2016,9,17,6,3,2,6,0,0,0,1,0,0,1,0,7.72957E+20,5.38598E+21,1.27002E+16,4.85674E+16
83479,83480,9,2,72,139,2016,10,14,1,2,9,1,0,1,0,1,0,0,0,0,8.44129E+20,5.42428E+21,1.3694E+16,4.88758E+16
83480,83481,9,1,88,124,2016,10,14,7,2,5,3,0,0,0,1,0,1,0,0,6.61442E+20,5.3191E+21,1.11645E+16,4.80048E+16
83481,83482,9,6,78,150,2016,9,15,5,3,8,1,0,0,0,1,0,0,0,0,5.87149E+20,5.53112E+21,1.02142E+16,4.99261E+16
83482,83483,9,2,78,170,2016,10,16,7,3,3,2,0,0,0,1,0,0,0,0,7.61626E+20,5.42694E+21,1.2573E+16,4.894E+16
83483,83484,9,5,64,0,2016,9,17,5,3,5,3,0,0,1,1,0,0,0,0,6.5207E+20,5.48162E+21,1.10989E+16,4.94681E+16
83484,83485,9,1,76,161,2016,10,16,2,3,3,1,0,1,0,1,0,0,0,0,6.80961E+20,5.41646E+21,1.1468E+16,4.88746E+16
83485,83486,9,7,72,125,2016,9,14,6,3,2,1,0,0,0,1,0,1,0,0,6.35481E+20,5.34643E+21,1.08253E+16,4.82566E+16
83486,83487,9,7,80,143,2016,10,19,1,3,4,2,2,0,0,1,0,0,0,0,5.97963E+20,5.28173E+21,1.03053E+16,4.76816E+16
83487,83488,9,5,65,0,2016,10,13,2,3,8,1,0,1,0,1,0,0,0,0,6.49925E+20,5.46641E+21,1.10636E+16,4.9332E+16
83488,83489,9,6,79,201,2016,10,18,7,3,9,1,1,1,0,1,0,0,0,0,5.774E+20,5.52268E+21,1.00767E+16,4.98515E+16
83489,83490,9,4,75,162,2016,9,17,6,3,5,3,0,0,0,1,0,0,0,0,7.17661E+20,5.57045E+21,1.2053E+16,5.02461E+16
83490,83491,9,5,64,0,2016,10,11,1,3,4,2,0,0,0,1,0,0,0,0,6.49538E+20,5.47849E+21,1.10628E+16,4.94407E+16
83491,83492,9,1,85,158,2016,10,11,1,3,0,7,0,1,1,1,0,0,0,0,6.67102E+20,5.38088E+21,1.12647E+16,4.85587E+16
83492,83493,9,1,78,145,2016,10,13,7,3,0,1,0,0,1,0,0,0,0,0,7.0007E+20,5.35463E+21,1.16986E+16,4.83132E+16
83493,83494,9,6,73,131,2016,9,10,5,3,7,1,0,0,0,0,0,1,0,0,6.05126E+20,5.57661E+21,1.04771E+16,5.03322E+16
83494,83495,9,7,76,125,2016,9,10,4,1,4,1,0,0,0,1,0,1,0,0,5.6538E+20,5.26484E+21,9.86867E+15,4.75337E+16
83495,83496,9,1,77,119,2016,9,20,6,3,0,1,2,0,0,0,0,1,0,0,7.20819E+20,5.34174E+21,1.19713E+16,4.81905E+16
83496,83497,9,1,82,134,2016,9,11,5,3,5,3,0,0,0,1,0,0,0,0,7.03946E+20,5.29626E+21,1.17229E+16,4.77874E+16
83497,83498,9,1,78,116,2016,10,17,7,2,5,3,1,0,0,1,0,1,0,0,7.02231E+20,5.38296E+21,1.17413E+16,4.85671E+16
83498,83499,9,6,73,114,2016,9,17,5,3,5,3,0,0,0,1,0,0,0,0,5.88085E+20,5.57606E+21,1.02376E+16,5.03301E+16
83499,83500,9,3,75,119,2016,10,23,2,1,9,1,2,1,0,1,0,0,0,0,7.35574E+20,5.44161E+21,1.22263E+16,4.90822E+16
83500,83501,9,7,72,215,2016,9,13,6,3,2,2,0,0,0,1,0,0,0,0,6.33898E+20,5.34565E+21,1.08037E+16,4.82499E+16
83501,83502,9,6,77,148,2016,10,9,7,2,5,2,0,1,0,1,0,0,0,0,5.55162E+20,5.53429E+21,9.76904E+15,4.99584E+16
83502,83503,9,2,76,129,2016,10,12,7,3,8,1,0,0,0,0,0,1,0,0,8.06863E+20,5.43699E+21,1.31967E+16,4.90094E+16
83503,83504,9,4,73,159,2016,9,16,5,3,2,6,0,0,0,1,0,0,0,1,6.4553E+20,5.5746E+21,1.10437E+16,5.03056E+16
83504,83505,9,7,80,124,2016,9,7,4,3,2,6,1,0,0,1,0,1,0,0,5.95248E+20,5.27354E+21,1.02673E+16,4.76083E+16
83505,83506,9,4,79,136,2016,10,22,2,2,8,1,2,1,0,1,0,0,0,0,7.2365E+20,5.54301E+21,1.21208E+16,4.99974E+16
83506,83507,9,6,77,203,2016,10,21,7,2,9,1,2,1,0,1,0,0,0,0,5.57871E+20,5.52769E+21,9.80582E+15,4.98988E+16
83507,83508,9,2,79,113,2016,9,16,6,3,5,3,0,0,0,1,0,0,0,1,7.83953E+20,5.39587E+21,1.28557E+16,4.86513E+16
83508,83509,9,4,64,0,2016,9,16,6,2,6,4,0,0,0,1,1,0,0,0,7.07921E+20,5.57766E+21,1.19205E+16,5.03143E+16
83509,83510,9,4,71,151,2016,10,0,1,2,8,1,2,1,0,1,0,0,0,0,6.58486E+20,5.53418E+21,1.12087E+16,4.99389E+16
83510,83511,9,2,71,141,2016,10,17,7,2,0,1,0,0,0,0,0,1,0,0,7.92722E+20,5.39756E+21,1.29757E+16,4.86624E+16
83511,83512,9,5,75,163,2016,9,8,5,3,5,3,0,0,0,1,0,0,1,0,5.79655E+20,5.48643E+21,1.01007E+16,4.95253E+16
83512,83513,9,7,72,202,2016,9,15,6,3,0,6,0,0,0,1,0,1,0,0,6.36789E+20,5.35662E+21,1.08462E+16,4.83479E+16
83513,83514,9,5,75,118,2016,10,17,2,3,4,1,1,1,0,1,0,0,0,0,6.17231E+20,5.49415E+21,1.0622E+16,4.95886E+16
83514,83515,9,4,64,0,2016,9,13,6,3,1,6,0,0,1,1,0,0,0,0,7.07349E+20,5.5779E+21,1.19126E+16,5.03167E+16
83515,83516,9,5,75,124,2016,10,18,1,2,2,6,1,0,0,1,0,1,0,0,5.90819E+20,5.47803E+21,1.0253E+16,4.94482E+16
83516,83517,9,1,85,163,2016,10,6,1,2,9,1,2,0,0,1,0,0,0,0,6.61334E+20,5.3904E+21,1.11903E+16,4.86458E+16
83517,83518,9,1,78,144,2016,10,13,7,3,0,6,0,0,0,1,1,1,0,0,7.05599E+20,5.37828E+21,1.17846E+16,4.85239E+16
83518,83519,9,6,62,0,2016,9,13,5,3,4,2,0,0,1,1,0,0,0,0,5.88039E+20,5.54538E+21,1.02298E+16,5.00542E+16
83519,83520,9,7,77,129,2016,9,15,4,2,5,3,0,0,0,0,0,1,1,0,6.25103E+20,5.27031E+21,1.06635E+16,4.75742E+16
83520,83521,9,1,78,136,2016,9,18,6,2,4,3,0,0,0,1,0,1,0,0,6.96332E+20,5.37061E+21,1.16557E+16,4.84579E+16
83521,83522,9,1,86,162,2016,9,16,5,3,2,6,0,0,0,1,0,0,0,0,6.91233E+20,5.383E+21,1.15924E+16,4.85709E+16
83522,83523,9,2,78,189,2016,10,15,7,2,0,2,0,0,0,0,0,1,0,1,7.68266E+20,5.44206E+21,1.26734E+16,4.90729E+16
83523,83524,9,3,76,161,2016,10,16,2,2,9,1,0,1,0,0,0,1,0,0,7.28833E+20,5.47017E+21,1.21504E+16,4.93413E+16
83524,83525,9,7,61,0,2016,9,17,6,3,1,6,0,0,0,1,0,0,0,0,6.37697E+20,5.3609E+21,1.08599E+16,4.83862E+16
83525,83526,9,6,77,127,2016,10,21,7,3,9,1,2,1,0,1,0,0,0,0,5.57209E+20,5.53676E+21,9.79794E+15,4.99804E+16
83526,83527,9,2,78,118,2016,10,7,7,3,4,6,0,0,0,1,0,0,0,0,7.72498E+20,5.42272E+21,1.27183E+16,4.88974E+16
83527,83528,9,3,63,0,2016,9,16,5,3,5,3,0,0,1,1,0,0,0,0,7.2775E+20,5.50699E+21,1.21568E+16,4.96724E+16
83528,83529,9,7,77,130,2016,9,6,4,3,5,3,1,0,0,1,0,0,0,0,6.26074E+20,5.31318E+21,1.06888E+16,4.79595E+16
83529,83530,9,4,72,175,2016,10,12,2,2,9,1,0,1,0,1,0,0,0,0,6.81263E+20,5.51291E+21,1.15159E+16,4.97414E+16
83530,83531,9,1,78,123,2016,9,21,6,3,5,1,2,0,0,1,0,0,0,0,6.88099E+20,5.36188E+21,1.15405E+16,4.8382E+16
83531,83532,9,1,73,130,2016,9,17,6,2,2,2,0,0,0,1,0,0,0,0,6.82838E+20,5.31623E+21,1.14499E+16,4.79733E+16
83532,83533,9,4,77,135,2016,9,19,6,3,5,3,2,0,0,1,0,0,0,0,6.82821E+20,5.55539E+21,1.15576E+16,5.01226E+16
83533,83534,9,1,86,152,2016,9,17,5,3,2,6,0,0,0,1,0,0,0,0,6.91255E+20,5.37312E+21,1.15882E+16,4.84821E+16
83534,83535,9,1,90,145,2016,9,17,6,2,0,1,0,0,0,0,0,1,0,0,6.46684E+20,5.28594E+21,1.09555E+16,4.77102E+16
83535,83536,9,1,75,122,2016,10,10,7,2,5,3,0,0,0,1,0,1,0,0,7.18113E+20,5.32386E+21,1.19258E+16,4.80308E+16
83536,83537,9,6,78,174,2016,9,7,5,3,3,2,0,0,0,1,0,1,0,0,5.93829E+20,5.54453E+21,1.03105E+16,5.00456E+16
83537,83538,9,2,78,151,2016,10,11,7,3,0,3,0,0,1,1,0,0,0,0,7.68901E+20,5.43086E+21,1.26747E+16,4.89721E+16
83538,83539,9,1,62,0,2016,9,10,6,3,5,3,0,0,0,1,0,0,0,0,6.88537E+20,5.34018E+21,1.15367E+16,4.81869E+16
83539,83540,9,6,71,156,2016,9,6,5,3,8,6,1,0,0,1,0,0,1,0,5.20246E+20,5.53583E+21,9.28235E+15,4.99745E+16
83540,83541,9,1,78,120,2016,9,15,6,3,3,1,0,0,0,1,0,0,0,0,6.95384E+20,5.35323E+21,1.16348E+16,4.83021E+16
83541,83542,9,1,61,0,2016,9,14,5,3,1,5,0,0,0,1,0,0,0,0,6.79059E+20,5.40525E+21,1.14372E+16,4.87744E+16
83542,83543,9,2,62,0,2016,10,10,2,3,0,6,0,1,0,0,0,1,0,0,8.28624E+20,5.39005E+21,1.34559E+16,4.85772E+16
83543,83544,9,7,61,0,2016,9,15,6,3,2,2,0,0,0,1,0,0,0,0,6.44275E+20,5.3588E+21,1.0948E+16,4.83659E+16
83544,83545,9,6,77,203,2016,10,10,2,3,8,1,0,1,0,1,0,0,0,0,5.57919E+20,5.52774E+21,9.80649E+15,4.98993E+16
83545,83546,9,6,78,192,2016,10,8,7,3,9,1,0,1,0,1,0,0,0,0,5.75469E+20,5.54506E+21,1.00542E+16,5.0053E+16
83546,83547,9,3,76,151,2016,9,16,5,3,5,3,0,0,0,1,0,0,0,0,7.47588E+20,5.48416E+21,1.24169E+16,4.94596E+16
83547,83548,9,7,79,154,2016,9,6,4,3,2,6,0,0,0,1,0,0,1,0,6.18572E+20,5.42571E+21,1.06203E+16,4.89729E+16
83548,83549,9,1,77,142,2016,9,13,6,3,4,6,0,0,0,1,0,0,1,0,7.22549E+20,5.34949E+21,1.19986E+16,4.82595E+16
83549,83550,9,1,80,123,2016,9,15,6,3,0,1,0,0,0,1,0,0,0,1,6.69723E+20,5.2606E+21,1.12526E+16,4.74767E+16
83550,83551,9,4,71,208,2016,9,19,6,3,9,1,2,0,0,1,0,0,0,0,6.26609E+20,5.52675E+21,1.07623E+16,4.98797E+16
83551,83552,9,1,76,129,2016,9,6,5,3,3,6,1,0,1,1,0,0,0,0,6.83315E+20,5.40544E+21,1.14951E+16,4.87749E+16
83552,83553,9,1,73,118,2016,9,11,6,3,5,3,0,0,0,1,0,0,0,1,6.87308E+20,5.30674E+21,1.15056E+16,4.78867E+16
83553,83554,9,6,61,0,2016,9,15,5,3,5,3,0,0,0,1,0,1,0,0,5.10775E+20,5.53623E+21,9.15028E+15,4.99784E+16
83554,83555,9,2,75,159,2016,10,6,7,3,5,2,0,0,0,1,0,0,0,0,8.14171E+20,5.39912E+21,1.32674E+16,4.8666E+16
83555,83556,9,5,64,0,2016,9,15,5,2,4,3,0,0,1,1,0,0,0,0,6.52395E+20,5.48233E+21,1.11037E+16,4.94745E+16
83556,83557,9,1,87,130,2016,10,8,2,3,9,1,0,1,0,1,0,0,0,0,7.13676E+20,5.30791E+21,1.18584E+16,4.78889E+16
83557,83558,9,7,71,113,2016,9,18,6,3,4,1,0,0,0,1,0,0,0,0,6.57105E+20,5.37055E+21,1.11255E+16,4.84684E+16
83558,83559,9,7,75,152,2016,10,23,1,3,9,1,2,0,0,0,0,1,0,0,5.79277E+20,5.35472E+21,1.00698E+16,4.83407E+16
83559,83560,9,6,71,143,2016,10,18,2,2,9,1,2,1,0,1,0,0,0,0,5.13753E+20,5.54454E+21,9.19211E+15,5.0053E+16
83560,83561,9,6,74,147,2016,10,8,7,2,0,3,0,1,0,1,0,1,0,0,6.07915E+20,5.54355E+21,1.05069E+16,5.00345E+16
83561,83562,9,4,71,115,2016,9,3,6,3,8,7,2,0,0,1,0,0,0,0,6.3022E+20,5.53733E+21,1.08161E+16,4.99741E+16
83562,83563,9,5,74,141,2016,10,12,1,3,9,1,0,1,0,0,0,0,0,1,6.67338E+20,5.48822E+21,1.13123E+16,4.95235E+16
83563,83564,9,1,86,162,2016,10,12,1,3,8,1,0,1,0,1,0,0,0,0,6.96023E+20,5.38466E+21,1.16581E+16,4.85844E+16