FID,OBJECTID,ULAND,UREGBEZ,UKREIS,UGEMEINDE,UJAHR,UMONAT,USTUNDE,UWOCHENTAG,UKATEGORIE,UART,UTYP1,ULICHTVERH,IstStrasse,IstRad,IstPKW,IstFuss,IstKrad,IstGkfz,IstSonstig,LINREFX,LINREFY,XGCSWGS84,YGCSWGS84
83564,83565,9,2,74,128,2016,10,23,2,3,0,1,2,0,0,1,0,0,0,0,7.36592E+20,5.39269E+21,1.2212E+16,4.86425E+16
83565,83566,9,6,63,0,2016,9,21,6,3,0,1,2,0,0,0,0,1,0,0,5.65269E+20,5.51172E+21,9.90612E+15,4.97544E+16
83566,83567,9,1,77,113,2016,10,16,2,3,2,6,0,1,0,1,0,0,0,0,7.19058E+20,5.35331E+21,1.19536E+16,4.8295E+16
83567,83568,9,6,72,113,2016,10,11,2,3,4,1,0,1,0,1,0,0,0,0,5.58657E+20,5.5744E+21,9.82393E+15,5.03188E+16
83568,83569,9,6,74,147,2016,10,19,7,2,2,6,0,1,0,1,0,0,0,0,6.07941E+20,5.54355E+21,1.05073E+16,5.00345E+16
83569,83570,9,3,63,0,2016,9,5,6,3,3,6,2,0,0,1,0,0,1,0,7.2598E+20,5.50945E+21,1.21337E+16,4.96951E+16
83570,83571,9,2,76,117,2016,9,12,5,3,7,7,0,0,0,0,0,1,0,0,8.01743E+20,5.44337E+21,1.31316E+16,4.90691E+16
83571,83572,9,6,78,134,2016,10,16,1,2,5,3,0,0,0,1,0,1,0,0,5.97726E+20,5.52841E+21,1.03608E+16,4.99E+16
83572,83573,9,1,76,111,2016,10,16,1,3,8,1,0,1,0,1,0,0,0,0,6.59038E+20,5.41383E+21,1.11682E+16,4.88571E+16
83573,83574,9,7,73,139,2016,9,16,4,3,0,1,0,0,0,0,0,1,0,0,6.15148E+20,5.38536E+21,1.05622E+16,4.86107E+16
83574,83575,9,1,84,123,2016,9,14,5,3,2,6,0,0,0,1,0,0,0,0,7.03702E+20,5.33172E+21,1.17365E+16,4.81061E+16
83575,83576,9,3,77,159,2016,9,15,6,3,0,7,0,1,0,1,0,1,0,0,7.27819E+20,5.53311E+21,1.2173E+16,4.99069E+16
83576,83577,9,1,86,152,2016,9,15,5,3,2,6,0,0,0,1,0,0,0,0,6.91322E+20,5.3806E+21,1.15925E+16,4.85493E+16
83577,83578,9,1,73,133,2016,9,15,6,3,0,1,0,0,0,0,0,1,0,0,6.76379E+20,5.27661E+21,1.13473E+16,4.76189E+16
83578,83579,9,2,61,0,2016,10,21,1,3,5,3,2,1,0,1,0,0,0,0,7.32442E+20,5.38273E+21,1.21501E+16,4.85545E+16
83579,83580,9,1,62,0,2016,9,18,6,3,0,6,2,0,0,1,0,1,0,0,6.88683E+20,5.33675E+21,1.15372E+16,4.8156E+16
83580,83581,9,6,71,148,2016,9,12,5,3,4,2,0,0,0,1,0,0,0,0,5.29429E+20,5.53637E+21,9.41046E+15,4.99789E+16
83581,83582,9,4,72,131,2016,10,12,2,3,0,1,0,0,1,0,0,0,0,0,6.74166E+20,5.53964E+21,1.14295E+16,4.99836E+16
83582,83583,9,2,77,113,2016,10,11,7,1,8,6,0,0,0,1,0,1,0,0,8.01697E+20,5.37775E+21,1.30829E+16,4.84804E+16
83583,83584,9,5,75,153,2016,9,16,5,3,2,6,0,0,0,1,0,0,0,0,6.12454E+20,5.49489E+21,1.05562E+16,4.95962E+16
83584,83585,9,6,77,149,2016,9,13,6,3,4,6,0,0,0,1,0,0,0,1,5.57678E+20,5.54914E+21,9.80635E+15,5.00917E+16
83585,83586,9,5,76,113,2016,10,15,2,3,5,3,0,1,0,1,0,0,0,0,6.61035E+20,5.45735E+21,1.12127E+16,4.92477E+16
83586,83587,9,6,78,174,2016,10,12,7,3,2,6,0,0,0,1,0,0,0,0,5.94689E+20,5.54288E+21,1.03221E+16,5.00307E+16
83587,83588,9,3,74,134,2016,9,17,6,2,3,6,0,0,0,1,0,1,0,0,7.18897E+20,5.50364E+21,1.20324E+16,4.96456E+16
83588,83589,9,5,75,118,2016,10,13,1,2,8,1,0,0,0,1,0,0,0,0,6.17301E+20,5.49493E+21,1.06232E+16,4.95955E+16
83589,83590,9,1,88,117,2016,10,14,1,3,8,1,0,1,0,1,0,0,0,0,6.62116E+20,5.31533E+21,1.11721E+16,4.79707E+16
83590,83591,9,1,62,0,2016,9,18,6,3,5,3,0,0,1,1,0,0,0,0,6.92206E+20,5.34293E+21,1.15873E+16,4.82105E+16
83591,83592,9,5,72,160,2016,9,1,5,3,2,6,2,0,0,1,0,0,1,0,6.247E+20,5.51026E+21,1.07304E+16,4.97319E+16
83592,83593,9,1,62,0,2016,9,10,5,3,3,6,0,0,0,1,0,0,0,0,6.82185E+20,5.33547E+21,1.14493E+16,4.81464E+16
83593,83594,9,1,61,0,2016,9,16,5,3,5,3,0,0,1,0,0,0,0,1,6.77604E+20,5.40359E+21,1.14167E+16,4.87599E+16
83594,83595,9,5,72,133,2016,9,8,5,3,2,6,0,0,0,1,0,0,0,0,6.37015E+20,5.50186E+21,1.08983E+16,4.96537E+16
83595,83596,9,7,61,0,2016,9,17,4,3,2,6,0,0,0,1,0,0,0,0,6.40837E+20,5.36049E+21,1.09021E+16,4.83819E+16
83596,83597,9,1,62,0,2016,9,16,5,3,5,3,0,0,0,1,0,0,0,0,6.93507E+20,5.33153E+21,1.15996E+16,4.81076E+16
83597,83598,9,1,86,128,2016,9,12,5,3,2,6,0,0,0,1,0,0,0,0,6.7789E+20,5.38553E+21,1.14128E+16,4.85976E+16
83598,83599,9,1,84,142,2016,9,17,6,2,4,2,0,0,0,1,0,1,0,0,6.81317E+20,5.31857E+21,1.14305E+16,4.79947E+16
83599,83600,9,5,65,0,2016,9,18,5,3,2,6,0,0,0,1,0,0,0,0,6.47182E+20,5.46599E+21,1.10257E+16,4.93288E+16
83600,83601,9,3,77,129,2016,11,17,5,3,5,3,2,0,0,1,0,0,0,0,7.06645E+20,5.52789E+21,1.18757E+16,4.98677E+16
83601,83602,9,6,75,170,2016,9,13,6,2,4,6,0,0,0,1,0,0,0,0,5.82586E+20,5.50795E+21,1.01457E+16,4.97184E+16
83602,83603,9,2,72,138,2016,10,12,7,3,0,7,0,0,0,0,0,1,0,0,8.28163E+20,5.41225E+21,1.34673E+16,4.87766E+16
83603,83604,9,5,61,0,2016,9,16,5,3,3,6,0,0,0,1,0,1,0,0,6.16405E+20,5.46134E+21,1.06009E+16,4.92937E+16
83604,83605,9,6,77,127,2016,9,13,6,2,4,2,0,0,0,1,0,0,0,0,5.58248E+20,5.53908E+21,9.81279E+15,5.00012E+16
83605,83606,9,7,72,121,2016,9,6,4,3,2,3,0,0,0,1,0,0,0,0,6.32349E+20,5.37605E+21,1.07925E+16,4.85236E+16
83606,83607,9,5,75,168,2016,10,18,2,2,5,3,1,1,0,1,0,0,0,0,5.88476E+20,5.48536E+21,1.02223E+16,4.95144E+16
83607,83608,9,1,83,128,2016,9,16,6,3,5,3,0,0,0,1,0,0,0,0,7.62928E+20,5.35157E+21,1.2543E+16,4.82627E+16
83608,83609,9,3,75,117,2016,9,3,6,2,2,6,2,0,0,1,0,0,1,0,7.34568E+20,5.43195E+21,1.2207E+16,4.89959E+16
83609,83610,9,4,76,179,2016,10,8,1,1,8,1,0,0,0,1,0,0,0,1,6.60389E+20,5.59301E+21,1.12601E+16,5.04671E+16
83610,83611,9,1,62,0,2016,9,10,6,3,2,6,0,0,0,1,0,0,0,0,6.92071E+20,5.34052E+21,1.15844E+16,4.81889E+16
83611,83612,9,5,72,137,2016,9,10,5,2,5,3,0,0,1,1,0,0,0,0,6.53857E+20,5.49495E+21,1.11287E+16,4.95876E+16
83612,83613,9,7,71,130,2016,9,17,4,2,5,3,0,0,0,1,0,0,1,0,6.44696E+20,5.36321E+21,1.09552E+16,4.84054E+16
83613,83614,9,1,62,0,2016,9,17,5,3,3,7,0,0,0,1,0,0,0,0,6.95099E+20,5.34162E+21,1.16256E+16,4.81978E+16
83614,83615,9,1,85,149,2016,9,10,5,2,5,3,0,0,0,1,0,0,0,0,6.60028E+20,5.3983E+21,1.11757E+16,4.87172E+16
83615,83616,9,2,74,127,2016,10,13,7,3,2,1,0,0,0,1,0,0,0,0,7.36482E+20,5.39556E+21,1.22121E+16,4.86683E+16
83616,83617,9,2,78,140,2016,10,11,2,3,4,6,0,1,0,1,0,0,0,1,7.75154E+20,5.41907E+21,1.2752E+16,4.88635E+16
83617,83618,9,6,72,122,2016,9,9,6,2,4,6,0,0,0,1,0,0,0,0,5.75155E+20,5.55816E+21,1.00524E+16,5.01709E+16
83618,83619,9,6,75,165,2016,10,11,2,3,1,6,0,0,0,1,0,0,0,0,5.87181E+20,5.51528E+21,1.02111E+16,4.97837E+16
83619,83620,9,6,77,157,2016,10,8,7,3,2,6,0,1,0,1,0,0,0,0,5.39577E+20,5.51876E+21,9.55018E+15,4.98199E+16
83620,83621,9,2,74,128,2016,10,12,7,3,1,6,0,0,0,1,0,1,0,0,7.3514E+20,5.3859E+21,1.21884E+16,4.8582E+16
83621,83622,9,3,73,114,2016,9,17,5,3,2,6,0,0,0,1,0,0,0,0,6.73877E+20,5.45769E+21,1.13892E+16,4.92473E+16
83622,83623,9,3,72,116,2016,10,17,2,3,4,6,0,0,0,1,0,0,0,0,7.69125E+20,5.45783E+21,1.26957E+16,4.92141E+16
83623,83624,9,6,78,134,2016,9,19,6,3,0,1,0,0,1,0,0,0,0,0,5.97145E+20,5.52775E+21,1.03526E+16,4.98943E+16
83624,83625,9,6,77,120,2016,10,15,7,3,2,6,0,1,0,1,0,0,0,1,5.31816E+20,5.52499E+21,9.4428E+15,4.98765E+16
83625,83626,9,2,79,132,2016,10,14,7,3,4,1,0,0,0,1,0,0,1,0,7.69089E+20,5.40643E+21,1.26612E+16,4.87527E+16
83626,83627,9,4,71,119,2016,9,17,5,3,2,6,0,0,0,1,0,0,0,0,6.35346E+20,5.53806E+21,1.08878E+16,4.99795E+16
83627,83628,9,6,74,163,2016,9,11,4,3,5,3,0,0,0,1,0,0,0,0,6.08453E+20,5.54171E+21,1.05139E+16,5.00178E+16
83628,83629,9,4,64,0,2016,10,14,2,3,9,1,0,1,0,0,0,1,0,0,7.03297E+20,5.5764E+21,1.1855E+16,5.03046E+16
83629,83630,9,5,72,126,2016,10,10,7,3,2,6,0,0,0,1,0,0,0,0,6.34319E+20,5.50539E+21,1.08622E+16,4.96861E+16
83630,83631,9,7,75,152,2016,9,12,5,3,0,1,0,0,0,0,0,1,0,0,5.8081E+20,5.35276E+21,1.00901E+16,4.83229E+16
83631,83632,9,1,89,140,2016,9,16,6,3,0,3,0,0,0,1,0,1,0,0,7.73476E+20,5.29618E+21,1.26495E+16,4.7761E+16
83632,83633,9,3,62,0,2016,9,19,6,3,2,6,2,0,0,1,0,0,0,0,7.24354E+20,5.43468E+21,1.2069E+16,4.90242E+16
83633,83634,9,1,61,0,2016,9,18,5,3,2,6,0,0,0,1,0,1,0,0,6.78195E+20,5.40324E+21,1.14246E+16,4.87567E+16
83634,83635,9,1,89,154,2016,9,10,6,3,1,5,0,0,0,1,0,0,0,0,7.68185E+20,5.31834E+21,1.25928E+16,4.79622E+16
83635,83636,9,1,84,122,2016,9,9,6,3,2,6,0,0,0,1,0,0,0,0,6.88007E+20,5.32379E+21,1.15224E+16,4.80397E+16
83636,83637,9,5,72,158,2016,9,14,5,3,6,2,0,0,0,1,1,0,0,0,6.49998E+20,5.49591E+21,1.10758E+16,4.95971E+16
83637,83638,9,7,75,152,2016,9,16,5,2,5,3,0,0,0,1,0,1,0,0,5.81208E+20,5.35313E+21,1.00956E+16,4.83261E+16
83638,83639,9,1,74,113,2016,9,8,5,3,2,6,0,0,0,1,0,0,0,0,6.72989E+20,5.34592E+21,1.13301E+16,4.82429E+16
83639,83640,9,2,75,122,2016,10,13,2,2,9,1,0,0,0,1,0,0,0,0,8.1931E+20,5.38439E+21,1.33256E+16,4.85313E+16
83640,83641,9,6,78,178,2016,9,13,6,3,5,3,0,0,1,1,0,0,0,0,5.9E+20,5.54325E+21,1.02567E+16,5.00348E+16
83641,83642,9,1,75,132,2016,10,14,2,3,2,6,0,0,0,1,0,0,0,0,7.06352E+20,5.33069E+21,1.17715E+16,4.8096E+16
83642,83643,9,6,72,139,2016,10,16,2,2,4,2,0,1,0,1,0,0,0,0,5.6716E+20,5.56111E+21,9.941E+15,5.01983E+16
83643,83644,9,5,72,135,2016,10,10,7,3,1,6,0,0,0,1,0,0,0,0,6.31863E+20,5.50928E+21,1.08294E+16,4.97216E+16
83644,83645,9,1,76,138,2016,10,14,2,2,8,1,0,1,0,0,0,1,0,0,6.75555E+20,5.4253E+21,1.13981E+16,4.89557E+16
83645,83646,9,3,76,149,2016,9,18,5,2,3,2,0,0,0,0,0,1,0,1,7.39698E+20,5.4578E+21,1.22923E+16,4.92261E+16
83646,83647,9,7,71,122,2016,10,7,1,3,9,7,0,1,0,1,0,0,0,0,6.49129E+20,5.36266E+21,1.10148E+16,4.83995E+16
83647,83648,9,1,74,121,2016,10,20,1,3,5,3,2,1,0,1,0,0,0,0,6.9067E+20,5.35561E+21,1.15723E+16,4.83249E+16
83648,83649,9,6,73,113,2016,9,15,4,3,5,3,0,0,0,1,0,0,0,0,6.02096E+20,5.57681E+21,1.04346E+16,5.03345E+16
83649,83650,9,1,84,145,2016,10,8,6,3,4,2,0,1,0,1,0,0,0,0,6.98258E+20,5.32446E+21,1.16601E+16,4.80426E+16
83650,83651,9,1,76,138,2016,10,20,4,2,2,6,2,0,0,1,0,0,1,0,6.76702E+20,5.42644E+21,1.14143E+16,4.89656E+16
83651,83652,9,2,74,184,2016,10,6,5,3,8,1,2,1,0,1,0,0,0,0,7.47057E+20,5.36806E+21,1.23392E+16,4.84172E+16
83652,83653,9,7,77,124,2016,10,19,4,3,6,7,2,0,0,1,1,0,0,0,6.13444E+20,5.30866E+21,1.05185E+16,4.79213E+16
83653,83654,9,4,61,0,2016,10,16,4,3,9,1,0,0,0,0,0,1,0,0,6.38564E+20,5.52688E+21,1.09286E+16,4.98783E+16
83654,83655,9,2,74,145,2016,10,7,5,3,9,6,0,1,0,1,0,0,0,0,7.50461E+20,5.38364E+21,1.23944E+16,4.85557E+16
83655,83656,9,3,72,117,2016,10,7,6,3,9,1,0,0,0,1,0,0,0,0,7.73535E+20,5.45394E+21,1.27535E+16,4.91772E+16
83656,83657,9,2,76,126,2016,10,12,3,3,8,1,0,1,0,1,0,0,0,0,8.05194E+20,5.42502E+21,1.3165E+16,4.89028E+16
83657,83658,9,5,72,133,2016,10,10,3,3,1,6,0,0,0,1,0,0,0,1,6.38412E+20,5.4991E+21,1.09167E+16,4.96285E+16
83658,83659,9,3,76,175,2016,10,11,7,3,2,6,0,0,0,1,0,0,0,0,7.29343E+20,5.46711E+21,1.21557E+16,4.93136E+16
83659,83660,9,6,73,149,2016,10,18,3,3,5,3,1,0,0,1,0,0,0,1,5.79212E+20,5.58776E+21,1.01154E+16,5.04365E+16
83660,83661,9,2,72,120,2016,10,15,3,3,8,1,0,1,0,1,0,0,0,0,8.21002E+20,5.41982E+21,1.3376E+16,4.88482E+16
83661,83662,9,7,72,177,2016,10,8,2,3,8,1,0,0,0,1,0,0,0,0,6.35795E+20,5.37561E+21,1.0839E+16,4.85189E+16
83662,83663,9,7,71,113,2016,10,9,1,3,5,3,0,0,0,1,0,0,0,1,6.57731E+20,5.36979E+21,1.11336E+16,4.84614E+16
83663,83664,9,3,75,143,2016,10,17,1,3,1,2,0,0,0,1,0,0,0,0,7.35586E+20,5.42079E+21,1.22144E+16,4.88952E+16
83664,83665,9,5,64,0,2016,10,15,5,3,2,6,0,1,0,1,0,0,0,0,6.52198E+20,5.48131E+21,1.11006E+16,4.94653E+16
83665,83666,9,6,63,0,2016,10,14,7,3,0,1,0,1,0,0,0,1,0,0,5.67409E+20,5.51324E+21,9.9361E+15,4.97679E+16
83666,83667,9,7,62,0,2016,10,7,4,3,2,6,0,0,0,1,0,0,0,0,6.232E+20,5.30599E+21,1.06483E+16,4.78954E+16
83667,83668,9,6,76,143,2016,10,7,3,1,5,3,1,0,0,1,0,1,0,0,5.26284E+20,5.50554E+21,9.36451E+15,4.97018E+16
83668,83669,9,1,89,155,2016,10,0,1,3,3,2,2,1,0,1,0,0,0,0,7.72407E+20,5.30795E+21,1.26427E+16,4.78671E+16
83669,83670,9,1,74,115,2016,10,18,3,3,6,2,2,1,0,1,1,0,0,0,6.81832E+20,5.34644E+21,1.14493E+16,4.82451E+16
83670,83671,9,1,75,122,2016,10,10,3,2,6,4,0,1,0,1,1,0,0,0,7.20963E+20,5.32547E+21,1.19648E+16,4.80442E+16
83671,83672,9,1,62,0,2016,10,8,6,3,1,5,0,1,0,1,0,0,0,0,6.83544E+20,5.33198E+21,1.14661E+16,4.81146E+16
83672,83673,9,1,86,125,2016,10,11,4,3,2,6,0,0,0,1,0,0,0,0,6.73144E+20,5.37819E+21,1.13454E+16,4.85329E+16
83673,83674,9,4,61,0,2016,10,7,4,3,4,2,0,0,0,1,0,1,0,0,6.3544E+20,5.52885E+21,1.08859E+16,4.98967E+16
83674,83675,9,1,84,121,2016,10,19,3,2,5,3,2,1,0,1,0,0,0,0,7.05963E+20,5.32547E+21,1.17638E+16,4.80492E+16
83675,83676,9,2,61,0,2016,10,17,5,3,0,1,0,1,0,0,0,1,0,0,7.31828E+20,5.38118E+21,1.2141E+16,4.85408E+16
83676,83677,9,7,64,0,2016,10,3,7,3,2,7,2,1,0,1,0,0,1,0,5.83529E+20,5.31395E+21,1.01192E+16,4.79734E+16
83677,83678,9,3,76,161,2016,10,20,6,3,5,3,1,0,0,1,0,0,0,0,7.28102E+20,5.47069E+21,1.21407E+16,4.93462E+16
83678,83679,9,2,71,119,2016,10,13,3,3,5,3,0,1,1,1,0,0,0,0,7.91498E+20,5.41793E+21,1.29735E+16,4.88458E+16
83679,83680,9,5,77,136,2016,10,16,3,3,1,6,0,0,0,1,0,0,0,0,6.30004E+20,5.43953E+21,1.07808E+16,4.90949E+16
83680,83681,9,2,78,139,2016,10,6,2,3,9,2,0,0,0,1,0,0,1,0,7.73184E+20,5.42662E+21,1.27303E+16,4.89322E+16
83681,83682,9,3,71,126,2016,10,4,7,3,9,3,2,0,0,1,0,0,0,0,7.06743E+20,5.49087E+21,1.18575E+16,4.95351E+16
83682,83683,9,5,72,133,2016,10,6,3,3,2,6,0,0,0,1,0,0,0,0,6.38563E+20,5.499E+21,1.09187E+16,4.96276E+16
83683,83684,9,1,89,133,2016,10,7,3,3,2,6,0,0,0,1,0,0,0,1,7.54148E+20,5.32199E+21,1.24073E+16,4.80006E+16
83684,83685,9,5,72,135,2016,10,14,2,2,5,3,0,0,0,1,0,1,0,0,6.30527E+20,5.5065E+21,1.081E+16,4.96969E+16
83685,83686,9,1,88,120,2016,10,10,6,2,5,3,0,1,1,1,0,0,0,0,6.76961E+20,5.32651E+21,1.13754E+16,4.80673E+16
83686,83687,9,5,64,0,2016,10,6,5,3,5,3,2,1,0,1,0,0,0,0,6.47208E+20,5.48658E+21,1.10337E+16,4.95139E+16
83687,83688,9,3,71,113,2016,10,3,7,3,9,1,2,1,0,1,0,0,0,0,6.89143E+20,5.50246E+21,1.16201E+16,4.9645E+16
83688,83689,9,5,76,151,2016,10,13,3,3,2,6,0,0,0,1,0,0,0,0,6.54008E+20,5.47036E+21,1.11213E+16,4.93665E+16
83689,83690,9,1,90,131,2016,10,17,3,2,5,3,1,0,0,1,0,0,1,0,6.60157E+20,5.29379E+21,1.11379E+16,4.77776E+16
83690,83691,9,6,78,136,2016,10,7,2,3,6,2,0,0,0,1,1,0,0,0,5.8587E+20,5.53965E+21,1.01983E+16,5.0003E+16
83691,83692,9,6,73,171,2016,10,12,1,3,8,1,0,0,0,1,0,0,0,0,5.90076E+20,5.57168E+21,1.02645E+16,5.02903E+16
83692,83693,9,1,74,115,2016,10,12,6,3,2,6,0,1,0,1,0,0,0,0,6.79987E+20,5.34796E+21,1.14251E+16,4.82593E+16
83693,83694,9,2,78,123,2016,10,10,1,3,8,1,0,0,0,1,0,0,0,0,7.55242E+20,5.41679E+21,1.24796E+16,4.88516E+16
83694,83695,9,5,73,114,2016,10,9,5,3,4,6,0,1,0,1,0,0,0,0,6.34685E+20,5.48047E+21,1.08587E+16,4.94619E+16
83695,83696,9,6,77,177,2016,10,17,7,3,5,3,0,0,0,1,0,0,0,0,5.4657E+20,5.54896E+21,9.65105E+15,5.00911E+16
83696,83697,9,7,79,197,2016,10,11,4,3,9,7,0,0,0,1,0,0,0,0,6.17757E+20,5.42368E+21,1.06085E+16,4.89548E+16
83697,83698,9,1,82,125,2016,10,14,1,3,5,3,0,0,0,1,0,0,0,0,7.12618E+20,5.29673E+21,1.18388E+16,4.77888E+16
83698,83699,9,1,62,0,2016,10,14,2,3,5,3,0,0,0,1,0,0,0,1,6.88564E+20,5.33497E+21,1.15348E+16,4.814E+16
83699,83700,9,3,76,119,2016,10,13,6,2,0,7,0,0,1,0,0,0,0,0,7.22046E+20,5.45453E+21,1.20484E+16,4.92033E+16
83700,83701,9,1,62,0,2016,10,11,6,3,2,6,0,1,0,1,0,0,0,0,6.95406E+20,5.33503E+21,1.16267E+16,4.81385E+16
83701,83702,9,1,86,125,2016,10,12,4,3,5,3,0,0,0,1,0,0,0,1,6.74766E+20,5.3734E+21,1.13654E+16,4.84894E+16
83702,83703,9,3,63,0,2016,10,14,4,3,2,6,0,0,0,1,0,0,0,1,7.26995E+20,5.5052E+21,1.21453E+16,4.96566E+16
83703,83704,9,7,72,223,2016,10,16,3,3,2,6,0,1,0,1,0,0,0,1,6.18172E+20,5.36201E+21,1.05966E+16,4.84001E+16
83704,83705,9,3,71,148,2016,10,16,6,3,2,6,0,0,0,1,0,1,0,0,7.12687E+20,5.46135E+21,1.19237E+16,4.92679E+16
83705,83706,9,2,75,126,2016,10,12,3,1,4,1,0,1,0,1,0,0,0,0,8.37121E+20,5.39643E+21,1.35759E+16,4.86299E+16
83706,83707,9,4,76,146,2016,10,8,3,3,4,6,0,0,0,1,0,0,0,0,6.60085E+20,5.56466E+21,1.12437E+16,5.02124E+16
83707,83708,9,2,74,124,2016,10,7,2,3,2,6,1,1,0,1,0,0,0,0,7.23268E+20,5.37494E+21,1.20218E+16,4.84879E+16
83708,83709,9,1,74,115,2016,10,7,6,3,5,2,1,0,1,1,0,0,0,0,6.81162E+20,5.34727E+21,1.14406E+16,4.82528E+16
83709,83710,9,2,63,0,2016,10,23,7,3,2,6,2,0,0,1,0,0,0,0,7.65989E+20,5.41953E+21,1.26276E+16,4.88716E+16
83710,83711,9,5,76,151,2016,10,16,3,3,1,6,0,0,0,0,0,0,1,0,6.55562E+20,5.47215E+21,1.11434E+16,4.93821E+16
83711,83712,9,1,62,0,2016,10,14,3,3,8,1,0,1,0,1,0,0,0,0,6.94626E+20,5.33045E+21,1.16141E+16,4.80975E+16
83712,83713,9,5,77,125,2016,10,13,2,2,0,6,0,0,0,1,0,0,0,0,6.43767E+20,5.43491E+21,1.09676E+16,4.90502E+16
83713,83714,9,1,77,133,2016,10,6,6,2,5,3,2,1,0,1,0,0,0,0,7.09262E+20,5.36014E+21,1.18251E+16,4.83597E+16
83714,83715,9,7,79,131,2016,10,6,6,3,2,6,2,0,0,1,0,0,0,0,6.32825E+20,5.39593E+21,1.08053E+16,4.87022E+16
83715,83716,9,5,77,133,2016,10,19,5,3,9,1,1,1,0,1,0,0,0,0,6.2553E+20,5.43661E+21,1.07187E+16,4.90695E+16
83716,83717,9,6,75,131,2016,10,8,7,3,5,3,0,0,1,0,0,0,0,1,5.89024E+20,5.51207E+21,1.02359E+16,4.97545E+16
83717,83718,9,2,79,115,2016,10,14,5,3,8,1,0,0,0,1,0,0,0,0,7.61704E+20,5.38088E+21,1.25448E+16,4.85264E+16
83718,83719,9,7,72,159,2016,10,7,4,3,4,2,0,0,0,1,0,0,0,1,6.26019E+20,5.36125E+21,1.07023E+16,4.83918E+16
83719,83720,9,1,62,0,2016,10,14,1,3,2,6,0,0,0,1,0,0,0,0,6.81062E+20,5.33985E+21,1.14361E+16,4.81861E+16
83720,83721,9,2,76,121,2016,10,23,6,3,9,1,2,1,0,1,0,0,0,0,8.1442E+20,5.43324E+21,1.32969E+16,4.89719E+16
83721,83722,9,2,77,138,2016,10,15,3,3,5,7,0,1,0,1,0,1,0,0,7.91665E+20,5.37035E+21,1.29423E+16,4.84187E+16
83722,83723,9,7,71,130,2016,10,18,6,3,2,6,0,0,0,1,0,0,0,0,6.48434E+20,5.36272E+21,1.10055E+16,4.84002E+16
83723,83724,9,1,85,118,2016,10,15,4,3,2,6,0,0,0,1,0,0,0,0,6.67082E+20,5.40234E+21,1.12731E+16,4.87517E+16
83724,83725,9,3,63,0,2016,10,11,4,3,2,6,0,0,0,1,0,0,0,0,7.26582E+20,5.50795E+21,1.21411E+16,4.96815E+16
83725,83726,9,7,72,131,2016,10,19,4,3,2,6,2,0,0,1,0,0,0,0,6.21228E+20,5.357E+21,1.06364E+16,4.83545E+16
83726,83727,9,1,76,161,2016,10,14,1,3,3,6,0,0,0,1,0,0,0,1,6.80837E+20,5.4146E+21,1.14655E+16,4.8858E+16
83727,83728,9,2,76,146,2016,10,15,6,2,9,1,0,0,0,0,0,1,0,0,7.96415E+20,5.42982E+21,1.3049E+16,4.89502E+16
83728,83729,9,2,62,0,2016,10,22,3,3,9,6,2,1,0,1,0,0,0,0,8.25177E+20,5.38632E+21,1.34064E+16,4.85456E+16
83729,83730,9,1,61,0,2016,10,7,4,3,2,6,0,0,0,1,0,0,0,0,6.75358E+20,5.40491E+21,1.13867E+16,4.87724E+16
83730,83731,9,1,75,115,2016,10,16,1,2,1,6,0,0,0,1,0,0,0,0,7.2209E+20,5.32917E+21,1.19818E+16,4.80771E+16
83731,83732,9,3,77,157,2016,10,18,4,3,5,3,2,1,0,1,0,1,0,0,7.19848E+20,5.54077E+21,1.20665E+16,4.99787E+16
83732,83733,9,6,75,141,2016,10,16,3,3,2,6,0,0,0,1,0,0,0,1,5.84955E+20,5.51214E+21,1.01795E+16,4.97557E+16
83733,83734,9,4,71,191,2016,10,8,3,3,2,6,0,0,0,1,0,0,0,0,6.31962E+20,5.52527E+21,1.08362E+16,4.98652E+16
83734,83735,9,1,86,162,2016,10,19,2,3,8,1,2,1,0,1,0,0,0,0,6.96268E+20,5.38743E+21,1.16627E+16,4.86092E+16
83735,83736,9,1,75,118,2016,10,18,6,3,9,7,1,0,0,1,0,0,0,0,7.18702E+20,5.33864E+21,1.19413E+16,4.81633E+16
83736,83737,9,6,75,141,2016,10,12,7,3,1,2,0,1,0,1,0,0,0,0,5.8452E+20,5.5097E+21,1.01729E+16,4.97339E+16
83737,83738,9,2,71,119,2016,10,7,7,3,3,6,0,0,0,1,0,0,0,1,7.95627E+20,5.42025E+21,1.30313E+16,4.88647E+16
83738,83739,9,5,76,113,2016,10,5,3,3,8,1,2,1,0,1,0,0,0,0,6.62176E+20,5.45395E+21,1.1227E+16,4.92169E+16
83739,83740,9,1,61,0,2016,10,6,3,2,4,2,2,0,0,1,0,1,0,0,6.78045E+20,5.40719E+21,1.14242E+16,4.87922E+16
83740,83741,9,4,77,156,2016,10,6,2,2,6,4,2,1,0,1,1,0,0,0,6.7864E+20,5.56013E+21,1.15014E+16,5.01665E+16
83741,83742,9,7,71,130,2016,10,5,6,2,8,1,2,1,0,0,0,0,1,0,6.44549E+20,5.36331E+21,1.09532E+16,4.84063E+16
83742,83743,9,5,71,145,2016,10,14,5,1,6,4,0,0,0,0,1,0,1,0,5.96766E+20,5.44645E+21,1.03273E+16,4.91633E+16