FID,OBJECTID,ULAND,UREGBEZ,UKREIS,UGEMEINDE,UJAHR,UMONAT,USTUNDE,UWOCHENTAG,UKATEGORIE,UART,UTYP1,ULICHTVERH,IstStrasse,IstRad,IstPKW,IstFuss,IstKrad,IstGkfz,IstSonstig,LINREFX,LINREFY,XGCSWGS84,YGCSWGS84
83743,83744,9,1,79,134,2016,10,8,4,2,4,6,0,0,0,1,0,1,0,0,6.68842E+20,5.34483E+21,1.12738E+16,4.82342E+16
83744,83745,9,2,79,126,2016,10,16,5,3,5,3,0,0,0,1,0,0,0,0,7.62227E+20,5.38403E+21,1.25538E+16,4.85544E+16
83745,83746,9,7,72,130,2016,10,8,4,3,2,6,0,0,0,1,0,0,0,0,6.32604E+20,5.35819E+21,1.07903E+16,4.83629E+16
83746,83747,9,3,75,183,2016,10,8,4,3,2,6,0,0,0,1,0,0,0,0,7.4332E+20,5.42922E+21,1.23248E+16,4.8968E+16
83747,83748,9,1,90,157,2016,10,19,5,3,4,2,2,0,0,1,0,0,0,0,6.60058E+20,5.30004E+21,1.11389E+16,4.78338E+16
83748,83749,9,2,62,0,2016,10,6,6,3,1,6,2,1,0,1,0,0,0,1,8.31928E+20,5.39114E+21,1.35014E+16,4.85853E+16
83749,83750,9,2,75,124,2016,10,20,3,3,8,7,2,0,0,1,0,0,0,1,8.09137E+20,5.37597E+21,1.3182E+16,4.84608E+16
83750,83751,9,6,71,127,2016,10,8,3,3,9,1,0,0,0,1,0,0,0,1,5.21172E+20,5.52617E+21,9.29474E+15,4.98875E+16
83751,83752,9,1,79,118,2016,10,11,4,2,0,6,0,0,0,1,0,1,0,0,6.72658E+20,5.33797E+21,1.13224E+16,4.81715E+16
83752,83753,9,3,62,0,2016,10,11,4,3,5,2,0,0,0,1,0,0,0,0,7.32633E+20,5.43257E+21,1.21809E+16,4.90021E+16
83753,83754,9,2,75,126,2016,10,16,7,3,4,1,0,1,0,1,0,0,0,0,8.3792E+20,5.39973E+21,1.35894E+16,4.86591E+16
83754,83755,9,2,71,148,2016,10,16,3,3,4,6,0,1,0,1,0,0,0,0,7.95077E+20,5.41735E+21,1.30218E+16,4.88389E+16
83755,83756,9,7,79,194,2016,10,17,2,3,8,7,0,0,0,1,0,0,0,0,6.12099E+20,5.41316E+21,1.05284E+16,4.88612E+16
83756,83757,9,1,62,0,2016,10,17,1,3,5,7,0,0,0,1,0,0,0,0,6.96316E+20,5.33374E+21,1.16383E+16,4.81266E+16
83757,83758,9,1,78,113,2016,10,19,6,2,4,2,2,0,0,1,0,1,0,0,6.91398E+20,5.36718E+21,1.15874E+16,4.84287E+16
83758,83759,9,4,71,195,2016,10,15,1,3,8,1,0,0,0,1,0,0,0,0,6.49032E+20,5.52632E+21,1.1074E+16,4.98707E+16
83759,83760,9,4,75,154,2016,10,19,5,3,8,1,2,1,0,1,0,0,0,0,6.95519E+20,5.56412E+21,1.17395E+16,5.01969E+16
83760,83761,9,6,62,0,2016,10,10,7,3,0,7,0,0,0,0,0,1,0,0,5.88732E+20,5.54443E+21,1.02393E+16,5.00455E+16
83761,83762,9,4,75,113,2016,10,12,1,3,9,1,0,1,0,1,0,0,0,0,6.97806E+20,5.58218E+21,1.1781E+16,5.03584E+16
83762,83763,9,7,72,121,2016,10,8,4,3,9,1,0,0,0,1,0,0,0,0,6.36008E+20,5.3749E+21,1.08416E+16,4.85125E+16
83763,83764,9,5,72,137,2016,10,9,3,3,1,2,0,1,0,1,0,0,0,0,6.51577E+20,5.48984E+21,1.10953E+16,4.95422E+16
83764,83765,9,2,72,120,2016,10,16,1,2,2,2,0,0,0,1,0,0,0,0,8.22453E+20,5.4225E+21,1.33978E+16,4.88715E+16
83765,83766,9,3,72,153,2016,10,21,3,3,7,3,2,1,0,1,0,0,0,1,7.53299E+20,5.45276E+21,1.24756E+16,4.91753E+16
83766,83767,9,1,79,121,2016,10,11,2,2,6,4,0,0,0,1,1,0,0,0,6.67616E+20,5.33862E+21,1.12549E+16,4.81787E+16
83767,83768,9,1,78,124,2016,10,18,6,3,2,6,2,0,0,1,0,0,0,0,7.0319E+20,5.36211E+21,1.17442E+16,4.83794E+16
83768,83769,9,4,75,154,2016,10,7,5,3,4,2,1,1,0,1,0,0,0,0,6.99761E+20,5.56412E+21,1.17989E+16,5.01955E+16
83769,83770,9,6,76,121,2016,10,11,7,3,0,7,0,1,0,0,0,1,0,0,5.11362E+20,5.52047E+21,9.158E+15,4.98365E+16
83770,83771,9,5,76,121,2016,10,17,3,3,5,3,0,0,0,1,0,1,0,0,6.47111E+20,5.45064E+21,1.10191E+16,4.91909E+16
83771,83772,9,1,79,142,2016,10,18,3,3,9,1,0,1,0,1,0,0,0,0,6.75156E+20,5.34426E+21,1.13585E+16,4.82274E+16
83772,83773,9,3,77,132,2016,10,7,2,3,2,2,0,0,0,1,0,0,0,0,7.22933E+20,5.52488E+21,1.21003E+16,4.98348E+16
83773,83774,9,6,77,125,2016,10,6,6,2,5,3,2,1,0,1,0,1,0,0,5.45338E+20,5.51819E+21,9.6302E+15,4.98144E+16
83774,83775,9,1,88,120,2016,10,8,4,3,5,2,0,0,0,1,1,0,0,0,6.76893E+20,5.32651E+21,1.13745E+16,4.80673E+16
83775,83776,9,1,73,118,2016,10,7,5,2,4,6,0,1,0,1,0,0,0,0,6.88178E+20,5.30371E+21,1.15159E+16,4.78591E+16
83776,83777,9,7,71,160,2016,10,18,4,3,9,1,0,0,0,1,0,0,0,0,6.52632E+20,5.34993E+21,1.10575E+16,4.82841E+16
83777,83778,9,3,72,116,2016,10,15,4,3,2,6,0,0,0,1,0,0,0,0,7.67736E+20,5.45768E+21,1.26766E+16,4.92133E+16
83778,83779,9,1,89,140,2016,10,10,5,2,5,2,0,1,1,1,0,0,0,0,7.75961E+20,5.2956E+21,1.26823E+16,4.77546E+16
83779,83780,9,2,72,151,2016,10,7,3,3,0,1,0,0,0,0,0,1,0,0,8.36303E+20,5.41072E+21,1.35765E+16,4.87585E+16
83780,83781,9,5,74,138,2016,10,17,3,3,2,6,0,0,0,1,0,0,0,0,6.64652E+20,5.48589E+21,1.12742E+16,4.95033E+16
83781,83782,9,2,77,118,2016,10,3,7,1,4,6,2,1,0,1,0,0,1,0,8.04268E+20,5.35693E+21,1.31025E+16,4.82923E+16
83782,83783,9,5,64,0,2016,10,7,3,3,5,2,1,1,1,1,0,0,0,0,6.53417E+20,5.47452E+21,1.11147E+16,4.9404E+16
83783,83784,9,2,79,127,2016,10,12,3,3,2,6,0,1,0,1,0,0,0,1,7.53093E+20,5.40211E+21,1.24413E+16,4.87205E+16
83784,83785,9,6,79,130,2016,10,6,2,3,5,2,2,0,0,1,0,0,0,0,5.71108E+20,5.51989E+21,9.98867E+15,4.98272E+16
83785,83786,9,6,77,181,2016,10,10,1,3,2,6,0,0,0,1,0,1,0,0,5.42071E+20,5.52815E+21,9.58587E+15,4.99042E+16
83786,83787,9,1,84,138,2016,10,12,5,3,8,1,0,1,0,1,0,0,0,0,6.80433E+20,5.33038E+21,1.14236E+16,4.81012E+16
83787,83788,9,3,75,201,2016,10,22,1,2,8,1,2,0,0,1,0,0,0,0,7.47208E+20,5.41707E+21,1.23705E+16,4.88573E+16
83788,83789,9,4,79,136,2016,10,15,5,3,9,1,0,1,0,1,0,0,0,0,7.20019E+20,5.54738E+21,1.20727E+16,5.0038E+16
83789,83790,9,6,76,133,2016,10,13,7,3,2,6,0,1,0,1,0,0,0,0,5.12607E+20,5.52241E+21,9.17538E+15,4.9854E+16
83790,83791,9,7,61,0,2016,10,0,4,3,0,1,2,0,1,0,0,0,0,0,6.3843E+20,5.3613E+21,1.08699E+16,4.83897E+16
83791,83792,9,5,64,0,2016,10,12,3,2,6,4,0,1,0,1,1,0,0,0,6.52304E+20,5.482E+21,1.11023E+16,4.94715E+16
83792,83793,9,1,87,129,2016,10,0,1,3,9,1,2,1,0,1,0,0,0,0,7.23235E+20,5.3008E+21,1.19825E+16,4.78218E+16
83793,83794,9,1,77,120,2016,10,9,3,3,5,3,0,0,0,1,0,0,0,0,7.19198E+20,5.35943E+21,1.19587E+16,4.835E+16
83794,83795,9,7,75,139,2016,10,18,2,2,2,6,2,0,0,1,0,0,0,1,5.78623E+20,5.36733E+21,1.00634E+16,4.84542E+16
83795,83796,9,6,73,130,2016,10,21,6,3,2,6,2,0,0,1,0,0,1,0,5.94295E+20,5.58478E+21,1.0327E+16,5.04075E+16
83796,83797,9,1,75,132,2016,10,17,4,3,2,6,0,0,0,1,0,0,0,1,7.06588E+20,5.33614E+21,1.17774E+16,4.81449E+16
83797,83798,9,3,76,150,2016,10,21,4,3,9,1,2,0,0,1,0,0,0,0,7.29251E+20,5.49024E+21,1.21678E+16,4.95214E+16
83798,83799,9,7,62,0,2016,10,17,3,3,0,3,1,0,0,0,0,1,0,1,6.21277E+20,5.30447E+21,1.06221E+16,4.78821E+16
83799,83800,9,1,83,135,2016,10,14,5,3,8,1,0,0,0,1,0,0,0,0,7.42172E+20,5.34402E+21,1.22595E+16,4.82031E+16
83800,83801,9,7,75,129,2016,10,23,7,3,8,1,2,1,0,1,0,0,0,0,5.8326E+20,5.34341E+21,1.01213E+16,4.82385E+16
83801,83802,9,1,74,126,2016,10,20,3,3,9,1,2,1,0,1,0,0,0,0,6.8298E+20,5.34455E+21,1.14639E+16,4.82278E+16
83802,83803,9,7,78,116,2016,10,13,2,3,0,6,0,0,0,1,0,0,0,0,6.15774E+20,5.31884E+21,1.05524E+16,4.80124E+16
83803,83804,9,6,74,149,2016,10,15,6,3,7,1,0,0,0,1,0,0,0,0,6.0831E+20,5.55604E+21,1.05159E+16,5.01467E+16
83804,83805,9,1,84,119,2016,10,18,4,3,2,6,1,0,0,1,0,0,0,0,6.96102E+20,5.34694E+21,1.16415E+16,4.82453E+16
83805,83806,9,1,87,169,2016,10,20,5,3,2,6,2,0,0,1,0,0,0,0,7.41559E+20,5.29883E+21,1.22258E+16,4.77975E+16
83806,83807,9,7,61,0,2016,10,17,4,3,5,3,0,0,1,1,0,0,0,0,6.38222E+20,5.36132E+21,1.08671E+16,4.83899E+16
83807,83808,9,3,76,147,2016,10,14,4,2,4,2,0,0,0,1,0,0,0,0,7.4416E+20,5.47091E+21,1.23615E+16,4.9342E+16
83808,83809,9,1,78,145,2016,10,12,4,3,2,6,0,0,0,1,0,0,0,0,6.9366E+20,5.35637E+21,1.1613E+16,4.83308E+16
83809,83810,9,1,87,182,2016,10,17,5,3,6,4,1,0,0,0,1,1,0,0,7.40755E+20,5.32776E+21,1.22313E+16,4.80577E+16
83810,83811,9,7,77,151,2016,10,23,7,1,4,6,2,1,0,1,0,0,0,0,6.17461E+20,5.293E+21,1.0568E+16,4.77796E+16
83811,83812,9,2,75,141,2016,10,13,6,3,2,6,0,0,0,1,0,0,0,0,8.23076E+20,5.37349E+21,1.33681E+16,4.84316E+16
83812,83813,9,2,72,151,2016,10,6,3,3,2,1,0,1,0,1,0,0,0,0,8.37625E+20,5.40782E+21,1.3592E+16,4.87318E+16
83813,83814,9,5,64,0,2016,10,17,3,3,2,6,0,0,0,1,0,0,0,0,6.47935E+20,5.47677E+21,1.10401E+16,4.94256E+16
83814,83815,9,3,71,150,2016,10,16,2,2,1,7,0,0,0,1,0,0,1,0,7.16292E+20,5.49236E+21,1.19901E+16,4.95451E+16
83815,83816,9,2,75,150,2016,10,6,7,3,8,2,0,0,0,0,0,0,1,0,8.3526E+20,5.3949E+21,1.35495E+16,4.86172E+16
83816,83817,9,5,64,0,2016,10,17,3,3,2,6,0,0,0,1,0,1,0,0,6.47799E+20,5.47387E+21,1.10371E+16,4.93995E+16
83817,83818,9,1,73,126,2016,10,18,3,3,5,3,0,1,0,1,0,1,0,0,6.8491E+20,5.30233E+21,1.14716E+16,4.78477E+16
83818,83819,9,6,72,113,2016,10,16,2,2,4,6,0,1,0,1,0,0,1,1,5.56414E+20,5.57367E+21,9.79232E+15,5.03124E+16
83819,83820,9,6,61,0,2016,10,20,1,3,2,7,2,1,0,1,0,1,0,0,5.1276E+20,5.53438E+21,9.1779E+15,4.99616E+16
83820,83821,9,1,62,0,2016,10,12,5,3,4,3,0,0,0,1,0,0,0,1,6.92115E+20,5.34002E+21,1.15847E+16,4.81843E+16
83821,83822,9,2,75,114,2016,10,9,1,3,5,3,0,0,0,1,0,0,0,1,8.01891E+20,5.38999E+21,1.30944E+16,4.85901E+16
83822,83823,9,4,78,139,2016,10,7,5,3,3,3,0,0,0,1,0,0,0,0,6.45184E+20,5.5568E+21,1.1032E+16,5.01456E+16
83823,83824,9,6,76,123,2016,10,9,7,3,2,6,0,1,0,1,0,0,0,1,5.20136E+20,5.52268E+21,9.28013E+15,4.98562E+16
83824,83825,9,7,61,0,2016,10,9,4,3,6,3,0,1,0,1,1,0,0,0,6.41305E+20,5.35587E+21,1.09069E+16,4.83402E+16
83825,83826,9,1,61,0,2016,10,12,1,2,0,3,0,0,1,1,0,0,0,0,6.76828E+20,5.40949E+21,1.14087E+16,4.88132E+16
83826,83827,9,7,77,167,2016,10,12,2,2,2,6,0,0,0,0,0,1,0,0,6.18963E+20,5.29844E+21,1.05895E+16,4.78283E+16
83827,83828,9,2,72,140,2016,10,2,6,3,8,1,2,0,0,1,0,0,0,0,8.28133E+20,5.41587E+21,1.34698E+16,4.8809E+16
83828,83829,9,2,61,0,2016,10,6,3,3,2,6,1,0,0,1,0,0,0,0,7.31286E+20,5.38488E+21,1.21357E+16,4.85743E+16
83829,83830,9,6,74,121,2016,10,6,6,3,9,1,1,1,0,0,0,0,1,1,6.17806E+20,5.55561E+21,1.06487E+16,5.0141E+16
83830,83831,9,1,78,143,2016,10,14,4,3,5,3,0,0,0,1,0,1,0,0,7.16064E+20,5.37153E+21,1.19227E+16,4.84598E+16
83831,83832,9,1,62,0,2016,10,8,7,3,5,3,0,0,0,1,0,0,0,1,6.87331E+20,5.33197E+21,1.15169E+16,4.81134E+16
83832,83833,9,3,76,147,2016,10,23,4,3,8,7,2,1,0,1,0,0,0,0,7.48695E+20,5.47159E+21,1.24242E+16,4.93462E+16
83833,83834,9,6,75,113,2016,10,16,3,3,8,6,0,0,0,1,0,0,0,0,5.76629E+20,5.51319E+21,1.00641E+16,4.97663E+16
83834,83835,9,2,72,126,2016,10,6,6,3,2,6,1,1,0,1,0,0,0,1,8.37151E+20,5.41957E+21,1.35952E+16,4.88374E+16
83835,83836,9,2,61,0,2016,10,13,3,3,0,3,0,1,0,1,0,1,0,0,7.32853E+20,5.38209E+21,1.21553E+16,4.85486E+16
83836,83837,9,4,77,121,2016,10,16,3,2,2,6,0,0,0,1,0,1,0,0,6.87512E+20,5.54804E+21,1.16196E+16,5.00551E+16
83837,83838,9,1,87,182,2016,10,7,2,3,2,7,0,0,0,1,0,0,0,0,7.41636E+20,5.32871E+21,1.22436E+16,4.80658E+16
83838,83839,9,1,84,131,2016,10,17,5,3,5,3,1,0,0,1,0,0,0,0,7.04865E+20,5.33697E+21,1.17546E+16,4.81529E+16
83839,83840,9,6,71,155,2016,10,21,7,3,5,2,2,0,1,1,0,0,0,0,5.04866E+20,5.53581E+21,9.06787E+15,4.99746E+16
83840,83841,9,2,75,141,2016,10,0,7,3,5,3,2,0,1,1,0,0,0,0,8.19049E+20,5.36917E+21,1.33105E+16,4.83948E+16
83841,83842,9,5,64,0,2016,10,20,3,3,0,3,2,0,0,1,0,0,0,0,6.48456E+20,5.47728E+21,1.10474E+16,4.943E+16
83842,83843,9,1,87,130,2016,10,7,3,3,5,3,0,0,0,1,0,1,0,0,7.13273E+20,5.30856E+21,1.18534E+16,4.78949E+16
83843,83844,9,2,74,113,2016,10,19,6,2,2,6,2,0,0,1,0,0,0,1,7.29409E+20,5.38389E+21,1.21097E+16,4.85661E+16
83844,83845,9,2,74,194,2016,10,7,3,3,8,1,0,1,0,0,0,0,1,0,7.23256E+20,5.37986E+21,1.20243E+16,4.85321E+16
83845,83846,9,4,75,161,2016,10,6,3,3,1,6,2,1,0,1,0,0,0,0,7.17517E+20,5.57837E+21,1.20555E+16,5.03173E+16
83846,83847,9,2,75,130,2016,10,18,2,3,4,6,1,0,0,1,0,0,1,0,8.14319E+20,5.36283E+21,1.32421E+16,4.83404E+16
83847,83848,9,7,75,135,2016,10,20,5,2,6,4,2,0,0,1,1,0,0,0,5.75422E+20,5.3614E+21,1.0019E+16,4.84012E+16
83848,83849,9,2,73,133,2016,10,13,7,3,0,7,0,1,0,0,0,1,0,0,7.10855E+20,5.4245E+21,1.18794E+16,4.89375E+16
83849,83850,9,5,64,0,2016,10,11,3,3,2,6,0,1,0,1,0,0,1,0,6.48984E+20,5.47895E+21,1.10553E+16,4.94449E+16
83850,83851,9,1,71,126,2016,10,6,3,3,0,7,2,1,0,0,0,1,0,1,7.78911E+20,5.35403E+21,1.27595E+16,4.8278E+16
83851,83852,9,5,64,0,2016,10,9,2,3,2,6,0,0,0,1,0,0,0,0,6.52531E+20,5.48263E+21,1.11057E+16,4.94772E+16
83852,83853,9,7,75,135,2016,10,16,5,3,5,7,0,0,1,1,0,0,0,0,5.7446E+20,5.36093E+21,1.00059E+16,4.83972E+16
83853,83854,9,6,73,113,2016,10,17,6,3,8,1,0,0,0,1,0,0,0,0,6.02744E+20,5.57628E+21,1.04436E+16,5.03297E+16
83854,83855,9,4,73,121,2016,10,16,5,3,2,6,0,0,0,1,0,0,0,0,6.4611E+20,5.56704E+21,1.10489E+16,5.02375E+16
83855,83856,9,1,87,154,2016,10,17,5,3,2,6,0,0,0,1,0,0,0,0,7.35857E+20,5.29642E+21,1.21485E+16,4.7778E+16
83856,83857,9,6,63,0,2016,10,7,4,3,2,6,0,0,0,1,0,0,0,1,5.65367E+20,5.51174E+21,9.90748E+15,4.97546E+16
83857,83858,9,1,86,151,2016,10,13,1,2,4,2,0,0,0,1,0,1,0,0,6.81226E+20,5.37163E+21,1.1452E+16,4.84717E+16
83858,83859,9,1,89,149,2016,10,13,6,3,9,1,0,1,0,1,0,0,0,0,7.59659E+20,5.33076E+21,1.24863E+16,4.80772E+16
83859,83860,9,2,73,133,2016,10,12,3,3,8,1,0,1,0,1,0,0,0,0,7.0998E+20,5.42488E+21,1.18676E+16,4.89412E+16
83860,83861,9,6,72,114,2016,10,6,6,2,0,1,1,1,0,0,0,1,0,0,5.76941E+20,5.56012E+21,1.00778E+16,5.01882E+16
83861,83862,9,1,78,124,2016,10,12,4,3,0,7,0,0,0,0,0,1,0,0,6.99488E+20,5.36322E+21,1.16948E+16,4.83906E+16
83862,83863,9,3,76,119,2016,10,18,4,3,2,1,1,0,0,1,0,0,0,0,7.21537E+20,5.45478E+21,1.20416E+16,4.92057E+16
83863,83864,9,1,80,123,2016,10,17,7,3,8,1,0,1,0,1,0,0,0,0,6.70239E+20,5.25967E+21,1.12591E+16,4.74682E+16
83864,83865,9,3,77,159,2016,10,6,3,2,6,2,2,0,0,1,1,0,0,0,7.2938E+20,5.53283E+21,1.21945E+16,4.99038E+16
83865,83866,9,1,76,124,2016,10,9,2,2,5,3,0,0,0,1,0,0,0,0,6.70144E+20,5.41101E+21,1.13183E+16,4.88288E+16
83866,83867,9,7,75,134,2016,10,6,5,3,5,3,2,0,0,1,0,0,0,0,5.8606E+20,5.36467E+21,1.01634E+16,4.84293E+16
83867,83868,9,4,78,116,2016,10,16,5,3,5,3,0,0,0,1,0,0,0,0,6.62992E+20,5.55527E+21,1.12804E+16,5.01273E+16
83868,83869,9,5,62,0,2016,10,12,7,3,5,6,0,0,0,1,0,0,0,0,6.43435E+20,5.49162E+21,1.09834E+16,4.95602E+16
83869,83870,9,1,72,134,2016,10,8,7,2,9,7,0,1,0,1,0,0,0,0,7.84123E+20,5.3043E+21,1.27966E+16,4.78292E+16
83870,83871,9,5,61,0,2016,10,14,3,3,2,6,0,0,0,1,0,0,1,0,6.10009E+20,5.45782E+21,1.05121E+16,4.92633E+16
83871,83872,9,1,86,158,2016,10,14,3,3,8,1,0,1,0,1,0,0,0,0,6.90058E+20,5.40734E+21,1.15877E+16,4.879E+16
83872,83873,9,3,63,0,2016,10,17,2,2,5,3,0,0,1,1,0,0,0,0,7.27615E+20,5.50636E+21,1.21545E+16,4.96668E+16
83873,83874,9,5,76,151,2016,10,14,6,3,2,6,0,0,0,1,0,0,1,0,6.55228E+20,5.47178E+21,1.11386E+16,4.93789E+16
83874,83875,9,1,77,130,2016,10,9,4,3,3,6,0,0,0,1,0,0,0,0,7.12558E+20,5.3519E+21,1.18654E+16,4.82845E+16
83875,83876,9,1,87,137,2016,10,14,5,2,9,1,0,0,0,1,0,0,0,0,7.29365E+20,5.30831E+21,1.20682E+16,4.78871E+16
83876,83877,9,6,79,175,2016,10,5,4,3,2,6,2,0,0,0,0,0,1,0,5.71217E+20,5.51005E+21,9.98837E+15,4.97387E+16
83877,83878,9,2,63,0,2016,10,12,4,3,2,6,0,0,0,1,0,0,0,0,7.64343E+20,5.41957E+21,1.26052E+16,4.88727E+16
83878,83879,9,1,86,162,2016,10,14,5,3,2,6,0,0,0,1,0,0,0,1,6.89037E+20,5.38552E+21,1.15638E+16,4.85942E+16
83879,83880,9,1,89,142,2016,10,13,6,3,4,6,0,1,0,1,0,0,0,0,7.54955E+20,5.33164E+21,1.24238E+16,4.8087E+16
83880,83881,9,1,90,145,2016,10,20,3,3,9,1,2,1,0,1,0,0,0,0,6.45607E+20,5.2915E+21,1.0943E+16,4.77604E+16
83881,83882,9,5,71,205,2016,10,22,2,3,9,7,2,0,0,1,0,0,0,0,5.83717E+20,5.47342E+21,1.0154E+16,4.94077E+16
83882,83883,9,5,65,0,2016,10,22,6,3,5,3,2,0,0,1,0,0,0,0,6.47237E+20,5.46958E+21,1.10278E+16,4.93611E+16
83883,83884,9,4,76,183,2016,10,8,5,2,9,7,0,1,0,1,0,0,0,0,6.71946E+20,5.57208E+21,1.14132E+16,5.02758E+16
83884,83885,9,5,76,122,2016,10,16,7,1,3,6,0,0,0,1,0,0,1,0,6.70197E+20,5.43592E+21,1.13295E+16,4.90527E+16
83885,83886,9,1,62,0,2016,10,20,3,3,2,6,2,1,0,1,0,0,0,0,6.89643E+20,5.34014E+21,1.15516E+16,4.81862E+16
83886,83887,9,1,85,153,2016,10,19,5,3,8,1,2,0,0,1,0,0,0,0,6.51537E+20,5.40189E+21,1.10616E+16,4.87516E+16
83887,83888,9,6,79,175,2016,10,7,4,3,1,6,0,0,0,1,0,0,0,0,5.70917E+20,5.51005E+21,9.98422E+15,4.97388E+16
83888,83889,9,1,84,149,2016,10,22,1,3,3,6,2,0,0,1,0,0,0,0,6.89401E+20,5.35073E+21,1.1553E+16,4.82814E+16
83889,83890,9,2,71,146,2016,10,9,4,3,5,3,0,0,0,1,0,0,1,0,7.84274E+20,5.41035E+21,1.287E+16,4.87811E+16
83890,83891,9,1,89,111,2016,10,8,6,3,2,6,0,1,0,1,0,0,0,1,7.63613E+20,5.32282E+21,1.25344E+16,4.80042E+16
83891,83892,9,1,80,126,2016,10,7,3,3,2,6,0,1,0,1,0,0,0,1,6.60055E+20,5.26957E+21,1.11276E+16,4.75598E+16
83892,83893,9,1,62,0,2016,10,4,3,3,3,2,2,0,0,1,0,0,0,0,6.86248E+20,5.33179E+21,1.15023E+16,4.81122E+16
83893,83894,9,2,71,148,2016,10,13,4,3,1,6,0,0,0,1,0,0,0,0,7.98138E+20,5.41809E+21,1.30639E+16,4.88441E+16
83894,83895,9,3,71,122,2016,10,15,3,2,4,6,0,1,0,1,0,0,0,0,7.13916E+20,5.48031E+21,1.19508E+16,4.94377E+16
83895,83896,9,1,62,0,2016,10,18,2,3,1,7,0,1,0,1,0,0,0,0,7.01239E+20,5.33235E+21,1.17037E+16,4.81126E+16
83896,83897,9,1,78,143,2016,10,21,2,2,8,1,2,1,0,1,0,0,0,0,7.20693E+20,5.37325E+21,1.19861E+16,4.84736E+16
83897,83898,9,7,78,180,2016,10,8,5,3,3,6,0,0,0,0,0,1,1,0,6.06746E+20,5.32235E+21,1.04323E+16,4.80455E+16
83898,83899,9,4,79,166,2016,10,3,1,3,4,6,2,1,0,1,0,0,0,0,7.06834E+20,5.55331E+21,1.1892E+16,5.0096E+16
83899,83900,9,4,77,119,2016,10,3,5,2,1,1,2,1,0,1,0,0,1,1,6.83048E+20,5.54546E+21,1.15561E+16,5.00332E+16
83900,83901,9,5,72,119,2016,10,12,7,2,0,1,0,1,1,0,0,0,0,0,6.4596E+20,5.49796E+21,1.10207E+16,4.96165E+16
83901,83902,9,5,71,165,2016,10,17,3,1,4,6,0,0,0,1,0,0,1,0,6.31922E+20,5.46743E+21,1.08163E+16,4.93453E+16
83902,83903,9,1,81,130,2016,10,13,3,3,5,7,0,0,1,1,0,0,0,0,6.39865E+20,5.3235E+21,1.08768E+16,4.80495E+16
83903,83904,9,7,76,116,2016,10,13,2,3,3,7,0,0,0,1,0,1,0,0,5.53926E+20,5.26672E+21,9.71673E+15,4.75517E+16
83904,83905,9,3,72,126,2016,10,13,2,3,2,2,0,0,0,1,0,0,0,0,7.80116E+20,5.46793E+21,1.28533E+16,4.92998E+16
83905,83906,9,5,76,143,2016,10,21,6,2,6,4,2,0,0,1,1,0,0,0,6.51986E+20,5.4559E+21,1.10879E+16,4.9237E+16
83906,83907,9,1,84,131,2016,10,20,3,3,8,1,2,1,0,1,0,0,0,0,7.05487E+20,5.33927E+21,1.17641E+16,4.81735E+16
83907,83908,9,1,76,114,2016,10,6,5,2,5,3,2,1,0,1,0,0,0,0,6.83279E+20,5.4315E+21,1.15063E+16,4.90092E+16
83908,83909,9,6,75,113,2016,10,17,4,3,2,6,0,0,0,1,0,0,0,0,5.76629E+20,5.51319E+21,1.00641E+16,4.97663E+16
83909,83910,9,2,71,125,2016,10,8,4,3,2,6,0,0,0,1,0,0,0,1,7.98876E+20,5.41215E+21,1.30696E+16,4.87904E+16
83910,83911,9,1,88,144,2016,10,18,4,3,0,7,2,0,0,1,0,0,0,0,6.67826E+20,5.32728E+21,1.12532E+16,4.80767E+16
83911,83912,9,1,62,0,2016,10,14,5,3,8,1,0,1,0,1,0,0,0,0,6.80946E+20,5.33945E+21,1.14344E+16,4.81825E+16
83912,83913,9,7,73,136,2016,10,14,7,2,8,7,0,0,0,1,0,0,0,0,5.99176E+20,5.37498E+21,1.03431E+16,4.85201E+16
83913,83914,9,1,83,126,2016,10,9,3,3,2,6,0,1,0,1,0,0,0,1,7.27019E+20,5.33647E+21,1.20518E+16,4.81409E+16
83914,83915,9,5,74,157,2016,10,15,3,3,5,3,0,0,0,1,0,0,0,0,6.6367E+20,5.46986E+21,1.1254E+16,4.93595E+16
83915,83916,9,1,89,149,2016,10,17,7,3,7,7,1,1,0,1,0,0,0,0,7.58576E+20,5.33393E+21,1.24737E+16,4.81061E+16
83916,83917,9,5,75,133,2016,10,13,3,3,8,1,0,0,0,1,0,0,0,0,5.99476E+20,5.48164E+21,1.03733E+16,4.94792E+16
83917,83918,9,1,84,132,2016,10,14,3,3,8,1,0,1,0,1,0,0,0,0,6.81702E+20,5.32377E+21,1.14379E+16,4.80414E+16
83918,83919,9,6,78,178,2016,10,5,2,3,5,2,1,0,1,1,0,0,0,0,5.89616E+20,5.54351E+21,1.02514E+16,5.00371E+16
83919,83920,9,5,76,151,2016,10,16,3,3,2,6,0,0,0,1,0,0,0,0,6.60099E+20,5.47048E+21,1.12051E+16,4.9366E+16
83920,83921,9,1,71,113,2016,10,11,7,3,2,2,0,0,0,1,0,0,0,0,7.79037E+20,5.34004E+21,1.2752E+16,4.81523E+16