FID,OBJECTID,ULAND,UREGBEZ,UKREIS,UGEMEINDE,UJAHR,UMONAT,USTUNDE,UWOCHENTAG,UKATEGORIE,UART,UTYP1,ULICHTVERH,IstStrasse,IstRad,IstPKW,IstFuss,IstKrad,IstGkfz,IstSonstig,LINREFX,LINREFY,XGCSWGS84,YGCSWGS84
83921,83922,9,2,77,140,2016,10,13,3,3,1,3,0,0,0,1,0,0,0,0,7.93023E+20,5.35934E+21,1.2953E+16,4.83193E+16
83922,83923,9,7,72,130,2016,10,7,2,2,9,1,0,0,0,1,0,0,0,0,6.30434E+20,5.35968E+21,1.07614E+16,4.83768E+16
83923,83924,9,7,77,121,2016,10,11,1,3,2,6,0,0,0,1,0,0,0,1,6.29225E+20,5.32092E+21,1.07333E+16,4.80285E+16
83924,83925,9,3,75,210,2016,10,13,1,2,1,6,0,1,0,1,0,0,0,0,7.46458E+20,5.43294E+21,1.23698E+16,4.90001E+16
83925,83926,9,4,72,119,2016,10,22,5,3,8,1,2,1,0,1,0,0,0,0,6.86928E+20,5.54016E+21,1.16076E+16,4.99845E+16
83926,83927,9,5,72,131,2016,10,11,7,2,2,6,0,1,0,1,0,0,0,1,6.56458E+20,5.49021E+21,1.11628E+16,4.95443E+16
83927,83928,9,6,79,201,2016,10,13,4,3,2,6,0,0,0,1,0,0,0,0,5.75081E+20,5.52445E+21,1.00448E+16,4.98677E+16
83928,83929,9,4,75,161,2016,10,20,3,2,8,1,2,0,0,0,0,1,0,0,7.16841E+20,5.57638E+21,1.20449E+16,5.02996E+16
83929,83930,9,1,90,154,2016,10,9,1,3,9,1,0,1,0,1,0,0,0,0,6.40938E+20,5.28489E+21,1.08786E+16,4.7702E+16
83930,83931,9,1,74,131,2016,10,16,3,3,2,6,0,1,0,1,0,0,0,0,6.76101E+20,5.3614E+21,1.13784E+16,4.83812E+16
83931,83932,9,7,77,159,2016,10,17,2,3,2,6,0,0,0,1,0,0,0,0,6.17181E+20,5.27098E+21,1.05583E+16,4.75817E+16
83932,83933,9,5,62,0,2016,10,8,6,3,2,6,0,1,0,1,0,1,0,0,6.4358E+20,5.4934E+21,1.09861E+16,4.95761E+16
83933,83934,9,1,62,0,2016,10,18,3,3,3,6,2,1,0,1,0,1,0,0,6.88701E+20,5.3374E+21,1.15377E+16,4.81618E+16
83934,83935,9,6,77,142,2016,10,9,4,3,5,3,0,0,0,1,0,0,0,0,5.57936E+20,5.53032E+21,9.80711E+15,4.99224E+16
83935,83936,9,2,71,125,2016,10,8,4,3,2,6,0,0,0,1,0,0,0,0,7.98777E+20,5.41213E+21,1.30683E+16,4.87903E+16
83936,83937,9,1,84,119,2016,10,18,3,3,5,3,2,1,0,1,0,0,0,0,6.96961E+20,5.34764E+21,1.16534E+16,4.82513E+16
83937,83938,9,1,81,146,2016,10,15,5,3,5,3,0,0,0,1,0,0,0,0,6.51668E+20,5.32655E+21,1.10362E+16,4.80742E+16
83938,83939,9,7,72,163,2016,10,16,7,3,2,6,0,0,0,1,0,0,0,0,6.38717E+20,5.34586E+21,1.08687E+16,4.82507E+16
83939,83940,9,1,89,119,2016,10,14,6,3,4,6,0,1,0,1,0,0,1,0,7.68877E+20,5.3086E+21,1.2596E+16,4.78744E+16
83940,83941,9,1,72,118,2016,10,5,3,2,9,1,2,1,0,1,0,0,0,0,7.95558E+20,5.30649E+21,1.29505E+16,4.78437E+16
83941,83942,9,5,77,177,2016,10,17,3,3,4,6,0,0,0,1,0,0,0,0,6.45246E+20,5.43219E+21,1.09869E+16,4.90255E+16
83942,83943,9,2,71,132,2016,10,14,2,3,5,3,0,0,0,1,0,0,0,0,7.88542E+20,5.42011E+21,1.29349E+16,4.88668E+16
83943,83944,9,1,71,130,2016,10,15,7,3,5,3,0,1,0,1,0,0,0,0,7.88358E+20,5.35147E+21,1.28848E+16,4.82507E+16
83944,83945,9,4,78,165,2016,10,17,3,2,0,3,0,0,0,1,0,0,0,0,6.44102E+20,5.55296E+21,1.10154E+16,5.01114E+16
83945,83946,9,1,89,157,2016,10,8,3,3,2,6,0,0,0,1,0,0,0,0,7.65005E+20,5.32824E+21,1.25564E+16,4.80523E+16
83946,83947,9,6,61,0,2016,10,21,2,3,2,6,2,0,0,1,0,0,0,0,5.09085E+20,5.53429E+21,9.12666E+15,4.99609E+16
83947,83948,9,7,63,0,2016,10,15,5,3,7,1,0,0,1,0,0,0,0,0,5.97637E+20,5.28633E+21,1.03019E+16,4.7723E+16
83948,83949,9,4,72,127,2016,10,17,5,3,5,3,0,0,1,1,0,0,0,0,6.88697E+20,5.52459E+21,1.16246E+16,4.9844E+16
83949,83950,9,6,74,164,2016,10,13,4,3,5,3,0,0,0,1,0,1,0,0,6.11838E+20,5.54917E+21,1.05633E+16,5.00843E+16
83950,83951,9,1,76,131,2016,10,16,1,3,2,6,0,0,0,1,0,0,0,0,6.81406E+20,5.4118E+21,1.1472E+16,4.88326E+16
83951,83952,9,1,89,148,2016,10,17,6,2,4,2,1,1,0,1,0,0,0,0,7.76575E+20,5.30768E+21,1.26981E+16,4.78629E+16
83952,83953,9,1,72,117,2016,10,17,3,3,4,1,0,1,0,1,0,1,0,0,7.95247E+20,5.2851E+21,1.29319E+16,4.76519E+16
83953,83954,9,1,62,0,2016,10,9,3,3,2,6,0,0,0,1,0,0,0,0,6.85921E+20,5.34077E+21,1.15018E+16,4.81929E+16
83954,83955,9,6,77,203,2016,10,0,1,3,0,7,2,1,0,1,0,0,0,0,5.59927E+20,5.52838E+21,9.83455E+15,4.99048E+16
83955,83956,9,7,79,169,2016,10,7,5,2,5,3,1,1,1,1,0,0,0,0,6.30966E+20,5.40691E+21,1.07835E+16,4.88014E+16
83956,83957,9,3,75,210,2016,10,12,1,2,7,3,0,1,0,1,0,0,0,1,7.49325E+20,5.43247E+21,1.24087E+16,4.89948E+16
83957,83958,9,4,71,191,2016,10,9,5,3,5,3,0,0,0,1,0,0,0,0,6.33064E+20,5.52491E+21,1.08514E+16,4.98618E+16
83958,83959,9,5,72,158,2016,10,13,7,3,2,2,0,0,0,1,0,1,0,0,6.49595E+20,5.49583E+21,1.10702E+16,4.95965E+16
83959,83960,9,6,62,0,2016,10,17,4,3,6,4,0,0,0,1,1,0,0,0,5.88236E+20,5.54563E+21,1.02326E+16,5.00564E+16
83960,83961,9,1,87,116,2016,10,14,1,2,7,7,0,0,0,0,0,1,0,0,7.48121E+20,5.33345E+21,1.23333E+16,4.81059E+16
83961,83962,9,7,72,186,2016,10,15,2,2,4,1,0,0,0,1,0,0,0,0,6.38636E+20,5.34318E+21,1.08667E+16,4.82267E+16
83962,83963,9,1,89,154,2016,10,12,6,3,5,3,0,0,0,1,0,0,0,1,7.68166E+20,5.31837E+21,1.25926E+16,4.79624E+16
83963,83964,9,5,64,0,2016,10,18,6,3,0,1,1,0,1,0,0,0,0,0,6.5852E+20,5.47631E+21,1.11857E+16,4.94188E+16
83964,83965,9,7,75,135,2016,10,5,3,3,8,1,2,1,0,1,0,0,0,0,5.80474E+20,5.35501E+21,1.0086E+16,4.83431E+16
83965,83966,9,2,77,128,2016,10,8,4,3,8,1,0,0,0,0,0,0,1,1,7.89244E+20,5.35049E+21,1.28961E+16,4.82416E+16
83966,83967,9,7,72,159,2016,10,12,3,2,4,6,0,0,0,1,0,0,0,0,6.26859E+20,5.36206E+21,1.07139E+16,4.83989E+16
83967,83968,9,1,72,115,2016,10,13,6,2,1,3,0,0,0,1,0,1,0,0,7.92732E+20,5.29326E+21,1.29039E+16,4.77263E+16
83968,83969,9,1,72,114,2016,10,17,3,3,5,6,0,1,0,1,0,1,0,0,7.92847E+20,5.29547E+21,1.2907E+16,4.77461E+16
83969,83970,9,4,73,159,2016,10,15,3,3,5,3,0,0,0,1,0,0,0,0,6.44614E+20,5.57274E+21,1.10301E+16,5.0289E+16
83970,83971,9,2,74,183,2016,10,13,2,3,0,3,0,1,0,1,0,0,0,0,7.41193E+20,5.36317E+21,1.22573E+16,4.83756E+16
83971,83972,9,7,73,140,2016,10,17,5,3,5,2,0,0,0,1,0,0,0,0,6.10898E+20,5.37429E+21,1.05016E+16,4.85119E+16
83972,83973,9,1,84,145,2016,10,7,7,2,2,6,1,1,0,1,0,0,0,0,6.93901E+20,5.32389E+21,1.16014E+16,4.80388E+16
83973,83974,9,4,63,0,2016,10,18,3,3,1,6,0,0,0,1,0,0,0,0,6.37533E+20,5.56945E+21,1.09296E+16,5.02611E+16
83974,83975,9,1,71,111,2016,10,7,3,3,1,6,0,0,0,1,0,0,0,0,7.74054E+20,5.34866E+21,1.26907E+16,4.82319E+16
83975,83976,9,5,71,217,2016,10,16,2,3,2,6,0,0,0,1,0,0,0,0,6.19597E+20,5.4658E+21,1.06462E+16,4.93332E+16
83976,83977,9,7,61,0,2016,10,16,5,3,2,6,0,0,0,1,0,0,0,0,6.40349E+20,5.36402E+21,1.08967E+16,4.84137E+16
83977,83978,9,5,73,122,2016,10,18,6,3,2,6,0,0,0,1,0,1,0,0,6.43726E+20,5.47792E+21,1.09825E+16,4.9437E+16
83978,83979,9,3,63,0,2016,10,11,5,3,4,2,0,0,0,1,0,0,0,0,7.27306E+20,5.50583E+21,1.21499E+16,4.96621E+16
83979,83980,9,1,79,121,2016,10,6,5,3,1,6,1,1,0,1,0,0,0,0,6.68414E+20,5.33804E+21,1.12654E+16,4.81732E+16
83980,83981,9,6,62,0,2016,10,17,4,2,8,1,0,0,0,0,0,1,0,0,5.86972E+20,5.54637E+21,1.02152E+16,5.00632E+16
83981,83982,9,1,74,146,2016,10,9,1,2,3,6,0,0,0,1,0,0,0,0,6.67486E+20,5.35061E+21,1.12578E+16,4.82865E+16
83982,83983,9,1,87,169,2016,10,13,6,3,2,6,0,0,0,1,0,0,0,0,7.36182E+20,5.29942E+21,1.21544E+16,4.78047E+16
83983,83984,9,1,71,135,2016,10,13,3,3,5,3,0,1,0,1,0,0,0,0,7.68996E+20,5.34156E+21,1.26183E+16,4.81703E+16
83984,83985,9,5,73,122,2016,10,15,6,3,2,1,0,0,0,1,0,0,0,0,6.44158E+20,5.47781E+21,1.09884E+16,4.94359E+16
83985,83986,9,7,75,126,2016,10,15,3,2,5,3,0,1,0,1,0,0,0,0,5.81933E+20,5.35908E+21,1.01065E+16,4.83795E+16
83986,83987,9,2,77,138,2016,10,19,4,2,6,2,2,1,0,1,1,0,0,0,7.91788E+20,5.37039E+21,1.2944E+16,4.8419E+16
83987,83988,9,3,75,148,2016,10,9,3,2,8,1,0,0,0,1,0,0,0,0,7.11308E+20,5.43525E+21,1.18911E+16,4.90339E+16
83988,83989,9,1,88,124,2016,10,12,2,3,1,5,0,0,1,1,0,0,0,0,6.62303E+20,5.31823E+21,1.11757E+16,4.79968E+16
83989,83990,9,7,72,171,2016,10,8,5,3,9,6,0,1,0,1,0,0,1,0,6.37135E+20,5.37388E+21,1.08565E+16,4.85031E+16
83990,83991,9,2,77,149,2016,10,9,4,3,5,2,0,0,0,1,0,0,0,0,7.95876E+20,5.36801E+21,1.29975E+16,4.83957E+16
83991,83992,9,6,77,155,2016,10,10,3,3,2,6,0,0,0,1,0,0,0,0,5.4213E+20,5.53618E+21,9.58757E+15,4.99765E+16
83992,83993,9,1,84,114,2016,10,7,3,3,2,6,1,1,0,1,0,0,0,0,7.01955E+20,5.31287E+21,1.17042E+16,4.79373E+16
83993,83994,9,4,71,155,2016,10,12,3,3,4,6,0,0,0,1,0,0,0,0,6.42977E+20,5.53089E+21,1.09915E+16,4.99133E+16
83994,83995,9,1,82,132,2016,10,13,2,3,2,6,0,0,0,1,0,0,0,0,7.06915E+20,5.28739E+21,1.17583E+16,4.77067E+16
83995,83996,9,7,72,125,2016,10,17,5,3,2,6,1,1,0,1,0,0,0,0,6.37039E+20,5.34704E+21,1.08465E+16,4.82617E+16
83996,83997,9,5,76,132,2016,10,11,7,2,5,7,0,0,1,1,0,0,0,0,6.54346E+20,5.46543E+21,1.1124E+16,4.93221E+16
83997,83998,9,1,87,173,2016,10,16,7,3,8,1,0,1,0,1,0,0,0,0,7.40615E+20,5.31882E+21,1.22244E+16,4.79774E+16
83998,83999,9,4,72,175,2016,10,1,3,1,8,1,2,1,0,1,0,0,1,1,6.81236E+20,5.51241E+21,1.15153E+16,4.97368E+16
83999,84000,9,1,61,0,2016,10,18,3,2,7,7,1,0,1,0,0,0,0,0,6.77287E+20,5.40394E+21,1.14125E+16,4.87632E+16
84000,84001,9,4,78,155,2016,10,7,2,3,7,1,1,0,0,1,0,0,0,0,6.57186E+20,5.56058E+21,1.12015E+16,5.01766E+16
84001,84002,9,5,77,173,2016,10,13,6,3,5,3,0,0,0,1,0,0,0,0,6.39721E+20,5.42324E+21,1.09083E+16,4.89463E+16
84002,84003,9,3,77,143,2016,10,15,5,3,4,6,0,0,0,1,0,0,0,0,7.13679E+20,5.53443E+21,1.19771E+16,4.9924E+16
84003,84004,9,5,74,158,2016,10,17,7,3,9,1,0,0,0,0,0,1,0,0,6.70657E+20,5.50288E+21,1.13644E+16,4.96543E+16
84004,84005,9,7,78,158,2016,10,12,3,3,2,6,0,0,0,1,0,0,0,0,6.09721E+20,5.33653E+21,1.04758E+16,4.81725E+16
84005,84006,9,1,81,139,2016,10,18,5,3,3,6,1,0,0,1,0,0,0,1,6.55666E+20,5.32452E+21,1.10891E+16,4.80549E+16
84006,84007,9,5,76,122,2016,10,22,4,2,3,7,2,0,0,1,0,0,1,0,6.71916E+20,5.43472E+21,1.13525E+16,4.90413E+16
84007,84008,9,2,62,0,2016,10,16,4,3,6,6,0,0,0,1,1,0,0,0,8.29466E+20,5.38932E+21,1.34667E+16,4.85702E+16
84008,84009,9,1,78,123,2016,10,8,5,3,8,7,0,1,0,1,0,0,0,0,6.91102E+20,5.35808E+21,1.15793E+16,4.83469E+16
84009,84010,9,1,82,125,2016,10,7,6,3,4,2,0,1,0,1,0,0,0,0,7.12619E+20,5.29673E+21,1.18388E+16,4.77888E+16
84010,84011,9,1,63,0,2016,10,18,3,3,4,2,0,1,0,1,0,0,0,0,7.34285E+20,5.30453E+21,1.21319E+16,4.78514E+16
84011,84012,9,6,78,132,2016,10,7,3,3,3,2,0,0,0,1,0,1,0,0,5.82427E+20,5.54592E+21,1.01516E+16,5.00598E+16
84012,84013,9,7,64,0,2016,10,15,3,3,2,6,0,1,0,1,0,0,0,0,5.86378E+20,5.31631E+21,1.01578E+16,4.79942E+16
84013,84014,9,2,62,0,2016,10,14,4,3,1,6,0,0,0,1,0,0,1,0,8.2191E+20,5.39231E+21,1.33669E+16,4.8601E+16
84014,84015,9,2,78,146,2016,10,15,3,3,2,2,0,1,0,0,0,0,1,0,7.60618E+20,5.41098E+21,1.25491E+16,4.87971E+16
84015,84016,9,7,78,144,2016,10,18,2,3,8,7,1,0,0,1,0,0,0,0,5.90686E+20,5.30445E+21,1.02131E+16,4.78869E+16
84016,84017,9,1,75,123,2016,10,15,2,3,8,1,0,1,0,1,0,0,0,0,7.22137E+20,5.33653E+21,1.19863E+16,4.81432E+16
84017,84018,9,7,61,0,2016,10,6,5,3,3,3,2,1,0,1,0,0,0,0,6.42861E+20,5.36005E+21,1.09293E+16,4.83774E+16
84018,84019,9,4,71,140,2016,10,11,1,3,9,1,0,0,0,1,0,0,0,0,6.36427E+20,5.53185E+21,1.09007E+16,4.99234E+16
84019,84020,9,3,77,116,2016,10,11,5,3,4,1,0,1,0,1,0,0,0,0,7.20562E+20,5.52491E+21,1.20674E+16,4.9836E+16
84020,84021,9,5,74,132,2016,10,10,7,3,8,1,0,1,0,0,0,1,0,0,6.73965E+20,5.48698E+21,1.14032E+16,4.95105E+16
84021,84022,9,5,64,0,2016,10,12,1,3,5,3,0,0,0,1,0,0,0,0,6.5259E+20,5.4808E+21,1.11058E+16,4.94606E+16
84022,84023,9,4,72,127,2016,10,7,3,3,2,6,0,0,0,1,0,1,0,0,6.8779E+20,5.52752E+21,1.16135E+16,4.98706E+16
84023,84024,9,2,75,116,2016,10,0,1,2,8,1,2,0,0,1,0,0,0,0,8.2195E+20,5.36514E+21,1.33465E+16,4.83572E+16
84024,84025,9,1,74,115,2016,10,23,3,3,4,6,2,1,1,0,0,0,0,0,6.81793E+20,5.34648E+21,1.14488E+16,4.82455E+16
84025,84026,9,7,71,145,2016,10,14,2,3,4,2,0,0,0,1,0,0,0,0,6.48045E+20,5.34542E+21,1.09941E+16,4.82447E+16
84026,84027,9,3,62,0,2016,10,6,2,3,5,3,2,0,0,1,0,0,0,0,7.28551E+20,5.43855E+21,1.21285E+16,4.90573E+16
84027,84028,9,5,61,0,2016,10,6,6,3,4,2,2,1,0,1,0,0,0,0,6.1568E+20,5.45711E+21,1.05898E+16,4.92558E+16
84028,84029,9,7,74,135,2016,10,6,3,3,4,2,2,1,0,1,0,1,0,0,5.9426E+20,5.36792E+21,1.02749E+16,4.84573E+16
84029,84030,9,1,77,117,2016,10,7,5,3,6,2,1,1,0,1,1,0,0,0,7.1498E+20,5.35178E+21,1.18979E+16,4.82827E+16
84030,84031,9,5,72,132,2016,10,17,4,2,5,6,0,0,1,1,0,0,0,0,6.38271E+20,5.49479E+21,1.09132E+16,4.95899E+16
84031,84032,9,3,73,167,2016,10,18,5,2,2,6,1,1,0,1,0,0,1,0,6.88531E+20,5.46181E+21,1.15923E+16,4.92799E+16
84032,84033,9,5,64,0,2016,10,12,7,3,5,3,0,0,0,1,0,0,0,0,6.54432E+20,5.48075E+21,1.11311E+16,4.94598E+16
84033,84034,9,1,63,0,2016,10,19,7,3,5,3,1,1,1,1,0,0,0,0,7.32722E+20,5.30742E+21,1.21126E+16,4.78779E+16
84034,84035,9,4,72,167,2016,10,9,3,3,2,6,0,1,0,1,0,0,0,0,6.7742E+20,5.53172E+21,1.14712E+16,4.99115E+16
84035,84036,9,1,74,146,2016,10,6,3,3,2,6,2,1,0,1,0,0,0,0,6.65684E+20,5.35142E+21,1.12339E+16,4.82943E+16
84036,84037,9,3,63,0,2016,10,8,2,3,0,1,0,0,1,0,0,0,0,0,7.27696E+20,5.50699E+21,1.2156E+16,4.96724E+16
84037,84038,9,5,61,0,2016,10,7,6,3,2,6,0,0,0,1,0,0,0,0,6.11427E+20,5.46476E+21,1.05335E+16,4.93254E+16
84038,84039,9,7,78,203,2016,10,13,3,2,5,3,0,0,0,1,0,0,0,0,6.2092E+20,5.32258E+21,1.06224E+16,4.80451E+16
84039,84040,9,1,62,0,2016,10,8,4,3,2,6,0,0,0,1,0,0,0,0,6.96744E+20,5.3337E+21,1.1644E+16,4.81261E+16
84040,84041,9,5,62,0,2016,10,8,4,3,5,3,0,0,0,1,0,0,0,1,6.41883E+20,5.49147E+21,1.09619E+16,4.95592E+16
84041,84042,9,2,74,134,2016,10,17,4,2,2,3,0,0,0,1,0,0,0,0,7.39655E+20,5.37525E+21,1.22434E+16,4.84847E+16
84042,84043,9,1,62,0,2016,10,19,4,3,5,3,2,0,0,1,0,0,0,0,6.87572E+20,5.33157E+21,1.152E+16,4.81098E+16
84043,84044,9,1,82,124,2016,10,11,6,3,2,6,0,0,0,1,0,0,0,0,7.07069E+20,5.28414E+21,1.17588E+16,4.76774E+16
84044,84045,9,1,63,0,2016,10,8,3,3,5,3,1,1,1,1,0,0,0,0,7.31364E+20,5.30174E+21,1.20914E+16,4.78274E+16
84045,84046,9,5,72,115,2016,10,19,3,3,0,1,1,1,0,0,0,1,0,0,6.46678E+20,5.50243E+21,1.10323E+16,4.96566E+16
84046,84047,9,1,87,117,2016,10,9,7,3,2,6,0,0,0,1,0,0,1,0,7.25557E+20,5.30101E+21,1.20136E+16,4.78229E+16
84047,84048,9,4,61,0,2016,10,10,3,3,5,2,0,0,1,1,0,0,0,0,6.37148E+20,5.53045E+21,1.09102E+16,4.99107E+16
84048,84049,9,2,61,0,2016,10,19,3,3,6,4,2,0,0,1,1,0,0,0,7.31594E+20,5.38155E+21,1.2138E+16,4.85443E+16
84049,84050,9,6,75,113,2016,10,19,2,3,9,1,2,0,0,1,0,0,0,0,5.79489E+20,5.50876E+21,1.01029E+16,4.97261E+16
84050,84051,9,6,63,0,2016,10,15,1,3,1,6,0,0,0,1,0,0,0,0,5.68305E+20,5.51595E+21,9.94901E+15,4.97921E+16
84051,84052,9,3,75,170,2016,10,13,1,3,5,3,0,0,0,1,0,0,0,0,7.36941E+20,5.43108E+21,1.22389E+16,4.89871E+16
84052,84053,9,3,73,151,2016,10,17,5,2,0,2,0,0,0,1,0,0,0,0,6.987E+20,5.44316E+21,1.17227E+16,4.91091E+16
84053,84054,9,5,64,0,2016,10,9,7,3,5,3,0,1,0,1,0,0,0,0,6.51271E+20,5.47349E+21,1.10848E+16,4.93953E+16
84054,84055,9,5,76,121,2016,10,16,4,3,5,3,0,0,0,1,0,1,0,0,6.46703E+20,5.44887E+21,1.10128E+16,4.91751E+16
84055,84056,9,3,77,145,2016,10,11,3,3,1,6,0,0,0,1,0,0,0,0,7.28452E+20,5.53945E+21,1.21856E+16,4.99636E+16
84056,84057,9,1,72,131,2016,10,8,1,3,9,1,0,1,0,1,0,0,0,0,7.85175E+20,5.28883E+21,1.28005E+16,4.76899E+16
84057,84058,9,1,62,0,2016,10,8,3,3,2,6,2,0,0,1,0,0,0,0,6.86015E+20,5.3433E+21,1.15042E+16,4.82157E+16
84058,84059,9,7,72,202,2016,10,18,2,3,5,3,0,1,0,1,0,0,0,0,6.36761E+20,5.3592E+21,1.08467E+16,4.83712E+16
84059,84060,9,4,72,139,2016,10,12,6,3,8,6,0,0,0,1,0,0,0,0,6.93699E+20,5.55446E+21,1.17092E+16,5.01107E+16
84060,84061,9,7,78,203,2016,10,7,3,3,2,6,0,0,0,1,0,0,0,0,6.22059E+20,5.32235E+21,1.06377E+16,4.80427E+16
84061,84062,9,2,74,184,2016,10,15,4,3,3,3,0,0,0,1,0,0,0,0,7.47886E+20,5.36908E+21,1.2351E+16,4.84261E+16
84062,84063,9,1,84,147,2016,10,17,3,3,5,3,0,1,0,1,0,1,0,0,6.95603E+20,5.33972E+21,1.16315E+16,4.81805E+16
84063,84064,9,1,62,0,2016,10,13,4,3,6,4,0,0,0,1,1,1,0,0,6.82762E+20,5.33556E+21,1.14571E+16,4.8147E+16
84064,84065,9,7,61,0,2016,10,14,7,3,2,6,0,0,0,1,0,0,0,0,6.41296E+20,5.35591E+21,1.09068E+16,4.83405E+16
84065,84066,9,1,87,117,2016,10,13,6,3,0,6,0,0,0,0,0,1,0,0,7.23447E+20,5.30625E+21,1.19881E+16,4.78707E+16
84066,84067,9,1,82,134,2016,10,7,3,3,5,3,0,0,0,1,0,0,0,0,7.00409E+20,5.2943E+21,1.16749E+16,4.77709E+16
84067,84068,9,5,77,136,2016,10,9,3,3,2,6,0,0,0,1,0,1,0,0,6.27635E+20,5.44302E+21,1.07495E+16,4.91268E+16
84068,84069,9,2,77,139,2016,10,15,2,3,8,1,0,1,0,1,0,0,0,0,7.8555E+20,5.37024E+21,1.28598E+16,4.84205E+16
84069,84070,9,2,74,156,2016,10,23,4,3,0,7,2,0,0,1,0,0,0,0,7.44432E+20,5.38677E+21,1.23147E+16,4.85863E+16
84070,84071,9,1,62,0,2016,10,19,4,3,2,6,2,0,0,1,0,1,0,0,6.90273E+20,5.3447E+21,1.15621E+16,4.82269E+16
84071,84072,9,1,62,0,2016,10,17,4,2,4,6,0,0,1,0,0,0,0,0,6.95815E+20,5.34369E+21,1.16362E+16,4.82162E+16
84072,84073,9,6,79,154,2016,10,20,7,2,8,7,2,1,0,1,0,0,0,0,5.55674E+20,5.51316E+21,9.77314E+15,4.97684E+16
84073,84074,9,1,61,0,2016,10,10,6,3,5,3,0,0,1,1,0,0,0,0,6.7603E+20,5.40867E+21,1.13975E+16,4.88061E+16
84074,84075,9,1,87,150,2016,10,12,3,3,2,6,0,1,0,1,0,0,0,0,7.30271E+20,5.3034E+21,1.20777E+16,4.78427E+16
84075,84076,9,5,64,0,2016,10,17,3,3,2,6,2,0,0,1,0,0,0,0,6.49973E+20,5.48172E+21,1.107E+16,4.94696E+16
84076,84077,9,1,88,121,2016,10,16,7,3,2,6,0,1,0,1,0,0,0,0,6.69924E+20,5.32916E+21,1.12821E+16,4.80931E+16
84077,84078,9,3,74,134,2016,10,10,3,3,0,6,0,0,0,1,0,1,0,0,7.19581E+20,5.5044E+21,1.20422E+16,4.96521E+16
84078,84079,9,1,80,124,2016,10,15,3,3,2,6,0,0,0,1,0,0,0,0,6.65656E+20,5.28223E+21,1.12068E+16,4.76722E+16
84079,84080,9,6,78,193,2016,10,5,2,2,0,6,2,0,0,1,0,0,0,0,5.81529E+20,5.53799E+21,1.01374E+16,4.99887E+16
84080,84081,9,6,62,0,2016,10,15,1,3,3,6,0,0,1,1,0,0,0,0,5.88079E+20,5.54577E+21,1.02305E+16,5.00577E+16
84081,84082,9,6,77,155,2016,10,20,5,2,5,3,2,0,0,1,0,0,0,1,5.40797E+20,5.53826E+21,9.5692E+15,4.99953E+16
84082,84083,9,2,78,192,2016,10,15,1,2,8,1,0,0,0,1,0,0,0,0,7.74012E+20,5.41485E+21,1.27336E+16,4.88261E+16
84083,84084,9,3,73,119,2016,10,7,5,3,5,3,0,1,0,1,0,0,0,0,6.84874E+20,5.45435E+21,1.15386E+16,4.9214E+16
84084,84085,9,5,73,125,2016,10,11,7,3,5,3,0,0,0,1,0,1,0,0,6.36859E+20,5.4735E+21,1.08863E+16,4.93988E+16
84085,84086,9,5,76,111,2016,10,17,4,3,5,3,0,0,0,1,0,0,0,0,6.39526E+20,5.45612E+21,1.09169E+16,4.92419E+16
84086,84087,9,1,87,150,2016,10,22,1,3,0,6,2,1,0,1,0,0,0,0,7.27468E+20,5.30319E+21,1.20402E+16,4.78418E+16
84087,84088,9,6,79,196,2016,10,15,2,3,3,1,0,1,0,1,0,0,0,0,5.53294E+20,5.51369E+21,9.74016E+15,4.97733E+16
84088,84089,9,1,76,126,2016,10,7,6,3,5,3,2,1,1,0,0,0,0,0,6.74007E+20,5.40818E+21,1.13697E+16,4.88022E+16
84089,84090,9,1,86,162,2016,10,9,3,3,2,6,0,1,0,0,0,0,1,0,6.91819E+20,5.38483E+21,1.16012E+16,4.85871E+16
84090,84091,9,4,79,152,2016,10,7,6,2,8,1,0,1,0,1,0,0,0,0,7.21923E+20,5.56126E+21,1.21073E+16,5.01619E+16
84091,84092,9,7,63,0,2016,10,10,3,3,2,6,0,0,0,1,0,1,0,0,5.97011E+20,5.29046E+21,1.02945E+16,4.77602E+16
84092,84093,9,2,79,122,2016,10,7,4,3,6,4,0,0,0,1,1,0,0,0,7.71267E+20,5.39819E+21,1.26853E+16,4.86777E+16
84093,84094,9,7,72,177,2016,10,13,3,3,5,3,0,0,1,1,0,0,0,0,6.3691E+20,5.3783E+21,1.0855E+16,4.85429E+16
84094,84095,9,1,86,152,2016,10,6,6,3,4,2,2,1,1,1,0,0,0,0,6.91076E+20,5.37574E+21,1.1587E+16,4.85057E+16
84095,84096,9,1,81,130,2016,10,17,3,3,0,1,0,1,0,0,0,1,0,0,6.39914E+20,5.32353E+21,1.08775E+16,4.80497E+16
84096,84097,9,4,77,159,2016,10,11,3,3,2,6,0,0,0,1,0,0,0,0,6.80622E+20,5.55623E+21,1.15273E+16,5.01308E+16
84097,84098,9,2,73,116,2016,10,19,2,3,5,3,2,0,0,1,0,0,0,0,7.21783E+20,5.42396E+21,1.20281E+16,4.89288E+16
84098,84099,9,6,75,111,2016,10,19,5,3,9,1,2,1,0,1,0,0,0,0,6.01039E+20,5.51384E+21,1.04031E+16,4.97685E+16