FID,OBJECTID,ULAND,UREGBEZ,UKREIS,UGEMEINDE,UJAHR,UMONAT,USTUNDE,UWOCHENTAG,UKATEGORIE,UART,UTYP1,ULICHTVERH,IstStrasse,IstRad,IstPKW,IstFuss,IstKrad,IstGkfz,IstSonstig,LINREFX,LINREFY,XGCSWGS84,YGCSWGS84
84099,84100,9,4,78,120,2016,10,14,7,3,2,6,0,1,0,1,0,0,0,0,6.43007E+20,5.54951E+21,1.09989E+16,5.00806E+16
84100,84101,9,1,81,145,2016,10,8,7,3,0,1,0,1,0,0,0,1,0,0,6.47284E+20,5.32958E+21,1.09784E+16,4.81024E+16
84101,84102,9,3,62,0,2016,10,13,3,3,0,1,0,1,0,1,0,1,0,0,7.27256E+20,5.43121E+21,1.21067E+16,4.8992E+16
84102,84103,9,1,87,129,2016,10,7,3,3,9,1,0,0,0,1,0,0,0,0,7.25958E+20,5.29853E+21,1.20176E+16,4.78005E+16
84103,84104,9,5,77,172,2016,10,22,2,3,7,7,2,0,0,0,0,1,0,0,6.32667E+20,5.43935E+21,1.08172E+16,4.90927E+16
84104,84105,9,4,64,0,2016,10,22,6,3,5,7,2,1,0,1,0,0,0,0,7.07354E+20,5.57766E+21,1.19126E+16,5.03146E+16
84105,84106,9,3,73,147,2016,10,5,5,3,5,3,2,1,0,1,0,1,0,0,6.77372E+20,5.46039E+21,1.14384E+16,4.92705E+16
84106,84107,9,4,78,120,2016,10,14,7,3,3,6,0,1,0,1,0,0,0,0,6.43008E+20,5.54951E+21,1.09989E+16,5.00806E+16
84107,84108,9,1,84,119,2016,10,16,4,3,2,6,0,0,0,1,0,0,0,0,6.95542E+20,5.34726E+21,1.16341E+16,4.82484E+16
84108,84109,9,5,74,138,2016,10,16,4,3,2,6,0,0,0,1,0,0,0,0,6.6552E+20,5.48723E+21,1.12867E+16,4.95151E+16
84109,84110,9,1,75,118,2016,10,16,1,3,2,6,0,0,0,1,0,0,0,0,7.16006E+20,5.34025E+21,1.19059E+16,4.81787E+16
84110,84111,9,1,88,145,2016,10,16,7,2,5,2,0,0,0,1,0,0,0,0,6.65554E+20,5.32842E+21,1.12232E+16,4.80875E+16
84111,84112,9,3,75,117,2016,10,12,3,3,1,6,0,1,0,1,0,0,0,0,7.41501E+20,5.43203E+21,1.23016E+16,4.89939E+16
84112,84113,9,1,89,124,2016,10,11,3,3,2,6,0,0,0,1,0,0,0,0,7.81069E+20,5.29584E+21,1.27504E+16,4.77546E+16
84113,84114,9,5,62,0,2016,10,15,2,3,5,3,0,0,1,1,0,0,0,0,6.45522E+20,5.49348E+21,1.1013E+16,4.95764E+16
84114,84115,9,6,78,193,2016,10,3,5,3,2,6,2,0,0,0,0,0,1,1,5.77286E+20,5.53931E+21,1.00784E+16,5.00011E+16
84115,84116,9,3,73,147,2016,10,7,5,3,5,3,0,1,0,1,0,0,0,0,6.776E+20,5.46059E+21,1.14416E+16,4.92722E+16
84116,84117,9,5,64,0,2016,10,7,4,3,1,6,0,0,0,1,0,0,0,0,6.48055E+20,5.47178E+21,1.10399E+16,4.93807E+16
84117,84118,9,1,85,158,2016,10,22,1,3,1,7,2,0,0,1,0,0,0,0,6.65475E+20,5.38195E+21,1.12431E+16,4.85688E+16
84118,84119,9,6,79,196,2016,10,15,2,3,2,6,0,1,0,1,0,0,0,0,5.54215E+20,5.5134E+21,9.75291E+15,4.97706E+16
84119,84120,9,1,76,165,2016,10,19,6,3,8,1,1,0,0,1,0,0,0,0,6.67499E+20,5.4238E+21,1.12876E+16,4.89445E+16
84120,84121,9,1,81,133,2016,10,6,3,3,4,6,2,1,0,1,0,0,0,1,6.44004E+20,5.31575E+21,1.09297E+16,4.79789E+16
84121,84122,9,4,78,116,2016,10,11,6,3,5,3,0,0,0,1,0,1,0,0,6.5933E+20,5.55716E+21,1.123E+16,5.01452E+16
84122,84123,9,7,73,182,2016,10,7,3,3,0,1,0,0,0,0,0,1,0,0,6.2498E+20,5.37981E+21,1.06938E+16,4.85589E+16
84123,84124,9,1,73,118,2016,10,9,4,3,4,6,0,0,0,1,0,0,0,0,6.89195E+20,5.30155E+21,1.15285E+16,4.78394E+16
84124,84125,9,1,79,123,2016,10,11,7,3,5,3,0,0,0,1,0,0,0,0,6.76551E+20,5.33426E+21,1.13731E+16,4.81371E+16
84125,84126,9,3,63,0,2016,10,15,3,3,5,3,0,1,0,1,0,1,0,0,7.27948E+20,5.50776E+21,1.21599E+16,4.96792E+16
84126,84127,9,1,86,162,2016,10,15,2,3,8,1,0,0,0,1,0,0,0,0,6.9254E+20,5.38714E+21,1.16121E+16,4.86077E+16
84127,84128,9,6,72,114,2016,10,17,5,2,5,3,0,0,0,1,0,0,0,0,5.71405E+20,5.56478E+21,1.00012E+16,5.02309E+16
84128,84129,9,4,77,142,2016,10,12,7,3,1,6,0,1,0,1,0,0,0,0,6.78285E+20,5.54608E+21,1.14899E+16,5.00403E+16
84129,84130,9,1,88,121,2016,10,9,7,3,4,6,0,1,0,1,0,0,0,1,6.72196E+20,5.32976E+21,1.13128E+16,4.80978E+16
84130,84131,9,3,73,121,2016,10,6,3,2,8,6,2,1,0,1,0,0,0,1,6.91195E+20,5.43227E+21,1.16148E+16,4.90137E+16
84131,84132,9,1,85,149,2016,10,21,3,2,5,3,2,1,0,1,0,0,1,0,6.61315E+20,5.39839E+21,1.11932E+16,4.87176E+16
84132,84133,9,3,77,137,2016,10,5,2,3,8,1,2,1,0,1,0,0,0,0,7.39117E+20,5.54047E+21,1.23347E+16,4.99686E+16
84133,84134,9,4,78,144,2016,10,13,6,3,5,3,0,0,0,1,0,1,0,0,6.55665E+20,5.55896E+21,1.11795E+16,5.01624E+16
84134,84135,9,3,76,161,2016,10,16,5,3,8,1,0,0,0,1,0,0,0,0,7.24865E+20,5.4707E+21,1.20962E+16,4.93475E+16
84135,84136,9,7,71,130,2016,10,0,3,3,8,6,2,0,0,1,0,0,0,0,6.47796E+20,5.36279E+21,1.09969E+16,4.84009E+16
84136,84137,9,1,84,136,2016,10,15,4,3,6,4,0,0,1,0,1,0,0,0,6.98381E+20,5.3267E+21,1.16627E+16,4.80627E+16
84137,84138,9,5,71,145,2016,10,6,4,3,8,7,2,0,0,0,0,0,1,0,5.90962E+20,5.44739E+21,1.0248E+16,4.91726E+16
84138,84139,9,1,73,112,2016,10,17,4,3,3,6,0,0,0,1,0,1,0,0,6.92497E+20,5.29202E+21,1.15684E+16,4.77528E+16
84139,84140,9,7,64,0,2016,10,0,4,3,8,1,2,1,0,1,0,0,0,0,5.88889E+20,5.31213E+21,1.01906E+16,4.79563E+16
84140,84141,9,1,76,138,2016,10,14,6,2,8,1,0,1,0,1,0,0,0,0,6.71384E+20,5.42697E+21,1.13419E+16,4.89719E+16
84141,84142,9,1,79,123,2016,10,12,3,3,1,6,0,1,0,1,0,0,0,0,6.76523E+20,5.33433E+21,1.13728E+16,4.81377E+16
84142,84143,9,6,71,156,2016,10,13,3,3,2,6,0,0,0,1,0,0,0,0,5.20741E+20,5.53608E+21,9.28927E+15,4.99767E+16
84143,84144,9,1,79,121,2016,10,17,7,3,2,5,0,0,0,1,0,0,0,0,6.65378E+20,5.33852E+21,1.12247E+16,4.81784E+16
84144,84145,9,1,74,113,2016,10,15,6,3,3,6,0,0,0,1,0,0,0,0,6.74027E+20,5.34519E+21,1.13437E+16,4.8236E+16
84145,84146,9,1,74,115,2016,10,13,3,3,1,6,0,1,0,1,0,0,0,0,6.81163E+20,5.34727E+21,1.14406E+16,4.82528E+16
84146,84147,9,6,75,113,2016,10,13,3,3,3,1,0,0,0,1,0,0,1,0,5.78217E+20,5.51441E+21,1.00864E+16,4.9777E+16
84147,84148,9,1,89,130,2016,10,14,4,3,4,2,0,0,0,1,0,0,0,1,7.65387E+20,5.31547E+21,1.25536E+16,4.79375E+16
84148,84149,9,3,73,151,2016,10,17,3,2,4,2,0,1,0,1,0,0,0,0,7.0272E+20,5.45511E+21,1.17837E+16,4.92152E+16
84149,84150,9,1,84,135,2016,10,20,2,3,4,2,2,0,0,1,0,0,0,0,6.92575E+20,5.34903E+21,1.1595E+16,4.82652E+16
84150,84151,9,1,81,114,2016,10,18,2,2,4,6,1,2,0,1,0,0,0,0,6.53882E+20,5.31461E+21,1.10616E+16,4.79663E+16
84151,84152,9,6,71,140,2016,10,15,5,3,0,6,0,0,0,1,0,0,0,0,5.0593E+20,5.53744E+21,9.08272E+15,4.99893E+16
84152,84153,9,3,71,136,2016,10,11,5,3,8,1,0,1,0,1,0,0,0,0,7.12122E+20,5.48076E+21,1.19263E+16,4.94424E+16
84153,84154,9,4,74,126,2016,10,17,7,3,2,2,0,0,0,1,0,0,0,0,6.4602E+20,5.5075E+21,1.10251E+16,4.97023E+16
84154,84155,9,3,72,117,2016,10,15,3,2,4,1,0,1,0,1,0,0,0,0,7.73148E+20,5.45407E+21,1.27483E+16,4.91786E+16
84155,84156,9,1,74,113,2016,10,7,3,3,2,6,0,0,0,1,0,0,0,0,6.70305E+20,5.34813E+21,1.12948E+16,4.82634E+16
84156,84157,9,3,75,175,2016,10,16,2,3,3,1,1,2,0,1,0,0,0,0,7.15016E+20,5.43529E+21,1.19418E+16,4.9033E+16
84157,84158,9,4,76,145,2016,10,15,6,3,2,6,0,1,0,1,0,0,0,0,6.67263E+20,5.56717E+21,1.13454E+16,5.0233E+16
84158,84159,9,6,79,161,2016,10,19,3,3,2,6,2,0,0,1,0,0,0,0,5.61838E+20,5.52139E+21,9.86004E+15,4.98417E+16
84159,84160,9,7,75,135,2016,10,6,4,3,2,1,1,0,0,1,0,0,0,0,5.7517E+20,5.35588E+21,1.00146E+16,4.83516E+16
84160,84161,9,5,77,138,2016,10,10,4,2,5,3,0,0,0,1,0,0,0,0,6.31458E+20,5.44586E+21,1.08028E+16,4.91515E+16
84161,84162,9,1,89,154,2016,10,13,4,3,5,3,0,0,0,1,0,0,0,0,7.68668E+20,5.31502E+21,1.25972E+16,4.79321E+16
84162,84163,9,7,74,150,2016,10,16,4,3,5,7,0,0,1,1,0,0,0,0,6.00729E+20,5.34511E+21,1.0357E+16,4.82512E+16
84163,84164,9,1,74,137,2016,10,7,3,3,0,7,0,0,0,0,0,1,0,0,6.59105E+20,5.35426E+21,1.11463E+16,4.83215E+16
84164,84165,9,5,74,138,2016,10,14,3,3,5,3,0,0,0,1,0,0,0,0,6.6712E+20,5.48437E+21,1.13076E+16,4.9489E+16
84165,84166,9,1,78,123,2016,10,14,7,3,2,6,0,0,0,1,0,0,0,0,6.92277E+20,5.36185E+21,1.15969E+16,4.83805E+16
84166,84167,9,3,72,146,2016,10,7,3,2,4,6,0,1,0,1,0,0,0,0,7.61454E+20,5.46126E+21,1.25928E+16,4.92482E+16
84167,84168,9,2,79,124,2016,10,17,3,3,9,6,0,1,0,1,0,0,0,0,7.52354E+20,5.38974E+21,1.24238E+16,4.86098E+16
84168,84169,9,6,73,114,2016,10,17,2,2,5,3,0,0,0,1,0,0,0,0,5.82384E+20,5.57823E+21,1.0158E+16,5.03503E+16
84169,84170,9,6,75,141,2016,10,14,1,2,0,7,0,0,1,0,0,0,0,0,5.83618E+20,5.51227E+21,1.01609E+16,4.97571E+16
84170,84171,9,6,61,0,2016,10,19,5,3,2,6,1,0,0,1,0,1,0,0,5.07664E+20,5.53299E+21,9.10683E+15,4.99492E+16
84171,84172,9,3,72,116,2016,10,17,1,3,4,2,0,0,0,1,0,0,0,0,7.67471E+20,5.4593E+21,1.2674E+16,4.9228E+16
84172,84173,9,2,76,122,2016,10,7,5,3,9,7,0,1,0,1,0,0,0,0,7.89644E+20,5.43864E+21,1.2963E+16,4.90325E+16
84173,84174,9,4,74,137,2016,10,10,7,3,8,1,0,1,0,0,0,1,0,0,6.51664E+20,5.50067E+21,1.11006E+16,4.96396E+16
84174,84175,9,5,71,216,2016,10,20,4,3,0,3,2,0,0,1,0,0,0,0,6.18066E+20,5.45435E+21,1.06217E+16,4.92305E+16
84175,84176,9,1,87,173,2016,10,23,1,2,8,1,2,1,0,0,0,1,0,0,7.44418E+20,5.32139E+21,1.22767E+16,4.79991E+16
84176,84177,9,1,84,131,2016,10,17,2,3,5,3,0,0,0,1,0,0,0,0,7.05336E+20,5.34005E+21,1.17624E+16,4.81805E+16
84177,84178,9,4,71,220,2016,10,17,2,3,3,1,0,1,0,1,0,0,0,0,6.19633E+20,5.51057E+21,1.06602E+16,4.97357E+16
84178,84179,9,2,75,120,2016,10,6,3,3,8,1,0,0,0,1,0,0,0,0,8.1106E+20,5.40219E+21,1.32275E+16,4.86951E+16
84179,84180,9,7,61,0,2016,10,5,2,3,3,6,2,1,0,1,0,0,0,0,6.41315E+20,5.3638E+21,1.09097E+16,4.84115E+16
84180,84181,9,1,62,0,2016,10,15,1,3,2,6,0,0,0,1,0,0,0,0,6.94947E+20,5.33289E+21,1.16195E+16,4.81194E+16
84181,84182,9,5,62,0,2016,10,10,5,3,8,1,0,1,0,0,0,1,0,0,6.43603E+20,5.49347E+21,1.09864E+16,4.95768E+16
84182,84183,9,4,61,0,2016,10,15,1,3,3,6,0,0,0,1,0,0,0,0,6.38069E+20,5.52794E+21,1.09221E+16,4.98879E+16
84183,84184,9,2,78,123,2016,10,16,5,3,3,3,0,1,0,1,0,0,0,0,7.47388E+20,5.415E+21,1.23717E+16,4.88386E+16
84184,84185,9,4,71,128,2016,10,14,7,3,8,1,0,1,0,1,0,0,0,0,6.05053E+20,5.52279E+21,1.04613E+16,4.98483E+16
84185,84186,9,4,79,136,2016,10,20,4,3,0,7,2,1,0,1,0,0,0,0,7.20509E+20,5.54391E+21,1.20775E+16,5.00066E+16
84186,84187,9,3,72,168,2016,10,9,3,3,4,6,0,1,0,0,0,0,1,0,7.66819E+20,5.46345E+21,1.26678E+16,4.92655E+16
84187,84188,9,2,79,113,2016,10,20,1,3,5,3,2,0,0,1,0,0,0,0,7.88848E+20,5.39321E+21,1.29202E+16,4.86252E+16
84188,84189,9,1,74,115,2016,10,17,3,3,5,3,0,1,1,1,0,0,0,0,6.802E+20,5.34831E+21,1.14281E+16,4.82623E+16
84189,84190,9,6,79,176,2016,10,14,2,2,4,6,0,1,0,1,0,0,0,0,5.67915E+20,5.5073E+21,9.94208E+15,4.97144E+16
84190,84191,9,4,73,170,2016,10,11,6,2,4,2,0,0,0,1,0,0,0,0,6.40339E+20,5.5624E+21,1.09663E+16,5.01972E+16
84191,84192,9,6,63,0,2016,10,16,3,3,5,2,0,0,1,1,0,0,0,0,5.67192E+20,5.51686E+21,9.93371E+15,4.98005E+16
84192,84193,9,4,78,165,2016,10,2,4,3,2,6,2,0,0,1,0,0,0,1,6.43867E+20,5.55229E+21,1.10119E+16,5.01054E+16
84193,84194,9,1,89,152,2016,10,9,4,3,8,1,0,0,0,1,0,0,0,0,7.80262E+20,5.33016E+21,1.2762E+16,4.80631E+16
84194,84195,9,1,77,144,2016,10,19,4,3,8,1,2,0,0,1,0,0,0,0,7.14513E+20,5.34556E+21,1.18885E+16,4.82269E+16
84195,84196,9,7,75,129,2016,10,16,4,3,5,2,0,0,0,1,0,0,0,0,5.81915E+20,5.34165E+21,1.01029E+16,4.82228E+16
84196,84197,9,6,79,154,2016,10,21,7,3,1,6,2,1,0,1,0,0,0,0,5.55142E+20,5.51335E+21,9.76577E+15,4.97701E+16
84197,84198,9,1,88,145,2016,10,12,6,3,3,6,0,1,0,1,0,0,0,0,6.64592E+20,5.32823E+21,1.12102E+16,4.8086E+16
84198,84199,9,1,84,118,2016,10,17,3,3,2,6,0,1,0,1,0,0,1,1,7.04795E+20,5.33682E+21,1.17536E+16,4.81517E+16
84199,84200,9,5,64,0,2016,10,9,3,3,0,1,0,0,1,1,0,0,0,0,6.50535E+20,5.4774E+21,1.10761E+16,4.94307E+16
84200,84201,9,2,76,117,2016,10,13,2,2,8,1,0,1,0,1,0,0,0,0,7.96798E+20,5.44214E+21,1.30632E+16,4.90605E+16
84201,84202,9,1,78,120,2016,10,13,7,3,1,6,0,0,0,1,0,0,0,1,6.95286E+20,5.35315E+21,1.16334E+16,4.83014E+16
84202,84203,9,3,76,150,2016,10,12,3,1,8,1,0,1,0,1,0,0,0,0,7.29019E+20,5.49001E+21,1.21644E+16,4.95194E+16
84203,84204,9,1,83,112,2016,10,7,3,3,1,6,0,0,0,1,0,0,1,0,7.53359E+20,5.34944E+21,1.2413E+16,4.82475E+16
84204,84205,9,6,71,133,2016,10,18,2,2,6,4,0,0,0,1,1,0,0,0,5.11685E+20,5.5421E+21,9.16315E+15,5.00311E+16
84205,84206,9,5,74,156,2016,10,18,5,3,5,3,1,0,0,1,0,0,1,0,6.59882E+20,5.48243E+21,1.1207E+16,4.94734E+16
84206,84207,9,2,71,119,2016,10,17,5,2,4,6,0,1,0,1,0,0,0,1,7.94822E+20,5.4196E+21,1.30199E+16,4.88592E+16
84207,84208,9,4,61,0,2016,10,20,7,3,4,2,2,0,0,1,0,1,0,0,6.37881E+20,5.52945E+21,1.092E+16,4.99015E+16
84208,84209,9,4,73,144,2016,10,17,4,3,5,3,0,0,0,1,0,0,0,0,6.35778E+20,5.57596E+21,1.09073E+16,5.03201E+16
84209,84210,9,1,86,113,2016,10,21,1,2,5,3,2,0,0,1,0,0,0,0,6.80811E+20,5.39588E+21,1.14569E+16,4.86898E+16
84210,84211,9,6,63,0,2016,10,19,2,3,0,7,2,1,0,0,0,0,0,1,5.66427E+20,5.51697E+21,9.9231E+15,4.98015E+16
84211,84212,9,1,81,123,2016,10,7,6,3,2,6,0,1,0,1,0,0,0,0,6.5515E+20,5.32654E+21,1.10829E+16,4.80732E+16
84212,84213,9,1,78,120,2016,10,17,3,3,9,1,0,1,0,1,0,0,0,0,6.94274E+20,5.35464E+21,1.16205E+16,4.83151E+16
84213,84214,9,6,73,156,2016,10,12,3,3,0,1,0,0,0,1,0,0,0,0,5.91713E+20,5.57483E+21,1.02883E+16,5.03185E+16
84214,84215,9,1,89,129,2016,10,7,4,3,5,3,0,0,1,1,0,0,0,0,7.59507E+20,5.29513E+21,1.24628E+16,4.77573E+16
84215,84216,9,6,79,196,2016,10,7,3,3,5,3,0,0,0,1,0,0,0,0,5.52827E+20,5.51622E+21,9.73402E+15,4.97961E+16
84216,84217,9,1,77,126,2016,10,17,3,3,2,6,0,0,0,1,0,0,0,0,7.18365E+20,5.36916E+21,1.19525E+16,4.84377E+16
84217,84218,9,4,71,140,2016,10,13,3,3,2,6,0,0,0,1,0,0,0,0,6.36289E+20,5.53192E+21,1.08988E+16,4.99241E+16
84218,84219,9,4,77,124,2016,10,12,6,1,3,6,0,0,0,0,0,1,0,1,6.71188E+20,5.54689E+21,1.13912E+16,5.00496E+16
84219,84220,9,6,72,139,2016,10,3,3,2,2,6,2,0,0,0,0,0,1,0,5.65528E+20,5.56272E+21,9.9184E+15,5.0213E+16
84220,84221,9,1,87,137,2016,10,14,4,3,0,1,0,0,0,0,0,1,0,0,7.29896E+20,5.31096E+21,1.20767E+16,4.79107E+16
84221,84222,9,7,72,147,2016,10,12,3,3,3,6,0,0,0,1,0,0,0,0,6.35679E+20,5.36434E+21,1.08338E+16,4.84176E+16
84222,84223,9,1,88,137,2016,10,20,6,3,9,1,2,1,0,1,0,0,0,0,6.7238E+20,5.31427E+21,1.13091E+16,4.79585E+16
84223,84224,9,1,84,135,2016,10,15,3,3,2,6,0,1,0,1,0,0,0,0,6.88004E+20,5.34741E+21,1.15328E+16,4.8252E+16
84224,84225,9,4,64,0,2016,10,16,3,3,5,2,0,0,0,0,1,0,0,1,7.07363E+20,5.57766E+21,1.19127E+16,5.03145E+16
84225,84226,9,2,74,174,2016,10,14,2,3,2,6,0,0,0,1,0,0,1,0,7.47111E+20,5.39229E+21,1.23543E+16,4.86348E+16
84226,84227,9,5,74,155,2016,10,11,5,3,4,2,0,1,0,1,0,0,0,0,6.68119E+20,5.49304E+21,1.13251E+16,4.95666E+16
84227,84228,9,1,75,132,2016,10,0,7,3,5,3,2,0,0,1,0,0,0,0,7.07237E+20,5.33676E+21,1.17864E+16,4.81503E+16
84228,84229,9,3,71,151,2016,10,9,3,3,1,6,0,1,0,1,0,0,0,0,6.98922E+20,5.48682E+21,1.17475E+16,4.95014E+16
84229,84230,9,1,71,132,2016,10,7,3,3,2,6,0,0,0,1,0,0,0,0,7.67558E+20,5.35268E+21,1.2606E+16,4.82707E+16
84230,84231,9,5,73,122,2016,10,7,2,3,3,2,0,0,1,1,0,0,0,0,6.44123E+20,5.47783E+21,1.09879E+16,4.9436E+16
84231,84232,9,5,74,150,2016,10,18,5,3,0,1,1,1,0,0,0,1,0,0,6.70999E+20,5.48745E+21,1.13625E+16,4.95155E+16
84232,84233,9,4,72,167,2016,10,7,6,3,8,1,0,0,0,1,0,0,0,0,6.74114E+20,5.53289E+21,1.14257E+16,4.9923E+16
84233,84234,9,2,71,148,2016,10,15,5,3,8,6,0,0,0,1,0,0,1,0,7.98934E+20,5.42014E+21,1.30762E+16,4.88621E+16
84234,84235,9,7,77,112,2016,10,7,4,3,0,1,2,0,1,0,0,0,0,1,6.22871E+20,5.29879E+21,1.06418E+16,4.78307E+16
84235,84236,9,4,72,154,2016,10,21,4,3,8,1,2,1,0,1,0,0,0,0,6.63189E+20,5.53649E+21,1.12752E+16,4.99584E+16
84236,84237,9,1,61,0,2016,10,20,1,3,4,2,2,0,0,1,0,0,0,0,6.80004E+20,5.40502E+21,1.14499E+16,4.87721E+16
84237,84238,9,1,81,118,2016,10,6,6,1,9,1,2,1,0,1,0,0,0,1,6.50153E+20,5.32854E+21,1.10165E+16,4.80924E+16
84238,84239,9,1,75,127,2016,10,15,3,3,0,6,0,1,0,0,0,1,0,0,7.13706E+20,5.3429E+21,1.18763E+16,4.82033E+16
84239,84240,9,3,63,0,2016,10,7,6,2,5,3,0,1,1,1,0,0,0,0,7.27459E+20,5.50579E+21,1.2152E+16,4.96617E+16
84240,84241,9,6,73,153,2016,10,16,3,3,0,6,0,0,0,0,0,1,0,1,5.8326E+20,5.58876E+21,1.01726E+16,5.0445E+16
84241,84242,9,1,76,129,2016,10,6,4,3,4,6,1,0,0,1,0,0,1,0,6.88728E+20,5.40957E+21,1.15707E+16,4.88105E+16
84242,84243,9,1,78,124,2016,10,16,7,2,5,3,0,1,0,1,0,0,0,0,7.02856E+20,5.35905E+21,1.17382E+16,4.8352E+16
84243,84244,9,3,74,124,2016,10,7,3,3,2,6,1,0,0,1,0,0,0,0,7.09561E+20,5.5124E+21,1.19079E+16,4.97275E+16
84244,84245,9,1,81,122,2016,10,15,2,2,8,1,0,0,0,1,0,0,0,0,6.48298E+20,5.33169E+21,1.09927E+16,4.81212E+16
84245,84246,9,5,64,0,2016,10,18,5,3,5,2,1,1,0,1,0,0,0,0,6.4659E+20,5.48073E+21,1.1023E+16,4.94615E+16
84246,84247,9,2,75,154,2016,10,17,5,2,9,1,1,1,1,0,0,0,0,0,8.09243E+20,5.3926E+21,1.31958E+16,4.86099E+16
84247,84248,9,3,77,157,2016,10,8,7,2,3,6,0,1,0,1,0,0,0,0,7.24891E+20,5.54094E+21,1.21369E+16,4.99783E+16
84248,84249,9,1,75,123,2016,10,19,7,3,5,2,1,0,1,1,0,0,0,0,7.22967E+20,5.33806E+21,1.19982E+16,4.81567E+16
84249,84250,9,3,71,151,2016,10,11,3,3,0,7,0,1,0,0,0,1,0,0,6.99495E+20,5.48636E+21,1.17552E+16,4.94971E+16
84250,84251,9,1,81,130,2016,10,12,3,3,5,3,0,0,0,1,0,0,1,0,6.39108E+20,5.32532E+21,1.08673E+16,4.80659E+16
84251,84252,9,3,63,0,2016,10,7,2,3,5,3,1,0,0,1,0,0,0,1,7.2731E+20,5.50583E+21,1.215E+16,4.96621E+16
84252,84253,9,1,63,0,2016,10,17,2,3,5,2,0,0,1,1,0,0,0,0,7.3408E+20,5.3044E+21,1.21291E+16,4.78503E+16
84253,84254,9,5,64,0,2016,10,9,5,2,0,6,0,1,0,1,0,1,0,0,6.52209E+20,5.4813E+21,1.11007E+16,4.94652E+16
84254,84255,9,5,64,0,2016,10,19,5,3,5,3,2,1,0,1,0,0,0,0,6.47239E+20,5.47149E+21,1.10285E+16,4.93783E+16
84255,84256,9,3,72,126,2016,10,11,7,3,4,6,0,1,0,1,0,0,0,0,7.81922E+20,5.46467E+21,1.28758E+16,4.92697E+16
84256,84257,9,1,62,0,2016,10,12,6,2,0,1,0,0,1,0,0,0,0,0,6.97295E+20,5.32891E+21,1.16492E+16,4.80829E+16
84257,84258,9,3,61,0,2016,10,17,3,3,5,3,0,0,1,1,0,0,0,0,7.05114E+20,5.48128E+21,1.183E+16,4.94496E+16
84258,84259,9,1,87,179,2016,10,13,3,3,4,6,0,1,0,1,0,0,0,0,7.23255E+20,5.31093E+21,1.1988E+16,4.79128E+16
84259,84260,9,4,75,156,2016,10,19,2,3,5,3,2,1,0,1,0,0,0,0,6.93132E+20,5.5785E+21,1.17135E+16,5.03269E+16
84260,84261,9,3,74,111,2016,10,15,6,3,4,3,0,0,0,1,0,0,0,1,7.27608E+20,5.51208E+21,1.21577E+16,4.97182E+16
84261,84262,9,2,75,116,2016,10,11,5,2,5,3,0,1,0,1,0,1,0,0,8.19993E+20,5.36249E+21,1.33182E+16,4.83345E+16
84262,84263,9,3,75,180,2016,10,15,7,3,5,3,0,0,0,1,0,1,0,0,7.24339E+20,5.42984E+21,1.20662E+16,4.89807E+16
84263,84264,9,6,74,149,2016,10,12,3,3,5,3,0,0,0,1,0,0,0,0,6.09408E+20,5.55545E+21,1.05311E+16,5.01412E+16
84264,84265,9,7,77,151,2016,10,15,4,3,9,6,0,0,0,1,0,0,0,0,6.26611E+20,5.29385E+21,1.06903E+16,4.77855E+16
84265,84266,9,4,71,174,2016,10,15,4,3,0,3,0,0,0,1,0,0,0,0,6.36562E+20,5.5431E+21,1.09065E+16,5.00245E+16
84266,84267,9,1,76,129,2016,10,18,4,3,5,3,0,0,0,1,0,0,0,0,6.89353E+20,5.4077E+21,1.15783E+16,4.87935E+16
84267,84268,9,7,76,122,2016,10,16,4,3,2,6,0,0,0,1,0,1,0,0,5.6278E+20,5.27606E+21,9.83573E+15,4.76349E+16
84268,84269,9,1,79,145,2016,10,16,6,2,0,1,0,0,1,0,0,0,0,0,6.73573E+20,5.33649E+21,1.13341E+16,4.81579E+16
84269,84270,9,1,78,124,2016,10,7,3,3,5,3,0,1,1,1,0,0,0,0,7.02169E+20,5.3654E+21,1.1732E+16,4.84093E+16
84270,84271,9,6,78,153,2016,10,12,3,3,9,6,0,0,0,1,0,0,0,0,5.97285E+20,5.52423E+21,1.03536E+16,4.98625E+16
84271,84272,9,6,73,135,2016,10,17,3,2,0,7,0,0,1,0,0,0,0,0,5.81026E+20,5.5773E+21,1.01387E+16,5.03422E+16
84272,84273,9,1,61,0,2016,10,16,4,3,5,3,0,0,1,1,0,0,0,0,6.74873E+20,5.40395E+21,1.13797E+16,4.8764E+16
84273,84274,9,2,78,113,2016,10,8,3,3,2,6,0,0,0,1,0,0,1,0,7.68177E+20,5.42191E+21,1.26589E+16,4.88921E+16
84274,84275,9,7,75,135,2016,10,8,2,3,2,6,0,0,0,1,0,0,0,0,5.77271E+20,5.35991E+21,1.00437E+16,4.83877E+16
84275,84276,9,1,77,116,2016,10,18,2,3,2,6,1,1,0,1,0,0,0,1,7.10134E+20,5.36395E+21,1.18388E+16,4.83937E+16
84276,84277,9,5,64,0,2016,10,10,5,3,2,6,0,1,0,1,0,0,0,0,6.47646E+20,5.47472E+21,1.10353E+16,4.94073E+16