FID,OBJECTID,ULAND,UREGBEZ,UKREIS,UGEMEINDE,UJAHR,UMONAT,USTUNDE,UWOCHENTAG,UKATEGORIE,UART,UTYP1,ULICHTVERH,IstStrasse,IstRad,IstPKW,IstFuss,IstKrad,IstGkfz,IstSonstig,LINREFX,LINREFY,XGCSWGS84,YGCSWGS84
84277,84278,9,4,78,139,2016,10,15,1,3,2,6,0,0,0,1,0,0,0,0,6.45938E+20,5.56378E+21,1.10453E+16,5.02082E+16
84278,84279,9,2,74,134,2016,10,6,5,2,6,4,2,1,0,1,1,0,0,0,7.40742E+20,5.37407E+21,1.22574E+16,4.84736E+16
84279,84280,9,3,73,121,2016,10,10,7,3,8,1,0,1,0,1,0,0,0,0,6.86601E+20,5.43569E+21,1.15537E+16,4.90458E+16
84280,84281,9,5,64,0,2016,10,19,1,3,2,6,0,0,0,1,0,1,0,0,6.47554E+20,5.47513E+21,1.10342E+16,4.9411E+16
84281,84282,9,2,78,117,2016,10,19,3,3,1,7,1,1,0,1,0,0,0,1,7.57544E+20,5.42065E+21,1.25133E+16,4.88852E+16
84282,84283,9,2,77,128,2016,10,19,1,3,4,6,2,0,1,0,0,0,0,0,7.96735E+20,5.35256E+21,1.29982E+16,4.82567E+16
84283,84284,9,1,79,137,2016,10,15,3,2,6,4,0,1,0,0,1,0,0,1,6.55591E+20,5.34674E+21,1.10962E+16,4.82548E+16
84284,84285,9,6,77,125,2016,10,10,2,3,9,1,0,1,0,1,0,0,0,0,5.46454E+20,5.51811E+21,9.6457E+15,4.98137E+16
84285,84286,9,3,72,142,2016,10,16,2,3,5,3,0,0,0,1,0,0,0,1,7.56892E+20,5.44629E+21,1.25207E+16,4.91157E+16
84286,84287,9,1,79,126,2016,10,18,4,3,5,7,1,0,1,1,0,0,0,0,6.77094E+20,5.33978E+21,1.13827E+16,4.81865E+16
84287,84288,9,5,74,164,2016,10,7,3,3,2,6,0,0,0,1,0,0,0,0,6.64437E+20,5.47249E+21,1.12657E+16,4.93829E+16
84288,84289,9,2,75,143,2016,10,16,2,3,5,6,0,0,0,1,0,0,0,0,8.12297E+20,5.36464E+21,1.32162E+16,4.83576E+16
84289,84290,9,1,72,116,2016,10,16,6,3,5,3,0,0,1,1,0,0,0,0,8.00666E+20,5.28275E+21,1.30023E+16,4.76283E+16
84290,84291,9,5,62,0,2016,10,10,7,3,2,6,0,0,0,1,0,0,0,0,6.43823E+20,5.49317E+21,1.09894E+16,4.9574E+16
84291,84292,9,1,82,127,2016,10,20,1,3,5,3,2,0,0,1,0,0,0,1,6.99927E+20,5.30962E+21,1.16755E+16,4.79087E+16
84292,84293,9,4,62,0,2016,10,21,6,3,5,3,2,0,0,1,0,0,0,0,6.84067E+20,5.53541E+21,1.15655E+16,4.99426E+16
84293,84294,9,2,74,128,2016,10,6,4,3,5,3,1,1,0,1,0,0,0,0,7.35126E+20,5.38625E+21,1.21884E+16,4.85851E+16
84294,84295,9,5,76,126,2016,10,15,7,3,1,1,0,0,1,1,0,0,0,0,6.5568E+20,5.4447E+21,1.11343E+16,4.91354E+16
84295,84296,9,5,62,0,2016,10,6,2,3,2,6,0,0,0,1,0,0,0,0,6.40541E+20,5.49226E+21,1.09437E+16,4.95666E+16
84296,84297,9,6,63,0,2016,10,14,6,3,1,6,0,0,0,1,0,0,0,0,5.66249E+20,5.51714E+21,9.92065E+15,4.98031E+16
84297,84298,9,6,63,0,2016,10,16,5,3,9,1,0,0,0,1,0,0,0,0,5.68765E+20,5.51991E+21,9.95611E+15,4.98277E+16
84298,84299,9,7,75,135,2016,10,13,2,3,5,3,0,0,1,1,0,0,0,0,5.76628E+20,5.36183E+21,1.00354E+16,4.84049E+16
84299,84300,9,1,89,157,2016,10,16,7,3,5,3,0,0,0,1,0,0,0,0,7.66644E+20,5.32713E+21,1.25777E+16,4.80417E+16
84300,84301,9,6,63,0,2016,10,7,5,3,2,6,0,0,0,1,0,0,0,0,5.65337E+20,5.5157E+21,9.90773E+15,4.97902E+16
84301,84302,9,6,63,0,2016,10,20,3,3,8,1,2,1,0,1,0,0,0,0,5.70222E+20,5.51825E+21,9.97606E+15,4.98126E+16
84302,84303,9,4,75,158,2016,10,17,1,3,5,3,0,0,0,1,0,1,0,0,7.09058E+20,5.57221E+21,1.19335E+16,5.02649E+16
84303,84304,9,1,63,0,2016,10,4,3,3,2,6,2,1,0,1,0,0,0,0,7.34521E+20,5.30375E+21,1.21346E+16,4.78443E+16
84304,84305,9,6,77,175,2016,10,16,4,3,1,6,0,0,0,1,0,0,0,0,5.62908E+20,5.52918E+21,9.87619E+15,4.99117E+16
84305,84306,9,1,82,123,2016,10,23,1,3,2,6,2,0,0,1,0,0,0,0,7.19113E+20,5.3007E+21,1.19274E+16,4.78223E+16
84306,84307,9,1,89,143,2016,10,12,7,3,5,3,0,0,1,1,0,0,0,0,7.59461E+20,5.31903E+21,1.24766E+16,4.79719E+16
84307,84308,9,6,75,117,2016,10,10,5,3,8,7,0,0,0,0,0,1,0,0,5.8081E+20,5.51627E+21,1.01228E+16,4.97935E+16
84308,84309,9,2,78,189,2016,10,13,3,2,4,6,0,0,0,1,0,0,1,1,7.67152E+20,5.43946E+21,1.26565E+16,4.905E+16
84309,84310,9,2,77,119,2016,10,4,2,3,4,6,2,0,0,1,0,0,0,1,7.76393E+20,5.37263E+21,1.27379E+16,4.84461E+16
84310,84311,9,1,87,165,2016,10,2,6,2,9,1,2,0,0,1,0,0,0,0,7.32604E+20,5.29624E+21,1.2105E+16,4.77775E+16
84311,84312,9,4,62,0,2016,10,13,6,3,5,3,0,0,1,1,0,0,0,0,6.87141E+20,5.53845E+21,1.16097E+16,4.9969E+16
84312,84313,9,1,73,137,2016,10,21,4,3,2,6,2,0,0,1,0,0,0,0,6.79087E+20,5.30855E+21,1.13965E+16,4.79053E+16
84313,84314,9,5,64,0,2016,10,21,7,3,5,2,2,0,0,1,0,0,0,0,6.4954E+20,5.4785E+21,1.10628E+16,4.94408E+16
84314,84315,9,3,75,170,2016,10,7,3,3,2,6,1,1,0,1,0,0,0,0,7.37509E+20,5.43127E+21,1.22467E+16,4.89886E+16
84315,84316,9,5,72,127,2016,10,14,2,3,8,1,0,0,0,1,0,0,0,0,6.36431E+20,5.49989E+21,1.08895E+16,4.96361E+16
84316,84317,9,6,77,148,2016,10,8,6,2,2,6,0,0,1,1,0,0,0,0,5.52031E+20,5.53839E+21,9.72595E+15,4.99956E+16
84317,84318,9,6,75,141,2016,10,16,5,3,1,5,0,0,0,1,0,0,0,0,5.79515E+20,5.51257E+21,1.0104E+16,4.97604E+16
84318,84319,9,7,75,135,2016,10,13,2,3,2,6,0,0,0,1,0,0,0,0,5.73272E+20,5.35818E+21,9.98941E+15,4.83725E+16
84319,84320,9,1,89,154,2016,10,16,7,3,0,1,0,0,1,0,0,0,0,0,7.68185E+20,5.31834E+21,1.25928E+16,4.79622E+16
84320,84321,9,6,75,141,2016,10,15,5,3,2,6,0,0,0,1,0,0,0,0,5.84482E+20,5.50974E+21,1.01724E+16,4.97342E+16
84321,84322,9,5,64,0,2016,10,11,3,3,1,7,0,1,0,1,0,0,0,1,6.56027E+20,5.48143E+21,1.11534E+16,4.94655E+16
84322,84323,9,7,76,116,2016,10,15,1,3,5,3,0,0,1,1,0,0,0,0,5.5188E+20,5.2672E+21,9.6896E+15,4.75562E+16
84323,84324,9,4,79,169,2016,10,13,1,3,2,6,0,0,0,1,0,1,0,0,7.1293E+20,5.5491E+21,1.19748E+16,5.0056E+16
84324,84325,9,7,75,162,2016,10,19,2,3,0,1,2,1,1,0,0,0,0,0,5.78999E+20,5.34726E+21,1.00647E+16,4.82737E+16
84325,84326,9,1,83,114,2016,10,18,7,3,5,3,2,0,0,1,0,0,0,0,7.42231E+20,5.35519E+21,1.22667E+16,4.83034E+16
84326,84327,9,6,78,168,2016,10,12,5,3,2,6,0,0,0,1,0,0,0,0,5.81798E+20,5.55227E+21,1.01442E+16,5.01171E+16
84327,84328,9,5,72,158,2016,10,7,3,3,5,3,0,1,0,1,0,0,0,1,6.5225E+20,5.4956E+21,1.11068E+16,4.95938E+16
84328,84329,9,7,80,132,2016,10,14,1,2,2,6,0,0,0,1,0,1,0,0,5.75655E+20,5.26649E+21,1.00054E+16,4.75474E+16
84329,84330,9,4,75,169,2016,10,15,1,2,9,1,0,0,0,0,0,1,0,0,6.8958E+20,5.57211E+21,1.16604E+16,5.02707E+16
84330,84331,9,1,87,168,2016,10,14,3,3,5,3,0,1,0,1,0,0,0,1,7.48552E+20,5.307E+21,1.23237E+16,4.78682E+16
84331,84332,9,6,71,134,2016,10,17,4,3,6,7,0,0,0,1,1,0,0,0,5.00387E+20,5.54587E+21,9.00541E+15,5.00651E+16
84332,84333,9,1,87,157,2016,10,16,1,3,0,1,0,0,0,0,0,1,0,0,7.3098E+20,5.28435E+21,1.20771E+16,4.76713E+16
84333,84334,9,2,74,183,2016,10,6,3,3,5,3,1,1,0,1,0,0,0,0,7.40102E+20,5.36234E+21,1.22421E+16,4.83685E+16
84334,84335,9,5,62,0,2016,10,13,2,3,6,7,0,0,1,0,1,0,0,0,6.46432E+20,5.49572E+21,1.10264E+16,4.95963E+16
84335,84336,9,2,79,128,2016,10,0,2,3,8,1,2,0,0,0,0,0,0,1,7.55089E+20,5.39491E+21,1.2464E+16,4.86551E+16
84336,84337,9,1,87,130,2016,10,7,6,3,5,3,0,0,0,1,0,0,0,0,7.12363E+20,5.31016E+21,1.1842E+16,4.79096E+16
84337,84338,9,4,71,140,2016,10,20,6,3,1,6,2,0,0,0,0,0,1,0,6.32944E+20,5.5311E+21,1.08519E+16,4.99175E+16
84338,84339,9,1,90,142,2016,10,7,4,3,2,6,0,0,0,1,0,0,0,0,6.62555E+20,5.29565E+21,1.11706E+16,4.77937E+16
84339,84340,9,5,74,138,2016,10,12,2,3,5,3,0,0,1,1,0,0,0,0,6.64478E+20,5.48646E+21,1.1272E+16,4.95085E+16
84340,84341,9,6,77,148,2016,10,17,6,3,2,6,0,0,0,1,0,0,0,0,5.55434E+20,5.53524E+21,9.77297E+15,4.9967E+16
84341,84342,9,6,76,145,2016,10,6,5,3,5,2,2,0,1,1,0,0,0,0,5.10649E+20,5.52058E+21,9.14809E+15,4.98375E+16
84342,84343,9,7,80,124,2016,10,18,1,3,0,1,0,0,0,0,0,1,0,0,5.90951E+20,5.26815E+21,1.0209E+16,4.75604E+16
84343,84344,9,1,77,116,2016,10,16,5,2,9,1,0,0,0,1,0,0,0,0,7.14771E+20,5.36047E+21,1.18996E+16,4.83608E+16
84344,84345,9,7,76,117,2016,10,9,2,2,5,3,0,0,0,1,0,0,0,0,5.6734E+20,5.2723E+21,9.89585E+15,4.76006E+16
84345,84346,9,1,72,116,2016,10,21,7,3,5,3,2,0,0,1,0,0,0,0,8.03486E+20,5.28594E+21,1.30419E+16,4.76556E+16
84346,84347,9,6,76,116,2016,10,16,5,3,0,6,0,0,0,1,0,0,0,0,5.18962E+20,5.50621E+21,9.263E+15,4.97081E+16
84347,84348,9,4,63,0,2016,10,9,3,3,3,3,0,0,0,1,0,0,1,0,6.39673E+20,5.57155E+21,1.09604E+16,5.02795E+16
84348,84349,9,7,77,163,2016,10,16,1,1,8,1,0,0,0,0,0,1,0,0,6.2944E+20,5.27607E+21,1.07228E+16,4.76251E+16
84349,84350,9,2,74,124,2016,10,6,2,3,0,7,2,1,0,1,0,0,0,1,7.22893E+20,5.37406E+21,1.20163E+16,4.84801E+16
84350,84351,9,4,78,139,2016,10,22,1,3,8,1,2,0,0,1,0,0,0,0,6.48168E+20,5.55636E+21,1.10736E+16,5.01409E+16
84351,84352,9,1,76,161,2016,10,20,3,3,2,6,2,1,0,1,0,0,0,0,6.80938E+20,5.41664E+21,1.14678E+16,4.88763E+16
84352,84353,9,4,62,0,2016,10,12,4,2,2,6,0,0,0,1,0,0,0,0,6.84459E+20,5.53578E+21,1.15711E+16,4.99458E+16
84353,84354,9,5,64,0,2016,10,15,7,3,2,6,0,0,0,1,0,0,0,0,6.48636E+20,5.47729E+21,1.10499E+16,4.94301E+16
84354,84355,9,1,82,120,2016,10,18,1,3,5,6,1,0,0,1,0,1,0,0,7.00855E+20,5.30364E+21,1.16852E+16,4.78547E+16
84355,84356,9,2,71,128,2016,10,15,4,3,5,3,0,0,0,1,0,0,0,0,7.97269E+20,5.39834E+21,1.30378E+16,4.86673E+16
84356,84357,9,5,63,0,2016,10,7,2,3,0,7,1,0,1,0,0,0,0,0,6.45037E+20,5.48154E+21,1.10019E+16,4.94692E+16
84357,84358,9,6,78,192,2016,10,3,6,3,9,6,2,1,0,1,0,0,0,1,5.74312E+20,5.54692E+21,1.00384E+16,5.00699E+16
84358,84359,9,2,61,0,2016,10,10,2,2,6,2,0,0,0,1,1,0,0,0,7.34439E+20,5.38196E+21,1.21767E+16,4.85469E+16
84359,84360,9,1,86,149,2016,10,21,6,2,3,6,2,0,0,1,0,0,0,0,6.86361E+20,5.38829E+21,1.15288E+16,4.86199E+16
84360,84361,9,4,71,145,2016,10,10,6,3,5,2,0,0,0,1,0,0,0,0,6.42451E+20,5.52157E+21,1.09807E+16,4.98297E+16
84361,84362,9,5,64,0,2016,10,7,4,2,5,3,0,0,1,1,0,0,0,0,6.51688E+20,5.48185E+21,1.10937E+16,4.94704E+16
84362,84363,9,1,82,124,2016,10,14,1,3,2,6,0,0,0,1,0,1,0,0,6.99254E+20,5.27661E+21,1.16514E+16,4.76122E+16
84363,84364,9,3,75,210,2016,10,17,4,3,0,5,0,0,0,1,0,0,1,0,7.48687E+20,5.4331E+21,1.24004E+16,4.90007E+16
84364,84365,9,5,63,0,2016,10,17,2,3,2,6,0,0,0,1,0,0,0,0,6.42963E+20,5.48075E+21,1.0973E+16,4.94626E+16
84365,84366,9,6,72,114,2016,10,7,6,3,2,6,0,0,0,1,0,0,0,0,5.76459E+20,5.55999E+21,1.0071E+16,5.01872E+16
84366,84367,9,1,61,0,2016,10,19,6,3,5,3,2,0,0,1,0,0,0,0,6.79134E+20,5.40136E+21,1.14365E+16,4.87395E+16
84367,84368,9,3,75,179,2016,10,12,3,3,2,6,0,0,0,1,0,0,0,0,7.31935E+20,5.42824E+21,1.21689E+16,4.89635E+16
84368,84369,9,4,74,119,2016,10,18,6,3,5,3,1,0,0,1,0,1,0,0,6.53182E+20,5.49672E+21,1.11201E+16,4.96036E+16
84369,84370,9,1,89,114,2016,10,15,4,3,2,6,0,0,0,1,0,0,0,0,7.64328E+20,5.31205E+21,1.25374E+16,4.79073E+16
84370,84371,9,5,72,149,2016,10,6,5,3,4,2,2,0,0,1,0,0,1,0,6.38863E+20,5.50353E+21,1.09245E+16,4.96683E+16
84371,84372,9,7,73,117,2016,10,2,1,3,8,1,2,0,0,1,0,0,0,0,6.17562E+20,5.39766E+21,1.05984E+16,4.87209E+16
84372,84373,9,1,76,143,2016,10,15,3,2,8,1,0,1,0,1,0,0,0,0,6.81039E+20,5.40941E+21,1.1466E+16,4.88113E+16
84373,84374,9,7,74,185,2016,10,17,4,3,1,6,0,0,0,1,0,0,0,0,6.08695E+20,5.34948E+21,1.04653E+16,4.82892E+16
84374,84375,9,7,76,130,2016,10,12,2,3,3,6,0,0,0,1,0,0,0,0,5.55262E+20,5.26968E+21,9.73485E+15,4.75782E+16
84375,84376,9,1,71,121,2016,10,13,7,2,5,3,0,0,0,1,0,0,0,0,7.75135E+20,5.34329E+21,1.27018E+16,4.81832E+16
84376,84377,9,5,72,143,2016,10,16,5,3,4,6,0,0,0,1,0,0,0,1,6.27807E+20,5.51272E+21,1.07743E+16,4.97534E+16
84377,84378,9,4,62,0,2016,10,7,3,2,2,6,0,0,0,1,0,0,0,0,6.86574E+20,5.53393E+21,1.15997E+16,4.99286E+16
84378,84379,9,2,74,156,2016,10,14,2,3,5,2,0,0,1,0,0,0,0,1,7.43254E+20,5.38997E+21,1.23006E+16,4.86155E+16
84379,84380,9,4,63,0,2016,10,12,1,3,5,3,0,0,0,1,0,0,0,0,6.40949E+20,5.57236E+21,1.09786E+16,5.02865E+16
84380,84381,9,1,61,0,2016,10,8,6,3,5,3,0,0,1,1,0,0,0,0,6.81291E+20,5.40211E+21,1.14662E+16,4.87456E+16
84381,84382,9,5,64,0,2016,10,10,7,3,5,3,0,0,1,1,0,0,0,0,6.46046E+20,5.47845E+21,1.10146E+16,4.94411E+16
84382,84383,9,1,86,158,2016,10,15,1,3,4,6,0,0,1,0,0,1,0,0,6.91396E+20,5.40136E+21,1.16031E+16,4.87358E+16
84383,84384,9,4,71,123,2016,10,13,6,2,6,4,0,0,0,0,1,1,0,0,6.46354E+20,5.51878E+21,1.10339E+16,4.98036E+16
84384,84385,9,2,75,141,2016,10,13,4,2,9,1,0,1,0,1,0,0,0,0,8.17928E+20,5.36802E+21,1.32946E+16,4.83851E+16
84385,84386,9,5,75,161,2016,10,16,7,2,8,1,0,0,1,0,0,0,0,0,6.07237E+20,5.50359E+21,1.04864E+16,4.96753E+16
84386,84387,9,5,64,0,2016,10,11,2,3,0,1,0,0,0,0,0,1,0,0,6.53598E+20,5.47346E+21,1.11168E+16,4.93945E+16
84387,84388,9,6,72,135,2016,10,21,6,3,4,2,2,0,0,1,0,0,0,0,5.82964E+20,5.56422E+21,1.01631E+16,5.02244E+16
84388,84389,9,5,62,0,2016,10,8,5,3,0,7,0,0,1,0,0,0,0,0,6.42874E+20,5.49464E+21,1.09768E+16,4.95875E+16
84389,84390,9,1,76,126,2016,10,15,6,3,3,7,0,0,0,1,0,1,0,0,6.72729E+20,5.40607E+21,1.13515E+16,4.87836E+16
84390,84391,9,4,71,220,2016,10,6,6,2,6,4,1,0,0,1,1,0,0,0,6.16956E+20,5.51341E+21,1.0624E+16,4.97617E+16
84391,84392,9,7,62,0,2016,10,14,2,3,5,3,0,0,0,1,0,0,0,0,6.2289E+20,5.30633E+21,1.06442E+16,4.78985E+16
84392,84393,9,5,64,0,2016,10,13,5,3,2,6,0,0,0,1,0,0,0,0,6.54849E+20,5.47756E+21,1.11356E+16,4.9431E+16
84393,84394,9,7,71,113,2016,10,13,3,3,5,3,0,0,0,1,0,0,0,0,6.58022E+20,5.36972E+21,1.11375E+16,4.84608E+16
84394,84395,9,7,73,125,2016,10,16,1,3,9,6,0,0,0,1,0,1,0,0,6.16206E+20,5.37975E+21,1.0575E+16,4.856E+16
84395,84396,9,4,74,158,2016,10,12,1,3,0,7,0,0,1,0,1,0,0,0,6.51728E+20,5.50722E+21,1.11041E+16,4.96983E+16
84396,84397,9,1,61,0,2016,10,12,3,3,1,6,0,1,0,1,0,0,0,0,6.78922E+20,5.4019E+21,1.14339E+16,4.87444E+16
84397,84398,9,7,72,200,2016,10,15,4,3,5,3,0,0,0,1,0,1,0,0,6.29651E+20,5.33866E+21,1.07444E+16,4.81879E+16
84398,84399,9,1,86,122,2016,10,23,1,3,9,1,2,0,0,1,0,0,0,0,6.95135E+20,5.39788E+21,1.16523E+16,4.87034E+16
84399,84400,9,1,87,118,2016,10,15,7,3,6,4,0,0,0,1,1,0,0,0,7.51538E+20,5.30221E+21,1.23608E+16,4.7824E+16
84400,84401,9,5,64,0,2016,10,8,5,3,2,6,0,0,0,1,0,0,0,0,6.55262E+20,5.48219E+21,1.11431E+16,4.94725E+16
84401,84402,9,7,71,122,2016,10,20,1,3,2,6,2,0,0,1,0,0,0,0,6.52559E+20,5.3623E+21,1.1061E+16,4.83954E+16
84402,84403,9,4,74,147,2016,10,13,1,3,6,6,0,0,0,1,1,0,0,0,6.57308E+20,5.50821E+21,1.11818E+16,4.97058E+16
84403,84404,9,1,61,0,2016,10,17,3,3,2,6,0,1,0,1,0,0,0,0,6.79288E+20,5.40419E+21,1.14398E+16,4.87649E+16
84404,84405,9,7,80,132,2016,10,11,4,3,5,3,0,0,0,1,0,0,0,0,5.81916E+20,5.26756E+21,1.00888E+16,4.75563E+16
84405,84406,9,1,82,125,2016,10,0,7,3,5,7,2,1,0,1,0,0,0,1,7.12241E+20,5.296E+21,1.18334E+16,4.77823E+16
84406,84407,9,5,77,177,2016,10,13,5,3,2,6,0,0,0,1,0,0,0,0,6.45114E+20,5.43226E+21,1.09851E+16,4.90261E+16
84407,84408,9,3,74,127,2016,10,19,3,3,8,1,2,0,1,0,0,0,0,0,7.33326E+20,5.50094E+21,1.22303E+16,4.96159E+16
84408,84409,9,2,73,152,2016,10,18,2,3,5,3,2,0,0,1,0,0,0,0,7.0117E+20,5.41056E+21,1.17404E+16,4.88155E+16
84409,84410,9,1,61,0,2016,10,18,6,3,1,6,0,0,0,1,0,0,0,0,6.75354E+20,5.40491E+21,1.13867E+16,4.87724E+16
84410,84411,9,5,75,152,2016,10,12,7,3,0,1,0,0,1,0,0,0,0,0,6.18994E+20,5.47967E+21,1.0642E+16,4.9458E+16
84411,84412,9,1,62,0,2016,10,19,1,3,2,6,2,0,0,1,0,0,0,0,6.86388E+20,5.33331E+21,1.15048E+16,4.81258E+16
84412,84413,9,4,61,0,2016,10,13,6,3,2,6,0,0,0,1,0,0,0,0,6.33403E+20,5.53086E+21,1.08582E+16,4.99152E+16
84413,84414,9,5,71,227,2016,10,13,7,3,0,3,0,0,0,1,0,0,0,1,6.06698E+20,5.43635E+21,1.04609E+16,4.90707E+16
84414,84415,9,6,78,136,2016,10,12,6,2,5,3,0,0,0,1,0,0,0,0,5.86058E+20,5.53844E+21,1.02006E+16,4.99921E+16
84415,84416,9,5,77,138,2016,10,13,5,3,9,7,0,0,0,1,0,0,0,0,6.31402E+20,5.44717E+21,1.08025E+16,4.91633E+16
84416,84417,9,7,79,131,2016,10,16,2,3,4,6,0,0,0,1,0,0,0,0,6.30589E+20,5.40064E+21,1.07764E+16,4.87451E+16
84417,84418,9,1,82,127,2016,10,16,7,3,9,1,0,0,0,0,0,1,0,0,6.9993E+20,5.30962E+21,1.16756E+16,4.79087E+16
84418,84419,9,5,71,226,2016,10,7,5,3,4,2,0,0,0,1,0,0,0,0,6.32145E+20,5.45714E+21,1.08159E+16,4.92527E+16
84419,84420,9,6,62,0,2016,10,16,3,3,6,4,0,0,0,1,1,0,0,0,5.88581E+20,5.5442E+21,1.02371E+16,5.00435E+16
84420,84421,9,7,72,157,2016,10,10,1,3,3,6,0,0,0,1,0,1,0,0,6.28273E+20,5.3361E+21,1.07251E+16,4.81652E+16
84421,84422,9,3,77,158,2016,10,14,1,3,2,6,0,0,0,1,0,1,0,0,7.35099E+20,5.54221E+21,1.22798E+16,4.99858E+16
84422,84423,9,1,86,143,2016,10,6,3,3,4,7,2,0,1,1,0,0,0,0,6.85437E+20,5.37787E+21,1.15117E+16,4.85266E+16
84423,84424,9,6,72,135,2016,10,22,4,3,8,7,2,0,1,0,0,0,0,0,5.83715E+20,5.56635E+21,1.01741E+16,5.02434E+16
84424,84425,9,1,79,123,2016,10,9,1,3,2,6,0,0,0,1,0,0,0,0,6.76913E+20,5.33204E+21,1.13771E+16,4.8117E+16
84425,84426,9,1,82,120,2016,10,18,7,3,0,1,1,0,1,0,0,0,0,0,7.01511E+20,5.30552E+21,1.16948E+16,4.78713E+16
84426,84427,9,5,75,168,2016,10,5,5,3,5,3,2,0,0,1,0,0,1,0,5.89706E+20,5.4892E+21,1.02401E+16,4.95487E+16
84427,84428,9,2,61,0,2016,10,7,3,3,4,2,0,1,0,1,0,0,0,0,7.32293E+20,5.38004E+21,1.21466E+16,4.85305E+16
84428,84429,9,1,90,117,2016,10,13,2,3,4,6,0,0,0,1,0,0,0,0,6.50027E+20,5.2919E+21,1.10021E+16,4.7763E+16
84429,84430,9,1,86,137,2016,10,8,6,3,4,2,0,0,0,1,0,0,0,0,6.82995E+20,5.39817E+21,1.14876E+16,4.87097E+16
84430,84431,9,3,63,0,2016,10,16,6,2,2,6,0,0,0,1,0,0,0,0,7.25919E+20,5.50916E+21,1.21327E+16,4.96926E+16
84431,84432,9,1,83,129,2016,10,5,4,3,0,7,2,1,1,0,0,0,0,0,7.6033E+20,5.36256E+21,1.25148E+16,4.83624E+16
84432,84433,9,4,75,137,2016,10,1,7,3,9,7,2,0,0,1,0,0,0,0,6.93013E+20,5.5863E+21,1.17158E+16,5.0397E+16
84433,84434,9,3,75,162,2016,10,7,3,3,4,6,1,0,0,1,0,0,0,0,7.0954E+20,5.44007E+21,1.18695E+16,4.90778E+16
84434,84435,9,5,61,0,2016,10,5,5,3,6,4,2,0,0,1,1,0,0,0,6.14664E+20,5.46234E+21,1.05773E+16,4.9303E+16
84435,84436,9,2,79,122,2016,10,17,3,3,5,3,0,0,0,1,0,0,0,1,7.7044E+20,5.39944E+21,1.2675E+16,4.86893E+16
84436,84437,9,1,73,126,2016,10,17,2,3,8,7,0,0,0,1,0,0,0,0,6.83978E+20,5.30575E+21,1.14606E+16,4.78787E+16
84437,84438,9,1,76,124,2016,10,13,6,3,5,3,0,0,0,1,0,0,0,0,6.71201E+20,5.40866E+21,1.13318E+16,4.88073E+16
84438,84439,9,4,72,118,2016,10,13,7,2,4,6,0,0,0,0,0,1,0,0,6.71776E+20,5.50699E+21,1.13817E+16,4.96909E+16
84439,84440,9,1,79,117,2016,10,7,1,2,8,1,1,0,0,1,0,0,0,0,6.62446E+20,5.34864E+21,1.11892E+16,4.82702E+16
84440,84441,9,3,74,132,2016,10,16,6,2,4,1,0,0,0,1,0,0,0,0,7.35243E+20,5.49988E+21,1.22562E+16,4.96056E+16
84441,84442,9,1,83,112,2016,10,7,4,3,2,6,0,1,0,1,0,0,0,0,7.53271E+20,5.34961E+21,1.24119E+16,4.8249E+16
84442,84443,9,4,77,157,2016,10,20,7,2,9,1,2,0,0,0,0,1,0,0,6.71893E+20,5.54226E+21,1.1399E+16,5.00079E+16
84443,84444,9,3,72,153,2016,10,13,3,3,6,4,0,0,0,1,1,0,0,0,7.56387E+20,5.45526E+21,1.25195E+16,4.91965E+16
84444,84445,9,5,64,0,2016,10,18,2,3,2,6,2,0,0,1,0,0,0,0,6.46612E+20,5.48074E+21,1.10233E+16,4.94616E+16
84445,84446,9,6,71,150,2016,10,14,6,3,0,2,0,0,0,1,0,0,0,0,5.19244E+20,5.54166E+21,9.26867E+15,5.0027E+16
84446,84447,9,4,76,159,2016,10,21,5,3,0,7,2,0,0,1,0,0,0,0,6.78728E+20,5.58362E+21,1.15138E+16,5.03775E+16
84447,84448,9,7,71,130,2016,10,13,2,3,8,6,0,0,0,1,0,0,0,1,6.47138E+20,5.36282E+21,1.0988E+16,4.84014E+16
84448,84449,9,1,87,150,2016,10,22,7,3,2,6,2,0,0,1,0,0,0,0,7.2905E+20,5.30345E+21,1.20615E+16,4.78436E+16
84449,84450,9,4,76,145,2016,10,23,5,3,5,3,2,0,0,1,0,0,0,0,6.63525E+20,5.56464E+21,1.12919E+16,5.02113E+16
84450,84451,9,5,63,0,2016,10,9,3,3,2,6,0,1,0,1,0,0,0,1,6.43168E+20,5.48277E+21,1.09765E+16,4.94806E+16
84451,84452,9,7,71,130,2016,10,17,1,3,4,2,0,0,0,1,0,0,0,0,6.44697E+20,5.36321E+21,1.09552E+16,4.84054E+16
84452,84453,9,3,75,210,2016,10,11,1,3,1,6,0,0,0,1,0,0,0,0,7.46108E+20,5.43293E+21,1.2365E+16,4.90001E+16
84453,84454,9,1,86,151,2016,10,16,3,3,7,6,0,1,0,1,0,0,0,0,6.80016E+20,5.37494E+21,1.1437E+16,4.85018E+16
84454,84455,9,5,76,122,2016,10,15,4,3,3,6,0,0,0,1,0,0,1,0,6.67704E+20,5.43832E+21,1.12964E+16,4.90749E+16