FID,OBJECTID,ULAND,UREGBEZ,UKREIS,UGEMEINDE,UJAHR,UMONAT,USTUNDE,UWOCHENTAG,UKATEGORIE,UART,UTYP1,ULICHTVERH,IstStrasse,IstRad,IstPKW,IstFuss,IstKrad,IstGkfz,IstSonstig,LINREFX,LINREFY,XGCSWGS84,YGCSWGS84
84455,84456,9,1,81,113,2016,10,12,1,3,4,2,0,0,0,1,0,0,0,0,6.39234E+20,5.31021E+21,1.0864E+16,4.79301E+16
84456,84457,9,2,79,134,2016,10,13,3,3,1,3,0,0,0,1,0,0,0,1,7.68154E+20,5.38678E+21,1.26358E+16,4.85767E+16
84457,84458,9,3,63,0,2016,10,19,4,3,3,2,2,0,1,1,0,0,0,0,7.28253E+20,5.50862E+21,1.21647E+16,4.96868E+16
84458,84459,9,5,64,0,2016,10,10,2,3,0,7,0,0,1,0,0,0,0,0,6.47579E+20,5.47921E+21,1.10361E+16,4.94476E+16
84459,84460,9,6,71,130,2016,10,16,6,3,5,3,0,0,0,1,0,1,0,0,5.14562E+20,5.53924E+21,9.20321E+15,5.00053E+16
84460,84461,9,1,89,135,2016,10,12,2,3,5,2,0,0,0,1,0,0,0,1,7.84785E+20,5.31309E+21,1.28112E+16,4.79078E+16
84461,84462,9,1,76,112,2016,10,10,6,3,5,6,0,0,0,1,0,1,0,0,6.94448E+20,5.41941E+21,1.16532E+16,4.88971E+16
84462,84463,9,3,75,196,2016,10,17,3,3,2,6,0,1,0,1,0,0,0,1,7.30085E+20,5.41426E+21,1.21358E+16,4.88386E+16
84463,84464,9,3,77,116,2016,10,8,6,3,5,3,0,0,0,1,0,0,0,0,7.191E+20,5.52555E+21,1.20475E+16,4.98422E+16
84464,84465,9,1,72,134,2016,10,7,4,3,4,3,0,0,0,1,0,0,0,0,7.86692E+20,5.30542E+21,1.28316E+16,4.78381E+16
84465,84466,9,5,71,145,2016,10,6,2,2,3,6,2,0,0,1,0,0,1,0,5.92156E+20,5.4441E+21,1.02636E+16,4.91428E+16
84466,84467,9,5,74,138,2016,10,21,6,2,2,6,2,0,0,1,0,0,0,0,6.6495E+20,5.4846E+21,1.12778E+16,4.94916E+16
84467,84468,9,4,77,138,2016,10,13,5,3,8,1,0,0,0,1,0,0,0,0,6.90031E+20,5.56439E+21,1.16629E+16,5.02011E+16
84468,84469,9,7,61,0,2016,10,15,1,3,0,7,0,0,0,1,0,0,0,0,6.39549E+20,5.35249E+21,1.08821E+16,4.83102E+16
84469,84470,9,1,85,149,2016,10,12,3,3,5,3,0,1,0,1,0,0,0,0,6.61313E+20,5.39838E+21,1.11932E+16,4.87176E+16
84470,84471,9,7,75,164,2016,10,18,4,3,5,3,1,0,0,1,0,0,0,0,5.86201E+20,5.35021E+21,1.01623E+16,4.82992E+16
84471,84472,9,7,61,0,2016,10,13,2,3,2,6,0,0,0,1,0,0,0,0,6.39926E+20,5.35526E+21,1.08881E+16,4.8335E+16
84472,84473,9,1,76,161,2016,10,12,7,2,1,6,0,0,0,1,0,0,0,0,6.81178E+20,5.41245E+21,1.14692E+16,4.88386E+16
84473,84474,9,4,62,0,2016,10,6,5,3,5,3,2,0,1,1,0,0,0,0,6.84371E+20,5.53526E+21,1.15696E+16,4.99413E+16
84474,84475,9,5,75,147,2016,10,15,2,2,8,1,0,0,0,0,0,0,0,1,6.13743E+20,5.50635E+21,1.05773E+16,4.96989E+16
84475,84476,9,5,74,138,2016,10,21,6,3,2,7,2,0,0,1,0,0,1,0,6.6495E+20,5.4846E+21,1.12778E+16,4.94916E+16
84476,84477,9,4,71,145,2016,10,6,5,3,8,1,2,0,0,1,0,0,0,0,6.44732E+20,5.51984E+21,1.10118E+16,4.98135E+16
84477,84478,9,6,79,138,2016,10,15,1,3,5,3,0,0,0,1,0,0,0,0,5.68384E+20,5.49939E+21,9.94721E+15,4.96431E+16
84478,84479,9,7,72,171,2016,10,17,2,3,5,3,0,0,0,1,0,0,0,0,6.37733E+20,5.37204E+21,1.0864E+16,4.84864E+16
84479,84480,9,1,76,131,2016,10,13,7,3,2,6,0,0,0,1,0,0,0,0,6.8128E+20,5.41038E+21,1.14697E+16,4.882E+16
84480,84481,9,4,71,208,2016,10,13,5,3,8,1,0,0,0,0,0,1,0,0,6.27275E+20,5.52573E+21,1.07712E+16,4.98704E+16
84481,84482,9,5,71,115,2016,10,14,3,2,8,1,0,0,0,1,0,0,0,0,6.11858E+20,5.44438E+21,1.05337E+16,4.9142E+16
84482,84483,9,6,75,141,2016,10,20,1,3,4,1,2,0,0,1,0,0,0,0,5.81717E+20,5.51074E+21,1.01342E+16,4.97436E+16
84483,84484,9,1,87,159,2016,10,15,2,3,4,6,0,0,1,0,0,0,0,0,7.31466E+20,5.32892E+21,1.21074E+16,4.80715E+16
84484,84485,9,3,75,210,2016,10,11,1,3,2,6,0,0,0,1,0,0,0,0,7.48434E+20,5.4327E+21,1.23967E+16,4.89972E+16
84485,84486,9,5,71,226,2016,10,6,4,3,5,3,1,0,0,1,0,0,1,0,6.35536E+20,5.45221E+21,1.08608E+16,4.92077E+16
84486,84487,9,4,72,167,2016,10,2,7,2,9,1,1,0,0,1,0,0,0,0,6.75392E+20,5.53332E+21,1.14437E+16,4.99265E+16
84487,84488,9,1,79,121,2016,10,19,1,3,7,7,2,0,0,1,0,0,0,0,6.65727E+20,5.33902E+21,1.12296E+16,4.81827E+16
84488,84489,9,3,72,137,2016,10,15,4,3,2,6,0,1,0,1,0,0,0,0,7.86481E+20,5.45206E+21,1.29294E+16,4.91544E+16
84489,84490,9,5,71,145,2016,10,8,2,3,4,2,0,0,0,1,0,0,1,0,5.90958E+20,5.44752E+21,1.02479E+16,4.91737E+16
84490,84491,9,5,76,143,2016,10,18,6,3,0,6,1,0,0,1,0,0,0,0,6.60585E+20,5.46216E+21,1.12085E+16,4.9291E+16
84491,84492,9,1,63,0,2016,10,14,2,3,5,2,0,0,1,1,0,0,0,0,7.34143E+20,5.30465E+21,1.21301E+16,4.78525E+16
84492,84493,9,1,79,142,2016,10,13,6,3,3,6,0,0,0,1,0,0,0,1,6.77389E+20,5.34241E+21,1.13878E+16,4.82101E+16
84493,84494,9,3,75,165,2016,10,16,6,3,2,6,0,0,0,1,0,0,1,0,7.26169E+20,5.44018E+21,1.20969E+16,4.90729E+16
84494,84495,9,7,71,122,2016,10,8,2,3,1,6,1,1,0,1,0,1,0,0,6.52101E+20,5.36037E+21,1.10541E+16,4.83782E+16
84495,84496,9,4,71,155,2016,10,7,5,3,5,2,0,0,0,1,0,0,0,0,6.39899E+20,5.52979E+21,1.09483E+16,4.99041E+16
84496,84497,9,6,72,127,2016,10,17,1,2,9,1,0,0,0,0,0,1,0,0,5.64207E+20,5.54991E+21,9.89775E+15,5.0098E+16
84497,84498,9,3,75,175,2016,10,12,1,3,4,1,0,1,0,1,0,1,0,0,7.17951E+20,5.43658E+21,1.19826E+16,4.90435E+16
84498,84499,9,1,86,162,2016,10,6,3,2,3,6,2,1,0,1,0,1,0,0,6.91559E+20,5.38906E+21,1.15997E+16,4.86252E+16
84499,84500,9,7,78,203,2016,10,7,4,3,3,6,0,1,0,1,0,0,0,0,6.20754E+20,5.32215E+21,1.06201E+16,4.80412E+16
84500,84501,9,7,71,122,2016,10,8,2,3,0,1,0,1,0,0,0,1,0,0,6.5213E+20,5.36038E+21,1.10545E+16,4.83782E+16
84501,84502,9,1,76,126,2016,10,18,7,3,2,7,0,0,0,1,0,1,0,0,6.71137E+20,5.40635E+21,1.13299E+16,4.87866E+16
84502,84503,9,3,63,0,2016,10,6,5,3,2,6,1,0,0,1,0,0,0,0,7.27069E+20,5.50449E+21,1.21459E+16,4.96501E+16
84503,84504,9,4,71,165,2016,10,19,3,3,8,1,2,1,0,0,0,1,0,0,6.29056E+20,5.53281E+21,1.07983E+16,4.99337E+16
84504,84505,9,1,87,157,2016,10,12,2,3,6,7,0,0,0,1,1,0,0,0,7.37933E+20,5.28415E+21,1.21694E+16,4.76669E+16
84505,84506,9,1,88,124,2016,10,15,6,3,5,2,0,0,0,1,0,0,0,0,6.62829E+20,5.31947E+21,1.11832E+16,4.80078E+16
84506,84507,9,4,62,0,2016,10,10,7,3,5,3,0,0,0,1,0,0,0,0,6.87421E+20,5.53505E+21,1.1612E+16,4.99384E+16
84507,84508,9,1,79,119,2016,10,16,1,2,5,2,0,0,1,1,0,1,0,0,6.70948E+20,5.33903E+21,1.12998E+16,4.81815E+16
84508,84509,9,3,73,115,2016,10,15,6,3,0,1,0,0,0,0,0,1,0,0,6.92013E+20,5.44027E+21,1.16298E+16,4.90853E+16
84509,84510,9,2,74,184,2016,10,7,4,3,4,6,1,1,0,1,0,0,0,0,7.49668E+20,5.37379E+21,1.23778E+16,4.84676E+16
84510,84511,9,4,72,197,2016,10,13,7,2,8,1,0,0,0,0,0,1,0,0,6.64522E+20,5.52321E+21,1.12881E+16,4.98387E+16
84511,84512,9,5,75,168,2016,10,19,2,3,2,2,2,0,0,1,0,1,0,0,5.88427E+20,5.4878E+21,1.02222E+16,4.95363E+16
84512,84513,9,5,76,151,2016,10,19,6,3,8,1,2,0,0,0,0,0,1,0,6.59887E+20,5.47032E+21,1.12022E+16,4.93646E+16
84513,84514,9,4,72,175,2016,10,9,3,3,9,1,0,1,0,1,0,0,0,0,6.8452E+20,5.51496E+21,1.1562E+16,4.97587E+16
84514,84515,9,1,86,152,2016,10,7,2,2,3,6,2,1,0,1,0,0,1,0,6.90998E+20,5.37604E+21,1.15861E+16,4.85084E+16
84515,84516,9,3,72,167,2016,10,18,1,3,9,1,0,1,0,0,0,1,0,0,7.49505E+20,5.44883E+21,1.24212E+16,4.91416E+16
84516,84517,9,1,76,124,2016,10,21,3,3,4,6,2,1,0,1,0,0,0,0,6.70737E+20,5.41103E+21,1.13264E+16,4.88288E+16
84517,84518,9,1,74,141,2016,10,15,6,3,2,6,0,0,0,1,0,0,0,0,6.82295E+20,5.35575E+21,1.14595E+16,4.83286E+16
84518,84519,9,4,71,220,2016,10,17,4,3,5,3,0,0,0,1,0,0,0,0,6.16761E+20,5.51287E+21,1.06211E+16,4.9757E+16
84519,84520,9,4,74,143,2016,10,12,7,3,4,6,0,0,0,0,0,0,1,1,6.54207E+20,5.5108E+21,1.11398E+16,4.97299E+16
84520,84521,9,1,74,115,2016,10,22,1,3,4,3,2,0,0,1,0,0,0,0,6.83369E+20,5.34771E+21,1.14705E+16,4.82561E+16
84521,84522,9,3,73,119,2016,10,16,6,3,5,3,0,0,0,1,0,0,0,0,6.84829E+20,5.45577E+21,1.15386E+16,4.92268E+16
84522,84523,9,2,75,138,2016,10,5,4,3,3,6,2,0,0,1,0,0,0,0,8.11267E+20,5.38398E+21,1.32167E+16,4.85316E+16
84523,84524,9,5,61,0,2016,10,19,2,3,2,6,2,0,0,1,0,0,0,1,6.16291E+20,5.46312E+21,1.05999E+16,4.93097E+16
84524,84525,9,5,76,151,2016,10,8,6,3,2,6,0,0,0,1,0,0,0,0,6.5492E+20,5.4718E+21,1.11344E+16,4.93792E+16
84525,84526,9,1,74,131,2016,10,15,6,3,5,3,0,0,0,1,0,0,0,1,6.76346E+20,5.35858E+21,1.13805E+16,4.83558E+16
84526,84527,9,3,73,112,2016,10,15,6,2,4,2,0,0,0,1,0,0,0,0,6.74061E+20,5.44358E+21,1.13856E+16,4.91204E+16
84527,84528,9,3,73,134,2016,10,17,5,3,3,6,0,0,0,1,0,0,1,0,7.07009E+20,5.44919E+21,1.18395E+16,4.91606E+16
84528,84529,9,6,74,190,2016,10,18,1,3,2,6,0,0,0,1,0,0,0,0,6.28352E+20,5.54819E+21,1.07937E+16,5.00721E+16
84529,84530,9,3,72,167,2016,10,13,1,3,9,1,0,1,0,0,0,1,0,0,7.49505E+20,5.44883E+21,1.24212E+16,4.91416E+16
84530,84531,9,1,79,142,2016,10,22,3,3,1,6,2,0,0,1,0,0,0,0,6.71015E+20,5.34099E+21,1.13015E+16,4.81991E+16
84531,84532,9,7,79,194,2016,10,6,4,3,4,2,2,0,0,1,0,0,0,0,6.11296E+20,5.41314E+21,1.05174E+16,4.88613E+16
84532,84533,9,1,61,0,2016,10,19,7,3,5,2,2,0,0,1,0,0,0,0,6.79132E+20,5.40495E+21,1.14381E+16,4.87717E+16
84533,84534,9,3,75,117,2016,10,9,5,3,5,3,0,0,0,1,0,0,0,0,7.34714E+20,5.43284E+21,1.22095E+16,4.90038E+16
84534,84535,9,1,90,132,2016,10,18,3,3,3,1,0,1,0,1,0,0,1,0,6.7649E+20,5.29541E+21,1.13564E+16,4.77879E+16
84535,84536,9,3,75,175,2016,10,8,3,3,0,6,0,1,0,1,0,0,1,0,7.15861E+20,5.43474E+21,1.19531E+16,4.90277E+16
84536,84537,9,1,85,157,2016,10,18,2,3,1,6,1,0,0,1,0,0,0,0,6.5745E+20,5.39363E+21,1.11389E+16,4.86758E+16
84537,84538,9,1,77,133,2016,10,21,6,3,2,6,2,0,0,1,0,0,0,0,7.09348E+20,5.36006E+21,1.18262E+16,4.83589E+16
84538,84539,9,3,72,157,2016,10,18,7,2,5,3,0,0,0,1,0,0,0,0,7.62012E+20,5.47146E+21,1.26071E+16,4.93395E+16
84539,84540,9,1,74,126,2016,10,19,1,3,5,3,2,0,1,1,0,0,0,0,6.83839E+20,5.34381E+21,1.14752E+16,4.82208E+16
84540,84541,9,3,72,115,2016,10,15,6,3,2,2,0,0,0,1,0,1,0,0,7.77016E+20,5.45225E+21,1.28E+16,4.91605E+16
84541,84542,9,1,71,113,2016,10,21,4,2,5,3,2,1,0,0,0,1,1,0,7.79538E+20,5.33991E+21,1.27587E+16,4.81509E+16
84542,84543,9,3,75,175,2016,10,5,7,3,8,1,2,0,0,1,0,0,0,0,7.18556E+20,5.43501E+21,1.199E+16,4.90292E+16
84543,84544,9,3,72,153,2016,10,19,3,3,4,6,2,1,0,1,0,0,1,0,7.58447E+20,5.45791E+21,1.25494E+16,4.92194E+16
84544,84545,9,5,72,111,2016,10,20,6,3,5,2,2,0,0,1,0,0,0,0,6.38068E+20,5.50708E+21,1.09147E+16,4.97004E+16
84545,84546,9,3,76,161,2016,10,7,5,3,7,7,0,0,0,1,0,0,0,0,7.23686E+20,5.47032E+21,1.20797E+16,4.93445E+16
84546,84547,9,7,71,122,2016,10,22,2,3,8,1,2,1,0,1,0,0,0,0,6.48421E+20,5.35989E+21,1.10043E+16,4.83747E+16
84547,84548,9,1,79,121,2016,10,23,7,3,9,1,2,0,0,1,0,0,0,0,6.67072E+20,5.33948E+21,1.12479E+16,4.81866E+16
84548,84549,9,3,76,119,2016,10,16,5,3,5,2,0,0,0,1,0,1,0,0,7.21689E+20,5.45461E+21,1.20436E+16,4.92041E+16
84549,84550,9,5,62,0,2016,10,17,3,3,3,6,0,0,0,1,0,0,0,1,6.44866E+20,5.49361E+21,1.10039E+16,4.95777E+16
84550,84551,9,3,71,113,2016,10,8,5,3,4,6,0,0,0,1,0,0,0,0,6.85967E+20,5.50376E+21,1.15768E+16,4.96577E+16
84551,84552,9,7,72,125,2016,10,17,2,3,2,6,0,0,0,1,0,0,0,0,6.3754E+20,5.3469E+21,1.08532E+16,4.82604E+16
84552,84553,9,3,61,0,2016,10,14,5,3,5,3,0,0,0,1,0,0,0,0,7.09897E+20,5.48268E+21,1.18967E+16,4.94605E+16
84553,84554,9,6,79,143,2016,10,13,3,3,4,6,0,0,0,0,0,0,1,1,5.69957E+20,5.52914E+21,9.97434E+15,4.99105E+16
84554,84555,9,3,72,115,2016,10,14,1,2,5,3,0,0,0,1,0,0,0,0,7.77472E+20,5.45213E+21,1.28061E+16,4.91592E+16
84555,84556,9,1,81,122,2016,10,6,3,3,5,3,2,1,0,1,0,1,0,0,6.48852E+20,5.33178E+21,1.10002E+16,4.81218E+16
84556,84557,9,6,63,0,2016,10,8,4,2,0,6,0,0,0,1,0,0,0,1,5.68021E+20,5.51669E+21,9.9452E+15,4.97988E+16
84557,84558,9,1,74,126,2016,10,14,1,2,5,3,0,0,1,1,0,0,0,0,6.83121E+20,5.34444E+21,1.14658E+16,4.82267E+16
84558,84559,9,1,88,113,2016,10,15,7,3,0,1,0,0,1,0,0,0,0,0,6.76143E+20,5.31476E+21,1.13596E+16,4.79619E+16
84559,84560,9,3,71,127,2016,10,6,5,2,4,7,2,0,0,1,0,0,0,0,7.15335E+20,5.49532E+21,1.19785E+16,4.95721E+16
84560,84561,9,1,73,147,2016,10,6,3,3,2,2,0,1,0,1,0,0,0,0,6.81353E+20,5.30952E+21,1.14272E+16,4.79133E+16
84561,84562,9,1,61,0,2016,10,6,2,3,5,3,2,0,0,1,0,0,0,0,6.79865E+20,5.40651E+21,1.14487E+16,4.87856E+16
84562,84563,9,1,77,139,2016,10,18,6,1,5,3,0,0,0,1,0,1,0,0,7.26547E+20,5.35431E+21,1.2055E+16,4.83014E+16
84563,84564,9,1,84,123,2016,10,16,1,3,9,6,0,0,0,1,0,0,0,0,7.05252E+20,5.33326E+21,1.1758E+16,4.81194E+16
84564,84565,9,3,61,0,2016,10,18,6,2,3,2,1,1,1,1,0,0,0,0,7.06481E+20,5.48063E+21,1.18485E+16,4.94433E+16
84565,84566,9,1,87,118,2016,10,6,4,3,2,6,1,1,0,1,0,0,0,0,7.50501E+20,5.30068E+21,1.23461E+16,4.78107E+16
84566,84567,9,3,72,113,2016,10,16,7,3,2,6,0,0,0,1,0,0,0,0,7.89771E+20,5.457E+21,1.29779E+16,4.91972E+16
84567,84568,9,3,71,156,2016,10,8,3,3,9,1,0,1,0,1,0,0,0,0,7.01083E+20,5.50065E+21,1.17844E+16,4.96249E+16
84568,84569,9,4,72,139,2016,10,9,2,3,9,6,0,0,0,1,0,0,0,1,6.9327E+20,5.55373E+21,1.17028E+16,5.01043E+16
84569,84570,9,5,62,0,2016,10,22,6,3,8,7,2,0,1,0,0,0,0,0,6.44527E+20,5.4964E+21,1.10003E+16,4.96029E+16
84570,84571,9,2,71,151,2016,10,5,5,3,8,1,2,0,0,0,0,0,1,0,7.81276E+20,5.41134E+21,1.283E+16,4.87914E+16
84571,84572,9,7,71,141,2016,10,11,2,3,5,3,0,0,0,1,0,0,0,0,6.55765E+20,5.3778E+21,1.11101E+16,4.8534E+16
84572,84573,9,1,74,113,2016,10,19,7,3,9,1,2,0,0,0,0,1,0,0,6.78049E+20,5.34786E+21,1.1399E+16,4.82589E+16
84573,84574,9,2,71,119,2016,10,7,5,3,2,6,0,0,0,1,0,0,0,0,7.90226E+20,5.41665E+21,1.29553E+16,4.88349E+16
84574,84575,9,5,64,0,2016,10,14,3,3,5,3,0,0,0,1,0,0,0,0,6.4801E+20,5.48026E+21,1.10424E+16,4.94569E+16
84575,84576,9,6,73,117,2016,10,14,1,3,2,6,0,0,0,1,0,0,0,0,5.73315E+20,5.58442E+21,1.00317E+16,5.04073E+16
84576,84577,9,3,71,131,2016,10,23,1,3,0,6,2,0,0,1,0,0,0,0,6.95376E+20,5.47802E+21,1.16942E+16,4.94235E+16
84577,84578,9,5,74,117,2016,10,19,4,1,6,4,2,0,0,1,1,0,0,0,6.66687E+20,5.46898E+21,1.12952E+16,4.93508E+16
84578,84579,9,1,77,143,2016,10,12,1,3,0,1,0,0,0,0,0,1,0,0,7.20751E+20,5.36653E+21,1.19834E+16,4.84132E+16
84579,84580,9,3,74,149,2016,10,17,4,2,5,3,1,0,0,1,0,0,0,0,7.13748E+20,5.51513E+21,1.19674E+16,4.97506E+16
84580,84581,9,4,79,152,2016,10,3,2,3,8,1,2,0,0,1,0,0,0,0,7.22529E+20,5.56398E+21,1.21174E+16,5.01861E+16
84581,84582,9,5,65,0,2016,10,14,6,3,5,3,0,0,1,1,0,0,0,0,6.46897E+20,5.46639E+21,1.10219E+16,4.93326E+16
84582,84583,9,1,84,120,2016,10,15,5,3,0,1,0,0,1,0,0,0,0,0,6.81731E+20,5.33197E+21,1.14417E+16,4.81151E+16
84583,84584,9,6,78,181,2016,10,15,1,3,5,3,0,0,0,1,0,0,0,0,5.97264E+20,5.56036E+21,1.03625E+16,5.01874E+16
84584,84585,9,3,76,169,2016,10,16,1,2,8,2,0,0,0,0,0,1,0,0,7.26703E+20,5.47842E+21,1.21258E+16,4.94161E+16
84585,84586,9,1,79,113,2016,10,5,3,3,2,6,2,1,0,1,0,0,0,0,6.71766E+20,5.33576E+21,1.13095E+16,4.81519E+16
84586,84587,9,6,71,155,2016,10,5,4,3,2,6,2,0,0,1,0,0,0,0,5.05823E+20,5.53394E+21,9.08117E+15,4.99578E+16
84587,84588,9,1,77,117,2016,10,15,1,3,4,6,0,0,0,1,0,0,0,0,7.14224E+20,5.35024E+21,1.1887E+16,4.82691E+16
84588,84589,9,1,90,145,2016,10,16,3,2,9,6,0,1,0,1,0,1,0,0,6.45601E+20,5.29145E+21,1.09429E+16,4.77599E+16
84589,84590,9,4,75,158,2016,10,18,2,3,1,6,0,0,0,1,0,0,0,0,7.08849E+20,5.57219E+21,1.19305E+16,5.02648E+16
84590,84591,9,1,86,147,2016,10,19,2,3,4,2,2,0,0,1,0,0,0,0,6.85252E+20,5.39103E+21,1.1515E+16,4.86449E+16
84591,84592,9,1,62,0,2016,10,18,5,3,3,1,2,0,0,1,0,0,0,0,6.92667E+20,5.33015E+21,1.15877E+16,4.80954E+16
84592,84593,9,3,71,150,2016,10,14,6,3,8,1,0,0,0,1,0,0,0,0,7.18807E+20,5.49313E+21,1.20253E+16,4.95512E+16
84593,84594,9,1,63,0,2016,10,7,4,3,6,2,0,1,1,0,0,0,0,1,7.32656E+20,5.3072E+21,1.21116E+16,4.78759E+16
84594,84595,9,4,63,0,2016,10,16,2,3,0,3,0,0,0,1,0,0,0,0,6.39268E+20,5.57095E+21,1.09545E+16,5.02743E+16
84595,84596,9,5,74,152,2016,10,14,6,2,5,3,0,0,0,1,0,1,0,0,6.62165E+20,5.48343E+21,1.12389E+16,4.94818E+16
84596,84597,9,2,71,127,2016,10,7,5,3,5,2,0,0,0,1,0,0,0,0,8.04102E+20,5.40539E+21,1.31356E+16,4.87272E+16
84597,84598,9,6,78,128,2016,10,16,1,3,0,6,0,0,0,1,0,1,0,0,5.77501E+20,5.54866E+21,1.00833E+16,5.00852E+16
84598,84599,9,7,71,113,2016,10,8,2,3,5,3,0,0,0,1,0,0,0,0,6.58248E+20,5.36778E+21,1.11399E+16,4.84432E+16
84599,84600,9,1,78,145,2016,10,18,7,3,2,6,2,0,0,1,0,0,0,0,6.96378E+20,5.35621E+21,1.16495E+16,4.83286E+16
84600,84601,9,2,78,139,2016,10,6,5,3,5,3,1,0,0,1,0,0,0,0,7.73414E+20,5.42554E+21,1.27326E+16,4.89223E+16
84601,84602,9,5,61,0,2016,10,12,3,3,2,6,0,1,0,1,0,0,0,0,6.1378E+20,5.45994E+21,1.05645E+16,4.92817E+16
84602,84603,9,6,71,139,2016,10,11,1,2,8,1,0,0,0,1,0,0,0,0,5.25996E+20,5.53839E+21,9.36272E+15,4.99973E+16
84603,84604,9,1,76,147,2016,10,9,2,2,8,1,0,0,0,1,0,0,0,0,6.94279E+20,5.41505E+21,1.16488E+16,4.8858E+16
84604,84605,9,3,76,149,2016,10,15,1,1,0,1,0,0,0,0,0,1,0,0,7.34108E+20,5.45922E+21,1.22165E+16,4.92409E+16
84605,84606,9,4,72,119,2016,10,14,4,3,7,6,0,0,0,1,0,0,1,0,6.86876E+20,5.53917E+21,1.16064E+16,4.99755E+16
84606,84607,9,3,76,170,2016,10,14,7,3,0,1,0,0,1,0,0,0,0,0,7.26319E+20,5.4602E+21,1.21102E+16,4.92527E+16
84607,84608,9,7,78,173,2016,10,16,7,3,5,3,0,0,1,1,0,0,0,0,6.12334E+20,5.32255E+21,1.05073E+16,4.80463E+16
84608,84609,9,3,71,136,2016,10,11,4,3,4,2,0,0,0,1,0,0,0,0,7.11193E+20,5.47573E+21,1.19108E+16,4.93975E+16
84609,84610,9,4,77,119,2016,10,15,2,2,2,6,0,0,0,1,0,0,0,0,6.85419E+20,5.54501E+21,1.15889E+16,5.00285E+16
84610,84611,9,5,76,141,2016,10,16,6,2,9,1,0,0,0,1,0,0,0,0,6.48677E+20,5.44412E+21,1.10382E+16,4.91319E+16
84611,84612,9,1,76,153,2016,10,19,2,2,5,7,2,1,0,1,0,0,1,0,6.95432E+20,5.41224E+21,1.16631E+16,4.88324E+16
84612,84613,9,1,84,135,2016,10,7,5,3,1,6,0,0,0,1,0,0,0,0,6.90094E+20,5.34734E+21,1.15609E+16,4.82508E+16
84613,84614,9,2,71,119,2016,10,13,6,3,1,6,0,0,0,1,0,0,0,0,7.90508E+20,5.41431E+21,1.29575E+16,4.88138E+16
84614,84615,9,2,78,139,2016,10,19,5,2,1,6,2,0,0,1,0,0,0,0,7.73009E+20,5.42779E+21,1.27286E+16,4.89427E+16
84615,84616,9,5,62,0,2016,10,15,1,3,3,3,0,0,0,1,0,0,0,0,6.41512E+20,5.49174E+21,1.09569E+16,4.95617E+16
84616,84617,9,2,78,123,2016,10,7,6,3,8,1,2,0,0,0,0,1,0,0,7.5173E+20,5.41132E+21,1.24285E+16,4.88038E+16
84617,84618,9,1,87,177,2016,10,7,4,3,2,6,1,1,0,1,0,1,0,0,7.35804E+20,5.30826E+21,1.21542E+16,4.78843E+16
84618,84619,9,5,63,0,2016,10,18,6,3,2,6,1,0,0,1,0,1,0,0,6.44609E+20,5.48177E+21,1.0996E+16,4.94713E+16
84619,84620,9,2,75,130,2016,10,16,5,3,5,3,0,0,0,1,0,0,0,0,8.16512E+20,5.36411E+21,1.32725E+16,4.83507E+16
84620,84621,9,5,72,135,2016,10,7,1,2,2,6,2,0,0,1,0,0,0,0,6.50204E+20,5.48754E+21,1.10754E+16,4.95219E+16
84621,84622,9,1,74,118,2016,10,19,3,3,8,1,2,1,0,1,0,0,0,0,6.72305E+20,5.35598E+21,1.1325E+16,4.83335E+16
84622,84623,9,7,64,0,2016,10,18,4,3,5,2,0,0,1,1,0,0,0,0,5.8779E+20,5.31444E+21,1.01764E+16,4.79772E+16
84623,84624,9,6,63,0,2016,10,17,2,3,2,6,0,0,0,1,0,0,0,0,5.66264E+20,5.51713E+21,9.92086E+15,4.9803E+16
84624,84625,9,1,78,145,2016,10,14,7,3,5,6,0,1,0,1,0,0,0,0,6.96318E+20,5.35545E+21,1.16484E+16,4.83217E+16
84625,84626,9,2,72,136,2016,10,13,5,3,6,6,0,0,0,1,1,0,0,0,8.4825E+20,5.40774E+21,1.3736E+16,4.87253E+16
84626,84627,9,4,72,154,2016,10,7,3,3,8,1,0,0,0,1,0,0,0,0,6.6834E+20,5.5341E+21,1.13459E+16,4.99355E+16
84627,84628,9,1,88,139,2016,10,11,2,3,0,1,0,0,0,0,0,1,0,0,6.74777E+20,5.31909E+21,1.13431E+16,4.80012E+16
84628,84629,9,3,71,135,2016,10,13,1,3,8,1,0,0,0,0,0,1,0,0,6.91553E+20,5.49611E+21,1.16503E+16,4.95872E+16
84629,84630,9,1,74,126,2016,10,11,3,3,4,2,0,1,0,1,0,0,0,0,6.83845E+20,5.34648E+21,1.14764E+16,4.82448E+16
84630,84631,9,1,62,0,2016,10,14,5,3,2,6,0,0,0,1,0,0,0,0,6.88916E+20,5.34012E+21,1.15418E+16,4.81862E+16
84631,84632,9,2,71,146,2016,10,11,7,3,4,3,0,0,0,1,0,0,0,0,7.86683E+20,5.41241E+21,1.29042E+16,4.87985E+16
84632,84633,9,7,75,135,2016,10,10,7,3,2,6,0,0,0,1,0,0,0,0,5.74246E+20,5.35724E+21,1.00024E+16,4.8364E+16