FID,OBJECTID,ULAND,UREGBEZ,UKREIS,UGEMEINDE,UJAHR,UMONAT,USTUNDE,UWOCHENTAG,UKATEGORIE,UART,UTYP1,ULICHTVERH,IstStrasse,IstRad,IstPKW,IstFuss,IstKrad,IstGkfz,IstSonstig,LINREFX,LINREFY,XGCSWGS84,YGCSWGS84
84633,84634,9,2,63,0,2016,10,14,6,3,1,6,0,0,0,1,0,0,0,0,7.6056E+20,5.42167E+21,1.25551E+16,4.88931E+16
84634,84635,9,2,75,152,2016,10,7,4,3,5,3,0,0,1,1,0,0,0,0,8.21535E+20,5.40734E+21,1.33735E+16,4.8736E+16
84635,84636,9,2,71,119,2016,10,19,7,3,2,6,2,0,0,1,0,0,0,0,7.90002E+20,5.41638E+21,1.29521E+16,4.88326E+16
84636,84637,9,4,62,0,2016,10,12,2,3,5,3,0,0,0,1,0,0,0,1,6.85923E+20,5.53477E+21,1.1591E+16,4.99363E+16
84637,84638,9,5,64,0,2016,10,20,6,3,3,6,2,0,0,1,0,0,0,0,6.54215E+20,5.48062E+21,1.11281E+16,4.94586E+16
84638,84639,9,2,77,131,2016,10,12,5,3,3,6,0,0,0,1,0,0,0,0,7.77117E+20,5.38215E+21,1.2754E+16,4.85312E+16
84639,84640,9,1,62,0,2016,10,7,5,3,3,6,1,0,0,1,0,0,1,0,6.9209E+20,5.33132E+21,1.15805E+16,4.81061E+16
84640,84641,9,2,71,118,2016,10,6,6,3,6,4,0,0,0,1,1,0,0,0,7.88754E+20,5.40129E+21,1.29245E+16,4.86977E+16
84641,84642,9,2,73,125,2016,10,14,5,3,2,6,0,0,0,1,0,0,0,0,7.21077E+20,5.4161E+21,1.20142E+16,4.88584E+16
84642,84643,9,5,74,112,2016,10,13,1,2,8,6,0,0,0,1,0,0,0,0,6.75471E+20,5.4764E+21,1.14193E+16,4.94149E+16
84643,84644,9,2,78,170,2016,10,14,1,2,2,6,0,0,0,1,0,0,0,0,7.64691E+20,5.42391E+21,1.26128E+16,4.89115E+16
84644,84645,9,1,84,147,2016,10,13,3,3,2,6,0,1,0,1,0,0,0,0,6.98561E+20,5.34179E+21,1.16722E+16,4.81983E+16
84645,84646,9,7,61,0,2016,10,11,4,3,2,6,0,0,0,1,0,0,0,0,6.39805E+20,5.35297E+21,1.08857E+16,4.83145E+16
84646,84647,9,1,78,150,2016,10,11,7,3,8,1,0,0,0,1,0,0,0,0,6.89163E+20,5.37255E+21,1.15597E+16,4.84776E+16
84647,84648,9,2,73,113,2016,10,14,5,3,5,3,0,0,0,1,0,0,1,0,6.9959E+20,5.39678E+21,1.17122E+16,4.86921E+16
84648,84649,9,1,80,132,2016,10,8,3,3,2,6,0,1,0,1,0,0,0,0,6.64475E+20,5.28373E+21,1.11917E+16,4.7686E+16
84649,84650,9,3,62,0,2016,10,16,3,3,1,6,1,1,0,1,0,0,0,0,7.24395E+20,5.43482E+21,1.20697E+16,4.90254E+16
84650,84651,9,1,88,139,2016,10,16,2,2,6,4,0,0,0,1,1,0,0,0,6.74466E+20,5.31854E+21,1.13387E+16,4.79963E+16
84651,84652,9,1,62,0,2016,10,10,5,3,2,6,0,0,0,1,0,0,0,0,6.88257E+20,5.33162E+21,1.15292E+16,4.811E+16
84652,84653,9,2,75,159,2016,10,11,7,3,2,6,0,0,0,1,0,0,0,0,8.13447E+20,5.39954E+21,1.32579E+16,4.86702E+16
84653,84654,9,7,75,162,2016,10,16,7,2,5,6,0,0,0,1,0,0,0,0,5.81898E+20,5.35089E+21,1.01044E+16,4.83059E+16
84654,84655,9,2,71,141,2016,10,15,1,3,4,6,0,0,0,1,0,0,0,0,7.95406E+20,5.40531E+21,1.30176E+16,4.87307E+16
84655,84656,9,1,84,147,2016,10,13,3,3,2,6,0,1,0,0,0,0,1,0,7.00178E+20,5.34125E+21,1.16937E+16,4.81929E+16
84656,84657,9,7,77,114,2016,10,16,4,3,5,3,0,0,0,1,0,0,0,0,6.16633E+20,5.31361E+21,1.05625E+16,4.79651E+16
84657,84658,9,6,77,131,2016,10,11,2,2,5,3,0,0,0,1,0,1,0,0,5.50169E+20,5.54448E+21,9.70076E+15,5.00504E+16
84658,84659,9,1,75,123,2016,10,15,7,2,0,1,0,0,0,0,0,1,0,0,7.25646E+20,5.33631E+21,1.20333E+16,4.814E+16
84659,84660,9,3,75,205,2016,10,18,5,3,2,6,0,0,0,1,0,0,0,1,7.26191E+20,5.42227E+21,1.20872E+16,4.8912E+16
84660,84661,9,3,63,0,2016,10,16,3,3,4,6,0,0,1,1,0,0,0,0,7.27779E+20,5.50761E+21,1.21575E+16,4.9678E+16
84661,84662,9,1,81,113,2016,10,22,2,3,4,1,2,1,0,1,0,0,0,0,6.37223E+20,5.30966E+21,1.0837E+16,4.79256E+16
84662,84663,9,7,75,135,2016,10,11,5,3,4,2,0,0,0,1,0,0,0,1,5.79251E+20,5.35467E+21,1.00695E+16,4.83403E+16
84663,84664,9,2,77,128,2016,10,2,7,3,9,7,2,0,0,1,0,0,0,0,7.89615E+20,5.35037E+21,1.2901E+16,4.82403E+16
84664,84665,9,7,63,0,2016,10,5,7,3,9,1,2,0,0,1,0,0,0,0,5.9928E+20,5.29149E+21,1.0325E+16,4.77691E+16
84665,84666,9,2,71,119,2016,10,15,6,2,0,6,0,0,0,0,0,1,0,0,7.90507E+20,5.41533E+21,1.29582E+16,4.88229E+16
84666,84667,9,2,61,0,2016,10,11,4,3,4,2,0,0,1,1,0,0,0,0,7.33725E+20,5.38138E+21,1.21667E+16,4.85419E+16
84667,84668,9,2,62,0,2016,10,18,7,3,9,6,1,0,0,0,0,1,0,0,8.26257E+20,5.39095E+21,1.34246E+16,4.85866E+16
84668,84669,9,4,61,0,2016,10,16,2,3,2,6,0,0,0,1,0,0,1,0,6.39925E+20,5.52557E+21,1.09471E+16,4.98662E+16
84669,84670,9,5,64,0,2016,10,13,6,3,5,3,0,0,1,0,0,0,0,0,6.48069E+20,5.47691E+21,1.1042E+16,4.94268E+16
84670,84671,9,2,74,126,2016,10,16,5,3,5,2,0,0,1,1,0,0,0,0,7.32897E+20,5.38316E+21,1.21565E+16,4.85582E+16
84671,84672,9,6,75,178,2016,10,22,2,3,9,7,2,0,0,1,0,0,0,0,5.95113E+20,5.51639E+21,1.03215E+16,4.97925E+16
84672,84673,9,1,77,139,2016,10,10,7,3,5,3,0,0,0,1,0,0,0,0,7.32561E+20,5.35959E+21,1.21389E+16,4.83466E+16
84673,84674,9,2,61,0,2016,10,7,5,3,2,6,0,0,0,1,0,0,0,0,7.31273E+20,5.38205E+21,1.21339E+16,4.85488E+16
84674,84675,9,6,77,131,2016,10,6,3,3,4,1,2,1,0,1,0,0,0,0,5.44847E+20,5.54547E+21,9.62656E+15,5.00598E+16
84675,84676,9,2,71,119,2016,10,15,1,3,2,6,0,0,0,1,0,0,0,0,7.89772E+20,5.41522E+21,1.29481E+16,4.88223E+16
84676,84677,9,1,77,133,2016,10,22,3,3,2,6,2,1,0,1,0,0,0,1,7.08512E+20,5.36032E+21,1.18151E+16,4.83616E+16
84677,84678,9,6,74,221,2016,10,15,4,3,5,3,0,0,0,1,0,1,0,0,6.16291E+20,5.53974E+21,1.06226E+16,4.99986E+16
84678,84679,9,7,80,128,2016,10,9,7,3,2,6,0,0,0,1,0,0,0,1,6.09376E+20,5.2789E+21,1.04566E+16,4.76542E+16
84679,84680,9,1,62,0,2016,10,8,6,3,2,6,0,0,0,1,0,0,0,0,6.87292E+20,5.33156E+21,1.15162E+16,4.81097E+16
84680,84681,9,2,79,122,2016,10,19,5,2,5,3,2,0,1,0,0,0,1,0,7.74285E+20,5.40017E+21,1.27276E+16,4.86942E+16
84681,84682,9,1,83,126,2016,10,10,3,3,2,6,0,1,0,1,0,0,1,0,7.27101E+20,5.33651E+21,1.20529E+16,4.81413E+16
84682,84683,9,1,81,145,2016,10,17,2,2,5,3,0,0,0,1,0,0,0,0,6.4763E+20,5.33074E+21,1.09834E+16,4.81128E+16
84683,84684,9,7,78,219,2016,10,8,5,3,2,6,0,0,0,1,0,0,1,0,5.89875E+20,5.30762E+21,1.02029E+16,4.79156E+16
84684,84685,9,2,75,111,2016,10,7,6,3,4,2,0,0,0,1,0,0,0,0,8.16179E+20,5.40087E+21,1.32959E+16,4.86807E+16
84685,84686,9,1,87,172,2016,10,10,4,3,5,3,0,1,0,1,0,0,0,0,7.3859E+20,5.29423E+21,1.21837E+16,4.77573E+16
84686,84687,9,2,75,141,2016,10,23,7,2,8,1,2,0,0,1,0,0,0,0,8.15016E+20,5.36966E+21,1.32566E+16,4.84013E+16
84687,84688,9,3,71,132,2016,10,15,3,3,9,1,0,1,0,1,0,0,0,0,6.97296E+20,5.47468E+21,1.1719E+16,4.93928E+16
84688,84689,9,4,71,185,2016,10,15,2,3,2,6,0,0,0,1,0,0,0,0,6.45578E+20,5.53791E+21,1.10304E+16,4.99757E+16
84689,84690,9,5,73,122,2016,10,15,6,3,4,1,0,0,1,0,0,0,0,0,6.44108E+20,5.47784E+21,1.09877E+16,4.94361E+16
84690,84691,9,2,79,112,2016,10,17,5,2,0,7,0,0,1,0,0,0,0,1,7.57699E+20,5.3919E+21,1.24975E+16,4.8627E+16
84691,84692,9,2,77,142,2016,10,5,6,3,8,7,2,0,0,1,0,0,0,0,7.93586E+20,5.39127E+21,1.29829E+16,4.86056E+16
84692,84693,9,1,87,129,2016,10,17,4,3,3,6,0,0,1,0,0,0,0,1,7.25445E+20,5.29708E+21,1.201E+16,4.77876E+16
84693,84694,9,2,72,140,2016,10,15,7,3,4,1,0,0,0,1,0,1,0,0,8.26724E+20,5.41607E+21,1.34508E+16,4.88116E+16
84694,84695,9,2,63,0,2016,10,18,3,3,2,6,2,0,0,1,0,0,0,0,7.62205E+20,5.41818E+21,1.25752E+16,4.88611E+16
84695,84696,9,4,71,165,2016,10,9,2,2,0,1,0,0,1,0,0,0,0,0,6.30512E+20,5.53263E+21,1.08186E+16,4.99318E+16
84696,84697,9,5,71,175,2016,10,12,6,3,2,6,0,0,0,1,0,0,0,0,6.21132E+20,5.45748E+21,1.06648E+16,4.92581E+16
84697,84698,9,1,73,118,2016,10,14,5,3,5,3,0,0,0,1,0,0,0,0,6.89122E+20,5.30167E+21,1.15276E+16,4.78405E+16
84698,84699,9,6,77,203,2016,10,16,2,2,5,2,0,0,0,1,0,0,0,0,5.58581E+20,5.52895E+21,9.81589E+15,4.991E+16
84699,84700,9,1,62,0,2016,10,18,6,3,2,6,1,0,0,1,0,0,0,0,6.88065E+20,5.3316E+21,1.15266E+16,4.81099E+16
84700,84701,9,1,89,145,2016,10,16,5,3,1,6,0,0,0,1,0,0,0,0,7.73074E+20,5.30339E+21,1.26487E+16,4.78259E+16
84701,84702,9,5,76,151,2016,10,14,3,3,1,3,0,0,0,1,0,0,0,0,6.57092E+20,5.46938E+21,1.11633E+16,4.93569E+16
84702,84703,9,5,72,115,2016,10,18,1,3,6,2,2,0,0,1,1,0,0,0,6.46763E+20,5.50274E+21,1.10336E+16,4.96594E+16
84703,84704,9,2,78,189,2016,10,15,1,2,5,2,0,0,0,1,0,1,0,0,7.65306E+20,5.44101E+21,1.26323E+16,4.90647E+16
84704,84705,9,1,78,130,2016,10,5,3,3,5,2,2,1,0,1,0,0,1,0,7.02783E+20,5.3587E+21,1.17371E+16,4.83489E+16
84705,84706,9,5,72,126,2016,10,8,4,3,2,6,0,0,0,1,0,0,0,0,6.33846E+20,5.5067E+21,1.08561E+16,4.96979E+16
84706,84707,9,7,77,139,2016,10,13,7,3,8,1,0,0,0,1,0,0,0,0,6.16592E+20,5.30655E+21,1.05601E+16,4.79016E+16
84707,84708,9,1,89,133,2016,10,7,3,3,4,6,1,1,0,0,0,0,1,1,7.52897E+20,5.32309E+21,1.23912E+16,4.80111E+16
84708,84709,9,4,61,0,2016,10,7,4,3,1,6,0,0,0,1,0,1,0,0,6.38755E+20,5.52672E+21,1.09312E+16,4.98768E+16
84709,84710,9,4,61,0,2016,10,18,2,3,3,2,1,0,1,0,0,0,0,1,6.38006E+20,5.52868E+21,1.09215E+16,4.98945E+16
84710,84711,9,5,71,166,2016,10,14,6,2,5,2,0,0,0,1,0,0,0,0,6.08771E+20,5.45655E+21,1.04947E+16,4.9252E+16
84711,84712,9,1,79,126,2016,10,14,2,3,5,3,0,0,0,1,0,1,0,0,6.76427E+20,5.34035E+21,1.1374E+16,4.81919E+16
84712,84713,9,7,64,0,2016,10,10,5,3,5,3,0,0,1,1,0,0,0,0,5.88705E+20,5.31472E+21,1.01887E+16,4.79796E+16
84713,84714,9,2,62,0,2016,10,18,6,3,5,3,2,0,0,1,0,1,0,0,8.28846E+20,5.38959E+21,1.34585E+16,4.85729E+16
84714,84715,9,1,85,127,2016,10,7,4,3,5,6,1,1,0,1,0,0,0,0,6.56653E+20,5.39237E+21,1.11276E+16,4.86647E+16
84715,84716,9,3,77,141,2016,10,21,2,3,4,2,2,0,0,1,0,0,0,0,7.31317E+20,5.53644E+21,1.22236E+16,4.99355E+16
84716,84717,9,5,71,141,2016,10,15,6,3,2,6,0,0,0,1,0,0,0,0,6.16036E+20,5.43749E+21,1.0589E+16,4.90793E+16
84717,84718,9,1,83,140,2016,10,17,5,3,4,6,0,0,0,1,0,0,1,0,7.44061E+20,5.34388E+21,1.22848E+16,4.82012E+16
84718,84719,9,5,76,111,2016,10,19,1,2,9,1,2,0,0,1,0,0,0,0,6.41385E+20,5.45619E+21,1.09425E+16,4.92421E+16
84719,84720,9,1,77,130,2016,10,11,3,3,5,3,0,1,0,1,0,0,0,0,7.09715E+20,5.35085E+21,1.18266E+16,4.82761E+16
84720,84721,9,1,62,0,2016,10,16,4,2,6,4,0,0,0,1,1,0,0,1,6.85133E+20,5.33193E+21,1.14874E+16,4.81137E+16
84721,84722,9,6,78,168,2016,10,7,2,3,4,2,1,0,0,1,0,0,0,0,5.82802E+20,5.54957E+21,1.01576E+16,5.00926E+16
84722,84723,9,1,62,0,2016,10,8,6,3,3,6,0,0,0,0,0,1,0,0,6.94992E+20,5.33299E+21,1.16202E+16,4.81203E+16
84723,84724,9,1,89,154,2016,10,19,5,3,9,1,2,0,0,0,0,1,0,0,7.67145E+20,5.31669E+21,1.25779E+16,4.79477E+16
84724,84725,9,4,78,116,2016,10,7,3,2,5,3,2,1,0,1,0,0,0,0,6.58635E+20,5.5576E+21,1.12205E+16,5.01493E+16
84725,84726,9,1,74,115,2016,10,11,2,3,5,3,0,0,0,0,0,0,0,1,6.8334E+20,5.34778E+21,1.14701E+16,4.82567E+16
84726,84727,9,2,75,134,2016,10,16,1,3,1,6,0,0,0,1,0,0,0,0,8.26176E+20,5.37718E+21,1.34128E+16,4.84631E+16
84727,84728,9,1,75,124,2016,10,11,3,2,6,4,0,1,0,0,1,0,1,0,7.14949E+20,5.32869E+21,1.18858E+16,4.80752E+16
84728,84729,9,4,71,159,2016,10,15,4,3,1,3,0,0,0,1,0,0,0,0,6.41486E+20,5.53395E+21,1.09719E+16,4.99411E+16
84729,84730,9,2,74,127,2016,10,10,7,2,4,2,0,0,0,1,0,1,0,0,7.35004E+20,5.39585E+21,1.21922E+16,4.86714E+16
84730,84731,9,7,77,140,2016,10,12,7,3,5,3,0,0,0,1,0,0,0,0,6.28243E+20,5.31825E+21,1.07194E+16,4.80047E+16
84731,84732,9,2,75,156,2016,10,7,4,2,0,1,0,1,1,0,0,0,0,0,8.53712E+20,5.39463E+21,1.37988E+16,4.86046E+16
84732,84733,9,6,72,121,2016,10,1,2,3,3,6,2,0,0,1,0,0,0,0,5.69299E+20,5.55064E+21,9.96906E+15,5.0104E+16
84733,84734,9,1,84,130,2016,10,5,6,3,2,6,2,0,0,1,0,0,0,0,7.01692E+20,5.34887E+21,1.17177E+16,4.82609E+16
84734,84735,9,1,89,120,2016,10,11,5,3,0,7,0,0,0,0,1,0,0,1,7.59778E+20,5.29749E+21,1.24679E+16,4.77783E+16
84735,84736,9,5,71,166,2016,10,16,3,3,6,4,0,0,0,1,1,0,0,0,6.08944E+20,5.45446E+21,1.04965E+16,4.92333E+16
84736,84737,9,5,76,113,2016,10,0,1,2,8,1,2,0,0,1,0,0,0,0,6.58506E+20,5.45774E+21,1.11782E+16,4.92519E+16
84737,84738,9,2,73,137,2016,10,18,1,3,8,1,1,0,0,0,0,1,0,0,7.13099E+20,5.42545E+21,1.19105E+16,4.89453E+16
84738,84739,9,5,61,0,2016,10,19,4,2,5,6,2,0,0,1,0,0,1,0,6.15937E+20,5.45717E+21,1.05933E+16,4.92563E+16
84739,84740,9,7,73,125,2016,10,17,7,3,4,2,0,0,0,1,0,0,0,1,6.1102E+20,5.38048E+21,1.05049E+16,4.85676E+16
84740,84741,9,1,83,144,2016,10,6,3,3,5,3,1,1,1,1,0,0,0,0,7.42303E+20,5.35167E+21,1.22656E+16,4.82719E+16
84741,84742,9,3,73,159,2016,10,5,4,3,0,1,2,1,0,1,0,0,0,0,6.75879E+20,5.45444E+21,1.14152E+16,4.92175E+16
84742,84743,9,3,63,0,2016,10,13,2,3,2,6,0,0,0,1,0,0,0,1,7.28262E+20,5.50756E+21,1.21642E+16,4.96773E+16
84743,84744,9,5,71,227,2016,10,16,6,3,2,6,0,0,0,1,0,0,0,0,6.07511E+20,5.4346E+21,1.04715E+16,4.90549E+16
84744,84745,9,1,78,124,2016,10,17,2,3,5,3,0,0,1,1,0,0,0,0,7.0245E+20,5.36422E+21,1.17352E+16,4.83986E+16
84745,84746,9,7,78,219,2016,10,17,5,3,3,6,0,0,1,1,0,0,0,0,5.89161E+20,5.3105E+21,1.01939E+16,4.79416E+16
84746,84747,9,2,72,118,2016,10,12,6,2,8,1,0,0,0,1,0,0,0,0,8.35058E+20,5.41999E+21,1.35671E+16,4.88423E+16
84747,84748,9,6,72,127,2016,10,13,2,3,2,6,0,0,0,1,0,0,1,0,5.62132E+20,5.55147E+21,9.86899E+15,5.01123E+16
84748,84749,9,1,72,115,2016,10,15,5,3,2,2,0,0,0,1,0,0,0,0,7.93474E+20,5.29224E+21,1.29131E+16,4.77168E+16
84749,84750,9,5,76,148,2016,10,14,1,3,2,6,0,0,0,1,0,1,0,0,6.63424E+20,5.43941E+21,1.12383E+16,4.90859E+16
84750,84751,9,1,75,115,2016,10,8,3,3,5,3,0,1,0,1,0,0,0,0,7.22369E+20,5.32955E+21,1.19858E+16,4.80804E+16
84751,84752,9,7,75,129,2016,10,15,4,3,5,3,0,0,0,1,0,1,0,0,5.81856E+20,5.34265E+21,1.01023E+16,4.82318E+16
84752,84753,9,6,78,134,2016,10,16,2,3,5,3,0,0,0,1,0,0,0,0,5.96711E+20,5.52905E+21,1.03468E+16,4.9906E+16
84753,84754,9,1,62,0,2016,10,14,6,3,5,2,0,0,1,1,0,0,0,0,6.84292E+20,5.33541E+21,1.14776E+16,4.81452E+16
84754,84755,9,1,71,111,2016,10,19,5,3,5,3,2,0,0,1,0,0,1,0,7.71563E+20,5.35014E+21,1.26582E+16,4.82463E+16
84755,84756,9,4,74,135,2016,10,7,3,3,4,2,0,1,0,1,0,0,0,0,6.40456E+20,5.50714E+21,1.09478E+16,4.97004E+16
84756,84757,9,1,84,145,2016,10,12,1,3,5,2,0,0,0,1,0,0,0,0,6.98547E+20,5.32456E+21,1.1664E+16,4.80434E+16
84757,84758,9,2,79,127,2016,10,3,1,2,9,1,2,0,0,1,0,0,0,0,7.54271E+20,5.40344E+21,1.24581E+16,4.8732E+16
84758,84759,9,7,75,162,2016,10,11,5,3,2,6,0,0,0,1,0,0,1,0,5.79784E+20,5.34951E+21,1.00757E+16,4.82937E+16
84759,84760,9,2,73,147,2016,10,0,7,3,7,7,2,0,0,1,0,0,0,1,6.99779E+20,5.39091E+21,1.1712E+16,4.86393E+16
84760,84761,9,7,61,0,2016,10,16,7,3,2,6,1,0,0,1,0,0,0,0,6.37547E+20,5.36026E+21,1.08576E+16,4.83805E+16
84761,84762,9,3,75,180,2016,10,22,6,2,2,6,2,0,0,1,0,0,0,0,7.26227E+20,5.42357E+21,1.20884E+16,4.89236E+16
84762,84763,9,2,78,148,2016,10,6,4,3,2,6,1,0,0,1,0,0,1,0,7.30648E+20,5.40699E+21,1.21394E+16,4.87731E+16
84763,84764,9,2,73,172,2016,10,17,7,2,5,3,0,0,0,1,0,1,0,0,7.11468E+20,5.40153E+21,1.18759E+16,4.87309E+16
84764,84765,9,3,71,154,2016,10,6,2,3,9,1,2,0,0,1,0,0,0,0,7.00826E+20,5.47644E+21,1.17685E+16,4.94074E+16
84765,84766,9,5,75,122,2016,10,13,6,3,2,6,0,0,0,1,0,0,0,0,5.97159E+20,5.48508E+21,1.03421E+16,4.95105E+16
84766,84767,9,1,62,0,2016,10,1,5,3,2,6,2,0,0,1,0,0,0,0,6.92836E+20,5.32981E+21,1.15898E+16,4.80923E+16
84767,84768,9,6,73,160,2016,10,10,2,2,5,3,0,0,0,1,0,0,1,0,5.96949E+20,5.57454E+21,1.03617E+16,5.0315E+16
84768,84769,9,3,71,151,2016,10,13,2,3,5,3,0,0,0,1,0,0,0,0,6.96808E+20,5.49145E+21,1.17206E+16,4.95437E+16
84769,84770,9,5,61,0,2016,10,12,6,2,5,2,0,0,1,1,0,0,0,0,6.1428E+20,5.46252E+21,1.05721E+16,4.93047E+16
84770,84771,9,7,78,144,2016,10,9,5,3,9,2,0,0,0,1,0,0,1,0,5.95331E+20,5.30126E+21,1.02745E+16,4.78576E+16
84771,84772,9,2,73,147,2016,10,9,6,3,2,6,0,0,0,1,0,0,0,0,7.04544E+20,5.39003E+21,1.17761E+16,4.86299E+16
84772,84773,9,1,87,132,2016,10,7,5,3,2,1,2,1,0,1,0,0,0,0,7.47157E+20,5.29973E+21,1.2301E+16,4.78035E+16
84773,84774,9,5,74,164,2016,10,11,1,3,0,2,0,1,1,0,0,0,0,0,6.67574E+20,5.47327E+21,1.13092E+16,4.9389E+16
84774,84775,9,1,80,126,2016,10,16,1,3,2,6,0,0,0,1,0,1,0,0,6.60924E+20,5.26998E+21,1.11393E+16,4.75633E+16
84775,84776,9,1,77,139,2016,10,16,3,3,2,6,0,1,0,1,0,0,0,0,7.31604E+20,5.35726E+21,1.21247E+16,4.83261E+16
84776,84777,9,7,80,145,2016,10,11,4,3,0,7,0,0,0,0,0,1,0,0,6.07887E+20,5.27466E+21,1.04357E+16,4.76163E+16
84777,84778,9,1,84,113,2016,10,5,6,3,8,7,2,0,0,1,0,0,0,0,6.85353E+20,5.32134E+21,1.14857E+16,4.80184E+16
84778,84779,9,1,87,179,2016,10,12,5,3,3,2,0,0,0,1,0,0,0,0,7.2522E+20,5.3112E+21,1.20144E+16,4.79146E+16
84779,84780,9,3,77,146,2016,10,17,3,3,4,1,0,1,0,1,0,0,0,0,7.34378E+20,5.51889E+21,1.22556E+16,4.97767E+16
84780,84781,9,7,75,135,2016,10,18,1,3,4,7,2,0,0,1,0,0,0,0,5.77286E+20,5.35992E+21,1.00439E+16,4.83877E+16
84781,84782,9,7,77,151,2016,10,12,5,3,5,2,0,0,0,1,0,0,0,0,6.21359E+20,5.29343E+21,1.06201E+16,4.77828E+16
84782,84783,9,2,61,0,2016,10,13,7,3,6,7,0,0,1,0,1,0,0,0,7.28407E+20,5.38076E+21,1.20945E+16,4.85383E+16
84783,84784,9,7,61,0,2016,10,13,7,3,0,1,0,0,1,0,0,0,0,0,6.43344E+20,5.3576E+21,1.0935E+16,4.83553E+16
84784,84785,9,2,61,0,2016,10,6,6,3,8,1,0,0,0,1,0,0,0,0,7.32233E+20,5.38156E+21,1.21467E+16,4.85441E+16
84785,84786,9,2,61,0,2016,10,17,7,3,0,1,0,0,0,0,0,1,0,0,7.34846E+20,5.38197E+21,1.21822E+16,4.85468E+16
84786,84787,9,5,61,0,2016,10,17,6,3,5,3,0,0,1,1,0,0,0,0,6.15086E+20,5.46238E+21,1.05831E+16,4.93033E+16
84787,84788,9,1,61,0,2016,10,5,5,2,0,1,1,0,1,0,0,0,0,0,6.80967E+20,5.40247E+21,1.14619E+16,4.87489E+16
84788,84789,9,6,73,161,2016,10,7,2,3,2,6,1,0,0,1,0,0,0,0,5.84719E+20,5.5722E+21,1.01895E+16,5.02958E+16
84789,84790,9,7,74,143,2016,10,14,6,3,5,3,0,0,0,1,0,0,0,0,5.96097E+20,5.35834E+21,1.02976E+16,4.83709E+16
84790,84791,9,1,86,149,2016,10,17,5,3,2,6,0,0,0,1,0,0,0,0,6.90255E+20,5.38696E+21,1.1581E+16,4.86067E+16
84791,84792,9,6,71,122,2016,10,19,3,2,2,6,2,0,0,1,0,0,0,0,5.06958E+20,5.53146E+21,9.09696E+15,4.99355E+16
84792,84793,9,5,64,0,2016,10,13,1,3,5,3,0,0,0,1,0,0,0,0,6.49109E+20,5.48332E+21,1.10587E+16,4.94842E+16
84793,84794,9,1,90,157,2016,10,23,1,3,5,2,2,0,0,1,0,0,0,1,6.58913E+20,5.3014E+21,1.11241E+16,4.78463E+16
84794,84795,9,1,62,0,2016,10,17,2,3,5,3,0,0,1,1,0,0,0,0,6.93935E+20,5.33167E+21,1.16054E+16,4.81087E+16
84795,84796,9,6,78,196,2016,10,19,4,2,9,1,2,0,0,1,0,0,0,0,5.83429E+20,5.53044E+21,1.01622E+16,4.99205E+16
84796,84797,9,7,72,131,2016,10,18,7,3,0,7,2,0,1,0,0,0,0,0,6.18221E+20,5.35624E+21,1.05956E+16,4.83482E+16
84797,84798,9,1,86,137,2016,10,7,5,3,5,3,0,0,0,1,0,0,0,0,6.8142E+20,5.3988E+21,1.14665E+16,4.87158E+16
84798,84799,9,1,71,113,2016,10,9,3,3,5,3,0,1,0,1,0,0,0,0,7.71748E+20,5.33751E+21,1.26526E+16,4.81328E+16
84799,84800,9,1,86,162,2016,10,9,5,3,1,5,0,0,0,1,0,0,0,0,6.90731E+20,5.38988E+21,1.15888E+16,4.86329E+16
84800,84801,9,6,79,161,2016,10,16,3,1,4,6,0,0,0,1,0,0,0,0,5.61981E+20,5.52064E+21,9.86191E+15,4.9835E+16
84801,84802,9,5,64,0,2016,10,16,1,2,2,6,0,0,0,1,0,0,0,0,6.54901E+20,5.48218E+21,1.11382E+16,4.94725E+16
84802,84803,9,1,90,111,2016,10,17,1,3,0,2,0,0,0,1,0,1,0,0,6.38926E+20,5.29926E+21,1.08564E+16,4.78317E+16
84803,84804,9,1,62,0,2016,10,9,2,3,2,6,0,1,0,1,0,0,1,0,6.88851E+20,5.33988E+21,1.15408E+16,4.8184E+16
84804,84805,9,7,61,0,2016,10,16,4,3,5,2,0,0,1,1,0,0,0,0,6.4193E+20,5.35885E+21,1.09163E+16,4.83669E+16
84805,84806,9,7,61,0,2016,10,7,7,3,5,3,0,1,1,1,0,0,0,0,6.40816E+20,5.35448E+21,1.08998E+16,4.83278E+16
84806,84807,9,7,80,118,2016,10,11,6,3,5,3,0,0,0,1,0,1,0,0,5.96745E+20,5.26556E+21,1.02855E+16,4.75363E+16
84807,84808,9,1,62,0,2016,10,14,5,3,2,7,2,0,0,1,0,0,0,0,6.7927E+20,5.33744E+21,1.1411E+16,4.81649E+16
84808,84809,9,1,87,170,2016,10,7,3,3,4,2,0,1,0,1,0,0,1,0,7.35338E+20,5.32096E+21,1.21549E+16,4.79986E+16
84809,84810,9,7,64,0,2016,10,17,1,2,5,3,0,0,1,1,0,0,0,0,5.8876E+20,5.31668E+21,1.01898E+16,4.79972E+16
84810,84811,9,7,76,122,2016,10,11,5,3,2,2,0,0,0,1,0,0,0,0,5.62841E+20,5.27532E+21,9.83643E+15,4.76282E+16