FID,OBJECTID,ULAND,UREGBEZ,UKREIS,UGEMEINDE,UJAHR,UMONAT,USTUNDE,UWOCHENTAG,UKATEGORIE,UART,UTYP1,ULICHTVERH,IstStrasse,IstRad,IstPKW,IstFuss,IstKrad,IstGkfz,IstSonstig,LINREFX,LINREFY,XGCSWGS84,YGCSWGS84
84811,84812,9,6,76,140,2016,10,11,7,3,8,1,0,0,0,1,0,1,0,0,5.04359E+20,5.52287E+21,9.06065E+15,4.98582E+16
84812,84813,9,1,90,126,2016,10,10,6,2,4,3,0,0,0,1,0,0,0,0,6.70317E+20,5.28839E+21,1.12713E+16,4.77264E+16
84813,84814,9,1,61,0,2016,10,11,4,3,3,6,0,0,0,1,0,0,0,0,6.78919E+20,5.40194E+21,1.14339E+16,4.87448E+16
84814,84815,9,2,79,134,2016,10,16,7,3,8,1,0,0,0,1,0,0,0,0,7.69954E+20,5.38498E+21,1.2659E+16,4.85598E+16
84815,84816,9,2,71,125,2016,10,12,3,3,5,3,0,0,0,1,0,0,0,0,7.98278E+20,5.40985E+21,1.30598E+16,4.87701E+16
84816,84817,9,3,76,161,2016,10,7,2,3,5,3,2,1,0,1,0,0,0,0,7.25509E+20,5.46909E+21,1.21041E+16,4.93328E+16
84817,84818,9,5,61,0,2016,10,13,6,3,2,6,0,0,0,1,0,0,0,0,6.14081E+20,5.46252E+21,1.05693E+16,4.93048E+16
84818,84819,9,1,88,139,2016,10,6,5,3,9,1,2,2,0,1,0,0,0,0,6.72379E+20,5.31801E+21,1.13106E+16,4.79921E+16
84819,84820,9,6,73,146,2016,10,13,2,3,2,7,0,0,0,1,0,1,0,0,5.80177E+20,5.57224E+21,1.01257E+16,5.02968E+16
84820,84821,9,7,79,131,2016,10,8,6,3,5,3,0,0,0,0,0,0,1,0,6.32797E+20,5.39592E+21,1.08049E+16,4.87021E+16
84821,84822,9,1,88,139,2016,10,8,5,3,1,7,0,0,0,1,0,0,0,0,6.7441E+20,5.31812E+21,1.13378E+16,4.79926E+16
84822,84823,9,5,64,0,2016,10,7,3,3,2,6,1,1,0,1,0,0,0,0,6.53587E+20,5.47361E+21,1.11167E+16,4.93958E+16
84823,84824,9,5,71,175,2016,10,5,1,3,2,6,2,1,0,1,0,0,0,0,6.23646E+20,5.45862E+21,1.06996E+16,4.92678E+16
84824,84825,9,1,80,123,2016,10,13,1,3,2,1,0,0,0,1,0,0,0,0,6.7041E+20,5.25474E+21,1.12595E+16,4.74238E+16
84825,84826,9,7,75,115,2016,10,20,2,2,8,7,2,1,0,0,0,0,0,1,5.82688E+20,5.34695E+21,1.01143E+16,4.82704E+16
84826,84827,9,5,74,132,2016,10,16,4,3,5,3,0,1,0,1,0,0,0,0,6.76581E+20,5.4872E+21,1.14394E+16,4.95117E+16
84827,84828,9,6,76,121,2016,10,7,7,3,2,6,1,0,0,1,0,0,0,0,5.11387E+20,5.52047E+21,9.15836E+15,4.98365E+16
84828,84829,9,1,87,182,2016,10,7,3,2,5,2,1,1,0,1,0,1,0,0,7.38459E+20,5.3283E+21,1.22008E+16,4.80633E+16
84829,84830,9,3,74,159,2016,10,17,4,3,5,3,0,0,0,1,0,1,0,0,7.4061E+20,5.49171E+21,1.23253E+16,4.95302E+16
84830,84831,9,3,76,161,2016,10,13,2,3,2,6,0,0,0,1,0,0,0,0,7.25255E+20,5.46547E+21,1.20986E+16,4.93004E+16
84831,84832,9,4,75,136,2016,10,13,6,3,5,3,0,0,0,1,0,0,0,0,6.94436E+20,5.56871E+21,1.17267E+16,5.02386E+16
84832,84833,9,7,77,159,2016,10,10,5,3,5,2,0,0,0,1,0,0,0,0,6.16838E+20,5.27241E+21,1.05542E+16,4.75946E+16
84833,84834,9,1,83,127,2016,10,15,6,3,4,7,0,0,0,1,0,0,1,0,7.57171E+20,5.34878E+21,1.24639E+16,4.82401E+16
84834,84835,9,1,76,118,2016,10,8,4,3,1,3,0,0,1,1,0,0,0,0,6.68318E+20,5.40828E+21,1.12924E+16,4.88047E+16
84835,84836,9,4,63,0,2016,10,11,6,2,2,6,0,0,0,1,0,0,1,1,6.40785E+20,5.56689E+21,1.09742E+16,5.02374E+16
84836,84837,9,1,79,142,2016,10,0,5,3,9,6,2,0,0,1,0,0,1,0,6.71906E+20,5.3429E+21,1.13143E+16,4.8216E+16
84837,84838,9,7,78,136,2016,10,22,1,3,9,1,2,0,0,1,0,0,0,0,5.97716E+20,5.32422E+21,1.03116E+16,4.80638E+16
84838,84839,9,7,77,121,2016,10,7,5,2,6,4,0,0,0,0,1,0,0,1,6.28054E+20,5.32192E+21,1.07179E+16,4.80377E+16
84839,84840,9,1,89,159,2016,10,12,6,3,2,6,0,0,0,1,0,0,0,0,7.60648E+20,5.30033E+21,1.24812E+16,4.78035E+16
84840,84841,9,1,88,139,2016,10,6,4,3,5,3,2,1,0,1,0,0,1,0,6.73494E+20,5.31788E+21,1.13254E+16,4.79906E+16
84841,84842,9,2,78,146,2016,10,16,2,3,1,2,0,0,0,1,0,0,0,0,7.57388E+20,5.40734E+21,1.25029E+16,4.87658E+16
84842,84843,9,4,72,197,2016,10,7,6,3,8,6,0,0,0,1,0,0,1,0,6.65561E+20,5.52381E+21,1.13028E+16,4.98438E+16
84843,84844,9,1,79,123,2016,10,19,5,3,2,6,2,0,0,1,0,0,0,0,6.7738E+20,5.33221E+21,1.13834E+16,4.81185E+16
84844,84845,9,5,77,177,2016,10,17,1,2,5,3,0,0,0,1,0,0,0,0,6.44668E+20,5.43368E+21,1.09795E+16,4.9039E+16
84845,84846,9,6,72,114,2016,10,15,2,3,0,2,0,0,0,1,0,0,1,0,5.7774E+20,5.56176E+21,1.00893E+16,5.0203E+16
84846,84847,9,7,73,144,2016,10,6,6,2,2,6,1,0,0,1,0,0,1,1,6.06734E+20,5.37572E+21,1.04456E+16,4.85255E+16
84847,84848,9,1,79,121,2016,10,7,5,3,5,3,0,0,1,1,0,0,0,0,6.68276E+20,5.33824E+21,1.12636E+16,4.81751E+16
84848,84849,9,5,71,208,2016,10,7,3,3,3,2,0,0,0,1,0,0,1,0,6.18256E+20,5.43801E+21,1.06195E+16,4.90836E+16
84849,84850,9,5,71,174,2016,10,13,1,2,8,1,0,0,0,0,0,1,0,0,5.99811E+20,5.46267E+21,1.03731E+16,4.93086E+16
84850,84851,9,7,80,120,2016,10,12,1,3,3,6,0,0,0,1,0,1,0,0,6.02507E+20,5.28338E+21,1.03662E+16,4.76956E+16
84851,84852,9,1,80,115,2016,10,15,1,2,4,1,0,0,0,1,0,1,0,0,6.48666E+20,5.27002E+21,1.09765E+16,4.75666E+16
84852,84853,9,5,71,200,2016,10,12,4,3,2,6,0,0,0,1,0,0,0,0,5.95625E+20,5.43958E+21,1.03101E+16,4.91016E+16
84853,84854,9,1,90,140,2016,10,9,7,2,5,6,0,0,0,1,0,0,0,1,6.42377E+20,5.291E+21,1.08998E+16,4.77566E+16
84854,84855,9,6,76,132,2016,10,20,7,2,4,2,2,0,0,1,0,0,0,0,5.1435E+20,5.50813E+21,9.1991E+15,4.97255E+16
84855,84856,9,3,76,141,2016,10,20,4,3,8,1,2,0,0,1,0,0,0,0,7.25823E+20,5.4522E+21,1.20989E+16,4.9181E+16
84856,84857,9,2,76,138,2016,10,22,2,3,8,7,2,0,0,1,0,0,0,0,8.07136E+20,5.43374E+21,1.3198E+16,4.89801E+16
84857,84858,9,4,77,143,2016,10,19,6,3,8,1,2,0,0,1,0,0,0,0,6.84468E+20,5.54925E+21,1.15777E+16,5.00669E+16
84858,84859,9,7,63,0,2016,10,9,1,3,2,6,0,0,0,1,0,0,0,0,5.99718E+20,5.28995E+21,1.03305E+16,4.77552E+16
84859,84860,9,7,79,228,2016,10,8,5,3,2,6,0,0,0,1,0,0,0,0,6.27881E+20,5.41497E+21,1.0744E+16,4.88745E+16
84860,84861,9,1,72,134,2016,10,17,6,2,8,1,1,0,0,1,0,0,0,0,7.87359E+20,5.30401E+21,1.28396E+16,4.78252E+16
84861,84862,9,6,62,0,2016,10,6,2,3,4,2,2,0,1,1,0,0,0,0,5.87268E+20,5.54427E+21,1.02188E+16,5.00443E+16
84862,84863,9,1,74,113,2016,10,16,5,3,3,6,0,0,0,1,0,0,1,0,6.7461E+20,5.34512E+21,1.13515E+16,4.82352E+16
84863,84864,9,5,75,113,2016,10,15,1,3,2,6,0,0,0,1,0,1,0,0,6.11639E+20,5.49877E+21,1.0546E+16,4.96312E+16
84864,84865,9,1,73,124,2016,10,19,1,2,2,6,2,0,0,0,0,1,0,1,6.92358E+20,5.28825E+21,1.15649E+16,4.7719E+16
84865,84866,9,7,75,162,2016,10,18,2,3,0,6,2,0,0,1,0,0,0,0,5.82645E+20,5.34727E+21,1.01138E+16,4.82732E+16
84866,84867,9,7,80,143,2016,10,7,4,3,8,1,1,1,0,1,0,0,0,0,5.95726E+20,5.27373E+21,1.02737E+16,4.76099E+16
84867,84868,9,6,76,119,2016,10,20,2,3,9,1,2,1,0,1,0,0,0,0,5.24855E+20,5.50506E+21,9.34466E+15,4.96976E+16
84868,84869,9,7,72,223,2016,10,9,6,3,2,6,0,0,0,1,0,0,1,0,6.1757E+20,5.36305E+21,1.05887E+16,4.84096E+16
84869,84870,9,1,74,113,2016,10,8,5,2,4,6,0,0,0,1,0,0,0,0,6.74217E+20,5.34463E+21,1.1346E+16,4.8231E+16
84870,84871,9,3,77,137,2016,10,20,3,2,8,7,2,1,0,1,0,0,0,0,7.35154E+20,5.53593E+21,1.22767E+16,4.99294E+16
84871,84872,9,5,71,166,2016,10,6,1,3,8,7,2,0,0,1,0,0,0,0,6.12881E+20,5.456E+21,1.0551E+16,4.92463E+16
84872,84873,9,1,73,135,2016,10,17,1,3,5,3,0,0,0,1,0,0,0,0,6.92661E+20,5.28507E+21,1.15675E+16,4.76903E+16
84873,84874,9,7,75,164,2016,10,11,2,3,4,6,0,0,0,1,0,0,0,0,5.862E+20,5.34857E+21,1.0162E+16,4.82845E+16
84874,84875,9,7,64,0,2016,10,16,4,3,3,6,0,0,0,1,0,1,0,0,5.89256E+20,5.31642E+21,1.01964E+16,4.79949E+16
84875,84876,9,5,63,0,2016,10,20,2,3,8,1,2,0,0,1,0,0,0,0,6.46034E+20,5.48184E+21,1.10157E+16,4.94716E+16
84876,84877,9,7,72,163,2016,10,14,6,3,2,6,0,0,0,1,0,0,0,1,6.38757E+20,5.34889E+21,1.08702E+16,4.8278E+16
84877,84878,9,1,75,132,2016,10,18,5,3,2,6,1,0,0,1,0,0,0,0,7.05114E+20,5.33582E+21,1.17574E+16,4.81425E+16
84878,84879,9,4,72,131,2016,10,15,3,2,8,1,0,0,0,1,0,0,0,0,6.74324E+20,5.53475E+21,1.14295E+16,4.99397E+16
84879,84880,9,7,80,119,2016,10,13,1,3,4,2,0,0,0,1,0,0,0,0,5.9751E+20,5.29538E+21,1.03023E+16,4.78044E+16
84880,84881,9,1,89,159,2016,10,15,1,3,2,6,0,0,0,0,0,1,0,0,7.61271E+20,5.30102E+21,1.24899E+16,4.78095E+16
84881,84882,9,7,75,135,2016,10,14,2,3,2,6,0,0,0,1,0,0,0,0,5.73453E+20,5.35898E+21,9.992E+15,4.83797E+16
84882,84883,9,7,61,0,2016,10,8,5,3,5,3,0,0,0,1,0,0,0,0,6.40355E+20,5.35558E+21,1.0894E+16,4.83378E+16
84883,84884,9,4,71,195,2016,10,13,4,3,2,6,0,0,0,1,0,1,0,0,6.41325E+20,5.52341E+21,1.09658E+16,4.98465E+16
84884,84885,9,1,80,134,2016,10,13,7,3,5,3,0,0,0,1,0,0,0,0,6.61333E+20,5.28691E+21,1.1151E+16,4.77154E+16
84885,84886,9,6,71,141,2016,10,12,7,3,8,7,0,0,0,1,0,0,0,0,5.22623E+20,5.53012E+21,9.31517E+15,4.9923E+16
84886,84887,9,1,72,111,2016,10,12,6,2,2,6,0,0,0,1,0,0,0,0,7.96331E+20,5.3045E+21,1.29595E+16,4.78255E+16
84887,84888,9,2,77,117,2016,10,16,4,3,2,2,0,0,0,1,0,0,1,0,7.9889E+20,5.3827E+21,1.30486E+16,4.85262E+16
84888,84889,9,1,73,126,2016,10,16,7,2,4,6,0,0,0,1,0,0,0,0,6.846E+20,5.30506E+21,1.14687E+16,4.78723E+16
84889,84890,9,2,71,125,2016,10,7,2,3,2,6,0,0,0,1,0,1,0,0,7.98286E+20,5.40714E+21,1.3058E+16,4.87457E+16
84890,84891,9,4,72,150,2016,10,3,6,3,8,1,2,0,0,1,0,0,0,0,6.79853E+20,5.54023E+21,1.1509E+16,4.99873E+16
84891,84892,9,1,84,147,2016,10,6,5,3,2,6,2,0,0,1,0,0,0,0,6.99176E+20,5.34157E+21,1.16804E+16,4.81961E+16
84892,84893,9,6,79,193,2016,10,10,5,2,1,6,0,0,0,0,0,0,1,1,5.75389E+20,5.51179E+21,1.00466E+16,4.97539E+16
84893,84894,9,1,72,118,2016,10,8,6,3,3,6,0,0,0,1,0,1,0,0,7.98071E+20,5.30629E+21,1.29839E+16,4.78408E+16
84894,84895,9,1,62,0,2016,10,8,5,2,2,6,0,0,0,1,0,0,0,1,6.96155E+20,5.34351E+21,1.16407E+16,4.82145E+16
84895,84896,9,5,75,146,2016,10,3,1,3,8,1,2,1,0,1,0,0,0,0,5.94472E+20,5.49071E+21,1.03064E+16,4.95616E+16
84896,84897,9,1,71,112,2016,10,4,1,3,0,1,2,0,0,0,0,0,1,0,7.84097E+20,5.34386E+21,1.28224E+16,4.81843E+16
84897,84898,9,7,75,135,2016,10,15,2,2,2,6,0,0,0,1,0,0,0,0,5.76634E+20,5.35981E+21,1.00351E+16,4.83868E+16
84898,84899,9,7,72,163,2016,10,17,4,3,0,6,0,0,0,1,0,0,0,0,6.39034E+20,5.34654E+21,1.08732E+16,4.82568E+16
84899,84900,9,6,63,0,2016,10,12,6,3,3,6,0,0,0,1,0,0,0,0,5.69575E+20,5.51742E+21,9.96691E+15,4.98052E+16
84900,84901,9,1,78,143,2016,10,11,5,3,0,7,0,1,0,0,0,1,0,0,7.16999E+20,5.37254E+21,1.19358E+16,4.84685E+16
84901,84902,9,1,63,0,2016,10,19,3,3,5,3,2,0,1,1,0,0,0,0,7.33677E+20,5.30353E+21,1.21232E+16,4.78426E+16
84902,84903,9,3,75,180,2016,10,9,3,3,0,1,0,1,0,0,0,1,0,0,7.23991E+20,5.43099E+21,1.20621E+16,4.89912E+16
84903,84904,9,1,79,118,2016,10,5,4,3,5,3,2,1,0,1,0,0,0,0,6.72662E+20,5.33806E+21,1.13225E+16,4.81723E+16
84904,84905,9,6,76,144,2016,10,22,4,3,1,7,2,1,0,1,0,0,1,0,5.08351E+20,5.52899E+21,9.11632E+15,4.99132E+16
84905,84906,9,1,90,157,2016,10,15,5,3,2,3,0,0,0,1,0,0,0,1,6.61424E+20,5.30269E+21,1.11581E+16,4.78573E+16
84906,84907,9,6,79,117,2016,10,6,5,3,6,4,2,1,0,1,1,0,0,0,5.76654E+20,5.52789E+21,1.00674E+16,4.98985E+16
84907,84908,9,1,62,0,2016,10,15,5,3,2,6,0,0,0,1,0,0,0,0,6.88099E+20,5.3316E+21,1.1527E+16,4.81099E+16
84908,84909,9,2,77,138,2016,10,16,6,3,4,7,0,0,0,1,0,0,0,0,7.90668E+20,5.37188E+21,1.29299E+16,4.84328E+16
84909,84910,9,5,72,135,2016,10,18,4,3,2,6,0,0,0,1,0,0,0,0,6.48753E+20,5.48853E+21,1.10558E+16,4.95311E+16
84910,84911,9,2,74,184,2016,10,8,5,3,0,6,0,1,0,1,0,1,0,0,7.48262E+20,5.37193E+21,1.23577E+16,4.84515E+16
84911,84912,9,1,62,0,2016,10,8,4,2,1,5,0,1,1,1,0,0,0,0,6.92192E+20,5.34294E+21,1.15871E+16,4.82106E+16
84912,84913,9,1,76,137,2016,10,3,4,2,2,6,2,1,0,1,0,0,1,0,6.72432E+20,5.43181E+21,1.13583E+16,4.90151E+16
84913,84914,9,3,75,199,2016,10,17,6,3,8,1,1,1,0,1,0,0,0,0,7.18885E+20,5.43276E+21,1.19933E+16,4.90089E+16
84914,84915,9,1,79,132,2016,10,8,5,3,5,3,0,0,0,1,0,0,0,0,6.61443E+20,5.33753E+21,1.11715E+16,4.81705E+16
84915,84916,9,1,86,137,2016,10,15,5,2,5,1,0,0,0,1,0,0,0,0,6.84592E+20,5.40039E+21,1.15102E+16,4.87292E+16
84916,84917,9,6,73,171,2016,10,17,5,3,8,1,0,0,0,1,0,0,0,0,5.86814E+20,5.56964E+21,1.02183E+16,5.02725E+16
84917,84918,9,5,71,114,2016,10,21,6,3,2,6,2,0,0,1,0,0,1,0,6.04654E+20,5.45674E+21,1.04382E+16,4.92545E+16
84918,84919,9,6,71,143,2016,10,18,5,3,2,6,1,1,0,1,0,0,0,0,5.13725E+20,5.5447E+21,9.19173E+15,5.00545E+16
84919,84920,9,1,71,127,2016,10,12,6,3,2,6,0,0,0,1,0,0,0,0,7.64208E+20,5.35609E+21,1.2563E+16,4.83028E+16
84920,84921,9,5,71,196,2016,10,6,5,3,8,1,2,1,0,0,0,1,0,0,6.18732E+20,5.46033E+21,1.06326E+16,4.92842E+16
84921,84922,9,5,64,0,2016,10,7,6,3,6,2,2,1,0,1,1,0,0,0,6.52395E+20,5.48117E+21,1.11032E+16,4.9464E+16
84922,84923,9,1,90,111,2016,10,15,6,2,8,1,0,1,0,1,0,0,0,0,6.3917E+20,5.29714E+21,1.0859E+16,4.78126E+16
84923,84924,9,5,64,0,2016,10,17,4,3,2,6,2,0,0,1,0,0,0,1,6.5174E+20,5.47341E+21,1.10912E+16,4.93944E+16
84924,84925,9,7,75,135,2016,10,13,4,3,3,6,0,0,0,1,0,0,1,0,5.73866E+20,5.35917E+21,9.99761E+15,4.83814E+16
84925,84926,9,5,64,0,2016,10,6,4,2,2,6,2,1,0,1,0,0,1,0,6.58098E+20,5.47331E+21,1.11787E+16,4.9392E+16
84926,84927,9,3,76,147,2016,10,9,6,3,4,2,0,1,0,1,0,0,0,1,7.46209E+20,5.47061E+21,1.23895E+16,4.93384E+16
84927,84928,9,5,71,199,2016,10,21,6,2,9,6,2,1,0,1,0,0,0,0,5.89631E+20,5.45073E+21,1.02304E+16,4.92028E+16
84928,84929,9,5,76,151,2016,10,18,4,3,2,6,0,0,0,1,0,0,0,0,6.544E+20,5.47085E+21,1.11268E+16,4.93708E+16
84929,84930,9,5,76,151,2016,10,17,5,3,2,2,1,1,0,1,0,0,0,0,6.53361E+20,5.46806E+21,1.11115E+16,4.9346E+16
84930,84931,9,1,76,124,2016,10,11,6,3,5,3,0,0,0,1,0,0,0,0,6.71368E+20,5.40993E+21,1.13346E+16,4.88187E+16
84931,84932,9,4,77,142,2016,10,6,5,3,5,2,2,1,0,1,0,0,1,0,6.78378E+20,5.54579E+21,1.14911E+16,5.00376E+16
84932,84933,9,5,65,0,2016,10,5,4,3,2,6,2,1,0,1,0,0,1,0,6.4584E+20,5.46383E+21,1.10065E+16,4.93098E+16
84933,84934,9,5,62,0,2016,10,10,6,3,2,6,0,0,0,1,0,0,0,0,6.44741E+20,5.49368E+21,1.10022E+16,4.95784E+16
84934,84935,9,5,72,126,2016,10,16,4,3,1,6,0,0,0,1,0,0,0,0,6.33916E+20,5.50684E+21,1.08571E+16,4.96992E+16
84935,84936,9,5,74,146,2016,10,12,4,3,1,6,0,0,0,1,0,0,0,0,6.69008E+20,5.48757E+21,1.1335E+16,4.95172E+16
84936,84937,9,6,73,117,2016,10,18,6,2,5,3,1,0,1,0,0,0,1,0,5.77185E+20,5.58326E+21,1.0086E+16,5.03963E+16
84937,84938,9,5,74,156,2016,10,7,4,3,2,6,1,1,0,1,0,0,0,0,6.60376E+20,5.48384E+21,1.12144E+16,4.9486E+16
84938,84939,9,1,79,126,2016,10,0,5,2,8,1,2,1,0,1,0,0,0,0,6.77041E+20,5.33982E+21,1.1382E+16,4.81869E+16
84939,84940,9,5,64,0,2016,10,8,4,3,2,6,0,1,0,1,0,1,0,0,6.4779E+20,5.47985E+21,1.10392E+16,4.94533E+16
84940,84941,9,5,64,0,2016,10,13,4,3,6,2,0,1,0,0,1,0,0,1,6.50799E+20,5.48172E+21,1.10814E+16,4.94694E+16
84941,84942,9,3,76,150,2016,10,14,5,3,8,1,0,1,0,1,0,0,0,0,7.29019E+20,5.49001E+21,1.21644E+16,4.95194E+16
84942,84943,9,5,73,114,2016,10,19,5,3,6,4,1,0,0,1,1,0,0,0,6.34757E+20,5.48063E+21,1.08597E+16,4.94634E+16
84943,84944,9,4,61,0,2016,10,11,5,3,4,2,0,1,0,1,0,0,1,1,6.334E+20,5.53086E+21,1.08582E+16,4.99152E+16
84944,84945,9,5,64,0,2016,10,9,4,2,2,6,0,1,0,1,0,0,0,0,6.47853E+20,5.47998E+21,1.10401E+16,4.94544E+16
84945,84946,9,1,62,0,2016,10,17,5,3,2,6,0,0,0,1,0,0,0,0,6.86872E+20,5.33122E+21,1.15104E+16,4.81068E+16
84946,84947,9,6,63,0,2016,10,19,5,3,2,6,2,1,0,1,0,0,0,0,5.64883E+20,5.51161E+21,9.90074E+15,4.97535E+16
84947,84948,9,1,75,118,2016,10,10,6,3,4,2,0,1,0,1,0,0,0,0,7.15242E+20,5.33873E+21,1.18949E+16,4.81654E+16
84948,84949,9,7,71,130,2016,10,20,5,3,5,3,2,0,1,0,0,0,0,1,6.49314E+20,5.35637E+21,1.10151E+16,4.83429E+16
84949,84950,9,5,64,0,2016,10,19,4,3,6,2,2,0,0,1,1,0,0,0,6.5222E+20,5.48129E+21,1.11009E+16,4.94652E+16
84950,84951,9,2,72,118,2016,10,22,5,3,8,1,2,1,0,1,0,0,0,0,8.33435E+20,5.41729E+21,1.35429E+16,4.8819E+16
84951,84952,9,7,64,0,2016,10,17,5,3,3,3,0,0,0,1,0,0,0,0,5.88472E+20,5.31271E+21,1.01851E+16,4.79616E+16
84952,84953,9,5,64,0,2016,10,16,4,3,0,2,0,1,1,1,0,0,0,0,6.45353E+20,5.47819E+21,1.1005E+16,4.9439E+16
84953,84954,9,2,71,148,2016,10,13,5,3,1,6,0,0,0,1,0,0,1,0,7.97155E+20,5.41713E+21,1.30499E+16,4.8836E+16
84954,84955,9,5,71,145,2016,10,19,5,3,6,2,2,1,0,1,1,0,0,0,5.96762E+20,5.44647E+21,1.03273E+16,4.91634E+16
84955,84956,9,3,75,170,2016,10,13,5,1,5,3,0,0,0,1,0,1,0,0,7.37079E+20,5.43154E+21,1.2241E+16,4.89912E+16
84956,84957,9,7,71,144,2016,10,16,3,2,4,2,0,0,0,1,0,0,0,1,6.60563E+20,5.37247E+21,1.11729E+16,4.84848E+16
84957,84958,9,4,62,0,2016,10,7,6,3,0,3,1,1,0,1,0,1,0,0,6.86826E+20,5.53386E+21,1.16031E+16,4.99279E+16
84958,84959,9,1,90,159,2016,10,14,5,2,6,4,0,0,0,1,1,0,0,0,6.62061E+20,5.30608E+21,1.11679E+16,4.78876E+16
84959,84960,9,6,63,0,2016,10,16,5,2,6,4,0,1,0,1,1,0,0,0,5.67767E+20,5.51322E+21,9.94106E+15,4.97676E+16
84960,84961,9,5,64,0,2016,10,16,6,3,2,6,0,1,0,1,0,0,1,0,6.47888E+20,5.47955E+21,1.10405E+16,4.94506E+16
84961,84962,9,1,62,0,2016,10,8,5,3,3,6,0,0,0,1,0,0,0,0,6.84683E+20,5.33206E+21,1.14814E+16,4.8115E+16
84962,84963,9,2,74,126,2016,10,14,6,3,2,1,0,0,0,1,0,1,0,0,7.32973E+20,5.38324E+21,1.21576E+16,4.85589E+16
84963,84964,9,5,75,145,2016,10,13,4,3,4,6,0,0,0,1,0,0,1,0,6.21132E+20,5.48266E+21,1.06724E+16,4.94845E+16
84964,84965,9,2,74,146,2016,10,9,5,3,1,6,0,0,0,1,0,0,0,0,7.33356E+20,5.37354E+21,1.21574E+16,4.84716E+16
84965,84966,9,7,74,143,2016,10,14,4,3,6,2,0,0,0,1,1,0,0,0,5.97197E+20,5.35877E+21,1.03125E+16,4.83746E+16
84966,84967,9,4,79,158,2016,10,1,4,3,5,3,2,1,0,1,0,0,0,0,7.21933E+20,5.55158E+21,1.21018E+16,5.0075E+16
84967,84968,9,3,72,161,2016,10,10,6,3,9,1,0,1,0,1,0,0,0,0,7.596E+20,5.46134E+21,1.25674E+16,4.92497E+16
84968,84969,9,1,79,121,2016,10,14,5,3,0,7,0,1,1,0,0,0,0,0,6.68E+20,5.3384E+21,1.12599E+16,4.81766E+16
84969,84970,9,7,63,0,2016,10,3,4,3,8,1,2,1,0,1,0,0,0,0,5.99139E+20,5.28759E+21,1.03223E+16,4.77341E+16
84970,84971,9,4,79,158,2016,10,7,4,3,5,3,2,1,0,1,0,0,0,0,7.2207E+20,5.5516E+21,1.21037E+16,5.00751E+16
84971,84972,9,3,74,139,2016,10,5,6,3,0,6,2,1,0,1,0,0,0,0,7.2729E+20,5.5144E+21,1.21547E+16,4.97391E+16
84972,84973,9,1,74,115,2016,10,4,5,1,8,1,2,1,0,1,0,0,0,0,6.80861E+20,5.34485E+21,1.14355E+16,4.82311E+16
84973,84974,9,1,72,117,2016,10,6,5,3,2,6,2,1,0,1,0,0,0,0,7.97022E+20,5.28101E+21,1.29527E+16,4.76144E+16
84974,84975,9,6,75,165,2016,10,14,5,3,5,3,0,1,0,1,0,0,0,0,5.88552E+20,5.51708E+21,1.02305E+16,4.97996E+16
84975,84976,9,5,64,0,2016,10,12,6,3,6,7,0,0,0,1,1,0,0,0,6.45419E+20,5.47833E+21,1.1006E+16,4.94402E+16
84976,84977,9,1,73,112,2016,10,18,6,3,5,3,1,1,0,1,0,0,0,0,6.9358E+20,5.29296E+21,1.15832E+16,4.7761E+16
84977,84978,9,4,64,0,2016,10,7,4,3,2,6,2,1,0,1,0,0,1,0,7.06779E+20,5.57795E+21,1.19047E+16,5.03173E+16
84978,84979,9,7,80,119,2016,10,10,4,2,5,3,0,0,0,1,0,0,0,0,5.97511E+20,5.29538E+21,1.03023E+16,4.78044E+16
84979,84980,9,4,63,0,2016,10,13,4,3,1,6,0,1,0,1,0,0,0,0,6.38562E+20,5.56983E+21,1.09442E+16,5.02643E+16
84980,84981,9,1,79,125,2016,10,18,5,3,8,1,2,0,0,1,0,0,0,0,6.63164E+20,5.33136E+21,1.11922E+16,4.81146E+16
84981,84982,9,4,77,138,2016,10,14,4,3,8,1,0,1,0,1,0,0,0,0,6.90683E+20,5.56229E+21,1.1671E+16,5.01821E+16
84982,84983,9,3,76,149,2016,10,22,6,3,2,7,2,0,0,1,0,0,0,0,7.40466E+20,5.45429E+21,1.23008E+16,4.91942E+16
84983,84984,9,4,72,175,2016,10,21,6,2,8,1,2,1,0,1,0,0,0,0,6.79679E+20,5.51856E+21,1.14965E+16,4.97926E+16
84984,84985,9,4,72,167,2016,10,21,4,2,5,3,2,1,0,1,0,0,0,0,6.70315E+20,5.53108E+21,1.13721E+16,4.99079E+16
84985,84986,9,5,76,127,2016,10,19,5,2,5,5,2,1,1,1,0,0,0,0,6.59381E+20,5.45054E+21,1.11873E+16,4.91869E+16
84986,84987,9,1,76,120,2016,10,17,5,1,8,1,0,1,0,1,0,0,0,0,6.80955E+20,5.41932E+21,1.14692E+16,4.89004E+16
84987,84988,9,6,72,112,2016,10,17,5,2,2,2,0,1,0,1,0,0,0,0,5.75402E+20,5.56977E+21,1.00582E+16,5.02753E+16
84988,84989,9,5,71,136,2016,10,9,6,3,1,7,0,0,0,0,0,0,1,0,5.896E+20,5.44033E+21,1.02277E+16,4.91093E+16
84989,84990,9,5,64,0,2016,10,6,5,3,2,6,2,0,0,1,0,0,0,0,6.52029E+20,5.47345E+21,1.10952E+16,4.93947E+16