FID,OBJECTID,ULAND,UREGBEZ,UKREIS,UGEMEINDE,UJAHR,UMONAT,USTUNDE,UWOCHENTAG,UKATEGORIE,UART,UTYP1,ULICHTVERH,IstStrasse,IstRad,IstPKW,IstFuss,IstKrad,IstGkfz,IstSonstig,LINREFX,LINREFY,XGCSWGS84,YGCSWGS84
85168,85169,9,2,75,116,2016,10,16,5,2,2,6,0,0,0,1,0,0,1,0,8.20441E+20,5.36252E+21,1.33242E+16,4.83345E+16
85169,85170,9,6,76,144,2016,10,20,4,2,2,6,2,1,0,1,0,0,0,0,5.09441E+20,5.52686E+21,9.13144E+15,4.98941E+16
85170,85171,9,4,74,126,2016,10,8,6,3,2,2,0,0,0,1,0,0,0,0,6.48963E+20,5.50721E+21,1.10657E+16,4.96989E+16
85171,85172,9,1,62,0,2016,10,6,4,3,2,6,2,0,0,1,0,0,0,0,6.84635E+20,5.34258E+21,1.14853E+16,4.82096E+16
85172,85173,9,1,83,129,2016,10,14,5,3,8,1,0,0,0,1,0,0,0,0,7.62832E+20,5.3663E+21,1.25509E+16,4.8395E+16
85173,85174,9,6,77,125,2016,10,17,5,3,9,1,1,1,0,1,0,0,0,0,5.46214E+20,5.51738E+21,9.64228E+15,4.98071E+16
85174,85175,9,1,77,126,2016,10,13,1,3,4,6,0,0,0,1,0,0,0,0,7.17155E+20,5.36737E+21,1.19353E+16,4.8422E+16
85175,85176,9,3,72,116,2016,10,15,2,3,2,6,0,0,0,1,0,0,0,0,7.67676E+20,5.4544E+21,1.26736E+16,4.91839E+16
85176,85177,9,1,62,0,2016,10,0,1,3,2,6,2,0,0,1,0,0,0,0,6.96007E+20,5.33381E+21,1.16342E+16,4.81274E+16
85177,85178,9,6,63,0,2016,10,14,2,2,3,1,0,1,0,1,0,0,0,0,5.64861E+20,5.51704E+21,9.90134E+15,4.98023E+16
85178,85179,9,4,74,154,2016,10,7,3,3,5,3,2,1,0,1,0,0,0,0,6.54474E+20,5.49675E+21,1.1138E+16,4.96036E+16
85179,85180,9,1,62,0,2016,10,14,7,3,1,7,0,0,1,1,0,0,0,0,6.93472E+20,5.33941E+21,1.16027E+16,4.81784E+16
85180,85181,9,5,71,114,2016,10,22,2,3,2,6,2,1,0,0,0,0,1,0,5.97738E+20,5.45509E+21,1.03428E+16,4.92408E+16
85181,85182,9,2,77,138,2016,10,0,1,3,4,6,2,1,0,1,0,0,0,0,7.93837E+20,5.37123E+21,1.29722E+16,4.84256E+16
85182,85183,9,2,71,125,2016,10,16,3,3,5,3,0,0,0,1,0,0,0,0,7.97198E+20,5.40992E+21,1.30452E+16,4.87712E+16
85183,85184,9,1,72,131,2016,10,3,2,3,8,1,2,1,0,1,0,0,0,0,7.85295E+20,5.28887E+21,1.28021E+16,4.76902E+16
85184,85185,9,6,71,136,2016,10,6,3,3,1,6,2,1,0,1,0,0,0,0,5.03968E+20,5.53961E+21,9.05538E+15,5.00088E+16
85185,85186,9,1,62,0,2016,10,12,7,3,2,6,0,0,0,1,0,0,0,0,6.94354E+20,5.33181E+21,1.16111E+16,4.81099E+16
85186,85187,9,4,72,118,2016,10,4,2,3,2,1,2,1,0,1,0,0,0,0,6.75977E+20,5.50242E+21,1.14379E+16,4.96486E+16
85187,85188,9,7,76,126,2016,10,8,6,3,9,1,1,1,0,1,0,0,0,0,5.55282E+20,5.26908E+21,9.73504E+15,4.75728E+16
85188,85189,9,1,90,141,2016,10,6,2,2,2,2,2,0,0,0,0,1,0,1,6.77001E+20,5.2928E+21,1.13621E+16,4.77642E+16
85189,85190,9,7,75,135,2016,10,19,1,3,3,1,2,1,0,1,0,0,0,1,5.73545E+20,5.35895E+21,9.99322E+15,4.83794E+16
85190,85191,9,1,87,130,2016,10,19,3,3,0,1,2,1,0,1,0,0,0,0,7.13172E+20,5.31301E+21,1.18542E+16,4.79349E+16
85191,85192,9,1,77,133,2016,10,6,3,3,1,6,2,1,0,1,0,0,0,0,7.09833E+20,5.35985E+21,1.18327E+16,4.83569E+16
85192,85193,9,1,71,119,2016,10,11,3,2,4,6,0,1,0,1,0,0,0,0,7.74359E+20,5.33878E+21,1.26884E+16,4.8143E+16
85193,85194,9,3,72,116,2016,10,20,3,3,2,6,2,0,0,1,0,0,0,0,7.66468E+20,5.456E+21,1.26581E+16,4.91988E+16
85194,85195,9,1,84,138,2016,10,11,7,3,2,6,0,0,0,1,0,0,0,1,6.80488E+20,5.3311E+21,1.14247E+16,4.81076E+16
85195,85196,9,1,83,113,2016,10,23,1,3,8,7,2,0,0,1,0,0,0,0,7.5093E+20,5.34598E+21,1.23783E+16,4.82173E+16
85196,85197,9,2,72,118,2016,10,18,3,3,5,2,2,0,0,1,0,0,0,0,8.32392E+20,5.41617E+21,1.35278E+16,4.88095E+16
85197,85198,9,1,87,168,2016,10,19,2,3,2,6,2,0,0,1,0,0,0,0,7.5165E+20,5.31081E+21,1.23673E+16,4.79012E+16
85198,85199,9,5,74,138,2016,10,11,3,2,9,6,0,1,0,1,0,0,0,0,6.64037E+20,5.48543E+21,1.12655E+16,4.94993E+16
85199,85200,9,7,74,135,2016,10,14,7,2,3,6,0,0,0,1,0,0,0,1,5.96002E+20,5.36528E+21,1.02979E+16,4.84333E+16
85200,85201,9,3,77,157,2016,10,17,2,3,8,1,1,1,0,1,0,0,0,0,7.24892E+20,5.54094E+21,1.21369E+16,4.99783E+16
85201,85202,9,1,85,149,2016,10,7,3,2,2,6,1,1,0,1,0,0,0,0,6.58681E+20,5.39963E+21,1.11579E+16,4.87295E+16
85202,85203,9,7,74,135,2016,10,15,7,3,1,6,0,0,0,1,0,0,0,0,5.94478E+20,5.3682E+21,1.0278E+16,4.84598E+16
85203,85204,9,4,74,126,2016,10,21,1,3,5,2,2,0,1,1,0,0,0,0,6.48352E+20,5.51013E+21,1.10584E+16,4.97254E+16
85204,85205,9,7,75,139,2016,10,8,2,3,2,6,0,0,0,1,0,0,0,1,5.79494E+20,5.36759E+21,1.00752E+16,4.84565E+16
85205,85206,9,7,77,141,2016,10,10,7,3,8,1,0,0,0,1,0,0,0,0,6.30675E+20,5.30801E+21,1.07488E+16,4.79121E+16
85206,85207,9,1,81,122,2016,10,10,1,3,2,6,0,0,0,1,0,0,0,0,6.51034E+20,5.33158E+21,1.10294E+16,4.81195E+16
85207,85208,9,1,83,148,2016,10,15,3,3,5,3,0,1,0,1,0,0,0,0,7.53953E+20,5.34552E+21,1.24187E+16,4.8212E+16
85208,85209,9,7,73,125,2016,10,18,7,3,0,1,2,0,0,0,0,1,0,0,6.11242E+20,5.38029E+21,1.05078E+16,4.85659E+16
85209,85210,9,7,72,160,2016,10,8,7,3,8,1,0,0,0,0,0,0,0,1,6.37884E+20,5.34069E+21,1.08558E+16,4.82044E+16
85210,85211,9,1,79,123,2016,10,14,1,2,3,3,0,0,0,1,0,0,0,0,6.76082E+20,5.33492E+21,1.13671E+16,4.81432E+16
85211,85212,9,1,90,111,2016,10,11,3,3,0,6,0,1,0,0,0,1,0,1,6.40723E+20,5.2987E+21,1.08802E+16,4.78262E+16
85212,85213,9,4,71,220,2016,10,17,7,2,2,6,0,1,0,1,0,0,0,0,6.16379E+20,5.51229E+21,1.06156E+16,4.97519E+16
85213,85214,9,5,77,177,2016,10,11,3,2,6,4,0,0,0,1,1,0,0,0,6.44696E+20,5.4325E+21,1.09795E+16,4.90284E+16
85214,85215,9,1,83,115,2016,10,6,2,3,3,6,2,1,0,1,0,0,0,0,7.54803E+20,5.3671E+21,1.24431E+16,4.84055E+16
85215,85216,9,6,79,180,2016,10,16,7,3,4,1,0,1,0,1,0,0,0,0,5.69653E+20,5.52984E+21,9.97023E+15,4.99169E+16
85216,85217,9,6,79,176,2016,10,8,7,3,9,1,0,1,0,1,0,0,0,0,5.67362E+20,5.50835E+21,9.93459E+15,4.97239E+16
85217,85218,9,6,76,139,2016,10,16,2,3,2,6,1,1,0,1,0,0,0,0,5.18527E+20,5.50652E+21,9.25698E+15,4.97109E+16
85218,85219,9,3,74,166,2016,10,15,1,3,8,1,0,1,0,1,0,0,0,0,7.11373E+20,5.50384E+21,1.19284E+16,4.96501E+16
85219,85220,9,7,80,128,2016,10,7,2,3,2,7,0,1,0,1,0,1,0,0,6.10329E+20,5.27706E+21,1.04688E+16,4.76376E+16
85220,85221,9,6,72,135,2016,10,14,7,3,8,1,0,1,0,1,0,0,0,0,5.84602E+20,5.56599E+21,1.01864E+16,5.024E+16
85221,85222,9,3,73,147,2016,10,13,2,3,5,3,0,0,0,1,0,1,0,0,6.77997E+20,5.46081E+21,1.14471E+16,4.92742E+16
85222,85223,9,7,75,135,2016,10,15,1,3,5,3,0,1,0,1,0,0,0,0,5.79303E+20,5.35699E+21,1.00706E+16,4.83611E+16
85223,85224,9,6,79,154,2016,10,15,2,3,9,1,0,1,0,1,0,0,0,0,5.6384E+20,5.50953E+21,9.88593E+15,4.97349E+16
85224,85225,9,6,76,160,2016,10,16,2,3,9,1,0,1,0,1,0,0,0,0,5.12781E+20,5.52902E+21,9.17802E+15,4.99134E+16
85225,85226,9,4,62,0,2016,10,10,3,3,1,6,0,1,0,1,0,0,0,0,6.84553E+20,5.53519E+21,1.15721E+16,4.99405E+16
85226,85227,9,6,72,114,2016,10,14,7,3,9,1,0,1,0,1,0,0,0,0,5.78399E+20,5.55666E+21,1.00975E+16,5.0157E+16
85227,85228,9,5,64,0,2016,10,16,2,3,5,3,0,0,1,1,0,0,0,0,6.49264E+20,5.47868E+21,1.10591E+16,4.94424E+16
85228,85229,9,2,71,148,2016,10,12,1,3,9,1,0,0,0,0,0,1,0,0,7.98276E+20,5.41927E+21,1.30666E+16,4.88546E+16
85229,85230,9,2,76,144,2016,10,7,3,3,2,6,0,1,0,1,0,0,0,0,7.85394E+20,5.44151E+21,1.2907E+16,4.90602E+16
85230,85231,9,6,77,148,2016,10,16,2,3,8,1,0,1,0,1,0,0,0,0,5.53122E+20,5.53371E+21,9.74052E+15,4.99534E+16
85231,85232,9,6,71,160,2016,10,22,7,3,4,1,2,1,0,1,0,0,0,0,5.23853E+20,5.52309E+21,9.33187E+15,4.98597E+16
85232,85233,9,5,74,155,2016,10,6,2,2,2,6,2,1,0,1,0,0,0,0,6.66654E+20,5.4933E+21,1.1305E+16,4.95693E+16
85233,85234,9,3,71,154,2016,10,4,1,3,8,1,2,0,0,1,0,0,0,0,7.00594E+20,5.47219E+21,1.17632E+16,4.93693E+16
85234,85235,9,7,72,223,2016,10,9,2,2,2,6,0,0,0,1,0,0,1,0,6.15113E+20,5.36211E+21,1.05553E+16,4.84016E+16
85235,85236,9,6,76,134,2016,10,5,7,3,9,1,2,1,0,1,0,0,0,0,5.14626E+20,5.51448E+21,9.20316E+15,4.97826E+16
85236,85237,9,5,61,0,2016,10,15,2,3,8,1,0,1,0,1,0,0,0,0,6.16532E+20,5.46323E+21,1.06032E+16,4.93107E+16
85237,85238,9,3,71,141,2016,10,10,2,3,0,1,0,1,0,1,0,0,0,0,6.92431E+20,5.48986E+21,1.16594E+16,4.95308E+16
85238,85239,9,7,64,0,2016,10,16,1,3,8,7,1,1,0,1,0,0,0,0,5.91406E+20,5.32099E+21,1.02262E+16,4.80357E+16
85239,85240,9,1,89,154,2016,10,18,3,3,6,4,2,1,0,0,1,0,0,1,7.67989E+20,5.31877E+21,1.25905E+16,4.79661E+16
85240,85241,9,6,77,155,2016,10,17,2,1,4,1,1,1,0,1,0,0,0,0,5.39171E+20,5.541E+21,9.54679E+15,5.00201E+16
85241,85242,9,3,74,111,2016,10,20,3,2,4,3,2,0,0,1,0,1,0,0,7.27494E+20,5.51167E+21,1.21559E+16,4.97145E+16
85242,85243,9,6,76,145,2016,10,12,7,3,9,1,0,1,0,1,0,0,0,0,5.10799E+20,5.52099E+21,9.15019E+15,4.98413E+16
85243,85244,9,5,77,173,2016,10,6,2,3,5,1,1,1,0,1,0,0,0,0,6.40994E+20,5.42235E+21,1.09253E+16,4.8938E+16
85244,85245,9,2,73,166,2016,10,11,1,3,2,6,0,0,0,1,0,0,0,1,7.157E+20,5.41865E+21,1.19423E+16,4.88833E+16
85245,85246,9,2,75,151,2016,10,19,3,3,1,6,2,0,0,1,0,0,0,0,8.25082E+20,5.39698E+21,1.34135E+16,4.86413E+16
85246,85247,9,1,86,152,2016,10,8,2,3,2,6,0,0,0,1,0,0,1,0,6.90992E+20,5.38141E+21,1.15884E+16,4.85566E+16
85247,85248,9,5,72,135,2016,10,6,3,3,8,1,2,0,0,1,0,0,0,0,6.34553E+20,5.51219E+21,1.08678E+16,4.97471E+16
85248,85249,9,6,76,160,2016,10,16,7,3,8,1,0,1,0,1,0,0,0,0,5.12681E+20,5.529E+21,9.17662E+15,4.99133E+16
85249,85250,9,4,77,128,2016,10,18,2,3,5,3,2,1,0,1,0,0,0,0,6.74955E+20,5.55275E+21,1.14465E+16,5.01012E+16
85250,85251,9,7,61,0,2016,10,21,6,3,2,6,2,0,0,1,0,0,1,1,6.39805E+20,5.35297E+21,1.08857E+16,4.83145E+16
85251,85252,9,1,61,0,2016,10,17,2,2,5,3,2,0,0,1,0,1,0,0,6.80211E+20,5.40671E+21,1.14535E+16,4.87872E+16
85252,85253,9,6,61,0,2016,10,21,7,3,5,3,2,0,1,1,0,0,0,0,5.11266E+20,5.53563E+21,9.15711E+15,4.99729E+16
85253,85254,9,4,73,121,2016,10,13,2,3,3,6,0,1,0,1,0,0,1,0,6.46247E+20,5.56561E+21,1.10503E+16,5.02245E+16
85254,85255,9,7,71,130,2016,10,8,6,3,0,1,0,1,0,0,0,1,0,0,6.46925E+20,5.36281E+21,1.09851E+16,4.84013E+16
85255,85256,9,2,77,111,2016,10,12,2,3,8,1,0,0,0,1,0,0,0,0,7.84523E+20,5.39004E+21,1.28594E+16,4.85987E+16
85256,85257,9,7,74,135,2016,10,0,1,2,5,3,2,0,0,1,0,0,0,0,5.95474E+20,5.36752E+21,1.02913E+16,4.84536E+16
85257,85258,9,1,87,169,2016,10,16,3,3,2,6,1,1,0,1,0,0,0,0,7.36486E+20,5.29939E+21,1.21585E+16,4.78044E+16
85258,85259,9,3,71,151,2016,10,7,3,3,2,2,0,1,0,1,0,1,0,1,6.9871E+20,5.4839E+21,1.17431E+16,4.94752E+16
85259,85260,9,6,71,111,2016,10,10,7,3,4,1,0,1,0,1,0,0,0,0,5.07312E+20,5.54991E+21,9.10224E+15,5.01014E+16
85260,85261,9,1,76,167,2016,10,19,1,2,0,1,2,0,0,0,0,1,0,0,6.77677E+20,5.41007E+21,1.14205E+16,4.88182E+16
85261,85262,9,2,74,153,2016,10,5,3,2,6,4,2,1,0,0,1,0,1,0,7.34545E+20,5.4029E+21,1.219E+16,4.87349E+16
85262,85263,9,1,86,152,2016,10,7,2,3,2,6,0,0,0,1,0,0,0,0,6.9278E+20,5.37275E+21,1.16087E+16,4.84783E+16
85263,85264,9,5,76,127,2016,10,12,7,3,5,2,0,1,0,1,0,0,0,0,6.59539E+20,5.45033E+21,1.11894E+16,4.9185E+16
85264,85265,9,5,64,0,2016,10,17,3,3,5,2,2,0,1,1,0,0,0,0,6.48969E+20,5.47896E+21,1.10551E+16,4.9445E+16
85265,85266,9,1,72,118,2016,10,14,2,3,0,7,0,0,1,0,0,0,0,0,7.97205E+20,5.30648E+21,1.29725E+16,4.78429E+16
85266,85267,9,5,76,117,2016,10,22,7,2,4,1,2,1,0,1,0,0,0,1,6.45968E+20,5.45706E+21,1.10057E+16,4.92489E+16
85267,85268,9,3,77,129,2016,10,7,2,3,2,2,1,1,0,1,0,0,0,0,7.06673E+20,5.52766E+21,1.1876E+16,4.98657E+16
85268,85269,9,1,62,0,2016,10,18,3,3,3,6,2,1,0,1,0,0,1,0,6.86805E+20,5.33325E+21,1.15104E+16,4.81251E+16
85269,85270,9,5,76,147,2016,10,14,7,3,0,1,0,1,0,0,0,1,0,0,6.39713E+20,5.44733E+21,1.09165E+16,4.91629E+16
85270,85271,9,4,74,176,2016,10,15,1,2,5,3,0,0,0,1,0,1,0,0,6.61698E+20,5.5255E+21,1.12498E+16,4.986E+16
85271,85272,9,1,73,118,2016,10,18,2,1,4,1,2,0,0,1,0,1,0,0,6.87834E+20,5.30561E+21,1.15121E+16,4.78764E+16
85272,85273,9,7,80,122,2016,10,15,1,3,5,3,0,1,1,1,0,0,0,0,6.00641E+20,5.29607E+21,1.03442E+16,4.78101E+16
85273,85274,9,1,61,0,2016,10,12,3,3,9,1,0,0,0,1,0,0,0,0,6.76839E+20,5.4095E+21,1.14088E+16,4.88133E+16
85274,85275,9,1,62,0,2016,10,8,2,3,0,1,0,0,1,0,0,0,0,0,6.83832E+20,5.33202E+21,1.147E+16,4.81149E+16
85275,85276,9,5,74,147,2016,10,10,7,2,9,1,0,1,0,1,0,0,0,0,6.82516E+20,5.48616E+21,1.15208E+16,4.95006E+16
85276,85277,9,1,74,147,2016,10,11,1,3,9,1,0,0,0,1,0,0,0,0,6.72358E+20,5.36809E+21,1.13306E+16,4.84423E+16
85277,85278,9,1,80,117,2016,10,8,3,2,5,3,0,1,1,1,0,0,0,0,6.58449E+20,5.26236E+21,1.11037E+16,4.74954E+16
85278,85279,9,5,74,117,2016,10,14,7,2,5,3,0,1,0,1,0,0,0,0,6.68255E+20,5.46718E+21,1.1316E+16,4.93341E+16
85279,85280,9,5,61,0,2016,10,5,3,3,3,2,2,0,1,1,0,0,0,0,6.14682E+20,5.46233E+21,1.05775E+16,4.9303E+16
85280,85281,9,5,64,0,2016,10,16,7,2,4,6,0,1,0,1,0,0,0,0,6.55408E+20,5.48222E+21,1.11452E+16,4.94727E+16
85281,85282,9,5,72,135,2016,10,15,2,3,3,6,0,1,0,1,0,0,1,0,6.47687E+20,5.48896E+21,1.10412E+16,4.95352E+16
85282,85283,9,3,76,161,2016,10,12,1,2,0,1,0,0,1,0,0,0,0,0,7.254E+20,5.46284E+21,1.20991E+16,4.92767E+16
85283,85284,9,7,77,140,2016,10,7,2,3,0,1,1,1,0,0,0,1,0,0,6.29298E+20,5.31737E+21,1.07332E+16,4.79966E+16
85284,85285,9,5,73,114,2016,10,12,7,3,6,4,0,1,0,1,1,0,0,0,6.31985E+20,5.47815E+21,1.08207E+16,4.94417E+16
85285,85286,9,7,63,0,2016,10,5,2,2,6,2,2,0,0,1,1,0,0,0,5.99333E+20,5.28744E+21,1.03248E+16,4.77327E+16
85286,85287,9,5,71,136,2016,10,12,7,3,2,6,0,1,0,1,0,0,0,0,5.97013E+20,5.43587E+21,1.03282E+16,4.90681E+16
85287,85288,9,1,89,154,2016,10,13,3,3,6,4,0,0,0,1,1,0,0,0,7.68255E+20,5.31821E+21,1.25937E+16,4.79609E+16
85288,85289,9,4,72,119,2016,10,10,7,2,8,1,0,1,0,1,0,0,0,0,6.87056E+20,5.54261E+21,1.16106E+16,5.00064E+16
85289,85290,9,7,71,130,2016,10,13,2,3,8,1,0,1,0,1,0,0,0,0,6.4995E+20,5.3579E+21,1.10242E+16,4.83565E+16
85290,85291,9,6,78,192,2016,10,6,2,3,0,6,2,1,0,0,0,1,0,1,5.74862E+20,5.54642E+21,1.0046E+16,5.00653E+16
85291,85292,9,4,78,176,2016,10,17,3,2,2,6,1,0,0,1,0,0,0,0,6.63714E+20,5.5507E+21,1.12886E+16,5.0086E+16
85292,85293,9,4,72,175,2016,10,12,7,2,8,1,0,1,0,1,0,0,1,0,6.78694E+20,5.51026E+21,1.14791E+16,4.97183E+16
85293,85294,9,5,63,0,2016,10,7,2,3,6,4,2,1,0,1,1,0,0,0,6.41678E+20,5.48319E+21,1.09561E+16,4.94848E+16
85294,85295,9,2,76,139,2016,10,18,1,3,8,1,2,0,0,0,0,1,0,0,8.0481E+20,5.42982E+21,1.31633E+16,4.89461E+16
85295,85296,9,1,76,137,2016,10,13,2,3,4,6,0,0,0,0,0,0,1,1,6.7508E+20,5.43051E+21,1.13939E+16,4.90026E+16
85296,85297,9,4,62,0,2016,10,11,7,2,5,3,0,0,0,1,0,0,0,1,6.86393E+20,5.53386E+21,1.15971E+16,4.99281E+16
85297,85298,9,4,75,169,2016,10,15,2,3,8,1,0,1,0,1,0,0,0,0,6.86737E+20,5.57641E+21,1.16227E+16,5.03102E+16
85298,85299,9,7,72,147,2016,10,15,6,3,0,3,0,0,1,0,0,0,0,0,6.37452E+20,5.3649E+21,1.08579E+16,4.84223E+16
85299,85300,9,2,63,0,2016,10,13,2,3,4,2,0,0,1,1,0,0,0,0,7.66139E+20,5.42086E+21,1.26305E+16,4.88835E+16
85300,85301,9,7,80,132,2016,10,17,1,3,9,1,1,1,0,1,0,0,0,0,5.74418E+20,5.26752E+21,9.98919E+15,4.75568E+16
85301,85302,9,1,72,122,2016,10,7,3,3,5,3,1,0,1,1,0,0,0,0,7.92451E+20,5.31702E+21,1.29162E+16,4.79397E+16
85302,85303,9,3,72,116,2016,10,17,2,3,4,6,0,0,0,0,0,1,1,0,7.69648E+20,5.4579E+21,1.27029E+16,4.92145E+16
85303,85304,9,7,72,149,2016,10,14,1,3,5,3,0,0,0,1,0,0,0,0,6.37746E+20,5.34031E+21,1.08538E+16,4.82011E+16
85304,85305,9,6,79,209,2016,10,14,2,3,9,1,0,1,0,1,0,0,0,0,5.62517E+20,5.51576E+21,9.86857E+15,4.97911E+16
85305,85306,9,4,74,146,2016,10,8,3,3,4,6,0,0,1,0,1,0,0,0,6.48838E+20,5.50235E+21,1.10622E+16,4.96554E+16
85306,85307,9,4,72,119,2016,10,12,7,2,9,7,0,0,0,0,0,0,0,1,6.86667E+20,5.54352E+21,1.16056E+16,5.00148E+16
85307,85308,9,5,63,0,2016,10,22,2,3,0,7,2,1,0,0,0,1,0,0,6.43608E+20,5.48268E+21,1.09826E+16,4.94797E+16
85308,85309,9,2,75,159,2016,10,18,1,3,3,6,1,0,0,1,0,0,0,0,8.1255E+20,5.39998E+21,1.32461E+16,4.86745E+16
85309,85310,9,2,71,141,2016,10,17,3,3,0,1,0,1,1,0,0,0,0,0,7.95804E+20,5.4013E+21,1.30201E+16,4.86945E+16
85310,85311,9,1,88,144,2016,10,7,2,3,2,6,1,0,0,1,0,0,0,0,6.67103E+20,5.32907E+21,1.12442E+16,4.8093E+16
85311,85312,9,6,61,0,2016,10,17,3,3,2,2,0,0,0,1,0,0,0,0,5.10079E+20,5.53717E+21,9.1406E+15,4.99868E+16
85312,85313,9,4,74,161,2016,10,16,7,2,8,1,0,0,1,0,0,0,0,0,6.58375E+20,5.51212E+21,1.11982E+16,4.97407E+16
85313,85314,9,4,72,146,2016,10,10,2,2,2,1,0,1,0,0,0,0,1,0,6.82386E+20,5.52765E+21,1.15384E+16,4.98735E+16
85314,85315,9,7,71,145,2016,10,16,6,3,4,7,0,0,0,1,0,0,0,0,6.51428E+20,5.34423E+21,1.10392E+16,4.82332E+16
85315,85316,9,1,90,120,2016,10,17,2,2,9,1,0,1,0,1,0,0,0,0,6.67032E+20,5.29554E+21,1.12303E+16,4.77916E+16
85316,85317,9,6,79,130,2016,10,15,1,3,8,7,0,1,0,1,0,0,0,0,5.71286E+20,5.52028E+21,9.99121E+15,4.98307E+16
85317,85318,9,1,63,0,2016,10,18,3,3,2,6,2,1,0,1,0,0,0,0,7.32575E+20,5.30603E+21,1.21099E+16,4.78655E+16
85318,85319,9,1,81,123,2016,10,7,3,3,2,6,0,1,0,1,0,0,0,1,6.5568E+20,5.32666E+21,1.109E+16,4.80742E+16
85319,85320,9,3,75,117,2016,10,10,7,3,5,3,0,1,0,1,0,0,0,0,7.35923E+20,5.43297E+21,1.22261E+16,4.90045E+16
85320,85321,9,2,73,152,2016,10,8,3,3,0,7,0,0,1,0,0,0,0,0,6.98748E+20,5.40507E+21,1.17048E+16,4.87669E+16
85321,85322,9,3,75,190,2016,10,12,7,3,5,3,0,1,0,1,0,0,0,1,7.28045E+20,5.44492E+21,1.21252E+16,4.91148E+16
85322,85323,9,3,75,181,2016,10,13,3,3,8,1,0,1,0,0,0,1,0,0,7.22427E+20,5.43489E+21,1.20428E+16,4.90267E+16
85323,85324,9,3,61,0,2016,10,21,7,3,6,2,2,1,0,1,1,0,0,0,7.07332E+20,5.48065E+21,1.18603E+16,4.94431E+16
85324,85325,9,1,90,117,2016,10,14,1,2,2,6,0,0,0,1,0,1,0,0,6.53618E+20,5.28826E+21,1.10487E+16,4.77294E+16
85325,85326,9,2,75,141,2016,10,12,3,3,8,1,0,1,0,1,0,0,0,0,8.18651E+20,5.37022E+21,1.3306E+16,4.84045E+16
85326,85327,9,1,79,134,2016,10,19,2,2,9,1,2,0,0,1,0,0,0,0,6.68718E+20,5.34649E+21,1.12728E+16,4.82491E+16
85327,85328,9,5,76,143,2016,10,13,3,3,0,7,0,1,1,0,0,0,0,0,6.52814E+20,5.45533E+21,1.10991E+16,4.92316E+16
85328,85329,9,2,63,0,2016,10,17,7,3,5,3,0,0,0,1,0,0,0,0,7.61101E+20,5.42031E+21,1.25616E+16,4.88807E+16
85329,85330,9,4,62,0,2016,10,7,2,3,0,1,0,1,0,0,0,1,0,0,6.87067E+20,5.53778E+21,1.16084E+16,4.99631E+16
85330,85331,9,1,85,113,2016,10,17,3,3,8,1,1,1,0,1,0,0,0,0,6.70733E+20,5.37675E+21,1.13122E+16,4.85206E+16
85331,85332,9,4,78,139,2016,10,10,1,2,8,1,0,1,0,1,0,0,0,0,6.46564E+20,5.55894E+21,1.10522E+16,5.01646E+16
85332,85333,9,7,75,162,2016,10,5,2,3,9,1,2,1,0,1,0,0,0,0,5.82727E+20,5.3488E+21,1.01152E+16,4.8287E+16
85333,85334,9,2,78,159,2016,10,11,7,3,2,2,0,1,0,1,0,0,1,0,7.81112E+20,5.42068E+21,1.28342E+16,4.88752E+16
85334,85335,9,1,78,113,2016,10,17,1,3,2,6,0,0,0,1,0,0,0,0,6.91653E+20,5.36453E+21,1.15897E+16,4.84048E+16
85335,85336,9,1,83,112,2016,10,19,3,3,5,2,2,1,0,1,0,0,0,0,7.53691E+20,5.35045E+21,1.24181E+16,4.82564E+16
85336,85337,9,2,71,127,2016,10,6,7,3,9,1,2,0,0,1,0,0,0,0,8.05474E+20,5.40466E+21,1.31537E+16,4.872E+16
85337,85338,9,6,75,178,2016,10,17,2,3,9,1,1,1,0,1,0,0,0,0,5.9921E+20,5.51798E+21,1.03788E+16,4.98061E+16
85338,85339,9,5,73,125,2016,10,11,3,3,5,3,0,0,0,1,0,0,0,1,6.37971E+20,5.47062E+21,1.09006E+16,4.93727E+16
85339,85340,9,2,75,134,2016,10,11,7,3,1,6,0,0,0,1,0,0,0,0,8.26272E+20,5.37741E+21,1.34142E+16,4.84651E+16
85340,85341,9,1,79,142,2016,10,19,3,3,5,3,2,1,1,1,0,0,0,0,6.72682E+20,5.34112E+21,1.1324E+16,4.81998E+16
85341,85342,9,2,72,120,2016,10,13,7,3,9,1,0,0,0,0,0,1,0,0,8.22853E+20,5.41544E+21,1.33977E+16,4.88079E+16
85342,85343,9,6,76,112,2016,10,12,2,3,5,3,0,1,1,1,0,0,0,0,5.15835E+20,5.49939E+21,9.21935E+15,4.96468E+16
85343,85344,9,3,63,0,2016,10,7,1,3,6,4,2,0,0,1,1,0,0,0,7.27701E+20,5.50707E+21,1.21561E+16,4.96731E+16
85344,85345,9,7,63,0,2016,10,19,2,3,2,6,2,1,0,1,0,0,0,0,5.97984E+20,5.28761E+21,1.03069E+16,4.77344E+16
85345,85346,9,2,72,138,2016,10,23,7,3,8,1,2,0,0,1,0,0,0,0,8.28179E+20,5.41035E+21,1.3466E+16,4.87595E+16