FID,OBJECTID,ULAND,UREGBEZ,UKREIS,UGEMEINDE,UJAHR,UMONAT,USTUNDE,UWOCHENTAG,UKATEGORIE,UART,UTYP1,ULICHTVERH,IstStrasse,IstRad,IstPKW,IstFuss,IstKrad,IstGkfz,IstSonstig,LINREFX,LINREFY,XGCSWGS84,YGCSWGS84
85346,85347,9,3,72,171,2016,10,12,2,2,5,3,0,0,1,1,0,0,0,0,7.65176E+20,5.47615E+21,1.26537E+16,4.93802E+16
85347,85348,9,6,75,178,2016,10,14,1,3,3,6,0,0,1,0,0,0,0,0,5.96575E+20,5.51657E+21,1.03418E+16,4.97938E+16
85348,85349,9,6,79,143,2016,10,8,2,3,8,1,0,1,0,1,0,0,0,0,5.73479E+20,5.5334E+21,1.00242E+16,4.99485E+16
85349,85350,9,6,76,145,2016,10,17,2,3,3,3,0,0,0,1,0,0,0,0,5.09972E+20,5.51968E+21,9.13866E+15,4.98295E+16
85350,85351,9,4,72,150,2016,10,15,3,3,2,6,0,0,0,1,0,0,0,0,6.81438E+20,5.53832E+21,1.15302E+16,4.99696E+16
85351,85352,9,2,72,126,2016,10,10,7,1,4,1,0,1,0,1,0,0,0,0,8.42729E+20,5.42111E+21,1.36723E+16,4.88482E+16
85352,85353,9,5,64,0,2016,10,11,2,3,1,5,0,1,1,1,0,0,0,0,6.53862E+20,5.48146E+21,1.11236E+16,4.94663E+16
85353,85354,9,2,71,111,2016,10,14,1,2,4,3,0,0,0,1,0,1,0,0,7.87004E+20,5.40463E+21,1.29031E+16,4.87285E+16
85354,85355,9,3,76,144,2016,10,16,3,3,2,2,0,0,0,1,0,0,0,0,7.29708E+20,5.48369E+21,1.21702E+16,4.94624E+16
85355,85356,9,1,79,142,2016,10,7,2,2,5,6,0,1,0,1,0,1,0,0,6.72421E+20,5.34119E+21,1.13205E+16,4.82005E+16
85356,85357,9,2,79,132,2016,10,14,7,3,2,6,0,0,0,1,0,0,0,0,7.71367E+20,5.40112E+21,1.26886E+16,4.8704E+16
85357,85358,9,5,74,112,2016,10,8,2,3,3,6,0,0,0,1,0,0,0,0,6.68633E+20,5.4729E+21,1.13236E+16,4.93854E+16
85358,85359,9,3,71,156,2016,10,12,1,2,6,4,0,0,0,1,1,0,0,0,7.02651E+20,5.4992E+21,1.18053E+16,4.96113E+16
85359,85360,9,7,72,223,2016,10,12,2,3,0,6,0,0,0,1,0,0,1,0,6.18557E+20,5.36309E+21,1.06021E+16,4.84098E+16
85360,85361,9,2,73,172,2016,10,19,7,3,5,3,2,0,0,1,0,1,0,0,7.10662E+20,5.40384E+21,1.18661E+16,4.87519E+16
85361,85362,9,5,71,175,2016,10,16,2,2,9,1,0,1,0,1,0,0,0,0,6.23794E+20,5.46167E+21,1.07026E+16,4.92952E+16
85362,85363,9,3,76,161,2016,10,12,2,2,3,6,0,0,0,1,0,0,0,0,7.28805E+20,5.47001E+21,1.21499E+16,4.93399E+16
85363,85364,9,6,76,141,2016,10,19,1,3,4,6,2,0,0,1,0,0,0,0,5.21051E+20,5.51575E+21,9.29248E+15,4.97939E+16
85364,85365,9,6,79,170,2016,10,5,2,3,0,7,2,1,0,0,0,1,0,1,5.7468E+20,5.50327E+21,1.00351E+16,4.96773E+16
85365,85366,9,4,71,185,2016,10,17,3,3,4,6,1,0,0,1,0,0,0,1,6.44633E+20,5.53665E+21,1.10167E+16,4.99646E+16
85366,85367,9,2,79,122,2016,10,19,7,3,8,1,2,0,0,1,0,0,0,0,7.7643E+20,5.39735E+21,1.27548E+16,4.8668E+16
85367,85368,9,5,77,177,2016,10,7,2,3,0,3,2,1,0,1,0,1,0,0,6.44547E+20,5.43329E+21,1.09777E+16,4.90355E+16
85368,85369,9,2,62,0,2016,10,15,1,3,1,7,0,0,0,1,0,0,0,0,8.29471E+20,5.38939E+21,1.34668E+16,4.85708E+16
85369,85370,9,2,77,114,2016,10,7,3,2,4,2,1,1,0,1,0,1,0,0,7.90197E+20,5.37869E+21,1.29283E+16,4.84942E+16
85370,85371,9,1,79,140,2016,10,21,2,2,8,1,2,0,0,0,0,1,0,0,6.60996E+20,5.34433E+21,1.1168E+16,4.82318E+16
85371,85372,9,5,76,113,2016,10,8,3,3,2,1,0,1,0,1,0,0,1,0,6.62195E+20,5.45391E+21,1.12273E+16,4.92165E+16
85372,85373,9,2,73,159,2016,10,6,7,2,4,6,2,1,1,1,0,0,0,0,7.06075E+20,5.43081E+21,1.18174E+16,4.89957E+16
85373,85374,9,4,62,0,2016,10,7,2,3,9,1,1,1,0,1,0,0,0,0,6.86934E+20,5.5354E+21,1.16054E+16,4.99417E+16
85374,85375,9,6,63,0,2016,10,7,6,2,8,1,2,1,0,1,0,0,0,0,5.66899E+20,5.51253E+21,9.92888E+15,4.97615E+16
85375,85376,9,1,90,141,2016,10,11,2,2,0,1,0,0,0,0,0,1,0,0,6.78529E+20,5.29137E+21,1.13819E+16,4.77509E+16
85376,85377,9,5,63,0,2016,10,23,1,3,2,6,2,1,0,1,0,0,0,0,6.46089E+20,5.4817E+21,1.10164E+16,4.94704E+16
85377,85378,9,1,76,138,2016,10,8,3,2,9,1,0,1,0,1,0,0,0,0,6.75977E+20,5.4267E+21,1.14045E+16,4.89682E+16
85378,85379,9,1,90,130,2016,10,5,7,1,6,6,2,1,0,1,1,0,0,0,6.51429E+20,5.29479E+21,1.10218E+16,4.77886E+16
85379,85380,9,4,75,158,2016,10,17,2,1,8,7,1,1,0,1,0,0,0,0,7.06692E+20,5.5707E+21,1.18995E+16,5.02522E+16
85380,85381,9,6,79,122,2016,10,14,6,3,4,6,0,1,0,1,0,0,0,0,5.6758E+20,5.49328E+21,9.93502E+15,4.95883E+16
85381,85382,9,2,72,126,2016,10,9,2,3,2,6,0,0,0,1,0,0,0,0,8.37754E+20,5.41812E+21,1.36022E+16,4.88241E+16
85382,85383,9,5,64,0,2016,10,12,1,3,2,6,0,0,0,1,0,0,0,0,6.58643E+20,5.47345E+21,1.11863E+16,4.9393E+16
85383,85384,9,1,72,114,2016,10,18,3,3,2,6,2,1,0,1,0,0,0,1,7.90015E+20,5.29273E+21,1.28674E+16,4.77227E+16
85384,85385,9,3,71,151,2016,10,12,3,3,5,3,0,1,0,1,0,0,0,0,6.96028E+20,5.48731E+21,1.17078E+16,4.95067E+16
85385,85386,9,1,80,112,2016,10,8,7,3,9,1,0,1,0,1,0,0,0,0,6.52924E+20,5.28163E+21,1.10371E+16,4.767E+16
85386,85387,9,1,61,0,2016,10,11,1,3,5,3,0,0,0,1,0,0,0,0,6.79562E+20,5.40531E+21,1.14441E+16,4.87748E+16
85387,85388,9,1,78,155,2016,10,10,3,3,2,6,0,0,0,1,0,0,0,0,7.21415E+20,5.37468E+21,1.19966E+16,4.84862E+16
85388,85389,9,1,74,115,2016,10,11,2,3,5,2,0,0,1,1,0,0,0,0,6.81077E+20,5.34741E+21,1.14395E+16,4.8254E+16
85389,85390,9,1,80,125,2016,10,7,7,3,9,1,0,2,0,1,0,0,0,0,6.55378E+20,5.27276E+21,1.10666E+16,4.75897E+16
85390,85391,9,5,74,140,2016,10,7,3,3,3,2,1,1,0,1,0,0,0,0,6.86109E+20,5.50004E+21,1.1577E+16,4.96242E+16
85391,85392,9,1,73,112,2016,10,20,7,3,4,7,2,0,0,1,0,0,0,0,6.93166E+20,5.29282E+21,1.15777E+16,4.77598E+16
85392,85393,9,3,74,122,2016,10,7,2,3,4,6,0,1,0,1,0,0,0,0,7.40683E+20,5.51381E+21,1.23399E+16,4.97286E+16
85393,85394,9,1,76,155,2016,10,10,3,3,5,3,0,0,0,1,0,0,0,0,6.61564E+20,5.42394E+21,1.12066E+16,4.89472E+16
85394,85395,9,1,83,127,2016,10,16,7,3,0,6,0,0,0,1,0,0,1,0,7.55041E+20,5.34987E+21,1.24359E+16,4.82506E+16
85395,85396,9,4,74,176,2016,10,11,1,3,0,1,0,0,1,0,0,0,0,0,6.62172E+20,5.51949E+21,1.12539E+16,4.98059E+16
85396,85397,9,7,75,143,2016,10,11,2,3,5,2,0,0,0,1,0,0,0,0,5.85904E+20,5.35719E+21,1.01597E+16,4.8362E+16
85397,85398,9,1,72,134,2016,10,11,7,3,5,3,0,0,0,1,0,0,0,0,7.89949E+20,5.30982E+21,1.2878E+16,4.78761E+16
85398,85399,9,1,78,120,2016,10,21,1,3,2,6,2,0,0,1,0,0,0,0,6.91471E+20,5.3526E+21,1.15818E+16,4.82976E+16
85399,85400,9,1,83,148,2016,10,15,3,3,4,2,0,1,0,1,0,0,0,0,7.54355E+20,5.34354E+21,1.24229E+16,4.81941E+16
85400,85401,9,1,72,129,2016,10,11,7,2,5,3,0,0,0,1,0,0,0,0,7.91255E+20,5.28086E+21,1.2876E+16,4.76156E+16
85401,85402,9,1,62,0,2016,10,15,2,3,0,7,0,0,1,1,0,0,0,0,6.83316E+20,5.34258E+21,1.14676E+16,4.82099E+16
85402,85403,9,1,84,114,2016,10,11,7,3,2,6,0,0,0,1,0,0,0,0,6.99404E+20,5.32001E+21,1.16734E+16,4.80023E+16
85403,85404,9,1,78,113,2016,10,20,1,3,5,3,2,1,0,1,0,0,0,0,6.91812E+20,5.36734E+21,1.15931E+16,4.843E+16
85404,85405,9,1,90,140,2016,10,8,3,2,0,1,0,1,0,1,0,0,0,0,6.48513E+20,5.3021E+21,1.09854E+16,4.7855E+16
85405,85406,9,1,78,113,2016,10,7,2,3,2,6,1,1,0,0,0,0,1,0,6.91525E+20,5.36746E+21,1.15893E+16,4.84312E+16
85406,85407,9,1,82,120,2016,10,12,7,3,8,6,0,0,0,1,0,0,0,0,7.03217E+20,5.30924E+21,1.17193E+16,4.79043E+16
85407,85408,9,5,75,112,2016,10,7,3,2,2,6,0,1,0,1,0,0,0,0,6.04807E+20,5.48412E+21,1.04475E+16,4.95007E+16
85408,85409,9,1,82,120,2016,10,16,7,3,2,6,0,0,0,1,0,0,0,0,7.01452E+20,5.30539E+21,1.16939E+16,4.78702E+16
85409,85410,9,6,61,0,2016,10,18,2,3,5,3,2,1,0,1,0,0,0,0,5.12311E+20,5.53476E+21,9.17165E+15,4.9965E+16
85410,85411,9,3,75,148,2016,10,13,1,3,5,3,0,0,0,1,0,0,0,0,7.03297E+20,5.43406E+21,1.17811E+16,4.90259E+16
85411,85412,9,7,77,112,2016,10,7,2,3,4,1,0,1,0,1,0,0,0,0,6.24888E+20,5.29771E+21,1.06684E+16,4.78206E+16
85412,85413,9,1,86,149,2016,10,3,7,3,3,6,2,0,0,1,0,0,0,0,6.86362E+20,5.38829E+21,1.15288E+16,4.86199E+16
85413,85414,9,3,73,147,2016,10,7,2,3,4,2,0,1,0,1,0,0,0,0,6.78137E+20,5.45906E+21,1.14483E+16,4.92584E+16
85414,85415,9,5,62,0,2016,10,20,1,2,4,6,2,0,1,0,0,0,0,0,6.46422E+20,5.49572E+21,1.10262E+16,4.95964E+16
85415,85416,9,6,79,209,2016,10,14,2,3,2,6,0,0,0,1,0,0,0,0,5.63181E+20,5.5169E+21,9.87798E+15,4.98013E+16
85416,85417,9,7,72,147,2016,10,7,2,3,2,6,2,0,0,1,0,0,0,0,6.38628E+20,5.36862E+21,1.0875E+16,4.84555E+16
85417,85418,9,6,74,147,2016,10,12,2,3,5,3,0,1,1,1,0,0,0,0,6.08641E+20,5.54326E+21,1.05169E+16,5.00317E+16
85418,85419,9,1,74,115,2016,10,10,7,3,4,2,0,0,0,1,0,0,0,0,6.79413E+20,5.34949E+21,1.1418E+16,4.82732E+16
85419,85420,9,5,63,0,2016,10,19,2,3,0,3,2,0,0,1,0,0,0,1,6.42867E+20,5.48273E+21,1.09724E+16,4.94804E+16
85420,85421,9,2,71,119,2016,10,16,1,3,8,7,0,0,0,1,0,0,0,0,7.88522E+20,5.41506E+21,1.2931E+16,4.88214E+16
85421,85422,9,7,72,223,2016,10,6,2,3,3,1,2,1,0,1,0,0,1,0,6.17485E+20,5.36302E+21,1.05876E+16,4.84094E+16
85422,85423,9,1,75,132,2016,10,19,7,2,2,6,2,0,0,1,0,1,0,0,7.06487E+20,5.33063E+21,1.17733E+16,4.80954E+16
85423,85424,9,5,61,0,2016,10,17,2,3,1,6,0,1,0,1,0,0,0,0,6.14758E+20,5.46233E+21,1.05786E+16,4.93029E+16
85424,85425,9,3,76,149,2016,10,6,2,3,5,2,2,1,0,1,0,0,0,0,7.39383E+20,5.45248E+21,1.22848E+16,4.91784E+16
85425,85426,9,5,74,154,2016,10,1,1,3,1,7,2,1,0,1,0,0,0,0,6.62432E+20,5.48479E+21,1.12431E+16,4.9494E+16
85426,85427,9,1,83,134,2016,10,18,3,3,9,1,2,1,0,1,0,0,0,0,7.61379E+20,5.3421E+21,1.25163E+16,4.81783E+16
85427,85428,9,3,74,149,2016,10,11,3,2,9,6,0,0,0,1,0,0,1,0,7.14741E+20,5.51186E+21,1.19794E+16,4.97209E+16
85428,85429,9,1,75,127,2016,10,8,7,2,6,4,0,0,0,0,1,0,0,1,7.12891E+20,5.34149E+21,1.18647E+16,4.8191E+16
85429,85430,9,5,71,188,2016,10,19,2,3,7,7,2,1,0,1,0,0,0,0,5.87558E+20,5.47839E+21,1.02081E+16,4.94519E+16
85430,85431,9,2,79,125,2016,10,17,1,3,8,1,1,0,0,1,0,0,0,0,7.64347E+20,5.39401E+21,1.25889E+16,4.86432E+16
85431,85432,9,2,75,134,2016,10,15,3,3,4,6,0,1,0,1,0,0,0,0,8.26409E+20,5.37553E+21,1.34146E+16,4.84481E+16
85432,85433,9,1,78,124,2016,10,16,2,3,5,3,0,0,0,1,0,0,0,0,7.05818E+20,5.3657E+21,1.17814E+16,4.84108E+16
85433,85434,9,4,71,165,2016,10,15,3,3,7,7,0,0,0,1,0,0,0,0,6.25202E+20,5.53523E+21,1.07455E+16,4.99563E+16
85434,85435,9,1,77,130,2016,10,12,7,3,2,6,0,0,0,1,0,0,0,0,7.12445E+20,5.35204E+21,1.1864E+16,4.82858E+16
85435,85436,9,5,73,122,2016,10,6,2,3,3,7,1,1,0,1,0,1,0,0,6.43184E+20,5.47771E+21,1.09749E+16,4.94352E+16
85436,85437,9,2,71,126,2016,10,14,1,3,8,1,0,0,0,1,0,0,0,0,8.06639E+20,5.42032E+21,1.31811E+16,4.88599E+16
85437,85438,9,2,63,0,2016,10,7,3,3,5,3,0,1,0,1,0,0,0,0,7.60539E+20,5.42192E+21,1.25549E+16,4.88954E+16
85438,85439,9,1,77,123,2016,10,15,2,3,5,3,0,0,0,1,0,0,0,0,7.27102E+20,5.34447E+21,1.20572E+16,4.82128E+16
85439,85440,9,1,62,0,2016,10,21,6,3,2,2,2,1,0,1,0,0,0,0,6.94368E+20,5.33182E+21,1.16113E+16,4.81099E+16
85440,85441,9,4,72,119,2016,10,16,2,2,8,1,0,1,0,0,0,0,1,0,6.87047E+20,5.54258E+21,1.16104E+16,5.00062E+16
85441,85442,9,6,74,149,2016,10,15,6,3,5,3,0,1,0,1,0,0,0,0,6.09013E+20,5.55501E+21,1.05255E+16,5.01373E+16
85442,85443,9,2,73,163,2016,10,15,2,3,9,7,0,0,0,1,0,0,0,0,7.07246E+20,5.39853E+21,1.1817E+16,4.87053E+16
85443,85444,9,5,76,113,2016,10,15,1,2,9,1,0,0,0,1,0,0,0,0,6.61897E+20,5.46035E+21,1.12258E+16,4.92745E+16
85444,85445,9,1,87,177,2016,10,17,3,3,1,6,2,1,0,1,0,0,0,0,7.36143E+20,5.30569E+21,1.21573E+16,4.78611E+16
85445,85446,9,1,62,0,2016,10,11,6,3,5,3,0,1,0,1,0,0,0,0,6.90228E+20,5.33902E+21,1.15589E+16,4.81759E+16
85446,85447,9,2,73,152,2016,10,4,3,2,9,1,2,1,0,1,0,0,0,0,7.06898E+20,5.40578E+21,1.18159E+16,4.87706E+16
85447,85448,9,1,84,135,2016,10,8,1,3,0,3,0,1,1,1,0,0,0,0,6.90174E+20,5.34742E+21,1.1562E+16,4.82515E+16
85448,85449,9,1,84,145,2016,10,15,6,3,0,6,0,1,0,1,0,0,0,0,6.98307E+20,5.32447E+21,1.16607E+16,4.80427E+16
85449,85450,9,5,73,114,2016,10,16,3,3,1,5,0,0,0,1,0,0,0,0,6.34256E+20,5.47994E+21,1.08526E+16,4.94572E+16
85450,85451,9,1,62,0,2016,10,7,6,3,5,2,2,1,1,1,0,0,0,0,6.86168E+20,5.33522E+21,1.15027E+16,4.8143E+16
85451,85452,9,3,62,0,2016,10,10,2,3,3,6,0,0,0,1,0,0,1,0,7.25148E+20,5.43104E+21,1.20779E+16,4.89912E+16
85452,85453,9,5,72,127,2016,10,8,3,3,5,3,0,1,0,1,0,0,0,0,6.3568E+20,5.49956E+21,1.0879E+16,4.96334E+16
85453,85454,9,7,78,123,2016,10,12,6,3,5,1,0,1,0,1,0,0,1,0,5.85922E+20,5.31651E+21,1.01518E+16,4.79961E+16
85454,85455,9,4,72,155,2016,10,7,2,3,5,6,0,1,0,1,0,0,0,0,6.80143E+20,5.52921E+21,1.15079E+16,4.98881E+16
85455,85456,9,1,89,154,2016,10,14,2,1,5,3,0,0,1,1,0,0,0,0,7.68677E+20,5.31737E+21,1.25988E+16,4.79532E+16
85456,85457,9,5,77,136,2016,10,14,1,3,2,5,0,0,0,1,0,1,0,0,6.29437E+20,5.44354E+21,1.07744E+16,4.91311E+16
85457,85458,9,1,76,120,2016,10,13,3,1,3,1,0,0,0,1,0,0,0,0,6.8045E+20,5.42247E+21,1.14637E+16,4.89289E+16
85458,85459,9,4,75,168,2016,10,2,1,3,0,7,2,0,0,1,0,0,0,0,7.09337E+20,5.56746E+21,1.19347E+16,5.02222E+16
85459,85460,9,7,78,123,2016,10,13,2,3,3,6,0,0,0,1,0,0,0,0,5.85242E+20,5.31798E+21,1.01429E+16,4.80094E+16
85460,85461,9,7,75,135,2016,10,14,6,2,4,6,0,0,0,1,0,0,0,0,5.76309E+20,5.3548E+21,1.00298E+16,4.83418E+16
85461,85462,9,1,77,117,2016,10,20,1,3,5,3,1,1,0,1,0,0,0,1,7.15978E+20,5.35227E+21,1.19116E+16,4.82867E+16
85462,85463,9,1,73,124,2016,10,12,3,3,4,2,0,1,0,1,0,0,0,0,6.92982E+20,5.29228E+21,1.1575E+16,4.7755E+16
85463,85464,9,7,78,173,2016,10,22,6,2,4,2,2,0,0,1,0,0,0,0,6.12624E+20,5.32058E+21,1.05107E+16,4.80286E+16
85464,85465,9,6,75,139,2016,10,15,2,3,5,3,0,1,0,1,0,0,0,0,5.89653E+20,5.5063E+21,1.02433E+16,4.97025E+16
85465,85466,9,7,64,0,2016,10,12,6,3,6,4,0,1,0,1,1,0,0,0,5.8791E+20,5.3166E+21,1.01784E+16,4.79967E+16
85466,85467,9,5,76,151,2016,10,8,2,2,2,6,0,1,0,1,0,0,1,0,6.60089E+20,5.46784E+21,1.1204E+16,4.93423E+16
85467,85468,9,3,76,119,2016,10,14,1,2,8,1,0,0,0,1,0,0,0,0,7.18242E+20,5.453E+21,1.19955E+16,4.91909E+16
85468,85469,9,7,79,228,2016,10,17,2,3,4,2,0,0,0,1,0,0,0,0,6.24928E+20,5.41517E+21,1.07038E+16,4.88769E+16
85469,85470,9,1,79,142,2016,10,21,3,3,0,1,2,1,0,0,0,1,0,0,6.72688E+20,5.34151E+21,1.13242E+16,4.82033E+16
85470,85471,9,7,64,0,2016,10,21,6,3,5,3,2,0,0,1,0,0,0,0,5.87744E+20,5.31624E+21,1.01761E+16,4.79934E+16
85471,85472,9,3,77,159,2016,10,11,1,3,0,6,0,0,0,1,0,0,0,0,7.30043E+20,5.53021E+21,1.22022E+16,4.988E+16
85472,85473,9,7,80,114,2016,10,18,2,3,0,1,1,1,1,0,0,0,0,0,6.03411E+20,5.28787E+21,1.03793E+16,4.77359E+16
85473,85474,9,7,80,119,2016,10,15,6,3,5,3,0,1,0,1,0,0,0,0,5.97511E+20,5.29538E+21,1.03023E+16,4.78044E+16
85474,85475,9,7,77,179,2016,10,12,6,3,9,1,0,1,0,1,0,0,0,0,6.15332E+20,5.28509E+21,1.05375E+16,4.77089E+16
85475,85476,9,7,71,113,2016,10,6,2,3,5,3,2,1,1,1,0,0,0,0,6.57472E+20,5.36885E+21,1.11298E+16,4.84531E+16
85476,85477,9,6,78,160,2016,10,17,2,3,1,2,0,1,0,1,0,0,0,0,5.81987E+20,5.54729E+21,1.01457E+16,5.00722E+16
85477,85478,9,4,76,145,2016,10,6,3,3,1,6,2,1,0,1,0,1,0,0,6.65448E+20,5.56824E+21,1.13204E+16,5.02431E+16
85478,85479,9,7,77,175,2016,10,16,6,3,8,1,0,1,0,1,0,0,0,0,6.14231E+20,5.29226E+21,1.05247E+16,4.77736E+16
85479,85480,9,5,64,0,2016,10,18,2,3,0,2,0,0,0,0,0,1,0,1,6.52591E+20,5.48079E+21,1.11058E+16,4.94606E+16
85480,85481,9,2,71,151,2016,10,19,1,3,5,3,2,0,0,1,0,0,0,0,7.82777E+20,5.41297E+21,1.28515E+16,4.88053E+16
85481,85482,9,3,76,163,2016,10,13,3,1,5,3,0,1,1,0,0,0,1,0,7.27696E+20,5.47525E+21,1.21377E+16,4.93873E+16
85482,85483,9,1,84,135,2016,10,16,1,3,5,3,0,0,1,1,0,0,0,0,6.89349E+20,5.34694E+21,1.15507E+16,4.82474E+16
85483,85484,9,4,75,154,2016,10,19,2,1,6,4,2,1,0,1,1,0,0,0,6.99242E+20,5.56413E+21,1.17917E+16,5.01958E+16
85484,85485,9,6,74,130,2016,10,15,6,2,9,1,0,1,0,1,0,0,0,0,6.24465E+20,5.5505E+21,1.07401E+16,5.00937E+16
85485,85486,9,2,77,126,2016,10,15,2,2,4,6,0,0,0,1,0,0,0,0,7.90532E+20,5.38238E+21,1.29354E+16,4.85272E+16
85486,85487,9,2,76,148,2016,10,14,7,3,5,3,0,0,0,1,0,0,0,0,8.10944E+20,5.43783E+21,1.3253E+16,4.90149E+16
85487,85488,9,7,77,151,2016,10,14,4,2,3,6,0,0,1,1,0,0,0,0,6.21859E+20,5.2926E+21,1.06266E+16,4.77752E+16
85488,85489,9,5,76,126,2016,10,7,4,2,8,1,1,1,0,1,0,0,0,0,6.57294E+20,5.4438E+21,1.11561E+16,4.91269E+16
85489,85490,9,7,71,129,2016,10,16,1,3,9,1,1,0,0,1,0,0,0,0,6.58833E+20,5.35696E+21,1.11437E+16,4.83458E+16
85490,85491,9,7,61,0,2016,10,18,5,3,3,6,2,0,0,1,0,0,1,0,6.40022E+20,5.35572E+21,1.08895E+16,4.83391E+16
85491,85492,9,5,74,152,2016,10,6,5,3,2,6,1,0,0,1,0,0,1,0,6.61005E+20,5.48165E+21,1.12221E+16,4.94662E+16
85492,85493,9,3,71,136,2016,10,18,6,2,5,2,2,0,1,1,0,0,0,0,7.1109E+20,5.47588E+21,1.19095E+16,4.9399E+16
85493,85494,9,7,72,163,2016,10,13,6,3,1,6,0,0,0,1,0,0,0,0,6.38821E+20,5.34516E+21,1.08699E+16,4.82444E+16
85494,85495,9,5,64,0,2016,10,7,4,3,5,3,0,1,1,1,0,0,0,0,6.52135E+20,5.48173E+21,1.10998E+16,4.94691E+16
85495,85496,9,1,89,152,2016,10,17,6,3,8,7,0,0,1,0,0,0,0,0,7.80803E+20,5.32986E+21,1.2769E+16,4.80602E+16
85496,85497,9,3,62,0,2016,10,14,5,3,3,6,0,0,0,1,0,0,0,0,7.25199E+20,5.43541E+21,1.2081E+16,4.90304E+16
85497,85498,9,5,65,0,2016,10,19,6,3,2,6,0,0,0,1,0,0,0,0,6.49514E+20,5.4663E+21,1.10579E+16,4.93311E+16
85498,85499,9,1,77,117,2016,10,15,6,2,4,6,0,0,0,1,0,0,1,0,7.14841E+20,5.3518E+21,1.18961E+16,4.82829E+16
85499,85500,9,1,80,119,2016,10,11,7,3,4,2,0,0,0,1,0,0,0,0,6.71464E+20,5.28242E+21,1.12842E+16,4.76724E+16
85500,85501,9,7,61,0,2016,10,16,4,3,2,6,0,0,0,1,0,0,0,0,6.37363E+20,5.35899E+21,1.08547E+16,4.83691E+16
85501,85502,9,5,64,0,2016,10,17,4,3,5,3,0,0,1,1,0,0,0,0,6.44415E+20,5.47785E+21,1.09919E+16,4.94361E+16
85502,85503,9,1,85,113,2016,10,14,6,3,2,6,0,0,0,1,0,0,0,0,6.6913E+20,5.37872E+21,1.12913E+16,4.85387E+16
85503,85504,9,6,77,131,2016,10,7,3,3,5,2,2,1,0,0,0,1,0,1,5.49315E+20,5.54507E+21,9.68891E+15,5.00559E+16
85504,85505,9,1,84,147,2016,10,12,7,3,8,1,0,1,0,1,0,0,0,0,6.96223E+20,5.33925E+21,1.16396E+16,4.81761E+16
85505,85506,9,7,72,147,2016,10,8,5,3,2,6,0,0,0,1,0,0,0,1,6.35352E+20,5.36437E+21,1.08293E+16,4.84179E+16
85506,85507,9,5,62,0,2016,10,12,5,3,2,6,0,0,0,1,0,0,0,0,6.43766E+20,5.49404E+21,1.09889E+16,4.95819E+16
85507,85508,9,6,75,174,2016,10,10,6,3,8,7,0,0,0,0,0,0,0,1,5.91341E+20,5.5262E+21,1.02714E+16,4.98812E+16
85508,85509,9,5,61,0,2016,10,7,4,3,2,6,1,0,0,1,0,0,0,0,6.15246E+20,5.46175E+21,1.05851E+16,4.92976E+16
85509,85510,9,3,75,190,2016,10,14,5,3,2,6,0,0,0,1,0,0,1,0,7.26308E+20,5.44438E+21,1.21012E+16,4.91106E+16
85510,85511,9,5,74,156,2016,10,8,6,3,2,6,0,0,0,1,0,0,0,0,6.5949E+20,5.4833E+21,1.12019E+16,4.94814E+16
85511,85512,9,1,77,144,2016,10,9,6,3,8,1,0,0,0,1,0,0,0,0,7.13074E+20,5.34763E+21,1.18702E+16,4.8246E+16
85512,85513,9,1,81,128,2016,10,12,7,3,1,6,0,1,0,1,0,0,0,0,6.38529E+20,5.32762E+21,1.08602E+16,4.80868E+16
85513,85514,9,7,72,163,2016,10,8,4,3,2,6,0,0,0,1,0,0,0,0,6.3889E+20,5.34942E+21,1.08722E+16,4.82827E+16
85514,85515,9,5,77,173,2016,10,15,4,2,1,5,0,0,1,1,0,0,0,0,6.39634E+20,5.42419E+21,1.09074E+16,4.89548E+16
85515,85516,9,1,75,132,2016,10,13,6,2,2,6,0,0,0,1,0,1,0,0,7.05286E+20,5.33345E+21,1.17586E+16,4.81212E+16
85516,85517,9,7,73,146,2016,10,15,7,2,9,1,0,0,0,1,0,0,0,0,6.14244E+20,5.393E+21,1.0552E+16,4.86796E+16
85517,85518,9,4,75,113,2016,10,7,4,2,8,1,2,1,0,1,0,0,0,0,6.97829E+20,5.58228E+21,1.17814E+16,5.03593E+16
85518,85519,9,3,72,112,2016,10,14,5,3,3,6,0,0,0,1,0,0,1,0,7.75029E+20,5.46486E+21,1.27814E+16,4.92745E+16
85519,85520,9,4,64,0,2016,10,2,7,3,5,2,2,1,0,1,0,0,0,0,7.07473E+20,5.57818E+21,1.19145E+16,5.03192E+16
85520,85521,9,4,78,144,2016,10,17,4,3,4,6,0,0,0,1,0,0,0,0,6.54445E+20,5.5593E+21,1.11626E+16,5.01658E+16
85521,85522,9,1,78,124,2016,10,7,5,3,1,6,2,1,0,1,0,0,0,0,7.03041E+20,5.36579E+21,1.1744E+16,4.84125E+16
85522,85523,9,3,73,119,2016,10,16,5,3,2,6,0,0,0,1,0,0,0,0,6.84693E+20,5.45597E+21,1.15369E+16,4.92286E+16
85523,85524,9,4,73,170,2016,10,7,6,2,5,3,1,0,0,1,0,1,0,0,6.40964E+20,5.56342E+21,1.09755E+16,5.02061E+16