FID,OBJECTID,ULAND,UREGBEZ,UKREIS,UGEMEINDE,UJAHR,UMONAT,USTUNDE,UWOCHENTAG,UKATEGORIE,UART,UTYP1,ULICHTVERH,IstStrasse,IstRad,IstPKW,IstFuss,IstKrad,IstGkfz,IstSonstig,LINREFX,LINREFY,XGCSWGS84,YGCSWGS84
85524,85525,9,4,72,119,2016,10,10,4,3,2,6,0,0,0,0,0,0,1,0,6.86634E+20,5.54368E+21,1.16052E+16,5.00161E+16
85525,85526,9,7,63,0,2016,10,15,6,3,5,3,0,0,0,1,0,0,0,0,5.92629E+20,5.29108E+21,1.02362E+16,4.77664E+16
85526,85527,9,4,72,154,2016,10,6,4,3,2,6,1,0,0,1,0,0,0,1,6.58981E+20,5.53423E+21,1.12156E+16,4.99393E+16
85527,85528,9,1,84,112,2016,10,23,5,3,0,7,2,0,0,1,0,0,1,0,7.0235E+20,5.34024E+21,1.17224E+16,4.81832E+16
85528,85529,9,3,73,112,2016,10,14,5,2,5,3,0,0,0,1,0,1,0,0,6.78685E+20,5.44575E+21,1.14499E+16,4.91386E+16
85529,85530,9,5,71,222,2016,10,12,6,3,4,1,0,0,0,1,0,0,0,0,5.82997E+20,5.45555E+21,1.01404E+16,4.92471E+16
85530,85531,9,4,61,0,2016,10,18,4,3,5,2,2,0,0,1,0,0,0,0,6.37887E+20,5.52929E+21,1.09201E+16,4.99001E+16
85531,85532,9,1,84,130,2016,10,21,6,3,2,6,2,0,0,1,0,0,0,0,6.98889E+20,5.34615E+21,1.16786E+16,4.82374E+16
85532,85533,9,6,63,0,2016,10,10,4,3,5,3,0,0,0,1,0,0,0,1,5.67909E+20,5.5122E+21,9.94286E+15,4.97585E+16
85533,85534,9,1,78,144,2016,10,7,6,2,9,6,2,0,0,1,0,0,0,0,7.11159E+20,5.37795E+21,1.18597E+16,4.85191E+16
85534,85535,9,4,71,165,2016,10,0,4,3,2,6,2,0,0,1,0,0,1,0,6.30568E+20,5.53181E+21,1.08191E+16,4.99244E+16
85535,85536,9,6,77,155,2016,10,22,7,3,1,5,2,0,0,1,0,0,0,0,5.42119E+20,5.5377E+21,9.58758E+15,4.99901E+16
85536,85537,9,4,74,135,2016,10,0,4,3,0,7,2,0,0,1,0,0,0,0,6.41194E+20,5.50764E+21,1.09582E+16,4.97047E+16
85537,85538,9,2,61,0,2016,10,13,6,3,2,6,0,0,0,1,0,0,0,1,7.32647E+20,5.3788E+21,1.21507E+16,4.85191E+16
85538,85539,9,3,73,147,2016,10,12,5,3,4,6,0,0,0,1,0,0,0,0,6.7671E+20,5.46315E+21,1.14305E+16,4.92955E+16
85539,85540,9,3,76,161,2016,10,15,7,3,0,1,0,0,0,0,0,1,0,0,7.25674E+20,5.46831E+21,1.21059E+16,4.93258E+16
85540,85541,9,7,75,135,2016,10,7,4,3,5,3,1,1,0,1,0,0,0,0,5.73618E+20,5.35908E+21,9.99423E+15,4.83806E+16
85541,85542,9,4,74,123,2016,10,8,4,3,4,1,0,1,0,1,0,0,0,0,6.50506E+20,5.51257E+21,1.10892E+16,4.97468E+16
85542,85543,9,7,72,147,2016,10,8,5,2,2,1,0,0,0,1,0,0,1,1,6.34765E+20,5.36444E+21,1.08214E+16,4.84186E+16
85543,85544,9,5,64,0,2016,10,6,5,3,1,5,2,0,0,1,0,0,1,0,6.48169E+20,5.47708E+21,1.10434E+16,4.94283E+16
85544,85545,9,3,73,146,2016,10,18,6,3,5,3,2,0,0,1,0,0,0,1,6.76882E+20,5.45136E+21,1.14276E+16,4.91895E+16
85545,85546,9,2,73,147,2016,10,14,6,3,0,1,0,0,1,0,0,0,0,0,7.04748E+20,5.38919E+21,1.17785E+16,4.86223E+16
85546,85547,9,7,61,0,2016,10,11,6,3,2,6,0,0,0,1,0,0,1,0,6.37781E+20,5.36124E+21,1.08611E+16,4.83892E+16
85547,85548,9,4,74,126,2016,10,8,4,3,5,3,1,0,1,1,0,0,0,0,6.49033E+20,5.50949E+21,1.10676E+16,4.97194E+16
85548,85549,9,1,89,148,2016,10,13,6,3,2,6,0,0,0,1,0,0,0,0,7.75086E+20,5.31054E+21,1.26801E+16,4.78892E+16
85549,85550,9,3,71,116,2016,10,21,5,3,3,6,2,0,0,1,0,0,1,0,6.88498E+20,5.47652E+21,1.15988E+16,4.94121E+16
85550,85551,9,6,72,117,2016,10,7,6,3,5,3,2,0,0,1,0,0,0,0,5.69938E+20,5.56686E+21,9.98097E+15,5.02498E+16
85551,85552,9,5,64,0,2016,10,15,7,3,3,2,0,0,0,1,0,0,0,1,6.48183E+20,5.48046E+21,1.10449E+16,4.94587E+16
85552,85553,9,2,78,190,2016,10,7,6,3,5,3,0,0,0,1,0,0,0,0,7.64784E+20,5.42817E+21,1.26168E+16,4.89497E+16
85553,85554,9,4,71,172,2016,10,14,4,3,4,6,0,0,0,1,0,1,0,0,6.31027E+20,5.51355E+21,1.08193E+16,4.97601E+16
85554,85555,9,2,73,152,2016,10,12,6,3,5,3,0,0,0,1,0,0,0,1,7.03579E+20,5.41827E+21,1.1777E+16,4.88839E+16
85555,85556,9,3,71,126,2016,10,11,5,3,5,3,0,0,0,1,0,0,0,1,7.02805E+20,5.49058E+21,1.1803E+16,4.95339E+16
85556,85557,9,2,71,127,2016,10,15,7,2,8,1,0,1,0,1,0,0,0,0,8.07745E+20,5.40585E+21,1.31853E+16,4.87296E+16
85557,85558,9,7,62,0,2016,10,11,4,3,1,6,0,1,0,1,0,0,0,0,6.21088E+20,5.30448E+21,1.06196E+16,4.78823E+16
85558,85559,9,3,63,0,2016,10,7,4,3,5,3,0,0,0,1,0,0,0,0,7.29613E+20,5.50664E+21,1.21823E+16,4.96686E+16
85559,85560,9,1,71,133,2016,10,15,6,2,4,6,0,0,0,1,0,0,0,0,7.71504E+20,5.34614E+21,1.26548E+16,4.82104E+16
85560,85561,9,1,74,115,2016,10,14,1,3,4,2,0,0,0,1,0,0,0,0,6.81045E+20,5.34903E+21,1.14398E+16,4.82686E+16
85561,85562,9,6,79,202,2016,10,18,5,3,9,1,1,1,0,0,0,0,0,1,5.63211E+20,5.51942E+21,9.87881E+15,4.98239E+16
85562,85563,9,5,64,0,2016,10,17,5,3,2,6,1,0,0,1,0,0,0,0,6.49838E+20,5.48169E+21,1.10681E+16,4.94693E+16
85563,85564,9,2,76,113,2016,10,16,6,3,0,7,0,0,0,0,0,1,0,0,7.89282E+20,5.44972E+21,1.2966E+16,4.91321E+16
85564,85565,9,7,72,163,2016,10,10,6,2,5,3,0,0,0,1,0,0,0,0,6.39606E+20,5.34612E+21,1.08808E+16,4.82529E+16
85565,85566,9,3,75,165,2016,10,19,4,3,2,6,2,0,0,1,0,0,0,0,7.26301E+20,5.43676E+21,1.20968E+16,4.90421E+16
85566,85567,9,1,89,141,2016,10,18,6,1,6,4,2,0,0,1,1,0,0,0,7.57679E+20,5.2929E+21,1.24372E+16,4.7738E+16
85567,85568,9,3,76,161,2016,10,22,5,3,5,3,2,0,0,1,0,0,0,0,7.25928E+20,5.46809E+21,1.21093E+16,4.93237E+16
85568,85569,9,5,62,0,2016,10,14,6,3,0,2,0,0,1,1,0,0,0,0,6.45227E+20,5.49543E+21,1.10096E+16,4.9594E+16
85569,85570,9,1,77,118,2016,10,19,6,3,4,6,2,0,0,1,0,0,0,0,7.11324E+20,5.34322E+21,1.18445E+16,4.8207E+16
85570,85571,9,1,87,168,2016,10,14,7,3,5,3,0,1,0,1,0,0,0,0,7.4972E+20,5.30893E+21,1.23404E+16,4.78851E+16
85571,85572,9,6,63,0,2016,10,22,4,3,3,6,2,0,0,1,0,0,0,1,5.68992E+20,5.5168E+21,9.9587E+15,4.97996E+16
85572,85573,9,3,75,165,2016,10,19,4,3,9,1,2,0,0,1,0,0,0,0,7.26204E+20,5.43679E+21,1.20955E+16,4.90424E+16
85573,85574,9,1,79,126,2016,10,11,6,3,0,2,0,0,1,1,0,0,0,0,6.77558E+20,5.33936E+21,1.13888E+16,4.81826E+16
85574,85575,9,6,72,140,2016,10,13,3,3,5,3,0,0,0,1,0,0,1,0,5.82023E+20,5.55723E+21,1.01484E+16,5.01616E+16
85575,85576,9,1,77,115,2016,10,14,6,2,5,3,0,0,1,0,0,0,0,1,7.33334E+20,5.35076E+21,1.21444E+16,4.8267E+16
85576,85577,9,2,61,0,2016,10,14,7,3,9,1,0,0,0,1,0,0,0,0,7.25418E+20,5.37785E+21,1.20524E+16,4.85132E+16
85577,85578,9,3,62,0,2016,10,11,4,3,3,6,0,0,0,1,0,0,1,0,7.25873E+20,5.43522E+21,1.20901E+16,4.90285E+16
85578,85579,9,1,82,120,2016,10,16,6,3,1,7,0,0,0,1,0,1,0,0,7.0183E+20,5.30646E+21,1.16995E+16,4.78797E+16
85579,85580,9,6,73,147,2016,10,17,3,3,9,1,0,0,0,1,0,0,0,0,5.83275E+20,5.59188E+21,1.01735E+16,5.0473E+16
85580,85581,9,1,62,0,2016,10,17,7,3,2,6,0,0,0,1,0,0,0,0,6.94591E+20,5.33201E+21,1.16144E+16,4.81116E+16
85581,85582,9,6,63,0,2016,10,6,5,3,2,6,2,0,0,1,0,0,0,1,5.66906E+20,5.51174E+21,9.92885E+15,4.97544E+16
85582,85583,9,5,77,177,2016,10,16,5,3,2,6,0,0,0,1,0,0,0,0,6.4439E+20,5.43286E+21,1.09754E+16,4.90317E+16
85583,85584,9,6,72,121,2016,10,15,6,3,4,2,0,0,0,1,0,0,0,0,5.68241E+20,5.55277E+21,9.95465E+15,5.01232E+16
85584,85585,9,3,73,134,2016,10,18,4,3,8,2,2,0,0,1,0,0,0,0,7.06966E+20,5.45269E+21,1.18407E+16,4.9192E+16
85585,85586,9,3,76,164,2016,10,5,5,3,9,7,2,0,0,1,0,0,0,0,7.41387E+20,5.47232E+21,1.23242E+16,4.93557E+16
85586,85587,9,5,64,0,2016,10,11,6,3,2,6,0,0,0,1,0,0,0,0,6.48977E+20,5.47895E+21,1.10552E+16,4.9445E+16
85587,85588,9,1,62,0,2016,10,16,5,3,1,1,0,0,0,1,0,0,0,0,6.98016E+20,5.3299E+21,1.16593E+16,4.80915E+16
85588,85589,9,3,73,147,2016,10,16,4,3,0,7,0,1,0,0,0,1,0,0,6.76936E+20,5.46285E+21,1.14335E+16,4.92927E+16
85589,85590,9,1,84,118,2016,10,17,7,3,2,6,0,0,0,1,0,0,0,0,7.03276E+20,5.33578E+21,1.17327E+16,4.81427E+16
85590,85591,9,6,77,127,2016,10,14,4,2,5,3,0,0,0,0,0,1,0,1,5.5825E+20,5.53908E+21,9.81281E+15,5.00012E+16
85591,85592,9,1,78,113,2016,10,16,6,3,5,3,0,0,0,1,0,0,0,0,6.91742E+20,5.36341E+21,1.15903E+16,4.83946E+16
85592,85593,9,3,76,162,2016,10,16,4,3,9,1,0,0,0,1,0,0,0,0,7.31666E+20,5.47561E+21,1.21925E+16,4.93891E+16
85593,85594,9,1,75,127,2016,10,19,6,3,5,3,2,0,1,1,0,0,0,0,7.13306E+20,5.34157E+21,1.18703E+16,4.81915E+16
85594,85595,9,7,61,0,2016,10,13,7,3,2,1,0,1,0,1,0,0,0,0,6.39338E+20,5.35249E+21,1.08792E+16,4.83102E+16
85595,85596,9,2,78,167,2016,10,11,4,3,2,6,0,0,0,1,0,0,0,0,7.68082E+20,5.41035E+21,1.26501E+16,4.87883E+16
85596,85597,9,3,76,169,2016,10,21,5,3,5,3,2,0,0,1,0,1,0,0,7.27003E+20,5.47864E+21,1.21301E+16,4.9418E+16
85597,85598,9,7,80,139,2016,10,15,7,3,9,1,0,0,0,1,0,0,0,0,5.98886E+20,5.26221E+21,1.03131E+16,4.75058E+16
85598,85599,9,6,75,141,2016,10,22,5,3,3,6,2,0,0,1,0,1,0,0,5.80611E+20,5.51214E+21,1.01192E+16,4.97563E+16
85599,85600,9,5,75,153,2016,10,13,5,3,5,3,0,0,1,1,0,0,0,0,6.14424E+20,5.49285E+21,1.05828E+16,4.95774E+16
85600,85601,9,5,77,177,2016,10,21,7,3,4,2,2,0,0,1,0,0,0,0,6.45112E+20,5.43226E+21,1.09851E+16,4.90261E+16
85601,85602,9,2,75,126,2016,10,1,4,3,9,1,2,1,0,1,0,0,0,0,8.40242E+20,5.40231E+21,1.3623E+16,4.8681E+16
85602,85603,9,1,75,133,2016,10,15,5,3,4,6,0,0,0,1,0,0,0,0,7.08013E+20,5.34227E+21,1.17995E+16,4.81996E+16
85603,85604,9,3,71,136,2016,10,9,5,3,4,2,0,0,0,1,0,0,0,0,7.11475E+20,5.47541E+21,1.19146E+16,4.93946E+16
85604,85605,9,5,75,143,2016,10,5,6,3,1,6,2,0,0,1,0,0,0,0,5.98288E+20,5.48052E+21,1.03566E+16,4.94694E+16
85605,85606,9,2,75,114,2016,10,7,4,2,4,6,1,1,0,0,0,0,0,1,8.01062E+20,5.39236E+21,1.30849E+16,4.86118E+16
85606,85607,9,1,84,136,2016,10,11,6,3,1,3,0,0,1,1,0,0,0,0,6.9896E+20,5.32554E+21,1.167E+16,4.80521E+16
85607,85608,9,6,72,121,2016,10,21,4,3,2,6,2,0,0,1,0,0,0,1,5.69617E+20,5.55043E+21,9.97346E+15,5.0102E+16
85608,85609,9,6,71,114,2016,10,11,7,3,2,6,0,0,0,1,0,0,0,0,5.01951E+20,5.5435E+21,9.02724E+15,5.00438E+16
85609,85610,9,2,77,128,2016,10,6,4,3,1,6,1,0,0,1,0,0,0,0,7.96695E+20,5.35254E+21,1.29976E+16,4.82566E+16
85610,85611,9,2,74,188,2016,10,13,6,3,8,1,0,0,0,0,0,1,0,0,7.46005E+20,5.3959E+21,1.23414E+16,4.86676E+16
85611,85612,9,2,75,154,2016,10,13,5,3,5,3,0,0,0,1,0,1,0,0,8.08031E+20,5.39537E+21,1.31814E+16,4.86354E+16
85612,85613,9,2,71,127,2016,10,22,7,3,2,6,2,0,0,1,0,0,0,0,8.0373E+20,5.4059E+21,1.31309E+16,4.8732E+16
85613,85614,9,7,77,151,2016,10,16,4,3,5,3,0,0,0,1,0,0,0,0,6.19484E+20,5.29542E+21,1.05957E+16,4.7801E+16
85614,85615,9,2,75,134,2016,10,21,4,3,8,1,2,0,0,1,0,0,0,0,8.26472E+20,5.37804E+21,1.34174E+16,4.84706E+16
85615,85616,9,1,86,151,2016,10,11,1,3,1,6,0,0,0,1,0,0,0,0,6.79945E+20,5.37636E+21,1.14367E+16,4.85145E+16
85616,85617,9,4,71,145,2016,10,5,7,3,6,7,2,1,1,0,1,0,0,0,6.45675E+20,5.52128E+21,1.10254E+16,4.98262E+16
85617,85618,9,2,75,128,2016,10,17,4,3,9,6,0,0,0,1,0,0,0,0,8.28548E+20,5.39935E+21,1.34622E+16,4.86607E+16
85618,85619,9,1,84,119,2016,10,23,4,3,5,2,2,0,0,1,0,0,0,1,6.95905E+20,5.34686E+21,1.16388E+16,4.82447E+16
85619,85620,9,4,74,126,2016,10,7,6,3,4,2,2,0,1,1,0,0,0,0,6.47717E+20,5.51008E+21,1.10496E+16,4.97251E+16
85620,85621,9,2,75,133,2016,10,6,4,3,5,3,2,1,0,1,0,0,1,0,8.2509E+20,5.38207E+21,1.34019E+16,4.85075E+16
85621,85622,9,4,61,0,2016,10,12,6,3,2,6,0,0,0,1,0,0,0,0,6.38038E+20,5.52855E+21,1.09219E+16,4.98934E+16
85622,85623,9,5,73,122,2016,10,15,7,3,5,3,0,0,1,1,0,0,0,0,6.43231E+20,5.47773E+21,1.09756E+16,4.94353E+16
85623,85624,9,2,75,145,2016,10,16,6,3,2,6,0,0,0,1,0,0,0,0,8.23115E+20,5.37782E+21,1.3372E+16,4.84704E+16
85624,85625,9,7,77,172,2016,10,15,6,3,8,7,0,0,1,1,0,0,0,0,6.27575E+20,5.30682E+21,1.0707E+16,4.7902E+16
85625,85626,9,2,75,141,2016,10,11,4,3,2,6,0,0,0,1,0,0,0,0,8.20766E+20,5.37107E+21,1.33351E+16,4.8411E+16
85626,85627,9,1,90,140,2016,10,15,6,3,2,6,0,0,0,1,0,0,0,0,6.44975E+20,5.2935E+21,1.09353E+16,4.77785E+16
85627,85628,9,2,75,128,2016,10,13,5,1,4,1,0,0,0,1,0,0,0,0,8.30137E+20,5.40025E+21,1.34845E+16,4.86679E+16
85628,85629,9,1,84,135,2016,10,14,5,3,5,2,0,0,0,1,0,1,0,0,6.92026E+20,5.34507E+21,1.15858E+16,4.82298E+16
85629,85630,9,2,75,116,2016,10,11,7,3,9,1,0,1,0,1,0,0,0,0,8.2095E+20,5.36695E+21,1.33344E+16,4.8374E+16
85630,85631,9,7,79,169,2016,10,15,4,3,4,6,0,0,0,1,0,0,0,0,6.30836E+20,5.40259E+21,1.07804E+16,4.87625E+16
85631,85632,9,2,74,132,2016,10,7,4,2,4,6,0,1,0,1,0,0,0,0,7.25166E+20,5.38604E+21,1.20535E+16,4.8587E+16
85632,85633,9,1,84,114,2016,10,19,6,3,2,6,2,0,0,1,0,0,0,0,7.00969E+20,5.3149E+21,1.16919E+16,4.79558E+16
85633,85634,9,6,73,153,2016,10,6,3,3,9,7,2,0,0,1,0,0,0,0,5.83448E+20,5.58775E+21,1.01751E+16,5.04358E+16
85634,85635,9,1,74,131,2016,10,14,1,1,5,3,0,0,1,1,0,0,0,0,6.76238E+20,5.35843E+21,1.1379E+16,4.83545E+16
85635,85636,9,6,75,178,2016,10,7,5,3,2,2,0,0,0,1,0,0,0,0,5.97823E+20,5.51717E+21,1.03593E+16,4.9799E+16
85636,85637,9,5,71,136,2016,10,13,5,3,2,6,0,0,0,1,0,0,0,1,5.97149E+20,5.43572E+21,1.033E+16,4.90666E+16
85637,85638,9,6,77,114,2016,10,13,5,3,1,6,0,0,0,1,0,0,0,0,5.69698E+20,5.53631E+21,9.97203E+15,4.9975E+16
85638,85639,9,4,79,136,2016,10,13,5,3,1,6,0,0,0,1,0,0,0,0,7.20204E+20,5.54281E+21,1.20726E+16,4.99969E+16
85639,85640,9,3,61,0,2016,10,10,6,3,4,2,0,0,0,1,0,0,0,0,7.06517E+20,5.48191E+21,1.18497E+16,4.94547E+16
85640,85641,9,7,72,151,2016,10,6,6,2,1,6,2,0,0,1,0,0,0,1,6.32592E+20,5.34326E+21,1.07854E+16,4.82287E+16
85641,85642,9,2,74,172,2016,10,8,4,3,4,6,0,1,0,1,0,0,1,0,7.13689E+20,5.39E+21,1.19001E+16,4.86266E+16
85642,85643,9,1,72,122,2016,10,6,6,2,2,6,2,1,0,1,0,0,1,0,7.91378E+20,5.31762E+21,1.29023E+16,4.79455E+16
85643,85644,9,2,73,172,2016,10,16,5,3,2,6,0,0,0,1,0,0,0,0,7.11199E+20,5.40422E+21,1.18736E+16,4.87552E+16
85644,85645,9,5,76,128,2016,10,16,6,3,3,6,0,0,0,1,0,0,1,0,6.42744E+20,5.46331E+21,1.09637E+16,4.93059E+16
85645,85646,9,1,62,0,2016,10,15,5,3,2,6,2,0,0,1,0,0,0,0,6.88654E+20,5.33643E+21,1.15366E+16,4.81531E+16
85646,85647,9,1,90,148,2016,10,14,7,3,1,6,0,0,0,1,0,0,0,0,6.4201E+20,5.29755E+21,1.0897E+16,4.78156E+16
85647,85648,9,6,74,187,2016,10,14,4,2,5,3,0,0,0,1,0,0,0,0,6.1125E+20,5.52765E+21,1.05488E+16,4.98909E+16
85648,85649,9,2,73,147,2016,10,15,4,3,4,2,0,0,0,1,0,0,1,0,7.05469E+20,5.39573E+21,1.17915E+16,4.86808E+16
85649,85650,9,1,61,0,2016,10,13,6,3,5,2,0,0,0,1,0,1,0,0,6.7893E+20,5.40549E+21,1.14355E+16,4.87766E+16
85650,85651,9,6,73,133,2016,10,1,3,2,9,7,2,1,0,1,0,0,0,0,5.88863E+20,5.58001E+21,1.02495E+16,5.03654E+16
85651,85652,9,1,84,141,2016,10,5,7,2,0,7,2,0,0,0,0,1,0,0,6.97909E+20,5.31382E+21,1.16505E+16,4.79471E+16
85652,85653,9,6,74,147,2016,10,13,5,2,0,1,0,0,1,0,0,0,0,0,6.07544E+20,5.54323E+21,1.05016E+16,5.00317E+16
85653,85654,9,4,73,121,2016,10,15,5,3,2,6,0,0,0,0,0,0,1,0,6.46256E+20,5.56571E+21,1.10505E+16,5.02255E+16
85654,85655,9,2,73,172,2016,10,8,4,3,2,6,0,0,0,1,0,0,0,0,7.11693E+20,5.40508E+21,1.18807E+16,4.87627E+16
85655,85656,9,1,74,126,2016,10,6,5,3,5,3,2,0,1,1,0,0,0,0,6.83286E+20,5.34429E+21,1.14679E+16,4.82254E+16
85656,85657,9,5,64,0,2016,10,22,6,3,0,1,2,0,0,0,0,1,0,0,6.56955E+20,5.47493E+21,1.11636E+16,4.94068E+16
85657,85658,9,1,88,113,2016,10,7,4,2,8,1,0,1,0,1,0,0,0,0,6.79996E+20,5.31487E+21,1.14113E+16,4.79618E+16
85658,85659,9,1,78,124,2016,10,13,7,3,2,6,0,1,0,1,0,0,0,0,7.03E+20,5.36384E+21,1.17425E+16,4.8395E+16
85659,85660,9,6,77,122,2016,10,18,6,3,2,6,0,0,0,1,0,0,0,0,5.46235E+20,5.55513E+21,9.6471E+15,5.01466E+16
85660,85661,9,1,73,112,2016,10,6,4,3,5,2,2,1,0,1,0,0,0,0,6.92203E+20,5.29172E+21,1.15643E+16,4.77502E+16
85661,85662,9,1,90,157,2016,10,7,5,3,4,6,1,1,0,1,0,0,0,0,6.61489E+20,5.30281E+21,1.1159E+16,4.78583E+16
85662,85663,9,5,72,158,2016,10,15,6,2,8,1,0,0,0,1,0,0,0,0,6.49641E+20,5.49744E+21,1.10714E+16,4.9611E+16
85663,85664,9,1,84,114,2016,10,7,5,3,2,2,1,0,0,1,0,0,0,1,7.0051E+20,5.31744E+21,1.1687E+16,4.79788E+16
85664,85665,9,1,61,0,2016,10,17,7,3,1,6,0,0,0,1,0,0,0,0,6.75969E+20,5.40461E+21,1.13949E+16,4.87696E+16
85665,85666,9,6,72,140,2016,10,14,4,3,2,6,0,0,0,1,0,0,0,0,5.82023E+20,5.55723E+21,1.01484E+16,5.01616E+16
85666,85667,9,1,83,126,2016,10,6,4,3,5,3,2,1,0,1,0,0,0,1,7.32917E+20,5.33697E+21,1.21313E+16,4.81433E+16
85667,85668,9,1,79,113,2016,10,6,6,3,5,2,2,0,0,1,0,0,0,0,6.71217E+20,5.33474E+21,1.13017E+16,4.81428E+16
85668,85669,9,7,76,116,2016,10,17,7,1,4,6,0,0,0,1,0,0,0,0,5.52755E+20,5.26942E+21,9.70148E+15,4.7576E+16
85669,85670,9,1,90,142,2016,10,7,5,3,2,6,1,1,0,1,0,0,0,1,6.62515E+20,5.29569E+21,1.117E+16,4.77941E+16
85670,85671,9,5,71,166,2016,10,20,7,2,8,7,2,0,0,1,0,0,0,0,6.10516E+20,5.45437E+21,1.05181E+16,4.92321E+16
85671,85672,9,1,83,116,2016,10,14,4,3,8,1,0,0,0,1,0,0,0,0,7.65754E+20,5.35291E+21,1.25818E+16,4.82736E+16
85672,85673,9,1,78,124,2016,10,19,5,2,1,6,2,0,0,1,0,0,0,0,7.00908E+20,5.36385E+21,1.17142E+16,4.83958E+16
85673,85674,9,1,90,130,2016,10,13,5,2,1,6,0,0,0,1,0,0,0,0,6.50274E+20,5.29541E+21,1.10066E+16,4.77945E+16
85674,85675,9,4,79,111,2016,10,19,6,2,4,1,2,1,0,1,0,0,0,0,7.16999E+20,5.5453E+21,1.20294E+16,5.00204E+16
85675,85676,9,1,89,162,2016,10,14,4,2,1,6,0,0,0,1,0,0,0,0,7.79051E+20,5.3154E+21,1.27362E+16,4.79311E+16
85676,85677,9,7,63,0,2016,10,14,6,3,1,6,0,0,0,1,0,0,0,0,5.97742E+20,5.2865E+21,1.03034E+16,4.77245E+16
85677,85678,9,5,76,151,2016,10,10,7,2,4,2,0,1,0,1,0,0,0,0,6.5774E+20,5.46909E+21,1.11721E+16,4.93541E+16
85678,85679,9,2,76,144,2016,10,13,6,2,5,3,0,0,0,1,0,0,1,0,7.84075E+20,5.44247E+21,1.28897E+16,4.90695E+16
85679,85680,9,6,78,174,2016,10,11,4,3,1,2,0,0,0,1,0,0,0,0,5.92185E+20,5.5457E+21,1.02878E+16,5.00565E+16
85680,85681,9,1,89,152,2016,10,21,4,2,8,1,2,0,1,0,0,0,0,0,7.80459E+20,5.32932E+21,1.27641E+16,4.80555E+16
85681,85682,9,4,71,220,2016,10,9,7,3,2,6,0,0,0,1,0,0,0,0,6.15631E+20,5.51288E+21,1.06054E+16,4.97573E+16
85682,85683,9,1,89,120,2016,10,5,4,3,5,3,2,1,0,1,0,0,0,0,7.58586E+20,5.29745E+21,1.2452E+16,4.77784E+16
85683,85684,9,2,61,0,2016,10,17,6,3,9,1,1,0,0,1,0,0,0,0,7.32331E+20,5.38347E+21,1.21491E+16,4.85612E+16
85684,85685,9,1,63,0,2016,10,10,5,2,5,3,0,0,0,1,0,1,0,0,7.34083E+20,5.3044E+21,1.21291E+16,4.78503E+16
85685,85686,9,3,76,170,2016,10,14,7,3,2,6,0,0,0,1,0,0,0,0,7.28023E+20,5.45817E+21,1.21324E+16,4.92338E+16
85686,85687,9,1,78,120,2016,10,10,4,3,0,7,0,0,0,1,0,0,0,0,6.93893E+20,5.3545E+21,1.16153E+16,4.83139E+16
85687,85688,9,1,71,125,2016,10,14,4,3,5,2,0,0,0,1,0,0,0,0,7.74768E+20,5.34913E+21,1.27006E+16,4.82358E+16
85688,85689,9,6,74,221,2016,10,7,5,3,1,6,1,0,0,1,0,0,0,0,6.12257E+20,5.54233E+21,1.05671E+16,5.00227E+16
85689,85690,9,4,63,0,2016,10,13,5,2,8,1,0,0,0,0,0,1,0,0,6.39739E+20,5.57151E+21,1.09613E+16,5.02792E+16
85690,85691,9,3,72,171,2016,10,13,6,3,4,2,0,0,0,1,0,0,0,0,7.6767E+20,5.46957E+21,1.26836E+16,4.93201E+16
85691,85692,9,2,77,138,2016,10,15,6,3,2,6,0,0,0,1,0,0,0,0,7.91654E+20,5.37083E+21,1.29425E+16,4.8423E+16
85692,85693,9,7,61,0,2016,10,13,6,3,2,6,0,0,0,1,0,0,0,0,6.41827E+20,5.3637E+21,1.09166E+16,4.84105E+16
85693,85694,9,1,63,0,2016,10,16,4,3,6,6,0,0,0,1,1,0,0,0,7.3089E+20,5.30338E+21,1.2086E+16,4.78423E+16
85694,85695,9,1,71,137,2016,10,11,6,3,3,6,0,0,0,1,0,0,0,0,7.72572E+20,5.35091E+21,1.26723E+16,4.82527E+16
85695,85696,9,1,87,165,2016,10,7,5,2,0,3,2,0,1,0,0,0,1,0,7.33596E+20,5.29979E+21,1.21202E+16,4.7809E+16
85696,85697,9,6,73,149,2016,10,13,6,2,9,6,0,0,0,1,0,0,0,0,5.79584E+20,5.58858E+21,1.01208E+16,5.04438E+16
85697,85698,9,7,75,139,2016,10,16,5,3,1,6,0,0,0,1,0,0,0,1,5.76761E+20,5.36736E+21,1.00382E+16,4.84547E+16
85698,85699,9,2,77,124,2016,10,6,7,3,8,7,2,1,0,1,0,0,0,0,7.84824E+20,5.36771E+21,1.28483E+16,4.83981E+16
85699,85700,9,7,71,111,2016,10,18,4,3,2,6,2,0,0,1,0,0,0,0,6.57636E+20,5.35842E+21,1.11281E+16,4.83592E+16
85700,85701,9,1,87,128,2016,10,16,4,3,5,3,0,0,0,1,0,0,0,0,7.46223E+20,5.3118E+21,1.22954E+16,4.79122E+16
85701,85702,9,2,73,152,2016,10,17,6,3,5,2,0,0,0,1,0,0,0,0,7.03798E+20,5.40964E+21,1.17757E+16,4.88063E+16