FID,OBJECTID,ULAND,UREGBEZ,UKREIS,UGEMEINDE,UJAHR,UMONAT,USTUNDE,UWOCHENTAG,UKATEGORIE,UART,UTYP1,ULICHTVERH,IstStrasse,IstRad,IstPKW,IstFuss,IstKrad,IstGkfz,IstSonstig,LINREFX,LINREFY,XGCSWGS84,YGCSWGS84
85702,85703,9,1,82,124,2016,10,6,5,3,4,6,2,1,0,1,0,0,0,0,7.04805E+20,5.28648E+21,1.17298E+16,4.76992E+16
85703,85704,9,2,76,139,2016,10,22,7,3,6,6,2,0,0,1,1,0,0,0,8.08397E+20,5.42948E+21,1.3212E+16,4.89412E+16
85704,85705,9,7,76,116,2016,10,12,4,2,5,2,0,1,1,1,0,0,0,0,5.51422E+20,5.27107E+21,9.68395E+15,4.7591E+16
85705,85706,9,1,76,126,2016,10,12,4,3,0,1,0,0,1,0,0,0,0,0,6.74635E+20,5.40723E+21,1.13779E+16,4.87935E+16
85706,85707,9,1,72,128,2016,10,14,6,3,2,6,0,0,0,1,0,0,0,0,7.92341E+20,5.29738E+21,1.29015E+16,4.77634E+16
85707,85708,9,1,88,120,2016,10,13,1,1,4,1,0,0,0,1,0,1,0,0,6.76172E+20,5.32386E+21,1.13638E+16,4.80437E+16
85708,85709,9,6,78,150,2016,10,19,5,2,8,1,2,0,0,1,0,0,0,0,5.88836E+20,5.52923E+21,1.02373E+16,4.99089E+16
85709,85710,9,4,78,139,2016,10,16,5,2,2,6,0,0,0,1,0,0,0,0,6.45964E+20,5.56392E+21,1.10457E+16,5.02094E+16
85710,85711,9,2,71,151,2016,10,13,6,3,3,6,0,0,0,1,0,0,0,0,7.81594E+20,5.41133E+21,1.28343E+16,4.87911E+16
85711,85712,9,7,71,145,2016,10,17,6,3,4,6,0,0,0,1,0,0,0,0,6.44884E+20,5.34451E+21,1.09513E+16,4.82372E+16
85712,85713,9,1,76,137,2016,10,19,4,3,2,6,2,0,0,1,0,0,0,0,6.73303E+20,5.43002E+21,1.13694E+16,4.89988E+16
85713,85714,9,1,89,141,2016,10,7,6,2,5,3,1,0,0,1,0,0,0,0,7.57916E+20,5.29307E+21,1.24404E+16,4.77394E+16
85714,85715,9,1,61,0,2016,10,14,5,3,3,2,0,0,1,0,0,0,0,0,6.75707E+20,5.40472E+21,1.13914E+16,4.87707E+16
85715,85716,9,5,64,0,2016,10,22,6,3,2,6,2,0,0,1,0,0,0,0,6.53529E+20,5.46973E+21,1.11144E+16,4.93609E+16
85716,85717,9,7,75,139,2016,10,16,5,3,2,3,0,0,0,1,0,0,0,0,5.78594E+20,5.36471E+21,1.00625E+16,4.84306E+16
85717,85718,9,1,87,113,2016,10,10,7,3,9,1,0,0,0,1,0,0,0,0,7.45892E+20,5.31806E+21,1.22945E+16,4.79686E+16
85718,85719,9,6,78,168,2016,10,7,4,3,9,1,2,1,0,1,0,0,0,0,5.82106E+20,5.54995E+21,1.0148E+16,5.00961E+16
85719,85720,9,1,85,158,2016,10,16,4,2,5,3,0,0,0,1,0,1,0,0,6.68962E+20,5.38158E+21,1.12902E+16,4.85645E+16
85720,85721,9,1,62,0,2016,10,19,6,3,2,6,2,0,0,1,0,0,0,0,6.804E+20,5.34189E+21,1.14281E+16,4.82046E+16
85721,85722,9,6,78,178,2016,10,16,3,3,2,6,0,0,0,1,0,0,0,0,5.89529E+20,5.54354E+21,1.02502E+16,5.00374E+16
85722,85723,9,7,74,121,2016,10,21,7,3,9,1,2,0,0,1,0,0,0,0,6.02708E+20,5.36717E+21,1.0389E+16,4.84493E+16
85723,85724,9,6,74,171,2016,10,17,5,3,5,3,0,0,0,0,0,0,1,0,6.18358E+20,5.56196E+21,1.06584E+16,5.0198E+16
85724,85725,9,4,78,155,2016,10,7,5,3,0,7,0,0,0,1,0,0,0,0,6.58559E+20,5.55885E+21,1.12199E+16,5.01606E+16
85725,85726,9,1,86,146,2016,10,9,4,2,5,3,0,0,1,1,0,0,0,0,6.83327E+20,5.36881E+21,1.14791E+16,4.84457E+16
85726,85727,9,1,63,0,2016,10,9,6,3,5,3,0,0,1,1,0,0,0,0,7.32598E+20,5.3069E+21,1.21107E+16,4.78733E+16
85727,85728,9,6,76,141,2016,10,16,3,3,5,3,0,0,0,1,0,0,0,0,5.17399E+20,5.5146E+21,9.24169E+15,4.97836E+16
85728,85729,9,1,75,118,2016,10,13,1,3,5,3,0,0,1,1,0,0,0,0,7.15084E+20,5.33815E+21,1.18924E+16,4.81601E+16
85729,85730,9,6,73,161,2016,10,6,5,3,1,6,2,1,0,1,0,0,0,0,5.8521E+20,5.57338E+21,1.01966E+16,5.03064E+16
85730,85731,9,4,73,158,2016,10,5,5,3,0,7,2,0,0,1,0,0,0,0,6.26378E+20,5.57747E+21,1.07758E+16,5.03357E+16
85731,85732,9,6,79,143,2016,10,18,6,3,2,6,2,0,0,1,0,0,0,0,5.72088E+20,5.53205E+21,1.00046E+16,4.99364E+16
85732,85733,9,1,76,123,2016,10,18,4,3,0,1,1,0,0,0,0,1,0,0,6.58187E+20,5.41876E+21,1.11585E+16,4.89015E+16
85733,85734,9,1,86,147,2016,10,12,5,3,2,6,0,0,0,1,0,0,0,1,6.84481E+20,5.39419E+21,1.1506E+16,4.86735E+16
85734,85735,9,5,76,122,2016,10,7,6,3,6,2,2,0,0,1,1,0,0,0,6.72489E+20,5.43603E+21,1.13609E+16,4.9053E+16
85735,85736,9,7,78,186,2016,10,12,5,3,2,6,0,0,0,1,0,0,0,0,5.96518E+20,5.31136E+21,1.02926E+16,4.79483E+16
85736,85737,9,1,88,139,2016,10,13,4,3,6,4,0,0,0,1,1,0,0,0,6.74757E+20,5.31903E+21,1.13428E+16,4.80007E+16
85737,85738,9,1,74,136,2016,10,6,7,2,8,1,2,1,0,1,0,0,0,0,6.81232E+20,5.36572E+21,1.14495E+16,4.84185E+16
85738,85739,9,6,76,144,2016,10,17,4,3,4,3,1,0,0,1,0,1,0,0,5.08825E+20,5.52902E+21,9.12292E+15,4.99135E+16
85739,85740,9,1,81,141,2016,10,7,4,3,4,2,2,1,0,1,0,0,1,0,6.43938E+20,5.31989E+21,1.09302E+16,4.80161E+16
85740,85741,9,1,78,113,2016,10,16,6,3,2,6,0,0,0,1,0,0,0,0,6.91601E+20,5.36573E+21,1.15895E+16,4.84155E+16
85741,85742,9,7,72,171,2016,10,11,7,3,2,1,0,1,0,1,0,0,0,0,6.37183E+20,5.374E+21,1.08572E+16,4.85041E+16
85742,85743,9,1,79,121,2016,10,13,4,3,6,4,0,0,0,1,1,0,0,0,6.68404E+20,5.33805E+21,1.12652E+16,4.81734E+16
85743,85744,9,1,76,126,2016,10,18,5,3,5,3,1,0,0,1,0,1,0,0,6.74605E+20,5.40699E+21,1.13774E+16,4.87914E+16
85744,85745,9,4,74,140,2016,10,14,7,2,5,3,0,0,0,1,0,1,0,0,6.61761E+20,5.49926E+21,1.12398E+16,4.96242E+16
85745,85746,9,1,79,121,2016,10,17,4,3,5,3,0,0,0,1,0,0,0,0,6.64684E+20,5.33565E+21,1.12143E+16,4.81528E+16
85746,85747,9,1,84,136,2016,10,21,4,3,1,5,2,0,0,1,0,0,0,0,6.99438E+20,5.32745E+21,1.16773E+16,4.80691E+16
85747,85748,9,1,76,129,2016,10,6,5,1,4,6,2,0,0,1,0,0,1,0,6.87552E+20,5.40376E+21,1.1552E+16,4.87586E+16
85748,85749,9,4,78,176,2016,10,18,6,1,3,1,2,0,0,1,0,0,0,0,6.59683E+20,5.54196E+21,1.12286E+16,5.00086E+16
85749,85750,9,1,74,121,2016,10,11,4,3,8,1,0,0,0,1,0,0,0,0,6.89392E+20,5.35391E+21,1.15544E+16,4.831E+16
85750,85751,9,1,75,111,2016,10,7,4,3,9,7,0,0,0,1,0,0,0,0,7.14508E+20,5.33895E+21,1.18851E+16,4.81675E+16
85751,85752,9,1,62,0,2016,10,20,5,3,7,1,2,0,0,1,0,0,0,0,6.92832E+20,5.33915E+21,1.1594E+16,4.81763E+16
85752,85753,9,1,86,137,2016,10,11,5,3,3,6,0,0,0,1,0,0,1,0,6.82059E+20,5.40001E+21,1.14757E+16,4.87265E+16
85753,85754,9,5,71,175,2016,10,16,6,3,5,3,0,0,0,1,0,0,0,0,6.22988E+20,5.46037E+21,1.06911E+16,4.92837E+16
85754,85755,9,7,74,162,2016,10,11,5,3,2,6,0,0,0,1,0,0,0,0,5.99007E+20,5.35162E+21,1.03353E+16,4.831E+16
85755,85756,9,1,84,147,2016,10,16,4,3,3,3,0,0,0,1,0,0,1,0,7.00799E+20,5.34108E+21,1.17019E+16,4.81911E+16
85756,85757,9,1,62,0,2016,10,13,6,3,4,2,0,0,1,1,0,0,0,0,6.86375E+20,5.32904E+21,1.15028E+16,4.80874E+16
85757,85758,9,6,71,152,2016,10,14,4,3,5,3,0,0,0,1,0,0,0,0,5.17594E+20,5.54749E+21,9.24591E+15,5.00794E+16
85758,85759,9,6,72,140,2016,10,11,7,3,0,1,0,0,0,0,0,1,0,0,5.80875E+20,5.5554E+21,1.01319E+16,5.01453E+16
85759,85760,9,1,78,116,2016,10,14,4,3,9,7,0,0,0,1,0,0,0,0,7.0333E+20,5.3797E+21,1.17546E+16,4.85374E+16
85760,85761,9,2,61,0,2016,10,17,6,3,4,2,0,0,0,1,0,0,0,0,7.32125E+20,5.37997E+21,1.21443E+16,4.85299E+16
85761,85762,9,1,86,149,2016,10,5,5,2,3,6,2,0,1,1,0,0,0,0,6.90143E+20,5.38695E+21,1.15795E+16,4.86067E+16
85762,85763,9,3,61,0,2016,10,18,7,3,7,1,2,0,1,0,0,0,0,1,7.06537E+20,5.48188E+21,1.185E+16,4.94545E+16
85763,85764,9,7,78,203,2016,10,17,4,3,5,3,0,0,0,1,0,0,0,0,6.22755E+20,5.32442E+21,1.06476E+16,4.80613E+16
85764,85765,9,1,84,119,2016,10,5,3,3,5,3,2,1,0,1,0,0,0,0,6.97267E+20,5.34889E+21,1.16581E+16,4.82625E+16
85765,85766,9,6,62,0,2016,10,8,5,3,4,2,0,0,1,1,0,0,0,0,5.88399E+20,5.54486E+21,1.02348E+16,5.00495E+16
85766,85767,9,4,77,119,2016,10,7,5,3,2,1,0,0,0,1,0,0,0,0,6.85168E+20,5.54502E+21,1.15854E+16,5.00287E+16
85767,85768,9,3,76,149,2016,10,15,6,2,2,1,0,0,0,1,0,1,0,0,7.3943E+20,5.45266E+21,1.22856E+16,4.918E+16
85768,85769,9,4,74,158,2016,10,9,6,3,8,1,0,0,0,1,0,0,0,0,6.5202E+20,5.50679E+21,1.11079E+16,4.96944E+16
85769,85770,9,5,64,0,2016,10,8,7,3,1,5,0,1,1,1,0,0,0,0,6.52225E+20,5.48187E+21,1.11011E+16,4.94704E+16
85770,85771,9,2,63,0,2016,10,9,6,2,5,3,0,0,0,1,0,0,0,0,7.63024E+20,5.42066E+21,1.2588E+16,4.8883E+16
85771,85772,9,1,62,0,2016,10,11,3,3,0,7,0,1,0,0,0,1,0,0,6.92651E+20,5.33913E+21,1.15915E+16,4.81762E+16
85772,85773,9,1,90,157,2016,10,21,6,3,4,2,2,0,0,1,0,0,0,0,6.60055E+20,5.30004E+21,1.11388E+16,4.78337E+16
85773,85774,9,1,62,0,2016,10,15,5,3,2,6,0,0,0,1,0,0,0,0,6.81069E+20,5.34101E+21,1.14367E+16,4.81964E+16
85774,85775,9,2,78,143,2016,10,22,7,3,8,7,2,0,0,1,0,0,0,0,7.71354E+20,5.44014E+21,1.27143E+16,4.90543E+16
85775,85776,9,7,79,187,2016,10,5,4,3,8,7,2,1,0,1,0,0,0,0,6.40733E+20,5.38823E+21,1.09101E+16,4.86313E+16
85776,85777,9,1,62,0,2016,10,16,3,1,6,2,0,1,0,0,1,0,1,0,6.9207E+20,5.34042E+21,1.15843E+16,4.8188E+16
85777,85778,9,1,71,133,2016,10,14,6,3,5,3,0,0,1,1,0,0,0,0,7.69041E+20,5.34703E+21,1.26223E+16,4.82194E+16
85778,85779,9,1,74,126,2016,10,12,1,3,0,6,0,0,0,0,0,1,0,0,6.83917E+20,5.34374E+21,1.14762E+16,4.82202E+16
85779,85780,9,6,61,0,2016,10,14,5,3,6,2,0,0,0,1,1,0,0,0,5.10763E+20,5.53623E+21,9.15011E+15,4.99783E+16
85780,85781,9,4,77,128,2016,10,19,5,2,5,3,2,0,0,1,0,1,0,0,6.74955E+20,5.55275E+21,1.14465E+16,5.01012E+16
85781,85782,9,7,71,112,2016,10,14,6,2,5,3,0,0,0,1,0,0,0,0,6.45971E+20,5.36804E+21,1.0974E+16,4.84486E+16
85782,85783,9,7,64,0,2016,10,11,3,3,9,6,0,1,0,1,0,0,0,0,5.83468E+20,5.31379E+21,1.01183E+16,4.7972E+16
85783,85784,9,1,72,118,2016,10,10,6,3,1,6,0,0,0,1,0,0,0,0,7.97392E+20,5.30446E+21,1.29736E+16,4.78247E+16
85784,85785,9,1,79,134,2016,10,14,5,2,5,3,0,0,1,1,0,0,0,0,6.67708E+20,5.34272E+21,1.12577E+16,4.82155E+16
85785,85786,9,5,62,0,2016,10,17,6,3,2,6,1,0,0,1,0,0,0,0,6.39716E+20,5.49201E+21,1.09322E+16,4.95645E+16
85786,85787,9,7,80,112,2016,10,12,5,3,0,1,0,0,0,0,0,1,0,0,5.91799E+20,5.29502E+21,1.02259E+16,4.7802E+16
85787,85788,9,7,72,200,2016,10,7,6,3,5,3,1,1,1,1,0,0,0,0,6.31282E+20,5.33754E+21,1.0766E+16,4.81775E+16
85788,85789,9,7,64,0,2016,10,13,3,3,5,3,0,1,0,1,0,0,0,0,5.87485E+20,5.31474E+21,1.01723E+16,4.79799E+16
85789,85790,9,1,83,131,2016,10,7,6,3,3,6,1,1,0,1,0,0,1,0,7.62389E+20,5.35808E+21,1.25398E+16,4.83214E+16
85790,85791,9,1,81,130,2016,10,17,5,3,3,6,0,0,0,1,0,0,1,0,6.36853E+20,5.32352E+21,1.08364E+16,4.80503E+16
85791,85792,9,5,62,0,2016,10,8,6,3,2,6,0,0,0,1,0,0,1,0,6.4095E+20,5.49199E+21,1.09492E+16,4.95641E+16
85792,85793,9,7,79,194,2016,10,14,5,2,2,2,0,0,0,1,0,1,0,0,6.08559E+20,5.41065E+21,1.04795E+16,4.88393E+16
85793,85794,9,2,73,163,2016,10,12,7,3,8,6,0,1,0,1,0,0,0,0,7.02821E+20,5.3978E+21,1.17566E+16,4.87002E+16
85794,85795,9,7,64,0,2016,10,7,3,3,5,3,1,1,0,1,0,1,0,0,5.87741E+20,5.31623E+21,1.01761E+16,4.79934E+16
85795,85796,9,1,76,131,2016,10,12,6,3,2,6,0,0,0,1,0,0,0,0,6.8136E+20,5.41194E+21,1.14714E+16,4.88339E+16
85796,85797,9,6,76,122,2016,10,13,3,3,2,6,0,0,0,1,0,0,0,0,5.11789E+20,5.51622E+21,9.16381E+15,4.97983E+16
85797,85798,9,1,62,0,2016,10,10,7,3,5,3,0,1,0,1,0,0,0,0,6.84191E+20,5.33541E+21,1.14762E+16,4.81453E+16
85798,85799,9,5,76,151,2016,10,8,5,3,2,6,0,0,0,1,0,0,0,0,6.56396E+20,5.47146E+21,1.11546E+16,4.93758E+16
85799,85800,9,4,61,0,2016,10,19,5,3,7,7,2,0,0,1,0,0,1,0,6.39102E+20,5.53091E+21,1.09376E+16,4.99144E+16
85800,85801,9,7,63,0,2016,10,11,3,3,2,6,0,1,0,1,0,0,0,0,5.99328E+20,5.2876E+21,1.03248E+16,4.77342E+16
85801,85802,9,5,64,0,2016,10,5,6,3,2,6,2,0,0,1,0,0,0,0,6.49124E+20,5.48332E+21,1.10589E+16,4.94842E+16
85802,85803,9,7,79,185,2016,10,15,5,3,2,6,0,0,0,1,0,0,0,0,6.17038E+20,5.40732E+21,1.0594E+16,4.88079E+16
85803,85804,9,7,63,0,2016,10,22,3,3,2,6,2,1,0,1,0,0,0,0,5.99552E+20,5.29023E+21,1.03284E+16,4.77578E+16
85804,85805,9,1,78,120,2016,10,12,7,3,2,6,0,0,0,1,0,0,0,0,6.95652E+20,5.35343E+21,1.16385E+16,4.83038E+16
85805,85806,9,5,72,115,2016,10,7,4,3,2,6,0,1,0,1,0,0,0,0,6.46828E+20,5.50219E+21,1.10343E+16,4.96544E+16
85806,85807,9,7,73,125,2016,10,7,3,3,6,4,2,1,0,1,1,0,0,0,6.106E+20,5.38211E+21,1.04996E+16,4.85823E+16
85807,85808,9,1,75,132,2016,10,13,6,3,6,4,0,0,0,1,1,0,0,0,7.06313E+20,5.33152E+21,1.17714E+16,4.81035E+16
85808,85809,9,6,79,144,2016,10,14,7,3,2,6,0,0,0,1,0,0,0,0,5.49529E+20,5.51308E+21,9.6878E+15,4.97681E+16
85809,85810,9,1,86,126,2016,10,20,7,3,8,7,2,0,0,1,0,0,0,0,6.87278E+20,5.375E+21,1.15353E+16,4.85002E+16
85810,85811,9,5,62,0,2016,10,7,4,3,2,6,0,0,0,1,0,0,0,0,6.40096E+20,5.49198E+21,1.09374E+16,4.95642E+16
85811,85812,9,7,61,0,2016,10,7,3,3,1,6,2,1,0,1,0,0,0,0,6.41614E+20,5.36374E+21,1.09137E+16,4.84109E+16
85812,85813,9,1,79,123,2016,10,18,6,3,2,6,2,0,0,1,0,0,0,0,6.77369E+20,5.33226E+21,1.13833E+16,4.81189E+16
85813,85814,9,7,80,131,2016,10,12,7,3,4,6,0,0,0,1,0,0,1,1,5.93303E+20,5.25586E+21,1.02377E+16,4.74495E+16
85814,85815,9,5,74,152,2016,10,7,5,3,1,6,1,0,0,1,0,0,0,0,6.61789E+20,5.48134E+21,1.12328E+16,4.94631E+16
85815,85816,9,4,61,0,2016,10,20,5,3,3,7,2,0,0,1,0,0,0,0,6.34265E+20,5.5293E+21,1.08697E+16,4.9901E+16
85816,85817,9,1,88,126,2016,10,7,5,2,4,7,1,0,0,1,0,1,0,0,6.60235E+20,5.32791E+21,1.11516E+16,4.80843E+16
85817,85818,9,5,77,138,2016,10,21,7,3,9,1,2,0,0,1,0,0,0,0,6.30391E+20,5.4457E+21,1.07881E+16,4.91502E+16
85818,85819,9,7,61,0,2016,10,6,3,3,2,6,2,1,0,1,0,0,1,1,6.41609E+20,5.36374E+21,1.09136E+16,4.84109E+16
85819,85820,9,1,78,124,2016,10,7,5,2,6,4,2,0,0,1,1,0,0,0,7.03169E+20,5.36582E+21,1.17457E+16,4.84127E+16
85820,85821,9,1,88,120,2016,10,6,5,2,5,2,2,0,0,1,0,1,0,0,6.71721E+20,5.3263E+21,1.13051E+16,4.80668E+16
85821,85822,9,5,75,168,2016,10,14,6,2,9,1,0,0,0,1,0,0,0,0,5.90532E+20,5.48733E+21,1.02511E+16,4.95318E+16
85822,85823,9,7,72,130,2016,10,7,3,3,8,7,1,1,0,1,0,0,0,0,6.29517E+20,5.35936E+21,1.0749E+16,4.83741E+16
85823,85824,9,7,74,111,2016,10,17,6,3,5,3,0,0,0,1,0,0,0,1,6.05309E+20,5.3395E+21,1.04172E+16,4.82E+16
85824,85825,9,5,72,131,2016,10,18,7,2,2,6,2,0,0,1,0,0,0,0,6.55192E+20,5.48481E+21,1.11432E+16,4.94961E+16
85825,85826,9,2,76,142,2016,10,18,6,3,2,6,2,1,0,1,0,0,0,0,7.91255E+20,5.43257E+21,1.29806E+16,4.89773E+16
85826,85827,9,7,61,0,2016,10,4,3,3,4,2,2,1,0,1,0,0,0,1,6.42132E+20,5.36221E+21,1.09202E+16,4.8397E+16
85827,85828,9,2,79,122,2016,10,15,6,3,2,6,0,0,0,1,0,0,0,0,7.72675E+20,5.39589E+21,1.27029E+16,4.86565E+16
85828,85829,9,1,79,121,2016,10,9,5,2,5,2,0,0,1,1,0,0,0,0,6.67161E+20,5.33987E+21,1.12492E+16,4.819E+16
85829,85830,9,7,61,0,2016,10,18,3,3,2,6,2,1,0,1,0,0,0,0,6.41387E+20,5.3575E+21,1.09086E+16,4.83549E+16
85830,85831,9,1,81,114,2016,10,17,5,3,4,2,0,0,0,1,0,1,0,0,6.57051E+20,5.31304E+21,1.11034E+16,4.79514E+16
85831,85832,9,4,71,207,2016,10,19,7,3,4,2,2,0,0,1,0,1,0,0,6.2757E+20,5.53167E+21,1.07773E+16,4.99238E+16
85832,85833,9,6,75,113,2016,10,1,3,3,8,6,2,1,0,1,0,0,0,1,5.76629E+20,5.51319E+21,1.00641E+16,4.97663E+16
85833,85834,9,1,62,0,2016,10,20,4,3,5,3,2,0,1,1,0,0,0,0,6.92489E+20,5.33924E+21,1.15894E+16,4.81772E+16
85834,85835,9,6,79,154,2016,10,7,3,3,3,6,0,1,0,1,0,0,1,0,5.62347E+20,5.51075E+21,9.8654E+15,4.9746E+16
85835,85836,9,3,63,0,2016,10,13,6,2,4,6,0,0,0,1,0,0,0,0,7.28371E+20,5.50938E+21,1.21667E+16,4.96936E+16
85836,85837,9,2,75,114,2016,10,23,6,2,2,6,2,0,1,1,0,0,0,0,7.97413E+20,5.38869E+21,1.30329E+16,4.85806E+16
85837,85838,9,7,77,157,2016,10,14,6,3,3,6,0,0,1,0,0,0,0,0,6.29736E+20,5.30111E+21,1.07342E+16,4.78503E+16
85838,85839,9,6,63,0,2016,10,9,3,3,2,6,0,1,0,1,0,0,0,0,5.6721E+20,5.51686E+21,9.93396E+15,4.98005E+16
85839,85840,9,1,80,124,2016,10,16,6,3,2,6,0,0,0,1,0,0,0,0,6.65374E+20,5.28385E+21,1.12037E+16,4.76868E+16
85840,85841,9,1,74,118,2016,10,17,5,3,4,6,0,0,0,1,0,0,0,0,6.6873E+20,5.3574E+21,1.12773E+16,4.83472E+16
85841,85842,9,6,72,139,2016,10,13,6,3,2,2,0,0,0,1,0,0,0,0,5.68726E+20,5.56091E+21,9.9629E+15,5.01964E+16
85842,85843,9,7,73,117,2016,10,7,5,3,0,6,0,0,0,1,0,0,0,0,6.13726E+20,5.39913E+21,1.05467E+16,4.87348E+16
85843,85844,9,2,72,142,2016,10,14,7,3,8,1,0,1,0,1,0,0,0,0,8.20963E+20,5.41166E+21,1.33691E+16,4.8775E+16
85844,85845,9,7,79,155,2016,10,16,4,3,0,6,0,0,0,1,0,0,0,0,6.20708E+20,5.40639E+21,1.06437E+16,4.87988E+16
85845,85846,9,1,87,174,2016,10,14,6,3,4,6,0,0,0,1,0,0,0,0,7.3979E+20,5.31366E+21,1.22104E+16,4.79314E+16
85846,85847,9,6,71,121,2016,10,19,3,3,4,2,2,0,0,1,0,0,0,0,5.12331E+20,5.5378E+21,9.17203E+15,4.99924E+16
85847,85848,9,1,75,111,2016,10,15,1,3,8,6,0,0,0,1,0,0,0,0,7.1355E+20,5.33848E+21,1.1872E+16,4.81637E+16
85848,85849,9,1,84,123,2016,11,18,4,2,6,2,2,1,0,1,1,0,0,0,7.03339E+20,5.3318E+21,1.17316E+16,4.8107E+16
85849,85850,9,7,76,130,2016,10,5,2,3,2,6,1,0,0,1,0,0,0,0,5.55262E+20,5.26968E+21,9.73485E+15,4.75782E+16
85850,85851,9,4,76,164,2016,10,16,2,2,8,7,0,0,0,1,0,0,0,0,6.66604E+20,5.58009E+21,1.13418E+16,5.03493E+16
85851,85852,9,7,80,125,2016,11,14,3,3,2,2,0,0,0,1,0,0,0,0,5.97145E+20,5.29276E+21,1.02968E+16,4.77809E+16
85852,85853,9,1,76,118,2016,11,10,4,3,8,1,0,1,0,1,0,0,0,0,6.67733E+20,5.40816E+21,1.12844E+16,4.88038E+16
85853,85854,9,2,75,154,2016,11,6,4,2,4,6,0,1,0,1,0,0,0,0,8.04847E+20,5.39766E+21,1.314E+16,4.86575E+16
85854,85855,9,1,76,123,2016,11,18,6,3,5,3,2,0,1,1,0,0,0,0,6.59536E+20,5.41811E+21,1.11767E+16,4.88954E+16
85855,85856,9,4,75,154,2016,11,7,5,3,3,1,0,2,0,1,0,0,1,0,6.97631E+20,5.56396E+21,1.1769E+16,5.01948E+16
85856,85857,9,4,73,144,2016,10,16,2,3,5,3,0,0,0,1,0,0,0,0,6.36646E+20,5.57299E+21,1.09184E+16,5.02932E+16
85857,85858,9,4,79,150,2016,11,17,4,3,5,3,2,1,0,1,0,0,0,0,7.20583E+20,5.56694E+21,1.20919E+16,5.02135E+16
85858,85859,9,3,72,130,2016,11,13,3,3,3,6,0,0,0,1,0,1,0,0,7.82477E+20,5.45717E+21,1.28782E+16,4.92022E+16
85859,85860,9,2,62,0,2016,11,17,5,3,2,6,1,0,0,1,0,0,0,0,8.25563E+20,5.38962E+21,1.34142E+16,4.85749E+16
85860,85861,9,4,71,165,2016,11,20,4,3,2,6,2,1,0,1,0,0,0,0,6.28605E+20,5.53217E+21,1.07919E+16,4.99281E+16
85861,85862,9,7,73,140,2016,11,17,4,2,0,7,1,0,1,0,0,0,0,0,6.12781E+20,5.37452E+21,1.05271E+16,4.85136E+16
85862,85863,9,3,76,161,2016,11,10,6,3,5,3,0,0,0,1,0,0,0,1,7.2738E+20,5.46247E+21,1.21261E+16,4.92726E+16
85863,85864,9,7,80,124,2016,10,15,2,3,2,6,0,0,0,1,0,0,0,0,5.91189E+20,5.26827E+21,1.02122E+16,4.75615E+16
85864,85865,9,4,72,175,2016,10,4,2,3,2,6,2,0,0,1,0,0,1,0,6.77902E+20,5.50887E+21,1.14675E+16,4.9706E+16
85865,85866,9,1,84,145,2016,10,12,1,3,2,6,0,0,0,1,0,0,0,0,6.96857E+20,5.32271E+21,1.16405E+16,4.80273E+16
85866,85867,9,7,76,125,2016,11,20,3,1,4,1,2,0,0,1,0,0,0,0,5.65299E+20,5.27084E+21,9.86848E+15,4.75877E+16
85867,85868,9,1,88,139,2016,11,15,4,3,2,6,0,1,0,1,0,0,0,1,6.74495E+20,5.31861E+21,1.13391E+16,4.7997E+16
85868,85869,9,2,77,117,2016,11,11,4,3,9,1,0,1,0,1,0,0,0,0,8.00205E+20,5.38478E+21,1.30678E+16,4.85442E+16
85869,85870,9,1,78,120,2016,11,12,6,3,5,3,0,0,0,1,0,0,0,1,6.98335E+20,5.35069E+21,1.16733E+16,4.82783E+16
85870,85871,9,1,74,146,2016,11,6,6,3,4,2,0,1,0,1,0,0,0,0,6.68396E+20,5.34972E+21,1.12698E+16,4.82783E+16
85871,85872,9,3,72,128,2016,11,18,5,3,8,1,2,0,0,1,0,0,0,0,7.71521E+20,5.47076E+21,1.27373E+16,4.93291E+16
85872,85873,9,4,72,199,2016,10,5,2,1,4,1,2,0,0,1,0,0,1,0,6.94166E+20,5.53687E+21,1.17068E+16,4.99526E+16
85873,85874,9,3,72,116,2016,11,3,3,2,4,6,2,1,0,1,0,0,0,0,7.70855E+20,5.45753E+21,1.27192E+16,4.92106E+16
85874,85875,9,1,90,148,2016,11,16,5,3,2,6,1,0,0,1,0,0,0,0,6.4017E+20,5.29511E+21,1.08717E+16,4.77941E+16
85875,85876,9,4,74,140,2016,11,21,4,3,8,1,2,0,0,1,0,0,0,0,6.5881E+20,5.49576E+21,1.11975E+16,4.95935E+16
85876,85877,9,7,71,130,2016,11,14,4,3,5,3,0,1,0,1,0,1,0,0,6.47742E+20,5.35672E+21,1.0994E+16,4.83464E+16
85877,85878,9,2,63,0,2016,11,15,6,2,5,3,0,0,1,1,0,0,0,0,7.62209E+20,5.41837E+21,1.25754E+16,4.88628E+16
85878,85879,9,7,80,124,2016,10,17,2,3,2,6,1,0,0,1,0,0,0,0,5.94114E+20,5.26773E+21,1.0251E+16,4.75562E+16
85879,85880,9,4,61,0,2016,10,18,2,3,5,2,2,0,0,1,0,0,0,0,6.37373E+20,5.53065E+21,1.09134E+16,4.99124E+16