FID,OBJECTID,ULAND,UREGBEZ,UKREIS,UGEMEINDE,UJAHR,UMONAT,USTUNDE,UWOCHENTAG,UKATEGORIE,UART,UTYP1,ULICHTVERH,IstStrasse,IstRad,IstPKW,IstFuss,IstKrad,IstGkfz,IstSonstig,LINREFX,LINREFY,XGCSWGS84,YGCSWGS84
85880,85881,9,7,80,124,2016,11,13,3,3,9,1,0,0,0,1,0,0,0,0,5.93404E+20,5.26905E+21,1.02418E+16,4.75682E+16
85881,85882,9,4,61,0,2016,10,15,2,3,1,6,0,0,0,1,0,0,0,0,6.37261E+20,5.53055E+21,1.09118E+16,4.99116E+16
85882,85883,9,3,71,151,2016,11,17,3,3,2,6,2,0,0,1,1,0,0,0,6.99349E+20,5.4865E+21,1.17532E+16,4.94983E+16
85883,85884,9,7,63,0,2016,11,18,5,3,6,4,2,1,0,1,1,0,0,0,5.97848E+20,5.28719E+21,1.0305E+16,4.77307E+16
85884,85885,9,1,86,162,2016,11,16,5,3,2,6,0,0,0,1,0,0,0,0,6.93259E+20,5.38746E+21,1.16219E+16,4.86103E+16
85885,85886,9,3,77,133,2016,10,16,2,3,4,1,0,0,0,1,0,1,0,0,7.11097E+20,5.53346E+21,1.19406E+16,4.99162E+16
85886,85887,9,7,79,228,2016,10,15,2,2,9,6,0,0,0,1,0,0,0,0,6.27831E+20,5.41497E+21,1.07434E+16,4.88745E+16
85887,85888,9,3,76,117,2016,11,14,3,3,2,7,0,0,0,1,0,0,0,0,7.39942E+20,5.46144E+21,1.22978E+16,4.92586E+16
85888,85889,9,1,61,0,2016,11,11,5,3,5,3,0,0,0,1,0,0,1,0,6.80469E+20,5.40278E+21,1.14553E+16,4.87519E+16
85889,85890,9,3,75,148,2016,10,4,2,3,9,1,2,1,0,1,0,0,0,0,7.05259E+20,5.43617E+21,1.18089E+16,4.90442E+16
85890,85891,9,5,64,0,2016,11,16,4,2,3,6,0,1,0,0,0,0,1,1,6.56924E+20,5.47312E+21,1.11625E+16,4.93905E+16
85891,85892,9,1,80,124,2016,11,12,6,3,2,6,0,0,0,1,0,0,0,1,6.65381E+20,5.28362E+21,1.12037E+16,4.76848E+16
85892,85893,9,3,75,120,2016,10,14,2,3,5,3,0,0,0,1,0,0,0,0,7.46827E+20,5.4397E+21,1.2379E+16,4.90606E+16
85893,85894,9,7,73,125,2016,10,20,2,3,5,2,2,0,0,1,0,1,0,0,6.11684E+20,5.37956E+21,1.05136E+16,4.85592E+16
85894,85895,9,2,77,138,2016,11,3,3,3,6,4,2,0,0,1,1,0,0,0,7.91519E+20,5.37176E+21,1.29413E+16,4.84314E+16
85895,85896,9,1,87,165,2016,11,7,5,3,2,6,0,0,0,1,0,0,0,0,7.34788E+20,5.29953E+21,1.21359E+16,4.78063E+16
85896,85897,9,3,73,147,2016,10,16,2,3,2,6,0,0,0,1,0,0,0,0,6.77746E+20,5.46067E+21,1.14436E+16,4.92729E+16
85897,85898,9,6,74,130,2016,11,18,4,3,0,7,2,0,0,1,0,0,0,0,6.22857E+20,5.55018E+21,1.07176E+16,5.00912E+16
85898,85899,9,2,75,151,2016,11,12,6,3,2,2,0,0,0,1,0,0,0,0,8.25479E+20,5.39444E+21,1.34168E+16,4.86182E+16
85899,85900,9,7,72,131,2016,10,9,2,2,5,2,0,0,1,1,0,0,0,0,6.18492E+20,5.35636E+21,1.05993E+16,4.83493E+16
85900,85901,9,4,77,143,2016,11,13,4,3,5,3,0,0,1,1,0,0,0,0,6.85305E+20,5.55277E+21,1.15911E+16,5.00983E+16
85901,85902,9,3,73,147,2016,10,22,2,3,1,1,2,0,0,1,0,1,0,0,6.78969E+20,5.46117E+21,1.14606E+16,4.92771E+16
85902,85903,9,7,77,176,2016,11,14,3,3,4,2,0,0,0,1,0,1,0,0,6.04108E+20,5.2979E+21,1.0391E+16,4.7826E+16
85903,85904,9,3,61,0,2016,10,14,2,3,5,2,0,0,1,1,0,0,0,0,7.09262E+20,5.48092E+21,1.1887E+16,4.94448E+16
85904,85905,9,5,74,147,2016,11,17,4,3,2,6,2,1,0,1,0,0,0,0,6.80106E+20,5.48744E+21,1.14882E+16,4.95128E+16
85905,85906,9,2,75,128,2016,11,13,3,3,1,6,0,0,0,1,0,0,1,0,8.275E+20,5.40196E+21,1.34501E+16,4.86846E+16
85906,85907,9,6,79,154,2016,11,3,5,2,3,7,2,0,0,1,0,0,1,0,5.63469E+20,5.51087E+21,9.88101E+15,4.9747E+16
85907,85908,9,1,75,139,2016,11,17,5,3,5,3,2,0,0,1,0,0,0,0,7.1039E+20,5.33108E+21,1.18259E+16,4.80982E+16
85908,85909,9,7,72,200,2016,10,17,2,3,0,6,1,0,1,1,0,0,0,0,6.30524E+20,5.33752E+21,1.07558E+16,4.81775E+16
85909,85910,9,3,71,118,2016,10,11,2,3,0,6,0,0,0,1,0,0,0,0,7.21326E+20,5.47224E+21,1.20484E+16,4.93626E+16
85910,85911,9,1,79,117,2016,11,6,4,3,8,1,2,1,0,1,0,0,0,0,6.61244E+20,5.34678E+21,1.11723E+16,4.82537E+16
85911,85912,9,2,72,126,2016,11,10,4,3,5,3,0,1,0,1,0,0,0,0,8.37199E+20,5.41789E+21,1.35945E+16,4.88223E+16
85912,85913,9,1,84,114,2016,11,18,6,2,3,6,2,0,0,1,0,0,0,1,6.99427E+20,5.31997E+21,1.16736E+16,4.80019E+16
85913,85914,9,5,64,0,2016,11,7,5,3,5,3,0,0,1,1,0,0,0,0,6.54529E+20,5.47772E+21,1.11313E+16,4.94325E+16
85914,85915,9,2,71,119,2016,10,4,2,3,9,1,2,0,0,1,0,0,0,0,7.89297E+20,5.41499E+21,1.29415E+16,4.88205E+16
85915,85916,9,5,75,125,2016,11,7,4,3,4,6,0,0,0,1,0,0,0,0,6.2063E+20,5.49756E+21,1.06701E+16,4.96185E+16
85916,85917,9,2,75,152,2016,11,7,3,3,2,2,0,0,0,1,0,0,0,0,8.22291E+20,5.40616E+21,1.33828E+16,4.8725E+16
85917,85918,9,2,78,190,2016,11,14,5,3,5,2,0,0,0,1,0,0,0,0,7.65179E+20,5.42824E+21,1.26222E+16,4.89501E+16
85918,85919,9,7,77,166,2016,11,13,3,3,6,7,0,0,0,1,1,0,0,0,6.29885E+20,5.2815E+21,1.07303E+16,4.76739E+16
85919,85920,9,1,89,111,2016,11,4,6,3,4,2,2,1,0,1,0,0,0,0,7.6357E+20,5.32284E+21,1.25339E+16,4.80044E+16
85920,85921,9,2,76,113,2016,10,11,2,3,5,2,0,0,0,1,0,0,0,0,7.91216E+20,5.44935E+21,1.29922E+16,4.91279E+16
85921,85922,9,5,64,0,2016,11,18,4,3,2,6,2,1,0,1,0,0,0,0,6.47096E+20,5.48001E+21,1.10297E+16,4.94549E+16
85922,85923,9,1,78,155,2016,11,9,3,3,2,6,0,0,0,1,0,0,0,0,7.21371E+20,5.3746E+21,1.1996E+16,4.84855E+16
85923,85924,9,6,73,153,2016,11,8,5,3,2,6,0,1,0,1,0,0,0,0,5.87356E+20,5.59025E+21,1.02307E+16,5.04578E+16
85924,85925,9,7,78,173,2016,11,17,4,3,2,6,2,1,0,1,0,0,0,0,6.14574E+20,5.32251E+21,1.05373E+16,4.80456E+16
85925,85926,9,7,71,130,2016,10,18,2,3,9,1,1,0,0,0,0,1,0,0,6.4543E+20,5.35808E+21,1.09633E+16,4.83591E+16
85926,85927,9,2,78,192,2016,10,10,2,3,2,2,0,0,0,1,0,0,0,0,7.73267E+20,5.41527E+21,1.27238E+16,4.88302E+16
85927,85928,9,7,77,130,2016,11,17,3,3,2,6,2,0,0,1,0,0,0,0,6.24656E+20,5.31155E+21,1.06693E+16,4.79451E+16
85928,85929,9,1,81,141,2016,11,17,4,2,4,6,2,1,0,1,0,0,0,0,6.43726E+20,5.31767E+21,1.09266E+16,4.79962E+16
85929,85930,9,2,79,122,2016,11,16,4,3,5,3,2,0,0,1,0,1,0,0,7.71512E+20,5.39818E+21,1.26887E+16,4.86775E+16
85930,85931,9,1,88,121,2016,11,16,6,3,5,2,0,0,1,1,0,0,0,0,6.7007E+20,5.32929E+21,1.12841E+16,4.80942E+16
85931,85932,9,4,63,0,2016,11,9,5,3,5,2,0,0,0,1,0,0,0,0,6.4038E+20,5.57074E+21,1.097E+16,5.02721E+16
85932,85933,9,2,71,119,2016,10,12,2,3,5,3,0,0,0,1,0,0,0,1,7.90691E+20,5.41865E+21,1.29631E+16,4.88526E+16
85933,85934,9,4,76,154,2016,11,23,4,3,8,1,2,1,0,1,0,0,0,0,6.58148E+20,5.56524E+21,1.12169E+16,5.02182E+16
85934,85935,9,1,89,119,2016,11,14,3,3,2,6,0,0,0,1,0,0,0,0,7.65182E+20,5.30326E+21,1.25434E+16,4.7828E+16
85935,85936,9,2,61,0,2016,11,10,5,3,5,3,0,0,0,1,0,0,0,1,7.32448E+20,5.38274E+21,1.21502E+16,4.85546E+16
85936,85937,9,3,77,141,2016,11,14,4,3,4,2,0,0,0,1,0,0,0,0,7.345E+20,5.54125E+21,1.22708E+16,4.99774E+16
85937,85938,9,7,72,147,2016,11,19,4,3,8,1,2,0,0,1,0,0,0,0,6.33889E+20,5.36452E+21,1.08096E+16,4.84196E+16
85938,85939,9,3,61,0,2016,11,22,6,3,5,3,2,0,0,1,0,0,0,0,7.06532E+20,5.48095E+21,1.18494E+16,4.94461E+16
85939,85940,9,7,61,0,2016,10,19,2,3,8,1,2,0,0,1,0,0,0,0,6.36955E+20,5.35955E+21,1.08494E+16,4.83742E+16
85940,85941,9,2,78,116,2016,10,14,2,2,9,7,0,0,0,1,0,0,0,0,7.65222E+20,5.43492E+21,1.26272E+16,4.90101E+16
85941,85942,9,1,87,157,2016,10,19,1,2,9,7,2,0,0,1,0,0,0,0,7.39299E+20,5.28254E+21,1.21867E+16,4.76519E+16
85942,85943,9,3,63,0,2016,11,11,4,3,5,3,0,0,0,1,0,0,0,0,7.24004E+20,5.50848E+21,1.21058E+16,4.96872E+16
85943,85944,9,7,63,0,2016,11,16,4,3,2,6,1,1,0,1,0,0,0,0,5.99842E+20,5.29036E+21,1.03323E+16,4.77589E+16
85944,85945,9,3,74,166,2016,11,6,6,3,8,1,0,1,0,1,0,0,0,0,7.13218E+20,5.50429E+21,1.19541E+16,4.96535E+16
85945,85946,9,2,77,142,2016,10,19,2,3,4,6,2,0,0,1,0,0,0,0,7.88315E+20,5.38886E+21,1.29099E+16,4.85864E+16
85946,85947,9,1,63,0,2016,10,14,1,3,2,6,0,0,0,1,0,0,0,0,7.33952E+20,5.30424E+21,1.21273E+16,4.78489E+16
85947,85948,9,7,72,163,2016,11,12,3,2,9,1,0,0,0,1,0,0,0,0,6.3885E+20,5.34941E+21,1.08716E+16,4.82826E+16
85948,85949,9,1,79,123,2016,11,19,4,3,2,6,2,0,0,1,0,0,0,0,6.74881E+20,5.335E+21,1.1351E+16,4.81442E+16
85949,85950,9,2,79,128,2016,11,13,4,3,4,2,0,1,0,1,0,0,1,0,7.5556E+20,5.39524E+21,1.24706E+16,4.86579E+16
85950,85951,9,1,74,113,2016,11,19,6,3,0,1,2,1,0,1,0,0,0,0,6.78378E+20,5.34513E+21,1.14022E+16,4.82343E+16
85951,85952,9,3,75,153,2016,11,7,5,3,8,1,0,1,0,1,0,0,0,0,7.17919E+20,5.44735E+21,1.1988E+16,4.91403E+16
85952,85953,9,2,72,118,2016,10,14,2,3,8,1,0,0,0,0,0,1,0,0,8.35411E+20,5.41616E+21,1.35688E+16,4.88077E+16
85953,85954,9,1,89,124,2016,11,1,3,3,8,1,2,0,0,1,0,0,0,0,7.82149E+20,5.29729E+21,1.27657E+16,4.77671E+16
85954,85955,9,1,89,155,2016,11,12,5,3,2,6,0,1,0,1,0,0,0,0,7.70164E+20,5.31028E+21,1.26142E+16,4.7889E+16
85955,85956,9,3,75,190,2016,11,3,4,3,2,6,2,0,0,1,0,0,0,1,7.26493E+20,5.44776E+21,1.21056E+16,4.91408E+16
85956,85957,9,2,79,113,2016,10,12,2,3,8,1,0,0,0,1,0,0,0,0,7.84744E+20,5.39388E+21,1.28651E+16,4.86331E+16
85957,85958,9,6,75,178,2016,11,12,4,3,5,3,0,0,0,1,0,0,0,0,5.96363E+20,5.51659E+21,1.03389E+16,4.9794E+16
85958,85959,9,2,78,170,2016,11,15,6,3,4,6,0,0,0,1,0,0,0,0,7.64981E+20,5.42247E+21,1.26158E+16,4.88984E+16
85959,85960,9,6,79,209,2016,10,16,2,3,2,6,0,0,0,1,0,0,0,0,5.6252E+20,5.51576E+21,9.86861E+15,4.97911E+16
85960,85961,9,4,62,0,2016,11,10,4,3,5,3,0,0,0,1,0,0,0,0,6.84763E+20,5.53593E+21,1.15754E+16,4.99471E+16
85961,85962,9,2,79,115,2016,10,17,2,3,5,3,2,0,0,1,0,0,0,0,7.60316E+20,5.3824E+21,1.2527E+16,4.85407E+16
85962,85963,9,7,71,130,2016,11,7,3,2,5,3,0,0,0,1,0,0,0,0,6.47625E+20,5.35893E+21,1.09932E+16,4.83663E+16
85963,85964,9,1,90,139,2016,10,14,2,3,0,7,0,1,0,0,0,1,0,1,6.55144E+20,5.2967E+21,1.10721E+16,4.78049E+16
85964,85965,9,1,83,135,2016,11,13,3,3,8,7,0,0,0,1,0,0,0,0,7.45589E+20,5.3512E+21,1.23096E+16,4.82663E+16
85965,85966,9,7,71,156,2016,11,7,3,3,9,7,0,1,0,0,0,1,0,0,6.50709E+20,5.37756E+21,1.10415E+16,4.85331E+16
85966,85967,9,1,88,120,2016,11,14,4,3,9,1,0,1,0,1,0,0,0,0,6.76452E+20,5.32349E+21,1.13674E+16,4.80403E+16
85967,85968,9,1,73,147,2016,11,10,4,3,5,3,0,0,0,1,0,1,0,0,6.80523E+20,5.30864E+21,1.14157E+16,4.79057E+16
85968,85969,9,1,62,0,2016,11,17,5,3,5,2,2,0,1,1,0,0,0,0,6.88144E+20,5.33384E+21,1.15286E+16,4.81299E+16
85969,85970,9,1,61,0,2016,11,16,5,3,1,6,0,0,0,1,0,0,0,0,6.76498E+20,5.40449E+21,1.14021E+16,4.87684E+16
85970,85971,9,1,90,132,2016,10,12,2,2,8,1,0,0,0,1,0,0,0,0,6.75231E+20,5.29378E+21,1.13389E+16,4.77736E+16
85971,85972,9,6,79,170,2016,10,20,2,2,2,6,2,0,0,1,0,0,0,0,5.78623E+20,5.50219E+21,1.00896E+16,4.96671E+16
85972,85973,9,1,89,162,2016,11,12,3,2,5,3,0,0,0,1,0,0,0,0,7.799E+20,5.31522E+21,1.27474E+16,4.79291E+16
85973,85974,9,1,63,0,2016,11,18,5,3,5,3,2,0,1,1,0,0,0,0,7.34847E+20,5.30493E+21,1.21396E+16,4.78548E+16
85974,85975,9,1,73,118,2016,10,11,2,3,4,6,0,0,0,1,0,0,0,0,6.89688E+20,5.3E+21,1.15344E+16,4.78254E+16
85975,85976,9,6,71,134,2016,11,21,4,3,2,6,2,0,0,1,0,0,0,0,5.01368E+20,5.55015E+21,9.01913E+15,5.01036E+16
85976,85977,9,2,73,147,2016,11,17,6,3,2,6,2,0,0,1,0,0,0,0,7.00922E+20,5.38989E+21,1.1727E+16,4.86297E+16
85977,85978,9,6,77,122,2016,10,6,2,3,8,7,2,0,0,1,0,0,0,0,5.45995E+20,5.55769E+21,9.64406E+15,5.01696E+16
85978,85979,9,4,71,220,2016,11,14,3,3,8,1,0,0,0,1,0,0,0,0,6.13244E+20,5.513E+21,1.05723E+16,4.97588E+16
85979,85980,9,1,73,133,2016,10,12,2,2,8,1,0,0,0,0,0,1,0,0,6.7695E+20,5.27857E+21,1.13557E+16,4.76364E+16
85980,85981,9,5,64,0,2016,11,17,4,3,2,6,1,0,0,1,0,0,0,1,6.53525E+20,5.48029E+21,1.11185E+16,4.94558E+16
85981,85982,9,1,72,117,2016,11,13,3,2,5,3,0,0,0,1,0,0,0,0,7.95428E+20,5.28849E+21,1.29366E+16,4.76822E+16
85982,85983,9,6,77,151,2016,11,15,5,3,1,6,0,0,0,1,0,0,0,0,5.3987E+20,5.51703E+21,9.55407E+15,4.98044E+16
85983,85984,9,1,75,122,2016,11,18,5,3,6,4,2,0,0,1,1,0,0,0,7.21027E+20,5.32553E+21,1.19657E+16,4.80448E+16
85984,85985,9,6,72,139,2016,10,12,2,3,1,6,0,0,0,1,0,0,0,0,5.66861E+20,5.56098E+21,9.93678E+15,5.01972E+16
85985,85986,9,1,89,119,2016,10,17,2,2,5,3,1,0,0,1,0,1,0,0,7.64251E+20,5.30644E+21,1.25329E+16,4.78569E+16
85986,85987,9,6,75,165,2016,11,23,3,2,8,1,2,0,0,1,0,0,0,0,5.8685E+20,5.51515E+21,1.02064E+16,4.97825E+16
85987,85988,9,7,63,0,2016,11,19,5,3,3,6,2,0,0,1,0,0,0,1,5.99488E+20,5.28548E+21,1.03264E+16,4.7715E+16
85988,85989,9,1,81,132,2016,11,10,5,3,2,6,0,0,0,1,0,0,0,0,6.45564E+20,5.32456E+21,1.09536E+16,4.80577E+16
85989,85990,9,1,71,124,2016,10,14,2,3,1,6,0,0,0,1,0,0,0,0,7.8248E+20,5.34404E+21,1.28009E+16,4.81867E+16
85990,85991,9,6,74,221,2016,10,12,2,3,1,6,0,0,0,1,0,0,0,0,6.13373E+20,5.54153E+21,1.05825E+16,5.00153E+16
85991,85992,9,1,61,0,2016,11,13,5,3,2,2,0,0,0,1,0,0,0,0,6.79575E+20,5.39992E+21,1.14419E+16,4.87264E+16
85992,85993,9,1,72,114,2016,10,14,2,2,2,6,0,0,0,1,0,0,0,0,7.94237E+20,5.29757E+21,1.29269E+16,4.77643E+16
85993,85994,9,1,73,131,2016,11,17,6,3,2,6,2,0,1,1,0,0,0,0,6.87731E+20,5.27655E+21,1.14982E+16,4.76152E+16
85994,85995,9,6,77,155,2016,11,7,3,2,9,7,1,0,0,1,0,0,0,0,5.40838E+20,5.53835E+21,9.56978E+15,4.99961E+16
85995,85996,9,1,83,112,2016,11,5,6,3,0,1,1,0,0,1,0,0,0,0,7.54814E+20,5.3505E+21,1.24332E+16,4.82564E+16
85996,85997,9,6,71,122,2016,11,15,5,3,2,6,0,0,0,1,0,0,0,0,5.05941E+20,5.53074E+21,9.08278E+15,4.9929E+16
85997,85998,9,1,87,159,2016,10,11,2,3,0,1,0,0,0,0,0,1,0,0,7.32177E+20,5.32365E+21,1.21141E+16,4.80239E+16
85998,85999,9,5,77,173,2016,11,6,4,3,2,3,1,1,0,1,0,0,0,0,6.41002E+20,5.42236E+21,1.09254E+16,4.89381E+16
85999,86000,9,1,72,124,2016,11,13,3,3,2,6,0,0,0,1,0,0,0,0,8.03676E+20,5.28974E+21,1.30471E+16,4.76897E+16
86000,86001,9,3,75,201,2016,11,9,4,3,8,1,0,1,0,1,0,0,0,0,7.46304E+20,5.41848E+21,1.2359E+16,4.88703E+16
86001,86002,9,6,78,178,2016,11,18,5,3,4,6,2,0,1,0,0,0,0,0,5.89607E+20,5.54351E+21,1.02513E+16,5.00371E+16
86002,86003,9,7,64,0,2016,11,13,4,3,2,6,0,1,0,1,0,0,0,0,5.88264E+20,5.31425E+21,1.01827E+16,4.79755E+16
86003,86004,9,6,78,124,2016,10,15,2,3,2,6,0,0,0,1,0,0,1,0,6.01615E+20,5.53633E+21,1.0417E+16,4.99706E+16
86004,86005,9,1,87,159,2016,10,3,2,2,8,1,2,0,0,1,0,0,0,0,7.32119E+20,5.32588E+21,1.21145E+16,4.8044E+16
86005,86006,9,1,63,0,2016,10,14,1,3,6,4,0,0,0,1,1,0,0,0,7.32706E+20,5.3056E+21,1.21114E+16,4.78615E+16
86006,86007,9,6,78,164,2016,11,14,3,3,1,6,0,0,0,1,0,1,0,0,6.01514E+20,5.52413E+21,1.04124E+16,4.98609E+16
86007,86008,9,1,74,122,2016,11,17,4,3,2,6,2,1,0,1,0,0,0,0,6.83385E+20,5.35154E+21,1.14724E+16,4.82904E+16
86008,86009,9,1,73,112,2016,11,19,4,3,5,3,2,1,0,1,0,0,0,0,6.93583E+20,5.29297E+21,1.15833E+16,4.7761E+16
86009,86010,9,1,62,0,2016,11,10,4,3,3,7,0,1,0,1,0,0,1,0,6.95267E+20,5.34414E+21,1.1629E+16,4.82204E+16
86010,86011,9,1,89,155,2016,11,18,4,3,4,2,2,0,1,1,0,0,0,0,7.71482E+20,5.30773E+21,1.26302E+16,4.78655E+16
86011,86012,9,1,86,130,2016,11,18,6,3,5,3,2,0,0,1,0,0,0,0,6.85381E+20,5.37344E+21,1.15089E+16,4.84867E+16
86012,86013,9,4,75,171,2016,11,7,5,3,8,1,1,2,0,1,0,0,0,0,6.98686E+20,5.57846E+21,1.17914E+16,5.03247E+16
86013,86014,9,1,87,162,2016,10,15,2,3,2,6,0,0,0,1,0,0,0,0,7.50202E+20,5.3052E+21,1.23447E+16,4.78514E+16
86014,86015,9,5,61,0,2016,11,7,4,3,0,6,0,1,0,1,0,0,0,0,6.15728E+20,5.46181E+21,1.05918E+16,4.92981E+16
86015,86016,9,1,87,157,2016,11,19,3,3,2,6,2,0,0,1,0,0,0,0,7.39588E+20,5.28188E+21,1.21902E+16,4.7646E+16
86016,86017,9,2,75,122,2016,11,16,5,3,4,6,0,0,0,1,0,0,1,0,8.19508E+20,5.38376E+21,1.33278E+16,4.85255E+16
86017,86018,9,3,72,164,2016,11,16,4,3,2,6,0,0,0,1,0,0,1,0,7.66311E+20,5.44766E+21,1.26504E+16,4.9124E+16
86018,86019,9,7,77,151,2016,11,13,4,2,4,1,0,0,0,1,0,0,1,0,6.22871E+20,5.29075E+21,1.06395E+16,4.77584E+16
86019,86020,9,3,62,0,2016,11,14,6,3,2,6,0,1,0,1,0,0,0,0,7.26665E+20,5.43719E+21,1.2102E+16,4.90459E+16
86020,86021,9,6,72,114,2016,10,16,2,3,1,6,0,0,0,1,0,0,0,0,5.76477E+20,5.56015E+21,1.00713E+16,5.01886E+16
86021,86022,9,1,87,165,2016,10,17,2,3,5,3,2,0,1,1,0,0,0,0,7.33216E+20,5.29772E+21,1.2114E+16,4.77906E+16
86022,86023,9,1,63,0,2016,10,18,1,3,2,6,1,1,0,1,0,0,0,0,7.33854E+20,5.3049E+21,1.21264E+16,4.78548E+16
86023,86024,9,6,78,174,2016,11,17,3,3,2,6,1,0,0,1,0,0,0,0,5.99298E+20,5.54708E+21,1.03875E+16,5.00677E+16
86024,86025,9,1,78,120,2016,11,18,4,2,3,6,2,0,0,1,0,0,1,1,6.96127E+20,5.35005E+21,1.16433E+16,4.82732E+16
86025,86026,9,1,89,159,2016,11,17,4,3,2,6,2,1,0,1,0,0,0,0,7.61755E+20,5.30209E+21,1.2497E+16,4.78188E+16
86026,86027,9,1,78,123,2016,11,4,6,3,9,3,2,1,0,1,0,0,0,0,6.88633E+20,5.35908E+21,1.15464E+16,4.83567E+16
86027,86028,9,1,85,149,2016,10,13,2,2,5,3,0,0,0,1,0,0,0,0,6.61317E+20,5.39839E+21,1.11932E+16,4.87176E+16
86028,86029,9,6,72,117,2016,10,17,2,3,2,2,0,0,0,1,0,0,0,0,5.66605E+20,5.56956E+21,9.93471E+15,5.02744E+16
86029,86030,9,1,84,148,2016,11,6,5,3,0,7,2,0,0,1,1,0,0,0,6.93305E+20,5.32876E+21,1.15956E+16,4.80828E+16
86030,86031,9,1,85,127,2016,10,17,2,3,4,6,2,0,0,1,0,0,0,0,6.56642E+20,5.38902E+21,1.11262E+16,4.86346E+16
86031,86032,9,6,77,127,2016,11,15,4,2,4,1,0,1,0,1,0,0,1,0,5.56867E+20,5.53668E+21,9.79316E+15,4.99798E+16
86032,86033,9,2,77,113,2016,11,6,6,3,2,6,1,1,0,1,0,0,0,1,8.00938E+20,5.37322E+21,1.30694E+16,4.84401E+16
86033,86034,9,1,81,114,2016,11,9,6,1,0,1,0,1,0,1,0,0,0,1,6.57323E+20,5.31183E+21,1.11066E+16,4.79405E+16
86034,86035,9,3,75,213,2016,11,8,5,3,2,6,0,0,0,1,0,0,0,1,7.26263E+20,5.44165E+21,1.2099E+16,4.9086E+16
86035,86036,9,1,85,153,2016,10,18,2,2,9,1,2,0,0,1,0,0,0,0,6.51564E+20,5.40377E+21,1.10627E+16,4.87684E+16
86036,86037,9,1,87,157,2016,11,15,3,3,0,1,0,0,0,0,0,1,0,0,7.30488E+20,5.28448E+21,1.20706E+16,4.76726E+16
86037,86038,9,1,73,147,2016,11,11,5,3,6,4,0,0,0,1,1,0,0,0,6.81407E+20,5.30952E+21,1.14279E+16,4.79133E+16
86038,86039,9,3,71,151,2016,11,5,4,3,5,3,2,1,0,1,0,0,0,0,7.00553E+20,5.4856E+21,1.17694E+16,4.94899E+16
86039,86040,9,7,71,130,2016,11,19,4,3,1,6,2,0,0,1,0,0,0,0,6.45578E+20,5.35772E+21,1.09652E+16,4.83559E+16
86040,86041,9,2,71,119,2016,11,17,6,3,2,6,2,0,0,1,0,0,0,0,7.90606E+20,5.41429E+21,1.29588E+16,4.88135E+16
86041,86042,9,6,62,0,2016,10,3,2,3,0,7,2,0,1,0,0,0,0,0,5.87812E+20,5.54317E+21,1.02262E+16,5.00344E+16
86042,86043,9,1,88,113,2016,10,13,2,3,8,1,0,0,0,1,0,0,0,0,6.77755E+20,5.31184E+21,1.138E+16,4.79352E+16
86043,86044,9,6,76,121,2016,11,18,3,3,6,7,2,0,0,1,1,0,0,0,5.15127E+20,5.51981E+21,9.21034E+15,4.98305E+16
86044,86045,9,1,82,120,2016,11,18,3,3,5,7,2,0,1,1,0,0,0,0,7.01979E+20,5.30613E+21,1.17013E+16,4.78767E+16
86045,86046,9,7,75,135,2016,11,10,5,3,2,6,0,0,0,1,0,0,0,0,5.74879E+20,5.35725E+21,1.00109E+16,4.8364E+16
86046,86047,9,1,86,158,2016,11,16,5,3,5,3,0,0,0,1,0,0,0,0,6.93278E+20,5.40521E+21,1.16305E+16,4.87698E+16
86047,86048,9,1,79,121,2016,10,5,2,3,7,1,2,0,0,1,0,0,0,0,6.67366E+20,5.33923E+21,1.12517E+16,4.81842E+16
86048,86049,9,6,62,0,2016,10,12,2,3,1,6,0,0,0,1,0,0,0,0,5.88116E+20,5.54613E+21,1.02311E+16,5.00609E+16
86049,86050,9,1,87,130,2016,11,13,3,3,5,3,0,0,1,1,0,0,0,0,7.11448E+20,5.30895E+21,1.18292E+16,4.7899E+16
86050,86051,9,1,86,152,2016,11,21,5,3,2,6,2,0,0,1,0,0,1,0,6.91254E+20,5.38078E+21,1.15917E+16,4.85509E+16
86051,86052,9,1,75,132,2016,10,9,2,3,5,3,0,0,0,1,0,1,0,0,7.05876E+20,5.33471E+21,1.17671E+16,4.81323E+16
86052,86053,9,7,78,186,2016,11,15,3,3,5,3,0,0,0,1,0,0,0,0,5.97993E+20,5.31129E+21,1.03123E+16,4.79474E+16
86053,86054,9,6,71,130,2016,11,15,4,3,2,6,0,1,0,1,0,0,0,0,5.15125E+20,5.54169E+21,9.21116E+15,5.00274E+16
86054,86055,9,1,73,147,2016,11,14,6,3,2,6,0,0,0,1,0,0,0,0,6.81005E+20,5.30945E+21,1.14225E+16,4.79128E+16
86055,86056,9,6,71,156,2016,11,17,3,3,2,6,2,0,0,1,0,0,0,0,5.23395E+20,5.53565E+21,9.32626E+15,4.99727E+16
86056,86057,9,1,72,112,2016,11,19,6,3,2,6,2,0,0,1,0,0,0,0,7.87619E+20,5.30207E+21,1.28417E+16,4.78077E+16
86057,86058,9,6,62,0,2016,10,17,2,3,2,6,1,0,0,1,0,0,0,0,5.88794E+20,5.54378E+21,1.024E+16,5.00397E+16