FID,OBJECTID,ULAND,UREGBEZ,UKREIS,UGEMEINDE,UJAHR,UMONAT,USTUNDE,UWOCHENTAG,UKATEGORIE,UART,UTYP1,ULICHTVERH,IstStrasse,IstRad,IstPKW,IstFuss,IstKrad,IstGkfz,IstSonstig,LINREFX,LINREFY,XGCSWGS84,YGCSWGS84
86236,86237,9,1,79,123,2016,11,17,1,3,5,2,2,1,0,1,0,0,0,0,6.77443E+20,5.33197E+21,1.13842E+16,4.81162E+16
86237,86238,9,4,72,175,2016,11,17,2,3,5,3,1,0,0,1,0,0,0,0,6.77413E+20,5.51134E+21,1.14618E+16,4.97284E+16
86238,86239,9,5,76,122,2016,11,14,2,2,8,1,0,0,0,1,0,0,0,0,6.66417E+20,5.43214E+21,1.12762E+16,4.90197E+16
86239,86240,9,6,78,132,2016,11,14,2,3,5,3,0,0,0,1,0,0,0,1,5.82444E+20,5.54591E+21,1.01518E+16,5.00598E+16
86240,86241,9,6,72,117,2016,11,10,4,3,9,1,0,1,0,1,0,0,0,0,5.7427E+20,5.57306E+21,1.00429E+16,5.03049E+16
86241,86242,9,4,77,136,2016,11,13,4,3,1,6,0,0,0,1,0,0,0,0,6.65803E+20,5.54985E+21,1.13174E+16,5.00778E+16
86242,86243,9,1,74,143,2016,11,22,4,3,5,3,2,1,0,1,0,0,0,0,6.75959E+20,5.35204E+21,1.13726E+16,4.82971E+16
86243,86244,9,1,74,115,2016,11,17,1,2,6,4,2,1,0,1,1,0,0,0,6.8064E+20,5.34841E+21,1.14341E+16,4.82631E+16
86244,86245,9,7,79,228,2016,11,15,1,2,2,6,0,1,0,1,0,1,0,0,6.26794E+20,5.41507E+21,1.07292E+16,4.88756E+16
86245,86246,9,6,77,155,2016,11,15,3,1,4,1,0,2,0,0,0,0,1,1,5.44747E+20,5.53895E+21,9.6244E+15,5.00012E+16
86246,86247,9,7,80,146,2016,11,17,2,3,5,3,2,1,0,1,0,0,0,0,5.92311E+20,5.2887E+21,1.02314E+16,4.77451E+16
86247,86248,9,1,80,117,2016,11,10,3,3,9,3,0,0,0,1,0,0,0,1,6.55916E+20,5.26134E+21,1.10698E+16,4.74869E+16
86248,86249,9,1,74,126,2016,11,13,2,3,1,6,0,0,0,1,0,1,0,0,6.83403E+20,5.34419E+21,1.14695E+16,4.82244E+16
86249,86250,9,7,78,173,2016,11,17,6,3,0,1,2,1,1,0,0,0,0,0,6.12227E+20,5.32228E+21,1.05058E+16,4.8044E+16
86250,86251,9,1,62,0,2016,11,21,7,3,4,2,2,1,1,1,0,0,0,0,6.92106E+20,5.34188E+21,1.15855E+16,4.8201E+16
86251,86252,9,1,62,0,2016,11,14,2,3,2,6,0,1,0,1,0,0,0,1,7.01323E+20,5.33233E+21,1.17048E+16,4.81124E+16
86252,86253,9,4,74,126,2016,11,17,2,3,2,6,2,0,0,1,0,0,0,0,6.482E+20,5.50542E+21,1.10545E+16,4.9683E+16
86253,86254,9,5,64,0,2016,11,6,2,3,2,6,0,0,0,1,0,0,0,0,6.4773E+20,5.47807E+21,1.10377E+16,4.94373E+16
86254,86255,9,6,74,180,2016,11,19,2,3,2,6,2,1,0,1,0,0,0,0,6.02581E+20,5.54151E+21,1.04319E+16,5.0017E+16
86255,86256,9,5,72,111,2016,11,19,4,2,4,2,2,1,0,1,0,0,0,0,6.37545E+20,5.50785E+21,1.09077E+16,4.97075E+16
86256,86257,9,2,62,0,2016,11,13,4,3,2,6,0,0,0,1,0,0,0,1,8.28913E+20,5.39012E+21,1.34599E+16,4.85777E+16
86257,86258,9,5,76,127,2016,11,11,4,2,2,6,0,0,0,1,0,0,1,0,6.65235E+20,5.44687E+21,1.12661E+16,4.91524E+16
86258,86259,9,3,72,115,2016,11,6,4,3,5,3,1,1,0,1,0,0,0,1,7.77471E+20,5.45213E+21,1.28061E+16,4.91592E+16
86259,86260,9,1,75,119,2016,11,8,4,3,7,1,0,2,0,0,0,0,1,0,7.25332E+20,5.3245E+21,1.20229E+16,4.8034E+16
86260,86261,9,1,62,0,2016,11,15,7,3,2,6,0,0,0,1,0,0,0,0,6.88323E+20,5.33498E+21,1.15315E+16,4.81401E+16
86261,86262,9,7,73,125,2016,11,13,1,2,2,6,0,1,0,1,0,0,0,0,6.11688E+20,5.37956E+21,1.05137E+16,4.85592E+16
86262,86263,9,6,71,112,2016,11,16,3,3,9,6,1,1,0,1,0,0,0,0,5.18436E+20,5.53722E+21,9.25717E+15,4.9987E+16
86263,86264,9,7,63,0,2016,11,14,2,3,4,7,0,0,0,1,0,0,1,0,6.02037E+20,5.28877E+21,1.03612E+16,4.77443E+16
86264,86265,9,1,62,0,2016,11,18,3,3,2,6,2,0,0,1,0,0,0,0,6.92919E+20,5.32962E+21,1.15908E+16,4.80907E+16
86265,86266,9,1,78,113,2016,11,6,2,3,2,6,1,1,0,1,0,0,0,1,6.91504E+20,5.36796E+21,1.15892E+16,4.84357E+16
86266,86267,9,7,78,180,2016,11,19,6,3,5,3,2,0,0,1,0,0,0,0,6.05828E+20,5.32229E+21,1.04199E+16,4.80452E+16
86267,86268,9,1,84,138,2016,11,0,7,3,5,3,2,1,0,1,0,0,0,0,6.82493E+20,5.33197E+21,1.1452E+16,4.81148E+16
86268,86269,9,4,71,214,2016,11,7,2,3,2,6,0,0,0,1,0,0,0,0,6.37241E+20,5.54058E+21,1.09151E+16,5.00017E+16
86269,86270,9,1,84,132,2016,11,10,7,3,6,4,0,0,1,0,1,0,0,0,6.84121E+20,5.32924E+21,1.14726E+16,4.80899E+16
86270,86271,9,7,72,177,2016,11,14,1,3,3,6,0,1,0,1,0,0,0,0,6.3708E+20,5.37764E+21,1.0857E+16,4.85369E+16
86271,86272,9,2,74,113,2016,11,17,4,3,5,3,2,1,1,1,0,0,0,0,7.29711E+20,5.38175E+21,1.21126E+16,4.85468E+16
86272,86273,9,4,61,0,2016,11,22,3,3,4,6,2,2,0,1,0,0,0,0,6.36129E+20,5.52673E+21,1.08947E+16,4.98774E+16
86273,86274,9,1,63,0,2016,11,8,2,3,2,6,0,0,0,1,0,0,0,0,7.33916E+20,5.30417E+21,1.21268E+16,4.78482E+16
86274,86275,9,7,78,214,2016,11,18,7,3,5,3,2,1,0,1,0,0,0,0,5.95009E+20,5.31925E+21,1.02741E+16,4.80195E+16
86275,86276,9,7,64,0,2016,11,13,6,3,3,6,0,0,0,1,0,0,0,0,5.86035E+20,5.3169E+21,1.01534E+16,4.79996E+16
86276,86277,9,6,73,156,2016,11,6,1,3,2,6,1,1,0,1,0,0,0,1,5.91058E+20,5.57303E+21,1.02786E+16,5.03023E+16
86277,86278,9,4,75,175,2016,11,7,3,3,3,6,0,2,0,1,0,0,1,0,6.95866E+20,5.55662E+21,1.17405E+16,5.01295E+16
86278,86279,9,7,64,0,2016,11,14,7,3,2,6,0,1,0,1,0,0,0,0,5.88767E+20,5.31668E+21,1.01899E+16,4.79972E+16
86279,86280,9,1,84,148,2016,11,18,2,3,2,6,2,0,0,1,0,0,0,0,6.96906E+20,5.32655E+21,1.16429E+16,4.80618E+16
86280,86281,9,1,75,118,2016,11,17,2,3,5,3,2,1,0,1,0,0,0,0,7.15123E+20,5.33891E+21,1.18933E+16,4.8167E+16
86281,86282,9,7,75,162,2016,11,8,7,3,9,1,0,1,0,1,0,0,0,0,5.8393E+20,5.34914E+21,1.01315E+16,4.82899E+16
86282,86283,9,7,78,116,2016,11,12,6,3,9,6,0,0,0,1,0,0,0,0,6.18496E+20,5.32205E+21,1.05898E+16,4.80407E+16
86283,86284,9,5,71,180,2016,11,22,1,3,2,6,2,0,0,1,0,0,0,0,6.30025E+20,5.46291E+21,1.07887E+16,4.93051E+16
86284,86285,9,5,62,0,2016,11,19,3,3,5,2,2,1,1,1,0,0,0,0,6.42853E+20,5.49464E+21,1.09765E+16,4.95875E+16
86285,86286,9,7,63,0,2016,11,10,7,2,6,4,0,0,0,0,1,1,0,0,5.9944E+20,5.28524E+21,1.03257E+16,4.77129E+16
86286,86287,9,1,81,146,2016,11,8,3,3,2,6,0,0,0,1,0,0,1,0,6.5087E+20,5.32584E+21,1.10252E+16,4.8068E+16
86287,86288,9,1,75,111,2016,11,16,2,3,2,6,1,1,0,1,0,0,0,0,7.10719E+20,5.33828E+21,1.18339E+16,4.81628E+16
86288,86289,9,7,78,203,2016,11,15,6,3,1,3,0,0,0,1,0,0,0,1,6.2072E+20,5.32207E+21,1.06196E+16,4.80405E+16
86289,86290,9,1,84,135,2016,11,9,2,3,2,6,0,1,0,1,0,0,0,0,6.89914E+20,5.3494E+21,1.15594E+16,4.82693E+16
86290,86291,9,7,76,124,2016,11,20,7,3,5,3,2,1,0,1,0,0,0,0,5.70028E+20,5.27361E+21,9.93181E+15,4.76121E+16
86291,86292,9,3,75,180,2016,11,6,2,3,5,3,0,1,0,1,0,0,1,0,7.25861E+20,5.42589E+21,1.20847E+16,4.89446E+16
86292,86293,9,7,76,127,2016,11,10,7,2,8,1,0,1,0,1,0,0,0,0,5.73579E+20,5.27122E+21,9.97866E+15,4.75902E+16
86293,86294,9,5,64,0,2016,11,18,1,3,9,1,2,1,0,1,0,0,0,0,6.53426E+20,5.47322E+21,1.11144E+16,4.93923E+16
86294,86295,9,1,89,111,2016,11,6,4,3,4,1,1,2,0,1,0,0,0,0,7.58379E+20,5.32429E+21,1.24653E+16,4.80196E+16
86295,86296,9,3,73,153,2016,11,18,3,3,3,1,2,1,0,1,0,0,0,0,6.8378E+20,5.46661E+21,1.15292E+16,4.93245E+16
86296,86297,9,1,85,143,2016,11,7,2,2,0,1,1,1,0,1,0,0,0,0,6.64303E+20,5.38429E+21,1.12282E+16,4.85901E+16
86297,86298,9,7,79,131,2016,11,6,6,3,3,6,2,1,0,1,0,0,1,0,6.32054E+20,5.39747E+21,1.07953E+16,4.87163E+16
86298,86299,9,7,72,147,2016,11,14,7,3,2,6,0,0,0,1,0,0,1,0,6.30264E+20,5.36424E+21,1.07606E+16,4.84178E+16
86299,86300,9,5,64,0,2016,11,7,2,3,3,6,0,1,0,1,0,0,0,0,6.5261E+20,5.48079E+21,1.1106E+16,4.94606E+16
86300,86301,9,6,78,134,2016,11,13,2,3,5,3,0,0,0,1,0,0,0,0,5.9737E+20,5.52762E+21,1.03557E+16,4.98931E+16
86301,86302,9,5,71,190,2016,11,5,4,3,9,1,2,1,0,1,0,0,0,0,6.23467E+20,5.46501E+21,1.06992E+16,4.93253E+16
86302,86303,9,1,62,0,2016,11,4,4,2,3,1,2,1,0,1,0,0,1,0,6.79444E+20,5.33349E+21,1.14117E+16,4.81293E+16
86303,86304,9,7,72,148,2016,11,14,7,3,1,6,0,1,0,1,0,0,0,0,6.28233E+20,5.35425E+21,1.07301E+16,4.83285E+16
86304,86305,9,5,72,114,2016,11,19,1,3,8,7,2,0,0,1,0,0,0,0,6.32416E+20,5.49424E+21,1.0832E+16,4.95862E+16
86305,86306,9,7,72,160,2016,11,23,3,2,2,6,2,1,0,1,0,0,0,0,6.38249E+20,5.34183E+21,1.08611E+16,4.82146E+16
86306,86307,9,3,75,190,2016,11,6,2,3,9,1,1,2,0,1,0,0,0,0,7.24759E+20,5.44385E+21,1.20797E+16,4.91064E+16
86307,86308,9,5,73,125,2016,11,8,4,3,2,6,0,1,0,1,0,0,0,0,6.39158E+20,5.47152E+21,1.09173E+16,4.93804E+16
86308,86309,9,7,61,0,2016,11,14,7,3,5,2,0,1,1,1,0,0,0,0,6.43345E+20,5.36065E+21,1.0936E+16,4.83827E+16
86309,86310,9,5,76,111,2016,11,13,1,3,8,1,0,1,0,1,0,0,0,0,6.37654E+20,5.45394E+21,1.08905E+16,4.92228E+16
86310,86311,9,1,63,0,2016,11,9,4,3,2,2,0,0,0,1,0,0,0,0,7.32587E+20,5.30615E+21,1.21101E+16,4.78665E+16
86311,86312,9,2,77,145,2016,11,6,3,3,4,6,2,1,0,0,0,0,1,0,7.99464E+20,5.35466E+21,1.30363E+16,4.82743E+16
86312,86313,9,1,81,130,2016,11,10,2,2,5,3,0,1,0,1,0,0,1,0,6.38752E+20,5.32626E+21,1.08628E+16,4.80745E+16
86313,86314,9,7,79,131,2016,11,6,6,2,3,1,2,2,0,1,0,0,0,0,6.32293E+20,5.39729E+21,1.07985E+16,4.87146E+16
86314,86315,9,6,75,144,2016,11,12,7,3,8,1,0,1,0,1,0,0,0,0,5.88612E+20,5.50755E+21,1.02292E+16,4.97139E+16
86315,86316,9,3,73,155,2016,11,17,2,3,9,1,2,1,0,1,0,0,0,0,6.70386E+20,5.46447E+21,1.13441E+16,4.93092E+16
86316,86317,9,5,64,0,2016,11,9,2,3,2,6,0,0,0,1,0,0,0,0,6.53763E+20,5.48377E+21,1.11231E+16,4.9487E+16
86317,86318,9,6,72,114,2016,11,18,2,3,1,6,2,1,0,1,0,0,0,0,5.76874E+20,5.56013E+21,1.00769E+16,5.01884E+16
86318,86319,9,6,76,111,2016,11,5,4,3,9,1,2,1,0,1,0,0,0,0,5.30644E+20,5.51864E+21,9.42599E+15,4.98194E+16
86319,86320,9,3,75,180,2016,11,5,4,3,0,1,2,1,0,1,0,0,0,0,7.24192E+20,5.429E+21,1.20637E+16,4.89732E+16
86320,86321,9,1,75,132,2016,11,18,4,3,2,6,2,0,0,1,0,0,0,0,7.04556E+20,5.33584E+21,1.17499E+16,4.81429E+16
86321,86322,9,6,72,139,2016,11,12,7,3,9,1,0,1,0,1,0,0,0,0,5.66937E+20,5.56134E+21,9.93791E+15,5.02004E+16
86322,86323,9,5,74,155,2016,11,0,1,3,0,1,2,1,0,0,0,1,0,0,6.6911E+20,5.49304E+21,1.13388E+16,4.95663E+16
86323,86324,9,6,62,0,2016,11,13,3,2,6,2,0,1,0,1,1,0,0,0,5.8632E+20,5.54253E+21,1.02052E+16,5.00288E+16
86324,86325,9,7,63,0,2016,11,17,2,3,6,4,1,1,0,1,1,0,0,0,6.00158E+20,5.28662E+21,1.03356E+16,4.77251E+16
86325,86326,9,1,71,116,2016,11,12,3,2,9,1,0,0,0,1,0,0,0,0,7.69257E+20,5.32987E+21,1.26144E+16,4.80652E+16
86326,86327,9,1,75,132,2016,11,23,2,3,2,6,2,0,0,1,0,0,1,0,7.07266E+20,5.33026E+21,1.17836E+16,4.80919E+16
86327,86328,9,7,73,116,2016,11,8,6,3,5,3,0,0,0,1,0,0,1,0,6.19979E+20,5.38082E+21,1.06264E+16,4.8569E+16
86328,86329,9,6,72,121,2016,11,12,7,3,8,1,0,1,0,1,0,0,0,0,5.68073E+20,5.55414E+21,9.95254E+15,5.01355E+16
86329,86330,9,1,84,119,2016,11,8,2,3,4,2,1,1,0,1,0,0,0,0,6.97578E+20,5.3495E+21,1.16626E+16,4.82679E+16
86330,86331,9,7,77,112,2016,11,7,2,3,1,6,1,1,0,1,0,0,0,0,6.22778E+20,5.29905E+21,1.06407E+16,4.7833E+16
86331,86332,9,2,73,111,2016,11,13,3,3,4,2,0,0,1,1,0,0,0,0,7.0938E+20,5.41131E+21,1.18525E+16,4.88195E+16
86332,86333,9,1,78,130,2016,11,13,2,3,5,3,0,0,1,1,0,0,0,0,7.03806E+20,5.35596E+21,1.17495E+16,4.8324E+16
86333,86334,9,6,72,155,2016,11,9,7,2,9,1,0,1,0,1,0,0,0,0,5.73943E+20,5.55121E+21,1.00341E+16,5.01085E+16
86334,86335,9,7,75,152,2016,11,19,2,3,2,6,2,1,0,1,0,0,0,0,5.78207E+20,5.35159E+21,1.00548E+16,4.83126E+16
86335,86336,9,3,72,177,2016,11,17,2,2,2,6,2,0,0,1,0,0,0,1,7.71405E+20,5.45049E+21,1.2722E+16,4.91472E+16
86336,86337,9,5,64,0,2016,11,6,2,3,0,1,1,2,0,0,0,1,0,0,6.45076E+20,5.48752E+21,1.10046E+16,4.95229E+16
86337,86338,9,6,71,136,2016,11,6,2,2,2,6,2,0,0,1,0,0,1,0,5.04725E+20,5.53766E+21,9.06591E+15,4.99912E+16
86338,86339,9,5,74,152,2016,11,18,4,2,2,7,2,1,0,1,0,0,0,1,6.60746E+20,5.48165E+21,1.12186E+16,4.94662E+16
86339,86340,9,2,71,146,2016,11,17,4,3,4,2,2,0,1,1,0,0,0,0,7.83795E+20,5.41047E+21,1.28636E+16,4.87824E+16
86340,86341,9,7,64,0,2016,11,7,3,3,5,3,0,0,1,1,0,0,0,0,5.86553E+20,5.31624E+21,1.01602E+16,4.79936E+16
86341,86342,9,6,74,171,2016,11,22,7,3,8,1,2,1,0,1,0,0,0,0,6.23093E+20,5.56067E+21,1.07243E+16,5.01854E+16
86342,86343,9,5,71,125,2016,11,16,1,2,8,1,2,1,0,1,0,0,0,0,5.93499E+20,5.46235E+21,1.02862E+16,4.93067E+16
86343,86344,9,6,71,155,2016,11,7,3,2,4,6,0,1,0,1,0,0,0,0,5.0307E+20,5.53875E+21,9.04284E+15,5.00011E+16
86344,86345,9,7,77,112,2016,11,18,2,3,2,6,2,0,0,1,0,0,0,0,6.22794E+20,5.29661E+21,1.06402E+16,4.78111E+16
86345,86346,9,6,62,0,2016,11,15,7,3,6,7,0,1,0,1,1,0,0,0,5.8703E+20,5.54467E+21,1.02156E+16,5.00479E+16
86346,86347,9,1,61,0,2016,11,15,3,3,2,6,0,0,0,1,0,0,0,0,6.79095E+20,5.40146E+21,1.1436E+16,4.87404E+16
86347,86348,9,1,78,130,2016,11,8,2,3,0,3,0,1,1,0,0,0,0,0,7.00415E+20,5.35458E+21,1.17032E+16,4.83126E+16
86348,86349,9,7,61,0,2016,11,16,6,3,2,6,0,0,0,1,0,0,0,0,6.37729E+20,5.361E+21,1.08603E+16,4.83871E+16
86349,86350,9,1,62,0,2016,11,12,2,3,2,6,0,0,0,1,0,0,0,0,6.91937E+20,5.33172E+21,1.15786E+16,4.81098E+16
86350,86351,9,6,71,136,2016,11,17,7,3,3,1,1,1,0,1,0,0,0,0,5.05713E+20,5.53745E+21,9.07969E+15,4.99893E+16
86351,86352,9,3,76,161,2016,11,17,2,3,5,2,1,1,0,1,0,0,0,0,7.27381E+20,5.46247E+21,1.21261E+16,4.92726E+16
86352,86353,9,6,71,160,2016,11,23,7,3,9,1,2,1,0,1,0,0,0,0,5.26728E+20,5.52616E+21,9.37208E+15,4.98872E+16
86353,86354,9,4,79,129,2016,11,2,1,3,6,6,2,0,0,1,1,0,0,0,7.14141E+20,5.56036E+21,1.1998E+16,5.01567E+16
86354,86355,9,3,76,147,2016,11,21,2,3,8,7,2,0,0,1,0,0,0,0,7.50019E+20,5.46748E+21,1.24399E+16,4.93088E+16
86355,86356,9,5,64,0,2016,11,13,2,3,3,6,0,0,0,1,0,1,0,0,6.48165E+20,5.47707E+21,1.10433E+16,4.94282E+16
86356,86357,9,6,76,139,2016,11,13,2,2,4,2,0,0,0,1,0,0,0,0,5.18553E+20,5.50566E+21,9.2573E+15,4.97032E+16
86357,86358,9,5,74,156,2016,11,16,4,3,6,7,0,0,0,1,1,0,0,0,6.59316E+20,5.48324E+21,1.11995E+16,4.94808E+16
86358,86359,9,2,61,0,2016,11,18,4,3,5,3,1,0,1,1,0,0,0,0,7.35718E+20,5.38245E+21,1.21943E+16,4.85508E+16
86359,86360,9,4,75,127,2016,11,21,3,3,9,1,2,2,0,1,0,0,0,0,7.10864E+20,5.58132E+21,1.19638E+16,5.03461E+16
86360,86361,9,5,72,131,2016,11,12,7,3,8,1,0,1,0,1,0,0,0,0,6.54479E+20,5.48482E+21,1.11334E+16,4.94964E+16
86361,86362,9,7,72,223,2016,11,9,6,3,2,6,0,0,0,1,0,0,0,0,6.16663E+20,5.35795E+21,1.05751E+16,4.83639E+16
86362,86363,9,4,74,129,2016,11,14,1,3,8,1,0,1,0,1,0,0,0,0,6.65485E+20,5.51606E+21,1.12984E+16,4.97742E+16
86363,86364,9,5,64,0,2016,11,6,3,3,5,2,2,0,0,1,0,0,0,0,6.54007E+20,5.48153E+21,1.11256E+16,4.94669E+16
86364,86365,9,5,76,143,2016,11,18,7,3,2,7,2,1,0,1,0,0,0,1,6.53003E+20,5.45585E+21,1.11019E+16,4.92363E+16
86365,86366,9,1,74,113,2016,11,6,3,2,5,3,1,1,0,1,0,0,1,0,6.78213E+20,5.35026E+21,1.14022E+16,4.82804E+16
86366,86367,9,1,78,113,2016,11,17,2,3,5,3,1,1,0,1,0,0,0,1,6.92106E+20,5.36743E+21,1.15971E+16,4.84307E+16
86367,86368,9,7,71,129,2016,11,15,6,3,8,1,0,0,0,0,0,1,0,0,6.58766E+20,5.35473E+21,1.11419E+16,4.83258E+16
86368,86369,9,3,71,154,2016,11,6,2,3,9,1,2,2,0,1,0,0,0,0,7.07095E+20,5.47336E+21,1.18532E+16,4.93777E+16
86369,86370,9,5,72,139,2016,11,14,7,3,5,2,0,1,0,1,0,0,0,0,6.28339E+20,5.50691E+21,1.07798E+16,4.97011E+16
86370,86371,9,4,74,140,2016,11,17,1,2,2,6,1,1,0,1,0,0,0,0,6.61371E+20,5.49871E+21,1.12342E+16,4.96194E+16
86371,86372,9,1,89,154,2016,11,16,4,3,2,1,0,0,0,1,0,0,0,0,7.68812E+20,5.31484E+21,1.2599E+16,4.79305E+16
86372,86373,9,3,72,146,2016,11,17,3,3,5,3,2,1,0,1,0,0,0,1,7.64797E+20,5.46238E+21,1.26394E+16,4.92569E+16
86373,86374,9,1,79,142,2016,11,6,2,3,2,6,2,1,0,1,0,0,0,0,6.76966E+20,5.34276E+21,1.13823E+16,4.82134E+16
86374,86375,9,7,61,0,2016,11,16,6,3,5,2,1,0,0,1,0,0,0,0,6.44814E+20,5.35643E+21,1.09544E+16,4.83444E+16
86375,86376,9,5,76,143,2016,11,12,7,2,5,2,0,1,0,1,0,0,0,0,6.51804E+20,5.45773E+21,1.10861E+16,4.92535E+16
86376,86377,9,2,76,121,2016,11,5,2,3,8,7,2,1,0,1,0,0,0,0,8.12579E+20,5.43727E+21,1.32749E+16,4.90091E+16
86377,86378,9,1,90,148,2016,11,7,4,2,0,1,0,1,1,0,0,0,0,0,6.42458E+20,5.29684E+21,1.09028E+16,4.78092E+16
86378,86379,9,4,61,0,2016,11,7,3,2,5,2,0,1,1,1,0,0,0,0,6.34391E+20,5.5292E+21,1.08714E+16,4.99001E+16
86379,86380,9,1,61,0,2016,11,9,2,3,0,1,0,1,1,0,0,0,0,0,6.79193E+20,5.40338E+21,1.14382E+16,4.87576E+16
86380,86381,9,5,76,122,2016,11,13,7,2,9,1,0,0,0,0,0,0,0,1,6.70845E+20,5.43907E+21,1.13397E+16,4.90808E+16
86381,86382,9,7,61,0,2016,11,13,6,3,2,1,0,0,0,1,0,0,0,1,6.41402E+20,5.35265E+21,1.09071E+16,4.83112E+16
86382,86383,9,4,75,169,2016,11,20,3,3,9,1,2,2,0,1,0,0,0,0,6.89841E+20,5.57119E+21,1.16636E+16,5.02623E+16
86383,86384,9,5,63,0,2016,11,2,7,3,4,6,2,1,0,1,0,0,0,0,6.43896E+20,5.48073E+21,1.09858E+16,4.94622E+16
86384,86385,9,1,78,124,2016,11,7,2,3,8,1,1,1,0,1,0,0,0,0,7.00303E+20,5.36476E+21,1.17065E+16,4.84042E+16
86385,86386,9,2,78,148,2016,11,11,2,2,8,1,0,0,0,1,0,0,0,0,7.35773E+20,5.40622E+21,1.22086E+16,4.87643E+16
86386,86387,9,5,71,198,2016,11,13,4,3,5,3,0,0,0,1,0,0,0,0,5.91568E+20,5.45947E+21,1.0259E+16,4.92811E+16
86387,86388,9,1,85,158,2016,11,8,4,3,2,6,0,0,0,1,0,0,0,0,6.68186E+20,5.38483E+21,1.1281E+16,4.8594E+16
86388,86389,9,5,64,0,2016,11,21,7,3,5,2,2,1,0,1,0,0,0,0,6.56143E+20,5.47596E+21,1.11528E+16,4.94162E+16
86389,86390,9,3,74,165,2016,11,16,1,3,8,1,0,1,0,1,0,0,0,0,7.40131E+20,5.5067E+21,1.23279E+16,4.96649E+16
86390,86391,9,7,76,113,2016,11,18,2,3,4,1,2,2,0,1,0,0,0,0,5.79144E+20,5.27423E+21,1.00532E+16,4.76167E+16
86391,86392,9,1,85,116,2016,11,18,4,3,2,3,1,0,0,1,0,1,0,0,6.67542E+20,5.38854E+21,1.12738E+16,4.86275E+16
86392,86393,9,2,62,0,2016,11,19,3,3,5,3,2,1,0,1,0,0,0,0,8.25388E+20,5.38931E+21,1.34116E+16,4.85723E+16
86393,86394,9,6,63,0,2016,11,19,6,3,2,6,2,0,0,1,0,0,0,0,5.69286E+20,5.51691E+21,9.9628E+15,4.98006E+16
86394,86395,9,5,64,0,2016,11,17,7,3,4,2,1,1,0,1,0,0,0,0,6.48094E+20,5.47694E+21,1.10423E+16,4.94271E+16
86395,86396,9,7,75,135,2016,11,17,2,3,2,6,1,1,0,1,0,0,0,0,5.75661E+20,5.35952E+21,1.00219E+16,4.83843E+16
86396,86397,9,2,78,141,2016,11,18,2,3,5,3,2,0,0,1,0,0,0,0,7.59653E+20,5.42758E+21,1.25465E+16,4.89465E+16
86397,86398,9,5,71,136,2016,11,5,2,3,9,6,1,1,0,1,0,0,1,0,5.90408E+20,5.44162E+21,1.02391E+16,4.91208E+16
86398,86399,9,6,71,148,2016,11,16,2,1,4,1,1,1,0,1,0,0,0,0,5.2502E+20,5.53254E+21,9.34872E+15,4.99447E+16
86399,86400,9,5,72,142,2016,11,8,4,3,2,6,0,0,0,1,0,0,0,0,6.45083E+20,5.49981E+21,1.10092E+16,4.96334E+16
86400,86401,9,5,77,177,2016,11,7,2,3,9,1,0,2,0,1,0,0,0,0,6.38206E+20,5.43366E+21,1.08911E+16,4.90403E+16
86401,86402,9,6,61,0,2016,11,15,2,3,4,3,0,0,1,1,0,0,0,0,5.10072E+20,5.53627E+21,9.14047E+15,4.99787E+16
86402,86403,9,6,73,114,2016,11,20,4,3,5,3,2,1,0,1,0,0,0,0,5.86803E+20,5.57608E+21,1.02196E+16,5.03305E+16
86403,86404,9,4,78,165,2016,11,17,4,3,5,3,2,0,0,1,0,0,0,0,6.43872E+20,5.55268E+21,1.10121E+16,5.01089E+16
86404,86405,9,1,79,142,2016,11,5,4,3,4,1,2,2,0,1,0,0,0,0,6.71452E+20,5.34071E+21,1.13073E+16,4.81965E+16
86405,86406,9,5,61,0,2016,11,23,7,3,8,7,2,1,0,1,0,0,0,0,6.18902E+20,5.45654E+21,1.06338E+16,4.925E+16
86406,86407,9,3,75,175,2016,11,11,1,3,8,1,0,1,0,1,0,0,0,0,7.15473E+20,5.4351E+21,1.19479E+16,4.90311E+16
86407,86408,9,5,72,160,2016,11,8,3,3,2,6,0,0,0,1,0,0,0,0,6.21871E+20,5.51013E+21,1.06911E+16,4.97313E+16
86408,86409,9,7,77,158,2016,11,11,2,3,5,3,0,1,0,1,0,0,0,0,6.20133E+20,5.31011E+21,1.06084E+16,4.79331E+16
86409,86410,9,1,90,153,2016,11,12,3,3,9,1,0,0,0,1,0,0,0,0,6.74354E+20,5.28857E+21,1.13251E+16,4.77269E+16
86410,86411,9,1,77,135,2016,11,18,2,3,5,3,2,1,0,1,0,0,0,0,7.19826E+20,5.34355E+21,1.19589E+16,4.82071E+16
86411,86412,9,6,77,125,2016,11,10,6,3,1,6,0,0,0,1,0,0,0,0,5.46952E+20,5.51718E+21,9.65251E+15,4.98052E+16
86412,86413,9,5,77,173,2016,11,16,7,2,4,1,0,1,0,1,0,0,0,0,6.43823E+20,5.42601E+21,1.09652E+16,4.89703E+16
86413,86414,9,7,78,161,2016,11,16,2,3,3,6,0,0,1,1,0,0,0,0,5.84785E+20,5.30682E+21,1.01346E+16,4.79091E+16