FID,OBJECTID,ULAND,UREGBEZ,UKREIS,UGEMEINDE,UJAHR,UMONAT,USTUNDE,UWOCHENTAG,UKATEGORIE,UART,UTYP1,ULICHTVERH,IstStrasse,IstRad,IstPKW,IstFuss,IstKrad,IstGkfz,IstSonstig,LINREFX,LINREFY,XGCSWGS84,YGCSWGS84
86414,86415,9,2,75,159,2016,11,21,2,3,9,6,2,1,0,1,0,0,0,0,8.10925E+20,5.39549E+21,1.32207E+16,4.86351E+16
86415,86416,9,5,77,161,2016,11,17,2,3,2,2,1,0,0,1,0,0,0,0,6.42106E+20,5.44093E+21,1.0947E+16,4.91048E+16
86416,86417,9,5,72,131,2016,11,20,2,3,2,6,2,0,0,1,0,0,0,0,6.52562E+20,5.48621E+21,1.11075E+16,4.95093E+16
86417,86418,9,5,76,147,2016,11,23,4,3,8,7,2,1,0,1,0,0,0,0,6.41393E+20,5.44977E+21,1.09403E+16,4.91844E+16
86418,86419,9,2,77,145,2016,11,16,4,2,5,3,0,0,1,1,0,0,0,0,7.98425E+20,5.35352E+21,1.30215E+16,4.82645E+16
86419,86420,9,4,79,136,2016,11,6,7,3,8,1,2,1,0,1,0,0,0,0,7.25127E+20,5.54611E+21,1.21432E+16,5.00247E+16
86420,86421,9,6,75,165,2016,11,10,6,3,5,3,0,0,0,1,0,0,0,1,5.8726E+20,5.51726E+21,1.02126E+16,4.98014E+16
86421,86422,9,6,71,130,2016,11,4,3,3,7,7,2,0,0,1,0,0,0,0,5.1569E+20,5.54227E+21,9.21908E+15,5.00326E+16
86422,86423,9,4,73,144,2016,11,6,7,3,8,1,1,1,0,0,0,0,1,0,6.37219E+20,5.57847E+21,1.09285E+16,5.03423E+16
86423,86424,9,7,71,129,2016,11,23,3,3,8,1,2,2,0,1,0,0,0,0,6.59443E+20,5.35656E+21,1.11518E+16,4.83421E+16
86424,86425,9,1,77,133,2016,11,17,2,3,2,6,1,1,0,1,0,0,0,0,7.08794E+20,5.36173E+21,1.18196E+16,4.83742E+16
86425,86426,9,3,72,153,2016,11,17,4,3,8,1,2,0,0,1,0,1,0,0,7.53084E+20,5.45236E+21,1.24724E+16,4.91718E+16
86426,86427,9,1,75,137,2016,11,11,4,3,8,7,0,0,0,1,0,0,0,0,7.26014E+20,5.33283E+21,1.20364E+16,4.81086E+16
86427,86428,9,4,76,145,2016,11,10,7,3,1,6,0,1,0,1,0,0,0,0,6.67256E+20,5.56717E+21,1.13453E+16,5.0233E+16
86428,86429,9,3,62,0,2016,11,5,1,3,8,1,2,2,0,1,0,0,0,0,7.26516E+20,5.43756E+21,1.21002E+16,4.90492E+16
86429,86430,9,6,73,173,2016,11,14,3,3,8,1,0,1,0,1,0,0,0,0,6.001E+20,5.5692E+21,1.04045E+16,5.02664E+16
86430,86431,9,7,62,0,2016,11,16,2,3,2,6,1,0,0,1,0,0,0,0,6.2159E+20,5.30439E+21,1.06263E+16,4.78813E+16
86431,86432,9,1,71,111,2016,11,19,3,3,2,2,2,1,0,1,0,0,0,0,7.74055E+20,5.34867E+21,1.26907E+16,4.82319E+16
86432,86433,9,1,77,117,2016,11,5,2,3,5,3,2,0,0,1,0,0,0,0,7.16029E+20,5.35224E+21,1.19123E+16,4.82864E+16
86433,86434,9,6,72,139,2016,11,15,6,2,4,2,0,0,0,1,0,0,0,0,5.66848E+20,5.561E+21,9.93661E+15,5.01974E+16
86434,86435,9,4,73,132,2016,11,10,7,2,9,1,0,1,0,1,0,0,0,0,6.33611E+20,5.56084E+21,1.08716E+16,5.01847E+16
86435,86436,9,2,75,138,2016,11,7,2,3,8,7,0,0,0,1,0,0,0,0,8.13541E+20,5.3829E+21,1.32466E+16,4.85208E+16
86436,86437,9,3,71,132,2016,11,4,1,3,9,1,2,1,0,1,0,0,0,0,6.95408E+20,5.47205E+21,1.16917E+16,4.93698E+16
86437,86438,9,5,64,0,2016,11,12,4,3,0,7,0,0,0,0,0,0,0,1,6.48089E+20,5.47693E+21,1.10422E+16,4.9427E+16
86438,86439,9,2,74,182,2016,11,9,4,3,2,6,0,1,0,1,0,0,0,0,7.28618E+20,5.3779E+21,1.20957E+16,4.85125E+16
86439,86440,9,4,76,185,2016,11,5,3,3,9,1,2,1,0,1,0,0,0,0,6.72031E+20,5.5619E+21,1.14098E+16,5.01843E+16
86440,86441,9,1,63,0,2016,11,20,2,2,5,2,2,0,0,1,0,0,0,0,7.32929E+20,5.30318E+21,1.21131E+16,4.78397E+16
86441,86442,9,4,72,197,2016,11,9,7,2,9,1,0,1,0,1,0,0,0,0,6.67673E+20,5.52465E+21,1.13325E+16,4.98508E+16
86442,86443,9,6,72,122,2016,11,11,6,2,5,3,0,0,0,1,0,0,0,0,5.72928E+20,5.55559E+21,1.00207E+16,5.01481E+16
86443,86444,9,2,71,128,2016,11,19,1,3,9,7,2,1,0,1,0,0,0,0,7.98018E+20,5.39697E+21,1.3047E+16,4.86546E+16
86444,86445,9,5,71,228,2016,11,4,3,2,9,1,2,2,0,1,0,0,0,0,5.92355E+20,5.45471E+21,1.02688E+16,4.92382E+16
86445,86446,9,4,72,179,2016,11,13,7,3,9,1,0,1,0,1,0,0,0,0,6.7371E+20,5.51227E+21,1.14109E+16,4.97378E+16
86446,86447,9,2,62,0,2016,11,6,2,3,3,6,2,1,0,1,0,0,1,0,8.26121E+20,5.3897E+21,1.34218E+16,4.85754E+16
86447,86448,9,1,78,155,2016,11,7,3,3,2,6,0,0,0,1,0,0,0,0,7.15635E+20,5.37627E+21,1.19193E+16,4.85025E+16
86448,86449,9,1,84,149,2016,11,10,1,3,4,2,0,1,0,1,0,0,0,0,6.91166E+20,5.35253E+21,1.15776E+16,4.82971E+16
86449,86450,9,2,72,120,2016,11,17,2,2,6,4,2,1,0,0,1,0,0,1,8.21445E+20,5.42076E+21,1.33828E+16,4.88564E+16
86450,86451,9,5,73,120,2016,11,7,4,3,8,1,0,0,0,1,0,0,0,0,6.30464E+20,5.48608E+21,1.08023E+16,4.95133E+16
86451,86452,9,6,72,135,2016,11,17,6,2,4,2,1,0,0,1,0,0,0,0,5.82964E+20,5.56422E+21,1.01631E+16,5.02244E+16
86452,86453,9,4,61,0,2016,11,4,7,3,8,2,2,1,0,1,0,0,0,0,6.37385E+20,5.52742E+21,1.09124E+16,4.98834E+16
86453,86454,9,2,77,138,2016,11,9,2,2,4,6,0,0,0,1,0,0,1,0,7.92408E+20,5.37077E+21,1.29526E+16,4.84221E+16
86454,86455,9,3,77,159,2016,11,9,7,3,4,1,0,1,0,1,0,0,0,0,7.26862E+20,5.53421E+21,1.21604E+16,4.99172E+16
86455,86456,9,2,75,133,2016,11,16,1,3,2,6,0,1,0,1,0,0,0,0,8.2707E+20,5.383E+21,1.34294E+16,4.85148E+16
86456,86457,9,1,73,134,2016,11,11,4,3,2,2,0,0,0,1,0,0,0,0,6.85887E+20,5.29935E+21,1.14834E+16,4.78206E+16
86457,86458,9,3,75,179,2016,11,15,3,3,1,6,0,0,0,1,0,0,0,0,7.31658E+20,5.42924E+21,1.21657E+16,4.89726E+16
86458,86459,9,1,61,0,2016,11,7,2,3,5,3,0,1,1,1,0,0,0,0,6.76551E+20,5.40833E+21,1.14044E+16,4.88028E+16
86459,86460,9,6,76,122,2016,11,18,6,3,4,2,2,0,0,1,0,0,0,0,5.11436E+20,5.51731E+21,9.15894E+15,4.98081E+16
86460,86461,9,3,73,159,2016,11,19,7,3,5,3,2,0,0,1,0,1,0,0,6.77976E+20,5.45704E+21,1.14452E+16,4.92402E+16
86461,86462,9,5,77,122,2016,11,13,2,3,5,3,0,0,0,1,0,0,0,0,6.28297E+20,5.43891E+21,1.07573E+16,4.90896E+16
86462,86463,9,5,76,143,2016,11,4,2,3,0,1,2,2,0,1,0,0,0,0,6.52466E+20,5.45511E+21,1.10942E+16,4.92297E+16
86463,86464,9,5,75,153,2016,11,12,4,3,5,3,0,0,0,1,0,0,0,0,6.19258E+20,5.4925E+21,1.06495E+16,4.95733E+16
86464,86465,9,1,62,0,2016,11,18,4,3,2,6,2,0,0,1,0,0,0,1,6.7955E+20,5.33773E+21,1.14149E+16,4.81674E+16
86465,86466,9,3,73,112,2016,11,13,7,3,4,2,0,1,0,1,0,0,0,0,6.78528E+20,5.44196E+21,1.1446E+16,4.91045E+16
86466,86467,9,2,74,114,2016,11,16,1,3,8,1,1,1,0,1,0,0,0,0,7.35816E+20,5.37148E+21,1.21894E+16,4.84522E+16
86467,86468,9,7,80,122,2016,11,9,3,3,9,1,0,1,0,1,0,0,0,0,6.03703E+20,5.29121E+21,1.0384E+16,4.77659E+16
86468,86469,9,7,79,178,2016,11,17,2,2,4,6,2,1,0,1,0,0,0,0,6.41161E+20,5.40049E+21,1.09201E+16,4.87414E+16
86469,86470,9,2,77,153,2016,11,5,3,3,9,7,1,2,0,1,0,0,0,0,7.8592E+20,5.36106E+21,1.28585E+16,4.8338E+16
86470,86471,9,1,62,0,2016,11,6,1,2,6,4,2,1,0,1,1,0,0,0,6.93727E+20,5.33162E+21,1.16026E+16,4.81083E+16
86471,86472,9,6,71,141,2016,11,13,6,3,1,5,0,0,0,1,0,0,0,0,5.20422E+20,5.53032E+21,9.28451E+15,4.99249E+16
86472,86473,9,3,72,117,2016,11,18,7,3,0,1,2,1,0,0,0,1,0,0,7.72711E+20,5.45669E+21,1.27441E+16,4.92023E+16
86473,86474,9,2,73,147,2016,11,13,1,3,9,1,0,1,0,1,0,0,0,0,7.06869E+20,5.39151E+21,1.18084E+16,4.86424E+16
86474,86475,9,1,87,176,2016,11,15,4,3,5,3,0,0,0,1,0,0,0,0,7.39159E+20,5.33422E+21,1.22135E+16,4.81163E+16
86475,86476,9,2,75,138,2016,11,8,3,3,5,3,0,0,0,1,0,0,0,0,8.1124E+20,5.38469E+21,1.32169E+16,4.8538E+16
86476,86477,9,1,81,141,2016,11,7,2,3,4,1,0,2,0,1,0,0,0,0,6.43661E+20,5.32114E+21,1.09269E+16,4.80273E+16
86477,86478,9,6,61,0,2016,11,19,6,2,6,4,2,1,0,1,1,0,0,0,5.08317E+20,5.53516E+21,9.11597E+15,4.99687E+16
86478,86479,9,3,72,116,2016,11,19,7,2,4,6,2,1,0,1,0,0,0,0,7.67639E+20,5.45667E+21,1.26746E+16,4.92043E+16
86479,86480,9,2,77,139,2016,11,9,2,2,8,7,0,0,0,1,0,0,0,0,7.88112E+20,5.3712E+21,1.2895E+16,4.8428E+16
86480,86481,9,5,75,153,2016,11,17,2,3,2,6,1,0,0,1,0,0,0,0,6.12888E+20,5.49468E+21,1.05621E+16,4.95941E+16
86481,86482,9,5,72,133,2016,11,16,2,3,5,3,1,0,0,1,0,0,1,0,6.38428E+20,5.50165E+21,1.09178E+16,4.96515E+16
86482,86483,9,6,72,113,2016,11,7,4,3,4,2,2,1,0,1,0,1,0,0,5.5963E+20,5.57402E+21,9.83753E+15,5.03153E+16
86483,86484,9,3,62,0,2016,11,16,4,3,3,6,0,0,0,1,0,0,1,0,7.26398E+20,5.43109E+21,1.2095E+16,4.89912E+16
86484,86485,9,1,74,118,2016,11,17,4,1,6,4,2,0,0,1,1,0,0,0,6.68637E+20,5.35774E+21,1.12762E+16,4.83503E+16
86485,86486,9,2,78,141,2016,11,10,7,3,9,6,0,0,0,0,0,0,1,0,7.55303E+20,5.43037E+21,1.24889E+16,4.89734E+16
86486,86487,9,2,73,115,2016,11,0,1,3,8,7,2,1,0,1,0,0,0,0,7.09408E+20,5.39502E+21,1.18446E+16,4.86731E+16
86487,86488,9,6,78,168,2016,11,16,3,3,2,6,1,1,0,1,0,0,0,0,5.82819E+20,5.55215E+21,1.01584E+16,5.01158E+16
86488,86489,9,7,79,131,2016,11,15,2,3,0,1,1,1,1,0,0,0,0,0,6.32102E+20,5.39727E+21,1.07959E+16,4.87145E+16
86489,86490,9,1,73,112,2016,11,18,3,3,2,6,2,0,0,1,0,0,0,0,6.93194E+20,5.29279E+21,1.1578E+16,4.77595E+16
86490,86491,9,1,84,122,2016,11,6,1,3,1,5,2,1,0,1,0,0,0,0,6.89535E+20,5.32662E+21,1.15441E+16,4.80647E+16
86491,86492,9,6,71,111,2016,11,19,6,3,2,6,2,0,0,1,0,0,0,0,5.03988E+20,5.54387E+21,9.05571E+15,5.00471E+16
86492,86493,9,2,78,172,2016,11,7,7,3,8,1,0,0,0,1,0,0,0,0,7.53208E+20,5.41881E+21,1.24532E+16,4.88705E+16
86493,86494,9,7,64,0,2016,11,17,2,3,5,3,2,1,1,1,0,0,0,0,5.87966E+20,5.31644E+21,1.01791E+16,4.79952E+16
86494,86495,9,2,77,116,2016,11,12,2,3,4,3,0,1,0,1,0,0,0,0,7.77434E+20,5.37055E+21,1.27505E+16,4.84269E+16
86495,86496,9,5,71,145,2016,11,9,2,3,4,1,0,1,0,1,0,0,0,0,5.96625E+20,5.44815E+21,1.03258E+16,4.91785E+16
86496,86497,9,5,62,0,2016,11,15,2,3,4,2,0,0,1,1,0,0,0,0,6.45017E+20,5.49541E+21,1.10067E+16,4.95939E+16
86497,86498,9,2,71,119,2016,11,0,7,2,9,1,2,0,0,0,0,1,0,0,7.91906E+20,5.41995E+21,1.29805E+16,4.88637E+16
86498,86499,9,7,78,149,2016,11,18,2,3,7,7,2,1,0,1,0,0,0,1,5.94658E+20,5.31456E+21,1.02684E+16,4.79773E+16
86499,86500,9,2,74,128,2016,11,6,2,3,2,6,2,0,0,1,0,0,0,1,7.42377E+20,5.39019E+21,1.22889E+16,4.86178E+16
86500,86501,9,5,71,199,2016,11,20,2,3,9,1,2,2,0,1,0,0,0,0,5.88969E+20,5.44907E+21,1.0221E+16,4.91879E+16
86501,86502,9,5,62,0,2016,11,6,2,3,0,7,2,2,0,0,0,1,0,0,6.43708E+20,5.49162E+21,1.09872E+16,4.95601E+16
86502,86503,9,5,76,127,2016,11,11,4,3,2,6,0,0,0,0,0,0,1,0,6.65361E+20,5.44618E+21,1.12675E+16,4.91461E+16
86503,86504,9,3,76,119,2016,11,13,4,3,8,7,0,0,0,1,0,0,0,0,7.14238E+20,5.46157E+21,1.19452E+16,4.92693E+16
86504,86505,9,1,62,0,2016,11,10,3,3,1,5,0,0,0,1,0,1,0,0,6.95196E+20,5.33136E+21,1.16222E+16,4.81056E+16
86505,86506,9,2,75,126,2016,11,15,7,2,8,1,0,0,0,0,0,1,0,0,8.414E+20,5.39802E+21,1.36351E+16,4.86419E+16
86506,86507,9,2,61,0,2016,11,19,1,3,4,2,2,1,0,1,0,0,0,0,7.32796E+20,5.38306E+21,1.21551E+16,4.85574E+16
86507,86508,9,6,71,160,2016,11,7,3,2,5,3,0,1,0,1,0,1,0,0,5.23673E+20,5.52294E+21,9.32935E+15,4.98584E+16
86508,86509,9,7,73,139,2016,11,14,2,3,2,6,0,1,0,1,0,0,1,0,6.15534E+20,5.38607E+21,1.05676E+16,4.86171E+16
86509,86510,9,2,75,133,2016,11,16,7,2,9,7,0,0,0,1,0,0,0,0,8.23255E+20,5.38493E+21,1.33793E+16,4.85341E+16
86510,86511,9,1,87,137,2016,11,6,3,3,0,6,1,1,0,1,0,0,0,1,7.29942E+20,5.31095E+21,1.20774E+16,4.79107E+16
86511,86512,9,1,84,127,2016,11,15,1,3,2,6,0,1,0,1,0,0,0,0,7.02214E+20,5.32201E+21,1.17119E+16,4.80193E+16
86512,86513,9,5,74,156,2016,11,14,6,3,0,7,0,0,0,1,0,0,0,1,6.607E+20,5.48283E+21,1.12184E+16,4.94768E+16
86513,86514,9,2,72,138,2016,11,16,7,2,8,1,0,1,0,1,0,0,0,0,8.24178E+20,5.4106E+21,1.34119E+16,4.87639E+16
86514,86515,9,1,90,133,2016,11,6,2,3,9,1,1,2,0,1,0,0,0,0,6.32575E+20,5.29631E+21,1.07707E+16,4.78065E+16
86515,86516,9,2,74,126,2016,11,2,7,3,3,6,2,1,0,1,0,0,0,0,7.32372E+20,5.38546E+21,1.21507E+16,4.85791E+16
86516,86517,9,2,79,130,2016,11,11,1,2,8,1,0,1,0,1,0,0,0,0,7.48923E+20,5.38814E+21,1.23763E+16,4.85968E+16
86517,86518,9,1,80,119,2016,11,8,4,3,3,6,0,0,0,1,0,0,0,0,6.71673E+20,5.28291E+21,1.12872E+16,4.76768E+16
86518,86519,9,4,61,0,2016,11,15,3,3,5,3,0,1,0,1,0,0,0,0,6.39551E+20,5.52979E+21,1.09434E+16,4.99042E+16
86519,86520,9,1,87,169,2016,11,5,2,2,5,2,2,1,1,1,0,0,0,0,7.41793E+20,5.29862E+21,1.22288E+16,4.77955E+16
86520,86521,9,2,73,152,2016,11,17,7,3,4,3,2,1,0,1,0,0,0,0,7.02618E+20,5.40896E+21,1.17593E+16,4.88006E+16
86521,86522,9,5,64,0,2016,11,8,6,3,2,6,0,0,0,1,0,0,1,0,6.53402E+20,5.47803E+21,1.11159E+16,4.94355E+16
86522,86523,9,1,90,153,2016,11,15,1,3,8,1,0,2,0,1,0,0,0,0,6.74765E+20,5.2898E+21,1.13311E+16,4.77379E+16
86523,86524,9,4,75,169,2016,11,19,3,3,4,6,2,2,0,1,0,0,1,0,6.84967E+20,5.57204E+21,1.15957E+16,5.02715E+16
86524,86525,9,1,73,112,2016,11,15,7,3,4,2,0,0,0,1,0,0,0,0,6.93215E+20,5.29281E+21,1.15783E+16,4.77597E+16
86525,86526,9,5,72,137,2016,11,5,4,3,9,1,2,2,0,1,0,0,0,0,6.49367E+20,5.48827E+21,1.10641E+16,4.95287E+16
86526,86527,9,2,75,124,2016,11,15,4,3,9,1,0,0,0,1,0,0,0,0,8.08399E+20,5.37411E+21,1.31707E+16,4.84444E+16
86527,86528,9,1,73,123,2016,11,9,7,2,5,3,0,0,1,1,0,0,0,0,6.7999E+20,5.30399E+21,1.14066E+16,4.7864E+16
86528,86529,9,5,64,0,2016,11,10,6,3,5,3,0,0,0,1,0,0,0,0,6.54497E+20,5.48081E+21,1.11321E+16,4.94603E+16
86529,86530,9,1,73,120,2016,11,15,1,3,4,1,1,2,0,1,0,0,0,0,6.89979E+20,5.31167E+21,1.15434E+16,4.79301E+16
86530,86531,9,5,62,0,2016,11,18,3,3,5,3,2,1,1,1,0,0,0,0,6.47136E+20,5.49574E+21,1.10361E+16,4.95963E+16
86531,86532,9,7,72,147,2016,11,6,2,2,2,6,2,1,0,1,0,0,0,0,6.3399E+20,5.36452E+21,1.0811E+16,4.84196E+16
86532,86533,9,1,90,140,2016,11,18,7,3,1,6,2,1,0,1,0,0,0,0,6.44965E+20,5.2935E+21,1.09351E+16,4.77786E+16
86533,86534,9,1,74,126,2016,11,18,3,3,5,2,2,0,1,0,0,0,0,1,6.83607E+20,5.34401E+21,1.14721E+16,4.82227E+16
86534,86535,9,1,62,0,2016,11,18,1,3,6,4,2,1,0,1,1,0,0,0,6.94745E+20,5.33221E+21,1.16165E+16,4.81134E+16
86535,86536,9,5,77,159,2016,11,5,6,2,0,1,2,0,0,1,0,0,0,0,6.34794E+20,5.44215E+21,1.08473E+16,4.91174E+16
86536,86537,9,1,90,154,2016,11,16,2,3,8,6,0,1,0,1,0,0,0,0,6.4057E+20,5.28553E+21,1.08739E+16,4.77078E+16
86537,86538,9,1,89,159,2016,11,14,7,2,2,6,0,0,0,1,0,0,0,0,7.62043E+20,5.30389E+21,1.25019E+16,4.78349E+16
86538,86539,9,1,90,158,2016,11,9,1,3,5,3,0,1,0,1,0,0,0,0,6.53859E+20,5.30395E+21,1.10575E+16,4.78705E+16
86539,86540,9,1,89,119,2016,11,15,4,3,4,2,0,0,0,1,0,0,0,1,7.68068E+20,5.308E+21,1.25848E+16,4.78693E+16
86540,86541,9,3,72,151,2016,11,13,3,2,6,4,0,0,0,1,1,0,0,0,7.79983E+20,5.45917E+21,1.28454E+16,4.92212E+16
86541,86542,9,1,88,145,2016,11,17,2,3,2,6,2,1,0,1,0,0,0,0,6.65815E+20,5.32841E+21,1.12267E+16,4.80874E+16
86542,86543,9,5,77,177,2016,11,7,6,3,7,1,0,0,0,1,0,0,0,0,6.42307E+20,5.43175E+21,1.09465E+16,4.90222E+16
86543,86544,9,1,83,112,2016,11,15,7,3,8,6,0,0,0,1,0,0,0,0,7.51916E+20,5.3497E+21,1.23938E+16,4.82504E+16
86544,86545,9,4,63,0,2016,11,17,2,3,4,6,2,1,0,1,0,0,0,0,6.3951E+20,5.5695E+21,1.09573E+16,5.02612E+16
86545,86546,9,5,72,137,2016,11,7,2,2,8,1,0,1,0,1,0,0,0,0,6.47052E+20,5.48886E+21,1.10324E+16,4.95345E+16
86546,86547,9,7,74,144,2016,11,16,1,3,8,1,1,0,0,1,0,0,0,0,6.13778E+20,5.36202E+21,1.05372E+16,4.84011E+16
86547,86548,9,1,80,124,2016,11,12,2,3,1,6,0,0,0,1,0,0,0,0,6.65128E+20,5.28324E+21,1.12002E+16,4.76814E+16
86548,86549,9,5,77,136,2016,11,14,4,2,9,1,0,0,0,1,0,0,0,0,6.28381E+20,5.43882E+21,1.07584E+16,4.90888E+16
86549,86550,9,1,89,143,2016,11,10,7,3,5,3,0,0,1,1,0,0,0,0,7.59763E+20,5.3148E+21,1.24781E+16,4.79338E+16
86550,86551,9,1,90,141,2016,11,19,1,2,6,4,2,1,0,1,1,0,0,0,6.77166E+20,5.29269E+21,1.13643E+16,4.77632E+16
86551,86552,9,1,87,150,2016,11,17,4,3,2,6,2,0,0,1,0,0,0,0,7.29299E+20,5.30337E+21,1.20647E+16,4.78428E+16
86552,86553,9,2,77,138,2016,11,17,3,3,6,4,1,1,0,1,1,0,0,0,7.92309E+20,5.37191E+21,1.29521E+16,4.84324E+16
86553,86554,9,1,79,121,2016,11,15,2,3,0,7,0,0,0,1,0,0,0,0,6.66214E+20,5.33927E+21,1.12363E+16,4.81849E+16
86554,86555,9,5,75,165,2016,11,21,6,3,9,1,2,0,0,1,0,0,0,0,6.01845E+20,5.49484E+21,1.04094E+16,4.95976E+16
86555,86556,9,1,84,148,2016,11,18,7,3,3,3,2,0,0,1,0,1,0,0,6.96367E+20,5.32667E+21,1.16357E+16,4.80631E+16
86556,86557,9,1,89,157,2016,11,6,2,3,5,2,1,1,0,0,1,0,0,1,7.65153E+20,5.32549E+21,1.25567E+16,4.80276E+16
86557,86558,9,4,76,145,2016,11,17,2,2,2,7,2,0,0,0,0,1,0,1,6.6543E+20,5.56843E+21,1.13202E+16,5.02449E+16
86558,86559,9,5,72,137,2016,11,7,2,3,9,1,0,1,0,1,0,0,0,0,6.47052E+20,5.48886E+21,1.10324E+16,4.95345E+16
86559,86560,9,6,71,143,2016,11,6,4,3,6,7,2,0,0,1,1,0,0,0,5.10672E+20,5.54826E+21,9.14918E+15,5.00865E+16
86560,86561,9,3,72,170,2016,11,13,4,3,3,6,0,0,0,1,0,0,0,0,7.50294E+20,5.4561E+21,1.24365E+16,4.92065E+16
86561,86562,9,1,86,152,2016,11,22,4,3,9,1,2,1,0,1,0,0,0,0,6.91167E+20,5.37293E+21,1.15869E+16,4.84804E+16
86562,86563,9,1,87,162,2016,11,14,7,3,4,6,0,0,1,0,0,0,0,0,7.48656E+20,5.30491E+21,1.23239E+16,4.78494E+16
86563,86564,9,1,84,114,2016,11,11,1,3,2,6,0,1,0,1,0,0,0,0,6.99563E+20,5.3197E+21,1.16753E+16,4.79994E+16
86564,86565,9,6,74,120,2016,11,12,3,3,8,1,0,1,0,1,0,0,0,0,6.08352E+20,5.5639E+21,1.05188E+16,5.02173E+16
86565,86566,9,7,72,147,2016,11,6,2,3,2,6,0,0,0,1,0,0,0,0,6.38643E+20,5.36362E+21,1.08735E+16,4.84104E+16
86566,86567,9,4,64,0,2016,11,14,4,3,8,7,0,0,0,1,1,0,0,0,7.08756E+20,5.57759E+21,1.19322E+16,5.03134E+16
86567,86568,9,7,71,111,2016,11,18,4,3,2,6,2,1,0,1,0,0,0,0,6.58718E+20,5.35704E+21,1.11422E+16,4.83466E+16
86568,86569,9,1,82,119,2016,11,12,7,3,2,6,0,0,0,1,0,0,0,0,7.11834E+20,5.29369E+21,1.18269E+16,4.77618E+16
86569,86570,9,1,87,167,2016,11,2,1,3,4,6,2,1,0,1,0,0,0,0,7.39938E+20,5.30346E+21,1.22068E+16,4.78397E+16
86570,86571,9,6,75,150,2016,11,13,3,3,2,6,0,1,0,1,0,0,1,0,5.8495E+20,5.49783E+21,1.01763E+16,4.9627E+16
86571,86572,9,7,61,0,2016,11,7,2,3,1,6,0,1,0,1,0,0,0,0,6.41385E+20,5.35533E+21,1.09078E+16,4.83354E+16
86572,86573,9,2,79,127,2016,11,17,3,3,1,6,2,0,0,1,0,0,0,0,7.53128E+20,5.40213E+21,1.24418E+16,4.87208E+16
86573,86574,9,7,63,0,2016,11,1,1,3,2,6,2,0,0,1,0,0,0,0,5.99171E+20,5.28657E+21,1.03225E+16,4.77249E+16
86574,86575,9,1,76,120,2016,11,9,7,2,2,1,0,1,0,1,0,0,1,0,6.80245E+20,5.42276E+21,1.1461E+16,4.89315E+16
86575,86576,9,7,74,111,2016,11,7,2,2,9,7,1,1,0,1,0,0,0,0,6.06433E+20,5.33995E+21,1.04325E+16,4.82039E+16
86576,86577,9,1,89,165,2016,11,5,2,3,5,3,0,1,0,1,0,0,0,0,7.75584E+20,5.31138E+21,1.26873E+16,4.78965E+16
86577,86578,9,4,76,154,2016,11,8,2,2,9,6,0,1,0,1,0,0,0,0,6.60206E+20,5.56801E+21,1.12468E+16,5.02425E+16
86578,86579,9,5,65,0,2016,11,8,2,3,3,6,0,0,1,1,0,0,0,0,6.48017E+20,5.46551E+21,1.1037E+16,4.93244E+16
86579,86580,9,5,76,126,2016,11,14,4,3,0,7,0,0,0,1,0,0,0,1,6.56501E+20,5.44027E+21,1.11438E+16,4.90954E+16
86580,86581,9,2,75,114,2016,11,16,4,3,5,3,0,0,0,1,0,0,0,0,7.99486E+20,5.3899E+21,1.30618E+16,4.85905E+16
86581,86582,9,1,85,149,2016,11,19,7,2,6,2,2,1,0,1,1,0,0,0,6.60381E+20,5.40088E+21,1.11815E+16,4.87403E+16
86582,86583,9,6,61,0,2016,11,7,3,3,1,6,0,0,0,1,0,0,0,0,5.09206E+20,5.53443E+21,9.12835E+15,4.99621E+16
86583,86584,9,6,63,0,2016,11,9,2,3,9,3,0,0,0,1,0,0,0,0,5.67943E+20,5.51388E+21,9.94361E+15,4.97735E+16
86584,86585,9,1,81,132,2016,11,17,7,3,5,3,1,1,0,1,0,0,0,0,6.46477E+20,5.32815E+21,1.09671E+16,4.80898E+16
86585,86586,9,1,88,121,2016,11,8,3,3,2,6,0,0,0,1,0,0,0,0,6.71145E+20,5.3293E+21,1.12985E+16,4.8094E+16
86586,86587,9,7,80,140,2016,11,12,1,3,8,1,0,2,0,1,0,0,0,0,6.05727E+20,5.28106E+21,1.04085E+16,4.76743E+16
86587,86588,9,5,61,0,2016,11,18,6,3,4,2,2,0,0,1,0,0,0,0,6.15289E+20,5.46183E+21,1.05858E+16,4.92983E+16
86588,86589,9,1,79,121,2016,11,22,7,3,5,3,2,1,0,1,0,0,0,0,6.66131E+20,5.33849E+21,1.12348E+16,4.81779E+16
86589,86590,9,1,89,162,2016,11,17,2,2,5,3,2,1,0,1,0,1,0,0,7.79504E+20,5.31573E+21,1.27424E+16,4.79338E+16
86590,86591,9,1,72,112,2016,11,17,3,3,4,2,2,0,0,1,0,0,0,0,7.90464E+20,5.29884E+21,1.28775E+16,4.77774E+16
86591,86592,9,7,80,133,2016,11,12,1,3,0,1,0,2,0,1,0,0,0,0,5.93299E+20,5.24978E+21,1.02364E+16,4.73948E+16