FID,OBJECTID,ULAND,UREGBEZ,UKREIS,UGEMEINDE,UJAHR,UMONAT,USTUNDE,UWOCHENTAG,UKATEGORIE,UART,UTYP1,ULICHTVERH,IstStrasse,IstRad,IstPKW,IstFuss,IstKrad,IstGkfz,IstSonstig,LINREFX,LINREFY,XGCSWGS84,YGCSWGS84
86592,86593,9,4,78,139,2016,11,13,6,3,0,6,0,0,0,1,0,0,0,0,6.47705E+20,5.55617E+21,1.10671E+16,5.01394E+16
86593,86594,9,1,81,139,2016,11,15,7,3,0,1,0,0,0,0,0,1,0,0,6.55263E+20,5.32396E+21,1.10835E+16,4.805E+16
86594,86595,9,1,89,162,2016,11,7,2,3,2,6,0,0,0,1,0,0,0,0,7.73978E+20,5.31513E+21,1.26682E+16,4.79309E+16
86595,86596,9,4,73,120,2016,11,17,2,3,2,6,2,0,0,1,0,0,0,0,6.41567E+20,5.57144E+21,1.09869E+16,5.02781E+16
86596,86597,9,5,76,121,2016,11,7,2,2,8,1,1,1,1,0,0,0,0,0,6.47608E+20,5.45498E+21,1.10275E+16,4.92298E+16
86597,86598,9,1,61,0,2016,11,17,1,3,4,2,2,1,0,1,0,0,0,0,6.77278E+20,5.40399E+21,1.14124E+16,4.87637E+16
86598,86599,9,5,74,152,2016,11,17,4,3,2,6,2,1,0,1,0,0,0,0,6.62245E+20,5.4836E+21,1.124E+16,4.94834E+16
86599,86600,9,2,74,156,2016,11,16,4,2,8,1,2,0,0,1,0,0,0,0,7.43549E+20,5.38851E+21,1.23038E+16,4.86022E+16
86600,86601,9,4,78,116,2016,11,7,3,3,8,1,1,2,0,1,0,0,0,1,6.60818E+20,5.55801E+21,1.12512E+16,5.01525E+16
86601,86602,9,1,74,113,2016,11,22,7,3,9,1,2,1,0,1,0,0,0,0,6.78553E+20,5.34505E+21,1.14046E+16,4.82336E+16
86602,86603,9,4,62,0,2016,11,15,6,3,4,6,0,0,0,1,0,1,0,0,6.84402E+20,5.53471E+21,1.15698E+16,4.99363E+16
86603,86604,9,1,61,0,2016,11,14,1,3,3,6,0,1,0,1,0,0,0,0,6.79582E+20,5.40041E+21,1.14422E+16,4.87308E+16
86604,86605,9,5,71,223,2016,11,7,3,3,5,3,2,1,0,1,0,0,0,0,6.09254E+20,5.44639E+21,1.04986E+16,4.91606E+16
86605,86606,9,1,84,135,2016,11,17,7,3,2,6,2,0,0,1,0,0,0,0,6.92583E+20,5.34499E+21,1.15933E+16,4.82289E+16
86606,86607,9,1,75,139,2016,11,7,3,3,8,7,0,1,0,1,0,0,0,0,7.11502E+20,5.32788E+21,1.18392E+16,4.80691E+16
86607,86608,9,7,80,145,2016,11,12,1,3,4,1,0,2,0,1,0,0,0,0,6.03643E+20,5.27125E+21,1.03784E+16,4.75864E+16
86608,86609,9,1,63,0,2016,11,9,2,3,2,6,0,0,0,1,0,0,0,0,7.34688E+20,5.30375E+21,1.21369E+16,4.78442E+16
86609,86610,9,1,75,139,2016,11,9,7,3,2,2,0,0,0,1,0,0,0,0,7.11223E+20,5.32813E+21,1.18356E+16,4.80715E+16
86610,86611,9,1,61,0,2016,11,3,1,3,5,3,2,1,0,1,0,0,0,0,6.79719E+20,5.40567E+21,1.14463E+16,4.87781E+16
86611,86612,9,1,71,134,2016,11,5,4,3,8,1,2,2,0,1,0,0,0,0,7.73922E+20,5.32915E+21,1.26764E+16,4.80568E+16
86612,86613,9,1,78,120,2016,11,11,7,3,1,1,0,1,1,1,0,0,0,0,6.94365E+20,5.35256E+21,1.16207E+16,4.82963E+16
86613,86614,9,1,88,141,2016,11,12,1,3,8,1,0,1,0,1,0,0,0,0,6.66717E+20,5.30946E+21,1.12314E+16,4.79168E+16
86614,86615,9,1,90,130,2016,11,14,4,2,3,6,0,0,1,1,0,0,0,0,6.49359E+20,5.29631E+21,1.09947E+16,4.78028E+16
86615,86616,9,3,75,196,2016,11,17,3,3,8,1,2,0,0,1,0,0,0,0,7.33383E+20,5.4137E+21,1.21804E+16,4.88323E+16
86616,86617,9,1,61,0,2016,11,17,2,3,2,6,2,1,0,1,0,0,0,0,6.7648E+20,5.40694E+21,1.14029E+16,4.87904E+16
86617,86618,9,1,62,0,2016,11,15,6,2,6,7,0,0,0,1,1,0,0,0,6.87917E+20,5.32773E+21,1.15229E+16,4.80751E+16
86618,86619,9,4,77,136,2016,11,11,6,3,2,6,0,0,0,1,0,0,0,0,6.69322E+20,5.55306E+21,1.13679E+16,5.01057E+16
86619,86620,9,1,62,0,2016,11,14,6,3,1,6,0,0,0,1,0,0,0,0,7.01418E+20,5.33591E+21,1.17078E+16,4.81445E+16
86620,86621,9,5,75,145,2016,11,1,4,3,9,1,2,0,0,1,0,0,0,0,6.19621E+20,5.48385E+21,1.06519E+16,4.94955E+16
86621,86622,9,1,85,149,2016,11,7,4,3,5,3,0,0,0,1,0,0,0,1,6.61316E+20,5.39839E+21,1.11932E+16,4.87176E+16
86622,86623,9,7,64,0,2016,11,11,6,3,2,6,0,0,0,1,0,0,0,0,5.82621E+20,5.31182E+21,1.01066E+16,4.79544E+16
86623,86624,9,1,79,145,2016,11,19,1,3,0,3,2,1,0,1,0,0,0,0,6.74103E+20,5.33522E+21,1.13407E+16,4.81464E+16
86624,86625,9,7,75,162,2016,11,17,3,3,2,3,2,0,0,1,0,0,0,1,5.80115E+20,5.34756E+21,1.00798E+16,4.82761E+16
86625,86626,9,6,77,157,2016,11,19,2,2,8,1,2,1,0,0,0,1,0,0,5.43368E+20,5.52165E+21,9.60321E+15,4.98457E+16
86626,86627,9,2,77,124,2016,11,16,3,3,2,6,0,1,0,1,0,0,0,0,7.82297E+20,5.36966E+21,1.28155E+16,4.84168E+16
86627,86628,9,4,72,143,2016,11,16,6,3,3,6,1,0,1,1,0,0,0,0,6.90251E+20,5.54065E+21,1.16541E+16,4.99878E+16
86628,86629,9,5,76,113,2016,11,8,2,3,0,7,0,0,0,1,0,0,0,1,6.61086E+20,5.45871E+21,1.1214E+16,4.92599E+16
86629,86630,9,1,72,134,2016,11,15,6,3,8,1,0,1,0,1,0,0,0,0,7.80928E+20,5.30437E+21,1.27541E+16,4.78312E+16
86630,86631,9,7,78,136,2016,11,18,6,3,4,6,2,1,0,1,0,0,0,0,5.99708E+20,5.31905E+21,1.03371E+16,4.8017E+16
86631,86632,9,6,79,170,2016,11,16,5,3,3,6,2,0,0,1,0,0,1,0,5.7691E+20,5.50167E+21,1.00657E+16,4.96626E+16
86632,86633,9,2,78,179,2016,11,12,1,3,8,7,0,1,0,1,0,0,0,0,7.64495E+20,5.43589E+21,1.26179E+16,4.90191E+16
86633,86634,9,6,75,165,2016,11,15,1,3,8,7,0,0,0,1,0,0,0,0,5.87216E+20,5.51535E+21,1.02116E+16,4.97843E+16
86634,86635,9,1,62,0,2016,11,19,2,3,2,6,2,1,0,1,0,0,0,0,6.94568E+20,5.33145E+21,1.16138E+16,4.81066E+16
86635,86636,9,2,77,138,2016,11,7,7,3,2,6,0,1,0,1,0,0,0,1,7.91532E+20,5.37169E+21,1.29415E+16,4.84308E+16
86636,86637,9,1,76,131,2016,11,13,7,3,0,3,0,1,0,1,0,0,0,1,6.80656E+20,5.41118E+21,1.14615E+16,4.88273E+16
86637,86638,9,5,74,132,2016,11,16,3,3,2,6,1,1,0,1,0,0,0,0,6.74013E+20,5.48668E+21,1.14037E+16,4.95078E+16
86638,86639,9,1,89,149,2016,11,16,3,3,5,3,1,1,0,1,0,0,0,0,7.65761E+20,5.33103E+21,1.25683E+16,4.80771E+16
86639,86640,9,6,77,170,2016,11,14,5,3,0,3,0,1,0,1,0,1,0,0,5.36776E+20,5.54358E+21,9.51361E+15,5.00434E+16
86640,86641,9,5,64,0,2016,11,18,6,3,3,7,2,1,0,1,0,0,0,0,6.53244E+20,5.48105E+21,1.11149E+16,4.94627E+16
86641,86642,9,1,85,118,2016,11,6,3,3,9,6,1,0,0,1,0,0,0,0,6.64661E+20,5.40328E+21,1.12406E+16,4.87607E+16
86642,86643,9,1,78,155,2016,11,8,4,3,4,6,0,1,0,1,0,1,1,0,7.16976E+20,5.37542E+21,1.1937E+16,4.84944E+16
86643,86644,9,1,78,124,2016,11,18,5,3,2,6,2,1,0,1,0,0,0,0,7.0289E+20,5.36363E+21,1.17409E+16,4.83932E+16
86644,86645,9,4,64,0,2016,11,19,2,2,3,6,2,0,0,1,0,0,0,0,7.06188E+20,5.57787E+21,1.18963E+16,5.03168E+16
86645,86646,9,1,72,114,2016,11,20,6,2,9,1,2,1,0,1,0,0,0,0,7.94191E+20,5.29752E+21,1.29262E+16,4.77638E+16
86646,86647,9,7,78,183,2016,11,6,6,3,8,1,2,1,0,1,0,0,0,0,6.05972E+20,5.32549E+21,1.04227E+16,4.80739E+16
86647,86648,9,6,75,127,2016,11,13,5,3,8,1,0,1,0,1,0,0,0,0,6.10799E+20,5.51395E+21,1.05387E+16,4.97678E+16
86648,86649,9,2,75,118,2016,11,7,2,2,9,1,0,1,0,1,0,0,0,0,8.49869E+20,5.40487E+21,1.37555E+16,4.86986E+16
86649,86650,9,2,75,154,2016,11,11,4,3,6,4,0,1,0,1,1,0,0,0,8.08565E+20,5.39462E+21,1.31881E+16,4.86284E+16
86650,86651,9,2,75,114,2016,11,21,1,2,8,1,2,0,0,1,0,0,0,0,7.98913E+20,5.39234E+21,1.30558E+16,4.86127E+16
86651,86652,9,6,73,117,2016,11,14,1,2,8,1,0,0,0,1,0,0,0,0,5.74123E+20,5.58478E+21,1.00432E+16,5.04104E+16
86652,86653,9,1,87,182,2016,11,7,2,3,2,6,1,1,0,1,0,0,0,0,7.38321E+20,5.32818E+21,1.21989E+16,4.80624E+16
86653,86654,9,1,86,152,2016,11,12,7,3,2,6,0,0,0,1,0,0,0,0,6.91044E+20,5.38125E+21,1.15891E+16,4.85552E+16
86654,86655,9,4,75,136,2016,11,16,3,2,5,3,1,1,0,1,0,0,0,0,6.9571E+20,5.56664E+21,1.17435E+16,5.02196E+16
86655,86656,9,1,87,142,2016,11,7,7,3,5,3,1,1,1,1,0,0,0,0,7.33139E+20,5.31151E+21,1.21204E+16,4.79145E+16
86656,86657,9,1,85,149,2016,11,10,7,3,5,3,0,0,0,1,0,0,0,0,6.61312E+20,5.39838E+21,1.11931E+16,4.87176E+16
86657,86658,9,5,77,161,2016,11,18,3,2,5,3,2,1,0,1,0,0,0,0,6.4434E+20,5.44197E+21,1.0978E+16,4.91136E+16
86658,86659,9,1,71,125,2016,11,7,3,3,5,2,0,0,0,1,0,0,0,0,7.734E+20,5.35046E+21,1.26831E+16,4.82483E+16
86659,86660,9,6,62,0,2016,11,15,5,3,2,6,0,1,0,1,0,0,0,0,5.8721E+20,5.54419E+21,1.0218E+16,5.00436E+16
86660,86661,9,5,64,0,2016,11,12,6,3,0,2,0,1,1,0,0,0,0,1,6.49228E+20,5.47878E+21,1.10586E+16,4.94433E+16
86661,86662,9,1,79,121,2016,11,18,3,3,6,4,2,1,0,1,1,0,0,0,6.67799E+20,5.33834E+21,1.12572E+16,4.81761E+16
86662,86663,9,1,62,0,2016,11,7,3,3,2,6,0,0,0,1,0,0,0,0,6.88333E+20,5.33163E+21,1.15302E+16,4.81101E+16
86663,86664,9,1,77,123,2016,11,17,5,3,9,1,2,1,0,1,0,0,0,0,7.26998E+20,5.34424E+21,1.20557E+16,4.82107E+16
86664,86665,9,3,63,0,2016,11,10,2,3,5,3,0,0,1,1,0,0,0,0,7.27886E+20,5.50773E+21,1.21591E+16,4.9679E+16
86665,86666,9,1,71,125,2016,11,5,6,2,8,1,2,1,0,1,0,0,0,0,7.78605E+20,5.35059E+21,1.27531E+16,4.82472E+16
86666,86667,9,7,74,150,2016,11,14,6,2,4,1,0,1,0,1,0,0,0,0,6.03406E+20,5.34446E+21,1.03928E+16,4.82449E+16
86667,86668,9,6,76,126,2016,11,5,5,3,2,6,2,1,1,0,0,0,1,0,5.1044E+20,5.52676E+21,9.14535E+15,4.98931E+16
86668,86669,9,1,83,124,2016,11,7,4,3,5,3,0,1,0,1,0,0,0,0,7.57653E+20,5.34187E+21,1.24662E+16,4.81777E+16
86669,86670,9,1,90,141,2016,11,6,1,3,0,1,1,0,0,1,0,0,0,0,6.78581E+20,5.29124E+21,1.13826E+16,4.77498E+16
86670,86671,9,6,71,119,2016,11,18,5,3,8,1,2,1,0,1,0,0,0,0,5.15864E+20,5.55411E+21,9.22199E+15,5.0139E+16
86671,86672,9,5,64,0,2016,11,16,6,3,6,2,1,1,0,1,1,0,0,0,6.48782E+20,5.46998E+21,1.10492E+16,4.93643E+16
86672,86673,9,4,61,0,2016,11,11,3,3,2,6,0,1,0,1,0,0,1,0,6.39687E+20,5.52576E+21,1.09438E+16,4.9868E+16
86673,86674,9,7,79,131,2016,11,13,2,3,5,3,0,0,0,1,0,0,0,0,6.31514E+20,5.39339E+21,1.07867E+16,4.86797E+16
86674,86675,9,1,62,0,2016,11,19,6,2,2,6,2,1,0,1,0,0,0,0,6.94672E+20,5.33194E+21,1.16154E+16,4.81109E+16
86675,86676,9,5,72,115,2016,11,18,5,3,2,6,2,1,0,1,0,0,0,0,6.45684E+20,5.50094E+21,1.1018E+16,4.96434E+16
86676,86677,9,7,63,0,2016,11,20,6,3,5,3,2,1,0,1,0,0,0,0,5.99284E+20,5.2876E+21,1.03242E+16,4.77341E+16
86677,86678,9,5,77,136,2016,11,23,6,3,5,3,2,0,0,1,0,0,0,0,6.27664E+20,5.44326E+21,1.075E+16,4.91289E+16
86678,86679,9,7,75,135,2016,11,9,2,3,8,7,0,0,0,1,0,0,0,0,5.73379E+20,5.35848E+21,9.9909E+15,4.83752E+16
86679,86680,9,7,72,147,2016,11,17,3,3,3,6,2,1,0,1,0,0,0,0,6.38131E+20,5.36511E+21,1.08671E+16,4.8424E+16
86680,86681,9,5,65,0,2016,11,7,5,3,6,4,1,1,0,1,1,0,0,0,6.49788E+20,5.46565E+21,1.10614E+16,4.93252E+16
86681,86682,9,2,71,119,2016,11,9,2,3,2,6,0,0,0,1,0,0,0,0,7.9437E+20,5.41179E+21,1.30082E+16,4.87893E+16
86682,86683,9,1,87,116,2016,11,13,6,1,8,1,0,1,0,1,0,0,0,0,7.47124E+20,5.32765E+21,1.23165E+16,4.80543E+16
86683,86684,9,5,64,0,2016,11,7,5,3,5,2,0,1,0,1,0,0,0,0,6.54759E+20,5.48097E+21,1.11357E+16,4.94616E+16
86684,86685,9,7,80,128,2016,11,10,6,3,8,1,0,1,0,1,0,0,0,0,6.11927E+20,5.27797E+21,1.04903E+16,4.76455E+16
86685,86686,9,5,75,146,2016,11,14,6,3,8,1,0,1,0,1,0,0,0,0,5.93453E+20,5.4904E+21,1.02922E+16,4.95589E+16
86686,86687,9,1,62,0,2016,11,19,2,2,3,2,2,0,1,1,0,0,0,0,6.92457E+20,5.33061E+21,1.15851E+16,4.80997E+16
86687,86688,9,7,63,0,2016,11,21,3,3,4,1,2,1,0,1,0,0,0,0,5.98572E+20,5.2865E+21,1.03145E+16,4.77244E+16
86688,86689,9,5,64,0,2016,11,14,5,3,2,6,0,1,0,1,0,0,1,0,6.49374E+20,5.48143E+21,1.10616E+16,4.94671E+16
86689,86690,9,3,71,151,2016,11,16,2,3,2,6,0,1,0,1,0,0,0,0,6.9871E+20,5.4839E+21,1.17431E+16,4.94752E+16
86690,86691,9,1,87,142,2016,11,7,6,3,2,6,1,1,0,1,0,0,0,0,7.34082E+20,5.31398E+21,1.21343E+16,4.79363E+16
86691,86692,9,7,76,116,2016,11,13,6,3,5,3,0,1,0,1,0,0,0,0,5.52962E+20,5.26752E+21,9.70401E+15,4.7559E+16
86692,86693,9,2,76,113,2016,11,6,2,3,8,7,2,2,0,1,0,0,0,0,7.92092E+20,5.45183E+21,1.3006E+16,4.91497E+16
86693,86694,9,5,64,0,2016,11,13,5,3,2,6,0,1,0,1,0,0,0,0,6.52495E+20,5.47754E+21,1.11032E+16,4.94314E+16
86694,86695,9,1,89,159,2016,11,16,1,2,5,3,1,0,0,1,0,0,0,0,7.61349E+20,5.30135E+21,1.24911E+16,4.78124E+16
86695,86696,9,5,64,0,2016,11,17,5,3,0,6,2,1,0,1,0,0,0,0,6.46053E+20,5.48183E+21,1.1016E+16,4.94715E+16
86696,86697,9,5,61,0,2016,11,18,6,3,8,1,2,1,0,1,0,0,0,0,6.18422E+20,5.4637E+21,1.06294E+16,4.93146E+16
86697,86698,9,1,71,123,2016,11,7,4,3,4,6,0,1,1,1,0,0,0,0,7.85398E+20,5.35177E+21,1.28452E+16,4.82548E+16
86698,86699,9,3,76,149,2016,11,20,3,3,5,3,2,1,0,1,0,1,0,0,7.38735E+20,5.45496E+21,1.22774E+16,4.92009E+16
86699,86700,9,6,71,153,2016,11,16,2,3,2,6,1,0,0,0,0,0,0,1,5.17151E+20,5.54641E+21,9.23967E+15,5.00698E+16
86700,86701,9,1,61,0,2016,11,14,6,3,2,6,0,0,0,1,0,0,0,0,6.80778E+20,5.40447E+21,1.14602E+16,4.8767E+16
86701,86702,9,7,63,0,2016,11,23,6,3,9,1,2,2,0,1,0,0,0,0,6.00422E+20,5.28855E+21,1.03396E+16,4.77425E+16
86702,86703,9,6,72,113,2016,11,19,3,3,3,6,2,1,0,1,0,0,1,0,5.56386E+20,5.57493E+21,9.79211E+15,5.03238E+16
86703,86704,9,5,71,199,2016,11,14,5,3,2,6,0,1,0,1,0,0,0,0,5.83024E+20,5.45088E+21,1.01398E+16,4.92051E+16
86704,86705,9,6,71,136,2016,11,12,1,3,8,1,0,0,0,1,0,0,0,0,5.03606E+20,5.54124E+21,9.05034E+15,5.00234E+16
86705,86706,9,1,63,0,2016,11,15,2,3,5,3,0,0,0,1,0,0,0,0,7.34923E+20,5.30498E+21,1.21407E+16,4.78551E+16
86706,86707,9,3,76,170,2016,11,17,7,3,4,2,2,1,0,1,0,0,0,0,7.27778E+20,5.45644E+21,1.21281E+16,4.92183E+16
86707,86708,9,5,62,0,2016,11,16,3,3,5,3,1,1,1,1,0,0,0,0,6.45E+20,5.49356E+21,1.10058E+16,4.95772E+16
86708,86709,9,2,73,164,2016,11,8,3,3,9,1,0,0,0,1,0,0,0,0,6.97941E+20,5.4308E+21,1.17063E+16,4.89983E+16
86709,86710,9,5,77,177,2016,11,12,5,2,3,1,0,1,1,0,0,0,0,1,6.44894E+20,5.43391E+21,1.09827E+16,4.9041E+16
86710,86711,9,4,76,183,2016,11,11,6,3,1,6,0,1,0,1,0,0,0,1,6.71836E+20,5.57168E+21,1.14115E+16,5.02722E+16
86711,86712,9,1,82,125,2016,11,6,3,3,4,2,1,0,0,1,0,0,0,0,7.12618E+20,5.29673E+21,1.18388E+16,4.77888E+16
86712,86713,9,1,89,155,2016,11,19,1,3,9,1,2,0,0,1,0,0,0,0,7.71047E+20,5.31086E+21,1.26264E+16,4.78938E+16
86713,86714,9,4,62,0,2016,11,7,7,3,9,1,0,1,0,1,0,0,0,0,6.86638E+20,5.53399E+21,1.16006E+16,4.99291E+16
86714,86715,9,6,74,163,2016,11,11,3,3,1,7,0,1,0,1,1,0,0,1,6.08254E+20,5.53998E+21,1.05106E+16,5.00023E+16
86715,86716,9,5,77,177,2016,11,13,5,3,4,6,0,0,0,1,0,0,0,0,6.43922E+20,5.43292E+21,1.0969E+16,4.90324E+16
86716,86717,9,4,72,175,2016,11,13,6,3,3,1,0,1,0,1,0,0,0,0,6.79415E+20,5.51937E+21,1.14932E+16,4.97999E+16
86717,86718,9,1,81,127,2016,11,7,4,3,2,6,0,1,0,1,0,0,0,0,6.31335E+20,5.32201E+21,1.0762E+16,4.80379E+16
86718,86719,9,2,71,116,2016,11,17,3,3,3,6,2,1,0,1,0,0,0,0,7.87371E+20,5.42677E+21,1.29236E+16,4.8927E+16
86719,86720,9,5,74,123,2016,11,8,2,3,2,6,0,1,0,1,0,0,0,0,6.62776E+20,5.48078E+21,1.12462E+16,4.94578E+16
86720,86721,9,1,61,0,2016,11,15,6,3,2,6,0,0,0,1,0,0,0,0,6.82194E+20,5.40177E+21,1.14783E+16,4.87423E+16
86721,86722,9,7,80,120,2016,11,16,6,3,4,1,0,1,0,0,0,1,0,1,6.01317E+20,5.28295E+21,1.03502E+16,4.7692E+16
86722,86723,9,5,71,193,2016,11,11,5,3,2,6,0,0,0,1,0,0,0,0,5.86869E+20,5.47001E+21,1.01967E+16,4.93766E+16
86723,86724,9,1,87,165,2016,11,9,1,3,8,7,0,0,0,1,0,0,0,0,7.30033E+20,5.30013E+21,1.20728E+16,4.78134E+16
86724,86725,9,6,71,122,2016,11,12,1,3,9,1,0,0,0,1,0,0,0,0,5.03915E+20,5.5276E+21,9.05451E+15,4.99008E+16
86725,86726,9,1,61,0,2016,11,18,2,3,2,6,2,0,0,1,0,0,0,0,6.82326E+20,5.40554E+21,1.14817E+16,4.87761E+16
86726,86727,9,2,61,0,2016,11,16,7,3,2,6,0,0,0,1,0,0,0,0,7.30594E+20,5.38093E+21,1.21241E+16,4.85391E+16
86727,86728,9,1,76,122,2016,11,10,7,3,2,6,0,0,0,1,0,0,0,0,6.63632E+20,5.40669E+21,1.1228E+16,4.87916E+16
86728,86729,9,5,64,0,2016,11,17,3,3,6,4,2,1,0,1,1,0,0,0,6.52521E+20,5.48092E+21,1.11049E+16,4.94617E+16
86729,86730,9,1,89,119,2016,11,16,3,3,9,3,0,1,0,0,0,0,1,1,7.63891E+20,5.30675E+21,1.25283E+16,4.78598E+16
86730,86731,9,5,71,125,2016,11,6,5,3,9,1,1,0,0,1,0,0,0,0,5.93622E+20,5.4625E+21,1.0288E+16,4.93081E+16
86731,86732,9,4,74,154,2016,11,6,6,2,6,4,2,1,0,1,1,0,0,0,6.53836E+20,5.49769E+21,1.11295E+16,4.96122E+16
86732,86733,9,7,71,129,2016,11,6,3,3,2,6,1,0,0,1,0,0,0,0,6.59824E+20,5.35627E+21,1.11568E+16,4.83394E+16
86733,86734,9,1,62,0,2016,11,15,3,3,0,6,0,0,0,1,0,0,0,1,6.8266E+20,5.33556E+21,1.14557E+16,4.81471E+16
86734,86735,9,1,62,0,2016,11,6,4,3,9,1,2,2,0,1,0,0,0,0,6.85385E+20,5.34124E+21,1.14948E+16,4.81973E+16
86735,86736,9,4,72,116,2016,11,22,2,2,0,6,2,1,0,1,0,0,1,0,6.86592E+20,5.54469E+21,1.16051E+16,5.00253E+16
86736,86737,9,1,85,158,2016,11,16,6,3,6,5,1,0,0,1,1,0,0,0,6.67577E+20,5.38033E+21,1.1271E+16,4.85537E+16
86737,86738,9,7,63,0,2016,11,17,6,3,2,6,2,1,0,1,0,0,0,0,5.98401E+20,5.28789E+21,1.03125E+16,4.77369E+16
86738,86739,9,5,71,180,2016,11,19,5,3,2,2,2,1,0,1,0,0,0,0,6.30542E+20,5.46352E+21,1.0796E+16,4.93104E+16
86739,86740,9,2,75,156,2016,11,6,2,3,4,1,2,2,0,1,0,0,0,1,8.50389E+20,5.39785E+21,1.37566E+16,4.86353E+16
86740,86741,9,1,75,135,2016,11,14,4,3,1,6,0,1,0,1,0,0,0,0,7.07669E+20,5.33851E+21,1.1793E+16,4.81658E+16
86741,86742,9,1,88,127,2016,11,14,4,3,1,3,0,0,1,1,0,0,0,0,6.79522E+20,5.3295E+21,1.1411E+16,4.80935E+16
86742,86743,9,5,73,126,2016,11,7,2,3,1,6,1,0,0,0,0,0,1,1,6.36445E+20,5.48255E+21,1.08837E+16,4.94803E+16
86743,86744,9,1,86,137,2016,11,6,6,3,5,3,2,1,0,1,0,0,0,0,6.84636E+20,5.39925E+21,1.15103E+16,4.87189E+16
86744,86745,9,5,71,165,2016,11,18,5,3,4,2,2,1,0,1,0,0,0,0,6.29264E+20,5.46601E+21,1.07792E+16,4.93331E+16
86745,86746,9,2,77,128,2016,11,2,2,3,0,7,2,0,0,1,0,0,1,0,7.90365E+20,5.35007E+21,1.29108E+16,4.82373E+16
86746,86747,9,3,76,141,2016,11,19,4,3,2,6,2,1,0,1,0,0,0,0,7.2738E+20,5.45331E+21,1.21209E+16,4.91904E+16
86747,86748,9,1,87,159,2016,11,1,1,3,8,1,2,1,0,1,0,0,0,0,7.31537E+20,5.32957E+21,1.21087E+16,4.80773E+16
86748,86749,9,6,61,0,2016,11,12,1,3,1,6,0,0,0,1,0,0,0,0,5.09565E+20,5.53482E+21,9.13336E+15,4.99657E+16
86749,86750,9,1,86,137,2016,11,16,2,3,4,2,2,0,0,1,0,0,0,0,6.79498E+20,5.399E+21,1.14404E+16,4.87181E+16
86750,86751,9,1,88,139,2016,11,11,7,3,5,7,0,1,0,1,0,0,0,0,6.72995E+20,5.31918E+21,1.13193E+16,4.80025E+16
86751,86752,9,5,71,145,2016,11,22,3,2,5,3,2,1,0,1,0,0,0,0,5.91344E+20,5.44765E+21,1.02533E+16,4.91749E+16
86752,86753,9,1,71,121,2016,11,10,3,3,2,6,0,0,0,1,0,0,0,0,7.70823E+20,5.34492E+21,1.26449E+16,4.81997E+16
86753,86754,9,4,75,145,2016,11,0,5,3,9,1,2,2,0,1,0,0,0,0,6.99342E+20,5.57462E+21,1.17986E+16,5.029E+16
86754,86755,9,4,74,132,2016,11,17,6,3,8,1,2,1,0,1,0,0,0,0,6.62513E+20,5.50596E+21,1.1253E+16,4.96842E+16
86755,86756,9,1,78,124,2016,11,9,3,3,0,1,0,0,0,1,0,0,0,0,7.05365E+20,5.36445E+21,1.17747E+16,4.83997E+16
86756,86757,9,7,75,152,2016,11,17,3,3,1,6,2,1,0,1,0,0,0,0,5.76638E+20,5.35426E+21,1.00341E+16,4.83369E+16
86757,86758,9,7,78,123,2016,11,17,4,3,2,6,2,0,0,1,0,0,0,0,5.85836E+20,5.31614E+21,1.01505E+16,4.79928E+16
86758,86759,9,4,63,0,2016,11,11,5,3,9,1,0,1,0,1,0,0,0,0,6.4044E+20,5.57211E+21,1.09713E+16,5.02844E+16
86759,86760,9,3,75,190,2016,11,17,2,3,4,2,2,1,0,1,0,0,0,0,7.24997E+20,5.44484E+21,1.20835E+16,4.91152E+16
86760,86761,9,1,74,113,2016,11,19,6,2,2,6,2,1,0,0,0,0,1,0,6.79892E+20,5.34191E+21,1.14213E+16,4.82049E+16
86761,86762,9,7,77,130,2016,11,17,6,3,2,6,2,1,0,1,0,0,0,0,6.23903E+20,5.30804E+21,1.06583E+16,4.79138E+16
86762,86763,9,2,71,125,2016,11,19,2,2,8,1,2,0,0,1,0,0,0,0,8.03259E+20,5.40911E+21,1.31269E+16,4.8761E+16
86763,86764,9,4,76,178,2016,11,17,5,2,6,4,2,1,0,1,1,0,0,0,6.62629E+20,5.57494E+21,1.12838E+16,5.03041E+16
86764,86765,9,1,89,113,2016,11,8,4,3,2,6,0,1,0,1,0,0,0,1,7.68827E+20,5.30192E+21,1.25912E+16,4.78144E+16
86765,86766,9,1,87,118,2016,11,12,1,3,0,7,0,0,0,1,0,0,0,1,7.5209E+20,5.30058E+21,1.23672E+16,4.78091E+16
86766,86767,9,4,76,177,2016,11,5,5,3,8,1,2,2,0,1,0,0,0,0,6.73942E+20,5.57955E+21,1.14446E+16,5.03423E+16
86767,86768,9,4,71,174,2016,11,17,6,2,9,1,2,1,0,1,0,0,0,0,6.34966E+20,5.53942E+21,1.0883E+16,4.99918E+16
86768,86769,9,1,73,120,2016,11,13,4,3,2,2,0,1,0,0,0,0,1,1,6.83375E+20,5.31017E+21,1.14545E+16,4.79186E+16
86769,86770,9,1,87,179,2016,11,0,1,3,9,1,2,1,0,1,0,0,0,0,7.20504E+20,5.31478E+21,1.19532E+16,4.79483E+16
86770,86771,9,5,76,143,2016,11,5,1,2,8,7,2,0,0,1,0,0,0,0,6.536E+20,5.45792E+21,1.11109E+16,4.92547E+16