FID,OBJECTID,ULAND,UREGBEZ,UKREIS,UGEMEINDE,UJAHR,UMONAT,USTUNDE,UWOCHENTAG,UKATEGORIE,UART,UTYP1,ULICHTVERH,IstStrasse,IstRad,IstPKW,IstFuss,IstKrad,IstGkfz,IstSonstig,LINREFX,LINREFY,XGCSWGS84,YGCSWGS84
86771,86772,9,1,85,158,2016,11,8,2,3,6,4,0,0,0,1,1,0,0,0,6.67009E+20,5.38096E+21,1.12635E+16,4.85595E+16
86772,86773,9,1,81,138,2016,11,16,7,3,5,3,1,0,0,1,0,0,0,0,6.39972E+20,5.33474E+21,1.08819E+16,4.81505E+16
86773,86774,9,4,71,117,2016,11,17,3,3,6,6,2,1,1,0,1,0,0,0,6.30485E+20,5.5308E+21,1.08176E+16,4.99154E+16
86774,86775,9,7,80,140,2016,11,9,2,3,3,7,0,0,0,1,0,0,1,0,6.01063E+20,5.28232E+21,1.03467E+16,4.76864E+16
86775,86776,9,4,73,158,2016,11,5,5,2,4,2,2,1,1,1,0,0,0,0,6.26443E+20,5.57812E+21,1.0777E+16,5.03416E+16
86776,86777,9,7,77,130,2016,11,7,6,2,2,6,0,1,0,1,0,0,1,0,6.24765E+20,5.31171E+21,1.06709E+16,4.79466E+16
86777,86778,9,4,61,0,2016,11,17,6,3,1,7,2,1,0,1,0,1,0,0,6.38573E+20,5.52687E+21,1.09288E+16,4.98782E+16
86778,86779,9,1,62,0,2016,11,18,2,2,6,4,2,0,0,1,1,0,0,0,6.92058E+20,5.34055E+21,1.15842E+16,4.81891E+16
86779,86780,9,7,80,137,2016,11,8,3,3,5,3,0,0,0,1,0,0,0,0,5.96627E+20,5.26898E+21,1.02846E+16,4.75671E+16
86780,86781,9,4,72,199,2016,11,7,5,3,2,6,0,1,0,1,0,0,0,0,6.96836E+20,5.53487E+21,1.1743E+16,4.99337E+16
86781,86782,9,3,76,119,2016,11,10,2,3,6,4,0,0,0,1,1,0,0,0,7.21403E+20,5.45517E+21,1.204E+16,4.92093E+16
86782,86783,9,1,88,126,2016,11,15,6,3,2,6,0,1,0,1,0,0,0,0,6.58682E+20,5.32724E+21,1.11305E+16,4.80787E+16
86783,86784,9,7,79,181,2016,11,6,6,3,5,3,2,1,0,1,0,0,0,0,6.32248E+20,5.3922E+21,1.07963E+16,4.86688E+16
86784,86785,9,1,61,0,2016,11,12,1,3,5,3,0,0,1,1,0,0,0,0,6.81287E+20,5.40211E+21,1.14661E+16,4.87456E+16
86785,86786,9,4,74,126,2016,11,18,5,3,2,6,1,0,0,1,0,0,0,0,6.48067E+20,5.50725E+21,1.10533E+16,4.96995E+16
86786,86787,9,3,77,141,2016,11,7,6,3,4,2,0,1,0,1,0,0,0,1,7.31317E+20,5.53644E+21,1.22236E+16,4.99355E+16
86787,86788,9,1,87,170,2016,11,16,4,2,2,6,2,1,0,1,0,0,0,1,7.3527E+20,5.32088E+21,1.2154E+16,4.79979E+16
86788,86789,9,2,76,144,2016,11,13,3,2,6,6,0,1,0,1,1,0,0,0,7.85323E+20,5.44566E+21,1.2909E+16,4.90975E+16
86789,86790,9,5,76,151,2016,11,9,2,3,2,6,0,0,0,1,0,0,0,0,6.54175E+20,5.47252E+21,1.11244E+16,4.93859E+16
86790,86791,9,1,62,0,2016,11,21,6,3,3,6,2,1,0,1,0,0,1,0,6.86835E+20,5.33324E+21,1.15108E+16,4.8125E+16
86791,86792,9,7,79,131,2016,11,5,6,3,9,1,2,1,0,1,0,0,0,0,6.30259E+20,5.39622E+21,1.07705E+16,4.87054E+16
86792,86793,9,3,63,0,2016,11,23,5,3,9,1,2,1,0,1,0,0,0,0,7.2732E+20,5.50583E+21,1.21501E+16,4.96622E+16
86793,86794,9,1,86,162,2016,11,17,1,3,2,6,2,0,0,1,0,0,0,0,6.91353E+20,5.38419E+21,1.15946E+16,4.85815E+16
86794,86795,9,3,75,117,2016,11,18,3,3,2,6,2,1,0,1,0,0,0,0,7.34571E+20,5.43197E+21,1.2207E+16,4.8996E+16
86795,86796,9,6,79,170,2016,11,8,2,3,5,3,0,0,0,1,0,0,0,0,5.77241E+20,5.50153E+21,1.00703E+16,4.96614E+16
86796,86797,9,7,71,111,2016,11,13,6,3,3,6,0,0,0,1,0,0,0,0,6.58587E+20,5.35713E+21,1.11404E+16,4.83474E+16
86797,86798,9,3,74,124,2016,11,21,5,3,9,1,2,1,0,1,0,0,0,0,7.14449E+20,5.50781E+21,1.19731E+16,4.96846E+16
86798,86799,9,7,79,131,2016,11,14,6,3,5,3,0,1,0,1,0,0,0,0,6.30267E+20,5.39622E+21,1.07706E+16,4.87054E+16
86799,86800,9,7,80,119,2016,11,12,2,2,2,6,0,0,0,0,0,0,1,1,5.97823E+20,5.29563E+21,1.03065E+16,4.78066E+16
86800,86801,9,6,63,0,2016,11,11,3,3,2,6,0,1,0,1,0,0,0,0,5.69111E+20,5.51312E+21,9.95971E+15,4.97666E+16
86801,86802,9,3,74,117,2016,11,14,5,3,4,6,0,1,0,1,0,0,0,0,7.06681E+20,5.51681E+21,1.18703E+16,4.97682E+16
86802,86803,9,1,74,115,2016,11,17,6,3,1,6,2,0,0,1,0,0,0,0,6.8066E+20,5.34479E+21,1.14328E+16,4.82306E+16
86803,86804,9,1,61,0,2016,11,14,1,3,2,6,0,0,0,1,0,0,0,0,6.79357E+20,5.40432E+21,1.14408E+16,4.8766E+16
86804,86805,9,3,77,132,2016,11,3,7,2,8,7,2,0,0,1,0,0,0,0,7.2254E+20,5.52845E+21,1.20969E+16,4.98671E+16
86805,86806,9,6,61,0,2016,11,19,3,3,4,6,2,1,0,1,0,0,1,0,5.07692E+20,5.53488E+21,9.10725E+15,4.99662E+16
86806,86807,9,2,61,0,2016,11,16,3,3,4,2,1,0,1,1,0,0,0,0,7.32194E+20,5.38152E+21,1.21461E+16,4.85438E+16
86807,86808,9,3,75,165,2016,11,14,5,3,0,1,0,1,0,0,0,1,0,0,7.26335E+20,5.43676E+21,1.20973E+16,4.90422E+16
86808,86809,9,3,74,158,2016,11,16,6,3,5,3,1,1,0,1,0,0,0,0,7.30221E+20,5.51362E+21,1.21948E+16,4.97309E+16
86809,86810,9,1,79,147,2016,11,21,4,1,4,6,2,1,0,1,0,0,0,1,6.63326E+20,5.33416E+21,1.11955E+16,4.81397E+16
86810,86811,9,7,75,152,2016,11,12,4,3,1,6,0,0,0,1,0,0,0,0,5.76673E+20,5.35423E+21,1.00346E+16,4.83366E+16
86811,86812,9,2,74,184,2016,11,19,3,2,8,7,2,1,0,1,0,0,0,0,7.47166E+20,5.36933E+21,1.23414E+16,4.84285E+16
86812,86813,9,5,72,131,2016,11,6,2,3,2,6,2,0,0,1,0,0,0,0,6.57361E+20,5.49186E+21,1.1176E+16,4.95589E+16
86813,86814,9,7,72,115,2016,11,6,6,3,2,6,2,1,0,1,0,0,0,0,6.17371E+20,5.36737E+21,1.05873E+16,4.84486E+16
86814,86815,9,3,75,119,2016,11,6,5,3,4,2,2,1,0,1,0,0,0,0,7.37991E+20,5.44572E+21,1.22618E+16,4.91182E+16
86815,86816,9,2,77,138,2016,11,16,2,3,5,3,1,1,1,1,0,0,0,0,7.91658E+20,5.37145E+21,1.2943E+16,4.84285E+16
86816,86817,9,1,76,118,2016,11,8,1,3,8,1,0,0,0,1,0,0,0,0,6.67076E+20,5.41201E+21,1.1277E+16,4.88386E+16
86817,86818,9,5,74,158,2016,11,18,1,3,9,1,2,1,0,1,0,0,0,0,6.69856E+20,5.49616E+21,1.13505E+16,4.95941E+16
86818,86819,9,1,86,162,2016,11,12,2,3,9,6,0,0,0,1,0,0,0,0,6.96768E+20,5.38418E+21,1.16679E+16,4.85797E+16
86819,86820,9,1,89,154,2016,11,13,7,2,5,3,0,0,0,1,0,0,0,0,7.68899E+20,5.31848E+21,1.26024E+16,4.79631E+16
86820,86821,9,1,79,136,2016,11,13,7,3,2,6,0,0,0,1,0,0,0,0,6.6039E+20,5.34151E+21,1.11588E+16,4.82066E+16
86821,86822,9,5,74,155,2016,11,20,1,3,3,7,2,0,0,1,0,0,0,0,6.66269E+20,5.49365E+21,1.12998E+16,4.95725E+16
86822,86823,9,1,62,0,2016,11,15,2,3,2,6,0,0,0,1,0,0,0,0,6.817E+20,5.34186E+21,1.14455E+16,4.82039E+16
86823,86824,9,2,63,0,2016,11,22,7,2,2,1,2,0,0,1,0,0,0,0,7.62534E+20,5.42246E+21,1.25824E+16,4.88994E+16
86824,86825,9,1,78,120,2016,11,8,7,3,3,6,0,1,0,1,0,0,0,0,6.95786E+20,5.3513E+21,1.16393E+16,4.82846E+16
86825,86826,9,5,65,0,2016,11,17,3,3,5,3,2,1,0,1,0,0,0,0,6.46151E+20,5.46657E+21,1.10117E+16,4.93343E+16
86826,86827,9,1,89,157,2016,11,18,3,2,9,1,2,1,0,1,0,0,0,0,7.66692E+20,5.32727E+21,1.25784E+16,4.8043E+16
86827,86828,9,3,72,146,2016,11,6,5,3,4,2,1,1,0,1,0,0,0,0,7.63796E+20,5.4672E+21,1.26288E+16,4.93005E+16
86828,86829,9,3,62,0,2016,11,16,6,3,2,6,0,1,0,1,0,0,0,0,7.24324E+20,5.43417E+21,1.20683E+16,4.90196E+16
86829,86830,9,1,87,150,2016,11,8,3,3,2,6,0,0,0,1,0,0,0,0,7.26275E+20,5.30349E+21,1.20244E+16,4.78449E+16
86830,86831,9,1,78,143,2016,11,15,4,3,5,3,0,1,1,1,0,0,0,0,7.17017E+20,5.37265E+21,1.19361E+16,4.84695E+16
86831,86832,9,7,80,117,2016,11,17,4,3,4,6,2,1,0,1,0,0,0,0,5.94278E+20,5.28456E+21,1.02568E+16,4.77076E+16
86832,86833,9,5,64,0,2016,11,11,2,3,5,7,0,0,0,1,0,0,0,0,6.48208E+20,5.47716E+21,1.1044E+16,4.9429E+16
86833,86834,9,1,84,118,2016,11,12,6,2,2,6,0,0,0,1,0,0,1,0,7.04821E+20,5.33681E+21,1.17539E+16,4.81515E+16
86834,86835,9,7,71,130,2016,11,13,6,2,6,2,0,1,0,1,1,0,0,0,6.4722E+20,5.35767E+21,1.09873E+16,4.8355E+16
86835,86836,9,3,71,126,2016,11,16,5,2,5,3,1,1,0,1,0,0,0,0,7.03564E+20,5.48926E+21,1.18128E+16,4.95218E+16
86836,86837,9,2,74,184,2016,11,9,2,3,5,3,0,0,0,1,0,0,0,0,7.46815E+20,5.37136E+21,1.23379E+16,4.84469E+16
86837,86838,9,2,71,125,2016,11,14,4,3,9,1,0,1,0,1,0,0,0,0,7.99847E+20,5.40801E+21,1.30798E+16,4.87528E+16
86838,86839,9,1,88,121,2016,11,0,1,3,1,6,2,0,0,1,0,0,0,0,6.71187E+20,5.33101E+21,1.12998E+16,4.81093E+16
86839,86840,9,5,64,0,2016,11,12,1,3,2,6,0,0,0,1,0,0,0,0,6.52495E+20,5.47754E+21,1.11032E+16,4.94314E+16
86840,86841,9,1,81,130,2016,11,5,2,3,4,2,2,1,0,1,0,0,0,0,6.42254E+20,5.32457E+21,1.09092E+16,4.80585E+16
86841,86842,9,1,77,130,2016,11,21,7,3,3,1,2,1,0,1,0,0,0,0,7.12612E+20,5.35216E+21,1.18663E+16,4.82869E+16
86842,86843,9,5,61,0,2016,11,17,3,2,0,3,2,1,0,1,0,0,0,1,6.11849E+20,5.46419E+21,1.05391E+16,4.93201E+16
86843,86844,9,3,76,161,2016,11,10,5,2,5,3,0,1,0,1,0,0,0,0,7.27969E+20,5.4662E+21,1.21363E+16,4.93059E+16
86844,86845,9,7,61,0,2016,11,7,6,3,5,3,0,1,1,1,0,0,0,0,6.40351E+20,5.35558E+21,1.08939E+16,4.83378E+16
86845,86846,9,1,62,0,2016,11,17,2,3,2,6,2,0,0,1,0,0,0,0,6.90479E+20,5.33198E+21,1.15591E+16,4.81126E+16
86846,86847,9,7,74,185,2016,11,10,3,3,5,3,0,0,0,1,0,0,0,0,6.08654E+20,5.34891E+21,1.04646E+16,4.8284E+16
86847,86848,9,3,76,144,2016,11,20,5,3,4,7,2,0,0,1,0,0,0,0,7.33271E+20,5.48261E+21,1.22187E+16,4.94513E+16
86848,86849,9,6,73,153,2016,11,9,3,3,8,1,0,2,0,1,0,0,0,0,5.86298E+20,5.59064E+21,1.02158E+16,5.04614E+16
86849,86850,9,3,72,137,2016,11,17,2,2,6,4,2,0,0,1,1,0,0,0,7.8103E+20,5.45346E+21,1.28557E+16,4.91695E+16
86850,86851,9,1,62,0,2016,11,18,6,3,2,6,2,1,0,1,0,0,0,0,6.86001E+20,5.34331E+21,1.1504E+16,4.82157E+16
86851,86852,9,5,64,0,2016,11,9,3,3,5,3,0,0,0,1,0,0,0,1,6.53524E+20,5.47447E+21,1.11162E+16,4.94036E+16
86852,86853,9,1,72,116,2016,11,22,3,2,9,1,2,1,0,0,0,0,0,1,8.03788E+20,5.28568E+21,1.30457E+16,4.76532E+16
86853,86854,9,3,71,119,2016,11,4,5,3,9,1,2,1,0,1,0,0,0,0,6.94765E+20,5.49785E+21,1.16956E+16,4.96018E+16
86854,86855,9,3,76,161,2016,11,7,6,3,6,4,0,1,0,1,1,0,0,0,7.25878E+20,5.46905E+21,1.21091E+16,4.93323E+16
86855,86856,9,1,81,128,2016,11,7,3,3,4,2,0,0,0,1,0,0,0,0,6.38561E+20,5.32702E+21,1.08605E+16,4.80814E+16
86856,86857,9,1,84,136,2016,11,11,3,3,5,3,0,0,0,1,0,0,0,0,6.97899E+20,5.32755E+21,1.16567E+16,4.80705E+16
86857,86858,9,7,76,117,2016,11,17,4,2,0,7,2,1,0,0,0,0,0,1,5.66449E+20,5.27253E+21,9.88403E+15,4.76028E+16
86858,86859,9,4,74,158,2016,11,12,2,3,0,7,0,0,1,0,0,0,0,0,6.52673E+20,5.50814E+21,1.11175E+16,4.97064E+16
86859,86860,9,1,77,121,2016,11,18,6,3,2,6,2,1,0,1,0,0,0,0,7.31667E+20,5.36454E+21,1.21296E+16,4.83914E+16
86860,86861,9,7,71,144,2016,11,16,6,2,4,1,1,1,0,1,0,0,0,1,6.60157E+20,5.37473E+21,1.11683E+16,4.85053E+16
86861,86862,9,2,63,0,2016,11,14,5,3,5,3,0,0,0,1,0,0,0,0,7.64594E+20,5.42088E+21,1.26095E+16,4.88843E+16
86862,86863,9,1,80,133,2016,11,14,4,3,5,3,0,1,0,1,0,0,0,0,6.66808E+20,5.28739E+21,1.12241E+16,4.77183E+16
86863,86864,9,1,74,131,2016,11,2,1,3,9,1,2,1,0,1,0,0,0,0,6.76977E+20,5.35595E+21,1.13879E+16,4.83319E+16
86864,86865,9,3,76,168,2016,11,18,6,2,2,6,2,1,0,1,0,0,0,0,7.28947E+20,5.46434E+21,1.21486E+16,4.92889E+16
86865,86866,9,1,75,115,2016,11,0,7,3,8,1,2,1,0,1,0,0,0,0,7.22006E+20,5.33584E+21,1.19842E+16,4.81371E+16
86866,86867,9,4,61,0,2016,11,12,3,3,1,6,0,1,0,1,0,0,0,0,6.38063E+20,5.52803E+21,1.09221E+16,4.98887E+16
86867,86868,9,7,79,180,2016,11,12,2,3,9,7,0,0,0,1,0,0,0,1,6.208E+20,5.422E+21,1.06496E+16,4.89391E+16
86868,86869,9,1,62,0,2016,11,15,5,3,5,3,0,1,0,1,0,0,0,0,6.84376E+20,5.33211E+21,1.14773E+16,4.81155E+16
86869,86870,9,2,63,0,2016,11,7,5,3,0,1,1,1,0,0,0,1,0,0,7.61992E+20,5.42087E+21,1.25741E+16,4.88853E+16
86870,86871,9,6,79,154,2016,11,11,6,3,8,6,0,1,0,1,0,0,0,0,5.61563E+20,5.5109E+21,9.85455E+15,4.97475E+16
86871,86872,9,3,76,151,2016,11,13,6,3,5,3,0,0,0,1,0,1,0,0,7.47355E+20,5.48355E+21,1.24133E+16,4.94542E+16
86872,86873,9,1,84,130,2016,11,8,2,2,5,3,0,0,1,1,0,0,0,0,6.98153E+20,5.34445E+21,1.1668E+16,4.82223E+16
86873,86874,9,7,72,151,2016,11,19,3,3,6,2,2,1,0,1,1,0,0,0,6.32332E+20,5.34329E+21,1.07819E+16,4.8229E+16
86874,86875,9,2,78,117,2016,11,14,5,3,4,6,0,1,0,1,0,0,0,0,7.5691E+20,5.42069E+21,1.25047E+16,4.88858E+16
86875,86876,9,1,77,116,2016,11,18,1,3,8,1,2,0,0,1,0,0,0,0,7.08511E+20,5.36366E+21,1.18167E+16,4.83916E+16
86876,86877,9,3,71,136,2016,11,14,2,3,5,3,0,0,0,1,0,0,0,0,7.06916E+20,5.47682E+21,1.18525E+16,4.94089E+16
86877,86878,9,1,84,135,2016,11,18,5,3,1,6,2,1,0,1,0,0,0,0,6.87899E+20,5.34746E+21,1.15314E+16,4.82525E+16
86878,86879,9,1,62,0,2016,11,19,1,3,2,6,2,0,0,1,0,0,0,0,6.94636E+20,5.34459E+21,1.16207E+16,4.82246E+16
86879,86880,9,4,75,145,2016,11,1,7,3,0,1,2,2,0,1,0,0,0,0,6.99864E+20,5.57591E+21,1.18066E+16,5.03014E+16
86880,86881,9,6,73,153,2016,11,7,3,3,8,1,0,2,0,1,0,0,0,0,5.85481E+20,5.59006E+21,1.02042E+16,5.04563E+16
86881,86882,9,6,77,175,2016,11,8,6,3,8,1,0,1,0,1,0,0,0,0,5.6391E+20,5.52964E+21,9.89021E+15,4.99157E+16
86882,86883,9,2,76,139,2016,11,14,5,3,5,3,0,1,0,1,0,0,0,0,8.09588E+20,5.42877E+21,1.32276E+16,4.89342E+16
86883,86884,9,1,89,162,2016,11,17,4,3,5,3,2,1,0,1,0,0,0,0,7.80542E+20,5.31836E+21,1.2758E+16,4.7957E+16
86884,86885,9,1,62,0,2016,11,17,7,3,6,7,2,1,1,0,1,0,0,0,6.95072E+20,5.33406E+21,1.16218E+16,4.81299E+16
86885,86886,9,2,71,119,2016,11,14,5,3,5,3,0,1,1,1,0,0,0,0,7.9067E+20,5.41603E+21,1.29609E+16,4.88291E+16
86886,86887,9,3,71,136,2016,11,17,6,3,4,2,2,1,1,1,0,0,0,0,7.10155E+20,5.47719E+21,1.18973E+16,4.94111E+16
86887,86888,9,1,72,118,2016,11,13,4,3,2,6,0,0,0,1,0,0,0,0,7.98006E+20,5.30544E+21,1.29824E+16,4.78331E+16
86888,86889,9,3,62,0,2016,11,17,3,3,2,6,2,1,0,1,0,0,0,0,7.2838E+20,5.43859E+21,1.21262E+16,4.90578E+16
86889,86890,9,6,75,158,2016,11,7,2,3,5,3,0,0,0,1,0,0,0,1,5.97178E+20,5.52221E+21,1.03516E+16,4.98444E+16
86890,86891,9,1,62,0,2016,11,6,5,3,3,6,2,1,0,1,0,0,1,0,6.92036E+20,5.34117E+21,1.15842E+16,4.81947E+16
86891,86892,9,6,77,114,2016,11,6,6,3,4,2,2,1,0,1,0,0,0,0,5.68148E+20,5.53654E+21,9.95046E+15,4.99773E+16
86892,86893,9,6,75,141,2016,11,16,3,3,8,1,1,1,0,1,0,0,0,0,5.80249E+20,5.50985E+21,1.01137E+16,4.97358E+16
86893,86894,9,2,75,153,2016,11,7,5,1,9,1,0,1,0,1,0,0,0,0,8.45931E+20,5.39357E+21,1.36927E+16,4.85995E+16
86894,86895,9,5,64,0,2016,11,19,1,3,0,7,2,0,0,0,0,0,0,1,6.4751E+20,5.47258E+21,1.10326E+16,4.9388E+16
86895,86896,9,1,79,121,2016,11,20,2,3,5,2,2,0,0,1,0,0,0,0,6.68398E+20,5.33806E+21,1.12652E+16,4.81734E+16
86896,86897,9,3,76,112,2016,11,5,7,1,9,1,2,0,0,1,0,0,0,0,7.35286E+20,5.47899E+21,1.22443E+16,4.94181E+16
86897,86898,9,5,74,156,2016,11,17,3,3,3,6,2,1,0,1,0,0,0,0,6.58214E+20,5.48196E+21,1.11838E+16,4.94697E+16
86898,86899,9,2,73,111,2016,11,15,3,3,2,5,0,1,0,1,0,0,0,0,7.10345E+20,5.41028E+21,1.18651E+16,4.88099E+16
86899,86900,9,2,75,114,2016,11,13,5,3,4,6,0,1,0,1,0,0,1,0,7.98529E+20,5.3877E+21,1.30473E+16,4.85712E+16
86900,86901,9,3,61,0,2016,11,12,6,2,0,3,0,1,0,1,0,0,0,1,7.08636E+20,5.48023E+21,1.1878E+16,4.94389E+16
86901,86902,9,1,87,114,2016,11,15,3,3,3,6,1,0,1,1,0,0,0,0,7.49017E+20,5.29727E+21,1.23243E+16,4.77806E+16
86902,86903,9,1,75,118,2016,11,17,4,3,5,2,2,1,0,0,0,0,1,1,7.1797E+20,5.33922E+21,1.19317E+16,4.81688E+16
86903,86904,9,7,73,122,2016,11,18,4,3,1,5,2,1,0,1,0,0,0,0,6.26283E+20,5.38541E+21,1.07132E+16,4.8609E+16
86904,86905,9,5,74,161,2016,11,14,2,3,8,1,0,0,0,1,0,0,0,0,6.79717E+20,5.49191E+21,1.14848E+16,4.95531E+16
86905,86906,9,1,62,0,2016,11,7,5,3,2,6,0,1,0,1,0,0,0,0,6.90573E+20,5.33199E+21,1.15604E+16,4.81126E+16
86906,86907,9,6,78,135,2016,11,12,6,3,2,7,0,1,0,1,0,0,1,0,5.90543E+20,5.54272E+21,1.02642E+16,5.00299E+16
86907,86908,9,2,77,145,2016,11,6,5,3,5,3,2,1,0,1,0,0,0,0,7.97391E+20,5.35445E+21,1.30083E+16,4.82734E+16
86908,86909,9,2,78,190,2016,11,12,6,3,3,6,0,0,0,1,0,0,0,0,7.63197E+20,5.42763E+21,1.25948E+16,4.89455E+16
86909,86910,9,1,85,163,2016,11,17,4,2,5,7,2,1,1,1,0,0,0,0,6.63285E+20,5.3924E+21,1.12176E+16,4.86633E+16
86910,86911,9,2,76,138,2016,11,17,3,2,4,1,2,1,0,1,0,0,0,1,8.00273E+20,5.43128E+21,1.31026E+16,4.89614E+16
86911,86912,9,5,74,123,2016,11,8,2,3,2,6,0,0,0,1,0,0,0,0,6.63804E+20,5.48016E+21,1.12601E+16,4.9452E+16
86912,86913,9,1,62,0,2016,11,4,5,3,5,3,2,1,0,1,0,0,0,0,6.84487E+20,5.34304E+21,1.14835E+16,4.82137E+16
86913,86914,9,6,72,139,2016,11,19,6,3,2,2,2,1,0,1,0,0,0,1,5.68727E+20,5.56091E+21,9.96291E+15,5.01964E+16
86914,86915,9,2,77,138,2016,11,12,5,3,5,3,0,1,0,1,0,1,0,0,7.90993E+20,5.37278E+21,1.29349E+16,4.84408E+16
86915,86916,9,1,84,149,2016,11,10,7,3,2,6,0,1,0,1,0,0,0,0,6.92286E+20,5.3498E+21,1.15915E+16,4.82722E+16
86916,86917,9,5,64,0,2016,11,0,1,3,2,6,2,0,0,1,0,0,0,0,6.47834E+20,5.47994E+21,1.10399E+16,4.94541E+16
86917,86918,9,1,75,115,2016,11,16,2,3,6,4,1,0,0,1,1,0,0,0,7.21067E+20,5.33007E+21,1.19686E+16,4.80855E+16
86918,86919,9,2,72,151,2016,11,13,7,3,2,6,0,0,0,1,0,0,0,0,8.374E+20,5.40857E+21,1.35896E+16,4.87387E+16
86919,86920,9,1,84,136,2016,11,19,6,3,0,2,2,1,0,0,0,1,0,1,6.99876E+20,5.32761E+21,1.16832E+16,4.80704E+16
86920,86921,9,5,63,0,2016,11,16,3,3,2,6,2,1,0,1,0,0,0,0,6.43346E+20,5.48275E+21,1.0979E+16,4.94804E+16
86921,86922,9,1,89,140,2016,11,20,3,2,4,1,2,1,0,1,0,0,0,0,7.73524E+20,5.29606E+21,1.26501E+16,4.77599E+16
86922,86923,9,2,75,122,2016,11,15,5,3,4,6,0,1,0,1,0,0,0,0,8.21975E+20,5.37928E+21,1.33577E+16,4.8484E+16
86923,86924,9,2,76,135,2016,11,10,6,2,5,3,0,0,0,1,0,0,0,0,7.794E+20,5.44474E+21,1.28274E+16,4.9092E+16
86924,86925,9,1,61,0,2016,11,16,3,3,2,6,2,1,0,1,0,0,1,0,6.81002E+20,5.40508E+21,1.14635E+16,4.87724E+16
86925,86926,9,1,77,115,2016,11,14,4,3,2,6,0,1,0,1,0,0,0,0,7.28421E+20,5.35324E+21,1.20797E+16,4.82911E+16
86926,86927,9,7,61,0,2016,11,17,4,3,2,6,1,1,0,1,0,0,0,0,6.4285E+20,5.36002E+21,1.09291E+16,4.83771E+16
86927,86928,9,4,78,165,2016,11,15,2,3,9,1,1,0,0,1,0,0,0,0,6.45403E+20,5.55483E+21,1.10343E+16,5.01279E+16
86928,86929,9,1,84,119,2016,11,17,5,3,0,2,2,1,0,1,0,1,0,0,6.96529E+20,5.34692E+21,1.16473E+16,4.8245E+16
86929,86930,9,6,62,0,2016,11,5,6,2,6,4,2,1,0,0,1,1,0,0,5.86635E+20,5.54472E+21,1.02101E+16,5.00484E+16
86930,86931,9,2,75,144,2016,11,8,5,3,1,2,0,1,0,1,0,0,0,0,8.24938E+20,5.39744E+21,1.34119E+16,4.86454E+16
86931,86932,9,2,79,134,2016,11,18,2,3,4,6,1,0,0,1,0,0,0,0,7.65422E+20,5.38881E+21,1.26001E+16,4.8596E+16
86932,86933,9,2,62,0,2016,11,18,4,3,5,2,2,1,0,1,0,0,0,0,8.23332E+20,5.38821E+21,1.33829E+16,4.85634E+16
86933,86934,9,1,84,120,2016,11,19,7,3,6,4,2,1,0,1,1,0,0,0,6.82125E+20,5.33313E+21,1.14475E+16,4.81253E+16
86934,86935,9,5,75,125,2016,11,15,1,3,5,3,0,0,0,1,0,0,0,0,6.22549E+20,5.49885E+21,1.0697E+16,4.96297E+16
86935,86936,9,1,77,115,2016,11,7,2,2,5,3,0,0,0,1,0,0,1,0,7.31945E+20,5.35308E+21,1.2127E+16,4.82884E+16
86936,86937,9,2,75,141,2016,11,20,5,3,5,3,2,1,0,1,0,0,0,0,8.18483E+20,5.36876E+21,1.33026E+16,4.83914E+16
86937,86938,9,1,72,112,2016,11,18,2,3,5,3,2,0,0,1,0,0,0,0,7.89932E+20,5.29964E+21,1.28709E+16,4.77848E+16
86938,86939,9,3,72,164,2016,11,18,4,3,4,6,2,0,0,1,0,0,0,0,7.66532E+20,5.4524E+21,1.26566E+16,4.91665E+16
86939,86940,9,7,75,152,2016,11,17,7,3,0,7,2,0,0,1,0,0,0,1,5.79855E+20,5.35352E+21,1.00774E+16,4.83298E+16
86940,86941,9,5,71,146,2016,11,13,1,3,5,3,0,0,0,1,0,0,0,0,6.08413E+20,5.47477E+21,1.04947E+16,4.9416E+16
86941,86942,9,7,63,0,2016,11,13,1,3,5,3,0,0,0,1,0,0,0,0,5.98409E+20,5.28564E+21,1.03121E+16,4.77167E+16
86942,86943,9,1,61,0,2016,11,17,7,3,4,2,1,0,0,1,0,0,0,0,6.794E+20,5.40504E+21,1.14417E+16,4.87725E+16
86943,86944,9,1,62,0,2016,11,17,6,2,3,6,2,1,0,1,0,1,0,0,6.95162E+20,5.33784E+21,1.16247E+16,4.81638E+16
86944,86945,9,5,71,180,2016,11,15,3,3,5,3,0,1,0,1,0,0,0,0,6.31722E+20,5.46171E+21,1.08116E+16,4.92939E+16
86945,86946,9,1,71,117,2016,11,14,3,3,1,2,0,0,0,1,0,0,0,0,7.69065E+20,5.33915E+21,1.26177E+16,4.81487E+16
86946,86947,9,2,75,149,2016,11,20,5,3,4,6,2,1,0,1,0,0,1,1,8.13725E+20,5.37111E+21,1.32402E+16,4.84149E+16
86947,86948,9,2,78,113,2016,11,13,6,3,2,6,0,1,0,1,0,0,0,0,7.66093E+20,5.41649E+21,1.2627E+16,4.88443E+16
86948,86949,9,1,75,135,2016,11,14,3,3,5,3,0,0,0,1,0,0,0,0,7.09077E+20,5.33886E+21,1.18121E+16,4.81686E+16