FID,OBJECTID,ULAND,UREGBEZ,UKREIS,UGEMEINDE,UJAHR,UMONAT,USTUNDE,UWOCHENTAG,UKATEGORIE,UART,UTYP1,ULICHTVERH,IstStrasse,IstRad,IstPKW,IstFuss,IstKrad,IstGkfz,IstSonstig,LINREFX,LINREFY,XGCSWGS84,YGCSWGS84
87127,87128,9,1,62,0,2016,11,19,7,3,4,2,2,1,0,1,0,1,0,0,6.95157E+20,5.33404E+21,1.16229E+16,4.81297E+16
87128,87129,9,1,84,130,2016,11,14,5,3,2,6,0,1,0,1,0,0,0,0,6.9828E+20,5.34465E+21,1.16697E+16,4.8224E+16
87129,87130,9,2,74,119,2016,11,13,6,3,5,3,0,0,0,1,0,0,0,0,7.42231E+20,5.40094E+21,1.22932E+16,4.87144E+16
87130,87131,9,1,87,124,2016,11,18,5,3,8,1,2,1,0,1,0,0,0,0,7.35598E+20,5.3296E+21,1.21632E+16,4.80761E+16
87131,87132,9,5,64,0,2016,11,13,6,3,2,6,0,1,0,1,0,0,1,0,6.51294E+20,5.47726E+21,1.10865E+16,4.94292E+16
87132,87133,9,2,74,174,2016,11,3,7,3,8,1,2,1,0,1,0,0,0,0,7.46911E+20,5.39226E+21,1.23516E+16,4.86346E+16
87133,87134,9,7,71,111,2016,11,0,2,3,8,7,2,0,0,1,0,0,1,0,6.57989E+20,5.35786E+21,1.11326E+16,4.83541E+16
87134,87135,9,1,87,142,2016,11,12,5,3,9,1,0,0,0,1,0,0,0,0,7.31458E+20,5.31176E+21,1.20981E+16,4.79173E+16
87135,87136,9,5,75,167,2016,11,13,5,3,2,6,0,0,0,1,0,0,0,1,6.24526E+20,5.50363E+21,1.07259E+16,4.96723E+16
87136,87137,9,5,77,136,2016,11,6,2,3,8,1,2,0,0,1,0,0,0,0,6.22738E+20,5.44462E+21,1.06829E+16,4.91421E+16
87137,87138,9,3,71,127,2016,11,5,1,2,8,1,2,1,0,1,0,0,0,0,7.15277E+20,5.49534E+21,1.19777E+16,4.95723E+16
87138,87139,9,1,62,0,2016,11,19,5,3,5,2,2,1,1,1,0,0,0,0,6.84364E+20,5.3321E+21,1.14771E+16,4.81155E+16
87139,87140,9,1,63,0,2016,11,10,5,3,5,3,0,1,1,1,0,0,0,0,7.33964E+20,5.30479E+21,1.21278E+16,4.78538E+16
87140,87141,9,2,74,165,2016,11,7,6,3,5,3,0,0,0,1,0,0,1,0,7.1695E+20,5.38538E+21,1.19419E+16,4.85839E+16
87141,87142,9,5,75,113,2016,11,9,5,3,5,3,0,1,0,1,0,0,0,0,6.11724E+20,5.49741E+21,1.05468E+16,4.96189E+16
87142,87143,9,1,73,111,2016,11,19,2,2,4,6,2,0,0,1,0,0,0,0,6.82825E+20,5.28936E+21,1.14383E+16,4.77317E+16
87143,87144,9,5,63,0,2016,11,12,1,3,0,7,0,1,0,1,0,0,0,0,6.44179E+20,5.47963E+21,1.09893E+16,4.94522E+16
87144,87145,9,1,82,119,2016,11,13,5,2,8,1,0,1,0,1,0,0,0,0,7.10855E+20,5.29315E+21,1.18136E+16,4.77572E+16
87145,87146,9,5,64,0,2016,11,19,6,3,2,6,2,0,0,1,0,0,0,0,6.58539E+20,5.47341E+21,1.11848E+16,4.93928E+16
87146,87147,9,7,77,177,2016,11,12,7,3,5,3,0,1,0,1,0,0,0,0,6.32892E+20,5.31962E+21,1.07821E+16,4.8016E+16
87147,87148,9,1,62,0,2016,11,18,5,3,5,2,2,1,1,1,0,0,0,0,6.98103E+20,5.33333E+21,1.16621E+16,4.81223E+16
87148,87149,9,1,87,169,2016,11,19,5,2,5,3,2,1,0,1,0,0,0,1,7.38209E+20,5.29823E+21,1.21808E+16,4.77934E+16
87149,87150,9,2,74,141,2016,11,7,6,2,4,6,2,1,0,1,0,0,0,0,7.26903E+20,5.39493E+21,1.20818E+16,4.86662E+16
87150,87151,9,5,71,136,2016,11,18,5,3,2,6,1,0,0,1,0,0,0,0,5.96869E+20,5.43562E+21,1.03261E+16,4.90658E+16
87151,87152,9,2,74,184,2016,11,8,2,2,4,6,0,0,0,1,0,0,0,1,7.50212E+20,5.37488E+21,1.23858E+16,4.84772E+16
87152,87153,9,6,74,133,2016,11,17,1,3,9,1,2,1,0,1,0,0,0,0,6.21098E+20,5.53367E+21,1.06878E+16,4.99431E+16
87153,87154,9,1,87,122,2016,11,7,5,3,5,3,0,1,0,1,0,0,0,0,7.18841E+20,5.30799E+21,1.19275E+16,4.78879E+16
87154,87155,9,6,78,128,2016,11,16,6,3,8,1,2,1,0,1,0,0,0,0,5.804E+20,5.54671E+21,1.01234E+16,5.00673E+16
87155,87156,9,7,76,122,2016,11,10,7,2,1,3,0,1,0,1,0,0,0,0,5.62734E+20,5.27525E+21,9.83501E+15,4.76276E+16
87156,87157,9,1,62,0,2016,11,13,5,3,3,6,2,0,0,1,0,0,1,0,6.87336E+20,5.33209E+21,1.1517E+16,4.81145E+16
87157,87158,9,2,73,147,2016,11,14,6,2,5,3,0,0,0,1,0,0,0,0,7.04834E+20,5.3886E+21,1.17794E+16,4.86169E+16
87158,87159,9,7,79,196,2016,11,10,7,2,5,3,0,1,0,1,0,0,0,0,6.37585E+20,5.39193E+21,1.08686E+16,4.86652E+16
87159,87160,9,1,76,120,2016,11,10,5,3,8,1,0,1,0,1,0,0,0,0,6.80673E+20,5.42206E+21,1.14666E+16,4.89251E+16
87160,87161,9,2,74,128,2016,11,20,7,3,8,1,2,1,0,1,0,0,0,0,7.36467E+20,5.39363E+21,1.22108E+16,4.86509E+16
87161,87162,9,1,61,0,2016,11,17,5,3,5,3,2,0,0,1,0,0,0,0,6.77557E+20,5.40543E+21,1.14169E+16,4.87765E+16
87162,87163,9,5,71,136,2016,11,11,5,3,5,3,0,0,0,1,0,0,0,1,5.94356E+20,5.43718E+21,1.02921E+16,4.90803E+16
87163,87164,9,1,87,181,2016,11,15,2,3,2,6,0,0,0,1,0,0,0,0,7.37036E+20,5.312E+21,1.21727E+16,4.79175E+16
87164,87165,9,4,78,144,2016,11,18,2,3,2,6,0,0,0,1,0,1,0,0,6.55834E+20,5.55853E+21,1.11817E+16,5.01585E+16
87165,87166,9,2,71,140,2016,11,23,1,3,8,7,2,0,0,1,0,0,0,0,7.85391E+20,5.41859E+21,1.28909E+16,4.88545E+16
87166,87167,9,7,75,135,2016,11,8,5,3,2,6,0,1,0,1,0,0,0,1,5.73633E+20,5.35906E+21,9.99444E+15,4.83804E+16
87167,87168,9,2,74,126,2016,11,15,6,2,5,3,0,0,0,1,0,0,0,0,7.28374E+20,5.38745E+21,1.20977E+16,4.85984E+16
87168,87169,9,5,75,163,2016,11,15,1,2,5,3,0,0,0,1,0,0,0,0,5.79655E+20,5.48643E+21,1.01007E+16,4.95253E+16
87169,87170,9,1,76,120,2016,11,6,5,2,3,1,1,1,0,1,0,0,1,1,6.78364E+20,5.42452E+21,1.14361E+16,4.89479E+16
87170,87171,9,5,64,0,2016,11,16,6,3,5,7,1,1,0,1,0,0,0,0,6.52275E+20,5.48193E+21,1.11019E+16,4.94709E+16
87171,87172,9,4,75,154,2016,11,19,7,3,7,7,2,1,0,1,0,0,0,0,6.98762E+20,5.56007E+21,1.17828E+16,5.01595E+16
87172,87173,9,6,76,140,2016,11,7,7,2,4,7,0,1,0,1,0,0,0,0,5.06373E+20,5.52223E+21,9.08866E+15,4.98525E+16
87173,87174,9,4,72,131,2016,11,11,6,2,8,1,0,0,0,1,0,0,0,0,6.74376E+20,5.53484E+21,1.14303E+16,4.99404E+16
87174,87175,9,6,78,130,2016,11,13,2,3,0,7,0,0,0,0,0,0,0,1,5.9363E+20,5.52878E+21,1.03039E+16,4.99041E+16
87175,87176,9,3,75,179,2016,11,7,2,2,4,1,1,1,0,1,0,0,0,0,7.33923E+20,5.42746E+21,1.21956E+16,4.89558E+16
87176,87177,9,1,85,158,2016,11,11,5,3,5,2,0,1,0,1,0,0,0,0,6.67575E+20,5.38034E+21,1.12709E+16,4.85537E+16
87177,87178,9,4,79,136,2016,11,18,5,2,4,2,2,1,0,1,0,0,0,0,7.22301E+20,5.54483E+21,1.2103E+16,5.00143E+16
87178,87179,9,2,63,0,2016,11,16,2,3,2,6,1,0,0,1,0,0,0,0,7.64297E+20,5.42086E+21,1.26054E+16,4.88843E+16
87179,87180,9,1,83,128,2016,11,14,7,3,5,2,0,1,0,1,0,0,0,0,7.63377E+20,5.34863E+21,1.25472E+16,4.82361E+16
87180,87181,9,4,71,123,2016,11,18,6,3,9,1,2,1,0,1,0,0,0,0,6.45858E+20,5.51765E+21,1.10266E+16,4.97936E+16
87181,87182,9,7,72,184,2016,11,12,2,3,8,1,0,0,0,1,0,0,0,0,6.33139E+20,5.363E+21,1.0799E+16,4.84061E+16
87182,87183,9,1,85,157,2016,11,0,5,3,8,7,2,1,0,1,0,0,0,0,6.61955E+20,5.39473E+21,1.12004E+16,4.86846E+16
87183,87184,9,4,64,0,2016,11,14,5,3,2,2,0,1,0,1,0,0,0,0,7.07555E+20,5.57762E+21,1.19154E+16,5.03141E+16
87184,87185,9,1,88,141,2016,11,20,2,3,4,6,2,0,0,1,0,0,0,0,6.66923E+20,5.30646E+21,1.1233E+16,4.78897E+16
87185,87186,9,4,74,122,2016,11,7,2,3,1,6,0,0,0,1,0,0,0,0,6.51044E+20,5.50211E+21,1.10926E+16,4.96526E+16
87186,87187,9,1,80,125,2016,11,15,1,3,5,3,0,0,0,1,0,0,0,0,6.56003E+20,5.27244E+21,1.10748E+16,4.75866E+16
87187,87188,9,7,75,139,2016,11,15,5,3,2,6,0,1,0,1,0,0,0,0,5.77339E+20,5.3648E+21,1.00455E+16,4.84316E+16
87188,87189,9,2,73,164,2016,11,16,6,2,8,1,1,1,0,1,0,0,0,0,6.98067E+20,5.42628E+21,1.17058E+16,4.89577E+16
87189,87190,9,1,76,153,2016,11,8,5,2,0,3,0,0,0,1,0,0,0,0,6.9832E+20,5.41028E+21,1.17015E+16,4.88138E+16
87190,87191,9,1,63,0,2016,11,21,7,3,2,6,2,0,0,1,0,0,0,0,7.33995E+20,5.30476E+21,1.21282E+16,4.78535E+16
87191,87192,9,4,72,111,2016,11,18,7,3,9,1,2,1,0,1,0,0,0,0,6.74002E+20,5.52331E+21,1.14199E+16,4.98369E+16
87192,87193,9,6,71,141,2016,11,17,7,3,8,1,1,1,0,1,0,0,0,0,5.2025E+20,5.5315E+21,9.28218E+15,4.99356E+16
87193,87194,9,4,71,195,2016,11,19,6,3,9,1,2,1,0,1,0,0,0,0,6.42603E+20,5.5242E+21,1.09838E+16,4.98533E+16
87194,87195,9,4,74,161,2016,11,18,6,3,0,7,2,0,0,1,0,0,0,1,6.58243E+20,5.51341E+21,1.11969E+16,4.97523E+16
87195,87196,9,6,71,122,2016,11,14,2,3,2,6,0,0,0,1,0,0,1,0,5.06759E+20,5.53206E+21,9.09419E+15,4.99408E+16
87196,87197,9,3,76,161,2016,11,13,2,3,4,2,0,0,0,1,0,0,0,0,7.28119E+20,5.4707E+21,1.21409E+16,4.93463E+16
87197,87198,9,1,84,120,2016,11,17,5,3,2,6,1,0,0,1,0,0,0,1,6.81442E+20,5.33336E+21,1.14384E+16,4.81276E+16
87198,87199,9,4,64,0,2016,11,7,5,3,8,1,0,1,0,1,0,0,0,1,7.09139E+20,5.5769E+21,1.19372E+16,5.03071E+16
87199,87200,9,2,77,149,2016,11,14,2,2,4,2,0,0,0,1,0,0,0,0,7.9523E+20,5.36732E+21,1.29883E+16,4.83899E+16
87200,87201,9,1,62,0,2016,11,15,1,3,2,6,0,0,0,1,0,0,0,0,6.84602E+20,5.34284E+21,1.1485E+16,4.82119E+16
87201,87202,9,4,64,0,2016,11,8,4,3,2,6,1,1,0,1,0,0,0,0,7.05891E+20,5.57885E+21,1.18927E+16,5.03257E+16
87202,87203,9,1,84,131,2016,11,11,1,3,9,1,0,1,0,1,0,0,0,0,7.03824E+20,5.33859E+21,1.17414E+16,4.81678E+16
87203,87204,9,7,78,120,2016,11,16,5,2,5,3,1,0,0,1,0,0,0,0,5.88953E+20,5.3253E+21,1.01942E+16,4.80748E+16
87204,87205,9,1,90,135,2016,11,19,6,3,1,5,2,0,0,1,0,0,1,0,6.57453E+20,5.29301E+21,1.11015E+16,4.77712E+16
87205,87206,9,1,74,113,2016,11,7,5,3,2,6,0,1,0,1,0,0,0,0,6.70221E+20,5.34826E+21,1.12937E+16,4.82647E+16
87206,87207,9,7,61,0,2016,11,21,7,3,4,1,2,0,0,1,0,0,0,0,6.38362E+20,5.35529E+21,1.0867E+16,4.83357E+16
87207,87208,9,1,62,0,2016,11,10,2,3,3,6,0,0,0,0,0,0,1,0,6.96141E+20,5.34353E+21,1.16405E+16,4.82146E+16
87208,87209,9,4,73,141,2016,11,22,4,3,2,6,2,1,0,1,0,0,0,0,6.41033E+20,5.57282E+21,1.09799E+16,5.02906E+16
87209,87210,9,1,63,0,2016,11,21,1,1,4,6,2,0,0,1,0,0,0,0,7.32003E+20,5.30319E+21,1.21007E+16,4.78402E+16
87210,87211,9,7,74,155,2016,11,6,5,2,5,3,2,1,1,1,0,0,0,0,5.89507E+20,5.36792E+21,1.02107E+16,4.8458E+16
87211,87212,9,1,74,146,2016,11,7,5,3,2,6,1,1,0,1,0,0,0,0,6.6668E+20,5.35101E+21,1.12472E+16,4.82903E+16
87212,87213,9,6,63,0,2016,11,12,7,3,1,6,0,1,0,1,0,0,0,0,5.68162E+20,5.51309E+21,9.94652E+15,4.97664E+16
87213,87214,9,5,64,0,2016,11,18,6,3,3,6,2,1,0,1,0,0,0,0,6.51297E+20,5.47726E+21,1.10866E+16,4.94292E+16
87214,87215,9,1,63,0,2016,11,2,7,3,8,1,2,1,0,1,0,0,0,0,7.3232E+20,5.30183E+21,1.21042E+16,4.78278E+16
87215,87216,9,1,77,116,2016,11,5,3,3,2,6,2,0,0,1,0,0,0,0,7.11429E+20,5.36447E+21,1.18565E+16,4.83979E+16
87216,87217,9,4,77,128,2016,11,8,7,2,4,6,0,0,0,1,0,0,0,0,6.75098E+20,5.55417E+21,1.14491E+16,5.0114E+16
87217,87218,9,6,71,160,2016,11,18,7,3,2,6,2,1,0,1,0,0,0,0,5.25565E+20,5.52596E+21,9.35588E+15,4.98855E+16
87218,87219,9,4,71,165,2016,11,15,6,3,9,1,0,1,0,1,0,0,0,0,6.29252E+20,5.53282E+21,1.08011E+16,4.99337E+16
87219,87220,9,5,65,0,2016,11,6,2,3,0,3,2,1,1,1,0,0,0,0,6.47098E+20,5.46619E+21,1.10246E+16,4.93307E+16
87220,87221,9,3,71,154,2016,11,5,2,3,9,1,2,2,0,1,0,0,0,0,7.0198E+20,5.47549E+21,1.17839E+16,4.93986E+16
87221,87222,9,1,81,126,2016,11,17,5,3,2,6,2,1,0,1,0,0,0,0,6.36459E+20,5.33131E+21,1.08336E+16,4.81204E+16
87222,87223,9,4,78,120,2016,11,18,5,3,5,3,2,1,0,1,0,0,0,0,6.40487E+20,5.54823E+21,1.09632E+16,5.00697E+16
87223,87224,9,2,72,129,2016,11,17,2,3,5,3,2,0,0,1,0,0,0,0,8.4531E+20,5.40754E+21,1.36959E+16,4.87251E+16
87224,87225,9,6,77,135,2016,11,13,1,2,0,1,0,1,1,0,0,0,0,0,5.38176E+20,5.52869E+21,9.53169E+15,4.99094E+16
87225,87226,9,4,63,0,2016,11,17,4,3,2,6,2,1,0,1,0,0,0,0,6.40398E+20,5.57075E+21,1.09702E+16,5.02722E+16
87226,87227,9,1,79,121,2016,11,17,5,3,6,4,2,1,0,1,1,0,0,0,6.66852E+20,5.33824E+21,1.12444E+16,4.81755E+16
87227,87228,9,7,71,112,2016,11,6,6,3,2,6,1,1,0,1,0,0,0,0,6.42975E+20,5.36837E+21,1.09337E+16,4.84522E+16
87228,87229,9,7,74,171,2016,11,18,7,3,9,7,2,1,0,1,0,0,0,0,6.0083E+20,5.37194E+21,1.03647E+16,4.84925E+16
87229,87230,9,7,76,116,2016,11,11,5,2,4,2,0,1,0,1,0,0,0,0,5.5248E+20,5.26684E+21,9.69752E+15,4.75528E+16
87230,87231,9,1,73,112,2016,11,10,6,3,2,6,0,0,0,1,0,0,1,0,6.93746E+20,5.29287E+21,1.15854E+16,4.776E+16
87231,87232,9,7,79,194,2016,11,11,7,2,4,6,0,1,0,1,0,0,0,0,6.10108E+20,5.41372E+21,1.05014E+16,4.88667E+16
87232,87233,9,1,74,122,2016,11,16,5,3,5,3,1,1,0,1,0,0,0,0,6.83281E+20,5.35143E+21,1.14709E+16,4.82895E+16
87233,87234,9,5,73,114,2016,11,14,6,2,5,2,0,1,0,1,0,0,0,0,6.38409E+20,5.48068E+21,1.09101E+16,4.9463E+16
87234,87235,9,1,87,148,2016,11,11,7,3,0,7,0,0,1,1,0,0,0,0,7.3952E+20,5.27775E+21,1.21871E+16,4.76089E+16
87235,87236,9,1,74,115,2016,11,18,5,3,4,6,2,1,0,1,0,0,0,0,6.79483E+20,5.34936E+21,1.14189E+16,4.8272E+16
87236,87237,9,4,72,175,2016,11,16,5,3,8,6,1,1,0,1,0,0,0,0,6.80563E+20,5.51123E+21,1.15054E+16,4.97265E+16
87237,87238,9,5,73,134,2016,11,17,6,3,2,6,2,1,0,1,0,0,0,0,6.408E+20,5.47743E+21,1.0942E+16,4.94332E+16
87238,87239,9,1,87,165,2016,11,18,7,2,4,2,2,0,0,1,0,0,0,0,7.32712E+20,5.29694E+21,1.21068E+16,4.77838E+16
87239,87240,9,7,74,198,2016,11,13,2,2,4,7,0,1,0,1,0,0,1,0,6.15176E+20,5.35118E+21,1.05532E+16,4.83033E+16
87240,87241,9,4,74,126,2016,11,14,7,3,2,6,0,1,0,1,0,0,0,0,6.48386E+20,5.50792E+21,1.1058E+16,4.97055E+16
87241,87242,9,5,72,135,2016,11,15,7,3,2,6,0,1,0,1,0,0,1,0,6.47835E+20,5.4889E+21,1.10432E+16,4.95346E+16
87242,87243,9,4,61,0,2016,11,14,6,3,2,6,0,1,0,1,0,0,0,0,6.36467E+20,5.53121E+21,1.0901E+16,4.99177E+16
87243,87244,9,5,64,0,2016,11,15,2,3,2,6,0,0,0,1,0,0,0,0,6.52534E+20,5.47728E+21,1.11036E+16,4.9429E+16
87244,87245,9,3,63,0,2016,11,17,1,3,1,6,2,0,0,1,0,0,0,0,7.24003E+20,5.50848E+21,1.21058E+16,4.96872E+16
87245,87246,9,1,74,122,2016,11,6,5,3,5,3,2,1,0,1,0,0,0,0,6.83268E+20,5.35141E+21,1.14708E+16,4.82894E+16
87246,87247,9,1,83,124,2016,11,23,6,3,8,1,2,0,0,1,0,0,0,0,7.56386E+20,5.34264E+21,1.24496E+16,4.81852E+16
87247,87248,9,4,72,139,2016,11,8,5,3,2,6,0,1,0,1,0,0,1,0,6.9879E+20,5.55328E+21,1.17797E+16,5.00985E+16
87248,87249,9,2,73,137,2016,11,15,2,3,2,6,0,0,0,1,0,1,0,0,7.09888E+20,5.42294E+21,1.18654E+16,4.89238E+16
87249,87250,9,5,72,131,2016,11,8,1,2,9,1,0,2,0,1,0,0,0,0,6.56809E+20,5.48796E+21,1.11668E+16,4.9524E+16
87250,87251,9,1,75,118,2016,11,17,5,3,2,6,1,1,0,1,0,0,0,0,7.16511E+20,5.34079E+21,1.19129E+16,4.81835E+16
87251,87252,9,6,76,124,2016,11,8,6,3,9,1,1,1,0,1,0,0,0,0,5.33652E+20,5.51375E+21,9.46739E+15,4.97753E+16
87252,87253,9,7,63,0,2016,11,13,7,3,2,6,0,1,0,1,0,0,0,0,5.97736E+20,5.2887E+21,1.03038E+16,4.77442E+16
87253,87254,9,7,72,211,2016,11,5,5,3,3,6,2,0,0,1,0,0,0,0,6.23156E+20,5.3531E+21,1.06613E+16,4.83191E+16
87254,87255,9,1,89,149,2016,11,20,6,1,4,1,2,1,0,1,0,0,0,0,7.57994E+20,5.33275E+21,1.24652E+16,4.80957E+16
87255,87256,9,1,82,134,2016,11,2,7,2,9,6,2,1,0,1,0,0,0,0,7.0144E+20,5.29496E+21,1.16889E+16,4.77765E+16
87256,87257,9,1,77,126,2016,11,7,5,3,2,6,0,1,0,1,0,0,0,1,7.18118E+20,5.36885E+21,1.1949E+16,4.84349E+16
87257,87258,9,4,62,0,2016,11,7,5,2,4,2,1,1,0,1,0,1,0,0,6.87141E+20,5.53845E+21,1.16097E+16,4.9969E+16
87258,87259,9,1,61,0,2016,11,18,2,3,2,6,2,0,0,1,0,0,0,0,6.81839E+20,5.40535E+21,1.1475E+16,4.87745E+16
87259,87260,9,4,78,111,2016,11,16,2,2,5,6,1,0,1,1,0,0,0,0,6.60436E+20,5.55608E+21,1.1245E+16,5.01352E+16
87260,87261,9,2,77,116,2016,11,2,1,3,9,7,2,1,0,1,0,0,0,0,7.78918E+20,5.36689E+21,1.27681E+16,4.83934E+16
87261,87262,9,7,61,0,2016,11,17,5,3,2,6,2,1,0,1,0,0,0,0,6.36414E+20,5.3609E+21,1.08426E+16,4.83865E+16
87262,87263,9,1,89,139,2016,11,18,6,3,8,1,2,0,0,1,0,0,0,0,7.6228E+20,5.28547E+21,1.2494E+16,4.76694E+16
87263,87264,9,1,75,133,2016,11,14,5,3,5,3,0,1,0,1,0,0,0,0,7.08884E+20,5.34209E+21,1.18111E+16,4.81977E+16
87264,87265,9,5,64,0,2016,11,16,6,3,5,3,2,1,1,1,0,0,0,0,6.54768E+20,5.48097E+21,1.11359E+16,4.94616E+16
87265,87266,9,1,61,0,2016,11,14,7,3,3,1,0,1,0,1,0,0,0,1,6.80794E+20,5.40524E+21,1.14608E+16,4.87739E+16
87266,87267,9,4,75,142,2016,11,6,2,3,9,1,0,2,0,1,0,0,0,0,7.04759E+20,5.56908E+21,1.18715E+16,5.02384E+16
87267,87268,9,2,71,146,2016,11,19,1,3,2,6,2,0,0,1,0,0,0,1,7.88104E+20,5.41341E+21,1.29242E+16,4.88068E+16
87268,87269,9,6,79,180,2016,11,12,5,3,4,1,0,1,0,1,0,0,0,0,5.69621E+20,5.52994E+21,9.9698E+15,4.99178E+16
87269,87270,9,1,78,143,2016,11,13,5,3,5,2,0,1,0,1,0,0,0,1,7.1668E+20,5.37204E+21,1.19313E+16,4.84641E+16
87270,87271,9,1,89,155,2016,11,15,6,3,2,2,0,0,0,1,0,0,0,0,7.71204E+20,5.30792E+21,1.26266E+16,4.78673E+16
87271,87272,9,1,89,155,2016,11,6,2,2,4,2,2,1,0,1,0,0,0,0,7.72149E+20,5.30674E+21,1.26385E+16,4.78563E+16
87272,87273,9,5,64,0,2016,11,10,1,3,6,7,0,0,0,1,1,0,0,0,6.47634E+20,5.47486E+21,1.10352E+16,4.94085E+16
87273,87274,9,1,62,0,2016,11,15,4,3,4,2,0,1,1,1,0,0,0,0,6.97145E+20,5.33066E+21,1.1648E+16,4.80987E+16
87274,87275,9,5,62,0,2016,11,14,6,3,2,6,0,1,0,1,0,0,0,0,6.42275E+20,5.49436E+21,1.09684E+16,4.95851E+16
87275,87276,9,6,77,157,2016,11,17,5,3,5,3,2,1,0,1,0,1,0,0,5.43334E+20,5.52143E+21,9.60271E+15,4.98437E+16
87276,87277,9,1,61,0,2016,11,9,7,3,5,3,0,1,0,1,0,0,0,0,6.76047E+20,5.40521E+21,1.13962E+16,4.8775E+16
87277,87278,9,3,63,0,2016,11,13,6,3,2,6,0,1,0,1,0,0,0,0,7.27619E+20,5.51013E+21,1.21568E+16,4.97006E+16
87278,87279,9,7,61,0,2016,11,19,2,3,2,6,2,0,0,1,0,0,0,0,6.41637E+20,5.35969E+21,1.09127E+16,4.83745E+16
87279,87280,9,3,77,137,2016,11,18,2,3,4,2,2,1,0,1,0,0,0,0,7.33421E+20,5.53939E+21,1.22547E+16,4.99611E+16
87280,87281,9,1,62,0,2016,11,6,4,3,5,2,2,1,0,1,0,0,0,0,6.94527E+20,5.33481E+21,1.16148E+16,4.81368E+16
87281,87282,9,4,62,0,2016,11,15,5,3,5,2,0,1,0,1,0,0,0,0,6.86395E+20,5.53386E+21,1.15971E+16,4.9928E+16
87282,87283,9,1,79,123,2016,11,8,2,3,5,2,0,0,0,1,0,0,0,0,6.76717E+20,5.33379E+21,1.13752E+16,4.81328E+16
87283,87284,9,4,72,175,2016,11,9,4,3,4,6,0,1,0,1,0,0,0,0,6.81528E+20,5.51404E+21,1.15201E+16,4.97514E+16
87284,87285,9,4,71,142,2016,11,7,2,3,8,1,0,2,0,1,0,0,0,0,6.54171E+20,5.52429E+21,1.11447E+16,4.98512E+16
87285,87286,9,1,83,148,2016,11,14,1,3,5,3,0,0,0,1,0,0,0,0,7.53694E+20,5.34362E+21,1.2414E+16,4.8195E+16
87286,87287,9,1,89,155,2016,11,12,6,3,5,3,0,0,0,1,0,0,0,0,7.72273E+20,5.30808E+21,1.2641E+16,4.78683E+16
87287,87288,9,1,62,0,2016,11,17,4,2,6,3,2,1,0,1,1,0,0,0,6.96053E+20,5.3338E+21,1.16348E+16,4.81273E+16
87288,87289,9,6,79,122,2016,11,19,7,3,8,1,2,1,0,1,0,0,0,0,5.63497E+20,5.49517E+21,9.87883E+15,4.96058E+16
87289,87290,9,1,76,122,2016,11,18,7,3,4,6,2,1,0,1,0,0,1,0,6.62474E+20,5.40712E+21,1.12124E+16,4.87958E+16
87290,87291,9,1,74,126,2016,11,22,3,3,5,3,2,0,0,1,0,0,0,0,6.83216E+20,5.34436E+21,1.1467E+16,4.82259E+16
87291,87292,9,3,75,183,2016,11,13,7,3,0,7,0,0,0,1,0,0,0,1,7.41555E+20,5.42989E+21,1.23011E+16,4.89746E+16
87292,87293,9,5,76,113,2016,11,16,7,3,8,1,2,1,0,1,0,0,0,0,6.61818E+20,5.4553E+21,1.12227E+16,4.92291E+16
87293,87294,9,3,74,146,2016,11,11,6,3,5,3,0,1,0,1,0,0,0,0,7.31342E+20,5.50002E+21,1.22023E+16,4.96084E+16
87294,87295,9,3,77,129,2016,11,18,6,3,5,2,2,1,0,1,0,0,0,0,7.07338E+20,5.52919E+21,1.1886E+16,4.98792E+16
87295,87296,9,3,72,151,2016,11,14,7,3,5,2,0,1,0,1,0,0,0,0,7.80997E+20,5.46007E+21,1.28599E+16,4.92289E+16
87296,87297,9,5,76,151,2016,11,21,7,3,3,6,2,1,0,1,0,0,0,0,6.55051E+20,5.47168E+21,1.11361E+16,4.93781E+16
87297,87298,9,3,73,159,2016,11,12,6,3,3,6,0,1,0,1,0,0,0,0,6.78697E+20,5.45471E+21,1.1454E+16,4.92191E+16
87298,87299,9,3,75,199,2016,11,13,6,3,5,3,0,0,0,1,0,0,0,1,7.15176E+20,5.42908E+21,1.19407E+16,4.89771E+16
87299,87300,9,6,73,171,2016,11,14,2,2,0,1,0,0,0,1,0,0,0,0,5.86814E+20,5.56964E+21,1.02183E+16,5.02725E+16
87300,87301,9,3,72,153,2016,11,16,2,3,5,3,1,0,1,1,0,0,0,0,7.56514E+20,5.45535E+21,1.25213E+16,4.91972E+16
87301,87302,9,1,62,0,2016,11,16,4,3,2,6,2,1,0,1,0,0,0,0,6.88292E+20,5.34019E+21,1.15334E+16,4.8187E+16
87302,87303,9,3,63,0,2016,11,19,5,3,6,2,2,1,0,1,1,0,0,0,7.27508E+20,5.5057E+21,1.21526E+16,4.96609E+16
87303,87304,9,2,71,128,2016,11,9,2,3,1,6,0,0,0,1,0,0,0,0,7.97956E+20,5.39621E+21,1.30456E+16,4.86478E+16
87304,87305,9,1,75,132,2016,11,20,2,3,5,2,2,0,0,1,0,0,0,0,7.07236E+20,5.33676E+21,1.17864E+16,4.81503E+16