FID,OBJECTID,ULAND,UREGBEZ,UKREIS,UGEMEINDE,UJAHR,UMONAT,USTUNDE,UWOCHENTAG,UKATEGORIE,UART,UTYP1,ULICHTVERH,IstStrasse,IstRad,IstPKW,IstFuss,IstKrad,IstGkfz,IstSonstig,LINREFX,LINREFY,XGCSWGS84,YGCSWGS84
87305,87306,9,4,71,165,2016,11,14,4,2,3,3,0,1,0,1,0,0,0,0,6.27695E+20,5.53259E+21,1.07793E+16,4.9932E+16
87306,87307,9,1,88,118,2016,11,15,1,3,9,7,0,1,0,1,0,0,0,0,6.70389E+20,5.31117E+21,1.12812E+16,4.79312E+16
87307,87308,9,6,75,117,2016,11,7,5,2,9,1,0,1,0,1,0,0,0,0,5.85085E+20,5.5206E+21,1.01831E+16,4.98318E+16
87308,87309,9,1,89,154,2016,11,11,6,3,2,6,0,0,0,1,0,0,0,0,7.6634E+20,5.31789E+21,1.25679E+16,4.79589E+16
87309,87310,9,1,84,119,2016,11,16,4,3,0,7,2,1,0,0,0,0,0,1,6.96979E+20,5.34792E+21,1.16538E+16,4.82538E+16
87310,87311,9,6,72,114,2016,11,18,7,2,9,7,2,1,0,0,0,1,0,1,5.78263E+20,5.55569E+21,1.00954E+16,5.01483E+16
87311,87312,9,5,77,136,2016,11,17,6,3,4,2,2,1,0,1,0,0,0,0,6.26744E+20,5.44232E+21,1.07371E+16,4.91206E+16
87312,87313,9,1,79,142,2016,11,23,7,3,9,1,2,1,0,1,0,0,0,0,6.71045E+20,5.34093E+21,1.13019E+16,4.81986E+16
87313,87314,9,1,62,0,2016,11,11,2,3,2,6,0,0,0,1,0,0,0,0,6.82871E+20,5.33593E+21,1.14587E+16,4.81503E+16
87314,87315,9,3,76,151,2016,11,18,7,3,5,3,2,1,0,1,0,0,0,0,7.47163E+20,5.48351E+21,1.24106E+16,4.94539E+16
87315,87316,9,5,65,0,2016,11,9,7,3,4,2,0,1,0,1,0,0,0,0,6.46229E+20,5.46592E+21,1.10126E+16,4.93284E+16
87316,87317,9,3,75,119,2016,11,12,6,3,1,6,0,1,0,1,0,0,0,0,7.38099E+20,5.44565E+21,1.22632E+16,4.91175E+16
87317,87318,9,5,63,0,2016,11,21,2,3,0,7,2,0,1,0,0,0,0,0,6.44404E+20,5.4819E+21,1.09933E+16,4.94725E+16
87318,87319,9,1,84,149,2016,11,17,4,3,1,6,2,1,0,1,0,0,0,1,6.91252E+20,5.35229E+21,1.15787E+16,4.82948E+16
87319,87320,9,1,89,150,2016,11,15,6,2,5,3,0,0,0,1,0,0,1,0,7.78693E+20,5.31791E+21,1.2733E+16,4.79538E+16
87320,87321,9,2,61,0,2016,11,6,2,3,2,6,2,0,0,1,0,0,0,1,7.26706E+20,5.37979E+21,1.20709E+16,4.85302E+16
87321,87322,9,6,79,143,2016,11,19,1,2,7,7,2,0,0,0,1,0,0,1,5.73329E+20,5.53319E+21,1.00221E+16,4.99466E+16
87322,87323,9,1,84,147,2016,11,9,4,3,2,6,0,1,0,1,0,0,0,0,6.95546E+20,5.33991E+21,1.16308E+16,4.81823E+16
87323,87324,9,4,61,0,2016,11,22,1,3,4,2,2,0,0,1,0,0,0,0,6.37821E+20,5.53012E+21,1.09195E+16,4.99075E+16
87324,87325,9,6,62,0,2016,11,15,6,3,8,1,0,1,0,1,0,0,0,0,5.89017E+20,5.54221E+21,1.02428E+16,5.00255E+16
87325,87326,9,7,80,124,2016,11,21,7,3,8,1,2,2,0,1,0,0,0,0,5.95464E+20,5.27376E+21,1.02702E+16,4.76102E+16
87326,87327,9,6,75,178,2016,11,16,5,3,4,7,0,1,0,1,0,0,0,0,5.98941E+20,5.51596E+21,1.03745E+16,4.97879E+16
87327,87328,9,6,71,143,2016,11,20,2,2,4,2,2,0,0,1,0,0,0,0,5.11378E+20,5.54702E+21,9.15901E+15,5.00753E+16
87328,87329,9,3,76,161,2016,11,14,2,3,1,6,0,0,0,1,0,1,0,0,7.25766E+20,5.46788E+21,1.2107E+16,4.93219E+16
87329,87330,9,1,62,0,2016,11,12,4,3,4,2,0,1,0,1,0,0,0,1,6.98065E+20,5.33333E+21,1.16616E+16,4.81224E+16
87330,87331,9,3,63,0,2016,11,17,5,3,2,6,2,1,0,1,0,0,0,1,7.26997E+20,5.50534E+21,1.21454E+16,4.96579E+16
87331,87332,9,2,75,152,2016,11,14,2,3,4,2,0,0,0,1,0,0,0,0,8.21813E+20,5.40803E+21,1.33778E+16,4.8742E+16
87332,87333,9,7,77,130,2016,11,14,1,3,5,3,0,0,0,1,0,0,0,0,6.24646E+20,5.3092E+21,1.06685E+16,4.7924E+16
87333,87334,9,4,74,137,2016,11,0,4,3,8,1,2,0,0,1,0,0,0,0,6.51807E+20,5.50036E+21,1.11025E+16,4.96367E+16
87334,87335,9,1,62,0,2016,11,14,7,3,4,2,0,1,0,1,0,0,0,0,6.92091E+20,5.34187E+21,1.15853E+16,4.8201E+16
87335,87336,9,6,77,114,2016,11,10,5,3,9,1,0,1,0,1,0,0,0,0,5.67899E+20,5.53852E+21,9.94734E+15,4.99951E+16
87336,87337,9,1,71,135,2016,11,22,6,3,8,1,2,0,0,1,0,0,0,0,7.68551E+20,5.34086E+21,1.26118E+16,4.81642E+16
87337,87338,9,1,84,135,2016,11,7,4,3,0,1,0,1,0,0,0,1,0,0,6.89827E+20,5.34913E+21,1.15581E+16,4.82669E+16
87338,87339,9,5,75,119,2016,11,12,6,3,2,6,0,1,0,1,0,0,0,0,6.0866E+20,5.48854E+21,1.05019E+16,4.95397E+16
87339,87340,9,1,77,115,2016,11,13,7,3,5,3,0,1,0,1,0,0,0,0,7.31944E+20,5.35308E+21,1.2127E+16,4.82884E+16
87340,87341,9,7,76,116,2016,11,14,2,2,6,7,0,0,0,0,1,0,1,0,5.53042E+20,5.26834E+21,9.70517E+15,4.75663E+16
87341,87342,9,3,75,180,2016,11,16,5,2,5,2,1,1,0,1,0,0,0,0,7.24304E+20,5.42958E+21,1.20655E+16,4.89783E+16
87342,87343,9,3,73,167,2016,11,12,6,3,9,1,0,1,0,1,0,0,0,0,6.95446E+20,5.45888E+21,1.16858E+16,4.92514E+16
87343,87344,9,5,77,158,2016,11,7,2,3,9,1,1,2,0,1,0,0,0,0,6.43624E+20,5.42139E+21,1.09609E+16,4.89287E+16
87344,87345,9,3,73,143,2016,11,3,1,2,8,1,2,1,0,1,0,0,0,0,7.00287E+20,5.45076E+21,1.17482E+16,4.91769E+16
87345,87346,9,6,78,192,2016,11,13,5,3,9,1,0,1,0,1,0,0,0,0,5.73007E+20,5.54736E+21,1.00203E+16,5.0074E+16
87346,87347,9,1,62,0,2016,11,12,4,3,2,6,0,1,0,1,0,0,0,0,6.96985E+20,5.32931E+21,1.16452E+16,4.80866E+16
87347,87348,9,1,71,117,2016,11,9,6,2,4,1,0,1,0,1,0,0,0,0,7.6606E+20,5.33589E+21,1.25753E+16,4.81206E+16
87348,87349,9,3,71,151,2016,11,14,5,3,1,2,0,0,0,1,0,0,0,0,6.98764E+20,5.48687E+21,1.17453E+16,4.95019E+16
87349,87350,9,1,73,112,2016,11,18,2,3,2,6,2,0,0,1,0,0,0,0,6.93582E+20,5.29297E+21,1.15833E+16,4.7761E+16
87350,87351,9,5,76,126,2016,11,14,1,3,5,3,0,0,0,1,0,0,0,0,6.55671E+20,5.44089E+21,1.11327E+16,4.91012E+16
87351,87352,9,7,78,115,2016,11,14,4,3,5,2,0,1,0,1,0,0,1,0,5.93547E+20,5.33312E+21,1.02576E+16,4.81445E+16
87352,87353,9,5,62,0,2016,11,12,6,2,9,6,0,1,0,1,0,0,1,0,6.44398E+20,5.49544E+21,1.09981E+16,4.95943E+16
87353,87354,9,1,62,0,2016,11,13,6,3,5,6,0,0,0,1,0,1,0,0,6.9513E+20,5.33405E+21,1.16225E+16,4.81298E+16
87354,87355,9,7,77,130,2016,11,20,7,3,0,1,2,1,0,0,0,1,0,0,6.23879E+20,5.30897E+21,1.06582E+16,4.79221E+16
87355,87356,9,6,74,164,2016,11,14,5,3,8,1,0,1,0,1,0,0,0,0,6.11494E+20,5.548E+21,1.05581E+16,5.00739E+16
87356,87357,9,1,84,118,2016,11,16,6,3,2,6,0,1,0,1,0,0,0,0,7.04232E+20,5.33618E+21,1.17457E+16,4.8146E+16
87357,87358,9,3,72,146,2016,11,14,6,3,8,1,0,1,0,1,0,0,0,0,7.61162E+20,5.46123E+21,1.25888E+16,4.92481E+16
87358,87359,9,7,72,145,2016,11,19,2,3,8,7,2,1,0,1,0,0,0,0,6.34257E+20,5.3704E+21,1.08165E+16,4.84724E+16
87359,87360,9,1,87,165,2016,11,14,6,3,8,1,0,0,0,1,0,0,0,1,7.32641E+20,5.29458E+21,1.21046E+16,4.77626E+16
87360,87361,9,7,75,129,2016,11,17,4,3,5,2,2,1,0,1,0,0,1,0,5.84324E+20,5.33931E+21,1.01348E+16,4.82014E+16
87361,87362,9,5,71,180,2016,11,14,6,3,1,2,0,1,0,1,0,0,0,0,6.30373E+20,5.46238E+21,1.07933E+16,4.93003E+16
87362,87363,9,1,84,112,2016,11,16,6,2,4,6,1,0,0,1,0,0,0,0,7.01895E+20,5.33707E+21,1.17148E+16,4.81548E+16
87363,87364,9,7,75,129,2016,11,21,4,2,5,2,2,1,0,1,0,0,0,0,5.81925E+20,5.33993E+21,1.01027E+16,4.82073E+16
87364,87365,9,3,71,151,2016,11,17,5,3,2,2,2,1,1,1,0,0,0,0,6.99487E+20,5.48369E+21,1.17537E+16,4.94731E+16
87365,87366,9,1,71,113,2016,11,13,2,3,5,3,0,0,0,1,0,0,0,0,7.77668E+20,5.3372E+21,1.27318E+16,4.81274E+16
87366,87367,9,4,78,165,2016,11,7,2,3,5,3,0,0,1,1,0,0,0,0,6.43858E+20,5.55266E+21,1.10119E+16,5.01088E+16
87367,87368,9,2,71,126,2016,11,17,1,3,4,2,2,0,0,1,0,0,0,0,8.04944E+20,5.41791E+21,1.31563E+16,4.88392E+16
87368,87369,9,6,72,127,2016,11,17,5,3,5,3,2,1,0,1,0,0,0,0,5.65022E+20,5.55132E+21,9.90938E+15,5.01106E+16
87369,87370,9,1,87,163,2016,11,16,6,3,2,6,2,0,0,1,0,0,0,0,7.38801E+20,5.30902E+21,1.21947E+16,4.789E+16
87370,87371,9,5,71,145,2016,11,18,1,3,5,3,2,0,0,1,0,0,0,0,5.9396E+20,5.44129E+21,1.02877E+16,4.91173E+16
87371,87372,9,7,80,119,2016,11,10,4,3,3,6,0,1,0,1,0,0,1,0,5.97443E+20,5.29611E+21,1.03015E+16,4.7811E+16
87372,87373,9,5,76,148,2016,11,13,6,3,2,6,0,1,0,1,0,0,0,0,6.60377E+20,5.44433E+21,1.11985E+16,4.91309E+16
87373,87374,9,3,76,170,2016,11,16,7,3,4,2,2,1,0,1,0,0,0,0,7.27554E+20,5.45642E+21,1.2125E+16,4.92183E+16
87374,87375,9,5,74,152,2016,11,16,7,3,8,1,0,1,0,1,0,0,0,0,6.62092E+20,5.48133E+21,1.1237E+16,4.9463E+16
87375,87376,9,3,76,153,2016,11,18,6,3,0,6,2,1,0,1,0,0,0,0,7.29213E+20,5.4896E+21,1.21669E+16,4.95157E+16
87376,87377,9,6,78,122,2016,11,18,2,2,1,7,2,1,0,1,0,0,1,0,6.00218E+20,5.52917E+21,1.03957E+16,4.99065E+16
87377,87378,9,3,77,146,2016,11,6,2,3,8,1,2,2,0,1,0,0,0,0,7.38182E+20,5.52345E+21,1.23112E+16,4.98162E+16
87378,87379,9,7,80,143,2016,11,20,4,3,4,2,2,1,0,1,0,0,0,0,5.97915E+20,5.28151E+21,1.03046E+16,4.76796E+16
87379,87380,9,3,71,151,2016,11,12,5,2,4,7,0,1,0,1,0,0,1,0,7.0183E+20,5.48562E+21,1.1787E+16,4.94897E+16
87380,87381,9,3,75,210,2016,11,10,2,3,9,6,0,0,0,1,0,0,1,0,7.5359E+20,5.43111E+21,1.2466E+16,4.89808E+16
87381,87382,9,1,74,113,2016,11,14,2,3,5,3,0,0,0,1,0,0,0,0,6.78981E+20,5.34277E+21,1.14094E+16,4.82129E+16
87382,87383,9,4,74,126,2016,11,15,4,3,4,1,0,1,0,1,0,0,1,0,6.50106E+20,5.50684E+21,1.10814E+16,4.96954E+16
87383,87384,9,1,87,113,2016,11,20,1,3,9,1,2,0,0,1,0,0,0,0,7.46475E+20,5.32212E+21,1.23046E+16,4.80048E+16
87384,87385,9,6,72,139,2016,11,12,5,3,8,1,0,1,0,1,0,0,0,0,5.65792E+20,5.56033E+21,9.9217E+15,5.01915E+16
87385,87386,9,1,63,0,2016,11,6,6,3,0,2,2,0,0,1,1,0,0,0,7.32865E+20,5.3055E+21,1.21135E+16,4.78606E+16
87386,87387,9,7,79,194,2016,11,16,4,2,4,2,1,1,0,1,0,0,0,1,6.11297E+20,5.41314E+21,1.05175E+16,4.88612E+16
87387,87388,9,3,76,147,2016,11,12,5,3,5,3,0,1,0,1,0,0,0,0,7.47275E+20,5.46958E+21,1.24035E+16,4.93288E+16
87388,87389,9,1,88,139,2016,11,10,2,3,6,4,0,0,0,1,1,0,0,0,6.74509E+20,5.31941E+21,1.13397E+16,4.80042E+16
87389,87390,9,4,72,190,2016,11,7,2,3,8,1,0,2,0,1,0,0,0,0,6.99593E+20,5.52679E+21,1.17771E+16,4.98603E+16
87390,87391,9,2,74,126,2016,11,20,1,3,4,2,2,0,0,1,0,0,0,0,7.33072E+20,5.38282E+21,1.21587E+16,4.85551E+16
87391,87392,9,6,78,134,2016,11,17,5,3,5,2,2,0,0,1,0,0,0,0,5.97124E+20,5.52802E+21,1.03523E+16,4.98967E+16
87392,87393,9,1,82,127,2016,11,8,6,2,6,2,0,0,0,1,1,0,0,0,6.99926E+20,5.30962E+21,1.16755E+16,4.79088E+16
87393,87394,9,7,73,116,2016,11,7,4,3,3,6,1,1,1,1,0,0,0,0,6.1943E+20,5.38182E+21,1.06192E+16,4.8578E+16
87394,87395,9,1,84,145,2016,11,18,6,3,4,2,2,0,0,1,0,0,0,0,6.98255E+20,5.32446E+21,1.166E+16,4.80426E+16
87395,87396,9,3,61,0,2016,11,10,7,3,5,3,0,1,0,1,0,0,0,1,7.08311E+20,5.48051E+21,1.18737E+16,4.94415E+16
87396,87397,9,5,63,0,2016,11,0,7,2,6,4,2,0,0,1,1,0,0,0,6.4219E+20,5.48771E+21,1.09648E+16,4.95253E+16
87397,87398,9,3,76,160,2016,11,20,6,2,8,1,2,1,0,1,0,0,0,0,7.56717E+20,5.49106E+21,1.25471E+16,4.95178E+16
87398,87399,9,3,76,116,2016,11,5,6,3,4,2,2,1,0,1,0,0,0,0,7.40218E+20,5.46273E+21,1.23024E+16,4.92701E+16
87399,87400,9,6,62,0,2016,11,16,2,3,2,6,2,0,0,1,0,1,0,0,5.8871E+20,5.54401E+21,1.02389E+16,5.00418E+16
87400,87401,9,3,72,177,2016,11,5,2,3,8,1,2,2,0,1,0,0,0,0,7.73623E+20,5.45165E+21,1.27531E+16,4.91566E+16
87401,87402,9,7,73,125,2016,11,16,4,3,2,6,2,1,0,1,0,0,0,0,6.13979E+20,5.38435E+21,1.0546E+16,4.86019E+16
87402,87403,9,3,76,141,2016,11,17,5,3,1,7,2,1,0,1,0,0,0,0,7.25191E+20,5.45099E+21,1.20896E+16,4.91703E+16
87403,87404,9,2,77,128,2016,11,16,2,3,5,3,0,0,1,1,0,0,0,0,7.96936E+20,5.35268E+21,1.30009E+16,4.82576E+16
87404,87405,9,1,62,0,2016,11,12,1,3,0,7,0,0,0,0,0,0,0,1,6.95089E+20,5.33406E+21,1.1622E+16,4.81299E+16
87405,87406,9,4,74,161,2016,11,14,4,3,1,1,0,1,0,1,0,0,1,0,6.58499E+20,5.5109E+21,1.11994E+16,4.97297E+16
87406,87407,9,1,81,126,2016,11,11,1,2,8,1,0,0,0,1,0,0,0,0,6.3662E+20,5.33216E+21,1.08361E+16,4.81281E+16
87407,87408,9,6,74,190,2016,11,7,5,2,8,6,1,0,0,1,0,0,0,0,6.29838E+20,5.54511E+21,1.08134E+16,5.00441E+16
87408,87409,9,1,87,117,2016,11,16,6,3,6,4,0,0,0,1,1,0,0,0,7.26709E+20,5.30486E+21,1.2031E+16,4.7857E+16
87409,87410,9,7,73,125,2016,11,17,4,3,5,3,2,1,0,1,0,0,0,0,6.0901E+20,5.382E+21,1.04781E+16,4.85816E+16
87410,87411,9,6,72,135,2016,11,13,7,2,5,3,0,1,0,1,0,0,0,0,5.82964E+20,5.56422E+21,1.01631E+16,5.02244E+16
87411,87412,9,5,71,114,2016,11,6,6,3,4,2,1,1,0,1,0,0,0,0,6.04819E+20,5.45679E+21,1.04405E+16,4.92549E+16
87412,87413,9,1,62,0,2016,11,9,6,3,5,2,0,0,0,1,0,0,0,0,6.98803E+20,5.33304E+21,1.16714E+16,4.81195E+16
87413,87414,9,7,75,139,2016,11,6,2,3,5,3,1,1,0,1,0,1,0,0,5.78002E+20,5.36508E+21,1.00545E+16,4.8434E+16
87414,87415,9,2,78,118,2016,11,18,7,3,0,7,2,1,0,1,0,0,0,1,7.72203E+20,5.42278E+21,1.27143E+16,4.8898E+16
87415,87416,9,5,64,0,2016,11,9,7,3,2,6,0,1,0,1,0,0,0,0,6.4608E+20,5.47845E+21,1.10151E+16,4.94412E+16
87416,87417,9,7,73,117,2016,11,13,4,2,5,3,0,1,0,1,0,0,0,1,6.17824E+20,5.39857E+21,1.06022E+16,4.8729E+16
87417,87418,9,6,72,136,2016,11,15,7,3,4,7,0,1,0,1,0,0,0,0,5.79428E+20,5.56313E+21,1.01133E+16,5.0215E+16
87418,87419,9,4,79,136,2016,11,16,6,3,5,3,2,1,0,1,0,0,0,0,7.22675E+20,5.5439E+21,1.21077E+16,5.00057E+16
87419,87420,9,7,75,135,2016,11,17,6,3,3,6,2,1,0,1,0,0,1,1,5.73542E+20,5.359E+21,9.9932E+15,4.83799E+16
87420,87421,9,1,77,133,2016,11,17,3,3,2,6,2,0,0,1,0,0,0,0,7.13703E+20,5.35604E+21,1.18829E+16,4.83214E+16
87421,87422,9,2,75,154,2016,11,4,7,2,4,6,2,1,0,1,0,0,0,0,8.08171E+20,5.39368E+21,1.31821E+16,4.86202E+16
87422,87423,9,5,64,0,2016,11,14,7,3,5,3,0,1,0,1,0,0,0,0,6.49862E+20,5.47658E+21,1.10665E+16,4.94234E+16
87423,87424,9,3,71,156,2016,11,19,6,3,1,5,2,1,0,1,0,1,0,0,7.00902E+20,5.50058E+21,1.17818E+16,4.96244E+16
87424,87425,9,2,78,170,2016,11,17,6,3,1,6,2,1,0,1,0,0,0,0,7.65339E+20,5.42426E+21,1.26218E+16,4.89144E+16
87425,87426,9,5,72,133,2016,11,13,2,3,2,6,0,0,0,1,0,0,0,0,6.3777E+20,5.50083E+21,1.09084E+16,4.96443E+16
87426,87427,9,3,71,154,2016,11,8,2,3,8,1,0,0,0,1,0,0,0,0,7.04416E+20,5.46909E+21,1.18142E+16,4.93402E+16
87427,87428,9,7,73,125,2016,11,10,4,3,2,6,0,1,0,1,0,0,0,1,6.09592E+20,5.38177E+21,1.04859E+16,4.85794E+16
87428,87429,9,2,76,135,2016,11,13,5,3,3,6,0,0,0,1,0,0,0,0,7.77018E+20,5.44542E+21,1.27953E+16,4.90992E+16
87429,87430,9,2,62,0,2016,11,13,2,3,2,2,0,0,0,1,0,0,0,0,8.32145E+20,5.39166E+21,1.35048E+16,4.85898E+16
87430,87431,9,6,63,0,2016,11,0,1,2,9,6,2,1,0,1,0,0,0,0,5.67878E+20,5.51426E+21,9.94278E+15,4.9777E+16
87431,87432,9,4,71,150,2016,11,19,4,3,8,1,2,1,0,1,0,0,0,0,6.35272E+20,5.53521E+21,1.08858E+16,4.99539E+16
87432,87433,9,7,72,216,2016,11,16,4,3,9,1,1,1,0,1,0,0,0,0,6.19804E+20,5.36716E+21,1.06201E+16,4.84462E+16
87433,87434,9,7,71,149,2016,11,19,6,3,9,7,2,1,0,1,0,0,0,0,6.53579E+20,5.36497E+21,1.10758E+16,4.84192E+16
87434,87435,9,7,74,155,2016,11,12,7,3,5,3,0,1,0,1,0,0,0,0,5.90032E+20,5.3669E+21,1.02175E+16,4.84488E+16
87435,87436,9,6,78,170,2016,11,10,5,3,8,3,0,0,0,1,0,0,1,0,5.8783E+20,5.53809E+21,1.02253E+16,4.99886E+16
87436,87437,9,1,76,167,2016,11,18,6,3,5,2,2,1,0,1,0,0,0,0,6.78296E+20,5.4094E+21,1.14286E+16,4.8812E+16
87437,87438,9,7,71,145,2016,11,7,4,3,5,3,0,1,0,1,0,0,0,0,6.47687E+20,5.34596E+21,1.09895E+16,4.82497E+16
87438,87439,9,4,75,168,2016,11,15,6,3,4,6,0,1,0,1,0,0,0,0,7.04225E+20,5.5665E+21,1.18627E+16,5.02154E+16
87439,87440,9,7,78,150,2016,11,17,6,3,5,3,2,1,0,1,0,0,0,0,5.86119E+20,5.32215E+21,1.01555E+16,4.80468E+16
87440,87441,9,7,61,0,2016,11,9,4,3,0,1,0,0,0,0,0,1,0,0,6.39801E+20,5.35424E+21,1.08861E+16,4.83259E+16
87441,87442,9,2,78,167,2016,11,8,5,2,9,1,0,0,0,1,0,0,0,0,7.68151E+20,5.41079E+21,1.26513E+16,4.87922E+16
87442,87443,9,4,79,152,2016,11,7,2,3,8,7,2,0,0,1,0,0,0,1,7.22902E+20,5.56333E+21,1.21222E+16,5.01802E+16
87443,87444,9,3,71,132,2016,11,8,1,3,8,1,0,1,0,1,0,0,0,0,6.97146E+20,5.47466E+21,1.1717E+16,4.93927E+16
87444,87445,9,6,71,155,2016,11,11,5,3,6,7,0,1,0,1,1,0,0,0,5.05337E+20,5.53489E+21,9.07442E+15,4.99663E+16
87445,87446,9,6,63,0,2016,11,17,4,3,2,6,2,1,0,1,0,0,0,0,5.66021E+20,5.51177E+21,9.91657E+15,4.97548E+16
87446,87447,9,1,61,0,2016,11,18,6,3,5,3,2,1,0,1,0,0,0,0,6.77453E+20,5.40578E+21,1.14156E+16,4.87796E+16
87447,87448,9,2,71,146,2016,11,22,5,3,4,2,2,1,0,1,0,0,0,0,7.86019E+20,5.41112E+21,1.28943E+16,4.87872E+16
87448,87449,9,1,72,112,2016,11,12,2,3,9,1,0,0,0,1,0,0,0,0,7.8842E+20,5.30143E+21,1.2852E+16,4.78015E+16
87449,87450,9,5,64,0,2016,11,14,1,2,5,3,0,0,0,1,0,1,0,0,6.48055E+20,5.48538E+21,1.10449E+16,4.95029E+16
87450,87451,9,6,63,0,2016,11,11,4,3,2,6,0,1,0,1,0,0,0,0,5.67783E+20,5.51378E+21,9.94137E+15,4.97727E+16
87451,87452,9,2,63,0,2016,11,17,6,3,0,7,2,1,1,0,0,0,0,0,7.6302E+20,5.41957E+21,1.25872E+16,4.88733E+16
87452,87453,9,5,63,0,2016,11,9,2,3,5,3,0,0,0,1,0,0,0,0,6.44612E+20,5.48154E+21,1.0996E+16,4.94693E+16
87453,87454,9,6,75,113,2016,11,6,4,3,8,2,1,1,0,1,0,0,0,0,5.77067E+20,5.51347E+21,1.00702E+16,4.97687E+16
87454,87455,9,1,76,155,2016,11,13,6,3,5,3,0,1,0,1,0,0,0,0,6.61041E+20,5.42083E+21,1.11983E+16,4.89194E+16
87455,87456,9,2,71,153,2016,11,16,5,2,4,7,2,0,0,1,0,0,1,0,7.98626E+20,5.40517E+21,1.30612E+16,4.87279E+16
87456,87457,9,2,74,187,2016,11,17,2,3,2,6,2,0,0,1,0,0,0,0,7.19239E+20,5.39119E+21,1.19759E+16,4.86353E+16
87457,87458,9,5,72,160,2016,11,3,1,2,8,1,2,1,0,1,0,0,0,0,6.24046E+20,5.51191E+21,1.07219E+16,4.97469E+16
87458,87459,9,4,71,207,2016,11,13,4,3,4,2,0,1,0,1,0,0,0,0,6.27881E+20,5.5316E+21,1.07816E+16,4.99231E+16
87459,87460,9,6,73,153,2016,11,14,4,3,5,3,0,1,0,1,0,0,1,0,5.83436E+20,5.58737E+21,1.01748E+16,5.04324E+16
87460,87461,9,6,76,139,2016,11,10,6,3,2,7,0,1,0,1,0,0,1,0,5.1737E+20,5.50633E+21,9.24092E+15,4.97093E+16
87461,87462,9,7,76,116,2016,11,10,7,2,0,1,0,1,0,0,0,1,0,0,5.50758E+20,5.26909E+21,9.67489E+15,4.75732E+16
87462,87463,9,6,71,155,2016,11,15,5,3,1,5,0,0,0,1,0,0,1,0,5.03171E+20,5.53552E+21,9.04422E+15,4.99721E+16
87463,87464,9,1,81,132,2016,11,14,6,3,2,6,0,0,0,1,0,0,0,0,6.45465E+20,5.32454E+21,1.09523E+16,4.80575E+16
87464,87465,9,7,64,0,2016,11,17,6,3,4,3,2,1,0,1,0,0,0,0,5.88299E+20,5.31298E+21,1.01829E+16,4.7964E+16
87465,87466,9,6,74,149,2016,11,14,4,3,2,6,0,1,0,1,0,0,0,0,6.08463E+20,5.55371E+21,1.05174E+16,5.01257E+16
87466,87467,9,2,75,159,2016,11,13,5,2,6,4,0,0,0,1,1,0,0,0,8.14034E+20,5.39275E+21,1.32607E+16,4.86089E+16
87467,87468,9,1,85,118,2016,11,19,2,2,5,3,2,0,0,1,0,1,0,0,6.65792E+20,5.40341E+21,1.1256E+16,4.87616E+16
87468,87469,9,4,78,165,2016,11,19,2,3,4,2,2,1,0,1,0,0,0,0,6.43581E+20,5.55235E+21,1.10079E+16,5.0106E+16
87469,87470,9,2,75,126,2016,11,17,1,3,4,2,2,0,0,1,0,0,0,0,8.40628E+20,5.39883E+21,1.36253E+16,4.86495E+16
87470,87471,9,6,71,114,2016,11,19,5,3,7,7,2,0,0,0,0,1,0,0,5.03026E+20,5.542E+21,9.04225E+15,5.00303E+16
87471,87472,9,1,88,121,2016,11,13,6,3,2,6,0,0,0,1,0,0,0,0,6.73245E+20,5.32977E+21,1.13269E+16,4.80976E+16
87472,87473,9,6,74,147,2016,11,9,4,2,5,3,0,1,0,1,0,0,0,0,6.09312E+20,5.54556E+21,1.0527E+16,5.00523E+16
87473,87474,9,5,64,0,2016,11,17,6,3,4,2,2,1,0,1,0,0,0,0,6.54621E+20,5.48093E+21,1.11338E+16,4.94613E+16
87474,87475,9,2,75,138,2016,11,8,7,2,4,6,0,1,0,1,0,0,0,0,8.15806E+20,5.38423E+21,1.32782E+16,4.85316E+16
87475,87476,9,5,75,145,2016,11,13,7,3,5,3,0,1,0,1,0,0,0,0,6.19378E+20,5.48363E+21,1.06485E+16,4.94936E+16
87476,87477,9,5,74,112,2016,11,20,6,3,8,7,2,1,0,1,0,0,1,0,6.73423E+20,5.47485E+21,1.13904E+16,4.94016E+16
87477,87478,9,5,74,123,2016,11,6,5,3,3,6,2,1,0,1,0,0,1,1,6.64379E+20,5.47924E+21,1.12677E+16,4.94436E+16
87478,87479,9,7,75,129,2016,11,19,6,3,6,2,2,1,0,1,1,0,0,0,5.81897E+20,5.34142E+21,1.01026E+16,4.82207E+16
87479,87480,9,2,78,192,2016,11,8,6,2,9,1,0,0,0,1,0,0,0,0,7.73969E+20,5.41407E+21,1.27325E+16,4.88191E+16
87480,87481,9,7,72,125,2016,11,12,2,3,5,3,0,0,0,1,0,0,0,0,6.36242E+20,5.34824E+21,1.08361E+16,4.82727E+16
87481,87482,9,6,72,139,2016,11,17,4,3,4,2,1,1,0,1,0,0,0,0,5.67161E+20,5.56111E+21,9.94101E+15,5.01983E+16
87482,87483,9,2,62,0,2016,11,16,5,3,5,3,2,1,0,1,0,0,0,0,8.30147E+20,5.39184E+21,1.34779E+16,4.85925E+16