FID,OBJECTID,ULAND,UREGBEZ,UKREIS,UGEMEINDE,UJAHR,UMONAT,USTUNDE,UWOCHENTAG,UKATEGORIE,UART,UTYP1,ULICHTVERH,IstStrasse,IstRad,IstPKW,IstFuss,IstKrad,IstGkfz,IstSonstig,LINREFX,LINREFY,XGCSWGS84,YGCSWGS84
87483,87484,9,1,81,118,2016,11,7,2,3,5,3,0,0,0,1,0,0,0,0,6.50793E+20,5.32846E+21,1.10251E+16,4.80916E+16
87484,87485,9,4,71,220,2016,11,15,2,3,5,3,0,0,0,1,0,0,0,0,6.17652E+20,5.51129E+21,1.0633E+16,4.97426E+16
87485,87486,9,1,73,140,2016,11,12,1,3,5,3,0,0,0,1,0,0,0,0,6.96167E+20,5.293E+21,1.16177E+16,4.77605E+16
87486,87487,9,5,72,132,2016,11,13,5,3,4,6,0,1,0,1,0,1,0,0,6.33662E+20,5.49513E+21,1.08496E+16,4.95939E+16
87487,87488,9,1,81,130,2016,11,13,6,3,4,6,0,0,0,1,0,0,0,0,6.40506E+20,5.32551E+21,1.08861E+16,4.80674E+16
87488,87489,9,6,72,136,2016,11,17,4,2,4,1,2,1,0,1,0,0,0,0,5.79451E+20,5.56318E+21,1.01136E+16,5.02155E+16
87489,87490,9,7,74,135,2016,11,15,6,3,2,6,0,0,0,1,0,0,0,0,5.95314E+20,5.36585E+21,1.02887E+16,4.84386E+16
87490,87491,9,1,88,120,2016,11,6,3,3,2,6,2,0,0,1,0,0,0,0,6.71926E+20,5.32637E+21,1.13079E+16,4.80674E+16
87491,87492,9,2,62,0,2016,11,22,7,3,8,1,2,1,0,1,1,0,0,0,8.29908E+20,5.3901E+21,1.34733E+16,4.8577E+16
87492,87493,9,5,71,227,2016,11,11,7,3,5,3,0,1,0,1,0,0,0,0,6.04828E+20,5.43479E+21,1.04349E+16,4.9057E+16
87493,87494,9,2,78,113,2016,11,15,6,3,2,6,0,0,0,1,0,0,0,0,7.66217E+20,5.41644E+21,1.26287E+16,4.88438E+16
87494,87495,9,2,71,146,2016,11,13,6,3,2,6,0,0,0,1,0,0,0,0,7.83248E+20,5.40926E+21,1.28553E+16,4.87718E+16
87495,87496,9,6,61,0,2016,11,16,2,3,2,6,2,1,0,1,0,0,0,0,5.10142E+20,5.53072E+21,9.14131E+15,4.99287E+16
87496,87497,9,3,71,151,2016,11,7,2,3,9,1,0,2,0,1,0,0,0,0,7.01371E+20,5.48527E+21,1.17805E+16,4.94866E+16
87497,87498,9,6,76,156,2016,11,17,4,3,0,2,2,1,1,1,0,0,0,0,5.16934E+20,5.49892E+21,9.23455E+15,4.96426E+16
87498,87499,9,2,72,120,2016,11,12,5,3,8,1,0,1,0,1,0,0,0,0,8.21381E+20,5.42448E+21,1.33848E+16,4.88898E+16
87499,87500,9,2,77,138,2016,11,8,2,3,2,6,0,0,0,1,0,0,0,0,7.90598E+20,5.37401E+21,1.29305E+16,4.84521E+16
87500,87501,9,1,62,0,2016,11,19,1,3,2,6,2,0,0,1,0,0,0,0,6.91097E+20,5.33071E+21,1.15669E+16,4.81009E+16
87501,87502,9,4,61,0,2016,11,20,4,3,3,6,2,1,0,1,0,0,0,0,6.38082E+20,5.52774E+21,1.09222E+16,4.98861E+16
87502,87503,9,2,77,140,2016,11,8,6,3,4,1,0,1,0,1,0,0,1,0,7.93029E+20,5.35976E+21,1.29533E+16,4.8323E+16
87503,87504,9,6,74,130,2016,11,14,2,2,5,3,0,0,0,1,0,0,0,0,6.26436E+20,5.55078E+21,1.07678E+16,5.00958E+16
87504,87505,9,3,75,174,2016,11,6,2,3,4,6,2,1,0,1,0,1,0,0,7.32989E+20,5.43043E+21,1.21845E+16,4.89828E+16
87505,87506,9,6,76,125,2016,11,10,4,3,0,1,0,1,0,0,0,1,0,0,5.15267E+20,5.50862E+21,9.21184E+15,4.97299E+16
87506,87507,9,2,72,151,2016,11,7,5,2,9,1,0,1,0,1,0,0,0,0,8.36669E+20,5.40492E+21,1.35767E+16,4.87063E+16
87507,87508,9,2,63,0,2016,11,10,2,3,0,3,0,0,0,1,0,0,0,0,7.65258E+20,5.42112E+21,1.26187E+16,4.88862E+16
87508,87509,9,1,84,135,2016,11,9,2,3,1,6,0,0,0,1,0,0,1,0,6.92652E+20,5.34498E+21,1.15942E+16,4.82288E+16
87509,87510,9,3,63,0,2016,11,10,4,2,6,2,0,1,0,0,1,0,0,1,7.29366E+20,5.5078E+21,1.21796E+16,4.9679E+16
87510,87511,9,1,82,119,2016,11,16,1,3,5,3,0,0,0,1,0,1,0,0,7.12338E+20,5.29309E+21,1.18333E+16,4.77562E+16
87511,87512,9,5,72,131,2016,11,17,5,3,2,6,2,1,0,1,0,0,0,0,6.54392E+20,5.48459E+21,1.11321E+16,4.94943E+16
87512,87513,9,6,71,130,2016,11,16,4,3,5,3,2,1,0,1,0,0,0,0,5.15093E+20,5.54193E+21,9.21073E+15,5.00295E+16
87513,87514,9,6,62,0,2016,11,6,7,2,5,3,2,0,0,1,0,0,0,0,5.88143E+20,5.54482E+21,1.02312E+16,5.00491E+16
87514,87515,9,4,64,0,2016,11,17,6,2,2,6,2,1,1,1,0,0,0,0,7.08342E+20,5.57766E+21,1.19264E+16,5.03142E+16
87515,87516,9,7,76,114,2016,11,8,6,3,2,6,0,1,0,1,0,0,0,1,5.68027E+20,5.27535E+21,9.90545E+15,4.7628E+16
87516,87517,9,1,84,134,2016,11,6,2,3,4,3,0,0,0,1,0,0,0,0,6.93661E+20,5.32226E+21,1.15975E+16,4.80243E+16
87517,87518,9,2,75,130,2016,11,15,7,3,4,6,0,0,0,1,0,0,0,0,8.1432E+20,5.36283E+21,1.32421E+16,4.83404E+16
87518,87519,9,5,71,208,2016,11,10,7,3,5,3,0,1,0,1,0,0,0,0,6.18479E+20,5.43726E+21,1.06224E+16,4.90768E+16
87519,87520,9,2,62,0,2016,11,7,6,3,2,6,0,0,0,1,0,0,0,0,8.26327E+20,5.38804E+21,1.34233E+16,4.85604E+16
87520,87521,9,5,74,123,2016,11,5,2,3,9,1,2,2,0,1,0,0,0,0,6.62102E+20,5.47251E+21,1.12335E+16,4.93837E+16
87521,87522,9,5,72,131,2016,11,17,4,3,2,6,2,1,0,1,0,0,0,0,6.56004E+20,5.48423E+21,1.11542E+16,4.94906E+16
87522,87523,9,2,79,116,2016,11,4,2,3,3,6,2,0,0,1,0,0,1,0,7.58929E+20,5.39575E+21,1.25165E+16,4.86611E+16
87523,87524,9,6,75,141,2016,11,6,1,3,9,7,2,1,0,1,0,0,0,0,5.82205E+20,5.51013E+21,1.01409E+16,4.97381E+16
87524,87525,9,3,75,190,2016,11,17,4,3,3,6,2,1,0,1,0,0,0,0,7.26442E+20,5.44868E+21,1.21054E+16,4.91492E+16
87525,87526,9,5,74,123,2016,11,15,4,2,3,7,0,1,0,1,0,0,0,0,6.61931E+20,5.47966E+21,1.12341E+16,4.9448E+16
87526,87527,9,4,71,220,2016,11,3,1,3,9,1,2,2,0,1,0,0,0,0,6.17284E+20,5.51379E+21,1.06286E+16,4.97652E+16
87527,87528,9,6,79,155,2016,11,17,6,3,4,6,2,0,0,1,0,0,0,0,5.60699E+20,5.50715E+21,9.84198E+15,4.97138E+16
87528,87529,9,7,74,121,2016,11,12,7,2,5,3,0,1,0,1,0,1,0,0,6.04598E+20,5.36455E+21,1.04139E+16,4.84254E+16
87529,87530,9,5,64,0,2016,11,9,5,3,5,3,0,0,0,1,0,0,0,0,6.47505E+20,5.4803E+21,1.10354E+16,4.94575E+16
87530,87531,9,1,79,136,2016,11,10,6,3,5,3,0,0,0,1,0,0,0,1,6.61679E+20,5.34199E+21,1.11763E+16,4.82105E+16
87531,87532,9,5,64,0,2016,11,7,4,3,2,6,0,1,0,1,0,0,0,0,6.50172E+20,5.46701E+21,1.10672E+16,4.93373E+16
87532,87533,9,4,73,166,2016,11,10,6,3,5,3,0,1,0,1,0,0,0,0,6.52931E+20,5.56462E+21,1.11435E+16,5.02139E+16
87533,87534,9,7,77,130,2016,11,8,6,2,3,6,0,1,0,1,0,0,0,0,6.23433E+20,5.30687E+21,1.06516E+16,4.79032E+16
87534,87535,9,1,77,133,2016,11,13,1,3,5,3,0,0,0,1,0,0,0,0,7.09263E+20,5.36014E+21,1.18251E+16,4.83597E+16
87535,87536,9,5,64,0,2016,11,8,5,3,6,4,0,1,1,0,1,0,0,0,6.46598E+20,5.48073E+21,1.10231E+16,4.94615E+16
87536,87537,9,1,74,111,2016,11,17,6,3,9,1,2,1,0,1,0,0,0,0,6.63621E+20,5.36212E+21,1.12103E+16,4.8391E+16
87537,87538,9,5,72,133,2016,11,13,4,3,2,6,0,1,0,1,0,0,0,0,6.38837E+20,5.49909E+21,1.09225E+16,4.96284E+16
87538,87539,9,4,78,145,2016,11,7,6,3,8,7,0,1,0,1,0,0,0,0,6.50604E+20,5.56221E+21,1.111E+16,5.01929E+16
87539,87540,9,7,72,147,2016,11,17,6,3,2,6,2,1,0,1,0,0,0,0,6.38737E+20,5.3641E+21,1.0875E+16,4.84148E+16
87540,87541,9,7,62,0,2016,11,12,2,3,2,6,0,0,0,1,0,0,0,0,6.22348E+20,5.30702E+21,1.06372E+16,4.79049E+16
87541,87542,9,2,72,136,2016,11,12,7,3,7,7,0,1,0,1,0,0,0,0,8.49845E+20,5.40863E+21,1.37583E+16,4.87323E+16
87542,87543,9,5,75,163,2016,11,15,7,3,8,1,0,0,0,1,0,0,0,0,5.83533E+20,5.48855E+21,1.01547E+16,4.95438E+16
87543,87544,9,2,77,153,2016,11,17,5,3,5,3,2,1,0,1,0,0,0,0,7.81181E+20,5.36558E+21,1.27978E+16,4.83806E+16
87544,87545,9,2,72,120,2016,11,6,6,3,8,1,1,2,0,1,0,0,0,0,8.24679E+20,5.42299E+21,1.34285E+16,4.88747E+16
87545,87546,9,5,64,0,2016,11,6,2,2,0,1,2,1,0,0,0,1,0,0,6.45157E+20,5.47735E+21,1.1002E+16,4.94315E+16
87546,87547,9,3,74,166,2016,11,13,1,2,8,1,0,0,0,1,0,0,0,0,7.12984E+20,5.50569E+21,1.19517E+16,4.96661E+16
87547,87548,9,5,74,112,2016,11,5,4,3,2,6,2,1,0,1,0,0,0,0,6.70033E+20,5.47532E+21,1.13439E+16,4.94068E+16
87548,87549,9,1,74,126,2016,11,17,6,3,9,1,2,1,0,1,0,0,0,0,6.83079E+20,5.34447E+21,1.14652E+16,4.8227E+16
87549,87550,9,2,74,187,2016,11,12,5,2,5,2,0,0,0,1,0,0,0,0,7.2236E+20,5.38845E+21,1.20168E+16,4.86096E+16
87550,87551,9,1,90,148,2016,11,15,2,2,4,6,0,0,0,0,0,0,1,1,6.43537E+20,5.29721E+21,1.09173E+16,4.78122E+16
87551,87552,9,5,74,138,2016,11,14,1,2,5,3,0,0,0,1,0,1,0,0,6.66249E+20,5.48382E+21,1.12954E+16,4.94843E+16
87552,87553,9,5,64,0,2016,11,19,4,3,5,3,2,1,0,1,0,0,0,0,6.54538E+20,5.47772E+21,1.11314E+16,4.94325E+16
87553,87554,9,6,71,119,2016,11,14,6,3,8,1,0,1,0,1,0,0,0,0,5.15863E+20,5.55413E+21,9.22198E+15,5.01392E+16
87554,87555,9,7,62,0,2016,11,23,7,3,0,3,2,0,1,1,0,0,0,0,6.22303E+20,5.30711E+21,1.06366E+16,4.79057E+16
87555,87556,9,5,64,0,2016,11,17,5,3,5,2,1,0,0,1,0,0,0,0,6.55571E+20,5.48126E+21,1.11471E+16,4.9464E+16
87556,87557,9,7,61,0,2016,11,19,6,3,0,1,2,1,1,0,0,0,0,0,6.40662E+20,5.36033E+21,1.08997E+16,4.83804E+16
87557,87558,9,5,64,0,2016,11,15,4,2,0,6,0,1,0,0,0,1,0,0,6.46224E+20,5.48092E+21,1.1018E+16,4.94633E+16
87558,87559,9,2,61,0,2016,11,17,5,3,4,6,2,1,1,0,0,0,0,0,7.32317E+20,5.38063E+21,1.21473E+16,4.85358E+16
87559,87560,9,1,86,147,2016,11,18,2,2,5,3,2,0,0,1,0,0,0,0,6.80871E+20,5.39314E+21,1.14565E+16,4.86651E+16
87560,87561,9,4,73,175,2016,11,6,2,3,1,6,0,0,0,1,0,0,0,0,6.35154E+20,5.56628E+21,1.08951E+16,5.02332E+16
87561,87562,9,5,64,0,2016,11,19,4,3,5,3,2,1,0,1,0,0,0,0,6.53589E+20,5.47325E+21,1.11166E+16,4.93925E+16
87562,87563,9,1,90,120,2016,11,8,5,3,8,1,0,1,0,1,0,0,0,0,6.69169E+20,5.29417E+21,1.12582E+16,4.77787E+16
87563,87564,9,4,75,127,2016,11,7,2,3,8,1,0,2,0,1,0,0,0,0,7.12549E+20,5.57858E+21,1.1986E+16,5.03209E+16
87564,87565,9,2,71,151,2016,11,16,1,3,4,2,2,1,0,1,0,0,0,0,7.81745E+20,5.41134E+21,1.28364E+16,4.87912E+16
87565,87566,9,5,64,0,2016,11,12,5,2,2,6,0,0,0,1,0,0,0,0,6.53444E+20,5.47444E+21,1.11151E+16,4.94033E+16
87566,87567,9,5,73,125,2016,11,18,4,3,5,2,2,1,0,1,0,0,0,0,6.40523E+20,5.47162E+21,1.09361E+16,4.9381E+16
87567,87568,9,1,74,126,2016,11,11,6,3,2,6,0,1,0,1,1,0,0,0,6.83232E+20,5.34434E+21,1.14672E+16,4.82258E+16
87568,87569,9,5,75,153,2016,11,15,1,3,2,6,0,0,0,1,0,0,0,0,6.15775E+20,5.49336E+21,1.06016E+16,4.95817E+16
87569,87570,9,5,75,121,2016,11,13,4,3,8,1,0,1,0,1,0,0,0,0,6.21918E+20,5.49178E+21,1.06861E+16,4.95664E+16
87570,87571,9,5,62,0,2016,11,13,6,3,6,2,0,1,0,1,1,0,0,0,6.4663E+20,5.49571E+21,1.10291E+16,4.95962E+16
87571,87572,9,2,77,119,2016,11,6,6,3,2,6,0,1,0,1,0,0,0,0,7.75989E+20,5.37731E+21,1.27355E+16,4.84883E+16
87572,87573,9,6,77,151,2016,11,5,2,3,9,1,2,0,0,1,0,0,0,0,5.39809E+20,5.51535E+21,9.55306E+15,4.97893E+16
87573,87574,9,3,63,0,2016,11,16,2,3,4,6,0,0,1,0,0,0,0,1,7.27225E+20,5.50702E+21,1.21495E+16,4.96729E+16
87574,87575,9,5,75,121,2016,11,9,4,3,2,6,0,1,0,1,0,0,0,1,6.24029E+20,5.49059E+21,1.07149E+16,4.95552E+16
87575,87576,9,1,89,149,2016,11,20,5,3,0,1,2,0,0,0,0,1,0,0,7.65754E+20,5.32796E+21,1.25663E+16,4.80496E+16
87576,87577,9,3,61,0,2016,11,5,2,3,5,3,2,2,0,1,0,0,0,0,7.0818E+20,5.47974E+21,1.18715E+16,4.94347E+16
87577,87578,9,1,81,114,2016,11,13,2,3,2,6,0,1,0,1,0,1,0,0,6.57307E+20,5.31185E+21,1.11064E+16,4.79406E+16
87578,87579,9,3,75,180,2016,11,4,4,3,8,1,2,1,0,1,0,0,0,0,7.23231E+20,5.43209E+21,1.20523E+16,4.90013E+16
87579,87580,9,1,83,114,2016,11,5,1,3,9,7,2,0,0,1,0,0,0,0,7.42798E+20,5.35349E+21,1.22733E+16,4.8288E+16
87580,87581,9,1,78,124,2016,11,15,3,3,8,1,0,0,0,1,0,0,0,0,7.05195E+20,5.36284E+21,1.17716E+16,4.83853E+16
87581,87582,9,3,62,0,2016,11,5,1,3,6,7,2,0,0,1,1,0,0,0,7.26507E+20,5.43781E+21,1.21002E+16,4.90515E+16
87582,87583,9,7,80,144,2016,11,15,4,2,4,6,0,0,0,1,0,0,0,0,5.82223E+20,5.28E+21,1.00953E+16,4.76682E+16
87583,87584,9,2,73,147,2016,11,19,5,3,5,3,2,0,1,1,0,0,0,0,7.05202E+20,5.3929E+21,1.17865E+16,4.86555E+16
87584,87585,9,1,82,136,2016,11,11,4,3,3,6,0,0,1,0,0,0,1,0,7.03634E+20,5.29857E+21,1.17199E+16,4.78082E+16
87585,87586,9,7,80,119,2016,11,22,6,3,2,6,2,0,0,1,0,0,0,0,5.9875E+20,5.29452E+21,1.03186E+16,4.77965E+16
87586,87587,9,2,75,111,2016,11,17,4,2,4,6,2,0,0,1,0,0,1,0,8.15219E+20,5.40064E+21,1.32827E+16,4.86791E+16
87587,87588,9,1,82,116,2016,11,22,7,3,0,1,2,1,0,1,0,0,0,0,7.03404E+20,5.2926E+21,1.1714E+16,4.77547E+16
87588,87589,9,5,74,157,2016,11,16,7,2,8,1,1,0,0,0,0,1,0,0,6.62334E+20,5.47048E+21,1.12359E+16,4.93654E+16
87589,87590,9,4,61,0,2016,11,5,3,3,5,2,2,2,0,1,0,0,1,0,6.36342E+20,5.53156E+21,1.08994E+16,4.99208E+16
87590,87591,9,7,73,183,2016,11,15,3,3,4,6,0,0,0,1,0,0,0,1,6.0623E+20,5.38539E+21,1.04412E+16,4.86126E+16
87591,87592,9,6,78,192,2016,11,10,5,3,8,1,0,0,0,1,0,0,0,0,5.70165E+20,5.54693E+21,9.98048E+15,5.00705E+16
87592,87593,9,6,71,136,2016,11,8,5,3,1,6,0,0,0,1,0,0,0,0,5.04504E+20,5.53857E+21,9.06284E+15,4.99995E+16
87593,87594,9,1,79,145,2016,11,18,3,3,2,6,2,0,0,1,0,0,0,0,6.73687E+20,5.33652E+21,1.13356E+16,4.81582E+16
87594,87595,9,5,72,139,2016,11,8,2,1,4,3,0,0,0,1,0,0,0,0,6.27224E+20,5.50607E+21,1.07641E+16,4.96937E+16
87595,87596,9,1,76,126,2016,11,6,4,2,4,2,2,1,0,1,0,1,0,0,6.74922E+20,5.40689E+21,1.13816E+16,4.87904E+16
87596,87597,9,3,74,166,2016,11,15,4,2,0,1,0,1,1,0,0,0,0,0,7.18723E+20,5.50217E+21,1.20291E+16,4.96325E+16
87597,87598,9,4,77,121,2016,11,3,2,3,2,6,2,0,0,1,0,0,0,0,6.87771E+20,5.5495E+21,1.16239E+16,5.00681E+16
87598,87599,9,1,63,0,2016,11,14,2,3,6,7,0,0,1,0,1,0,0,0,7.32822E+20,5.30553E+21,1.21129E+16,4.78609E+16
87599,87600,9,1,73,124,2016,11,14,3,2,1,1,0,0,1,1,0,0,0,0,6.92174E+20,5.28643E+21,1.15616E+16,4.77026E+16
87600,87601,9,1,61,0,2016,11,3,1,3,0,1,2,0,1,0,0,0,0,0,6.79082E+20,5.40516E+21,1.14375E+16,4.87736E+16
87601,87602,9,7,76,126,2016,11,17,4,3,2,2,2,0,0,1,0,0,0,0,5.58993E+20,5.27179E+21,9.78475E+15,4.75968E+16
87602,87603,9,2,73,115,2016,11,12,5,3,9,1,0,1,0,1,0,0,0,0,7.07319E+20,5.39176E+21,1.18146E+16,4.86445E+16
87603,87604,9,1,61,0,2016,11,8,4,3,2,6,0,1,0,1,0,0,0,1,6.80554E+20,5.40273E+21,1.14564E+16,4.87514E+16
87604,87605,9,7,76,116,2016,11,20,7,3,5,3,2,1,0,1,0,0,0,0,5.54807E+20,5.26634E+21,9.72838E+15,4.75482E+16
87605,87606,9,1,61,0,2016,11,14,6,3,4,6,0,0,1,0,0,0,0,0,6.78533E+20,5.40644E+21,1.14306E+16,4.87853E+16
87606,87607,9,7,62,0,2016,11,17,6,3,5,3,1,1,0,1,0,0,0,0,6.22655E+20,5.30646E+21,1.06411E+16,4.78997E+16
87607,87608,9,1,72,116,2016,11,11,4,3,6,6,0,0,0,1,1,0,0,0,8.00609E+20,5.28229E+21,1.30012E+16,4.76241E+16
87608,87609,9,2,75,125,2016,11,15,6,3,9,1,0,0,0,1,0,0,0,0,8.07057E+20,5.37849E+21,1.31558E+16,4.84844E+16
87609,87610,9,1,61,0,2016,11,9,7,3,5,3,0,0,1,1,0,0,0,0,6.74567E+20,5.40368E+21,1.13754E+16,4.87616E+16
87610,87611,9,5,64,0,2016,11,9,7,3,0,7,0,0,0,0,0,0,0,1,6.48949E+20,5.48133E+21,1.10558E+16,4.94664E+16
87611,87612,9,2,71,128,2016,11,6,3,3,3,6,2,1,0,1,0,0,0,0,8.01049E+20,5.39874E+21,1.30893E+16,4.8669E+16
87612,87613,9,6,71,130,2016,11,18,3,3,5,7,2,0,0,1,0,0,1,0,5.16176E+20,5.53924E+21,9.22574E+15,5.00053E+16
87613,87614,9,6,71,143,2016,11,22,5,2,4,2,2,0,0,1,0,1,0,0,5.11878E+20,5.54635E+21,9.16598E+15,5.00693E+16
87614,87615,9,7,78,136,2016,11,17,2,3,4,2,2,0,0,1,0,0,0,1,5.98871E+20,5.32014E+21,1.03261E+16,4.80269E+16
87615,87616,9,3,76,149,2016,11,23,3,3,4,1,2,0,0,1,0,0,0,0,7.38699E+20,5.45495E+21,1.22769E+16,4.92008E+16
87616,87617,9,6,79,143,2016,11,12,3,2,2,6,0,0,0,0,0,0,1,1,5.71569E+20,5.53009E+21,9.99696E+15,4.99189E+16
87617,87618,9,5,64,0,2016,11,15,5,3,3,6,0,0,0,1,0,0,1,0,6.50321E+20,5.46714E+21,1.10693E+16,4.93384E+16
87618,87619,9,5,74,152,2016,11,7,5,3,0,3,0,0,1,1,0,0,0,0,6.61512E+20,5.48319E+21,1.12298E+16,4.94798E+16
87619,87620,9,1,84,114,2016,11,0,2,3,9,7,2,0,0,1,0,0,0,0,6.98374E+20,5.31928E+21,1.16592E+16,4.7996E+16
87620,87621,9,5,64,0,2016,11,17,2,3,4,2,2,0,1,1,0,0,0,0,6.48255E+20,5.47725E+21,1.10447E+16,4.94299E+16
87621,87622,9,1,76,167,2016,11,10,4,3,6,2,0,0,0,1,1,0,0,0,6.77231E+20,5.41049E+21,1.14146E+16,4.88221E+16
87622,87623,9,3,74,149,2016,11,17,4,3,6,2,2,0,0,1,1,0,0,0,7.11395E+20,5.51692E+21,1.19358E+16,4.97675E+16
87623,87624,9,3,74,129,2016,11,10,2,3,9,1,0,0,0,1,0,0,0,0,6.9659E+20,5.51385E+21,1.17289E+16,4.97449E+16
87624,87625,9,1,75,111,2016,11,8,2,3,2,6,0,0,0,1,0,0,0,1,7.12099E+20,5.33819E+21,1.18524E+16,4.81615E+16
87625,87626,9,1,89,155,2016,11,8,3,2,1,6,0,0,0,1,0,0,1,0,7.72146E+20,5.30675E+21,1.26384E+16,4.78564E+16
87626,87627,9,1,74,131,2016,11,18,1,3,4,1,2,1,0,1,0,0,0,0,6.73971E+20,5.36245E+21,1.13501E+16,4.83912E+16
87627,87628,9,3,72,126,2016,11,16,6,3,4,2,0,0,0,1,0,0,0,0,7.8022E+20,5.46785E+21,1.28547E+16,4.92991E+16
87628,87629,9,7,62,0,2016,11,15,4,3,1,3,0,0,1,1,0,0,0,0,6.20476E+20,5.3056E+21,1.06117E+16,4.78925E+16
87629,87630,9,2,73,119,2016,11,10,5,3,2,1,0,0,0,1,0,0,0,0,7.08347E+20,5.40899E+21,1.18373E+16,4.8799E+16
87630,87631,9,1,76,143,2016,11,17,4,3,4,6,2,1,0,1,0,0,0,0,6.7963E+20,5.40904E+21,1.14466E+16,4.88084E+16
87631,87632,9,5,65,0,2016,11,16,3,3,6,6,0,0,0,1,1,0,0,0,6.46828E+20,5.46966E+21,1.10222E+16,4.9362E+16
87632,87633,9,1,76,114,2016,11,6,6,3,5,3,2,0,0,1,0,0,0,0,6.83279E+20,5.4315E+21,1.15063E+16,4.90092E+16
87633,87634,9,7,80,139,2016,11,14,6,3,3,6,0,0,0,1,0,0,0,0,5.96461E+20,5.26371E+21,1.02813E+16,4.75197E+16
87634,87635,9,1,86,143,2016,11,8,4,3,8,1,0,1,0,1,0,0,0,0,6.88594E+20,5.37816E+21,1.15545E+16,4.85282E+16
87635,87636,9,2,77,133,2016,11,7,6,3,5,3,1,0,0,1,0,0,0,0,7.69988E+20,5.36664E+21,1.26476E+16,4.8395E+16
87636,87637,9,1,85,166,2016,11,7,4,2,5,3,0,0,0,1,0,0,0,0,6.71809E+20,5.38244E+21,1.13291E+16,4.85715E+16
87637,87638,9,3,75,201,2016,11,16,4,3,5,3,1,0,0,1,0,0,0,0,7.45653E+20,5.41895E+21,1.23504E+16,4.88748E+16
87638,87639,9,7,63,0,2016,11,18,2,3,3,6,2,0,0,1,0,0,0,0,5.9998E+20,5.28649E+21,1.03332E+16,4.7724E+16
87639,87640,9,4,63,0,2016,11,14,1,3,2,6,0,1,0,1,0,0,0,0,6.37531E+20,5.56945E+21,1.09296E+16,5.02611E+16
87640,87641,9,7,80,115,2016,11,17,4,2,4,6,2,0,0,1,0,0,1,0,5.94816E+20,5.26431E+21,1.02596E+16,4.75253E+16
87641,87642,9,1,61,0,2016,11,14,4,3,5,3,0,0,0,1,0,0,0,0,6.80949E+20,5.40248E+21,1.14617E+16,4.8749E+16
87642,87643,9,2,73,159,2016,11,10,5,3,8,1,0,1,0,1,0,0,0,0,7.05612E+20,5.4311E+21,1.18112E+16,4.89985E+16
87643,87644,9,3,72,137,2016,11,7,4,3,5,3,0,1,0,1,0,0,0,0,7.80949E+20,5.45485E+21,1.28556E+16,4.9182E+16
87644,87645,9,2,62,0,2016,11,11,2,3,3,6,0,0,0,1,0,0,1,0,8.29909E+20,5.39009E+21,1.34733E+16,4.85769E+16
87645,87646,9,6,72,131,2016,11,10,1,3,0,7,0,0,0,0,0,1,0,0,5.91347E+20,5.55918E+21,1.02794E+16,5.01778E+16
87646,87647,9,1,81,114,2016,11,10,4,3,8,1,0,1,0,1,0,0,0,0,6.50529E+20,5.31569E+21,1.10171E+16,4.79768E+16
87647,87648,9,1,62,0,2016,11,14,6,3,2,6,0,0,0,1,0,0,0,0,6.8006E+20,5.33828E+21,1.1422E+16,4.81722E+16
87648,87649,9,7,75,152,2016,11,13,7,3,1,6,0,1,0,1,0,0,0,0,5.76678E+20,5.35423E+21,1.00347E+16,4.83366E+16
87649,87650,9,2,78,159,2016,11,17,6,3,2,6,1,0,0,1,0,0,0,0,7.78295E+20,5.42178E+21,1.27966E+16,4.88864E+16
87650,87651,9,7,73,182,2016,11,16,4,3,2,6,2,0,0,1,0,0,0,0,6.24916E+20,5.37973E+21,1.06929E+16,4.85582E+16
87651,87652,9,1,74,136,2016,11,8,4,2,8,7,0,1,0,1,0,0,0,0,6.83792E+20,5.36134E+21,1.14821E+16,4.83785E+16
87652,87653,9,1,90,131,2016,11,7,5,2,5,2,1,1,0,1,0,0,1,0,6.63337E+20,5.29176E+21,1.11795E+16,4.77585E+16
87653,87654,9,3,76,144,2016,11,20,4,3,7,7,2,0,0,1,0,0,0,1,7.27044E+20,5.4834E+21,1.21334E+16,4.94608E+16
87654,87655,9,3,76,153,2016,11,17,2,3,5,2,2,0,0,1,0,0,0,0,7.31128E+20,5.49085E+21,1.2194E+16,4.95261E+16
87655,87656,9,7,78,173,2016,11,17,1,3,2,6,2,0,0,1,0,0,0,0,6.13164E+20,5.32083E+21,1.0518E+16,4.80308E+16
87656,87657,9,1,74,115,2016,11,7,4,2,5,3,1,1,0,1,0,0,0,0,6.79421E+20,5.34948E+21,1.14181E+16,4.82731E+16
87657,87658,9,1,81,120,2016,11,15,6,2,9,1,0,1,0,0,0,0,0,1,6.51902E+20,5.31829E+21,1.10364E+16,4.79999E+16
87658,87659,9,1,84,119,2016,11,22,7,3,9,1,2,1,0,1,0,0,0,0,6.97083E+20,5.3485E+21,1.16554E+16,4.8259E+16
87659,87660,9,2,76,113,2016,11,16,6,3,4,6,1,0,0,1,0,1,0,0,7.88101E+20,5.45047E+21,1.29504E+16,4.91394E+16
87660,87661,9,7,73,125,2016,11,19,4,3,5,3,2,1,0,1,0,0,0,0,6.1067E+20,5.38214E+21,1.05006E+16,4.85825E+16