FID,OBJECTID,ULAND,UREGBEZ,UKREIS,UGEMEINDE,UJAHR,UMONAT,USTUNDE,UWOCHENTAG,UKATEGORIE,UART,UTYP1,ULICHTVERH,IstStrasse,IstRad,IstPKW,IstFuss,IstKrad,IstGkfz,IstSonstig,LINREFX,LINREFY,XGCSWGS84,YGCSWGS84
87661,87662,9,1,90,131,2016,11,6,5,3,2,6,1,1,0,1,0,0,1,0,6.63338E+20,5.29176E+21,1.11795E+16,4.77585E+16
87662,87663,9,7,74,150,2016,11,7,7,3,0,7,1,1,1,0,0,0,0,0,6.0083E+20,5.34492E+21,1.03583E+16,4.82495E+16
87663,87664,9,1,77,142,2016,11,13,4,2,9,1,0,0,0,1,0,0,0,0,7.19662E+20,5.34968E+21,1.19599E+16,4.82622E+16
87664,87665,9,5,71,145,2016,11,14,3,3,3,6,0,0,0,1,0,0,1,0,5.91299E+20,5.45192E+21,1.02536E+16,4.92133E+16
87665,87666,9,7,79,194,2016,11,12,6,3,0,7,0,0,1,0,0,0,0,0,6.09813E+20,5.41094E+21,1.04966E+16,4.88417E+16
87666,87667,9,1,62,0,2016,11,11,3,3,3,6,2,0,0,1,0,0,1,0,6.87338E+20,5.33205E+21,1.1517E+16,4.81141E+16
87667,87668,9,1,62,0,2016,11,14,3,3,2,6,0,0,0,1,0,0,0,1,6.97577E+20,5.33356E+21,1.16551E+16,4.81246E+16
87668,87669,9,3,76,161,2016,11,6,4,2,8,7,2,1,0,1,0,0,0,0,7.27705E+20,5.46647E+21,1.21328E+16,4.93085E+16
87669,87670,9,2,74,124,2016,11,7,2,3,2,6,0,1,0,1,0,0,0,0,7.23062E+20,5.3748E+21,1.2019E+16,4.84867E+16
87670,87671,9,7,71,130,2016,11,2,2,3,2,7,2,0,0,1,0,0,1,0,6.45545E+20,5.36288E+21,1.09665E+16,4.84022E+16
87671,87672,9,3,77,146,2016,11,5,1,3,9,7,2,2,0,1,0,0,0,0,7.37602E+20,5.52084E+21,1.23015E+16,4.97929E+16
87672,87673,9,7,61,0,2016,11,15,4,3,2,6,0,0,0,1,0,0,0,0,6.43092E+20,5.36051E+21,1.09326E+16,4.83815E+16
87673,87674,9,1,90,158,2016,11,13,5,2,8,1,0,1,0,1,0,0,0,0,6.54051E+20,5.30104E+21,1.1059E+16,4.78442E+16
87674,87675,9,5,76,143,2016,11,16,1,3,4,2,2,0,0,1,0,0,0,0,6.53687E+20,5.45691E+21,1.11117E+16,4.92456E+16
87675,87676,9,1,62,0,2016,11,23,3,3,6,4,2,0,0,1,1,0,0,0,6.87637E+20,5.33335E+21,1.15216E+16,4.81257E+16
87676,87677,9,1,74,141,2016,11,9,6,3,2,6,0,0,0,1,0,0,0,0,6.80313E+20,5.35645E+21,1.14331E+16,4.83355E+16
87677,87678,9,3,61,0,2016,11,14,4,2,0,6,0,0,0,1,0,0,0,0,7.05065E+20,5.48031E+21,1.18289E+16,4.94409E+16
87678,87679,9,1,76,120,2016,11,13,7,2,5,3,0,0,1,1,0,0,0,0,6.79763E+20,5.42232E+21,1.14543E+16,4.89277E+16
87679,87680,9,5,73,115,2016,11,8,7,3,5,3,1,0,0,1,0,0,0,1,6.29919E+20,5.47378E+21,1.07908E+16,4.94028E+16
87680,87681,9,4,74,134,2016,11,17,3,2,2,6,2,0,0,1,0,0,0,0,6.47717E+20,5.50726E+21,1.10485E+16,4.96997E+16
87681,87682,9,7,62,0,2016,11,20,3,3,4,2,2,1,1,1,0,0,0,0,6.22719E+20,5.30471E+21,1.06415E+16,4.7884E+16
87682,87683,9,5,74,146,2016,11,16,5,3,2,6,2,1,0,1,0,0,0,0,6.69E+20,5.48756E+21,1.13349E+16,4.95171E+16
87683,87684,9,1,76,129,2016,11,7,3,2,9,1,2,0,0,1,0,0,0,0,6.89226E+20,5.40775E+21,1.15766E+16,4.87939E+16
87684,87685,9,6,76,125,2016,11,12,2,2,5,3,0,0,0,1,0,0,0,0,5.17064E+20,5.50701E+21,9.23671E+15,4.97154E+16
87685,87686,9,1,62,0,2016,11,9,3,3,5,6,0,0,1,1,0,0,0,0,6.81624E+20,5.33576E+21,1.14419E+16,4.81491E+16
87686,87687,9,3,76,150,2016,11,14,4,2,2,2,0,0,0,1,0,1,0,0,7.2731E+20,5.48941E+21,1.21405E+16,4.95147E+16
87687,87688,9,5,71,134,2016,11,6,2,2,3,1,2,2,0,1,0,0,1,0,5.87706E+20,5.46266E+21,1.02066E+16,4.93104E+16
87688,87689,9,4,75,154,2016,11,14,3,3,2,7,0,0,0,1,0,0,0,0,6.97004E+20,5.56274E+21,1.17596E+16,5.01841E+16
87689,87690,9,7,73,122,2016,11,17,6,3,5,3,2,1,0,1,0,0,0,0,6.26771E+20,5.3843E+21,1.07195E+16,4.8599E+16
87690,87691,9,7,74,136,2016,11,8,3,3,4,6,0,0,0,1,0,0,1,0,6.04877E+20,5.37496E+21,1.04203E+16,4.8519E+16
87691,87692,9,5,76,127,2016,11,6,5,3,5,3,2,1,0,1,0,0,0,0,6.64358E+20,5.44785E+21,1.12545E+16,4.91614E+16
87692,87693,9,1,87,181,2016,11,17,3,2,5,3,2,0,0,1,0,0,0,1,7.37479E+20,5.31466E+21,1.21801E+16,4.79412E+16
87693,87694,9,1,84,135,2016,11,17,3,3,5,3,1,0,0,1,0,0,0,0,6.9203E+20,5.34511E+21,1.15859E+16,4.82301E+16
87694,87695,9,3,76,119,2016,11,17,4,3,0,1,2,1,0,0,0,1,0,0,7.22395E+20,5.45461E+21,1.20533E+16,4.92039E+16
87695,87696,9,1,89,111,2016,11,18,2,3,2,6,2,1,0,1,0,0,0,0,7.57386E+20,5.32175E+21,1.24504E+16,4.79971E+16
87696,87697,9,6,75,141,2016,11,16,2,3,2,6,1,0,0,1,0,0,0,0,5.85709E+20,5.50915E+21,1.01893E+16,4.97287E+16
87697,87698,9,3,61,0,2016,11,21,1,3,2,6,2,1,0,1,0,0,0,0,7.0538E+20,5.48101E+21,1.18336E+16,4.9447E+16
87698,87699,9,7,61,0,2016,11,16,4,3,0,7,2,0,1,0,0,0,0,0,6.3826E+20,5.35439E+21,1.08653E+16,4.83276E+16
87699,87700,9,1,89,154,2016,11,3,5,2,0,3,2,0,0,1,0,0,0,0,7.655E+20,5.31994E+21,1.25579E+16,4.79776E+16
87700,87701,9,1,62,0,2016,11,8,3,3,5,2,0,0,1,1,0,0,0,0,6.92142E+20,5.33973E+21,1.1585E+16,4.81817E+16
87701,87702,9,7,71,122,2016,11,20,6,3,8,7,2,0,0,1,0,0,0,0,6.51184E+20,5.36235E+21,1.10424E+16,4.83962E+16
87702,87703,9,2,75,122,2016,11,18,4,2,5,3,2,0,0,1,0,1,0,0,8.18329E+20,5.38449E+21,1.33125E+16,4.85326E+16
87703,87704,9,1,74,135,2016,11,14,7,3,2,6,0,1,0,1,0,0,0,0,6.61135E+20,5.35482E+21,1.11739E+16,4.8326E+16
87704,87705,9,5,71,205,2016,11,14,7,2,8,1,0,0,0,1,0,0,0,0,5.90623E+20,5.47796E+21,1.02502E+16,4.94475E+16
87705,87706,9,3,63,0,2016,11,6,3,3,4,2,2,0,0,1,0,1,0,0,7.2783E+20,5.50758E+21,1.21582E+16,4.96777E+16
87706,87707,9,7,61,0,2016,11,10,3,3,1,6,0,0,0,1,0,0,0,0,6.36791E+20,5.36039E+21,1.08475E+16,4.83819E+16
87707,87708,9,5,64,0,2016,11,19,5,3,2,6,2,1,0,1,0,0,0,0,6.52153E+20,5.48176E+21,1.11001E+16,4.94694E+16
87708,87709,9,5,77,136,2016,11,16,5,2,8,1,2,0,0,1,0,0,0,0,6.26648E+20,5.44468E+21,1.07365E+16,4.91418E+16
87709,87710,9,1,74,126,2016,11,15,3,3,5,3,0,0,0,1,0,0,0,0,6.83842E+20,5.3438E+21,1.14752E+16,4.82208E+16
87710,87711,9,5,62,0,2016,11,9,2,3,5,6,0,0,0,0,0,1,0,1,6.4336E+20,5.49417E+21,1.09833E+16,4.95831E+16
87711,87712,9,7,64,0,2016,11,18,3,3,4,2,2,0,0,1,0,0,0,0,5.86937E+20,5.3164E+21,1.01653E+16,4.7995E+16
87712,87713,9,3,76,170,2016,11,15,4,2,0,7,1,0,1,0,0,0,0,0,7.24607E+20,5.45625E+21,1.20845E+16,4.92178E+16
87713,87714,9,4,71,172,2016,11,16,2,3,4,6,2,0,0,1,0,0,0,0,6.30739E+20,5.51218E+21,1.08148E+16,4.97479E+16
87714,87715,9,1,61,0,2016,11,7,2,3,5,2,0,0,1,1,0,0,0,0,6.79382E+20,5.40279E+21,1.14405E+16,4.87523E+16
87715,87716,9,1,89,155,2016,11,7,3,3,4,2,0,0,0,1,0,0,0,0,7.72148E+20,5.30674E+21,1.26385E+16,4.78563E+16
87716,87717,9,1,85,168,2016,11,10,1,3,1,7,0,0,0,0,0,1,0,1,6.70735E+20,5.39855E+21,1.13212E+16,4.87166E+16
87717,87718,9,3,63,0,2016,11,12,6,3,2,6,0,0,0,1,0,0,0,0,7.28184E+20,5.50833E+21,1.21635E+16,4.96842E+16
87718,87719,9,6,79,175,2016,11,18,4,2,2,6,2,0,1,1,0,0,0,0,5.72271E+20,5.51174E+21,1.00033E+16,4.97538E+16
87719,87720,9,1,89,133,2016,11,6,5,3,1,6,2,1,0,1,0,0,0,0,7.53495E+20,5.3223E+21,1.23987E+16,4.80037E+16
87720,87721,9,7,77,158,2016,11,21,3,3,8,6,2,1,0,1,0,0,0,0,6.22059E+20,5.30894E+21,1.06339E+16,4.79222E+16
87721,87722,9,7,72,163,2016,11,12,7,3,5,3,0,1,0,1,0,0,0,0,6.41089E+20,5.34597E+21,1.09007E+16,4.82512E+16
87722,87723,9,5,62,0,2016,11,11,3,3,3,6,0,0,0,1,0,0,1,0,6.42407E+20,5.49452E+21,1.09703E+16,4.95865E+16
87723,87724,9,1,62,0,2016,11,17,2,2,2,6,2,0,0,1,0,0,0,0,6.94564E+20,5.33079E+21,1.16134E+16,4.81007E+16
87724,87725,9,1,72,111,2016,11,13,3,3,3,6,0,0,1,1,0,0,0,0,7.95646E+20,5.30259E+21,1.2949E+16,4.78087E+16
87725,87726,9,1,89,114,2016,11,4,1,2,8,1,2,0,0,1,0,0,0,0,7.63935E+20,5.31532E+21,1.25341E+16,4.79368E+16
87726,87727,9,6,75,174,2016,11,18,4,3,4,2,2,0,0,1,0,0,0,0,5.88397E+20,5.52332E+21,1.02298E+16,4.98557E+16
87727,87728,9,7,73,144,2016,11,16,3,3,3,6,0,1,0,1,0,0,0,0,6.07579E+20,5.37911E+21,1.04579E+16,4.85559E+16
87728,87729,9,6,79,135,2016,11,13,7,3,5,2,0,0,1,1,0,0,0,0,5.73337E+20,5.49159E+21,1.00143E+16,4.95725E+16
87729,87730,9,1,78,144,2016,11,14,6,3,4,1,0,0,0,1,0,0,0,0,7.06102E+20,5.37898E+21,1.17918E+16,4.853E+16
87730,87731,9,7,61,0,2016,11,21,6,3,2,6,2,0,0,1,0,0,0,0,6.41017E+20,5.35702E+21,1.09034E+16,4.83506E+16
87731,87732,9,1,90,157,2016,11,14,4,3,4,3,0,0,0,1,0,0,0,0,6.60095E+20,5.30004E+21,1.11394E+16,4.78337E+16
87732,87733,9,2,74,119,2016,11,15,6,2,0,1,0,0,0,1,0,0,0,0,7.42231E+20,5.40094E+21,1.22932E+16,4.87144E+16
87733,87734,9,1,74,135,2016,11,18,7,3,8,1,2,1,0,1,0,0,0,0,6.64133E+20,5.35264E+21,1.12135E+16,4.83057E+16
87734,87735,9,4,71,145,2016,11,15,7,3,0,1,0,0,0,0,0,1,0,0,6.44528E+20,5.52092E+21,1.10094E+16,4.98233E+16
87735,87736,9,3,61,0,2016,11,17,3,3,5,3,1,1,0,1,0,0,0,0,7.04784E+20,5.48124E+21,1.18255E+16,4.94493E+16
87736,87737,9,6,78,115,2016,11,19,3,2,5,3,2,0,1,1,0,0,0,0,5.83878E+20,5.53833E+21,1.01702E+16,4.99914E+16
87737,87738,9,5,75,128,2016,11,7,5,3,9,1,0,1,0,1,0,0,0,0,6.16827E+20,5.4979E+21,1.06175E+16,4.96223E+16
87738,87739,9,1,62,0,2016,11,17,2,3,6,4,2,0,0,1,1,0,0,0,6.803E+20,5.33502E+21,1.14238E+16,4.81428E+16
87739,87740,9,5,77,136,2016,11,7,2,3,5,3,0,0,0,1,0,0,0,0,6.25926E+20,5.44193E+21,1.07258E+16,4.91173E+16
87740,87741,9,7,73,112,2016,11,19,3,2,4,2,2,0,0,1,0,0,0,0,5.96729E+20,5.38673E+21,1.03127E+16,4.86262E+16
87741,87742,9,3,71,156,2016,11,7,4,3,2,6,0,1,0,1,0,0,0,0,7.01233E+20,5.49998E+21,1.17861E+16,4.96189E+16
87742,87743,9,3,62,0,2016,11,17,2,3,2,6,2,0,0,1,0,0,0,0,7.27612E+20,5.43544E+21,1.2114E+16,4.90298E+16
87743,87744,9,1,77,126,2016,11,6,2,3,5,6,1,0,0,1,0,0,1,0,7.20296E+20,5.3684E+21,1.19782E+16,4.84302E+16
87744,87745,9,1,71,116,2016,11,6,3,3,5,3,1,1,0,1,0,0,0,1,7.67955E+20,5.33099E+21,1.25976E+16,4.80758E+16
87745,87746,9,7,72,223,2016,11,16,3,3,2,1,1,0,0,1,0,0,1,0,6.24087E+20,5.3643E+21,1.06771E+16,4.84196E+16
87746,87747,9,1,77,133,2016,11,7,6,3,2,6,0,0,0,1,0,0,0,0,7.11346E+20,5.36133E+21,1.18538E+16,4.83697E+16
87747,87748,9,1,78,120,2016,11,8,1,3,2,6,0,0,0,1,0,0,0,0,6.94463E+20,5.3549E+21,1.16231E+16,4.83174E+16
87748,87749,9,3,76,175,2016,11,13,6,3,1,6,0,0,0,1,0,0,0,0,7.29038E+20,5.46593E+21,1.21508E+16,4.93031E+16
87749,87750,9,6,72,127,2016,11,18,4,3,5,3,2,0,0,1,0,0,0,0,5.63926E+20,5.55113E+21,9.89402E+15,5.0109E+16
87750,87751,9,1,89,152,2016,11,5,5,3,5,3,2,1,0,1,0,0,0,0,7.80562E+20,5.33026E+21,1.27661E+16,4.80638E+16
87751,87752,9,7,74,143,2016,11,15,7,3,2,6,0,0,0,1,0,0,0,0,5.97172E+20,5.35961E+21,1.03124E+16,4.83822E+16
87752,87753,9,7,72,163,2016,11,7,3,3,2,6,0,0,0,1,0,0,0,0,6.38828E+20,5.34915E+21,1.08713E+16,4.82803E+16
87753,87754,9,5,64,0,2016,11,11,3,3,2,1,0,0,0,1,0,0,0,0,6.5456E+20,5.47771E+21,1.11317E+16,4.94324E+16
87754,87755,9,1,77,116,2016,11,8,6,3,4,6,0,0,0,1,0,0,0,1,7.13618E+20,5.36169E+21,1.18846E+16,4.83722E+16
87755,87756,9,7,71,130,2016,11,6,6,3,2,6,2,0,0,1,0,0,0,0,6.45141E+20,5.3607E+21,1.09603E+16,4.83828E+16
87756,87757,9,1,76,123,2016,11,14,4,3,5,3,0,0,0,1,0,0,0,0,6.61446E+20,5.41708E+21,1.12023E+16,4.88856E+16
87757,87758,9,7,71,130,2016,11,18,3,3,5,2,2,0,1,1,0,0,0,0,6.44649E+20,5.35765E+21,1.09526E+16,4.83554E+16
87758,87759,9,3,71,129,2016,11,14,4,2,8,1,0,1,0,1,0,0,0,0,7.05717E+20,5.47173E+21,1.18334E+16,4.93635E+16
87759,87760,9,1,75,124,2016,11,18,6,2,0,1,2,0,1,0,0,0,0,0,7.14918E+20,5.3287E+21,1.18854E+16,4.80753E+16
87760,87761,9,6,79,180,2016,11,16,6,3,2,6,1,0,0,1,0,0,0,0,5.67085E+20,5.52396E+21,9.93345E+15,4.98643E+16
87761,87762,9,1,82,134,2016,11,10,4,2,5,3,0,0,0,1,0,1,0,0,7.01543E+20,5.29456E+21,1.16901E+16,4.77729E+16
87762,87763,9,2,74,127,2016,11,14,6,3,0,1,0,0,1,0,0,0,0,0,7.35964E+20,5.39749E+21,1.22062E+16,4.86858E+16
87763,87764,9,1,81,130,2016,11,8,7,3,9,1,0,1,0,1,0,0,0,0,6.37112E+20,5.3234E+21,1.08399E+16,4.80491E+16
87764,87765,9,4,74,160,2016,11,17,7,3,1,6,2,0,0,1,0,0,0,0,6.49203E+20,5.50349E+21,1.10677E+16,4.96654E+16
87765,87766,9,2,74,124,2016,11,13,3,3,2,6,0,0,0,1,0,0,0,0,7.22975E+20,5.37475E+21,1.20178E+16,4.84863E+16
87766,87767,9,5,61,0,2016,11,7,5,3,2,2,1,1,0,1,0,0,0,0,6.0764E+20,5.45864E+21,1.04797E+16,4.9271E+16
87767,87768,9,7,78,144,2016,11,15,2,3,5,3,0,0,0,1,0,0,0,0,5.93042E+20,5.30403E+21,1.02445E+16,4.78829E+16
87768,87769,9,5,71,145,2016,11,19,1,3,1,6,2,0,0,1,0,0,0,0,5.92167E+20,5.453E+21,1.02658E+16,4.92229E+16
87769,87770,9,7,72,171,2016,11,0,3,3,2,7,2,1,0,1,0,0,0,0,6.38868E+20,5.37014E+21,1.08788E+16,4.84691E+16
87770,87771,9,1,72,129,2016,11,13,5,2,6,4,0,1,0,1,1,0,0,0,7.93263E+20,5.28E+21,1.29021E+16,4.7607E+16
87771,87772,9,2,71,146,2016,11,16,4,3,2,6,2,1,0,1,0,0,0,0,7.85716E+20,5.4091E+21,1.28887E+16,4.87693E+16
87772,87773,9,2,63,0,2016,11,16,2,2,5,2,2,0,1,0,0,0,1,0,7.64941E+20,5.42096E+21,1.26143E+16,4.88849E+16
87773,87774,9,7,76,115,2016,11,12,1,2,2,2,0,0,0,1,0,0,0,0,5.5697E+20,5.27308E+21,9.75801E+15,4.76087E+16
87774,87775,9,7,71,160,2016,11,7,3,3,0,6,0,1,0,0,0,1,1,0,6.5178E+20,5.35069E+21,1.10463E+16,4.82912E+16
87775,87776,9,1,84,135,2016,11,16,5,3,1,5,2,1,0,1,0,0,0,0,6.88097E+20,5.34745E+21,1.1534E+16,4.82523E+16
87776,87777,9,7,78,202,2016,11,23,7,3,2,6,2,1,0,1,0,0,1,0,5.89947E+20,5.31686E+21,1.02058E+16,4.79987E+16
87777,87778,9,2,71,132,2016,11,14,6,3,2,2,0,0,1,1,0,0,0,0,7.87215E+20,5.41761E+21,1.2915E+16,4.88449E+16
87778,87779,9,6,74,130,2016,11,14,4,3,2,6,0,0,0,1,0,0,0,0,6.27774E+20,5.55063E+21,1.07864E+16,5.00942E+16
87779,87780,9,1,87,177,2016,11,13,5,3,1,6,0,1,0,1,0,0,0,0,7.35778E+20,5.30546E+21,1.21523E+16,4.78592E+16
87780,87781,9,5,75,112,2016,11,6,3,2,6,6,2,0,0,0,1,0,1,0,6.04165E+20,5.48249E+21,1.04382E+16,4.94861E+16
87781,87782,9,6,79,117,2016,11,14,6,3,2,6,0,0,0,1,0,0,0,1,5.76654E+20,5.52789E+21,1.00674E+16,4.98985E+16
87782,87783,9,1,62,0,2016,11,10,3,3,5,2,0,0,0,1,0,0,0,0,6.8709E+20,5.33512E+21,1.1515E+16,4.81418E+16
87783,87784,9,7,71,142,2016,11,17,3,3,0,7,1,0,1,0,0,0,0,0,6.45445E+20,5.35277E+21,1.09617E+16,4.83114E+16
87784,87785,9,2,78,143,2016,11,5,4,3,9,1,2,2,0,1,0,0,0,0,7.70475E+20,5.44305E+21,1.27043E+16,4.90808E+16
87785,87786,9,1,73,123,2016,11,11,2,2,8,1,0,0,0,1,0,0,0,0,6.79452E+20,5.30026E+21,1.13979E+16,4.78306E+16
87786,87787,9,6,75,142,2016,11,10,2,3,2,6,0,0,0,1,0,0,1,1,5.88927E+20,5.51493E+21,1.02352E+16,4.97803E+16
87787,87788,9,3,75,196,2016,11,20,1,3,4,2,2,0,0,1,0,0,0,1,7.28632E+20,5.41431E+21,1.21161E+16,4.88396E+16
87788,87789,9,6,62,0,2016,11,21,4,3,1,6,2,0,0,1,0,0,0,0,5.87482E+20,5.54372E+21,1.02217E+16,5.00394E+16
87789,87790,9,1,82,119,2016,11,7,5,3,5,3,0,0,0,1,0,0,0,0,7.11747E+20,5.29408E+21,1.18259E+16,4.77653E+16
87790,87791,9,7,61,0,2016,11,17,3,3,5,3,2,0,1,0,0,0,0,1,6.36725E+20,5.36046E+21,1.08466E+16,4.83825E+16
87791,87792,9,1,62,0,2016,11,18,5,3,2,6,2,1,0,1,0,0,0,0,6.90011E+20,5.32826E+21,1.15512E+16,4.80793E+16
87792,87793,9,6,63,0,2016,11,5,6,3,7,1,2,0,0,1,0,0,0,0,5.68365E+20,5.51313E+21,9.94935E+15,4.97668E+16
87793,87794,9,2,75,127,2016,11,7,4,1,4,6,2,0,0,1,0,0,0,1,8.07777E+20,5.39831E+21,1.31802E+16,4.86619E+16
87794,87795,9,7,79,201,2016,11,11,2,3,5,3,0,0,0,1,0,0,0,0,6.41858E+20,5.39487E+21,1.09276E+16,4.86907E+16
87795,87796,9,4,77,159,2016,11,20,1,3,9,1,2,2,0,1,0,0,0,0,6.81403E+20,5.55642E+21,1.15383E+16,5.01322E+16
87796,87797,9,6,76,116,2016,11,6,4,3,2,3,2,1,0,1,0,0,1,0,5.19584E+20,5.5061E+21,9.27162E+15,4.97071E+16
87797,87798,9,6,77,155,2016,11,14,3,3,4,2,0,0,0,1,0,0,0,0,5.41924E+20,5.53903E+21,9.58502E+15,5.00021E+16
87798,87799,9,1,76,131,2016,11,7,5,3,4,2,0,0,0,1,0,0,0,0,6.80654E+20,5.41003E+21,1.1461E+16,4.8817E+16
87799,87800,9,2,74,172,2016,11,18,2,3,5,3,2,0,0,1,0,1,0,0,7.16877E+20,5.39868E+21,1.19478E+16,4.87034E+16
87800,87801,9,5,76,151,2016,11,7,1,3,2,7,1,0,0,1,0,0,0,0,6.54276E+20,5.47068E+21,1.11251E+16,4.93692E+16
87801,87802,9,6,74,130,2016,11,16,3,3,0,3,1,0,0,1,0,0,0,0,6.19577E+20,5.55046E+21,1.06718E+16,5.00944E+16
87802,87803,9,1,62,0,2016,11,7,5,3,5,3,0,0,1,1,0,0,0,1,6.93509E+20,5.33153E+21,1.15996E+16,4.81076E+16
87803,87804,9,2,62,0,2016,11,17,6,3,3,2,2,0,0,1,0,0,0,0,8.30009E+20,5.39111E+21,1.34755E+16,4.8586E+16
87804,87805,9,6,71,155,2016,11,17,4,3,4,6,2,0,0,1,0,1,0,0,5.05738E+20,5.53411E+21,9.08E+15,4.99593E+16
87805,87806,9,4,63,0,2016,11,7,3,3,2,6,0,0,0,1,0,1,0,0,6.39526E+20,5.56925E+21,1.09575E+16,5.02589E+16
87806,87807,9,6,78,192,2016,11,11,6,3,2,6,0,0,0,1,0,0,1,0,5.73916E+20,5.54713E+21,1.00329E+16,5.00718E+16
87807,87808,9,7,63,0,2016,11,9,3,3,2,6,0,0,0,1,0,0,0,0,5.98328E+20,5.28629E+21,1.03111E+16,4.77225E+16
87808,87809,9,5,71,171,2016,11,17,5,3,5,3,2,1,0,1,0,0,0,0,6.09972E+20,5.4661E+21,1.05138E+16,4.93377E+16
87809,87810,9,1,87,154,2016,11,7,3,3,5,3,0,0,0,1,0,0,0,0,7.35741E+20,5.29679E+21,1.21471E+16,4.77813E+16
87810,87811,9,6,79,143,2016,11,13,2,3,3,6,0,0,0,0,0,0,1,0,5.71849E+20,5.53163E+21,1.00011E+16,4.99327E+16
87811,87812,9,6,71,136,2016,11,11,3,3,9,7,0,0,0,1,0,0,0,0,5.05065E+20,5.53763E+21,9.07066E+15,4.9991E+16
87812,87813,9,2,75,141,2016,11,17,4,3,2,6,2,0,0,1,0,0,0,1,8.19126E+20,5.3694E+21,1.33117E+16,4.83969E+16
87813,87814,9,1,89,154,2016,11,11,2,3,5,3,0,0,0,1,0,0,0,0,7.6741E+20,5.3194E+21,1.25831E+16,4.79719E+16
87814,87815,9,1,71,125,2016,11,5,3,3,5,3,2,1,0,1,0,0,1,0,7.71913E+20,5.35069E+21,1.26633E+16,4.8251E+16
87815,87816,9,6,77,203,2016,11,6,2,3,4,2,2,1,0,1,0,0,0,0,5.58091E+20,5.52793E+21,9.80891E+15,4.99009E+16
87816,87817,9,1,88,139,2016,11,15,1,2,9,1,0,1,0,1,0,0,0,0,6.78849E+20,5.31976E+21,1.13979E+16,4.80061E+16
87817,87818,9,1,76,143,2016,11,6,5,3,2,2,2,0,0,1,0,0,0,0,6.81561E+20,5.40903E+21,1.14729E+16,4.88078E+16
87818,87819,9,5,72,126,2016,11,5,3,3,2,6,2,0,0,0,0,0,1,1,6.35083E+20,5.50411E+21,1.08723E+16,4.96743E+16
87819,87820,9,6,72,127,2016,11,17,7,3,5,3,2,0,0,1,0,0,0,0,5.63937E+20,5.55112E+21,9.89416E+15,5.01089E+16
87820,87821,9,6,73,171,2016,11,17,6,3,2,6,2,0,0,1,0,0,1,0,5.88507E+20,5.56954E+21,1.0242E+16,5.02713E+16
87821,87822,9,2,79,137,2016,11,17,4,3,5,3,2,0,0,1,0,0,0,0,7.75316E+20,5.40637E+21,1.27457E+16,4.87494E+16
87822,87823,9,2,74,113,2016,11,8,6,3,5,3,0,1,0,1,0,0,0,0,7.28244E+20,5.384E+21,1.2094E+16,4.85675E+16
87823,87824,9,1,79,121,2016,11,10,7,3,6,4,0,1,0,1,1,0,0,0,6.68512E+20,5.33785E+21,1.12666E+16,4.81715E+16
87824,87825,9,3,74,134,2016,11,2,7,3,7,7,2,0,0,1,0,0,0,0,7.19003E+20,5.50375E+21,1.20339E+16,4.96465E+16
87825,87826,9,3,75,208,2016,11,5,3,3,1,7,2,0,0,1,0,0,0,0,7.32829E+20,5.44044E+21,1.21881E+16,4.90727E+16
87826,87827,9,6,79,175,2016,11,15,3,3,1,6,0,0,0,1,0,0,0,0,5.70948E+20,5.51158E+21,9.98493E+15,4.97525E+16
87827,87828,9,4,79,158,2016,11,15,5,2,4,2,0,0,0,1,0,0,0,0,7.2151E+20,5.55141E+21,1.20958E+16,5.00736E+16
87828,87829,9,4,73,159,2016,11,5,5,3,3,6,2,0,0,1,0,1,0,0,6.45507E+20,5.57154E+21,1.10422E+16,5.02781E+16
87829,87830,9,1,75,118,2016,11,10,7,3,9,1,0,1,0,0,0,1,0,0,7.16446E+20,5.34068E+21,1.1912E+16,4.81824E+16
87830,87831,9,3,75,148,2016,11,9,7,3,2,2,0,0,0,1,0,0,0,0,7.02384E+20,5.43685E+21,1.177E+16,4.90513E+16
87831,87832,9,4,71,120,2016,11,14,3,3,9,1,0,0,0,1,0,0,0,0,6.25904E+20,5.52524E+21,1.0752E+16,4.98663E+16
87832,87833,9,7,79,131,2016,11,19,3,3,2,6,2,1,0,1,0,0,0,0,6.32959E+20,5.39577E+21,1.0807E+16,4.87008E+16
87833,87834,9,4,78,165,2016,11,17,5,3,5,3,2,1,0,1,0,0,0,0,6.46522E+20,5.54932E+21,1.10479E+16,5.00781E+16
87834,87835,9,4,76,145,2016,11,17,5,3,6,4,2,1,0,1,1,0,0,0,6.65952E+20,5.56713E+21,1.1327E+16,5.0233E+16
87835,87836,9,1,81,132,2016,11,18,3,3,2,7,2,0,0,1,0,0,0,0,6.45929E+20,5.32461E+21,1.09585E+16,4.80581E+16
87836,87837,9,5,64,0,2016,11,12,2,3,1,6,0,0,0,0,0,0,1,0,6.57954E+20,5.47329E+21,1.11767E+16,4.93918E+16
87837,87838,9,5,62,0,2016,11,9,3,3,2,6,0,0,0,1,0,0,0,0,6.4474E+20,5.49368E+21,1.10022E+16,4.95784E+16
87838,87839,9,2,62,0,2016,11,15,4,3,1,2,0,0,0,1,0,0,0,0,8.25516E+20,5.38725E+21,1.34117E+16,4.85537E+16
87839,87840,9,4,75,154,2016,11,7,2,3,4,2,0,0,0,1,0,0,0,0,6.98039E+20,5.56538E+21,1.17755E+16,5.02074E+16