FID,OBJECTID,ULAND,UREGBEZ,UKREIS,UGEMEINDE,UJAHR,UMONAT,USTUNDE,UWOCHENTAG,UKATEGORIE,UART,UTYP1,ULICHTVERH,IstStrasse,IstRad,IstPKW,IstFuss,IstKrad,IstGkfz,IstSonstig,LINREFX,LINREFY,XGCSWGS84,YGCSWGS84
87840,87841,9,1,82,137,2016,11,8,2,3,2,6,0,0,0,1,0,0,0,0,7.08445E+20,5.30546E+21,1.17874E+16,4.78686E+16
87841,87842,9,1,87,165,2016,11,17,3,3,3,6,2,0,0,1,0,0,1,0,7.30558E+20,5.30006E+21,1.20798E+16,4.78125E+16
87842,87843,9,1,84,114,2016,11,11,1,3,3,6,0,1,0,1,0,0,0,0,6.98567E+20,5.32181E+21,1.1663E+16,4.80187E+16
87843,87844,9,6,71,150,2016,11,9,4,3,5,3,0,1,0,1,0,0,0,0,5.17355E+20,5.53914E+21,9.24218E+15,5.00043E+16
87844,87845,9,1,85,153,2016,11,13,5,2,4,6,0,0,0,1,0,0,1,0,6.54118E+20,5.40158E+21,1.10966E+16,4.87482E+16
87845,87846,9,5,72,142,2016,11,17,3,3,5,3,2,0,0,1,0,0,0,0,6.45271E+20,5.50018E+21,1.1012E+16,4.96367E+16
87846,87847,9,6,73,114,2016,11,10,7,3,5,3,0,0,0,1,0,0,0,0,5.86852E+20,5.57588E+21,1.02202E+16,5.03286E+16
87847,87848,9,1,84,135,2016,11,20,5,3,2,6,2,0,0,1,0,0,0,0,6.92098E+20,5.34478E+21,1.15867E+16,4.82271E+16
87848,87849,9,6,78,135,2016,11,7,6,3,4,2,1,0,0,1,0,0,0,1,5.90444E+20,5.54278E+21,1.02628E+16,5.00305E+16
87849,87850,9,1,72,111,2016,11,17,4,3,2,6,2,0,0,1,0,0,1,0,7.95533E+20,5.30066E+21,1.29462E+16,4.77914E+16
87850,87851,9,2,73,166,2016,11,10,6,3,8,1,0,0,0,1,0,0,0,0,7.18084E+20,5.42005E+21,1.19756E+16,4.88949E+16
87851,87852,9,1,75,133,2016,11,15,7,3,5,2,0,1,0,1,0,0,0,1,7.06234E+20,5.3409E+21,1.17749E+16,4.81878E+16
87852,87853,9,3,75,118,2016,11,17,7,2,1,5,2,1,0,1,0,0,0,0,7.04769E+20,5.44197E+21,1.18052E+16,4.90964E+16
87853,87854,9,2,63,0,2016,11,7,3,2,4,2,0,0,1,1,0,0,0,0,7.60946E+20,5.41941E+21,1.25589E+16,4.88727E+16
87854,87855,9,6,76,121,2016,11,6,3,3,2,6,2,1,0,1,0,0,0,0,5.11334E+20,5.5203E+21,9.1576E+15,4.9835E+16
87855,87856,9,4,74,161,2016,11,8,5,3,9,1,0,0,1,0,0,0,0,0,6.56523E+20,5.51371E+21,1.11731E+16,4.97555E+16
87856,87857,9,7,75,139,2016,11,15,2,3,5,3,1,0,1,1,0,0,0,0,5.80987E+20,5.36529E+21,1.00949E+16,4.84355E+16
87857,87858,9,5,72,141,2016,11,15,3,2,8,1,0,0,1,0,0,0,0,0,6.45961E+20,5.49796E+21,1.10207E+16,4.96165E+16
87858,87859,9,1,61,0,2016,11,17,5,3,2,6,2,0,0,1,0,0,0,0,6.79418E+20,5.39922E+21,1.14394E+16,4.87202E+16
87859,87860,9,3,76,144,2016,11,22,2,2,2,6,2,0,0,1,0,0,0,0,7.27116E+20,5.4837E+21,1.21345E+16,4.94635E+16
87860,87861,9,1,62,0,2016,11,15,1,3,5,2,0,0,0,1,0,0,0,0,6.88712E+20,5.33626E+21,1.15373E+16,4.81516E+16
87861,87862,9,5,65,0,2016,11,10,3,3,1,6,0,0,0,1,0,0,0,0,6.4684E+20,5.46684E+21,1.10213E+16,4.93366E+16
87862,87863,9,5,73,134,2016,11,21,1,3,3,7,2,0,0,1,0,0,0,0,6.42278E+20,5.47763E+21,1.09624E+16,4.94347E+16
87863,87864,9,7,74,155,2016,11,7,5,3,0,1,1,0,0,1,0,0,0,0,5.90239E+20,5.36517E+21,1.022E+16,4.84332E+16
87864,87865,9,1,77,133,2016,11,16,1,3,7,7,1,0,0,1,0,0,0,0,7.09406E+20,5.35844E+21,1.18262E+16,4.83444E+16
87865,87866,9,3,76,148,2016,11,16,6,3,2,6,0,1,0,1,0,0,0,0,7.44614E+20,5.48619E+21,1.23772E+16,4.94791E+16
87866,87867,9,5,72,121,2016,11,7,4,3,5,3,0,0,1,0,0,0,0,1,6.59855E+20,5.4938E+21,1.12112E+16,4.95756E+16
87867,87868,9,1,62,0,2016,11,19,2,3,1,5,2,1,0,1,0,0,0,0,6.92103E+20,5.34185E+21,1.15854E+16,4.82008E+16
87868,87869,9,5,74,157,2016,11,16,2,3,4,6,1,0,0,1,0,0,0,0,6.63642E+20,5.46988E+21,1.12537E+16,4.93597E+16
87869,87870,9,5,76,151,2016,11,18,3,3,2,6,2,0,0,1,0,0,0,0,6.56663E+20,5.46984E+21,1.11576E+16,4.93611E+16
87870,87871,9,2,75,133,2016,11,15,4,3,4,2,1,0,0,1,0,0,0,0,8.27538E+20,5.38116E+21,1.34342E+16,4.84981E+16
87871,87872,9,3,63,0,2016,11,18,2,3,2,6,2,0,0,1,0,0,0,0,7.26991E+20,5.50533E+21,1.21453E+16,4.96578E+16
87872,87873,9,1,79,118,2016,11,12,2,3,4,6,0,0,0,1,0,0,0,0,6.72746E+20,5.33757E+21,1.13234E+16,4.81679E+16
87873,87874,9,1,87,182,2016,11,14,3,3,5,3,0,0,0,1,0,0,0,0,7.39391E+20,5.328E+21,1.22131E+16,4.80603E+16
87874,87875,9,1,81,130,2016,11,18,1,3,2,6,2,1,0,1,0,0,0,1,6.38913E+20,5.32545E+21,1.08647E+16,4.80672E+16
87875,87876,9,3,75,180,2016,11,7,6,3,2,6,0,0,0,1,0,0,0,0,7.23997E+20,5.43132E+21,1.20623E+16,4.89941E+16
87876,87877,9,5,65,0,2016,11,15,4,3,1,6,0,0,0,1,0,0,0,0,6.50677E+20,5.46598E+21,1.10738E+16,4.93279E+16
87877,87878,9,1,81,130,2016,11,16,5,3,2,6,0,0,0,1,0,0,0,1,6.36383E+20,5.32301E+21,1.08299E+16,4.80458E+16
87878,87879,9,5,74,138,2016,11,23,3,3,9,1,2,0,0,1,0,0,0,0,6.64401E+20,5.49017E+21,1.12725E+16,4.95418E+16
87879,87880,9,5,62,0,2016,11,17,3,2,2,6,2,0,0,1,1,0,0,0,6.45156E+20,5.4968E+21,1.10091E+16,4.96063E+16
87880,87881,9,7,78,173,2016,11,17,5,3,5,3,2,1,0,1,0,0,0,0,6.12377E+20,5.32269E+21,1.05079E+16,4.80476E+16
87881,87882,9,6,76,144,2016,11,20,6,3,5,3,2,1,0,1,0,1,0,0,5.08196E+20,5.52912E+21,9.11416E+15,4.99144E+16
87882,87883,9,1,87,130,2016,11,15,4,3,8,1,0,2,0,1,0,0,0,0,7.12425E+20,5.31306E+21,1.18443E+16,4.79356E+16
87883,87884,9,1,90,117,2016,11,17,6,3,8,7,2,2,0,1,0,0,0,0,6.50057E+20,5.29194E+21,1.10025E+16,4.77634E+16
87884,87885,9,1,71,113,2016,11,8,3,2,5,3,0,0,0,1,0,0,0,0,7.79136E+20,5.33772E+21,1.27518E+16,4.81314E+16
87885,87886,9,2,75,119,2016,11,8,4,3,2,6,0,0,0,1,0,0,0,0,8.32666E+20,5.40043E+21,1.35189E+16,4.86682E+16
87886,87887,9,4,74,121,2016,11,17,5,2,8,1,2,0,0,1,0,0,0,0,6.63802E+20,5.51484E+21,1.12746E+16,4.97637E+16
87887,87888,9,7,63,0,2016,11,18,2,1,6,4,2,0,0,1,1,0,0,0,5.9662E+20,5.28531E+21,1.02882E+16,4.77139E+16
87888,87889,9,4,75,189,2016,11,9,1,3,6,4,0,1,0,1,1,0,0,0,7.01127E+20,5.55784E+21,1.18147E+16,5.01386E+16
87889,87890,9,5,74,123,2016,11,7,4,3,2,6,2,0,0,1,0,0,0,0,6.60199E+20,5.47076E+21,1.12066E+16,4.93684E+16
87890,87891,9,5,64,0,2016,11,15,3,3,2,6,0,0,0,1,0,0,1,0,6.53442E+20,5.47445E+21,1.11151E+16,4.94034E+16
87891,87892,9,1,74,146,2016,11,18,5,3,0,6,2,1,0,1,0,0,1,0,6.6825E+20,5.35009E+21,1.12679E+16,4.82817E+16
87892,87893,9,2,75,124,2016,11,17,4,2,5,3,2,0,0,1,0,0,0,0,8.12031E+20,5.37102E+21,1.32174E+16,4.8415E+16
87893,87894,9,2,77,138,2016,11,17,2,3,7,7,2,0,0,1,0,0,0,0,7.92855E+20,5.36773E+21,1.29566E+16,4.83947E+16
87894,87895,9,7,72,168,2016,11,4,1,3,8,1,2,1,0,1,0,0,0,0,6.19137E+20,5.34826E+21,1.06057E+16,4.82763E+16
87895,87896,9,5,71,145,2016,11,20,3,2,2,6,2,0,0,0,0,0,1,1,5.91907E+20,5.44636E+21,1.02607E+16,4.91631E+16
87896,87897,9,7,78,173,2016,11,16,5,3,5,3,1,1,1,1,0,0,0,0,6.11147E+20,5.32249E+21,1.04913E+16,4.80461E+16
87897,87898,9,6,76,126,2016,11,20,6,3,5,3,2,0,0,1,0,0,0,0,5.11199E+20,5.52311E+21,9.15581E+15,4.98603E+16
87898,87899,9,7,74,144,2016,11,18,7,3,8,1,2,0,0,0,0,0,0,1,6.08374E+20,5.36325E+21,1.04646E+16,4.84131E+16
87899,87900,9,2,78,171,2016,11,9,6,3,8,6,0,0,0,0,0,0,1,1,7.78781E+20,5.42959E+21,1.28085E+16,4.89563E+16
87900,87901,9,5,63,0,2016,11,20,4,3,4,2,2,0,0,1,0,0,0,0,6.43912E+20,5.4809E+21,1.09861E+16,4.94637E+16
87901,87902,9,5,61,0,2016,11,19,3,3,5,2,2,0,1,1,0,0,0,0,6.14103E+20,5.46309E+21,1.05698E+16,4.93098E+16
87902,87903,9,5,72,126,2016,11,16,6,3,2,6,1,0,0,1,0,0,0,0,6.34529E+20,5.50495E+21,1.08649E+16,4.9682E+16
87903,87904,9,7,74,121,2016,11,10,3,3,1,7,0,0,0,1,1,0,0,0,6.03883E+20,5.36527E+21,1.04044E+16,4.8432E+16
87904,87905,9,4,71,145,2016,11,9,5,3,0,1,0,1,0,0,0,1,0,0,6.42985E+20,5.52038E+21,1.09877E+16,4.98188E+16
87905,87906,9,1,87,165,2016,11,18,3,3,2,6,2,0,0,1,0,0,0,1,7.32321E+20,5.29509E+21,1.21006E+16,4.77673E+16
87906,87907,9,1,81,130,2016,11,6,5,3,2,6,1,1,0,1,0,0,0,0,6.39049E+20,5.32532E+21,1.08665E+16,4.8066E+16
87907,87908,9,5,77,173,2016,11,12,3,3,4,6,0,0,0,1,0,0,0,0,6.39621E+20,5.4227E+21,1.09067E+16,4.89415E+16
87908,87909,9,5,71,145,2016,11,13,3,3,2,6,0,0,0,0,0,0,1,0,5.94224E+20,5.45365E+21,1.02942E+16,4.92284E+16
87909,87910,9,7,64,0,2016,11,15,5,3,3,6,0,0,0,1,0,0,0,0,5.86084E+20,5.31681E+21,1.0154E+16,4.79988E+16
87910,87911,9,5,64,0,2016,11,13,6,3,2,6,0,0,0,1,0,0,1,0,6.5836E+20,5.47336E+21,1.11824E+16,4.93923E+16
87911,87912,9,1,75,122,2016,11,15,4,3,0,1,0,0,1,0,0,0,0,0,7.20938E+20,5.32627E+21,1.19649E+16,4.80514E+16
87912,87913,9,5,77,133,2016,11,14,3,3,5,2,0,0,0,1,0,0,0,1,6.24243E+20,5.43401E+21,1.07003E+16,4.90464E+16
87913,87914,9,2,72,147,2016,11,18,4,3,5,3,2,0,0,1,0,0,0,0,8.19736E+20,5.41741E+21,1.33569E+16,4.88272E+16
87914,87915,9,2,74,141,2016,11,12,2,3,8,1,0,0,0,0,0,0,0,1,7.33156E+20,5.39836E+21,1.21686E+16,4.86947E+16
87915,87916,9,7,61,0,2016,11,10,2,3,2,6,0,0,0,1,0,0,0,1,6.37706E+20,5.36093E+21,1.086E+16,4.83865E+16
87916,87917,9,3,74,111,2016,11,7,1,3,2,6,1,1,0,1,0,0,0,0,7.26966E+20,5.51202E+21,1.21488E+16,4.97179E+16
87917,87918,9,5,61,0,2016,11,8,4,3,2,6,0,1,0,1,0,0,0,0,6.13213E+20,5.46338E+21,1.05576E+16,4.93127E+16
87918,87919,9,1,81,115,2016,11,0,5,3,3,6,2,0,0,1,0,0,1,0,6.575E+20,5.32706E+21,1.11146E+16,4.80773E+16
87919,87920,9,5,76,143,2016,11,5,1,3,9,1,2,0,0,1,0,0,0,0,6.51244E+20,5.45951E+21,1.10791E+16,4.92697E+16
87920,87921,9,5,71,136,2016,11,8,3,3,5,3,0,0,0,1,0,1,0,0,5.96732E+20,5.43698E+21,1.03246E+16,4.90781E+16
87921,87922,9,7,74,160,2016,11,19,5,3,0,7,2,1,1,0,0,0,0,0,6.0813E+20,5.3508E+21,1.04581E+16,4.83012E+16
87922,87923,9,1,78,144,2016,11,4,7,3,8,7,2,1,0,1,0,0,0,0,7.07077E+20,5.37968E+21,1.18053E+16,4.8536E+16
87923,87924,9,3,76,144,2016,11,17,7,2,2,6,1,0,0,1,0,0,0,0,7.31258E+20,5.48203E+21,1.21906E+16,4.94469E+16
87924,87925,9,4,72,119,2016,11,19,3,3,5,3,2,0,0,1,0,0,0,0,6.85758E+20,5.54263E+21,1.15925E+16,5.0007E+16
87925,87926,9,7,77,167,2016,11,15,3,3,2,6,0,2,0,1,0,0,0,1,6.19182E+20,5.29741E+21,1.05922E+16,4.7819E+16
87926,87927,9,4,71,111,2016,11,5,5,1,2,6,2,1,1,1,0,0,0,0,6.45105E+20,5.51724E+21,1.1016E+16,4.979E+16
87927,87928,9,1,76,126,2016,11,17,3,3,2,6,2,0,0,1,0,1,0,0,6.74596E+20,5.40694E+21,1.13772E+16,4.87909E+16
87928,87929,9,6,78,193,2016,11,5,2,3,1,5,2,0,0,1,0,0,0,0,5.79353E+20,5.53713E+21,1.01068E+16,4.99812E+16
87929,87930,9,4,75,161,2016,11,4,3,3,2,6,2,1,0,1,0,0,0,0,7.16075E+20,5.57282E+21,1.20321E+16,5.0268E+16
87930,87931,9,2,72,142,2016,11,19,4,3,8,1,2,1,0,0,0,0,1,0,8.20946E+20,5.41171E+21,1.33689E+16,4.87755E+16
87931,87932,9,5,71,134,2016,11,6,2,2,7,7,2,2,0,1,0,0,0,0,5.87762E+20,5.46247E+21,1.02074E+16,4.93087E+16
87932,87933,9,1,89,120,2016,11,10,2,3,3,6,0,0,0,1,0,0,0,0,7.58926E+20,5.29746E+21,1.24565E+16,4.77784E+16
87933,87934,9,1,63,0,2016,11,13,3,3,2,6,0,0,0,1,0,0,0,0,7.32604E+20,5.30683E+21,1.21107E+16,4.78726E+16
87934,87935,9,1,89,115,2016,11,19,1,3,2,6,2,1,0,1,0,0,0,0,7.65695E+20,5.33494E+21,1.25698E+16,4.81122E+16
87935,87936,9,5,77,173,2016,11,7,4,3,5,3,0,0,1,1,0,0,0,0,6.39557E+20,5.42457E+21,1.09065E+16,4.89583E+16
87936,87937,9,7,71,129,2016,11,7,5,3,2,6,0,1,0,1,0,0,0,0,6.59751E+20,5.35634E+21,1.11558E+16,4.834E+16
87937,87938,9,4,76,145,2016,11,8,3,3,5,3,0,0,0,1,0,0,0,0,6.65697E+20,5.56692E+21,1.13233E+16,5.02312E+16
87938,87939,9,2,74,111,2016,11,18,4,3,4,6,2,1,0,1,0,0,0,1,7.41398E+20,5.38514E+21,1.22727E+16,4.85728E+16
87939,87940,9,1,80,129,2016,11,9,2,3,1,6,0,1,0,1,0,0,0,0,6.5178E+20,5.28218E+21,1.10221E+16,4.76751E+16
87940,87941,9,6,75,127,2016,11,16,2,3,4,2,1,0,0,1,0,0,0,0,6.07701E+20,5.51423E+21,1.04957E+16,4.97708E+16
87941,87942,9,3,72,178,2016,11,15,1,3,9,1,1,2,0,1,0,0,0,0,8.03021E+20,5.45317E+21,1.31564E+16,4.91565E+16
87942,87943,9,5,77,136,2016,11,17,4,3,5,3,2,0,0,1,0,0,0,0,6.27456E+20,5.4415E+21,1.07466E+16,4.91131E+16
87943,87944,9,1,79,118,2016,11,17,5,3,0,2,2,0,0,1,1,0,0,0,6.72657E+20,5.33797E+21,1.13224E+16,4.81715E+16
87944,87945,9,4,77,128,2016,11,16,3,3,5,3,1,1,0,1,0,0,0,0,6.74856E+20,5.55411E+21,1.14457E+16,5.01134E+16
87945,87946,9,5,64,0,2016,11,17,6,3,5,3,2,0,0,1,0,0,0,0,6.53589E+20,5.47325E+21,1.11166E+16,4.93925E+16
87946,87947,9,2,75,152,2016,11,17,4,3,2,2,2,1,0,1,0,0,0,0,8.21698E+20,5.40869E+21,1.33767E+16,4.8748E+16
87947,87948,9,1,77,126,2016,11,6,7,3,9,1,2,0,0,0,0,0,0,1,7.20744E+20,5.36766E+21,1.19839E+16,4.84234E+16
87948,87949,9,3,61,0,2016,11,10,7,1,6,7,0,0,1,1,1,0,0,0,7.06044E+20,5.48096E+21,1.18427E+16,4.94463E+16
87949,87950,9,3,77,145,2016,11,8,3,3,4,6,0,1,0,1,0,0,1,0,7.29177E+20,5.53852E+21,1.21951E+16,4.9955E+16
87950,87951,9,7,72,171,2016,11,12,3,3,2,1,0,0,0,1,0,0,1,0,6.37422E+20,5.37335E+21,1.08602E+16,4.84982E+16
87951,87952,9,3,77,158,2016,11,7,5,3,2,6,0,1,0,1,0,0,0,0,7.35361E+20,5.54421E+21,1.22847E+16,5.00037E+16
87952,87953,9,3,73,167,2016,11,15,5,3,2,6,0,0,0,1,0,0,0,1,6.93716E+20,5.45357E+21,1.16595E+16,4.92043E+16
87953,87954,9,1,79,123,2016,11,18,3,3,2,6,2,0,0,1,0,0,0,0,6.76665E+20,5.33395E+21,1.13745E+16,4.81343E+16
87954,87955,9,5,72,132,2016,11,15,2,3,5,3,0,0,1,1,0,0,0,0,6.36313E+20,5.49217E+21,1.08852E+16,4.95667E+16
87955,87956,9,4,62,0,2016,11,16,3,2,1,6,2,0,0,1,0,0,0,0,6.86846E+20,5.53385E+21,1.16034E+16,4.99278E+16
87956,87957,9,2,79,125,2016,11,12,4,3,3,6,0,0,0,1,0,0,1,0,7.62627E+20,5.39533E+21,1.25664E+16,4.86558E+16
87957,87958,9,4,71,165,2016,11,13,2,3,0,7,0,0,0,0,0,0,1,1,6.29102E+20,5.53212E+21,1.07988E+16,4.99275E+16
87958,87959,9,1,63,0,2016,11,6,2,3,5,2,2,0,0,1,0,0,0,0,7.34279E+20,5.30454E+21,1.21318E+16,4.78515E+16
87959,87960,9,1,87,125,2016,11,6,3,3,0,3,0,0,0,1,0,0,0,1,7.51809E+20,5.31464E+21,1.23717E+16,4.79356E+16
87960,87961,9,1,76,129,2016,11,10,1,3,8,1,0,1,0,1,0,0,0,0,6.88073E+20,5.40334E+21,1.15589E+16,4.87546E+16
87961,87962,9,5,75,134,2016,11,17,4,3,5,3,2,1,0,1,0,0,0,0,5.89117E+20,5.49564E+21,1.02335E+16,4.96068E+16
87962,87963,9,1,81,130,2016,11,6,5,2,4,2,2,1,1,1,0,0,0,0,6.40321E+20,5.32342E+21,1.08829E+16,4.80486E+16
87963,87964,9,4,62,0,2016,11,12,3,3,1,6,0,0,0,1,0,0,0,0,6.82973E+20,5.53463E+21,1.15499E+16,4.9936E+16
87964,87965,9,5,76,128,2016,11,21,7,3,3,6,2,0,0,1,0,0,0,0,6.43767E+20,5.46371E+21,1.09779E+16,4.93092E+16
87965,87966,9,5,62,0,2016,11,16,3,2,4,2,1,0,1,1,0,0,0,0,6.47136E+20,5.49574E+21,1.10361E+16,4.95963E+16
87966,87967,9,7,80,143,2016,11,7,5,3,2,6,2,0,0,1,0,0,0,0,5.98136E+20,5.28205E+21,1.03076E+16,4.76844E+16
87967,87968,9,5,64,0,2016,11,9,6,2,5,3,0,0,1,1,0,0,0,0,6.52528E+20,5.48263E+21,1.11056E+16,4.94771E+16
87968,87969,9,1,87,128,2016,11,13,4,3,2,6,0,0,0,1,0,0,0,1,7.46868E+20,5.31093E+21,1.23035E+16,4.79041E+16
87969,87970,9,1,80,124,2016,11,17,6,3,4,2,2,0,0,1,0,0,0,0,6.65352E+20,5.28459E+21,1.12037E+16,4.76935E+16
87970,87971,9,1,77,117,2016,11,10,7,3,0,6,0,0,0,1,0,0,0,0,7.16695E+20,5.35073E+21,1.19205E+16,4.82727E+16
87971,87972,9,2,78,117,2016,11,5,7,3,4,6,2,0,0,0,0,0,1,0,7.58239E+20,5.42071E+21,1.25229E+16,4.88855E+16
87972,87973,9,2,72,147,2016,11,20,3,3,9,1,2,0,0,1,0,0,0,0,8.19898E+20,5.41716E+21,1.33589E+16,4.88249E+16
87973,87974,9,4,71,174,2016,11,17,3,2,2,6,2,0,0,1,0,0,0,0,6.36854E+20,5.5399E+21,1.09095E+16,4.99957E+16
87974,87975,9,5,74,123,2016,11,19,7,3,7,7,2,0,0,1,0,0,0,0,6.60861E+20,5.47417E+21,1.12171E+16,4.93989E+16
87975,87976,9,7,77,169,2016,11,14,5,3,5,2,0,0,0,1,0,0,0,0,6.30408E+20,5.27049E+21,1.0734E+16,4.75747E+16
87976,87977,9,5,64,0,2016,11,6,6,2,6,1,2,0,1,0,1,0,0,0,6.57439E+20,5.47606E+21,1.11708E+16,4.94169E+16
87977,87978,9,2,79,124,2016,11,16,4,3,5,3,1,0,1,1,0,0,0,0,7.5254E+20,5.39304E+21,1.24283E+16,4.86394E+16
87978,87979,9,1,72,129,2016,11,13,6,3,5,2,0,0,0,1,0,0,0,0,7.94132E+20,5.27981E+21,1.29135E+16,4.76049E+16
87979,87980,9,1,75,112,2016,11,18,7,2,6,4,2,1,0,1,1,0,0,0,7.24176E+20,5.31979E+21,1.20049E+16,4.79921E+16
87980,87981,9,2,75,125,2016,11,0,7,3,8,1,2,0,0,1,0,0,0,0,8.05053E+20,5.38002E+21,1.31299E+16,4.84991E+16
87981,87982,9,3,71,156,2016,11,19,3,2,6,4,2,0,0,1,1,0,0,0,7.01715E+20,5.49875E+21,1.17921E+16,4.96076E+16
87982,87983,9,6,74,147,2016,11,9,3,3,8,1,0,1,0,1,0,0,0,0,6.06926E+20,5.54508E+21,1.04935E+16,5.00484E+16
87983,87984,9,3,62,0,2016,11,5,5,1,0,6,2,0,0,1,0,1,0,0,7.2276E+20,5.43509E+21,1.20475E+16,4.90284E+16
87984,87985,9,3,73,159,2016,11,17,5,3,2,6,2,0,0,1,0,0,0,1,6.77131E+20,5.45607E+21,1.14331E+16,4.92318E+16
87985,87986,9,1,62,0,2016,11,12,2,3,2,6,0,0,0,1,0,0,0,0,6.82934E+20,5.33885E+21,1.14608E+16,4.81766E+16
87986,87987,9,5,71,136,2016,11,17,2,3,9,1,1,0,0,1,0,0,0,0,5.88715E+20,5.43953E+21,1.02154E+16,4.91022E+16
87987,87988,9,4,61,0,2016,11,16,3,3,2,6,1,0,0,1,0,0,0,0,6.40007E+20,5.52853E+21,1.09493E+16,4.98927E+16
87988,87989,9,1,90,145,2016,11,18,4,2,8,1,2,0,0,0,0,1,0,0,6.47132E+20,5.28858E+21,1.09624E+16,4.77338E+16
87989,87990,9,3,75,143,2016,11,8,2,3,5,3,0,0,1,1,0,0,0,0,7.35837E+20,5.42089E+21,1.22179E+16,4.8896E+16
87990,87991,9,1,77,116,2016,11,8,2,3,2,6,0,0,0,1,0,0,0,0,7.08975E+20,5.36372E+21,1.1823E+16,4.8392E+16
87991,87992,9,1,87,162,2016,11,11,3,3,3,6,0,0,1,0,0,0,1,0,7.50201E+20,5.30521E+21,1.23447E+16,4.78515E+16
87992,87993,9,4,74,126,2016,11,17,3,3,3,6,2,0,0,1,0,1,0,0,6.48509E+20,5.51015E+21,1.10606E+16,4.97255E+16
87993,87994,9,7,77,121,2016,11,11,5,2,0,3,0,1,1,1,0,0,0,0,6.28831E+20,5.3219E+21,1.07283E+16,4.80374E+16
87994,87995,9,1,74,136,2016,11,17,1,3,8,1,1,1,0,1,0,0,0,0,6.85464E+20,5.36366E+21,1.15057E+16,4.83988E+16
87995,87996,9,3,75,117,2016,11,9,6,3,2,6,0,0,0,0,0,0,1,1,7.33831E+20,5.4323E+21,1.21971E+16,4.89993E+16
87996,87997,9,4,75,154,2016,11,17,4,3,0,1,2,1,1,0,0,0,0,0,6.99438E+20,5.56241E+21,1.17935E+16,5.01803E+16
87997,87998,9,1,79,123,2016,11,16,5,3,2,6,1,0,0,1,0,0,0,0,6.77368E+20,5.33226E+21,1.13833E+16,4.81189E+16
87998,87999,9,4,71,207,2016,11,10,3,3,6,7,0,0,0,1,1,0,0,0,6.27582E+20,5.53166E+21,1.07774E+16,4.99237E+16
87999,88000,9,5,74,154,2016,11,17,3,3,6,4,2,0,0,1,1,0,0,0,6.62139E+20,5.48463E+21,1.1239E+16,4.94927E+16
88000,88001,9,7,79,201,2016,11,9,5,3,3,3,0,0,0,1,0,0,1,0,6.42224E+20,5.39634E+21,1.09331E+16,4.87038E+16
88001,88002,9,5,64,0,2016,11,19,6,3,2,6,2,0,0,1,0,0,0,0,6.51272E+20,5.47727E+21,1.10862E+16,4.94293E+16
88002,88003,9,1,76,143,2016,11,6,4,3,4,3,1,0,0,1,0,0,0,0,6.80207E+20,5.40886E+21,1.14544E+16,4.88066E+16
88003,88004,9,4,61,0,2016,11,23,3,3,5,3,2,0,1,1,0,0,0,0,6.3808E+20,5.52778E+21,1.09222E+16,4.98865E+16
88004,88005,9,1,90,129,2016,11,16,4,2,2,6,1,0,0,1,0,0,1,0,6.41984E+20,5.30103E+21,1.08978E+16,4.78469E+16
88005,88006,9,7,63,0,2016,11,10,2,3,5,3,0,0,0,1,0,0,0,0,5.99983E+20,5.28649E+21,1.03332E+16,4.7724E+16
88006,88007,9,4,72,146,2016,11,18,1,3,9,1,2,0,0,1,0,0,0,0,6.83214E+20,5.52841E+21,1.15503E+16,4.988E+16
88007,88008,9,4,75,168,2016,11,6,4,2,4,2,2,1,0,1,0,0,0,0,7.09051E+20,5.5682E+21,1.19312E+16,5.0229E+16
88008,88009,9,3,74,133,2016,11,11,3,3,8,1,0,0,0,1,0,0,1,0,7.25808E+20,5.49582E+21,1.21234E+16,4.95728E+16
88009,88010,9,1,75,135,2016,11,15,5,3,6,4,0,0,1,0,1,0,0,0,7.09049E+20,5.33918E+21,1.18119E+16,4.81714E+16
88010,88011,9,1,73,118,2016,11,14,4,2,8,7,0,0,0,1,0,0,0,0,6.8755E+20,5.30613E+21,1.15086E+16,4.78811E+16
88011,88012,9,2,77,134,2016,11,14,2,3,4,2,1,0,0,1,0,0,0,1,7.75171E+20,5.36061E+21,1.27135E+16,4.83386E+16
88012,88013,9,6,71,155,2016,11,14,1,3,0,7,0,0,1,0,0,0,0,0,5.04966E+20,5.53561E+21,9.06926E+15,4.99728E+16
88013,88014,9,3,75,199,2016,11,17,3,3,7,7,2,0,0,1,0,0,0,1,7.18935E+20,5.43275E+21,1.1994E+16,4.90088E+16
88014,88015,9,3,76,162,2016,11,16,5,2,2,6,1,1,0,1,0,0,1,0,7.29644E+20,5.47861E+21,1.21664E+16,4.94167E+16
88015,88016,9,7,64,0,2016,11,13,2,3,2,6,0,0,0,1,0,0,0,0,5.86168E+20,5.3167E+21,1.01551E+16,4.79978E+16
88016,88017,9,3,75,175,2016,11,16,3,3,2,6,2,1,0,1,0,0,0,0,7.16156E+20,5.43486E+21,1.19572E+16,4.90287E+16
88017,88018,9,1,78,122,2016,11,0,5,3,8,6,2,1,0,1,0,0,0,0,7.02417E+20,5.3838E+21,1.17443E+16,4.85745E+16