FID,OBJECTID,ULAND,UREGBEZ,UKREIS,UGEMEINDE,UJAHR,UMONAT,USTUNDE,UWOCHENTAG,UKATEGORIE,UART,UTYP1,ULICHTVERH,IstStrasse,IstRad,IstPKW,IstFuss,IstKrad,IstGkfz,IstSonstig,LINREFX,LINREFY,XGCSWGS84,YGCSWGS84
88018,88019,9,1,80,117,2016,11,12,4,3,2,6,0,0,0,1,0,0,0,0,6.58243E+20,5.26275E+21,1.11011E+16,4.74989E+16
88019,88020,9,3,76,141,2016,11,8,2,3,6,7,0,0,0,1,1,0,1,0,7.25473E+20,5.45379E+21,1.2095E+16,4.91954E+16
88020,88021,9,7,64,0,2016,11,11,1,3,1,6,0,0,0,1,0,0,0,0,5.85775E+20,5.3196E+21,1.01504E+16,4.8024E+16
88021,88022,9,1,82,120,2016,11,20,3,3,5,3,2,0,0,1,0,0,0,0,7.02229E+20,5.30602E+21,1.17046E+16,4.78757E+16
88022,88023,9,3,75,148,2016,11,16,3,3,1,6,0,0,0,0,0,1,0,1,7.02816E+20,5.43689E+21,1.17759E+16,4.90515E+16
88023,88024,9,7,71,122,2016,11,9,5,3,9,1,0,1,0,1,0,0,0,0,6.53092E+20,5.36196E+21,1.10681E+16,4.83922E+16
88024,88025,9,1,62,0,2016,11,23,7,3,5,3,2,1,0,1,0,0,0,0,6.86254E+20,5.33179E+21,1.15024E+16,4.81122E+16
88025,88026,9,2,76,142,2016,11,17,6,2,5,3,2,1,0,1,0,0,0,0,7.91255E+20,5.43258E+21,1.29807E+16,4.89773E+16
88026,88027,9,4,64,0,2016,11,7,4,3,2,6,1,1,0,1,0,0,0,0,7.05157E+20,5.57958E+21,1.18828E+16,5.03325E+16
88027,88028,9,1,77,113,2016,11,16,5,3,6,6,2,0,0,1,1,0,0,0,7.20144E+20,5.35647E+21,1.19699E+16,4.83231E+16
88028,88029,9,5,61,0,2016,11,17,3,3,0,3,2,0,1,1,0,0,0,0,6.15264E+20,5.4625E+21,1.05856E+16,4.93044E+16
88029,88030,9,5,75,153,2016,11,18,6,2,9,1,2,0,0,1,0,0,0,0,6.17126E+20,5.48945E+21,1.06192E+16,4.95463E+16
88030,88031,9,1,84,149,2016,11,8,3,2,4,2,0,0,1,1,0,0,0,0,6.92299E+20,5.34977E+21,1.15916E+16,4.82719E+16
88031,88032,9,3,75,190,2016,11,17,3,3,2,6,2,0,0,1,0,0,0,0,7.28131E+20,5.44557E+21,1.21268E+16,4.91205E+16
88032,88033,9,1,89,149,2016,11,16,4,3,5,2,1,0,0,1,0,1,0,0,7.65784E+20,5.33115E+21,1.25686E+16,4.80781E+16
88033,88034,9,2,73,137,2016,11,5,2,2,4,2,2,0,0,1,0,1,0,0,7.13433E+20,5.42078E+21,1.19126E+16,4.89032E+16
88034,88035,9,7,72,207,2016,11,7,2,3,2,6,1,1,0,1,0,0,0,0,6.39129E+20,5.38067E+21,1.08858E+16,4.85636E+16
88035,88036,9,3,74,134,2016,11,11,1,3,9,1,0,1,0,1,0,0,0,0,7.18478E+20,5.50992E+21,1.20301E+16,4.97022E+16
88036,88037,9,4,78,139,2016,11,6,4,2,5,3,1,0,0,1,0,0,0,0,6.48623E+20,5.55585E+21,1.10798E+16,5.01363E+16
88037,88038,9,1,77,139,2016,11,8,5,3,5,3,0,0,0,1,0,0,0,0,7.32939E+20,5.35857E+21,1.21434E+16,4.83373E+16
88038,88039,9,3,62,0,2016,11,17,3,3,5,3,2,0,0,1,0,0,0,1,7.27577E+20,5.43441E+21,1.21129E+16,4.90206E+16
88039,88040,9,7,72,200,2016,11,7,5,3,2,7,0,1,0,1,0,0,0,0,6.32204E+20,5.33657E+21,1.07781E+16,4.81686E+16
88040,88041,9,2,75,154,2016,11,7,4,3,1,6,2,0,0,1,0,0,0,0,8.08583E+20,5.39467E+21,1.31884E+16,4.86288E+16
88041,88042,9,1,62,0,2016,11,7,6,3,3,6,1,0,0,1,0,1,0,0,6.85734E+20,5.3408E+21,1.14993E+16,4.81933E+16
88042,88043,9,2,74,146,2016,11,16,7,3,5,3,2,1,0,1,0,0,0,0,7.35595E+20,5.37974E+21,1.21911E+16,4.85265E+16
88043,88044,9,4,74,135,2016,11,6,3,2,5,2,2,0,0,1,0,0,0,0,6.40456E+20,5.50714E+21,1.09478E+16,4.97004E+16
88044,88045,9,7,80,124,2016,11,9,3,3,4,2,0,0,1,1,0,0,0,0,5.92356E+20,5.26861E+21,1.02278E+16,4.75644E+16
88045,88046,9,7,71,160,2016,11,14,5,3,2,2,0,1,0,1,0,1,0,0,6.55591E+20,5.35111E+21,1.10978E+16,4.8294E+16
88046,88047,9,2,62,0,2016,11,17,6,3,2,6,2,0,0,1,0,0,0,0,8.25625E+20,5.38959E+21,1.3415E+16,4.85746E+16
88047,88048,9,4,78,165,2016,11,6,4,3,5,3,1,0,0,1,0,0,0,0,6.39395E+20,5.55456E+21,1.09502E+16,5.01269E+16
88048,88049,9,4,64,0,2016,11,20,3,3,4,2,2,0,0,1,0,0,0,0,7.06779E+20,5.57795E+21,1.19047E+16,5.03173E+16
88049,88050,9,4,79,150,2016,11,14,6,3,3,6,0,0,0,1,0,0,1,0,7.21667E+20,5.56674E+21,1.21069E+16,5.02112E+16
88050,88051,9,7,63,0,2016,11,9,3,3,4,2,0,0,1,1,0,0,0,0,5.99682E+20,5.28519E+21,1.03289E+16,4.77124E+16
88051,88052,9,2,76,148,2016,11,16,5,3,4,2,2,0,0,1,0,1,0,0,8.10553E+20,5.43769E+21,1.32476E+16,4.90138E+16
88052,88053,9,1,87,132,2016,11,7,3,2,9,1,0,0,0,1,0,0,0,0,7.47628E+20,5.29857E+21,1.23066E+16,4.77928E+16
88053,88054,9,3,72,178,2016,11,15,3,3,5,3,0,0,0,1,0,0,0,1,7.98566E+20,5.45394E+21,1.30961E+16,4.91655E+16
88054,88055,9,1,89,155,2016,11,15,4,2,5,3,0,0,0,1,0,0,0,0,7.71779E+20,5.30793E+21,1.26343E+16,4.78672E+16
88055,88056,9,1,89,114,2016,11,17,2,3,2,6,2,0,0,1,0,0,0,0,7.64352E+20,5.31204E+21,1.25377E+16,4.79071E+16
88056,88057,9,6,75,141,2016,11,16,2,3,2,6,0,0,0,1,0,0,0,0,5.84878E+20,5.51107E+21,1.01782E+16,4.97461E+16
88057,88058,9,2,71,119,2016,11,12,1,3,0,1,0,0,0,0,0,1,0,0,7.94346E+20,5.41749E+21,1.30119E+16,4.88405E+16
88058,88059,9,4,62,0,2016,11,18,4,3,9,7,2,0,0,1,0,0,0,0,6.85286E+20,5.5357E+21,1.15826E+16,4.99449E+16
88059,88060,9,1,84,138,2016,11,16,4,3,5,3,0,0,1,1,0,0,1,0,6.82349E+20,5.33023E+21,1.14493E+16,4.80992E+16
88060,88061,9,3,76,119,2016,11,18,3,3,2,7,2,1,0,1,0,1,0,0,7.19953E+20,5.45673E+21,1.20209E+16,4.92238E+16
88061,88062,9,4,79,136,2016,11,17,6,3,5,3,2,0,0,1,0,0,0,0,7.22918E+20,5.54368E+21,1.2111E+16,5.00037E+16
88062,88063,9,2,73,147,2016,11,16,4,3,2,6,0,0,0,1,0,0,0,0,6.99718E+20,5.38983E+21,1.17106E+16,4.86296E+16
88063,88064,9,1,71,111,2016,11,19,6,3,4,3,2,0,0,1,0,0,0,0,7.7447E+20,5.34719E+21,1.26954E+16,4.82185E+16
88064,88065,9,1,62,0,2016,11,17,6,3,2,6,2,0,0,1,0,0,0,0,6.92096E+20,5.33135E+21,1.15806E+16,4.81064E+16
88065,88066,9,2,73,111,2016,11,17,7,3,6,4,2,1,0,1,1,0,0,0,7.08572E+20,5.41128E+21,1.18415E+16,4.88194E+16
88066,88067,9,3,72,157,2016,11,12,3,3,0,6,0,0,0,1,0,0,0,0,7.63991E+20,5.46991E+21,1.26333E+16,4.93247E+16
88067,88068,9,7,61,0,2016,11,17,3,3,0,6,2,1,0,1,0,0,0,0,6.43418E+20,5.36054E+21,1.0937E+16,4.83817E+16
88068,88069,9,2,76,120,2016,11,10,5,3,4,1,0,1,0,1,0,0,1,0,7.92696E+20,5.44489E+21,1.30092E+16,4.90872E+16
88069,88070,9,2,76,142,2016,11,6,5,3,2,2,2,0,0,1,0,0,0,0,7.91255E+20,5.43282E+21,1.29808E+16,4.89795E+16
88070,88071,9,1,78,157,2016,11,15,3,1,6,4,0,0,0,1,1,0,0,0,7.04478E+20,5.36988E+21,1.17654E+16,4.84488E+16
88071,88072,9,5,76,143,2016,11,9,2,2,9,7,0,0,0,1,0,0,0,0,6.52407E+20,5.45734E+21,1.10943E+16,4.92498E+16
88072,88073,9,2,78,148,2016,11,21,3,3,5,1,2,0,0,1,0,0,0,1,7.3597E+20,5.40492E+21,1.22105E+16,4.87526E+16
88073,88074,9,1,89,154,2016,11,17,4,3,6,4,2,1,0,1,1,0,0,0,7.6609E+20,5.31885E+21,1.25651E+16,4.79676E+16
88074,88075,9,4,71,207,2016,11,7,2,3,9,7,0,0,0,1,0,0,0,1,6.27371E+20,5.5317E+21,1.07745E+16,4.9924E+16
88075,88076,9,1,61,0,2016,11,10,2,3,5,3,0,0,0,1,0,0,0,0,6.79163E+20,5.40474E+21,1.14384E+16,4.87698E+16
88076,88077,9,1,61,0,2016,11,6,3,3,5,2,2,0,1,1,0,0,0,0,6.76082E+20,5.40505E+21,1.13966E+16,4.87735E+16
88077,88078,9,2,76,146,2016,11,16,5,3,2,2,2,1,0,1,0,0,0,0,7.94578E+20,5.43535E+21,1.3028E+16,4.90007E+16
88078,88079,9,1,61,0,2016,11,5,3,3,5,2,2,0,0,1,0,0,0,0,6.76485E+20,5.40689E+21,1.14029E+16,4.879E+16
88079,88080,9,6,71,112,2016,11,14,2,2,5,3,0,0,0,1,0,0,0,0,5.18109E+20,5.53347E+21,9.25244E+15,4.99533E+16
88080,88081,9,2,63,0,2016,11,12,3,3,2,6,0,0,0,1,0,0,0,0,7.64893E+20,5.42094E+21,1.26136E+16,4.88847E+16
88081,88082,9,1,83,131,2016,11,14,4,3,5,3,0,0,0,1,0,0,0,0,7.63666E+20,5.36142E+21,1.25591E+16,4.83508E+16
88082,88083,9,5,75,112,2016,11,18,2,3,6,6,2,0,0,1,1,0,0,0,6.00121E+20,5.48363E+21,1.03827E+16,4.94971E+16
88083,88084,9,1,62,0,2016,11,16,2,3,2,6,1,0,0,1,0,0,0,0,6.94781E+20,5.32976E+21,1.16159E+16,4.80914E+16
88084,88085,9,1,86,143,2016,11,17,3,3,5,3,2,0,0,1,0,0,0,0,6.84674E+20,5.3773E+21,1.15011E+16,4.85216E+16
88085,88086,9,1,89,154,2016,11,15,1,3,8,1,1,1,0,1,0,0,0,0,7.66185E+20,5.31914E+21,1.25666E+16,4.79702E+16
88086,88087,9,4,74,121,2016,11,7,4,3,0,1,0,1,0,0,0,1,0,0,6.57687E+20,5.51716E+21,1.11907E+16,4.97862E+16
88087,88088,9,2,76,139,2016,11,7,3,2,4,6,1,1,0,1,0,0,0,0,8.07729E+20,5.43122E+21,1.32042E+16,4.89572E+16
88088,88089,9,5,62,0,2016,11,13,7,2,0,7,0,0,1,0,0,0,0,0,6.39606E+20,5.49479E+21,1.09316E+16,4.95896E+16
88089,88090,9,7,61,0,2016,11,17,5,3,3,6,2,1,0,1,0,0,0,0,6.41565E+20,5.35326E+21,1.09095E+16,4.83166E+16
88090,88091,9,4,75,141,2016,11,16,6,3,2,6,2,1,0,1,0,0,1,0,7.02129E+20,5.58024E+21,1.18407E+16,5.03395E+16
88091,88092,9,1,73,145,2016,11,15,4,3,9,1,0,0,0,1,0,0,0,0,6.90051E+20,5.29182E+21,1.15357E+16,4.77518E+16
88092,88093,9,1,76,161,2016,11,15,6,3,3,6,0,0,0,1,0,0,0,0,6.808E+20,5.41734E+21,1.14662E+16,4.88826E+16
88093,88094,9,1,62,0,2016,11,15,6,3,2,6,1,0,0,1,0,0,0,0,6.8724E+20,5.34053E+21,1.15194E+16,4.81904E+16
88094,88095,9,1,71,135,2016,11,20,7,3,2,2,2,1,0,1,0,0,0,0,7.69664E+20,5.34196E+21,1.26275E+16,4.81736E+16
88095,88096,9,2,78,148,2016,11,18,3,3,8,1,2,1,0,1,0,0,0,0,7.34122E+20,5.40705E+21,1.21866E+16,4.87724E+16
88096,88097,9,6,72,138,2016,11,17,3,3,2,6,2,1,0,1,0,0,0,0,5.60652E+20,5.57182E+21,9.85153E+15,5.02954E+16
88097,88098,9,2,76,127,2016,11,17,5,3,9,1,2,1,0,0,0,0,0,1,8.10308E+20,5.4262E+21,1.32355E+16,4.89108E+16
88098,88099,9,7,74,155,2016,11,18,2,3,8,1,2,0,0,1,0,0,0,0,5.90159E+20,5.36523E+21,1.02189E+16,4.84338E+16
88099,88100,9,2,71,132,2016,11,17,3,3,2,3,2,1,0,1,0,0,0,0,7.87214E+20,5.41761E+21,1.2915E+16,4.88449E+16
88100,88101,9,3,72,164,2016,11,17,2,3,2,6,2,1,0,1,0,0,0,1,7.66161E+20,5.45425E+21,1.26527E+16,4.91832E+16
88101,88102,9,1,77,115,2016,11,9,2,3,2,6,0,0,0,1,0,0,0,0,7.33459E+20,5.35194E+21,1.21468E+16,4.82776E+16
88102,88103,9,1,86,128,2016,11,5,3,3,1,2,2,0,0,1,0,0,1,0,6.79051E+20,5.38645E+21,1.14289E+16,4.86055E+16
88103,88104,9,2,71,119,2016,11,18,3,3,4,2,2,0,0,1,0,1,0,0,7.91578E+20,5.41798E+21,1.29746E+16,4.88462E+16
88104,88105,9,5,64,0,2016,11,12,1,3,5,3,0,0,0,1,0,0,0,0,6.53786E+20,5.47885E+21,1.11215E+16,4.94428E+16
88105,88106,9,6,79,200,2016,11,12,5,3,0,7,0,0,0,0,0,1,0,0,5.57547E+20,5.52513E+21,9.80092E+15,4.98758E+16
88106,88107,9,1,78,113,2016,11,6,1,2,9,1,2,1,0,1,0,0,0,0,6.91581E+20,5.36416E+21,1.15885E+16,4.84015E+16
88107,88108,9,3,76,153,2016,11,15,6,3,3,6,0,1,0,1,0,0,1,0,7.30901E+20,5.4872E+21,1.21887E+16,4.94934E+16
88108,88109,9,4,61,0,2016,11,13,4,3,5,2,0,0,1,1,0,0,0,0,6.37887E+20,5.52929E+21,1.09201E+16,4.99001E+16
88109,88110,9,1,62,0,2016,11,15,4,3,0,1,0,1,1,0,0,0,0,0,6.89831E+20,5.32764E+21,1.15485E+16,4.80738E+16
88110,88111,9,2,77,148,2016,11,17,3,3,4,6,2,1,0,1,0,0,0,1,7.87636E+20,5.36178E+21,1.28821E+16,4.83436E+16
88111,88112,9,5,73,123,2016,11,14,3,2,5,3,0,0,0,1,0,0,0,0,6.38967E+20,5.48802E+21,1.09204E+16,4.95288E+16
88112,88113,9,6,63,0,2016,11,14,5,3,0,2,0,0,0,1,0,0,0,0,5.69868E+20,5.51221E+21,9.97006E+15,4.97583E+16
88113,88114,9,4,77,139,2016,11,16,6,3,2,6,2,1,0,1,0,0,0,0,6.89682E+20,5.5505E+21,1.16511E+16,5.00765E+16
88114,88115,9,1,81,134,2016,11,12,4,3,5,3,0,0,0,1,0,0,0,0,6.43466E+20,5.34132E+21,1.09311E+16,4.82088E+16
88115,88116,9,1,88,121,2016,11,12,1,2,2,6,0,0,0,1,0,0,0,0,6.72298E+20,5.32972E+21,1.13142E+16,4.80974E+16
88116,88117,9,3,74,128,2016,11,16,6,3,2,6,2,0,0,1,0,0,0,0,7.23864E+20,5.51693E+21,1.21087E+16,4.97631E+16
88117,88118,9,4,61,0,2016,11,7,4,3,4,2,1,0,1,0,0,1,0,0,6.35293E+20,5.5301E+21,1.08843E+16,4.99079E+16
88118,88119,9,1,62,0,2016,11,6,4,3,3,6,0,0,0,1,0,0,1,0,6.90666E+20,5.33202E+21,1.15617E+16,4.81129E+16
88119,88120,9,2,77,149,2016,11,7,3,3,9,6,0,0,0,1,0,0,0,1,7.92094E+20,5.36355E+21,1.29434E+16,4.83575E+16
88120,88121,9,5,62,0,2016,11,13,3,2,0,7,0,0,1,0,0,0,0,0,6.44917E+20,5.49359E+21,1.10046E+16,4.95775E+16
88121,88122,9,6,77,157,2016,11,17,5,2,6,4,2,0,0,1,1,0,0,0,5.43459E+20,5.52127E+21,9.60443E+15,4.98423E+16
88122,88123,9,4,77,128,2016,11,17,6,3,3,7,2,0,0,1,0,0,0,0,6.75049E+20,5.55213E+21,1.14475E+16,5.00956E+16
88123,88124,9,1,87,179,2016,11,20,4,3,8,1,2,2,0,1,0,0,0,0,7.20567E+20,5.31868E+21,1.1956E+16,4.79834E+16
88124,88125,9,1,61,0,2016,11,12,6,3,2,6,0,0,0,1,0,0,0,0,6.81769E+20,5.40054E+21,1.1472E+16,4.87313E+16
88125,88126,9,7,74,135,2016,11,19,6,3,3,6,2,0,0,1,0,0,0,0,5.96002E+20,5.36526E+21,1.02979E+16,4.84332E+16
88126,88127,9,1,63,0,2016,11,17,7,3,5,3,2,0,1,1,0,0,0,0,7.34204E+20,5.30447E+21,1.21308E+16,4.78509E+16
88127,88128,9,1,72,114,2016,11,13,3,3,7,1,0,0,0,0,0,0,1,1,7.94363E+20,5.29797E+21,1.29288E+16,4.77678E+16
88128,88129,9,1,71,123,2016,11,13,4,2,0,1,0,1,1,0,0,0,0,0,7.85186E+20,5.35281E+21,1.28431E+16,4.82642E+16
88129,88130,9,2,71,119,2016,11,6,5,2,5,3,2,1,0,1,0,1,0,0,7.91821E+20,5.41459E+21,1.29755E+16,4.88157E+16
88130,88131,9,7,74,171,2016,11,7,2,3,7,7,1,0,0,1,0,0,0,1,6.0299E+20,5.37004E+21,1.03935E+16,4.8475E+16
88131,88132,9,5,71,171,2016,11,6,1,1,4,6,2,1,0,1,0,0,0,0,6.08997E+20,5.46649E+21,1.05005E+16,4.93414E+16
88132,88133,9,2,62,0,2016,11,17,3,3,2,6,2,0,0,1,0,0,0,0,8.23773E+20,5.38838E+21,1.3389E+16,4.85648E+16
88133,88134,9,7,78,180,2016,11,16,4,3,2,6,1,0,0,1,0,0,0,0,6.0362E+20,5.32136E+21,1.03901E+16,4.80371E+16
88134,88135,9,1,62,0,2016,11,17,4,3,2,6,2,1,0,1,0,0,0,0,6.9478E+20,5.32977E+21,1.16159E+16,4.80914E+16
88135,88136,9,2,71,141,2016,11,9,2,2,1,3,0,0,0,1,0,0,0,0,7.95917E+20,5.40196E+21,1.30221E+16,4.87004E+16
88136,88137,9,7,79,186,2016,11,22,1,3,4,6,2,1,0,1,0,0,0,0,6.36555E+20,5.41564E+21,1.08625E+16,4.88787E+16
88137,88138,9,2,75,124,2016,11,14,3,2,5,3,0,0,0,1,0,0,1,0,8.09151E+20,5.37134E+21,1.31788E+16,4.84192E+16
88138,88139,9,6,75,141,2016,11,18,5,3,2,6,2,0,0,1,0,0,0,0,5.82983E+20,5.51023E+21,1.01517E+16,4.97389E+16
88139,88140,9,7,78,168,2016,11,23,7,1,9,1,2,1,0,1,0,0,0,0,6.06091E+20,5.31366E+21,1.04213E+16,4.79675E+16
88140,88141,9,2,78,189,2016,11,13,6,3,1,6,0,0,0,1,0,0,0,0,7.67178E+20,5.4401E+21,1.26573E+16,4.90558E+16
88141,88142,9,3,77,145,2016,11,13,4,3,3,6,0,0,0,1,0,0,1,0,7.28277E+20,5.53963E+21,1.21832E+16,4.99653E+16
88142,88143,9,5,75,112,2016,11,8,3,2,6,4,1,0,0,1,1,0,0,0,6.02489E+20,5.4848E+21,1.04157E+16,4.95072E+16
88143,88144,9,3,74,133,2016,11,12,6,3,8,6,0,0,0,1,0,0,0,0,7.25779E+20,5.49575E+21,1.2123E+16,4.95722E+16
88144,88145,9,7,78,190,2016,11,18,3,2,5,3,2,0,0,1,0,0,0,0,6.08601E+20,5.33222E+21,1.04597E+16,4.8134E+16
88145,88146,9,2,74,134,2016,11,17,3,3,5,3,1,0,1,1,0,0,0,0,7.40704E+20,5.37415E+21,1.2257E+16,4.84744E+16
88146,88147,9,1,84,145,2016,11,6,4,3,3,6,1,0,0,1,0,1,0,0,6.97089E+20,5.3227E+21,1.16436E+16,4.80272E+16
88147,88148,9,1,90,120,2016,11,14,2,3,4,6,0,0,0,1,0,0,0,0,6.6822E+20,5.29484E+21,1.12458E+16,4.77849E+16
88148,88149,9,6,77,131,2016,11,6,2,3,2,6,0,0,0,1,0,0,0,0,5.51556E+20,5.54332E+21,9.71997E+15,5.00399E+16
88149,88150,9,2,74,154,2016,11,4,3,2,8,1,2,0,0,1,0,0,0,0,7.39287E+20,5.36666E+21,1.22335E+16,4.84076E+16
88150,88151,9,1,63,0,2016,11,17,4,3,2,6,2,0,0,1,0,0,0,0,7.35684E+20,5.30385E+21,1.21502E+16,4.78448E+16
88151,88152,9,7,79,155,2016,11,6,2,2,9,1,2,0,0,1,0,0,0,0,6.24343E+20,5.406E+21,1.06931E+16,4.87945E+16
88152,88153,9,4,71,145,2016,11,17,1,3,5,3,2,0,0,1,0,0,0,0,6.44528E+20,5.52092E+21,1.10094E+16,4.98233E+16
88153,88154,9,3,63,0,2016,11,9,4,3,6,2,0,0,0,1,1,0,0,0,7.28011E+20,5.5078E+21,1.21608E+16,4.96796E+16
88154,88155,9,2,79,116,2016,11,6,3,3,4,2,2,0,0,1,0,0,0,0,7.59369E+20,5.39603E+21,1.25227E+16,4.86634E+16
88155,88156,9,7,78,187,2016,11,20,4,2,4,2,2,1,1,1,0,0,0,0,6.0794E+20,5.3304E+21,1.04503E+16,4.81177E+16
88156,88157,9,5,72,142,2016,11,11,1,2,4,6,0,0,0,1,0,0,0,0,6.44681E+20,5.50147E+21,1.10043E+16,4.96484E+16
88157,88158,9,1,88,113,2016,11,18,3,3,2,6,2,0,0,1,0,0,1,0,6.80157E+20,5.31567E+21,1.14137E+16,4.79689E+16
88158,88159,9,6,75,165,2016,11,8,5,3,2,6,0,0,0,1,0,0,0,0,5.87594E+20,5.51621E+21,1.0217E+16,4.97919E+16
88159,88160,9,2,62,0,2016,11,7,6,3,2,2,0,0,0,1,0,0,0,0,8.25843E+20,5.38951E+21,1.34179E+16,4.85738E+16
88160,88161,9,4,76,154,2016,11,12,3,3,0,7,0,0,1,0,0,0,0,0,6.57459E+20,5.56844E+21,1.12085E+16,5.02472E+16
88161,88162,9,7,80,139,2016,11,10,3,3,3,6,0,0,1,1,0,0,0,0,5.97223E+20,5.2631E+21,1.02913E+16,4.7514E+16
88162,88163,9,2,62,0,2016,11,13,5,3,3,6,0,1,0,1,0,0,0,0,8.2607E+20,5.39033E+21,1.34216E+16,4.85811E+16
88163,88164,9,1,76,139,2016,11,10,3,3,3,6,0,0,1,1,0,0,0,0,6.83616E+20,5.40946E+21,1.1501E+16,4.8811E+16
88164,88165,9,6,74,180,2016,11,22,2,3,5,3,2,1,0,1,0,0,0,0,6.02841E+20,5.5401E+21,1.04351E+16,5.00043E+16
88165,88166,9,1,90,151,2016,11,13,3,2,5,3,0,0,0,1,0,1,0,0,6.33974E+20,5.29923E+21,1.07902E+16,4.78324E+16
88166,88167,9,1,82,136,2016,11,13,4,3,0,1,0,0,1,0,0,0,0,0,7.03694E+20,5.30123E+21,1.17219E+16,4.78322E+16
88167,88168,9,5,71,134,2016,11,6,2,2,7,7,2,2,0,1,0,0,0,0,5.87791E+20,5.46238E+21,1.02077E+16,4.93078E+16
88168,88169,9,1,89,162,2016,11,9,2,3,2,6,0,0,0,1,0,0,0,0,7.79504E+20,5.31573E+21,1.27424E+16,4.79338E+16
88169,88170,9,1,76,123,2016,11,16,3,3,2,6,0,0,0,1,0,0,1,0,6.61253E+20,5.41673E+21,1.11995E+16,4.88825E+16
88170,88171,9,1,80,117,2016,11,12,1,3,8,1,0,1,0,1,0,0,0,0,6.58107E+20,5.26418E+21,1.10998E+16,4.75118E+16
88171,88172,9,2,73,166,2016,11,16,4,3,5,3,2,1,0,1,0,0,0,0,7.16314E+20,5.41786E+21,1.19503E+16,4.88759E+16
88172,88173,9,2,77,145,2016,12,17,3,3,4,2,1,0,0,1,0,0,0,0,7.97478E+20,5.3531E+21,1.30085E+16,4.82612E+16
88173,88174,9,1,87,130,2016,12,14,7,3,2,6,0,0,0,1,0,0,0,0,7.13444E+20,5.30832E+21,1.18555E+16,4.78927E+16
88174,88175,9,5,71,115,2016,12,18,7,3,2,6,2,0,0,1,0,0,0,0,6.13005E+20,5.44626E+21,1.055E+16,4.91588E+16
88175,88176,9,1,75,122,2016,12,16,5,3,2,6,1,0,0,1,0,0,0,0,7.19509E+20,5.32472E+21,1.1945E+16,4.8038E+16
88176,88177,9,5,74,155,2016,12,17,5,3,2,6,2,0,0,1,0,0,0,0,6.69872E+20,5.49507E+21,1.13502E+16,4.95843E+16
88177,88178,9,4,62,0,2016,12,11,2,3,5,3,0,0,0,1,0,0,0,0,6.86394E+20,5.53386E+21,1.15971E+16,4.9928E+16
88178,88179,9,2,77,153,2016,12,7,6,3,5,3,0,0,0,1,0,1,0,0,7.78157E+20,5.36389E+21,1.27559E+16,4.83668E+16
88179,88180,9,5,76,127,2016,12,14,2,2,2,6,0,1,0,1,0,0,0,0,6.58566E+20,5.44813E+21,1.11752E+16,4.91655E+16
88180,88181,9,1,62,0,2016,12,17,2,3,4,2,2,0,0,1,0,0,0,0,6.77944E+20,5.33531E+21,1.13923E+16,4.81461E+16
88181,88182,9,5,64,0,2016,12,8,5,3,1,6,0,0,0,1,0,0,0,0,6.46064E+20,5.48142E+21,1.1016E+16,4.94679E+16
88182,88183,9,5,64,0,2016,12,12,4,3,5,2,0,0,1,1,0,0,0,0,6.5377E+20,5.48141E+21,1.11223E+16,4.94658E+16
88183,88184,9,2,79,122,2016,12,19,6,3,4,6,2,1,0,1,0,0,0,0,7.72338E+20,5.39606E+21,1.26985E+16,4.86582E+16
88184,88185,9,1,77,133,2016,12,18,1,3,3,6,2,1,0,1,0,0,0,0,7.13379E+20,5.35438E+21,1.18777E+16,4.83066E+16
88185,88186,9,2,75,138,2016,12,15,5,3,4,2,1,0,0,1,0,0,0,0,8.11275E+20,5.38399E+21,1.32168E+16,4.85317E+16
88186,88187,9,1,75,121,2016,12,3,1,3,5,3,2,1,0,1,0,0,0,0,7.1388E+20,5.31842E+21,1.18664E+16,4.79833E+16
88187,88188,9,1,71,132,2016,12,5,4,3,0,3,2,1,0,1,0,1,0,0,7.66647E+20,5.35109E+21,1.25927E+16,4.82569E+16
88188,88189,9,5,76,121,2016,12,22,5,3,8,1,2,0,0,1,0,0,0,0,6.46953E+20,5.45234E+21,1.10175E+16,4.92062E+16
88189,88190,9,6,62,0,2016,12,7,6,3,2,6,0,0,0,1,0,0,0,0,5.88143E+20,5.54497E+21,1.02312E+16,5.00505E+16
88190,88191,9,1,61,0,2016,12,7,4,3,8,1,1,2,0,1,0,0,0,0,6.6664E+20,5.40578E+21,1.12685E+16,4.87827E+16
88191,88192,9,6,79,144,2016,12,7,3,3,8,1,1,1,0,1,0,0,0,0,5.49081E+20,5.51304E+21,9.68157E+15,4.97678E+16
88192,88193,9,5,62,0,2016,11,9,4,3,2,6,0,0,0,1,0,0,0,0,6.45729E+20,5.49346E+21,1.10158E+16,4.95761E+16
88193,88194,9,1,80,123,2016,12,22,3,3,9,1,2,1,0,1,0,0,0,0,6.71144E+20,5.25812E+21,1.12705E+16,4.74541E+16
88194,88195,9,1,86,152,2016,12,17,7,2,2,6,1,0,0,1,0,0,0,0,6.91561E+20,5.37925E+21,1.15952E+16,4.85371E+16
88195,88196,9,5,75,112,2016,12,16,7,3,2,1,2,1,0,1,0,0,0,0,6.03904E+20,5.48397E+21,1.0435E+16,4.94995E+16