FID,OBJECTID,ULAND,UREGBEZ,UKREIS,UGEMEINDE,UJAHR,UMONAT,USTUNDE,UWOCHENTAG,UKATEGORIE,UART,UTYP1,ULICHTVERH,IstStrasse,IstRad,IstPKW,IstFuss,IstKrad,IstGkfz,IstSonstig,LINREFX,LINREFY,XGCSWGS84,YGCSWGS84
88196,88197,9,7,74,121,2016,12,1,4,3,8,1,2,0,0,1,0,0,0,0,6.00855E+20,5.36519E+21,1.03635E+16,4.84318E+16
88197,88198,9,5,74,131,2016,12,17,5,3,2,6,1,0,0,1,0,0,0,0,6.74097E+20,5.48629E+21,1.14047E+16,4.95042E+16
88198,88199,9,1,79,119,2016,12,7,3,3,6,4,1,2,0,1,1,0,0,0,6.69488E+20,5.33886E+21,1.12801E+16,4.81803E+16
88199,88200,9,7,71,112,2016,12,16,1,3,6,7,0,0,0,1,1,0,0,0,6.46509E+20,5.36904E+21,1.09817E+16,4.84574E+16
88200,88201,9,4,74,126,2016,12,16,2,3,2,6,2,2,0,1,0,0,0,0,6.48067E+20,5.50725E+21,1.10533E+16,4.96995E+16
88201,88202,9,2,79,112,2016,12,20,6,3,5,3,2,0,0,1,0,1,0,0,7.57063E+20,5.3908E+21,1.24882E+16,4.86174E+16
88202,88203,9,1,71,133,2016,12,14,2,3,2,2,0,0,0,1,0,0,0,0,7.71557E+20,5.34634E+21,1.26557E+16,4.82121E+16
88203,88204,9,5,76,127,2016,12,17,2,2,6,2,2,1,0,1,1,0,0,0,6.59407E+20,5.45053E+21,1.11877E+16,4.91868E+16
88204,88205,9,1,62,0,2016,12,11,2,3,3,7,0,0,1,1,0,0,0,0,6.92069E+20,5.34054E+21,1.15844E+16,4.8189E+16
88205,88206,9,5,64,0,2016,12,16,5,2,5,3,2,0,0,1,0,0,0,0,6.50518E+20,5.46769E+21,1.10722E+16,4.93434E+16
88206,88207,9,4,62,0,2016,12,7,4,3,3,1,0,0,0,1,0,0,1,0,6.86885E+20,5.53712E+21,1.16055E+16,4.99571E+16
88207,88208,9,2,79,112,2016,12,14,6,3,4,2,0,1,0,1,0,0,0,0,7.57516E+20,5.39161E+21,1.24948E+16,4.86245E+16
88208,88209,9,1,83,128,2016,12,15,5,3,2,6,1,0,0,1,0,0,0,0,7.62586E+20,5.35039E+21,1.25377E+16,4.82523E+16
88209,88210,9,1,84,138,2016,12,15,7,3,4,6,0,0,0,1,0,0,0,0,6.80989E+20,5.33062E+21,1.14312E+16,4.81031E+16
88210,88211,9,1,90,157,2016,12,20,6,2,6,2,2,1,0,1,1,0,0,0,6.59966E+20,5.30102E+21,1.1138E+16,4.78426E+16
88211,88212,9,1,84,145,2016,12,17,7,3,4,3,2,1,0,1,0,0,0,0,6.95134E+20,5.32557E+21,1.16187E+16,4.80535E+16
88212,88213,9,2,61,0,2016,12,7,5,3,2,6,0,1,0,1,0,0,0,0,7.31584E+20,5.38157E+21,1.21379E+16,4.85444E+16
88213,88214,9,1,84,119,2016,12,0,7,3,2,6,2,1,0,1,0,0,0,0,6.97555E+20,5.34946E+21,1.16623E+16,4.82675E+16
88214,88215,9,1,61,0,2016,12,7,4,3,1,5,0,0,0,1,0,0,0,0,6.78957E+20,5.4018E+21,1.14343E+16,4.87434E+16
88215,88216,9,5,74,145,2016,12,10,5,2,0,1,0,1,1,0,0,0,0,0,6.75077E+20,5.48011E+21,1.14155E+16,4.94484E+16
88216,88217,9,6,72,113,2016,12,5,6,3,2,6,2,1,0,1,0,0,0,1,5.59667E+20,5.574E+21,9.83805E+15,5.03151E+16
88217,88218,9,1,78,116,2016,12,17,4,3,2,6,2,2,0,1,0,0,0,0,7.02191E+20,5.3829E+21,1.17408E+16,4.85666E+16
88218,88219,9,6,77,114,2016,12,13,3,2,9,1,0,1,0,1,0,0,0,0,5.6792E+20,5.53854E+21,9.94763E+15,4.99953E+16
88219,88220,9,5,76,126,2016,11,18,4,2,9,1,2,0,0,1,0,0,0,0,6.5616E+20,5.44102E+21,1.11395E+16,4.91022E+16
88220,88221,9,3,75,201,2016,12,13,6,2,0,2,0,0,0,1,0,0,0,0,7.46268E+20,5.41855E+21,1.23585E+16,4.88709E+16
88221,88222,9,1,89,119,2016,12,6,3,3,4,6,1,1,0,0,0,0,1,0,7.63862E+20,5.30684E+21,1.2528E+16,4.78607E+16
88222,88223,9,1,87,118,2016,12,17,2,3,2,6,1,1,0,1,0,0,0,0,7.51078E+20,5.29952E+21,1.23531E+16,4.78E+16
88223,88224,9,1,76,129,2016,12,14,7,1,5,2,0,0,1,1,0,0,0,0,6.86233E+20,5.40447E+21,1.15344E+16,4.87653E+16
88224,88225,9,5,61,0,2016,12,12,7,3,2,6,0,0,0,1,0,0,0,0,6.15274E+20,5.4618E+21,1.05855E+16,4.92981E+16
88225,88226,9,7,63,0,2016,12,21,4,2,9,1,2,0,0,1,0,0,0,0,5.97797E+20,5.28862E+21,1.03046E+16,4.77436E+16
88226,88227,9,5,64,0,2016,12,10,5,3,2,6,0,0,0,1,0,0,0,0,6.49533E+20,5.47846E+21,1.10627E+16,4.94404E+16
88227,88228,9,6,79,180,2016,12,13,1,3,4,1,0,2,0,1,0,0,0,0,5.70207E+20,5.52158E+21,9.97644E+15,4.98426E+16
88228,88229,9,4,74,126,2016,12,10,2,3,4,2,0,0,0,1,0,0,1,0,6.48076E+20,5.50609E+21,1.1053E+16,4.96891E+16
88229,88230,9,1,89,157,2016,12,14,6,3,4,1,0,1,0,1,0,0,0,0,7.66162E+20,5.32505E+21,1.25699E+16,4.80232E+16
88230,88231,9,1,82,119,2016,12,10,2,3,2,6,0,0,0,1,0,1,0,0,7.11745E+20,5.29408E+21,1.18259E+16,4.77653E+16
88231,88232,9,5,77,173,2016,12,14,5,3,4,6,0,0,0,1,0,0,0,0,6.4051E+20,5.42456E+21,1.09195E+16,4.8958E+16
88232,88233,9,3,75,180,2016,12,17,4,3,1,6,2,1,0,1,0,0,0,0,7.24234E+20,5.42949E+21,1.20645E+16,4.89776E+16
88233,88234,9,5,75,124,2016,12,20,5,3,7,7,2,0,0,1,0,0,0,0,5.91066E+20,5.47805E+21,1.02564E+16,4.94483E+16
88234,88235,9,6,76,133,2016,12,18,6,3,5,3,2,0,0,1,0,0,0,0,5.11849E+20,5.52283E+21,9.16485E+15,4.98578E+16
88235,88236,9,3,62,0,2016,12,17,3,3,2,6,2,1,0,1,0,0,0,0,7.24323E+20,5.43417E+21,1.20683E+16,4.90196E+16
88236,88237,9,1,61,0,2016,12,8,7,2,5,2,0,1,1,1,0,0,0,0,6.79108E+20,5.40507E+21,1.14378E+16,4.87728E+16
88237,88238,9,5,75,118,2016,12,18,5,2,6,4,2,0,0,1,1,0,0,0,6.17304E+20,5.49413E+21,1.0623E+16,4.95884E+16
88238,88239,9,4,64,0,2016,12,2,7,3,6,4,2,1,0,1,1,0,0,0,7.08306E+20,5.57366E+21,1.19237E+16,5.02783E+16
88239,88240,9,1,79,123,2016,12,17,5,3,2,6,1,0,0,1,0,0,0,1,6.76713E+20,5.3338E+21,1.13751E+16,4.81329E+16
88240,88241,9,6,76,144,2016,12,7,6,3,4,6,2,0,0,0,0,0,1,0,5.07922E+20,5.52993E+21,9.11036E+15,4.99217E+16
88241,88242,9,1,62,0,2016,12,19,3,3,4,2,2,1,0,1,0,0,0,0,6.84227E+20,5.34337E+21,1.14802E+16,4.82168E+16
88242,88243,9,5,73,120,2016,12,11,3,2,0,1,0,0,1,0,0,0,0,0,6.30115E+20,5.48398E+21,1.07968E+16,4.94945E+16
88243,88244,9,5,71,226,2016,12,1,5,3,9,1,2,0,0,0,0,0,1,0,6.38115E+20,5.4562E+21,1.08976E+16,4.9243E+16
88244,88245,9,2,78,141,2016,12,18,6,3,0,7,2,1,1,0,0,0,0,0,7.59226E+20,5.42987E+21,1.25421E+16,4.89673E+16
88245,88246,9,6,77,133,2016,12,16,1,3,8,1,2,2,0,1,0,0,0,0,5.52556E+20,5.54846E+21,9.73465E+15,5.00861E+16
88246,88247,9,1,81,130,2016,12,18,3,2,5,3,2,1,1,1,0,0,0,0,6.40829E+20,5.32362E+21,1.08898E+16,4.80503E+16
88247,88248,9,1,87,117,2016,12,13,2,3,2,6,0,0,0,1,0,1,0,0,7.25295E+20,5.30589E+21,1.20126E+16,4.78668E+16
88248,88249,9,1,76,129,2016,12,17,7,3,8,1,2,0,0,1,0,0,0,0,6.8676E+20,5.40334E+21,1.1541E+16,4.87551E+16
88249,88250,9,6,77,135,2016,12,17,5,2,1,6,2,1,0,1,0,0,0,1,5.42865E+20,5.52612E+21,9.5967E+15,4.9886E+16
88250,88251,9,6,71,122,2016,12,5,4,3,4,2,2,1,0,1,0,0,0,0,5.06777E+20,5.53208E+21,9.09444E+15,4.9941E+16
88251,88252,9,5,75,143,2016,12,17,5,3,1,6,2,0,0,1,0,0,0,0,5.98291E+20,5.48051E+21,1.03566E+16,4.94693E+16
88252,88253,9,4,72,116,2016,12,7,7,3,9,7,0,0,0,1,0,0,0,0,6.9095E+20,5.54686E+21,1.1667E+16,5.00434E+16
88253,88254,9,6,61,0,2016,12,18,6,3,7,7,2,1,0,1,0,0,0,0,5.11384E+20,5.53693E+21,9.1588E+15,4.99846E+16
88254,88255,9,1,77,115,2016,12,7,4,3,6,4,1,1,0,1,1,0,0,0,7.33957E+20,5.3519E+21,1.21534E+16,4.8277E+16
88255,88256,9,5,64,0,2016,12,17,3,3,2,6,2,1,0,1,0,0,0,0,6.47765E+20,5.47779E+21,1.10381E+16,4.94348E+16
88256,88257,9,5,61,0,2016,12,5,5,3,5,3,2,0,0,1,0,0,0,0,6.15292E+20,5.46183E+21,1.05858E+16,4.92984E+16
88257,88258,9,3,71,157,2016,12,21,6,3,9,1,2,1,0,1,0,0,0,0,6.85399E+20,5.48736E+21,1.15612E+16,4.95105E+16
88258,88259,9,6,72,121,2016,12,12,1,3,2,6,0,0,0,1,0,0,0,0,5.68409E+20,5.55285E+21,9.95701E+15,5.01239E+16
88259,88260,9,2,77,138,2016,12,9,6,3,5,3,0,0,0,1,0,0,0,0,7.93073E+20,5.37212E+21,1.29626E+16,4.84339E+16
88260,88261,9,1,86,162,2016,12,17,3,3,5,6,2,0,0,1,0,0,1,0,6.91213E+20,5.3837E+21,1.15925E+16,4.85772E+16
88261,88262,9,1,87,150,2016,12,11,2,3,1,6,0,0,1,1,0,0,0,0,7.28584E+20,5.30346E+21,1.20552E+16,4.78438E+16
88262,88263,9,1,74,113,2016,12,18,7,2,2,6,2,1,0,1,0,0,0,0,6.72831E+20,5.34603E+21,1.1328E+16,4.82439E+16
88263,88264,9,4,62,0,2016,12,17,7,3,2,6,2,0,0,1,0,0,0,0,6.85219E+20,5.53584E+21,1.15817E+16,4.99461E+16
88264,88265,9,7,71,142,2016,12,17,5,2,6,4,2,1,0,1,1,0,0,0,6.45567E+20,5.35208E+21,1.09631E+16,4.83052E+16
88265,88266,9,7,79,154,2016,12,8,4,3,2,6,0,1,0,1,0,0,0,1,6.18569E+20,5.4235E+21,1.06196E+16,4.8953E+16
88266,88267,9,1,88,126,2016,12,14,3,3,0,1,0,1,0,0,0,1,0,0,6.58699E+20,5.32721E+21,1.11307E+16,4.80784E+16
88267,88268,9,4,64,0,2016,12,9,5,3,4,2,0,1,0,1,0,0,0,0,7.07445E+20,5.57684E+21,1.19134E+16,5.03071E+16
88268,88269,9,4,74,122,2016,12,7,2,2,6,4,1,1,0,1,1,0,0,0,6.51214E+20,5.50292E+21,1.10953E+16,4.96598E+16
88269,88270,9,1,83,128,2016,12,16,6,3,4,2,1,1,0,1,0,1,0,0,7.61876E+20,5.3495E+21,1.25276E+16,4.82446E+16
88270,88271,9,4,78,165,2016,12,19,5,3,2,6,2,1,1,1,0,0,0,0,6.47091E+20,5.54944E+21,1.10559E+16,5.0079E+16
88271,88272,9,2,76,143,2016,12,14,4,3,2,2,0,1,0,1,0,0,0,0,7.96282E+20,5.43493E+21,1.30509E+16,4.89961E+16
88272,88273,9,4,78,127,2016,12,10,5,3,5,3,0,0,0,1,0,0,0,0,6.5539E+20,5.55785E+21,1.11752E+16,5.01525E+16
88273,88274,9,6,71,130,2016,12,8,6,3,8,1,0,0,0,1,0,0,0,0,5.15788E+20,5.53699E+21,9.22023E+15,4.9985E+16
88274,88275,9,7,74,135,2016,12,16,3,3,1,6,2,0,0,1,0,0,0,0,5.96249E+20,5.36733E+21,1.03017E+16,4.84518E+16
88275,88276,9,3,61,0,2016,12,18,3,3,6,7,1,0,0,1,1,0,0,0,7.08539E+20,5.48033E+21,1.18767E+16,4.94399E+16
88276,88277,9,1,79,121,2016,12,23,7,3,4,1,2,1,0,1,0,0,0,0,6.68759E+20,5.33759E+21,1.12698E+16,4.81691E+16
88277,88278,9,4,62,0,2016,12,19,7,3,5,3,2,1,0,1,0,0,0,0,6.8677E+20,5.53715E+21,1.16039E+16,4.99574E+16
88278,88279,9,1,78,120,2016,12,16,5,3,1,6,2,0,0,1,0,0,0,0,6.93987E+20,5.35453E+21,1.16165E+16,4.83142E+16
88279,88280,9,4,77,128,2016,12,16,3,3,2,6,2,0,0,1,0,0,0,0,6.74563E+20,5.55405E+21,1.14416E+16,5.0113E+16
88280,88281,9,4,73,159,2016,12,11,5,3,1,6,0,1,0,1,0,0,0,1,6.43336E+20,5.57247E+21,1.10121E+16,5.0287E+16
88281,88282,9,2,75,153,2016,12,17,6,3,4,1,2,1,0,1,0,0,0,0,8.43036E+20,5.39515E+21,1.36549E+16,4.86153E+16
88282,88283,9,5,72,131,2016,12,2,1,3,0,6,2,1,0,1,0,0,0,0,6.55647E+20,5.48449E+21,1.11494E+16,4.9493E+16
88283,88284,9,1,89,118,2016,12,13,6,3,6,4,0,1,0,1,1,0,0,0,7.82284E+20,5.32021E+21,1.27825E+16,4.79728E+16
88284,88285,9,5,63,0,2016,12,7,2,3,2,6,0,1,0,1,0,0,0,0,6.45588E+20,5.48127E+21,1.10094E+16,4.94666E+16
88285,88286,9,7,80,119,2016,12,15,2,3,5,3,0,0,0,1,0,0,0,0,5.97458E+20,5.29535E+21,1.03016E+16,4.78042E+16
88286,88287,9,6,76,160,2016,12,6,5,3,5,3,2,0,0,1,0,0,0,0,5.11259E+20,5.52857E+21,9.15681E+15,4.99094E+16
88287,88288,9,5,72,132,2016,12,17,4,3,2,6,2,0,0,1,0,0,0,1,6.38613E+20,5.49167E+21,1.09168E+16,4.95618E+16
88288,88289,9,1,71,117,2016,12,6,6,3,0,6,2,0,0,1,0,0,0,0,7.68493E+20,5.33927E+21,1.26101E+16,4.815E+16
88289,88290,9,1,84,114,2016,12,5,7,3,8,1,2,2,0,1,0,0,0,0,7.00577E+20,5.31937E+21,1.16888E+16,4.79961E+16
88290,88291,9,2,78,192,2016,12,16,5,3,4,6,2,0,0,1,0,0,0,1,7.70877E+20,5.41726E+21,1.26926E+16,4.88491E+16
88291,88292,9,2,77,144,2016,12,17,4,2,8,7,2,1,0,1,0,0,0,0,7.83631E+20,5.37424E+21,1.28366E+16,4.84573E+16
88292,88293,9,1,89,134,2016,12,7,4,3,2,6,0,1,0,1,0,0,0,0,7.71585E+20,5.31827E+21,1.26382E+16,4.79601E+16
88293,88294,9,4,73,112,2016,12,18,5,3,4,2,2,1,0,1,0,0,0,0,6.36828E+20,5.56637E+21,1.09186E+16,5.02336E+16
88294,88295,9,6,61,0,2016,12,11,6,3,0,2,0,1,0,0,0,1,0,1,5.09687E+20,5.53504E+21,9.13507E+15,4.99677E+16
88295,88296,9,1,86,152,2016,12,11,4,3,8,1,0,1,0,1,0,0,0,0,6.95919E+20,5.37671E+21,1.16529E+16,4.85129E+16
88296,88297,9,4,61,0,2016,12,7,2,3,5,3,1,1,1,1,0,0,0,0,6.38048E+20,5.53139E+21,1.09231E+16,4.99189E+16
88297,88298,9,1,87,162,2016,12,18,6,3,6,4,2,1,0,1,1,0,0,0,7.50076E+20,5.30566E+21,1.23433E+16,4.78556E+16
88298,88299,9,1,62,0,2016,12,10,7,3,3,2,0,0,1,0,0,0,0,1,6.94655E+20,5.33416E+21,1.16162E+16,4.81309E+16
88299,88300,9,3,75,179,2016,12,10,5,3,4,6,0,1,0,1,0,0,0,1,7.31817E+20,5.42843E+21,1.21674E+16,4.89652E+16
88300,88301,9,2,71,148,2016,12,14,4,3,1,7,0,1,0,1,0,0,0,1,7.98917E+20,5.42009E+21,1.3076E+16,4.88617E+16
88301,88302,9,4,77,157,2016,12,19,5,2,4,2,2,1,0,1,0,0,0,0,6.72709E+20,5.54383E+21,1.14111E+16,5.00217E+16
88302,88303,9,6,61,0,2016,12,13,6,3,5,3,0,1,1,0,0,0,0,1,5.08422E+20,5.53359E+21,9.11741E+15,4.99546E+16
88303,88304,9,7,72,131,2016,12,12,3,3,5,2,0,0,0,1,0,0,0,0,6.17706E+20,5.35618E+21,1.05887E+16,4.83478E+16
88304,88305,9,2,75,145,2016,12,19,3,3,4,6,2,0,0,1,0,0,0,0,8.13918E+20,5.37798E+21,1.3248E+16,4.84765E+16
88305,88306,9,1,75,118,2016,12,18,7,3,2,6,2,0,0,1,0,0,0,0,7.15351E+20,5.33963E+21,1.18968E+16,4.81734E+16
88306,88307,9,4,62,0,2016,12,15,7,3,2,6,0,1,0,1,0,0,0,0,6.83188E+20,5.53471E+21,1.15529E+16,4.99366E+16
88307,88308,9,1,77,139,2016,12,10,5,3,2,6,0,0,0,1,0,0,0,0,7.3202E+20,5.35944E+21,1.21315E+16,4.83455E+16
88308,88309,9,4,74,154,2016,12,18,5,2,6,2,2,0,0,1,1,0,0,0,6.53458E+20,5.49727E+21,1.11241E+16,4.96085E+16
88309,88310,9,3,75,119,2016,12,7,2,3,2,6,0,1,0,1,0,0,0,1,7.39346E+20,5.44541E+21,1.22801E+16,4.91149E+16
88310,88311,9,1,82,116,2016,12,13,6,3,2,6,0,1,0,1,0,0,0,0,7.05743E+20,5.28962E+21,1.17438E+16,4.77272E+16
88311,88312,9,5,64,0,2016,12,15,2,3,2,6,1,1,0,1,0,0,0,0,6.52662E+20,5.48072E+21,1.11067E+16,4.94599E+16
88312,88313,9,7,63,0,2016,12,9,2,3,0,7,0,0,1,0,0,0,0,0,5.985E+20,5.28395E+21,1.03129E+16,4.77014E+16
88313,88314,9,5,72,135,2016,12,5,5,3,2,6,2,0,0,1,0,0,1,0,6.29688E+20,5.51096E+21,1.07999E+16,4.97372E+16
88314,88315,9,5,73,134,2016,12,23,4,3,5,3,2,0,0,1,0,0,0,0,6.42548E+20,5.47843E+21,1.09664E+16,4.94418E+16
88315,88316,9,1,85,140,2016,12,6,6,3,7,7,2,0,1,0,0,0,0,1,6.77117E+20,5.39583E+21,1.14067E+16,4.86904E+16
88316,88317,9,7,78,205,2016,12,20,7,3,8,7,2,0,0,1,0,0,0,0,5.92148E+20,5.31666E+21,1.02352E+16,4.79966E+16
88317,88318,9,2,74,132,2016,12,16,5,3,5,3,2,0,0,1,0,0,0,0,7.21008E+20,5.38594E+21,1.19971E+16,4.85875E+16
88318,88319,9,7,74,122,2016,12,18,7,3,6,7,2,0,0,1,1,0,0,0,6.07323E+20,5.35496E+21,1.04483E+16,4.83387E+16
88319,88320,9,1,82,125,2016,12,12,4,3,2,6,0,0,0,1,0,0,1,0,7.12285E+20,5.29605E+21,1.18341E+16,4.77828E+16
88320,88321,9,4,71,115,2016,12,17,5,3,5,3,2,0,0,1,0,0,0,1,6.32652E+20,5.53873E+21,1.08505E+16,4.99862E+16
88321,88322,9,5,76,151,2016,12,17,6,3,0,6,2,1,0,1,0,0,1,0,6.55612E+20,5.47218E+21,1.11441E+16,4.93824E+16
88322,88323,9,1,86,162,2016,12,18,4,3,2,6,2,2,0,1,0,0,0,0,6.92426E+20,5.38716E+21,1.16105E+16,4.86079E+16
88323,88324,9,6,79,154,2016,12,9,3,3,5,3,0,1,0,1,0,0,1,0,5.60876E+20,5.51091E+21,9.84501E+15,4.97476E+16
88324,88325,9,5,76,122,2016,11,7,4,3,2,6,1,0,0,1,0,0,0,0,6.7153E+20,5.43529E+21,1.13474E+16,4.90466E+16
88325,88326,9,1,73,135,2016,12,20,3,2,5,3,2,0,1,1,0,0,0,0,6.91769E+20,5.28703E+21,1.15565E+16,4.77081E+16
88326,88327,9,1,61,0,2016,12,17,2,2,6,4,2,1,0,1,1,0,0,0,6.79307E+20,5.40402E+21,1.144E+16,4.87633E+16
88327,88328,9,1,78,113,2016,12,7,7,3,5,3,2,2,1,1,0,0,0,0,6.91666E+20,5.36728E+21,1.15911E+16,4.84295E+16
88328,88329,9,4,74,123,2016,12,23,7,3,7,7,2,0,0,1,0,0,0,0,6.47394E+20,5.5151E+21,1.1047E+16,4.97702E+16
88329,88330,9,7,75,135,2016,12,16,4,3,6,2,2,0,0,1,1,0,0,0,5.75266E+20,5.36132E+21,1.00169E+16,4.84006E+16
88330,88331,9,3,63,0,2016,12,16,5,3,3,6,2,0,0,1,0,0,0,1,7.28261E+20,5.50868E+21,1.21648E+16,4.96874E+16
88331,88332,9,1,74,115,2016,12,13,3,3,3,2,0,0,1,1,0,0,0,0,6.81206E+20,5.34721E+21,1.14412E+16,4.82521E+16
88332,88333,9,7,71,112,2016,12,17,3,3,2,6,2,1,0,1,0,0,0,0,6.4278E+20,5.36978E+21,1.09315E+16,4.84649E+16
88333,88334,9,5,64,0,2016,11,12,4,3,5,2,0,0,1,1,0,0,0,0,6.49114E+20,5.48331E+21,1.10588E+16,4.94841E+16
88334,88335,9,2,79,116,2016,12,18,3,2,3,6,2,1,1,0,0,0,0,0,7.60173E+20,5.39448E+21,1.25326E+16,4.86492E+16
88335,88336,9,1,75,112,2016,12,11,7,3,2,2,0,0,0,1,0,0,0,0,7.24148E+20,5.31827E+21,1.20037E+16,4.79785E+16
88336,88337,9,7,78,216,2016,12,14,4,3,8,6,0,0,0,0,0,0,1,1,6.23763E+20,5.32122E+21,1.06602E+16,4.80323E+16
88337,88338,9,3,77,116,2016,12,17,5,3,2,6,2,1,0,1,0,0,0,1,7.20632E+20,5.52419E+21,1.2068E+16,4.98295E+16
88338,88339,9,1,74,113,2016,12,7,3,3,5,3,0,1,0,1,0,0,0,0,6.77734E+20,5.35106E+21,1.13961E+16,4.82878E+16
88339,88340,9,5,74,123,2016,12,19,1,3,2,6,2,0,0,1,0,0,0,0,6.61517E+20,5.47438E+21,1.12262E+16,4.94007E+16
88340,88341,9,3,76,175,2016,12,19,2,3,2,6,2,1,0,1,0,0,0,0,7.29149E+20,5.46653E+21,1.21527E+16,4.93085E+16
88341,88342,9,1,85,158,2016,12,16,6,3,5,3,1,0,1,1,0,0,0,0,6.67478E+20,5.38048E+21,1.12697E+16,4.8555E+16
88342,88343,9,1,76,131,2016,12,20,2,3,5,2,2,1,0,1,0,0,0,1,6.79768E+20,5.41022E+21,1.1449E+16,4.88189E+16
88343,88344,9,5,64,0,2016,12,11,2,2,0,1,0,2,0,0,0,1,0,0,6.58103E+20,5.48192E+21,1.11822E+16,4.94693E+16
88344,88345,9,7,61,0,2016,12,17,2,3,2,6,2,0,0,1,0,0,0,1,6.37544E+20,5.36021E+21,1.08576E+16,4.83801E+16
88345,88346,9,5,62,0,2016,12,17,5,3,0,7,0,0,1,0,0,0,0,0,6.47145E+20,5.49583E+21,1.10363E+16,4.95971E+16
88346,88347,9,5,71,175,2016,12,6,4,3,5,3,2,1,0,1,0,0,0,0,6.27792E+20,5.45908E+21,1.07568E+16,4.92711E+16
88347,88348,9,1,88,121,2016,12,18,6,3,2,6,2,1,0,1,0,0,0,0,6.70988E+20,5.33119E+21,1.12972E+16,4.8111E+16
88348,88349,9,2,73,111,2016,12,17,5,3,1,1,2,1,0,1,0,0,0,0,7.06898E+20,5.41304E+21,1.18196E+16,4.88358E+16
88349,88350,9,7,80,119,2016,12,19,7,3,3,3,2,0,0,1,0,0,0,0,5.97568E+20,5.29595E+21,1.03032E+16,4.78095E+16
88350,88351,9,1,86,137,2016,12,17,4,3,4,2,2,0,0,1,0,0,0,0,6.84634E+20,5.39925E+21,1.15103E+16,4.87189E+16
88351,88352,9,3,73,114,2016,12,17,5,2,2,6,2,0,0,1,0,0,0,0,6.71522E+20,5.45669E+21,1.13564E+16,4.9239E+16
88352,88353,9,5,64,0,2016,12,6,6,3,2,6,1,1,0,1,0,0,0,0,6.50507E+20,5.47406E+21,1.10745E+16,4.94006E+16
88353,88354,9,1,78,124,2016,12,16,4,3,2,6,1,0,0,1,0,0,0,0,7.02659E+20,5.36227E+21,1.17371E+16,4.8381E+16
88354,88355,9,5,72,131,2016,12,7,3,3,2,6,1,0,0,1,0,0,0,0,6.54956E+20,5.48498E+21,1.114E+16,4.94976E+16
88355,88356,9,5,71,152,2016,11,20,4,3,4,6,2,0,0,1,0,0,0,0,5.87916E+20,5.46859E+21,1.02108E+16,4.93637E+16
88356,88357,9,3,71,126,2016,12,7,5,3,2,6,1,0,0,1,0,0,0,0,7.05847E+20,5.48871E+21,1.1844E+16,4.9516E+16
88357,88358,9,3,73,155,2016,12,16,6,3,5,3,1,1,0,1,0,0,1,0,6.69004E+20,5.46027E+21,1.13234E+16,4.92718E+16
88358,88359,9,5,62,0,2016,12,2,1,2,0,7,2,0,1,0,0,0,0,0,6.44705E+20,5.49542E+21,1.10024E+16,4.95941E+16
88359,88360,9,1,87,116,2016,12,18,3,3,9,1,2,1,0,1,0,0,0,0,7.47202E+20,5.32787E+21,1.23177E+16,4.80562E+16
88360,88361,9,1,76,126,2016,12,17,2,3,4,7,2,1,0,1,0,0,0,0,6.72962E+20,5.40599E+21,1.13546E+16,4.87828E+16
88361,88362,9,1,77,139,2016,12,3,7,3,4,6,2,2,0,1,0,0,1,0,7.31454E+20,5.36128E+21,1.21249E+16,4.83622E+16
88362,88363,9,4,61,0,2016,12,15,7,3,2,6,0,0,0,1,0,0,1,0,6.37387E+20,5.53064E+21,1.09136E+16,4.99124E+16
88363,88364,9,7,71,122,2016,12,14,5,3,2,6,0,0,0,1,0,0,0,0,6.49129E+20,5.36266E+21,1.10148E+16,4.83995E+16
88364,88365,9,7,76,131,2016,12,16,4,3,6,6,0,0,0,1,1,0,0,0,5.6231E+20,5.27787E+21,9.82974E+15,4.76513E+16
88365,88366,9,1,79,121,2016,12,14,3,3,5,3,0,0,0,1,0,0,0,0,6.67482E+20,5.33906E+21,1.12532E+16,4.81827E+16
88366,88367,9,3,76,149,2016,12,15,5,3,8,1,1,1,0,1,0,0,0,0,7.41025E+20,5.45093E+21,1.23064E+16,4.91638E+16
88367,88368,9,5,73,125,2016,12,14,1,2,8,1,0,0,0,1,0,0,0,0,6.38679E+20,5.47194E+21,1.09108E+16,4.93843E+16
88368,88369,9,3,71,146,2016,12,6,2,3,6,4,2,0,0,1,1,0,0,0,7.1449E+20,5.46462E+21,1.19503E+16,4.92967E+16
88369,88370,9,1,88,118,2016,12,18,6,2,6,4,2,1,0,1,1,0,0,0,6.71116E+20,5.31036E+21,1.12906E+16,4.79237E+16
88370,88371,9,5,61,0,2016,12,17,5,3,1,6,1,1,0,1,0,0,0,0,6.141E+20,5.4631E+21,1.05698E+16,4.931E+16
88371,88372,9,3,62,0,2016,12,8,4,3,5,3,0,0,1,1,0,0,0,0,7.27577E+20,5.43441E+21,1.21129E+16,4.90206E+16
88372,88373,9,2,78,118,2016,12,12,5,2,1,7,0,0,0,1,0,0,0,0,7.69734E+20,5.42417E+21,1.26816E+16,4.89116E+16
88373,88374,9,5,74,156,2016,12,14,6,3,2,6,0,0,0,1,0,0,0,0,6.59332E+20,5.48145E+21,1.1199E+16,4.94648E+16