FID,OBJECTID,ULAND,UREGBEZ,UKREIS,UGEMEINDE,UJAHR,UMONAT,USTUNDE,UWOCHENTAG,UKATEGORIE,UART,UTYP1,ULICHTVERH,IstStrasse,IstRad,IstPKW,IstFuss,IstKrad,IstGkfz,IstSonstig,LINREFX,LINREFY,XGCSWGS84,YGCSWGS84
88374,88375,9,5,71,228,2016,12,20,1,3,8,7,2,0,0,1,0,0,0,0,5.89826E+20,5.45756E+21,1.02347E+16,4.92642E+16
88375,88376,9,2,78,170,2016,12,12,2,3,2,6,0,1,0,1,0,0,0,0,7.63163E+20,5.42329E+21,1.25916E+16,4.89065E+16
88376,88377,9,1,79,145,2016,12,17,6,3,5,3,2,1,1,1,0,0,0,0,6.76084E+20,5.33872E+21,1.13687E+16,4.81773E+16
88377,88378,9,1,61,0,2016,12,15,2,3,5,2,0,0,1,1,0,0,0,0,6.77583E+20,5.40526E+21,1.14171E+16,4.87749E+16
88378,88379,9,5,64,0,2016,12,8,2,3,4,2,0,1,0,1,0,0,0,1,6.48184E+20,5.48046E+21,1.10449E+16,4.94587E+16
88379,88380,9,7,72,163,2016,12,7,2,3,2,6,0,1,0,1,0,0,0,1,6.38559E+20,5.34664E+21,1.08668E+16,4.82578E+16
88380,88381,9,5,64,0,2016,12,13,5,3,5,2,0,0,1,1,0,0,0,0,6.4758E+20,5.47845E+21,1.10358E+16,4.94407E+16
88381,88382,9,4,62,0,2016,12,19,4,2,6,2,2,0,0,1,1,0,0,0,6.83074E+20,5.53661E+21,1.15522E+16,4.99537E+16
88382,88383,9,1,61,0,2016,12,7,5,3,5,2,2,1,1,1,0,0,0,0,6.79098E+20,5.40145E+21,1.14361E+16,4.87403E+16
88383,88384,9,7,79,148,2016,12,14,7,3,3,3,0,0,0,1,0,0,0,0,6.29559E+20,5.4093E+21,1.07651E+16,4.88231E+16
88384,88385,9,4,61,0,2016,12,5,3,3,8,1,2,2,0,1,0,0,0,0,6.36473E+20,5.5312E+21,1.09011E+16,4.99176E+16
88385,88386,9,2,75,154,2016,12,7,5,3,6,7,0,0,0,0,1,0,0,1,8.0823E+20,5.39533E+21,1.31841E+16,4.8635E+16
88386,88387,9,3,63,0,2016,12,17,7,3,6,7,1,0,1,0,1,0,0,0,7.27641E+20,5.50655E+21,1.2155E+16,4.96685E+16
88387,88388,9,5,72,132,2016,12,17,6,3,0,7,2,0,1,1,0,0,0,0,6.36272E+20,5.49233E+21,1.08847E+16,4.95682E+16
88388,88389,9,1,62,0,2016,12,7,3,3,2,6,2,0,0,1,0,0,0,0,6.88465E+20,5.33168E+21,1.1532E+16,4.81105E+16
88389,88390,9,5,64,0,2016,12,10,3,3,2,6,0,1,0,1,0,0,0,0,6.54886E+20,5.481E+21,1.11375E+16,4.94619E+16
88390,88391,9,2,75,114,2016,12,11,5,3,2,6,0,0,0,1,0,0,0,0,7.99255E+20,5.38985E+21,1.30586E+16,4.85902E+16
88391,88392,9,3,76,112,2016,12,23,6,3,1,5,2,1,0,1,0,0,1,0,7.37731E+20,5.47774E+21,1.22772E+16,4.94059E+16
88392,88393,9,5,71,135,2016,12,10,1,3,5,3,0,0,0,1,0,0,0,0,6.21174E+20,5.47377E+21,1.06703E+16,4.94046E+16
88393,88394,9,2,72,120,2016,12,11,6,3,4,1,0,2,0,1,0,0,1,0,8.25431E+20,5.42235E+21,1.34382E+16,4.88686E+16
88394,88395,9,1,86,158,2016,12,20,3,3,5,3,2,1,0,1,0,0,0,0,6.91031E+20,5.40176E+21,1.15984E+16,4.87396E+16
88395,88396,9,1,86,162,2016,12,17,2,3,2,6,2,2,0,1,0,0,0,0,6.94083E+20,5.38561E+21,1.16323E+16,4.85935E+16
88396,88397,9,1,62,0,2016,12,10,6,3,2,6,0,0,0,1,0,0,1,0,6.92152E+20,5.34238E+21,1.15863E+16,4.82055E+16
88397,88398,9,3,77,146,2016,12,13,7,3,2,2,0,0,0,1,0,0,0,0,7.34603E+20,5.51796E+21,1.22582E+16,4.97682E+16
88398,88399,9,7,61,0,2016,12,14,5,3,1,6,0,1,0,1,0,0,0,0,6.43447E+20,5.35759E+21,1.09364E+16,4.83552E+16
88399,88400,9,7,61,0,2016,12,17,4,2,6,4,2,1,0,1,1,0,0,0,6.41447E+20,5.35448E+21,1.09083E+16,4.83276E+16
88400,88401,9,2,63,0,2016,12,17,2,3,7,5,2,1,0,1,0,1,0,0,7.62591E+20,5.4205E+21,1.2582E+16,4.88818E+16
88401,88402,9,1,74,115,2016,12,18,6,3,5,3,2,1,1,1,0,0,0,0,6.83369E+20,5.34771E+21,1.14705E+16,4.82561E+16
88402,88403,9,4,74,121,2016,12,9,5,3,2,6,0,0,0,1,0,0,0,0,6.56814E+20,5.51611E+21,1.11781E+16,4.97769E+16
88403,88404,9,2,76,144,2016,12,7,4,2,9,1,0,1,0,1,0,0,0,0,7.83708E+20,5.44809E+21,1.28886E+16,4.91201E+16
88404,88405,9,2,62,0,2016,12,6,5,3,4,6,1,0,0,1,0,0,0,0,8.29877E+20,5.39109E+21,1.34737E+16,4.85858E+16
88405,88406,9,5,62,0,2016,12,7,6,3,2,7,1,1,0,1,0,0,0,0,6.46871E+20,5.49231E+21,1.10312E+16,4.95655E+16
88406,88407,9,7,62,0,2016,12,13,3,3,0,1,0,0,1,0,0,0,0,0,6.2133E+20,5.30445E+21,1.06228E+16,4.78819E+16
88407,88408,9,2,78,141,2016,12,18,3,2,5,2,2,1,0,1,0,0,0,0,7.59777E+20,5.4275E+21,1.25481E+16,4.89458E+16
88408,88409,9,1,62,0,2016,12,8,6,3,3,2,0,1,1,0,0,0,0,1,6.92124E+20,5.33991E+21,1.15848E+16,4.81834E+16
88409,88410,9,3,77,129,2016,12,15,7,3,0,7,0,1,0,1,0,0,0,0,7.0688E+20,5.52706E+21,1.18785E+16,4.98602E+16
88410,88411,9,1,77,113,2016,12,17,5,3,2,6,2,1,0,1,0,0,0,0,7.21572E+20,5.3529E+21,1.19873E+16,4.82905E+16
88411,88412,9,2,72,151,2016,12,16,5,3,5,3,1,1,0,1,0,1,0,0,8.37707E+20,5.4067E+21,1.35922E+16,4.87217E+16
88412,88413,9,4,73,144,2016,12,20,1,3,8,1,2,0,0,1,0,0,0,0,6.33368E+20,5.57417E+21,1.08729E+16,5.03046E+16
88413,88414,9,2,71,116,2016,12,14,2,2,2,6,0,1,0,1,0,0,0,0,7.87681E+20,5.42238E+21,1.29247E+16,4.88875E+16
88414,88415,9,1,75,133,2016,12,22,6,3,9,1,2,1,0,1,0,0,0,0,7.0801E+20,5.34237E+21,1.17995E+16,4.82004E+16
88415,88416,9,3,72,144,2016,12,21,3,2,8,1,2,1,0,1,0,0,0,0,7.93989E+20,5.46152E+21,1.3039E+16,4.92358E+16
88416,88417,9,1,84,119,2016,12,10,6,2,5,3,0,0,0,1,0,0,0,0,6.94452E+20,5.34742E+21,1.16195E+16,4.82501E+16
88417,88418,9,2,61,0,2016,12,16,5,3,3,2,1,0,1,1,0,0,0,0,7.32133E+20,5.3807E+21,1.21448E+16,4.85365E+16
88418,88419,9,3,75,179,2016,12,6,7,3,8,1,2,1,0,1,0,0,0,0,7.30623E+20,5.42827E+21,1.2151E+16,4.89643E+16
88419,88420,9,1,62,0,2016,12,5,5,3,9,1,2,0,0,1,0,0,0,0,6.96687E+20,5.34302E+21,1.16476E+16,4.82099E+16
88420,88421,9,7,74,150,2016,12,9,3,3,5,3,0,0,0,1,0,0,0,0,6.0197E+20,5.34435E+21,1.03735E+16,4.82442E+16
88421,88422,9,5,61,0,2016,12,16,3,3,5,3,2,1,0,1,0,0,0,1,6.1417E+20,5.46272E+21,1.05706E+16,4.93065E+16
88422,88423,9,2,61,0,2016,12,14,5,3,2,6,0,0,0,1,0,0,0,0,7.32381E+20,5.37999E+21,1.21478E+16,4.85299E+16
88423,88424,9,2,71,119,2016,12,12,6,3,0,6,0,1,0,1,0,0,0,0,7.90329E+20,5.4152E+21,1.29557E+16,4.88218E+16
88424,88425,9,4,72,127,2016,12,11,1,2,2,6,0,1,0,1,0,0,0,0,6.815E+20,5.5275E+21,1.1526E+16,4.98723E+16
88425,88426,9,1,79,142,2016,12,15,2,3,1,6,0,0,1,1,0,0,0,0,6.73165E+20,5.34145E+21,1.13306E+16,4.82027E+16
88426,88427,9,1,62,0,2016,12,13,6,3,6,4,0,0,0,1,1,0,0,0,6.87661E+20,5.33341E+21,1.1522E+16,4.81262E+16
88427,88428,9,6,73,146,2016,12,13,5,3,4,1,0,1,0,1,0,0,0,0,5.81407E+20,5.57247E+21,1.0143E+16,5.02987E+16
88428,88429,9,5,62,0,2016,12,18,4,3,3,6,2,0,0,1,0,0,1,0,6.43836E+20,5.49314E+21,1.09895E+16,4.95737E+16
88429,88430,9,2,71,148,2016,12,7,2,3,5,3,1,0,0,1,0,0,0,0,7.98221E+20,5.41813E+21,1.30651E+16,4.88444E+16
88430,88431,9,1,78,136,2016,12,7,6,2,0,1,0,1,0,1,0,0,0,0,6.96971E+20,5.37472E+21,1.16662E+16,4.84947E+16
88431,88432,9,7,61,0,2016,12,21,7,3,5,3,2,0,0,1,0,0,0,0,6.38641E+20,5.35496E+21,1.08707E+16,4.83326E+16
88432,88433,9,3,76,150,2016,12,17,5,3,1,7,2,0,0,1,0,0,0,0,7.2778E+20,5.49179E+21,1.21483E+16,4.95359E+16
88433,88434,9,2,77,148,2016,12,20,4,3,4,6,2,0,0,1,0,0,0,0,7.8766E+20,5.36102E+21,1.28819E+16,4.83368E+16
88434,88435,9,1,73,147,2016,12,16,4,3,5,3,1,0,1,1,0,0,0,0,6.82454E+20,5.30957E+21,1.14419E+16,4.79134E+16
88435,88436,9,2,79,122,2016,12,12,5,3,4,2,0,0,0,1,0,0,0,0,7.71272E+20,5.39733E+21,1.26849E+16,4.867E+16
88436,88437,9,5,76,147,2016,12,21,6,3,8,1,2,1,0,1,0,0,0,0,6.39526E+20,5.44721E+21,1.09139E+16,4.91618E+16
88437,88438,9,7,71,130,2016,12,11,3,3,1,6,0,1,0,1,0,0,0,0,6.47269E+20,5.35727E+21,1.09878E+16,4.83514E+16
88438,88439,9,5,75,117,2016,11,12,4,3,4,7,0,0,0,1,0,0,0,0,6.23361E+20,5.49975E+21,1.07085E+16,4.96377E+16
88439,88440,9,2,74,146,2016,12,15,3,3,1,6,0,1,0,1,0,0,0,0,7.33468E+20,5.37642E+21,1.21605E+16,4.84975E+16
88440,88441,9,3,73,126,2016,12,6,7,2,9,1,2,2,0,1,0,0,0,0,6.69407E+20,5.45335E+21,1.1326E+16,4.92095E+16
88441,88442,9,1,84,141,2016,12,18,4,3,5,3,2,0,1,1,0,0,0,0,6.98059E+20,5.31632E+21,1.16536E+16,4.79695E+16
88442,88443,9,2,79,122,2016,12,17,5,3,4,3,2,1,0,1,0,0,1,0,7.71722E+20,5.39978E+21,1.26926E+16,4.86918E+16
88443,88444,9,1,74,143,2016,12,8,3,3,5,3,0,0,1,1,0,0,0,0,6.74383E+20,5.35289E+21,1.13517E+16,4.83051E+16
88444,88445,9,2,71,125,2016,12,15,2,2,8,1,1,1,0,1,0,0,0,0,8.02457E+20,5.40708E+21,1.31145E+16,4.87432E+16
88445,88446,9,1,75,122,2016,12,16,6,3,8,1,2,1,0,1,0,0,0,0,7.19768E+20,5.32727E+21,1.19497E+16,4.80609E+16
88446,88447,9,1,81,130,2016,12,11,2,3,2,2,0,0,0,1,0,0,0,0,6.42578E+20,5.32163E+21,1.09126E+16,4.8032E+16
88447,88448,9,5,64,0,2016,12,7,2,3,6,4,1,1,0,1,1,0,0,0,6.45806E+20,5.47654E+21,1.10106E+16,4.94241E+16
88448,88449,9,7,71,142,2016,12,17,2,3,5,3,2,1,0,1,0,0,0,0,6.45777E+20,5.35087E+21,1.09655E+16,4.82942E+16
88449,88450,9,5,74,152,2016,12,16,5,3,3,6,2,0,0,1,0,0,1,0,6.63071E+20,5.48167E+21,1.12506E+16,4.94658E+16
88450,88451,9,5,77,161,2016,12,8,4,3,5,3,0,0,0,1,0,0,0,0,6.46583E+20,5.44413E+21,1.10095E+16,4.91325E+16
88451,88452,9,1,75,122,2016,12,14,6,2,5,3,0,1,1,1,0,0,0,0,7.21173E+20,5.32533E+21,1.19676E+16,4.80429E+16
88452,88453,9,7,72,209,2016,12,11,7,3,5,3,0,0,0,1,0,0,0,0,6.3628E+20,5.33713E+21,1.08331E+16,4.81728E+16
88453,88454,9,2,74,126,2016,12,15,5,3,3,2,0,0,1,0,0,0,1,0,7.33264E+20,5.38269E+21,1.21612E+16,4.85539E+16
88454,88455,9,7,61,0,2016,12,21,7,3,0,7,2,0,1,0,0,0,0,0,6.41041E+20,5.36057E+21,1.09049E+16,4.83825E+16
88455,88456,9,5,73,114,2016,12,16,2,2,5,3,1,1,0,1,0,0,0,0,6.38409E+20,5.48068E+21,1.09101E+16,4.9463E+16
88456,88457,9,7,61,0,2016,12,15,2,3,2,6,1,1,0,1,0,0,0,0,6.37408E+20,5.35947E+21,1.08555E+16,4.83734E+16
88457,88458,9,5,62,0,2016,12,16,5,3,1,6,2,0,0,1,0,0,0,0,6.44962E+20,5.4912E+21,1.10044E+16,4.9556E+16
88458,88459,9,5,76,127,2016,12,7,4,3,5,2,1,0,0,1,0,0,0,0,6.64358E+20,5.44785E+21,1.12545E+16,4.91614E+16
88459,88460,9,1,77,139,2016,12,19,6,3,6,4,2,1,0,1,1,0,0,0,7.31488E+20,5.35932E+21,1.21243E+16,4.83446E+16
88460,88461,9,6,79,143,2016,12,11,7,3,2,6,0,0,0,1,0,0,0,0,5.71719E+20,5.52898E+21,9.99885E+15,4.99089E+16
88461,88462,9,2,78,116,2016,12,15,5,3,4,6,0,1,0,1,0,0,0,0,7.65919E+20,5.431E+21,1.26341E+16,4.89746E+16
88462,88463,9,2,61,0,2016,12,13,4,2,3,3,0,1,0,1,0,0,0,0,7.26674E+20,5.38009E+21,1.20706E+16,4.85329E+16
88463,88464,9,6,79,175,2016,12,16,7,3,1,6,2,0,0,1,0,0,0,0,5.69587E+20,5.51294E+21,9.96627E+15,4.97649E+16
88464,88465,9,1,71,127,2016,12,21,4,3,8,7,2,1,0,1,0,0,0,0,7.65085E+20,5.35943E+21,1.25769E+16,4.83324E+16
88465,88466,9,2,73,116,2016,12,15,5,3,5,3,0,0,1,1,0,0,0,0,7.23208E+20,5.4253E+21,1.20482E+16,4.89403E+16
88466,88467,9,5,64,0,2016,12,21,6,3,2,6,2,1,0,1,0,0,0,0,6.49537E+20,5.48221E+21,1.10642E+16,4.94741E+16
88467,88468,9,1,61,0,2016,12,17,4,3,2,6,2,0,0,1,0,0,0,0,6.78923E+20,5.40221E+21,1.1434E+16,4.87472E+16
88468,88469,9,6,75,113,2016,12,7,3,3,3,6,1,0,0,1,0,0,1,0,5.77092E+20,5.51357E+21,1.00706E+16,4.97697E+16
88469,88470,9,5,75,153,2016,11,10,4,3,4,2,0,0,1,1,0,0,0,0,6.1605E+20,5.49299E+21,1.06053E+16,4.95784E+16
88470,88471,9,1,73,120,2016,12,13,3,3,4,7,0,0,0,1,0,0,0,1,6.85092E+20,5.31146E+21,1.1478E+16,4.79297E+16
88471,88472,9,1,84,149,2016,12,16,6,3,6,2,2,1,0,1,1,0,0,0,6.90234E+20,5.3504E+21,1.15641E+16,4.82782E+16
88472,88473,9,3,73,146,2016,12,17,7,2,6,4,2,1,0,1,1,0,0,0,6.78316E+20,5.45005E+21,1.14467E+16,4.91773E+16
88473,88474,9,7,75,135,2016,12,7,4,3,2,6,0,0,0,1,0,0,0,0,5.73815E+20,5.35791E+21,9.99669E+15,4.837E+16
88474,88475,9,1,80,127,2016,12,14,5,2,8,1,0,0,0,1,0,0,0,0,6.65792E+20,5.27786E+21,1.1207E+16,4.76329E+16
88475,88476,9,1,75,132,2016,12,4,3,3,5,3,2,0,0,1,0,0,0,0,7.0611E+20,5.33294E+21,1.17694E+16,4.81163E+16
88476,88477,9,4,74,123,2016,12,1,1,2,9,1,2,2,0,1,0,0,0,0,6.4732E+20,5.51523E+21,1.1046E+16,4.97715E+16
88477,88478,9,2,62,0,2016,12,11,2,3,3,6,0,0,0,1,0,0,1,0,8.29978E+20,5.39015E+21,1.34743E+16,4.85774E+16
88478,88479,9,1,62,0,2016,12,15,5,3,1,6,0,0,0,1,0,0,0,0,6.88906E+20,5.34012E+21,1.15417E+16,4.81862E+16
88479,88480,9,1,81,130,2016,12,7,2,3,5,3,0,0,1,1,0,0,0,0,6.38571E+20,5.32324E+21,1.08594E+16,4.80474E+16
88480,88481,9,5,73,115,2016,12,12,2,3,8,1,0,1,0,1,0,0,0,0,6.29178E+20,5.47308E+21,1.07803E+16,4.93967E+16
88481,88482,9,7,61,0,2016,12,18,2,3,2,6,2,1,0,1,0,0,0,0,6.41092E+20,5.35675E+21,1.09043E+16,4.83482E+16
88482,88483,9,5,64,0,2016,12,10,5,3,2,6,0,0,0,1,0,0,0,0,6.53273E+20,5.47544E+21,1.11131E+16,4.94123E+16
88483,88484,9,4,73,175,2016,12,6,4,3,0,6,2,0,1,0,1,0,0,0,6.36476E+20,5.56957E+21,1.09148E+16,5.02625E+16
88484,88485,9,1,84,112,2016,12,8,5,3,3,6,0,0,0,1,0,0,0,0,7.01995E+20,5.33883E+21,1.1717E+16,4.81706E+16
88485,88486,9,1,90,126,2016,12,8,5,3,2,6,0,0,0,1,0,0,0,0,6.7165E+20,5.28875E+21,1.12892E+16,4.77293E+16
88486,88487,9,6,63,0,2016,12,4,7,3,7,7,2,0,0,1,0,0,0,0,5.6791E+20,5.51392E+21,9.94317E+15,4.97739E+16
88487,88488,9,1,80,117,2016,12,19,5,3,6,2,2,0,0,1,1,0,0,0,6.58602E+20,5.26221E+21,1.11057E+16,4.7494E+16
88488,88489,9,3,72,130,2016,12,10,7,3,4,1,0,0,0,1,0,0,0,0,7.81852E+20,5.4555E+21,1.28684E+16,4.91875E+16
88489,88490,9,1,77,115,2016,12,11,4,2,9,1,0,0,0,1,0,0,0,0,7.31343E+20,5.35463E+21,1.21198E+16,4.83025E+16
88490,88491,9,5,63,0,2016,12,7,3,3,2,6,0,1,0,1,0,0,0,0,6.44075E+20,5.48035E+21,1.09882E+16,4.94587E+16
88491,88492,9,1,83,113,2016,12,17,5,2,2,6,2,0,0,1,0,0,0,0,7.46265E+20,5.34413E+21,1.23145E+16,4.82026E+16
88492,88493,9,3,73,153,2016,12,22,6,3,9,1,2,2,0,1,0,0,0,0,6.81757E+20,5.46518E+21,1.15008E+16,4.93123E+16
88493,88494,9,4,74,126,2016,12,10,3,3,0,1,0,2,1,0,0,0,0,0,6.46802E+20,5.5076E+21,1.10359E+16,4.9703E+16
88494,88495,9,4,71,165,2016,12,9,1,3,8,1,0,1,0,1,0,0,0,0,6.2627E+20,5.5342E+21,1.076E+16,4.99468E+16
88495,88496,9,2,75,127,2016,12,12,6,3,8,7,0,0,0,1,0,0,0,0,8.07906E+20,5.39885E+21,1.31823E+16,4.86667E+16
88496,88497,9,1,61,0,2016,12,16,3,3,3,6,1,0,0,1,0,1,0,0,6.78749E+20,5.40483E+21,1.14328E+16,4.87708E+16
88497,88498,9,1,81,120,2016,12,18,2,2,5,3,2,0,0,1,0,0,0,1,6.50648E+20,5.31998E+21,1.10202E+16,4.80154E+16
88498,88499,9,7,78,180,2016,12,22,6,2,2,6,2,0,0,1,0,0,0,0,6.06205E+20,5.32101E+21,1.04247E+16,4.80335E+16
88499,88500,9,1,87,130,2016,12,15,4,3,5,3,0,0,1,1,0,0,0,0,7.12366E+20,5.31016E+21,1.1842E+16,4.79096E+16
88500,88501,9,1,83,148,2016,12,22,5,2,5,3,2,0,0,1,0,0,0,0,7.52422E+20,5.34558E+21,1.23981E+16,4.82132E+16
88501,88502,9,5,64,0,2016,12,12,6,3,2,6,0,1,0,1,0,0,0,0,6.53518E+20,5.48126E+21,1.11187E+16,4.94645E+16
88502,88503,9,1,62,0,2016,12,0,4,3,3,1,2,1,0,1,0,0,1,0,6.94546E+20,5.3418E+21,1.16182E+16,4.81996E+16
88503,88504,9,6,75,139,2016,12,12,3,3,3,2,0,0,0,1,0,0,0,1,5.90751E+20,5.50573E+21,1.02584E+16,4.96972E+16
88504,88505,9,5,71,175,2016,11,15,4,3,5,3,0,0,0,1,0,0,1,0,6.24616E+20,5.45998E+21,1.07134E+16,4.92798E+16
88505,88506,9,1,89,149,2016,12,13,3,3,6,4,0,0,0,1,1,0,0,0,7.65808E+20,5.33124E+21,1.2569E+16,4.8079E+16
88506,88507,9,1,74,113,2016,12,18,2,2,5,3,2,1,0,1,0,0,0,0,6.78215E+20,5.35026E+21,1.14022E+16,4.82804E+16
88507,88508,9,7,78,115,2016,12,14,6,3,2,6,0,0,0,1,0,0,0,0,5.92835E+20,5.33273E+21,1.02479E+16,4.81411E+16
88508,88509,9,3,72,116,2016,12,15,7,3,2,6,0,0,0,1,0,0,0,0,7.66614E+20,5.4562E+21,1.26602E+16,4.92006E+16
88509,88510,9,7,78,123,2016,12,13,4,2,5,2,0,0,1,1,0,0,0,0,5.84648E+20,5.31705E+21,1.01348E+16,4.80011E+16
88510,88511,9,1,89,161,2016,12,18,5,3,5,3,2,0,0,1,0,0,0,0,7.69045E+20,5.30415E+21,1.25955E+16,4.78344E+16
88511,88512,9,3,74,148,2016,12,15,1,2,8,1,0,0,0,1,0,0,0,0,7.07635E+20,5.5187E+21,1.18846E+16,4.97848E+16
88512,88513,9,2,72,122,2016,12,13,2,3,4,1,0,1,0,0,0,0,0,1,8.5018E+20,5.41787E+21,1.37707E+16,4.88149E+16
88513,88514,9,7,75,139,2016,12,12,5,2,3,6,0,0,0,1,0,0,0,1,5.81372E+20,5.36853E+21,1.01008E+16,4.84646E+16
88514,88515,9,1,78,130,2016,12,7,2,3,2,6,1,2,0,1,0,0,0,0,7.02599E+20,5.35425E+21,1.17324E+16,4.8309E+16
88515,88516,9,5,73,127,2016,12,17,5,3,5,6,2,1,0,1,0,0,0,0,6.46575E+20,5.47589E+21,1.1021E+16,4.9418E+16
88516,88517,9,3,63,0,2016,12,16,4,3,2,2,2,1,0,1,0,0,0,0,7.26501E+20,5.50692E+21,1.21394E+16,4.96722E+16
88517,88518,9,5,73,127,2016,12,23,6,3,4,2,2,1,0,1,0,0,0,0,6.4658E+20,5.4759E+21,1.10211E+16,4.94181E+16
88518,88519,9,1,86,162,2016,12,15,5,3,5,3,0,0,1,1,0,0,0,0,6.92832E+20,5.38768E+21,1.16163E+16,4.86125E+16
88519,88520,9,6,79,143,2016,12,10,7,3,1,6,0,0,0,1,0,0,0,1,5.71596E+20,5.52965E+21,9.99725E+15,4.99149E+16
88520,88521,9,3,74,133,2016,12,7,3,3,4,3,0,1,0,1,0,0,0,0,7.26895E+20,5.49819E+21,1.21398E+16,4.95937E+16
88521,88522,9,7,74,185,2016,12,7,6,3,3,7,2,0,1,0,0,0,1,0,6.08888E+20,5.34863E+21,1.04677E+16,4.82815E+16
88522,88523,9,1,83,127,2016,12,17,5,3,5,3,2,0,0,1,0,0,0,0,7.55194E+20,5.34988E+21,1.2438E+16,4.82507E+16
88523,88524,9,2,63,0,2016,12,13,7,3,5,2,0,0,0,1,0,0,0,0,7.61405E+20,5.42025E+21,1.25657E+16,4.888E+16
88524,88525,9,1,79,123,2016,12,19,5,3,2,6,2,1,0,1,0,0,0,1,6.76726E+20,5.33376E+21,1.13753E+16,4.81325E+16
88525,88526,9,5,77,148,2016,12,8,6,3,9,1,0,1,0,1,0,0,0,0,6.38441E+20,5.41746E+21,1.08888E+16,4.88946E+16
88526,88527,9,1,84,122,2016,12,13,3,3,6,2,0,0,0,1,1,0,0,0,6.88011E+20,5.32377E+21,1.15224E+16,4.80395E+16
88527,88528,9,5,64,0,2016,12,6,3,3,8,1,2,1,0,0,0,1,0,0,6.49985E+20,5.47623E+21,1.10681E+16,4.94202E+16
88528,88529,9,1,89,152,2016,12,13,5,3,5,3,0,0,0,1,0,0,0,0,7.80289E+20,5.32881E+21,1.27614E+16,4.80509E+16
88529,88530,9,3,61,0,2016,12,10,6,3,3,2,0,1,1,1,0,0,0,0,7.08688E+20,5.48017E+21,1.18787E+16,4.94384E+16
88530,88531,9,2,75,128,2016,12,17,1,3,1,2,2,0,0,1,0,0,0,0,8.29747E+20,5.39831E+21,1.34776E+16,4.86508E+16
88531,88532,9,2,77,124,2016,12,15,2,2,9,1,0,0,0,1,0,0,0,0,7.81715E+20,5.37079E+21,1.28084E+16,4.84272E+16
88532,88533,9,1,74,146,2016,12,15,3,3,2,6,0,0,0,1,0,0,0,1,6.68412E+20,5.34999E+21,1.12701E+16,4.82807E+16
88533,88534,9,1,77,130,2016,12,17,2,3,5,2,2,0,0,1,0,0,0,0,7.12689E+20,5.35213E+21,1.18673E+16,4.82866E+16
88534,88535,9,7,75,162,2016,12,6,6,3,2,6,1,1,0,1,0,0,0,0,5.82391E+20,5.3484E+21,1.01106E+16,4.82834E+16
88535,88536,9,6,79,143,2016,12,10,5,3,3,6,0,1,0,1,0,0,0,0,5.72884E+20,5.52914E+21,1.00151E+16,4.99102E+16
88536,88537,9,6,78,124,2016,12,16,4,3,5,3,1,1,0,1,0,0,0,0,6.00123E+20,5.53406E+21,1.03956E+16,4.99505E+16
88537,88538,9,2,77,124,2016,12,7,2,3,4,6,1,1,0,1,0,0,0,0,7.82595E+20,5.36982E+21,1.28197E+16,4.84181E+16
88538,88539,9,7,75,164,2016,12,7,5,3,8,1,2,2,0,1,0,0,0,0,5.88214E+20,5.35285E+21,1.019E+16,4.83227E+16
88539,88540,9,6,74,130,2016,12,18,7,3,8,1,2,2,0,1,0,0,0,0,6.24511E+20,5.55052E+21,1.07408E+16,5.00939E+16
88540,88541,9,3,77,159,2016,12,5,5,3,0,6,2,0,0,1,0,0,1,0,7.3118E+20,5.53424E+21,1.22204E+16,4.99157E+16
88541,88542,9,2,71,151,2016,12,7,4,3,5,3,2,1,0,1,0,0,1,0,7.81745E+20,5.41134E+21,1.28364E+16,4.87912E+16
88542,88543,9,2,63,0,2016,12,6,7,3,8,1,2,1,0,1,0,0,0,0,7.62278E+20,5.41764E+21,1.25759E+16,4.88562E+16
88543,88544,9,7,72,121,2016,12,7,5,3,2,6,1,1,0,1,0,0,0,0,6.36637E+20,5.37418E+21,1.08499E+16,4.85058E+16
88544,88545,9,7,79,149,2016,12,19,4,3,8,1,2,1,0,1,0,0,0,0,6.37447E+20,5.39679E+21,1.08683E+16,4.8709E+16
88545,88546,9,1,71,111,2016,12,17,5,3,1,2,2,0,0,1,0,0,1,0,7.71997E+20,5.34849E+21,1.2663E+16,4.82312E+16
88546,88547,9,2,75,152,2016,12,17,1,3,5,3,2,0,0,1,0,0,0,0,8.21876E+20,5.40671E+21,1.33776E+16,4.87301E+16
88547,88548,9,2,74,120,2016,12,15,2,3,8,7,0,0,0,1,0,0,0,0,7.51037E+20,5.36551E+21,1.23914E+16,4.83927E+16
88548,88549,9,7,75,135,2016,12,15,5,3,5,3,0,0,0,1,0,0,0,0,5.79303E+20,5.35699E+21,1.00706E+16,4.83611E+16
88549,88550,9,4,75,136,2016,12,13,5,2,5,3,0,0,0,1,0,0,0,0,6.95003E+20,5.56803E+21,1.17343E+16,5.02323E+16
88550,88551,9,3,76,161,2016,12,6,4,2,8,1,2,2,0,1,0,0,0,0,7.24912E+20,5.47145E+21,1.20972E+16,4.93542E+16
88551,88552,9,1,87,129,2016,12,8,5,3,2,3,0,0,0,1,0,0,0,0,7.25696E+20,5.30073E+21,1.20153E+16,4.78203E+16