FID,OBJECTID,ULAND,UREGBEZ,UKREIS,UGEMEINDE,UJAHR,UMONAT,USTUNDE,UWOCHENTAG,UKATEGORIE,UART,UTYP1,ULICHTVERH,IstStrasse,IstRad,IstPKW,IstFuss,IstKrad,IstGkfz,IstSonstig,LINREFX,LINREFY,XGCSWGS84,YGCSWGS84
88552,88553,9,5,71,193,2016,12,22,6,3,9,1,2,1,0,1,0,0,0,0,5.84731E+20,5.47061E+21,1.01674E+16,4.93823E+16
88553,88554,9,7,75,111,2016,12,11,3,3,5,2,0,0,0,1,0,0,1,0,5.83228E+20,5.3335E+21,1.0119E+16,4.81493E+16
88554,88555,9,3,76,150,2016,12,12,3,3,5,3,0,1,0,1,0,0,0,0,7.2601E+20,5.49181E+21,1.21239E+16,4.95367E+16
88555,88556,9,7,80,123,2016,12,9,6,3,5,3,0,1,0,1,0,0,1,0,6.06888E+20,5.26656E+21,1.04204E+16,4.75436E+16
88556,88557,9,2,78,134,2016,12,14,7,3,2,2,0,0,0,1,0,0,0,1,7.69597E+20,5.4326E+21,1.26853E+16,4.89874E+16
88557,88558,9,1,78,120,2016,12,16,5,3,2,6,1,0,0,1,0,0,0,1,6.93977E+20,5.35454E+21,1.16164E+16,4.83143E+16
88558,88559,9,4,77,159,2016,12,17,3,3,2,6,2,0,0,1,0,0,0,0,6.81586E+20,5.55634E+21,1.15408E+16,5.01315E+16
88559,88560,9,1,87,126,2016,12,17,5,2,5,3,2,1,0,1,0,1,0,0,7.39049E+20,5.32465E+21,1.22067E+16,4.80304E+16
88560,88561,9,2,78,118,2016,12,6,6,3,1,6,2,1,0,1,0,0,0,0,7.6873E+20,5.42489E+21,1.26684E+16,4.89186E+16
88561,88562,9,2,72,120,2016,12,18,1,3,2,6,2,0,0,1,0,0,0,0,8.2075E+20,5.41877E+21,1.33718E+16,4.88389E+16
88562,88563,9,5,73,125,2016,12,7,2,2,6,4,1,1,0,1,1,0,0,0,6.36822E+20,5.46981E+21,1.08845E+16,4.93656E+16
88563,88564,9,6,63,0,2016,12,13,2,3,2,6,0,0,0,1,0,0,0,0,5.71039E+20,5.51652E+21,9.98709E+15,4.97969E+16
88564,88565,9,6,71,157,2016,12,8,5,3,4,2,0,1,0,1,0,0,0,1,5.28453E+20,5.52687E+21,9.39614E+15,4.98935E+16
88565,88566,9,5,72,133,2016,12,17,4,3,2,6,2,0,0,1,0,0,0,0,6.38057E+20,5.49914E+21,1.09117E+16,4.9629E+16
88566,88567,9,7,75,134,2016,12,7,5,3,9,1,0,2,0,1,0,0,0,0,5.85852E+20,5.36218E+21,1.01601E+16,4.84069E+16
88567,88568,9,6,72,135,2016,12,18,7,3,6,4,2,1,0,1,1,0,0,0,5.84777E+20,5.56719E+21,1.01891E+16,5.02508E+16
88568,88569,9,2,63,0,2016,12,17,5,3,2,6,2,1,0,1,0,0,0,0,7.61656E+20,5.41971E+21,1.25687E+16,4.8875E+16
88569,88570,9,2,72,142,2016,12,16,4,3,4,7,2,0,0,1,0,0,1,0,8.21487E+20,5.41084E+21,1.33756E+16,4.87674E+16
88570,88571,9,1,80,124,2016,12,16,4,3,2,6,2,0,0,1,0,0,0,0,6.65026E+20,5.28323E+21,1.11988E+16,4.76814E+16
88571,88572,9,1,87,122,2016,12,13,5,2,8,1,0,0,0,1,0,0,0,0,7.18223E+20,5.31241E+21,1.19215E+16,4.79278E+16
88572,88573,9,5,71,228,2016,12,17,6,3,5,2,2,1,0,1,0,0,0,0,5.90846E+20,5.45653E+21,1.02484E+16,4.92548E+16
88573,88574,9,1,86,143,2016,12,7,4,3,5,2,2,0,0,1,0,0,0,0,6.85413E+20,5.37741E+21,1.15111E+16,4.85224E+16
88574,88575,9,7,61,0,2016,12,12,3,3,5,3,0,1,0,1,0,0,0,0,6.42442E+20,5.3593E+21,1.09234E+16,4.83708E+16
88575,88576,9,5,71,165,2016,11,16,4,3,3,3,1,0,0,1,0,0,1,0,6.29174E+20,5.4659E+21,1.0778E+16,4.93322E+16
88576,88577,9,2,73,111,2016,12,17,3,3,5,3,2,1,0,1,0,0,0,0,7.08555E+20,5.41126E+21,1.18412E+16,4.88193E+16
88577,88578,9,7,62,0,2016,12,3,6,3,8,1,2,0,0,1,0,0,0,0,6.24019E+20,5.30205E+21,1.06581E+16,4.78598E+16
88578,88579,9,2,75,119,2016,12,19,7,3,4,2,2,1,0,1,0,0,0,0,8.31969E+20,5.40035E+21,1.35093E+16,4.86678E+16
88579,88580,9,7,78,151,2016,12,17,4,3,3,6,2,1,0,1,0,0,0,1,5.92938E+20,5.31805E+21,1.02461E+16,4.8009E+16
88580,88581,9,1,76,139,2016,12,19,5,3,4,6,2,0,0,1,0,0,0,0,6.83665E+20,5.411E+21,1.15024E+16,4.88248E+16
88581,88582,9,5,71,228,2016,12,5,6,2,5,3,2,1,0,1,0,0,0,0,5.92261E+20,5.45526E+21,1.02676E+16,4.92432E+16
88582,88583,9,7,79,115,2016,12,13,3,3,2,6,0,1,0,1,0,0,0,0,6.34439E+20,5.3926E+21,1.08261E+16,4.8672E+16
88583,88584,9,2,62,0,2016,12,17,3,3,5,2,2,1,0,1,0,0,0,0,8.2862E+20,5.38987E+21,1.34557E+16,4.85756E+16
88584,88585,9,7,73,182,2016,12,19,6,3,4,2,2,1,0,1,0,0,0,1,6.23308E+20,5.37938E+21,1.06711E+16,4.85554E+16
88585,88586,9,2,75,134,2016,12,1,7,3,8,6,2,1,0,1,0,0,0,1,8.26492E+20,5.37777E+21,1.34175E+16,4.84682E+16
88586,88587,9,1,75,122,2016,12,7,5,3,2,2,0,1,0,1,0,0,0,0,7.21103E+20,5.32589E+21,1.19669E+16,4.8048E+16
88587,88588,9,1,85,149,2016,12,17,5,3,5,2,2,0,0,1,0,0,0,0,6.6131E+20,5.39838E+21,1.11931E+16,4.87176E+16
88588,88589,9,2,74,134,2016,12,17,2,3,2,2,2,0,0,1,0,0,0,0,7.39638E+20,5.37526E+21,1.22432E+16,4.84847E+16
88589,88590,9,7,74,135,2016,12,7,5,3,5,3,0,0,0,1,0,0,0,0,5.9486E+20,5.37003E+21,1.02835E+16,4.84762E+16
88590,88591,9,5,75,145,2016,12,17,2,2,6,4,2,0,0,1,1,0,0,0,6.1945E+20,5.48352E+21,1.06495E+16,4.94926E+16
88591,88592,9,6,63,0,2016,12,9,2,3,3,6,0,0,0,1,0,0,1,0,5.68543E+20,5.51685E+21,9.95247E+15,4.98001E+16
88592,88593,9,5,62,0,2016,12,18,5,3,2,6,2,1,0,1,0,0,0,0,6.46383E+20,5.48956E+21,1.10234E+16,4.95409E+16
88593,88594,9,5,64,0,2016,12,8,4,3,2,6,0,1,0,1,0,0,0,0,6.49436E+20,5.47862E+21,1.10614E+16,4.94419E+16
88594,88595,9,7,63,0,2016,12,16,5,3,1,6,1,0,0,1,0,0,0,0,5.9936E+20,5.28632E+21,1.03249E+16,4.77227E+16
88595,88596,9,6,76,126,2016,12,0,7,3,9,7,2,2,0,1,0,0,0,0,5.10074E+20,5.52563E+21,9.14023E+15,4.9883E+16
88596,88597,9,2,74,174,2016,12,9,5,3,2,6,0,1,0,1,0,0,1,0,7.48096E+20,5.39246E+21,1.23677E+16,4.86359E+16
88597,88598,9,6,76,143,2016,12,9,7,3,9,1,0,1,0,1,0,0,0,0,5.29739E+20,5.50678E+21,9.41251E+15,4.97128E+16
88598,88599,9,1,63,0,2016,12,5,4,2,5,2,2,1,1,1,0,0,0,0,7.31995E+20,5.30736E+21,1.21029E+16,4.78777E+16
88599,88600,9,1,61,0,2016,12,9,5,3,2,6,0,0,0,1,0,0,0,0,6.79367E+20,5.40285E+21,1.14403E+16,4.87528E+16
88600,88601,9,5,71,224,2016,12,16,6,3,2,6,1,1,0,1,0,0,0,1,5.99922E+20,5.43264E+21,1.03672E+16,4.90385E+16
88601,88602,9,1,86,162,2016,12,17,4,3,4,2,2,0,0,1,0,0,0,0,6.93925E+20,5.38607E+21,1.16303E+16,4.85976E+16
88602,88603,9,6,79,202,2016,12,18,3,3,8,1,2,1,0,1,0,0,0,0,5.6517E+20,5.52127E+21,9.90635E+15,4.98403E+16
88603,88604,9,4,63,0,2016,11,6,4,3,3,6,1,0,0,1,0,0,0,0,6.39439E+20,5.56973E+21,1.09564E+16,5.02632E+16
88604,88605,9,1,80,117,2016,12,10,3,3,3,6,0,0,1,1,0,0,0,0,6.58308E+20,5.26256E+21,1.11019E+16,4.74972E+16
88605,88606,9,7,72,177,2016,12,20,6,2,4,2,2,1,0,1,0,1,0,0,6.36853E+20,5.37858E+21,1.08543E+16,4.85453E+16
88606,88607,9,2,75,145,2016,12,18,7,3,0,3,2,0,1,1,0,0,0,0,8.20742E+20,5.37394E+21,1.3337E+16,4.84367E+16
88607,88608,9,7,75,135,2016,12,8,4,3,2,6,0,2,0,1,0,0,0,0,5.7451E+20,5.35901E+21,1.00063E+16,4.83799E+16
88608,88609,9,1,61,0,2016,12,11,5,3,5,3,0,0,1,1,0,0,0,0,6.7488E+20,5.40543E+21,1.13804E+16,4.87773E+16
88609,88610,9,1,62,0,2016,12,18,2,3,2,6,2,0,0,1,0,0,0,0,6.99627E+20,5.33296E+21,1.16824E+16,4.81186E+16
88610,88611,9,2,61,0,2016,12,16,1,3,1,3,0,0,0,1,0,0,0,0,7.32123E+20,5.37997E+21,1.21443E+16,4.85298E+16
88611,88612,9,2,74,184,2016,12,5,2,2,2,6,2,1,0,1,0,0,0,0,7.47954E+20,5.36923E+21,1.2352E+16,4.84273E+16
88612,88613,9,7,63,0,2016,12,16,5,3,9,1,2,0,0,1,0,0,0,0,5.97873E+20,5.28727E+21,1.03053E+16,4.77314E+16
88613,88614,9,1,77,133,2016,12,16,2,2,4,6,0,0,0,1,0,0,0,1,7.13755E+20,5.35576E+21,1.18835E+16,4.83188E+16
88614,88615,9,5,75,153,2016,12,15,2,2,4,1,0,1,0,1,0,0,0,0,6.14268E+20,5.49284E+21,1.05807E+16,4.95773E+16
88615,88616,9,6,75,141,2016,12,22,2,2,4,7,2,0,0,1,0,0,0,0,5.84024E+20,5.51106E+21,1.01663E+16,4.97461E+16
88616,88617,9,5,64,0,2016,12,20,5,3,5,2,2,1,0,1,0,0,0,0,6.52606E+20,5.4808E+21,1.1106E+16,4.94607E+16
88617,88618,9,4,77,128,2016,12,3,4,3,9,1,2,0,0,1,0,0,0,0,6.74211E+20,5.5531E+21,1.14363E+16,5.01046E+16
88618,88619,9,1,86,162,2016,12,17,5,3,9,1,2,0,0,0,0,1,0,0,6.91954E+20,5.39116E+21,1.1606E+16,4.8644E+16
88619,88620,9,1,62,0,2016,12,14,2,3,2,6,1,0,0,1,0,0,0,0,6.88544E+20,5.33469E+21,1.15344E+16,4.81375E+16
88620,88621,9,2,79,127,2016,12,17,1,3,5,3,2,0,0,1,0,0,0,0,7.53424E+20,5.40245E+21,1.2446E+16,4.87235E+16
88621,88622,9,2,74,132,2016,12,7,2,3,6,4,1,0,0,1,1,0,0,0,7.22962E+20,5.38626E+21,1.20237E+16,4.85897E+16
88622,88623,9,7,62,0,2016,12,18,5,3,0,6,2,0,1,0,0,0,0,0,6.21516E+20,5.30385E+21,1.06251E+16,4.78765E+16
88623,88624,9,1,84,148,2016,12,17,1,3,5,2,2,0,1,1,0,0,0,0,6.95217E+20,5.32775E+21,1.16208E+16,4.80731E+16
88624,88625,9,5,71,166,2016,12,23,2,3,0,1,2,1,0,1,0,0,0,0,6.06109E+20,5.45781E+21,1.04585E+16,4.92639E+16
88625,88626,9,6,75,141,2016,12,16,2,3,2,6,2,1,0,1,0,0,0,0,5.81251E+20,5.51126E+21,1.01279E+16,4.97483E+16
88626,88627,9,5,72,132,2016,12,17,5,3,2,6,2,0,0,1,0,0,0,0,6.36144E+20,5.49366E+21,1.08834E+16,4.95802E+16
88627,88628,9,5,71,190,2016,12,16,4,3,2,6,2,1,0,1,0,0,0,0,6.23734E+20,5.46416E+21,1.07026E+16,4.93177E+16
88628,88629,9,7,62,0,2016,12,8,5,3,6,4,0,0,0,1,1,0,0,1,6.21507E+20,5.30391E+21,1.0625E+16,4.7877E+16
88629,88630,9,6,76,116,2016,12,10,7,3,2,7,0,0,0,1,0,0,0,0,5.18968E+20,5.50671E+21,9.2631E+15,4.97126E+16
88630,88631,9,2,79,132,2016,12,15,5,3,2,6,0,0,0,1,0,0,0,0,7.70398E+20,5.39993E+21,1.26747E+16,4.86938E+16
88631,88632,9,6,61,0,2016,12,14,7,3,5,3,0,0,0,1,0,0,0,0,5.09142E+20,5.53637E+21,9.12751E+15,4.99796E+16
88632,88633,9,1,76,126,2016,12,20,4,2,8,7,2,1,0,0,0,1,0,0,6.74292E+20,5.41055E+21,1.13746E+16,4.88235E+16
88633,88634,9,1,76,132,2016,12,14,5,3,8,7,0,0,0,1,0,0,0,0,6.70319E+20,5.41944E+21,1.13242E+16,4.89044E+16
88634,88635,9,4,75,154,2016,12,12,6,3,6,4,0,1,0,1,1,0,0,0,6.99242E+20,5.5641E+21,1.17916E+16,5.01955E+16
88635,88636,9,1,78,116,2016,12,11,4,3,5,3,0,0,0,1,0,0,0,0,7.02231E+20,5.38296E+21,1.17413E+16,4.85671E+16
88636,88637,9,6,76,112,2016,12,4,3,2,2,7,2,1,0,1,0,0,0,0,5.07299E+20,5.50185E+21,9.10116E+15,4.96691E+16
88637,88638,9,4,74,121,2016,11,17,4,3,2,6,2,0,0,1,0,0,0,0,6.57567E+20,5.51693E+21,1.11889E+16,4.97841E+16
88638,88639,9,1,62,0,2016,12,20,5,3,1,6,2,0,0,1,0,0,0,0,6.9277E+20,5.33908E+21,1.15931E+16,4.81757E+16
88639,88640,9,3,72,153,2016,12,11,6,3,4,6,0,1,0,1,0,0,0,0,7.49277E+20,5.45879E+21,1.24243E+16,4.92311E+16
88640,88641,9,1,90,138,2016,12,19,1,3,3,6,2,0,0,1,0,0,0,0,6.59137E+20,5.31089E+21,1.11306E+16,4.79315E+16
88641,88642,9,1,89,154,2016,12,7,3,3,5,3,1,2,0,1,0,0,0,1,7.68668E+20,5.31502E+21,1.25972E+16,4.79321E+16
88642,88643,9,1,84,148,2016,12,22,1,3,4,6,2,0,0,1,0,0,0,0,6.95716E+20,5.32632E+21,1.16268E+16,4.80601E+16
88643,88644,9,7,72,147,2016,12,14,6,3,2,6,0,0,0,1,0,0,0,0,6.37952E+20,5.36502E+21,1.08647E+16,4.84232E+16
88644,88645,9,2,72,145,2016,12,9,7,3,5,6,0,0,0,1,0,0,0,0,8.08819E+20,5.418E+21,1.3209E+16,4.8838E+16
88645,88646,9,7,72,147,2016,12,7,5,3,2,6,0,2,0,1,0,0,0,0,6.38486E+20,5.36411E+21,1.08716E+16,4.84149E+16
88646,88647,9,7,80,140,2016,12,11,4,3,9,1,0,2,0,1,0,0,0,0,6.03992E+20,5.28124E+21,1.03854E+16,4.76761E+16
88647,88648,9,1,75,123,2016,12,14,5,2,9,1,0,0,0,0,0,0,0,1,7.26054E+20,5.33628E+21,1.20388E+16,4.81395E+16
88648,88649,9,1,80,126,2016,12,13,1,3,6,7,0,0,0,1,1,0,0,0,6.61033E+20,5.27026E+21,1.11409E+16,4.75658E+16
88649,88650,9,2,74,128,2016,12,14,2,3,2,6,0,2,0,1,0,0,0,0,7.37179E+20,5.38922E+21,1.22179E+16,4.86111E+16
88650,88651,9,7,72,223,2016,12,16,5,3,5,3,1,0,0,1,0,0,0,0,6.18211E+20,5.36545E+21,1.05981E+16,4.84311E+16
88651,88652,9,5,61,0,2016,12,11,5,3,2,5,0,1,0,1,0,0,1,0,6.13222E+20,5.46336E+21,1.05578E+16,4.93125E+16
88652,88653,9,3,75,190,2016,12,17,4,2,4,2,2,0,0,1,0,0,0,0,7.27091E+20,5.44502E+21,1.21122E+16,4.9116E+16
88653,88654,9,1,62,0,2016,11,15,4,3,0,7,0,0,0,0,0,0,0,1,6.92062E+20,5.34155E+21,1.15847E+16,4.81981E+16
88654,88655,9,4,76,179,2016,12,12,6,3,1,2,0,1,0,1,0,0,0,0,6.6336E+20,5.59446E+21,1.13025E+16,5.04794E+16
88655,88656,9,3,75,180,2016,12,18,3,3,2,6,1,0,0,1,0,0,0,1,7.24311E+20,5.43097E+21,1.20664E+16,4.89909E+16
88656,88657,9,7,71,145,2016,12,13,6,3,3,2,0,1,0,1,0,0,0,0,6.48308E+20,5.3451E+21,1.09976E+16,4.82417E+16
88657,88658,9,1,62,0,2016,11,9,4,3,1,6,0,0,0,1,0,0,0,0,6.84296E+20,5.32917E+21,1.1475E+16,4.80891E+16
88658,88659,9,2,74,111,2016,12,11,7,3,5,3,0,0,0,1,0,0,0,0,7.38221E+20,5.38119E+21,1.22274E+16,4.85385E+16
88659,88660,9,1,74,131,2016,12,17,5,3,2,6,2,1,0,1,0,0,0,0,6.76698E+20,5.35758E+21,1.13848E+16,4.83467E+16
88660,88661,9,4,76,145,2016,12,17,6,3,5,3,2,1,1,1,0,0,0,0,6.64153E+20,5.57175E+21,1.13038E+16,5.0275E+16
88661,88662,9,7,77,121,2016,12,13,3,3,2,6,0,0,0,1,0,0,0,0,6.30076E+20,5.32168E+21,1.0745E+16,4.80351E+16
88662,88663,9,5,75,155,2016,12,9,3,3,5,3,0,1,0,1,0,0,0,0,5.83904E+20,5.49397E+21,1.0161E+16,4.95925E+16
88663,88664,9,1,84,147,2016,11,11,4,3,5,3,0,0,0,1,0,0,0,1,6.95686E+20,5.33997E+21,1.16327E+16,4.81828E+16
88664,88665,9,1,86,149,2016,12,6,5,3,2,6,2,1,0,1,0,0,0,0,6.87503E+20,5.38718E+21,1.15438E+16,4.86096E+16
88665,88666,9,5,72,164,2016,12,18,7,3,3,6,2,1,1,1,0,0,0,0,6.32467E+20,5.49862E+21,1.08342E+16,4.96256E+16
88666,88667,9,7,78,219,2016,11,5,4,2,9,6,2,0,0,1,0,0,1,0,5.90938E+20,5.30847E+21,1.02173E+16,4.79231E+16
88667,88668,9,2,74,153,2016,12,18,7,3,8,1,2,0,0,1,0,0,0,0,7.34701E+20,5.40118E+21,1.21911E+16,4.87195E+16
88668,88669,9,4,73,120,2016,12,7,6,3,4,6,0,1,0,1,0,0,0,0,6.42087E+20,5.57173E+21,1.09943E+16,5.02805E+16
88669,88670,9,1,62,0,2016,12,18,3,3,2,6,2,0,0,1,0,0,0,0,7.0107E+20,5.3324E+21,1.17015E+16,4.81131E+16
88670,88671,9,5,64,0,2016,12,17,3,3,2,6,2,0,0,1,0,0,0,1,6.48834E+20,5.47728E+21,1.10526E+16,4.94299E+16
88671,88672,9,4,74,121,2016,11,17,4,3,5,3,2,0,0,1,0,0,0,0,6.58272E+20,5.51826E+21,1.11992E+16,4.9796E+16
88672,88673,9,7,78,187,2016,11,12,4,2,0,1,0,1,0,0,0,1,0,0,6.06244E+20,5.33258E+21,1.04281E+16,4.81376E+16
88673,88674,9,3,76,147,2016,12,7,6,2,5,3,0,1,0,1,0,0,0,0,7.42095E+20,5.47057E+21,1.23329E+16,4.93398E+16
88674,88675,9,1,89,145,2016,12,18,1,3,6,4,2,0,0,1,1,0,0,0,7.726E+20,5.30027E+21,1.26404E+16,4.7798E+16
88675,88676,9,2,62,0,2016,12,14,6,3,3,6,0,0,0,1,0,0,1,0,8.28147E+20,5.39E+21,1.34494E+16,4.8577E+16
88676,88677,9,1,85,149,2016,12,22,3,3,9,1,2,2,0,1,0,0,0,0,6.60245E+20,5.39772E+21,1.11784E+16,4.87119E+16
88677,88678,9,7,62,0,2016,12,4,1,2,3,6,2,1,1,1,0,0,0,0,6.21491E+20,5.30437E+21,1.0625E+16,4.78812E+16
88678,88679,9,6,79,205,2016,12,19,6,3,9,6,2,1,0,1,0,0,1,0,5.54744E+20,5.51336E+21,9.76025E+15,4.97703E+16
88679,88680,9,2,74,126,2016,12,15,7,3,2,6,0,0,0,1,0,0,0,0,7.32832E+20,5.38309E+21,1.21556E+16,4.85577E+16
88680,88681,9,7,71,130,2016,12,17,5,3,2,6,0,0,0,1,0,0,0,0,6.4699E+20,5.35775E+21,1.09842E+16,4.83558E+16
88681,88682,9,7,71,145,2016,12,5,4,3,4,3,2,1,0,1,0,0,0,0,6.47504E+20,5.3463E+21,1.09872E+16,4.82527E+16
88682,88683,9,2,73,141,2016,12,10,2,3,5,3,0,1,0,1,0,0,0,0,7.23649E+20,5.41308E+21,1.20476E+16,4.88304E+16
88683,88684,9,7,71,122,2016,12,10,5,3,4,2,0,0,0,1,0,0,0,0,6.52572E+20,5.36335E+21,1.10616E+16,4.84048E+16
88684,88685,9,4,72,190,2016,12,7,5,2,9,6,1,1,0,1,0,0,0,0,7.01535E+20,5.52867E+21,1.18051E+16,4.98764E+16
88685,88686,9,2,76,144,2016,12,21,4,3,5,3,2,1,0,1,0,0,0,0,7.82998E+20,5.44331E+21,1.28756E+16,4.90775E+16
88686,88687,9,7,78,134,2016,11,20,4,2,9,1,2,1,0,1,0,0,0,0,6.10862E+20,5.34093E+21,1.04923E+16,4.82119E+16
88687,88688,9,4,73,134,2016,12,21,6,3,4,2,2,1,0,1,0,0,0,0,6.45759E+20,5.56533E+21,1.10433E+16,5.02222E+16
88688,88689,9,7,80,137,2016,12,7,3,3,3,1,0,2,0,1,0,0,1,0,5.93959E+20,5.26974E+21,1.02493E+16,4.75743E+16
88689,88690,9,2,78,123,2016,12,17,3,3,2,1,2,0,0,1,0,1,0,0,7.49097E+20,5.41365E+21,1.23941E+16,4.88259E+16
88690,88691,9,6,79,180,2016,12,13,6,2,8,1,0,1,0,1,0,0,0,0,5.69459E+20,5.52913E+21,9.9674E+15,4.99105E+16
88691,88692,9,2,73,111,2016,12,16,7,3,2,5,1,0,0,1,0,0,0,0,7.10149E+20,5.41032E+21,1.18624E+16,4.88103E+16
88692,88693,9,1,77,144,2016,12,17,5,3,5,3,2,1,1,1,0,0,0,0,7.18055E+20,5.34749E+21,1.19371E+16,4.82431E+16
88693,88694,9,7,78,186,2016,11,12,4,3,9,1,0,2,0,1,0,0,0,0,6.00615E+20,5.30755E+21,1.03466E+16,4.79134E+16
88694,88695,9,2,75,154,2016,12,14,6,3,5,3,0,0,0,1,0,0,0,0,8.0245E+20,5.39816E+21,1.31079E+16,4.86632E+16
88695,88696,9,1,89,135,2016,12,13,1,2,5,3,0,0,0,1,0,0,0,0,7.82156E+20,5.3117E+21,1.27752E+16,4.78965E+16
88696,88697,9,7,61,0,2016,12,16,5,3,3,6,2,1,0,1,0,1,0,0,6.42112E+20,5.36345E+21,1.09203E+16,4.84082E+16
88697,88698,9,4,75,145,2016,12,7,2,3,2,6,1,0,0,1,0,0,0,0,6.99616E+20,5.57652E+21,1.18034E+16,5.0307E+16
88698,88699,9,6,72,131,2016,12,5,2,2,2,6,2,1,0,1,0,0,0,0,5.86284E+20,5.56076E+21,1.02088E+16,5.01927E+16
88699,88700,9,6,76,124,2016,12,12,5,3,2,7,0,1,0,1,0,0,1,0,5.32937E+20,5.51361E+21,9.45744E+15,4.97741E+16
88700,88701,9,5,76,151,2016,12,17,4,2,1,2,2,0,0,1,0,0,0,0,6.56475E+20,5.47004E+21,1.11551E+16,4.9363E+16
88701,88702,9,6,63,0,2016,12,20,5,3,5,3,2,0,1,1,0,0,0,0,5.67844E+20,5.5166E+21,9.94271E+15,4.9798E+16
88702,88703,9,2,76,129,2016,12,6,6,3,8,1,2,2,0,1,0,0,0,0,8.03828E+20,5.43759E+21,1.31558E+16,4.90163E+16
88703,88704,9,1,71,111,2016,12,18,1,3,2,6,2,0,0,1,0,0,0,0,7.74054E+20,5.34866E+21,1.26907E+16,4.82319E+16
88704,88705,9,7,79,181,2016,12,13,1,3,8,1,0,0,0,1,0,0,0,0,6.35207E+20,5.38916E+21,1.08354E+16,4.86408E+16
88705,88706,9,6,72,113,2016,12,18,6,3,3,6,2,1,0,1,0,0,1,0,5.57404E+20,5.57484E+21,9.80641E+15,5.03229E+16
88706,88707,9,6,75,117,2016,12,19,5,2,5,3,2,0,0,1,0,0,0,0,5.85639E+20,5.5174E+21,1.01901E+16,4.9803E+16
88707,88708,9,6,71,143,2016,12,22,4,3,9,1,2,1,0,1,0,0,0,0,5.15272E+20,5.54506E+21,9.21335E+15,5.00577E+16
88708,88709,9,1,90,141,2016,12,12,2,3,0,7,0,0,1,0,0,0,0,0,6.78467E+20,5.29192E+21,1.13813E+16,4.77559E+16
88709,88710,9,6,77,155,2016,12,7,5,3,4,6,2,0,0,1,0,0,0,0,5.44542E+20,5.53917E+21,9.62155E+15,5.00032E+16
88710,88711,9,5,72,137,2016,12,0,7,3,9,1,2,2,0,1,0,0,0,0,6.56109E+20,5.49166E+21,1.11586E+16,4.95574E+16
88711,88712,9,3,75,208,2016,12,16,5,3,0,3,2,1,0,1,0,0,0,1,7.32201E+20,5.44013E+21,1.21793E+16,4.90702E+16
88712,88713,9,2,71,132,2016,12,17,4,3,4,6,2,0,0,1,0,0,0,0,7.86815E+20,5.41777E+21,1.29097E+16,4.88466E+16
88713,88714,9,7,78,115,2016,11,21,4,2,8,1,2,0,0,1,0,0,0,0,5.94953E+20,5.33352E+21,1.02766E+16,4.81479E+16
88714,88715,9,4,77,128,2016,12,11,6,3,8,1,0,1,0,1,0,0,0,0,6.70259E+20,5.56062E+21,1.13844E+16,5.01733E+16
88715,88716,9,7,72,167,2016,12,10,3,3,7,1,0,0,0,1,0,0,0,0,6.24078E+20,5.358E+21,1.06751E+16,4.83629E+16
88716,88717,9,2,73,116,2016,12,7,3,3,9,1,0,1,0,1,0,0,0,0,7.25397E+20,5.41979E+21,1.20751E+16,4.889E+16
88717,88718,9,6,62,0,2016,12,17,6,3,2,6,2,0,0,1,0,0,0,0,5.88627E+20,5.54208E+21,1.02373E+16,5.00245E+16
88718,88719,9,1,90,138,2016,12,10,7,2,2,2,0,0,0,1,0,1,0,0,6.61214E+20,5.30989E+21,1.1158E+16,4.7922E+16
88719,88720,9,1,77,121,2016,12,11,5,3,2,6,0,0,0,1,0,0,0,1,7.31703E+20,5.36509E+21,1.21304E+16,4.83963E+16
88720,88721,9,7,78,204,2016,11,11,4,3,8,1,0,2,0,1,0,0,0,0,6.18266E+20,5.3287E+21,1.05885E+16,4.81006E+16
88721,88722,9,1,80,123,2016,12,19,2,3,4,1,2,1,0,1,0,0,0,0,6.69258E+20,5.26097E+21,1.12466E+16,4.74802E+16
88722,88723,9,6,75,141,2016,12,8,5,3,5,3,0,0,0,1,0,0,0,0,5.83141E+20,5.50996E+21,1.01538E+16,4.97364E+16
88723,88724,9,7,79,167,2016,12,16,1,2,0,1,0,1,1,0,0,0,0,0,6.26144E+20,5.41021E+21,1.07189E+16,4.8832E+16
88724,88725,9,4,75,142,2016,12,15,2,3,2,6,0,1,0,1,0,0,0,0,7.00806E+20,5.57531E+21,1.18195E+16,5.02957E+16
88725,88726,9,6,74,187,2016,12,7,2,3,8,1,1,0,0,1,0,0,0,0,6.13129E+20,5.52739E+21,1.05749E+16,4.98882E+16
88726,88727,9,5,74,164,2016,12,15,5,2,2,6,0,0,0,1,0,0,1,0,6.64774E+20,5.4778E+21,1.12725E+16,4.94305E+16
88727,88728,9,5,73,134,2016,12,18,4,3,3,6,2,1,0,1,0,1,0,0,6.40511E+20,5.47795E+21,1.09382E+16,4.94379E+16
88728,88729,9,6,75,141,2016,12,17,5,3,2,2,2,0,0,1,0,0,0,0,5.8567E+20,5.51117E+21,1.01892E+16,4.97469E+16
88729,88730,9,5,72,121,2016,12,17,7,3,6,6,2,1,1,0,1,0,0,0,6.56687E+20,5.49308E+21,1.11671E+16,4.957E+16
88730,88731,9,2,74,127,2016,12,17,5,3,5,3,2,1,1,1,0,0,0,0,7.35978E+20,5.39727E+21,1.22062E+16,4.86838E+16