FID,OBJECTID,ULAND,UREGBEZ,UKREIS,UGEMEINDE,UJAHR,UMONAT,USTUNDE,UWOCHENTAG,UKATEGORIE,UART,UTYP1,ULICHTVERH,IstStrasse,IstRad,IstPKW,IstFuss,IstKrad,IstGkfz,IstSonstig,LINREFX,LINREFY,XGCSWGS84,YGCSWGS84
88731,88732,9,5,63,0,2016,12,14,7,2,6,4,0,0,0,1,1,0,0,0,6.44462E+20,5.48184E+21,1.0994E+16,4.9472E+16
88732,88733,9,1,82,133,2016,12,9,4,3,5,3,0,0,0,1,0,0,0,1,7.08248E+20,5.3059E+21,1.1785E+16,4.78726E+16
88733,88734,9,7,77,154,2016,11,13,4,3,8,1,0,2,0,1,0,0,0,0,6.07922E+20,5.30061E+21,1.04426E+16,4.78498E+16
88734,88735,9,4,71,185,2016,12,6,6,3,9,6,2,1,0,1,0,0,0,0,6.47632E+20,5.53868E+21,1.10593E+16,4.99822E+16
88735,88736,9,7,71,129,2016,12,15,4,2,2,1,0,0,0,1,0,0,1,0,6.59259E+20,5.35668E+21,1.11493E+16,4.83432E+16
88736,88737,9,6,79,130,2016,12,7,3,3,2,6,2,0,0,1,0,0,0,0,5.71302E+20,5.5203E+21,9.99144E+15,4.98309E+16
88737,88738,9,3,75,199,2016,11,14,4,3,3,6,0,0,0,1,0,0,1,1,7.19855E+20,5.4313E+21,1.20058E+16,4.89954E+16
88738,88739,9,5,64,0,2016,12,16,7,3,9,1,1,1,0,1,0,0,0,0,6.47569E+20,5.47542E+21,1.10345E+16,4.94135E+16
88739,88740,9,2,78,140,2016,12,14,5,3,2,2,0,0,0,1,0,0,0,0,7.74948E+20,5.41436E+21,1.2746E+16,4.88213E+16
88740,88741,9,2,79,116,2016,12,18,4,3,5,3,2,1,0,1,0,0,1,1,7.59753E+20,5.39604E+21,1.25279E+16,4.86634E+16
88741,88742,9,1,72,114,2016,12,11,4,2,5,3,0,1,0,1,0,1,0,0,7.90319E+20,5.29273E+21,1.28715E+16,4.77226E+16
88742,88743,9,7,77,176,2016,11,12,4,3,9,1,0,2,0,1,0,0,0,0,6.04309E+20,5.29793E+21,1.03937E+16,4.78262E+16
88743,88744,9,4,74,126,2016,12,17,6,3,1,7,2,1,0,1,0,0,0,0,6.50826E+20,5.50904E+21,1.10923E+16,4.97149E+16
88744,88745,9,1,85,127,2016,12,13,4,3,8,1,0,1,0,1,0,0,0,0,6.5275E+20,5.38952E+21,1.10735E+16,4.864E+16
88745,88746,9,7,71,113,2016,12,14,3,3,0,7,0,1,1,0,0,0,0,0,6.57082E+20,5.37056E+21,1.11252E+16,4.84686E+16
88746,88747,9,3,75,180,2016,11,20,4,3,5,3,2,0,0,1,0,0,0,0,7.24306E+20,5.42958E+21,1.20656E+16,4.89784E+16
88747,88748,9,2,79,112,2016,12,5,3,3,4,2,2,1,0,1,0,0,0,0,7.54074E+20,5.39314E+21,1.24491E+16,4.86396E+16
88748,88749,9,6,74,147,2016,12,18,6,3,0,1,2,2,0,0,0,1,0,0,6.08943E+20,5.54574E+21,1.05219E+16,5.0054E+16
88749,88750,9,7,74,144,2016,12,16,4,3,3,6,2,0,0,1,0,0,1,0,6.07055E+20,5.36321E+21,1.04467E+16,4.8413E+16
88750,88751,9,7,77,121,2016,11,18,4,3,8,1,2,2,0,1,0,0,0,0,6.30393E+20,5.32156E+21,1.07492E+16,4.8034E+16
88751,88752,9,1,62,0,2016,12,10,2,3,5,3,0,0,0,1,0,0,0,0,6.85101E+20,5.32892E+21,1.14856E+16,4.80866E+16
88752,88753,9,1,76,118,2016,12,16,1,2,4,6,0,0,0,1,0,0,0,0,6.69294E+20,5.40937E+21,1.13061E+16,4.88142E+16
88753,88754,9,1,80,117,2016,12,11,2,2,6,2,0,0,0,1,1,0,0,0,6.589E+20,5.2619E+21,1.11095E+16,4.74911E+16
88754,88755,9,6,75,147,2016,12,17,5,3,2,2,2,1,0,1,0,0,0,0,5.8295E+20,5.50364E+21,1.01498E+16,4.96795E+16
88755,88756,9,7,73,122,2016,12,12,1,3,2,2,0,0,0,1,0,0,0,0,6.2494E+20,5.38764E+21,1.06957E+16,4.86294E+16
88756,88757,9,4,64,0,2016,12,23,2,2,9,1,2,1,0,1,0,0,0,0,7.0738E+20,5.5785E+21,1.19134E+16,5.0322E+16
88757,88758,9,5,76,151,2016,12,19,2,3,2,6,2,0,0,1,0,0,1,0,6.55593E+20,5.47218E+21,1.11438E+16,4.93824E+16
88758,88759,9,5,72,119,2016,12,17,5,2,2,6,2,1,0,1,0,0,0,0,6.45403E+20,5.49973E+21,1.10136E+16,4.96326E+16
88759,88760,9,4,78,139,2016,12,18,4,3,2,6,2,1,0,1,0,0,0,0,6.51483E+20,5.55796E+21,1.11206E+16,5.01545E+16
88760,88761,9,6,74,129,2016,12,15,5,3,6,7,0,1,0,1,1,0,0,0,6.20051E+20,5.5382E+21,1.06746E+16,4.9984E+16
88761,88762,9,1,90,157,2016,12,22,5,3,5,3,2,0,0,1,0,0,0,0,6.60535E+20,5.30089E+21,1.11455E+16,4.78413E+16
88762,88763,9,5,64,0,2016,12,15,7,3,2,6,1,1,0,1,0,0,0,0,6.54889E+20,5.47754E+21,1.11362E+16,4.94308E+16
88763,88764,9,7,73,125,2016,11,7,4,3,2,6,0,0,0,1,0,0,1,0,6.09818E+20,5.38159E+21,1.04889E+16,4.85778E+16
88764,88765,9,1,77,117,2016,12,13,4,3,2,6,0,0,0,1,0,0,0,0,7.16748E+20,5.35599E+21,1.19239E+16,4.83199E+16
88765,88766,9,5,62,0,2016,12,18,3,3,2,3,2,0,0,1,0,0,0,0,6.43316E+20,5.49681E+21,1.09837E+16,4.96069E+16
88766,88767,9,3,62,0,2016,11,18,4,3,2,6,2,0,0,1,0,0,0,0,7.22453E+20,5.43489E+21,1.20432E+16,4.90267E+16
88767,88768,9,7,72,186,2016,11,19,4,3,8,1,2,0,0,1,0,0,0,0,6.38668E+20,5.34383E+21,1.08674E+16,4.82325E+16
88768,88769,9,3,73,113,2016,12,13,6,3,2,6,0,1,0,1,0,0,0,0,6.76306E+20,5.46921E+21,1.14276E+16,4.93501E+16
88769,88770,9,4,71,165,2016,12,20,3,3,8,6,2,1,0,1,0,0,0,0,6.26521E+20,5.53377E+21,1.07634E+16,4.99429E+16
88770,88771,9,7,71,111,2016,12,18,1,2,2,6,2,0,0,1,0,0,0,0,6.58595E+20,5.35713E+21,1.11405E+16,4.83474E+16
88771,88772,9,1,87,150,2016,12,7,3,2,5,2,1,1,0,1,0,1,0,0,7.27273E+20,5.30318E+21,1.20376E+16,4.78417E+16
88772,88773,9,7,71,122,2016,12,20,1,3,2,7,2,0,0,1,0,0,0,0,6.52852E+20,5.36215E+21,1.10649E+16,4.8394E+16
88773,88774,9,6,78,134,2016,12,12,6,3,1,6,0,1,0,1,0,0,0,0,5.97098E+20,5.52893E+21,1.03522E+16,4.99049E+16
88774,88775,9,1,90,121,2016,12,8,7,3,8,1,0,1,0,1,0,0,0,0,6.63303E+20,5.2881E+21,1.11777E+16,4.77256E+16
88775,88776,9,7,71,122,2016,12,14,5,3,2,6,0,0,0,1,0,0,0,0,6.48881E+20,5.36269E+21,1.10115E+16,4.83998E+16
88776,88777,9,7,62,0,2016,12,11,4,3,1,6,0,0,0,1,0,0,0,0,6.22321E+20,5.30708E+21,1.06368E+16,4.79054E+16
88777,88778,9,6,79,156,2016,11,18,4,3,5,3,2,0,0,1,0,0,0,1,5.74095E+20,5.52263E+21,1.00307E+16,4.98515E+16
88778,88779,9,1,74,135,2016,12,20,1,2,2,6,2,0,0,1,0,0,0,0,6.63381E+20,5.35316E+21,1.12035E+16,4.83105E+16
88779,88780,9,1,89,159,2016,12,15,2,3,2,6,0,0,0,1,0,0,1,0,7.61603E+20,5.30403E+21,1.24961E+16,4.78364E+16
88780,88781,9,6,78,157,2016,12,17,5,2,2,6,2,0,0,1,0,1,0,0,6.01427E+20,5.52914E+21,1.04125E+16,4.9906E+16
88781,88782,9,1,73,145,2016,12,11,3,3,1,6,0,1,0,1,0,0,1,0,6.9048E+20,5.29318E+21,1.1542E+16,4.77638E+16
88782,88783,9,7,71,122,2016,12,19,1,3,3,6,2,0,0,1,0,0,0,0,6.53324E+20,5.36179E+21,1.10711E+16,4.83906E+16
88783,88784,9,6,72,114,2016,12,14,6,3,8,1,0,1,0,1,0,0,0,0,5.78304E+20,5.55669E+21,1.00962E+16,5.01572E+16
88784,88785,9,1,73,115,2016,12,18,7,2,5,3,2,0,0,1,0,0,0,0,6.80979E+20,5.28753E+21,1.1413E+16,4.77157E+16
88785,88786,9,7,78,173,2016,12,7,4,2,4,6,0,2,0,1,0,0,0,0,6.1076E+20,5.32552E+21,1.04869E+16,4.80733E+16
88786,88787,9,6,77,131,2016,11,19,4,3,1,6,2,0,0,1,0,0,0,0,5.50071E+20,5.54453E+21,9.6994E+15,5.0051E+16
88787,88788,9,1,74,146,2016,12,5,1,3,8,1,2,1,0,1,0,0,0,0,6.65849E+20,5.35135E+21,1.12361E+16,4.82936E+16
88788,88789,9,1,89,155,2016,12,18,2,3,2,6,2,0,0,1,0,0,0,0,7.71318E+20,5.3073E+21,1.26277E+16,4.78616E+16
88789,88790,9,6,73,133,2016,12,21,5,3,4,2,2,1,0,1,0,0,0,0,5.88981E+20,5.57898E+21,1.02509E+16,5.03562E+16
88790,88791,9,7,72,141,2016,12,13,1,3,8,1,0,1,0,1,0,0,0,0,6.20432E+20,5.34938E+21,1.06235E+16,4.82862E+16
88791,88792,9,4,76,145,2016,12,7,2,3,0,7,1,1,0,0,0,0,0,1,6.66516E+20,5.56841E+21,1.13354E+16,5.02444E+16
88792,88793,9,5,74,155,2016,12,10,2,3,9,7,0,0,0,0,0,0,0,1,6.65394E+20,5.49391E+21,1.12878E+16,4.95751E+16
88793,88794,9,5,73,134,2016,12,16,5,3,5,3,0,0,0,1,0,0,0,0,6.41379E+20,5.47748E+21,1.095E+16,4.94335E+16
88794,88795,9,4,74,126,2016,12,18,4,3,5,2,2,1,1,1,0,0,0,0,6.48345E+20,5.51013E+21,1.10583E+16,4.97254E+16
88795,88796,9,4,74,140,2016,12,23,6,2,8,1,2,0,0,1,0,0,0,0,6.58811E+20,5.49576E+21,1.11976E+16,4.95935E+16
88796,88797,9,1,85,158,2016,12,15,5,3,4,1,0,1,0,1,0,0,0,0,6.67682E+20,5.38333E+21,1.12736E+16,4.85806E+16
88797,88798,9,5,61,0,2016,12,11,7,3,2,6,0,0,0,1,0,0,0,0,6.16017E+20,5.45713E+21,1.05944E+16,4.9256E+16
88798,88799,9,4,61,0,2016,12,22,3,3,1,6,2,1,0,1,0,0,0,0,6.3827E+20,5.52709E+21,1.09246E+16,4.98803E+16
88799,88800,9,6,77,148,2016,11,6,4,2,6,6,2,0,1,0,1,0,0,0,5.54637E+20,5.53441E+21,9.76173E+15,4.99595E+16
88800,88801,9,1,84,145,2016,12,22,7,3,2,6,2,0,0,1,0,0,0,0,6.97016E+20,5.32567E+21,1.1644E+16,4.80539E+16
88801,88802,9,3,76,144,2016,12,22,6,1,2,6,2,1,0,1,0,0,1,0,7.31317E+20,5.48496E+21,1.21932E+16,4.94732E+16
88802,88803,9,1,84,114,2016,12,16,3,3,5,2,1,1,1,1,0,0,0,0,7.00713E+20,5.32081E+21,1.16913E+16,4.8009E+16
88803,88804,9,5,64,0,2016,12,15,3,2,2,6,0,0,0,1,0,0,0,0,6.56181E+20,5.47672E+21,1.11537E+16,4.94231E+16
88804,88805,9,6,74,147,2016,11,18,4,3,1,6,2,1,0,1,0,0,0,0,6.08423E+20,5.54335E+21,1.05139E+16,5.00325E+16
88805,88806,9,3,71,113,2016,12,11,6,3,2,6,0,1,0,1,0,0,0,0,6.88087E+20,5.50851E+21,1.16084E+16,4.96997E+16
88806,88807,9,1,81,130,2016,12,17,1,2,8,1,2,1,0,1,0,0,0,0,6.36472E+20,5.32627E+21,1.08322E+16,4.80751E+16
88807,88808,9,2,77,116,2016,12,12,6,2,5,3,0,1,1,1,0,0,0,0,7.74506E+20,5.3661E+21,1.27081E+16,4.83882E+16
88808,88809,9,1,74,135,2016,12,14,3,3,0,7,0,0,0,1,0,0,0,0,6.63402E+20,5.35314E+21,1.12038E+16,4.83103E+16
88809,88810,9,7,72,130,2016,12,8,1,3,8,1,0,1,0,1,0,0,0,0,6.30692E+20,5.3562E+21,1.07638E+16,4.83455E+16
88810,88811,9,6,72,114,2016,12,19,6,3,2,6,2,0,0,1,0,0,0,0,5.77901E+20,5.56186E+21,1.00916E+16,5.02038E+16
88811,88812,9,7,61,0,2016,12,22,5,3,5,3,2,0,1,1,0,0,0,0,6.42027E+20,5.35959E+21,1.09179E+16,4.83734E+16
88812,88813,9,7,71,113,2016,12,11,4,3,5,3,0,0,1,0,0,0,0,1,6.57849E+20,5.36992E+21,1.11353E+16,4.84626E+16
88813,88814,9,1,89,120,2016,12,7,2,3,5,3,0,1,0,1,0,0,0,0,7.59025E+20,5.29759E+21,1.24579E+16,4.77796E+16
88814,88815,9,6,78,160,2016,12,10,5,3,5,3,0,0,0,1,0,0,0,0,5.81986E+20,5.54728E+21,1.01457E+16,5.00722E+16
88815,88816,9,3,74,133,2016,12,16,5,3,2,6,0,0,0,1,0,0,1,0,7.25736E+20,5.49544E+21,1.21222E+16,4.95694E+16
88816,88817,9,2,76,127,2016,12,14,4,3,2,6,0,0,0,1,0,0,0,0,8.12189E+20,5.42609E+21,1.3261E+16,4.89089E+16
88817,88818,9,6,71,111,2016,11,15,4,3,0,6,0,0,0,1,0,0,0,0,5.03921E+20,5.54366E+21,9.05476E+15,5.00452E+16
88818,88819,9,3,74,168,2016,12,17,6,3,2,6,2,1,0,1,0,0,0,0,7.28801E+20,5.52106E+21,1.21796E+16,4.97984E+16
88819,88820,9,7,79,181,2016,12,15,3,3,2,6,0,1,0,1,0,0,0,0,6.3472E+20,5.39149E+21,1.08296E+16,4.86619E+16
88820,88821,9,4,75,145,2016,12,18,5,3,1,6,2,0,0,1,0,0,0,1,7.00244E+20,5.57487E+21,1.18114E+16,5.02919E+16
88821,88822,9,3,61,0,2016,12,16,4,3,5,6,2,1,0,1,0,0,0,0,7.08158E+20,5.47993E+21,1.18713E+16,4.94364E+16
88822,88823,9,6,71,114,2016,11,15,4,3,2,6,0,0,0,1,0,0,0,1,5.03987E+20,5.54352E+21,9.05569E+15,5.0044E+16
88823,88824,9,3,74,146,2016,12,17,6,3,9,7,2,1,0,1,0,0,0,0,7.29229E+20,5.50213E+21,1.21744E+16,4.96282E+16
88824,88825,9,3,75,117,2016,12,7,3,2,0,2,2,0,1,1,0,0,0,0,7.36771E+20,5.43193E+21,1.2237E+16,4.89948E+16
88825,88826,9,6,72,117,2016,12,12,6,3,9,1,0,1,0,1,0,0,0,0,5.70976E+20,5.5748E+21,9.99702E+15,5.0321E+16
88826,88827,9,5,76,148,2016,11,3,4,2,2,6,2,0,0,0,0,0,0,1,6.66556E+20,5.44185E+21,1.12821E+16,4.91069E+16
88827,88828,9,1,87,177,2016,12,12,7,2,3,2,0,0,1,1,0,0,0,0,7.35043E+20,5.30511E+21,1.21423E+16,4.78563E+16
88828,88829,9,1,78,120,2016,12,16,5,3,1,6,1,0,0,1,0,0,0,0,6.944E+20,5.35487E+21,1.16223E+16,4.83171E+16
88829,88830,9,4,75,156,2016,12,14,3,2,0,6,0,0,0,1,0,0,0,1,6.92374E+20,5.57692E+21,1.1702E+16,5.0313E+16
88830,88831,9,5,72,132,2016,11,19,4,2,4,2,2,0,0,1,0,0,0,0,6.35795E+20,5.49228E+21,1.08781E+16,4.95678E+16
88831,88832,9,2,78,184,2016,12,8,6,3,9,1,1,2,0,1,0,0,0,0,7.77206E+20,5.43551E+21,1.27911E+16,4.90102E+16
88832,88833,9,1,62,0,2016,12,14,1,3,2,6,0,0,0,1,0,0,0,0,6.8512E+20,5.34263E+21,1.14919E+16,4.82099E+16
88833,88834,9,7,71,130,2016,12,18,1,3,2,6,2,0,0,1,0,0,0,0,6.4479E+20,5.35768E+21,1.09545E+16,4.83557E+16
88834,88835,9,6,72,114,2016,12,18,5,3,5,3,2,0,0,1,0,0,0,0,5.77246E+20,5.56052E+21,1.00822E+16,5.01918E+16
88835,88836,9,5,76,143,2016,12,19,4,3,9,1,2,0,0,1,0,0,0,0,6.51666E+20,5.454E+21,1.10828E+16,4.922E+16
88836,88837,9,6,72,134,2016,12,17,5,3,5,3,2,1,0,1,0,0,0,0,5.54022E+20,5.58596E+21,9.76049E+15,5.04232E+16
88837,88838,9,5,71,152,2016,12,6,7,2,2,6,2,1,0,1,0,0,1,1,5.87619E+20,5.46394E+21,1.02057E+16,4.93219E+16
88838,88839,9,3,61,0,2016,12,14,5,3,2,6,0,0,0,1,0,0,0,0,7.06953E+20,5.48057E+21,1.1855E+16,4.94425E+16
88839,88840,9,2,62,0,2016,12,17,4,3,8,6,1,0,0,1,0,0,0,0,8.17588E+20,5.39247E+21,1.33086E+16,4.86046E+16
88840,88841,9,1,90,145,2016,12,9,4,3,5,3,0,1,0,1,0,0,0,0,6.48104E+20,5.28609E+21,1.09745E+16,4.77112E+16
88841,88842,9,5,62,0,2016,11,13,4,3,4,2,0,0,1,1,0,0,0,0,6.431E+20,5.49587E+21,1.09804E+16,4.95984E+16
88842,88843,9,3,77,133,2016,12,11,6,2,5,3,0,2,0,1,0,0,0,0,7.09695E+20,5.53127E+21,1.19199E+16,4.9897E+16
88843,88844,9,1,76,138,2016,12,4,4,3,2,6,2,1,0,1,0,0,1,0,6.75698E+20,5.42693E+21,1.14008E+16,4.89703E+16
88844,88845,9,7,61,0,2016,12,7,3,3,4,1,1,1,0,1,0,0,0,0,6.41896E+20,5.35764E+21,1.09155E+16,4.83559E+16
88845,88846,9,3,76,141,2016,11,13,4,3,2,6,0,0,0,1,0,0,0,0,7.2715E+20,5.45536E+21,1.21189E+16,4.92089E+16
88846,88847,9,2,74,191,2016,12,7,3,3,5,3,0,0,0,1,0,0,0,0,7.44785E+20,5.39164E+21,1.23224E+16,4.86298E+16
88847,88848,9,1,62,0,2016,12,19,4,3,3,6,2,1,0,1,0,0,0,0,6.95131E+20,5.3314E+21,1.16213E+16,4.81059E+16
88848,88849,9,5,76,143,2016,12,9,5,3,5,3,0,1,0,1,0,0,0,0,6.53632E+20,5.45073E+21,1.11085E+16,4.91901E+16
88849,88850,9,5,75,119,2016,12,12,4,3,5,3,0,0,0,1,0,0,0,0,6.11288E+20,5.49037E+21,1.05387E+16,4.95557E+16
88850,88851,9,5,74,123,2016,12,13,6,3,3,6,0,0,0,1,0,0,0,1,6.5978E+20,5.47319E+21,1.12018E+16,4.93905E+16
88851,88852,9,1,73,147,2016,12,16,1,3,4,2,1,1,0,1,0,0,0,0,6.81192E+20,5.3095E+21,1.1425E+16,4.79132E+16
88852,88853,9,1,79,121,2016,12,10,7,2,5,7,0,0,1,1,0,0,0,0,6.67377E+20,5.33837E+21,1.12516E+16,4.81765E+16
88853,88854,9,5,62,0,2016,12,13,6,3,2,6,0,0,0,1,0,0,0,0,6.46027E+20,5.49544E+21,1.10207E+16,4.95939E+16
88854,88855,9,1,83,138,2016,12,7,7,3,8,1,0,0,0,1,0,0,0,0,7.46401E+20,5.35124E+21,1.23205E+16,4.82664E+16
88855,88856,9,7,72,160,2016,12,18,6,3,5,3,2,0,0,1,0,1,0,0,6.36598E+20,5.34196E+21,1.08389E+16,4.82162E+16
88856,88857,9,5,74,138,2016,12,14,6,3,2,6,0,0,0,1,0,0,0,1,6.64295E+20,5.48615E+21,1.12694E+16,4.95057E+16
88857,88858,9,6,63,0,2016,12,14,7,3,5,3,0,1,0,1,0,0,0,0,5.70223E+20,5.51492E+21,9.97547E+15,4.97826E+16
88858,88859,9,2,77,138,2016,12,18,2,3,5,3,2,0,1,1,0,0,0,0,7.91656E+20,5.37079E+21,1.29425E+16,4.84226E+16
88859,88860,9,7,63,0,2016,12,13,6,3,2,6,0,0,0,1,0,0,0,0,5.97817E+20,5.28677E+21,1.03044E+16,4.77269E+16
88860,88861,9,1,82,114,2016,12,6,1,3,8,7,1,1,0,1,0,0,0,0,7.19811E+20,5.28796E+21,1.19303E+16,4.77076E+16
88861,88862,9,7,75,152,2016,12,7,6,2,6,4,2,1,0,1,1,0,0,0,5.76473E+20,5.35292E+21,1.00317E+16,4.83248E+16
88862,88863,9,5,74,155,2016,12,13,6,3,2,6,0,1,0,1,0,0,0,0,6.66887E+20,5.49329E+21,1.13082E+16,4.95692E+16
88863,88864,9,1,89,139,2016,12,6,2,3,8,1,2,2,0,1,0,0,0,0,7.62732E+20,5.28774E+21,1.25013E+16,4.76896E+16
88864,88865,9,1,87,129,2016,12,15,7,3,5,3,0,0,0,1,0,0,0,0,7.25644E+20,5.3006E+21,1.20145E+16,4.78191E+16
88865,88866,9,6,63,0,2016,12,18,6,3,8,1,2,1,0,1,0,0,0,0,5.66654E+20,5.51675E+21,9.92621E+15,4.97995E+16
88866,88867,9,5,74,132,2016,12,23,6,2,9,1,2,1,0,1,0,0,0,0,6.75161E+20,5.48784E+21,1.14201E+16,4.95179E+16
88867,88868,9,6,72,131,2016,12,17,7,2,4,6,1,1,0,1,0,0,0,0,5.90606E+20,5.56048E+21,1.02693E+16,5.01896E+16
88868,88869,9,1,90,136,2016,12,7,2,3,2,6,1,1,0,1,0,0,0,0,6.64451E+20,5.2897E+21,1.11936E+16,4.77397E+16
88869,88870,9,1,61,0,2016,12,15,1,3,2,6,0,1,0,1,0,1,0,0,6.78915E+20,5.40226E+21,1.14339E+16,4.87476E+16
88870,88871,9,5,74,112,2016,12,9,6,3,1,7,0,1,0,1,0,1,0,0,6.71359E+20,5.47291E+21,1.13611E+16,4.93847E+16
88871,88872,9,1,78,113,2016,12,6,2,3,8,1,2,1,0,1,0,0,0,0,6.91402E+20,5.36611E+21,1.1587E+16,4.8419E+16
88872,88873,9,1,61,0,2016,12,13,2,3,2,6,0,0,0,1,0,0,0,0,6.79531E+20,5.39989E+21,1.14413E+16,4.87262E+16
88873,88874,9,5,64,0,2016,12,12,7,3,2,6,0,0,0,1,0,0,0,0,6.48927E+20,5.46952E+21,1.1051E+16,4.93602E+16
88874,88875,9,5,71,190,2016,12,12,6,3,2,6,0,0,0,1,0,0,0,0,6.29438E+20,5.46295E+21,1.07806E+16,4.93056E+16
88875,88876,9,2,75,126,2016,12,2,1,3,9,1,2,2,0,1,0,0,0,0,8.45532E+20,5.40034E+21,1.36929E+16,4.86604E+16
88876,88877,9,5,71,166,2016,12,0,6,2,0,1,2,0,1,0,0,0,0,0,6.08762E+20,5.45464E+21,1.04941E+16,4.92349E+16
88877,88878,9,5,71,214,2016,12,13,6,3,0,3,0,0,0,1,0,0,0,0,6.15745E+20,5.43345E+21,1.05838E+16,4.9043E+16
88878,88879,9,7,74,198,2016,12,16,6,3,3,7,2,1,0,1,0,0,0,1,6.12345E+20,5.34939E+21,1.05145E+16,4.82878E+16
88879,88880,9,1,62,0,2016,12,18,1,3,1,6,2,1,0,1,0,0,0,0,6.93046E+20,5.3396E+21,1.15971E+16,4.81803E+16
88880,88881,9,4,79,136,2016,12,16,6,3,0,3,0,0,0,1,0,0,0,0,7.24136E+20,5.5422E+21,1.21271E+16,4.99899E+16
88881,88882,9,7,73,144,2016,12,17,1,3,8,1,2,0,0,1,0,0,0,0,6.06509E+20,5.37996E+21,1.04436E+16,4.85637E+16
88882,88883,9,1,79,121,2016,12,7,2,3,5,3,1,1,1,1,0,0,0,0,6.67365E+20,5.33923E+21,1.12517E+16,4.81842E+16
88883,88884,9,4,73,159,2016,12,14,7,3,2,6,0,1,0,1,0,0,0,0,6.44719E+20,5.57847E+21,1.10338E+16,5.03405E+16
88884,88885,9,4,78,139,2016,12,20,6,3,9,1,2,1,0,1,0,0,0,0,6.41969E+20,5.55982E+21,1.09882E+16,5.01736E+16
88885,88886,9,2,74,154,2016,12,18,1,3,9,7,2,1,0,1,0,0,0,0,7.39294E+20,5.36665E+21,1.22336E+16,4.84076E+16
88886,88887,9,1,86,139,2016,12,17,7,3,9,1,2,0,0,1,0,0,0,0,6.97257E+20,5.40336E+21,1.16837E+16,4.8752E+16
88887,88888,9,4,73,166,2016,12,12,6,3,4,6,0,0,0,1,0,0,0,0,6.5027E+20,5.56805E+21,1.11076E+16,5.02455E+16
88888,88889,9,1,90,138,2016,12,21,7,3,8,1,2,0,0,1,0,0,0,0,6.61742E+20,5.30869E+21,1.11646E+16,4.79111E+16
88889,88890,9,4,78,116,2016,12,12,6,3,0,6,0,0,0,1,0,0,0,0,6.61745E+20,5.55549E+21,1.12631E+16,5.01295E+16
88890,88891,9,3,75,208,2016,12,16,2,3,9,1,2,1,0,1,0,0,0,0,7.32856E+20,5.44375E+21,1.21904E+16,4.91024E+16
88891,88892,9,4,76,177,2016,12,17,1,3,4,6,2,1,0,1,0,0,0,0,6.73467E+20,5.57917E+21,1.14378E+16,5.0339E+16
88892,88893,9,7,75,135,2016,12,14,7,3,2,6,0,0,0,1,0,0,0,0,5.73633E+20,5.35906E+21,9.99444E+15,4.83804E+16
88893,88894,9,2,78,117,2016,12,13,7,3,4,1,0,0,0,1,0,0,1,0,7.55838E+20,5.4224E+21,1.24912E+16,4.89017E+16
88894,88895,9,4,72,118,2016,12,9,6,3,5,3,0,1,0,1,0,0,0,0,6.72562E+20,5.50767E+21,1.13929E+16,4.96968E+16
88895,88896,9,5,74,158,2016,12,3,1,3,9,1,2,0,0,1,0,0,0,0,6.69885E+20,5.49625E+21,1.13509E+16,4.95949E+16
88896,88897,9,1,78,142,2016,12,18,2,3,9,1,2,1,0,1,0,0,0,0,7.1198E+20,5.37831E+21,1.1871E+16,4.8522E+16
88897,88898,9,4,71,140,2016,12,13,7,3,2,6,0,0,0,1,0,0,0,1,6.34544E+20,5.53185E+21,1.08744E+16,4.99238E+16
88898,88899,9,4,71,165,2016,12,10,6,3,4,1,0,1,0,1,0,0,1,0,6.26521E+20,5.53377E+21,1.07634E+16,4.99429E+16
88899,88900,9,7,77,155,2016,12,10,7,3,5,3,0,0,0,1,0,0,0,0,6.30781E+20,5.31175E+21,1.07514E+16,4.79457E+16
88900,88901,9,3,76,141,2016,12,7,2,3,1,6,0,1,0,1,0,0,1,1,7.2705E+20,5.45055E+21,1.21148E+16,4.91657E+16
88901,88902,9,1,89,150,2016,12,14,1,3,2,6,0,1,0,1,0,0,0,0,7.78292E+20,5.31879E+21,1.27282E+16,4.79618E+16
88902,88903,9,1,78,150,2016,12,20,7,3,2,6,2,1,0,1,0,0,0,0,6.91146E+20,5.37186E+21,1.15862E+16,4.84708E+16
88903,88904,9,4,74,134,2016,12,16,6,3,5,3,2,0,0,1,0,0,0,0,6.4508E+20,5.50771E+21,1.10121E+16,4.97044E+16
88904,88905,9,1,72,114,2016,12,10,7,3,0,6,0,0,0,1,0,0,0,0,7.9455E+20,5.29778E+21,1.29312E+16,4.7766E+16
88905,88906,9,6,75,117,2016,12,13,6,3,2,2,0,0,0,1,0,0,0,0,5.83786E+20,5.51718E+21,1.01643E+16,4.98013E+16
88906,88907,9,4,71,150,2016,12,21,6,2,8,1,2,0,0,1,0,0,0,0,6.35191E+20,5.53615E+21,1.0885E+16,4.99623E+16
88907,88908,9,6,77,133,2016,12,15,7,3,8,1,0,0,0,1,0,0,0,0,5.52278E+20,5.54837E+21,9.73075E+15,5.00853E+16