FID,OBJECTID,ULAND,UREGBEZ,UKREIS,UGEMEINDE,UJAHR,UMONAT,USTUNDE,UWOCHENTAG,UKATEGORIE,UART,UTYP1,ULICHTVERH,IstStrasse,IstRad,IstPKW,IstFuss,IstKrad,IstGkfz,IstSonstig,LINREFX,LINREFY,XGCSWGS84,YGCSWGS84
89087,89088,9,1,85,168,2016,12,17,1,3,5,2,2,0,0,1,0,0,0,0,6.73267E+20,5.39838E+21,1.13555E+16,4.87144E+16
89088,89089,9,7,78,165,2016,12,15,6,2,2,6,0,0,0,1,0,0,0,0,5.8384E+20,5.30361E+21,1.01213E+16,4.78804E+16
89089,89090,9,7,78,218,2016,12,16,5,2,9,1,0,0,0,0,0,0,1,0,5.93526E+20,5.30549E+21,1.02513E+16,4.78959E+16
89090,89091,9,1,82,136,2016,12,10,2,3,3,2,0,1,0,1,0,0,0,0,7.03022E+20,5.30029E+21,1.17125E+16,4.78239E+16
89091,89092,9,5,74,147,2016,12,8,7,3,2,6,0,0,0,1,0,0,0,1,6.82467E+20,5.48617E+21,1.15202E+16,4.95007E+16
89092,89093,9,2,76,128,2016,12,11,1,2,2,6,0,2,0,1,0,0,0,0,7.8125E+20,5.43621E+21,1.28468E+16,4.90146E+16
89093,89094,9,7,74,143,2016,12,7,5,2,8,1,1,1,0,0,0,1,0,0,5.9237E+20,5.35984E+21,1.02476E+16,4.8385E+16
89094,89095,9,7,75,135,2016,12,16,7,3,5,2,2,1,0,1,0,0,0,1,5.76859E+20,5.36192E+21,1.00385E+16,4.84058E+16
89095,89096,9,7,78,116,2016,12,12,5,3,2,6,0,0,0,1,0,0,1,0,6.18579E+20,5.32096E+21,1.05906E+16,4.80309E+16
89096,89097,9,6,63,0,2016,12,19,1,3,2,6,2,1,0,0,0,0,1,1,5.66414E+20,5.51171E+21,9.92202E+15,4.97542E+16
89097,89098,9,1,75,132,2016,12,17,2,2,2,6,2,1,0,1,0,0,0,1,7.07546E+20,5.33018E+21,1.17873E+16,4.80911E+16
89098,89099,9,4,73,121,2016,12,18,7,3,7,7,2,1,0,1,0,0,0,0,6.4993E+20,5.56481E+21,1.11016E+16,5.02164E+16
89099,89100,9,7,76,128,2016,12,22,5,3,5,3,2,0,0,1,0,0,0,0,5.48472E+20,5.26892E+21,9.64448E+15,4.75719E+16
89100,89101,9,1,62,0,2016,12,18,1,3,1,6,1,0,0,1,0,0,0,0,6.93671E+20,5.33159E+21,1.16018E+16,4.81081E+16
89101,89102,9,1,62,0,2016,12,11,2,3,3,6,0,1,0,1,0,0,1,0,6.8348E+20,5.34256E+21,1.14698E+16,4.82097E+16
89102,89103,9,4,75,154,2016,12,14,7,3,2,6,0,1,0,1,0,0,0,1,6.98196E+20,5.5677E+21,1.17789E+16,5.02282E+16
89103,89104,9,7,73,182,2016,12,17,5,3,4,2,2,0,0,1,0,0,0,0,6.22314E+20,5.37992E+21,1.06578E+16,4.85605E+16
89104,89105,9,2,72,139,2016,12,9,1,3,9,1,0,2,0,1,0,0,0,0,8.42201E+20,5.42391E+21,1.36674E+16,4.88735E+16
89105,89106,9,7,73,136,2016,12,8,5,2,2,6,0,1,0,1,0,0,0,0,5.99477E+20,5.37941E+21,1.03482E+16,4.85599E+16
89106,89107,9,2,77,131,2016,12,21,7,2,4,7,2,2,0,1,0,0,0,0,7.7667E+20,5.38203E+21,1.27478E+16,4.85303E+16
89107,89108,9,7,73,144,2016,12,11,5,3,5,3,0,1,0,1,0,0,0,1,6.07361E+20,5.38128E+21,1.04555E+16,4.85754E+16
89108,89109,9,5,77,158,2016,12,10,1,3,8,1,0,2,0,1,0,0,0,0,6.43066E+20,5.42087E+21,1.09531E+16,4.89242E+16
89109,89110,9,5,74,123,2016,12,16,6,3,2,6,1,0,0,1,0,0,0,0,6.59348E+20,5.47448E+21,1.11964E+16,4.94021E+16
89110,89111,9,3,75,165,2016,12,14,7,3,2,6,0,1,0,1,0,0,0,0,7.26091E+20,5.43689E+21,1.2094E+16,4.90434E+16
89111,89112,9,7,71,130,2016,12,16,5,3,2,6,2,0,0,1,0,0,0,0,6.44485E+20,5.3631E+21,1.09523E+16,4.84045E+16
89112,89113,9,7,72,186,2016,12,14,7,3,5,2,0,0,0,1,0,0,0,0,6.38751E+20,5.34302E+21,1.08682E+16,4.82252E+16
89113,89114,9,3,71,118,2016,12,5,2,3,2,2,2,1,0,1,0,0,0,0,7.17399E+20,5.47703E+21,1.1997E+16,4.94071E+16
89114,89115,9,7,71,130,2016,12,16,6,3,2,6,0,0,0,1,0,0,0,0,6.46538E+20,5.36283E+21,1.09799E+16,4.84016E+16
89115,89116,9,1,87,165,2016,12,19,1,2,8,1,2,1,0,1,0,0,0,0,7.31629E+20,5.29979E+21,1.20939E+16,4.78098E+16
89116,89117,9,1,77,130,2016,12,10,7,3,2,6,0,0,0,1,0,0,0,0,7.12351E+20,5.352E+21,1.18627E+16,4.82856E+16
89117,89118,9,4,61,0,2016,12,17,3,3,1,6,2,0,0,1,0,0,0,0,6.36423E+20,5.53129E+21,1.09004E+16,4.99184E+16
89118,89119,9,1,74,115,2016,12,9,4,3,3,3,0,0,0,1,0,0,1,0,6.81045E+20,5.34903E+21,1.14398E+16,4.82686E+16
89119,89120,9,4,61,0,2016,12,16,3,3,1,6,0,1,0,1,0,0,0,0,6.36025E+20,5.52976E+21,1.08943E+16,4.99047E+16
89120,89121,9,7,72,177,2016,12,10,3,3,4,2,0,1,1,1,0,0,0,0,6.3686E+20,5.37855E+21,1.08543E+16,4.85451E+16
89121,89122,9,1,73,126,2016,12,16,5,3,3,6,1,1,0,1,0,0,0,0,6.83537E+20,5.30642E+21,1.1455E+16,4.78848E+16
89122,89123,9,1,83,129,2016,12,15,4,3,8,7,0,1,0,1,0,0,0,0,7.61379E+20,5.36491E+21,1.25304E+16,4.83831E+16
89123,89124,9,4,64,0,2016,12,10,5,3,2,6,0,0,0,1,0,0,0,0,7.0738E+20,5.5785E+21,1.19134E+16,5.03221E+16
89124,89125,9,4,61,0,2016,12,17,3,3,6,4,2,1,0,1,1,0,0,0,6.36736E+20,5.53027E+21,1.09044E+16,4.99091E+16
89125,89126,9,5,64,0,2016,12,16,4,3,3,6,1,1,1,0,0,0,0,1,6.49355E+20,5.4814E+21,1.10614E+16,4.94669E+16
89126,89127,9,2,61,0,2016,12,13,4,3,5,2,0,0,1,1,0,0,0,0,7.29041E+20,5.38087E+21,1.21031E+16,4.85391E+16
89127,89128,9,5,64,0,2016,12,7,2,3,3,6,0,0,0,1,0,0,0,0,6.49833E+20,5.48169E+21,1.10681E+16,4.94693E+16
89128,89129,9,1,74,141,2016,12,6,4,2,0,6,2,2,0,0,0,0,1,1,6.81598E+20,5.35582E+21,1.14502E+16,4.83295E+16
89129,89130,9,4,61,0,2016,12,17,3,3,4,2,2,1,0,1,0,0,0,0,6.37073E+20,5.53083E+21,1.09093E+16,4.99141E+16
89130,89131,9,6,72,127,2016,12,6,3,3,5,3,2,1,0,1,0,0,0,0,5.65025E+20,5.55132E+21,9.90941E+15,5.01106E+16
89131,89132,9,3,62,0,2016,12,7,5,3,6,4,0,1,0,1,1,0,0,0,7.29935E+20,5.43503E+21,1.21455E+16,4.90252E+16
89132,89133,9,7,71,113,2016,12,18,5,3,2,2,2,0,0,1,0,0,0,0,6.57711E+20,5.36958E+21,1.11333E+16,4.84596E+16
89133,89134,9,1,71,132,2016,12,11,5,3,5,3,0,1,0,1,0,0,0,0,7.67556E+20,5.35266E+21,1.26059E+16,4.82706E+16
89134,89135,9,7,73,144,2016,12,18,5,3,5,2,2,0,0,1,0,0,0,0,6.0473E+20,5.38002E+21,1.04195E+16,4.85645E+16
89135,89136,9,1,72,116,2016,12,16,4,3,3,2,1,0,0,1,0,0,0,0,8.02638E+20,5.28482E+21,1.30299E+16,4.7646E+16
89136,89137,9,3,75,117,2016,12,16,5,3,2,6,1,0,0,1,0,0,0,0,7.34033E+20,5.43208E+21,1.21997E+16,4.89972E+16
89137,89138,9,3,62,0,2016,12,17,3,3,2,6,2,1,0,1,0,0,0,1,7.23954E+20,5.4334E+21,1.20629E+16,4.90128E+16
89138,89139,9,4,61,0,2016,12,8,4,3,3,6,0,0,0,1,0,0,0,1,6.37618E+20,5.53048E+21,1.09168E+16,4.99109E+16
89139,89140,9,1,90,148,2016,12,13,4,3,2,6,0,1,0,1,0,0,0,0,6.4332E+20,5.29703E+21,1.09143E+16,4.78107E+16
89140,89141,9,3,72,157,2016,12,15,3,2,8,1,0,0,0,1,0,0,0,0,7.59531E+20,5.47217E+21,1.25735E+16,4.93469E+16
89141,89142,9,5,62,0,2016,12,10,3,3,4,2,0,0,0,1,0,0,0,0,6.44843E+20,5.49671E+21,1.10048E+16,4.96056E+16
89142,89143,9,1,74,135,2016,12,17,5,3,2,6,2,0,0,1,0,0,0,0,6.63221E+20,5.35331E+21,1.12015E+16,4.83119E+16
89143,89144,9,3,71,113,2016,12,9,5,3,5,3,0,0,0,1,0,0,0,0,6.89521E+20,5.50792E+21,1.1628E+16,4.9694E+16
89144,89145,9,6,78,193,2016,12,7,5,3,2,6,2,1,0,1,0,0,0,0,5.80096E+20,5.53942E+21,1.01177E+16,5.00017E+16
89145,89146,9,7,75,161,2016,12,6,4,3,2,6,2,2,0,1,0,0,0,0,5.87356E+20,5.33874E+21,1.01755E+16,4.81959E+16
89146,89147,9,3,75,180,2016,12,8,3,3,3,6,0,1,0,1,0,0,0,0,7.24221E+20,5.42921E+21,1.20642E+16,4.8975E+16
89147,89148,9,2,78,113,2016,12,7,3,3,1,5,2,1,0,1,0,0,0,1,7.63918E+20,5.41459E+21,1.25962E+16,4.88281E+16
89148,89149,9,2,78,143,2016,12,9,3,3,5,3,0,0,0,1,0,0,0,0,7.72094E+20,5.4439E+21,1.2727E+16,4.90877E+16
89149,89150,9,1,89,155,2016,12,18,4,3,4,2,2,0,1,1,0,0,0,0,7.72492E+20,5.30794E+21,1.26438E+16,4.78669E+16
89150,89151,9,1,84,136,2016,12,15,5,3,5,2,0,0,1,1,0,0,0,0,6.97666E+20,5.32672E+21,1.16532E+16,4.80631E+16
89151,89152,9,2,75,137,2016,12,0,3,3,8,1,2,1,0,1,0,0,0,0,8.38007E+20,5.38961E+21,1.35823E+16,4.85683E+16
89152,89153,9,5,64,0,2016,12,7,3,3,5,2,0,0,1,1,0,0,0,0,6.47595E+20,5.47933E+21,1.10363E+16,4.94487E+16
89153,89154,9,1,79,130,2016,12,7,5,3,5,3,2,1,0,1,0,0,0,0,6.58504E+20,5.33699E+21,1.11318E+16,4.81664E+16
89154,89155,9,2,78,197,2016,12,23,5,3,9,7,2,0,0,1,0,0,0,0,7.62119E+20,5.4404E+21,1.25884E+16,4.90606E+16
89155,89156,9,5,74,123,2016,12,6,5,3,2,6,2,0,0,1,0,0,0,0,6.61541E+20,5.47906E+21,1.12285E+16,4.94427E+16
89156,89157,9,7,79,185,2016,12,17,4,2,4,6,2,1,0,1,0,0,0,0,6.17105E+20,5.40728E+21,1.05949E+16,4.88075E+16
89157,89158,9,2,77,138,2016,12,19,3,3,2,6,2,0,0,1,1,0,0,0,7.91933E+20,5.37043E+21,1.2946E+16,4.84193E+16
89158,89159,9,1,84,131,2016,12,9,4,1,2,6,0,0,0,0,0,0,1,0,7.04132E+20,5.33796E+21,1.17452E+16,4.81621E+16
89159,89160,9,2,74,145,2016,12,6,3,2,0,4,2,1,0,1,1,0,0,0,7.47502E+20,5.37721E+21,1.23506E+16,4.84992E+16
89160,89161,9,7,74,121,2016,12,6,3,3,2,6,2,1,0,1,0,0,0,0,6.03455E+20,5.36525E+21,1.03986E+16,4.84319E+16
89161,89162,9,1,73,137,2016,12,13,5,3,5,3,0,0,0,0,0,1,0,1,6.77769E+20,5.30634E+21,1.13779E+16,4.78858E+16
89162,89163,9,2,74,141,2016,12,6,3,3,0,2,2,1,0,1,0,1,0,0,7.27153E+20,5.39474E+21,1.20851E+16,4.86644E+16
89163,89164,9,5,71,175,2016,12,10,3,3,5,3,0,0,0,1,0,0,0,0,6.24616E+20,5.45998E+21,1.07134E+16,4.92798E+16
89164,89165,9,1,62,0,2016,12,16,4,3,4,2,1,0,0,1,0,0,0,0,6.8736E+20,5.33508E+21,1.15187E+16,4.81414E+16
89165,89166,9,7,78,144,2016,12,6,5,3,5,3,2,1,0,1,0,0,0,0,5.91236E+20,5.30339E+21,1.02202E+16,4.78774E+16
89166,89167,9,2,61,0,2016,12,13,5,2,2,6,0,0,0,1,0,0,0,0,7.32705E+20,5.38208E+21,1.21533E+16,4.85486E+16
89167,89168,9,2,61,0,2016,12,11,3,3,2,6,0,0,0,1,0,0,0,0,7.32388E+20,5.38047E+21,1.21481E+16,4.85342E+16
89168,89169,9,5,77,177,2016,12,8,3,3,8,7,0,1,0,0,0,0,0,1,6.4588E+20,5.43176E+21,1.09954E+16,4.90215E+16
89169,89170,9,1,75,124,2016,12,21,5,3,8,1,2,1,0,1,0,0,0,0,7.13203E+20,5.3293E+21,1.18627E+16,4.80813E+16
89170,89171,9,2,72,147,2016,12,1,5,3,0,1,2,2,0,1,0,0,0,0,8.19736E+20,5.41741E+21,1.33569E+16,4.88272E+16
89171,89172,9,5,64,0,2016,12,15,5,3,6,4,0,0,0,1,1,0,0,0,6.47646E+20,5.47482E+21,1.10354E+16,4.94081E+16
89172,89173,9,7,61,0,2016,12,14,4,3,6,2,0,0,0,1,1,0,0,0,6.41308E+20,5.35586E+21,1.09069E+16,4.83401E+16
89173,89174,9,2,73,137,2016,12,8,3,3,1,6,0,1,0,1,0,0,0,0,7.12684E+20,5.42099E+21,1.19025E+16,4.89053E+16
89174,89175,9,6,78,193,2016,12,14,4,3,4,1,0,1,0,1,0,0,1,0,5.78981E+20,5.53755E+21,1.01017E+16,4.99851E+16
89175,89176,9,3,76,147,2016,12,5,4,3,5,2,2,1,0,1,0,0,0,1,7.45027E+20,5.4729E+21,1.23746E+16,4.93595E+16
89176,89177,9,1,78,143,2016,12,16,4,3,6,3,1,1,0,1,1,0,0,0,7.16753E+20,5.3731E+21,1.19328E+16,4.84737E+16
89177,89178,9,2,79,124,2016,12,10,3,2,8,1,0,2,0,1,0,0,0,0,7.51509E+20,5.38452E+21,1.24092E+16,4.85632E+16
89178,89179,9,7,61,0,2016,12,16,3,3,2,6,0,0,0,1,0,0,0,0,6.42614E+20,5.35955E+21,1.09258E+16,4.8373E+16
89179,89180,9,1,73,142,2016,12,4,5,3,9,1,2,1,0,0,0,0,0,1,6.73996E+20,5.28066E+21,1.13172E+16,4.76559E+16
89180,89181,9,1,71,135,2016,12,8,4,3,0,3,0,0,0,1,0,0,0,1,7.70243E+20,5.34127E+21,1.26348E+16,4.81671E+16
89181,89182,9,4,77,136,2016,12,18,5,3,2,6,2,0,0,1,0,0,0,0,6.67224E+20,5.55428E+21,1.13392E+16,5.01172E+16
89182,89183,9,1,90,148,2016,12,9,3,3,2,6,0,1,0,1,0,0,1,0,6.42407E+20,5.29692E+21,1.09021E+16,4.78099E+16
89183,89184,9,4,78,139,2016,12,16,4,3,2,1,1,1,0,1,0,0,0,0,6.51791E+20,5.55771E+21,1.11248E+16,5.01522E+16
89184,89185,9,1,90,157,2016,12,7,4,3,8,1,0,1,0,1,0,0,0,0,6.5825E+20,5.30152E+21,1.11153E+16,4.78475E+16
89185,89186,9,5,71,217,2016,12,16,2,3,9,3,2,1,0,1,0,0,0,1,6.20836E+20,5.46695E+21,1.06636E+16,4.93433E+16
89186,89187,9,1,87,120,2016,12,19,4,3,5,3,2,1,0,1,0,0,0,0,7.31894E+20,5.29232E+21,1.20935E+16,4.77425E+16
89187,89188,9,5,75,112,2016,12,17,5,3,2,6,2,0,0,1,0,0,0,0,6.0442E+20,5.4839E+21,1.04421E+16,4.94987E+16
89188,89189,9,1,90,141,2016,12,9,3,3,9,1,0,1,0,1,0,0,0,0,6.77711E+20,5.29217E+21,1.13713E+16,4.77584E+16
89189,89190,9,5,74,154,2016,12,17,4,3,1,6,2,1,0,1,0,0,0,0,6.64019E+20,5.4859E+21,1.12655E+16,4.95035E+16
89190,89191,9,2,77,138,2016,12,5,4,2,5,3,2,0,0,1,0,0,0,0,7.93356E+20,5.37261E+21,1.29667E+16,4.84382E+16
89191,89192,9,4,75,123,2016,12,11,2,2,2,6,0,0,0,1,0,0,0,0,7.05525E+20,5.58361E+21,1.18902E+16,5.03686E+16
89192,89193,9,1,78,143,2016,12,8,4,2,5,3,0,1,0,1,0,0,1,0,7.2064E+20,5.3739E+21,1.19857E+16,4.84795E+16
89193,89194,9,1,90,132,2016,12,8,3,3,5,3,0,1,0,1,0,0,0,0,6.75311E+20,5.29374E+21,1.134E+16,4.77732E+16
89194,89195,9,6,73,136,2016,12,6,3,2,2,6,2,1,0,1,0,0,1,1,5.93673E+20,5.57983E+21,1.0317E+16,5.03631E+16
89195,89196,9,1,87,118,2016,12,17,5,3,5,3,2,0,0,1,0,0,0,0,7.52837E+20,5.30068E+21,1.23772E+16,4.78098E+16
89196,89197,9,7,71,111,2016,12,11,5,3,2,6,0,0,0,1,0,0,0,0,6.58158E+20,5.35757E+21,1.11348E+16,4.83514E+16
89197,89198,9,1,87,138,2016,12,13,4,3,6,4,0,0,0,1,1,0,0,0,7.56766E+20,5.31253E+21,1.24367E+16,4.79146E+16
89198,89199,9,1,89,111,2016,12,11,3,3,2,6,0,1,0,1,0,0,0,1,7.63725E+20,5.32164E+21,1.25352E+16,4.79936E+16
89199,89200,9,1,89,154,2016,12,19,4,3,0,7,2,1,1,0,0,0,0,0,7.69027E+20,5.31652E+21,1.26029E+16,4.79454E+16
89200,89201,9,3,72,116,2016,12,13,4,3,4,6,0,0,0,1,0,0,0,0,7.66323E+20,5.45565E+21,1.26559E+16,4.91958E+16
89201,89202,9,1,90,111,2016,12,7,4,3,8,1,2,2,0,1,0,0,0,0,6.38232E+20,5.29596E+21,1.08461E+16,4.78022E+16
89202,89203,9,1,83,129,2016,12,15,3,3,5,3,0,0,0,1,0,0,1,0,7.62723E+20,5.36474E+21,1.25484E+16,4.83811E+16
89203,89204,9,5,76,147,2016,12,7,3,3,9,1,1,2,0,1,0,0,0,0,6.36152E+20,5.44788E+21,1.08678E+16,4.91686E+16
89204,89205,9,1,62,0,2016,12,7,5,3,2,6,0,0,0,1,0,0,0,0,6.81093E+20,5.34089E+21,1.1437E+16,4.81954E+16
89205,89206,9,1,84,129,2016,12,17,3,3,4,2,2,1,0,1,0,0,0,0,7.01764E+20,5.32653E+21,1.1708E+16,4.80601E+16
89206,89207,9,1,89,135,2016,12,6,3,3,9,1,1,2,0,1,0,0,0,0,7.8674E+20,5.31457E+21,1.28383E+16,4.79202E+16
89207,89208,9,6,76,121,2016,12,16,3,3,2,6,2,1,0,1,0,0,0,0,5.11312E+20,5.52016E+21,9.1573E+15,4.98338E+16
89208,89209,9,3,72,117,2016,12,18,5,3,5,3,2,0,0,1,0,0,0,0,7.72753E+20,5.4565E+21,1.27445E+16,4.92005E+16
89209,89210,9,6,75,141,2016,12,12,5,3,5,2,0,0,1,1,0,0,0,0,5.83455E+20,5.50972E+21,1.01581E+16,4.97341E+16
89210,89211,9,7,78,115,2016,12,7,4,3,9,1,1,1,0,1,0,0,0,0,5.91722E+20,5.33305E+21,1.0233E+16,4.81441E+16
89211,89212,9,1,72,130,2016,12,5,3,3,8,1,2,1,0,1,0,0,0,0,7.95208E+20,5.31225E+21,1.29498E+16,4.78956E+16
89212,89213,9,7,75,139,2016,12,7,5,2,4,6,0,1,0,1,0,0,0,0,5.7859E+20,5.36587E+21,1.00626E+16,4.8441E+16
89213,89214,9,1,84,114,2016,12,10,3,3,8,6,0,0,0,1,0,0,0,1,7.00236E+20,5.31769E+21,1.16834E+16,4.79812E+16
89214,89215,9,5,73,126,2016,12,6,3,3,2,6,2,1,0,1,0,0,0,0,6.36004E+20,5.48279E+21,1.08777E+16,4.94825E+16
89215,89216,9,1,78,122,2016,12,7,5,3,9,1,0,1,0,1,0,0,0,0,7.05243E+20,5.38594E+21,1.17836E+16,4.85929E+16
89216,89217,9,2,75,117,2016,12,7,5,2,2,6,1,1,1,1,0,0,0,0,8.07225E+20,5.38485E+21,1.31627E+16,4.85414E+16
89217,89218,9,5,74,140,2016,12,18,5,3,0,5,2,0,0,1,0,0,0,0,6.85058E+20,5.50062E+21,1.15627E+16,4.96297E+16
89218,89219,9,7,61,0,2016,12,15,4,3,1,6,0,0,0,1,0,0,0,0,6.37422E+20,5.35946E+21,1.08557E+16,4.83733E+16
89219,89220,9,1,76,167,2016,12,7,3,3,2,2,2,1,0,1,0,0,0,0,6.77132E+20,5.40981E+21,1.1413E+16,4.8816E+16
89220,89221,9,2,78,113,2016,12,14,5,3,2,6,0,0,0,1,0,0,1,1,7.66139E+20,5.41526E+21,1.26269E+16,4.88332E+16
89221,89222,9,5,62,0,2016,12,7,5,3,2,6,1,0,0,1,0,0,1,0,6.41175E+20,5.49188E+21,1.09523E+16,4.9563E+16
89222,89223,9,7,63,0,2016,12,19,4,2,5,3,2,0,0,1,0,0,0,0,5.99516E+20,5.28964E+21,1.03277E+16,4.77524E+16
89223,89224,9,1,86,143,2016,12,10,3,3,8,1,0,2,0,1,0,0,0,0,6.89801E+20,5.38198E+21,1.15726E+16,4.85622E+16
89224,89225,9,1,85,125,2016,12,5,3,3,5,3,2,1,0,1,0,0,0,0,6.48061E+20,5.3962E+21,1.10123E+16,4.87012E+16
89225,89226,9,7,63,0,2016,12,16,5,3,3,5,0,0,0,1,0,0,0,0,5.97815E+20,5.2868E+21,1.03044E+16,4.77272E+16
89226,89227,9,2,61,0,2016,12,8,5,3,0,1,0,1,1,0,0,0,0,0,7.32144E+20,5.37937E+21,1.21442E+16,4.85245E+16
89227,89228,9,1,76,126,2016,12,22,3,3,5,3,2,1,1,1,0,0,0,0,6.74622E+20,5.407E+21,1.13776E+16,4.87914E+16
89228,89229,9,5,71,229,2016,12,6,3,2,5,3,2,1,1,1,0,0,0,0,6.25568E+20,5.4538E+21,1.07245E+16,4.92241E+16
89229,89230,9,1,84,148,2016,12,13,4,3,0,2,0,0,1,1,0,0,0,0,6.95102E+20,5.32635E+21,1.16186E+16,4.80606E+16
89230,89231,9,1,82,114,2016,12,13,4,3,4,2,0,1,0,1,0,0,0,0,7.21425E+20,5.29046E+21,1.19531E+16,4.77295E+16
89231,89232,9,5,64,0,2016,12,20,5,3,2,6,2,0,0,1,0,0,0,0,6.53115E+20,5.47787E+21,1.11119E+16,4.94342E+16
89232,89233,9,6,63,0,2016,12,7,4,3,2,6,0,1,0,1,0,0,0,0,5.69093E+20,5.51714E+21,9.96016E+15,4.98027E+16
89233,89234,9,1,76,155,2016,12,5,3,3,5,3,2,0,0,1,0,0,0,0,6.61062E+20,5.41993E+21,1.11982E+16,4.89113E+16
89234,89235,9,6,61,0,2016,12,8,4,3,1,5,0,1,0,1,0,0,0,0,5.11675E+20,5.53528E+21,9.1628E+15,4.99698E+16
89235,89236,9,3,71,154,2016,12,16,4,3,5,3,1,1,0,1,0,0,0,0,7.0024E+20,5.47609E+21,1.17603E+16,4.94046E+16
89236,89237,9,4,79,135,2016,12,18,2,2,7,4,2,1,0,1,1,0,0,0,7.14431E+20,5.55701E+21,1.20002E+16,5.01265E+16
89237,89238,9,1,84,135,2016,12,8,3,3,6,2,0,0,0,1,1,0,0,0,6.89847E+20,5.34732E+21,1.15575E+16,4.82506E+16
89238,89239,9,1,84,120,2016,12,8,3,2,0,7,0,0,0,1,1,0,1,0,6.80639E+20,5.33349E+21,1.14277E+16,4.8129E+16
89239,89240,9,6,79,144,2016,12,5,3,1,2,6,2,0,0,0,0,0,1,1,5.49291E+20,5.51305E+21,9.68449E+15,4.97679E+16
89240,89241,9,1,83,128,2016,12,14,5,3,2,2,0,1,0,1,0,0,0,0,7.62546E+20,5.3487E+21,1.25361E+16,4.82371E+16
89241,89242,9,1,88,127,2016,12,12,3,3,4,2,0,1,0,1,0,0,0,0,6.79979E+20,5.33E+21,1.14174E+16,4.80979E+16
89242,89243,9,1,79,142,2016,12,15,3,3,0,7,0,0,0,1,0,0,0,1,6.72312E+20,5.34106E+21,1.1319E+16,4.81994E+16
89243,89244,9,7,72,163,2016,12,13,3,3,2,6,0,0,0,1,0,0,0,0,6.38956E+20,5.3497E+21,1.08732E+16,4.82853E+16
89244,89245,9,1,90,129,2016,12,11,5,3,5,3,0,1,0,1,0,0,0,0,6.41966E+20,5.30123E+21,1.08976E+16,4.78487E+16
89245,89246,9,1,79,117,2016,12,4,3,3,8,1,2,2,0,1,0,0,0,0,6.60424E+20,5.34702E+21,1.11614E+16,4.82561E+16
89246,89247,9,4,78,116,2016,12,6,3,3,5,2,1,0,0,1,0,0,0,0,6.60829E+20,5.55634E+21,1.12506E+16,5.01375E+16
89247,89248,9,7,74,135,2016,12,7,4,3,7,7,2,1,0,1,0,0,1,0,5.97236E+20,5.3657E+21,1.03147E+16,4.8437E+16
89248,89249,9,1,87,122,2016,12,6,4,3,4,2,1,1,0,1,0,1,0,0,7.19813E+20,5.30532E+21,1.19391E+16,4.78636E+16
89249,89250,9,4,64,0,2016,12,16,5,3,5,3,1,1,1,1,0,0,0,0,7.06773E+20,5.57795E+21,1.19046E+16,5.03173E+16
89250,89251,9,1,74,118,2016,12,3,3,3,8,1,2,2,0,1,0,0,0,0,6.67765E+20,5.35197E+21,1.12621E+16,4.82987E+16
89251,89252,9,5,63,0,2016,12,13,4,3,5,3,0,1,1,1,0,0,0,0,6.42188E+20,5.48304E+21,1.09631E+16,4.94834E+16
89252,89253,9,2,61,0,2016,12,18,4,3,2,6,1,0,0,1,0,0,0,0,7.32798E+20,5.38306E+21,1.21551E+16,4.85574E+16
89253,89254,9,4,64,0,2016,12,14,2,3,6,2,0,1,0,1,1,0,0,0,7.0738E+20,5.57777E+21,1.1913E+16,5.03155E+16
89254,89255,9,1,84,113,2016,12,16,3,2,5,3,1,0,1,1,0,0,0,0,6.86218E+20,5.32296E+21,1.1498E+16,4.80327E+16
89255,89256,9,1,74,135,2016,12,3,3,3,1,1,2,2,0,1,0,0,0,0,6.64323E+20,5.35253E+21,1.1216E+16,4.83046E+16
89256,89257,9,6,74,163,2016,12,11,3,3,9,1,0,0,0,1,0,0,0,0,6.08173E+20,5.54129E+21,1.05099E+16,5.00141E+16
89257,89258,9,3,75,213,2016,12,10,5,3,1,6,0,0,0,1,0,0,0,0,7.27119E+20,5.44074E+21,1.21102E+16,4.90776E+16
89258,89259,9,7,72,163,2016,12,7,5,3,9,1,1,1,0,1,0,0,0,0,6.41365E+20,5.34671E+21,1.09046E+16,4.82578E+16
89259,89260,9,7,63,0,2016,12,17,5,3,2,6,2,0,0,1,0,0,0,0,5.9844E+20,5.28479E+21,1.03123E+16,4.7709E+16
89260,89261,9,1,76,126,2016,12,7,4,3,5,3,0,0,0,1,0,0,0,0,6.7114E+20,5.40636E+21,1.133E+16,4.87866E+16
89261,89262,9,4,74,140,2016,12,18,5,2,6,4,2,1,0,1,1,0,0,0,6.61396E+20,5.49876E+21,1.12345E+16,4.96198E+16
89262,89263,9,1,62,0,2016,12,8,3,3,2,6,0,0,0,1,0,0,0,1,7.00794E+20,5.33563E+21,1.16993E+16,4.81422E+16
89263,89264,9,4,74,123,2016,12,12,4,3,5,3,0,1,0,1,0,0,0,0,6.47075E+20,5.51539E+21,1.10427E+16,4.9773E+16
89264,89265,9,1,90,145,2016,12,7,4,3,6,4,2,1,0,1,1,0,0,0,6.47342E+20,5.28846E+21,1.09651E+16,4.77327E+16