FID,OBJECTID,ULAND,UREGBEZ,UKREIS,UGEMEINDE,UJAHR,UMONAT,USTUNDE,UWOCHENTAG,UKATEGORIE,UART,UTYP1,ULICHTVERH,IstStrasse,IstRad,IstPKW,IstFuss,IstKrad,IstGkfz,IstSonstig,LINREFX,LINREFY,XGCSWGS84,YGCSWGS84
89265,89266,9,1,77,113,2016,12,13,3,3,5,3,0,0,0,1,0,0,1,0,7.20531E+20,5.35683E+21,1.19753E+16,4.83261E+16
89266,89267,9,6,61,0,2016,12,16,3,3,5,2,2,1,1,1,0,0,0,0,5.11645E+20,5.53531E+21,9.16239E+15,4.997E+16
89267,89268,9,3,76,153,2016,12,17,5,3,5,3,2,0,1,1,0,0,0,0,7.30098E+20,5.48705E+21,1.21776E+16,4.94924E+16
89268,89269,9,6,74,163,2016,12,16,5,3,3,6,1,0,0,1,0,0,0,0,6.11658E+20,5.53746E+21,1.05574E+16,4.9979E+16
89269,89270,9,7,74,150,2016,12,13,4,3,5,7,0,0,0,1,0,0,0,0,6.02449E+20,5.3422E+21,1.03794E+16,4.82248E+16
89270,89271,9,1,77,133,2016,12,14,3,3,5,3,0,0,0,1,0,0,0,0,7.11468E+20,5.36147E+21,1.18555E+16,4.83709E+16
89271,89272,9,1,75,127,2016,12,7,3,3,6,4,1,1,0,1,1,0,0,0,7.12953E+20,5.3415E+21,1.18655E+16,4.8191E+16
89272,89273,9,7,78,115,2016,12,17,5,3,5,3,2,0,0,1,0,0,0,0,5.93558E+20,5.33313E+21,1.02577E+16,4.81445E+16
89273,89274,9,2,73,172,2016,12,7,5,3,0,2,0,0,0,0,0,1,0,0,7.0833E+20,5.40508E+21,1.1835E+16,4.87638E+16
89274,89275,9,1,78,120,2016,12,16,3,3,5,3,0,0,0,1,0,0,0,0,6.94588E+20,5.35299E+21,1.16239E+16,4.83002E+16
89275,89276,9,5,71,174,2016,12,18,3,3,4,6,2,1,0,1,0,0,0,0,6.01895E+20,5.46148E+21,1.04015E+16,4.92975E+16
89276,89277,9,1,78,145,2016,12,16,3,3,4,6,2,0,0,1,0,0,0,0,6.9703E+20,5.35428E+21,1.16574E+16,4.8311E+16
89277,89278,9,1,89,119,2016,12,17,4,3,5,3,2,1,0,1,0,0,0,0,7.6875E+20,5.3086E+21,1.25943E+16,4.78744E+16
89278,89279,9,1,78,143,2016,12,17,3,3,4,2,1,1,0,1,0,0,0,0,7.18965E+20,5.3729E+21,1.19626E+16,4.84711E+16
89279,89280,9,5,63,0,2016,12,13,3,3,1,3,0,1,1,1,0,0,0,0,6.42731E+20,5.48287E+21,1.09705E+16,4.94817E+16
89280,89281,9,1,79,128,2016,12,12,5,3,8,2,0,0,0,1,0,0,0,1,6.58576E+20,5.34295E+21,1.1135E+16,4.82199E+16
89281,89282,9,2,71,119,2016,12,17,5,3,2,6,2,0,0,1,0,0,0,0,7.90415E+20,5.41627E+21,1.29576E+16,4.88314E+16
89282,89283,9,5,71,180,2016,12,16,5,3,1,6,2,0,0,1,0,0,0,0,6.30912E+20,5.46294E+21,1.08009E+16,4.93051E+16
89283,89284,9,7,77,173,2016,12,19,4,2,8,1,2,0,0,1,0,0,0,0,6.38834E+20,5.2808E+21,1.08493E+16,4.76657E+16
89284,89285,9,1,78,138,2016,12,7,3,3,5,3,0,1,0,1,0,0,0,0,7.13142E+20,5.36956E+21,1.18822E+16,4.84431E+16
89285,89286,9,1,84,148,2016,12,7,3,3,5,3,1,1,1,1,0,0,0,0,6.9522E+20,5.32634E+21,1.16202E+16,4.80605E+16
89286,89287,9,1,62,0,2016,12,19,2,3,3,6,2,0,0,1,0,0,1,0,6.88766E+20,5.33863E+21,1.15391E+16,4.81728E+16
89287,89288,9,7,74,117,2016,12,8,3,2,9,1,1,2,0,1,0,0,0,0,5.95747E+20,5.3455E+21,1.02899E+16,4.82555E+16
89288,89289,9,2,73,111,2016,12,9,5,3,5,3,0,1,0,1,0,0,0,0,7.1107E+20,5.41356E+21,1.18766E+16,4.88391E+16
89289,89290,9,1,62,0,2016,12,14,2,3,6,4,0,0,0,1,1,0,0,0,6.89545E+20,5.34044E+21,1.15504E+16,4.81889E+16
89290,89291,9,4,76,183,2016,12,14,3,3,5,3,0,0,0,1,0,0,0,0,6.70553E+20,5.56936E+21,1.13924E+16,5.02518E+16
89291,89292,9,1,62,0,2016,12,20,4,3,4,2,2,0,0,1,0,0,0,0,6.86889E+20,5.33515E+21,1.15124E+16,4.81421E+16
89292,89293,9,1,86,149,2016,12,10,4,3,2,6,0,0,0,1,0,0,0,0,6.88463E+20,5.38617E+21,1.15564E+16,4.86002E+16
89293,89294,9,5,71,136,2016,12,7,5,3,2,6,2,1,0,1,0,0,0,0,5.99481E+20,5.43543E+21,1.03619E+16,4.90637E+16
89294,89295,9,6,74,223,2016,12,7,4,2,4,6,2,1,0,1,0,0,0,0,6.1537E+20,5.56386E+21,1.06171E+16,5.02157E+16
89295,89296,9,1,84,127,2016,12,21,2,3,4,2,2,2,1,1,0,0,0,0,7.02724E+20,5.32204E+21,1.17188E+16,4.80195E+16
89296,89297,9,1,77,143,2016,12,7,5,3,1,5,2,0,0,1,0,0,1,0,7.20925E+20,5.36591E+21,1.19854E+16,4.84076E+16
89297,89298,9,2,75,145,2016,12,6,5,3,8,7,2,1,0,1,0,0,0,0,8.23083E+20,5.37583E+21,1.337E+16,4.84526E+16
89298,89299,9,5,64,0,2016,12,10,5,3,3,6,0,0,0,0,0,1,1,0,6.49538E+20,5.48221E+21,1.10642E+16,4.94741E+16
89299,89300,9,7,71,145,2016,12,21,4,3,9,1,2,1,0,1,0,0,0,0,6.47652E+20,5.34395E+21,1.09883E+16,4.82316E+16
89300,89301,9,7,75,135,2016,12,17,2,3,2,6,2,0,0,1,0,0,0,0,5.73035E+20,5.36007E+21,9.98653E+15,4.83896E+16
89301,89302,9,6,72,112,2016,12,7,4,2,1,6,2,1,0,1,0,0,0,0,5.75343E+20,5.56767E+21,1.00569E+16,5.02563E+16
89302,89303,9,1,84,118,2016,12,16,3,3,5,2,1,0,1,1,0,0,0,0,7.03034E+20,5.33623E+21,1.17297E+16,4.81469E+16
89303,89304,9,7,74,155,2016,12,10,2,2,2,6,0,1,0,0,0,0,1,1,5.88788E+20,5.36728E+21,1.02008E+16,4.84524E+16
89304,89305,9,7,71,130,2016,12,14,3,2,5,3,0,1,0,1,0,0,0,0,6.45863E+20,5.36305E+21,1.09709E+16,4.84037E+16
89305,89306,9,1,73,126,2016,12,17,5,3,2,6,2,0,0,1,0,0,0,0,6.82984E+20,5.30698E+21,1.14479E+16,4.789E+16
89306,89307,9,1,61,0,2016,12,16,4,3,6,2,2,1,0,1,1,0,0,0,6.76859E+20,5.40947E+21,1.14091E+16,4.8813E+16
89307,89308,9,4,64,0,2016,12,12,5,3,1,6,0,0,0,1,0,0,0,0,7.07653E+20,5.57652E+21,1.19161E+16,5.03042E+16
89308,89309,9,7,74,150,2016,12,17,2,3,5,3,2,0,0,1,0,0,0,1,6.01614E+20,5.3449E+21,1.03688E+16,4.82492E+16
89309,89310,9,5,77,173,2016,12,7,4,3,6,4,1,1,0,1,1,0,0,0,6.39602E+20,5.42538E+21,1.09074E+16,4.89656E+16
89310,89311,9,2,73,127,2016,12,19,4,3,8,1,2,1,0,1,0,0,0,0,7.25115E+20,5.40958E+21,1.20656E+16,4.87984E+16
89311,89312,9,4,74,132,2016,12,14,2,2,9,1,0,1,0,1,0,0,0,1,6.62774E+20,5.50151E+21,1.12547E+16,4.96442E+16
89312,89313,9,1,84,123,2016,12,18,3,3,1,6,2,0,0,1,0,0,0,0,7.04138E+20,5.33297E+21,1.17429E+16,4.81172E+16
89313,89314,9,7,80,118,2016,12,10,2,2,8,1,0,0,0,1,0,0,0,0,5.94465E+20,5.26738E+21,1.02556E+16,4.7553E+16
89314,89315,9,6,76,144,2016,12,16,3,3,7,7,2,1,0,1,0,0,0,1,5.082E+20,5.52931E+21,9.11422E+15,4.99161E+16
89315,89316,9,5,76,151,2016,12,16,4,2,5,3,0,1,0,1,0,0,0,0,6.56829E+20,5.46962E+21,1.11598E+16,4.93591E+16
89316,89317,9,2,77,127,2016,12,16,4,3,2,6,2,1,0,1,0,0,0,0,7.93365E+20,5.35141E+21,1.29521E+16,4.82479E+16
89317,89318,9,4,71,115,2016,12,16,2,3,2,6,2,1,0,1,0,0,0,0,6.31243E+20,5.54086E+21,1.08316E+16,5.00056E+16
89318,89319,9,1,62,0,2016,12,18,3,3,2,6,2,0,0,1,0,0,0,0,6.94601E+20,5.33687E+21,1.16167E+16,4.81552E+16
89319,89320,9,7,76,117,2016,12,14,2,2,6,4,0,0,0,1,1,0,0,0,5.66905E+20,5.27274E+21,9.89013E+15,4.76046E+16
89320,89321,9,6,73,136,2016,12,7,3,2,2,6,2,1,0,1,0,0,0,0,5.93673E+20,5.57983E+21,1.0317E+16,5.03631E+16
89321,89322,9,1,63,0,2016,12,10,5,3,2,6,0,0,0,1,0,0,0,0,7.30888E+20,5.30337E+21,1.20859E+16,4.78422E+16
89322,89323,9,7,61,0,2016,12,16,5,3,2,6,2,0,0,1,0,0,0,0,6.37894E+20,5.36171E+21,1.08628E+16,4.83935E+16
89323,89324,9,1,61,0,2016,12,17,4,3,1,6,1,0,0,1,0,0,0,0,6.67108E+20,5.40366E+21,1.1274E+16,4.87635E+16
89324,89325,9,3,75,170,2016,12,7,5,3,5,3,1,1,0,1,0,0,1,0,7.37083E+20,5.43154E+21,1.2241E+16,4.89912E+16
89325,89326,9,7,77,147,2016,12,13,2,3,8,3,0,1,0,1,0,0,0,0,6.31962E+20,5.28299E+21,1.07584E+16,4.76869E+16
89326,89327,9,3,77,146,2016,12,4,4,3,7,7,2,0,0,1,0,0,0,0,7.31113E+20,5.5223E+21,1.22124E+16,4.98086E+16
89327,89328,9,1,90,140,2016,12,6,4,3,9,1,2,2,0,1,0,0,0,0,6.45494E+20,5.2923E+21,1.09418E+16,4.77676E+16
89328,89329,9,7,79,197,2016,12,16,2,3,5,3,2,1,1,1,0,0,0,0,6.16966E+20,5.42274E+21,1.05975E+16,4.89466E+16
89329,89330,9,5,62,0,2016,12,19,3,3,5,3,2,1,0,1,0,0,0,0,6.44909E+20,5.49359E+21,1.10045E+16,4.95776E+16
89330,89331,9,1,81,132,2016,12,14,5,3,9,7,0,1,0,1,0,0,1,0,6.45593E+20,5.32456E+21,1.0954E+16,4.80577E+16
89331,89332,9,2,63,0,2016,12,17,5,3,2,6,2,0,0,1,0,0,0,0,7.62066E+20,5.41895E+21,1.25738E+16,4.88681E+16
89332,89333,9,6,78,190,2016,12,19,5,3,0,7,1,0,0,1,0,0,0,1,5.82679E+20,5.53516E+21,1.01528E+16,4.9963E+16
89333,89334,9,7,74,135,2016,12,13,4,3,1,6,0,0,0,1,0,0,0,0,5.93959E+20,5.3658E+21,1.02704E+16,4.84383E+16
89334,89335,9,7,79,131,2016,12,6,2,3,5,3,2,1,0,1,0,0,0,0,6.30259E+20,5.39622E+21,1.07705E+16,4.87054E+16
89335,89336,9,3,73,140,2016,12,7,5,3,5,3,0,0,0,1,0,0,0,0,6.88928E+20,5.47051E+21,1.16018E+16,4.9358E+16
89336,89337,9,7,71,113,2016,12,17,5,2,4,1,2,1,0,1,0,0,0,0,6.61372E+20,5.36523E+21,1.11811E+16,4.84195E+16
89337,89338,9,1,86,147,2016,12,16,4,3,4,6,1,1,0,1,0,0,0,0,6.80811E+20,5.39316E+21,1.14557E+16,4.86653E+16
89338,89339,9,7,73,139,2016,12,17,2,3,2,6,2,1,0,1,0,0,0,0,6.17633E+20,5.38796E+21,1.05966E+16,4.86336E+16
89339,89340,9,7,75,162,2016,12,18,5,3,2,6,2,1,0,1,0,0,0,1,5.82373E+20,5.34996E+21,1.01107E+16,4.82975E+16
89340,89341,9,7,73,188,2016,12,6,2,3,5,3,2,1,0,1,0,0,0,0,6.20942E+20,5.37693E+21,1.06383E+16,4.85339E+16
89341,89342,9,5,64,0,2016,12,10,3,3,2,6,0,0,0,1,0,0,0,1,6.53606E+20,5.47843E+21,1.11189E+16,4.94391E+16
89342,89343,9,1,78,143,2016,12,17,5,2,5,2,2,0,0,1,0,0,0,0,7.15656E+20,5.37114E+21,1.1917E+16,4.84564E+16
89343,89344,9,2,75,154,2016,12,16,5,3,5,3,2,0,0,1,0,0,0,0,8.11389E+20,5.3935E+21,1.32255E+16,4.8617E+16
89344,89345,9,5,62,0,2016,12,19,5,3,6,6,2,1,1,0,1,0,0,0,6.44704E+20,5.49542E+21,1.10024E+16,4.95941E+16
89345,89346,9,7,79,148,2016,12,13,4,3,1,6,0,0,0,1,0,0,0,0,6.30307E+20,5.41371E+21,1.07767E+16,4.88627E+16
89346,89347,9,7,72,131,2016,12,11,2,3,8,1,0,1,0,1,0,0,0,0,6.16113E+20,5.35309E+21,1.05663E+16,4.83203E+16
89347,89348,9,1,62,0,2016,12,14,3,3,2,6,0,0,0,1,0,0,0,1,6.94909E+20,5.33276E+21,1.1619E+16,4.81183E+16
89348,89349,9,7,72,216,2016,12,13,2,3,2,6,0,0,0,1,0,0,0,0,6.22702E+20,5.36833E+21,1.06596E+16,4.84561E+16
89349,89350,9,7,72,147,2016,12,16,3,3,0,7,2,1,0,1,0,0,0,0,6.31891E+20,5.3645E+21,1.07826E+16,4.84198E+16
89350,89351,9,7,72,130,2016,12,15,2,3,1,6,0,1,0,1,0,0,0,1,6.31988E+20,5.35921E+21,1.07823E+16,4.83722E+16
89351,89352,9,7,74,118,2016,12,7,5,3,5,3,2,0,0,1,0,0,0,0,5.92895E+20,5.36567E+21,1.0256E+16,4.84373E+16
89352,89353,9,2,61,0,2016,12,13,5,2,4,2,0,0,0,1,0,0,0,0,7.32123E+20,5.37997E+21,1.21443E+16,4.85298E+16
89353,89354,9,7,61,0,2016,12,8,2,3,3,6,0,1,0,1,0,0,0,0,6.41116E+20,5.35666E+21,1.09046E+16,4.83473E+16
89354,89355,9,5,77,136,2016,12,5,3,3,9,1,2,2,0,1,0,0,0,0,6.21221E+20,5.43991E+21,1.06607E+16,4.91E+16
89355,89356,9,1,75,121,2016,12,18,5,2,2,2,2,1,0,1,0,0,0,0,7.15025E+20,5.3186E+21,1.18818E+16,4.79846E+16
89356,89357,9,2,72,126,2016,12,12,5,2,4,1,0,1,0,1,0,0,0,0,8.37411E+20,5.41971E+21,1.35989E+16,4.88385E+16
89357,89358,9,5,64,0,2016,12,22,5,3,2,6,2,0,0,1,0,0,0,0,6.48253E+20,5.47725E+21,1.10446E+16,4.94298E+16
89358,89359,9,6,63,0,2016,12,12,4,3,3,6,0,1,0,1,0,1,0,0,5.67822E+20,5.51669E+21,9.94243E+15,4.97988E+16
89359,89360,9,6,63,0,2016,12,1,2,3,2,7,2,0,0,1,0,0,0,0,5.70718E+20,5.51006E+21,9.98145E+15,4.97389E+16
89360,89361,9,6,61,0,2016,12,14,4,3,2,6,0,0,0,1,0,0,0,0,5.08142E+20,5.53338E+21,9.1135E+15,4.99527E+16
89361,89362,9,3,76,141,2016,12,16,4,2,4,2,2,0,0,1,0,0,0,0,7.25766E+20,5.45042E+21,1.20971E+16,4.9165E+16
89362,89363,9,7,75,152,2016,12,18,3,3,5,2,2,1,0,1,0,0,0,0,5.7716E+20,5.3536E+21,1.00411E+16,4.83309E+16
89363,89364,9,6,63,0,2016,12,7,2,2,3,6,0,0,0,1,0,0,1,0,5.69438E+20,5.51149E+21,9.96396E+15,4.97519E+16
89364,89365,9,7,61,0,2016,12,5,3,3,8,1,2,1,0,1,0,0,0,0,6.41387E+20,5.3575E+21,1.09086E+16,4.83549E+16
89365,89366,9,1,83,139,2016,12,17,5,2,5,3,2,0,0,1,0,1,0,0,7.3419E+20,5.33403E+21,1.21467E+16,4.81164E+16
89366,89367,9,7,80,143,2016,12,7,5,3,2,6,0,0,0,1,0,0,0,0,5.98416E+20,5.28306E+21,1.03116E+16,4.76934E+16
89367,89368,9,1,88,141,2016,12,1,4,3,1,5,2,2,0,1,0,0,0,0,6.70161E+20,5.30831E+21,1.1277E+16,4.79055E+16
89368,89369,9,1,73,120,2016,12,10,5,3,2,2,0,1,0,1,0,0,0,1,6.89299E+20,5.31117E+21,1.15341E+16,4.79259E+16
89369,89370,9,6,77,146,2016,12,17,2,3,5,3,2,0,0,1,0,0,0,0,5.43686E+20,5.52426E+21,9.60792E+15,4.98692E+16
89370,89371,9,4,72,199,2016,12,16,3,2,5,7,2,1,1,1,0,0,0,0,6.96616E+20,5.5357E+21,1.17403E+16,4.99412E+16
89371,89372,9,7,78,123,2016,12,14,4,3,2,6,0,0,0,1,0,0,0,0,5.83949E+20,5.31472E+21,1.0125E+16,4.79803E+16
89372,89373,9,1,88,139,2016,12,13,4,3,6,7,0,0,0,0,1,0,1,0,6.74695E+20,5.31906E+21,1.1342E+16,4.8001E+16
89373,89374,9,4,79,169,2016,12,8,5,3,0,1,0,1,0,1,0,0,0,0,7.13266E+20,5.54827E+21,1.1979E+16,5.00484E+16
89374,89375,9,6,75,113,2016,12,15,2,3,4,1,0,1,0,1,0,0,0,0,5.76836E+20,5.51072E+21,1.00665E+16,4.97441E+16
89375,89376,9,5,76,113,2016,12,5,4,3,8,1,2,1,0,1,0,0,0,0,6.65616E+20,5.45704E+21,1.12755E+16,4.92437E+16
89376,89377,9,2,74,141,2016,12,10,4,3,5,3,0,1,0,1,0,0,0,0,7.28255E+20,5.39778E+21,1.21018E+16,4.86913E+16
89377,89378,9,3,63,0,2016,12,7,2,3,2,6,0,1,0,1,0,0,0,0,7.27652E+20,5.50666E+21,1.21552E+16,4.96694E+16
89378,89379,9,7,75,135,2016,12,18,3,3,5,3,2,1,1,1,0,0,0,0,5.77006E+20,5.36195E+21,1.00405E+16,4.8406E+16
89379,89380,9,6,78,193,2016,12,7,2,3,2,6,1,0,0,1,0,0,0,1,5.78054E+20,5.53921E+21,1.00891E+16,5.00001E+16
89380,89381,9,6,78,134,2016,12,13,3,2,5,3,0,0,0,1,0,0,0,0,5.97706E+20,5.5284E+21,1.03605E+16,4.99E+16
89381,89382,9,1,87,156,2016,12,13,5,3,4,6,0,0,0,1,0,0,0,0,7.36599E+20,5.2922E+21,1.21561E+16,4.77397E+16
89382,89383,9,7,72,184,2016,12,5,5,3,9,1,2,2,0,0,0,1,0,0,6.34901E+20,5.36246E+21,1.08226E+16,4.84008E+16
89383,89384,9,1,81,127,2016,12,19,4,3,3,6,2,0,0,1,0,0,0,0,6.36823E+20,5.32779E+21,1.08374E+16,4.80887E+16
89384,89385,9,6,73,141,2016,12,18,2,1,4,1,2,1,0,1,0,0,0,0,6.06581E+20,5.56835E+21,1.04952E+16,5.02577E+16
89385,89386,9,3,71,126,2016,12,17,4,2,4,2,2,1,0,1,0,0,0,0,7.06182E+20,5.49056E+21,1.18496E+16,4.95325E+16
89386,89387,9,1,89,130,2016,12,16,4,2,5,3,2,0,0,1,0,0,0,0,7.69355E+20,5.31354E+21,1.26054E+16,4.79185E+16
89387,89388,9,4,74,171,2016,12,18,5,3,5,2,2,0,0,1,0,0,0,0,6.53789E+20,5.51192E+21,1.11345E+16,4.97401E+16
89388,89389,9,6,72,114,2016,12,23,2,3,6,2,2,1,0,1,1,0,0,0,5.76874E+20,5.56013E+21,1.00769E+16,5.01884E+16
89389,89390,9,4,77,139,2016,12,22,4,2,6,4,2,1,0,1,1,0,0,0,6.89754E+20,5.55213E+21,1.16529E+16,5.00911E+16
89390,89391,9,1,90,157,2016,12,16,4,3,4,2,1,0,0,1,0,0,0,0,6.61308E+20,5.30039E+21,1.11557E+16,4.78366E+16
89391,89392,9,7,78,150,2016,12,9,3,3,5,3,0,1,0,1,0,0,0,0,5.8612E+20,5.32215E+21,1.01555E+16,4.80468E+16
89392,89393,9,6,62,0,2016,12,13,2,3,0,2,0,0,1,1,0,0,0,0,5.87302E+20,5.54397E+21,1.02192E+16,5.00416E+16
89393,89394,9,6,76,145,2016,12,12,3,3,4,2,0,0,0,1,0,0,0,0,5.10435E+20,5.52061E+21,9.14512E+15,4.98378E+16
89394,89395,9,3,76,116,2016,12,5,5,3,4,2,2,1,0,1,0,0,0,1,7.36014E+20,5.46633E+21,1.22468E+16,4.93041E+16
89395,89396,9,6,77,148,2016,12,5,5,1,5,3,2,1,0,1,0,0,1,0,5.50552E+20,5.5371E+21,9.70514E+15,4.99841E+16
89396,89397,9,7,64,0,2016,12,13,4,2,4,3,0,0,0,1,0,0,1,0,5.883E+20,5.31307E+21,1.01829E+16,4.79648E+16
89397,89398,9,6,71,136,2016,12,11,2,2,1,5,0,1,0,1,0,0,1,0,5.04134E+20,5.54233E+21,9.05773E+15,5.00332E+16
89398,89399,9,7,75,135,2016,12,7,5,3,1,6,0,0,0,1,0,0,0,0,5.76822E+20,5.35981E+21,1.00376E+16,4.83867E+16
89399,89400,9,6,76,136,2016,12,17,2,3,4,6,2,1,0,1,0,0,0,0,5.16621E+20,5.52716E+21,9.23142E+15,4.98966E+16
89400,89401,9,5,71,199,2016,12,9,3,1,2,6,0,1,0,0,0,0,1,1,5.8215E+20,5.45022E+21,1.01277E+16,4.91993E+16
89401,89402,9,1,77,126,2016,12,8,5,3,5,2,0,1,0,1,0,0,0,0,7.19078E+20,5.3705E+21,1.19629E+16,4.84494E+16
89402,89403,9,2,77,149,2016,12,19,5,3,0,3,2,0,0,1,0,0,0,1,7.97527E+20,5.37246E+21,1.30229E+16,4.84349E+16
89403,89404,9,5,73,114,2016,12,17,5,1,6,4,2,0,0,1,1,0,0,0,6.34738E+20,5.48059E+21,1.08595E+16,4.9463E+16
89404,89405,9,7,71,146,2016,12,10,4,3,5,3,0,1,1,1,0,0,0,0,6.47438E+20,5.34857E+21,1.09871E+16,4.82731E+16
89405,89406,9,6,71,140,2016,12,20,2,3,2,6,2,0,0,1,0,0,0,0,5.06986E+20,5.53678E+21,9.09744E+15,4.99833E+16
89406,89407,9,5,63,0,2016,12,5,3,3,5,2,2,0,0,1,0,0,0,0,6.42208E+20,5.48304E+21,1.09634E+16,4.94833E+16
89407,89408,9,1,81,130,2016,12,18,5,3,5,3,2,0,0,1,0,0,0,0,6.4225E+20,5.32456E+21,1.09091E+16,4.80585E+16
89408,89409,9,2,63,0,2016,12,16,5,3,5,3,2,0,1,1,0,0,0,0,7.62075E+20,5.42046E+21,1.25749E+16,4.88817E+16
89409,89410,9,5,74,123,2016,12,6,5,2,3,6,2,0,0,1,0,0,1,0,6.61498E+20,5.479E+21,1.12279E+16,4.94422E+16
89410,89411,9,7,63,0,2016,12,15,4,3,2,6,0,0,0,1,0,0,0,0,5.9959E+20,5.28777E+21,1.03283E+16,4.77356E+16
89411,89412,9,6,71,122,2016,12,8,2,3,8,1,0,1,0,0,0,0,1,0,5.05957E+20,5.53199E+21,9.08302E+15,4.99403E+16
89412,89413,9,5,74,155,2016,12,10,2,3,2,6,0,0,0,1,0,0,0,0,6.67862E+20,5.49065E+21,1.13205E+16,4.95452E+16
89413,89414,9,7,80,122,2016,12,15,5,3,2,6,0,0,0,1,0,0,0,1,6.00896E+20,5.29207E+21,1.03467E+16,4.77741E+16
89414,89415,9,2,79,113,2016,12,17,5,3,8,1,2,1,0,1,0,0,0,0,7.77743E+20,5.39028E+21,1.27678E+16,4.86039E+16
89415,89416,9,5,62,0,2016,12,7,2,3,5,3,1,1,0,1,0,0,0,0,6.41882E+20,5.49147E+21,1.09619E+16,4.95592E+16
89416,89417,9,1,62,0,2016,12,11,4,3,5,3,0,0,0,1,0,0,0,0,6.86186E+20,5.33526E+21,1.1503E+16,4.81433E+16
89417,89418,9,1,74,115,2016,12,18,4,3,5,3,1,0,0,1,0,0,0,1,6.79413E+20,5.34949E+21,1.1418E+16,4.82732E+16
89418,89419,9,5,75,181,2016,12,21,5,3,5,3,2,0,0,1,0,0,0,0,6.26154E+20,5.49109E+21,1.07444E+16,4.95592E+16
89419,89420,9,6,75,165,2016,12,16,4,3,2,6,1,0,0,1,0,0,0,0,5.87922E+20,5.51942E+21,1.02223E+16,4.98208E+16
89420,89421,9,5,64,0,2016,12,6,2,3,5,2,2,1,1,1,0,0,0,0,6.52508E+20,5.47754E+21,1.11034E+16,4.94314E+16
89421,89422,9,5,74,123,2016,12,16,4,3,8,1,2,1,0,1,0,0,0,0,6.64021E+20,5.47995E+21,1.1263E+16,4.945E+16
89422,89423,9,2,71,116,2016,12,17,4,2,4,2,2,1,0,1,0,1,0,0,7.87626E+20,5.42341E+21,1.29247E+16,4.88968E+16
89423,89424,9,3,75,210,2016,12,6,2,3,2,6,1,0,0,1,0,0,0,0,7.45524E+20,5.43283E+21,1.2357E+16,4.89994E+16
89424,89425,9,6,75,141,2016,12,7,3,3,5,2,0,0,0,1,0,1,0,0,5.83681E+20,5.51058E+21,1.01614E+16,4.97419E+16
89425,89426,9,7,74,144,2016,12,17,6,3,2,6,2,0,0,1,0,0,0,0,6.06428E+20,5.36343E+21,1.04383E+16,4.84151E+16
89426,89427,9,7,77,159,2016,12,4,7,3,8,1,2,2,0,1,0,0,0,0,6.18863E+20,5.27319E+21,1.05813E+16,4.76012E+16
89427,89428,9,2,76,116,2016,12,19,1,3,2,6,2,1,0,1,0,0,0,0,8.00221E+20,5.42487E+21,1.30972E+16,4.89039E+16
89428,89429,9,7,80,134,2016,12,12,6,3,4,2,0,0,0,1,0,0,0,0,5.9514E+20,5.26233E+21,1.02634E+16,4.75075E+16
89429,89430,9,4,71,185,2016,12,9,7,3,8,1,0,0,0,1,0,0,0,0,6.44869E+20,5.53648E+21,1.10199E+16,4.9963E+16
89430,89431,9,7,72,223,2016,12,5,3,3,2,6,2,1,0,1,0,0,0,0,6.16904E+20,5.36288E+21,1.05797E+16,4.84082E+16
89431,89432,9,6,73,141,2016,12,9,2,3,0,1,0,2,1,0,0,0,0,0,6.04736E+20,5.56996E+21,1.04698E+16,5.02725E+16
89432,89433,9,4,74,175,2016,12,14,3,3,5,3,0,1,0,1,0,0,0,0,6.53314E+20,5.5089E+21,1.11267E+16,4.97131E+16
89433,89434,9,7,61,0,2016,12,1,1,3,5,3,2,0,0,1,0,0,0,0,6.40732E+20,5.35557E+21,1.08991E+16,4.83376E+16
89434,89435,9,1,78,143,2016,12,15,4,3,2,6,0,0,0,1,0,0,0,0,7.18057E+20,5.37216E+21,1.19499E+16,4.84647E+16
89435,89436,9,1,74,143,2016,12,19,3,3,0,1,2,0,1,0,0,0,0,0,6.74808E+20,5.35266E+21,1.13573E+16,4.8303E+16
89436,89437,9,7,80,143,2016,12,17,6,3,2,6,2,0,0,1,0,0,0,0,5.98265E+20,5.28232E+21,1.03094E+16,4.76868E+16
89437,89438,9,1,78,116,2016,12,5,2,2,5,3,2,1,0,1,0,0,0,0,7.03065E+20,5.37997E+21,1.17512E+16,4.854E+16
89438,89439,9,1,78,130,2016,12,6,6,3,5,3,2,0,0,1,0,0,0,0,7.02298E+20,5.35702E+21,1.17297E+16,4.83339E+16
89439,89440,9,6,74,129,2016,12,23,7,3,9,2,2,0,0,1,0,0,0,0,6.20284E+20,5.54312E+21,1.06794E+16,5.00283E+16
89440,89441,9,2,75,152,2016,12,6,1,3,0,7,2,0,0,1,1,0,0,0,8.21881E+20,5.40452E+21,1.3376E+16,4.87105E+16
89441,89442,9,7,79,181,2016,12,7,6,3,9,1,1,0,0,1,0,0,0,0,6.32197E+20,5.39225E+21,1.07956E+16,4.86693E+16
89442,89443,9,3,74,117,2016,12,16,7,3,2,6,2,0,0,1,0,0,0,1,7.02232E+20,5.51519E+21,1.18078E+16,4.97551E+16