FID,OBJECTID,ULAND,UREGBEZ,UKREIS,UGEMEINDE,UJAHR,UMONAT,USTUNDE,UWOCHENTAG,UKATEGORIE,UART,UTYP1,ULICHTVERH,IstStrasse,IstRad,IstPKW,IstFuss,IstKrad,IstGkfz,IstSonstig,LINREFX,LINREFY,XGCSWGS84,YGCSWGS84
89443,89444,9,6,71,135,2016,12,9,3,3,9,1,0,2,0,1,0,0,0,0,5.24645E+20,5.54999E+21,9.34462E+15,5.01017E+16
89444,89445,9,2,71,125,2016,12,7,3,3,4,2,1,1,0,1,0,0,0,0,7.97049E+20,5.40995E+21,1.30432E+16,4.87715E+16
89445,89446,9,6,77,131,2016,12,8,3,3,9,1,1,1,0,1,0,0,0,0,5.51354E+20,5.54111E+21,9.71687E+15,5.002E+16
89446,89447,9,6,71,157,2016,12,14,2,3,3,6,0,0,0,1,0,0,0,0,5.25448E+20,5.53021E+21,9.35453E+15,4.99238E+16
89447,89448,9,3,75,190,2016,12,10,3,3,5,3,0,0,0,1,0,0,0,0,7.2818E+20,5.44657E+21,1.2128E+16,4.91296E+16
89448,89449,9,6,75,141,2016,12,1,1,3,2,6,2,1,0,1,0,0,0,0,5.79771E+20,5.51104E+21,1.01073E+16,4.97466E+16
89449,89450,9,1,62,0,2016,12,12,3,3,5,3,0,0,1,1,0,0,0,0,6.92537E+20,5.33919E+21,1.159E+16,4.81768E+16
89450,89451,9,1,84,114,2016,12,14,2,2,4,2,0,0,0,1,0,0,0,0,7.00966E+20,5.32284E+21,1.16956E+16,4.80272E+16
89451,89452,9,7,72,184,2016,12,18,6,3,2,6,2,0,0,1,0,0,0,0,6.33343E+20,5.359E+21,1.08005E+16,4.83701E+16
89452,89453,9,7,78,115,2016,12,18,1,3,8,7,2,1,0,1,0,0,0,0,5.92152E+20,5.33249E+21,1.02387E+16,4.8139E+16
89453,89454,9,7,61,0,2016,12,15,6,2,0,1,0,0,1,0,0,0,0,0,6.41094E+20,5.3606E+21,1.09056E+16,4.83828E+16
89454,89455,9,3,75,180,2016,12,6,7,3,9,1,2,1,0,0,0,0,1,1,7.23192E+20,5.42754E+21,1.20493E+16,4.89604E+16
89455,89456,9,6,61,0,2016,12,10,2,3,5,3,0,0,0,1,0,0,0,1,5.11805E+20,5.53518E+21,9.16462E+15,4.99688E+16
89456,89457,9,5,74,155,2016,12,17,3,3,2,6,2,0,0,1,0,0,0,1,6.68025E+20,5.49163E+21,1.13232E+16,4.95539E+16
89457,89458,9,1,61,0,2016,12,19,4,3,6,3,2,0,0,1,1,0,0,0,6.8008E+20,5.40302E+21,1.14501E+16,4.87541E+16
89458,89459,9,2,74,135,2016,12,7,3,3,8,1,1,1,0,1,0,0,0,0,7.50831E+20,5.37733E+21,1.23957E+16,4.8499E+16
89459,89460,9,3,72,116,2016,12,13,2,3,2,6,0,0,0,1,0,0,0,0,7.67114E+20,5.45703E+21,1.26676E+16,4.92078E+16
89460,89461,9,6,79,143,2016,12,6,6,2,8,7,2,1,0,1,0,0,0,0,5.71743E+20,5.52888E+21,9.99917E+15,4.9908E+16
89461,89462,9,1,88,120,2016,12,12,1,3,6,3,0,0,0,1,1,0,0,0,6.77752E+20,5.32649E+21,1.1386E+16,4.80669E+16
89462,89463,9,6,79,180,2016,12,16,6,3,9,1,2,0,0,1,0,0,0,0,5.70759E+20,5.52914E+21,9.9855E+15,4.99104E+16
89463,89464,9,7,80,133,2016,12,17,3,3,5,3,2,1,0,1,0,0,0,0,5.97571E+20,5.25777E+21,1.02947E+16,4.74661E+16
89464,89465,9,6,79,180,2016,12,16,6,3,2,6,2,0,0,1,0,0,0,0,5.68984E+20,5.52265E+21,9.95964E+15,4.98523E+16
89465,89466,9,7,80,121,2016,12,19,1,3,2,6,2,1,0,1,0,0,0,0,5.95648E+20,5.25671E+21,1.0269E+16,4.74568E+16
89466,89467,9,5,72,132,2016,12,12,7,3,5,3,0,0,1,1,0,0,0,0,6.36313E+20,5.49217E+21,1.08852E+16,4.95667E+16
89467,89468,9,6,77,146,2016,12,14,6,3,4,6,0,0,0,1,0,1,0,0,5.46356E+20,5.52377E+21,9.64502E+15,4.98646E+16
89468,89469,9,3,75,208,2016,12,23,7,2,9,1,2,1,0,1,0,0,0,0,7.31813E+20,5.43985E+21,1.21739E+16,4.90679E+16
89469,89470,9,5,74,123,2016,12,10,2,3,1,6,0,0,0,1,0,0,0,0,6.60192E+20,5.47073E+21,1.12065E+16,4.93682E+16
89470,89471,9,5,74,120,2016,12,6,3,3,1,6,2,1,0,1,0,0,0,0,6.72387E+20,5.48448E+21,1.13803E+16,4.94885E+16
89471,89472,9,1,76,124,2016,12,11,4,3,4,2,0,0,0,1,0,0,0,0,6.71153E+20,5.41066E+21,1.13319E+16,4.88253E+16
89472,89473,9,1,83,135,2016,12,12,3,3,5,3,0,0,0,1,0,0,0,0,7.43173E+20,5.35074E+21,1.22768E+16,4.82631E+16
89473,89474,9,1,90,148,2016,12,9,2,3,4,2,0,1,0,1,0,0,0,0,6.4181E+20,5.29748E+21,1.08943E+16,4.7815E+16
89474,89475,9,6,73,184,2016,12,17,6,2,2,6,2,0,0,1,0,0,1,0,5.92012E+20,5.57625E+21,1.02928E+16,5.03312E+16
89475,89476,9,7,75,135,2016,12,17,7,3,4,2,2,2,0,1,0,0,0,0,5.74575E+20,5.36083E+21,1.00075E+16,4.83963E+16
89476,89477,9,2,75,119,2016,12,17,1,3,4,6,2,1,0,1,0,0,0,0,8.34517E+20,5.40201E+21,1.35452E+16,4.86814E+16
89477,89478,9,6,78,193,2016,12,17,6,2,1,6,2,0,0,1,0,0,0,0,5.74892E+20,5.53712E+21,1.00446E+16,4.99817E+16
89478,89479,9,3,62,0,2016,12,17,7,3,2,6,2,0,0,1,0,0,0,0,7.27627E+20,5.43501E+21,1.21139E+16,4.90259E+16
89479,89480,9,6,79,175,2016,12,20,2,3,2,6,2,0,0,0,0,0,1,0,5.72672E+20,5.51028E+21,1.00086E+16,4.97406E+16
89480,89481,9,6,72,140,2016,12,15,6,3,0,7,0,0,0,1,0,0,0,0,5.80109E+20,5.55575E+21,1.01213E+16,5.01486E+16
89481,89482,9,3,76,161,2016,12,4,7,3,8,7,2,1,0,1,0,0,0,0,7.2906E+20,5.46892E+21,1.21528E+16,4.93299E+16
89482,89483,9,4,62,0,2016,12,16,2,3,2,6,0,0,0,1,0,0,0,0,6.84468E+20,5.53532E+21,1.1571E+16,4.99417E+16
89483,89484,9,4,77,121,2016,12,9,3,3,3,6,0,0,0,1,0,0,0,1,6.86709E+20,5.54556E+21,1.16072E+16,5.0033E+16
89484,89485,9,5,65,0,2016,12,19,7,3,2,6,2,0,0,1,0,0,0,0,6.47041E+20,5.4692E+21,1.10249E+16,4.93578E+16
89485,89486,9,7,80,133,2016,12,23,2,3,9,1,2,1,0,1,0,0,0,0,5.96423E+20,5.25307E+21,1.02785E+16,4.74239E+16
89486,89487,9,6,62,0,2016,12,7,6,3,1,6,1,0,0,1,0,0,0,0,5.87489E+20,5.54324E+21,1.02217E+16,5.0035E+16
89487,89488,9,2,77,142,2016,12,22,7,3,8,1,2,0,0,1,0,0,0,0,7.91944E+20,5.39068E+21,1.29603E+16,4.8601E+16
89488,89489,9,4,75,112,2016,12,18,2,3,9,1,2,1,0,1,0,0,0,0,6.87252E+20,5.5809E+21,1.16322E+16,5.03504E+16
89489,89490,9,5,64,0,2016,12,8,3,3,5,2,0,1,1,1,0,0,0,0,6.47857E+20,5.47359E+21,1.10378E+16,4.9397E+16
89490,89491,9,1,79,123,2016,12,18,4,3,2,6,2,2,0,1,0,0,0,0,6.77547E+20,5.33518E+21,1.13869E+16,4.81451E+16
89491,89492,9,1,86,128,2016,12,17,3,3,5,3,2,0,0,1,0,0,0,0,6.76566E+20,5.38401E+21,1.13942E+16,4.85842E+16
89492,89493,9,1,89,155,2016,12,7,2,3,4,2,0,1,0,1,0,0,0,0,7.72147E+20,5.30674E+21,1.26385E+16,4.78563E+16
89493,89494,9,6,71,124,2016,12,17,6,2,6,4,2,0,0,1,1,0,0,0,5.13572E+20,5.53467E+21,9.18924E+15,4.99642E+16
89494,89495,9,1,76,139,2016,12,17,2,3,4,2,1,0,0,1,0,0,0,0,6.847E+20,5.40802E+21,1.15152E+16,4.87977E+16
89495,89496,9,7,79,201,2016,12,11,7,3,2,6,0,0,0,1,0,0,0,0,6.41551E+20,5.39617E+21,1.09239E+16,4.87025E+16
89496,89497,9,2,72,118,2016,12,13,1,3,4,2,0,1,0,1,0,0,0,0,8.32393E+20,5.41617E+21,1.35278E+16,4.88095E+16
89497,89498,9,5,74,138,2016,12,15,6,3,8,6,0,0,0,1,0,0,1,0,6.668E+20,5.4874E+21,1.13045E+16,4.95163E+16
89498,89499,9,2,75,151,2016,12,10,7,3,5,3,0,1,0,1,0,0,0,0,8.23645E+20,5.39481E+21,1.33923E+16,4.86225E+16
89499,89500,9,7,72,223,2016,12,23,3,3,3,6,2,0,0,1,0,0,0,0,6.24682E+20,5.36435E+21,1.06852E+16,4.84199E+16
89500,89501,9,6,62,0,2016,12,8,2,3,2,6,0,1,0,1,0,0,0,0,5.85584E+20,5.54519E+21,1.01955E+16,5.00528E+16
89501,89502,9,4,71,220,2016,12,11,3,3,5,3,0,0,0,1,0,1,0,0,6.17775E+20,5.51183E+21,1.06348E+16,4.97474E+16
89502,89503,9,6,73,142,2016,12,14,1,2,0,7,0,1,0,1,0,0,0,0,5.97813E+20,5.58711E+21,1.03771E+16,5.04278E+16
89503,89504,9,1,78,137,2016,12,16,4,2,9,1,1,1,0,1,0,0,0,0,6.93531E+20,5.36214E+21,1.16139E+16,4.83827E+16
89504,89505,9,1,78,143,2016,12,17,3,3,5,3,2,1,0,1,0,0,0,0,7.18328E+20,5.37227E+21,1.19537E+16,4.84656E+16
89505,89506,9,5,74,141,2016,12,12,6,2,2,6,0,0,0,1,0,0,0,1,6.67695E+20,5.48956E+21,1.13178E+16,4.95354E+16
89506,89507,9,1,62,0,2016,12,21,1,3,6,4,2,1,0,1,1,0,0,0,6.96808E+20,5.3337E+21,1.16449E+16,4.81261E+16
89507,89508,9,1,77,144,2016,12,15,6,3,5,3,0,0,0,1,0,0,0,0,7.18014E+20,5.3476E+21,1.19366E+16,4.82441E+16
89508,89509,9,6,74,171,2016,12,8,1,3,4,6,0,2,0,1,0,0,0,0,6.22009E+20,5.55953E+21,1.07087E+16,5.01754E+16
89509,89510,9,1,74,126,2016,12,20,4,3,2,6,2,1,0,1,0,0,0,0,6.83768E+20,5.34387E+21,1.14742E+16,4.82214E+16
89510,89511,9,1,88,120,2016,12,19,3,3,8,1,2,1,0,1,0,0,0,0,6.75402E+20,5.32484E+21,1.13538E+16,4.80527E+16
89511,89512,9,5,74,123,2016,12,14,6,2,2,6,0,0,0,1,0,0,0,0,6.59409E+20,5.47579E+21,1.11978E+16,4.94139E+16
89512,89513,9,1,75,132,2016,12,10,2,3,2,6,0,0,0,1,0,0,0,0,7.07391E+20,5.33022E+21,1.17853E+16,4.80915E+16
89513,89514,9,1,75,123,2016,12,12,6,2,4,1,0,1,0,1,0,0,1,0,7.20658E+20,5.33797E+21,1.19672E+16,4.81566E+16
89514,89515,9,7,71,129,2016,12,11,7,3,5,3,0,0,0,1,0,0,0,0,6.58117E+20,5.35543E+21,1.11334E+16,4.83322E+16
89515,89516,9,2,74,141,2016,12,17,1,3,4,6,2,1,0,1,0,0,0,0,7.32425E+20,5.39838E+21,1.21587E+16,4.86951E+16
89516,89517,9,5,74,164,2016,12,14,6,3,2,6,0,0,0,1,0,0,0,0,6.64969E+20,5.47732E+21,1.1275E+16,4.94262E+16
89517,89518,9,2,74,184,2016,12,16,7,2,4,2,2,0,0,1,0,1,0,0,7.48245E+20,5.37191E+21,1.23575E+16,4.84513E+16
89518,89519,9,6,73,117,2016,12,12,3,2,0,1,0,0,0,0,0,0,0,1,5.77338E+20,5.58315E+21,1.00881E+16,5.03953E+16
89519,89520,9,6,71,127,2016,12,7,2,2,4,6,2,1,0,1,0,0,1,0,5.20258E+20,5.5267E+21,9.28204E+15,4.98924E+16
89520,89521,9,2,76,115,2016,12,18,3,3,9,7,2,0,0,1,0,0,0,0,8.02799E+20,5.4506E+21,1.31515E+16,4.91335E+16
89521,89522,9,6,61,0,2016,12,5,1,3,1,5,2,0,0,1,0,0,0,0,5.10429E+20,5.53508E+21,9.14542E+15,4.9968E+16
89522,89523,9,7,74,121,2016,12,12,3,2,5,3,0,0,0,1,0,0,0,0,6.03822E+20,5.36632E+21,1.04038E+16,4.84414E+16
89523,89524,9,5,62,0,2016,12,13,6,3,2,6,0,0,0,1,0,0,0,0,6.44028E+20,5.48951E+21,1.09909E+16,4.9541E+16
89524,89525,9,7,72,163,2016,12,17,1,3,5,3,2,1,0,1,0,0,0,0,6.39601E+20,5.34613E+21,1.08807E+16,4.8253E+16
89525,89526,9,7,80,119,2016,12,12,1,2,9,1,0,0,1,0,0,0,0,0,5.96582E+20,5.29463E+21,1.02897E+16,4.77978E+16
89526,89527,9,5,64,0,2016,12,15,6,3,5,3,0,1,0,1,0,0,0,0,6.46599E+20,5.48074E+21,1.10231E+16,4.94616E+16
89527,89528,9,2,73,111,2016,12,3,7,3,4,6,2,0,0,1,0,0,1,0,7.10396E+20,5.41037E+21,1.18658E+16,4.88106E+16
89528,89529,9,5,76,151,2016,12,16,2,3,3,6,0,1,0,1,0,0,1,1,6.54383E+20,5.47083E+21,1.11266E+16,4.93706E+16
89529,89530,9,5,62,0,2016,12,20,3,3,5,2,2,0,0,1,0,1,0,0,6.44812E+20,5.49647E+21,1.10042E+16,4.96035E+16
89530,89531,9,5,76,148,2016,12,20,7,3,9,1,2,0,0,1,0,0,0,0,6.6651E+20,5.44194E+21,1.12815E+16,4.91078E+16
89531,89532,9,2,61,0,2016,12,15,1,3,2,6,0,1,0,1,0,0,0,0,7.32398E+20,5.38165E+21,1.21489E+16,4.85449E+16
89532,89533,9,5,64,0,2016,12,17,6,3,2,6,2,0,0,1,0,0,0,0,6.53619E+20,5.48354E+21,1.1121E+16,4.94851E+16
89533,89534,9,1,83,140,2016,12,9,7,3,3,6,0,0,0,1,0,0,0,0,7.40648E+20,5.34065E+21,1.22371E+16,4.81734E+16
89534,89535,9,5,74,155,2016,12,16,3,3,9,7,1,0,0,1,0,0,0,0,6.73037E+20,5.49876E+21,1.13956E+16,4.96166E+16
89535,89536,9,2,75,154,2016,12,20,3,2,4,6,2,1,0,1,0,0,0,0,8.08336E+20,5.39628E+21,1.31862E+16,4.86434E+16
89536,89537,9,3,63,0,2016,12,11,2,3,5,3,0,0,0,1,0,0,0,0,7.27589E+20,5.50776E+21,1.2155E+16,4.96794E+16
89537,89538,9,5,64,0,2016,12,15,6,3,2,6,0,0,0,1,0,0,0,0,6.51995E+20,5.48149E+21,1.10978E+16,4.9467E+16
89538,89539,9,5,74,138,2016,12,16,7,3,5,3,2,0,0,1,0,1,0,0,6.65661E+20,5.48728E+21,1.12887E+16,4.95155E+16
89539,89540,9,5,64,0,2016,12,14,6,3,0,1,0,0,1,0,0,0,0,0,6.47206E+20,5.48659E+21,1.10337E+16,4.9514E+16
89540,89541,9,1,89,119,2016,12,14,7,3,0,1,0,0,0,0,0,1,0,0,7.68949E+20,5.3086E+21,1.25969E+16,4.78744E+16
89541,89542,9,5,64,0,2016,12,9,2,3,2,6,0,1,0,1,0,0,0,0,6.46953E+20,5.48056E+21,1.10279E+16,4.94599E+16
89542,89543,9,5,64,0,2016,12,6,3,3,6,7,1,1,0,1,1,0,0,0,6.50103E+20,5.47726E+21,1.10701E+16,4.94295E+16
89543,89544,9,1,88,139,2016,12,17,4,3,6,4,2,1,0,0,1,0,0,1,6.74747E+20,5.31901E+21,1.13427E+16,4.80005E+16
89544,89545,9,1,72,122,2016,12,10,3,3,2,6,0,0,0,1,0,0,0,0,7.9223E+20,5.31561E+21,1.29123E+16,4.79271E+16
89545,89546,9,1,90,152,2016,12,6,2,3,2,6,1,2,0,1,0,0,0,0,6.6836E+20,5.29995E+21,1.12497E+16,4.78309E+16
89546,89547,9,5,73,122,2016,12,17,6,2,6,4,2,0,0,1,1,0,0,0,6.42653E+20,5.47794E+21,1.09677E+16,4.94373E+16
89547,89548,9,7,76,130,2016,12,13,7,2,2,6,0,0,0,1,0,0,0,0,5.55038E+20,5.27208E+21,9.73217E+15,4.75998E+16
89548,89549,9,1,86,151,2016,12,20,4,2,8,1,2,1,0,1,0,0,0,0,6.79298E+20,5.37461E+21,1.14272E+16,4.8499E+16
89549,89550,9,2,79,112,2016,12,16,3,3,0,1,1,1,0,0,0,1,0,0,7.54582E+20,5.39112E+21,1.24548E+16,4.86212E+16
89550,89551,9,2,78,146,2016,12,17,2,3,4,6,2,0,0,1,0,0,0,0,7.59111E+20,5.40906E+21,1.25274E+16,4.87805E+16
89551,89552,9,5,73,122,2016,12,21,6,3,9,2,2,0,0,1,0,0,0,0,6.42923E+20,5.47769E+21,1.09713E+16,4.94351E+16
89552,89553,9,1,77,130,2016,12,22,1,3,3,3,2,1,0,1,0,0,0,0,7.12612E+20,5.35216E+21,1.18663E+16,4.82869E+16
89553,89554,9,5,77,173,2016,12,6,6,3,5,2,2,0,1,1,0,0,0,0,6.37321E+20,5.4221E+21,1.08751E+16,4.89366E+16
89554,89555,9,5,71,175,2016,12,10,7,3,2,1,0,0,0,1,0,0,0,0,6.25048E+20,5.45989E+21,1.07193E+16,4.9279E+16
89555,89556,9,7,77,153,2016,12,12,2,2,5,3,0,1,1,0,0,0,0,1,6.1295E+20,5.27572E+21,1.05033E+16,4.7625E+16
89556,89557,9,5,75,118,2016,12,7,6,3,5,3,0,0,0,1,0,0,0,0,6.17413E+20,5.49549E+21,1.06249E+16,4.96006E+16
89557,89558,9,1,89,160,2016,12,17,7,2,6,4,2,0,0,1,1,0,0,0,7.596E+20,5.29224E+21,1.24624E+16,4.77313E+16
89558,89559,9,4,77,158,2016,12,9,2,3,9,1,0,2,0,1,0,0,0,0,6.81902E+20,5.54756E+21,1.15411E+16,5.00525E+16
89559,89560,9,4,75,156,2016,12,19,3,3,5,3,2,0,0,1,0,0,0,0,6.93808E+20,5.57788E+21,1.17226E+16,5.03211E+16
89560,89561,9,6,61,0,2016,12,13,1,3,9,1,0,1,0,1,0,0,0,0,5.15623E+20,5.53157E+21,9.21771E+15,4.99363E+16
89561,89562,9,1,88,120,2016,12,12,4,3,5,3,0,0,1,1,0,0,0,0,6.77521E+20,5.32638E+21,1.13829E+16,4.80659E+16
89562,89563,9,1,62,0,2016,12,14,3,3,3,6,0,0,0,1,0,0,1,0,6.8367E+20,5.34257E+21,1.14723E+16,4.82097E+16
89563,89564,9,1,87,124,2016,12,14,2,3,5,3,0,1,0,1,0,1,0,0,7.35228E+20,5.32852E+21,1.21576E+16,4.80665E+16
89564,89565,9,5,71,165,2016,12,15,6,3,2,6,0,0,0,1,0,0,0,0,6.28901E+20,5.46578E+21,1.07742E+16,4.93311E+16
89565,89566,9,1,86,162,2016,12,18,2,3,4,2,2,0,0,1,0,0,0,0,6.92845E+20,5.38769E+21,1.16164E+16,4.86125E+16
89566,89567,9,1,75,122,2016,12,22,6,3,5,3,2,0,0,1,0,0,0,0,7.19964E+20,5.32706E+21,1.19523E+16,4.80588E+16
89567,89568,9,7,73,140,2016,12,9,7,2,1,6,0,0,0,1,0,0,0,0,6.11793E+20,5.37437E+21,1.05137E+16,4.85125E+16
89568,89569,9,1,73,145,2016,12,20,1,2,4,1,2,2,0,1,0,0,0,0,6.87705E+20,5.29138E+21,1.15042E+16,4.77485E+16
89569,89570,9,5,71,130,2016,12,22,6,3,8,1,2,0,0,1,0,0,0,0,6.05985E+20,5.46732E+21,1.04593E+16,4.93494E+16
89570,89571,9,1,71,133,2016,12,14,7,3,8,1,0,0,0,1,0,0,0,0,7.68936E+20,5.34435E+21,1.26192E+16,4.81954E+16
89571,89572,9,7,72,125,2016,12,15,3,3,5,2,0,0,1,0,0,0,0,1,6.36067E+20,5.34797E+21,1.08337E+16,4.82703E+16
89572,89573,9,6,72,113,2016,12,19,2,3,6,7,2,1,0,1,1,0,0,0,5.55996E+20,5.57312E+21,9.78637E+15,5.03075E+16
89573,89574,9,1,72,134,2016,12,17,1,3,5,3,2,2,0,1,0,0,0,0,7.84482E+20,5.30796E+21,1.28038E+16,4.78619E+16
89574,89575,9,4,79,152,2016,12,22,6,2,4,1,2,2,0,1,0,0,0,0,7.25654E+20,5.56618E+21,1.21624E+16,5.02047E+16
89575,89576,9,1,63,0,2016,12,18,7,2,6,4,2,0,0,1,1,0,0,0,7.33732E+20,5.30369E+21,1.21241E+16,4.7844E+16
89576,89577,9,6,79,143,2016,12,16,2,3,2,6,2,0,0,1,0,0,0,0,5.71679E+20,5.53104E+21,9.99868E+15,4.99274E+16
89577,89578,9,4,73,134,2016,12,12,6,2,0,1,0,0,0,1,0,0,0,0,6.45762E+20,5.56533E+21,1.10434E+16,5.02221E+16
89578,89579,9,1,63,0,2016,12,15,7,3,2,6,0,0,0,1,0,0,0,0,7.30927E+20,5.30335E+21,1.20865E+16,4.7842E+16
89579,89580,9,4,71,120,2016,12,17,2,2,8,1,1,1,0,1,0,0,0,0,6.2836E+20,5.51904E+21,1.07841E+16,4.981E+16
89580,89581,9,4,62,0,2016,12,13,3,2,6,4,0,1,0,1,1,0,0,0,6.8599E+20,5.53468E+21,1.15919E+16,4.99355E+16
89581,89582,9,5,76,122,2016,12,19,1,2,2,6,2,1,0,1,0,0,0,0,6.68681E+20,5.43761E+21,1.13094E+16,4.90682E+16
89582,89583,9,1,78,130,2016,12,13,4,3,5,3,0,0,1,1,0,0,0,0,7.02617E+20,5.35426E+21,1.17327E+16,4.8309E+16
89583,89584,9,1,74,131,2016,12,10,3,3,0,1,0,0,0,1,0,0,0,0,6.77451E+20,5.36596E+21,1.13985E+16,4.84218E+16
89584,89585,9,4,78,165,2016,12,7,6,3,8,1,1,0,0,1,0,0,0,0,6.4625E+20,5.55389E+21,1.10458E+16,5.01192E+16
89585,89586,9,1,78,143,2016,12,17,2,3,4,2,1,1,0,1,0,0,0,0,7.1902E+20,5.37216E+21,1.1963E+16,4.84644E+16
89586,89587,9,1,62,0,2016,12,17,5,3,6,4,2,1,0,1,1,0,0,0,6.92115E+20,5.34002E+21,1.15847E+16,4.81843E+16
89587,89588,9,6,75,141,2016,12,11,7,3,2,2,0,0,0,1,0,0,0,0,5.8606E+20,5.50909E+21,1.01941E+16,4.97282E+16
89588,89589,9,1,72,116,2016,12,18,1,3,5,3,2,1,0,1,0,0,0,0,8.00007E+20,5.28248E+21,1.29933E+16,4.76262E+16
89589,89590,9,4,77,128,2016,12,4,6,1,6,4,2,0,0,0,1,0,1,0,6.76354E+20,5.55405E+21,1.14666E+16,5.01125E+16
89590,89591,9,1,87,150,2016,12,13,7,3,0,1,0,0,1,0,0,0,0,0,7.28833E+20,5.30348E+21,1.20586E+16,4.78439E+16
89591,89592,9,6,71,157,2016,12,12,3,3,8,1,0,1,0,1,0,0,0,0,5.2328E+20,5.53192E+21,9.32443E+15,4.99392E+16
89592,89593,9,2,76,138,2016,12,16,3,2,2,6,2,1,0,1,0,0,0,0,8.00682E+20,5.43181E+21,1.31086E+16,4.89659E+16
89593,89594,9,7,63,0,2016,12,17,3,3,2,6,2,1,0,1,0,0,0,0,5.98394E+20,5.2879E+21,1.03124E+16,4.77369E+16
89594,89595,9,3,72,153,2016,12,16,3,3,1,6,1,0,0,1,0,0,0,0,7.56317E+20,5.4548E+21,1.25182E+16,4.91924E+16
89595,89596,9,5,76,122,2016,12,19,1,2,2,6,2,1,0,1,0,0,0,0,6.68612E+20,5.43766E+21,1.13085E+16,4.90687E+16
89596,89597,9,1,62,0,2016,12,18,3,3,3,6,2,0,0,1,0,0,0,0,6.90158E+20,5.33905E+21,1.1558E+16,4.81762E+16
89597,89598,9,1,84,147,2016,12,17,2,3,1,6,2,0,0,1,0,0,0,1,6.95628E+20,5.3398E+21,1.16319E+16,4.81813E+16
89598,89599,9,4,61,0,2016,12,23,6,2,6,4,2,0,0,1,1,0,0,0,6.38006E+20,5.52868E+21,1.09215E+16,4.98945E+16
89599,89600,9,7,75,134,2016,12,0,1,3,8,1,2,2,0,1,0,0,0,0,5.84456E+20,5.36179E+21,1.01411E+16,4.84036E+16
89600,89601,9,3,74,149,2016,12,6,6,3,4,6,2,1,0,1,0,0,0,0,7.12287E+20,5.51885E+21,1.19492E+16,4.97846E+16
89601,89602,9,1,87,150,2016,12,8,7,2,4,6,1,1,0,1,0,0,0,1,7.29326E+20,5.30337E+21,1.20651E+16,4.78427E+16
89602,89603,9,5,74,156,2016,12,6,3,3,2,6,2,1,0,1,0,0,0,0,6.58226E+20,5.48205E+21,1.1184E+16,4.94705E+16
89603,89604,9,1,82,125,2016,12,18,4,3,5,3,2,0,0,1,0,0,0,0,7.15424E+20,5.29595E+21,1.18758E+16,4.77809E+16
89604,89605,9,2,74,183,2016,12,17,3,2,4,6,2,0,0,1,0,0,0,0,7.41699E+20,5.36304E+21,1.2264E+16,4.83742E+16
89605,89606,9,3,62,0,2016,12,13,2,3,8,6,0,1,0,1,0,0,1,0,7.23808E+20,5.43281E+21,1.20606E+16,4.90075E+16
89606,89607,9,3,75,118,2016,12,16,6,3,5,3,0,0,0,1,0,0,0,0,7.08376E+20,5.44735E+21,1.18573E+16,4.91436E+16
89607,89608,9,3,75,175,2016,12,8,6,3,9,1,0,1,0,1,0,0,0,0,7.16429E+20,5.43425E+21,1.19606E+16,4.90232E+16
89608,89609,9,5,61,0,2016,12,15,7,3,2,2,0,0,0,1,0,0,0,0,6.1384E+20,5.4634E+21,1.05663E+16,4.93127E+16
89609,89610,9,7,64,0,2016,12,13,2,2,8,1,0,1,0,1,0,0,0,0,5.82498E+20,5.31126E+21,1.01049E+16,4.79494E+16
89610,89611,9,3,72,137,2016,12,16,6,3,6,4,1,0,0,1,1,0,0,0,7.8178E+20,5.45424E+21,1.28666E+16,4.91761E+16
89611,89612,9,1,61,0,2016,12,14,7,3,2,6,0,0,0,1,0,0,0,0,6.80996E+20,5.40507E+21,1.14635E+16,4.87723E+16
89612,89613,9,3,72,116,2016,12,15,6,3,2,6,0,0,0,1,0,0,0,0,7.6685E+20,5.45645E+21,1.26636E+16,4.92027E+16
89613,89614,9,3,71,151,2016,12,7,6,2,2,6,1,0,0,1,0,0,0,1,6.98178E+20,5.48429E+21,1.1736E+16,4.94789E+16
89614,89615,9,1,61,0,2016,12,17,7,3,3,6,2,0,0,1,0,0,0,0,6.7913E+20,5.40137E+21,1.14365E+16,4.87396E+16
89615,89616,9,5,74,155,2016,12,11,2,3,5,3,0,1,0,1,0,1,0,0,6.6859E+20,5.49302E+21,1.13316E+16,4.95663E+16
89616,89617,9,5,74,138,2016,12,6,3,3,5,3,2,0,0,1,0,0,1,0,6.6555E+20,5.48544E+21,1.12864E+16,4.9499E+16
89617,89618,9,1,61,0,2016,12,13,4,3,2,6,0,0,0,1,0,0,0,0,6.76024E+20,5.40459E+21,1.13956E+16,4.87694E+16
89618,89619,9,1,89,143,2016,12,15,3,3,4,3,0,0,0,1,0,0,0,0,7.59446E+20,5.31506E+21,1.2474E+16,4.79363E+16
89619,89620,9,1,90,148,2016,12,10,2,3,6,7,0,0,0,1,1,0,0,0,6.41786E+20,5.2975E+21,1.0894E+16,4.78152E+16
89620,89621,9,3,71,151,2016,12,7,6,2,4,6,1,0,0,1,0,0,0,0,6.98178E+20,5.48429E+21,1.1736E+16,4.94789E+16
89621,89622,9,7,78,136,2016,12,19,7,3,8,1,2,1,0,1,0,0,0,0,5.99285E+20,5.32037E+21,1.03317E+16,4.80289E+16