FID,OBJECTID,ULAND,UREGBEZ,UKREIS,UGEMEINDE,UJAHR,UMONAT,USTUNDE,UWOCHENTAG,UKATEGORIE,UART,UTYP1,ULICHTVERH,IstStrasse,IstRad,IstPKW,IstFuss,IstKrad,IstGkfz,IstSonstig,LINREFX,LINREFY,XGCSWGS84,YGCSWGS84
89800,89801,9,2,77,124,2016,12,7,6,3,2,6,0,2,0,1,0,0,0,0,7.83613E+20,5.37013E+21,1.28336E+16,4.84204E+16
89801,89802,9,4,79,136,2016,12,14,6,3,8,1,0,1,0,1,0,0,0,0,7.20617E+20,5.54737E+21,1.2081E+16,5.00377E+16
89802,89803,9,1,87,117,2016,12,14,5,3,2,6,0,0,0,1,0,0,0,1,7.25471E+20,5.30534E+21,1.20147E+16,4.78618E+16
89803,89804,9,7,75,152,2016,12,13,5,3,2,6,0,0,0,1,0,0,0,0,5.76934E+20,5.3535E+21,1.0038E+16,4.833E+16
89804,89805,9,6,71,148,2016,12,18,2,3,9,1,2,1,0,1,0,0,0,0,5.28245E+20,5.53707E+21,9.39399E+15,4.99853E+16
89805,89806,9,4,71,119,2016,12,17,5,3,2,6,2,0,0,1,0,0,0,0,6.36421E+20,5.53913E+21,1.09032E+16,4.99889E+16
89806,89807,9,4,74,132,2016,12,20,1,2,8,1,2,1,0,1,0,0,0,0,6.60704E+20,5.5016E+21,1.12261E+16,4.96455E+16
89807,89808,9,6,77,164,2016,12,20,2,3,5,3,2,0,0,1,0,0,0,0,5.4655E+20,5.5424E+21,9.64996E+15,5.00321E+16
89808,89809,9,6,71,156,2016,12,21,1,3,5,3,2,1,0,1,0,0,0,0,5.20829E+20,5.53605E+21,9.29049E+15,4.99764E+16
89809,89810,9,6,73,114,2016,12,14,6,3,2,6,0,1,0,1,0,0,0,0,5.87941E+20,5.57616E+21,1.02356E+16,5.0331E+16
89810,89811,9,3,63,0,2016,12,22,5,2,8,1,2,1,0,1,0,0,0,0,7.25751E+20,5.50868E+21,1.21301E+16,4.96883E+16
89811,89812,9,1,71,125,2016,12,17,3,3,2,6,1,0,0,1,0,0,0,0,7.74503E+20,5.3512E+21,1.26984E+16,4.82545E+16
89812,89813,9,5,73,127,2016,12,12,7,3,1,3,0,1,0,1,0,1,0,0,6.46147E+20,5.47542E+21,1.10149E+16,4.94139E+16
89813,89814,9,7,75,115,2016,12,16,3,3,2,6,1,0,0,1,0,0,0,0,5.82663E+20,5.34701E+21,1.0114E+16,4.82709E+16
89814,89815,9,1,61,0,2016,12,17,5,3,2,6,2,1,0,1,0,0,0,0,6.76239E+20,5.40452E+21,1.13985E+16,4.87687E+16
89815,89816,9,1,85,143,2016,12,18,5,2,6,2,2,1,0,0,1,0,0,1,6.62522E+20,5.38554E+21,1.12045E+16,4.86018E+16
89816,89817,9,7,78,113,2016,12,15,5,3,5,2,1,0,0,1,0,0,0,1,6.09406E+20,5.31726E+21,1.04667E+16,4.79993E+16
89817,89818,9,4,75,181,2016,12,16,7,3,2,6,2,1,0,1,0,0,0,0,7.05348E+20,5.58451E+21,1.18882E+16,5.03768E+16
89818,89819,9,4,74,126,2016,12,15,2,3,4,6,0,0,0,1,0,0,0,0,6.49814E+20,5.50687E+21,1.10774E+16,4.96957E+16
89819,89820,9,3,63,0,2016,12,17,5,3,5,3,2,0,0,1,0,0,0,0,7.27731E+20,5.50725E+21,1.21566E+16,4.96747E+16
89820,89821,9,2,75,133,2016,12,12,1,3,8,6,0,1,0,1,0,0,0,0,8.25343E+20,5.38575E+21,1.34082E+16,4.85403E+16
89821,89822,9,7,64,0,2016,12,13,6,3,5,3,0,0,1,1,0,0,0,0,5.87311E+20,5.31466E+21,1.017E+16,4.79793E+16
89822,89823,9,1,86,143,2016,12,6,5,2,5,2,2,1,0,1,0,0,0,1,6.89709E+20,5.38206E+21,1.15714E+16,4.85629E+16
89823,89824,9,1,62,0,2016,12,12,2,3,3,6,0,0,0,1,0,1,0,0,6.99234E+20,5.33303E+21,1.16771E+16,4.81194E+16
89824,89825,9,2,74,128,2016,12,10,6,3,8,1,0,0,0,1,0,0,0,0,7.42955E+20,5.39047E+21,1.22969E+16,4.862E+16
89825,89826,9,1,61,0,2016,12,7,5,3,2,6,1,1,0,1,0,0,0,0,6.76003E+20,5.4046E+21,1.13954E+16,4.87695E+16
89826,89827,9,3,74,111,2016,12,11,5,2,8,1,0,0,0,1,0,0,0,0,7.27351E+20,5.51258E+21,1.21545E+16,4.97227E+16
89827,89828,9,1,86,152,2016,12,11,3,3,2,6,0,0,0,1,0,0,0,0,6.91467E+20,5.37368E+21,1.15913E+16,4.8487E+16
89828,89829,9,7,72,147,2016,12,14,3,3,2,6,0,0,0,1,0,0,0,0,6.33591E+20,5.36454E+21,1.08056E+16,4.84198E+16
89829,89830,9,1,76,160,2016,12,14,5,3,0,1,0,1,0,1,0,0,0,0,6.57158E+20,5.42008E+21,1.1145E+16,4.89137E+16
89830,89831,9,6,77,203,2016,12,7,6,3,9,1,2,1,0,1,0,0,0,0,5.57871E+20,5.52769E+21,9.80582E+15,4.98988E+16
89831,89832,9,2,79,132,2016,12,14,6,3,2,6,0,0,0,1,0,0,0,0,7.68287E+20,5.39917E+21,1.26456E+16,4.86878E+16
89832,89833,9,7,71,111,2016,12,18,5,3,2,6,2,1,0,1,0,0,0,0,6.58571E+20,5.35714E+21,1.11402E+16,4.83476E+16
89833,89834,9,7,63,0,2016,12,15,5,3,5,3,0,1,0,1,0,0,0,1,5.98215E+20,5.28776E+21,1.031E+16,4.77357E+16
89834,89835,9,2,77,153,2016,12,23,7,3,9,7,2,1,0,1,0,0,0,0,7.804E+20,5.36244E+21,1.27851E+16,4.83528E+16
89835,89836,9,2,71,125,2016,12,13,2,2,2,1,0,1,0,1,0,0,0,0,8.023E+20,5.40684E+21,1.31122E+16,4.87411E+16
89836,89837,9,3,74,124,2016,12,17,5,2,4,2,2,1,0,1,0,0,0,0,7.13111E+20,5.50773E+21,1.19545E+16,4.96844E+16
89837,89838,9,6,72,113,2016,12,10,3,3,9,1,0,1,0,1,0,0,0,0,5.57896E+20,5.57492E+21,9.81333E+15,5.03235E+16
89838,89839,9,1,87,181,2016,12,13,1,2,8,1,0,1,0,1,0,0,0,0,7.36612E+20,5.31134E+21,1.21667E+16,4.79117E+16
89839,89840,9,7,62,0,2016,12,12,6,3,2,6,0,0,0,1,0,0,0,1,6.21437E+20,5.30432E+21,1.06242E+16,4.78807E+16
89840,89841,9,1,88,139,2016,12,18,5,2,0,7,2,1,1,0,0,0,0,0,6.7418E+20,5.31859E+21,1.13349E+16,4.79969E+16
89841,89842,9,7,80,114,2016,12,21,2,3,8,1,2,1,0,1,0,0,0,0,6.02584E+20,5.28583E+21,1.03678E+16,4.77177E+16
89842,89843,9,2,74,128,2016,12,16,6,3,2,6,1,1,0,1,0,0,1,0,7.36693E+20,5.38898E+21,1.22112E+16,4.86091E+16
89843,89844,9,4,63,0,2016,12,16,6,3,5,3,2,1,0,1,0,0,0,0,6.38575E+20,5.56981E+21,1.09443E+16,5.02641E+16
89844,89845,9,1,81,130,2016,12,17,5,3,2,6,2,1,0,1,0,0,0,0,6.38929E+20,5.32544E+21,1.08649E+16,4.80671E+16
89845,89846,9,7,80,134,2016,12,22,5,3,8,1,2,1,0,1,0,0,0,0,5.95325E+20,5.26123E+21,1.02657E+16,4.74975E+16
89846,89847,9,1,81,127,2016,12,7,5,3,5,3,0,1,0,1,0,0,0,0,6.36261E+20,5.32645E+21,1.08294E+16,4.80768E+16
89847,89848,9,7,76,116,2016,12,17,5,2,6,4,2,1,0,1,1,0,0,0,5.5295E+20,5.26685E+21,9.70377E+15,4.75529E+16
89848,89849,9,1,86,152,2016,12,5,7,3,8,1,2,0,0,0,0,0,0,1,6.94753E+20,5.37671E+21,1.16372E+16,4.85133E+16
89849,89850,9,1,88,120,2016,12,11,2,3,5,3,0,0,1,1,0,0,0,0,6.76552E+20,5.32534E+21,1.13695E+16,4.80569E+16
89850,89851,9,1,90,159,2016,12,13,6,3,5,3,0,1,0,1,0,0,0,0,6.63278E+20,5.30579E+21,1.1184E+16,4.78847E+16
89851,89852,9,1,84,119,2016,12,1,5,2,2,6,2,0,0,1,0,0,1,0,6.95893E+20,5.34624E+21,1.16384E+16,4.82391E+16
89852,89853,9,7,63,0,2016,12,18,5,3,2,6,2,1,0,1,0,0,0,0,5.99209E+20,5.28719E+21,1.03231E+16,4.77304E+16
89853,89854,9,1,90,153,2016,12,16,7,3,4,1,0,1,0,1,0,0,0,0,6.75944E+20,5.28886E+21,1.13464E+16,4.77291E+16
89854,89855,9,1,89,130,2016,12,20,2,3,5,3,2,1,0,1,0,0,0,0,7.66005E+20,5.3125E+21,1.256E+16,4.79106E+16
89855,89856,9,3,74,124,2016,12,7,5,3,5,6,1,1,0,1,0,0,0,0,7.11608E+20,5.50994E+21,1.19349E+16,4.97048E+16
89856,89857,9,5,71,145,2016,12,19,3,3,6,2,1,0,0,1,1,0,0,0,5.96774E+20,5.44641E+21,1.03274E+16,4.91629E+16
89857,89858,9,7,75,152,2016,12,20,7,3,8,1,2,1,0,1,0,0,0,0,5.82422E+20,5.35169E+21,1.01117E+16,4.8313E+16
89858,89859,9,7,72,149,2016,12,13,6,3,1,1,0,0,0,1,0,0,0,0,6.37746E+20,5.34031E+21,1.08538E+16,4.82011E+16
89859,89860,9,1,61,0,2016,12,16,4,3,2,6,1,0,0,1,0,0,0,0,6.82317E+20,5.40636E+21,1.1482E+16,4.87835E+16
89860,89861,9,1,77,117,2016,12,13,5,3,1,6,0,0,0,1,0,0,0,0,7.15969E+20,5.35307E+21,1.19119E+16,4.82939E+16
89861,89862,9,1,83,124,2016,12,21,6,3,8,1,2,1,0,1,0,0,0,0,7.54937E+20,5.34211E+21,1.24298E+16,4.8181E+16
89862,89863,9,4,77,136,2016,12,5,6,3,8,1,2,2,0,1,0,0,0,0,6.69722E+20,5.55241E+21,1.13732E+16,5.00997E+16
89863,89864,9,1,62,0,2016,12,13,4,3,2,6,0,0,0,1,0,0,1,0,6.90304E+20,5.33903E+21,1.156E+16,4.8176E+16
89864,89865,9,7,62,0,2016,12,13,5,3,2,6,0,1,0,1,0,0,0,0,6.22056E+20,5.30436E+21,1.06325E+16,4.7881E+16
89865,89866,9,7,71,113,2016,12,20,2,3,0,1,2,1,0,1,0,0,0,0,6.54866E+20,5.36512E+21,1.10932E+16,4.84202E+16
89866,89867,9,7,75,135,2016,12,20,1,2,4,6,2,0,0,1,0,0,0,0,5.75213E+20,5.35961E+21,1.00159E+16,4.83851E+16
89867,89868,9,6,78,176,2016,12,18,6,2,6,4,2,1,0,1,1,0,0,0,5.89246E+20,5.53895E+21,1.02452E+16,4.99962E+16
89868,89869,9,3,62,0,2016,12,17,5,3,2,6,1,0,0,1,0,0,0,0,7.31892E+20,5.43236E+21,1.21707E+16,4.90005E+16
89869,89870,9,1,73,120,2016,12,12,3,3,2,6,0,0,0,1,0,0,0,0,6.87102E+20,5.31145E+21,1.15049E+16,4.79291E+16
89870,89871,9,5,74,123,2016,12,9,7,3,8,1,0,1,0,1,0,0,0,0,6.62817E+20,5.48119E+21,1.12469E+16,4.94615E+16
89871,89872,9,1,84,145,2016,12,12,3,3,2,6,0,0,0,1,0,0,0,0,6.96503E+20,5.32226E+21,1.16355E+16,4.80234E+16
89872,89873,9,1,84,118,2016,12,16,4,3,2,6,2,0,0,1,0,0,0,0,7.04237E+20,5.33621E+21,1.17458E+16,4.81464E+16
89873,89874,9,2,79,127,2016,12,6,4,2,8,1,0,0,0,1,0,0,0,0,7.49632E+20,5.40077E+21,1.23935E+16,4.871E+16
89874,89875,9,6,76,112,2016,12,10,6,3,3,6,0,1,0,1,0,1,0,0,5.16499E+20,5.49898E+21,9.22853E+15,4.96431E+16
89875,89876,9,3,62,0,2016,12,16,5,3,5,3,2,1,0,0,0,0,0,1,7.28109E+20,5.43539E+21,1.21207E+16,4.90292E+16
89876,89877,9,2,71,135,2016,12,10,3,3,4,6,0,0,0,1,0,0,1,0,7.89383E+20,5.40634E+21,1.29366E+16,4.87427E+16
89877,89878,9,6,77,133,2016,12,12,7,3,9,1,0,1,0,1,0,0,0,0,5.51783E+20,5.55084E+21,9.72417E+15,5.01075E+16
89878,89879,9,1,84,119,2016,12,8,4,3,9,1,0,1,0,1,0,0,0,0,6.96307E+20,5.34935E+21,1.16454E+16,4.82669E+16
89879,89880,9,1,84,147,2016,12,11,4,2,6,7,0,0,0,1,1,0,0,0,6.96203E+20,5.34094E+21,1.16401E+16,4.81913E+16
89880,89881,9,2,79,127,2016,12,4,4,3,8,1,2,1,0,1,0,0,0,0,7.52205E+20,5.40127E+21,1.24288E+16,4.87134E+16
89881,89882,9,1,82,127,2016,12,10,6,2,2,6,0,1,0,1,0,0,0,0,7.02497E+20,5.31153E+21,1.17108E+16,4.79251E+16
89882,89883,9,4,71,214,2016,12,0,6,3,8,1,2,1,0,1,0,0,0,0,6.40223E+20,5.54514E+21,1.09584E+16,5.00421E+16
89883,89884,9,1,62,0,2016,12,7,4,3,5,3,2,0,1,0,0,0,0,1,6.88692E+20,5.33746E+21,1.15376E+16,4.81624E+16
89884,89885,9,7,79,149,2016,12,7,5,3,8,1,0,0,0,1,0,0,0,0,6.35705E+20,5.39684E+21,1.08447E+16,4.87098E+16
89885,89886,9,6,77,148,2016,12,10,2,2,9,1,0,1,0,1,0,0,0,0,5.53155E+20,5.5337E+21,9.74098E+15,4.99533E+16
89886,89887,9,5,72,142,2016,12,17,1,3,2,6,1,0,0,1,0,0,0,1,6.45071E+20,5.49973E+21,1.1009E+16,4.96327E+16
89887,89888,9,6,61,0,2016,12,8,6,3,5,2,0,1,0,1,0,0,0,0,5.12148E+20,5.53752E+21,9.16947E+15,4.99899E+16
89888,89889,9,3,73,126,2016,12,7,5,2,0,6,0,1,0,1,0,0,1,0,6.71575E+20,5.44794E+21,1.13534E+16,4.91603E+16
89889,89890,9,1,87,129,2016,12,17,3,3,2,6,2,0,0,1,0,0,0,0,7.21665E+20,5.30108E+21,1.19617E+16,4.78249E+16
89890,89891,9,7,75,162,2016,12,11,3,3,2,6,0,0,0,1,0,0,0,0,5.82629E+20,5.34764E+21,1.01137E+16,4.82766E+16
89891,89892,9,1,62,0,2016,12,9,4,3,5,3,0,1,0,1,0,0,0,0,6.97592E+20,5.33017E+21,1.16538E+16,4.80942E+16
89892,89893,9,6,72,121,2016,12,13,6,3,2,6,0,0,0,1,0,0,0,0,5.6858E+20,5.5513E+21,9.95912E+15,5.011E+16
89893,89894,9,1,62,0,2016,12,7,4,3,2,6,1,1,0,1,0,0,1,0,6.93528E+20,5.33718E+21,1.16024E+16,4.81584E+16
89894,89895,9,7,72,141,2016,12,13,5,3,5,3,0,0,0,1,0,0,0,0,6.22165E+20,5.34972E+21,1.06469E+16,4.82888E+16
89895,89896,9,3,76,119,2016,12,3,7,2,0,1,2,2,1,0,0,0,0,0,7.23011E+20,5.45333E+21,1.2061E+16,4.91921E+16
89896,89897,9,3,74,111,2016,12,16,2,3,8,1,2,1,0,1,0,0,0,0,7.2798E+20,5.513E+21,1.21634E+16,4.97263E+16
89897,89898,9,1,82,127,2016,12,10,6,3,2,6,0,1,0,1,0,0,0,0,7.02632E+20,5.31109E+21,1.17124E+16,4.79211E+16
89898,89899,9,4,74,154,2016,12,4,6,3,8,1,2,2,0,1,0,0,0,0,6.53027E+20,5.49921E+21,1.11189E+16,4.96261E+16
89899,89900,9,7,75,135,2016,12,18,4,3,2,6,2,1,0,1,0,0,0,0,5.73044E+20,5.36006E+21,9.98666E+15,4.83895E+16
89900,89901,9,7,72,177,2016,12,17,5,3,5,2,2,0,1,1,0,0,0,0,6.36816E+20,5.37872E+21,1.08538E+16,4.85466E+16
89901,89902,9,5,73,134,2016,12,22,2,2,9,1,2,1,0,1,0,0,0,0,6.37421E+20,5.47538E+21,1.08947E+16,4.94155E+16
89902,89903,9,3,72,137,2016,12,21,1,3,8,1,2,1,0,1,0,0,0,0,7.82439E+20,5.45199E+21,1.2874E+16,4.91557E+16
89903,89904,9,1,74,118,2016,12,17,7,3,4,2,2,1,0,1,0,0,0,0,6.71048E+20,5.35561E+21,1.13079E+16,4.83305E+16
89904,89905,9,1,78,142,2016,12,23,3,3,0,7,2,1,1,1,0,0,0,0,7.13963E+20,5.37767E+21,1.18974E+16,4.85156E+16
89905,89906,9,6,79,143,2016,12,14,3,3,5,3,0,0,0,1,0,0,0,0,5.71791E+20,5.52915E+21,9.99988E+15,4.99104E+16
89906,89907,9,7,75,143,2016,12,7,4,3,1,6,2,1,1,1,0,0,0,0,5.85971E+20,5.35644E+21,1.01605E+16,4.83553E+16
89907,89908,9,1,87,118,2016,12,13,6,3,5,3,0,0,0,1,0,0,0,0,7.5396E+20,5.29975E+21,1.23917E+16,4.78009E+16
89908,89909,9,7,75,135,2016,12,15,4,3,5,3,0,0,1,1,0,0,0,0,5.75952E+20,5.35924E+21,1.00258E+16,4.83818E+16
89909,89910,9,7,72,184,2016,12,12,5,3,4,6,0,0,0,1,0,0,0,0,6.35178E+20,5.36238E+21,1.08263E+16,4.84001E+16
89910,89911,9,2,73,147,2016,12,11,7,3,2,6,0,1,0,1,0,0,0,0,7.0473E+20,5.39096E+21,1.17791E+16,4.86381E+16
89911,89912,9,2,75,134,2016,12,12,2,3,1,6,0,1,0,1,0,0,0,0,8.2442E+20,5.37438E+21,1.33869E+16,4.84389E+16
89912,89913,9,3,76,149,2016,12,16,5,3,4,3,1,1,0,1,0,0,0,0,7.34748E+20,5.45932E+21,1.22253E+16,4.92416E+16
89913,89914,9,6,71,130,2016,12,17,3,3,6,2,1,0,0,1,1,0,0,0,5.14579E+20,5.53904E+21,9.20344E+15,5.00035E+16
89914,89915,9,1,77,117,2016,12,11,1,3,4,2,0,1,0,1,0,0,0,0,7.16502E+20,5.3542E+21,1.19197E+16,4.83039E+16
89915,89916,9,7,77,166,2016,12,12,6,3,5,6,0,0,0,1,0,0,0,0,6.28604E+20,5.28294E+21,1.07137E+16,4.7687E+16
89916,89917,9,7,75,135,2016,12,10,4,3,2,7,0,0,0,1,0,0,0,0,5.74872E+20,5.36047E+21,1.00114E+16,4.83929E+16
89917,89918,9,1,82,119,2016,12,5,6,1,4,7,2,1,0,1,0,0,0,0,7.11884E+20,5.29525E+21,1.18283E+16,4.77758E+16
89918,89919,9,3,61,0,2016,12,6,5,3,5,3,2,1,0,1,0,0,0,0,7.09588E+20,5.47962E+21,1.18908E+16,4.94331E+16
89919,89920,9,2,79,122,2016,12,18,1,2,4,1,2,1,0,1,0,0,0,0,7.7099E+20,5.39785E+21,1.26814E+16,4.86748E+16
89920,89921,9,7,63,0,2016,12,15,6,3,2,6,0,0,0,1,0,0,0,0,5.99334E+20,5.28759E+21,1.03249E+16,4.7734E+16
89921,89922,9,7,78,127,2016,12,19,4,2,9,1,2,1,0,1,0,0,0,0,6.15021E+20,5.31828E+21,1.05422E+16,4.80075E+16
89922,89923,9,1,62,0,2016,12,17,2,2,9,7,2,0,0,1,0,0,0,0,6.88702E+20,5.33742E+21,1.15377E+16,4.8162E+16
89923,89924,9,1,82,116,2016,12,10,6,3,2,6,0,0,0,1,0,0,0,0,7.03977E+20,5.29155E+21,1.17212E+16,4.77451E+16
89924,89925,9,7,64,0,2016,12,10,4,3,0,7,0,0,1,0,0,0,0,0,5.87819E+20,5.31679E+21,1.01772E+16,4.79984E+16
89925,89926,9,1,87,130,2016,12,15,6,3,5,1,0,1,0,1,0,0,0,0,7.11651E+20,5.30939E+21,1.18321E+16,4.79029E+16
89926,89927,9,7,74,185,2016,12,7,4,3,5,3,2,1,0,1,0,0,0,0,6.08322E+20,5.34921E+21,1.04603E+16,4.82868E+16
89927,89928,9,7,71,130,2016,12,10,5,3,4,2,0,1,0,1,0,0,0,0,6.48686E+20,5.3569E+21,1.10068E+16,4.83478E+16
89928,89929,9,1,63,0,2016,12,11,7,3,2,6,0,0,0,1,0,0,0,0,7.33536E+20,5.30268E+21,1.21209E+16,4.78351E+16
89929,89930,9,1,87,179,2016,12,10,2,3,5,3,0,0,1,1,0,0,0,0,7.24927E+20,5.31322E+21,1.20115E+16,4.79328E+16
89930,89931,9,6,71,111,2016,12,21,6,3,4,2,2,1,0,1,0,0,0,0,5.08017E+20,5.54986E+21,9.1121E+15,5.0101E+16
89931,89932,9,2,71,119,2016,12,17,5,2,3,6,2,1,0,1,0,0,1,0,7.8873E+20,5.41416E+21,1.29332E+16,4.88133E+16
89932,89933,9,4,78,155,2016,12,13,3,3,5,2,0,0,0,1,0,0,0,0,6.58127E+20,5.55987E+21,1.12143E+16,5.01699E+16
89933,89934,9,7,71,130,2016,12,18,7,1,8,7,2,1,0,1,0,0,0,0,6.45108E+20,5.36297E+21,1.09606E+16,4.84032E+16
89934,89935,9,6,79,180,2016,12,16,6,3,5,3,2,1,0,1,0,0,0,0,5.69369E+20,5.52347E+21,9.96513E+15,4.98596E+16
89935,89936,9,1,86,113,2016,12,17,4,3,2,6,2,0,0,1,0,0,0,0,6.84318E+20,5.39451E+21,1.15039E+16,4.86765E+16
89936,89937,9,7,80,143,2016,12,11,4,3,8,1,0,0,0,1,0,0,0,0,5.97818E+20,5.28126E+21,1.03032E+16,4.76773E+16
89937,89938,9,1,90,148,2016,12,15,4,3,8,1,0,0,0,1,0,0,0,0,6.41404E+20,5.29778E+21,1.0889E+16,4.78178E+16
89938,89939,9,1,85,149,2016,12,11,6,3,2,6,0,0,0,1,0,0,0,0,6.59657E+20,5.40101E+21,1.11717E+16,4.87416E+16
89939,89940,9,4,61,0,2016,12,10,6,3,2,6,0,1,0,1,0,0,0,0,6.367E+20,5.5274E+21,1.09029E+16,4.98834E+16
89940,89941,9,7,63,0,2016,12,14,4,3,5,3,0,1,0,1,0,0,0,0,5.98386E+20,5.28578E+21,1.03118E+16,4.77179E+16
89941,89942,9,7,71,142,2016,12,20,5,3,0,7,2,1,1,0,0,0,0,0,6.45382E+20,5.35313E+21,1.09609E+16,4.83147E+16
89942,89943,9,6,79,201,2016,12,18,2,3,5,3,2,0,0,1,0,0,0,0,5.74526E+20,5.52357E+21,1.00369E+16,4.98599E+16
89943,89944,9,3,63,0,2016,12,10,6,3,6,2,0,2,0,1,1,0,0,0,7.28328E+20,5.50759E+21,1.21651E+16,4.96776E+16
89944,89945,9,7,77,158,2016,12,17,4,2,8,1,2,1,0,1,0,0,0,0,6.2002E+20,5.31077E+21,1.06071E+16,4.7939E+16
89945,89946,9,6,75,113,2016,12,11,5,3,3,6,0,0,0,1,0,0,0,0,5.7633E+20,5.51284E+21,1.00599E+16,4.97632E+16
89946,89947,9,7,77,159,2016,12,17,4,2,6,4,2,1,0,1,1,0,0,0,6.17288E+20,5.27121E+21,1.05598E+16,4.75837E+16
89947,89948,9,6,79,209,2016,12,21,5,3,8,1,2,1,0,1,0,0,0,0,5.6221E+20,5.51644E+21,9.86442E+15,4.97972E+16
89948,89949,9,1,79,138,2016,12,12,7,2,8,6,0,1,0,1,0,0,0,0,6.54759E+20,5.33277E+21,1.10799E+16,4.81294E+16
89949,89950,9,1,78,122,2016,12,16,2,3,4,6,0,1,0,1,0,0,0,0,7.07266E+20,5.38546E+21,1.18108E+16,4.85879E+16
89950,89951,9,5,76,151,2016,12,17,6,3,2,6,2,1,0,1,0,0,0,1,6.55853E+20,5.47242E+21,1.11475E+16,4.93846E+16
89951,89952,9,2,71,151,2016,12,15,5,3,5,2,0,1,0,1,0,0,0,0,7.81745E+20,5.41134E+21,1.28364E+16,4.87912E+16
89952,89953,9,2,61,0,2016,12,14,3,3,2,6,0,0,0,1,0,0,0,0,7.31595E+20,5.38155E+21,1.2138E+16,4.85442E+16
89953,89954,9,6,71,130,2016,12,10,7,3,3,2,0,0,1,1,0,0,0,0,5.15262E+20,5.53923E+21,9.21298E+15,5.00052E+16
89954,89955,9,1,77,117,2016,12,11,4,3,2,6,0,0,0,1,0,0,0,0,7.16327E+20,5.35487E+21,1.19177E+16,4.831E+16
89955,89956,9,7,79,194,2016,12,7,4,3,4,2,1,1,0,1,0,0,0,0,6.09939E+20,5.41071E+21,1.04983E+16,4.88396E+16
89956,89957,9,1,72,134,2016,12,15,6,2,5,3,0,0,0,1,0,0,0,0,7.86689E+20,5.30542E+21,1.28316E+16,4.78381E+16
89957,89958,9,1,85,149,2016,12,18,6,3,4,6,2,1,0,1,0,0,0,0,6.58357E+20,5.40154E+21,1.11542E+16,4.87467E+16
89958,89959,9,3,74,124,2016,12,5,6,3,8,1,2,2,0,1,0,0,0,0,7.09301E+20,5.51254E+21,1.19044E+16,4.97289E+16
89959,89960,9,7,72,147,2016,12,17,4,3,2,6,2,2,0,1,0,0,0,0,6.38589E+20,5.36381E+21,1.08729E+16,4.84122E+16
89960,89961,9,6,63,0,2016,12,20,5,3,2,6,2,1,0,1,0,0,0,0,5.71787E+20,5.51588E+21,9.99737E+15,4.97911E+16
89961,89962,9,6,76,125,2016,12,4,2,3,5,3,2,1,0,1,0,0,0,0,5.17077E+20,5.50704E+21,9.23688E+15,4.97156E+16
89962,89963,9,4,72,190,2016,12,8,5,1,4,6,2,1,0,1,0,0,0,0,7.01335E+20,5.52867E+21,1.18023E+16,4.98765E+16
89963,89964,9,4,79,158,2016,12,18,1,3,5,3,2,1,0,1,0,0,0,0,7.22067E+20,5.5516E+21,1.21037E+16,5.00751E+16
89964,89965,9,2,75,145,2016,12,15,5,3,2,6,0,1,0,1,0,0,0,0,8.23497E+20,5.37614E+21,1.33758E+16,4.84551E+16
89965,89966,9,1,86,152,2016,12,11,3,2,2,6,0,0,0,1,0,0,0,0,6.91467E+20,5.37368E+21,1.15913E+16,4.8487E+16
89966,89967,9,7,74,160,2016,12,13,3,3,0,7,0,0,1,0,0,0,0,0,6.0761E+20,5.35218E+21,1.04514E+16,4.83137E+16
89967,89968,9,6,74,133,2016,12,14,1,3,4,6,0,0,0,1,0,0,0,0,6.19486E+20,5.53683E+21,1.06663E+16,4.99719E+16
89968,89969,9,5,76,113,2016,12,15,6,3,8,6,0,0,0,1,0,0,0,0,6.62273E+20,5.45374E+21,1.12283E+16,4.92149E+16
89969,89970,9,2,62,0,2016,12,7,5,3,8,6,1,1,0,1,0,0,0,0,8.25982E+20,5.39324E+21,1.34227E+16,4.86072E+16
89970,89971,9,1,89,154,2016,12,2,3,3,8,1,2,1,0,1,0,0,0,0,7.68857E+20,5.3171E+21,1.2601E+16,4.79507E+16
89971,89972,9,5,74,139,2016,12,11,7,3,5,3,0,1,0,1,0,0,0,0,6.65771E+20,5.48121E+21,1.12877E+16,4.94609E+16
89972,89973,9,7,75,129,2016,12,15,3,3,2,6,0,0,0,1,0,0,0,0,5.83107E+20,5.34373E+21,1.01193E+16,4.82413E+16
89973,89974,9,7,71,122,2016,12,19,4,3,2,6,2,1,0,1,0,0,0,0,6.55242E+20,5.36E+21,1.10964E+16,4.8374E+16
89974,89975,9,7,71,122,2016,12,17,4,3,2,6,2,1,0,1,0,0,0,0,6.5365E+20,5.36148E+21,1.10754E+16,4.83878E+16
89975,89976,9,6,63,0,2016,12,14,5,2,2,6,0,0,0,1,0,0,0,0,5.67563E+20,5.51344E+21,9.93827E+15,4.97697E+16
89976,89977,9,4,75,171,2016,12,21,2,3,9,1,2,2,0,1,0,0,0,0,6.95907E+20,5.57681E+21,1.17515E+16,5.03108E+16
89977,89978,9,2,75,116,2016,12,17,5,3,5,3,2,0,0,1,0,0,0,0,8.20441E+20,5.36252E+21,1.33242E+16,4.83345E+16