FID,OBJECTID,ULAND,UREGBEZ,UKREIS,UGEMEINDE,UJAHR,UMONAT,USTUNDE,UWOCHENTAG,UKATEGORIE,UART,UTYP1,ULICHTVERH,IstStrasse,IstRad,IstPKW,IstFuss,IstKrad,IstGkfz,IstSonstig,LINREFX,LINREFY,XGCSWGS84,YGCSWGS84
89978,89979,9,2,71,119,2016,12,21,1,3,6,7,2,1,0,1,1,0,0,0,7.90428E+20,5.4193E+21,1.29599E+16,4.88586E+16
89979,89980,9,7,78,202,2016,12,13,6,3,5,7,0,1,0,1,0,0,0,0,5.89593E+20,5.31678E+21,1.0201E+16,4.7998E+16
89980,89981,9,7,71,156,2016,12,13,4,3,8,1,0,1,0,1,0,0,0,0,6.52463E+20,5.38348E+21,1.10674E+16,4.85858E+16
89981,89982,9,1,62,0,2016,12,19,2,3,4,2,2,1,0,1,0,0,0,0,6.92081E+20,5.3404E+21,1.15844E+16,4.81877E+16
89982,89983,9,6,79,156,2016,12,15,4,3,4,6,0,1,0,1,0,0,0,0,5.7496E+20,5.52266E+21,1.00428E+16,4.98517E+16
89983,89984,9,1,76,161,2016,12,12,6,3,9,1,0,1,0,1,0,0,0,0,6.79085E+20,5.4157E+21,1.14421E+16,4.88684E+16
89984,89985,9,6,79,155,2016,12,16,4,3,6,4,1,0,0,1,1,0,0,0,5.6117E+20,5.50545E+21,9.84825E+15,4.96985E+16
89985,89986,9,6,72,135,2016,12,7,5,3,8,1,2,1,0,1,0,0,0,0,5.9443E+20,5.56464E+21,1.03239E+16,5.02264E+16
89986,89987,9,6,63,0,2016,12,8,4,3,0,7,0,1,1,0,0,0,0,0,5.64453E+20,5.51722E+21,9.89571E+15,4.98039E+16
89987,89988,9,6,75,144,2016,12,10,4,3,4,7,0,0,0,1,0,0,0,0,5.87237E+20,5.50798E+21,1.02102E+16,4.9718E+16
89988,89989,9,6,76,116,2016,12,17,5,2,4,2,2,1,0,1,0,0,0,0,5.18851E+20,5.50617E+21,9.26145E+15,4.97078E+16
89989,89990,9,2,75,159,2016,12,5,7,3,8,1,2,2,0,1,0,0,0,0,8.17083E+20,5.3952E+21,1.33038E+16,4.86293E+16
89990,89991,9,3,71,116,2016,12,12,2,2,2,6,0,1,0,1,0,0,0,0,6.88677E+20,5.47661E+21,1.16013E+16,4.94129E+16
89991,89992,9,2,72,120,2016,12,13,5,3,5,3,0,1,0,1,0,0,0,0,8.21095E+20,5.42062E+21,1.33779E+16,4.88553E+16
89992,89993,9,6,77,126,2016,12,19,3,3,8,1,2,0,0,1,0,0,0,0,5.38377E+20,5.52118E+21,9.53374E+15,4.98418E+16
89993,89994,9,1,90,154,2016,12,14,1,3,8,1,0,0,0,1,0,0,0,0,6.42273E+20,5.28501E+21,1.08964E+16,4.77028E+16
89994,89995,9,7,76,116,2016,12,13,6,3,3,3,0,1,0,1,0,0,0,0,5.55057E+20,5.26646E+21,9.73173E+15,4.75492E+16
89995,89996,9,6,78,135,2016,12,16,4,2,5,3,1,1,0,1,0,0,0,0,5.94972E+20,5.54196E+21,1.03258E+16,5.00223E+16
89996,89997,9,7,75,135,2016,12,19,2,1,6,4,2,1,0,1,1,0,0,0,5.74735E+20,5.36066E+21,1.00096E+16,4.83946E+16
89997,89998,9,1,79,126,2016,12,17,6,3,4,2,2,1,0,1,0,0,0,0,6.76471E+20,5.3403E+21,1.13746E+16,4.81914E+16
89998,89999,9,3,62,0,2016,12,19,6,2,2,6,2,0,0,1,0,0,0,1,7.31842E+20,5.43235E+21,1.217E+16,4.90005E+16
89999,90000,9,6,73,114,2016,12,7,4,3,2,6,0,1,0,1,0,0,0,0,5.86926E+20,5.57545E+21,1.02212E+16,5.03247E+16
90000,90001,9,6,61,0,2016,12,17,5,3,0,2,0,1,0,0,0,1,0,0,5.0965E+20,5.53514E+21,9.13456E+15,4.99685E+16
90001,90002,9,6,76,116,2016,12,22,4,3,5,2,2,0,0,1,0,0,0,0,5.18851E+20,5.50617E+21,9.26145E+15,4.97078E+16
90002,90003,9,5,72,126,2016,12,7,5,3,2,6,1,0,0,1,0,0,0,0,6.33633E+20,5.50722E+21,1.08533E+16,4.97027E+16
90003,90004,9,1,76,126,2016,12,16,7,2,4,6,1,1,0,1,0,0,0,0,6.71656E+20,5.40709E+21,1.13373E+16,4.87931E+16
90004,90005,9,1,74,113,2016,12,10,2,3,0,6,0,0,0,1,0,0,0,0,6.727E+20,5.34612E+21,1.13262E+16,4.82448E+16
90005,90006,9,5,72,139,2016,12,11,6,3,4,2,0,1,0,1,0,0,0,0,6.28367E+20,5.50693E+21,1.07802E+16,4.97012E+16
90006,90007,9,2,79,128,2016,12,12,5,2,9,1,0,0,0,1,0,0,0,0,7.54873E+20,5.3948E+21,1.2461E+16,4.86542E+16
90007,90008,9,3,75,210,2016,12,2,3,3,1,6,2,1,0,0,0,0,1,0,7.51282E+20,5.43206E+21,1.24351E+16,4.89902E+16
90008,90009,9,6,79,154,2016,12,13,7,3,9,1,0,1,0,1,0,0,0,0,5.55456E+20,5.51325E+21,9.77012E+15,4.97692E+16
90009,90010,9,6,75,141,2016,12,7,6,3,2,6,1,1,0,1,0,0,0,0,5.84939E+20,5.50953E+21,1.01787E+16,4.97323E+16
90010,90011,9,1,74,147,2016,12,22,4,3,8,1,2,2,0,1,0,0,0,0,6.71646E+20,5.36688E+21,1.13205E+16,4.84316E+16
90011,90012,9,5,72,135,2016,12,19,4,3,1,6,2,0,0,1,0,0,0,0,6.47098E+20,5.48921E+21,1.10332E+16,4.95376E+16
90012,90013,9,1,90,141,2016,12,5,7,3,9,7,1,0,0,1,0,0,0,0,6.76427E+20,5.29301E+21,1.13546E+16,4.77663E+16
90013,90014,9,2,74,113,2016,12,15,2,3,9,1,0,0,0,1,0,0,0,0,7.28699E+20,5.38411E+21,1.21002E+16,4.85683E+16
90014,90015,9,2,74,187,2016,12,7,5,3,5,3,2,1,0,1,0,0,0,0,7.24939E+20,5.38719E+21,1.2051E+16,4.85974E+16
90015,90016,9,5,74,129,2016,12,15,3,3,8,1,0,1,0,1,0,0,0,0,6.80886E+20,5.49781E+21,1.15037E+16,4.96058E+16
90016,90017,9,7,77,121,2016,12,10,7,3,8,7,0,0,0,1,0,0,0,0,6.2788E+20,5.32061E+21,1.07152E+16,4.8026E+16
90017,90018,9,7,72,163,2016,12,14,6,3,9,1,0,1,0,1,0,0,0,0,6.38467E+20,5.34684E+21,1.08657E+16,4.82596E+16
90018,90019,9,5,72,131,2016,12,16,4,3,2,6,1,0,0,1,0,0,0,0,6.54605E+20,5.48517E+21,1.11353E+16,4.94995E+16
90019,90020,9,1,88,121,2016,12,7,6,3,5,3,1,1,0,1,0,0,0,0,6.69914E+20,5.32915E+21,1.1282E+16,4.8093E+16
90020,90021,9,3,75,210,2016,12,4,6,3,8,1,2,2,0,1,0,0,0,0,7.47555E+20,5.43289E+21,1.23848E+16,4.89993E+16
90021,90022,9,5,64,0,2016,12,17,4,3,2,6,2,0,0,1,0,0,0,0,6.58456E+20,5.47339E+21,1.11837E+16,4.93925E+16
90022,90023,9,5,62,0,2016,12,9,5,3,4,1,0,1,0,1,0,0,0,0,6.39797E+20,5.49198E+21,1.09333E+16,4.95642E+16
90023,90024,9,7,61,0,2016,12,18,2,3,5,3,2,0,0,1,0,0,0,0,6.41468E+20,5.35765E+21,1.09097E+16,4.83562E+16
90024,90025,9,7,75,152,2016,12,12,1,3,0,1,0,1,0,1,0,0,0,0,5.81165E+20,5.3516E+21,1.00947E+16,4.83123E+16
90025,90026,9,5,65,0,2016,12,20,6,3,4,2,2,0,0,1,0,0,0,0,6.50651E+20,5.46596E+21,1.10734E+16,4.93277E+16
90026,90027,9,2,61,0,2016,12,17,5,3,2,6,2,1,0,1,0,0,0,0,7.32946E+20,5.38293E+21,1.21571E+16,4.85561E+16
90027,90028,9,1,80,126,2016,12,13,3,3,2,6,0,0,0,1,0,0,0,1,6.60853E+20,5.26959E+21,1.11383E+16,4.75598E+16
90028,90029,9,5,74,112,2016,12,12,7,3,8,1,0,1,0,1,0,0,0,0,6.73008E+20,5.47182E+21,1.13834E+16,4.93745E+16
90029,90030,9,1,62,0,2016,12,12,3,3,4,1,0,0,0,1,0,0,0,1,6.90377E+20,5.32951E+21,1.15567E+16,4.80904E+16
90030,90031,9,5,72,137,2016,12,2,4,3,2,2,2,2,0,1,0,0,0,1,6.5465E+20,5.49201E+21,1.11386E+16,4.95609E+16
90031,90032,9,1,72,118,2016,12,7,4,3,2,6,1,1,0,1,0,0,0,0,7.96069E+20,5.30652E+21,1.29574E+16,4.78437E+16
90032,90033,9,1,74,150,2016,12,15,6,3,8,1,0,2,0,1,0,0,0,0,6.83723E+20,5.36098E+21,1.14811E+16,4.83752E+16
90033,90034,9,3,75,148,2016,12,13,6,3,0,1,0,2,0,1,0,0,0,0,6.96272E+20,5.43805E+21,1.1687E+16,4.9064E+16
90034,90035,9,5,76,128,2016,12,5,4,3,1,3,2,0,1,1,0,0,0,0,6.4231E+20,5.46159E+21,1.09571E+16,4.92904E+16
90035,90036,9,5,74,146,2016,12,3,5,2,5,3,2,1,0,1,0,0,1,0,6.68987E+20,5.48755E+21,1.13347E+16,4.9517E+16
90036,90037,9,1,71,112,2016,12,7,4,2,5,3,1,1,1,1,0,0,0,0,7.84414E+20,5.34052E+21,1.28245E+16,4.81543E+16
90037,90038,9,1,75,135,2016,12,18,6,3,5,3,2,1,1,1,0,0,0,0,7.09525E+20,5.33917E+21,1.18183E+16,4.81712E+16
90038,90039,9,3,76,159,2016,12,10,6,3,3,6,0,1,0,1,0,0,0,0,7.23887E+20,5.48161E+21,1.20889E+16,4.94458E+16
90039,90040,9,5,74,152,2016,12,10,4,3,5,3,0,0,0,1,0,0,0,0,6.65133E+20,5.48234E+21,1.12794E+16,4.94712E+16
90040,90041,9,5,63,0,2016,12,11,5,2,2,6,0,0,0,1,0,0,0,0,6.42911E+20,5.48768E+21,1.09748E+16,4.95249E+16
90041,90042,9,6,77,203,2016,12,11,2,2,4,2,0,1,0,1,0,0,0,0,5.58575E+20,5.52894E+21,9.81581E+15,4.991E+16
90042,90043,9,6,71,152,2016,12,5,1,3,0,6,2,0,0,1,0,0,0,1,5.1732E+20,5.54966E+21,9.24217E+15,5.00989E+16
90043,90044,9,5,74,138,2016,12,7,6,3,4,2,1,1,0,1,0,0,0,0,6.65546E+20,5.48533E+21,1.12863E+16,4.9498E+16
90044,90045,9,2,73,152,2016,12,11,5,3,8,7,0,0,0,1,0,0,0,0,7.01925E+20,5.40943E+21,1.17501E+16,4.8805E+16
90045,90046,9,1,82,133,2016,12,13,3,3,2,6,0,0,0,1,0,0,0,0,7.0778E+20,5.3058E+21,1.17787E+16,4.78719E+16
90046,90047,9,5,71,154,2016,12,17,7,2,3,6,2,1,0,1,0,0,0,0,6.09374E+20,5.43485E+21,1.04971E+16,4.90568E+16
90047,90048,9,7,75,152,2016,12,17,3,2,2,6,2,0,0,1,0,0,0,0,5.80753E+20,5.35271E+21,1.00894E+16,4.83224E+16
90048,90049,9,5,63,0,2016,12,14,4,3,2,2,0,1,0,1,0,0,0,1,6.44184E+20,5.47959E+21,1.09894E+16,4.94518E+16
90049,90050,9,5,64,0,2016,12,7,4,3,5,3,1,1,1,1,0,0,0,0,6.50309E+20,5.47731E+21,1.1073E+16,4.94298E+16
90050,90051,9,5,64,0,2016,12,18,5,3,5,3,2,1,0,1,0,0,0,0,6.48646E+20,5.48428E+21,1.10527E+16,4.9493E+16
90051,90052,9,3,71,151,2016,12,11,7,2,4,7,0,1,0,1,0,0,0,1,7.01825E+20,5.48564E+21,1.17869E+16,4.94898E+16
90052,90053,9,4,74,129,2016,12,20,2,3,9,1,2,0,0,1,0,0,0,0,6.68893E+20,5.51355E+21,1.13446E+16,4.97507E+16
90053,90054,9,2,79,126,2016,12,15,5,3,5,3,0,0,0,1,0,0,0,0,7.65521E+20,5.38489E+21,1.25989E+16,4.85608E+16
90054,90055,9,2,75,135,2016,12,13,1,2,9,6,0,1,0,1,0,0,0,0,8.21468E+20,5.40148E+21,1.3368E+16,4.86835E+16
90055,90056,9,7,64,0,2016,12,10,6,3,2,6,0,1,0,1,0,0,0,0,5.89423E+20,5.31504E+21,1.01984E+16,4.79824E+16
90056,90057,9,5,73,126,2016,12,11,4,3,4,6,0,0,0,1,0,0,0,0,6.35878E+20,5.48399E+21,1.08764E+16,4.94933E+16
90057,90058,9,5,74,152,2016,12,13,2,3,2,6,0,0,0,1,0,0,0,0,6.60027E+20,5.48152E+21,1.12086E+16,4.94652E+16
90058,90059,9,4,61,0,2016,12,8,5,3,2,6,0,1,0,1,0,0,0,0,6.37889E+20,5.52923E+21,1.09201E+16,4.98995E+16
90059,90060,9,4,71,123,2016,12,8,1,3,8,1,2,2,0,1,0,0,0,0,6.49311E+20,5.52304E+21,1.10766E+16,4.98412E+16
90060,90061,9,5,76,127,2016,12,14,6,3,8,1,0,1,0,0,0,1,0,0,6.58438E+20,5.44707E+21,1.1173E+16,4.9156E+16
90061,90062,9,1,90,142,2016,12,18,5,3,4,2,2,0,0,1,0,0,0,0,6.58625E+20,5.29621E+21,1.11183E+16,4.77996E+16
90062,90063,9,1,78,124,2016,12,10,3,3,7,7,0,0,0,1,0,0,0,1,7.01931E+20,5.35873E+21,1.17256E+16,4.83494E+16
90063,90064,9,7,72,147,2016,12,12,3,3,2,6,0,0,0,1,0,0,0,0,6.34188E+20,5.36449E+21,1.08137E+16,4.84193E+16
90064,90065,9,5,71,190,2016,12,20,4,2,2,6,2,1,0,1,0,0,0,0,6.28441E+20,5.46286E+21,1.07669E+16,4.93049E+16
90065,90066,9,1,75,127,2016,12,15,6,3,0,7,0,0,0,1,0,0,0,0,7.13291E+20,5.34156E+21,1.18701E+16,4.81914E+16
90066,90067,9,5,77,161,2016,12,5,4,2,4,2,2,0,0,1,0,0,0,0,6.47744E+20,5.44387E+21,1.10253E+16,4.91299E+16
90067,90068,9,5,64,0,2016,12,18,5,3,2,6,2,1,0,1,0,0,0,0,6.48831E+20,5.48389E+21,1.10551E+16,4.94894E+16
90068,90069,9,2,77,124,2016,12,20,7,3,9,7,2,1,0,1,0,0,0,0,7.83748E+20,5.36911E+21,1.28347E+16,4.84112E+16
90069,90070,9,2,76,135,2016,12,9,2,3,5,3,0,0,0,1,0,0,1,0,7.7941E+20,5.44474E+21,1.28275E+16,4.9092E+16
90070,90071,9,1,90,140,2016,12,17,5,3,2,6,2,1,0,1,0,0,0,0,6.44859E+20,5.29363E+21,1.09337E+16,4.77797E+16
90071,90072,9,6,73,174,2016,12,16,3,2,8,1,1,1,0,1,0,0,0,0,6.13105E+20,5.57292E+21,1.05881E+16,5.02976E+16
90072,90073,9,1,79,119,2016,12,23,1,3,4,6,2,0,0,1,0,0,0,0,6.68548E+20,5.33989E+21,1.12679E+16,4.81899E+16
90073,90074,9,7,80,137,2016,12,15,6,3,5,3,0,1,0,1,0,0,0,0,5.95759E+20,5.2702E+21,1.02734E+16,4.75781E+16
90074,90075,9,5,77,177,2016,12,22,4,3,8,1,2,2,0,1,0,0,0,0,6.42707E+20,5.4289E+21,1.0951E+16,4.89965E+16
90075,90076,9,7,80,145,2016,12,8,2,1,8,1,1,2,0,1,0,0,0,0,6.04026E+20,5.27143E+21,1.03836E+16,4.75879E+16
90076,90077,9,1,75,118,2016,12,17,6,3,4,7,2,1,0,1,0,0,0,0,7.18437E+20,5.33874E+21,1.19378E+16,4.81644E+16
90077,90078,9,3,61,0,2016,12,12,6,3,5,3,0,1,0,1,0,0,0,0,7.05424E+20,5.48102E+21,1.18342E+16,4.94471E+16
90078,90079,9,5,77,138,2016,12,17,4,3,0,6,2,1,0,1,0,0,0,0,6.30839E+20,5.4459E+21,1.07943E+16,4.9152E+16
90079,90080,9,5,64,0,2016,12,17,5,3,2,6,2,1,0,1,0,0,0,0,6.49155E+20,5.47721E+21,1.1057E+16,4.94293E+16
90080,90081,9,1,84,113,2016,12,11,2,2,8,1,0,0,1,0,0,0,0,0,6.83774E+20,5.31754E+21,1.1463E+16,4.79847E+16
90081,90082,9,1,78,113,2016,12,7,6,3,5,2,2,1,0,1,0,0,0,0,6.91386E+20,5.36718E+21,1.15873E+16,4.84287E+16
90082,90083,9,5,75,135,2016,12,18,4,3,4,6,2,0,0,1,0,0,1,0,6.12493E+20,5.48399E+21,1.05536E+16,4.94981E+16
90083,90084,9,1,62,0,2016,12,9,5,3,5,3,0,0,0,1,0,0,0,0,6.89858E+20,5.33193E+21,1.15508E+16,4.81123E+16
90084,90085,9,5,75,112,2016,12,16,4,3,9,1,0,1,0,1,0,0,0,0,6.0344E+20,5.49078E+21,1.04304E+16,4.95607E+16
90085,90086,9,5,77,173,2016,12,10,5,3,2,2,0,0,0,1,0,0,0,0,6.333E+20,5.42457E+21,1.0821E+16,4.89596E+16
90086,90087,9,1,73,112,2016,12,11,7,3,2,6,0,0,0,1,0,0,0,0,6.93521E+20,5.29287E+21,1.15824E+16,4.77602E+16
90087,90088,9,1,87,168,2016,12,13,2,3,5,3,0,0,0,1,0,0,0,0,7.49543E+20,5.30784E+21,1.23374E+16,4.78754E+16
90088,90089,9,1,72,134,2016,12,9,5,2,2,6,0,0,0,1,0,0,1,0,7.84773E+20,5.30433E+21,1.28053E+16,4.78292E+16
90089,90090,9,5,61,0,2016,12,11,3,3,5,3,0,0,0,1,0,0,0,0,6.15345E+20,5.46192E+21,1.05865E+16,4.92991E+16
90090,90091,9,7,75,135,2016,12,10,7,3,5,3,0,0,1,1,0,0,0,0,5.74767E+20,5.36129E+21,1.00101E+16,4.84003E+16
90091,90092,9,6,63,0,2016,12,19,6,3,2,6,2,0,0,1,0,0,0,0,5.64883E+20,5.51161E+21,9.90074E+15,4.97535E+16
90092,90093,9,1,86,162,2016,12,12,4,3,2,6,0,0,0,1,0,0,0,0,6.91085E+20,5.38213E+21,1.159E+16,4.85631E+16
90093,90094,9,4,64,0,2016,12,7,4,3,5,2,2,1,1,1,0,0,0,0,7.0665E+20,5.57812E+21,1.19029E+16,5.03189E+16
90094,90095,9,1,84,145,2016,12,16,5,3,2,2,1,0,0,1,0,0,0,0,6.99253E+20,5.32481E+21,1.16736E+16,4.80455E+16
90095,90096,9,3,71,136,2016,12,19,6,3,8,1,2,1,0,1,0,0,0,0,7.07647E+20,5.47699E+21,1.18627E+16,4.94101E+16
90096,90097,9,4,63,0,2016,12,17,4,3,4,2,2,1,0,1,0,0,0,0,6.39402E+20,5.57097E+21,1.09564E+16,5.02744E+16
90097,90098,9,5,61,0,2016,12,7,5,3,2,6,0,1,0,1,0,0,0,0,6.1264E+20,5.46078E+21,1.0549E+16,4.92894E+16
90098,90099,9,6,79,131,2016,12,16,2,3,8,1,1,1,0,1,0,0,0,0,5.81132E+20,5.50342E+21,1.01246E+16,4.96778E+16
90099,90100,9,6,77,155,2016,12,18,1,3,8,7,2,0,0,1,0,0,0,0,5.3858E+20,5.54172E+21,9.53861E+15,5.00266E+16
90100,90101,9,5,72,160,2016,12,12,1,3,9,6,0,1,0,1,0,0,0,0,6.22221E+20,5.51014E+21,1.0696E+16,4.97313E+16
90101,90102,9,5,64,0,2016,12,10,6,3,3,6,0,1,0,1,0,0,0,0,6.52371E+20,5.48217E+21,1.11033E+16,4.9473E+16
90102,90103,9,1,83,128,2016,12,7,5,3,2,6,0,1,0,1,0,0,0,0,7.62429E+20,5.34871E+21,1.25345E+16,4.82372E+16
90103,90104,9,4,74,119,2016,12,16,4,3,5,3,2,0,0,1,0,0,0,0,6.52918E+20,5.49569E+21,1.11161E+16,4.95944E+16
90104,90105,9,5,61,0,2016,12,7,5,3,2,6,0,1,0,1,0,0,0,0,6.12641E+20,5.46078E+21,1.0549E+16,4.92894E+16
90105,90106,9,1,81,127,2016,12,15,7,2,8,1,0,0,0,1,0,0,0,0,6.35161E+20,5.323E+21,1.08136E+16,4.8046E+16
90106,90107,9,1,74,135,2016,12,12,2,3,8,1,0,0,0,1,0,0,0,0,6.64071E+20,5.35267E+21,1.12127E+16,4.8306E+16
90107,90108,9,5,64,0,2016,12,7,6,3,5,3,2,1,1,1,0,0,0,0,6.56247E+20,5.4815E+21,1.11565E+16,4.9466E+16
90108,90109,9,1,72,128,2016,12,16,5,3,2,6,0,1,0,1,0,0,0,0,7.92228E+20,5.29726E+21,1.28999E+16,4.77624E+16
90109,90110,9,2,75,122,2016,12,18,3,3,4,6,2,1,0,1,0,0,0,0,8.19474E+20,5.3837E+21,1.33273E+16,4.85249E+16
90110,90111,9,6,78,192,2016,12,7,7,3,1,5,0,1,0,1,0,0,1,0,5.70704E+20,5.54838E+21,9.98828E+15,5.00835E+16
90111,90112,9,1,77,117,2016,12,19,4,3,8,1,2,0,0,1,0,0,0,0,7.16753E+20,5.35065E+21,1.19212E+16,4.8272E+16
90112,90113,9,3,63,0,2016,12,17,4,3,4,2,2,1,0,1,0,0,0,0,7.25487E+20,5.50826E+21,1.21262E+16,4.96846E+16
90113,90114,9,1,87,159,2016,12,16,4,2,4,6,1,1,0,1,0,0,0,0,7.32341E+20,5.32439E+21,1.21167E+16,4.80305E+16
90114,90115,9,1,62,0,2016,12,15,5,3,4,3,0,0,1,1,0,0,0,0,6.94676E+20,5.33211E+21,1.16155E+16,4.81125E+16
90115,90116,9,2,71,125,2016,12,19,6,3,2,6,2,1,0,1,0,0,0,0,7.9744E+20,5.40953E+21,1.30482E+16,4.87676E+16
90116,90117,9,3,77,143,2016,12,17,4,3,4,6,2,1,0,1,0,0,0,0,7.13303E+20,5.53317E+21,1.19712E+16,4.99128E+16
90117,90118,9,5,61,0,2016,12,18,5,3,6,2,2,1,0,1,1,0,0,0,6.14141E+20,5.46294E+21,1.05703E+16,4.93085E+16
90118,90119,9,6,72,114,2016,12,23,2,3,5,3,2,0,0,1,0,0,0,0,5.78519E+20,5.55964E+21,1.00998E+16,5.01837E+16
90119,90120,9,4,72,198,2016,12,6,5,3,2,6,2,1,0,1,0,0,1,0,7.01065E+20,5.54268E+21,1.18059E+16,5.00025E+16
90120,90121,9,5,65,0,2016,12,20,1,2,5,3,2,1,1,1,0,0,0,0,6.46516E+20,5.46528E+21,1.10163E+16,4.93227E+16
90121,90122,9,5,64,0,2016,12,11,6,3,1,6,0,1,0,1,0,0,0,1,6.5177E+20,5.4774E+21,1.10931E+16,4.94303E+16
90122,90123,9,1,82,137,2016,12,15,5,3,2,6,0,0,0,1,0,0,0,0,7.11545E+20,5.30511E+21,1.18286E+16,4.78645E+16
90123,90124,9,1,61,0,2016,12,10,3,3,5,3,0,0,1,1,0,0,0,0,6.79563E+20,5.40504E+21,1.1444E+16,4.87724E+16
90124,90125,9,7,75,162,2016,12,11,3,3,2,6,0,0,0,1,0,0,0,0,5.82629E+20,5.34765E+21,1.01137E+16,4.82766E+16
90125,90126,9,3,75,156,2016,12,14,4,1,4,6,0,1,0,1,0,0,0,0,7.16524E+20,5.44852E+21,1.19695E+16,4.91513E+16
90126,90127,9,1,89,157,2016,12,23,3,2,9,1,2,1,0,1,0,0,0,0,7.67252E+20,5.3282E+21,1.25865E+16,4.80511E+16
90127,90128,9,5,76,151,2016,12,15,7,3,4,2,0,1,0,1,0,0,0,0,6.53764E+20,5.46849E+21,1.11172E+16,4.93497E+16
90128,90129,9,1,62,0,2016,12,6,3,2,8,6,2,0,0,1,0,0,0,0,6.94504E+20,5.33497E+21,1.16145E+16,4.81382E+16
90129,90130,9,3,62,0,2016,12,13,4,3,4,6,0,0,0,1,0,0,1,0,7.2732E+20,5.43613E+21,1.21104E+16,4.90361E+16
90130,90131,9,1,62,0,2016,12,12,5,3,0,7,0,0,1,0,0,0,0,1,6.88562E+20,5.33502E+21,1.15348E+16,4.81404E+16
90131,90132,9,2,72,151,2016,12,7,6,3,9,1,1,2,0,1,0,0,0,0,8.37861E+20,5.40824E+21,1.35956E+16,4.87354E+16
90132,90133,9,3,71,116,2016,12,6,4,3,4,2,2,1,0,1,0,0,0,0,6.92466E+20,5.47861E+21,1.16544E+16,4.94297E+16
90133,90134,9,4,64,0,2016,12,13,5,3,0,1,0,1,0,0,0,1,0,0,7.08207E+20,5.57759E+21,1.19245E+16,5.03136E+16
90134,90135,9,5,71,145,2016,12,10,2,3,8,1,0,1,0,1,0,0,0,0,5.96625E+20,5.44815E+21,1.03258E+16,4.91785E+16
90135,90136,9,3,72,137,2016,12,19,1,3,5,3,2,1,0,1,0,0,1,0,7.82021E+20,5.45341E+21,1.28693E+16,4.91686E+16
90136,90137,9,1,84,127,2016,12,7,6,3,6,4,2,1,0,1,1,0,0,0,7.02746E+20,5.32205E+21,1.17191E+16,4.80195E+16
90137,90138,9,1,78,124,2016,12,22,3,3,4,2,2,0,0,1,0,0,0,0,7.02857E+20,5.35905E+21,1.17382E+16,4.8352E+16
90138,90139,9,3,76,149,2016,12,23,4,2,8,1,2,1,0,1,0,0,0,0,7.42241E+20,5.45388E+21,1.23248E+16,4.91899E+16
90139,90140,9,1,62,0,2016,12,7,5,3,6,4,1,1,0,1,1,0,0,0,6.96938E+20,5.33368E+21,1.16466E+16,4.81259E+16
90140,90141,9,3,76,170,2016,12,7,4,3,8,1,0,0,0,1,0,0,0,0,7.25828E+20,5.45668E+21,1.21015E+16,4.92212E+16
90141,90142,9,4,76,145,2016,12,7,5,2,4,6,1,1,0,1,0,0,0,0,6.6464E+20,5.57031E+21,1.131E+16,5.0262E+16
90142,90143,9,1,90,118,2016,12,12,7,3,8,1,0,1,0,1,0,0,0,0,6.36178E+20,5.2932E+21,1.08178E+16,4.77777E+16
90143,90144,9,2,75,152,2016,12,22,2,3,5,2,2,1,0,1,0,0,0,0,8.21517E+20,5.40747E+21,1.33734E+16,4.87372E+16
90144,90145,9,1,63,0,2016,12,20,5,3,0,7,2,1,1,0,0,0,0,0,7.33061E+20,5.30275E+21,1.21146E+16,4.78358E+16
90145,90146,9,5,76,121,2016,12,6,3,3,9,1,2,2,0,1,0,0,0,0,6.47003E+20,5.44844E+21,1.10168E+16,4.91712E+16
90146,90147,9,1,84,123,2016,12,12,7,3,5,3,0,1,0,1,0,0,0,0,7.03324E+20,5.33182E+21,1.17315E+16,4.81072E+16
90147,90148,9,7,61,0,2016,12,16,6,3,2,6,1,1,0,1,0,0,0,0,6.43453E+20,5.36334E+21,1.09384E+16,4.84069E+16
90148,90149,9,2,71,119,2016,12,7,4,3,2,6,0,0,0,1,0,0,0,0,7.89603E+20,5.41556E+21,1.29461E+16,4.88254E+16
90149,90150,9,4,77,139,2016,12,14,5,3,8,1,0,1,0,1,0,0,0,0,6.90253E+20,5.5508E+21,1.16592E+16,5.0079E+16
90150,90151,9,3,76,149,2016,12,3,7,1,9,1,2,1,0,1,0,0,0,0,7.38185E+20,5.45535E+21,1.22701E+16,4.92046E+16
90151,90152,9,3,76,144,2016,12,3,2,3,8,2,2,0,0,1,0,0,0,0,7.31558E+20,5.48303E+21,1.21954E+16,4.94557E+16
90152,90153,9,1,87,165,2016,12,18,5,3,2,6,2,1,0,1,0,0,0,0,7.34996E+20,5.29949E+21,1.21387E+16,4.78059E+16
90153,90154,9,6,63,0,2016,12,11,3,3,2,6,0,0,0,1,0,0,0,0,5.65662E+20,5.51178E+21,9.9116E+15,4.97549E+16
90154,90155,9,1,90,138,2016,12,16,1,2,4,2,0,0,0,1,0,0,0,0,6.61686E+20,5.30869E+21,1.11638E+16,4.79112E+16
90155,90156,9,7,76,116,2016,12,13,6,3,0,1,0,0,0,0,0,1,0,0,5.50641E+20,5.26927E+21,9.67337E+15,4.75749E+16