FID,OBJECTID,ULAND,UREGBEZ,UKREIS,UGEMEINDE,UJAHR,UMONAT,USTUNDE,UWOCHENTAG,UKATEGORIE,UART,UTYP1,ULICHTVERH,IstStrasse,IstRad,IstPKW,IstFuss,IstKrad,IstGkfz,IstSonstig,LINREFX,LINREFY,XGCSWGS84,YGCSWGS84
90156,90157,9,2,63,0,2016,12,16,4,3,2,6,2,1,0,1,0,0,0,1,7.61973E+20,5.42095E+21,1.25738E+16,4.88861E+16
90157,90158,9,1,62,0,2016,12,20,2,3,1,5,2,1,0,1,0,0,0,0,6.95063E+20,5.33407E+21,1.16216E+16,4.813E+16
90158,90159,9,1,62,0,2016,12,17,5,3,5,3,1,0,0,1,1,0,0,0,6.84395E+20,5.33541E+21,1.1479E+16,4.81452E+16
90159,90160,9,2,71,146,2016,12,12,4,3,0,1,0,1,1,0,0,0,0,0,7.84998E+20,5.41052E+21,1.288E+16,4.87823E+16
90160,90161,9,7,77,121,2016,12,16,5,3,9,1,1,2,0,1,0,0,0,0,6.2731E+20,5.32042E+21,1.07075E+16,4.80243E+16
90161,90162,9,2,77,116,2016,12,15,4,3,8,1,0,1,0,0,0,1,0,0,7.78795E+20,5.36735E+21,1.27668E+16,4.83975E+16
90162,90163,9,1,82,124,2016,12,20,7,3,9,1,2,2,0,1,0,0,0,0,7.04808E+20,5.27797E+21,1.17259E+16,4.76227E+16
90163,90164,9,1,86,147,2016,12,10,2,3,2,6,0,0,0,1,0,0,0,0,6.84929E+20,5.39283E+21,1.15114E+16,4.86611E+16
90164,90165,9,5,73,126,2016,12,6,6,3,5,2,2,1,0,1,0,0,0,1,6.35705E+20,5.48289E+21,1.08736E+16,4.94834E+16
90165,90166,9,1,63,0,2016,12,17,5,3,5,2,2,1,0,1,0,0,0,0,7.34206E+20,5.30447E+21,1.21308E+16,4.78509E+16
90166,90167,9,3,74,111,2016,12,14,3,3,1,6,0,1,0,1,0,0,0,0,7.27678E+20,5.51228E+21,1.21588E+16,4.97199E+16
90167,90168,9,7,72,147,2016,12,9,7,3,4,6,0,1,0,1,0,0,0,0,6.31943E+20,5.36717E+21,1.07842E+16,4.84438E+16
90168,90169,9,6,79,164,2016,12,10,6,3,8,1,0,1,0,1,0,0,0,0,5.50616E+20,5.50886E+21,9.70235E+15,4.97301E+16
90169,90170,9,1,86,162,2016,12,12,4,3,2,6,0,0,0,1,0,0,0,0,6.90421E+20,5.38435E+21,1.15821E+16,4.85833E+16
90170,90171,9,2,74,134,2016,12,7,4,3,8,1,2,0,0,1,0,0,0,0,7.37782E+20,5.37575E+21,1.22184E+16,4.84899E+16
90171,90172,9,1,87,164,2016,12,16,4,3,8,6,2,1,0,1,0,0,0,0,7.35712E+20,5.32132E+21,1.21601E+16,4.80017E+16
90172,90173,9,5,76,142,2016,12,20,5,2,2,6,2,0,0,1,0,0,1,0,6.37247E+20,5.46417E+21,1.08884E+16,4.93149E+16
90173,90174,1,0,55,12,2016,1,5,4,3,5,3,2,0,1,1,0,0,0,0,6.05405E+20,6.00191E+21,1.06141E+16,5.41544E+16
90174,90175,1,0,61,46,2016,1,8,6,3,0,1,2,2,1,0,0,0,0,0,5.31608E+20,5.97601E+21,9.48141E+15,5.39315E+16
90175,90176,9,5,64,0,2016,12,12,5,3,2,6,0,0,0,1,0,0,0,0,6.58851E+20,5.47352E+21,1.11892E+16,4.93936E+16
90176,90177,9,1,73,112,2016,12,16,6,3,5,3,0,1,0,1,0,0,0,0,6.93581E+20,5.29297E+21,1.15833E+16,4.7761E+16
90177,90178,1,0,62,82,2016,1,14,6,3,5,3,0,0,0,1,0,0,0,0,5.93439E+20,5.94039E+21,1.04121E+16,5.3604E+16
90178,90179,1,0,55,32,2016,1,6,2,3,0,6,2,2,1,1,0,0,0,0,6.1866E+20,5.99703E+21,1.0815E+16,5.41077E+16
90179,90180,9,5,64,0,2016,12,15,6,3,2,6,0,0,0,1,0,0,0,0,6.53474E+20,5.46966E+21,1.11137E+16,4.93603E+16
90180,90181,1,0,51,44,2016,1,13,4,3,4,6,0,0,1,0,0,0,0,0,5.065E+20,6.00524E+21,9.09963E+15,5.41952E+16
90181,90182,1,0,1,0,2016,1,12,4,3,0,3,0,1,1,1,0,0,0,0,5.27485E+20,6.0723E+21,9.42751E+15,5.47971E+16
90182,90183,9,1,84,114,2016,12,17,7,3,3,6,2,0,0,1,0,0,0,0,6.98905E+20,5.32328E+21,1.16682E+16,4.80318E+16
90183,90184,9,5,65,0,2016,12,12,5,3,4,2,0,0,0,1,0,0,0,0,6.46228E+20,5.46591E+21,1.10125E+16,4.93284E+16
90184,90185,1,0,56,48,2016,1,7,2,3,0,7,0,2,1,0,0,0,0,0,5.47409E+20,5.94926E+21,9.71794E+15,5.36899E+16
90185,90186,1,0,2,0,2016,1,7,4,3,2,6,2,0,0,1,0,0,0,0,5.73028E+20,6.02276E+21,1.01235E+16,5.43474E+16
90186,90187,1,0,61,46,2016,1,8,6,3,6,4,1,1,0,1,1,0,0,0,5.33895E+20,5.97538E+21,9.51618E+15,5.39257E+16
90187,90188,9,5,76,111,2016,12,15,5,3,5,3,0,0,0,1,0,0,0,0,6.39523E+20,5.45612E+21,1.09169E+16,4.92419E+16
90188,90189,9,1,83,127,2016,12,6,6,2,7,6,1,0,0,1,0,0,0,0,7.56126E+20,5.35159E+21,1.24515E+16,4.82656E+16
90189,90190,9,5,76,151,2016,12,14,6,3,2,6,0,0,0,1,0,0,1,0,6.5384E+20,5.47012E+21,1.11189E+16,4.93644E+16
90190,90191,1,0,61,24,2016,1,9,5,3,0,1,0,2,1,0,0,0,0,0,5.34086E+20,5.98414E+21,9.52006E+15,5.40044E+16
90191,90192,9,2,71,130,2016,12,10,7,3,5,6,0,1,0,1,0,0,0,1,8.03634E+20,5.41944E+21,1.31396E+16,4.88535E+16
90192,90193,1,0,56,50,2016,1,11,6,3,0,7,0,1,1,0,0,0,0,0,5.46903E+20,5.93701E+21,9.70842E+15,5.35799E+16
90193,90194,1,0,3,0,2016,1,7,2,3,5,3,2,1,1,1,0,0,0,0,6.11425E+20,5.97126E+21,1.0695E+16,5.38778E+16
90194,90195,9,5,62,0,2016,12,21,6,3,0,7,2,0,1,0,0,0,0,0,6.46157E+20,5.49562E+21,1.10225E+16,4.95955E+16
90195,90196,1,0,57,73,2016,1,6,4,3,8,1,2,2,0,0,0,0,0,1,5.90124E+20,6.02937E+21,1.03884E+16,5.44041E+16
90196,90197,1,0,54,168,2016,1,7,3,3,4,6,2,1,1,1,0,0,0,0,4.55963E+20,6.08394E+21,8.31328E+15,5.49005E+16
90197,90198,9,1,84,114,2016,12,10,7,3,2,6,0,0,0,1,0,0,0,0,6.98562E+20,5.32156E+21,1.16628E+16,4.80165E+16
90198,90199,9,5,64,0,2016,12,18,5,3,9,1,2,0,0,1,0,0,0,0,6.50634E+20,5.48172E+21,1.10791E+16,4.94695E+16
90199,90200,9,5,73,126,2016,12,15,5,2,5,3,0,0,0,1,0,0,0,0,6.3582E+20,5.48303E+21,1.08752E+16,4.94847E+16
90200,90201,9,1,89,111,2016,12,17,6,3,4,1,2,1,0,1,0,0,1,0,7.63662E+20,5.32219E+21,1.25347E+16,4.79985E+16
90201,90202,9,5,62,0,2016,12,20,6,3,6,7,2,0,0,1,1,0,0,0,6.4544E+20,5.49086E+21,1.10109E+16,4.95529E+16
90202,90203,1,0,60,63,2016,1,7,5,3,0,1,2,2,1,1,0,0,0,0,5.65413E+20,5.95438E+21,9.99162E+15,5.37339E+16
90203,90204,9,1,71,134,2016,12,13,7,3,8,1,0,2,0,1,0,0,0,0,7.7461E+20,5.32909E+21,1.26856E+16,4.80559E+16
90204,90205,9,5,71,152,2016,12,12,5,3,2,6,0,0,0,1,0,0,0,0,5.88059E+20,5.46483E+21,1.0212E+16,4.93298E+16
90205,90206,1,0,56,39,2016,1,5,2,3,6,4,2,1,0,1,1,0,0,0,5.53074E+20,5.94599E+21,9.80315E+15,5.366E+16
90206,90207,1,0,51,44,2016,1,7,3,3,6,4,2,0,0,1,1,0,0,0,5.0526E+20,6.00566E+21,9.08062E+15,5.41989E+16
90207,90208,9,5,71,139,2016,12,17,5,3,0,1,2,1,0,0,0,0,0,1,5.99068E+20,5.44071E+21,1.03575E+16,4.91112E+16
90208,90209,9,5,62,0,2016,12,11,6,3,5,3,0,0,0,1,0,0,1,0,6.41882E+20,5.49147E+21,1.09619E+16,4.95592E+16
90209,90210,1,0,53,90,2016,1,15,3,3,0,3,0,2,0,1,0,1,0,0,6.11638E+20,5.94259E+21,1.06879E+16,5.36202E+16
90210,90211,9,1,75,122,2016,12,15,7,2,9,1,0,2,0,1,0,0,0,0,7.18709E+20,5.32429E+21,1.1934E+16,4.80344E+16
90211,90212,9,5,61,0,2016,12,16,5,3,4,7,0,1,0,1,0,0,0,1,6.11677E+20,5.46195E+21,1.05361E+16,4.93E+16
90212,90213,1,0,56,15,2016,1,8,2,3,0,7,0,2,1,0,0,0,0,0,5.42526E+20,5.95726E+21,9.64509E+15,5.37622E+16
90213,90214,1,0,55,46,2016,1,14,3,3,6,6,0,0,0,1,1,0,0,0,6.44097E+20,6.03289E+21,1.12211E+16,5.44233E+16
90214,90215,9,4,78,139,2016,12,5,5,3,9,1,2,1,0,1,0,0,0,0,6.45057E+20,5.56226E+21,1.10323E+16,5.01948E+16
90215,90216,9,1,89,134,2016,12,10,6,3,6,7,0,0,0,1,1,0,0,0,7.71393E+20,5.32279E+21,1.26385E+16,4.80007E+16
90216,90217,9,5,63,0,2016,12,9,6,3,3,6,0,0,0,1,0,0,0,1,6.43896E+20,5.48132E+21,1.09861E+16,4.94674E+16
90217,90218,1,0,55,40,2016,1,7,6,3,0,7,1,2,1,1,0,0,0,0,6.0812E+20,5.97261E+21,1.06452E+16,5.38906E+16
90218,90219,1,0,55,40,2016,1,7,5,3,5,3,2,1,1,1,0,0,0,0,6.07443E+20,5.97297E+21,1.0635E+16,5.3894E+16
90219,90220,9,1,76,129,2016,12,14,7,3,9,7,0,1,0,1,0,0,0,0,6.83978E+20,5.40633E+21,1.15046E+16,4.87827E+16
90220,90221,9,4,62,0,2016,12,18,5,3,0,4,2,0,0,0,1,0,0,1,6.84132E+20,5.53543E+21,1.15664E+16,4.99428E+16
90221,90222,1,0,60,39,2016,1,11,7,3,3,6,0,1,0,1,0,0,0,0,5.65949E+20,5.95712E+21,1.00003E+16,5.37585E+16
90222,90223,1,0,61,46,2016,1,17,2,3,6,6,1,1,0,1,1,0,0,0,5.33954E+20,5.97518E+21,9.51705E+15,5.39239E+16
90223,90224,1,0,60,63,2016,1,18,6,3,0,7,2,2,1,0,0,0,0,0,5.6598E+20,5.95195E+21,9.9997E+15,5.37121E+16
90224,90225,9,4,71,145,2016,12,16,5,3,5,3,1,1,1,1,0,0,0,0,6.4066E+20,5.51871E+21,1.09548E+16,4.98043E+16
90225,90226,9,1,72,111,2016,12,12,6,3,1,6,0,0,0,1,0,0,0,0,7.95631E+20,5.30112E+21,1.29478E+16,4.77954E+16
90226,90227,9,4,71,220,2016,12,11,5,3,5,3,0,0,0,1,0,0,0,0,6.17769E+20,5.51184E+21,1.06348E+16,4.97475E+16
90227,90228,9,1,72,124,2016,12,16,6,2,8,7,0,0,0,1,0,0,0,0,8.03566E+20,5.28893E+21,1.3045E+16,4.76824E+16
90228,90229,1,0,56,15,2016,1,13,6,3,0,7,0,2,1,0,0,0,0,0,5.43568E+20,5.95505E+21,9.66058E+15,5.37423E+16
90229,90230,1,0,60,63,2016,1,10,2,3,5,2,0,1,0,1,0,0,0,1,5.65019E+20,5.94884E+21,9.98448E+15,5.36842E+16
90230,90231,9,4,71,131,2016,12,14,5,3,1,5,0,1,0,1,0,0,1,0,6.34501E+20,5.51977E+21,1.08697E+16,4.98153E+16
90231,90232,9,1,72,128,2016,12,11,6,2,2,6,0,0,0,1,0,0,0,0,7.92203E+20,5.29711E+21,1.28995E+16,4.77611E+16
90232,90233,9,5,64,0,2016,12,6,6,3,1,5,2,0,0,1,0,0,0,1,6.48039E+20,5.48708E+21,1.10454E+16,4.95183E+16
90233,90234,1,0,1,0,2016,1,17,6,3,6,4,2,2,0,1,1,0,0,0,5.30209E+20,6.07143E+21,9.46979E+15,5.47892E+16
90234,90235,1,0,54,168,2016,1,17,5,3,5,3,2,2,0,1,0,0,0,0,4.56079E+20,6.0847E+21,8.31497E+15,5.49074E+16
90235,90236,9,1,84,141,2016,12,9,6,3,2,2,0,0,0,1,0,0,0,0,6.99961E+20,5.31703E+21,1.16794E+16,4.79753E+16
90236,90237,9,4,61,0,2016,12,23,5,3,4,2,2,0,0,1,0,0,0,0,6.37887E+20,5.52928E+21,1.09201E+16,4.99E+16
90237,90238,1,0,3,0,2016,1,16,2,3,1,5,1,0,1,0,0,0,0,1,6.11063E+20,5.96942E+21,1.06888E+16,5.38613E+16
90238,90239,1,0,56,15,2016,1,9,6,3,0,7,0,1,1,0,0,0,0,0,5.43272E+20,5.95523E+21,9.65612E+15,5.37439E+16
90239,90240,9,3,62,0,2016,12,22,5,3,3,6,2,1,0,1,0,0,0,0,7.24873E+20,5.4352E+21,1.20764E+16,4.90287E+16
90240,90241,9,1,87,177,2016,12,17,6,3,5,3,2,0,0,1,0,1,0,0,7.3733E+20,5.30714E+21,1.2174E+16,4.78737E+16
90241,90242,1,0,62,23,2016,1,10,6,3,5,2,0,0,0,1,0,0,0,0,5.83434E+20,5.94571E+21,1.02624E+16,5.36535E+16
90242,90243,1,0,57,62,2016,1,7,2,3,0,1,2,2,1,0,0,0,0,0,5.84288E+20,6.01058E+21,1.02932E+16,5.42363E+16
90243,90244,9,5,64,0,2016,12,15,6,3,2,6,0,1,0,1,0,0,0,0,6.54012E+20,5.48154E+21,1.11257E+16,4.94669E+16
90244,90245,1,0,60,44,2016,1,13,4,3,5,3,0,1,1,1,0,0,0,0,5.63029E+20,5.96522E+21,9.9577E+15,5.38317E+16
90245,90246,1,0,62,6,2016,1,9,3,3,0,7,0,1,0,1,0,0,1,0,5.83661E+20,5.95326E+21,1.02679E+16,5.37213E+16
90246,90247,9,1,62,0,2016,12,23,6,3,5,6,2,0,0,1,0,0,0,0,6.90442E+20,5.33903E+21,1.15618E+16,4.8176E+16
90247,90248,9,3,73,147,2016,12,8,5,3,9,1,0,2,0,1,0,0,0,0,6.84632E+20,5.46123E+21,1.15385E+16,4.92759E+16
90248,90249,1,0,56,39,2016,1,6,2,3,0,7,2,2,1,0,0,0,0,0,5.5208E+20,5.94641E+21,9.78818E+15,5.36639E+16
90249,90250,1,0,57,62,2016,1,7,2,3,0,1,2,2,1,0,0,0,0,0,5.83927E+20,6.01115E+21,1.02879E+16,5.42414E+16
90250,90251,9,5,77,173,2016,12,9,6,3,9,1,0,2,0,1,0,0,0,0,6.42346E+20,5.42621E+21,1.09451E+16,4.89724E+16
90251,90252,1,0,58,86,2016,1,7,5,3,5,2,2,1,1,1,0,0,0,0,5.43284E+20,6.00957E+21,9.66403E+15,5.42323E+16
90252,90253,1,0,55,42,2016,1,8,4,3,5,3,0,1,0,1,0,0,0,0,6.15988E+20,5.98423E+21,1.07693E+16,5.39934E+16
90253,90254,9,1,62,0,2016,12,11,6,3,2,7,0,0,0,1,0,0,0,0,6.87941E+20,5.32776E+21,1.15232E+16,4.80754E+16
90254,90255,9,3,72,164,2016,12,12,5,3,2,6,0,0,0,1,0,0,0,0,7.66311E+20,5.44764E+21,1.26504E+16,4.91238E+16
90255,90256,1,0,60,63,2016,1,9,2,3,0,1,0,2,1,0,0,0,0,0,5.65064E+20,5.94802E+21,9.98499E+15,5.36769E+16
90256,90257,1,0,57,25,2016,1,11,2,3,5,2,0,0,1,1,0,0,0,0,5.79047E+20,6.02625E+21,1.0217E+16,5.43779E+16
90257,90258,1,0,56,50,2016,1,11,6,3,0,7,0,2,1,0,0,0,0,1,5.46445E+20,5.93749E+21,9.70158E+15,5.35842E+16
90258,90259,9,3,76,149,2016,12,10,5,2,8,1,0,0,0,1,0,0,0,0,7.37606E+20,5.45603E+21,1.22626E+16,4.92109E+16
90259,90260,9,1,82,114,2016,12,12,6,3,4,2,0,0,0,1,0,0,0,0,7.21423E+20,5.29047E+21,1.1953E+16,4.77296E+16
90260,90261,1,0,55,35,2016,1,22,6,3,8,1,2,2,0,1,0,0,0,0,6.12322E+20,5.98042E+21,1.0712E+16,5.39599E+16
90261,90262,1,0,2,0,2016,1,12,2,3,6,6,0,1,0,1,1,0,0,0,5.68569E+20,6.01992E+21,1.00542E+16,5.43225E+16
90262,90263,9,4,79,161,2016,12,18,6,2,5,1,2,1,0,1,0,0,1,0,7.12198E+20,5.54471E+21,1.19621E+16,5.00169E+16
90263,90264,1,0,56,30,2016,1,18,3,3,8,7,2,2,0,1,0,0,0,0,5.44343E+20,5.9591E+21,9.67291E+15,5.37786E+16
90264,90265,9,7,78,121,2016,12,5,6,2,8,1,2,0,0,1,0,0,0,0,6.03522E+20,5.33643E+21,1.03924E+16,4.81727E+16
90265,90266,9,3,76,170,2016,12,12,5,3,2,7,0,0,0,1,0,0,0,0,7.24223E+20,5.45651E+21,1.20794E+16,4.92203E+16
90266,90267,1,0,60,4,2016,1,5,2,2,0,1,2,2,1,0,0,0,0,0,5.58498E+20,5.97417E+21,9.89057E+15,5.39127E+16
90267,90268,9,3,61,0,2016,12,19,5,3,4,2,2,1,0,1,0,1,0,0,7.08556E+20,5.48032E+21,1.1877E+16,4.94397E+16
90268,90269,9,1,82,133,2016,12,12,6,3,2,6,0,0,0,1,0,0,0,0,7.05885E+20,5.31116E+21,1.17559E+16,4.79207E+16
90269,90270,1,0,4,0,2016,1,13,1,3,2,6,0,0,0,1,0,0,0,0,5.63524E+20,5.98905E+21,9.97018E+15,5.40457E+16
90270,90271,1,0,53,46,2016,1,6,6,3,0,1,2,2,0,0,0,1,0,0,6.18406E+20,5.93872E+21,1.07887E+16,5.35839E+16
90271,90272,9,2,71,146,2016,12,19,5,3,2,6,2,1,0,1,0,0,0,0,7.87425E+20,5.41255E+21,1.29144E+16,4.87994E+16
90272,90273,9,1,87,154,2016,12,18,6,3,4,6,2,0,0,1,0,0,0,0,7.35256E+20,5.2951E+21,1.21398E+16,4.77663E+16
90273,90274,1,0,60,63,2016,1,9,5,3,0,1,0,2,1,0,0,0,0,0,5.65698E+20,5.95287E+21,9.99562E+15,5.37204E+16
90274,90275,9,2,79,132,2016,12,11,7,3,9,1,0,0,0,1,0,0,0,0,7.7051E+20,5.40025E+21,1.26764E+16,4.86966E+16
90275,90276,1,0,2,0,2016,1,15,3,3,0,1,0,2,1,0,0,0,0,0,5.7622E+20,6.01999E+21,1.01719E+16,5.4322E+16
90276,90277,9,7,76,114,2016,12,1,6,3,8,1,2,1,0,1,0,0,0,0,5.65931E+20,5.27552E+21,9.87758E+15,4.76297E+16
90277,90278,9,2,76,143,2016,12,23,5,3,8,1,2,2,0,1,0,0,0,0,7.95778E+20,5.43483E+21,1.30439E+16,4.89955E+16
90278,90279,1,0,54,46,2016,1,19,1,2,6,4,2,1,0,1,1,0,0,0,4.54393E+20,6.06795E+21,8.29131E+15,5.47567E+16
90279,90280,9,2,75,133,2016,12,14,5,3,5,3,0,0,0,1,0,0,0,0,8.22623E+20,5.3853E+21,1.33711E+16,4.85377E+16
90280,90281,9,1,87,130,2016,12,15,6,3,4,1,1,2,0,1,0,0,0,0,7.12426E+20,5.31306E+21,1.18443E+16,4.79356E+16
90281,90282,9,4,61,0,2016,12,19,6,3,2,6,2,1,0,1,0,0,0,0,6.34846E+20,5.52592E+21,1.08766E+16,4.98705E+16
90282,90283,1,0,58,135,2016,1,18,6,2,4,6,2,1,0,1,0,0,0,0,5.42382E+20,6.019E+21,9.65153E+15,5.43171E+16
90283,90284,1,0,55,40,2016,1,9,5,3,0,7,0,2,1,0,0,0,0,0,6.07879E+20,5.97365E+21,1.06419E+16,5.39001E+16
90284,90285,9,2,72,129,2016,12,12,5,2,8,1,0,2,0,1,0,0,0,0,8.46117E+20,5.40562E+21,1.37053E+16,4.87074E+16
90285,90286,1,0,2,0,2016,1,11,7,3,5,3,0,0,0,1,0,0,0,1,5.67329E+20,6.01779E+21,1.00347E+16,5.43035E+16
90286,90287,9,3,63,0,2016,12,10,6,3,1,5,0,0,0,1,0,0,0,0,7.2672E+20,5.50795E+21,1.21431E+16,4.96813E+16
90287,90288,1,0,62,1,2016,1,8,5,3,5,3,1,1,1,1,0,0,0,0,5.821E+20,5.94727E+21,1.02426E+16,5.36677E+16
90288,90289,9,1,72,116,2016,12,16,7,3,2,6,0,0,0,1,0,0,0,0,8.00539E+20,5.28253E+21,1.30004E+16,4.76264E+16
90289,90290,9,2,72,140,2016,12,10,5,3,9,1,0,0,0,1,0,0,0,0,8.26028E+20,5.4161E+21,1.34414E+16,4.88122E+16
90290,90291,1,0,62,4,2016,1,7,2,3,0,7,1,0,1,1,0,0,0,0,5.90732E+20,5.96281E+21,1.03778E+16,5.3806E+16
90291,90292,1,0,2,0,2016,1,19,7,3,5,3,2,0,1,1,0,0,0,0,5.71598E+20,6.01833E+21,1.01004E+16,5.43079E+16
90292,90293,9,2,74,185,2016,12,11,5,2,8,1,0,0,0,1,0,0,0,0,7.32308E+20,5.36919E+21,1.21408E+16,4.8433E+16
90293,90294,1,0,51,23,2016,1,1,6,3,8,1,2,0,0,1,0,0,0,0,5.20163E+20,6.01262E+21,9.30955E+15,5.42611E+16
90294,90295,9,2,74,182,2016,12,20,5,3,8,1,2,0,0,1,0,0,0,0,7.31622E+20,5.37476E+21,1.21346E+16,4.84832E+16
90295,90296,9,1,87,122,2016,12,10,6,3,5,3,0,0,0,1,0,0,0,0,7.18797E+20,5.30844E+21,1.19271E+16,4.7892E+16
90296,90297,1,0,57,62,2016,1,7,2,3,0,1,2,2,1,0,0,0,0,0,5.83966E+20,6.00966E+21,1.0288E+16,5.42281E+16
90297,90298,9,3,77,133,2016,12,10,6,3,5,3,0,1,0,1,0,0,0,0,7.07434E+20,5.52965E+21,1.18876E+16,4.98833E+16
90298,90299,1,0,56,44,2016,1,7,5,3,0,3,1,1,0,1,0,1,0,0,5.55961E+20,5.93965E+21,9.84569E+15,5.36027E+16
90299,90300,1,0,60,63,2016,1,17,4,3,6,2,2,0,0,1,1,0,0,0,5.65165E+20,5.95219E+21,9.9874E+15,5.37144E+16
90300,90301,9,7,79,181,2016,12,18,6,3,4,7,2,0,0,1,0,0,0,0,6.31121E+20,5.38942E+21,1.07801E+16,4.86441E+16
90301,90302,9,2,79,112,2016,12,13,5,3,5,3,0,0,0,1,0,0,0,0,7.5706E+20,5.38887E+21,1.2487E+16,4.86001E+16
90302,90303,1,0,53,121,2016,1,14,2,3,9,1,0,1,0,1,0,0,0,0,6.00637E+20,5.94822E+21,1.05234E+16,5.36731E+16
90303,90304,1,0,62,1,2016,1,3,6,3,0,7,2,1,0,1,1,0,0,0,5.82269E+20,5.94933E+21,1.02457E+16,5.36862E+16
90304,90305,1,0,53,100,2016,1,7,6,3,4,6,2,2,0,1,0,0,0,0,6.16884E+20,5.95143E+21,1.07704E+16,5.36984E+16
90305,90306,9,1,73,112,2016,12,11,5,2,3,6,0,0,1,0,0,0,1,0,6.91279E+20,5.29541E+21,1.15536E+16,4.77836E+16
90306,90307,9,1,61,0,2016,12,14,6,3,5,3,0,0,1,1,0,0,0,0,6.79247E+20,5.40344E+21,1.1439E+16,4.87582E+16
90307,90308,1,0,62,1,2016,1,16,6,3,0,1,2,2,1,0,0,0,0,0,5.81188E+20,5.94797E+21,1.0229E+16,5.36742E+16
90308,90309,9,1,83,126,2016,12,16,5,3,2,6,2,0,0,1,0,0,0,0,7.29187E+20,5.33754E+21,1.20815E+16,4.81497E+16
90309,90310,9,1,86,158,2016,12,21,6,3,8,1,2,2,0,1,0,0,0,0,6.91227E+20,5.40379E+21,1.1602E+16,4.87578E+16
90310,90311,9,1,83,139,2016,12,6,5,3,8,1,2,0,0,1,0,0,0,0,7.3518E+20,5.33572E+21,1.21609E+16,4.81312E+16
90311,90312,9,1,79,142,2016,12,17,6,3,2,6,2,1,0,1,0,0,0,0,6.74655E+20,5.34468E+21,1.1352E+16,4.82312E+16
90312,90313,1,0,56,44,2016,1,17,6,3,5,3,2,1,1,1,0,0,0,0,5.5574E+20,5.9395E+21,9.84233E+15,5.36013E+16
90313,90314,1,0,61,113,2016,1,16,1,3,5,5,1,1,1,1,0,0,0,0,5.2423E+20,5.97509E+21,9.36897E+15,5.39236E+16
90314,90315,9,3,75,118,2016,12,18,6,3,2,6,2,1,0,1,0,0,0,0,7.09366E+20,5.44565E+21,1.187E+16,4.9128E+16
90315,90316,1,0,59,70,2016,1,13,5,3,9,1,0,2,0,1,0,0,0,0,5.4903E+20,6.06008E+21,9.76054E+15,5.46856E+16
90316,90317,1,0,57,62,2016,1,7,4,3,1,5,2,1,1,1,0,0,0,0,5.83288E+20,6.01025E+21,1.02778E+16,5.42335E+16
90317,90318,9,7,79,201,2016,12,17,6,3,8,1,2,0,0,1,0,0,0,0,6.45254E+20,5.39579E+21,1.09741E+16,4.86982E+16
90318,90319,9,1,82,123,2016,12,6,5,3,8,1,2,0,0,1,0,0,0,0,7.14664E+20,5.30276E+21,1.18691E+16,4.78423E+16
90319,90320,1,0,62,1,2016,1,8,2,2,0,1,1,2,1,0,0,0,0,0,5.81192E+20,5.94797E+21,1.02291E+16,5.36741E+16
90320,90321,1,0,55,32,2016,1,9,6,3,0,7,0,2,1,0,0,0,0,0,6.1896E+20,5.99657E+21,1.08194E+16,5.41036E+16
90321,90322,1,0,53,32,2016,1,21,6,2,1,1,2,2,0,1,0,0,1,0,5.91559E+20,5.92161E+21,1.03783E+16,5.34356E+16
90322,90323,9,1,87,182,2016,12,8,5,3,6,4,0,0,0,1,1,0,0,0,7.38506E+20,5.32829E+21,1.22014E+16,4.80632E+16
90323,90324,9,1,79,118,2016,12,10,6,3,6,6,0,0,0,1,1,0,0,1,6.72684E+20,5.33783E+21,1.13227E+16,4.81702E+16
90324,90325,9,3,75,201,2016,12,14,6,1,8,7,0,0,0,1,0,0,0,0,7.47337E+20,5.41644E+21,1.23718E+16,4.88516E+16
90325,90326,1,0,54,19,2016,1,14,6,3,5,3,0,0,0,1,0,0,0,0,4.97589E+20,6.05281E+21,8.96265E+15,5.46227E+16
90326,90327,9,3,76,133,2016,12,12,7,2,5,3,0,0,0,1,0,0,0,0,7.38413E+20,5.48266E+21,1.22896E+16,4.94498E+16
90327,90328,9,3,73,140,2016,12,6,6,3,9,1,2,2,0,1,0,0,0,0,6.88822E+20,5.47004E+21,1.16002E+16,4.93538E+16
90328,90329,1,0,53,90,2016,1,16,3,3,6,6,1,2,0,1,1,0,0,0,6.11499E+20,5.94342E+21,1.06861E+16,5.36277E+16
90329,90330,9,7,73,125,2016,12,18,6,1,2,6,2,0,0,1,0,1,0,0,6.11692E+20,5.37944E+21,1.05137E+16,4.85581E+16
90330,90331,1,0,56,50,2016,1,13,6,3,5,3,0,1,1,1,0,0,0,0,5.47113E+20,5.93676E+21,9.71157E+15,5.35776E+16
90331,90332,1,0,56,39,2016,1,18,1,3,0,1,2,2,0,0,0,1,0,0,5.52572E+20,5.94722E+21,9.79577E+15,5.36711E+16
90332,90333,9,3,73,147,2016,12,15,6,3,2,6,0,0,0,1,0,0,0,0,6.78163E+20,5.46093E+21,1.14495E+16,4.92752E+16
90333,90334,1,0,58,93,2016,1,9,4,3,5,3,0,2,0,1,0,0,0,1,5.61218E+20,6.02098E+21,9.94147E+15,5.4333E+16
90334,90335,1,0,55,32,2016,1,14,3,3,2,6,0,0,0,1,0,0,0,1,6.19077E+20,5.99646E+21,1.08212E+16,5.41025E+16
90335,90336,9,7,72,163,2016,12,14,6,3,5,3,0,0,0,1,0,0,0,0,6.41362E+20,5.34671E+21,1.09046E+16,4.82579E+16