FID,OBJECTID,ULAND,UREGBEZ,UKREIS,UGEMEINDE,UJAHR,UMONAT,USTUNDE,UWOCHENTAG,UKATEGORIE,UART,UTYP1,ULICHTVERH,IstStrasse,IstRad,IstPKW,IstFuss,IstKrad,IstGkfz,IstSonstig,LINREFX,LINREFY,XGCSWGS84,YGCSWGS84
90515,90516,1,0,62,1,2016,2,15,4,3,5,2,0,0,0,1,0,0,0,0,5.82711E+20,5.94518E+21,1.02513E+16,5.36488E+16
90516,90517,1,0,2,0,2016,3,9,4,3,6,1,0,1,1,0,1,0,0,0,5.74266E+20,6.02024E+21,1.01419E+16,5.43246E+16
90517,90518,1,0,56,44,2016,2,18,4,3,5,3,2,1,0,0,0,1,0,1,5.56188E+20,5.93915E+21,9.84903E+15,5.35982E+16
90518,90519,1,0,3,0,2016,2,16,3,3,2,2,0,0,0,1,0,0,0,0,6.11718E+20,5.97023E+21,1.06991E+16,5.38685E+16
90519,90520,1,0,62,69,2016,2,13,6,2,5,2,0,1,1,1,0,0,0,0,5.84988E+20,5.94419E+21,1.02855E+16,5.36395E+16
90520,90521,1,0,57,57,2016,2,11,2,3,5,3,0,0,0,1,0,0,0,0,5.94555E+20,6.00215E+21,1.04481E+16,5.41587E+16
90521,90522,1,0,60,39,2016,1,5,4,3,1,5,2,1,0,1,0,0,0,0,5.65646E+20,5.9609E+21,9.99654E+15,5.37925E+16
90522,90523,1,0,55,12,2016,2,13,7,3,0,7,0,0,1,0,0,0,0,0,6.04985E+20,5.99997E+21,1.0607E+16,5.41371E+16
90523,90524,1,0,54,56,2016,2,12,2,3,0,6,0,0,1,1,0,0,0,0,5.03013E+20,6.03706E+21,9.0465E+15,5.44811E+16
90524,90525,1,0,60,44,2016,1,7,4,3,2,6,0,1,0,1,0,0,0,0,5.63495E+20,5.96552E+21,9.96485E+15,5.38343E+16
90525,90526,1,0,56,18,2016,2,14,4,3,5,3,0,1,0,0,0,1,1,0,5.57537E+20,5.94139E+21,9.86983E+15,5.36182E+16
90526,90527,1,0,56,44,2016,2,16,4,3,5,3,0,1,1,1,0,0,0,0,5.55484E+20,5.9403E+21,9.83861E+15,5.36086E+16
90527,90528,1,0,3,0,2016,2,14,3,3,3,2,0,0,1,1,0,0,0,0,6.11758E+20,5.96808E+21,1.06989E+16,5.38492E+16
90528,90529,1,0,54,168,2016,2,7,6,3,1,1,0,1,1,0,0,0,0,1,4.55594E+20,6.08489E+21,8.30737E+15,5.4909E+16
90529,90530,1,0,59,75,2016,2,15,2,3,0,1,0,0,1,0,0,0,0,0,5.36896E+20,6.04205E+21,9.57007E+15,5.45247E+16
90530,90531,1,0,56,41,2016,1,20,4,3,5,3,2,1,0,1,0,0,0,0,5.60093E+20,5.95367E+21,9.91084E+15,5.37282E+16
90531,90532,1,0,53,32,2016,2,14,4,3,6,6,0,0,0,1,1,0,0,0,5.92694E+20,5.92272E+21,1.03957E+16,5.34453E+16
90532,90533,1,0,62,1,2016,2,6,4,3,0,1,2,2,1,0,0,0,0,0,5.81112E+20,5.9481E+21,1.02279E+16,5.36753E+16
90533,90534,1,0,62,1,2016,2,9,4,3,5,3,0,0,1,1,0,0,0,0,5.81813E+20,5.94759E+21,1.02384E+16,5.36706E+16
90534,90535,1,0,60,44,2016,2,20,1,3,2,6,2,1,0,1,0,0,0,0,5.63701E+20,5.9655E+21,9.96797E+15,5.38341E+16
90535,90536,1,0,60,63,2016,1,13,4,3,2,6,0,1,0,1,0,0,0,1,5.65367E+20,5.95142E+21,9.99029E+15,5.37074E+16
90536,90537,1,0,54,56,2016,2,15,4,3,5,3,0,0,1,1,0,0,0,0,5.03431E+20,6.03646E+21,9.05294E+15,5.44758E+16
90537,90538,1,0,3,0,2016,2,7,4,3,5,3,1,2,1,1,0,0,0,0,6.11747E+20,5.96818E+21,1.06988E+16,5.38501E+16
90538,90539,1,0,53,90,2016,2,18,3,3,5,3,2,1,0,1,0,0,0,0,6.11922E+20,5.94358E+21,1.06925E+16,5.3629E+16
90539,90540,1,0,55,21,2016,2,8,3,3,4,6,0,0,0,1,0,0,0,0,6.2748E+20,6.02687E+21,1.09625E+16,5.43737E+16
90540,90541,1,0,60,63,2016,2,21,1,3,0,7,2,1,0,1,0,1,0,0,5.65586E+20,5.95141E+21,9.99361E+15,5.37072E+16
90541,90542,1,0,56,39,2016,1,17,4,3,2,6,2,1,0,1,0,0,0,0,5.50856E+20,5.94497E+21,9.76943E+15,5.3651E+16
90542,90543,1,0,55,4,2016,2,15,3,3,6,4,0,0,0,1,1,0,0,0,6.10247E+20,5.97479E+21,1.06783E+16,5.39098E+16
90543,90544,1,0,55,32,2016,2,6,4,2,1,5,1,2,0,1,0,0,0,1,6.17467E+20,5.99687E+21,1.07967E+16,5.41065E+16
90544,90545,1,0,2,0,2016,3,10,4,3,2,6,0,1,0,1,0,0,0,0,5.72638E+20,6.01906E+21,1.01166E+16,5.43142E+16
90545,90546,1,0,58,34,2016,2,8,3,3,9,6,0,1,1,1,0,0,0,0,5.43612E+20,6.01928E+21,9.67048E+15,5.43195E+16
90546,90547,1,0,3,0,2016,2,7,3,3,0,3,0,0,1,1,0,0,0,0,6.10908E+20,5.96988E+21,1.06866E+16,5.38655E+16
90547,90548,1,0,59,113,2016,2,7,3,3,6,4,2,1,0,1,1,0,0,0,5.34251E+20,6.07682E+21,9.53328E+15,5.48374E+16
90548,90549,1,0,58,77,2016,2,15,3,2,0,7,0,0,1,0,0,0,0,0,5.43533E+20,5.99351E+21,9.66553E+15,5.40879E+16
90549,90550,1,0,54,56,2016,2,15,5,3,5,2,0,0,1,1,0,0,0,0,5.03752E+20,6.03774E+21,9.05793E+15,5.44873E+16
90550,90551,1,0,55,33,2016,2,7,4,3,0,7,0,2,1,0,0,0,0,0,6.23534E+20,6.01774E+21,1.0898E+16,5.42926E+16
90551,90552,1,0,53,90,2016,2,8,2,3,4,6,2,1,0,1,0,0,0,0,6.11798E+20,5.94121E+21,1.06898E+16,5.36077E+16
90552,90553,1,0,58,58,2016,2,13,3,2,5,3,0,0,1,1,0,0,0,0,5.63844E+20,6.02981E+21,9.98374E+15,5.4412E+16
90553,90554,1,0,56,50,2016,2,14,1,3,2,6,0,1,0,1,0,0,0,0,5.47167E+20,5.93682E+21,9.71238E+15,5.35781E+16
90554,90555,1,0,62,53,2016,1,17,4,3,5,2,2,1,0,1,0,0,0,0,5.76606E+20,5.93368E+21,1.01562E+16,5.35464E+16
90555,90556,1,0,53,32,2016,2,8,2,3,0,7,0,1,0,1,0,0,0,0,5.92642E+20,5.92171E+21,1.03946E+16,5.34363E+16
90556,90557,1,0,55,44,2016,2,14,4,2,6,7,0,1,0,0,1,0,0,1,6.09996E+20,5.98756E+21,1.06791E+16,5.40246E+16
90557,90558,1,0,60,63,2016,3,7,3,3,5,3,0,2,1,1,0,0,0,0,5.65718E+20,5.95454E+21,9.99628E+15,5.37354E+16
90558,90559,1,0,55,41,2016,2,16,2,3,9,1,1,1,0,1,0,0,0,0,6.12603E+20,5.99201E+21,1.07206E+16,5.4064E+16
90559,90560,1,0,60,63,2016,2,9,2,3,5,3,0,1,1,1,0,0,0,0,5.65739E+20,5.94964E+21,9.99555E+15,5.36913E+16
90560,90561,1,0,54,168,2016,2,13,1,3,4,2,0,0,0,1,0,0,0,0,4.55599E+20,6.08567E+21,8.30734E+15,5.4916E+16
90561,90562,1,0,61,46,2016,2,9,4,3,5,2,0,1,1,1,0,0,0,0,5.33157E+20,5.97608E+21,9.50501E+15,5.3932E+16
90562,90563,1,0,4,0,2016,2,18,1,3,6,1,2,1,0,1,1,0,0,0,5.65128E+20,5.99415E+21,9.99577E+15,5.40914E+16
90563,90564,1,0,62,60,2016,1,18,4,3,0,6,2,1,1,0,0,0,0,1,5.83126E+20,5.93111E+21,1.02539E+16,5.35223E+16
90564,90565,1,0,58,135,2016,2,18,2,3,6,2,2,1,0,1,1,0,0,0,5.43286E+20,6.01751E+21,9.66521E+15,5.43036E+16
90565,90566,1,0,58,161,2016,2,2,1,2,4,6,2,1,0,1,0,0,1,0,5.28542E+20,5.99473E+21,9.43647E+15,5.41E+16
90566,90567,1,0,62,6,2016,1,17,4,3,5,3,2,1,1,1,0,0,0,0,5.83348E+20,5.95418E+21,1.02634E+16,5.37296E+16
90567,90568,1,0,54,88,2016,2,9,2,3,6,4,0,1,0,1,1,0,0,0,4.88899E+20,6.07126E+21,8.82737E+15,5.47884E+16
90568,90569,1,0,4,0,2016,2,8,4,3,0,1,0,2,1,0,0,0,0,0,5.63161E+20,5.99277E+21,9.96541E+15,5.40792E+16
90569,90570,1,0,56,15,2016,3,7,3,3,5,3,0,0,1,1,0,0,0,0,5.43633E+20,5.95458E+21,9.66151E+15,5.37381E+16
90570,90571,1,0,51,74,2016,2,0,1,2,6,7,2,0,0,1,1,0,0,0,5.04667E+20,5.9934E+21,9.07135E+15,5.40888E+16
90571,90572,1,0,60,63,2016,2,11,2,2,6,6,0,0,0,1,1,0,0,0,5.64623E+20,5.94978E+21,9.97869E+15,5.36927E+16
90572,90573,1,0,57,91,2016,2,20,7,3,5,3,2,1,0,1,0,0,0,0,5.79566E+20,6.01627E+21,1.02223E+16,5.42881E+16
90573,90574,1,0,56,18,2016,3,7,5,3,5,3,0,0,1,1,0,0,0,0,5.55773E+20,5.94125E+21,9.84314E+15,5.3617E+16
90574,90575,1,0,62,76,2016,2,14,7,2,5,2,0,1,0,1,0,1,0,0,5.70027E+20,5.95426E+21,1.00615E+16,5.37323E+16
90575,90576,1,0,55,41,2016,1,12,4,3,2,6,0,1,0,1,0,0,0,0,6.10255E+20,5.99468E+21,1.06857E+16,5.40885E+16
90576,90577,1,0,53,41,2016,2,3,1,3,6,7,2,0,0,1,1,0,0,0,6.14358E+20,5.96458E+21,1.07371E+16,5.38171E+16
90577,90578,1,0,57,9,2016,2,21,1,3,8,1,2,0,0,1,0,0,0,0,5.94979E+20,6.00065E+21,1.04541E+16,5.41452E+16
90578,90579,1,0,53,129,2016,2,19,2,3,5,3,2,0,0,1,0,0,0,0,5.83393E+20,5.92763E+21,1.0257E+16,5.34911E+16
90579,90580,1,0,51,75,2016,2,11,5,3,8,1,0,0,0,1,0,0,0,0,5.02853E+20,6.01028E+21,9.04378E+15,5.42405E+16
90580,90581,1,0,58,135,2016,2,12,4,3,2,6,0,1,0,1,0,0,0,1,5.42621E+20,6.01837E+21,9.65511E+15,5.43114E+16
90581,90582,1,0,60,44,2016,3,7,3,3,5,3,0,1,1,1,0,0,0,0,5.62819E+20,5.96518E+21,9.9545E+15,5.38314E+16
90582,90583,1,0,51,75,2016,2,8,7,2,8,1,0,1,0,1,0,0,0,0,5.02855E+20,6.01028E+21,9.0438E+15,5.42405E+16
90583,90584,1,0,62,9,2016,2,12,2,3,2,6,0,1,0,1,0,0,0,0,5.79887E+20,5.93616E+21,1.02063E+16,5.35682E+16
90584,90585,1,0,3,0,2016,2,14,6,3,5,3,0,0,1,1,0,0,0,0,6.18966E+20,5.97558E+21,1.08113E+16,5.3915E+16
90585,90586,1,0,58,135,2016,1,16,4,3,5,3,0,1,1,1,0,0,0,0,5.41682E+20,6.01892E+21,9.64075E+15,5.43165E+16
90586,90587,1,0,58,135,2016,1,8,4,3,5,3,0,1,1,1,0,0,0,0,5.4317E+20,6.01752E+21,9.66343E+15,5.43037E+16
90587,90588,1,0,61,46,2016,2,17,7,3,0,7,2,0,0,0,0,1,0,0,5.34046E+20,5.97555E+21,9.5185E+15,5.39273E+16
90588,90589,1,0,57,74,2016,2,7,4,3,0,1,0,2,1,0,0,0,0,0,5.79528E+20,6.02149E+21,1.02231E+16,5.43351E+16
90589,90590,1,0,62,60,2016,2,8,7,3,5,3,0,0,1,1,0,0,0,0,5.82706E+20,5.93426E+21,1.02484E+16,5.35507E+16
90590,90591,1,0,56,50,2016,2,23,1,3,5,3,2,1,0,1,0,0,0,0,5.47813E+20,5.93671E+21,9.72212E+15,5.35771E+16
90591,90592,1,0,56,50,2016,2,10,7,3,6,4,0,1,0,1,1,0,0,0,5.46838E+20,5.93672E+21,9.7074E+15,5.35772E+16
90592,90593,1,0,62,82,2016,2,12,7,3,5,2,0,0,0,1,0,1,0,0,5.92145E+20,5.9415E+21,1.03929E+16,5.36142E+16
90593,90594,1,0,2,0,2016,2,8,4,3,2,6,1,2,0,1,0,0,0,0,5.75414E+20,6.01662E+21,1.01586E+16,5.42919E+16
90594,90595,1,0,53,136,2016,2,17,7,3,5,3,1,1,0,1,0,0,0,0,6.19698E+20,5.95093E+21,1.08129E+16,5.36933E+16
90595,90596,1,0,61,82,2016,1,14,3,2,8,7,0,0,1,0,0,0,0,0,5.30246E+20,5.97759E+21,9.46082E+15,5.39458E+16
90596,90597,1,0,55,16,2016,2,22,7,2,5,3,2,0,0,1,0,0,0,0,6.27461E+20,6.00109E+21,1.09513E+16,5.41421E+16
90597,90598,1,0,57,62,2016,2,8,4,2,8,1,0,2,1,0,0,0,0,0,5.83907E+20,6.00966E+21,1.02871E+16,5.42281E+16
90598,90599,1,0,57,48,2016,2,19,7,3,6,7,2,1,0,1,1,0,0,0,6.03759E+20,6.01699E+21,1.05941E+16,5.42903E+16
90599,90600,1,0,54,20,2016,2,14,4,3,0,1,0,0,1,0,0,0,0,0,4.99099E+20,6.05189E+21,8.98605E+15,5.46145E+16
90600,90601,1,0,61,46,2016,2,18,6,3,4,1,2,1,0,1,0,0,0,0,5.32579E+20,5.97641E+21,9.49624E+15,5.3935E+16
90601,90602,1,0,60,44,2016,2,7,1,3,0,1,0,1,1,0,0,0,0,0,5.62255E+20,5.96452E+21,9.94581E+15,5.38255E+16
90602,90603,1,0,56,49,2016,3,14,5,3,4,6,0,1,0,1,0,0,0,0,5.46016E+20,5.94926E+21,9.69684E+15,5.36901E+16
90603,90604,1,0,59,75,2016,2,15,7,2,0,1,0,0,0,0,0,1,0,0,5.36887E+20,6.0421E+21,9.56993E+15,5.45251E+16
90604,90605,1,0,2,0,2016,1,12,3,3,5,7,0,0,0,1,0,1,0,0,5.73357E+20,6.02186E+21,1.01283E+16,5.43393E+16
90605,90606,1,0,61,49,2016,2,17,6,3,5,3,2,1,0,1,0,0,0,0,5.47237E+20,5.97916E+21,9.71993E+15,5.39586E+16
90606,90607,1,0,59,82,2016,2,8,4,3,4,6,0,2,0,1,0,0,0,0,5.41019E+20,6.05399E+21,9.63543E+15,5.46316E+16
90607,90608,1,0,53,32,2016,3,16,3,3,2,6,0,0,0,1,0,0,0,0,5.90494E+20,5.92262E+21,1.03625E+16,5.34449E+16
90608,90609,1,0,60,5,2016,2,14,6,3,5,3,0,1,0,1,0,0,0,0,5.8581E+20,5.9774E+21,1.03072E+16,5.39379E+16
90609,90610,1,0,55,37,2016,2,11,1,3,9,1,0,0,0,1,0,0,0,0,6.2085E+20,6.00458E+21,1.08515E+16,5.41751E+16
90610,90611,1,0,56,48,2016,2,13,7,3,0,7,0,1,1,0,0,0,0,0,5.47381E+20,5.95025E+21,9.71767E+15,5.36988E+16
90611,90612,1,0,53,83,2016,3,10,3,3,1,7,0,0,0,1,0,0,0,0,6.03168E+20,5.91514E+21,1.05508E+16,5.33753E+16
90612,90613,1,0,56,49,2016,2,14,6,3,5,3,0,1,1,1,0,0,0,0,5.44089E+20,5.94918E+21,9.66765E+15,5.36894E+16
90613,90614,1,0,55,32,2016,2,1,1,3,6,4,2,1,0,1,1,0,0,0,6.18848E+20,5.99698E+21,1.08179E+16,5.41073E+16
90614,90615,1,0,53,116,2016,2,13,6,3,5,2,0,1,1,1,0,0,0,0,5.98194E+20,5.92948E+21,1.04806E+16,5.35051E+16
90615,90616,1,0,2,0,2016,2,0,1,3,5,3,2,0,1,1,0,0,0,0,5.72389E+20,6.01787E+21,1.01125E+16,5.43036E+16
90616,90617,1,0,56,15,2016,2,13,4,3,5,7,0,0,0,1,0,0,0,0,5.43462E+20,5.95555E+21,9.65905E+15,5.37468E+16
90617,90618,1,0,53,129,2016,3,9,5,3,6,3,0,0,0,1,1,0,0,0,5.83085E+20,5.92769E+21,1.02523E+16,5.34916E+16
90618,90619,1,0,51,44,2016,2,11,6,2,5,2,0,1,0,1,0,0,0,1,5.06424E+20,6.00452E+21,9.09845E+15,5.41887E+16
90619,90620,1,0,59,149,2016,1,14,3,1,8,1,0,1,0,1,0,0,0,0,5.09713E+20,6.06422E+21,9.15081E+15,5.47252E+16
90620,90621,1,0,62,90,2016,2,16,6,2,6,1,1,1,0,1,1,0,0,0,5.80955E+20,5.95138E+21,1.02264E+16,5.37048E+16
90621,90622,1,0,54,164,2016,2,14,4,3,0,1,0,0,1,0,0,0,0,0,4.72287E+20,6.06019E+21,8.57009E+15,5.46883E+16
90622,90623,1,0,2,0,2016,3,12,3,3,6,4,0,0,0,1,1,0,0,0,5.72269E+20,6.02113E+21,1.01114E+16,5.43329E+16
90623,90624,1,0,3,0,2016,2,13,6,3,6,4,0,1,0,0,1,0,0,1,6.17739E+20,5.97233E+21,1.07914E+16,5.38861E+16
90624,90625,1,0,60,89,2016,2,18,7,3,5,3,2,0,0,1,0,0,0,0,5.79598E+20,5.98867E+21,1.02155E+16,5.40401E+16
90625,90626,1,0,56,39,2016,2,10,6,2,6,7,0,1,0,1,1,0,0,0,5.52794E+20,5.94582E+21,9.79889E+15,5.36585E+16
90626,90627,1,0,60,63,2016,2,17,6,2,5,3,0,0,1,1,0,0,0,0,5.66319E+20,5.95281E+21,1.0005E+16,5.37198E+16
90627,90628,1,0,54,168,2016,1,9,3,3,5,3,0,1,0,1,0,0,0,0,4.59431E+20,6.08353E+21,8.36741E+15,5.48971E+16
90628,90629,1,0,60,5,2016,2,18,6,3,6,6,2,1,0,1,1,0,0,0,5.85042E+20,5.97685E+21,1.02953E+16,5.3933E+16
90629,90630,1,0,61,46,2016,1,17,2,3,2,6,2,1,0,1,0,0,0,0,5.33396E+20,5.97496E+21,9.50852E+15,5.3922E+16
90630,90631,1,0,1,0,2016,3,10,5,3,6,4,0,1,0,1,1,0,0,0,5.28174E+20,6.07211E+21,9.4382E+15,5.47954E+16
90631,90632,1,0,3,0,2016,2,18,6,3,8,1,2,1,0,1,0,0,0,0,6.13674E+20,5.96276E+21,1.0726E+16,5.3801E+16
90632,90633,1,0,60,39,2016,1,21,2,3,5,3,2,1,1,1,0,0,0,0,5.65315E+20,5.95666E+21,9.99062E+15,5.37545E+16
90633,90634,1,0,51,44,2016,2,17,5,3,5,2,1,1,1,1,0,0,0,0,5.06285E+20,6.00507E+21,9.09632E+15,5.41937E+16
90634,90635,1,0,60,5,2016,2,11,5,3,0,3,0,0,0,1,0,0,0,0,5.85536E+20,5.97857E+21,1.03033E+16,5.39484E+16
90635,90636,1,0,60,4,2016,2,18,7,3,5,2,2,1,0,1,0,0,0,0,5.57917E+20,5.97534E+21,9.88195E+15,5.39232E+16
90636,90637,1,0,57,91,2016,2,17,6,3,5,3,1,1,0,1,0,0,0,0,5.79221E+20,6.01635E+21,1.0217E+16,5.42889E+16
90637,90638,1,0,57,91,2016,2,21,6,3,8,1,2,1,0,1,0,0,0,0,5.79341E+20,6.01632E+21,1.02189E+16,5.42886E+16
90638,90639,1,0,60,63,2016,1,15,2,3,5,3,0,1,1,1,0,0,0,0,5.66746E+20,5.95269E+21,1.00115E+16,5.37186E+16
90639,90640,1,0,56,39,2016,2,17,4,3,2,6,2,1,0,1,0,0,0,0,5.53399E+20,5.94594E+21,9.80807E+15,5.36595E+16
90640,90641,1,0,53,90,2016,2,12,4,3,6,7,0,0,0,1,1,0,0,0,6.11518E+20,5.94266E+21,1.06861E+16,5.36208E+16
90641,90642,1,0,51,44,2016,2,7,3,3,5,2,0,1,1,1,0,0,0,0,5.06422E+20,6.00452E+21,9.09841E+15,5.41887E+16
90642,90643,1,0,55,28,2016,2,2,4,1,6,4,2,1,0,0,1,0,0,1,6.02521E+20,6.00462E+21,1.05708E+16,5.41794E+16
90643,90644,1,0,60,44,2016,2,14,7,2,5,3,0,1,1,0,0,0,0,0,5.62579E+20,5.96462E+21,9.95074E+15,5.38263E+16
90644,90645,1,0,55,39,2016,2,14,4,3,4,6,0,1,1,1,0,0,0,0,6.15449E+20,5.99205E+21,1.0764E+16,5.40637E+16
90645,90646,1,0,57,78,2016,2,16,4,3,7,7,1,1,1,0,0,0,0,1,5.91724E+20,6.03055E+21,1.04134E+16,5.44144E+16
90646,90647,1,0,62,81,2016,2,12,7,3,6,6,0,0,0,1,1,0,0,0,5.85762E+20,5.95488E+21,1.03002E+16,5.37356E+16
90647,90648,1,0,62,60,2016,2,18,5,3,6,4,2,1,0,1,1,0,0,0,5.82963E+20,5.92962E+21,1.0251E+16,5.3509E+16
90648,90649,1,0,57,57,2016,2,13,6,3,6,4,0,1,0,1,1,0,0,0,5.9261E+20,6.00221E+21,1.04183E+16,5.41596E+16
90649,90650,1,0,56,18,2016,1,12,2,3,0,7,0,1,1,0,0,0,0,0,5.56799E+20,5.94155E+21,9.8587E+15,5.36197E+16
90650,90651,1,0,61,49,2016,2,4,3,3,6,6,2,0,0,1,1,0,0,0,5.47009E+20,5.97875E+21,9.71639E+15,5.39549E+16
90651,90652,1,0,56,49,2016,2,6,3,3,5,3,0,1,0,1,0,0,0,0,5.44085E+20,5.94918E+21,9.66759E+15,5.36895E+16
90652,90653,1,0,2,0,2016,3,19,3,3,2,6,2,1,0,1,0,0,0,0,5.73781E+20,6.02081E+21,1.01346E+16,5.43298E+16
90653,90654,1,0,56,50,2016,2,10,3,3,6,2,0,0,0,1,1,0,0,0,5.4732E+20,5.93598E+21,9.71457E+15,5.35705E+16
90654,90655,1,0,62,69,2016,2,12,7,3,8,7,0,0,1,1,0,0,0,0,5.83243E+20,5.94349E+21,1.02589E+16,5.36336E+16
90655,90656,1,0,56,18,2016,2,11,3,3,5,3,0,0,1,0,0,0,0,0,5.56881E+20,5.94087E+21,9.85983E+15,5.36136E+16
90656,90657,1,0,55,7,2016,2,19,7,2,8,1,2,1,0,1,0,0,0,0,5.95644E+20,5.99267E+21,1.04617E+16,5.40733E+16
90657,90658,1,0,56,48,2016,2,7,4,3,1,5,0,1,1,1,0,0,0,0,5.47691E+20,5.95098E+21,9.72246E+15,5.37053E+16
90658,90659,1,0,56,49,2016,3,11,4,3,5,2,0,1,1,0,0,0,0,1,5.45047E+20,5.94841E+21,9.68204E+15,5.36825E+16
90659,90660,1,0,60,44,2016,2,19,5,3,6,4,2,0,0,1,1,0,0,0,5.63376E+20,5.96579E+21,9.9631E+15,5.38367E+16
90660,90661,1,0,56,18,2016,1,18,2,3,6,2,2,1,0,1,1,0,0,0,5.55662E+20,5.94339E+21,9.84185E+15,5.36363E+16
90661,90662,1,0,56,44,2016,2,18,3,3,0,6,2,0,0,1,0,1,0,0,5.55588E+20,5.94024E+21,9.84017E+15,5.3608E+16
90662,90663,1,0,62,6,2016,2,18,5,3,6,6,2,1,0,1,1,0,0,0,5.83526E+20,5.95439E+21,1.02661E+16,5.37315E+16
90663,90664,1,0,3,0,2016,2,0,3,1,6,4,2,1,0,1,1,0,0,0,6.13181E+20,5.97023E+21,1.07213E+16,5.38682E+16
90664,90665,1,0,56,44,2016,2,12,3,3,5,2,0,1,0,1,0,0,0,0,5.55557E+20,5.94026E+21,9.83971E+15,5.36082E+16
90665,90666,1,0,51,127,2016,2,14,2,3,5,3,0,0,0,1,0,1,0,0,4.94833E+20,6.00712E+21,8.92077E+15,5.42121E+16
90666,90667,1,0,54,56,2016,2,9,3,3,5,3,0,1,1,1,0,0,0,0,5.03945E+20,6.03817E+21,9.0609E+15,5.44912E+16
90667,90668,1,0,2,0,2016,2,11,7,3,5,3,0,0,1,1,0,0,0,0,5.73118E+20,6.02315E+21,1.0125E+16,5.43509E+16
90668,90669,1,0,60,16,2016,2,12,1,2,6,7,0,0,0,1,1,0,0,0,5.8199E+20,5.98567E+21,1.02512E+16,5.40128E+16
90669,90670,1,0,60,5,2016,2,13,4,2,5,2,0,0,1,1,0,0,0,0,5.85625E+20,5.97709E+21,1.03043E+16,5.39351E+16
90670,90671,1,0,56,49,2016,3,10,4,3,0,5,0,1,0,1,0,0,0,1,5.44391E+20,5.94831E+21,9.6721E+15,5.36816E+16
90671,90672,1,0,3,0,2016,2,7,5,3,2,6,1,2,0,1,0,0,0,1,6.11194E+20,5.97274E+21,1.0692E+16,5.38912E+16
90672,90673,1,0,3,0,2016,1,8,2,2,5,3,0,1,1,1,0,0,0,0,6.10876E+20,5.96784E+21,1.06854E+16,5.38472E+16
90673,90674,1,0,54,161,2016,2,11,3,3,8,1,0,1,0,0,0,1,0,0,5.00528E+20,6.02694E+21,9.00813E+15,5.43902E+16
90674,90675,1,0,60,63,2016,2,14,3,3,2,6,0,0,0,1,0,0,0,0,5.65621E+20,5.95307E+21,9.9945E+15,5.37221E+16
90675,90676,1,0,61,42,2016,2,18,2,3,3,6,0,0,1,1,0,0,0,0,5.39988E+20,5.9795E+21,9.60949E+15,5.39623E+16
90676,90677,1,0,61,46,2016,2,12,2,3,5,3,0,1,0,1,0,0,0,0,5.33689E+20,5.97519E+21,9.51301E+15,5.3924E+16
90677,90678,1,0,56,43,2016,2,17,6,3,0,7,1,1,1,0,0,0,0,0,5.55129E+20,5.9443E+21,9.83396E+15,5.36446E+16
90678,90679,1,0,62,82,2016,2,7,3,3,0,7,0,0,1,0,0,0,0,0,5.92848E+20,5.94061E+21,1.04033E+16,5.36061E+16
90679,90680,1,0,56,15,2016,2,14,2,3,5,3,0,0,0,1,0,0,0,0,5.42661E+20,5.9545E+21,9.64676E+15,5.37374E+16
90680,90681,1,0,60,44,2016,2,7,2,3,6,2,1,1,0,1,1,0,0,0,5.63447E+20,5.96542E+21,9.96409E+15,5.38334E+16
90681,90682,1,0,55,33,2016,2,7,6,3,6,7,2,1,0,1,1,0,0,0,6.22529E+20,6.0175E+21,1.08825E+16,5.42907E+16
90682,90683,1,0,3,0,2016,2,2,7,2,8,1,2,0,0,1,0,0,0,0,6.11286E+20,5.97356E+21,1.06937E+16,5.38985E+16
90683,90684,1,0,56,15,2016,3,8,4,3,2,6,0,1,0,1,0,0,0,0,5.46592E+20,5.95499E+21,9.70643E+15,5.37415E+16
90684,90685,1,0,4,0,2016,2,9,5,3,5,2,0,0,0,1,0,0,1,0,5.63789E+20,5.98897E+21,9.97421E+15,5.4045E+16
90685,90686,1,0,2,0,2016,1,16,2,3,5,3,1,1,1,1,0,0,0,0,5.71973E+20,6.02105E+21,1.01068E+16,5.43322E+16
90686,90687,1,0,56,15,2016,2,11,2,3,2,2,0,1,0,1,0,0,0,1,5.45896E+20,5.95496E+21,9.69586E+15,5.37412E+16
90687,90688,1,0,60,63,2016,2,12,2,3,1,5,0,1,0,1,0,0,1,0,5.66459E+20,5.9489E+21,1.00063E+16,5.36846E+16
90688,90689,1,0,3,0,2016,2,8,6,2,0,7,1,1,1,0,0,0,0,0,6.12111E+20,5.96682E+21,1.07038E+16,5.38378E+16
90689,90690,1,0,1,0,2016,2,20,6,3,0,7,2,0,1,0,0,0,0,0,5.28997E+20,6.07127E+21,9.45092E+15,5.47878E+16
90690,90691,1,0,59,113,2016,2,19,5,3,6,2,2,0,0,1,1,0,0,0,5.34345E+20,6.07728E+21,9.5348E+15,5.48415E+16
90691,90692,1,0,57,74,2016,1,7,2,3,5,3,1,1,0,1,0,0,0,0,5.78311E+20,6.0207E+21,1.02042E+16,5.43282E+16
90692,90693,1,0,60,5,2016,2,18,2,3,5,3,2,1,0,1,0,0,0,0,5.85907E+20,5.97688E+21,1.03085E+16,5.39332E+16
90693,90694,1,0,62,1,2016,2,8,6,3,5,3,0,1,1,1,0,0,0,0,5.83021E+20,5.94965E+21,1.02572E+16,5.36889E+16
90694,90695,1,0,62,9,2016,2,5,5,3,8,1,2,1,0,0,0,0,0,1,5.7691E+20,5.93526E+21,1.01611E+16,5.35606E+16
90695,90696,1,0,51,109,2016,1,15,1,3,9,1,0,1,0,1,0,0,0,0,4.94898E+20,6.00596E+21,8.92178E+15,5.42017E+16
90696,90697,1,0,60,92,2016,3,13,4,3,2,2,0,1,0,1,0,0,0,0,5.79585E+20,5.97885E+21,1.02128E+16,5.39519E+16