FID,OBJECTID,ULAND,UREGBEZ,UKREIS,UGEMEINDE,UJAHR,UMONAT,USTUNDE,UWOCHENTAG,UKATEGORIE,UART,UTYP1,ULICHTVERH,IstStrasse,IstRad,IstPKW,IstFuss,IstKrad,IstGkfz,IstSonstig,LINREFX,LINREFY,XGCSWGS84,YGCSWGS84
90697,90698,1,0,51,44,2016,2,9,4,3,5,3,0,0,0,1,0,0,0,0,5.05412E+20,6.00523E+21,9.08296E+15,5.41951E+16
90698,90699,1,0,53,32,2016,1,18,1,3,2,6,2,0,0,1,0,0,0,0,5.90663E+20,5.92226E+21,1.0365E+16,5.34415E+16
90699,90700,1,0,3,0,2016,2,13,2,3,2,6,0,1,0,1,0,0,0,0,6.11137E+20,5.97355E+21,1.06914E+16,5.38985E+16
90700,90701,1,0,2,0,2016,2,8,3,3,5,3,0,1,1,1,0,0,0,0,5.73822E+20,6.01807E+21,1.01345E+16,5.43052E+16
90701,90702,1,0,1,0,2016,2,7,2,3,6,3,2,1,0,1,1,0,0,0,5.30437E+20,6.07177E+21,9.47337E+15,5.47922E+16
90702,90703,1,0,58,135,2016,2,17,6,3,0,1,0,0,1,0,0,0,0,0,5.45009E+20,6.01731E+21,9.69166E+15,5.43017E+16
90703,90704,1,0,56,41,2016,2,8,4,3,5,3,0,0,1,0,0,0,0,1,5.59842E+20,5.95311E+21,9.90693E+15,5.37233E+16
90704,90705,1,0,60,39,2016,1,0,1,3,8,1,2,1,0,1,0,0,0,0,5.65548E+20,5.95811E+21,9.99445E+15,5.37675E+16
90705,90706,1,0,57,57,2016,2,8,3,3,5,3,0,1,1,1,0,0,0,0,5.93125E+20,6.00237E+21,1.04262E+16,5.4161E+16
90706,90707,1,0,62,60,2016,2,16,2,3,5,3,0,0,1,1,0,0,0,0,5.83369E+20,5.93101E+21,1.02575E+16,5.35214E+16
90707,90708,1,0,56,21,2016,1,14,1,3,0,7,0,1,0,0,0,1,0,0,5.60998E+20,5.95041E+21,9.92392E+15,5.36988E+16
90708,90709,1,0,56,50,2016,2,13,5,3,5,3,0,0,1,1,0,0,0,0,5.47163E+20,5.9368E+21,9.71232E+15,5.35779E+16
90709,90710,1,0,1,0,2016,2,13,3,3,5,3,0,0,0,1,0,0,0,0,5.27699E+20,6.06983E+21,9.4306E+15,5.4775E+16
90710,90711,1,0,60,63,2016,1,1,1,3,6,4,2,1,0,1,1,0,0,0,5.65759E+20,5.95413E+21,9.99682E+15,5.37317E+16
90711,90712,1,0,60,4,2016,2,18,2,3,5,2,2,1,1,1,0,0,0,0,5.57917E+20,5.97534E+21,9.88195E+15,5.39232E+16
90712,90713,1,0,3,0,2016,1,1,1,3,6,3,2,1,0,0,1,0,0,1,6.10999E+20,5.96973E+21,1.0688E+16,5.38642E+16
90713,90714,1,0,53,32,2016,2,16,5,3,5,2,0,0,0,1,0,1,0,0,5.89593E+20,5.92229E+21,1.03489E+16,5.3442E+16
90714,90715,1,0,56,15,2016,2,8,4,3,5,3,0,0,1,1,0,0,0,0,5.43418E+20,5.95786E+21,9.65871E+15,5.37676E+16
90715,90716,1,0,62,60,2016,1,21,1,3,1,5,2,1,1,1,0,0,0,0,5.83258E+20,5.93013E+21,1.02556E+16,5.35135E+16
90716,90717,1,0,55,16,2016,1,1,7,3,5,3,2,1,0,1,0,1,0,0,6.28528E+20,6.00163E+21,1.09678E+16,5.41467E+16
90717,90718,1,0,62,6,2016,2,7,2,3,3,6,0,1,1,1,0,0,0,0,5.82714E+20,5.95388E+21,1.02537E+16,5.3727E+16
90718,90719,1,0,53,32,2016,2,9,2,3,5,3,0,0,1,1,0,0,0,0,5.90327E+20,5.92306E+21,1.03601E+16,5.34488E+16
90719,90720,1,0,59,120,2016,1,3,7,3,8,1,2,1,0,1,0,0,0,0,5.25602E+20,6.0733E+21,9.39831E+15,5.48062E+16
90720,90721,1,0,3,0,2016,2,0,5,2,1,5,2,1,0,1,0,1,0,0,6.13081E+20,5.97251E+21,1.07206E+16,5.38887E+16
90721,90722,1,0,60,63,2016,2,10,7,3,2,6,0,0,0,1,0,0,0,0,5.65726E+20,5.95442E+21,9.99638E+15,5.37343E+16
90722,90723,1,0,56,39,2016,2,16,4,3,6,4,0,0,0,0,1,0,0,1,5.53629E+20,5.94597E+21,9.81154E+15,5.36598E+16
90723,90724,1,0,56,15,2016,3,15,4,3,2,2,0,1,0,1,0,0,0,1,5.44051E+20,5.95628E+21,9.66809E+15,5.37533E+16
90724,90725,1,0,3,0,2016,2,18,4,3,5,2,2,0,0,1,0,1,0,0,6.11763E+20,5.96786E+21,1.06989E+16,5.38472E+16
90725,90726,1,0,56,15,2016,1,18,6,3,5,2,2,1,0,1,0,0,0,0,5.43492E+20,5.95426E+21,9.65933E+15,5.37352E+16
90726,90727,1,0,3,0,2016,2,13,5,3,5,3,0,1,1,1,0,0,0,0,6.09267E+20,5.96923E+21,1.06614E+16,5.386E+16
90727,90728,1,0,62,61,2016,2,16,4,3,5,2,0,0,0,1,0,0,0,0,5.98868E+20,5.96628E+21,1.05024E+16,5.38356E+16
90728,90729,1,0,60,63,2016,3,17,4,3,2,6,0,1,0,1,0,0,0,0,5.64797E+20,5.94578E+21,9.98048E+15,5.36567E+16
90729,90730,1,0,58,54,2016,2,14,4,3,2,6,0,0,0,1,0,0,0,0,5.39403E+20,6.01795E+21,9.6056E+15,5.43079E+16
90730,90731,1,0,3,0,2016,1,15,1,3,3,5,0,1,0,1,0,0,0,0,6.11884E+20,5.96683E+21,1.07003E+16,5.38379E+16
90731,90732,1,0,60,63,2016,1,3,6,3,9,1,2,0,1,0,0,0,0,0,5.63956E+20,5.95287E+21,9.96922E+15,5.37205E+16
90732,90733,1,0,62,60,2016,2,12,2,3,5,2,0,1,1,1,0,1,0,0,5.81743E+20,5.93041E+21,1.02328E+16,5.35163E+16
90733,90734,1,0,4,0,2016,2,9,2,3,5,2,0,0,1,1,0,0,0,0,5.64095E+20,5.99185E+21,9.97948E+15,5.40708E+16
90734,90735,1,0,60,63,2016,1,14,6,3,5,3,0,0,0,1,0,0,0,0,5.64514E+20,5.94975E+21,9.97702E+15,5.36925E+16
90735,90736,1,0,55,4,2016,2,21,5,3,6,2,2,0,0,1,1,0,0,0,6.10861E+20,5.97672E+21,1.06884E+16,5.3927E+16
90736,90737,1,0,61,46,2016,2,8,6,3,2,6,0,2,0,1,0,0,0,0,5.32673E+20,5.97623E+21,9.49765E+15,5.39334E+16
90737,90738,1,0,58,5,2016,2,8,4,3,4,6,0,0,0,1,0,0,0,0,5.73581E+20,6.02892E+21,1.01335E+16,5.44027E+16
90738,90739,1,0,62,60,2016,3,7,4,3,6,4,0,0,0,1,1,0,0,0,5.83106E+20,5.93043E+21,1.02534E+16,5.35163E+16
90739,90740,1,0,1,0,2016,2,8,4,3,0,1,0,2,1,0,0,0,0,0,5.29135E+20,6.06999E+21,9.45294E+15,5.47763E+16
90740,90741,1,0,51,75,2016,1,18,7,3,9,1,2,2,0,1,0,0,0,0,5.03097E+20,6.00989E+21,9.04751E+15,5.4237E+16
90741,90742,1,0,4,0,2016,1,17,6,3,5,2,2,1,1,1,0,0,0,0,5.64194E+20,5.99202E+21,9.98104E+15,5.40724E+16
90742,90743,1,0,56,44,2016,1,7,7,3,0,7,1,2,1,0,0,0,0,0,5.54808E+20,5.93929E+21,9.82821E+15,5.35995E+16
90743,90744,1,0,2,0,2016,1,22,6,3,5,3,2,1,0,1,0,0,0,0,5.74656E+20,6.01899E+21,1.01476E+16,5.43133E+16
90744,90745,1,0,58,22,2016,2,7,2,2,5,3,0,1,1,1,0,0,0,0,5.68257E+20,6.00394E+21,1.00458E+16,5.4179E+16
90745,90746,1,0,57,57,2016,2,16,2,3,5,7,0,0,0,1,0,0,0,0,5.9334E+20,6.00223E+21,1.04295E+16,5.41596E+16
90746,90747,1,0,57,62,2016,1,18,6,3,5,3,2,1,0,1,0,1,0,0,5.83448E+20,6.00998E+21,1.02802E+16,5.4231E+16
90747,90748,1,0,58,135,2016,2,13,5,2,2,6,0,1,0,1,0,0,0,0,5.42651E+20,6.01841E+21,9.65557E+15,5.43118E+16
90748,90749,1,0,58,135,2016,2,10,6,3,5,3,0,1,1,1,0,0,0,0,5.43421E+20,6.01748E+21,9.66729E+15,5.43034E+16
90749,90750,1,0,53,90,2016,1,20,7,3,5,2,2,1,0,1,0,1,0,0,6.11885E+20,5.94204E+21,1.06914E+16,5.36152E+16
90750,90751,1,0,2,0,2016,1,17,6,2,6,4,2,1,0,0,1,0,0,1,5.76873E+20,6.02099E+21,1.01822E+16,5.43309E+16
90751,90752,1,0,2,0,2016,2,12,2,3,5,2,0,0,1,1,0,0,0,0,5.74125E+20,6.01833E+21,1.01393E+16,5.43075E+16
90752,90753,1,0,54,88,2016,1,10,6,2,6,3,0,1,0,1,1,0,0,0,4.8865E+20,6.07113E+21,8.8235E+15,5.47872E+16
90753,90754,1,0,4,0,2016,2,18,5,3,6,4,2,1,0,1,1,0,0,0,5.63717E+20,5.99212E+21,9.97377E+15,5.40733E+16
90754,90755,1,0,51,71,2016,2,14,3,2,0,7,0,0,1,0,0,0,0,0,5.01802E+20,6.02018E+21,9.02771E+15,5.43295E+16
90755,90756,1,0,56,15,2016,1,13,5,3,5,2,0,0,1,1,0,0,0,0,5.43567E+20,5.95505E+21,9.66058E+15,5.37422E+16
90756,90757,1,0,57,25,2016,2,14,5,3,1,7,0,0,1,1,0,0,0,0,5.78499E+20,6.02532E+21,1.02083E+16,5.43696E+16
90757,90758,1,0,60,63,2016,2,14,5,3,4,6,0,1,1,0,0,0,0,0,5.65511E+20,5.952E+21,9.9926E+15,5.37125E+16
90758,90759,1,0,61,46,2016,2,7,3,3,6,4,1,2,0,1,1,0,0,0,5.33157E+20,5.97608E+21,9.505E+15,5.3932E+16
90759,90760,1,0,55,2,2016,1,3,7,2,8,1,2,2,0,1,0,0,0,0,6.15688E+20,6.0002E+21,1.07708E+16,5.41369E+16
90760,90761,1,0,3,0,2016,1,16,5,3,6,4,0,0,0,1,1,0,0,0,6.09413E+20,5.96884E+21,1.06635E+16,5.38565E+16
90761,90762,1,0,57,62,2016,2,19,2,3,6,2,2,1,0,1,1,0,0,0,5.82869E+20,6.00963E+21,1.02712E+16,5.4228E+16
90762,90763,1,0,2,0,2016,1,7,5,2,6,4,1,0,1,0,1,0,0,0,5.73899E+20,6.02155E+21,1.01366E+16,5.43364E+16
90763,90764,1,0,2,0,2016,2,22,2,3,3,6,2,1,1,0,0,0,0,0,5.73526E+20,6.0226E+21,1.01311E+16,5.43459E+16
90764,90765,1,0,61,46,2016,1,7,4,3,1,5,2,1,1,1,0,0,0,0,5.35653E+20,5.97593E+21,9.54301E+15,5.39305E+16
90765,90766,1,0,53,129,2016,2,7,4,3,0,1,0,2,1,0,0,0,0,0,5.83376E+20,5.92793E+21,1.02568E+16,5.34937E+16
90766,90767,1,0,3,0,2016,3,19,4,3,5,3,2,1,0,1,0,0,0,0,6.10341E+20,5.9678E+21,1.06772E+16,5.3847E+16
90767,90768,1,0,56,44,2016,2,8,3,3,1,5,0,0,0,1,0,0,0,0,5.56361E+20,5.94009E+21,9.85183E+15,5.36066E+16
90768,90769,1,0,58,80,2016,1,9,7,3,4,6,0,2,0,1,0,0,0,0,5.54611E+20,6.03021E+21,9.84156E+15,5.44167E+16
90769,90770,1,0,55,35,2016,3,17,2,3,6,7,0,1,0,0,1,0,0,1,6.12937E+20,5.98534E+21,1.07232E+16,5.4004E+16
90770,90771,1,0,54,89,2016,4,10,2,2,0,1,0,0,1,0,0,0,0,0,4.57504E+20,6.05889E+21,8.34098E+15,5.46756E+16
90771,90772,1,0,53,103,2016,4,15,1,3,8,1,0,0,0,1,0,0,0,0,6.07523E+20,5.95899E+21,1.06314E+16,5.37684E+16
90772,90773,1,0,1,0,2016,3,10,2,3,6,7,0,1,0,1,1,0,0,0,5.28181E+20,6.07193E+21,9.4383E+15,5.47938E+16
90773,90774,1,0,53,129,2016,3,13,7,3,2,2,0,0,1,1,0,0,0,0,5.83332E+20,5.92771E+21,1.02561E+16,5.34918E+16
90774,90775,1,0,55,4,2016,4,17,5,3,8,2,0,1,1,0,0,0,0,1,6.09819E+20,5.97488E+21,1.06719E+16,5.39107E+16
90775,90776,1,0,58,169,2016,4,15,5,3,6,4,0,1,0,1,1,0,0,0,5.60977E+20,5.99188E+21,9.93186E+15,5.40716E+16
90776,90777,1,0,62,82,2016,3,19,6,3,6,3,2,0,0,1,1,0,0,0,5.9362E+20,5.94054E+21,1.04149E+16,5.36053E+16
90777,90778,1,0,3,0,2016,3,8,4,3,6,2,0,0,0,0,1,0,0,1,6.09706E+20,5.96987E+21,1.06683E+16,5.38657E+16
90778,90779,1,0,3,0,2016,3,11,5,3,1,6,0,0,0,1,0,0,0,0,6.1114E+20,5.97063E+21,1.06904E+16,5.38722E+16
90779,90780,1,0,56,15,2016,3,4,1,2,1,5,2,1,0,1,0,0,0,1,5.43979E+20,5.95414E+21,9.66669E+15,5.37341E+16
90780,90781,1,0,54,38,2016,4,22,2,3,0,7,2,0,1,0,0,0,0,0,5.07011E+20,6.05887E+21,9.10874E+15,5.46772E+16
90781,90782,1,0,59,51,2016,4,13,2,3,5,3,0,0,0,1,0,0,0,0,5.33454E+20,6.0335E+21,9.51592E+15,5.4448E+16
90782,90783,1,0,62,18,2016,4,16,1,3,5,3,0,0,0,1,0,1,0,0,5.80398E+20,5.93383E+21,1.02134E+16,5.35472E+16
90783,90784,1,0,56,15,2016,3,13,1,1,6,3,0,0,0,1,1,0,0,0,5.43484E+20,5.95569E+21,9.6594E+15,5.3748E+16
90784,90785,1,0,3,0,2016,3,16,7,3,1,5,0,0,0,1,0,1,0,0,6.12587E+20,5.96946E+21,1.0712E+16,5.38614E+16
90785,90786,1,0,2,0,2016,4,7,5,3,2,1,0,0,0,1,0,0,0,0,5.72545E+20,6.019E+21,1.01151E+16,5.43137E+16
90786,90787,1,0,55,41,2016,3,15,4,3,5,3,0,0,0,1,0,0,0,0,6.11235E+20,5.99397E+21,1.07004E+16,5.40819E+16
90787,90788,1,0,3,0,2016,3,12,5,3,3,6,0,0,1,1,0,0,0,0,6.07829E+20,5.96684E+21,1.06387E+16,5.38389E+16
90788,90789,1,0,54,56,2016,4,6,5,3,5,3,0,0,1,1,0,0,0,0,5.0456E+20,6.03772E+21,9.07039E+15,5.44871E+16
90789,90790,1,0,58,107,2016,3,7,4,3,0,7,0,0,0,1,0,0,0,0,5.69984E+20,6.01519E+21,1.00749E+16,5.42798E+16
90790,90791,1,0,54,56,2016,3,17,5,3,1,6,0,0,0,1,0,0,0,0,5.03006E+20,6.03722E+21,9.04639E+15,5.44826E+16
90791,90792,1,0,62,60,2016,3,0,1,2,5,3,2,0,1,1,0,0,0,0,5.82943E+20,5.9306E+21,1.0251E+16,5.35178E+16
90792,90793,1,0,3,0,2016,3,9,1,3,6,7,0,0,0,1,1,0,0,0,6.09621E+20,5.97093E+21,1.06674E+16,5.38753E+16
90793,90794,1,0,2,0,2016,3,10,7,3,2,6,0,0,0,1,0,0,0,0,5.7358E+20,6.02567E+21,1.01327E+16,5.43735E+16
90794,90795,1,0,56,49,2016,4,15,4,3,6,7,0,0,1,0,1,0,0,0,5.45339E+20,5.94944E+21,9.68661E+15,5.36917E+16
90795,90796,1,0,57,57,2016,3,7,4,3,6,3,0,0,0,1,1,0,0,0,5.92854E+20,6.00224E+21,1.0422E+16,5.41598E+16
90796,90797,1,0,54,56,2016,3,13,5,3,5,2,0,0,1,1,0,0,0,0,5.05199E+20,6.03804E+21,9.08026E+15,5.449E+16
90797,90798,1,0,2,0,2016,3,20,1,3,8,1,2,0,1,0,0,0,0,0,5.75894E+20,6.02775E+21,1.01688E+16,5.43919E+16
90798,90799,1,0,60,63,2016,4,15,1,2,6,7,0,0,0,1,1,0,0,0,5.68112E+20,5.94908E+21,1.00314E+16,5.3686E+16
90799,90800,1,0,56,48,2016,3,9,7,3,5,3,0,0,1,1,0,0,0,0,5.47188E+20,5.95072E+21,9.71481E+15,5.3703E+16
90800,90801,1,0,61,46,2016,3,8,3,3,5,2,0,0,1,1,0,0,0,0,5.32455E+20,5.9781E+21,9.49453E+15,5.39503E+16
90801,90802,1,0,60,64,2016,3,18,4,3,4,6,0,0,0,1,0,0,0,0,5.61631E+20,5.96807E+21,9.93703E+15,5.38574E+16
90802,90803,1,0,56,15,2016,3,15,7,3,0,7,0,0,1,0,0,0,0,0,5.43673E+20,5.95685E+21,9.66244E+15,5.37585E+16
90803,90804,1,0,56,15,2016,4,11,1,3,0,7,0,0,1,0,0,0,0,0,5.41912E+20,5.9567E+21,9.6357E+15,5.37572E+16
90804,90805,1,0,55,11,2016,3,4,7,3,9,1,2,1,0,1,0,0,0,0,6.23455E+20,6.01402E+21,1.08953E+16,5.42592E+16
90805,90806,1,0,56,49,2016,3,11,6,3,5,3,0,1,0,1,0,0,0,0,5.44142E+20,5.94837E+21,9.66833E+15,5.36821E+16
90806,90807,1,0,60,92,2016,3,8,3,3,5,3,0,0,0,1,0,0,0,0,5.79674E+20,5.9789E+21,1.02141E+16,5.39524E+16
90807,90808,1,0,60,27,2016,3,19,4,3,6,4,0,0,0,1,1,0,0,0,5.63276E+20,5.98099E+21,9.96471E+15,5.39734E+16
90808,90809,1,0,55,44,2016,3,9,7,3,6,7,0,1,0,1,1,0,0,0,6.09429E+20,5.98373E+21,1.06691E+16,5.39903E+16
90809,90810,1,0,55,1,2016,4,14,1,3,5,3,0,0,1,1,0,0,0,0,6.02668E+20,5.98556E+21,1.05666E+16,5.40081E+16
90810,90811,1,0,3,0,2016,4,19,1,3,5,3,0,0,1,1,0,0,0,0,6.14437E+20,5.9683E+21,1.07397E+16,5.38505E+16
90811,90812,1,0,55,4,2016,3,11,7,3,2,6,0,0,0,1,0,0,0,0,6.11978E+20,5.97592E+21,1.07051E+16,5.39196E+16
90812,90813,1,0,55,21,2016,3,10,6,2,0,7,0,1,1,0,0,0,0,0,6.28802E+20,6.02652E+21,1.09827E+16,5.43701E+16
90813,90814,1,0,2,0,2016,3,16,7,3,5,2,0,0,0,1,0,0,0,0,5.72399E+20,6.0189E+21,1.01129E+16,5.43129E+16
90814,90815,1,0,4,0,2016,3,20,6,3,9,7,2,1,0,1,0,0,0,0,5.62267E+20,5.99098E+21,9.95138E+15,5.40633E+16
90815,90816,1,0,62,1,2016,4,10,4,3,0,7,0,0,1,0,0,0,0,0,5.82496E+20,5.94729E+21,1.02486E+16,5.36679E+16
90816,90817,1,0,3,0,2016,4,11,1,3,3,6,0,0,1,0,0,0,0,1,6.18423E+20,5.97233E+21,1.08018E+16,5.38858E+16
90817,90818,1,0,54,164,2016,3,12,7,3,5,3,0,0,1,1,0,0,0,0,4.70858E+20,6.05997E+21,8.54795E+15,5.46862E+16
90818,90819,1,0,51,11,2016,3,10,5,2,8,1,0,0,0,0,0,0,1,0,5.06159E+20,5.97164E+21,9.09372E+15,5.38932E+16
90819,90820,1,0,56,20,2016,3,7,3,3,1,5,0,0,0,1,0,0,0,1,5.41355E+20,5.94345E+21,9.62549E+15,5.36382E+16
90820,90821,1,0,62,23,2016,3,3,4,1,6,7,2,0,0,1,1,0,0,0,5.84539E+20,5.94458E+21,1.02788E+16,5.36432E+16
90821,90822,1,0,54,56,2016,3,9,7,3,5,3,0,0,1,1,0,0,0,0,5.0514E+20,6.03811E+21,9.07935E+15,5.44906E+16
90822,90823,1,0,57,62,2016,4,16,1,3,0,1,0,0,0,0,0,1,0,0,5.82688E+20,6.0103E+21,1.02686E+16,5.4234E+16
90823,90824,1,0,2,0,2016,4,22,1,3,6,7,2,0,0,1,1,0,0,0,5.69071E+20,6.02005E+21,1.0062E+16,5.43236E+16
90824,90825,1,0,54,168,2016,3,14,7,3,6,4,0,0,0,1,1,0,0,0,4.63472E+20,6.08077E+21,8.43077E+15,5.48726E+16
90825,90826,1,0,60,39,2016,3,15,5,3,5,3,0,0,0,1,0,0,1,0,5.64096E+20,5.96216E+21,9.97327E+15,5.38041E+16
90826,90827,1,0,55,32,2016,4,9,4,3,5,3,0,1,0,1,0,0,0,0,6.19088E+20,5.9963E+21,1.08213E+16,5.41011E+16
90827,90828,1,0,3,0,2016,4,14,4,3,0,3,0,0,1,1,0,0,0,0,6.10854E+20,5.97075E+21,1.06861E+16,5.38734E+16
90828,90829,1,0,60,63,2016,3,16,3,3,2,6,0,0,0,1,0,0,0,0,5.65924E+20,5.95154E+21,9.99876E+15,5.37084E+16
90829,90830,1,0,53,133,2016,3,18,4,2,6,7,0,0,0,0,1,0,0,1,5.84425E+20,5.93107E+21,1.02734E+16,5.35217E+16
90830,90831,1,0,51,13,2016,3,11,6,2,5,3,0,0,1,1,0,0,0,0,4.91206E+20,5.99839E+21,8.8654E+15,5.41336E+16
90831,90832,1,0,54,56,2016,4,13,2,3,5,3,0,0,1,1,0,0,0,0,5.05095E+20,6.03816E+21,9.07866E+15,5.4491E+16
90832,90833,1,0,3,0,2016,3,7,3,3,4,6,0,0,1,0,0,0,0,0,6.08717E+20,5.97009E+21,1.06534E+16,5.38679E+16
90833,90834,1,0,55,44,2016,3,16,4,3,0,7,0,1,1,0,0,0,0,0,6.1512E+20,5.98779E+21,1.07574E+16,5.40255E+16
90834,90835,1,0,56,44,2016,3,8,6,3,0,7,0,1,1,0,0,0,0,0,5.54636E+20,5.94004E+21,9.82574E+15,5.36063E+16
90835,90836,1,0,59,44,2016,4,7,2,2,4,2,0,0,0,1,0,0,0,1,5.2572E+20,6.04522E+21,9.39768E+15,5.45539E+16
90836,90837,1,0,59,107,2016,4,2,1,3,1,1,2,0,0,1,0,0,0,0,5.2409E+20,6.05333E+21,9.37314E+15,5.46268E+16
90837,90838,1,0,2,0,2016,4,13,1,3,5,3,0,0,0,1,0,0,0,0,5.74724E+20,6.01879E+21,1.01486E+16,5.43115E+16
90838,90839,1,0,4,0,2016,3,9,6,3,5,7,0,0,1,1,0,0,0,0,5.64099E+20,5.99184E+21,9.97955E+15,5.40708E+16
90839,90840,1,0,56,49,2016,3,8,5,3,5,2,0,0,0,1,0,0,0,0,5.45182E+20,5.94884E+21,9.68416E+15,5.36863E+16
90840,90841,1,0,54,56,2016,4,22,4,3,8,1,2,1,0,1,0,0,0,0,5.02017E+20,6.03616E+21,9.03112E+15,5.44731E+16
90841,90842,1,0,56,15,2016,3,7,5,3,0,3,0,1,1,1,0,0,0,0,5.43993E+20,5.95739E+21,9.66737E+15,5.37633E+16
90842,90843,1,0,3,0,2016,3,17,3,3,2,2,0,0,0,1,0,0,0,0,6.1324E+20,5.96971E+21,1.0722E+16,5.38635E+16
90843,90844,1,0,55,21,2016,3,18,4,3,0,7,0,0,1,0,0,0,0,0,6.28881E+20,6.02679E+21,1.09841E+16,5.43726E+16
90844,90845,1,0,58,92,2016,3,18,6,3,0,1,0,0,0,1,1,0,0,0,5.70626E+20,6.02132E+21,1.00862E+16,5.43349E+16
90845,90846,1,0,56,50,2016,3,16,5,3,6,4,0,0,0,0,1,0,0,1,5.46644E+20,5.93687E+21,9.70449E+15,5.35786E+16
90846,90847,1,0,62,90,2016,3,15,5,3,0,1,0,0,1,0,0,0,0,0,5.76424E+20,5.94856E+21,1.01571E+16,5.36802E+16
90847,90848,1,0,1,0,2016,4,17,4,3,0,1,0,1,1,0,0,0,0,0,5.27913E+20,6.07063E+21,9.43401E+15,5.47821E+16
90848,90849,1,0,60,63,2016,4,12,7,3,5,3,0,0,0,1,0,0,0,0,5.64986E+20,5.94912E+21,9.98405E+15,5.36868E+16
90849,90850,1,0,59,115,2016,4,5,1,3,8,1,1,0,0,1,0,0,0,0,5.15318E+20,6.06087E+21,9.23767E+15,5.46949E+16
90850,90851,1,0,60,2,2016,3,7,5,3,1,5,0,0,0,1,0,0,0,1,5.60051E+20,5.96084E+21,9.9116E+15,5.37926E+16
90851,90852,1,0,55,15,2016,3,7,5,3,5,3,0,0,0,1,0,0,0,0,6.25537E+20,6.02225E+21,1.09307E+16,5.43326E+16
90852,90853,1,0,51,44,2016,4,16,3,3,5,3,0,1,0,1,0,0,0,0,5.05414E+20,6.00523E+21,9.08298E+15,5.41951E+16
90853,90854,1,0,55,46,2016,3,15,4,2,5,3,0,0,1,1,0,0,0,0,6.42126E+20,6.03276E+21,1.11906E+16,5.44226E+16
90854,90855,1,0,2,0,2016,3,13,4,3,5,3,0,0,0,1,0,0,0,0,5.70805E+20,6.01703E+21,1.00879E+16,5.42963E+16
90855,90856,1,0,60,5,2016,3,16,5,3,2,6,0,0,0,1,0,0,0,1,5.85726E+20,5.97879E+21,1.03063E+16,5.39503E+16
90856,90857,1,0,60,44,2016,4,10,7,3,6,4,0,0,0,1,1,0,0,0,5.63247E+20,5.96588E+21,9.96114E+15,5.38376E+16
90857,90858,1,0,60,63,2016,3,22,5,3,5,2,2,0,0,1,0,1,0,0,5.65844E+20,5.95317E+21,9.99789E+15,5.3723E+16
90858,90859,1,0,2,0,2016,3,21,5,3,0,1,2,0,0,0,0,1,0,0,5.75723E+20,6.0319E+21,1.01673E+16,5.44292E+16
90859,90860,1,0,2,0,2016,3,5,3,3,5,3,2,0,0,1,0,0,1,0,5.7544E+20,6.01499E+21,1.01586E+16,5.42772E+16
90860,90861,1,0,62,1,2016,3,7,5,3,5,3,0,0,1,1,0,0,0,0,5.80695E+20,5.94851E+21,1.02217E+16,5.36791E+16
90861,90862,1,0,56,2,2016,4,18,7,3,0,7,0,0,1,0,0,0,0,0,5.5095E+20,5.9604E+21,9.77338E+15,5.37897E+16
90862,90863,1,0,51,127,2016,3,16,2,3,5,3,0,0,1,1,0,0,0,0,4.948E+20,6.00731E+21,8.92026E+15,5.42138E+16
90863,90864,1,0,60,5,2016,3,17,3,3,8,3,0,0,0,1,0,0,0,0,5.85418E+20,5.97682E+21,1.0301E+16,5.39327E+16
90864,90865,1,0,62,6,2016,3,16,5,3,2,2,0,0,0,1,0,0,0,0,5.81959E+20,5.95356E+21,1.02422E+16,5.37243E+16
90865,90866,1,0,56,43,2016,4,20,7,3,5,3,2,0,1,0,0,0,0,1,5.58331E+20,5.94196E+21,9.88193E+15,5.36232E+16
90866,90867,1,0,53,32,2016,3,6,5,2,4,6,0,1,0,1,0,1,0,0,5.90998E+20,5.92232E+21,1.037E+16,5.34421E+16
90867,90868,1,0,56,18,2016,4,22,7,3,0,1,2,0,0,0,0,1,0,0,5.56582E+20,5.94298E+21,9.85569E+15,5.36326E+16
90868,90869,1,0,62,9,2016,3,17,5,3,3,2,0,0,1,1,0,0,0,0,5.76268E+20,5.9359E+21,1.01516E+16,5.35664E+16
90869,90870,1,0,54,19,2016,3,10,5,3,6,3,0,0,0,1,1,0,0,0,4.97677E+20,6.05222E+21,8.96403E+15,5.46174E+16
90870,90871,1,0,60,63,2016,3,11,5,3,2,6,0,0,0,1,0,0,0,0,5.6593E+20,5.9487E+21,9.99825E+15,5.36829E+16
90871,90872,1,0,60,89,2016,3,17,2,3,5,2,0,0,1,1,0,0,0,0,5.79252E+20,5.98872E+21,1.02102E+16,5.40407E+16
90872,90873,1,0,62,4,2016,3,21,3,3,0,3,2,1,0,1,0,0,0,1,5.92162E+20,5.96258E+21,1.03995E+16,5.38036E+16
90873,90874,1,0,55,41,2016,3,8,5,3,0,2,0,0,1,0,0,0,0,1,6.13309E+20,5.99771E+21,1.07335E+16,5.41151E+16
90874,90875,1,0,51,44,2016,4,14,1,3,8,7,0,0,0,0,0,1,0,0,5.08118E+20,6.00539E+21,9.12444E+15,5.41965E+16
90875,90876,1,0,53,32,2016,4,17,7,3,2,6,0,0,0,1,0,0,0,0,5.90879E+20,5.92183E+21,1.03681E+16,5.34377E+16
90876,90877,1,0,62,60,2016,4,11,7,3,0,6,0,0,0,1,0,0,0,0,5.82335E+20,5.93406E+21,1.02427E+16,5.3549E+16
90877,90878,1,0,57,43,2016,3,15,5,3,5,3,0,0,0,1,0,0,0,1,5.79199E+20,6.0291E+21,1.02201E+16,5.44034E+16
90878,90879,1,0,54,56,2016,3,23,5,3,8,1,2,1,0,1,0,0,0,0,5.05007E+20,6.0385E+21,9.0773E+15,5.44941E+16