FID,OBJECTID,ULAND,UREGBEZ,UKREIS,UGEMEINDE,UJAHR,UMONAT,USTUNDE,UWOCHENTAG,UKATEGORIE,UART,UTYP1,ULICHTVERH,IstStrasse,IstRad,IstPKW,IstFuss,IstKrad,IstGkfz,IstSonstig,LINREFX,LINREFY,XGCSWGS84,YGCSWGS84
90879,90880,1,0,56,50,2016,4,16,3,3,2,6,0,1,0,1,0,0,0,0,5.4701E+20,5.9381E+21,9.71021E+15,5.35896E+16
90880,90881,1,0,53,41,2016,4,16,7,3,5,3,0,0,1,1,0,0,0,0,6.14344E+20,5.96439E+21,1.07368E+16,5.38154E+16
90881,90882,1,0,57,8,2016,3,13,5,2,9,1,0,0,1,0,0,0,0,0,5.67895E+20,5.99205E+21,1.00376E+16,5.40722E+16
90882,90883,1,0,60,63,2016,3,14,4,3,5,3,0,0,1,1,0,0,0,0,5.65434E+20,5.95386E+21,9.99183E+15,5.37293E+16
90883,90884,1,0,61,46,2016,3,13,4,2,6,4,0,0,0,1,1,0,0,0,5.35203E+20,5.9755E+21,9.53611E+15,5.39267E+16
90884,90885,1,0,60,63,2016,3,11,4,2,5,2,0,0,0,1,0,0,0,0,5.64783E+20,5.94584E+21,9.98028E+15,5.36573E+16
90885,90886,1,0,56,15,2016,4,21,3,3,2,6,2,0,0,1,0,0,0,0,5.43991E+20,5.95629E+21,9.66718E+15,5.37534E+16
90886,90887,1,0,56,43,2016,3,18,5,3,5,2,0,0,0,1,0,0,0,0,5.55661E+20,5.9443E+21,9.842E+15,5.36445E+16
90887,90888,1,0,60,44,2016,3,7,2,3,2,6,0,0,0,1,0,0,0,1,5.62841E+20,5.96519E+21,9.95484E+15,5.38315E+16
90888,90889,1,0,55,4,2016,3,13,3,3,2,6,0,0,0,1,0,0,0,0,6.12052E+20,5.97591E+21,1.07062E+16,5.39195E+16
90889,90890,1,0,56,9,2016,3,14,4,2,5,3,0,0,0,1,0,0,0,0,5.54135E+20,5.95003E+21,9.81991E+15,5.36962E+16
90890,90891,1,0,56,50,2016,4,11,1,3,0,7,0,0,1,0,0,0,0,0,5.48109E+20,5.93662E+21,9.72657E+15,5.35762E+16
90891,90892,1,0,57,91,2016,4,22,7,3,5,3,2,0,0,1,0,0,0,1,5.79922E+20,6.01623E+21,1.02278E+16,5.42877E+16
90892,90893,1,0,55,35,2016,4,15,7,3,6,6,0,0,0,1,1,0,0,0,6.14703E+20,5.97618E+21,1.07467E+16,5.39213E+16
90893,90894,1,0,60,63,2016,3,18,4,3,5,3,0,0,0,1,0,0,0,1,5.65901E+20,5.95272E+21,9.99867E+15,5.3719E+16
90894,90895,1,0,62,1,2016,3,12,4,3,5,3,0,0,0,1,0,0,0,0,5.82645E+20,5.94852E+21,1.02512E+16,5.36789E+16
90895,90896,1,0,56,49,2016,4,11,3,3,5,3,0,1,0,1,0,0,0,0,5.44481E+20,5.94876E+21,9.67352E+15,5.36856E+16
90896,90897,1,0,3,0,2016,3,10,2,3,5,3,0,0,1,1,0,0,0,0,6.18741E+20,5.9756E+21,1.08079E+16,5.39152E+16
90897,90898,1,0,55,12,2016,3,18,3,3,5,7,0,1,0,1,0,0,0,0,6.04879E+20,5.99843E+21,1.06048E+16,5.41233E+16
90898,90899,1,0,55,4,2016,3,16,2,3,4,5,0,0,1,1,0,0,0,0,6.12113E+20,5.97572E+21,1.07071E+16,5.39177E+16
90899,90900,1,0,2,0,2016,3,16,3,3,0,3,0,0,0,1,0,1,0,0,5.73321E+20,6.02064E+21,1.01275E+16,5.43283E+16
90900,90901,1,0,56,15,2016,3,18,5,2,5,3,0,0,0,1,0,1,0,0,5.46097E+20,5.95495E+21,9.69892E+15,5.37411E+16
90901,90902,1,0,58,135,2016,3,9,2,2,5,3,0,0,1,1,0,0,0,0,5.41166E+20,6.01718E+21,9.63258E+15,5.43008E+16
90902,90903,1,0,57,63,2016,3,10,3,3,0,3,0,0,0,1,0,0,0,1,5.83927E+20,6.02489E+21,1.02917E+16,5.43649E+16
90903,90904,1,0,55,46,2016,3,11,4,3,5,3,0,0,1,1,0,0,0,0,6.42377E+20,6.03536E+21,1.11958E+16,5.44459E+16
90904,90905,1,0,3,0,2016,3,17,4,3,0,7,0,0,0,1,0,0,0,0,6.18683E+20,5.97405E+21,1.08064E+16,5.39013E+16
90905,90906,1,0,53,45,2016,3,18,4,3,8,7,1,1,0,1,0,0,0,0,5.9812E+20,5.9325E+21,1.04804E+16,5.35323E+16
90906,90907,1,0,53,71,2016,4,9,3,3,0,7,0,0,1,0,0,0,0,0,5.96943E+20,5.92502E+21,1.04603E+16,5.34652E+16
90907,90908,1,0,57,91,2016,3,16,2,3,5,3,0,0,0,1,0,0,0,0,5.79862E+20,6.01636E+21,1.02269E+16,5.42889E+16
90908,90909,1,0,55,20,2016,3,12,2,3,0,7,0,0,1,0,1,0,0,0,6.18457E+20,6.01154E+21,1.08176E+16,5.42382E+16
90909,90910,1,0,3,0,2016,3,7,4,3,5,3,0,0,1,1,0,0,0,0,6.11757E+20,5.96786E+21,1.06988E+16,5.38472E+16
90910,90911,1,0,58,43,2016,3,15,4,3,6,4,0,0,1,0,1,0,0,0,5.54111E+20,6.03618E+21,9.83496E+15,5.44704E+16
90911,90912,1,0,56,15,2016,4,16,6,3,2,6,0,0,0,1,0,0,0,0,5.44382E+20,5.95606E+21,9.67308E+15,5.37513E+16
90912,90913,1,0,58,135,2016,3,14,4,3,3,2,0,0,0,1,0,0,0,0,5.43153E+20,6.01687E+21,9.66308E+15,5.42979E+16
90913,90914,1,0,55,46,2016,3,11,4,3,7,7,0,0,1,0,0,0,0,0,6.42058E+20,6.03427E+21,1.11903E+16,5.44363E+16
90914,90915,1,0,58,92,2016,3,16,4,3,5,2,0,0,1,1,0,0,0,0,5.70184E+20,6.02175E+21,1.00795E+16,5.43387E+16
90915,90916,1,0,54,109,2016,3,7,4,3,4,6,0,0,0,1,0,0,0,0,4.92008E+20,6.06884E+21,8.87579E+15,5.47667E+16
90916,90917,1,0,55,46,2016,3,14,4,3,8,7,0,0,0,1,0,0,0,0,6.38908E+20,6.03928E+21,1.11441E+16,5.44821E+16
90917,90918,1,0,58,135,2016,4,10,3,2,0,1,0,1,1,0,0,0,0,0,5.43815E+20,6.01762E+21,9.67335E+15,5.43045E+16
90918,90919,1,0,59,75,2016,3,12,2,3,5,2,0,1,0,1,0,0,0,0,5.35703E+20,6.0413E+21,9.55155E+15,5.4518E+16
90919,90920,1,0,58,117,2016,3,8,2,3,0,1,0,0,1,0,0,0,0,0,5.55995E+20,6.00152E+21,9.85751E+15,5.41587E+16
90920,90921,1,0,54,33,2016,3,13,4,3,1,7,0,0,0,1,0,1,0,0,5.06621E+20,6.02524E+21,9.10193E+15,5.43749E+16
90921,90922,1,0,56,23,2016,4,7,6,3,2,6,0,0,0,1,0,0,0,0,5.42846E+20,5.95142E+21,9.64913E+15,5.37097E+16
90922,90923,1,0,58,157,2016,4,13,7,3,5,3,0,0,0,1,0,1,0,0,5.76195E+20,6.03301E+21,1.01748E+16,5.44391E+16
90923,90924,1,0,60,63,2016,3,8,3,3,0,7,0,0,0,1,0,0,1,0,5.64914E+20,5.94949E+21,9.98304E+15,5.36901E+16
90924,90925,1,0,2,0,2016,3,8,4,3,0,7,0,0,1,0,0,0,0,0,5.72317E+20,6.01749E+21,1.01113E+16,5.43002E+16
90925,90926,1,0,62,4,2016,3,15,3,3,5,3,0,0,1,1,0,0,0,0,5.90742E+20,5.96292E+21,1.0378E+16,5.38069E+16
90926,90927,1,0,2,0,2016,3,14,4,3,5,3,0,0,1,1,0,0,0,0,5.72145E+20,6.02113E+21,1.01095E+16,5.43329E+16
90927,90928,1,0,57,48,2016,4,22,3,3,0,7,2,1,1,0,0,0,0,0,6.03983E+20,6.01712E+21,1.05976E+16,5.42914E+16
90928,90929,1,0,62,60,2016,3,7,5,3,5,3,0,0,1,0,0,0,0,0,5.83389E+20,5.9311E+21,1.02578E+16,5.35222E+16
90929,90930,1,0,60,63,2016,3,23,1,3,8,7,2,1,0,1,0,0,0,0,5.6491E+20,5.954E+21,9.98391E+15,5.37306E+16
90930,90931,1,0,58,43,2016,3,9,2,3,0,1,0,0,0,0,0,1,0,0,5.53939E+20,6.03717E+21,9.83248E+15,5.44793E+16
90931,90932,1,0,53,90,2016,3,5,3,3,5,3,2,0,0,1,0,0,0,0,6.11141E+20,5.94253E+21,1.06803E+16,5.36198E+16
90932,90933,1,0,2,0,2016,3,12,1,3,6,4,0,0,0,1,1,0,0,0,5.73924E+20,6.01796E+21,1.01361E+16,5.43042E+16
90933,90934,1,0,62,90,2016,3,17,3,3,5,3,0,0,1,1,0,0,0,0,5.8019E+20,5.95023E+21,1.02145E+16,5.36946E+16
90934,90935,1,0,62,27,2016,4,18,6,3,0,7,0,0,1,0,0,0,0,0,5.86511E+20,5.95254E+21,1.03109E+16,5.37144E+16
90935,90936,1,0,51,26,2016,4,12,6,3,9,1,0,0,0,1,0,0,0,0,5.17249E+20,5.98853E+21,9.26343E+15,5.40447E+16
90936,90937,1,0,55,12,2016,3,16,3,3,0,1,0,0,1,0,0,0,0,0,6.04375E+20,5.99955E+21,1.05975E+16,5.41335E+16
90937,90938,1,0,2,0,2016,3,19,4,3,5,2,1,0,1,1,0,0,0,0,5.73536E+20,6.0257E+21,1.0132E+16,5.43737E+16
90938,90939,1,0,54,56,2016,4,14,3,3,5,3,0,1,0,1,0,0,0,1,5.05461E+20,6.03845E+21,9.08431E+15,5.44937E+16
90939,90940,1,0,1,0,2016,4,14,3,3,0,1,0,1,0,0,0,1,0,0,5.30387E+20,6.07147E+21,9.47256E+15,5.47895E+16
90940,90941,1,0,62,60,2016,3,7,5,3,2,6,0,1,0,1,0,0,0,1,5.82329E+20,5.93121E+21,1.02419E+16,5.35233E+16
90941,90942,1,0,59,185,2016,3,14,1,2,0,7,0,0,1,0,0,0,0,1,5.38662E+20,6.05915E+21,9.5996E+15,5.46782E+16
90942,90943,1,0,54,56,2016,3,10,2,3,0,3,0,1,1,1,0,0,0,0,5.04798E+20,6.0375E+21,9.07406E+15,5.44851E+16
90943,90944,1,0,55,12,2016,3,13,3,3,2,6,0,0,0,1,0,0,0,0,6.05323E+20,5.99951E+21,1.0612E+16,5.41329E+16
90944,90945,1,0,56,44,2016,4,17,1,3,0,1,0,0,0,0,0,1,0,0,5.56188E+20,5.93923E+21,9.84905E+15,5.35989E+16
90945,90946,1,0,3,0,2016,4,11,6,3,1,5,0,0,0,1,0,0,0,0,6.09477E+20,5.9689E+21,1.06645E+16,5.3857E+16
90946,90947,1,0,60,63,2016,4,8,6,3,5,2,0,1,0,1,0,0,1,0,5.659E+20,5.95272E+21,9.99865E+15,5.3719E+16
90947,90948,1,0,3,0,2016,3,17,3,3,5,3,0,0,1,1,0,0,0,0,6.11594E+20,5.97065E+21,1.06973E+16,5.38723E+16
90948,90949,1,0,57,48,2016,3,12,4,2,6,4,0,0,1,0,1,0,0,0,6.03333E+20,6.0171E+21,1.05876E+16,5.42913E+16
90949,90950,1,0,62,23,2016,4,22,1,2,0,7,2,0,0,0,0,1,0,0,5.83083E+20,5.94657E+21,1.02573E+16,5.36612E+16
90950,90951,1,0,55,44,2016,4,16,6,2,5,3,0,0,1,1,0,0,0,0,6.12058E+20,5.98684E+21,1.07103E+16,5.40177E+16
90951,90952,1,0,60,63,2016,4,14,6,3,5,3,0,0,0,1,0,1,0,0,5.64986E+20,5.9492E+21,9.98406E+15,5.36875E+16
90952,90953,1,0,58,117,2016,3,7,3,3,4,6,0,0,1,0,0,0,0,0,5.55873E+20,6.00272E+21,9.85588E+15,5.41695E+16
90953,90954,1,0,56,41,2016,3,8,3,3,5,3,0,1,1,1,0,0,0,0,5.6196E+20,5.95539E+21,9.93949E+15,5.37435E+16
90954,90955,1,0,60,92,2016,4,10,2,3,0,1,0,0,1,0,0,0,0,0,5.795E+20,5.97884E+21,1.02114E+16,5.39518E+16
90955,90956,1,0,53,32,2016,3,7,5,3,5,3,0,0,1,1,0,0,0,0,5.90648E+20,5.92208E+21,1.03647E+16,5.34399E+16
90956,90957,1,0,56,49,2016,3,11,7,3,0,7,0,1,1,0,0,0,0,0,5.43801E+20,5.94848E+21,9.66319E+15,5.36832E+16
90957,90958,1,0,60,39,2016,3,17,1,3,2,6,0,0,0,0,0,1,0,1,5.65533E+20,5.95812E+21,9.99424E+15,5.37676E+16
90958,90959,1,0,58,135,2016,3,10,3,3,5,2,0,0,1,1,0,0,0,0,5.40902E+20,6.01832E+21,9.62869E+15,5.43111E+16
90959,90960,1,0,54,88,2016,3,16,3,3,5,3,0,0,1,0,0,0,0,1,4.89792E+20,6.07163E+21,8.84125E+15,5.47918E+16
90960,90961,1,0,3,0,2016,3,10,3,3,6,7,0,1,1,0,1,0,0,0,6.10786E+20,5.96994E+21,1.06848E+16,5.38661E+16
90961,90962,1,0,60,63,2016,4,14,2,3,0,7,0,0,0,0,0,0,0,1,5.65298E+20,5.94902E+21,9.98874E+15,5.36858E+16
90962,90963,1,0,60,63,2016,3,11,7,3,5,3,0,1,0,1,0,0,0,0,5.65816E+20,5.9535E+21,9.99753E+15,5.3726E+16
90963,90964,1,0,56,50,2016,3,14,1,3,5,3,0,1,0,1,0,0,0,0,5.48348E+20,5.9361E+21,9.73011E+15,5.35715E+16
90964,90965,1,0,59,120,2016,3,17,3,3,5,3,0,0,1,1,0,0,0,0,5.25345E+20,6.07345E+21,9.39433E+15,5.48076E+16
90965,90966,1,0,56,15,2016,4,8,2,3,2,7,0,1,0,1,0,0,0,0,5.43212E+20,5.95639E+21,9.65537E+15,5.37543E+16
90966,90967,1,0,58,127,2016,3,0,7,3,8,7,2,1,0,1,0,0,0,0,5.39554E+20,6.02689E+21,9.60911E+15,5.43883E+16
90967,90968,1,0,55,46,2016,3,13,1,3,6,3,0,0,1,0,1,0,0,0,6.40228E+20,6.03088E+21,1.11605E+16,5.44063E+16
90968,90969,1,0,55,10,2016,3,16,5,3,8,7,0,0,0,1,0,0,0,0,6.36081E+20,6.01044E+21,1.10874E+16,5.42238E+16
90969,90970,1,0,60,49,2016,3,20,6,3,2,6,2,0,0,1,0,0,0,0,5.86331E+20,5.9796E+21,1.03157E+16,5.39575E+16
90970,90971,1,0,2,0,2016,3,17,1,2,0,1,0,0,0,0,0,1,0,0,5.73662E+20,6.02044E+21,1.01327E+16,5.43265E+16
90971,90972,1,0,60,44,2016,3,9,2,3,5,3,0,0,1,1,0,0,0,0,5.62292E+20,5.96518E+21,9.9465E+15,5.38314E+16
90972,90973,1,0,55,32,2016,4,13,6,3,5,3,0,0,0,1,0,1,0,0,6.20013E+20,5.9953E+21,1.0835E+16,5.40919E+16
90973,90974,1,0,56,15,2016,3,13,2,2,2,6,0,0,0,1,0,0,0,0,5.43776E+20,5.95649E+21,9.66394E+15,5.37552E+16
90974,90975,1,0,3,0,2016,3,9,3,3,5,2,0,0,1,1,0,0,0,0,6.09921E+20,5.97004E+21,1.06717E+16,5.38672E+16
90975,90976,1,0,56,50,2016,3,13,6,3,5,3,0,0,1,1,0,0,0,0,5.46748E+20,5.93599E+21,9.70594E+15,5.35707E+16
90976,90977,1,0,56,44,2016,3,11,2,3,5,3,0,0,1,0,0,1,0,0,5.56277E+20,5.93919E+21,9.85039E+15,5.35986E+16
90977,90978,1,0,4,0,2016,4,11,6,3,0,6,0,0,0,0,0,1,0,0,5.62698E+20,5.99432E+21,9.95866E+15,5.40932E+16
90978,90979,1,0,62,4,2016,4,18,6,3,5,3,0,0,0,1,0,0,0,0,5.88574E+20,5.96294E+21,1.03451E+16,5.38075E+16
90979,90980,1,0,53,32,2016,3,16,2,2,5,3,0,0,0,1,0,1,0,0,5.89705E+20,5.92144E+21,1.03503E+16,5.34344E+16
90980,90981,1,0,3,0,2016,3,18,3,3,5,3,1,0,1,0,0,0,0,0,6.11731E+20,5.96925E+21,1.06989E+16,5.38597E+16
90981,90982,1,0,58,34,2016,4,18,6,2,5,3,0,0,1,1,0,0,0,0,5.43026E+20,6.01843E+21,9.66136E+15,5.4312E+16
90982,90983,1,0,55,42,2016,3,8,2,3,3,6,0,0,1,1,0,0,0,0,6.19736E+20,5.98427E+21,1.08264E+16,5.39929E+16
90983,90984,1,0,4,0,2016,4,14,6,3,8,1,0,0,0,1,0,0,0,0,5.64754E+20,5.99287E+21,9.98977E+15,5.40799E+16
90984,90985,1,0,55,32,2016,3,12,2,3,5,3,0,0,1,1,0,0,0,0,6.17151E+20,5.99581E+21,1.07915E+16,5.40971E+16
90985,90986,1,0,1,0,2016,3,18,3,3,1,6,0,0,0,1,0,0,0,0,5.2824E+20,6.06827E+21,9.43886E+15,5.47608E+16
90986,90987,1,0,62,23,2016,3,6,6,3,1,5,2,1,0,1,0,0,0,1,5.84643E+20,5.94508E+21,1.02805E+16,5.36476E+16
90987,90988,1,0,51,44,2016,3,15,7,3,5,3,0,0,1,1,0,0,0,0,5.06886E+20,6.00605E+21,9.10557E+15,5.42024E+16
90988,90989,1,0,3,0,2016,3,8,2,3,3,6,0,0,1,0,1,0,0,0,6.13057E+20,5.97116E+21,1.07198E+16,5.38766E+16
90989,90990,1,0,57,91,2016,4,10,6,3,5,3,0,0,1,0,0,0,1,0,5.79479E+20,6.01628E+21,1.0221E+16,5.42883E+16
90990,90991,1,0,55,40,2016,4,19,6,3,8,1,0,0,0,0,0,1,0,0,6.05509E+20,5.97283E+21,1.06056E+16,5.38931E+16
90991,90992,1,0,55,32,2016,3,19,2,3,8,1,2,1,0,1,0,0,0,0,6.22028E+20,5.99647E+21,1.08663E+16,5.41019E+16
90992,90993,1,0,56,41,2016,3,13,2,3,0,5,0,0,0,1,0,0,0,1,5.63315E+20,5.95624E+21,9.9602E+15,5.37509E+16
90993,90994,1,0,62,60,2016,4,8,2,3,0,1,0,0,1,0,0,0,0,0,5.82413E+20,5.9312E+21,1.02431E+16,5.35233E+16
90994,90995,1,0,53,27,2016,4,14,2,3,5,3,0,0,1,1,0,0,0,0,6.01658E+20,5.93419E+21,1.05343E+16,5.35467E+16
90995,90996,1,0,61,46,2016,3,11,4,3,2,6,0,0,0,1,0,0,0,0,5.33185E+20,5.97605E+21,9.50543E+15,5.39317E+16
90996,90997,1,0,3,0,2016,3,11,6,3,3,6,0,0,1,0,0,0,0,1,6.11137E+20,5.96933E+21,1.06899E+16,5.38606E+16
90997,90998,1,0,58,34,2016,3,15,2,3,5,3,0,0,1,1,0,0,0,0,5.43049E+20,6.01862E+21,9.66173E+15,5.43136E+16
90998,90999,1,0,56,18,2016,3,8,2,3,5,3,0,1,1,1,0,0,0,0,5.56985E+20,5.94179E+21,9.86155E+15,5.36218E+16
90999,91000,1,0,3,0,2016,4,16,2,3,5,3,0,0,0,1,0,0,0,1,6.1137E+20,5.96743E+21,1.06927E+16,5.38434E+16
91000,91001,1,0,60,63,2016,3,15,4,3,2,6,0,0,0,1,0,0,0,0,5.65841E+20,5.95135E+21,9.99746E+15,5.37066E+16
91001,91002,1,0,4,0,2016,3,13,6,3,5,3,0,0,1,0,0,0,0,1,5.6352E+20,5.99173E+21,9.97068E+15,5.40699E+16
91002,91003,1,0,56,39,2016,3,1,7,3,9,1,2,1,0,1,0,0,0,0,5.52398E+20,5.94621E+21,9.79296E+15,5.3662E+16
91003,91004,1,0,2,0,2016,3,8,2,3,5,7,0,0,0,1,0,1,0,0,5.73955E+20,6.01975E+21,1.0137E+16,5.43203E+16
91004,91005,1,0,62,23,2016,4,10,1,3,5,3,0,0,1,1,0,0,0,0,5.84454E+20,5.9448E+21,1.02776E+16,5.36452E+16
91005,91006,1,0,59,138,2016,4,11,6,3,5,3,0,0,1,1,0,0,1,0,5.24447E+20,6.05203E+21,9.37856E+15,5.46151E+16
91006,91007,1,0,1,0,2016,4,19,6,3,5,3,1,0,0,1,0,1,0,0,5.29144E+20,6.07285E+21,9.45337E+15,5.4802E+16
91007,91008,1,0,54,56,2016,3,12,2,3,3,3,0,0,1,1,0,0,0,0,5.03976E+20,6.03824E+21,9.06138E+15,5.44917E+16
91008,91009,1,0,60,5,2016,3,10,2,3,2,6,0,0,0,1,0,0,0,0,5.85617E+20,5.97724E+21,1.03042E+16,5.39364E+16
91009,91010,1,0,58,117,2016,4,8,2,3,2,6,0,1,0,1,0,0,0,0,5.55663E+20,6.00248E+21,9.85261E+15,5.41673E+16
91010,91011,1,0,2,0,2016,3,11,6,3,2,6,0,0,0,1,0,0,0,0,5.77081E+20,6.01647E+21,1.01842E+16,5.42903E+16
91011,91012,1,0,56,48,2016,3,7,4,3,5,3,0,1,0,1,0,0,0,0,5.47976E+20,5.94978E+21,9.72659E+15,5.36945E+16
91012,91013,1,0,54,56,2016,3,20,6,3,5,3,2,1,0,1,0,0,0,0,5.05229E+20,6.03801E+21,9.08072E+15,5.44897E+16
91013,91014,1,0,56,41,2016,3,9,7,3,0,6,0,0,1,0,0,0,0,1,5.59652E+20,5.95413E+21,9.90425E+15,5.37324E+16
91014,91015,1,0,59,45,2016,3,14,2,3,5,3,0,0,0,1,0,0,0,0,5.64926E+20,6.0574E+21,1.00065E+16,5.46598E+16
91015,91016,1,0,60,5,2016,3,13,7,3,5,3,0,0,0,1,0,1,0,0,5.85799E+20,5.97756E+21,1.0307E+16,5.39393E+16
91016,91017,1,0,53,86,2016,3,5,1,2,8,1,2,0,0,0,0,0,0,1,6.00617E+20,5.94945E+21,1.05235E+16,5.3684E+16
91017,91018,1,0,61,61,2016,3,6,5,3,1,5,1,1,0,1,0,0,0,1,5.38054E+20,5.9702E+21,9.57886E+15,5.38788E+16
91018,91019,1,0,53,32,2016,4,15,5,3,5,2,0,0,0,1,0,0,0,0,5.90938E+20,5.92121E+21,1.03688E+16,5.34321E+16
91019,91020,1,0,53,116,2016,3,7,1,3,9,7,0,1,0,1,0,0,0,0,5.97879E+20,5.93046E+21,1.04761E+16,5.35139E+16
91020,91021,1,0,56,43,2016,3,16,2,3,5,3,0,1,1,1,0,0,0,0,5.54306E+20,5.94652E+21,9.82189E+15,5.36646E+16
91021,91022,1,0,4,0,2016,4,19,2,3,5,3,1,0,0,1,0,0,0,0,5.63851E+20,5.99249E+21,9.97589E+15,5.40766E+16
91022,91023,1,0,56,49,2016,3,21,7,3,0,7,2,0,1,0,0,0,0,0,5.44029E+20,5.94903E+21,9.66672E+15,5.36881E+16
91023,91024,1,0,59,75,2016,3,18,1,2,0,1,0,0,0,0,0,1,0,0,5.3485E+20,6.03931E+21,9.53813E+15,5.45002E+16
91024,91025,1,0,51,16,2016,3,10,5,3,5,2,0,0,1,1,0,0,0,0,5.16814E+20,5.98337E+21,9.25649E+15,5.39984E+16
91025,91026,1,0,59,120,2016,3,15,1,3,0,6,0,0,0,1,0,1,0,0,5.2486E+20,6.07226E+21,9.38668E+15,5.47969E+16
91026,91027,1,0,60,63,2016,3,17,2,3,1,6,0,1,0,1,0,0,0,0,5.65562E+20,5.95142E+21,9.99325E+15,5.37073E+16
91027,91028,1,0,54,164,2016,3,7,6,3,0,1,0,2,1,0,0,0,0,0,4.71932E+20,6.06015E+21,8.56459E+15,5.46879E+16
91028,91029,1,0,62,9,2016,3,14,7,3,6,7,0,0,0,1,1,0,0,0,5.79252E+20,5.93713E+21,1.0197E+16,5.3577E+16
91029,91030,1,0,3,0,2016,3,15,2,3,0,7,0,0,1,1,0,0,0,0,6.09281E+20,5.97051E+21,1.06621E+16,5.38715E+16
91030,91031,1,0,2,0,2016,4,17,2,3,5,3,0,0,1,1,0,0,0,0,5.7347E+20,6.02024E+21,1.01297E+16,5.43247E+16
91031,91032,1,0,61,29,2016,3,19,5,3,6,4,2,1,0,1,1,0,0,0,5.2786E+20,5.96001E+21,9.42288E+15,5.37879E+16
91032,91033,1,0,53,100,2016,3,17,7,3,0,5,0,0,0,1,0,1,0,0,6.16524E+20,5.95152E+21,1.0765E+16,5.36994E+16
91033,91034,1,0,1,0,2016,3,20,7,3,6,4,2,0,0,1,1,0,0,0,5.27345E+20,6.07244E+21,9.42534E+15,5.47984E+16
91034,91035,1,0,56,39,2016,3,12,5,3,5,3,0,0,0,1,0,0,0,0,5.52644E+20,5.94791E+21,9.79698E+15,5.36773E+16
91035,91036,1,0,56,41,2016,3,7,6,3,4,6,0,0,0,1,0,0,0,0,5.60934E+20,5.95342E+21,9.92354E+15,5.37259E+16
91036,91037,1,0,3,0,2016,3,17,5,3,4,7,0,0,1,1,0,0,0,0,6.09964E+20,5.96943E+21,1.06721E+16,5.38617E+16
91037,91038,1,0,60,5,2016,3,6,6,3,5,3,0,0,0,1,0,0,0,0,5.85447E+20,5.97912E+21,1.03021E+16,5.39534E+16
91038,91039,1,0,2,0,2016,4,16,2,3,5,3,0,0,0,1,0,1,0,0,5.77966E+20,6.01621E+21,1.01977E+16,5.42879E+16
91039,91040,1,0,53,32,2016,3,7,4,3,5,3,0,0,1,1,0,0,0,0,5.90448E+20,5.92205E+21,1.03617E+16,5.34397E+16
91040,91041,1,0,60,19,2016,3,11,5,3,5,3,0,0,0,1,0,0,0,0,5.62198E+20,5.9567E+21,9.94335E+15,5.37552E+16
91041,91042,1,0,2,0,2016,4,17,5,3,6,4,0,0,0,1,1,0,0,0,5.68562E+20,6.0199E+21,1.00541E+16,5.43224E+16
91042,91043,1,0,59,184,2016,5,19,6,3,5,2,0,0,0,1,0,0,0,0,5.25527E+20,6.06354E+21,9.39628E+15,5.47185E+16
91043,91044,1,0,62,4,2016,5,12,3,3,6,4,0,0,0,1,1,0,0,1,5.90058E+20,5.96324E+21,1.03677E+16,5.38099E+16
91044,91045,1,0,2,0,2016,4,17,5,3,1,7,0,0,0,1,0,0,0,0,5.6907E+20,6.0197E+21,1.00619E+16,5.43205E+16
91045,91046,1,0,56,41,2016,4,7,2,3,1,5,0,1,1,1,0,0,0,0,5.64263E+20,5.95594E+21,9.97452E+15,5.37481E+16
91046,91047,1,0,62,1,2016,5,18,2,3,0,6,0,0,1,1,0,0,0,0,5.80973E+20,5.94783E+21,1.02257E+16,5.36729E+16
91047,91048,1,0,3,0,2016,5,7,2,3,3,6,0,0,1,0,0,0,0,0,6.11692E+20,5.96996E+21,1.06986E+16,5.38661E+16
91048,91049,1,0,57,73,2016,4,16,4,3,5,3,0,0,0,1,0,0,0,0,5.89418E+20,6.02737E+21,1.03769E+16,5.43863E+16
91049,91050,1,0,55,46,2016,4,14,6,3,5,3,0,0,0,1,0,1,0,0,6.39266E+20,6.03545E+21,1.11479E+16,5.44477E+16
91050,91051,1,0,56,50,2016,5,7,2,3,0,7,0,0,1,0,0,0,0,0,5.46756E+20,5.93656E+21,9.70614E+15,5.35758E+16
91051,91052,1,0,54,144,2016,4,7,5,2,4,6,0,0,0,1,0,1,0,0,5.11542E+20,6.04711E+21,9.17854E+15,5.45713E+16
91052,91053,1,0,59,120,2016,5,15,4,3,5,3,0,0,0,1,0,0,0,0,5.2483E+20,6.0727E+21,9.38625E+15,5.48008E+16
91053,91054,1,0,54,88,2016,5,14,6,3,0,1,0,0,1,0,0,0,0,0,4.89515E+20,6.07126E+21,8.83694E+15,5.47884E+16
91054,91055,1,0,62,9,2016,5,17,3,2,5,2,0,0,1,0,0,0,0,0,5.77338E+20,5.93621E+21,1.01678E+16,5.35691E+16
91055,91056,1,0,54,56,2016,4,20,5,3,0,1,0,0,1,0,0,0,0,0,5.04051E+20,6.03694E+21,9.06252E+15,5.44801E+16
91056,91057,1,0,3,0,2016,4,7,2,3,1,5,0,0,1,1,0,0,0,0,6.11249E+20,5.96976E+21,1.06918E+16,5.38644E+16
91057,91058,1,0,2,0,2016,5,16,2,3,1,5,0,0,1,1,0,0,0,0,5.73514E+20,6.01915E+21,1.01301E+16,5.43149E+16
91058,91059,1,0,57,91,2016,4,20,6,3,2,6,1,1,0,1,0,0,0,0,5.7967E+20,6.01662E+21,1.0224E+16,5.42912E+16
91059,91060,1,0,56,39,2016,5,14,2,2,2,6,0,0,1,1,0,0,0,0,5.52664E+20,5.94586E+21,9.79693E+15,5.36588E+16