FID,OBJECTID,ULAND,UREGBEZ,UKREIS,UGEMEINDE,UJAHR,UMONAT,USTUNDE,UWOCHENTAG,UKATEGORIE,UART,UTYP1,ULICHTVERH,IstStrasse,IstRad,IstPKW,IstFuss,IstKrad,IstGkfz,IstSonstig,LINREFX,LINREFY,XGCSWGS84,YGCSWGS84
91241,91242,1,0,56,48,2016,4,14,2,3,3,6,0,0,0,1,0,1,0,0,5.47378E+20,5.95025E+21,9.71762E+15,5.36988E+16
91242,91243,1,0,56,15,2016,4,11,3,3,1,7,0,1,1,0,0,0,1,0,5.43036E+20,5.95635E+21,9.65271E+15,5.3754E+16
91243,91244,1,0,61,46,2016,4,9,6,2,5,3,0,0,1,0,0,0,0,1,5.3389E+20,5.97538E+21,9.5161E+15,5.39257E+16
91244,91245,1,0,2,0,2016,4,15,6,3,6,4,0,0,0,1,1,0,0,0,5.71699E+20,6.02118E+21,1.01027E+16,5.43334E+16
91245,91246,1,0,1,0,2016,5,19,4,3,0,1,0,0,1,0,0,0,0,0,5.2767E+20,6.07102E+21,9.43027E+15,5.47856E+16
91246,91247,1,0,61,29,2016,4,16,5,3,5,3,0,0,1,1,0,0,0,0,5.27997E+20,5.96027E+21,9.42498E+15,5.37903E+16
91247,91248,1,0,56,43,2016,4,6,5,3,5,3,0,0,1,0,0,1,0,0,5.54306E+20,5.94652E+21,9.82188E+15,5.36646E+16
91248,91249,1,0,60,63,2016,4,14,3,3,0,1,0,1,0,0,0,1,0,0,5.65982E+20,5.95233E+21,9.9998E+15,5.37155E+16
91249,91250,1,0,60,34,2016,4,7,5,3,4,6,0,0,0,1,0,0,0,0,5.69268E+20,5.97273E+21,1.00542E+16,5.38984E+16
91250,91251,1,0,59,120,2016,5,13,4,3,5,3,0,0,0,1,0,0,0,0,5.26218E+20,6.07236E+21,9.40781E+15,5.47978E+16
91251,91252,1,0,60,63,2016,5,19,2,3,0,7,0,0,1,0,0,0,0,0,5.6536E+20,5.95098E+21,9.9901E+15,5.37034E+16
91252,91253,1,0,56,44,2016,4,6,5,3,5,3,0,1,0,1,0,1,0,0,5.55441E+20,5.93915E+21,9.83775E+15,5.35983E+16
91253,91254,1,0,60,63,2016,4,9,5,3,1,6,0,0,0,1,0,0,0,1,5.6829E+20,5.94895E+21,1.0034E+16,5.36848E+16
91254,91255,1,0,59,107,2016,5,13,4,3,1,6,0,0,0,0,0,1,0,1,5.22892E+20,6.05189E+21,9.35446E+15,5.46139E+16
91255,91256,1,0,53,90,2016,4,7,5,3,2,6,0,1,0,0,0,1,0,1,6.11562E+20,5.94277E+21,1.06868E+16,5.36218E+16
91256,91257,1,0,51,74,2016,5,13,3,2,5,3,0,0,1,1,0,0,0,0,5.04884E+20,5.99297E+21,9.07466E+15,5.40849E+16
91257,91258,1,0,3,0,2016,4,7,5,3,5,3,0,0,1,1,0,0,0,0,6.13335E+20,5.96519E+21,1.07218E+16,5.38229E+16
91258,91259,1,0,53,129,2016,4,17,5,3,4,2,0,0,1,1,0,0,0,0,5.83347E+20,5.92771E+21,1.02563E+16,5.34917E+16
91259,91260,1,0,53,32,2016,4,18,3,3,1,7,0,1,0,1,0,0,0,0,5.90202E+20,5.92334E+21,1.03583E+16,5.34513E+16
91260,91261,1,0,61,46,2016,4,17,6,3,2,6,0,1,0,1,0,0,0,0,5.33023E+20,5.97628E+21,9.503E+15,5.39338E+16
91261,91262,1,0,55,44,2016,4,12,5,3,5,3,0,0,1,0,0,0,0,0,6.1497E+20,5.98827E+21,1.07553E+16,5.40299E+16
91262,91263,1,0,60,63,2016,5,14,3,3,2,6,0,0,0,1,0,0,1,0,5.65227E+20,5.94519E+21,9.98687E+15,5.36514E+16
91263,91264,1,0,60,63,2016,5,8,2,3,5,2,0,0,1,1,0,0,0,0,5.66746E+20,5.95077E+21,1.0011E+16,5.37014E+16
91264,91265,1,0,3,0,2016,4,3,5,3,6,7,2,0,1,0,1,0,0,0,6.10837E+20,5.97033E+21,1.06857E+16,5.38696E+16
91265,91266,1,0,53,83,2016,4,8,5,3,0,7,0,0,0,0,1,0,0,1,6.05636E+20,5.91513E+21,1.05879E+16,5.33747E+16
91266,91267,1,0,62,1,2016,5,7,6,3,0,7,0,0,0,0,0,0,1,0,5.81389E+20,5.94831E+21,1.02322E+16,5.36772E+16
91267,91268,1,0,55,46,2016,5,17,6,3,0,1,0,0,1,0,0,0,0,0,6.33455E+20,6.04077E+21,1.10607E+16,5.4497E+16
91268,91269,1,0,60,57,2016,4,13,2,3,0,7,0,0,1,0,0,0,0,0,5.82829E+20,5.97435E+21,1.0261E+16,5.3911E+16
91269,91270,1,0,62,82,2016,4,13,3,3,5,3,0,1,0,1,0,0,0,0,5.92368E+20,5.94265E+21,1.03966E+16,5.36245E+16
91270,91271,1,0,55,32,2016,4,18,5,3,4,2,0,0,1,1,0,0,0,0,6.19693E+20,5.99663E+21,1.08307E+16,5.41039E+16
91271,91272,1,0,62,71,2016,4,8,5,3,0,1,0,0,1,0,0,0,0,0,5.80774E+20,5.94034E+21,1.02208E+16,5.36057E+16
91272,91273,1,0,55,16,2016,5,16,6,2,0,1,0,0,1,0,0,0,0,0,6.31498E+20,6.00716E+21,1.10157E+16,5.41956E+16
91273,91274,1,0,3,0,2016,4,14,2,3,5,3,0,0,1,1,0,0,0,0,6.08804E+20,5.96854E+21,1.06542E+16,5.3854E+16
91274,91275,1,0,53,90,2016,4,8,3,3,8,1,0,1,1,0,0,0,0,0,6.11848E+20,5.94364E+21,1.06914E+16,5.36296E+16
91275,91276,1,0,56,15,2016,4,8,6,3,1,5,0,0,0,1,0,0,0,0,5.45598E+20,5.95541E+21,9.69142E+15,5.37453E+16
91276,91277,1,0,58,135,2016,4,9,5,2,8,3,0,0,0,1,0,1,0,0,5.4413E+20,6.01728E+21,9.67815E+15,5.43015E+16
91277,91278,1,0,62,27,2016,5,17,3,3,0,1,0,0,1,0,0,0,0,0,5.87565E+20,5.95222E+21,1.03267E+16,5.37113E+16
91278,91279,1,0,3,0,2016,5,11,3,3,6,1,0,0,0,0,1,0,0,1,6.18518E+20,5.97216E+21,1.08032E+16,5.38844E+16
91279,91280,1,0,60,63,2016,5,15,2,3,5,3,0,0,1,1,0,0,0,0,5.6574E+20,5.94964E+21,9.99557E+15,5.36913E+16
91280,91281,1,0,58,43,2016,4,15,5,3,4,7,0,0,1,0,0,0,0,0,5.5427E+20,6.03553E+21,9.83728E+15,5.44645E+16
91281,91282,1,0,62,9,2016,4,16,5,3,2,6,0,0,0,1,0,0,0,0,5.77544E+20,5.93619E+21,1.01709E+16,5.35688E+16
91282,91283,1,0,55,42,2016,5,11,6,3,6,4,0,0,1,0,1,0,0,0,6.16683E+20,5.98483E+21,1.07801E+16,5.39985E+16
91283,91284,1,0,58,135,2016,4,12,3,3,5,3,0,1,1,1,0,0,0,0,5.43284E+20,6.01751E+21,9.66518E+15,5.43036E+16
91284,91285,1,0,55,16,2016,4,12,2,3,0,7,0,0,1,0,0,0,0,0,6.30583E+20,6.00317E+21,1.09999E+16,5.416E+16
91285,91286,1,0,51,44,2016,4,16,2,2,5,3,0,0,0,1,0,0,0,0,5.06848E+20,6.00532E+21,9.10497E+15,5.41958E+16
91286,91287,1,0,60,63,2016,4,13,6,3,2,6,0,0,0,1,0,0,0,1,5.65922E+20,5.94898E+21,9.99818E+15,5.36853E+16
91287,91288,1,0,54,168,2016,4,13,5,3,0,1,0,0,1,0,0,0,0,0,4.57151E+20,6.08385E+21,8.33181E+15,5.48998E+16
91288,91289,1,0,56,50,2016,4,19,6,3,5,3,0,1,0,1,0,0,0,0,5.46744E+20,5.9366E+21,9.70596E+15,5.35762E+16
91289,91290,1,0,54,56,2016,4,17,5,3,2,6,0,0,0,1,0,0,0,0,5.03993E+20,6.03827E+21,9.06165E+15,5.4492E+16
91290,91291,1,0,58,43,2016,5,16,3,2,4,6,0,0,1,0,0,0,0,0,5.54271E+20,6.03553E+21,9.8373E+15,5.44645E+16
91291,91292,1,0,60,5,2016,5,7,2,3,9,1,0,0,0,1,0,0,0,0,5.86029E+20,5.97627E+21,1.03102E+16,5.39277E+16
91292,91293,1,0,60,63,2016,4,14,4,3,0,1,0,0,1,0,0,0,0,0,5.64797E+20,5.94732E+21,9.98081E+15,5.36706E+16
91293,91294,1,0,3,0,2016,4,18,5,3,4,2,0,0,1,1,0,0,0,0,6.11759E+20,5.96786E+21,1.06988E+16,5.38472E+16
91294,91295,1,0,55,21,2016,5,15,6,2,8,6,0,0,0,0,0,1,1,0,6.28665E+20,6.02654E+21,1.09806E+16,5.43704E+16
91295,91296,1,0,56,18,2016,4,10,6,3,0,7,0,0,1,0,0,0,0,0,5.56759E+20,5.94159E+21,9.85811E+15,5.362E+16
91296,91297,1,0,60,63,2016,4,21,4,3,5,3,2,0,1,1,0,0,0,0,5.6523E+20,5.95132E+21,9.9882E+15,5.37065E+16
91297,91298,1,0,2,0,2016,5,6,3,3,5,7,0,0,1,1,0,0,0,0,5.73557E+20,6.01946E+21,1.01308E+16,5.43177E+16
91298,91299,1,0,3,0,2016,4,15,4,2,4,2,0,0,1,1,0,0,0,0,6.11389E+20,5.97095E+21,1.06943E+16,5.38751E+16
91299,91300,1,0,3,0,2016,4,17,5,3,0,1,0,0,0,1,0,1,0,0,6.12364E+20,5.97275E+21,1.07098E+16,5.3891E+16
91300,91301,1,0,61,46,2016,4,7,2,3,0,1,0,1,0,0,0,1,0,0,5.33268E+20,5.97555E+21,9.50664E+15,5.39273E+16
91301,91302,1,0,3,0,2016,4,15,4,3,0,3,0,0,0,1,0,0,0,1,6.1285E+20,5.96997E+21,1.07162E+16,5.3866E+16
91302,91303,1,0,55,28,2016,4,14,5,3,0,3,0,0,1,1,0,0,0,0,6.01683E+20,6.00423E+21,1.05579E+16,5.41761E+16
91303,91304,1,0,58,43,2016,5,12,6,3,2,6,0,0,0,1,0,0,0,0,5.54059E+20,6.03393E+21,9.83374E+15,5.44502E+16
91304,91305,1,0,56,44,2016,4,18,2,3,6,7,0,1,0,1,1,0,0,0,5.54561E+20,5.93928E+21,9.82448E+15,5.35995E+16
91305,91306,1,0,62,9,2016,4,16,6,3,0,7,0,1,1,0,0,0,0,0,5.78954E+20,5.93553E+21,1.01921E+16,5.35627E+16
91306,91307,1,0,55,32,2016,4,3,4,3,7,7,2,0,1,0,0,0,0,0,6.19381E+20,5.99546E+21,1.08254E+16,5.40934E+16
91307,91308,1,0,54,168,2016,5,14,3,3,0,1,0,0,1,0,0,0,0,0,4.55743E+20,6.08426E+21,8.30979E+15,5.49034E+16
91308,91309,1,0,58,22,2016,4,17,4,3,0,3,0,1,0,0,0,1,0,1,5.68323E+20,6.00365E+21,1.00468E+16,5.41764E+16
91309,91310,1,0,2,0,2016,5,9,4,3,3,6,0,0,1,0,0,0,0,0,5.7403E+20,6.01912E+21,1.0138E+16,5.43146E+16
91310,91311,1,0,59,120,2016,5,6,3,3,5,3,0,1,0,1,0,1,0,0,5.2483E+20,6.0727E+21,9.38625E+15,5.48008E+16
91311,91312,1,0,58,135,2016,4,16,4,3,5,3,0,1,0,1,0,0,0,0,5.4293E+20,6.01805E+21,9.65982E+15,5.43086E+16
91312,91313,1,0,2,0,2016,5,21,6,3,3,6,0,0,1,0,0,0,0,0,5.72965E+20,6.02031E+21,1.01219E+16,5.43254E+16
91313,91314,1,0,3,0,2016,4,11,2,3,6,4,0,0,0,1,1,0,0,0,6.10978E+20,5.96952E+21,1.06875E+16,5.38623E+16
91314,91315,1,0,56,44,2016,5,15,2,3,0,2,0,0,1,1,0,0,0,0,5.55125E+20,5.94027E+21,9.83317E+15,5.36083E+16
91315,91316,1,0,58,43,2016,6,17,6,3,0,3,0,0,1,1,0,0,0,0,5.54074E+20,6.0353E+21,9.83422E+15,5.44625E+16
91316,91317,1,0,56,18,2016,5,0,2,3,9,1,2,1,0,1,0,0,0,0,5.56282E+20,5.94107E+21,9.8508E+15,5.36154E+16
91317,91318,1,0,53,90,2016,5,7,5,3,5,3,0,0,1,1,0,0,0,0,6.11247E+20,5.94276E+21,1.0682E+16,5.36218E+16
91318,91319,1,0,2,0,2016,5,15,6,3,5,2,0,0,1,1,0,0,0,0,5.76198E+20,6.01725E+21,1.01708E+16,5.42974E+16
91319,91320,1,0,56,49,2016,5,8,5,3,0,7,0,0,1,0,0,0,0,0,5.445E+20,5.9491E+21,9.67387E+15,5.36887E+16
91320,91321,1,0,60,44,2016,5,11,5,3,4,6,0,0,0,1,0,0,1,0,5.64297E+20,5.96567E+21,9.97706E+15,5.38356E+16
91321,91322,1,0,59,120,2016,5,14,2,3,4,6,0,0,0,1,0,0,0,0,5.24557E+20,6.07496E+21,9.38219E+15,5.48211E+16
91322,91323,1,0,62,6,2016,6,15,4,3,6,6,0,0,1,0,1,0,0,0,5.83119E+20,5.95424E+21,1.02599E+16,5.37302E+16
91323,91324,1,0,56,13,2016,5,20,2,3,5,3,0,0,0,1,0,0,0,0,5.58898E+20,5.94408E+21,9.89091E+15,5.36422E+16
91324,91325,1,0,51,71,2016,5,2,1,3,6,2,2,0,0,1,1,0,0,0,5.01565E+20,6.02057E+21,9.02406E+15,5.43329E+16
91325,91326,1,0,57,48,2016,6,12,6,3,5,3,0,0,0,1,0,1,0,0,6.03834E+20,6.01719E+21,1.05953E+16,5.42921E+16
91326,91327,1,0,60,39,2016,5,10,2,3,5,2,0,1,0,1,0,0,0,0,5.64491E+20,5.96116E+21,9.97907E+15,5.3795E+16
91327,91328,1,0,53,83,2016,5,16,5,3,5,3,0,1,1,1,0,0,0,0,6.0193E+20,5.91508E+21,1.05322E+16,5.3375E+16
91328,91329,1,0,60,19,2016,5,12,5,3,5,2,0,0,0,1,0,0,0,1,5.62194E+20,5.95671E+21,9.9433E+15,5.37553E+16
91329,91330,1,0,54,56,2016,5,15,2,3,5,3,0,0,1,0,0,0,0,1,5.03678E+20,6.03643E+21,9.05676E+15,5.44755E+16
91330,91331,1,0,55,46,2016,6,11,4,3,0,1,0,0,1,0,0,0,0,0,6.42342E+20,6.03431E+21,1.11947E+16,5.44365E+16
91331,91332,1,0,60,49,2016,5,7,5,2,4,6,0,0,1,0,0,0,0,0,5.86332E+20,5.97952E+21,1.03157E+16,5.39568E+16
91332,91333,1,0,60,89,2016,5,11,5,3,5,3,0,0,1,1,0,0,0,0,5.79338E+20,5.98853E+21,1.02115E+16,5.40389E+16
91333,91334,1,0,55,46,2016,5,14,1,3,8,1,0,0,1,0,0,0,0,0,6.37494E+20,6.03279E+21,1.11193E+16,5.44242E+16
91334,91335,1,0,55,21,2016,6,16,4,3,5,3,0,0,0,1,0,0,0,0,6.28486E+20,6.02586E+21,1.09776E+16,5.43643E+16
91335,91336,1,0,60,63,2016,5,7,2,3,5,3,0,1,0,1,0,0,0,0,5.66281E+20,5.95339E+21,1.00046E+16,5.37249E+16
91336,91337,1,0,3,0,2016,5,11,7,3,6,4,0,0,1,0,1,0,0,0,6.10734E+20,5.97007E+21,1.0684E+16,5.38673E+16
91337,91338,1,0,56,18,2016,5,20,2,3,0,7,0,1,1,0,0,0,0,0,5.568E+20,5.9409E+21,9.8586E+15,5.36138E+16
91338,91339,1,0,3,0,2016,5,12,5,3,1,5,0,0,1,1,0,0,0,0,6.1226E+20,5.96766E+21,1.07064E+16,5.38453E+16
91339,91340,1,0,62,1,2016,5,19,5,3,0,7,0,0,1,0,0,0,0,0,5.81883E+20,5.94799E+21,1.02395E+16,5.36743E+16
91340,91341,1,0,55,39,2016,5,15,1,3,6,6,0,0,0,1,1,0,0,0,6.15406E+20,5.99182E+21,1.07633E+16,5.40616E+16
91341,91342,1,0,3,0,2016,6,8,4,3,0,5,0,0,1,1,0,0,0,0,6.09801E+20,5.96952E+21,1.06697E+16,5.38625E+16
91342,91343,1,0,62,6,2016,5,17,2,3,5,2,0,0,1,1,0,0,0,0,5.83361E+20,5.95418E+21,1.02636E+16,5.37296E+16
91343,91344,1,0,2,0,2016,6,10,6,3,5,3,0,0,1,0,0,1,0,0,5.7324E+20,6.02105E+21,1.01263E+16,5.4332E+16
91344,91345,1,0,53,100,2016,5,10,2,3,8,7,0,0,1,0,0,0,0,0,6.15103E+20,5.9515E+21,1.07435E+16,5.36995E+16
91345,91346,1,0,56,50,2016,5,11,6,2,6,7,0,0,1,0,1,0,0,0,5.48655E+20,5.93739E+21,9.73494E+15,5.35831E+16
91346,91347,1,0,58,139,2016,5,17,1,3,2,6,0,0,1,0,0,0,0,0,5.66839E+20,6.0124E+21,1.0026E+16,5.42552E+16
91347,91348,1,0,55,4,2016,6,11,4,3,6,4,0,0,0,1,1,0,0,0,6.09679E+20,5.97438E+21,1.06695E+16,5.39063E+16
91348,91349,1,0,55,4,2016,5,8,2,3,0,3,0,1,0,1,0,1,0,0,6.12348E+20,5.97585E+21,1.07107E+16,5.39188E+16
91349,91350,1,0,56,41,2016,5,14,6,3,9,7,0,0,0,1,0,0,0,0,5.64257E+20,5.9567E+21,9.97458E+15,5.3755E+16
91350,91351,1,0,57,37,2016,6,23,6,3,8,1,2,0,0,0,0,1,0,0,5.74337E+20,6.00837E+21,1.014E+16,5.4218E+16
91351,91352,1,0,55,33,2016,5,11,2,3,5,3,0,0,0,1,0,0,0,1,6.23414E+20,6.01847E+21,1.08965E+16,5.42992E+16
91352,91353,1,0,55,46,2016,5,12,5,3,0,1,0,0,1,0,0,0,0,0,6.42749E+20,6.03422E+21,1.12009E+16,5.44356E+16
91353,91354,1,0,57,43,2016,5,10,1,3,6,4,0,0,0,1,1,0,0,0,5.79095E+20,6.02893E+21,1.02184E+16,5.44019E+16
91354,91355,1,0,58,5,2016,6,14,4,3,8,1,0,0,1,0,0,0,0,0,5.73469E+20,6.02678E+21,1.01313E+16,5.43835E+16
91355,91356,1,0,58,135,2016,5,18,2,3,5,3,0,1,0,1,0,0,0,0,5.44468E+20,6.01745E+21,9.68337E+15,5.4303E+16
91356,91357,1,0,57,47,2016,6,16,6,2,4,6,0,0,0,1,0,1,0,0,5.79738E+20,6.00615E+21,1.02223E+16,5.41972E+16
91357,91358,1,0,56,15,2016,6,19,6,2,0,7,0,0,1,0,0,0,0,0,5.4395E+20,5.95477E+21,9.66634E+15,5.37397E+16
91358,91359,1,0,2,0,2016,5,17,2,3,0,1,0,1,1,0,0,0,0,0,5.74493E+20,6.02266E+21,1.0146E+16,5.43463E+16
91359,91360,1,0,3,0,2016,5,14,5,3,6,7,0,1,1,0,1,0,0,0,6.11134E+20,5.9703E+21,1.06902E+16,5.38693E+16
91360,91361,1,0,58,168,2016,5,11,6,3,5,2,0,0,1,1,0,0,0,0,5.59203E+20,6.00781E+21,9.90788E+15,5.42149E+16
91361,91362,1,0,2,0,2016,5,16,2,3,3,6,0,0,1,1,0,0,0,0,5.74353E+20,6.02116E+21,1.01435E+16,5.43329E+16
91362,91363,1,0,4,0,2016,5,8,5,3,0,2,0,1,1,0,0,0,0,0,5.64019E+20,5.99232E+21,9.97843E+15,5.40751E+16
91363,91364,1,0,53,100,2016,5,13,5,3,5,3,0,0,0,1,0,0,0,0,6.18175E+20,5.95096E+21,1.07898E+16,5.36939E+16
91364,91365,1,0,54,113,2016,6,14,6,3,6,6,0,0,1,0,1,0,0,0,4.74701E+20,6.01813E+21,8.61115E+15,5.43104E+16
91365,91366,1,0,57,69,2016,5,12,2,3,5,3,0,0,0,1,0,0,0,1,5.79283E+20,5.99405E+21,1.02121E+16,5.40885E+16
91366,91367,1,0,54,168,2016,5,16,5,3,0,1,0,1,1,0,0,0,0,0,4.56322E+20,6.08486E+21,8.31873E+15,5.49088E+16
91367,91368,1,0,60,39,2016,5,14,7,3,9,7,0,0,0,1,0,0,0,0,5.66876E+20,5.96074E+21,1.00152E+16,5.37909E+16
91368,91369,1,0,2,0,2016,6,19,4,3,5,3,0,0,1,0,0,0,0,0,5.72561E+20,6.02056E+21,1.01158E+16,5.43277E+16
91369,91370,1,0,54,88,2016,5,17,2,2,0,1,0,1,1,0,0,0,0,0,4.89085E+20,6.07152E+21,8.83025E+15,5.47907E+16
91370,91371,1,0,56,50,2016,6,11,5,3,5,3,0,1,0,1,0,1,0,0,5.46449E+20,5.937E+21,9.70158E+15,5.35798E+16
91371,91372,1,0,56,50,2016,6,18,6,2,6,4,0,0,0,1,1,0,0,0,5.4683E+20,5.93808E+21,9.70749E+15,5.35895E+16
91372,91373,1,0,54,168,2016,5,14,2,3,1,5,0,1,1,1,0,0,0,0,4.55593E+20,6.08482E+21,8.30736E+15,5.49084E+16
91373,91374,1,0,54,168,2016,5,23,5,2,4,1,2,1,0,1,0,0,0,0,4.55536E+20,6.08434E+21,8.30655E+15,5.49041E+16
91374,91375,1,0,59,75,2016,5,7,6,2,4,2,0,0,1,1,0,0,0,0,5.36011E+20,6.04307E+21,9.55652E+15,5.45339E+16
91375,91376,1,0,53,90,2016,5,7,5,3,5,2,0,0,1,1,0,0,0,0,6.11678E+20,5.9425E+21,1.06884E+16,5.36194E+16
91376,91377,1,0,53,100,2016,5,14,5,3,0,7,0,0,0,0,0,1,0,0,6.16527E+20,5.95152E+21,1.07651E+16,5.36994E+16
91377,91378,1,0,60,44,2016,5,13,7,2,8,1,0,0,0,0,0,1,0,0,5.63271E+20,5.96709E+21,9.96176E+15,5.38484E+16
91378,91379,1,0,2,0,2016,6,15,4,3,1,5,0,0,1,1,0,0,0,0,5.7738E+20,6.02119E+21,1.019E+16,5.43327E+16
91379,91380,1,0,51,44,2016,5,16,1,3,0,3,0,0,1,1,0,0,0,0,5.05737E+20,6.00383E+21,9.08791E+15,5.41825E+16
91380,91381,1,0,55,16,2016,5,15,1,3,8,1,0,1,0,1,0,0,0,0,6.27175E+20,6.00283E+21,1.09476E+16,5.41578E+16
91381,91382,1,0,3,0,2016,5,18,7,3,6,7,0,0,1,0,1,0,0,0,6.10957E+20,5.97032E+21,1.06875E+16,5.38695E+16
91382,91383,1,0,59,75,2016,6,19,4,3,5,3,0,0,0,1,0,0,0,0,5.34152E+20,6.04195E+21,9.52766E+15,5.4524E+16
91383,91384,1,0,56,15,2016,5,5,1,3,0,7,1,0,0,1,0,0,0,0,5.44565E+20,5.9558E+21,9.67581E+15,5.37489E+16
91384,91385,1,0,55,46,2016,5,2,2,3,8,1,2,1,0,1,0,0,0,0,6.43537E+20,6.03182E+21,1.12119E+16,5.44138E+16
91385,91386,1,0,60,63,2016,6,12,5,3,0,1,0,1,0,0,0,1,0,0,5.65975E+20,5.9519E+21,9.99961E+15,5.37116E+16
91386,91387,1,0,56,15,2016,6,10,6,3,0,7,0,0,0,1,0,0,0,1,5.44039E+20,5.95628E+21,9.66791E+15,5.37533E+16
91387,91388,1,0,56,49,2016,5,2,1,3,8,1,2,0,0,1,0,0,0,0,5.44739E+20,5.94817E+21,9.67734E+15,5.36803E+16
91388,91389,1,0,54,88,2016,5,11,5,3,5,3,0,0,0,1,0,1,0,0,4.88702E+20,6.07186E+21,8.82428E+15,5.47938E+16
91389,91390,1,0,3,0,2016,5,8,5,2,6,4,0,0,0,1,1,0,0,0,6.05814E+20,5.96948E+21,1.0609E+16,5.3863E+16
91390,91391,1,0,4,0,2016,5,7,7,3,1,6,0,0,1,1,0,0,0,0,5.62109E+20,5.99065E+21,9.94889E+15,5.40603E+16
91391,91392,1,0,51,11,2016,5,11,3,3,0,7,0,0,1,0,0,0,0,0,5.08302E+20,5.97221E+21,9.12634E+15,5.38983E+16
91392,91393,1,0,60,63,2016,5,16,1,3,5,3,0,0,1,1,0,0,0,0,5.6577E+20,5.9496E+21,9.99602E+15,5.3691E+16
91393,91394,1,0,54,149,2016,5,14,7,3,5,3,0,0,0,1,0,0,0,0,4.57088E+20,6.08785E+21,8.33023E+15,5.49358E+16
91394,91395,1,0,3,0,2016,5,11,1,2,6,7,0,0,0,1,1,0,0,0,6.14968E+20,5.96803E+21,1.07476E+16,5.3848E+16
91395,91396,1,0,60,5,2016,5,16,4,3,0,4,0,0,0,0,1,0,0,1,5.86427E+20,5.97683E+21,1.03164E+16,5.39326E+16
91396,91397,1,0,58,5,2016,5,9,5,3,5,2,0,0,1,1,0,0,0,0,5.73868E+20,6.02707E+21,1.01375E+16,5.4386E+16
91397,91398,1,0,56,9,2016,6,19,5,2,5,3,0,0,1,1,0,0,0,0,5.54771E+20,5.95007E+21,9.82956E+15,5.36964E+16
91398,91399,1,0,56,9,2016,6,7,6,3,5,3,0,0,0,1,0,1,0,0,5.53293E+20,5.94971E+21,9.8071E+15,5.36934E+16
91399,91400,1,0,3,0,2016,5,17,1,3,6,4,0,0,0,1,1,0,0,0,6.10741E+20,5.9706E+21,1.06843E+16,5.3872E+16
91400,91401,1,0,56,15,2016,5,10,4,3,5,3,0,0,0,0,0,0,0,1,5.45502E+20,5.95555E+21,9.68999E+15,5.37466E+16
91401,91402,1,0,58,164,2016,5,17,5,3,5,3,0,0,0,1,0,0,0,0,5.36289E+20,5.99818E+21,9.55535E+15,5.41304E+16
91402,91403,1,0,56,38,2016,5,14,3,3,8,7,0,0,0,1,0,0,0,0,5.46639E+20,5.96879E+21,9.70924E+15,5.38655E+16
91403,91404,1,0,60,63,2016,5,16,3,2,4,6,0,0,1,0,0,0,0,0,5.65043E+20,5.94866E+21,9.98481E+15,5.36826E+16
91404,91405,1,0,55,33,2016,5,16,1,3,5,3,0,0,1,1,0,0,0,0,6.22624E+20,6.01746E+21,1.0884E+16,5.42904E+16
91405,91406,1,0,56,18,2016,5,12,6,2,2,6,0,0,0,1,0,0,0,1,5.57328E+20,5.94257E+21,9.86689E+15,5.36288E+16
91406,91407,1,0,60,5,2016,6,10,5,3,5,3,0,0,0,1,0,0,0,0,5.8558E+20,5.97688E+21,1.03035E+16,5.39332E+16
91407,91408,1,0,1,0,2016,5,21,1,2,0,1,2,1,1,0,0,0,0,0,5.27514E+20,6.07297E+21,9.42803E+15,5.48032E+16
91408,91409,1,0,56,15,2016,5,15,4,3,5,3,0,0,1,1,0,0,0,0,5.43305E+20,5.95665E+21,9.65682E+15,5.37566E+16
91409,91410,1,0,57,73,2016,5,16,7,3,0,1,0,0,1,0,0,0,0,0,5.89057E+20,6.02816E+21,1.03716E+16,5.43934E+16
91410,91411,1,0,61,46,2016,5,23,7,3,9,1,2,0,0,1,0,0,0,0,5.34246E+20,5.97516E+21,9.5215E+15,5.39237E+16
91411,91412,1,0,60,63,2016,6,13,5,3,5,3,0,0,1,1,0,0,0,0,5.65639E+20,5.95036E+21,9.99419E+15,5.36978E+16
91412,91413,1,0,2,0,2016,5,19,7,3,0,3,1,0,1,0,1,0,0,0,5.69632E+20,6.0231E+21,1.00713E+16,5.43509E+16
91413,91414,1,0,62,61,2016,5,16,3,2,1,5,0,0,1,1,0,0,0,0,5.98382E+20,5.96669E+21,1.04952E+16,5.38394E+16
91414,91415,1,0,56,39,2016,5,17,7,3,5,3,0,0,1,1,0,0,0,0,5.54158E+20,5.94461E+21,9.81931E+15,5.36475E+16
91415,91416,1,0,60,63,2016,6,16,5,3,5,3,0,0,1,1,0,0,0,0,5.64782E+20,5.94862E+21,9.98086E+15,5.36823E+16
91416,91417,1,0,60,19,2016,5,19,7,2,4,7,0,0,0,1,0,0,0,0,5.6203E+20,5.95657E+21,9.94078E+15,5.37541E+16
91417,91418,1,0,60,39,2016,5,19,6,3,5,2,0,0,1,1,0,0,0,0,5.65972E+20,5.96075E+21,1.00015E+16,5.37912E+16
91418,91419,1,0,62,6,2016,6,15,5,3,5,3,0,0,1,1,0,0,0,0,5.82982E+20,5.95432E+21,1.02579E+16,5.3731E+16
91419,91420,1,0,56,44,2016,5,0,7,3,5,3,2,0,0,1,0,0,0,0,5.55817E+20,5.93987E+21,9.84357E+15,5.36047E+16
91420,91421,1,0,53,90,2016,5,12,4,2,8,1,0,0,0,0,0,1,0,0,6.12487E+20,5.94402E+21,1.07012E+16,5.36329E+16
91421,91422,1,0,59,183,2016,5,19,7,3,5,3,0,0,0,1,0,1,0,0,5.21199E+20,6.06889E+21,9.32948E+15,5.47668E+16
91422,91423,1,0,53,83,2016,5,19,3,3,0,7,0,0,1,0,0,0,0,0,6.02566E+20,5.91599E+21,1.0542E+16,5.3383E+16