FID,OBJECTID,ULAND,UREGBEZ,UKREIS,UGEMEINDE,UJAHR,UMONAT,USTUNDE,UWOCHENTAG,UKATEGORIE,UART,UTYP1,ULICHTVERH,IstStrasse,IstRad,IstPKW,IstFuss,IstKrad,IstGkfz,IstSonstig,LINREFX,LINREFY,XGCSWGS84,YGCSWGS84
91423,91424,1,0,56,44,2016,5,11,7,3,6,7,0,0,0,1,1,0,0,0,5.55947E+20,5.93967E+21,9.8455E+15,5.36029E+16
91424,91425,1,0,53,90,2016,6,12,5,3,6,7,0,1,0,1,1,0,0,0,6.11538E+20,5.94244E+21,1.06863E+16,5.36189E+16
91425,91426,1,0,60,39,2016,6,20,6,3,2,2,0,0,0,1,0,0,0,0,5.64398E+20,5.96234E+21,9.97789E+15,5.38056E+16
91426,91427,1,0,56,44,2016,5,12,7,3,2,6,0,0,0,0,0,1,0,1,5.55573E+20,5.94053E+21,9.84E+15,5.36107E+16
91427,91428,1,0,53,90,2016,5,15,4,2,0,4,0,0,1,0,1,0,0,0,6.11978E+20,5.94259E+21,1.0693E+16,5.36201E+16
91428,91429,1,0,1,0,2016,5,16,6,3,2,6,0,0,0,1,0,0,0,0,5.27988E+20,6.07124E+21,9.43524E+15,5.47875E+16
91429,91430,1,0,57,48,2016,5,18,5,3,5,3,0,0,1,1,0,0,0,0,6.03023E+20,6.01684E+21,1.05827E+16,5.42891E+16
91430,91431,1,0,56,47,2016,6,16,6,3,2,6,0,0,0,1,0,0,0,0,5.5732E+20,5.94984E+21,9.8681E+15,5.36941E+16
91431,91432,1,0,62,9,2016,5,11,7,3,0,7,0,0,0,1,0,0,0,0,5.79914E+20,5.93616E+21,1.02067E+16,5.35682E+16
91432,91433,1,0,3,0,2016,5,16,4,3,8,7,0,0,1,0,0,0,0,0,6.11149E+20,5.96931E+21,1.06901E+16,5.38604E+16
91433,91434,1,0,2,0,2016,5,10,6,3,0,7,0,0,0,1,0,0,0,1,5.73608E+20,6.02156E+21,1.01321E+16,5.43366E+16
91434,91435,1,0,62,1,2016,5,23,7,3,0,7,2,0,1,0,0,0,0,0,5.8095E+20,5.94823E+21,1.02255E+16,5.36765E+16
91435,91436,1,0,2,0,2016,5,16,4,3,3,6,0,0,1,1,0,0,0,0,5.73802E+20,6.01991E+21,1.01347E+16,5.43217E+16
91436,91437,1,0,2,0,2016,5,19,5,3,1,1,0,0,0,1,0,1,0,0,5.77022E+20,6.01744E+21,1.01835E+16,5.4299E+16
91437,91438,1,0,56,39,2016,5,13,6,3,5,3,0,0,1,1,0,0,0,0,5.53531E+20,5.94407E+21,9.80974E+15,5.36426E+16
91438,91439,1,0,55,12,2016,5,10,3,3,5,3,0,0,0,1,0,0,0,0,6.05369E+20,5.99948E+21,1.06127E+16,5.41326E+16
91439,91440,1,0,55,16,2016,5,19,7,2,0,1,0,0,1,0,0,0,0,0,6.28168E+20,6.0022E+21,1.09626E+16,5.41519E+16
91440,91441,1,0,2,0,2016,5,12,2,3,1,5,0,0,1,1,0,0,0,0,5.74669E+20,6.0217E+21,1.01485E+16,5.43377E+16
91441,91442,1,0,53,32,2016,6,19,5,3,5,7,0,1,0,1,0,0,0,0,5.90025E+20,5.92323E+21,1.03556E+16,5.34504E+16
91442,91443,1,0,62,36,2016,6,23,6,3,0,7,2,0,0,1,1,0,0,0,5.8015E+20,5.95329E+21,1.02147E+16,5.37221E+16
91443,91444,1,0,54,19,2016,5,11,7,3,0,1,0,0,1,0,0,0,0,0,4.97641E+20,6.05235E+21,8.96346E+15,5.46186E+16
91444,91445,1,0,2,0,2016,5,19,4,3,3,6,0,0,0,1,0,1,0,0,5.75814E+20,6.03113E+21,1.01685E+16,5.44222E+16
91445,91446,1,0,57,91,2016,5,18,5,3,5,2,0,0,0,1,0,0,0,0,5.7992E+20,6.01623E+21,1.02277E+16,5.42877E+16
91446,91447,1,0,60,5,2016,5,11,6,3,2,6,0,0,0,1,0,0,0,0,5.856E+20,5.97852E+21,1.03043E+16,5.39479E+16
91447,91448,1,0,3,0,2016,5,10,3,2,0,7,0,0,1,0,0,0,0,0,6.11225E+20,5.9729E+21,1.06925E+16,5.38926E+16
91448,91449,1,0,60,44,2016,5,17,6,3,2,2,0,0,0,1,0,0,0,0,5.64893E+20,5.96439E+21,9.98585E+15,5.3824E+16
91449,91450,1,0,57,57,2016,5,18,3,3,5,3,0,0,1,1,0,0,0,0,5.92651E+20,6.00215E+21,1.04189E+16,5.41591E+16
91450,91451,1,0,62,60,2016,5,7,6,3,2,2,0,1,0,1,0,1,0,0,5.82804E+20,5.9303E+21,1.02488E+16,5.35151E+16
91451,91452,1,0,1,0,2016,5,11,3,3,0,1,0,0,1,0,0,0,0,0,5.28387E+20,6.07073E+21,9.44138E+15,5.4783E+16
91452,91453,1,0,54,56,2016,5,19,7,3,5,6,0,1,0,1,0,1,0,0,5.03517E+20,6.03788E+21,9.0543E+15,5.44885E+16
91453,91454,1,0,51,137,2016,5,15,7,3,8,1,0,0,0,1,0,0,0,0,5.03414E+20,5.99465E+21,9.0522E+15,5.41E+16
91454,91455,1,0,60,63,2016,5,9,6,2,5,2,0,0,1,1,0,0,0,0,5.65916E+20,5.94883E+21,9.99807E+15,5.3684E+16
91455,91456,1,0,59,75,2016,5,18,4,3,7,1,0,0,1,0,0,0,0,0,5.36804E+20,6.04142E+21,9.56857E+15,5.4519E+16
91456,91457,1,0,54,56,2016,5,9,5,3,5,2,0,0,1,1,0,0,0,0,5.0368E+20,6.03756E+21,9.0568E+15,5.44857E+16
91457,91458,1,0,53,14,2016,5,16,6,3,2,6,0,0,0,1,0,0,0,0,6.08682E+20,5.94158E+21,1.06428E+16,5.36117E+16
91458,91459,1,0,51,44,2016,5,17,2,3,0,7,0,0,1,0,0,0,0,0,5.05389E+20,6.00509E+21,9.0826E+15,5.41938E+16
91459,91460,1,0,56,18,2016,5,13,6,3,1,5,0,0,1,1,0,0,0,0,5.55691E+20,5.94266E+21,9.84216E+15,5.36297E+16
91460,91461,1,0,62,60,2016,5,11,6,2,1,5,0,0,1,1,0,0,0,0,5.82867E+20,5.93023E+21,1.02497E+16,5.35144E+16
91461,91462,1,0,60,5,2016,5,12,6,3,2,6,0,0,0,1,0,0,0,0,5.85544E+20,5.9784E+21,1.03034E+16,5.39469E+16
91462,91463,1,0,55,33,2016,6,7,5,3,2,6,0,0,1,0,0,0,0,0,6.22057E+20,6.01787E+21,1.08754E+16,5.42941E+16
91463,91464,1,0,3,0,2016,5,14,6,3,5,2,0,0,1,1,0,0,0,0,6.09824E+20,5.97099E+21,1.06705E+16,5.38757E+16
91464,91465,1,0,1,0,2016,5,11,4,3,0,1,0,1,0,0,0,1,0,0,5.28124E+20,6.07117E+21,9.43735E+15,5.47869E+16
91465,91466,1,0,3,0,2016,5,7,6,3,0,7,0,0,1,0,0,0,0,0,6.13212E+20,5.96994E+21,1.07217E+16,5.38656E+16
91466,91467,1,0,56,15,2016,5,14,6,3,5,3,0,0,1,1,0,0,0,0,5.44463E+20,5.95762E+21,9.67454E+15,5.37653E+16
91467,91468,1,0,58,135,2016,5,16,6,3,0,1,0,1,1,0,0,0,0,0,5.41761E+20,6.01845E+21,9.64191E+15,5.43122E+16
91468,91469,1,0,51,44,2016,5,7,3,3,5,3,0,1,1,1,0,0,0,0,5.0624E+20,6.0055E+21,9.09565E+15,5.41975E+16
91469,91470,1,0,1,0,2016,5,12,5,3,4,2,0,0,0,1,0,1,0,0,5.31092E+20,6.07404E+21,9.4838E+15,5.48125E+16
91470,91471,1,0,53,32,2016,5,7,6,3,5,2,0,1,1,1,0,0,0,0,5.90542E+20,5.92252E+21,1.03632E+16,5.34439E+16
91471,91472,1,0,51,71,2016,5,12,2,3,5,3,0,0,0,1,0,0,0,0,5.01757E+20,6.02025E+21,9.02702E+15,5.43301E+16
91472,91473,1,0,58,135,2016,5,18,6,3,5,3,0,0,0,1,0,0,0,0,5.42703E+20,6.01824E+21,9.65636E+15,5.43103E+16
91473,91474,1,0,58,43,2016,6,20,5,3,5,3,0,0,1,1,0,0,0,0,5.53456E+20,6.03718E+21,9.82503E+15,5.44795E+16
91474,91475,1,0,62,60,2016,6,13,6,3,0,1,0,1,0,0,0,1,0,0,5.82845E+20,5.93363E+21,1.02503E+16,5.35451E+16
91475,91476,1,0,58,5,2016,5,7,6,3,5,3,0,0,1,1,0,0,0,0,5.73224E+20,6.02879E+21,1.0128E+16,5.44016E+16
91476,91477,1,0,60,63,2016,5,8,3,3,6,4,0,1,0,1,1,0,0,0,5.65232E+20,5.94678E+21,9.98728E+15,5.36657E+16
91477,91478,1,0,58,22,2016,5,12,6,3,5,3,0,0,1,1,0,0,0,0,5.67386E+20,6.00347E+21,1.00324E+16,5.41749E+16
91478,91479,1,0,56,50,2016,5,14,5,2,5,3,0,0,0,1,0,0,0,0,5.47807E+20,5.93671E+21,9.72204E+15,5.35771E+16
91479,91480,1,0,2,0,2016,5,11,6,3,5,3,0,0,1,1,0,0,0,0,5.74264E+20,6.01874E+21,1.01415E+16,5.43112E+16
91480,91481,1,0,60,63,2016,5,13,3,3,0,7,0,0,0,1,0,0,0,0,5.65257E+20,5.94864E+21,9.98805E+15,5.36824E+16
91481,91482,1,0,61,46,2016,5,9,4,3,5,3,0,0,0,1,0,0,0,0,5.32895E+20,5.97713E+21,9.50114E+15,5.39415E+16
91482,91483,1,0,62,1,2016,5,7,6,3,5,3,0,1,1,1,0,0,0,0,5.82066E+20,5.94902E+21,1.02426E+16,5.36835E+16
91483,91484,1,0,60,63,2016,5,15,2,3,6,4,0,0,0,1,1,0,0,0,5.66559E+20,5.9509E+21,1.00082E+16,5.37026E+16
91484,91485,1,0,1,0,2016,5,9,6,3,6,6,0,0,0,1,1,0,0,0,5.28326E+20,6.07043E+21,9.4404E+15,5.47803E+16
91485,91486,1,0,3,0,2016,5,8,6,3,0,7,0,1,0,0,0,1,0,0,6.17361E+20,5.97227E+21,1.07856E+16,5.38856E+16
91486,91487,1,0,59,75,2016,5,16,6,3,0,4,0,1,1,0,1,0,0,0,5.3686E+20,6.0412E+21,9.56941E+15,5.45171E+16
91487,91488,1,0,2,0,2016,6,17,5,3,6,4,0,0,0,1,1,0,0,0,5.74221E+20,6.02214E+21,1.01417E+16,5.43417E+16
91488,91489,1,0,3,0,2016,6,5,6,3,5,3,0,0,1,1,0,0,0,0,6.1112E+20,5.96936E+21,1.06896E+16,5.38608E+16
91489,91490,1,0,61,46,2016,5,19,5,3,5,3,0,0,0,1,0,1,0,0,5.32249E+20,5.97348E+21,9.4909E+15,5.39087E+16
91490,91491,1,0,60,63,2016,5,8,3,3,5,3,0,0,1,1,0,0,0,0,5.65095E+20,5.95148E+21,9.98618E+15,5.37079E+16
91491,91492,1,0,2,0,2016,5,12,6,3,2,7,0,0,0,0,0,1,0,1,5.74809E+20,6.01894E+21,1.01499E+16,5.43128E+16
91492,91493,1,0,62,76,2016,5,16,4,3,1,5,0,0,1,1,0,0,0,0,5.71866E+20,5.95445E+21,1.00894E+16,5.37337E+16
91493,91494,1,0,56,17,2016,5,15,4,3,0,3,0,0,0,0,0,0,0,1,5.47586E+20,5.96367E+21,9.72284E+15,5.38194E+16
91494,91495,1,0,55,44,2016,5,15,6,3,6,7,0,0,0,0,1,0,0,1,6.1506E+20,5.98805E+21,1.07566E+16,5.40279E+16
91495,91496,1,0,56,39,2016,5,8,2,3,0,7,0,0,1,0,0,0,0,0,5.53485E+20,5.94424E+21,9.80908E+15,5.36442E+16
91496,91497,1,0,61,46,2016,5,13,5,3,5,3,0,0,0,1,0,1,0,0,5.32499E+20,5.97269E+21,9.49463E+15,5.39016E+16
91497,91498,1,0,55,35,2016,5,11,1,2,3,6,0,0,1,1,0,0,0,0,6.17248E+20,5.97775E+21,1.0786E+16,5.39348E+16
91498,91499,1,0,54,85,2016,6,17,5,2,4,1,0,0,1,0,0,0,0,0,4.58518E+20,6.05601E+21,8.3571E+15,5.46498E+16
91499,91500,1,0,55,32,2016,6,8,6,3,0,7,0,0,0,1,1,0,0,0,6.17352E+20,5.99535E+21,1.07944E+16,5.40929E+16
91500,91501,1,0,56,50,2016,5,19,5,3,0,1,0,0,0,0,0,1,0,0,5.46112E+20,5.93759E+21,9.69656E+15,5.35851E+16
91501,91502,1,0,60,5,2016,5,22,3,3,9,1,2,0,0,1,0,0,0,0,5.86212E+20,5.97654E+21,1.03131E+16,5.39301E+16
91502,91503,1,0,55,32,2016,5,14,2,3,6,6,0,0,1,0,1,0,0,0,6.19064E+20,5.99513E+21,1.08205E+16,5.40906E+16
91503,91504,1,0,1,0,2016,6,7,5,3,6,7,0,0,0,1,1,0,0,0,5.29983E+20,6.07174E+21,9.46631E+15,5.47919E+16
91504,91505,1,0,3,0,2016,6,13,6,3,5,3,0,0,1,1,0,0,0,0,6.10335E+20,5.97123E+21,1.06784E+16,5.38778E+16
91505,91506,1,0,56,39,2016,5,17,5,3,2,6,0,0,0,1,0,0,0,0,5.53049E+20,5.9443E+21,9.80249E+15,5.36447E+16
91506,91507,1,0,56,15,2016,5,8,3,3,4,6,0,1,1,0,0,0,0,0,5.45547E+20,5.95502E+21,9.69059E+15,5.37418E+16
91507,91508,1,0,60,5,2016,5,14,4,3,5,3,0,0,1,1,0,0,0,0,5.85912E+20,5.97688E+21,1.03086E+16,5.39331E+16
91508,91509,1,0,4,0,2016,5,17,6,3,6,4,0,0,0,1,1,0,0,0,5.63979E+20,5.9923E+21,9.97781E+15,5.40749E+16
91509,91510,1,0,56,41,2016,5,15,2,3,1,5,0,0,0,1,0,0,0,0,5.60488E+20,5.9534E+21,9.91678E+15,5.37257E+16
91510,91511,1,0,56,39,2016,5,12,5,3,0,7,0,0,1,0,0,0,0,0,5.53083E+20,5.94596E+21,9.80329E+15,5.36597E+16
91511,91512,1,0,2,0,2016,5,19,7,3,5,7,1,1,0,1,0,0,0,0,5.77341E+20,6.0215E+21,1.01895E+16,5.43355E+16
91512,91513,1,0,58,135,2016,5,14,5,2,0,6,0,0,1,0,0,0,0,0,5.42045E+20,6.01813E+21,9.64622E+15,5.43093E+16
91513,91514,1,0,60,63,2016,5,7,3,3,0,1,0,1,0,0,0,1,0,0,5.65865E+20,5.95291E+21,9.99816E+15,5.37207E+16
91514,91515,1,0,56,15,2016,5,16,4,3,5,3,0,0,0,1,1,0,0,0,5.44265E+20,5.95544E+21,9.67121E+15,5.37457E+16
91515,91516,1,0,54,56,2016,5,12,6,3,0,1,0,1,1,0,0,0,0,0,5.00499E+20,6.03967E+21,9.0077E+15,5.45046E+16
91516,91517,1,0,60,89,2016,5,11,2,3,3,6,0,0,1,0,0,0,0,1,5.7984E+20,5.98923E+21,1.02194E+16,5.40451E+16
91517,91518,1,0,2,0,2016,5,12,5,3,2,6,0,0,0,1,0,1,0,0,5.72455E+20,6.01851E+21,1.01136E+16,5.43093E+16
91518,91519,1,0,56,48,2016,5,7,4,3,5,3,0,0,1,1,0,0,0,0,5.472E+20,5.94947E+21,9.7148E+15,5.36918E+16
91519,91520,1,0,54,65,2016,5,8,6,3,2,6,0,0,0,1,0,1,0,0,4.79304E+20,6.07946E+21,8.67757E+15,5.48618E+16
91520,91521,1,0,53,110,2016,5,7,2,3,5,3,0,0,1,1,0,0,0,0,6.16546E+20,5.94768E+21,1.07639E+16,5.36648E+16
91521,91522,1,0,54,56,2016,5,19,6,3,1,6,0,0,0,1,0,1,0,0,5.03005E+20,6.03725E+21,9.04637E+15,5.44829E+16
91522,91523,1,0,53,90,2016,5,16,2,3,6,7,0,0,1,0,1,0,0,0,6.12254E+20,5.94058E+21,1.06964E+16,5.3602E+16
91523,91524,1,0,59,75,2016,5,16,5,2,6,7,0,0,1,0,1,0,0,0,5.36047E+20,6.04146E+21,9.55688E+15,5.45194E+16
91524,91525,1,0,56,39,2016,5,17,6,3,0,7,0,0,1,0,0,0,0,0,5.52189E+20,5.94601E+21,9.78977E+15,5.36602E+16
91525,91526,1,0,54,103,2016,6,9,5,2,3,7,0,0,0,1,0,0,0,1,4.79575E+20,6.04138E+21,8.68447E+15,5.45196E+16
91526,91527,1,0,60,63,2016,5,10,4,3,5,3,0,0,1,1,0,0,0,0,5.67288E+20,5.9517E+21,1.00195E+16,5.37096E+16
91527,91528,1,0,53,129,2016,5,14,3,3,5,3,0,0,0,1,0,0,0,0,5.83236E+20,5.92799E+21,1.02547E+16,5.34943E+16
91528,91529,1,0,61,46,2016,5,9,5,3,5,3,0,1,1,1,0,0,0,0,5.33883E+20,5.97455E+21,9.5159E+15,5.39183E+16
91529,91530,1,0,56,26,2016,5,17,4,3,4,6,0,0,0,1,0,0,0,0,5.55679E+20,5.95781E+21,9.84469E+15,5.37659E+16
91530,91531,1,0,51,114,2016,6,17,4,3,0,7,0,0,1,0,0,0,0,0,5.19153E+20,6.0081E+21,9.29374E+15,5.42206E+16
91531,91532,1,0,3,0,2016,6,15,6,3,5,2,0,0,1,1,0,0,0,0,6.14224E+20,5.96858E+21,1.07365E+16,5.38532E+16
91532,91533,1,0,60,63,2016,5,9,4,3,5,3,0,0,1,1,0,0,0,0,5.65898E+20,5.95273E+21,9.99862E+15,5.37191E+16
91533,91534,1,0,53,129,2016,5,16,3,2,0,1,0,0,1,0,0,0,0,0,5.83036E+20,5.92694E+21,1.02514E+16,5.34848E+16
91534,91535,1,0,58,92,2016,5,14,6,3,2,6,0,0,0,1,0,0,0,0,5.70791E+20,6.02085E+21,1.00886E+16,5.43306E+16
91535,91536,1,0,60,5,2016,6,16,4,3,0,2,0,0,1,1,0,0,0,0,5.86051E+20,5.97698E+21,1.03107E+16,5.39341E+16
91536,91537,1,0,56,18,2016,5,16,4,3,0,7,0,0,1,0,0,0,0,0,5.57317E+20,5.94201E+21,9.86662E+15,5.36237E+16
91537,91538,1,0,60,5,2016,5,15,6,3,9,7,0,0,1,1,0,0,0,0,5.86104E+20,5.97713E+21,1.03116E+16,5.39354E+16
91538,91539,1,0,60,44,2016,6,7,4,3,2,6,0,0,1,1,0,0,0,0,5.63839E+20,5.96463E+21,9.96988E+15,5.38263E+16
91539,91540,1,0,53,90,2016,5,9,4,3,5,3,0,0,1,1,0,0,0,0,6.12085E+20,5.94107E+21,1.06941E+16,5.36064E+16
91540,91541,1,0,62,4,2016,5,14,3,3,6,4,0,0,0,1,1,0,0,0,5.8951E+20,5.96217E+21,1.03591E+16,5.38004E+16
91541,91542,1,0,61,29,2016,5,16,5,3,5,7,0,0,1,1,0,0,0,0,5.27875E+20,5.96024E+21,9.42312E+15,5.379E+16
91542,91543,1,0,3,0,2016,5,18,2,3,5,3,0,0,0,1,0,0,0,0,6.11119E+20,5.97088E+21,1.06902E+16,5.38745E+16
91543,91544,1,0,3,0,2016,5,15,4,3,5,2,0,0,1,1,0,0,0,0,6.08804E+20,5.96854E+21,1.06542E+16,5.3854E+16
91544,91545,1,0,56,50,2016,6,11,4,3,0,5,0,0,0,0,0,1,0,1,5.47481E+20,5.9363E+21,9.71705E+15,5.35734E+16
91545,91546,1,0,55,32,2016,6,12,6,3,6,2,0,0,0,1,1,0,0,0,6.18577E+20,5.99696E+21,1.08137E+16,5.41072E+16
91546,91547,1,0,3,0,2016,5,16,4,3,1,5,0,0,1,1,0,0,0,0,6.1253E+20,5.97266E+21,1.07123E+16,5.38902E+16
91547,91548,1,0,3,0,2016,5,17,3,2,5,3,0,0,1,1,0,0,0,0,6.08766E+20,5.96909E+21,1.06538E+16,5.38589E+16
91548,91549,1,0,54,76,2016,5,18,6,3,5,3,0,0,1,1,0,0,0,0,4.98854E+20,6.07007E+21,8.98218E+15,5.47778E+16
91549,91550,1,0,56,15,2016,5,15,4,3,5,3,0,0,1,1,0,0,0,0,5.43759E+20,5.95661E+21,9.6637E+15,5.37563E+16
91550,91551,1,0,56,39,2016,5,10,4,3,5,3,0,0,0,1,0,0,0,1,5.52421E+20,5.94507E+21,9.79312E+15,5.36517E+16
91551,91552,1,0,60,92,2016,5,8,5,3,5,3,0,0,0,1,0,0,0,1,5.78826E+20,5.97846E+21,1.02011E+16,5.39485E+16
91552,91553,1,0,54,168,2016,5,17,4,3,6,4,0,0,0,0,1,0,0,1,4.55629E+20,6.08462E+21,8.30796E+15,5.49066E+16
91553,91554,1,0,58,135,2016,5,15,3,3,0,1,0,0,1,0,0,0,0,0,5.4432E+20,6.01731E+21,9.68107E+15,5.43018E+16
91554,91555,1,0,62,6,2016,5,9,4,3,6,4,0,0,0,1,1,0,0,0,5.8349E+20,5.9542E+21,1.02655E+16,5.37297E+16
91555,91556,1,0,60,5,2016,5,16,5,3,3,6,0,1,1,0,0,0,0,0,5.85676E+20,5.97868E+21,1.03055E+16,5.39494E+16
91556,91557,1,0,3,0,2016,5,17,2,2,0,1,0,0,1,0,0,0,0,0,6.11249E+20,5.97303E+21,1.06929E+16,5.38938E+16
91557,91558,1,0,60,63,2016,5,11,3,3,5,2,0,0,1,1,0,0,0,0,5.65949E+20,5.95167E+21,9.99917E+15,5.37096E+16
91558,91559,1,0,58,15,2016,5,12,2,2,6,3,0,0,0,1,1,0,0,0,5.34677E+20,5.99544E+21,9.53037E+15,5.4106E+16
91559,91560,1,0,60,63,2016,6,17,4,3,5,2,0,0,1,1,0,0,0,0,5.65439E+20,5.95142E+21,9.99139E+15,5.37073E+16
91560,91561,1,0,3,0,2016,6,10,6,3,5,3,0,0,1,1,0,0,0,0,6.08562E+20,5.97034E+21,1.06511E+16,5.38701E+16
91561,91562,1,0,56,15,2016,5,13,3,3,8,7,0,0,0,1,0,0,0,0,5.43252E+20,5.95521E+21,9.65582E+15,5.37437E+16
91562,91563,1,0,58,5,2016,5,5,3,3,8,1,0,1,0,0,0,1,0,0,5.73417E+20,6.02724E+21,1.01306E+16,5.43876E+16
91563,91564,1,0,53,116,2016,5,19,4,3,0,7,0,0,0,1,0,0,0,0,5.9979E+20,5.92867E+21,1.05044E+16,5.34975E+16
91564,91565,1,0,60,39,2016,5,18,5,3,2,6,0,1,0,1,0,0,0,0,5.64819E+20,5.95849E+21,9.98347E+15,5.3771E+16
91565,91566,1,0,60,39,2016,5,12,5,3,5,3,0,1,1,0,0,0,0,0,5.65781E+20,5.96085E+21,9.99857E+15,5.37921E+16
91566,91567,1,0,55,38,2016,5,18,2,3,9,1,0,0,0,1,0,0,0,0,6.17521E+20,6.00374E+21,1.08002E+16,5.41683E+16
91567,91568,1,0,53,129,2016,5,12,3,3,5,3,0,1,0,1,0,1,0,0,5.83754E+20,5.92817E+21,1.02625E+16,5.34958E+16
91568,91569,1,0,51,44,2016,5,13,6,3,5,3,0,0,1,1,0,0,0,0,5.06545E+20,6.0056E+21,9.10032E+15,5.41984E+16
91569,91570,1,0,2,0,2016,5,8,2,3,5,3,0,0,1,1,0,0,0,0,5.7437E+20,6.0187E+21,1.01431E+16,5.43108E+16
91570,91571,1,0,62,1,2016,5,8,3,3,5,3,0,1,0,1,0,0,0,0,5.82599E+20,5.94865E+21,1.02506E+16,5.36801E+16
91571,91572,1,0,1,0,2016,5,11,1,2,0,1,0,1,1,0,0,0,0,0,5.30035E+20,6.07452E+21,9.4674E+15,5.4817E+16
91572,91573,1,0,56,49,2016,6,20,4,3,5,3,0,0,1,1,0,0,0,0,5.45863E+20,5.94949E+21,9.69455E+15,5.36921E+16
91573,91574,1,0,58,72,2016,6,16,6,3,5,3,0,0,0,1,0,0,0,0,5.27089E+20,5.99758E+21,9.41451E+15,5.41257E+16
91574,91575,1,0,58,43,2016,5,17,3,3,6,4,0,0,0,1,1,0,0,0,5.54131E+20,6.03625E+21,9.83527E+15,5.4471E+16
91575,91576,1,0,2,0,2016,5,7,3,3,5,2,0,1,0,1,0,1,0,0,5.73152E+20,6.02003E+21,1.01247E+16,5.43229E+16
91576,91577,1,0,53,90,2016,5,14,4,3,5,3,0,0,1,1,0,0,0,0,6.11902E+20,5.942E+21,1.06916E+16,5.36148E+16
91577,91578,1,0,57,48,2016,5,0,2,2,4,6,2,0,0,1,0,0,0,0,6.04138E+20,6.01706E+21,1.05999E+16,5.42908E+16
91578,91579,1,0,57,57,2016,5,11,3,3,0,7,0,0,1,0,1,0,0,0,5.93524E+20,6.00181E+21,1.04322E+16,5.41558E+16
91579,91580,1,0,56,29,2016,5,8,6,3,8,6,0,0,1,0,0,0,0,1,5.4436E+20,5.95254E+21,9.67224E+15,5.37197E+16
91580,91581,1,0,62,23,2016,6,14,4,3,6,4,0,0,0,1,1,0,0,0,5.84578E+20,5.94499E+21,1.02795E+16,5.36468E+16
91581,91582,1,0,57,25,2016,5,10,3,2,0,1,0,0,1,0,0,0,0,0,5.78389E+20,6.0258E+21,1.02067E+16,5.43739E+16
91582,91583,1,0,54,56,2016,5,12,3,3,0,7,0,1,0,0,0,1,0,1,5.05561E+20,6.03843E+21,9.08585E+15,5.44935E+16
91583,91584,1,0,62,1,2016,5,6,5,3,1,5,1,1,0,1,0,0,1,0,5.81095E+20,5.94812E+21,1.02277E+16,5.36755E+16
91584,91585,1,0,59,75,2016,5,13,3,3,1,6,0,0,0,1,0,0,0,0,5.34792E+20,6.04189E+21,9.53754E+15,5.45234E+16
91585,91586,1,0,54,56,2016,5,14,3,3,0,1,0,1,0,0,0,1,0,0,5.03462E+20,6.03752E+21,9.05343E+15,5.44853E+16
91586,91587,1,0,4,0,2016,5,5,4,3,5,3,1,0,1,1,0,0,0,0,5.65832E+20,5.99049E+21,1.00057E+16,5.40584E+16
91587,91588,1,0,53,83,2016,5,11,5,3,0,7,0,1,1,0,0,0,0,0,6.03171E+20,5.91503E+21,1.05508E+16,5.33743E+16
91588,91589,1,0,2,0,2016,5,18,2,3,5,3,0,0,0,1,0,0,1,0,5.75434E+20,6.01497E+21,1.01585E+16,5.42771E+16
91589,91590,1,0,1,0,2016,5,15,3,2,0,1,0,0,1,0,0,0,0,0,5.27619E+20,6.07212E+21,9.42958E+15,5.47955E+16
91590,91591,1,0,62,4,2016,6,9,4,3,0,7,0,0,1,0,0,0,0,0,5.90509E+20,5.96296E+21,1.03745E+16,5.38073E+16
91591,91592,1,0,56,15,2016,5,0,2,2,7,7,2,0,1,0,0,0,0,0,5.42673E+20,5.95679E+21,9.64726E+15,5.3758E+16
91592,91593,1,0,62,4,2016,5,11,6,3,0,7,0,0,1,1,0,0,0,0,5.90736E+20,5.96286E+21,1.03779E+16,5.38064E+16
91593,91594,1,0,60,63,2016,5,18,5,3,5,3,0,0,0,0,0,0,1,1,5.6502E+20,5.94615E+21,9.98393E+15,5.366E+16
91594,91595,1,0,62,60,2016,6,16,4,3,4,6,0,0,0,1,0,1,0,0,5.82924E+20,5.93015E+21,1.02506E+16,5.35138E+16
91595,91596,1,0,56,13,2016,5,11,2,3,2,6,0,0,1,0,0,0,0,0,5.57679E+20,5.94543E+21,9.87273E+15,5.36544E+16
91596,91597,1,0,57,91,2016,5,7,4,3,2,6,0,0,0,1,0,0,0,0,5.78327E+20,6.01707E+21,1.02035E+16,5.42955E+16
91597,91598,1,0,56,50,2016,6,7,6,3,5,3,0,0,1,1,0,0,0,0,5.46224E+20,5.93674E+21,9.69813E+15,5.35775E+16
91598,91599,1,0,56,15,2016,6,13,6,2,0,1,0,1,1,0,0,0,0,0,5.44368E+20,5.95522E+21,9.67274E+15,5.37437E+16
91599,91600,1,0,58,157,2016,6,16,2,2,8,7,0,0,1,0,0,0,0,0,5.76242E+20,6.03321E+21,1.01756E+16,5.44409E+16
91600,91601,1,0,53,90,2016,6,18,4,3,5,3,0,0,0,1,0,0,0,0,6.11772E+20,5.94358E+21,1.06902E+16,5.36291E+16
91601,91602,1,0,54,56,2016,6,10,3,3,2,6,0,1,0,1,0,0,0,0,5.04559E+20,6.03535E+21,9.07033E+15,5.44658E+16
91602,91603,1,0,56,43,2016,6,18,4,3,5,3,0,0,1,0,0,0,0,0,5.57986E+20,5.94216E+21,9.87676E+15,5.36251E+16
91603,91604,1,0,57,91,2016,6,21,2,3,0,7,0,0,1,0,0,0,0,0,5.80275E+20,6.01594E+21,1.02331E+16,5.4285E+16