FID,OBJECTID,ULAND,UREGBEZ,UKREIS,UGEMEINDE,UJAHR,UMONAT,USTUNDE,UWOCHENTAG,UKATEGORIE,UART,UTYP1,ULICHTVERH,IstStrasse,IstRad,IstPKW,IstFuss,IstKrad,IstGkfz,IstSonstig,LINREFX,LINREFY,XGCSWGS84,YGCSWGS84
91604,91605,1,0,55,46,2016,6,16,7,3,4,6,0,0,1,0,0,0,0,0,6.42283E+20,6.03413E+21,1.11937E+16,5.4435E+16
91605,91606,1,0,59,26,2016,6,10,2,3,9,7,0,0,0,1,0,0,0,0,5.38269E+20,6.03975E+21,9.59097E+15,5.45039E+16
91606,91607,1,0,51,6,2016,6,17,2,3,0,1,0,1,0,0,0,1,0,1,5.02711E+20,5.98579E+21,9.04138E+15,5.40204E+16
91607,91608,1,0,3,0,2016,6,15,6,3,5,3,0,1,0,1,0,0,0,0,6.10252E+20,5.96819E+21,1.0676E+16,5.38505E+16
91608,91609,1,0,56,39,2016,6,17,2,3,5,3,0,0,1,1,0,0,0,0,5.52602E+20,5.94667E+21,9.79613E+15,5.36661E+16
91609,91610,1,0,60,92,2016,6,16,5,2,5,2,0,0,1,0,0,0,1,0,5.78845E+20,5.97894E+21,1.02015E+16,5.39528E+16
91610,91611,1,0,4,0,2016,6,14,3,3,6,4,0,0,0,1,1,0,0,0,5.63982E+20,5.99176E+21,9.97775E+15,5.40701E+16
91611,91612,1,0,2,0,2016,6,7,2,3,5,3,1,1,1,1,0,0,0,0,5.72174E+20,6.01765E+21,1.01091E+16,5.43016E+16
91612,91613,1,0,57,91,2016,6,6,4,2,0,1,0,0,1,0,0,0,0,0,5.79611E+20,6.01626E+21,1.0223E+16,5.4288E+16
91613,91614,1,0,55,42,2016,6,15,3,3,8,1,0,0,1,0,0,0,0,0,6.16461E+20,5.98531E+21,1.07769E+16,5.4003E+16
91614,91615,1,0,54,56,2016,6,13,2,3,5,2,0,0,1,1,0,0,0,0,5.04696E+20,6.03739E+21,9.07249E+15,5.44841E+16
91615,91616,1,0,54,168,2016,6,13,2,2,5,3,0,0,1,1,0,0,0,0,4.55812E+20,6.0843E+21,8.31087E+15,5.49038E+16
91616,91617,1,0,3,0,2016,6,19,7,3,0,1,0,0,1,0,0,0,0,0,6.1124E+20,5.97298E+21,1.06928E+16,5.38933E+16
91617,91618,1,0,4,0,2016,6,17,2,3,4,6,0,0,0,1,0,0,0,0,5.64442E+20,5.9977E+21,9.98604E+15,5.41234E+16
91618,91619,1,0,2,0,2016,6,7,6,3,5,2,0,0,1,1,0,0,0,0,5.73242E+20,6.02141E+21,1.01264E+16,5.43353E+16
91619,91620,1,0,3,0,2016,6,17,2,3,0,6,0,0,1,1,0,0,0,0,6.10434E+20,5.97281E+21,1.06805E+16,5.38919E+16
91620,91621,1,0,53,9,2016,6,13,5,3,5,2,0,0,0,1,0,0,0,0,6.09209E+20,5.95682E+21,1.06562E+16,5.37486E+16
91621,91622,1,0,60,4,2016,6,17,3,3,8,7,0,0,1,0,0,0,0,0,5.57858E+20,5.97366E+21,9.88074E+15,5.39082E+16
91622,91623,1,0,56,41,2016,6,20,1,3,5,3,0,0,0,1,0,0,0,0,5.60089E+20,5.95367E+21,9.91079E+15,5.37282E+16
91623,91624,1,0,57,57,2016,6,15,7,3,8,1,0,0,1,0,0,0,0,0,5.92789E+20,6.00282E+21,1.04212E+16,5.4165E+16
91624,91625,1,0,53,129,2016,6,8,5,3,0,1,0,1,1,0,0,0,0,0,5.82556E+20,5.92825E+21,1.02445E+16,5.34967E+16
91625,91626,1,0,60,39,2016,6,8,7,3,5,2,0,0,1,0,0,1,0,0,5.65595E+20,5.95657E+21,9.99485E+15,5.37537E+16
91626,91627,1,0,1,0,2016,6,9,5,3,6,1,0,0,1,0,1,0,0,0,5.26723E+20,6.0702E+21,9.41547E+15,5.47783E+16
91627,91628,1,0,62,1,2016,6,13,3,3,5,3,0,0,1,1,0,0,0,0,5.82912E+20,5.94984E+21,1.02556E+16,5.36907E+16
91628,91629,1,0,56,39,2016,6,13,5,3,5,3,0,0,1,1,0,0,0,0,5.52962E+20,5.94722E+21,9.80167E+15,5.36711E+16
91629,91630,1,0,58,117,2016,6,19,5,3,5,3,0,0,1,0,0,0,0,0,5.56475E+20,6.00271E+21,9.86508E+15,5.41693E+16
91630,91631,1,0,54,56,2016,6,7,4,3,5,2,0,0,1,1,0,0,0,0,5.0368E+20,6.03756E+21,9.0568E+15,5.44857E+16
91631,91632,1,0,55,12,2016,6,11,3,3,5,3,0,0,0,1,0,0,0,0,6.04941E+20,5.99963E+21,1.06062E+16,5.4134E+16
91632,91633,1,0,62,1,2016,6,16,3,3,0,7,0,0,1,0,0,0,0,0,5.81764E+20,5.94755E+21,1.02376E+16,5.36703E+16
91633,91634,1,0,54,43,2016,6,14,7,2,4,6,0,0,1,1,0,0,0,0,4.95983E+20,6.04589E+21,8.93788E+15,5.45606E+16
91634,91635,1,0,51,21,2016,6,12,6,3,8,7,0,0,1,0,0,0,0,0,5.01535E+20,5.97709E+21,9.02339E+15,5.39422E+16
91635,91636,1,0,58,140,2016,6,18,7,3,5,3,0,0,1,1,0,0,0,0,5.4671E+20,6.01863E+21,9.718E+15,5.43134E+16
91636,91637,1,0,60,12,2016,6,10,4,3,5,3,0,0,1,1,0,0,0,0,5.8008E+20,5.99167E+21,1.02237E+16,5.4067E+16
91637,91638,1,0,55,42,2016,6,14,3,3,5,3,0,1,0,1,0,0,0,0,6.16342E+20,5.98449E+21,1.07748E+16,5.39956E+16
91638,91639,1,0,1,0,2016,6,19,5,3,5,2,0,0,1,1,0,0,0,0,5.27516E+20,6.07227E+21,9.42799E+15,5.47968E+16
91639,91640,1,0,60,63,2016,6,13,7,3,2,6,0,0,1,1,0,0,0,0,5.66016E+20,5.9512E+21,1.00001E+16,5.37053E+16
91640,91641,1,0,58,135,2016,6,13,4,3,8,7,0,1,0,0,0,1,0,1,5.40757E+20,6.01908E+21,9.62656E+15,5.4318E+16
91641,91642,1,0,56,39,2016,6,16,1,3,2,6,0,0,0,1,0,1,0,0,5.54563E+20,5.94486E+21,9.82549E+15,5.36496E+16
91642,91643,1,0,61,46,2016,6,0,1,3,0,7,2,1,0,0,0,0,0,1,5.31992E+20,5.97596E+21,9.48726E+15,5.3931E+16
91643,91644,1,0,55,12,2016,6,8,4,3,6,6,0,0,0,1,1,0,0,0,6.05228E+20,6.00056E+21,1.06109E+16,5.41424E+16
91644,91645,1,0,3,0,2016,6,11,7,3,5,3,0,0,0,1,0,0,0,1,6.09202E+20,5.96932E+21,1.06605E+16,5.38608E+16
91645,91646,1,0,62,60,2016,6,17,6,3,0,1,0,0,1,0,0,0,0,0,5.82295E+20,5.93165E+21,1.02415E+16,5.35274E+16
91646,91647,1,0,58,110,2016,6,15,6,3,5,2,0,0,0,1,0,1,0,0,5.60904E+20,6.02999E+21,9.93848E+15,5.4414E+16
91647,91648,1,0,60,63,2016,6,18,6,3,5,3,0,0,0,1,0,0,0,1,5.65586E+20,5.95199E+21,9.99374E+15,5.37125E+16
91648,91649,1,0,54,168,2016,6,13,2,3,5,3,0,1,1,1,0,0,0,0,4.55171E+20,6.08251E+21,8.30114E+15,5.48876E+16
91649,91650,1,0,55,12,2016,6,15,4,3,8,1,0,0,1,0,0,0,0,0,6.04365E+20,6.00124E+21,1.05979E+16,5.41486E+16
91650,91651,1,0,53,90,2016,6,15,4,3,6,4,0,0,0,0,1,0,0,1,6.12244E+20,5.93983E+21,1.0696E+16,5.35952E+16
91651,91652,1,0,62,76,2016,6,10,1,2,8,1,0,0,1,0,0,0,0,0,5.74988E+20,5.95479E+21,1.01368E+16,5.37364E+16
91652,91653,1,0,3,0,2016,6,20,7,3,6,4,0,0,1,0,1,0,0,0,6.10615E+20,5.97033E+21,1.06823E+16,5.38697E+16
91653,91654,1,0,62,76,2016,6,1,1,2,9,7,2,0,0,0,0,1,0,0,5.71388E+20,5.95414E+21,1.00821E+16,5.37311E+16
91654,91655,1,0,3,0,2016,6,10,2,3,2,6,0,0,0,1,0,0,0,0,6.12541E+20,5.96713E+21,1.07104E+16,5.38405E+16
91655,91656,1,0,58,135,2016,6,7,6,3,5,3,0,0,0,1,0,0,0,0,5.43565E+20,6.01647E+21,9.66934E+15,5.42942E+16
91656,91657,1,0,60,63,2016,6,16,2,3,2,2,0,0,0,1,0,0,1,1,5.65638E+20,5.95035E+21,9.99418E+15,5.36977E+16
91657,91658,1,0,56,39,2016,6,12,5,3,5,3,0,0,0,1,0,0,0,0,5.52796E+20,5.94168E+21,9.79822E+15,5.36213E+16
91658,91659,1,0,58,108,2016,6,19,3,3,5,3,0,0,1,1,0,0,0,0,5.66192E+20,6.0016E+21,1.00137E+16,5.41582E+16
91659,91660,1,0,4,0,2016,6,9,2,3,5,2,0,0,1,1,0,0,0,0,5.64144E+20,5.99192E+21,9.98026E+15,5.40715E+16
91660,91661,1,0,3,0,2016,6,14,6,3,8,7,0,0,1,0,0,0,0,0,6.11149E+20,5.96931E+21,1.06901E+16,5.38604E+16
91661,91662,1,0,59,75,2016,6,19,6,3,0,7,0,0,1,0,0,0,0,0,5.35081E+20,6.04194E+21,9.54201E+15,5.45238E+16
91662,91663,1,0,58,135,2016,6,20,3,3,5,3,0,0,1,0,0,0,0,0,5.43181E+20,6.0171E+21,9.66354E+15,5.43E+16
91663,91664,1,0,56,15,2016,6,13,1,3,0,1,0,0,0,0,0,1,0,0,5.42857E+20,5.95581E+21,9.64991E+15,5.37492E+16
91664,91665,1,0,55,32,2016,6,19,2,3,5,3,0,0,1,1,0,0,0,0,6.19308E+20,5.99655E+21,1.08247E+16,5.41032E+16
91665,91666,1,0,55,24,2016,6,15,1,3,4,1,0,0,0,0,0,1,0,1,6.09915E+20,6.00322E+21,1.06836E+16,5.41653E+16
91666,91667,1,0,3,0,2016,6,20,7,3,6,4,1,0,1,0,1,0,0,1,6.13034E+20,5.96962E+21,1.07188E+16,5.38628E+16
91667,91668,1,0,51,74,2016,6,13,2,2,5,3,0,0,0,1,0,1,0,0,5.04624E+20,5.99378E+21,9.0707E+15,5.40922E+16
91668,91669,1,0,54,168,2016,6,17,6,3,5,3,0,0,0,1,0,1,0,0,4.55565E+20,6.08448E+21,8.30698E+15,5.49053E+16
91669,91670,1,0,55,33,2016,6,10,4,3,5,3,0,0,0,1,0,0,0,0,6.24505E+20,6.01776E+21,1.0913E+16,5.42926E+16
91670,91671,1,0,3,0,2016,6,5,3,3,5,3,0,0,1,1,0,0,0,0,6.08389E+20,5.96877E+21,1.06479E+16,5.38561E+16
91671,91672,1,0,3,0,2016,6,11,5,3,5,2,0,0,0,1,0,0,0,0,6.23243E+20,5.98123E+21,1.08787E+16,5.39647E+16
91672,91673,1,0,60,5,2016,6,12,3,2,5,3,0,0,1,1,0,0,0,0,5.85543E+20,5.9784E+21,1.03034E+16,5.39469E+16
91673,91674,1,0,55,27,2016,6,16,1,2,5,3,0,0,0,1,0,1,0,0,6.2369E+20,6.00948E+21,1.0897E+16,5.42183E+16
91674,91675,1,0,62,27,2016,6,16,2,2,4,6,0,0,0,1,0,0,1,0,5.88194E+20,5.95272E+21,1.03364E+16,5.37157E+16
91675,91676,1,0,54,168,2016,6,14,4,3,2,6,0,0,0,1,0,0,0,0,4.55559E+20,6.08462E+21,8.30688E+15,5.49066E+16
91676,91677,1,0,55,44,2016,6,18,3,3,0,1,0,0,0,0,0,0,0,1,6.14985E+20,5.9877E+21,1.07553E+16,5.40248E+16
91677,91678,1,0,58,96,2016,6,16,1,3,5,7,0,0,0,1,0,1,0,0,5.62004E+20,6.02815E+21,9.95504E+15,5.43973E+16
91678,91679,1,0,60,5,2016,6,13,5,3,8,7,0,0,1,0,0,0,0,0,5.85954E+20,5.97752E+21,1.03094E+16,5.39389E+16
91679,91680,1,0,54,113,2016,6,15,1,3,0,1,0,0,1,0,0,0,0,0,4.765E+20,6.01691E+21,8.63889E+15,5.42995E+16
91680,91681,1,0,57,45,2016,6,14,5,2,7,7,0,0,0,0,0,1,0,0,5.94144E+20,6.00737E+21,1.04434E+16,5.42057E+16
91681,91682,1,0,61,46,2016,6,17,3,3,2,6,0,0,0,1,0,0,0,0,5.34181E+20,5.97485E+21,9.52047E+15,5.39209E+16
91682,91683,1,0,57,43,2016,6,16,7,3,5,3,0,0,0,1,0,0,0,0,5.79693E+20,6.02936E+21,1.02278E+16,5.44058E+16
91683,91684,1,0,56,15,2016,6,16,6,3,5,3,0,0,0,1,0,0,0,0,5.43196E+20,5.95439E+21,9.65485E+15,5.37363E+16
91684,91685,1,0,60,5,2016,6,7,6,3,2,6,0,0,0,1,0,0,0,1,5.85018E+20,5.97836E+21,1.02954E+16,5.39467E+16
91685,91686,1,0,58,135,2016,6,13,2,3,5,2,0,0,1,1,0,0,0,0,5.4371E+20,6.01748E+21,9.67172E+15,5.43033E+16
91686,91687,1,0,59,75,2016,6,16,7,3,7,1,0,0,1,0,0,0,0,0,5.36191E+20,6.04212E+21,9.55918E+15,5.45254E+16
91687,91688,1,0,55,42,2016,6,12,5,3,5,3,0,0,0,1,0,0,0,0,6.17624E+20,5.9841E+21,1.07942E+16,5.39918E+16
91688,91689,1,0,62,59,2016,6,13,7,3,7,7,0,0,0,0,0,1,0,0,5.94261E+20,5.97248E+21,1.04344E+16,5.38922E+16
91689,91690,1,0,51,11,2016,6,7,4,3,3,6,0,0,1,0,1,0,0,0,5.09289E+20,5.97247E+21,9.14137E+15,5.39006E+16
91690,91691,1,0,53,90,2016,6,8,3,3,0,1,0,1,0,0,0,1,0,0,6.11471E+20,5.94431E+21,1.0686E+16,5.36357E+16
91691,91692,1,0,2,0,2016,6,16,5,3,5,3,0,0,0,1,0,0,0,1,5.73842E+20,6.02004E+21,1.01353E+16,5.43228E+16
91692,91693,1,0,62,4,2016,6,13,1,3,4,1,0,1,0,1,0,0,0,0,5.90814E+20,5.96254E+21,1.0379E+16,5.38035E+16
91693,91694,1,0,3,0,2016,6,17,4,3,6,4,0,0,0,1,1,0,0,0,6.18058E+20,5.97272E+21,1.07964E+16,5.38895E+16
91694,91695,1,0,2,0,2016,6,11,7,3,6,7,0,0,0,0,1,0,0,1,5.73372E+20,6.01997E+21,1.01281E+16,5.43223E+16
91695,91696,1,0,56,39,2016,6,8,2,3,0,7,0,0,1,0,0,0,0,0,5.51974E+20,5.94759E+21,9.78678E+15,5.36745E+16
91696,91697,1,0,53,32,2016,6,8,6,3,2,6,0,0,0,1,0,0,0,0,5.8901E+20,5.92125E+21,1.03398E+16,5.34328E+16
91697,91698,1,0,58,172,2016,6,16,6,2,5,3,0,0,0,1,0,0,1,0,5.42656E+20,6.0144E+21,9.65509E+15,5.42757E+16
91698,91699,1,0,2,0,2016,6,10,3,3,5,2,0,0,1,1,0,0,0,0,5.73382E+20,6.02298E+21,1.0129E+16,5.43494E+16
91699,91700,1,0,62,18,2016,6,7,6,3,2,2,0,0,0,1,0,0,1,0,5.81153E+20,5.93211E+21,1.02244E+16,5.35317E+16
91700,91701,1,0,54,56,2016,6,16,2,3,5,3,0,1,0,1,0,1,0,0,5.03472E+20,6.03765E+21,9.0536E+15,5.44865E+16
91701,91702,1,0,3,0,2016,6,8,2,3,2,6,0,1,0,1,0,0,0,0,6.11132E+20,5.97241E+21,1.06909E+16,5.38882E+16
91702,91703,1,0,58,40,2016,6,15,1,3,5,3,0,0,0,1,0,0,0,0,5.65983E+20,6.04866E+21,1.00209E+16,5.45812E+16
91703,91704,1,0,3,0,2016,6,19,7,2,0,1,0,0,1,0,0,0,0,0,6.11239E+20,5.97297E+21,1.06928E+16,5.38933E+16
91704,91705,1,0,62,4,2016,6,9,4,2,0,6,0,0,0,0,0,1,0,0,5.92397E+20,5.9624E+21,1.0403E+16,5.3802E+16
91705,91706,1,0,1,0,2016,6,18,3,3,1,5,0,1,1,1,0,0,0,0,5.283E+20,6.07125E+21,9.44008E+15,5.47877E+16
91706,91707,1,0,56,41,2016,6,16,4,3,5,3,0,0,1,1,0,0,0,0,5.62186E+20,5.95439E+21,9.94271E+15,5.37345E+16
91707,91708,1,0,62,18,2016,6,0,7,3,0,7,2,0,1,0,0,0,0,0,5.81592E+20,5.9339E+21,1.02315E+16,5.35476E+16
91708,91709,1,0,2,0,2016,6,14,1,3,0,1,0,0,1,0,0,0,0,0,5.74209E+20,6.02558E+21,1.01424E+16,5.43726E+16
91709,91710,1,0,60,63,2016,6,18,2,2,5,2,0,0,1,1,0,0,0,0,5.65816E+20,5.9513E+21,9.99707E+15,5.37062E+16
91710,91711,1,0,61,46,2016,6,9,2,3,6,4,0,0,0,1,1,0,0,0,5.33892E+20,5.97538E+21,9.51612E+15,5.39257E+16
91711,91712,1,0,60,63,2016,6,12,5,3,2,6,0,0,0,1,0,0,0,1,5.68962E+20,5.94868E+21,1.00441E+16,5.36823E+16
91712,91713,1,0,2,0,2016,6,16,3,3,8,1,0,0,1,0,0,0,0,0,5.73795E+20,6.01873E+21,1.01343E+16,5.43111E+16
91713,91714,1,0,57,91,2016,6,17,1,3,5,3,0,0,1,1,0,0,0,0,5.80558E+20,6.01529E+21,1.02373E+16,5.42792E+16
91714,91715,1,0,2,0,2016,6,11,2,3,5,7,0,1,0,1,0,0,0,0,5.74948E+20,6.01817E+21,1.01519E+16,5.43059E+16
91715,91716,1,0,57,74,2016,6,20,4,2,0,7,0,0,1,0,0,0,0,0,5.8127E+20,6.01826E+21,1.0249E+16,5.43057E+16
91716,91717,1,0,62,4,2016,6,21,3,3,0,7,1,0,1,0,0,0,0,0,5.9074E+20,5.96297E+21,1.0378E+16,5.38074E+16
91717,91718,1,0,59,75,2016,6,22,1,3,5,3,2,0,0,1,0,0,0,0,5.34915E+20,6.04251E+21,9.53951E+15,5.45289E+16
91718,91719,1,0,61,46,2016,6,14,5,3,6,7,0,0,0,0,1,0,0,1,5.33955E+20,5.97518E+21,9.51706E+15,5.39239E+16
91719,91720,1,0,3,0,2016,6,12,5,3,2,6,0,0,1,1,0,0,0,0,6.10728E+20,5.96996E+21,1.06839E+16,5.38663E+16
91720,91721,1,0,53,90,2016,6,17,2,3,5,2,0,0,1,0,0,0,0,0,6.11641E+20,5.94259E+21,1.06879E+16,5.36202E+16
91721,91722,1,0,4,0,2016,6,16,6,3,5,3,0,1,0,1,0,1,0,0,5.64597E+20,5.99077E+21,9.98693E+15,5.40611E+16
91722,91723,1,0,62,61,2016,6,12,2,3,2,6,0,0,0,1,0,0,0,0,5.98455E+20,5.96532E+21,1.04959E+16,5.38271E+16
91723,91724,1,0,56,19,2016,6,14,5,3,2,6,0,0,0,1,0,0,0,1,5.40969E+20,5.94604E+21,9.61999E+15,5.36615E+16
91724,91725,1,0,61,46,2016,6,17,3,3,5,2,0,0,0,1,0,0,0,0,5.321E+20,5.97606E+21,9.4889E+15,5.39319E+16
91725,91726,1,0,51,44,2016,6,21,7,3,7,1,0,0,0,1,0,0,0,0,5.05825E+20,6.00514E+21,9.08929E+15,5.41943E+16
91726,91727,1,0,2,0,2016,6,13,7,3,5,2,0,0,1,1,0,0,0,0,5.77078E+20,6.01648E+21,1.01842E+16,5.42904E+16
91727,91728,1,0,60,5,2016,6,11,5,3,5,3,0,0,1,1,0,0,0,0,5.86024E+20,5.97869E+21,1.03108E+16,5.39494E+16
91728,91729,1,0,60,44,2016,6,15,7,3,2,6,0,0,1,0,0,0,0,0,5.63429E+20,5.9654E+21,9.96382E+15,5.38332E+16
91729,91730,1,0,54,163,2016,6,18,5,2,0,7,0,0,1,0,0,0,0,0,4.70943E+20,6.06117E+21,8.54916E+15,5.4697E+16
91730,91731,1,0,56,39,2016,6,13,3,3,5,3,0,1,1,1,0,0,0,0,5.51902E+20,5.94482E+21,9.78522E+15,5.36495E+16
91731,91732,1,0,56,15,2016,6,13,2,3,0,3,0,0,1,0,0,0,0,1,5.43657E+20,5.95685E+21,9.6622E+15,5.37584E+16
91732,91733,1,0,3,0,2016,6,12,4,3,5,2,0,0,0,1,0,0,0,0,6.1719E+20,5.97503E+21,1.07841E+16,5.39105E+16
91733,91734,1,0,57,91,2016,6,12,4,3,0,7,0,0,1,0,0,0,0,0,5.80251E+20,6.0161E+21,1.02328E+16,5.42865E+16
91734,91735,1,0,3,0,2016,6,18,5,3,5,3,0,0,0,1,0,0,0,0,6.09266E+20,5.96923E+21,1.06614E+16,5.38601E+16
91735,91736,1,0,62,1,2016,6,17,3,2,6,4,0,0,0,1,1,0,0,0,5.81886E+20,5.94806E+21,1.02396E+16,5.36748E+16
91736,91737,1,0,51,139,2016,6,10,7,3,5,3,0,0,0,1,0,0,0,0,5.19714E+20,6.00515E+21,9.30216E+15,5.4194E+16
91737,91738,1,0,59,75,2016,6,15,7,3,6,1,0,0,1,0,1,0,0,0,5.37225E+20,6.04195E+21,9.57514E+15,5.45238E+16
91738,91739,1,0,55,42,2016,6,23,7,3,5,3,2,1,0,1,0,0,0,0,6.16918E+20,5.98457E+21,1.07836E+16,5.39962E+16
91739,91740,1,0,60,5,2016,6,20,4,3,5,3,1,1,0,1,0,0,0,0,5.85736E+20,5.97799E+21,1.03062E+16,5.39432E+16
91740,91741,1,0,3,0,2016,6,11,3,3,0,6,0,1,1,1,0,0,0,0,6.11257E+20,5.96911E+21,1.06916E+16,5.38585E+16
91741,91742,1,0,54,149,2016,6,13,5,3,9,6,0,0,1,0,0,0,0,0,4.55994E+20,6.08721E+21,8.31326E+15,5.493E+16
91742,91743,1,0,60,63,2016,6,17,7,3,5,3,0,0,0,1,1,0,0,0,5.65261E+20,5.95438E+21,9.98931E+15,5.37339E+16
91743,91744,1,0,4,0,2016,6,15,4,3,5,3,0,0,1,1,0,0,0,0,5.64961E+20,5.99222E+21,9.9928E+15,5.4074E+16
91744,91745,1,0,61,49,2016,6,14,7,2,1,5,0,0,0,1,0,0,0,1,5.47166E+20,5.9782E+21,9.7187E+15,5.395E+16
91745,91746,1,0,3,0,2016,6,7,2,3,5,3,0,0,1,1,0,0,0,0,6.11309E+20,5.97165E+21,1.06933E+16,5.38813E+16
91746,91747,1,0,58,107,2016,6,17,7,3,5,3,0,0,1,1,0,0,0,0,5.70415E+20,6.01597E+21,1.00817E+16,5.42868E+16
91747,91748,1,0,60,39,2016,6,13,6,3,5,3,0,0,1,1,0,0,0,0,5.65346E+20,5.9576E+21,9.99129E+15,5.37629E+16
91748,91749,1,0,60,91,2016,6,11,6,3,6,6,0,0,0,1,1,0,0,0,5.86527E+20,5.97271E+21,1.03168E+16,5.38956E+16
91749,91750,1,0,57,91,2016,6,16,2,3,5,3,0,0,0,1,0,0,0,0,5.81103E+20,6.01526E+21,1.02456E+16,5.42788E+16
91750,91751,1,0,62,1,2016,6,16,4,3,0,1,0,0,1,0,0,0,0,0,5.81887E+20,5.94783E+21,1.02396E+16,5.36728E+16
91751,91752,1,0,62,76,2016,6,15,4,3,5,7,0,0,1,1,0,0,0,0,5.70118E+20,5.95568E+21,1.00632E+16,5.37451E+16
91752,91753,1,0,61,46,2016,6,11,7,3,2,7,0,0,1,1,0,0,0,0,5.3518E+20,5.97549E+21,9.53575E+15,5.39266E+16
91753,91754,1,0,55,44,2016,6,17,7,3,7,7,0,0,1,0,1,0,0,1,6.14591E+20,5.98935E+21,1.07499E+16,5.40396E+16
91754,91755,1,0,61,46,2016,6,17,7,3,5,2,0,0,1,1,0,0,0,0,5.31742E+20,5.97608E+21,9.48346E+15,5.39321E+16
91755,91756,1,0,55,44,2016,6,15,2,3,5,3,0,0,1,1,0,0,0,0,6.14776E+20,5.9876E+21,1.07521E+16,5.40239E+16
91756,91757,1,0,3,0,2016,6,13,6,3,1,5,0,1,1,1,0,0,0,0,6.09595E+20,5.97018E+21,1.06668E+16,5.38685E+16
91757,91758,1,0,60,44,2016,6,17,2,3,5,3,0,0,1,1,0,0,0,0,5.63352E+20,5.96474E+21,9.96251E+15,5.38274E+16
91758,91759,1,0,60,63,2016,6,17,5,3,5,3,0,0,1,1,0,0,0,0,5.65349E+20,5.94682E+21,9.98905E+15,5.3666E+16
91759,91760,1,0,57,73,2016,6,9,3,3,5,3,0,0,1,0,0,0,0,1,5.91287E+20,6.02996E+21,1.04065E+16,5.44091E+16
91760,91761,1,0,59,77,2016,6,16,2,3,8,1,0,1,0,1,0,0,0,0,5.31264E+20,6.04202E+21,9.48305E+15,5.45248E+16
91761,91762,1,0,54,168,2016,6,16,4,3,0,7,0,0,1,0,0,0,0,0,4.55135E+20,6.08343E+21,8.30044E+15,5.48959E+16
91762,91763,1,0,3,0,2016,6,7,3,3,0,3,0,0,1,1,0,0,0,0,6.10717E+20,5.96972E+21,1.06837E+16,5.38642E+16
91763,91764,1,0,3,0,2016,6,15,6,3,0,1,0,0,1,0,0,0,0,0,6.12586E+20,5.97224E+21,1.0713E+16,5.38864E+16
91764,91765,1,0,2,0,2016,6,19,6,3,6,2,0,0,0,1,1,0,0,0,5.73645E+20,6.02008E+21,1.01323E+16,5.43233E+16
91765,91766,1,0,2,0,2016,6,8,3,3,3,6,0,0,1,1,0,0,0,0,5.77133E+20,6.02045E+21,1.0186E+16,5.43261E+16
91766,91767,1,0,54,56,2016,6,15,2,3,6,7,0,1,0,1,1,0,0,1,5.0332E+20,6.03589E+21,9.05123E+15,5.44707E+16
91767,91768,1,0,55,33,2016,6,7,2,3,5,3,0,1,1,1,0,0,0,0,6.2374E+20,6.01777E+21,1.09012E+16,5.42928E+16
91768,91769,1,0,51,16,2016,6,11,7,3,1,5,0,0,1,1,0,0,0,0,5.17255E+20,5.98326E+21,9.26322E+15,5.39973E+16
91769,91770,1,0,3,0,2016,6,18,7,3,5,3,0,0,0,1,0,0,0,0,6.11373E+20,5.96743E+21,1.06928E+16,5.38434E+16
91770,91771,1,0,55,42,2016,6,13,2,2,0,7,0,0,0,1,0,0,0,0,6.15982E+20,5.98434E+21,1.07692E+16,5.39943E+16
91771,91772,1,0,54,168,2016,6,9,6,3,0,1,0,0,1,0,0,0,0,0,4.55601E+20,6.08567E+21,8.30737E+15,5.49161E+16
91772,91773,1,0,3,0,2016,6,20,4,3,3,5,0,1,1,1,0,0,0,0,6.10469E+20,5.97224E+21,1.06808E+16,5.38868E+16
91773,91774,1,0,55,46,2016,6,10,5,3,5,3,0,0,1,1,0,0,0,0,6.38805E+20,6.03743E+21,1.11417E+16,5.44655E+16
91774,91775,1,0,60,5,2016,6,17,3,3,2,6,0,1,0,1,0,0,0,0,5.85645E+20,5.97861E+21,1.0305E+16,5.39488E+16
91775,91776,1,0,60,64,2016,6,16,7,2,8,7,0,0,0,0,0,1,0,0,5.62135E+20,5.96678E+21,9.94443E+15,5.38458E+16
91776,91777,1,0,56,15,2016,6,23,7,2,0,7,2,0,1,0,0,0,0,0,5.44154E+20,5.95625E+21,9.66964E+15,5.3753E+16
91777,91778,1,0,3,0,2016,6,16,2,3,5,3,0,0,0,1,0,1,0,0,6.10958E+20,5.9721E+21,1.06882E+16,5.38855E+16
91778,91779,1,0,60,19,2016,6,18,5,2,5,2,0,0,0,0,0,1,1,0,5.63074E+20,5.9574E+21,9.95678E+15,5.37614E+16
91779,91780,1,0,54,75,2016,6,15,1,2,4,6,0,0,0,1,0,0,0,0,4.90597E+20,6.05753E+21,8.85422E+15,5.46651E+16
91780,91781,1,0,58,9,2016,6,16,5,3,2,7,0,0,0,1,0,0,0,0,5.52365E+20,5.99392E+21,9.80061E+15,5.40908E+16
91781,91782,1,0,54,162,2016,6,12,4,3,0,1,0,0,1,0,0,0,0,0,4.99872E+20,6.04195E+21,8.99802E+15,5.45251E+16
91782,91783,1,0,53,100,2016,6,17,3,3,5,3,0,0,0,1,0,0,0,0,6.1858E+20,5.95112E+21,1.0796E+16,5.36953E+16
91783,91784,1,0,56,43,2016,6,13,6,3,5,3,0,0,1,0,0,0,0,0,5.5474E+20,5.94485E+21,9.82815E+15,5.36495E+16
91784,91785,1,0,56,44,2016,6,13,6,3,5,3,0,0,1,1,0,0,0,0,5.5567E+20,5.94103E+21,9.84155E+15,5.36151E+16
91785,91786,1,0,1,0,2016,6,15,7,3,9,1,0,0,0,1,0,0,0,0,5.27397E+20,6.07144E+21,9.42607E+15,5.47894E+16