FID,OBJECTID,ULAND,UREGBEZ,UKREIS,UGEMEINDE,UJAHR,UMONAT,USTUNDE,UWOCHENTAG,UKATEGORIE,UART,UTYP1,ULICHTVERH,IstStrasse,IstRad,IstPKW,IstFuss,IstKrad,IstGkfz,IstSonstig,LINREFX,LINREFY,XGCSWGS84,YGCSWGS84
91786,91787,1,0,58,43,2016,6,13,2,3,8,1,0,0,1,0,0,0,0,0,5.54695E+20,6.03475E+21,9.8437E+15,5.44575E+16
91787,91788,1,0,53,129,2016,6,16,4,3,6,7,0,0,1,0,1,0,0,0,5.83213E+20,5.9281E+21,1.02544E+16,5.34953E+16
91788,91789,1,0,58,167,2016,6,13,3,3,3,6,0,1,1,1,0,0,0,0,5.39708E+20,5.99315E+21,9.60701E+15,5.4085E+16
91789,91790,1,0,60,63,2016,6,7,4,3,1,5,0,0,0,1,0,0,0,0,5.66679E+20,5.95113E+21,1.00101E+16,5.37046E+16
91790,91791,1,0,2,0,2016,6,10,7,3,1,5,0,0,0,1,0,1,0,0,5.70128E+20,6.02308E+21,1.00789E+16,5.43507E+16
91791,91792,1,0,62,23,2016,6,13,5,3,4,6,0,0,0,1,0,0,0,0,5.848E+20,5.94606E+21,1.02832E+16,5.36564E+16
91792,91793,1,0,60,4,2016,6,13,7,3,5,3,0,0,1,1,0,0,0,0,5.57612E+20,5.97479E+21,9.87721E+15,5.39183E+16
91793,91794,1,0,1,0,2016,6,14,5,3,0,1,0,1,0,0,0,1,0,0,5.2867E+20,6.07109E+21,9.44583E+15,5.47862E+16
91794,91795,1,0,53,32,2016,6,16,3,3,5,3,0,0,1,0,0,0,0,1,5.91867E+20,5.92227E+21,1.03831E+16,5.34414E+16
91795,91796,1,0,4,0,2016,6,13,5,3,5,3,0,0,1,1,0,0,0,0,5.64637E+20,5.99126E+21,9.98764E+15,5.40655E+16
91796,91797,1,0,53,32,2016,6,10,1,3,6,4,0,1,0,1,1,0,0,0,5.90469E+20,5.92233E+21,1.03621E+16,5.34422E+16
91797,91798,1,0,3,0,2016,6,7,4,3,2,6,0,0,0,1,0,0,0,0,6.11607E+20,5.97064E+21,1.06975E+16,5.38722E+16
91798,91799,1,0,55,4,2016,6,7,7,3,5,3,0,0,0,1,0,0,0,0,6.10235E+20,5.9748E+21,1.06781E+16,5.39099E+16
91799,91800,1,0,62,53,2016,6,14,6,3,5,2,0,0,1,0,0,0,0,0,5.76649E+20,5.9337E+21,1.01568E+16,5.35466E+16
91800,91801,1,0,4,0,2016,6,9,6,3,5,3,0,0,1,1,0,0,0,0,5.62764E+20,5.99245E+21,9.95928E+15,5.40764E+16
91801,91802,1,0,62,6,2016,6,17,6,3,5,3,0,0,1,1,0,0,0,0,5.83511E+20,5.9542E+21,1.02659E+16,5.37297E+16
91802,91803,1,0,59,75,2016,6,17,2,3,5,3,0,1,1,1,0,0,0,0,5.34514E+20,6.03892E+21,9.5329E+15,5.44967E+16
91803,91804,1,0,3,0,2016,6,16,2,3,0,1,0,0,1,0,0,0,0,0,6.12445E+20,5.97321E+21,1.07112E+16,5.38951E+16
91804,91805,1,0,56,41,2016,6,12,7,3,5,2,0,0,1,1,0,0,0,0,5.61249E+20,5.95341E+21,9.92832E+15,5.37257E+16
91805,91806,1,0,55,4,2016,6,11,7,2,4,2,0,0,1,1,0,0,0,0,6.10798E+20,5.9764E+21,1.06873E+16,5.39242E+16
91806,91807,1,0,56,15,2016,6,12,7,2,5,3,0,0,1,1,0,0,0,0,5.4413E+20,5.95408E+21,9.66897E+15,5.37335E+16
91807,91808,1,0,58,22,2016,6,17,2,3,5,2,0,0,1,1,0,0,0,0,5.67503E+20,6.00335E+21,1.00341E+16,5.41738E+16
91808,91809,1,0,56,18,2016,6,11,7,3,5,2,0,0,1,1,0,0,0,0,5.56984E+20,5.94179E+21,9.86155E+15,5.36218E+16
91809,91810,1,0,60,5,2016,6,12,7,3,5,3,0,0,0,0,0,1,0,1,5.85771E+20,5.97722E+21,1.03065E+16,5.39362E+16
91810,91811,1,0,2,0,2016,6,19,2,3,5,3,0,0,1,0,0,0,0,0,5.71932E+20,6.02013E+21,1.0106E+16,5.43239E+16
91811,91812,1,0,51,129,2016,6,9,2,2,5,3,0,1,0,1,0,0,0,0,4.9032E+20,6.01093E+21,8.85145E+15,5.42462E+16
91812,91813,1,0,61,46,2016,6,15,5,3,4,6,0,0,1,0,0,0,0,0,5.33968E+20,5.97645E+21,9.5174E+15,5.39353E+16
91813,91814,1,0,1,0,2016,6,16,3,3,6,6,0,0,1,0,1,0,0,0,5.27729E+20,6.06983E+21,9.43107E+15,5.47749E+16
91814,91815,1,0,55,42,2016,6,11,1,3,0,7,0,0,1,0,0,0,0,0,6.16622E+20,5.98498E+21,1.07792E+16,5.39999E+16
91815,91816,1,0,58,135,2016,6,13,2,3,5,3,0,1,1,1,0,0,0,0,5.4163E+20,6.01924E+21,9.64001E+15,5.43193E+16
91816,91817,1,0,56,44,2016,6,15,7,3,5,3,0,0,0,1,0,0,0,0,5.54845E+20,5.9384E+21,9.82862E+15,5.35916E+16
91817,91818,1,0,55,12,2016,6,14,7,3,3,2,0,0,1,1,0,0,0,0,6.05079E+20,5.99983E+21,1.06083E+16,5.41358E+16
91818,91819,1,0,58,22,2016,6,7,2,3,5,3,0,0,1,1,0,0,0,0,5.67166E+20,6.0032E+21,1.00289E+16,5.41724E+16
91819,91820,1,0,59,68,2016,6,17,6,3,4,3,0,0,0,1,0,0,0,0,5.56053E+20,6.05473E+21,9.86844E+15,5.46368E+16
91820,91821,1,0,3,0,2016,6,15,5,3,6,4,0,0,0,1,1,0,0,0,6.10725E+20,5.96805E+21,1.06832E+16,5.38491E+16
91821,91822,1,0,2,0,2016,6,15,4,3,2,6,0,0,0,1,0,0,0,0,5.74432E+20,6.01872E+21,1.01441E+16,5.43109E+16
91822,91823,1,0,3,0,2016,6,18,5,3,3,2,0,0,0,1,0,1,0,0,6.10217E+20,5.97067E+21,1.06764E+16,5.38728E+16
91823,91824,1,0,56,15,2016,6,5,3,3,5,3,0,0,1,1,0,0,0,0,5.45116E+20,5.95552E+21,9.68413E+15,5.37464E+16
91824,91825,1,0,4,0,2016,6,1,6,3,9,1,2,0,0,1,0,0,0,0,5.66288E+20,5.99096E+21,1.00128E+16,5.40626E+16
91825,91826,1,0,53,90,2016,6,22,2,3,5,3,2,1,0,1,0,0,0,0,6.11934E+20,5.94395E+21,1.06928E+16,5.36324E+16
91826,91827,1,0,56,39,2016,6,12,5,2,5,3,0,0,0,1,0,0,0,1,5.5306E+20,5.94598E+21,9.80294E+15,5.36598E+16
91827,91828,1,0,54,138,2016,6,15,4,3,0,7,0,0,1,0,0,0,0,0,4.96279E+20,6.01891E+21,8.9428E+15,5.4318E+16
91828,91829,1,0,3,0,2016,6,13,3,3,5,3,0,0,1,1,0,0,0,0,6.07113E+20,5.96674E+21,1.06278E+16,5.38381E+16
91829,91830,1,0,53,32,2016,6,11,7,3,2,7,0,0,1,1,0,0,0,0,5.89039E+20,5.92193E+21,1.03404E+16,5.34389E+16
91830,91831,1,0,58,117,2016,6,13,7,3,5,3,0,0,1,0,0,0,0,0,5.55622E+20,6.0028E+21,9.85203E+15,5.41702E+16
91831,91832,1,0,60,39,2016,6,10,5,3,0,1,0,1,1,0,0,0,0,0,5.65063E+20,5.96108E+21,9.98773E+15,5.37942E+16
91832,91833,1,0,54,168,2016,6,15,1,3,0,1,0,0,1,0,0,0,0,0,4.55183E+20,6.08497E+21,8.30095E+15,5.49097E+16
91833,91834,1,0,54,149,2016,6,20,5,2,0,7,0,0,1,0,0,0,0,0,4.561E+20,6.08753E+21,8.31486E+15,5.49328E+16
91834,91835,1,0,56,18,2016,6,13,3,3,5,3,0,1,1,1,0,0,0,0,5.58162E+20,5.94206E+21,9.8794E+15,5.36241E+16
91835,91836,1,0,55,4,2016,6,14,4,3,1,5,0,0,1,1,0,0,0,0,6.1026E+20,5.97512E+21,1.06787E+16,5.39128E+16
91836,91837,1,0,2,0,2016,6,16,7,3,3,2,0,0,0,1,0,1,0,0,5.73413E+20,6.01919E+21,1.01285E+16,5.43153E+16
91837,91838,1,0,55,12,2016,6,13,7,3,2,6,0,0,0,1,0,0,0,0,6.06095E+20,5.99907E+21,1.06236E+16,5.41288E+16
91838,91839,1,0,1,0,2016,6,19,7,3,9,1,0,0,1,0,0,0,0,0,5.30038E+20,6.07163E+21,9.46715E+15,5.4791E+16
91839,91840,1,0,55,42,2016,6,10,7,3,0,7,0,0,1,0,0,0,0,0,6.16688E+20,5.98464E+21,1.07801E+16,5.39969E+16
91840,91841,1,0,56,50,2016,6,8,4,3,6,4,0,0,0,0,1,0,0,1,5.47107E+20,5.93593E+21,9.71135E+15,5.35701E+16
91841,91842,1,0,53,90,2016,6,8,3,3,0,1,0,1,0,0,0,1,0,0,6.11472E+20,5.94431E+21,1.0686E+16,5.36357E+16
91842,91843,1,0,2,0,2016,6,17,5,3,5,2,0,0,1,1,0,0,0,0,5.72379E+20,6.01811E+21,1.01124E+16,5.43057E+16
91843,91844,1,0,55,46,2016,6,1,1,3,5,3,2,0,1,1,0,0,0,0,6.42801E+20,6.03355E+21,1.12014E+16,5.44296E+16
91844,91845,1,0,58,135,2016,6,7,4,2,5,3,0,0,0,1,0,1,0,0,5.43182E+20,6.01696E+21,9.66354E+15,5.42987E+16
91845,91846,1,0,3,0,2016,6,16,2,3,5,3,0,0,0,1,0,0,0,0,6.17591E+20,5.9739E+21,1.07897E+16,5.39002E+16
91846,91847,1,0,53,32,2016,6,9,6,3,5,7,0,0,0,1,0,0,0,0,5.91395E+20,5.92112E+21,1.03756E+16,5.34312E+16
91847,91848,1,0,58,92,2016,6,15,6,2,1,5,0,0,1,1,0,0,0,0,5.70225E+20,6.02117E+21,1.008E+16,5.43336E+16
91848,91849,1,0,54,168,2016,6,11,3,2,0,1,0,0,1,0,0,0,0,0,4.63491E+20,6.08084E+21,8.43106E+15,5.48733E+16
91849,91850,1,0,55,12,2016,6,15,6,3,5,3,0,0,1,1,0,0,0,0,6.05456E+20,6.00001E+21,1.06142E+16,5.41373E+16
91850,91851,1,0,59,120,2016,6,14,2,3,4,6,0,0,1,0,0,0,0,0,5.25588E+20,6.07321E+21,9.39808E+15,5.48054E+16
91851,91852,1,0,3,0,2016,6,17,2,3,0,7,0,0,1,0,0,0,0,0,6.11243E+20,5.96641E+21,1.06904E+16,5.38343E+16
91852,91853,1,0,60,101,2016,7,6,6,3,0,7,0,1,0,1,0,0,0,0,5.803E+20,5.97467E+21,1.02225E+16,5.39142E+16
91853,91854,1,0,56,50,2016,6,13,3,3,1,5,0,0,0,1,0,0,0,1,5.47412E+20,5.93602E+21,9.71596E+15,5.35709E+16
91854,91855,1,0,2,0,2016,6,12,3,3,0,7,0,0,1,0,0,0,0,0,5.74469E+20,6.0215E+21,1.01453E+16,5.43359E+16
91855,91856,1,0,53,90,2016,7,7,4,3,5,3,0,1,1,1,0,0,0,0,6.12236E+20,5.94069E+21,1.06962E+16,5.3603E+16
91856,91857,1,0,58,43,2016,7,10,3,3,0,7,0,1,1,0,0,0,0,0,5.5408E+20,6.03622E+21,9.83448E+15,5.44708E+16
91857,91858,1,0,60,4,2016,7,9,2,3,6,3,0,0,0,1,1,0,0,0,5.579E+20,5.975E+21,9.88163E+15,5.39202E+16
91858,91859,1,0,60,63,2016,7,15,4,2,5,2,0,1,0,1,0,1,0,0,5.64425E+20,5.94655E+21,9.97502E+15,5.36638E+16
91859,91860,1,0,55,46,2016,7,7,2,2,0,1,0,0,1,0,0,0,0,0,6.43495E+20,6.03224E+21,1.12115E+16,5.44176E+16
91860,91861,1,0,58,43,2016,6,16,6,3,0,1,0,0,1,0,0,0,0,0,5.54373E+20,6.0357E+21,9.83891E+15,5.44661E+16
91861,91862,1,0,58,92,2016,6,13,6,2,0,1,0,0,0,0,0,1,0,0,5.70255E+20,6.0219E+21,1.00806E+16,5.43401E+16
91862,91863,1,0,3,0,2016,6,11,2,3,5,3,0,0,1,1,0,0,0,0,6.10371E+20,5.96836E+21,1.06779E+16,5.3852E+16
91863,91864,1,0,55,42,2016,7,9,7,3,0,1,0,0,1,0,0,0,0,0,6.16774E+20,5.98477E+21,1.07815E+16,5.3998E+16
91864,91865,1,0,59,75,2016,6,15,1,3,5,3,0,0,0,1,0,0,0,0,5.3649E+20,6.04168E+21,9.56375E+15,5.45214E+16
91865,91866,1,0,59,137,2016,7,19,6,2,8,7,0,0,0,0,0,1,0,0,5.41235E+20,6.07456E+21,9.64169E+15,5.48165E+16
91866,91867,1,0,58,77,2016,6,18,3,3,6,7,0,0,0,1,1,0,0,0,5.42501E+20,5.99369E+21,9.64978E+15,5.40896E+16
91867,91868,1,0,51,11,2016,6,16,7,3,5,3,0,1,0,1,0,0,0,0,5.06929E+20,5.97157E+21,9.10543E+15,5.38925E+16
91868,91869,1,0,56,36,2016,7,10,1,2,2,1,0,0,1,0,0,0,0,0,5.43541E+20,5.94679E+21,9.65902E+15,5.36681E+16
91869,91870,1,0,55,42,2016,7,8,2,3,2,6,0,0,0,1,0,0,0,0,6.16644E+20,5.98416E+21,1.07792E+16,5.39926E+16
91870,91871,1,0,60,63,2016,7,11,7,3,5,3,0,0,1,1,0,0,0,0,5.65111E+20,5.94843E+21,9.98579E+15,5.36806E+16
91871,91872,1,0,51,16,2016,7,18,3,3,0,1,0,0,1,0,0,0,0,0,5.16345E+20,5.98361E+21,9.24936E+15,5.40006E+16
91872,91873,1,0,58,92,2016,6,12,6,3,0,1,0,0,1,0,0,0,0,0,5.70272E+20,6.02199E+21,1.00809E+16,5.43409E+16
91873,91874,1,0,3,0,2016,7,8,4,3,0,1,0,1,1,0,0,0,0,0,6.11223E+20,5.97289E+21,1.06925E+16,5.38925E+16
91874,91875,1,0,57,39,2016,6,14,6,3,8,6,0,0,0,1,0,0,1,0,5.93215E+20,6.02061E+21,1.04333E+16,5.43249E+16
91875,91876,1,0,3,0,2016,6,7,2,3,3,6,0,0,1,0,0,0,0,0,6.09313E+20,5.96928E+21,1.06622E+16,5.38605E+16
91876,91877,1,0,62,11,2016,7,22,6,3,8,1,2,1,0,1,0,0,0,0,5.82749E+20,5.94045E+21,1.02507E+16,5.36063E+16
91877,91878,1,0,56,48,2016,6,16,7,3,5,3,0,1,0,1,0,0,0,0,5.47979E+20,5.94933E+21,9.72658E+15,5.36905E+16
91878,91879,1,0,58,43,2016,6,13,5,3,4,2,0,0,0,1,0,1,0,0,5.53609E+20,6.03642E+21,9.82724E+15,5.44726E+16
91879,91880,1,0,55,37,2016,7,9,1,2,4,6,0,0,0,1,0,0,0,1,6.19348E+20,6.00519E+21,1.08288E+16,5.41809E+16
91880,91881,1,0,54,19,2016,6,11,6,3,6,7,0,0,0,1,1,0,0,0,4.97645E+20,6.05229E+21,8.96353E+15,5.4618E+16
91881,91882,1,0,55,33,2016,7,10,7,3,8,1,0,1,0,0,0,1,0,0,6.24396E+20,6.01851E+21,1.09116E+16,5.42993E+16
91882,91883,1,0,54,168,2016,7,9,6,3,4,6,0,0,0,1,0,0,0,0,4.55423E+20,6.08378E+21,8.30487E+15,5.4899E+16
91883,91884,1,0,56,44,2016,6,17,4,3,5,3,0,0,0,1,0,0,0,0,5.53829E+20,5.93892E+21,9.81335E+15,5.35963E+16
91884,91885,1,0,3,0,2016,6,13,3,3,5,3,0,0,1,1,0,0,0,0,6.09888E+20,5.97277E+21,1.06721E+16,5.38917E+16
91885,91886,1,0,2,0,2016,7,9,5,3,1,5,0,0,1,1,0,0,0,0,5.73406E+20,6.01968E+21,1.01285E+16,5.43197E+16
91886,91887,1,0,53,90,2016,7,5,3,3,5,2,0,0,0,1,0,1,0,0,6.1114E+20,5.94253E+21,1.06803E+16,5.36198E+16
91887,91888,1,0,3,0,2016,7,6,6,3,5,2,0,0,1,1,0,0,0,0,6.10364E+20,5.97205E+21,1.06791E+16,5.38851E+16
91888,91889,1,0,60,63,2016,7,8,5,3,0,1,0,0,1,0,0,0,0,0,5.66447E+20,5.95381E+21,1.00072E+16,5.37287E+16
91889,91890,1,0,61,46,2016,7,11,3,3,2,6,0,0,0,1,0,0,0,0,5.3407E+20,5.97484E+21,9.51877E+15,5.39208E+16
91890,91891,1,0,53,90,2016,6,15,3,3,6,4,0,0,0,1,1,0,0,0,6.11923E+20,5.94195E+21,1.06919E+16,5.36144E+16
91891,91892,1,0,56,50,2016,7,13,7,3,1,5,0,0,1,1,0,0,0,1,5.47015E+20,5.93665E+21,9.71006E+15,5.35766E+16
91892,91893,1,0,56,44,2016,6,12,5,3,2,6,0,0,0,1,0,0,0,0,5.54775E+20,5.93929E+21,9.82771E+15,5.35996E+16
91893,91894,1,0,51,137,2016,7,23,6,2,8,1,2,1,0,1,0,0,0,0,5.01995E+20,5.99551E+21,9.03051E+15,5.41078E+16
91894,91895,1,0,1,0,2016,6,9,4,3,0,7,0,1,0,0,0,1,0,0,5.27924E+20,6.06975E+21,9.4341E+15,5.47742E+16
91895,91896,1,0,53,116,2016,7,15,4,3,5,3,0,0,0,1,0,0,1,0,5.99858E+20,5.92961E+21,1.05057E+16,5.35059E+16
91896,91897,1,0,55,16,2016,7,13,3,3,3,6,0,0,1,1,0,0,0,0,6.27871E+20,6.00212E+21,1.0958E+16,5.41512E+16
91897,91898,1,0,57,56,2016,7,15,3,3,5,2,0,1,0,1,0,0,0,1,5.8555E+20,6.02492E+21,1.03167E+16,5.43649E+16
91898,91899,1,0,53,3,2016,7,14,2,3,6,7,0,0,0,1,1,0,0,0,5.88821E+20,5.9313E+21,1.03398E+16,5.35231E+16
91899,91900,1,0,57,42,2016,7,14,1,2,4,6,0,0,0,1,0,1,0,0,5.80724E+20,6.00655E+21,1.02375E+16,5.42006E+16
91900,91901,1,0,60,44,2016,6,20,5,3,8,7,0,0,0,0,0,1,0,0,5.64427E+20,5.96543E+21,9.97898E+15,5.38334E+16
91901,91902,1,0,51,44,2016,7,10,1,3,0,7,0,0,0,0,0,1,0,0,5.06587E+20,6.00527E+21,9.10096E+15,5.41954E+16
91902,91903,1,0,60,63,2016,6,10,5,3,2,6,0,0,0,1,0,1,0,0,5.64769E+20,5.9495E+21,9.98083E+15,5.36902E+16
91903,91904,1,0,56,15,2016,7,16,6,3,5,3,0,1,1,1,0,0,0,0,5.4419E+20,5.95502E+21,9.67001E+15,5.37419E+16
91904,91905,1,0,55,33,2016,7,12,6,3,1,6,0,0,0,1,0,0,0,0,6.23019E+20,6.01766E+21,1.08901E+16,5.4292E+16
91905,91906,1,0,56,50,2016,6,7,3,3,5,3,0,0,1,1,0,0,0,0,5.47002E+20,5.93813E+21,9.71008E+15,5.35899E+16
91906,91907,1,0,54,168,2016,6,18,3,3,2,6,0,0,0,1,0,0,0,0,4.55555E+20,6.08458E+21,8.30681E+15,5.49063E+16
91907,91908,1,0,3,0,2016,7,8,4,3,4,6,0,0,1,1,0,0,0,0,6.22623E+20,5.98066E+21,1.0869E+16,5.39597E+16
91908,91909,1,0,54,76,2016,7,20,3,2,5,3,0,0,1,1,0,0,0,0,4.97184E+20,6.06921E+21,8.95623E+15,5.47701E+16
91909,91910,1,0,53,37,2016,7,11,4,3,9,1,0,0,0,0,0,1,0,0,6.11637E+20,5.9367E+21,1.06857E+16,5.35673E+16
91910,91911,1,0,4,0,2016,7,7,2,3,6,4,0,0,1,0,1,0,0,0,5.64197E+20,5.99246E+21,9.98118E+15,5.40763E+16
91911,91912,1,0,55,32,2016,6,10,5,3,3,2,0,0,1,1,0,0,0,0,6.17258E+20,5.99604E+21,1.07932E+16,5.40991E+16
91912,91913,1,0,55,46,2016,6,16,5,3,8,7,0,0,0,0,0,1,0,0,6.32946E+20,6.04271E+21,1.10537E+16,5.45145E+16
91913,91914,1,0,58,92,2016,6,11,2,3,0,1,0,0,1,0,0,0,0,0,5.70274E+20,6.02201E+21,1.0081E+16,5.43411E+16
91914,91915,1,0,61,46,2016,7,18,6,3,5,3,0,1,0,1,0,0,0,0,5.33163E+20,5.97607E+21,9.5051E+15,5.39319E+16
91915,91916,1,0,60,63,2016,6,3,7,3,0,7,2,1,1,0,0,0,0,0,5.63695E+20,5.94878E+21,9.96443E+15,5.36839E+16
91916,91917,1,0,51,26,2016,6,10,5,3,8,1,0,1,0,1,0,0,0,0,5.17231E+20,5.98864E+21,9.26317E+15,5.40457E+16
91917,91918,1,0,58,22,2016,6,11,3,3,5,3,0,0,1,0,0,0,0,1,5.66524E+20,6.00426E+21,1.00193E+16,5.41821E+16
91918,91919,1,0,58,135,2016,6,20,2,3,0,7,1,1,0,1,0,0,0,0,5.44177E+20,6.0173E+21,9.67888E+15,5.43017E+16
91919,91920,1,0,55,39,2016,7,13,6,3,0,7,0,1,1,0,0,0,0,0,6.15795E+20,5.99237E+21,1.07694E+16,5.40665E+16
91920,91921,1,0,2,0,2016,7,9,6,3,5,3,0,1,1,0,0,0,0,0,5.74701E+20,6.01858E+21,1.01482E+16,5.43096E+16
91921,91922,1,0,58,43,2016,6,9,3,3,5,3,0,0,0,1,0,0,0,0,5.52894E+20,6.03744E+21,9.8164E+15,5.44818E+16
91922,91923,1,0,61,46,2016,6,17,2,3,5,3,0,1,1,1,0,0,0,0,5.33235E+20,5.97618E+21,9.50621E+15,5.39329E+16
91923,91924,1,0,56,2,2016,6,15,7,3,0,1,0,1,0,0,0,1,0,0,5.50028E+20,5.96039E+21,9.7594E+15,5.37897E+16
91924,91925,1,0,56,13,2016,7,12,2,3,5,3,0,0,1,1,0,0,0,0,5.59411E+20,5.94432E+21,9.89872E+15,5.36443E+16
91925,91926,1,0,4,0,2016,7,14,4,3,5,3,0,0,0,1,0,1,0,0,5.63808E+20,5.98957E+21,9.97463E+15,5.40504E+16
91926,91927,1,0,3,0,2016,6,14,5,2,5,3,0,0,1,1,0,0,0,0,6.1076E+20,5.97033E+21,1.06845E+16,5.38696E+16
91927,91928,1,0,57,73,2016,6,17,2,3,2,6,0,0,1,1,0,0,0,0,5.89187E+20,6.02786E+21,1.03735E+16,5.43906E+16
91928,91929,1,0,3,0,2016,7,8,6,3,5,3,0,0,1,1,0,0,0,0,6.11699E+20,5.97159E+21,1.06993E+16,5.38808E+16
91929,91930,1,0,3,0,2016,7,7,4,3,5,3,0,1,0,1,0,0,0,0,6.11143E+20,5.9709E+21,1.06906E+16,5.38747E+16
91930,91931,1,0,3,0,2016,6,22,3,3,5,3,1,0,0,1,0,0,0,0,6.23045E+20,5.98143E+21,1.08757E+16,5.39666E+16
91931,91932,1,0,58,43,2016,6,16,5,2,3,6,0,1,1,1,0,0,0,0,5.53531E+20,6.03841E+21,9.82641E+15,5.44905E+16
91932,91933,1,0,54,5,2016,7,12,1,3,8,1,0,0,1,0,0,0,0,0,4.68399E+20,6.06262E+21,8.50953E+15,5.47099E+16
91933,91934,1,0,55,41,2016,6,14,5,3,3,6,0,0,1,0,0,0,0,0,6.12127E+20,5.99454E+21,1.07142E+16,5.40868E+16
91934,91935,1,0,62,61,2016,6,10,7,3,6,4,0,1,0,1,1,0,0,0,5.98865E+20,5.96481E+21,1.05019E+16,5.38224E+16
91935,91936,1,0,62,1,2016,7,0,1,3,0,2,2,1,1,0,0,0,0,0,5.80934E+20,5.94791E+21,1.02252E+16,5.36737E+16
91936,91937,1,0,4,0,2016,7,14,2,3,5,3,0,0,1,1,0,0,0,0,5.63504E+20,5.99238E+21,9.97057E+15,5.40757E+16
91937,91938,1,0,53,116,2016,7,12,7,3,5,3,0,0,0,1,0,1,0,0,5.98773E+20,5.92918E+21,1.04892E+16,5.35023E+16
91938,91939,1,0,56,39,2016,7,11,3,3,5,3,0,0,1,1,0,0,0,0,5.5361E+20,5.94552E+21,9.81119E+15,5.36557E+16
91939,91940,1,0,55,40,2016,6,12,5,3,3,6,0,0,1,0,0,0,0,0,6.0794E+20,5.97305E+21,1.06426E+16,5.38947E+16
91940,91941,1,0,4,0,2016,7,10,6,3,1,5,0,0,1,1,0,0,0,0,5.63508E+20,5.98985E+21,9.9701E+15,5.4053E+16
91941,91942,1,0,51,130,2016,6,13,4,3,5,3,0,0,1,1,0,0,0,0,5.06096E+20,6.00662E+21,9.09347E+15,5.42076E+16
91942,91943,1,0,3,0,2016,7,12,5,3,2,6,0,0,1,1,0,0,0,0,6.10921E+20,5.96961E+21,1.06867E+16,5.38632E+16
91943,91944,1,0,56,39,2016,7,16,3,3,5,2,0,1,1,1,0,0,0,0,5.54372E+20,5.94472E+21,9.82258E+15,5.36484E+16
91944,91945,1,0,55,39,2016,6,11,5,3,0,7,0,0,1,0,0,0,0,0,6.15449E+20,5.99186E+21,1.0764E+16,5.4062E+16
91945,91946,1,0,56,48,2016,7,7,6,3,0,5,0,0,1,1,0,0,0,0,5.46488E+20,5.94947E+21,9.70402E+15,5.36919E+16
91946,91947,1,0,51,13,2016,6,11,3,3,5,3,0,0,1,0,0,0,0,0,4.90955E+20,5.99837E+21,8.86157E+15,5.41334E+16
91947,91948,1,0,60,63,2016,6,9,2,3,5,2,0,0,1,1,0,0,0,0,5.64273E+20,5.94681E+21,9.97277E+15,5.36661E+16
91948,91949,1,0,58,135,2016,7,8,7,3,5,3,0,1,0,1,0,0,0,0,5.45201E+20,6.01741E+21,9.69462E+15,5.43026E+16
91949,91950,1,0,60,63,2016,7,20,5,3,0,1,0,0,0,0,0,1,0,0,5.65064E+20,5.94828E+21,9.98505E+15,5.36792E+16
91950,91951,1,0,55,39,2016,6,15,4,3,5,3,0,0,1,1,0,0,0,0,6.15497E+20,5.99197E+21,1.07647E+16,5.4063E+16
91951,91952,1,0,58,138,2016,6,10,3,3,0,7,0,0,1,0,0,0,0,0,5.65485E+20,6.01576E+21,1.00059E+16,5.42855E+16
91952,91953,1,0,56,15,2016,7,9,4,3,5,3,0,1,1,1,0,0,0,0,5.4413E+20,5.95408E+21,9.66897E+15,5.37335E+16
91953,91954,1,0,55,25,2016,7,0,3,3,6,7,2,0,0,1,1,0,0,0,6.34072E+20,6.0059E+21,1.10545E+16,5.41836E+16
91954,91955,1,0,60,63,2016,7,23,2,2,8,1,2,1,0,1,0,0,0,0,5.67242E+20,5.95153E+21,1.00187E+16,5.37081E+16
91955,91956,1,0,53,100,2016,7,2,1,3,1,5,2,0,0,1,0,0,0,0,6.18541E+20,5.95142E+21,1.07955E+16,5.3698E+16
91956,91957,1,0,2,0,2016,6,11,5,3,5,3,0,0,0,1,0,1,0,0,5.68769E+20,6.0205E+21,1.00575E+16,5.43277E+16
91957,91958,1,0,60,63,2016,6,14,1,3,2,6,0,0,0,1,0,0,0,0,5.65231E+20,5.94517E+21,9.98693E+15,5.36512E+16
91958,91959,1,0,3,0,2016,7,18,6,3,6,4,0,1,0,1,1,0,0,0,6.11083E+20,5.9704E+21,1.06895E+16,5.38701E+16
91959,91960,1,0,55,42,2016,7,7,6,3,0,7,0,0,1,1,0,0,0,0,6.18986E+20,5.9843E+21,1.0815E+16,5.39933E+16
91960,91961,1,0,1,0,2016,6,15,3,3,0,1,0,0,1,0,0,0,0,0,5.29727E+20,6.07239E+21,9.4624E+15,5.47978E+16
91961,91962,1,0,62,1,2016,6,17,3,3,5,3,0,0,1,1,0,0,0,0,5.81232E+20,5.94863E+21,1.02299E+16,5.36801E+16
91962,91963,1,0,56,41,2016,6,18,2,3,5,3,0,1,0,1,0,0,0,1,5.61667E+20,5.9555E+21,9.93507E+15,5.37445E+16
91963,91964,1,0,3,0,2016,6,18,7,3,3,1,0,1,0,1,0,0,0,0,6.10477E+20,5.96994E+21,1.06801E+16,5.38662E+16
91964,91965,1,0,54,168,2016,7,11,3,3,5,2,0,0,1,1,0,0,0,0,4.56227E+20,6.08563E+21,8.31713E+15,5.49158E+16
91965,91966,1,0,3,0,2016,7,12,4,3,0,7,0,1,0,1,0,1,0,0,6.10601E+20,5.97033E+21,1.06821E+16,5.38697E+16
91966,91967,1,0,1,0,2016,6,7,5,3,5,2,0,0,1,0,0,0,0,1,5.27835E+20,6.07043E+21,9.43278E+15,5.47803E+16
91967,91968,1,0,53,129,2016,7,20,4,3,0,7,0,0,1,0,0,0,0,0,5.83309E+20,5.92764E+21,1.02557E+16,5.34911E+16