FID,OBJECTID,ULAND,UREGBEZ,UKREIS,UGEMEINDE,UJAHR,UMONAT,USTUNDE,UWOCHENTAG,UKATEGORIE,UART,UTYP1,ULICHTVERH,IstStrasse,IstRad,IstPKW,IstFuss,IstKrad,IstGkfz,IstSonstig,LINREFX,LINREFY,XGCSWGS84,YGCSWGS84
91968,91969,1,0,3,0,2016,7,14,3,2,2,6,0,0,0,1,0,1,0,0,6.10728E+20,5.96996E+21,1.06839E+16,5.38663E+16
91969,91970,1,0,61,46,2016,7,6,2,3,0,7,0,0,1,0,0,0,0,0,5.34367E+20,5.97536E+21,9.52337E+15,5.39255E+16
91970,91971,1,0,56,39,2016,7,7,4,3,5,3,0,0,1,1,0,0,0,0,5.51308E+20,5.94489E+21,9.77625E+15,5.36503E+16
91971,91972,1,0,55,21,2016,7,9,2,3,0,1,0,1,1,0,0,0,0,0,6.27742E+20,6.02677E+21,1.09665E+16,5.43727E+16
91972,91973,1,0,60,63,2016,6,19,4,3,0,1,0,0,1,0,0,0,0,0,5.65403E+20,5.94894E+21,9.99032E+15,5.36851E+16
91973,91974,1,0,60,5,2016,6,15,1,3,3,2,0,0,1,1,0,0,0,0,5.85839E+20,5.9774E+21,1.03076E+16,5.39378E+16
91974,91975,1,0,55,32,2016,6,18,7,2,6,4,0,1,1,0,1,0,0,0,6.19622E+20,5.99587E+21,1.08293E+16,5.40971E+16
91975,91976,1,0,57,91,2016,7,12,6,3,8,1,0,0,0,1,0,0,0,0,5.78534E+20,6.0167E+21,1.02066E+16,5.42922E+16
91976,91977,1,0,56,44,2016,6,16,2,3,5,3,0,0,1,0,0,0,0,1,5.54568E+20,5.93938E+21,9.8246E+15,5.36004E+16
91977,91978,1,0,56,39,2016,6,17,2,3,0,7,0,0,1,0,0,0,0,0,5.52631E+20,5.94562E+21,9.79639E+15,5.36567E+16
91978,91979,1,0,55,46,2016,6,13,7,3,0,1,0,0,1,0,0,0,0,0,6.44011E+20,6.04179E+21,1.12241E+16,5.45033E+16
91979,91980,1,0,54,168,2016,7,16,2,3,6,4,0,0,0,1,1,0,0,0,4.5576E+20,6.08506E+21,8.30993E+15,5.49106E+16
91980,91981,1,0,3,0,2016,7,18,2,3,0,7,0,0,1,0,0,0,0,0,6.18953E+20,5.97535E+21,1.0811E+16,5.39129E+16
91981,91982,1,0,56,50,2016,7,15,7,3,6,4,0,0,1,0,1,0,0,0,5.46435E+20,5.93608E+21,9.70123E+15,5.35715E+16
91982,91983,1,0,54,113,2016,7,13,4,3,5,2,0,0,0,1,0,0,0,0,4.77057E+20,6.01763E+21,8.6474E+15,5.4306E+16
91983,91984,1,0,60,63,2016,6,8,4,3,8,1,0,0,0,0,0,1,0,0,5.65227E+20,5.94519E+21,9.98686E+15,5.36514E+16
91984,91985,1,0,55,42,2016,7,11,6,3,0,1,0,0,1,0,0,0,0,0,6.16107E+20,5.98464E+21,1.07713E+16,5.3997E+16
91985,91986,1,0,56,32,2016,7,6,5,3,5,3,0,1,1,1,0,0,0,0,5.52419E+20,5.94861E+21,9.79369E+15,5.36835E+16
91986,91987,1,0,56,15,2016,6,9,1,3,5,3,0,0,0,1,0,0,0,0,5.4419E+20,5.95487E+21,9.67E+15,5.37406E+16
91987,91988,1,0,53,90,2016,7,11,6,3,5,3,0,0,1,1,0,0,0,0,6.11547E+20,5.94207E+21,1.06863E+16,5.36155E+16
91988,91989,1,0,1,0,2016,6,11,7,3,5,3,0,1,1,1,0,0,0,0,5.30735E+20,6.0724E+21,9.47808E+15,5.47978E+16
91989,91990,1,0,56,43,2016,6,7,5,3,5,3,0,0,1,0,0,0,0,0,5.58208E+20,5.94203E+21,9.8801E+15,5.36238E+16
91990,91991,1,0,53,83,2016,7,14,1,3,8,1,0,0,0,0,0,1,0,0,6.03168E+20,5.91515E+21,1.05508E+16,5.33754E+16
91991,91992,1,0,53,32,2016,7,7,3,3,5,7,0,0,1,1,0,0,0,0,5.90887E+20,5.92223E+21,1.03683E+16,5.34413E+16
91992,91993,1,0,60,63,2016,6,7,4,3,2,6,0,0,0,1,0,0,0,0,5.65708E+20,5.95458E+21,9.99613E+15,5.37357E+16
91993,91994,1,0,62,1,2016,7,13,7,3,5,3,0,0,1,1,0,0,0,0,5.81185E+20,5.94801E+21,1.0229E+16,5.36745E+16
91994,91995,1,0,2,0,2016,7,16,6,3,6,4,0,1,1,0,1,0,0,0,5.73711E+20,6.02187E+21,1.01338E+16,5.43393E+16
91995,91996,1,0,60,63,2016,6,6,4,3,5,3,0,1,1,0,0,0,0,0,5.65733E+20,5.95244E+21,9.99605E+15,5.37165E+16
91996,91997,1,0,58,135,2016,7,18,5,3,2,6,0,0,0,1,0,0,0,0,5.4373E+20,6.0174E+21,9.67202E+15,5.43026E+16
91997,91998,1,0,60,5,2016,7,14,3,3,6,6,0,1,0,1,1,0,0,0,5.86143E+20,5.9771E+21,1.03122E+16,5.39352E+16
91998,91999,1,0,2,0,2016,7,12,2,3,5,3,0,1,0,1,0,0,0,0,5.7369E+20,6.0221E+21,1.01335E+16,5.43414E+16
91999,92000,1,0,54,76,2016,7,7,4,3,4,6,0,1,0,1,0,1,0,0,4.98424E+20,6.0689E+21,8.9755E+15,5.47673E+16
92000,92001,1,0,54,168,2016,6,11,5,3,0,7,0,1,0,1,0,0,0,0,4.59408E+20,6.08358E+21,8.36704E+15,5.48976E+16
92001,92002,1,0,56,35,2016,7,0,7,3,9,1,2,1,0,1,0,0,0,0,5.50966E+20,5.96607E+21,9.77457E+15,5.38407E+16
92002,92003,1,0,60,63,2016,6,11,4,3,0,6,0,0,0,1,0,1,0,0,5.6535E+20,5.95092E+21,9.98993E+15,5.37029E+16
92003,92004,1,0,2,0,2016,7,15,7,3,2,6,0,1,0,1,0,0,0,0,5.70127E+20,6.02321E+21,1.0079E+16,5.43519E+16
92004,92005,1,0,2,0,2016,6,18,4,3,5,3,0,0,1,1,0,0,0,0,5.76029E+20,6.02781E+21,1.01709E+16,5.43924E+16
92005,92006,1,0,62,46,2016,7,17,4,3,5,3,0,0,1,0,0,0,0,1,5.94954E+20,5.96349E+21,1.04421E+16,5.38113E+16
92006,92007,1,0,55,16,2016,7,14,3,3,6,3,0,0,0,1,1,0,0,0,6.28133E+20,6.00199E+21,1.09619E+16,5.415E+16
92007,92008,1,0,57,55,2016,7,10,3,2,5,3,0,0,0,1,0,1,0,0,6.00811E+20,6.02261E+21,1.05507E+16,5.43413E+16
92008,92009,1,0,60,63,2016,7,15,2,2,5,7,0,0,1,0,0,0,0,0,5.66294E+20,5.9517E+21,1.00044E+16,5.37098E+16
92009,92010,1,0,3,0,2016,7,2,1,2,0,7,2,0,1,0,0,0,0,0,6.10606E+20,5.97066E+21,1.06823E+16,5.38726E+16
92010,92011,1,0,60,63,2016,6,11,4,3,0,1,0,0,1,0,0,0,0,0,5.64476E+20,5.94832E+21,9.97615E+15,5.36796E+16
92011,92012,1,0,56,18,2016,6,19,1,3,8,1,0,0,0,0,0,1,0,0,5.56445E+20,5.94312E+21,9.85364E+15,5.36338E+16
92012,92013,1,0,62,18,2016,6,8,4,3,0,1,0,0,1,0,0,0,0,0,5.80811E+20,5.93494E+21,1.02199E+16,5.35571E+16
92013,92014,1,0,60,5,2016,7,9,6,3,5,3,0,0,0,0,0,1,0,1,5.86453E+20,5.97604E+21,1.03166E+16,5.39255E+16
92014,92015,1,0,56,15,2016,6,14,3,3,5,3,0,0,1,1,0,0,0,0,5.43579E+20,5.95505E+21,9.66076E+15,5.37423E+16
92015,92016,1,0,53,32,2016,6,18,2,3,5,3,0,0,1,1,0,0,0,0,5.89207E+20,5.92224E+21,1.0343E+16,5.34416E+16
92016,92017,1,0,55,44,2016,7,12,4,3,6,4,0,0,1,0,1,0,0,0,6.15009E+20,5.98817E+21,1.07558E+16,5.40289E+16
92017,92018,1,0,2,0,2016,7,5,3,3,4,6,0,1,1,1,0,0,0,0,5.72949E+20,6.01764E+21,1.0121E+16,5.43015E+16
92018,92019,1,0,53,100,2016,7,13,4,3,0,1,0,1,0,0,0,1,0,0,6.1775E+20,5.95134E+21,1.07835E+16,5.36975E+16
92019,92020,1,0,55,32,2016,7,11,2,3,0,7,0,0,1,0,0,0,0,0,6.18601E+20,5.99705E+21,1.08141E+16,5.41079E+16
92020,92021,1,0,55,33,2016,6,17,4,3,5,2,0,0,0,1,0,0,0,0,6.24351E+20,6.01785E+21,1.09106E+16,5.42934E+16
92021,92022,1,0,3,0,2016,6,13,4,3,6,4,0,0,0,1,1,0,0,0,6.18539E+20,5.97531E+21,1.08047E+16,5.39126E+16
92022,92023,1,0,56,21,2016,6,21,1,3,0,7,0,0,1,0,0,0,0,0,5.60701E+20,5.95005E+21,9.91936E+15,5.36956E+16
92023,92024,1,0,54,84,2016,7,23,7,2,0,1,2,1,1,0,0,0,0,0,5.06557E+20,6.0352E+21,9.10117E+15,5.44644E+16
92024,92025,1,0,61,113,2016,6,11,6,3,5,3,0,0,1,0,0,0,0,0,5.24737E+20,5.9746E+21,9.37665E+15,5.39193E+16
92025,92026,1,0,61,42,2016,6,9,5,3,5,3,0,1,0,1,0,0,0,0,5.40404E+20,5.97967E+21,9.61585E+15,5.39638E+16
92026,92027,1,0,56,41,2016,6,18,2,3,8,7,0,1,0,1,0,0,0,0,5.64363E+20,5.95587E+21,9.97601E+15,5.37475E+16
92027,92028,1,0,51,11,2016,6,14,6,2,4,6,0,0,1,0,0,0,0,0,5.07445E+20,5.9716E+21,9.11329E+15,5.38928E+16
92028,92029,1,0,62,9,2016,7,15,1,3,5,3,0,0,1,1,0,0,0,0,5.78306E+20,5.93621E+21,1.01824E+16,5.35689E+16
92029,92030,1,0,3,0,2016,7,17,2,3,2,6,0,0,1,0,0,0,0,0,6.10659E+20,5.96996E+21,1.06829E+16,5.38663E+16
92030,92031,1,0,60,63,2016,7,14,7,3,2,6,0,0,0,1,0,1,0,0,5.65653E+20,5.95521E+21,9.99544E+15,5.37414E+16
92031,92032,1,0,56,15,2016,7,18,3,3,2,6,0,1,0,1,0,0,0,0,5.42868E+20,5.95576E+21,9.65007E+15,5.37487E+16
92032,92033,1,0,55,33,2016,7,13,6,3,0,7,0,0,1,0,0,0,0,0,6.2367E+20,6.01835E+21,1.09004E+16,5.42981E+16
92033,92034,1,0,58,135,2016,7,14,6,3,0,7,0,0,1,0,0,0,0,0,5.43009E+20,6.01786E+21,9.661E+15,5.43068E+16
92034,92035,1,0,60,63,2016,6,19,2,3,0,7,0,1,1,0,0,0,0,0,5.6574E+20,5.9521E+21,9.99609E+15,5.37134E+16
92035,92036,1,0,62,1,2016,6,12,2,3,5,3,0,0,1,0,0,0,0,1,5.81084E+20,5.94483E+21,1.02266E+16,5.3646E+16
92036,92037,1,0,56,15,2016,6,15,6,3,5,3,0,0,1,1,0,0,0,0,5.43492E+20,5.95537E+21,9.65949E+15,5.37452E+16
92037,92038,1,0,56,39,2016,7,10,2,3,6,7,0,0,1,0,1,0,0,0,5.51958E+20,5.94523E+21,9.78614E+15,5.36532E+16
92038,92039,1,0,3,0,2016,7,2,4,3,0,7,2,0,0,1,0,0,0,0,6.10485E+20,5.97066E+21,1.06805E+16,5.38726E+16
92039,92040,1,0,58,107,2016,6,13,4,3,1,5,0,0,1,1,0,0,0,0,5.6956E+20,6.0148E+21,1.00683E+16,5.42764E+16
92040,92041,1,0,3,0,2016,6,12,1,3,5,3,0,0,0,1,0,0,0,0,6.10364E+20,5.97205E+21,1.06791E+16,5.38852E+16
92041,92042,1,0,3,0,2016,7,15,6,3,5,2,0,1,0,1,0,1,0,0,6.10625E+20,5.97057E+21,1.06826E+16,5.38718E+16
92042,92043,1,0,55,28,2016,7,18,4,3,0,1,0,0,1,1,0,0,0,0,6.01182E+20,6.00275E+21,1.05497E+16,5.41628E+16
92043,92044,1,0,58,135,2016,6,12,5,3,5,3,0,0,1,1,0,0,0,0,5.42569E+20,6.01815E+21,9.65428E+15,5.43094E+16
92044,92045,1,0,54,56,2016,7,3,1,3,5,3,2,1,0,1,0,0,0,0,5.05593E+20,6.0384E+21,9.08635E+15,5.44932E+16
92045,92046,1,0,58,101,2016,6,16,4,3,5,3,0,0,1,1,0,0,0,0,5.45487E+20,6.00337E+21,9.69689E+15,5.41764E+16
92046,92047,1,0,2,0,2016,6,16,4,3,5,2,0,0,0,1,0,0,0,1,5.74828E+20,6.02132E+21,1.01508E+16,5.43343E+16
92047,92048,1,0,3,0,2016,6,7,1,3,4,6,0,0,0,1,0,0,0,0,6.11055E+20,5.9677E+21,1.06881E+16,5.38459E+16
92048,92049,1,0,58,34,2016,7,4,6,3,5,3,1,0,1,1,0,0,0,0,5.43547E+20,6.01884E+21,9.66941E+15,5.43155E+16
92049,92050,1,0,61,46,2016,6,16,4,3,4,6,0,1,0,1,0,1,0,0,5.35703E+20,5.97567E+21,9.54374E+15,5.39282E+16
92050,92051,1,0,3,0,2016,7,13,5,2,5,3,0,0,1,1,0,0,0,0,6.09549E+20,5.97072E+21,1.06663E+16,5.38734E+16
92051,92052,1,0,61,46,2016,7,15,3,3,5,2,0,1,1,1,0,0,0,0,5.33934E+20,5.9753E+21,9.51676E+15,5.3925E+16
92052,92053,1,0,60,63,2016,7,22,7,3,9,1,2,0,0,1,0,0,0,0,5.66638E+20,5.95085E+21,1.00094E+16,5.37021E+16
92053,92054,1,0,1,0,2016,6,11,4,3,4,6,0,0,1,0,0,0,0,0,5.27108E+20,6.07116E+21,9.42154E+15,5.47869E+16
92054,92055,1,0,61,46,2016,7,15,6,3,0,7,0,0,1,0,0,0,0,0,5.34204E+20,5.97487E+21,9.52083E+15,5.39211E+16
92055,92056,1,0,54,56,2016,6,17,4,3,5,3,0,0,1,1,0,0,0,0,5.05046E+20,6.03821E+21,9.07791E+15,5.44915E+16
92056,92057,1,0,55,28,2016,6,13,2,3,0,1,0,0,1,0,0,0,0,0,6.01997E+20,6.00464E+21,1.05628E+16,5.41797E+16
92057,92058,1,0,53,32,2016,7,14,4,3,5,3,0,0,1,1,0,0,0,0,5.91307E+20,5.92279E+21,1.03748E+16,5.34462E+16
92058,92059,1,0,3,0,2016,7,17,3,3,0,7,0,0,1,0,0,0,0,0,6.10546E+20,5.96995E+21,1.06811E+16,5.38663E+16
92059,92060,1,0,2,0,2016,7,8,3,3,5,3,0,0,1,1,0,0,0,0,5.73923E+20,6.01796E+21,1.01361E+16,5.43042E+16
92060,92061,1,0,53,32,2016,7,15,2,3,5,3,0,0,0,1,0,0,0,0,5.89108E+20,5.92151E+21,1.03413E+16,5.34351E+16
92061,92062,1,0,58,148,2016,7,10,7,3,9,7,0,1,0,1,0,0,0,0,5.41241E+20,6.01256E+21,9.63311E+15,5.42594E+16
92062,92063,1,0,54,168,2016,7,7,6,3,5,3,0,0,1,1,0,0,0,0,4.55878E+20,6.08549E+21,8.31171E+15,5.49145E+16
92063,92064,1,0,53,32,2016,6,9,4,3,1,5,0,1,1,1,0,0,0,0,5.91193E+20,5.92129E+21,1.03727E+16,5.34327E+16
92064,92065,1,0,4,0,2016,6,21,3,2,0,7,0,0,1,0,0,0,0,0,5.65112E+20,5.99493E+21,9.9957E+15,5.40984E+16
92065,92066,1,0,51,44,2016,7,13,4,2,5,3,0,0,0,1,0,1,0,0,5.08111E+20,6.00524E+21,9.12432E+15,5.41952E+16
92066,92067,1,0,53,32,2016,7,10,3,3,2,6,0,0,0,1,0,0,0,0,5.91209E+20,5.92172E+21,1.0373E+16,5.34366E+16
92067,92068,1,0,56,50,2016,7,13,2,3,0,1,0,0,1,0,0,0,0,0,5.46386E+20,5.936E+21,9.70047E+15,5.35708E+16
92068,92069,1,0,60,63,2016,7,0,1,3,4,6,2,0,1,1,0,0,0,0,5.65834E+20,5.95328E+21,9.99777E+15,5.3724E+16
92069,92070,1,0,59,112,2016,6,17,4,2,8,1,0,0,1,0,0,0,0,0,5.57233E+20,6.06709E+21,9.88915E+15,5.47478E+16
92070,92071,1,0,62,4,2016,7,15,6,2,6,4,0,1,0,1,1,0,0,0,5.91221E+20,5.96406E+21,1.03856E+16,5.3817E+16
92071,92072,1,0,55,12,2016,7,14,6,3,2,6,0,0,0,1,0,0,0,0,6.06165E+20,5.99906E+21,1.06247E+16,5.41287E+16
92072,92073,1,0,60,63,2016,6,17,3,3,5,3,0,0,1,1,0,0,0,0,5.662E+20,5.95114E+21,1.00029E+16,5.37048E+16
92073,92074,1,0,55,32,2016,6,7,2,3,4,2,0,0,0,1,0,0,0,1,6.20003E+20,5.99663E+21,1.08354E+16,5.41038E+16
92074,92075,1,0,53,129,2016,6,7,6,3,0,1,0,0,1,0,0,0,0,0,5.83384E+20,5.92806E+21,1.02569E+16,5.34948E+16
92075,92076,1,0,54,78,2016,7,15,3,3,0,1,0,0,1,0,0,0,0,0,4.64E+20,6.09688E+21,8.43698E+15,5.50174E+16
92076,92077,1,0,62,4,2016,7,10,4,2,1,7,0,0,1,0,0,0,0,1,5.89706E+20,5.96214E+21,1.0362E+16,5.38001E+16
92077,92078,1,0,51,44,2016,6,14,3,3,5,6,0,0,1,0,0,0,0,0,5.05658E+20,6.00505E+21,9.08673E+15,5.41935E+16
92078,92079,1,0,51,44,2016,6,10,3,3,5,2,0,0,1,1,0,0,0,0,5.06399E+20,6.00475E+21,9.09806E+15,5.41908E+16
92079,92080,1,0,58,140,2016,6,17,1,2,5,3,0,0,0,1,0,1,0,0,5.4739E+20,6.01887E+21,9.72849E+15,5.43155E+16
92080,92081,1,0,56,39,2016,6,20,3,3,0,7,0,0,1,0,0,0,0,0,5.53385E+20,5.94473E+21,9.80765E+15,5.36486E+16
92081,92082,1,0,2,0,2016,6,20,1,2,0,1,0,0,1,0,0,0,0,0,5.76773E+20,6.02058E+21,1.01805E+16,5.43273E+16
92082,92083,1,0,53,32,2016,6,17,6,3,6,7,0,0,0,1,1,0,0,0,5.90489E+20,5.92389E+21,1.03628E+16,5.34562E+16
92083,92084,1,0,2,0,2016,7,20,6,3,1,5,0,1,0,1,0,1,0,0,5.7247E+20,6.01907E+21,1.0114E+16,5.43143E+16
92084,92085,1,0,55,32,2016,6,16,2,3,4,2,0,0,1,1,0,0,0,0,6.17238E+20,5.99598E+21,1.07929E+16,5.40986E+16
92085,92086,1,0,3,0,2016,6,15,2,3,6,7,0,0,1,0,1,0,0,0,6.11179E+20,5.96814E+21,1.06901E+16,5.38499E+16
92086,92087,1,0,3,0,2016,6,16,6,3,5,3,0,0,0,1,0,0,0,0,6.11259E+20,5.96911E+21,1.06917E+16,5.38585E+16
92087,92088,1,0,62,11,2016,7,10,2,2,5,3,0,0,0,0,0,1,0,1,5.81907E+20,5.94191E+21,1.02383E+16,5.36196E+16
92088,92089,1,0,4,0,2016,7,7,4,3,0,3,0,0,0,1,0,0,0,1,5.64165E+20,5.9924E+21,9.98067E+15,5.40758E+16
92089,92090,1,0,56,39,2016,6,20,3,3,5,2,0,0,1,0,0,0,0,1,5.53966E+20,5.9444E+21,9.81637E+15,5.36456E+16
92090,92091,1,0,2,0,2016,6,17,1,3,5,3,0,0,1,1,0,0,0,0,5.74526E+20,6.01867E+21,1.01455E+16,5.43104E+16
92091,92092,1,0,55,44,2016,7,17,6,3,2,6,0,1,1,1,0,0,0,0,6.14283E+20,5.99068E+21,1.07457E+16,5.40517E+16
92092,92093,1,0,56,15,2016,7,14,5,3,0,1,0,0,1,0,0,0,0,0,5.43991E+20,5.95739E+21,9.66734E+15,5.37633E+16
92093,92094,1,0,2,0,2016,7,21,4,3,0,7,0,0,0,1,1,0,0,0,5.75053E+20,6.0169E+21,1.01532E+16,5.42945E+16
92094,92095,1,0,2,0,2016,6,17,5,3,5,3,0,0,1,1,0,0,0,0,5.73423E+20,6.02002E+21,1.01289E+16,5.43228E+16
92095,92096,1,0,51,13,2016,7,17,7,2,5,3,0,0,1,1,0,0,0,0,4.89747E+20,5.99867E+21,8.84307E+15,5.4136E+16
92096,92097,1,0,60,5,2016,7,16,6,3,5,3,0,1,0,1,0,0,0,0,5.85496E+20,5.97677E+21,1.03022E+16,5.39322E+16
92097,92098,1,0,58,135,2016,6,15,6,3,5,3,0,0,0,1,0,0,0,1,5.43344E+20,6.01726E+21,9.66606E+15,5.43013E+16
92098,92099,1,0,56,41,2016,6,10,5,2,8,1,0,1,0,1,0,0,0,0,5.63626E+20,5.95803E+21,9.96529E+15,5.3767E+16
92099,92100,1,0,53,90,2016,7,23,1,2,0,1,2,1,1,0,0,0,0,0,6.12296E+20,5.94036E+21,1.0697E+16,5.36001E+16
92100,92101,1,0,58,140,2016,7,13,2,3,5,3,0,0,1,1,0,0,0,0,5.46809E+20,6.01755E+21,9.71936E+15,5.43037E+16
92101,92102,1,0,55,40,2016,7,18,7,3,0,3,0,0,0,1,1,0,0,0,6.08212E+20,5.97335E+21,1.06469E+16,5.38973E+16
92102,92103,1,0,56,44,2016,7,20,3,3,5,3,0,0,1,1,0,0,0,0,5.55826E+20,5.94027E+21,9.84377E+15,5.36082E+16
92103,92104,1,0,60,5,2016,6,10,3,3,0,7,0,0,1,0,0,0,0,0,5.85797E+20,5.97757E+21,1.0307E+16,5.39394E+16
92104,92105,1,0,60,63,2016,7,13,7,3,0,1,0,0,1,0,0,0,0,0,5.63786E+20,5.95289E+21,9.96665E+15,5.37208E+16
92105,92106,1,0,2,0,2016,7,15,6,3,6,1,0,1,1,0,1,0,0,0,5.73765E+20,6.01972E+21,1.01341E+16,5.432E+16
92106,92107,1,0,56,51,2016,6,16,4,2,0,6,0,0,0,0,0,1,0,1,5.45016E+20,5.96747E+21,9.68436E+15,5.38538E+16
92107,92108,1,0,3,0,2016,7,15,5,3,0,7,0,0,1,1,0,0,0,0,6.13068E+20,5.97025E+21,1.07196E+16,5.38684E+16
92108,92109,1,0,56,15,2016,7,15,3,3,5,3,0,1,1,1,0,0,0,0,5.44922E+20,5.95507E+21,9.68112E+15,5.37424E+16
92109,92110,1,0,2,0,2016,7,9,2,3,5,3,0,1,1,1,0,0,0,0,5.76938E+20,6.02044E+21,1.0183E+16,5.4326E+16
92110,92111,1,0,3,0,2016,6,7,3,3,3,2,0,1,1,1,0,0,0,0,6.11258E+20,5.97098E+21,1.06923E+16,5.38754E+16
92111,92112,1,0,3,0,2016,6,15,3,3,5,3,0,0,1,1,0,0,0,0,6.14095E+20,5.96855E+21,1.07346E+16,5.38529E+16
92112,92113,1,0,58,80,2016,7,2,7,3,8,1,2,1,0,1,0,0,0,0,5.54822E+20,6.03036E+21,9.84484E+15,5.4418E+16
92113,92114,1,0,55,16,2016,6,10,4,3,6,7,0,0,0,0,1,0,0,1,6.27835E+20,6.002E+21,1.09574E+16,5.41502E+16
92114,92115,1,0,56,50,2016,7,11,4,2,0,3,0,0,0,1,0,1,0,0,5.4733E+20,5.93823E+21,9.71507E+15,5.35907E+16
92115,92116,1,0,58,135,2016,7,13,3,3,6,7,0,0,1,0,1,0,0,0,5.43065E+20,6.01757E+21,9.66183E+15,5.43042E+16
92116,92117,1,0,56,29,2016,7,13,2,3,2,6,0,0,0,1,0,0,0,0,5.43797E+20,5.95328E+21,9.66381E+15,5.37264E+16
92117,92118,1,0,55,35,2016,7,14,1,3,0,1,0,1,0,0,0,1,0,0,6.1178E+20,5.98277E+21,1.07046E+16,5.39811E+16
92118,92119,1,0,59,10,2016,6,14,1,3,9,6,0,0,0,1,0,1,0,0,5.26524E+20,6.04957E+21,9.4105E+15,5.45929E+16
92119,92120,1,0,55,2,2016,7,21,6,2,8,7,0,0,0,1,0,0,0,0,6.16329E+20,5.99966E+21,1.07804E+16,5.41318E+16
92120,92121,1,0,4,0,2016,7,15,6,3,5,2,0,1,0,1,0,1,0,0,5.63986E+20,5.99176E+21,9.97781E+15,5.407E+16
92121,92122,1,0,3,0,2016,6,7,2,3,2,6,0,0,1,1,0,0,0,0,6.10593E+20,5.97066E+21,1.06821E+16,5.38726E+16
92122,92123,1,0,53,32,2016,6,14,3,3,5,3,0,0,0,1,0,0,0,0,5.91838E+20,5.92147E+21,1.03824E+16,5.34343E+16
92123,92124,1,0,58,34,2016,6,17,2,3,5,3,0,1,1,1,0,0,0,0,5.43711E+20,6.01884E+21,9.67194E+15,5.43156E+16
92124,92125,1,0,60,5,2016,7,13,2,2,4,1,0,0,0,1,0,0,0,0,5.86413E+20,5.97749E+21,1.03164E+16,5.39386E+16
92125,92126,1,0,60,92,2016,7,8,2,3,5,3,0,0,1,1,0,0,0,0,5.79527E+20,5.97883E+21,1.02119E+16,5.39518E+16
92126,92127,1,0,3,0,2016,7,16,5,3,5,3,0,0,0,1,0,0,0,1,6.14035E+20,5.96951E+21,1.0734E+16,5.38615E+16
92127,92128,1,0,2,0,2016,7,20,7,3,0,7,0,0,1,0,0,0,0,0,5.73284E+20,6.02441E+21,1.01278E+16,5.43622E+16
92128,92129,1,0,60,12,2016,7,20,4,2,1,5,0,0,0,1,0,0,1,0,5.80323E+20,5.9925E+21,1.02276E+16,5.40744E+16
92129,92130,1,0,55,32,2016,7,18,5,3,4,2,0,0,0,1,0,0,0,1,6.19088E+20,5.9963E+21,1.08213E+16,5.41011E+16
92130,92131,1,0,54,144,2016,7,8,3,3,2,6,0,0,1,0,0,0,0,1,5.12153E+20,6.04708E+21,9.18798E+15,5.45711E+16
92131,92132,1,0,57,62,2016,7,19,5,3,5,2,0,0,1,0,0,0,0,1,5.83098E+20,6.01162E+21,1.02753E+16,5.42458E+16
92132,92133,1,0,53,32,2016,7,0,1,3,5,3,2,1,0,1,0,0,0,0,5.89999E+20,5.9213E+21,1.03547E+16,5.34331E+16
92133,92134,1,0,62,4,2016,7,14,1,3,5,2,0,0,1,1,0,0,0,0,5.90545E+20,5.96351E+21,1.03752E+16,5.38123E+16
92134,92135,1,0,3,0,2016,7,16,6,3,1,5,0,0,1,1,0,0,0,0,6.11203E+20,5.96978E+21,1.06911E+16,5.38645E+16
92135,92136,1,0,3,0,2016,8,20,3,2,1,5,1,0,1,1,0,0,0,0,6.228E+20,5.98101E+21,1.08718E+16,5.39628E+16
92136,92137,1,0,3,0,2016,7,18,5,3,5,2,0,0,1,1,0,0,0,0,6.11756E+20,5.96811E+21,1.06989E+16,5.38494E+16
92137,92138,1,0,55,32,2016,7,21,1,3,0,1,2,0,1,0,0,0,0,0,6.17903E+20,5.99695E+21,1.08034E+16,5.41072E+16
92138,92139,1,0,51,11,2016,8,17,4,3,0,1,0,1,1,0,0,0,0,0,5.0928E+20,5.97256E+21,9.14124E+15,5.39014E+16
92139,92140,1,0,53,119,2016,7,11,7,3,0,1,0,0,1,0,0,0,0,0,6.07712E+20,5.93052E+21,1.06244E+16,5.35126E+16
92140,92141,1,0,58,108,2016,7,17,5,3,5,3,0,0,1,1,0,0,0,0,5.66183E+20,6.00131E+21,1.00135E+16,5.41557E+16
92141,92142,1,0,56,44,2016,7,5,4,3,5,3,0,0,0,0,0,1,0,1,5.55322E+20,5.93885E+21,9.83591E+15,5.35955E+16
92142,92143,1,0,1,0,2016,7,18,3,3,6,6,0,0,0,0,1,0,0,1,5.3054E+20,6.07218E+21,9.47501E+15,5.47959E+16
92143,92144,1,0,55,32,2016,7,16,1,2,3,1,0,1,1,0,0,0,0,0,6.21588E+20,5.99507E+21,1.0859E+16,5.40894E+16
92144,92145,1,0,51,44,2016,7,16,2,3,5,2,0,0,0,1,0,0,0,0,5.07294E+20,6.0053E+21,9.1118E+15,5.41957E+16
92145,92146,1,0,57,12,2016,7,16,1,3,5,3,0,1,1,1,0,0,0,0,5.80825E+20,6.02708E+21,1.02446E+16,5.4385E+16
92146,92147,1,0,3,0,2016,7,14,6,3,0,6,0,0,0,1,0,0,0,1,6.12024E+20,5.97185E+21,1.07043E+16,5.3883E+16
92147,92148,1,0,54,36,2016,8,10,3,3,5,3,0,0,1,1,0,0,0,0,4.86135E+20,6.02012E+21,8.78679E+15,5.43288E+16
92148,92149,1,0,58,124,2016,7,18,5,2,5,3,0,0,0,1,0,1,0,0,5.45362E+20,6.01566E+21,9.69683E+15,5.42868E+16