FID,OBJECTID,ULAND,UREGBEZ,UKREIS,UGEMEINDE,UJAHR,UMONAT,USTUNDE,UWOCHENTAG,UKATEGORIE,UART,UTYP1,ULICHTVERH,IstStrasse,IstRad,IstPKW,IstFuss,IstKrad,IstGkfz,IstSonstig,LINREFX,LINREFY,XGCSWGS84,YGCSWGS84
92149,92150,1,0,54,20,2016,7,16,1,2,0,1,0,0,1,0,0,0,0,0,4.9846E+20,6.05111E+21,8.97615E+15,5.46074E+16
92150,92151,1,0,60,63,2016,8,16,4,3,5,3,0,1,1,1,0,0,0,0,5.67156E+20,5.95324E+21,1.00178E+16,5.37235E+16
92151,92152,1,0,56,44,2016,7,18,3,3,2,2,0,0,0,1,0,0,0,0,5.55464E+20,5.9394E+21,9.83815E+15,5.36005E+16
92152,92153,1,0,57,73,2016,7,20,1,3,0,1,0,1,1,0,0,0,0,0,5.89682E+20,6.02842E+21,1.03813E+16,5.43956E+16
92153,92154,1,0,56,26,2016,7,9,3,3,9,6,0,0,0,1,0,0,1,0,5.53147E+20,5.95613E+21,9.806E+15,5.37511E+16
92154,92155,1,0,54,168,2016,8,18,2,2,1,7,0,0,1,1,0,0,0,0,4.55803E+20,6.08571E+21,8.31051E+15,5.49164E+16
92155,92156,1,0,3,0,2016,7,22,5,3,8,1,1,1,0,1,0,0,0,0,6.15061E+20,5.97329E+21,1.0751E+16,5.38953E+16
92156,92157,1,0,2,0,2016,7,14,1,3,6,6,0,1,0,0,1,0,0,1,5.72813E+20,6.01896E+21,1.01193E+16,5.43133E+16
92157,92158,1,0,1,0,2016,7,15,6,3,5,3,0,1,0,1,0,0,0,0,5.28861E+20,6.06854E+21,9.44854E+15,5.47632E+16
92158,92159,1,0,62,60,2016,8,8,2,3,0,1,0,0,1,0,0,0,0,0,5.82207E+20,5.93164E+21,1.02401E+16,5.35272E+16
92159,92160,1,0,51,34,2016,7,15,1,3,5,3,0,1,0,1,0,0,0,0,4.92898E+20,5.98381E+21,8.89165E+15,5.40026E+16
92160,92161,1,0,58,43,2016,7,15,6,3,5,3,0,0,1,0,0,0,0,0,5.54378E+20,6.03649E+21,9.83913E+15,5.44731E+16
92161,92162,1,0,60,5,2016,7,16,7,3,6,7,0,0,0,1,1,0,0,0,5.86423E+20,5.9769E+21,1.03164E+16,5.39333E+16
92162,92163,1,0,54,149,2016,8,3,4,3,9,7,2,0,1,0,0,0,0,0,4.56341E+20,6.08713E+21,8.31868E+15,5.49292E+16
92163,92164,1,0,55,16,2016,7,18,3,3,2,6,0,1,0,1,0,0,0,0,6.27799E+20,6.00212E+21,1.09569E+16,5.41513E+16
92164,92165,1,0,54,113,2016,7,15,1,3,4,6,0,0,1,0,0,0,0,1,4.76698E+20,6.0177E+21,8.64188E+15,5.43067E+16
92165,92166,1,0,54,168,2016,7,16,3,3,5,3,0,0,1,1,0,0,0,0,4.55754E+20,6.08396E+21,8.31001E+15,5.49007E+16
92166,92167,1,0,56,50,2016,7,19,7,3,9,7,0,0,0,1,0,0,0,0,5.46723E+20,5.93668E+21,9.70566E+15,5.35769E+16
92167,92168,1,0,60,39,2016,7,15,4,3,0,6,0,0,1,1,0,0,0,0,5.6687E+20,5.9559E+21,1.0014E+16,5.37475E+16
92168,92169,1,0,56,21,2016,7,15,5,3,5,3,0,0,0,1,0,1,0,0,5.61269E+20,5.95023E+21,9.92798E+15,5.36972E+16
92169,92170,1,0,55,12,2016,7,6,5,3,5,3,0,0,0,1,0,0,0,0,6.05615E+20,5.99929E+21,1.06164E+16,5.41309E+16
92170,92171,1,0,55,44,2016,7,10,4,3,0,7,0,0,1,0,0,0,0,0,6.14569E+20,5.98962E+21,1.07497E+16,5.40421E+16
92171,92172,1,0,56,50,2016,7,12,7,3,0,7,0,0,1,0,0,0,0,0,5.46864E+20,5.93634E+21,9.70773E+15,5.35738E+16
92172,92173,1,0,2,0,2016,7,14,3,3,2,6,0,0,0,1,0,0,0,0,5.72114E+20,6.01816E+21,1.01083E+16,5.43062E+16
92173,92174,1,0,60,63,2016,7,22,4,3,0,2,2,0,0,1,0,1,0,0,5.65133E+20,5.9534E+21,9.98717E+15,5.37252E+16
92174,92175,1,0,56,15,2016,7,20,7,3,5,3,1,1,0,1,0,0,0,0,5.44375E+20,5.95774E+21,9.6732E+15,5.37664E+16
92175,92176,1,0,3,0,2016,7,23,2,2,6,4,2,0,0,0,1,1,0,0,6.11222E+20,5.97288E+21,1.06925E+16,5.38925E+16
92176,92177,1,0,54,113,2016,7,15,2,3,0,1,0,0,0,1,1,0,0,0,4.77192E+20,6.01786E+21,8.64945E+15,5.43081E+16
92177,92178,1,0,58,92,2016,7,11,5,3,5,2,0,0,1,1,0,0,0,0,5.71732E+20,6.02178E+21,1.01033E+16,5.43388E+16
92178,92179,1,0,1,0,2016,7,17,7,3,2,6,0,0,1,1,0,0,0,0,5.27313E+20,6.07146E+21,9.42476E+15,5.47896E+16
92179,92180,1,0,62,9,2016,7,23,4,3,8,1,2,0,0,1,0,0,0,0,5.78799E+20,5.93709E+21,1.01901E+16,5.35768E+16
92180,92181,1,0,61,46,2016,7,15,2,3,2,6,0,0,0,1,0,0,0,1,5.32437E+20,5.97836E+21,9.49429E+15,5.39526E+16
92181,92182,1,0,56,32,2016,7,18,4,3,0,1,0,1,1,0,0,0,0,0,5.52437E+20,5.94983E+21,9.79416E+15,5.36945E+16
92182,92183,1,0,56,26,2016,7,22,7,3,9,1,2,1,0,1,0,0,0,0,5.55604E+20,5.95735E+21,9.84347E+15,5.37618E+16
92183,92184,1,0,53,32,2016,7,16,7,3,0,1,0,0,1,0,0,0,0,0,5.90879E+20,5.9238E+21,1.03687E+16,5.34554E+16
92184,92185,1,0,58,125,2016,7,23,6,3,1,5,2,1,0,1,0,0,0,0,5.37871E+20,5.99616E+21,9.57931E+15,5.41122E+16
92185,92186,1,0,3,0,2016,8,13,3,3,0,7,0,0,1,0,0,0,0,0,6.1124E+20,5.97298E+21,1.06928E+16,5.38933E+16
92186,92187,1,0,58,24,2016,7,15,5,2,5,3,0,0,1,1,0,0,0,0,5.45293E+20,6.02113E+21,9.6966E+15,5.4336E+16
92187,92188,1,0,2,0,2016,7,19,1,3,0,7,0,0,1,0,0,0,0,0,5.71849E+20,6.01851E+21,1.01043E+16,5.43094E+16
92188,92189,1,0,60,63,2016,8,12,4,3,2,1,0,0,0,1,0,0,0,0,5.65189E+20,5.94744E+21,9.98676E+15,5.36716E+16
92189,92190,1,0,55,40,2016,7,20,7,2,6,4,0,0,1,0,1,0,0,0,6.0507E+20,5.97518E+21,1.05997E+16,5.39143E+16
92190,92191,1,0,60,4,2016,7,12,3,3,5,3,0,0,1,1,0,0,0,0,5.57139E+20,5.97481E+21,9.87E+15,5.39185E+16
92191,92192,1,0,57,43,2016,7,14,6,2,0,7,0,0,1,0,0,0,0,0,5.79787E+20,6.03008E+21,1.02294E+16,5.44122E+16
92192,92193,1,0,54,113,2016,7,13,2,3,0,7,0,0,1,0,0,0,0,0,4.7443E+20,6.01974E+21,8.60685E+15,5.43249E+16
92193,92194,1,0,53,32,2016,7,14,1,3,5,3,0,0,0,1,0,0,0,0,5.91448E+20,5.92122E+21,1.03765E+16,5.34321E+16
92194,92195,1,0,57,12,2016,7,3,7,3,9,1,2,0,0,1,0,0,0,0,5.81086E+20,6.02723E+21,1.02486E+16,5.43864E+16
92195,92196,1,0,58,77,2016,7,9,5,3,6,7,0,0,0,1,1,0,0,0,5.42742E+20,5.99387E+21,9.65349E+15,5.40912E+16
92196,92197,1,0,4,0,2016,7,10,5,3,5,3,0,0,1,1,0,0,0,0,5.64978E+20,5.99301E+21,9.99322E+15,5.40812E+16
92197,92198,1,0,53,32,2016,7,7,4,3,5,3,0,0,1,1,0,0,0,0,5.91397E+20,5.92273E+21,1.03761E+16,5.34457E+16
92198,92199,1,0,61,46,2016,7,12,2,3,5,3,0,0,0,1,0,0,0,0,5.32322E+20,5.9759E+21,9.49227E+15,5.39305E+16
92199,92200,1,0,3,0,2016,7,11,7,3,5,2,0,0,1,1,0,0,0,0,6.11758E+20,5.96808E+21,1.06989E+16,5.38492E+16
92200,92201,1,0,54,164,2016,7,15,6,3,6,6,0,0,0,1,1,0,0,0,4.71337E+20,6.05949E+21,8.55543E+15,5.4682E+16
92201,92202,1,0,56,39,2016,8,16,2,3,2,6,0,0,0,1,0,0,0,0,5.54544E+20,5.94484E+21,9.82519E+15,5.36495E+16
92202,92203,1,0,51,51,2016,7,16,6,3,1,5,0,0,0,1,0,0,0,0,5.18016E+20,5.98661E+21,9.27503E+15,5.40275E+16
92203,92204,1,0,53,9,2016,7,18,7,3,0,5,0,0,0,1,1,0,0,0,6.07995E+20,5.95504E+21,1.06371E+16,5.37329E+16
92204,92205,1,0,59,18,2016,7,0,1,3,6,7,2,0,0,1,1,0,0,0,5.34852E+20,6.03713E+21,9.53791E+15,5.44806E+16
92205,92206,1,0,53,90,2016,8,14,4,3,0,1,0,1,1,0,0,0,0,0,6.11593E+20,5.94324E+21,1.06874E+16,5.3626E+16
92206,92207,1,0,53,95,2016,7,17,3,3,6,4,0,0,0,1,1,0,0,0,6.06637E+20,5.93843E+21,1.06109E+16,5.35839E+16
92207,92208,1,0,55,42,2016,7,18,7,3,3,6,0,0,1,0,0,0,0,0,6.18443E+20,5.98405E+21,1.08066E+16,5.39912E+16
92208,92209,1,0,57,62,2016,7,18,5,2,5,2,0,0,1,1,0,0,0,0,5.82876E+20,6.00964E+21,1.02713E+16,5.4228E+16
92209,92210,1,0,3,0,2016,7,15,4,2,5,2,0,0,1,1,0,0,0,0,6.1124E+20,5.96908E+21,1.06914E+16,5.38583E+16
92210,92211,1,0,51,74,2016,7,11,2,3,6,6,0,0,0,1,1,0,0,0,5.04831E+20,5.99316E+21,9.07385E+15,5.40866E+16
92211,92212,1,0,2,0,2016,7,14,7,3,6,4,0,0,0,1,1,0,0,0,5.74452E+20,6.01879E+21,1.01444E+16,5.43116E+16
92212,92213,1,0,58,34,2016,8,6,2,3,0,7,0,1,1,0,0,0,0,0,5.43382E+20,6.01966E+21,9.667E+15,5.4323E+16
92213,92214,1,0,56,15,2016,7,12,1,3,0,7,0,1,0,0,0,1,0,0,5.43692E+20,5.95711E+21,9.66276E+15,5.37608E+16
92214,92215,1,0,2,0,2016,7,14,6,3,0,1,0,0,1,0,0,0,0,0,5.73972E+20,6.02472E+21,1.01385E+16,5.43649E+16
92215,92216,1,0,60,63,2016,8,10,3,3,1,5,0,0,0,1,0,0,0,0,5.6598E+20,5.95196E+21,9.9997E+15,5.37121E+16
92216,92217,1,0,3,0,2016,7,18,3,3,6,6,0,0,0,0,1,0,0,1,6.10576E+20,5.96996E+21,1.06816E+16,5.38663E+16
92217,92218,1,0,57,73,2016,7,19,7,2,0,1,0,1,0,0,0,1,0,0,5.88851E+20,6.02838E+21,1.03685E+16,5.43954E+16
92218,92219,1,0,56,50,2016,7,12,2,3,3,6,0,0,1,0,0,0,0,0,5.46578E+20,5.93706E+21,9.70352E+15,5.35803E+16
92219,92220,1,0,58,43,2016,7,7,5,3,5,2,0,0,1,1,0,0,0,0,5.54076E+20,6.03702E+21,9.83456E+15,5.4478E+16
92220,92221,1,0,54,168,2016,7,21,3,3,5,3,1,0,1,1,0,0,0,0,4.56134E+20,6.08668E+21,8.31552E+15,5.49252E+16
92221,92222,1,0,54,56,2016,8,14,2,3,5,3,0,0,1,1,0,0,0,0,5.04921E+20,6.03764E+21,9.07597E+15,5.44864E+16
92222,92223,1,0,58,43,2016,7,7,5,3,1,5,0,0,1,1,0,0,0,0,5.53682E+20,6.03434E+21,9.828E+15,5.44539E+16
92223,92224,1,0,54,168,2016,7,11,1,3,2,6,0,0,0,1,0,0,0,0,4.57273E+20,6.08416E+21,8.33366E+15,5.49026E+16
92224,92225,1,0,51,44,2016,7,19,5,3,5,3,0,0,0,1,0,0,0,0,5.07387E+20,6.0044E+21,9.11321E+15,5.41876E+16
92225,92226,1,0,59,120,2016,7,9,3,3,8,6,0,0,0,1,0,0,0,1,5.25105E+20,6.07194E+21,9.39047E+15,5.4794E+16
92226,92227,1,0,55,35,2016,7,20,5,3,5,3,0,0,1,1,0,0,0,0,6.12035E+20,5.98367E+21,1.07088E+16,5.39891E+16
92227,92228,1,0,55,33,2016,7,17,4,3,5,3,0,0,0,1,0,0,0,0,6.22006E+20,6.01756E+21,1.08745E+16,5.42913E+16
92228,92229,1,0,57,73,2016,7,18,7,3,5,3,0,0,0,1,0,0,0,0,5.89087E+20,6.0283E+21,1.03721E+16,5.43947E+16
92229,92230,1,0,54,149,2016,7,16,6,3,8,3,0,0,1,1,0,0,0,0,4.5621E+20,6.08785E+21,8.31653E+15,5.49357E+16
92230,92231,1,0,55,21,2016,7,20,2,3,1,6,0,0,0,1,0,1,0,0,6.27346E+20,6.02673E+21,1.09604E+16,5.43724E+16
92231,92232,1,0,51,13,2016,7,19,1,3,4,6,0,0,1,1,0,0,0,0,4.89841E+20,5.99841E+21,8.84452E+15,5.41337E+16
92232,92233,1,0,2,0,2016,7,15,7,3,5,3,0,0,1,1,0,0,0,0,5.77021E+20,6.01714E+21,1.01835E+16,5.42963E+16
92233,92234,1,0,2,0,2016,7,23,5,3,6,7,2,0,0,1,1,0,0,0,5.7E+20,6.02384E+21,1.00772E+16,5.43575E+16
92234,92235,1,0,59,75,2016,7,13,5,3,0,1,0,0,1,0,0,0,0,0,5.36886E+20,6.04127E+21,9.56981E+15,5.45177E+16
92235,92236,1,0,55,28,2016,7,13,4,3,8,1,0,0,1,0,0,0,0,0,5.97498E+20,6.00303E+21,1.04934E+16,5.41661E+16
92236,92237,1,0,56,50,2016,7,18,2,3,3,6,0,0,1,0,0,0,0,0,5.46143E+20,5.93696E+21,9.69694E+15,5.35795E+16
92237,92238,1,0,2,0,2016,7,15,7,2,5,3,0,0,1,0,0,0,0,1,5.74478E+20,6.01888E+21,1.01448E+16,5.43124E+16
92238,92239,1,0,53,76,2016,7,16,7,3,0,6,0,0,1,0,1,0,0,0,5.91986E+20,5.93627E+21,1.0389E+16,5.35672E+16
92239,92240,1,0,58,166,2016,7,18,4,3,1,7,0,0,1,0,0,0,0,1,5.64162E+20,6.04311E+21,9.99152E+15,5.45315E+16
92240,92241,1,0,62,4,2016,7,10,5,3,2,6,0,0,0,1,0,0,0,0,5.89905E+20,5.96256E+21,1.03652E+16,5.38038E+16
92241,92242,1,0,3,0,2016,7,18,2,2,0,7,0,0,1,0,0,0,0,0,6.10941E+20,5.97054E+21,1.06873E+16,5.38714E+16
92242,92243,1,0,2,0,2016,7,18,5,3,6,2,0,0,0,1,1,0,0,0,5.74496E+20,6.01844E+21,1.0145E+16,5.43084E+16
92243,92244,1,0,54,161,2016,7,5,7,3,1,3,0,0,0,1,0,0,0,0,4.9928E+20,6.02787E+21,8.98891E+15,5.43986E+16
92244,92245,1,0,54,168,2016,7,10,6,3,0,1,0,0,1,0,0,0,0,0,4.55037E+20,6.08441E+21,8.29877E+15,5.49046E+16
92245,92246,1,0,54,113,2016,7,10,5,3,0,7,0,0,1,0,0,0,0,0,4.74399E+20,6.01977E+21,8.60637E+15,5.43251E+16
92246,92247,1,0,55,46,2016,7,18,1,3,0,7,0,0,1,0,0,0,0,0,6.42402E+20,6.03441E+21,1.11957E+16,5.44374E+16
92247,92248,1,0,54,164,2016,8,3,5,3,0,7,2,0,1,0,0,0,0,0,4.72317E+20,6.06027E+21,8.57055E+15,5.4689E+16
92248,92249,1,0,57,43,2016,7,14,7,3,0,1,0,0,1,0,0,0,0,0,5.79623E+20,6.02951E+21,1.02267E+16,5.44071E+16
92249,92250,1,0,57,91,2016,7,7,5,3,5,2,0,0,0,1,0,0,0,0,5.78709E+20,6.01707E+21,1.02094E+16,5.42955E+16
92250,92251,1,0,59,120,2016,7,21,5,3,0,1,1,0,1,0,0,0,0,0,5.25635E+20,6.07331E+21,9.39882E+15,5.48063E+16
92251,92252,1,0,58,61,2016,7,11,4,3,2,6,0,0,0,1,0,0,0,1,5.30689E+20,5.99598E+21,9.46943E+15,5.41111E+16
92252,92253,1,0,55,16,2016,7,20,2,3,5,3,0,0,1,1,0,0,0,0,6.28214E+20,6.0021E+21,1.09632E+16,5.4151E+16
92253,92254,1,0,51,44,2016,7,10,6,3,5,7,0,0,1,1,0,0,0,0,5.0685E+20,6.00657E+21,9.10503E+15,5.42071E+16
92254,92255,1,0,53,32,2016,8,16,2,3,8,7,0,0,0,1,0,0,0,0,5.91616E+20,5.92256E+21,1.03794E+16,5.34441E+16
92255,92256,1,0,51,13,2016,7,15,1,3,5,3,0,0,1,1,0,0,0,0,4.91643E+20,5.9989E+21,8.87208E+15,5.41381E+16
92256,92257,1,0,54,1,2016,7,14,6,3,8,1,0,0,0,0,0,1,0,0,5.00812E+20,6.07125E+21,9.01263E+15,5.47884E+16
92257,92258,1,0,2,0,2016,8,19,3,3,5,3,0,0,0,1,0,1,0,0,5.74632E+20,6.01862E+21,1.01471E+16,5.431E+16
92258,92259,1,0,51,44,2016,7,7,4,3,0,1,0,0,1,0,0,0,0,0,5.06972E+20,6.00471E+21,9.10685E+15,5.41904E+16
92259,92260,1,0,59,53,2016,7,19,1,3,5,3,0,0,0,1,0,1,0,0,5.33479E+20,6.02919E+21,9.51582E+15,5.44093E+16
92260,92261,1,0,60,4,2016,8,12,4,3,5,3,0,1,1,1,0,0,0,0,5.58346E+20,5.97462E+21,9.88835E+15,5.39167E+16
92261,92262,1,0,56,15,2016,7,11,3,3,2,6,0,0,0,0,0,1,0,1,5.43951E+20,5.95631E+21,9.66657E+15,5.37536E+16
92262,92263,1,0,58,135,2016,7,13,2,3,5,3,0,0,1,1,0,0,0,0,5.43596E+20,6.01756E+21,9.66998E+15,5.43041E+16
92263,92264,1,0,56,5,2016,7,14,6,3,5,2,0,1,0,1,0,0,0,1,5.59455E+20,5.94803E+21,9.9001E+15,5.36776E+16
92264,92265,1,0,59,75,2016,7,11,4,3,5,3,0,0,1,1,0,0,0,0,5.36188E+20,6.04106E+21,9.55901E+15,5.45158E+16
92265,92266,1,0,2,0,2016,8,22,2,3,6,4,2,0,0,1,1,0,0,0,5.73744E+20,6.02155E+21,1.01342E+16,5.43364E+16
92266,92267,1,0,55,44,2016,7,14,1,3,6,7,0,0,1,0,1,0,0,0,6.15164E+20,5.98784E+21,1.07581E+16,5.4026E+16
92267,92268,1,0,59,75,2016,7,19,6,3,0,1,0,0,1,0,0,0,0,0,5.37051E+20,6.0421E+21,9.57247E+15,5.45251E+16
92268,92269,1,0,53,90,2016,8,20,3,3,4,6,0,0,0,1,1,0,0,0,6.11912E+20,5.94264E+21,1.0692E+16,5.36206E+16
92269,92270,1,0,58,135,2016,7,7,3,3,5,3,0,0,1,1,0,0,0,0,5.4395E+20,6.01739E+21,9.6754E+15,5.43025E+16
92270,92271,1,0,56,15,2016,7,18,4,3,5,3,0,1,0,1,0,0,0,0,5.43471E+20,5.9555E+21,9.65918E+15,5.37463E+16
92271,92272,1,0,60,44,2016,7,15,6,3,1,7,0,0,0,1,0,1,0,0,5.64372E+20,5.9659E+21,9.97824E+15,5.38376E+16
92272,92273,1,0,56,39,2016,7,18,7,3,0,7,0,0,1,0,0,0,0,0,5.51268E+20,5.94454E+21,9.77559E+15,5.36471E+16
92273,92274,1,0,2,0,2016,8,10,4,3,5,2,0,1,1,1,0,0,0,0,5.72102E+20,6.01868E+21,1.01083E+16,5.43109E+16
92274,92275,1,0,3,0,2016,7,16,3,3,0,7,0,0,1,1,0,0,0,0,6.11255E+20,5.96975E+21,1.06918E+16,5.38643E+16
92275,92276,1,0,55,44,2016,7,12,6,3,5,3,0,0,1,1,0,0,0,0,6.15234E+20,5.98769E+21,1.07591E+16,5.40246E+16
92276,92277,1,0,54,56,2016,7,10,3,3,5,3,0,0,1,1,0,0,0,0,5.05046E+20,6.03821E+21,9.0779E+15,5.44915E+16
92277,92278,1,0,61,46,2016,7,12,7,3,6,4,0,1,0,0,1,1,0,0,5.35287E+20,5.97554E+21,9.5374E+15,5.3927E+16
92278,92279,1,0,4,0,2016,7,17,4,3,5,3,0,0,1,1,0,0,0,0,5.64118E+20,5.99146E+21,9.97976E+15,5.40674E+16
92279,92280,1,0,56,50,2016,7,11,5,3,1,3,0,0,1,1,0,0,0,0,5.46566E+20,5.93714E+21,9.70336E+15,5.35811E+16
92280,92281,1,0,55,12,2016,7,11,5,3,0,3,0,0,0,1,0,0,0,0,6.05332E+20,5.99969E+21,1.06122E+16,5.41346E+16
92281,92282,1,0,3,0,2016,7,23,4,3,0,7,2,0,1,0,0,0,0,0,6.11514E+20,5.96966E+21,1.06958E+16,5.38634E+16
92282,92283,1,0,3,0,2016,7,15,6,3,2,6,0,0,0,1,0,1,0,0,6.11938E+20,5.96715E+21,1.07013E+16,5.38408E+16
92283,92284,1,0,51,13,2016,7,18,5,3,0,1,0,0,1,0,0,0,0,0,4.91342E+20,5.99795E+21,8.86751E+15,5.41296E+16
92284,92285,1,0,55,12,2016,7,7,6,3,0,1,0,0,1,0,0,0,0,0,6.05182E+20,6.00002E+21,1.061E+16,5.41375E+16
92285,92286,1,0,62,1,2016,7,12,2,3,0,1,0,0,1,0,0,0,0,0,5.81875E+20,5.94798E+21,1.02394E+16,5.36741E+16
92286,92287,1,0,1,0,2016,7,8,5,3,5,2,0,0,1,1,0,0,0,0,5.30695E+20,6.07244E+21,9.47746E+15,5.47982E+16
92287,92288,1,0,57,73,2016,7,19,7,3,5,2,0,0,1,1,0,0,0,0,5.88633E+20,6.03207E+21,1.03663E+16,5.44286E+16
92288,92289,1,0,58,43,2016,7,11,4,3,6,4,0,0,0,1,1,0,0,0,5.54704E+20,6.03695E+21,9.84424E+15,5.44772E+16
92289,92290,1,0,2,0,2016,7,7,2,3,2,6,0,0,1,1,0,0,0,0,5.74341E+20,6.02524E+21,1.01443E+16,5.43695E+16
92290,92291,1,0,54,164,2016,7,11,5,3,0,1,0,0,1,0,0,0,0,0,4.72062E+20,6.06053E+21,8.56658E+15,5.46914E+16
92291,92292,1,0,58,44,2016,7,20,6,3,8,1,0,0,0,1,0,0,0,0,5.56029E+20,5.98889E+21,9.85569E+15,5.40452E+16
92292,92293,1,0,58,5,2016,7,7,6,3,5,3,0,0,0,1,0,1,0,0,5.73222E+20,6.02662E+21,1.01274E+16,5.43821E+16
92293,92294,1,0,51,44,2016,7,8,5,2,5,3,0,0,1,1,0,0,0,0,5.08784E+20,6.00536E+21,9.13463E+15,5.41962E+16
92294,92295,1,0,55,33,2016,8,9,3,2,0,7,0,0,1,0,0,0,0,0,6.23052E+20,6.01774E+21,1.08906E+16,5.42928E+16
92295,92296,1,0,51,44,2016,7,17,4,3,3,6,0,0,1,1,0,0,0,0,5.06419E+20,6.00453E+21,9.09837E+15,5.41888E+16
92296,92297,1,0,58,43,2016,7,20,1,3,0,1,0,0,1,0,0,0,0,0,5.54198E+20,6.0356E+21,9.83618E+15,5.44652E+16
92297,92298,1,0,61,13,2016,8,20,4,3,6,6,0,1,0,1,1,0,0,0,5.24302E+20,5.98812E+21,9.37111E+15,5.40408E+16
92298,92299,1,0,2,0,2016,7,23,7,3,0,1,2,0,1,0,0,0,0,0,5.75883E+20,6.01903E+21,1.01665E+16,5.43135E+16
92299,92300,1,0,60,63,2016,7,18,3,3,3,6,0,0,0,1,0,0,0,0,5.6987E+20,5.95193E+21,1.00586E+16,5.37114E+16
92300,92301,1,0,61,113,2016,7,17,4,3,8,6,0,0,1,1,0,0,0,0,5.24663E+20,5.97508E+21,9.37557E+15,5.39235E+16
92301,92302,1,0,2,0,2016,7,16,4,3,2,6,0,0,1,1,0,0,0,0,5.73134E+20,6.0191E+21,1.01242E+16,5.43145E+16
92302,92303,1,0,54,56,2016,7,7,2,3,8,1,0,0,0,1,0,0,0,0,5.05472E+20,6.03848E+21,9.08448E+15,5.44939E+16
92303,92304,1,0,59,183,2016,7,5,2,2,5,3,0,0,0,1,0,1,0,0,5.28138E+20,6.06606E+21,9.43706E+15,5.4741E+16
92304,92305,1,0,62,76,2016,7,15,1,3,3,7,0,0,1,0,0,0,0,0,5.70167E+20,5.95379E+21,1.00635E+16,5.3728E+16
92305,92306,1,0,56,26,2016,7,13,6,3,2,6,0,0,0,1,0,0,0,0,5.55496E+20,5.95768E+21,9.84189E+15,5.37648E+16
92306,92307,1,0,1,0,2016,7,12,5,3,5,3,0,0,1,0,0,0,0,1,5.2621E+20,6.07075E+21,9.40754E+15,5.47833E+16
92307,92308,1,0,61,113,2016,7,15,4,3,5,3,0,0,1,1,0,0,0,0,5.24348E+20,5.97499E+21,9.37076E+15,5.39228E+16
92308,92309,1,0,2,0,2016,7,20,4,3,5,2,0,0,1,1,0,0,0,0,5.68671E+20,6.02093E+21,1.0056E+16,5.43316E+16
92309,92310,1,0,61,113,2016,7,18,1,3,0,1,0,0,1,0,0,0,0,0,5.24237E+20,5.97477E+21,9.36905E+15,5.39208E+16
92310,92311,1,0,2,0,2016,7,21,6,3,6,4,1,0,0,1,1,0,0,0,5.69494E+20,6.02322E+21,1.00692E+16,5.43521E+16
92311,92312,1,0,51,44,2016,7,11,5,3,2,6,0,0,0,1,0,0,0,0,5.06396E+20,6.00523E+21,9.09804E+15,5.41951E+16
92312,92313,1,0,59,75,2016,8,16,3,3,5,3,0,0,1,1,0,0,0,0,5.34229E+20,6.04194E+21,9.52885E+15,5.45239E+16
92313,92314,1,0,59,158,2016,7,18,7,2,5,2,0,0,1,1,0,0,0,0,5.12413E+20,6.06831E+21,9.1929E+15,5.47619E+16
92314,92315,1,0,54,56,2016,7,14,1,3,0,7,0,0,1,0,0,0,0,0,5.05616E+20,6.03907E+21,9.08671E+15,5.44992E+16
92315,92316,1,0,60,63,2016,8,15,4,2,0,2,0,1,1,1,0,0,0,0,5.65445E+20,5.95142E+21,9.99148E+15,5.37073E+16
92316,92317,1,0,62,1,2016,7,8,3,3,5,3,0,0,1,0,0,0,0,1,5.83098E+20,5.94845E+21,1.02581E+16,5.36782E+16
92317,92318,1,0,57,73,2016,7,12,6,3,1,5,0,0,0,1,0,0,0,0,5.8914E+20,6.028E+21,1.03729E+16,5.4392E+16
92318,92319,1,0,2,0,2016,7,9,6,3,1,5,0,1,1,0,0,0,0,1,5.73899E+20,6.02213E+21,1.01367E+16,5.43416E+16
92319,92320,1,0,56,49,2016,7,6,5,3,8,7,0,0,0,1,0,0,0,0,5.45137E+20,5.94857E+21,9.68343E+15,5.36839E+16
92320,92321,1,0,55,32,2016,8,10,2,3,0,1,0,1,1,0,0,0,0,0,6.18303E+20,5.99686E+21,1.08095E+16,5.41063E+16
92321,92322,1,0,60,85,2016,7,1,1,3,1,1,2,0,0,1,0,0,0,0,5.81875E+20,5.96185E+21,1.02431E+16,5.37988E+16
92322,92323,1,0,2,0,2016,7,20,6,3,4,6,0,1,0,1,0,1,0,0,5.74282E+20,6.01834E+21,1.01417E+16,5.43076E+16
92323,92324,1,0,61,46,2016,8,21,3,3,2,6,1,0,1,0,0,0,0,0,5.3344E+20,5.97775E+21,9.50951E+15,5.39471E+16
92324,92325,1,0,3,0,2016,7,13,3,3,5,2,0,0,1,1,0,0,0,0,6.11197E+20,5.97086E+21,1.06914E+16,5.38742E+16
92325,92326,1,0,57,91,2016,7,15,6,2,2,7,0,0,0,1,0,1,0,0,5.79908E+20,6.01627E+21,1.02276E+16,5.42881E+16
92326,92327,1,0,60,63,2016,7,11,2,3,5,2,0,0,1,1,0,0,0,0,5.65011E+20,5.95156E+21,9.98494E+15,5.37087E+16
92327,92328,1,0,51,44,2016,7,8,4,3,5,3,0,1,1,1,0,0,0,0,5.06001E+20,6.00491E+21,9.09197E+15,5.41922E+16
92328,92329,1,0,56,18,2016,7,14,7,3,5,3,0,0,1,1,0,0,0,0,5.57061E+20,5.94275E+21,9.86288E+15,5.36304E+16
92329,92330,1,0,2,0,2016,7,14,4,3,2,6,0,0,0,1,0,0,1,0,5.73724E+20,6.02155E+21,1.01339E+16,5.43364E+16
92330,92331,1,0,56,15,2016,7,12,5,3,1,5,0,0,0,1,0,0,0,0,5.43252E+20,5.95521E+21,9.65582E+15,5.37437E+16