FID,OBJECTID,ULAND,UREGBEZ,UKREIS,UGEMEINDE,UJAHR,UMONAT,USTUNDE,UWOCHENTAG,UKATEGORIE,UART,UTYP1,ULICHTVERH,IstStrasse,IstRad,IstPKW,IstFuss,IstKrad,IstGkfz,IstSonstig,LINREFX,LINREFY,XGCSWGS84,YGCSWGS84
92331,92332,1,0,58,43,2016,7,13,5,2,5,3,0,0,0,1,0,1,0,0,5.55135E+20,6.03733E+21,9.85095E+15,5.44806E+16
92332,92333,1,0,60,63,2016,7,7,3,3,0,7,0,0,1,0,0,0,0,0,5.66173E+20,5.9485E+21,1.00019E+16,5.3681E+16
92333,92334,1,0,59,161,2016,8,12,2,3,5,3,0,1,0,1,0,0,0,0,5.42501E+20,6.06417E+21,9.65987E+15,5.4723E+16
92334,92335,1,0,61,46,2016,7,11,4,3,0,2,0,0,1,1,0,0,0,0,5.32449E+20,5.97801E+21,9.49444E+15,5.39494E+16
92335,92336,1,0,57,43,2016,7,18,1,2,6,4,0,0,0,1,1,0,0,0,5.79232E+20,6.02913E+21,1.02206E+16,5.44038E+16
92336,92337,1,0,51,130,2016,7,18,5,3,0,1,0,0,0,0,0,1,0,0,5.06095E+20,6.00662E+21,9.09345E+15,5.42076E+16
92337,92338,1,0,2,0,2016,7,14,3,3,6,4,0,0,0,1,1,0,0,0,5.73826E+20,6.02003E+21,1.01351E+16,5.43228E+16
92338,92339,1,0,3,0,2016,7,18,5,3,5,3,0,0,1,0,0,0,0,0,6.12595E+20,5.97078E+21,1.07126E+16,5.38733E+16
92339,92340,1,0,53,90,2016,7,9,4,3,6,4,0,0,0,1,1,0,0,0,6.11725E+20,5.94354E+21,1.06895E+16,5.36287E+16
92340,92341,1,0,59,45,2016,7,10,6,2,5,3,0,0,1,1,0,0,0,0,5.59935E+20,6.05732E+21,9.92911E+15,5.46597E+16
92341,92342,1,0,3,0,2016,7,15,2,3,6,3,0,0,0,1,1,0,0,0,6.1091E+20,5.96988E+21,1.06867E+16,5.38656E+16
92342,92343,1,0,54,168,2016,7,14,2,3,1,6,0,0,0,1,0,0,0,1,4.56373E+20,6.08567E+21,8.3194E+15,5.49162E+16
92343,92344,1,0,56,2,2016,7,11,4,3,5,3,0,0,1,1,0,0,0,0,5.50154E+20,5.96046E+21,9.76132E+15,5.37903E+16
92344,92345,1,0,61,49,2016,7,17,4,3,1,5,0,0,1,1,0,0,0,0,5.4633E+20,5.97879E+21,9.70604E+15,5.39554E+16
92345,92346,1,0,54,143,2016,7,22,4,2,0,7,1,0,1,0,0,0,0,0,4.61435E+20,6.0625E+21,8.40146E+15,5.47083E+16
92346,92347,1,0,56,18,2016,7,18,1,2,7,1,0,0,0,1,0,0,0,0,5.56943E+20,5.94176E+21,9.86093E+15,5.36216E+16
92347,92348,1,0,51,13,2016,7,13,5,3,0,1,0,1,1,0,0,0,0,0,4.90882E+20,5.99846E+21,8.86046E+15,5.41341E+16
92348,92349,1,0,61,46,2016,7,16,5,3,2,6,0,0,0,1,0,0,0,0,5.33342E+20,5.97537E+21,9.50774E+15,5.39257E+16
92349,92350,1,0,56,50,2016,7,14,5,3,1,5,0,0,0,1,0,0,0,0,5.46819E+20,5.9369E+21,9.70714E+15,5.35788E+16
92350,92351,1,0,60,63,2016,7,15,5,3,2,6,0,1,0,1,0,0,0,0,5.65611E+20,5.95141E+21,9.994E+15,5.37073E+16
92351,92352,1,0,56,44,2016,7,17,5,3,2,6,0,0,0,1,0,0,0,0,5.55614E+20,5.94082E+21,9.84066E+15,5.36133E+16
92352,92353,1,0,51,20,2016,7,16,4,2,6,7,0,0,0,1,1,0,0,0,5.1733E+20,6.01662E+21,9.26628E+15,5.42972E+16
92353,92354,1,0,55,42,2016,7,13,1,3,0,1,0,0,0,0,0,1,0,0,6.16205E+20,5.98496E+21,1.07729E+16,5.39999E+16
92354,92355,1,0,2,0,2016,8,19,5,3,5,3,0,1,0,1,0,1,0,0,5.72345E+20,6.01886E+21,1.0112E+16,5.43125E+16
92355,92356,1,0,60,63,2016,7,18,6,3,0,1,0,1,1,0,0,0,0,0,5.66647E+20,5.95239E+21,1.00099E+16,5.3716E+16
92356,92357,1,0,56,50,2016,7,15,4,3,0,1,0,1,1,0,0,0,0,0,5.46944E+20,5.93847E+21,9.70926E+15,5.35929E+16
92357,92358,1,0,56,15,2016,7,16,4,3,5,3,0,0,1,1,0,0,0,0,5.44917E+20,5.95525E+21,9.68107E+15,5.3744E+16
92358,92359,1,0,1,0,2016,7,14,4,3,5,3,0,0,0,1,0,0,0,1,5.28977E+20,6.06998E+21,9.45048E+15,5.47762E+16
92359,92360,1,0,60,63,2016,7,9,1,3,5,2,0,0,1,1,0,0,0,0,5.65952E+20,5.95167E+21,9.99922E+15,5.37096E+16
92360,92361,1,0,56,50,2016,7,14,5,3,0,7,0,1,1,0,0,0,0,0,5.46577E+20,5.93706E+21,9.70351E+15,5.35803E+16
92361,92362,1,0,3,0,2016,7,10,5,3,5,3,0,0,1,0,0,0,0,1,6.10935E+20,5.96997E+21,1.06871E+16,5.38663E+16
92362,92363,1,0,56,49,2016,8,11,2,2,6,7,0,1,0,1,1,0,0,0,5.43875E+20,5.94848E+21,9.66432E+15,5.36832E+16
92363,92364,1,0,54,168,2016,8,17,2,2,0,1,0,0,0,0,0,1,0,0,4.55732E+20,6.08521E+21,8.30947E+15,5.49119E+16
92364,92365,1,0,60,29,2016,7,15,6,3,5,2,0,0,0,1,0,0,0,0,5.81506E+20,5.96702E+21,1.02389E+16,5.38453E+16
92365,92366,1,0,51,11,2016,7,12,7,3,5,3,0,0,1,1,0,0,0,0,5.08072E+20,5.97266E+21,9.12285E+15,5.39024E+16
92366,92367,1,0,58,170,2016,8,7,4,3,6,2,0,1,0,1,1,0,0,0,5.68733E+20,6.00345E+21,1.0053E+16,5.41745E+16
92367,92368,1,0,62,1,2016,7,16,3,3,5,7,0,0,1,1,0,0,0,0,5.81268E+20,5.94789E+21,1.02302E+16,5.36734E+16
92368,92369,1,0,58,165,2016,8,19,3,3,8,6,0,0,1,1,0,0,0,0,5.67919E+20,6.02632E+21,1.00457E+16,5.43801E+16
92369,92370,1,0,56,50,2016,7,12,4,3,6,2,0,0,0,1,1,0,0,0,5.47206E+20,5.93649E+21,9.71293E+15,5.35752E+16
92370,92371,1,0,57,62,2016,7,14,1,3,0,1,0,0,1,0,0,0,0,0,5.83479E+20,6.01037E+21,1.02808E+16,5.42345E+16
92371,92372,1,0,56,1,2016,8,17,4,3,4,6,0,1,1,1,0,0,0,0,5.46313E+20,5.94659E+21,9.70094E+15,5.3666E+16
92372,92373,1,0,56,18,2016,7,16,3,3,2,6,0,0,0,1,0,0,0,0,5.57366E+20,5.94224E+21,9.86741E+15,5.36258E+16
92373,92374,1,0,59,116,2016,7,12,4,3,2,1,0,0,0,1,0,0,0,0,5.36511E+20,6.06367E+21,9.56682E+15,5.4719E+16
92374,92375,1,0,60,63,2016,7,20,1,3,5,3,1,0,1,1,0,0,0,0,5.65141E+20,5.95046E+21,9.98668E+15,5.36988E+16
92375,92376,1,0,53,90,2016,7,18,5,2,5,3,0,1,1,1,0,0,0,0,6.11419E+20,5.94295E+21,1.06847E+16,5.36235E+16
92376,92377,1,0,58,34,2016,7,17,4,3,2,6,0,1,0,1,0,0,1,0,5.43929E+20,6.01928E+21,9.67535E+15,5.43195E+16
92377,92378,1,0,2,0,2016,8,12,2,3,5,3,0,0,0,1,0,0,0,0,5.74669E+20,6.0157E+21,1.0147E+16,5.42838E+16
92378,92379,1,0,53,32,2016,7,21,1,3,5,3,1,0,0,1,0,1,0,0,5.95426E+20,5.91918E+21,1.04357E+16,5.3413E+16
92379,92380,1,0,1,0,2016,7,15,6,3,0,1,0,0,0,0,0,1,0,0,5.28108E+20,6.07116E+21,9.43709E+15,5.47868E+16
92380,92381,1,0,60,39,2016,8,17,3,2,5,3,0,0,0,1,0,1,0,0,5.64542E+20,5.96206E+21,9.98003E+15,5.38031E+16
92381,92382,1,0,3,0,2016,7,18,3,3,5,3,0,0,0,1,0,0,0,0,6.10864E+20,5.96789E+21,1.06852E+16,5.38476E+16
92382,92383,1,0,60,39,2016,7,11,4,3,0,3,0,0,1,0,0,0,0,0,5.65696E+20,5.95658E+21,9.99638E+15,5.37537E+16
92383,92384,1,0,62,9,2016,7,14,5,3,5,7,0,0,0,1,1,0,0,0,5.76465E+20,5.93667E+21,1.01548E+16,5.35733E+16
92384,92385,1,0,55,40,2016,7,19,5,3,5,3,0,0,0,1,0,0,0,0,6.05171E+20,5.97527E+21,1.06013E+16,5.39152E+16
92385,92386,1,0,54,134,2016,7,17,3,3,8,1,0,0,1,0,0,0,0,0,4.80718E+20,6.01938E+21,8.70355E+15,5.4322E+16
92386,92387,1,0,51,44,2016,7,16,7,2,9,7,0,0,1,0,0,0,0,0,5.06608E+20,6.00527E+21,9.10129E+15,5.41954E+16
92387,92388,1,0,51,44,2016,7,17,5,3,5,3,0,0,1,1,0,0,0,0,5.07062E+20,6.00478E+21,9.10822E+15,5.4191E+16
92388,92389,1,0,59,53,2016,7,16,3,3,0,1,0,0,1,0,0,0,0,0,5.33755E+20,6.02882E+21,9.52003E+15,5.4406E+16
92389,92390,1,0,55,42,2016,7,18,5,2,5,3,0,0,0,1,0,1,0,0,6.17831E+20,5.98387E+21,1.07972E+16,5.39897E+16
92390,92391,1,0,3,0,2016,7,13,4,3,0,7,0,0,1,0,0,0,0,0,6.22892E+20,5.98191E+21,1.08736E+16,5.39709E+16
92391,92392,1,0,3,0,2016,7,10,5,3,1,6,0,0,1,1,0,0,0,0,6.11187E+20,5.96978E+21,1.06908E+16,5.38645E+16
92392,92393,1,0,58,22,2016,7,12,2,3,5,3,0,0,1,1,0,0,0,0,5.67378E+20,6.0034E+21,1.00322E+16,5.41743E+16
92393,92394,1,0,61,34,2016,7,19,1,3,1,6,0,0,0,1,0,0,0,1,5.30611E+20,5.97573E+21,9.4662E+15,5.39291E+16
92394,92395,1,0,55,32,2016,7,20,6,3,4,6,0,0,1,0,0,0,0,0,6.19629E+20,5.99527E+21,1.08291E+16,5.40917E+16
92395,92396,1,0,60,89,2016,7,17,4,2,6,4,0,0,0,1,1,0,0,0,5.7938E+20,5.98875E+21,1.02122E+16,5.40409E+16
92396,92397,1,0,60,97,2016,8,13,7,3,5,3,0,0,0,1,0,0,0,0,5.91798E+20,5.98681E+21,1.04012E+16,5.40214E+16
92397,92398,1,0,53,103,2016,8,10,7,2,4,6,0,0,0,1,0,0,0,1,6.06301E+20,5.95742E+21,1.06123E+16,5.37546E+16
92398,92399,1,0,53,12,2016,8,10,6,3,5,3,0,0,1,1,0,0,0,0,5.84834E+20,5.92531E+21,1.02781E+16,5.34699E+16
92399,92400,1,0,55,44,2016,8,18,5,3,5,3,0,0,1,1,0,0,0,0,6.14268E+20,5.99018E+21,1.07453E+16,5.40472E+16
92400,92401,1,0,2,0,2016,8,17,4,3,2,6,0,0,0,1,0,0,0,0,5.71647E+20,6.0184E+21,1.01012E+16,5.43084E+16
92401,92402,1,0,51,11,2016,8,9,3,3,0,3,0,1,1,0,0,0,0,0,5.08621E+20,5.97185E+21,9.13118E+15,5.3895E+16
92402,92403,1,0,59,75,2016,8,10,6,3,0,1,0,0,1,0,0,0,0,0,5.35099E+20,6.04024E+21,9.54208E+15,5.45085E+16
92403,92404,1,0,58,38,2016,8,15,3,3,6,4,0,0,0,1,1,0,0,0,5.60682E+20,6.00423E+21,9.92983E+15,5.41826E+16
92404,92405,1,0,54,168,2016,8,19,3,3,1,5,0,0,1,1,0,0,0,0,4.55495E+20,6.08479E+21,8.30584E+15,5.49082E+16
92405,92406,1,0,1,0,2016,8,19,3,3,3,6,0,1,1,0,0,0,0,0,5.29356E+20,6.0712E+21,9.45651E+15,5.47871E+16
92406,92407,1,0,62,1,2016,8,14,1,2,5,3,0,0,0,1,0,0,0,0,5.81102E+20,5.94768E+21,1.02277E+16,5.36715E+16
92407,92408,1,0,59,45,2016,8,8,5,3,0,7,0,0,1,0,0,0,0,0,5.60093E+20,6.05685E+21,9.93146E+15,5.46555E+16
92408,92409,1,0,56,39,2016,8,7,2,3,1,1,0,0,1,1,0,0,0,0,5.5259E+20,5.94567E+21,9.79577E+15,5.36571E+16
92409,92410,1,0,55,35,2016,8,5,7,3,0,7,0,0,0,0,0,1,0,0,6.18159E+20,5.97738E+21,1.07997E+16,5.39313E+16
92410,92411,1,0,61,46,2016,8,15,5,3,5,3,0,0,1,1,0,0,0,0,5.34014E+20,5.97601E+21,9.51806E+15,5.39313E+16
92411,92412,1,0,60,63,2016,8,15,2,3,2,6,0,0,0,1,0,0,0,0,5.63955E+20,5.94765E+21,9.96813E+15,5.36736E+16
92412,92413,1,0,59,75,2016,8,10,4,2,4,6,0,0,0,1,0,1,0,1,5.33013E+20,6.04041E+21,9.5099E+15,5.45102E+16
92413,92414,1,0,61,46,2016,8,14,5,3,5,3,0,1,0,1,0,1,0,0,5.33893E+20,5.97538E+21,9.51614E+15,5.39257E+16
92414,92415,1,0,54,168,2016,8,16,3,3,2,6,0,1,1,0,0,0,0,0,4.55393E+20,6.08557E+21,8.30413E+15,5.49151E+16
92415,92416,1,0,51,11,2016,8,10,5,3,5,2,0,1,1,1,0,0,0,0,5.07658E+20,5.97186E+21,9.11653E+15,5.38951E+16
92416,92417,1,0,54,168,2016,8,13,3,3,5,3,0,0,1,0,0,0,0,1,4.56676E+20,6.08385E+21,8.3244E+15,5.48998E+16
92417,92418,1,0,51,48,2016,8,18,7,3,5,2,0,0,0,1,0,0,0,0,5.05704E+20,6.00063E+21,9.08735E+15,5.41537E+16
92418,92419,1,0,61,46,2016,8,12,4,3,0,1,0,0,1,0,0,0,0,0,5.3397E+20,5.97611E+21,9.51739E+15,5.39322E+16
92419,92420,1,0,56,48,2016,8,14,2,3,2,6,0,0,0,1,0,0,0,0,5.48478E+20,5.95101E+21,9.7344E+15,5.37055E+16
92420,92421,1,0,4,0,2016,8,11,7,3,5,3,0,0,0,1,0,0,0,0,5.64854E+20,5.98977E+21,9.99064E+15,5.40521E+16
92421,92422,1,0,53,90,2016,8,8,5,3,4,6,0,1,0,1,0,0,0,0,6.11519E+20,5.94291E+21,1.06862E+16,5.36231E+16
92422,92423,1,0,51,74,2016,8,17,2,3,0,7,0,1,0,0,0,1,0,0,5.06104E+20,5.99346E+21,9.09332E+15,5.40893E+16
92423,92424,1,0,56,49,2016,8,5,6,3,0,7,2,0,1,0,0,0,0,0,5.44914E+20,5.94872E+21,9.68008E+15,5.36853E+16
92424,92425,1,0,1,0,2016,8,21,2,3,1,7,2,1,0,1,0,1,0,0,5.27154E+20,6.07165E+21,9.42231E+15,5.47913E+16
92425,92426,1,0,55,41,2016,8,15,1,3,3,1,0,0,1,0,0,0,0,0,6.07604E+20,5.99672E+21,1.06459E+16,5.41074E+16
92426,92427,1,0,53,90,2016,8,20,6,3,6,4,2,0,0,1,1,0,0,0,6.11936E+20,5.94385E+21,1.06928E+16,5.36315E+16
92427,92428,1,0,4,0,2016,8,6,6,3,7,7,0,0,0,0,0,1,0,0,5.61309E+20,5.99094E+21,9.93673E+15,5.4063E+16
92428,92429,1,0,3,0,2016,8,18,4,3,0,1,0,0,1,0,0,0,0,0,6.1095E+20,5.97031E+21,1.06874E+16,5.38693E+16
92429,92430,1,0,58,43,2016,8,15,7,3,0,6,0,0,0,1,0,1,0,0,5.54306E+20,6.03647E+21,9.83801E+15,5.44729E+16
92430,92431,1,0,62,60,2016,8,18,6,2,5,3,0,0,0,1,0,1,0,0,5.82414E+20,5.9312E+21,1.02431E+16,5.35233E+16
92431,92432,1,0,53,32,2016,8,17,4,3,4,1,0,0,1,1,0,0,0,0,5.90905E+20,5.92273E+21,1.03687E+16,5.34457E+16
92432,92433,1,0,60,39,2016,8,19,6,3,5,2,0,0,0,1,0,0,0,0,5.64549E+20,5.96202E+21,9.98013E+15,5.38027E+16
92433,92434,1,0,58,135,2016,8,18,7,3,5,2,0,0,1,1,0,0,0,0,5.42583E+20,6.01834E+21,9.65452E+15,5.43112E+16
92434,92435,1,0,55,33,2016,8,16,5,3,2,6,0,0,0,1,0,0,0,0,6.24376E+20,6.01773E+21,1.0911E+16,5.42923E+16
92435,92436,1,0,60,63,2016,8,15,2,3,0,1,0,0,0,0,0,1,0,0,5.6565E+20,5.95058E+21,9.9944E+15,5.36998E+16
92436,92437,1,0,56,15,2016,8,10,2,3,2,6,0,1,0,1,0,0,0,1,5.43692E+20,5.95716E+21,9.66277E+15,5.37612E+16
92437,92438,1,0,55,21,2016,8,13,1,3,0,7,0,0,1,0,0,0,0,0,6.28396E+20,6.02654E+21,1.09765E+16,5.43705E+16
92438,92439,1,0,61,29,2016,8,6,7,2,0,1,0,0,1,0,0,0,0,0,5.28092E+20,5.96019E+21,9.42642E+15,5.37895E+16
92439,92440,1,0,60,39,2016,8,18,5,3,1,7,0,0,1,1,0,0,0,0,5.65244E+20,5.96099E+21,9.99046E+15,5.37934E+16
92440,92441,1,0,59,113,2016,8,14,4,3,0,1,0,0,1,0,0,0,0,0,5.3433E+20,6.07707E+21,9.53454E+15,5.48396E+16
92441,92442,1,0,58,124,2016,8,7,4,2,4,2,0,0,1,1,0,0,0,0,5.43572E+20,6.01589E+21,9.66936E+15,5.4289E+16
92442,92443,1,0,55,32,2016,8,5,3,3,0,7,1,1,1,0,0,0,0,0,6.19068E+20,5.99707E+21,1.08213E+16,5.4108E+16
92443,92444,1,0,55,32,2016,8,21,2,3,9,7,2,1,0,1,0,1,0,0,6.17642E+20,5.99615E+21,1.07991E+16,5.41001E+16
92444,92445,1,0,60,39,2016,8,8,2,3,1,7,0,0,0,1,0,0,0,0,5.65393E+20,5.95752E+21,9.99198E+15,5.37622E+16
92445,92446,1,0,54,168,2016,8,18,2,3,0,1,0,0,1,0,0,0,0,0,4.56461E+20,6.08666E+21,8.32063E+15,5.4925E+16
92446,92447,1,0,55,42,2016,8,11,5,3,5,3,0,0,0,1,0,0,0,1,6.17938E+20,5.98402E+21,1.07989E+16,5.3991E+16
92447,92448,1,0,51,44,2016,8,17,2,3,0,3,0,1,0,1,0,0,0,0,5.07291E+20,6.00637E+21,9.11178E+15,5.42053E+16
92448,92449,1,0,60,5,2016,8,12,2,3,0,1,0,1,0,0,0,1,0,0,5.8592E+20,5.97852E+21,1.03092E+16,5.39479E+16
92449,92450,1,0,2,0,2016,8,9,2,3,4,6,0,1,0,1,0,1,0,0,5.70984E+20,6.01742E+21,1.00908E+16,5.42997E+16
92450,92451,1,0,60,63,2016,8,19,7,3,0,7,0,0,1,1,0,0,0,0,5.66071E+20,5.95165E+21,1.0001E+16,5.37094E+16
92451,92452,1,0,62,6,2016,8,18,6,3,5,3,0,0,0,1,0,0,0,0,5.84157E+20,5.95325E+21,1.02754E+16,5.37212E+16
92452,92453,1,0,3,0,2016,8,20,5,3,2,6,1,0,0,1,0,0,0,0,6.10528E+20,5.96998E+21,1.06809E+16,5.38665E+16
92453,92454,1,0,59,75,2016,8,15,4,3,5,3,0,0,0,1,0,0,0,0,5.37295E+20,6.0427E+21,9.57631E+15,5.45305E+16
92454,92455,1,0,58,135,2016,8,15,5,3,6,4,0,1,1,0,1,0,0,0,5.43331E+20,6.01758E+21,9.66591E+15,5.43043E+16
92455,92456,1,0,54,164,2016,8,12,3,2,0,7,0,0,1,0,0,0,0,0,4.71898E+20,6.06063E+21,8.56403E+15,5.46922E+16
92456,92457,1,0,62,76,2016,8,18,2,3,8,1,0,0,1,0,0,0,0,0,5.67856E+20,5.95549E+21,1.00289E+16,5.37436E+16
92457,92458,1,0,60,5,2016,8,16,2,2,4,2,0,0,1,1,0,0,0,0,5.85736E+20,5.97799E+21,1.03062E+16,5.39432E+16
92458,92459,1,0,55,44,2016,8,20,1,2,0,7,0,1,1,0,0,0,0,0,6.14377E+20,5.98716E+21,1.07458E+16,5.402E+16
92459,92460,1,0,51,13,2016,8,13,4,2,6,6,0,0,1,0,1,0,0,0,4.90708E+20,5.99727E+21,8.85782E+15,5.41235E+16
92460,92461,1,0,56,41,2016,8,9,2,2,0,7,0,0,1,0,0,0,0,0,5.60578E+20,5.95335E+21,9.91813E+15,5.37253E+16
92461,92462,1,0,54,168,2016,8,14,7,3,1,7,0,0,0,1,0,0,0,0,4.55443E+20,6.08506E+21,8.305E+15,5.49105E+16
92462,92463,1,0,60,63,2016,8,6,5,3,5,3,0,0,1,1,0,0,0,0,5.65087E+20,5.94825E+21,9.98539E+15,5.36789E+16
92463,92464,1,0,2,0,2016,8,17,5,3,5,2,0,1,1,1,0,0,0,0,5.72924E+20,6.02026E+21,1.01213E+16,5.43249E+16
92464,92465,1,0,56,15,2016,8,14,4,3,3,2,0,0,1,1,0,0,0,0,5.43988E+20,5.95583E+21,9.66707E+15,5.37492E+16
92465,92466,1,0,60,5,2016,8,17,6,3,5,3,0,0,1,1,0,0,0,0,5.8523E+20,5.97753E+21,1.02984E+16,5.39391E+16
92466,92467,1,0,56,47,2016,8,7,5,3,5,3,0,0,1,1,0,0,0,0,5.5559E+20,5.94707E+21,9.84142E+15,5.36694E+16
92467,92468,1,0,55,16,2016,8,17,6,3,6,4,0,0,0,1,1,0,0,0,6.27607E+20,6.00106E+21,1.09535E+16,5.41418E+16
92468,92469,1,0,62,1,2016,8,12,2,3,6,4,0,0,1,0,1,0,0,0,5.82435E+20,5.94884E+21,1.02481E+16,5.36818E+16
92469,92470,1,0,59,183,2016,8,14,4,3,0,1,0,0,1,0,0,0,0,0,5.21448E+20,6.07108E+21,9.33352E+15,5.47865E+16
92470,92471,1,0,59,37,2016,8,22,5,3,8,1,2,1,0,0,0,1,0,0,5.33845E+20,6.05755E+21,9.52472E+15,5.46642E+16
92471,92472,1,0,53,32,2016,8,8,2,3,3,6,0,0,0,1,0,0,0,0,5.91364E+20,5.92158E+21,1.03753E+16,5.34353E+16
92472,92473,1,0,55,24,2016,8,15,7,2,8,1,0,0,0,0,0,1,0,0,6.09612E+20,6.00624E+21,1.068E+16,5.41924E+16
92473,92474,1,0,60,63,2016,8,15,4,1,4,2,0,0,0,1,0,1,0,0,5.6396E+20,5.9482E+21,9.96832E+15,5.36786E+16
92474,92475,1,0,61,50,2016,8,17,4,2,6,4,0,0,0,1,1,0,0,0,5.40827E+20,5.95928E+21,9.61958E+15,5.37805E+16
92475,92476,1,0,56,50,2016,8,6,6,3,5,3,0,0,1,1,0,0,0,0,5.47808E+20,5.93671E+21,9.72205E+15,5.35771E+16
92476,92477,1,0,51,72,2016,8,9,6,3,0,7,0,1,1,0,0,0,0,0,5.00946E+20,5.97899E+21,9.01442E+15,5.39593E+16
92477,92478,1,0,59,171,2016,8,11,5,3,5,3,0,0,0,1,0,0,0,0,5.25281E+20,6.05796E+21,9.39199E+15,5.46683E+16
92478,92479,1,0,55,32,2016,8,12,2,3,0,7,0,1,1,0,0,0,0,0,6.19088E+20,5.99631E+21,1.08213E+16,5.41011E+16
92479,92480,1,0,60,63,2016,8,17,2,3,3,2,0,0,0,1,0,1,0,0,5.63968E+20,5.9476E+21,9.96832E+15,5.36732E+16
92480,92481,1,0,55,33,2016,8,18,2,3,5,3,0,0,1,0,0,0,0,1,6.23635E+20,6.01788E+21,1.08996E+16,5.42939E+16
92481,92482,1,0,51,44,2016,8,11,3,3,5,3,0,0,0,1,0,0,0,1,5.05587E+20,6.0056E+21,9.08563E+15,5.41984E+16
92482,92483,1,0,61,46,2016,8,7,4,3,4,1,0,1,0,1,0,0,0,1,5.33564E+20,5.97568E+21,9.51116E+15,5.39284E+16
92483,92484,1,0,55,44,2016,8,17,2,2,0,1,0,0,1,0,0,0,0,0,6.1458E+20,5.98949E+21,1.07498E+16,5.40409E+16
92484,92485,1,0,54,168,2016,8,18,7,3,3,6,0,0,1,0,0,0,0,0,4.55139E+20,6.08345E+21,8.3005E+15,5.4896E+16
92485,92486,1,0,60,4,2016,8,15,1,3,0,1,0,0,1,0,0,0,0,0,5.5844E+20,5.97609E+21,9.89006E+15,5.39299E+16
92486,92487,1,0,3,0,2016,8,22,6,3,0,7,2,0,1,0,0,0,0,0,6.10522E+20,5.97033E+21,1.06809E+16,5.38697E+16
92487,92488,1,0,62,1,2016,8,11,4,3,1,5,0,0,1,1,0,0,0,0,5.81688E+20,5.94771E+21,1.02365E+16,5.36718E+16
92488,92489,1,0,60,5,2016,8,13,6,3,0,1,1,1,1,0,0,0,0,0,5.85916E+20,5.97689E+21,1.03086E+16,5.39333E+16
92489,92490,1,0,56,43,2016,8,6,4,3,5,2,0,1,1,0,0,0,0,1,5.58537E+20,5.94183E+21,9.88503E+15,5.3622E+16
92490,92491,1,0,55,12,2016,8,10,2,3,0,1,0,0,1,0,0,0,0,0,6.05206E+20,5.99888E+21,1.061E+16,5.41273E+16
92491,92492,1,0,53,90,2016,8,20,2,2,0,7,0,0,1,0,0,0,0,0,6.1168E+20,5.94329E+21,1.06887E+16,5.36265E+16
92492,92493,1,0,56,15,2016,8,18,7,3,0,7,0,0,1,0,0,0,0,0,5.44784E+20,5.95562E+21,9.6791E+15,5.37473E+16
92493,92494,1,0,56,50,2016,8,12,7,3,1,5,0,0,1,1,0,0,0,0,5.47131E+20,5.93594E+21,9.71171E+15,5.35702E+16
92494,92495,1,0,55,46,2016,8,5,6,2,5,3,0,0,1,0,0,0,0,0,6.44313E+20,6.03326E+21,1.12246E+16,5.44265E+16
92495,92496,1,0,56,18,2016,8,15,1,3,0,7,0,1,1,0,0,0,0,0,5.57188E+20,5.94101E+21,9.86449E+15,5.36148E+16
92496,92497,1,0,2,0,2016,8,1,1,3,0,7,2,0,0,1,1,0,0,0,5.73008E+20,6.01917E+21,1.01223E+16,5.43152E+16
92497,92498,1,0,55,42,2016,8,14,6,3,0,7,0,0,1,0,0,0,0,0,6.1658E+20,5.98472E+21,1.07785E+16,5.39976E+16
92498,92499,1,0,61,42,2016,8,14,5,2,3,1,0,0,1,0,0,0,0,0,5.41043E+20,5.98034E+21,9.62569E+15,5.39698E+16
92499,92500,1,0,3,0,2016,8,15,4,3,0,1,0,0,1,0,0,0,0,0,6.10555E+20,5.97138E+21,1.06818E+16,5.38791E+16
92500,92501,1,0,53,85,2016,8,17,4,3,0,7,0,1,1,0,0,0,0,0,5.96459E+20,5.94423E+21,1.0459E+16,5.36379E+16
92501,92502,1,0,56,39,2016,8,8,3,2,0,1,0,1,1,0,0,0,0,0,5.52131E+20,5.94519E+21,9.78875E+15,5.36528E+16
92502,92503,1,0,60,5,2016,8,10,2,3,6,7,0,0,0,1,0,0,0,1,5.85813E+20,5.97834E+21,1.03075E+16,5.39463E+16
92503,92504,1,0,58,5,2016,8,9,2,3,4,6,0,1,1,0,0,1,0,0,5.73283E+20,6.02791E+21,1.01287E+16,5.43936E+16
92504,92505,1,0,2,0,2016,8,13,2,2,0,7,0,1,1,0,0,0,0,0,5.71275E+20,6.01789E+21,1.00954E+16,5.4304E+16
92505,92506,1,0,56,15,2016,8,20,4,3,0,1,0,0,0,0,0,1,0,0,5.43338E+20,5.95653E+21,9.65731E+15,5.37556E+16
92506,92507,1,0,61,46,2016,8,13,6,3,4,6,0,0,1,0,0,0,0,0,5.34188E+20,5.97505E+21,9.5206E+15,5.39227E+16
92507,92508,1,0,60,39,2016,8,16,5,2,5,3,0,0,0,1,0,1,0,0,5.64451E+20,5.96168E+21,9.97856E+15,5.37997E+16
92508,92509,1,0,3,0,2016,8,15,6,3,2,6,0,0,1,1,0,0,0,0,6.09726E+20,5.96926E+21,1.06684E+16,5.38602E+16
92509,92510,1,0,55,46,2016,8,20,2,3,0,7,1,0,1,0,0,0,0,0,6.39327E+20,6.04348E+21,1.11526E+16,5.45197E+16
92510,92511,1,0,51,44,2016,8,15,3,3,0,1,0,0,1,0,0,0,0,0,5.06793E+20,6.00575E+21,9.10413E+15,5.41998E+16
92511,92512,1,0,62,6,2016,8,11,4,3,6,4,0,0,0,1,1,0,0,0,5.83421E+20,5.95419E+21,1.02645E+16,5.37297E+16