FID,OBJECTID,ULAND,UREGBEZ,UKREIS,UGEMEINDE,UJAHR,UMONAT,USTUNDE,UWOCHENTAG,UKATEGORIE,UART,UTYP1,ULICHTVERH,IstStrasse,IstRad,IstPKW,IstFuss,IstKrad,IstGkfz,IstSonstig,LINREFX,LINREFY,XGCSWGS84,YGCSWGS84
92512,92513,1,0,60,63,2016,8,10,1,3,5,3,0,1,1,1,0,0,0,0,5.66217E+20,5.95114E+21,1.00031E+16,5.37048E+16
92513,92514,1,0,60,20,2016,8,18,5,3,8,1,0,0,0,0,0,1,0,0,5.82631E+20,5.97719E+21,1.02587E+16,5.39365E+16
92514,92515,1,0,60,49,2016,8,10,3,3,5,3,0,0,1,1,0,0,0,0,5.86308E+20,5.97943E+21,1.03153E+16,5.3956E+16
92515,92516,1,0,2,0,2016,8,19,4,3,6,4,0,0,1,0,1,0,0,0,5.75196E+20,6.01861E+21,1.01558E+16,5.43098E+16
92516,92517,1,0,3,0,2016,8,19,4,3,5,3,0,1,1,1,0,0,0,0,6.10909E+20,5.96963E+21,1.06865E+16,5.38633E+16
92517,92518,1,0,3,0,2016,8,17,3,3,6,4,0,0,1,0,1,0,0,0,6.11043E+20,5.96944E+21,1.06885E+16,5.38615E+16
92518,92519,1,0,55,46,2016,8,17,1,3,5,7,0,0,1,1,0,0,0,0,6.42687E+20,6.03443E+21,1.12001E+16,5.44375E+16
92519,92520,1,0,56,48,2016,8,13,1,3,5,3,0,0,1,0,0,0,0,0,5.47349E+20,5.94911E+21,9.717E+15,5.36886E+16
92520,92521,1,0,53,2,2016,8,13,4,3,8,1,0,0,1,0,0,0,0,0,6.09992E+20,5.94273E+21,1.0663E+16,5.36218E+16
92521,92522,1,0,55,44,2016,8,14,2,3,4,6,0,0,0,1,0,0,0,0,6.142E+20,5.99089E+21,1.07445E+16,5.40535E+16
92522,92523,1,0,56,44,2016,8,10,6,3,5,3,0,0,0,1,0,0,0,0,5.54843E+20,5.9384E+21,9.82859E+15,5.35916E+16
92523,92524,1,0,56,50,2016,8,19,5,3,5,3,0,0,0,1,0,0,0,1,5.47143E+20,5.93594E+21,9.71189E+15,5.35702E+16
92524,92525,1,0,58,92,2016,8,15,6,3,4,2,0,0,0,1,0,0,0,0,5.71336E+20,6.02106E+21,1.00971E+16,5.43324E+16
92525,92526,1,0,55,16,2016,8,15,2,3,6,4,0,0,0,1,1,0,0,0,6.27774E+20,6.00115E+21,1.09561E+16,5.41426E+16
92526,92527,1,0,60,39,2016,8,10,3,3,5,3,0,0,1,1,0,0,0,0,5.65963E+20,5.95644E+21,1.00004E+16,5.37524E+16
92527,92528,1,0,3,0,2016,8,16,4,3,5,3,0,0,1,0,0,0,0,0,6.22425E+20,5.98036E+21,1.08659E+16,5.39571E+16
92528,92529,1,0,55,39,2016,8,14,1,2,9,7,0,0,0,0,0,1,0,0,6.15862E+20,5.99264E+21,1.07706E+16,5.40689E+16
92529,92530,1,0,58,58,2016,8,16,7,2,5,3,0,0,1,1,0,0,0,0,5.62862E+20,6.02801E+21,9.96822E+15,5.4396E+16
92530,92531,1,0,62,6,2016,8,11,6,2,5,2,0,0,1,0,0,0,0,0,5.83143E+20,5.95423E+21,1.02603E+16,5.37301E+16
92531,92532,1,0,51,44,2016,8,13,7,3,5,3,0,0,1,1,0,0,0,0,5.06363E+20,6.00581E+21,9.09754E+15,5.42002E+16
92532,92533,1,0,53,32,2016,8,14,4,3,1,5,0,0,1,0,0,0,1,0,5.89672E+20,5.92143E+21,1.03498E+16,5.34343E+16
92533,92534,1,0,58,127,2016,8,9,2,3,8,1,0,0,0,1,0,0,0,0,5.38193E+20,6.02795E+21,9.58828E+15,5.43979E+16
92534,92535,1,0,60,63,2016,8,16,6,3,5,3,0,1,0,1,0,0,0,1,5.67399E+20,5.95516E+21,1.00219E+16,5.37407E+16
92535,92536,1,0,55,4,2016,8,22,4,3,5,2,2,0,1,1,0,0,0,0,6.101E+20,5.97455E+21,1.0676E+16,5.39076E+16
92536,92537,1,0,58,72,2016,8,16,4,3,0,1,0,1,1,0,0,0,0,0,5.27326E+20,5.99729E+21,9.41811E+15,5.4123E+16
92537,92538,1,0,55,7,2016,8,12,1,2,8,1,0,0,1,0,0,0,0,0,5.94939E+20,5.99326E+21,1.04512E+16,5.40788E+16
92538,92539,1,0,56,41,2016,8,16,6,3,0,1,0,0,0,0,0,1,0,0,5.59326E+20,5.95374E+21,9.89924E+15,5.37289E+16
92539,92540,1,0,55,42,2016,8,14,2,3,0,1,0,0,1,0,0,0,0,0,6.16306E+20,5.98449E+21,1.07742E+16,5.39956E+16
92540,92541,1,0,53,32,2016,8,17,1,3,0,7,0,0,1,1,0,0,0,0,5.9177E+20,5.92135E+21,1.03814E+16,5.34332E+16
92541,92542,1,0,58,43,2016,8,19,6,3,6,6,0,0,1,0,1,0,0,0,5.54272E+20,6.03553E+21,9.83731E+15,5.44645E+16
92542,92543,1,0,3,0,2016,8,18,4,3,0,3,0,0,1,0,0,0,0,0,6.10899E+20,5.96988E+21,1.06865E+16,5.38655E+16
92543,92544,1,0,56,41,2016,8,5,6,3,0,7,1,0,1,0,0,0,0,0,5.60248E+20,5.95357E+21,9.91318E+15,5.37273E+16
92544,92545,1,0,4,0,2016,8,14,4,3,5,3,0,0,1,1,0,0,0,0,5.62546E+20,5.99133E+21,9.95572E+15,5.40664E+16
92545,92546,1,0,1,0,2016,8,7,3,3,0,1,0,1,1,0,0,0,0,0,5.27299E+20,6.07134E+21,9.42453E+15,5.47885E+16
92546,92547,1,0,62,4,2016,8,9,4,3,0,7,0,0,1,0,0,0,0,0,5.92388E+20,5.96242E+21,1.04028E+16,5.38021E+16
92547,92548,1,0,55,16,2016,8,15,6,3,0,1,0,0,1,0,0,0,0,0,6.28421E+20,6.00155E+21,1.09661E+16,5.4146E+16
92548,92549,1,0,2,0,2016,8,11,4,3,2,6,0,0,0,1,0,0,0,1,5.74984E+20,6.01696E+21,1.01521E+16,5.4295E+16
92549,92550,1,0,57,88,2016,8,15,1,2,0,7,0,0,0,0,0,0,0,1,5.87076E+20,6.02984E+21,1.03416E+16,5.44088E+16
92550,92551,1,0,60,63,2016,8,16,2,3,4,2,0,0,0,1,0,0,0,0,5.65954E+20,5.95167E+21,9.99924E+15,5.37096E+16
92551,92552,1,0,62,82,2016,8,14,1,2,1,7,0,0,0,0,0,1,0,1,5.93188E+20,5.93992E+21,1.04082E+16,5.35998E+16
92552,92553,1,0,54,85,2016,8,17,1,3,9,7,0,0,1,0,0,0,0,0,4.59917E+20,6.05486E+21,8.37895E+15,5.46396E+16
92553,92554,1,0,60,92,2016,8,12,5,3,5,3,0,0,0,1,0,0,0,0,5.80304E+20,5.97855E+21,1.02236E+16,5.39491E+16
92554,92555,1,0,60,11,2016,8,20,3,3,5,3,0,0,1,1,0,0,0,0,5.66614E+20,5.98579E+21,1.00167E+16,5.40161E+16
92555,92556,1,0,58,34,2016,8,10,4,3,0,7,0,0,1,0,0,0,0,0,5.43935E+20,6.01916E+21,9.67542E+15,5.43184E+16
92556,92557,1,0,53,100,2016,8,6,3,3,0,1,0,0,0,0,0,0,0,1,6.15327E+20,5.94999E+21,1.07463E+16,5.36859E+16
92557,92558,1,0,62,1,2016,8,13,2,3,2,6,0,0,0,1,0,0,0,0,5.81896E+20,5.94814E+21,1.02398E+16,5.36755E+16
92558,92559,1,0,57,43,2016,8,19,1,3,5,2,0,0,0,1,0,1,0,0,5.79834E+20,6.02876E+21,1.02298E+16,5.44004E+16
92559,92560,1,0,54,85,2016,8,12,2,3,8,7,0,0,1,0,0,0,0,0,4.58602E+20,6.05436E+21,8.35865E+15,5.46349E+16
92560,92561,1,0,55,44,2016,8,12,4,3,5,3,0,0,0,1,0,0,0,0,6.14285E+20,5.99068E+21,1.07457E+16,5.40517E+16
92561,92562,1,0,59,75,2016,8,16,1,3,5,3,0,0,1,1,0,0,0,0,5.35074E+20,6.03914E+21,9.54157E+15,5.44987E+16
92562,92563,1,0,58,22,2016,8,15,2,3,0,1,0,0,1,0,0,0,0,0,5.68205E+20,6.00392E+21,1.0045E+16,5.41788E+16
92563,92564,1,0,56,39,2016,8,16,7,3,5,3,0,0,1,1,0,0,0,0,5.50936E+20,5.94425E+21,9.77051E+15,5.36446E+16
92564,92565,1,0,55,29,2016,8,12,7,3,0,7,0,0,1,0,0,0,0,0,6.24182E+20,6.00798E+21,1.09039E+16,5.42048E+16
92565,92566,1,0,62,35,2016,8,17,5,3,0,7,0,0,0,1,0,0,0,0,5.86599E+20,5.94673E+21,1.03106E+16,5.36621E+16
92566,92567,1,0,3,0,2016,8,13,5,3,4,6,0,0,1,1,0,0,0,0,6.11694E+20,5.97171E+21,1.06992E+16,5.38818E+16
92567,92568,1,0,3,0,2016,8,12,3,3,5,3,0,0,0,1,0,1,0,0,6.11058E+20,5.96753E+21,1.0688E+16,5.38444E+16
92568,92569,1,0,2,0,2016,8,14,4,3,3,6,0,1,1,1,0,0,0,0,5.73507E+20,6.02117E+21,1.01305E+16,5.43331E+16
92569,92570,1,0,54,106,2016,8,14,3,2,0,7,0,0,1,0,0,0,0,0,5.07636E+20,6.03274E+21,9.11774E+15,5.44423E+16
92570,92571,1,0,1,0,2016,8,16,1,3,8,1,0,1,0,0,0,1,0,0,5.30761E+20,6.07203E+21,9.47843E+15,5.47945E+16
92571,92572,1,0,1,0,2016,8,16,1,3,0,1,0,1,1,0,0,0,0,0,5.28172E+20,6.07188E+21,9.43815E+15,5.47933E+16
92572,92573,1,0,55,46,2016,8,16,1,3,5,3,0,0,0,1,0,1,0,0,6.414E+20,6.03508E+21,1.11806E+16,5.44437E+16
92573,92574,1,0,3,0,2016,8,17,4,3,5,3,0,0,1,1,0,0,0,0,6.11376E+20,5.96743E+21,1.06928E+16,5.38434E+16
92574,92575,1,0,58,135,2016,8,15,2,3,5,2,0,0,1,1,0,0,0,0,5.43436E+20,6.01749E+21,9.66752E+15,5.43035E+16
92575,92576,1,0,3,0,2016,8,10,6,2,7,7,0,1,0,0,0,0,0,1,6.06977E+20,5.96896E+21,1.06265E+16,5.38581E+16
92576,92577,1,0,62,6,2016,8,11,5,3,2,6,0,0,0,1,0,0,0,0,5.83211E+20,5.95419E+21,1.02613E+16,5.37297E+16
92577,92578,1,0,54,19,2016,8,17,4,3,1,5,0,1,0,1,0,0,0,0,4.97366E+20,6.05217E+21,8.95921E+15,5.4617E+16
92578,92579,1,0,58,43,2016,8,15,2,3,0,1,0,0,1,0,0,0,0,0,5.54075E+20,6.03738E+21,9.83461E+15,5.44812E+16
92579,92580,1,0,3,0,2016,8,8,3,3,5,3,0,0,1,1,0,0,0,0,6.11431E+20,5.97126E+21,1.06951E+16,5.38778E+16
92580,92581,1,0,51,13,2016,8,10,3,3,0,7,0,0,1,0,0,0,0,1,4.90815E+20,5.99806E+21,8.85943E+15,5.41306E+16
92581,92582,1,0,61,46,2016,8,22,6,2,8,1,2,0,1,0,0,0,0,0,5.34503E+20,5.97549E+21,9.52544E+15,5.39266E+16
92582,92583,1,0,62,6,2016,8,15,5,3,5,2,0,0,1,1,0,0,0,0,5.8351E+20,5.9542E+21,1.02659E+16,5.37297E+16
92583,92584,1,0,55,12,2016,8,16,5,3,6,4,0,0,0,1,1,0,0,0,6.05172E+20,5.99967E+21,1.06097E+16,5.41344E+16
92584,92585,1,0,4,0,2016,8,16,2,3,5,3,0,0,0,1,0,1,0,0,5.62728E+20,5.99475E+21,9.95921E+15,5.40971E+16
92585,92586,1,0,3,0,2016,8,7,3,3,2,6,0,0,0,1,0,1,0,0,6.10637E+20,5.97065E+21,1.06828E+16,5.38725E+16
92586,92587,1,0,51,74,2016,8,19,3,3,8,1,0,0,1,0,0,0,0,0,5.04671E+20,5.99304E+21,9.0714E+15,5.40855E+16
92587,92588,1,0,54,168,2016,8,11,1,3,0,1,0,0,1,0,0,0,0,0,4.5602E+20,6.08332E+21,8.31426E+15,5.48949E+16
92588,92589,1,0,56,8,2016,8,18,7,3,1,5,0,0,1,1,0,0,0,0,5.45421E+20,5.95846E+21,9.68919E+15,5.37728E+16
92589,92590,1,0,3,0,2016,8,8,4,3,5,2,0,0,0,1,0,0,0,1,6.05876E+20,5.97E+21,1.06102E+16,5.38677E+16
92590,92591,1,0,3,0,2016,8,11,5,3,6,4,0,0,1,0,1,0,0,0,6.19092E+20,5.97578E+21,1.08133E+16,5.39168E+16
92591,92592,1,0,3,0,2016,8,7,6,2,0,1,0,1,0,0,0,1,0,0,6.10452E+20,5.97065E+21,1.068E+16,5.38725E+16
92592,92593,1,0,61,46,2016,8,13,3,3,9,1,0,0,0,1,0,0,0,0,5.33174E+20,5.97815E+21,9.50549E+15,5.39507E+16
92593,92594,1,0,51,26,2016,8,1,7,2,8,1,2,1,1,0,0,0,0,0,5.17606E+20,5.98762E+21,9.26883E+15,5.40366E+16
92594,92595,1,0,56,43,2016,8,21,6,2,8,1,2,0,0,0,0,1,0,0,5.58364E+20,5.94248E+21,9.88254E+15,5.36279E+16
92595,92596,1,0,53,32,2016,8,19,7,3,4,2,0,0,1,1,0,0,0,0,5.90772E+20,5.92183E+21,1.03665E+16,5.34377E+16
92596,92597,1,0,57,91,2016,8,12,7,3,0,7,0,0,1,0,0,0,0,0,5.80335E+20,6.01604E+21,1.02341E+16,5.4286E+16
92597,92598,1,0,3,0,2016,8,11,4,3,0,7,0,0,1,0,0,0,0,0,6.1089E+20,5.96988E+21,1.06863E+16,5.38656E+16
92598,92599,1,0,56,43,2016,8,0,1,3,8,1,2,1,0,0,0,1,0,0,5.5649E+20,5.94524E+21,9.8547E+15,5.36529E+16
92599,92600,1,0,3,0,2016,8,11,6,3,8,6,0,0,1,0,0,0,0,0,6.2224E+20,5.98047E+21,1.08631E+16,5.39582E+16
92600,92601,1,0,62,6,2016,8,14,4,3,0,1,0,0,1,0,0,0,0,0,5.82935E+20,5.95421E+21,1.02571E+16,5.37299E+16
92601,92602,1,0,4,0,2016,8,6,6,3,4,6,0,1,1,0,0,0,0,0,5.63996E+20,5.99109E+21,9.97781E+15,5.4064E+16
92602,92603,1,0,56,2,2016,8,21,3,3,5,3,2,1,0,1,0,0,0,0,5.49748E+20,5.96013E+21,9.7551E+15,5.37874E+16
92603,92604,1,0,3,0,2016,8,17,7,3,6,4,0,0,1,0,1,0,0,0,6.10504E+20,5.97033E+21,1.06806E+16,5.38697E+16
92604,92605,1,0,56,41,2016,8,7,2,3,0,7,0,1,1,0,0,0,0,0,5.60702E+20,5.95298E+21,9.91994E+15,5.3722E+16
92605,92606,1,0,54,149,2016,8,17,1,3,0,1,0,0,1,0,0,0,0,0,4.56893E+20,6.08832E+21,8.32713E+15,5.494E+16
92606,92607,1,0,51,13,2016,8,14,7,3,6,4,0,1,0,1,1,0,0,0,4.90724E+20,5.99777E+21,8.85805E+15,5.4128E+16
92607,92608,1,0,55,46,2016,8,9,5,3,4,6,0,0,1,1,0,0,0,0,6.42321E+20,6.03448E+21,1.11945E+16,5.44381E+16
92608,92609,1,0,60,4,2016,8,16,5,2,5,2,0,0,1,1,0,0,0,0,5.58133E+20,5.97561E+21,9.88529E+15,5.39256E+16
92609,92610,1,0,3,0,2016,8,10,3,3,0,7,0,0,0,0,0,1,0,0,6.14274E+20,5.97059E+21,1.0738E+16,5.38712E+16
92610,92611,1,0,2,0,2016,8,6,4,3,5,3,0,0,0,1,0,0,0,0,5.75614E+20,6.01935E+21,1.01624E+16,5.43165E+16
92611,92612,1,0,3,0,2016,8,9,3,2,5,2,0,0,1,1,0,0,0,0,6.11263E+20,5.96908E+21,1.06917E+16,5.38582E+16
92612,92613,1,0,51,127,2016,8,16,1,3,5,3,0,0,1,1,0,0,0,0,4.94847E+20,6.00722E+21,8.92099E+15,5.4213E+16
92613,92614,1,0,55,41,2016,8,1,1,3,4,6,2,0,1,0,0,0,0,0,6.05124E+20,5.99657E+21,1.06079E+16,5.41066E+16
92614,92615,1,0,3,0,2016,8,16,5,3,1,5,0,0,1,1,0,0,0,0,6.1099E+20,5.96951E+21,1.06877E+16,5.38622E+16
92615,92616,1,0,61,46,2016,8,9,5,3,5,2,0,0,0,1,0,0,0,0,5.33355E+20,5.97505E+21,9.50792E+15,5.39228E+16
92616,92617,1,0,3,0,2016,8,16,4,3,5,3,0,0,1,1,0,0,0,0,6.09126E+20,5.96992E+21,1.06595E+16,5.38663E+16
92617,92618,1,0,56,15,2016,8,11,3,3,2,6,0,1,0,1,0,0,0,0,5.42813E+20,5.95598E+21,9.64928E+15,5.37507E+16
92618,92619,1,0,60,39,2016,8,15,3,3,6,4,0,0,0,1,1,0,0,0,5.6448E+20,5.9613E+21,9.97893E+15,5.37963E+16
92619,92620,1,0,51,44,2016,8,12,2,3,3,6,0,1,0,0,0,1,1,0,5.07561E+20,6.00451E+21,9.11587E+15,5.41885E+16
92620,92621,1,0,4,0,2016,8,9,7,3,6,4,0,0,0,1,1,0,0,0,5.62902E+20,5.99415E+21,9.96173E+15,5.40916E+16
92621,92622,1,0,57,91,2016,8,17,2,3,5,3,0,0,0,1,0,0,0,0,5.79851E+20,6.01638E+21,1.02267E+16,5.42891E+16
92622,92623,1,0,57,76,2016,8,2,7,3,0,1,2,0,1,0,0,0,0,0,5.96415E+20,6.02448E+21,1.04837E+16,5.4359E+16
92623,92624,1,0,55,41,2016,8,17,5,3,0,7,0,0,1,0,0,0,0,0,6.10796E+20,5.9943E+21,1.06938E+16,5.4085E+16
92624,92625,1,0,2,0,2016,8,11,2,3,5,2,0,0,1,1,0,0,0,0,5.767E+20,6.01711E+21,1.01785E+16,5.42961E+16
92625,92626,1,0,3,0,2016,8,14,3,3,0,7,0,0,1,0,0,0,0,0,6.11418E+20,5.97103E+21,1.06948E+16,5.38758E+16
92626,92627,1,0,56,49,2016,8,11,3,3,0,1,0,1,0,0,0,1,0,0,5.43822E+20,5.94859E+21,9.66353E+15,5.36842E+16
92627,92628,1,0,57,81,2016,8,20,7,2,0,7,0,0,0,1,0,0,0,0,5.87999E+20,6.02276E+21,1.03537E+16,5.43451E+16
92628,92629,1,0,59,45,2016,8,10,7,3,3,6,0,0,1,1,0,0,0,0,5.60014E+20,6.05669E+21,9.9302E+15,5.4654E+16
92629,92630,1,0,54,85,2016,8,0,1,3,0,1,2,0,1,0,0,0,0,0,4.58481E+20,6.05609E+21,8.35652E+15,5.46505E+16
92630,92631,1,0,3,0,2016,8,13,4,3,2,6,0,0,0,1,0,0,0,0,6.06455E+20,5.96973E+21,1.06189E+16,5.38651E+16
92631,92632,1,0,59,120,2016,8,10,7,2,5,3,0,1,0,1,0,1,0,0,5.26557E+20,6.07617E+21,9.41344E+15,5.4832E+16
92632,92633,1,0,59,157,2016,8,17,2,3,8,6,0,0,0,1,0,1,0,0,5.38458E+20,6.07371E+21,9.59837E+15,5.48091E+16
92633,92634,1,0,55,28,2016,8,11,4,3,0,7,0,0,1,1,0,0,0,0,6.01728E+20,6.00368E+21,1.05584E+16,5.41711E+16
92634,92635,1,0,2,0,2016,8,9,2,3,5,3,0,0,1,0,0,0,0,0,5.74061E+20,6.01898E+21,1.01384E+16,5.43133E+16
92635,92636,1,0,1,0,2016,8,18,6,3,6,4,0,0,0,1,1,0,0,0,5.25693E+20,6.06793E+21,9.39926E+15,5.4758E+16
92636,92637,1,0,58,135,2016,8,15,5,3,5,3,0,0,1,1,0,0,0,0,5.43039E+20,6.01783E+21,9.66147E+15,5.43066E+16
92637,92638,1,0,55,37,2016,8,14,5,3,0,1,0,0,1,0,0,0,0,0,6.24821E+20,5.99956E+21,1.09102E+16,5.4129E+16
92638,92639,1,0,54,42,2016,8,22,2,3,0,6,2,0,1,0,0,0,0,1,5.01909E+20,6.04245E+21,9.0295E+15,5.45296E+16
92639,92640,1,0,55,16,2016,8,17,3,2,0,7,0,0,1,1,0,0,0,0,6.27555E+20,6.00208E+21,1.09531E+16,5.4151E+16
92640,92641,1,0,53,93,2016,8,2,3,3,8,1,2,0,0,1,0,0,0,0,6.24506E+20,5.95035E+21,1.08854E+16,5.3687E+16
92641,92642,1,0,61,46,2016,8,14,6,3,5,2,0,0,1,1,0,0,0,0,5.32968E+20,5.97637E+21,9.50217E+15,5.39347E+16
92642,92643,1,0,58,37,2016,8,21,7,3,4,6,2,0,1,1,0,0,0,0,5.72895E+20,6.03333E+21,1.0124E+16,5.44425E+16
92643,92644,1,0,55,42,2016,8,12,4,2,1,5,0,0,1,1,0,0,0,0,6.17792E+20,5.98412E+21,1.07967E+16,5.39919E+16
92644,92645,1,0,56,48,2016,8,16,6,3,0,7,0,0,1,0,0,0,0,0,5.46787E+20,5.95137E+21,9.70883E+15,5.3709E+16
92645,92646,1,0,60,9,2016,8,9,4,3,0,7,0,0,1,0,0,0,0,0,5.62971E+20,5.97724E+21,9.95929E+15,5.39397E+16
92646,92647,1,0,54,76,2016,8,15,6,3,6,6,0,0,1,0,1,0,0,0,4.99344E+20,6.06961E+21,8.9898E+15,5.47737E+16
92647,92648,1,0,55,16,2016,8,17,3,2,6,6,0,0,1,0,1,0,0,0,6.29493E+20,6.00248E+21,1.0983E+16,5.41541E+16
92648,92649,1,0,1,0,2016,8,13,2,3,0,7,0,0,1,0,0,0,0,0,5.29987E+20,6.07479E+21,9.46668E+15,5.48194E+16
92649,92650,1,0,54,19,2016,8,8,6,3,0,7,0,1,1,0,0,0,0,0,4.97788E+20,6.05238E+21,8.96574E+15,5.46188E+16
92650,92651,1,0,55,27,2016,8,14,3,3,5,2,0,1,1,0,0,0,0,1,6.23763E+20,6.00959E+21,1.08982E+16,5.42194E+16
92651,92652,1,0,54,149,2016,8,8,3,2,6,4,0,0,1,0,1,0,0,0,4.56634E+20,6.08787E+21,8.32314E+15,5.49359E+16
92652,92653,1,0,4,0,2016,8,9,3,3,5,3,0,0,0,1,0,0,0,0,5.65264E+20,5.99374E+21,9.99776E+15,5.40877E+16
92653,92654,1,0,55,12,2016,8,12,6,3,5,3,0,0,1,1,0,0,0,0,6.05677E+20,5.99964E+21,1.06174E+16,5.4134E+16
92654,92655,1,0,61,46,2016,8,14,6,3,4,6,0,0,1,0,0,0,0,1,5.34666E+20,5.97473E+21,9.52784E+15,5.39198E+16
92655,92656,1,0,55,12,2016,8,20,2,2,6,4,2,1,0,0,1,1,0,0,6.05541E+20,5.99934E+21,1.06152E+16,5.41313E+16
92656,92657,1,0,60,63,2016,8,16,1,3,0,7,0,0,1,0,0,0,0,0,5.67587E+20,5.95133E+21,1.00239E+16,5.37063E+16
92657,92658,1,0,58,117,2016,8,18,6,3,0,1,0,0,1,0,0,0,0,0,5.55618E+20,6.00251E+21,9.85193E+15,5.41676E+16
92658,92659,1,0,53,75,2016,8,18,4,3,5,3,0,0,1,0,0,0,0,0,6.08015E+20,5.96137E+21,1.06397E+16,5.37897E+16
92659,92660,1,0,59,120,2016,8,13,6,3,5,3,0,1,1,1,0,0,0,0,5.25583E+20,6.0732E+21,9.39801E+15,5.48053E+16
92660,92661,1,0,4,0,2016,8,15,3,3,5,3,0,1,1,1,0,0,0,0,5.64468E+20,5.99096E+21,9.985E+15,5.40628E+16
92661,92662,1,0,54,41,2016,8,10,3,3,0,1,0,0,1,0,0,0,0,0,5.11059E+20,6.049E+21,9.17114E+15,5.45883E+16
92662,92663,1,0,54,56,2016,8,18,6,3,0,1,1,0,1,0,0,0,0,0,5.00263E+20,6.04071E+21,9.00406E+15,5.45139E+16
92663,92664,1,0,62,60,2016,8,13,2,3,1,5,0,1,1,0,0,0,0,1,5.82441E+20,5.93066E+21,1.02434E+16,5.35184E+16
92664,92665,1,0,54,56,2016,8,9,6,2,5,3,0,0,0,1,0,0,0,0,5.00084E+20,6.04068E+21,9.0013E+15,5.45137E+16
92665,92666,1,0,56,15,2016,8,14,2,3,3,6,0,1,1,1,0,0,0,0,5.42964E+20,5.95594E+21,9.65156E+15,5.37503E+16
92666,92667,1,0,53,32,2016,8,23,1,3,2,6,2,0,0,0,0,1,0,0,5.90158E+20,5.92211E+21,1.03573E+16,5.34403E+16
92667,92668,1,0,54,168,2016,8,3,1,3,0,7,2,0,0,1,1,0,0,0,4.56109E+20,6.08401E+21,8.31555E+15,5.49012E+16
92668,92669,1,0,56,15,2016,8,18,5,3,5,3,0,0,1,1,0,0,0,0,5.43011E+20,5.9564E+21,9.65234E+15,5.37544E+16
92669,92670,1,0,58,88,2016,8,9,4,2,2,6,0,0,0,1,0,0,0,1,5.47533E+20,6.02722E+21,9.73202E+15,5.43905E+16
92670,92671,1,0,2,0,2016,8,15,3,3,5,2,0,0,1,1,0,0,0,0,5.74813E+20,6.02133E+21,1.01506E+16,5.43343E+16
92671,92672,1,0,53,116,2016,8,7,3,3,1,5,0,0,1,0,0,0,0,1,5.97618E+20,5.92985E+21,1.0472E+16,5.35085E+16
92672,92673,1,0,56,15,2016,8,11,2,2,6,3,0,0,0,1,1,0,0,0,5.4373E+20,5.95729E+21,9.66336E+15,5.37624E+16
92673,92674,1,0,59,45,2016,8,18,2,3,1,7,0,0,0,1,0,0,0,0,5.65542E+20,6.05737E+21,1.0016E+16,5.46595E+16
92674,92675,1,0,4,0,2016,8,18,4,3,0,1,0,0,0,0,0,1,0,0,5.63315E+20,5.99205E+21,9.96762E+15,5.40727E+16
92675,92676,1,0,51,44,2016,8,11,6,3,5,2,0,0,0,1,0,0,0,0,5.06958E+20,6.00504E+21,9.10665E+15,5.41934E+16
92676,92677,1,0,2,0,2016,8,16,5,3,2,6,0,1,0,1,0,0,0,0,5.73076E+20,6.02007E+21,1.01236E+16,5.43233E+16
92677,92678,1,0,60,5,2016,9,10,6,2,6,4,0,0,0,0,1,0,0,1,5.85772E+20,5.97773E+21,1.03067E+16,5.39408E+16
92678,92679,1,0,54,149,2016,9,17,3,1,0,1,0,0,1,0,0,0,0,0,4.56208E+20,6.08781E+21,8.3165E+15,5.49353E+16
92679,92680,1,0,3,0,2016,9,14,5,3,2,6,0,0,1,1,0,0,0,0,6.11005E+20,5.97049E+21,1.06883E+16,5.3871E+16
92680,92681,1,0,60,63,2016,9,8,2,3,5,3,0,0,1,1,0,0,0,0,5.64627E+20,5.94903E+21,9.97859E+15,5.36859E+16
92681,92682,1,0,51,44,2016,9,7,3,3,3,6,0,0,1,0,0,0,0,0,5.0633E+20,6.0062E+21,9.09705E+15,5.42038E+16
92682,92683,1,0,57,48,2016,9,21,3,2,5,2,2,0,0,1,0,1,0,0,6.03249E+20,6.01698E+21,1.05862E+16,5.42903E+16
92683,92684,1,0,58,34,2016,9,14,3,3,3,6,0,0,1,0,0,0,0,0,5.42789E+20,6.01877E+21,9.65776E+15,5.4315E+16
92684,92685,1,0,55,4,2016,9,21,6,3,0,7,2,0,1,0,0,0,0,0,6.09287E+20,5.9747E+21,1.06637E+16,5.39092E+16
92685,92686,1,0,4,0,2016,9,16,2,3,5,3,0,0,0,1,0,0,0,0,5.64902E+20,5.99303E+21,9.99207E+15,5.40813E+16
92686,92687,1,0,55,40,2016,9,11,6,3,3,6,0,0,1,0,0,0,0,1,6.08317E+20,5.97246E+21,1.06481E+16,5.38892E+16
92687,92688,1,0,55,12,2016,9,8,5,3,0,1,0,0,1,0,0,0,0,0,6.05321E+20,5.99914E+21,1.06118E+16,5.41296E+16
92688,92689,1,0,59,75,2016,8,10,4,3,5,3,0,0,1,1,0,0,0,0,5.36135E+20,6.04243E+21,9.55836E+15,5.45281E+16
92689,92690,1,0,57,62,2016,9,20,1,3,2,6,2,0,0,1,0,0,0,0,5.83768E+20,6.01048E+21,1.02852E+16,5.42355E+16
92690,92691,1,0,60,44,2016,9,16,6,3,1,5,0,0,0,1,0,0,0,0,5.62729E+20,5.96507E+21,9.95311E+15,5.38303E+16
92691,92692,1,0,53,90,2016,9,9,3,3,0,1,0,0,1,0,0,0,0,0,6.12008E+20,5.94026E+21,1.06926E+16,5.35991E+16
92692,92693,1,0,59,109,2016,9,12,1,3,0,1,0,0,1,0,0,0,0,0,5.53739E+20,6.06287E+21,9.8341E+15,5.47103E+16