FID,OBJECTID,ULAND,UREGBEZ,UKREIS,UGEMEINDE,UJAHR,UMONAT,USTUNDE,UWOCHENTAG,UKATEGORIE,UART,UTYP1,ULICHTVERH,IstStrasse,IstRad,IstPKW,IstFuss,IstKrad,IstGkfz,IstSonstig,LINREFX,LINREFY,XGCSWGS84,YGCSWGS84
92693,92694,1,0,60,63,2016,9,15,2,2,5,2,0,0,1,1,0,0,0,0,5.64727E+20,5.95255E+21,9.98084E+15,5.37177E+16
92694,92695,1,0,59,75,2016,9,8,3,3,5,3,0,0,0,1,0,0,0,0,5.38058E+20,6.04191E+21,9.588E+15,5.45233E+16
92695,92696,1,0,3,0,2016,9,8,6,3,9,1,0,0,0,1,0,0,0,0,6.10701E+20,5.97203E+21,1.06842E+16,5.38849E+16
92696,92697,1,0,58,135,2016,9,18,7,3,8,1,0,0,0,1,0,0,0,0,5.43063E+20,6.01688E+21,9.66169E+15,5.4298E+16
92697,92698,1,0,51,44,2016,9,10,2,3,0,6,0,0,1,0,1,0,0,0,5.05775E+20,6.00491E+21,9.08851E+15,5.41922E+16
92698,92699,1,0,1,0,2016,9,8,3,3,6,4,0,0,1,0,1,0,0,0,5.28339E+20,6.07049E+21,9.44061E+15,5.47808E+16
92699,92700,1,0,58,166,2016,9,7,6,2,1,5,0,0,0,1,0,0,1,0,5.63703E+20,6.04325E+21,9.98446E+15,5.45328E+16
92700,92701,1,0,60,63,2016,9,12,7,3,5,3,0,1,1,1,0,0,0,0,5.66498E+20,5.95097E+21,1.00073E+16,5.37032E+16
92701,92702,1,0,55,46,2016,9,15,5,3,0,6,0,0,0,1,1,0,0,0,6.42312E+20,6.03429E+21,1.11942E+16,5.44364E+16
92702,92703,1,0,54,149,2016,8,12,4,3,0,1,0,0,1,0,0,0,0,0,4.56928E+20,6.08852E+21,8.32763E+15,5.49418E+16
92703,92704,1,0,51,127,2016,9,12,7,3,5,3,0,0,1,1,0,0,0,0,4.95013E+20,6.00739E+21,8.92352E+15,5.42145E+16
92704,92705,1,0,60,5,2016,9,8,6,3,6,4,0,0,1,0,1,0,0,0,5.85816E+20,5.97746E+21,1.03073E+16,5.39384E+16
92705,92706,1,0,56,39,2016,9,8,2,3,4,6,0,1,0,1,0,1,0,0,5.53717E+20,5.9439E+21,9.81252E+15,5.36411E+16
92706,92707,1,0,58,43,2016,9,20,6,2,4,6,0,0,0,1,0,0,0,0,5.53996E+20,6.0352E+21,9.83299E+15,5.44616E+16
92707,92708,1,0,54,168,2016,9,11,7,3,0,1,0,0,1,0,0,0,0,0,4.55177E+20,6.08516E+21,8.30084E+15,5.49114E+16
92708,92709,1,0,2,0,2016,9,7,5,3,5,3,0,0,1,1,0,0,0,0,5.69633E+20,6.01935E+21,1.00705E+16,5.43173E+16
92709,92710,1,0,62,60,2016,9,8,6,3,2,6,0,0,0,1,0,0,0,0,5.82014E+20,5.93192E+21,1.02373E+16,5.35298E+16
92710,92711,1,0,1,0,2016,9,15,3,3,5,3,0,0,1,1,0,0,0,0,5.30406E+20,6.06962E+21,9.47266E+15,5.47729E+16
92711,92712,1,0,61,46,2016,9,6,5,3,5,3,0,0,1,1,0,0,0,0,5.33603E+20,5.97545E+21,9.51173E+15,5.39263E+16
92712,92713,1,0,55,21,2016,9,16,4,3,3,6,0,0,1,0,0,0,0,0,6.30899E+20,6.02639E+21,1.10149E+16,5.43685E+16
92713,92714,1,0,2,0,2016,9,7,5,3,5,3,0,0,0,1,0,0,0,0,5.73836E+20,6.02129E+21,1.01355E+16,5.43341E+16
92714,92715,1,0,3,0,2016,9,14,6,3,5,3,0,0,0,1,0,1,0,0,6.09266E+20,5.96923E+21,1.06614E+16,5.38601E+16
92715,92716,1,0,2,0,2016,9,17,5,3,5,2,0,0,1,1,0,0,0,0,5.7104E+20,6.01749E+21,1.00917E+16,5.43004E+16
92716,92717,1,0,56,41,2016,9,21,3,3,5,3,2,0,0,1,0,0,0,0,5.60089E+20,5.95367E+21,9.91079E+15,5.37282E+16
92717,92718,1,0,3,0,2016,9,12,6,3,5,3,0,0,0,1,0,0,0,0,6.11751E+20,5.97152E+21,1.07E+16,5.38801E+16
92718,92719,1,0,60,89,2016,9,16,2,3,0,5,0,0,1,1,0,0,0,0,5.79914E+20,5.98835E+21,1.02203E+16,5.40372E+16
92719,92720,1,0,54,56,2016,9,13,6,3,5,3,0,1,0,1,0,0,0,0,5.03781E+20,6.03584E+21,9.05834E+15,5.44702E+16
92720,92721,1,0,54,164,2016,9,22,5,3,0,1,2,0,1,0,0,0,0,0,4.7158E+20,6.06084E+21,8.55907E+15,5.46941E+16
92721,92722,1,0,62,4,2016,9,17,6,3,5,2,0,0,1,1,0,0,0,0,5.91012E+20,5.96284E+21,1.03821E+16,5.38061E+16
92722,92723,1,0,55,32,2016,9,19,6,3,0,7,0,0,1,0,0,0,0,0,6.19192E+20,5.99573E+21,1.08226E+16,5.40959E+16
92723,92724,1,0,3,0,2016,9,10,5,3,6,4,0,0,0,1,1,0,0,0,6.12595E+20,5.96669E+21,1.07111E+16,5.38365E+16
92724,92725,1,0,53,129,2016,9,18,2,3,5,3,0,0,1,1,0,0,0,0,5.83394E+20,5.92752E+21,1.02569E+16,5.349E+16
92725,92726,1,0,4,0,2016,9,8,4,3,5,3,0,0,1,1,0,0,0,0,5.63594E+20,5.99336E+21,9.97215E+15,5.40845E+16
92726,92727,1,0,3,0,2016,9,13,3,3,5,3,0,0,1,1,0,0,0,0,6.1298E+20,5.97028E+21,1.07183E+16,5.38687E+16
92727,92728,1,0,55,40,2016,9,12,2,3,5,3,0,0,0,1,0,0,0,0,6.08207E+20,5.9733E+21,1.06468E+16,5.38968E+16
92728,92729,1,0,60,39,2016,9,14,5,3,2,7,0,0,0,1,0,0,0,1,5.64734E+20,5.96219E+21,9.98296E+15,5.38042E+16
92729,92730,1,0,1,0,2016,9,7,5,3,3,2,0,0,1,0,0,0,0,0,5.27918E+20,6.07145E+21,9.43416E+15,5.47894E+16
92730,92731,1,0,56,15,2016,9,10,2,3,2,2,0,0,0,1,0,0,0,1,5.43469E+20,5.9555E+21,9.65915E+15,5.37463E+16
92731,92732,1,0,62,60,2016,9,19,5,3,5,3,0,0,1,1,0,0,0,0,5.83156E+20,5.92959E+21,1.02539E+16,5.35087E+16
92732,92733,1,0,61,17,2016,9,8,4,2,0,3,0,0,0,1,0,0,0,1,5.32828E+20,5.97307E+21,9.49968E+15,5.3905E+16
92733,92734,1,0,1,0,2016,9,18,3,3,5,3,0,0,1,1,0,0,0,0,5.27434E+20,6.07235E+21,9.42672E+15,5.47976E+16
92734,92735,1,0,58,43,2016,9,7,5,3,5,2,0,0,1,1,0,0,0,0,5.54238E+20,6.03387E+21,9.83648E+15,5.44496E+16
92735,92736,1,0,3,0,2016,9,8,2,3,5,2,0,0,1,1,0,0,0,0,6.11764E+20,5.96786E+21,1.06989E+16,5.38472E+16
92736,92737,1,0,53,41,2016,9,12,2,3,5,3,0,0,0,1,0,0,0,0,6.1443E+20,5.9642E+21,1.0738E+16,5.38138E+16
92737,92738,1,0,2,0,2016,9,16,3,3,1,5,0,0,1,1,0,0,0,0,5.76054E+20,6.02784E+21,1.01713E+16,5.43926E+16
92738,92739,1,0,53,32,2016,9,17,5,2,5,3,0,0,1,1,0,0,0,0,5.90992E+20,5.92097E+21,1.03695E+16,5.34299E+16
92739,92740,1,0,53,12,2016,9,16,1,3,5,2,0,0,1,0,0,0,0,0,5.84666E+20,5.92596E+21,1.02757E+16,5.34758E+16
92740,92741,1,0,62,1,2016,9,9,5,3,0,3,0,0,1,1,0,0,0,0,5.82325E+20,5.9486E+21,1.02464E+16,5.36797E+16
92741,92742,1,0,61,46,2016,9,7,4,3,4,2,0,0,1,1,0,0,0,0,5.33979E+20,5.97621E+21,9.51755E+15,5.39332E+16
92742,92743,1,0,51,74,2016,8,18,3,3,5,3,0,0,1,1,0,0,0,0,5.05072E+20,5.99356E+21,9.07754E+15,5.40902E+16
92743,92744,1,0,56,24,2016,9,11,7,3,5,2,0,0,1,1,0,0,0,0,5.4357E+20,5.94484E+21,9.65918E+15,5.36505E+16
92744,92745,1,0,55,17,2016,9,18,6,3,5,3,0,0,1,0,0,1,0,0,6.35434E+20,6.02652E+21,1.10847E+16,5.43684E+16
92745,92746,1,0,62,1,2016,9,18,3,3,5,3,0,0,1,0,0,0,0,0,5.81502E+20,5.94837E+21,1.02339E+16,5.36777E+16
92746,92747,1,0,53,90,2016,9,19,2,3,2,6,0,0,0,1,0,0,0,0,6.11341E+20,5.94299E+21,1.06835E+16,5.36238E+16
92747,92748,1,0,60,63,2016,8,19,3,3,5,3,0,0,1,1,0,0,0,0,5.66633E+20,5.95111E+21,1.00094E+16,5.37044E+16
92748,92749,1,0,53,76,2016,9,16,3,2,5,3,0,0,0,0,0,1,0,1,5.9308E+20,5.93857E+21,1.04062E+16,5.35877E+16
92749,92750,1,0,54,88,2016,9,17,3,3,4,6,0,0,1,1,0,0,0,0,4.88713E+20,6.07147E+21,8.82447E+15,5.47903E+16
92750,92751,1,0,60,63,2016,9,15,7,3,3,6,0,0,1,1,0,0,0,0,5.67287E+20,5.95172E+21,1.00194E+16,5.37098E+16
92751,92752,1,0,3,0,2016,9,17,2,3,2,6,0,0,0,1,0,0,0,0,6.11053E+20,5.97223E+21,1.06897E+16,5.38866E+16
92752,92753,1,0,62,1,2016,9,7,2,3,5,3,0,1,0,1,0,1,0,0,5.81716E+20,5.94524E+21,1.02363E+16,5.36496E+16
92753,92754,1,0,56,44,2016,9,9,2,3,4,1,0,0,0,1,0,0,0,0,5.55314E+20,5.93975E+21,9.83594E+15,5.36036E+16
92754,92755,1,0,62,82,2016,9,14,5,1,5,3,0,0,1,0,0,0,1,0,5.93279E+20,5.94044E+21,1.04097E+16,5.36044E+16
92755,92756,1,0,53,83,2016,9,12,7,3,4,6,0,0,1,1,0,0,0,0,6.02214E+20,5.91505E+21,1.05365E+16,5.33747E+16
92756,92757,1,0,56,18,2016,9,20,4,3,5,2,1,0,1,1,0,0,0,0,5.57537E+20,5.94139E+21,9.86983E+15,5.36182E+16
92757,92758,1,0,56,48,2016,8,13,3,3,0,2,0,0,1,1,0,0,0,0,5.46812E+20,5.94952E+21,9.70894E+15,5.36923E+16
92758,92759,1,0,57,91,2016,9,7,5,3,0,3,0,0,1,1,0,0,0,0,5.81135E+20,6.01504E+21,1.02461E+16,5.42768E+16
92759,92760,1,0,56,44,2016,9,7,3,3,0,7,0,0,1,0,0,0,1,0,5.55503E+20,5.9403E+21,9.8389E+15,5.36086E+16
92760,92761,1,0,3,0,2016,9,8,6,3,0,7,0,0,1,0,0,0,0,0,6.11026E+20,5.96974E+21,1.06884E+16,5.38643E+16
92761,92762,1,0,3,0,2016,9,7,2,3,5,7,0,0,1,0,0,0,0,1,6.11045E+20,5.97075E+21,1.0689E+16,5.38733E+16
92762,92763,1,0,55,42,2016,9,17,5,3,2,6,0,0,0,1,0,0,0,0,6.19615E+20,5.98431E+21,1.08246E+16,5.39933E+16
92763,92764,1,0,56,49,2016,9,15,4,3,0,1,0,0,1,0,0,0,0,0,5.45125E+20,5.94852E+21,9.68325E+15,5.36835E+16
92764,92765,1,0,54,138,2016,9,12,7,3,5,2,0,0,1,1,0,0,0,0,4.96857E+20,6.0195E+21,8.95168E+15,5.43234E+16
92765,92766,1,0,3,0,2016,9,3,7,3,3,6,2,0,1,1,0,0,0,0,6.11267E+20,5.96591E+21,1.06906E+16,5.38298E+16
92766,92767,1,0,3,0,2016,9,17,2,3,6,4,0,0,0,1,1,0,0,0,6.09376E+20,5.97219E+21,1.06641E+16,5.38866E+16
92767,92768,1,0,3,0,2016,9,19,2,2,0,7,0,0,1,0,0,0,0,0,6.22341E+20,5.98169E+21,1.08651E+16,5.39691E+16
92768,92769,1,0,3,0,2016,9,15,5,3,6,4,0,0,0,1,1,0,0,0,6.13183E+20,5.97015E+21,1.07213E+16,5.38675E+16
92769,92770,1,0,2,0,2016,9,22,7,3,0,1,2,0,1,0,0,0,0,0,5.7373E+20,6.02052E+21,1.01337E+16,5.43272E+16
92770,92771,1,0,60,4,2016,9,19,4,3,5,3,0,0,1,1,0,0,0,0,5.58455E+20,5.97489E+21,9.89006E+15,5.39191E+16
92771,92772,1,0,55,12,2016,9,17,6,3,0,1,0,0,1,0,0,0,0,0,6.0459E+20,6.00255E+21,1.06018E+16,5.41604E+16
92772,92773,1,0,57,70,2016,9,12,6,2,5,3,0,0,1,1,0,0,0,0,5.84426E+20,6.00983E+21,1.02951E+16,5.42295E+16
92773,92774,1,0,62,19,2016,9,18,4,3,0,7,0,0,1,0,0,0,0,0,5.84024E+20,5.96212E+21,1.02758E+16,5.38008E+16
92774,92775,1,0,55,37,2016,9,13,6,3,5,3,0,0,1,1,0,0,0,0,6.23755E+20,5.99645E+21,1.08927E+16,5.41014E+16
92775,92776,1,0,3,0,2016,9,9,2,3,0,5,0,1,0,1,0,1,0,0,6.10544E+20,5.9699E+21,1.06811E+16,5.38658E+16
92776,92777,1,0,3,0,2016,9,20,5,3,1,7,2,0,0,0,0,1,0,1,6.22867E+20,5.98062E+21,1.08727E+16,5.39594E+16
92777,92778,1,0,60,5,2016,9,9,4,3,2,7,0,0,0,1,0,0,0,0,5.85221E+20,5.97609E+21,1.02978E+16,5.39262E+16
92778,92779,1,0,55,42,2016,9,11,6,2,2,7,0,0,0,1,0,0,0,0,6.19488E+20,5.98433E+21,1.08227E+16,5.39935E+16
92779,92780,1,0,59,75,2016,9,17,3,3,5,3,0,0,0,1,0,0,0,0,5.35581E+20,6.04197E+21,9.54974E+15,5.4524E+16
92780,92781,1,0,55,17,2016,9,15,6,3,2,6,0,0,0,1,0,0,0,0,6.35433E+20,6.02635E+21,1.10846E+16,5.43669E+16
92781,92782,1,0,54,168,2016,9,15,3,3,0,7,0,0,1,0,0,0,0,0,4.56138E+20,6.08669E+21,8.31558E+15,5.49252E+16
92782,92783,1,0,56,41,2016,9,14,5,2,4,6,0,0,1,1,0,0,0,0,5.60169E+20,5.95419E+21,9.9121E+15,5.37329E+16
92783,92784,1,0,3,0,2016,9,6,4,3,5,7,0,0,1,1,0,0,0,0,6.09701E+20,5.96987E+21,1.06683E+16,5.38657E+16
92784,92785,1,0,58,135,2016,9,15,2,3,0,7,0,0,1,0,0,0,0,0,5.41866E+20,6.01954E+21,9.64367E+15,5.4322E+16
92785,92786,1,0,58,135,2016,9,7,5,3,6,6,0,0,0,1,1,0,0,0,5.43405E+20,6.01578E+21,9.66679E+15,5.42881E+16
92786,92787,1,0,60,5,2016,9,9,4,3,1,5,0,0,0,1,0,0,1,0,5.86465E+20,5.97691E+21,1.0317E+16,5.39333E+16
92787,92788,1,0,56,15,2016,8,17,3,3,5,3,0,0,1,1,0,0,0,0,5.4348E+20,5.95426E+21,9.65915E+15,5.37352E+16
92788,92789,1,0,55,12,2016,9,7,3,3,0,7,0,0,1,0,0,0,0,0,6.05817E+20,5.99967E+21,1.06196E+16,5.41342E+16
92789,92790,1,0,59,107,2016,9,16,3,3,8,1,0,0,1,0,0,0,0,0,5.24133E+20,6.053E+21,9.37378E+15,5.46239E+16
92790,92791,1,0,3,0,2016,9,10,7,3,0,6,0,0,0,1,0,0,0,1,6.10366E+20,5.96992E+21,1.06784E+16,5.3866E+16
92791,92792,1,0,58,135,2016,9,9,2,3,2,6,0,0,0,1,0,0,0,0,5.42625E+20,6.01831E+21,9.65517E+15,5.43109E+16
92792,92793,1,0,2,0,2016,9,18,2,2,5,3,0,0,0,1,0,0,0,0,5.7012E+20,6.01776E+21,1.00776E+16,5.43029E+16
92793,92794,1,0,1,0,2016,9,12,3,3,5,3,0,0,0,1,0,0,0,0,5.27962E+20,6.07039E+21,9.43474E+15,5.47799E+16
92794,92795,1,0,2,0,2016,9,12,5,3,6,7,0,0,0,0,1,0,0,1,5.74548E+20,6.01913E+21,1.0146E+16,5.43146E+16
92795,92796,1,0,60,63,2016,9,7,7,3,5,2,1,1,0,1,0,0,0,0,5.65634E+20,5.95305E+21,9.99469E+15,5.3722E+16
92796,92797,1,0,55,32,2016,9,9,5,3,0,7,0,1,0,0,0,1,0,0,6.18931E+20,5.99739E+21,1.08193E+16,5.41109E+16
92797,92798,1,0,58,124,2016,9,12,2,3,5,3,0,0,1,1,0,0,0,0,5.43571E+20,6.01588E+21,9.66935E+15,5.4289E+16
92798,92799,1,0,59,86,2016,9,7,4,3,8,1,0,0,0,0,0,0,0,1,5.42861E+20,6.04569E+21,9.66276E+15,5.45569E+16
92799,92800,1,0,59,120,2016,9,16,2,3,5,3,0,0,0,0,0,1,1,0,5.2534E+20,6.07345E+21,9.39424E+15,5.48076E+16
92800,92801,1,0,55,12,2016,9,15,3,3,0,1,0,0,1,0,0,0,0,0,6.05354E+20,6.00027E+21,1.06127E+16,5.41397E+16
92801,92802,1,0,55,4,2016,9,16,2,3,0,3,0,0,0,1,0,1,0,0,6.11427E+20,5.97546E+21,1.06965E+16,5.39156E+16
92802,92803,1,0,2,0,2016,9,4,5,3,0,7,2,0,1,0,0,0,0,0,5.74464E+20,6.01849E+21,1.01445E+16,5.43089E+16
92803,92804,1,0,53,14,2016,9,16,4,3,6,2,0,0,0,1,1,0,0,0,6.08144E+20,5.94114E+21,1.06345E+16,5.36079E+16
92804,92805,1,0,3,0,2016,8,16,3,3,0,1,0,0,1,0,0,0,0,0,6.10307E+20,5.97089E+21,1.06778E+16,5.38748E+16
92805,92806,1,0,3,0,2016,9,16,7,3,5,2,0,0,1,1,0,0,0,0,6.12829E+20,5.9696E+21,1.07157E+16,5.38626E+16
92806,92807,1,0,58,5,2016,9,11,6,3,5,3,0,0,1,1,0,0,0,0,5.73134E+20,6.02858E+21,1.01265E+16,5.43997E+16
92807,92808,1,0,3,0,2016,9,13,3,3,2,6,0,0,1,0,0,0,0,0,6.18366E+20,5.97243E+21,1.0801E+16,5.38868E+16
92808,92809,1,0,54,56,2016,9,17,3,3,2,6,0,0,0,1,0,1,0,0,5.04796E+20,6.0375E+21,9.07403E+15,5.44851E+16
92809,92810,1,0,55,28,2016,9,11,7,3,9,1,0,0,0,0,0,1,0,0,6.00687E+20,6.00766E+21,1.05438E+16,5.4207E+16
92810,92811,1,0,54,56,2016,9,19,2,3,5,3,1,0,0,1,0,0,0,0,5.05231E+20,6.038E+21,9.08075E+15,5.44896E+16
92811,92812,1,0,1,0,2016,9,13,2,3,5,3,0,0,1,1,0,0,0,0,5.29457E+20,6.07281E+21,9.45824E+15,5.48016E+16
92812,92813,1,0,56,39,2016,9,18,2,3,6,4,0,0,0,1,1,0,0,0,5.52549E+20,5.94577E+21,9.79517E+15,5.3658E+16
92813,92814,1,0,57,25,2016,9,11,5,3,6,4,0,0,1,0,1,0,0,0,5.77759E+20,6.02596E+21,1.01971E+16,5.43755E+16
92814,92815,1,0,55,42,2016,9,8,7,3,0,7,0,0,1,0,0,0,0,0,6.1686E+20,5.98472E+21,1.07828E+16,5.39976E+16
92815,92816,1,0,53,27,2016,9,18,4,1,4,6,0,0,0,1,0,0,0,1,6.02548E+20,5.93461E+21,1.05479E+16,5.35504E+16
92816,92817,1,0,3,0,2016,9,13,6,3,0,1,0,0,1,0,0,0,0,0,6.11248E+20,5.97302E+21,1.06929E+16,5.38937E+16
92817,92818,1,0,3,0,2016,9,19,4,3,2,6,0,0,1,0,0,0,0,0,6.10923E+20,5.96961E+21,1.06867E+16,5.38631E+16
92818,92819,1,0,3,0,2016,8,16,3,3,0,7,0,0,1,1,0,0,0,0,6.13183E+20,5.9699E+21,1.07212E+16,5.38652E+16
92819,92820,1,0,55,12,2016,9,12,7,3,5,2,0,0,1,1,0,0,0,0,6.04855E+20,5.99871E+21,1.06045E+16,5.41258E+16
92820,92821,1,0,58,34,2016,9,17,6,3,0,1,0,0,0,0,0,1,0,0,5.43014E+20,6.01848E+21,9.66117E+15,5.43123E+16
92821,92822,1,0,54,168,2016,9,19,2,3,8,1,0,0,1,0,0,0,0,0,4.55431E+20,6.08394E+21,8.30498E+15,5.49005E+16
92822,92823,1,0,54,56,2016,9,7,2,2,5,2,0,0,1,0,0,0,0,0,5.0359E+20,6.0364E+21,9.0554E+15,5.44753E+16
92823,92824,1,0,59,75,2016,9,20,5,3,0,7,1,0,1,0,0,0,0,0,5.36721E+20,6.04075E+21,9.5672E+15,5.4513E+16
92824,92825,1,0,54,88,2016,9,18,7,3,8,7,0,0,0,1,0,0,0,0,4.89149E+20,6.07101E+21,8.83127E+15,5.47862E+16
92825,92826,1,0,58,43,2016,9,7,4,3,4,6,0,0,0,1,0,0,0,1,5.5542E+20,6.03791E+21,9.85547E+15,5.44858E+16
92826,92827,1,0,2,0,2016,9,14,6,3,1,5,0,0,1,1,0,0,0,0,5.74623E+20,6.02163E+21,1.01477E+16,5.43371E+16
92827,92828,1,0,51,44,2016,9,10,5,2,5,3,0,0,1,1,0,0,0,0,5.06848E+20,6.00532E+21,9.10497E+15,5.41958E+16
92828,92829,1,0,55,4,2016,9,13,4,3,5,3,0,0,1,0,0,0,0,1,6.11541E+20,5.9764E+21,1.06986E+16,5.3924E+16
92829,92830,1,0,2,0,2016,9,13,6,2,0,1,0,0,1,0,0,0,0,0,5.74152E+20,6.01874E+21,1.01398E+16,5.43112E+16
92830,92831,1,0,61,18,2016,9,6,1,2,8,1,0,1,0,1,0,0,0,0,5.21079E+20,5.96982E+21,9.32063E+15,5.38764E+16
92831,92832,1,0,57,57,2016,9,10,5,2,5,2,0,0,1,1,0,0,0,0,5.93522E+20,6.00218E+21,1.04323E+16,5.41592E+16
92832,92833,1,0,2,0,2016,9,18,6,3,1,5,0,0,1,1,0,0,0,0,5.7358E+20,6.02013E+21,1.01313E+16,5.43237E+16
92833,92834,1,0,53,116,2016,9,15,1,3,5,2,0,1,0,1,0,0,0,0,5.98736E+20,5.92906E+21,1.04886E+16,5.35012E+16
92834,92835,1,0,51,13,2016,8,20,4,3,6,2,2,0,0,1,1,0,0,0,4.9064E+20,5.99811E+21,8.85676E+15,5.4131E+16
92835,92836,1,0,2,0,2016,9,13,4,3,5,3,0,0,1,1,0,0,0,0,5.70648E+20,6.01653E+21,1.00854E+16,5.42918E+16
92836,92837,1,0,56,50,2016,9,14,6,3,5,3,0,1,1,1,0,0,0,0,5.46561E+20,5.93709E+21,9.70327E+15,5.35806E+16
92837,92838,1,0,59,171,2016,9,18,6,3,0,7,0,0,1,0,0,0,0,0,5.25329E+20,6.05711E+21,9.39266E+15,5.46607E+16
92838,92839,1,0,55,16,2016,9,11,5,3,5,2,0,0,1,1,0,0,0,0,6.27778E+20,6.00207E+21,1.09565E+16,5.41508E+16
92839,92840,1,0,54,56,2016,9,18,2,3,5,3,0,0,1,1,0,0,0,0,5.02243E+20,6.03884E+21,9.03463E+15,5.44971E+16
92840,92841,1,0,58,92,2016,9,17,4,3,5,2,0,0,1,1,0,0,0,0,5.71353E+20,6.02234E+21,1.00976E+16,5.43439E+16
92841,92842,1,0,56,39,2016,8,18,4,3,6,4,0,0,0,1,1,0,0,0,5.53452E+20,5.94606E+21,9.80888E+15,5.36606E+16
92842,92843,1,0,54,113,2016,9,9,4,3,0,1,0,0,1,0,0,0,0,0,4.74397E+20,6.01977E+21,8.60633E+15,5.43251E+16
92843,92844,1,0,57,91,2016,8,6,3,3,4,2,0,0,0,1,0,1,0,0,5.78713E+20,6.01707E+21,1.02094E+16,5.42955E+16
92844,92845,1,0,56,49,2016,8,10,4,3,5,2,0,0,1,1,0,0,0,0,5.45061E+20,5.9484E+21,9.68226E+15,5.36824E+16
92845,92846,1,0,54,56,2016,9,8,4,3,5,2,0,0,1,1,0,0,0,0,5.04215E+20,6.03819E+21,9.06508E+15,5.44913E+16
92846,92847,1,0,51,71,2016,9,17,5,3,0,1,0,0,1,0,0,0,0,0,5.01921E+20,6.0204E+21,9.02955E+15,5.43315E+16
92847,92848,1,0,61,46,2016,9,9,2,3,1,5,0,0,0,1,0,0,1,0,5.32758E+20,5.97666E+21,9.499E+15,5.39373E+16
92848,92849,1,0,58,34,2016,9,16,5,3,5,3,0,0,1,1,0,0,0,0,5.43428E+20,6.01881E+21,9.66757E+15,5.43153E+16
92849,92850,1,0,54,168,2016,9,11,2,3,5,3,0,0,1,1,0,0,0,0,4.55659E+20,6.08481E+21,8.3084E+15,5.49083E+16
92850,92851,1,0,53,90,2016,9,12,1,3,5,3,0,0,1,1,0,0,0,0,6.11962E+20,5.94373E+21,1.06932E+16,5.36303E+16
92851,92852,1,0,2,0,2016,9,17,3,3,6,4,0,0,1,0,1,0,0,0,5.76871E+20,6.02097E+21,1.01821E+16,5.43308E+16
92852,92853,1,0,56,49,2016,8,14,4,3,0,7,0,0,1,1,0,0,0,0,5.45205E+20,5.94899E+21,9.68452E+15,5.36876E+16
92853,92854,1,0,60,69,2016,9,18,1,3,5,3,0,0,1,1,0,0,0,0,5.90498E+20,5.98026E+21,1.03794E+16,5.39628E+16
92854,92855,1,0,62,1,2016,8,11,4,3,5,2,0,0,0,1,0,0,0,0,5.82463E+20,5.94672E+21,1.0248E+16,5.36627E+16
92855,92856,1,0,51,74,2016,9,13,3,2,3,6,0,0,0,1,0,0,0,0,4.98187E+20,5.99395E+21,8.97228E+15,5.40937E+16
92856,92857,1,0,2,0,2016,8,15,3,3,0,1,0,0,1,0,0,0,0,0,5.75298E+20,6.01878E+21,1.01574E+16,5.43113E+16
92857,92858,1,0,58,22,2016,9,20,7,2,5,3,2,0,1,1,0,0,0,0,5.66985E+20,6.00355E+21,1.00262E+16,5.41756E+16
92858,92859,1,0,61,49,2016,9,15,5,3,5,2,0,0,0,1,0,1,0,0,5.47226E+20,5.97841E+21,9.71964E+15,5.39519E+16
92859,92860,1,0,55,32,2016,9,12,3,3,5,3,0,0,1,1,0,0,0,0,6.19225E+20,5.99574E+21,1.08231E+16,5.4096E+16
92860,92861,1,0,60,39,2016,9,7,7,3,1,5,0,0,0,1,0,0,0,0,5.65344E+20,5.95665E+21,9.99106E+15,5.37544E+16
92861,92862,1,0,57,62,2016,9,15,7,3,5,3,0,0,1,1,0,0,0,0,5.82598E+20,6.01056E+21,1.02673E+16,5.42363E+16
92862,92863,1,0,59,75,2016,9,14,2,3,7,7,0,0,1,0,0,0,0,0,5.36529E+20,6.04103E+21,9.56427E+15,5.45155E+16
92863,92864,1,0,60,4,2016,9,11,7,3,0,7,0,0,1,0,0,0,0,0,5.57955E+20,5.97485E+21,9.88244E+15,5.39188E+16
92864,92865,1,0,4,0,2016,9,15,3,3,4,6,0,0,0,1,0,0,0,0,5.65984E+20,5.991E+21,1.00082E+16,5.4063E+16
92865,92866,1,0,51,44,2016,9,6,2,3,5,3,0,0,0,1,0,1,0,0,5.06436E+20,6.00447E+21,9.09862E+15,5.41882E+16
92866,92867,1,0,2,0,2016,9,19,7,3,0,1,1,0,1,0,0,0,0,0,5.7709E+20,6.02093E+21,1.01855E+16,5.43304E+16
92867,92868,1,0,56,48,2016,9,21,1,3,5,3,2,0,1,1,0,0,0,0,5.46466E+20,5.95021E+21,9.70379E+15,5.36985E+16
92868,92869,1,0,3,0,2016,9,10,7,3,0,7,0,0,1,0,0,0,0,0,6.1035E+20,5.96992E+21,1.06781E+16,5.3866E+16
92869,92870,1,0,60,4,2016,9,13,2,3,1,5,0,0,1,1,0,0,0,0,5.58174E+20,5.97595E+21,9.88598E+15,5.39287E+16
92870,92871,1,0,62,78,2016,8,7,4,3,5,3,0,0,0,1,0,1,0,0,5.87644E+20,5.95051E+21,1.03274E+16,5.36959E+16
92871,92872,1,0,56,15,2016,9,1,7,3,4,1,2,1,0,1,0,0,0,0,5.44004E+20,5.95629E+21,9.66737E+15,5.37534E+16
92872,92873,1,0,61,29,2016,9,15,3,3,5,2,0,0,1,1,0,0,0,0,5.28034E+20,5.95984E+21,9.4255E+15,5.37864E+16
92873,92874,1,0,2,0,2016,8,19,3,3,9,7,0,0,0,1,0,0,0,0,5.74876E+20,6.02887E+21,1.01535E+16,5.44021E+16
92874,92875,1,0,58,43,2016,9,17,5,3,1,5,0,0,1,1,0,0,0,0,5.55143E+20,6.03737E+21,9.85109E+15,5.44809E+16