FID,OBJECTID,ULAND,UREGBEZ,UKREIS,UGEMEINDE,UJAHR,UMONAT,USTUNDE,UWOCHENTAG,UKATEGORIE,UART,UTYP1,ULICHTVERH,IstStrasse,IstRad,IstPKW,IstFuss,IstKrad,IstGkfz,IstSonstig,LINREFX,LINREFY,XGCSWGS84,YGCSWGS84
92875,92876,1,0,56,39,2016,9,12,5,3,8,7,0,0,0,1,0,0,0,0,5.5321E+20,5.94165E+21,9.80446E+15,5.36209E+16
92876,92877,1,0,55,35,2016,9,23,7,3,9,7,2,1,0,1,0,0,0,0,6.12949E+20,5.97666E+21,1.07201E+16,5.3926E+16
92877,92878,1,0,53,90,2016,8,14,4,3,5,3,0,0,1,1,0,0,0,0,6.11932E+20,5.94193E+21,1.06921E+16,5.36142E+16
92878,92879,1,0,54,85,2016,9,16,7,3,3,1,0,0,1,0,0,0,0,0,4.57696E+20,6.05798E+21,8.34408E+15,5.46674E+16
92879,92880,1,0,51,44,2016,9,10,3,3,5,3,0,0,0,1,0,1,0,0,5.06026E+20,6.00547E+21,9.09237E+15,5.41972E+16
92880,92881,1,0,3,0,2016,8,16,4,3,5,3,0,0,1,0,0,1,0,0,6.18952E+20,5.97438E+21,1.08106E+16,5.39042E+16
92881,92882,1,0,4,0,2016,9,14,7,3,4,6,0,0,0,1,0,1,0,0,5.6471E+20,5.99793E+21,9.99019E+15,5.41255E+16
92882,92883,1,0,56,49,2016,9,22,3,3,5,3,2,0,0,1,0,0,0,0,5.45183E+20,5.94885E+21,9.68417E+15,5.36864E+16
92883,92884,1,0,2,0,2016,8,17,3,3,0,1,0,0,1,0,0,0,0,0,5.75739E+20,6.03187E+21,1.01675E+16,5.44289E+16
92884,92885,1,0,60,4,2016,9,17,5,2,5,3,0,0,0,1,0,1,0,0,5.57909E+20,5.97522E+21,9.8818E+15,5.39221E+16
92885,92886,1,0,58,135,2016,9,14,6,3,5,3,0,0,1,1,0,0,0,0,5.4281E+20,6.01816E+21,9.65799E+15,5.43095E+16
92886,92887,1,0,2,0,2016,9,14,5,3,8,6,0,0,1,0,0,0,0,1,5.71271E+20,6.01789E+21,1.00953E+16,5.43039E+16
92887,92888,1,0,60,40,2016,9,18,5,3,5,7,0,0,1,0,0,0,0,0,5.56625E+20,5.97477E+21,9.86217E+15,5.39182E+16
92888,92889,1,0,58,43,2016,9,11,7,2,3,6,0,0,0,1,0,0,0,0,5.53898E+20,6.03648E+21,9.83172E+15,5.44731E+16
92889,92890,1,0,3,0,2016,8,6,4,3,1,5,1,0,0,1,0,1,0,0,6.10935E+20,5.97206E+21,1.06878E+16,5.38851E+16
92890,92891,1,0,56,39,2016,9,8,3,3,5,3,0,0,1,1,0,0,0,0,5.52659E+20,5.9462E+21,9.79691E+15,5.36619E+16
92891,92892,1,0,56,15,2016,9,17,5,3,6,7,0,0,0,1,1,0,0,0,5.42332E+20,5.95691E+21,9.6421E+15,5.37591E+16
92892,92893,1,0,51,44,2016,9,7,2,3,0,5,0,0,1,1,0,0,0,0,5.06143E+20,6.00493E+21,9.09415E+15,5.41923E+16
92893,92894,1,0,55,42,2016,9,10,5,3,5,3,0,0,1,1,0,0,0,0,6.17696E+20,5.98405E+21,1.07952E+16,5.39913E+16
92894,92895,1,0,60,63,2016,9,1,1,3,0,1,2,0,1,0,0,0,0,0,5.6774E+20,5.95141E+21,1.00262E+16,5.3707E+16
92895,92896,1,0,2,0,2016,9,21,4,3,5,3,2,0,1,1,0,0,0,0,5.71901E+20,6.01713E+21,1.01048E+16,5.4297E+16
92896,92897,1,0,3,0,2016,9,11,3,3,5,3,0,0,1,0,0,0,0,1,6.11695E+20,5.97161E+21,1.06992E+16,5.38809E+16
92897,92898,1,0,62,4,2016,9,17,5,3,5,3,0,0,1,1,0,0,0,0,5.89797E+20,5.96252E+21,1.03635E+16,5.38035E+16
92898,92899,1,0,51,21,2016,9,11,2,3,5,2,0,0,1,1,0,0,0,0,5.01544E+20,5.97783E+21,9.02353E+15,5.39488E+16
92899,92900,1,0,56,39,2016,9,6,5,3,7,7,0,0,0,1,0,0,0,0,5.5147E+20,5.94251E+21,9.77831E+15,5.36289E+16
92900,92901,1,0,55,28,2016,9,17,4,2,9,1,0,0,0,0,0,1,0,0,6.00682E+20,6.00767E+21,1.05437E+16,5.42072E+16
92901,92902,1,0,57,43,2016,9,15,7,3,9,6,0,0,1,0,0,0,0,0,5.79965E+20,6.02912E+21,1.02319E+16,5.44036E+16
92902,92903,1,0,3,0,2016,8,6,4,3,5,3,0,0,1,1,0,0,0,0,6.11431E+20,5.97126E+21,1.06951E+16,5.38778E+16
92903,92904,1,0,60,63,2016,9,7,3,3,5,3,0,0,1,1,0,0,0,0,5.65672E+20,5.95534E+21,9.99575E+15,5.37426E+16
92904,92905,1,0,51,44,2016,9,15,2,2,0,1,0,0,0,0,0,1,0,0,5.07347E+20,6.00445E+21,9.11259E+15,5.41881E+16
92905,92906,1,0,2,0,2016,9,13,7,3,5,3,0,0,1,1,0,0,0,0,5.77022E+20,6.01734E+21,1.01835E+16,5.42982E+16
92906,92907,1,0,53,35,2016,9,16,1,3,5,3,0,0,0,1,0,0,0,1,6.12472E+20,5.93391E+21,1.06973E+16,5.35421E+16
92907,92908,1,0,2,0,2016,9,16,7,3,6,6,0,0,1,0,1,0,0,0,5.72482E+20,6.01792E+21,1.01139E+16,5.4304E+16
92908,92909,1,0,57,57,2016,9,12,3,3,6,6,0,0,0,1,1,0,0,0,5.9205E+20,6.00208E+21,1.04097E+16,5.41585E+16
92909,92910,1,0,3,0,2016,8,9,4,3,3,6,0,0,1,1,0,0,0,0,6.12418E+20,5.97256E+21,1.07105E+16,5.38893E+16
92910,92911,1,0,55,39,2016,9,17,1,2,0,7,0,0,0,1,1,0,0,0,6.15275E+20,5.99168E+21,1.07612E+16,5.40604E+16
92911,92912,1,0,58,43,2016,8,12,4,3,5,3,0,0,0,1,0,0,0,1,5.53644E+20,6.03755E+21,9.82799E+15,5.44828E+16
92912,92913,1,0,55,27,2016,9,8,3,3,5,2,0,0,1,1,0,0,0,0,6.22637E+20,6.00935E+21,1.08808E+16,5.42175E+16
92913,92914,1,0,57,91,2016,8,8,3,3,6,6,0,0,0,1,1,0,0,0,5.78792E+20,6.01845E+21,1.0211E+16,5.43078E+16
92914,92915,1,0,3,0,2016,9,9,2,3,0,1,0,0,0,0,0,1,0,0,6.05454E+20,5.96942E+21,1.06035E+16,5.38625E+16
92915,92916,1,0,58,57,2016,8,20,4,2,8,1,1,0,1,0,0,0,0,0,5.51699E+20,6.04075E+21,9.79854E+15,5.45117E+16
92916,92917,1,0,3,0,2016,9,16,3,3,6,4,0,0,0,1,1,0,0,0,6.07694E+20,5.96807E+21,1.06371E+16,5.38499E+16
92917,92918,1,0,59,120,2016,8,15,3,3,5,3,0,0,0,1,0,0,0,0,5.25666E+20,6.07263E+21,9.39925E+15,5.48002E+16
92918,92919,1,0,54,113,2016,9,8,7,3,1,7,0,0,1,1,0,0,0,0,4.74477E+20,6.01871E+21,8.60766E+15,5.43156E+16
92919,92920,1,0,62,18,2016,9,14,5,3,1,5,0,0,0,1,0,0,0,0,5.80631E+20,5.93354E+21,1.02169E+16,5.35446E+16
92920,92921,1,0,2,0,2016,9,13,3,3,1,5,0,0,1,1,0,0,0,0,5.73168E+20,6.01836E+21,1.01246E+16,5.43079E+16
92921,92922,1,0,56,15,2016,9,17,2,3,2,6,0,0,0,1,0,0,0,1,5.43387E+20,5.95616E+21,9.65799E+15,5.37523E+16
92922,92923,1,0,59,53,2016,9,18,7,3,4,6,0,0,1,0,0,0,0,0,5.33544E+20,6.0291E+21,9.51681E+15,5.44085E+16
92923,92924,1,0,62,82,2016,9,13,1,3,3,6,0,0,1,0,0,1,0,0,5.93175E+20,5.94107E+21,1.04084E+16,5.36102E+16
92924,92925,1,0,54,168,2016,9,21,7,3,0,7,2,1,1,0,0,0,0,0,4.55565E+20,6.08447E+21,8.30699E+15,5.49053E+16
92925,92926,1,0,60,4,2016,9,6,2,3,0,3,1,0,0,1,0,1,0,0,5.58445E+20,5.97422E+21,9.88977E+15,5.39131E+16
92926,92927,1,0,57,57,2016,8,18,4,2,5,3,0,0,0,1,0,0,0,1,5.92622E+20,6.00238E+21,1.04185E+16,5.41611E+16
92927,92928,1,0,3,0,2016,9,16,7,3,6,4,0,0,1,0,1,0,0,0,6.10737E+20,5.96995E+21,1.0684E+16,5.38662E+16
92928,92929,1,0,3,0,2016,9,16,3,3,2,3,0,0,1,1,0,0,0,0,6.10704E+20,5.97033E+21,1.06837E+16,5.38696E+16
92929,92930,1,0,54,88,2016,8,12,3,3,5,3,0,0,1,1,0,0,0,0,4.89295E+20,6.07155E+21,8.83351E+15,5.47911E+16
92930,92931,1,0,62,18,2016,9,14,6,3,6,4,0,0,1,0,1,0,0,0,5.80405E+20,5.93333E+21,1.02134E+16,5.35427E+16
92931,92932,1,0,2,0,2016,9,10,5,2,5,3,0,0,1,1,0,0,0,0,5.72635E+20,6.01869E+21,1.01165E+16,5.43109E+16
92932,92933,1,0,53,83,2016,9,18,5,3,5,3,0,0,1,1,0,0,0,0,6.0337E+20,5.91497E+21,1.05538E+16,5.33738E+16
92933,92934,1,0,56,18,2016,9,17,6,3,5,3,0,0,0,1,0,0,0,0,5.57054E+20,5.94275E+21,9.86279E+15,5.36304E+16
92934,92935,1,0,61,49,2016,9,12,6,2,2,6,0,0,0,1,0,1,0,0,5.46901E+20,5.978E+21,9.71463E+15,5.39482E+16
92935,92936,1,0,62,23,2016,9,9,5,2,5,2,0,0,1,1,0,0,0,0,5.84499E+20,5.94471E+21,1.02782E+16,5.36444E+16
92936,92937,1,0,60,63,2016,9,18,6,3,0,1,0,1,0,0,0,1,0,0,5.65741E+20,5.94964E+21,9.99559E+15,5.36913E+16
92937,92938,1,0,58,135,2016,9,19,1,2,5,3,1,0,1,1,0,0,0,0,5.42569E+20,6.01815E+21,9.65428E+15,5.43094E+16
92938,92939,1,0,60,63,2016,9,15,6,3,4,6,0,0,1,0,1,0,0,0,5.66019E+20,5.9512E+21,1.00001E+16,5.37053E+16
92939,92940,1,0,57,25,2016,8,20,4,3,4,7,1,0,1,1,0,0,0,0,5.78184E+20,6.02547E+21,1.02035E+16,5.4371E+16
92940,92941,1,0,55,41,2016,9,17,5,3,0,1,0,0,0,0,0,1,0,0,6.09152E+20,5.99192E+21,1.06678E+16,5.40639E+16
92941,92942,1,0,2,0,2016,9,5,7,3,3,6,2,1,1,1,0,0,0,0,5.73167E+20,6.01947E+21,1.01248E+16,5.43178E+16
92942,92943,1,0,3,0,2016,9,16,3,3,2,6,0,0,1,0,0,0,0,1,6.10944E+20,5.96958E+21,1.06871E+16,5.38628E+16
92943,92944,1,0,62,4,2016,9,17,5,2,5,3,0,0,1,1,0,0,0,0,5.90716E+20,5.96484E+21,1.03782E+16,5.38242E+16
92944,92945,1,0,54,113,2016,9,11,6,3,0,6,0,0,1,1,0,0,0,0,4.76536E+20,6.01724E+21,8.63943E+15,5.43025E+16
92945,92946,1,0,53,9,2016,9,9,4,3,5,3,0,0,0,1,0,0,0,0,6.07692E+20,5.95502E+21,1.06325E+16,5.37327E+16
92946,92947,1,0,53,129,2016,9,18,5,2,4,6,0,0,1,0,0,0,0,0,5.83125E+20,5.92783E+21,1.0253E+16,5.34928E+16
92947,92948,1,0,60,67,2016,9,12,6,3,5,3,0,0,0,1,0,1,0,0,6.00287E+20,5.97876E+21,1.05281E+16,5.39475E+16
92948,92949,1,0,2,0,2016,8,15,4,3,5,2,0,0,0,1,0,0,0,0,5.7237E+20,6.01888E+21,1.01124E+16,5.43127E+16
92949,92950,1,0,58,43,2016,9,7,3,3,5,2,0,0,1,1,0,0,0,0,5.54697E+20,6.03695E+21,9.84414E+15,5.44773E+16
92950,92951,1,0,57,74,2016,8,11,4,2,1,7,0,0,0,1,0,1,0,0,5.78427E+20,6.02164E+21,1.02062E+16,5.43366E+16
92951,92952,1,0,58,124,2016,9,16,3,3,5,3,0,0,0,1,0,0,0,0,5.45504E+20,6.01573E+21,9.69902E+15,5.42875E+16
92952,92953,1,0,56,50,2016,9,12,6,3,5,2,0,0,1,0,0,0,0,1,5.46736E+20,5.93642E+21,9.70581E+15,5.35746E+16
92953,92954,1,0,62,60,2016,9,18,5,3,2,6,0,0,0,1,0,1,0,0,5.8166E+20,5.93118E+21,1.02318E+16,5.35232E+16
92954,92955,1,0,53,100,2016,9,8,5,3,0,1,0,0,1,0,0,0,0,0,6.17481E+20,5.95063E+21,1.07792E+16,5.36912E+16
92955,92956,1,0,3,0,2016,9,15,4,3,1,5,0,0,1,1,0,0,0,0,6.12012E+20,5.96992E+21,1.07034E+16,5.38657E+16
92956,92957,1,0,53,6,2016,9,13,6,3,5,3,0,0,1,1,0,0,0,0,6.05436E+20,5.91955E+21,1.05864E+16,5.34144E+16
92957,92958,1,0,4,0,2016,9,18,3,3,5,3,0,0,1,1,0,0,0,0,5.63434E+20,5.99182E+21,9.96938E+15,5.40707E+16
92958,92959,1,0,54,42,2016,8,18,3,3,0,1,0,0,1,0,0,0,0,0,5.00783E+20,6.04225E+21,9.0121E+15,5.45278E+16
92959,92960,1,0,4,0,2016,9,16,5,3,5,2,0,0,1,1,0,0,0,0,5.64145E+20,5.99192E+21,9.98027E+15,5.40715E+16
92960,92961,1,0,57,57,2016,10,7,3,3,3,6,1,0,1,1,0,0,0,0,5.93382E+20,6.00222E+21,1.04301E+16,5.41596E+16
92961,92962,1,0,2,0,2016,10,10,2,3,5,3,0,1,1,1,0,0,0,0,5.74734E+20,6.01916E+21,1.01488E+16,5.43148E+16
92962,92963,1,0,56,44,2016,10,16,5,3,4,1,0,1,0,1,0,0,1,0,5.55176E+20,5.9384E+21,9.83361E+15,5.35916E+16
92963,92964,1,0,62,90,2016,9,8,4,3,0,1,0,0,1,0,0,0,0,0,5.75766E+20,5.94832E+21,1.01471E+16,5.36781E+16
92964,92965,1,0,60,5,2016,10,16,5,3,5,2,0,0,0,1,0,0,0,0,5.8576E+20,5.97781E+21,1.03065E+16,5.39416E+16
92965,92966,1,0,60,5,2016,10,10,7,3,5,2,0,1,1,1,0,0,0,0,5.85833E+20,5.97837E+21,1.03078E+16,5.39466E+16
92966,92967,1,0,53,32,2016,9,17,2,3,5,3,0,0,1,1,0,0,0,0,5.91269E+20,5.9212E+21,1.03738E+16,5.3432E+16
92967,92968,1,0,56,50,2016,10,15,4,3,2,6,0,1,0,1,0,0,0,0,5.47573E+20,5.93644E+21,9.71846E+15,5.35747E+16
92968,92969,1,0,55,12,2016,9,13,6,3,0,1,0,1,0,0,0,1,0,0,6.05495E+20,5.99938E+21,1.06146E+16,5.41317E+16
92969,92970,1,0,3,0,2016,9,18,2,3,5,2,0,0,1,1,0,0,0,0,6.10454E+20,5.97224E+21,1.06806E+16,5.38868E+16
92970,92971,1,0,59,75,2016,9,19,6,3,5,3,0,0,1,1,0,0,0,0,5.34598E+20,6.04199E+21,9.53456E+15,5.45243E+16
92971,92972,1,0,62,9,2016,10,10,7,3,6,4,0,0,0,1,1,0,0,0,5.77103E+20,5.93622E+21,1.01643E+16,5.35692E+16
92972,92973,1,0,51,11,2016,10,15,3,2,0,7,0,0,1,0,0,0,0,0,5.09433E+20,5.97197E+21,9.14355E+15,5.38961E+16
92973,92974,1,0,54,168,2016,10,15,3,2,5,3,0,0,1,0,0,0,0,0,4.56105E+20,6.08411E+21,8.31546E+15,5.49021E+16
92974,92975,1,0,60,93,2016,10,8,2,3,4,6,0,0,0,1,0,0,0,0,5.89208E+20,5.96903E+21,1.03565E+16,5.3862E+16
92975,92976,1,0,61,46,2016,10,15,3,3,5,3,0,0,1,1,0,0,0,0,5.34098E+20,5.9753E+21,9.51926E+15,5.3925E+16
92976,92977,1,0,60,63,2016,10,15,5,3,2,2,0,0,0,1,0,0,0,0,5.65797E+20,5.9537E+21,9.9973E+15,5.37278E+16
92977,92978,1,0,3,0,2016,9,8,4,3,4,6,0,0,1,0,0,0,1,0,6.2306E+20,5.98216E+21,1.08763E+16,5.39731E+16
92978,92979,1,0,51,74,2016,10,11,5,3,6,7,0,0,0,1,1,0,0,0,5.04766E+20,5.99258E+21,9.07285E+15,5.40814E+16
92979,92980,1,0,2,0,2016,9,7,2,3,5,3,0,1,1,1,0,0,0,0,5.73552E+20,6.01781E+21,1.01303E+16,5.43029E+16
92980,92981,1,0,56,21,2016,10,13,3,3,5,3,0,1,0,1,0,0,0,0,5.61038E+20,5.95043E+21,9.92453E+15,5.3699E+16
92981,92982,1,0,4,0,2016,9,7,4,2,5,3,0,0,1,1,0,0,0,0,5.63158E+20,5.99177E+21,9.96516E+15,5.40703E+16
92982,92983,1,0,3,0,2016,10,11,5,3,5,2,0,0,0,1,0,0,0,0,6.11993E+20,5.97183E+21,1.07038E+16,5.38828E+16
92983,92984,1,0,62,60,2016,10,22,6,3,0,7,2,0,1,0,0,0,0,0,5.827E+20,5.93362E+21,1.02481E+16,5.3545E+16
92984,92985,1,0,2,0,2016,9,6,2,3,5,2,1,1,1,1,0,0,0,0,5.74788E+20,6.01514E+21,1.01486E+16,5.42787E+16
92985,92986,1,0,3,0,2016,10,9,4,3,5,3,0,0,0,1,0,1,0,0,6.11752E+20,5.96818E+21,1.06988E+16,5.38501E+16
92986,92987,1,0,2,0,2016,9,18,6,3,5,3,0,0,1,1,0,0,0,0,5.7335E+20,6.01993E+21,1.01277E+16,5.43219E+16
92987,92988,1,0,51,13,2016,9,15,5,3,4,6,0,0,1,1,0,0,0,0,4.90694E+20,5.99809E+21,8.85759E+15,5.41308E+16
92988,92989,1,0,4,0,2016,10,13,7,3,5,3,0,0,1,1,0,0,0,0,5.63284E+20,5.99005E+21,9.96671E+15,5.40548E+16
92989,92990,1,0,60,63,2016,10,18,3,3,5,3,0,0,1,1,0,0,0,0,5.66543E+20,5.95182E+21,1.00082E+16,5.37108E+16
92990,92991,1,0,54,168,2016,10,16,3,2,2,2,0,0,1,0,0,0,0,1,4.55775E+20,6.08621E+21,8.31E+15,5.49209E+16
92991,92992,1,0,54,88,2016,9,21,4,3,7,7,2,0,1,0,0,0,0,0,4.89788E+20,6.07159E+21,8.84119E+15,5.47914E+16
92992,92993,1,0,3,0,2016,10,14,3,3,5,7,0,0,1,1,0,0,0,0,6.08766E+20,5.96909E+21,1.06538E+16,5.38589E+16
92993,92994,1,0,54,168,2016,9,15,2,3,2,6,0,0,0,1,0,0,0,0,4.55447E+20,6.08515E+21,8.30505E+15,5.49114E+16
92994,92995,1,0,58,97,2016,10,22,3,3,5,3,2,1,0,1,0,0,0,0,5.35404E+20,6.02084E+21,9.54449E+15,5.43342E+16
92995,92996,1,0,60,63,2016,9,22,5,3,5,3,2,1,0,1,0,0,0,0,5.65396E+20,5.94906E+21,9.99024E+15,5.36862E+16
92996,92997,1,0,51,72,2016,9,7,5,3,4,6,0,0,1,1,0,0,0,0,5.00673E+20,5.97791E+21,9.01026E+15,5.39496E+16
92997,92998,1,0,1,0,2016,10,11,3,3,5,2,0,0,0,1,0,0,0,0,5.28263E+20,6.0706E+21,9.43944E+15,5.47818E+16
92998,92999,1,0,2,0,2016,10,20,2,3,5,3,2,1,1,1,0,0,0,0,5.74078E+20,6.01832E+21,1.01385E+16,5.43074E+16
92999,93000,1,0,59,45,2016,9,15,6,3,5,2,0,1,0,1,0,0,0,0,5.59571E+20,6.05822E+21,9.92365E+15,5.46678E+16
93000,93001,1,0,60,63,2016,9,8,5,2,5,3,0,0,0,0,1,1,1,0,5.66448E+20,5.95159E+21,1.00067E+16,5.37088E+16
93001,93002,1,0,56,18,2016,10,15,2,3,0,1,0,1,1,0,0,0,0,0,5.56521E+20,5.941E+21,9.85441E+15,5.36147E+16
93002,93003,1,0,54,113,2016,10,18,3,3,0,7,0,0,1,0,0,0,0,0,4.74635E+20,6.0184E+21,8.61011E+15,5.43129E+16
93003,93004,1,0,51,44,2016,9,16,3,3,4,6,0,0,1,0,0,0,0,0,5.05727E+20,6.00602E+21,9.0878E+15,5.42022E+16
93004,93005,1,0,1,0,2016,10,21,3,3,0,1,2,1,0,1,0,0,0,0,5.28958E+20,6.06997E+21,9.45019E+15,5.47761E+16
93005,93006,1,0,54,149,2016,9,11,2,2,2,6,0,0,1,0,0,0,0,0,4.56996E+20,6.08825E+21,8.32875E+15,5.49394E+16
93006,93007,1,0,53,32,2016,9,14,5,3,4,6,0,0,1,1,0,0,0,0,5.90261E+20,5.92287E+21,1.03591E+16,5.34471E+16
93007,93008,1,0,60,63,2016,10,17,2,3,2,6,0,1,0,1,0,0,0,0,5.67417E+20,5.95526E+21,1.00222E+16,5.37416E+16
93008,93009,1,0,55,32,2016,9,19,5,3,4,6,2,1,0,1,0,0,0,0,6.19714E+20,5.99662E+21,1.0831E+16,5.41038E+16
93009,93010,1,0,60,38,2016,10,13,2,3,5,3,0,1,0,1,0,0,0,1,5.70204E+20,5.98076E+21,1.00703E+16,5.39704E+16
93010,93011,1,0,56,44,2016,10,7,5,3,5,3,1,0,1,1,0,0,0,0,5.56481E+20,5.9397E+21,9.85356E+15,5.3603E+16
93011,93012,1,0,61,46,2016,10,13,5,3,6,7,0,0,0,1,1,0,0,0,5.3271E+20,5.9783E+21,9.49844E+15,5.3952E+16
93012,93013,1,0,1,0,2016,10,16,1,3,0,1,0,0,0,0,0,1,0,0,5.28098E+20,6.07063E+21,9.43689E+15,5.47821E+16
93013,93014,1,0,54,56,2016,10,15,5,3,0,1,0,0,0,0,0,1,0,0,5.04395E+20,6.03705E+21,9.06784E+15,5.4481E+16
93014,93015,1,0,51,69,2016,9,21,1,3,9,1,2,0,0,1,0,0,0,0,5.04601E+20,6.00456E+21,9.07051E+15,5.4189E+16
93015,93016,1,0,62,18,2016,9,16,5,3,1,5,0,0,0,1,0,0,0,0,5.80377E+20,5.93404E+21,1.02132E+16,5.35491E+16
93016,93017,1,0,56,41,2016,9,12,3,3,4,6,0,0,0,1,1,0,0,0,5.63984E+20,5.95597E+21,9.97029E+15,5.37484E+16
93017,93018,1,0,2,0,2016,10,7,2,3,1,7,0,0,0,1,1,0,0,0,5.73178E+20,6.01953E+21,1.0125E+16,5.43184E+16
93018,93019,1,0,60,92,2016,9,18,1,3,5,2,0,0,0,1,0,1,0,0,5.78825E+20,5.97845E+21,1.02011E+16,5.39484E+16
93019,93020,1,0,62,23,2016,9,14,5,2,8,7,0,0,0,0,0,0,0,1,5.85372E+20,5.94694E+21,1.02921E+16,5.36642E+16
93020,93021,1,0,61,46,2016,9,15,4,3,5,2,0,0,1,1,0,0,0,0,5.32845E+20,5.97657E+21,9.50032E+15,5.39364E+16
93021,93022,1,0,54,78,2016,10,13,2,3,8,1,0,0,1,0,0,0,0,0,4.64001E+20,6.09688E+21,8.437E+15,5.50174E+16
93022,93023,1,0,4,0,2016,10,17,5,2,6,4,0,0,0,1,1,0,0,0,5.64176E+20,5.99243E+21,9.98085E+15,5.4076E+16
93023,93024,1,0,60,5,2016,9,13,3,3,3,6,0,0,1,1,0,0,0,0,5.86103E+20,5.97883E+21,1.0312E+16,5.39506E+16
93024,93025,1,0,53,100,2016,10,14,5,3,4,6,0,0,1,0,0,0,0,0,6.1533E+20,5.95062E+21,1.07466E+16,5.36915E+16
93025,93026,1,0,2,0,2016,10,14,7,2,6,4,0,0,0,1,1,0,0,0,5.76977E+20,6.01638E+21,1.01826E+16,5.42895E+16
93026,93027,1,0,56,50,2016,9,10,1,3,7,7,0,0,1,0,0,0,0,0,5.48376E+20,5.93607E+21,9.73052E+15,5.35713E+16
93027,93028,1,0,60,63,2016,10,15,4,3,5,3,0,0,1,1,0,0,0,0,5.66543E+20,5.9518E+21,1.00082E+16,5.37106E+16
93028,93029,1,0,3,0,2016,9,18,6,3,3,6,0,0,1,0,0,0,0,0,6.10535E+20,5.96995E+21,1.0681E+16,5.38662E+16
93029,93030,1,0,53,32,2016,9,16,1,3,5,3,0,0,0,1,0,0,0,1,5.91445E+20,5.92122E+21,1.03764E+16,5.34321E+16
93030,93031,1,0,55,33,2016,9,9,5,3,0,7,0,0,1,0,0,0,0,0,6.2375E+20,6.01798E+21,1.09014E+16,5.42947E+16
93031,93032,1,0,54,138,2016,10,19,7,3,2,6,2,0,0,1,0,1,0,0,4.95987E+20,6.01905E+21,8.93831E+15,5.43193E+16
93032,93033,1,0,56,49,2016,10,7,3,3,1,5,0,0,1,1,0,0,0,0,5.43576E+20,5.94864E+21,9.6598E+15,5.36847E+16
93033,93034,1,0,55,44,2016,10,14,2,3,5,3,0,0,0,1,0,0,0,0,6.14041E+20,5.99035E+21,1.07419E+16,5.40488E+16
93034,93035,1,0,3,0,2016,10,18,2,3,0,7,0,1,1,0,0,0,0,0,6.11756E+20,5.96768E+21,1.06987E+16,5.38456E+16
93035,93036,1,0,56,15,2016,9,7,3,3,5,3,0,1,1,1,0,0,0,0,5.44919E+20,5.95504E+21,9.68107E+15,5.3742E+16
93036,93037,1,0,56,15,2016,10,13,6,3,5,3,0,0,1,1,0,0,0,0,5.44212E+20,5.95592E+21,9.67048E+15,5.375E+16
93037,93038,1,0,56,44,2016,9,16,4,3,2,6,0,0,0,1,0,0,0,0,5.55592E+20,5.94069E+21,9.84031E+15,5.36121E+16
93038,93039,1,0,55,12,2016,10,17,2,3,5,3,0,1,1,1,0,0,0,0,6.05092E+20,5.99981E+21,1.06085E+16,5.41357E+16
93039,93040,1,0,59,120,2016,10,7,2,3,5,2,0,0,1,1,0,0,0,0,5.25379E+20,6.07216E+21,9.39475E+15,5.4796E+16
93040,93041,1,0,60,4,2016,10,7,3,3,4,6,1,0,1,0,0,0,0,0,5.58083E+20,5.97494E+21,9.8844E+15,5.39196E+16
93041,93042,1,0,2,0,2016,10,23,5,3,9,1,2,0,0,1,0,0,0,0,5.76831E+20,6.02838E+21,1.01834E+16,5.43974E+16
93042,93043,1,0,60,63,2016,9,13,3,3,2,6,0,0,0,1,0,0,0,1,5.65372E+20,5.95141E+21,9.99038E+15,5.37073E+16
93043,93044,1,0,58,43,2016,10,13,5,3,5,3,0,0,1,1,0,0,0,0,5.53979E+20,6.03747E+21,9.83314E+15,5.4482E+16
93044,93045,1,0,2,0,2016,10,13,6,3,5,3,0,0,1,1,0,0,0,0,5.7448E+20,6.01889E+21,1.01449E+16,5.43125E+16
93045,93046,1,0,62,1,2016,9,14,1,3,5,3,0,0,1,1,0,0,0,1,5.80486E+20,5.94438E+21,1.02175E+16,5.3642E+16
93046,93047,1,0,54,56,2016,10,17,4,3,0,1,0,1,1,0,0,0,0,0,5.03334E+20,6.03662E+21,9.05145E+15,5.44772E+16
93047,93048,1,0,54,56,2016,9,14,6,3,5,3,0,1,1,1,0,0,0,0,5.04339E+20,6.0378E+21,9.06698E+15,5.44878E+16
93048,93049,1,0,55,33,2016,9,18,5,3,6,7,0,0,1,0,1,0,0,0,6.22703E+20,6.01744E+21,1.08852E+16,5.42901E+16
93049,93050,1,0,60,4,2016,10,19,6,3,2,6,2,0,0,1,0,0,0,0,5.57922E+20,5.97491E+21,9.88195E+15,5.39194E+16
93050,93051,1,0,60,63,2016,10,7,2,3,5,3,0,0,0,1,0,0,0,0,5.64579E+20,5.94933E+21,9.97793E+15,5.36887E+16
93051,93052,1,0,55,32,2016,10,10,2,3,5,3,0,0,1,1,0,0,0,0,6.19995E+20,5.99662E+21,1.08353E+16,5.41038E+16
93052,93053,1,0,60,63,2016,9,8,3,3,5,2,0,1,1,0,0,0,0,1,5.65988E+20,5.95167E+21,9.99976E+15,5.37095E+16
93053,93054,1,0,2,0,2016,10,9,3,3,5,3,0,1,1,1,0,0,0,0,5.73955E+20,6.01975E+21,1.0137E+16,5.43203E+16
93054,93055,1,0,3,0,2016,9,10,1,3,0,2,0,0,0,0,0,1,0,0,6.10086E+20,5.96993E+21,1.06741E+16,5.38662E+16
93055,93056,1,0,3,0,2016,9,10,5,3,1,7,0,0,0,0,0,1,1,0,6.05357E+20,5.96886E+21,1.06019E+16,5.38575E+16