FID,OBJECTID,ULAND,UREGBEZ,UKREIS,UGEMEINDE,UJAHR,UMONAT,USTUNDE,UWOCHENTAG,UKATEGORIE,UART,UTYP1,ULICHTVERH,IstStrasse,IstRad,IstPKW,IstFuss,IstKrad,IstGkfz,IstSonstig,LINREFX,LINREFY,XGCSWGS84,YGCSWGS84
93056,93057,1,0,2,0,2016,10,7,3,3,5,2,1,1,1,1,0,0,0,0,5.71602E+20,6.01834E+21,1.01005E+16,5.43079E+16
93057,93058,1,0,60,63,2016,10,6,3,3,4,6,2,0,0,1,0,0,0,1,5.65656E+20,5.95199E+21,9.99479E+15,5.37125E+16
93058,93059,1,0,59,75,2016,10,14,5,3,0,7,0,0,1,0,0,0,0,0,5.35097E+20,6.04024E+21,9.54205E+15,5.45085E+16
93059,93060,1,0,60,5,2016,9,14,3,2,5,3,0,0,0,1,0,0,0,0,5.85625E+20,5.97708E+21,1.03043E+16,5.3935E+16
93060,93061,1,0,55,42,2016,9,11,1,2,3,6,0,0,1,1,0,0,0,0,6.1608E+20,5.98461E+21,1.07708E+16,5.39968E+16
93061,93062,1,0,53,90,2016,10,6,3,2,0,1,2,1,0,0,0,1,0,0,6.11519E+20,5.9429E+21,1.06862E+16,5.3623E+16
93062,93063,1,0,55,44,2016,9,13,6,3,3,7,0,0,0,0,0,0,0,1,6.14653E+20,5.98903E+21,1.07507E+16,5.40367E+16
93063,93064,1,0,4,0,2016,9,16,5,3,5,2,0,0,0,1,0,0,0,0,5.61417E+20,5.99154E+21,9.93851E+15,5.40684E+16
93064,93065,1,0,59,171,2016,10,17,2,3,0,7,0,0,1,0,0,0,0,0,5.26515E+20,6.05764E+21,9.41109E+15,5.46654E+16
93065,93066,1,0,51,11,2016,10,12,1,3,5,3,0,0,0,1,0,1,0,0,5.08289E+20,5.97231E+21,9.12615E+15,5.38992E+16
93066,93067,1,0,60,63,2016,9,7,3,3,5,3,0,0,1,1,0,0,0,0,5.65623E+20,5.95015E+21,9.9939E+15,5.36959E+16
93067,93068,1,0,60,63,2016,10,16,2,3,5,3,0,0,1,1,0,0,0,0,5.65737E+20,5.94964E+21,9.99553E+15,5.36913E+16
93068,93069,1,0,55,12,2016,9,17,1,3,6,6,0,0,1,0,1,0,0,0,6.05121E+20,5.99923E+21,1.06088E+16,5.41304E+16
93069,93070,1,0,4,0,2016,9,12,5,3,5,3,0,0,1,1,0,0,0,0,5.6585E+20,5.99085E+21,1.00061E+16,5.40616E+16
93070,93071,1,0,58,135,2016,9,16,5,3,5,3,0,1,0,1,0,0,0,0,5.40144E+20,6.01891E+21,9.61711E+15,5.43165E+16
93071,93072,1,0,56,39,2016,10,17,1,3,9,6,0,1,1,0,0,0,0,0,5.53657E+20,5.94428E+21,9.81167E+15,5.36445E+16
93072,93073,1,0,59,75,2016,10,13,2,3,2,2,0,1,0,1,0,0,0,0,5.36045E+20,6.04168E+21,9.55688E+15,5.45214E+16
93073,93074,1,0,56,44,2016,9,19,5,3,0,7,2,1,0,1,0,0,0,1,5.55456E+20,5.93934E+21,9.83801E+15,5.35999E+16
93074,93075,1,0,60,63,2016,10,14,1,3,5,3,0,0,1,1,0,0,0,0,5.66109E+20,5.95338E+21,1.00019E+16,5.37249E+16
93075,93076,1,0,59,39,2016,10,13,2,3,4,6,0,0,0,1,0,0,0,1,5.23764E+20,6.03809E+21,9.36686E+15,5.44899E+16
93076,93077,1,0,62,1,2016,9,7,3,3,5,3,0,0,1,1,0,0,0,0,5.81293E+20,5.94819E+21,1.02307E+16,5.36761E+16
93077,93078,1,0,1,0,2016,10,16,2,3,4,6,0,1,0,1,0,0,0,1,5.30062E+20,6.0744E+21,9.46781E+15,5.48159E+16
93078,93079,1,0,2,0,2016,9,8,1,3,5,2,0,0,1,1,0,0,0,0,5.73622E+20,6.01929E+21,1.01318E+16,5.43162E+16
93079,93080,1,0,2,0,2016,9,9,5,3,6,4,0,0,0,1,1,0,0,0,5.76722E+20,6.0204E+21,1.01797E+16,5.43257E+16
93080,93081,1,0,56,39,2016,10,18,6,3,5,3,2,1,1,0,0,0,0,0,5.52659E+20,5.94532E+21,9.79676E+15,5.3654E+16
93081,93082,1,0,60,63,2016,9,11,4,3,5,3,0,0,1,1,0,0,0,0,5.65385E+20,5.94684E+21,9.98961E+15,5.36662E+16
93082,93083,1,0,3,0,2016,10,8,2,3,1,5,0,0,1,1,0,0,0,0,6.10687E+20,5.97319E+21,1.06845E+16,5.38953E+16
93083,93084,1,0,60,5,2016,10,14,1,3,9,1,0,1,0,1,0,0,0,0,5.85838E+20,5.97685E+21,1.03074E+16,5.39329E+16
93084,93085,1,0,56,44,2016,10,18,3,3,2,6,1,0,0,1,0,0,0,0,5.55567E+20,5.94046E+21,9.83989E+15,5.361E+16
93085,93086,1,0,61,29,2016,10,14,4,3,5,3,0,0,1,1,0,0,0,0,5.27556E+20,5.95994E+21,9.41825E+15,5.37873E+16
93086,93087,1,0,62,4,2016,9,16,3,3,6,4,0,0,0,1,1,0,0,0,5.89768E+20,5.96213E+21,1.0363E+16,5.38E+16
93087,93088,1,0,62,60,2016,10,7,5,3,5,2,2,0,0,1,0,1,0,0,5.81972E+20,5.93161E+21,1.02366E+16,5.35271E+16
93088,93089,1,0,60,5,2016,10,14,6,3,5,3,0,0,1,1,0,0,0,0,5.86255E+20,5.9775E+21,1.0314E+16,5.39387E+16
93089,93090,1,0,59,18,2016,9,10,1,3,0,3,0,0,1,1,0,0,0,0,5.35813E+20,6.03888E+21,9.55294E+15,5.44962E+16
93090,93091,1,0,55,32,2016,10,16,4,3,5,3,0,0,1,1,0,0,0,0,6.19502E+20,5.9957E+21,1.08274E+16,5.40956E+16
93091,93092,1,0,51,44,2016,10,7,4,3,5,2,0,0,1,1,0,0,0,0,5.06546E+20,6.00606E+21,9.10035E+15,5.42025E+16
93092,93093,1,0,62,18,2016,9,8,3,3,2,6,0,0,1,1,0,0,0,0,5.80361E+20,5.93398E+21,1.02129E+16,5.35486E+16
93093,93094,1,0,56,50,2016,10,15,5,3,5,3,0,0,1,1,0,0,0,0,5.46156E+20,5.93693E+21,9.69713E+15,5.35792E+16
93094,93095,1,0,56,39,2016,10,8,7,3,5,3,0,1,1,1,0,0,0,0,5.52496E+20,5.94508E+21,9.79425E+15,5.36518E+16
93095,93096,1,0,54,56,2016,10,7,5,3,2,2,2,0,0,1,0,1,0,0,5.0478E+20,6.03842E+21,9.07379E+15,5.44934E+16
93096,93097,1,0,53,116,2016,9,16,6,3,5,3,0,0,0,1,0,0,0,0,5.99209E+20,5.93049E+21,1.04962E+16,5.35139E+16
93097,93098,1,0,59,75,2016,9,14,1,3,0,1,0,0,1,0,0,0,0,0,5.34878E+20,6.03971E+21,9.53861E+15,5.45038E+16
93098,93099,1,0,59,120,2016,9,17,5,3,5,3,0,0,1,1,0,0,0,0,5.25178E+20,6.07329E+21,9.39171E+15,5.48061E+16
93099,93100,1,0,60,63,2016,10,15,6,2,3,3,0,1,1,1,0,0,0,0,5.6459E+20,5.94933E+21,9.9781E+15,5.36887E+16
93100,93101,1,0,56,39,2016,10,20,3,3,2,2,2,0,0,1,0,0,0,0,5.53495E+20,5.94432E+21,9.80924E+15,5.36449E+16
93101,93102,1,0,60,44,2016,10,9,1,3,5,3,0,0,1,1,0,0,0,0,5.63604E+20,5.9656E+21,9.96652E+15,5.38351E+16
93102,93103,1,0,55,44,2016,10,16,2,3,2,6,0,0,0,1,0,0,1,0,6.14321E+20,5.99051E+21,1.07462E+16,5.40501E+16
93103,93104,1,0,3,0,2016,10,11,1,3,5,3,0,0,0,1,0,0,0,0,6.19808E+20,5.97527E+21,1.0824E+16,5.3912E+16
93104,93105,1,0,62,6,2016,10,13,3,3,5,2,0,0,0,1,0,0,0,0,5.84144E+20,5.95323E+21,1.02752E+16,5.3721E+16
93105,93106,1,0,56,39,2016,10,14,4,3,4,6,0,0,1,0,0,0,0,0,5.52644E+20,5.94632E+21,9.79671E+15,5.3663E+16
93106,93107,1,0,53,32,2016,9,15,3,3,3,6,0,0,1,0,0,1,0,0,5.91743E+20,5.92247E+21,1.03813E+16,5.34433E+16
93107,93108,1,0,58,78,2016,10,13,5,3,2,6,0,0,1,0,0,1,0,0,5.32469E+20,6.01695E+21,9.49892E+15,5.42994E+16
93108,93109,1,0,54,88,2016,10,19,6,3,6,7,2,0,1,0,1,0,0,0,4.89784E+20,6.07176E+21,8.84112E+15,5.47929E+16
93109,93110,1,0,54,56,2016,9,17,1,3,0,7,0,0,1,0,0,0,0,0,5.0299E+20,6.0369E+21,9.04614E+15,5.44797E+16
93110,93111,1,0,51,44,2016,10,7,3,3,6,3,1,1,0,0,1,0,0,1,5.05712E+20,6.006E+21,9.08757E+15,5.4202E+16
93111,93112,1,0,1,0,2016,9,17,6,3,1,5,0,1,0,1,0,0,0,0,5.2684E+20,6.07062E+21,9.41733E+15,5.47821E+16
93112,93113,1,0,61,46,2016,9,16,4,2,6,4,0,0,0,1,1,0,0,0,5.34421E+20,5.97517E+21,9.52416E+15,5.39238E+16
93113,93114,1,0,2,0,2016,9,12,6,3,5,3,0,1,1,1,0,0,0,0,5.73277E+20,6.02156E+21,1.0127E+16,5.43366E+16
93114,93115,1,0,51,130,2016,9,11,4,3,5,3,0,0,1,1,0,0,0,0,5.06102E+20,6.00662E+21,9.09356E+15,5.42076E+16
93115,93116,1,0,3,0,2016,10,19,6,3,0,7,2,0,1,0,0,0,0,0,6.1069E+20,5.97316E+21,1.06845E+16,5.3895E+16
93116,93117,1,0,55,37,2016,10,11,3,3,9,1,0,0,1,0,0,0,0,0,6.24374E+20,5.99749E+21,1.09026E+16,5.41105E+16
93117,93118,1,0,62,22,2016,10,18,1,3,4,1,1,1,0,1,0,0,0,0,5.88539E+20,5.94208E+21,1.03386E+16,5.362E+16
93118,93119,1,0,55,32,2016,9,16,3,3,6,4,0,0,1,0,1,0,0,0,6.18934E+20,5.99522E+21,1.08185E+16,5.40914E+16
93119,93120,1,0,3,0,2016,10,16,3,3,6,4,0,0,1,0,1,0,0,0,6.09928E+20,5.96946E+21,1.06716E+16,5.38619E+16
93120,93121,1,0,3,0,2016,9,10,3,3,6,6,0,0,1,0,1,0,0,0,6.10606E+20,5.96852E+21,1.06815E+16,5.38534E+16
93121,93122,1,0,60,63,2016,9,11,7,3,2,6,0,0,1,0,0,0,0,0,5.64779E+20,5.94985E+21,9.98107E+15,5.36934E+16
93122,93123,1,0,55,21,2016,10,16,3,3,6,4,0,1,0,1,1,0,0,0,6.28519E+20,6.02674E+21,1.09785E+16,5.43722E+16
93123,93124,1,0,56,15,2016,9,20,5,3,7,7,2,1,1,0,0,0,0,0,5.43799E+20,5.95651E+21,9.6643E+15,5.37553E+16
93124,93125,1,0,60,5,2016,9,14,4,3,1,5,0,0,0,1,0,0,0,0,5.85523E+20,5.97684E+21,1.03026E+16,5.39329E+16
93125,93126,1,0,53,100,2016,10,19,1,2,0,1,2,1,1,0,0,0,0,0,6.17755E+20,5.95134E+21,1.07836E+16,5.36975E+16
93126,93127,1,0,3,0,2016,10,15,1,3,2,6,0,0,0,1,0,0,0,0,6.10369E+20,5.968E+21,1.06777E+16,5.38487E+16
93127,93128,1,0,3,0,2016,9,13,3,3,2,7,0,0,0,1,0,0,0,0,6.22196E+20,5.98059E+21,1.08625E+16,5.39592E+16
93128,93129,1,0,60,63,2016,10,16,2,3,5,3,0,0,0,1,0,1,0,0,5.65875E+20,5.95318E+21,9.99837E+15,5.37232E+16
93129,93130,1,0,3,0,2016,10,10,1,3,4,6,0,0,0,1,0,0,0,0,6.09472E+20,5.97022E+21,1.06649E+16,5.38689E+16
93130,93131,1,0,55,42,2016,9,13,3,3,5,3,0,0,1,0,0,0,0,0,6.16651E+20,5.9846E+21,1.07795E+16,5.39965E+16
93131,93132,1,0,1,0,2016,10,8,3,3,0,1,0,0,1,0,0,0,0,0,5.30772E+20,6.07181E+21,9.47859E+15,5.47926E+16
93132,93133,1,0,53,90,2016,9,15,7,3,2,6,0,0,0,1,0,0,0,0,6.11807E+20,5.94362E+21,1.06908E+16,5.36294E+16
93133,93134,1,0,60,63,2016,9,14,4,3,0,7,0,0,1,0,0,0,0,0,5.6883E+20,5.95033E+21,1.00425E+16,5.36971E+16
93134,93135,1,0,61,46,2016,10,14,2,3,5,2,0,0,1,1,0,0,0,0,5.33752E+20,5.9746E+21,9.51391E+15,5.39187E+16
93135,93136,1,0,3,0,2016,9,19,5,3,3,6,2,1,0,1,0,0,0,0,6.10521E+20,5.96995E+21,1.06808E+16,5.38663E+16
93136,93137,1,0,2,0,2016,10,11,1,3,5,3,0,0,0,1,0,0,0,0,5.73972E+20,6.02155E+21,1.01377E+16,5.43364E+16
93137,93138,1,0,56,50,2016,10,16,4,3,5,2,0,0,1,1,0,0,0,0,5.47188E+20,5.93699E+21,9.71273E+15,5.35796E+16
93138,93139,1,0,60,63,2016,10,21,1,3,0,1,2,0,0,0,0,0,0,1,5.6589E+20,5.95143E+21,9.99822E+15,5.37074E+16
93139,93140,1,0,55,33,2016,9,22,7,3,5,3,2,0,1,1,0,0,0,0,6.22775E+20,6.01849E+21,1.08867E+16,5.42995E+16
93140,93141,1,0,60,5,2016,9,13,4,3,0,7,0,0,1,0,0,0,0,0,5.85792E+20,5.97722E+21,1.03068E+16,5.39362E+16
93141,93142,1,0,3,0,2016,10,9,6,3,1,5,0,1,1,1,0,0,0,0,6.14384E+20,5.96819E+21,1.07388E+16,5.38496E+16
93142,93143,1,0,56,18,2016,9,8,4,3,5,3,0,0,1,1,0,0,0,0,5.55742E+20,5.9434E+21,9.84306E+15,5.36364E+16
93143,93144,1,0,3,0,2016,9,13,7,3,5,3,0,0,1,1,0,0,0,0,6.11361E+20,5.96783E+21,1.06928E+16,5.3847E+16
93144,93145,1,0,62,4,2016,9,19,4,3,0,1,2,0,1,0,0,0,0,0,5.90824E+20,5.9625E+21,1.03791E+16,5.38032E+16
93145,93146,1,0,59,120,2016,9,7,5,3,0,1,1,1,1,0,0,0,0,0,5.25486E+20,6.07265E+21,9.39646E+15,5.48004E+16
93146,93147,1,0,2,0,2016,10,9,1,3,6,7,0,0,1,0,1,0,0,0,5.75984E+20,6.03062E+21,1.0171E+16,5.44176E+16
93147,93148,1,0,55,2,2016,10,13,1,2,4,6,0,1,0,1,0,0,0,0,6.16195E+20,5.99722E+21,1.07774E+16,5.411E+16
93148,93149,1,0,60,4,2016,10,17,4,3,0,7,0,0,1,1,0,0,0,0,5.57954E+20,5.97458E+21,9.88237E+15,5.39164E+16
93149,93150,1,0,58,140,2016,9,12,3,3,5,2,0,0,1,1,0,0,0,0,5.47148E+20,6.01817E+21,9.72467E+15,5.43092E+16
93150,93151,1,0,53,90,2016,10,8,5,3,6,7,0,0,1,0,1,0,0,0,6.11888E+20,5.94366E+21,1.0692E+16,5.36297E+16
93151,93152,1,0,3,0,2016,10,19,7,3,0,1,2,1,0,1,0,1,0,0,6.1103E+20,5.96769E+21,1.06877E+16,5.38458E+16
93152,93153,1,0,55,21,2016,9,14,7,3,5,2,0,0,0,1,0,0,0,0,6.29235E+20,6.02612E+21,1.09892E+16,5.43665E+16
93153,93154,1,0,56,39,2016,10,8,4,3,5,3,0,0,1,1,0,0,0,0,5.52722E+20,5.94463E+21,9.7976E+15,5.36477E+16
93154,93155,1,0,55,12,2016,9,8,6,3,0,1,0,1,0,0,0,1,0,0,6.05359E+20,5.99948E+21,1.06125E+16,5.41327E+16
93155,93156,1,0,3,0,2016,9,15,7,3,3,6,0,0,1,0,0,0,0,1,6.107E+20,5.96996E+21,1.06835E+16,5.38663E+16
93156,93157,1,0,62,6,2016,9,17,4,3,6,4,0,0,0,1,1,0,0,0,5.83491E+20,5.9542E+21,1.02656E+16,5.37297E+16
93157,93158,1,0,3,0,2016,10,18,6,3,0,3,2,1,0,1,0,1,0,0,6.11128E+20,5.97245E+21,1.06909E+16,5.38885E+16
93158,93159,1,0,3,0,2016,10,8,3,3,6,7,0,0,0,1,1,0,0,0,6.22379E+20,5.98023E+21,1.08651E+16,5.3956E+16
93159,93160,1,0,59,161,2016,10,11,1,3,0,7,0,0,1,0,0,0,0,0,5.43136E+20,6.06305E+21,9.66957E+15,5.47129E+16
93160,93161,1,0,58,43,2016,10,15,2,3,2,6,0,0,0,1,0,0,0,0,5.54762E+20,6.03709E+21,9.84516E+15,5.44785E+16
93161,93162,1,0,58,135,2016,9,12,3,3,2,6,0,0,0,1,0,0,0,0,5.42923E+20,6.01806E+21,9.65972E+15,5.43086E+16
93162,93163,1,0,55,41,2016,10,10,3,2,0,1,0,0,0,0,0,1,0,0,6.06968E+20,5.99916E+21,1.0637E+16,5.41294E+16
93163,93164,1,0,56,39,2016,10,8,4,2,4,6,0,0,1,0,0,0,0,0,5.51334E+20,5.94489E+21,9.77664E+15,5.36502E+16
93164,93165,1,0,58,49,2016,9,20,3,3,9,1,2,0,1,0,0,0,0,0,5.53563E+20,6.01016E+21,9.82182E+15,5.42366E+16
93165,93166,1,0,57,91,2016,10,11,2,3,2,6,0,1,0,1,0,0,0,0,5.78142E+20,6.01709E+21,1.02007E+16,5.42957E+16
93166,93167,1,0,4,0,2016,10,10,1,3,6,2,0,1,0,1,1,0,0,0,5.65113E+20,5.99468E+21,9.99566E+15,5.40961E+16
93167,93168,1,0,3,0,2016,10,17,3,3,2,6,0,0,1,1,0,0,0,0,6.10552E+20,5.96995E+21,1.06812E+16,5.38663E+16
93168,93169,1,0,62,82,2016,10,14,4,3,0,1,0,0,0,0,0,1,0,0,5.93113E+20,5.94102E+21,1.04074E+16,5.36097E+16
93169,93170,1,0,57,91,2016,9,8,3,3,0,7,0,0,0,0,0,0,0,1,5.8115E+20,6.015E+21,1.02463E+16,5.42764E+16
93170,93171,1,0,3,0,2016,10,11,5,3,1,5,0,0,1,1,0,0,0,0,6.11969E+20,5.96716E+21,1.07018E+16,5.38409E+16
93171,93172,1,0,3,0,2016,10,15,6,3,5,3,0,0,1,1,0,0,0,0,6.10473E+20,5.97064E+21,1.06803E+16,5.38725E+16
93172,93173,1,0,58,135,2016,9,3,7,3,0,1,2,0,0,0,0,1,0,0,5.45359E+20,6.0175E+21,9.69706E+15,5.43034E+16
93173,93174,1,0,58,92,2016,10,14,4,3,6,4,0,1,0,1,1,0,0,0,5.71226E+20,6.02087E+21,1.00953E+16,5.43307E+16
93174,93175,1,0,57,91,2016,9,17,6,3,1,5,0,0,0,1,0,1,0,0,5.81121E+20,6.01606E+21,1.02461E+16,5.4286E+16
93175,93176,1,0,62,92,2016,9,18,4,3,5,2,0,0,1,1,0,0,0,0,5.87887E+20,5.96505E+21,1.03353E+16,5.38266E+16
93176,93177,1,0,55,12,2016,10,5,6,3,5,3,2,1,0,1,0,0,0,0,6.05614E+20,5.99929E+21,1.06163E+16,5.41308E+16
93177,93178,1,0,54,113,2016,10,14,1,3,3,7,0,0,0,1,0,1,0,0,4.74641E+20,6.01912E+21,8.61015E+15,5.43193E+16
93178,93179,1,0,59,75,2016,9,13,3,3,5,7,0,0,1,1,0,0,0,0,5.3574E+20,6.04116E+21,9.55209E+15,5.45168E+16
93179,93180,1,0,3,0,2016,10,16,3,3,5,2,0,1,0,1,0,0,0,0,6.18739E+20,5.9756E+21,1.08079E+16,5.39152E+16
93180,93181,1,0,2,0,2016,9,12,7,3,6,2,0,0,0,0,1,0,0,1,5.77138E+20,6.01694E+21,1.01852E+16,5.42945E+16
93181,93182,1,0,58,86,2016,10,15,3,2,5,3,0,1,1,1,0,0,0,0,5.42965E+20,6.00958E+21,9.65914E+15,5.42324E+16
93182,93183,1,0,56,39,2016,9,18,5,3,5,3,1,1,1,1,0,0,0,0,5.53676E+20,5.94549E+21,9.81218E+15,5.36554E+16
93183,93184,1,0,55,46,2016,9,12,4,3,5,3,0,0,0,1,0,0,0,0,6.42328E+20,6.03486E+21,1.11948E+16,5.44415E+16
93184,93185,1,0,59,120,2016,9,18,7,3,5,3,0,0,0,1,0,0,0,0,5.25346E+20,6.07345E+21,9.39434E+15,5.48076E+16
93185,93186,1,0,60,63,2016,10,10,3,3,4,6,0,1,0,1,0,0,0,1,5.67114E+20,5.94916E+21,1.00163E+16,5.36868E+16
93186,93187,1,0,59,120,2016,9,9,6,3,5,3,0,0,1,1,0,0,0,0,5.23926E+20,6.07194E+21,9.37213E+15,5.4794E+16
93187,93188,1,0,58,135,2016,9,14,4,3,2,6,0,0,0,1,0,0,0,0,5.43429E+20,6.01649E+21,9.66725E+15,5.42944E+16
93188,93189,1,0,3,0,2016,10,6,6,3,5,3,2,1,1,1,0,0,0,0,6.10916E+20,5.96987E+21,1.06867E+16,5.38655E+16
93189,93190,1,0,60,19,2016,10,15,7,3,5,3,0,0,1,1,0,0,0,0,5.60877E+20,5.95637E+21,9.92326E+15,5.37524E+16
93190,93191,1,0,62,1,2016,10,21,7,3,0,1,2,1,1,0,0,0,0,0,5.81789E+20,5.94724E+21,1.02379E+16,5.36675E+16
93191,93192,1,0,51,44,2016,9,10,2,3,4,6,0,0,1,0,0,0,0,0,5.06176E+20,6.00502E+21,9.09466E+15,5.41932E+16
93192,93193,1,0,56,15,2016,10,13,2,3,0,1,0,0,1,0,0,0,0,0,5.43874E+20,5.95639E+21,9.66542E+15,5.37543E+16
93193,93194,1,0,60,72,2016,9,17,6,2,9,1,0,0,0,1,0,0,0,0,5.83813E+20,5.99214E+21,1.02808E+16,5.40706E+16
93194,93195,1,0,2,0,2016,9,12,4,3,6,4,0,0,0,1,1,0,0,0,5.73385E+20,6.01991E+21,1.01283E+16,5.43218E+16
93195,93196,1,0,55,4,2016,9,16,5,3,5,3,0,0,1,1,0,0,0,0,6.1063E+20,5.97592E+21,1.06846E+16,5.39198E+16
93196,93197,1,0,62,61,2016,10,3,7,3,0,1,2,0,1,0,0,0,0,0,5.9901E+20,5.96533E+21,1.05043E+16,5.3827E+16
93197,93198,1,0,57,62,2016,10,17,1,3,0,7,0,1,1,0,0,0,0,1,5.83625E+20,6.01045E+21,1.0283E+16,5.42352E+16
93198,93199,1,0,2,0,2016,10,15,4,3,1,5,0,0,1,0,0,0,0,1,5.7437E+20,6.0258E+21,1.01449E+16,5.43746E+16
93199,93200,1,0,61,46,2016,10,16,5,3,5,3,0,0,0,1,0,0,0,0,5.33882E+20,5.97559E+21,9.51601E+15,5.39276E+16
93200,93201,1,0,59,75,2016,10,4,1,3,0,7,2,0,1,0,0,0,0,0,5.373E+20,6.04276E+21,9.5764E+15,5.4531E+16
93201,93202,1,0,55,12,2016,10,23,7,2,5,2,2,0,0,1,0,1,0,0,6.05755E+20,5.99951E+21,1.06186E+16,5.41328E+16
93202,93203,1,0,54,86,2016,10,5,1,2,8,1,2,1,0,1,0,0,0,0,4.86225E+20,6.08133E+21,8.7853E+15,5.48788E+16
93203,93204,1,0,56,48,2016,9,16,2,3,8,1,0,0,0,0,0,1,0,0,5.50588E+20,5.95186E+21,9.76649E+15,5.37129E+16
93204,93205,1,0,2,0,2016,10,23,2,3,5,3,2,0,1,1,0,0,0,0,5.7392E+20,6.02073E+21,1.01367E+16,5.4329E+16
93205,93206,1,0,56,15,2016,9,7,6,3,5,3,0,0,1,1,0,0,0,0,5.44317E+20,5.95728E+21,9.67227E+15,5.37622E+16
93206,93207,1,0,54,56,2016,9,7,4,3,5,3,0,0,1,1,0,0,0,0,5.04335E+20,6.03783E+21,9.06692E+15,5.44881E+16
93207,93208,1,0,56,18,2016,9,8,4,3,5,3,0,0,1,1,0,0,0,0,5.55739E+20,5.9434E+21,9.84302E+15,5.36365E+16
93208,93209,1,0,54,164,2016,10,14,1,2,8,1,0,0,1,0,0,0,0,0,4.71619E+20,6.06099E+21,8.55965E+15,5.46955E+16
93209,93210,1,0,4,0,2016,10,11,3,3,8,6,0,0,1,0,0,0,0,0,5.63817E+20,5.99159E+21,9.97519E+15,5.40686E+16
93210,93211,1,0,2,0,2016,10,16,4,3,5,3,0,0,1,1,0,0,0,0,5.73354E+20,6.01992E+21,1.01278E+16,5.43219E+16
93211,93212,1,0,56,15,2016,9,11,2,3,5,3,0,0,1,1,0,0,0,0,5.4308E+20,5.95681E+21,9.65343E+15,5.37581E+16
93212,93213,1,0,62,4,2016,10,7,5,3,5,3,0,1,1,0,0,0,0,0,5.9051E+20,5.96297E+21,1.03745E+16,5.38074E+16
93213,93214,1,0,56,39,2016,10,10,6,3,2,6,0,0,0,1,0,0,0,0,5.52399E+20,5.94466E+21,9.79271E+15,5.36481E+16
93214,93215,1,0,53,90,2016,9,14,6,3,5,3,0,0,0,1,0,0,0,0,6.11177E+20,5.94258E+21,1.06809E+16,5.36202E+16
93215,93216,1,0,60,4,2016,10,15,4,3,0,1,0,0,1,0,0,0,0,0,5.58639E+20,5.97557E+21,9.89299E+15,5.39252E+16
93216,93217,1,0,3,0,2016,9,11,6,3,2,6,0,0,0,1,0,0,0,1,6.11147E+20,5.97249E+21,1.06912E+16,5.38889E+16
93217,93218,1,0,3,0,2016,9,18,6,3,2,6,0,0,0,0,0,1,0,1,6.10485E+20,5.97033E+21,1.06804E+16,5.38697E+16
93218,93219,1,0,54,88,2016,9,22,4,3,5,3,2,0,0,1,0,1,0,0,4.88452E+20,6.07136E+21,8.82041E+15,5.47893E+16
93219,93220,1,0,2,0,2016,10,17,6,3,5,2,0,0,1,1,0,0,0,0,5.72901E+20,6.02054E+21,1.0121E+16,5.43275E+16
93220,93221,1,0,54,56,2016,10,17,5,3,2,6,0,0,0,1,0,0,0,0,5.04866E+20,6.03837E+21,9.07512E+15,5.44929E+16
93221,93222,1,0,58,135,2016,9,17,6,3,5,2,0,0,0,1,0,0,0,0,5.4335E+20,6.01651E+21,9.66606E+15,5.42946E+16
93222,93223,1,0,54,88,2016,9,8,4,3,5,3,0,0,1,1,0,0,0,0,4.89188E+20,6.07159E+21,8.83185E+15,5.47914E+16
93223,93224,1,0,54,138,2016,10,14,6,3,0,1,0,0,1,0,0,0,0,0,4.96974E+20,6.01931E+21,8.95348E+15,5.43217E+16
93224,93225,1,0,58,43,2016,10,14,3,3,5,2,0,0,0,1,0,0,0,0,5.53979E+20,6.03747E+21,9.83314E+15,5.4482E+16
93225,93226,1,0,2,0,2016,10,14,7,3,3,6,0,0,0,0,0,1,0,1,5.74565E+20,6.01876E+21,1.01461E+16,5.43112E+16
93226,93227,1,0,2,0,2016,10,6,2,3,5,2,2,1,0,1,0,1,0,0,5.75277E+20,6.01488E+21,1.01561E+16,5.42763E+16
93227,93228,1,0,61,34,2016,10,15,7,3,5,3,0,0,1,1,0,0,0,0,5.3073E+20,5.97587E+21,9.46802E+15,5.39303E+16
93228,93229,1,0,58,53,2016,10,16,3,3,6,1,0,0,1,0,1,0,0,0,5.69733E+20,6.01144E+21,1.00702E+16,5.42462E+16
93229,93230,1,0,54,149,2016,10,16,4,3,5,3,0,0,0,1,0,0,0,0,4.56511E+20,6.0881E+21,8.32119E+15,5.49379E+16
93230,93231,1,0,60,4,2016,9,16,2,3,5,3,0,0,1,1,0,0,0,0,5.57913E+20,5.97483E+21,9.8818E+15,5.39187E+16
93231,93232,1,0,58,23,2016,10,18,5,3,7,7,2,0,0,1,0,0,0,0,5.58392E+20,6.00484E+21,9.89486E+15,5.41883E+16
93232,93233,1,0,1,0,2016,10,13,6,3,5,3,0,0,0,1,0,0,0,0,5.30407E+20,6.06962E+21,9.47268E+15,5.47729E+16
93233,93234,1,0,4,0,2016,9,16,6,3,5,2,0,1,1,1,0,0,0,0,5.6414E+20,5.99192E+21,9.98019E+15,5.40715E+16
93234,93235,1,0,54,56,2016,10,12,4,3,5,3,0,1,1,1,0,0,0,0,5.05254E+20,6.03799E+21,9.08111E+15,5.44895E+16
93235,93236,1,0,1,0,2016,9,11,6,3,5,3,0,0,1,1,0,0,0,0,5.30803E+20,6.07164E+21,9.47905E+15,5.4791E+16
93236,93237,1,0,51,11,2016,9,12,3,3,5,3,0,0,1,1,0,0,0,0,5.09018E+20,5.97229E+21,9.13724E+15,5.3899E+16