FID,OBJECTID,ULAND,UREGBEZ,UKREIS,UGEMEINDE,UJAHR,UMONAT,USTUNDE,UWOCHENTAG,UKATEGORIE,UART,UTYP1,ULICHTVERH,IstStrasse,IstRad,IstPKW,IstFuss,IstKrad,IstGkfz,IstSonstig,LINREFX,LINREFY,XGCSWGS84,YGCSWGS84
93237,93238,1,0,61,46,2016,10,12,5,3,4,6,0,0,1,1,0,0,0,0,5.34396E+20,5.97517E+21,9.52378E+15,5.39238E+16
93238,93239,1,0,54,168,2016,10,18,7,3,0,1,0,1,1,0,0,0,0,0,4.55348E+20,6.08478E+21,8.30356E+15,5.49081E+16
93239,93240,1,0,56,39,2016,9,14,2,3,1,7,0,0,0,1,0,0,0,0,5.53268E+20,5.94404E+21,9.80575E+15,5.36424E+16
93240,93241,1,0,2,0,2016,10,6,3,3,6,4,2,1,0,1,1,0,0,0,5.77359E+20,6.02197E+21,1.01899E+16,5.43397E+16
93241,93242,1,0,2,0,2016,10,15,3,3,5,3,0,0,0,1,0,1,0,0,5.72261E+20,6.02113E+21,1.01113E+16,5.43329E+16
93242,93243,1,0,60,63,2016,9,10,6,3,2,6,0,0,0,1,0,0,0,0,5.67217E+20,5.95145E+21,1.00183E+16,5.37074E+16
93243,93244,1,0,60,39,2016,9,13,2,2,6,7,0,0,0,1,1,0,0,0,5.64723E+20,5.96145E+21,9.98265E+15,5.37976E+16
93244,93245,1,0,54,56,2016,10,15,4,3,5,3,0,0,0,1,0,1,0,0,5.02886E+20,6.03637E+21,9.04454E+15,5.4475E+16
93245,93246,1,0,60,63,2016,9,11,2,1,6,4,0,0,0,0,1,0,1,0,5.65767E+20,5.95368E+21,9.99683E+15,5.37276E+16
93246,93247,1,0,2,0,2016,9,17,6,3,5,2,0,0,0,1,0,0,0,0,5.76357E+20,6.02018E+21,1.0174E+16,5.43238E+16
93247,93248,1,0,60,9,2016,9,17,3,3,5,3,0,0,0,1,0,0,0,1,5.62352E+20,5.97713E+21,9.94984E+15,5.39388E+16
93248,93249,1,0,3,0,2016,10,13,3,3,0,1,0,1,0,0,0,1,0,0,6.11713E+20,5.96818E+21,1.06982E+16,5.385E+16
93249,93250,1,0,61,113,2016,9,8,5,3,5,3,0,0,1,1,0,0,0,0,5.25093E+20,5.97515E+21,9.38211E+15,5.39241E+16
93250,93251,1,0,60,63,2016,9,7,3,2,5,3,0,0,1,1,0,0,0,0,5.66142E+20,5.95101E+21,1.0002E+16,5.37036E+16
93251,93252,1,0,60,44,2016,9,15,6,3,6,4,0,0,1,0,1,0,0,0,5.63406E+20,5.96577E+21,9.96353E+15,5.38366E+16
93252,93253,1,0,62,1,2016,9,11,6,3,0,7,0,0,0,1,0,0,0,0,5.81908E+20,5.94824E+21,1.024E+16,5.36764E+16
93253,93254,1,0,62,82,2016,9,16,2,3,5,7,0,0,1,1,0,0,0,0,5.9352E+20,5.94075E+21,1.04135E+16,5.36072E+16
93254,93255,1,0,56,15,2016,10,9,2,3,0,7,0,0,0,0,0,0,0,1,5.43328E+20,5.95638E+21,9.65713E+15,5.37542E+16
93255,93256,1,0,54,70,2016,9,9,6,3,4,6,0,0,1,1,0,0,0,0,5.0454E+20,6.0268E+21,9.06991E+15,5.4389E+16
93256,93257,1,0,56,39,2016,9,16,3,3,4,7,0,0,0,1,0,0,0,0,5.5249E+20,5.94467E+21,9.79409E+15,5.36482E+16
93257,93258,1,0,54,56,2016,9,16,6,3,6,7,0,0,0,0,1,0,0,1,5.03606E+20,6.03739E+21,9.05565E+15,5.44841E+16
93258,93259,1,0,56,48,2016,9,12,3,3,5,3,0,0,1,1,0,0,0,0,5.46882E+20,5.95E+21,9.71006E+15,5.36966E+16
93259,93260,1,0,2,0,2016,10,16,3,3,6,4,0,1,0,1,1,0,0,0,5.74624E+20,6.01863E+21,1.0147E+16,5.43101E+16
93260,93261,1,0,53,90,2016,9,20,5,3,2,6,2,1,0,1,0,0,0,1,6.11836E+20,5.94214E+21,1.06907E+16,5.36162E+16
93261,93262,1,0,62,81,2016,9,18,6,2,5,7,0,0,0,1,0,1,0,0,5.86254E+20,5.9564E+21,1.0308E+16,5.37491E+16
93262,93263,1,0,53,100,2016,9,16,2,3,2,6,0,0,0,1,0,0,0,1,6.16903E+20,5.95142E+21,1.07707E+16,5.36983E+16
93263,93264,1,0,56,33,2016,10,15,1,3,4,6,0,0,1,1,0,0,0,0,5.38683E+20,5.95253E+21,9.58622E+15,5.37201E+16
93264,93265,1,0,53,28,2016,9,18,3,3,4,6,0,0,0,1,0,0,0,0,5.85776E+20,5.92497E+21,1.02921E+16,5.34668E+16
93265,93266,1,0,56,21,2016,9,7,4,3,5,3,0,0,1,1,0,0,0,0,5.61038E+20,5.95043E+21,9.92453E+15,5.3699E+16
93266,93267,1,0,55,12,2016,11,15,4,3,5,2,0,0,0,1,0,1,0,0,6.05014E+20,6.00026E+21,1.06075E+16,5.41397E+16
93267,93268,1,0,55,21,2016,11,9,6,3,0,1,0,1,0,0,0,1,0,0,6.28259E+20,6.02697E+21,1.09746E+16,5.43743E+16
93268,93269,1,0,54,168,2016,11,10,5,3,5,2,0,1,1,1,0,0,0,0,4.57136E+20,6.08432E+21,8.33151E+15,5.49041E+16
93269,93270,1,0,60,4,2016,11,17,7,3,2,6,2,1,0,1,0,0,0,1,5.5799E+20,5.97449E+21,9.8829E+15,5.39156E+16
93270,93271,1,0,2,0,2016,10,12,2,3,5,2,0,1,1,1,0,0,0,0,5.72093E+20,6.0187E+21,1.01081E+16,5.43111E+16
93271,93272,1,0,60,44,2016,11,13,6,3,6,4,0,0,0,1,1,0,0,0,5.63333E+20,5.96536E+21,9.96234E+15,5.38329E+16
93272,93273,1,0,2,0,2016,10,18,5,3,3,6,1,1,0,1,0,0,0,0,5.73533E+20,6.0257E+21,1.0132E+16,5.43738E+16
93273,93274,1,0,58,107,2016,11,10,6,3,5,3,0,1,0,1,0,0,0,0,5.69643E+20,6.01366E+21,1.00693E+16,5.42661E+16
93274,93275,1,0,2,0,2016,11,5,4,3,5,3,2,1,1,0,0,1,0,0,5.74164E+20,6.02E+21,1.01403E+16,5.43224E+16
93275,93276,1,0,2,0,2016,10,17,5,3,0,3,0,0,0,0,0,1,0,0,5.7651E+20,6.01696E+21,1.01755E+16,5.42948E+16
93276,93277,1,0,56,39,2016,10,23,6,3,5,3,2,1,1,1,0,0,0,0,5.53276E+20,5.9443E+21,9.80592E+15,5.36448E+16
93277,93278,1,0,54,168,2016,11,21,4,3,4,6,2,0,0,1,0,0,0,0,4.55421E+20,6.08384E+21,8.30484E+15,5.48996E+16
93278,93279,1,0,59,75,2016,11,15,3,3,5,3,0,0,1,1,0,0,0,0,5.36749E+20,6.04097E+21,9.56766E+15,5.4515E+16
93279,93280,1,0,55,42,2016,11,15,6,3,5,2,0,0,0,0,0,1,0,0,6.16427E+20,5.98473E+21,1.07762E+16,5.39977E+16
93280,93281,1,0,1,0,2016,11,9,6,3,6,4,0,1,0,1,1,0,0,0,5.2904E+20,6.06999E+21,9.45147E+15,5.47763E+16
93281,93282,1,0,56,44,2016,11,21,3,3,0,7,2,1,0,1,0,0,0,0,5.55557E+20,5.94028E+21,9.8397E+15,5.36084E+16
93282,93283,1,0,51,44,2016,11,9,2,3,5,2,0,0,1,1,0,0,0,0,5.06388E+20,6.00488E+21,9.0979E+15,5.41919E+16
93283,93284,1,0,62,76,2016,11,5,7,3,5,3,2,1,0,1,0,0,0,0,5.69986E+20,5.95364E+21,1.00608E+16,5.37268E+16
93284,93285,1,0,57,57,2016,10,17,2,2,6,4,2,0,0,1,1,0,0,0,5.92417E+20,6.00211E+21,1.04153E+16,5.41588E+16
93285,93286,1,0,2,0,2016,11,11,6,3,0,1,0,1,1,0,0,0,0,0,5.72767E+20,6.02006E+21,1.01188E+16,5.43232E+16
93286,93287,1,0,2,0,2016,10,16,5,3,5,3,0,0,1,1,0,0,0,0,5.74424E+20,6.0187E+21,1.01439E+16,5.43108E+16
93287,93288,1,0,58,140,2016,11,13,5,3,6,4,0,0,0,1,1,0,0,0,5.46697E+20,6.01831E+21,9.71775E+15,5.43106E+16
93288,93289,1,0,2,0,2016,10,21,2,3,9,1,1,1,0,1,0,0,0,0,5.75368E+20,6.02781E+21,1.01608E+16,5.43924E+16
93289,93290,1,0,53,90,2016,11,12,6,3,5,2,0,0,1,1,0,0,0,0,6.11186E+20,5.94261E+21,1.0681E+16,5.36205E+16
93290,93291,1,0,57,57,2016,10,10,5,2,0,1,0,1,1,0,0,0,0,0,5.93016E+20,6.00263E+21,1.04247E+16,5.41634E+16
93291,93292,1,0,56,44,2016,11,16,5,3,0,1,2,0,1,0,0,0,0,0,5.56187E+20,5.93915E+21,9.84902E+15,5.35981E+16
93292,93293,1,0,54,88,2016,11,7,4,3,4,6,0,1,1,1,0,0,0,0,4.89097E+20,6.07253E+21,8.8304E+15,5.47998E+16
93293,93294,1,0,56,50,2016,10,10,6,3,0,1,0,1,1,0,0,0,0,0,5.47783E+20,5.93737E+21,9.72176E+15,5.3583E+16
93294,93295,1,0,61,42,2016,11,18,3,2,6,4,2,0,0,1,1,0,0,0,5.40349E+20,5.98067E+21,9.61515E+15,5.39728E+16
93295,93296,1,0,56,15,2016,11,9,2,3,5,3,0,0,1,1,0,0,0,0,5.43001E+20,5.95552E+21,9.65205E+15,5.37465E+16
93296,93297,1,0,58,92,2016,11,7,6,3,6,6,0,1,1,0,1,0,0,0,5.70183E+20,6.02174E+21,1.00795E+16,5.43387E+16
93297,93298,1,0,61,29,2016,10,14,1,3,8,1,0,0,0,0,0,1,0,0,5.27625E+20,5.95933E+21,9.41925E+15,5.37818E+16
93298,93299,1,0,59,171,2016,11,20,3,3,0,3,2,0,1,1,0,0,0,0,5.25718E+20,6.05766E+21,9.39874E+15,5.46657E+16
93299,93300,1,0,1,0,2016,10,9,5,3,0,7,0,1,1,0,0,0,0,0,5.29614E+20,6.07242E+21,9.46064E+15,5.47981E+16
93300,93301,1,0,62,1,2016,11,19,4,3,5,3,2,1,1,1,0,0,0,0,5.82913E+20,5.94971E+21,1.02556E+16,5.36895E+16
93301,93302,1,0,61,46,2016,11,14,3,3,5,3,0,1,1,1,0,0,0,0,5.32739E+20,5.97613E+21,9.49864E+15,5.39325E+16
93302,93303,1,0,55,32,2016,10,15,6,2,2,6,0,0,1,0,0,0,0,0,6.16828E+20,5.99546E+21,1.07864E+16,5.4094E+16
93303,93304,1,0,58,135,2016,11,6,6,3,0,1,2,1,1,0,0,0,0,0,5.45417E+20,6.01753E+21,9.69796E+15,5.43036E+16
93304,93305,1,0,59,75,2016,11,14,5,2,5,3,0,0,1,1,0,0,0,0,5.35657E+20,6.04166E+21,9.55088E+15,5.45212E+16
93305,93306,1,0,51,11,2016,11,7,3,3,5,3,0,1,0,1,0,1,0,0,5.0787E+20,5.97233E+21,9.11977E+15,5.38993E+16
93306,93307,1,0,3,0,2016,10,16,6,3,5,3,0,1,1,1,0,0,0,0,6.11686E+20,5.97161E+21,1.06991E+16,5.38809E+16
93307,93308,1,0,1,0,2016,11,7,6,3,0,1,1,2,1,1,0,0,0,0,5.29678E+20,6.07211E+21,9.46161E+15,5.47953E+16
93308,93309,1,0,58,5,2016,11,13,6,3,6,7,0,1,0,1,0,0,0,1,5.72615E+20,6.028E+21,1.01184E+16,5.43946E+16
93309,93310,1,0,56,44,2016,10,0,1,3,6,3,2,1,0,1,1,0,0,0,5.5576E+20,5.93997E+21,9.84272E+15,5.36056E+16
93310,93311,1,0,3,0,2016,11,15,2,3,5,3,0,1,1,1,0,0,0,0,6.1221E+20,5.96709E+21,1.07054E+16,5.38402E+16
93311,93312,1,0,60,63,2016,10,17,5,3,2,6,0,0,0,1,0,0,0,0,5.65949E+20,5.95252E+21,9.99934E+15,5.37172E+16
93312,93313,1,0,4,0,2016,10,12,6,3,2,6,0,0,0,1,0,0,0,1,5.63953E+20,5.99238E+21,9.97743E+15,5.40756E+16
93313,93314,1,0,60,63,2016,11,9,3,3,5,3,0,1,1,1,0,0,0,0,5.68168E+20,5.94868E+21,1.00321E+16,5.36824E+16
93314,93315,1,0,56,18,2016,11,20,3,3,8,6,2,1,1,1,0,0,0,0,5.55315E+20,5.94236E+21,9.83642E+15,5.36271E+16
93315,93316,1,0,4,0,2016,11,15,6,3,5,3,0,0,1,0,0,0,1,0,5.64466E+20,5.99096E+21,9.98497E+15,5.40628E+16
93316,93317,1,0,53,90,2016,11,19,7,3,1,5,2,0,0,1,0,0,0,0,6.1139E+20,5.94272E+21,1.06842E+16,5.36214E+16
93317,93318,1,0,57,91,2016,11,21,7,3,4,1,2,1,0,1,0,0,0,0,5.80578E+20,6.01585E+21,1.02377E+16,5.42842E+16
93318,93319,1,0,62,6,2016,11,17,6,2,6,4,2,0,0,1,1,0,0,0,5.83259E+20,5.95479E+21,1.02622E+16,5.37351E+16
93319,93320,1,0,56,49,2016,10,14,4,3,0,1,0,0,1,0,0,0,0,0,5.44343E+20,5.94832E+21,9.67137E+15,5.36818E+16
93320,93321,1,0,4,0,2016,10,13,6,3,5,3,0,0,0,1,0,0,0,1,5.64127E+20,5.99226E+21,9.98007E+15,5.40746E+16
93321,93322,1,0,55,12,2016,10,16,1,3,0,7,0,0,1,0,0,0,0,0,6.05809E+20,5.9998E+21,1.06195E+16,5.41354E+16
93322,93323,1,0,61,46,2016,11,7,7,2,8,1,0,2,1,0,0,0,0,0,5.34055E+20,5.97535E+21,9.5186E+15,5.39255E+16
93323,93324,1,0,55,4,2016,10,12,4,3,2,6,0,0,0,1,0,0,0,0,6.12266E+20,5.97586E+21,1.07094E+16,5.3919E+16
93324,93325,1,0,58,92,2016,10,17,6,3,0,7,0,0,1,0,0,0,0,0,5.70593E+20,6.0211E+21,1.00856E+16,5.43329E+16
93325,93326,1,0,56,39,2016,11,11,3,3,0,1,0,1,1,0,0,0,0,0,5.53281E+20,5.94615E+21,9.80631E+15,5.36614E+16
93326,93327,1,0,62,76,2016,11,12,4,2,5,3,0,0,0,1,0,0,0,0,5.69935E+20,5.95269E+21,1.00598E+16,5.37182E+16
93327,93328,1,0,62,6,2016,11,11,7,3,6,7,2,1,0,1,1,0,0,0,5.836E+20,5.95421E+21,1.02672E+16,5.37299E+16
93328,93329,1,0,3,0,2016,10,13,1,3,8,7,0,0,1,0,0,0,0,0,6.13722E+20,5.96279E+21,1.07268E+16,5.38012E+16
93329,93330,1,0,60,4,2016,11,5,6,3,5,2,2,1,0,1,0,1,0,0,5.58499E+20,5.97631E+21,9.891E+15,5.39319E+16
93330,93331,1,0,58,135,2016,10,17,4,3,9,1,1,1,1,0,0,0,0,0,5.42212E+20,6.01791E+21,9.64877E+15,5.43073E+16
93331,93332,1,0,59,75,2016,11,13,6,3,1,5,0,0,1,1,0,0,0,0,5.36033E+20,6.04217E+21,9.55675E+15,5.45258E+16
93332,93333,1,0,60,5,2016,11,20,3,3,5,3,2,0,1,1,0,0,0,0,5.85493E+20,5.97682E+21,1.03022E+16,5.39327E+16
93333,93334,1,0,2,0,2016,10,13,4,3,5,3,0,0,1,1,0,0,0,0,5.7328E+20,6.01974E+21,1.01266E+16,5.43202E+16
93334,93335,1,0,57,43,2016,10,18,6,3,1,5,1,1,0,1,0,1,0,0,5.79679E+20,6.02889E+21,1.02274E+16,5.44015E+16
93335,93336,1,0,56,36,2016,11,10,3,2,1,6,0,1,0,1,0,0,0,0,5.44386E+20,5.94732E+21,9.67188E+15,5.36727E+16
93336,93337,1,0,56,41,2016,11,16,2,2,5,2,0,0,0,1,0,1,0,0,5.61733E+20,5.95333E+21,9.93564E+15,5.3725E+16
93337,93338,1,0,2,0,2016,11,7,6,3,0,1,1,1,1,0,0,0,0,0,5.74361E+20,6.01868E+21,1.0143E+16,5.43105E+16
93338,93339,1,0,51,19,2016,11,12,5,3,5,3,0,0,0,1,0,0,0,0,5.24433E+20,6.0099E+21,9.37487E+15,5.42365E+16
93339,93340,1,0,55,12,2016,10,14,1,2,0,1,0,0,1,0,0,0,0,0,6.05226E+20,6.00044E+21,1.06108E+16,5.41413E+16
93340,93341,1,0,60,92,2016,11,11,3,3,5,3,0,1,0,1,0,0,0,0,5.78803E+20,5.97813E+21,1.02007E+16,5.39456E+16
93341,93342,1,0,56,16,2016,11,22,3,3,0,7,2,0,0,1,0,0,0,0,5.43029E+20,5.95144E+21,9.65191E+15,5.37099E+16
93342,93343,1,0,60,63,2016,11,7,5,3,5,3,0,0,1,1,0,0,0,0,5.66477E+20,5.9487E+21,1.00065E+16,5.36827E+16
93343,93344,1,0,56,36,2016,11,7,3,3,6,4,1,1,0,1,1,0,0,0,5.43919E+20,5.94674E+21,9.66473E+15,5.36676E+16
93344,93345,1,0,56,43,2016,11,17,4,3,4,6,2,1,0,1,0,1,0,0,5.58587E+20,5.94185E+21,9.88579E+15,5.36222E+16
93345,93346,1,0,62,18,2016,11,15,2,3,6,6,0,0,1,0,1,0,0,0,5.80374E+20,5.93403E+21,1.02131E+16,5.3549E+16
93346,93347,1,0,55,35,2016,11,22,7,3,8,7,2,1,0,1,0,0,0,0,6.19719E+20,5.9815E+21,1.08251E+16,5.3968E+16
93347,93348,1,0,2,0,2016,10,6,1,3,0,1,2,0,1,0,0,0,0,0,5.74456E+20,6.01829E+21,1.01443E+16,5.4307E+16
93348,93349,1,0,58,43,2016,11,13,6,3,5,3,0,1,0,1,0,0,0,0,5.54184E+20,6.03558E+21,9.83596E+15,5.4465E+16
93349,93350,1,0,54,168,2016,10,10,4,2,1,7,0,1,1,0,0,0,0,1,4.57937E+20,6.0837E+21,8.34409E+15,5.48986E+16
93350,93351,1,0,53,23,2016,11,12,5,3,0,1,0,1,1,0,0,0,0,0,5.8964E+20,5.92807E+21,1.03512E+16,5.34939E+16
93351,93352,1,0,62,1,2016,11,10,3,3,8,7,0,0,0,0,0,0,0,1,5.82053E+20,5.94915E+21,1.02424E+16,5.36846E+16
93352,93353,1,0,2,0,2016,10,19,6,3,1,1,2,1,0,1,0,0,0,0,5.74808E+20,6.02202E+21,1.01507E+16,5.43405E+16
93353,93354,1,0,60,63,2016,11,6,3,3,5,3,2,1,1,0,0,0,0,1,5.65946E+20,5.95166E+21,9.99913E+15,5.37094E+16
93354,93355,1,0,59,161,2016,11,8,6,2,5,3,0,1,0,1,0,0,0,0,5.41009E+20,6.06424E+21,9.63672E+15,5.47238E+16
93355,93356,1,0,2,0,2016,11,18,6,3,5,3,2,1,1,1,0,0,0,0,5.73661E+20,6.02044E+21,1.01327E+16,5.43265E+16
93356,93357,1,0,51,44,2016,10,14,7,3,5,3,0,0,0,1,0,0,0,0,5.05609E+20,6.00578E+21,9.08598E+15,5.42E+16
93357,93358,1,0,56,18,2016,11,12,2,3,8,1,0,0,1,0,0,0,0,0,5.55411E+20,5.94316E+21,9.83802E+15,5.36343E+16
93358,93359,1,0,51,44,2016,10,11,3,3,5,2,0,0,1,1,0,0,0,0,5.06159E+20,6.00501E+21,9.09439E+15,5.41931E+16
93359,93360,1,0,2,0,2016,10,14,6,3,2,2,0,0,0,1,0,0,1,0,5.76134E+20,6.01731E+21,1.01699E+16,5.4298E+16
93360,93361,1,0,59,24,2016,11,7,4,3,0,1,1,1,1,0,0,0,0,0,5.20658E+20,6.01775E+21,9.31749E+15,5.43072E+16
93361,93362,1,0,62,4,2016,11,14,3,2,6,4,0,1,0,1,1,0,0,0,5.90454E+20,5.96295E+21,1.03736E+16,5.38072E+16
93362,93363,1,0,3,0,2016,11,19,2,3,5,2,2,1,1,1,0,0,0,0,6.11667E+20,5.96984E+21,1.06981E+16,5.3865E+16
93363,93364,1,0,4,0,2016,11,8,7,3,6,7,0,1,0,1,1,0,0,0,5.66329E+20,5.98997E+21,1.00132E+16,5.40537E+16
93364,93365,1,0,61,46,2016,10,13,7,3,5,2,0,0,1,1,0,0,0,0,5.32941E+20,5.97642E+21,9.50177E+15,5.39351E+16
93365,93366,1,0,62,76,2016,10,15,3,3,5,3,0,0,1,1,0,0,0,0,5.75046E+20,5.95655E+21,1.01382E+16,5.37522E+16
93366,93367,1,0,59,75,2016,11,10,5,3,2,6,0,0,0,1,0,0,0,0,5.36899E+20,6.04215E+21,9.57013E+15,5.45256E+16
93367,93368,1,0,53,12,2016,11,11,3,2,0,1,0,1,1,0,0,0,0,0,5.84927E+20,5.92543E+21,1.02795E+16,5.3471E+16
93368,93369,1,0,60,63,2016,10,13,5,3,2,6,0,0,0,1,0,0,0,0,5.65237E+20,5.95145E+21,9.98833E+15,5.37076E+16
93369,93370,1,0,54,88,2016,11,7,6,3,5,2,2,1,1,1,0,0,0,0,4.88843E+20,6.07128E+21,8.8265E+15,5.47886E+16
93370,93371,1,0,56,41,2016,11,15,5,3,6,2,0,0,0,1,1,0,0,0,5.594E+20,5.95372E+21,9.90036E+15,5.37288E+16
93371,93372,1,0,56,13,2016,10,7,7,3,0,1,2,1,1,0,0,0,0,0,5.59827E+20,5.94465E+21,9.90508E+15,5.36472E+16
93372,93373,1,0,56,39,2016,11,14,1,3,6,4,0,0,0,1,1,0,0,0,5.523E+20,5.94653E+21,9.79153E+15,5.36649E+16
93373,93374,1,0,56,39,2016,10,16,3,2,0,1,0,0,1,0,0,0,0,0,5.53012E+20,5.94643E+21,9.80229E+15,5.3664E+16
93374,93375,1,0,56,21,2016,10,11,5,3,0,7,0,0,0,1,0,0,1,0,5.60316E+20,5.94983E+21,9.91348E+15,5.36937E+16
93375,93376,1,0,62,4,2016,11,6,3,3,0,3,1,1,1,1,0,0,0,0,5.90677E+20,5.96336E+21,1.03771E+16,5.38109E+16
93376,93377,1,0,56,15,2016,11,16,5,3,5,3,1,0,1,0,0,0,0,1,5.45853E+20,5.95556E+21,9.6953E+15,5.37467E+16
93377,93378,1,0,53,107,2016,11,16,4,3,5,3,1,2,0,0,0,0,0,1,6.20393E+20,5.94686E+21,1.08218E+16,5.36566E+16
93378,93379,1,0,3,0,2016,11,7,3,3,2,6,1,1,0,1,0,0,0,0,6.10423E+20,5.96983E+21,1.06792E+16,5.38652E+16
93379,93380,1,0,53,129,2016,11,21,5,3,8,7,2,1,0,1,0,0,0,0,5.83205E+20,5.92815E+21,1.02543E+16,5.34957E+16
93380,93381,1,0,55,40,2016,11,12,4,3,4,2,0,0,0,1,0,0,0,0,6.08195E+20,5.9743E+21,1.06469E+16,5.39058E+16
93381,93382,1,0,56,50,2016,10,16,7,2,6,4,0,0,0,1,1,0,0,0,5.46695E+20,5.93674E+21,9.70525E+15,5.35775E+16
93382,93383,1,0,3,0,2016,11,12,7,3,4,6,0,1,0,1,0,0,0,0,6.10069E+20,5.97115E+21,1.06743E+16,5.38772E+16
93383,93384,1,0,62,60,2016,10,9,3,3,2,6,0,0,0,1,0,0,0,0,5.83019E+20,5.92956E+21,1.02518E+16,5.35084E+16
93384,93385,1,0,55,4,2016,10,7,5,3,0,3,2,0,1,1,0,0,0,0,6.09881E+20,5.97494E+21,1.06728E+16,5.39112E+16
93385,93386,1,0,62,4,2016,11,17,3,3,5,3,2,1,1,1,0,0,0,0,5.91048E+20,5.96291E+21,1.03826E+16,5.38068E+16
93386,93387,1,0,3,0,2016,11,17,3,3,6,7,2,1,0,1,1,0,0,0,6.06586E+20,5.96978E+21,1.06209E+16,5.38655E+16
93387,93388,1,0,60,19,2016,11,10,5,3,0,7,0,1,1,0,0,0,0,0,5.61338E+20,5.95741E+21,9.93046E+15,5.37617E+16
93388,93389,1,0,3,0,2016,11,19,4,3,2,6,2,1,1,1,0,0,0,0,6.11022E+20,5.96946E+21,1.06882E+16,5.38618E+16
93389,93390,1,0,3,0,2016,11,6,2,2,4,6,2,1,0,1,0,1,0,0,6.11666E+20,5.97052E+21,1.06984E+16,5.38711E+16
93390,93391,1,0,58,135,2016,11,13,7,3,5,7,0,1,0,1,0,0,0,1,5.43398E+20,6.01759E+21,9.66694E+15,5.43044E+16
93391,93392,1,0,62,4,2016,10,15,7,3,5,2,0,0,0,1,0,0,0,0,5.90827E+20,5.96253E+21,1.03792E+16,5.38034E+16
93392,93393,1,0,62,23,2016,11,15,6,3,0,1,0,1,1,0,0,0,0,0,5.83188E+20,5.94548E+21,1.02586E+16,5.36514E+16
93393,93394,1,0,53,131,2016,10,14,3,3,5,7,0,0,0,1,0,0,0,0,5.95521E+20,5.92255E+21,1.04382E+16,5.34433E+16
93394,93395,1,0,54,168,2016,11,16,6,3,5,3,2,1,0,0,0,1,0,1,4.55464E+20,6.08447E+21,8.30541E+15,5.49053E+16
93395,93396,1,0,54,59,2016,11,7,7,3,5,3,0,1,0,1,0,0,0,0,5.08877E+20,6.0559E+21,9.13758E+15,5.46504E+16
93396,93397,1,0,53,90,2016,10,13,7,3,5,2,0,0,1,1,0,0,0,0,6.11807E+20,5.94291E+21,1.06905E+16,5.3623E+16
93397,93398,1,0,51,44,2016,11,10,6,3,6,2,0,1,0,1,1,0,0,0,5.0642E+20,6.00452E+21,9.09839E+15,5.41887E+16
93398,93399,1,0,3,0,2016,11,7,6,3,6,4,2,1,0,1,1,0,0,0,6.12135E+20,5.96206E+21,1.07024E+16,5.3795E+16
93399,93400,1,0,55,12,2016,11,14,3,3,5,3,0,0,0,1,0,0,0,0,6.07088E+20,5.99793E+21,1.06384E+16,5.41184E+16
93400,93401,1,0,55,12,2016,10,23,3,3,8,1,2,0,0,1,0,0,0,0,6.06205E+20,5.99906E+21,1.06253E+16,5.41287E+16
93401,93402,1,0,55,12,2016,10,7,5,3,6,4,2,0,0,1,1,0,0,0,6.05447E+20,5.99941E+21,1.06138E+16,5.4132E+16
93402,93403,1,0,62,18,2016,11,12,3,3,5,3,0,1,0,1,0,0,0,0,5.81323E+20,5.93319E+21,1.02272E+16,5.35413E+16
93403,93404,1,0,3,0,2016,11,17,2,3,6,4,2,1,0,1,1,0,0,0,6.11767E+20,5.96823E+21,1.06991E+16,5.38505E+16
93404,93405,1,0,62,69,2016,11,8,5,3,2,6,0,0,1,1,0,0,0,0,5.8441E+20,5.94254E+21,1.02763E+16,5.36248E+16
93405,93406,1,0,3,0,2016,11,10,5,3,8,6,0,1,1,1,0,0,0,0,6.11257E+20,5.96819E+21,1.06913E+16,5.38503E+16
93406,93407,1,0,56,50,2016,11,14,3,3,5,3,0,1,0,1,0,0,0,0,5.47002E+20,5.93813E+21,9.71009E+15,5.35899E+16
93407,93408,1,0,55,33,2016,11,8,4,3,2,6,0,2,0,1,0,0,0,0,6.23366E+20,6.01845E+21,1.08958E+16,5.4299E+16
93408,93409,1,0,3,0,2016,11,17,2,3,6,4,2,1,0,1,1,0,0,0,6.10891E+20,5.97033E+21,1.06865E+16,5.38696E+16
93409,93410,1,0,51,71,2016,11,17,6,2,5,3,2,1,1,1,0,0,0,0,5.0176E+20,6.02024E+21,9.02706E+15,5.433E+16
93410,93411,1,0,3,0,2016,10,12,7,3,0,1,0,0,1,0,0,0,0,0,6.10902E+20,5.97056E+21,1.06868E+16,5.38716E+16
93411,93412,1,0,62,6,2016,11,7,6,3,5,3,2,1,1,1,0,0,0,0,5.83098E+20,5.95403E+21,1.02595E+16,5.37283E+16
93412,93413,1,0,2,0,2016,11,6,6,3,0,1,2,2,1,0,0,0,0,0,5.72018E+20,6.02113E+21,1.01076E+16,5.43329E+16
93413,93414,1,0,58,77,2016,10,18,3,3,8,1,1,0,0,1,0,0,0,0,5.41868E+20,5.99521E+21,9.64032E+15,5.41033E+16
93414,93415,1,0,3,0,2016,11,8,5,3,5,2,0,1,1,1,0,0,0,0,6.18966E+20,5.97558E+21,1.08113E+16,5.3915E+16
93415,93416,1,0,3,0,2016,11,10,3,3,5,3,0,0,0,1,0,0,0,1,6.11936E+20,5.96716E+21,1.07013E+16,5.38409E+16
93416,93417,1,0,55,46,2016,10,13,5,3,5,3,0,0,1,1,0,0,0,0,6.41383E+20,6.03497E+21,1.11803E+16,5.44428E+16