FID,OBJECTID,ULAND,UREGBEZ,UKREIS,UGEMEINDE,UJAHR,UMONAT,USTUNDE,UWOCHENTAG,UKATEGORIE,UART,UTYP1,ULICHTVERH,IstStrasse,IstRad,IstPKW,IstFuss,IstKrad,IstGkfz,IstSonstig,LINREFX,LINREFY,XGCSWGS84,YGCSWGS84
93417,93418,1,0,2,0,2016,11,8,3,3,0,1,0,1,1,0,0,0,0,0,5.73657E+20,6.02045E+21,1.01326E+16,5.43265E+16
93418,93419,1,0,55,44,2016,10,19,5,3,4,6,2,1,1,0,0,0,0,0,6.1542E+20,5.98726E+21,1.07618E+16,5.40207E+16
93419,93420,1,0,53,9,2016,11,10,3,3,5,3,0,2,0,1,0,0,1,0,6.08272E+20,5.95543E+21,1.06415E+16,5.37363E+16
93420,93421,1,0,4,0,2016,11,17,2,3,1,5,2,0,1,1,0,0,0,0,5.64603E+20,5.99236E+21,9.98736E+15,5.40754E+16
93421,93422,1,0,53,32,2016,11,9,5,3,1,5,0,0,0,1,0,0,0,0,5.91158E+20,5.92108E+21,1.03721E+16,5.34309E+16
93422,93423,1,0,58,135,2016,10,11,7,3,6,7,0,0,1,0,1,0,0,0,5.4306E+20,6.01772E+21,9.66177E+15,5.43055E+16
93423,93424,1,0,2,0,2016,11,7,3,2,6,4,1,1,0,1,1,0,0,0,5.75046E+20,6.0183E+21,1.01534E+16,5.43071E+16
93424,93425,1,0,56,44,2016,10,19,6,3,6,4,2,0,0,1,1,0,0,0,5.54094E+20,5.93971E+21,9.81749E+15,5.36034E+16
93425,93426,1,0,58,43,2016,10,18,3,3,0,1,2,0,1,0,0,0,0,0,5.54081E+20,6.03622E+21,9.8345E+15,5.44708E+16
93426,93427,1,0,62,6,2016,11,17,4,3,2,6,2,1,0,1,0,0,0,0,5.83575E+20,5.95421E+21,1.02668E+16,5.37298E+16
93427,93428,1,0,2,0,2016,11,7,3,3,5,2,0,1,1,1,0,0,0,0,5.77652E+20,6.01576E+21,1.01928E+16,5.42839E+16
93428,93429,1,0,58,54,2016,10,18,5,3,4,6,1,0,1,1,0,0,0,0,5.38335E+20,6.01798E+21,9.5892E+15,5.43083E+16
93429,93430,1,0,55,12,2016,11,8,5,3,0,1,1,1,1,0,0,0,0,0,6.05429E+20,6.00191E+21,1.06144E+16,5.41545E+16
93430,93431,1,0,3,0,2016,11,23,5,3,8,1,2,1,0,1,1,0,0,0,6.096E+20,5.97279E+21,1.06678E+16,5.38919E+16
93431,93432,1,0,56,43,2016,10,18,6,3,0,1,2,1,0,0,0,1,0,0,5.57529E+20,5.94286E+21,9.86998E+15,5.36314E+16
93432,93433,1,0,58,61,2016,11,0,1,2,9,1,2,1,0,0,0,1,0,0,5.30636E+20,5.99497E+21,9.46853E+15,5.4102E+16
93433,93434,1,0,2,0,2016,11,17,5,3,5,3,2,1,1,1,0,0,0,0,5.74353E+20,6.01509E+21,1.0142E+16,5.42783E+16
93434,93435,1,0,56,44,2016,10,16,6,3,0,1,0,1,1,0,0,0,0,0,5.55809E+20,5.93956E+21,9.84339E+15,5.36019E+16
93435,93436,1,0,62,1,2016,11,8,2,3,6,4,0,1,0,1,1,0,0,0,5.80638E+20,5.94686E+21,1.02204E+16,5.36642E+16
93436,93437,1,0,58,128,2016,10,6,3,2,8,6,2,0,0,0,0,1,0,1,5.59979E+20,5.98882E+21,9.916E+15,5.40441E+16
93437,93438,1,0,2,0,2016,10,16,5,3,0,7,1,0,1,1,0,0,1,0,5.73945E+20,6.02209E+21,1.01374E+16,5.43413E+16
93438,93439,1,0,60,5,2016,11,16,3,3,3,6,1,0,1,0,0,0,0,0,5.85787E+20,5.97763E+21,1.03069E+16,5.394E+16
93439,93440,1,0,59,75,2016,11,11,3,3,1,5,0,1,0,1,0,0,0,0,5.36165E+20,6.04115E+21,9.55866E+15,5.45167E+16
93440,93441,1,0,54,56,2016,11,18,5,3,0,7,2,1,1,0,0,0,0,0,5.03645E+20,6.0358E+21,9.05625E+15,5.44698E+16
93441,93442,1,0,60,5,2016,11,16,6,3,2,6,0,0,0,1,0,0,0,0,5.85301E+20,5.97781E+21,1.02995E+16,5.39417E+16
93442,93443,1,0,57,62,2016,11,9,7,3,0,1,0,2,1,0,0,0,0,0,5.84063E+20,6.0102E+21,1.02897E+16,5.42329E+16
93443,93444,1,0,61,49,2016,10,3,2,3,0,1,2,0,1,0,0,0,0,0,5.48236E+20,5.97792E+21,9.73495E+15,5.39474E+16
93444,93445,1,0,2,0,2016,10,15,5,3,5,3,0,1,1,1,0,0,0,0,5.70668E+20,6.02331E+21,1.00873E+16,5.43527E+16
93445,93446,1,0,3,0,2016,11,14,3,3,1,5,0,1,1,1,0,0,0,0,6.0821E+20,5.97138E+21,1.06461E+16,5.38796E+16
93446,93447,1,0,61,46,2016,10,10,2,3,0,1,0,1,1,0,0,0,0,0,5.33782E+20,5.97718E+21,9.51465E+15,5.39419E+16
93447,93448,1,0,3,0,2016,10,17,2,3,0,7,1,0,1,0,0,0,0,0,6.09148E+20,5.97038E+21,1.066E+16,5.38704E+16
93448,93449,1,0,54,108,2016,10,7,5,2,0,3,1,1,1,0,0,0,0,1,4.89961E+20,6.05511E+21,8.84444E+15,5.46433E+16
93449,93450,1,0,61,42,2016,10,6,2,2,1,5,2,1,1,1,0,0,0,0,5.40034E+20,5.97909E+21,9.61014E+15,5.39586E+16
93450,93451,1,0,60,44,2016,11,10,4,3,6,2,0,1,0,1,1,0,0,0,5.63343E+20,5.96566E+21,9.96256E+15,5.38356E+16
93451,93452,1,0,58,135,2016,11,16,4,3,1,7,0,0,0,0,0,0,0,1,5.43367E+20,6.01734E+21,9.66643E+15,5.43021E+16
93452,93453,1,0,60,63,2016,11,12,6,3,5,3,0,1,0,1,0,1,0,0,5.65762E+20,5.95412E+21,9.99685E+15,5.37316E+16
93453,93454,1,0,60,63,2016,10,10,6,3,5,3,0,1,1,1,0,0,0,0,5.65496E+20,5.94956E+21,9.99185E+15,5.36907E+16
93454,93455,1,0,62,76,2016,11,8,6,2,0,7,0,2,1,0,0,0,0,0,5.71825E+20,5.95443E+21,1.00888E+16,5.37335E+16
93455,93456,1,0,2,0,2016,10,13,2,3,5,2,0,0,0,1,0,0,0,1,5.7543E+20,6.01498E+21,1.01585E+16,5.42772E+16
93456,93457,1,0,2,0,2016,11,9,6,3,5,2,0,0,1,1,0,0,0,0,5.73985E+20,6.02115E+21,1.01378E+16,5.43329E+16
93457,93458,1,0,56,50,2016,10,17,2,1,8,1,2,0,0,0,0,1,0,0,5.46059E+20,5.93713E+21,9.6957E+15,5.3581E+16
93458,93459,1,0,54,88,2016,10,16,2,3,5,3,0,0,0,1,0,0,0,0,4.88729E+20,6.0715E+21,8.82472E+15,5.47906E+16
93459,93460,1,0,1,0,2016,10,11,5,3,2,6,0,1,0,1,0,0,0,0,5.28994E+20,6.06833E+21,9.45059E+15,5.47614E+16
93460,93461,1,0,3,0,2016,11,13,3,3,5,3,0,2,1,1,0,0,0,0,6.08119E+20,5.96866E+21,1.06438E+16,5.38552E+16
93461,93462,1,0,1,0,2016,11,12,2,3,0,1,0,0,1,0,0,0,0,0,5.29425E+20,6.07155E+21,9.4576E+15,5.47902E+16
93462,93463,1,0,56,50,2016,11,11,4,3,2,6,0,1,0,1,0,0,0,1,5.48202E+20,5.93615E+21,9.72791E+15,5.3572E+16
93463,93464,1,0,58,54,2016,11,17,5,3,5,3,2,0,0,1,0,0,0,0,5.39893E+20,6.01804E+21,9.61314E+15,5.43086E+16
93464,93465,1,0,56,44,2016,10,12,6,3,5,3,0,0,0,1,0,0,0,0,5.55557E+20,5.9403E+21,9.83971E+15,5.36086E+16
93465,93466,1,0,60,5,2016,11,14,3,3,5,2,0,1,0,1,0,0,0,0,5.85781E+20,5.97768E+21,1.03068E+16,5.39403E+16
93466,93467,1,0,54,6,2016,11,10,2,3,5,3,0,0,1,1,0,0,0,0,5.00943E+20,6.04796E+21,9.01459E+15,5.45791E+16
93467,93468,1,0,60,19,2016,11,14,6,3,5,3,0,0,1,1,0,0,0,0,5.60502E+20,5.95603E+21,9.91751E+15,5.37494E+16
93468,93469,1,0,62,1,2016,10,18,6,3,5,3,2,1,1,1,0,0,0,0,5.80629E+20,5.9478E+21,1.02205E+16,5.36727E+16
93469,93470,1,0,57,24,2016,11,13,5,3,8,6,0,0,0,1,0,0,0,0,5.71186E+20,5.9991E+21,1.00895E+16,5.41351E+16
93470,93471,1,0,58,92,2016,11,12,4,2,5,3,0,0,1,1,0,0,0,0,5.70594E+20,6.0211E+21,1.00857E+16,5.43329E+16
93471,93472,1,0,56,15,2016,11,18,1,3,5,3,2,1,0,1,0,0,0,0,5.4419E+20,5.95502E+21,9.67001E+15,5.37419E+16
93472,93473,1,0,62,4,2016,11,14,6,3,5,3,0,1,1,0,0,0,0,0,5.91048E+20,5.96291E+21,1.03826E+16,5.38068E+16
93473,93474,1,0,62,82,2016,10,9,6,3,0,7,0,1,1,0,0,0,0,0,5.93302E+20,5.94049E+21,1.04101E+16,5.36049E+16
93474,93475,1,0,3,0,2016,11,7,6,3,0,6,2,1,1,1,0,0,0,0,6.09383E+20,5.96899E+21,1.06631E+16,5.38578E+16
93475,93476,1,0,1,0,2016,10,11,2,3,6,3,0,0,0,1,1,0,0,0,5.25577E+20,6.06807E+21,9.39746E+15,5.47592E+16
93476,93477,1,0,62,61,2016,11,10,5,2,5,3,0,1,1,1,0,0,0,0,5.98205E+20,5.96575E+21,1.04922E+16,5.3831E+16
93477,93478,1,0,56,15,2016,10,15,2,3,5,2,0,1,1,1,0,0,0,0,5.43412E+20,5.9549E+21,9.6582E+15,5.37409E+16
93478,93479,1,0,51,11,2016,10,12,4,3,2,6,0,0,0,1,0,0,0,0,5.09452E+20,5.97242E+21,9.14384E+15,5.39002E+16
93479,93480,1,0,4,0,2016,11,16,3,3,1,5,0,0,0,1,0,0,0,0,5.64184E+20,5.99191E+21,9.98086E+15,5.40714E+16
93480,93481,1,0,56,50,2016,11,17,4,3,0,7,2,1,1,0,0,0,0,0,5.47783E+20,5.93736E+21,9.72177E+15,5.35829E+16
93481,93482,1,0,53,95,2016,10,20,6,3,8,1,2,0,0,1,0,0,0,0,6.06752E+20,5.9389E+21,1.06128E+16,5.35881E+16
93482,93483,1,0,62,76,2016,11,16,2,3,2,6,1,0,0,1,0,0,0,0,5.70921E+20,5.95349E+21,1.00749E+16,5.37252E+16
93483,93484,1,0,59,75,2016,10,6,2,3,5,3,2,0,1,1,0,0,0,0,5.36893E+20,6.04129E+21,9.56992E+15,5.45178E+16
93484,93485,1,0,3,0,2016,11,7,4,3,5,3,0,1,1,1,0,0,0,0,6.07532E+20,5.96727E+21,1.06344E+16,5.38428E+16
93485,93486,1,0,55,32,2016,10,5,2,3,5,7,2,1,1,1,0,0,0,0,6.19085E+20,5.99636E+21,1.08212E+16,5.41016E+16
93486,93487,1,0,61,46,2016,10,9,4,3,1,5,0,0,0,1,0,0,0,0,5.33408E+20,5.97609E+21,9.50884E+15,5.39321E+16
93487,93488,1,0,54,164,2016,10,19,2,3,0,1,2,0,1,0,0,0,0,0,4.7226E+20,6.06042E+21,8.56965E+15,5.46903E+16
93488,93489,1,0,2,0,2016,11,10,5,3,0,1,0,1,1,1,0,0,0,0,5.77989E+20,6.02062E+21,1.01992E+16,5.43275E+16
93489,93490,1,0,57,9,2016,10,18,2,3,4,6,2,1,0,1,0,0,0,0,5.97556E+20,6.00322E+21,1.04944E+16,5.41678E+16
93490,93491,1,0,51,2,2016,10,9,4,3,5,3,0,1,0,1,0,0,0,0,5.1503E+20,5.9999E+21,9.2301E+15,5.4147E+16
93491,93492,1,0,58,135,2016,11,7,3,3,6,7,0,1,1,0,1,0,0,0,5.42779E+20,6.01818E+21,9.65752E+15,5.43097E+16
93492,93493,1,0,56,39,2016,11,17,4,3,0,7,1,1,1,0,0,0,0,1,5.52802E+20,5.94571E+21,9.799E+15,5.36574E+16
93493,93494,1,0,56,39,2016,11,7,4,3,5,2,2,1,1,1,0,0,0,0,5.54373E+20,5.94472E+21,9.82259E+15,5.36484E+16
93494,93495,1,0,3,0,2016,10,12,6,2,5,3,0,1,0,1,0,0,0,0,6.11655E+20,5.97055E+21,1.06982E+16,5.38714E+16
93495,93496,1,0,58,22,2016,11,16,2,3,5,7,1,1,1,1,0,0,0,0,5.67057E+20,6.00353E+21,1.00273E+16,5.41754E+16
93496,93497,1,0,56,50,2016,10,18,1,3,6,7,2,1,0,1,1,0,0,0,5.46878E+20,5.93591E+21,9.70788E+15,5.357E+16
93497,93498,1,0,53,32,2016,10,17,4,3,5,2,1,0,1,1,0,0,0,0,5.91356E+20,5.92278E+21,1.03755E+16,5.34461E+16
93498,93499,1,0,3,0,2016,10,8,2,3,2,6,0,1,0,1,0,0,0,0,6.07286E+20,5.96856E+21,1.06311E+16,5.38544E+16
93499,93500,1,0,56,15,2016,11,6,4,2,4,1,2,1,0,1,0,0,0,1,5.42655E+20,5.95541E+21,9.6468E+15,5.37456E+16
93500,93501,1,0,2,0,2016,11,7,4,3,2,6,0,2,0,1,0,0,0,1,5.68872E+20,6.01699E+21,1.00582E+16,5.42962E+16
93501,93502,1,0,53,100,2016,11,13,6,3,2,6,0,1,1,1,0,0,0,0,6.17704E+20,5.95056E+21,1.07825E+16,5.36905E+16
93502,93503,1,0,54,56,2016,11,14,7,3,5,3,0,0,0,1,0,0,0,0,5.03751E+20,6.03774E+21,9.05791E+15,5.44872E+16
93503,93504,1,0,56,49,2016,11,7,4,3,5,3,0,1,1,0,0,0,1,0,5.4396E+20,5.94854E+21,9.66561E+15,5.36837E+16
93504,93505,1,0,54,56,2016,11,7,4,3,6,4,2,1,0,0,1,0,0,1,5.03602E+20,6.03613E+21,9.05558E+15,5.44728E+16
93505,93506,1,0,2,0,2016,10,10,6,3,6,4,0,1,0,1,1,0,0,0,5.74183E+20,6.01518E+21,1.01394E+16,5.42792E+16
93506,93507,1,0,56,49,2016,11,21,7,3,1,7,2,2,0,1,0,0,0,0,5.44649E+20,5.94819E+21,9.67598E+15,5.36805E+16
93507,93508,1,0,56,15,2016,10,19,7,3,5,3,2,1,1,1,0,0,0,0,5.44256E+20,5.95557E+21,9.6711E+15,5.37469E+16
93508,93509,1,0,55,42,2016,10,15,4,3,0,6,0,0,1,1,0,0,0,0,6.20138E+20,5.98371E+21,1.08323E+16,5.39878E+16
93509,93510,1,0,55,32,2016,10,5,2,2,0,6,2,1,0,1,0,1,0,0,6.19545E+20,5.9954E+21,1.08279E+16,5.40928E+16
93510,93511,1,0,54,76,2016,11,20,4,2,0,1,2,0,1,0,0,0,0,0,4.98451E+20,6.06947E+21,8.97592E+15,5.47725E+16
93511,93512,1,0,3,0,2016,11,9,1,2,4,6,0,1,0,1,0,0,0,0,6.07729E+20,5.96298E+21,1.06359E+16,5.38042E+16
93512,93513,1,0,53,14,2016,11,12,6,3,6,4,0,0,0,1,1,0,0,0,6.08427E+20,5.94109E+21,1.06388E+16,5.36074E+16
93513,93514,1,0,60,89,2016,10,8,5,3,5,3,0,1,0,1,0,0,0,0,5.79599E+20,5.98867E+21,1.02155E+16,5.40401E+16
93514,93515,1,0,62,1,2016,11,21,6,3,1,1,2,2,0,1,0,0,1,0,5.83246E+20,5.94967E+21,1.02606E+16,5.36891E+16
93515,93516,1,0,60,7,2016,10,2,7,3,9,1,2,0,0,1,0,0,0,0,5.77809E+20,5.97422E+21,1.01845E+16,5.39105E+16
93516,93517,1,0,54,88,2016,11,15,6,3,5,3,1,1,1,1,0,0,0,0,4.8947E+20,6.07158E+21,8.83624E+15,5.47913E+16
93517,93518,1,0,55,40,2016,10,8,2,3,4,6,0,0,1,0,0,0,1,0,6.07869E+20,5.97346E+21,1.06417E+16,5.38983E+16
93518,93519,1,0,56,49,2016,10,12,7,3,5,3,0,0,1,1,0,0,0,0,5.44579E+20,5.94869E+21,9.675E+15,5.3685E+16
93519,93520,1,0,2,0,2016,10,12,4,3,5,2,0,0,1,1,0,0,0,0,5.73607E+20,6.02243E+21,1.01323E+16,5.43444E+16
93520,93521,1,0,2,0,2016,11,18,3,2,1,5,2,0,1,1,0,0,0,0,5.73066E+20,6.02023E+21,1.01234E+16,5.43247E+16
93521,93522,1,0,3,0,2016,11,16,6,3,0,7,0,1,1,0,0,0,0,0,6.086E+20,5.97027E+21,1.06517E+16,5.38695E+16
93522,93523,1,0,55,40,2016,10,19,7,3,6,4,2,1,0,1,1,0,0,0,6.0771E+20,5.97332E+21,1.06392E+16,5.38972E+16
93523,93524,1,0,54,168,2016,10,15,4,2,0,1,0,0,1,0,0,0,0,0,4.54738E+20,6.07938E+21,8.29489E+15,5.48595E+16
93524,93525,1,0,2,0,2016,11,9,3,3,4,6,0,0,1,0,0,0,0,0,5.7244E+20,6.01994E+21,1.01138E+16,5.43222E+16
93525,93526,1,0,55,16,2016,11,8,1,3,5,3,0,1,1,1,0,0,0,0,6.28144E+20,6.00197E+21,1.09621E+16,5.41499E+16
93526,93527,1,0,56,15,2016,11,12,4,3,5,3,0,0,0,1,0,0,0,0,5.43487E+20,5.95426E+21,9.65925E+15,5.37352E+16
93527,93528,1,0,1,0,2016,11,8,5,3,6,6,0,1,0,1,1,0,0,0,5.27888E+20,6.07115E+21,9.43366E+15,5.47868E+16
93528,93529,1,0,56,50,2016,11,18,3,3,6,4,2,1,0,1,1,0,0,0,5.46564E+20,5.93709E+21,9.70332E+15,5.35806E+16
93529,93530,1,0,54,56,2016,11,18,4,3,6,7,2,0,1,0,1,0,0,0,5.03575E+20,6.03672E+21,9.05517E+15,5.44781E+16
93530,93531,1,0,4,0,2016,11,16,1,3,6,6,1,1,0,0,1,1,0,0,5.62293E+20,5.9904E+21,9.95165E+15,5.4058E+16
93531,93532,1,0,62,18,2016,11,13,6,2,5,3,0,0,1,1,0,0,0,0,5.81366E+20,5.93297E+21,1.02278E+16,5.35394E+16
93532,93533,1,0,60,44,2016,10,20,5,3,1,5,2,0,0,1,0,0,0,0,5.63116E+20,5.96514E+21,9.959E+15,5.3831E+16
93533,93534,1,0,60,63,2016,11,7,6,3,6,4,1,1,0,1,1,0,0,0,5.64427E+20,5.95081E+21,9.97594E+15,5.3702E+16
93534,93535,1,0,58,135,2016,11,7,6,3,4,2,0,2,1,1,0,0,0,0,5.427E+20,6.01847E+21,9.65634E+15,5.43124E+16
93535,93536,1,0,4,0,2016,10,16,7,3,5,3,0,1,1,1,0,0,0,0,5.63761E+20,5.99447E+21,9.97493E+15,5.40944E+16
93536,93537,1,0,3,0,2016,11,12,5,3,5,3,0,1,1,1,0,0,0,0,6.10661E+20,5.97061E+21,1.06831E+16,5.38721E+16
93537,93538,1,0,3,0,2016,10,21,2,3,5,2,2,0,0,0,0,1,0,1,6.10926E+20,5.97198E+21,1.06876E+16,5.38844E+16
93538,93539,1,0,51,122,2016,10,15,3,3,5,3,0,0,0,1,0,0,0,0,5.05509E+20,6.01016E+21,9.08452E+15,5.42394E+16
93539,93540,1,0,57,62,2016,11,14,3,3,5,3,0,1,1,1,0,0,0,0,5.82591E+20,6.01056E+21,1.02672E+16,5.42364E+16
93540,93541,1,0,60,40,2016,11,7,4,2,1,1,0,1,0,1,0,1,0,0,5.56602E+20,5.97477E+21,9.86182E+15,5.39182E+16
93541,93542,1,0,56,32,2016,10,14,5,3,5,3,0,0,0,1,0,0,0,0,5.5233E+20,5.9497E+21,9.79253E+15,5.36934E+16
93542,93543,1,0,62,4,2016,11,8,2,3,6,2,0,0,0,1,1,0,0,0,5.90173E+20,5.96311E+21,1.03694E+16,5.38087E+16
93543,93544,1,0,1,0,2016,11,14,1,3,5,3,0,1,0,1,0,0,0,0,5.30715E+20,6.07154E+21,9.47768E+15,5.47901E+16
93544,93545,1,0,56,15,2016,11,7,4,3,5,6,0,1,0,1,0,0,0,0,5.4419E+20,5.95498E+21,9.67001E+15,5.37416E+16
93545,93546,1,0,3,0,2016,10,18,5,3,4,6,2,1,1,1,0,0,0,0,6.12652E+20,5.97228E+21,1.0714E+16,5.38867E+16
93546,93547,1,0,55,15,2016,11,13,3,3,5,3,0,1,0,1,0,0,0,0,6.2407E+20,6.01957E+21,1.0907E+16,5.43089E+16
93547,93548,1,0,53,90,2016,11,14,6,3,6,6,0,0,1,0,1,0,0,0,6.11356E+20,5.94299E+21,1.06837E+16,5.36238E+16
93548,93549,1,0,3,0,2016,10,11,5,3,5,7,0,1,0,1,0,1,0,0,6.09442E+20,5.96956E+21,1.06642E+16,5.3863E+16
93549,93550,1,0,4,0,2016,10,5,7,3,9,1,2,1,0,1,0,0,0,0,5.61679E+20,5.99408E+21,9.94302E+15,5.40912E+16
93550,93551,1,0,56,15,2016,10,15,3,3,5,3,0,1,1,1,0,0,0,0,5.4308E+20,5.95681E+21,9.65343E+15,5.37581E+16
93551,93552,1,0,60,5,2016,11,12,4,2,5,3,0,1,1,1,0,0,0,0,5.85017E+20,5.97768E+21,1.02952E+16,5.39405E+16
93552,93553,1,0,2,0,2016,10,19,2,3,5,2,2,0,1,1,0,0,0,0,5.73541E+20,6.02161E+21,1.01311E+16,5.4337E+16
93553,93554,1,0,56,15,2016,10,12,3,3,0,7,0,0,0,1,0,1,0,0,5.43112E+20,5.95881E+21,9.6542E+15,5.37761E+16
93554,93555,1,0,62,61,2016,11,8,4,3,5,3,0,1,1,0,0,0,1,0,5.98206E+20,5.96577E+21,1.04922E+16,5.38311E+16
93555,93556,1,0,62,1,2016,11,13,4,3,5,3,0,1,1,1,0,0,0,0,5.81873E+20,5.948E+21,1.02394E+16,5.36743E+16
93556,93557,1,0,58,92,2016,10,9,5,3,5,3,0,0,0,1,0,0,0,0,5.70577E+20,6.02099E+21,1.00854E+16,5.43319E+16
93557,93558,1,0,3,0,2016,11,10,1,3,5,3,0,0,0,1,0,0,0,0,6.19814E+20,5.97527E+21,1.08241E+16,5.3912E+16
93558,93559,1,0,2,0,2016,10,10,7,3,5,2,0,1,1,1,0,0,0,0,5.74337E+20,6.02143E+21,1.01433E+16,5.43353E+16
93559,93560,1,0,62,6,2016,10,0,3,3,6,7,2,1,0,1,1,0,0,0,5.83373E+20,5.95418E+21,1.02638E+16,5.37296E+16
93560,93561,1,0,51,44,2016,10,12,6,3,5,3,0,1,1,1,0,0,0,0,5.05413E+20,6.00523E+21,9.08296E+15,5.41951E+16
93561,93562,1,0,62,1,2016,10,12,3,3,2,6,0,0,0,1,0,0,0,0,5.81703E+20,5.94812E+21,1.02369E+16,5.36754E+16
93562,93563,1,0,60,39,2016,11,15,3,3,5,2,0,0,1,1,0,0,0,0,5.64448E+20,5.96172E+21,9.97852E+15,5.38E+16
93563,93564,1,0,57,57,2016,10,14,2,2,9,7,0,1,0,1,0,0,0,0,5.93573E+20,6.00217E+21,1.0433E+16,5.41591E+16
93564,93565,1,0,3,0,2016,11,7,4,3,5,3,1,1,1,1,0,0,0,0,6.11271E+20,5.96908E+21,1.06919E+16,5.38583E+16
93565,93566,1,0,2,0,2016,10,18,5,3,5,3,2,1,0,1,0,0,0,0,5.7227E+20,6.01832E+21,1.01107E+16,5.43076E+16
93566,93567,1,0,58,43,2016,11,21,7,3,0,7,2,0,0,0,0,1,0,0,5.53491E+20,6.0378E+21,9.82567E+15,5.4485E+16
93567,93568,1,0,55,46,2016,10,18,3,3,4,6,2,0,0,1,0,0,0,0,6.42162E+20,6.03463E+21,1.11921E+16,5.44395E+16
93568,93569,1,0,56,50,2016,12,7,5,3,5,3,2,1,1,0,0,0,0,1,5.47042E+20,5.93798E+21,9.71067E+15,5.35885E+16
93569,93570,1,0,59,120,2016,12,7,2,3,5,3,2,0,1,1,0,0,0,0,5.25509E+20,6.07279E+21,9.39682E+15,5.48016E+16
93570,93571,1,0,56,44,2016,12,19,1,3,5,2,2,1,1,1,0,0,0,0,5.55562E+20,5.94025E+21,9.83978E+15,5.36082E+16
93571,93572,1,0,3,0,2016,12,9,3,3,2,6,0,1,0,1,0,0,0,1,6.11717E+20,5.97017E+21,1.0699E+16,5.3868E+16
93572,93573,1,0,3,0,2016,11,18,4,3,6,7,2,1,0,1,1,0,0,0,6.09883E+20,5.96993E+21,1.06711E+16,5.38662E+16
93573,93574,1,0,61,107,2016,12,12,2,3,4,6,0,0,0,1,0,0,0,0,5.25366E+20,5.986E+21,9.38718E+15,5.40217E+16
93574,93575,1,0,60,63,2016,12,15,3,3,5,3,0,1,1,1,0,0,0,0,5.67477E+20,5.95151E+21,1.00223E+16,5.37079E+16
93575,93576,1,0,53,129,2016,11,18,7,3,6,4,2,1,0,1,1,0,0,0,5.82683E+20,5.9274E+21,1.02462E+16,5.34891E+16
93576,93577,1,0,54,138,2016,12,8,2,2,1,5,1,0,0,1,0,0,0,1,4.96844E+20,6.01983E+21,8.95147E+15,5.43263E+16
93577,93578,1,0,62,23,2016,12,7,5,3,5,3,2,1,0,1,0,0,0,0,5.84759E+20,5.94572E+21,1.02825E+16,5.36533E+16
93578,93579,1,0,2,0,2016,11,13,7,3,4,6,0,1,0,1,0,1,0,0,5.72661E+20,6.02424E+21,1.01182E+16,5.43608E+16
93579,93580,1,0,60,39,2016,11,15,3,3,5,3,0,0,1,1,0,0,0,0,5.64699E+20,5.9611E+21,9.98221E+15,5.37945E+16
93580,93581,1,0,4,0,2016,12,17,6,3,5,3,2,1,0,1,0,1,0,0,5.64898E+20,5.99303E+21,9.992E+15,5.40813E+16
93581,93582,1,0,2,0,2016,12,15,5,3,6,4,0,1,0,1,1,0,0,0,5.7466E+20,6.01898E+21,1.01476E+16,5.43133E+16
93582,93583,1,0,61,46,2016,12,16,1,3,0,1,1,1,0,0,0,1,0,0,5.33267E+20,5.97555E+21,9.50663E+15,5.39273E+16
93583,93584,1,0,53,32,2016,12,2,2,3,9,1,2,1,0,1,0,0,0,0,5.897E+20,5.92173E+21,1.03503E+16,5.3437E+16
93584,93585,1,0,56,49,2016,12,19,5,3,2,6,2,0,0,1,0,1,0,0,5.43944E+20,5.9492E+21,9.66546E+15,5.36896E+16
93585,93586,1,0,54,56,2016,12,11,5,3,0,7,0,0,0,1,0,0,0,1,5.03348E+20,6.03726E+21,9.05167E+15,5.4483E+16
93586,93587,1,0,3,0,2016,12,10,3,2,0,1,0,1,0,0,0,1,0,0,6.1023E+20,5.97066E+21,1.06766E+16,5.38727E+16
93587,93588,1,0,3,0,2016,11,14,4,3,0,3,0,0,0,1,0,0,0,1,6.22445E+20,5.98027E+21,1.08661E+16,5.39563E+16
93588,93589,1,0,60,63,2016,12,7,2,3,5,3,1,0,0,1,0,0,0,0,5.65782E+20,5.95392E+21,9.99712E+15,5.37298E+16
93589,93590,1,0,51,44,2016,11,13,6,3,5,3,0,1,0,1,0,0,0,0,5.06367E+20,6.00495E+21,9.09759E+15,5.41926E+16
93590,93591,1,0,59,64,2016,12,5,7,3,1,7,2,1,0,1,1,0,0,0,5.15149E+20,6.02327E+21,9.23311E+15,5.4357E+16
93591,93592,1,0,58,135,2016,11,9,4,3,5,3,0,0,1,1,0,0,0,0,5.42602E+20,6.01835E+21,9.65483E+15,5.43112E+16
93592,93593,1,0,53,75,2016,12,7,2,3,0,7,2,0,0,1,0,1,0,0,6.08288E+20,5.95955E+21,1.06431E+16,5.37733E+16
93593,93594,1,0,54,19,2016,12,18,3,3,6,2,2,1,0,1,1,0,0,0,4.97645E+20,6.05235E+21,8.96353E+15,5.46186E+16
93594,93595,1,0,61,110,2016,11,18,6,3,5,3,2,1,0,1,0,0,0,0,5.26834E+20,5.9664E+21,9.40786E+15,5.38454E+16
93595,93596,1,0,53,20,2016,12,17,7,3,5,3,2,0,1,1,0,0,0,0,6.07194E+20,5.92742E+21,1.06155E+16,5.34848E+16
93596,93597,1,0,62,6,2016,12,7,5,3,5,7,2,0,1,1,0,0,0,0,5.84183E+20,5.95459E+21,1.02762E+16,5.37332E+16
93597,93598,1,0,56,18,2016,11,10,3,3,5,3,0,1,0,1,0,0,0,0,5.57211E+20,5.941E+21,9.86483E+15,5.36147E+16