FID,OBJECTID,ULAND,UREGBEZ,UKREIS,UGEMEINDE,UJAHR,UMONAT,USTUNDE,UWOCHENTAG,UKATEGORIE,UART,UTYP1,ULICHTVERH,IstStrasse,IstRad,IstPKW,IstFuss,IstKrad,IstGkfz,IstSonstig,LINREFX,LINREFY,XGCSWGS84,YGCSWGS84
93598,93599,1,0,58,171,2016,12,8,6,3,8,7,0,1,0,1,0,0,0,0,5.56806E+20,6.01452E+21,9.87239E+15,5.42755E+16
93599,93600,1,0,60,63,2016,12,16,4,3,0,3,2,1,1,0,0,0,0,0,5.65988E+20,5.95243E+21,9.99992E+15,5.37164E+16
93600,93601,1,0,51,74,2016,12,0,1,3,0,1,2,1,0,0,0,1,0,0,5.04895E+20,5.99371E+21,9.07485E+15,5.40916E+16
93601,93602,1,0,58,135,2016,11,12,4,2,0,7,0,0,1,0,0,0,0,0,5.4411E+20,6.0174E+21,9.67785E+15,5.43026E+16
93602,93603,1,0,3,0,2016,12,10,5,3,5,6,0,0,0,1,0,0,0,0,6.11675E+20,5.97168E+21,1.06989E+16,5.38815E+16
93603,93604,1,0,56,21,2016,11,7,6,3,6,4,2,2,0,1,1,0,0,0,5.60642E+20,5.94955E+21,9.91836E+15,5.36911E+16
93604,93605,1,0,60,19,2016,12,13,6,2,0,1,0,0,1,1,0,0,0,0,5.6261E+20,5.95702E+21,9.94968E+15,5.37581E+16
93605,93606,1,0,3,0,2016,12,13,5,3,5,3,0,1,1,0,0,0,0,1,6.10546E+20,5.96995E+21,1.06811E+16,5.38663E+16
93606,93607,1,0,3,0,2016,11,9,3,1,6,4,0,0,0,1,1,0,0,0,6.13223E+20,5.97017E+21,1.07219E+16,5.38676E+16
93607,93608,1,0,3,0,2016,12,18,1,3,4,6,2,1,0,1,0,0,0,0,6.11168E+20,5.9726E+21,1.06915E+16,5.38899E+16
93608,93609,1,0,3,0,2016,12,18,1,3,2,6,2,1,0,1,0,0,0,0,6.11209E+20,5.96599E+21,1.06898E+16,5.38305E+16
93609,93610,1,0,3,0,2016,12,10,5,3,5,3,0,1,1,1,0,0,0,0,6.11251E+20,5.96995E+21,1.06919E+16,5.38661E+16
93610,93611,1,0,55,4,2016,11,7,3,3,0,1,0,2,1,0,0,0,0,0,6.09171E+20,5.97462E+21,1.06619E+16,5.39085E+16
93611,93612,1,0,53,100,2016,12,5,2,3,3,6,2,1,1,0,0,0,0,1,6.15226E+20,5.9511E+21,1.07452E+16,5.36959E+16
93612,93613,1,0,2,0,2016,12,1,1,3,9,1,2,2,0,1,0,0,0,0,5.74427E+20,6.02154E+21,1.01447E+16,5.43362E+16
93613,93614,1,0,57,62,2016,11,16,4,2,2,2,1,0,0,1,0,1,0,0,5.83118E+20,6.01047E+21,1.02753E+16,5.42355E+16
93614,93615,1,0,61,46,2016,12,17,4,3,6,4,2,1,0,1,1,0,0,0,5.33815E+20,5.97696E+21,9.51514E+15,5.39399E+16
93615,93616,1,0,56,15,2016,11,10,6,3,1,1,0,0,1,1,0,0,0,0,5.43323E+20,5.95534E+21,9.65692E+15,5.37449E+16
93616,93617,1,0,55,32,2016,11,13,3,3,3,6,0,0,1,0,0,0,0,0,6.1941E+20,5.9957E+21,1.0826E+16,5.40956E+16
93617,93618,1,0,62,6,2016,12,17,6,3,5,2,2,0,0,1,0,0,0,0,5.82907E+20,5.95412E+21,1.02567E+16,5.37292E+16
93618,93619,1,0,3,0,2016,12,13,5,3,5,3,0,1,1,1,0,0,0,0,6.11785E+20,5.96955E+21,1.06998E+16,5.38624E+16
93619,93620,1,0,2,0,2016,12,0,1,2,5,2,2,2,0,1,0,0,0,0,5.73237E+20,6.01845E+21,1.01257E+16,5.43087E+16
93620,93621,1,0,55,32,2016,12,16,3,3,2,6,2,1,0,1,0,0,0,0,6.19085E+20,5.99635E+21,1.08212E+16,5.41015E+16
93621,93622,1,0,1,0,2016,12,13,4,3,0,1,0,0,1,0,0,0,0,0,5.27747E+20,6.07157E+21,9.43152E+15,5.47906E+16
93622,93623,1,0,58,43,2016,12,6,2,3,5,2,2,0,1,1,0,0,0,0,5.5469E+20,6.03696E+21,9.84403E+15,5.44773E+16
93623,93624,1,0,55,32,2016,11,12,6,2,0,7,0,1,1,0,0,0,0,0,6.19528E+20,5.99667E+21,1.08282E+16,5.41043E+16
93624,93625,1,0,58,34,2016,11,18,3,3,7,7,2,0,0,1,0,0,0,0,5.43424E+20,6.01883E+21,9.66752E+15,5.43155E+16
93625,93626,1,0,56,15,2016,11,15,3,3,0,6,0,0,0,0,0,1,0,1,5.42395E+20,5.9563E+21,9.64298E+15,5.37536E+16
93626,93627,1,0,62,6,2016,12,12,4,3,2,3,0,0,1,1,0,0,0,0,5.83313E+20,5.95432E+21,1.02629E+16,5.37308E+16
93627,93628,1,0,4,0,2016,11,20,6,3,2,6,2,1,0,1,0,1,0,0,5.64289E+20,5.99234E+21,9.98256E+15,5.40753E+16
93628,93629,1,0,2,0,2016,11,10,3,3,0,1,0,1,1,0,0,0,0,0,5.76101E+20,6.02788E+21,1.01721E+16,5.4393E+16
93629,93630,1,0,2,0,2016,12,17,5,3,6,2,2,0,0,1,1,0,0,0,5.74708E+20,6.01909E+21,1.01484E+16,5.43142E+16
93630,93631,1,0,54,123,2016,12,0,1,3,9,1,2,1,0,1,0,0,0,0,5.14736E+20,6.04999E+21,9.22808E+15,5.45971E+16
93631,93632,1,0,55,12,2016,12,16,3,3,5,3,2,1,1,1,0,0,0,0,6.05451E+20,5.99941E+21,1.06139E+16,5.4132E+16
93632,93633,1,0,60,5,2016,11,15,3,3,5,2,0,0,1,1,0,0,0,0,5.85761E+20,5.97781E+21,1.03065E+16,5.39416E+16
93633,93634,1,0,56,39,2016,12,10,2,3,5,3,0,0,1,1,0,0,0,0,5.52657E+20,5.94788E+21,9.79716E+15,5.3677E+16
93634,93635,1,0,55,4,2016,12,10,3,3,0,7,0,1,0,1,0,1,0,0,6.11484E+20,5.97571E+21,1.06975E+16,5.39178E+16
93635,93636,1,0,54,76,2016,11,7,6,3,5,3,0,1,1,1,0,0,0,0,4.97581E+20,6.06923E+21,8.96239E+15,5.47703E+16
93636,93637,1,0,53,32,2016,12,13,1,3,5,3,0,1,1,1,0,0,0,0,5.91133E+20,5.92245E+21,1.03721E+16,5.34432E+16
93637,93638,1,0,2,0,2016,12,18,5,3,5,3,2,1,0,1,0,0,0,0,5.73527E+20,6.01947E+21,1.01303E+16,5.43178E+16
93638,93639,1,0,59,120,2016,11,12,6,3,6,7,0,0,0,1,1,0,0,0,5.25418E+20,6.07341E+21,9.39545E+15,5.48072E+16
93639,93640,1,0,57,91,2016,11,11,3,3,5,7,0,0,0,1,0,0,0,0,5.7951E+20,6.01592E+21,1.02214E+16,5.4285E+16
93640,93641,1,0,54,73,2016,12,15,6,3,5,2,0,1,0,1,0,0,0,0,5.03326E+20,6.08005E+21,9.05182E+15,5.48676E+16
93641,93642,1,0,56,15,2016,12,9,4,3,4,6,0,0,0,1,0,0,0,0,5.43558E+20,5.95374E+21,9.66026E+15,5.37305E+16
93642,93643,1,0,62,1,2016,12,0,1,3,0,1,2,2,1,0,0,0,0,0,5.81164E+20,5.94799E+21,1.02287E+16,5.36743E+16
93643,93644,1,0,3,0,2016,12,12,2,3,5,3,0,0,1,1,0,0,0,0,6.11748E+20,5.96818E+21,1.06988E+16,5.38501E+16
93644,93645,1,0,60,5,2016,11,7,3,3,5,3,1,0,1,1,0,0,0,0,5.86133E+20,5.97644E+21,1.03118E+16,5.39292E+16
93645,93646,1,0,51,44,2016,12,17,5,3,6,4,2,1,0,1,1,0,0,0,5.0603E+20,6.00492E+21,9.09242E+15,5.41923E+16
93646,93647,1,0,54,56,2016,12,10,5,3,0,1,0,1,1,0,0,0,0,0,5.04074E+20,6.03689E+21,9.06287E+15,5.44796E+16
93647,93648,1,0,3,0,2016,12,13,2,2,6,7,0,0,0,0,1,0,0,1,6.10687E+20,5.97319E+21,1.06845E+16,5.38953E+16
93648,93649,1,0,55,16,2016,12,12,6,3,6,4,0,0,0,1,1,0,0,0,6.28029E+20,6.00204E+21,1.09604E+16,5.41504E+16
93649,93650,1,0,60,63,2016,12,21,7,3,4,2,2,1,1,1,0,0,0,0,5.65889E+20,5.94916E+21,9.99772E+15,5.3687E+16
93650,93651,1,0,53,116,2016,12,14,4,3,0,7,0,1,1,0,0,0,0,0,5.97911E+20,5.93014E+21,1.04765E+16,5.35111E+16
93651,93652,1,0,58,135,2016,12,2,3,3,0,7,2,1,1,0,0,0,0,0,5.42496E+20,6.0184E+21,9.65319E+15,5.43117E+16
93652,93653,1,0,62,1,2016,11,17,3,3,5,3,2,0,1,1,0,0,0,0,5.80269E+20,5.94764E+21,1.0215E+16,5.36713E+16
93653,93654,1,0,55,16,2016,12,7,2,2,8,1,2,1,0,0,0,1,0,0,6.26866E+20,6.00603E+21,1.09442E+16,5.41866E+16
93654,93655,1,0,59,75,2016,12,9,3,3,4,6,0,1,1,0,0,1,0,0,5.36397E+20,6.04216E+21,9.56237E+15,5.45257E+16
93655,93656,1,0,59,138,2016,11,7,6,3,0,1,1,2,1,0,0,0,0,0,5.25053E+20,6.05259E+21,9.38799E+15,5.46201E+16
93656,93657,1,0,62,6,2016,12,21,7,3,5,3,2,0,1,1,0,0,0,0,5.82984E+20,5.95432E+21,1.02579E+16,5.3731E+16
93657,93658,1,0,54,56,2016,12,11,5,3,5,3,0,1,0,1,0,0,0,0,5.05212E+20,6.03857E+21,9.08047E+15,5.44947E+16
93658,93659,1,0,2,0,2016,11,10,3,3,0,7,0,2,1,0,0,0,0,0,5.70138E+20,6.02332E+21,1.00792E+16,5.43528E+16
93659,93660,1,0,60,44,2016,12,7,5,3,5,2,1,1,1,1,0,0,0,0,5.63937E+20,5.96498E+21,9.97145E+15,5.38294E+16
93660,93661,1,0,53,32,2016,12,8,2,2,6,7,0,1,0,1,1,0,0,0,5.90785E+20,5.92182E+21,1.03667E+16,5.34376E+16
93661,93662,1,0,51,137,2016,12,7,7,3,8,1,1,2,0,1,0,0,0,0,5.02932E+20,5.99514E+21,9.04484E+15,5.41044E+16
93662,93663,1,0,3,0,2016,11,16,3,3,6,4,1,0,0,1,1,0,0,0,6.0749E+20,5.96725E+21,1.06337E+16,5.38426E+16
93663,93664,1,0,4,0,2016,12,13,5,3,0,7,0,0,1,0,0,0,0,0,5.62964E+20,5.99215E+21,9.96227E+15,5.40737E+16
93664,93665,1,0,1,0,2016,11,16,6,3,0,1,2,1,1,0,0,0,0,0,5.27197E+20,6.07264E+21,9.42306E+15,5.48002E+16
93665,93666,1,0,57,91,2016,11,10,3,2,0,1,0,2,1,0,0,0,0,0,5.78865E+20,6.01867E+21,1.02122E+16,5.43098E+16
93666,93667,1,0,60,5,2016,12,16,6,3,1,6,2,0,0,1,0,0,0,0,5.87178E+20,5.97638E+21,1.03277E+16,5.39284E+16
93667,93668,1,0,56,44,2016,12,20,5,3,2,6,2,0,0,1,0,0,0,0,5.5457E+20,5.93969E+21,9.82468E+15,5.36032E+16
93668,93669,1,0,3,0,2016,12,13,4,3,3,6,0,1,0,1,0,0,1,0,6.13972E+20,5.97547E+21,1.07353E+16,5.39151E+16
93669,93670,1,0,2,0,2016,12,15,3,3,5,3,1,1,0,1,0,1,0,0,5.75409E+20,6.01824E+21,1.0159E+16,5.43064E+16
93670,93671,1,0,2,0,2016,11,15,3,2,6,4,1,0,0,1,1,0,0,0,5.77136E+20,6.02045E+21,1.01861E+16,5.43261E+16
93671,93672,1,0,61,42,2016,11,21,5,2,1,5,2,0,0,1,0,1,0,0,5.40164E+20,5.97963E+21,9.61219E+15,5.39634E+16
93672,93673,1,0,60,5,2016,12,7,6,3,6,4,2,0,0,1,1,0,0,0,5.86146E+20,5.97646E+21,1.0312E+16,5.39294E+16
93673,93674,1,0,54,56,2016,12,14,5,3,5,3,0,1,0,0,0,0,0,1,5.02455E+20,6.03828E+21,9.0379E+15,5.44921E+16
93674,93675,1,0,2,0,2016,11,19,3,3,5,3,2,0,1,1,0,0,0,0,5.73681E+20,6.0163E+21,1.01319E+16,5.42893E+16
93675,93676,1,0,51,19,2016,12,16,7,3,3,2,2,1,1,1,0,0,0,0,5.24424E+20,6.0099E+21,9.37474E+15,5.42365E+16
93676,93677,1,0,51,44,2016,12,7,7,3,6,2,0,2,0,1,1,0,0,0,5.06428E+20,6.00452E+21,9.09851E+15,5.41887E+16
93677,93678,1,0,2,0,2016,11,18,3,3,6,2,2,0,0,1,1,0,0,0,5.74429E+20,6.0187E+21,1.0144E+16,5.43107E+16
93678,93679,1,0,56,15,2016,12,6,4,3,1,5,2,1,0,1,0,0,1,0,5.43516E+20,5.9577E+21,9.66018E+15,5.37661E+16
93679,93680,1,0,51,21,2016,11,12,5,2,8,1,0,0,0,0,0,1,0,0,5.01253E+20,5.97769E+21,9.01909E+15,5.39476E+16
93680,93681,1,0,61,46,2016,11,21,3,3,0,1,2,2,1,0,0,0,0,0,5.32952E+20,5.97685E+21,9.50197E+15,5.3939E+16
93681,93682,1,0,56,39,2016,11,20,4,3,6,3,2,1,0,1,1,0,0,0,5.52804E+20,5.94506E+21,9.79891E+15,5.36517E+16
93682,93683,1,0,56,18,2016,12,11,7,3,5,3,0,2,1,1,0,0,0,0,5.56605E+20,5.94097E+21,9.85567E+15,5.36145E+16
93683,93684,1,0,62,9,2016,12,7,7,3,2,6,0,0,0,1,0,0,0,0,5.79294E+20,5.93616E+21,1.01974E+16,5.35683E+16
93684,93685,1,0,56,15,2016,11,18,4,3,5,3,2,0,0,1,0,0,0,0,5.43155E+20,5.95685E+21,9.65458E+15,5.37585E+16
93685,93686,1,0,56,36,2016,12,16,7,3,0,1,1,2,1,0,0,0,0,0,5.44129E+20,5.94634E+21,9.66785E+15,5.36639E+16
93686,93687,1,0,55,27,2016,12,11,7,3,1,5,0,1,0,1,0,0,0,0,6.2206E+20,6.0082E+21,1.08715E+16,5.42073E+16
93687,93688,1,0,54,56,2016,11,16,3,3,5,3,1,0,0,1,0,1,0,0,5.03945E+20,6.03817E+21,9.0609E+15,5.44912E+16
93688,93689,1,0,58,92,2016,12,7,4,3,5,2,2,1,1,1,0,0,0,0,5.70495E+20,6.0225E+21,1.00845E+16,5.43455E+16
93689,93690,1,0,60,63,2016,11,10,5,3,5,2,0,0,1,1,0,0,0,0,5.64986E+20,5.94936E+21,9.98409E+15,5.36889E+16
93690,93691,1,0,60,63,2016,11,10,2,3,5,3,0,0,1,1,0,0,0,0,5.65512E+20,5.9511E+21,9.99242E+15,5.37045E+16
93691,93692,1,0,60,63,2016,12,17,5,3,2,6,2,1,0,1,0,0,0,1,5.66106E+20,5.94851E+21,1.00009E+16,5.36812E+16
93692,93693,1,0,60,4,2016,11,7,4,3,0,1,2,1,1,0,0,0,0,0,5.57902E+20,5.97483E+21,9.88163E+15,5.39186E+16
93693,93694,1,0,3,0,2016,12,9,2,3,5,3,0,1,0,1,0,0,0,0,6.14677E+20,5.96999E+21,1.0744E+16,5.38657E+16
93694,93695,1,0,2,0,2016,12,19,7,3,5,3,2,1,1,1,0,0,0,0,5.73442E+20,6.02383E+21,1.01301E+16,5.4357E+16
93695,93696,1,0,55,27,2016,12,13,4,3,5,3,0,0,0,1,0,0,0,0,6.22378E+20,6.00812E+21,1.08764E+16,5.42065E+16
93696,93697,1,0,2,0,2016,12,19,3,3,8,5,2,1,0,1,0,0,0,0,5.77168E+20,6.01673E+21,1.01856E+16,5.42927E+16
93697,93698,1,0,54,56,2016,11,17,3,3,6,2,2,0,0,1,1,0,0,0,5.04975E+20,6.0377E+21,9.07679E+15,5.44869E+16
93698,93699,1,0,62,6,2016,12,12,2,3,0,1,0,0,1,0,0,0,0,0,5.83696E+20,5.95448E+21,1.02687E+16,5.37322E+16
93699,93700,1,0,58,92,2016,12,7,3,3,3,6,2,1,1,0,0,0,0,0,5.70136E+20,6.02165E+21,1.00787E+16,5.43378E+16
93700,93701,1,0,53,129,2016,11,14,5,3,5,7,0,0,1,1,0,0,0,0,5.83019E+20,5.92747E+21,1.02513E+16,5.34896E+16
93701,93702,1,0,56,49,2016,12,16,7,3,2,6,2,0,0,1,0,0,0,0,5.44724E+20,5.94815E+21,9.67712E+15,5.36802E+16
93702,93703,1,0,1,0,2016,12,13,3,3,0,7,0,0,0,1,0,0,0,0,5.27278E+20,6.0726E+21,9.42432E+15,5.47998E+16
93703,93704,1,0,1,0,2016,11,21,3,3,9,1,2,0,1,0,0,0,0,0,5.3011E+20,6.07181E+21,9.4683E+15,5.47926E+16
93704,93705,1,0,57,48,2016,12,14,3,3,5,3,0,0,1,0,0,0,0,1,6.03845E+20,6.01719E+21,1.05955E+16,5.4292E+16
93705,93706,1,0,1,0,2016,12,11,4,3,0,7,0,0,0,1,0,0,0,1,5.31266E+20,6.0745E+21,9.48656E+15,5.48166E+16
93706,93707,1,0,2,0,2016,12,7,2,3,5,2,1,0,1,0,0,0,0,1,5.74365E+20,6.01872E+21,1.0143E+16,5.43109E+16
93707,93708,1,0,60,53,2016,11,9,4,3,8,1,0,2,0,1,0,0,0,0,5.84029E+20,5.97031E+21,1.02781E+16,5.38744E+16
93708,93709,1,0,62,1,2016,11,8,5,3,6,4,0,1,0,1,1,0,0,0,5.80687E+20,5.94853E+21,1.02216E+16,5.36793E+16
93709,93710,1,0,56,18,2016,11,15,2,3,5,3,0,0,0,1,0,0,0,0,5.56699E+20,5.94293E+21,9.85745E+15,5.36321E+16
93710,93711,1,0,56,15,2016,12,12,5,3,8,1,0,0,1,0,0,0,0,0,5.43358E+20,5.95794E+21,9.65781E+15,5.37683E+16
93711,93712,1,0,3,0,2016,12,12,4,2,5,3,0,1,0,1,0,0,0,0,6.10271E+20,5.97076E+21,1.06773E+16,5.38736E+16
93712,93713,1,0,3,0,2016,12,16,7,3,2,6,2,0,0,1,0,0,0,0,6.09669E+20,5.97113E+21,1.06682E+16,5.3877E+16
93713,93714,1,0,58,172,2016,12,20,2,3,0,7,2,0,1,0,0,0,0,0,5.42666E+20,6.0158E+21,9.65544E+15,5.42883E+16
93714,93715,1,0,51,11,2016,12,17,5,3,5,3,2,1,1,1,0,0,0,0,5.07658E+20,5.97186E+21,9.11653E+15,5.38951E+16
93715,93716,1,0,54,167,2016,12,3,7,3,9,7,2,1,0,1,0,0,0,0,4.98448E+20,6.0644E+21,8.9759E+15,5.47269E+16
93716,93717,1,0,55,32,2016,12,21,4,3,5,3,2,1,0,1,0,0,0,0,6.1883E+20,5.99658E+21,1.08174E+16,5.41037E+16
93717,93718,1,0,59,83,2016,12,13,3,3,6,2,0,0,0,1,1,0,0,0,5.50035E+20,6.05445E+21,9.77517E+15,5.4635E+16
93718,93719,1,0,61,46,2016,11,10,2,3,5,2,0,1,0,1,0,0,0,0,5.33689E+20,5.97519E+21,9.51301E+15,5.3924E+16
93719,93720,1,0,58,97,2016,12,15,2,2,5,3,1,0,0,1,0,0,0,0,5.35913E+20,6.02052E+21,9.55227E+15,5.43312E+16
93720,93721,1,0,60,63,2016,12,9,2,3,2,6,0,1,0,1,0,0,0,0,5.67698E+20,5.9532E+21,1.0026E+16,5.37231E+16
93721,93722,1,0,62,4,2016,11,11,5,2,3,6,0,0,1,1,0,0,0,0,5.92425E+20,5.96235E+21,1.04034E+16,5.38015E+16
93722,93723,1,0,58,135,2016,12,11,7,3,2,6,0,0,0,1,0,1,0,0,5.43285E+20,6.01696E+21,9.66512E+15,5.42987E+16
93723,93724,1,0,60,63,2016,11,13,4,3,2,6,0,1,1,1,0,0,0,0,5.66001E+20,5.95121E+21,9.99986E+15,5.37054E+16
93724,93725,1,0,56,31,2016,11,14,2,3,0,1,0,2,1,0,0,0,0,0,5.45174E+20,5.95709E+21,9.68524E+15,5.37605E+16
93725,93726,1,0,56,18,2016,11,16,4,2,0,7,2,1,1,0,0,0,0,0,5.54975E+20,5.94102E+21,9.83104E+15,5.36151E+16
93726,93727,1,0,60,63,2016,11,13,2,2,4,1,0,0,0,1,0,0,0,0,5.65534E+20,5.95556E+21,9.99371E+15,5.37446E+16
93727,93728,1,0,60,5,2016,12,6,5,2,6,4,2,0,0,1,1,0,0,0,5.85504E+20,5.97683E+21,1.03024E+16,5.39328E+16
93728,93729,1,0,58,34,2016,12,8,4,3,0,3,0,1,0,1,0,1,0,0,5.43773E+20,6.0193E+21,9.67295E+15,5.43197E+16
93729,93730,1,0,2,0,2016,12,12,7,2,6,4,0,0,1,0,1,0,0,0,5.73811E+20,6.01969E+21,1.01348E+16,5.43197E+16
93730,93731,1,0,60,39,2016,11,19,2,2,5,2,2,0,1,1,0,0,0,0,5.64565E+20,5.96169E+21,9.98029E+15,5.37998E+16
93731,93732,1,0,55,16,2016,12,17,5,3,5,3,2,0,1,1,0,0,0,0,6.27796E+20,6.00204E+21,1.09568E+16,5.41505E+16
93732,93733,1,0,60,44,2016,11,6,2,3,6,4,2,0,0,1,1,0,0,0,5.63602E+20,5.96561E+21,9.96648E+15,5.38351E+16
93733,93734,1,0,62,61,2016,11,7,5,3,5,3,0,0,1,1,0,0,0,0,5.98215E+20,5.96575E+21,1.04923E+16,5.3831E+16
93734,93735,1,0,60,63,2016,12,18,6,3,5,2,2,0,0,1,0,0,0,0,5.65819E+20,5.95131E+21,9.99713E+15,5.37063E+16
93735,93736,1,0,56,39,2016,11,13,4,3,2,6,0,1,0,1,0,0,0,0,5.5241E+20,5.94641E+21,9.79317E+15,5.36638E+16
93736,93737,1,0,56,15,2016,11,15,2,3,5,3,0,0,1,1,0,0,0,0,5.4414E+20,5.95409E+21,9.66912E+15,5.37336E+16
93737,93738,1,0,54,109,2016,12,19,7,3,0,6,2,2,1,1,0,0,0,0,4.90655E+20,6.06765E+21,8.8548E+15,5.4756E+16
93738,93739,1,0,56,50,2016,12,13,6,3,6,1,0,0,0,0,1,0,0,1,5.47644E+20,5.93618E+21,9.71949E+15,5.35723E+16
93739,93740,1,0,60,5,2016,11,9,2,3,5,3,0,1,1,1,0,0,0,0,5.8558E+20,5.97688E+21,1.03035E+16,5.39332E+16
93740,93741,1,0,60,63,2016,12,10,4,1,0,5,0,1,1,1,0,0,0,0,5.66563E+20,5.9509E+21,1.00083E+16,5.37025E+16
93741,93742,1,0,56,50,2016,12,8,6,3,5,3,0,0,1,1,0,0,0,0,5.46161E+20,5.9379E+21,9.69735E+15,5.35879E+16
93742,93743,1,0,56,48,2016,11,20,2,3,0,1,2,1,1,0,0,0,0,0,5.48064E+20,5.94976E+21,9.72793E+15,5.36943E+16
93743,93744,1,0,54,56,2016,12,7,5,3,2,6,2,1,0,1,0,0,0,0,5.05274E+20,6.03804E+21,9.08142E+15,5.449E+16
93744,93745,1,0,3,0,2016,11,8,5,3,5,3,0,0,1,1,0,0,0,0,6.11276E+20,5.97101E+21,1.06926E+16,5.38756E+16
93745,93746,1,0,56,41,2016,11,10,2,3,1,5,0,0,0,1,0,0,0,1,5.60422E+20,5.95403E+21,9.9159E+15,5.37314E+16
93746,93747,1,0,62,4,2016,12,7,6,3,5,3,1,0,1,1,0,0,0,0,5.90399E+20,5.96325E+21,1.03729E+16,5.38099E+16
93747,93748,1,0,62,1,2016,11,12,4,3,5,2,0,0,1,1,0,0,0,0,5.8178E+20,5.94715E+21,1.02378E+16,5.36667E+16
93748,93749,1,0,61,50,2016,12,13,6,3,0,1,0,0,0,0,0,1,0,0,5.39261E+20,5.96004E+21,9.59592E+15,5.37875E+16
93749,93750,1,0,61,46,2016,12,8,2,3,5,3,0,2,1,1,0,0,0,0,5.33557E+20,5.9755E+21,9.51104E+15,5.39268E+16
93750,93751,1,0,2,0,2016,12,10,4,3,5,3,0,0,1,1,0,0,0,0,5.77368E+20,6.01709E+21,1.01888E+16,5.42959E+16
93751,93752,1,0,55,33,2016,11,17,5,3,1,5,2,0,0,1,0,0,0,1,6.23955E+20,6.01814E+21,1.09047E+16,5.42961E+16
93752,93753,1,0,62,1,2016,11,8,2,3,5,3,1,0,1,1,0,0,0,0,5.80758E+20,5.94714E+21,1.02223E+16,5.36667E+16
93753,93754,1,0,56,15,2016,12,7,5,3,4,1,2,1,1,1,0,0,0,0,5.43484E+20,5.95797E+21,9.65973E+15,5.37685E+16
93754,93755,1,0,62,18,2016,11,17,4,3,6,2,2,1,0,1,1,0,0,0,5.80308E+20,5.93371E+21,1.0212E+16,5.35462E+16
93755,93756,1,0,58,43,2016,11,16,5,3,7,7,2,0,1,0,0,0,0,0,5.53728E+20,6.03404E+21,9.82865E+15,5.44512E+16
93756,93757,1,0,3,0,2016,11,15,2,3,3,6,0,0,1,1,0,0,0,1,6.11148E+20,5.96931E+21,1.06901E+16,5.38604E+16
93757,93758,1,0,3,0,2016,11,16,4,3,5,3,2,1,0,1,0,0,0,0,6.09549E+20,5.97286E+21,1.0667E+16,5.38926E+16
93758,93759,1,0,62,61,2016,12,10,6,3,6,4,0,0,0,1,1,0,0,0,5.98075E+20,5.96588E+21,1.04903E+16,5.38322E+16
93759,93760,1,0,61,46,2016,12,18,6,3,2,6,2,1,0,1,0,0,0,0,5.33626E+20,5.9748E+21,9.51201E+15,5.39205E+16
93760,93761,1,0,62,61,2016,12,4,2,3,1,5,2,1,0,1,0,0,0,0,5.98586E+20,5.96602E+21,1.04981E+16,5.38333E+16
93761,93762,1,0,53,32,2016,11,16,2,3,5,3,1,0,1,1,0,0,0,0,5.90878E+20,5.92181E+21,1.03681E+16,5.34374E+16
93762,93763,1,0,61,46,2016,12,10,2,3,2,6,0,0,0,1,0,0,0,0,5.34004E+20,5.9747E+21,9.51776E+15,5.39196E+16
93763,93764,1,0,3,0,2016,12,0,3,3,6,4,2,1,0,1,1,0,0,0,6.09913E+20,5.96988E+21,1.06715E+16,5.38658E+16
93764,93765,1,0,58,170,2016,11,12,5,3,7,7,0,0,1,0,0,0,0,1,5.68854E+20,6.00349E+21,1.00549E+16,5.41749E+16
93765,93766,1,0,54,88,2016,12,17,2,3,5,3,2,0,1,1,0,0,0,0,4.89251E+20,6.07155E+21,8.83284E+15,5.4791E+16
93766,93767,1,0,58,135,2016,11,13,4,3,6,4,0,1,0,1,1,0,0,0,5.4336E+20,6.01655E+21,9.66621E+15,5.4295E+16
93767,93768,1,0,4,0,2016,11,7,5,3,5,3,1,1,1,1,0,0,0,0,5.65812E+20,5.99318E+21,1.0006E+16,5.40826E+16
93768,93769,1,0,58,5,2016,11,10,2,2,6,2,0,0,0,1,1,0,0,0,5.73864E+20,6.02707E+21,1.01374E+16,5.4386E+16
93769,93770,1,0,53,32,2016,12,15,5,3,5,3,0,0,1,1,0,0,0,0,5.9092E+20,5.92178E+21,1.03687E+16,5.34372E+16
93770,93771,1,0,56,49,2016,12,13,3,3,5,3,0,0,1,1,0,0,0,0,5.43591E+20,5.94865E+21,9.66003E+15,5.36848E+16
93771,93772,1,0,62,18,2016,12,5,6,3,5,3,2,0,1,1,0,0,0,0,5.81731E+20,5.93328E+21,1.02334E+16,5.35421E+16
93772,93773,1,0,54,56,2016,12,16,2,3,6,7,2,1,0,1,1,0,0,0,5.04237E+20,6.03778E+21,9.06541E+15,5.44877E+16
93773,93774,1,0,62,23,2016,11,16,2,3,5,3,1,0,0,1,0,0,0,0,5.84296E+20,5.94497E+21,1.02752E+16,5.36467E+16
93774,93775,1,0,56,39,2016,12,15,5,3,2,6,1,0,0,1,0,0,0,0,5.53518E+20,5.94431E+21,9.80959E+15,5.36448E+16
93775,93776,1,0,56,15,2016,12,7,3,3,4,6,1,2,1,0,0,0,0,0,5.43875E+20,5.95504E+21,9.66525E+15,5.37422E+16
93776,93777,1,0,62,23,2016,12,15,2,3,6,2,0,0,0,1,1,0,0,0,5.84106E+20,5.94516E+21,1.02724E+16,5.36484E+16
93777,93778,1,0,3,0,2016,11,10,2,3,3,6,0,0,1,1,0,0,0,0,6.11259E+20,5.96819E+21,1.06913E+16,5.38503E+16