FID,OBJECTID,ULAND,UREGBEZ,UKREIS,UGEMEINDE,UJAHR,UMONAT,USTUNDE,UWOCHENTAG,UKATEGORIE,UART,UTYP1,ULICHTVERH,IstStrasse,IstRad,IstPKW,IstFuss,IstKrad,IstGkfz,IstSonstig,LINREFX,LINREFY,XGCSWGS84,YGCSWGS84
93778,93779,1,0,61,46,2016,12,18,1,3,2,6,2,1,0,1,0,0,0,0,5.33654E+20,5.9748E+21,9.51244E+15,5.39205E+16
93779,93780,1,0,51,137,2016,12,8,6,3,9,1,2,1,0,1,0,0,0,0,5.02907E+20,5.99516E+21,9.04446E+15,5.41046E+16
93780,93781,1,0,56,41,2016,12,8,3,3,5,2,0,0,1,1,0,0,0,0,5.63328E+20,5.9557E+21,9.96028E+15,5.37461E+16
93781,93782,1,0,3,0,2016,12,15,2,3,0,3,0,1,0,1,0,1,0,0,6.10546E+20,5.96988E+21,1.06811E+16,5.38657E+16
93782,93783,1,0,2,0,2016,11,11,2,3,5,2,0,0,1,1,0,0,0,0,5.73822E+20,6.02198E+21,1.01355E+16,5.43403E+16
93783,93784,1,0,55,44,2016,12,0,2,3,8,1,2,1,0,1,0,0,0,0,6.12966E+20,5.98901E+21,1.0725E+16,5.4037E+16
93784,93785,1,0,1,0,2016,12,5,3,3,5,2,2,0,1,1,0,0,0,0,5.27547E+20,6.07224E+21,9.42847E+15,5.47966E+16
93785,93786,1,0,2,0,2016,11,8,5,3,0,3,0,1,1,1,0,0,0,0,5.77681E+20,6.0166E+21,1.01935E+16,5.42914E+16
93786,93787,1,0,62,6,2016,12,0,7,3,8,7,2,1,1,0,0,0,0,0,5.82647E+20,5.9544E+21,1.02528E+16,5.37317E+16
93787,93788,1,0,2,0,2016,11,22,4,3,1,5,2,1,1,1,0,0,0,0,5.73178E+20,6.02209E+21,1.01256E+16,5.43414E+16
93788,93789,1,0,4,0,2016,11,10,2,3,5,2,0,0,1,1,0,0,0,0,5.64049E+20,5.99181E+21,9.97878E+15,5.40705E+16
93789,93790,1,0,3,0,2016,12,15,5,3,0,5,0,1,0,1,0,0,0,1,6.11563E+20,5.96645E+21,1.06953E+16,5.38346E+16
93790,93791,1,0,3,0,2016,12,6,6,3,1,5,2,0,0,1,0,0,0,0,6.19205E+20,5.97557E+21,1.08149E+16,5.39148E+16
93791,93792,1,0,54,88,2016,11,10,2,3,9,7,0,1,0,1,0,0,0,0,4.89688E+20,6.07049E+21,8.83966E+15,5.47815E+16
93792,93793,1,0,58,135,2016,12,7,5,3,4,6,1,1,0,1,0,0,0,0,5.42088E+20,6.01869E+21,9.64697E+15,5.43143E+16
93793,93794,1,0,2,0,2016,11,10,5,3,5,3,0,0,1,1,0,0,0,0,5.73354E+20,6.01992E+21,1.01278E+16,5.43219E+16
93794,93795,1,0,60,5,2016,12,7,6,3,6,6,2,0,0,1,1,0,0,0,5.85665E+20,5.9769E+21,1.03048E+16,5.39334E+16
93795,93796,1,0,2,0,2016,11,15,4,3,8,1,0,1,1,0,0,0,0,0,5.73938E+20,6.02536E+21,1.01381E+16,5.43707E+16
93796,93797,1,0,2,0,2016,11,8,2,3,5,3,0,0,1,1,0,0,0,0,5.71918E+20,6.02377E+21,1.01067E+16,5.43566E+16
93797,93798,1,0,2,0,2016,11,6,5,3,6,7,2,1,1,0,1,0,0,0,5.73384E+20,6.02272E+21,1.01289E+16,5.4347E+16
93798,93799,1,0,51,44,2016,12,18,6,3,5,3,2,0,0,1,0,0,0,0,5.06484E+20,6.00637E+21,9.09941E+15,5.42053E+16
93799,93800,1,0,2,0,2016,11,18,4,3,6,4,1,1,0,1,1,0,0,0,5.7359E+20,6.02079E+21,1.01316E+16,5.43296E+16
93800,93801,1,0,59,45,2016,11,7,2,3,3,6,1,1,1,1,0,0,0,0,5.6026E+20,6.05739E+21,9.93417E+15,5.46603E+16
93801,93802,1,0,3,0,2016,12,15,5,3,3,2,0,1,1,1,0,0,0,0,6.10935E+20,5.96997E+21,1.06871E+16,5.38663E+16
93802,93803,1,0,3,0,2016,12,13,6,3,5,3,0,0,1,1,0,0,0,0,6.10832E+20,5.96926E+21,1.06852E+16,5.386E+16
93803,93804,1,0,3,0,2016,12,12,6,3,5,3,0,0,0,1,0,0,0,0,6.09264E+20,5.96923E+21,1.06614E+16,5.38601E+16
93804,93805,1,0,53,11,2016,11,17,1,3,9,1,2,1,0,1,0,0,0,0,6.05186E+20,5.95869E+21,1.05958E+16,5.37662E+16
93805,93806,1,0,61,46,2016,12,17,4,3,2,2,2,1,0,1,0,0,0,0,5.34098E+20,5.9754E+21,9.51927E+15,5.39259E+16
93806,93807,1,0,59,161,2016,11,7,5,3,5,3,1,0,1,1,0,0,0,0,5.43216E+20,6.06399E+21,9.67095E+15,5.47214E+16
93807,93808,1,0,60,63,2016,11,1,1,3,0,7,2,1,1,0,0,0,0,0,5.64629E+20,5.94684E+21,9.97816E+15,5.36663E+16
93808,93809,1,0,54,56,2016,11,7,4,3,5,3,2,1,1,1,0,0,0,0,5.03465E+20,6.03752E+21,9.05348E+15,5.44853E+16
93809,93810,1,0,58,105,2016,12,10,6,3,6,2,0,0,0,1,1,0,0,0,5.67692E+20,6.01571E+21,1.00398E+16,5.42848E+16
93810,93811,1,0,60,63,2016,12,9,6,3,5,3,0,1,1,1,0,0,0,0,5.65655E+20,5.95133E+21,9.99464E+15,5.37065E+16
93811,93812,1,0,58,127,2016,12,6,2,3,0,7,2,0,1,0,0,0,0,0,5.38576E+20,6.02728E+21,9.59409E+15,5.43919E+16
93812,93813,1,0,3,0,2016,12,8,3,3,1,5,1,0,1,0,0,0,1,0,6.06055E+20,5.9692E+21,1.06126E+16,5.38604E+16
93813,93814,1,0,59,115,2016,12,10,4,2,4,6,0,1,0,1,0,0,0,0,5.19231E+20,6.06151E+21,9.29842E+15,5.47005E+16
93814,93815,1,0,2,0,2016,12,18,6,3,6,7,2,0,0,1,1,0,0,0,5.76418E+20,6.01706E+21,1.01742E+16,5.42957E+16
93815,93816,1,0,56,50,2016,12,7,6,3,2,6,1,1,0,1,0,0,0,0,5.47169E+20,5.93743E+21,9.71251E+15,5.35836E+16
93816,93817,1,0,57,59,2016,11,13,1,3,0,7,0,1,0,1,0,0,0,0,5.78813E+20,6.00571E+21,1.0208E+16,5.41933E+16
93817,93818,1,0,3,0,2016,12,7,4,3,6,2,1,1,0,1,1,0,0,0,6.13189E+20,5.97011E+21,1.07214E+16,5.38671E+16
93818,93819,1,0,54,88,2016,11,13,5,3,8,3,0,0,0,1,0,0,0,0,4.8902E+20,6.07151E+21,8.82924E+15,5.47906E+16
93819,93820,1,0,60,63,2016,11,12,1,3,3,6,0,1,1,0,0,0,0,0,5.6482E+20,5.94572E+21,9.98082E+15,5.36562E+16
93820,93821,1,0,54,56,2016,11,18,4,3,6,7,2,1,0,1,1,0,0,0,5.03365E+20,6.03663E+21,9.05194E+15,5.44773E+16
93821,93822,1,0,53,116,2016,12,20,6,3,5,3,2,1,0,1,0,0,0,0,5.97862E+20,5.92958E+21,1.04756E+16,5.3506E+16
93822,93823,1,0,56,39,2016,12,14,3,3,5,2,0,0,1,1,0,0,0,0,5.53407E+20,5.94565E+21,9.80814E+15,5.36569E+16
93823,93824,1,0,2,0,2016,12,17,2,3,6,4,2,0,0,1,1,0,0,0,5.73333E+20,6.02175E+21,1.01279E+16,5.43383E+16
93824,93825,1,0,51,44,2016,11,15,7,3,6,6,1,0,1,0,1,0,0,0,5.06173E+20,6.00525E+21,9.09462E+15,5.41953E+16
93825,93826,1,0,60,63,2016,12,13,2,3,5,3,0,0,1,1,0,0,0,0,5.66579E+20,5.95112E+21,1.00086E+16,5.37045E+16
93826,93827,1,0,55,21,2016,12,16,3,3,0,1,2,0,0,0,0,1,0,0,6.28974E+20,6.02668E+21,1.09854E+16,5.43715E+16
93827,93828,1,0,1,0,2016,11,9,5,3,0,7,0,2,1,0,0,0,0,0,5.27269E+20,6.07001E+21,9.42394E+15,5.47766E+16
93828,93829,1,0,61,49,2016,12,8,7,3,8,1,0,1,0,1,0,0,0,0,5.48293E+20,5.97706E+21,9.73568E+15,5.39397E+16
93829,93830,1,0,61,55,2016,11,11,3,2,0,7,0,2,1,0,0,0,0,0,5.32567E+20,5.96543E+21,9.4949E+15,5.38364E+16
93830,93831,1,0,1,0,2016,11,17,5,3,5,3,2,1,1,1,0,0,0,0,5.28384E+20,6.07264E+21,9.44153E+15,5.48001E+16
93831,93832,1,0,62,1,2016,11,2,1,3,0,7,2,1,1,0,0,0,0,0,5.80751E+20,5.94785E+21,1.02224E+16,5.36731E+16
93832,93833,1,0,58,43,2016,12,13,5,3,5,3,0,1,1,1,0,0,0,0,5.54378E+20,6.03649E+21,9.83912E+15,5.44732E+16
93833,93834,1,0,2,0,2016,12,4,2,3,9,1,2,0,0,1,0,0,0,0,5.72771E+20,6.02259E+21,1.01195E+16,5.4346E+16
93834,93835,1,0,56,49,2016,11,7,4,3,0,7,1,0,1,0,0,0,0,0,5.44923E+20,5.94874E+21,9.68022E+15,5.36854E+16
93835,93836,1,0,58,117,2016,11,10,1,3,4,6,0,0,0,1,0,0,0,0,5.5527E+20,6.00216E+21,9.84652E+15,5.41645E+16
93836,93837,1,0,58,105,2016,12,7,5,3,5,3,2,1,1,1,0,0,0,0,5.69026E+20,6.0157E+21,1.00603E+16,5.42845E+16
93837,93838,1,0,56,15,2016,12,22,3,3,8,1,2,1,0,1,0,0,0,0,5.44909E+20,5.95525E+21,9.68095E+15,5.3744E+16
93838,93839,1,0,2,0,2016,12,16,6,3,6,4,1,1,1,0,1,0,0,0,5.7704E+20,6.01707E+21,1.01837E+16,5.42957E+16
93839,93840,1,0,51,44,2016,12,1,1,3,9,1,2,1,0,0,0,0,0,1,5.0748E+20,6.00446E+21,9.11463E+15,5.41881E+16
93840,93841,1,0,57,74,2016,12,12,6,3,8,1,0,0,0,1,0,0,0,0,5.80613E+20,6.01754E+21,1.02387E+16,5.42994E+16
93841,93842,1,0,3,0,2016,12,7,6,3,0,1,0,1,1,0,0,0,0,0,6.11003E+20,5.96949E+21,1.06879E+16,5.3862E+16
93842,93843,1,0,53,20,2016,12,6,3,3,1,5,2,1,0,1,0,0,0,1,6.07381E+20,5.92722E+21,1.06182E+16,5.3483E+16
93843,93844,1,0,54,88,2016,12,9,2,3,0,3,0,1,0,1,0,1,0,0,4.89149E+20,6.07101E+21,8.83127E+15,5.47862E+16
93844,93845,1,0,61,33,2016,11,19,7,2,5,3,2,1,0,1,0,0,0,0,5.30307E+20,5.98701E+21,9.4627E+15,5.40304E+16
93845,93846,1,0,4,0,2016,12,8,2,3,5,3,1,0,1,1,0,0,0,0,5.64867E+20,5.99265E+21,9.99146E+15,5.4078E+16
93846,93847,1,0,59,120,2016,12,1,3,3,9,1,2,1,0,1,0,0,0,0,5.26623E+20,6.07635E+21,9.41448E+15,5.48336E+16
93847,93848,1,0,60,63,2016,11,12,4,3,6,4,0,0,0,1,1,0,0,0,5.65915E+20,5.95266E+21,9.99886E+15,5.37184E+16
93848,93849,1,0,3,0,2016,12,15,7,3,3,6,0,0,0,1,0,0,0,1,6.10653E+20,5.96996E+21,1.06828E+16,5.38663E+16
93849,93850,1,0,60,19,2016,11,19,3,3,5,3,2,0,0,1,0,0,0,0,5.62198E+20,5.9567E+21,9.94335E+15,5.37552E+16
93850,93851,1,0,2,0,2016,11,15,1,3,2,6,0,0,0,1,0,0,0,0,5.75977E+20,6.01923E+21,1.01679E+16,5.43152E+16
93851,93852,1,0,58,92,2016,12,23,5,3,5,3,2,1,1,1,0,0,0,0,5.71349E+20,6.02246E+21,1.00976E+16,5.4345E+16
93852,93853,1,0,2,0,2016,12,16,6,3,5,3,2,0,0,1,0,0,0,0,5.73106E+20,6.02006E+21,1.0124E+16,5.43231E+16
93853,93854,1,0,53,32,2016,11,16,7,3,6,4,2,1,0,1,1,0,0,0,5.91418E+20,5.92147E+21,1.03761E+16,5.34343E+16
93854,93855,1,0,2,0,2016,12,17,5,3,5,3,2,0,0,1,0,0,0,0,5.73822E+20,6.01807E+21,1.01345E+16,5.43052E+16
93855,93856,1,0,53,83,2016,12,14,3,3,6,7,0,1,0,1,1,0,0,0,6.03515E+20,5.91482E+21,1.05559E+16,5.33724E+16
93856,93857,1,0,1,0,2016,12,8,6,3,6,6,0,0,1,0,1,0,0,0,5.27948E+20,6.07101E+21,9.43459E+15,5.47855E+16
93857,93858,1,0,54,56,2016,11,17,7,3,1,5,1,0,0,1,0,0,0,0,5.03676E+20,6.03661E+21,9.05673E+15,5.44771E+16
93858,93859,1,0,56,39,2016,12,12,5,3,2,6,0,1,0,1,0,0,0,0,5.52923E+20,5.94583E+21,9.80084E+15,5.36585E+16
93859,93860,1,0,59,75,2016,12,16,2,3,5,3,2,0,1,1,0,0,0,0,5.35684E+20,6.04227E+21,9.55138E+15,5.45268E+16
93860,93861,1,0,61,46,2016,11,15,6,3,5,3,0,0,0,1,0,0,0,0,5.3426E+20,5.97549E+21,9.52175E+15,5.39267E+16
93861,93862,1,0,56,36,2016,11,17,4,3,6,2,2,0,0,1,1,0,0,0,5.43948E+20,5.94729E+21,9.66525E+15,5.36725E+16
93862,93863,1,0,54,88,2016,11,11,1,3,0,1,0,1,1,0,0,0,0,0,4.88491E+20,6.07143E+21,8.82102E+15,5.47899E+16
93863,93864,1,0,56,39,2016,12,12,6,3,5,3,0,0,1,1,0,0,0,0,5.54373E+20,5.94472E+21,9.82258E+15,5.36484E+16
93864,93865,1,0,60,5,2016,11,7,3,3,5,3,1,2,1,1,0,0,0,0,5.85264E+20,5.97772E+21,1.0299E+16,5.39409E+16
93865,93866,1,0,56,50,2016,11,18,7,3,0,1,2,1,1,0,0,0,0,0,5.46762E+20,5.93652E+21,9.70622E+15,5.35755E+16
93866,93867,1,0,61,46,2016,12,16,5,3,3,2,2,1,0,1,0,1,0,0,5.3179E+20,5.97617E+21,9.4842E+15,5.3933E+16
93867,93868,1,0,56,49,2016,12,19,5,3,5,3,2,1,0,1,0,0,0,0,5.44411E+20,5.94884E+21,9.67248E+15,5.36864E+16
93868,93869,1,0,61,46,2016,11,7,6,3,5,3,1,1,1,1,0,0,0,0,5.33967E+20,5.97606E+21,9.51734E+15,5.39318E+16
93869,93870,1,0,56,15,2016,12,6,4,3,8,6,2,1,0,0,0,1,1,0,5.43812E+20,5.9583E+21,9.66475E+15,5.37715E+16
93870,93871,1,0,62,1,2016,11,16,4,3,0,7,1,0,1,1,0,0,0,0,5.81868E+20,5.94784E+21,1.02393E+16,5.36729E+16
93871,93872,1,0,56,18,2016,11,18,7,3,0,7,2,1,1,0,0,0,0,0,5.55474E+20,5.94321E+21,9.83898E+15,5.36348E+16
93872,93873,1,0,53,57,2016,11,15,4,3,5,3,0,0,0,1,0,0,0,0,6.16954E+20,5.94113E+21,1.07676E+16,5.36059E+16
93873,93874,1,0,60,76,2016,11,16,7,3,9,1,2,1,0,1,0,0,0,0,5.77348E+20,5.96623E+21,1.01755E+16,5.38388E+16
93874,93875,1,0,56,15,2016,12,13,6,3,5,3,0,0,1,1,0,0,0,0,5.44298E+20,5.95784E+21,9.67205E+15,5.37673E+16
93875,93876,1,0,60,39,2016,11,13,3,3,6,4,0,0,0,1,1,0,0,0,5.64132E+20,5.96076E+21,9.97353E+15,5.37914E+16
93876,93877,1,0,60,89,2016,12,17,5,2,6,4,2,1,0,1,1,0,0,0,5.79621E+20,5.98862E+21,1.02159E+16,5.40397E+16
93877,93878,1,0,60,60,2016,11,15,6,2,4,1,0,1,0,0,0,1,0,1,5.89568E+20,5.98615E+21,1.0367E+16,5.40159E+16
93878,93879,1,0,2,0,2016,12,17,4,3,2,6,2,0,0,1,0,0,0,0,5.72223E+20,6.02101E+21,1.01107E+16,5.43318E+16
93879,93880,1,0,60,44,2016,12,13,5,3,6,2,0,1,0,1,1,0,0,0,5.63376E+20,5.96579E+21,9.9631E+15,5.38367E+16
93880,93881,2,2,10,222,2016,1,16,7,2,4,6,0,1,0,1,0,0,0,0,5.55904E+20,5.93385E+21,9.84379E+15,5.35506E+16
93881,93882,2,3,8,320,2016,1,6,3,3,4,2,2,0,0,1,0,0,0,0,5.5988E+20,5.9406E+21,9.9051E+15,5.36108E+16
93882,93883,2,5,2,506,2016,1,19,6,3,5,2,2,0,0,1,0,0,0,0,5.70827E+20,5.93727E+21,1.00698E+16,5.35795E+16
93883,93884,1,0,57,91,2016,12,17,1,3,6,7,2,1,0,1,1,0,0,0,5.78905E+20,6.01833E+21,1.02127E+16,5.43068E+16
93884,93885,2,3,8,320,2016,1,6,5,3,6,2,2,0,0,1,1,0,0,0,5.60382E+20,5.9408E+21,9.91272E+15,5.36125E+16
93885,93886,2,4,13,432,2016,1,8,6,2,4,1,0,1,0,1,0,0,0,0,5.66943E+20,5.94408E+21,1.00126E+16,5.36412E+16
93886,93887,2,3,8,320,2016,1,10,5,3,5,3,0,0,0,1,0,0,0,0,5.58784E+20,5.94147E+21,9.8887E+15,5.36187E+16
93887,93888,2,3,1,307,2016,1,18,7,3,6,2,2,1,0,1,1,0,0,0,5.63062E+20,5.93579E+21,9.95221E+15,5.35672E+16
93888,93889,2,4,6,414,2016,1,3,6,2,6,2,2,1,0,1,1,0,0,0,5.67128E+20,5.93715E+21,1.00139E+16,5.35789E+16
93889,93890,2,3,9,321,2016,1,16,4,3,5,3,0,1,1,1,0,0,0,0,5.61134E+20,5.93937E+21,9.9238E+15,5.35995E+16
93890,93891,2,4,13,432,2016,1,15,6,3,6,4,0,1,0,1,1,0,0,0,5.66867E+20,5.94475E+21,1.00116E+16,5.36472E+16
93891,93892,2,1,12,130,2016,1,15,4,3,6,4,0,2,0,1,1,0,0,0,5.74443E+20,5.93286E+21,1.01233E+16,5.35394E+16
93892,93893,2,2,9,221,2016,1,19,3,3,6,7,2,2,0,0,1,0,0,1,5.56722E+20,5.93732E+21,9.85677E+15,5.35817E+16
93893,93894,2,5,7,515,2016,1,18,4,3,2,6,2,1,0,1,0,0,0,0,5.70468E+20,5.9405E+21,1.00651E+16,5.36086E+16
93894,93895,2,5,2,506,2016,1,17,6,3,6,4,2,0,0,1,1,0,0,0,5.71548E+20,5.93744E+21,1.00807E+16,5.35809E+16
93895,93896,1,0,60,19,2016,12,22,7,2,5,3,2,1,0,1,0,0,0,0,5.62711E+20,5.9571E+21,9.95122E+15,5.37588E+16
93896,93897,2,4,7,416,2016,1,0,6,3,2,2,2,1,0,1,0,0,0,0,5.67278E+20,5.93534E+21,1.00158E+16,5.35626E+16
93897,93898,2,4,9,425,2016,1,7,4,3,2,6,2,2,0,1,0,0,0,0,5.70555E+20,5.93791E+21,1.00658E+16,5.35853E+16
93898,93899,1,0,56,39,2016,12,11,7,3,0,7,0,0,1,0,0,0,0,0,5.51699E+20,5.94535E+21,9.78224E+15,5.36543E+16
93899,93900,2,2,5,217,2016,1,19,4,3,6,4,2,0,0,1,1,0,0,0,5.59007E+20,5.93644E+21,9.89112E+15,5.35735E+16
93900,93901,2,3,9,321,2016,1,5,6,3,8,1,2,2,0,1,0,0,0,0,5.61673E+20,5.93648E+21,9.93138E+15,5.35735E+16
93901,93902,2,1,5,114,2016,1,14,4,3,1,6,0,0,0,1,0,0,0,0,5.67274E+20,5.93414E+21,1.00154E+16,5.35518E+16
93902,93903,2,1,1,101,2016,1,8,7,2,4,3,0,1,0,1,0,0,0,0,5.66296E+20,5.93454E+21,1.00008E+16,5.35556E+16
93903,93904,2,2,11,223,2016,1,16,4,2,6,4,1,0,0,1,1,0,0,0,5.53752E+20,5.93476E+21,9.81147E+15,5.3559E+16
93904,93905,2,2,1,204,2016,1,16,6,3,4,2,0,1,0,1,0,0,0,0,5.62091E+20,5.93413E+21,9.93723E+15,5.35524E+16
93905,93906,2,4,4,407,2016,1,14,4,3,2,6,0,1,0,1,0,0,0,0,5.66675E+20,5.94117E+21,1.00079E+16,5.36151E+16
93906,93907,2,2,14,227,2016,1,10,3,2,0,7,0,2,1,0,0,0,0,0,5.50825E+20,5.93815E+21,9.76785E+15,5.35898E+16
93907,93908,1,0,62,53,2016,12,14,7,3,5,3,0,1,1,1,0,0,0,0,5.76667E+20,5.93323E+21,1.0157E+16,5.35423E+16
93908,93909,2,2,5,216,2016,1,0,6,2,6,7,2,1,0,1,1,0,0,0,5.60036E+20,5.93578E+21,9.90653E+15,5.35674E+16
93909,93910,2,7,10,711,2016,1,13,4,3,2,2,0,1,0,0,0,0,1,1,5.64683E+20,5.92501E+21,9.97446E+15,5.34701E+16
93910,93911,2,7,2,703,2016,1,9,6,3,5,3,0,1,0,1,0,0,0,1,5.67901E+20,5.92425E+21,1.00228E+16,5.34628E+16
93911,93912,2,3,1,307,2016,1,19,4,3,2,2,2,0,0,1,0,0,0,0,5.63059E+20,5.93578E+21,9.95216E+15,5.35671E+16
93912,93913,2,4,5,409,2016,1,18,5,3,2,6,2,0,0,1,0,0,0,0,5.67217E+20,5.93855E+21,1.00155E+16,5.35914E+16
93913,93914,2,2,8,220,2016,1,7,3,3,6,3,2,0,0,1,1,0,0,0,5.57602E+20,5.93863E+21,9.87031E+15,5.35934E+16
93914,93915,2,1,16,136,2016,1,10,6,3,4,2,0,1,0,1,0,0,0,1,5.67578E+20,5.92742E+21,1.00186E+16,5.34914E+16
93915,93916,2,1,5,113,2016,1,17,4,2,5,2,2,0,1,0,0,0,0,0,5.67573E+20,5.93411E+21,1.002E+16,5.35515E+16
93916,93917,2,5,18,526,2016,1,8,5,3,5,3,2,0,1,1,0,0,0,0,5.76172E+20,5.94196E+21,1.01516E+16,5.36209E+16
93917,93918,2,1,4,112,2016,1,17,3,3,6,2,2,2,0,1,1,0,0,0,5.64115E+20,5.93375E+21,9.96769E+15,5.35488E+16
93918,93919,1,0,55,35,2016,12,8,7,3,8,1,0,1,0,1,0,0,0,0,6.12623E+20,5.97681E+21,1.07152E+16,5.39275E+16
93919,93920,2,3,5,317,2016,1,6,6,3,1,6,2,1,0,1,0,0,0,0,5.63314E+20,5.93934E+21,9.95673E+15,5.35991E+16
93920,93921,2,7,14,715,2016,1,18,3,3,6,2,2,1,0,1,1,0,0,0,5.58058E+20,5.92554E+21,9.87477E+15,5.34756E+16
93921,93922,2,5,18,526,2016,1,7,7,3,0,7,2,2,0,0,0,1,0,0,5.77228E+20,5.94369E+21,1.0168E+16,5.36363E+16
93922,93923,2,1,16,136,2016,1,19,3,3,1,2,2,2,0,1,0,0,0,1,5.66956E+20,5.92622E+21,1.0009E+16,5.34807E+16
93923,93924,2,6,2,602,2016,1,8,6,3,5,3,0,0,1,1,0,0,0,0,5.80283E+20,5.92698E+21,1.02099E+16,5.34856E+16
93924,93925,2,7,1,702,2016,1,17,2,3,5,3,2,0,1,1,0,0,0,0,5.65181E+20,5.92416E+21,9.98179E+15,5.34624E+16
93925,93926,2,4,6,415,2016,1,19,6,3,3,6,2,0,0,1,0,0,0,0,5.67904E+20,5.93609E+21,1.00254E+16,5.35693E+16
93926,93927,2,6,14,615,2016,1,16,3,3,6,3,2,2,0,1,1,0,0,0,5.78106E+20,5.92667E+21,1.01771E+16,5.34832E+16
93927,93928,2,1,4,111,2016,1,7,6,3,6,4,2,1,0,1,1,0,0,0,5.63749E+20,5.93384E+21,9.96219E+15,5.35495E+16
93928,93929,2,7,9,710,2016,1,18,3,3,2,6,2,1,0,1,0,0,0,0,5.61303E+20,5.92078E+21,9.92273E+15,5.34325E+16
93929,93930,1,0,55,4,2016,12,23,7,3,5,3,2,1,0,1,0,0,0,0,6.10236E+20,5.9748E+21,1.06782E+16,5.39099E+16
93930,93931,2,1,3,108,2016,1,22,6,3,5,3,2,1,0,1,0,0,0,0,5.6555E+20,5.93483E+21,9.98958E+15,5.35583E+16
93931,93932,2,1,11,129,2016,1,10,3,3,0,7,0,0,0,0,0,0,0,1,5.7188E+20,5.93438E+21,1.0085E+16,5.35534E+16
93932,93933,2,2,6,218,2016,1,9,7,3,9,7,0,2,0,1,0,0,0,0,5.58746E+20,5.93513E+21,9.88692E+15,5.35618E+16
93933,93934,2,2,5,217,2016,1,7,6,3,5,2,2,0,0,1,0,0,0,0,5.58948E+20,5.93661E+21,9.89026E+15,5.3575E+16
93934,93935,2,2,13,226,2016,1,14,6,3,4,2,0,2,1,1,0,0,0,0,5.52511E+20,5.93784E+21,9.79326E+15,5.35868E+16
93935,93936,1,0,3,0,2016,12,12,7,3,5,3,0,0,1,1,0,0,0,0,6.08751E+20,5.97191E+21,1.06545E+16,5.38842E+16
93936,93937,2,1,13,131,2016,1,13,3,3,2,2,0,1,0,1,0,0,0,0,5.72711E+20,5.93225E+21,1.00971E+16,5.35342E+16
93937,93938,2,1,5,114,2016,1,11,6,3,1,7,0,1,1,1,0,0,0,1,5.6638E+20,5.93472E+21,1.00021E+16,5.35571E+16
93938,93939,2,1,11,129,2016,1,8,3,3,6,4,1,2,0,1,1,0,0,0,5.70884E+20,5.93457E+21,1.007E+16,5.35552E+16
93939,93940,2,2,1,202,2016,1,8,6,3,6,7,0,0,1,0,1,0,0,0,5.62651E+20,5.93371E+21,9.94559E+15,5.35486E+16
93940,93941,2,1,16,137,2016,1,5,6,1,8,1,2,1,0,1,0,0,0,0,5.65222E+20,5.92613E+21,9.98282E+15,5.34801E+16
93941,93942,2,5,18,526,2016,1,14,3,3,2,6,0,1,0,1,0,0,0,0,5.7649E+20,5.93828E+21,1.01555E+16,5.35878E+16
93942,93943,2,4,4,407,2016,1,17,6,2,4,2,2,1,0,1,0,0,0,1,5.6682E+20,5.94079E+21,1.001E+16,5.36116E+16
93943,93944,2,4,6,415,2016,1,6,4,3,6,3,2,1,0,1,1,0,0,0,5.68422E+20,5.93656E+21,1.00333E+16,5.35735E+16
93944,93945,2,1,16,137,2016,1,9,2,3,5,3,0,0,0,1,0,0,0,0,5.65483E+20,5.93028E+21,9.98762E+15,5.35174E+16
93945,93946,1,0,2,0,2016,12,2,7,3,5,3,2,1,0,1,0,0,0,0,5.74724E+20,6.01879E+21,1.01486E+16,5.43115E+16
93946,93947,2,5,18,526,2016,1,17,6,3,6,7,2,0,0,1,1,0,0,0,5.78033E+20,5.93943E+21,1.01791E+16,5.35979E+16
93947,93948,2,5,10,518,2016,1,17,7,3,2,6,2,1,0,1,0,0,0,0,5.74504E+20,5.94572E+21,1.01273E+16,5.3655E+16
93948,93949,2,1,1,101,2016,1,14,6,3,2,6,0,0,0,1,0,0,0,0,5.66437E+20,5.93443E+21,1.00029E+16,5.35546E+16
93949,93950,2,5,1,503,2016,1,10,4,2,1,2,0,1,0,1,0,0,0,0,5.70025E+20,5.93572E+21,1.00573E+16,5.35657E+16
93950,93951,2,2,8,220,2016,1,11,6,3,5,2,0,0,1,1,0,0,0,0,5.57679E+20,5.93852E+21,9.87144E+15,5.35923E+16
93951,93952,1,0,57,62,2016,12,17,7,3,5,3,2,1,0,1,0,0,0,0,5.8289E+20,6.00902E+21,1.02714E+16,5.42224E+16
93952,93953,2,4,11,430,2016,1,19,3,3,4,3,2,0,0,1,0,0,0,0,5.68706E+20,5.94045E+21,1.00384E+16,5.36084E+16
93953,93954,1,0,3,0,2016,12,11,7,3,0,4,0,0,0,1,1,0,0,0,6.22718E+20,5.98039E+21,1.08703E+16,5.39573E+16
93954,93955,2,5,9,517,2016,1,17,3,3,5,2,2,1,1,1,0,0,0,0,5.72128E+20,5.94339E+21,1.00908E+16,5.36343E+16
93955,93956,2,7,13,714,2016,1,7,5,3,5,3,1,1,1,1,0,0,0,0,5.58731E+20,5.92585E+21,9.88496E+15,5.34784E+16
93956,93957,2,5,2,508,2016,1,16,3,3,6,4,1,1,0,1,1,0,0,0,5.72763E+20,5.93826E+21,1.00992E+16,5.35882E+16
93957,93958,2,7,14,715,2016,1,8,5,3,6,4,0,1,0,1,1,0,0,0,5.56648E+20,5.92529E+21,9.85348E+15,5.34736E+16