FID,OBJECTID,ULAND,UREGBEZ,UKREIS,UGEMEINDE,UJAHR,UMONAT,USTUNDE,UWOCHENTAG,UKATEGORIE,UART,UTYP1,ULICHTVERH,IstStrasse,IstRad,IstPKW,IstFuss,IstKrad,IstGkfz,IstSonstig,LINREFX,LINREFY,XGCSWGS84,YGCSWGS84
93958,93959,2,5,13,521,2016,1,0,7,2,5,3,2,1,0,1,0,0,0,0,5.72324E+20,5.94845E+21,1.0095E+16,5.36798E+16
93959,93960,2,6,1,601,2016,1,15,2,3,2,6,0,0,0,1,0,0,0,1,5.78953E+20,5.92899E+21,1.01904E+16,5.35039E+16
93960,93961,1,0,1,0,2016,12,17,7,3,6,2,2,1,0,1,1,0,0,0,5.27611E+20,6.07059E+21,9.42931E+15,5.47817E+16
93961,93962,1,0,58,51,2016,12,10,7,3,5,7,0,1,0,1,0,0,0,0,5.68482E+20,6.02781E+21,1.00547E+16,5.43935E+16
93962,93963,2,5,17,525,2016,1,8,3,3,1,6,0,1,0,1,0,0,0,1,5.76918E+20,5.94531E+21,1.01638E+16,5.36509E+16
93963,93964,2,4,12,431,2016,1,17,1,3,5,3,2,2,0,1,0,0,0,0,5.6736E+20,5.94322E+21,1.00187E+16,5.36334E+16
93964,93965,2,4,4,407,2016,1,19,3,3,2,6,2,1,0,1,0,0,0,0,5.65768E+20,5.93971E+21,9.99389E+15,5.36021E+16
93965,93966,2,2,11,224,2016,1,17,4,3,5,3,2,1,1,1,0,0,0,0,5.53438E+20,5.93636E+21,9.807E+15,5.35733E+16
93966,93967,2,3,5,317,2016,1,6,6,3,2,6,2,1,0,1,0,0,0,1,5.63872E+20,5.93939E+21,9.96518E+15,5.35995E+16
93967,93968,1,0,61,46,2016,12,9,6,3,6,7,0,0,1,0,1,0,0,0,5.34363E+20,5.97506E+21,9.52327E+15,5.39228E+16
93968,93969,1,0,61,46,2016,12,8,6,3,0,1,0,2,1,0,0,0,0,0,5.33592E+20,5.97787E+21,9.51184E+15,5.39481E+16
93969,93970,2,2,1,204,2016,1,10,3,3,4,2,0,1,0,1,0,0,0,0,5.62231E+20,5.93428E+21,9.93937E+15,5.35537E+16
93970,93971,2,1,20,141,2016,1,7,5,3,4,6,2,2,1,0,0,0,0,1,5.56887E+20,5.93236E+21,9.85836E+15,5.3537E+16
93971,93972,2,5,11,519,2016,1,18,3,3,2,6,2,1,0,1,0,0,0,0,5.72031E+20,5.94581E+21,1.00899E+16,5.36561E+16
93972,93973,2,4,9,424,2016,1,18,5,3,2,6,2,0,0,1,0,0,0,0,5.70293E+20,5.93744E+21,1.00617E+16,5.35811E+16
93973,93974,2,6,9,610,2016,1,17,2,3,5,3,2,0,0,1,0,0,0,0,5.74053E+20,5.92684E+21,1.0116E+16,5.34853E+16
93974,93975,2,6,2,603,2016,1,17,2,3,1,6,2,0,0,1,0,0,0,0,5.80143E+20,5.92688E+21,1.02078E+16,5.34847E+16
93975,93976,1,0,60,4,2016,12,19,6,3,6,4,2,0,1,0,1,0,0,0,5.5794E+20,5.97486E+21,9.8822E+15,5.39189E+16
93976,93977,1,0,56,45,2016,12,10,6,3,1,5,0,2,0,1,0,0,0,1,5.36715E+20,5.95105E+21,9.55621E+15,5.37069E+16
93977,93978,2,4,7,416,2016,1,19,3,3,2,6,2,1,0,1,0,0,0,0,5.67722E+20,5.93492E+21,1.00224E+16,5.35587E+16
93978,93979,2,4,10,426,2016,1,5,7,3,8,1,2,2,0,1,0,0,0,0,5.69795E+20,5.9386E+21,1.00545E+16,5.35916E+16
93979,93980,2,6,1,601,2016,1,7,5,3,6,7,2,1,0,1,1,0,0,0,5.80193E+20,5.92901E+21,1.02091E+16,5.35039E+16
93980,93981,2,1,12,130,2016,1,9,2,3,0,7,0,0,0,0,0,0,0,1,5.73558E+20,5.93275E+21,1.011E+16,5.35385E+16
93981,93982,2,5,6,514,2016,1,9,5,3,3,6,0,1,1,1,0,0,0,0,5.73251E+20,5.93946E+21,1.01069E+16,5.35989E+16
93982,93983,2,1,13,131,2016,1,16,2,3,2,6,1,1,0,1,0,0,0,1,5.70938E+20,5.93139E+21,1.00701E+16,5.35267E+16
93983,93984,1,0,60,27,2016,12,16,6,3,9,1,1,1,0,1,0,0,0,0,5.64041E+20,5.98167E+21,9.97652E+15,5.39794E+16
93984,93985,1,0,56,15,2016,12,19,6,3,4,6,2,1,1,1,0,0,0,0,5.43982E+20,5.95629E+21,9.66704E+15,5.37534E+16
93985,93986,2,3,8,320,2016,1,17,3,3,5,3,2,1,1,1,0,0,0,0,5.59488E+20,5.9417E+21,9.89938E+15,5.36207E+16
93986,93987,2,1,5,113,2016,1,14,7,3,2,6,0,1,0,1,0,0,0,0,5.67129E+20,5.93518E+21,1.00135E+16,5.35612E+16
93987,93988,2,4,5,413,2016,1,12,7,3,6,4,0,1,0,1,1,0,0,0,5.66862E+20,5.93775E+21,1.001E+16,5.35843E+16
93988,93989,2,5,6,514,2016,1,14,5,3,1,5,0,0,0,1,0,0,0,0,5.7337E+20,5.93985E+21,1.01088E+16,5.36024E+16
93989,93990,2,2,6,218,2016,1,14,4,3,5,3,0,1,1,1,0,0,0,0,5.58773E+20,5.93529E+21,9.88737E+15,5.35631E+16
93990,93991,2,2,1,202,2016,1,8,6,3,3,6,0,0,0,1,0,0,0,0,5.6194E+20,5.93346E+21,9.93481E+15,5.35463E+16
93991,93992,1,0,62,82,2016,12,13,6,3,4,6,0,0,0,1,0,0,0,0,5.93292E+20,5.94008E+21,1.04098E+16,5.36012E+16
93992,93993,2,2,3,210,2016,1,8,3,3,6,4,0,2,0,1,1,0,0,0,5.62608E+20,5.93468E+21,9.94514E+15,5.35573E+16
93993,93994,1,0,56,18,2016,12,15,6,3,2,6,0,0,0,1,0,0,0,0,5.57309E+20,5.94258E+21,9.8666E+15,5.36289E+16
93994,93995,2,3,2,311,2016,1,17,3,3,4,6,2,2,1,0,0,0,0,0,5.6482E+20,5.93565E+21,9.97873E+15,5.35657E+16
93995,93996,2,1,15,134,2016,1,14,5,3,2,7,0,1,0,1,0,0,1,0,5.67768E+20,5.93155E+21,1.00223E+16,5.35285E+16
93996,93997,1,0,55,12,2016,12,20,6,3,5,3,2,0,0,1,0,0,0,0,6.04973E+20,5.99996E+21,1.06068E+16,5.4137E+16
93997,93998,2,2,1,201,2016,1,16,3,3,8,1,2,2,0,1,0,0,0,0,5.6315E+20,5.93347E+21,9.95307E+15,5.35463E+16
93998,93999,2,1,12,130,2016,1,17,2,3,4,6,2,2,0,1,0,0,0,1,5.73205E+20,5.93345E+21,1.01048E+16,5.35448E+16
93999,94000,2,5,6,514,2016,1,7,5,3,4,2,1,1,1,1,0,0,0,0,5.74667E+20,5.93974E+21,1.01284E+16,5.36012E+16
94000,94001,1,0,62,22,2016,12,16,6,3,4,6,1,1,0,1,0,0,0,0,5.88975E+20,5.94108E+21,1.03449E+16,5.3611E+16
94001,94002,2,2,8,220,2016,1,9,3,3,5,2,0,1,1,1,0,0,0,0,5.58891E+20,5.93956E+21,9.88995E+15,5.36016E+16
94002,94003,2,5,7,515,2016,1,6,6,3,5,3,2,1,0,1,0,1,0,0,5.71465E+20,5.94043E+21,1.00801E+16,5.36078E+16
94003,94004,2,4,10,426,2016,1,16,7,3,3,6,1,1,0,1,0,0,0,1,5.69918E+20,5.93862E+21,1.00563E+16,5.35918E+16
94004,94005,2,3,6,318,2016,1,5,4,3,5,3,2,1,1,0,0,0,0,1,5.62771E+20,5.94147E+21,9.94896E+15,5.36183E+16
94005,94006,2,1,8,127,2016,1,7,2,3,2,2,0,0,0,1,0,0,0,1,5.69289E+20,5.93377E+21,1.00458E+16,5.35483E+16
94006,94007,2,2,1,203,2016,1,14,4,3,5,2,0,1,1,1,0,0,0,0,5.6202E+20,5.93388E+21,9.93611E+15,5.35501E+16
94007,94008,2,6,2,602,2016,1,15,5,3,2,6,0,0,0,1,0,0,1,0,5.78725E+20,5.92606E+21,1.01862E+16,5.34776E+16
94008,94009,1,0,4,0,2016,12,15,6,3,5,2,0,0,1,0,0,0,0,1,5.64064E+20,5.99295E+21,9.97925E+15,5.40808E+16
94009,94010,2,5,10,518,2016,1,20,2,3,5,3,2,1,0,1,0,0,0,0,5.75024E+20,5.94379E+21,1.01347E+16,5.36375E+16
94010,94011,1,0,55,2,2016,12,10,6,2,8,1,0,2,0,1,0,0,0,0,6.16252E+20,5.99876E+21,1.07789E+16,5.41238E+16
94011,94012,2,5,10,518,2016,1,17,2,3,2,6,2,0,0,1,0,0,0,0,5.73165E+20,5.94555E+21,1.0107E+16,5.36536E+16
94012,94013,2,5,7,515,2016,1,17,5,3,0,7,2,0,0,1,0,0,0,0,5.70661E+20,5.93957E+21,1.00678E+16,5.36002E+16
94013,94014,2,3,7,319,2016,1,19,3,3,5,3,2,1,1,1,0,0,0,0,5.61468E+20,5.94268E+21,9.92951E+15,5.36293E+16
94014,94015,2,1,7,119,2016,1,14,5,3,5,2,0,1,0,1,0,0,0,0,5.68249E+20,5.93443E+21,1.00302E+16,5.35543E+16
94015,94016,2,4,13,432,2016,1,18,5,3,1,5,2,1,0,1,0,0,1,0,5.6555E+20,5.94748E+21,9.99224E+15,5.36719E+16
94016,94017,2,3,3,313,2016,1,18,3,3,2,6,2,1,0,1,0,0,0,1,5.64888E+20,5.9364E+21,9.9799E+15,5.35725E+16
94017,94018,2,3,7,319,2016,1,19,6,3,0,7,2,1,0,0,0,0,0,1,5.61202E+20,5.94285E+21,9.92552E+15,5.36309E+16
94018,94019,2,2,9,221,2016,1,19,7,3,6,2,2,1,0,1,1,0,0,0,5.56459E+20,5.93602E+21,9.85256E+15,5.357E+16
94019,94020,2,1,4,109,2016,1,7,4,3,8,7,1,1,0,1,0,0,0,0,5.64618E+20,5.93484E+21,9.97551E+15,5.35585E+16
94020,94021,2,5,18,526,2016,1,7,2,3,5,3,2,0,0,1,0,0,0,1,5.76741E+20,5.94247E+21,1.01604E+16,5.36254E+16
94021,94022,1,0,2,0,2016,12,20,6,3,2,2,2,1,0,1,0,1,0,0,5.72E+20,6.02157E+21,1.01074E+16,5.43369E+16
94022,94023,1,0,2,0,2016,12,20,6,3,0,4,2,0,0,0,1,0,0,1,5.74485E+20,6.01868E+21,1.01449E+16,5.43106E+16
94023,94024,1,0,3,0,2016,12,11,6,3,2,6,0,1,0,1,0,0,0,0,6.12098E+20,5.96684E+21,1.07036E+16,5.3838E+16
94024,94025,2,4,8,423,2016,1,17,2,3,3,6,2,1,0,1,0,0,0,1,5.6882E+20,5.93715E+21,1.00394E+16,5.35786E+16
94025,94026,2,4,5,408,2016,1,9,5,2,4,2,0,1,0,1,0,0,0,0,5.65973E+20,5.9397E+21,9.99699E+15,5.36019E+16
94026,94027,2,1,5,114,2016,1,15,3,3,5,3,0,0,0,1,0,0,0,0,5.66394E+20,5.93471E+21,1.00023E+16,5.35571E+16
94027,94028,2,5,7,515,2016,1,18,5,3,1,6,2,0,0,1,0,0,0,0,5.7185E+20,5.93999E+21,1.00858E+16,5.36038E+16
94028,94029,2,5,18,526,2016,1,5,2,3,5,3,2,2,1,1,0,0,0,0,5.75541E+20,5.9402E+21,1.01417E+16,5.36052E+16
94029,94030,2,5,4,512,2016,1,12,2,2,6,4,0,0,0,0,1,0,0,1,5.75143E+20,5.93678E+21,1.01348E+16,5.35745E+16
94030,94031,1,0,56,15,2016,12,23,5,3,5,3,2,1,0,1,0,0,0,0,5.43098E+20,5.9568E+21,9.65371E+15,5.3758E+16
94031,94032,2,5,7,515,2016,1,19,2,3,6,4,2,1,0,1,1,0,0,0,5.72013E+20,5.94311E+21,1.0089E+16,5.36318E+16
94032,94033,1,0,56,43,2016,12,10,5,3,0,7,0,1,0,1,0,0,0,1,5.55982E+20,5.9439E+21,9.84678E+15,5.36409E+16
94033,94034,1,0,55,42,2016,12,10,6,3,0,1,0,2,1,0,0,0,0,0,6.15419E+20,5.98426E+21,1.07606E+16,5.39937E+16
94034,94035,2,1,11,128,2016,1,10,2,3,6,2,0,1,0,1,1,0,0,0,5.71852E+20,5.93412E+21,1.00845E+16,5.3551E+16
94035,94036,2,5,5,513,2016,1,5,7,3,3,6,2,2,1,1,0,0,0,0,5.75365E+20,5.93818E+21,1.01385E+16,5.3587E+16
94036,94037,2,4,10,427,2016,1,11,2,3,6,3,0,2,0,1,1,0,0,0,5.693E+20,5.93858E+21,1.0047E+16,5.35915E+16
94037,94038,2,2,14,227,2016,1,18,5,3,9,1,2,1,0,1,0,0,0,0,5.50716E+20,5.93671E+21,9.76596E+15,5.35768E+16
94038,94039,2,4,13,432,2016,1,17,2,3,1,6,2,0,0,1,0,0,0,0,5.65696E+20,5.9449E+21,9.9939E+15,5.36487E+16
94039,94040,2,1,12,130,2016,1,7,5,3,6,4,2,0,0,1,1,0,0,0,5.76069E+20,5.93182E+21,1.01476E+16,5.35298E+16
94040,94041,1,0,4,0,2016,12,7,6,3,5,2,2,0,1,1,0,0,0,0,5.6129E+20,5.99182E+21,9.93663E+15,5.40709E+16
94041,94042,2,5,18,526,2016,1,18,2,2,6,2,2,1,0,1,1,0,0,0,5.75521E+20,5.94158E+21,1.01417E+16,5.36176E+16
94042,94043,2,1,6,116,2016,1,17,6,3,2,6,2,1,0,1,0,0,0,1,5.67483E+20,5.93386E+21,1.00185E+16,5.35493E+16
94043,94044,2,2,5,215,2016,1,16,7,3,5,2,0,1,1,1,0,0,0,0,5.61735E+20,5.93567E+21,9.93215E+15,5.35663E+16
94044,94045,2,2,9,221,2016,1,17,5,3,1,6,2,1,0,1,0,0,0,0,5.56843E+20,5.93623E+21,9.8584E+15,5.35718E+16
94045,94046,1,0,59,75,2016,12,10,6,2,0,1,0,2,1,0,0,0,0,0,5.3609E+20,6.04183E+21,9.55759E+15,5.45228E+16
94046,94047,2,5,6,514,2016,1,19,2,3,3,2,2,1,0,1,0,0,0,0,5.74082E+20,5.94031E+21,1.01196E+16,5.36064E+16
94047,94048,2,2,9,221,2016,1,6,7,3,6,4,2,2,0,1,1,0,0,0,5.56518E+20,5.9371E+21,9.85365E+15,5.35797E+16
94048,94049,2,2,7,219,2016,1,8,5,3,2,6,0,1,0,1,0,0,0,0,5.593E+20,5.93465E+21,9.8952E+15,5.35573E+16
94049,94050,2,4,7,416,2016,1,20,2,3,9,1,2,0,0,1,0,0,0,0,5.67389E+20,5.9355E+21,1.00175E+16,5.35641E+16
94050,94051,2,5,2,508,2016,1,8,5,3,2,6,0,0,0,1,0,0,0,0,5.72982E+20,5.93735E+21,1.01023E+16,5.35799E+16
94051,94052,1,0,56,15,2016,12,10,5,3,5,3,0,1,1,1,0,0,0,0,5.43292E+20,5.95554E+21,9.65647E+15,5.37467E+16
94052,94053,2,3,6,318,2016,1,15,2,3,5,3,0,0,0,1,0,0,0,0,5.63288E+20,5.94053E+21,9.95659E+15,5.36098E+16
94053,94054,1,0,62,1,2016,12,13,5,3,0,7,0,0,1,0,0,0,0,0,5.79429E+20,5.94644E+21,1.0202E+16,5.36607E+16
94054,94055,2,2,3,209,2016,1,14,2,3,5,3,0,2,1,1,0,0,0,0,5.62362E+20,5.93553E+21,9.94159E+15,5.35649E+16
94055,94056,2,2,6,218,2016,1,16,5,3,5,3,2,1,0,1,0,1,0,0,5.58757E+20,5.93498E+21,9.88707E+15,5.35604E+16
94056,94057,1,0,59,107,2016,12,2,5,3,0,7,2,0,1,0,0,0,0,0,5.23684E+20,6.05258E+21,9.36678E+15,5.46201E+16
94057,94058,2,5,18,526,2016,1,18,2,2,5,3,2,1,1,1,0,0,0,0,5.75771E+20,5.94088E+21,1.01453E+16,5.36112E+16
94058,94059,2,4,12,431,2016,1,8,6,3,3,7,0,1,0,1,0,0,0,0,5.68067E+20,5.94293E+21,1.00293E+16,5.36307E+16
94059,94060,2,1,4,111,2016,1,1,7,3,6,3,2,1,0,1,1,0,0,0,5.64333E+20,5.9347E+21,9.97118E+15,5.35572E+16
94060,94061,2,7,14,715,2016,1,7,3,2,6,4,2,0,0,1,1,0,0,0,5.56712E+20,5.92498E+21,9.85439E+15,5.34707E+16
94061,94062,2,3,3,313,2016,1,10,2,2,6,7,0,0,0,1,1,0,0,0,5.65467E+20,5.93655E+21,9.98868E+15,5.35737E+16
94062,94063,1,0,3,0,2016,12,1,5,3,0,5,0,1,0,1,0,1,0,0,6.09973E+20,5.97E+21,1.06724E+16,5.38668E+16
94063,94064,2,7,1,702,2016,1,7,3,3,0,2,2,0,1,1,0,0,0,0,5.65929E+20,5.92339E+21,9.99289E+15,5.34554E+16
94064,94065,2,5,4,512,2016,1,16,5,3,6,4,1,0,0,1,1,0,0,0,5.75122E+20,5.93789E+21,1.01348E+16,5.35845E+16
94065,94066,1,0,54,76,2016,12,13,5,3,0,1,0,0,0,1,0,1,0,0,4.9742E+20,6.06879E+21,8.9599E+15,5.47663E+16
94066,94067,2,7,2,703,2016,1,12,3,3,1,6,0,0,0,1,0,0,0,1,5.67112E+20,5.92417E+21,1.00109E+16,5.34622E+16
94067,94068,2,3,3,313,2016,1,11,5,2,4,2,0,0,0,1,1,0,0,0,5.65299E+20,5.93643E+21,9.98612E+15,5.35727E+16
94068,94069,1,0,60,63,2016,12,14,4,3,5,3,0,0,1,1,0,0,0,0,5.65575E+20,5.952E+21,9.99357E+15,5.37125E+16
94069,94070,2,1,1,101,2016,1,8,2,3,3,6,0,1,0,1,0,0,1,0,5.66067E+20,5.93431E+21,9.99726E+15,5.35535E+16
94070,94071,1,0,59,83,2016,12,17,4,1,5,3,2,0,0,1,0,0,0,1,5.4914E+20,6.0555E+21,9.76147E+15,5.46445E+16
94071,94072,2,5,3,510,2016,1,17,1,3,5,3,2,0,1,1,0,0,0,0,5.71178E+20,5.93583E+21,1.00748E+16,5.35665E+16
94072,94073,2,3,1,307,2016,1,13,5,3,5,3,0,0,0,1,0,0,0,1,5.63281E+20,5.93613E+21,9.95559E+15,5.35702E+16
94073,94074,2,4,9,425,2016,1,8,2,3,3,2,0,1,1,0,0,0,0,1,5.70617E+20,5.93737E+21,1.00666E+16,5.35804E+16
94074,94075,2,1,1,101,2016,1,14,6,3,4,7,0,1,1,1,0,0,0,0,5.66286E+20,5.93404E+21,1.00005E+16,5.3551E+16
94075,94076,2,7,4,705,2016,1,11,6,3,1,5,0,0,0,1,0,0,0,0,5.64468E+20,5.92274E+21,9.97076E+15,5.34497E+16
94076,94077,2,3,1,309,2016,1,7,2,3,6,2,1,0,0,0,1,0,0,1,5.64276E+20,5.93609E+21,9.9706E+15,5.35697E+16
94077,94078,1,0,60,63,2016,12,13,4,3,2,6,0,0,0,1,0,0,0,0,5.65981E+20,5.95233E+21,9.9998E+15,5.37155E+16
94078,94079,1,0,55,40,2016,12,16,3,3,5,3,2,0,1,1,0,0,0,0,6.07223E+20,5.9727E+21,1.06316E+16,5.38917E+16
94079,94080,2,5,17,525,2016,1,14,1,3,3,2,0,1,0,1,0,0,0,0,5.77051E+20,5.94552E+21,1.01658E+16,5.36528E+16
94080,94081,2,5,7,515,2016,1,17,1,3,5,7,2,0,0,1,0,0,0,0,5.71835E+20,5.94275E+21,1.00863E+16,5.36286E+16
94081,94082,2,3,3,313,2016,1,10,5,3,0,7,0,1,0,0,0,1,0,1,5.65017E+20,5.93643E+21,9.98186E+15,5.35727E+16
94082,94083,2,4,11,430,2016,1,18,2,3,2,6,2,1,0,1,0,0,0,0,5.68916E+20,5.94041E+21,1.00416E+16,5.36079E+16
94083,94084,2,4,5,409,2016,1,9,5,3,6,3,0,1,1,0,1,0,0,0,5.68541E+20,5.93853E+21,1.00355E+16,5.35911E+16
94084,94085,1,0,55,42,2016,12,14,3,3,6,4,0,0,0,1,1,0,0,0,6.16741E+20,5.98478E+21,1.0781E+16,5.39981E+16
94085,94086,2,1,4,110,2016,1,2,1,3,5,3,2,0,0,1,0,0,0,0,5.63496E+20,5.93422E+21,9.95845E+15,5.35531E+16
94086,94087,2,3,2,311,2016,1,8,5,3,0,7,0,1,0,0,0,1,0,1,5.64919E+20,5.93575E+21,9.98025E+15,5.35666E+16
94087,94088,2,4,5,408,2016,1,20,2,3,5,2,2,1,1,1,0,0,0,0,5.67083E+20,5.93951E+21,1.00137E+16,5.36001E+16
94088,94089,2,5,2,508,2016,1,17,5,3,5,7,2,0,0,1,0,0,0,0,5.7255E+20,5.93829E+21,1.0096E+16,5.35884E+16
94089,94090,2,6,2,602,2016,1,19,6,3,1,2,2,2,0,1,0,0,0,0,5.79121E+20,5.92736E+21,1.01925E+16,5.34893E+16
94090,94091,2,1,19,140,2016,1,17,1,3,0,7,2,0,0,0,0,0,0,1,5.59474E+20,5.92998E+21,9.89693E+15,5.35154E+16
94091,94092,2,1,12,130,2016,1,14,1,3,5,3,0,0,0,1,0,0,0,0,5.73355E+20,5.93375E+21,1.01071E+16,5.35476E+16
94092,94093,1,0,62,4,2016,12,10,4,3,2,2,0,0,0,1,0,0,0,0,5.90719E+20,5.96337E+21,1.03778E+16,5.3811E+16
94093,94094,1,0,55,12,2016,12,10,3,3,0,6,0,0,0,1,0,0,1,0,6.06382E+20,5.99877E+21,1.06279E+16,5.4126E+16
94094,94095,2,2,5,217,2016,1,7,2,3,4,1,2,2,0,1,0,0,1,0,5.59E+20,5.93749E+21,9.89122E+15,5.35829E+16
94095,94096,2,5,2,505,2016,1,9,7,3,5,3,0,0,0,1,0,0,0,0,5.70145E+20,5.93656E+21,1.00593E+16,5.35732E+16
94096,94097,2,3,2,311,2016,1,18,5,3,6,4,2,1,0,1,1,0,0,0,5.64921E+20,5.9359E+21,9.98031E+15,5.3568E+16
94097,94098,2,1,12,130,2016,1,19,1,3,5,3,2,1,0,1,0,0,0,1,5.73397E+20,5.93312E+21,1.01076E+16,5.35419E+16
94098,94099,2,1,3,108,2016,1,21,5,3,5,2,2,1,0,1,0,0,0,0,5.65513E+20,5.93482E+21,9.98902E+15,5.35582E+16
94099,94100,2,5,6,514,2016,1,16,7,3,0,2,2,0,1,1,0,0,0,0,5.73663E+20,5.94235E+21,1.01138E+16,5.36248E+16
94100,94101,2,5,2,508,2016,1,12,1,3,5,2,0,0,0,1,0,0,0,0,5.73025E+20,5.9372E+21,1.0103E+16,5.35785E+16
94101,94102,1,0,3,0,2016,12,19,4,2,6,4,2,0,0,1,1,0,0,0,6.0915E+20,5.96928E+21,1.06597E+16,5.38605E+16
94102,94103,1,0,2,0,2016,12,19,3,3,5,3,2,0,1,1,0,0,0,0,5.77078E+20,6.01648E+21,1.01842E+16,5.42904E+16
94103,94104,2,3,6,318,2016,1,7,2,3,5,2,2,1,1,1,0,0,0,0,5.63615E+20,5.94085E+21,9.9616E+15,5.36126E+16
94104,94105,2,3,7,319,2016,1,19,7,3,5,2,2,1,1,1,0,0,0,0,5.6142E+20,5.94269E+21,9.92879E+15,5.36294E+16
94105,94106,2,1,12,130,2016,1,6,4,3,2,6,2,1,0,1,0,0,0,0,5.76183E+20,5.93122E+21,1.01492E+16,5.35244E+16
94106,94107,2,1,14,132,2016,1,7,3,2,6,2,2,0,0,1,1,0,0,0,5.69908E+20,5.93195E+21,1.00547E+16,5.35319E+16
94107,94108,2,1,5,114,2016,1,22,5,3,6,4,2,2,0,1,1,0,0,0,5.66939E+20,5.93403E+21,1.00104E+16,5.35509E+16
94108,94109,1,0,58,34,2016,12,10,4,3,5,3,0,0,1,1,0,0,0,0,5.43355E+20,6.01972E+21,9.66659E+15,5.43235E+16
94109,94110,2,4,9,425,2016,1,12,7,3,1,6,0,0,0,1,0,0,0,0,5.7046E+20,5.93807E+21,1.00644E+16,5.35867E+16
94110,94111,1,0,60,75,2016,12,17,2,3,8,1,2,1,0,1,0,0,0,0,5.90298E+20,5.99158E+21,1.03797E+16,5.40645E+16
94111,94112,2,5,8,516,2016,1,12,7,3,2,2,0,0,0,1,0,0,0,0,5.70267E+20,5.94053E+21,1.00621E+16,5.36089E+16
94112,94113,2,4,5,408,2016,1,6,4,3,2,6,2,0,0,1,0,0,0,1,5.68039E+20,5.94024E+21,1.00283E+16,5.36065E+16
94113,94114,1,0,56,44,2016,12,17,2,3,5,3,2,1,0,1,0,0,0,1,5.56191E+20,5.93923E+21,9.8491E+15,5.35989E+16
94114,94115,2,3,1,308,2016,1,18,2,2,6,4,2,1,0,1,1,0,0,0,5.63765E+20,5.93607E+21,9.96288E+15,5.35697E+16
94115,94116,2,5,1,502,2016,1,11,6,3,5,3,0,2,1,1,0,0,0,0,5.69699E+20,5.93622E+21,1.00525E+16,5.35702E+16
94116,94117,2,6,1,601,2016,1,17,6,3,6,4,1,0,0,1,1,0,0,0,5.80188E+20,5.93001E+21,1.02093E+16,5.35129E+16
94117,94118,2,4,11,430,2016,1,14,7,3,5,3,0,0,0,1,0,0,0,0,5.68599E+20,5.94286E+21,1.00374E+16,5.363E+16
94118,94119,1,0,2,0,2016,12,19,2,3,5,3,2,1,0,1,0,0,0,0,5.71779E+20,6.02186E+21,1.01041E+16,5.43395E+16
94119,94120,2,3,3,314,2016,1,20,2,3,5,3,2,1,1,1,0,0,0,0,5.65442E+20,5.9375E+21,9.9885E+15,5.35822E+16
94120,94121,2,4,11,430,2016,1,14,6,3,5,3,0,1,0,1,0,0,0,0,5.68401E+20,5.9404E+21,1.00338E+16,5.36079E+16
94121,94122,2,1,11,128,2016,1,12,6,3,5,3,0,1,0,1,0,0,0,0,5.72347E+20,5.93332E+21,1.00918E+16,5.35438E+16
94122,94123,2,5,4,512,2016,1,17,3,3,8,1,2,2,0,1,0,0,0,0,5.74372E+20,5.93614E+21,1.0123E+16,5.35688E+16
94123,94124,2,3,2,311,2016,1,1,1,3,5,3,2,1,0,1,0,0,0,0,5.65016E+20,5.9364E+21,9.98184E+15,5.35724E+16
94124,94125,2,5,2,506,2016,1,7,3,3,4,2,2,0,1,1,0,0,0,0,5.71012E+20,5.93734E+21,1.00726E+16,5.35801E+16
94125,94126,2,1,11,128,2016,1,7,4,3,4,2,2,1,0,1,0,0,0,1,5.71446E+20,5.93402E+21,1.00784E+16,5.35502E+16
94126,94127,1,0,58,43,2016,12,13,4,3,5,3,0,0,1,1,0,0,0,0,5.53683E+20,6.03644E+21,9.82839E+15,5.44727E+16
94127,94128,2,4,4,407,2016,1,16,7,3,5,3,1,1,1,0,0,0,0,1,5.65808E+20,5.9397E+21,9.99449E+15,5.3602E+16
94128,94129,1,0,61,46,2016,12,19,1,3,5,3,2,1,0,1,0,0,0,0,5.31811E+20,5.97336E+21,9.48423E+15,5.39077E+16
94129,94130,2,1,1,102,2016,1,16,7,2,5,3,2,0,0,1,0,0,0,0,5.65911E+20,5.93375E+21,9.9948E+15,5.35485E+16
94130,94131,2,4,10,428,2016,1,15,4,3,1,6,0,0,0,1,0,0,1,0,5.68995E+20,5.93926E+21,1.00425E+16,5.35977E+16
94131,94132,2,3,2,311,2016,1,11,2,3,2,6,0,1,0,1,0,0,0,0,5.64284E+20,5.93582E+21,9.97067E+15,5.35673E+16
94132,94133,2,1,12,130,2016,1,7,5,3,6,4,2,0,0,1,1,0,0,0,5.72603E+20,5.9332E+21,1.00957E+16,5.35427E+16
94133,94134,2,5,18,526,2016,1,8,6,3,4,2,0,1,1,1,0,0,0,0,5.76902E+20,5.93861E+21,1.01618E+16,5.35907E+16
94134,94135,2,1,11,129,2016,1,14,7,3,6,7,0,1,0,1,1,0,0,0,5.72379E+20,5.93439E+21,1.00925E+16,5.35534E+16
94135,94136,1,0,60,63,2016,12,16,3,3,6,2,2,0,0,1,1,0,0,0,5.66875E+20,5.95122E+21,1.00131E+16,5.37054E+16
94136,94137,2,5,17,525,2016,1,19,3,3,5,3,2,2,0,1,0,0,0,1,5.76558E+20,5.94562E+21,1.01584E+16,5.36537E+16
94137,94138,2,5,7,515,2016,1,14,7,2,6,4,0,1,0,1,1,0,0,0,5.71202E+20,5.94126E+21,1.00764E+16,5.36153E+16