FID,OBJECTID,ULAND,UREGBEZ,UKREIS,UGEMEINDE,UJAHR,UMONAT,USTUNDE,UWOCHENTAG,UKATEGORIE,UART,UTYP1,ULICHTVERH,IstStrasse,IstRad,IstPKW,IstFuss,IstKrad,IstGkfz,IstSonstig,LINREFX,LINREFY,XGCSWGS84,YGCSWGS84
94138,94139,1,0,60,63,2016,12,7,3,3,5,3,2,1,1,1,0,0,0,0,5.6541E+20,5.94685E+21,9.98999E+15,5.36663E+16
94139,94140,2,1,12,130,2016,1,19,4,3,3,2,1,1,1,1,0,0,0,0,5.72927E+20,5.93296E+21,1.01005E+16,5.35405E+16
94140,94141,1,0,56,44,2016,12,8,3,3,5,3,0,0,1,0,0,0,0,1,5.55443E+20,5.93915E+21,9.83778E+15,5.35983E+16
94141,94142,1,0,61,113,2016,12,18,1,2,1,5,2,1,1,1,0,0,0,0,5.25096E+20,5.97502E+21,9.38216E+15,5.3923E+16
94142,94143,2,3,3,313,2016,1,10,2,3,5,3,0,1,1,1,0,0,0,0,5.65466E+20,5.93645E+21,9.98864E+15,5.35728E+16
94143,94144,2,7,13,714,2016,1,19,6,3,6,4,2,1,0,1,1,0,0,0,5.58474E+20,5.92582E+21,9.88108E+15,5.34781E+16
94144,94145,2,4,6,414,2016,1,7,4,3,6,4,1,1,0,1,1,0,0,0,5.67308E+20,5.93669E+21,1.00165E+16,5.35747E+16
94145,94146,2,1,16,137,2016,1,21,1,3,8,5,2,2,0,1,0,0,0,1,5.66343E+20,5.93027E+21,1.00006E+16,5.35172E+16
94146,94147,2,5,7,515,2016,1,18,5,3,2,6,2,2,0,1,0,0,0,0,5.70494E+20,5.93932E+21,1.00652E+16,5.3598E+16
94147,94148,2,5,10,518,2016,1,13,7,3,5,3,0,1,1,1,0,0,0,0,5.73514E+20,5.94561E+21,1.01123E+16,5.36541E+16
94148,94149,2,4,5,408,2016,1,9,7,3,9,1,0,1,0,0,0,0,0,1,5.67819E+20,5.94007E+21,1.0025E+16,5.3605E+16
94149,94150,1,0,56,21,2016,12,7,3,3,6,2,2,0,0,1,1,0,0,0,5.60656E+20,5.94956E+21,9.91857E+15,5.36912E+16
94150,94151,1,0,51,16,2016,12,21,1,3,1,5,2,1,0,1,0,0,0,0,5.16767E+20,5.98303E+21,9.25577E+15,5.39953E+16
94151,94152,2,6,2,603,2016,1,6,1,2,1,1,2,1,0,1,0,0,0,1,5.81513E+20,5.92685E+21,1.02284E+16,5.34843E+16
94152,94153,2,5,1,501,2016,1,13,7,3,0,3,0,1,1,1,0,0,0,0,5.68388E+20,5.93582E+21,1.00326E+16,5.35668E+16
94153,94154,1,0,60,39,2016,12,20,1,3,6,4,2,1,0,1,1,0,0,0,5.64956E+20,5.96055E+21,9.98599E+15,5.37895E+16
94154,94155,2,5,6,514,2016,1,14,1,3,3,2,0,1,0,1,0,0,0,0,5.73028E+20,5.94041E+21,1.01038E+16,5.36074E+16
94155,94156,2,5,6,514,2016,1,14,7,3,2,6,0,0,0,1,0,0,0,0,5.73686E+20,5.9396E+21,1.01135E+16,5.36E+16
94156,94157,2,1,12,130,2016,1,18,6,3,2,6,2,1,0,1,0,0,0,0,5.72961E+20,5.93299E+21,1.0101E+16,5.35407E+16
94157,94158,2,4,8,423,2016,1,5,4,3,2,2,2,1,0,1,0,0,1,0,5.69175E+20,5.9372E+21,1.00448E+16,5.35791E+16
94158,94159,2,4,7,416,2016,1,18,7,3,5,3,2,1,0,1,0,0,0,0,5.67337E+20,5.93528E+21,1.00166E+16,5.35621E+16
94159,94160,1,0,53,86,2016,12,22,3,3,0,7,2,0,0,1,0,0,0,0,6.00208E+20,5.94969E+21,1.05174E+16,5.36863E+16
94160,94161,2,1,11,129,2016,1,0,6,3,9,1,2,1,0,1,0,0,0,0,5.71389E+20,5.93479E+21,1.00777E+16,5.35572E+16
94161,94162,2,5,1,504,2016,2,17,5,3,4,7,2,0,0,1,0,0,0,0,5.69977E+20,5.93608E+21,1.00567E+16,5.35689E+16
94162,94163,2,4,13,432,2016,2,17,3,3,1,6,2,1,0,1,0,0,0,0,5.67877E+20,5.94769E+21,1.00275E+16,5.36735E+16
94163,94164,2,1,1,101,2016,1,19,7,3,0,3,2,1,0,1,0,0,0,1,5.65894E+20,5.93413E+21,9.99462E+15,5.3552E+16
94164,94165,2,4,13,432,2016,2,15,2,3,2,6,0,0,0,1,0,0,0,0,5.66779E+20,5.94492E+21,1.00103E+16,5.36488E+16
94165,94166,2,1,14,132,2016,1,17,3,2,5,2,2,0,0,1,0,0,0,1,5.69141E+20,5.93286E+21,1.00433E+16,5.35401E+16
94166,94167,2,1,16,136,2016,2,18,5,2,8,1,2,0,0,1,0,0,0,1,5.67022E+20,5.92647E+21,1.001E+16,5.34829E+16
94167,94168,2,7,6,707,2016,1,7,3,3,6,2,2,0,0,1,1,0,0,0,5.65348E+20,5.92074E+21,9.98359E+15,5.34316E+16
94168,94169,2,1,12,130,2016,2,18,4,3,6,4,2,1,0,1,1,0,0,0,5.74681E+20,5.9337E+21,1.01271E+16,5.35469E+16
94169,94170,2,4,9,424,2016,2,18,4,3,0,1,2,1,0,0,0,1,0,0,5.70336E+20,5.93707E+21,1.00623E+16,5.35777E+16
94170,94171,2,1,7,120,2016,2,8,6,3,5,3,0,0,1,1,0,0,0,0,5.6806E+20,5.93464E+21,1.00274E+16,5.35562E+16
94171,94172,2,5,2,509,2016,2,12,2,3,5,3,0,1,1,1,0,0,0,0,5.71528E+20,5.93844E+21,1.00806E+16,5.35899E+16
94172,94173,2,5,7,515,2016,1,21,5,3,7,7,2,0,0,0,0,0,0,1,5.7377E+20,5.94239E+21,1.01154E+16,5.36251E+16
94173,94174,2,1,3,108,2016,2,18,2,3,2,2,2,0,0,1,0,0,0,0,5.65445E+20,5.93464E+21,9.98795E+15,5.35565E+16
94174,94175,2,2,7,219,2016,1,9,6,3,0,7,0,0,1,1,0,0,0,0,5.59179E+20,5.934E+21,9.89325E+15,5.35515E+16
94175,94176,2,7,1,701,2016,1,15,1,3,6,3,0,0,0,0,1,0,0,1,5.64976E+20,5.92429E+21,9.97873E+15,5.34636E+16
94176,94177,2,5,2,507,2016,1,11,3,3,0,7,0,0,0,1,1,0,0,0,5.71351E+20,5.93692E+21,1.00776E+16,5.35763E+16
94177,94178,2,5,2,509,2016,2,16,5,3,5,3,0,0,1,1,0,0,0,0,5.72108E+20,5.93853E+21,1.00894E+16,5.35906E+16
94178,94179,2,7,12,713,2016,1,10,3,3,9,7,0,0,0,1,0,0,0,0,5.59514E+20,5.92918E+21,9.8974E+15,5.35082E+16
94179,94180,2,5,3,511,2016,2,7,4,3,5,3,0,0,0,1,0,0,0,0,5.72359E+20,5.93641E+21,1.00927E+16,5.35715E+16
94180,94181,2,3,8,320,2016,2,19,4,3,2,6,2,1,0,1,0,0,0,0,5.59369E+20,5.93995E+21,9.89725E+15,5.3605E+16
94181,94182,2,5,3,510,2016,2,20,6,3,2,2,2,1,0,1,0,0,0,0,5.71304E+20,5.93587E+21,1.00767E+16,5.35669E+16
94182,94183,2,3,6,318,2016,2,9,2,3,0,7,0,1,0,0,0,0,0,1,5.63508E+20,5.94226E+21,9.96027E+15,5.36252E+16
94183,94184,2,1,7,120,2016,2,13,1,3,3,6,0,0,0,1,0,0,0,0,5.68178E+20,5.9347E+21,1.00292E+16,5.35567E+16
94184,94185,2,1,14,132,2016,2,2,7,3,0,4,2,1,0,1,1,0,0,0,5.69633E+20,5.93204E+21,1.00506E+16,5.35327E+16
94185,94186,2,3,2,312,2016,2,20,6,3,2,6,2,1,0,1,0,0,0,0,5.6603E+20,5.93481E+21,9.99682E+15,5.3558E+16
94186,94187,2,5,4,512,2016,1,10,7,3,3,7,0,1,0,1,0,0,0,0,5.74579E+20,5.93669E+21,1.01263E+16,5.35738E+16
94187,94188,2,5,7,515,2016,1,17,3,2,6,7,2,0,1,0,1,0,0,0,5.71835E+20,5.94275E+21,1.00863E+16,5.36286E+16
94188,94189,2,3,2,311,2016,2,15,4,2,6,4,0,0,0,0,1,0,0,1,5.64939E+20,5.93586E+21,9.98057E+15,5.35676E+16
94189,94190,2,1,16,137,2016,2,6,3,3,4,2,2,1,1,1,0,0,0,0,5.66408E+20,5.92632E+21,1.00007E+16,5.34817E+16
94190,94191,2,3,2,312,2016,2,19,3,3,6,3,2,1,1,0,1,0,0,0,5.6497E+20,5.93582E+21,9.98102E+15,5.35672E+16
94191,94192,2,7,1,702,2016,1,2,7,2,8,1,2,0,0,0,0,0,0,1,5.65063E+20,5.92361E+21,9.97989E+15,5.34575E+16
94192,94193,2,4,13,432,2016,1,21,3,2,6,2,2,1,0,1,1,0,0,0,5.66858E+20,5.94496E+21,1.00115E+16,5.36491E+16
94193,94194,2,4,13,432,2016,2,13,5,3,5,3,0,0,0,1,0,1,0,0,5.65527E+20,5.94681E+21,9.99175E+15,5.36659E+16
94194,94195,2,2,14,227,2016,2,14,4,3,6,2,0,0,0,0,1,0,0,1,5.50263E+20,5.93761E+21,9.75927E+15,5.3585E+16
94195,94196,2,1,8,124,2016,1,9,5,3,4,2,0,0,1,1,0,0,0,0,5.69496E+20,5.93424E+21,1.0049E+16,5.35524E+16
94196,94197,2,4,2,403,2016,2,17,4,3,6,3,2,1,0,1,1,0,0,0,5.6436E+20,5.93807E+21,9.97228E+15,5.35875E+16
94197,94198,2,1,4,111,2016,2,0,1,3,5,3,2,0,0,1,0,0,0,0,5.63747E+20,5.93393E+21,9.96218E+15,5.35504E+16
94198,94199,2,5,7,515,2016,2,3,7,3,0,1,2,1,0,1,0,0,0,0,5.72517E+20,5.94169E+21,1.00963E+16,5.3619E+16
94199,94200,2,1,11,128,2016,1,6,2,3,7,7,2,0,0,1,0,0,0,1,5.71863E+20,5.93373E+21,1.00846E+16,5.35475E+16
94200,94201,2,1,11,129,2016,2,17,5,3,0,6,2,1,0,1,0,1,0,0,5.73054E+20,5.9343E+21,1.01027E+16,5.35525E+16
94201,94202,2,5,7,515,2016,2,18,3,3,6,3,2,1,0,0,1,0,0,1,5.70531E+20,5.93921E+21,1.00658E+16,5.3597E+16
94202,94203,2,3,1,308,2016,1,20,7,3,1,6,2,1,0,1,0,0,0,0,5.63668E+20,5.93606E+21,9.96142E+15,5.35695E+16
94203,94204,2,6,2,602,2016,2,16,2,3,2,6,0,1,0,1,0,0,0,0,5.79757E+20,5.92751E+21,1.02021E+16,5.34905E+16
94204,94205,2,4,3,406,2016,2,6,6,3,6,2,2,1,0,1,1,0,0,0,5.65977E+20,5.94176E+21,9.99749E+15,5.36205E+16
94205,94206,2,4,5,410,2016,2,15,7,3,5,3,0,0,1,1,0,0,0,0,5.6625E+20,5.93832E+21,1.00009E+16,5.35895E+16
94206,94207,2,7,1,702,2016,2,13,6,3,2,6,0,0,0,1,0,0,0,0,5.65785E+20,5.92383E+21,9.99081E+15,5.34594E+16
94207,94208,2,1,11,128,2016,1,16,2,3,3,7,0,1,0,1,0,0,0,0,5.72034E+20,5.9336E+21,1.00872E+16,5.35463E+16
94208,94209,2,2,8,220,2016,2,9,5,3,0,6,0,1,0,1,0,0,0,1,5.58552E+20,5.93951E+21,9.88482E+15,5.36011E+16
94209,94210,2,2,5,215,2016,2,17,7,3,0,2,2,0,0,0,0,0,0,1,5.61444E+20,5.93496E+21,9.92762E+15,5.35599E+16
94210,94211,2,5,5,513,2016,2,10,3,3,5,3,0,1,0,1,0,0,0,0,5.72706E+20,5.93851E+21,1.00984E+16,5.35904E+16
94211,94212,2,4,8,423,2016,2,17,3,2,5,7,0,0,1,1,0,0,0,0,5.69297E+20,5.93718E+21,1.00466E+16,5.35789E+16
94212,94213,2,1,16,137,2016,1,14,6,3,5,3,0,0,0,1,0,0,0,0,5.6516E+20,5.92953E+21,9.98259E+15,5.35107E+16
94213,94214,2,4,8,421,2016,2,8,2,3,2,6,0,1,0,1,0,0,0,0,5.68854E+20,5.93733E+21,1.004E+16,5.35803E+16
94214,94215,2,3,3,314,2016,2,8,2,3,4,2,0,1,0,1,0,0,0,0,5.65186E+20,5.93762E+21,9.98466E+15,5.35834E+16
94215,94216,2,1,11,129,2016,1,16,2,3,5,2,0,1,0,1,0,0,0,0,5.72199E+20,5.93446E+21,1.00899E+16,5.35541E+16
94216,94217,2,6,2,603,2016,2,17,5,3,5,2,1,1,1,1,0,0,0,0,5.80122E+20,5.92635E+21,1.02073E+16,5.348E+16
94217,94218,2,1,12,130,2016,1,17,3,3,6,4,2,0,0,0,1,0,0,1,5.73372E+20,5.93321E+21,1.01072E+16,5.35427E+16
94218,94219,2,5,18,526,2016,2,16,4,2,6,2,0,1,0,1,1,0,0,0,5.76213E+20,5.94142E+21,1.01521E+16,5.3616E+16
94219,94220,2,5,9,517,2016,2,22,4,3,1,6,2,1,0,1,0,0,0,0,5.72403E+20,5.94396E+21,1.00951E+16,5.36394E+16
94220,94221,2,5,18,526,2016,2,19,6,3,2,6,2,1,0,1,0,0,0,0,5.76531E+20,5.9383E+21,1.01562E+16,5.3588E+16
94221,94222,2,5,17,525,2016,2,11,2,3,5,3,0,1,0,1,1,0,0,0,5.76694E+20,5.94481E+21,1.01602E+16,5.36465E+16
94222,94223,2,5,12,520,2016,1,8,5,3,2,6,0,0,0,1,0,0,0,0,5.68444E+20,5.94373E+21,1.00352E+16,5.36378E+16
94223,94224,2,1,11,129,2016,1,7,2,2,6,4,2,1,0,1,1,0,0,0,5.73359E+20,5.93503E+21,1.01075E+16,5.3559E+16
94224,94225,2,3,2,312,2016,2,21,6,3,0,1,2,0,1,0,0,0,0,0,5.65065E+20,5.93593E+21,9.98249E+15,5.35682E+16
94225,94226,2,5,9,517,2016,1,5,4,3,2,6,2,1,0,1,0,1,0,0,5.72411E+20,5.94393E+21,1.00952E+16,5.36391E+16
94226,94227,2,1,8,124,2016,2,12,4,3,0,7,0,1,0,1,0,0,0,0,5.69566E+20,5.93444E+21,1.00501E+16,5.35542E+16
94227,94228,2,7,1,702,2016,2,22,6,3,5,3,2,1,0,1,0,0,0,0,5.65211E+20,5.92394E+21,9.9822E+15,5.34605E+16
94228,94229,2,2,5,215,2016,2,6,3,3,5,2,1,1,0,1,0,0,0,1,5.60842E+20,5.93644E+21,9.91882E+15,5.35733E+16
94229,94230,2,4,6,415,2016,1,9,5,2,6,2,0,0,0,1,1,0,0,0,5.67915E+20,5.93585E+21,1.00255E+16,5.35671E+16
94230,94231,2,4,11,430,2016,1,6,6,3,5,3,2,0,1,1,0,0,0,0,5.68871E+20,5.94043E+21,1.00409E+16,5.36082E+16
94231,94232,2,2,4,213,2016,1,1,1,3,3,7,2,1,0,1,0,1,0,0,5.61452E+20,5.93419E+21,9.9276E+15,5.3553E+16
94232,94233,2,1,8,125,2016,1,16,2,3,6,4,0,1,0,1,1,0,0,0,5.70352E+20,5.9343E+21,1.00619E+16,5.35529E+16
94233,94234,2,5,10,518,2016,2,7,5,3,5,2,2,1,1,1,0,0,0,0,5.73063E+20,5.94527E+21,1.01054E+16,5.36511E+16
94234,94235,2,4,13,432,2016,1,6,4,3,3,7,2,1,0,1,0,1,0,0,5.66876E+20,5.94473E+21,1.00117E+16,5.36471E+16
94235,94236,2,4,5,413,2016,2,18,4,3,3,2,2,1,0,1,0,0,0,0,5.66614E+20,5.93755E+21,1.00062E+16,5.35826E+16
94236,94237,2,5,18,526,2016,1,14,5,3,3,6,0,0,0,1,0,0,1,0,5.78281E+20,5.94045E+21,1.01831E+16,5.3607E+16
94237,94238,2,2,9,221,2016,2,14,4,3,2,6,0,1,1,1,0,0,0,0,5.56861E+20,5.93654E+21,9.85873E+15,5.35747E+16
94238,94239,2,5,7,515,2016,2,7,6,2,6,4,1,1,0,1,1,0,0,0,5.72097E+20,5.94039E+21,1.00897E+16,5.36074E+16
94239,94240,2,2,3,210,2016,2,12,2,3,2,6,0,1,1,1,0,0,0,0,5.61997E+20,5.9345E+21,9.93588E+15,5.35557E+16
94240,94241,2,5,12,520,2016,2,18,1,3,5,3,2,0,0,1,0,0,0,0,5.69354E+20,5.94472E+21,1.00492E+16,5.36466E+16
94241,94242,2,5,18,526,2016,2,13,7,3,2,6,0,0,0,1,0,0,0,0,5.74665E+20,5.93977E+21,1.01283E+16,5.36014E+16
94242,94243,2,1,6,117,2016,1,14,2,3,1,7,0,1,1,0,0,0,0,1,5.67739E+20,5.93398E+21,1.00224E+16,5.35504E+16
94243,94244,2,7,1,702,2016,2,12,1,2,6,7,0,0,1,0,1,0,0,0,5.65564E+20,5.92333E+21,9.98738E+15,5.34549E+16
94244,94245,2,3,3,314,2016,1,7,6,3,0,7,0,0,0,1,1,0,0,0,5.64724E+20,5.93709E+21,9.97758E+15,5.35787E+16
94245,94246,2,2,9,221,2016,2,7,6,3,5,3,0,1,1,0,0,0,0,1,5.56875E+20,5.93677E+21,9.85898E+15,5.35767E+16
94246,94247,2,6,14,615,2016,1,4,7,3,8,1,2,1,0,1,0,0,0,0,5.78277E+20,5.92613E+21,1.01795E+16,5.34784E+16
94247,94248,2,5,18,526,2016,1,6,2,2,3,7,2,1,0,1,0,0,1,1,5.76321E+20,5.94094E+21,1.01536E+16,5.36117E+16
94248,94249,2,2,8,220,2016,2,8,4,3,2,6,0,0,0,1,0,0,0,0,5.57971E+20,5.93812E+21,9.87578E+15,5.35887E+16
94249,94250,2,3,5,317,2016,2,12,4,3,4,2,0,0,1,0,0,1,0,0,5.63302E+20,5.93738E+21,9.95615E+15,5.35814E+16
94250,94251,2,3,9,321,2016,2,15,3,3,5,3,0,0,1,1,0,0,0,0,5.61711E+20,5.93761E+21,9.93217E+15,5.35837E+16
94251,94252,2,7,1,702,2016,2,2,7,3,0,1,2,1,0,1,0,0,0,0,5.65762E+20,5.92377E+21,9.99045E+15,5.34588E+16
94252,94253,2,4,4,407,2016,2,13,7,3,0,7,0,0,0,1,0,0,0,0,5.66525E+20,5.94109E+21,1.00056E+16,5.36144E+16
94253,94254,2,5,18,526,2016,1,16,2,3,5,3,0,1,1,1,0,0,0,0,5.75527E+20,5.93966E+21,1.01413E+16,5.36003E+16
94254,94255,2,4,6,415,2016,2,14,5,3,2,6,0,1,0,1,0,0,0,1,5.68281E+20,5.93641E+21,1.00311E+16,5.35721E+16
94255,94256,2,5,11,519,2016,2,19,3,2,9,7,2,1,0,1,0,0,0,0,5.72555E+20,5.94578E+21,1.00979E+16,5.36558E+16
94256,94257,2,7,2,703,2016,2,14,5,3,2,6,0,1,0,1,0,0,0,0,5.66603E+20,5.92424E+21,1.00032E+16,5.3463E+16
94257,94258,2,5,8,516,2016,1,23,7,3,2,6,2,0,0,1,0,0,0,0,5.70298E+20,5.94052E+21,1.00625E+16,5.36088E+16
94258,94259,2,1,16,136,2016,1,10,7,3,8,1,0,2,0,1,0,0,0,0,5.68698E+20,5.92892E+21,1.00358E+16,5.35048E+16
94259,94260,2,1,19,140,2016,2,10,4,3,3,2,0,0,0,1,0,0,0,1,5.61263E+20,5.93059E+21,9.92403E+15,5.35206E+16
94260,94261,2,1,12,130,2016,2,17,3,3,6,2,2,1,0,1,1,0,0,0,5.7325E+20,5.9332E+21,1.01054E+16,5.35425E+16
94261,94262,2,7,13,714,2016,2,22,2,3,6,2,2,1,0,0,1,0,0,1,5.60011E+20,5.92629E+21,9.90433E+15,5.34821E+16
94262,94263,2,1,12,130,2016,2,11,6,3,1,5,0,0,0,1,0,0,0,0,5.74986E+20,5.93218E+21,1.01314E+16,5.35331E+16
94263,94264,2,4,9,424,2016,1,15,2,3,2,6,0,1,0,1,0,0,0,0,5.70142E+20,5.93782E+21,1.00596E+16,5.35845E+16
94264,94265,2,4,8,421,2016,2,10,6,3,6,4,0,0,0,0,1,1,0,0,5.6907E+20,5.93751E+21,1.00433E+16,5.35819E+16
94265,94266,2,4,13,432,2016,1,9,4,3,5,3,0,1,0,1,0,0,0,0,5.66194E+20,5.94704E+21,1.00019E+16,5.36679E+16
94266,94267,2,2,1,201,2016,2,19,5,3,6,2,2,0,0,1,1,0,0,0,5.6315E+20,5.93347E+21,9.95307E+15,5.35463E+16
94267,94268,2,7,8,709,2016,2,8,4,3,4,2,0,1,0,1,0,0,0,0,5.62117E+20,5.92061E+21,9.93494E+15,5.34309E+16
94268,94269,2,2,1,201,2016,2,23,7,3,5,3,2,0,0,1,0,0,0,0,5.63264E+20,5.93373E+21,9.95485E+15,5.35486E+16
94269,94270,2,5,11,519,2016,2,10,3,3,5,4,0,0,0,0,1,0,0,1,5.72202E+20,5.94553E+21,1.00925E+16,5.36536E+16
94270,94271,2,4,3,406,2016,1,15,5,3,0,1,0,0,0,0,0,1,0,0,5.65189E+20,5.93995E+21,9.98519E+15,5.36043E+16
94271,94272,2,5,1,501,2016,2,12,3,3,5,3,0,0,0,1,0,1,0,0,5.68959E+20,5.93613E+21,1.00413E+16,5.35695E+16
94272,94273,2,5,4,512,2016,1,15,6,3,5,3,0,0,0,0,0,1,1,0,5.7352E+20,5.93706E+21,1.01104E+16,5.35772E+16
94273,94274,2,3,8,320,2016,2,23,2,3,9,1,2,1,0,1,0,0,0,0,5.6003E+20,5.93848E+21,9.90696E+15,5.35917E+16
94274,94275,2,1,1,101,2016,1,12,7,3,6,2,0,1,0,1,1,0,0,0,5.65999E+20,5.93424E+21,9.99622E+15,5.35529E+16
94275,94276,2,5,7,515,2016,2,17,2,3,1,6,0,1,0,1,0,0,0,0,5.70944E+20,5.94048E+21,1.00723E+16,5.36084E+16
94276,94277,2,5,3,510,2016,1,18,2,3,4,2,2,1,1,1,0,0,0,0,5.70384E+20,5.93613E+21,1.00628E+16,5.35693E+16
94277,94278,2,1,5,114,2016,2,22,6,3,2,6,2,1,0,1,0,0,0,0,5.66422E+20,5.93474E+21,1.00027E+16,5.35573E+16
94278,94279,2,4,10,426,2016,1,14,4,3,0,6,0,1,0,1,0,0,0,0,5.69532E+20,5.93796E+21,1.00504E+16,5.35859E+16
94279,94280,2,5,18,526,2016,2,17,4,3,5,3,1,1,1,1,0,0,0,0,5.76106E+20,5.93972E+21,1.01501E+16,5.36008E+16
94280,94281,2,1,12,130,2016,2,21,6,3,2,6,2,1,0,1,0,0,0,0,5.73302E+20,5.93365E+21,1.01063E+16,5.35466E+16
94281,94282,2,1,12,130,2016,2,21,2,3,5,3,2,1,0,1,0,0,0,0,5.73607E+20,5.93322E+21,1.01108E+16,5.35427E+16
94282,94283,2,2,4,214,2016,1,22,5,3,5,3,2,0,0,1,0,1,0,0,5.61436E+20,5.93389E+21,9.92729E+15,5.35503E+16
94283,94284,2,1,1,102,2016,2,12,2,3,6,4,0,0,0,1,1,0,0,0,5.6592E+20,5.93406E+21,9.995E+15,5.35512E+16
94284,94285,2,4,5,410,2016,1,20,6,3,4,2,2,1,1,1,0,0,0,0,5.66781E+20,5.93788E+21,1.00088E+16,5.35855E+16
94285,94286,2,1,3,106,2016,1,12,1,3,2,6,0,0,0,1,0,0,0,0,5.64607E+20,5.9341E+21,9.97519E+15,5.35518E+16
94286,94287,2,4,13,432,2016,1,6,2,3,0,3,0,0,1,1,0,0,0,0,5.66956E+20,5.94401E+21,1.00128E+16,5.36406E+16
94287,94288,2,5,13,521,2016,2,6,5,3,4,6,2,1,0,1,0,0,0,1,5.70602E+20,5.94884E+21,1.0069E+16,5.36835E+16
94288,94289,2,3,9,321,2016,2,7,4,3,6,4,0,0,0,1,1,0,0,0,5.61864E+20,5.93754E+21,9.93447E+15,5.35831E+16
94289,94290,2,7,10,711,2016,2,15,2,3,0,1,0,1,0,0,0,1,0,0,5.62056E+20,5.92572E+21,9.93503E+15,5.34768E+16
94290,94291,2,4,11,430,2016,1,9,2,3,5,2,0,1,0,1,0,0,0,0,5.68225E+20,5.94239E+21,1.00316E+16,5.36259E+16
94291,94292,2,5,18,526,2016,2,9,5,3,1,5,0,1,1,1,0,0,0,0,5.77106E+20,5.94292E+21,1.0166E+16,5.36294E+16
94292,94293,2,3,9,321,2016,1,13,4,3,2,6,0,1,0,1,0,0,0,1,5.61728E+20,5.93859E+21,9.93263E+15,5.35925E+16
94293,94294,2,5,6,514,2016,2,7,4,3,6,4,2,0,0,1,1,0,0,0,5.73444E+20,5.93871E+21,1.01096E+16,5.35921E+16
94294,94295,2,5,1,503,2016,2,10,4,3,5,3,0,0,0,1,0,0,0,0,5.69641E+20,5.93558E+21,1.00515E+16,5.35644E+16
94295,94296,2,4,9,425,2016,2,19,6,3,4,2,2,1,0,1,0,0,0,0,5.70927E+20,5.93767E+21,1.00714E+16,5.35831E+16
94296,94297,2,3,6,318,2016,2,14,2,2,5,3,0,1,1,1,0,0,0,0,5.63287E+20,5.94444E+21,9.95737E+15,5.36449E+16
94297,94298,2,1,14,132,2016,2,16,1,3,8,5,0,0,0,1,0,0,1,0,5.70941E+20,5.93226E+21,1.00704E+16,5.35345E+16
94298,94299,2,7,1,702,2016,2,19,7,3,6,4,2,0,0,0,1,0,0,1,5.65505E+20,5.92356E+21,9.98655E+15,5.34569E+16
94299,94300,2,3,5,317,2016,2,12,6,3,6,2,0,1,0,1,1,0,0,0,5.64428E+20,5.93928E+21,9.97355E+15,5.35984E+16
94300,94301,2,1,12,130,2016,1,2,7,3,4,6,2,0,0,1,0,0,0,0,5.73584E+20,5.9342E+21,1.01107E+16,5.35516E+16
94301,94302,2,4,13,432,2016,1,21,2,3,1,6,2,1,0,1,0,0,0,0,5.65381E+20,5.94497E+21,9.98916E+15,5.36494E+16
94302,94303,2,2,1,206,2016,2,18,4,3,4,2,2,1,0,1,0,0,0,0,5.63176E+20,5.93506E+21,9.95379E+15,5.35606E+16
94303,94304,2,1,16,136,2016,2,13,3,3,0,4,0,0,0,0,1,0,0,1,5.6761E+20,5.92665E+21,1.00189E+16,5.34845E+16
94304,94305,2,2,8,220,2016,2,18,3,3,6,2,2,1,0,1,1,0,0,0,5.58891E+20,5.93956E+21,9.88995E+15,5.36016E+16
94305,94306,2,5,4,512,2016,2,11,7,2,2,6,0,0,0,1,0,0,0,0,5.74297E+20,5.93638E+21,1.0122E+16,5.3571E+16
94306,94307,2,1,4,112,2016,2,13,7,3,3,6,0,0,0,1,0,0,0,1,5.64384E+20,5.93339E+21,9.97168E+15,5.35455E+16
94307,94308,2,2,12,225,2016,2,18,4,3,5,3,2,1,1,1,0,0,0,0,5.54758E+20,5.93551E+21,9.8268E+15,5.35656E+16
94308,94309,2,3,9,321,2016,2,14,6,3,5,3,0,1,0,1,0,0,0,0,5.61712E+20,5.93911E+21,9.93249E+15,5.35972E+16
94309,94310,2,2,8,220,2016,2,14,1,3,2,6,0,0,0,1,0,0,0,0,5.58989E+20,5.93863E+21,9.89126E+15,5.35932E+16
94310,94311,2,5,5,513,2016,2,1,7,3,1,6,2,1,0,1,0,0,0,0,5.74162E+20,5.93719E+21,1.01201E+16,5.35783E+16
94311,94312,2,4,4,407,2016,1,12,2,3,4,3,0,1,0,1,0,0,0,0,5.66922E+20,5.9405E+21,1.00115E+16,5.3609E+16
94312,94313,2,1,12,130,2016,2,1,5,3,9,1,2,1,0,1,0,0,0,0,5.76223E+20,5.93148E+21,1.01498E+16,5.35267E+16
94313,94314,2,4,5,409,2016,1,12,7,3,1,5,0,1,1,1,0,0,0,0,5.66391E+20,5.93869E+21,1.00031E+16,5.35928E+16
94314,94315,2,1,8,123,2016,1,18,7,3,2,6,1,0,0,1,0,0,0,0,5.70517E+20,5.93509E+21,1.00646E+16,5.356E+16
94315,94316,2,4,9,425,2016,2,21,3,3,4,2,2,1,0,1,0,0,0,0,5.70688E+20,5.93759E+21,1.00677E+16,5.35823E+16
94316,94317,2,4,8,419,2016,1,13,7,3,5,3,0,1,0,1,0,0,0,1,5.67954E+20,5.93722E+21,1.00264E+16,5.35794E+16
94317,94318,2,1,16,137,2016,2,15,2,3,6,7,0,0,0,1,1,0,0,0,5.66627E+20,5.92805E+21,1.00044E+16,5.34972E+16
94318,94319,2,4,13,432,2016,2,6,6,3,4,1,2,1,0,1,0,1,0,0,5.66845E+20,5.94479E+21,1.00113E+16,5.36476E+16