FID,OBJECTID,ULAND,UREGBEZ,UKREIS,UGEMEINDE,UJAHR,UMONAT,USTUNDE,UWOCHENTAG,UKATEGORIE,UART,UTYP1,ULICHTVERH,IstStrasse,IstRad,IstPKW,IstFuss,IstKrad,IstGkfz,IstSonstig,LINREFX,LINREFY,XGCSWGS84,YGCSWGS84
94319,94320,2,4,10,428,2016,1,12,2,3,6,4,0,0,0,1,1,0,0,0,5.69108E+20,5.93886E+21,1.00442E+16,5.35941E+16
94320,94321,2,3,2,312,2016,2,8,6,3,5,3,0,1,0,1,0,0,0,0,5.65613E+20,5.93507E+21,9.99057E+15,5.35604E+16
94321,94322,2,2,11,223,2016,1,14,4,3,2,6,0,1,0,1,0,0,0,0,5.54405E+20,5.93501E+21,9.82138E+15,5.35612E+16
94322,94323,2,1,11,129,2016,2,11,4,3,1,5,0,0,0,1,0,0,0,0,5.73434E+20,5.93515E+21,1.01086E+16,5.35601E+16
94323,94324,2,4,10,428,2016,1,13,2,3,3,6,0,0,1,1,0,0,0,0,5.69089E+20,5.93895E+21,1.00439E+16,5.35949E+16
94324,94325,2,2,5,217,2016,2,19,5,2,6,4,2,0,0,1,1,0,0,0,5.59144E+20,5.93643E+21,9.89318E+15,5.35734E+16
94325,94326,2,1,15,134,2016,2,14,3,3,3,6,0,0,0,1,0,0,1,0,5.67901E+20,5.93152E+21,1.00243E+16,5.35282E+16
94326,94327,2,4,13,432,2016,2,17,3,3,6,4,2,1,0,1,1,0,0,0,5.67475E+20,5.94483E+21,1.00208E+16,5.36479E+16
94327,94328,2,1,5,114,2016,1,17,7,3,2,6,2,1,0,1,0,0,0,0,5.66524E+20,5.93475E+21,1.00043E+16,5.35574E+16
94328,94329,2,4,12,431,2016,2,14,2,3,2,2,0,0,0,1,0,0,0,0,5.66912E+20,5.94214E+21,1.00117E+16,5.36238E+16
94329,94330,2,2,7,219,2016,1,9,2,3,6,4,0,1,0,1,1,0,0,0,5.6026E+20,5.93488E+21,9.90973E+15,5.35593E+16
94330,94331,2,6,1,601,2016,2,18,5,3,6,3,2,0,0,1,1,0,0,0,5.79908E+20,5.92766E+21,1.02045E+16,5.34918E+16
94331,94332,2,3,8,320,2016,1,20,4,3,3,2,2,1,1,1,0,0,0,0,5.59823E+20,5.93853E+21,9.90384E+15,5.35922E+16
94332,94333,2,5,18,526,2016,2,19,4,3,6,3,2,1,0,1,1,0,0,0,5.76339E+20,5.94018E+21,1.01537E+16,5.36049E+16
94333,94334,2,5,7,515,2016,2,14,4,3,2,6,0,0,0,1,0,0,0,0,5.71407E+20,5.94161E+21,1.00795E+16,5.36185E+16
94334,94335,2,1,8,122,2016,2,7,6,3,3,6,1,1,0,1,0,0,0,1,5.6963E+20,5.93511E+21,1.00512E+16,5.35602E+16
94335,94336,2,5,2,507,2016,2,9,2,2,2,6,0,1,0,1,0,0,0,0,5.71264E+20,5.93638E+21,1.00762E+16,5.35714E+16
94336,94337,2,3,2,311,2016,1,11,5,3,2,6,0,0,1,1,0,0,0,0,5.65125E+20,5.93558E+21,9.98332E+15,5.35651E+16
94337,94338,2,7,16,717,2016,2,15,1,3,1,6,0,0,0,1,0,0,0,0,5.54553E+20,5.93113E+21,9.82293E+15,5.35262E+16
94338,94339,2,3,7,319,2016,1,17,6,3,6,2,1,1,0,0,1,0,0,1,5.60762E+20,5.94329E+21,9.91895E+15,5.36349E+16
94339,94340,2,1,12,130,2016,2,7,4,3,6,3,0,0,0,1,1,0,0,0,5.75881E+20,5.93194E+21,1.01448E+16,5.35309E+16
94340,94341,2,1,19,140,2016,2,14,6,3,3,6,0,0,0,1,0,0,1,0,5.60268E+20,5.92979E+21,9.90888E+15,5.35136E+16
94341,94342,2,4,8,423,2016,2,15,3,3,2,6,0,1,0,1,0,0,0,0,5.6924E+20,5.9376E+21,1.00459E+16,5.35827E+16
94342,94343,2,1,3,106,2016,1,17,5,3,5,3,2,0,1,1,0,0,0,0,5.64713E+20,5.93475E+21,9.97692E+15,5.35577E+16
94343,94344,2,4,9,424,2016,1,16,6,3,4,6,1,1,0,1,0,0,0,1,5.7002E+20,5.93725E+21,1.00576E+16,5.35794E+16
94344,94345,2,2,2,207,2016,2,16,2,3,0,7,0,0,0,1,1,0,0,0,5.63807E+20,5.93505E+21,9.9633E+15,5.35604E+16
94345,94346,2,4,8,422,2016,1,20,1,3,5,3,2,1,0,1,0,0,0,0,5.69158E+20,5.93674E+21,1.00445E+16,5.3575E+16
94346,94347,2,3,6,318,2016,1,5,2,3,5,3,2,1,0,1,0,0,0,0,5.63044E+20,5.94209E+21,9.95322E+15,5.36238E+16
94347,94348,2,5,2,507,2016,2,21,5,3,5,3,2,1,0,1,0,0,0,0,5.7159E+20,5.93731E+21,1.00813E+16,5.35797E+16
94348,94349,2,2,8,220,2016,1,16,4,3,0,7,2,1,0,1,0,0,0,1,5.57649E+20,5.93856E+21,9.871E+15,5.35927E+16
94349,94350,2,4,5,408,2016,2,21,4,2,2,6,2,0,0,1,0,0,0,1,5.67882E+20,5.93955E+21,1.00258E+16,5.36004E+16
94350,94351,2,2,11,223,2016,2,16,4,2,6,4,1,1,0,1,1,0,0,0,5.53788E+20,5.93512E+21,9.81208E+15,5.35622E+16
94351,94352,2,5,7,515,2016,2,13,6,3,1,5,0,0,1,1,0,0,0,0,5.71595E+20,5.94192E+21,1.00824E+16,5.36212E+16
94352,94353,2,4,3,406,2016,2,17,2,3,6,2,2,1,0,1,1,0,0,0,5.64378E+20,5.94087E+21,9.97314E+15,5.36127E+16
94353,94354,2,5,3,511,2016,2,19,1,3,3,6,1,0,0,1,0,0,0,0,5.72795E+20,5.93619E+21,1.00992E+16,5.35695E+16
94354,94355,2,5,18,526,2016,2,16,7,3,5,3,0,0,1,1,0,0,0,0,5.76873E+20,5.94019E+21,1.01618E+16,5.36049E+16
94355,94356,2,3,3,313,2016,1,8,2,3,4,7,0,0,0,1,0,0,0,0,5.64989E+20,5.93641E+21,9.98144E+15,5.35725E+16
94356,94357,2,3,2,311,2016,2,10,6,3,3,7,0,1,1,0,0,0,0,0,5.64739E+20,5.93607E+21,9.9776E+15,5.35695E+16
94357,94358,2,5,8,516,2016,1,6,7,3,6,3,1,1,0,1,1,0,0,0,5.69115E+20,5.94041E+21,1.00446E+16,5.3608E+16
94358,94359,2,3,2,311,2016,1,20,2,3,3,6,2,1,0,1,0,1,0,0,5.64785E+20,5.93561E+21,9.97818E+15,5.35654E+16
94359,94360,2,7,9,710,2016,1,14,7,3,6,4,0,1,0,1,1,0,0,0,5.64184E+20,5.92285E+21,9.9665E+15,5.34507E+16
94360,94361,2,1,4,111,2016,1,16,2,3,2,6,0,1,0,1,0,0,0,0,5.63803E+20,5.93385E+21,9.963E+15,5.35496E+16
94361,94362,2,4,2,405,2016,2,11,5,3,5,3,0,1,1,1,0,0,0,0,5.65587E+20,5.93933E+21,9.99107E+15,5.35987E+16
94362,94363,2,2,8,220,2016,1,13,4,3,6,4,0,1,0,1,1,0,0,0,5.5723E+20,5.94015E+21,9.86496E+15,5.36071E+16
94363,94364,2,2,5,216,2016,2,21,4,3,5,3,2,0,1,1,0,0,0,0,5.60042E+20,5.93561E+21,9.90658E+15,5.35659E+16
94364,94365,2,3,5,317,2016,2,15,4,3,4,2,0,1,1,1,0,0,0,0,5.63317E+20,5.93752E+21,9.95642E+15,5.35827E+16
94365,94366,2,1,1,102,2016,2,17,1,3,0,7,2,0,0,0,0,0,0,1,5.65869E+20,5.93396E+21,9.99421E+15,5.35504E+16
94366,94367,2,4,12,431,2016,2,5,7,3,6,7,2,0,0,1,1,0,0,0,5.66554E+20,5.94303E+21,1.00065E+16,5.36319E+16
94367,94368,2,1,3,106,2016,1,7,2,3,5,7,2,1,0,1,0,1,0,0,5.64796E+20,5.93379E+21,9.97798E+15,5.3549E+16
94368,94369,2,4,5,409,2016,2,7,5,3,3,7,0,1,1,0,0,0,0,0,5.6828E+20,5.93903E+21,1.00317E+16,5.35957E+16
94369,94370,2,5,11,519,2016,2,13,3,3,2,6,0,0,0,1,0,0,0,0,5.71174E+20,5.94578E+21,1.0077E+16,5.36559E+16
94370,94371,2,3,3,314,2016,1,15,7,3,5,3,0,0,1,1,0,0,0,0,5.65501E+20,5.93747E+21,9.98939E+15,5.35819E+16
94371,94372,2,6,6,607,2016,2,19,2,3,1,5,2,0,0,1,0,0,1,0,5.74687E+20,5.92259E+21,1.01246E+16,5.3447E+16
94372,94373,2,1,3,108,2016,2,21,4,3,9,1,2,1,0,1,0,0,0,0,5.65522E+20,5.93485E+21,9.98916E+15,5.35584E+16
94373,94374,2,6,1,601,2016,2,18,3,3,5,3,2,1,1,1,0,0,0,0,5.79935E+20,5.92812E+21,1.0205E+16,5.3496E+16
94374,94375,2,1,16,137,2016,2,6,3,3,5,3,2,1,0,1,0,0,0,0,5.6327E+20,5.93038E+21,9.95426E+15,5.35185E+16
94375,94376,2,3,8,320,2016,2,0,7,3,0,7,2,1,0,0,0,0,0,1,5.5972E+20,5.94014E+21,9.90258E+15,5.36067E+16
94376,94377,2,7,2,703,2016,2,14,6,3,1,6,0,0,0,1,0,0,0,0,5.67112E+20,5.92413E+21,1.00109E+16,5.34619E+16
94377,94378,2,1,16,137,2016,1,18,1,3,2,6,2,1,0,1,0,0,0,0,5.65468E+20,5.93008E+21,9.98735E+15,5.35156E+16
94378,94379,2,3,5,317,2016,2,15,5,3,4,2,0,0,1,1,0,0,0,0,5.63088E+20,5.9397E+21,9.9534E+15,5.36023E+16
94379,94380,2,1,5,114,2016,2,16,5,2,6,4,0,1,0,1,1,0,0,0,5.66753E+20,5.93491E+21,1.00078E+16,5.35588E+16
94380,94381,2,3,1,304,2016,2,13,7,3,2,6,0,0,1,1,0,0,0,0,5.62378E+20,5.93691E+21,9.94211E+15,5.35773E+16
94381,94382,2,5,8,516,2016,2,15,3,2,6,4,0,0,0,0,1,0,0,1,5.69609E+20,5.93992E+21,1.0052E+16,5.36035E+16
94382,94383,2,4,7,416,2016,2,19,3,2,2,6,2,1,0,1,0,0,0,0,5.6745E+20,5.93517E+21,1.00183E+16,5.35611E+16
94383,94384,2,1,8,125,2016,1,14,6,3,2,6,0,0,0,1,0,0,0,1,5.70444E+20,5.93445E+21,1.00634E+16,5.35542E+16
94384,94385,2,5,1,501,2016,2,14,2,3,5,3,0,0,0,1,0,1,0,0,5.69039E+20,5.93567E+21,1.00424E+16,5.35654E+16
94385,94386,2,1,1,101,2016,2,13,2,3,6,4,0,1,1,0,1,0,0,0,5.66239E+20,5.93402E+21,9.9998E+15,5.35509E+16
94386,94387,2,1,14,132,2016,1,11,1,3,1,3,0,0,0,1,0,0,0,0,5.69323E+20,5.93278E+21,1.00461E+16,5.35394E+16
94387,94388,2,5,6,514,2016,2,16,5,3,5,3,0,1,0,1,0,0,0,0,5.74194E+20,5.9414E+21,1.01216E+16,5.36162E+16
94388,94389,2,3,7,319,2016,1,21,4,3,5,3,2,1,1,1,0,0,0,0,5.60017E+20,5.94302E+21,9.90763E+15,5.36325E+16
94389,94390,2,4,5,408,2016,2,19,6,3,1,2,2,0,0,1,0,0,0,0,5.67807E+20,5.9397E+21,1.00247E+16,5.36018E+16
94390,94391,2,5,3,510,2016,1,20,1,3,3,6,2,1,0,1,0,0,1,0,5.71316E+20,5.93587E+21,1.00768E+16,5.35669E+16
94391,94392,2,1,3,106,2016,2,9,6,3,5,2,0,0,1,1,0,0,0,0,5.64687E+20,5.93461E+21,9.97651E+15,5.35563E+16
94392,94393,2,4,2,405,2016,1,14,4,3,5,3,0,1,1,1,0,0,0,0,5.64623E+20,5.93964E+21,9.97657E+15,5.36016E+16
94393,94394,2,1,8,126,2016,2,8,4,3,5,3,0,1,0,1,0,0,0,0,5.69745E+20,5.93398E+21,1.00527E+16,5.35501E+16
94394,94395,2,7,1,701,2016,2,11,6,3,1,7,0,1,1,1,0,0,0,0,5.65006E+20,5.9241E+21,9.97913E+15,5.34619E+16
94395,94396,2,6,1,601,2016,2,7,2,2,6,7,2,1,0,1,1,0,0,0,5.79661E+20,5.92827E+21,1.02009E+16,5.34974E+16
94396,94397,2,1,15,134,2016,1,18,4,3,3,7,2,1,1,0,0,1,0,0,5.67942E+20,5.93178E+21,1.0025E+16,5.35305E+16
94397,94398,2,5,7,515,2016,1,21,6,3,0,1,2,1,0,0,0,1,0,0,5.70755E+20,5.93925E+21,1.00691E+16,5.35973E+16
94398,94399,2,3,2,312,2016,1,12,1,3,1,6,0,1,0,1,0,0,0,0,5.65807E+20,5.93489E+21,9.99346E+15,5.35588E+16
94399,94400,2,4,5,412,2016,1,17,1,3,1,5,2,1,1,1,0,0,0,0,5.67061E+20,5.93742E+21,1.00129E+16,5.35814E+16
94400,94401,2,5,11,519,2016,2,16,5,3,0,7,0,1,0,1,0,0,0,0,5.71957E+20,5.94525E+21,1.00887E+16,5.36511E+16
94401,94402,2,2,3,209,2016,1,13,4,3,5,3,0,1,1,1,0,0,0,0,5.62372E+20,5.93537E+21,9.94171E+15,5.35635E+16
94402,94403,2,4,8,422,2016,2,15,4,3,2,2,0,0,0,1,0,0,0,0,5.68425E+20,5.9366E+21,1.00334E+16,5.35738E+16
94403,94404,2,2,11,224,2016,2,12,4,3,3,5,0,1,1,1,0,0,0,0,5.53588E+20,5.93588E+21,9.80919E+15,5.3569E+16
94404,94405,2,5,11,519,2016,2,23,6,3,2,6,2,1,0,1,0,0,0,0,5.71128E+20,5.94663E+21,1.00765E+16,5.36636E+16
94405,94406,2,2,4,213,2016,2,20,2,3,0,7,2,1,0,1,0,0,0,0,5.61361E+20,5.93443E+21,9.92626E+15,5.35552E+16
94406,94407,2,3,8,320,2016,2,16,1,2,5,3,1,0,1,1,0,0,0,0,5.59864E+20,5.9404E+21,9.90482E+15,5.3609E+16
94407,94408,2,5,6,514,2016,2,11,7,3,3,2,0,0,0,1,0,0,0,0,5.74668E+20,5.93976E+21,1.01284E+16,5.36014E+16
94408,94409,2,5,18,526,2016,2,17,4,2,4,2,2,1,1,1,0,0,0,0,5.74659E+20,5.93981E+21,1.01282E+16,5.36017E+16
94409,94410,2,4,11,430,2016,2,14,4,3,1,6,0,1,0,1,0,0,0,0,5.67418E+20,5.94151E+21,1.00192E+16,5.36181E+16
94410,94411,2,5,18,526,2016,2,12,6,2,2,6,0,1,0,1,0,0,1,0,5.76696E+20,5.93999E+21,1.01591E+16,5.36031E+16
94411,94412,2,2,11,223,2016,2,7,2,3,0,7,1,0,0,1,0,0,0,0,5.54323E+20,5.9352E+21,9.82016E+15,5.35628E+16
94412,94413,2,1,15,134,2016,2,17,1,3,8,1,2,0,0,1,0,0,0,1,5.67293E+20,5.93076E+21,1.0015E+16,5.35215E+16
94413,94414,2,1,11,128,2016,1,12,5,3,2,6,0,0,0,1,0,0,0,0,5.72052E+20,5.93358E+21,1.00874E+16,5.35462E+16
94414,94415,2,4,2,404,2016,2,20,6,3,2,6,2,1,0,1,0,0,0,0,5.64991E+20,5.9378E+21,9.98176E+15,5.3585E+16
94415,94416,2,1,11,129,2016,1,21,7,3,1,2,2,1,0,1,0,0,0,0,5.73395E+20,5.93555E+21,1.01082E+16,5.35637E+16
94416,94417,2,3,1,310,2016,1,19,1,2,6,2,2,1,0,1,1,0,0,0,5.63402E+20,5.9358E+21,9.95735E+15,5.35672E+16
94417,94418,2,3,4,315,2016,2,11,4,3,1,6,0,0,0,1,0,0,0,0,5.64566E+20,5.93714E+21,9.9752E+15,5.35791E+16
94418,94419,2,1,5,113,2016,2,7,4,3,6,3,0,1,0,1,1,0,0,0,5.67326E+20,5.93453E+21,1.00163E+16,5.35554E+16
94419,94420,2,3,1,304,2016,2,10,3,3,2,6,0,0,0,1,0,0,0,0,5.61808E+20,5.93761E+21,9.93364E+15,5.35837E+16
94420,94421,2,1,6,117,2016,2,23,7,2,5,7,2,0,0,1,0,0,0,0,5.67903E+20,5.93413E+21,1.00249E+16,5.35516E+16
94421,94422,2,1,4,111,2016,2,5,7,3,2,6,2,0,1,1,0,0,0,0,5.63766E+20,5.93446E+21,9.96257E+15,5.35552E+16
94422,94423,2,1,3,105,2016,1,14,1,3,9,1,0,0,0,0,0,1,0,0,5.64655E+20,5.9333E+21,9.97575E+15,5.35447E+16
94423,94424,2,1,1,101,2016,1,14,1,3,1,6,0,0,0,1,0,0,0,0,5.65912E+20,5.93416E+21,9.9949E+15,5.35522E+16
94424,94425,2,1,16,137,2016,2,8,5,3,5,3,0,1,1,1,0,0,0,0,5.65894E+20,5.92895E+21,9.99353E+15,5.35054E+16
94425,94426,2,5,9,517,2016,1,14,7,2,4,2,0,1,0,1,0,0,0,0,5.72383E+20,5.94394E+21,1.00948E+16,5.36392E+16
94426,94427,2,5,7,515,2016,1,23,7,3,6,7,2,1,0,0,1,0,0,1,5.70524E+20,5.93936E+21,1.00657E+16,5.35983E+16
94427,94428,2,5,6,514,2016,2,6,3,3,6,2,2,1,0,1,1,0,0,0,5.73236E+20,5.94025E+21,1.01069E+16,5.36059E+16
94428,94429,2,1,16,137,2016,2,17,2,2,3,3,0,0,1,1,0,0,0,0,5.6587E+20,5.93051E+21,9.99349E+15,5.35194E+16
94429,94430,2,1,8,123,2016,2,8,6,3,2,6,0,1,0,1,0,0,0,1,5.70173E+20,5.93451E+21,1.00593E+16,5.35548E+16
94430,94431,2,2,1,204,2016,2,9,6,3,2,6,0,0,0,1,0,0,1,1,5.62188E+20,5.93424E+21,9.93871E+15,5.35534E+16
94431,94432,2,1,12,130,2016,1,17,3,2,4,2,2,0,0,1,0,1,0,0,5.73574E+20,5.93417E+21,1.01105E+16,5.35513E+16
94432,94433,2,1,20,141,2016,2,14,4,3,4,6,0,0,1,1,0,0,0,0,5.58104E+20,5.93183E+21,9.87663E+15,5.35322E+16
94433,94434,2,6,2,602,2016,2,8,4,3,5,3,0,0,1,0,0,0,0,1,5.78812E+20,5.92749E+21,1.01879E+16,5.34905E+16
94434,94435,2,1,4,112,2016,2,1,7,3,6,2,2,1,0,1,1,0,0,0,5.63766E+20,5.93382E+21,9.96245E+15,5.35494E+16
94435,94436,2,5,1,501,2016,2,14,3,3,5,3,0,0,0,1,0,0,0,0,5.69039E+20,5.93567E+21,1.00424E+16,5.35654E+16
94436,94437,2,5,5,513,2016,1,7,4,3,4,2,1,1,1,0,0,0,0,1,5.74221E+20,5.93722E+21,1.0121E+16,5.35786E+16
94437,94438,2,4,8,423,2016,2,18,3,3,5,2,2,1,0,1,0,0,0,0,5.69283E+20,5.93764E+21,1.00465E+16,5.3583E+16
94438,94439,2,5,2,509,2016,1,8,6,3,4,2,0,0,0,1,0,0,0,0,5.72308E+20,5.93907E+21,1.00926E+16,5.35955E+16
94439,94440,2,1,4,109,2016,2,18,2,3,3,6,2,0,0,0,0,0,0,1,5.64102E+20,5.93471E+21,9.96769E+15,5.35574E+16
94440,94441,2,2,3,210,2016,2,18,2,3,3,6,1,0,0,1,0,0,0,1,5.6286E+20,5.9349E+21,9.94899E+15,5.35592E+16
94441,94442,2,4,5,408,2016,3,5,1,3,2,6,2,1,0,1,0,0,0,0,5.67594E+20,5.94029E+21,1.00216E+16,5.36071E+16
94442,94443,2,3,8,320,2016,3,12,7,3,1,6,0,1,0,1,0,0,0,0,5.5987E+20,5.93852E+21,9.90455E+15,5.35921E+16
94443,94444,2,3,7,319,2016,2,11,3,3,6,6,0,0,1,0,1,0,0,0,5.608E+20,5.94322E+21,9.91951E+15,5.36342E+16
94444,94445,2,7,13,714,2016,2,7,6,3,4,6,0,1,0,1,0,0,0,0,5.6062E+20,5.92629E+21,9.9135E+15,5.34821E+16
94445,94446,2,4,10,429,2016,2,19,1,3,6,4,2,1,1,0,1,0,0,0,5.6888E+20,5.93971E+21,1.00409E+16,5.36017E+16
94446,94447,2,7,10,711,2016,3,7,3,3,2,6,0,1,0,1,0,0,0,0,5.63065E+20,5.92493E+21,9.95007E+15,5.34696E+16
94447,94448,2,4,10,428,2016,2,10,4,3,5,3,0,0,0,1,0,0,0,1,5.69684E+20,5.9396E+21,1.0053E+16,5.36005E+16
94448,94449,2,4,10,426,2016,3,15,3,3,6,4,0,0,0,1,1,0,0,0,5.69957E+20,5.93854E+21,1.00569E+16,5.3591E+16
94449,94450,2,1,3,108,2016,2,8,3,3,5,7,0,0,0,1,0,0,0,1,5.65587E+20,5.93501E+21,9.99017E+15,5.35599E+16
94450,94451,2,3,2,311,2016,2,16,1,3,3,6,0,0,1,1,0,0,0,0,5.64909E+20,5.93593E+21,9.98012E+15,5.35683E+16
94451,94452,2,5,5,513,2016,3,11,6,3,0,1,0,1,0,0,0,1,0,0,5.74775E+20,5.93828E+21,1.01296E+16,5.3588E+16
94452,94453,2,1,12,130,2016,2,8,6,3,6,4,0,1,0,1,1,0,0,0,5.73429E+20,5.93547E+21,1.01087E+16,5.3563E+16
94453,94454,2,6,2,602,2016,2,12,4,3,6,5,0,0,0,1,1,0,0,0,5.80109E+20,5.92739E+21,1.02074E+16,5.34894E+16
94454,94455,2,5,8,516,2016,2,11,1,3,1,6,0,1,0,1,0,0,0,0,5.69032E+20,5.94039E+21,1.00434E+16,5.36078E+16
94455,94456,2,5,10,518,2016,3,12,6,2,5,2,0,0,1,1,0,0,0,0,5.74766E+20,5.94578E+21,1.01313E+16,5.36555E+16
94456,94457,2,4,6,415,2016,2,8,6,3,2,6,0,1,0,1,0,0,1,0,5.67898E+20,5.93581E+21,1.00252E+16,5.35667E+16
94457,94458,2,5,3,510,2016,3,11,3,2,3,2,0,0,1,0,0,0,0,0,5.70599E+20,5.93635E+21,1.00661E+16,5.35713E+16
94458,94459,2,1,6,117,2016,3,9,3,3,6,4,0,1,1,0,1,0,0,0,5.6767E+20,5.93395E+21,1.00214E+16,5.35501E+16
94459,94460,2,4,11,430,2016,3,6,4,3,1,6,1,1,0,1,0,0,0,1,5.6829E+20,5.94104E+21,1.00323E+16,5.36137E+16
94460,94461,2,5,12,520,2016,2,18,4,3,4,2,2,0,0,1,0,0,0,0,5.69844E+20,5.94481E+21,1.00566E+16,5.36474E+16
94461,94462,2,3,9,321,2016,3,8,3,3,1,6,0,0,0,1,0,0,0,0,5.61715E+20,5.9376E+21,9.93223E+15,5.35836E+16
94462,94463,2,1,5,114,2016,2,12,3,3,5,3,0,1,1,1,0,0,0,0,5.66881E+20,5.93476E+21,1.00097E+16,5.35574E+16
94463,94464,2,1,12,130,2016,2,22,7,3,5,3,2,1,0,1,0,0,0,0,5.72955E+20,5.93294E+21,1.01009E+16,5.35403E+16
94464,94465,2,4,10,427,2016,2,18,6,3,6,4,2,1,1,0,1,0,0,0,5.692E+20,5.93835E+21,1.00454E+16,5.35894E+16
94465,94466,2,2,11,223,2016,2,15,4,2,2,2,0,0,0,1,0,1,0,0,5.53619E+20,5.93526E+21,9.80955E+15,5.35635E+16
94466,94467,2,2,1,205,2016,3,22,6,3,2,6,2,1,0,1,0,0,0,0,5.6331E+20,5.93412E+21,9.95562E+15,5.35521E+16
94467,94468,2,2,5,215,2016,2,17,6,3,5,3,1,0,1,1,0,0,0,0,5.61115E+20,5.93518E+21,9.9227E+15,5.3562E+16
94468,94469,2,5,5,513,2016,2,11,2,3,2,6,0,0,0,1,0,0,0,0,5.72788E+20,5.93819E+21,1.00996E+16,5.35875E+16
94469,94470,2,5,18,526,2016,3,15,2,3,6,7,0,0,1,0,1,0,0,0,5.76837E+20,5.9424E+21,1.01618E+16,5.36248E+16
94470,94471,2,6,14,615,2016,3,12,3,2,4,6,0,0,0,0,0,0,1,1,5.77884E+20,5.92601E+21,1.01735E+16,5.34773E+16
94471,94472,2,4,5,413,2016,2,12,4,3,2,6,0,0,0,1,0,0,0,0,5.66567E+20,5.93799E+21,1.00056E+16,5.35865E+16
94472,94473,2,1,11,128,2016,2,6,3,3,6,4,2,1,0,1,1,0,0,0,5.71105E+20,5.93439E+21,1.00733E+16,5.35535E+16
94473,94474,2,5,16,524,2016,2,13,1,3,5,3,0,1,0,1,0,0,0,0,5.73983E+20,5.94805E+21,1.012E+16,5.36759E+16
94474,94475,2,1,1,102,2016,3,11,4,3,1,6,0,0,0,1,0,0,0,0,5.65233E+20,5.93343E+21,9.9845E+15,5.35457E+16
94475,94476,2,4,4,407,2016,2,9,4,2,6,4,0,0,1,0,1,0,0,0,5.68068E+20,5.94156E+21,1.0029E+16,5.36184E+16
94476,94477,2,3,2,311,2016,3,8,3,3,5,3,0,0,1,1,0,0,0,0,5.64574E+20,5.93561E+21,9.975E+15,5.35654E+16
94477,94478,2,2,2,207,2016,2,8,3,3,6,4,0,0,1,0,1,0,0,0,5.63942E+20,5.93542E+21,9.96542E+15,5.35638E+16
94478,94479,2,2,4,214,2016,2,10,7,3,1,5,0,0,1,1,0,0,0,0,5.61819E+20,5.93388E+21,9.93307E+15,5.35502E+16
94479,94480,2,5,6,514,2016,3,5,5,2,9,1,2,2,0,1,0,0,0,0,5.73623E+20,5.93935E+21,1.01125E+16,5.35978E+16
94480,94481,2,3,6,318,2016,2,8,6,3,5,3,0,1,1,1,0,0,0,0,5.6381E+20,5.94254E+21,9.96489E+15,5.36278E+16
94481,94482,2,4,6,414,2016,2,18,4,3,4,2,2,0,1,1,0,0,0,0,5.67151E+20,5.93706E+21,1.00142E+16,5.35781E+16
94482,94483,2,4,7,416,2016,2,19,2,3,1,5,2,0,1,1,0,0,0,0,5.67469E+20,5.93561E+21,1.00187E+16,5.3565E+16
94483,94484,2,1,12,130,2016,3,14,1,2,6,4,0,0,0,1,1,0,0,0,5.76432E+20,5.93132E+21,1.0153E+16,5.35252E+16
94484,94485,2,3,9,321,2016,3,5,7,3,5,2,2,1,0,1,0,0,0,0,5.61461E+20,5.93856E+21,9.92858E+15,5.35923E+16
94485,94486,2,5,10,518,2016,2,12,3,3,6,3,0,0,0,1,1,0,0,0,5.73129E+20,5.94486E+21,1.01063E+16,5.36474E+16
94486,94487,2,1,4,112,2016,2,18,7,3,1,6,2,1,0,1,0,0,0,0,5.63335E+20,5.93385E+21,9.95595E+15,5.35497E+16
94487,94488,2,3,9,321,2016,2,19,1,1,6,4,2,1,0,1,1,0,0,0,5.60774E+20,5.93942E+21,9.91838E+15,5.36001E+16
94488,94489,2,3,6,318,2016,2,15,6,3,2,2,0,0,0,1,0,0,0,0,5.62377E+20,5.94177E+21,9.94307E+15,5.3621E+16
94489,94490,2,2,5,215,2016,3,7,4,3,5,2,0,0,0,1,0,0,0,1,5.61439E+20,5.93497E+21,9.92754E+15,5.356E+16
94490,94491,2,3,4,316,2016,3,19,5,3,1,7,2,1,0,1,0,0,0,0,5.64232E+20,5.93737E+21,9.9702E+15,5.35812E+16
94491,94492,2,4,2,403,2016,2,18,6,3,6,3,2,0,0,1,1,0,0,0,5.64553E+20,5.9382E+21,9.97522E+15,5.35886E+16
94492,94493,2,2,9,221,2016,2,7,4,3,5,3,0,0,1,1,0,0,0,0,5.56067E+20,5.93645E+21,9.84673E+15,5.35739E+16
94493,94494,2,1,3,108,2016,2,10,2,3,2,6,0,0,0,1,0,1,0,0,5.65458E+20,5.93447E+21,9.98812E+15,5.3555E+16
94494,94495,2,4,1,402,2016,3,14,1,3,5,3,0,0,0,1,0,0,0,1,5.64375E+20,5.93808E+21,9.9725E+15,5.35876E+16
94495,94496,2,1,4,111,2016,3,23,7,3,6,7,2,0,0,0,1,0,0,1,5.63612E+20,5.93384E+21,9.96012E+15,5.35496E+16
94496,94497,2,3,1,309,2016,2,20,7,3,6,2,2,0,0,1,1,0,0,0,5.64226E+20,5.93586E+21,9.96981E+15,5.35677E+16
94497,94498,2,2,5,216,2016,2,8,5,3,0,3,0,0,1,1,0,0,0,0,5.59886E+20,5.93529E+21,9.90417E+15,5.35631E+16
94498,94499,2,2,1,203,2016,2,12,3,3,5,3,0,1,0,1,0,0,0,0,5.6202E+20,5.93389E+21,9.93611E+15,5.35502E+16