FID,OBJECTID,ULAND,UREGBEZ,UKREIS,UGEMEINDE,UJAHR,UMONAT,USTUNDE,UWOCHENTAG,UKATEGORIE,UART,UTYP1,ULICHTVERH,IstStrasse,IstRad,IstPKW,IstFuss,IstKrad,IstGkfz,IstSonstig,LINREFX,LINREFY,XGCSWGS84,YGCSWGS84
94499,94500,2,1,6,117,2016,2,21,6,3,3,6,2,0,0,1,0,0,0,0,5.67634E+20,5.934E+21,1.00209E+16,5.35505E+16
94500,94501,2,3,1,301,2016,2,11,1,3,5,3,0,0,0,1,0,0,0,0,5.62577E+20,5.93716E+21,9.94516E+15,5.35796E+16
94501,94502,2,6,2,602,2016,3,7,3,3,6,3,0,0,1,0,1,0,0,0,5.79197E+20,5.92733E+21,1.01937E+16,5.3489E+16
94502,94503,2,1,16,137,2016,3,9,5,3,4,6,0,0,0,1,0,0,1,0,5.63674E+20,5.92764E+21,9.9598E+15,5.34939E+16
94503,94504,2,3,3,313,2016,2,15,4,3,0,3,0,0,1,0,0,0,0,1,5.64731E+20,5.93694E+21,9.97766E+15,5.35773E+16
94504,94505,2,4,10,427,2016,3,9,3,3,2,6,0,1,0,1,0,0,0,0,5.69446E+20,5.9382E+21,1.00491E+16,5.3588E+16
94505,94506,2,7,16,717,2016,2,6,2,3,5,3,2,1,1,1,0,0,0,0,5.53718E+20,5.93142E+21,9.81039E+15,5.3529E+16
94506,94507,2,7,4,705,2016,2,18,7,2,4,1,2,0,0,1,0,1,0,0,5.64404E+20,5.92259E+21,9.96977E+15,5.34484E+16
94507,94508,2,4,9,424,2016,3,14,6,3,2,6,0,0,0,1,0,0,0,1,5.70278E+20,5.93741E+21,1.00615E+16,5.35808E+16
94508,94509,2,5,2,507,2016,2,18,6,3,1,6,2,1,0,1,0,0,1,0,5.70951E+20,5.93644E+21,1.00715E+16,5.35721E+16
94509,94510,2,5,7,515,2016,2,7,4,3,8,1,0,2,0,1,0,0,0,0,5.71316E+20,5.94E+21,1.00778E+16,5.36039E+16
94510,94511,2,5,8,516,2016,2,14,1,3,0,5,0,1,0,1,0,0,0,0,5.69387E+20,5.94046E+21,1.00487E+16,5.36083E+16
94511,94512,2,1,4,112,2016,2,8,4,3,5,3,0,0,1,1,0,0,0,0,5.63925E+20,5.93386E+21,9.96485E+15,5.35497E+16
94512,94513,2,5,7,515,2016,3,12,3,3,5,2,0,0,1,1,0,0,0,0,5.71472E+20,5.94169E+21,1.00805E+16,5.36192E+16
94513,94514,2,6,14,615,2016,2,13,2,2,5,3,0,1,1,1,0,0,0,0,5.76934E+20,5.92651E+21,1.01593E+16,5.34819E+16
94514,94515,2,4,8,423,2016,3,14,7,3,2,6,0,1,0,1,0,0,0,0,5.69287E+20,5.93763E+21,1.00466E+16,5.3583E+16
94515,94516,2,4,8,423,2016,2,16,1,3,4,2,0,0,1,1,0,0,0,0,5.69092E+20,5.93747E+21,1.00436E+16,5.35815E+16
94516,94517,2,1,11,128,2016,3,23,6,3,9,4,2,0,0,1,1,0,0,1,5.72279E+20,5.93338E+21,1.00908E+16,5.35444E+16
94517,94518,2,1,16,136,2016,2,16,6,3,5,2,0,1,0,1,0,0,1,0,5.67829E+20,5.93052E+21,1.0023E+16,5.35193E+16
94518,94519,2,3,3,314,2016,2,15,5,3,3,7,0,1,0,1,0,0,1,0,5.65291E+20,5.93711E+21,9.98614E+15,5.35788E+16
94519,94520,2,4,5,411,2016,2,12,1,3,5,3,0,1,0,1,0,0,0,0,5.68393E+20,5.9381E+21,1.00332E+16,5.35873E+16
94520,94521,2,5,12,520,2016,2,19,6,2,8,1,2,1,0,1,0,0,0,0,5.68769E+20,5.94419E+21,1.00402E+16,5.36419E+16
94521,94522,2,5,18,526,2016,3,12,3,3,9,6,0,0,0,1,0,0,0,0,5.75778E+20,5.94236E+21,1.01458E+16,5.36246E+16
94522,94523,2,3,9,321,2016,3,16,4,3,2,6,0,1,0,1,0,0,0,0,5.62241E+20,5.93865E+21,9.9404E+15,5.3593E+16
94523,94524,2,1,4,111,2016,2,8,4,3,5,3,0,0,0,1,0,0,0,0,5.64005E+20,5.93401E+21,9.96609E+15,5.3551E+16
94524,94525,2,2,8,220,2016,3,9,3,3,5,2,0,0,0,1,0,0,0,0,5.56459E+20,5.93861E+21,9.85303E+15,5.35932E+16
94525,94526,2,1,12,130,2016,2,6,2,3,1,7,1,1,0,1,0,0,0,1,5.75762E+20,5.93118E+21,1.01428E+16,5.35241E+16
94526,94527,2,1,1,101,2016,2,15,3,2,6,4,0,1,0,1,1,0,0,0,5.66635E+20,5.9341E+21,1.00058E+16,5.35515E+16
94527,94528,2,5,7,515,2016,2,15,7,3,5,3,0,0,0,1,0,0,0,0,5.71603E+20,5.94162E+21,1.00825E+16,5.36185E+16
94528,94529,2,2,1,203,2016,2,11,6,3,0,6,0,1,0,1,0,0,0,1,5.6222E+20,5.93388E+21,9.93913E+15,5.35501E+16
94529,94530,2,2,8,220,2016,2,11,4,3,5,3,0,0,0,1,0,1,0,0,5.58032E+20,5.93945E+21,9.87696E+15,5.36007E+16
94530,94531,2,7,1,702,2016,3,9,5,1,5,2,0,0,1,0,0,0,1,0,5.65765E+20,5.92381E+21,9.99051E+15,5.34592E+16
94531,94532,2,2,4,211,2016,2,6,6,3,2,6,2,1,0,1,0,0,0,0,5.61794E+20,5.93468E+21,9.93286E+15,5.35574E+16
94532,94533,2,1,5,114,2016,2,19,4,3,2,6,2,0,0,1,0,0,0,0,5.66501E+20,5.93475E+21,1.00039E+16,5.35575E+16
94533,94534,2,2,5,215,2016,3,14,6,3,5,3,0,0,1,1,0,0,0,0,5.61149E+20,5.93616E+21,9.9234E+15,5.35707E+16
94534,94535,2,3,8,320,2016,3,18,3,3,1,2,2,1,0,1,0,0,0,0,5.59091E+20,5.94104E+21,9.89326E+15,5.36149E+16
94535,94536,2,1,12,130,2016,2,15,2,3,2,6,0,0,0,1,0,0,0,0,5.73614E+20,5.93426E+21,1.01112E+16,5.35521E+16
94536,94537,2,2,4,214,2016,3,20,3,2,6,2,2,1,0,1,1,0,0,0,5.60787E+20,5.93341E+21,9.9174E+15,5.35461E+16
94537,94538,2,1,17,138,2016,3,7,4,3,1,6,0,1,0,1,0,0,0,0,5.67617E+20,5.93179E+21,1.00201E+16,5.35307E+16
94538,94539,2,7,1,702,2016,2,8,3,3,5,7,0,0,0,1,0,0,0,1,5.65172E+20,5.92395E+21,9.98161E+15,5.34605E+16
94539,94540,2,1,5,114,2016,2,18,4,3,0,7,2,1,0,1,0,0,0,1,5.66838E+20,5.93417E+21,1.00089E+16,5.35521E+16
94540,94541,2,3,3,313,2016,2,18,1,3,6,2,2,1,0,1,1,0,0,0,5.64733E+20,5.93694E+21,9.97768E+15,5.35773E+16
94541,94542,2,5,1,501,2016,3,12,5,3,3,2,0,0,0,1,0,0,0,0,5.69018E+20,5.93595E+21,1.00422E+16,5.35679E+16
94542,94543,2,3,2,312,2016,2,15,6,3,4,2,0,1,1,1,0,0,0,0,5.6598E+20,5.93579E+21,9.99627E+15,5.35668E+16
94543,94544,2,1,16,137,2016,2,8,3,2,8,7,0,0,0,1,0,0,0,0,5.65897E+20,5.92608E+21,9.99297E+15,5.34796E+16
94544,94545,2,2,4,213,2016,2,7,2,3,0,3,2,0,1,1,0,0,0,0,5.6163E+20,5.93408E+21,9.93025E+15,5.3552E+16
94545,94546,2,4,5,409,2016,3,17,1,3,5,3,1,0,1,1,0,0,0,0,5.67096E+20,5.93905E+21,1.00138E+16,5.3596E+16
94546,94547,2,2,5,215,2016,3,13,7,3,5,3,0,1,0,1,0,0,0,0,5.60667E+20,5.93744E+21,9.91637E+15,5.35823E+16
94547,94548,2,2,10,222,2016,2,15,3,3,1,6,0,1,0,1,0,0,0,1,5.55938E+20,5.93384E+21,9.8443E+15,5.35505E+16
94548,94549,2,5,7,515,2016,2,10,2,3,5,3,0,0,1,1,0,0,0,0,5.70099E+20,5.93883E+21,1.00591E+16,5.35936E+16
94549,94550,2,2,10,222,2016,3,14,2,3,5,2,0,0,0,1,0,0,0,0,5.54556E+20,5.93494E+21,9.82364E+15,5.35605E+16
94550,94551,2,1,12,130,2016,3,13,3,3,3,6,0,0,0,1,0,0,0,0,5.73393E+20,5.93503E+21,1.0108E+16,5.35591E+16
94551,94552,2,6,1,601,2016,2,8,3,3,5,3,0,0,1,1,0,0,0,0,5.80263E+20,5.92972E+21,1.02103E+16,5.35103E+16
94552,94553,2,5,6,514,2016,2,14,3,3,1,5,0,0,0,1,0,0,0,1,5.74763E+20,5.94219E+21,1.01304E+16,5.36231E+16
94553,94554,2,1,3,108,2016,2,1,1,3,5,3,2,1,0,1,0,0,0,0,5.6553E+20,5.93483E+21,9.98927E+15,5.35583E+16
94554,94555,2,3,3,313,2016,2,11,6,3,3,2,0,1,1,1,0,0,0,0,5.64711E+20,5.93694E+21,9.97734E+15,5.35773E+16
94555,94556,2,4,13,432,2016,3,11,4,2,0,7,0,0,0,0,0,0,0,1,5.66397E+20,5.94587E+21,1.00047E+16,5.36574E+16
94556,94557,2,1,12,130,2016,2,14,3,3,2,6,0,0,0,0,0,0,1,0,5.74098E+20,5.93524E+21,1.01187E+16,5.35608E+16
94557,94558,2,1,14,132,2016,3,17,3,3,4,6,1,0,0,1,0,0,0,0,5.69725E+20,5.93311E+21,1.00522E+16,5.35422E+16
94558,94559,2,1,14,132,2016,2,10,2,3,5,3,0,1,0,1,0,0,0,0,5.70151E+20,5.93258E+21,1.00585E+16,5.35375E+16
94559,94560,2,1,5,114,2016,2,23,2,3,5,2,2,0,1,1,0,0,0,0,5.67147E+20,5.93411E+21,1.00135E+16,5.35516E+16
94560,94561,2,5,5,513,2016,3,10,7,3,2,6,0,1,0,1,0,0,0,0,5.74308E+20,5.93818E+21,1.01226E+16,5.35872E+16
94561,94562,2,5,5,513,2016,2,12,1,3,4,2,0,0,0,1,0,0,0,0,5.7446E+20,5.93806E+21,1.01248E+16,5.35861E+16
94562,94563,2,7,13,714,2016,3,10,6,3,2,6,0,0,0,1,0,0,0,0,5.59636E+20,5.92572E+21,9.89858E+15,5.34771E+16
94563,94564,2,1,6,115,2016,2,15,7,3,3,6,0,0,0,0,0,1,1,0,5.66733E+20,5.93368E+21,1.00072E+16,5.35477E+16
94564,94565,2,3,1,304,2016,2,13,5,3,5,3,0,0,1,1,0,0,0,0,5.62544E+20,5.93671E+21,9.94458E+15,5.35756E+16
94565,94566,2,4,10,427,2016,2,20,1,2,6,4,2,1,0,1,1,0,0,0,5.68936E+20,5.93806E+21,1.00414E+16,5.35869E+16
94566,94567,2,2,4,212,2016,2,13,3,3,5,3,0,1,1,1,0,0,0,0,5.61052E+20,5.93448E+21,9.92161E+15,5.35557E+16
94567,94568,2,5,5,513,2016,2,16,6,3,5,6,0,1,0,1,0,0,0,0,5.73608E+20,5.93714E+21,1.01117E+16,5.35779E+16
94568,94569,2,1,5,114,2016,2,21,1,2,6,4,2,1,0,1,1,0,0,0,5.66949E+20,5.93404E+21,1.00105E+16,5.35509E+16
94569,94570,2,1,3,108,2016,2,13,7,2,5,2,0,1,0,1,0,0,0,0,5.65161E+20,5.93477E+21,9.9837E+15,5.35577E+16
94570,94571,2,6,2,602,2016,2,11,7,3,1,5,0,0,1,1,0,0,0,0,5.8041E+20,5.9272E+21,1.02119E+16,5.34876E+16
94571,94572,2,1,4,112,2016,3,10,4,3,6,2,0,0,0,0,1,0,0,1,5.63609E+20,5.93381E+21,9.96008E+15,5.35493E+16
94572,94573,2,5,6,514,2016,2,20,3,2,5,2,2,0,1,1,0,0,0,0,5.73486E+20,5.94222E+21,1.01111E+16,5.36236E+16
94573,94574,2,4,6,415,2016,3,20,3,3,3,7,2,1,0,1,0,0,0,0,5.67811E+20,5.93598E+21,1.00239E+16,5.35683E+16
94574,94575,2,5,4,512,2016,2,21,2,3,5,7,2,1,0,0,0,0,1,1,5.7537E+20,5.93654E+21,1.01382E+16,5.35723E+16
94575,94576,2,3,2,312,2016,2,4,1,3,5,3,2,1,0,1,0,0,0,0,5.65614E+20,5.93507E+21,9.99059E+15,5.35604E+16
94576,94577,2,1,13,131,2016,3,6,6,3,2,2,1,2,0,1,0,0,1,0,5.71661E+20,5.93028E+21,1.00808E+16,5.35165E+16
94577,94578,2,1,11,129,2016,2,8,6,3,5,3,0,1,0,1,0,0,0,0,5.72754E+20,5.93438E+21,1.00982E+16,5.35532E+16
94578,94579,2,7,10,711,2016,2,17,4,3,5,5,0,1,0,1,0,1,0,0,5.63861E+20,5.92444E+21,9.96197E+15,5.34651E+16
94579,94580,2,5,1,504,2016,2,16,1,3,3,2,0,1,0,1,0,0,0,0,5.69799E+20,5.9365E+21,1.00541E+16,5.35727E+16
94580,94581,2,5,16,524,2016,3,12,6,2,5,3,0,0,1,0,0,0,0,1,5.74546E+20,5.94834E+21,1.01286E+16,5.36785E+16
94581,94582,2,4,10,426,2016,2,13,6,3,2,6,0,1,0,1,0,0,0,0,5.69769E+20,5.93867E+21,1.00541E+16,5.35923E+16
94582,94583,2,5,4,512,2016,3,16,3,3,2,6,0,1,0,1,0,0,0,0,5.76011E+20,5.93627E+21,1.01478E+16,5.35698E+16
94583,94584,2,2,1,201,2016,3,11,4,3,6,7,0,1,0,1,1,0,0,0,5.63295E+20,5.93381E+21,9.95532E+15,5.35493E+16
94584,94585,2,5,4,512,2016,2,17,3,3,5,2,0,0,0,1,0,0,1,0,5.73098E+20,5.93677E+21,1.01039E+16,5.35747E+16
94585,94586,2,3,1,309,2016,3,16,3,3,3,2,0,0,1,1,0,0,0,0,5.63997E+20,5.93628E+21,9.96642E+15,5.35715E+16
94586,94587,2,1,7,120,2016,3,15,3,3,2,6,0,0,0,1,0,0,0,0,5.6837E+20,5.93476E+21,1.00321E+16,5.35573E+16
94587,94588,2,5,5,513,2016,3,15,4,3,6,4,0,1,0,1,1,0,0,0,5.74733E+20,5.93825E+21,1.0129E+16,5.35878E+16
94588,94589,2,5,2,507,2016,2,16,3,3,5,2,1,0,1,1,0,0,0,0,5.7091E+20,5.93648E+21,1.00709E+16,5.35724E+16
94589,94590,2,3,8,320,2016,3,23,3,3,1,5,2,1,0,1,0,0,0,0,5.59203E+20,5.94093E+21,9.89493E+15,5.36138E+16
94590,94591,2,5,7,515,2016,2,19,2,3,2,6,2,0,0,1,0,0,0,0,5.71158E+20,5.94106E+21,1.00756E+16,5.36135E+16
94591,94592,2,1,12,130,2016,2,19,7,3,6,2,2,0,0,1,1,0,0,0,5.72958E+20,5.93296E+21,1.0101E+16,5.35405E+16
94592,94593,2,5,7,515,2016,2,8,6,3,3,6,0,1,0,1,0,0,1,0,5.70531E+20,5.93932E+21,1.00658E+16,5.35979E+16
94593,94594,2,3,9,321,2016,2,15,4,3,2,2,0,0,0,0,0,0,1,1,5.61943E+20,5.93631E+21,9.93542E+15,5.3572E+16
94594,94595,2,3,6,318,2016,3,8,6,3,6,4,0,0,0,1,1,0,0,0,5.63671E+20,5.94262E+21,9.96281E+15,5.36285E+16
94595,94596,2,1,4,111,2016,2,18,6,3,5,3,2,0,1,1,0,0,0,0,5.63783E+20,5.93416E+21,9.96277E+15,5.35525E+16
94596,94597,2,5,18,526,2016,2,17,2,3,5,3,0,0,0,1,0,1,0,0,5.76704E+20,5.94011E+21,1.01592E+16,5.36041E+16
94597,94598,2,1,16,136,2016,3,22,2,3,0,4,2,0,0,1,1,0,0,0,5.67579E+20,5.92742E+21,1.00186E+16,5.34914E+16
94598,94599,2,6,14,615,2016,3,12,3,2,9,5,0,0,0,1,0,0,1,0,5.77479E+20,5.92642E+21,1.01675E+16,5.3481E+16
94599,94600,2,5,2,508,2016,2,14,3,3,4,2,0,0,0,1,0,0,0,0,5.71857E+20,5.93803E+21,1.00855E+16,5.35862E+16
94600,94601,2,1,11,129,2016,2,12,3,3,5,3,0,1,1,1,0,0,0,0,5.70794E+20,5.93505E+21,1.00688E+16,5.35595E+16
94601,94602,2,1,11,129,2016,2,20,7,2,6,3,2,1,0,1,1,0,0,0,5.71213E+20,5.93488E+21,1.00751E+16,5.3558E+16
94602,94603,2,4,2,403,2016,3,7,5,3,6,7,0,0,0,1,1,0,0,0,5.65287E+20,5.93822E+21,9.98631E+15,5.35887E+16
94603,94604,2,7,9,710,2016,2,7,5,3,8,1,0,2,0,1,0,0,0,0,5.63813E+20,5.92273E+21,9.96089E+15,5.34497E+16
94604,94605,2,4,8,421,2016,2,15,7,2,6,7,0,0,1,0,1,0,0,0,5.68774E+20,5.93707E+21,1.00387E+16,5.3578E+16
94605,94606,2,4,9,425,2016,2,19,5,3,6,2,2,1,0,1,1,0,0,0,5.70801E+20,5.93771E+21,1.00695E+16,5.35835E+16
94606,94607,2,5,18,526,2016,3,16,5,3,5,3,0,0,1,1,0,0,0,0,5.77749E+20,5.93904E+21,1.01747E+16,5.35944E+16
94607,94608,2,1,12,130,2016,2,19,5,3,2,2,2,0,0,1,0,0,0,0,5.75891E+20,5.93343E+21,1.01453E+16,5.35443E+16
94608,94609,2,5,3,510,2016,2,13,3,3,2,6,0,0,0,1,0,0,1,0,5.70967E+20,5.93637E+21,1.00717E+16,5.35714E+16
94609,94610,2,4,5,408,2016,2,15,2,3,5,3,0,0,1,1,0,0,0,0,5.66718E+20,5.93984E+21,1.00083E+16,5.36031E+16
94610,94611,2,2,1,202,2016,3,10,2,3,2,6,0,0,0,1,0,0,0,0,5.61986E+20,5.93346E+21,9.9355E+15,5.35463E+16
94611,94612,2,1,6,117,2016,3,18,3,3,0,6,2,1,0,1,0,0,0,1,5.67737E+20,5.93404E+21,1.00224E+16,5.35509E+16
94612,94613,2,4,13,432,2016,2,7,3,3,6,4,1,0,0,1,1,0,0,0,5.66195E+20,5.94705E+21,1.00019E+16,5.3668E+16
94613,94614,2,3,8,320,2016,3,14,7,3,2,6,0,1,0,1,0,0,0,0,5.59362E+20,5.93994E+21,9.89714E+15,5.36049E+16
94614,94615,2,5,7,515,2016,2,17,3,3,2,6,0,0,0,1,0,0,0,0,5.70976E+20,5.94055E+21,1.00728E+16,5.36089E+16
94615,94616,2,3,3,314,2016,2,14,7,3,5,3,0,1,0,1,0,0,0,0,5.64869E+20,5.93711E+21,9.97977E+15,5.35788E+16
94616,94617,2,1,11,129,2016,2,14,7,3,5,3,0,1,0,1,0,0,0,0,5.72392E+20,5.93458E+21,1.00928E+16,5.35551E+16
94617,94618,2,1,12,130,2016,2,18,5,2,5,3,2,1,0,1,0,0,0,0,5.74518E+20,5.93277E+21,1.01244E+16,5.35386E+16
94618,94619,2,5,1,501,2016,3,6,4,3,2,6,0,2,0,1,0,0,0,0,5.68826E+20,5.93617E+21,1.00393E+16,5.35699E+16
94619,94620,2,4,10,428,2016,2,7,3,3,5,3,0,0,0,1,0,0,0,1,5.69028E+20,5.93919E+21,1.0043E+16,5.3597E+16
94620,94621,2,5,2,509,2016,3,8,3,3,1,5,1,0,0,1,0,0,0,0,5.71555E+20,5.93885E+21,1.00811E+16,5.35936E+16
94621,94622,2,5,7,515,2016,2,16,2,3,5,3,0,0,1,1,0,0,0,0,5.72318E+20,5.94099E+21,1.00932E+16,5.36127E+16
94622,94623,2,1,15,134,2016,2,15,1,3,3,6,0,0,0,1,0,0,0,0,5.67781E+20,5.9317E+21,1.00226E+16,5.35298E+16
94623,94624,2,4,5,408,2016,3,18,7,3,6,4,1,1,0,1,1,0,0,0,5.67058E+20,5.93957E+21,1.00134E+16,5.36006E+16
94624,94625,2,2,4,212,2016,2,18,3,2,9,1,2,0,0,1,0,0,0,0,5.60812E+20,5.93401E+21,9.91791E+15,5.35514E+16
94625,94626,2,3,3,313,2016,2,16,2,2,5,2,0,0,1,1,0,0,0,0,5.65011E+20,5.93641E+21,9.98177E+15,5.35725E+16
94626,94627,2,2,5,216,2016,3,20,1,3,0,1,2,0,0,1,0,0,0,0,5.60137E+20,5.93772E+21,9.90842E+15,5.35849E+16
94627,94628,2,3,6,318,2016,3,17,7,3,1,6,1,1,0,1,0,0,0,0,5.64159E+20,5.94389E+21,9.97044E+15,5.36399E+16
94628,94629,2,4,8,421,2016,2,14,5,3,2,6,0,0,0,1,0,0,0,0,5.69298E+20,5.93769E+21,1.00468E+16,5.35835E+16
94629,94630,2,4,2,405,2016,2,7,3,3,2,6,0,0,0,1,0,0,0,0,5.64565E+20,5.93925E+21,9.97562E+15,5.35981E+16
94630,94631,2,1,12,130,2016,2,14,6,3,5,3,0,1,0,1,0,0,0,0,5.73752E+20,5.93271E+21,1.01129E+16,5.35381E+16
94631,94632,2,5,4,512,2016,2,16,7,3,5,3,1,1,0,1,0,0,0,0,5.75401E+20,5.93758E+21,1.01389E+16,5.35816E+16
94632,94633,2,6,14,615,2016,3,15,3,3,5,2,0,0,0,1,0,0,0,0,5.7737E+20,5.92731E+21,1.01661E+16,5.34891E+16
94633,94634,2,5,3,510,2016,2,18,2,3,5,3,1,0,1,1,0,0,0,0,5.71344E+20,5.93626E+21,1.00774E+16,5.35703E+16
94634,94635,2,5,1,504,2016,3,8,3,3,2,6,0,0,0,1,0,0,0,0,5.70019E+20,5.93578E+21,1.00572E+16,5.35662E+16
94635,94636,2,5,7,515,2016,2,15,2,2,6,4,0,0,0,1,1,0,0,0,5.72134E+20,5.94159E+21,1.00905E+16,5.36181E+16
94636,94637,2,1,5,114,2016,2,6,1,3,0,1,2,0,0,1,0,0,0,0,5.67128E+20,5.93436E+21,1.00133E+16,5.35538E+16
94637,94638,2,5,2,509,2016,3,7,6,3,5,3,0,2,0,1,0,0,0,0,5.72067E+20,5.93864E+21,1.00888E+16,5.35916E+16
94638,94639,2,5,6,514,2016,2,9,6,3,2,6,0,1,0,1,0,0,0,0,5.73916E+20,5.9404E+21,1.01172E+16,5.36072E+16
94639,94640,2,5,7,515,2016,2,9,4,3,5,2,0,1,1,1,0,0,0,0,5.70302E+20,5.93911E+21,1.00623E+16,5.35961E+16
94640,94641,2,3,2,312,2016,2,3,1,3,5,3,2,0,0,1,0,0,0,0,5.65615E+20,5.93507E+21,9.9906E+15,5.35604E+16
94641,94642,2,4,8,420,2016,3,13,6,3,2,6,0,0,0,1,0,0,0,0,5.68436E+20,5.93663E+21,1.00335E+16,5.35741E+16
94642,94643,2,2,5,217,2016,2,20,6,3,0,4,2,1,0,1,1,0,0,0,5.59138E+20,5.93643E+21,9.89309E+15,5.35734E+16
94643,94644,2,4,4,407,2016,2,12,1,3,4,2,0,0,0,1,0,0,0,0,5.6682E+20,5.94079E+21,1.001E+16,5.36116E+16
94644,94645,2,7,8,709,2016,3,14,6,3,5,2,0,0,1,1,0,0,0,0,5.64208E+20,5.92169E+21,9.96663E+15,5.34403E+16
94645,94646,2,1,19,140,2016,2,15,6,3,2,6,0,1,0,1,0,0,0,0,5.60668E+20,5.92995E+21,9.91494E+15,5.3515E+16
94646,94647,2,3,2,311,2016,2,18,5,3,2,6,2,1,0,1,0,0,0,0,5.64633E+20,5.93616E+21,9.976E+15,5.35703E+16
94647,94648,2,1,1,101,2016,2,12,1,3,3,2,0,1,0,1,0,0,0,0,5.66671E+20,5.93374E+21,1.00063E+16,5.35483E+16
94648,94649,2,5,4,512,2016,2,13,6,3,1,6,0,1,0,1,0,0,0,0,5.75577E+20,5.93635E+21,1.01413E+16,5.35705E+16
94649,94650,2,5,6,514,2016,2,12,7,3,2,2,0,1,0,1,0,0,0,0,5.74103E+20,5.94034E+21,1.012E+16,5.36066E+16
94650,94651,2,1,8,122,2016,3,6,3,3,5,3,1,1,1,1,0,0,0,0,5.69761E+20,5.93478E+21,1.00531E+16,5.35573E+16
94651,94652,2,4,8,423,2016,3,12,4,3,0,1,0,1,0,0,0,1,0,0,5.6961E+20,5.93719E+21,1.00514E+16,5.3579E+16
94652,94653,2,5,7,515,2016,2,20,2,3,6,3,2,0,0,1,1,0,0,0,5.71762E+20,5.94218E+21,1.0085E+16,5.36235E+16
94653,94654,2,2,7,219,2016,3,7,3,3,3,7,0,0,1,0,0,0,0,0,5.58385E+20,5.93481E+21,9.88142E+15,5.35589E+16
94654,94655,2,4,12,431,2016,2,21,2,3,5,3,2,1,0,1,0,0,0,0,5.67902E+20,5.94243E+21,1.00267E+16,5.36263E+16
94655,94656,2,5,2,506,2016,2,14,7,3,1,7,0,0,0,1,0,0,0,0,5.70818E+20,5.93728E+21,1.00696E+16,5.35796E+16
94656,94657,2,2,12,225,2016,2,16,6,3,1,5,0,1,1,1,0,0,0,0,5.5404E+20,5.9369E+21,9.81619E+15,5.35782E+16
94657,94658,2,2,11,224,2016,2,6,4,3,0,7,2,2,1,0,0,0,0,0,5.54309E+20,5.9356E+21,9.82004E+15,5.35665E+16
94658,94659,2,3,2,312,2016,3,17,6,3,4,6,2,0,1,0,0,0,0,0,5.65815E+20,5.93485E+21,9.99357E+15,5.35584E+16
94659,94660,2,1,11,129,2016,2,15,5,3,2,6,0,1,0,1,0,0,0,0,5.72254E+20,5.9339E+21,1.00905E+16,5.3549E+16
94660,94661,2,5,11,519,2016,2,7,2,3,3,6,0,2,1,0,0,0,0,1,5.71221E+20,5.94542E+21,1.00776E+16,5.36527E+16
94661,94662,2,5,3,510,2016,2,19,2,3,3,2,2,0,1,1,0,0,0,0,5.706E+20,5.93635E+21,1.00661E+16,5.35713E+16
94662,94663,2,4,5,413,2016,3,18,2,3,6,4,1,0,0,1,1,0,0,0,5.67033E+20,5.93731E+21,1.00125E+16,5.35804E+16
94663,94664,2,6,2,602,2016,3,7,3,3,1,6,0,0,0,1,0,0,0,0,5.78954E+20,5.92601E+21,1.01897E+16,5.34771E+16
94664,94665,2,4,4,407,2016,2,9,2,3,2,6,0,0,0,1,0,0,0,0,5.66702E+20,5.94108E+21,1.00083E+16,5.36143E+16
94665,94666,2,5,16,524,2016,3,19,3,2,6,4,2,1,0,1,1,0,0,0,5.74338E+20,5.94728E+21,1.01252E+16,5.36689E+16
94666,94667,2,1,3,108,2016,3,8,4,3,3,7,0,1,0,1,0,0,0,1,5.65518E+20,5.93482E+21,9.98909E+15,5.35582E+16
94667,94668,2,4,5,412,2016,2,16,2,3,8,1,0,0,1,0,0,0,0,0,5.67344E+20,5.93799E+21,1.00173E+16,5.35864E+16
94668,94669,2,2,2,207,2016,3,13,3,3,6,6,0,0,1,0,1,0,0,0,5.63684E+20,5.93526E+21,9.9615E+15,5.35623E+16
94669,94670,2,2,9,221,2016,2,12,2,3,1,5,0,1,0,1,0,0,0,0,5.56596E+20,5.93534E+21,9.85452E+15,5.35639E+16
94670,94671,2,1,1,101,2016,2,11,4,3,5,7,0,1,1,0,0,0,0,1,5.66303E+20,5.93454E+21,1.00009E+16,5.35556E+16
94671,94672,2,4,13,432,2016,3,13,5,3,5,3,0,0,1,1,0,0,0,0,5.65529E+20,5.94682E+21,9.99177E+15,5.3666E+16
94672,94673,2,1,13,131,2016,2,9,5,3,4,2,0,1,0,1,0,0,0,0,5.71409E+20,5.93174E+21,1.00773E+16,5.35298E+16
94673,94674,2,2,1,206,2016,2,11,2,3,1,7,0,0,0,0,0,0,0,1,5.62934E+20,5.93487E+21,9.95009E+15,5.35589E+16
94674,94675,2,3,4,315,2016,2,8,2,3,2,6,0,0,0,1,0,0,0,0,5.64302E+20,5.93742E+21,9.97127E+15,5.35817E+16
94675,94676,2,1,7,120,2016,3,15,1,3,1,6,0,0,0,1,0,0,0,0,5.68393E+20,5.93479E+21,1.00325E+16,5.35575E+16
94676,94677,2,2,9,221,2016,3,17,7,3,1,6,1,1,0,1,0,0,0,0,5.56403E+20,5.93704E+21,9.8519E+15,5.35791E+16
94677,94678,2,5,1,502,2016,2,20,3,3,0,7,2,0,0,0,0,0,0,1,5.69447E+20,5.9363E+21,1.00487E+16,5.3571E+16
94678,94679,2,1,4,112,2016,2,18,7,3,6,2,2,1,0,0,1,0,0,1,5.6424E+20,5.93387E+21,9.96961E+15,5.35498E+16