FID,OBJECTID,ULAND,UREGBEZ,UKREIS,UGEMEINDE,UJAHR,UMONAT,USTUNDE,UWOCHENTAG,UKATEGORIE,UART,UTYP1,ULICHTVERH,IstStrasse,IstRad,IstPKW,IstFuss,IstKrad,IstGkfz,IstSonstig,LINREFX,LINREFY,XGCSWGS84,YGCSWGS84
94679,94680,2,5,7,515,2016,2,18,7,3,5,2,2,1,0,1,0,0,0,0,5.70733E+20,5.93968E+21,1.00689E+16,5.36012E+16
94680,94681,2,1,11,128,2016,2,11,3,3,3,5,0,0,0,1,0,1,0,0,5.71415E+20,5.93404E+21,1.00779E+16,5.35504E+16
94681,94682,2,5,7,515,2016,2,0,7,3,0,7,2,0,0,1,0,0,0,0,5.70836E+20,5.94008E+21,1.00705E+16,5.36048E+16
94682,94683,2,1,3,105,2016,3,22,5,2,6,7,2,1,0,0,1,0,0,1,5.65081E+20,5.93345E+21,9.98221E+15,5.35459E+16
94683,94684,2,5,18,526,2016,2,7,5,3,5,3,0,2,1,0,0,0,0,1,5.76588E+20,5.94259E+21,1.01581E+16,5.36265E+16
94684,94685,2,1,5,114,2016,2,18,2,3,5,3,2,0,1,1,0,0,0,0,5.66988E+20,5.93404E+21,1.00111E+16,5.35509E+16
94685,94686,2,1,4,109,2016,2,19,2,3,0,7,2,0,1,1,0,0,0,0,5.64804E+20,5.93484E+21,9.97831E+15,5.35584E+16
94686,94687,2,1,5,114,2016,3,20,1,3,6,3,2,1,0,1,1,0,0,0,5.66949E+20,5.93404E+21,1.00105E+16,5.35509E+16
94687,94688,2,6,4,605,2016,2,15,1,3,0,3,0,0,0,1,0,1,0,0,5.83553E+20,5.92002E+21,1.02573E+16,5.34226E+16
94688,94689,2,1,1,101,2016,3,20,7,3,5,3,2,1,0,1,0,0,0,0,5.66658E+20,5.93394E+21,1.00061E+16,5.35501E+16
94689,94690,2,3,2,312,2016,2,10,7,3,2,6,0,0,0,1,0,0,0,0,5.65074E+20,5.93565E+21,9.98257E+15,5.35657E+16
94690,94691,2,2,8,220,2016,2,12,5,3,4,2,0,0,0,1,0,0,0,0,5.57835E+20,5.93943E+21,9.87397E+15,5.36005E+16
94691,94692,2,2,1,203,2016,2,6,3,3,4,2,1,0,0,1,0,0,0,1,5.62029E+20,5.93389E+21,9.93625E+15,5.35503E+16
94692,94693,2,5,4,512,2016,2,16,6,3,5,3,0,0,1,1,0,0,0,0,5.74456E+20,5.93638E+21,1.01244E+16,5.3571E+16
94693,94694,2,5,17,525,2016,2,18,7,3,5,2,2,1,0,1,0,0,0,0,5.76744E+20,5.94545E+21,1.01611E+16,5.36522E+16
94694,94695,2,1,7,119,2016,3,8,3,3,6,7,0,0,0,1,1,0,0,0,5.68676E+20,5.9345E+21,1.00367E+16,5.35549E+16
94695,94696,2,5,18,526,2016,3,6,4,3,2,6,1,1,0,1,0,0,0,1,5.76222E+20,5.94142E+21,1.01523E+16,5.3616E+16
94696,94697,2,7,16,717,2016,2,17,1,3,5,2,2,1,1,1,0,0,0,0,5.52583E+20,5.92989E+21,9.79302E+15,5.35153E+16
94697,94698,2,4,7,416,2016,3,8,3,3,4,7,0,0,1,0,0,0,0,0,5.67311E+20,5.93545E+21,1.00163E+16,5.35636E+16
94698,94699,2,1,5,114,2016,2,22,2,3,1,5,2,1,0,1,0,0,0,0,5.67399E+20,5.93446E+21,1.00174E+16,5.35547E+16
94699,94700,2,4,13,432,2016,2,17,5,3,6,4,0,0,0,1,1,0,0,0,5.66341E+20,5.9471E+21,1.00041E+16,5.36684E+16
94700,94701,2,3,5,317,2016,3,15,4,3,3,6,0,0,0,1,0,0,0,0,5.63927E+20,5.93985E+21,9.96611E+15,5.36035E+16
94701,94702,2,7,9,710,2016,2,19,1,2,6,2,2,1,0,1,1,0,0,0,5.63382E+20,5.92338E+21,9.95454E+15,5.34556E+16
94702,94703,2,5,16,524,2016,3,8,3,3,3,2,0,0,1,0,0,0,0,1,5.746E+20,5.94764E+21,1.01292E+16,5.36722E+16
94703,94704,2,1,5,113,2016,2,13,2,3,2,2,0,1,0,1,0,0,0,1,5.67687E+20,5.93482E+21,1.00218E+16,5.35579E+16
94704,94705,2,4,6,414,2016,2,12,1,3,3,6,0,0,0,1,0,0,0,0,5.66962E+20,5.93678E+21,1.00113E+16,5.35756E+16
94705,94706,2,1,12,130,2016,3,16,6,3,5,3,0,0,0,1,0,1,0,0,5.76224E+20,5.93141E+21,1.01498E+16,5.3526E+16
94706,94707,2,6,2,602,2016,2,10,6,3,5,3,0,1,1,1,0,0,0,0,5.78142E+20,5.92761E+21,1.01778E+16,5.34916E+16
94707,94708,2,1,4,112,2016,2,19,5,3,5,2,2,1,1,1,0,0,0,0,5.64239E+20,5.93388E+21,9.96959E+15,5.35498E+16
94708,94709,2,1,3,108,2016,2,2,1,3,6,4,2,0,0,0,1,0,0,1,5.6572E+20,5.93431E+21,9.99204E+15,5.35536E+16
94709,94710,2,4,13,432,2016,2,18,6,3,2,6,1,1,0,1,0,0,0,0,5.67335E+20,5.9453E+21,1.00188E+16,5.36521E+16
94710,94711,2,5,18,526,2016,3,12,3,3,5,3,0,0,0,1,0,0,0,0,5.76038E+20,5.93913E+21,1.01489E+16,5.35954E+16
94711,94712,2,3,5,317,2016,3,20,4,3,6,2,2,1,0,1,1,0,0,0,5.62772E+20,5.93889E+21,9.94846E+15,5.35951E+16
94712,94713,2,6,5,606,2016,2,20,1,2,8,1,2,1,0,1,0,0,0,0,5.80728E+20,5.92065E+21,1.0215E+16,5.34287E+16
94713,94714,2,2,3,210,2016,3,7,3,3,6,4,0,0,1,0,1,0,0,0,5.62014E+20,5.93418E+21,9.93608E+15,5.35528E+16
94714,94715,2,1,12,130,2016,2,3,1,3,2,6,2,1,0,1,0,0,0,0,5.73344E+20,5.93373E+21,1.0107E+16,5.35474E+16
94715,94716,2,4,8,420,2016,2,1,7,3,1,5,2,1,0,1,0,0,0,0,5.68458E+20,5.93688E+21,1.00339E+16,5.35763E+16
94716,94717,2,6,1,601,2016,2,16,5,3,6,4,0,1,0,1,1,0,0,0,5.80873E+20,5.92911E+21,1.02194E+16,5.35047E+16
94717,94718,2,3,5,317,2016,2,16,4,2,3,5,0,0,0,1,0,0,0,0,5.63206E+20,5.93933E+21,9.95511E+15,5.3599E+16
94718,94719,2,6,2,602,2016,3,18,5,3,5,3,2,1,1,1,0,0,0,0,5.79744E+20,5.92692E+21,1.02018E+16,5.34852E+16
94719,94720,2,1,13,131,2016,2,18,4,2,3,2,2,0,0,1,0,0,1,0,5.71762E+20,5.9324E+21,1.00828E+16,5.35356E+16
94720,94721,2,1,16,136,2016,2,2,7,3,1,1,2,0,0,1,0,0,0,0,5.67078E+20,5.92788E+21,1.00111E+16,5.34956E+16
94721,94722,2,5,8,516,2016,2,23,6,3,3,6,2,1,0,1,0,0,0,0,5.69117E+20,5.94041E+21,1.00447E+16,5.3608E+16
94722,94723,2,4,8,422,2016,2,18,4,2,6,4,2,0,0,1,1,0,0,0,5.68661E+20,5.93665E+21,1.00369E+16,5.35742E+16
94723,94724,2,2,8,220,2016,3,13,6,3,2,6,0,0,0,1,0,0,0,1,5.58394E+20,5.93859E+21,9.88226E+15,5.35929E+16
94724,94725,2,3,7,319,2016,3,15,3,3,1,3,0,0,0,1,0,0,0,0,5.60761E+20,5.94292E+21,9.91887E+15,5.36316E+16
94725,94726,2,1,6,116,2016,2,14,2,3,2,2,0,0,0,1,0,0,0,0,5.67439E+20,5.93384E+21,1.00179E+16,5.35491E+16
94726,94727,2,1,5,114,2016,3,14,3,3,1,5,0,0,1,1,0,0,0,0,5.66636E+20,5.93459E+21,1.00059E+16,5.35559E+16
94727,94728,2,1,19,140,2016,3,7,4,3,4,3,2,1,0,1,0,0,0,0,5.61477E+20,5.93034E+21,9.92722E+15,5.35184E+16
94728,94729,2,6,1,601,2016,2,17,1,3,5,3,2,1,0,1,0,0,0,0,5.78429E+20,5.92986E+21,1.01827E+16,5.35118E+16
94729,94730,2,7,10,711,2016,2,14,3,3,1,6,0,1,0,1,0,0,1,0,5.61486E+20,5.92583E+21,9.92646E+15,5.34778E+16
94730,94731,2,4,5,413,2016,2,14,7,3,6,4,0,1,0,1,1,0,0,0,5.66854E+20,5.93772E+21,1.00099E+16,5.35841E+16
94731,94732,2,2,7,219,2016,3,16,5,3,2,6,0,1,0,1,0,0,1,0,5.59753E+20,5.93456E+21,9.90202E+15,5.35565E+16
94732,94733,2,5,4,512,2016,2,13,4,3,2,6,0,0,0,1,0,0,0,0,5.73259E+20,5.93611E+21,1.01062E+16,5.35687E+16
94733,94734,2,6,11,612,2016,2,12,1,3,3,2,0,1,0,1,0,0,0,1,5.72352E+20,5.92925E+21,1.00909E+16,5.35072E+16
94734,94735,2,1,8,123,2016,2,19,1,3,5,3,2,1,1,1,0,0,0,0,5.70432E+20,5.93485E+21,1.00633E+16,5.35578E+16
94735,94736,2,4,3,406,2016,2,0,2,3,5,3,2,0,0,1,0,0,0,0,5.65971E+20,5.94177E+21,9.99739E+15,5.36205E+16
94736,94737,2,3,5,317,2016,3,8,2,3,4,3,0,0,1,1,0,0,0,0,5.63939E+20,5.9387E+21,9.96605E+15,5.35932E+16
94737,94738,2,1,11,129,2016,3,7,3,2,6,4,0,0,0,1,1,0,0,0,5.72962E+20,5.93436E+21,1.01013E+16,5.35531E+16
94738,94739,2,5,4,512,2016,2,10,1,3,0,7,0,1,0,1,0,0,0,1,5.74521E+20,5.93754E+21,1.01256E+16,5.35814E+16
94739,94740,2,3,9,321,2016,3,14,7,3,0,4,0,1,0,1,1,0,0,0,5.60853E+20,5.93834E+21,9.91936E+15,5.35904E+16
94740,94741,2,5,2,508,2016,2,13,3,3,5,3,0,1,0,1,0,0,0,0,5.72087E+20,5.93681E+21,1.00887E+16,5.35752E+16
94741,94742,2,2,5,215,2016,2,15,7,3,5,3,0,1,0,1,0,0,0,0,5.61341E+20,5.93546E+21,9.92617E+15,5.35645E+16
94742,94743,2,2,8,220,2016,2,19,7,3,5,3,2,1,0,1,0,0,0,0,5.57271E+20,5.93903E+21,9.86537E+15,5.35969E+16
94743,94744,2,5,3,510,2016,2,17,4,3,3,2,1,0,0,1,0,0,0,0,5.70555E+20,5.93619E+21,1.00654E+16,5.35698E+16
94744,94745,2,4,5,408,2016,3,5,4,3,0,1,2,2,1,0,0,0,0,0,5.67961E+20,5.94018E+21,1.00271E+16,5.3606E+16
94745,94746,2,5,18,526,2016,3,10,3,3,2,6,0,0,0,1,0,0,0,0,5.77287E+20,5.94028E+21,1.01681E+16,5.36056E+16
94746,94747,2,5,6,514,2016,2,11,1,2,5,3,0,0,1,1,0,0,0,0,5.74013E+20,5.94016E+21,1.01186E+16,5.3605E+16
94747,94748,2,1,17,138,2016,2,14,1,2,6,4,0,0,0,1,1,0,0,0,5.66789E+20,5.93067E+21,1.00074E+16,5.35207E+16
94748,94749,2,4,13,432,2016,3,9,7,3,5,2,0,1,1,1,0,0,0,0,5.66975E+20,5.94393E+21,1.0013E+16,5.36398E+16
94749,94750,2,5,11,519,2016,2,20,1,3,2,2,0,0,0,1,0,0,0,0,5.71715E+20,5.94587E+21,1.00852E+16,5.36567E+16
94750,94751,2,7,16,717,2016,3,14,6,3,2,2,0,0,0,1,0,0,0,0,5.52037E+20,5.93006E+21,9.7848E+15,5.35169E+16
94751,94752,2,1,5,114,2016,2,13,7,3,6,4,0,0,0,1,1,0,0,0,5.67132E+20,5.93424E+21,1.00133E+16,5.35527E+16
94752,94753,2,3,2,312,2016,2,19,5,3,3,6,2,1,0,1,0,0,0,1,5.65393E+20,5.93533E+21,9.9873E+15,5.35627E+16
94753,94754,2,1,3,106,2016,2,18,1,2,6,2,2,1,0,1,1,0,0,0,5.64235E+20,5.93392E+21,9.96954E+15,5.35502E+16
94754,94755,2,3,3,314,2016,2,17,3,3,5,2,2,1,0,1,0,0,0,0,5.65466E+20,5.93719E+21,9.9888E+15,5.35795E+16
94755,94756,2,5,18,526,2016,2,11,6,3,5,3,0,1,0,1,0,0,0,0,5.76066E+20,5.94176E+21,1.015E+16,5.36191E+16
94756,94757,2,3,9,321,2016,3,6,3,3,5,3,1,0,1,1,0,0,0,0,5.61877E+20,5.93862E+21,9.93489E+15,5.35928E+16
94757,94758,2,1,4,112,2016,4,9,6,3,2,6,0,0,0,1,0,1,0,0,5.63579E+20,5.93383E+21,9.95961E+15,5.35495E+16
94758,94759,2,5,18,526,2016,3,9,5,3,5,2,0,0,1,0,0,0,0,1,5.76973E+20,5.93849E+21,1.01629E+16,5.35896E+16
94759,94760,2,3,5,317,2016,4,19,2,3,3,6,0,0,1,0,0,0,1,0,5.63744E+20,5.93942E+21,9.96325E+15,5.35998E+16
94760,94761,2,7,14,715,2016,3,16,3,2,6,4,0,0,0,1,1,0,0,0,5.5754E+20,5.92564E+21,9.86697E+15,5.34766E+16
94761,94762,2,5,6,514,2016,4,16,7,3,5,3,0,0,0,1,0,0,0,0,5.73511E+20,5.93881E+21,1.01107E+16,5.3593E+16
94762,94763,2,5,4,512,2016,3,14,4,3,2,6,0,0,0,1,0,0,0,0,5.74331E+20,5.93595E+21,1.01224E+16,5.35671E+16
94763,94764,2,3,1,301,2016,3,12,2,3,0,7,0,1,1,1,0,0,0,0,5.62223E+20,5.93716E+21,9.93982E+15,5.35796E+16
94764,94765,2,4,7,416,2016,3,7,6,2,3,6,0,1,1,0,0,0,0,0,5.67898E+20,5.93526E+21,1.00251E+16,5.35619E+16
94765,94766,2,1,16,137,2016,3,20,1,3,0,3,2,0,0,1,0,0,0,1,5.6565E+20,5.93021E+21,9.99012E+15,5.35167E+16
94766,94767,2,4,10,429,2016,3,14,4,3,2,6,0,1,0,1,0,1,0,0,5.68887E+20,5.93965E+21,1.0041E+16,5.36012E+16
94767,94768,2,3,2,312,2016,3,14,3,3,1,6,0,0,0,1,0,0,1,0,5.65808E+20,5.93489E+21,9.99348E+15,5.35588E+16
94768,94769,2,4,13,432,2016,4,20,3,2,6,4,2,1,0,1,1,0,0,0,5.66971E+20,5.94437E+21,1.00131E+16,5.36438E+16
94769,94770,2,2,5,217,2016,3,16,2,3,2,6,0,1,0,1,0,0,0,0,5.58867E+20,5.93585E+21,9.88889E+15,5.35682E+16
94770,94771,2,7,13,714,2016,3,12,4,3,5,3,0,0,0,1,0,1,0,0,5.58867E+20,5.92584E+21,9.887E+15,5.34782E+16
94771,94772,2,5,4,512,2016,3,14,7,3,4,2,0,0,0,1,0,1,0,0,5.76024E+20,5.93626E+21,1.0148E+16,5.35697E+16
94772,94773,2,4,11,430,2016,3,13,5,3,5,3,0,0,1,1,0,0,0,0,5.69052E+20,5.94084E+21,1.00438E+16,5.36118E+16
94773,94774,2,1,5,114,2016,3,14,5,3,5,2,0,0,1,1,0,0,0,0,5.67131E+20,5.93438E+21,1.00133E+16,5.3554E+16
94774,94775,2,3,1,310,2016,4,23,7,3,1,6,2,0,0,1,0,0,0,0,5.63943E+20,5.93559E+21,9.96547E+15,5.35653E+16
94775,94776,2,1,6,117,2016,3,10,4,3,5,3,0,0,0,1,0,0,0,0,5.67972E+20,5.93416E+21,1.0026E+16,5.35519E+16
94776,94777,2,3,8,320,2016,3,13,7,3,6,7,0,0,1,0,1,0,0,0,5.59714E+20,5.94037E+21,9.90255E+15,5.36087E+16
94777,94778,2,3,9,321,2016,3,4,6,3,6,2,2,1,0,1,1,0,0,0,5.60707E+20,5.93937E+21,9.91736E+15,5.35996E+16
94778,94779,2,2,11,224,2016,3,7,6,3,2,2,0,0,0,1,0,0,1,0,5.52744E+20,5.9356E+21,9.7964E+15,5.35666E+16
94779,94780,2,4,5,408,2016,3,0,1,3,7,1,2,0,0,1,0,0,0,0,5.6797E+20,5.94019E+21,1.00273E+16,5.36061E+16
94780,94781,2,4,7,417,2016,3,17,4,3,2,6,0,1,0,1,0,0,0,1,5.67841E+20,5.93562E+21,1.00243E+16,5.35651E+16
94781,94782,2,1,5,114,2016,3,14,3,3,2,6,0,0,0,1,0,0,0,0,5.66151E+20,5.93476E+21,9.99863E+15,5.35575E+16
94782,94783,2,3,2,311,2016,4,9,3,3,1,7,0,0,1,1,0,0,0,0,5.6516E+20,5.93617E+21,9.98396E+15,5.35703E+16
94783,94784,2,3,2,312,2016,3,13,2,3,5,3,0,0,0,1,0,0,0,0,5.65614E+20,5.93507E+21,9.99059E+15,5.35604E+16
94784,94785,2,4,11,430,2016,3,15,7,3,2,6,0,0,0,1,0,0,0,0,5.685E+20,5.94276E+21,1.00358E+16,5.36291E+16
94785,94786,2,1,4,112,2016,3,19,5,3,1,6,2,0,0,1,0,0,0,0,5.63737E+20,5.93383E+21,9.96201E+15,5.35494E+16
94786,94787,2,7,10,711,2016,4,17,7,3,4,6,0,0,0,1,0,0,1,0,5.63283E+20,5.92542E+21,9.95345E+15,5.34739E+16
94787,94788,2,5,5,513,2016,3,11,4,3,2,6,0,0,0,1,0,0,0,0,5.74438E+20,5.9382E+21,1.01245E+16,5.35873E+16
94788,94789,2,5,18,526,2016,3,14,6,3,5,3,0,0,0,1,0,1,0,0,5.7557E+20,5.93887E+21,1.01418E+16,5.35933E+16
94789,94790,2,5,16,524,2016,3,16,3,3,4,6,0,1,0,1,0,0,0,0,5.75422E+20,5.94809E+21,1.01418E+16,5.36761E+16
94790,94791,2,4,5,408,2016,4,16,6,3,2,6,0,0,0,1,0,0,0,0,5.67827E+20,5.93954E+21,1.0025E+16,5.36003E+16
94791,94792,2,2,5,216,2016,3,6,1,3,5,3,1,0,0,1,0,0,0,1,5.59841E+20,5.93591E+21,9.90361E+15,5.35687E+16
94792,94793,2,4,13,432,2016,4,9,2,3,5,3,0,1,0,1,0,0,0,0,5.68068E+20,5.94841E+21,1.00305E+16,5.368E+16
94793,94794,2,5,17,525,2016,3,18,4,2,5,2,1,0,1,1,0,0,0,0,5.76532E+20,5.94507E+21,1.01578E+16,5.36488E+16
94794,94795,2,3,9,321,2016,4,10,1,3,2,6,0,0,0,1,0,0,0,1,5.6224E+20,5.93865E+21,9.94037E+15,5.3593E+16
94795,94796,2,7,1,702,2016,3,15,1,3,5,3,0,0,0,1,0,0,0,0,5.65589E+20,5.92308E+21,9.98771E+15,5.34526E+16
94796,94797,2,3,6,318,2016,3,18,1,3,5,3,1,0,0,1,0,0,0,0,5.63461E+20,5.94299E+21,9.9597E+15,5.36318E+16
94797,94798,2,7,9,710,2016,3,16,3,3,6,4,0,0,0,1,1,0,0,0,5.63398E+20,5.92345E+21,9.9548E+15,5.34563E+16
94798,94799,2,5,8,516,2016,4,11,2,3,5,3,0,0,1,1,0,0,0,0,5.70542E+20,5.94121E+21,1.00664E+16,5.36149E+16
94799,94800,2,6,1,601,2016,4,15,1,3,1,5,0,0,0,1,0,1,0,0,5.79635E+20,5.92972E+21,1.02009E+16,5.35104E+16
94800,94801,2,2,8,220,2016,3,9,3,3,3,7,0,1,0,1,0,0,0,1,5.58184E+20,5.9378E+21,9.87894E+15,5.35858E+16
94801,94802,2,4,9,425,2016,3,23,1,2,5,2,2,0,0,1,0,1,0,0,5.70688E+20,5.93758E+21,1.00678E+16,5.35823E+16
94802,94803,2,5,18,526,2016,4,17,6,3,4,7,0,0,0,1,0,1,0,0,5.76506E+20,5.94068E+21,1.01564E+16,5.36093E+16
94803,94804,2,5,2,508,2016,3,6,4,3,3,7,0,0,0,1,0,0,0,0,5.72795E+20,5.93817E+21,1.00997E+16,5.35873E+16
94804,94805,2,4,13,432,2016,3,11,6,3,5,3,0,0,0,1,0,0,0,0,5.65536E+20,5.94694E+21,9.99191E+15,5.36671E+16
94805,94806,2,1,20,141,2016,3,17,7,3,9,1,0,0,0,1,0,0,0,0,5.58572E+20,5.93121E+21,9.88357E+15,5.35265E+16
94806,94807,2,4,11,430,2016,3,15,3,3,1,6,0,0,0,1,0,0,0,0,5.67288E+20,5.94145E+21,1.00172E+16,5.36176E+16
94807,94808,2,3,6,318,2016,4,9,6,3,5,2,0,0,1,1,0,0,0,0,5.62748E+20,5.9439E+21,9.9491E+15,5.36401E+16
94808,94809,2,1,6,117,2016,3,17,5,3,6,7,0,0,0,1,1,0,0,0,5.68067E+20,5.93414E+21,1.00274E+16,5.35517E+16
94809,94810,2,2,8,220,2016,4,9,2,3,6,2,0,1,0,1,1,0,0,0,5.57825E+20,5.93835E+21,9.87362E+15,5.35908E+16
94810,94811,2,3,3,314,2016,3,19,4,3,4,2,2,0,1,1,0,0,0,0,5.66042E+20,5.93708E+21,9.99748E+15,5.35784E+16
94811,94812,2,7,1,702,2016,4,13,7,3,1,6,0,0,0,1,0,0,0,0,5.65684E+20,5.92351E+21,9.98923E+15,5.34565E+16
94812,94813,2,4,10,429,2016,3,19,4,3,4,2,2,0,1,0,0,0,0,1,5.69443E+20,5.93974E+21,1.00494E+16,5.36019E+16
94813,94814,2,1,11,129,2016,3,18,1,3,5,7,1,0,0,1,0,0,0,0,5.72413E+20,5.93364E+21,1.00929E+16,5.35466E+16
94814,94815,2,5,7,515,2016,3,17,4,3,6,7,0,0,0,1,1,0,0,0,5.71714E+20,5.94076E+21,1.0084E+16,5.36107E+16
94815,94816,2,2,11,223,2016,3,8,6,3,2,2,0,1,0,1,0,0,0,0,5.5279E+20,5.93556E+21,9.79709E+15,5.35663E+16
94816,94817,2,4,12,431,2016,3,7,4,3,5,2,0,0,1,1,0,0,0,0,5.66802E+20,5.94216E+21,1.001E+16,5.3624E+16
94817,94818,2,5,5,513,2016,3,11,7,3,1,5,0,0,0,1,0,0,0,0,5.7442E+20,5.93804E+21,1.01242E+16,5.35859E+16
94818,94819,2,1,7,120,2016,4,18,3,3,5,3,0,1,1,1,0,0,0,0,5.68009E+20,5.93438E+21,1.00266E+16,5.35539E+16
94819,94820,2,2,5,215,2016,3,15,3,3,1,6,0,0,0,1,0,0,0,0,5.60808E+20,5.9362E+21,9.91826E+15,5.35711E+16
94820,94821,2,1,3,108,2016,4,15,6,3,4,2,0,0,0,1,0,0,0,0,5.65819E+20,5.93477E+21,9.99363E+15,5.35577E+16
94821,94822,2,5,7,515,2016,3,10,5,3,2,6,0,0,0,1,0,0,0,0,5.70888E+20,5.94052E+21,1.00714E+16,5.36087E+16
94822,94823,2,2,7,219,2016,3,12,1,3,3,6,0,1,0,1,0,0,0,0,5.58953E+20,5.93461E+21,9.88995E+15,5.3557E+16
94823,94824,2,1,4,112,2016,3,12,7,3,2,6,0,0,0,1,0,0,0,0,5.63735E+20,5.93383E+21,9.96197E+15,5.35494E+16
94824,94825,2,3,3,314,2016,4,7,2,3,2,6,0,0,1,1,0,0,0,0,5.65156E+20,5.93764E+21,9.98422E+15,5.35836E+16
94825,94826,2,4,9,425,2016,3,14,3,3,3,2,0,0,1,1,0,0,0,0,5.70692E+20,5.93757E+21,1.00678E+16,5.35822E+16
94826,94827,2,5,18,526,2016,4,21,7,3,2,6,2,0,0,1,0,0,0,0,5.76878E+20,5.9402E+21,1.01619E+16,5.36049E+16
94827,94828,2,4,6,415,2016,3,17,4,3,5,3,0,0,1,1,0,0,0,0,5.67557E+20,5.9357E+21,1.00201E+16,5.35658E+16
94828,94829,2,1,12,130,2016,3,16,1,3,2,6,0,0,0,1,0,0,0,0,5.73471E+20,5.93398E+21,1.01089E+16,5.35495E+16
94829,94830,2,2,1,206,2016,3,16,6,2,4,6,0,0,1,1,0,0,0,0,5.63177E+20,5.93494E+21,9.95377E+15,5.35595E+16
94830,94831,2,2,7,219,2016,3,17,7,3,5,3,0,0,0,1,0,0,0,0,5.58192E+20,5.9342E+21,9.8784E+15,5.35535E+16
94831,94832,2,4,12,431,2016,3,12,4,3,2,6,0,0,0,1,0,0,0,1,5.66939E+20,5.94231E+21,1.00121E+16,5.36253E+16
94832,94833,2,7,4,705,2016,3,19,2,3,2,6,2,1,0,1,0,0,0,1,5.65826E+20,5.92226E+21,9.99111E+15,5.34452E+16
94833,94834,2,4,10,426,2016,4,14,3,2,6,4,0,0,0,1,1,0,0,0,5.69743E+20,5.93781E+21,1.00535E+16,5.35845E+16
94834,94835,2,3,9,321,2016,3,15,2,3,5,2,0,1,1,1,0,0,0,0,5.62724E+20,5.93787E+21,9.94753E+15,5.35859E+16
94835,94836,2,5,5,513,2016,3,23,4,3,0,7,2,0,0,1,0,0,0,0,5.74854E+20,5.93785E+21,1.01307E+16,5.35841E+16
94836,94837,2,5,7,515,2016,3,22,7,3,0,7,2,0,1,0,0,0,0,0,5.70786E+20,5.93988E+21,1.00698E+16,5.36029E+16
94837,94838,2,4,7,416,2016,3,9,5,3,2,6,0,0,0,1,0,0,0,0,5.67275E+20,5.93541E+21,1.00157E+16,5.35632E+16
94838,94839,2,7,15,716,2016,3,17,4,2,4,1,0,0,0,1,0,0,0,0,5.56847E+20,5.92914E+21,9.85717E+15,5.35081E+16
94839,94840,2,4,2,403,2016,3,16,7,3,0,7,0,0,0,1,0,0,0,0,5.65055E+20,5.93826E+21,9.98281E+15,5.35892E+16
94840,94841,2,5,18,526,2016,3,17,4,3,6,4,0,0,0,1,1,0,0,0,5.76047E+20,5.94241E+21,1.01499E+16,5.36249E+16
94841,94842,2,7,10,711,2016,3,11,2,3,5,3,0,1,0,1,0,0,0,0,5.63461E+20,5.92435E+21,9.95593E+15,5.34643E+16
94842,94843,2,5,8,516,2016,4,12,3,3,6,4,0,0,1,0,1,0,0,0,5.69695E+20,5.94004E+21,1.00533E+16,5.36045E+16
94843,94844,2,7,1,702,2016,3,5,5,3,4,2,2,0,0,1,0,0,0,1,5.6613E+20,5.92441E+21,9.99612E+15,5.34645E+16
94844,94845,2,6,10,611,2016,3,19,2,3,8,1,0,1,0,0,0,1,0,0,5.77984E+20,5.92808E+21,1.01756E+16,5.34959E+16
94845,94846,2,3,2,312,2016,3,17,5,3,0,3,0,0,1,0,0,0,0,1,5.65474E+20,5.93625E+21,9.98873E+15,5.35711E+16
94846,94847,2,1,12,130,2016,3,14,7,3,6,7,0,0,1,0,1,0,0,0,5.72447E+20,5.93324E+21,1.00933E+16,5.3543E+16
94847,94848,2,7,1,702,2016,3,12,5,3,8,7,0,0,0,1,0,0,0,0,5.65443E+20,5.92383E+21,9.98566E+15,5.34594E+16
94848,94849,2,1,20,141,2016,3,6,4,2,0,1,2,2,0,0,0,1,0,0,5.56225E+20,5.9323E+21,9.84836E+15,5.35366E+16
94849,94850,2,3,7,319,2016,4,13,7,3,5,3,0,0,0,1,0,0,0,0,5.60667E+20,5.94333E+21,9.91753E+15,5.36352E+16
94850,94851,2,4,10,427,2016,3,16,4,3,5,3,0,0,0,1,0,1,0,0,5.69267E+20,5.93804E+21,1.00464E+16,5.35866E+16
94851,94852,2,1,4,109,2016,3,11,6,3,5,3,0,0,0,0,0,0,1,1,5.64762E+20,5.93521E+21,9.97776E+15,5.35617E+16
94852,94853,2,6,2,603,2016,3,11,6,3,2,6,0,0,0,1,0,0,0,1,5.80187E+20,5.92652E+21,1.02084E+16,5.34815E+16
94853,94854,2,3,7,319,2016,3,6,4,3,1,6,0,1,0,1,0,0,0,1,5.60031E+20,5.94303E+21,9.90785E+15,5.36326E+16
94854,94855,2,1,16,136,2016,3,18,2,3,5,2,2,1,1,1,0,0,0,0,5.66892E+20,5.9286E+21,1.00085E+16,5.35021E+16
94855,94856,2,7,6,707,2016,4,19,2,3,5,2,1,0,0,1,0,0,0,0,5.65449E+20,5.9212E+21,9.98521E+15,5.34358E+16
94856,94857,2,2,7,219,2016,3,8,3,3,5,7,0,0,1,1,0,0,0,0,5.60248E+20,5.93367E+21,9.90931E+15,5.35484E+16
94857,94858,2,6,14,615,2016,3,17,1,3,5,3,0,0,1,1,0,0,0,0,5.76139E+20,5.92665E+21,1.01474E+16,5.34833E+16
94858,94859,2,2,11,223,2016,3,10,7,2,2,6,0,0,0,1,0,0,0,0,5.53923E+20,5.93524E+21,9.81414E+15,5.35633E+16
94859,94860,2,7,4,705,2016,3,16,4,2,5,2,0,0,0,1,0,0,0,0,5.65448E+20,5.9212E+21,9.9852E+15,5.34358E+16