FID,OBJECTID,ULAND,UREGBEZ,UKREIS,UGEMEINDE,UJAHR,UMONAT,USTUNDE,UWOCHENTAG,UKATEGORIE,UART,UTYP1,ULICHTVERH,IstStrasse,IstRad,IstPKW,IstFuss,IstKrad,IstGkfz,IstSonstig,LINREFX,LINREFY,XGCSWGS84,YGCSWGS84
94860,94861,2,1,16,137,2016,4,7,6,3,3,2,0,0,1,0,0,0,1,0,5.64791E+20,5.92959E+21,9.97703E+15,5.35113E+16
94861,94862,2,2,8,220,2016,3,13,4,3,2,6,0,0,0,1,0,0,0,0,5.57468E+20,5.93884E+21,9.86832E+15,5.35952E+16
94862,94863,2,1,14,133,2016,4,10,3,3,5,3,0,0,1,0,0,0,1,0,5.68293E+20,5.9326E+21,1.00305E+16,5.35379E+16
94863,94864,2,5,18,526,2016,3,12,6,3,2,6,0,0,0,1,0,0,0,1,5.76142E+20,5.94159E+21,1.01511E+16,5.36176E+16
94864,94865,2,5,2,505,2016,3,9,6,3,6,7,0,0,0,1,1,0,0,0,5.70672E+20,5.9366E+21,1.00673E+16,5.35735E+16
94865,94866,2,1,4,112,2016,4,4,7,3,2,7,2,0,0,1,0,0,0,0,5.63638E+20,5.93382E+21,9.96052E+15,5.35495E+16
94866,94867,2,3,2,311,2016,3,15,7,3,1,6,0,0,0,1,0,0,0,0,5.65128E+20,5.93548E+21,9.98334E+15,5.35641E+16
94867,94868,2,7,9,710,2016,3,5,5,3,6,2,2,0,0,1,1,0,0,0,5.63391E+20,5.92342E+21,9.95468E+15,5.3456E+16
94868,94869,2,1,16,137,2016,3,11,3,3,6,3,0,0,0,0,1,0,0,1,5.65832E+20,5.9295E+21,9.99271E+15,5.35103E+16
94869,94870,2,5,7,515,2016,4,11,6,3,0,7,0,0,0,1,0,1,0,0,5.71528E+20,5.94179E+21,1.00814E+16,5.362E+16
94870,94871,2,5,2,507,2016,3,15,6,3,5,3,0,0,0,1,0,0,0,0,5.70649E+20,5.93723E+21,1.00671E+16,5.35791E+16
94871,94872,2,5,17,525,2016,4,19,2,3,5,3,2,0,1,1,0,0,0,0,5.7696E+20,5.94485E+21,1.01643E+16,5.36468E+16
94872,94873,2,1,13,131,2016,3,15,4,3,5,3,0,0,0,1,0,0,0,1,5.73652E+20,5.93192E+21,1.01112E+16,5.35311E+16
94873,94874,2,5,2,507,2016,4,13,1,3,0,1,0,0,1,0,0,0,0,0,5.70898E+20,5.93654E+21,1.00707E+16,5.35729E+16
94874,94875,2,4,10,429,2016,3,16,1,3,4,2,0,0,0,1,0,0,0,0,5.69448E+20,5.93974E+21,1.00495E+16,5.36018E+16
94875,94876,2,5,3,511,2016,4,15,6,2,6,4,0,0,0,0,1,1,0,0,5.71707E+20,5.93632E+21,1.00828E+16,5.35709E+16
94876,94877,2,3,7,319,2016,3,12,4,3,3,5,0,0,0,1,0,0,0,1,5.60677E+20,5.94225E+21,9.91746E+15,5.36255E+16
94877,94878,2,5,7,515,2016,3,3,6,3,0,7,2,0,0,1,0,0,0,0,5.70897E+20,5.94052E+21,1.00716E+16,5.36087E+16
94878,94879,2,4,7,417,2016,3,5,3,3,6,2,2,0,0,1,1,0,0,0,5.68312E+20,5.93502E+21,1.00313E+16,5.35596E+16
94879,94880,2,3,1,309,2016,4,20,6,2,5,3,2,0,0,1,0,1,0,0,5.64088E+20,5.93573E+21,9.96768E+15,5.35665E+16
94880,94881,2,5,6,514,2016,3,7,5,3,5,5,0,0,0,1,0,1,0,0,5.72812E+20,5.93915E+21,1.01002E+16,5.35961E+16
94881,94882,2,3,6,318,2016,4,16,2,3,5,3,0,0,1,0,0,0,0,1,5.63137E+20,5.94311E+21,9.95483E+15,5.3633E+16
94882,94883,2,1,5,114,2016,3,18,4,3,3,7,2,0,0,0,0,0,0,1,5.66841E+20,5.93417E+21,1.00089E+16,5.35522E+16
94883,94884,2,1,12,130,2016,4,14,7,2,5,3,0,0,0,1,0,0,0,0,5.75904E+20,5.93345E+21,1.01455E+16,5.35444E+16
94884,94885,2,5,10,518,2016,3,9,3,3,2,6,0,0,0,1,0,1,0,0,5.734E+20,5.94552E+21,1.01106E+16,5.36533E+16
94885,94886,2,2,8,220,2016,4,19,6,2,6,4,1,0,0,0,1,0,0,1,5.57792E+20,5.93839E+21,9.87313E+15,5.35912E+16
94886,94887,2,4,8,423,2016,3,8,6,3,5,3,0,0,1,1,0,0,0,0,5.6912E+20,5.93719E+21,1.0044E+16,5.3579E+16
94887,94888,2,3,8,320,2016,4,8,2,3,5,2,0,1,1,0,0,0,0,0,5.60166E+20,5.93999E+21,9.9093E+15,5.36052E+16
94888,94889,2,4,5,413,2016,3,18,4,3,3,6,1,0,1,1,0,0,0,0,5.6702E+20,5.93734E+21,1.00123E+16,5.35806E+16
94889,94890,2,1,3,108,2016,4,15,1,3,1,6,0,0,0,1,0,0,0,1,5.65928E+20,5.93474E+21,9.99525E+15,5.35574E+16
94890,94891,2,4,13,432,2016,3,15,1,3,5,3,0,0,0,1,0,0,0,0,5.66015E+20,5.94616E+21,9.99899E+15,5.366E+16
94891,94892,2,6,1,601,2016,3,11,3,3,6,3,0,0,1,0,1,0,0,0,5.8019E+20,5.92779E+21,1.02087E+16,5.34929E+16
94892,94893,2,7,1,701,2016,3,15,5,3,0,7,0,0,0,0,0,0,0,1,5.64946E+20,5.92371E+21,9.97815E+15,5.34584E+16
94893,94894,2,4,6,415,2016,3,17,6,3,6,4,0,0,1,0,1,0,0,0,5.67294E+20,5.936E+21,1.00161E+16,5.35686E+16
94894,94895,2,5,6,514,2016,3,19,4,3,2,6,1,0,0,1,0,0,0,0,5.73914E+20,5.9404E+21,1.01171E+16,5.36072E+16
94895,94896,2,6,1,601,2016,3,8,2,2,5,2,0,1,1,1,0,0,0,0,5.79899E+20,5.9298E+21,1.02049E+16,5.3511E+16
94896,94897,2,5,4,512,2016,4,11,3,3,2,6,0,0,0,1,0,0,0,1,5.73716E+20,5.93699E+21,1.01133E+16,5.35766E+16
94897,94898,2,4,2,405,2016,3,18,3,3,5,3,0,1,1,1,0,0,0,0,5.65371E+20,5.939E+21,9.98775E+15,5.35957E+16
94898,94899,2,1,19,140,2016,3,15,5,2,1,6,0,0,0,1,0,0,0,0,5.60306E+20,5.92979E+21,9.90945E+15,5.35136E+16
94899,94900,2,1,1,101,2016,3,12,3,3,5,3,0,0,0,1,0,0,0,1,5.66659E+20,5.93395E+21,1.00061E+16,5.35502E+16
94900,94901,2,3,8,320,2016,3,7,5,3,2,6,0,0,0,1,0,0,0,1,5.60041E+20,5.93848E+21,9.90711E+15,5.35917E+16
94901,94902,2,7,4,705,2016,3,11,7,3,6,7,0,0,0,1,1,0,0,0,5.6563E+20,5.92265E+21,9.98824E+15,5.34488E+16
94902,94903,2,5,10,518,2016,3,15,6,3,8,2,0,1,0,1,0,0,0,0,5.73176E+20,5.94556E+21,1.01072E+16,5.36536E+16
94903,94904,2,7,2,703,2016,3,7,4,3,2,6,0,1,0,1,0,0,1,0,5.66884E+20,5.92424E+21,1.00075E+16,5.34629E+16
94904,94905,2,1,3,106,2016,4,9,2,3,1,7,0,1,1,1,0,0,0,0,5.64803E+20,5.93374E+21,9.97808E+15,5.35486E+16
94905,94906,2,4,7,416,2016,3,17,3,3,3,2,0,0,1,0,0,0,0,1,5.67748E+20,5.93489E+21,1.00228E+16,5.35585E+16
94906,94907,2,4,8,423,2016,4,14,7,3,0,6,0,0,0,0,0,1,0,1,5.69136E+20,5.93753E+21,1.00443E+16,5.35821E+16
94907,94908,2,1,11,128,2016,3,19,3,2,6,4,2,0,0,1,1,0,0,0,5.71868E+20,5.93437E+21,1.00848E+16,5.35533E+16
94908,94909,2,2,5,216,2016,3,4,1,3,5,3,2,1,0,1,0,0,0,0,5.60792E+20,5.93581E+21,9.91795E+15,5.35676E+16
94909,94910,2,1,12,130,2016,3,19,3,3,8,1,2,0,0,0,0,1,0,0,5.73229E+20,5.93436E+21,1.01054E+16,5.3553E+16
94910,94911,2,2,3,210,2016,3,14,1,3,5,3,0,0,1,1,0,0,0,0,5.62034E+20,5.93414E+21,9.93637E+15,5.35525E+16
94911,94912,2,1,7,119,2016,3,8,5,3,2,6,0,0,0,1,0,1,0,0,5.68602E+20,5.93422E+21,1.00355E+16,5.35524E+16
94912,94913,2,2,1,206,2016,3,10,6,3,3,2,0,0,1,0,0,0,0,1,5.62946E+20,5.93459E+21,9.95022E+15,5.35564E+16
94913,94914,2,5,7,515,2016,3,17,4,3,5,3,0,1,0,1,0,1,0,0,5.70955E+20,5.9392E+21,1.00722E+16,5.35968E+16
94914,94915,2,1,12,130,2016,3,17,2,3,2,6,0,1,0,1,0,1,0,0,5.76354E+20,5.93327E+21,1.01523E+16,5.35428E+16
94915,94916,2,4,13,432,2016,4,15,3,3,1,2,0,1,0,1,0,0,0,0,5.67495E+20,5.94495E+21,1.00211E+16,5.3649E+16
94916,94917,2,3,9,321,2016,3,16,2,3,0,7,0,1,1,0,0,0,0,1,5.62113E+20,5.93862E+21,9.93845E+15,5.35928E+16
94917,94918,2,1,3,108,2016,3,21,5,3,5,3,2,0,0,1,0,0,0,0,5.6579E+20,5.93478E+21,9.99318E+15,5.35578E+16
94918,94919,2,5,18,526,2016,3,9,7,3,5,3,0,0,1,1,0,0,0,0,5.75277E+20,5.94052E+21,1.01378E+16,5.36081E+16
94919,94920,2,1,7,120,2016,3,20,5,2,6,2,2,0,0,1,1,0,0,0,5.68475E+20,5.93461E+21,1.00337E+16,5.35559E+16
94920,94921,2,1,13,131,2016,3,5,4,3,5,3,2,1,1,0,0,0,1,0,5.73247E+20,5.93095E+21,1.01048E+16,5.35224E+16
94921,94922,2,2,4,214,2016,4,16,7,2,0,7,0,0,1,0,0,0,0,0,5.61537E+20,5.9333E+21,9.9287E+15,5.3545E+16
94922,94923,2,1,13,131,2016,3,17,3,3,2,6,0,0,0,1,0,0,0,1,5.72628E+20,5.93198E+21,1.00957E+16,5.35317E+16
94923,94924,2,5,18,526,2016,3,19,5,3,0,7,2,0,1,0,0,0,0,0,5.76223E+20,5.93964E+21,1.01518E+16,5.36001E+16
94924,94925,2,1,5,113,2016,3,12,6,3,1,5,0,0,1,1,0,0,0,0,5.67043E+20,5.93483E+21,1.00121E+16,5.3558E+16
94925,94926,2,7,13,714,2016,3,12,3,3,5,3,0,0,1,1,0,0,0,0,5.59197E+20,5.9258E+21,9.89198E+15,5.34778E+16
94926,94927,2,5,3,510,2016,4,12,2,3,2,6,0,0,0,1,0,0,0,0,5.70597E+20,5.93635E+21,1.00661E+16,5.35713E+16
94927,94928,2,5,11,519,2016,3,17,5,3,2,6,0,0,0,1,0,0,0,0,5.72092E+20,5.94582E+21,1.00909E+16,5.36562E+16
94928,94929,2,1,16,137,2016,3,17,5,3,6,4,0,0,1,0,1,0,0,0,5.65128E+20,5.93044E+21,9.98229E+15,5.35189E+16
94929,94930,2,4,5,413,2016,3,12,4,3,5,3,0,0,1,1,0,0,0,0,5.66613E+20,5.93755E+21,1.00062E+16,5.35826E+16
94930,94931,2,4,9,425,2016,3,12,2,3,5,3,0,1,0,1,0,0,0,0,5.70542E+20,5.93728E+21,1.00655E+16,5.35796E+16
94931,94932,2,3,6,318,2016,4,18,3,3,1,5,0,1,1,1,0,0,0,0,5.63038E+20,5.94095E+21,9.95289E+15,5.36136E+16
94932,94933,2,3,2,311,2016,3,20,2,3,2,6,2,1,0,1,0,0,0,0,5.65148E+20,5.93555E+21,9.98366E+15,5.35648E+16
94933,94934,2,5,10,518,2016,3,18,7,3,2,6,1,0,0,1,0,0,0,0,5.7338E+20,5.94593E+21,1.01104E+16,5.36569E+16
94934,94935,2,3,2,312,2016,3,14,5,3,5,3,0,0,0,1,0,0,0,1,5.65218E+20,5.93546E+21,9.9847E+15,5.3564E+16
94935,94936,2,1,3,108,2016,4,17,7,3,2,6,0,0,0,1,0,0,0,1,5.65685E+20,5.9345E+21,9.99154E+15,5.35553E+16
94936,94937,2,5,2,509,2016,3,17,3,3,2,6,1,0,0,1,0,0,0,0,5.71365E+20,5.93796E+21,1.00781E+16,5.35856E+16
94937,94938,2,7,10,711,2016,3,13,6,3,5,3,0,0,0,1,0,0,0,1,5.6304E+20,5.92417E+21,9.94954E+15,5.34627E+16
94938,94939,2,5,18,526,2016,3,7,3,3,5,3,0,0,1,1,0,0,0,0,5.75922E+20,5.94205E+21,1.01479E+16,5.36218E+16
94939,94940,2,4,12,431,2016,4,22,6,3,5,3,2,0,0,1,0,0,0,0,5.67262E+20,5.94276E+21,1.00171E+16,5.36293E+16
94940,94941,2,1,16,137,2016,3,14,5,2,6,4,0,0,0,0,1,0,0,1,5.65431E+20,5.9295E+21,9.98666E+15,5.35104E+16
94941,94942,2,5,12,520,2016,4,15,2,3,4,2,0,0,1,1,0,0,0,0,5.69864E+20,5.94484E+21,1.00569E+16,5.36476E+16
94942,94943,2,5,2,505,2016,3,23,4,3,6,7,2,0,0,1,1,0,0,0,5.70839E+20,5.93641E+21,1.00698E+16,5.35718E+16
94943,94944,2,3,9,321,2016,4,18,1,3,2,6,0,0,0,1,0,0,0,0,5.61793E+20,5.9386E+21,9.93362E+15,5.35926E+16
94944,94945,2,1,4,112,2016,3,17,1,3,4,2,0,0,1,1,0,0,0,0,5.64237E+20,5.93346E+21,9.96947E+15,5.35461E+16
94945,94946,2,4,5,408,2016,3,7,3,3,2,6,0,0,0,1,0,0,0,0,5.67934E+20,5.94025E+21,1.00267E+16,5.36066E+16
94946,94947,2,5,6,514,2016,3,14,1,3,1,7,0,1,1,1,0,0,0,0,5.73208E+20,5.93887E+21,1.01061E+16,5.35935E+16
94947,94948,2,3,5,317,2016,3,16,7,3,6,7,0,0,0,1,1,0,0,0,5.62573E+20,5.93868E+21,9.94542E+15,5.35932E+16
94948,94949,2,1,13,131,2016,4,16,6,3,5,2,0,0,1,0,0,0,1,0,5.72671E+20,5.93206E+21,1.00964E+16,5.35324E+16
94949,94950,2,4,10,428,2016,3,11,3,3,3,2,0,0,1,1,0,0,0,0,5.6912E+20,5.93874E+21,1.00443E+16,5.3593E+16
94950,94951,2,4,13,432,2016,3,17,6,3,0,6,1,0,0,1,0,0,0,0,5.67369E+20,5.9454E+21,1.00193E+16,5.3653E+16
94951,94952,2,1,16,136,2016,3,8,5,3,6,7,0,1,0,0,1,0,1,0,5.67066E+20,5.92804E+21,1.0011E+16,5.34971E+16
94952,94953,2,4,12,431,2016,3,21,3,3,2,6,2,1,0,1,0,0,0,0,5.67924E+20,5.94299E+21,1.00272E+16,5.36313E+16
94953,94954,2,3,7,319,2016,4,15,6,3,1,6,0,0,0,0,0,1,0,1,5.61384E+20,5.94433E+21,9.92856E+15,5.36441E+16
94954,94955,2,1,16,136,2016,3,8,5,3,3,6,0,0,0,1,0,0,1,0,5.67331E+20,5.93057E+21,1.00155E+16,5.35197E+16
94955,94956,2,1,11,129,2016,3,5,5,3,6,4,2,0,0,1,1,0,0,0,5.72771E+20,5.93403E+21,1.00984E+16,5.35501E+16
94956,94957,2,2,11,223,2016,4,9,2,3,2,6,0,1,0,1,0,0,0,0,5.52727E+20,5.93556E+21,9.79614E+15,5.35662E+16
94957,94958,2,2,5,215,2016,3,13,4,3,1,5,0,0,0,1,0,1,0,0,5.61352E+20,5.93503E+21,9.92625E+15,5.35606E+16
94958,94959,2,7,12,713,2016,4,18,7,2,8,1,0,0,0,0,0,1,0,0,5.59926E+20,5.92859E+21,9.9035E+15,5.35029E+16
94959,94960,2,2,8,220,2016,3,9,3,3,5,3,0,0,0,1,0,0,0,0,5.56432E+20,5.93849E+21,9.85261E+15,5.35922E+16
94960,94961,2,1,3,106,2016,3,0,1,3,2,6,2,1,0,1,0,0,0,0,5.64858E+20,5.93449E+21,9.97906E+15,5.35553E+16
94961,94962,2,3,8,320,2016,3,16,3,3,1,7,0,0,0,1,0,0,1,0,5.59896E+20,5.93888E+21,9.90501E+15,5.35953E+16
94962,94963,2,5,9,517,2016,3,13,5,2,8,7,0,0,0,1,0,0,0,0,5.72154E+20,5.94342E+21,1.00912E+16,5.36346E+16
94963,94964,2,6,2,602,2016,3,15,5,2,6,2,0,0,0,1,1,0,0,0,5.80166E+20,5.92743E+21,1.02083E+16,5.34897E+16
94964,94965,2,5,4,512,2016,3,13,4,3,6,4,0,0,0,1,1,0,0,0,5.73295E+20,5.93658E+21,1.01069E+16,5.3573E+16
94965,94966,2,5,8,516,2016,3,11,2,3,0,7,0,1,0,0,0,0,0,1,5.70017E+20,5.94069E+21,1.00583E+16,5.36103E+16
94966,94967,2,5,2,508,2016,4,14,3,3,2,6,0,1,0,1,0,0,0,1,5.72345E+20,5.93821E+21,1.00929E+16,5.35878E+16
94967,94968,2,3,2,312,2016,3,14,3,2,6,4,0,0,0,1,1,0,0,0,5.65615E+20,5.93644E+21,9.9909E+15,5.35727E+16
94968,94969,2,7,1,702,2016,3,14,5,3,0,2,0,0,1,1,0,0,0,0,5.65185E+20,5.92416E+21,9.98184E+15,5.34624E+16
94969,94970,2,4,9,425,2016,3,8,5,3,4,2,0,0,0,1,0,0,0,0,5.70478E+20,5.93805E+21,1.00647E+16,5.35866E+16
94970,94971,2,2,9,221,2016,3,18,3,3,4,2,0,1,1,0,0,0,1,0,5.55447E+20,5.93645E+21,9.83737E+15,5.3574E+16
94971,94972,2,1,1,101,2016,4,18,6,3,6,4,0,0,1,0,1,0,0,0,5.66132E+20,5.93438E+21,9.99827E+15,5.35541E+16
94972,94973,2,5,7,515,2016,3,10,5,3,1,6,0,0,0,1,0,0,0,0,5.70966E+20,5.94053E+21,1.00726E+16,5.36088E+16
94973,94974,2,4,2,405,2016,3,11,7,3,2,6,0,0,0,1,0,0,0,0,5.65005E+20,5.93905E+21,9.98223E+15,5.35963E+16
94974,94975,2,2,1,201,2016,4,15,2,3,2,2,0,0,0,1,0,1,0,0,5.63041E+20,5.93349E+21,9.95143E+15,5.35466E+16
94975,94976,2,1,12,130,2016,3,12,3,2,6,7,0,0,0,1,1,0,0,0,5.73061E+20,5.93314E+21,1.01025E+16,5.35421E+16
94976,94977,2,5,6,514,2016,4,10,7,3,5,3,0,0,1,1,0,0,0,0,5.72879E+20,5.94019E+21,1.01015E+16,5.36055E+16
94977,94978,2,2,3,210,2016,3,14,3,3,2,6,0,0,0,1,0,0,1,0,5.62878E+20,5.93485E+21,9.94925E+15,5.35588E+16
94978,94979,2,7,1,702,2016,3,15,7,3,2,6,0,0,0,1,0,0,0,0,5.652E+20,5.92402E+21,9.98205E+15,5.34612E+16
94979,94980,2,4,8,423,2016,3,12,5,3,0,7,0,0,0,1,0,0,0,0,5.6917E+20,5.93755E+21,1.00448E+16,5.35823E+16
94980,94981,2,5,8,516,2016,3,20,5,3,0,7,2,0,0,0,0,0,0,1,5.70554E+20,5.94111E+21,1.00665E+16,5.3614E+16
94981,94982,2,5,10,518,2016,3,15,4,3,2,6,0,1,0,1,0,0,1,0,5.73792E+20,5.94522E+21,1.01164E+16,5.36505E+16
94982,94983,2,5,7,515,2016,3,12,2,3,0,7,0,0,0,0,0,1,0,0,5.70142E+20,5.93889E+21,1.00598E+16,5.35942E+16
94983,94984,2,4,10,427,2016,4,15,3,3,6,6,0,1,1,0,1,0,0,0,5.68389E+20,5.93832E+21,1.00332E+16,5.35893E+16
94984,94985,2,3,1,301,2016,3,19,2,3,5,3,1,1,0,1,0,0,0,0,5.62334E+20,5.93697E+21,9.94147E+15,5.35779E+16
94985,94986,2,7,4,705,2016,3,7,4,3,1,5,0,1,0,1,0,0,1,0,5.65757E+20,5.92252E+21,9.99012E+15,5.34476E+16
94986,94987,2,5,4,512,2016,3,19,7,2,5,2,2,0,0,1,0,1,0,0,5.7447E+20,5.93637E+21,1.01246E+16,5.35709E+16
94987,94988,2,5,17,525,2016,3,16,5,3,5,7,0,0,0,1,0,1,0,0,5.76759E+20,5.94497E+21,1.01612E+16,5.36478E+16
94988,94989,2,5,4,512,2016,3,8,4,3,5,7,0,1,1,1,0,0,0,0,5.73433E+20,5.93635E+21,1.01089E+16,5.35708E+16
94989,94990,2,1,4,111,2016,4,17,7,3,6,4,0,0,0,1,1,0,0,0,5.63759E+20,5.93386E+21,9.96234E+15,5.35498E+16
94990,94991,2,1,19,140,2016,3,15,3,3,3,6,0,0,0,1,0,0,1,0,5.6411E+20,5.93011E+21,9.96688E+15,5.3516E+16
94991,94992,2,2,8,220,2016,3,20,7,1,0,5,2,0,0,1,0,1,0,1,5.57519E+20,5.93876E+21,9.86907E+15,5.35945E+16
94992,94993,2,1,19,140,2016,3,8,3,3,3,3,0,0,0,1,0,0,1,0,5.60913E+20,5.92998E+21,9.91863E+15,5.35153E+16
94993,94994,2,2,3,210,2016,3,5,5,3,5,2,1,0,0,1,0,0,0,0,5.62423E+20,5.93447E+21,9.94231E+15,5.35554E+16
94994,94995,2,1,16,136,2016,3,18,7,3,2,1,0,1,0,1,0,0,0,0,5.6686E+20,5.92798E+21,1.00079E+16,5.34965E+16
94995,94996,2,5,1,502,2016,3,15,6,2,5,3,0,1,0,1,0,0,0,0,5.69544E+20,5.93653E+21,1.00502E+16,5.3573E+16
94996,94997,2,5,6,514,2016,3,18,4,3,5,3,2,0,0,1,0,0,0,0,5.73806E+20,5.94043E+21,1.01155E+16,5.36074E+16
94997,94998,2,2,8,220,2016,4,9,7,2,5,3,0,0,0,1,0,1,0,0,5.57023E+20,5.93912E+21,9.86165E+15,5.35978E+16
94998,94999,2,7,2,703,2016,3,15,2,3,1,5,0,0,0,1,0,0,0,0,5.6711E+20,5.92393E+21,1.00108E+16,5.34601E+16
94999,95000,2,1,16,137,2016,3,12,7,3,2,6,0,0,0,1,0,0,0,0,5.65762E+20,5.92864E+21,9.99147E+15,5.35026E+16
95000,95001,2,4,8,422,2016,3,15,5,3,5,3,0,0,1,0,0,0,0,1,5.68542E+20,5.93673E+21,1.00351E+16,5.3575E+16
95001,95002,2,5,7,515,2016,3,19,5,3,4,2,2,0,1,1,0,0,0,0,5.70508E+20,5.93932E+21,1.00654E+16,5.3598E+16
95002,95003,2,3,9,321,2016,3,19,4,3,5,3,2,0,0,1,0,0,0,0,5.61167E+20,5.93851E+21,9.92414E+15,5.35918E+16
95003,95004,2,5,10,518,2016,3,10,2,3,3,6,0,1,0,1,0,0,1,0,5.73209E+20,5.94556E+21,1.01077E+16,5.36537E+16
95004,95005,2,1,1,101,2016,4,15,3,3,2,6,0,1,0,1,0,0,0,1,5.66342E+20,5.93461E+21,1.00015E+16,5.35562E+16
95005,95006,2,1,16,136,2016,3,17,1,3,3,2,0,0,0,1,0,0,0,0,5.67329E+20,5.93046E+21,1.00155E+16,5.35187E+16
95006,95007,2,4,10,429,2016,3,12,7,3,0,1,0,0,0,0,0,1,0,0,5.68588E+20,5.93922E+21,1.00364E+16,5.35974E+16
95007,95008,2,7,14,715,2016,3,7,4,3,2,6,0,1,0,1,0,0,0,0,5.56805E+20,5.92524E+21,9.85584E+15,5.34731E+16
95008,95009,2,7,8,709,2016,4,19,6,3,5,3,1,0,0,1,0,0,0,0,5.61317E+20,5.92077E+21,9.92294E+15,5.34324E+16
95009,95010,2,6,5,606,2016,3,20,2,3,1,6,2,0,0,1,0,0,0,0,5.83353E+20,5.91964E+21,1.02542E+16,5.34192E+16
95010,95011,2,5,18,526,2016,3,14,6,3,6,4,0,0,0,1,1,0,0,0,5.74619E+20,5.93991E+21,1.01277E+16,5.36027E+16
95011,95012,2,5,11,519,2016,3,20,5,3,4,2,2,0,1,1,0,0,0,0,5.71145E+20,5.94631E+21,1.00766E+16,5.36607E+16
95012,95013,2,5,16,524,2016,3,18,3,3,2,6,0,1,0,1,0,0,0,0,5.74375E+20,5.94735E+21,1.01258E+16,5.36696E+16
95013,95014,2,5,1,504,2016,4,17,6,3,0,7,0,0,0,1,0,0,0,0,5.6989E+20,5.9363E+21,1.00554E+16,5.35709E+16
95014,95015,2,5,12,520,2016,3,7,5,3,5,3,1,0,1,1,0,0,0,0,5.68784E+20,5.94419E+21,1.00404E+16,5.36419E+16
95015,95016,2,3,6,318,2016,3,17,5,3,5,3,0,0,1,1,0,0,0,0,5.62771E+20,5.94148E+21,9.94896E+15,5.36183E+16
95016,95017,2,4,10,426,2016,3,6,5,3,1,6,1,1,0,1,0,0,0,1,5.69745E+20,5.93781E+21,1.00536E+16,5.35845E+16
95017,95018,2,1,15,134,2016,3,14,3,3,5,3,0,0,1,1,0,0,0,0,5.68051E+20,5.93142E+21,1.00266E+16,5.35273E+16
95018,95019,2,5,13,521,2016,3,19,2,2,6,4,2,1,0,1,1,0,0,0,5.72309E+20,5.94916E+21,1.00949E+16,5.36861E+16
95019,95020,2,5,7,515,2016,4,20,2,3,2,6,2,0,0,1,0,0,0,0,5.71097E+20,5.94091E+21,1.00747E+16,5.36122E+16
95020,95021,2,1,15,134,2016,3,5,4,3,5,2,1,1,1,1,0,0,0,0,5.67902E+20,5.93149E+21,1.00244E+16,5.35279E+16
95021,95022,2,1,11,129,2016,4,14,1,3,5,7,0,0,1,1,0,0,0,0,5.71545E+20,5.93468E+21,1.008E+16,5.35561E+16
95022,95023,2,5,2,505,2016,4,9,6,3,5,3,0,0,1,1,0,0,0,0,5.70528E+20,5.9372E+21,1.00652E+16,5.35789E+16
95023,95024,2,5,4,512,2016,3,12,2,3,1,6,0,0,0,1,0,0,0,1,5.74483E+20,5.9364E+21,1.01248E+16,5.35712E+16
95024,95025,2,4,12,431,2016,3,12,6,3,2,6,0,0,0,1,0,0,0,1,5.66947E+20,5.94234E+21,1.00123E+16,5.36256E+16
95025,95026,2,2,9,221,2016,3,18,5,3,0,3,2,0,0,1,0,0,0,1,5.57263E+20,5.93638E+21,9.86476E+15,5.35732E+16
95026,95027,2,4,5,408,2016,3,8,3,3,2,6,0,0,0,1,0,0,0,0,5.67826E+20,5.93967E+21,1.0025E+16,5.36015E+16
95027,95028,2,4,3,406,2016,4,12,6,3,5,7,0,0,0,1,0,0,0,0,5.64481E+20,5.9406E+21,9.97463E+15,5.36103E+16
95028,95029,2,5,18,526,2016,3,7,5,3,6,4,0,0,0,1,1,0,0,0,5.77546E+20,5.93837E+21,1.01715E+16,5.35884E+16
95029,95030,2,3,6,318,2016,4,16,2,2,2,6,0,0,0,1,0,0,0,0,5.64166E+20,5.94391E+21,9.97055E+15,5.36401E+16
95030,95031,2,1,3,108,2016,3,7,4,3,2,6,0,1,0,1,0,0,0,1,5.65504E+20,5.93479E+21,9.98887E+15,5.35579E+16
95031,95032,2,6,2,603,2016,4,13,7,3,1,6,0,0,0,1,0,0,0,0,5.80155E+20,5.92687E+21,1.0208E+16,5.34847E+16
95032,95033,2,5,7,515,2016,3,10,2,3,5,3,0,0,1,1,0,0,0,0,5.71753E+20,5.9408E+21,1.00846E+16,5.36111E+16
95033,95034,2,6,1,601,2016,3,15,7,3,6,4,0,0,0,1,1,0,0,0,5.7997E+20,5.92876E+21,1.02057E+16,5.35017E+16
95034,95035,2,3,8,320,2016,4,17,2,3,6,4,0,0,0,1,1,0,0,0,5.59182E+20,5.94029E+21,9.89449E+15,5.36081E+16
95035,95036,2,5,12,520,2016,3,8,4,3,5,3,0,1,1,1,0,0,0,0,5.70388E+20,5.9457E+21,1.00651E+16,5.36553E+16
95036,95037,2,2,2,207,2016,4,15,1,3,2,7,0,0,0,0,0,1,0,1,5.6395E+20,5.93548E+21,9.96556E+15,5.35643E+16
95037,95038,2,1,12,130,2016,3,13,7,3,2,6,0,0,0,1,0,0,0,0,5.72999E+20,5.93304E+21,1.01016E+16,5.35411E+16
95038,95039,2,5,10,518,2016,3,15,2,3,5,3,0,0,0,1,0,0,0,0,5.73152E+20,5.94555E+21,1.01068E+16,5.36536E+16
95039,95040,2,2,6,218,2016,3,16,5,3,6,2,0,0,0,1,1,0,0,0,5.59359E+20,5.93495E+21,9.89616E+15,5.356E+16