FID,OBJECTID,ULAND,UREGBEZ,UKREIS,UGEMEINDE,UJAHR,UMONAT,USTUNDE,UWOCHENTAG,UKATEGORIE,UART,UTYP1,ULICHTVERH,IstStrasse,IstRad,IstPKW,IstFuss,IstKrad,IstGkfz,IstSonstig,LINREFX,LINREFY,XGCSWGS84,YGCSWGS84
95040,95041,2,1,14,133,2016,4,23,3,3,3,6,2,1,0,1,0,0,1,0,5.68376E+20,5.93266E+21,1.00318E+16,5.35384E+16
95041,95042,2,3,6,318,2016,3,15,3,3,8,7,0,0,0,1,0,0,0,1,5.61601E+20,5.941E+21,9.93119E+15,5.36142E+16
95042,95043,2,1,3,106,2016,4,9,6,3,5,2,0,0,1,1,0,0,0,0,5.64953E+20,5.93408E+21,9.98041E+15,5.35516E+16
95043,95044,2,3,2,311,2016,3,12,3,3,3,6,0,0,0,1,0,0,1,0,5.64353E+20,5.93577E+21,9.97171E+15,5.35668E+16
95044,95045,2,4,10,428,2016,3,16,5,3,3,2,0,0,1,1,0,0,0,0,5.6912E+20,5.93874E+21,1.00443E+16,5.35929E+16
95045,95046,2,1,4,112,2016,3,12,1,3,2,6,0,1,0,1,0,0,0,0,5.64448E+20,5.93338E+21,9.97264E+15,5.35454E+16
95046,95047,2,1,8,123,2016,3,18,6,3,1,6,2,1,0,1,0,0,0,0,5.70378E+20,5.93511E+21,1.00625E+16,5.35601E+16
95047,95048,2,1,3,108,2016,4,13,2,3,1,6,0,0,0,1,0,0,0,0,5.65448E+20,5.93483E+21,9.98804E+15,5.35583E+16
95048,95049,2,5,9,517,2016,3,19,3,3,4,6,2,0,1,1,0,0,0,0,5.70676E+20,5.94338E+21,1.00689E+16,5.36344E+16
95049,95050,2,4,8,423,2016,4,13,7,3,5,3,0,0,1,1,0,0,0,0,5.68937E+20,5.93725E+21,1.00412E+16,5.35796E+16
95050,95051,2,5,9,517,2016,3,16,2,3,3,6,0,0,0,1,0,0,0,1,5.71505E+20,5.94424E+21,1.00816E+16,5.3642E+16
95051,95052,2,1,11,129,2016,3,15,7,3,2,6,0,0,0,1,0,0,0,0,5.73429E+20,5.93549E+21,1.01087E+16,5.35631E+16
95052,95053,2,2,1,201,2016,3,17,5,3,5,3,0,0,0,1,0,0,0,0,5.63147E+20,5.93384E+21,9.95311E+15,5.35496E+16
95053,95054,2,2,5,215,2016,3,12,5,3,1,7,0,0,0,1,0,0,0,0,5.60842E+20,5.93644E+21,9.91882E+15,5.35733E+16
95054,95055,2,4,5,408,2016,3,15,4,3,3,5,0,1,0,1,0,0,0,1,5.68103E+20,5.94027E+21,1.00293E+16,5.36068E+16
95055,95056,2,4,3,406,2016,3,7,2,3,0,7,1,1,0,0,0,1,0,0,5.66386E+20,5.9416E+21,1.00036E+16,5.36189E+16
95056,95057,2,2,11,223,2016,3,13,2,3,1,5,0,0,1,1,0,0,0,0,5.54072E+20,5.93519E+21,9.81638E+15,5.35628E+16
95057,95058,2,1,4,111,2016,3,15,5,3,0,7,0,0,0,1,0,0,0,0,5.63868E+20,5.93401E+21,9.96401E+15,5.35511E+16
95058,95059,2,3,5,317,2016,3,17,5,3,0,1,0,0,0,0,0,1,0,0,5.62806E+20,5.93825E+21,9.94884E+15,5.35893E+16
95059,95060,2,5,2,507,2016,3,18,4,3,5,3,0,0,1,1,0,0,0,0,5.71706E+20,5.93689E+21,1.0083E+16,5.3576E+16
95060,95061,2,4,10,427,2016,3,13,2,3,3,6,0,1,0,1,0,0,0,1,5.6919E+20,5.93838E+21,1.00453E+16,5.35897E+16
95061,95062,2,5,10,518,2016,4,16,3,3,5,7,0,1,0,1,0,0,0,0,5.72664E+20,5.94442E+21,1.00992E+16,5.36435E+16
95062,95063,2,5,7,515,2016,3,18,2,3,5,3,1,0,0,1,0,1,0,0,5.71526E+20,5.94165E+21,1.00813E+16,5.36188E+16
95063,95064,2,3,2,312,2016,3,7,5,3,5,3,0,0,1,1,0,0,0,0,5.66055E+20,5.93622E+21,9.99749E+15,5.35707E+16
95064,95065,2,1,12,130,2016,3,14,7,3,2,6,0,0,0,1,0,0,0,1,5.73655E+20,5.93434E+21,1.01118E+16,5.35528E+16
95065,95066,2,1,16,137,2016,3,15,5,3,5,3,0,0,1,1,0,0,0,0,5.64718E+20,5.92909E+21,9.97583E+15,5.35068E+16
95066,95067,2,5,2,507,2016,3,17,4,3,3,6,1,0,0,1,0,0,0,0,5.70906E+20,5.93673E+21,1.00708E+16,5.35747E+16
95067,95068,2,3,5,317,2016,4,10,7,3,5,3,0,0,0,1,0,0,0,0,5.63404E+20,5.93754E+21,9.95774E+15,5.35829E+16
95068,95069,2,3,6,318,2016,3,16,2,3,5,3,0,0,0,1,0,1,0,0,5.63365E+20,5.9408E+21,9.95781E+15,5.36121E+16
95069,95070,2,1,1,101,2016,3,12,5,3,0,4,0,0,0,0,1,0,0,1,5.66576E+20,5.93411E+21,1.00049E+16,5.35517E+16
95070,95071,2,3,5,317,2016,3,13,5,3,5,3,0,0,1,0,0,0,0,1,5.62696E+20,5.93933E+21,9.9474E+15,5.3599E+16
95071,95072,2,3,1,310,2016,3,9,4,3,6,7,0,0,1,0,1,0,0,0,5.63605E+20,5.93542E+21,9.96034E+15,5.35638E+16
95072,95073,2,3,8,320,2016,3,18,2,3,5,3,2,1,0,1,0,0,0,0,5.59958E+20,5.94018E+21,9.90619E+15,5.3607E+16
95073,95074,2,7,10,711,2016,4,6,2,3,1,6,1,1,0,1,0,0,0,0,5.60881E+20,5.92619E+21,9.91743E+15,5.34812E+16
95074,95075,2,1,8,122,2016,3,12,1,3,1,6,0,1,0,1,0,0,0,0,5.69404E+20,5.93494E+21,1.00478E+16,5.35587E+16
95075,95076,2,2,5,215,2016,3,19,7,3,5,3,2,0,0,1,0,0,0,0,5.61544E+20,5.93581E+21,9.92929E+15,5.35675E+16
95076,95077,2,7,1,702,2016,3,11,4,3,5,3,0,0,1,1,0,0,0,0,5.65295E+20,5.9239E+21,9.98346E+15,5.34601E+16
95077,95078,2,1,16,136,2016,4,15,6,3,2,6,0,0,0,1,0,0,0,0,5.69319E+20,5.92947E+21,1.00453E+16,5.35096E+16
95078,95079,2,3,5,317,2016,3,6,2,3,5,3,2,0,1,1,0,0,0,0,5.63112E+20,5.93743E+21,9.95331E+15,5.35819E+16
95079,95080,2,2,14,227,2016,4,12,3,3,2,6,0,1,0,1,0,0,0,0,5.51472E+20,5.93709E+21,9.77745E+15,5.35802E+16
95080,95081,2,2,4,213,2016,3,15,2,3,5,3,0,1,1,1,0,0,0,0,5.61276E+20,5.93396E+21,9.9249E+15,5.35509E+16
95081,95082,2,4,11,430,2016,3,14,7,3,5,2,0,0,0,1,0,1,0,0,5.69013E+20,5.94038E+21,1.00431E+16,5.36076E+16
95082,95083,2,2,7,219,2016,3,13,5,3,4,6,0,0,0,1,0,0,0,1,5.5911E+20,5.93345E+21,9.8921E+15,5.35466E+16
95083,95084,2,1,3,105,2016,4,20,7,3,6,7,2,0,0,1,1,0,0,0,5.6455E+20,5.93342E+21,9.97419E+15,5.35457E+16
95084,95085,2,7,9,710,2016,3,16,6,3,5,3,0,0,0,1,0,0,0,0,5.64266E+20,5.92368E+21,9.96791E+15,5.34582E+16
95085,95086,2,7,1,702,2016,3,17,4,3,0,7,0,0,1,0,1,0,0,0,5.65208E+20,5.92302E+21,9.98196E+15,5.34521E+16
95086,95087,2,1,12,130,2016,3,16,3,3,5,3,0,0,1,1,0,0,0,0,5.72797E+20,5.93317E+21,1.00986E+16,5.35424E+16
95087,95088,2,5,7,515,2016,4,9,6,3,2,6,0,0,0,1,0,0,0,0,5.71153E+20,5.94105E+21,1.00756E+16,5.36134E+16
95088,95089,2,4,2,405,2016,3,6,5,3,9,1,0,0,0,1,0,0,0,1,5.64967E+20,5.93907E+21,9.98166E+15,5.35965E+16
95089,95090,2,5,10,518,2016,4,16,2,3,5,3,0,0,0,1,0,0,0,0,5.74101E+20,5.94449E+21,1.01209E+16,5.36439E+16
95090,95091,2,1,14,133,2016,3,7,4,3,0,3,0,1,1,1,0,0,0,0,5.68422E+20,5.93272E+21,1.00325E+16,5.3539E+16
95091,95092,2,4,5,408,2016,4,13,1,3,5,3,0,0,1,1,0,0,0,0,5.65792E+20,5.93971E+21,9.99425E+15,5.36021E+16
95092,95093,2,4,9,425,2016,3,21,7,3,2,6,2,0,0,1,0,0,0,0,5.70973E+20,5.93773E+21,1.00721E+16,5.35837E+16
95093,95094,2,5,2,507,2016,4,12,6,3,3,6,0,0,0,1,0,1,0,0,5.71632E+20,5.93695E+21,1.00819E+16,5.35765E+16
95094,95095,2,3,5,317,2016,3,18,2,3,8,5,2,0,0,1,0,0,0,0,5.62764E+20,5.93814E+21,9.94819E+15,5.35883E+16
95095,95096,2,1,1,101,2016,3,13,5,3,6,4,0,0,1,0,1,0,0,0,5.66534E+20,5.9341E+21,1.00043E+16,5.35516E+16
95096,95097,2,5,7,515,2016,3,11,6,3,6,7,0,0,0,1,1,0,0,0,5.71227E+20,5.9411E+21,1.00767E+16,5.36139E+16
95097,95098,2,1,2,104,2016,3,14,5,3,6,7,0,0,0,1,1,0,0,0,5.66568E+20,5.93306E+21,1.00046E+16,5.35422E+16
95098,95099,2,5,15,523,2016,3,14,3,3,2,6,0,0,0,1,0,0,0,0,5.74523E+20,5.95041E+21,1.01287E+16,5.3697E+16
95099,95100,2,2,7,219,2016,4,13,6,3,5,3,0,0,0,1,0,0,0,0,5.58341E+20,5.93373E+21,9.88056E+15,5.35492E+16
95100,95101,2,1,1,101,2016,3,10,5,3,0,4,0,0,0,0,1,0,0,1,5.66577E+20,5.93411E+21,1.00049E+16,5.35517E+16
95101,95102,2,1,12,130,2016,3,11,5,3,5,7,0,0,0,1,0,0,0,0,5.73516E+20,5.93285E+21,1.01093E+16,5.35394E+16
95102,95103,2,2,11,223,2016,4,10,2,3,4,2,0,0,0,1,0,0,0,0,5.53809E+20,5.93524E+21,9.81242E+15,5.35633E+16
95103,95104,2,4,5,411,2016,3,7,4,3,4,2,0,1,0,1,0,1,0,0,5.67597E+20,5.93774E+21,1.00211E+16,5.35841E+16
95104,95105,2,1,5,114,2016,4,17,1,3,6,7,0,0,0,1,1,0,0,0,5.67236E+20,5.93442E+21,1.00149E+16,5.35544E+16
95105,95106,2,2,4,213,2016,3,11,2,3,5,3,0,0,1,0,0,0,0,1,5.61805E+20,5.9343E+21,9.93295E+15,5.35539E+16
95106,95107,2,3,9,321,2016,3,18,7,3,4,2,0,0,0,1,0,0,0,0,5.60868E+20,5.93922E+21,9.91976E+15,5.35983E+16
95107,95108,2,1,19,140,2016,3,11,2,3,2,6,0,0,0,0,0,0,1,0,5.6143E+20,5.93096E+21,9.92662E+15,5.3524E+16
95108,95109,2,6,2,603,2016,3,17,4,3,2,6,0,0,0,1,0,0,0,0,5.8017E+20,5.92646E+21,1.02081E+16,5.3481E+16
95109,95110,2,5,18,526,2016,3,12,4,3,1,6,0,0,0,1,0,0,0,0,5.7688E+20,5.94365E+21,1.01628E+16,5.3636E+16
95110,95111,2,2,5,215,2016,3,16,2,3,6,4,0,0,0,1,1,0,0,0,5.61428E+20,5.93498E+21,9.92739E+15,5.35601E+16
95111,95112,2,5,5,513,2016,4,5,3,2,5,2,2,0,0,1,0,1,0,0,5.74586E+20,5.93763E+21,1.01266E+16,5.35822E+16
95112,95113,2,4,3,406,2016,3,8,3,3,5,3,0,0,1,1,0,0,0,0,5.65094E+20,5.94107E+21,9.984E+15,5.36144E+16
95113,95114,2,7,13,714,2016,3,15,5,2,6,4,0,0,0,0,1,0,0,1,5.58071E+20,5.92574E+21,9.875E+15,5.34775E+16
95114,95115,2,1,5,114,2016,3,19,3,3,2,6,1,1,0,1,0,0,0,0,5.6658E+20,5.9348E+21,1.00051E+16,5.35579E+16
95115,95116,2,2,3,209,2016,3,19,5,3,5,2,0,0,1,1,0,0,0,0,5.63032E+20,5.93566E+21,9.95174E+15,5.3566E+16
95116,95117,2,7,1,701,2016,3,15,7,3,5,2,0,0,1,1,0,0,0,0,5.64703E+20,5.92416E+21,9.97458E+15,5.34625E+16
95117,95118,2,4,11,430,2016,3,23,6,3,5,3,2,1,0,1,0,0,0,0,5.67863E+20,5.94204E+21,1.00261E+16,5.36228E+16
95118,95119,2,4,9,424,2016,3,15,4,3,4,2,0,0,1,1,0,0,0,0,5.70064E+20,5.93687E+21,1.00582E+16,5.3576E+16
95119,95120,2,7,5,706,2016,4,18,1,3,6,4,0,0,0,1,1,0,0,0,5.66191E+20,5.92065E+21,9.99625E+15,5.34307E+16
95120,95121,2,2,12,225,2016,3,8,3,3,5,3,0,1,0,1,0,0,0,0,5.54754E+20,5.93551E+21,9.82673E+15,5.35656E+16
95121,95122,2,3,8,320,2016,4,13,7,3,0,6,0,0,0,1,0,0,0,1,5.60021E+20,5.94013E+21,9.90714E+15,5.36065E+16
95122,95123,2,6,2,603,2016,4,16,6,3,5,2,0,0,0,1,0,0,0,0,5.8015E+20,5.9264E+21,1.02078E+16,5.34805E+16
95123,95124,2,1,13,131,2016,4,20,5,3,5,2,0,0,0,1,0,1,1,0,5.72958E+20,5.93241E+21,1.01008E+16,5.35356E+16
95124,95125,2,3,2,312,2016,4,20,4,3,2,6,2,0,0,1,0,1,0,0,5.65659E+20,5.93512E+21,9.99128E+15,5.35609E+16
95125,95126,2,1,5,114,2016,4,13,2,3,2,6,0,0,0,1,0,0,0,0,5.66232E+20,5.93473E+21,9.99984E+15,5.35573E+16
95126,95127,2,3,3,314,2016,4,15,6,3,3,6,0,0,1,0,0,0,0,1,5.64814E+20,5.93717E+21,9.97895E+15,5.35794E+16
95127,95128,2,7,14,715,2016,4,11,2,3,6,7,0,0,0,1,1,0,0,0,5.56413E+20,5.92524E+21,9.84993E+15,5.34731E+16
95128,95129,2,3,1,301,2016,4,21,7,3,5,3,2,0,1,1,0,0,0,0,5.62346E+20,5.93697E+21,9.94165E+15,5.35779E+16
95129,95130,2,5,3,510,2016,4,19,3,3,5,3,0,0,1,1,0,0,0,0,5.71132E+20,5.936E+21,1.00741E+16,5.35681E+16
95130,95131,2,4,5,409,2016,4,15,2,3,2,6,0,1,0,1,0,1,0,0,5.67879E+20,5.93952E+21,1.00257E+16,5.36001E+16
95131,95132,2,2,9,221,2016,4,11,6,3,3,6,0,1,0,1,0,0,0,0,5.57352E+20,5.937E+21,9.86623E+15,5.35787E+16
95132,95133,2,2,9,221,2016,4,18,1,3,6,4,0,0,0,0,1,0,0,1,5.56499E+20,5.93757E+21,9.85345E+15,5.35839E+16
95133,95134,2,5,9,517,2016,4,19,1,3,2,6,0,0,0,1,0,0,0,0,5.72384E+20,5.94392E+21,1.00948E+16,5.36391E+16
95134,95135,2,3,2,312,2016,4,9,5,3,5,3,0,0,1,0,0,0,0,0,5.66013E+20,5.93511E+21,9.99663E+15,5.35607E+16
95135,95136,2,3,9,321,2016,4,18,5,3,6,4,0,0,0,1,1,0,0,0,5.61477E+20,5.93964E+21,9.92904E+15,5.3602E+16
95136,95137,2,2,5,215,2016,4,8,3,3,4,2,0,0,1,1,0,0,0,0,5.60785E+20,5.93591E+21,9.91786E+15,5.35685E+16
95137,95138,2,2,3,210,2016,4,18,4,3,5,2,0,1,1,0,0,1,0,0,5.62013E+20,5.93451E+21,9.93612E+15,5.35558E+16
95138,95139,2,3,3,314,2016,4,14,6,3,5,3,0,0,0,1,0,0,0,0,5.65186E+20,5.93762E+21,9.98466E+15,5.35833E+16
95139,95140,2,7,1,702,2016,4,9,2,2,0,3,0,0,0,1,0,0,0,1,5.65296E+20,5.9239E+21,9.98346E+15,5.34601E+16
95140,95141,2,4,10,427,2016,4,18,3,3,5,3,0,0,1,1,0,0,0,0,5.69098E+20,5.93856E+21,1.0044E+16,5.35913E+16
95141,95142,2,2,8,220,2016,4,15,6,3,6,4,0,1,0,1,1,0,0,0,5.58866E+20,5.93954E+21,9.88957E+15,5.36014E+16
95142,95143,2,1,15,134,2016,4,17,1,3,5,3,0,1,0,1,0,0,0,0,5.67395E+20,5.93101E+21,1.00166E+16,5.35237E+16
95143,95144,2,3,6,318,2016,4,13,6,3,1,6,0,1,0,1,0,0,0,1,5.62853E+20,5.94354E+21,9.95062E+15,5.36369E+16
95144,95145,2,4,13,432,2016,4,16,3,3,5,3,0,0,1,1,0,0,0,0,5.66958E+20,5.94423E+21,1.00129E+16,5.36426E+16
95145,95146,2,2,8,220,2016,4,6,2,3,5,3,1,0,1,1,0,0,0,0,5.58745E+20,5.93923E+21,9.88769E+15,5.35986E+16
95146,95147,2,3,4,316,2016,4,16,6,3,1,5,0,0,1,0,0,0,0,1,5.63821E+20,5.93729E+21,9.96397E+15,5.35805E+16
95147,95148,2,3,6,318,2016,4,17,1,3,0,7,0,0,1,0,0,0,0,0,5.63619E+20,5.94265E+21,9.96202E+15,5.36287E+16
95148,95149,2,5,9,517,2016,4,11,1,3,5,3,0,0,0,1,0,0,0,0,5.71258E+20,5.94417E+21,1.00779E+16,5.36414E+16
95149,95150,2,1,16,137,2016,4,13,4,3,0,7,0,0,1,1,0,0,0,0,5.65525E+20,5.93026E+21,9.98824E+15,5.35172E+16
95150,95151,2,5,6,514,2016,4,15,4,3,6,6,0,0,0,0,1,0,0,1,5.74575E+20,5.93954E+21,1.01269E+16,5.35994E+16
95151,95152,2,1,18,139,2016,4,11,3,3,4,6,0,0,0,0,0,0,1,1,5.63884E+20,5.93018E+21,9.96348E+15,5.35167E+16
95152,95153,2,3,1,310,2016,4,11,6,3,4,2,0,0,1,1,0,0,0,0,5.63729E+20,5.93548E+21,9.96221E+15,5.35643E+16
95153,95154,2,1,17,138,2016,4,17,2,3,2,6,0,0,0,1,0,0,1,0,5.67062E+20,5.93072E+21,1.00115E+16,5.35211E+16
95154,95155,2,3,5,317,2016,4,15,6,3,2,2,0,1,0,1,0,0,0,0,5.62764E+20,5.93809E+21,9.94818E+15,5.35879E+16
95155,95156,2,4,5,411,2016,4,19,1,3,3,2,0,1,1,1,0,0,0,0,5.68376E+20,5.93819E+21,1.0033E+16,5.35881E+16
95156,95157,2,3,2,311,2016,4,12,7,3,3,7,0,0,0,1,0,1,0,0,5.64799E+20,5.93623E+21,9.97853E+15,5.35709E+16
95157,95158,2,3,5,317,2016,4,5,1,3,0,7,2,0,0,1,1,0,0,0,5.63408E+20,5.93968E+21,9.95823E+15,5.36021E+16
95158,95159,2,4,10,426,2016,4,12,4,3,3,7,0,0,0,1,0,0,0,0,5.69684E+20,5.93824E+21,1.00527E+16,5.35884E+16
95159,95160,2,5,1,501,2016,4,16,2,3,2,6,0,0,0,1,0,0,0,0,5.68829E+20,5.93577E+21,1.00393E+16,5.35663E+16
95160,95161,2,7,9,710,2016,4,15,5,3,3,2,0,0,1,1,0,0,0,0,5.63429E+20,5.92352E+21,9.95527E+15,5.34569E+16
95161,95162,2,4,2,405,2016,4,16,7,3,5,2,0,0,1,1,0,0,0,0,5.64623E+20,5.93923E+21,9.97649E+15,5.35979E+16
95162,95163,2,3,8,320,2016,4,17,4,3,2,2,0,0,0,1,0,0,0,0,5.5921E+20,5.94064E+21,9.89498E+15,5.36112E+16
95163,95164,2,2,1,201,2016,4,15,1,3,6,4,0,0,1,0,1,0,0,0,5.63078E+20,5.9334E+21,9.95197E+15,5.35457E+16
95164,95165,2,5,18,526,2016,4,7,4,3,1,5,0,0,0,0,0,0,0,1,5.77326E+20,5.94264E+21,1.01692E+16,5.36268E+16
95165,95166,2,6,2,603,2016,4,12,5,3,1,2,0,0,0,1,0,1,0,0,5.80085E+20,5.92615E+21,1.02067E+16,5.34782E+16
95166,95167,2,5,7,515,2016,4,14,4,3,5,6,0,0,1,1,0,0,0,0,5.7344E+20,5.94266E+21,1.01105E+16,5.36275E+16
95167,95168,2,4,9,425,2016,4,0,1,3,4,2,2,0,0,1,0,0,0,0,5.70688E+20,5.93758E+21,1.00678E+16,5.35823E+16
95168,95169,2,1,12,130,2016,4,22,5,3,6,4,2,0,0,1,1,0,0,0,5.74643E+20,5.93181E+21,1.01261E+16,5.35299E+16
95169,95170,2,1,12,130,2016,4,15,2,3,1,5,0,0,0,1,0,0,0,1,5.72795E+20,5.93306E+21,1.00985E+16,5.35414E+16
95170,95171,2,3,1,301,2016,4,7,6,3,6,7,0,0,0,1,1,0,0,0,5.62354E+20,5.93699E+21,9.94177E+15,5.3578E+16
95171,95172,2,7,1,701,2016,4,22,7,3,8,1,2,0,0,1,0,0,0,0,5.6518E+20,5.92371E+21,9.98168E+15,5.34584E+16
95172,95173,2,3,2,311,2016,4,14,1,3,5,2,0,0,0,1,0,0,0,0,5.64723E+20,5.93548E+21,9.97723E+15,5.35642E+16
95173,95174,2,3,1,308,2016,4,19,4,3,2,6,1,1,0,1,0,0,0,0,5.63939E+20,5.93621E+21,9.96554E+15,5.35709E+16
95174,95175,2,7,2,703,2016,4,19,6,2,1,6,0,0,0,1,0,0,1,0,5.67211E+20,5.92428E+21,1.00124E+16,5.34633E+16
95175,95176,2,4,2,403,2016,4,6,6,3,6,4,0,0,0,1,1,0,0,0,5.64775E+20,5.93872E+21,9.97869E+15,5.35933E+16
95176,95177,2,3,7,319,2016,4,23,4,3,5,3,2,0,1,1,0,0,0,0,5.60245E+20,5.94346E+21,9.91116E+15,5.36364E+16
95177,95178,2,3,1,302,2016,4,18,2,3,5,7,0,0,1,1,0,0,0,0,5.63041E+20,5.93692E+21,9.95212E+15,5.35774E+16
95178,95179,2,1,8,125,2016,4,21,5,3,2,2,2,1,0,1,0,0,0,1,5.70056E+20,5.93452E+21,1.00575E+16,5.35549E+16
95179,95180,2,1,14,132,2016,4,8,2,3,5,3,0,0,0,1,0,0,0,0,5.69685E+20,5.93202E+21,1.00514E+16,5.35325E+16
95180,95181,2,4,2,404,2016,4,15,7,3,7,7,0,0,1,0,0,0,0,1,5.65331E+20,5.93833E+21,9.987E+15,5.35897E+16
95181,95182,2,1,5,113,2016,4,17,4,2,4,6,0,0,1,0,0,0,0,0,5.66814E+20,5.93495E+21,1.00087E+16,5.35592E+16
95182,95183,2,4,9,425,2016,4,14,2,3,0,7,0,1,1,0,0,0,0,0,5.70536E+20,5.93753E+21,1.00654E+16,5.35819E+16
95183,95184,2,5,18,526,2016,4,10,2,3,3,6,0,0,1,1,0,0,0,0,5.7632E+20,5.93934E+21,1.01532E+16,5.35974E+16
95184,95185,2,2,1,201,2016,4,13,6,3,3,7,0,1,0,1,0,0,0,0,5.62981E+20,5.9338E+21,9.95059E+15,5.35493E+16
95185,95186,2,6,2,602,2016,4,17,2,3,5,3,0,1,0,1,0,0,0,1,5.79394E+20,5.92733E+21,1.01966E+16,5.34889E+16
95186,95187,2,5,6,514,2016,4,12,2,3,1,3,0,0,1,1,0,0,0,0,5.72983E+20,5.94074E+21,1.01031E+16,5.36104E+16
95187,95188,2,1,4,111,2016,4,19,1,3,6,7,1,0,0,1,1,0,0,0,5.64469E+20,5.93439E+21,9.97317E+15,5.35544E+16
95188,95189,2,7,12,713,2016,4,16,3,3,2,6,0,1,0,1,0,0,1,0,5.59828E+20,5.92958E+21,9.9022E+15,5.35118E+16
95189,95190,2,3,8,320,2016,4,7,5,2,5,2,0,0,1,1,0,0,0,0,5.59571E+20,5.94045E+21,9.9004E+15,5.36095E+16
95190,95191,2,1,12,130,2016,4,17,6,3,0,3,0,0,1,0,0,1,0,0,5.75E+20,5.93538E+21,1.01323E+16,5.3562E+16
95191,95192,2,5,18,526,2016,4,13,5,3,2,6,0,0,0,1,0,0,0,0,5.75239E+20,5.94051E+21,1.01372E+16,5.3608E+16
95192,95193,2,5,18,526,2016,4,18,3,3,5,3,0,0,1,0,0,0,0,1,5.75162E+20,5.94108E+21,1.01362E+16,5.36131E+16
95193,95194,2,1,1,101,2016,4,16,4,3,0,4,0,0,1,0,1,0,0,0,5.66233E+20,5.93402E+21,9.99972E+15,5.35509E+16
95194,95195,2,1,20,141,2016,4,14,1,3,2,6,0,0,0,1,0,0,0,0,5.57266E+20,5.93202E+21,9.86401E+15,5.3534E+16
95195,95196,2,5,18,526,2016,4,10,5,3,3,6,0,0,1,1,0,0,0,0,5.76189E+20,5.93787E+21,1.01509E+16,5.35841E+16
95196,95197,2,5,5,513,2016,4,13,2,3,3,2,0,0,1,0,0,0,1,0,5.72846E+20,5.93788E+21,1.01004E+16,5.35847E+16
95197,95198,2,2,4,214,2016,4,8,7,3,5,3,0,0,1,1,0,0,0,0,5.61738E+20,5.93372E+21,9.93182E+15,5.35487E+16
95198,95199,2,5,7,515,2016,4,19,3,3,5,2,0,0,0,1,0,1,0,0,5.70498E+20,5.93932E+21,1.00653E+16,5.3598E+16
95199,95200,2,3,8,320,2016,4,12,2,3,2,6,0,1,0,1,0,0,0,0,5.59118E+20,5.93978E+21,9.89342E+15,5.36035E+16
95200,95201,2,1,3,106,2016,4,22,6,2,6,4,2,1,0,1,1,0,0,0,5.64842E+20,5.93447E+21,9.97881E+15,5.35551E+16
95201,95202,2,1,3,106,2016,4,16,1,3,5,3,0,0,0,1,0,1,0,0,5.64493E+20,5.93387E+21,9.97342E+15,5.35498E+16
95202,95203,2,4,13,432,2016,4,12,1,3,5,2,0,0,0,1,0,0,0,0,5.66986E+20,5.94393E+21,1.00132E+16,5.36399E+16
95203,95204,2,1,1,101,2016,4,17,5,2,6,4,0,0,0,1,1,0,0,0,5.65881E+20,5.93415E+21,9.99442E+15,5.35521E+16
95204,95205,2,3,9,321,2016,4,17,5,3,5,2,0,0,1,1,0,0,0,0,5.62701E+20,5.93761E+21,9.94712E+15,5.35836E+16
95205,95206,2,1,4,111,2016,4,19,3,3,5,2,0,0,1,1,0,0,0,0,5.64005E+20,5.93401E+21,9.96609E+15,5.3551E+16
95206,95207,2,3,2,311,2016,4,15,4,3,6,7,0,0,0,1,1,0,0,0,5.64988E+20,5.93555E+21,9.98124E+15,5.35648E+16
95207,95208,2,6,2,602,2016,4,6,7,3,0,1,0,0,0,1,0,0,0,0,5.79364E+20,5.92592E+21,1.01958E+16,5.34763E+16
95208,95209,2,4,12,431,2016,4,13,1,3,5,3,0,0,0,1,0,0,0,0,5.67262E+20,5.94276E+21,1.00171E+16,5.36293E+16
95209,95210,2,4,9,424,2016,4,8,3,3,1,6,0,1,0,1,0,0,0,0,5.70266E+20,5.93743E+21,1.00613E+16,5.3581E+16
95210,95211,2,3,1,305,2016,4,14,5,3,0,7,0,0,1,0,0,0,0,0,5.63598E+20,5.93658E+21,9.96047E+15,5.35743E+16
95211,95212,2,5,1,501,2016,4,16,6,3,5,3,0,0,0,1,0,0,0,0,5.69152E+20,5.93597E+21,1.00442E+16,5.3568E+16
95212,95213,2,4,11,430,2016,4,7,5,3,0,3,0,0,1,1,0,0,0,0,5.67675E+20,5.94208E+21,1.00232E+16,5.36232E+16
95213,95214,2,4,13,432,2016,4,12,3,3,1,6,0,0,0,1,0,0,0,0,5.66194E+20,5.94704E+21,1.00019E+16,5.36679E+16
95214,95215,2,3,1,308,2016,4,9,4,3,3,6,0,0,1,1,0,0,0,0,5.64036E+20,5.9364E+21,9.96704E+15,5.35725E+16
95215,95216,2,5,5,513,2016,4,17,5,3,5,3,0,1,0,1,0,0,0,0,5.74299E+20,5.93727E+21,1.01222E+16,5.3579E+16
95216,95217,2,5,8,516,2016,4,7,2,3,3,2,1,0,1,0,0,0,0,1,5.69588E+20,5.94048E+21,1.00518E+16,5.36085E+16
95217,95218,2,4,5,413,2016,4,13,3,3,1,5,0,0,1,1,0,0,0,0,5.67014E+20,5.93735E+21,1.00122E+16,5.35807E+16
95218,95219,2,3,3,314,2016,4,8,2,2,6,7,0,0,1,0,1,0,0,0,5.65309E+20,5.93754E+21,9.9865E+15,5.35826E+16
95219,95220,2,1,6,115,2016,4,11,6,3,5,3,0,1,1,1,0,0,0,0,5.66697E+20,5.93395E+21,1.00067E+16,5.35502E+16