FID,OBJECTID,ULAND,UREGBEZ,UKREIS,UGEMEINDE,UJAHR,UMONAT,USTUNDE,UWOCHENTAG,UKATEGORIE,UART,UTYP1,ULICHTVERH,IstStrasse,IstRad,IstPKW,IstFuss,IstKrad,IstGkfz,IstSonstig,LINREFX,LINREFY,XGCSWGS84,YGCSWGS84
95220,95221,2,6,11,612,2016,4,1,7,3,5,6,2,1,0,1,0,0,0,0,5.71469E+20,5.92809E+21,1.00774E+16,5.34969E+16
95221,95222,2,4,13,432,2016,4,20,1,3,5,3,1,0,0,1,0,0,0,0,5.67707E+20,5.94699E+21,1.00248E+16,5.36672E+16
95222,95223,2,5,18,526,2016,4,9,4,3,5,3,0,0,1,1,0,0,0,0,5.76677E+20,5.9424E+21,1.01594E+16,5.36248E+16
95223,95224,2,5,5,513,2016,4,20,4,3,5,3,2,1,0,1,0,0,0,0,5.74445E+20,5.93782E+21,1.01245E+16,5.35839E+16
95224,95225,2,5,7,515,2016,4,3,1,3,1,5,2,0,0,1,0,0,0,0,5.70437E+20,5.93995E+21,1.00645E+16,5.36037E+16
95225,95226,2,1,16,137,2016,4,17,2,3,1,5,0,0,0,1,0,0,0,1,5.65775E+20,5.92664E+21,9.99125E+15,5.34847E+16
95226,95227,2,5,6,514,2016,4,12,5,3,5,2,0,0,0,1,0,0,0,0,5.741E+20,5.9403E+21,1.01199E+16,5.36063E+16
95227,95228,2,5,7,515,2016,4,8,2,3,5,3,0,0,1,1,0,0,0,0,5.73045E+20,5.94325E+21,1.01047E+16,5.3633E+16
95228,95229,2,1,5,114,2016,4,17,3,3,6,4,0,0,0,1,1,0,0,0,5.67107E+20,5.93441E+21,1.0013E+16,5.35543E+16
95229,95230,2,1,1,101,2016,4,9,6,2,0,7,0,1,0,0,0,1,0,0,5.66656E+20,5.93391E+21,1.00061E+16,5.35499E+16
95230,95231,2,3,9,321,2016,4,11,1,3,1,7,0,1,0,1,0,0,0,0,5.61973E+20,5.93746E+21,9.9361E+15,5.35823E+16
95231,95232,2,6,2,603,2016,4,12,7,3,5,3,0,0,0,1,0,0,0,0,5.8021E+20,5.9266E+21,1.02087E+16,5.34823E+16
95232,95233,2,5,6,514,2016,4,21,5,3,6,4,2,1,0,1,1,0,0,0,5.73885E+20,5.9405E+21,1.01167E+16,5.36081E+16
95233,95234,2,2,8,220,2016,4,7,3,3,4,7,0,0,0,1,0,1,0,0,5.58724E+20,5.93932E+21,9.88739E+15,5.35994E+16
95234,95235,2,7,1,702,2016,4,16,6,3,5,3,0,0,1,1,0,0,0,0,5.65354E+20,5.92426E+21,9.98441E+15,5.34633E+16
95235,95236,2,1,12,130,2016,4,7,1,2,1,5,0,1,0,1,0,0,0,0,5.75321E+20,5.93155E+21,1.01363E+16,5.35274E+16
95236,95237,2,1,11,129,2016,4,19,5,2,5,2,0,0,0,1,0,1,0,0,5.72414E+20,5.93364E+21,1.00929E+16,5.35466E+16
95237,95238,2,3,8,320,2016,4,18,7,3,1,6,0,0,0,1,0,0,0,0,5.5913E+20,5.93979E+21,9.89361E+15,5.36036E+16
95238,95239,2,5,4,512,2016,4,20,7,3,5,7,2,0,0,0,0,0,0,1,5.7314E+20,5.93659E+21,1.01045E+16,5.35731E+16
95239,95240,2,5,12,520,2016,4,16,4,3,1,7,0,0,0,1,0,1,0,0,5.70038E+20,5.94564E+21,1.00597E+16,5.36548E+16
95240,95241,2,4,5,410,2016,4,15,2,3,5,3,0,0,1,1,0,0,0,0,5.66248E+20,5.93831E+21,1.00009E+16,5.35895E+16
95241,95242,2,5,2,509,2016,4,17,5,3,3,2,0,1,1,1,0,0,0,0,5.71354E+20,5.93842E+21,1.0078E+16,5.35897E+16
95242,95243,2,2,2,207,2016,4,20,7,3,0,1,1,0,1,0,0,0,0,0,5.63676E+20,5.93494E+21,9.96131E+15,5.35595E+16
95243,95244,2,5,11,519,2016,4,17,4,3,1,6,0,0,0,1,0,0,0,0,5.70522E+20,5.94709E+21,1.00674E+16,5.36678E+16
95244,95245,2,4,5,412,2016,4,16,3,3,5,3,0,1,1,1,0,0,0,0,5.67231E+20,5.93778E+21,1.00156E+16,5.35845E+16
95245,95246,2,4,11,430,2016,4,13,5,2,6,4,0,0,0,1,1,0,0,0,5.68593E+20,5.94084E+21,1.00368E+16,5.36119E+16
95246,95247,2,5,16,524,2016,4,12,2,3,5,3,0,0,0,1,0,1,0,0,5.75652E+20,5.9473E+21,1.01451E+16,5.3669E+16
95247,95248,2,4,11,430,2016,4,17,7,3,2,6,0,0,0,1,0,0,0,0,5.68679E+20,5.94056E+21,1.00381E+16,5.36094E+16
95248,95249,2,5,18,526,2016,4,13,7,3,5,3,0,0,1,1,0,0,0,0,5.7508E+20,5.94033E+21,1.01347E+16,5.36064E+16
95249,95250,2,1,4,109,2016,4,18,4,3,5,2,0,1,1,1,0,0,0,0,5.64602E+20,5.93506E+21,9.97531E+15,5.35604E+16
95250,95251,2,1,16,137,2016,4,17,6,3,2,6,0,0,0,1,0,0,0,1,5.65915E+20,5.92837E+21,9.99372E+15,5.35001E+16
95251,95252,2,6,2,602,2016,4,11,5,3,5,3,0,0,1,1,0,0,0,0,5.78817E+20,5.92749E+21,1.0188E+16,5.34905E+16
95252,95253,2,2,1,204,2016,4,14,4,3,4,6,0,0,0,0,0,0,0,1,5.62177E+20,5.93411E+21,9.93852E+15,5.35522E+16
95253,95254,2,3,1,308,2016,4,7,2,2,3,6,0,0,0,1,0,1,0,0,5.63612E+20,5.93604E+21,9.96057E+15,5.35694E+16
95254,95255,2,5,7,515,2016,4,19,5,3,0,7,1,0,1,0,0,0,0,0,5.70903E+20,5.93931E+21,1.00714E+16,5.35979E+16
95255,95256,2,3,8,320,2016,4,10,4,3,6,7,0,1,0,1,1,0,0,0,5.60427E+20,5.93963E+21,9.91317E+15,5.3602E+16
95256,95257,2,1,4,111,2016,4,2,7,3,6,5,2,0,0,1,1,0,0,0,5.63657E+20,5.93385E+21,9.96081E+15,5.35497E+16
95257,95258,2,5,7,515,2016,4,14,7,3,0,7,0,0,1,0,0,0,0,0,5.72226E+20,5.94135E+21,1.00919E+16,5.36159E+16
95258,95259,2,2,9,221,2016,4,8,4,3,1,2,0,0,0,1,0,0,0,1,5.57386E+20,5.93729E+21,9.8668E+15,5.35813E+16
95259,95260,2,4,6,415,2016,4,15,2,2,4,3,0,0,1,1,0,0,0,0,5.67404E+20,5.93607E+21,1.00178E+16,5.35691E+16
95260,95261,2,4,13,432,2016,4,8,5,3,5,3,0,0,1,1,0,0,0,0,5.66864E+20,5.94701E+21,1.0012E+16,5.36676E+16
95261,95262,2,7,9,710,2016,4,13,6,3,1,6,0,1,0,1,0,0,0,0,5.63515E+20,5.92376E+21,9.95662E+15,5.3459E+16
95262,95263,2,2,2,207,2016,4,9,4,2,0,4,0,0,1,0,1,0,0,0,5.63933E+20,5.93517E+21,9.96524E+15,5.35615E+16
95263,95264,2,1,12,130,2016,4,15,2,3,6,2,0,1,0,1,1,0,0,0,5.74708E+20,5.93281E+21,1.01273E+16,5.35389E+16
95264,95265,2,4,10,427,2016,4,17,2,3,2,6,0,0,0,1,0,0,0,0,5.69019E+20,5.93835E+21,1.00427E+16,5.35894E+16
95265,95266,2,1,14,132,2016,4,17,5,3,5,2,0,0,0,1,0,0,0,0,5.69205E+20,5.93284E+21,1.00443E+16,5.35399E+16
95266,95267,2,4,13,432,2016,4,12,7,3,6,7,0,0,1,0,1,0,0,0,5.67409E+20,5.94499E+21,1.00198E+16,5.36493E+16
95267,95268,2,4,10,428,2016,4,12,1,3,2,6,0,0,0,1,0,0,0,0,5.69089E+20,5.93895E+21,1.00439E+16,5.35948E+16
95268,95269,2,1,16,137,2016,4,17,3,2,6,4,0,1,0,1,1,0,0,0,5.65855E+20,5.92993E+21,9.99315E+15,5.35142E+16
95269,95270,2,3,6,318,2016,4,17,5,3,0,7,0,0,0,0,0,0,0,1,5.63039E+20,5.94159E+21,9.95305E+15,5.36193E+16
95270,95271,2,5,7,515,2016,4,16,6,3,1,7,0,0,0,1,0,0,0,1,5.71426E+20,5.94096E+21,1.00797E+16,5.36126E+16
95271,95272,2,5,12,520,2016,4,7,5,3,5,2,0,0,0,1,0,1,0,0,5.69001E+20,5.94553E+21,1.0044E+16,5.3654E+16
95272,95273,2,5,18,526,2016,4,7,3,3,5,2,0,0,1,1,0,0,0,0,5.76511E+20,5.93997E+21,1.01563E+16,5.36029E+16
95273,95274,2,1,4,110,2016,4,16,4,3,3,5,0,0,1,1,0,0,0,0,5.63773E+20,5.93451E+21,9.96268E+15,5.35556E+16
95274,95275,2,1,12,130,2016,4,16,3,3,2,6,0,0,0,1,0,0,0,1,5.73238E+20,5.93352E+21,1.01053E+16,5.35454E+16
95275,95276,2,7,7,708,2016,4,9,1,3,2,2,0,0,0,1,0,0,0,0,5.65243E+20,5.92029E+21,9.98191E+15,5.34276E+16
95276,95277,2,4,5,408,2016,4,8,5,2,6,7,0,0,0,1,1,0,0,0,5.67823E+20,5.93989E+21,1.0025E+16,5.36034E+16
95277,95278,2,2,5,215,2016,4,8,2,3,2,2,0,0,0,1,0,0,1,0,5.61135E+20,5.93618E+21,9.9232E+15,5.35709E+16
95278,95279,2,6,5,606,2016,4,19,6,3,9,1,1,1,0,1,0,0,0,0,5.78863E+20,5.9235E+21,1.01877E+16,5.34546E+16
95279,95280,2,5,10,518,2016,4,21,3,2,5,2,2,0,1,1,0,0,0,0,5.73177E+20,5.94556E+21,1.01072E+16,5.36536E+16
95280,95281,2,2,11,223,2016,4,10,2,3,1,7,0,1,0,0,0,0,1,1,5.52853E+20,5.93506E+21,9.79795E+15,5.35618E+16
95281,95282,2,2,5,215,2016,4,18,2,3,2,6,0,0,0,1,0,1,0,0,5.60807E+20,5.9362E+21,9.91825E+15,5.35711E+16
95282,95283,2,6,14,615,2016,4,12,6,3,6,3,0,1,1,0,1,0,0,0,5.78189E+20,5.92679E+21,1.01783E+16,5.34843E+16
95283,95284,2,5,4,512,2016,4,12,3,3,5,3,0,0,0,1,0,0,0,0,5.7436E+20,5.936E+21,1.01228E+16,5.35676E+16
95284,95285,2,5,17,525,2016,4,10,2,3,2,6,0,1,0,1,0,0,0,0,5.76453E+20,5.94631E+21,1.01569E+16,5.366E+16
95285,95286,2,1,14,132,2016,4,10,5,3,5,3,0,0,0,1,0,0,0,0,5.69935E+20,5.9325E+21,1.00552E+16,5.35368E+16
95286,95287,2,4,12,431,2016,4,4,7,3,3,6,1,0,0,1,0,1,0,0,5.66907E+20,5.94216E+21,1.00116E+16,5.3624E+16
95287,95288,2,5,1,501,2016,4,0,1,3,6,4,2,0,0,1,1,0,0,0,5.69181E+20,5.93589E+21,1.00446E+16,5.35673E+16
95288,95289,2,3,3,314,2016,4,19,5,2,2,2,0,0,0,1,0,1,0,0,5.65291E+20,5.93705E+21,9.98612E+15,5.35782E+16
95289,95290,2,4,7,416,2016,4,9,5,3,2,6,0,0,0,1,0,0,0,0,5.67378E+20,5.93524E+21,1.00173E+16,5.35617E+16
95290,95291,2,4,8,420,2016,4,11,3,3,5,3,0,0,0,1,0,0,0,0,5.68538E+20,5.93676E+21,1.00351E+16,5.35752E+16
95291,95292,2,1,5,114,2016,4,16,4,3,5,7,0,0,0,1,0,0,0,1,5.66839E+20,5.93417E+21,1.00089E+16,5.35522E+16
95292,95293,2,4,5,409,2016,4,17,5,3,2,6,0,1,0,1,0,0,0,0,5.67312E+20,5.93953E+21,1.00172E+16,5.36003E+16
95293,95294,2,2,8,220,2016,4,8,2,3,3,2,0,0,1,1,0,0,0,0,5.58402E+20,5.93861E+21,9.88239E+15,5.3593E+16
95294,95295,2,4,10,428,2016,4,15,3,3,0,3,0,0,1,0,0,0,0,1,5.69025E+20,5.9392E+21,1.0043E+16,5.35971E+16
95295,95296,2,1,3,107,2016,4,15,2,3,1,6,0,1,1,1,0,0,0,0,5.65038E+20,5.93439E+21,9.98175E+15,5.35544E+16
95296,95297,2,5,18,526,2016,4,9,5,3,5,2,0,0,1,1,0,0,0,0,5.77182E+20,5.9403E+21,1.01665E+16,5.36058E+16
95297,95298,2,2,11,223,2016,4,7,7,3,6,4,0,0,0,1,1,0,0,0,5.54319E+20,5.93518E+21,9.82011E+15,5.35627E+16
95298,95299,2,5,4,512,2016,4,11,4,3,2,6,0,0,0,1,0,0,1,0,5.74482E+20,5.9364E+21,1.01248E+16,5.35712E+16
95299,95300,2,5,5,513,2016,4,15,5,3,2,7,0,0,0,1,0,0,0,0,5.7302E+20,5.93722E+21,1.01029E+16,5.35787E+16
95300,95301,2,2,8,220,2016,4,4,7,3,0,7,2,1,0,0,0,1,0,0,5.58016E+20,5.93967E+21,9.87675E+15,5.36026E+16
95301,95302,2,7,1,702,2016,4,17,7,3,3,6,0,1,0,1,0,0,0,1,5.65136E+20,5.92396E+21,9.98107E+15,5.34606E+16
95302,95303,2,1,17,138,2016,4,5,5,3,6,6,1,1,0,1,0,0,0,1,5.64873E+20,5.93143E+21,9.97865E+15,5.35277E+16
95303,95304,2,5,18,526,2016,4,18,4,3,1,6,1,0,0,1,0,0,0,1,5.76919E+20,5.94022E+21,1.01625E+16,5.36051E+16
95304,95305,2,1,3,107,2016,4,14,3,3,5,3,0,0,1,1,0,0,0,0,5.65232E+20,5.93372E+21,9.98454E+15,5.35483E+16
95305,95306,2,4,8,418,2016,4,17,5,3,2,6,0,1,0,1,0,0,0,0,5.67796E+20,5.93687E+21,1.00239E+16,5.35763E+16
95306,95307,2,3,5,317,2016,4,19,2,3,1,5,0,0,1,1,0,0,0,0,5.63676E+20,5.93997E+21,9.96234E+15,5.36046E+16
95307,95308,2,5,5,513,2016,4,12,5,3,3,6,0,0,0,1,0,0,0,0,5.73053E+20,5.93703E+21,1.01033E+16,5.3577E+16
95308,95309,2,5,14,522,2016,4,10,1,3,5,3,0,0,1,1,0,0,0,0,5.72867E+20,5.95092E+21,1.01038E+16,5.37019E+16
95309,95310,2,3,2,312,2016,4,18,7,3,5,3,0,0,0,1,0,0,0,0,5.65748E+20,5.93576E+21,9.99276E+15,5.35666E+16
95310,95311,2,2,4,211,2016,4,9,7,3,5,7,0,0,1,0,0,0,0,0,5.61266E+20,5.93471E+21,9.92488E+15,5.35577E+16
95311,95312,2,5,12,520,2016,4,12,4,3,8,7,0,0,0,1,0,0,0,0,5.68496E+20,5.94495E+21,1.00363E+16,5.36488E+16
95312,95313,2,4,4,407,2016,4,6,2,3,5,3,1,0,1,1,0,0,0,0,5.65783E+20,5.93967E+21,9.99411E+15,5.36018E+16
95313,95314,2,2,9,221,2016,4,17,5,3,5,3,0,1,1,1,0,0,0,0,5.56502E+20,5.93709E+21,9.85341E+15,5.35796E+16
95314,95315,2,5,5,513,2016,4,13,6,3,1,6,0,1,0,1,0,0,0,1,5.74569E+20,5.93813E+21,1.01265E+16,5.35867E+16
95315,95316,2,4,13,432,2016,4,11,4,2,6,2,0,0,0,1,1,0,0,0,5.66195E+20,5.94704E+21,1.00019E+16,5.36679E+16
95316,95317,2,4,7,417,2016,4,7,3,3,0,1,0,1,0,0,0,1,0,0,5.68328E+20,5.93577E+21,1.00317E+16,5.35663E+16
95317,95318,2,2,4,213,2016,4,13,2,3,6,7,0,0,1,0,1,0,0,0,5.61798E+20,5.93411E+21,9.9328E+15,5.35522E+16
95318,95319,2,4,10,429,2016,4,13,4,2,3,2,0,0,1,0,0,0,1,0,5.68411E+20,5.94035E+21,1.0034E+16,5.36075E+16
95319,95320,2,2,5,216,2016,4,7,5,3,5,3,0,0,1,0,0,0,1,0,5.60796E+20,5.93582E+21,9.91801E+15,5.35677E+16
95320,95321,2,2,1,205,2016,4,9,2,3,3,7,0,0,0,1,0,1,0,0,5.63296E+20,5.93415E+21,9.95541E+15,5.35524E+16
95321,95322,2,5,18,526,2016,4,12,5,3,6,7,0,0,0,0,1,0,0,1,5.76378E+20,5.94012E+21,1.01543E+16,5.36043E+16
95322,95323,2,3,2,311,2016,4,10,1,3,6,7,0,1,0,1,1,0,0,0,5.64888E+20,5.93564E+21,9.97975E+15,5.35656E+16
95323,95324,2,3,2,311,2016,4,23,7,3,9,1,2,0,0,1,0,0,0,0,5.64936E+20,5.93548E+21,9.98044E+15,5.35642E+16
95324,95325,2,2,4,212,2016,4,16,4,3,0,1,0,1,0,0,0,1,0,0,5.60833E+20,5.93462E+21,9.91833E+15,5.35569E+16
95325,95326,2,7,16,717,2016,4,7,6,3,3,6,0,0,0,1,0,0,0,0,5.5454E+20,5.92963E+21,9.82247E+15,5.35128E+16
95326,95327,2,3,3,314,2016,4,18,7,2,5,3,0,0,0,1,0,1,0,0,5.65613E+20,5.93731E+21,9.99105E+15,5.35805E+16
95327,95328,2,3,6,318,2016,4,15,6,3,1,6,0,0,0,1,0,0,0,0,5.63612E+20,5.9426E+21,9.96191E+15,5.36284E+16
95328,95329,2,2,10,222,2016,4,7,4,3,2,6,0,0,1,1,0,0,0,0,5.56174E+20,5.93415E+21,9.84793E+15,5.35533E+16
95329,95330,2,2,8,220,2016,4,7,2,2,6,4,0,0,0,1,1,0,0,0,5.57602E+20,5.93863E+21,9.87031E+15,5.35934E+16
95330,95331,2,2,5,215,2016,4,14,5,3,5,2,0,1,1,1,0,0,0,0,5.61475E+20,5.93501E+21,9.9281E+15,5.35603E+16
95331,95332,2,2,3,210,2016,4,9,2,3,3,6,0,0,1,1,0,0,0,0,5.61967E+20,5.9345E+21,9.93542E+15,5.35557E+16
95332,95333,2,5,6,514,2016,4,13,6,3,2,6,0,1,0,1,0,0,0,0,5.73914E+20,5.9404E+21,1.01171E+16,5.36072E+16
95333,95334,2,1,2,103,2016,4,13,4,3,6,7,0,0,0,1,1,0,0,0,5.65454E+20,5.93295E+21,9.98773E+15,5.35414E+16
95334,95335,2,1,6,116,2016,4,15,2,3,0,1,0,1,0,0,0,1,0,0,5.67474E+20,5.93392E+21,1.00184E+16,5.35498E+16
95335,95336,2,2,4,214,2016,4,8,2,3,3,2,0,0,0,0,0,1,0,1,5.61092E+20,5.93343E+21,9.92201E+15,5.35462E+16
95336,95337,2,5,7,515,2016,4,8,5,2,6,4,0,0,0,1,1,0,0,0,5.71597E+20,5.94162E+21,1.00824E+16,5.36185E+16
95337,95338,2,2,2,207,2016,4,18,7,3,0,2,1,0,0,1,0,1,0,0,5.63833E+20,5.93498E+21,9.96369E+15,5.35598E+16
95338,95339,2,1,16,137,2016,4,15,7,3,1,1,0,0,0,1,0,0,0,0,5.6659E+20,5.92919E+21,1.00041E+16,5.35075E+16
95339,95340,2,5,18,526,2016,4,14,3,3,3,2,0,1,1,1,0,0,0,0,5.77232E+20,5.9403E+21,1.01672E+16,5.36058E+16
95340,95341,2,4,2,404,2016,4,9,5,3,0,2,0,0,1,1,0,0,0,1,5.65767E+20,5.93788E+21,9.99349E+15,5.35856E+16
95341,95342,2,4,7,416,2016,4,17,6,3,4,6,0,0,1,0,0,0,0,0,5.6741E+20,5.93553E+21,1.00178E+16,5.35643E+16
95342,95343,2,4,5,408,2016,4,13,7,3,3,6,0,0,0,1,0,1,0,0,5.6577E+20,5.93947E+21,9.99387E+15,5.36E+16
95343,95344,2,1,4,112,2016,4,3,7,2,6,4,2,0,0,1,1,0,0,0,5.63936E+20,5.93386E+21,9.96502E+15,5.35497E+16
95344,95345,2,1,17,138,2016,4,16,4,3,2,6,0,0,0,1,0,0,1,0,5.67445E+20,5.93149E+21,1.00175E+16,5.3528E+16
95345,95346,2,1,12,130,2016,4,12,6,3,0,3,0,0,0,1,0,1,0,0,5.74147E+20,5.93538E+21,1.01195E+16,5.3562E+16
95346,95347,2,1,13,131,2016,4,13,5,2,5,3,0,0,0,1,0,0,0,0,5.71747E+20,5.93232E+21,1.00825E+16,5.35349E+16
95347,95348,2,1,6,117,2016,4,11,3,3,5,3,0,0,0,1,0,1,0,0,5.68122E+20,5.93335E+21,1.00281E+16,5.35446E+16
95348,95349,2,1,4,111,2016,4,23,4,3,5,2,2,0,1,1,0,0,0,0,5.64216E+20,5.9339E+21,9.96925E+15,5.35501E+16
95349,95350,2,1,5,114,2016,4,7,2,3,1,7,0,1,0,1,0,1,0,0,5.67417E+20,5.93443E+21,1.00177E+16,5.35545E+16
95350,95351,2,4,3,406,2016,4,16,5,3,5,3,0,1,1,1,0,0,0,0,5.64358E+20,5.94058E+21,9.97277E+15,5.361E+16
95351,95352,2,3,2,311,2016,4,11,2,2,6,2,0,0,0,1,1,0,0,0,5.64604E+20,5.93565E+21,9.97546E+15,5.35657E+16
95352,95353,2,5,2,507,2016,4,7,6,3,5,3,0,0,1,1,0,0,0,0,5.71485E+20,5.93653E+21,1.00796E+16,5.35728E+16
95353,95354,2,5,2,505,2016,4,17,3,3,2,6,0,0,0,1,0,0,0,0,5.70646E+20,5.93644E+21,1.00669E+16,5.3572E+16
95354,95355,2,4,5,408,2016,4,15,2,3,3,6,0,1,0,1,0,0,0,0,5.66663E+20,5.93944E+21,1.00074E+16,5.35995E+16
95355,95356,2,4,12,431,2016,4,14,5,3,3,6,0,0,0,1,0,1,0,0,5.67617E+20,5.94281E+21,1.00225E+16,5.36297E+16
95356,95357,2,1,5,113,2016,4,13,7,3,2,6,0,0,0,1,0,0,0,1,5.67314E+20,5.93457E+21,1.00162E+16,5.35557E+16
95357,95358,2,6,14,615,2016,4,19,7,2,6,7,1,0,0,1,1,0,0,0,5.78234E+20,5.92692E+21,1.0179E+16,5.34854E+16
95358,95359,2,3,3,314,2016,4,14,5,3,2,6,0,0,1,1,0,0,0,0,5.65236E+20,5.93711E+21,9.98531E+15,5.35788E+16
95359,95360,2,3,9,321,2016,4,21,5,3,5,3,2,0,1,1,0,0,0,0,5.61741E+20,5.9388E+21,9.93287E+15,5.35944E+16
95360,95361,2,2,4,214,2016,4,9,3,3,3,6,0,0,1,1,0,0,0,0,5.61669E+20,5.93362E+21,9.93076E+15,5.35478E+16
95361,95362,2,1,15,134,2016,4,12,3,3,5,7,0,1,0,1,0,0,0,1,5.67834E+20,5.93166E+21,1.00234E+16,5.35294E+16
95362,95363,2,4,2,403,2016,4,7,5,3,2,6,0,0,0,1,0,0,0,1,5.65308E+20,5.93889E+21,9.98678E+15,5.35947E+16
95363,95364,2,1,11,129,2016,4,20,1,3,2,6,1,0,0,1,0,0,0,0,5.72183E+20,5.93444E+21,1.00896E+16,5.35539E+16
95364,95365,2,2,9,221,2016,4,15,3,3,3,2,0,0,1,0,0,0,0,0,5.55646E+20,5.93678E+21,9.84043E+15,5.35769E+16
95365,95366,2,4,13,432,2016,4,14,5,3,2,6,0,0,0,1,0,0,0,0,5.67644E+20,5.94671E+21,1.00238E+16,5.36648E+16
95366,95367,2,5,16,524,2016,4,8,5,3,2,6,0,0,0,1,0,0,0,0,5.73974E+20,5.94674E+21,1.01196E+16,5.36642E+16
95367,95368,2,5,10,518,2016,4,23,3,3,5,3,2,0,0,1,0,0,0,0,5.73174E+20,5.94556E+21,1.01072E+16,5.36536E+16
95368,95369,2,1,16,136,2016,4,10,3,3,4,6,0,0,0,1,0,0,0,0,5.66871E+20,5.9273E+21,1.00079E+16,5.34904E+16
95369,95370,2,2,2,207,2016,4,9,5,3,6,7,0,0,1,0,1,0,0,0,5.63787E+20,5.93509E+21,9.96302E+15,5.35608E+16
95370,95371,2,1,12,130,2016,4,17,1,3,5,3,0,0,1,1,0,0,0,0,5.75881E+20,5.93194E+21,1.01448E+16,5.35309E+16
95371,95372,2,4,9,425,2016,4,13,6,3,2,6,0,1,0,1,0,0,0,0,5.70656E+20,5.93768E+21,1.00673E+16,5.35832E+16
95372,95373,2,4,5,409,2016,4,14,3,3,1,6,0,0,0,1,0,0,0,0,5.68161E+20,5.93952E+21,1.003E+16,5.36001E+16
95373,95374,2,2,4,211,2016,4,17,2,3,2,6,0,1,0,1,0,1,0,0,5.61655E+20,5.93462E+21,9.93074E+15,5.35568E+16
95374,95375,2,4,5,409,2016,4,17,5,3,8,1,0,0,0,1,0,0,0,0,5.67358E+20,5.93953E+21,1.00179E+16,5.36003E+16
95375,95376,2,7,4,705,2016,4,17,6,2,1,6,0,1,0,1,0,0,0,0,5.65678E+20,5.92178E+21,9.98877E+15,5.3441E+16
95376,95377,2,1,12,130,2016,4,7,7,3,0,3,0,1,0,1,0,1,0,0,5.76184E+20,5.93123E+21,1.01492E+16,5.35244E+16
95377,95378,2,5,4,512,2016,4,16,4,3,6,4,0,0,0,1,1,0,0,0,5.73895E+20,5.93637E+21,1.01159E+16,5.3571E+16
95378,95379,2,5,6,514,2016,4,7,4,3,5,3,0,1,0,1,0,0,0,0,5.73888E+20,5.94048E+21,1.01168E+16,5.3608E+16
95379,95380,2,7,1,702,2016,4,15,2,3,6,4,0,0,0,0,1,0,0,1,5.65701E+20,5.92347E+21,9.98947E+15,5.34562E+16
95380,95381,2,7,14,715,2016,4,12,4,3,5,3,0,0,1,1,0,0,0,0,5.57637E+20,5.9256E+21,9.86843E+15,5.34762E+16
95381,95382,2,1,7,119,2016,4,17,1,3,2,6,0,0,0,1,0,0,0,0,5.68428E+20,5.93447E+21,1.00329E+16,5.35547E+16
95382,95383,2,3,6,318,2016,4,17,5,2,9,7,0,0,1,0,0,0,0,0,5.63137E+20,5.94165E+21,9.95453E+15,5.36198E+16
95383,95384,2,4,5,408,2016,4,12,1,3,0,7,0,1,0,1,1,0,0,0,5.67294E+20,5.93955E+21,1.00169E+16,5.36004E+16
95384,95385,2,7,8,709,2016,4,7,6,3,5,3,0,0,0,1,0,0,0,0,5.63644E+20,5.92184E+21,9.95817E+15,5.34417E+16
95385,95386,2,4,10,426,2016,4,7,4,3,2,7,0,1,1,0,0,0,0,1,5.69668E+20,5.93794E+21,1.00524E+16,5.35856E+16
95386,95387,2,2,2,207,2016,4,5,7,3,1,6,1,0,0,1,0,0,0,0,5.63975E+20,5.93524E+21,9.96589E+15,5.35622E+16
95387,95388,2,1,11,128,2016,4,9,6,3,3,6,0,1,0,1,0,0,0,0,5.71747E+20,5.93382E+21,1.00829E+16,5.35484E+16
95388,95389,2,6,2,602,2016,4,20,1,3,0,1,1,1,0,0,0,1,0,0,5.7827E+20,5.92813E+21,1.01799E+16,5.34963E+16
95389,95390,2,1,3,105,2016,4,18,5,3,5,6,0,0,1,0,0,0,0,0,5.65093E+20,5.93361E+21,9.98243E+15,5.35473E+16
95390,95391,2,1,8,123,2016,4,12,6,3,1,6,0,0,0,1,0,0,0,0,5.69923E+20,5.93519E+21,1.00557E+16,5.35609E+16
95391,95392,2,1,11,129,2016,4,13,7,3,3,6,0,0,0,1,0,0,0,1,5.70735E+20,5.93505E+21,1.00679E+16,5.35596E+16
95392,95393,2,5,7,515,2016,4,20,4,3,6,4,1,0,0,1,1,0,0,0,5.71198E+20,5.9412E+21,1.00763E+16,5.36148E+16
95393,95394,2,5,10,518,2016,4,7,2,3,5,3,0,0,1,1,0,0,0,0,5.73225E+20,5.94556E+21,1.01079E+16,5.36537E+16
95394,95395,2,7,15,716,2016,4,5,4,3,4,2,2,1,0,1,0,0,0,0,5.58203E+20,5.92849E+21,9.8775E+15,5.35021E+16
95395,95396,2,5,11,519,2016,4,17,4,3,1,6,0,0,0,1,0,0,0,0,5.7053E+20,5.94708E+21,1.00675E+16,5.36677E+16
95396,95397,2,4,12,431,2016,4,8,3,3,1,6,0,1,0,1,0,0,0,0,5.66982E+20,5.9425E+21,1.00128E+16,5.3627E+16
95397,95398,2,1,11,129,2016,4,15,4,3,6,2,0,0,0,1,1,0,0,0,5.7267E+20,5.93475E+21,1.0097E+16,5.35566E+16
95398,95399,2,5,18,526,2016,4,16,1,2,0,1,0,0,0,0,0,1,0,0,5.76187E+20,5.93968E+21,1.01513E+16,5.36004E+16
95399,95400,2,1,1,101,2016,4,12,5,3,5,3,0,0,0,1,0,0,0,0,5.66294E+20,5.93454E+21,1.00007E+16,5.35555E+16