FID,OBJECTID,ULAND,UREGBEZ,UKREIS,UGEMEINDE,UJAHR,UMONAT,USTUNDE,UWOCHENTAG,UKATEGORIE,UART,UTYP1,ULICHTVERH,IstStrasse,IstRad,IstPKW,IstFuss,IstKrad,IstGkfz,IstSonstig,LINREFX,LINREFY,XGCSWGS84,YGCSWGS84
95400,95401,2,1,8,122,2016,4,19,7,3,1,6,0,0,0,1,0,0,0,0,5.69756E+20,5.9352E+21,1.00531E+16,5.3561E+16
95401,95402,2,5,5,513,2016,4,20,6,3,2,6,2,1,0,1,0,0,0,0,5.74427E+20,5.93826E+21,1.01244E+16,5.35879E+16
95402,95403,2,1,4,111,2016,4,11,4,3,3,6,0,0,1,0,0,0,0,1,5.64103E+20,5.9339E+21,9.96754E+15,5.355E+16
95403,95404,2,7,9,710,2016,4,13,6,2,5,2,0,0,0,1,0,1,0,0,5.61252E+20,5.92283E+21,9.92235E+15,5.34509E+16
95404,95405,2,1,5,114,2016,4,22,6,2,3,6,2,0,1,0,0,0,1,0,5.66759E+20,5.93491E+21,1.00078E+16,5.35588E+16
95405,95406,2,3,7,319,2016,4,12,4,3,3,2,0,0,1,1,0,0,0,0,5.6015E+20,5.94304E+21,9.90965E+15,5.36327E+16
95406,95407,2,3,5,317,2016,4,17,2,3,5,3,0,0,1,1,0,0,0,0,5.64301E+20,5.9395E+21,9.97169E+15,5.36004E+16
95407,95408,2,5,5,513,2016,4,20,4,3,2,6,2,1,0,1,0,0,0,0,5.74499E+20,5.93809E+21,1.01254E+16,5.35863E+16
95408,95409,2,5,2,509,2016,4,22,1,3,5,3,2,0,0,1,0,0,0,0,5.71575E+20,5.9388E+21,1.00814E+16,5.35931E+16
95409,95410,2,5,17,525,2016,4,10,6,3,5,3,0,1,0,1,0,0,0,0,5.77685E+20,5.94577E+21,1.01755E+16,5.36549E+16
95410,95411,2,1,8,123,2016,4,7,3,3,6,4,0,0,0,1,1,0,0,0,5.69894E+20,5.93458E+21,1.00551E+16,5.35554E+16
95411,95412,2,4,10,429,2016,4,19,2,3,5,2,1,1,0,1,0,0,0,0,5.68712E+20,5.94044E+21,1.00385E+16,5.36082E+16
95412,95413,2,2,9,221,2016,4,17,4,3,5,2,0,0,1,1,0,0,0,0,5.57234E+20,5.93603E+21,9.86426E+15,5.357E+16
95413,95414,2,4,8,420,2016,4,12,2,3,2,2,0,0,0,1,0,0,0,1,5.68126E+20,5.93632E+21,1.00288E+16,5.35713E+16
95414,95415,2,5,2,505,2016,4,15,4,3,2,6,0,0,0,1,0,0,0,0,5.70081E+20,5.93685E+21,1.00584E+16,5.35758E+16
95415,95416,2,4,12,431,2016,4,11,6,3,3,6,0,1,0,1,0,0,0,0,5.66757E+20,5.94226E+21,1.00094E+16,5.36249E+16
95416,95417,2,2,8,220,2016,4,19,4,3,6,3,1,0,0,1,1,0,0,0,5.57964E+20,5.93867E+21,9.87577E+15,5.35937E+16
95417,95418,2,1,11,129,2016,4,11,2,3,5,3,0,1,0,1,0,1,0,0,5.72147E+20,5.9344E+21,1.0089E+16,5.35535E+16
95418,95419,2,5,2,507,2016,4,21,1,2,1,1,2,0,1,1,0,0,0,0,5.71E+20,5.93707E+21,1.00723E+16,5.35777E+16
95419,95420,2,5,2,507,2016,4,16,6,3,0,5,0,0,1,1,0,0,0,0,5.71036E+20,5.93671E+21,1.00728E+16,5.35745E+16
95420,95421,2,7,9,710,2016,4,15,3,3,3,2,0,1,1,1,0,0,0,0,5.63516E+20,5.92379E+21,9.95664E+15,5.34593E+16
95421,95422,2,2,4,212,2016,4,7,5,3,5,3,0,0,1,1,0,0,0,0,5.60253E+20,5.93398E+21,9.90945E+15,5.35513E+16
95422,95423,2,4,9,425,2016,4,9,6,3,4,2,0,0,0,1,0,0,0,0,5.70743E+20,5.93742E+21,1.00685E+16,5.35808E+16
95423,95424,2,5,7,515,2016,4,16,5,3,2,6,0,0,0,1,0,0,0,0,5.70786E+20,5.93956E+21,1.00697E+16,5.36001E+16
95424,95425,2,5,18,526,2016,4,18,3,3,1,6,0,1,0,1,0,1,0,0,5.76461E+20,5.93958E+21,1.01554E+16,5.35995E+16
95425,95426,2,6,1,601,2016,4,8,3,3,0,7,0,0,1,1,0,0,0,0,5.76718E+20,5.93036E+21,1.0157E+16,5.35166E+16
95426,95427,2,7,14,715,2016,4,19,1,3,0,7,0,0,0,1,0,0,0,1,5.54525E+20,5.92511E+21,9.82147E+15,5.34721E+16
95427,95428,2,5,16,524,2016,4,13,4,2,4,6,0,0,0,1,0,0,0,0,5.74547E+20,5.94837E+21,1.01286E+16,5.36788E+16
95428,95429,2,5,7,515,2016,4,13,1,3,1,6,0,0,0,1,0,0,0,0,5.70167E+20,5.93893E+21,1.00602E+16,5.35945E+16
95429,95430,2,4,12,431,2016,4,8,6,3,2,6,0,1,0,1,0,0,0,0,5.66728E+20,5.94254E+21,1.0009E+16,5.36274E+16
95430,95431,2,5,17,525,2016,4,18,3,3,5,3,0,0,1,1,0,0,0,0,5.77132E+20,5.9454E+21,1.0167E+16,5.36517E+16
95431,95432,2,2,12,225,2016,4,12,2,2,5,3,0,1,1,1,0,0,0,0,5.5425E+20,5.93721E+21,9.81941E+15,5.3581E+16
95432,95433,2,7,1,702,2016,4,17,4,3,3,6,0,0,0,1,0,0,0,0,5.65674E+20,5.92354E+21,9.98909E+15,5.34568E+16
95433,95434,2,5,7,515,2016,4,13,6,3,2,6,0,0,0,1,0,0,0,0,5.7091E+20,5.94039E+21,1.00717E+16,5.36075E+16
95434,95435,2,1,14,133,2016,4,17,7,3,5,7,0,0,0,1,0,0,0,0,5.68748E+20,5.93259E+21,1.00373E+16,5.35377E+16
95435,95436,2,5,15,523,2016,4,16,1,3,2,6,0,0,1,1,0,0,0,0,5.7471E+20,5.95183E+21,1.01319E+16,5.37098E+16
95436,95437,2,1,12,130,2016,4,10,4,3,2,6,0,0,0,1,0,1,0,0,5.74536E+20,5.93221E+21,1.01246E+16,5.35335E+16
95437,95438,2,5,16,524,2016,4,16,6,3,5,3,0,0,0,1,0,0,0,0,5.74125E+20,5.94772E+21,1.01221E+16,5.36729E+16
95438,95439,2,5,6,514,2016,4,13,7,3,1,7,0,0,1,1,0,0,0,0,5.74103E+20,5.9421E+21,1.01204E+16,5.36224E+16
95439,95440,2,5,7,515,2016,4,4,3,3,1,5,1,1,0,1,0,0,0,1,5.71881E+20,5.94004E+21,1.00863E+16,5.36042E+16
95440,95441,2,2,1,206,2016,4,12,5,3,6,4,0,0,0,0,1,0,0,1,5.62864E+20,5.93513E+21,9.94909E+15,5.35612E+16
95441,95442,2,4,6,415,2016,4,18,5,3,2,6,0,0,1,1,0,0,0,0,5.67282E+20,5.93592E+21,1.0016E+16,5.35679E+16
95442,95443,2,4,13,432,2016,4,15,3,3,2,6,0,0,0,1,0,0,0,0,5.67737E+20,5.94726E+21,1.00253E+16,5.36697E+16
95443,95444,2,6,5,606,2016,4,16,3,3,0,7,0,0,1,0,0,0,0,0,5.81551E+20,5.9225E+21,1.02279E+16,5.34452E+16
95444,95445,2,5,10,518,2016,4,17,4,3,4,6,0,1,1,0,0,0,0,0,5.72847E+20,5.94483E+21,1.0102E+16,5.36471E+16
95445,95446,2,5,10,518,2016,4,11,1,3,5,3,0,0,0,1,0,1,0,0,5.72444E+20,5.94637E+21,1.00963E+16,5.36611E+16
95446,95447,2,5,1,501,2016,4,11,3,3,5,3,0,0,0,1,0,0,0,1,5.69056E+20,5.93558E+21,1.00427E+16,5.35645E+16
95447,95448,2,3,2,312,2016,4,7,2,3,6,2,0,1,0,1,1,0,0,0,5.65483E+20,5.93574E+21,9.98875E+15,5.35664E+16
95448,95449,2,1,11,129,2016,4,20,4,3,1,5,2,0,0,1,0,0,0,0,5.71635E+20,5.93497E+21,1.00815E+16,5.35587E+16
95449,95450,2,4,12,431,2016,4,13,6,3,0,7,0,0,0,1,0,0,0,1,5.65727E+20,5.94221E+21,9.9938E+15,5.36246E+16
95450,95451,2,5,2,509,2016,4,23,7,2,5,3,2,1,0,1,0,0,0,0,5.72302E+20,5.93908E+21,1.00925E+16,5.35955E+16
95451,95452,2,5,18,526,2016,4,7,4,3,1,6,0,0,0,1,0,0,0,1,5.76731E+20,5.94006E+21,1.01596E+16,5.36038E+16
95452,95453,2,4,9,424,2016,4,18,4,3,5,3,0,0,1,0,0,0,0,1,5.69911E+20,5.93756E+21,1.0056E+16,5.35822E+16
95453,95454,2,5,18,526,2016,4,14,2,3,5,3,0,0,0,1,0,0,0,0,5.76883E+20,5.94364E+21,1.01628E+16,5.36359E+16
95454,95455,2,4,10,427,2016,4,18,4,3,0,6,1,1,0,1,0,0,0,1,5.69288E+20,5.93797E+21,1.00467E+16,5.3586E+16
95455,95456,2,5,12,520,2016,4,15,1,2,1,6,0,0,0,1,0,1,0,0,5.7016E+20,5.94502E+21,1.00615E+16,5.36492E+16
95456,95457,2,1,1,101,2016,4,15,5,3,1,5,0,0,1,0,0,0,0,1,5.66133E+20,5.934E+21,9.9982E+15,5.35507E+16
95457,95458,2,1,3,106,2016,4,17,3,3,2,6,0,0,0,1,0,0,0,0,5.64243E+20,5.9339E+21,9.96966E+15,5.35501E+16
95458,95459,2,4,8,418,2016,4,6,4,3,5,3,1,0,1,1,0,0,0,0,5.68093E+20,5.93634E+21,1.00283E+16,5.35715E+16
95459,95460,2,1,4,112,2016,4,15,3,3,5,3,0,0,1,1,0,0,0,0,5.63811E+20,5.9335E+21,9.96305E+15,5.35465E+16
95460,95461,2,1,6,115,2016,4,20,4,3,5,3,1,0,0,1,0,0,0,0,5.67196E+20,5.93349E+21,1.00141E+16,5.3546E+16
95461,95462,2,1,7,120,2016,4,14,1,3,5,3,0,0,1,1,0,0,0,0,5.68687E+20,5.93477E+21,1.00369E+16,5.35573E+16
95462,95463,2,1,14,132,2016,4,19,4,3,5,3,0,0,1,0,0,0,0,0,5.6906E+20,5.93232E+21,1.0042E+16,5.35352E+16
95463,95464,2,3,3,313,2016,4,18,7,2,3,6,0,0,1,0,0,0,0,0,5.65149E+20,5.93694E+21,9.98396E+15,5.35773E+16
95464,95465,2,4,3,406,2016,4,6,6,3,5,3,1,1,1,1,0,0,0,0,5.6584E+20,5.9417E+21,9.9954E+15,5.36199E+16
95465,95466,2,5,10,518,2016,4,6,4,3,0,1,0,0,0,0,0,1,0,0,5.74182E+20,5.94432E+21,1.01221E+16,5.36424E+16
95466,95467,2,4,5,411,2016,4,9,2,3,3,2,0,1,1,0,0,0,0,1,5.6773E+20,5.93829E+21,1.00232E+16,5.35891E+16
95467,95468,2,2,5,215,2016,4,19,4,3,5,3,2,1,0,1,0,1,0,0,5.61267E+20,5.93572E+21,9.92509E+15,5.35668E+16
95468,95469,2,4,5,408,2016,4,13,6,3,1,6,0,1,0,1,0,0,0,0,5.66581E+20,5.93943E+21,1.00061E+16,5.35995E+16
95469,95470,2,5,17,525,2016,4,16,4,3,0,3,0,0,1,1,0,0,0,0,5.76008E+20,5.94512E+21,1.01499E+16,5.36494E+16
95470,95471,2,4,5,411,2016,4,14,3,3,5,2,0,1,0,1,0,0,0,0,5.6839E+20,5.93819E+21,1.00332E+16,5.35881E+16
95471,95472,2,2,5,215,2016,4,10,4,3,5,3,0,0,1,1,0,0,0,0,5.61324E+20,5.93626E+21,9.92606E+15,5.35716E+16
95472,95473,2,5,1,503,2016,4,15,1,3,0,7,0,0,1,1,0,0,0,0,5.69216E+20,5.93579E+21,1.00451E+16,5.35664E+16
95473,95474,2,4,5,409,2016,4,12,7,3,3,2,0,0,0,1,0,1,0,0,5.65911E+20,5.93879E+21,9.99586E+15,5.35938E+16
95474,95475,2,4,4,407,2016,4,14,6,3,4,2,0,0,1,1,0,0,0,0,5.65985E+20,5.94004E+21,9.99724E+15,5.3605E+16
95475,95476,2,1,1,101,2016,4,7,4,3,5,3,0,1,0,1,0,0,0,0,5.66238E+20,5.93447E+21,9.99988E+15,5.35549E+16
95476,95477,2,1,8,125,2016,4,23,4,2,5,7,2,0,0,1,0,0,0,0,5.7047E+20,5.93445E+21,1.00637E+16,5.35542E+16
95477,95478,2,3,7,319,2016,4,10,1,3,5,3,0,1,1,1,0,0,0,0,5.60061E+20,5.9424E+21,9.90818E+15,5.36269E+16
95478,95479,2,3,8,320,2016,4,13,6,3,1,6,0,0,0,1,0,0,0,0,5.60293E+20,5.93975E+21,9.91118E+15,5.36031E+16
95479,95480,2,2,8,220,2016,4,8,4,3,2,2,0,1,1,1,0,0,0,0,5.58238E+20,5.93949E+21,9.88007E+15,5.3601E+16
95480,95481,2,1,3,108,2016,4,9,7,3,2,6,0,0,0,1,0,0,0,0,5.65602E+20,5.93482E+21,9.99035E+15,5.35582E+16
95481,95482,2,3,5,317,2016,4,15,6,3,5,3,0,0,1,1,0,0,0,0,5.63991E+20,5.93876E+21,9.96685E+15,5.35937E+16
95482,95483,2,2,7,219,2016,4,18,6,3,6,7,0,0,1,0,1,0,0,0,5.60266E+20,5.93495E+21,9.90984E+15,5.356E+16
95483,95484,2,2,9,221,2016,4,7,4,3,5,2,0,0,1,1,0,0,0,0,5.57358E+20,5.93773E+21,9.86645E+15,5.35853E+16
95484,95485,2,3,9,321,2016,4,15,2,3,4,6,0,0,1,1,0,0,0,0,5.61443E+20,5.93922E+21,9.92844E+15,5.35982E+16
95485,95486,2,1,4,111,2016,4,16,4,2,7,1,0,0,1,0,0,0,0,0,5.63759E+20,5.93384E+21,9.96233E+15,5.35496E+16
95486,95487,2,4,8,420,2016,4,16,1,3,5,3,0,0,0,1,0,0,0,0,5.68293E+20,5.93686E+21,1.00314E+16,5.35762E+16
95487,95488,2,2,9,221,2016,4,15,6,3,5,3,0,1,0,1,0,1,0,0,5.56868E+20,5.9368E+21,9.85889E+15,5.3577E+16
95488,95489,2,1,1,102,2016,4,15,4,3,6,3,0,0,0,1,1,0,0,0,5.65824E+20,5.93404E+21,9.99354E+15,5.35511E+16
95489,95490,2,1,8,124,2016,4,17,2,3,3,6,0,1,0,1,0,0,0,0,5.69159E+20,5.93456E+21,1.0044E+16,5.35554E+16
95490,95491,2,4,6,415,2016,4,17,1,3,3,6,0,0,0,1,0,1,0,0,5.67927E+20,5.93612E+21,1.00257E+16,5.35695E+16
95491,95492,2,1,8,126,2016,4,9,4,3,5,3,0,0,0,1,0,0,0,0,5.69417E+20,5.93404E+21,1.00478E+16,5.35507E+16
95492,95493,2,2,11,223,2016,4,21,7,3,0,3,1,0,1,1,0,0,0,0,5.52788E+20,5.93556E+21,9.79706E+15,5.35663E+16
95493,95494,2,1,8,126,2016,4,10,3,3,5,3,0,0,0,1,0,0,0,1,5.69293E+20,5.93377E+21,1.00458E+16,5.35483E+16
95494,95495,2,4,2,403,2016,4,16,5,2,5,3,0,0,1,1,0,0,0,0,5.64778E+20,5.93836E+21,9.97866E+15,5.35901E+16
95495,95496,2,5,7,515,2016,4,13,6,3,5,3,0,0,0,1,0,0,0,0,5.713E+20,5.94108E+21,1.00778E+16,5.36137E+16
95496,95497,2,5,17,525,2016,4,12,5,3,5,3,0,0,1,1,0,0,0,0,5.75898E+20,5.94677E+21,1.01487E+16,5.36641E+16
95497,95498,2,5,8,516,2016,4,17,3,2,5,3,0,0,0,1,0,0,0,0,5.6985E+20,5.94025E+21,1.00557E+16,5.36064E+16
95498,95499,2,1,8,122,2016,4,15,3,2,6,4,0,1,0,0,1,0,0,1,5.69893E+20,5.93458E+21,1.00551E+16,5.35554E+16
95499,95500,2,1,12,130,2016,4,10,3,1,5,2,0,0,0,1,0,1,0,0,5.73866E+20,5.93352E+21,1.01148E+16,5.35454E+16
95500,95501,2,1,14,133,2016,4,13,1,3,5,3,0,0,0,1,0,1,0,0,5.68202E+20,5.93275E+21,1.00292E+16,5.35392E+16
95501,95502,2,7,4,705,2016,5,14,6,2,0,4,0,0,0,1,1,0,0,0,5.658E+20,5.92191E+21,9.99064E+15,5.34421E+16
95502,95503,2,4,5,409,2016,5,11,6,3,5,2,0,0,1,1,0,0,0,0,5.68296E+20,5.9388E+21,1.00319E+16,5.35936E+16
95503,95504,2,7,1,702,2016,5,16,4,3,5,3,0,0,1,1,0,0,0,0,5.66603E+20,5.92328E+21,1.0003E+16,5.34543E+16
95504,95505,2,1,1,101,2016,5,18,4,3,2,6,0,0,0,1,0,0,0,0,5.66067E+20,5.93468E+21,9.99734E+15,5.35569E+16
95505,95506,2,5,10,518,2016,5,16,2,3,1,5,0,0,1,1,0,0,0,0,5.74078E+20,5.94351E+21,1.01203E+16,5.36351E+16
95506,95507,2,1,12,130,2016,5,13,6,3,2,6,0,0,0,1,0,0,0,0,5.73733E+20,5.9345E+21,1.0113E+16,5.35542E+16
95507,95508,2,4,11,430,2016,5,13,3,3,1,5,0,0,1,1,0,0,0,0,5.69457E+20,5.94314E+21,1.00504E+16,5.36324E+16
95508,95509,2,5,9,517,2016,5,6,1,2,9,1,0,0,0,1,0,0,0,0,5.7177E+20,5.94348E+21,1.00854E+16,5.36352E+16
95509,95510,2,1,12,130,2016,5,22,3,2,5,2,2,0,0,1,0,1,0,0,5.76106E+20,5.93144E+21,1.01481E+16,5.35263E+16
95510,95511,2,3,1,302,2016,5,8,4,3,4,2,0,0,1,1,0,0,0,0,5.63025E+20,5.93745E+21,9.95199E+15,5.35821E+16
95511,95512,2,2,1,204,2016,5,16,3,3,5,2,0,0,1,0,0,0,0,1,5.62941E+20,5.93453E+21,9.95014E+15,5.35558E+16
95512,95513,2,6,2,602,2016,4,7,6,3,6,3,0,0,0,0,1,0,0,1,5.78459E+20,5.92727E+21,1.01825E+16,5.34886E+16
95513,95514,2,5,7,515,2016,5,23,4,3,5,2,2,0,0,1,0,0,0,0,5.70627E+20,5.94049E+21,1.00675E+16,5.36085E+16
95514,95515,2,5,2,508,2016,5,19,5,3,4,2,0,0,0,1,0,1,0,0,5.72545E+20,5.93819E+21,1.00959E+16,5.35875E+16
95515,95516,2,3,2,312,2016,5,17,6,3,6,4,0,0,1,0,1,0,0,0,5.65142E+20,5.93562E+21,9.98358E+15,5.35654E+16
95516,95517,2,1,6,115,2016,4,20,5,3,3,6,1,0,0,1,0,0,0,0,5.66694E+20,5.9339E+21,1.00066E+16,5.35498E+16
95517,95518,2,4,13,432,2016,5,17,2,3,4,6,0,0,1,0,0,0,0,0,5.67424E+20,5.94817E+21,1.00208E+16,5.36779E+16
95518,95519,2,5,18,526,2016,5,14,6,3,5,3,0,0,1,1,0,0,0,0,5.74734E+20,5.93964E+21,1.01293E+16,5.36002E+16
95519,95520,2,4,5,410,2016,5,18,1,3,1,6,0,0,0,1,0,1,0,0,5.67229E+20,5.93842E+21,1.00157E+16,5.35903E+16
95520,95521,2,1,3,108,2016,5,14,3,3,3,6,0,0,1,1,0,0,0,0,5.6553E+20,5.93423E+21,9.98915E+15,5.35528E+16
95521,95522,2,7,10,711,2016,5,21,3,3,2,6,2,0,0,1,0,0,0,0,5.62098E+20,5.92573E+21,9.93567E+15,5.34769E+16
95522,95523,2,5,3,510,2016,5,19,3,3,3,6,0,0,0,1,0,0,0,0,5.71114E+20,5.93648E+21,1.00739E+16,5.35724E+16
95523,95524,2,6,2,603,2016,5,10,2,3,5,3,0,0,0,1,0,0,0,0,5.80835E+20,5.92732E+21,1.02183E+16,5.34887E+16
95524,95525,2,4,5,409,2016,5,22,1,2,6,4,2,0,0,1,1,0,0,0,5.67222E+20,5.9385E+21,1.00156E+16,5.3591E+16
95525,95526,2,5,11,519,2016,5,19,3,3,2,6,0,0,0,1,0,0,0,0,5.71952E+20,5.94476E+21,1.00885E+16,5.36467E+16
95526,95527,2,1,5,114,2016,5,10,4,3,3,7,0,0,0,0,0,0,0,1,5.66839E+20,5.93417E+21,1.00089E+16,5.35522E+16
95527,95528,2,1,12,130,2016,5,10,2,3,3,6,0,0,0,1,0,0,0,1,5.73509E+20,5.93269E+21,1.01092E+16,5.3538E+16
95528,95529,2,1,12,130,2016,4,19,6,3,3,7,0,0,0,1,0,0,0,1,5.74373E+20,5.93276E+21,1.01222E+16,5.35384E+16
95529,95530,2,5,7,515,2016,5,15,4,3,2,6,0,0,0,1,0,0,0,0,5.70949E+20,5.93922E+21,1.00721E+16,5.3597E+16
95530,95531,2,4,6,415,2016,5,14,5,2,3,6,0,0,0,1,0,0,0,0,5.67941E+20,5.93592E+21,1.00259E+16,5.35678E+16
95531,95532,2,4,10,428,2016,5,18,1,2,0,1,0,0,1,0,0,0,0,0,5.68873E+20,5.93935E+21,1.00407E+16,5.35984E+16
95532,95533,2,2,7,219,2016,5,17,2,3,0,5,0,0,1,1,0,0,0,0,5.59475E+20,5.9339E+21,9.8977E+15,5.35506E+16
95533,95534,2,4,5,413,2016,5,10,6,3,1,6,0,0,1,1,0,0,0,0,5.66934E+20,5.9375E+21,1.0011E+16,5.35821E+16
95534,95535,2,1,16,136,2016,5,6,5,3,5,2,0,0,1,1,0,0,0,0,5.66417E+20,5.92632E+21,1.00009E+16,5.34817E+16
95535,95536,2,5,5,513,2016,5,22,2,3,5,3,2,0,0,1,0,0,0,0,5.7446E+20,5.93806E+21,1.01248E+16,5.35861E+16
95536,95537,2,2,12,225,2016,5,16,2,3,3,2,0,0,1,1,0,0,0,0,5.54787E+20,5.93564E+21,9.82725E+15,5.35668E+16
95537,95538,2,1,12,130,2016,5,21,7,3,4,2,2,1,0,1,0,0,0,0,5.7636E+20,5.93328E+21,1.01524E+16,5.35428E+16
95538,95539,2,1,12,130,2016,4,17,6,3,2,2,0,0,0,1,0,0,0,0,5.74427E+20,5.93226E+21,1.01229E+16,5.35339E+16
95539,95540,2,3,2,311,2016,5,14,5,3,3,6,0,0,0,0,0,0,0,1,5.64929E+20,5.93588E+21,9.98043E+15,5.35678E+16
95540,95541,2,7,8,709,2016,5,17,3,3,5,3,0,0,0,1,0,0,0,0,5.62116E+20,5.92061E+21,9.93492E+15,5.34309E+16
95541,95542,2,3,7,319,2016,5,8,2,3,2,6,0,0,0,1,0,0,0,0,5.60052E+20,5.94303E+21,9.90816E+15,5.36326E+16
95542,95543,2,5,10,518,2016,5,17,3,3,5,3,0,0,1,1,0,0,0,0,5.73917E+20,5.94572E+21,1.01184E+16,5.3655E+16
95543,95544,2,2,11,224,2016,5,11,1,3,2,2,0,0,1,1,0,0,0,0,5.52239E+20,5.93606E+21,9.78886E+15,5.35708E+16
95544,95545,2,1,11,129,2016,4,21,6,3,5,2,2,0,0,1,0,0,0,0,5.7183E+20,5.93454E+21,1.00843E+16,5.35548E+16
95545,95546,2,2,4,212,2016,5,18,5,3,3,2,0,0,1,1,0,0,0,0,5.60795E+20,5.93426E+21,9.91769E+15,5.35537E+16
95546,95547,2,3,9,321,2016,5,10,2,3,6,7,0,0,1,0,1,0,0,0,5.6193E+20,5.93749E+21,9.93547E+15,5.35826E+16
95547,95548,2,2,4,212,2016,5,13,1,3,5,3,0,0,0,1,0,0,0,0,5.60439E+20,5.93484E+21,9.91243E+15,5.35589E+16
95548,95549,2,5,4,512,2016,5,17,4,3,6,4,0,0,0,1,1,0,0,0,5.75226E+20,5.93682E+21,1.01361E+16,5.35748E+16
95549,95550,2,3,4,316,2016,5,19,2,3,2,6,0,0,0,1,0,0,0,1,5.64304E+20,5.93751E+21,9.97132E+15,5.35825E+16
95550,95551,2,5,1,503,2016,5,15,6,3,2,6,0,0,0,1,0,0,0,0,5.6942E+20,5.93597E+21,1.00482E+16,5.3568E+16
95551,95552,2,4,9,425,2016,5,20,5,3,5,7,0,0,1,1,0,0,0,0,5.70765E+20,5.93782E+21,1.0069E+16,5.35844E+16
95552,95553,2,5,6,514,2016,5,17,2,2,5,3,0,0,1,1,0,0,0,0,5.73536E+20,5.93909E+21,1.01111E+16,5.35955E+16
95553,95554,2,5,2,509,2016,5,14,1,3,3,7,0,1,0,1,0,0,0,0,5.71209E+20,5.93869E+21,1.00759E+16,5.35922E+16
95554,95555,2,1,12,130,2016,4,5,6,3,1,5,1,1,0,1,0,0,0,1,5.74926E+20,5.93284E+21,1.01306E+16,5.35391E+16
95555,95556,2,2,1,204,2016,5,18,3,3,4,2,0,0,1,1,0,0,0,0,5.62797E+20,5.93478E+21,9.94801E+15,5.35581E+16
95556,95557,2,2,1,206,2016,5,23,7,3,4,3,2,1,0,1,0,0,0,0,5.62884E+20,5.93483E+21,9.94934E+15,5.35586E+16
95557,95558,2,4,13,432,2016,5,12,6,3,2,6,0,0,0,1,0,0,0,1,5.66937E+20,5.94498E+21,1.00127E+16,5.36493E+16
95558,95559,2,1,17,138,2016,5,12,5,3,4,2,0,0,0,0,0,0,1,0,5.65359E+20,5.93134E+21,9.98596E+15,5.35269E+16
95559,95560,2,7,4,705,2016,5,11,3,3,1,5,0,0,0,1,0,0,0,1,5.65808E+20,5.92225E+21,9.99083E+15,5.34452E+16
95560,95561,2,4,2,404,2016,5,17,2,3,5,2,0,0,1,1,0,0,0,0,5.65357E+20,5.93838E+21,9.9874E+15,5.35902E+16
95561,95562,2,5,1,504,2016,5,12,6,3,5,3,0,0,0,1,0,0,0,0,5.7002E+20,5.93574E+21,1.00573E+16,5.35659E+16
95562,95563,2,5,17,525,2016,5,13,3,2,4,6,0,0,1,0,0,0,0,0,5.78176E+20,5.94546E+21,1.01828E+16,5.36521E+16
95563,95564,2,2,8,220,2016,5,12,1,3,5,2,0,0,1,1,0,0,0,0,5.58903E+20,5.9396E+21,9.89014E+15,5.36019E+16
95564,95565,2,2,4,214,2016,5,7,4,2,5,3,0,0,1,1,0,0,0,0,5.61922E+20,5.9339E+21,9.93464E+15,5.35504E+16
95565,95566,2,4,7,416,2016,5,19,6,2,3,6,0,0,0,1,0,0,0,0,5.67481E+20,5.93561E+21,1.00189E+16,5.3565E+16
95566,95567,2,1,16,137,2016,5,17,4,3,5,3,0,0,0,1,0,1,0,0,5.66277E+20,5.93058E+21,9.99965E+15,5.352E+16
95567,95568,2,4,6,415,2016,5,11,4,3,3,2,0,0,1,1,0,0,0,0,5.67753E+20,5.9359E+21,1.00231E+16,5.35676E+16
95568,95569,2,5,18,526,2016,5,8,2,3,2,6,0,0,0,1,0,0,0,0,5.77643E+20,5.94132E+21,1.01737E+16,5.36149E+16
95569,95570,2,4,6,415,2016,5,5,4,3,1,5,0,0,1,1,0,0,0,0,5.67309E+20,5.93593E+21,1.00164E+16,5.35679E+16
95570,95571,2,2,11,223,2016,5,9,6,3,0,7,0,0,1,0,0,0,0,0,5.53194E+20,5.93455E+21,9.80302E+15,5.35571E+16
95571,95572,2,2,8,220,2016,5,12,5,3,1,7,0,0,0,1,0,0,0,1,5.56735E+20,5.93915E+21,9.8573E+15,5.35981E+16
95572,95573,2,1,6,118,2016,4,12,6,3,4,2,0,0,0,1,0,0,0,0,5.68689E+20,5.93335E+21,1.00366E+16,5.35446E+16
95573,95574,2,3,3,313,2016,5,10,3,3,5,2,0,1,1,1,0,0,0,0,5.64711E+20,5.93694E+21,9.97735E+15,5.35773E+16
95574,95575,2,7,14,715,2016,5,19,5,3,3,6,0,0,1,1,0,0,0,0,5.56709E+20,5.92476E+21,9.8543E+15,5.34687E+16
95575,95576,2,1,7,119,2016,5,9,6,3,3,7,0,0,0,1,0,1,0,0,5.68481E+20,5.93436E+21,1.00337E+16,5.35536E+16
95576,95577,2,4,6,415,2016,5,12,6,3,1,5,0,0,1,1,0,0,0,0,5.6703E+20,5.93609E+21,1.00122E+16,5.35694E+16
95577,95578,2,6,14,615,2016,5,16,4,3,5,2,0,0,1,1,0,0,0,0,5.7846E+20,5.92699E+21,1.01825E+16,5.3486E+16
95578,95579,2,7,2,703,2016,5,15,3,3,0,6,0,0,0,0,0,1,0,1,5.66398E+20,5.92428E+21,1.00001E+16,5.34634E+16
95579,95580,2,2,1,203,2016,5,14,2,3,2,6,0,0,0,1,0,0,0,1,5.62069E+20,5.93409E+21,9.93689E+15,5.3552E+16
95580,95581,2,2,8,220,2016,5,18,6,3,0,7,0,0,0,1,0,0,0,0,5.58278E+20,5.93862E+21,9.88052E+15,5.35932E+16