FID,OBJECTID,ULAND,UREGBEZ,UKREIS,UGEMEINDE,UJAHR,UMONAT,USTUNDE,UWOCHENTAG,UKATEGORIE,UART,UTYP1,ULICHTVERH,IstStrasse,IstRad,IstPKW,IstFuss,IstKrad,IstGkfz,IstSonstig,LINREFX,LINREFY,XGCSWGS84,YGCSWGS84
95581,95582,2,4,13,432,2016,5,15,3,3,1,6,0,0,0,1,0,0,0,0,5.66473E+20,5.94563E+21,1.00058E+16,5.36552E+16
95582,95583,2,2,8,220,2016,5,19,1,3,5,3,0,0,0,1,0,0,0,0,5.56764E+20,5.93927E+21,9.85777E+15,5.35992E+16
95583,95584,2,1,12,130,2016,5,12,3,3,1,7,0,0,0,1,0,0,0,0,5.76061E+20,5.9318E+21,1.01475E+16,5.35296E+16
95584,95585,2,1,5,114,2016,5,13,4,3,6,4,0,0,0,0,1,0,0,1,5.6693E+20,5.93419E+21,1.00103E+16,5.35523E+16
95585,95586,2,5,18,526,2016,5,16,2,3,3,6,0,0,0,1,0,0,0,0,5.77952E+20,5.94088E+21,1.01783E+16,5.36109E+16
95586,95587,2,5,18,526,2016,4,7,6,3,5,3,0,0,1,0,0,0,0,1,5.75553E+20,5.93966E+21,1.01417E+16,5.36003E+16
95587,95588,2,5,7,515,2016,5,14,4,3,0,7,0,0,0,1,0,0,0,1,5.7129E+20,5.94146E+21,1.00777E+16,5.36171E+16
95588,95589,2,5,11,519,2016,5,17,5,3,1,6,0,0,0,1,0,0,0,0,5.70675E+20,5.94696E+21,1.00697E+16,5.36666E+16
95589,95590,2,1,1,101,2016,5,7,6,3,5,3,0,0,1,0,0,0,0,0,5.65883E+20,5.93414E+21,9.99446E+15,5.3552E+16
95590,95591,2,1,5,114,2016,4,9,5,3,1,6,0,0,0,1,0,0,0,0,5.67182E+20,5.93442E+21,1.00141E+16,5.35544E+16
95591,95592,2,5,4,512,2016,4,11,6,3,2,6,0,0,0,1,0,0,0,0,5.75705E+20,5.93784E+21,1.01436E+16,5.35839E+16
95592,95593,2,4,13,432,2016,5,15,4,3,2,6,0,0,0,1,0,0,0,0,5.66967E+20,5.94432E+21,1.0013E+16,5.36434E+16
95593,95594,2,2,1,201,2016,5,17,3,3,5,3,0,0,1,1,0,0,0,0,5.63264E+20,5.93372E+21,9.95485E+15,5.35486E+16
95594,95595,2,6,2,603,2016,5,8,5,3,5,2,0,0,0,1,0,0,0,0,5.80227E+20,5.92664E+21,1.0209E+16,5.34826E+16
95595,95596,2,5,8,516,2016,5,10,6,3,5,3,0,0,1,1,0,0,0,0,5.70269E+20,5.94075E+21,1.00621E+16,5.36109E+16
95596,95597,2,2,7,219,2016,5,17,6,3,1,6,0,0,0,1,0,0,0,0,5.59731E+20,5.93459E+21,9.9017E+15,5.35568E+16
95597,95598,2,7,10,711,2016,4,16,4,3,6,4,0,1,0,1,1,0,0,0,5.62928E+20,5.92413E+21,9.94786E+15,5.34624E+16
95598,95599,2,3,2,312,2016,5,14,2,3,2,6,0,0,0,1,0,0,0,0,5.65567E+20,5.93522E+21,9.98992E+15,5.35618E+16
95599,95600,2,3,1,310,2016,5,14,6,3,5,3,0,0,1,1,0,0,0,0,5.63387E+20,5.93565E+21,9.95709E+15,5.35659E+16
95600,95601,2,1,3,108,2016,5,20,1,3,5,3,1,0,1,1,0,0,0,0,5.65524E+20,5.93485E+21,9.98919E+15,5.35584E+16
95601,95602,2,2,9,221,2016,5,17,3,3,9,1,0,0,0,0,0,1,0,0,5.55188E+20,5.93701E+21,9.83354E+15,5.35791E+16
95602,95603,2,1,16,137,2016,5,7,3,3,5,2,0,0,0,1,0,0,0,1,5.66588E+20,5.92936E+21,1.00041E+16,5.3509E+16
95603,95604,2,5,6,514,2016,5,14,2,3,5,3,0,0,1,1,0,0,0,0,5.74087E+20,5.94002E+21,1.01197E+16,5.36038E+16
95604,95605,2,5,18,526,2016,4,17,6,3,2,6,0,1,0,1,0,0,0,0,5.77041E+20,5.93923E+21,1.01641E+16,5.35962E+16
95605,95606,2,4,7,416,2016,5,18,4,3,3,6,0,0,0,1,0,0,0,0,5.67274E+20,5.93536E+21,1.00157E+16,5.35628E+16
95606,95607,2,4,10,426,2016,5,15,5,3,0,7,0,0,1,1,0,0,0,0,5.69638E+20,5.93877E+21,1.00522E+16,5.35931E+16
95607,95608,2,1,1,102,2016,5,13,1,3,3,6,0,0,0,1,0,1,0,0,5.6605E+20,5.93364E+21,9.99687E+15,5.35475E+16
95608,95609,2,5,5,513,2016,5,17,4,3,2,6,0,0,0,1,0,0,0,0,5.72745E+20,5.93832E+21,1.0099E+16,5.35887E+16
95609,95610,2,1,1,101,2016,5,21,2,3,3,7,2,0,0,1,0,0,0,0,5.66187E+20,5.93391E+21,9.999E+15,5.35499E+16
95610,95611,2,1,13,131,2016,5,19,5,2,0,1,0,0,1,0,0,0,0,0,5.72401E+20,5.92999E+21,1.00919E+16,5.35138E+16
95611,95612,2,1,13,131,2016,5,14,5,3,2,6,0,0,0,1,0,0,0,0,5.72238E+20,5.92972E+21,1.00893E+16,5.35115E+16
95612,95613,2,1,15,134,2016,5,1,7,3,5,7,2,0,0,1,0,0,0,0,5.68994E+20,5.93056E+21,1.00406E+16,5.35194E+16
95613,95614,2,5,7,515,2016,5,18,2,3,6,7,0,0,0,1,1,0,0,0,5.7131E+20,5.9418E+21,1.00781E+16,5.36201E+16
95614,95615,2,6,1,601,2016,5,0,1,3,5,3,2,1,0,1,0,0,0,0,5.79325E+20,5.92989E+21,1.01962E+16,5.3512E+16
95615,95616,2,4,9,425,2016,4,17,6,3,1,6,0,0,0,1,0,0,0,0,5.70541E+20,5.93794E+21,1.00656E+16,5.35855E+16
95616,95617,2,1,3,105,2016,5,17,2,3,1,5,0,0,1,1,0,0,0,0,5.65064E+20,5.93368E+21,9.98199E+15,5.3548E+16
95617,95618,2,1,11,129,2016,5,18,7,3,2,6,0,0,0,1,0,1,0,0,5.73433E+20,5.93505E+21,1.01086E+16,5.35592E+16
95618,95619,2,4,13,432,2016,5,14,2,3,5,3,0,0,1,1,0,0,0,0,5.66681E+20,5.94485E+21,1.00088E+16,5.36482E+16
95619,95620,2,5,7,515,2016,5,13,2,2,5,3,0,0,1,1,0,0,0,0,5.71174E+20,5.9411E+21,1.00759E+16,5.36139E+16
95620,95621,2,2,9,221,2016,5,11,3,2,5,3,0,1,0,1,0,0,1,0,5.56388E+20,5.93809E+21,9.85186E+15,5.35886E+16
95621,95622,2,5,12,520,2016,5,16,2,3,5,3,0,0,0,1,0,0,0,0,5.68162E+20,5.9447E+21,1.00312E+16,5.36467E+16
95622,95623,2,3,2,312,2016,5,14,1,3,2,6,0,1,0,1,0,0,0,0,5.65721E+20,5.93494E+21,9.99218E+15,5.35592E+16
95623,95624,2,5,2,505,2016,4,13,6,3,3,6,0,0,0,1,0,0,0,0,5.70502E+20,5.93636E+21,1.00647E+16,5.35714E+16
95624,95625,2,2,1,203,2016,5,12,5,3,4,2,0,0,1,1,0,0,0,0,5.62144E+20,5.93363E+21,9.93792E+15,5.35479E+16
95625,95626,2,1,16,136,2016,5,11,3,3,2,6,0,0,0,1,0,0,0,0,5.67084E+20,5.92769E+21,1.00112E+16,5.34939E+16
95626,95627,2,1,1,101,2016,5,13,2,3,5,3,0,0,1,1,0,0,0,0,5.65981E+20,5.93398E+21,9.99591E+15,5.35506E+16
95627,95628,2,4,13,432,2016,5,14,3,3,0,4,0,0,0,0,1,0,0,1,5.67355E+20,5.94633E+21,1.00193E+16,5.36614E+16
95628,95629,2,1,11,129,2016,5,8,7,3,3,6,0,0,0,1,0,0,0,1,5.7081E+20,5.93504E+21,1.0069E+16,5.35595E+16
95629,95630,2,5,11,519,2016,5,8,4,3,3,6,0,0,0,1,0,0,0,0,5.71898E+20,5.94473E+21,1.00877E+16,5.36464E+16
95630,95631,2,1,5,114,2016,5,9,2,2,3,6,0,0,0,1,0,1,0,0,5.6739E+20,5.93418E+21,1.00172E+16,5.35521E+16
95631,95632,2,6,10,611,2016,5,2,5,3,0,1,2,0,0,1,0,0,0,0,5.77796E+20,5.92846E+21,1.01728E+16,5.34993E+16
95632,95633,2,5,1,501,2016,5,15,5,3,5,3,0,0,0,1,0,0,0,0,5.6904E+20,5.93567E+21,1.00424E+16,5.35654E+16
95633,95634,2,5,9,517,2016,5,13,1,3,4,7,0,1,0,1,0,0,0,0,5.71758E+20,5.94453E+21,1.00855E+16,5.36446E+16
95634,95635,2,5,3,511,2016,4,14,6,3,2,6,0,1,0,1,0,0,0,0,5.7189E+20,5.93608E+21,1.00855E+16,5.35686E+16
95635,95636,2,1,1,102,2016,5,11,3,3,5,3,0,1,0,1,0,0,0,0,5.65991E+20,5.93383E+21,9.99602E+15,5.35492E+16
95636,95637,2,7,4,705,2016,5,22,6,2,6,4,2,0,0,1,1,0,0,0,5.65793E+20,5.92248E+21,9.99065E+15,5.34472E+16
95637,95638,2,4,5,408,2016,5,16,6,3,5,3,0,0,1,1,0,0,0,0,5.65858E+20,5.9394E+21,9.99519E+15,5.35993E+16
95638,95639,2,7,16,717,2016,5,15,4,2,0,1,0,0,0,0,0,1,0,0,5.51795E+20,5.93023E+21,9.78119E+15,5.35184E+16
95639,95640,2,1,16,137,2016,5,18,3,3,5,3,0,0,1,1,0,0,0,0,5.6607E+20,5.92588E+21,9.99553E+15,5.34778E+16
95640,95641,2,1,11,129,2016,5,20,1,2,5,3,0,0,1,1,0,0,0,0,5.72905E+20,5.93426E+21,1.01005E+16,5.35522E+16
95641,95642,2,7,12,713,2016,5,6,2,3,2,6,0,0,0,1,0,0,0,0,5.60492E+20,5.92969E+21,9.91223E+15,5.35127E+16
95642,95643,2,5,9,517,2016,5,18,7,3,5,3,0,1,1,1,0,0,0,0,5.72716E+20,5.94371E+21,1.00998E+16,5.36371E+16
95643,95644,2,5,2,507,2016,4,8,6,3,0,7,0,0,0,1,0,0,1,0,5.7141E+20,5.93672E+21,1.00784E+16,5.35744E+16
95644,95645,2,2,2,207,2016,5,7,5,3,6,7,0,0,1,0,1,0,0,0,5.63823E+20,5.93501E+21,9.96354E+15,5.35601E+16
95645,95646,2,6,2,602,2016,5,10,3,3,5,3,0,0,1,1,0,0,0,0,5.79579E+20,5.92733E+21,1.01994E+16,5.34889E+16
95646,95647,2,1,8,122,2016,5,11,1,3,5,3,0,0,1,1,0,0,0,0,5.69774E+20,5.93479E+21,1.00533E+16,5.35573E+16
95647,95648,2,4,12,431,2016,5,13,3,3,1,6,0,0,0,1,0,0,0,1,5.67191E+20,5.94338E+21,1.00162E+16,5.36349E+16
95648,95649,2,1,6,117,2016,5,21,7,3,5,3,1,0,0,1,0,0,0,0,5.68039E+20,5.93413E+21,1.0027E+16,5.35516E+16
95649,95650,2,4,8,421,2016,5,11,4,2,3,6,0,0,0,1,0,1,0,0,5.68893E+20,5.9373E+21,1.00406E+16,5.358E+16
95650,95651,2,6,12,613,2016,5,0,5,3,0,1,2,0,0,0,0,1,0,0,5.71967E+20,5.92649E+21,1.00845E+16,5.34825E+16
95651,95652,2,3,5,317,2016,5,8,5,3,2,7,0,0,1,0,0,0,0,0,5.63042E+20,5.93931E+21,9.95263E+15,5.35988E+16
95652,95653,2,4,12,431,2016,5,8,2,3,5,2,0,0,1,1,0,0,0,0,5.67765E+20,5.94256E+21,1.00247E+16,5.36274E+16
95653,95654,2,5,8,516,2016,4,1,6,3,5,3,2,0,0,1,0,0,0,0,5.69745E+20,5.94011E+21,1.00541E+16,5.36052E+16
95654,95655,2,4,10,426,2016,5,9,4,3,2,6,0,0,0,1,0,1,0,0,5.69906E+20,5.93861E+21,1.00562E+16,5.35916E+16
95655,95656,2,7,1,702,2016,5,12,2,3,2,6,0,0,0,1,0,0,0,0,5.65977E+20,5.92446E+21,9.99384E+15,5.3465E+16
95656,95657,2,7,16,717,2016,5,16,5,3,2,2,0,0,0,1,0,0,0,0,5.53113E+20,5.92977E+21,9.80099E+15,5.35142E+16
95657,95658,2,5,6,514,2016,5,10,6,3,5,3,0,0,1,1,0,0,0,0,5.75455E+20,5.94287E+21,1.0141E+16,5.36292E+16
95658,95659,2,3,8,320,2016,5,15,6,3,3,2,0,0,1,1,0,0,0,0,5.59963E+20,5.94103E+21,9.90644E+15,5.36146E+16
95659,95660,2,1,12,130,2016,4,17,4,3,5,3,0,1,0,1,0,0,0,0,5.76215E+20,5.9313E+21,1.01497E+16,5.35251E+16
95660,95661,2,5,4,512,2016,5,14,4,3,5,2,0,0,0,0,0,1,0,1,5.73247E+20,5.93654E+21,1.01062E+16,5.35726E+16
95661,95662,2,1,12,130,2016,5,10,3,3,3,7,0,0,0,1,0,0,0,0,5.73537E+20,5.93254E+21,1.01096E+16,5.35366E+16
95662,95663,2,3,3,314,2016,5,10,1,3,5,3,0,0,1,1,0,0,0,0,5.65492E+20,5.9374E+21,9.98925E+15,5.35814E+16
95663,95664,2,1,11,128,2016,5,16,5,3,3,6,0,0,0,1,0,0,0,0,5.72344E+20,5.93333E+21,1.00918E+16,5.35438E+16
95664,95665,2,4,4,407,2016,5,19,3,3,5,2,0,0,0,1,0,1,0,0,5.65809E+20,5.9397E+21,9.99452E+15,5.3602E+16
95665,95666,2,5,5,513,2016,5,8,7,3,5,3,0,0,0,1,0,0,0,0,5.73432E+20,5.93863E+21,1.01094E+16,5.35914E+16
95666,95667,2,5,7,515,2016,5,17,3,3,3,6,0,0,0,1,0,0,0,0,5.71386E+20,5.94102E+21,1.00791E+16,5.36131E+16
95667,95668,2,1,5,113,2016,5,11,4,3,5,3,0,0,0,1,0,0,0,0,5.67121E+20,5.93517E+21,1.00134E+16,5.35611E+16
95668,95669,2,1,8,123,2016,5,18,5,3,6,7,0,0,1,0,1,0,0,0,5.7055E+20,5.93443E+21,1.0065E+16,5.3554E+16
95669,95670,2,4,5,408,2016,5,10,3,3,1,6,0,0,0,1,0,0,0,0,5.67103E+20,5.9395E+21,1.0014E+16,5.36E+16
95670,95671,2,5,18,526,2016,5,18,7,2,5,3,0,0,0,1,0,0,0,0,5.77846E+20,5.9387E+21,1.01761E+16,5.35913E+16
95671,95672,2,1,5,114,2016,5,14,4,3,5,3,0,0,0,1,0,0,0,1,5.6683E+20,5.93455E+21,1.00088E+16,5.35556E+16
95672,95673,2,5,6,514,2016,5,21,4,3,0,6,1,0,0,1,0,0,0,0,5.73699E+20,5.94237E+21,1.01144E+16,5.36249E+16
95673,95674,2,3,9,321,2016,5,16,4,3,5,2,0,0,1,1,0,0,0,0,5.62727E+20,5.93748E+21,9.94749E+15,5.35824E+16
95674,95675,2,4,5,411,2016,5,12,2,3,1,5,0,0,1,1,0,0,0,0,5.68212E+20,5.938E+21,1.00305E+16,5.35864E+16
95675,95676,2,4,13,432,2016,4,23,6,2,5,7,2,0,0,1,0,0,0,1,5.67911E+20,5.94784E+21,1.00281E+16,5.36749E+16
95676,95677,2,3,9,321,2016,5,13,4,3,2,6,0,0,0,1,0,0,0,0,5.62027E+20,5.9386E+21,9.93715E+15,5.35926E+16
95677,95678,2,5,18,526,2016,5,13,5,3,2,6,0,0,0,1,0,0,0,0,5.75647E+20,5.93967E+21,1.01432E+16,5.36004E+16
95678,95679,2,2,1,206,2016,5,23,6,3,3,7,2,0,0,1,0,1,0,0,5.62941E+20,5.93461E+21,9.95015E+15,5.35566E+16
95679,95680,2,1,6,117,2016,4,18,4,3,4,2,0,1,0,1,0,0,0,1,5.67844E+20,5.93356E+21,1.00239E+16,5.35466E+16
95680,95681,2,7,13,714,2016,4,10,7,3,5,3,0,0,0,1,0,0,0,0,5.59381E+20,5.92576E+21,9.89474E+15,5.34775E+16
95681,95682,2,4,9,424,2016,5,6,5,3,4,2,0,0,0,1,0,0,0,1,5.69991E+20,5.93733E+21,1.00572E+16,5.35801E+16
95682,95683,2,5,4,512,2016,5,18,7,3,2,2,0,0,0,1,0,1,0,0,5.73313E+20,5.9366E+21,1.01072E+16,5.35731E+16
95683,95684,2,1,5,114,2016,5,10,3,3,1,6,0,1,0,1,0,1,0,0,5.67338E+20,5.93416E+21,1.00164E+16,5.3552E+16
95684,95685,2,5,10,518,2016,5,11,3,2,4,1,0,1,0,1,0,0,1,0,5.74903E+20,5.94377E+21,1.01329E+16,5.36373E+16
95685,95686,2,4,10,429,2016,5,20,2,3,2,2,0,0,0,1,0,0,0,0,5.68537E+20,5.93964E+21,1.00357E+16,5.36011E+16
95686,95687,2,4,4,407,2016,4,14,6,3,0,2,0,0,0,1,1,0,0,0,5.67581E+20,5.94114E+21,1.00216E+16,5.36147E+16
95687,95688,2,2,5,217,2016,5,12,5,3,5,3,0,0,1,1,0,0,0,0,5.58945E+20,5.9366E+21,9.89021E+15,5.3575E+16
95688,95689,2,2,5,216,2016,5,15,2,3,6,4,0,0,1,0,1,0,0,0,5.60443E+20,5.93501E+21,9.91252E+15,5.35605E+16
95689,95690,2,4,5,411,2016,4,9,6,3,6,4,0,0,0,1,1,0,0,0,5.67713E+20,5.93778E+21,1.00229E+16,5.35845E+16
95690,95691,2,2,12,225,2016,5,18,4,3,5,3,0,0,1,1,0,0,0,0,5.54475E+20,5.93598E+21,9.82261E+15,5.35698E+16
95691,95692,2,4,10,427,2016,5,18,5,3,2,6,0,0,0,0,0,1,0,1,5.68919E+20,5.93807E+21,1.00411E+16,5.3587E+16
95692,95693,2,5,2,505,2016,5,8,7,3,6,2,0,0,0,1,1,0,0,0,5.70548E+20,5.93653E+21,1.00654E+16,5.35728E+16
95693,95694,2,1,16,137,2016,4,0,7,3,2,7,2,0,0,1,0,1,0,0,5.65436E+20,5.92959E+21,9.98676E+15,5.35111E+16
95694,95695,2,5,11,519,2016,5,18,5,3,0,2,0,0,0,1,0,1,0,0,5.70787E+20,5.9466E+21,1.00713E+16,5.36634E+16
95695,95696,2,7,8,709,2016,5,20,5,3,1,6,0,0,0,1,0,0,0,0,5.64266E+20,5.92157E+21,9.96747E+15,5.34392E+16
95696,95697,2,3,8,320,2016,5,14,2,3,5,2,0,0,0,0,0,1,0,0,5.60115E+20,5.93847E+21,9.90823E+15,5.35916E+16
95697,95698,2,4,6,415,2016,5,11,2,3,5,3,0,0,1,0,0,0,0,0,5.67575E+20,5.93594E+21,1.00204E+16,5.3568E+16
95698,95699,2,1,3,108,2016,5,3,1,3,4,3,2,0,1,1,0,0,0,0,5.65825E+20,5.93478E+21,9.99372E+15,5.35578E+16
95699,95700,2,4,6,415,2016,4,16,6,3,4,6,0,0,1,0,0,0,0,1,5.66963E+20,5.93612E+21,1.00112E+16,5.35697E+16
95700,95701,2,3,2,312,2016,5,18,5,2,3,2,0,0,0,1,0,1,0,0,5.65925E+20,5.93599E+21,9.99547E+15,5.35686E+16
95701,95702,2,1,14,132,2016,5,17,3,3,5,2,0,0,0,1,0,1,0,0,5.69807E+20,5.93256E+21,1.00533E+16,5.35373E+16
95702,95703,2,6,2,602,2016,4,22,7,2,6,6,2,0,0,0,1,0,0,1,5.78536E+20,5.92727E+21,1.01837E+16,5.34885E+16
95703,95704,2,4,5,413,2016,5,9,3,3,0,2,0,0,1,1,0,0,0,0,5.66419E+20,5.93734E+21,1.00032E+16,5.35807E+16
95704,95705,2,4,12,431,2016,5,18,7,3,5,2,0,0,0,1,0,0,0,0,5.67183E+20,5.94335E+21,1.00161E+16,5.36346E+16
95705,95706,2,5,10,518,2016,5,11,4,3,3,7,0,0,0,1,0,0,1,0,5.73053E+20,5.94527E+21,1.01053E+16,5.36511E+16
95706,95707,2,4,12,431,2016,5,10,5,2,0,3,0,0,0,1,0,0,0,0,5.67088E+20,5.94251E+21,1.00144E+16,5.3627E+16
95707,95708,2,4,10,426,2016,5,18,5,3,2,6,0,0,0,1,0,0,0,0,5.70123E+20,5.93842E+21,1.00594E+16,5.35899E+16
95708,95709,2,4,13,432,2016,5,19,7,2,6,4,0,0,0,1,1,0,0,0,5.6706E+20,5.94499E+21,1.00146E+16,5.36494E+16
95709,95710,2,1,12,130,2016,4,14,7,3,2,2,0,1,0,1,0,0,0,1,5.73301E+20,5.93365E+21,1.01063E+16,5.35466E+16
95710,95711,2,4,5,410,2016,5,13,5,3,6,4,0,0,0,1,1,0,0,0,5.67225E+20,5.93845E+21,1.00156E+16,5.35906E+16
95711,95712,2,5,18,526,2016,5,8,5,3,1,7,0,0,0,1,0,0,0,1,5.74912E+20,5.93992E+21,1.01321E+16,5.36028E+16
95712,95713,2,2,8,220,2016,5,20,2,3,5,3,0,0,1,1,0,0,0,0,5.57337E+20,5.93899E+21,9.86636E+15,5.35966E+16
95713,95714,2,5,6,514,2016,5,18,1,2,4,6,0,1,0,1,0,0,0,0,5.74426E+20,5.94266E+21,1.01254E+16,5.36274E+16
95714,95715,2,5,1,502,2016,4,7,6,3,5,3,0,0,0,1,0,0,0,0,5.69361E+20,5.93644E+21,1.00475E+16,5.35722E+16
95715,95716,2,1,16,137,2016,5,8,2,3,2,6,0,0,1,1,0,0,0,0,5.65219E+20,5.93039E+21,9.98366E+15,5.35184E+16
95716,95717,2,3,4,315,2016,5,13,7,3,4,2,0,0,1,0,0,0,0,1,5.64574E+20,5.93713E+21,9.97532E+15,5.3579E+16
95717,95718,2,3,8,320,2016,4,19,6,3,1,6,0,0,0,1,0,0,0,0,5.59404E+20,5.93998E+21,9.89778E+15,5.36052E+16
95718,95719,2,4,13,432,2016,5,7,6,3,0,3,0,0,1,1,0,0,0,0,5.67241E+20,5.94396E+21,1.00171E+16,5.36401E+16
95719,95720,2,1,3,108,2016,5,14,5,3,2,6,0,0,0,1,0,1,0,0,5.65709E+20,5.93433E+21,9.99187E+15,5.35537E+16
95720,95721,2,5,4,512,2016,5,19,3,3,5,3,0,0,1,1,0,0,0,0,5.75599E+20,5.93634E+21,1.01416E+16,5.35705E+16
95721,95722,2,5,4,512,2016,4,23,7,3,5,2,2,0,0,1,0,0,0,0,5.74473E+20,5.93638E+21,1.01246E+16,5.3571E+16
95722,95723,2,2,8,220,2016,5,14,5,3,6,4,0,0,0,1,1,0,0,0,5.57117E+20,5.93927E+21,9.8631E+15,5.35991E+16
95723,95724,2,5,1,503,2016,5,9,3,3,6,4,0,0,0,1,1,0,0,0,5.70034E+20,5.93565E+21,1.00574E+16,5.3565E+16
95724,95725,2,4,13,432,2016,5,15,7,3,2,2,0,0,0,1,0,0,0,0,5.66125E+20,5.94805E+21,1.00011E+16,5.3677E+16
95725,95726,2,2,8,220,2016,5,6,4,3,0,2,0,0,0,1,1,0,0,0,5.58836E+20,5.93949E+21,9.88911E+15,5.36009E+16
95726,95727,2,2,4,214,2016,5,14,5,3,8,1,0,0,1,0,0,0,0,0,5.61689E+20,5.93333E+21,9.931E+15,5.35453E+16
95727,95728,2,2,3,210,2016,5,19,5,3,0,6,0,0,0,1,0,1,0,0,5.62107E+20,5.9345E+21,9.93754E+15,5.35557E+16
95728,95729,2,4,10,427,2016,5,6,4,3,6,6,0,0,1,0,1,0,0,0,5.68374E+20,5.93846E+21,1.0033E+16,5.35905E+16
95729,95730,2,2,5,215,2016,5,11,2,3,1,3,0,0,1,1,0,0,0,0,5.61762E+20,5.93569E+21,9.93257E+15,5.35664E+16
95730,95731,2,2,8,220,2016,4,7,6,3,1,5,0,0,0,1,0,1,0,0,5.58441E+20,5.93927E+21,9.8831E+15,5.3599E+16
95731,95732,2,3,9,321,2016,5,14,4,3,2,7,0,0,0,1,0,0,0,0,5.60161E+20,5.93846E+21,9.90893E+15,5.35915E+16
95732,95733,2,1,15,134,2016,5,18,2,2,0,7,0,0,1,0,0,0,0,0,5.69441E+20,5.93067E+21,1.00474E+16,5.35203E+16
95733,95734,2,7,4,705,2016,5,16,5,2,0,3,0,0,1,0,0,0,0,1,5.65475E+20,5.92128E+21,9.98561E+15,5.34365E+16
95734,95735,2,5,7,515,2016,5,9,6,3,5,3,0,0,1,0,0,0,0,1,5.71071E+20,5.94085E+21,1.00743E+16,5.36117E+16
95735,95736,2,3,6,318,2016,5,15,1,2,6,7,0,0,1,0,1,0,0,0,5.63604E+20,5.94303E+21,9.96188E+15,5.36322E+16
95736,95737,2,2,1,204,2016,4,12,6,3,3,6,0,0,0,0,0,0,0,1,5.62161E+20,5.93422E+21,9.93829E+15,5.35531E+16
95737,95738,2,1,8,121,2016,5,15,2,3,3,6,0,0,0,1,0,0,0,0,5.69351E+20,5.93522E+21,1.0047E+16,5.35613E+16
95738,95739,2,7,7,708,2016,5,9,6,3,4,2,0,0,0,1,0,0,0,0,5.65258E+20,5.9192E+21,9.98191E+15,5.34178E+16
95739,95740,2,4,6,415,2016,5,19,6,3,5,2,0,0,0,1,0,1,0,0,5.68539E+20,5.93646E+21,1.00351E+16,5.35725E+16
95740,95741,2,1,16,137,2016,5,13,4,3,6,7,0,0,1,0,1,0,0,0,5.65789E+20,5.92884E+21,9.99193E+15,5.35044E+16
95741,95742,2,5,7,515,2016,5,13,3,3,3,2,0,0,1,0,0,0,0,1,5.73872E+20,5.94243E+21,1.0117E+16,5.36255E+16
95742,95743,2,4,6,415,2016,4,17,7,3,0,2,0,0,0,1,0,0,0,1,5.67439E+20,5.93598E+21,1.00183E+16,5.35683E+16
95743,95744,2,3,2,312,2016,5,10,5,3,5,3,0,0,0,1,0,0,0,0,5.65615E+20,5.93507E+21,9.99061E+15,5.35604E+16
95744,95745,2,2,9,221,2016,5,14,3,3,3,3,0,0,1,1,0,0,0,0,5.57345E+20,5.9369E+21,9.86611E+15,5.35778E+16
95745,95746,2,4,6,415,2016,5,16,7,2,0,5,0,0,1,1,0,0,0,0,5.67076E+20,5.93607E+21,1.00129E+16,5.35692E+16
95746,95747,2,1,12,130,2016,5,19,3,3,6,4,0,0,0,1,1,0,0,0,5.74203E+20,5.93241E+21,1.01196E+16,5.35354E+16
95747,95748,2,1,5,113,2016,5,23,4,3,3,6,2,0,0,1,0,0,0,0,5.66801E+20,5.93494E+21,1.00085E+16,5.35591E+16
95748,95749,2,2,8,220,2016,5,10,2,3,5,2,0,0,1,1,0,0,0,0,5.57917E+20,5.93803E+21,9.87495E+15,5.35879E+16
95749,95750,2,3,2,311,2016,4,13,6,2,5,3,0,0,1,0,0,0,0,1,5.65204E+20,5.93548E+21,9.98449E+15,5.35641E+16
95750,95751,2,3,8,320,2016,5,7,4,3,5,3,0,0,1,1,0,0,0,0,5.5985E+20,5.93802E+21,9.90415E+15,5.35876E+16
95751,95752,2,4,9,424,2016,5,7,5,3,3,2,0,0,1,1,0,0,0,0,5.7007E+20,5.93737E+21,1.00584E+16,5.35805E+16
95752,95753,2,1,3,108,2016,5,11,6,3,4,2,0,0,1,1,0,0,0,0,5.65355E+20,5.93454E+21,9.98658E+15,5.35556E+16
95753,95754,2,5,7,515,2016,4,13,4,2,5,3,0,1,0,1,0,1,0,0,5.71771E+20,5.94116E+21,1.00849E+16,5.36143E+16
95754,95755,2,4,7,416,2016,4,15,7,3,3,6,0,1,0,1,0,0,0,0,5.67875E+20,5.9348E+21,1.00247E+16,5.35577E+16
95755,95756,2,1,5,114,2016,5,16,5,3,2,6,0,0,0,1,0,0,0,0,5.66734E+20,5.93489E+21,1.00075E+16,5.35587E+16
95756,95757,2,3,8,320,2016,5,12,7,3,4,2,0,0,0,1,0,1,0,0,5.59453E+20,5.94072E+21,9.89866E+15,5.36119E+16
95757,95758,2,3,4,315,2016,5,18,2,3,0,7,0,0,1,0,0,0,0,0,5.64134E+20,5.93729E+21,9.96871E+15,5.35805E+16
95758,95759,2,2,8,220,2016,5,13,6,3,8,1,0,0,0,0,0,1,0,0,5.58348E+20,5.93863E+21,9.88157E+15,5.35932E+16
95759,95760,2,5,12,520,2016,4,7,4,3,2,6,0,1,0,1,0,0,0,1,5.69669E+20,5.9447E+21,1.0054E+16,5.36464E+16
95760,95761,2,4,10,427,2016,4,11,7,3,9,5,0,1,0,1,0,0,0,1,5.69477E+20,5.93852E+21,1.00497E+16,5.35909E+16