FID,OBJECTID,ULAND,UREGBEZ,UKREIS,UGEMEINDE,UJAHR,UMONAT,USTUNDE,UWOCHENTAG,UKATEGORIE,UART,UTYP1,ULICHTVERH,IstStrasse,IstRad,IstPKW,IstFuss,IstKrad,IstGkfz,IstSonstig,LINREFX,LINREFY,XGCSWGS84,YGCSWGS84
95941,95942,2,5,2,509,2016,6,14,6,3,5,3,0,0,0,1,0,0,0,0,5.71574E+20,5.93879E+21,1.00814E+16,5.35931E+16
95942,95943,2,2,4,211,2016,6,8,4,3,5,3,0,0,0,1,0,0,0,0,5.61475E+20,5.93483E+21,9.92806E+15,5.35587E+16
95943,95944,2,2,10,222,2016,5,11,1,3,2,6,0,0,0,1,0,0,0,0,5.55011E+20,5.93461E+21,9.83046E+15,5.35575E+16
95944,95945,2,4,9,425,2016,5,11,3,3,4,2,0,0,0,1,0,0,0,0,5.70749E+20,5.93742E+21,1.00686E+16,5.35808E+16
95945,95946,2,5,6,514,2016,6,16,7,3,1,6,0,0,0,1,0,0,0,0,5.74165E+20,5.94048E+21,1.0121E+16,5.36079E+16
95946,95947,2,5,17,525,2016,5,7,5,3,4,6,0,1,1,0,0,0,0,0,5.7838E+20,5.94509E+21,1.01858E+16,5.36487E+16
95947,95948,2,6,9,610,2016,6,18,1,3,0,7,0,0,0,0,0,1,0,0,5.74078E+20,5.92729E+21,1.01165E+16,5.34894E+16
95948,95949,2,1,2,104,2016,6,11,4,3,6,4,0,0,0,1,1,0,0,0,5.66344E+20,5.93319E+21,1.00012E+16,5.35434E+16
95949,95950,2,3,2,311,2016,5,16,1,2,4,7,0,0,1,0,0,0,0,0,5.64657E+20,5.93618E+21,9.97638E+15,5.35705E+16
95950,95951,2,4,10,429,2016,5,16,3,2,5,2,0,0,1,1,0,0,0,0,5.68885E+20,5.93967E+21,1.0041E+16,5.36013E+16
95951,95952,2,4,3,406,2016,5,15,5,3,3,5,0,1,0,1,0,0,0,1,5.65875E+20,5.94171E+21,9.99593E+15,5.36201E+16
95952,95953,2,5,10,518,2016,6,8,5,3,5,3,0,0,0,1,0,0,0,0,5.73094E+20,5.94422E+21,1.01056E+16,5.36417E+16
95953,95954,2,1,1,102,2016,6,7,4,3,2,6,0,0,0,1,0,0,0,0,5.65415E+20,5.93377E+21,9.98731E+15,5.35488E+16
95954,95955,2,1,12,130,2016,6,14,2,3,1,6,0,0,0,1,0,0,0,0,5.73156E+20,5.93283E+21,1.01039E+16,5.35393E+16
95955,95956,2,4,13,432,2016,5,11,5,3,2,6,0,1,0,1,0,0,0,1,5.66775E+20,5.94491E+21,1.00102E+16,5.36486E+16
95956,95957,2,2,7,219,2016,6,22,5,3,2,6,2,1,0,1,0,0,0,0,5.59726E+20,5.93459E+21,9.90162E+15,5.35568E+16
95957,95958,2,7,10,711,2016,5,16,1,3,2,6,0,0,0,1,0,0,0,0,5.64034E+20,5.9244E+21,9.96456E+15,5.34647E+16
95958,95959,2,5,2,509,2016,6,13,6,3,8,5,0,0,0,1,0,0,0,0,5.72242E+20,5.93818E+21,1.00914E+16,5.35874E+16
95959,95960,2,3,8,320,2016,6,14,4,3,4,2,0,0,0,1,0,1,0,0,5.59001E+20,5.94161E+21,9.892E+15,5.36199E+16
95960,95961,2,1,4,112,2016,5,3,1,3,3,6,2,0,0,1,0,0,0,0,5.63798E+20,5.9335E+21,9.96286E+15,5.35465E+16
95961,95962,2,1,5,114,2016,5,12,7,3,3,2,0,0,0,0,0,1,0,1,5.66666E+20,5.93413E+21,1.00063E+16,5.35518E+16
95962,95963,2,5,7,515,2016,6,11,6,3,1,2,0,0,0,1,0,0,0,0,5.71476E+20,5.94168E+21,1.00806E+16,5.3619E+16
95963,95964,2,1,11,129,2016,6,13,3,3,2,6,0,0,0,1,0,0,0,0,5.70897E+20,5.93507E+21,1.00703E+16,5.35597E+16
95964,95965,2,4,10,426,2016,6,23,3,3,2,6,2,0,0,1,0,0,0,0,5.69576E+20,5.93809E+21,1.00511E+16,5.3587E+16
95965,95966,2,5,10,518,2016,5,8,3,3,2,6,0,1,0,1,0,0,0,0,5.73986E+20,5.94575E+21,1.01195E+16,5.36553E+16
95966,95967,2,5,2,507,2016,6,11,7,3,4,2,0,0,0,1,0,0,0,0,5.70825E+20,5.93727E+21,1.00697E+16,5.35795E+16
95967,95968,2,4,13,432,2016,5,10,5,3,0,5,0,1,1,1,0,0,0,0,5.67152E+20,5.94517E+21,1.0016E+16,5.3651E+16
95968,95969,2,2,7,219,2016,6,11,5,3,5,3,0,1,1,1,0,0,0,0,5.60514E+20,5.93372E+21,9.91335E+15,5.35489E+16
95969,95970,2,6,2,602,2016,6,16,1,3,1,5,0,0,0,1,0,1,0,0,5.80154E+20,5.92741E+21,1.02081E+16,5.34896E+16
95970,95971,2,6,2,602,2016,5,15,2,3,2,6,0,1,0,1,0,0,0,0,5.79959E+20,5.92691E+21,1.0205E+16,5.34851E+16
95971,95972,2,1,5,113,2016,6,17,4,3,6,7,0,0,1,0,1,0,0,0,5.67132E+20,5.93519E+21,1.00135E+16,5.35613E+16
95972,95973,2,3,5,317,2016,6,13,5,3,5,3,0,0,1,1,0,0,0,0,5.63398E+20,5.93942E+21,9.95802E+15,5.35998E+16
95973,95974,2,3,6,318,2016,6,18,5,3,3,2,0,0,0,1,0,1,0,0,5.63622E+20,5.9428E+21,9.9621E+15,5.36301E+16
95974,95975,2,1,14,133,2016,5,14,1,3,6,4,0,1,0,1,1,0,0,0,5.68457E+20,5.93239E+21,1.00329E+16,5.3536E+16
95975,95976,2,7,1,701,2016,5,20,6,3,2,7,1,0,0,0,0,1,0,1,5.64877E+20,5.92388E+21,9.97716E+15,5.34599E+16
95976,95977,2,5,8,516,2016,6,15,6,2,2,6,0,0,0,1,0,0,0,0,5.69927E+20,5.94048E+21,1.00569E+16,5.36085E+16
95977,95978,2,3,8,320,2016,6,15,5,3,0,7,0,0,1,0,0,0,0,0,5.59278E+20,5.93988E+21,9.89587E+15,5.36044E+16
95978,95979,2,3,1,310,2016,6,15,5,3,3,6,0,0,1,1,0,0,0,0,5.63435E+20,5.93572E+21,9.95784E+15,5.35665E+16
95979,95980,2,5,18,526,2016,5,23,1,3,5,3,2,0,0,1,0,0,0,1,5.7667E+20,5.93992E+21,1.01587E+16,5.36025E+16
95980,95981,2,1,16,135,2016,5,4,7,3,7,7,1,0,0,0,0,1,0,0,5.69391E+20,5.92854E+21,1.00462E+16,5.35013E+16
95981,95982,2,1,16,136,2016,5,15,6,3,5,3,0,0,1,1,0,0,0,0,5.6701E+20,5.92823E+21,1.00102E+16,5.34987E+16
95982,95983,2,5,10,518,2016,5,15,3,3,4,6,0,0,0,0,0,0,1,0,5.74501E+20,5.94432E+21,1.01269E+16,5.36424E+16
95983,95984,2,2,5,215,2016,6,8,6,3,3,2,0,0,1,1,0,0,0,0,5.61308E+20,5.93582E+21,9.92574E+15,5.35677E+16
95984,95985,2,5,3,510,2016,6,13,3,3,5,7,0,0,1,1,0,0,0,0,5.71335E+20,5.93576E+21,1.00771E+16,5.35658E+16
95985,95986,2,2,4,212,2016,6,16,3,3,4,2,0,1,1,1,0,0,0,0,5.61029E+20,5.93453E+21,9.92127E+15,5.35561E+16
95986,95987,2,5,9,517,2016,5,18,3,3,3,6,0,0,0,1,0,1,0,0,5.72134E+20,5.94338E+21,1.00909E+16,5.36342E+16
95987,95988,2,5,11,519,2016,6,15,7,3,1,6,0,0,0,0,0,0,0,1,5.72205E+20,5.94543E+21,1.00925E+16,5.36527E+16
95988,95989,2,4,5,408,2016,5,15,5,3,3,6,0,1,0,1,0,0,1,0,5.67277E+20,5.93954E+21,1.00167E+16,5.36004E+16
95989,95990,2,4,4,407,2016,6,10,5,3,4,2,0,1,0,1,0,0,0,0,5.65527E+20,5.93979E+21,9.99026E+15,5.36028E+16
95990,95991,2,6,7,608,2016,6,13,1,3,1,6,0,0,0,1,0,0,0,0,5.71905E+20,5.92362E+21,1.00829E+16,5.34566E+16
95991,95992,2,1,8,126,2016,5,11,2,3,5,3,0,0,0,1,0,0,0,0,5.70308E+20,5.93374E+21,1.00612E+16,5.35478E+16
95992,95993,2,7,7,708,2016,5,17,3,2,4,2,0,0,0,1,0,1,0,0,5.65242E+20,5.92028E+21,9.98191E+15,5.34276E+16
95993,95994,2,1,1,101,2016,6,11,5,3,5,3,0,0,1,1,0,0,0,0,5.66358E+20,5.93368E+21,1.00015E+16,5.35478E+16
95994,95995,2,1,16,136,2016,5,16,6,3,5,3,0,0,1,1,0,0,0,0,5.67212E+20,5.93039E+21,1.00137E+16,5.35181E+16
95995,95996,2,5,11,519,2016,6,12,6,3,5,2,0,0,0,1,0,1,0,0,5.71282E+20,5.94527E+21,1.00785E+16,5.36513E+16
95996,95997,2,6,2,603,2016,5,16,7,3,2,6,0,0,1,0,0,0,0,0,5.80168E+20,5.92646E+21,1.02081E+16,5.3481E+16
95997,95998,2,1,6,115,2016,6,11,2,3,1,5,0,0,0,1,0,0,0,0,5.67347E+20,5.93379E+21,1.00165E+16,5.35487E+16
95998,95999,2,4,12,431,2016,5,9,3,3,5,3,0,1,0,1,0,0,0,0,5.67132E+20,5.94212E+21,1.0015E+16,5.36236E+16
95999,96000,2,6,3,604,2016,6,18,5,3,5,3,0,0,0,1,0,0,0,1,5.79985E+20,5.92573E+21,1.02051E+16,5.34745E+16
96000,96001,2,6,12,613,2016,6,11,2,3,9,1,0,0,0,0,0,1,0,0,5.72054E+20,5.92717E+21,1.0086E+16,5.34885E+16
96001,96002,2,2,9,221,2016,5,17,6,3,2,6,0,1,0,1,0,0,0,0,5.56038E+20,5.9383E+21,9.84662E+15,5.35906E+16
96002,96003,2,1,11,129,2016,5,15,7,3,0,7,0,0,0,0,1,0,0,1,5.71886E+20,5.93537E+21,1.00853E+16,5.35622E+16
96003,96004,2,1,6,115,2016,6,13,2,3,2,6,0,0,0,1,0,0,0,1,5.67285E+20,5.93376E+21,1.00155E+16,5.35485E+16
96004,96005,2,6,1,601,2016,5,8,6,3,5,3,0,0,0,1,0,0,0,0,5.79662E+20,5.92916E+21,1.02011E+16,5.35054E+16
96005,96006,2,4,4,407,2016,5,8,3,3,0,7,0,1,0,0,0,0,0,1,5.67143E+20,5.94148E+21,1.0015E+16,5.36178E+16
96006,96007,2,1,4,111,2016,6,13,6,3,3,5,0,0,1,1,0,0,0,0,5.63772E+20,5.93451E+21,9.96268E+15,5.35556E+16
96007,96008,2,5,12,520,2016,6,7,3,3,4,2,0,0,1,1,0,0,0,0,5.69866E+20,5.94484E+21,1.0057E+16,5.36476E+16
96008,96009,2,1,6,115,2016,6,22,3,3,5,3,1,0,1,1,0,0,0,0,5.66729E+20,5.93346E+21,1.00071E+16,5.35458E+16
96009,96010,2,4,3,406,2016,5,15,6,3,5,3,0,0,1,1,0,0,0,0,5.64553E+20,5.9405E+21,9.9757E+15,5.36093E+16
96010,96011,2,4,5,408,2016,5,17,5,3,0,1,0,1,0,0,0,1,0,0,5.68316E+20,5.93962E+21,1.00324E+16,5.36009E+16
96011,96012,2,4,3,406,2016,6,8,5,3,3,2,0,0,1,1,0,0,0,0,5.64964E+20,5.94099E+21,9.98201E+15,5.36136E+16
96012,96013,2,3,6,318,2016,5,18,2,3,5,7,0,0,0,1,0,0,0,0,5.63518E+20,5.94251E+21,9.96047E+15,5.36275E+16
96013,96014,2,6,2,602,2016,5,20,3,3,5,3,0,0,1,1,0,0,0,0,5.80635E+20,5.92753E+21,1.02154E+16,5.34905E+16
96014,96015,2,1,16,136,2016,6,11,4,2,6,7,0,0,1,0,1,0,0,0,5.67218E+20,5.92764E+21,1.00132E+16,5.34934E+16
96015,96016,2,6,1,601,2016,5,16,6,3,2,6,0,0,0,1,0,0,0,0,5.80168E+20,5.92969E+21,1.02089E+16,5.35101E+16
96016,96017,2,4,10,428,2016,6,11,6,3,5,2,0,0,0,1,0,0,0,0,5.68661E+20,5.93901E+21,1.00374E+16,5.35955E+16
96017,96018,2,4,9,425,2016,5,18,7,3,6,6,0,0,1,0,1,0,0,0,5.70618E+20,5.93756E+21,1.00667E+16,5.35821E+16
96018,96019,2,5,6,514,2016,6,14,2,3,5,7,0,0,0,1,0,0,0,1,5.75249E+20,5.94308E+21,1.0138E+16,5.36311E+16
96019,96020,2,4,10,426,2016,5,6,3,3,5,3,0,1,0,1,0,0,0,0,5.69591E+20,5.93807E+21,1.00513E+16,5.35868E+16
96020,96021,2,5,4,512,2016,6,16,5,3,5,2,0,0,0,1,0,0,0,0,5.7442E+20,5.93621E+21,1.01238E+16,5.35695E+16
96021,96022,2,6,2,603,2016,5,7,3,3,0,6,0,0,0,1,0,0,0,1,5.80731E+20,5.92676E+21,1.02166E+16,5.34836E+16
96022,96023,2,1,12,130,2016,6,16,2,3,6,4,0,0,0,1,1,0,0,0,5.7607E+20,5.93182E+21,1.01476E+16,5.35298E+16
96023,96024,2,4,10,426,2016,5,13,5,3,2,6,0,1,0,1,0,0,0,1,5.69619E+20,5.93802E+21,1.00517E+16,5.35864E+16
96024,96025,2,2,3,208,2016,6,15,5,3,2,6,0,0,0,0,0,0,0,1,5.63053E+20,5.9352E+21,9.95196E+15,5.35619E+16
96025,96026,2,4,13,432,2016,5,13,1,3,5,3,0,1,1,1,0,0,0,0,5.6805E+20,5.94813E+21,1.00302E+16,5.36775E+16
96026,96027,2,1,12,130,2016,5,19,3,3,3,5,0,0,0,1,0,0,0,0,5.74113E+20,5.93207E+21,1.01182E+16,5.35323E+16
96027,96028,2,5,1,503,2016,6,13,6,3,2,6,0,0,0,1,0,0,0,0,5.70025E+20,5.93573E+21,1.00573E+16,5.35657E+16
96028,96029,2,5,1,504,2016,6,17,4,3,5,3,0,0,0,1,0,0,0,0,5.69985E+20,5.93662E+21,1.00569E+16,5.35737E+16
96029,96030,2,5,11,519,2016,5,14,7,3,0,3,0,0,0,1,0,1,0,0,5.6978E+20,5.94764E+21,1.00563E+16,5.36728E+16
96030,96031,2,4,7,416,2016,5,15,5,3,5,3,0,1,1,0,0,0,0,0,5.67894E+20,5.93529E+21,1.00251E+16,5.35621E+16
96031,96032,2,1,12,130,2016,5,9,3,3,1,5,0,0,0,1,0,1,0,0,5.75865E+20,5.93152E+21,1.01445E+16,5.35271E+16
96032,96033,2,5,1,501,2016,6,15,6,3,0,7,0,0,0,1,0,0,0,0,5.69178E+20,5.93589E+21,1.00446E+16,5.35673E+16
96033,96034,2,5,6,514,2016,6,11,4,3,5,3,0,0,1,1,0,0,0,0,5.73943E+20,5.93948E+21,1.01174E+16,5.35989E+16
96034,96035,2,1,13,131,2016,5,13,6,2,2,6,0,0,0,0,0,0,1,1,5.71536E+20,5.93201E+21,1.00793E+16,5.35321E+16
96035,96036,2,2,9,221,2016,6,19,6,3,2,6,0,0,0,1,0,0,0,0,5.57288E+20,5.93623E+21,9.86512E+15,5.35718E+16
96036,96037,2,3,5,317,2016,6,17,4,3,1,6,0,0,0,1,0,1,0,0,5.62491E+20,5.9387E+21,9.94418E+15,5.35934E+16
96037,96038,2,4,5,413,2016,5,9,7,3,4,2,0,0,1,1,0,0,0,0,5.66853E+20,5.93767E+21,1.00099E+16,5.35836E+16
96038,96039,2,4,7,416,2016,5,15,3,3,1,6,0,0,0,1,0,0,1,0,5.67836E+20,5.93555E+21,1.00242E+16,5.35645E+16
96039,96040,2,5,16,524,2016,6,11,7,2,5,3,0,0,1,1,0,0,0,0,5.75302E+20,5.94802E+21,1.01399E+16,5.36754E+16
96040,96041,2,4,8,423,2016,5,18,5,3,1,6,0,1,0,1,0,0,0,0,5.69451E+20,5.93716E+21,1.0049E+16,5.35787E+16
96041,96042,2,5,11,519,2016,6,17,5,3,1,6,0,0,0,1,0,0,0,0,5.72437E+20,5.94582E+21,1.00961E+16,5.36561E+16
96042,96043,2,6,2,602,2016,6,11,1,3,4,7,0,0,1,1,0,0,0,0,5.80302E+20,5.92697E+21,1.02102E+16,5.34856E+16
96043,96044,2,1,11,129,2016,5,7,3,3,3,2,0,0,1,1,0,0,0,0,5.73434E+20,5.9351E+21,1.01086E+16,5.35596E+16
96044,96045,2,4,4,407,2016,6,7,5,3,5,3,0,0,1,1,0,0,0,0,5.66987E+20,5.94032E+21,1.00124E+16,5.36074E+16
96045,96046,2,3,8,320,2016,5,16,5,3,5,3,0,1,1,1,0,0,0,0,5.59441E+20,5.94E+21,9.89834E+15,5.36054E+16
96046,96047,2,3,3,314,2016,6,18,5,3,2,5,0,0,0,1,0,1,0,0,5.6528E+20,5.93756E+21,9.98606E+15,5.35828E+16
96047,96048,2,4,13,432,2016,5,10,1,3,2,6,0,0,0,1,0,0,0,0,5.65382E+20,5.94497E+21,9.98916E+15,5.36494E+16
96048,96049,2,2,9,221,2016,6,16,4,3,5,3,0,0,0,1,0,0,0,0,5.55987E+20,5.9353E+21,9.84531E+15,5.35636E+16
96049,96050,2,4,5,413,2016,5,17,7,3,1,5,0,0,1,1,0,0,0,0,5.66605E+20,5.93757E+21,1.00061E+16,5.35828E+16
96050,96051,2,5,7,515,2016,5,18,6,3,2,6,0,0,0,1,0,0,0,0,5.72112E+20,5.94039E+21,1.00899E+16,5.36074E+16
96051,96052,2,4,8,419,2016,6,8,6,3,4,7,0,0,1,0,0,0,0,0,5.68337E+20,5.93729E+21,1.00322E+16,5.358E+16
96052,96053,2,5,4,512,2016,6,6,3,3,5,2,0,0,1,1,0,0,0,0,5.74478E+20,5.93639E+21,1.01247E+16,5.35711E+16
96053,96054,2,2,9,221,2016,6,11,3,3,2,6,0,0,0,1,0,0,0,0,5.57326E+20,5.93664E+21,9.86577E+15,5.35755E+16
96054,96055,2,3,7,319,2016,5,12,3,3,5,3,0,0,0,1,0,0,0,0,5.60139E+20,5.94403E+21,9.90968E+15,5.36416E+16
96055,96056,2,5,12,520,2016,6,14,7,3,5,3,0,0,1,1,0,0,0,0,5.70218E+20,5.94428E+21,1.00622E+16,5.36426E+16
96056,96057,2,2,5,215,2016,5,14,5,3,3,2,0,1,1,1,0,0,0,0,5.60818E+20,5.93692E+21,9.91856E+15,5.35776E+16
96057,96058,2,5,10,518,2016,5,17,6,3,4,2,0,0,1,1,0,0,0,0,5.73377E+20,5.94548E+21,1.01102E+16,5.36529E+16
96058,96059,2,4,11,430,2016,6,10,6,2,5,3,0,0,1,1,0,0,0,0,5.68871E+20,5.94043E+21,1.00409E+16,5.36082E+16
96059,96060,2,1,1,101,2016,6,18,4,3,6,4,0,0,1,0,1,0,0,0,5.6651E+20,5.9341E+21,1.00039E+16,5.35515E+16
96060,96061,2,5,1,504,2016,5,11,7,3,6,7,0,0,0,1,1,0,0,0,5.70061E+20,5.93579E+21,1.00579E+16,5.35663E+16
96061,96062,2,3,7,319,2016,5,7,3,3,5,3,0,1,1,1,0,0,0,0,5.60555E+20,5.94386E+21,9.91593E+15,5.364E+16
96062,96063,2,4,5,410,2016,6,20,7,3,2,6,1,0,0,1,0,0,0,1,5.67226E+20,5.93845E+21,1.00156E+16,5.35906E+16
96063,96064,2,3,8,320,2016,5,23,5,3,6,7,2,0,0,1,1,0,0,0,5.59864E+20,5.93802E+21,9.90436E+15,5.35876E+16
96064,96065,2,1,12,130,2016,6,15,1,3,2,2,0,0,0,1,0,1,0,0,5.7292E+20,5.93397E+21,1.01006E+16,5.35496E+16
96065,96066,2,1,8,123,2016,5,17,3,3,5,3,0,0,0,1,0,0,0,0,5.70293E+20,5.93547E+21,1.00613E+16,5.35634E+16
96066,96067,2,3,7,319,2016,6,15,5,3,2,6,0,0,0,1,0,0,0,0,5.61088E+20,5.94375E+21,9.92397E+15,5.36389E+16
96067,96068,2,3,2,312,2016,6,6,5,3,5,3,0,0,0,1,0,0,0,0,5.65614E+20,5.93507E+21,9.9906E+15,5.35604E+16
96068,96069,2,4,7,416,2016,5,17,1,3,2,6,0,0,0,1,0,0,0,0,5.67884E+20,5.93536E+21,1.00249E+16,5.35627E+16
96069,96070,2,2,9,221,2016,6,10,6,3,1,5,0,0,1,1,0,0,0,0,5.57131E+20,5.93603E+21,9.86271E+15,5.357E+16
96070,96071,2,3,9,321,2016,5,14,7,2,2,6,0,0,0,1,0,1,0,0,5.60839E+20,5.9384E+21,9.91917E+15,5.35909E+16
96071,96072,2,5,4,512,2016,6,13,2,3,2,6,0,0,0,1,0,0,1,0,5.74397E+20,5.93614E+21,1.01234E+16,5.35689E+16
96072,96073,2,5,11,519,2016,5,16,6,3,5,3,0,0,0,1,0,0,0,0,5.72277E+20,5.94498E+21,1.00935E+16,5.36486E+16
96073,96074,2,1,4,112,2016,5,20,3,3,3,2,1,0,0,1,0,1,0,0,5.6403E+20,5.93362E+21,9.96639E+15,5.35475E+16
96074,96075,2,2,3,210,2016,6,23,6,3,2,6,2,0,0,1,0,0,0,0,5.61955E+20,5.93449E+21,9.93525E+15,5.35557E+16
96075,96076,2,5,7,515,2016,6,10,3,3,2,6,0,0,0,1,0,0,0,0,5.70093E+20,5.93897E+21,1.00591E+16,5.35949E+16
96076,96077,2,2,3,210,2016,6,12,3,3,2,2,0,0,0,1,0,0,0,0,5.62872E+20,5.93484E+21,9.94915E+15,5.35587E+16
96077,96078,2,2,3,210,2016,5,19,6,3,5,3,0,0,1,1,0,0,0,0,5.62131E+20,5.93449E+21,9.93789E+15,5.35556E+16
96078,96079,2,1,1,102,2016,5,12,3,3,6,7,0,0,1,0,0,0,0,1,5.65917E+20,5.93406E+21,9.99496E+15,5.35513E+16
96079,96080,2,4,8,418,2016,6,19,7,3,6,4,0,0,0,1,1,0,0,0,5.68086E+20,5.93635E+21,1.00282E+16,5.35716E+16
96080,96081,2,3,6,318,2016,5,19,5,3,5,3,0,1,0,1,0,0,0,0,5.62696E+20,5.94219E+21,9.94798E+15,5.36248E+16
96081,96082,2,1,4,111,2016,6,9,5,2,3,7,0,0,0,1,0,1,0,0,5.64576E+20,5.93458E+21,9.97483E+15,5.35561E+16
96082,96083,2,1,14,132,2016,6,9,1,3,5,3,0,0,1,0,0,0,0,0,5.69118E+20,5.93311E+21,1.0043E+16,5.35424E+16
96083,96084,2,5,7,515,2016,5,7,2,3,5,2,0,0,1,0,0,0,0,1,5.71054E+20,5.94081E+21,1.0074E+16,5.36113E+16
96084,96085,2,5,3,511,2016,5,11,3,3,5,3,0,0,1,0,0,0,0,0,5.73239E+20,5.93619E+21,1.01059E+16,5.35695E+16
96085,96086,2,1,5,113,2016,6,15,5,3,1,6,0,0,0,1,0,1,0,0,5.67192E+20,5.93526E+21,1.00145E+16,5.35619E+16
96086,96087,2,5,11,519,2016,5,5,6,3,0,6,0,1,0,1,0,1,0,0,5.71843E+20,5.94541E+21,1.0087E+16,5.36525E+16
96087,96088,2,1,4,112,2016,6,5,5,3,5,3,0,0,0,1,0,0,0,1,5.63944E+20,5.93375E+21,9.96512E+15,5.35487E+16
96088,96089,2,5,4,512,2016,6,12,1,3,2,6,0,0,0,1,0,0,0,1,5.74534E+20,5.93656E+21,1.01256E+16,5.35726E+16
96089,96090,2,6,9,610,2016,5,14,2,3,0,7,0,0,0,0,0,0,1,0,5.79212E+20,5.92554E+21,1.01934E+16,5.34729E+16
96090,96091,2,5,6,514,2016,5,15,3,3,2,6,0,0,0,0,0,1,0,1,5.73349E+20,5.94029E+21,1.01086E+16,5.36063E+16
96091,96092,2,3,3,313,2016,6,18,5,3,6,7,0,0,0,1,1,0,0,0,5.65656E+20,5.93644E+21,9.99151E+15,5.35727E+16
96092,96093,2,3,3,313,2016,5,20,1,3,3,6,0,0,0,1,0,0,0,1,5.65488E+20,5.93643E+21,9.98897E+15,5.35727E+16
96093,96094,2,4,12,431,2016,5,17,6,3,6,7,0,0,1,1,1,0,0,0,5.67053E+20,5.94376E+21,1.00142E+16,5.36383E+16
96094,96095,2,2,5,217,2016,6,10,6,3,5,3,0,0,0,1,0,0,0,0,5.59045E+20,5.9365E+21,9.8917E+15,5.35741E+16
96095,96096,2,2,11,223,2016,5,20,7,3,3,6,0,0,0,1,0,0,0,0,5.54492E+20,5.93498E+21,9.82268E+15,5.35609E+16
96096,96097,2,5,3,511,2016,6,8,2,3,4,2,0,0,0,1,0,0,0,0,5.72795E+20,5.93618E+21,1.00992E+16,5.35695E+16
96097,96098,2,1,1,102,2016,5,17,3,3,0,6,0,0,0,1,0,0,0,1,5.654E+20,5.93379E+21,9.98709E+15,5.35489E+16
96098,96099,2,1,1,102,2016,6,15,6,3,5,6,0,0,0,1,0,0,0,1,5.65631E+20,5.9339E+21,9.9906E+15,5.35499E+16
96099,96100,2,7,14,715,2016,6,15,2,2,5,2,0,0,1,0,0,0,0,1,5.56808E+20,5.92527E+21,9.85589E+15,5.34733E+16
96100,96101,2,2,2,207,2016,5,13,6,2,5,3,0,1,1,1,0,0,0,0,5.6407E+20,5.93472E+21,9.96722E+15,5.35574E+16
96101,96102,2,3,7,319,2016,5,16,5,3,1,3,0,1,0,1,0,1,0,0,5.60316E+20,5.94313E+21,9.91218E+15,5.36334E+16
96102,96103,2,7,10,711,2016,6,15,4,3,5,3,0,0,1,1,0,0,0,0,5.63507E+20,5.92379E+21,9.95651E+15,5.34593E+16
96103,96104,2,2,1,203,2016,5,23,2,3,3,2,2,0,0,1,0,1,0,0,5.6202E+20,5.93391E+21,9.93611E+15,5.35504E+16
96104,96105,2,5,18,526,2016,5,11,3,3,5,3,0,0,1,1,0,0,0,0,5.7775E+20,5.93904E+21,1.01748E+16,5.35944E+16
96105,96106,2,5,18,526,2016,6,20,4,3,2,6,0,0,0,1,0,0,0,0,5.76188E+20,5.94068E+21,1.01516E+16,5.36094E+16
96106,96107,2,4,4,407,2016,5,7,6,3,5,2,0,1,1,1,0,0,0,0,5.68025E+20,5.94152E+21,1.00284E+16,5.36181E+16
96107,96108,2,4,2,404,2016,6,18,6,2,0,7,0,0,1,0,1,0,0,0,5.65441E+20,5.93832E+21,9.98866E+15,5.35896E+16
96108,96109,2,2,11,223,2016,5,18,7,3,9,7,0,0,0,1,0,0,0,0,5.52166E+20,5.93616E+21,9.78777E+15,5.35717E+16
96109,96110,2,1,3,105,2016,5,8,3,3,3,2,0,0,1,1,0,0,0,0,5.64818E+20,5.93324E+21,9.97819E+15,5.35441E+16
96110,96111,2,5,7,515,2016,6,7,5,3,5,3,0,0,0,1,0,0,0,1,5.73847E+20,5.9426E+21,1.01166E+16,5.3627E+16
96111,96112,2,2,3,210,2016,6,11,6,3,0,6,0,0,1,0,1,0,0,1,5.62781E+20,5.93478E+21,9.94777E+15,5.35582E+16
96112,96113,2,2,14,227,2016,5,13,7,3,0,7,0,0,1,0,0,0,0,0,5.49121E+20,5.93607E+21,9.74178E+15,5.35712E+16
96113,96114,2,4,10,429,2016,6,14,2,3,0,7,0,0,1,0,0,0,0,0,5.68848E+20,5.93993E+21,1.00405E+16,5.36037E+16
96114,96115,2,7,1,702,2016,5,16,2,3,6,4,0,1,0,1,1,0,0,0,5.65303E+20,5.92344E+21,9.98348E+15,5.34559E+16
96115,96116,2,6,2,602,2016,6,7,5,3,4,6,0,0,1,1,0,0,0,0,5.79517E+20,5.92632E+21,1.01982E+16,5.34799E+16
96116,96117,2,5,2,507,2016,5,7,3,3,5,3,0,0,1,1,0,0,0,0,5.7102E+20,5.93704E+21,1.00726E+16,5.35774E+16
96117,96118,2,3,1,303,2016,5,16,5,3,5,3,0,1,1,1,0,0,0,0,5.62843E+20,5.93684E+21,9.94911E+15,5.35767E+16
96118,96119,2,6,2,603,2016,6,20,4,3,0,7,1,1,1,0,0,0,0,1,5.82204E+20,5.92612E+21,1.02386E+16,5.34776E+16
96119,96120,2,1,4,112,2016,5,2,1,3,6,7,2,0,0,1,1,0,0,0,5.63715E+20,5.93372E+21,9.96165E+15,5.35485E+16
96120,96121,2,1,1,102,2016,6,16,6,3,6,6,0,0,1,0,1,0,0,0,5.65824E+20,5.93336E+21,9.99341E+15,5.3545E+16