FID,OBJECTID,ULAND,UREGBEZ,UKREIS,UGEMEINDE,UJAHR,UMONAT,USTUNDE,UWOCHENTAG,UKATEGORIE,UART,UTYP1,ULICHTVERH,IstStrasse,IstRad,IstPKW,IstFuss,IstKrad,IstGkfz,IstSonstig,LINREFX,LINREFY,XGCSWGS84,YGCSWGS84
96121,96122,2,5,4,512,2016,6,18,4,3,0,7,0,0,0,0,0,1,0,0,5.7513E+20,5.93617E+21,1.01345E+16,5.3569E+16
96122,96123,2,5,18,526,2016,6,15,6,2,5,3,0,0,1,1,0,0,0,0,5.76253E+20,5.94247E+21,1.0153E+16,5.36255E+16
96123,96124,2,3,1,308,2016,6,0,4,3,0,7,2,0,1,0,0,0,0,0,5.6378E+20,5.93607E+21,9.96311E+15,5.35696E+16
96124,96125,2,2,8,220,2016,5,18,7,2,3,2,0,0,0,1,0,1,0,0,5.58684E+20,5.93863E+21,9.88664E+15,5.35932E+16
96125,96126,2,1,16,136,2016,5,9,2,3,0,1,0,0,0,0,0,0,0,1,5.67668E+20,5.92784E+21,1.002E+16,5.34952E+16
96126,96127,2,2,5,215,2016,6,23,7,3,5,3,2,0,1,1,0,0,0,0,5.61492E+20,5.93512E+21,9.92839E+15,5.35614E+16
96127,96128,2,3,5,317,2016,5,11,5,3,2,6,0,1,0,1,0,0,0,0,5.63358E+20,5.93753E+21,9.95704E+15,5.35828E+16
96128,96129,2,5,7,515,2016,6,18,1,3,1,5,0,0,1,1,0,0,0,0,5.72041E+20,5.9406E+21,1.00889E+16,5.36093E+16
96129,96130,2,5,7,515,2016,5,9,3,3,5,7,0,0,0,1,0,0,0,0,5.70273E+20,5.93954E+21,1.00619E+16,5.36E+16
96130,96131,2,3,9,321,2016,6,11,5,3,5,3,0,0,1,1,0,0,0,0,5.61865E+20,5.93724E+21,9.93442E+15,5.35804E+16
96131,96132,2,1,12,130,2016,6,19,4,3,5,3,0,0,0,1,0,0,0,0,5.75454E+20,5.93154E+21,1.01383E+16,5.35274E+16
96132,96133,2,1,1,101,2016,5,17,1,3,4,2,0,0,0,1,0,1,0,0,5.66285E+20,5.93455E+21,1.00006E+16,5.35556E+16
96133,96134,2,4,10,429,2016,5,9,3,3,6,2,0,0,0,1,1,0,0,0,5.6889E+20,5.93962E+21,1.0041E+16,5.36009E+16
96134,96135,2,2,1,203,2016,5,12,5,3,3,6,0,0,0,1,0,0,0,0,5.62118E+20,5.93389E+21,9.93758E+15,5.35502E+16
96135,96136,2,1,12,130,2016,6,15,4,3,4,2,0,0,0,1,0,0,0,1,5.72923E+20,5.93397E+21,1.01007E+16,5.35496E+16
96136,96137,2,7,13,714,2016,5,11,7,2,5,3,0,0,1,1,0,0,0,0,5.58973E+20,5.925E+21,9.88844E+15,5.34707E+16
96137,96138,2,1,5,113,2016,6,11,6,2,6,4,0,0,0,1,1,0,0,0,5.66925E+20,5.93503E+21,1.00104E+16,5.35599E+16
96138,96139,2,3,9,321,2016,6,9,4,2,1,5,0,0,1,1,0,0,0,0,5.62127E+20,5.93755E+21,9.93845E+15,5.35831E+16
96139,96140,2,3,1,307,2016,5,16,7,2,3,6,0,0,0,1,0,0,0,0,5.63462E+20,5.93609E+21,9.95832E+15,5.35698E+16
96140,96141,2,4,4,407,2016,5,6,6,3,4,2,0,1,0,1,0,0,0,0,5.66826E+20,5.94079E+21,1.00101E+16,5.36117E+16
96141,96142,2,5,8,516,2016,6,15,6,3,4,2,0,0,0,1,0,0,0,0,5.69964E+20,5.9404E+21,1.00574E+16,5.36078E+16
96142,96143,2,1,12,130,2016,6,13,3,2,3,6,0,0,1,1,0,0,0,0,5.73859E+20,5.93478E+21,1.0115E+16,5.35567E+16
96143,96144,2,2,3,210,2016,5,10,7,3,5,3,0,0,1,0,0,0,0,0,5.62012E+20,5.93452E+21,9.9361E+15,5.35559E+16
96144,96145,2,4,5,412,2016,6,7,3,3,1,6,0,0,1,0,0,0,0,0,5.67004E+20,5.93737E+21,1.00121E+16,5.35809E+16
96145,96146,2,6,7,608,2016,5,13,2,3,8,1,0,0,0,1,0,0,0,0,5.7345E+20,5.92494E+21,1.01065E+16,5.34683E+16
96146,96147,2,2,7,219,2016,6,15,7,3,3,6,0,0,0,1,0,0,0,0,5.59681E+20,5.9346E+21,9.90094E+15,5.35569E+16
96147,96148,2,3,3,314,2016,5,18,5,3,6,7,0,0,1,0,1,0,0,0,5.6531E+20,5.93766E+21,9.98655E+15,5.35838E+16
96148,96149,2,5,18,526,2016,6,18,4,3,6,4,0,0,0,1,1,0,0,0,5.74816E+20,5.94002E+21,1.01307E+16,5.36036E+16
96149,96150,2,5,12,520,2016,6,12,1,3,1,6,0,0,0,1,0,1,0,0,5.69125E+20,5.94845E+21,1.00466E+16,5.36802E+16
96150,96151,2,1,16,137,2016,5,14,2,3,5,3,0,0,0,1,0,0,0,0,5.66166E+20,5.92792E+21,9.99742E+15,5.34961E+16
96151,96152,2,4,11,430,2016,5,9,3,3,2,6,0,0,0,1,0,0,0,0,5.69473E+20,5.94339E+21,1.00507E+16,5.36347E+16
96152,96153,2,3,1,306,2016,6,16,5,3,5,2,0,0,1,1,0,0,0,0,5.63645E+20,5.93654E+21,9.96117E+15,5.35738E+16
96153,96154,2,5,18,526,2016,6,13,4,3,1,7,0,0,0,0,0,1,0,1,5.75801E+20,5.93992E+21,1.01455E+16,5.36026E+16
96154,96155,2,5,6,514,2016,5,8,7,3,4,2,0,0,0,1,0,0,0,0,5.74099E+20,5.9403E+21,1.01199E+16,5.36063E+16
96155,96156,2,4,10,427,2016,5,14,6,2,5,3,0,0,0,1,0,0,0,0,5.68752E+20,5.93856E+21,1.00387E+16,5.35914E+16
96156,96157,2,1,17,138,2016,6,9,6,2,1,2,0,0,1,1,0,0,0,0,5.65051E+20,5.93144E+21,9.98133E+15,5.35278E+16
96157,96158,2,1,4,111,2016,5,0,7,3,5,2,2,0,1,1,0,0,0,0,5.63811E+20,5.93432E+21,9.96323E+15,5.35539E+16
96158,96159,2,5,12,520,2016,6,12,2,3,3,6,0,0,0,1,0,0,0,0,5.68839E+20,5.94479E+21,1.00414E+16,5.36474E+16
96159,96160,2,4,6,415,2016,5,14,6,3,4,2,0,0,1,1,0,0,0,0,5.67908E+20,5.93583E+21,1.00254E+16,5.35669E+16
96160,96161,2,5,3,511,2016,5,15,2,3,5,2,0,0,0,1,0,0,0,0,5.73182E+20,5.93643E+21,1.01051E+16,5.35716E+16
96161,96162,2,3,1,309,2016,6,12,6,3,0,2,0,0,0,1,0,0,0,1,5.64505E+20,5.93604E+21,9.97406E+15,5.35693E+16
96162,96163,2,5,15,523,2016,6,17,3,2,5,3,0,1,1,1,0,0,0,0,5.74513E+20,5.95041E+21,1.01286E+16,5.36971E+16
96163,96164,2,3,5,317,2016,6,16,4,3,4,2,0,0,1,1,0,0,0,0,5.64051E+20,5.9379E+21,9.96758E+15,5.35861E+16
96164,96165,2,1,4,111,2016,5,4,7,2,6,4,1,0,0,1,1,0,0,0,5.6375E+20,5.93384E+21,9.96221E+15,5.35495E+16
96165,96166,2,4,6,415,2016,5,14,6,3,3,5,0,0,0,1,0,1,0,0,5.67445E+20,5.93596E+21,1.00184E+16,5.35681E+16
96166,96167,2,2,5,215,2016,6,12,6,3,5,3,0,0,1,1,0,0,0,0,5.60774E+20,5.93724E+21,9.91795E+15,5.35805E+16
96167,96168,2,5,3,511,2016,6,13,3,2,5,3,0,0,0,1,0,0,0,0,5.72358E+20,5.93641E+21,1.00927E+16,5.35715E+16
96168,96169,2,3,7,319,2016,6,18,3,3,0,7,0,0,1,0,0,0,0,0,5.61374E+20,5.94373E+21,9.92829E+15,5.36387E+16
96169,96170,2,5,5,513,2016,5,18,2,3,5,3,0,0,0,1,0,0,0,0,5.74915E+20,5.9393E+21,1.0132E+16,5.35971E+16
96170,96171,2,3,1,306,2016,6,14,7,3,3,2,0,0,1,1,0,0,0,0,5.63002E+20,5.93678E+21,9.9515E+15,5.35761E+16
96171,96172,2,1,5,114,2016,5,18,5,3,6,6,0,0,0,1,1,0,0,0,5.66877E+20,5.93422E+21,1.00095E+16,5.35526E+16
96172,96173,2,5,4,512,2016,6,16,4,3,5,3,0,0,1,1,0,0,0,0,5.75138E+20,5.93679E+21,1.01348E+16,5.35746E+16
96173,96174,2,4,13,432,2016,6,17,1,3,5,3,0,0,0,1,0,0,0,0,5.66887E+20,5.94471E+21,1.00119E+16,5.36469E+16
96174,96175,2,6,1,601,2016,5,9,2,3,6,2,0,0,0,1,1,0,0,0,5.79985E+20,5.92764E+21,1.02056E+16,5.34916E+16
96175,96176,2,5,9,517,2016,5,16,3,2,5,3,0,0,1,1,0,0,0,0,5.70489E+20,5.94358E+21,1.00661E+16,5.36362E+16
96176,96177,2,1,4,112,2016,6,19,5,3,5,3,1,0,0,1,0,0,0,0,5.6383E+20,5.9335E+21,9.96333E+15,5.35465E+16
96177,96178,2,4,7,416,2016,5,18,6,3,4,6,0,0,1,0,0,0,0,0,5.67837E+20,5.9356E+21,1.00243E+16,5.35649E+16
96178,96179,2,1,17,138,2016,6,14,6,2,0,1,0,0,0,0,0,1,0,0,5.65172E+20,5.93101E+21,9.98307E+15,5.3524E+16
96179,96180,2,1,3,108,2016,5,20,7,3,6,7,0,0,0,1,1,0,0,0,5.65597E+20,5.93482E+21,9.99028E+15,5.35582E+16
96180,96181,2,5,17,525,2016,6,14,2,3,0,7,0,0,1,1,0,0,0,0,5.7735E+20,5.94497E+21,1.01702E+16,5.36478E+16
96181,96182,2,5,7,515,2016,5,19,2,3,5,3,0,1,1,1,0,0,0,0,5.72574E+20,5.94161E+21,1.00972E+16,5.36183E+16
96182,96183,2,7,9,710,2016,6,5,5,3,6,7,0,0,0,1,1,0,0,0,5.62581E+20,5.92365E+21,9.94253E+15,5.34581E+16
96183,96184,2,6,1,601,2016,6,7,2,3,5,3,0,0,1,0,0,0,0,1,5.80114E+20,5.92899E+21,1.02079E+16,5.35038E+16
96184,96185,2,1,5,114,2016,5,12,6,3,4,2,0,0,1,1,0,0,0,0,5.67108E+20,5.93419E+21,1.00129E+16,5.35523E+16
96185,96186,2,7,11,712,2016,5,5,5,3,4,6,0,1,1,0,0,0,0,0,5.63092E+20,5.92766E+21,9.95102E+15,5.34941E+16
96186,96187,2,5,2,509,2016,6,23,4,3,1,7,2,0,1,1,0,0,0,0,5.71998E+20,5.93809E+21,1.00877E+16,5.35867E+16
96187,96188,2,4,12,431,2016,5,20,3,3,0,6,0,0,1,0,1,0,0,0,5.66803E+20,5.94374E+21,1.00104E+16,5.36381E+16
96188,96189,2,7,14,715,2016,6,19,5,2,0,1,0,1,0,0,0,1,0,0,5.56918E+20,5.92563E+21,9.85761E+15,5.34766E+16
96189,96190,2,1,4,112,2016,6,21,3,3,5,2,0,0,1,1,0,0,0,0,5.63803E+20,5.93355E+21,9.96295E+15,5.3547E+16
96190,96191,2,1,5,114,2016,5,9,6,3,1,7,0,0,0,1,0,1,0,0,5.66671E+20,5.93413E+21,1.00063E+16,5.35518E+16
96191,96192,2,7,11,712,2016,5,16,4,3,0,7,0,0,1,0,0,0,0,1,5.62119E+20,5.92709E+21,9.93625E+15,5.34891E+16
96192,96193,2,5,7,515,2016,6,16,4,3,5,3,0,0,0,1,0,0,0,0,5.73067E+20,5.94321E+21,1.0105E+16,5.36326E+16
96193,96194,2,4,13,432,2016,6,10,1,3,5,3,0,0,1,1,0,0,0,0,5.66959E+20,5.94443E+21,1.00129E+16,5.36443E+16
96194,96195,2,4,12,431,2016,5,7,2,2,5,2,0,0,0,1,0,1,0,0,5.67003E+20,5.94259E+21,1.00132E+16,5.36278E+16
96195,96196,2,4,11,430,2016,5,16,3,3,3,6,0,0,1,1,0,0,0,0,5.67897E+20,5.94242E+21,1.00266E+16,5.36262E+16
96196,96197,2,7,1,702,2016,6,11,4,3,6,6,0,0,1,0,1,0,0,0,5.65235E+20,5.92394E+21,9.98256E+15,5.34604E+16
96197,96198,2,4,7,416,2016,5,10,6,3,5,3,0,0,0,1,0,0,1,0,5.67724E+20,5.93495E+21,1.00224E+16,5.3559E+16
96198,96199,2,1,16,136,2016,6,12,5,3,0,3,0,1,1,1,0,0,0,0,5.67648E+20,5.92724E+21,1.00196E+16,5.34898E+16
96199,96200,2,1,20,141,2016,5,7,6,3,4,2,0,0,1,1,0,0,0,0,5.55854E+20,5.93204E+21,9.84272E+15,5.35343E+16
96200,96201,2,4,8,420,2016,6,8,2,3,5,2,0,0,1,0,0,0,0,1,5.68421E+20,5.93662E+21,1.00333E+16,5.35739E+16
96201,96202,2,5,7,515,2016,5,16,2,3,6,7,0,1,0,1,1,0,0,0,5.71268E+20,5.9411E+21,1.00773E+16,5.36138E+16
96202,96203,2,1,11,129,2016,6,8,5,3,5,3,0,0,0,1,0,0,0,1,5.71645E+20,5.93494E+21,1.00816E+16,5.35585E+16
96203,96204,2,4,12,431,2016,5,16,3,3,2,6,0,0,1,1,0,0,0,0,5.67899E+20,5.94245E+21,1.00267E+16,5.36265E+16
96204,96205,2,1,12,130,2016,5,1,4,3,8,5,2,0,0,1,0,0,0,0,5.73293E+20,5.93474E+21,1.01064E+16,5.35565E+16
96205,96206,2,4,10,429,2016,6,17,4,3,5,3,0,0,1,1,0,0,0,0,5.68911E+20,5.93945E+21,1.00413E+16,5.35993E+16
96206,96207,2,4,9,424,2016,5,2,7,3,5,3,2,0,0,1,0,0,0,0,5.6999E+20,5.93733E+21,1.00572E+16,5.35802E+16
96207,96208,2,1,11,128,2016,6,8,5,3,3,6,0,0,0,1,0,0,0,0,5.71011E+20,5.93425E+21,1.00719E+16,5.35524E+16
96208,96209,2,4,10,426,2016,6,14,4,3,1,5,0,0,1,0,0,0,0,1,5.6987E+20,5.93817E+21,1.00555E+16,5.35877E+16
96209,96210,2,6,2,603,2016,5,12,6,3,5,3,0,0,1,1,0,0,0,0,5.80212E+20,5.92661E+21,1.02088E+16,5.34823E+16
96210,96211,2,3,8,320,2016,5,10,6,3,0,7,0,0,0,1,0,1,0,0,5.59378E+20,5.94079E+21,9.89754E+15,5.36125E+16
96211,96212,2,5,3,510,2016,6,9,6,3,5,3,0,0,0,1,0,0,1,0,5.70929E+20,5.93644E+21,1.00711E+16,5.3572E+16
96212,96213,2,2,1,203,2016,6,17,4,3,6,7,0,0,1,0,1,0,0,0,5.62051E+20,5.93389E+21,9.93658E+15,5.35502E+16
96213,96214,2,1,12,130,2016,5,14,6,2,8,7,0,0,0,1,0,0,0,0,5.72443E+20,5.93324E+21,1.00932E+16,5.3543E+16
96214,96215,2,5,18,526,2016,6,7,4,3,5,3,0,0,1,1,0,0,0,0,5.75175E+20,5.94044E+21,1.01362E+16,5.36074E+16
96215,96216,2,3,9,321,2016,5,7,6,3,0,7,0,1,0,0,0,1,0,1,5.62007E+20,5.93646E+21,9.93642E+15,5.35733E+16
96216,96217,2,1,13,131,2016,6,9,5,3,6,4,0,1,0,1,1,0,0,0,5.72721E+20,5.93224E+21,1.00972E+16,5.3534E+16
96217,96218,2,1,12,130,2016,5,17,6,3,2,6,0,0,0,1,0,0,0,0,5.73721E+20,5.93272E+21,1.01124E+16,5.35382E+16
96218,96219,2,3,9,321,2016,6,18,2,3,1,5,0,0,1,1,0,0,0,0,5.61601E+20,5.93908E+21,9.93081E+15,5.35969E+16
96219,96220,2,4,13,432,2016,5,17,2,3,3,6,0,0,1,0,0,0,0,0,5.66508E+20,5.94553E+21,1.00063E+16,5.36543E+16
96220,96221,2,2,1,203,2016,6,18,7,3,5,2,0,0,1,1,0,0,0,0,5.62582E+20,5.93397E+21,9.9446E+15,5.35509E+16
96221,96222,2,1,6,118,2016,5,19,4,3,3,6,0,0,0,1,0,0,0,0,5.68807E+20,5.93368E+21,1.00385E+16,5.35475E+16
96222,96223,2,5,10,518,2016,6,8,5,3,5,7,0,0,0,1,0,0,0,0,5.72704E+20,5.94491E+21,1.00999E+16,5.36479E+16
96223,96224,2,4,5,413,2016,5,12,3,3,2,6,0,0,0,1,0,0,0,0,5.67033E+20,5.93732E+21,1.00125E+16,5.35804E+16
96224,96225,2,4,5,413,2016,6,8,5,3,4,2,0,0,1,1,0,0,0,0,5.66474E+20,5.93785E+21,1.00042E+16,5.35852E+16
96225,96226,2,5,6,514,2016,5,11,4,3,4,2,0,0,0,1,0,0,0,1,5.73693E+20,5.94236E+21,1.01143E+16,5.36249E+16
96226,96227,2,5,9,517,2016,6,16,4,3,2,6,0,0,0,1,0,0,0,0,5.72246E+20,5.94362E+21,1.00927E+16,5.36364E+16
96227,96228,2,5,14,522,2016,5,8,7,3,4,2,0,0,1,1,0,0,0,0,5.73071E+20,5.95168E+21,1.0107E+16,5.37087E+16
96228,96229,2,1,6,118,2016,6,17,5,3,4,3,0,0,0,1,0,0,0,0,5.6893E+20,5.93356E+21,1.00403E+16,5.35464E+16
96229,96230,2,3,8,320,2016,6,8,4,3,0,7,0,0,1,0,0,0,0,0,5.59093E+20,5.94003E+21,9.89309E+15,5.36058E+16
96230,96231,2,1,8,122,2016,5,9,6,3,5,7,0,0,0,1,0,1,0,0,5.69589E+20,5.93507E+21,1.00506E+16,5.35599E+16
96231,96232,2,2,14,227,2016,5,17,6,3,5,3,0,0,0,1,0,0,0,0,5.5016E+20,5.93676E+21,9.75757E+15,5.35773E+16
96232,96233,2,4,5,411,2016,6,12,6,3,2,6,0,0,0,1,0,0,0,1,5.68399E+20,5.93804E+21,1.00333E+16,5.35868E+16
96233,96234,2,5,18,526,2016,6,14,3,3,3,2,0,0,0,1,0,0,0,0,5.77543E+20,5.94019E+21,1.01719E+16,5.36048E+16
96234,96235,2,3,9,321,2016,6,13,3,3,1,2,0,0,0,0,0,1,0,0,5.62169E+20,5.93864E+21,9.93929E+15,5.35929E+16
96235,96236,2,5,12,520,2016,5,16,2,3,1,5,0,1,1,1,0,0,0,0,5.68027E+20,5.94449E+21,1.00291E+16,5.36448E+16
96236,96237,2,2,4,212,2016,6,14,7,3,5,2,0,0,1,1,0,0,0,0,5.60832E+20,5.9343E+21,9.91825E+15,5.3554E+16
96237,96238,2,4,4,407,2016,5,7,4,3,0,3,0,0,1,1,0,0,0,0,5.66771E+20,5.94117E+21,1.00094E+16,5.36151E+16
96238,96239,2,5,10,518,2016,6,13,4,3,5,3,0,0,0,1,0,0,0,0,5.72988E+20,5.94514E+21,1.01043E+16,5.36499E+16
96239,96240,2,4,10,427,2016,6,22,1,2,9,1,2,0,0,1,0,0,0,0,5.68752E+20,5.93856E+21,1.00387E+16,5.35914E+16
96240,96241,2,6,2,602,2016,5,16,2,3,3,2,0,1,1,1,0,0,0,0,5.79575E+20,5.92733E+21,1.01994E+16,5.34889E+16
96241,96242,2,4,5,413,2016,5,8,3,3,5,3,0,0,1,1,0,0,0,0,5.65924E+20,5.93764E+21,9.99582E+15,5.35835E+16
96242,96243,2,3,1,303,2016,6,12,5,3,2,6,0,0,0,1,0,1,0,0,5.62689E+20,5.93705E+21,9.94684E+15,5.35785E+16
96243,96244,2,4,4,407,2016,5,8,2,3,5,3,0,1,0,1,0,0,0,0,5.66921E+20,5.94064E+21,1.00115E+16,5.36103E+16
96244,96245,2,3,3,313,2016,6,12,7,3,5,3,0,0,0,1,0,0,0,0,5.64445E+20,5.9366E+21,9.97326E+15,5.35743E+16
96245,96246,2,4,10,427,2016,5,16,4,3,2,6,0,0,0,1,0,0,1,0,5.68373E+20,5.93847E+21,1.0033E+16,5.35906E+16
96246,96247,2,3,9,321,2016,6,12,1,3,4,2,0,0,1,1,0,0,0,0,5.61809E+20,5.93839E+21,9.93382E+15,5.35907E+16
96247,96248,2,4,7,416,2016,5,15,3,3,5,2,0,0,1,0,0,1,0,0,5.67455E+20,5.93558E+21,1.00185E+16,5.35648E+16
96248,96249,2,2,8,220,2016,6,0,5,3,4,2,2,0,0,1,0,0,0,0,5.58701E+20,5.93926E+21,9.88703E+15,5.35989E+16
96249,96250,2,5,17,525,2016,6,12,4,3,4,6,0,0,1,1,0,0,0,0,5.77012E+20,5.94486E+21,1.01651E+16,5.36468E+16
96250,96251,2,5,1,504,2016,5,23,7,3,1,5,2,0,0,1,0,0,0,1,5.69904E+20,5.93612E+21,1.00556E+16,5.35693E+16
96251,96252,2,1,6,115,2016,5,14,6,3,6,4,0,0,0,1,1,0,0,0,5.67688E+20,5.93333E+21,1.00215E+16,5.35445E+16
96252,96253,2,2,8,220,2016,5,18,6,3,6,7,0,0,0,0,1,0,0,1,5.57582E+20,5.9389E+21,9.87005E+15,5.35958E+16
96253,96254,2,2,5,215,2016,5,10,2,3,5,3,0,0,0,1,0,0,1,0,5.60845E+20,5.93648E+21,9.91888E+15,5.35737E+16
96254,96255,2,4,2,403,2016,6,15,6,3,6,6,0,0,0,1,1,0,0,0,5.6509E+20,5.93877E+21,9.98346E+15,5.35937E+16
96255,96256,2,4,9,425,2016,6,14,3,3,5,2,0,0,0,0,0,0,1,1,5.7069E+20,5.93758E+21,1.00678E+16,5.35823E+16
96256,96257,2,2,1,201,2016,6,15,3,3,4,2,0,1,1,1,0,0,0,0,5.63107E+20,5.93335E+21,9.9524E+15,5.35453E+16
96257,96258,2,2,7,219,2016,5,8,2,3,2,6,0,0,0,1,0,0,0,0,5.60407E+20,5.93341E+21,9.91167E+15,5.35461E+16
96258,96259,2,1,4,112,2016,6,18,7,3,5,7,0,0,0,1,0,0,0,0,5.63698E+20,5.93349E+21,9.96134E+15,5.35464E+16
96259,96260,2,4,6,415,2016,5,20,4,2,1,6,0,0,0,1,0,0,0,0,5.68021E+20,5.93621E+21,1.00272E+16,5.35703E+16
96260,96261,2,4,12,431,2016,6,17,4,3,4,3,0,0,1,1,0,0,0,0,5.68259E+20,5.94346E+21,1.00324E+16,5.36354E+16
96261,96262,2,3,1,303,2016,6,20,1,3,0,1,0,1,0,1,0,1,0,0,5.62545E+20,5.93693E+21,9.94464E+15,5.35775E+16
96262,96263,2,5,3,511,2016,5,7,2,3,4,2,0,0,1,1,0,0,0,0,5.72271E+20,5.9361E+21,1.00913E+16,5.35688E+16
96263,96264,2,2,11,223,2016,5,15,3,3,5,2,0,0,1,1,0,0,0,0,5.53832E+20,5.93524E+21,9.81276E+15,5.35633E+16
96264,96265,2,1,1,101,2016,6,11,5,3,0,4,0,0,1,0,1,0,0,0,5.66212E+20,5.93402E+21,9.99939E+15,5.35508E+16
96265,96266,2,2,5,217,2016,5,17,6,3,5,3,0,0,1,1,0,0,0,0,5.58945E+20,5.9366E+21,9.89021E+15,5.3575E+16
96266,96267,2,5,18,526,2016,6,14,5,2,6,4,0,0,0,1,1,0,0,0,5.76829E+20,5.93922E+21,1.01609E+16,5.35961E+16
96267,96268,2,4,9,425,2016,5,14,6,3,3,2,0,0,1,1,0,0,0,0,5.70488E+20,5.93805E+21,1.00648E+16,5.35866E+16
96268,96269,2,2,5,215,2016,6,12,2,3,0,7,0,0,0,1,0,0,1,1,5.61765E+20,5.93574E+21,9.93262E+15,5.35669E+16
96269,96270,2,4,12,431,2016,6,16,4,3,4,2,0,0,1,1,0,0,0,0,5.679E+20,5.94298E+21,1.00268E+16,5.36312E+16
96270,96271,2,3,9,321,2016,5,19,7,3,1,7,0,0,0,1,0,0,0,1,5.61982E+20,5.93671E+21,9.93609E+15,5.35756E+16
96271,96272,2,2,1,202,2016,5,22,6,3,5,2,2,1,1,0,0,1,0,0,5.61742E+20,5.93334E+21,9.93181E+15,5.35454E+16
96272,96273,2,4,9,425,2016,6,23,5,3,1,7,2,1,0,1,0,0,0,0,5.71048E+20,5.93791E+21,1.00733E+16,5.35852E+16
96273,96274,2,5,7,515,2016,5,9,6,3,5,3,0,0,0,1,0,0,0,0,5.70957E+20,5.94051E+21,1.00725E+16,5.36086E+16
96274,96275,2,3,6,318,2016,6,15,2,3,2,6,0,0,0,1,0,0,0,1,5.63145E+20,5.94191E+21,9.9547E+15,5.36222E+16
96275,96276,2,2,4,213,2016,5,17,6,3,1,5,0,0,1,1,0,0,0,0,5.61782E+20,5.93431E+21,9.93259E+15,5.35541E+16
96276,96277,2,3,7,319,2016,5,9,2,3,2,2,0,0,0,1,0,0,0,0,5.61226E+20,5.94263E+21,9.92584E+15,5.36289E+16
96277,96278,2,1,4,110,2016,6,21,6,3,5,3,2,0,1,1,0,0,0,0,5.63598E+20,5.93384E+21,9.9599E+15,5.35496E+16
96278,96279,2,1,5,114,2016,6,15,3,3,3,7,0,0,0,1,0,0,0,1,5.66913E+20,5.93418E+21,1.001E+16,5.35523E+16
96279,96280,2,7,9,710,2016,5,22,5,2,5,3,2,0,1,1,0,0,0,0,5.63516E+20,5.92379E+21,9.95664E+15,5.34593E+16
96280,96281,2,4,7,416,2016,5,19,4,3,1,6,1,0,0,1,0,0,0,0,5.67884E+20,5.93536E+21,1.00249E+16,5.35627E+16
96281,96282,2,4,7,416,2016,6,16,4,3,2,6,0,0,0,1,0,0,0,0,5.67915E+20,5.93515E+21,1.00253E+16,5.35608E+16
96282,96283,2,3,1,307,2016,5,16,2,3,3,2,0,1,1,1,0,0,0,0,5.6311E+20,5.93589E+21,9.95296E+15,5.35681E+16
96283,96284,2,2,1,201,2016,5,23,3,3,4,2,2,0,0,1,0,1,0,0,5.63303E+20,5.93385E+21,9.95547E+15,5.35497E+16
96284,96285,2,1,11,128,2016,6,17,4,3,5,3,0,0,1,1,0,0,0,0,5.71501E+20,5.93431E+21,1.00793E+16,5.35528E+16
96285,96286,2,2,4,211,2016,5,16,6,3,4,6,0,0,0,1,0,0,0,1,5.61544E+20,5.93457E+21,9.92906E+15,5.35564E+16
96286,96287,2,5,7,515,2016,6,19,5,3,3,2,0,0,1,1,0,0,0,0,5.70142E+20,5.93889E+21,1.00598E+16,5.35941E+16
96287,96288,2,5,13,521,2016,5,16,6,3,5,2,0,0,1,1,0,0,0,0,5.7109E+20,5.94877E+21,1.00764E+16,5.36828E+16
96288,96289,2,1,5,114,2016,6,16,2,2,5,3,0,0,1,1,0,0,0,0,5.66563E+20,5.93431E+21,1.00048E+16,5.35534E+16
96289,96290,2,3,5,317,2016,5,17,2,3,2,6,0,0,0,1,0,0,0,0,5.6411E+20,5.93976E+21,9.96885E+15,5.36027E+16
96290,96291,2,5,18,526,2016,6,14,5,3,6,6,0,0,1,0,1,0,0,0,5.77608E+20,5.94219E+21,1.01734E+16,5.36228E+16
96291,96292,2,3,2,312,2016,5,9,3,3,2,6,0,0,0,1,0,0,0,0,5.65826E+20,5.93644E+21,9.99408E+15,5.35727E+16
96292,96293,2,2,7,219,2016,5,16,4,3,2,6,0,0,0,1,0,0,0,0,5.57867E+20,5.9335E+21,9.87335E+15,5.35472E+16
96293,96294,2,4,6,415,2016,6,22,4,3,8,1,2,0,0,1,0,0,0,0,5.67294E+20,5.936E+21,1.00161E+16,5.35686E+16
96294,96295,2,3,1,308,2016,5,9,2,3,3,6,0,0,0,1,0,0,1,0,5.6361E+20,5.93604E+21,9.96053E+15,5.35694E+16
96295,96296,2,6,1,601,2016,6,13,5,3,0,3,0,0,1,1,0,0,0,0,5.79502E+20,5.92949E+21,1.01988E+16,5.35084E+16
96296,96297,2,2,5,217,2016,5,15,4,3,4,2,0,0,0,1,0,0,0,0,5.59193E+20,5.9364E+21,9.89391E+15,5.35731E+16
96297,96298,2,3,9,321,2016,5,19,7,3,4,6,0,0,1,1,0,0,0,0,5.6173E+20,5.93891E+21,9.93272E+15,5.35954E+16
96298,96299,2,2,2,207,2016,5,18,3,3,3,6,0,0,0,1,0,0,0,0,5.64012E+20,5.9347E+21,9.96633E+15,5.35573E+16
96299,96300,2,5,7,515,2016,6,16,5,3,5,3,0,0,1,1,0,0,0,0,5.70582E+20,5.9393E+21,1.00665E+16,5.35978E+16
96300,96301,2,5,5,513,2016,6,11,4,3,6,4,0,0,0,1,1,0,0,0,5.72787E+20,5.93837E+21,1.00996E+16,5.35891E+16
96301,96302,2,1,4,111,2016,5,19,6,3,2,6,0,0,0,1,0,0,0,0,5.64188E+20,5.9339E+21,9.96882E+15,5.355E+16