FID,OBJECTID,ULAND,UREGBEZ,UKREIS,UGEMEINDE,UJAHR,UMONAT,USTUNDE,UWOCHENTAG,UKATEGORIE,UART,UTYP1,ULICHTVERH,IstStrasse,IstRad,IstPKW,IstFuss,IstKrad,IstGkfz,IstSonstig,LINREFX,LINREFY,XGCSWGS84,YGCSWGS84
96302,96303,2,5,9,517,2016,6,10,5,3,5,2,0,1,1,1,0,0,0,0,5.71593E+20,5.94409E+21,1.00829E+16,5.36407E+16
96303,96304,2,5,6,514,2016,6,17,6,3,5,3,0,0,0,1,0,1,0,0,5.73788E+20,5.93907E+21,1.01149E+16,5.35952E+16
96304,96305,2,3,5,317,2016,6,15,4,3,3,6,0,0,0,1,0,1,0,0,5.62748E+20,5.93747E+21,9.94781E+15,5.35824E+16
96305,96306,2,4,5,413,2016,5,13,6,3,0,7,0,0,1,0,0,0,0,1,5.65974E+20,5.93789E+21,9.99663E+15,5.35857E+16
96306,96307,2,1,19,140,2016,5,13,1,2,5,3,0,0,0,1,0,1,0,0,5.6046E+20,5.92987E+21,9.91178E+15,5.35143E+16
96307,96308,2,1,17,138,2016,6,19,7,3,2,2,0,0,0,1,0,0,0,0,5.64963E+20,5.93142E+21,9.98001E+15,5.35277E+16
96308,96309,2,3,1,310,2016,5,18,4,3,5,2,0,0,1,1,0,0,0,0,5.63582E+20,5.93542E+21,9.95999E+15,5.35638E+16
96309,96310,2,1,16,137,2016,6,16,7,2,0,7,0,0,1,0,0,0,0,0,5.65749E+20,5.92823E+21,9.9912E+15,5.34989E+16
96310,96311,2,1,1,101,2016,5,16,3,3,1,6,0,0,0,1,0,0,0,0,5.66656E+20,5.93376E+21,1.0006E+16,5.35485E+16
96311,96312,2,4,10,427,2016,6,18,5,3,3,6,0,0,1,0,0,0,0,1,5.68403E+20,5.9382E+21,1.00334E+16,5.35882E+16
96312,96313,2,1,4,111,2016,5,9,4,3,6,2,0,0,0,1,1,0,0,0,5.6379E+20,5.9346E+21,9.96296E+15,5.35564E+16
96313,96314,2,4,6,415,2016,6,16,4,3,5,2,0,0,1,1,0,0,0,0,5.67311E+20,5.9359E+21,1.00164E+16,5.35676E+16
96314,96315,2,2,9,221,2016,5,14,7,3,5,2,0,0,1,1,0,0,0,0,5.57312E+20,5.93605E+21,9.86545E+15,5.35702E+16
96315,96316,2,3,1,303,2016,6,19,4,3,0,7,0,0,1,1,0,0,0,0,5.62863E+20,5.93689E+21,9.94943E+15,5.35771E+16
96316,96317,2,4,5,411,2016,5,12,6,3,3,6,0,0,1,0,0,0,0,0,5.67715E+20,5.93778E+21,1.00229E+16,5.35845E+16
96317,96318,2,1,3,107,2016,5,7,6,3,4,2,0,1,1,1,0,0,0,0,5.65134E+20,5.93428E+21,9.98319E+15,5.35534E+16
96318,96319,2,4,2,403,2016,5,17,7,3,1,5,0,0,0,1,0,1,0,0,5.65242E+20,5.93865E+21,9.98572E+15,5.35926E+16
96319,96320,2,4,5,413,2016,6,17,5,3,5,3,0,0,1,1,0,0,0,0,5.65805E+20,5.93872E+21,9.99425E+15,5.35932E+16
96320,96321,2,4,8,421,2016,6,20,4,3,5,3,0,0,1,0,0,0,0,0,5.68858E+20,5.93733E+21,1.004E+16,5.35803E+16
96321,96322,2,4,5,409,2016,5,18,6,3,5,3,0,0,1,1,0,0,0,0,5.66405E+20,5.93865E+21,1.00033E+16,5.35925E+16
96322,96323,2,1,5,114,2016,5,11,6,3,3,6,0,0,0,1,0,0,0,0,5.66264E+20,5.93473E+21,1.00003E+16,5.35573E+16
96323,96324,2,4,11,430,2016,6,6,6,3,5,3,0,0,1,1,0,0,0,0,5.68871E+20,5.94043E+21,1.00409E+16,5.36082E+16
96324,96325,2,7,8,709,2016,6,16,3,3,2,6,0,0,0,1,0,0,0,0,5.64255E+20,5.92152E+21,9.9673E+15,5.34388E+16
96325,96326,2,4,6,414,2016,5,13,6,3,4,6,0,0,1,0,0,0,0,1,5.6717E+20,5.93726E+21,1.00145E+16,5.35799E+16
96326,96327,2,4,11,430,2016,6,21,3,3,4,2,0,0,0,1,0,0,0,0,5.68224E+20,5.94239E+21,1.00316E+16,5.36259E+16
96327,96328,2,1,13,131,2016,5,15,1,3,0,7,0,0,0,0,0,1,0,0,5.73238E+20,5.93094E+21,1.01047E+16,5.35223E+16
96328,96329,2,7,2,703,2016,6,15,6,3,2,2,0,0,0,1,0,0,0,0,5.67076E+20,5.92375E+21,1.00102E+16,5.34584E+16
96329,96330,2,7,4,705,2016,5,13,3,3,4,2,0,0,0,1,0,1,0,0,5.65766E+20,5.92307E+21,9.99037E+15,5.34525E+16
96330,96331,2,2,9,221,2016,6,13,4,3,4,2,0,0,1,1,0,0,0,0,5.55986E+20,5.9353E+21,9.84529E+15,5.35636E+16
96331,96332,2,1,11,129,2016,6,18,7,3,0,2,0,0,1,1,0,0,0,0,5.72705E+20,5.93344E+21,1.00972E+16,5.35448E+16
96332,96333,2,1,1,102,2016,5,9,3,2,1,5,0,0,1,0,0,0,0,1,5.65573E+20,5.93391E+21,9.98973E+15,5.355E+16
96333,96334,2,4,1,401,2016,6,8,5,2,5,3,0,0,1,0,0,0,0,0,5.64974E+20,5.93758E+21,9.98145E+15,5.35831E+16
96334,96335,2,2,3,210,2016,6,12,4,3,0,6,0,0,1,0,0,0,0,0,5.62134E+20,5.93462E+21,9.93797E+15,5.35567E+16
96335,96336,2,3,5,317,2016,5,13,7,3,5,3,0,0,0,1,0,1,0,0,5.64402E+20,5.9388E+21,9.97307E+15,5.35941E+16
96336,96337,2,1,13,131,2016,5,13,5,3,3,7,0,1,0,1,0,1,0,1,5.70871E+20,5.93112E+21,1.00691E+16,5.35242E+16
96337,96338,2,4,5,409,2016,6,15,5,3,2,5,0,1,0,1,0,0,0,0,5.65952E+20,5.93876E+21,9.99647E+15,5.35935E+16
96338,96339,2,1,5,113,2016,6,17,2,3,2,6,0,0,0,1,0,0,0,0,5.67564E+20,5.93472E+21,1.00199E+16,5.3557E+16
96339,96340,2,1,13,131,2016,5,14,5,3,6,7,0,1,0,0,1,0,0,1,5.72094E+20,5.92984E+21,1.00872E+16,5.35125E+16
96340,96341,2,1,6,115,2016,5,2,1,3,3,2,2,0,0,1,0,0,0,0,5.67412E+20,5.93389E+21,1.00175E+16,5.35495E+16
96341,96342,2,2,1,206,2016,6,3,6,3,5,3,2,0,1,1,0,0,0,0,5.62905E+20,5.93485E+21,9.94965E+15,5.35587E+16
96342,96343,2,5,7,515,2016,6,8,3,3,3,2,0,0,1,1,0,0,0,0,5.71214E+20,5.94133E+21,1.00765E+16,5.3616E+16
96343,96344,2,2,1,202,2016,6,8,3,3,3,6,0,0,1,0,0,1,0,0,5.62457E+20,5.93344E+21,9.94262E+15,5.35461E+16
96344,96345,2,7,4,705,2016,5,21,5,3,5,2,1,0,0,1,0,0,0,0,5.65579E+20,5.923E+21,9.98753E+15,5.34519E+16
96345,96346,2,5,11,519,2016,5,15,2,3,2,6,0,0,0,1,0,0,0,0,5.69812E+20,5.94773E+21,1.00568E+16,5.36737E+16
96346,96347,2,3,8,320,2016,6,13,7,3,5,3,0,0,0,1,0,0,0,0,5.59088E+20,5.94105E+21,9.89321E+15,5.36149E+16
96347,96348,2,2,8,220,2016,7,8,6,3,5,3,0,0,0,1,0,0,0,0,5.57317E+20,5.94014E+21,9.86628E+15,5.36069E+16
96348,96349,2,1,8,126,2016,6,12,5,3,2,6,0,0,0,1,0,0,0,0,5.69742E+20,5.93398E+21,1.00527E+16,5.355E+16
96349,96350,2,4,13,432,2016,6,9,4,3,6,4,0,1,1,0,1,0,0,0,5.66793E+20,5.94525E+21,1.00106E+16,5.36518E+16
96350,96351,2,3,9,321,2016,6,12,3,3,5,3,0,0,0,1,0,0,0,0,5.6081E+20,5.93918E+21,9.91888E+15,5.35979E+16
96351,96352,2,1,3,106,2016,6,16,6,3,4,6,0,0,1,1,0,0,0,0,5.64785E+20,5.93466E+21,9.97799E+15,5.35568E+16
96352,96353,2,1,4,112,2016,6,16,3,3,5,2,0,0,0,1,0,1,0,0,5.64264E+20,5.93344E+21,9.96988E+15,5.35459E+16
96353,96354,2,1,4,111,2016,6,15,4,3,2,6,0,0,1,1,0,0,0,0,5.63797E+20,5.93469E+21,9.96308E+15,5.35572E+16
96354,96355,2,5,2,509,2016,6,21,4,2,0,7,0,0,1,1,0,0,0,0,5.71285E+20,5.93789E+21,1.00768E+16,5.3585E+16
96355,96356,2,7,11,712,2016,6,5,6,3,4,6,0,1,0,0,0,1,0,1,5.61902E+20,5.92603E+21,9.93277E+15,5.34796E+16
96356,96357,2,5,5,513,2016,7,13,7,3,5,7,0,0,0,1,0,0,0,0,5.7319E+20,5.93822E+21,1.01057E+16,5.35877E+16
96357,96358,2,5,7,515,2016,6,10,7,3,5,3,0,0,1,1,0,0,0,0,5.73737E+20,5.94239E+21,1.01149E+16,5.36251E+16
96358,96359,2,4,5,408,2016,6,15,2,3,5,3,0,0,1,1,0,0,0,0,5.6698E+20,5.94016E+21,1.00123E+16,5.3606E+16
96359,96360,2,1,11,129,2016,7,19,1,3,6,7,0,0,1,0,1,0,0,0,5.7163E+20,5.93499E+21,1.00814E+16,5.35589E+16
96360,96361,2,2,4,213,2016,6,7,3,3,4,2,0,1,1,0,0,0,0,0,5.61279E+20,5.93396E+21,9.92493E+15,5.35509E+16
96361,96362,2,7,16,717,2016,6,14,4,3,2,6,0,0,0,1,0,0,1,0,5.54535E+20,5.93116E+21,9.82266E+15,5.35265E+16
96362,96363,2,4,13,432,2016,6,8,4,3,5,2,0,0,1,1,0,0,0,0,5.67772E+20,5.94725E+21,1.00258E+16,5.36696E+16
96363,96364,2,3,4,315,2016,6,11,7,3,1,5,0,1,1,1,0,0,0,0,5.64437E+20,5.93705E+21,9.97324E+15,5.35783E+16
96364,96365,2,3,1,310,2016,6,10,5,3,6,4,0,0,1,0,1,0,0,0,5.63699E+20,5.93574E+21,9.96182E+15,5.35666E+16
96365,96366,2,5,3,510,2016,6,16,7,3,3,7,0,0,0,1,0,0,0,0,5.70807E+20,5.93519E+21,1.0069E+16,5.35608E+16
96366,96367,2,7,16,717,2016,6,15,5,3,6,4,0,0,0,1,1,0,0,0,5.52607E+20,5.93196E+21,9.79372E+15,5.3534E+16
96367,96368,2,1,3,106,2016,6,9,3,3,0,7,0,1,1,0,0,0,0,1,5.64724E+20,5.93415E+21,9.97696E+15,5.35522E+16
96368,96369,2,5,3,511,2016,6,8,4,3,2,6,0,0,0,1,0,0,0,0,5.71949E+20,5.93611E+21,1.00865E+16,5.35689E+16
96369,96370,2,7,11,712,2016,6,14,5,2,5,3,0,0,0,0,0,1,0,1,5.60389E+20,5.92781E+21,9.91031E+15,5.34957E+16
96370,96371,2,4,5,409,2016,6,15,2,3,3,7,0,0,0,1,0,1,0,0,5.65979E+20,5.93918E+21,9.99697E+15,5.35973E+16
96371,96372,2,2,4,214,2016,7,1,7,3,5,3,2,0,1,1,0,0,0,0,5.61658E+20,5.93382E+21,9.93063E+15,5.35496E+16
96372,96373,2,5,18,526,2016,6,10,7,3,5,3,0,0,1,1,0,0,0,0,5.78061E+20,5.94003E+21,1.01797E+16,5.36032E+16
96373,96374,2,5,1,504,2016,6,9,2,3,5,3,0,0,0,1,0,0,0,0,5.69736E+20,5.93662E+21,1.00532E+16,5.35738E+16
96374,96375,2,7,11,712,2016,6,13,5,3,5,3,0,0,0,1,0,0,0,0,5.60383E+20,5.9278E+21,9.91022E+15,5.34957E+16
96375,96376,2,4,12,431,2016,7,20,7,3,5,3,1,1,0,1,0,0,0,1,5.67104E+20,5.94299E+21,1.00148E+16,5.36314E+16
96376,96377,2,5,4,512,2016,6,8,7,3,3,6,0,0,0,1,0,0,0,0,5.7438E+20,5.93609E+21,1.01232E+16,5.35684E+16
96377,96378,2,4,7,416,2016,6,7,2,2,5,7,0,0,0,1,0,1,0,0,5.67441E+20,5.93557E+21,1.00183E+16,5.35646E+16
96378,96379,2,2,4,211,2016,6,10,3,3,1,5,0,0,0,1,0,1,0,0,5.61485E+20,5.93468E+21,9.92819E+15,5.35574E+16
96379,96380,2,7,10,711,2016,6,17,4,3,5,3,0,0,0,1,0,0,0,0,5.63085E+20,5.92407E+21,9.9502E+15,5.34618E+16
96380,96381,2,4,13,432,2016,6,7,4,3,5,3,0,1,1,1,0,0,0,0,5.67368E+20,5.94561E+21,1.00194E+16,5.36549E+16
96381,96382,2,2,1,202,2016,6,15,7,3,5,7,0,1,0,1,0,0,0,0,5.62537E+20,5.93325E+21,9.94379E+15,5.35444E+16
96382,96383,2,7,13,714,2016,6,9,5,2,5,2,0,0,1,1,0,0,0,0,5.58616E+20,5.92539E+21,9.88314E+15,5.34742E+16
96383,96384,2,7,1,701,2016,6,21,5,2,2,6,1,0,0,1,0,0,0,0,5.64824E+20,5.92406E+21,9.97639E+15,5.34616E+16
96384,96385,2,1,15,134,2016,6,11,2,3,0,7,0,0,1,0,0,0,0,0,5.67786E+20,5.93168E+21,1.00226E+16,5.35297E+16
96385,96386,2,5,3,510,2016,6,7,4,3,5,3,0,0,1,1,0,0,0,0,5.71406E+20,5.93564E+21,1.00782E+16,5.35647E+16
96386,96387,2,3,8,320,2016,6,15,2,3,6,7,0,0,0,0,1,0,0,1,5.59845E+20,5.94032E+21,9.90451E+15,5.36082E+16
96387,96388,2,1,12,130,2016,7,22,6,3,2,6,2,1,0,1,0,0,0,0,5.74014E+20,5.93257E+21,1.01168E+16,5.35368E+16
96388,96389,2,3,3,314,2016,6,11,7,3,2,2,0,1,0,1,0,0,0,1,5.65459E+20,5.93728E+21,9.98871E+15,5.35802E+16
96389,96390,2,4,12,431,2016,7,16,6,3,0,7,0,1,0,1,0,0,0,0,5.66562E+20,5.94295E+21,1.00066E+16,5.36311E+16
96390,96391,2,2,2,207,2016,6,7,3,3,6,6,0,1,1,0,1,0,0,0,5.63865E+20,5.93488E+21,9.96415E+15,5.35589E+16
96391,96392,2,4,5,413,2016,6,18,4,3,3,2,0,1,1,0,0,0,0,0,5.66315E+20,5.93737E+21,1.00017E+16,5.3581E+16
96392,96393,2,2,9,221,2016,6,16,3,2,0,3,0,0,1,1,0,0,0,0,5.55643E+20,5.93542E+21,9.84014E+15,5.35647E+16
96393,96394,2,7,1,702,2016,6,7,5,3,0,3,0,0,0,1,0,0,0,1,5.65677E+20,5.92353E+21,9.98913E+15,5.34567E+16
96394,96395,2,1,1,101,2016,6,17,4,2,0,7,0,0,1,0,0,0,0,0,5.66614E+20,5.93374E+21,1.00054E+16,5.35483E+16
96395,96396,2,7,16,717,2016,6,13,5,3,5,3,0,0,1,1,0,0,1,0,5.53118E+20,5.93058E+21,9.8012E+15,5.35215E+16
96396,96397,2,1,5,114,2016,6,23,3,3,5,3,1,1,0,1,0,0,0,0,5.66791E+20,5.9344E+21,1.00082E+16,5.35542E+16
96397,96398,2,4,5,411,2016,6,7,4,3,1,7,0,0,1,1,0,0,0,0,5.6774E+20,5.93779E+21,1.00233E+16,5.35846E+16
96398,96399,2,1,16,137,2016,6,2,5,3,4,2,2,1,1,1,0,0,0,0,5.65724E+20,5.92764E+21,9.99069E+15,5.34936E+16
96399,96400,2,1,4,112,2016,6,14,7,3,6,6,0,0,1,0,1,0,0,0,5.64045E+20,5.93328E+21,9.96654E+15,5.35445E+16
96400,96401,2,7,1,702,2016,6,16,5,2,5,2,0,0,0,1,0,1,0,0,5.65975E+20,5.92504E+21,9.99392E+15,5.34703E+16
96401,96402,2,2,4,211,2016,6,14,5,3,4,6,0,0,1,0,0,0,0,0,5.61816E+20,5.93467E+21,9.93318E+15,5.35573E+16
96402,96403,2,1,16,137,2016,6,16,5,3,3,2,0,0,1,0,0,0,0,1,5.65524E+20,5.93026E+21,9.98822E+15,5.35172E+16
96403,96404,2,1,12,130,2016,6,16,2,3,5,2,0,0,1,1,0,0,0,0,5.74691E+20,5.9328E+21,1.01271E+16,5.35388E+16
96404,96405,2,4,11,430,2016,6,18,4,3,5,3,0,0,1,1,0,0,0,0,5.6873E+20,5.94037E+21,1.00388E+16,5.36076E+16
96405,96406,2,3,9,321,2016,6,19,2,3,2,6,0,1,0,1,0,0,0,0,5.61937E+20,5.93861E+21,9.93579E+15,5.35926E+16
96406,96407,2,1,6,118,2016,7,15,6,3,5,3,0,0,1,1,0,0,0,0,5.68449E+20,5.93385E+21,1.00331E+16,5.35491E+16
96407,96408,2,7,10,711,2016,6,9,2,2,5,3,0,1,0,1,0,0,0,0,5.62856E+20,5.92411E+21,9.94676E+15,5.34622E+16
96408,96409,2,5,18,526,2016,6,11,7,3,5,2,0,0,1,0,0,0,0,0,5.75283E+20,5.93882E+21,1.01374E+16,5.35928E+16
96409,96410,2,1,3,106,2016,6,23,7,3,3,3,2,1,1,1,0,0,0,0,5.64502E+20,5.93389E+21,9.97356E+15,5.35499E+16
96410,96411,2,2,5,217,2016,7,20,6,3,1,7,0,0,0,1,0,0,1,0,5.59237E+20,5.9376E+21,9.89482E+15,5.35839E+16
96411,96412,2,1,12,130,2016,6,16,5,3,6,2,0,0,0,1,1,0,0,0,5.75895E+20,5.93343E+21,1.01454E+16,5.35443E+16
96412,96413,2,3,8,320,2016,6,8,4,3,5,2,0,0,1,1,0,0,0,0,5.60124E+20,5.94005E+21,9.90868E+15,5.36058E+16
96413,96414,2,2,8,220,2016,6,16,3,3,6,4,0,0,0,1,1,0,0,0,5.58579E+20,5.93901E+21,9.88514E+15,5.35966E+16
96414,96415,2,5,5,513,2016,6,16,5,3,5,3,0,0,1,1,0,0,0,0,5.74591E+20,5.93815E+21,1.01268E+16,5.35869E+16
96415,96416,2,1,8,124,2016,6,14,2,3,5,3,0,0,0,1,0,0,0,0,5.69486E+20,5.93421E+21,1.00489E+16,5.35522E+16
96416,96417,2,7,9,710,2016,6,9,3,3,5,3,0,0,0,1,0,0,0,0,5.61838E+20,5.92319E+21,9.93125E+15,5.34541E+16
96417,96418,2,5,14,522,2016,6,15,4,3,5,3,0,0,1,0,0,1,0,0,5.733E+20,5.95131E+21,1.01104E+16,5.37053E+16
96418,96419,2,7,6,707,2016,6,11,5,3,1,7,0,0,0,1,0,0,0,0,5.65401E+20,5.92072E+21,9.98439E+15,5.34315E+16
96419,96420,2,1,12,130,2016,7,18,7,3,4,2,0,1,0,1,0,0,0,0,5.75293E+20,5.93301E+21,1.01362E+16,5.35406E+16
96420,96421,2,1,8,124,2016,6,11,2,2,5,2,0,0,1,1,0,0,0,0,5.69047E+20,5.93455E+21,1.00423E+16,5.35553E+16
96421,96422,2,5,10,518,2016,6,7,4,3,6,4,0,0,1,0,1,0,0,0,5.74422E+20,5.94462E+21,1.01258E+16,5.3645E+16
96422,96423,2,5,7,515,2016,6,13,7,3,2,6,0,0,0,1,0,0,0,0,5.72275E+20,5.94162E+21,1.00927E+16,5.36184E+16
96423,96424,2,3,8,320,2016,6,18,2,3,6,4,0,1,0,1,1,0,0,0,5.58774E+20,5.94178E+21,9.8886E+15,5.36215E+16
96424,96425,2,1,16,137,2016,7,15,1,3,1,5,0,1,0,1,0,0,0,0,5.65805E+20,5.9291E+21,9.99222E+15,5.35068E+16
96425,96426,2,3,3,314,2016,7,23,1,3,1,5,2,0,1,1,0,0,0,0,5.64886E+20,5.93726E+21,9.98006E+15,5.35801E+16
96426,96427,2,1,8,122,2016,6,8,2,3,5,3,0,0,0,1,0,0,0,0,5.69663E+20,5.93481E+21,1.00517E+16,5.35575E+16
96427,96428,2,4,12,431,2016,6,15,4,3,1,6,0,0,0,1,0,1,0,0,5.68263E+20,5.94346E+21,1.00324E+16,5.36355E+16
96428,96429,2,4,3,406,2016,7,13,2,3,5,3,0,0,0,1,0,0,0,0,5.64001E+20,5.9401E+21,9.96728E+15,5.36058E+16
96429,96430,2,1,16,137,2016,6,16,2,2,6,4,0,0,0,1,1,0,0,0,5.65466E+20,5.92951E+21,9.98719E+15,5.35104E+16
96430,96431,2,5,10,518,2016,6,19,7,3,2,6,0,0,0,1,0,0,0,0,5.72794E+20,5.94562E+21,1.01014E+16,5.36543E+16
96431,96432,2,3,8,320,2016,6,7,4,3,2,6,0,0,0,1,0,0,0,0,5.59918E+20,5.94025E+21,9.9056E+15,5.36077E+16
96432,96433,2,7,11,712,2016,6,18,6,3,5,2,0,0,0,1,0,0,0,0,5.60387E+20,5.9278E+21,9.91029E+15,5.34957E+16
96433,96434,2,1,3,107,2016,7,13,6,3,1,5,0,0,1,1,0,0,0,0,5.65125E+20,5.93429E+21,9.98305E+15,5.35535E+16
96434,96435,2,4,12,431,2016,6,15,5,3,0,2,0,0,1,1,0,0,0,0,5.67055E+20,5.94376E+21,1.00142E+16,5.36383E+16
96435,96436,2,4,1,402,2016,6,13,4,3,3,2,0,0,1,1,0,0,0,0,5.64485E+20,5.93794E+21,9.97414E+15,5.35863E+16
96436,96437,2,3,7,319,2016,6,12,3,3,1,5,0,0,0,1,0,0,0,0,5.60892E+20,5.94465E+21,9.92118E+15,5.3647E+16
96437,96438,2,5,4,512,2016,6,23,5,3,1,6,2,1,0,1,0,0,0,0,5.75123E+20,5.93686E+21,1.01346E+16,5.35752E+16
96438,96439,2,1,6,115,2016,6,20,2,3,5,3,1,1,1,1,0,0,0,0,5.67678E+20,5.93336E+21,1.00214E+16,5.35447E+16
96439,96440,2,6,14,615,2016,6,15,3,2,3,2,0,0,1,0,0,0,0,0,5.784E+20,5.9267E+21,1.01815E+16,5.34834E+16
96440,96441,2,4,13,432,2016,6,20,4,3,2,6,0,0,0,1,0,1,0,0,5.65839E+20,5.94487E+21,9.99605E+15,5.36484E+16
96441,96442,2,1,12,130,2016,6,18,5,3,5,3,0,0,1,1,0,0,0,0,5.75727E+20,5.93182E+21,1.01424E+16,5.35298E+16
96442,96443,2,5,17,525,2016,7,2,7,3,8,1,2,0,1,0,0,0,0,0,5.77178E+20,5.94517E+21,1.01676E+16,5.36496E+16
96443,96444,2,5,12,520,2016,6,9,7,3,5,3,0,0,0,1,0,0,0,0,5.69162E+20,5.94422E+21,1.00462E+16,5.36422E+16
96444,96445,2,3,9,321,2016,6,16,2,3,5,3,0,0,0,1,0,0,0,0,5.61156E+20,5.93853E+21,9.92397E+15,5.35921E+16
96445,96446,2,5,6,514,2016,7,12,1,3,6,4,0,0,0,1,1,0,0,0,5.74496E+20,5.94177E+21,1.01263E+16,5.36195E+16
96446,96447,2,1,11,129,2016,6,14,2,3,2,6,0,0,0,1,0,1,0,0,5.71651E+20,5.93462E+21,1.00816E+16,5.35556E+16
96447,96448,2,7,10,711,2016,6,16,4,3,5,3,0,0,0,1,0,0,0,0,5.62775E+20,5.92408E+21,9.94553E+15,5.3462E+16
96448,96449,2,3,2,311,2016,6,17,4,3,0,7,0,0,0,0,0,0,0,1,5.648E+20,5.93623E+21,9.97854E+15,5.35709E+16
96449,96450,2,7,1,702,2016,6,14,6,3,0,3,0,0,1,1,0,0,0,0,5.65098E+20,5.92434E+21,9.98058E+15,5.3464E+16
96450,96451,2,2,1,201,2016,6,18,5,3,2,6,0,0,0,1,0,0,0,0,5.63248E+20,5.93385E+21,9.95463E+15,5.35497E+16
96451,96452,2,5,10,518,2016,6,13,7,3,5,3,0,0,0,1,0,1,0,0,5.74721E+20,5.94469E+21,1.01304E+16,5.36456E+16
96452,96453,2,1,8,123,2016,6,17,2,3,5,3,0,0,1,1,0,0,0,0,5.69991E+20,5.93545E+21,1.00568E+16,5.35633E+16
96453,96454,2,6,5,606,2016,6,17,4,3,5,3,0,0,1,1,0,0,0,0,5.81658E+20,5.9225E+21,1.02295E+16,5.34451E+16
96454,96455,2,4,13,432,2016,6,20,7,3,5,3,0,1,0,1,0,0,0,0,5.67911E+20,5.94784E+21,1.0028E+16,5.36749E+16
96455,96456,2,3,1,309,2016,6,12,4,3,3,2,0,1,1,1,0,0,0,0,5.63932E+20,5.9362E+21,9.96543E+15,5.35708E+16
96456,96457,2,6,14,615,2016,6,21,6,3,0,2,0,1,0,0,0,1,0,0,5.78285E+20,5.92614E+21,1.01796E+16,5.34784E+16
96457,96458,2,6,9,610,2016,6,16,5,3,5,3,0,0,0,1,0,1,0,0,5.72991E+20,5.92808E+21,1.01003E+16,5.34966E+16
96458,96459,2,3,9,321,2016,6,14,5,3,2,6,0,0,0,1,0,0,0,0,5.62394E+20,5.93869E+21,9.9427E+15,5.35933E+16
96459,96460,2,4,5,409,2016,6,3,7,3,9,1,1,0,0,0,0,1,0,0,5.67081E+20,5.93901E+21,1.00136E+16,5.35957E+16
96460,96461,2,5,3,510,2016,6,13,5,3,2,6,0,0,0,1,0,0,0,0,5.71463E+20,5.93547E+21,1.0079E+16,5.35633E+16
96461,96462,2,5,2,507,2016,6,16,2,3,2,6,0,0,0,1,0,0,0,1,5.70839E+20,5.93712E+21,1.00699E+16,5.35781E+16
96462,96463,2,4,7,416,2016,6,8,4,3,3,2,0,0,1,1,0,0,0,0,5.67432E+20,5.93535E+21,1.00181E+16,5.35627E+16
96463,96464,2,1,6,115,2016,6,16,5,3,3,6,0,0,0,1,0,1,0,0,5.67341E+20,5.93379E+21,1.00164E+16,5.35487E+16
96464,96465,2,4,8,422,2016,7,19,7,3,1,6,0,1,0,1,0,0,0,0,5.69321E+20,5.93718E+21,1.0047E+16,5.35789E+16
96465,96466,2,4,13,432,2016,6,14,7,3,5,3,0,0,1,1,0,0,0,0,5.66858E+20,5.94496E+21,1.00115E+16,5.36492E+16
96466,96467,2,2,9,221,2016,6,16,2,3,3,2,0,0,1,1,0,0,0,0,5.56393E+20,5.93761E+21,9.85185E+15,5.35843E+16
96467,96468,2,5,4,512,2016,6,18,2,2,3,7,0,0,0,1,0,0,0,0,5.7453E+20,5.93654E+21,1.01255E+16,5.35725E+16
96468,96469,2,5,18,526,2016,6,9,4,3,5,3,0,0,1,1,0,0,0,0,5.74552E+20,5.94003E+21,1.01267E+16,5.36038E+16
96469,96470,2,3,2,312,2016,6,14,4,3,3,7,0,0,1,1,0,0,0,0,5.65927E+20,5.93596E+21,9.99551E+15,5.35684E+16
96470,96471,2,1,8,125,2016,6,20,6,3,8,7,0,1,0,1,0,0,0,0,5.70056E+20,5.9345E+21,1.00575E+16,5.35547E+16
96471,96472,2,1,8,122,2016,6,13,5,2,2,6,0,0,0,1,0,0,0,0,5.69414E+20,5.93457E+21,1.00478E+16,5.35554E+16
96472,96473,2,1,3,108,2016,6,17,5,2,2,6,0,1,0,1,0,1,0,0,5.65895E+20,5.93475E+21,9.99477E+15,5.35575E+16
96473,96474,2,5,11,519,2016,6,21,5,3,5,3,0,0,1,1,0,0,0,0,5.70451E+20,5.94469E+21,1.00658E+16,5.36462E+16
96474,96475,2,5,2,507,2016,6,13,2,3,1,5,0,0,0,1,0,0,0,0,5.71261E+20,5.93716E+21,1.00763E+16,5.35785E+16
96475,96476,2,3,9,321,2016,6,10,4,3,1,7,0,0,1,1,0,0,0,0,5.61212E+20,5.93838E+21,9.92479E+15,5.35907E+16
96476,96477,2,1,7,119,2016,6,5,5,3,3,6,0,0,0,1,0,0,0,0,5.68575E+20,5.93415E+21,1.00351E+16,5.35518E+16
96477,96478,2,2,4,211,2016,6,12,2,3,4,6,0,0,0,1,0,0,0,0,5.61235E+20,5.93448E+21,9.92438E+15,5.35556E+16
96478,96479,2,1,12,130,2016,7,17,6,3,3,6,0,1,0,1,0,1,0,0,5.72922E+20,5.93289E+21,1.01004E+16,5.35399E+16
96479,96480,2,5,6,514,2016,6,16,2,3,5,3,0,0,1,1,0,0,0,0,5.73873E+20,5.93998E+21,1.01164E+16,5.36034E+16
96480,96481,2,4,5,409,2016,6,15,5,3,5,3,0,0,1,1,0,0,0,0,5.67107E+20,5.93882E+21,1.00139E+16,5.35939E+16
96481,96482,2,1,6,118,2016,6,11,5,3,4,2,0,0,0,1,0,1,0,0,5.68945E+20,5.93357E+21,1.00405E+16,5.35465E+16