FID,OBJECTID,ULAND,UREGBEZ,UKREIS,UGEMEINDE,UJAHR,UMONAT,USTUNDE,UWOCHENTAG,UKATEGORIE,UART,UTYP1,ULICHTVERH,IstStrasse,IstRad,IstPKW,IstFuss,IstKrad,IstGkfz,IstSonstig,LINREFX,LINREFY,XGCSWGS84,YGCSWGS84
96662,96663,2,5,18,526,2016,6,7,3,3,0,3,0,0,1,1,0,0,0,0,5.75054E+20,5.94184E+21,1.01347E+16,5.362E+16
96663,96664,2,1,5,114,2016,6,20,1,3,5,3,0,0,1,1,0,0,0,0,5.66378E+20,5.9347E+21,1.0002E+16,5.3557E+16
96664,96665,2,1,11,129,2016,7,17,6,3,1,5,0,1,1,1,0,0,0,0,5.72582E+20,5.93379E+21,1.00955E+16,5.3548E+16
96665,96666,2,1,12,130,2016,6,11,1,3,5,3,0,1,0,1,0,0,0,0,5.73892E+20,5.93268E+21,1.0115E+16,5.35378E+16
96666,96667,2,4,5,408,2016,6,8,6,3,5,3,0,0,0,1,0,0,0,0,5.67822E+20,5.93998E+21,1.0025E+16,5.36043E+16
96667,96668,2,2,5,217,2016,6,10,6,3,6,4,0,1,0,1,1,0,0,0,5.59496E+20,5.9386E+21,9.89891E+15,5.35928E+16
96668,96669,2,4,5,413,2016,7,8,6,3,0,7,0,0,1,1,0,0,0,0,5.66E+20,5.93773E+21,9.99698E+15,5.35842E+16
96669,96670,2,1,12,130,2016,6,14,1,3,0,7,0,1,0,1,0,1,0,0,5.7471E+20,5.9329E+21,1.01274E+16,5.35397E+16
96670,96671,2,1,4,111,2016,7,23,7,3,6,4,2,1,0,0,1,1,0,0,5.63756E+20,5.93401E+21,9.96233E+15,5.35511E+16
96671,96672,2,5,1,501,2016,6,17,6,2,6,4,0,1,0,1,1,0,0,0,5.68806E+20,5.93576E+21,1.00389E+16,5.35662E+16
96672,96673,2,1,17,138,2016,6,22,1,3,0,7,2,0,1,0,0,0,0,0,5.64974E+20,5.93127E+21,9.98014E+15,5.35263E+16
96673,96674,2,1,6,117,2016,6,16,1,3,9,1,0,1,0,1,0,0,0,0,5.6811E+20,5.9342E+21,1.00281E+16,5.35522E+16
96674,96675,2,4,10,428,2016,6,15,4,3,5,3,0,0,0,1,0,0,0,1,5.69266E+20,5.93908E+21,1.00466E+16,5.3596E+16
96675,96676,2,5,7,515,2016,6,8,3,3,3,2,0,1,1,1,0,0,0,0,5.71265E+20,5.94144E+21,1.00773E+16,5.36169E+16
96676,96677,2,6,6,607,2016,6,8,2,3,6,4,0,0,0,1,1,0,0,0,5.7734E+20,5.92229E+21,1.01644E+16,5.3444E+16
96677,96678,2,1,16,137,2016,6,10,4,2,2,6,0,0,0,1,0,0,0,0,5.6582E+20,5.92933E+21,9.99249E+15,5.35088E+16
96678,96679,2,3,7,319,2016,6,21,6,3,1,5,0,1,1,1,0,0,0,0,5.61747E+20,5.94279E+21,9.93375E+15,5.36302E+16
96679,96680,2,3,1,307,2016,6,19,5,3,2,6,0,0,0,1,0,0,0,0,5.63296E+20,5.93612E+21,9.95581E+15,5.35702E+16
96680,96681,2,5,11,519,2016,7,15,1,3,5,3,0,1,0,1,0,1,0,0,5.71398E+20,5.94653E+21,1.00805E+16,5.36627E+16
96681,96682,2,1,11,128,2016,6,8,4,3,4,2,0,0,0,1,0,0,0,1,5.71787E+20,5.93357E+21,1.00834E+16,5.35461E+16
96682,96683,2,6,2,603,2016,6,15,1,3,5,3,0,0,1,1,0,0,0,0,5.81419E+20,5.92668E+21,1.0227E+16,5.34828E+16
96683,96684,2,5,2,505,2016,6,15,3,3,5,3,0,0,1,1,0,0,0,0,5.70434E+20,5.93657E+21,1.00637E+16,5.35732E+16
96684,96685,2,1,6,115,2016,6,8,7,3,3,2,0,1,0,1,0,0,0,0,5.67223E+20,5.9338E+21,1.00146E+16,5.35487E+16
96685,96686,2,1,14,132,2016,7,15,6,3,3,6,0,0,0,1,0,0,1,0,5.69467E+20,5.93294E+21,1.00483E+16,5.35408E+16
96686,96687,2,2,10,222,2016,7,14,2,3,5,3,0,0,1,1,0,0,0,0,5.55973E+20,5.93383E+21,9.84483E+15,5.35504E+16
96687,96688,2,5,2,509,2016,6,20,1,3,5,3,0,0,0,1,0,0,0,0,5.71576E+20,5.9388E+21,1.00814E+16,5.35931E+16
96688,96689,2,5,1,504,2016,6,13,6,2,1,1,0,1,0,1,0,0,1,0,5.70033E+20,5.93576E+21,1.00574E+16,5.3566E+16
96689,96690,2,3,7,319,2016,6,12,6,3,5,3,0,0,1,1,0,0,0,0,5.61465E+20,5.94268E+21,9.92947E+15,5.36293E+16
96690,96691,2,2,8,220,2016,7,17,6,3,5,3,0,1,1,1,0,0,0,0,5.58305E+20,5.93949E+21,9.88108E+15,5.3601E+16
96691,96692,2,1,8,123,2016,6,10,5,2,5,2,0,0,0,1,0,0,0,0,5.70025E+20,5.93558E+21,1.00573E+16,5.35644E+16
96692,96693,2,5,7,515,2016,6,17,3,3,2,6,0,1,0,1,0,0,0,0,5.72053E+20,5.9404E+21,1.0089E+16,5.36074E+16
96693,96694,2,5,6,514,2016,6,16,2,3,5,3,0,0,1,1,0,0,0,0,5.73946E+20,5.94245E+21,1.01181E+16,5.36256E+16
96694,96695,2,1,7,119,2016,6,18,4,3,6,4,0,0,0,1,1,0,0,0,5.68205E+20,5.93424E+21,1.00295E+16,5.35526E+16
96695,96696,2,1,12,130,2016,6,17,1,3,5,7,0,0,0,1,0,0,0,0,5.75726E+20,5.93332E+21,1.01428E+16,5.35433E+16
96696,96697,2,4,5,409,2016,6,12,3,3,3,6,0,0,0,1,0,0,0,1,5.66197E+20,5.93844E+21,1.00001E+16,5.35906E+16
96697,96698,2,5,2,506,2016,6,12,3,3,5,3,0,0,1,1,0,0,0,0,5.71002E+20,5.93734E+21,1.00724E+16,5.35801E+16
96698,96699,2,2,1,205,2016,6,1,5,3,0,1,2,0,1,0,0,0,0,0,5.63476E+20,5.93462E+21,9.95823E+15,5.35566E+16
96699,96700,2,1,12,130,2016,7,15,7,3,2,6,0,1,0,1,0,0,0,0,5.74495E+20,5.93277E+21,1.01241E+16,5.35386E+16
96700,96701,2,5,14,522,2016,6,8,3,3,0,7,0,0,1,0,0,0,0,0,5.7298E+20,5.9519E+21,1.01057E+16,5.37107E+16
96701,96702,2,5,10,518,2016,6,14,2,2,5,3,0,0,1,1,0,0,0,0,5.74007E+20,5.94445E+21,1.01195E+16,5.36436E+16
96702,96703,2,1,7,119,2016,6,17,4,3,2,6,0,0,0,1,0,0,1,0,5.68424E+20,5.93441E+21,1.00329E+16,5.35541E+16
96703,96704,2,4,4,407,2016,6,12,3,3,5,3,0,0,0,1,0,0,0,0,5.67468E+20,5.94105E+21,1.00199E+16,5.36139E+16
96704,96705,2,1,3,108,2016,6,7,5,3,4,6,0,0,1,0,0,0,0,0,5.65799E+20,5.93423E+21,9.99321E+15,5.35528E+16
96705,96706,2,7,7,708,2016,7,12,7,3,0,7,0,0,0,1,1,0,0,0,5.6519E+20,5.91968E+21,9.981E+15,5.34222E+16
96706,96707,2,1,8,123,2016,6,19,1,3,6,3,0,0,1,0,1,0,0,0,5.70693E+20,5.93439E+21,1.00671E+16,5.35536E+16
96707,96708,2,4,13,432,2016,6,8,3,3,0,1,0,1,0,0,0,1,0,0,5.66807E+20,5.94492E+21,1.00107E+16,5.36488E+16
96708,96709,2,1,5,114,2016,7,14,2,3,0,7,0,0,0,1,0,0,0,1,5.66841E+20,5.93417E+21,1.00089E+16,5.35522E+16
96709,96710,2,2,4,212,2016,6,4,1,2,1,5,1,1,0,1,0,1,0,0,5.60664E+20,5.93371E+21,9.91561E+15,5.35487E+16
96710,96711,2,4,7,416,2016,6,12,6,3,6,7,0,0,0,1,1,0,0,0,5.67907E+20,5.9352E+21,1.00252E+16,5.35613E+16
96711,96712,2,4,13,432,2016,6,20,3,3,5,2,0,0,1,1,0,0,0,0,5.66396E+20,5.94587E+21,1.00047E+16,5.36574E+16
96712,96713,2,3,1,305,2016,6,14,6,3,1,5,0,0,1,1,0,0,0,0,5.63113E+20,5.937E+21,9.95323E+15,5.3578E+16
96713,96714,2,1,5,113,2016,7,12,6,3,0,5,0,0,1,1,0,0,0,0,5.67242E+20,5.93516E+21,1.00152E+16,5.3561E+16
96714,96715,2,4,5,408,2016,6,14,5,3,5,2,0,0,1,1,0,0,0,0,5.67963E+20,5.9402E+21,1.00272E+16,5.36062E+16
96715,96716,2,4,13,432,2016,6,16,3,3,2,6,0,0,0,1,0,0,0,0,5.67807E+20,5.94738E+21,1.00264E+16,5.36708E+16
96716,96717,2,5,16,524,2016,6,14,2,3,1,6,0,0,1,1,0,0,0,0,5.75952E+20,5.94656E+21,1.01494E+16,5.36623E+16
96717,96718,2,1,6,115,2016,6,14,4,3,5,3,0,0,1,1,0,0,0,0,5.67351E+20,5.9338E+21,1.00165E+16,5.35487E+16
96718,96719,2,5,10,518,2016,6,14,1,3,4,2,0,0,0,1,0,0,0,0,5.73149E+20,5.94555E+21,1.01068E+16,5.36536E+16
96719,96720,2,4,6,415,2016,6,14,3,3,5,3,0,0,1,1,0,0,0,0,5.68333E+20,5.93646E+21,1.00319E+16,5.35726E+16
96720,96721,2,4,5,413,2016,6,20,3,3,5,3,0,0,1,1,0,0,0,0,5.66501E+20,5.93777E+21,1.00046E+16,5.35846E+16
96721,96722,2,1,5,114,2016,6,21,5,3,6,4,2,0,0,1,1,0,0,0,5.6672E+20,5.9346E+21,1.00072E+16,5.3556E+16
96722,96723,2,4,13,432,2016,7,14,7,3,3,6,0,0,0,1,0,0,0,0,5.67667E+20,5.94679E+21,1.00241E+16,5.36654E+16
96723,96724,2,4,8,423,2016,6,11,6,3,0,6,0,1,1,0,0,0,0,0,5.68799E+20,5.93709E+21,1.00391E+16,5.35782E+16
96724,96725,2,4,10,429,2016,6,14,7,3,8,5,0,1,0,1,0,1,0,0,5.69056E+20,5.93979E+21,1.00436E+16,5.36024E+16
96725,96726,2,5,7,515,2016,7,21,1,3,5,2,0,0,1,1,0,1,0,0,5.72669E+20,5.94265E+21,1.00989E+16,5.36276E+16
96726,96727,2,2,3,210,2016,6,13,1,3,9,4,0,1,0,1,1,0,0,0,5.61902E+20,5.93448E+21,9.93445E+15,5.35556E+16
96727,96728,2,3,8,320,2016,6,11,4,3,2,6,0,0,0,1,0,0,0,0,5.594E+20,5.93997E+21,9.89773E+15,5.36052E+16
96728,96729,2,3,8,320,2016,6,17,1,3,1,7,0,0,1,1,0,0,0,0,5.59023E+20,5.94103E+21,9.89222E+15,5.36147E+16
96729,96730,2,4,5,411,2016,6,8,3,3,2,6,0,0,0,1,0,0,0,0,5.68176E+20,5.93798E+21,1.00299E+16,5.35862E+16
96730,96731,2,4,6,415,2016,6,7,6,3,0,6,0,0,0,1,0,1,0,0,5.68003E+20,5.93602E+21,1.00269E+16,5.35686E+16
96731,96732,2,5,11,519,2016,6,0,7,3,8,5,2,1,0,1,0,0,0,0,5.71528E+20,5.94627E+21,1.00824E+16,5.36603E+16
96732,96733,2,6,2,602,2016,7,0,1,2,1,5,2,1,0,1,0,1,0,0,5.80642E+20,5.92721E+21,1.02154E+16,5.34877E+16
96733,96734,2,3,2,312,2016,6,14,1,2,0,7,0,1,0,0,0,1,0,0,5.65923E+20,5.93486E+21,9.99521E+15,5.35585E+16
96734,96735,2,2,7,219,2016,6,8,4,3,2,6,0,1,0,1,0,0,0,0,5.58341E+20,5.93343E+21,9.88049E+15,5.35466E+16
96735,96736,2,4,8,423,2016,6,16,6,3,4,2,0,1,1,1,0,0,0,0,5.69298E+20,5.93718E+21,1.00467E+16,5.35789E+16
96736,96737,2,5,1,501,2016,6,19,3,3,5,3,0,1,0,1,0,0,0,1,5.69082E+20,5.93547E+21,1.0043E+16,5.35636E+16
96737,96738,2,4,2,403,2016,6,13,6,3,4,2,0,0,1,1,0,0,0,0,5.6458E+20,5.93822E+21,9.97564E+15,5.35888E+16
96738,96739,2,2,5,215,2016,6,16,5,3,5,3,0,0,1,1,0,0,0,0,5.60784E+20,5.93717E+21,9.91809E+15,5.35798E+16
96739,96740,2,3,2,311,2016,6,14,7,3,0,7,0,0,0,0,0,1,0,0,5.64781E+20,5.93636E+21,9.97829E+15,5.35721E+16
96740,96741,2,1,6,115,2016,6,10,4,3,9,1,0,0,0,1,0,0,0,0,5.67363E+20,5.93346E+21,1.00166E+16,5.35457E+16
96741,96742,2,4,2,403,2016,6,20,1,3,6,2,0,0,0,1,1,0,0,0,5.64554E+20,5.9382E+21,9.97524E+15,5.35886E+16
96742,96743,2,4,7,416,2016,6,6,3,3,2,6,0,1,0,1,0,0,0,0,5.67311E+20,5.93529E+21,1.00163E+16,5.35622E+16
96743,96744,2,1,5,113,2016,6,16,5,3,1,6,0,0,0,1,0,0,0,0,5.67393E+20,5.93459E+21,1.00173E+16,5.35558E+16
96744,96745,2,5,1,501,2016,7,12,7,3,0,2,0,0,0,1,0,0,0,0,5.68903E+20,5.93621E+21,1.00405E+16,5.35702E+16
96745,96746,2,4,7,416,2016,6,19,6,3,5,3,0,1,1,1,0,0,0,0,5.67307E+20,5.93525E+21,1.00162E+16,5.35618E+16
96746,96747,2,5,12,520,2016,6,11,7,3,9,1,0,1,0,1,0,0,0,0,5.69649E+20,5.94468E+21,1.00536E+16,5.36463E+16
96747,96748,2,3,1,309,2016,6,17,1,3,5,3,0,1,1,1,0,0,0,0,5.64078E+20,5.93572E+21,9.96755E+15,5.35664E+16
96748,96749,2,2,8,220,2016,6,7,4,3,5,3,0,0,1,1,0,0,0,0,5.58836E+20,5.93949E+21,9.88911E+15,5.36009E+16
96749,96750,2,4,6,414,2016,6,11,3,3,6,4,0,0,0,0,1,0,0,1,5.67142E+20,5.93709E+21,1.00141E+16,5.35784E+16
96750,96751,2,2,3,210,2016,6,10,6,3,4,2,0,1,0,1,0,0,0,0,5.62876E+20,5.93484E+21,9.94921E+15,5.35587E+16
96751,96752,2,1,16,137,2016,6,19,4,3,3,6,0,0,0,0,0,1,0,1,5.64853E+20,5.92976E+21,9.978E+15,5.35128E+16
96752,96753,2,5,3,510,2016,6,16,4,3,3,6,0,0,0,1,0,0,1,0,5.71397E+20,5.93562E+21,1.0078E+16,5.35646E+16
96753,96754,2,2,4,212,2016,6,16,1,3,2,6,0,0,0,1,0,0,0,0,5.6087E+20,5.9346E+21,9.91888E+15,5.35567E+16
96754,96755,2,4,7,416,2016,6,13,3,3,2,6,0,0,0,1,0,0,0,0,5.67443E+20,5.93557E+21,1.00183E+16,5.35647E+16
96755,96756,2,3,3,314,2016,6,12,6,3,2,6,0,0,0,1,0,0,0,0,5.65433E+20,5.93763E+21,9.9884E+15,5.35835E+16
96756,96757,2,5,7,515,2016,6,16,4,2,6,4,0,0,0,1,1,0,0,0,5.71498E+20,5.93968E+21,1.00805E+16,5.36011E+16
96757,96758,2,2,8,220,2016,6,16,3,3,1,7,0,0,0,1,0,0,0,0,5.58716E+20,5.9393E+21,9.88726E+15,5.35992E+16
96758,96759,2,1,11,129,2016,6,11,4,3,4,2,0,0,0,1,0,0,0,0,5.71833E+20,5.93454E+21,1.00843E+16,5.35548E+16
96759,96760,2,5,11,519,2016,6,9,7,3,0,5,0,1,0,1,0,0,0,1,5.71112E+20,5.94648E+21,1.00762E+16,5.36622E+16
96760,96761,2,7,10,711,2016,7,15,7,3,4,2,0,0,0,1,0,0,0,0,5.62015E+20,5.92572E+21,9.93441E+15,5.34768E+16
96761,96762,2,2,14,227,2016,6,15,6,3,2,6,0,0,0,1,0,0,0,0,5.50612E+20,5.93671E+21,9.7644E+15,5.35768E+16
96762,96763,2,4,10,427,2016,6,15,7,3,2,6,0,1,0,1,0,0,0,0,5.68377E+20,5.93844E+21,1.0033E+16,5.35903E+16
96763,96764,2,3,3,314,2016,6,11,6,3,6,2,0,0,0,1,1,0,0,0,5.65791E+20,5.93701E+21,9.99367E+15,5.35778E+16
96764,96765,2,5,9,517,2016,7,19,6,3,4,7,0,0,0,1,0,1,0,0,5.72615E+20,5.94379E+21,1.00983E+16,5.36378E+16
96765,96766,2,1,4,111,2016,6,2,1,3,1,5,2,1,0,1,0,1,0,0,5.63888E+20,5.93386E+21,9.96429E+15,5.35497E+16
96766,96767,2,4,8,421,2016,6,21,3,3,9,7,0,1,0,1,0,0,0,0,5.69137E+20,5.93755E+21,1.00443E+16,5.35822E+16
96767,96768,2,4,13,432,2016,6,16,2,3,4,6,0,0,1,0,0,0,0,0,5.65782E+20,5.94673E+21,9.99559E+15,5.36652E+16
96768,96769,2,5,8,516,2016,6,20,4,3,2,6,0,0,0,1,0,0,0,0,5.69098E+20,5.94044E+21,1.00444E+16,5.36083E+16
96769,96770,2,4,8,421,2016,6,14,3,3,2,6,0,0,0,1,0,0,0,1,5.68358E+20,5.93746E+21,1.00325E+16,5.35815E+16
96770,96771,2,5,4,512,2016,6,18,4,3,5,3,0,0,1,1,0,0,0,0,5.74433E+20,5.93629E+21,1.0124E+16,5.35702E+16
96771,96772,2,4,7,416,2016,7,0,1,3,2,6,2,1,0,1,0,0,0,0,5.67523E+20,5.9351E+21,1.00194E+16,5.35605E+16
96772,96773,2,5,16,524,2016,6,15,4,3,2,6,0,0,0,1,0,0,0,0,5.7438E+20,5.94755E+21,1.01259E+16,5.36714E+16
96773,96774,2,1,18,139,2016,6,14,1,3,0,7,0,0,1,0,0,0,0,0,5.64486E+20,5.93141E+21,9.9728E+15,5.35277E+16
96774,96775,2,3,7,319,2016,6,18,3,3,0,7,0,0,0,0,0,1,0,1,5.60337E+20,5.94297E+21,9.91246E+15,5.36321E+16
96775,96776,2,5,5,513,2016,7,11,6,3,4,2,0,0,0,1,0,0,0,0,5.74459E+20,5.93807E+21,1.01248E+16,5.35862E+16
96776,96777,2,3,7,319,2016,7,7,2,3,3,2,0,0,1,1,0,0,0,0,5.61059E+20,5.94292E+21,9.92337E+15,5.36315E+16
96777,96778,2,6,2,602,2016,6,18,7,3,3,6,0,0,1,1,0,0,0,0,5.79548E+20,5.92733E+21,1.01989E+16,5.34889E+16
96778,96779,2,3,1,308,2016,6,12,6,3,2,2,0,1,1,1,0,0,1,0,5.6342E+20,5.93613E+21,9.9577E+15,5.35702E+16
96779,96780,2,3,5,317,2016,6,12,3,3,3,6,0,0,1,0,0,0,1,0,5.63312E+20,5.93747E+21,9.95633E+15,5.35823E+16
96780,96781,2,4,5,410,2016,6,12,7,3,3,7,0,1,0,0,0,1,0,1,5.66688E+20,5.93802E+21,1.00074E+16,5.35867E+16
96781,96782,2,1,12,130,2016,7,13,6,3,2,2,0,1,0,1,0,0,0,0,5.75564E+20,5.93324E+21,1.01403E+16,5.35426E+16
96782,96783,2,6,1,601,2016,6,21,7,3,5,3,0,0,0,1,0,0,0,0,5.78608E+20,5.92949E+21,1.01853E+16,5.35085E+16
96783,96784,2,3,1,308,2016,6,11,6,3,5,3,0,1,1,1,0,0,0,0,5.63786E+20,5.9365E+21,9.96329E+15,5.35735E+16
96784,96785,2,3,2,311,2016,6,1,6,3,5,3,2,0,0,1,0,0,0,0,5.6474E+20,5.93549E+21,9.97749E+15,5.35643E+16
96785,96786,2,3,8,320,2016,7,8,6,3,5,3,0,0,1,1,0,0,0,0,5.59077E+20,5.94104E+21,9.89304E+15,5.36148E+16
96786,96787,2,5,4,512,2016,6,16,7,2,6,4,0,0,0,1,1,0,0,0,5.75239E+20,5.93639E+21,1.01362E+16,5.3571E+16
96787,96788,2,6,1,601,2016,6,12,5,3,5,3,0,0,1,1,0,0,0,0,5.80258E+20,5.9283E+21,1.02099E+16,5.34976E+16
96788,96789,2,3,9,321,2016,6,15,3,3,3,7,0,1,0,1,0,0,0,0,5.61587E+20,5.93839E+21,9.93046E+15,5.35907E+16
96789,96790,2,4,3,406,2016,6,5,2,2,4,2,0,0,0,1,0,0,0,0,5.666E+20,5.94205E+21,1.0007E+16,5.3623E+16
96790,96791,2,4,13,432,2016,6,13,4,3,5,3,0,0,1,1,0,0,0,0,5.68044E+20,5.94813E+21,1.00301E+16,5.36775E+16
96791,96792,2,7,1,702,2016,6,11,7,3,5,3,0,0,1,1,0,0,0,0,5.65098E+20,5.92433E+21,9.98057E+15,5.3464E+16
96792,96793,2,4,10,428,2016,6,16,3,3,5,3,0,0,1,1,0,0,0,0,5.6872E+20,5.9387E+21,1.00383E+16,5.35926E+16
96793,96794,2,5,18,526,2016,6,5,4,3,5,3,0,0,1,1,0,0,0,0,5.76325E+20,5.93936E+21,1.01533E+16,5.35975E+16
96794,96795,2,1,16,137,2016,7,9,7,3,1,6,0,1,0,1,0,0,0,0,5.6612E+20,5.92828E+21,9.9968E+15,5.34993E+16
96795,96796,2,1,6,116,2016,6,16,7,3,2,6,0,0,0,1,0,0,0,0,5.67433E+20,5.9339E+21,1.00178E+16,5.35496E+16
96796,96797,2,3,1,309,2016,6,20,3,3,1,6,0,0,0,1,0,0,0,0,5.63973E+20,5.93562E+21,9.96594E+15,5.35656E+16
96797,96798,2,3,3,314,2016,6,21,6,3,5,2,0,0,0,1,0,0,0,0,5.65812E+20,5.93723E+21,9.99403E+15,5.35798E+16
96798,96799,2,4,10,426,2016,6,17,7,3,5,3,0,1,0,1,0,0,0,0,5.69722E+20,5.93871E+21,1.00534E+16,5.35926E+16
96799,96800,2,7,10,711,2016,7,15,2,3,2,6,0,0,0,1,0,0,0,1,5.64694E+20,5.92475E+21,9.97457E+15,5.34677E+16
96800,96801,2,3,3,313,2016,6,13,4,3,5,3,0,0,1,1,0,0,0,0,5.6542E+20,5.93643E+21,9.98795E+15,5.35727E+16
96801,96802,2,1,4,112,2016,6,0,6,3,5,3,2,1,1,0,0,0,0,0,5.63502E+20,5.93384E+21,9.95846E+15,5.35496E+16
96802,96803,2,2,5,215,2016,6,12,3,2,0,3,0,0,1,0,0,0,1,0,5.60582E+20,5.93747E+21,9.9151E+15,5.35826E+16
96803,96804,2,1,5,113,2016,6,19,6,3,3,2,0,1,1,1,0,0,0,0,5.67441E+20,5.93463E+21,1.00181E+16,5.35562E+16
96804,96805,2,1,20,141,2016,6,14,5,3,5,3,0,0,0,1,0,1,0,0,5.56138E+20,5.93238E+21,9.84706E+15,5.35374E+16
96805,96806,2,3,8,320,2016,6,21,5,3,3,6,2,0,0,1,0,0,0,0,5.59893E+20,5.94031E+21,9.90524E+15,5.36082E+16
96806,96807,2,1,1,102,2016,6,19,7,3,3,2,0,0,1,1,0,0,0,0,5.6605E+20,5.93365E+21,9.99687E+15,5.35476E+16
96807,96808,2,1,5,113,2016,7,19,2,3,2,6,0,0,0,1,0,0,0,0,5.66815E+20,5.93495E+21,1.00087E+16,5.35592E+16
96808,96809,2,3,1,310,2016,7,19,4,3,5,2,0,0,1,1,0,0,0,0,5.63579E+20,5.93541E+21,9.95993E+15,5.35637E+16
96809,96810,2,3,4,315,2016,7,10,3,3,1,5,0,0,1,1,0,0,0,0,5.64025E+20,5.93721E+21,9.96704E+15,5.35798E+16
96810,96811,2,2,8,220,2016,7,10,5,3,6,2,0,0,0,1,1,0,0,0,5.57974E+20,5.93811E+21,9.87584E+15,5.35886E+16
96811,96812,2,3,5,317,2016,7,11,6,3,5,3,0,0,1,0,0,0,0,1,5.63726E+20,5.93985E+21,9.96307E+15,5.36036E+16
96812,96813,2,3,2,312,2016,7,16,7,3,2,6,0,0,0,1,0,0,0,0,5.65476E+20,5.93526E+21,9.98855E+15,5.35621E+16
96813,96814,2,2,9,221,2016,7,18,5,3,1,1,0,1,1,0,0,0,0,1,5.56011E+20,5.93596E+21,9.84578E+15,5.35695E+16
96814,96815,2,5,10,518,2016,7,11,7,3,4,2,0,0,0,1,0,0,0,0,5.72848E+20,5.94484E+21,1.01021E+16,5.36473E+16
96815,96816,2,1,8,126,2016,7,19,3,3,2,6,0,1,0,1,0,0,0,0,5.69407E+20,5.93404E+21,1.00476E+16,5.35507E+16
96816,96817,2,6,14,615,2016,7,7,6,3,5,3,0,1,0,1,0,0,0,1,5.76417E+20,5.92655E+21,1.01516E+16,5.34824E+16
96817,96818,2,4,9,425,2016,7,17,5,3,5,3,0,0,0,1,0,0,0,0,5.70746E+20,5.93742E+21,1.00686E+16,5.35809E+16
96818,96819,2,1,5,114,2016,7,17,5,3,3,5,0,0,1,1,0,0,0,0,5.66885E+20,5.93463E+21,1.00097E+16,5.35563E+16
96819,96820,2,3,1,310,2016,7,16,2,3,2,2,0,0,1,1,0,0,0,0,5.63493E+20,5.93563E+21,9.95868E+15,5.35657E+16
96820,96821,2,4,11,430,2016,7,20,3,3,2,6,0,0,0,1,0,0,0,0,5.68575E+20,5.94093E+21,1.00366E+16,5.36127E+16
96821,96822,2,4,5,408,2016,7,7,4,2,3,7,0,0,0,1,0,1,0,0,5.65771E+20,5.93951E+21,9.9939E+15,5.36003E+16
96822,96823,2,5,6,514,2016,7,15,3,3,4,2,0,0,0,1,0,1,0,0,5.73314E+20,5.94081E+21,1.01082E+16,5.3611E+16
96823,96824,2,1,19,140,2016,7,20,1,2,8,1,0,1,0,0,0,1,0,0,5.60035E+20,5.9298E+21,9.90536E+15,5.35137E+16
96824,96825,2,2,1,202,2016,7,23,5,3,0,1,2,0,0,0,0,1,0,0,5.62413E+20,5.93361E+21,9.94198E+15,5.35477E+16
96825,96826,2,5,11,519,2016,8,12,3,3,5,3,0,0,1,1,0,0,0,0,5.71689E+20,5.94589E+21,1.00848E+16,5.36568E+16
96826,96827,2,1,15,134,2016,7,21,6,3,5,3,2,1,0,1,0,0,0,0,5.67893E+20,5.93149E+21,1.00242E+16,5.3528E+16
96827,96828,2,1,16,136,2016,7,20,1,3,2,6,0,0,0,1,0,0,0,0,5.67548E+20,5.92742E+21,1.00181E+16,5.34914E+16
96828,96829,2,5,2,508,2016,7,13,2,3,5,3,0,0,0,1,0,0,0,0,5.72928E+20,5.93773E+21,1.01016E+16,5.35833E+16
96829,96830,2,4,5,408,2016,7,7,2,2,4,2,0,0,0,1,0,1,0,0,5.67084E+20,5.9395E+21,1.00137E+16,5.36E+16
96830,96831,2,1,4,112,2016,7,23,7,3,2,6,2,1,0,1,0,0,0,0,5.63656E+20,5.93348E+21,9.96071E+15,5.35463E+16
96831,96832,2,3,1,305,2016,7,14,5,3,0,7,0,1,0,1,0,1,0,0,5.63379E+20,5.93705E+21,9.95725E+15,5.35784E+16
96832,96833,2,5,6,514,2016,7,17,3,2,5,2,0,0,0,1,0,1,0,0,5.7372E+20,5.93971E+21,1.0114E+16,5.3601E+16
96833,96834,2,6,9,610,2016,7,16,6,3,4,2,0,0,0,1,0,0,0,0,5.74033E+20,5.92715E+21,1.01158E+16,5.34881E+16
96834,96835,2,5,7,515,2016,7,16,3,3,1,7,0,0,0,1,0,0,0,0,5.70617E+20,5.94039E+21,1.00673E+16,5.36075E+16
96835,96836,2,3,1,307,2016,7,9,5,3,5,2,0,0,1,1,0,0,0,0,5.63071E+20,5.93581E+21,9.95235E+15,5.35674E+16
96836,96837,2,1,13,131,2016,7,20,4,3,3,6,0,0,0,1,0,0,0,0,5.72686E+20,5.93214E+21,1.00967E+16,5.35331E+16
96837,96838,2,3,5,317,2016,7,7,2,3,1,7,0,0,1,1,0,0,0,0,5.63455E+20,5.93936E+21,9.95888E+15,5.35992E+16
96838,96839,2,6,11,612,2016,7,7,1,3,4,6,0,0,0,1,0,0,0,1,5.71674E+20,5.92887E+21,1.00806E+16,5.35039E+16
96839,96840,2,5,11,519,2016,7,18,3,3,5,3,0,0,1,1,0,0,0,0,5.71642E+20,5.94629E+21,1.00842E+16,5.36604E+16
96840,96841,2,1,6,115,2016,7,8,6,3,3,2,0,1,0,1,0,0,0,0,5.67123E+20,5.93353E+21,1.0013E+16,5.35464E+16
96841,96842,2,4,8,422,2016,7,20,5,3,3,7,0,0,1,1,0,0,0,0,5.68772E+20,5.93646E+21,1.00386E+16,5.35725E+16