FID,OBJECTID,ULAND,UREGBEZ,UKREIS,UGEMEINDE,UJAHR,UMONAT,USTUNDE,UWOCHENTAG,UKATEGORIE,UART,UTYP1,ULICHTVERH,IstStrasse,IstRad,IstPKW,IstFuss,IstKrad,IstGkfz,IstSonstig,LINREFX,LINREFY,XGCSWGS84,YGCSWGS84
96842,96843,2,1,15,134,2016,7,11,4,3,0,1,0,1,0,0,0,1,0,1,5.67779E+20,5.93094E+21,1.00224E+16,5.3523E+16
96843,96844,2,2,1,202,2016,7,20,2,3,2,2,0,0,0,1,0,0,0,0,5.61812E+20,5.93327E+21,9.93284E+15,5.35447E+16
96844,96845,2,1,4,110,2016,8,12,2,3,5,3,0,0,0,1,0,0,0,1,5.63609E+20,5.93384E+21,9.96007E+15,5.35496E+16
96845,96846,2,5,11,519,2016,7,8,3,3,3,2,0,0,1,1,0,0,0,0,5.71089E+20,5.94664E+21,1.00759E+16,5.36637E+16
96846,96847,2,5,7,515,2016,7,15,3,3,5,3,0,1,0,1,0,0,0,0,5.70258E+20,5.93904E+21,1.00616E+16,5.35955E+16
96847,96848,2,1,16,137,2016,7,13,1,3,0,7,0,1,0,0,0,1,0,1,5.6477E+20,5.92961E+21,9.97672E+15,5.35115E+16
96848,96849,2,3,2,312,2016,7,11,5,3,5,3,0,0,1,0,0,1,0,0,5.65617E+20,5.9351E+21,9.99065E+15,5.35607E+16
96849,96850,2,1,4,111,2016,8,9,3,3,5,3,0,0,0,1,0,0,0,0,5.63739E+20,5.93393E+21,9.96206E+15,5.35504E+16
96850,96851,2,4,11,430,2016,7,9,6,3,5,2,0,0,0,0,0,0,0,1,5.68374E+20,5.94175E+21,1.00337E+16,5.36201E+16
96851,96852,2,6,2,603,2016,7,20,1,3,5,3,0,0,0,1,0,0,0,0,5.80227E+20,5.92664E+21,1.0209E+16,5.34826E+16
96852,96853,2,5,18,526,2016,7,18,6,3,1,6,0,0,0,1,0,0,0,0,5.76886E+20,5.9402E+21,1.0162E+16,5.3605E+16
96853,96854,2,1,3,108,2016,7,15,7,2,3,6,0,0,0,1,0,1,0,0,5.65771E+20,5.93471E+21,9.99288E+15,5.35572E+16
96854,96855,2,4,3,406,2016,7,11,5,3,1,5,0,0,0,1,0,0,0,0,5.65561E+20,5.94149E+21,9.99114E+15,5.36181E+16
96855,96856,2,5,18,526,2016,7,20,3,3,5,3,0,0,0,1,0,0,0,0,5.77682E+20,5.94129E+21,1.01743E+16,5.36146E+16
96856,96857,2,4,5,410,2016,7,11,3,3,5,2,0,0,1,1,0,0,0,0,5.66524E+20,5.93808E+21,1.0005E+16,5.35873E+16
96857,96858,2,1,5,113,2016,7,9,5,3,1,6,0,0,0,1,0,0,0,0,5.66888E+20,5.93501E+21,1.00098E+16,5.35597E+16
96858,96859,2,4,5,409,2016,7,9,4,3,2,6,0,0,0,1,0,0,1,0,5.67103E+20,5.93907E+21,1.00139E+16,5.35962E+16
96859,96860,2,3,1,305,2016,7,11,1,3,1,4,0,0,1,1,1,0,0,0,5.63034E+20,5.93691E+21,9.95201E+15,5.35772E+16
96860,96861,2,5,6,514,2016,7,14,1,3,5,3,0,0,0,1,0,0,0,0,5.75451E+20,5.94287E+21,1.0141E+16,5.36292E+16
96861,96862,2,3,8,320,2016,7,18,4,3,5,2,0,0,1,1,0,0,0,0,5.59937E+20,5.94089E+21,9.90601E+15,5.36134E+16
96862,96863,2,5,7,515,2016,7,16,3,3,2,6,0,1,0,1,0,0,0,0,5.71305E+20,5.94107E+21,1.00779E+16,5.36136E+16
96863,96864,2,7,7,708,2016,7,12,4,2,0,7,0,1,0,1,0,1,0,0,5.65202E+20,5.91956E+21,9.98115E+15,5.34211E+16
96864,96865,2,4,12,431,2016,8,10,2,3,5,3,0,0,0,1,0,0,0,0,5.66829E+20,5.94215E+21,1.00104E+16,5.36239E+16
96865,96866,2,2,3,208,2016,7,20,6,3,5,2,0,0,1,1,0,0,0,0,5.62872E+20,5.93532E+21,9.94925E+15,5.3563E+16
96866,96867,2,1,17,138,2016,7,18,7,3,5,3,0,0,0,1,0,0,0,0,5.65358E+20,5.93134E+21,9.98595E+15,5.35269E+16
96867,96868,2,5,10,518,2016,7,11,7,3,4,6,0,0,1,0,0,0,0,0,5.73602E+20,5.94551E+21,1.01136E+16,5.36532E+16
96868,96869,2,4,10,429,2016,7,16,6,3,1,6,0,0,0,1,0,0,0,0,5.68436E+20,5.94022E+21,1.00343E+16,5.36063E+16
96869,96870,2,5,10,518,2016,7,15,3,3,5,3,0,1,1,1,0,0,0,0,5.73927E+20,5.94442E+21,1.01183E+16,5.36434E+16
96870,96871,2,7,1,702,2016,7,9,4,3,2,6,0,1,0,1,0,0,0,0,5.65602E+20,5.92358E+21,9.98801E+15,5.34572E+16
96871,96872,2,1,12,130,2016,8,16,2,3,6,4,0,0,0,1,1,0,0,0,5.73434E+20,5.93516E+21,1.01086E+16,5.35602E+16
96872,96873,2,7,7,708,2016,7,16,6,3,5,3,0,0,0,1,0,1,0,0,5.65193E+20,5.91966E+21,9.98104E+15,5.3422E+16
96873,96874,2,5,2,509,2016,7,15,1,3,6,3,0,0,0,1,1,0,0,0,5.72435E+20,5.93899E+21,1.00945E+16,5.35947E+16
96874,96875,2,5,11,519,2016,7,5,6,3,6,2,0,1,0,1,1,0,0,0,5.71214E+20,5.94548E+21,1.00775E+16,5.36532E+16
96875,96876,2,5,10,518,2016,7,21,2,3,8,1,2,0,0,1,0,0,0,0,5.75101E+20,5.94488E+21,1.01361E+16,5.36473E+16
96876,96877,2,1,15,134,2016,7,15,6,2,4,6,0,1,0,0,0,0,0,1,5.67779E+20,5.93094E+21,1.00224E+16,5.3523E+16
96877,96878,2,2,1,202,2016,7,19,5,3,0,7,0,1,0,1,0,0,0,0,5.62374E+20,5.93326E+21,9.94132E+15,5.35446E+16
96878,96879,2,5,3,511,2016,7,16,3,3,2,6,0,0,0,1,0,0,0,0,5.73198E+20,5.93636E+21,1.01054E+16,5.3571E+16
96879,96880,2,3,8,320,2016,7,15,3,3,5,2,0,0,0,1,0,1,0,0,5.60119E+20,5.93846E+21,9.9083E+15,5.35915E+16
96880,96881,2,1,11,128,2016,7,12,4,3,1,5,0,0,0,1,0,0,0,1,5.72414E+20,5.9336E+21,1.00929E+16,5.35463E+16
96881,96882,2,5,11,519,2016,7,11,3,3,4,2,0,0,1,1,0,0,0,0,5.72386E+20,5.94582E+21,1.00953E+16,5.36561E+16
96882,96883,2,2,3,210,2016,7,16,2,3,2,6,0,0,1,1,0,0,0,0,5.62158E+20,5.93448E+21,9.93831E+15,5.35556E+16
96883,96884,2,1,12,130,2016,7,10,7,3,4,7,0,0,0,1,0,0,0,0,5.75721E+20,5.93332E+21,1.01427E+16,5.35433E+16
96884,96885,2,5,16,524,2016,7,21,1,3,4,6,2,0,0,1,0,0,0,0,5.74018E+20,5.9488E+21,1.01207E+16,5.36826E+16
96885,96886,2,3,1,303,2016,7,18,4,3,0,6,0,0,1,1,0,0,0,0,5.62807E+20,5.93686E+21,9.94859E+15,5.35768E+16
96886,96887,2,2,7,219,2016,7,18,3,3,3,2,0,0,0,1,0,1,0,0,5.5796E+20,5.93348E+21,9.87475E+15,5.3547E+16
96887,96888,2,1,16,136,2016,7,13,4,2,4,6,0,0,0,1,0,1,0,0,5.67073E+20,5.92701E+21,1.00109E+16,5.34877E+16
96888,96889,2,3,8,320,2016,8,16,2,3,5,3,0,0,1,0,0,0,0,0,5.59477E+20,5.94002E+21,9.8989E+15,5.36056E+16
96889,96890,2,2,4,213,2016,7,15,6,3,0,7,0,0,1,1,0,0,0,0,5.61469E+20,5.93452E+21,9.92791E+15,5.3556E+16
96890,96891,2,1,16,136,2016,7,11,6,3,5,3,0,0,0,1,0,0,0,0,5.67167E+20,5.92822E+21,1.00126E+16,5.34986E+16
96891,96892,2,3,2,311,2016,7,9,5,3,1,3,0,0,0,1,0,0,0,0,5.64956E+20,5.9358E+21,9.98082E+15,5.3567E+16
96892,96893,2,5,10,518,2016,7,11,7,3,5,3,0,0,1,1,0,0,0,0,5.73479E+20,5.94552E+21,1.01118E+16,5.36533E+16
96893,96894,2,4,9,424,2016,7,7,3,3,5,3,0,0,0,1,0,0,0,0,5.70455E+20,5.93717E+21,1.00641E+16,5.35786E+16
96894,96895,2,5,10,518,2016,7,8,6,3,4,2,0,0,1,0,0,0,1,0,5.73211E+20,5.94578E+21,1.01078E+16,5.36557E+16
96895,96896,2,1,16,136,2016,7,21,5,3,5,3,2,1,0,1,0,0,0,0,5.67574E+20,5.92742E+21,1.00185E+16,5.34914E+16
96896,96897,2,1,4,111,2016,7,19,5,3,3,6,0,0,1,1,0,0,0,0,5.63803E+20,5.93402E+21,9.96304E+15,5.35512E+16
96897,96898,2,5,3,510,2016,7,16,3,3,9,1,0,1,0,1,0,0,0,0,5.71313E+20,5.93628E+21,1.00769E+16,5.35706E+16
96898,96899,2,2,1,203,2016,7,11,2,3,6,4,0,0,0,0,1,0,0,1,5.62058E+20,5.93406E+21,9.93671E+15,5.35517E+16
96899,96900,2,2,5,216,2016,7,14,3,3,5,3,0,0,1,1,0,0,0,0,5.60011E+20,5.93516E+21,9.90603E+15,5.35619E+16
96900,96901,2,4,8,423,2016,7,19,4,3,5,2,0,0,1,1,0,0,0,0,5.69468E+20,5.93717E+21,1.00492E+16,5.35788E+16
96901,96902,2,2,7,219,2016,7,11,6,3,1,6,0,0,0,1,0,0,0,0,5.60014E+20,5.93335E+21,9.90573E+15,5.35456E+16
96902,96903,2,1,3,105,2016,7,17,5,3,5,3,0,0,0,1,0,0,0,1,5.64824E+20,5.93324E+21,9.97828E+15,5.35441E+16
96903,96904,2,5,7,515,2016,7,16,3,3,1,6,0,1,0,1,0,0,0,0,5.7053E+20,5.93937E+21,1.00658E+16,5.35984E+16
96904,96905,2,2,4,212,2016,7,13,4,2,5,2,0,0,1,1,0,0,0,0,5.6025E+20,5.93377E+21,9.90937E+15,5.35493E+16
96905,96906,2,5,10,518,2016,7,8,3,3,2,6,0,0,0,1,0,0,0,0,5.73551E+20,5.94612E+21,1.0113E+16,5.36587E+16
96906,96907,2,2,1,202,2016,7,20,2,3,5,7,0,0,0,1,0,0,0,0,5.62533E+20,5.93368E+21,9.94381E+15,5.35483E+16
96907,96908,2,6,14,615,2016,7,19,4,3,5,3,0,0,0,1,0,0,0,0,5.76438E+20,5.92715E+21,1.0152E+16,5.34878E+16
96908,96909,2,7,1,702,2016,8,10,3,2,6,3,0,1,1,0,1,0,0,0,5.64992E+20,5.92399E+21,9.97891E+15,5.34609E+16
96909,96910,2,4,10,427,2016,7,15,7,3,8,5,0,0,0,1,0,1,0,0,5.68945E+20,5.938E+21,1.00415E+16,5.35863E+16
96910,96911,2,4,12,431,2016,7,9,1,3,6,4,0,0,0,0,1,0,0,1,5.66595E+20,5.94289E+21,1.00071E+16,5.36306E+16
96911,96912,2,7,13,714,2016,7,16,3,3,2,6,0,0,0,1,0,0,0,1,5.59698E+20,5.92616E+21,9.89959E+15,5.3481E+16
96912,96913,2,3,1,307,2016,7,8,3,2,4,6,0,0,1,0,0,0,0,0,5.63777E+20,5.93605E+21,9.96306E+15,5.35694E+16
96913,96914,2,6,2,602,2016,7,17,4,3,5,3,0,0,1,1,0,0,0,0,5.78788E+20,5.92639E+21,1.01873E+16,5.34806E+16
96914,96915,2,2,4,211,2016,7,0,6,3,1,6,2,0,0,1,0,0,0,0,5.61708E+20,5.93464E+21,9.93155E+15,5.35571E+16
96915,96916,2,1,12,130,2016,7,16,6,3,2,6,0,1,0,1,0,0,0,0,5.72842E+20,5.93302E+21,1.00992E+16,5.3541E+16
96916,96917,2,1,1,102,2016,7,14,5,3,5,2,0,1,1,0,0,0,0,1,5.65575E+20,5.93333E+21,9.98963E+15,5.35447E+16
96917,96918,2,4,8,421,2016,7,23,7,3,5,3,2,0,0,1,0,0,0,0,5.68896E+20,5.93745E+21,1.00407E+16,5.35814E+16
96918,96919,2,5,8,516,2016,7,14,3,3,8,7,0,0,0,1,0,0,0,0,5.69298E+20,5.94046E+21,1.00474E+16,5.36084E+16
96919,96920,2,4,5,409,2016,7,19,6,3,5,3,0,0,1,1,0,0,0,0,5.68374E+20,5.93835E+21,1.0033E+16,5.35895E+16
96920,96921,2,5,11,519,2016,7,17,5,3,5,3,0,0,1,1,0,0,0,0,5.71171E+20,5.94573E+21,1.00769E+16,5.36555E+16
96921,96922,2,7,14,715,2016,7,7,4,3,2,6,0,0,0,1,0,0,0,0,5.57228E+20,5.92565E+21,9.86229E+15,5.34768E+16
96922,96923,2,1,4,112,2016,7,8,2,3,2,6,0,0,0,1,0,0,0,0,5.63591E+20,5.93383E+21,9.9598E+15,5.35495E+16
96923,96924,2,4,2,405,2016,7,6,3,3,5,3,0,0,0,1,0,0,0,0,5.64737E+20,5.9392E+21,9.97821E+15,5.35976E+16
96924,96925,2,3,8,320,2016,7,6,4,3,4,6,0,0,0,0,0,0,1,0,5.60054E+20,5.93806E+21,9.90723E+15,5.35879E+16
96925,96926,2,4,5,410,2016,7,11,3,3,5,3,0,1,1,1,0,0,0,0,5.66785E+20,5.93811E+21,1.00089E+16,5.35876E+16
96926,96927,2,6,9,610,2016,7,15,1,3,3,5,0,0,0,1,0,1,0,0,5.74136E+20,5.92649E+21,1.01172E+16,5.34821E+16
96927,96928,2,1,11,129,2016,7,17,4,3,2,6,0,0,0,1,0,0,1,0,5.71842E+20,5.9345E+21,1.00845E+16,5.35544E+16
96928,96929,2,2,9,221,2016,8,15,3,3,0,3,0,0,0,0,1,0,0,1,5.5638E+20,5.93793E+21,9.85172E+15,5.35872E+16
96929,96930,2,1,11,128,2016,7,18,6,3,5,3,0,0,1,1,0,0,0,0,5.7081E+20,5.93435E+21,1.00689E+16,5.35533E+16
96930,96931,2,4,10,426,2016,7,23,1,3,0,7,2,0,0,1,1,0,0,0,5.69699E+20,5.93828E+21,1.0053E+16,5.35888E+16
96931,96932,2,5,7,515,2016,7,18,2,3,6,4,0,0,0,1,1,0,0,0,5.7332E+20,5.94207E+21,1.01086E+16,5.36223E+16
96932,96933,2,4,5,409,2016,7,16,2,3,3,6,0,0,0,1,0,0,0,0,5.65788E+20,5.93928E+21,9.99411E+15,5.35982E+16
96933,96934,2,4,8,423,2016,7,10,3,3,5,2,0,0,1,1,0,0,0,0,5.69295E+20,5.93763E+21,1.00467E+16,5.35829E+16
96934,96935,2,5,4,512,2016,7,10,1,3,0,3,0,0,0,1,0,1,0,0,5.74588E+20,5.93672E+21,1.01264E+16,5.3574E+16
96935,96936,2,1,1,102,2016,7,10,2,3,5,7,0,0,0,1,0,0,0,0,5.6585E+20,5.93363E+21,9.99385E+15,5.35474E+16
96936,96937,2,5,6,514,2016,7,17,4,3,4,2,0,1,1,1,0,0,0,0,5.73809E+20,5.94042E+21,1.01156E+16,5.36074E+16
96937,96938,2,4,10,429,2016,8,17,3,3,2,6,0,0,0,1,0,0,0,0,5.68892E+20,5.9396E+21,1.00411E+16,5.36007E+16
96938,96939,2,7,16,717,2016,7,15,6,3,1,2,0,0,0,1,0,0,0,0,5.53353E+20,5.93153E+21,9.8049E+15,5.353E+16
96939,96940,2,2,7,219,2016,7,4,1,3,0,7,2,1,0,0,0,1,0,0,5.59707E+20,5.93459E+21,9.90134E+15,5.35568E+16
96940,96941,2,5,17,525,2016,7,9,3,3,3,2,0,0,0,1,0,0,1,0,5.7765E+20,5.94566E+21,1.01749E+16,5.3654E+16
96941,96942,2,1,12,130,2016,7,16,2,3,5,2,0,0,1,1,0,0,0,0,5.76339E+20,5.93113E+21,1.01515E+16,5.35235E+16
96942,96943,2,4,10,426,2016,7,19,2,3,5,3,0,0,0,1,0,0,0,0,5.69598E+20,5.93806E+21,1.00514E+16,5.35867E+16
96943,96944,2,1,11,129,2016,7,16,6,3,5,3,0,1,0,1,0,0,0,0,5.73291E+20,5.93483E+21,1.01064E+16,5.35572E+16
96944,96945,2,1,16,137,2016,7,7,5,3,4,6,0,0,1,0,0,0,0,1,5.63469E+20,5.92776E+21,9.95673E+15,5.3495E+16
96945,96946,2,5,12,520,2016,7,9,3,1,5,3,0,0,0,1,0,1,0,0,5.69349E+20,5.94472E+21,1.00491E+16,5.36466E+16
96946,96947,2,4,5,411,2016,7,16,6,3,3,6,0,0,1,1,0,0,0,0,5.68018E+20,5.93823E+21,1.00276E+16,5.35885E+16
96947,96948,2,4,7,416,2016,7,16,5,3,6,4,0,0,1,0,1,0,0,0,5.67747E+20,5.93534E+21,1.00228E+16,5.35626E+16
96948,96949,2,6,2,602,2016,7,18,4,3,1,5,0,0,1,1,0,0,0,0,5.80167E+20,5.92752E+21,1.02083E+16,5.34905E+16
96949,96950,2,7,4,705,2016,7,6,1,3,1,5,0,0,1,1,0,0,0,0,5.66554E+20,5.92197E+21,1.0002E+16,5.34425E+16
96950,96951,2,1,1,101,2016,8,16,2,3,6,2,0,0,1,0,1,0,0,0,5.6588E+20,5.93414E+21,9.99441E+15,5.3552E+16
96951,96952,2,3,2,312,2016,7,10,3,3,5,3,0,0,1,0,0,0,0,1,5.65209E+20,5.93547E+21,9.98456E+15,5.35641E+16
96952,96953,2,3,9,321,2016,7,6,3,3,5,2,0,0,1,1,0,0,0,0,5.61296E+20,5.93928E+21,9.92625E+15,5.35988E+16
96953,96954,2,5,7,515,2016,7,18,1,3,8,1,0,0,0,1,0,0,0,0,5.70253E+20,5.93945E+21,1.00616E+16,5.35992E+16
96954,96955,2,5,18,526,2016,7,7,4,3,5,3,0,1,1,1,0,0,0,0,5.74918E+20,5.93986E+21,1.01322E+16,5.36022E+16
96955,96956,2,7,1,701,2016,8,12,2,3,0,7,0,1,0,1,0,1,0,0,5.65139E+20,5.92368E+21,9.98105E+15,5.34581E+16
96956,96957,2,3,7,319,2016,7,16,1,3,6,6,0,0,1,0,1,0,0,0,5.6034E+20,5.94315E+21,9.91254E+15,5.36336E+16
96957,96958,2,5,1,502,2016,7,17,6,3,4,2,0,0,0,1,0,0,0,0,5.69773E+20,5.93607E+21,1.00536E+16,5.35688E+16
96958,96959,2,5,14,522,2016,7,17,2,3,6,4,0,1,0,1,1,0,0,0,5.72857E+20,5.95091E+21,1.01036E+16,5.37018E+16
96959,96960,2,1,12,130,2016,7,21,6,3,5,3,1,1,0,1,0,0,0,0,5.75569E+20,5.93323E+21,1.01404E+16,5.35426E+16
96960,96961,2,1,11,128,2016,7,22,4,3,5,3,2,0,0,0,0,0,0,1,5.71816E+20,5.93436E+21,1.00841E+16,5.35532E+16
96961,96962,2,4,5,410,2016,7,11,3,3,5,2,0,0,0,1,0,0,0,0,5.66602E+20,5.93793E+21,1.00061E+16,5.3586E+16
96962,96963,2,4,10,426,2016,7,18,6,3,6,4,0,0,1,0,1,0,0,0,5.69656E+20,5.93818E+21,1.00523E+16,5.35878E+16
96963,96964,2,3,1,310,2016,7,18,3,3,2,6,0,0,0,1,0,0,0,0,5.63843E+20,5.93554E+21,9.96395E+15,5.35648E+16
96964,96965,2,6,14,615,2016,7,16,4,3,5,3,0,0,1,1,0,0,0,0,5.77765E+20,5.92675E+21,1.01719E+16,5.3484E+16
96965,96966,2,2,5,215,2016,7,17,3,3,5,3,0,0,0,1,0,1,0,0,5.60785E+20,5.93591E+21,9.91786E+15,5.35686E+16
96966,96967,2,1,8,122,2016,7,14,6,3,6,4,0,1,0,1,1,0,0,0,5.69894E+20,5.93458E+21,1.00551E+16,5.35554E+16
96967,96968,2,4,10,428,2016,7,15,6,3,3,6,0,0,0,1,0,0,0,0,5.69098E+20,5.93924E+21,1.00441E+16,5.35974E+16
96968,96969,2,1,1,102,2016,7,20,3,3,5,2,0,0,1,1,0,0,0,0,5.65379E+20,5.93375E+21,9.98677E+15,5.35486E+16
96969,96970,2,3,2,312,2016,7,19,5,3,6,4,0,0,0,0,1,0,0,1,5.65E+20,5.93575E+21,9.98147E+15,5.35666E+16
96970,96971,2,5,5,513,2016,7,19,4,3,3,2,0,0,1,1,0,0,0,0,5.72987E+20,5.93733E+21,1.01024E+16,5.35798E+16
96971,96972,2,1,11,129,2016,7,13,1,3,3,3,0,0,0,1,0,1,0,0,5.70833E+20,5.93505E+21,1.00694E+16,5.35596E+16
96972,96973,2,4,10,429,2016,7,18,1,3,1,6,0,0,0,1,0,0,0,0,5.68905E+20,5.93948E+21,1.00412E+16,5.35996E+16
96973,96974,2,1,5,114,2016,7,17,3,3,0,7,0,0,1,0,0,0,0,1,5.66613E+20,5.93482E+21,1.00056E+16,5.3558E+16
96974,96975,2,5,6,514,2016,7,16,4,3,4,2,0,0,0,0,0,1,0,1,5.73656E+20,5.94142E+21,1.01135E+16,5.36164E+16
96975,96976,2,2,8,220,2016,7,11,3,3,2,2,0,0,0,1,0,0,0,0,5.57934E+20,5.93995E+21,9.87556E+15,5.36052E+16
96976,96977,2,5,2,507,2016,7,17,4,3,5,3,0,0,0,1,0,0,0,0,5.71527E+20,5.93691E+21,1.00803E+16,5.35762E+16
96977,96978,2,5,2,507,2016,8,13,2,2,4,2,0,0,0,1,0,0,1,0,5.71266E+20,5.93647E+21,1.00762E+16,5.35722E+16
96978,96979,2,1,20,141,2016,7,5,5,3,4,6,0,0,0,0,0,0,0,1,5.56937E+20,5.93176E+21,9.85901E+15,5.35317E+16
96979,96980,2,5,18,526,2016,7,14,6,3,6,7,0,1,1,0,1,0,0,0,5.75514E+20,5.94208E+21,1.01417E+16,5.36221E+16
96980,96981,2,2,4,214,2016,7,20,1,3,6,7,0,0,0,1,1,0,0,0,5.61623E+20,5.93397E+21,9.93013E+15,5.3551E+16
96981,96982,2,4,2,405,2016,7,14,7,3,4,2,0,0,1,1,0,0,0,0,5.6454E+20,5.93964E+21,9.97532E+15,5.36016E+16
96982,96983,2,3,8,320,2016,7,13,6,3,6,4,0,1,0,1,1,0,0,0,5.61468E+20,5.94006E+21,9.92899E+15,5.36057E+16
96983,96984,2,5,1,503,2016,7,6,6,3,5,3,0,0,1,1,0,0,0,0,5.69412E+20,5.93595E+21,1.00481E+16,5.35678E+16
96984,96985,2,5,14,522,2016,7,16,6,3,4,6,0,1,0,1,0,0,0,0,5.72769E+20,5.95058E+21,1.01022E+16,5.36988E+16
96985,96986,2,1,11,128,2016,7,12,4,3,2,6,0,1,0,1,0,0,0,0,5.71822E+20,5.9328E+21,1.00838E+16,5.35392E+16
96986,96987,2,4,5,408,2016,7,11,3,3,0,3,0,0,1,1,0,0,0,0,5.67085E+20,5.94004E+21,1.00139E+16,5.36049E+16
96987,96988,2,1,7,120,2016,7,18,4,3,2,6,0,0,0,1,0,0,0,0,5.68407E+20,5.93478E+21,1.00327E+16,5.35574E+16
96988,96989,2,3,6,318,2016,7,8,4,3,5,3,0,0,1,1,0,0,0,0,5.62934E+20,5.94353E+21,9.95185E+15,5.36368E+16
96989,96990,2,2,8,220,2016,7,8,3,3,2,6,0,0,0,0,0,1,1,0,5.59322E+20,5.93861E+21,9.89628E+15,5.3593E+16
96990,96991,2,5,12,520,2016,7,7,1,3,8,1,0,0,0,1,0,0,0,0,5.69597E+20,5.94393E+21,1.00527E+16,5.36395E+16
96991,96992,2,1,5,114,2016,8,15,4,2,6,4,0,0,0,1,1,0,0,0,5.66938E+20,5.93403E+21,1.00104E+16,5.35509E+16
96992,96993,2,4,9,425,2016,7,14,7,3,0,7,0,1,0,0,0,1,0,0,5.70478E+20,5.93805E+21,1.00647E+16,5.35865E+16
96993,96994,2,3,2,312,2016,7,12,1,3,3,7,0,0,1,1,0,0,0,0,5.6542E+20,5.9353E+21,9.98771E+15,5.35625E+16
96994,96995,2,3,1,308,2016,7,9,4,3,1,5,0,0,1,1,0,0,0,0,5.63971E+20,5.93625E+21,9.96603E+15,5.35712E+16
96995,96996,2,3,6,318,2016,7,15,3,3,5,2,0,0,1,1,0,0,0,0,5.63249E+20,5.94121E+21,9.95613E+15,5.36159E+16
96996,96997,2,5,2,505,2016,7,8,4,3,2,6,0,1,0,1,0,0,0,0,5.7092E+20,5.93646E+21,1.0071E+16,5.35722E+16
96997,96998,2,1,13,131,2016,7,17,5,3,3,2,0,0,1,1,0,0,0,0,5.72787E+20,5.93247E+21,1.00983E+16,5.35361E+16
96998,96999,2,5,9,517,2016,7,14,6,3,2,6,0,1,0,1,0,0,0,0,5.72405E+20,5.94397E+21,1.00952E+16,5.36395E+16
96999,97000,2,4,11,430,2016,7,16,1,3,1,1,0,0,0,1,0,0,0,0,5.67931E+20,5.94243E+21,1.00272E+16,5.36262E+16
97000,97001,2,1,4,109,2016,7,2,1,3,0,7,2,0,0,1,0,0,0,1,5.64362E+20,5.93469E+21,9.97162E+15,5.35571E+16
97001,97002,2,1,3,108,2016,7,11,1,3,6,4,0,0,1,0,1,0,0,0,5.65833E+20,5.93476E+21,9.99383E+15,5.35576E+16
97002,97003,2,2,6,218,2016,7,11,4,3,5,3,0,0,1,1,0,0,0,0,5.5788E+20,5.93546E+21,9.87391E+15,5.35648E+16
97003,97004,2,2,5,215,2016,7,9,3,3,0,5,0,0,0,0,0,0,1,0,5.60841E+20,5.93643E+21,9.9188E+15,5.35732E+16
97004,97005,2,5,9,517,2016,7,8,4,3,2,7,0,1,0,1,0,0,0,0,5.7218E+20,5.94348E+21,1.00916E+16,5.36351E+16
97005,97006,2,4,5,410,2016,8,15,2,2,3,2,0,0,0,1,0,1,0,0,5.66421E+20,5.93833E+21,1.00035E+16,5.35896E+16
97006,97007,2,1,11,128,2016,7,10,5,3,1,5,0,0,1,1,0,0,0,0,5.72449E+20,5.93353E+21,1.00934E+16,5.35457E+16
97007,97008,2,4,13,432,2016,7,20,6,3,4,2,0,0,0,1,0,0,0,0,5.6707E+20,5.94499E+21,1.00147E+16,5.36494E+16
97008,97009,2,1,3,108,2016,7,17,7,3,6,2,0,0,0,1,1,0,0,0,5.65681E+20,5.93433E+21,9.99145E+15,5.35538E+16
97009,97010,2,3,8,320,2016,7,12,6,3,5,3,0,1,1,1,0,0,0,0,5.59717E+20,5.94142E+21,9.90279E+15,5.36182E+16
97010,97011,2,1,5,114,2016,7,12,6,3,0,7,0,0,1,1,0,0,0,0,5.66609E+20,5.93482E+21,1.00056E+16,5.3558E+16
97011,97012,2,1,8,126,2016,7,7,4,3,0,7,0,0,0,1,0,1,0,0,5.69767E+20,5.93403E+21,1.0053E+16,5.35505E+16
97012,97013,2,4,7,416,2016,7,16,3,3,2,6,0,1,0,1,0,0,0,0,5.6731E+20,5.9354E+21,1.00163E+16,5.35632E+16
97013,97014,2,7,9,710,2016,7,22,2,3,5,7,2,0,0,1,0,0,0,1,5.63425E+20,5.92298E+21,9.9551E+15,5.3452E+16
97014,97015,2,3,1,304,2016,7,14,4,2,3,6,0,0,1,0,0,1,0,0,5.62379E+20,5.9364E+21,9.94202E+15,5.35728E+16
97015,97016,2,3,1,310,2016,7,18,3,2,5,3,0,1,1,1,0,0,0,0,5.63716E+20,5.93569E+21,9.96207E+15,5.35662E+16
97016,97017,2,3,7,319,2016,7,18,1,3,1,6,0,0,0,1,0,0,0,0,5.61083E+20,5.94373E+21,9.92389E+15,5.36388E+16
97017,97018,2,4,13,432,2016,7,13,1,3,1,6,0,0,0,1,0,0,0,0,5.65572E+20,5.94493E+21,9.99203E+15,5.36491E+16
97018,97019,2,4,3,406,2016,7,17,4,3,5,3,0,0,1,0,0,0,0,1,5.66606E+20,5.94204E+21,1.00071E+16,5.36229E+16
97019,97020,2,1,8,123,2016,8,14,3,2,6,7,0,0,0,0,1,0,0,1,5.70015E+20,5.93555E+21,1.00571E+16,5.35642E+16
97020,97021,2,1,1,101,2016,7,18,7,3,5,7,0,0,0,1,0,1,0,0,5.66425E+20,5.93393E+21,1.00026E+16,5.35501E+16
97021,97022,2,1,3,105,2016,7,12,1,2,0,7,0,0,1,0,0,0,0,0,5.64435E+20,5.93338E+21,9.97245E+15,5.35454E+16
97022,97023,2,5,4,512,2016,7,11,3,3,1,6,0,0,0,1,0,0,0,1,5.75596E+20,5.93634E+21,1.01416E+16,5.35705E+16