FID,OBJECTID,ULAND,UREGBEZ,UKREIS,UGEMEINDE,UJAHR,UMONAT,USTUNDE,UWOCHENTAG,UKATEGORIE,UART,UTYP1,ULICHTVERH,IstStrasse,IstRad,IstPKW,IstFuss,IstKrad,IstGkfz,IstSonstig,LINREFX,LINREFY,XGCSWGS84,YGCSWGS84
97023,97024,2,1,1,101,2016,7,10,3,3,6,4,0,0,0,0,1,0,0,1,5.66265E+20,5.93403E+21,1.00002E+16,5.3551E+16
97024,97025,2,4,10,429,2016,7,11,2,3,4,2,0,0,0,1,0,0,0,1,5.68539E+20,5.93963E+21,1.00357E+16,5.3601E+16
97025,97026,2,4,11,430,2016,7,11,4,3,0,7,0,1,0,1,0,0,0,0,5.683E+20,5.94208E+21,1.00327E+16,5.36231E+16
97026,97027,2,5,6,514,2016,7,22,5,2,4,2,2,0,0,1,0,0,0,0,5.74086E+20,5.9403E+21,1.01197E+16,5.36063E+16
97027,97028,2,5,1,504,2016,7,21,6,3,3,6,0,1,0,1,0,0,0,0,5.70044E+20,5.93618E+21,1.00577E+16,5.35698E+16
97028,97029,2,5,4,512,2016,7,17,4,3,5,3,0,0,1,0,0,0,0,1,5.74957E+20,5.9364E+21,1.01319E+16,5.35711E+16
97029,97030,2,7,14,715,2016,7,20,6,3,5,3,0,0,1,1,0,0,0,0,5.56919E+20,5.92562E+21,9.85762E+15,5.34765E+16
97030,97031,2,4,8,421,2016,7,15,3,3,0,5,0,0,1,1,0,0,0,0,5.69028E+20,5.9378E+21,1.00427E+16,5.35845E+16
97031,97032,2,2,11,223,2016,7,8,6,3,5,3,0,1,1,1,0,0,0,0,5.5404E+20,5.93487E+21,9.81584E+15,5.35599E+16
97032,97033,2,5,11,519,2016,7,16,5,3,2,6,0,0,0,0,0,0,0,1,5.71079E+20,5.94542E+21,1.00754E+16,5.36527E+16
97033,97034,2,7,1,701,2016,7,22,4,3,5,3,2,0,0,1,0,0,0,0,5.648E+20,5.92382E+21,9.97598E+15,5.34594E+16
97034,97035,2,4,13,432,2016,7,16,1,3,5,3,0,0,0,1,0,0,0,0,5.6695E+20,5.94757E+21,1.00134E+16,5.36726E+16
97035,97036,2,5,18,526,2016,7,8,4,3,5,3,0,1,1,1,0,0,0,0,5.77082E+20,5.94029E+21,1.0165E+16,5.36057E+16
97036,97037,2,1,12,130,2016,7,11,6,3,2,6,0,0,0,1,0,0,0,0,5.72976E+20,5.93301E+21,1.01012E+16,5.35409E+16
97037,97038,2,4,8,420,2016,7,11,3,3,2,6,0,0,0,1,0,0,0,0,5.68436E+20,5.93663E+21,1.00335E+16,5.35741E+16
97038,97039,2,4,1,401,2016,7,19,6,2,5,2,0,0,0,1,0,0,0,0,5.64841E+20,5.93739E+21,9.9794E+15,5.35814E+16
97039,97040,2,5,3,511,2016,7,14,5,3,3,2,0,0,1,0,0,0,1,0,5.73197E+20,5.9363E+21,1.01053E+16,5.35705E+16
97040,97041,2,3,9,321,2016,7,18,3,3,5,3,0,1,1,1,0,0,0,0,5.62218E+20,5.9364E+21,9.9396E+15,5.35728E+16
97041,97042,2,4,4,407,2016,7,10,1,2,5,3,0,0,0,1,0,0,0,1,5.67379E+20,5.94116E+21,1.00186E+16,5.36149E+16
97042,97043,2,7,8,709,2016,7,7,2,2,5,3,0,0,1,1,0,0,0,0,5.64129E+20,5.92131E+21,9.96536E+15,5.34369E+16
97043,97044,2,3,2,312,2016,7,15,4,3,1,6,0,0,0,1,0,0,0,0,5.65458E+20,5.93603E+21,9.98844E+15,5.35691E+16
97044,97045,2,2,1,205,2016,7,3,3,3,5,3,2,0,0,1,0,0,0,0,5.63321E+20,5.93406E+21,9.95577E+15,5.35516E+16
97045,97046,2,3,1,307,2016,7,13,1,3,5,7,0,0,1,1,0,0,0,0,5.63576E+20,5.93602E+21,9.96002E+15,5.35692E+16
97046,97047,2,4,13,432,2016,7,6,4,3,5,2,0,1,0,1,0,0,0,0,5.66992E+20,5.94393E+21,1.00133E+16,5.36399E+16
97047,97048,2,5,9,517,2016,8,16,3,3,5,2,0,0,0,1,0,0,0,0,5.72388E+20,5.94393E+21,1.00949E+16,5.36392E+16
97048,97049,2,7,9,710,2016,7,18,6,3,0,7,0,0,1,1,0,0,0,0,5.64828E+20,5.92331E+21,9.9763E+15,5.34548E+16
97049,97050,2,1,16,137,2016,7,20,7,3,5,3,0,1,0,1,0,0,0,0,5.6516E+20,5.92954E+21,9.98259E+15,5.35107E+16
97050,97051,2,1,8,121,2016,7,8,2,3,5,3,0,0,1,1,0,0,0,0,5.6896E+20,5.9346E+21,1.0041E+16,5.35557E+16
97051,97052,2,3,8,320,2016,7,13,2,3,5,3,0,0,0,1,0,1,0,0,5.59564E+20,5.94058E+21,9.90032E+15,5.36106E+16
97052,97053,2,5,1,502,2016,7,9,6,3,4,2,0,0,0,1,0,0,0,0,5.69186E+20,5.93623E+21,1.00448E+16,5.35704E+16
97053,97054,2,5,18,526,2016,7,15,4,3,5,3,0,1,1,1,0,0,0,0,5.75311E+20,5.93888E+21,1.01379E+16,5.35934E+16
97054,97055,2,3,6,318,2016,7,18,3,3,0,3,0,1,1,1,0,0,0,0,5.6219E+20,5.94148E+21,9.94018E+15,5.36184E+16
97055,97056,2,4,3,406,2016,7,14,6,3,2,6,0,0,0,1,0,0,1,0,5.64815E+20,5.94022E+21,9.9796E+15,5.36068E+16
97056,97057,2,3,6,318,2016,7,15,5,3,6,7,0,0,1,0,1,0,0,0,5.62949E+20,5.94169E+21,9.95171E+15,5.36202E+16
97057,97058,2,1,12,130,2016,7,22,4,3,0,3,1,0,0,1,0,0,0,1,5.73354E+20,5.93375E+21,1.01071E+16,5.35475E+16
97058,97059,2,2,8,220,2016,7,17,1,3,0,2,0,0,1,1,0,0,0,0,5.58562E+20,5.93897E+21,9.88487E+15,5.35963E+16
97059,97060,2,6,1,601,2016,7,19,1,2,5,2,0,0,1,1,0,0,0,0,5.79876E+20,5.92764E+21,1.0204E+16,5.34916E+16
97060,97061,2,6,1,601,2016,7,7,2,3,5,3,0,0,0,1,0,0,0,1,5.79477E+20,5.92975E+21,1.01985E+16,5.35106E+16
97061,97062,2,3,2,311,2016,7,17,3,3,5,3,0,1,1,1,0,0,0,0,5.64516E+20,5.93604E+21,9.97422E+15,5.35693E+16
97062,97063,2,4,13,432,2016,7,8,4,3,2,6,0,1,0,1,0,0,0,0,5.67394E+20,5.94499E+21,1.00196E+16,5.36493E+16
97063,97064,2,1,12,130,2016,8,17,2,3,5,3,0,0,0,1,0,0,0,0,5.72791E+20,5.93306E+21,1.00985E+16,5.35414E+16
97064,97065,2,6,2,602,2016,7,12,7,3,5,3,0,0,1,1,0,0,0,0,5.78534E+20,5.92805E+21,1.01838E+16,5.34956E+16
97065,97066,2,3,6,318,2016,8,17,2,3,4,2,0,0,1,1,0,0,0,0,5.62993E+20,5.94337E+21,9.9527E+15,5.36353E+16
97066,97067,2,1,8,121,2016,7,16,2,3,5,3,0,0,1,1,0,0,0,0,5.68831E+20,5.935E+21,1.00391E+16,5.35594E+16
97067,97068,2,7,13,714,2016,7,23,2,3,0,3,2,0,0,1,0,0,0,1,5.58074E+20,5.92573E+21,9.87504E+15,5.34774E+16
97068,97069,2,2,1,202,2016,7,16,1,3,3,6,0,0,1,1,0,0,0,0,5.62028E+20,5.93352E+21,9.93616E+15,5.35469E+16
97069,97070,2,4,5,408,2016,7,8,4,3,3,2,0,1,1,1,0,0,0,0,5.66999E+20,5.9402E+21,1.00126E+16,5.36063E+16
97070,97071,2,3,5,317,2016,8,17,3,3,5,7,0,0,0,1,0,0,0,0,5.62657E+20,5.93874E+21,9.9467E+15,5.35937E+16
97071,97072,2,5,18,526,2016,7,15,6,3,2,6,0,0,0,1,0,0,0,0,5.78182E+20,5.94313E+21,1.01823E+16,5.36312E+16
97072,97073,2,5,4,512,2016,7,9,7,3,0,2,0,0,1,1,0,0,0,0,5.74697E+20,5.93733E+21,1.01282E+16,5.35795E+16
97073,97074,2,2,4,213,2016,7,13,6,3,3,7,0,0,1,0,0,0,0,1,5.61859E+20,5.93407E+21,9.9337E+15,5.35519E+16
97074,97075,2,4,10,426,2016,7,16,6,3,5,3,0,1,0,1,0,0,0,0,5.69408E+20,5.93786E+21,1.00485E+16,5.3585E+16
97075,97076,2,5,2,506,2016,7,9,4,3,2,6,0,1,0,1,0,0,0,1,5.71038E+20,5.93741E+21,1.0073E+16,5.35807E+16
97076,97077,2,2,1,205,2016,7,15,3,3,5,2,0,1,1,1,0,0,0,0,5.63234E+20,5.93424E+21,9.9545E+15,5.35532E+16
97077,97078,2,5,7,515,2016,7,18,2,3,5,3,0,0,1,1,0,0,0,0,5.70664E+20,5.94066E+21,1.00681E+16,5.361E+16
97078,97079,2,1,4,112,2016,7,15,5,3,3,2,0,0,1,1,0,0,0,0,5.63354E+20,5.93385E+21,9.95624E+15,5.35497E+16
97079,97080,2,4,11,430,2016,7,13,4,3,1,5,0,0,0,1,1,0,0,0,5.68347E+20,5.94186E+21,1.00333E+16,5.36211E+16
97080,97081,2,4,6,415,2016,7,16,1,3,3,6,0,0,0,1,0,1,0,0,5.67308E+20,5.93594E+21,1.00163E+16,5.3568E+16
97081,97082,2,5,3,511,2016,7,17,7,3,2,6,0,0,0,1,0,0,0,0,5.72291E+20,5.93609E+21,1.00916E+16,5.35687E+16
97082,97083,2,5,7,515,2016,7,10,4,3,4,2,0,0,0,1,0,0,0,0,5.70961E+20,5.94052E+21,1.00725E+16,5.36087E+16
97083,97084,2,7,15,716,2016,7,19,2,2,9,1,0,0,0,0,0,1,0,0,5.57457E+20,5.92966E+21,9.86647E+15,5.35127E+16
97084,97085,2,4,5,413,2016,7,18,4,3,5,3,0,0,1,1,0,0,0,0,5.66609E+20,5.93694E+21,1.0006E+16,5.35771E+16
97085,97086,2,4,13,432,2016,8,15,2,3,2,6,0,0,0,1,0,0,0,0,5.66375E+20,5.94589E+21,1.00044E+16,5.36575E+16
97086,97087,2,5,7,515,2016,7,12,5,3,0,7,0,0,1,1,0,0,0,0,5.72925E+20,5.94192E+21,1.01025E+16,5.3621E+16
97087,97088,2,4,7,417,2016,7,7,6,3,4,3,0,0,0,1,0,1,0,0,5.68513E+20,5.93554E+21,1.00345E+16,5.35642E+16
97088,97089,2,5,18,526,2016,7,6,6,3,5,3,0,0,1,0,0,0,0,1,5.76829E+20,5.93927E+21,1.01609E+16,5.35966E+16
97089,97090,2,1,3,108,2016,7,9,6,3,0,2,0,1,1,1,0,0,0,0,5.65877E+20,5.93487E+21,9.99451E+15,5.35586E+16
97090,97091,2,2,7,219,2016,7,13,6,3,2,6,0,0,0,1,0,0,0,0,5.59227E+20,5.93463E+21,9.8941E+15,5.35572E+16
97091,97092,2,4,9,425,2016,7,15,4,3,3,6,0,1,0,1,0,0,0,0,5.70508E+20,5.93799E+21,1.00651E+16,5.3586E+16
97092,97093,2,2,3,209,2016,7,13,3,3,5,2,0,0,1,0,0,0,0,1,5.62536E+20,5.93605E+21,9.94433E+15,5.35696E+16
97093,97094,2,1,1,102,2016,7,10,6,3,5,7,0,1,0,1,0,1,0,0,5.65922E+20,5.93376E+21,9.99497E+15,5.35486E+16
97094,97095,2,3,8,320,2016,7,14,6,3,3,2,0,1,1,0,0,0,0,1,5.60305E+20,5.93969E+21,9.91134E+15,5.36026E+16
97095,97096,2,5,17,525,2016,7,17,4,3,0,1,0,1,0,0,0,1,0,0,5.77816E+20,5.94573E+21,1.01774E+16,5.36545E+16
97096,97097,2,2,3,208,2016,7,16,3,3,5,2,0,1,1,1,0,0,0,0,5.63437E+20,5.93528E+21,9.95778E+15,5.35626E+16
97097,97098,2,5,7,515,2016,7,17,2,3,1,6,0,0,0,1,0,0,0,0,5.70096E+20,5.93883E+21,1.00591E+16,5.35936E+16
97098,97099,2,1,11,129,2016,7,9,4,3,0,7,0,0,0,1,0,0,0,1,5.72656E+20,5.93423E+21,1.00967E+16,5.35519E+16
97099,97100,2,1,20,141,2016,7,17,2,3,5,7,0,0,1,1,0,0,0,0,5.56606E+20,5.93035E+21,9.85376E+15,5.3519E+16
97100,97101,2,3,2,312,2016,7,11,1,3,3,6,0,0,0,1,0,1,0,0,5.65466E+20,5.93638E+21,9.98863E+15,5.35722E+16
97101,97102,2,6,2,602,2016,7,14,7,3,2,6,0,1,0,1,0,0,0,0,5.79745E+20,5.92722E+21,1.02019E+16,5.34879E+16
97102,97103,2,5,7,515,2016,7,11,7,3,5,3,0,0,1,1,0,0,0,0,5.71935E+20,5.94243E+21,1.00877E+16,5.36257E+16
97103,97104,2,2,5,215,2016,7,17,4,3,5,3,0,0,1,1,0,0,0,0,5.61267E+20,5.93538E+21,9.92503E+15,5.35637E+16
97104,97105,2,7,7,708,2016,7,15,2,3,5,3,0,0,0,1,0,0,0,0,5.65065E+20,5.91987E+21,9.97915E+15,5.34239E+16
97105,97106,2,4,7,417,2016,7,14,3,3,5,2,0,0,1,0,0,0,0,1,5.68524E+20,5.93552E+21,1.00346E+16,5.35641E+16
97106,97107,2,4,7,417,2016,7,20,4,3,5,3,0,0,1,1,0,0,0,0,5.68271E+20,5.93568E+21,1.00308E+16,5.35656E+16
97107,97108,2,4,6,414,2016,8,21,2,3,5,3,1,0,1,0,0,0,0,0,5.66862E+20,5.93622E+21,1.00097E+16,5.35706E+16
97108,97109,2,5,12,520,2016,7,20,5,3,0,7,0,0,1,0,0,0,0,0,5.69433E+20,5.94382E+21,1.00502E+16,5.36385E+16
97109,97110,2,2,8,220,2016,7,14,6,3,1,6,0,1,0,1,0,0,0,0,5.57935E+20,5.93805E+21,9.87523E+15,5.35881E+16
97110,97111,2,5,12,520,2016,7,21,4,3,0,1,1,1,0,0,0,1,0,0,5.6991E+20,5.94469E+21,1.00576E+16,5.36463E+16
97111,97112,2,5,6,514,2016,7,17,6,3,5,3,0,1,1,1,0,0,0,0,5.74308E+20,5.94263E+21,1.01236E+16,5.36272E+16
97112,97113,2,1,4,112,2016,7,16,3,3,6,7,0,0,0,1,1,0,0,0,5.64183E+20,5.93384E+21,9.96873E+15,5.35495E+16
97113,97114,2,1,5,114,2016,7,13,6,3,0,7,0,0,1,1,0,0,0,0,5.67392E+20,5.93426E+21,1.00173E+16,5.35529E+16
97114,97115,2,1,16,137,2016,7,15,5,3,6,7,0,0,0,0,1,0,0,1,5.6655E+20,5.92808E+21,1.00032E+16,5.34975E+16
97115,97116,2,4,12,431,2016,7,21,4,3,3,7,1,1,0,1,0,0,0,0,5.67155E+20,5.9435E+21,1.00157E+16,5.36359E+16
97116,97117,2,1,2,103,2016,7,12,3,3,2,7,0,0,0,1,0,0,1,0,5.65869E+20,5.93283E+21,9.99396E+15,5.35403E+16
97117,97118,2,1,1,101,2016,7,0,1,3,5,2,0,1,0,1,0,0,0,0,5.66294E+20,5.93454E+21,1.00007E+16,5.35555E+16
97118,97119,2,5,11,519,2016,7,20,2,3,5,2,0,0,0,1,0,0,0,0,5.71204E+20,5.94547E+21,1.00774E+16,5.36532E+16
97119,97120,2,1,4,110,2016,7,10,4,3,5,3,0,0,1,1,0,0,0,0,5.63638E+20,5.93436E+21,9.96062E+15,5.35543E+16
97120,97121,2,1,15,134,2016,7,6,2,3,3,6,0,0,0,1,0,0,1,0,5.67799E+20,5.93166E+21,1.00228E+16,5.35295E+16
97121,97122,2,2,1,201,2016,7,5,1,3,6,7,0,0,0,1,1,0,0,0,5.63103E+20,5.93336E+21,9.95234E+15,5.35454E+16
97122,97123,2,1,5,114,2016,7,23,1,3,6,4,2,0,0,1,1,0,0,0,5.66949E+20,5.93404E+21,1.00105E+16,5.35509E+16
97123,97124,2,4,10,427,2016,7,17,4,3,6,7,0,0,0,1,1,0,0,0,5.69284E+20,5.93864E+21,1.00468E+16,5.3592E+16
97124,97125,2,4,11,430,2016,8,16,3,3,5,3,0,0,0,1,0,0,0,0,5.6887E+20,5.94043E+21,1.00409E+16,5.36081E+16
97125,97126,2,1,20,141,2016,7,6,6,2,4,6,0,0,0,1,0,1,0,0,5.56714E+20,5.93216E+21,9.85572E+15,5.35353E+16
97126,97127,2,5,15,523,2016,7,3,7,3,6,3,2,0,0,0,1,0,0,1,5.75097E+20,5.9502E+21,1.01374E+16,5.36951E+16
97127,97128,2,5,10,518,2016,7,21,3,3,5,3,0,0,0,1,0,0,0,0,5.73156E+20,5.94555E+21,1.01069E+16,5.36536E+16
97128,97129,2,1,7,119,2016,7,15,4,3,5,3,0,0,0,1,0,0,1,0,5.68344E+20,5.93419E+21,1.00316E+16,5.35522E+16
97129,97130,2,2,1,201,2016,7,6,4,3,5,3,0,0,1,1,0,0,0,0,5.63393E+20,5.93342E+21,9.95673E+15,5.35459E+16
97130,97131,2,6,1,601,2016,7,19,2,3,6,4,0,0,0,1,1,0,0,0,5.80344E+20,5.92878E+21,1.02113E+16,5.35018E+16
97131,97132,2,7,1,702,2016,7,14,1,2,9,1,0,0,0,0,0,1,0,0,5.65889E+20,5.92471E+21,9.99256E+15,5.34673E+16
97132,97133,2,7,12,713,2016,8,6,3,3,3,6,0,0,0,1,0,0,1,0,5.60492E+20,5.92976E+21,9.91224E+15,5.35133E+16
97133,97134,2,5,17,525,2016,7,11,7,3,2,6,0,0,0,1,0,0,0,0,5.76591E+20,5.94481E+21,1.01587E+16,5.36464E+16
97134,97135,2,4,4,407,2016,7,19,7,3,2,6,0,1,0,1,0,0,0,0,5.65874E+20,5.93972E+21,9.99549E+15,5.36021E+16
97135,97136,2,1,3,108,2016,7,16,4,3,3,6,0,0,1,1,0,0,0,0,5.65243E+20,5.93436E+21,9.98484E+15,5.35541E+16
97136,97137,2,4,2,404,2016,7,8,3,3,3,7,0,0,1,1,0,0,0,0,5.65108E+20,5.93768E+21,9.9835E+15,5.35839E+16
97137,97138,2,4,8,423,2016,7,17,4,3,4,6,0,0,1,0,0,0,0,0,5.69296E+20,5.93763E+21,1.00467E+16,5.35829E+16
97138,97139,2,4,13,432,2016,7,18,5,3,2,6,0,0,0,1,0,0,0,0,5.6613E+20,5.94678E+21,1.00009E+16,5.36656E+16
97139,97140,2,3,6,318,2016,7,8,6,3,2,6,0,0,0,1,0,0,0,0,5.6362E+20,5.94269E+21,9.96205E+15,5.36291E+16
97140,97141,2,4,13,432,2016,7,18,4,2,6,4,0,0,0,1,1,0,0,0,5.66548E+20,5.94542E+21,1.00069E+16,5.36533E+16
97141,97142,2,5,18,526,2016,7,15,6,3,5,3,0,0,1,1,0,0,0,0,5.77248E+20,5.93913E+21,1.01672E+16,5.35953E+16
97142,97143,2,1,1,101,2016,7,9,3,3,2,6,0,0,0,1,0,0,0,0,5.66634E+20,5.93394E+21,1.00058E+16,5.35501E+16
97143,97144,2,6,13,614,2016,7,20,5,2,5,3,0,1,0,1,0,1,0,0,5.69979E+20,5.92688E+21,1.00546E+16,5.34862E+16
97144,97145,2,4,9,424,2016,7,18,5,3,1,5,0,0,1,1,0,0,0,0,5.69948E+20,5.93766E+21,1.00566E+16,5.35831E+16
97145,97146,2,1,5,113,2016,7,16,5,3,5,3,0,0,1,1,0,0,0,0,5.67131E+20,5.93519E+21,1.00135E+16,5.35613E+16
97146,97147,2,1,20,141,2016,7,3,7,3,2,3,2,0,0,1,0,1,0,0,5.56287E+20,5.93185E+21,9.84922E+15,5.35325E+16
97147,97148,2,4,13,432,2016,7,8,2,3,5,3,0,1,1,1,0,0,0,0,5.66109E+20,5.94759E+21,1.00007E+16,5.36729E+16
97148,97149,2,1,1,102,2016,7,15,4,3,0,4,0,0,0,0,1,0,0,1,5.65847E+20,5.93413E+21,9.99391E+15,5.35519E+16
97149,97150,2,6,9,610,2016,7,16,2,3,0,6,0,0,0,0,1,1,0,0,5.74058E+20,5.92719E+21,1.01162E+16,5.34885E+16
97150,97151,2,2,3,208,2016,7,2,1,3,5,7,2,0,0,1,0,0,0,0,5.63005E+20,5.93521E+21,9.95123E+15,5.3562E+16
97151,97152,2,5,1,501,2016,7,12,4,3,2,6,0,0,0,1,0,0,0,0,5.68577E+20,5.93558E+21,1.00354E+16,5.35646E+16
97152,97153,2,4,8,421,2016,8,18,3,3,5,3,0,0,0,1,0,1,0,0,5.68717E+20,5.9375E+21,1.0038E+16,5.35819E+16
97153,97154,2,1,12,130,2016,7,18,6,2,5,2,0,0,1,1,0,0,0,0,5.74334E+20,5.93275E+21,1.01217E+16,5.35384E+16
97154,97155,2,4,10,428,2016,7,23,7,3,3,7,2,1,0,1,0,0,0,0,5.69373E+20,5.93899E+21,1.00482E+16,5.35951E+16
97155,97156,2,5,18,526,2016,7,16,2,3,0,7,0,0,1,0,0,0,0,0,5.76206E+20,5.94197E+21,1.01521E+16,5.3621E+16
97156,97157,2,4,2,405,2016,7,21,2,3,3,7,1,0,0,1,0,0,0,0,5.64912E+20,5.9391E+21,9.98083E+15,5.35968E+16
97157,97158,2,2,4,213,2016,7,20,6,3,5,3,0,1,1,0,0,0,1,0,5.61506E+20,5.9343E+21,9.92842E+15,5.35539E+16
97158,97159,2,3,7,319,2016,7,14,4,3,5,3,0,1,0,1,0,0,0,0,5.59865E+20,5.94231E+21,9.90521E+15,5.36262E+16
97159,97160,2,6,11,612,2016,7,7,5,3,1,6,0,0,0,1,0,0,0,0,5.72123E+20,5.92975E+21,1.00876E+16,5.35117E+16
97160,97161,2,4,5,408,2016,7,9,2,3,0,7,0,0,0,0,0,0,0,1,5.67346E+20,5.94012E+21,1.00178E+16,5.36055E+16
97161,97162,2,1,12,130,2016,7,16,2,2,6,4,0,0,0,1,1,0,0,0,5.73573E+20,5.93534E+21,1.01108E+16,5.35618E+16
97162,97163,2,2,1,203,2016,7,9,2,3,5,2,0,0,1,1,0,0,0,0,5.62271E+20,5.93388E+21,9.93989E+15,5.35501E+16
97163,97164,2,3,3,314,2016,7,7,6,3,4,2,0,0,1,1,0,0,0,0,5.66043E+20,5.9371E+21,9.9975E+15,5.35786E+16
97164,97165,2,4,1,401,2016,7,20,4,3,1,5,1,0,1,1,0,0,0,0,5.6441E+20,5.93749E+21,9.97291E+15,5.35823E+16
97165,97166,2,4,13,432,2016,7,13,6,3,4,2,0,0,0,1,0,0,0,1,5.66984E+20,5.94393E+21,1.00132E+16,5.36399E+16
97166,97167,2,7,3,704,2016,7,0,2,3,8,1,2,0,0,0,0,1,0,0,5.66876E+20,5.92309E+21,1.00071E+16,5.34526E+16
97167,97168,2,6,10,611,2016,7,18,5,3,8,1,1,1,0,1,0,0,0,0,5.77153E+20,5.92924E+21,1.01633E+16,5.35065E+16
97168,97169,2,5,1,501,2016,7,14,5,3,4,2,0,0,1,1,0,0,0,0,5.68793E+20,5.93575E+21,1.00387E+16,5.35661E+16
97169,97170,2,6,3,604,2016,7,20,4,3,5,3,0,0,0,1,0,0,0,0,5.8168E+20,5.92289E+21,1.02299E+16,5.34487E+16
97170,97171,2,7,4,705,2016,7,11,7,3,2,7,0,0,0,1,0,1,0,0,5.65611E+20,5.92228E+21,9.98788E+15,5.34455E+16
97171,97172,2,1,1,101,2016,8,16,2,3,4,2,0,0,0,1,0,1,0,0,5.6602E+20,5.93424E+21,9.99654E+15,5.35529E+16
97172,97173,2,4,8,419,2016,7,17,2,3,3,7,0,0,0,1,0,1,0,0,5.68305E+20,5.93723E+21,1.00317E+16,5.35795E+16
97173,97174,2,1,11,128,2016,7,8,2,3,6,4,0,0,0,0,1,0,0,1,5.70822E+20,5.93434E+21,1.0069E+16,5.35531E+16
97174,97175,2,1,1,101,2016,7,13,1,3,3,6,0,0,0,1,0,0,0,1,5.66642E+20,5.93371E+21,1.00058E+16,5.35481E+16
97175,97176,2,2,10,222,2016,7,13,4,3,5,6,0,0,0,1,0,0,0,0,5.55951E+20,5.93384E+21,9.8445E+15,5.35505E+16
97176,97177,2,1,1,102,2016,8,8,3,3,5,3,0,1,1,0,0,0,0,0,5.6588E+20,5.93414E+21,9.99441E+15,5.35521E+16
97177,97178,2,5,8,516,2016,7,21,6,3,1,5,2,1,1,1,0,0,0,0,5.70628E+20,5.94134E+21,1.00677E+16,5.36161E+16
97178,97179,2,4,10,426,2016,7,14,7,3,0,2,0,0,1,1,0,0,0,0,5.69805E+20,5.93865E+21,1.00547E+16,5.3592E+16
97179,97180,2,1,12,130,2016,7,17,5,1,6,2,0,1,0,0,1,0,0,1,5.73115E+20,5.93328E+21,1.01034E+16,5.35433E+16
97180,97181,2,1,1,102,2016,7,11,6,3,6,4,0,0,0,0,1,0,0,1,5.65834E+20,5.93394E+21,9.99367E+15,5.35502E+16
97181,97182,2,3,5,317,2016,7,9,4,2,0,1,0,1,0,1,0,1,0,0,5.62741E+20,5.93761E+21,9.94773E+15,5.35836E+16
97182,97183,2,7,1,702,2016,7,9,2,3,4,6,0,0,1,0,0,0,0,0,5.65097E+20,5.92403E+21,9.98049E+15,5.34613E+16
97183,97184,2,3,8,320,2016,7,15,2,3,2,2,0,0,0,1,0,0,0,0,5.60325E+20,5.93971E+21,9.91165E+15,5.36027E+16
97184,97185,2,7,13,714,2016,7,19,4,3,5,3,0,0,1,1,0,0,0,0,5.58396E+20,5.92532E+21,9.87982E+15,5.34737E+16
97185,97186,2,1,8,123,2016,7,22,2,3,1,2,2,0,0,1,0,0,0,0,5.70699E+20,5.93439E+21,1.00672E+16,5.35536E+16
97186,97187,2,6,5,606,2016,7,13,7,3,6,3,0,0,0,1,1,0,0,0,5.81644E+20,5.92248E+21,1.02293E+16,5.3445E+16
97187,97188,2,3,2,312,2016,7,11,1,3,5,3,0,0,0,1,0,0,0,0,5.65632E+20,5.93509E+21,9.99086E+15,5.35606E+16
97188,97189,2,4,6,415,2016,7,11,7,3,3,6,0,0,0,1,0,1,0,0,5.68051E+20,5.93624E+21,1.00276E+16,5.35706E+16
97189,97190,2,2,9,221,2016,7,16,4,3,5,3,0,0,1,1,0,0,0,0,5.57379E+20,5.93558E+21,9.86638E+15,5.35659E+16
97190,97191,2,5,5,513,2016,7,10,2,3,5,3,0,0,0,1,0,0,0,0,5.72834E+20,5.93839E+21,1.01003E+16,5.35893E+16
97191,97192,2,3,2,311,2016,7,22,5,3,7,7,2,1,1,0,0,0,0,0,5.64858E+20,5.93568E+21,9.9793E+15,5.3566E+16
97192,97193,2,5,4,512,2016,7,14,4,3,3,2,0,0,1,1,0,0,0,0,5.74618E+20,5.93638E+21,1.01268E+16,5.3571E+16
97193,97194,2,1,12,130,2016,7,20,7,3,8,7,0,1,0,1,0,0,0,0,5.76815E+20,5.93106E+21,1.01587E+16,5.35228E+16
97194,97195,2,1,12,130,2016,7,15,1,3,2,6,0,0,0,1,0,0,0,0,5.73257E+20,5.93275E+21,1.01054E+16,5.35385E+16
97195,97196,2,2,9,221,2016,7,7,2,3,5,3,0,0,0,1,0,0,0,0,5.5638E+20,5.93792E+21,9.85172E+15,5.35871E+16
97196,97197,2,5,18,526,2016,7,11,2,3,1,3,0,0,1,1,0,0,0,0,5.74625E+20,5.93989E+21,1.01278E+16,5.36025E+16
97197,97198,2,6,1,601,2016,7,23,7,3,5,3,2,0,0,1,0,0,0,0,5.79505E+20,5.92777E+21,1.01984E+16,5.34929E+16
97198,97199,2,2,8,220,2016,7,15,4,3,1,6,0,0,0,1,0,0,0,0,5.58301E+20,5.93761E+21,9.88067E+15,5.35841E+16
97199,97200,2,1,8,122,2016,8,6,2,3,0,1,0,0,0,0,0,1,0,0,5.69935E+20,5.93454E+21,1.00557E+16,5.35551E+16
97200,97201,2,4,13,432,2016,7,13,5,3,1,6,0,0,0,1,0,0,0,0,5.65536E+20,5.94696E+21,9.99192E+15,5.36672E+16
97201,97202,2,1,5,113,2016,7,8,6,3,3,2,0,0,1,0,0,0,0,1,5.67582E+20,5.93475E+21,1.00202E+16,5.35573E+16
97202,97203,2,3,8,320,2016,7,20,7,3,4,2,1,1,0,1,0,1,0,0,5.59956E+20,5.94099E+21,9.90632E+15,5.36143E+16