FID,OBJECTID,ULAND,UREGBEZ,UKREIS,UGEMEINDE,UJAHR,UMONAT,USTUNDE,UWOCHENTAG,UKATEGORIE,UART,UTYP1,ULICHTVERH,IstStrasse,IstRad,IstPKW,IstFuss,IstKrad,IstGkfz,IstSonstig,LINREFX,LINREFY,XGCSWGS84,YGCSWGS84
97563,97564,2,7,4,705,2016,8,18,6,3,5,3,0,0,0,1,0,0,0,0,5.65614E+20,5.92267E+21,9.988E+15,5.34489E+16
97564,97565,2,1,14,132,2016,8,23,7,3,4,2,2,0,0,1,0,0,0,0,5.70915E+20,5.93136E+21,1.00698E+16,5.35264E+16
97565,97566,2,1,5,114,2016,8,18,6,3,2,2,0,0,0,1,0,0,0,0,5.66546E+20,5.9344E+21,1.00045E+16,5.35543E+16
97566,97567,2,3,9,321,2016,8,1,7,3,5,3,2,1,0,1,0,0,0,1,5.6185E+20,5.93755E+21,9.93426E+15,5.35832E+16
97567,97568,2,7,14,715,2016,8,11,3,3,5,3,0,0,1,1,0,0,0,0,5.5511E+20,5.92503E+21,9.83027E+15,5.34714E+16
97568,97569,2,2,5,215,2016,8,14,7,3,5,3,0,0,1,1,0,0,0,0,5.61735E+20,5.93567E+21,9.93215E+15,5.35663E+16
97569,97570,2,1,3,108,2016,8,8,3,3,4,2,0,0,1,0,0,0,0,1,5.65137E+20,5.93428E+21,9.98322E+15,5.35534E+16
97570,97571,2,3,1,304,2016,8,18,3,3,6,7,0,0,0,1,1,0,0,0,5.62433E+20,5.93668E+21,9.9429E+15,5.35753E+16
97571,97572,2,6,2,602,2016,8,15,4,2,5,3,0,0,1,1,0,0,0,0,5.79754E+20,5.92746E+21,1.02021E+16,5.34901E+16
97572,97573,2,2,4,212,2016,8,16,4,3,2,2,0,0,0,1,0,1,0,0,5.60785E+20,5.93368E+21,9.91742E+15,5.35485E+16
97573,97574,2,5,1,504,2016,8,15,5,3,1,6,0,0,1,1,0,0,0,1,5.69831E+20,5.93643E+21,1.00546E+16,5.35721E+16
97574,97575,2,3,9,321,2016,8,21,5,3,6,4,2,0,0,0,1,1,0,0,5.61526E+20,5.93852E+21,9.92957E+15,5.35919E+16
97575,97576,2,2,13,226,2016,8,18,4,3,1,3,0,0,1,1,0,0,0,0,5.5275E+20,5.9371E+21,9.79675E+15,5.35801E+16
97576,97577,2,1,5,114,2016,8,18,3,2,5,3,0,0,1,0,0,0,0,1,5.66808E+20,5.93416E+21,1.00084E+16,5.35521E+16
97577,97578,2,4,7,416,2016,8,14,3,3,2,6,0,0,0,1,0,0,0,0,5.67242E+20,5.93537E+21,1.00152E+16,5.35628E+16
97578,97579,2,2,2,207,2016,8,18,5,3,2,6,0,1,0,1,0,0,0,0,5.63744E+20,5.93516E+21,9.96238E+15,5.35615E+16
97579,97580,2,3,2,312,2016,8,8,5,3,3,2,0,0,0,1,0,1,0,0,5.65458E+20,5.93604E+21,9.98844E+15,5.35692E+16
97580,97581,2,1,12,130,2016,8,17,2,3,5,3,0,0,1,0,0,0,0,1,5.73904E+20,5.93387E+21,1.01154E+16,5.35485E+16
97581,97582,2,1,16,137,2016,8,18,6,2,3,6,0,0,0,1,0,1,0,0,5.66188E+20,5.92815E+21,9.99779E+15,5.34981E+16
97582,97583,2,5,2,507,2016,8,12,2,3,2,6,0,0,0,0,0,0,0,1,5.71158E+20,5.93675E+21,1.00747E+16,5.35748E+16
97583,97584,2,1,7,119,2016,9,14,6,3,2,7,0,0,0,1,0,0,0,1,5.68611E+20,5.93408E+21,1.00356E+16,5.35511E+16
97584,97585,2,1,5,114,2016,8,20,6,3,6,7,2,0,0,1,1,0,0,0,5.66569E+20,5.93467E+21,1.00049E+16,5.35566E+16
97585,97586,2,2,1,205,2016,8,12,7,3,3,2,0,0,1,1,0,0,0,0,5.63293E+20,5.93407E+21,9.95536E+15,5.35517E+16
97586,97587,2,3,2,312,2016,8,16,5,3,6,4,0,0,0,1,1,0,0,0,5.65072E+20,5.93593E+21,9.98259E+15,5.35682E+16
97587,97588,2,1,11,128,2016,8,10,2,3,3,6,0,1,1,1,0,0,0,0,5.71654E+20,5.9343E+21,1.00816E+16,5.35527E+16
97588,97589,2,6,1,601,2016,8,20,6,3,5,3,2,0,0,1,0,1,0,0,5.794E+20,5.92977E+21,1.01973E+16,5.35109E+16
97589,97590,2,4,9,424,2016,8,7,2,3,6,7,0,0,1,0,1,0,0,0,5.7031E+20,5.93742E+21,1.0062E+16,5.35809E+16
97590,97591,2,1,4,112,2016,9,3,7,3,2,6,2,0,0,1,0,0,0,0,5.63598E+20,5.93383E+21,9.95991E+15,5.35495E+16
97591,97592,2,1,12,130,2016,8,17,6,2,3,6,0,0,0,1,0,1,0,0,5.72836E+20,5.9327E+21,1.00991E+16,5.35382E+16
97592,97593,2,3,2,312,2016,8,1,7,3,6,2,2,1,0,1,1,0,0,0,5.65633E+20,5.93506E+21,9.99088E+15,5.35604E+16
97593,97594,2,1,12,130,2016,8,16,7,3,3,6,0,0,0,1,0,1,0,0,5.73039E+20,5.93291E+21,1.01022E+16,5.354E+16
97594,97595,2,1,5,114,2016,8,10,6,3,5,2,0,0,1,1,0,0,0,0,5.67129E+20,5.93438E+21,1.00133E+16,5.3554E+16
97595,97596,2,2,1,203,2016,8,14,7,3,3,6,0,0,0,1,0,1,0,0,5.62751E+20,5.93402E+21,9.94716E+15,5.35513E+16
97596,97597,2,7,9,710,2016,8,9,3,2,5,2,0,0,0,1,0,1,0,0,5.62093E+20,5.92366E+21,9.93519E+15,5.34583E+16
97597,97598,2,7,12,713,2016,8,17,2,3,8,7,0,0,0,0,0,1,0,0,5.59452E+20,5.92883E+21,9.89639E+15,5.3505E+16
97598,97599,2,2,3,210,2016,8,14,3,2,5,2,0,0,1,1,0,0,0,0,5.62789E+20,5.93479E+21,9.94789E+15,5.35582E+16
97599,97600,2,5,18,526,2016,8,10,4,3,0,6,0,0,1,0,0,0,0,1,5.75767E+20,5.94078E+21,1.01452E+16,5.36103E+16
97600,97601,2,2,4,211,2016,8,16,4,3,3,6,0,0,1,1,0,0,0,0,5.6161E+20,5.9346E+21,9.93005E+15,5.35566E+16
97601,97602,2,2,9,221,2016,8,12,5,3,5,3,0,0,1,1,0,0,0,0,5.56015E+20,5.93613E+21,9.84589E+15,5.3571E+16
97602,97603,2,2,4,214,2016,8,8,4,3,2,6,0,0,1,1,0,0,0,0,5.61765E+20,5.93363E+21,9.9322E+15,5.35479E+16
97603,97604,2,1,1,102,2016,8,11,5,3,6,2,0,1,0,0,1,0,0,1,5.65916E+20,5.93404E+21,9.99492E+15,5.35511E+16
97604,97605,2,1,4,112,2016,8,17,5,3,1,5,0,0,1,1,0,0,0,0,5.64105E+20,5.93342E+21,9.96748E+15,5.35458E+16
97605,97606,2,5,18,526,2016,8,12,6,3,1,5,0,0,0,1,0,0,1,0,5.75824E+20,5.93828E+21,1.01455E+16,5.35879E+16
97606,97607,2,5,2,507,2016,8,5,2,3,1,6,1,0,0,1,0,0,0,0,5.70885E+20,5.93654E+21,1.00705E+16,5.35729E+16
97607,97608,2,5,16,524,2016,9,8,6,3,1,7,0,0,0,1,0,0,0,0,5.758E+20,5.94714E+21,1.01473E+16,5.36675E+16
97608,97609,2,1,6,115,2016,8,12,6,3,5,3,0,0,1,1,0,0,0,0,5.66817E+20,5.93398E+21,1.00085E+16,5.35505E+16
97609,97610,2,1,5,114,2016,8,16,7,2,6,3,0,0,1,0,1,0,0,0,5.67274E+20,5.93449E+21,1.00155E+16,5.3555E+16
97610,97611,2,5,5,513,2016,9,16,5,3,2,6,0,1,0,1,0,0,0,0,5.74415E+20,5.93831E+21,1.01242E+16,5.35883E+16
97611,97612,2,1,13,131,2016,8,5,7,3,5,3,0,0,0,1,0,0,0,0,5.71811E+20,5.93276E+21,1.00836E+16,5.35388E+16
97612,97613,2,1,4,111,2016,8,21,7,3,3,6,1,0,1,1,0,0,0,0,5.64203E+20,5.93471E+21,9.96922E+15,5.35573E+16
97613,97614,2,1,8,122,2016,8,9,2,3,0,1,0,0,0,0,0,1,0,0,5.69672E+20,5.93521E+21,1.00519E+16,5.35611E+16
97614,97615,2,3,2,311,2016,8,10,3,3,1,7,0,0,1,1,0,0,0,0,5.64948E+20,5.93623E+21,9.98077E+15,5.35709E+16
97615,97616,2,3,2,311,2016,8,16,4,3,3,6,0,0,1,1,0,0,0,0,5.65007E+20,5.93575E+21,9.98156E+15,5.35666E+16
97616,97617,2,1,19,140,2016,9,12,5,3,5,3,0,0,0,1,0,0,0,0,5.59458E+20,5.92999E+21,9.89669E+15,5.35155E+16
97617,97618,2,1,15,134,2016,8,14,7,3,2,6,0,0,0,1,0,0,0,0,5.67966E+20,5.93182E+21,1.00254E+16,5.35309E+16
97618,97619,2,1,4,109,2016,8,15,7,3,5,3,0,0,1,1,0,0,0,0,5.64841E+20,5.93515E+21,9.97895E+15,5.35612E+16
97619,97620,2,7,1,702,2016,8,16,3,3,0,7,0,0,1,0,0,0,0,0,5.65541E+20,5.92341E+21,9.98705E+15,5.34556E+16
97620,97621,2,4,12,431,2016,8,19,2,3,2,6,0,0,0,1,0,0,0,0,5.67373E+20,5.94319E+21,1.00189E+16,5.36331E+16
97621,97622,2,1,5,114,2016,8,20,3,2,5,7,0,0,0,1,0,1,0,0,5.67298E+20,5.93452E+21,1.00159E+16,5.35552E+16
97622,97623,2,5,10,518,2016,8,15,4,3,6,7,0,0,1,0,1,0,0,0,5.72777E+20,5.9458E+21,1.01012E+16,5.36559E+16
97623,97624,2,3,2,312,2016,8,7,4,3,3,3,0,0,1,1,0,0,0,0,5.65817E+20,5.93486E+21,9.99361E+15,5.35584E+16
97624,97625,2,5,7,515,2016,8,12,2,3,4,2,0,0,0,1,0,1,0,0,5.70553E+20,5.9393E+21,1.00661E+16,5.35978E+16
97625,97626,2,1,5,114,2016,8,6,5,3,1,5,0,0,1,1,0,0,0,0,5.66531E+20,5.9347E+21,1.00044E+16,5.35569E+16
97626,97627,2,7,14,715,2016,8,9,4,3,4,2,0,0,1,1,0,0,0,0,5.56446E+20,5.92495E+21,9.85038E+15,5.34705E+16
97627,97628,2,5,2,505,2016,8,19,6,3,3,6,0,0,0,1,0,0,0,0,5.70873E+20,5.93656E+21,1.00703E+16,5.35731E+16
97628,97629,2,5,2,508,2016,8,14,7,3,4,3,0,0,1,1,0,0,0,0,5.72686E+20,5.93726E+21,1.00978E+16,5.35791E+16
97629,97630,2,3,8,320,2016,9,7,6,3,5,3,0,0,1,1,0,0,0,0,5.59897E+20,5.93835E+21,9.90492E+15,5.35906E+16
97630,97631,2,7,12,713,2016,8,22,6,3,0,2,2,0,0,1,0,0,0,1,5.60876E+20,5.92905E+21,9.9179E+15,5.35068E+16
97631,97632,2,4,7,417,2016,9,16,5,3,2,6,0,1,0,1,0,0,0,0,5.68179E+20,5.9351E+21,1.00293E+16,5.35604E+16
97632,97633,2,1,3,108,2016,8,8,4,3,5,3,0,0,1,1,0,0,0,0,5.65836E+20,5.93419E+21,9.99376E+15,5.35525E+16
97633,97634,2,3,6,318,2016,8,10,5,3,6,7,0,0,0,1,1,0,0,0,5.62576E+20,5.94172E+21,9.94607E+15,5.36206E+16
97634,97635,2,7,16,717,2016,8,14,6,3,4,6,0,1,0,1,0,0,0,0,5.51568E+20,5.9317E+21,9.778E+15,5.35317E+16
97635,97636,2,3,8,320,2016,8,13,2,2,6,4,0,0,0,1,1,0,0,0,5.58941E+20,5.93965E+21,9.89073E+15,5.36023E+16
97636,97637,2,1,5,114,2016,8,7,3,3,6,2,0,0,0,0,1,1,0,0,5.66759E+20,5.93448E+21,1.00078E+16,5.3555E+16
97637,97638,2,4,10,428,2016,8,9,3,2,5,3,0,0,0,1,0,1,0,0,5.69097E+20,5.93892E+21,1.0044E+16,5.35945E+16
97638,97639,2,1,20,141,2016,8,10,4,3,1,7,0,0,1,0,0,0,0,1,5.5824E+20,5.93219E+21,9.87874E+15,5.35354E+16
97639,97640,2,1,6,115,2016,8,17,2,3,6,4,1,0,0,1,1,0,0,0,5.67322E+20,5.93384E+21,1.00161E+16,5.35492E+16
97640,97641,2,5,7,515,2016,8,9,2,3,0,7,0,0,1,0,0,0,0,0,5.7145E+20,5.94112E+21,1.00801E+16,5.3614E+16
97641,97642,2,4,13,432,2016,9,11,7,3,0,7,0,1,0,0,0,1,0,0,5.6728E+20,5.94511E+21,1.00179E+16,5.36504E+16
97642,97643,2,7,5,706,2016,8,9,4,3,5,3,0,0,1,1,0,0,0,0,5.6642E+20,5.92065E+21,9.9997E+15,5.34307E+16
97643,97644,2,5,10,518,2016,8,18,6,2,6,7,0,0,0,1,1,0,0,0,5.7265E+20,5.94714E+21,1.00996E+16,5.3668E+16
97644,97645,2,5,10,518,2016,8,15,2,2,0,7,0,0,1,0,0,0,0,1,5.72886E+20,5.94555E+21,1.01028E+16,5.36536E+16
97645,97646,2,1,16,136,2016,8,17,4,3,4,2,0,0,0,1,0,0,0,0,5.67334E+20,5.93043E+21,1.00156E+16,5.35185E+16
97646,97647,2,7,1,702,2016,8,5,4,2,5,2,1,0,1,1,0,0,0,0,5.64553E+20,5.92298E+21,9.97209E+15,5.34518E+16
97647,97648,2,4,13,432,2016,8,17,6,2,5,2,0,0,0,1,0,1,0,0,5.66931E+20,5.94464E+21,1.00125E+16,5.36462E+16
97648,97649,2,5,2,505,2016,8,12,7,3,4,2,0,0,1,1,0,0,0,0,5.70173E+20,5.9365E+21,1.00597E+16,5.35727E+16
97649,97650,2,3,3,314,2016,9,12,6,3,0,5,0,0,1,1,0,0,0,0,5.65376E+20,5.9374E+21,9.98748E+15,5.35814E+16
97650,97651,2,7,4,705,2016,8,15,6,3,0,7,0,0,1,0,0,0,0,0,5.65619E+20,5.9228E+21,9.9881E+15,5.34501E+16
97651,97652,2,7,12,713,2016,8,13,6,2,9,1,0,1,0,1,0,0,0,0,5.60296E+20,5.92839E+21,9.90902E+15,5.3501E+16
97652,97653,2,3,8,320,2016,9,16,5,3,5,3,0,0,1,1,0,0,0,0,5.59866E+20,5.93821E+21,9.90442E+15,5.35893E+16
97653,97654,2,7,1,701,2016,8,13,3,3,2,3,0,0,0,1,0,0,0,0,5.64945E+20,5.92421E+21,9.97824E+15,5.34629E+16
97654,97655,2,1,4,111,2016,8,2,5,3,6,4,2,0,0,1,1,0,0,0,5.63715E+20,5.93383E+21,9.96167E+15,5.35495E+16
97655,97656,2,1,16,137,2016,8,16,6,3,5,3,0,0,1,0,0,0,0,0,5.65756E+20,5.92998E+21,9.99167E+15,5.35146E+16
97656,97657,2,7,1,702,2016,8,21,4,3,3,2,1,0,1,0,0,0,1,0,5.65993E+20,5.92449E+21,9.99409E+15,5.34653E+16
97657,97658,2,1,15,134,2016,9,12,7,3,2,6,0,0,0,1,0,0,0,0,5.67257E+20,5.93073E+21,1.00145E+16,5.35212E+16
97658,97659,2,3,6,318,2016,8,16,2,3,2,6,0,0,0,1,0,0,0,0,5.63622E+20,5.94278E+21,9.9621E+15,5.36299E+16
97659,97660,2,1,20,141,2016,8,15,2,3,5,3,0,0,1,1,0,0,0,0,5.55855E+20,5.93204E+21,9.84274E+15,5.35343E+16
97660,97661,2,4,6,415,2016,8,8,3,2,0,7,0,0,0,0,0,1,0,0,5.68016E+20,5.93617E+21,1.00271E+16,5.35699E+16
97661,97662,2,5,18,526,2016,8,8,4,2,5,3,0,1,1,1,0,0,0,0,5.75727E+20,5.94229E+21,1.0145E+16,5.36239E+16
97662,97663,2,6,6,607,2016,8,15,4,2,4,2,0,0,0,0,0,1,0,0,5.76348E+20,5.91919E+21,1.01488E+16,5.34163E+16
97663,97664,2,1,8,123,2016,8,19,2,3,1,5,0,0,1,1,0,0,0,0,5.70076E+20,5.93556E+21,1.0058E+16,5.35643E+16
97664,97665,2,4,13,432,2016,8,14,6,3,0,3,0,0,1,0,0,0,1,0,5.67867E+20,5.94507E+21,1.00268E+16,5.365E+16
97665,97666,2,4,10,426,2016,8,10,2,3,2,6,0,0,0,1,0,0,0,0,5.70015E+20,5.93873E+21,1.00578E+16,5.35927E+16
97666,97667,2,3,1,309,2016,9,11,7,3,5,7,0,1,0,1,0,0,0,1,5.64437E+20,5.93659E+21,9.97314E+15,5.35742E+16
97667,97668,2,6,1,601,2016,8,7,4,3,5,3,0,0,0,0,0,0,0,1,5.78607E+20,5.92949E+21,1.01853E+16,5.35085E+16
97668,97669,2,4,13,432,2016,8,13,6,3,4,2,0,0,0,1,0,0,0,0,5.67497E+20,5.94496E+21,1.00212E+16,5.36491E+16
97669,97670,2,1,19,140,2016,8,13,6,2,5,3,0,1,0,1,0,0,1,1,5.60602E+20,5.92992E+21,9.91394E+15,5.35147E+16
97670,97671,2,5,7,515,2016,8,16,7,3,5,3,0,0,0,1,0,1,0,0,5.71425E+20,5.94097E+21,1.00796E+16,5.36126E+16
97671,97672,2,1,13,131,2016,8,12,5,3,5,2,0,0,1,0,0,0,1,0,5.7243E+20,5.93137E+21,1.00926E+16,5.35263E+16
97672,97673,2,6,14,615,2016,8,14,6,3,5,3,0,0,1,1,0,0,0,0,5.78039E+20,5.92718E+21,1.01762E+16,5.34878E+16
97673,97674,2,1,16,137,2016,8,14,3,3,4,6,0,0,1,0,0,0,0,0,5.65851E+20,5.92968E+21,9.99303E+15,5.3512E+16
97674,97675,2,1,12,130,2016,8,19,6,3,4,2,1,1,0,1,0,1,0,0,5.75847E+20,5.93353E+21,1.01447E+16,5.35452E+16
97675,97676,2,3,1,303,2016,8,13,2,3,4,2,0,0,0,1,0,0,0,0,5.62755E+20,5.93695E+21,9.94781E+15,5.35776E+16
97676,97677,2,7,1,702,2016,8,10,2,3,6,7,0,0,0,0,1,0,0,1,5.65231E+20,5.92387E+21,9.98248E+15,5.34598E+16
97677,97678,2,1,6,118,2016,8,15,4,3,1,6,0,0,0,1,0,1,0,0,5.68834E+20,5.9337E+21,1.00389E+16,5.35476E+16
97678,97679,2,7,8,709,2016,8,8,3,3,2,6,0,0,0,1,0,0,0,0,5.61899E+20,5.92031E+21,9.9316E+15,5.34282E+16
97679,97680,2,1,16,137,2016,8,19,4,3,5,3,0,0,1,1,0,0,0,0,5.6561E+20,5.93E+21,9.98947E+15,5.35149E+16
97680,97681,2,1,17,138,2016,9,10,6,3,5,3,0,0,1,1,0,0,0,0,5.65183E+20,5.93105E+21,9.98325E+15,5.35243E+16
97681,97682,2,1,12,130,2016,8,16,5,3,2,6,0,0,0,1,0,0,0,1,5.73894E+20,5.93482E+21,1.01155E+16,5.35571E+16
97682,97683,2,6,14,615,2016,8,14,6,3,0,1,0,1,0,0,0,1,0,0,5.78287E+20,5.92614E+21,1.01796E+16,5.34784E+16
97683,97684,2,1,14,132,2016,8,17,6,3,1,6,0,1,0,1,0,0,0,0,5.6908E+20,5.9326E+21,1.00424E+16,5.35378E+16
97684,97685,2,6,5,606,2016,8,15,2,1,5,2,0,0,0,0,0,1,0,1,5.78322E+20,5.92282E+21,1.01793E+16,5.34486E+16
97685,97686,2,1,3,108,2016,9,13,5,3,1,7,0,0,1,1,0,0,0,0,5.65596E+20,5.9348E+21,9.99027E+15,5.3558E+16
97686,97687,2,1,12,130,2016,8,23,3,3,9,1,2,0,0,1,0,0,0,0,5.7461E+20,5.93187E+21,1.01256E+16,5.35304E+16
97687,97688,2,1,12,130,2016,8,19,4,3,2,6,0,0,0,1,0,0,0,0,5.7293E+20,5.93291E+21,1.01005E+16,5.354E+16
97688,97689,2,1,11,129,2016,8,9,4,3,2,6,0,1,0,1,0,0,0,0,5.73024E+20,5.93419E+21,1.01022E+16,5.35515E+16
97689,97690,2,4,9,425,2016,9,14,7,3,1,5,0,0,1,1,0,0,0,0,5.70795E+20,5.93818E+21,1.00695E+16,5.35877E+16
97690,97691,2,3,4,316,2016,8,12,2,3,1,5,0,1,1,1,0,0,0,0,5.64072E+20,5.93746E+21,9.9678E+15,5.3582E+16
97691,97692,2,2,11,224,2016,8,20,3,3,5,3,2,0,1,1,0,0,0,0,5.53095E+20,5.93547E+21,9.80168E+15,5.35654E+16
97692,97693,2,5,4,512,2016,8,8,4,2,6,7,0,0,0,0,1,0,1,0,5.75753E+20,5.93721E+21,1.01442E+16,5.35782E+16
97693,97694,2,1,14,132,2016,8,12,4,3,5,3,0,0,0,1,0,0,1,0,5.69167E+20,5.93313E+21,1.00438E+16,5.35425E+16
97694,97695,2,5,7,515,2016,8,10,2,3,5,3,0,1,0,1,0,0,0,1,5.70957E+20,5.94051E+21,1.00725E+16,5.36086E+16
97695,97696,2,4,13,432,2016,8,18,6,3,0,7,0,0,1,0,0,0,0,0,5.67275E+20,5.94633E+21,1.00181E+16,5.36614E+16
97696,97697,2,3,9,321,2016,8,19,2,3,5,3,1,1,0,1,0,1,0,0,5.60813E+20,5.93918E+21,9.91891E+15,5.35979E+16
97697,97698,2,6,5,606,2016,9,9,6,3,3,6,0,0,1,1,0,0,0,0,5.8111E+20,5.92262E+21,1.02213E+16,5.34464E+16
97698,97699,2,1,6,115,2016,8,8,5,3,5,3,0,0,1,1,0,0,0,0,5.67266E+20,5.93383E+21,1.00153E+16,5.3549E+16
97699,97700,2,5,18,526,2016,8,19,6,3,0,7,0,1,0,1,0,0,0,0,5.74656E+20,5.93979E+21,1.01282E+16,5.36016E+16
97700,97701,2,5,16,524,2016,8,10,7,3,0,7,0,0,1,0,0,0,0,0,5.7375E+20,5.94635E+21,1.01161E+16,5.36607E+16
97701,97702,2,4,4,407,2016,8,17,5,3,3,2,0,0,1,1,0,0,0,0,5.67116E+20,5.94154E+21,1.00147E+16,5.36184E+16
97702,97703,2,1,6,117,2016,8,6,6,2,4,7,0,0,0,1,0,1,0,0,5.68147E+20,5.93336E+21,1.00285E+16,5.35447E+16
97703,97704,2,1,16,137,2016,8,12,3,3,2,6,0,0,0,1,0,0,0,0,5.64803E+20,5.92962E+21,9.97722E+15,5.35115E+16
97704,97705,2,2,4,213,2016,8,13,2,3,5,3,0,0,1,1,0,0,0,0,5.61769E+20,5.93428E+21,9.9324E+15,5.35537E+16
97705,97706,2,1,11,128,2016,8,12,2,3,5,3,0,0,1,1,0,0,0,0,5.71822E+20,5.93436E+21,1.00841E+16,5.35532E+16
97706,97707,2,5,3,510,2016,8,18,4,3,4,2,0,0,0,1,0,1,0,0,5.71182E+20,5.93582E+21,1.00748E+16,5.35664E+16
97707,97708,2,1,12,130,2016,8,19,3,3,5,3,0,0,0,1,0,1,0,0,5.74722E+20,5.93328E+21,1.01276E+16,5.35431E+16
97708,97709,2,1,14,132,2016,8,16,4,3,5,3,0,0,1,1,0,0,0,0,5.68955E+20,5.93295E+21,1.00405E+16,5.35409E+16
97709,97710,2,1,4,112,2016,8,18,4,3,3,7,0,0,1,0,0,1,0,0,5.63725E+20,5.93349E+21,9.96176E+15,5.35464E+16
97710,97711,2,4,9,425,2016,8,17,4,3,5,3,0,0,0,1,0,0,0,1,5.70688E+20,5.93758E+21,1.00678E+16,5.35823E+16
97711,97712,2,5,5,513,2016,8,14,4,3,5,2,0,0,1,1,0,0,0,0,5.74629E+20,5.93816E+21,1.01274E+16,5.3587E+16
97712,97713,2,4,3,406,2016,8,17,2,3,4,2,0,1,1,1,0,0,0,0,5.65028E+20,5.94101E+21,9.98299E+15,5.36139E+16
97713,97714,2,4,4,407,2016,8,17,7,3,8,1,0,0,0,0,0,1,0,0,5.66592E+20,5.94139E+21,1.00067E+16,5.36171E+16
97714,97715,2,5,5,513,2016,8,12,4,3,5,3,0,1,0,1,0,0,0,0,5.74017E+20,5.93712E+21,1.01179E+16,5.35777E+16
97715,97716,2,1,1,102,2016,8,17,4,3,3,7,0,0,0,0,0,1,0,1,5.65968E+20,5.93381E+21,9.99567E+15,5.3549E+16
97716,97717,2,4,10,429,2016,8,16,4,3,5,2,0,0,0,1,0,0,0,0,5.68468E+20,5.94004E+21,1.00348E+16,5.36047E+16
97717,97718,2,5,6,514,2016,8,7,4,2,5,2,0,0,0,1,0,1,0,0,5.73684E+20,5.93956E+21,1.01135E+16,5.35997E+16
97718,97719,2,4,13,432,2016,8,20,2,3,5,3,1,0,1,1,0,0,0,0,5.66857E+20,5.94496E+21,1.00115E+16,5.36492E+16
97719,97720,2,4,4,407,2016,8,13,6,3,1,6,0,0,0,1,0,0,0,0,5.67424E+20,5.94108E+21,1.00192E+16,5.36142E+16
97720,97721,2,3,5,317,2016,8,5,2,3,5,3,1,0,1,1,0,0,0,0,5.62963E+20,5.93939E+21,9.95144E+15,5.35996E+16
97721,97722,2,5,18,526,2016,9,7,6,3,6,4,0,0,0,1,1,0,0,0,5.77073E+20,5.94287E+21,1.01655E+16,5.3629E+16
97722,97723,2,4,4,407,2016,8,20,5,3,4,2,0,0,0,1,0,1,0,0,5.65815E+20,5.93972E+21,9.9946E+15,5.36022E+16
97723,97724,2,5,5,513,2016,8,13,6,3,5,3,0,1,0,1,0,0,0,0,5.73013E+20,5.93805E+21,1.0103E+16,5.35862E+16
97724,97725,2,1,16,137,2016,9,19,5,3,0,7,0,0,0,0,0,1,0,0,5.65863E+20,5.93016E+21,9.99332E+15,5.35163E+16
97725,97726,2,4,6,415,2016,8,9,7,2,5,3,0,0,0,1,0,0,0,1,5.68117E+20,5.93631E+21,1.00286E+16,5.35712E+16
97726,97727,2,5,18,526,2016,8,14,6,3,3,6,0,1,0,1,0,0,0,0,5.77301E+20,5.94133E+21,1.01685E+16,5.36151E+16
97727,97728,2,6,1,601,2016,8,21,3,2,5,2,2,0,1,1,0,0,0,0,5.79616E+20,5.92856E+21,1.02003E+16,5.34999E+16
97728,97729,2,3,2,312,2016,8,12,2,3,1,6,0,0,0,1,0,0,0,0,5.65284E+20,5.93542E+21,9.98569E+15,5.35636E+16
97729,97730,2,5,7,515,2016,8,15,2,3,1,5,0,0,1,1,0,0,0,0,5.70904E+20,5.93931E+21,1.00714E+16,5.35978E+16
97730,97731,2,4,13,432,2016,8,8,4,3,5,2,0,0,1,1,0,0,0,0,5.66047E+20,5.94676E+21,9.9996E+15,5.36654E+16
97731,97732,2,1,8,124,2016,8,16,3,3,0,7,0,0,1,1,0,0,0,0,5.68964E+20,5.93418E+21,1.0041E+16,5.3552E+16
97732,97733,2,3,2,312,2016,8,18,2,3,2,6,0,1,0,1,0,0,0,0,5.65567E+20,5.93523E+21,9.98992E+15,5.35618E+16
97733,97734,2,4,11,430,2016,8,20,4,3,0,1,0,1,0,0,0,1,0,0,5.68856E+20,5.94043E+21,1.00407E+16,5.36081E+16
97734,97735,2,5,5,513,2016,8,13,4,3,5,2,0,0,1,1,0,0,0,0,5.74316E+20,5.93871E+21,1.01228E+16,5.35919E+16
97735,97736,2,2,14,227,2016,8,11,6,3,6,4,0,0,0,1,1,0,0,0,5.49652E+20,5.93706E+21,9.74995E+15,5.35801E+16
97736,97737,2,2,8,220,2016,8,17,7,3,4,7,0,0,0,1,0,1,0,0,5.58264E+20,5.93768E+21,9.88012E+15,5.35848E+16
97737,97738,2,3,1,305,2016,9,13,6,3,5,3,0,0,1,0,0,0,0,1,5.63018E+20,5.93683E+21,9.95177E+15,5.35765E+16
97738,97739,2,5,2,507,2016,8,23,6,3,0,7,2,0,0,1,1,0,0,0,5.71074E+20,5.93671E+21,1.00734E+16,5.35744E+16
97739,97740,2,5,2,508,2016,8,15,6,3,5,3,0,1,0,1,0,0,0,0,5.72086E+20,5.93681E+21,1.00887E+16,5.35752E+16
97740,97741,2,4,6,415,2016,9,15,5,3,1,6,0,0,0,1,0,0,0,0,5.68407E+20,5.9366E+21,1.00331E+16,5.35738E+16
97741,97742,2,5,18,526,2016,8,18,3,3,5,2,0,0,0,1,0,0,0,0,5.76516E+20,5.93813E+21,1.01559E+16,5.35865E+16
97742,97743,2,5,4,512,2016,8,9,4,3,5,3,0,1,1,1,0,0,0,0,5.73233E+20,5.93653E+21,1.01059E+16,5.35725E+16
97743,97744,2,4,11,430,2016,8,15,6,3,4,7,0,0,0,1,0,0,0,0,5.68508E+20,5.94112E+21,1.00356E+16,5.36144E+16