FID,OBJECTID,ULAND,UREGBEZ,UKREIS,UGEMEINDE,UJAHR,UMONAT,USTUNDE,UWOCHENTAG,UKATEGORIE,UART,UTYP1,ULICHTVERH,IstStrasse,IstRad,IstPKW,IstFuss,IstKrad,IstGkfz,IstSonstig,LINREFX,LINREFY,XGCSWGS84,YGCSWGS84
98285,98286,2,4,10,429,2016,9,10,2,3,3,6,0,0,0,1,0,0,1,0,5.68458E+20,5.93965E+21,1.00345E+16,5.36012E+16
98286,98287,2,4,10,426,2016,9,9,5,3,0,7,0,0,1,1,0,0,0,0,5.69753E+20,5.9386E+21,1.00539E+16,5.35916E+16
98287,98288,2,3,1,307,2016,9,19,5,2,6,4,2,0,0,1,1,0,0,0,5.63411E+20,5.93598E+21,9.95753E+15,5.35689E+16
98288,98289,2,2,7,219,2016,9,13,4,3,5,3,0,0,1,0,0,1,0,0,5.59305E+20,5.93465E+21,9.89528E+15,5.35573E+16
98289,98290,2,3,9,321,2016,9,10,5,3,2,6,0,0,0,1,0,0,0,0,5.61096E+20,5.93896E+21,9.92316E+15,5.35959E+16
98290,98291,2,5,10,518,2016,9,9,3,3,5,3,0,0,1,1,0,0,0,0,5.74082E+20,5.94578E+21,1.0121E+16,5.36555E+16
98291,98292,2,5,14,522,2016,9,11,4,3,1,5,0,0,1,1,0,0,0,0,5.73719E+20,5.95153E+21,1.01168E+16,5.37073E+16
98292,98293,2,5,3,510,2016,9,12,1,3,1,3,0,0,0,1,0,0,0,1,5.7091E+20,5.93633E+21,1.00708E+16,5.3571E+16
98293,98294,2,5,11,519,2016,9,14,2,3,4,2,0,0,0,1,0,0,0,0,5.71193E+20,5.94547E+21,1.00772E+16,5.36531E+16
98294,98295,2,5,15,523,2016,9,16,1,3,5,3,0,0,0,1,0,0,0,0,5.74395E+20,5.94999E+21,1.01267E+16,5.36933E+16
98295,98296,2,7,9,710,2016,9,12,2,3,6,4,0,0,0,0,1,0,0,1,5.62021E+20,5.92278E+21,9.93392E+15,5.34504E+16
98296,98297,2,4,9,424,2016,9,15,2,3,4,2,0,0,0,1,0,0,0,0,5.69874E+20,5.9376E+21,1.00555E+16,5.35826E+16
98297,98298,2,4,6,415,2016,9,21,7,3,5,3,2,0,0,1,0,0,0,0,5.67415E+20,5.93602E+21,1.0018E+16,5.35687E+16
98298,98299,2,4,10,428,2016,9,17,6,3,5,3,0,0,1,1,0,0,0,0,5.69469E+20,5.9389E+21,1.00496E+16,5.35943E+16
98299,98300,2,5,18,526,2016,9,19,4,3,5,2,2,0,0,1,0,0,0,0,5.75679E+20,5.93967E+21,1.01436E+16,5.36004E+16
98300,98301,2,4,13,432,2016,9,16,5,3,5,2,0,0,1,1,0,0,0,0,5.66681E+20,5.94485E+21,1.00088E+16,5.36482E+16
98301,98302,2,5,5,513,2016,9,19,7,3,5,2,2,0,0,1,0,0,0,0,5.74457E+20,5.93806E+21,1.01248E+16,5.35861E+16
98302,98303,2,4,4,407,2016,9,19,2,3,4,3,1,0,1,1,0,0,0,0,5.66796E+20,5.94078E+21,1.00097E+16,5.36116E+16
98303,98304,2,1,8,121,2016,9,11,4,3,2,6,0,0,0,1,0,0,0,0,5.68839E+20,5.93503E+21,1.00393E+16,5.35596E+16
98304,98305,2,2,5,215,2016,9,18,6,3,5,3,1,1,1,1,0,0,0,0,5.61477E+20,5.93501E+21,9.92814E+15,5.35603E+16
98305,98306,2,4,2,405,2016,9,11,4,3,6,7,0,0,0,1,1,0,0,0,5.65043E+20,5.93894E+21,9.98277E+15,5.35952E+16
98306,98307,2,2,11,223,2016,9,13,5,3,5,3,0,0,1,1,0,0,0,0,5.54728E+20,5.93537E+21,9.82631E+15,5.35644E+16
98307,98308,2,4,2,404,2016,9,15,3,3,5,3,0,0,1,1,0,0,0,1,5.6566E+20,5.93848E+21,9.99201E+15,5.3591E+16
98308,98309,2,4,6,415,2016,9,18,4,3,4,6,0,0,1,0,1,0,0,0,5.67502E+20,5.93579E+21,1.00192E+16,5.35666E+16
98309,98310,2,4,6,415,2016,9,19,1,3,2,2,0,0,0,1,0,1,0,0,5.68084E+20,5.93599E+21,1.00281E+16,5.35683E+16
98310,98311,2,2,11,224,2016,9,7,2,3,1,5,0,1,1,1,0,0,0,0,5.52947E+20,5.93569E+21,9.79949E+15,5.35674E+16
98311,98312,2,4,5,409,2016,9,6,5,3,3,2,1,0,1,1,0,0,0,0,5.68261E+20,5.93907E+21,1.00314E+16,5.3596E+16
98312,98313,2,2,11,223,2016,9,8,4,3,5,2,0,0,0,1,0,0,0,1,5.54558E+20,5.93497E+21,9.82367E+15,5.35607E+16
98313,98314,2,1,3,108,2016,9,20,7,2,5,3,2,0,1,1,0,0,0,0,5.65825E+20,5.93478E+21,9.99372E+15,5.35578E+16
98314,98315,2,5,10,518,2016,9,14,4,3,5,3,0,0,1,0,0,0,0,1,5.7301E+20,5.94481E+21,1.01045E+16,5.3647E+16
98315,98316,2,4,4,407,2016,9,9,7,3,5,2,0,1,1,1,0,0,0,0,5.66767E+20,5.94092E+21,1.00092E+16,5.36128E+16
98316,98317,2,4,6,415,2016,9,18,2,3,5,2,0,0,1,1,0,0,0,0,5.67338E+20,5.93571E+21,1.00167E+16,5.35659E+16
98317,98318,2,4,6,415,2016,9,16,4,3,1,6,0,0,0,1,0,0,0,0,5.68391E+20,5.93653E+21,1.00328E+16,5.35731E+16
98318,98319,2,3,1,309,2016,9,9,4,3,5,3,0,0,1,1,0,0,0,0,5.64144E+20,5.93624E+21,9.96864E+15,5.35711E+16
98319,98320,2,7,9,710,2016,9,7,2,2,6,4,0,0,0,1,1,0,0,0,5.63674E+20,5.92349E+21,9.95896E+15,5.34566E+16
98320,98321,2,3,5,317,2016,9,15,5,3,5,2,0,0,1,1,0,0,0,0,5.64051E+20,5.9379E+21,9.96758E+15,5.35861E+16
98321,98322,2,1,3,108,2016,9,9,4,3,5,3,0,0,1,0,0,0,0,1,5.65605E+20,5.93464E+21,9.99036E+15,5.35565E+16
98322,98323,2,2,8,220,2016,9,13,5,3,6,2,0,0,0,1,1,0,0,0,5.57277E+20,5.93929E+21,9.86551E+15,5.35993E+16
98323,98324,2,6,2,603,2016,9,7,6,3,0,7,0,0,1,0,0,0,0,0,5.81491E+20,5.92686E+21,1.02281E+16,5.34844E+16
98324,98325,2,3,5,317,2016,9,18,3,3,1,7,0,0,1,1,0,0,0,0,5.6354E+20,5.93951E+21,9.96019E+15,5.36005E+16
98325,98326,2,6,1,601,2016,9,20,7,3,8,1,2,0,0,1,0,0,0,0,5.81052E+20,5.92923E+21,1.02221E+16,5.35057E+16
98326,98327,2,1,16,136,2016,9,18,6,3,5,3,0,0,0,0,0,0,0,1,5.67054E+20,5.92872E+21,1.0011E+16,5.35032E+16
98327,98328,2,1,4,112,2016,9,19,5,3,4,7,2,1,0,1,0,0,0,0,5.6362E+20,5.93382E+21,9.96023E+15,5.35495E+16
98328,98329,2,4,12,431,2016,9,19,3,3,2,6,0,0,0,1,0,0,0,0,5.66585E+20,5.94286E+21,1.00069E+16,5.36303E+16
98329,98330,2,6,2,602,2016,9,9,3,2,5,3,0,0,0,1,0,0,0,0,5.80302E+20,5.92708E+21,1.02102E+16,5.34866E+16
98330,98331,2,4,6,414,2016,9,18,1,3,4,2,0,0,1,1,0,0,0,0,5.66919E+20,5.93678E+21,1.00107E+16,5.35756E+16
98331,98332,2,2,5,216,2016,9,19,7,3,1,5,2,0,1,1,0,0,0,0,5.60026E+20,5.93579E+21,9.90638E+15,5.35675E+16
98332,98333,2,2,11,223,2016,9,11,6,3,5,5,0,0,0,1,0,0,0,1,5.54039E+20,5.9352E+21,9.81589E+15,5.35629E+16
98333,98334,2,1,11,128,2016,9,22,3,3,5,3,2,0,1,0,0,1,0,0,5.72275E+20,5.93372E+21,1.00908E+16,5.35474E+16
98334,98335,2,2,3,209,2016,9,17,5,3,5,3,0,0,1,1,0,0,0,0,5.61945E+20,5.93565E+21,9.93532E+15,5.3566E+16
98335,98336,2,5,3,511,2016,9,16,6,3,5,2,0,0,0,1,0,1,0,0,5.7234E+20,5.93609E+21,1.00924E+16,5.35687E+16
98336,98337,2,3,1,309,2016,9,17,5,3,5,5,0,0,1,0,0,0,0,0,5.64406E+20,5.93595E+21,9.97253E+15,5.35685E+16
98337,98338,2,3,9,321,2016,9,14,1,3,2,6,0,0,0,1,0,0,0,0,5.61451E+20,5.93855E+21,9.92844E+15,5.35922E+16
98338,98339,2,1,4,111,2016,9,16,3,3,4,7,0,0,0,1,0,1,0,0,5.63693E+20,5.93384E+21,9.96134E+15,5.35496E+16
98339,98340,2,5,18,526,2016,9,7,2,2,5,3,1,0,1,1,0,0,0,0,5.77049E+20,5.94327E+21,1.01652E+16,5.36325E+16
98340,98341,2,5,2,507,2016,9,23,7,3,5,2,2,0,0,1,0,0,0,0,5.71166E+20,5.93673E+21,1.00748E+16,5.35746E+16
98341,98342,2,4,10,429,2016,9,7,6,3,5,3,0,0,1,1,0,0,0,0,5.68476E+20,5.94004E+21,1.00349E+16,5.36047E+16
98342,98343,2,1,12,130,2016,9,19,4,3,9,7,2,0,0,1,0,0,0,0,5.72675E+20,5.93314E+21,1.00967E+16,5.35421E+16
98343,98344,2,1,5,114,2016,9,14,6,3,5,3,0,0,1,1,0,0,0,0,5.67271E+20,5.93447E+21,1.00155E+16,5.35548E+16
98344,98345,2,7,13,714,2016,9,2,7,2,6,4,2,1,0,1,1,0,0,0,5.58638E+20,5.92585E+21,9.88356E+15,5.34783E+16
98345,98346,2,3,9,321,2016,9,11,2,3,8,1,0,0,0,1,0,0,0,0,5.59996E+20,5.93922E+21,9.90658E+15,5.35984E+16
98346,98347,2,3,2,311,2016,9,11,5,3,3,6,0,0,0,1,0,0,0,0,5.64924E+20,5.93576E+21,9.98032E+15,5.35666E+16
98347,98348,2,1,1,102,2016,9,7,5,3,0,7,0,0,0,1,1,0,0,0,5.65851E+20,5.93386E+21,9.99391E+15,5.35495E+16
98348,98349,2,2,3,210,2016,9,10,6,3,5,3,0,0,1,1,0,0,0,0,5.62026E+20,5.93456E+21,9.93633E+15,5.35563E+16
98349,98350,2,5,7,515,2016,9,16,3,3,6,7,0,0,0,1,1,0,0,0,5.73923E+20,5.94263E+21,1.01178E+16,5.36272E+16
98350,98351,2,1,3,108,2016,9,23,5,3,1,5,2,0,1,1,0,0,0,0,5.65604E+20,5.9348E+21,9.99038E+15,5.3558E+16
98351,98352,2,2,14,227,2016,9,15,5,3,5,3,0,0,1,1,0,0,0,0,5.50122E+20,5.93798E+21,9.75719E+15,5.35883E+16
98352,98353,2,1,1,101,2016,9,18,5,3,5,3,0,0,0,1,0,0,0,0,5.66592E+20,5.93395E+21,1.00051E+16,5.35502E+16
98353,98354,2,5,5,513,2016,9,22,3,1,4,2,2,0,0,0,0,1,0,1,5.74252E+20,5.93811E+21,1.01217E+16,5.35866E+16
98354,98355,2,2,8,220,2016,9,14,1,3,2,6,0,0,0,1,0,0,0,0,5.57471E+20,5.93883E+21,9.86837E+15,5.35952E+16
98355,98356,2,4,11,430,2016,9,19,2,3,1,6,2,1,0,1,0,0,0,1,5.68598E+20,5.94082E+21,1.00369E+16,5.36117E+16
98356,98357,2,2,9,221,2016,9,13,6,3,5,3,0,0,1,1,0,0,0,0,5.56502E+20,5.93709E+21,9.8534E+15,5.35796E+16
98357,98358,2,5,3,510,2016,9,19,4,3,5,3,2,0,0,1,0,1,0,0,5.70708E+20,5.93625E+21,1.00678E+16,5.35704E+16
98358,98359,2,4,4,407,2016,9,16,5,3,0,7,0,0,1,0,0,0,0,0,5.66457E+20,5.94051E+21,1.00045E+16,5.36092E+16
98359,98360,2,5,3,510,2016,9,14,7,3,3,6,0,0,1,0,0,0,0,1,5.70984E+20,5.93623E+21,1.00719E+16,5.35701E+16
98360,98361,2,2,7,219,2016,9,10,2,3,1,5,0,0,0,1,0,0,1,0,5.58836E+20,5.93465E+21,9.88819E+15,5.35574E+16
98361,98362,2,5,7,515,2016,9,20,4,3,5,3,2,0,0,1,0,1,0,0,5.72249E+20,5.94161E+21,1.00923E+16,5.36184E+16
98362,98363,2,2,3,210,2016,9,12,4,3,0,6,0,0,0,0,0,0,0,1,5.62483E+20,5.93453E+21,9.94323E+15,5.35559E+16
98363,98364,2,1,1,101,2016,9,17,5,3,6,7,0,0,1,0,1,0,0,0,5.6594E+20,5.93418E+21,9.99532E+15,5.35523E+16
98364,98365,2,1,4,109,2016,9,17,3,3,6,6,0,0,1,0,1,0,0,0,5.64694E+20,5.93526E+21,9.97674E+15,5.35622E+16
98365,98366,2,4,10,426,2016,9,19,4,3,5,3,1,0,0,1,0,0,0,0,5.70252E+20,5.93831E+21,1.00613E+16,5.35889E+16
98366,98367,2,3,7,319,2016,9,13,1,2,5,3,0,0,1,1,0,1,0,0,5.59402E+20,5.94219E+21,9.89817E+15,5.36252E+16
98367,98368,2,1,5,114,2016,9,9,2,3,3,6,0,0,0,1,0,0,0,1,5.66651E+20,5.93407E+21,1.0006E+16,5.35513E+16
98368,98369,2,4,10,426,2016,9,7,5,3,1,6,0,0,0,1,0,0,0,0,5.69988E+20,5.93852E+21,1.00574E+16,5.35908E+16
98369,98370,2,3,2,312,2016,9,17,6,3,6,7,0,0,1,0,1,0,0,0,5.66093E+20,5.9354E+21,9.99789E+15,5.35633E+16
98370,98371,2,3,6,318,2016,9,7,4,3,3,6,0,0,1,1,0,0,0,0,5.63237E+20,5.94419E+21,9.95656E+15,5.36426E+16
98371,98372,2,1,3,107,2016,9,15,5,3,5,3,0,0,1,1,0,0,0,0,5.65302E+20,5.93402E+21,9.98566E+15,5.3551E+16
98372,98373,2,4,5,408,2016,9,8,3,3,3,6,0,0,0,1,0,0,1,0,5.67494E+20,5.93956E+21,1.00199E+16,5.36005E+16
98373,98374,2,3,9,321,2016,9,15,4,3,0,3,0,0,1,1,0,0,0,0,5.61734E+20,5.939E+21,9.9328E+15,5.35962E+16
98374,98375,2,3,3,313,2016,9,21,1,3,0,7,2,0,1,0,0,0,0,0,5.65615E+20,5.93644E+21,9.99089E+15,5.35727E+16
98375,98376,2,4,10,426,2016,9,22,2,3,4,2,2,1,0,1,0,0,0,0,5.69592E+20,5.93805E+21,1.00513E+16,5.35867E+16
98376,98377,2,4,12,431,2016,9,11,4,3,0,7,0,0,1,0,0,0,0,1,5.67493E+20,5.94249E+21,1.00206E+16,5.36269E+16
98377,98378,2,3,9,321,2016,9,17,7,3,5,2,0,0,0,1,0,0,0,0,5.61959E+20,5.93859E+21,9.93612E+15,5.35925E+16
98378,98379,2,2,5,216,2016,9,7,2,3,5,3,0,0,1,1,0,0,0,0,5.60193E+20,5.93532E+21,9.90881E+15,5.35633E+16
98379,98380,2,5,9,517,2016,9,12,3,3,5,3,0,0,0,1,0,0,0,0,5.71684E+20,5.94406E+21,1.00843E+16,5.36404E+16
98380,98381,2,4,7,416,2016,9,11,4,2,5,3,0,1,1,1,0,0,0,0,5.67344E+20,5.93527E+21,1.00167E+16,5.3562E+16
98381,98382,2,1,18,139,2016,9,9,4,3,6,7,0,0,0,1,1,0,0,0,5.64046E+20,5.93303E+21,9.9665E+15,5.35422E+16
98382,98383,2,1,11,129,2016,9,14,2,3,5,3,0,0,1,0,0,0,0,1,5.7254E+20,5.93541E+21,1.00952E+16,5.35625E+16
98383,98384,2,1,8,121,2016,9,17,1,3,4,2,0,0,0,1,0,0,0,0,5.68939E+20,5.93458E+21,1.00407E+16,5.35556E+16
98384,98385,2,7,14,715,2016,9,7,3,3,5,3,0,1,1,1,0,0,0,0,5.57804E+20,5.9261E+21,9.87104E+15,5.34807E+16
98385,98386,2,1,1,101,2016,9,12,5,3,3,6,0,0,0,1,0,1,0,0,5.66242E+20,5.93459E+21,9.99997E+15,5.3556E+16
98386,98387,2,1,12,130,2016,9,9,6,3,5,3,0,0,1,1,0,0,0,0,5.76223E+20,5.93154E+21,1.01499E+16,5.35273E+16
98387,98388,2,2,1,203,2016,9,14,4,3,0,7,0,1,0,0,0,1,0,1,5.62745E+20,5.93401E+21,9.94707E+15,5.35512E+16
98388,98389,2,7,7,708,2016,9,13,6,3,2,6,0,0,0,1,0,0,0,0,5.65078E+20,5.91987E+21,9.97935E+15,5.34239E+16
98389,98390,2,3,6,318,2016,9,11,2,3,5,3,0,0,0,1,0,0,0,0,5.63063E+20,5.94274E+21,9.95364E+15,5.36296E+16
98390,98391,2,4,7,417,2016,9,6,3,3,5,3,0,0,0,1,0,0,0,0,5.67955E+20,5.93494E+21,1.00259E+16,5.35589E+16
98391,98392,2,2,1,206,2016,9,7,1,2,7,1,0,1,0,1,0,0,0,0,5.62626E+20,5.9353E+21,9.94553E+15,5.35628E+16
98392,98393,2,1,1,101,2016,9,14,7,3,0,7,0,0,0,0,0,0,0,1,5.66543E+20,5.9341E+21,1.00044E+16,5.35516E+16
98393,98394,2,2,1,203,2016,9,22,6,2,2,6,2,0,0,1,0,1,0,0,5.62343E+20,5.93388E+21,9.94098E+15,5.35501E+16
98394,98395,2,5,6,514,2016,9,7,3,3,6,4,0,0,0,1,1,0,0,0,5.73771E+20,5.93906E+21,1.01147E+16,5.35952E+16
98395,98396,2,1,19,140,2016,9,20,5,3,8,1,1,1,0,0,0,1,0,0,5.61409E+20,5.9301E+21,9.92614E+15,5.35163E+16
98396,98397,2,5,17,525,2016,9,21,6,3,9,1,2,1,0,0,0,1,0,0,5.76558E+20,5.94427E+21,1.0158E+16,5.36416E+16
98397,98398,2,7,4,705,2016,9,8,4,3,3,2,0,0,1,1,0,0,0,0,5.65871E+20,5.92201E+21,9.99172E+15,5.3443E+16
98398,98399,2,1,1,101,2016,9,19,1,3,2,6,1,0,0,1,0,0,0,0,5.66099E+20,5.93467E+21,9.99783E+15,5.35567E+16
98399,98400,2,7,10,711,2016,9,18,2,3,5,3,2,1,0,1,0,0,0,0,5.63917E+20,5.92432E+21,9.96279E+15,5.3464E+16
98400,98401,2,5,2,509,2016,9,7,2,2,6,2,0,1,0,1,1,0,0,0,5.71566E+20,5.93879E+21,1.00813E+16,5.35931E+16
98401,98402,2,2,4,214,2016,9,17,3,3,1,5,0,0,1,1,0,0,0,0,5.61297E+20,5.93384E+21,9.92518E+15,5.35499E+16
98402,98403,2,6,2,602,2016,9,11,7,3,5,3,0,0,0,1,0,0,0,0,5.79376E+20,5.92593E+21,1.0196E+16,5.34763E+16
98403,98404,2,5,6,514,2016,9,19,6,3,0,3,2,0,0,1,0,0,0,1,5.74054E+20,5.93986E+21,1.01191E+16,5.36023E+16
98404,98405,2,7,9,710,2016,9,12,4,3,1,5,0,0,1,1,0,0,0,0,5.63955E+20,5.92404E+21,9.96329E+15,5.34615E+16
98405,98406,2,3,2,312,2016,9,11,6,3,6,4,0,0,0,0,1,0,0,1,5.65592E+20,5.93514E+21,9.99027E+15,5.3561E+16
98406,98407,2,7,9,710,2016,9,13,4,3,1,5,0,0,0,0,0,0,1,1,5.63441E+20,5.92342E+21,9.95544E+15,5.34559E+16
98407,98408,2,3,7,319,2016,9,7,5,3,0,3,0,0,1,1,0,0,0,0,5.60358E+20,5.943E+21,9.91279E+15,5.36323E+16
98408,98409,2,3,8,320,2016,9,13,4,3,6,6,0,0,1,0,1,0,0,0,5.59531E+20,5.93995E+21,9.8997E+15,5.3605E+16
98409,98410,2,1,15,134,2016,9,23,4,3,7,7,2,0,1,0,0,0,0,0,5.67914E+20,5.93178E+21,1.00246E+16,5.35305E+16
98410,98411,2,5,2,506,2016,9,18,3,3,2,6,0,0,0,1,0,0,0,0,5.70815E+20,5.93729E+21,1.00696E+16,5.35797E+16
98411,98412,2,1,4,109,2016,9,14,1,3,3,6,0,0,0,1,0,0,0,0,5.64668E+20,5.93534E+21,9.97637E+15,5.3563E+16
98412,98413,2,5,7,515,2016,9,7,2,3,1,6,0,0,0,1,0,0,0,0,5.70108E+20,5.93906E+21,1.00593E+16,5.35957E+16
98413,98414,2,5,7,515,2016,9,10,4,2,9,7,0,0,0,1,0,0,0,0,5.72546E+20,5.94106E+21,1.00966E+16,5.36134E+16
98414,98415,2,4,8,421,2016,9,18,5,3,2,6,0,0,0,1,0,0,0,0,5.69284E+20,5.93765E+21,1.00466E+16,5.35832E+16
98415,98416,2,5,11,519,2016,9,11,7,3,3,6,0,0,0,1,0,1,0,0,5.72632E+20,5.94574E+21,1.0099E+16,5.36554E+16
98416,98417,2,4,2,405,2016,9,8,2,3,2,6,0,0,0,1,0,0,0,0,5.64999E+20,5.93905E+21,9.98214E+15,5.35963E+16
98417,98418,2,4,5,413,2016,9,13,7,3,1,5,0,0,1,1,0,0,0,0,5.66797E+20,5.93741E+21,1.0009E+16,5.35813E+16
98418,98419,2,5,1,504,2016,9,0,6,3,5,2,2,0,1,1,0,0,0,0,5.69799E+20,5.93651E+21,1.00541E+16,5.35728E+16
98419,98420,2,5,18,526,2016,9,22,4,3,3,6,2,0,1,1,0,0,0,0,5.76779E+20,5.94032E+21,1.01604E+16,5.36061E+16
98420,98421,2,5,10,518,2016,9,16,5,3,0,4,0,0,0,1,1,0,0,0,5.74114E+20,5.94449E+21,1.01211E+16,5.36439E+16
98421,98422,2,1,11,129,2016,9,11,7,3,1,6,0,0,0,1,0,0,0,0,5.7166E+20,5.93489E+21,1.00818E+16,5.3558E+16
98422,98423,2,4,3,406,2016,9,15,2,2,5,3,0,0,1,1,0,0,0,0,5.64158E+20,5.9409E+21,9.96982E+15,5.3613E+16
98423,98424,2,1,5,114,2016,9,11,5,2,6,4,0,0,0,1,1,0,0,0,5.66949E+20,5.93404E+21,1.00105E+16,5.3551E+16
98424,98425,2,2,1,206,2016,9,17,6,3,5,2,0,0,1,0,0,1,0,0,5.63542E+20,5.93491E+21,9.95928E+15,5.35592E+16
98425,98426,2,3,5,317,2016,9,16,4,3,5,3,0,0,0,1,0,0,0,0,5.63291E+20,5.93784E+21,9.95608E+15,5.35856E+16
98426,98427,2,6,9,610,2016,9,18,4,2,4,2,0,0,1,1,0,0,0,0,5.78826E+20,5.92513E+21,1.01875E+16,5.34693E+16
98427,98428,2,2,7,219,2016,9,7,3,3,5,3,0,0,0,1,0,1,0,0,5.5968E+20,5.93337E+21,9.90069E+15,5.35458E+16
98428,98429,2,2,11,223,2016,9,19,4,3,0,3,2,0,1,1,0,0,0,0,5.53619E+20,5.93526E+21,9.80955E+15,5.35635E+16
98429,98430,2,1,5,114,2016,9,19,1,3,5,2,1,0,0,1,0,0,0,0,5.67148E+20,5.9344E+21,1.00136E+16,5.35542E+16
98430,98431,2,2,13,226,2016,9,8,2,3,5,3,0,1,1,1,0,0,0,0,5.52749E+20,5.9371E+21,9.79673E+15,5.35801E+16
98431,98432,2,4,13,432,2016,9,10,5,3,4,2,0,0,1,1,0,0,0,0,5.66131E+20,5.94793E+21,1.00011E+16,5.3676E+16
98432,98433,2,4,7,416,2016,9,17,4,3,5,3,0,0,0,1,0,0,0,0,5.67966E+20,5.93471E+21,1.0026E+16,5.35569E+16
98433,98434,2,4,3,406,2016,9,6,7,3,4,6,1,1,0,1,0,0,0,1,5.63924E+20,5.94056E+21,9.96621E+15,5.361E+16
98434,98435,2,2,1,206,2016,9,17,2,3,0,6,0,0,1,0,0,0,0,1,5.62907E+20,5.93485E+21,9.94968E+15,5.35588E+16
98435,98436,2,5,16,524,2016,9,8,3,3,4,6,0,0,1,0,0,0,0,0,5.73801E+20,5.94866E+21,1.01174E+16,5.36815E+16
98436,98437,2,5,1,504,2016,9,10,4,2,0,1,0,1,1,0,0,0,0,0,5.7002E+20,5.93578E+21,1.00573E+16,5.35662E+16
98437,98438,2,6,2,603,2016,9,15,3,3,5,3,0,0,0,1,0,0,0,0,5.80671E+20,5.92722E+21,1.02158E+16,5.34878E+16
98438,98439,2,5,17,525,2016,9,21,2,3,2,6,2,0,0,1,0,0,0,0,5.759E+20,5.94509E+21,1.01483E+16,5.36491E+16
98439,98440,2,4,5,410,2016,9,12,4,3,2,6,0,0,0,1,0,0,0,1,5.67228E+20,5.93843E+21,1.00157E+16,5.35904E+16
98440,98441,2,2,3,208,2016,9,8,4,2,5,3,0,0,1,0,0,0,0,0,5.6319E+20,5.93551E+21,9.95409E+15,5.35647E+16
98441,98442,2,1,18,139,2016,9,15,3,2,4,7,0,0,1,0,0,1,0,0,5.64225E+20,5.93214E+21,9.96902E+15,5.35342E+16
98442,98443,2,7,13,714,2016,9,11,7,3,2,6,0,1,0,1,0,0,0,0,5.58079E+20,5.92571E+21,9.87511E+15,5.34771E+16
98443,98444,2,3,5,317,2016,9,19,5,3,6,2,2,1,0,1,1,0,0,0,5.63598E+20,5.93861E+21,9.96088E+15,5.35924E+16
98444,98445,2,3,3,314,2016,9,17,4,3,5,3,0,0,1,1,0,0,0,0,5.64775E+20,5.93711E+21,9.97836E+15,5.35789E+16
98445,98446,2,6,1,601,2016,9,15,4,3,2,6,0,0,1,1,0,0,0,0,5.80118E+20,5.92764E+21,1.02076E+16,5.34916E+16
98446,98447,2,6,3,604,2016,9,13,6,3,5,3,0,0,1,1,0,0,0,0,5.82299E+20,5.92595E+21,1.024E+16,5.34761E+16
98447,98448,2,2,7,219,2016,9,19,3,3,5,2,1,0,0,1,0,1,0,0,5.58314E+20,5.93344E+21,9.88009E+15,5.35467E+16
98448,98449,2,7,14,715,2016,9,13,7,3,4,2,0,0,1,1,0,0,0,0,5.5671E+20,5.92502E+21,9.85437E+15,5.34711E+16
98449,98450,2,7,1,702,2016,9,10,6,3,4,2,0,0,1,1,0,0,0,0,5.6545E+20,5.92345E+21,9.98568E+15,5.3456E+16
98450,98451,2,2,3,209,2016,9,2,5,3,0,7,2,0,1,0,0,0,0,0,5.62697E+20,5.93606E+21,9.94676E+15,5.35696E+16
98451,98452,2,2,1,205,2016,9,19,6,3,4,2,1,0,1,0,0,0,0,0,5.63207E+20,5.93403E+21,9.95404E+15,5.35514E+16
98452,98453,2,5,2,508,2016,9,18,3,3,5,3,1,0,0,1,0,0,0,0,5.72061E+20,5.93747E+21,1.00885E+16,5.35811E+16
98453,98454,2,4,5,413,2016,9,17,1,3,4,2,0,0,0,1,0,1,0,0,5.6617E+20,5.93785E+21,9.99957E+15,5.35853E+16
98454,98455,2,3,9,321,2016,9,21,7,3,5,2,2,0,0,1,0,0,0,0,5.61464E+20,5.93856E+21,9.92863E+15,5.35922E+16
98455,98456,2,7,10,711,2016,9,7,3,3,3,2,0,0,0,1,0,1,0,0,5.62256E+20,5.92384E+21,9.93768E+15,5.34599E+16
98456,98457,2,1,12,130,2016,9,18,4,3,0,6,0,0,0,1,0,1,0,0,5.73321E+20,5.93304E+21,1.01064E+16,5.35411E+16
98457,98458,2,5,6,514,2016,9,10,6,2,5,3,0,0,1,1,0,0,0,0,5.74364E+20,5.93935E+21,1.01237E+16,5.35977E+16
98458,98459,2,5,6,514,2016,9,16,4,3,5,3,0,0,1,1,0,0,0,0,5.74915E+20,5.94282E+21,1.01328E+16,5.36288E+16
98459,98460,2,1,4,111,2016,9,12,3,3,2,6,0,0,0,1,0,0,0,0,5.64456E+20,5.93436E+21,9.97296E+15,5.35542E+16
98460,98461,2,1,12,130,2016,9,14,2,3,6,7,0,0,1,0,1,0,0,0,5.73416E+20,5.93413E+21,1.01081E+16,5.3551E+16
98461,98462,2,5,4,512,2016,9,0,7,3,1,5,2,0,1,1,0,0,0,0,5.74548E+20,5.93651E+21,1.01258E+16,5.35722E+16
98462,98463,2,5,3,511,2016,9,10,6,3,2,6,0,0,0,1,0,0,0,0,5.72666E+20,5.93615E+21,1.00973E+16,5.35692E+16
98463,98464,2,6,1,601,2016,9,13,4,3,5,3,0,0,0,1,0,0,0,0,5.79908E+20,5.92853E+21,1.02047E+16,5.34996E+16
98464,98465,2,1,2,104,2016,9,15,6,3,5,3,0,0,0,1,0,1,0,0,5.66333E+20,5.93315E+21,1.0001E+16,5.35431E+16