FID,OBJECTID,ULAND,UREGBEZ,UKREIS,UGEMEINDE,UJAHR,UMONAT,USTUNDE,UWOCHENTAG,UKATEGORIE,UART,UTYP1,ULICHTVERH,IstStrasse,IstRad,IstPKW,IstFuss,IstKrad,IstGkfz,IstSonstig,LINREFX,LINREFY,XGCSWGS84,YGCSWGS84
98465,98466,2,3,3,313,2016,9,19,2,3,3,6,0,0,0,1,0,1,0,0,5.64457E+20,5.93658E+21,9.97343E+15,5.35741E+16
98466,98467,2,2,4,214,2016,9,9,5,3,5,2,0,0,0,1,0,1,0,0,5.61682E+20,5.93347E+21,9.93093E+15,5.35465E+16
98467,98468,2,3,6,318,2016,9,16,4,3,2,2,0,0,0,1,0,1,0,0,5.6362E+20,5.9428E+21,9.96207E+15,5.36301E+16
98468,98469,2,5,2,509,2016,9,12,4,3,5,3,0,0,1,1,0,0,0,0,5.71226E+20,5.93867E+21,1.00761E+16,5.3592E+16
98469,98470,2,4,11,430,2016,9,16,3,3,2,6,0,0,0,1,0,0,0,0,5.68079E+20,5.94241E+21,1.00294E+16,5.36261E+16
98470,98471,2,2,11,223,2016,9,9,4,3,1,6,0,0,0,1,0,0,0,0,5.54037E+20,5.9352E+21,9.81586E+15,5.35629E+16
98471,98472,2,2,1,202,2016,10,18,7,3,5,3,0,1,0,1,0,0,0,0,5.62031E+20,5.93346E+21,9.93619E+15,5.35464E+16
98472,98473,2,2,3,210,2016,10,9,7,3,6,7,0,0,1,0,1,0,0,0,5.62768E+20,5.93509E+21,9.94764E+15,5.35609E+16
98473,98474,2,4,13,432,2016,10,11,3,3,2,6,0,1,0,1,0,0,0,0,5.67081E+20,5.9451E+21,1.00149E+16,5.36503E+16
98474,98475,2,3,6,318,2016,10,7,4,3,5,3,0,0,1,0,0,0,0,1,5.62984E+20,5.94314E+21,9.95252E+15,5.36333E+16
98475,98476,2,7,1,702,2016,10,6,4,3,1,7,2,0,0,1,0,0,1,0,5.65464E+20,5.92433E+21,9.98608E+15,5.34639E+16
98476,98477,2,2,4,213,2016,10,13,4,3,0,7,0,1,1,0,0,0,0,0,5.61523E+20,5.93438E+21,9.9287E+15,5.35547E+16
98477,98478,2,4,8,423,2016,10,16,1,2,6,4,0,0,0,0,1,0,0,1,5.69605E+20,5.93719E+21,1.00513E+16,5.3579E+16
98478,98479,2,3,1,308,2016,10,5,2,3,5,3,2,0,1,1,0,0,0,0,5.63813E+20,5.93693E+21,9.96378E+15,5.35774E+16
98479,98480,2,1,16,136,2016,10,10,6,2,6,3,0,1,0,1,1,0,0,0,5.67595E+20,5.92609E+21,1.00186E+16,5.34795E+16
98480,98481,2,5,7,515,2016,10,5,5,2,6,2,2,1,0,1,1,0,0,0,5.71772E+20,5.93991E+21,1.00847E+16,5.36031E+16
98481,98482,2,1,4,111,2016,10,14,3,3,1,2,0,0,0,1,0,0,0,1,5.63772E+20,5.93384E+21,9.96253E+15,5.35496E+16
98482,98483,2,4,13,432,2016,10,14,4,3,0,7,0,0,0,0,0,1,0,0,5.66162E+20,5.94784E+21,1.00016E+16,5.36751E+16
98483,98484,2,5,13,521,2016,10,19,6,3,4,3,2,0,0,1,0,0,0,0,5.72796E+20,5.94911E+21,1.01023E+16,5.36856E+16
98484,98485,2,4,10,429,2016,10,13,6,3,5,3,0,0,0,1,0,0,0,0,5.68757E+20,5.94025E+21,1.00392E+16,5.36065E+16
98485,98486,2,1,12,130,2016,10,17,5,3,6,7,0,1,0,0,1,0,0,1,5.75902E+20,5.93129E+21,1.0145E+16,5.35251E+16
98486,98487,2,1,4,112,2016,10,1,7,3,1,6,2,0,0,1,0,0,0,0,5.64185E+20,5.9339E+21,9.96877E+15,5.355E+16
98487,98488,2,2,3,210,2016,10,15,5,3,3,6,0,0,0,1,0,0,0,1,5.62877E+20,5.93486E+21,9.94923E+15,5.35588E+16
98488,98489,2,4,5,410,2016,10,21,3,3,5,2,2,0,1,1,0,0,0,0,5.66688E+20,5.9379E+21,1.00074E+16,5.35857E+16
98489,98490,2,5,7,515,2016,10,13,3,3,1,5,0,1,0,1,0,0,0,0,5.70012E+20,5.93905E+21,1.00579E+16,5.35956E+16
98490,98491,2,5,18,526,2016,10,16,3,3,1,7,0,0,1,1,0,0,0,0,5.78133E+20,5.94013E+21,1.01808E+16,5.36042E+16
98491,98492,2,7,2,703,2016,10,11,7,3,2,6,0,1,0,1,0,0,0,0,5.66009E+20,5.92449E+21,9.99433E+15,5.34652E+16
98492,98493,2,5,4,512,2016,10,11,3,3,3,7,0,1,0,1,0,0,0,0,5.74558E+20,5.93638E+21,1.01259E+16,5.3571E+16
98493,98494,2,1,12,130,2016,10,16,3,2,6,4,0,0,0,0,1,0,0,1,5.73419E+20,5.93318E+21,1.0108E+16,5.35424E+16
98494,98495,2,4,10,429,2016,10,4,1,3,9,5,2,1,0,1,0,0,0,0,5.68751E+20,5.94026E+21,1.00391E+16,5.36067E+16
98495,98496,2,6,1,601,2016,10,15,2,3,3,6,0,0,0,1,0,1,0,0,5.80184E+20,5.92817E+21,1.02087E+16,5.34964E+16
98496,98497,2,4,8,423,2016,10,14,4,3,5,3,0,0,0,1,0,0,0,0,5.69346E+20,5.93759E+21,1.00475E+16,5.35826E+16
98497,98498,2,3,5,317,2016,10,20,6,3,5,3,2,0,1,1,0,0,0,0,5.64022E+20,5.93855E+21,9.96728E+15,5.35919E+16
98498,98499,2,3,9,321,2016,10,20,6,3,5,3,2,0,0,1,0,0,0,0,5.61166E+20,5.93851E+21,9.92413E+15,5.35918E+16
98499,98500,2,5,18,526,2016,10,14,5,3,6,7,0,0,1,0,1,0,0,0,5.7777E+20,5.94095E+21,1.01755E+16,5.36115E+16
98500,98501,2,3,6,318,2016,10,8,5,3,3,6,0,1,1,0,0,0,1,0,5.63881E+20,5.94375E+21,9.96621E+15,5.36386E+16
98501,98502,2,4,11,430,2016,10,12,3,3,2,6,0,1,0,1,0,0,0,1,5.69187E+20,5.94323E+21,1.00463E+16,5.36333E+16
98502,98503,2,4,11,430,2016,10,13,7,3,0,7,0,1,0,0,0,1,0,0,5.68247E+20,5.94245E+21,1.0032E+16,5.36263E+16
98503,98504,2,1,16,137,2016,9,12,6,3,2,6,0,0,0,1,0,0,0,0,5.66294E+20,5.9282E+21,9.99939E+15,5.34986E+16
98504,98505,2,5,5,513,2016,10,18,2,3,4,2,1,0,0,1,0,0,0,0,5.74456E+20,5.93806E+21,1.01248E+16,5.35861E+16
98505,98506,2,1,12,130,2016,10,17,4,3,2,6,0,0,0,1,0,0,0,0,5.74547E+20,5.93191E+21,1.01247E+16,5.35308E+16
98506,98507,2,5,4,512,2016,10,20,2,2,6,2,2,0,0,1,1,0,0,0,5.75562E+20,5.93783E+21,1.01414E+16,5.35839E+16
98507,98508,2,1,5,113,2016,10,20,5,3,6,4,2,0,1,0,1,0,0,0,5.67084E+20,5.93488E+21,1.00127E+16,5.35585E+16
98508,98509,2,1,12,130,2016,10,9,5,3,2,2,0,1,0,1,0,0,0,0,5.74789E+20,5.93178E+21,1.01283E+16,5.35297E+16
98509,98510,2,3,7,319,2016,10,12,5,3,2,6,0,0,0,1,0,0,0,0,5.60168E+20,5.94305E+21,9.90992E+15,5.36327E+16
98510,98511,2,3,6,318,2016,10,8,5,3,5,7,0,0,1,1,0,0,0,0,5.62134E+20,5.943E+21,9.93964E+15,5.36321E+16
98511,98512,2,1,8,126,2016,10,21,4,1,5,3,2,0,0,1,0,1,0,0,5.69415E+20,5.93403E+21,1.00477E+16,5.35506E+16
98512,98513,2,5,1,502,2016,10,16,3,1,3,2,0,0,1,0,0,0,1,0,5.69193E+20,5.9359E+21,1.00448E+16,5.35674E+16
98513,98514,2,4,13,432,2016,10,13,2,3,5,3,0,1,0,1,0,0,0,0,5.65536E+20,5.94695E+21,9.99191E+15,5.36671E+16
98514,98515,2,1,15,134,2016,10,18,7,3,2,6,0,0,0,1,0,0,0,0,5.6786E+20,5.93161E+21,1.00237E+16,5.35291E+16
98515,98516,2,3,2,311,2016,10,9,6,2,3,6,0,1,0,0,0,1,0,1,5.65182E+20,5.93642E+21,9.98435E+15,5.35726E+16
98516,98517,2,7,13,714,2016,10,15,6,3,3,6,0,0,0,1,0,1,0,0,5.59822E+20,5.92525E+21,9.90129E+15,5.34728E+16
98517,98518,2,1,12,130,2016,9,9,6,3,5,3,0,0,0,1,0,0,0,1,5.76058E+20,5.93108E+21,1.01473E+16,5.35231E+16
98518,98519,2,5,2,505,2016,10,0,2,3,0,7,2,0,0,1,0,0,0,0,5.7072E+20,5.93638E+21,1.0068E+16,5.35715E+16
98519,98520,2,5,7,515,2016,9,21,6,3,2,6,2,0,0,1,0,1,0,0,5.70092E+20,5.93882E+21,1.0059E+16,5.35936E+16
98520,98521,2,4,10,427,2016,10,19,3,3,0,6,0,0,1,0,0,0,0,0,5.68377E+20,5.93844E+21,1.0033E+16,5.35903E+16
98521,98522,2,5,7,515,2016,10,8,4,3,6,4,0,0,0,1,1,0,0,0,5.70117E+20,5.93886E+21,1.00594E+16,5.35938E+16
98522,98523,2,1,1,102,2016,10,16,4,3,5,2,0,0,1,0,0,0,0,1,5.65986E+20,5.93397E+21,9.99598E+15,5.35505E+16
98523,98524,2,3,7,319,2016,10,20,4,3,3,2,2,0,1,1,0,0,0,0,5.61411E+20,5.94269E+21,9.92865E+15,5.36294E+16
98524,98525,2,1,8,122,2016,10,18,2,3,2,6,1,1,0,1,0,0,0,1,5.69909E+20,5.93522E+21,1.00555E+16,5.35612E+16
98525,98526,2,1,7,120,2016,10,17,1,3,2,6,0,1,0,1,0,0,0,0,5.68151E+20,5.93469E+21,1.00288E+16,5.35566E+16
98526,98527,2,4,11,430,2016,10,22,2,3,4,2,2,1,0,1,0,0,0,0,5.68225E+20,5.94239E+21,1.00316E+16,5.36258E+16
98527,98528,2,3,5,317,2016,10,21,7,3,8,5,2,0,0,1,0,0,0,0,5.63918E+20,5.93938E+21,9.96587E+15,5.35993E+16
98528,98529,2,1,8,122,2016,10,14,5,2,4,2,0,1,0,1,0,0,0,1,5.70054E+20,5.93453E+21,1.00575E+16,5.3555E+16
98529,98530,2,5,11,519,2016,10,16,4,3,5,3,0,1,1,1,0,0,0,0,5.70622E+20,5.94713E+21,1.00689E+16,5.36682E+16
98530,98531,2,3,2,312,2016,10,16,3,3,2,6,0,1,0,1,0,0,0,0,5.65752E+20,5.93492E+21,9.99265E+15,5.3559E+16
98531,98532,2,3,8,320,2016,10,10,2,3,5,3,0,0,1,1,0,0,0,0,5.59863E+20,5.94051E+21,9.90482E+15,5.361E+16
98532,98533,2,2,2,207,2016,10,20,3,3,4,2,2,1,1,1,0,0,0,0,5.63729E+20,5.9352E+21,9.96217E+15,5.35618E+16
98533,98534,2,5,18,526,2016,10,11,7,3,2,6,0,0,0,1,0,0,0,0,5.76023E+20,5.94035E+21,1.0149E+16,5.36065E+16
98534,98535,2,1,1,101,2016,10,8,6,3,4,2,0,1,0,1,0,0,0,0,5.66296E+20,5.93455E+21,1.00008E+16,5.35556E+16
98535,98536,2,1,11,129,2016,10,1,6,3,5,3,2,0,0,1,0,0,0,0,5.71222E+20,5.93486E+21,1.00752E+16,5.35578E+16
98536,98537,2,5,8,516,2016,9,19,6,3,5,3,1,0,1,1,0,0,0,0,5.70228E+20,5.94074E+21,1.00615E+16,5.36108E+16
98537,98538,2,1,12,130,2016,10,13,6,3,5,3,0,1,0,1,0,0,0,0,5.76E+20,5.93189E+21,1.01466E+16,5.35305E+16
98538,98539,2,4,11,430,2016,9,12,6,3,5,2,0,0,0,1,1,0,0,0,5.69089E+20,5.94052E+21,1.00443E+16,5.36089E+16
98539,98540,2,5,1,504,2016,10,19,3,3,2,6,2,0,0,1,0,0,0,0,5.70069E+20,5.93619E+21,1.00581E+16,5.35699E+16
98540,98541,2,3,4,315,2016,10,15,3,3,5,2,0,1,0,1,0,0,0,0,5.78402E+20,5.92671E+21,1.01815E+16,5.34835E+16
98541,98542,2,1,3,108,2016,10,15,4,3,3,6,0,0,0,1,0,0,0,1,5.65144E+20,5.93474E+21,9.98343E+15,5.35575E+16
98542,98543,2,1,1,101,2016,10,11,2,3,3,2,0,0,0,0,0,1,0,1,5.66538E+20,5.93376E+21,1.00043E+16,5.35485E+16
98543,98544,2,6,1,601,2016,10,11,6,3,0,1,0,1,0,0,0,1,0,0,5.77651E+20,5.93005E+21,1.0171E+16,5.35136E+16
98544,98545,2,5,17,525,2016,10,10,5,3,5,3,0,1,1,1,0,0,0,0,5.7833E+20,5.94583E+21,1.01852E+16,5.36553E+16
98545,98546,2,4,10,429,2016,10,16,2,3,2,6,0,0,0,1,0,0,0,0,5.69534E+20,5.93947E+21,1.00507E+16,5.35995E+16
98546,98547,2,3,6,318,2016,10,8,4,3,0,5,0,0,0,1,0,0,0,0,5.63343E+20,5.94303E+21,9.95792E+15,5.36322E+16
98547,98548,2,4,8,421,2016,10,11,6,2,3,6,0,0,1,0,0,0,0,0,5.68742E+20,5.93699E+21,1.00382E+16,5.35772E+16
98548,98549,2,4,12,431,2016,10,6,6,3,2,6,2,1,0,1,0,0,0,0,5.66674E+20,5.94257E+21,1.00082E+16,5.36277E+16
98549,98550,2,1,12,130,2016,10,8,5,3,6,7,0,0,0,0,1,0,0,1,5.74875E+20,5.93189E+21,1.01296E+16,5.35306E+16
98550,98551,2,5,7,515,2016,9,17,6,3,5,3,0,0,1,1,0,0,0,0,5.7169E+20,5.94119E+21,1.00837E+16,5.36147E+16
98551,98552,2,1,4,112,2016,10,2,5,3,2,6,2,0,0,1,0,0,0,0,5.63354E+20,5.93385E+21,9.95623E+15,5.35497E+16
98552,98553,2,4,6,415,2016,10,20,5,2,6,4,2,0,1,0,1,0,0,0,5.67969E+20,5.93616E+21,1.00264E+16,5.35699E+16
98553,98554,2,1,17,138,2016,10,1,2,3,9,1,2,1,0,1,0,0,0,0,5.65167E+20,5.931E+21,9.983E+15,5.35238E+16
98554,98555,2,3,1,306,2016,10,11,4,3,5,2,0,0,1,1,0,0,0,0,5.63646E+20,5.93654E+21,9.96118E+15,5.35738E+16
98555,98556,2,5,9,517,2016,9,10,6,3,0,7,0,1,1,0,0,0,0,1,5.72915E+20,5.94404E+21,1.01029E+16,5.36401E+16
98556,98557,2,5,4,512,2016,10,7,6,3,5,3,0,0,0,1,0,0,1,0,5.74693E+20,5.93714E+21,1.01281E+16,5.35778E+16
98557,98558,2,5,18,526,2016,10,6,6,3,5,3,2,1,0,1,0,0,0,0,5.78461E+20,5.94051E+21,1.01859E+16,5.36075E+16
98558,98559,2,7,13,714,2016,10,19,1,3,0,1,2,1,0,0,0,1,0,0,5.5883E+20,5.92596E+21,9.88647E+15,5.34793E+16
98559,98560,2,1,16,137,2016,10,18,5,3,1,6,1,1,0,0,0,0,1,0,5.65919E+20,5.93052E+21,9.99423E+15,5.35194E+16
98560,98561,2,5,9,517,2016,9,8,6,3,2,6,0,0,0,1,0,0,0,0,5.71502E+20,5.94424E+21,1.00816E+16,5.3642E+16
98561,98562,2,1,3,106,2016,10,18,5,3,4,2,2,1,0,1,0,0,0,0,5.64235E+20,5.9339E+21,9.96954E+15,5.35501E+16
98562,98563,2,4,10,426,2016,10,15,3,3,4,2,0,0,1,1,0,0,0,0,5.69901E+20,5.93858E+21,1.00561E+16,5.35914E+16
98563,98564,2,5,7,515,2016,10,18,3,3,5,3,0,0,1,1,0,0,0,0,5.70163E+20,5.93892E+21,1.00601E+16,5.35944E+16
98564,98565,2,1,12,130,2016,10,15,3,2,3,2,0,0,0,1,0,0,1,0,5.76363E+20,5.93328E+21,1.01524E+16,5.35429E+16
98565,98566,2,4,6,414,2016,10,10,1,3,3,6,0,1,0,1,0,0,0,0,5.66971E+20,5.93676E+21,1.00114E+16,5.35754E+16
98566,98567,2,6,1,601,2016,10,16,1,3,0,6,0,0,0,1,0,0,0,0,5.78124E+20,5.92993E+21,1.01781E+16,5.35125E+16
98567,98568,2,1,5,113,2016,10,11,4,3,2,6,0,0,0,1,0,0,0,0,5.67027E+20,5.9348E+21,1.00119E+16,5.35578E+16
98568,98569,2,3,1,310,2016,10,18,5,3,6,7,1,1,0,1,1,0,0,0,5.63766E+20,5.936E+21,9.96289E+15,5.3569E+16
98569,98570,2,3,3,313,2016,10,16,6,3,2,6,0,0,0,1,0,0,0,1,5.64756E+20,5.93687E+21,9.97801E+15,5.35767E+16
98570,98571,2,2,8,220,2016,10,11,6,3,6,7,0,0,0,1,0,0,0,1,5.57726E+20,5.93847E+21,9.87214E+15,5.35919E+16
98571,98572,2,2,3,210,2016,10,19,5,3,6,4,2,1,0,1,1,0,0,0,5.62189E+20,5.93426E+21,9.93872E+15,5.35535E+16
98572,98573,2,5,4,512,2016,10,16,5,3,5,3,0,1,0,1,0,0,0,0,5.75702E+20,5.93784E+21,1.01435E+16,5.35839E+16
98573,98574,2,7,13,714,2016,10,22,4,3,2,6,2,0,0,1,0,1,0,0,5.59688E+20,5.92601E+21,9.89941E+15,5.34797E+16
98574,98575,2,4,13,432,2016,10,17,3,3,5,3,0,0,1,1,0,0,0,0,5.66492E+20,5.94591E+21,1.00062E+16,5.36577E+16
98575,98576,2,5,18,526,2016,10,16,2,3,3,6,0,0,1,0,0,0,0,0,5.76287E+20,5.94004E+21,1.01529E+16,5.36036E+16
98576,98577,2,4,2,404,2016,10,9,6,3,0,7,0,1,0,1,0,0,0,0,5.65278E+20,5.9382E+21,9.98617E+15,5.35886E+16
98577,98578,2,5,1,504,2016,10,8,3,2,6,2,0,0,0,1,1,0,0,0,5.70068E+20,5.93635E+21,1.00581E+16,5.35713E+16
98578,98579,2,4,11,430,2016,10,10,3,3,5,2,0,0,0,1,0,0,0,0,5.68225E+20,5.94239E+21,1.00316E+16,5.36259E+16
98579,98580,2,5,17,525,2016,10,16,7,2,5,3,0,0,1,1,0,0,0,0,5.76694E+20,5.94482E+21,1.01602E+16,5.36465E+16
98580,98581,2,4,13,432,2016,9,8,6,3,5,3,0,0,0,1,0,0,0,0,5.66042E+20,5.94677E+21,9.99954E+15,5.36655E+16
98581,98582,2,1,6,118,2016,10,16,1,3,0,7,0,1,0,0,0,1,0,1,5.68688E+20,5.93392E+21,1.00367E+16,5.35496E+16
98582,98583,2,7,1,702,2016,10,13,4,2,2,6,0,0,0,1,0,0,1,0,5.65977E+20,5.92501E+21,9.99395E+15,5.34699E+16
98583,98584,2,5,6,514,2016,10,7,5,3,3,6,0,0,1,1,0,0,0,0,5.73347E+20,5.94066E+21,1.01086E+16,5.36097E+16
98584,98585,2,4,9,425,2016,10,18,4,3,5,7,2,0,1,0,0,0,0,0,5.70392E+20,5.93816E+21,1.00634E+16,5.35876E+16
98585,98586,2,2,7,219,2016,10,16,3,3,2,6,0,1,0,1,0,0,0,0,5.58764E+20,5.93484E+21,9.88715E+15,5.35592E+16
98586,98587,2,4,13,432,2016,10,16,2,3,6,3,0,1,0,1,1,0,0,0,5.68151E+20,5.94823E+21,1.00318E+16,5.36783E+16
98587,98588,2,2,9,221,2016,10,17,3,3,5,3,0,0,1,1,0,0,0,0,5.56072E+20,5.93638E+21,9.84679E+15,5.35733E+16
98588,98589,2,6,2,602,2016,10,14,7,3,2,2,0,0,0,1,0,0,0,0,5.78292E+20,5.92819E+21,1.01802E+16,5.34969E+16
98589,98590,2,1,4,111,2016,10,16,6,3,3,6,0,1,0,1,0,0,0,0,5.64003E+20,5.93401E+21,9.96605E+15,5.3551E+16
98590,98591,2,6,5,606,2016,10,16,6,2,2,2,0,0,1,1,0,0,0,0,5.81467E+20,5.92249E+21,1.02266E+16,5.34452E+16
98591,98592,2,4,5,410,2016,9,13,6,2,5,3,0,0,0,1,0,1,0,0,5.66932E+20,5.93826E+21,1.00112E+16,5.35889E+16
98592,98593,2,4,5,413,2016,9,16,6,3,3,6,0,0,1,1,0,0,0,0,5.66862E+20,5.9371E+21,1.00099E+16,5.35785E+16
98593,98594,2,3,7,319,2016,10,13,7,3,5,2,0,0,1,1,0,0,0,0,5.59399E+20,5.94219E+21,9.89814E+15,5.36252E+16
98594,98595,2,4,5,409,2016,9,10,6,3,3,2,0,0,0,1,0,1,0,0,5.65838E+20,5.93904E+21,9.99481E+15,5.35961E+16
98595,98596,2,5,6,514,2016,10,2,1,3,1,7,2,0,0,1,0,0,0,1,5.74296E+20,5.94079E+21,1.0123E+16,5.36106E+16
98596,98597,2,1,8,125,2016,10,11,4,3,6,7,0,0,0,1,1,0,0,0,5.70662E+20,5.93428E+21,1.00666E+16,5.35526E+16
98597,98598,2,4,3,406,2016,10,7,4,3,5,3,0,0,1,0,0,0,0,1,5.64642E+20,5.94037E+21,9.97702E+15,5.36082E+16
98598,98599,2,4,13,432,2016,10,6,4,3,6,3,2,0,1,0,1,0,0,0,5.67227E+20,5.945E+21,1.00171E+16,5.36494E+16
98599,98600,2,7,9,710,2016,10,12,2,3,6,4,0,0,0,1,1,0,0,0,5.63403E+20,5.92347E+21,9.95487E+15,5.34564E+16
98600,98601,2,2,6,218,2016,10,19,2,3,0,3,1,1,0,0,1,0,0,1,5.58273E+20,5.93552E+21,9.87986E+15,5.35653E+16
98601,98602,2,1,17,138,2016,10,7,3,3,2,6,0,1,0,1,0,0,1,0,5.65193E+20,5.93137E+21,9.98347E+15,5.35272E+16
98602,98603,2,5,10,518,2016,10,17,7,3,5,3,0,0,1,1,0,0,0,0,5.73118E+20,5.94455E+21,1.01061E+16,5.36446E+16
98603,98604,2,7,3,704,2016,10,16,5,3,6,4,0,0,0,1,1,0,0,0,5.67055E+20,5.92297E+21,1.00098E+16,5.34515E+16
98604,98605,2,7,14,715,2016,10,14,3,3,2,7,0,0,0,1,0,0,1,0,5.56176E+20,5.9249E+21,9.8463E+15,5.34701E+16
98605,98606,2,4,10,427,2016,9,16,6,2,6,4,0,0,1,0,1,0,0,0,5.69098E+20,5.93856E+21,1.00439E+16,5.35913E+16
98606,98607,2,1,8,126,2016,10,13,6,3,5,7,0,0,0,1,0,1,0,0,5.69308E+20,5.93381E+21,1.00461E+16,5.35486E+16
98607,98608,2,1,3,108,2016,10,19,6,3,5,4,1,0,1,0,1,0,0,0,5.65189E+20,5.93454E+21,9.98406E+15,5.35557E+16
98608,98609,2,4,2,405,2016,9,21,6,3,3,6,2,0,1,0,0,0,0,0,5.64938E+20,5.93909E+21,9.98123E+15,5.35966E+16
98609,98610,2,1,1,102,2016,10,12,5,3,2,6,0,0,1,1,0,0,0,0,5.66062E+20,5.93352E+21,9.99703E+15,5.35464E+16
98610,98611,2,3,8,320,2016,10,18,3,3,0,6,0,0,1,0,0,0,0,1,5.59942E+20,5.93995E+21,9.9059E+15,5.36049E+16
98611,98612,2,5,4,512,2016,10,14,3,3,2,6,0,1,0,1,0,0,0,0,5.74691E+20,5.93726E+21,1.01281E+16,5.35789E+16
98612,98613,2,1,17,138,2016,10,10,3,3,2,6,0,0,0,1,0,0,0,1,5.66589E+20,5.93064E+21,1.00044E+16,5.35204E+16
98613,98614,2,2,11,223,2016,10,15,3,3,5,3,0,0,0,1,0,1,0,0,5.5473E+20,5.93537E+21,9.82635E+15,5.35644E+16
98614,98615,2,2,5,215,2016,10,13,4,3,5,3,0,0,0,1,0,0,0,0,5.61734E+20,5.93567E+21,9.93214E+15,5.35662E+16
98615,98616,2,7,1,702,2016,10,8,4,3,0,7,0,0,0,1,0,0,0,0,5.65895E+20,5.92512E+21,9.99275E+15,5.3471E+16
98616,98617,2,4,2,403,2016,10,6,4,3,6,4,2,1,0,1,1,0,0,0,5.64861E+20,5.93876E+21,9.98E+15,5.35937E+16
98617,98618,2,5,6,514,2016,10,12,2,3,3,6,0,0,0,1,0,1,0,0,5.7383E+20,5.93992E+21,1.01158E+16,5.36029E+16
98618,98619,2,4,4,407,2016,10,23,1,3,5,3,2,1,1,1,0,0,0,0,5.66644E+20,5.94052E+21,1.00073E+16,5.36093E+16
98619,98620,2,3,8,320,2016,10,18,2,3,1,6,2,0,0,1,0,0,0,0,5.59712E+20,5.93855E+21,9.90217E+15,5.35923E+16
98620,98621,2,7,1,702,2016,10,9,6,2,4,6,0,0,1,0,0,1,0,0,5.65205E+20,5.92369E+21,9.98206E+15,5.34582E+16
98621,98622,2,5,2,508,2016,10,7,5,3,4,2,0,0,0,1,0,0,0,0,5.72847E+20,5.93786E+21,1.01004E+16,5.35845E+16
98622,98623,2,4,13,432,2016,10,17,1,3,5,3,0,0,0,1,0,1,0,0,5.67153E+20,5.94754E+21,1.00165E+16,5.36722E+16
98623,98624,2,6,2,602,2016,10,15,3,3,5,3,0,0,0,1,0,0,0,0,5.78442E+20,5.92611E+21,1.0182E+16,5.34781E+16
98624,98625,2,5,7,515,2016,10,21,6,3,2,6,2,0,0,1,0,0,0,0,5.71532E+20,5.94028E+21,1.00811E+16,5.36064E+16
98625,98626,2,5,8,516,2016,10,13,6,3,5,3,0,1,1,1,0,0,0,0,5.69055E+20,5.94084E+21,1.00438E+16,5.36118E+16
98626,98627,2,4,7,416,2016,10,19,1,2,9,1,2,1,0,1,0,0,0,0,5.67675E+20,5.93497E+21,1.00217E+16,5.35593E+16
98627,98628,2,1,11,129,2016,10,16,5,2,0,1,1,1,0,0,0,1,0,0,5.72912E+20,5.93455E+21,1.01006E+16,5.35548E+16
98628,98629,2,3,4,315,2016,9,8,6,3,3,2,0,0,1,1,0,0,0,0,5.64561E+20,5.93711E+21,9.97512E+15,5.35788E+16
98629,98630,2,1,1,101,2016,10,8,5,3,5,3,0,0,0,1,0,0,0,0,5.66659E+20,5.93395E+21,1.00061E+16,5.35502E+16
98630,98631,2,2,5,216,2016,10,8,3,3,5,3,0,0,0,1,0,0,0,0,5.60864E+20,5.93551E+21,9.91898E+15,5.35649E+16
98631,98632,2,5,7,515,2016,10,17,3,3,5,3,1,0,0,1,0,0,0,0,5.71715E+20,5.93986E+21,1.00838E+16,5.36026E+16
98632,98633,2,5,18,526,2016,10,18,3,3,6,4,2,0,0,1,1,0,0,0,5.75423E+20,5.94232E+21,1.01404E+16,5.36242E+16
98633,98634,2,1,5,114,2016,10,15,1,3,6,4,0,0,0,1,1,0,0,0,5.67277E+20,5.93446E+21,1.00156E+16,5.35547E+16
98634,98635,2,4,10,426,2016,10,14,1,3,5,3,0,0,0,1,0,0,0,0,5.69728E+20,5.93784E+21,1.00533E+16,5.35847E+16
98635,98636,2,5,5,513,2016,10,18,1,3,4,2,2,0,0,1,0,0,0,1,5.72968E+20,5.93736E+21,1.01021E+16,5.358E+16
98636,98637,2,3,9,321,2016,10,15,1,3,2,6,0,0,0,1,0,1,0,0,5.61206E+20,5.93801E+21,9.92462E+15,5.35873E+16
98637,98638,2,6,2,603,2016,10,15,3,3,6,6,0,0,0,1,1,0,0,0,5.80084E+20,5.92615E+21,1.02067E+16,5.34782E+16
98638,98639,2,2,10,222,2016,10,9,6,2,1,6,0,0,0,1,0,0,0,1,5.55183E+20,5.93446E+21,9.83303E+15,5.35562E+16
98639,98640,2,4,8,422,2016,10,14,6,3,0,3,0,1,1,0,0,0,0,0,5.68744E+20,5.93693E+21,1.00382E+16,5.35767E+16
98640,98641,2,1,8,122,2016,10,16,5,3,1,6,0,1,0,1,0,0,0,0,5.69886E+20,5.93458E+21,1.0055E+16,5.35555E+16
98641,98642,2,2,8,220,2016,10,7,5,3,4,2,1,1,0,1,0,0,0,0,5.56968E+20,5.93913E+21,9.86081E+15,5.35979E+16
98642,98643,2,4,8,423,2016,10,12,3,2,3,6,0,0,1,0,0,0,0,0,5.69079E+20,5.93747E+21,1.00434E+16,5.35815E+16
98643,98644,2,4,13,432,2016,10,10,7,3,5,3,0,0,1,1,0,0,0,0,5.67861E+20,5.94758E+21,1.00272E+16,5.36726E+16