FID,OBJECTID,ULAND,UREGBEZ,UKREIS,UGEMEINDE,UJAHR,UMONAT,USTUNDE,UWOCHENTAG,UKATEGORIE,UART,UTYP1,ULICHTVERH,IstStrasse,IstRad,IstPKW,IstFuss,IstKrad,IstGkfz,IstSonstig,LINREFX,LINREFY,XGCSWGS84,YGCSWGS84
98823,98824,2,6,1,601,2016,11,9,4,3,4,2,0,1,1,1,0,0,0,0,5.7841E+20,5.92833E+21,1.01821E+16,5.34981E+16
98824,98825,2,3,7,319,2016,11,12,3,3,4,2,0,0,0,1,0,0,0,0,5.59404E+20,5.94219E+21,9.89821E+15,5.36252E+16
98825,98826,2,3,3,314,2016,10,16,5,3,4,2,0,0,0,1,0,0,0,0,5.65795E+20,5.93761E+21,9.99387E+15,5.35832E+16
98826,98827,2,4,3,406,2016,11,21,3,3,6,2,2,1,0,1,1,0,0,0,5.64752E+20,5.94027E+21,9.97865E+15,5.36072E+16
98827,98828,2,3,2,311,2016,11,20,4,3,0,7,2,2,1,0,0,0,0,0,5.64839E+20,5.9361E+21,9.97911E+15,5.35698E+16
98828,98829,2,5,6,514,2016,11,10,7,3,5,3,0,1,0,1,0,0,0,1,5.74249E+20,5.94018E+21,1.01221E+16,5.36052E+16
98829,98830,2,1,8,121,2016,10,7,2,3,5,7,1,1,1,1,0,0,0,0,5.68895E+20,5.93484E+21,1.00401E+16,5.3558E+16
98830,98831,2,1,20,141,2016,10,17,3,3,3,6,0,0,1,0,0,0,0,1,5.58256E+20,5.93164E+21,9.87889E+15,5.35304E+16
98831,98832,2,4,12,431,2016,10,18,6,3,6,4,2,1,0,1,1,0,0,0,5.6825E+20,5.94346E+21,1.00322E+16,5.36354E+16
98832,98833,2,1,12,130,2016,10,21,6,3,6,2,2,1,0,1,1,0,0,0,5.73348E+20,5.93374E+21,1.0107E+16,5.35474E+16
98833,98834,2,3,9,321,2016,10,14,2,3,2,6,0,1,0,1,0,0,0,1,5.62218E+20,5.93865E+21,9.94005E+15,5.35929E+16
98834,98835,2,7,7,708,2016,10,19,2,3,6,4,2,0,0,1,1,0,0,0,5.65197E+20,5.92003E+21,9.98116E+15,5.34252E+16
98835,98836,2,2,4,211,2016,10,15,1,3,0,7,0,0,0,1,0,1,0,0,5.61074E+20,5.93437E+21,9.92192E+15,5.35547E+16
98836,98837,2,4,8,423,2016,10,10,7,3,0,1,0,1,1,0,0,0,0,0,5.69335E+20,5.93728E+21,1.00472E+16,5.35797E+16
98837,98838,2,2,4,211,2016,11,8,6,3,0,7,0,2,1,0,0,0,0,0,5.61891E+20,5.93448E+21,9.93428E+15,5.35556E+16
98838,98839,2,3,6,318,2016,11,13,4,3,4,2,0,1,1,1,0,0,0,0,5.62908E+20,5.9421E+21,9.95116E+15,5.36239E+16
98839,98840,2,5,17,525,2016,11,7,2,3,5,3,0,1,1,1,0,0,0,0,5.77088E+20,5.94543E+21,1.01663E+16,5.36519E+16
98840,98841,2,3,2,311,2016,10,18,4,3,3,6,0,0,1,1,0,0,0,0,5.64869E+20,5.9357E+21,9.97948E+15,5.35661E+16
98841,98842,2,6,14,615,2016,11,17,6,3,5,3,2,1,1,1,0,0,0,0,5.78172E+20,5.92594E+21,1.01779E+16,5.34766E+16
98842,98843,2,4,10,426,2016,11,8,6,3,6,4,0,2,0,1,1,0,0,0,5.69799E+20,5.9379E+21,1.00544E+16,5.35853E+16
98843,98844,2,5,10,518,2016,11,14,4,3,6,3,0,0,0,1,1,0,0,0,5.74414E+20,5.94441E+21,1.01256E+16,5.36432E+16
98844,98845,2,2,1,204,2016,11,15,3,3,6,7,0,1,1,0,1,0,0,0,5.62825E+20,5.9345E+21,9.94838E+15,5.35557E+16
98845,98846,2,5,8,516,2016,10,14,4,3,3,2,0,0,1,0,0,0,0,0,5.69839E+20,5.94026E+21,1.00555E+16,5.36065E+16
98846,98847,2,2,4,214,2016,11,17,7,3,8,7,2,1,0,1,0,0,0,0,5.61717E+20,5.93334E+21,9.93143E+15,5.35453E+16
98847,98848,2,4,5,408,2016,10,17,6,3,1,6,0,1,0,1,0,0,1,0,5.66471E+20,5.93951E+21,1.00045E+16,5.36002E+16
98848,98849,2,1,12,130,2016,10,20,6,3,5,3,2,0,1,1,0,0,0,0,5.7344E+20,5.93509E+21,1.01087E+16,5.35595E+16
98849,98850,2,1,2,103,2016,10,8,2,3,2,6,0,1,0,1,0,0,0,0,5.66465E+20,5.93306E+21,1.0003E+16,5.35422E+16
98850,98851,2,1,20,141,2016,11,6,3,3,6,3,2,1,0,1,1,0,0,0,5.58244E+20,5.93188E+21,9.87875E+15,5.35326E+16
98851,98852,2,4,1,401,2016,11,18,4,3,5,3,2,1,0,1,0,0,0,0,5.64377E+20,5.93763E+21,9.97245E+15,5.35836E+16
98852,98853,2,1,11,128,2016,11,19,5,3,6,2,2,1,0,1,1,0,0,0,5.71852E+20,5.93412E+21,1.00845E+16,5.3551E+16
98853,98854,2,5,18,526,2016,11,7,6,3,5,3,0,1,1,1,0,0,0,0,5.76726E+20,5.94009E+21,1.01595E+16,5.36041E+16
98854,98855,2,7,1,702,2016,10,15,2,3,6,4,0,0,0,0,1,0,0,1,5.65029E+20,5.92398E+21,9.97946E+15,5.34608E+16
98855,98856,2,4,8,420,2016,10,13,6,3,2,6,0,1,0,1,0,0,0,0,5.68434E+20,5.93663E+21,1.00335E+16,5.35741E+16
98856,98857,2,5,7,515,2016,11,12,5,3,2,6,0,0,0,1,0,0,0,0,5.71302E+20,5.94148E+21,1.00779E+16,5.36172E+16
98857,98858,2,4,7,417,2016,10,19,6,3,2,6,2,0,1,1,1,0,0,0,5.68052E+20,5.93501E+21,1.00274E+16,5.35595E+16
98858,98859,2,7,2,703,2016,11,15,5,3,2,6,0,0,0,1,0,0,0,0,5.6671E+20,5.92423E+21,1.00048E+16,5.34628E+16
98859,98860,2,2,5,216,2016,10,17,1,3,4,2,2,0,0,1,0,0,0,0,5.60884E+20,5.93542E+21,9.91927E+15,5.35641E+16
98860,98861,2,1,8,122,2016,11,6,3,3,0,7,2,1,0,0,0,1,0,0,5.69891E+20,5.93454E+21,1.0055E+16,5.35551E+16
98861,98862,2,1,3,107,2016,11,9,4,3,5,3,0,1,1,1,0,0,0,0,5.65161E+20,5.93425E+21,9.98358E+15,5.35531E+16
98862,98863,2,4,3,406,2016,11,12,3,3,1,6,0,1,0,1,0,0,1,0,5.65994E+20,5.94178E+21,9.99775E+15,5.36207E+16
98863,98864,2,5,10,518,2016,11,9,5,3,5,3,0,1,0,1,0,0,0,0,5.72789E+20,5.94467E+21,1.01011E+16,5.36457E+16
98864,98865,2,2,3,208,2016,11,19,3,3,2,6,2,1,0,1,0,0,0,1,5.63492E+20,5.93534E+21,9.95862E+15,5.35631E+16
98865,98866,2,7,1,702,2016,10,21,3,3,4,2,2,0,0,1,0,0,0,0,5.65978E+20,5.92503E+21,9.99397E+15,5.34702E+16
98866,98867,2,4,7,416,2016,11,10,6,3,3,2,0,1,1,1,0,0,0,0,5.67913E+20,5.93512E+21,1.00253E+16,5.35605E+16
98867,98868,2,1,16,137,2016,10,13,2,3,2,6,0,0,0,1,0,0,0,0,5.66147E+20,5.92739E+21,9.99702E+15,5.34913E+16
98868,98869,2,4,8,421,2016,10,8,6,3,6,4,1,1,0,1,1,0,0,0,5.689E+20,5.9373E+21,1.00407E+16,5.358E+16
98869,98870,2,1,11,128,2016,10,12,2,3,5,3,0,0,0,1,0,0,0,0,5.72345E+20,5.93332E+21,1.00918E+16,5.35438E+16
98870,98871,2,2,5,217,2016,10,18,7,3,4,2,2,0,0,1,0,0,0,0,5.59371E+20,5.93815E+21,9.89694E+15,5.35888E+16
98871,98872,2,3,8,320,2016,11,19,5,3,2,6,2,0,0,1,0,0,0,0,5.59331E+20,5.93992E+21,9.89668E+15,5.36048E+16
98872,98873,2,4,6,415,2016,11,12,6,3,2,6,0,1,0,1,0,0,0,0,5.68182E+20,5.93632E+21,1.00296E+16,5.35713E+16
98873,98874,2,1,5,113,2016,11,22,5,3,1,5,2,0,1,1,0,0,0,0,5.67157E+20,5.93496E+21,1.00139E+16,5.35592E+16
98874,98875,2,2,11,223,2016,11,16,3,3,5,3,0,1,1,1,0,0,0,0,5.54338E+20,5.93517E+21,9.82039E+15,5.35626E+16
98875,98876,2,5,2,509,2016,11,11,3,3,2,6,0,1,0,1,0,0,0,0,5.71372E+20,5.93813E+21,1.00782E+16,5.35871E+16
98876,98877,2,3,5,317,2016,11,8,3,3,3,2,0,1,1,0,0,0,0,1,5.63438E+20,5.93934E+21,9.95861E+15,5.3599E+16
98877,98878,2,2,8,220,2016,11,6,4,3,4,2,0,0,0,1,0,0,0,1,5.57882E+20,5.93826E+21,9.87447E+15,5.359E+16
98878,98879,2,7,1,701,2016,11,9,7,3,5,3,0,1,1,1,0,0,0,0,5.64463E+20,5.92428E+21,9.971E+15,5.34636E+16
98879,98880,2,1,13,131,2016,10,13,2,3,5,3,0,1,0,1,0,0,0,0,5.71462E+20,5.93048E+21,1.00778E+16,5.35184E+16
98880,98881,2,1,16,137,2016,10,17,3,3,2,6,1,0,0,1,0,0,0,0,5.66299E+20,5.9282E+21,9.99947E+15,5.34986E+16
98881,98882,2,5,7,515,2016,11,7,3,3,1,5,0,1,0,1,0,0,0,0,5.69845E+20,5.93947E+21,1.00554E+16,5.35994E+16
98882,98883,2,7,1,702,2016,11,7,3,2,6,4,0,1,0,1,1,0,0,0,5.65485E+20,5.92332E+21,9.98619E+15,5.34548E+16
98883,98884,2,2,5,215,2016,11,18,3,3,5,3,2,1,0,1,0,0,0,0,5.60785E+20,5.93716E+21,9.9181E+15,5.35798E+16
98884,98885,2,1,12,130,2016,11,19,4,3,6,4,2,1,0,1,1,0,0,0,5.76071E+20,5.93182E+21,1.01476E+16,5.35298E+16
98885,98886,2,5,17,525,2016,11,17,1,3,5,3,2,1,0,1,0,0,0,0,5.76926E+20,5.94484E+21,1.01637E+16,5.36467E+16
98886,98887,2,7,9,710,2016,10,11,2,3,5,3,0,1,0,1,0,0,0,1,5.62175E+20,5.92328E+21,9.93635E+15,5.34549E+16
98887,98888,2,1,13,131,2016,10,14,3,3,2,6,0,0,0,1,0,0,1,0,5.7269E+20,5.93215E+21,1.00967E+16,5.35332E+16
98888,98889,2,2,4,212,2016,11,13,6,3,5,3,0,0,0,1,0,0,0,0,5.60908E+20,5.93479E+21,9.91949E+15,5.35585E+16
98889,98890,2,4,9,424,2016,10,10,2,3,0,7,0,0,1,0,0,0,0,0,5.70367E+20,5.93708E+21,1.00628E+16,5.35779E+16
98890,98891,2,5,11,519,2016,10,15,2,3,5,3,0,0,0,1,0,0,0,1,5.71175E+20,5.94583E+21,1.0077E+16,5.36564E+16
98891,98892,2,5,10,518,2016,10,18,2,3,5,2,1,0,1,1,0,0,0,0,5.72856E+20,5.94485E+21,1.01022E+16,5.36474E+16
98892,98893,2,1,4,110,2016,10,13,7,3,0,7,0,1,1,0,0,0,0,0,5.63615E+20,5.93412E+21,9.96022E+15,5.35521E+16
98893,98894,2,2,8,220,2016,11,13,6,3,2,6,0,0,0,1,0,0,0,0,5.58892E+20,5.93958E+21,9.88997E+15,5.36018E+16
98894,98895,2,5,18,526,2016,11,10,4,3,5,7,0,1,1,1,0,0,0,0,5.75911E+20,5.94063E+21,1.01474E+16,5.3609E+16
98895,98896,2,3,1,304,2016,11,13,3,3,5,3,0,1,0,1,0,0,0,1,5.62289E+20,5.93676E+21,9.94074E+15,5.3576E+16
98896,98897,2,6,1,601,2016,10,15,4,3,2,6,0,0,0,1,0,0,0,0,5.80013E+20,5.92794E+21,1.02061E+16,5.34943E+16
98897,98898,2,5,3,510,2016,11,5,7,3,8,1,2,1,0,1,0,0,0,0,5.7131E+20,5.93587E+21,1.00768E+16,5.35669E+16
98898,98899,2,5,2,507,2016,10,14,2,3,2,6,0,1,0,1,0,1,0,0,5.70885E+20,5.93654E+21,1.00705E+16,5.35729E+16
98899,98900,2,1,14,132,2016,10,9,3,3,4,2,0,0,1,1,0,0,0,0,5.6965E+20,5.93286E+21,1.0051E+16,5.354E+16
98900,98901,2,4,7,416,2016,10,16,6,3,2,6,0,1,0,1,0,0,0,0,5.67725E+20,5.93495E+21,1.00224E+16,5.3559E+16
98901,98902,2,1,11,129,2016,10,17,6,3,3,2,0,1,1,1,0,0,0,0,5.72005E+20,5.93425E+21,1.00869E+16,5.35522E+16
98902,98903,2,3,1,303,2016,10,15,2,2,1,5,0,2,1,1,0,0,0,0,5.62765E+20,5.93697E+21,9.94796E+15,5.35778E+16
98903,98904,2,2,5,216,2016,10,8,2,3,3,6,0,0,1,1,0,0,0,0,5.60237E+20,5.93497E+21,9.90941E+15,5.35602E+16
98904,98905,2,1,6,115,2016,10,3,1,3,3,2,2,0,1,1,0,0,0,0,5.66816E+20,5.93398E+21,1.00085E+16,5.35505E+16
98905,98906,2,1,5,114,2016,11,21,4,3,1,7,2,0,0,1,0,0,0,0,5.66743E+20,5.93488E+21,1.00076E+16,5.35586E+16
98906,98907,2,3,8,320,2016,10,10,6,3,2,6,0,1,0,1,0,0,0,0,5.59909E+20,5.94027E+21,9.90548E+15,5.36078E+16
98907,98908,2,1,8,121,2016,10,7,6,3,0,7,1,1,1,0,0,0,0,0,5.69451E+20,5.93498E+21,1.00485E+16,5.35591E+16
98908,98909,2,3,7,319,2016,10,18,2,3,0,7,2,0,0,1,0,0,0,0,5.5996E+20,5.94498E+21,9.90715E+15,5.36502E+16
98909,98910,2,4,8,423,2016,10,13,2,3,1,7,0,1,0,1,0,0,0,1,5.69515E+20,5.93757E+21,1.005E+16,5.35823E+16
98910,98911,2,3,8,320,2016,10,7,6,3,5,3,1,1,0,0,0,1,0,1,5.58247E+20,5.94102E+21,9.88049E+15,5.36147E+16
98911,98912,2,2,3,210,2016,10,16,2,2,4,6,0,0,1,0,0,0,0,0,5.62857E+20,5.93483E+21,9.94893E+15,5.35586E+16
98912,98913,2,1,11,129,2016,10,17,7,3,0,6,1,1,1,1,0,0,0,0,5.71432E+20,5.93453E+21,1.00783E+16,5.35548E+16
98913,98914,2,1,5,114,2016,10,5,7,3,0,7,2,0,1,0,0,0,0,0,5.67303E+20,5.93413E+21,1.00159E+16,5.35517E+16
98914,98915,2,3,9,321,2016,11,19,6,3,5,3,2,0,1,1,0,0,0,0,5.62328E+20,5.93641E+21,9.94126E+15,5.35729E+16
98915,98916,2,4,8,422,2016,11,6,4,3,5,3,1,1,0,1,0,0,0,0,5.69158E+20,5.93674E+21,1.00445E+16,5.3575E+16
98916,98917,2,7,4,705,2016,11,18,2,2,1,5,2,1,0,1,0,0,1,0,5.64483E+20,5.92278E+21,9.97099E+15,5.34501E+16
98917,98918,2,5,13,521,2016,10,23,4,3,1,5,2,0,0,1,0,0,0,0,5.72071E+20,5.94738E+21,1.00909E+16,5.36702E+16
98918,98919,2,1,4,112,2016,11,13,7,3,2,6,0,1,0,1,0,0,0,1,5.63799E+20,5.9335E+21,9.96288E+15,5.35465E+16
98919,98920,2,2,9,221,2016,10,15,6,3,3,5,0,1,0,1,0,0,0,1,5.56762E+20,5.93808E+21,9.85752E+15,5.35885E+16
98920,98921,2,1,6,118,2016,10,17,6,3,5,3,0,1,0,1,0,0,0,0,5.68667E+20,5.93396E+21,1.00364E+16,5.355E+16
98921,98922,2,1,19,140,2016,11,6,5,3,4,7,2,0,0,0,0,0,1,1,5.6061E+20,5.92992E+21,9.91406E+15,5.35148E+16
98922,98923,2,5,8,516,2016,10,16,1,2,6,4,0,0,0,1,1,0,0,0,5.70042E+20,5.94068E+21,1.00587E+16,5.36103E+16
98923,98924,2,3,6,318,2016,10,12,1,3,6,7,0,0,0,0,1,1,0,0,5.64255E+20,5.94439E+21,9.972E+15,5.36443E+16
98924,98925,2,6,1,601,2016,11,14,3,3,5,3,0,1,0,1,0,0,0,0,5.79928E+20,5.92763E+21,1.02047E+16,5.34915E+16
98925,98926,2,2,1,203,2016,11,13,4,3,5,2,0,1,0,1,0,0,0,0,5.62153E+20,5.93389E+21,9.93811E+15,5.35502E+16
98926,98927,2,5,7,515,2016,11,6,3,3,1,2,1,1,0,1,0,0,0,0,5.71468E+20,5.9405E+21,1.00802E+16,5.36085E+16
98927,98928,2,1,12,130,2016,11,7,5,3,6,4,1,0,0,1,1,0,0,0,5.76127E+20,5.93182E+21,1.01485E+16,5.35297E+16
98928,98929,2,5,5,513,2016,10,16,3,2,4,2,0,0,0,1,0,1,0,0,5.74417E+20,5.93828E+21,1.01242E+16,5.35881E+16
98929,98930,2,7,1,702,2016,10,14,6,3,2,6,0,1,0,1,0,0,0,0,5.65387E+20,5.92356E+21,9.98476E+15,5.3457E+16
98930,98931,2,1,1,101,2016,11,22,6,3,3,6,2,1,0,1,0,0,0,1,5.66561E+20,5.93394E+21,1.00046E+16,5.35501E+16
98931,98932,2,4,8,423,2016,11,22,2,3,3,2,2,1,1,1,0,0,0,0,5.69295E+20,5.93765E+21,1.00467E+16,5.35831E+16
98932,98933,2,1,11,129,2016,11,7,6,3,1,5,1,1,1,1,0,0,0,0,5.71229E+20,5.93492E+21,1.00753E+16,5.35583E+16
98933,98934,2,3,2,312,2016,10,9,2,3,2,6,0,0,0,1,0,0,0,0,5.65769E+20,5.93491E+21,9.99289E+15,5.35589E+16
98934,98935,2,3,8,320,2016,10,16,6,3,2,2,0,1,0,1,0,0,0,0,5.59853E+20,5.93868E+21,9.90432E+15,5.35936E+16
98935,98936,2,1,12,130,2016,11,13,5,3,3,2,0,0,1,1,0,0,0,0,5.74708E+20,5.93281E+21,1.01273E+16,5.35389E+16
98936,98937,2,5,2,507,2016,11,21,3,3,4,6,2,1,0,1,0,0,0,0,5.71243E+20,5.93646E+21,1.00759E+16,5.35722E+16
98937,98938,2,1,5,114,2016,11,14,4,3,2,6,0,1,0,1,0,0,0,0,5.66962E+20,5.93404E+21,1.00107E+16,5.3551E+16
98938,98939,2,4,5,409,2016,11,7,3,3,5,2,0,1,0,1,0,1,0,0,5.67206E+20,5.9386E+21,1.00154E+16,5.35919E+16
98939,98940,2,4,8,418,2016,11,5,5,3,8,1,2,1,0,1,0,0,0,0,5.67497E+20,5.93696E+21,1.00194E+16,5.35771E+16
98940,98941,2,2,1,205,2016,11,10,2,3,2,6,0,0,0,1,0,0,0,0,5.63078E+20,5.93439E+21,9.95217E+15,5.35546E+16
98941,98942,2,1,5,113,2016,11,19,3,3,5,2,2,1,1,1,0,0,0,0,5.67134E+20,5.93519E+21,1.00136E+16,5.35613E+16
98942,98943,2,5,6,514,2016,10,15,3,3,5,3,0,0,0,1,0,0,0,0,5.73833E+20,5.94075E+21,1.0116E+16,5.36103E+16
98943,98944,2,4,10,428,2016,11,17,6,3,2,6,2,1,0,1,0,0,0,0,5.69034E+20,5.93917E+21,1.00431E+16,5.35968E+16
98944,98945,2,3,2,312,2016,10,6,2,3,5,3,2,1,0,1,0,0,0,0,5.65614E+20,5.93507E+21,9.99059E+15,5.35604E+16
98945,98946,2,2,3,208,2016,10,20,2,3,6,3,2,0,0,1,1,0,0,0,5.63286E+20,5.93516E+21,9.95547E+15,5.35615E+16
98946,98947,2,5,8,516,2016,11,22,6,3,5,3,2,0,1,0,0,0,0,1,5.7025E+20,5.94074E+21,1.00618E+16,5.36107E+16
98947,98948,2,1,1,102,2016,10,14,2,3,0,2,0,0,0,1,0,0,0,1,5.66018E+20,5.93386E+21,9.99643E+15,5.35495E+16
98948,98949,2,3,7,319,2016,10,20,6,3,0,3,2,1,0,0,0,0,0,1,5.60234E+20,5.94307E+21,9.91093E+15,5.3633E+16
98949,98950,2,4,13,432,2016,11,4,5,3,5,3,2,0,1,1,0,0,0,0,5.67435E+20,5.94398E+21,1.002E+16,5.36403E+16
98950,98951,2,5,10,518,2016,11,9,6,3,0,7,0,2,1,0,0,0,0,0,5.73444E+20,5.94457E+21,1.0111E+16,5.36448E+16
98951,98952,2,3,3,313,2016,11,22,5,3,0,7,2,1,1,0,0,0,0,0,5.64909E+20,5.93683E+21,9.98031E+15,5.35763E+16
98952,98953,2,4,4,407,2016,11,11,3,3,5,3,0,1,0,1,0,0,0,0,5.66018E+20,5.94006E+21,9.99774E+15,5.36052E+16
98953,98954,2,5,4,512,2016,11,14,3,3,4,3,0,1,0,1,0,1,0,0,5.75592E+20,5.93634E+21,1.01415E+16,5.35705E+16
98954,98955,2,2,8,220,2016,11,21,3,3,2,7,2,0,0,1,0,0,0,0,5.58038E+20,5.93802E+21,9.87678E+15,5.35878E+16
98955,98956,2,5,2,506,2016,11,22,4,3,5,2,2,0,1,1,0,0,0,0,5.71498E+20,5.93745E+21,1.00799E+16,5.3581E+16
98956,98957,2,3,1,309,2016,11,20,1,3,0,7,2,0,0,1,1,0,0,0,5.63905E+20,5.9358E+21,9.96494E+15,5.35671E+16
98957,98958,2,1,16,136,2016,10,19,2,3,4,2,2,0,0,1,0,0,1,0,5.67334E+20,5.93043E+21,1.00156E+16,5.35185E+16
98958,98959,2,5,3,510,2016,10,18,3,2,6,4,2,0,0,1,1,0,0,0,5.70949E+20,5.93563E+21,1.00712E+16,5.35648E+16
98959,98960,2,5,18,526,2016,10,22,6,3,5,3,2,1,1,1,0,0,0,0,5.76332E+20,5.94126E+21,1.01539E+16,5.36146E+16
98960,98961,2,1,5,114,2016,10,12,2,3,3,6,0,0,0,1,0,0,0,1,5.66645E+20,5.93409E+21,1.00059E+16,5.35515E+16
98961,98962,2,4,7,416,2016,10,11,2,3,5,3,0,1,0,1,0,0,0,0,5.67474E+20,5.9356E+21,1.00188E+16,5.3565E+16
98962,98963,2,1,3,108,2016,10,2,2,3,4,2,2,0,0,1,0,0,0,0,5.65535E+20,5.93483E+21,9.98934E+15,5.35583E+16
98963,98964,2,1,12,130,2016,10,2,7,3,6,6,2,0,0,1,1,0,0,0,5.75348E+20,5.93155E+21,1.01367E+16,5.35274E+16
98964,98965,2,7,10,711,2016,10,13,6,3,5,3,0,1,0,1,0,0,0,0,5.63792E+20,5.92417E+21,9.96087E+15,5.34626E+16
98965,98966,2,2,5,217,2016,11,11,6,3,9,1,0,0,0,1,0,0,0,0,5.5896E+20,5.93747E+21,9.8906E+15,5.35828E+16
98966,98967,2,5,4,512,2016,11,18,4,3,5,2,2,1,0,1,0,0,0,0,5.75123E+20,5.93684E+21,1.01346E+16,5.3575E+16
98967,98968,2,2,7,219,2016,11,11,3,3,2,6,0,1,0,1,0,0,0,0,5.60773E+20,5.93341E+21,9.9172E+15,5.35461E+16
98968,98969,2,5,18,526,2016,10,7,4,3,5,3,1,0,0,1,0,0,0,1,5.75241E+20,5.94051E+21,1.01372E+16,5.3608E+16
98969,98970,2,6,1,601,2016,10,8,6,3,6,7,1,0,1,0,1,0,0,0,5.80089E+20,5.92785E+21,1.02072E+16,5.34935E+16
98970,98971,2,3,5,317,2016,11,11,5,3,5,3,0,0,1,1,0,0,0,0,5.62761E+20,5.93747E+21,9.94801E+15,5.35823E+16
98971,98972,2,5,1,501,2016,11,7,6,2,5,2,0,2,1,1,0,0,0,0,5.6908E+20,5.93548E+21,1.0043E+16,5.35637E+16
98972,98973,2,3,9,321,2016,11,6,6,3,0,3,2,2,0,1,0,1,0,0,5.60006E+20,5.93921E+21,9.90674E+15,5.35983E+16
98973,98974,2,7,16,717,2016,11,13,4,3,2,6,0,1,0,1,0,0,0,0,5.54519E+20,5.93113E+21,9.82241E+15,5.35263E+16
98974,98975,2,2,8,220,2016,11,7,3,3,2,6,0,1,0,1,0,0,0,1,5.58805E+20,5.9395E+21,9.88864E+15,5.3601E+16
98975,98976,2,5,2,507,2016,11,17,3,3,2,6,2,1,0,1,0,0,0,0,5.70899E+20,5.93658E+21,1.00707E+16,5.35733E+16
98976,98977,2,3,1,308,2016,11,0,3,3,4,6,2,0,1,0,0,0,0,0,5.63623E+20,5.93623E+21,9.96077E+15,5.3571E+16
98977,98978,2,3,1,302,2016,11,8,4,3,5,3,0,0,1,1,0,0,0,0,5.63202E+20,5.93723E+21,9.95462E+15,5.35801E+16
98978,98979,2,1,12,130,2016,11,18,7,3,5,3,2,0,0,1,0,0,0,0,5.74932E+20,5.93181E+21,1.01305E+16,5.35298E+16
98979,98980,2,1,8,124,2016,10,16,2,3,3,7,0,0,0,1,0,0,0,1,5.69156E+20,5.93456E+21,1.00439E+16,5.35554E+16
98980,98981,2,5,12,520,2016,10,16,3,3,4,2,0,0,0,1,0,0,0,0,5.6884E+20,5.94484E+21,1.00414E+16,5.36478E+16
98981,98982,2,3,5,317,2016,10,16,6,3,2,6,0,0,0,1,0,0,0,1,5.64185E+20,5.93933E+21,9.96989E+15,5.35988E+16
98982,98983,2,5,2,507,2016,10,5,6,3,1,6,2,1,0,1,0,0,0,0,5.70826E+20,5.93723E+21,1.00698E+16,5.35792E+16
98983,98984,2,3,8,320,2016,10,16,2,3,5,2,0,1,1,1,0,0,0,0,5.59709E+20,5.94142E+21,9.90267E+15,5.36181E+16
98984,98985,2,4,1,402,2016,10,9,6,3,0,7,0,1,1,1,0,0,0,0,5.64552E+20,5.93785E+21,9.97513E+15,5.35855E+16
98985,98986,2,1,19,140,2016,10,13,2,3,3,6,0,0,0,0,0,0,1,1,5.6117E+20,5.93004E+21,9.92253E+15,5.35157E+16
98986,98987,2,5,5,513,2016,10,13,7,3,2,6,0,0,0,1,0,1,0,0,5.73698E+20,5.93768E+21,1.01132E+16,5.35828E+16
98987,98988,2,1,11,128,2016,10,7,6,3,6,4,0,0,0,1,1,0,0,0,5.71823E+20,5.93435E+21,1.00841E+16,5.35531E+16
98988,98989,2,2,3,210,2016,11,9,6,3,6,3,0,0,0,0,1,0,0,1,5.61916E+20,5.93407E+21,9.93458E+15,5.35518E+16
98989,98990,2,3,9,321,2016,11,19,4,3,6,4,2,0,0,1,1,0,0,0,5.60955E+20,5.93844E+21,9.92092E+15,5.35912E+16
98990,98991,2,5,18,526,2016,11,11,2,3,2,6,0,0,0,1,0,0,0,0,5.76242E+20,5.93967E+21,1.01521E+16,5.36003E+16
98991,98992,2,2,1,206,2016,10,18,4,3,7,7,2,0,1,0,0,0,0,0,5.62906E+20,5.93476E+21,9.94965E+15,5.35579E+16
98992,98993,2,7,5,706,2016,11,11,6,3,9,1,0,1,0,1,0,0,0,0,5.67346E+20,5.92081E+21,1.00137E+16,5.3432E+16
98993,98994,2,2,1,203,2016,10,14,6,3,6,7,0,1,1,0,1,0,0,0,5.62036E+20,5.93397E+21,9.93636E+15,5.35509E+16
98994,98995,2,3,5,317,2016,11,8,7,3,1,5,0,1,0,1,0,0,0,0,5.63582E+20,5.93938E+21,9.9608E+15,5.35994E+16
98995,98996,2,3,2,312,2016,10,10,6,3,3,6,0,0,0,1,0,0,0,0,5.65466E+20,5.9364E+21,9.98864E+15,5.35724E+16
98996,98997,2,4,9,425,2016,10,17,6,3,2,2,1,1,0,1,0,0,0,0,5.70709E+20,5.9376E+21,1.00681E+16,5.35825E+16
98997,98998,2,3,1,309,2016,10,10,2,3,2,6,0,1,0,1,0,0,0,1,5.64014E+20,5.93602E+21,9.96664E+15,5.35691E+16
98998,98999,2,7,13,714,2016,11,8,3,3,2,2,0,1,0,1,0,0,0,1,5.58077E+20,5.92573E+21,9.87508E+15,5.34774E+16
98999,99000,2,7,2,703,2016,11,18,5,2,4,2,2,1,0,1,0,0,0,0,5.67112E+20,5.92426E+21,1.00109E+16,5.34631E+16
99000,99001,2,2,5,215,2016,11,20,2,3,2,2,2,1,1,1,0,0,0,0,5.61471E+20,5.93501E+21,9.92804E+15,5.35604E+16