FID,OBJECTID,ULAND,UREGBEZ,UKREIS,UGEMEINDE,UJAHR,UMONAT,USTUNDE,UWOCHENTAG,UKATEGORIE,UART,UTYP1,ULICHTVERH,IstStrasse,IstRad,IstPKW,IstFuss,IstKrad,IstGkfz,IstSonstig,LINREFX,LINREFY,XGCSWGS84,YGCSWGS84
99001,99002,2,1,8,121,2016,11,7,6,3,5,3,0,1,0,1,0,0,0,1,5.6876E+20,5.93512E+21,1.00381E+16,5.35605E+16
99002,99003,2,7,1,702,2016,10,16,1,3,2,6,0,0,0,1,0,0,0,1,5.65594E+20,5.92317E+21,9.98781E+15,5.34535E+16
99003,99004,2,7,1,702,2016,10,9,5,3,0,1,0,1,1,0,0,0,0,0,5.65293E+20,5.92357E+21,9.98335E+15,5.34571E+16
99004,99005,2,5,7,515,2016,11,11,5,3,3,6,0,0,0,1,0,0,0,0,5.71527E+20,5.94179E+21,1.00814E+16,5.362E+16
99005,99006,2,5,7,515,2016,11,18,3,3,2,6,2,1,0,1,0,0,0,1,5.7079E+20,5.93955E+21,1.00697E+16,5.36E+16
99006,99007,2,7,4,705,2016,11,10,3,3,5,3,0,1,1,1,0,0,0,0,5.65579E+20,5.92284E+21,9.9875E+15,5.34505E+16
99007,99008,2,3,9,321,2016,11,16,3,3,8,3,1,1,0,1,0,0,0,0,5.6229E+20,5.93829E+21,9.94106E+15,5.35897E+16
99008,99009,2,2,1,206,2016,11,17,5,3,1,6,2,1,0,1,0,0,0,0,5.6316E+20,5.93505E+21,9.95354E+15,5.35605E+16
99009,99010,2,1,11,129,2016,11,1,1,3,8,1,2,1,0,1,0,0,0,0,5.72587E+20,5.93498E+21,1.00958E+16,5.35587E+16
99010,99011,2,7,1,701,2016,11,13,5,3,6,4,0,0,0,1,1,0,0,0,5.647E+20,5.92389E+21,9.97448E+15,5.34601E+16
99011,99012,2,1,6,116,2016,11,6,3,3,4,2,2,1,1,1,0,0,0,0,5.67607E+20,5.93398E+21,1.00204E+16,5.35504E+16
99012,99013,2,3,2,312,2016,11,12,4,3,2,6,0,1,0,1,0,0,0,0,5.65719E+20,5.93494E+21,9.99215E+15,5.35592E+16
99013,99014,2,5,11,519,2016,11,13,3,3,6,4,0,1,0,1,1,0,0,0,5.71626E+20,5.94625E+21,1.00839E+16,5.36601E+16
99014,99015,2,4,9,424,2016,11,20,5,3,5,2,2,1,0,1,0,0,0,0,5.6999E+20,5.93733E+21,1.00572E+16,5.35802E+16
99015,99016,2,2,1,206,2016,11,7,3,3,5,7,0,1,1,0,0,0,1,0,5.63244E+20,5.93483E+21,9.95477E+15,5.35585E+16
99016,99017,2,4,13,432,2016,10,6,3,3,3,2,2,0,1,0,0,0,1,0,5.66765E+20,5.9449E+21,1.00101E+16,5.36486E+16
99017,99018,2,4,12,431,2016,11,14,6,3,5,2,0,0,0,1,0,0,0,0,5.68363E+20,5.94321E+21,1.00339E+16,5.36332E+16
99018,99019,2,6,6,607,2016,10,11,1,3,5,3,0,1,1,1,0,0,0,0,5.76222E+20,5.91939E+21,1.01469E+16,5.34181E+16
99019,99020,2,7,1,702,2016,10,8,5,3,4,2,0,1,1,1,0,0,0,0,5.65999E+20,5.92449E+21,9.99417E+15,5.34653E+16
99020,99021,2,5,3,510,2016,10,13,1,3,4,2,0,0,0,1,0,0,0,0,5.70936E+20,5.93644E+21,1.00712E+16,5.3572E+16
99021,99022,2,1,6,117,2016,10,15,6,3,5,3,0,1,1,1,0,0,0,0,5.67699E+20,5.93388E+21,1.00218E+16,5.35494E+16
99022,99023,2,4,10,427,2016,11,15,5,3,3,6,0,0,0,1,0,0,0,1,5.69142E+20,5.93854E+21,1.00446E+16,5.35911E+16
99023,99024,2,4,13,432,2016,11,16,6,3,6,4,0,0,0,1,1,0,0,0,5.67959E+20,5.94801E+21,1.00288E+16,5.36764E+16
99024,99025,2,1,1,102,2016,11,15,5,2,5,3,0,0,1,1,0,0,0,0,5.66018E+20,5.93386E+21,9.99644E+15,5.35495E+16
99025,99026,2,4,7,416,2016,11,15,3,3,0,5,0,1,0,1,0,0,0,0,5.67421E+20,5.9352E+21,1.00179E+16,5.35613E+16
99026,99027,2,5,5,513,2016,11,8,3,3,0,1,0,1,0,0,0,1,0,0,5.73853E+20,5.93777E+21,1.01156E+16,5.35836E+16
99027,99028,2,3,5,317,2016,11,16,3,3,2,6,0,1,0,1,0,0,0,0,5.63627E+20,5.9394E+21,9.96149E+15,5.35995E+16
99028,99029,2,3,8,320,2016,11,21,4,3,0,7,2,1,1,0,0,0,0,1,5.60755E+20,5.94047E+21,9.91829E+15,5.36095E+16
99029,99030,2,1,4,112,2016,11,3,1,3,2,6,2,1,0,1,0,0,0,0,5.63458E+20,5.93384E+21,9.9578E+15,5.35496E+16
99030,99031,2,1,12,130,2016,10,18,2,3,5,3,2,0,0,1,0,0,0,0,5.73647E+20,5.93362E+21,1.01115E+16,5.35463E+16
99031,99032,2,4,10,427,2016,10,11,3,2,9,7,0,0,0,1,0,0,0,1,5.69057E+20,5.93808E+21,1.00432E+16,5.3587E+16
99032,99033,2,1,16,136,2016,10,14,5,3,5,2,0,0,0,1,0,0,0,0,5.67334E+20,5.93043E+21,1.00156E+16,5.35185E+16
99033,99034,2,5,7,515,2016,10,11,6,3,5,2,0,1,1,1,0,0,0,0,5.70931E+20,5.93926E+21,1.00718E+16,5.35973E+16
99034,99035,2,5,11,519,2016,10,17,1,3,1,5,1,0,0,1,0,0,0,0,5.70793E+20,5.9453E+21,1.00711E+16,5.36517E+16
99035,99036,2,4,7,416,2016,10,8,2,3,0,6,0,1,1,1,0,0,0,0,5.67717E+20,5.93513E+21,1.00223E+16,5.35607E+16
99036,99037,2,7,9,710,2016,10,16,2,3,2,6,0,0,0,1,0,0,0,0,5.64161E+20,5.92365E+21,9.96633E+15,5.34579E+16
99037,99038,2,4,8,423,2016,10,16,3,3,1,7,0,0,0,1,0,0,0,0,5.69612E+20,5.93754E+21,1.00515E+16,5.35821E+16
99038,99039,2,2,4,211,2016,11,5,6,3,1,5,2,0,0,1,0,0,0,0,5.6161E+20,5.93485E+21,9.93011E+15,5.35589E+16
99039,99040,2,2,11,223,2016,10,0,1,3,6,7,2,0,0,0,1,0,0,1,5.54555E+20,5.93495E+21,9.82363E+15,5.35606E+16
99040,99041,2,4,10,429,2016,10,15,2,3,0,5,0,1,1,1,0,0,0,0,5.68742E+20,5.9403E+21,1.0039E+16,5.3607E+16
99041,99042,2,3,1,309,2016,10,14,1,3,5,2,0,0,0,1,0,0,0,0,5.64217E+20,5.93633E+21,9.96977E+15,5.35719E+16
99042,99043,2,5,4,512,2016,10,18,6,3,3,6,2,1,0,1,0,0,0,1,5.75547E+20,5.93777E+21,1.01412E+16,5.35833E+16
99043,99044,2,2,7,219,2016,11,7,6,3,4,6,0,1,1,1,0,0,0,0,5.58337E+20,5.93405E+21,9.88056E+15,5.35521E+16
99044,99045,2,1,12,130,2016,11,12,4,3,5,3,0,1,1,1,0,0,0,0,5.76221E+20,5.93135E+21,1.01498E+16,5.35256E+16
99045,99046,2,3,6,318,2016,11,6,3,3,1,5,2,2,0,1,0,1,0,0,5.63273E+20,5.94047E+21,9.95635E+15,5.36093E+16
99046,99047,2,6,2,603,2016,10,16,4,3,2,6,0,0,0,1,0,0,0,0,5.80226E+20,5.92668E+21,1.0209E+16,5.3483E+16
99047,99048,2,2,3,210,2016,11,12,3,3,2,6,0,1,0,1,0,0,0,1,5.6207E+20,5.93412E+21,9.93691E+15,5.35523E+16
99048,99049,2,1,4,112,2016,11,8,4,3,5,2,0,1,1,1,0,0,0,0,5.64122E+20,5.93375E+21,9.9678E+15,5.35487E+16
99049,99050,2,5,6,514,2016,11,10,7,3,4,2,0,1,0,1,0,0,0,0,5.74099E+20,5.9403E+21,1.01199E+16,5.36063E+16
99050,99051,2,5,6,514,2016,10,19,2,2,5,3,2,1,0,1,0,1,0,0,5.74924E+20,5.94231E+21,1.01329E+16,5.36242E+16
99051,99052,2,4,10,427,2016,10,8,3,3,5,3,0,0,1,0,0,0,0,1,5.6926E+20,5.93812E+21,1.00463E+16,5.35873E+16
99052,99053,2,5,4,512,2016,10,11,5,3,4,2,0,1,0,1,0,1,0,0,5.74693E+20,5.93724E+21,1.01282E+16,5.35787E+16
99053,99054,2,5,7,515,2016,10,17,6,3,2,6,2,1,0,1,0,0,0,0,5.70225E+20,5.939E+21,1.00611E+16,5.35952E+16
99054,99055,2,2,11,224,2016,10,8,2,3,4,2,0,1,1,1,0,0,0,0,5.54041E+20,5.93561E+21,9.81598E+15,5.35666E+16
99055,99056,2,1,12,130,2016,10,23,7,3,2,2,2,1,0,1,0,0,0,0,5.73082E+20,5.9329E+21,1.01028E+16,5.35399E+16
99056,99057,2,5,7,515,2016,10,17,7,3,1,5,1,1,1,1,0,0,0,0,5.70407E+20,5.9397E+21,1.0064E+16,5.36014E+16
99057,99058,2,1,1,101,2016,11,15,4,3,0,3,0,0,1,0,0,0,0,1,5.66408E+20,5.93407E+21,1.00024E+16,5.35513E+16
99058,99059,2,5,6,514,2016,10,14,6,3,5,3,0,1,0,1,0,0,0,0,5.73837E+20,5.94241E+21,1.01165E+16,5.36253E+16
99059,99060,2,1,4,110,2016,11,7,6,3,0,7,1,2,1,0,0,0,0,0,5.6365E+20,5.93462E+21,9.96086E+15,5.35566E+16
99060,99061,2,4,1,402,2016,11,13,4,3,6,4,0,1,0,1,1,0,0,0,5.64265E+20,5.93789E+21,9.9708E+15,5.35859E+16
99061,99062,2,4,5,408,2016,11,8,2,3,6,7,0,1,0,1,1,0,0,0,5.67365E+20,5.93956E+21,1.0018E+16,5.36005E+16
99062,99063,2,5,7,515,2016,10,8,5,3,2,6,0,1,0,1,0,0,0,1,5.71282E+20,5.94145E+21,1.00776E+16,5.3617E+16
99063,99064,2,5,4,512,2016,10,14,7,3,2,6,0,1,0,1,0,0,0,0,5.75616E+20,5.93634E+21,1.01419E+16,5.35705E+16
99064,99065,2,4,7,416,2016,10,20,7,3,5,3,2,0,0,1,0,0,0,0,5.67783E+20,5.93486E+21,1.00233E+16,5.35583E+16
99065,99066,2,5,5,513,2016,10,23,6,3,4,2,2,1,0,1,0,0,0,0,5.7442E+20,5.93827E+21,1.01243E+16,5.3588E+16
99066,99067,2,3,5,317,2016,11,10,6,3,1,2,0,1,0,1,0,0,0,0,5.62986E+20,5.9393E+21,9.95177E+15,5.35988E+16
99067,99068,2,5,9,517,2016,11,8,4,3,3,6,0,1,0,0,0,1,0,1,5.71119E+20,5.94425E+21,1.00758E+16,5.36422E+16
99068,99069,2,7,13,714,2016,11,14,2,3,4,2,0,0,0,1,0,0,0,0,5.58832E+20,5.92584E+21,9.88649E+15,5.34782E+16
99069,99070,2,5,16,524,2016,10,7,4,3,6,4,1,1,0,1,1,0,0,0,5.74386E+20,5.94755E+21,1.0126E+16,5.36714E+16
99070,99071,2,1,4,111,2016,11,0,7,3,6,4,2,0,0,1,1,0,0,0,5.63687E+20,5.93402E+21,9.96128E+15,5.35512E+16
99071,99072,2,5,7,515,2016,10,12,5,3,2,6,0,1,0,1,0,0,0,0,5.7032E+20,5.93912E+21,1.00625E+16,5.35962E+16
99072,99073,2,4,5,408,2016,10,14,6,3,2,6,0,0,0,1,0,0,0,0,5.66571E+20,5.93947E+21,1.0006E+16,5.35998E+16
99073,99074,2,3,2,312,2016,11,16,6,3,2,6,0,1,0,1,0,0,0,0,5.66003E+20,5.93637E+21,9.99674E+15,5.35721E+16
99074,99075,2,6,1,601,2016,10,21,1,3,6,4,2,0,0,1,1,0,0,0,5.79922E+20,5.92816E+21,1.02048E+16,5.34963E+16
99075,99076,2,6,1,601,2016,11,17,3,3,6,2,2,1,0,0,1,0,0,1,5.79488E+20,5.92776E+21,1.01981E+16,5.34928E+16
99076,99077,2,4,3,406,2016,11,8,4,2,3,2,0,1,0,1,0,1,0,0,5.6479E+20,5.94024E+21,9.97923E+15,5.3607E+16
99077,99078,2,1,11,128,2016,11,10,5,3,2,6,0,1,0,1,0,0,0,0,5.71293E+20,5.9341E+21,1.00761E+16,5.3551E+16
99078,99079,2,5,2,507,2016,11,15,6,3,3,6,0,0,1,1,0,0,0,0,5.70969E+20,5.93673E+21,1.00718E+16,5.35746E+16
99079,99080,2,5,18,526,2016,10,8,7,3,5,3,0,1,1,1,0,0,0,0,5.77218E+20,5.94272E+21,1.01676E+16,5.36275E+16
99080,99081,2,4,13,432,2016,10,8,5,3,4,2,1,1,0,1,0,0,0,1,5.67856E+20,5.94758E+21,1.00272E+16,5.36726E+16
99081,99082,2,1,1,101,2016,10,12,4,3,6,4,0,0,0,1,1,0,0,0,5.66407E+20,5.93431E+21,1.00024E+16,5.35535E+16
99082,99083,2,6,2,602,2016,11,16,6,3,5,3,0,0,0,1,0,0,0,1,5.79584E+20,5.92649E+21,1.01993E+16,5.34813E+16
99083,99084,2,4,7,416,2016,10,22,5,3,2,6,2,0,0,1,0,0,0,0,5.67354E+20,5.93548E+21,1.00169E+16,5.35639E+16
99084,99085,2,4,10,427,2016,10,18,6,3,6,4,2,1,0,1,1,0,0,0,5.69096E+20,5.93807E+21,1.00438E+16,5.35869E+16
99085,99086,2,1,16,136,2016,11,21,5,3,5,3,2,1,0,1,0,0,0,0,5.67599E+20,5.9261E+21,1.00186E+16,5.34796E+16
99086,99087,2,5,4,512,2016,11,16,3,3,2,6,1,1,0,1,0,0,0,0,5.74398E+20,5.93615E+21,1.01234E+16,5.35689E+16
99087,99088,2,1,3,108,2016,11,7,4,3,1,7,1,1,1,0,0,0,1,0,5.65503E+20,5.93478E+21,9.98886E+15,5.35578E+16
99088,99089,2,4,5,408,2016,11,6,3,3,5,3,1,1,0,1,0,0,0,1,5.6784E+20,5.93998E+21,1.00253E+16,5.36042E+16
99089,99090,2,4,8,423,2016,11,10,5,3,5,2,0,1,1,0,0,0,0,1,5.69298E+20,5.93762E+21,1.00468E+16,5.35829E+16
99090,99091,2,1,1,101,2016,11,13,3,3,6,3,0,1,1,0,1,0,0,0,5.66381E+20,5.93407E+21,1.0002E+16,5.35513E+16
99091,99092,2,5,1,503,2016,10,6,3,3,1,5,2,0,0,1,0,0,0,1,5.69225E+20,5.9359E+21,1.00453E+16,5.35674E+16
99092,99093,2,5,1,501,2016,11,22,6,3,0,7,2,0,0,1,0,0,0,0,5.68665E+20,5.93565E+21,1.00368E+16,5.35652E+16
99093,99094,2,4,10,429,2016,10,14,7,3,1,6,0,0,0,1,0,0,0,0,5.68534E+20,5.93967E+21,1.00357E+16,5.36013E+16
99094,99095,2,5,1,502,2016,10,12,5,3,5,3,0,1,0,1,0,0,0,1,5.6961E+20,5.93639E+21,1.00512E+16,5.35718E+16
99095,99096,2,4,4,407,2016,10,15,7,2,0,1,0,1,0,0,0,1,0,0,5.6677E+20,5.94117E+21,1.00093E+16,5.36151E+16
99096,99097,2,5,6,514,2016,10,7,6,3,1,6,1,0,0,1,0,0,0,0,5.74051E+20,5.94033E+21,1.01192E+16,5.36065E+16
99097,99098,2,3,1,307,2016,11,22,5,3,0,7,2,0,1,0,0,0,0,0,5.63396E+20,5.93607E+21,9.95731E+15,5.35696E+16
99098,99099,2,4,6,415,2016,11,8,6,3,5,3,0,2,1,1,0,0,0,0,5.67669E+20,5.93626E+21,1.00219E+16,5.35708E+16
99099,99100,2,4,6,415,2016,11,6,6,3,6,2,1,2,1,0,1,0,0,0,5.67898E+20,5.93581E+21,1.00252E+16,5.35668E+16
99100,99101,2,1,5,114,2016,11,12,5,3,5,2,0,0,1,1,0,0,0,0,5.67409E+20,5.93426E+21,1.00175E+16,5.35529E+16
99101,99102,2,2,7,219,2016,11,16,3,3,4,2,1,1,0,1,0,0,0,1,5.58961E+20,5.93345E+21,9.88985E+15,5.35466E+16
99102,99103,2,4,13,432,2016,11,11,5,3,5,3,0,0,0,1,0,0,0,0,5.6528E+20,5.94497E+21,9.98762E+15,5.36494E+16
99103,99104,2,5,10,518,2016,11,13,3,3,2,6,0,1,0,1,0,0,0,0,5.74428E+20,5.9444E+21,1.01259E+16,5.3643E+16
99104,99105,2,1,11,128,2016,11,18,3,3,5,3,2,1,0,1,0,0,0,0,5.71132E+20,5.93419E+21,1.00737E+16,5.35518E+16
99105,99106,2,2,8,220,2016,11,22,3,2,6,7,2,1,0,1,1,0,0,0,5.57613E+20,5.93862E+21,9.87047E+15,5.35932E+16
99106,99107,2,1,8,125,2016,11,19,4,3,2,6,2,0,0,1,0,0,0,0,5.7016E+20,5.93405E+21,1.0059E+16,5.35506E+16
99107,99108,2,2,4,214,2016,11,16,1,3,3,6,1,1,0,1,0,0,0,0,5.60811E+20,5.93339E+21,9.91777E+15,5.35459E+16
99108,99109,2,7,1,702,2016,10,9,2,3,6,4,0,1,1,0,1,0,0,0,5.65092E+20,5.92397E+21,9.98041E+15,5.34607E+16
99109,99110,2,4,6,415,2016,10,18,3,3,2,6,1,0,0,1,0,0,0,0,5.67593E+20,5.93574E+21,1.00206E+16,5.35662E+16
99110,99111,2,4,8,423,2016,10,17,7,3,4,6,0,1,0,1,0,0,0,0,5.69586E+20,5.93719E+21,1.0051E+16,5.35789E+16
99111,99112,2,4,12,431,2016,10,17,2,3,3,2,2,0,1,1,0,0,0,0,5.67805E+20,5.94245E+21,1.00253E+16,5.36264E+16
99112,99113,2,4,6,415,2016,10,3,7,3,2,6,2,0,0,1,0,0,0,0,5.67981E+20,5.93615E+21,1.00266E+16,5.35698E+16
99113,99114,2,5,4,512,2016,10,17,6,3,5,2,2,1,0,1,0,0,0,0,5.74938E+20,5.93626E+21,1.01316E+16,5.35699E+16
99114,99115,2,2,8,220,2016,11,12,6,3,2,6,0,0,0,1,0,0,0,0,5.56755E+20,5.93915E+21,9.8576E+15,5.35981E+16
99115,99116,2,5,18,526,2016,11,14,4,3,6,4,0,1,0,1,1,0,0,0,5.7544E+20,5.9422E+21,1.01406E+16,5.36232E+16
99116,99117,2,4,3,406,2016,11,17,3,2,5,4,1,1,0,1,1,0,0,0,5.65232E+20,5.93993E+21,9.98584E+15,5.36042E+16
99117,99118,2,1,14,132,2016,10,6,4,3,4,2,2,0,0,1,0,1,0,0,5.70156E+20,5.93262E+21,1.00586E+16,5.35378E+16
99118,99119,2,4,8,423,2016,11,9,7,3,5,3,0,1,1,1,0,0,0,0,5.69687E+20,5.93821E+21,1.00528E+16,5.35881E+16
99119,99120,2,5,7,515,2016,10,10,2,3,5,3,0,1,0,1,1,0,0,0,5.71607E+20,5.94162E+21,1.00825E+16,5.36185E+16
99120,99121,2,4,10,428,2016,10,16,3,3,1,1,0,0,1,1,0,0,0,0,5.69488E+20,5.93887E+21,1.00499E+16,5.35941E+16
99121,99122,2,3,8,320,2016,10,9,5,3,2,6,0,1,0,1,0,0,0,1,5.59703E+20,5.94143E+21,9.90258E+15,5.36182E+16
99122,99123,2,4,10,427,2016,10,23,6,3,8,7,2,1,0,1,0,0,0,1,5.69002E+20,5.93788E+21,1.00424E+16,5.35853E+16
99123,99124,2,5,3,511,2016,11,17,3,3,6,4,2,1,0,1,1,0,0,0,5.72814E+20,5.9362E+21,1.00995E+16,5.35696E+16
99124,99125,2,4,3,406,2016,11,7,3,3,0,1,0,1,0,0,0,1,0,0,5.64659E+20,5.94012E+21,9.97722E+15,5.36059E+16
99125,99126,2,3,4,316,2016,11,18,4,2,6,4,2,1,0,1,1,0,0,0,5.63917E+20,5.9378E+21,9.96553E+15,5.35852E+16
99126,99127,2,1,12,130,2016,11,19,7,3,2,6,2,1,0,1,0,0,0,0,5.76223E+20,5.93179E+21,1.01499E+16,5.35295E+16
99127,99128,2,1,8,123,2016,10,23,2,3,5,3,2,0,1,1,0,0,0,0,5.70051E+20,5.93518E+21,1.00576E+16,5.35609E+16
99128,99129,2,3,9,321,2016,10,8,3,3,3,6,0,0,0,1,0,0,0,0,5.62122E+20,5.93863E+21,9.93859E+15,5.35928E+16
99129,99130,2,2,5,215,2016,10,8,5,3,4,2,0,0,1,1,0,0,0,0,5.6124E+20,5.93583E+21,9.92471E+15,5.35677E+16
99130,99131,2,3,5,317,2016,10,6,6,3,5,3,2,1,1,1,0,0,0,0,5.6233E+20,5.93932E+21,9.94187E+15,5.3599E+16
99131,99132,2,4,6,415,2016,10,15,2,3,0,5,0,1,1,1,0,0,0,0,5.68574E+20,5.93641E+21,1.00356E+16,5.35721E+16
99132,99133,2,2,5,216,2016,10,7,5,3,2,6,1,1,0,1,0,0,0,0,5.59826E+20,5.93591E+21,9.90338E+15,5.35687E+16
99133,99134,2,3,2,312,2016,10,11,7,3,4,7,0,0,0,1,0,1,0,0,5.65463E+20,5.93625E+21,9.98856E+15,5.35711E+16
99134,99135,2,4,6,415,2016,10,16,7,3,0,6,0,0,1,0,0,1,0,0,5.67501E+20,5.93572E+21,1.00192E+16,5.3566E+16
99135,99136,2,5,2,508,2016,10,13,6,3,5,3,0,1,0,1,0,1,0,0,5.72188E+20,5.93816E+21,1.00905E+16,5.35873E+16
99136,99137,2,2,1,206,2016,11,18,6,3,5,3,2,0,0,1,0,0,0,0,5.62885E+20,5.93483E+21,9.94935E+15,5.35586E+16
99137,99138,2,5,1,504,2016,11,8,4,3,5,3,0,1,0,1,0,0,0,0,5.69794E+20,5.93649E+21,1.0054E+16,5.35727E+16
99138,99139,2,1,16,136,2016,11,18,2,3,6,4,2,0,0,1,1,0,0,0,5.6694E+20,5.92797E+21,1.00091E+16,5.34965E+16
99139,99140,2,5,1,501,2016,10,7,4,3,2,6,2,0,0,1,0,0,0,0,5.68956E+20,5.93624E+21,1.00413E+16,5.35705E+16
99140,99141,2,1,3,106,2016,11,22,7,3,5,2,2,0,0,1,0,0,0,0,5.64237E+20,5.9339E+21,9.96957E+15,5.35501E+16
99141,99142,2,3,6,318,2016,10,14,5,3,6,7,0,0,0,1,1,0,0,0,5.63341E+20,5.94472E+21,9.95825E+15,5.36474E+16
99142,99143,2,2,7,219,2016,10,12,6,3,0,7,0,1,1,0,0,0,0,1,5.59152E+20,5.93391E+21,9.89282E+15,5.35507E+16
99143,99144,2,7,4,705,2016,11,22,5,3,4,2,2,1,0,1,0,0,0,0,5.65471E+20,5.92127E+21,9.98555E+15,5.34364E+16
99144,99145,2,2,14,227,2016,10,13,1,2,8,1,0,0,0,1,0,0,0,0,5.50149E+20,5.93643E+21,9.75735E+15,5.35743E+16
99145,99146,2,1,6,116,2016,11,18,3,2,2,6,2,0,0,1,0,0,0,0,5.67519E+20,5.93388E+21,1.00191E+16,5.35494E+16
99146,99147,2,3,2,311,2016,10,19,2,3,3,2,2,1,1,1,0,0,0,0,5.64719E+20,5.93548E+21,9.97717E+15,5.35642E+16
99147,99148,2,1,5,114,2016,11,18,4,3,3,6,2,0,0,1,0,0,0,0,5.66442E+20,5.93473E+21,1.0003E+16,5.35573E+16
99148,99149,2,5,11,519,2016,10,8,6,3,4,2,0,1,1,1,0,0,0,0,5.71115E+20,5.94663E+21,1.00763E+16,5.36636E+16
99149,99150,2,7,10,711,2016,11,7,6,3,0,7,1,2,1,0,0,0,0,0,5.65073E+20,5.9254E+21,9.98042E+15,5.34736E+16
99150,99151,2,3,9,321,2016,11,13,2,3,1,7,0,1,0,1,0,0,0,1,5.61893E+20,5.93752E+21,9.93491E+15,5.35829E+16
99151,99152,2,1,7,119,2016,11,17,6,3,4,7,2,0,0,1,0,0,0,0,5.68824E+20,5.93424E+21,1.00389E+16,5.35525E+16
99152,99153,2,1,4,110,2016,10,5,7,3,3,6,2,1,0,1,0,0,0,0,5.63605E+20,5.93384E+21,9.96001E+15,5.35496E+16
99153,99154,2,3,1,310,2016,10,18,5,2,5,3,1,0,0,1,0,1,0,0,5.63472E+20,5.93568E+21,9.95838E+15,5.35661E+16
99154,99155,2,5,6,514,2016,11,12,5,3,5,3,0,0,1,1,0,0,0,0,5.7492E+20,5.94328E+21,1.0133E+16,5.3633E+16
99155,99156,2,5,2,507,2016,11,14,3,3,2,6,0,1,0,1,0,0,0,0,5.71391E+20,5.93687E+21,1.00782E+16,5.35758E+16
99156,99157,2,1,19,140,2016,11,6,4,3,5,3,0,1,0,0,0,0,1,1,5.60461E+20,5.92989E+21,9.9118E+15,5.35144E+16
99157,99158,2,4,10,426,2016,11,17,3,3,2,6,0,1,0,1,0,0,0,0,5.70019E+20,5.93874E+21,1.00579E+16,5.35928E+16
99158,99159,2,3,5,317,2016,11,13,5,3,3,7,0,1,0,1,0,0,0,0,5.63733E+20,5.93942E+21,9.96308E+15,5.35997E+16
99159,99160,2,6,2,603,2016,11,16,1,3,5,2,2,1,1,1,0,0,0,0,5.80151E+20,5.9264E+21,1.02078E+16,5.34805E+16
99160,99161,2,1,19,140,2016,10,15,2,3,1,6,0,0,0,1,0,0,0,1,5.59016E+20,5.93025E+21,9.89009E+15,5.35179E+16
99161,99162,2,2,11,223,2016,10,18,3,3,6,3,2,0,0,1,1,0,0,0,5.538E+20,5.93532E+21,9.81229E+15,5.3564E+16
99162,99163,2,3,8,320,2016,11,7,6,3,5,2,1,1,1,1,0,0,0,0,5.59033E+20,5.94015E+21,9.89221E+15,5.36068E+16
99163,99164,2,3,2,312,2016,11,15,4,3,2,6,0,1,0,1,0,0,0,1,5.65712E+20,5.93495E+21,9.99204E+15,5.35593E+16
99164,99165,2,5,17,525,2016,11,14,3,3,1,2,0,1,0,1,0,0,0,1,5.76701E+20,5.94555E+21,1.01605E+16,5.36531E+16
99165,99166,2,5,18,526,2016,11,17,5,3,6,2,2,1,0,1,1,0,0,0,5.76238E+20,5.93964E+21,1.01521E+16,5.36E+16
99166,99167,2,4,1,402,2016,10,14,3,3,0,3,0,0,1,1,0,0,0,0,5.64357E+20,5.93807E+21,9.97224E+15,5.35875E+16
99167,99168,2,4,4,407,2016,11,12,6,3,3,6,0,0,0,1,0,0,0,0,5.66917E+20,5.94125E+21,1.00116E+16,5.36158E+16
99168,99169,2,1,4,112,2016,10,3,7,3,6,4,2,1,0,1,1,0,0,0,5.63502E+20,5.93384E+21,9.95846E+15,5.35496E+16
99169,99170,2,2,1,204,2016,10,13,5,3,2,6,0,1,0,1,0,0,0,1,5.62787E+20,5.93477E+21,9.94786E+15,5.3558E+16
99170,99171,2,7,14,715,2016,10,2,6,2,0,7,2,0,0,1,0,0,0,0,5.57315E+20,5.92651E+21,9.86374E+15,5.34844E+16
99171,99172,2,4,8,419,2016,11,12,5,3,2,6,0,0,0,1,0,0,0,0,5.68339E+20,5.93738E+21,1.00322E+16,5.35808E+16
99172,99173,2,4,13,432,2016,11,14,6,3,2,6,0,0,0,1,0,0,0,0,5.67207E+20,5.945E+21,1.00168E+16,5.36494E+16
99173,99174,2,1,1,102,2016,11,15,5,3,2,6,0,0,0,1,0,0,0,1,5.65554E+20,5.93333E+21,9.98932E+15,5.35448E+16
99174,99175,2,4,4,407,2016,11,14,3,3,6,4,0,1,0,1,1,0,0,0,5.66733E+20,5.941E+21,1.00088E+16,5.36135E+16
99175,99176,2,5,6,514,2016,11,16,3,3,5,3,0,1,1,1,0,0,0,0,5.74056E+20,5.94188E+21,1.01196E+16,5.36205E+16
99176,99177,2,4,2,403,2016,11,18,3,3,2,6,1,1,0,1,0,0,0,0,5.65006E+20,5.93795E+21,9.98201E+15,5.35864E+16
99177,99178,2,4,4,407,2016,11,15,4,3,2,6,0,1,0,1,0,0,0,0,5.67173E+20,5.94142E+21,1.00155E+16,5.36172E+16
99178,99179,2,3,2,312,2016,11,15,1,3,5,2,0,1,1,0,0,0,0,1,5.65882E+20,5.9349E+21,9.9946E+15,5.35589E+16
99179,99180,2,6,2,602,2016,10,20,2,3,1,5,2,1,1,1,0,0,0,0,5.80498E+20,5.92754E+21,1.02133E+16,5.34907E+16