FID,OBJECTID,ULAND,UREGBEZ,UKREIS,UGEMEINDE,UJAHR,UMONAT,USTUNDE,UWOCHENTAG,UKATEGORIE,UART,UTYP1,ULICHTVERH,IstStrasse,IstRad,IstPKW,IstFuss,IstKrad,IstGkfz,IstSonstig,LINREFX,LINREFY,XGCSWGS84,YGCSWGS84
99180,99181,2,1,3,108,2016,10,9,3,3,6,4,0,0,0,1,1,0,0,0,5.65798E+20,5.93423E+21,9.9932E+15,5.35529E+16
99181,99182,2,2,5,215,2016,10,9,6,3,2,6,0,1,0,1,0,0,0,0,5.60901E+20,5.93541E+21,9.91952E+15,5.3564E+16
99182,99183,2,4,10,426,2016,10,8,2,3,3,2,0,1,1,1,0,0,0,0,5.69717E+20,5.93833E+21,1.00533E+16,5.35892E+16
99183,99184,2,1,11,129,2016,11,8,2,3,5,3,0,1,1,1,0,0,0,0,5.70801E+20,5.93506E+21,1.00689E+16,5.35597E+16
99184,99185,2,2,12,225,2016,11,20,5,2,5,3,2,1,0,1,0,1,0,0,5.54526E+20,5.93658E+21,9.82348E+15,5.35753E+16
99185,99186,2,1,11,129,2016,11,22,2,3,8,1,2,1,0,1,0,0,0,0,5.70944E+20,5.93495E+21,1.0071E+16,5.35586E+16
99186,99187,2,3,1,309,2016,12,12,2,3,0,7,0,0,1,0,0,0,0,0,5.63888E+20,5.93584E+21,9.9647E+15,5.35676E+16
99187,99188,2,1,6,115,2016,11,17,3,3,2,6,2,0,0,1,0,0,0,1,5.67308E+20,5.93378E+21,1.00159E+16,5.35486E+16
99188,99189,2,6,2,602,2016,12,19,5,3,4,2,2,1,0,1,0,0,0,0,5.78297E+20,5.92613E+21,1.01798E+16,5.34783E+16
99189,99190,2,5,4,512,2016,11,0,1,3,2,6,2,1,0,1,0,0,0,0,5.74413E+20,5.93619E+21,1.01237E+16,5.35693E+16
99190,99191,2,4,9,425,2016,12,10,6,3,4,2,0,0,0,1,0,0,0,0,5.70709E+20,5.93751E+21,1.00681E+16,5.35817E+16
99191,99192,2,3,6,318,2016,11,11,4,3,1,5,0,1,0,1,0,0,0,1,5.6317E+20,5.94399E+21,9.9555E+15,5.36409E+16
99192,99193,2,1,15,134,2016,11,16,5,3,5,3,1,0,1,1,0,0,0,0,5.67392E+20,5.93101E+21,1.00166E+16,5.35237E+16
99193,99194,2,2,8,220,2016,11,19,4,3,5,3,2,1,0,1,0,0,0,0,5.57924E+20,5.93804E+21,9.87506E+15,5.3588E+16
99194,99195,2,4,6,415,2016,11,17,3,3,5,3,2,0,1,1,0,0,0,0,5.67644E+20,5.9358E+21,1.00214E+16,5.35667E+16
99195,99196,2,6,14,615,2016,11,16,4,2,3,2,0,0,1,1,0,0,0,0,5.75961E+20,5.92708E+21,1.01448E+16,5.34872E+16
99196,99197,2,4,2,404,2016,11,17,4,3,5,3,2,1,1,1,0,0,0,0,5.65359E+20,5.93795E+21,9.98735E+15,5.35863E+16
99197,99198,2,2,8,220,2016,11,3,7,3,5,3,2,1,0,1,0,0,0,0,5.58243E+20,5.93948E+21,9.88015E+15,5.36009E+16
99198,99199,2,7,1,702,2016,11,14,6,3,6,7,0,1,1,0,1,0,0,0,5.65506E+20,5.92345E+21,9.98654E+15,5.34559E+16
99199,99200,2,3,8,320,2016,11,7,2,3,6,4,0,0,0,1,1,0,0,0,5.59482E+20,5.94004E+21,9.89897E+15,5.36058E+16
99200,99201,2,1,5,114,2016,11,17,5,3,6,4,2,0,0,1,1,0,0,0,5.67117E+20,5.93392E+21,1.0013E+16,5.35498E+16
99201,99202,2,1,11,129,2016,11,7,2,3,6,4,0,1,0,1,1,0,0,0,5.73396E+20,5.93555E+21,1.01082E+16,5.35637E+16
99202,99203,2,2,10,222,2016,11,18,4,3,2,6,2,0,0,1,0,0,0,0,5.56816E+20,5.93362E+21,9.85752E+15,5.35484E+16
99203,99204,2,5,2,506,2016,11,13,3,3,5,3,0,0,1,1,0,0,0,0,5.71555E+20,5.93745E+21,1.00808E+16,5.3581E+16
99204,99205,2,5,7,515,2016,12,7,5,3,2,6,0,1,0,1,0,0,0,0,5.72113E+20,5.94039E+21,1.00899E+16,5.36074E+16
99205,99206,2,6,1,601,2016,11,19,7,3,4,6,2,1,1,0,0,0,0,0,5.80281E+20,5.92838E+21,1.02102E+16,5.34982E+16
99206,99207,2,2,1,203,2016,12,18,6,3,2,6,2,0,0,1,0,0,0,0,5.62237E+20,5.93388E+21,9.93938E+15,5.35501E+16
99207,99208,2,3,2,312,2016,11,22,4,3,3,2,2,1,0,1,0,0,0,0,5.65461E+20,5.93617E+21,9.98851E+15,5.35703E+16
99208,99209,2,1,12,130,2016,11,9,2,3,6,4,0,0,1,0,1,0,0,0,5.73172E+20,5.93338E+21,1.01043E+16,5.35442E+16
99209,99210,2,5,2,505,2016,12,14,5,3,2,6,0,1,0,1,0,0,0,0,5.70853E+20,5.93653E+21,1.007E+16,5.35729E+16
99210,99211,2,2,7,219,2016,11,13,1,3,6,7,0,0,0,1,1,0,0,0,5.59747E+20,5.93335E+21,9.9017E+15,5.35456E+16
99211,99212,2,4,2,403,2016,12,22,6,3,0,3,2,0,1,1,0,0,0,0,5.64579E+20,5.93822E+21,9.97562E+15,5.35888E+16
99212,99213,2,3,2,311,2016,11,17,4,3,1,5,2,1,1,1,0,0,0,0,5.64894E+20,5.93597E+21,9.9799E+15,5.35686E+16
99213,99214,2,3,2,312,2016,11,18,3,3,6,2,2,1,0,1,1,0,0,0,5.65457E+20,5.93592E+21,9.9884E+15,5.35681E+16
99214,99215,2,3,5,317,2016,11,12,7,3,2,6,0,0,0,1,0,0,0,0,5.62755E+20,5.93886E+21,9.94819E+15,5.35948E+16
99215,99216,2,7,10,711,2016,11,12,6,3,2,6,0,1,0,1,0,0,0,1,5.63035E+20,5.92418E+21,9.94948E+15,5.34629E+16
99216,99217,2,4,2,404,2016,11,10,2,3,3,7,0,0,0,1,0,0,0,0,5.65449E+20,5.93882E+21,9.98888E+15,5.35942E+16
99217,99218,2,5,18,526,2016,11,10,4,3,0,7,0,1,0,1,0,0,0,0,5.76645E+20,5.93863E+21,1.0158E+16,5.35909E+16
99218,99219,2,5,5,513,2016,12,18,7,2,4,2,2,0,0,1,0,0,0,0,5.74464E+20,5.93806E+21,1.01249E+16,5.35861E+16
99219,99220,2,5,1,504,2016,12,0,5,3,6,3,2,1,0,1,1,0,0,0,5.69878E+20,5.9361E+21,1.00552E+16,5.35691E+16
99220,99221,2,5,9,517,2016,11,15,2,3,5,3,0,0,1,1,0,0,0,0,5.71362E+20,5.94344E+21,1.00793E+16,5.36348E+16
99221,99222,2,5,5,513,2016,11,20,2,2,5,3,2,1,0,1,0,1,0,0,5.72801E+20,5.93838E+21,1.00999E+16,5.35892E+16
99222,99223,2,3,2,311,2016,11,15,7,3,3,2,0,0,1,1,0,0,0,0,5.64776E+20,5.93635E+21,9.97821E+15,5.3572E+16
99223,99224,2,4,8,421,2016,12,16,2,3,5,3,2,0,1,0,0,0,1,0,5.68466E+20,5.93728E+21,1.00341E+16,5.35799E+16
99224,99225,2,1,1,102,2016,11,16,7,3,1,2,1,0,0,1,0,0,0,0,5.65556E+20,5.93333E+21,9.98935E+15,5.35448E+16
99225,99226,2,5,6,514,2016,12,10,2,3,0,7,0,2,0,0,0,0,0,1,5.74205E+20,5.94022E+21,1.01215E+16,5.36055E+16
99226,99227,2,4,6,414,2016,11,13,4,3,5,3,0,0,1,1,0,0,0,0,5.67506E+20,5.93744E+21,1.00197E+16,5.35815E+16
99227,99228,2,5,17,525,2016,11,22,4,3,6,3,2,1,0,1,1,0,0,0,5.77296E+20,5.94494E+21,1.01694E+16,5.36475E+16
99228,99229,2,4,3,406,2016,12,18,7,3,4,6,2,2,0,1,0,1,0,0,5.64998E+20,5.94025E+21,9.98237E+15,5.3607E+16
99229,99230,2,2,1,205,2016,11,11,7,2,8,7,0,0,0,1,0,0,0,1,5.63165E+20,5.9343E+21,9.95347E+15,5.35538E+16
99230,99231,2,1,8,122,2016,11,17,4,3,1,5,2,1,1,1,0,0,0,0,5.69999E+20,5.9355E+21,1.00569E+16,5.35637E+16
99231,99232,2,5,18,526,2016,11,15,5,3,5,3,0,0,0,1,0,0,0,0,5.7542E+20,5.93884E+21,1.01395E+16,5.3593E+16
99232,99233,2,1,3,108,2016,11,9,4,3,5,3,0,1,1,1,0,0,0,0,5.65544E+20,5.93483E+21,9.98948E+15,5.35583E+16
99233,99234,2,3,8,320,2016,11,8,2,3,1,5,0,0,1,1,0,0,0,0,5.59112E+20,5.93999E+21,9.89337E+15,5.36054E+16
99234,99235,2,5,5,513,2016,11,16,2,3,5,3,0,0,0,1,0,0,0,0,5.72969E+20,5.93844E+21,1.01024E+16,5.35897E+16
99235,99236,2,1,3,107,2016,11,15,7,2,6,3,0,1,1,0,1,0,0,0,5.65304E+20,5.93411E+21,9.98571E+15,5.35518E+16
99236,99237,2,5,7,515,2016,11,19,5,3,6,4,2,1,0,1,1,0,0,0,5.7061E+20,5.9405E+21,1.00672E+16,5.36085E+16
99237,99238,2,4,5,408,2016,11,15,2,3,3,2,0,0,1,1,0,0,0,0,5.67021E+20,5.94004E+21,1.00129E+16,5.36049E+16
99238,99239,2,4,1,401,2016,12,17,2,3,4,2,2,0,1,1,0,0,0,0,5.64566E+20,5.93758E+21,9.97529E+15,5.35831E+16
99239,99240,2,5,7,515,2016,11,15,3,3,0,5,0,0,1,1,0,0,0,0,5.71762E+20,5.94085E+21,1.00847E+16,5.36115E+16
99240,99241,2,5,12,520,2016,11,7,4,3,6,2,2,1,0,0,1,0,0,1,5.7023E+20,5.94553E+21,1.00626E+16,5.36538E+16
99241,99242,2,1,16,137,2016,11,2,1,2,4,2,2,1,0,1,0,0,0,0,5.66062E+20,5.9283E+21,9.99593E+15,5.34995E+16
99242,99243,2,5,18,526,2016,12,23,6,3,2,6,2,0,0,1,0,0,0,0,5.76491E+20,5.94128E+21,1.01563E+16,5.36147E+16
99243,99244,2,2,1,203,2016,11,0,6,3,1,5,2,0,0,1,0,0,0,0,5.6243E+20,5.9339E+21,9.94229E+15,5.35502E+16
99244,99245,2,4,6,415,2016,11,8,4,3,3,2,0,1,0,1,0,1,0,0,5.67625E+20,5.93577E+21,1.00211E+16,5.35665E+16
99245,99246,2,5,9,517,2016,11,8,3,3,6,4,0,0,0,1,1,0,0,0,5.7049E+20,5.94339E+21,1.00661E+16,5.36345E+16
99246,99247,2,3,3,314,2016,11,16,5,3,5,2,1,0,0,1,0,0,0,0,5.6581E+20,5.93722E+21,9.99401E+15,5.35797E+16
99247,99248,2,1,16,137,2016,11,18,3,3,1,6,2,0,0,1,0,0,0,0,5.66285E+20,5.92823E+21,9.99926E+15,5.34989E+16
99248,99249,2,1,5,114,2016,12,19,7,3,4,2,2,0,0,1,0,0,0,0,5.66833E+20,5.93418E+21,1.00088E+16,5.35522E+16
99249,99250,2,4,13,432,2016,11,15,6,3,3,2,0,0,1,1,0,0,0,0,5.67173E+20,5.94781E+21,1.00169E+16,5.36747E+16
99250,99251,2,5,11,519,2016,11,15,4,3,5,3,0,1,1,1,0,0,0,0,5.72402E+20,5.94531E+21,1.00954E+16,5.36515E+16
99251,99252,2,1,4,111,2016,11,18,4,3,6,2,2,1,0,1,1,0,0,0,5.6375E+20,5.93384E+21,9.9622E+15,5.35495E+16
99252,99253,2,5,1,502,2016,11,22,5,3,8,1,2,0,0,1,0,0,0,0,5.69704E+20,5.93604E+21,1.00525E+16,5.35686E+16
99253,99254,2,6,14,615,2016,11,8,3,3,1,6,0,1,0,1,0,0,0,0,5.78475E+20,5.92696E+21,1.01827E+16,5.34858E+16
99254,99255,2,3,1,309,2016,11,16,2,3,3,6,2,0,1,1,0,0,0,0,5.64276E+20,5.93639E+21,9.97066E+15,5.35724E+16
99255,99256,2,3,7,319,2016,11,10,2,3,0,7,0,1,0,1,0,0,0,1,5.60635E+20,5.94341E+21,9.91705E+15,5.36359E+16
99256,99257,2,3,1,301,2016,11,16,2,3,5,3,1,0,1,1,0,0,0,0,5.62368E+20,5.93713E+21,9.942E+15,5.35793E+16
99257,99258,2,3,5,317,2016,11,20,5,3,5,3,2,1,0,1,0,1,0,0,5.64735E+20,5.93919E+21,9.97818E+15,5.35976E+16
99258,99259,2,3,5,317,2016,11,14,2,3,5,3,0,0,0,1,0,0,0,0,5.63946E+20,5.93782E+21,9.96598E+15,5.35853E+16
99259,99260,2,1,16,137,2016,12,18,1,3,2,6,2,1,0,1,0,0,0,0,5.6577E+20,5.92856E+21,9.99158E+15,5.35019E+16
99260,99261,2,5,16,524,2016,11,14,3,3,2,6,0,0,0,1,0,0,0,0,5.758E+20,5.9471E+21,1.01473E+16,5.36672E+16
99261,99262,2,6,14,615,2016,12,14,5,3,1,6,0,1,0,1,0,0,0,0,5.78268E+20,5.92705E+21,1.01796E+16,5.34866E+16
99262,99263,2,4,11,430,2016,11,1,1,3,8,1,2,1,0,1,0,0,0,0,5.68971E+20,5.94039E+21,1.00424E+16,5.36078E+16
99263,99264,2,4,6,415,2016,12,9,6,3,5,2,0,0,1,0,0,0,1,0,5.67741E+20,5.93591E+21,1.00229E+16,5.35677E+16
99264,99265,2,6,2,603,2016,11,8,3,3,5,3,0,1,0,1,0,0,0,0,5.80445E+20,5.92686E+21,1.02123E+16,5.34845E+16
99265,99266,2,4,3,406,2016,11,18,3,3,6,4,2,0,0,1,1,0,0,0,5.64943E+20,5.94013E+21,9.98151E+15,5.36059E+16
99266,99267,2,4,11,430,2016,11,18,4,3,1,6,2,0,0,1,0,0,0,0,5.68349E+20,5.94185E+21,1.00334E+16,5.3621E+16
99267,99268,2,1,11,128,2016,11,16,3,3,2,6,2,1,0,1,0,0,0,0,5.71778E+20,5.93353E+21,1.00833E+16,5.35458E+16
99268,99269,2,1,4,109,2016,11,9,7,3,5,2,0,0,0,1,0,0,0,0,5.64967E+20,5.93506E+21,9.98082E+15,5.35604E+16
99269,99270,2,1,16,136,2016,11,19,6,3,3,7,2,0,0,1,0,0,0,1,5.67662E+20,5.92707E+21,1.00198E+16,5.34883E+16
99270,99271,2,1,3,108,2016,11,21,2,3,5,3,2,0,0,1,0,1,0,0,5.65644E+20,5.93439E+21,9.9909E+15,5.35543E+16
99271,99272,2,1,13,131,2016,11,17,4,3,4,6,2,1,1,0,0,0,0,0,5.72601E+20,5.93191E+21,1.00953E+16,5.35311E+16
99272,99273,2,2,3,210,2016,11,11,2,3,2,3,0,0,1,1,0,0,0,1,5.62766E+20,5.93509E+21,9.9476E+15,5.35609E+16
99273,99274,2,2,6,218,2016,11,17,4,3,1,5,2,0,1,1,0,0,0,0,5.5823E+20,5.93512E+21,9.87914E+15,5.35617E+16
99274,99275,2,7,16,717,2016,12,22,7,3,8,1,2,2,0,1,0,0,0,0,5.51682E+20,5.9318E+21,9.77974E+15,5.35325E+16
99275,99276,2,7,12,713,2016,11,4,7,3,9,7,2,1,0,1,0,0,0,0,5.61892E+20,5.92945E+21,9.93329E+15,5.35103E+16
99276,99277,2,6,2,602,2016,11,17,6,2,5,2,2,1,0,1,0,0,0,0,5.78612E+20,5.92705E+21,1.01848E+16,5.34866E+16
99277,99278,2,2,1,203,2016,11,12,2,3,3,6,0,0,0,1,0,0,0,0,5.62513E+20,5.93393E+21,9.94355E+15,5.35506E+16
99278,99279,2,1,12,130,2016,11,13,1,3,6,3,0,0,0,1,1,0,0,0,5.76188E+20,5.9312E+21,1.01493E+16,5.35242E+16
99279,99280,2,1,12,130,2016,11,21,6,3,5,3,2,1,0,1,0,0,0,0,5.72937E+20,5.93294E+21,1.01006E+16,5.35403E+16
99280,99281,2,3,3,314,2016,11,16,5,3,6,3,1,0,0,1,1,0,0,0,5.65495E+20,5.9374E+21,9.98928E+15,5.35813E+16
99281,99282,2,3,3,314,2016,11,6,2,3,5,3,2,0,1,0,0,0,0,0,5.65489E+20,5.9374E+21,9.98919E+15,5.35814E+16
99282,99283,2,2,5,215,2016,11,7,4,3,2,6,2,0,1,1,0,0,0,0,5.61356E+20,5.93542E+21,9.92639E+15,5.35641E+16
99283,99284,2,5,12,520,2016,11,6,3,3,4,2,1,0,0,1,0,0,0,0,5.68837E+20,5.94483E+21,1.00414E+16,5.36477E+16
99284,99285,2,5,3,510,2016,12,7,5,2,6,2,1,1,0,1,1,0,0,0,5.70682E+20,5.93636E+21,1.00674E+16,5.35713E+16
99285,99286,2,2,2,207,2016,11,12,1,3,2,6,0,0,0,1,0,0,0,0,5.63866E+20,5.93487E+21,9.96417E+15,5.35589E+16
99286,99287,2,3,5,317,2016,12,8,6,3,1,5,0,0,0,1,0,0,0,0,5.6273E+20,5.93788E+21,9.94762E+15,5.3586E+16
99287,99288,2,5,18,526,2016,11,20,3,3,6,2,2,1,0,1,1,0,0,0,5.76328E+20,5.94018E+21,1.01536E+16,5.36049E+16
99288,99289,2,1,5,114,2016,11,5,3,3,5,3,2,1,0,1,0,0,0,0,5.66392E+20,5.93471E+21,1.00023E+16,5.35571E+16
99289,99290,2,1,12,130,2016,11,16,6,3,6,4,2,1,0,1,1,0,0,0,5.75566E+20,5.93323E+21,1.01404E+16,5.35425E+16
99290,99291,2,6,2,602,2016,11,14,6,3,1,6,0,2,0,1,0,0,0,0,5.78324E+20,5.92823E+21,1.01807E+16,5.34972E+16
99291,99292,2,1,16,136,2016,12,12,2,3,6,3,0,0,0,0,1,0,0,1,5.67196E+20,5.92837E+21,1.0013E+16,5.35E+16
99292,99293,2,5,4,512,2016,11,13,1,3,4,6,0,1,0,1,0,0,0,0,5.73933E+20,5.93707E+21,1.01166E+16,5.35773E+16
99293,99294,2,3,8,320,2016,11,15,4,2,4,2,0,0,1,1,0,0,0,0,5.59995E+20,5.94121E+21,9.90695E+15,5.36163E+16
99294,99295,2,5,18,526,2016,11,8,4,3,6,3,0,1,0,1,1,0,0,0,5.76026E+20,5.94033E+21,1.0149E+16,5.36063E+16
99295,99296,2,5,11,519,2016,12,13,7,3,3,2,0,0,0,1,0,0,0,0,5.71887E+20,5.94525E+21,1.00876E+16,5.3651E+16
99296,99297,2,5,18,526,2016,11,12,7,3,6,7,0,0,0,0,1,0,0,1,5.75707E+20,5.9406E+21,1.01443E+16,5.36088E+16
99297,99298,2,6,2,603,2016,11,11,4,3,1,6,0,1,0,1,0,0,0,0,5.80076E+20,5.92689E+21,1.02068E+16,5.34849E+16
99298,99299,2,5,4,512,2016,11,12,3,3,5,7,0,1,0,1,0,0,0,0,5.73257E+20,5.93612E+21,1.01062E+16,5.35688E+16
99299,99300,2,3,9,321,2016,11,9,3,3,2,6,0,0,0,1,0,0,0,0,5.62032E+20,5.9386E+21,9.93722E+15,5.35926E+16
99300,99301,2,4,13,432,2016,12,15,5,3,2,6,0,1,0,1,0,0,1,0,5.67524E+20,5.94497E+21,1.00216E+16,5.36491E+16
99301,99302,2,1,1,101,2016,12,18,6,3,4,2,2,0,0,1,0,0,0,0,5.66659E+20,5.93395E+21,1.00061E+16,5.35502E+16
99302,99303,2,1,6,118,2016,11,11,2,3,2,6,0,0,0,1,0,0,0,1,5.68878E+20,5.93357E+21,1.00395E+16,5.35465E+16
99303,99304,2,1,1,102,2016,11,7,2,3,2,6,0,0,0,1,0,0,0,0,5.6533E+20,5.93362E+21,9.98601E+15,5.35474E+16
99304,99305,2,5,18,526,2016,11,10,6,2,6,4,0,0,0,1,1,0,0,0,5.75406E+20,5.94243E+21,1.01402E+16,5.36252E+16
99305,99306,2,5,2,507,2016,12,17,2,3,2,6,2,0,0,1,0,0,0,0,5.71529E+20,5.9373E+21,1.00804E+16,5.35797E+16
99306,99307,2,2,2,207,2016,12,2,7,3,6,4,2,0,1,0,1,0,0,0,5.63702E+20,5.93523E+21,9.96177E+15,5.35621E+16
99307,99308,2,6,11,612,2016,11,14,6,3,6,2,0,1,0,0,1,0,1,0,5.72325E+20,5.92899E+21,1.00905E+16,5.35049E+16
99308,99309,2,5,6,514,2016,11,17,4,3,5,2,2,1,1,1,0,0,0,0,5.73085E+20,5.94123E+21,1.01048E+16,5.36148E+16
99309,99310,2,2,3,210,2016,11,22,4,3,1,6,2,1,0,1,0,0,0,0,5.62787E+20,5.93506E+21,9.94791E+15,5.35607E+16
99310,99311,2,5,7,515,2016,11,16,5,3,2,6,2,0,0,1,0,0,0,0,5.70708E+20,5.93966E+21,1.00685E+16,5.3601E+16
99311,99312,2,4,9,425,2016,11,13,3,3,2,2,0,1,0,1,0,0,0,0,5.70479E+20,5.93804E+21,1.00647E+16,5.35865E+16
99312,99313,2,2,7,219,2016,11,16,2,3,2,2,0,0,0,1,0,0,0,1,5.59E+20,5.93409E+21,9.89056E+15,5.35524E+16
99313,99314,2,7,1,702,2016,11,20,1,3,6,2,2,0,0,1,1,0,0,0,5.6577E+20,5.92306E+21,9.99042E+15,5.34525E+16
99314,99315,2,3,9,321,2016,11,7,5,3,2,2,0,1,1,1,0,0,0,0,5.61644E+20,5.93918E+21,9.93147E+15,5.35978E+16
99315,99316,2,6,2,602,2016,11,5,1,3,4,1,2,1,0,1,0,0,0,0,5.79707E+20,5.92734E+21,1.02013E+16,5.3489E+16
99316,99317,2,3,4,316,2016,12,13,2,3,2,6,0,0,0,1,0,0,1,0,5.64243E+20,5.9376E+21,9.97042E+15,5.35833E+16
99317,99318,2,4,10,426,2016,11,19,2,3,6,4,2,0,0,1,1,0,0,0,5.70238E+20,5.93833E+21,1.00611E+16,5.35891E+16
99318,99319,2,1,13,131,2016,11,18,1,3,3,6,0,0,0,1,0,0,0,0,5.74172E+20,5.93548E+21,1.01199E+16,5.35629E+16
99319,99320,2,5,18,526,2016,11,18,6,3,5,3,2,0,0,1,0,0,0,0,5.76109E+20,5.93812E+21,1.01497E+16,5.35864E+16
99320,99321,2,2,5,215,2016,12,11,2,3,2,6,0,1,0,1,0,0,0,0,5.60812E+20,5.93697E+21,9.91847E+15,5.35781E+16
99321,99322,2,5,10,518,2016,11,15,4,3,5,3,0,1,1,1,0,0,0,0,5.74247E+20,5.94454E+21,1.01232E+16,5.36443E+16
99322,99323,2,3,2,312,2016,11,9,2,3,2,6,0,0,0,1,0,0,0,0,5.65762E+20,5.93549E+21,9.99291E+15,5.35642E+16
99323,99324,2,1,16,136,2016,12,16,6,3,2,6,2,0,0,1,0,0,0,0,5.68734E+20,5.92892E+21,1.00363E+16,5.35047E+16
99324,99325,2,4,13,432,2016,11,13,6,3,2,6,0,1,0,1,0,0,0,0,5.67815E+20,5.94506E+21,1.0026E+16,5.36499E+16
99325,99326,2,5,12,520,2016,11,17,4,2,6,2,2,1,0,1,1,0,0,0,5.6857E+20,5.94494E+21,1.00374E+16,5.36487E+16
99326,99327,2,1,12,130,2016,11,12,3,3,6,7,0,0,0,0,1,0,0,1,5.72932E+20,5.93318E+21,1.01006E+16,5.35425E+16
99327,99328,2,2,14,227,2016,11,9,5,3,4,2,0,0,0,1,0,0,0,0,5.49861E+20,5.9375E+21,9.75318E+15,5.3584E+16
99328,99329,2,4,5,408,2016,11,22,3,3,2,6,2,1,0,1,0,0,0,0,5.66995E+20,5.94021E+21,1.00125E+16,5.36064E+16
99329,99330,2,1,6,117,2016,11,8,6,3,1,6,0,1,0,1,0,0,1,0,5.68258E+20,5.93342E+21,1.00301E+16,5.35452E+16
99330,99331,2,1,8,123,2016,11,6,1,3,5,3,2,0,0,1,0,0,0,0,5.69904E+20,5.93519E+21,1.00554E+16,5.3561E+16
99331,99332,2,2,5,216,2016,11,11,1,3,5,3,0,1,1,1,0,0,0,0,5.60664E+20,5.93539E+21,9.91593E+15,5.35639E+16
99332,99333,2,3,1,306,2016,11,10,5,3,6,7,0,1,0,1,1,0,0,0,5.63483E+20,5.93628E+21,9.95867E+15,5.35715E+16
99333,99334,2,5,6,514,2016,11,16,1,3,0,7,1,0,1,0,0,0,0,0,5.75775E+20,5.9434E+21,1.0146E+16,5.36339E+16
99334,99335,2,4,2,404,2016,11,10,4,3,2,2,0,0,0,1,0,1,0,0,5.6568E+20,5.9385E+21,9.99231E+15,5.35912E+16
99335,99336,2,3,1,301,2016,11,19,3,3,1,5,2,0,0,1,0,0,0,1,5.62236E+20,5.93724E+21,9.94003E+15,5.35803E+16
99336,99337,2,1,7,119,2016,12,17,5,3,2,6,2,1,0,1,0,0,0,0,5.68468E+20,5.93421E+21,1.00335E+16,5.35523E+16
99337,99338,2,4,5,411,2016,11,21,1,3,1,1,2,0,0,1,0,0,0,0,5.67707E+20,5.93778E+21,1.00228E+16,5.35845E+16
99338,99339,2,2,5,215,2016,12,13,6,3,1,6,0,0,0,1,0,0,0,0,5.60781E+20,5.93719E+21,9.91805E+15,5.358E+16
99339,99340,2,3,9,321,2016,11,17,3,3,5,3,2,1,0,1,0,1,0,0,5.61803E+20,5.93839E+21,9.93373E+15,5.35907E+16
99340,99341,2,3,5,317,2016,11,15,3,3,5,3,0,0,0,1,0,0,0,1,5.62968E+20,5.93939E+21,9.95152E+15,5.35996E+16
99341,99342,2,4,10,426,2016,11,23,4,3,6,2,2,1,0,1,1,0,0,0,5.69678E+20,5.93794E+21,1.00526E+16,5.35856E+16
99342,99343,2,1,16,136,2016,12,17,5,3,0,6,2,1,0,1,0,0,0,1,5.67595E+20,5.92667E+21,1.00187E+16,5.34847E+16
99343,99344,2,5,18,526,2016,11,10,1,2,5,3,0,1,1,1,0,0,0,0,5.78025E+20,5.94044E+21,1.01793E+16,5.36069E+16
99344,99345,2,4,9,424,2016,12,14,6,3,2,6,0,0,1,1,0,0,0,0,5.70161E+20,5.93784E+21,1.00599E+16,5.35847E+16
99345,99346,2,1,19,140,2016,11,19,5,3,5,3,2,0,0,1,0,0,0,1,5.59459E+20,5.92999E+21,9.89671E+15,5.35155E+16
99346,99347,2,2,8,220,2016,11,16,4,3,6,4,2,1,0,1,1,0,0,0,5.57427E+20,5.9393E+21,9.86779E+15,5.35994E+16
99347,99348,2,4,4,407,2016,11,17,3,3,5,2,2,0,0,1,0,0,0,0,5.67378E+20,5.94116E+21,1.00185E+16,5.36149E+16
99348,99349,2,1,15,134,2016,11,8,4,3,0,7,0,0,1,0,1,0,0,0,5.6778E+20,5.9317E+21,1.00226E+16,5.35298E+16
99349,99350,2,2,8,220,2016,11,23,3,3,5,3,2,1,0,1,0,0,0,0,5.57653E+20,5.93805E+21,9.87097E+15,5.35881E+16
99350,99351,2,5,2,507,2016,11,22,6,3,5,3,2,1,0,1,0,0,0,0,5.71746E+20,5.93676E+21,1.00835E+16,5.35748E+16
99351,99352,2,5,18,526,2016,11,11,6,3,3,6,0,1,0,1,0,0,0,0,5.75949E+20,5.94021E+21,1.01478E+16,5.36052E+16
99352,99353,2,3,1,306,2016,11,22,1,3,5,3,2,0,0,1,0,0,0,0,5.63317E+20,5.93615E+21,9.95614E+15,5.35704E+16
99353,99354,2,5,2,505,2016,11,13,6,3,3,6,0,1,0,1,0,0,0,0,5.70467E+20,5.93635E+21,1.00641E+16,5.35712E+16
99354,99355,2,1,3,108,2016,11,8,5,3,4,2,0,1,1,1,0,0,0,0,5.65383E+20,5.93475E+21,9.98704E+15,5.35576E+16
99355,99356,2,5,18,526,2016,11,18,1,3,5,3,2,0,0,1,0,0,0,0,5.7465E+20,5.93981E+21,1.01281E+16,5.36018E+16
99356,99357,2,1,1,101,2016,11,6,4,3,5,2,0,0,0,1,0,0,0,0,5.66299E+20,5.93454E+21,1.00008E+16,5.35556E+16
99357,99358,2,2,3,210,2016,11,21,3,3,4,3,2,0,1,1,0,0,0,0,5.622E+20,5.93427E+21,9.93889E+15,5.35536E+16
99358,99359,2,5,8,516,2016,12,20,5,2,6,2,2,0,0,1,1,0,0,0,5.69771E+20,5.94048E+21,1.00546E+16,5.36084E+16