FID,OBJECTID,ULAND,UREGBEZ,UKREIS,UGEMEINDE,UJAHR,UMONAT,USTUNDE,UWOCHENTAG,UKATEGORIE,UART,UTYP1,ULICHTVERH,IstStrasse,IstRad,IstPKW,IstFuss,IstKrad,IstGkfz,IstSonstig,LINREFX,LINREFY,XGCSWGS84,YGCSWGS84
99359,99360,2,1,16,137,2016,11,10,7,3,0,6,0,0,0,1,0,0,0,1,5.65759E+20,5.92837E+21,9.99138E+15,5.35001E+16
99360,99361,2,3,4,316,2016,12,19,6,3,2,6,2,0,0,1,0,0,0,0,5.63885E+20,5.93733E+21,9.96495E+15,5.35809E+16
99361,99362,2,3,6,318,2016,11,14,3,3,8,7,0,1,0,1,0,0,0,0,5.62446E+20,5.94133E+21,9.94403E+15,5.3617E+16
99362,99363,2,1,11,129,2016,11,17,2,2,6,4,2,0,0,1,1,0,0,0,5.73429E+20,5.93548E+21,1.01087E+16,5.3563E+16
99363,99364,2,5,7,515,2016,11,23,6,3,6,1,2,1,0,1,1,0,0,0,5.70188E+20,5.93927E+21,1.00606E+16,5.35976E+16
99364,99365,2,5,18,526,2016,12,13,2,3,5,2,0,0,1,1,0,0,0,0,5.76064E+20,5.93988E+21,1.01495E+16,5.36022E+16
99365,99366,2,4,1,401,2016,11,11,3,3,6,2,0,0,0,1,1,0,0,0,5.64883E+20,5.93755E+21,9.98008E+15,5.35828E+16
99366,99367,2,5,16,524,2016,11,12,6,3,5,3,0,0,0,1,0,0,0,0,5.75658E+20,5.9473E+21,1.01452E+16,5.3669E+16
99367,99368,2,5,4,512,2016,11,7,6,3,2,6,1,2,0,1,0,0,0,0,5.73591E+20,5.93685E+21,1.01114E+16,5.35753E+16
99368,99369,2,2,3,208,2016,11,17,1,2,9,7,2,1,0,1,0,0,0,0,5.62925E+20,5.93545E+21,9.95007E+15,5.35642E+16
99369,99370,2,5,18,526,2016,11,20,4,3,1,6,2,1,0,1,0,0,0,1,5.74842E+20,5.93959E+21,1.0131E+16,5.35998E+16
99370,99371,2,6,2,603,2016,12,3,7,2,0,5,2,0,1,1,0,0,0,0,5.81334E+20,5.92657E+21,1.02257E+16,5.34818E+16
99371,99372,2,4,6,415,2016,12,9,5,3,0,2,0,1,1,0,0,0,0,0,5.68396E+20,5.9359E+21,1.00328E+16,5.35675E+16
99372,99373,2,1,5,114,2016,12,12,6,3,6,7,0,0,0,1,1,0,0,0,5.67555E+20,5.93414E+21,1.00197E+16,5.35518E+16
99373,99374,2,5,7,515,2016,11,15,2,3,2,6,0,0,0,1,0,0,0,0,5.71218E+20,5.94133E+21,1.00766E+16,5.3616E+16
99374,99375,2,4,9,425,2016,11,8,1,3,1,5,0,0,0,1,0,0,0,0,5.70437E+20,5.9381E+21,1.00641E+16,5.3587E+16
99375,99376,2,5,11,519,2016,11,14,6,3,6,4,0,1,0,1,1,0,0,0,5.70619E+20,5.94572E+21,1.00685E+16,5.36554E+16
99376,99377,2,4,10,427,2016,12,8,2,3,1,2,0,1,0,1,0,0,0,0,5.68515E+20,5.93852E+21,1.00351E+16,5.35911E+16
99377,99378,2,1,5,114,2016,12,19,7,3,0,4,2,2,0,0,1,0,0,1,5.66608E+20,5.93425E+21,1.00054E+16,5.35529E+16
99378,99379,2,4,13,432,2016,11,16,6,3,5,3,1,1,0,1,0,1,0,0,5.66127E+20,5.94608E+21,1.00007E+16,5.36592E+16
99379,99380,2,4,10,429,2016,11,14,4,3,6,4,0,1,0,1,1,0,0,0,5.68784E+20,5.94016E+21,1.00396E+16,5.36057E+16
99380,99381,2,3,1,309,2016,11,10,4,3,5,2,0,0,1,1,0,0,0,0,5.64116E+20,5.93575E+21,9.96813E+15,5.35667E+16
99381,99382,2,5,7,515,2016,11,15,4,3,5,3,0,1,1,1,0,0,0,0,5.71223E+20,5.9411E+21,1.00766E+16,5.36139E+16
99382,99383,2,2,10,222,2016,12,8,7,3,9,1,0,0,0,1,0,1,0,0,5.55254E+20,5.93441E+21,9.83408E+15,5.35557E+16
99383,99384,2,3,8,320,2016,11,17,7,3,6,4,2,1,0,1,1,0,0,0,5.59609E+20,5.93857E+21,9.90062E+15,5.35926E+16
99384,99385,2,1,8,127,2016,11,17,4,3,6,4,0,0,0,1,1,0,0,0,5.6961E+20,5.9337E+21,1.00506E+16,5.35476E+16
99385,99386,2,1,11,129,2016,11,16,5,3,5,2,2,0,1,1,0,0,0,0,5.72957E+20,5.93491E+21,1.01014E+16,5.3558E+16
99386,99387,2,3,7,319,2016,11,6,3,3,5,2,2,0,1,1,0,0,0,0,5.60907E+20,5.94303E+21,9.9211E+15,5.36325E+16
99387,99388,2,3,9,321,2016,11,19,2,3,2,6,2,0,0,1,0,0,0,0,5.61609E+20,5.9383E+21,9.93077E+15,5.35899E+16
99388,99389,2,5,7,515,2016,11,13,1,3,5,3,0,0,0,1,0,0,0,0,5.71954E+20,5.94156E+21,1.00878E+16,5.36179E+16
99389,99390,2,5,12,520,2016,11,6,6,3,6,4,2,1,0,1,1,0,0,0,5.68304E+20,5.94447E+21,1.00333E+16,5.36446E+16
99390,99391,2,4,9,424,2016,11,18,5,3,6,4,2,0,1,0,1,0,0,0,5.70087E+20,5.93694E+21,1.00585E+16,5.35766E+16
99391,99392,2,3,2,312,2016,11,18,1,3,4,2,2,0,0,1,0,0,0,0,5.65885E+20,5.93628E+21,9.99494E+15,5.35712E+16
99392,99393,2,4,2,404,2016,12,17,2,3,0,7,2,0,0,1,1,0,0,0,5.65201E+20,5.9381E+21,9.98499E+15,5.35877E+16
99393,99394,2,2,3,210,2016,11,15,3,2,6,4,0,0,0,1,1,0,0,0,5.62683E+20,5.9352E+21,9.94637E+15,5.35619E+16
99394,99395,2,3,8,320,2016,11,13,4,3,2,6,0,1,0,1,0,0,0,1,5.5938E+20,5.93996E+21,9.89742E+15,5.36051E+16
99395,99396,2,1,1,102,2016,11,15,2,3,0,6,0,0,0,1,0,0,0,1,5.65632E+20,5.9339E+21,9.99061E+15,5.35499E+16
99396,99397,2,1,7,119,2016,12,13,6,3,5,3,0,0,0,1,0,1,0,0,5.68569E+20,5.93415E+21,1.0035E+16,5.35518E+16
99397,99398,2,3,5,317,2016,11,9,6,3,0,3,0,1,1,1,0,0,0,0,5.64418E+20,5.93928E+21,9.97341E+15,5.35984E+16
99398,99399,2,4,10,426,2016,11,17,4,3,2,6,2,1,0,1,0,0,0,0,5.69538E+20,5.93813E+21,1.00505E+16,5.35874E+16
99399,99400,2,5,6,514,2016,11,14,3,2,8,1,0,0,0,1,0,0,0,0,5.73522E+20,5.93919E+21,1.01109E+16,5.35964E+16
99400,99401,2,2,1,205,2016,11,13,5,3,1,7,0,1,1,1,0,0,0,0,5.62837E+20,5.93451E+21,9.94856E+15,5.35557E+16
99401,99402,2,3,5,317,2016,11,13,3,3,1,6,0,1,0,1,0,0,0,0,5.62664E+20,5.93876E+21,9.94681E+15,5.35939E+16
99402,99403,2,4,4,407,2016,11,18,6,3,0,7,2,1,0,1,0,0,0,0,5.66725E+20,5.94114E+21,1.00087E+16,5.36148E+16
99403,99404,2,5,6,514,2016,11,9,6,3,0,1,0,1,1,1,0,0,0,0,5.73928E+20,5.9423E+21,1.01178E+16,5.36243E+16
99404,99405,2,1,3,106,2016,11,18,1,3,2,6,2,0,0,1,0,0,0,0,5.64267E+20,5.93381E+21,9.96999E+15,5.35493E+16
99405,99406,2,3,3,313,2016,11,20,1,3,5,3,2,1,0,1,0,0,0,0,5.64576E+20,5.93676E+21,9.97527E+15,5.35758E+16
99406,99407,2,5,1,504,2016,11,17,5,3,6,4,2,0,0,1,1,0,0,0,5.69796E+20,5.93649E+21,1.0054E+16,5.35726E+16
99407,99408,2,3,5,317,2016,11,17,3,3,5,3,2,1,1,0,0,0,0,1,5.63598E+20,5.93861E+21,9.96088E+15,5.35924E+16
99408,99409,2,2,3,210,2016,11,15,2,3,3,6,0,0,0,1,0,0,1,0,5.62553E+20,5.93459E+21,9.94429E+15,5.35565E+16
99409,99410,2,1,1,101,2016,11,1,1,3,5,3,2,2,0,1,0,0,0,0,5.6624E+20,5.93447E+21,9.99992E+15,5.3555E+16
99410,99411,2,1,5,113,2016,11,0,1,2,6,4,2,0,0,1,1,0,0,0,5.67802E+20,5.93433E+21,1.00235E+16,5.35534E+16
99411,99412,2,2,5,215,2016,11,15,5,3,3,6,0,0,0,0,0,0,1,1,5.61066E+20,5.9354E+21,9.922E+15,5.35639E+16
99412,99413,2,1,16,137,2016,11,18,7,3,4,2,2,0,0,1,0,0,0,0,5.65792E+20,5.92894E+21,9.99199E+15,5.35053E+16
99413,99414,2,7,4,705,2016,12,16,1,3,5,3,1,1,0,1,0,0,0,0,5.65654E+20,5.92263E+21,9.98859E+15,5.34486E+16
99414,99415,2,7,12,713,2016,11,5,2,3,6,2,2,0,0,1,1,0,0,0,5.6001E+20,5.9286E+21,9.90476E+15,5.35029E+16
99415,99416,2,6,2,603,2016,12,17,5,3,6,4,2,1,0,0,1,0,0,1,5.8014E+20,5.92637E+21,1.02076E+16,5.34802E+16
99416,99417,2,5,2,508,2016,11,16,1,3,3,6,2,0,0,1,0,1,0,0,5.72759E+20,5.93828E+21,1.00992E+16,5.35883E+16
99417,99418,2,5,11,519,2016,12,9,6,3,5,3,0,0,1,0,0,0,0,1,5.71518E+20,5.94724E+21,1.00825E+16,5.3669E+16
99418,99419,2,2,4,214,2016,11,5,3,2,6,4,2,1,0,1,1,0,0,0,5.60821E+20,5.93339E+21,9.91791E+15,5.35459E+16
99419,99420,2,6,2,602,2016,11,7,5,3,0,2,2,0,1,1,0,0,0,0,5.78836E+20,5.92707E+21,1.01882E+16,5.34867E+16
99420,99421,2,2,1,206,2016,11,9,4,3,5,2,0,0,1,1,0,0,0,0,5.62934E+20,5.93464E+21,9.95006E+15,5.35569E+16
99421,99422,2,3,1,308,2016,11,21,3,2,5,3,2,0,1,0,0,1,0,0,5.63774E+20,5.93607E+21,9.96302E+15,5.35696E+16
99422,99423,2,5,18,526,2016,11,11,4,3,1,5,0,0,0,0,0,0,0,1,5.75215E+20,5.94048E+21,1.01368E+16,5.36077E+16
99423,99424,2,3,2,311,2016,11,23,3,3,2,6,2,1,0,1,0,0,0,0,5.64756E+20,5.93549E+21,9.97773E+15,5.35643E+16
99424,99425,2,5,1,501,2016,11,14,6,3,5,3,0,0,0,1,0,0,0,1,5.68737E+20,5.93613E+21,1.0038E+16,5.35695E+16
99425,99426,2,5,18,526,2016,11,13,6,3,6,4,0,0,0,1,1,0,0,0,5.77152E+20,5.94029E+21,1.0166E+16,5.36057E+16
99426,99427,2,7,12,713,2016,11,10,7,3,0,1,0,1,0,0,0,1,0,0,5.59915E+20,5.92971E+21,9.90353E+15,5.35129E+16
99427,99428,2,1,16,137,2016,11,19,4,3,3,6,2,1,0,1,0,0,0,0,5.66162E+20,5.92786E+21,9.99734E+15,5.34955E+16
99428,99429,2,1,14,133,2016,11,20,7,3,3,6,2,0,1,1,0,0,0,0,5.6904E+20,5.93221E+21,1.00417E+16,5.35343E+16
99429,99430,2,6,1,601,2016,11,18,3,2,6,3,2,0,0,0,1,0,0,1,5.78784E+20,5.92791E+21,1.01876E+16,5.34942E+16
99430,99431,2,1,20,141,2016,12,23,7,3,8,1,2,2,0,1,0,0,0,0,5.56265E+20,5.93229E+21,9.84896E+15,5.35365E+16
99431,99432,2,7,1,701,2016,11,18,2,3,1,5,2,0,0,1,0,0,0,1,5.64776E+20,5.9239E+21,9.97563E+15,5.34601E+16
99432,99433,2,5,12,520,2016,12,16,5,2,5,2,2,1,1,1,0,0,0,0,5.68841E+20,5.94486E+21,1.00415E+16,5.3648E+16
99433,99434,2,1,11,128,2016,11,10,7,3,3,5,0,0,0,1,0,0,0,0,5.72564E+20,5.93319E+21,1.00951E+16,5.35426E+16
99434,99435,2,1,1,101,2016,12,22,6,3,0,7,2,1,1,0,0,0,0,0,5.6621E+20,5.93461E+21,9.99949E+15,5.35562E+16
99435,99436,2,4,8,422,2016,11,17,6,3,5,2,2,0,0,1,0,0,0,0,5.68443E+20,5.93659E+21,1.00336E+16,5.35737E+16
99436,99437,2,3,4,315,2016,11,8,5,3,3,6,0,1,0,1,0,0,0,0,5.64374E+20,5.93741E+21,9.97235E+15,5.35816E+16
99437,99438,2,1,6,115,2016,11,0,7,3,8,1,2,1,0,0,0,0,0,1,5.67261E+20,5.93375E+21,1.00152E+16,5.35484E+16
99438,99439,2,6,14,615,2016,11,13,3,3,5,2,0,0,1,1,0,0,0,0,5.77859E+20,5.92638E+21,1.01733E+16,5.34807E+16
99439,99440,2,1,13,131,2016,11,13,2,2,6,4,0,0,0,0,1,0,0,1,5.72117E+20,5.93242E+21,1.00881E+16,5.35357E+16
99440,99441,2,5,2,507,2016,12,9,5,3,2,6,0,1,0,1,0,0,0,0,5.71592E+20,5.9373E+21,1.00813E+16,5.35797E+16
99441,99442,2,4,3,406,2016,11,15,1,3,1,6,0,0,0,1,0,0,0,0,5.65287E+20,5.93988E+21,9.98666E+15,5.36036E+16
99442,99443,2,4,2,403,2016,12,9,6,3,6,7,0,0,1,0,1,0,0,0,5.6541E+20,5.93857E+21,9.98824E+15,5.35919E+16
99443,99444,2,3,2,312,2016,11,17,3,3,0,7,2,1,0,1,0,0,0,1,5.65358E+20,5.93535E+21,9.98679E+15,5.3563E+16
99444,99445,2,2,1,201,2016,11,17,3,3,4,2,2,0,0,1,0,0,0,0,5.6315E+20,5.93349E+21,9.95308E+15,5.35465E+16
99445,99446,2,2,4,212,2016,11,16,6,3,2,6,2,0,0,1,0,0,0,0,5.60647E+20,5.93428E+21,9.91546E+15,5.35539E+16
99446,99447,2,5,6,514,2016,11,7,6,3,0,7,0,2,1,0,0,0,0,0,5.74527E+20,5.93936E+21,1.01261E+16,5.35977E+16
99447,99448,2,6,6,607,2016,11,13,7,2,8,7,0,0,0,1,0,0,0,0,5.77527E+20,5.92176E+21,1.01671E+16,5.34392E+16
99448,99449,2,5,6,514,2016,11,11,4,3,2,6,0,1,0,1,0,0,0,0,5.74154E+20,5.94255E+21,1.01213E+16,5.36265E+16
99449,99450,2,5,18,526,2016,12,16,7,3,4,2,2,1,0,1,0,0,0,0,5.74784E+20,5.93958E+21,1.01301E+16,5.35997E+16
99450,99451,2,1,13,131,2016,11,9,4,3,5,3,0,1,0,1,0,0,0,0,5.72252E+20,5.92971E+21,1.00895E+16,5.35113E+16
99451,99452,2,4,4,407,2016,11,8,2,3,3,2,0,0,1,1,0,0,0,0,5.65801E+20,5.93971E+21,9.99439E+15,5.36021E+16
99452,99453,2,5,18,526,2016,11,14,7,3,3,7,0,0,0,1,0,0,0,0,5.75839E+20,5.94218E+21,1.01467E+16,5.36229E+16
99453,99454,2,2,6,218,2016,11,13,6,1,5,3,0,1,0,1,0,1,0,0,5.58762E+20,5.93499E+21,9.88714E+15,5.35605E+16
99454,99455,2,2,1,201,2016,11,16,3,3,5,3,0,1,1,1,0,0,0,0,5.63264E+20,5.93372E+21,9.95484E+15,5.35486E+16
99455,99456,2,1,7,120,2016,11,14,2,3,5,3,0,0,0,1,0,0,0,0,5.6874E+20,5.93462E+21,1.00377E+16,5.35559E+16
99456,99457,2,1,1,101,2016,11,21,6,3,5,3,2,1,0,1,0,0,0,0,5.66064E+20,5.93351E+21,9.99705E+15,5.35463E+16
99457,99458,2,4,10,429,2016,11,13,6,3,1,6,0,1,0,1,0,0,0,0,5.68909E+20,5.93946E+21,1.00413E+16,5.35994E+16
99458,99459,2,5,2,509,2016,12,16,2,3,2,6,1,2,0,1,0,0,0,0,5.72056E+20,5.93811E+21,1.00885E+16,5.35869E+16
99459,99460,2,4,2,403,2016,12,9,7,3,5,2,0,0,1,1,0,0,0,0,5.65098E+20,5.93859E+21,9.98354E+15,5.35921E+16
99460,99461,2,3,2,312,2016,11,20,7,3,6,7,2,1,0,1,1,0,0,0,5.65659E+20,5.93512E+21,9.99127E+15,5.35609E+16
99461,99462,2,1,8,124,2016,11,19,4,3,6,2,2,1,0,1,1,0,0,0,5.70031E+20,5.93452E+21,1.00571E+16,5.35549E+16
99462,99463,2,5,7,515,2016,11,12,5,3,0,3,0,1,1,1,0,0,0,0,5.73074E+20,5.94322E+21,1.01051E+16,5.36327E+16
99463,99464,2,1,3,107,2016,11,18,3,3,5,3,2,1,0,1,0,0,0,0,5.65291E+20,5.93412E+21,9.98551E+15,5.35519E+16
99464,99465,2,2,4,212,2016,11,12,2,2,6,4,0,0,0,1,1,0,0,0,5.60329E+20,5.93376E+21,9.91056E+15,5.35492E+16
99465,99466,2,5,18,526,2016,11,9,7,3,6,4,0,2,0,1,1,0,0,0,5.76987E+20,5.9393E+21,1.01633E+16,5.35969E+16
99466,99467,2,1,3,108,2016,11,8,6,3,1,5,0,1,0,0,0,1,0,1,5.65444E+20,5.93416E+21,9.98783E+15,5.35522E+16
99467,99468,2,4,7,416,2016,11,16,5,3,2,6,1,0,0,1,0,0,0,0,5.67527E+20,5.93566E+21,1.00196E+16,5.35655E+16
99468,99469,2,5,2,509,2016,11,13,7,3,5,3,0,1,0,1,0,0,0,0,5.71883E+20,5.93891E+21,1.00861E+16,5.35941E+16
99469,99470,2,3,5,317,2016,12,16,2,2,6,4,1,0,0,1,1,0,0,0,5.63251E+20,5.93738E+21,9.95539E+15,5.35814E+16
99470,99471,2,5,3,510,2016,11,7,2,3,6,4,1,1,0,1,1,0,0,0,5.71402E+20,5.93561E+21,1.00781E+16,5.35645E+16
99471,99472,2,2,5,217,2016,11,9,4,3,5,3,0,1,1,1,0,0,0,0,5.58929E+20,5.93606E+21,9.88986E+15,5.35701E+16
99472,99473,2,7,1,702,2016,12,11,5,3,6,4,0,1,0,0,1,0,0,1,5.65476E+20,5.92338E+21,9.98607E+15,5.34554E+16
99473,99474,2,1,16,137,2016,11,14,1,3,6,4,0,0,0,1,1,0,0,0,5.65944E+20,5.92958E+21,9.99442E+15,5.3511E+16
99474,99475,2,5,3,511,2016,12,16,6,3,3,7,0,0,0,1,0,0,0,0,5.72486E+20,5.9361E+21,1.00946E+16,5.35687E+16
99475,99476,2,2,6,218,2016,12,18,2,3,5,3,2,0,1,1,0,0,0,0,5.574E+20,5.93556E+21,9.86669E+15,5.35658E+16
99476,99477,2,1,20,141,2016,12,9,6,3,3,6,0,0,1,1,0,0,0,0,5.58604E+20,5.93175E+21,9.88415E+15,5.35314E+16
99477,99478,2,4,13,432,2016,11,23,6,2,4,2,2,1,0,1,0,0,0,0,5.67787E+20,5.94731E+21,1.00261E+16,5.36701E+16
99478,99479,2,4,13,432,2016,11,19,4,3,1,7,2,1,1,1,0,0,0,0,5.67094E+20,5.94478E+21,1.0015E+16,5.36475E+16
99479,99480,2,1,5,114,2016,11,18,4,3,6,6,2,1,1,0,1,0,0,0,5.66964E+20,5.93404E+21,1.00108E+16,5.3551E+16
99480,99481,2,3,8,320,2016,11,8,5,3,5,3,1,0,1,1,0,0,0,0,5.59491E+20,5.94169E+21,9.89943E+15,5.36206E+16
99481,99482,2,1,3,106,2016,11,13,3,3,3,7,0,1,0,1,0,0,0,0,5.64769E+20,5.93436E+21,9.97769E+15,5.35541E+16
99482,99483,2,4,13,432,2016,11,17,7,3,2,6,2,0,0,1,0,0,0,0,5.67593E+20,5.94651E+21,1.00229E+16,5.3663E+16
99483,99484,2,6,1,601,2016,11,22,7,2,6,4,2,0,0,1,1,0,0,0,5.79159E+20,5.92889E+21,1.01935E+16,5.3503E+16
99484,99485,2,4,1,401,2016,11,11,5,3,5,3,0,0,0,1,0,0,0,0,5.64558E+20,5.93773E+21,9.9752E+15,5.35844E+16
99485,99486,2,4,7,416,2016,11,18,7,3,2,6,2,1,0,1,0,0,0,0,5.67494E+20,5.93513E+21,1.0019E+16,5.35607E+16
99486,99487,2,5,2,509,2016,12,17,1,2,3,2,2,0,1,0,0,0,0,1,5.71383E+20,5.93816E+21,1.00784E+16,5.35874E+16
99487,99488,2,5,13,521,2016,11,7,2,3,5,3,1,0,1,1,0,0,0,0,5.73435E+20,5.94899E+21,1.01119E+16,5.36845E+16
99488,99489,2,6,7,608,2016,12,12,5,3,9,1,0,1,0,1,0,0,0,0,5.72288E+20,5.92612E+21,1.00893E+16,5.34791E+16
99489,99490,2,5,7,515,2016,11,3,1,3,1,5,2,1,0,1,0,0,0,0,5.70464E+20,5.93929E+21,1.00648E+16,5.35977E+16
99490,99491,2,4,10,426,2016,12,18,6,3,3,6,2,0,0,1,0,0,0,0,5.69917E+20,5.93862E+21,1.00563E+16,5.35918E+16
99491,99492,2,1,5,114,2016,11,7,3,3,5,3,1,1,0,1,0,0,0,0,5.66392E+20,5.93471E+21,1.00023E+16,5.35571E+16
99492,99493,2,3,5,317,2016,11,6,3,3,6,2,2,1,0,1,1,0,0,0,5.63017E+20,5.93932E+21,9.95225E+15,5.35989E+16
99493,99494,2,4,4,407,2016,11,11,4,2,6,4,0,0,0,1,1,0,0,0,5.66953E+20,5.94028E+21,1.00119E+16,5.36071E+16
99494,99495,2,7,14,715,2016,11,11,2,3,6,4,0,0,0,1,1,0,0,0,5.56722E+20,5.92474E+21,9.85449E+15,5.34686E+16
99495,99496,2,1,20,141,2016,11,16,5,3,5,3,1,0,0,1,0,0,0,0,5.57371E+20,5.93202E+21,9.86561E+15,5.3534E+16
99496,99497,2,4,11,430,2016,11,8,6,3,5,3,0,2,0,1,0,0,1,0,5.6876E+20,5.94025E+21,1.00392E+16,5.36066E+16
99497,99498,2,1,4,109,2016,11,13,6,3,4,1,0,0,0,1,0,1,0,0,5.64437E+20,5.93514E+21,9.97283E+15,5.35612E+16
99498,99499,2,4,10,427,2016,11,11,4,3,5,2,0,1,0,1,0,1,0,0,5.69011E+20,5.93857E+21,1.00426E+16,5.35914E+16
99499,99500,2,4,12,431,2016,11,18,3,3,3,6,2,0,0,1,0,0,0,0,5.67994E+20,5.94241E+21,1.00281E+16,5.3626E+16
99500,99501,2,1,1,102,2016,11,18,5,3,5,2,2,0,1,1,0,0,0,0,5.65381E+20,5.93367E+21,9.98678E+15,5.35478E+16
99501,99502,2,7,14,715,2016,11,7,2,3,6,3,0,1,0,1,1,0,0,0,5.56712E+20,5.92498E+21,9.85439E+15,5.34708E+16
99502,99503,2,7,16,717,2016,11,6,5,3,5,3,2,1,0,1,0,0,0,0,5.52615E+20,5.93196E+21,9.79384E+15,5.35339E+16
99503,99504,2,5,10,518,2016,11,7,6,3,0,1,0,2,1,0,0,0,0,0,5.72758E+20,5.94601E+21,1.0101E+16,5.36578E+16
99504,99505,2,5,7,515,2016,11,3,7,3,0,6,2,1,0,1,0,0,0,1,5.70292E+20,5.93963E+21,1.00622E+16,5.36008E+16
99505,99506,2,1,16,137,2016,11,17,5,3,3,6,2,1,0,1,0,0,1,0,5.6619E+20,5.92824E+21,9.99785E+15,5.3499E+16
99506,99507,2,1,3,108,2016,11,8,5,3,4,2,0,1,1,1,0,0,0,0,5.65438E+20,5.93416E+21,9.98774E+15,5.35523E+16
99507,99508,2,1,3,106,2016,11,17,7,3,3,6,2,0,0,1,0,0,0,0,5.64753E+20,5.93434E+21,9.97745E+15,5.3554E+16
99508,99509,2,1,11,128,2016,11,22,3,3,5,3,2,0,0,1,0,0,0,0,5.71991E+20,5.93424E+21,1.00867E+16,5.35521E+16
99509,99510,2,5,12,520,2016,11,13,2,2,3,6,0,0,1,1,0,0,0,0,5.70044E+20,5.94613E+21,1.00599E+16,5.36592E+16
99510,99511,2,4,11,430,2016,12,16,5,3,5,2,2,1,0,1,0,0,0,0,5.68373E+20,5.94174E+21,1.00337E+16,5.362E+16
99511,99512,2,7,1,702,2016,11,22,7,3,3,7,2,1,0,1,0,0,0,0,5.65784E+20,5.92383E+21,9.99079E+15,5.34593E+16
99512,99513,2,3,5,317,2016,12,7,6,3,1,6,0,0,0,1,0,0,0,0,5.62756E+20,5.93887E+21,9.94821E+15,5.35949E+16
99513,99514,2,6,2,602,2016,11,8,2,3,2,6,0,2,0,1,0,0,0,0,5.78741E+20,5.9275E+21,1.01868E+16,5.34906E+16
99514,99515,2,1,12,130,2016,11,20,2,3,9,1,2,0,0,1,0,0,0,0,5.72935E+20,5.93294E+21,1.01006E+16,5.35403E+16
99515,99516,2,6,14,615,2016,11,14,5,3,6,4,0,1,1,0,1,0,0,0,5.77267E+20,5.92698E+21,1.01645E+16,5.34861E+16
99516,99517,2,5,15,523,2016,11,8,6,3,8,1,0,2,0,1,0,0,0,0,5.74615E+20,5.94956E+21,1.01299E+16,5.36894E+16
99517,99518,2,6,1,601,2016,12,18,2,3,5,2,2,0,0,1,0,0,0,0,5.80143E+20,5.92812E+21,1.02081E+16,5.34959E+16
99518,99519,2,5,11,519,2016,11,17,7,3,0,7,2,0,0,1,0,0,0,0,5.70912E+20,5.94535E+21,1.00729E+16,5.36521E+16
99519,99520,2,5,2,505,2016,11,18,4,3,6,4,2,1,0,0,1,1,0,0,5.70585E+20,5.93672E+21,1.0066E+16,5.35746E+16
99520,99521,2,4,5,411,2016,12,12,7,3,0,7,0,0,1,0,0,0,0,0,5.67698E+20,5.93828E+21,1.00227E+16,5.3589E+16
99521,99522,2,4,6,415,2016,11,18,7,3,2,6,2,0,0,1,0,0,0,0,5.68404E+20,5.9366E+21,1.0033E+16,5.35738E+16
99522,99523,2,1,6,116,2016,11,14,4,3,4,6,0,1,0,1,0,1,0,0,5.67666E+20,5.93338E+21,1.00212E+16,5.3545E+16
99523,99524,2,7,12,713,2016,12,21,7,2,8,1,2,2,0,1,0,0,0,0,5.60019E+20,5.9286E+21,9.90489E+15,5.3503E+16
99524,99525,2,4,5,413,2016,11,13,2,3,0,2,0,0,1,1,0,0,0,0,5.66946E+20,5.93748E+21,1.00112E+16,5.35819E+16
99525,99526,2,4,4,407,2016,12,12,5,3,0,1,0,1,1,0,0,0,0,0,5.67252E+20,5.94091E+21,1.00166E+16,5.36127E+16
99526,99527,2,1,3,106,2016,12,17,6,3,5,2,2,0,1,1,0,0,0,0,5.6445E+20,5.93363E+21,9.97272E+15,5.35476E+16
99527,99528,2,5,7,515,2016,11,7,2,3,6,4,1,0,0,1,1,0,0,0,5.73851E+20,5.94242E+21,1.01167E+16,5.36253E+16
99528,99529,2,1,1,101,2016,11,17,7,3,5,3,2,1,0,1,0,0,0,0,5.66602E+20,5.9337E+21,1.00052E+16,5.35479E+16
99529,99530,2,6,9,610,2016,11,17,5,3,5,3,2,1,0,1,0,0,1,0,5.73773E+20,5.92808E+21,1.01121E+16,5.34965E+16
99530,99531,2,5,12,520,2016,12,12,2,3,5,2,0,0,1,1,0,0,0,0,5.68656E+20,5.94417E+21,1.00385E+16,5.36418E+16
99531,99532,2,1,3,105,2016,12,4,7,1,9,1,2,2,0,1,0,0,0,0,5.65082E+20,5.93323E+21,9.98218E+15,5.35439E+16
99532,99533,2,5,7,515,2016,11,6,6,3,5,3,2,1,0,1,0,0,0,0,5.71846E+20,5.94183E+21,1.00862E+16,5.36203E+16
99533,99534,2,5,2,508,2016,11,17,4,3,5,3,2,1,0,1,0,0,0,0,5.72937E+20,5.93772E+21,1.01017E+16,5.35832E+16
99534,99535,2,3,3,313,2016,11,16,4,3,5,3,2,1,0,1,0,0,0,0,5.64864E+20,5.9364E+21,9.97955E+15,5.35725E+16
99535,99536,2,4,11,430,2016,11,11,5,3,3,6,0,0,0,1,0,0,1,0,5.68085E+20,5.94241E+21,1.00295E+16,5.36261E+16
99536,99537,2,6,1,601,2016,11,5,2,3,5,3,2,1,0,1,0,0,0,0,5.77337E+20,5.93014E+21,1.01663E+16,5.35145E+16