FID,OBJECTID,ULAND,UREGBEZ,UKREIS,UGEMEINDE,UJAHR,UMONAT,USTUNDE,UWOCHENTAG,UKATEGORIE,UART,UTYP1,ULICHTVERH,IstStrasse,IstRad,IstPKW,IstFuss,IstKrad,IstGkfz,IstSonstig,LINREFX,LINREFY,XGCSWGS84,YGCSWGS84
99537,99538,2,4,3,406,2016,11,14,2,3,5,3,0,0,0,1,0,0,0,0,5.65306E+20,5.93987E+21,9.98694E+15,5.36035E+16
99538,99539,2,5,10,518,2016,11,18,7,3,4,2,2,1,0,1,0,0,0,0,5.72854E+20,5.94485E+21,1.01022E+16,5.36473E+16
99539,99540,2,1,12,130,2016,11,13,4,3,2,6,0,1,0,1,0,0,0,0,5.73513E+20,5.93307E+21,1.01094E+16,5.35414E+16
99540,99541,2,1,12,130,2016,11,17,2,2,3,6,2,1,0,0,0,1,1,0,5.7318E+20,5.9334E+21,1.01044E+16,5.35444E+16
99541,99542,2,4,8,420,2016,11,16,2,3,2,2,1,0,0,1,0,0,0,0,5.68128E+20,5.93632E+21,1.00288E+16,5.35713E+16
99542,99543,2,1,3,108,2016,11,18,7,3,0,6,2,0,0,1,0,0,0,1,5.65519E+20,5.93449E+21,9.98903E+15,5.35552E+16
99543,99544,2,5,4,512,2016,11,14,5,3,6,7,0,0,0,1,1,0,0,0,5.75404E+20,5.93779E+21,1.0139E+16,5.35835E+16
99544,99545,2,1,20,141,2016,11,10,6,3,4,6,0,2,1,1,0,0,0,0,5.58427E+20,5.93188E+21,9.88151E+15,5.35326E+16
99545,99546,2,3,7,319,2016,12,9,2,3,1,6,0,0,0,1,0,0,0,0,5.60301E+20,5.94447E+21,9.9122E+15,5.36455E+16
99546,99547,2,2,5,217,2016,11,8,4,3,6,3,0,1,0,1,1,0,0,0,5.59176E+20,5.93642E+21,9.89367E+15,5.35733E+16
99547,99548,2,1,3,108,2016,11,19,2,3,0,7,2,0,1,0,0,0,0,1,5.65756E+20,5.93476E+21,9.99267E+15,5.35576E+16
99548,99549,2,1,6,117,2016,12,19,6,3,5,2,2,0,1,1,0,0,0,0,5.67669E+20,5.93395E+21,1.00214E+16,5.35501E+16
99549,99550,2,2,12,225,2016,11,18,6,3,5,3,2,1,1,1,0,0,0,0,5.54449E+20,5.93756E+21,9.82249E+15,5.3584E+16
99550,99551,2,4,12,431,2016,11,10,4,3,2,6,0,0,0,1,0,0,0,0,5.67021E+20,5.94266E+21,1.00135E+16,5.36284E+16
99551,99552,2,1,8,122,2016,11,7,3,3,5,2,0,0,1,1,0,0,0,0,5.69375E+20,5.93487E+21,1.00473E+16,5.35581E+16
99552,99553,2,2,6,218,2016,11,12,5,3,6,2,0,0,0,1,1,0,0,0,5.58365E+20,5.93486E+21,9.88113E+15,5.35594E+16
99553,99554,2,1,12,130,2016,11,16,2,3,1,2,2,1,0,1,0,0,0,1,5.7613E+20,5.93097E+21,1.01483E+16,5.35221E+16
99554,99555,2,5,12,520,2016,11,11,6,3,5,3,0,1,1,1,0,0,0,0,5.68656E+20,5.94422E+21,1.00385E+16,5.36422E+16
99555,99556,2,3,1,310,2016,11,10,5,3,1,5,0,1,1,1,0,0,0,0,5.63716E+20,5.9356E+21,9.96205E+15,5.35654E+16
99556,99557,2,2,8,220,2016,12,20,5,2,6,4,2,0,0,1,1,0,0,0,5.56419E+20,5.93834E+21,9.85238E+15,5.35908E+16
99557,99558,2,2,1,202,2016,12,12,2,3,6,7,0,0,0,0,1,0,1,0,5.62518E+20,5.93325E+21,9.94349E+15,5.35444E+16
99558,99559,2,2,8,220,2016,12,16,5,3,5,3,2,1,1,1,0,0,0,0,5.57744E+20,5.93769E+21,9.87228E+15,5.35849E+16
99559,99560,2,4,13,432,2016,12,20,5,3,5,3,2,0,0,1,0,0,0,1,5.66046E+20,5.94677E+21,9.99959E+15,5.36655E+16
99560,99561,4,0,11,0,2016,1,12,6,3,5,2,0,2,0,1,0,0,0,1,4.89792E+20,5.88266E+21,8.84757E+15,5.30933E+16
99561,99562,2,4,10,428,2016,12,23,2,3,6,7,2,0,0,1,1,0,0,0,5.69836E+20,5.93928E+21,1.00553E+16,5.35977E+16
99562,99563,2,1,5,113,2016,12,9,4,3,5,3,0,0,1,1,0,0,0,0,5.6788E+20,5.93434E+21,1.00246E+16,5.35536E+16
99563,99564,2,3,3,314,2016,12,22,4,3,4,6,2,1,0,1,0,0,0,0,5.65375E+20,5.9374E+21,9.98748E+15,5.35814E+16
99564,99565,2,4,5,409,2016,12,12,6,3,2,6,0,0,0,1,0,0,0,0,5.68102E+20,5.93952E+21,1.00291E+16,5.36001E+16
99565,99566,2,7,9,710,2016,12,13,6,3,6,7,0,0,0,0,1,0,0,1,5.63784E+20,5.92353E+21,9.96063E+15,5.34569E+16
99566,99567,2,1,12,130,2016,12,10,6,3,5,3,0,0,0,1,0,0,0,0,5.72998E+20,5.93306E+21,1.01016E+16,5.35414E+16
99567,99568,2,2,8,220,2016,12,11,6,3,3,2,0,0,1,0,0,0,0,1,5.58185E+20,5.93855E+21,9.8791E+15,5.35926E+16
99568,99569,2,7,10,711,2016,12,9,6,3,4,6,0,1,1,1,0,0,0,0,5.62995E+20,5.92415E+21,9.94886E+15,5.34626E+16
99569,99570,2,5,7,515,2016,12,12,4,3,5,7,0,1,1,1,0,0,0,0,5.70713E+20,5.93967E+21,1.00686E+16,5.36011E+16
99570,99571,2,4,5,413,2016,12,21,3,3,0,7,2,0,0,1,0,1,0,0,5.65936E+20,5.93769E+21,9.99601E+15,5.35839E+16
99571,99572,2,7,16,717,2016,12,6,6,3,8,6,2,0,0,1,0,0,0,1,5.52757E+20,5.9314E+21,9.79589E+15,5.35289E+16
99572,99573,2,1,1,102,2016,12,10,2,3,1,5,0,0,1,1,0,0,0,1,5.65947E+20,5.93402E+21,9.9954E+15,5.35509E+16
99573,99574,2,3,5,317,2016,12,16,5,3,6,7,2,1,1,0,1,0,0,0,5.63368E+20,5.93935E+21,9.95756E+15,5.35991E+16
99574,99575,2,1,13,131,2016,12,7,2,3,2,6,1,0,0,1,0,0,0,0,5.72239E+20,5.92972E+21,1.00894E+16,5.35115E+16
99575,99576,4,0,12,0,2016,1,14,3,3,2,6,0,1,0,1,0,0,0,0,4.71269E+20,5.93465E+21,8.56624E+15,5.35599E+16
99576,99577,2,5,11,519,2016,12,23,2,3,8,1,2,0,0,1,0,0,0,0,5.71622E+20,5.94583E+21,1.00838E+16,5.36563E+16
99577,99578,2,5,3,510,2016,12,20,2,3,5,3,2,1,0,1,0,0,0,0,5.7075E+20,5.93608E+21,1.00683E+16,5.35689E+16
99578,99579,2,2,5,216,2016,12,16,3,2,6,4,1,0,0,1,1,0,0,0,5.60162E+20,5.9357E+21,9.90841E+15,5.35667E+16
99579,99580,2,5,5,513,2016,12,14,5,3,2,6,0,0,0,1,0,0,0,0,5.72776E+20,5.93822E+21,1.00994E+16,5.35878E+16
99580,99581,2,6,2,603,2016,12,12,6,3,5,3,0,1,0,1,0,0,0,0,5.81879E+20,5.92711E+21,1.0234E+16,5.34866E+16
99581,99582,2,5,11,519,2016,12,17,5,3,2,6,2,1,0,1,0,0,0,0,5.71828E+20,5.94551E+21,1.00868E+16,5.36534E+16
99582,99583,4,0,11,0,2016,1,8,5,3,8,1,0,2,0,1,0,0,0,0,4.83966E+20,5.87998E+21,8.7607E+15,5.30691E+16
99583,99584,2,4,13,432,2016,12,10,3,2,6,4,0,1,0,1,1,0,0,0,5.65961E+20,5.94725E+21,9.99841E+15,5.36698E+16
99584,99585,2,5,4,512,2016,12,23,3,3,6,6,2,0,0,0,1,0,0,1,5.75941E+20,5.93753E+21,1.01471E+16,5.35811E+16
99585,99586,2,1,5,114,2016,12,16,6,3,6,4,1,0,0,1,1,0,0,0,5.66932E+20,5.93419E+21,1.00103E+16,5.35523E+16
99586,99587,2,5,2,506,2016,12,8,6,3,0,6,0,1,0,0,0,0,0,1,5.70808E+20,5.93731E+21,1.00695E+16,5.35798E+16
99587,99588,2,1,16,136,2016,12,14,5,3,2,6,0,1,0,1,0,0,1,0,5.67732E+20,5.9305E+21,1.00216E+16,5.35191E+16
99588,99589,2,3,6,318,2016,12,7,4,3,5,2,1,1,1,1,0,0,0,0,5.63138E+20,5.94311E+21,9.95485E+15,5.36329E+16
99589,99590,2,4,10,427,2016,12,12,3,3,3,6,0,0,0,1,0,0,0,1,5.69118E+20,5.93865E+21,1.00443E+16,5.35921E+16
99590,99591,2,7,14,715,2016,12,14,6,2,6,4,0,0,0,1,1,0,0,0,5.54588E+20,5.92531E+21,9.82245E+15,5.34739E+16
99591,99592,2,1,5,114,2016,12,10,2,3,6,7,0,0,0,1,1,0,0,0,5.67204E+20,5.93433E+21,1.00144E+16,5.35536E+16
99592,99593,2,1,14,132,2016,12,8,7,3,1,6,0,0,0,1,0,0,0,0,5.6913E+20,5.9322E+21,1.0043E+16,5.35341E+16
99593,99594,4,0,12,0,2016,1,15,2,3,2,6,0,1,0,1,0,0,0,0,4.73994E+20,5.93754E+21,8.60715E+15,5.35861E+16
99594,99595,2,4,6,415,2016,12,22,2,3,3,7,2,1,0,1,0,0,0,0,5.67844E+20,5.93602E+21,1.00245E+16,5.35686E+16
99595,99596,2,3,2,312,2016,12,9,5,3,1,6,0,1,0,1,0,0,0,0,5.65449E+20,5.93528E+21,9.98815E+15,5.35623E+16
99596,99597,4,0,11,0,2016,1,12,4,2,6,4,0,0,0,1,1,0,0,0,4.85766E+20,5.8823E+21,8.78746E+15,5.309E+16
99597,99598,2,3,5,317,2016,12,16,5,3,2,6,2,1,0,1,0,0,0,0,5.62893E+20,5.93913E+21,9.95033E+15,5.35973E+16
99598,99599,2,3,1,301,2016,12,8,4,3,5,3,0,1,0,1,0,0,0,0,5.62454E+20,5.93719E+21,9.94332E+15,5.35799E+16
99599,99600,2,4,6,415,2016,12,16,5,3,2,6,2,0,0,1,0,0,0,0,5.68247E+20,5.93645E+21,1.00306E+16,5.35724E+16
99600,99601,4,0,11,0,2016,1,12,2,3,5,2,0,0,0,1,0,0,0,1,4.90381E+20,5.88216E+21,8.85638E+15,5.30888E+16
99601,99602,2,1,4,111,2016,12,14,4,3,6,7,0,1,0,1,1,0,0,0,5.63782E+20,5.93416E+21,9.96275E+15,5.35524E+16
99602,99603,2,2,5,217,2016,12,15,5,3,4,2,0,0,0,1,0,0,0,1,5.58313E+20,5.93628E+21,9.8806E+15,5.35721E+16
99603,99604,2,3,2,311,2016,12,7,3,3,3,2,1,0,1,1,0,0,0,0,5.64774E+20,5.93635E+21,9.97818E+15,5.3572E+16
99604,99605,2,1,19,140,2016,12,19,2,3,3,6,0,0,0,1,0,0,1,0,5.61435E+20,5.93018E+21,9.92654E+15,5.3517E+16
99605,99606,2,5,12,520,2016,12,13,7,3,2,6,0,1,0,1,0,0,0,0,5.68481E+20,5.94379E+21,1.00358E+16,5.36384E+16
99606,99607,4,0,11,0,2016,1,18,1,3,2,6,2,2,0,1,0,0,0,0,4.89229E+20,5.88031E+21,8.83923E+15,5.30722E+16
99607,99608,2,4,5,409,2016,12,20,1,3,6,2,2,1,0,1,1,0,0,0,5.68358E+20,5.93848E+21,1.00328E+16,5.35907E+16
99608,99609,2,4,5,410,2016,12,9,6,3,2,6,0,1,0,1,0,0,0,0,5.66361E+20,5.93809E+21,1.00025E+16,5.35875E+16
99609,99610,2,7,3,704,2016,12,19,4,3,5,3,2,1,0,1,0,0,0,0,5.67922E+20,5.92258E+21,1.00227E+16,5.34479E+16
99610,99611,4,0,12,0,2016,1,12,3,3,2,6,0,0,0,1,0,0,0,0,4.72976E+20,5.92976E+21,8.59245E+15,5.35161E+16
99611,99612,2,2,4,213,2016,12,8,5,3,6,4,0,0,1,0,1,0,0,0,5.61531E+20,5.93407E+21,9.92876E+15,5.35519E+16
99612,99613,2,1,1,102,2016,12,7,4,3,1,5,1,1,0,1,0,0,1,0,5.65863E+20,5.93407E+21,9.99414E+15,5.35514E+16
99613,99614,2,1,16,137,2016,12,16,1,3,2,6,2,1,0,1,0,0,0,0,5.65772E+20,5.92859E+21,9.99161E+15,5.35022E+16
99614,99615,2,3,3,313,2016,12,11,5,3,5,3,0,0,1,0,0,0,0,1,5.64786E+20,5.93639E+21,9.97837E+15,5.35724E+16
99615,99616,2,2,4,212,2016,12,14,5,2,5,2,0,0,1,1,0,0,0,0,5.6025E+20,5.93376E+21,9.90937E+15,5.35493E+16
99616,99617,4,0,11,0,2016,1,17,7,3,2,2,2,1,0,1,0,0,0,0,4.85378E+20,5.88204E+21,8.78168E+15,5.30876E+16
99617,99618,2,1,14,132,2016,12,17,1,3,6,4,2,1,0,1,1,0,0,0,5.69094E+20,5.93274E+21,1.00426E+16,5.3539E+16
99618,99619,2,1,12,130,2016,12,20,1,2,3,7,2,1,0,1,0,0,0,1,5.73534E+20,5.93254E+21,1.01095E+16,5.35366E+16
99619,99620,2,2,5,215,2016,12,8,4,3,5,2,0,0,1,0,0,0,0,1,5.61116E+20,5.93518E+21,9.92272E+15,5.3562E+16
99620,99621,2,6,14,615,2016,12,10,6,3,5,3,0,0,1,1,0,0,0,0,5.78176E+20,5.92593E+21,1.01779E+16,5.34765E+16
99621,99622,2,6,2,602,2016,12,8,6,3,0,6,0,0,1,0,0,0,0,1,5.79239E+20,5.92673E+21,1.01941E+16,5.34836E+16
99622,99623,2,4,10,426,2016,12,13,6,3,2,6,0,0,0,1,0,0,0,0,5.69575E+20,5.93802E+21,1.0051E+16,5.35864E+16
99623,99624,2,4,7,416,2016,12,11,6,3,2,6,0,1,0,1,0,0,0,0,5.67413E+20,5.93553E+21,1.00178E+16,5.35643E+16
99624,99625,2,2,2,207,2016,12,22,7,3,2,6,2,1,0,1,1,0,0,0,5.63844E+20,5.93495E+21,9.96385E+15,5.35595E+16
99625,99626,2,3,9,321,2016,12,22,7,3,1,5,2,1,0,1,0,0,0,0,5.61331E+20,5.93972E+21,9.92685E+15,5.36027E+16
99626,99627,2,5,7,515,2016,12,17,6,3,5,3,1,0,0,1,0,0,0,0,5.7194E+20,5.94296E+21,1.00879E+16,5.36305E+16
99627,99628,2,4,8,420,2016,12,17,6,3,0,3,2,1,0,1,0,0,0,1,5.68358E+20,5.93714E+21,1.00325E+16,5.35787E+16
99628,99629,2,1,12,130,2016,12,13,5,3,5,3,0,0,0,0,0,0,0,1,5.73851E+20,5.9335E+21,1.01145E+16,5.35452E+16
99629,99630,2,4,13,432,2016,12,17,4,3,6,4,0,0,0,1,1,0,0,0,5.65838E+20,5.94487E+21,9.99605E+15,5.36484E+16
99630,99631,2,7,2,703,2016,12,15,4,3,6,4,0,0,0,1,1,0,0,0,5.67038E+20,5.92365E+21,1.00096E+16,5.34576E+16
99631,99632,2,7,1,702,2016,12,16,6,3,2,6,2,0,0,1,0,0,0,0,5.66118E+20,5.9244E+21,9.99594E+15,5.34645E+16
99632,99633,2,1,11,129,2016,12,13,1,3,6,4,0,1,0,1,1,0,0,0,5.72291E+20,5.93393E+21,1.00911E+16,5.35492E+16
99633,99634,2,6,2,602,2016,12,14,4,3,6,4,0,0,0,1,1,0,0,0,5.79747E+20,5.92717E+21,1.02019E+16,5.34874E+16
99634,99635,2,3,8,320,2016,12,9,5,3,3,2,0,0,1,1,0,0,0,0,5.59849E+20,5.93865E+21,9.90426E+15,5.35933E+16
99635,99636,4,0,11,0,2016,1,15,6,2,2,6,0,1,0,1,0,0,0,0,4.85847E+20,5.88094E+21,8.78872E+15,5.30778E+16
99636,99637,2,5,18,526,2016,12,7,1,3,9,1,2,0,0,1,0,0,0,0,5.75943E+20,5.93797E+21,1.01472E+16,5.3585E+16
99637,99638,2,4,2,405,2016,12,13,4,3,5,3,0,0,0,1,0,0,0,0,5.64965E+20,5.93962E+21,9.98175E+15,5.36013E+16
99638,99639,2,1,1,101,2016,12,11,4,3,4,7,0,0,0,1,0,0,0,0,5.663E+20,5.93454E+21,1.00008E+16,5.35556E+16
99639,99640,2,2,8,220,2016,12,9,6,3,0,7,0,2,1,0,0,0,0,0,5.58913E+20,5.93886E+21,9.89015E+15,5.35953E+16
99640,99641,2,2,11,223,2016,12,16,6,3,6,4,2,1,0,1,1,0,0,0,5.53737E+20,5.93494E+21,9.81128E+15,5.35606E+16
99641,99642,2,3,2,312,2016,12,17,6,3,3,3,2,0,1,0,0,0,0,1,5.65216E+20,5.93546E+21,9.98467E+15,5.3564E+16
99642,99643,2,2,9,221,2016,12,15,6,3,5,3,0,1,0,1,0,0,0,0,5.56064E+20,5.9353E+21,9.84647E+15,5.35636E+16
99643,99644,2,7,2,703,2016,12,6,3,3,2,6,2,0,0,1,0,0,0,0,5.67449E+20,5.92431E+21,1.0016E+16,5.34635E+16
99644,99645,2,3,9,321,2016,12,12,3,3,1,5,0,0,0,1,0,0,0,0,5.6204E+20,5.93756E+21,9.93713E+15,5.35832E+16
99645,99646,2,6,2,602,2016,12,12,6,3,6,7,0,0,0,1,1,0,0,0,5.80493E+20,5.92715E+21,1.02131E+16,5.34871E+16
99646,99647,2,5,18,526,2016,12,23,1,3,8,1,2,1,0,1,0,0,0,0,5.77502E+20,5.93837E+21,1.01708E+16,5.35885E+16
99647,99648,2,6,10,611,2016,12,8,4,3,4,6,1,1,0,1,0,0,0,0,5.77856E+20,5.92839E+21,1.01737E+16,5.34987E+16
99648,99649,2,1,7,120,2016,12,17,2,3,6,4,1,0,0,1,1,0,0,0,5.68061E+20,5.93464E+21,1.00274E+16,5.35562E+16
99649,99650,4,0,11,0,2016,1,22,6,3,5,2,2,0,0,1,0,0,0,0,4.82075E+20,5.87701E+21,8.73264E+15,5.30423E+16
99650,99651,2,6,14,615,2016,12,16,3,2,8,1,1,1,0,1,0,0,0,0,5.77508E+20,5.92729E+21,1.01682E+16,5.34889E+16
99651,99652,2,2,5,217,2016,12,23,3,3,4,3,2,0,0,1,0,0,0,1,5.59043E+20,5.93651E+21,9.89168E+15,5.35741E+16
99652,99653,2,5,8,516,2016,12,12,5,3,2,6,0,0,0,1,0,0,0,1,5.69236E+20,5.94045E+21,1.00465E+16,5.36083E+16
99653,99654,2,1,12,130,2016,12,17,4,2,6,2,2,1,0,1,1,0,0,0,5.73265E+20,5.93502E+21,1.01061E+16,5.35589E+16
99654,99655,2,1,11,128,2016,12,19,6,3,3,6,2,0,0,1,0,0,0,0,5.70947E+20,5.93428E+21,1.00709E+16,5.35526E+16
99655,99656,2,1,12,130,2016,12,16,3,3,6,4,2,1,0,1,1,0,0,0,5.763E+20,5.93116E+21,1.01509E+16,5.35238E+16
99656,99657,2,5,18,526,2016,12,13,1,2,6,2,0,1,0,1,1,0,0,0,5.77113E+20,5.94288E+21,1.01661E+16,5.3629E+16
99657,99658,2,1,11,129,2016,12,7,4,3,6,4,0,0,0,1,1,0,0,0,5.71382E+20,5.93496E+21,1.00776E+16,5.35586E+16
99658,99659,2,5,18,526,2016,12,17,2,3,6,4,1,0,0,1,1,0,0,0,5.77221E+20,5.9427E+21,1.01677E+16,5.36274E+16
99659,99660,4,0,11,0,2016,1,21,4,3,1,6,2,2,0,1,0,0,0,0,4.75312E+20,5.89118E+21,8.63068E+15,5.31694E+16
99660,99661,2,5,2,509,2016,12,10,1,3,4,2,0,1,0,1,0,0,0,0,5.71406E+20,5.93787E+21,1.00787E+16,5.35848E+16
99661,99662,2,1,3,108,2016,12,16,3,3,3,6,2,1,0,1,0,0,0,0,5.65735E+20,5.93479E+21,9.99236E+15,5.35579E+16
99662,99663,2,5,2,506,2016,12,5,3,3,5,3,2,0,0,1,0,0,0,0,5.70816E+20,5.93727E+21,1.00696E+16,5.35795E+16
99663,99664,2,1,8,126,2016,12,12,5,3,5,3,0,0,0,1,0,0,0,0,5.69415E+20,5.93403E+21,1.00477E+16,5.35506E+16
99664,99665,2,2,4,212,2016,12,7,6,3,0,6,1,1,1,1,0,0,0,0,5.60595E+20,5.9347E+21,9.91476E+15,5.35577E+16
99665,99666,2,1,11,129,2016,12,13,5,3,5,3,0,1,0,1,0,0,0,0,5.72672E+20,5.93474E+21,1.00971E+16,5.35565E+16
99666,99667,4,0,11,0,2016,1,18,5,3,4,2,2,1,1,0,0,0,0,0,4.89122E+20,5.88091E+21,8.83761E+15,5.30775E+16
99667,99668,2,1,7,119,2016,12,20,3,2,3,6,2,0,0,1,0,1,0,0,5.68147E+20,5.93418E+21,1.00286E+16,5.35521E+16
99668,99669,2,2,5,217,2016,12,18,3,3,5,3,2,0,0,1,0,0,0,0,5.59186E+20,5.93641E+21,9.89381E+15,5.35732E+16
99669,99670,2,3,4,316,2016,12,17,5,3,0,7,2,1,1,1,0,0,0,0,5.64273E+20,5.93758E+21,9.97086E+15,5.35831E+16
99670,99671,2,5,5,513,2016,12,17,6,3,4,6,2,0,0,1,0,0,0,0,5.7376E+20,5.93771E+21,1.01142E+16,5.35831E+16
99671,99672,2,1,3,108,2016,12,10,3,3,1,6,0,0,0,1,0,0,0,1,5.6588E+20,5.93475E+21,9.99455E+15,5.35575E+16
99672,99673,2,5,17,525,2016,12,5,1,3,8,1,2,1,0,1,0,0,0,0,5.77655E+20,5.94568E+21,1.0175E+16,5.36541E+16
99673,99674,2,5,5,513,2016,12,15,7,2,5,3,0,1,1,1,0,0,0,0,5.74933E+20,5.93823E+21,1.0132E+16,5.35875E+16
99674,99675,4,0,12,0,2016,1,14,1,3,5,2,0,2,0,1,0,0,0,0,4.72827E+20,5.93429E+21,8.5898E+15,5.35568E+16
99675,99676,2,1,12,130,2016,12,5,1,3,8,1,2,1,0,1,0,0,0,0,5.73425E+20,5.93551E+21,1.01086E+16,5.35633E+16
99676,99677,2,2,4,212,2016,12,7,6,3,3,2,2,1,1,1,0,0,0,0,5.60533E+20,5.93482E+21,9.91384E+15,5.35588E+16
99677,99678,4,0,11,0,2016,1,6,3,3,5,3,2,2,0,1,0,0,0,0,4.81037E+20,5.88727E+21,8.71656E+15,5.31345E+16
99678,99679,2,4,13,432,2016,12,14,1,3,5,3,0,1,1,1,0,0,0,0,5.67545E+20,5.94634E+21,1.00222E+16,5.36614E+16
99679,99680,2,5,7,515,2016,12,12,2,3,2,6,0,1,0,1,0,0,0,0,5.72242E+20,5.94036E+21,1.00919E+16,5.36071E+16
99680,99681,2,4,5,408,2016,12,18,5,3,4,2,2,0,0,1,0,0,0,0,5.65981E+20,5.93972E+21,9.99712E+15,5.36021E+16
99681,99682,2,2,8,220,2016,12,17,5,3,6,4,2,1,0,1,1,0,0,0,5.57769E+20,5.93842E+21,9.87279E+15,5.35914E+16
99682,99683,4,0,11,0,2016,1,17,4,2,6,4,2,1,0,1,1,0,0,0,4.92196E+20,5.88458E+21,8.88342E+15,5.31106E+16
99683,99684,2,5,18,526,2016,12,18,4,3,5,3,2,1,0,1,0,0,0,0,5.78127E+20,5.94001E+21,1.01807E+16,5.3603E+16
99684,99685,2,5,3,510,2016,12,16,3,2,6,3,2,1,0,1,1,0,0,0,5.71421E+20,5.93556E+21,1.00784E+16,5.35641E+16
99685,99686,2,4,2,405,2016,12,8,5,3,4,2,1,0,1,1,0,0,0,0,5.65389E+20,5.93886E+21,9.98799E+15,5.35945E+16
99686,99687,4,0,11,0,2016,1,12,2,3,5,3,0,1,1,1,0,0,0,0,4.70381E+20,5.89337E+21,8.55672E+15,5.31889E+16
99687,99688,2,4,13,432,2016,12,20,7,3,6,4,2,1,0,1,1,0,0,0,5.67356E+20,5.94806E+21,1.00197E+16,5.36769E+16
99688,99689,4,0,11,0,2016,1,2,1,3,1,5,2,2,0,1,0,0,0,0,4.87648E+20,5.88113E+21,8.81561E+15,5.30795E+16
99689,99690,2,1,1,101,2016,12,11,1,2,9,7,0,1,0,1,0,0,0,0,5.66525E+20,5.93434E+21,1.00042E+16,5.35537E+16
99690,99691,2,5,2,509,2016,12,10,6,3,1,7,0,1,0,1,0,0,0,0,5.71695E+20,5.93847E+21,1.00832E+16,5.35901E+16
99691,99692,2,2,4,212,2016,12,18,6,3,0,7,2,0,0,1,0,0,0,0,5.60416E+20,5.9343E+21,9.91197E+15,5.35541E+16
99692,99693,2,5,18,526,2016,12,18,4,3,2,6,2,0,0,1,0,0,0,0,5.76801E+20,5.9402E+21,1.01607E+16,5.3605E+16
99693,99694,2,5,18,526,2016,12,5,4,3,4,2,2,0,1,1,0,0,0,0,5.76774E+20,5.94022E+21,1.01603E+16,5.36052E+16
99694,99695,2,3,3,313,2016,12,17,1,2,6,4,2,1,0,1,1,0,0,0,5.64648E+20,5.93704E+21,9.97641E+15,5.35782E+16
99695,99696,2,5,18,526,2016,12,15,4,3,5,3,0,0,1,1,0,0,0,0,5.74927E+20,5.9393E+21,1.01322E+16,5.35972E+16
99696,99697,2,3,3,314,2016,12,20,5,3,4,6,2,1,1,0,0,0,0,0,5.6513E+20,5.93715E+21,9.98372E+15,5.35791E+16
99697,99698,2,1,18,139,2016,12,19,5,3,8,7,2,1,0,0,0,0,1,0,5.64271E+20,5.93168E+21,9.96962E+15,5.35301E+16
99698,99699,4,0,11,0,2016,1,19,4,3,5,3,2,1,1,1,0,0,0,0,4.89145E+20,5.87983E+21,8.838E+15,5.30679E+16
99699,99700,2,5,2,509,2016,12,17,4,3,4,2,2,0,1,1,0,0,0,0,5.72311E+20,5.93821E+21,1.00924E+16,5.35878E+16
99700,99701,2,5,11,519,2016,12,14,3,3,5,3,0,1,1,1,0,0,0,0,5.71939E+20,5.94545E+21,1.00885E+16,5.36528E+16
99701,99702,2,3,3,313,2016,12,13,5,3,5,2,0,0,1,1,0,0,0,0,5.64607E+20,5.93643E+21,9.97568E+15,5.35728E+16
99702,99703,4,0,11,0,2016,1,12,2,3,1,5,0,1,1,1,0,0,0,0,4.90978E+20,5.88189E+21,8.86529E+15,5.30864E+16
99703,99704,2,3,1,309,2016,12,3,1,3,2,6,2,1,0,1,0,0,0,0,5.64254E+20,5.93585E+21,9.97022E+15,5.35675E+16
99704,99705,2,4,8,421,2016,12,9,4,3,5,3,0,0,0,1,1,0,0,0,5.6887E+20,5.93733E+21,1.00402E+16,5.35803E+16
99705,99706,2,1,4,112,2016,12,23,7,3,6,4,2,1,0,1,1,0,0,0,5.63923E+20,5.93386E+21,9.96482E+15,5.35497E+16
99706,99707,2,3,3,314,2016,12,11,7,3,5,3,0,0,1,1,0,0,0,0,5.65451E+20,5.93738E+21,9.98862E+15,5.35812E+16
99707,99708,2,5,11,519,2016,12,13,6,3,4,2,0,0,1,1,0,0,0,0,5.70563E+20,5.94705E+21,1.0068E+16,5.36675E+16
99708,99709,2,3,7,319,2016,12,11,6,3,1,5,0,1,0,1,0,0,0,0,5.60825E+20,5.94316E+21,9.91989E+15,5.36337E+16
99709,99710,2,2,5,215,2016,12,11,3,3,2,6,0,0,0,1,0,0,0,0,5.60801E+20,5.93705E+21,9.91832E+15,5.35788E+16
99710,99711,2,5,4,512,2016,12,8,5,3,0,6,0,1,0,0,0,0,0,1,5.75249E+20,5.93653E+21,1.01364E+16,5.35722E+16
99711,99712,2,5,7,515,2016,12,13,4,3,2,6,0,1,0,1,0,0,0,0,5.71346E+20,5.94154E+21,1.00786E+16,5.36178E+16
99712,99713,2,5,4,512,2016,12,10,6,3,2,2,0,0,0,1,0,0,0,0,5.73573E+20,5.93683E+21,1.01111E+16,5.35752E+16
99713,99714,2,1,4,111,2016,12,5,1,3,5,3,2,1,0,1,0,0,0,0,5.63921E+20,5.93394E+21,9.9648E+15,5.35505E+16
99714,99715,2,5,12,520,2016,12,9,4,3,1,7,0,0,0,1,0,0,0,0,5.70173E+20,5.94521E+21,1.00617E+16,5.36509E+16
99715,99716,2,5,6,514,2016,12,15,2,2,6,4,0,0,0,1,1,0,0,0,5.74359E+20,5.93946E+21,1.01236E+16,5.35987E+16