FID,OBJECTID,ULAND,UREGBEZ,UKREIS,UGEMEINDE,UJAHR,UMONAT,USTUNDE,UWOCHENTAG,UKATEGORIE,UART,UTYP1,ULICHTVERH,IstStrasse,IstRad,IstPKW,IstFuss,IstKrad,IstGkfz,IstSonstig,LINREFX,LINREFY,XGCSWGS84,YGCSWGS84
99716,99717,4,0,11,0,2016,1,7,6,3,6,3,2,2,0,0,1,0,0,1,4.90786E+20,5.8798E+21,8.86249E+15,5.30676E+16
99717,99718,2,2,12,225,2016,12,15,1,3,2,6,0,1,0,1,0,0,0,0,5.54483E+20,5.93721E+21,9.82294E+15,5.35809E+16
99718,99719,2,5,18,526,2016,12,16,3,3,5,3,1,1,1,1,0,0,0,0,5.7656E+20,5.94011E+21,1.01571E+16,5.36042E+16
99719,99720,2,1,5,114,2016,12,12,4,3,6,3,0,0,0,1,1,0,0,0,5.66807E+20,5.93432E+21,1.00084E+16,5.35535E+16
99720,99721,2,3,3,314,2016,12,8,6,3,4,2,0,0,1,1,0,0,0,0,5.65471E+20,5.93699E+21,9.98884E+15,5.35777E+16
99721,99722,2,3,7,319,2016,12,9,6,3,1,5,0,1,0,1,0,0,0,1,5.60744E+20,5.94333E+21,9.91869E+15,5.36352E+16
99722,99723,4,0,12,0,2016,1,7,6,3,6,4,2,2,0,1,1,0,0,0,4.72531E+20,5.93204E+21,8.58554E+15,5.35365E+16
99723,99724,2,6,10,611,2016,12,5,7,2,9,1,2,1,0,1,0,0,0,0,5.77911E+20,5.92831E+21,1.01745E+16,5.34979E+16
99724,99725,2,6,1,601,2016,12,18,7,3,2,6,2,1,0,1,0,0,0,0,5.78119E+20,5.92993E+21,1.01781E+16,5.35125E+16
99725,99726,2,1,1,102,2016,12,7,5,3,4,2,2,0,0,1,0,0,0,0,5.66022E+20,5.93385E+21,9.9965E+15,5.35493E+16
99726,99727,2,2,4,214,2016,12,8,4,3,5,3,0,0,1,1,0,0,0,0,5.61922E+20,5.9339E+21,9.93464E+15,5.35504E+16
99727,99728,2,1,12,130,2016,12,15,6,3,5,3,0,0,0,1,0,1,0,0,5.72812E+20,5.93304E+21,1.00988E+16,5.35413E+16
99728,99729,2,1,12,130,2016,12,10,6,3,3,7,0,0,0,1,0,0,0,0,5.732E+20,5.93344E+21,1.01047E+16,5.35448E+16
99729,99730,2,2,5,215,2016,12,12,6,3,2,6,0,0,0,1,0,0,0,0,5.60825E+20,5.93632E+21,9.91855E+15,5.35722E+16
99730,99731,2,2,4,212,2016,12,7,6,3,6,2,2,1,0,1,1,0,0,0,5.60822E+20,5.93461E+21,9.91817E+15,5.35568E+16
99731,99732,2,4,13,432,2016,12,15,3,3,5,3,0,1,1,0,0,1,0,0,5.66387E+20,5.94647E+21,1.00047E+16,5.36628E+16
99732,99733,2,4,2,404,2016,12,14,3,3,0,7,0,1,0,0,0,0,0,1,5.65394E+20,5.93853E+21,9.988E+15,5.35915E+16
99733,99734,2,5,2,508,2016,12,19,6,3,2,6,2,0,0,1,0,0,0,0,5.72809E+20,5.93731E+21,1.00997E+16,5.35796E+16
99734,99735,2,4,5,408,2016,12,16,3,3,5,3,1,1,0,1,0,0,0,0,5.67826E+20,5.93971E+21,1.0025E+16,5.36018E+16
99735,99736,2,1,11,129,2016,12,16,7,3,1,5,1,1,0,1,0,0,0,1,5.72065E+20,5.93431E+21,1.00878E+16,5.35528E+16
99736,99737,2,5,12,520,2016,12,19,4,3,1,2,2,0,0,1,0,0,0,0,5.68828E+20,5.94484E+21,1.00413E+16,5.36478E+16
99737,99738,2,5,4,512,2016,12,6,2,3,4,2,2,0,0,1,0,0,0,0,5.75024E+20,5.93789E+21,1.01333E+16,5.35845E+16
99738,99739,4,0,11,0,2016,1,0,4,3,8,1,2,2,0,1,0,0,0,0,4.75104E+20,5.89118E+21,8.62757E+15,5.31694E+16
99739,99740,2,5,3,510,2016,12,22,7,3,3,7,2,1,0,1,0,0,0,0,5.71414E+20,5.93558E+21,1.00783E+16,5.35642E+16
99740,99741,2,1,12,130,2016,12,23,2,2,0,7,2,1,1,0,0,0,0,0,5.73931E+20,5.93217E+21,1.01154E+16,5.35332E+16
99741,99742,2,2,8,220,2016,12,17,3,3,5,3,2,0,1,1,0,0,0,0,5.589E+20,5.9396E+21,9.89009E+15,5.36019E+16
99742,99743,2,4,9,424,2016,12,20,5,3,5,3,2,0,0,1,0,0,0,0,5.69877E+20,5.93761E+21,1.00555E+16,5.35826E+16
99743,99744,2,3,3,314,2016,12,23,6,3,5,3,2,0,1,1,0,0,0,0,5.65405E+20,5.93746E+21,9.98794E+15,5.35819E+16
99744,99745,2,5,12,520,2016,12,22,5,3,6,4,2,1,0,1,1,0,0,0,5.69244E+20,5.94424E+21,1.00474E+16,5.36424E+16
99745,99746,4,0,11,0,2016,1,16,5,2,6,7,0,1,0,1,1,0,0,0,4.86077E+20,5.87976E+21,8.79221E+15,5.30672E+16
99746,99747,2,4,10,427,2016,12,19,3,3,5,3,2,1,1,1,0,0,0,0,5.68412E+20,5.93818E+21,1.00335E+16,5.3588E+16
99747,99748,2,3,3,313,2016,12,9,5,3,3,6,0,0,1,1,0,0,0,0,5.65758E+20,5.9368E+21,9.99313E+15,5.35759E+16
99748,99749,2,1,3,108,2016,12,19,6,3,5,3,2,0,1,1,0,0,0,0,5.65624E+20,5.9344E+21,9.9906E+15,5.35544E+16
99749,99750,2,4,6,415,2016,12,19,3,3,4,7,2,1,0,1,0,0,0,0,5.67632E+20,5.93578E+21,1.00212E+16,5.35665E+16
99750,99751,2,2,1,203,2016,12,17,3,3,2,6,1,0,0,1,0,0,0,0,5.62262E+20,5.93388E+21,9.93975E+15,5.35501E+16
99751,99752,2,4,12,431,2016,12,8,6,3,1,7,0,0,1,0,0,0,0,1,5.67785E+20,5.94253E+21,1.0025E+16,5.36272E+16
99752,99753,2,1,11,129,2016,12,18,7,3,5,3,2,1,0,1,0,0,0,0,5.71557E+20,5.93521E+21,1.00803E+16,5.35609E+16
99753,99754,2,1,11,128,2016,12,13,7,3,5,3,0,1,0,1,0,0,0,0,5.71781E+20,5.934E+21,1.00834E+16,5.355E+16
99754,99755,4,0,11,0,2016,1,9,3,3,3,6,0,2,0,1,0,0,1,0,4.92848E+20,5.87899E+21,8.89329E+15,5.30603E+16
99755,99756,2,4,13,432,2016,12,20,2,3,5,3,2,1,0,1,0,0,0,0,5.6639E+20,5.94587E+21,1.00046E+16,5.36573E+16
99756,99757,2,4,2,403,2016,12,8,5,3,0,3,0,0,1,0,0,0,1,0,5.65339E+20,5.93885E+21,9.98723E+15,5.35944E+16
99757,99758,2,3,1,309,2016,12,9,5,3,3,7,0,1,0,1,0,1,0,0,5.6439E+20,5.93594E+21,9.9723E+15,5.35684E+16
99758,99759,4,0,11,0,2016,1,20,4,3,5,2,2,1,0,1,0,0,0,0,4.7716E+20,5.89177E+21,8.65829E+15,5.31748E+16
99759,99760,2,4,5,409,2016,12,17,4,3,4,2,2,0,1,1,0,0,0,0,5.67219E+20,5.9386E+21,1.00156E+16,5.35919E+16
99760,99761,2,2,5,217,2016,12,18,3,3,3,2,2,1,1,1,0,0,0,0,5.58507E+20,5.93728E+21,9.88373E+15,5.35811E+16
99761,99762,2,3,1,309,2016,12,13,5,3,1,5,0,0,1,1,0,0,0,0,5.6394E+20,5.9357E+21,9.96546E+15,5.35663E+16
99762,99763,4,0,11,0,2016,1,18,2,3,5,3,2,1,0,1,0,0,0,0,4.84571E+20,5.88269E+21,8.76959E+15,5.30934E+16
99763,99764,2,2,8,220,2016,12,15,7,2,6,4,1,1,0,1,1,0,0,0,5.58474E+20,5.9395E+21,9.88365E+15,5.36011E+16
99764,99765,4,0,11,0,2016,1,1,6,3,8,1,2,1,0,1,0,0,0,0,4.68209E+20,5.89495E+21,8.52405E+15,5.32029E+16
99765,99766,2,5,11,519,2016,12,11,7,3,3,7,0,0,0,1,0,0,0,0,5.71955E+20,5.94525E+21,1.00887E+16,5.36511E+16
99766,99767,2,4,10,429,2016,12,7,6,3,5,3,2,1,0,1,0,0,0,0,5.68879E+20,5.9397E+21,1.00409E+16,5.36016E+16
99767,99768,2,5,18,526,2016,12,20,7,2,6,2,2,1,0,1,1,0,0,0,5.75522E+20,5.94281E+21,1.0142E+16,5.36286E+16
99768,99769,2,5,11,519,2016,12,11,7,3,2,6,0,1,0,1,0,0,0,1,5.72561E+20,5.94578E+21,1.00979E+16,5.36557E+16
99769,99770,4,0,11,0,2016,1,9,1,2,0,7,0,0,0,1,1,0,0,0,4.71442E+20,5.89436E+21,8.57251E+15,5.31978E+16
99770,99771,2,5,10,518,2016,12,17,1,3,5,3,2,1,0,1,0,0,0,0,5.7304E+20,5.94524E+21,1.01051E+16,5.36508E+16
99771,99772,2,1,4,111,2016,12,18,6,3,2,6,2,1,0,1,0,1,0,0,5.64593E+20,5.93461E+21,9.97508E+15,5.35564E+16
99772,99773,2,1,19,140,2016,12,5,4,3,2,6,2,0,0,1,0,0,0,0,5.58872E+20,5.93025E+21,9.88791E+15,5.35179E+16
99773,99774,4,0,12,0,2016,1,12,3,3,5,3,0,0,0,1,0,0,0,1,4.7153E+20,5.93374E+21,8.57028E+15,5.35518E+16
99774,99775,2,4,5,410,2016,12,22,4,3,0,7,2,0,1,0,0,0,0,0,5.66216E+20,5.9384E+21,1.00004E+16,5.35902E+16
99775,99776,2,2,7,219,2016,12,16,3,2,5,3,0,1,1,0,0,0,1,0,5.59507E+20,5.93466E+21,9.89832E+15,5.35574E+16
99776,99777,2,4,9,425,2016,12,19,7,3,6,4,2,1,0,1,1,0,0,0,5.70699E+20,5.9376E+21,1.00679E+16,5.35825E+16
99777,99778,2,5,1,503,2016,12,11,4,3,5,3,0,0,0,1,0,0,0,1,5.69644E+20,5.93558E+21,1.00515E+16,5.35645E+16
99778,99779,2,1,3,108,2016,12,18,5,3,2,6,2,1,0,1,0,0,0,0,5.6568E+20,5.9348E+21,9.99153E+15,5.3558E+16
99779,99780,4,0,11,0,2016,1,11,7,3,2,6,0,0,0,1,0,0,0,0,4.86013E+20,5.88134E+21,8.79119E+15,5.30813E+16
99780,99781,2,5,2,508,2016,12,14,7,3,2,2,0,0,0,1,0,0,0,0,5.71786E+20,5.93701E+21,1.00842E+16,5.35771E+16
99781,99782,2,4,13,432,2016,12,17,7,2,6,4,2,1,0,1,1,0,0,0,5.65554E+20,5.94494E+21,9.99176E+15,5.36491E+16
99782,99783,2,3,8,320,2016,12,7,4,3,2,6,1,1,0,1,0,0,0,0,5.60023E+20,5.94133E+21,9.9074E+15,5.36174E+16
99783,99784,2,6,1,601,2016,12,16,6,3,5,3,2,0,0,1,0,0,0,0,5.78604E+20,5.92921E+21,1.01852E+16,5.3506E+16
99784,99785,2,6,2,602,2016,12,10,6,2,5,3,0,0,1,1,0,0,0,0,5.80009E+20,5.92713E+21,1.02058E+16,5.3487E+16
99785,99786,2,4,5,410,2016,12,8,6,3,3,6,0,1,0,1,0,1,0,0,5.67156E+20,5.93839E+21,1.00146E+16,5.35901E+16
99786,99787,2,1,3,107,2016,12,8,6,2,6,7,0,1,0,1,1,0,0,0,5.65273E+20,5.93412E+21,9.98525E+15,5.35519E+16
99787,99788,2,3,5,317,2016,12,19,3,2,6,2,2,1,0,1,1,0,0,0,5.63326E+20,5.93753E+21,9.95655E+15,5.35828E+16
99788,99789,2,3,1,310,2016,12,20,3,3,6,2,2,0,0,1,1,0,0,0,5.63941E+20,5.9357E+21,9.96547E+15,5.35662E+16
99789,99790,2,5,5,513,2016,12,7,5,3,4,2,0,0,0,1,0,0,0,0,5.72787E+20,5.93821E+21,1.00996E+16,5.35876E+16
99790,99791,2,4,10,426,2016,12,11,4,3,2,6,0,1,0,1,0,0,1,0,5.69817E+20,5.93863E+21,1.00548E+16,5.35918E+16
99791,99792,2,4,5,409,2016,12,17,6,3,7,7,2,0,1,0,0,0,0,0,5.65929E+20,5.9386E+21,9.9961E+15,5.35921E+16
99792,99793,2,7,1,702,2016,12,16,5,3,6,4,2,1,0,1,1,0,0,0,5.6591E+20,5.92349E+21,9.99263E+15,5.34562E+16
99793,99794,2,6,2,603,2016,12,7,5,3,6,4,2,0,1,0,1,0,0,0,5.81252E+20,5.92692E+21,1.02245E+16,5.3485E+16
99794,99795,2,5,17,525,2016,12,15,4,2,9,7,0,0,0,1,0,0,0,0,5.75386E+20,5.94499E+21,1.01405E+16,5.36482E+16
99795,99796,2,4,6,414,2016,12,11,4,3,3,6,0,1,0,1,0,0,0,0,5.67006E+20,5.93668E+21,1.0012E+16,5.35747E+16
99796,99797,2,5,1,501,2016,12,16,6,3,5,3,2,0,1,1,0,0,0,0,5.68676E+20,5.93565E+21,1.00369E+16,5.35652E+16
99797,99798,2,4,8,423,2016,12,14,7,3,4,6,0,1,0,1,0,0,0,0,5.69143E+20,5.9372E+21,1.00443E+16,5.35791E+16
99798,99799,2,2,10,222,2016,12,18,4,3,2,6,2,0,0,1,0,0,0,0,5.56116E+20,5.93379E+21,9.84698E+15,5.355E+16
99799,99800,2,1,1,101,2016,12,16,5,3,6,4,2,0,1,0,1,0,0,0,5.66576E+20,5.93411E+21,1.00049E+16,5.35517E+16
99800,99801,4,0,11,0,2016,1,7,6,2,0,1,1,2,1,0,0,0,0,0,4.90194E+20,5.88153E+21,8.8536E+15,5.30831E+16
99801,99802,2,5,1,504,2016,12,16,7,3,5,3,2,0,0,1,0,0,0,0,5.70077E+20,5.9362E+21,1.00582E+16,5.357E+16
99802,99803,2,4,8,423,2016,12,17,4,3,6,4,2,0,0,0,1,0,0,1,5.69231E+20,5.93733E+21,1.00457E+16,5.35802E+16
99803,99804,2,1,4,111,2016,12,16,4,3,2,6,1,0,0,1,0,0,0,0,5.63911E+20,5.93386E+21,9.96463E+15,5.35498E+16
99804,99805,2,4,6,415,2016,12,18,6,2,6,7,1,1,0,0,1,0,0,1,5.67968E+20,5.93616E+21,1.00264E+16,5.35699E+16
99805,99806,2,1,16,136,2016,12,10,5,3,0,1,0,1,0,0,0,1,0,0,5.67483E+20,5.92683E+21,1.0017E+16,5.34861E+16
99806,99807,2,5,18,526,2016,12,7,6,3,4,2,1,0,1,1,0,0,0,0,5.76402E+20,5.93997E+21,1.01546E+16,5.3603E+16
99807,99808,2,2,4,213,2016,12,12,6,2,6,7,0,0,0,0,1,0,0,1,5.6173E+20,5.9341E+21,9.93177E+15,5.35521E+16
99808,99809,2,1,12,130,2016,12,7,5,3,5,3,0,0,0,1,0,0,0,0,5.73754E+20,5.93271E+21,1.01129E+16,5.35381E+16
99809,99810,2,2,4,213,2016,12,7,3,3,5,3,1,0,1,1,0,0,0,0,5.61574E+20,5.93436E+21,9.92947E+15,5.35545E+16
99810,99811,2,2,1,201,2016,12,13,3,3,5,3,0,0,0,1,0,0,0,0,5.63266E+20,5.93373E+21,9.95488E+15,5.35486E+16
99811,99812,2,3,8,320,2016,12,10,6,3,2,6,0,0,0,1,0,0,0,0,5.59868E+20,5.94038E+21,9.90487E+15,5.36088E+16
99812,99813,2,3,8,320,2016,12,15,7,3,0,7,0,1,0,1,0,1,0,0,5.58876E+20,5.94133E+21,9.89006E+15,5.36174E+16
99813,99814,2,2,11,223,2016,12,17,4,3,5,3,2,1,0,1,0,0,0,0,5.52233E+20,5.93607E+21,9.78877E+15,5.35709E+16
99814,99815,2,5,4,512,2016,12,7,2,3,5,3,2,0,0,0,0,1,0,1,5.7572E+20,5.93632E+21,1.01434E+16,5.35703E+16
99815,99816,4,0,11,0,2016,1,2,6,3,2,6,2,1,0,1,0,0,0,0,4.87163E+20,5.88152E+21,8.80834E+15,5.3083E+16
99816,99817,4,0,12,0,2016,1,14,3,3,6,7,0,1,0,1,1,0,0,0,4.73604E+20,5.93195E+21,8.60173E+15,5.35358E+16
99817,99818,2,4,8,421,2016,12,18,7,3,2,6,2,0,0,1,0,0,0,0,5.69286E+20,5.93766E+21,1.00466E+16,5.35832E+16
99818,99819,2,5,8,516,2016,12,14,2,3,8,1,0,1,0,1,0,0,0,0,5.69584E+20,5.94058E+21,1.00517E+16,5.36094E+16
99819,99820,2,2,1,201,2016,12,16,3,3,2,6,1,0,0,1,0,0,0,0,5.62973E+20,5.9338E+21,9.95047E+15,5.35493E+16
99820,99821,2,4,13,432,2016,12,20,5,3,3,2,2,0,0,1,0,0,0,0,5.6612E+20,5.94808E+21,1.0001E+16,5.36772E+16
99821,99822,2,3,2,312,2016,12,7,3,3,4,6,2,1,1,0,0,0,0,0,5.65636E+20,5.9351E+21,9.99093E+15,5.35607E+16
99822,99823,2,2,14,227,2016,12,19,7,3,6,2,2,1,0,0,1,0,0,1,5.51014E+20,5.93685E+21,9.77048E+15,5.3578E+16
99823,99824,2,2,8,220,2016,12,21,4,3,6,2,2,0,0,0,1,0,0,1,5.57824E+20,5.93835E+21,9.8736E+15,5.35908E+16
99824,99825,2,5,18,526,2016,12,7,2,3,5,3,0,0,0,1,0,0,0,0,5.76047E+20,5.93806E+21,1.01488E+16,5.35859E+16
99825,99826,4,0,11,0,2016,1,19,5,3,2,6,2,2,1,1,0,0,0,0,4.8956E+20,5.88227E+21,8.84412E+15,5.30898E+16
99826,99827,2,2,8,220,2016,12,10,7,1,5,3,0,1,1,1,0,0,0,0,5.5795E+20,5.93994E+21,9.8758E+15,5.36051E+16
99827,99828,2,1,1,101,2016,12,15,3,2,6,2,0,0,0,1,1,0,0,0,5.66029E+20,5.93415E+21,9.99666E+15,5.35521E+16
99828,99829,2,5,4,512,2016,12,15,3,3,5,7,0,0,0,1,0,0,0,0,5.75744E+20,5.93711E+21,1.0144E+16,5.35774E+16
99829,99830,2,6,2,602,2016,12,9,5,2,1,6,0,0,1,1,0,0,0,0,5.79763E+20,5.92734E+21,1.02022E+16,5.3489E+16
99830,99831,2,5,18,526,2016,12,17,5,3,5,2,0,0,1,1,0,0,0,0,5.77112E+20,5.94288E+21,1.01661E+16,5.36291E+16
99831,99832,2,6,2,602,2016,12,18,5,3,6,4,2,1,0,1,1,0,0,0,5.79972E+20,5.92714E+21,1.02053E+16,5.34871E+16
99832,99833,4,0,11,0,2016,1,9,5,3,5,3,0,1,0,1,0,0,0,0,4.89364E+20,5.87676E+21,8.84136E+15,5.30402E+16
99833,99834,2,2,1,201,2016,12,16,3,3,4,2,2,1,0,1,0,0,0,0,5.63143E+20,5.93347E+21,9.95297E+15,5.35464E+16
99834,99835,2,1,3,105,2016,12,17,3,3,3,2,2,0,1,1,0,0,0,0,5.64823E+20,5.93327E+21,9.97827E+15,5.35443E+16
99835,99836,2,2,7,219,2016,12,21,6,3,5,3,2,0,0,0,0,0,0,1,5.59509E+20,5.93466E+21,9.89836E+15,5.35574E+16
99836,99837,2,2,11,223,2016,12,3,7,3,1,1,2,1,0,1,0,0,0,0,5.53691E+20,5.93524E+21,9.81064E+15,5.35633E+16
99837,99838,2,5,6,514,2016,12,17,7,3,5,3,2,1,0,1,0,0,0,0,5.73499E+20,5.9388E+21,1.01105E+16,5.35929E+16
99838,99839,4,0,11,0,2016,1,22,2,3,5,3,2,2,0,1,0,0,0,0,4.83715E+20,5.88541E+21,8.75668E+15,5.31178E+16
99839,99840,2,1,11,128,2016,12,19,1,3,3,6,2,1,0,1,0,0,0,0,5.70872E+20,5.93431E+21,1.00698E+16,5.35529E+16
99840,99841,2,1,1,101,2016,12,6,5,3,5,3,2,1,1,1,0,0,0,0,5.66408E+20,5.93443E+21,1.00024E+16,5.35545E+16
99841,99842,4,0,11,0,2016,1,9,4,3,5,3,0,1,1,1,0,0,0,0,4.88258E+20,5.88165E+21,8.82469E+15,5.30841E+16
99842,99843,2,2,8,220,2016,12,19,4,2,0,4,2,0,0,1,1,0,0,0,5.57702E+20,5.93783E+21,9.87167E+15,5.35862E+16
99843,99844,2,5,4,512,2016,12,16,2,2,6,4,2,0,0,1,1,0,0,0,5.75029E+20,5.93686E+21,1.01331E+16,5.35752E+16
99844,99845,2,5,5,513,2016,12,15,5,3,2,6,0,1,0,1,0,0,0,0,5.74443E+20,5.93817E+21,1.01246E+16,5.35871E+16
99845,99846,2,4,8,419,2016,12,20,5,2,5,3,2,1,0,1,0,0,0,0,5.67526E+20,5.93743E+21,1.002E+16,5.35814E+16
99846,99847,4,0,11,0,2016,1,7,4,2,5,3,2,1,1,1,0,0,0,0,4.82529E+20,5.88709E+21,8.73887E+15,5.31329E+16
99847,99848,2,5,18,526,2016,12,18,2,2,6,3,2,0,0,1,1,0,0,0,5.75945E+20,5.93813E+21,1.01473E+16,5.35865E+16
99848,99849,2,1,18,139,2016,12,14,3,3,8,1,0,0,0,0,0,0,1,0,5.6346E+20,5.93046E+21,9.95715E+15,5.35192E+16
99849,99850,2,1,3,108,2016,12,13,5,2,0,7,0,0,0,0,1,0,0,1,5.65507E+20,5.9348E+21,9.98891E+15,5.3558E+16
99850,99851,4,0,12,0,2016,1,13,2,3,5,3,0,1,0,1,0,0,0,0,4.76018E+20,5.93184E+21,8.63816E+15,5.35349E+16
99851,99852,2,4,11,430,2016,12,10,7,2,6,4,0,1,0,1,1,0,0,0,5.67403E+20,5.94214E+21,1.00191E+16,5.36237E+16
99852,99853,4,0,11,0,2016,1,6,1,3,8,1,2,2,0,1,0,0,0,0,4.86041E+20,5.88286E+21,8.79154E+15,5.30951E+16
99853,99854,2,3,7,319,2016,12,17,1,3,6,4,2,0,0,1,1,0,0,0,5.60691E+20,5.94292E+21,9.9178E+15,5.36315E+16
99854,99855,2,5,2,509,2016,12,12,5,3,8,1,0,0,0,1,0,0,0,0,5.71065E+20,5.93897E+21,1.00738E+16,5.35947E+16
99855,99856,2,6,1,601,2016,12,13,4,3,6,3,0,0,0,1,1,0,0,0,5.78915E+20,5.92776E+21,1.01895E+16,5.34928E+16
99856,99857,4,0,12,0,2016,1,17,3,3,5,3,2,1,0,1,0,0,0,0,4.72058E+20,5.93416E+21,8.5782E+15,5.35556E+16
99857,99858,2,3,2,311,2016,12,13,4,3,3,2,0,1,1,1,0,0,0,0,5.65193E+20,5.93611E+21,9.98445E+15,5.35698E+16
99858,99859,2,5,2,509,2016,12,14,2,2,0,7,0,0,1,1,0,0,0,0,5.72108E+20,5.93813E+21,1.00893E+16,5.3587E+16
99859,99860,2,3,6,318,2016,12,19,7,3,3,7,2,1,0,1,0,0,0,0,5.63415E+20,5.94081E+21,9.95856E+15,5.36122E+16
99860,99861,2,1,15,134,2016,12,22,3,3,0,7,2,0,0,0,0,1,0,0,5.68021E+20,5.93107E+21,1.00261E+16,5.35242E+16
99861,99862,2,7,13,714,2016,12,7,4,2,6,4,2,1,0,1,1,0,0,0,5.58115E+20,5.92534E+21,9.87559E+15,5.34738E+16
99862,99863,4,0,11,0,2016,1,4,7,3,0,1,2,2,1,0,0,0,0,0,4.93367E+20,5.88223E+21,8.90095E+15,5.30895E+16
99863,99864,2,2,4,212,2016,12,19,7,3,5,3,2,0,0,1,0,0,0,0,5.60837E+20,5.93428E+21,9.91833E+15,5.35538E+16
99864,99865,2,1,4,110,2016,12,20,7,2,6,4,2,1,0,1,1,0,0,0,5.633E+20,5.93383E+21,9.95542E+15,5.35495E+16
99865,99866,2,2,3,210,2016,12,6,5,3,4,2,2,0,0,1,0,0,0,1,5.62192E+20,5.93426E+21,9.93877E+15,5.35536E+16
99866,99867,2,4,2,403,2016,12,14,4,3,1,6,0,0,0,1,0,0,0,0,5.65393E+20,5.93853E+21,9.98798E+15,5.35915E+16
99867,99868,2,6,2,602,2016,12,0,6,3,9,1,2,0,0,1,0,0,0,0,5.78676E+20,5.92721E+21,1.01858E+16,5.3488E+16
99868,99869,2,7,16,717,2016,12,7,4,3,0,7,1,1,0,0,0,1,0,0,5.5309E+20,5.93118E+21,9.80088E+15,5.35268E+16
99869,99870,4,0,11,0,2016,1,13,2,2,5,2,0,1,0,0,0,1,1,0,4.79946E+20,5.88288E+21,8.70052E+15,5.3095E+16
99870,99871,2,1,4,109,2016,12,1,7,3,6,4,2,0,0,1,1,0,0,0,5.64303E+20,5.9347E+21,9.97072E+15,5.35573E+16
99871,99872,2,2,4,211,2016,12,10,7,3,2,6,0,1,0,1,0,0,0,0,5.61785E+20,5.93468E+21,9.93272E+15,5.35574E+16
99872,99873,2,4,10,429,2016,12,8,6,3,5,3,0,0,0,1,0,0,0,1,5.69446E+20,5.93973E+21,1.00495E+16,5.36018E+16
99873,99874,2,5,7,515,2016,12,7,5,3,6,2,1,0,0,1,1,0,0,0,5.71081E+20,5.94088E+21,1.00744E+16,5.36119E+16
99874,99875,2,5,5,513,2016,12,20,5,3,1,5,2,0,0,1,0,0,0,0,5.74569E+20,5.93813E+21,1.01265E+16,5.35867E+16
99875,99876,2,6,9,610,2016,12,12,3,3,5,3,0,0,1,1,0,0,0,0,5.78826E+20,5.92513E+21,1.01875E+16,5.34693E+16
99876,99877,2,3,6,318,2016,12,17,6,3,6,7,2,1,0,1,1,0,0,0,5.64651E+20,5.94417E+21,9.97795E+15,5.36423E+16
99877,99878,2,1,4,110,2016,12,0,7,2,6,4,2,0,0,1,1,0,0,0,5.63469E+20,5.93407E+21,9.95801E+15,5.35517E+16
99878,99879,2,1,12,130,2016,12,16,3,3,6,4,2,0,0,1,1,0,0,0,5.74646E+20,5.93279E+21,1.01264E+16,5.35387E+16
99879,99880,2,7,4,705,2016,12,20,4,3,5,2,2,1,0,1,0,0,0,0,5.6582E+20,5.92235E+21,9.99103E+15,5.3446E+16
99880,99881,4,0,11,0,2016,1,14,6,2,6,4,0,1,0,1,1,0,0,0,4.84775E+20,5.88135E+21,8.77271E+15,5.30814E+16
99881,99882,2,2,1,206,2016,12,16,7,3,0,2,1,0,0,0,0,0,0,1,5.62773E+20,5.93508E+21,9.94771E+15,5.35609E+16
99882,99883,2,1,6,115,2016,12,17,4,3,2,6,2,0,0,1,0,0,0,0,5.66679E+20,5.93379E+21,1.00064E+16,5.35487E+16
99883,99884,2,1,5,113,2016,12,16,4,3,5,3,2,0,1,1,0,0,0,0,5.67352E+20,5.93465E+21,1.00167E+16,5.35565E+16
99884,99885,2,2,3,210,2016,12,11,6,3,3,2,0,0,0,1,0,0,0,0,5.62424E+20,5.93448E+21,9.94232E+15,5.35555E+16
99885,99886,2,4,4,407,2016,12,6,5,3,6,4,2,1,0,1,1,0,0,0,5.66644E+20,5.94128E+21,1.00075E+16,5.36161E+16
99886,99887,2,1,1,101,2016,12,22,6,3,4,7,2,0,0,1,0,0,0,0,5.66296E+20,5.93454E+21,1.00008E+16,5.35556E+16
99887,99888,2,4,13,432,2016,12,17,5,3,5,3,2,1,1,0,0,0,0,1,5.6728E+20,5.94511E+21,1.00179E+16,5.36504E+16
99888,99889,2,5,2,507,2016,12,14,2,3,2,6,0,0,0,1,0,0,0,0,5.70828E+20,5.93722E+21,1.00698E+16,5.3579E+16
99889,99890,2,7,1,701,2016,12,15,2,3,6,2,0,0,0,1,1,0,0,0,5.64686E+20,5.92388E+21,9.97428E+15,5.346E+16
99890,99891,2,1,11,129,2016,12,15,6,3,0,5,0,0,0,1,1,0,0,0,5.72325E+20,5.93426E+21,1.00917E+16,5.35523E+16
99891,99892,2,2,11,223,2016,12,14,6,2,4,7,0,0,0,1,0,0,0,0,5.53797E+20,5.93519E+21,9.81223E+15,5.35629E+16
99892,99893,2,4,10,427,2016,12,17,5,3,2,6,2,1,0,1,0,0,0,1,5.68415E+20,5.93807E+21,1.00335E+16,5.3587E+16
99893,99894,2,4,13,432,2016,12,17,2,2,6,4,2,0,0,1,1,0,0,0,5.66493E+20,5.94489E+21,1.0006E+16,5.36486E+16
99894,99895,2,7,4,705,2016,12,11,2,3,5,3,0,1,0,1,0,0,0,0,5.66469E+20,5.92176E+21,1.00007E+16,5.34407E+16
99895,99896,2,3,2,312,2016,12,17,6,3,3,2,2,0,0,1,0,0,0,1,5.65615E+20,5.93507E+21,9.99061E+15,5.35604E+16