FID,OBJECTID,ULAND,UREGBEZ,UKREIS,UGEMEINDE,UJAHR,UMONAT,USTUNDE,UWOCHENTAG,UKATEGORIE,UART,UTYP1,ULICHTVERH,IstStrasse,IstRad,IstPKW,IstFuss,IstKrad,IstGkfz,IstSonstig,LINREFX,LINREFY,XGCSWGS84,YGCSWGS84
100076,100077,4,0,11,0,2016,2,19,7,3,5,3,2,1,1,1,0,0,0,0,4.79017E+20,5.8916E+21,8.68608E+15,5.31734E+16
100077,100078,4,0,11,0,2016,2,12,5,3,5,3,0,0,0,1,0,0,0,1,4.82523E+20,5.87769E+21,8.73928E+15,5.30485E+16
100078,100079,4,0,11,0,2016,2,12,4,3,6,4,0,0,1,0,1,0,0,0,4.85315E+20,5.8832E+21,8.78068E+15,5.3098E+16
100079,100080,4,0,12,0,2016,3,15,3,3,0,7,0,1,0,0,1,0,0,1,4.73386E+20,5.9383E+21,8.59789E+15,5.35928E+16
100080,100081,4,0,11,0,2016,2,13,2,3,2,6,0,0,0,1,0,1,0,0,4.85183E+20,5.88282E+21,8.77873E+15,5.30947E+16
100081,100082,4,0,11,0,2016,2,11,4,3,6,4,0,0,0,1,1,0,0,0,4.74902E+20,5.89205E+21,8.62448E+15,5.31772E+16
100082,100083,4,0,11,0,2016,2,12,4,3,5,2,0,0,0,1,0,0,0,0,4.86397E+20,5.87991E+21,8.79698E+15,5.30685E+16
100083,100084,4,0,11,0,2016,1,16,6,3,0,1,0,1,1,0,0,0,0,0,4.86761E+20,5.8798E+21,8.80242E+15,5.30675E+16
100084,100085,4,0,11,0,2016,3,5,5,3,5,3,2,1,0,1,0,0,0,0,4.8154E+20,5.88235E+21,8.72435E+15,5.30902E+16
100085,100086,4,0,11,0,2016,1,7,6,3,2,6,0,0,0,1,0,0,0,0,4.8099E+20,5.87859E+21,8.71637E+15,5.30565E+16
100086,100087,4,0,11,0,2016,2,5,6,3,5,3,2,0,1,1,0,0,0,0,4.85078E+20,5.88296E+21,8.77715E+15,5.30959E+16
100087,100088,4,0,11,0,2016,2,16,5,3,5,3,0,0,1,1,0,0,0,0,4.85034E+20,5.88307E+21,8.77649E+15,5.30969E+16
100088,100089,4,0,11,0,2016,2,18,6,3,0,1,2,1,1,0,0,0,0,0,4.8866E+20,5.88023E+21,8.83075E+15,5.30715E+16
100089,100090,4,0,11,0,2016,2,16,4,3,2,6,0,0,0,1,0,0,0,0,4.86035E+20,5.88133E+21,8.79152E+15,5.30813E+16
100090,100091,4,0,11,0,2016,1,23,7,2,8,1,2,2,0,1,0,0,0,0,4.85313E+20,5.88007E+21,8.7808E+15,5.30699E+16
100091,100092,4,0,11,0,2016,2,18,4,2,5,2,2,0,0,1,0,1,0,0,4.75656E+20,5.8916E+21,8.63579E+15,5.31732E+16
100092,100093,4,0,11,0,2016,3,11,3,3,5,3,0,0,1,1,0,0,0,0,4.88028E+20,5.88038E+21,8.8213E+15,5.30728E+16
100093,100094,4,0,11,0,2016,2,12,2,3,0,3,0,0,1,1,0,0,0,0,4.825E+20,5.87761E+21,8.73895E+15,5.30477E+16
100094,100095,4,0,11,0,2016,2,7,4,2,9,1,1,0,0,1,0,0,0,0,4.89561E+20,5.88067E+21,8.84418E+15,5.30754E+16
100095,100096,4,0,11,0,2016,1,13,6,3,6,4,0,2,0,0,1,0,0,1,4.8784E+20,5.88161E+21,8.81845E+15,5.30838E+16
100096,100097,4,0,12,0,2016,2,18,5,3,5,3,2,1,0,1,0,1,0,0,4.74102E+20,5.92826E+21,8.60954E+15,5.35026E+16
100097,100098,4,0,12,0,2016,1,12,5,3,5,3,0,0,0,1,0,0,0,1,4.71723E+20,5.93321E+21,8.57324E+15,5.3547E+16
100098,100099,4,0,11,0,2016,2,8,4,3,5,3,0,2,1,1,0,0,0,0,4.90484E+20,5.88146E+21,8.85793E+15,5.30825E+16
100099,100100,4,0,12,0,2016,1,6,6,3,5,3,2,2,0,1,0,0,0,0,4.74952E+20,5.93087E+21,8.62216E+15,5.35261E+16
100100,100101,4,0,11,0,2016,1,21,6,3,2,6,2,1,0,1,0,0,0,0,4.87481E+20,5.88129E+21,8.81311E+15,5.30809E+16
100101,100102,4,0,12,0,2016,1,16,5,3,5,3,1,1,0,1,0,0,0,0,4.73383E+20,5.93711E+21,8.59796E+15,5.35822E+16
100102,100103,4,0,11,0,2016,2,8,4,3,2,6,0,0,0,1,0,0,0,0,4.87946E+20,5.87801E+21,8.82017E+15,5.30514E+16
100103,100104,4,0,11,0,2016,1,7,5,3,6,4,2,2,0,0,1,0,0,1,4.87795E+20,5.88159E+21,8.81779E+15,5.30836E+16
100104,100105,4,0,11,0,2016,2,22,3,3,5,2,2,1,1,1,0,0,0,0,4.87476E+20,5.88129E+21,8.81303E+15,5.30809E+16
100105,100106,4,0,11,0,2016,2,21,5,2,5,3,2,1,0,1,0,0,0,0,4.87176E+20,5.88151E+21,8.80854E+15,5.30829E+16
100106,100107,4,0,11,0,2016,2,9,4,2,3,6,0,0,1,0,0,0,0,0,4.91309E+20,5.88315E+21,8.87021E+15,5.30977E+16
100107,100108,4,0,12,0,2016,1,18,5,3,5,3,2,1,0,1,0,1,0,0,4.73815E+20,5.93658E+21,8.60453E+15,5.35775E+16
100108,100109,4,0,11,0,2016,2,10,4,3,6,4,0,0,0,1,1,0,0,0,4.92853E+20,5.87898E+21,8.89336E+15,5.30603E+16
100109,100110,4,0,12,0,2016,2,17,3,3,0,1,2,0,1,0,0,0,0,0,4.7282E+20,5.93518E+21,8.58962E+15,5.35648E+16
100110,100111,4,0,11,0,2016,1,20,5,3,1,3,2,0,0,1,0,1,0,0,4.86653E+20,5.8802E+21,8.80079E+15,5.30711E+16
100111,100112,4,0,11,0,2016,1,6,6,3,6,4,2,1,0,1,1,0,0,0,4.7902E+20,5.89156E+21,8.68612E+15,5.3173E+16
100112,100113,4,0,11,0,2016,1,16,4,3,2,6,0,1,0,1,0,0,0,0,4.8348E+20,5.88565E+21,8.75315E+15,5.312E+16
100113,100114,4,0,11,0,2016,2,13,6,2,0,7,0,0,0,0,0,0,0,1,4.91209E+20,5.88243E+21,8.86873E+15,5.30913E+16
100114,100115,4,0,11,0,2016,2,19,3,3,6,4,2,0,0,1,1,0,0,0,4.83721E+20,5.88461E+21,8.7568E+15,5.31106E+16
100115,100116,4,0,11,0,2016,2,10,7,3,6,4,0,0,0,1,1,0,0,0,4.71734E+20,5.8951E+21,8.57681E+15,5.32045E+16
100116,100117,4,0,11,0,2016,2,15,5,3,5,3,0,0,1,1,0,0,0,0,4.86915E+20,5.88183E+21,8.80463E+15,5.30858E+16
100117,100118,4,0,12,0,2016,2,15,3,3,2,6,0,0,0,1,0,0,0,0,4.75053E+20,5.93856E+21,8.62307E+15,5.35953E+16
100118,100119,4,0,11,0,2016,3,12,3,3,6,4,0,0,0,1,1,0,0,0,4.93981E+20,5.87667E+21,8.91023E+15,5.30395E+16
100119,100120,4,0,11,0,2016,1,12,6,3,0,6,0,1,0,1,0,1,0,0,4.91355E+20,5.88323E+21,8.87089E+15,5.30985E+16
100120,100121,4,0,11,0,2016,1,19,5,3,9,7,2,0,0,1,0,0,0,0,4.86571E+20,5.88007E+21,8.79957E+15,5.307E+16
100121,100122,4,0,12,0,2016,2,15,1,3,5,2,0,0,0,1,0,0,0,0,4.72228E+20,5.93369E+21,8.58081E+15,5.35513E+16
100122,100123,4,0,11,0,2016,2,6,2,3,5,3,2,1,0,1,0,0,0,0,4.80918E+20,5.88751E+21,8.71477E+15,5.31366E+16
100123,100124,4,0,11,0,2016,2,15,5,3,2,6,0,0,0,1,0,0,0,0,4.88036E+20,5.88165E+21,8.82138E+15,5.30842E+16
100124,100125,4,0,11,0,2016,1,5,6,3,5,3,2,1,0,1,0,0,0,0,4.89171E+20,5.88134E+21,8.83834E+15,5.30814E+16
100125,100126,4,0,11,0,2016,3,8,6,3,0,7,0,0,1,0,0,0,0,0,4.92019E+20,5.88082E+21,8.88087E+15,5.30768E+16
100126,100127,4,0,11,0,2016,1,15,5,2,5,3,0,0,0,1,0,0,1,0,4.8002E+20,5.88784E+21,8.70132E+15,5.31396E+16
100127,100128,4,0,11,0,2016,2,21,1,3,5,2,2,0,0,1,0,0,0,0,4.92745E+20,5.87777E+21,8.89178E+15,5.30494E+16
100128,100129,4,0,11,0,2016,2,16,3,3,0,3,0,0,0,1,0,0,0,1,4.86411E+20,5.88078E+21,8.79715E+15,5.30764E+16
100129,100130,4,0,11,0,2016,1,16,5,3,2,6,0,0,0,1,0,0,0,0,4.92158E+20,5.87864E+21,8.883E+15,5.30572E+16
100130,100131,4,0,11,0,2016,1,22,6,2,0,7,2,1,1,0,0,0,0,0,4.93767E+20,5.88634E+21,8.90686E+15,5.31264E+16
100131,100132,4,0,11,0,2016,1,15,4,3,6,4,0,2,0,1,1,0,0,0,4.88701E+20,5.88132E+21,8.83133E+15,5.30813E+16
100132,100133,4,0,12,0,2016,2,7,5,3,6,4,0,2,0,1,1,0,0,1,4.74936E+20,5.93803E+21,8.62134E+15,5.35905E+16
100133,100134,4,0,12,0,2016,2,16,4,3,2,6,0,1,0,1,0,0,0,0,4.73289E+20,5.92885E+21,8.59725E+15,5.35079E+16
100134,100135,4,0,11,0,2016,2,17,4,3,0,4,2,1,1,0,1,0,0,0,4.86746E+20,5.87981E+21,8.80219E+15,5.30676E+16
100135,100136,4,0,11,0,2016,2,16,3,3,6,4,1,0,0,1,1,0,0,0,4.87815E+20,5.88093E+21,8.81811E+15,5.30777E+16
100136,100137,4,0,11,0,2016,3,9,3,3,5,3,0,0,1,1,0,0,0,0,4.88459E+20,5.87994E+21,8.82776E+15,5.30688E+16
100137,100138,4,0,11,0,2016,2,18,1,3,4,2,2,0,1,1,0,0,0,0,4.84169E+20,5.88441E+21,8.76351E+15,5.31089E+16
100138,100139,4,0,11,0,2016,2,12,3,3,3,6,0,0,0,1,0,0,0,0,4.90905E+20,5.87925E+21,8.86428E+15,5.30627E+16
100139,100140,4,0,11,0,2016,1,11,5,2,1,7,0,0,0,1,0,1,0,0,4.79445E+20,5.89103E+21,8.69252E+15,5.31683E+16
100140,100141,4,0,12,0,2016,3,19,4,3,5,3,2,1,0,1,0,0,0,0,4.72469E+20,5.93447E+21,8.58438E+15,5.35584E+16
100141,100142,4,0,12,0,2016,1,10,3,3,3,6,0,1,0,1,0,0,0,1,4.73662E+20,5.92657E+21,8.60306E+15,5.34874E+16
100142,100143,4,0,12,0,2016,2,23,5,3,5,3,2,1,0,1,0,1,0,0,4.72776E+20,5.93163E+21,8.58926E+15,5.35328E+16
100143,100144,4,0,11,0,2016,2,14,3,3,1,5,0,0,1,1,0,0,0,0,4.8905E+20,5.88154E+21,8.83651E+15,5.30833E+16
100144,100145,4,0,11,0,2016,2,10,3,3,5,3,0,0,0,1,0,0,1,0,4.85987E+20,5.87826E+21,8.79093E+15,5.30537E+16
100145,100146,4,0,11,0,2016,1,16,5,2,6,4,0,0,0,0,1,0,0,1,4.86633E+20,5.88103E+21,8.80046E+15,5.30785E+16
100146,100147,4,0,12,0,2016,3,9,4,3,5,3,0,1,0,1,0,0,0,0,4.71789E+20,5.93441E+21,8.57413E+15,5.35578E+16
100147,100148,4,0,11,0,2016,1,23,3,3,6,4,2,2,0,1,1,0,0,0,4.90929E+20,5.87997E+21,8.86461E+15,5.30692E+16
100148,100149,4,0,11,0,2016,2,19,5,3,0,7,2,0,0,1,0,0,0,0,4.87026E+20,5.88167E+21,8.80629E+15,5.30843E+16
100149,100150,4,0,11,0,2016,2,18,4,3,5,3,2,1,1,1,0,0,0,0,4.86266E+20,5.88274E+21,8.7949E+15,5.30939E+16
100150,100151,4,0,11,0,2016,2,9,4,3,2,6,0,0,0,1,0,0,1,0,4.81308E+20,5.8817E+21,8.72093E+15,5.30844E+16
100151,100152,4,0,11,0,2016,2,8,3,3,5,3,0,0,1,1,0,0,0,0,4.91142E+20,5.88036E+21,8.86778E+15,5.30727E+16
100152,100153,4,0,11,0,2016,3,18,3,3,6,4,2,1,0,1,1,0,0,0,4.93296E+20,5.87813E+21,8.89998E+15,5.30527E+16
100153,100154,4,0,11,0,2016,2,11,1,3,2,6,0,0,0,1,0,0,0,0,4.92315E+20,5.87788E+21,8.88536E+15,5.30503E+16
100154,100155,4,0,11,0,2016,2,14,3,3,2,6,0,0,0,1,0,0,0,0,4.92317E+20,5.87788E+21,8.88538E+15,5.30503E+16
100155,100156,4,0,11,0,2016,1,16,3,3,6,4,1,2,0,1,1,0,0,0,4.92375E+20,5.87903E+21,8.88622E+15,5.30607E+16
100156,100157,4,0,11,0,2016,2,19,4,3,0,3,2,1,0,1,0,1,0,0,4.86251E+20,5.8796E+21,8.79482E+15,5.30657E+16
100157,100158,4,0,11,0,2016,1,9,4,3,6,4,0,1,0,1,0,0,0,1,4.94506E+20,5.87678E+21,8.91805E+15,5.30405E+16
100158,100159,4,0,11,0,2016,2,5,3,3,5,3,2,0,0,1,0,0,0,0,4.8328E+20,5.88162E+21,8.75038E+15,5.30838E+16
100159,100160,4,0,11,0,2016,2,12,4,2,2,6,0,1,0,1,0,0,0,0,4.87753E+20,5.88105E+21,8.81718E+15,5.30787E+16
100160,100161,4,0,11,0,2016,2,22,4,3,5,3,2,1,0,1,0,0,0,0,4.87575E+20,5.88134E+21,8.81451E+15,5.30814E+16
100161,100162,4,0,11,0,2016,2,8,3,2,6,4,0,0,0,1,1,0,0,0,4.82467E+20,5.87756E+21,8.73846E+15,5.30472E+16
100162,100163,4,0,11,0,2016,3,15,3,3,1,5,0,0,1,1,0,0,0,0,4.87858E+20,5.87798E+21,8.81886E+15,5.30512E+16
100163,100164,4,0,11,0,2016,1,14,6,3,6,4,0,0,0,1,1,0,0,0,4.9679E+20,5.87956E+21,8.9521E+15,5.30656E+16
100164,100165,4,0,11,0,2016,1,13,3,3,0,7,0,0,0,0,0,0,0,1,4.86074E+20,5.87957E+21,8.79217E+15,5.30654E+16
100165,100166,4,0,11,0,2016,1,12,3,3,5,7,0,0,0,1,0,0,0,1,4.85725E+20,5.88346E+21,8.7868E+15,5.31004E+16
100166,100167,4,0,11,0,2016,2,14,3,3,5,3,0,0,0,1,0,0,0,0,4.86589E+20,5.88013E+21,8.79983E+15,5.30705E+16
100167,100168,4,0,11,0,2016,2,18,4,2,5,2,2,1,1,1,0,0,0,0,4.84413E+20,5.88473E+21,8.76714E+15,5.31117E+16
100168,100169,4,0,11,0,2016,2,21,4,3,2,6,2,1,0,1,0,0,0,0,4.96557E+20,5.88013E+21,8.94862E+15,5.30706E+16
100169,100170,4,0,11,0,2016,1,7,4,3,5,3,2,1,1,1,0,0,0,0,4.95735E+20,5.88047E+21,8.93634E+15,5.30737E+16
100170,100171,4,0,12,0,2016,2,17,2,3,5,3,2,1,0,1,0,1,0,0,4.72114E+20,5.93315E+21,8.57914E+15,5.35465E+16
100171,100172,4,0,11,0,2016,2,6,3,3,9,1,2,2,0,1,0,0,0,0,4.96213E+20,5.87876E+21,8.9435E+15,5.30583E+16
100172,100173,4,0,11,0,2016,1,18,4,3,6,4,2,1,0,1,1,0,0,0,4.93285E+20,5.8824E+21,8.89973E+15,5.3091E+16
100173,100174,4,0,12,0,2016,1,6,5,3,6,2,2,1,0,1,1,0,0,0,4.73244E+20,5.93541E+21,8.59601E+15,5.35669E+16
100174,100175,4,0,12,0,2016,1,11,2,3,5,2,0,1,0,1,0,0,0,0,4.72608E+20,5.9322E+21,8.58668E+15,5.3538E+16
100175,100176,4,0,11,0,2016,2,17,5,3,2,6,0,0,0,1,0,0,0,0,4.90119E+20,5.88047E+21,8.85251E+15,5.30736E+16
100176,100177,4,0,11,0,2016,2,17,2,3,5,3,0,0,1,1,0,0,0,0,4.96731E+20,5.87951E+21,8.95121E+15,5.30651E+16
100177,100178,4,0,12,0,2016,1,7,5,3,5,3,2,0,1,1,0,0,0,0,4.72622E+20,5.93536E+21,8.58661E+15,5.35664E+16
100178,100179,4,0,12,0,2016,1,16,2,3,2,6,0,2,0,1,0,0,0,0,4.73301E+20,5.9321E+21,8.59715E+15,5.35371E+16
100179,100180,4,0,11,0,2016,2,16,2,3,6,4,0,1,1,0,1,0,0,0,4.90106E+20,5.88185E+21,8.85227E+15,5.3086E+16
100180,100181,4,0,11,0,2016,2,10,4,3,5,2,0,0,0,1,0,0,0,1,4.85882E+20,5.88019E+21,8.78928E+15,5.3071E+16
100181,100182,4,0,12,0,2016,1,5,5,3,5,3,2,2,0,1,0,0,1,0,4.69528E+20,5.93816E+21,8.53962E+15,5.35914E+16
100182,100183,4,0,11,0,2016,1,18,4,3,5,2,2,1,1,1,0,0,0,0,4.92503E+20,5.87968E+21,8.88811E+15,5.30665E+16
100183,100184,4,0,12,0,2016,2,18,7,3,4,6,1,0,0,1,0,0,0,0,4.73511E+20,5.92794E+21,8.60066E+15,5.34998E+16
100184,100185,4,0,11,0,2016,2,12,2,2,5,3,0,1,1,1,0,0,0,0,4.8777E+20,5.88323E+21,8.81735E+15,5.30984E+16
100185,100186,4,0,11,0,2016,1,14,4,3,5,3,0,0,1,1,0,0,0,0,4.93664E+20,5.8779E+21,8.90548E+15,5.30506E+16
100186,100187,4,0,12,0,2016,1,11,5,3,2,6,0,1,0,1,0,0,0,0,4.73382E+20,5.93828E+21,8.59785E+15,5.35926E+16
100187,100188,4,0,11,0,2016,1,10,2,3,0,7,0,2,0,1,0,0,0,1,4.88737E+20,5.88019E+21,8.83189E+15,5.30711E+16
100188,100189,4,0,11,0,2016,2,14,5,3,2,6,0,0,0,1,0,0,0,0,4.93087E+20,5.88144E+21,8.89679E+15,5.30824E+16
100189,100190,4,0,11,0,2016,2,9,4,3,5,3,0,1,1,1,0,0,0,0,4.89777E+20,5.88174E+21,8.84736E+15,5.3085E+16
100190,100191,4,0,12,0,2016,2,17,3,3,2,6,1,1,0,1,0,0,0,0,4.72653E+20,5.93241E+21,8.58734E+15,5.35399E+16
100191,100192,4,0,11,0,2016,2,10,2,3,6,4,0,1,0,1,1,0,0,0,4.90864E+20,5.88412E+21,8.86354E+15,5.31064E+16
100192,100193,4,0,11,0,2016,3,6,3,3,6,4,2,2,0,1,1,0,0,0,4.79822E+20,5.89228E+21,8.69807E+15,5.31795E+16
100193,100194,4,0,11,0,2016,2,21,7,3,6,4,2,0,0,1,1,0,0,0,4.95967E+20,5.88083E+21,8.9398E+15,5.30769E+16
100194,100195,4,0,12,0,2016,2,14,3,3,6,7,0,1,0,1,1,0,0,0,4.73116E+20,5.93147E+21,8.5944E+15,5.35315E+16
100195,100196,4,0,11,0,2016,2,18,2,3,5,3,0,1,1,1,0,0,0,0,4.86161E+20,5.88051E+21,8.79343E+15,5.30739E+16
100196,100197,4,0,11,0,2016,3,7,3,3,5,3,0,0,1,1,0,0,0,0,4.88525E+20,5.87694E+21,8.82885E+15,5.30418E+16
100197,100198,4,0,12,0,2016,2,13,7,3,6,4,0,0,0,1,1,0,0,0,4.74554E+20,5.93153E+21,8.61609E+15,5.35321E+16
100198,100199,4,0,11,0,2016,2,13,1,3,6,4,0,1,0,0,1,0,0,1,4.9039E+20,5.8794E+21,8.85658E+15,5.3064E+16
100199,100200,4,0,11,0,2016,2,7,2,3,2,6,1,1,0,1,0,0,0,0,4.80864E+20,5.88793E+21,8.71394E+15,5.31405E+16
100200,100201,4,0,12,0,2016,1,13,3,3,6,7,0,0,1,0,1,0,0,0,4.72486E+20,5.93428E+21,8.58465E+15,5.35567E+16
100201,100202,4,0,11,0,2016,3,7,4,3,5,3,1,1,1,1,0,0,0,0,4.87043E+20,5.882E+21,8.80654E+15,5.30873E+16
100202,100203,4,0,11,0,2016,1,8,2,2,1,5,1,1,1,0,0,0,1,0,4.87198E+20,5.88054E+21,8.80891E+15,5.30742E+16
100203,100204,4,0,11,0,2016,2,18,5,3,5,3,2,1,0,1,0,0,0,0,4.85381E+20,5.88188E+21,8.78173E+15,5.30862E+16
100204,100205,4,0,11,0,2016,2,10,3,3,2,6,0,0,0,1,0,0,0,0,4.71717E+20,5.89254E+21,8.57678E+15,5.31815E+16
100205,100206,4,0,12,0,2016,2,16,3,2,5,3,0,0,0,1,0,1,0,0,4.73885E+20,5.92853E+21,8.60625E+15,5.3505E+16
100206,100207,4,0,11,0,2016,2,17,7,3,5,2,0,1,0,1,0,0,0,0,4.70756E+20,5.89374E+21,8.56229E+15,5.31922E+16
100207,100208,4,0,11,0,2016,3,12,3,3,2,6,0,0,0,1,0,0,0,0,4.78944E+20,5.89135E+21,8.685E+15,5.31711E+16
100208,100209,4,0,11,0,2016,1,11,5,3,3,6,0,0,1,1,0,0,0,0,4.73221E+20,5.8923E+21,8.5993E+15,5.31794E+16
100209,100210,4,0,12,0,2016,2,7,6,3,0,7,0,2,1,0,0,0,0,0,4.73665E+20,5.93598E+21,8.6023E+15,5.3572E+16
100210,100211,4,0,11,0,2016,2,8,2,3,2,6,0,1,0,1,0,0,0,0,4.88192E+20,5.88096E+21,8.82374E+15,5.30779E+16
100211,100212,4,0,11,0,2016,1,17,2,3,2,6,2,1,0,1,0,0,0,0,4.90963E+20,5.88143E+21,8.86508E+15,5.30822E+16
100212,100213,4,0,12,0,2016,2,10,6,3,0,7,0,0,0,0,0,0,0,1,4.74258E+20,5.93768E+21,8.61112E+15,5.35874E+16
100213,100214,4,0,11,0,2016,2,14,1,2,6,4,0,1,0,1,1,0,0,0,4.71282E+20,5.89251E+21,8.57028E+15,5.31812E+16
100214,100215,4,0,11,0,2016,1,14,2,3,6,4,0,0,0,1,1,0,0,0,4.92799E+20,5.88111E+21,8.8925E+15,5.30794E+16
100215,100216,4,0,11,0,2016,2,17,5,3,6,4,0,0,0,1,1,0,0,0,4.82946E+20,5.87761E+21,8.7456E+15,5.30477E+16
100216,100217,4,0,11,0,2016,2,18,3,3,6,4,2,0,0,1,1,0,0,0,4.89807E+20,5.87964E+21,8.84789E+15,5.30661E+16
100217,100218,4,0,12,0,2016,1,13,3,3,5,3,0,0,1,1,0,0,0,0,4.70863E+20,5.93609E+21,8.55999E+15,5.35729E+16
100218,100219,4,0,12,0,2016,2,8,6,3,5,3,0,2,1,0,0,1,0,0,4.73887E+20,5.93043E+21,8.60613E+15,5.35221E+16
100219,100220,4,0,11,0,2016,1,13,5,3,5,3,0,1,1,1,0,0,0,1,4.95451E+20,5.87673E+21,8.93215E+15,5.304E+16
100220,100221,4,0,11,0,2016,1,8,2,3,2,2,0,1,1,1,0,0,0,0,4.88134E+20,5.8815E+21,8.82284E+15,5.30828E+16
100221,100222,4,0,11,0,2016,1,8,2,3,0,7,0,1,0,0,1,0,0,1,4.89662E+20,5.88245E+21,8.84562E+15,5.30914E+16
100222,100223,4,0,11,0,2016,2,14,2,2,6,4,0,0,0,1,1,0,0,0,4.92785E+20,5.88111E+21,8.8923E+15,5.30794E+16
100223,100224,4,0,11,0,2016,2,19,3,3,0,3,2,1,1,1,0,0,0,0,4.90905E+20,5.88331E+21,8.86416E+15,5.30991E+16
100224,100225,4,0,11,0,2016,1,17,5,3,5,2,2,1,1,1,0,0,0,0,4.85532E+20,5.8807E+21,8.78404E+15,5.30756E+16
100225,100226,4,0,11,0,2016,2,14,3,2,5,3,0,0,1,0,0,0,1,0,4.81856E+20,5.88184E+21,8.7291E+15,5.30857E+16
100226,100227,4,0,11,0,2016,2,19,3,3,6,4,2,1,0,1,1,0,0,0,4.88794E+20,5.8809E+21,8.83273E+15,5.30775E+16
100227,100228,4,0,11,0,2016,2,17,3,3,2,6,2,0,0,1,0,0,0,0,4.82162E+20,5.87881E+21,8.73383E+15,5.30585E+16
100228,100229,4,0,11,0,2016,1,6,3,3,5,3,2,0,0,1,0,0,0,1,4.85424E+20,5.88312E+21,8.78231E+15,5.30973E+16
100229,100230,4,0,11,0,2016,2,13,6,3,0,7,0,1,1,0,0,0,0,0,4.96412E+20,5.87781E+21,8.94648E+15,5.30498E+16
100230,100231,4,0,11,0,2016,1,16,3,3,5,3,0,0,0,1,0,0,0,0,4.71065E+20,5.89395E+21,8.5669E+15,5.31941E+16
100231,100232,4,0,11,0,2016,1,8,5,3,5,2,2,1,1,1,0,0,0,0,4.7516E+20,5.89109E+21,8.62842E+15,5.31686E+16
100232,100233,4,0,11,0,2016,1,10,2,3,2,6,0,2,0,1,0,0,0,0,4.83459E+20,5.88477E+21,8.75288E+15,5.31121E+16
100233,100234,4,0,11,0,2016,2,23,7,3,6,4,2,0,0,1,1,0,0,0,4.87978E+20,5.88037E+21,8.82056E+15,5.30727E+16
100234,100235,4,0,12,0,2016,2,16,7,3,8,1,0,1,0,0,0,1,0,0,4.73293E+20,5.93206E+21,8.59703E+15,5.35368E+16
100235,100236,4,0,11,0,2016,2,17,3,3,5,3,2,1,1,1,0,0,0,0,4.93599E+20,5.88101E+21,8.90445E+15,5.30785E+16
100236,100237,4,0,11,0,2016,3,17,3,3,5,3,0,1,1,1,0,0,0,0,4.91803E+20,5.88121E+21,8.87764E+15,5.30803E+16
100237,100238,4,0,11,0,2016,1,17,5,2,6,4,2,1,0,1,1,0,0,0,4.82915E+20,5.88596E+21,8.74469E+15,5.31228E+16
100238,100239,4,0,11,0,2016,3,17,1,3,0,1,1,0,0,0,0,1,0,0,4.84084E+20,5.879E+21,8.7625E+15,5.30603E+16
100239,100240,4,0,12,0,2016,3,10,3,2,5,2,0,0,1,1,0,0,0,0,4.73512E+20,5.93578E+21,8.60002E+15,5.35702E+16
100240,100241,4,0,11,0,2016,3,15,1,3,0,3,0,0,1,1,0,0,0,0,4.73629E+20,5.89223E+21,8.60542E+15,5.31788E+16
100241,100242,4,0,12,0,2016,4,12,4,3,2,6,0,0,0,1,0,0,0,0,4.73389E+20,5.93579E+21,8.59816E+15,5.35703E+16
100242,100243,4,0,11,0,2016,4,7,4,3,5,2,0,0,0,1,0,1,0,0,4.84085E+20,5.88425E+21,8.76227E+15,5.31074E+16
100243,100244,4,0,11,0,2016,4,14,6,3,5,3,0,0,1,1,0,0,0,0,4.9082E+20,5.88233E+21,8.86292E+15,5.30903E+16
100244,100245,4,0,11,0,2016,3,10,5,3,5,7,0,0,0,1,0,0,0,0,4.89325E+20,5.88075E+21,8.84065E+15,5.30762E+16
100245,100246,4,0,11,0,2016,4,14,3,3,5,3,0,0,1,1,0,0,0,0,4.7831E+20,5.89163E+21,8.6755E+15,5.31736E+16
100246,100247,4,0,11,0,2016,3,9,4,3,5,2,0,0,1,1,0,0,0,0,4.83991E+20,5.88486E+21,8.76083E+15,5.3113E+16
100247,100248,4,0,11,0,2016,3,16,5,3,0,7,0,0,1,0,0,0,0,0,4.9707E+20,5.87966E+21,8.95627E+15,5.30665E+16
100248,100249,4,0,11,0,2016,4,8,2,3,5,3,0,1,1,1,0,0,0,0,4.78293E+20,5.89163E+21,8.67524E+15,5.31736E+16
100249,100250,4,0,12,0,2016,3,14,2,3,6,7,0,0,1,0,1,0,0,0,4.72881E+20,5.93211E+21,8.59081E+15,5.35372E+16
100250,100251,4,0,11,0,2016,4,23,1,3,0,1,2,0,1,0,0,0,0,0,4.89813E+20,5.87795E+21,8.84803E+15,5.30509E+16
100251,100252,4,0,11,0,2016,3,7,3,3,3,6,0,0,0,0,0,1,0,1,4.8767E+20,5.87827E+21,8.81604E+15,5.30538E+16
100252,100253,4,0,12,0,2016,3,14,7,3,5,3,0,0,0,1,0,0,0,0,4.72954E+20,5.93096E+21,8.59201E+15,5.35269E+16
100253,100254,4,0,11,0,2016,4,15,2,3,1,1,0,0,0,1,0,0,0,0,4.7935E+20,5.89189E+21,8.69104E+15,5.3176E+16
100254,100255,4,0,11,0,2016,4,18,3,3,2,6,0,0,0,1,0,0,0,0,4.88719E+20,5.88131E+21,8.83158E+15,5.30812E+16