FID,OBJECTID,ULAND,UREGBEZ,UKREIS,UGEMEINDE,UJAHR,UMONAT,USTUNDE,UWOCHENTAG,UKATEGORIE,UART,UTYP1,ULICHTVERH,IstStrasse,IstRad,IstPKW,IstFuss,IstKrad,IstGkfz,IstSonstig,LINREFX,LINREFY,XGCSWGS84,YGCSWGS84
100255,100256,4,0,11,0,2016,4,10,6,3,6,4,0,0,0,1,1,0,0,0,4.89049E+20,5.88155E+21,8.8365E+15,5.30833E+16
100256,100257,4,0,11,0,2016,3,16,5,3,6,4,0,0,0,1,1,0,0,0,4.90234E+20,5.88059E+21,8.85423E+15,5.30747E+16
100257,100258,4,0,11,0,2016,4,11,7,3,5,3,0,0,0,1,0,0,0,0,4.75033E+20,5.89288E+21,8.62638E+15,5.31847E+16
100258,100259,4,0,11,0,2016,3,8,4,3,5,3,0,0,1,1,0,0,0,0,4.87418E+20,5.88109E+21,8.81218E+15,5.30791E+16
100259,100260,4,0,11,0,2016,3,7,5,3,6,4,0,0,0,1,1,0,0,0,4.89095E+20,5.88007E+21,8.83725E+15,5.307E+16
100260,100261,4,0,12,0,2016,4,15,1,3,5,3,0,0,0,1,0,0,0,0,4.73328E+20,5.93191E+21,8.59757E+15,5.35354E+16
100261,100262,4,0,11,0,2016,4,18,1,3,5,3,0,0,1,1,0,0,0,0,4.89642E+20,5.88242E+21,8.84533E+15,5.30911E+16
100262,100263,4,0,11,0,2016,3,17,2,3,1,5,0,0,0,1,0,1,0,0,4.8178E+20,5.87741E+21,8.72822E+15,5.30459E+16
100263,100264,4,0,11,0,2016,4,14,1,3,2,6,0,0,0,1,0,0,0,1,4.85437E+20,5.88198E+21,8.78255E+15,5.30871E+16
100264,100265,4,0,11,0,2016,3,19,3,3,6,4,0,1,0,1,1,0,0,0,4.8665E+20,5.88104E+21,8.80072E+15,5.30787E+16
100265,100266,4,0,11,0,2016,4,19,3,3,5,2,0,0,0,1,0,0,0,0,4.95742E+20,5.88048E+21,8.93644E+15,5.30738E+16
100266,100267,4,0,11,0,2016,4,12,7,3,0,7,0,0,0,0,0,0,0,1,4.85121E+20,5.87943E+21,8.77796E+15,5.30642E+16
100267,100268,4,0,11,0,2016,3,13,4,3,5,3,0,0,1,1,0,0,0,0,4.89146E+20,5.87983E+21,8.83801E+15,5.30679E+16
100268,100269,4,0,11,0,2016,3,17,7,3,2,6,0,0,0,1,0,0,0,0,4.82855E+20,5.88668E+21,8.74375E+15,5.31293E+16
100269,100270,4,0,11,0,2016,4,14,1,3,4,6,0,0,1,0,0,0,0,0,4.89099E+20,5.88422E+21,8.83717E+15,5.31073E+16
100270,100271,4,0,12,0,2016,4,15,4,2,6,4,0,0,0,1,1,0,0,0,4.72475E+20,5.93473E+21,8.58445E+15,5.35607E+16
100271,100272,4,0,11,0,2016,4,18,5,3,5,3,0,0,0,1,0,0,0,1,4.85382E+20,5.88261E+21,8.78171E+15,5.30927E+16
100272,100273,4,0,11,0,2016,4,19,1,3,5,3,0,0,1,1,0,0,0,0,4.83807E+20,5.87865E+21,8.75839E+15,5.30571E+16
100273,100274,4,0,12,0,2016,4,7,4,3,6,4,0,0,0,0,1,1,0,0,4.7275E+20,5.93531E+21,8.58855E+15,5.3566E+16
100274,100275,4,0,11,0,2016,4,16,2,3,5,3,0,0,1,1,0,0,0,0,4.90912E+20,5.8832E+21,8.86428E+15,5.30982E+16
100275,100276,4,0,11,0,2016,3,18,3,3,5,3,0,1,1,1,0,0,0,0,4.87203E+20,5.88154E+21,8.80894E+15,5.30832E+16
100276,100277,4,0,12,0,2016,4,12,2,3,2,6,0,0,0,1,0,0,0,0,4.72712E+20,5.93197E+21,8.58827E+15,5.35359E+16
100277,100278,4,0,11,0,2016,3,16,4,2,0,1,0,0,1,0,0,0,0,0,4.93421E+20,5.88063E+21,8.9018E+15,5.30751E+16
100278,100279,4,0,11,0,2016,3,11,5,3,0,1,0,0,1,0,0,0,0,0,4.84784E+20,5.88348E+21,8.77274E+15,5.31005E+16
100279,100280,4,0,11,0,2016,4,21,6,3,5,3,2,1,0,1,0,0,0,0,4.73108E+20,5.89291E+21,8.59756E+15,5.31848E+16
100280,100281,4,0,12,0,2016,3,11,3,3,2,6,0,1,0,1,0,0,1,0,4.72725E+20,5.9343E+21,8.58827E+15,5.35569E+16
100281,100282,4,0,11,0,2016,3,16,7,3,0,7,0,0,0,0,0,0,0,1,4.90108E+20,5.88217E+21,8.8523E+15,5.30889E+16
100282,100283,4,0,11,0,2016,4,20,1,2,0,1,2,0,1,0,0,0,0,0,4.80152E+20,5.89034E+21,8.70314E+15,5.31621E+16
100283,100284,4,0,11,0,2016,3,8,3,3,2,6,0,0,0,1,0,0,0,0,4.85503E+20,5.88206E+21,8.78355E+15,5.30878E+16
100284,100285,4,0,11,0,2016,3,19,7,3,5,3,2,0,1,0,0,0,0,1,4.95494E+20,5.87952E+21,8.93275E+15,5.30652E+16
100285,100286,4,0,11,0,2016,4,16,4,3,5,3,0,0,1,1,0,0,0,0,4.81099E+20,5.89154E+21,8.71723E+15,5.31729E+16
100286,100287,4,0,11,0,2016,4,6,5,3,5,2,0,0,0,1,0,1,0,0,4.89954E+20,5.88475E+21,8.84992E+15,5.31121E+16
100287,100288,4,0,11,0,2016,4,17,6,3,2,6,0,1,0,1,0,0,0,0,4.8601E+20,5.88187E+21,8.79112E+15,5.30861E+16
100288,100289,4,0,11,0,2016,3,8,3,3,5,3,0,1,1,1,0,0,0,0,4.86762E+20,5.88239E+21,8.80233E+15,5.30908E+16
100289,100290,4,0,11,0,2016,4,18,3,3,8,1,0,0,0,0,0,1,0,1,4.86096E+20,5.88276E+21,8.79237E+15,5.30941E+16
100290,100291,4,0,12,0,2016,3,8,3,3,5,3,0,0,1,1,0,0,0,0,4.73337E+20,5.93562E+21,8.59738E+15,5.35688E+16
100291,100292,4,0,11,0,2016,3,10,5,3,5,2,0,0,0,1,0,0,0,0,4.87052E+20,5.87901E+21,8.80679E+15,5.30605E+16
100292,100293,4,0,11,0,2016,4,15,4,3,3,6,0,0,0,1,0,0,0,0,4.83519E+20,5.88571E+21,8.75373E+15,5.31206E+16
100293,100294,4,0,12,0,2016,3,17,3,3,8,1,0,0,0,1,0,0,0,0,4.73361E+20,5.9317E+21,8.59809E+15,5.35335E+16
100294,100295,4,0,11,0,2016,3,17,5,3,1,5,0,0,0,1,0,0,0,0,4.96434E+20,5.87997E+21,8.94678E+15,5.30692E+16
100295,100296,4,0,11,0,2016,4,13,4,3,3,6,0,0,1,0,0,0,0,0,4.90607E+20,5.88225E+21,8.85974E+15,5.30896E+16
100296,100297,4,0,11,0,2016,4,19,6,3,5,3,0,1,0,1,0,0,0,0,4.9091E+20,5.88022E+21,8.86433E+15,5.30714E+16
100297,100298,4,0,11,0,2016,3,12,7,3,5,2,0,0,1,1,0,0,0,0,4.89956E+20,5.88175E+21,8.85005E+15,5.30851E+16
100298,100299,4,0,11,0,2016,4,15,1,3,3,1,0,0,1,1,0,0,0,0,4.8274E+20,5.8793E+21,8.74244E+15,5.30629E+16
100299,100300,4,0,11,0,2016,3,15,3,3,2,6,0,1,0,1,0,0,1,0,4.91159E+20,5.8804E+21,8.86803E+15,5.3073E+16
100300,100301,4,0,12,0,2016,3,9,6,3,1,5,0,0,0,1,0,0,0,0,4.7353E+20,5.92775E+21,8.60097E+15,5.3498E+16
100301,100302,4,0,11,0,2016,4,19,4,3,0,7,0,1,1,0,0,0,0,0,4.87903E+20,5.88036E+21,8.81944E+15,5.30726E+16
100302,100303,4,0,11,0,2016,4,7,4,3,1,1,0,1,1,1,0,0,0,0,4.88898E+20,5.88231E+21,8.83423E+15,5.30902E+16
100303,100304,4,0,11,0,2016,4,16,6,3,1,1,0,0,0,1,0,0,0,0,4.91332E+20,5.88205E+21,8.87058E+15,5.30879E+16
100304,100305,4,0,11,0,2016,3,10,5,2,5,2,0,0,1,1,0,0,0,0,4.80504E+20,5.8892E+21,8.70847E+15,5.31518E+16
100305,100306,4,0,11,0,2016,4,10,2,3,5,3,0,0,1,1,0,0,0,0,4.80089E+20,5.89102E+21,8.70215E+15,5.31682E+16
100306,100307,4,0,11,0,2016,3,10,5,3,6,4,0,0,0,1,1,0,0,0,4.8277E+20,5.8777E+21,8.74297E+15,5.30485E+16
100307,100308,4,0,11,0,2016,4,13,1,3,5,3,0,0,1,1,0,0,0,0,4.8791E+20,5.87655E+21,8.81969E+15,5.30383E+16
100308,100309,4,0,11,0,2016,3,13,2,3,5,3,0,0,0,1,0,0,0,0,4.83262E+20,5.88609E+21,8.74987E+15,5.31239E+16
100309,100310,4,0,11,0,2016,4,0,1,3,0,7,2,0,1,0,0,0,0,0,4.87798E+20,5.88034E+21,8.81788E+15,5.30724E+16
100310,100311,4,0,12,0,2016,3,18,2,3,6,1,0,1,0,1,1,0,0,0,4.76087E+20,5.93934E+21,8.63863E+15,5.36023E+16
100311,100312,4,0,12,0,2016,3,17,6,3,6,4,0,0,0,0,1,0,0,1,4.73337E+20,5.93185E+21,8.59772E+15,5.35349E+16
100312,100313,4,0,11,0,2016,4,15,2,3,5,3,0,0,1,1,0,0,0,0,4.96018E+20,5.8809E+21,8.94056E+15,5.30776E+16
100313,100314,4,0,11,0,2016,4,16,1,3,0,1,0,0,1,0,0,0,0,0,4.79397E+20,5.89103E+21,8.6918E+15,5.31683E+16
100314,100315,4,0,11,0,2016,3,16,2,3,5,3,0,0,1,1,0,0,0,0,4.8694E+20,5.8816E+21,8.80502E+15,5.30837E+16
100315,100316,4,0,11,0,2016,4,7,4,2,6,4,0,1,0,1,1,0,0,0,4.95323E+20,5.88015E+21,8.9302E+15,5.30708E+16
100316,100317,4,0,11,0,2016,3,19,6,3,2,6,2,0,0,1,0,0,0,0,4.74551E+20,5.89254E+21,8.61919E+15,5.31816E+16
100317,100318,4,0,11,0,2016,4,5,1,2,7,1,2,0,1,0,0,0,0,1,4.86734E+20,5.87939E+21,8.80203E+15,5.30638E+16
100318,100319,4,0,12,0,2016,4,13,7,3,5,3,0,0,0,1,0,0,0,1,4.74212E+20,5.93662E+21,8.61051E+15,5.35778E+16
100319,100320,4,0,12,0,2016,3,20,1,3,0,7,1,1,1,0,0,0,0,0,4.73036E+20,5.93425E+21,8.59296E+15,5.35565E+16
100320,100321,4,0,11,0,2016,3,18,6,3,5,3,1,0,1,1,0,0,0,0,4.85862E+20,5.88043E+21,8.78898E+15,5.30731E+16
100321,100322,4,0,11,0,2016,4,19,2,3,0,7,0,0,1,1,0,0,0,0,4.91905E+20,5.88076E+21,8.87917E+15,5.30763E+16
100322,100323,4,0,12,0,2016,4,8,3,3,8,1,0,0,0,1,0,0,0,1,4.72584E+20,5.93477E+21,8.5861E+15,5.35611E+16
100323,100324,4,0,11,0,2016,4,15,6,3,5,3,0,0,0,1,0,1,0,0,4.77952E+20,5.89174E+21,8.67014E+15,5.31746E+16
100324,100325,4,0,11,0,2016,3,14,5,3,2,6,0,0,0,1,0,0,0,0,4.95223E+20,5.88197E+21,8.92868E+15,5.30872E+16
100325,100326,4,0,11,0,2016,4,16,1,3,1,6,0,1,0,1,0,1,0,0,4.70338E+20,5.89297E+21,8.5561E+15,5.31852E+16
100326,100327,4,0,11,0,2016,3,11,3,3,2,6,0,1,0,1,0,0,0,0,4.90188E+20,5.8795E+21,8.85358E+15,5.30649E+16
100327,100328,4,0,11,0,2016,4,14,6,3,2,6,0,0,0,1,0,0,0,0,4.87595E+20,5.87838E+21,8.81492E+15,5.30547E+16
100328,100329,4,0,11,0,2016,3,11,2,3,2,6,0,0,0,1,0,0,0,0,4.92593E+20,5.87913E+21,8.88947E+15,5.30616E+16
100329,100330,4,0,11,0,2016,4,14,4,2,5,2,0,0,1,1,0,0,0,0,4.90391E+20,5.88022E+21,8.85659E+15,5.30714E+16
100330,100331,4,0,11,0,2016,4,13,1,3,5,7,0,0,0,1,0,0,0,0,4.80552E+20,5.87855E+21,8.70984E+15,5.30561E+16
100331,100332,4,0,11,0,2016,4,8,2,3,4,6,0,0,1,1,0,0,0,0,4.93283E+20,5.87754E+21,8.8998E+15,5.30473E+16
100332,100333,4,0,11,0,2016,3,10,1,3,2,6,0,1,0,1,0,0,0,0,4.68355E+20,5.8946E+21,8.52628E+15,5.31998E+16
100333,100334,4,0,11,0,2016,4,16,3,3,2,6,0,0,0,1,0,0,0,0,4.97476E+20,5.87898E+21,8.96233E+15,5.30603E+16
100334,100335,4,0,11,0,2016,3,7,5,3,3,6,0,0,1,1,0,0,0,0,4.88664E+20,5.88056E+21,8.8308E+15,5.30744E+16
100335,100336,4,0,11,0,2016,4,13,3,3,1,7,0,0,0,1,0,0,0,1,4.9171E+20,5.88111E+21,8.87625E+15,5.30794E+16
100336,100337,4,0,11,0,2016,4,14,6,3,2,6,0,0,1,1,0,0,0,0,4.88074E+20,5.88039E+21,8.822E+15,5.30728E+16
100337,100338,4,0,11,0,2016,4,12,7,3,5,3,0,0,1,1,0,0,0,0,4.89594E+20,5.87603E+21,8.84482E+15,5.30337E+16
100338,100339,4,0,11,0,2016,3,16,3,2,5,3,0,0,0,1,0,1,0,0,4.8783E+20,5.87747E+21,8.81847E+15,5.30466E+16
100339,100340,4,0,11,0,2016,3,15,6,3,5,3,0,0,0,1,0,0,0,0,4.80865E+20,5.88781E+21,8.71396E+15,5.31393E+16
100340,100341,4,0,11,0,2016,4,19,6,3,5,2,1,0,0,1,0,0,0,0,4.96203E+20,5.87968E+21,8.94333E+15,5.30666E+16
100341,100342,4,0,11,0,2016,4,6,4,3,5,7,0,1,0,1,0,1,0,0,4.86436E+20,5.88075E+21,8.79753E+15,5.30761E+16
100342,100343,4,0,11,0,2016,4,11,6,3,5,3,0,1,1,0,0,0,0,1,4.8638E+20,5.88222E+21,8.79663E+15,5.30892E+16
100343,100344,4,0,11,0,2016,4,9,2,3,3,6,0,0,1,0,0,0,0,0,4.86688E+20,5.88024E+21,8.80131E+15,5.30715E+16
100344,100345,4,0,11,0,2016,3,15,3,3,2,6,0,0,0,1,0,0,0,0,4.92529E+20,5.87876E+21,8.88853E+15,5.30583E+16
100345,100346,4,0,12,0,2016,3,18,4,3,2,6,1,0,0,1,0,0,0,0,4.73843E+20,5.93138E+21,8.60538E+15,5.35307E+16
100346,100347,4,0,11,0,2016,4,19,6,3,1,5,1,1,0,1,0,1,0,0,4.91905E+20,5.87905E+21,8.8792E+15,5.30609E+16
100347,100348,4,0,11,0,2016,3,17,6,3,5,3,1,0,1,1,0,0,0,0,4.82424E+20,5.88722E+21,8.73729E+15,5.31341E+16
100348,100349,4,0,11,0,2016,3,14,7,3,6,7,0,0,1,0,1,0,0,0,4.82236E+20,5.87654E+21,8.73507E+15,5.30381E+16
100349,100350,4,0,11,0,2016,3,14,6,3,5,3,0,0,0,1,0,0,0,0,4.92202E+20,5.87766E+21,8.88368E+15,5.30484E+16
100350,100351,4,0,11,0,2016,4,9,4,3,2,6,0,0,0,1,0,0,0,0,4.90748E+20,5.88333E+21,8.86181E+15,5.30994E+16
100351,100352,4,0,11,0,2016,4,10,7,3,2,6,0,0,0,1,0,0,0,0,4.91442E+20,5.88338E+21,8.87218E+15,5.30998E+16
100352,100353,4,0,11,0,2016,3,21,3,3,6,4,2,0,0,0,1,1,0,0,4.95493E+20,5.87952E+21,8.93274E+15,5.30651E+16
100353,100354,4,0,11,0,2016,3,19,6,3,6,4,2,0,0,1,1,0,0,0,4.85874E+20,5.87996E+21,8.78918E+15,5.30689E+16
100354,100355,4,0,11,0,2016,4,12,6,3,2,6,0,0,0,1,0,0,0,0,4.87753E+20,5.88105E+21,8.81717E+15,5.30787E+16
100355,100356,4,0,12,0,2016,4,16,3,3,4,6,0,1,0,1,0,1,0,0,4.74499E+20,5.93661E+21,8.61485E+15,5.35777E+16
100356,100357,4,0,11,0,2016,4,13,5,3,4,6,0,0,1,0,0,0,0,0,4.87308E+20,5.88066E+21,8.81055E+15,5.30753E+16
100357,100358,4,0,11,0,2016,3,15,7,3,5,2,0,0,1,1,0,0,0,0,4.84482E+20,5.88391E+21,8.76821E+15,5.31044E+16
100358,100359,4,0,12,0,2016,4,6,3,3,5,3,1,0,0,1,0,0,0,0,4.76019E+20,5.93184E+21,8.63817E+15,5.35349E+16
100359,100360,4,0,11,0,2016,3,14,3,3,5,3,0,0,0,1,0,0,0,0,4.96842E+20,5.87852E+21,8.95288E+15,5.30561E+16
100360,100361,4,0,12,0,2016,3,8,4,3,2,6,0,0,0,1,0,0,0,0,4.74253E+20,5.93126E+21,8.61158E+15,5.35296E+16
100361,100362,4,0,11,0,2016,3,16,1,3,1,7,0,0,0,1,0,1,0,0,4.85315E+20,5.8835E+21,8.78068E+15,5.31007E+16
100362,100363,4,0,12,0,2016,4,16,3,3,5,3,0,1,0,1,0,0,0,0,4.73197E+20,5.93195E+21,8.59559E+15,5.35358E+16
100363,100364,4,0,12,0,2016,3,16,5,3,0,1,0,0,1,0,0,0,0,0,4.72929E+20,5.93283E+21,8.59146E+15,5.35437E+16
100364,100365,4,0,11,0,2016,4,22,1,3,0,7,2,0,1,0,0,0,0,0,4.86715E+20,5.87984E+21,8.80173E+15,5.30679E+16
100365,100366,4,0,11,0,2016,3,11,7,3,2,6,0,0,0,1,0,0,0,0,4.96543E+20,5.87937E+21,8.94841E+15,5.30638E+16
100366,100367,4,0,12,0,2016,3,7,5,3,5,3,0,0,1,1,0,0,0,0,4.73174E+20,5.93231E+21,8.59521E+15,5.3539E+16
100367,100368,4,0,12,0,2016,4,4,1,2,6,4,2,0,0,1,1,0,0,0,4.72827E+20,5.93429E+21,8.5898E+15,5.35568E+16
100368,100369,4,0,11,0,2016,4,12,4,3,0,7,0,0,1,0,0,0,0,0,4.88378E+20,5.88039E+21,8.82653E+15,5.30729E+16
100369,100370,4,0,11,0,2016,4,10,6,2,5,3,0,0,1,1,0,0,0,0,4.92471E+20,5.88003E+21,8.88764E+15,5.30697E+16
100370,100371,4,0,11,0,2016,3,14,4,3,5,6,0,0,0,1,0,1,0,0,4.89084E+20,5.88075E+21,8.83705E+15,5.30761E+16
100371,100372,4,0,11,0,2016,4,17,4,3,1,5,0,0,0,1,0,0,0,0,4.9318E+20,5.88075E+21,8.89819E+15,5.30762E+16
100372,100373,4,0,11,0,2016,4,8,6,3,5,3,0,0,0,1,0,1,0,0,4.89206E+20,5.87982E+21,8.8389E+15,5.30677E+16
100373,100374,4,0,11,0,2016,3,18,7,3,0,7,0,0,1,0,0,0,0,0,4.74081E+20,5.89221E+21,8.61219E+15,5.31786E+16
100374,100375,4,0,11,0,2016,4,3,3,2,9,1,2,1,0,1,0,0,0,0,4.87278E+20,5.87923E+21,8.81016E+15,5.30624E+16
100375,100376,4,0,12,0,2016,3,9,2,3,2,6,0,1,0,0,0,0,1,0,4.73091E+20,5.93349E+21,8.59385E+15,5.35496E+16
100376,100377,4,0,11,0,2016,3,8,4,3,9,1,0,0,0,1,0,1,0,0,4.8337E+20,5.88649E+21,8.75147E+15,5.31275E+16
100377,100378,4,0,11,0,2016,4,12,6,3,1,6,0,0,0,1,0,0,0,0,4.85167E+20,5.87948E+21,8.77865E+15,5.30646E+16
100378,100379,4,0,11,0,2016,3,13,1,3,2,6,0,0,0,1,0,0,0,0,4.74947E+20,5.89122E+21,8.62522E+15,5.31698E+16
100379,100380,4,0,11,0,2016,4,17,7,3,6,4,0,0,1,0,1,0,0,0,4.89442E+20,5.87982E+21,8.84243E+15,5.30677E+16
100380,100381,4,0,11,0,2016,4,19,6,3,0,7,0,0,1,0,0,0,0,0,4.84315E+20,5.88144E+21,8.76583E+15,5.30822E+16
100381,100382,4,0,11,0,2016,3,18,7,3,3,6,0,0,0,1,0,0,0,0,4.86841E+20,5.88083E+21,8.80358E+15,5.30768E+16
100382,100383,4,0,11,0,2016,3,12,5,3,3,6,0,0,0,0,0,0,1,1,4.84018E+20,5.88508E+21,8.76122E+15,5.31149E+16
100383,100384,4,0,12,0,2016,4,0,1,3,8,1,2,0,0,1,0,0,0,0,4.7275E+20,5.93184E+21,8.58885E+15,5.35347E+16
100384,100385,4,0,12,0,2016,4,14,3,3,0,1,0,0,1,0,0,0,0,0,4.73173E+20,5.93135E+21,8.59528E+15,5.35304E+16
100385,100386,4,0,12,0,2016,4,18,5,3,6,4,0,0,0,1,1,0,0,0,4.72127E+20,5.93315E+21,8.57934E+15,5.35465E+16
100386,100387,4,0,11,0,2016,3,13,4,3,5,3,0,0,0,1,0,0,0,1,4.88961E+20,5.88245E+21,8.83516E+15,5.30914E+16
100387,100388,4,0,11,0,2016,4,12,1,3,0,1,0,0,1,0,0,0,0,0,4.86205E+20,5.88056E+21,8.79409E+15,5.30743E+16
100388,100389,4,0,11,0,2016,3,8,2,3,2,6,0,1,0,1,0,0,0,0,4.94008E+20,5.88147E+21,8.91055E+15,5.30826E+16
100389,100390,4,0,12,0,2016,3,9,5,3,5,3,0,0,0,1,0,0,0,0,4.73103E+20,5.93329E+21,8.59406E+15,5.35478E+16
100390,100391,4,0,12,0,2016,4,14,3,3,2,6,0,1,0,1,0,0,0,1,4.72305E+20,5.93416E+21,8.58194E+15,5.35556E+16
100391,100392,4,0,11,0,2016,4,19,2,3,5,2,1,0,1,1,0,0,0,0,4.86638E+20,5.88103E+21,8.80054E+15,5.30786E+16
100392,100393,4,0,11,0,2016,3,19,5,3,4,6,1,0,1,0,0,0,0,0,4.88475E+20,5.88118E+21,8.82794E+15,5.30799E+16
100393,100394,4,0,12,0,2016,3,13,7,2,5,7,0,1,1,0,0,1,0,0,4.72173E+20,5.93254E+21,8.58008E+15,5.35411E+16
100394,100395,4,0,11,0,2016,4,18,7,3,0,6,0,0,0,1,0,1,0,0,4.92237E+20,5.87788E+21,8.88418E+15,5.30503E+16
100395,100396,4,0,11,0,2016,3,16,7,3,3,6,0,0,0,1,0,0,0,1,4.87216E+20,5.88155E+21,8.80914E+15,5.30833E+16
100396,100397,4,0,11,0,2016,4,16,3,3,0,7,0,0,1,1,0,0,0,0,4.88456E+20,5.8806E+21,8.82769E+15,5.30748E+16
100397,100398,4,0,11,0,2016,4,13,7,2,5,3,0,1,0,1,0,0,0,0,4.91157E+20,5.88039E+21,8.868E+15,5.3073E+16
100398,100399,4,0,11,0,2016,3,8,2,2,6,4,0,1,0,1,1,0,0,0,4.84604E+20,5.88123E+21,8.77016E+15,5.30804E+16
100399,100400,4,0,11,0,2016,3,9,5,3,6,4,0,0,1,0,1,0,0,0,4.84287E+20,5.88174E+21,8.76541E+15,5.30849E+16
100400,100401,4,0,11,0,2016,3,16,5,3,8,1,0,0,1,0,0,0,0,0,4.80083E+20,5.89157E+21,8.70203E+15,5.31731E+16
100401,100402,4,0,11,0,2016,4,17,3,3,5,3,0,1,0,1,0,0,0,0,4.71105E+20,5.89398E+21,8.56749E+15,5.31944E+16
100402,100403,4,0,11,0,2016,4,16,5,3,5,2,0,0,1,1,0,0,0,0,4.87182E+20,5.88151E+21,8.80863E+15,5.30829E+16
100403,100404,4,0,11,0,2016,4,17,2,2,1,5,0,0,1,1,0,0,0,0,4.8769E+20,5.88044E+21,8.81626E+15,5.30733E+16
100404,100405,4,0,11,0,2016,4,10,4,3,2,6,0,0,0,1,0,0,0,1,4.9238E+20,5.87925E+21,8.88629E+15,5.30627E+16
100405,100406,4,0,11,0,2016,3,12,7,3,0,7,0,1,0,1,0,0,0,1,4.80224E+20,5.89021E+21,8.70422E+15,5.31609E+16
100406,100407,4,0,12,0,2016,4,21,2,3,5,2,2,0,0,1,0,0,0,0,4.73396E+20,5.93578E+21,8.59826E+15,5.35702E+16
100407,100408,4,0,11,0,2016,3,20,2,3,3,6,2,0,0,1,0,0,0,0,4.86642E+20,5.88197E+21,8.80056E+15,5.3087E+16
100408,100409,4,0,11,0,2016,3,8,4,3,2,6,0,0,0,1,0,0,0,0,4.90046E+20,5.8805E+21,8.85143E+15,5.30739E+16
100409,100410,4,0,11,0,2016,4,13,7,3,5,2,0,0,1,1,0,0,0,0,4.90661E+20,5.87964E+21,8.86062E+15,5.30662E+16
100410,100411,4,0,11,0,2016,3,14,2,3,5,3,0,0,1,1,0,0,0,0,4.92023E+20,5.87945E+21,8.88096E+15,5.30645E+16
100411,100412,4,0,11,0,2016,3,9,5,3,2,6,0,0,0,1,0,0,0,0,4.96774E+20,5.88712E+21,8.95178E+15,5.31335E+16
100412,100413,4,0,11,0,2016,3,9,5,3,5,3,0,0,1,1,0,0,0,0,4.70678E+20,5.89354E+21,8.56115E+15,5.31904E+16
100413,100414,4,0,11,0,2016,3,4,6,3,6,3,2,1,0,1,1,0,0,0,4.87434E+20,5.88129E+21,8.8124E+15,5.30809E+16
100414,100415,4,0,11,0,2016,3,11,5,3,5,3,0,0,1,1,0,0,0,0,4.86995E+20,5.88045E+21,8.80588E+15,5.30734E+16
100415,100416,4,0,11,0,2016,4,15,3,3,1,6,0,1,0,1,0,0,0,0,4.91439E+20,5.88184E+21,8.87218E+15,5.3086E+16
100416,100417,4,0,11,0,2016,4,16,5,3,5,3,0,0,1,1,0,0,0,0,4.8669E+20,5.88195E+21,8.80128E+15,5.30868E+16
100417,100418,4,0,11,0,2016,4,13,5,3,2,6,0,0,0,1,0,0,0,0,4.86601E+20,5.88363E+21,8.79987E+15,5.3102E+16
100418,100419,4,0,11,0,2016,3,16,6,3,2,6,0,1,0,1,0,0,0,0,4.8658E+20,5.88366E+21,8.79956E+15,5.31022E+16
100419,100420,4,0,11,0,2016,4,18,3,3,1,5,0,0,1,0,0,0,0,1,4.85373E+20,5.88204E+21,8.7816E+15,5.30876E+16
100420,100421,4,0,11,0,2016,3,1,2,3,0,1,2,1,0,0,0,1,0,0,4.93187E+20,5.88701E+21,8.89817E+15,5.31325E+16
100421,100422,4,0,11,0,2016,3,15,4,3,2,6,0,0,0,1,0,0,0,0,4.92755E+20,5.88485E+21,8.89175E+15,5.3113E+16
100422,100423,4,0,11,0,2016,3,14,5,3,6,4,0,0,0,1,1,0,0,0,4.825E+20,5.88729E+21,8.73842E+15,5.31347E+16
100423,100424,4,0,11,0,2016,3,15,7,3,0,1,0,0,0,1,0,0,0,0,4.9755E+20,5.87868E+21,8.96344E+15,5.30576E+16
100424,100425,4,0,11,0,2016,4,12,3,3,5,2,0,0,0,1,0,0,0,1,4.83648E+20,5.8855E+21,8.75568E+15,5.31187E+16
100425,100426,4,0,11,0,2016,3,14,5,3,6,4,0,0,0,0,1,0,0,1,4.82277E+20,5.87723E+21,8.73565E+15,5.30443E+16
100426,100427,4,0,11,0,2016,4,19,7,3,4,6,0,0,1,0,1,0,0,0,4.90634E+20,5.87778E+21,8.86027E+15,5.30495E+16
100427,100428,4,0,11,0,2016,3,9,2,3,5,3,0,1,1,1,0,0,0,0,4.87457E+20,5.88129E+21,8.81275E+15,5.30809E+16
100428,100429,4,0,11,0,2016,3,18,4,2,6,4,0,0,1,0,1,0,0,0,4.8679E+20,5.88007E+21,8.80283E+15,5.307E+16
100429,100430,4,0,11,0,2016,4,17,3,3,1,5,0,1,1,1,0,0,0,0,4.88077E+20,5.88039E+21,8.82204E+15,5.30728E+16
100430,100431,4,0,11,0,2016,4,16,6,3,5,3,0,1,1,1,0,0,0,0,4.92384E+20,5.88023E+21,8.88632E+15,5.30715E+16
100431,100432,4,0,11,0,2016,3,10,5,2,5,3,0,0,1,1,0,0,0,0,4.92756E+20,5.87763E+21,8.89193E+15,5.30481E+16
100432,100433,4,0,11,0,2016,4,1,7,2,5,3,2,1,0,1,0,0,0,0,4.74902E+20,5.89205E+21,8.62448E+15,5.31772E+16
100433,100434,4,0,11,0,2016,3,1,6,2,1,5,0,1,1,1,0,0,0,0,4.89743E+20,5.88207E+21,8.84685E+15,5.3088E+16