FID,OBJECTID,ULAND,UREGBEZ,UKREIS,UGEMEINDE,UJAHR,UMONAT,USTUNDE,UWOCHENTAG,UKATEGORIE,UART,UTYP1,ULICHTVERH,IstStrasse,IstRad,IstPKW,IstFuss,IstKrad,IstGkfz,IstSonstig,LINREFX,LINREFY,XGCSWGS84,YGCSWGS84
100613,100614,4,0,11,0,2016,4,17,4,3,5,3,0,0,0,1,0,0,0,1,4.93498E+20,5.88197E+21,8.90291E+15,5.30872E+16
100614,100615,4,0,12,0,2016,5,7,2,3,5,3,0,1,0,0,0,1,0,1,4.76044E+20,5.93139E+21,8.63858E+15,5.35309E+16
100615,100616,4,0,11,0,2016,5,10,3,3,2,6,0,0,0,1,0,0,0,0,4.87774E+20,5.88103E+21,8.81749E+15,5.30786E+16
100616,100617,4,0,11,0,2016,6,14,6,3,1,5,0,0,1,1,0,0,0,0,4.87049E+20,5.87951E+21,8.80672E+15,5.30649E+16
100617,100618,4,0,11,0,2016,6,8,4,3,0,1,0,0,1,0,0,0,0,0,4.86395E+20,5.88153E+21,8.79688E+15,5.3083E+16
100618,100619,4,0,12,0,2016,5,16,2,3,5,3,0,0,1,1,0,0,0,0,4.72628E+20,5.93052E+21,8.58712E+15,5.35229E+16
100619,100620,4,0,11,0,2016,5,22,5,3,5,3,2,0,0,1,0,0,0,0,4.86028E+20,5.87952E+21,8.79149E+15,5.3065E+16
100620,100621,4,0,11,0,2016,6,17,7,2,5,2,0,0,0,1,0,1,0,0,4.8592E+20,5.88024E+21,8.78985E+15,5.30715E+16
100621,100622,4,0,11,0,2016,6,21,5,3,1,5,1,0,1,1,0,0,0,0,4.78971E+20,5.89199E+21,8.68536E+15,5.31768E+16
100622,100623,4,0,12,0,2016,5,11,2,3,5,2,0,0,1,0,0,0,0,1,4.71533E+20,5.93374E+21,8.57032E+15,5.35518E+16
100623,100624,4,0,11,0,2016,5,21,5,3,1,5,2,0,0,1,0,0,0,1,4.87622E+20,5.8785E+21,8.81532E+15,5.30558E+16
100624,100625,4,0,11,0,2016,5,18,6,3,5,2,0,0,1,1,0,0,0,0,4.8725E+20,5.8829E+21,8.80959E+15,5.30954E+16
100625,100626,4,0,11,0,2016,5,11,1,3,8,1,0,1,0,1,0,0,0,0,4.86261E+20,5.88541E+21,8.79472E+15,5.31179E+16
100626,100627,4,0,11,0,2016,5,8,2,3,5,2,0,0,1,1,0,0,0,0,4.85223E+20,5.88344E+21,8.77929E+15,5.31002E+16
100627,100628,4,0,12,0,2016,5,12,5,3,4,6,0,0,0,0,0,0,1,0,4.7298E+20,5.93704E+21,8.59187E+15,5.35816E+16
100628,100629,4,0,12,0,2016,5,16,2,3,5,3,0,0,1,1,0,0,0,0,4.73993E+20,5.93189E+21,8.6076E+15,5.35353E+16
100629,100630,4,0,11,0,2016,5,17,2,3,5,2,0,0,1,1,0,0,0,0,4.90108E+20,5.88048E+21,8.85235E+15,5.30737E+16
100630,100631,4,0,11,0,2016,5,12,6,3,6,4,0,0,0,1,1,0,0,0,4.8912E+20,5.8809E+21,8.83759E+15,5.30775E+16
100631,100632,4,0,11,0,2016,4,15,4,3,3,6,0,1,1,1,0,0,0,0,4.86629E+20,5.88156E+21,8.80038E+15,5.30833E+16
100632,100633,4,0,11,0,2016,5,16,2,2,5,3,0,0,1,1,0,0,0,0,4.77678E+20,5.89184E+21,8.66602E+15,5.31755E+16
100633,100634,4,0,11,0,2016,6,13,2,3,5,3,0,0,1,1,0,0,0,0,4.91767E+20,5.88127E+21,8.8771E+15,5.30809E+16
100634,100635,4,0,12,0,2016,6,13,3,3,0,7,0,0,0,0,1,0,0,1,4.73095E+20,5.93659E+21,8.59365E+15,5.35775E+16
100635,100636,4,0,11,0,2016,5,13,5,2,5,2,0,0,0,1,0,0,0,0,4.8087E+20,5.8878E+21,8.71403E+15,5.31392E+16
100636,100637,4,0,11,0,2016,6,15,4,2,2,7,0,0,0,1,0,0,0,0,4.93431E+20,5.88023E+21,8.90196E+15,5.30715E+16
100637,100638,4,0,11,0,2016,5,14,5,3,4,6,0,0,1,0,0,0,0,0,4.89848E+20,5.88492E+21,8.84832E+15,5.31136E+16
100638,100639,4,0,11,0,2016,5,11,5,3,0,7,0,0,0,0,1,0,0,1,4.97114E+20,5.87866E+21,8.95693E+15,5.30575E+16
100639,100640,4,0,11,0,2016,4,8,6,2,0,7,0,0,1,0,1,0,0,0,4.85729E+20,5.88236E+21,8.78691E+15,5.30905E+16
100640,100641,4,0,11,0,2016,5,15,5,3,2,2,0,0,0,1,0,0,0,0,4.86626E+20,5.88374E+21,8.80024E+15,5.3103E+16
100641,100642,4,0,11,0,2016,5,9,2,2,5,3,0,0,1,1,0,0,0,0,4.75692E+20,5.89287E+21,8.63624E+15,5.31846E+16
100642,100643,4,0,11,0,2016,5,15,2,3,2,6,0,0,0,1,0,0,0,0,4.82559E+20,5.87789E+21,8.73981E+15,5.30502E+16
100643,100644,4,0,11,0,2016,5,9,7,3,5,3,0,0,0,1,0,0,0,0,4.88993E+20,5.87988E+21,8.83572E+15,5.30683E+16
100644,100645,4,0,11,0,2016,5,23,5,3,0,1,2,0,1,0,0,0,0,0,4.87642E+20,5.88217E+21,8.81548E+15,5.30888E+16
100645,100646,4,0,12,0,2016,4,15,5,3,2,6,0,0,0,1,0,0,0,0,4.73658E+20,5.93143E+21,8.60259E+15,5.35312E+16
100646,100647,4,0,11,0,2016,5,16,6,3,0,7,0,1,0,0,0,0,0,1,4.71699E+20,5.8935E+21,8.57643E+15,5.31901E+16
100647,100648,4,0,12,0,2016,5,14,1,3,6,4,0,0,0,1,1,0,0,0,4.72582E+20,5.93473E+21,8.58606E+15,5.35607E+16
100648,100649,4,0,11,0,2016,5,16,5,3,5,3,0,0,0,1,0,0,0,0,4.87773E+20,5.87662E+21,8.81765E+15,5.30389E+16
100649,100650,4,0,11,0,2016,5,16,5,3,5,2,0,0,1,1,0,0,0,0,4.8966E+20,5.88411E+21,8.84555E+15,5.31063E+16
100650,100651,4,0,11,0,2016,5,18,2,3,0,1,0,0,1,0,0,0,0,0,4.81598E+20,5.89196E+21,8.72467E+15,5.31767E+16
100651,100652,4,0,12,0,2016,5,16,1,3,5,3,0,0,0,1,0,0,0,0,4.73379E+20,5.93709E+21,8.5979E+15,5.3582E+16
100652,100653,4,0,12,0,2016,5,11,6,3,6,2,0,0,0,1,1,0,0,0,4.72851E+20,5.93154E+21,8.59041E+15,5.35321E+16
100653,100654,4,0,11,0,2016,4,13,4,3,0,7,0,1,0,0,0,0,0,1,4.97395E+20,5.87789E+21,8.96114E+15,5.30505E+16
100654,100655,4,0,11,0,2016,5,10,2,3,2,6,0,0,0,1,0,0,0,0,4.71406E+20,5.89253E+21,8.57213E+15,5.31814E+16
100655,100656,4,0,11,0,2016,6,13,1,3,5,3,0,0,0,1,0,1,0,0,4.71494E+20,5.89254E+21,8.57344E+15,5.31815E+16
100656,100657,4,0,11,0,2016,6,17,3,3,2,6,0,0,0,1,0,0,0,0,4.92197E+20,5.88458E+21,8.88344E+15,5.31106E+16
100657,100658,4,0,11,0,2016,5,19,5,3,5,2,0,0,1,1,0,0,0,0,4.92749E+20,5.87777E+21,8.89183E+15,5.30494E+16
100658,100659,4,0,11,0,2016,5,8,3,3,1,6,0,0,1,0,0,0,0,0,4.92938E+20,5.87892E+21,8.89463E+15,5.30597E+16
100659,100660,4,0,11,0,2016,5,11,2,3,2,6,0,0,0,1,0,0,0,0,4.85334E+20,5.88399E+21,8.78093E+15,5.31052E+16
100660,100661,4,0,11,0,2016,5,15,5,3,2,6,0,0,1,0,0,0,0,0,4.90043E+20,5.88394E+21,8.85128E+15,5.31048E+16
100661,100662,4,0,12,0,2016,4,8,5,3,5,6,0,0,1,1,0,0,0,0,4.72924E+20,5.93533E+21,8.59118E+15,5.35661E+16
100662,100663,4,0,11,0,2016,5,19,5,3,6,4,0,0,0,1,1,0,0,0,4.91574E+20,5.88153E+21,8.8742E+15,5.30831E+16
100663,100664,4,0,11,0,2016,5,11,5,3,5,2,0,0,1,1,0,0,0,0,4.87086E+20,5.88142E+21,8.8072E+15,5.30821E+16
100664,100665,4,0,11,0,2016,5,11,7,3,0,7,0,0,1,0,0,0,0,0,4.70199E+20,5.89312E+21,8.55402E+15,5.31866E+16
100665,100666,4,0,11,0,2016,5,10,1,3,0,1,0,1,1,0,0,0,0,0,4.93353E+20,5.88336E+21,8.90073E+15,5.30997E+16
100666,100667,4,0,12,0,2016,4,9,3,3,2,6,0,1,0,1,0,0,1,0,4.73171E+20,5.93135E+21,8.59525E+15,5.35304E+16
100667,100668,4,0,11,0,2016,6,12,7,2,7,1,0,0,0,1,0,0,0,0,4.74529E+20,5.8933E+21,8.6188E+15,5.31885E+16
100668,100669,4,0,11,0,2016,5,21,5,3,6,4,1,0,1,0,1,0,0,0,4.85637E+20,5.88019E+21,8.78562E+15,5.3071E+16
100669,100670,4,0,11,0,2016,4,17,3,3,5,2,0,1,1,1,0,0,0,0,4.71815E+20,5.89255E+21,8.57824E+15,5.31815E+16
100670,100671,4,0,11,0,2016,5,10,1,2,5,2,0,0,0,1,0,1,0,0,4.74256E+20,5.89284E+21,8.61475E+15,5.31843E+16
100671,100672,4,0,12,0,2016,6,12,7,3,5,2,0,0,1,1,0,0,0,0,4.72815E+20,5.93221E+21,8.58981E+15,5.35381E+16
100672,100673,4,0,11,0,2016,6,23,2,3,8,1,2,0,0,1,0,0,0,0,4.83311E+20,5.8795E+21,8.75094E+15,5.30647E+16
100673,100674,4,0,11,0,2016,5,9,3,3,0,7,0,0,1,0,0,0,1,0,4.80256E+20,5.89137E+21,8.70463E+15,5.31714E+16
100674,100675,4,0,11,0,2016,5,12,2,3,5,3,0,0,1,1,0,0,0,0,4.84171E+20,5.88442E+21,8.76354E+15,5.3109E+16
100675,100676,4,0,11,0,2016,5,12,1,3,2,6,0,0,0,1,0,0,0,0,4.96556E+20,5.87628E+21,8.94863E+15,5.3036E+16
100676,100677,4,0,11,0,2016,5,21,5,2,0,1,1,0,1,0,0,0,0,0,4.88131E+20,5.88052E+21,8.82284E+15,5.30741E+16
100677,100678,4,0,11,0,2016,5,13,5,3,2,6,0,0,0,1,0,0,0,0,4.87778E+20,5.87662E+21,8.81771E+15,5.3039E+16
100678,100679,4,0,11,0,2016,4,22,3,3,6,4,2,1,0,1,1,0,0,0,4.88721E+20,5.88131E+21,8.83162E+15,5.30811E+16
100679,100680,4,0,11,0,2016,4,8,3,3,5,3,0,1,0,1,0,0,0,1,4.96685E+20,5.87948E+21,8.95053E+15,5.30648E+16
100680,100681,4,0,11,0,2016,6,11,7,2,5,3,0,0,1,1,0,0,0,0,4.71255E+20,5.89408E+21,8.56974E+15,5.31953E+16
100681,100682,4,0,12,0,2016,6,12,5,3,0,6,0,0,1,1,0,0,0,0,4.72598E+20,5.93244E+21,8.58652E+15,5.35401E+16
100682,100683,4,0,11,0,2016,5,13,2,3,5,2,0,0,1,1,0,0,0,0,4.96019E+20,5.88091E+21,8.94057E+15,5.30776E+16
100683,100684,4,0,11,0,2016,5,21,5,3,0,1,2,0,1,0,0,0,0,0,4.89976E+20,5.88285E+21,8.8503E+15,5.3095E+16
100684,100685,4,0,11,0,2016,5,5,2,2,0,7,0,0,1,0,0,0,0,0,4.85451E+20,5.8839E+21,8.78268E+15,5.31044E+16
100685,100686,4,0,11,0,2016,5,18,1,3,4,6,0,0,0,1,1,0,0,0,4.87099E+20,5.89008E+21,8.80706E+15,5.316E+16
100686,100687,4,0,11,0,2016,5,9,1,2,5,3,0,1,1,1,0,0,0,0,4.88E+20,5.87733E+21,8.821E+15,5.30453E+16
100687,100688,4,0,11,0,2016,5,12,1,2,0,1,0,0,1,0,0,0,0,0,4.89797E+20,5.88264E+21,8.84764E+15,5.30931E+16
100688,100689,4,0,11,0,2016,5,13,5,3,5,3,0,0,1,0,0,0,0,1,4.9136E+20,5.87974E+21,8.87106E+15,5.30671E+16
100689,100690,4,0,11,0,2016,5,11,2,3,3,6,0,0,1,0,0,0,0,0,4.86344E+20,5.87986E+21,8.79619E+15,5.3068E+16
100690,100691,4,0,11,0,2016,5,14,2,3,1,7,0,0,1,1,0,0,0,0,4.91599E+20,5.88365E+21,8.87453E+15,5.31022E+16
100691,100692,4,0,11,0,2016,5,15,1,3,1,5,0,0,1,1,0,0,0,0,4.89487E+20,5.87846E+21,8.84314E+15,5.30555E+16
100692,100693,4,0,11,0,2016,5,5,5,3,0,1,0,0,1,0,0,0,0,0,4.86279E+20,5.88066E+21,8.79519E+15,5.30752E+16
100693,100694,4,0,11,0,2016,5,13,5,3,6,4,0,0,1,0,1,0,0,0,4.9046E+20,5.88123E+21,8.85758E+15,5.30805E+16
100694,100695,4,0,11,0,2016,4,14,3,2,5,3,0,0,0,1,0,0,1,0,4.92473E+20,5.87613E+21,8.88775E+15,5.30346E+16
100695,100696,4,0,11,0,2016,5,18,1,2,5,3,0,0,1,1,0,0,0,0,4.85102E+20,5.87941E+21,8.77768E+15,5.3064E+16
100696,100697,4,0,11,0,2016,6,13,6,3,5,3,0,0,1,1,0,0,0,0,4.86058E+20,5.88386E+21,8.79175E+15,5.3104E+16
100697,100698,4,0,11,0,2016,6,15,5,3,2,6,0,1,0,1,0,0,1,0,4.89804E+20,5.87793E+21,8.84789E+15,5.30507E+16
100698,100699,4,0,11,0,2016,5,11,2,3,5,3,0,0,1,0,0,0,0,1,4.90107E+20,5.88467E+21,8.85221E+15,5.31114E+16
100699,100700,4,0,12,0,2016,5,15,4,3,5,2,0,0,1,1,0,0,0,0,4.728E+20,5.93097E+21,8.58968E+15,5.35269E+16
100700,100701,4,0,12,0,2016,4,12,5,3,5,3,0,0,0,1,0,0,0,0,4.7153E+20,5.93374E+21,8.57028E+15,5.35518E+16
100701,100702,4,0,11,0,2016,5,18,5,3,1,7,0,0,0,1,0,0,0,0,4.83671E+20,5.88504E+21,8.75604E+15,5.31145E+16
100702,100703,4,0,11,0,2016,5,19,1,3,6,4,0,0,0,1,1,0,0,0,4.88851E+20,5.88279E+21,8.83351E+15,5.30944E+16
100703,100704,4,0,11,0,2016,5,18,5,3,5,2,0,0,1,1,0,0,0,0,4.8716E+20,5.8821E+21,8.80829E+15,5.30882E+16
100704,100705,4,0,12,0,2016,5,14,7,3,1,5,0,0,0,1,0,0,0,0,4.74862E+20,5.92926E+21,8.62093E+15,5.35117E+16
100705,100706,4,0,11,0,2016,4,12,7,3,2,6,0,1,0,1,0,0,0,0,4.85183E+20,5.88282E+21,8.77874E+15,5.30947E+16
100706,100707,4,0,11,0,2016,5,14,6,3,5,2,0,0,0,1,0,0,0,0,4.92581E+20,5.87611E+21,8.88937E+15,5.30345E+16
100707,100708,4,0,11,0,2016,4,14,3,3,1,5,0,0,1,1,0,0,0,0,4.86942E+20,5.88139E+21,8.80505E+15,5.30818E+16
100708,100709,4,0,11,0,2016,5,4,1,3,0,1,2,0,1,0,0,0,0,0,4.74339E+20,5.8918E+21,8.61608E+15,5.31749E+16
100709,100710,4,0,11,0,2016,6,14,1,3,4,6,0,0,1,0,0,0,0,0,4.86728E+20,5.88082E+21,8.80189E+15,5.30767E+16
100710,100711,4,0,11,0,2016,6,17,3,3,5,3,0,0,1,1,0,0,0,0,4.86436E+20,5.88126E+21,8.79751E+15,5.30807E+16
100711,100712,4,0,12,0,2016,5,15,4,3,2,6,0,0,0,1,0,0,0,0,4.73221E+20,5.93225E+21,8.59592E+15,5.35385E+16
100712,100713,4,0,11,0,2016,4,9,3,3,5,3,0,1,1,1,0,0,0,0,4.88405E+20,5.87704E+21,8.82706E+15,5.30427E+16
100713,100714,4,0,11,0,2016,5,20,1,2,0,1,1,1,0,0,0,1,0,0,4.86702E+20,5.88023E+21,8.80152E+15,5.30714E+16
100714,100715,4,0,12,0,2016,5,21,7,3,9,1,2,1,0,1,0,0,0,0,4.73357E+20,5.93566E+21,8.59769E+15,5.35692E+16
100715,100716,4,0,11,0,2016,6,13,2,3,4,6,0,0,1,0,0,0,0,0,4.87355E+20,5.8805E+21,8.81126E+15,5.30738E+16
100716,100717,4,0,11,0,2016,6,8,4,3,5,3,0,0,0,1,0,0,0,1,4.87877E+20,5.88471E+21,8.81889E+15,5.31117E+16
100717,100718,4,0,11,0,2016,6,15,6,3,2,6,0,0,0,1,0,0,0,0,4.85465E+20,5.87978E+21,8.78308E+15,5.30673E+16
100718,100719,4,0,11,0,2016,6,18,4,3,5,2,0,0,0,1,0,0,0,1,4.84022E+20,5.88508E+21,8.76127E+15,5.31149E+16
100719,100720,4,0,11,0,2016,5,14,2,2,0,7,0,0,1,0,0,0,0,0,4.79733E+20,5.89176E+21,8.69678E+15,5.31748E+16
100720,100721,4,0,11,0,2016,5,11,4,3,1,5,0,0,0,1,0,0,0,0,4.92562E+20,5.8844E+21,8.88889E+15,5.3109E+16
100721,100722,4,0,11,0,2016,5,17,5,3,4,6,0,0,1,0,0,0,0,0,4.74053E+20,5.89213E+21,8.61177E+15,5.31779E+16
100722,100723,4,0,11,0,2016,4,13,5,3,5,2,0,0,1,1,0,0,0,0,4.88392E+20,5.87611E+21,8.82689E+15,5.30344E+16
100723,100724,4,0,11,0,2016,5,18,5,3,6,7,0,0,1,0,1,0,0,0,4.8009E+20,5.89106E+21,8.70217E+15,5.31685E+16
100724,100725,4,0,11,0,2016,5,16,5,3,5,3,0,0,1,1,0,0,0,0,4.7456E+20,5.89294E+21,8.61929E+15,5.31852E+16
100725,100726,4,0,11,0,2016,5,22,7,3,2,6,2,0,0,1,0,0,0,0,4.88047E+20,5.88166E+21,8.82154E+15,5.30842E+16
100726,100727,4,0,11,0,2016,4,14,7,3,5,3,0,1,1,1,0,0,0,0,4.87743E+20,5.88128E+21,8.81702E+15,5.30808E+16
100727,100728,4,0,11,0,2016,5,13,6,3,5,2,0,0,1,1,0,0,0,0,4.90008E+20,5.88167E+21,8.85082E+15,5.30844E+16
100728,100729,4,0,11,0,2016,4,16,3,3,5,3,0,0,0,1,0,0,0,0,4.85648E+20,5.88362E+21,8.78564E+15,5.31018E+16
100729,100730,4,0,12,0,2016,5,10,7,2,1,1,0,0,0,1,0,0,0,0,4.73502E+20,5.92802E+21,8.60053E+15,5.35005E+16
100730,100731,4,0,11,0,2016,6,19,1,2,6,4,1,0,0,1,1,0,0,0,4.70931E+20,5.89434E+21,8.56486E+15,5.31976E+16
100731,100732,4,0,11,0,2016,6,9,3,3,5,2,0,0,1,1,0,0,0,0,4.88426E+20,5.88173E+21,8.82719E+15,5.30849E+16
100732,100733,4,0,11,0,2016,5,13,4,3,6,4,0,0,1,0,1,0,0,0,4.86933E+20,5.8813E+21,8.80492E+15,5.3081E+16
100733,100734,4,0,11,0,2016,5,11,3,3,0,7,0,0,1,0,0,0,1,0,4.90742E+20,5.88208E+21,8.86177E+15,5.30881E+16
100734,100735,4,0,11,0,2016,5,14,2,3,2,6,0,0,0,1,0,0,0,0,4.88979E+20,5.88086E+21,8.83548E+15,5.30771E+16
100735,100736,4,0,11,0,2016,5,20,5,3,0,2,1,0,0,1,0,0,0,1,4.86402E+20,5.88079E+21,8.79702E+15,5.30764E+16
100736,100737,4,0,11,0,2016,5,9,5,3,4,2,0,0,1,1,0,0,0,0,4.9067E+20,5.87964E+21,8.86076E+15,5.30662E+16
100737,100738,4,0,11,0,2016,6,15,4,3,0,7,0,0,0,1,0,0,0,1,4.90413E+20,5.88036E+21,8.8569E+15,5.30727E+16
100738,100739,4,0,11,0,2016,5,13,5,3,1,5,0,0,1,1,0,0,0,0,4.8703E+20,5.87952E+21,8.80644E+15,5.3065E+16
100739,100740,4,0,11,0,2016,4,15,5,3,2,6,0,0,0,1,0,1,0,0,4.83984E+20,5.88511E+21,8.76071E+15,5.31152E+16
100740,100741,4,0,11,0,2016,5,14,5,3,2,6,0,0,0,1,0,0,0,0,4.86785E+20,5.88117E+21,8.80273E+15,5.30799E+16
100741,100742,4,0,11,0,2016,5,0,7,3,5,3,2,0,1,1,0,0,0,0,4.88249E+20,5.87995E+21,8.82462E+15,5.30689E+16
100742,100743,4,0,11,0,2016,4,18,3,3,1,5,0,0,0,1,0,0,0,1,4.89631E+20,5.87991E+21,8.84524E+15,5.30686E+16
100743,100744,4,0,11,0,2016,6,12,7,3,1,5,0,0,1,1,0,0,0,0,4.9326E+20,5.87919E+21,8.89943E+15,5.30621E+16
100744,100745,4,0,11,0,2016,6,19,2,3,2,6,0,0,0,1,0,0,0,0,4.88243E+20,5.88169E+21,8.82447E+15,5.30845E+16
100745,100746,4,0,12,0,2016,5,10,2,3,2,6,0,0,0,1,0,1,0,0,4.73337E+20,5.93796E+21,8.59719E+15,5.35898E+16
100746,100747,4,0,11,0,2016,5,15,2,3,2,6,0,0,0,1,0,0,0,0,4.86545E+20,5.88363E+21,8.79904E+15,5.31019E+16
100747,100748,4,0,11,0,2016,4,6,7,3,0,1,1,1,0,1,0,0,0,0,4.89562E+20,5.88067E+21,8.8442E+15,5.30754E+16
100748,100749,4,0,11,0,2016,5,9,5,3,5,3,0,0,0,1,0,0,0,0,4.79785E+20,5.89165E+21,8.69756E+15,5.31738E+16
100749,100750,4,0,11,0,2016,5,15,5,3,5,3,0,0,1,1,0,0,0,0,4.80307E+20,5.89171E+21,8.70537E+15,5.31744E+16
100750,100751,4,0,11,0,2016,4,8,2,3,2,6,0,0,0,1,0,0,1,0,4.86543E+20,5.88404E+21,8.79899E+15,5.31056E+16
100751,100752,4,0,11,0,2016,4,16,2,3,2,2,0,1,1,1,0,0,0,0,4.74902E+20,5.89205E+21,8.62448E+15,5.31772E+16
100752,100753,4,0,11,0,2016,6,17,7,2,5,2,0,0,0,1,0,1,0,0,4.86413E+20,5.88078E+21,8.79718E+15,5.30763E+16
100753,100754,4,0,11,0,2016,6,13,5,3,5,3,0,0,1,1,0,0,0,0,4.94862E+20,5.87885E+21,8.92334E+15,5.30591E+16
100754,100755,4,0,11,0,2016,5,16,7,3,6,4,0,0,0,1,1,0,0,0,4.97555E+20,5.87873E+21,8.96352E+15,5.3058E+16
100755,100756,4,0,11,0,2016,4,8,2,3,1,1,0,0,1,1,0,0,0,0,4.88305E+20,5.88041E+21,8.82544E+15,5.3073E+16
100756,100757,4,0,11,0,2016,6,22,7,3,1,1,2,0,1,1,0,0,0,0,4.93603E+20,5.88636E+21,8.9044E+15,5.31266E+16
100757,100758,4,0,11,0,2016,5,15,2,3,2,6,0,0,0,1,0,0,0,0,4.90236E+20,5.88043E+21,8.85427E+15,5.30733E+16
100758,100759,4,0,11,0,2016,5,16,4,3,6,4,0,0,0,1,1,0,0,0,4.82462E+20,5.8871E+21,8.73786E+15,5.3133E+16
100759,100760,4,0,11,0,2016,5,17,2,3,2,6,0,1,0,1,0,0,0,0,4.9324E+20,5.88667E+21,8.89897E+15,5.31294E+16
100760,100761,4,0,11,0,2016,5,7,2,3,5,3,0,0,1,1,0,0,0,0,4.86413E+20,5.88035E+21,8.7972E+15,5.30725E+16
100761,100762,4,0,11,0,2016,4,9,7,3,5,2,0,1,0,1,0,0,0,0,4.8113E+20,5.8774E+21,8.71852E+15,5.30458E+16
100762,100763,4,0,12,0,2016,5,6,4,3,2,6,0,0,0,1,0,0,0,0,4.71139E+20,5.93436E+21,8.56431E+15,5.35574E+16
100763,100764,4,0,12,0,2016,5,16,6,3,2,6,0,0,1,1,0,0,0,0,4.72814E+20,5.93455E+21,8.58958E+15,5.35591E+16
100764,100765,4,0,12,0,2016,4,13,6,3,5,2,0,1,0,1,0,0,0,0,4.72935E+20,5.92989E+21,8.59181E+15,5.35172E+16
100765,100766,4,0,11,0,2016,5,16,5,3,5,3,0,0,1,0,0,0,0,0,4.86988E+20,5.88134E+21,8.80575E+15,5.30814E+16
100766,100767,4,0,11,0,2016,4,10,2,3,5,3,0,1,1,1,0,0,0,0,4.8112E+20,5.89192E+21,8.71752E+15,5.31763E+16
100767,100768,4,0,12,0,2016,5,14,7,3,4,6,0,0,0,1,0,0,0,1,4.73798E+20,5.93011E+21,8.60481E+15,5.35192E+16
100768,100769,4,0,12,0,2016,5,8,6,3,2,6,0,0,0,1,0,0,0,0,4.72411E+20,5.93412E+21,8.58354E+15,5.35552E+16
100769,100770,4,0,11,0,2016,6,14,6,3,5,3,0,0,1,0,0,1,0,0,4.96417E+20,5.88079E+21,8.94652E+15,5.30766E+16
100770,100771,4,0,12,0,2016,6,10,4,3,0,1,0,0,1,0,0,0,0,0,4.73845E+20,5.93811E+21,8.60484E+15,5.35911E+16
100771,100772,4,0,11,0,2016,5,9,2,3,2,2,0,0,0,1,0,1,0,0,4.88745E+20,5.87992E+21,8.83202E+15,5.30686E+16
100772,100773,4,0,11,0,2016,5,15,4,3,8,1,0,0,0,1,0,0,0,0,4.86391E+20,5.87992E+21,8.7969E+15,5.30686E+16
100773,100774,4,0,12,0,2016,5,17,4,3,2,6,0,0,0,1,0,0,0,0,4.73283E+20,5.9361E+21,8.59653E+15,5.35731E+16
100774,100775,4,0,11,0,2016,4,8,5,3,2,6,0,0,0,1,0,0,0,0,4.82741E+20,5.88685E+21,8.74204E+15,5.31308E+16
100775,100776,4,0,12,0,2016,5,8,4,3,5,3,0,0,0,1,0,0,0,0,4.73176E+20,5.92658E+21,8.59574E+15,5.34875E+16
100776,100777,4,0,11,0,2016,4,15,6,3,5,2,0,1,1,1,0,0,0,0,4.86929E+20,5.8813E+21,8.80487E+15,5.3081E+16
100777,100778,4,0,11,0,2016,5,13,5,3,2,3,0,0,0,1,0,0,0,0,4.70758E+20,5.89374E+21,8.56232E+15,5.31922E+16
100778,100779,4,0,11,0,2016,5,18,1,3,5,3,0,0,0,1,0,0,0,0,4.94713E+20,5.88175E+21,8.92107E+15,5.30852E+16
100779,100780,4,0,11,0,2016,5,14,4,3,0,7,0,0,0,1,0,0,0,0,4.78223E+20,5.89165E+21,8.6742E+15,5.31738E+16
100780,100781,4,0,12,0,2016,5,16,4,3,6,4,0,0,0,1,1,0,0,0,4.72337E+20,5.93255E+21,8.58256E+15,5.35412E+16
100781,100782,4,0,12,0,2016,5,12,1,3,3,6,0,1,0,1,0,1,0,0,4.72591E+20,5.93208E+21,8.58643E+15,5.35369E+16
100782,100783,4,0,11,0,2016,4,15,6,2,5,3,0,1,0,1,0,0,0,0,4.79865E+20,5.88801E+21,8.69898E+15,5.31411E+16
100783,100784,4,0,11,0,2016,5,9,5,3,0,7,0,0,1,0,0,0,0,0,4.90526E+20,5.87772E+21,8.85867E+15,5.30489E+16
100784,100785,4,0,11,0,2016,5,17,6,3,2,6,0,0,0,1,0,0,0,0,4.96755E+20,5.87871E+21,8.95158E+15,5.30579E+16
100785,100786,4,0,11,0,2016,4,18,6,2,6,4,0,1,0,1,1,0,0,0,4.9744E+20,5.87969E+21,8.9618E+15,5.30667E+16
100786,100787,4,0,12,0,2016,5,8,4,3,5,2,0,0,0,1,0,0,0,0,4.71468E+20,5.93371E+21,8.56935E+15,5.35515E+16
100787,100788,4,0,11,0,2016,4,13,2,3,5,3,0,1,1,1,0,0,0,0,4.93402E+20,5.88085E+21,8.90152E+15,5.3077E+16
100788,100789,4,0,12,0,2016,5,17,7,3,1,7,0,0,1,1,0,0,0,0,4.72624E+20,5.93227E+21,8.58692E+15,5.35386E+16
100789,100790,4,0,11,0,2016,6,20,2,3,9,1,0,0,0,1,0,1,0,0,4.89557E+20,5.87739E+21,8.84422E+15,5.30459E+16
100790,100791,4,0,12,0,2016,6,22,3,2,5,3,2,0,0,1,0,0,0,0,4.71723E+20,5.93321E+21,8.57324E+15,5.3547E+16
100791,100792,4,0,11,0,2016,5,23,4,3,5,3,2,0,0,1,0,0,0,0,4.86302E+20,5.87981E+21,8.79557E+15,5.30676E+16