FID,OBJECTID,ULAND,UREGBEZ,UKREIS,UGEMEINDE,UJAHR,UMONAT,USTUNDE,UWOCHENTAG,UKATEGORIE,UART,UTYP1,ULICHTVERH,IstStrasse,IstRad,IstPKW,IstFuss,IstKrad,IstGkfz,IstSonstig,LINREFX,LINREFY,XGCSWGS84,YGCSWGS84
100792,100793,4,0,12,0,2016,6,8,5,3,6,7,0,0,0,1,1,0,0,0,4.71717E+20,5.93379E+21,8.5731E+15,5.35522E+16
100793,100794,4,0,11,0,2016,6,17,4,3,6,4,0,0,0,1,1,0,0,0,4.8566E+20,5.88016E+21,8.78597E+15,5.30708E+16
100794,100795,4,0,11,0,2016,5,14,4,3,3,6,0,0,0,1,0,0,0,0,4.8241E+20,5.87747E+21,8.73761E+15,5.30464E+16
100795,100796,4,0,12,0,2016,5,17,4,3,0,1,0,0,1,1,0,0,0,0,4.72736E+20,5.93162E+21,8.58866E+15,5.35328E+16
100796,100797,4,0,11,0,2016,4,7,5,3,1,7,0,0,1,1,0,0,0,0,4.89398E+20,5.88011E+21,8.84176E+15,5.30704E+16
100797,100798,4,0,11,0,2016,5,15,5,3,2,6,0,0,0,1,0,0,0,0,4.80164E+20,5.89025E+21,8.70332E+15,5.31612E+16
100798,100799,4,0,11,0,2016,5,17,6,3,4,6,0,0,1,1,0,0,0,0,4.93021E+20,5.88514E+21,8.89573E+15,5.31156E+16
100799,100800,4,0,11,0,2016,4,8,6,3,5,3,0,0,1,1,0,0,0,0,4.86774E+20,5.88116E+21,8.80256E+15,5.30798E+16
100800,100801,4,0,11,0,2016,5,18,6,3,2,6,0,0,0,1,0,0,0,0,4.71589E+20,5.8938E+21,8.57476E+15,5.31927E+16
100801,100802,4,0,11,0,2016,4,16,2,3,0,7,0,1,0,0,0,0,0,1,4.69451E+20,5.89351E+21,8.54278E+15,5.31901E+16
100802,100803,4,0,11,0,2016,5,14,7,3,5,2,0,0,1,1,0,0,0,0,4.92757E+20,5.87761E+21,8.89196E+15,5.30479E+16
100803,100804,4,0,12,0,2016,6,11,7,3,6,4,0,0,0,1,1,0,0,0,4.7351E+20,5.93113E+21,8.60038E+15,5.35284E+16
100804,100805,4,0,11,0,2016,6,11,2,3,4,6,0,0,1,0,0,0,0,0,4.86589E+20,5.88101E+21,8.79981E+15,5.30784E+16
100805,100806,4,0,12,0,2016,5,10,4,3,5,3,0,0,1,1,0,0,0,0,4.74234E+20,5.93865E+21,8.61069E+15,5.3596E+16
100806,100807,4,0,11,0,2016,5,20,6,3,8,1,0,0,1,0,0,0,0,0,4.89105E+20,5.88006E+21,8.8374E+15,5.30699E+16
100807,100808,4,0,11,0,2016,4,14,6,3,6,4,0,0,0,1,1,0,0,0,4.82066E+20,5.87679E+21,8.73252E+15,5.30403E+16
100808,100809,4,0,11,0,2016,5,19,6,3,0,1,0,0,1,0,0,0,0,0,4.88602E+20,5.88027E+21,8.82988E+15,5.30718E+16
100809,100810,4,0,11,0,2016,4,7,2,3,5,2,0,0,1,0,0,0,1,0,4.87926E+20,5.87774E+21,8.81988E+15,5.3049E+16
100810,100811,4,0,11,0,2016,5,9,7,3,7,3,0,0,0,0,0,0,0,1,4.86914E+20,5.88183E+21,8.80462E+15,5.30858E+16
100811,100812,4,0,11,0,2016,6,10,1,3,5,3,0,0,1,1,0,0,0,0,4.90795E+20,5.88332E+21,8.86253E+15,5.30993E+16
100812,100813,4,0,11,0,2016,6,10,3,3,2,6,0,0,0,1,0,0,0,0,4.83275E+20,5.88607E+21,8.75007E+15,5.31238E+16
100813,100814,4,0,11,0,2016,5,14,4,2,5,3,0,0,1,0,0,0,0,1,4.88238E+20,5.88167E+21,8.8244E+15,5.30844E+16
100814,100815,4,0,11,0,2016,5,19,3,3,5,3,0,0,1,1,0,0,0,0,4.87661E+20,5.87708E+21,8.81596E+15,5.30431E+16
100815,100816,4,0,12,0,2016,5,8,7,3,2,6,0,0,0,1,0,0,0,0,4.75605E+20,5.93137E+21,8.63197E+15,5.35307E+16
100816,100817,4,0,11,0,2016,5,14,4,3,2,6,0,0,0,1,0,0,0,0,4.91168E+20,5.88042E+21,8.86817E+15,5.30732E+16
100817,100818,4,0,11,0,2016,4,10,5,3,5,2,0,0,1,1,0,0,0,0,4.88842E+20,5.88137E+21,8.83342E+15,5.30817E+16
100818,100819,4,0,11,0,2016,5,17,5,3,5,3,0,0,1,1,0,0,0,0,4.85924E+20,5.88024E+21,8.7899E+15,5.30714E+16
100819,100820,4,0,11,0,2016,5,16,6,3,4,6,0,0,0,1,0,0,0,0,4.87011E+20,5.88115E+21,8.80609E+15,5.30797E+16
100820,100821,4,0,11,0,2016,4,18,2,3,2,6,0,1,0,1,0,0,0,0,4.87494E+20,5.88124E+21,8.8133E+15,5.30805E+16
100821,100822,4,0,11,0,2016,6,13,7,3,5,3,0,0,1,1,0,0,0,0,4.90411E+20,5.88034E+21,8.85688E+15,5.30724E+16
100822,100823,4,0,11,0,2016,5,13,2,3,2,6,0,0,1,1,0,0,0,0,4.87758E+20,5.88108E+21,8.81726E+15,5.3079E+16
100823,100824,4,0,11,0,2016,5,13,7,3,0,1,0,0,1,0,0,0,0,0,4.88429E+20,5.88037E+21,8.82729E+15,5.30727E+16
100824,100825,4,0,11,0,2016,4,14,6,3,5,3,0,1,0,1,0,1,0,0,4.90964E+20,5.87971E+21,8.86514E+15,5.30668E+16
100825,100826,4,0,11,0,2016,5,13,4,3,5,2,0,0,0,1,0,0,0,1,4.86402E+20,5.88079E+21,8.79702E+15,5.30764E+16
100826,100827,4,0,11,0,2016,5,15,4,3,1,1,0,0,1,1,0,0,0,0,4.90644E+20,5.87952E+21,8.86038E+15,5.30651E+16
100827,100828,4,0,11,0,2016,5,13,3,3,5,2,0,0,0,1,0,0,0,1,4.96664E+20,5.87926E+21,8.95022E+15,5.30628E+16
100828,100829,4,0,11,0,2016,5,11,7,3,6,4,2,0,0,0,1,0,0,1,4.96745E+20,5.87983E+21,8.95142E+15,5.3068E+16
100829,100830,4,0,11,0,2016,5,21,4,3,5,3,1,0,1,1,0,0,0,0,4.92788E+20,5.88112E+21,8.89234E+15,5.30795E+16
100830,100831,4,0,11,0,2016,4,21,5,3,5,3,2,0,0,1,0,0,0,0,4.89962E+20,5.88474E+21,8.85003E+15,5.3112E+16
100831,100832,4,0,11,0,2016,5,7,4,3,2,6,0,0,0,1,0,0,0,0,4.84992E+20,5.88327E+21,8.77586E+15,5.30987E+16
100832,100833,4,0,11,0,2016,4,10,2,3,0,7,0,1,0,0,0,0,0,1,4.78153E+20,5.89168E+21,8.67315E+15,5.3174E+16
100833,100834,4,0,11,0,2016,4,14,2,3,0,1,0,1,0,0,0,1,0,0,4.91267E+20,5.87942E+21,8.86968E+15,5.30642E+16
100834,100835,4,0,11,0,2016,6,22,7,3,0,1,2,0,1,0,0,0,0,0,4.96976E+20,5.88064E+21,8.95487E+15,5.30752E+16
100835,100836,4,0,11,0,2016,5,11,7,3,5,3,0,0,0,1,0,0,0,1,4.83193E+20,5.88619E+21,8.74884E+15,5.31249E+16
100836,100837,4,0,11,0,2016,5,13,3,3,2,6,0,0,0,0,0,0,0,1,4.87886E+20,5.88301E+21,8.81909E+15,5.30964E+16
100837,100838,4,0,11,0,2016,5,18,2,3,5,2,0,0,1,1,0,0,0,0,4.89102E+20,5.88083E+21,8.83733E+15,5.30768E+16
100838,100839,4,0,11,0,2016,5,12,7,3,5,3,0,0,0,1,0,1,0,0,4.70431E+20,5.89345E+21,8.55745E+15,5.31895E+16
100839,100840,4,0,11,0,2016,4,8,6,3,5,3,0,0,0,1,0,0,0,0,4.94193E+20,5.87862E+21,8.91336E+15,5.3057E+16
100840,100841,4,0,11,0,2016,5,9,4,3,0,1,0,0,1,0,0,0,0,0,4.88907E+20,5.8814E+21,8.83439E+15,5.30819E+16
100841,100842,4,0,11,0,2016,5,19,6,3,5,3,0,0,1,1,0,0,0,0,4.71818E+20,5.89307E+21,8.57824E+15,5.31863E+16
100842,100843,4,0,11,0,2016,4,15,5,3,0,7,0,0,1,1,0,0,0,0,4.83799E+20,5.8858E+21,8.75791E+15,5.31214E+16
100843,100844,4,0,11,0,2016,5,17,4,2,0,7,0,0,0,0,0,0,1,0,4.858E+20,5.882E+21,8.78798E+15,5.30872E+16
100844,100845,4,0,11,0,2016,4,7,2,2,5,2,0,0,1,1,0,0,0,0,4.9291E+20,5.87792E+21,8.89423E+15,5.30507E+16
100845,100846,4,0,11,0,2016,5,21,7,3,5,3,2,0,0,1,0,0,0,0,4.809E+20,5.89236E+21,8.7142E+15,5.31802E+16
100846,100847,4,0,11,0,2016,5,15,6,3,5,3,0,0,1,1,0,0,0,0,4.89096E+20,5.87649E+21,8.83738E+15,5.30378E+16
100847,100848,4,0,11,0,2016,6,14,2,3,5,3,0,0,1,1,0,0,0,0,4.83436E+20,5.88479E+21,8.75253E+15,5.31123E+16
100848,100849,4,0,11,0,2016,5,14,4,3,4,7,0,0,1,0,0,0,0,0,4.96304E+20,5.87657E+21,8.94488E+15,5.30387E+16
100849,100850,4,0,11,0,2016,4,15,1,2,5,2,0,0,0,1,0,1,0,0,4.94557E+20,5.87891E+21,8.91878E+15,5.30596E+16
100850,100851,4,0,12,0,2016,6,21,6,3,2,6,0,0,0,1,0,0,0,0,4.73496E+20,5.93119E+21,8.60017E+15,5.35289E+16
100851,100852,4,0,11,0,2016,6,9,5,3,0,1,0,0,1,0,0,0,0,0,4.75658E+20,5.89289E+21,8.63573E+15,5.31848E+16
100852,100853,4,0,11,0,2016,5,21,7,3,0,7,2,0,1,0,0,0,0,0,4.87613E+20,5.88013E+21,8.81512E+15,5.30705E+16
100853,100854,4,0,11,0,2016,5,10,3,3,0,3,0,1,0,0,0,1,0,1,4.84771E+20,5.88443E+21,8.7725E+15,5.31091E+16
100854,100855,4,0,11,0,2016,5,15,4,3,0,1,0,0,1,0,0,0,0,0,4.85849E+20,5.88275E+21,8.78868E+15,5.3094E+16
100855,100856,4,0,11,0,2016,4,17,5,3,0,1,0,0,1,0,0,0,0,0,4.92561E+20,5.88328E+21,8.8889E+15,5.30989E+16
100856,100857,4,0,11,0,2016,5,13,5,2,0,7,0,0,0,0,0,0,1,0,4.96125E+20,5.88186E+21,8.94215E+15,5.30862E+16
100857,100858,4,0,11,0,2016,5,7,6,3,5,3,0,0,1,1,0,0,0,0,4.87747E+20,5.88105E+21,8.81708E+15,5.30788E+16
100858,100859,4,0,11,0,2016,4,7,5,3,0,1,0,1,0,0,0,1,0,0,4.85986E+20,5.88055E+21,8.79082E+15,5.30743E+16
100859,100860,4,0,11,0,2016,5,8,4,3,5,3,0,0,1,1,0,0,0,0,4.91028E+20,5.8801E+21,8.86609E+15,5.30703E+16
100860,100861,4,0,12,0,2016,4,19,7,3,2,6,0,0,0,1,0,0,0,0,4.73101E+20,5.93361E+21,8.594E+15,5.35507E+16
100861,100862,4,0,11,0,2016,5,19,7,3,1,1,0,0,1,0,0,0,0,1,4.85412E+20,5.88296E+21,8.78214E+15,5.30959E+16
100862,100863,4,0,11,0,2016,6,11,1,3,5,3,0,0,0,1,0,0,0,0,4.88707E+20,5.87641E+21,8.83158E+15,5.30371E+16
100863,100864,4,0,12,0,2016,6,9,3,3,4,6,0,0,1,1,0,0,0,0,4.72837E+20,5.93542E+21,8.58985E+15,5.3567E+16
100864,100865,4,0,11,0,2016,5,13,3,3,2,6,0,1,0,1,0,0,0,0,4.80478E+20,5.89194E+21,8.70792E+15,5.31764E+16
100865,100866,4,0,11,0,2016,6,11,4,3,2,6,0,0,0,1,0,0,0,0,4.97183E+20,5.87771E+21,8.95798E+15,5.30488E+16
100866,100867,4,0,11,0,2016,5,6,3,3,5,3,0,1,1,1,0,0,0,0,4.80249E+20,5.88955E+21,8.70463E+15,5.31549E+16
100867,100868,4,0,11,0,2016,5,8,4,3,4,6,0,0,1,1,0,0,0,0,4.75178E+20,5.8932E+21,8.62852E+15,5.31875E+16
100868,100869,4,0,11,0,2016,4,17,5,3,2,6,0,0,0,1,0,0,0,0,4.86144E+20,5.87964E+21,8.79322E+15,5.30661E+16
100869,100870,4,0,11,0,2016,6,7,6,3,5,3,0,0,1,1,0,0,0,0,4.86295E+20,5.88065E+21,8.79543E+15,5.30751E+16
100870,100871,4,0,11,0,2016,6,12,4,3,5,3,0,0,1,1,0,0,0,0,4.87022E+20,5.88167E+21,8.80623E+15,5.30843E+16
100871,100872,4,0,11,0,2016,5,19,7,3,0,7,0,0,1,0,0,0,0,0,4.88889E+20,5.88191E+21,8.8341E+15,5.30866E+16
100872,100873,4,0,11,0,2016,5,19,3,3,5,3,0,0,1,1,0,0,0,0,4.87004E+20,5.88205E+21,8.80595E+15,5.30877E+16
100873,100874,4,0,11,0,2016,5,17,4,2,5,2,0,0,1,1,0,0,0,0,4.88577E+20,5.88124E+21,8.82948E+15,5.30805E+16
100874,100875,4,0,11,0,2016,4,13,5,3,2,6,0,0,0,1,0,0,0,0,4.94791E+20,5.87647E+21,8.92232E+15,5.30377E+16
100875,100876,4,0,11,0,2016,5,16,5,3,2,6,0,0,0,1,0,0,0,0,4.95565E+20,5.87984E+21,8.93381E+15,5.3068E+16
100876,100877,4,0,11,0,2016,5,14,4,3,5,3,0,0,0,1,0,0,0,1,4.91166E+20,5.8793E+21,8.86817E+15,5.30631E+16
100877,100878,4,0,11,0,2016,5,12,6,2,5,3,0,0,1,1,0,0,0,0,4.92408E+20,5.88109E+21,8.88666E+15,5.30792E+16
100878,100879,4,0,11,0,2016,4,11,5,3,2,6,0,1,0,1,0,0,0,1,4.84052E+20,5.88505E+21,8.76173E+15,5.31146E+16
100879,100880,4,0,11,0,2016,5,12,6,3,2,6,0,0,0,1,0,0,0,0,4.93271E+20,5.88108E+21,8.89954E+15,5.30792E+16
100880,100881,4,0,11,0,2016,4,19,7,2,5,3,0,0,1,1,0,0,0,0,4.85645E+20,5.87948E+21,8.78578E+15,5.30647E+16
100881,100882,4,0,11,0,2016,5,13,7,3,5,2,0,0,0,1,0,1,0,0,4.8099E+20,5.87859E+21,8.71637E+15,5.30565E+16
100882,100883,4,0,11,0,2016,6,14,1,3,6,4,0,0,0,0,1,0,0,1,4.88858E+20,5.88019E+21,8.8337E+15,5.3071E+16
100883,100884,4,0,11,0,2016,6,8,3,3,1,5,0,0,1,1,0,0,0,0,4.91441E+20,5.88322E+21,8.87218E+15,5.30984E+16
100884,100885,4,0,11,0,2016,5,7,3,3,0,1,0,1,0,0,0,1,0,0,4.80747E+20,5.88852E+21,8.71215E+15,5.31457E+16
100885,100886,4,0,11,0,2016,5,8,3,2,1,1,0,0,0,1,0,0,0,0,4.88515E+20,5.87994E+21,8.82859E+15,5.30688E+16
100886,100887,4,0,12,0,2016,5,11,6,3,2,6,0,0,0,1,0,1,0,0,4.732E+20,5.92911E+21,8.59588E+15,5.35102E+16
100887,100888,4,0,11,0,2016,5,19,3,2,5,3,0,0,1,0,0,0,0,1,4.90141E+20,5.88391E+21,8.85274E+15,5.31045E+16
100888,100889,4,0,11,0,2016,4,20,4,3,5,2,1,0,1,1,0,0,0,0,4.85832E+20,5.88325E+21,8.78841E+15,5.30985E+16
100889,100890,4,0,11,0,2016,5,16,4,3,6,4,0,0,0,1,1,0,0,0,4.92699E+20,5.88528E+21,8.89091E+15,5.31169E+16
100890,100891,4,0,11,0,2016,5,8,5,3,5,3,0,0,1,1,0,0,0,0,4.93419E+20,5.88441E+21,8.9017E+15,5.31091E+16
100891,100892,4,0,11,0,2016,5,18,6,3,5,3,0,0,1,0,0,0,0,0,4.87007E+20,5.87955E+21,8.8061E+15,5.30653E+16
100892,100893,4,0,11,0,2016,4,17,7,3,0,7,0,0,1,0,0,0,0,0,4.88264E+20,5.88064E+21,8.82481E+15,5.30751E+16
100893,100894,4,0,12,0,2016,5,17,3,2,5,3,0,0,1,1,0,0,0,0,4.72768E+20,5.93241E+21,8.58908E+15,5.35399E+16
100894,100895,4,0,11,0,2016,5,20,6,3,5,2,1,0,1,1,0,0,0,0,4.88674E+20,5.88023E+21,8.83096E+15,5.30714E+16
100895,100896,4,0,11,0,2016,4,13,7,3,5,3,0,0,1,1,0,0,0,0,4.84421E+20,5.87909E+21,8.76753E+15,5.30611E+16
100896,100897,4,0,11,0,2016,5,21,7,3,6,4,2,0,0,1,1,0,0,0,4.88936E+20,5.8843E+21,8.83473E+15,5.3108E+16
100897,100898,4,0,11,0,2016,6,20,7,3,6,4,0,0,0,1,1,0,0,0,4.83741E+20,5.8852E+21,8.75707E+15,5.31159E+16
100898,100899,4,0,11,0,2016,6,18,2,3,1,1,0,0,1,1,0,0,0,0,4.89306E+20,5.8818E+21,8.84033E+15,5.30855E+16
100899,100900,4,0,12,0,2016,5,14,2,3,5,3,0,0,1,1,0,0,0,0,4.72235E+20,5.93368E+21,8.58092E+15,5.35513E+16
100900,100901,4,0,12,0,2016,5,8,6,3,7,1,0,0,0,0,0,0,0,1,4.72155E+20,5.93215E+21,8.57985E+15,5.35375E+16
100901,100902,4,0,11,0,2016,4,12,5,3,5,3,0,0,1,1,0,0,0,0,4.85862E+20,5.88389E+21,8.78883E+15,5.31042E+16
100902,100903,4,0,11,0,2016,5,20,3,3,6,4,1,0,0,1,1,0,0,0,4.81201E+20,5.87736E+21,8.71958E+15,5.30454E+16
100903,100904,4,0,12,0,2016,5,14,3,2,6,4,0,1,0,1,1,0,0,0,4.73529E+20,5.93101E+21,8.60068E+15,5.35274E+16
100904,100905,4,0,11,0,2016,4,16,7,3,0,7,0,0,1,0,0,0,0,1,4.86395E+20,5.88282E+21,8.79683E+15,5.30947E+16
100905,100906,4,0,11,0,2016,4,0,7,2,6,4,2,0,0,1,1,0,0,0,4.81192E+20,5.89217E+21,8.71858E+15,5.31786E+16
100906,100907,4,0,11,0,2016,6,12,7,3,8,7,0,0,1,0,0,0,0,0,4.82665E+20,5.89039E+21,8.74072E+15,5.31626E+16
100907,100908,4,0,12,0,2016,6,9,5,3,5,2,0,0,1,1,0,0,0,0,4.7241E+20,5.93412E+21,8.58352E+15,5.35552E+16
100908,100909,4,0,12,0,2016,5,10,6,3,5,3,0,0,0,1,0,0,0,0,4.75273E+20,5.93236E+21,8.62688E+15,5.35395E+16
100909,100910,4,0,11,0,2016,5,7,2,3,5,3,0,0,1,1,0,0,0,0,4.83859E+20,5.88556E+21,8.75883E+15,5.31192E+16
100910,100911,4,0,12,0,2016,5,21,3,3,4,6,1,0,0,1,0,0,0,0,4.71426E+20,5.93417E+21,8.56866E+15,5.35556E+16
100911,100912,4,0,12,0,2016,5,11,1,3,0,1,0,1,1,0,0,0,0,0,4.70444E+20,5.93676E+21,8.5536E+15,5.35789E+16
100912,100913,4,0,11,0,2016,6,18,7,3,0,7,0,0,1,0,0,0,0,0,4.90524E+20,5.87772E+21,8.85864E+15,5.30489E+16
100913,100914,4,0,12,0,2016,5,18,6,3,8,1,0,0,0,0,0,1,0,0,4.75192E+20,5.93084E+21,8.62578E+15,5.35259E+16
100914,100915,4,0,11,0,2016,5,19,2,3,0,7,1,0,1,1,0,0,0,0,4.85917E+20,5.88377E+21,8.78965E+15,5.31032E+16
100915,100916,4,0,11,0,2016,5,13,2,3,5,2,0,0,0,1,0,1,0,0,4.85848E+20,5.8838E+21,8.78861E+15,5.31034E+16
100916,100917,4,0,12,0,2016,5,14,6,2,7,1,0,0,1,0,0,0,0,0,4.73094E+20,5.93482E+21,8.59378E+15,5.35616E+16
100917,100918,4,0,11,0,2016,4,7,5,3,0,1,1,1,0,0,0,1,0,0,4.70439E+20,5.89345E+21,8.55758E+15,5.31896E+16
100918,100919,4,0,11,0,2016,5,16,3,3,5,3,0,0,1,0,0,0,0,0,4.87342E+20,5.87908E+21,8.81112E+15,5.30611E+16
100919,100920,4,0,11,0,2016,4,15,5,3,0,6,0,0,0,1,0,0,0,1,4.80581E+20,5.89098E+21,8.70952E+15,5.31679E+16
100920,100921,4,0,11,0,2016,5,17,3,3,5,3,0,0,0,1,0,0,0,1,4.88868E+20,5.8802E+21,8.83386E+15,5.30712E+16
100921,100922,4,0,11,0,2016,4,16,6,3,5,2,0,0,1,1,0,0,0,0,4.92492E+20,5.88441E+21,8.88784E+15,5.3109E+16
100922,100923,4,0,11,0,2016,5,11,6,3,6,4,0,0,0,1,1,0,0,0,4.86724E+20,5.87983E+21,8.80187E+15,5.30678E+16
100923,100924,4,0,11,0,2016,6,10,6,3,2,6,0,0,0,1,0,0,0,1,4.82481E+20,5.87849E+21,8.73861E+15,5.30556E+16
100924,100925,4,0,11,0,2016,6,10,5,3,5,3,0,0,1,1,0,0,0,0,4.90678E+20,5.87781E+21,8.86093E+15,5.30497E+16
100925,100926,4,0,11,0,2016,5,9,6,2,2,6,0,0,0,1,0,0,1,0,4.8529E+20,5.88004E+21,8.78046E+15,5.30696E+16
100926,100927,4,0,11,0,2016,5,18,2,3,6,4,0,0,0,1,1,0,0,0,4.89804E+20,5.87963E+21,8.84783E+15,5.3066E+16
100927,100928,4,0,11,0,2016,4,10,4,2,0,1,0,0,0,1,0,0,0,0,4.80188E+20,5.89115E+21,8.70362E+15,5.31693E+16
100928,100929,4,0,11,0,2016,5,16,7,3,5,3,0,0,1,1,0,0,0,0,4.93053E+20,5.88109E+21,8.8963E+15,5.30792E+16
100929,100930,4,0,11,0,2016,7,16,1,3,4,6,0,0,0,1,0,0,0,0,4.79719E+20,5.89205E+21,8.69656E+15,5.31774E+16
100930,100931,4,0,11,0,2016,7,17,6,3,0,1,0,1,1,0,0,0,0,0,4.82128E+20,5.89153E+21,8.73263E+15,5.31728E+16
100931,100932,4,0,11,0,2016,6,11,2,3,2,7,0,1,0,1,0,0,0,1,4.77791E+20,5.8918E+21,8.66772E+15,5.31751E+16
100932,100933,4,0,11,0,2016,6,10,6,3,2,6,0,1,0,1,0,0,0,0,4.75693E+20,5.89287E+21,8.63625E+15,5.31846E+16
100933,100934,4,0,11,0,2016,7,15,3,3,5,3,0,1,0,1,0,1,0,0,4.80347E+20,5.88993E+21,8.70608E+15,5.31584E+16
100934,100935,4,0,11,0,2016,6,8,2,3,5,3,0,0,1,1,0,0,0,0,4.86504E+20,5.88109E+21,8.79853E+15,5.30791E+16
100935,100936,4,0,11,0,2016,6,20,6,3,5,3,1,0,0,1,0,0,0,0,4.90112E+20,5.88016E+21,8.85242E+15,5.30708E+16
100936,100937,4,0,12,0,2016,6,12,3,3,6,4,0,0,0,1,1,0,0,0,4.7343E+20,5.93142E+21,8.59915E+15,5.3531E+16
100937,100938,4,0,11,0,2016,6,9,4,3,5,3,0,0,0,1,0,0,0,0,4.87278E+20,5.88163E+21,8.81007E+15,5.3084E+16
100938,100939,4,0,11,0,2016,6,21,5,3,5,3,1,0,0,1,0,1,0,0,4.83891E+20,5.88519E+21,8.75932E+15,5.31159E+16
100939,100940,4,0,11,0,2016,6,12,7,3,5,3,0,1,1,1,0,0,0,0,4.88763E+20,5.87601E+21,8.83243E+15,5.30335E+16
100940,100941,4,0,11,0,2016,6,11,5,3,5,2,0,0,1,1,0,0,0,0,4.90329E+20,5.88002E+21,8.85566E+15,5.30696E+16
100941,100942,4,0,11,0,2016,6,14,4,3,1,1,0,0,1,1,0,0,0,0,4.80148E+20,5.89142E+21,8.70301E+15,5.31718E+16
100942,100943,4,0,11,0,2016,7,15,6,3,2,6,0,1,0,1,0,0,0,0,4.85142E+20,5.88412E+21,8.77805E+15,5.31063E+16
100943,100944,4,0,12,0,2016,7,7,3,1,4,1,0,0,0,1,0,0,0,1,4.72984E+20,5.92974E+21,8.59257E+15,5.35159E+16
100944,100945,4,0,11,0,2016,6,16,5,3,2,2,0,0,0,1,0,0,0,0,4.83693E+20,5.88547E+21,8.75634E+15,5.31184E+16
100945,100946,4,0,11,0,2016,6,9,5,3,5,2,0,0,1,1,0,0,0,0,4.87167E+20,5.88283E+21,8.80835E+15,5.30947E+16
100946,100947,4,0,11,0,2016,6,8,2,3,2,6,0,0,0,1,0,0,0,0,4.86252E+20,5.88061E+21,8.79479E+15,5.30748E+16
100947,100948,4,0,11,0,2016,6,13,3,3,5,1,0,0,1,1,0,0,0,0,4.70136E+20,5.89399E+21,8.55299E+15,5.31944E+16
100948,100949,4,0,11,0,2016,6,12,4,3,5,2,0,0,1,1,0,0,0,0,4.8896E+20,5.88246E+21,8.83515E+15,5.30915E+16
100949,100950,4,0,11,0,2016,7,13,6,3,5,3,0,0,1,1,0,0,0,0,4.86571E+20,5.88171E+21,8.79951E+15,5.30847E+16
100950,100951,4,0,12,0,2016,6,14,4,3,6,7,0,0,0,1,1,0,0,0,4.73385E+20,5.93132E+21,8.59848E+15,5.35301E+16
100951,100952,4,0,11,0,2016,6,19,6,3,2,6,0,1,0,1,0,0,0,0,4.84837E+20,5.8813E+21,8.77364E+15,5.30809E+16
100952,100953,4,0,11,0,2016,6,9,5,3,6,4,0,0,0,1,1,0,0,0,4.93485E+20,5.88637E+21,8.90264E+15,5.31267E+16
100953,100954,4,0,11,0,2016,7,18,3,3,6,1,0,0,0,1,1,0,0,0,4.84529E+20,5.88152E+21,8.76902E+15,5.30829E+16
100954,100955,4,0,12,0,2016,7,9,2,3,1,5,0,0,0,1,0,0,0,0,4.727E+20,5.93516E+21,8.58781E+15,5.35646E+16
100955,100956,4,0,11,0,2016,6,19,3,2,5,3,0,0,0,1,0,0,0,0,4.71389E+20,5.89348E+21,8.57179E+15,5.31899E+16
100956,100957,4,0,12,0,2016,7,14,1,3,2,6,0,0,0,1,0,1,0,0,4.73156E+20,5.92924E+21,8.59521E+15,5.35114E+16
100957,100958,4,0,11,0,2016,6,11,2,3,5,2,0,0,0,1,0,0,1,0,4.84114E+20,5.87899E+21,8.76296E+15,5.30601E+16
100958,100959,4,0,11,0,2016,7,20,4,3,1,1,0,0,1,1,0,0,0,0,4.82682E+20,5.8864E+21,8.74119E+15,5.31267E+16
100959,100960,4,0,11,0,2016,6,22,3,3,1,5,1,1,0,1,0,0,0,0,4.83677E+20,5.88514E+21,8.75612E+15,5.31155E+16
100960,100961,4,0,12,0,2016,7,11,5,3,5,3,0,0,0,1,0,0,0,0,4.72145E+20,5.93384E+21,8.57955E+15,5.35527E+16
100961,100962,4,0,12,0,2016,6,22,1,3,5,3,2,1,0,1,0,0,0,0,4.73598E+20,5.93058E+21,8.60175E+15,5.35234E+16
100962,100963,4,0,11,0,2016,7,11,5,3,5,3,0,0,1,1,0,0,0,0,4.86659E+20,5.8799E+21,8.8009E+15,5.30684E+16
100963,100964,4,0,11,0,2016,6,16,5,3,6,4,0,0,0,1,1,0,0,0,4.86576E+20,5.87903E+21,8.7997E+15,5.30606E+16
100964,100965,4,0,12,0,2016,6,6,2,3,4,2,0,0,1,1,0,0,0,0,4.73383E+20,5.93153E+21,8.59843E+15,5.3532E+16
100965,100966,4,0,11,0,2016,6,12,4,3,0,7,0,0,1,1,0,0,0,0,4.97168E+20,5.878E+21,8.95774E+15,5.30515E+16
100966,100967,4,0,12,0,2016,7,14,2,3,4,2,0,0,0,1,0,1,0,0,4.72582E+20,5.93209E+21,8.5863E+15,5.3537E+16
100967,100968,4,0,11,0,2016,7,9,2,3,3,2,0,0,1,1,0,0,0,0,4.86676E+20,5.88106E+21,8.80109E+15,5.30789E+16
100968,100969,4,0,11,0,2016,7,8,7,3,3,6,0,0,0,1,0,0,0,0,4.72598E+20,5.89274E+21,8.58995E+15,5.31833E+16
100969,100970,4,0,12,0,2016,6,10,1,3,4,2,0,1,1,1,0,0,0,0,4.73351E+20,5.93783E+21,8.59741E+15,5.35887E+16
100970,100971,4,0,11,0,2016,6,11,6,3,5,3,0,0,1,1,0,0,0,0,4.97454E+20,5.87898E+21,8.96201E+15,5.30603E+16