FID,OBJECTID,ULAND,UREGBEZ,UKREIS,UGEMEINDE,UJAHR,UMONAT,USTUNDE,UWOCHENTAG,UKATEGORIE,UART,UTYP1,ULICHTVERH,IstStrasse,IstRad,IstPKW,IstFuss,IstKrad,IstGkfz,IstSonstig,LINREFX,LINREFY,XGCSWGS84,YGCSWGS84
100971,100972,4,0,11,0,2016,7,12,4,2,6,4,0,0,1,0,1,0,0,0,4.96753E+20,5.87843E+21,8.95156E+15,5.30554E+16
100972,100973,4,0,11,0,2016,6,8,2,3,5,3,0,0,0,1,0,0,0,0,4.90185E+20,5.8795E+21,8.85353E+15,5.30649E+16
100973,100974,4,0,11,0,2016,6,19,6,3,1,7,0,0,1,1,0,0,0,0,4.85007E+20,5.88026E+21,8.77623E+15,5.30716E+16
100974,100975,4,0,12,0,2016,6,12,3,3,1,5,0,0,0,1,0,0,0,0,4.72872E+20,5.93186E+21,8.5907E+15,5.35349E+16
100975,100976,4,0,11,0,2016,6,16,2,3,5,3,0,1,0,1,0,0,0,1,4.82149E+20,5.88202E+21,8.73346E+15,5.30874E+16
100976,100977,4,0,11,0,2016,6,8,4,3,5,2,0,1,1,1,0,0,0,0,4.88455E+20,5.88192E+21,8.82763E+15,5.30866E+16
100977,100978,4,0,11,0,2016,6,2,1,3,4,2,2,0,1,1,0,0,0,0,4.87196E+20,5.88153E+21,8.80885E+15,5.30831E+16
100978,100979,4,0,11,0,2016,7,16,1,3,0,7,0,1,1,0,0,0,0,0,4.86991E+20,5.88045E+21,8.80583E+15,5.30733E+16
100979,100980,4,0,11,0,2016,6,16,2,3,2,6,0,0,0,0,0,0,0,1,4.92057E+20,5.88368E+21,8.88137E+15,5.31025E+16
100980,100981,4,0,11,0,2016,7,18,6,3,1,5,0,1,1,1,0,0,0,0,4.84476E+20,5.8848E+21,8.76808E+15,5.31124E+16
100981,100982,4,0,11,0,2016,6,2,1,2,0,7,2,0,1,0,0,0,0,0,4.84807E+20,5.8864E+21,8.77295E+15,5.31268E+16
100982,100983,4,0,11,0,2016,6,18,5,3,5,3,0,0,1,0,0,0,0,0,4.88753E+20,5.88438E+21,8.83199E+15,5.31087E+16
100983,100984,4,0,12,0,2016,6,10,7,3,6,7,0,0,0,0,1,0,0,1,4.71298E+20,5.9347E+21,8.56668E+15,5.35604E+16
100984,100985,4,0,11,0,2016,6,18,6,2,2,6,0,0,0,1,0,0,0,0,4.87692E+20,5.88109E+21,8.81626E+15,5.30792E+16
100985,100986,4,0,11,0,2016,6,16,3,3,3,2,0,0,1,1,0,0,0,0,4.88492E+20,5.88098E+21,8.82821E+15,5.30782E+16
100986,100987,4,0,11,0,2016,6,19,4,2,6,4,0,0,0,1,1,0,0,0,4.7504E+20,5.89121E+21,8.62661E+15,5.31697E+16
100987,100988,4,0,11,0,2016,6,8,4,3,6,4,0,0,0,1,1,0,0,0,4.8678E+20,5.87977E+21,8.80271E+15,5.30673E+16
100988,100989,4,0,12,0,2016,7,11,6,3,1,5,0,0,0,1,0,0,0,0,4.71845E+20,5.93366E+21,8.57504E+15,5.35511E+16
100989,100990,4,0,11,0,2016,6,15,4,3,2,6,0,0,0,1,0,0,0,0,4.88335E+20,5.88106E+21,8.82586E+15,5.30789E+16
100990,100991,4,0,12,0,2016,6,12,6,3,6,4,0,0,0,1,1,0,0,0,4.72597E+20,5.93435E+21,8.58632E+15,5.35573E+16
100991,100992,4,0,11,0,2016,6,7,5,3,1,5,0,0,0,1,0,0,0,0,4.96551E+20,5.88012E+21,8.94852E+15,5.30706E+16
100992,100993,4,0,11,0,2016,6,0,4,3,1,1,2,1,0,1,0,0,0,0,4.95062E+20,5.87717E+21,8.92635E+15,5.3044E+16
100993,100994,4,0,11,0,2016,6,1,1,3,5,7,2,0,1,1,0,0,0,0,4.87815E+20,5.88034E+21,8.81812E+15,5.30724E+16
100994,100995,4,0,11,0,2016,6,2,7,3,8,7,2,1,0,1,0,0,0,0,4.87979E+20,5.88085E+21,8.82056E+15,5.3077E+16
100995,100996,4,0,12,0,2016,6,8,4,3,3,2,0,0,1,1,0,0,0,0,4.73521E+20,5.92956E+21,8.60068E+15,5.35143E+16
100996,100997,4,0,11,0,2016,6,9,4,3,5,2,0,0,1,1,0,0,0,0,4.95351E+20,5.88202E+21,8.93058E+15,5.30877E+16
100997,100998,4,0,11,0,2016,7,9,6,3,2,6,0,0,0,1,0,0,0,0,4.92194E+20,5.88457E+21,8.88338E+15,5.31105E+16
100998,100999,4,0,11,0,2016,7,17,4,3,5,3,0,0,1,1,0,0,0,0,4.94261E+20,5.87654E+21,8.9144E+15,5.30384E+16
100999,101000,4,0,11,0,2016,6,16,5,2,0,7,0,0,1,0,0,0,0,0,4.9181E+20,5.87642E+21,8.87786E+15,5.30373E+16
101000,101001,4,0,11,0,2016,6,9,2,2,6,4,0,0,0,0,1,0,0,1,4.88148E+20,5.88102E+21,8.82307E+15,5.30785E+16
101001,101002,4,0,11,0,2016,6,11,3,3,5,3,0,0,1,1,0,0,0,0,4.91827E+20,5.88356E+21,8.87793E+15,5.31014E+16
101002,101003,4,0,11,0,2016,6,16,3,1,3,6,0,0,1,0,0,0,0,0,4.91491E+20,5.88346E+21,8.87291E+15,5.31005E+16
101003,101004,4,0,11,0,2016,7,6,6,3,0,3,0,1,0,1,0,1,0,0,4.70431E+20,5.89345E+21,8.55746E+15,5.31896E+16
101004,101005,4,0,11,0,2016,6,4,7,3,0,7,1,0,0,1,0,0,0,0,4.9276E+20,5.88145E+21,8.89191E+15,5.30825E+16
101005,101006,4,0,12,0,2016,7,19,5,3,1,5,0,0,1,1,0,0,0,0,4.73384E+20,5.93263E+21,8.59835E+15,5.35419E+16
101006,101007,4,0,11,0,2016,6,17,6,3,5,3,0,1,0,0,0,0,0,1,4.92525E+20,5.87917E+21,8.88846E+15,5.30619E+16
101007,101008,4,0,11,0,2016,6,13,5,3,5,3,0,0,1,1,0,0,0,0,4.90112E+20,5.88016E+21,8.85242E+15,5.30708E+16
101008,101009,4,0,12,0,2016,6,21,4,3,5,3,0,0,0,1,0,0,0,0,4.72396E+20,5.93407E+21,8.58332E+15,5.35548E+16
101009,101010,4,0,11,0,2016,7,8,3,2,5,3,0,0,1,1,0,0,0,0,4.88466E+20,5.88117E+21,8.82782E+15,5.30799E+16
101010,101011,4,0,11,0,2016,6,19,4,3,5,3,0,0,0,1,0,1,0,0,4.81978E+20,5.87687E+21,8.73121E+15,5.3041E+16
101011,101012,4,0,11,0,2016,7,16,6,3,2,6,0,1,0,1,0,0,0,0,4.87237E+20,5.87879E+21,8.80956E+15,5.30584E+16
101012,101013,4,0,11,0,2016,7,17,3,3,5,3,0,0,1,1,0,0,0,0,4.86707E+20,5.88195E+21,8.80152E+15,5.30868E+16
101013,101014,4,0,11,0,2016,7,15,3,3,4,6,0,0,0,1,0,0,0,0,4.9415E+20,5.87702E+21,8.91274E+15,5.30427E+16
101014,101015,4,0,11,0,2016,6,12,3,2,5,3,0,0,1,1,0,0,0,0,4.85881E+20,5.88019E+21,8.78927E+15,5.3071E+16
101015,101016,4,0,11,0,2016,7,16,2,3,0,7,0,0,0,1,1,0,0,0,4.96606E+20,5.87914E+21,8.94936E+15,5.30618E+16
101016,101017,4,0,11,0,2016,7,18,5,2,5,3,0,1,1,1,0,0,0,0,4.80624E+20,5.89177E+21,8.71011E+15,5.31749E+16
101017,101018,4,0,11,0,2016,6,10,7,3,0,7,0,0,0,0,0,0,0,1,4.84241E+20,5.88489E+21,8.76456E+15,5.31132E+16
101018,101019,4,0,12,0,2016,7,17,4,3,5,3,0,0,1,1,0,0,0,0,4.7302E+20,5.93543E+21,8.59262E+15,5.35671E+16
101019,101020,4,0,11,0,2016,6,8,2,3,6,4,0,0,0,1,1,0,0,0,4.88633E+20,5.87607E+21,8.8305E+15,5.3034E+16
101020,101021,4,0,11,0,2016,6,15,4,3,2,6,0,0,0,1,0,0,0,0,4.86435E+20,5.88125E+21,8.7975E+15,5.30806E+16
101021,101022,4,0,11,0,2016,7,19,2,3,2,6,1,0,0,1,0,0,1,0,4.87843E+20,5.88086E+21,8.81853E+15,5.30771E+16
101022,101023,4,0,11,0,2016,7,12,1,3,0,7,0,0,1,0,1,0,0,0,4.90678E+20,5.87781E+21,8.86093E+15,5.30497E+16
101023,101024,4,0,12,0,2016,7,21,6,3,5,3,1,0,0,1,0,0,0,0,4.73126E+20,5.93147E+21,8.59456E+15,5.35315E+16
101024,101025,4,0,11,0,2016,6,14,7,3,2,6,0,0,0,1,0,0,0,0,4.97341E+20,5.8779E+21,8.96033E+15,5.30506E+16
101025,101026,4,0,11,0,2016,7,11,2,3,0,7,0,0,0,0,0,0,0,1,4.87433E+20,5.88129E+21,8.81239E+15,5.3081E+16
101026,101027,4,0,11,0,2016,6,6,3,3,5,3,0,1,1,1,0,0,0,0,4.93843E+20,5.881E+21,8.90809E+15,5.30784E+16
101027,101028,4,0,12,0,2016,7,17,7,3,2,6,0,0,0,1,0,0,0,0,4.72582E+20,5.93474E+21,8.58607E+15,5.35608E+16
101028,101029,4,0,11,0,2016,6,0,7,3,5,3,2,0,0,1,0,0,0,0,4.81405E+20,5.87722E+21,8.72264E+15,5.30441E+16
101029,101030,4,0,11,0,2016,7,11,4,3,0,1,0,1,0,0,0,1,0,0,4.86927E+20,5.88129E+21,8.80484E+15,5.3081E+16
101030,101031,4,0,11,0,2016,6,12,2,3,5,2,0,0,1,1,0,0,0,0,4.87332E+20,5.88032E+21,8.81092E+15,5.30723E+16
101031,101032,4,0,11,0,2016,6,20,7,2,5,3,0,1,0,1,0,0,0,0,4.93095E+20,5.87724E+21,8.897E+15,5.30446E+16
101032,101033,4,0,11,0,2016,6,7,4,3,5,2,0,1,1,1,0,0,0,0,4.86165E+20,5.88258E+21,8.79341E+15,5.30925E+16
101033,101034,4,0,11,0,2016,6,13,3,3,6,4,0,0,1,0,1,0,0,0,4.8614E+20,5.88049E+21,8.79312E+15,5.30737E+16
101034,101035,4,0,12,0,2016,6,14,6,3,5,3,0,0,1,1,0,0,0,0,4.729E+20,5.93258E+21,8.59105E+15,5.35415E+16
101035,101036,4,0,11,0,2016,7,15,7,3,5,3,0,1,0,1,0,0,0,0,4.71714E+20,5.89505E+21,8.57652E+15,5.3204E+16
101036,101037,4,0,11,0,2016,6,9,1,3,5,2,0,0,1,1,0,0,0,0,4.88289E+20,5.88166E+21,8.82515E+15,5.30843E+16
101037,101038,4,0,11,0,2016,7,9,6,3,5,3,0,0,0,1,0,1,0,0,4.75319E+20,5.89153E+21,8.63076E+15,5.31726E+16
101038,101039,4,0,12,0,2016,6,16,4,3,2,6,0,1,0,1,0,0,0,0,4.72815E+20,5.93124E+21,8.58989E+15,5.35294E+16
101039,101040,4,0,11,0,2016,6,13,5,3,6,4,0,0,0,0,1,0,0,1,4.89719E+20,5.87966E+21,8.84657E+15,5.30663E+16
101040,101041,4,0,11,0,2016,6,11,6,3,0,5,0,0,1,1,0,0,0,0,4.85937E+20,5.88418E+21,8.78993E+15,5.31069E+16
101041,101042,4,0,12,0,2016,7,18,3,3,1,3,0,0,1,1,0,0,0,0,4.7223E+20,5.93322E+21,8.58088E+15,5.35471E+16
101042,101043,4,0,11,0,2016,6,12,2,3,5,2,0,0,1,0,0,0,1,0,4.89761E+20,5.88196E+21,8.84712E+15,5.3087E+16
101043,101044,4,0,11,0,2016,6,10,6,3,5,3,0,1,0,1,0,0,0,0,4.93543E+20,5.88335E+21,8.90356E+15,5.30996E+16
101044,101045,4,0,12,0,2016,6,20,3,3,1,1,0,0,1,1,0,0,0,0,4.71744E+20,5.93347E+21,8.57353E+15,5.35494E+16
101045,101046,4,0,11,0,2016,6,7,3,3,5,3,0,1,1,1,0,0,0,0,4.91551E+20,5.88355E+21,8.8738E+15,5.31013E+16
101046,101047,4,0,11,0,2016,6,8,5,3,5,3,0,0,1,1,0,0,0,0,4.93381E+20,5.88223E+21,8.90116E+15,5.30894E+16
101047,101048,4,0,11,0,2016,6,11,7,3,5,3,0,0,1,1,0,0,0,0,4.8793E+20,5.87564E+21,8.82002E+15,5.30301E+16
101048,101049,4,0,11,0,2016,6,19,4,3,1,7,0,1,1,1,0,0,0,0,4.85839E+20,5.88244E+21,8.78854E+15,5.30912E+16
101049,101050,4,0,11,0,2016,6,16,4,3,1,7,0,0,1,0,0,0,1,0,4.89896E+20,5.88022E+21,8.84919E+15,5.30714E+16
101050,101051,4,0,11,0,2016,7,15,6,3,5,3,0,1,1,1,0,0,0,0,4.86176E+20,5.87968E+21,8.79369E+15,5.30664E+16
101051,101052,4,0,11,0,2016,7,17,4,3,0,2,0,1,1,1,0,0,0,0,4.82902E+20,5.88679E+21,8.74446E+15,5.31302E+16
101052,101053,4,0,11,0,2016,6,13,5,3,0,7,0,0,1,0,0,0,0,0,4.71396E+20,5.89334E+21,8.57191E+15,5.31886E+16
101053,101054,4,0,11,0,2016,6,15,3,3,5,2,0,0,0,0,0,0,0,1,4.95053E+20,5.88044E+21,8.92617E+15,5.30734E+16
101054,101055,4,0,11,0,2016,7,19,6,2,2,6,0,0,0,1,0,0,0,1,4.95144E+20,5.88035E+21,8.92752E+15,5.30726E+16
101055,101056,4,0,11,0,2016,6,12,6,2,5,3,0,0,1,1,0,0,0,0,4.91248E+20,5.88061E+21,8.86936E+15,5.30749E+16
101056,101057,4,0,12,0,2016,6,18,5,2,6,4,0,0,0,1,1,0,0,0,4.73286E+20,5.936E+21,8.59659E+15,5.35722E+16
101057,101058,4,0,12,0,2016,6,19,2,3,3,6,0,1,0,1,0,1,0,0,4.73359E+20,5.93812E+21,8.59751E+15,5.35913E+16
101058,101059,4,0,12,0,2016,6,18,3,3,9,1,0,0,0,1,0,0,0,0,4.73244E+20,5.93227E+21,8.59628E+15,5.35386E+16
101059,101060,4,0,11,0,2016,6,18,3,3,5,3,0,1,1,1,0,0,0,0,4.93368E+20,5.88223E+21,8.90097E+15,5.30895E+16
101060,101061,4,0,11,0,2016,7,20,6,2,5,3,1,0,1,1,0,0,0,0,4.90342E+20,5.88136E+21,8.85582E+15,5.30816E+16
101061,101062,4,0,11,0,2016,6,16,5,3,2,2,0,0,0,1,0,0,0,0,4.88282E+20,5.88169E+21,8.82505E+15,5.30846E+16
101062,101063,4,0,11,0,2016,6,11,6,3,3,7,0,1,1,1,0,0,0,0,4.88214E+20,5.8811E+21,8.82406E+15,5.30792E+16
101063,101064,4,0,11,0,2016,6,18,5,2,5,3,0,0,1,1,0,0,0,0,4.88286E+20,5.88165E+21,8.82511E+15,5.30842E+16
101064,101065,4,0,11,0,2016,7,14,3,3,0,7,0,1,1,0,0,0,0,0,4.83537E+20,5.88568E+21,8.75401E+15,5.31203E+16
101065,101066,4,0,12,0,2016,7,17,2,3,1,3,0,0,1,1,0,0,0,0,4.72851E+20,5.93241E+21,8.59034E+15,5.35399E+16
101066,101067,4,0,11,0,2016,6,16,3,3,5,3,0,0,1,1,0,0,0,0,4.87599E+20,5.87837E+21,8.81499E+15,5.30547E+16
101067,101068,4,0,12,0,2016,7,19,1,3,2,6,0,0,0,1,0,0,0,0,4.72575E+20,5.93513E+21,8.58592E+15,5.35643E+16
101068,101069,4,0,11,0,2016,6,17,6,3,3,6,0,0,1,0,0,0,0,0,4.87813E+20,5.88188E+21,8.81804E+15,5.30862E+16
101069,101070,4,0,11,0,2016,7,20,4,3,2,6,0,0,0,1,0,1,0,0,4.90187E+20,5.87949E+21,8.85355E+15,5.30649E+16
101070,101071,4,0,11,0,2016,6,19,2,3,5,2,0,1,1,1,0,0,0,0,4.86993E+20,5.88047E+21,8.80585E+15,5.30736E+16
101071,101072,4,0,11,0,2016,6,20,4,3,5,5,0,0,1,1,0,0,0,0,4.86945E+20,5.87912E+21,8.80519E+15,5.30614E+16
101072,101073,4,0,11,0,2016,7,0,5,3,1,1,2,0,0,1,0,0,0,0,4.91289E+20,5.87948E+21,8.87001E+15,5.30648E+16
101073,101074,4,0,11,0,2016,6,11,3,3,2,6,0,0,0,1,0,0,0,0,4.92726E+20,5.88146E+21,8.89141E+15,5.30826E+16
101074,101075,4,0,11,0,2016,6,11,4,3,1,5,0,0,0,1,0,0,0,0,4.87753E+20,5.88105E+21,8.81718E+15,5.30787E+16
101075,101076,4,0,12,0,2016,7,16,2,3,5,3,0,0,0,1,0,0,0,0,4.72745E+20,5.93185E+21,8.58878E+15,5.35349E+16
101076,101077,4,0,11,0,2016,7,14,2,3,1,1,0,0,0,1,0,0,0,0,4.84844E+20,5.88205E+21,8.7737E+15,5.30877E+16
101077,101078,4,0,11,0,2016,6,15,3,3,2,2,0,0,0,1,0,0,0,0,4.91026E+20,5.88011E+21,8.86605E+15,5.30704E+16
101078,101079,4,0,12,0,2016,7,17,7,3,5,3,0,0,1,1,0,0,0,0,4.73849E+20,5.93055E+21,8.60554E+15,5.35232E+16
101079,101080,4,0,11,0,2016,6,15,6,3,0,7,0,0,0,0,0,0,0,1,4.87575E+20,5.88135E+21,8.81451E+15,5.30814E+16
101080,101081,4,0,11,0,2016,6,23,6,3,0,1,2,0,1,0,0,0,0,0,4.8817E+20,5.88081E+21,8.82342E+15,5.30766E+16
101081,101082,4,0,11,0,2016,7,17,4,3,0,1,0,0,1,0,0,0,0,0,4.89721E+20,5.88061E+21,8.84657E+15,5.30749E+16
101082,101083,4,0,11,0,2016,6,11,2,3,5,3,0,0,1,1,0,0,0,0,4.90847E+20,5.87989E+21,8.8634E+15,5.30684E+16
101083,101084,4,0,12,0,2016,6,7,6,3,5,3,0,0,0,1,0,0,0,1,4.72485E+20,5.92957E+21,8.58505E+15,5.35143E+16
101084,101085,4,0,11,0,2016,6,14,4,3,2,6,0,0,0,1,0,1,0,0,4.89579E+20,5.87732E+21,8.84456E+15,5.30453E+16
101085,101086,4,0,11,0,2016,6,16,3,3,5,2,0,1,1,1,0,0,0,0,4.89084E+20,5.88333E+21,8.83696E+15,5.30993E+16
101086,101087,4,0,11,0,2016,6,7,6,3,0,1,0,0,1,0,0,0,0,0,4.86204E+20,5.88056E+21,8.79408E+15,5.30743E+16
101087,101088,4,0,12,0,2016,7,12,6,3,0,1,0,0,1,0,0,0,0,0,4.73626E+20,5.92882E+21,8.60232E+15,5.35077E+16
101088,101089,4,0,12,0,2016,6,19,7,3,2,6,1,1,0,1,0,0,0,0,4.72913E+20,5.93265E+21,8.59124E+15,5.35421E+16
101089,101090,4,0,11,0,2016,6,8,4,3,6,4,0,0,0,1,1,0,0,0,4.90727E+20,5.88372E+21,8.86149E+15,5.31028E+16
101090,101091,4,0,11,0,2016,6,18,6,3,2,6,0,0,0,1,0,0,0,0,4.90345E+20,5.88139E+21,8.85586E+15,5.30819E+16
101091,101092,4,0,11,0,2016,7,14,1,2,5,2,0,1,0,1,0,1,0,0,4.86218E+20,5.88376E+21,8.79415E+15,5.31031E+16
101092,101093,4,0,11,0,2016,6,15,2,3,2,6,0,0,0,1,0,0,0,0,4.97567E+20,5.87867E+21,8.9637E+15,5.30575E+16
101093,101094,4,0,11,0,2016,7,14,6,2,0,7,0,1,1,1,0,0,0,0,4.88276E+20,5.88169E+21,8.82497E+15,5.30846E+16
101094,101095,4,0,11,0,2016,6,15,6,3,0,2,0,0,0,1,0,1,0,0,4.82497E+20,5.87761E+21,8.73891E+15,5.30477E+16
101095,101096,4,0,12,0,2016,6,22,5,3,5,3,2,1,1,1,0,0,0,0,4.73379E+20,5.92858E+21,8.59862E+15,5.35055E+16
101096,101097,4,0,11,0,2016,6,19,1,3,0,7,0,0,1,0,1,0,0,0,4.87311E+20,5.87916E+21,8.81065E+15,5.30617E+16
101097,101098,4,0,11,0,2016,6,9,6,3,5,2,0,0,1,1,0,0,0,0,4.84774E+20,5.88443E+21,8.77255E+15,5.31091E+16
101098,101099,4,0,11,0,2016,6,13,3,2,5,2,0,0,1,0,0,0,1,0,4.89803E+20,5.88264E+21,8.84773E+15,5.30932E+16
101099,101100,4,0,11,0,2016,6,9,3,2,5,2,0,0,0,1,0,1,0,0,4.86052E+20,5.88063E+21,8.7918E+15,5.3075E+16
101100,101101,4,0,12,0,2016,6,14,4,3,0,1,0,0,0,0,0,1,0,0,4.73443E+20,5.92655E+21,8.59976E+15,5.34872E+16
101101,101102,4,0,12,0,2016,6,18,6,3,5,3,0,1,1,1,0,0,0,0,4.72205E+20,5.93452E+21,8.58039E+15,5.35588E+16
101102,101103,4,0,11,0,2016,6,18,4,3,2,7,0,0,0,1,0,0,0,1,4.86742E+20,5.88177E+21,8.80206E+15,5.30852E+16
101103,101104,4,0,11,0,2016,6,18,4,3,5,3,0,0,1,1,0,0,0,0,4.86274E+20,5.87871E+21,8.7952E+15,5.30577E+16
101104,101105,4,0,11,0,2016,7,8,6,3,0,7,0,0,0,0,0,0,0,1,4.8688E+20,5.88266E+21,8.80407E+15,5.30932E+16
101105,101106,4,0,11,0,2016,6,17,4,3,5,2,0,0,0,1,0,0,0,0,4.90228E+20,5.88143E+21,8.85411E+15,5.30822E+16
101106,101107,4,0,12,0,2016,6,6,4,3,8,1,0,0,0,1,0,0,0,0,4.71434E+20,5.93416E+21,8.56879E+15,5.35555E+16
101107,101108,4,0,12,0,2016,7,15,4,3,2,6,0,0,0,1,0,1,0,0,4.73038E+20,5.93448E+21,8.59297E+15,5.35585E+16
101108,101109,4,0,11,0,2016,6,16,5,2,5,3,0,0,0,1,0,1,0,0,4.86639E+20,5.88104E+21,8.80054E+15,5.30787E+16
101109,101110,4,0,11,0,2016,6,18,2,3,2,6,0,1,0,1,0,1,0,0,4.89458E+20,5.88408E+21,8.84253E+15,5.3106E+16
101110,101111,4,0,11,0,2016,6,8,3,2,0,1,0,1,1,0,0,0,0,1,4.87111E+20,5.88333E+21,8.8075E+15,5.30993E+16
101111,101112,4,0,11,0,2016,6,17,3,3,0,1,0,1,0,1,0,0,0,0,4.94661E+20,5.88028E+21,8.92031E+15,5.30719E+16
101112,101113,4,0,11,0,2016,7,5,6,3,4,6,1,1,1,0,0,0,0,0,4.8574E+20,5.87855E+21,8.78724E+15,5.30563E+16
101113,101114,4,0,11,0,2016,6,13,5,3,2,6,0,0,0,1,0,0,0,0,4.91894E+20,5.88356E+21,8.87893E+15,5.31014E+16
101114,101115,4,0,12,0,2016,7,13,5,3,5,2,0,0,0,1,0,1,0,0,4.73352E+20,5.93169E+21,8.59795E+15,5.35334E+16
101115,101116,4,0,11,0,2016,6,8,6,2,5,2,0,1,1,1,0,0,0,0,4.87453E+20,5.88131E+21,8.81269E+15,5.30811E+16
101116,101117,4,0,11,0,2016,6,15,5,3,5,3,0,0,1,1,0,0,0,0,4.71371E+20,5.89361E+21,8.57151E+15,5.31911E+16
101117,101118,4,0,11,0,2016,7,21,3,3,0,7,0,0,0,1,0,1,0,0,4.86598E+20,5.87955E+21,8.8E+15,5.30652E+16
101118,101119,4,0,11,0,2016,7,17,2,3,5,7,0,0,1,1,0,0,0,0,4.89395E+20,5.88073E+21,8.8417E+15,5.30759E+16
101119,101120,4,0,11,0,2016,6,17,3,3,1,5,0,0,1,1,0,0,0,0,4.71951E+20,5.89471E+21,8.58009E+15,5.3201E+16
101120,101121,4,0,11,0,2016,7,1,1,3,1,1,2,0,1,1,0,0,0,0,4.88231E+20,5.88006E+21,8.82435E+15,5.30699E+16
101121,101122,4,0,11,0,2016,7,11,3,3,0,1,0,1,0,0,0,1,0,0,4.90008E+20,5.88395E+21,8.85074E+15,5.31049E+16
101122,101123,4,0,11,0,2016,6,9,3,3,5,3,0,0,0,1,0,0,0,0,4.96131E+20,5.87845E+21,8.94228E+15,5.30555E+16
101123,101124,4,0,11,0,2016,7,18,2,3,0,1,0,0,1,0,0,0,0,0,4.82351E+20,5.88714E+21,8.7362E+15,5.31334E+16
101124,101125,4,0,11,0,2016,6,18,3,2,6,4,0,0,0,1,1,0,0,0,4.85859E+20,5.87997E+21,8.78895E+15,5.30691E+16
101125,101126,4,0,12,0,2016,7,15,5,3,5,3,0,1,1,1,0,0,0,0,4.72886E+20,5.9317E+21,8.59091E+15,5.35335E+16
101126,101127,4,0,11,0,2016,6,16,6,3,5,3,0,0,1,1,0,0,0,0,4.85709E+20,5.88349E+21,8.78656E+15,5.31006E+16
101127,101128,4,0,11,0,2016,7,15,5,3,2,6,0,0,0,1,0,0,0,0,4.81405E+20,5.87826E+21,8.72257E+15,5.30535E+16
101128,101129,4,0,11,0,2016,6,15,2,1,6,4,0,0,0,0,1,0,0,1,4.87337E+20,5.88051E+21,8.81099E+15,5.30739E+16
101129,101130,4,0,11,0,2016,6,12,4,3,2,6,0,0,0,1,0,0,0,1,4.91806E+20,5.88356E+21,8.87762E+15,5.31014E+16
101130,101131,4,0,11,0,2016,7,16,2,3,3,6,0,0,0,1,0,0,1,0,4.87886E+20,5.88122E+21,8.81915E+15,5.30803E+16
101131,101132,4,0,11,0,2016,7,0,1,3,6,4,2,1,0,1,1,0,0,0,4.70998E+20,5.89321E+21,8.56596E+15,5.31875E+16
101132,101133,4,0,11,0,2016,7,13,7,3,2,6,0,0,0,1,0,0,0,0,4.85997E+20,5.8833E+21,8.79087E+15,5.3099E+16
101133,101134,4,0,11,0,2016,6,16,6,3,3,6,0,0,0,1,0,0,0,1,4.975E+20,5.87841E+21,8.9627E+15,5.30552E+16
101134,101135,4,0,11,0,2016,6,4,6,3,0,1,1,1,0,1,0,0,0,0,4.88189E+20,5.88099E+21,8.82369E+15,5.30782E+16
101135,101136,4,0,11,0,2016,7,15,4,3,0,1,0,0,1,0,0,0,0,0,4.87941E+20,5.88071E+21,8.82E+15,5.30758E+16
101136,101137,4,0,11,0,2016,6,7,6,3,5,3,0,0,1,0,0,0,0,1,4.86203E+20,5.88057E+21,8.79407E+15,5.30744E+16
101137,101138,4,0,11,0,2016,7,17,4,3,5,3,0,0,0,1,0,0,0,0,4.85444E+20,5.87842E+21,8.78283E+15,5.30551E+16
101138,101139,4,0,11,0,2016,6,18,2,3,2,6,0,1,0,1,0,0,0,0,4.84553E+20,5.88462E+21,8.76924E+15,5.31108E+16
101139,101140,4,0,11,0,2016,6,20,7,3,0,1,0,1,1,0,0,0,0,0,4.82325E+20,5.87736E+21,8.73635E+15,5.30455E+16
101140,101141,4,0,11,0,2016,6,17,4,3,4,6,0,0,1,0,0,0,0,0,4.94477E+20,5.88586E+21,8.91746E+15,5.31221E+16
101141,101142,4,0,11,0,2016,6,8,6,3,6,2,0,0,0,0,1,0,0,1,4.87364E+20,5.88135E+21,8.81135E+15,5.30815E+16
101142,101143,4,0,11,0,2016,7,0,1,3,2,2,2,1,0,1,0,0,0,0,4.87894E+20,5.87763E+21,8.81941E+15,5.3048E+16
101143,101144,4,0,11,0,2016,6,15,1,3,5,2,0,0,1,1,0,0,0,0,4.86541E+20,5.88002E+21,8.79913E+15,5.30694E+16
101144,101145,4,0,11,0,2016,7,8,6,3,5,2,0,0,1,1,0,0,0,0,4.86541E+20,5.88002E+21,8.79913E+15,5.30694E+16
101145,101146,4,0,11,0,2016,6,21,6,2,0,7,1,0,1,0,0,0,0,0,4.86765E+20,5.88027E+21,8.80245E+15,5.30717E+16
101146,101147,4,0,11,0,2016,6,17,5,3,5,2,0,0,0,1,0,0,0,0,4.86411E+20,5.88078E+21,8.79715E+15,5.30764E+16
101147,101148,4,0,11,0,2016,6,16,7,3,5,3,0,0,0,1,0,0,0,0,4.92408E+20,5.87801E+21,8.88674E+15,5.30515E+16
101148,101149,4,0,11,0,2016,6,21,6,1,7,4,1,0,0,0,1,1,0,0,4.85184E+20,5.88282E+21,8.77875E+15,5.30947E+16
101149,101150,4,0,11,0,2016,6,16,3,3,5,3,0,0,1,1,0,0,0,0,4.73913E+20,5.89162E+21,8.60972E+15,5.31733E+16