FID,OBJECTID,ULAND,UREGBEZ,UKREIS,UGEMEINDE,UJAHR,UMONAT,USTUNDE,UWOCHENTAG,UKATEGORIE,UART,UTYP1,ULICHTVERH,IstStrasse,IstRad,IstPKW,IstFuss,IstKrad,IstGkfz,IstSonstig,LINREFX,LINREFY,XGCSWGS84,YGCSWGS84
101150,101151,4,0,11,0,2016,6,8,4,3,5,3,0,0,1,1,0,0,0,0,4.86309E+20,5.87854E+21,8.79573E+15,5.30562E+16
101151,101152,4,0,12,0,2016,6,1,2,3,0,1,2,1,0,0,0,1,0,0,4.73644E+20,5.93579E+21,8.60201E+15,5.35703E+16
101152,101153,4,0,11,0,2016,7,5,6,3,5,3,0,0,0,1,0,0,0,0,4.81878E+20,5.88662E+21,8.72916E+15,5.31286E+16
101153,101154,4,0,11,0,2016,6,10,2,3,3,6,0,0,1,0,0,0,0,1,4.91052E+20,5.87972E+21,8.86646E+15,5.30669E+16
101154,101155,4,0,11,0,2016,6,12,6,3,2,6,0,0,0,1,0,0,1,0,4.88321E+20,5.88106E+21,8.82566E+15,5.30789E+16
101155,101156,4,0,12,0,2016,6,18,3,3,3,6,0,0,1,0,0,0,0,0,4.74412E+20,5.93227E+21,8.6139E+15,5.35387E+16
101156,101157,4,0,11,0,2016,6,15,2,3,5,3,0,0,1,1,0,0,0,0,4.92478E+20,5.87996E+21,8.88774E+15,5.30691E+16
101157,101158,4,0,11,0,2016,6,13,5,3,0,7,0,0,0,0,0,0,0,1,4.82718E+20,5.8777E+21,8.74219E+15,5.30485E+16
101158,101159,4,0,11,0,2016,6,17,7,3,5,3,0,1,0,1,0,0,0,0,4.90468E+20,5.88183E+21,8.85768E+15,5.30859E+16
101159,101160,4,0,11,0,2016,6,14,4,3,5,3,0,0,0,1,0,1,0,0,4.86325E+20,5.87953E+21,8.79593E+15,5.30651E+16
101160,101161,4,0,11,0,2016,6,17,4,3,5,2,0,0,0,0,0,1,0,0,4.80091E+20,5.89107E+21,8.70218E+15,5.31686E+16
101161,101162,4,0,11,0,2016,7,14,6,3,5,3,0,0,0,1,0,0,0,0,4.90849E+20,5.87989E+21,8.86342E+15,5.30684E+16
101162,101163,4,0,11,0,2016,7,10,4,3,5,3,0,1,1,1,0,0,0,0,4.88312E+20,5.88107E+21,8.82552E+15,5.30789E+16
101163,101164,4,0,11,0,2016,6,9,5,3,5,2,0,0,1,1,0,0,0,0,4.85177E+20,5.87949E+21,8.77879E+15,5.30647E+16
101164,101165,4,0,11,0,2016,6,17,3,3,0,7,0,0,1,1,1,0,0,0,4.83765E+20,5.88535E+21,8.75743E+15,5.31174E+16
101165,101166,4,0,11,0,2016,6,9,2,3,5,3,0,0,1,1,0,0,0,0,4.71743E+20,5.89331E+21,8.5771E+15,5.31884E+16
101166,101167,4,0,11,0,2016,7,13,6,2,3,6,0,0,0,1,0,0,1,0,4.9177E+20,5.88512E+21,8.87704E+15,5.31154E+16
101167,101168,4,0,12,0,2016,6,20,5,3,2,6,0,0,0,1,0,0,0,0,4.74414E+20,5.93121E+21,8.614E+15,5.35292E+16
101168,101169,4,0,11,0,2016,7,16,5,3,1,6,0,0,0,1,0,0,1,0,4.92584E+20,5.87611E+21,8.8894E+15,5.30345E+16
101169,101170,4,0,11,0,2016,6,7,6,3,6,4,0,1,0,1,1,0,0,0,4.8574E+20,5.87855E+21,8.78724E+15,5.30563E+16
101170,101171,4,0,11,0,2016,6,17,4,3,5,2,0,0,1,1,0,0,0,0,4.87548E+20,5.88133E+21,8.81411E+15,5.30813E+16
101171,101172,4,0,11,0,2016,6,9,5,3,5,3,0,0,1,1,0,0,0,0,4.91687E+20,5.88138E+21,8.87589E+15,5.30818E+16
101172,101173,4,0,12,0,2016,6,8,6,3,0,7,0,1,1,0,0,0,0,0,4.70442E+20,5.93676E+21,8.55356E+15,5.35789E+16
101173,101174,4,0,11,0,2016,6,12,4,3,5,6,0,0,0,1,0,1,0,0,4.68669E+20,5.89424E+21,8.531E+15,5.31965E+16
101174,101175,4,0,11,0,2016,6,16,5,3,0,1,0,0,1,0,0,0,0,0,4.82596E+20,5.8793E+21,8.74029E+15,5.30629E+16
101175,101176,4,0,11,0,2016,7,17,3,3,6,4,0,0,1,0,1,0,0,0,4.8683E+20,5.88085E+21,8.80341E+15,5.30769E+16
101176,101177,4,0,12,0,2016,7,11,2,3,4,6,0,0,0,1,0,1,0,0,4.73439E+20,5.93619E+21,8.59888E+15,5.35739E+16
101177,101178,4,0,11,0,2016,6,21,3,3,5,2,1,0,1,1,0,0,0,0,4.89122E+20,5.88091E+21,8.83762E+15,5.30775E+16
101178,101179,4,0,12,0,2016,7,10,1,3,5,2,0,0,0,1,0,1,0,0,4.7517E+20,5.93235E+21,8.62533E+15,5.35394E+16
101179,101180,4,0,11,0,2016,7,15,5,3,3,2,0,0,0,1,0,1,0,0,4.87459E+20,5.88129E+21,8.81278E+15,5.30809E+16
101180,101181,4,0,12,0,2016,6,5,5,2,6,1,0,1,0,1,1,0,0,0,4.71481E+20,5.93522E+21,8.5694E+15,5.35651E+16
101181,101182,4,0,11,0,2016,7,20,4,3,5,3,0,0,1,1,0,0,0,0,4.72152E+20,5.89259E+21,8.58329E+15,5.31819E+16
101182,101183,4,0,11,0,2016,6,8,2,1,6,7,0,0,0,1,1,0,0,0,4.88951E+20,5.88142E+21,8.83505E+15,5.30821E+16
101183,101184,4,0,11,0,2016,6,16,4,3,0,7,0,0,1,0,0,0,0,0,4.98875E+20,5.88624E+21,8.98319E+15,5.31256E+16
101184,101185,4,0,11,0,2016,6,16,4,3,0,7,0,0,0,0,0,0,0,1,4.83853E+20,5.88473E+21,8.75878E+15,5.31118E+16
101185,101186,4,0,11,0,2016,7,19,2,3,5,3,0,0,1,1,0,0,0,0,4.89974E+20,5.87691E+21,8.85045E+15,5.30416E+16
101186,101187,4,0,11,0,2016,6,14,5,3,2,6,0,0,0,1,0,1,0,0,4.76002E+20,5.89159E+21,8.64097E+15,5.31732E+16
101187,101188,4,0,11,0,2016,7,16,3,3,1,5,0,0,0,1,0,0,0,0,4.97498E+20,5.8784E+21,8.96267E+15,5.30551E+16
101188,101189,4,0,11,0,2016,7,9,2,3,5,3,0,0,0,1,0,0,0,0,4.92877E+20,5.88322E+21,8.89362E+15,5.30984E+16
101189,101190,4,0,11,0,2016,6,8,3,3,5,2,0,1,1,1,0,0,0,0,4.88963E+20,5.88169E+21,8.83521E+15,5.30845E+16
101190,101191,4,0,12,0,2016,7,17,7,3,5,3,0,0,0,1,0,0,0,0,4.71828E+20,5.93506E+21,8.57465E+15,5.35636E+16
101191,101192,4,0,11,0,2016,6,16,5,3,5,3,0,0,1,1,0,0,0,0,4.86219E+20,5.8817E+21,8.79425E+15,5.30846E+16
101192,101193,4,0,11,0,2016,7,21,4,2,5,3,0,0,1,0,0,0,0,1,4.87087E+20,5.88075E+21,8.80725E+15,5.30761E+16
101193,101194,4,0,11,0,2016,6,18,2,3,0,6,0,1,1,1,0,0,0,0,4.8842E+20,5.88189E+21,8.8271E+15,5.30863E+16
101194,101195,4,0,12,0,2016,6,17,6,3,8,1,0,0,0,1,0,0,0,0,4.73042E+20,5.92993E+21,8.59343E+15,5.35176E+16
101195,101196,4,0,11,0,2016,6,22,4,3,0,1,2,0,1,0,0,0,0,0,4.88456E+20,5.88036E+21,8.82769E+15,5.30726E+16
101196,101197,4,0,11,0,2016,6,7,2,3,5,3,0,0,1,0,0,0,0,0,4.74137E+20,5.89266E+21,8.61298E+15,5.31827E+16
101197,101198,4,0,11,0,2016,7,10,7,3,2,6,0,1,0,1,0,0,0,0,4.95149E+20,5.88035E+21,8.9276E+15,5.30726E+16
101198,101199,4,0,11,0,2016,6,23,1,3,5,3,2,0,1,1,0,0,0,0,4.85938E+20,5.87943E+21,8.79016E+15,5.30642E+16
101199,101200,4,0,11,0,2016,7,20,6,3,5,3,1,1,1,0,0,0,0,0,4.80275E+20,5.89134E+21,8.70491E+15,5.3171E+16
101200,101201,4,0,11,0,2016,6,18,4,3,2,6,0,0,0,1,0,1,0,0,4.86406E+20,5.87857E+21,8.79717E+15,5.30565E+16
101201,101202,4,0,11,0,2016,6,18,5,3,3,6,0,0,1,0,0,0,0,0,4.83402E+20,5.88588E+21,8.75197E+15,5.31221E+16
101202,101203,4,0,11,0,2016,7,18,5,3,3,6,0,1,0,1,0,1,0,0,4.97292E+20,5.8767E+21,8.9596E+15,5.30398E+16
101203,101204,4,0,11,0,2016,7,0,7,3,1,1,2,0,0,1,0,0,0,0,4.74828E+20,5.89253E+21,8.62334E+15,5.31815E+16
101204,101205,4,0,12,0,2016,8,7,4,3,2,6,0,0,0,1,0,0,0,0,4.72659E+20,5.9353E+21,8.58717E+15,5.35659E+16
101205,101206,4,0,12,0,2016,7,19,4,3,2,6,0,0,0,1,0,0,0,1,4.72522E+20,5.93438E+21,8.5852E+15,5.35576E+16
101206,101207,4,0,11,0,2016,8,13,5,3,5,3,0,0,0,1,0,0,0,0,4.81895E+20,5.87676E+21,8.72997E+15,5.304E+16
101207,101208,4,0,11,0,2016,8,18,4,2,2,6,0,1,0,1,0,0,0,0,4.89645E+20,5.88166E+21,8.8454E+15,5.30843E+16
101208,101209,4,0,12,0,2016,8,13,3,3,2,6,0,0,0,1,0,0,0,0,4.73217E+20,5.93594E+21,8.59555E+15,5.35716E+16
101209,101210,4,0,11,0,2016,7,19,1,3,2,6,0,0,0,1,0,0,0,0,4.90209E+20,5.88145E+21,8.85382E+15,5.30824E+16
101210,101211,4,0,12,0,2016,8,9,3,2,6,7,0,0,0,1,1,0,0,0,4.71808E+20,5.93506E+21,8.57436E+15,5.35637E+16
101211,101212,4,0,11,0,2016,7,15,6,2,5,3,0,0,1,0,0,0,0,1,4.87937E+20,5.87784E+21,8.82005E+15,5.30499E+16
101212,101213,4,0,11,0,2016,8,16,3,3,1,5,0,0,1,1,0,0,0,0,4.87765E+20,5.88109E+21,8.81735E+15,5.30791E+16
101213,101214,4,0,11,0,2016,8,18,6,2,0,1,0,0,1,0,0,0,0,0,4.90122E+20,5.88188E+21,8.85251E+15,5.30863E+16
101214,101215,4,0,11,0,2016,7,6,3,3,0,1,0,0,1,0,0,0,0,0,4.90231E+20,5.88143E+21,8.85416E+15,5.30822E+16
101215,101216,4,0,11,0,2016,8,18,2,3,5,3,0,0,1,1,0,0,0,0,4.85877E+20,5.88151E+21,8.78916E+15,5.30829E+16
101216,101217,4,0,11,0,2016,7,16,2,3,2,6,0,0,0,1,0,0,0,0,4.8817E+20,5.88101E+21,8.82341E+15,5.30784E+16
101217,101218,4,0,11,0,2016,7,18,4,3,3,6,0,0,0,1,0,0,1,0,4.86312E+20,5.88183E+21,8.79563E+15,5.30858E+16
101218,101219,4,0,11,0,2016,8,7,6,3,2,6,0,1,0,1,0,0,0,0,4.90645E+20,5.88406E+21,8.86026E+15,5.31059E+16
101219,101220,4,0,12,0,2016,8,17,4,2,5,3,0,0,1,1,0,0,0,0,4.73391E+20,5.93753E+21,8.59804E+15,5.35859E+16
101220,101221,4,0,12,0,2016,8,17,2,3,5,3,0,1,0,1,0,1,0,0,4.73394E+20,5.93154E+21,8.5986E+15,5.35321E+16
101221,101222,4,0,11,0,2016,8,21,3,3,5,3,1,0,0,1,0,0,0,1,4.87094E+20,5.88145E+21,8.80732E+15,5.30824E+16
101222,101223,4,0,11,0,2016,7,15,7,3,2,6,0,1,0,1,0,0,0,1,4.8425E+20,5.88431E+21,8.76473E+15,5.3108E+16
101223,101224,4,0,11,0,2016,8,13,2,3,2,1,0,0,0,1,0,0,0,1,4.8592E+20,5.88024E+21,8.78985E+15,5.30715E+16
101224,101225,4,0,11,0,2016,8,9,3,3,5,7,0,0,1,1,0,0,0,0,4.82623E+20,5.87753E+21,8.74079E+15,5.3047E+16
101225,101226,4,0,11,0,2016,7,7,6,3,2,6,0,0,0,1,0,1,0,0,4.84091E+20,5.88595E+21,8.76226E+15,5.31227E+16
101226,101227,4,0,12,0,2016,8,19,2,3,5,2,1,1,0,1,0,1,0,0,4.72213E+20,5.93473E+21,8.58049E+15,5.35607E+16
101227,101228,4,0,11,0,2016,8,12,6,3,0,7,0,0,1,1,0,0,0,0,4.86715E+20,5.87984E+21,8.80174E+15,5.30679E+16
101228,101229,4,0,11,0,2016,7,13,2,3,5,3,0,0,1,1,0,0,0,0,4.83799E+20,5.88597E+21,8.75791E+15,5.31229E+16
101229,101230,4,0,11,0,2016,8,7,7,3,5,3,0,0,0,1,0,0,0,0,4.74507E+20,5.89172E+21,8.6186E+15,5.31742E+16
101230,101231,4,0,12,0,2016,8,17,5,3,2,6,0,1,0,1,0,0,0,0,4.75449E+20,5.93133E+21,8.62962E+15,5.35303E+16
101231,101232,4,0,11,0,2016,8,13,4,3,2,6,0,0,0,1,0,0,0,0,4.92666E+20,5.88157E+21,8.89051E+15,5.30835E+16
101232,101233,4,0,11,0,2016,7,13,6,3,2,6,0,0,0,1,0,0,0,0,4.80712E+20,5.88866E+21,8.71161E+15,5.3147E+16
101233,101234,4,0,11,0,2016,8,14,1,3,5,3,0,0,1,1,0,0,0,0,4.70588E+20,5.89358E+21,8.55979E+15,5.31908E+16
101234,101235,4,0,11,0,2016,7,14,1,3,5,3,0,0,0,1,0,1,0,0,4.88836E+20,5.88014E+21,8.83338E+15,5.30707E+16
101235,101236,4,0,11,0,2016,8,11,5,3,5,3,0,0,1,1,0,0,0,0,4.85382E+20,5.88188E+21,8.78174E+15,5.30862E+16
101236,101237,4,0,11,0,2016,8,16,6,3,5,3,0,1,1,1,0,0,0,0,4.86784E+20,5.88088E+21,8.80272E+15,5.30772E+16
101237,101238,4,0,11,0,2016,8,13,2,2,0,7,0,0,1,0,0,0,0,0,4.86193E+20,5.88055E+21,8.79392E+15,5.30742E+16
101238,101239,4,0,11,0,2016,8,9,3,2,0,1,0,0,1,0,0,0,0,0,4.88743E+20,5.88019E+21,8.83199E+15,5.30711E+16
101239,101240,4,0,11,0,2016,8,15,2,3,1,5,0,1,1,1,0,0,0,0,4.81899E+20,5.87705E+21,8.73002E+15,5.30427E+16
101240,101241,4,0,11,0,2016,8,10,5,3,6,4,0,0,0,1,1,0,0,0,4.69793E+20,5.89332E+21,8.54791E+15,5.31884E+16
101241,101242,4,0,11,0,2016,8,6,7,3,0,1,1,0,0,1,0,0,0,0,4.87474E+20,5.88327E+21,8.81292E+15,5.30987E+16
101242,101243,4,0,11,0,2016,7,8,6,3,5,2,0,0,1,1,0,0,0,0,4.91694E+20,5.88141E+21,8.876E+15,5.30821E+16
101243,101244,4,0,11,0,2016,8,22,5,3,0,1,2,0,1,0,0,0,0,0,4.80252E+20,5.88952E+21,8.70468E+15,5.31547E+16
101244,101245,4,0,11,0,2016,8,14,5,3,0,3,0,1,0,1,0,1,0,0,4.74946E+20,5.89122E+21,8.6252E+15,5.31698E+16
101245,101246,4,0,11,0,2016,8,17,3,3,1,7,0,0,0,1,0,1,0,0,4.70341E+20,5.89296E+21,8.55615E+15,5.31852E+16
101246,101247,4,0,11,0,2016,7,22,6,3,1,5,2,0,1,1,0,0,0,0,4.88308E+20,5.88379E+21,8.82536E+15,5.31034E+16
101247,101248,4,0,11,0,2016,7,16,7,3,8,2,0,0,1,1,0,0,0,0,4.71656E+20,5.89276E+21,8.57585E+15,5.31834E+16
101248,101249,4,0,12,0,2016,8,15,4,3,5,3,0,0,1,0,0,0,0,0,4.73543E+20,5.92751E+21,8.60118E+15,5.34959E+16
101249,101250,4,0,11,0,2016,7,7,4,3,4,5,0,0,1,1,0,0,0,0,4.91464E+20,5.88151E+21,8.87256E+15,5.3083E+16
101250,101251,4,0,12,0,2016,8,11,5,3,2,6,0,0,0,1,0,0,0,0,4.73329E+20,5.92872E+21,8.59785E+15,5.35068E+16
101251,101252,4,0,11,0,2016,8,14,4,2,5,3,0,0,0,1,0,1,0,0,4.74844E+20,5.89124E+21,8.62368E+15,5.31699E+16
101252,101253,4,0,12,0,2016,8,14,3,3,0,3,0,0,1,0,0,0,0,0,4.72813E+20,5.93241E+21,8.58976E+15,5.35399E+16
101253,101254,4,0,11,0,2016,8,2,2,3,2,6,2,0,1,1,0,0,0,0,4.88234E+20,5.87717E+21,8.8245E+15,5.30439E+16
101254,101255,4,0,11,0,2016,8,16,5,3,0,7,0,0,1,1,0,0,0,0,4.89577E+20,5.88275E+21,8.84435E+15,5.30941E+16
101255,101256,4,0,11,0,2016,8,22,2,3,6,4,2,0,1,0,1,0,0,0,4.86355E+20,5.88084E+21,8.79631E+15,5.30768E+16
101256,101257,4,0,11,0,2016,8,8,4,3,4,6,0,0,1,0,0,0,0,0,4.87081E+20,5.88147E+21,8.80713E+15,5.30825E+16
101257,101258,4,0,11,0,2016,8,19,1,3,0,7,0,1,0,0,0,0,0,1,4.77409E+20,5.89182E+21,8.66201E+15,5.31752E+16
101258,101259,4,0,12,0,2016,7,12,4,3,5,3,0,0,1,1,0,0,0,0,4.73867E+20,5.93049E+21,8.60582E+15,5.35227E+16
101259,101260,4,0,11,0,2016,7,12,4,3,5,3,0,0,1,1,0,0,0,0,4.89089E+20,5.88027E+21,8.83715E+15,5.30718E+16
101260,101261,4,0,11,0,2016,7,6,7,3,1,5,0,0,0,1,0,0,0,0,4.88424E+20,5.88115E+21,8.82719E+15,5.30797E+16
101261,101262,4,0,12,0,2016,8,12,2,3,5,3,0,0,1,1,0,0,0,0,4.74607E+20,5.93784E+21,8.61639E+15,5.35888E+16
101262,101263,4,0,11,0,2016,8,18,4,2,5,2,0,0,0,0,0,1,0,1,4.8592E+20,5.88024E+21,8.78985E+15,5.30715E+16
101263,101264,4,0,11,0,2016,7,8,4,2,5,3,0,0,1,0,0,0,0,1,4.97362E+20,5.87694E+21,8.96065E+15,5.3042E+16
101264,101265,4,0,11,0,2016,8,7,4,3,5,3,0,1,1,1,0,0,0,0,4.92007E+20,5.88106E+21,8.88068E+15,5.3079E+16
101265,101266,4,0,11,0,2016,8,10,3,3,4,6,0,1,0,1,0,1,0,0,4.95528E+20,5.87692E+21,8.93329E+15,5.30418E+16
101266,101267,4,0,11,0,2016,7,21,1,3,5,3,2,0,0,1,0,0,0,0,4.87194E+20,5.88153E+21,8.80881E+15,5.30831E+16
101267,101268,4,0,12,0,2016,8,21,2,3,8,1,0,0,1,0,0,0,0,0,4.72157E+20,5.93317E+21,8.57978E+15,5.35467E+16
101268,101269,4,0,11,0,2016,8,16,3,3,6,4,0,0,0,1,1,0,0,0,4.96106E+20,5.88034E+21,8.94188E+15,5.30725E+16
101269,101270,4,0,11,0,2016,7,18,6,3,1,5,0,0,1,1,0,0,0,0,4.96856E+20,5.87651E+21,8.95312E+15,5.30381E+16
101270,101271,4,0,11,0,2016,8,8,3,3,5,2,0,0,0,1,0,0,0,1,4.83691E+20,5.88547E+21,8.75632E+15,5.31184E+16
101271,101272,4,0,11,0,2016,8,14,6,3,5,3,0,0,1,1,0,0,0,0,4.88972E+20,5.88045E+21,8.83539E+15,5.30734E+16
101272,101273,4,0,12,0,2016,7,6,2,2,5,3,0,0,1,1,0,0,0,0,4.73183E+20,5.93599E+21,8.59502E+15,5.35721E+16
101273,101274,4,0,11,0,2016,8,16,1,2,9,7,0,0,0,1,0,0,0,0,4.8933E+20,5.88076E+21,8.84073E+15,5.30763E+16
101274,101275,4,0,11,0,2016,7,11,2,3,9,1,0,0,0,1,0,0,0,0,4.80991E+20,5.88458E+21,8.71602E+15,5.31103E+16
101275,101276,4,0,11,0,2016,8,16,4,3,3,2,0,0,1,0,0,0,0,1,4.86037E+20,5.88363E+21,8.79144E+15,5.3102E+16
101276,101277,4,0,12,0,2016,7,19,5,3,3,2,0,0,0,1,0,1,0,0,4.72409E+20,5.9341E+21,8.58351E+15,5.35551E+16
101277,101278,4,0,12,0,2016,8,13,3,3,1,6,0,0,0,1,0,0,0,0,4.72229E+20,5.93369E+21,8.58083E+15,5.35513E+16
101278,101279,4,0,12,0,2016,8,14,6,3,0,7,0,0,1,0,0,0,0,0,4.72273E+20,5.93254E+21,8.5816E+15,5.3541E+16
101279,101280,4,0,11,0,2016,7,13,3,3,1,5,0,0,1,1,0,0,0,0,4.86839E+20,5.87971E+21,8.80359E+15,5.30668E+16
101280,101281,4,0,11,0,2016,8,9,2,3,5,3,0,1,1,1,0,0,0,0,4.91575E+20,5.881E+21,8.87424E+15,5.30784E+16
101281,101282,4,0,11,0,2016,7,12,2,2,5,7,0,0,1,1,0,0,0,0,4.83259E+20,5.88263E+21,8.75001E+15,5.30929E+16
101282,101283,4,0,12,0,2016,7,17,3,3,6,4,0,0,0,1,1,0,0,0,4.72512E+20,5.93408E+21,8.58506E+15,5.35549E+16
101283,101284,4,0,11,0,2016,8,14,6,3,5,3,0,0,1,1,0,0,0,0,4.87385E+20,5.88137E+21,8.81167E+15,5.30816E+16
101284,101285,4,0,11,0,2016,8,14,5,3,5,2,0,1,0,1,0,1,0,0,4.88756E+20,5.87676E+21,8.8323E+15,5.30402E+16
101285,101286,4,0,11,0,2016,8,12,3,3,2,6,0,1,0,1,0,0,0,0,4.82553E+20,5.87841E+21,8.73969E+15,5.30549E+16
101286,101287,4,0,11,0,2016,7,15,7,1,6,3,0,1,1,0,1,0,0,0,4.86894E+20,5.8807E+21,8.80436E+15,5.30757E+16
101287,101288,4,0,11,0,2016,8,17,2,3,2,6,0,0,0,1,0,0,0,0,4.74352E+20,5.89185E+21,8.61627E+15,5.31754E+16
101288,101289,4,0,11,0,2016,8,22,3,2,6,4,2,0,0,0,1,0,0,1,4.84462E+20,5.8845E+21,8.76788E+15,5.31097E+16
101289,101290,4,0,12,0,2016,7,19,5,3,5,3,0,0,0,1,0,0,0,0,4.72714E+20,5.92727E+21,8.58871E+15,5.34937E+16
101290,101291,4,0,11,0,2016,8,18,2,3,0,1,0,1,0,0,0,1,0,0,4.93189E+20,5.88717E+21,8.89819E+15,5.31339E+16
101291,101292,4,0,11,0,2016,8,14,6,3,5,3,0,0,1,1,0,0,0,0,4.82098E+20,5.8788E+21,8.73288E+15,5.30584E+16
101292,101293,4,0,11,0,2016,8,12,7,3,5,3,0,0,1,1,0,0,0,0,4.9173E+20,5.88129E+21,8.87654E+15,5.3081E+16
101293,101294,4,0,11,0,2016,7,10,2,3,0,1,0,0,1,0,0,0,0,0,4.90746E+20,5.88331E+21,8.86179E+15,5.30992E+16
101294,101295,4,0,11,0,2016,7,19,6,3,1,5,0,0,1,1,0,0,0,0,4.82506E+20,5.87846E+21,8.73899E+15,5.30554E+16
101295,101296,4,0,12,0,2016,8,13,6,3,2,6,0,1,0,1,0,0,0,0,4.72355E+20,5.93397E+21,8.58271E+15,5.35539E+16
101296,101297,4,0,11,0,2016,8,16,5,3,0,6,0,1,1,1,0,0,0,0,4.9095E+20,5.88292E+21,8.86485E+15,5.30957E+16
101297,101298,4,0,12,0,2016,8,11,3,3,5,3,0,0,1,1,0,0,0,0,4.72597E+20,5.93495E+21,8.58627E+15,5.35627E+16
101298,101299,4,0,12,0,2016,7,6,3,3,5,3,0,0,1,1,0,0,0,0,4.73768E+20,5.93756E+21,8.60373E+15,5.35862E+16
101299,101300,4,0,11,0,2016,8,9,6,2,0,7,0,1,0,0,0,1,0,0,4.83396E+20,5.88589E+21,8.75189E+15,5.31222E+16
101300,101301,4,0,11,0,2016,8,10,4,2,4,2,0,0,1,1,0,0,0,0,4.69833E+20,5.8933E+21,8.54851E+15,5.31882E+16
101301,101302,4,0,11,0,2016,7,9,7,3,5,3,0,0,0,1,0,0,0,0,4.8608E+20,5.87854E+21,8.79231E+15,5.30562E+16
101302,101303,4,0,11,0,2016,8,17,1,3,2,6,0,0,0,1,0,0,0,0,4.75811E+20,5.8916E+21,8.63811E+15,5.31732E+16
101303,101304,4,0,11,0,2016,7,13,2,3,5,3,0,0,0,1,0,0,0,0,4.9727E+20,5.87692E+21,8.95927E+15,5.30418E+16
101304,101305,4,0,11,0,2016,8,7,2,3,3,6,0,0,1,0,0,0,0,0,4.86552E+20,5.88023E+21,8.79927E+15,5.30714E+16
101305,101306,4,0,11,0,2016,8,8,5,3,5,3,0,0,1,1,0,0,0,0,4.86073E+20,5.8828E+21,8.79202E+15,5.30945E+16
101306,101307,4,0,11,0,2016,8,19,6,3,5,3,0,0,1,1,0,0,0,0,4.92755E+20,5.87771E+21,8.89192E+15,5.30489E+16
101307,101308,4,0,11,0,2016,8,14,5,3,2,6,0,0,0,1,0,1,0,0,4.87588E+20,5.87839E+21,8.81481E+15,5.30548E+16
101308,101309,4,0,11,0,2016,8,11,5,3,0,1,0,1,1,0,0,0,0,0,4.88703E+20,5.88021E+21,8.83139E+15,5.30712E+16
101309,101310,4,0,11,0,2016,8,10,3,3,6,4,0,0,0,0,1,0,0,1,4.80248E+20,5.89004E+21,8.70459E+15,5.31594E+16
101310,101311,4,0,11,0,2016,7,18,5,3,2,6,0,1,0,1,0,0,0,0,4.97279E+20,5.87683E+21,8.95942E+15,5.30409E+16
101311,101312,4,0,11,0,2016,7,22,7,3,0,1,2,0,1,0,0,0,0,0,4.88468E+20,5.88035E+21,8.82788E+15,5.30725E+16
101312,101313,4,0,12,0,2016,8,21,4,3,2,6,2,0,0,1,0,0,0,0,4.71202E+20,5.93781E+21,8.56495E+15,5.35884E+16
101313,101314,4,0,11,0,2016,7,12,6,3,1,5,0,0,1,1,0,0,0,0,4.84545E+20,5.88148E+21,8.76927E+15,5.30826E+16
101314,101315,4,0,11,0,2016,8,17,7,3,2,6,0,0,0,1,0,0,0,0,4.85681E+20,5.87999E+21,8.7863E+15,5.30692E+16
101315,101316,4,0,11,0,2016,7,1,1,3,0,7,2,0,1,0,0,0,0,0,4.86581E+20,5.88282E+21,8.79961E+15,5.30946E+16
101316,101317,4,0,11,0,2016,8,1,5,3,8,1,2,0,0,1,0,0,0,0,4.92364E+20,5.87805E+21,8.88609E+15,5.30519E+16
101317,101318,4,0,11,0,2016,8,7,6,3,1,5,0,0,1,1,0,0,0,0,4.91072E+20,5.88008E+21,8.86674E+15,5.30701E+16
101318,101319,4,0,12,0,2016,8,7,4,3,5,3,0,1,0,1,0,0,0,0,4.73438E+20,5.9303E+21,8.59937E+15,5.35209E+16
101319,101320,4,0,11,0,2016,8,15,4,3,0,1,0,0,1,0,0,0,0,0,4.88476E+20,5.88009E+21,8.82801E+15,5.30701E+16
101320,101321,4,0,11,0,2016,8,14,2,3,5,3,0,0,1,0,0,0,0,1,4.85015E+20,5.88327E+21,8.7762E+15,5.30987E+16
101321,101322,4,0,11,0,2016,8,21,4,3,4,6,2,0,1,1,0,0,0,0,4.94249E+20,5.8799E+21,8.91417E+15,5.30685E+16
101322,101323,4,0,12,0,2016,7,11,5,3,6,7,0,0,1,0,1,0,0,0,4.72952E+20,5.93536E+21,8.59159E+15,5.35664E+16
101323,101324,4,0,11,0,2016,8,9,4,3,5,3,0,0,1,1,0,0,0,0,4.91985E+20,5.88145E+21,8.88034E+15,5.30824E+16
101324,101325,4,0,11,0,2016,8,9,7,3,6,4,0,1,0,1,1,0,0,0,4.85425E+20,5.88344E+21,8.78231E+15,5.31002E+16
101325,101326,4,0,11,0,2016,7,10,4,3,2,6,0,0,0,1,0,0,0,0,4.85093E+20,5.88416E+21,8.77733E+15,5.31066E+16
101326,101327,4,0,11,0,2016,7,15,4,3,2,6,0,0,0,1,0,0,0,0,4.96056E+20,5.87877E+21,8.94115E+15,5.30584E+16
101327,101328,4,0,11,0,2016,7,12,6,3,4,6,0,0,1,0,0,0,0,0,4.85503E+20,5.88069E+21,8.7836E+15,5.30755E+16
101328,101329,4,0,11,0,2016,8,19,2,3,5,3,0,0,1,1,0,0,0,0,4.82608E+20,5.87834E+21,8.74051E+15,5.30542E+16