FID,OBJECTID,ULAND,UREGBEZ,UKREIS,UGEMEINDE,UJAHR,UMONAT,USTUNDE,UWOCHENTAG,UKATEGORIE,UART,UTYP1,ULICHTVERH,IstStrasse,IstRad,IstPKW,IstFuss,IstKrad,IstGkfz,IstSonstig,LINREFX,LINREFY,XGCSWGS84,YGCSWGS84
101329,101330,4,0,11,0,2016,7,10,2,3,0,7,0,0,0,0,0,0,0,1,4.97105E+20,5.87796E+21,8.95681E+15,5.30511E+16
101330,101331,4,0,12,0,2016,7,18,3,3,2,6,0,0,0,1,0,0,0,0,4.72566E+20,5.93453E+21,8.58585E+15,5.3559E+16
101331,101332,4,0,11,0,2016,7,20,3,3,2,6,0,0,0,1,0,0,0,0,4.83446E+20,5.88559E+21,8.75264E+15,5.31195E+16
101332,101333,4,0,12,0,2016,8,14,5,3,3,6,0,0,0,1,0,1,0,0,4.72797E+20,5.93143E+21,8.5896E+15,5.35311E+16
101333,101334,4,0,11,0,2016,8,16,4,3,2,7,0,1,0,1,0,0,0,0,4.88149E+20,5.88097E+21,8.82309E+15,5.3078E+16
101334,101335,4,0,12,0,2016,8,12,3,3,2,6,0,0,0,1,0,0,0,1,4.73242E+20,5.92899E+21,8.59652E+15,5.35091E+16
101335,101336,4,0,11,0,2016,8,19,2,3,8,1,0,0,0,0,0,1,0,0,4.86894E+20,5.8807E+21,8.80436E+15,5.30756E+16
101336,101337,4,0,11,0,2016,8,7,4,3,5,3,0,0,1,1,0,0,0,0,4.71626E+20,5.89373E+21,8.57532E+15,5.31922E+16
101337,101338,4,0,11,0,2016,7,18,5,3,5,2,0,0,1,1,0,0,0,0,4.86172E+20,5.87968E+21,8.79363E+15,5.30664E+16
101338,101339,4,0,12,0,2016,8,10,3,3,3,6,0,0,1,0,0,0,0,0,4.73618E+20,5.93814E+21,8.60142E+15,5.35914E+16
101339,101340,4,0,11,0,2016,8,15,6,3,1,1,0,0,0,1,0,0,1,0,4.85952E+20,5.88187E+21,8.79026E+15,5.30861E+16
101340,101341,4,0,11,0,2016,7,14,3,3,5,3,0,0,1,1,0,0,0,0,4.94403E+20,5.8802E+21,8.91646E+15,5.30713E+16
101341,101342,4,0,11,0,2016,8,7,2,3,5,3,0,0,1,1,0,0,0,0,4.89533E+20,5.8821E+21,8.84372E+15,5.30883E+16
101342,101343,4,0,11,0,2016,7,8,2,3,5,2,0,0,1,1,0,0,0,0,4.80088E+20,5.891E+21,8.70213E+15,5.3168E+16
101343,101344,4,0,11,0,2016,7,11,3,2,0,7,0,0,1,0,0,0,0,1,4.96949E+20,5.87729E+21,8.95449E+15,5.30451E+16
101344,101345,4,0,11,0,2016,8,12,6,3,5,2,0,1,1,1,0,0,0,0,4.87105E+20,5.88279E+21,8.80744E+15,5.30944E+16
101345,101346,4,0,11,0,2016,8,17,5,3,3,6,0,1,1,1,0,0,0,0,4.88127E+20,5.88151E+21,8.82274E+15,5.30829E+16
101346,101347,4,0,12,0,2016,8,15,2,3,5,2,0,0,1,1,0,0,0,0,4.73068E+20,5.93168E+21,8.59367E+15,5.35334E+16
101347,101348,4,0,11,0,2016,8,8,2,3,5,3,0,0,1,0,0,1,0,0,4.86566E+20,5.88025E+21,8.79949E+15,5.30715E+16
101348,101349,4,0,11,0,2016,8,20,3,3,6,4,0,0,1,0,1,0,0,0,4.89653E+20,5.88025E+21,8.84557E+15,5.30716E+16
101349,101350,4,0,11,0,2016,8,16,2,3,3,6,0,1,0,1,0,0,1,0,4.9135E+20,5.88244E+21,8.87083E+15,5.30914E+16
101350,101351,4,0,11,0,2016,8,23,6,3,1,7,2,1,0,1,0,1,0,0,4.85831E+20,5.88014E+21,8.78852E+15,5.30706E+16
101351,101352,4,0,11,0,2016,8,17,3,3,6,7,0,0,1,0,1,0,0,0,4.87023E+20,5.88166E+21,8.80625E+15,5.30842E+16
101352,101353,4,0,11,0,2016,7,14,7,2,0,1,0,1,1,0,0,0,0,0,4.88672E+20,5.88135E+21,8.83089E+15,5.30815E+16
101353,101354,4,0,12,0,2016,8,11,2,3,5,3,0,0,0,1,0,0,0,0,4.74391E+20,5.93848E+21,8.61307E+15,5.35945E+16
101354,101355,4,0,11,0,2016,8,21,3,3,5,2,1,0,1,1,0,0,0,0,4.85218E+20,5.88104E+21,8.77933E+15,5.30787E+16
101355,101356,4,0,11,0,2016,7,19,5,3,1,5,0,0,1,1,0,0,0,0,4.86671E+20,5.87989E+21,8.80108E+15,5.30683E+16
101356,101357,4,0,11,0,2016,8,14,3,3,5,3,0,0,1,1,0,0,0,0,4.93209E+20,5.88562E+21,8.89853E+15,5.31199E+16
101357,101358,4,0,11,0,2016,8,8,6,3,0,1,0,0,1,0,0,0,0,0,4.88865E+20,5.88139E+21,8.83377E+15,5.30818E+16
101358,101359,4,0,11,0,2016,7,22,2,2,5,3,2,0,1,1,0,0,0,0,4.92382E+20,5.87613E+21,8.88639E+15,5.30346E+16
101359,101360,4,0,11,0,2016,8,15,7,3,2,6,0,0,1,1,0,0,0,0,4.88851E+20,5.88142E+21,8.83355E+15,5.30821E+16
101360,101361,4,0,11,0,2016,8,14,6,3,5,3,0,1,1,1,0,0,0,0,4.96089E+20,5.87899E+21,8.94164E+15,5.30604E+16
101361,101362,4,0,11,0,2016,8,10,4,3,2,2,0,0,0,1,0,0,0,0,4.89034E+20,5.8806E+21,8.83631E+15,5.30748E+16
101362,101363,4,0,11,0,2016,7,17,6,3,3,6,0,0,0,1,0,0,0,0,4.85861E+20,5.88076E+21,8.78895E+15,5.30762E+16
101363,101364,4,0,11,0,2016,8,19,1,3,6,4,0,0,1,0,1,0,0,0,4.90171E+20,5.88194E+21,8.85324E+15,5.30868E+16
101364,101365,4,0,11,0,2016,7,16,2,3,5,6,0,0,1,1,0,0,0,0,4.873E+20,5.87665E+21,8.81059E+15,5.30392E+16
101365,101366,4,0,11,0,2016,8,10,5,3,3,2,0,0,0,1,0,0,0,1,4.86411E+20,5.88078E+21,8.79715E+15,5.30764E+16
101366,101367,4,0,11,0,2016,8,17,6,3,0,7,0,0,0,0,0,0,0,1,4.91764E+20,5.88356E+21,8.87699E+15,5.31014E+16
101367,101368,4,0,11,0,2016,8,11,5,2,0,3,0,0,1,1,0,0,0,0,4.84824E+20,5.88249E+21,8.77339E+15,5.30917E+16
101368,101369,4,0,11,0,2016,8,19,5,3,0,7,0,1,0,1,0,1,0,0,4.88993E+20,5.8805E+21,8.8357E+15,5.30739E+16
101369,101370,4,0,11,0,2016,8,12,7,3,5,2,0,0,1,0,0,0,0,0,4.83926E+20,5.88492E+21,8.75985E+15,5.31135E+16
101370,101371,4,0,11,0,2016,8,13,6,3,5,3,0,0,1,1,0,0,0,0,4.74543E+20,5.89242E+21,8.61907E+15,5.31805E+16
101371,101372,4,0,11,0,2016,8,6,5,2,2,6,0,0,0,1,0,0,1,0,4.93256E+20,5.87887E+21,8.89936E+15,5.30593E+16
101372,101373,4,0,11,0,2016,8,11,5,2,5,3,0,1,1,1,0,0,0,0,4.91964E+20,5.88236E+21,8.88001E+15,5.30906E+16
101373,101374,4,0,11,0,2016,8,7,3,2,4,6,0,0,1,0,0,0,0,0,4.92409E+20,5.87801E+21,8.88675E+15,5.30515E+16
101374,101375,4,0,11,0,2016,7,12,6,2,2,6,0,0,0,1,0,0,0,0,4.91355E+20,5.88323E+21,8.87088E+15,5.30985E+16
101375,101376,4,0,11,0,2016,8,12,7,3,5,7,0,0,0,1,0,1,0,0,4.93477E+20,5.88343E+21,8.90258E+15,5.31003E+16
101376,101377,4,0,12,0,2016,7,9,7,3,3,6,0,0,1,1,0,0,0,0,4.73056E+20,5.93173E+21,8.59347E+15,5.35338E+16
101377,101378,4,0,11,0,2016,8,14,5,3,5,2,0,0,1,1,0,0,0,0,4.88643E+20,5.88181E+21,8.83044E+15,5.30857E+16
101378,101379,4,0,11,0,2016,7,13,3,3,2,6,0,0,0,1,0,0,0,0,4.83403E+20,5.88588E+21,8.75198E+15,5.31221E+16
101379,101380,4,0,11,0,2016,8,15,6,2,6,4,0,0,0,1,1,0,0,0,4.86075E+20,5.87957E+21,8.79218E+15,5.30654E+16
101380,101381,4,0,11,0,2016,8,6,4,3,3,6,0,0,0,1,0,1,0,0,4.92187E+20,5.87873E+21,8.88342E+15,5.3058E+16
101381,101382,4,0,11,0,2016,8,6,4,3,0,7,0,1,0,0,0,1,0,1,4.95484E+20,5.8766E+21,8.93265E+15,5.30389E+16
101382,101383,4,0,11,0,2016,8,14,2,3,4,6,0,0,1,0,0,1,0,0,4.92407E+20,5.87801E+21,8.88672E+15,5.30516E+16
101383,101384,4,0,11,0,2016,8,13,4,3,3,6,0,0,1,0,0,0,0,0,4.86561E+20,5.8801E+21,8.79942E+15,5.30702E+16
101384,101385,4,0,11,0,2016,7,14,5,3,4,1,0,0,1,0,0,0,0,0,4.75E+20,5.89088E+21,8.62603E+15,5.31667E+16
101385,101386,4,0,12,0,2016,8,13,3,3,0,1,0,0,1,0,0,0,1,0,4.72106E+20,5.93168E+21,8.57915E+15,5.35333E+16
101386,101387,4,0,11,0,2016,8,10,7,3,6,1,0,0,1,0,1,0,0,0,4.85892E+20,5.88264E+21,8.78933E+15,5.3093E+16
101387,101388,4,0,11,0,2016,7,15,4,3,2,6,0,0,0,1,0,0,0,0,4.91314E+20,5.87988E+21,8.87037E+15,5.30684E+16
101388,101389,4,0,12,0,2016,7,21,3,3,5,3,1,0,1,1,0,0,0,0,4.73397E+20,5.93578E+21,8.59827E+15,5.35702E+16
101389,101390,4,0,11,0,2016,8,16,2,3,5,3,0,0,1,0,0,0,0,0,4.87119E+20,5.88146E+21,8.80769E+15,5.30824E+16
101390,101391,4,0,11,0,2016,8,7,4,3,8,1,0,0,0,1,0,0,0,0,4.93887E+20,5.88454E+21,8.90868E+15,5.31102E+16
101391,101392,4,0,11,0,2016,8,15,2,3,5,3,0,1,1,0,0,0,0,0,4.94147E+20,5.87843E+21,8.91267E+15,5.30554E+16
101392,101393,4,0,11,0,2016,7,7,5,3,4,6,0,0,1,1,0,0,0,0,4.83854E+20,5.88251E+21,8.75891E+15,5.30918E+16
101393,101394,4,0,11,0,2016,7,13,4,3,2,6,0,0,0,1,0,0,0,0,4.96791E+20,5.87957E+21,8.95211E+15,5.30656E+16
101394,101395,4,0,11,0,2016,7,12,7,3,3,2,0,0,1,1,0,0,0,0,4.75126E+20,5.89146E+21,8.62788E+15,5.31719E+16
101395,101396,4,0,12,0,2016,8,19,4,3,6,7,0,0,0,1,1,0,0,0,4.74174E+20,5.93047E+21,8.61045E+15,5.35225E+16
101396,101397,4,0,11,0,2016,7,11,3,3,5,3,0,0,1,0,0,0,0,1,4.888E+20,5.88016E+21,8.83284E+15,5.30708E+16
101397,101398,4,0,11,0,2016,8,16,4,3,5,3,0,0,0,1,0,0,0,0,4.81029E+20,5.89213E+21,8.71615E+15,5.31782E+16
101398,101399,4,0,11,0,2016,8,13,3,3,2,6,0,0,0,1,0,0,0,0,4.88998E+20,5.87657E+21,8.83591E+15,5.30386E+16
101399,101400,4,0,11,0,2016,7,22,1,3,0,7,1,0,1,0,0,0,0,0,4.93054E+20,5.88144E+21,8.8963E+15,5.30824E+16
101400,101401,4,0,11,0,2016,8,8,3,3,5,2,0,0,1,1,0,0,0,0,4.86006E+20,5.88292E+21,8.79102E+15,5.30955E+16
101401,101402,4,0,11,0,2016,7,18,5,3,2,6,0,0,0,1,0,0,0,0,4.8353E+20,5.8857E+21,8.75389E+15,5.31204E+16
101402,101403,4,0,11,0,2016,8,6,3,3,2,6,0,0,0,1,0,0,0,0,4.85458E+20,5.88358E+21,8.7828E+15,5.31015E+16
101403,101404,4,0,11,0,2016,8,18,6,3,0,1,0,0,1,0,0,0,0,0,4.88409E+20,5.88038E+21,8.827E+15,5.30728E+16
101404,101405,4,0,11,0,2016,7,13,3,2,5,2,0,0,0,1,0,1,0,0,4.9344E+20,5.88023E+21,8.90208E+15,5.30715E+16
101405,101406,4,0,11,0,2016,8,10,1,3,0,3,0,0,1,1,0,0,0,0,4.9029E+20,5.88104E+21,8.85504E+15,5.30788E+16
101406,101407,4,0,12,0,2016,7,4,1,3,0,1,2,1,0,0,0,1,0,0,4.72731E+20,5.9362E+21,8.58818E+15,5.35739E+16
101407,101408,4,0,11,0,2016,7,11,3,2,0,7,0,0,1,0,0,0,0,1,4.9695E+20,5.87729E+21,8.95451E+15,5.30451E+16
101408,101409,4,0,11,0,2016,8,12,6,3,0,7,0,1,0,0,0,0,0,1,4.90422E+20,5.88146E+21,8.857E+15,5.30825E+16
101409,101410,4,0,11,0,2016,8,15,2,3,2,6,0,0,0,1,0,0,0,0,4.88384E+20,5.87994E+21,8.82663E+15,5.30688E+16
101410,101411,4,0,11,0,2016,7,12,1,3,7,1,0,0,1,0,0,0,0,1,4.88762E+20,5.88437E+21,8.83213E+15,5.31087E+16
101411,101412,4,0,11,0,2016,7,14,3,3,5,3,0,0,0,1,0,1,0,0,4.9603E+20,5.88097E+21,8.94073E+15,5.30782E+16
101412,101413,4,0,11,0,2016,8,9,5,2,0,3,0,1,1,0,0,0,0,1,4.91978E+20,5.88357E+21,8.88018E+15,5.31015E+16
101413,101414,4,0,11,0,2016,8,18,3,3,1,6,0,0,0,1,0,0,0,0,4.96328E+20,5.87875E+21,8.94522E+15,5.30582E+16
101414,101415,4,0,11,0,2016,7,16,7,3,4,2,0,1,0,1,0,0,0,0,4.86579E+20,5.8784E+21,8.79977E+15,5.3055E+16
101415,101416,4,0,11,0,2016,8,13,2,3,3,6,0,0,0,1,0,0,1,0,4.85919E+20,5.88111E+21,8.78979E+15,5.30793E+16
101416,101417,4,0,11,0,2016,8,9,3,3,6,4,0,0,0,1,1,0,0,0,4.89437E+20,5.87997E+21,8.84235E+15,5.30691E+16
101417,101418,4,0,11,0,2016,7,17,5,3,2,6,0,0,0,1,0,0,0,0,4.94359E+20,5.88019E+21,8.9158E+15,5.30712E+16
101418,101419,4,0,12,0,2016,8,22,2,3,4,1,2,1,0,1,0,0,0,1,4.73097E+20,5.93477E+21,8.59384E+15,5.35611E+16
101419,101420,4,0,11,0,2016,8,13,6,3,5,3,0,0,1,1,0,0,0,0,4.88579E+20,5.88219E+21,8.82946E+15,5.3089E+16
101420,101421,4,0,11,0,2016,8,7,7,3,5,3,0,0,0,1,0,0,0,1,4.75811E+20,5.8916E+21,8.63811E+15,5.31732E+16
101421,101422,4,0,11,0,2016,7,15,2,3,5,3,0,0,1,1,0,0,0,0,4.82562E+20,5.87756E+21,8.73988E+15,5.30472E+16
101422,101423,4,0,11,0,2016,8,7,7,3,6,1,0,0,0,1,1,0,0,0,4.91828E+20,5.88356E+21,8.87794E+15,5.31014E+16
101423,101424,4,0,12,0,2016,8,7,5,3,1,6,0,1,1,1,0,0,0,0,4.72989E+20,5.93559E+21,8.59214E+15,5.35685E+16
101424,101425,4,0,12,0,2016,8,7,3,3,6,4,0,1,1,0,1,0,0,0,4.72243E+20,5.9337E+21,8.58104E+15,5.35515E+16
101425,101426,4,0,11,0,2016,7,9,6,2,4,2,0,0,0,1,0,0,0,0,4.89302E+20,5.87628E+21,8.84046E+15,5.30359E+16
101426,101427,4,0,12,0,2016,8,16,7,3,5,3,0,0,1,1,0,0,0,0,4.74226E+20,5.93126E+21,8.61117E+15,5.35296E+16
101427,101428,4,0,11,0,2016,7,14,1,3,0,1,0,0,1,0,0,0,0,0,4.87078E+20,5.87948E+21,8.80717E+15,5.30646E+16
101428,101429,4,0,11,0,2016,8,13,4,3,3,6,0,0,1,1,0,0,0,0,4.93901E+20,5.87851E+21,8.90901E+15,5.3056E+16
101429,101430,4,0,11,0,2016,8,17,1,3,5,3,0,0,1,1,0,0,0,0,4.857E+20,5.88291E+21,8.78645E+15,5.30955E+16
101430,101431,4,0,11,0,2016,7,23,2,3,4,6,2,0,1,0,0,0,0,0,4.86816E+20,5.88032E+21,8.80322E+15,5.30722E+16
101431,101432,4,0,12,0,2016,8,10,2,3,5,7,0,0,1,1,0,0,0,0,4.72813E+20,5.93234E+21,8.58976E+15,5.35392E+16
101432,101433,4,0,11,0,2016,7,13,5,3,5,3,0,0,0,1,0,0,0,0,4.8258E+20,5.87802E+21,8.74011E+15,5.30514E+16
101433,101434,4,0,11,0,2016,8,16,2,3,0,1,0,1,1,0,0,0,0,0,4.88449E+20,5.88036E+21,8.82759E+15,5.30726E+16
101434,101435,4,0,11,0,2016,8,9,5,3,8,1,0,0,0,0,0,1,0,0,4.83758E+20,5.88149E+21,8.75752E+15,5.30826E+16
101435,101436,4,0,12,0,2016,8,22,6,2,8,1,2,0,0,0,0,1,0,0,4.73388E+20,5.93539E+21,8.59817E+15,5.35667E+16
101436,101437,4,0,11,0,2016,8,6,5,2,9,1,0,1,0,0,0,1,0,0,4.90148E+20,5.87641E+21,8.85307E+15,5.30371E+16
101437,101438,4,0,11,0,2016,8,12,5,3,0,5,0,1,1,0,0,0,0,1,4.71421E+20,5.8943E+21,8.5722E+15,5.31973E+16
101438,101439,4,0,11,0,2016,8,8,3,3,5,2,0,0,0,1,0,0,0,1,4.86996E+20,5.88272E+21,8.80581E+15,5.30938E+16
101439,101440,4,0,11,0,2016,7,9,5,2,6,4,0,0,0,1,1,0,0,0,4.87368E+20,5.88122E+21,8.81142E+15,5.30803E+16
101440,101441,4,0,11,0,2016,7,12,7,3,5,3,0,0,1,1,0,0,0,0,4.8476E+20,5.88442E+21,8.77234E+15,5.3109E+16
101441,101442,4,0,12,0,2016,8,18,4,2,6,2,0,0,0,1,1,0,0,0,4.72472E+20,5.93053E+21,8.58478E+15,5.3523E+16
101442,101443,4,0,11,0,2016,7,1,3,3,5,3,2,0,1,1,0,0,0,0,4.89602E+20,5.87738E+21,8.84489E+15,5.30458E+16
101443,101444,4,0,12,0,2016,8,9,5,3,8,1,0,0,1,0,0,0,0,0,4.72584E+20,5.93477E+21,8.58609E+15,5.35611E+16
101444,101445,4,0,11,0,2016,8,20,5,2,9,1,1,0,0,0,0,0,0,1,4.87136E+20,5.88155E+21,8.80795E+15,5.30832E+16
101445,101446,4,0,11,0,2016,8,9,6,3,5,3,0,0,1,1,0,0,0,0,4.95001E+20,5.88039E+21,8.92539E+15,5.3073E+16
101446,101447,4,0,12,0,2016,8,11,4,3,6,4,0,1,0,1,1,0,0,0,4.73437E+20,5.92841E+21,8.59951E+15,5.3504E+16
101447,101448,4,0,11,0,2016,8,8,4,3,4,6,0,1,1,0,0,0,0,0,4.86062E+20,5.88183E+21,8.7919E+15,5.30857E+16
101448,101449,4,0,11,0,2016,8,12,2,2,9,1,0,0,0,0,0,1,0,0,4.79864E+20,5.88166E+21,8.69938E+15,5.3084E+16
101449,101450,4,0,11,0,2016,8,8,4,3,2,6,0,0,0,1,0,0,0,0,4.92852E+20,5.88145E+21,8.89329E+15,5.30825E+16
101450,101451,4,0,11,0,2016,8,15,7,3,5,3,0,0,0,1,0,1,0,0,4.91661E+20,5.88141E+21,8.87551E+15,5.30821E+16
101451,101452,4,0,12,0,2016,7,13,4,2,5,3,0,0,1,1,0,0,0,0,4.73055E+20,5.93315E+21,8.59334E+15,5.35465E+16
101452,101453,4,0,11,0,2016,7,10,4,3,6,4,0,0,0,1,1,0,0,0,4.87294E+20,5.88145E+21,8.81032E+15,5.30823E+16
101453,101454,4,0,12,0,2016,7,18,6,3,8,1,0,0,1,0,0,0,0,0,4.72487E+20,5.93466E+21,8.58465E+15,5.35601E+16
101454,101455,4,0,11,0,2016,8,6,2,2,5,3,0,0,0,1,0,1,0,0,4.81486E+20,5.87715E+21,8.72385E+15,5.30435E+16
101455,101456,4,0,11,0,2016,8,16,4,3,5,2,0,0,1,1,0,0,0,0,4.87848E+20,5.87717E+21,8.81874E+15,5.30439E+16
101456,101457,4,0,11,0,2016,7,6,3,3,5,3,0,0,1,1,0,0,0,0,4.88343E+20,5.8761E+21,8.82617E+15,5.30343E+16
101457,101458,4,0,11,0,2016,8,15,4,2,0,1,0,0,1,0,0,0,0,0,4.87218E+20,5.88106E+21,8.80919E+15,5.30789E+16
101458,101459,4,0,11,0,2016,8,8,3,3,9,7,0,1,0,1,0,0,0,0,4.8711E+20,5.88339E+21,8.80748E+15,5.30998E+16
101459,101460,4,0,11,0,2016,7,6,1,3,6,7,1,0,0,1,1,0,0,0,4.87605E+20,5.88116E+21,8.81497E+15,5.30797E+16
101460,101461,4,0,12,0,2016,8,20,2,3,1,1,1,0,1,1,0,0,0,0,4.73481E+20,5.93124E+21,8.59993E+15,5.35294E+16
101461,101462,4,0,11,0,2016,8,15,3,3,5,3,0,0,1,1,0,0,0,0,4.89927E+20,5.87773E+21,8.84973E+15,5.3049E+16
101462,101463,4,0,11,0,2016,7,9,5,3,6,4,0,0,0,1,1,0,0,0,4.89116E+20,5.88083E+21,8.83753E+15,5.30768E+16
101463,101464,4,0,11,0,2016,8,13,3,2,5,2,0,0,1,1,0,0,0,0,4.87883E+20,5.88122E+21,8.81911E+15,5.30803E+16
101464,101465,4,0,11,0,2016,8,7,4,3,0,2,0,1,1,1,0,0,0,0,4.84299E+20,5.88422E+21,8.76546E+15,5.31072E+16
101465,101466,4,0,12,0,2016,8,13,3,3,2,6,0,0,0,1,0,0,0,0,4.73069E+20,5.92949E+21,8.59387E+15,5.35136E+16
101466,101467,4,0,11,0,2016,8,8,2,3,5,2,0,0,1,1,0,0,0,0,4.85768E+20,5.88229E+21,8.78748E+15,5.30899E+16
101467,101468,4,0,11,0,2016,8,8,4,3,5,3,0,0,1,1,0,0,0,0,4.86972E+20,5.88136E+21,8.8055E+15,5.30816E+16
101468,101469,4,0,11,0,2016,7,14,5,3,1,6,0,0,0,1,0,0,0,1,4.90369E+20,5.88145E+21,8.85622E+15,5.30825E+16
101469,101470,4,0,12,0,2016,8,7,3,3,5,3,0,0,0,1,0,0,0,0,4.73395E+20,5.93744E+21,8.59811E+15,5.35852E+16
101470,101471,4,0,11,0,2016,8,13,6,3,5,3,0,0,1,1,0,0,0,0,4.7831E+20,5.89163E+21,8.67549E+15,5.31736E+16
101471,101472,4,0,11,0,2016,7,10,3,3,0,7,0,0,0,0,1,0,0,1,4.89412E+20,5.88218E+21,8.8419E+15,5.3089E+16
101472,101473,4,0,11,0,2016,8,16,2,3,0,7,0,0,0,0,0,0,0,1,4.74533E+20,5.89225E+21,8.61894E+15,5.3179E+16
101473,101474,4,0,12,0,2016,7,16,7,3,0,7,0,0,1,0,0,0,0,0,4.7309E+20,5.9349E+21,8.59372E+15,5.35622E+16
101474,101475,4,0,11,0,2016,7,14,3,3,5,3,0,0,1,1,0,0,0,0,4.71546E+20,5.89438E+21,8.57406E+15,5.3198E+16
101475,101476,4,0,11,0,2016,8,14,6,2,2,6,0,1,0,1,0,0,1,0,4.9013E+20,5.88047E+21,8.85269E+15,5.30736E+16
101476,101477,4,0,11,0,2016,8,14,5,3,5,3,0,1,1,1,0,0,0,0,4.75656E+20,5.8916E+21,8.63579E+15,5.31732E+16
101477,101478,4,0,11,0,2016,8,15,3,3,0,7,0,0,0,0,0,0,0,1,4.79209E+20,5.89118E+21,8.68898E+15,5.31696E+16
101478,101479,4,0,11,0,2016,8,19,2,2,5,3,0,0,1,1,0,0,0,0,4.91108E+20,5.88006E+21,8.86729E+15,5.30699E+16
101479,101480,4,0,11,0,2016,8,10,3,3,5,3,0,0,0,1,0,0,0,0,4.85795E+20,5.87929E+21,8.78803E+15,5.30629E+16
101480,101481,4,0,11,0,2016,7,20,5,3,2,6,0,0,0,1,0,0,0,0,4.82465E+20,5.87755E+21,8.73843E+15,5.30472E+16
101481,101482,4,0,11,0,2016,8,7,2,3,2,7,0,0,0,1,0,0,0,0,4.87737E+20,5.88102E+21,8.81694E+15,5.30785E+16
101482,101483,4,0,11,0,2016,8,11,6,3,1,5,0,0,1,0,0,0,0,1,4.88671E+20,5.88085E+21,8.83089E+15,5.3077E+16
101483,101484,4,0,11,0,2016,8,22,7,3,5,3,2,0,0,1,0,0,0,0,4.94391E+20,5.8802E+21,8.91629E+15,5.30712E+16
101484,101485,4,0,11,0,2016,7,22,2,3,9,1,2,0,0,0,0,1,0,0,4.82038E+20,5.88171E+21,8.73183E+15,5.30846E+16
101485,101486,4,0,11,0,2016,8,15,6,3,4,2,0,1,1,1,0,0,0,0,4.85536E+20,5.8807E+21,8.7841E+15,5.30756E+16
101486,101487,4,0,11,0,2016,8,10,5,3,5,3,0,0,0,1,0,0,0,0,4.87178E+20,5.88151E+21,8.80857E+15,5.30829E+16
101487,101488,4,0,11,0,2016,8,10,6,3,2,6,0,0,0,1,0,0,0,0,4.85412E+20,5.88355E+21,8.78211E+15,5.31012E+16
101488,101489,4,0,12,0,2016,7,20,2,3,7,6,0,0,1,0,0,0,0,0,4.72206E+20,5.93434E+21,8.58043E+15,5.35572E+16
101489,101490,4,0,11,0,2016,8,12,7,3,5,2,0,0,1,1,0,0,0,0,4.90186E+20,5.87949E+21,8.85354E+15,5.30648E+16
101490,101491,4,0,11,0,2016,7,17,2,3,5,2,0,0,1,1,0,0,0,0,4.91734E+20,5.88133E+21,8.8766E+15,5.30814E+16
101491,101492,4,0,11,0,2016,8,15,6,3,0,7,0,1,0,0,0,1,0,1,4.90099E+20,5.87636E+21,8.85234E+15,5.30367E+16
101492,101493,4,0,11,0,2016,8,6,4,3,0,7,0,0,1,0,0,0,0,1,4.77367E+20,5.89031E+21,8.66148E+15,5.31617E+16
101493,101494,4,0,12,0,2016,7,13,6,3,6,4,0,0,0,1,1,0,0,0,4.7402E+20,5.93826E+21,8.60749E+15,5.35926E+16
101494,101495,4,0,11,0,2016,8,15,1,3,6,3,0,0,1,0,1,0,0,0,4.85942E+20,5.88282E+21,8.79007E+15,5.30946E+16
101495,101496,4,0,11,0,2016,7,16,2,2,6,4,0,0,0,1,1,0,0,0,4.87398E+20,5.88048E+21,8.8119E+15,5.30736E+16
101496,101497,4,0,11,0,2016,8,15,2,3,0,1,0,1,1,0,0,0,0,0,4.90169E+20,5.88388E+21,8.85315E+15,5.31043E+16
101497,101498,4,0,11,0,2016,8,18,5,3,5,3,0,0,0,1,0,0,0,0,4.87184E+20,5.88284E+21,8.80862E+15,5.30949E+16
101498,101499,4,0,11,0,2016,8,13,6,2,4,6,0,1,0,1,0,0,0,0,4.8734E+20,5.88258E+21,8.81095E+15,5.30925E+16
101499,101500,4,0,11,0,2016,8,7,5,3,4,3,0,0,1,0,0,0,0,0,4.90824E+20,5.88023E+21,8.86305E+15,5.30714E+16
101500,101501,4,0,11,0,2016,8,7,5,2,0,7,0,0,1,0,0,0,0,0,4.85338E+20,5.88483E+21,8.78096E+15,5.31127E+16
101501,101502,4,0,11,0,2016,8,15,2,3,1,6,0,0,0,1,0,0,0,0,4.86678E+20,5.87945E+21,8.80119E+15,5.30644E+16
101502,101503,4,0,11,0,2016,8,13,3,3,5,3,0,1,1,1,0,0,0,0,4.97183E+20,5.8777E+21,8.95798E+15,5.30488E+16
101503,101504,4,0,11,0,2016,8,19,2,3,2,6,0,1,0,1,0,0,0,0,4.93433E+20,5.88044E+21,8.90198E+15,5.30734E+16
101504,101505,4,0,11,0,2016,8,19,3,3,5,3,0,1,0,1,0,1,0,0,4.79495E+20,5.89226E+21,8.69318E+15,5.31793E+16
101505,101506,4,0,11,0,2016,7,12,6,2,6,4,0,0,0,1,1,0,0,0,4.88907E+20,5.8814E+21,8.83439E+15,5.30819E+16
101506,101507,4,0,11,0,2016,8,21,7,3,8,1,2,0,0,1,0,0,0,0,4.74092E+20,5.89182E+21,8.61238E+15,5.31751E+16
101507,101508,4,0,11,0,2016,7,23,1,3,6,4,2,0,1,0,1,0,0,0,4.92942E+20,5.88122E+21,8.89463E+15,5.30804E+16