FID,OBJECTID,ULAND,UREGBEZ,UKREIS,UGEMEINDE,UJAHR,UMONAT,USTUNDE,UWOCHENTAG,UKATEGORIE,UART,UTYP1,ULICHTVERH,IstStrasse,IstRad,IstPKW,IstFuss,IstKrad,IstGkfz,IstSonstig,LINREFX,LINREFY,XGCSWGS84,YGCSWGS84
101508,101509,4,0,11,0,2016,8,17,5,3,0,3,0,0,1,0,1,0,0,0,4.87001E+20,5.88045E+21,8.80598E+15,5.30733E+16
101509,101510,4,0,11,0,2016,8,16,6,3,2,6,0,1,0,1,0,0,0,0,4.87748E+20,5.88105E+21,8.8171E+15,5.30788E+16
101510,101511,4,0,11,0,2016,8,16,4,3,3,6,0,0,1,1,0,0,0,1,4.88826E+20,5.88104E+21,8.8332E+15,5.30787E+16
101511,101512,4,0,11,0,2016,8,9,4,3,2,6,0,0,0,1,0,0,0,0,4.92531E+20,5.87916E+21,8.88854E+15,5.30619E+16
101512,101513,4,0,11,0,2016,8,9,2,3,5,3,0,0,1,1,0,0,0,0,4.91647E+20,5.88355E+21,8.87525E+15,5.31014E+16
101513,101514,4,0,11,0,2016,8,18,4,3,2,6,0,0,0,1,0,0,0,0,4.85706E+20,5.88059E+21,8.78663E+15,5.30746E+16
101514,101515,4,0,11,0,2016,7,6,5,3,5,2,0,0,1,1,0,0,0,0,4.92382E+20,5.87613E+21,8.88639E+15,5.30346E+16
101515,101516,4,0,12,0,2016,8,21,3,3,2,6,2,0,0,1,0,0,0,0,4.71953E+20,5.93682E+21,8.57638E+15,5.35795E+16
101516,101517,4,0,11,0,2016,8,13,7,3,0,3,0,0,1,1,0,0,0,0,4.83775E+20,5.87876E+21,8.75792E+15,5.30581E+16
101517,101518,4,0,11,0,2016,7,8,4,3,5,2,0,0,1,1,0,0,0,0,4.88294E+20,5.88107E+21,8.82525E+15,5.3079E+16
101518,101519,4,0,11,0,2016,7,15,4,3,5,3,0,0,1,1,0,0,0,0,4.84641E+20,5.88103E+21,8.77072E+15,5.30785E+16
101519,101520,4,0,11,0,2016,7,16,6,3,0,7,0,0,0,0,0,0,0,1,4.86961E+20,5.88243E+21,8.80529E+15,5.30912E+16
101520,101521,4,0,11,0,2016,8,17,2,3,2,6,0,0,0,1,0,0,0,0,4.87314E+20,5.88139E+21,8.81061E+15,5.30818E+16
101521,101522,4,0,11,0,2016,7,12,7,3,0,7,0,0,1,0,0,0,0,0,4.88141E+20,5.8804E+21,8.82299E+15,5.30729E+16
101522,101523,4,0,11,0,2016,9,14,5,3,0,1,0,1,0,0,0,1,0,0,4.91248E+20,5.87942E+21,8.86939E+15,5.30642E+16
101523,101524,4,0,11,0,2016,8,8,2,3,5,2,0,1,0,1,0,0,0,0,4.89097E+20,5.87649E+21,8.83739E+15,5.30378E+16
101524,101525,4,0,11,0,2016,10,16,1,3,2,6,0,0,0,1,0,0,0,0,4.89853E+20,5.8779E+21,8.84863E+15,5.30506E+16
101525,101526,4,0,11,0,2016,9,8,3,3,5,2,0,0,1,1,0,0,0,0,4.88242E+20,5.88169E+21,8.82445E+15,5.30845E+16
101526,101527,4,0,11,0,2016,9,16,1,3,3,6,0,0,0,1,0,0,0,0,4.88973E+20,5.87622E+21,8.83555E+15,5.30354E+16
101527,101528,4,0,11,0,2016,9,12,6,3,5,2,0,0,1,1,0,0,0,0,4.72238E+20,5.89254E+21,8.58458E+15,5.31814E+16
101528,101529,4,0,11,0,2016,9,19,4,3,5,3,0,0,1,1,0,0,0,0,4.85886E+20,5.88232E+21,8.78925E+15,5.30901E+16
101529,101530,4,0,11,0,2016,9,21,4,2,0,1,2,0,1,0,0,0,0,0,4.92436E+20,5.87879E+21,8.88714E+15,5.30586E+16
101530,101531,4,0,11,0,2016,9,12,2,3,2,6,0,0,0,1,0,0,0,0,4.85037E+20,5.87935E+21,8.77671E+15,5.30634E+16
101531,101532,4,0,11,0,2016,9,19,7,3,0,1,1,0,1,0,0,0,0,0,4.86633E+20,5.88105E+21,8.80046E+15,5.30788E+16
101532,101533,4,0,11,0,2016,8,16,5,3,4,2,0,0,1,1,0,0,0,0,4.87963E+20,5.8819E+21,8.82029E+15,5.30865E+16
101533,101534,4,0,11,0,2016,9,16,1,2,6,4,0,0,1,0,1,0,0,0,4.89211E+20,5.88949E+21,8.83866E+15,5.31547E+16
101534,101535,4,0,11,0,2016,9,21,5,3,5,2,2,0,0,1,0,1,0,0,4.97132E+20,5.87866E+21,8.9572E+15,5.30575E+16
101535,101536,4,0,12,0,2016,8,10,3,3,5,3,0,0,0,1,0,0,0,0,4.73239E+20,5.93541E+21,8.59592E+15,5.35669E+16
101536,101537,4,0,11,0,2016,8,12,7,3,6,4,0,0,0,1,1,0,0,0,4.87339E+20,5.88038E+21,8.81102E+15,5.30727E+16
101537,101538,4,0,11,0,2016,9,14,6,2,5,2,0,0,1,0,0,0,1,0,4.85523E+20,5.88205E+21,8.78384E+15,5.30877E+16
101538,101539,4,0,12,0,2016,8,11,5,3,5,3,0,0,0,1,0,0,0,0,4.73048E+20,5.93404E+21,8.59317E+15,5.35545E+16
101539,101540,4,0,11,0,2016,9,14,6,3,2,6,0,0,0,1,0,0,0,0,4.92985E+20,5.87849E+21,8.89534E+15,5.30558E+16
101540,101541,4,0,11,0,2016,9,20,6,3,1,5,2,0,0,1,0,1,0,0,4.96592E+20,5.87933E+21,8.94915E+15,5.30634E+16
101541,101542,4,0,11,0,2016,9,16,4,3,9,7,0,0,0,1,0,0,0,0,4.84849E+20,5.87918E+21,8.77392E+15,5.30619E+16
101542,101543,4,0,11,0,2016,9,18,4,3,0,7,1,0,0,0,0,1,0,0,4.87471E+20,5.88126E+21,8.81296E+15,5.30807E+16
101543,101544,4,0,11,0,2016,9,20,3,3,1,7,2,0,1,0,1,0,0,0,4.8486E+20,5.88095E+21,8.77399E+15,5.30778E+16
101544,101545,4,0,11,0,2016,9,17,3,3,5,3,0,0,1,1,0,0,0,0,4.84538E+20,5.8815E+21,8.76916E+15,5.30827E+16
101545,101546,4,0,11,0,2016,9,7,1,3,1,1,1,1,0,1,0,0,0,1,4.87849E+20,5.88084E+21,8.81861E+15,5.30769E+16
101546,101547,4,0,12,0,2016,9,18,2,1,5,3,0,0,1,1,0,1,0,0,4.7318E+20,5.93599E+21,8.59498E+15,5.35721E+16
101547,101548,4,0,12,0,2016,9,17,6,3,5,3,0,0,1,1,0,0,0,0,4.73051E+20,5.93766E+21,8.59289E+15,5.35871E+16
101548,101549,4,0,11,0,2016,8,5,5,3,0,1,1,0,1,0,0,0,0,0,4.9353E+20,5.8789E+21,8.90345E+15,5.30595E+16
101549,101550,4,0,11,0,2016,9,15,7,2,6,4,0,0,1,0,1,0,0,0,4.85527E+20,5.88898E+21,8.78359E+15,5.315E+16
101550,101551,4,0,12,0,2016,9,21,4,3,5,3,2,0,0,1,0,0,0,0,4.72161E+20,5.93317E+21,8.57985E+15,5.35467E+16
101551,101552,4,0,11,0,2016,8,19,3,3,0,3,0,0,1,1,0,0,0,0,4.81021E+20,5.88833E+21,8.71625E+15,5.3144E+16
101552,101553,4,0,11,0,2016,8,12,6,3,2,6,0,0,0,1,0,0,0,0,4.87603E+20,5.88116E+21,8.81493E+15,5.30797E+16
101553,101554,4,0,11,0,2016,9,15,5,3,5,3,0,0,1,1,0,0,0,0,4.87613E+20,5.88087E+21,8.81509E+15,5.30771E+16
101554,101555,4,0,11,0,2016,9,10,5,2,5,2,0,0,1,0,0,0,1,0,4.85603E+20,5.88216E+21,8.78503E+15,5.30887E+16
101555,101556,4,0,11,0,2016,9,7,4,3,3,2,0,0,1,0,0,0,1,0,4.85533E+20,5.8807E+21,8.78405E+15,5.30756E+16
101556,101557,4,0,11,0,2016,9,12,3,3,5,3,0,0,1,1,0,0,0,0,4.97488E+20,5.88708E+21,8.96246E+15,5.31331E+16
101557,101558,4,0,11,0,2016,9,11,6,3,5,3,0,0,1,0,0,1,0,0,4.85847E+20,5.88379E+21,8.78861E+15,5.31034E+16
101558,101559,4,0,11,0,2016,9,16,1,3,0,1,0,0,1,0,0,0,0,0,4.88181E+20,5.88083E+21,8.82357E+15,5.30768E+16
101559,101560,4,0,12,0,2016,8,15,2,3,1,6,0,0,0,1,0,0,0,1,4.73923E+20,5.93809E+21,8.60603E+15,5.3591E+16
101560,101561,4,0,11,0,2016,9,16,3,3,2,6,0,0,0,1,0,0,0,0,4.92398E+20,5.87794E+21,8.88659E+15,5.30509E+16
101561,101562,4,0,12,0,2016,9,16,6,2,4,6,0,0,0,0,0,0,1,1,4.70251E+20,5.93817E+21,8.55055E+15,5.35916E+16
101562,101563,4,0,11,0,2016,9,15,2,2,6,4,0,0,0,0,1,1,0,0,4.80711E+20,5.88867E+21,8.7116E+15,5.3147E+16
101563,101564,4,0,11,0,2016,9,6,6,2,5,3,1,0,1,0,0,0,0,0,4.76091E+20,5.89048E+21,8.64239E+15,5.31631E+16
101564,101565,4,0,11,0,2016,9,15,6,3,5,3,0,0,0,1,0,0,0,1,4.81599E+20,5.87867E+21,8.72545E+15,5.30572E+16
101565,101566,4,0,11,0,2016,9,7,4,3,5,3,0,0,1,1,0,0,0,0,4.86359E+20,5.88237E+21,8.7963E+15,5.30906E+16
101566,101567,4,0,11,0,2016,9,21,7,3,2,6,2,0,0,1,0,0,0,0,4.80089E+20,5.89098E+21,8.70215E+15,5.31678E+16
101567,101568,4,0,11,0,2016,8,16,6,3,3,6,0,0,1,0,0,0,0,0,4.90187E+20,5.87949E+21,8.85355E+15,5.30648E+16
101568,101569,4,0,12,0,2016,9,15,4,3,0,6,0,0,0,1,0,0,0,1,4.73388E+20,5.93753E+21,8.59799E+15,5.35859E+16
101569,101570,4,0,11,0,2016,9,13,6,3,6,4,0,0,0,1,1,0,0,0,4.8539E+20,5.88245E+21,8.78184E+15,5.30913E+16
101570,101571,4,0,11,0,2016,9,17,5,3,5,2,0,0,0,1,0,1,0,0,4.9611E+20,5.87907E+21,8.94196E+15,5.30611E+16
101571,101572,4,0,11,0,2016,9,18,3,3,3,6,0,0,1,1,0,0,0,0,4.90058E+20,5.88161E+21,8.85157E+15,5.30838E+16
101572,101573,4,0,11,0,2016,9,0,3,3,5,3,2,0,1,1,0,0,0,0,4.87677E+20,5.88131E+21,8.81603E+15,5.30811E+16
101573,101574,4,0,11,0,2016,9,17,5,3,5,3,0,0,1,0,0,0,0,0,4.88287E+20,5.88166E+21,8.82513E+15,5.30843E+16
101574,101575,4,0,11,0,2016,8,8,2,3,3,6,0,0,0,1,0,0,1,0,4.87183E+20,5.88032E+21,8.8087E+15,5.30722E+16
101575,101576,4,0,12,0,2016,10,22,1,3,9,1,2,1,0,1,0,0,0,0,4.73316E+20,5.92748E+21,8.59776E+15,5.34956E+16
101576,101577,4,0,11,0,2016,9,8,3,2,5,3,0,0,1,0,0,0,0,0,4.88556E+20,5.88121E+21,8.82916E+15,5.30803E+16
101577,101578,4,0,11,0,2016,9,19,2,3,5,3,1,0,1,1,0,0,0,0,4.93995E+20,5.8802E+21,8.91037E+15,5.30712E+16
101578,101579,4,0,11,0,2016,9,11,6,3,1,7,0,0,1,1,0,0,0,0,4.86292E+20,5.87957E+21,8.79543E+15,5.30654E+16
101579,101580,4,0,11,0,2016,9,18,5,3,1,5,0,0,1,1,0,0,0,0,4.88489E+20,5.88153E+21,8.82815E+15,5.30831E+16
101580,101581,4,0,11,0,2016,9,15,4,3,5,3,0,0,1,1,0,0,0,0,4.8458E+20,5.88458E+21,8.76964E+15,5.31104E+16
101581,101582,4,0,12,0,2016,9,17,2,3,5,3,0,0,0,1,0,0,1,0,4.72955E+20,5.93704E+21,8.5915E+15,5.35815E+16
101582,101583,4,0,11,0,2016,9,12,5,3,5,3,0,0,1,1,0,0,0,0,4.75444E+20,5.8925E+21,8.63255E+15,5.31813E+16
101583,101584,4,0,11,0,2016,9,9,3,3,5,3,0,0,1,1,0,0,0,0,4.92004E+20,5.88013E+21,8.88066E+15,5.30706E+16
101584,101585,4,0,11,0,2016,9,8,2,2,2,6,0,0,0,1,0,0,1,0,4.93146E+20,5.87885E+21,8.89772E+15,5.30591E+16
101585,101586,4,0,11,0,2016,9,7,6,3,5,2,0,0,1,1,0,0,0,0,4.89696E+20,5.87757E+21,8.84629E+15,5.30475E+16
101586,101587,4,0,12,0,2016,8,10,4,3,3,5,0,0,0,1,0,1,0,0,4.72567E+20,5.93454E+21,8.58585E+15,5.3559E+16
101587,101588,4,0,11,0,2016,8,13,4,3,0,7,0,0,1,0,1,0,0,0,4.86456E+20,5.88083E+21,8.79783E+15,5.30768E+16
101588,101589,4,0,11,0,2016,8,23,2,3,3,6,2,0,0,1,0,0,0,0,4.85444E+20,5.87843E+21,8.78283E+15,5.30552E+16
101589,101590,4,0,11,0,2016,8,16,1,3,2,6,0,0,0,1,0,0,0,0,4.89613E+20,5.87742E+21,8.84507E+15,5.30462E+16
101590,101591,4,0,11,0,2016,10,15,7,3,2,6,0,0,0,1,0,0,0,0,4.86343E+20,5.88229E+21,8.79608E+15,5.30899E+16
101591,101592,4,0,11,0,2016,9,10,2,3,1,7,0,0,0,1,0,0,0,0,4.96489E+20,5.87844E+21,8.94761E+15,5.30554E+16
101592,101593,4,0,11,0,2016,9,18,1,3,6,4,0,0,1,0,1,0,0,0,4.85768E+20,5.88006E+21,8.78758E+15,5.30698E+16
101593,101594,4,0,11,0,2016,9,7,4,3,5,3,0,0,1,0,0,1,0,0,4.87584E+20,5.88174E+21,8.81463E+15,5.3085E+16
101594,101595,4,0,12,0,2016,9,15,3,2,0,1,0,0,1,0,0,0,0,0,4.73713E+20,5.93058E+21,8.60348E+15,5.35235E+16
101595,101596,4,0,11,0,2016,9,13,2,2,8,1,0,0,1,0,0,0,0,0,4.79332E+20,5.8911E+21,8.69082E+15,5.31688E+16
101596,101597,4,0,11,0,2016,9,18,3,3,5,3,0,0,1,1,0,0,0,0,4.71495E+20,5.89449E+21,8.57328E+15,5.3199E+16
101597,101598,4,0,11,0,2016,9,21,7,3,6,4,2,0,0,1,1,0,0,0,4.8603E+20,5.87952E+21,8.79153E+15,5.3065E+16
101598,101599,4,0,11,0,2016,8,14,5,3,5,2,0,0,1,1,0,0,0,0,4.9344E+20,5.88022E+21,8.90209E+15,5.30715E+16
101599,101600,4,0,11,0,2016,9,15,1,3,0,1,0,0,0,0,0,1,0,0,4.70319E+20,5.89304E+21,8.55581E+15,5.31858E+16
101600,101601,4,0,11,0,2016,9,8,5,3,2,6,0,0,0,1,0,0,0,0,4.83425E+20,5.88478E+21,8.75238E+15,5.31122E+16
101601,101602,4,0,12,0,2016,8,12,3,2,4,3,0,0,0,1,0,1,0,0,4.72696E+20,5.92908E+21,8.58829E+15,5.35099E+16
101602,101603,4,0,12,0,2016,8,10,6,3,3,2,0,0,0,1,0,0,0,1,4.73173E+20,5.9323E+21,8.59519E+15,5.35389E+16
101603,101604,4,0,12,0,2016,9,19,5,3,2,6,2,1,0,1,0,0,0,0,4.73495E+20,5.93117E+21,8.60016E+15,5.35288E+16
101604,101605,4,0,11,0,2016,8,7,5,3,5,3,0,0,1,1,0,0,0,0,4.82465E+20,5.87756E+21,8.73843E+15,5.30472E+16
101605,101606,4,0,12,0,2016,9,11,7,3,2,6,0,0,0,1,0,0,0,0,4.73155E+20,5.92685E+21,8.59539E+15,5.349E+16
101606,101607,4,0,11,0,2016,8,23,5,2,9,1,2,0,0,1,0,0,0,0,4.95243E+20,5.88793E+21,8.92889E+15,5.31407E+16
101607,101608,4,0,11,0,2016,9,2,1,3,5,3,2,0,1,1,0,0,0,0,4.87415E+20,5.88314E+21,8.81205E+15,5.30976E+16
101608,101609,4,0,11,0,2016,9,13,5,3,5,3,0,0,1,0,0,1,0,0,4.91452E+20,5.8793E+21,8.87245E+15,5.30631E+16
101609,101610,4,0,11,0,2016,8,9,4,3,6,7,0,0,1,0,1,0,0,0,4.87172E+20,5.88151E+21,8.80849E+15,5.30829E+16
101610,101611,4,0,11,0,2016,8,20,7,3,5,2,1,0,0,1,0,1,0,0,4.89101E+20,5.88084E+21,8.8373E+15,5.30769E+16
101611,101612,4,0,11,0,2016,9,16,6,2,0,1,0,1,0,0,0,1,0,1,4.88143E+20,5.88096E+21,8.823E+15,5.3078E+16
101612,101613,4,0,11,0,2016,8,11,5,3,0,7,0,0,0,0,0,0,0,1,4.91346E+20,5.88244E+21,8.87077E+15,5.30914E+16
101613,101614,4,0,11,0,2016,9,2,7,1,6,4,2,0,0,1,1,0,0,0,4.9537E+20,5.87897E+21,8.93092E+15,5.30602E+16
101614,101615,4,0,11,0,2016,9,20,6,3,5,3,1,0,1,1,0,0,0,0,4.87533E+20,5.88121E+21,8.81388E+15,5.30802E+16
101615,101616,4,0,11,0,2016,9,8,4,3,6,7,0,0,0,1,1,0,0,0,4.86908E+20,5.88294E+21,8.80449E+15,5.30958E+16
101616,101617,4,0,11,0,2016,9,22,3,3,5,2,2,0,1,1,0,0,0,0,4.94863E+20,5.87888E+21,8.92336E+15,5.30594E+16
101617,101618,4,0,11,0,2016,9,17,1,3,5,3,0,1,0,1,0,0,0,0,4.90328E+20,5.88002E+21,8.85565E+15,5.30696E+16
101618,101619,4,0,11,0,2016,9,7,2,3,5,2,0,0,1,1,0,0,0,0,4.87857E+20,5.87635E+21,8.8189E+15,5.30365E+16
101619,101620,4,0,11,0,2016,9,17,6,3,5,3,0,0,1,1,0,0,0,0,4.92193E+20,5.88346E+21,8.88339E+15,5.31005E+16
101620,101621,4,0,12,0,2016,8,8,4,3,2,6,0,0,0,1,0,0,0,0,4.73378E+20,5.92859E+21,8.59861E+15,5.35056E+16
101621,101622,4,0,12,0,2016,9,11,6,3,5,3,0,0,1,1,0,0,0,0,4.72892E+20,5.93254E+21,8.59094E+15,5.35411E+16
101622,101623,4,0,11,0,2016,9,10,4,3,5,3,0,0,1,1,0,0,0,0,4.87832E+20,5.8809E+21,8.81836E+15,5.30774E+16
101623,101624,4,0,11,0,2016,9,21,7,3,6,4,2,0,0,1,1,0,0,0,4.88388E+20,5.8761E+21,8.82683E+15,5.30343E+16
101624,101625,4,0,11,0,2016,8,10,3,3,0,3,0,0,0,1,0,0,1,0,4.82552E+20,5.88736E+21,8.7392E+15,5.31354E+16
101625,101626,4,0,12,0,2016,8,13,5,2,5,3,0,0,0,1,0,1,0,0,4.74303E+20,5.93661E+21,8.6119E+15,5.35777E+16
101626,101627,4,0,11,0,2016,8,20,6,3,2,6,1,0,0,1,0,0,0,0,4.90397E+20,5.88146E+21,8.85663E+15,5.30825E+16
101627,101628,4,0,11,0,2016,9,20,5,3,2,6,2,1,0,1,0,0,0,1,4.94656E+20,5.88028E+21,8.92024E+15,5.3072E+16
101628,101629,4,0,11,0,2016,9,19,5,3,0,7,0,0,0,0,0,1,0,0,4.71981E+20,5.8959E+21,8.58043E+15,5.32117E+16
101629,101630,4,0,11,0,2016,9,15,3,3,0,7,0,0,1,0,0,0,0,0,4.83904E+20,5.88494E+21,8.75952E+15,5.31136E+16
101630,101631,4,0,11,0,2016,9,7,3,3,5,2,0,0,1,1,0,0,0,0,4.85287E+20,5.88404E+21,8.78023E+15,5.31056E+16
101631,101632,4,0,11,0,2016,9,20,6,3,6,4,2,0,1,0,1,0,0,0,4.85859E+20,5.88017E+21,8.78894E+15,5.30709E+16
101632,101633,4,0,11,0,2016,9,15,5,3,5,3,0,0,1,1,0,0,0,0,4.89171E+20,5.88134E+21,8.83834E+15,5.30814E+16
101633,101634,4,0,11,0,2016,9,7,4,3,5,7,0,0,1,0,0,0,0,1,4.79658E+20,5.89108E+21,8.6957E+15,5.31687E+16
101634,101635,4,0,11,0,2016,9,6,4,3,5,2,2,0,0,1,0,1,0,0,4.88972E+20,5.87622E+21,8.83555E+15,5.30353E+16
101635,101636,4,0,11,0,2016,9,7,6,3,2,7,0,0,0,1,0,0,0,0,4.86381E+20,5.88338E+21,8.7966E+15,5.30997E+16
101636,101637,4,0,11,0,2016,9,7,2,2,1,7,0,0,0,1,0,0,0,0,4.73544E+20,5.89288E+21,8.6041E+15,5.31846E+16
101637,101638,4,0,11,0,2016,8,9,3,3,2,6,0,0,0,1,0,0,0,0,4.87754E+20,5.88104E+21,8.81719E+15,5.30787E+16
101638,101639,4,0,11,0,2016,9,11,6,3,1,1,0,0,1,0,0,0,0,1,4.91436E+20,5.87941E+21,8.87221E+15,5.30641E+16
101639,101640,4,0,12,0,2016,9,8,3,3,3,2,0,0,1,1,0,0,0,0,4.72929E+20,5.93156E+21,8.59157E+15,5.35322E+16
101640,101641,4,0,11,0,2016,9,10,7,3,5,3,0,0,1,1,0,0,0,0,4.92819E+20,5.88665E+21,8.89268E+15,5.31292E+16
101641,101642,4,0,12,0,2016,9,17,4,3,5,3,0,0,1,0,0,0,0,0,4.73253E+20,5.93196E+21,8.59643E+15,5.35359E+16
101642,101643,4,0,12,0,2016,9,11,5,3,1,5,0,0,1,1,0,0,0,0,4.73088E+20,5.93504E+21,8.59367E+15,5.35635E+16
101643,101644,4,0,12,0,2016,9,19,4,3,2,6,1,0,0,1,0,0,0,0,4.73051E+20,5.9342E+21,8.59319E+15,5.3556E+16
101644,101645,4,0,11,0,2016,9,14,3,2,0,7,0,0,0,1,1,0,0,0,4.8508E+20,5.88415E+21,8.77714E+15,5.31066E+16
101645,101646,4,0,11,0,2016,9,16,2,2,1,5,0,0,1,1,0,0,0,0,4.93259E+20,5.88724E+21,8.89925E+15,5.31345E+16
101646,101647,4,0,11,0,2016,9,16,5,3,4,6,0,0,0,1,0,0,0,0,4.82442E+20,5.88832E+21,8.7375E+15,5.3144E+16
101647,101648,4,0,11,0,2016,8,17,2,3,2,6,0,0,0,1,0,0,0,0,4.92804E+20,5.88323E+21,8.89252E+15,5.30984E+16
101648,101649,4,0,11,0,2016,10,18,1,3,8,1,2,1,0,1,0,0,0,1,4.88025E+20,5.88091E+21,8.82125E+15,5.30775E+16
101649,101650,4,0,11,0,2016,9,15,3,3,5,3,0,0,1,1,0,0,0,0,4.82344E+20,5.87734E+21,8.73664E+15,5.30453E+16
101650,101651,4,0,11,0,2016,9,16,6,3,5,3,0,0,1,1,0,0,0,0,4.8359E+20,5.88562E+21,8.7548E+15,5.31198E+16
101651,101652,4,0,11,0,2016,9,17,1,3,0,1,0,0,1,0,0,0,0,0,4.86895E+20,5.88037E+21,8.8044E+15,5.30726E+16
101652,101653,4,0,11,0,2016,8,8,2,3,0,7,0,1,1,1,0,0,0,0,4.8219E+20,5.89071E+21,8.7336E+15,5.31655E+16
101653,101654,4,0,11,0,2016,9,7,3,3,5,3,0,0,1,1,0,0,0,0,4.89574E+20,5.88163E+21,8.84434E+15,5.3084E+16
101654,101655,4,0,11,0,2016,9,10,6,3,3,6,0,0,1,0,0,1,0,0,4.86262E+20,5.87977E+21,8.79497E+15,5.30672E+16
101655,101656,4,0,11,0,2016,9,7,5,3,5,2,0,0,1,1,0,0,0,0,4.88942E+20,5.88141E+21,8.83491E+15,5.30821E+16
101656,101657,4,0,11,0,2016,9,16,4,3,5,3,0,0,1,1,0,0,0,0,4.93397E+20,5.87889E+21,8.90147E+15,5.30594E+16
101657,101658,4,0,11,0,2016,9,17,3,3,2,7,0,0,0,1,0,1,0,0,4.82025E+20,5.8772E+21,8.73188E+15,5.3044E+16
101658,101659,4,0,11,0,2016,9,5,1,3,5,3,2,1,0,1,0,1,0,0,4.718E+20,5.89528E+21,8.57778E+15,5.32061E+16
101659,101660,4,0,12,0,2016,8,7,4,3,5,3,0,0,1,1,0,0,0,0,4.74379E+20,5.93122E+21,8.61347E+15,5.35293E+16
101660,101661,4,0,11,0,2016,9,12,2,3,7,7,0,0,1,0,0,0,0,0,4.68512E+20,5.89395E+21,8.52868E+15,5.31939E+16
101661,101662,4,0,12,0,2016,9,5,5,3,2,6,2,0,0,1,0,0,0,0,4.70926E+20,5.93562E+21,8.56099E+15,5.35686E+16
101662,101663,4,0,11,0,2016,8,4,4,3,1,6,2,0,0,1,0,1,0,0,4.71849E+20,5.8954E+21,8.57851E+15,5.32071E+16
101663,101664,4,0,11,0,2016,8,15,4,3,1,6,0,0,0,1,0,0,0,0,4.86844E+20,5.8812E+21,8.80361E+15,5.30801E+16
101664,101665,4,0,11,0,2016,8,16,1,3,2,6,0,0,0,1,0,0,0,0,4.89613E+20,5.87741E+21,8.84505E+15,5.30461E+16
101665,101666,4,0,12,0,2016,8,16,7,2,7,1,0,0,0,0,0,1,0,0,4.69537E+20,5.93864E+21,8.53971E+15,5.35958E+16
101666,101667,4,0,11,0,2016,10,17,7,3,2,6,1,0,0,1,0,0,0,0,4.96292E+20,5.8796E+21,8.94466E+15,5.30659E+16
101667,101668,4,0,11,0,2016,8,23,5,3,0,1,2,0,1,0,0,0,0,0,4.88419E+20,5.88189E+21,8.82709E+15,5.30863E+16
101668,101669,4,0,11,0,2016,9,11,7,3,9,1,0,1,0,1,0,0,0,0,4.81081E+20,5.88425E+21,8.71738E+15,5.31074E+16
101669,101670,4,0,11,0,2016,9,16,2,3,2,6,0,0,0,1,0,0,0,0,4.92015E+20,5.88082E+21,8.8808E+15,5.30768E+16
101670,101671,4,0,11,0,2016,9,14,6,3,6,4,0,0,1,1,1,0,0,0,4.96227E+20,5.8765E+21,8.94373E+15,5.3038E+16
101671,101672,4,0,12,0,2016,9,8,4,3,2,6,0,0,0,1,0,0,0,0,4.72714E+20,5.93198E+21,8.5883E+15,5.3536E+16
101672,101673,4,0,11,0,2016,9,12,4,2,5,3,0,0,1,1,0,0,0,0,4.88751E+20,5.87992E+21,8.83211E+15,5.30686E+16
101673,101674,4,0,12,0,2016,9,9,2,2,5,3,0,1,1,1,0,0,0,0,4.73277E+20,5.93549E+21,8.59649E+15,5.35676E+16
101674,101675,4,0,11,0,2016,9,22,7,3,7,1,2,1,0,1,0,0,0,0,4.90553E+20,5.87924E+21,8.85903E+15,5.30625E+16
101675,101676,4,0,11,0,2016,8,9,4,3,5,3,0,0,1,1,0,0,0,0,4.91562E+20,5.88355E+21,8.87397E+15,5.31013E+16
101676,101677,4,0,11,0,2016,9,13,1,3,9,1,0,0,0,0,0,1,0,0,4.82518E+20,5.88106E+21,8.73903E+15,5.30787E+16
101677,101678,4,0,11,0,2016,9,10,5,3,2,6,0,0,0,1,0,0,0,0,4.89085E+20,5.87985E+21,8.8371E+15,5.3068E+16
101678,101679,4,0,12,0,2016,8,9,3,3,4,3,0,0,0,1,0,0,0,0,4.73237E+20,5.93541E+21,8.5959E+15,5.35669E+16
101679,101680,4,0,11,0,2016,8,9,7,2,8,7,0,0,1,0,0,0,0,0,4.88595E+20,5.88027E+21,8.82977E+15,5.30718E+16
101680,101681,4,0,11,0,2016,9,10,6,3,0,7,0,0,1,0,0,0,0,1,4.88456E+20,5.8777E+21,8.82779E+15,5.30487E+16
101681,101682,4,0,11,0,2016,8,7,5,3,2,6,0,0,0,1,0,0,0,0,4.90873E+20,5.88022E+21,8.86378E+15,5.30714E+16
101682,101683,4,0,12,0,2016,9,8,6,3,2,6,0,0,0,1,0,0,0,0,4.74513E+20,5.93778E+21,8.61497E+15,5.35883E+16
101683,101684,4,0,11,0,2016,9,3,6,3,0,1,2,0,0,1,0,0,0,0,4.86348E+20,5.88136E+21,8.79619E+15,5.30816E+16
101684,101685,4,0,11,0,2016,9,8,4,3,5,3,0,0,1,0,0,0,0,1,4.84061E+20,5.88514E+21,8.76186E+15,5.31154E+16
101685,101686,4,0,11,0,2016,9,9,3,3,3,6,0,0,1,1,0,0,0,0,4.90602E+20,5.88372E+21,8.85962E+15,5.31028E+16
101686,101687,4,0,11,0,2016,9,9,2,3,2,6,0,0,0,1,0,0,0,0,4.84583E+20,5.88459E+21,8.76969E+15,5.31105E+16