FID,OBJECTID,ULAND,UREGBEZ,UKREIS,UGEMEINDE,UJAHR,UMONAT,USTUNDE,UWOCHENTAG,UKATEGORIE,UART,UTYP1,ULICHTVERH,IstStrasse,IstRad,IstPKW,IstFuss,IstKrad,IstGkfz,IstSonstig,LINREFX,LINREFY,XGCSWGS84,YGCSWGS84
101687,101688,4,0,11,0,2016,9,11,6,3,2,6,0,0,0,1,0,0,0,0,4.8362E+20,5.8865E+21,8.7552E+15,5.31277E+16
101688,101689,4,0,12,0,2016,9,15,6,3,2,6,0,0,0,1,0,0,0,0,4.73424E+20,5.93142E+21,8.59906E+15,5.35311E+16
101689,101690,4,0,11,0,2016,9,11,4,2,5,3,0,0,0,1,0,0,1,0,4.80603E+20,5.88281E+21,8.71034E+15,5.30944E+16
101690,101691,4,0,12,0,2016,9,9,3,3,5,3,0,0,0,1,0,0,0,1,4.73323E+20,5.93198E+21,8.59749E+15,5.3536E+16
101691,101692,4,0,11,0,2016,9,12,1,3,5,3,0,1,0,1,0,0,0,0,4.91289E+20,5.87948E+21,8.87001E+15,5.30648E+16
101692,101693,4,0,11,0,2016,9,7,3,3,1,7,0,0,0,1,0,1,0,0,4.8671E+20,5.88092E+21,8.80161E+15,5.30776E+16
101693,101694,4,0,12,0,2016,9,17,6,3,5,3,0,0,1,1,0,0,0,0,4.7305E+20,5.93766E+21,8.59288E+15,5.35871E+16
101694,101695,4,0,11,0,2016,8,9,4,3,5,3,0,0,1,1,0,0,0,0,4.96359E+20,5.87874E+21,8.94567E+15,5.30581E+16
101695,101696,4,0,11,0,2016,9,20,7,3,1,5,2,0,1,1,0,0,0,0,4.86028E+20,5.87988E+21,8.79148E+15,5.30682E+16
101696,101697,4,0,11,0,2016,9,7,5,3,6,4,0,0,0,1,1,0,0,0,4.96072E+20,5.87877E+21,8.9414E+15,5.30584E+16
101697,101698,4,0,11,0,2016,8,17,3,3,3,6,0,0,1,1,0,0,0,0,4.74158E+20,5.89177E+21,8.61337E+15,5.31746E+16
101698,101699,4,0,11,0,2016,8,9,6,3,5,3,0,0,1,1,0,0,0,0,4.89145E+20,5.87983E+21,8.838E+15,5.30679E+16
101699,101700,4,0,11,0,2016,9,16,5,3,5,7,0,0,1,1,0,1,0,0,4.86214E+20,5.8822E+21,8.79415E+15,5.30891E+16
101700,101701,4,0,11,0,2016,9,17,5,3,2,6,0,0,0,1,0,1,0,0,4.73504E+20,5.89288E+21,8.60349E+15,5.31846E+16
101701,101702,4,0,11,0,2016,9,17,4,3,5,3,0,0,1,1,0,0,0,0,4.97628E+20,5.87868E+21,8.96461E+15,5.30576E+16
101702,101703,4,0,11,0,2016,9,15,3,3,0,3,0,0,0,0,0,1,0,1,4.85887E+20,5.88264E+21,8.78925E+15,5.3093E+16
101703,101704,4,0,11,0,2016,9,13,6,3,5,3,0,0,1,1,0,0,0,0,4.87141E+20,5.88148E+21,8.80802E+15,5.30826E+16
101704,101705,4,0,11,0,2016,9,13,1,1,6,7,0,0,1,0,1,0,0,0,4.87204E+20,5.88079E+21,8.80899E+15,5.30764E+16
101705,101706,4,0,12,0,2016,8,10,2,3,3,6,0,0,0,1,0,0,0,1,4.73365E+20,5.93672E+21,8.59771E+15,5.35787E+16
101706,101707,4,0,11,0,2016,9,18,3,3,2,7,0,0,0,1,0,0,0,0,4.85894E+20,5.88104E+21,8.78942E+15,5.30786E+16
101707,101708,4,0,12,0,2016,9,13,6,3,3,6,0,0,0,1,0,0,0,0,4.73092E+20,5.93347E+21,8.59388E+15,5.35494E+16
101708,101709,4,0,11,0,2016,9,10,4,3,6,7,0,0,1,0,0,0,0,1,4.87892E+20,5.88162E+21,8.81924E+15,5.30839E+16
101709,101710,4,0,11,0,2016,9,12,5,2,1,5,0,0,0,1,0,0,1,0,4.75648E+20,5.89226E+21,8.63563E+15,5.31791E+16
101710,101711,4,0,12,0,2016,9,19,4,3,0,7,1,0,0,0,0,0,0,1,4.7334E+20,5.93184E+21,8.59775E+15,5.35348E+16
101711,101712,4,0,11,0,2016,9,14,7,3,5,3,0,0,0,1,0,0,0,0,4.86283E+20,5.88203E+21,8.79519E+15,5.30876E+16
101712,101713,4,0,11,0,2016,8,9,6,3,3,2,0,0,1,1,0,0,0,0,4.97476E+20,5.87866E+21,8.96234E+15,5.30574E+16
101713,101714,4,0,11,0,2016,9,13,5,3,5,3,0,0,1,1,0,0,0,0,4.74976E+20,5.8925E+21,8.62555E+15,5.31812E+16
101714,101715,4,0,11,0,2016,9,16,6,3,5,2,0,0,1,1,0,0,0,0,4.91834E+20,5.88143E+21,8.87809E+15,5.30823E+16
101715,101716,4,0,11,0,2016,9,12,5,3,0,7,0,0,0,0,1,0,0,1,4.9134E+20,5.88241E+21,8.87069E+15,5.30911E+16
101716,101717,4,0,11,0,2016,9,18,3,3,3,6,0,0,1,0,1,0,0,0,4.87333E+20,5.87917E+21,8.81098E+15,5.30619E+16
101717,101718,4,0,11,0,2016,9,17,3,3,2,6,0,0,0,1,0,0,0,0,4.77207E+20,5.89178E+21,8.65898E+15,5.31749E+16
101718,101719,4,0,11,0,2016,9,0,5,3,9,7,2,0,1,0,0,0,0,0,4.80497E+20,5.87824E+21,8.70903E+15,5.30533E+16
101719,101720,4,0,11,0,2016,9,13,1,3,1,1,0,0,0,1,0,0,0,0,4.94902E+20,5.8765E+21,8.92397E+15,5.3038E+16
101720,101721,4,0,11,0,2016,8,8,2,3,5,3,0,1,0,1,0,0,0,0,4.8743E+20,5.88293E+21,8.81229E+15,5.30957E+16
101721,101722,4,0,12,0,2016,10,17,1,3,5,2,0,0,1,1,0,0,0,0,4.73401E+20,5.93744E+21,8.5982E+15,5.35852E+16
101722,101723,4,0,11,0,2016,9,12,3,3,5,3,0,0,1,1,0,0,0,0,4.91376E+20,5.88089E+21,8.87127E+15,5.30774E+16
101723,101724,4,0,11,0,2016,9,18,2,3,0,7,0,0,1,0,0,0,0,0,4.8793E+20,5.87566E+21,8.82002E+15,5.30304E+16
101724,101725,4,0,11,0,2016,9,13,6,3,0,7,0,0,0,0,1,0,0,1,4.9623E+20,5.88148E+21,8.94372E+15,5.30828E+16
101725,101726,4,0,11,0,2016,9,15,5,2,6,4,0,0,1,0,1,0,0,1,4.87076E+20,5.88142E+21,8.80706E+15,5.30821E+16
101726,101727,4,0,11,0,2016,9,8,4,3,1,7,0,0,1,1,0,0,0,0,4.94511E+20,5.88049E+21,8.91807E+15,5.30738E+16
101727,101728,4,0,12,0,2016,9,8,2,3,5,2,0,1,0,1,0,0,0,0,4.73375E+20,5.93686E+21,8.59786E+15,5.35799E+16
101728,101729,4,0,12,0,2016,9,11,7,3,5,3,0,0,0,1,0,0,0,0,4.73076E+20,5.93357E+21,8.59362E+15,5.35503E+16
101729,101730,4,0,11,0,2016,8,15,4,3,5,7,0,0,1,1,0,0,0,0,4.8908E+20,5.88067E+21,8.837E+15,5.30754E+16
101730,101731,4,0,12,0,2016,9,16,1,3,2,6,0,0,0,1,0,0,0,0,4.72714E+20,5.93197E+21,8.5883E+15,5.35359E+16
101731,101732,4,0,11,0,2016,9,6,5,2,5,2,2,0,0,1,0,1,0,0,4.92407E+20,5.87801E+21,8.88673E+15,5.30515E+16
101732,101733,4,0,11,0,2016,8,19,4,3,5,3,0,0,1,1,0,0,0,0,4.8708E+20,5.88141E+21,8.80712E+15,5.3082E+16
101733,101734,4,0,11,0,2016,8,8,4,3,5,2,0,0,1,0,0,0,0,1,4.87065E+20,5.88141E+21,8.80688E+15,5.3082E+16
101734,101735,4,0,11,0,2016,9,10,3,3,5,3,0,0,1,1,0,0,0,0,4.89598E+20,5.88081E+21,8.84472E+15,5.30767E+16
101735,101736,4,0,11,0,2016,9,10,2,3,0,7,0,0,0,0,1,0,0,1,4.71905E+20,5.89269E+21,8.57959E+15,5.31828E+16
101736,101737,4,0,11,0,2016,9,7,6,3,8,7,0,0,0,1,0,0,0,0,4.94256E+20,5.87925E+21,8.91429E+15,5.30627E+16
101737,101738,4,0,11,0,2016,9,12,5,3,6,4,0,0,0,0,1,0,0,1,4.88142E+20,5.87722E+21,8.82312E+15,5.30443E+16
101738,101739,4,0,11,0,2016,8,15,4,3,3,6,0,0,1,1,0,0,0,0,4.85814E+20,5.88329E+21,8.78813E+15,5.30989E+16
101739,101740,4,0,11,0,2016,8,7,2,3,5,2,0,0,1,1,0,0,0,0,4.85847E+20,5.88379E+21,8.78861E+15,5.31034E+16
101740,101741,4,0,11,0,2016,10,17,7,3,9,1,0,0,0,1,0,0,0,0,4.9751E+20,5.87897E+21,8.96285E+15,5.30602E+16
101741,101742,4,0,12,0,2016,9,7,2,3,5,2,0,0,1,0,0,0,0,0,4.72706E+20,5.93198E+21,8.58817E+15,5.3536E+16
101742,101743,4,0,11,0,2016,9,22,1,3,8,1,2,0,0,1,0,0,0,0,4.69914E+20,5.8939E+21,8.54967E+15,5.31935E+16
101743,101744,4,0,11,0,2016,9,22,4,3,2,7,2,0,0,1,0,0,0,0,4.91659E+20,5.88141E+21,8.87547E+15,5.30821E+16
101744,101745,4,0,11,0,2016,9,14,4,3,5,2,0,0,1,1,0,0,0,0,4.86649E+20,5.88104E+21,8.8007E+15,5.30787E+16
101745,101746,4,0,11,0,2016,9,18,2,3,0,1,0,0,1,0,0,0,0,0,4.88659E+20,5.88024E+21,8.83073E+15,5.30715E+16
101746,101747,4,0,11,0,2016,9,9,7,2,5,3,0,0,1,1,1,0,0,0,4.87213E+20,5.88286E+21,8.80905E+15,5.3095E+16
101747,101748,4,0,11,0,2016,8,16,4,3,2,6,0,0,0,1,0,0,0,0,4.91768E+20,5.88127E+21,8.87711E+15,5.30809E+16
101748,101749,4,0,11,0,2016,9,19,1,3,1,5,0,0,1,1,0,0,0,0,4.84052E+20,5.88505E+21,8.76173E+15,5.31146E+16
101749,101750,4,0,11,0,2016,9,7,5,3,2,6,0,0,0,1,0,0,0,0,4.7849E+20,5.89163E+21,8.67819E+15,5.31736E+16
101750,101751,4,0,12,0,2016,8,14,3,3,3,6,0,0,0,1,0,0,0,0,4.73383E+20,5.93729E+21,8.59794E+15,5.35838E+16
101751,101752,4,0,12,0,2016,8,23,6,3,4,2,2,0,0,1,0,0,0,0,4.73054E+20,5.93404E+21,8.59325E+15,5.35545E+16
101752,101753,4,0,12,0,2016,9,17,5,3,5,3,0,1,0,1,0,0,0,0,4.72367E+20,5.93525E+21,8.58278E+15,5.35654E+16
101753,101754,4,0,11,0,2016,8,15,5,3,1,5,0,0,1,1,0,0,0,0,4.93325E+20,5.87684E+21,8.90044E+15,5.3041E+16
101754,101755,4,0,11,0,2016,9,20,6,3,2,6,2,0,0,1,0,0,0,1,4.88241E+20,5.88166E+21,8.82443E+15,5.30843E+16
101755,101756,4,0,11,0,2016,9,11,5,3,6,3,0,0,0,1,1,0,0,0,4.75295E+20,5.89374E+21,8.63023E+15,5.31924E+16
101756,101757,4,0,12,0,2016,8,9,7,3,5,3,0,0,0,1,0,0,0,0,4.73291E+20,5.93079E+21,8.5971E+15,5.35253E+16
101757,101758,4,0,12,0,2016,9,3,6,3,5,3,2,0,0,1,0,0,0,0,4.72509E+20,5.93512E+21,8.58493E+15,5.35642E+16
101758,101759,4,0,11,0,2016,8,14,5,3,2,6,0,0,0,1,0,0,0,0,4.70393E+20,5.8929E+21,8.55694E+15,5.31846E+16
101759,101760,4,0,11,0,2016,9,15,7,3,6,4,0,0,0,1,1,0,0,1,4.83875E+20,5.88546E+21,8.75907E+15,5.31183E+16
101760,101761,4,0,11,0,2016,9,1,4,2,0,7,2,0,1,0,0,0,0,0,4.90101E+20,5.87864E+21,8.85231E+15,5.30572E+16
101761,101762,4,0,11,0,2016,9,12,3,3,5,3,0,0,1,1,0,0,0,0,4.8721E+20,5.88286E+21,8.809E+15,5.30951E+16
101762,101763,4,0,11,0,2016,9,15,1,3,2,6,0,1,0,1,0,0,0,0,4.92935E+20,5.87742E+21,8.89461E+15,5.30462E+16
101763,101764,4,0,11,0,2016,9,17,2,3,8,3,0,0,1,0,0,0,0,1,4.95921E+20,5.88078E+21,8.93911E+15,5.30764E+16
101764,101765,4,0,11,0,2016,9,22,6,3,2,6,2,0,0,1,0,0,0,0,4.83757E+20,5.88459E+21,8.75734E+15,5.31105E+16
101765,101766,4,0,11,0,2016,8,12,4,3,6,6,0,0,1,0,1,0,0,0,4.88193E+20,5.88095E+21,8.82374E+15,5.30779E+16
101766,101767,4,0,11,0,2016,9,20,7,3,2,6,2,0,0,1,0,0,0,0,4.81991E+20,5.87689E+21,8.73139E+15,5.30412E+16
101767,101768,4,0,11,0,2016,9,19,4,3,5,2,0,0,0,1,0,0,0,0,4.88388E+20,5.87705E+21,8.8268E+15,5.30428E+16
101768,101769,4,0,11,0,2016,9,18,7,3,0,7,0,0,0,0,0,0,0,1,4.80804E+20,5.88828E+21,8.713E+15,5.31436E+16
101769,101770,4,0,11,0,2016,8,8,3,3,5,3,0,0,1,1,0,0,0,0,4.86034E+20,5.88241E+21,8.79145E+15,5.3091E+16
101770,101771,4,0,11,0,2016,8,5,6,3,5,3,1,0,1,1,0,0,0,0,4.94258E+20,5.87952E+21,8.91431E+15,5.30652E+16
101771,101772,4,0,11,0,2016,9,12,5,3,5,3,0,0,1,1,0,0,0,0,4.86816E+20,5.88032E+21,8.80322E+15,5.30722E+16
101772,101773,4,0,11,0,2016,9,16,5,3,5,3,0,0,0,1,0,1,0,0,4.87966E+20,5.88475E+21,8.82022E+15,5.31121E+16
101773,101774,4,0,12,0,2016,9,14,3,3,5,3,0,0,0,1,0,0,0,0,4.73901E+20,5.93136E+21,8.60626E+15,5.35305E+16
101774,101775,4,0,11,0,2016,9,18,3,3,5,3,0,0,1,1,0,0,0,0,4.87167E+20,5.87888E+21,8.80852E+15,5.30592E+16
101775,101776,4,0,11,0,2016,9,13,6,3,5,1,0,0,1,1,0,0,0,0,4.91357E+20,5.88201E+21,8.87095E+15,5.30875E+16
101776,101777,4,0,11,0,2016,9,17,1,3,5,2,0,0,1,1,0,0,0,0,4.87161E+20,5.88283E+21,8.80827E+15,5.30947E+16
101777,101778,4,0,11,0,2016,8,9,2,3,4,6,0,1,1,1,0,0,0,0,4.86371E+20,5.8786E+21,8.79665E+15,5.30568E+16
101778,101779,4,0,11,0,2016,9,16,4,3,2,6,0,0,0,1,0,0,0,0,4.88614E+20,5.88126E+21,8.83003E+15,5.30807E+16
101779,101780,4,0,11,0,2016,9,8,4,3,5,2,0,0,1,1,0,0,0,0,4.91111E+20,5.88241E+21,8.86727E+15,5.30911E+16
101780,101781,4,0,11,0,2016,9,3,2,2,3,6,2,0,1,0,0,0,0,0,4.85947E+20,5.88151E+21,8.7902E+15,5.30829E+16
101781,101782,4,0,11,0,2016,8,10,3,3,5,2,0,0,1,1,0,0,0,0,4.9439E+20,5.88019E+21,8.91627E+15,5.30711E+16
101782,101783,4,0,11,0,2016,9,12,6,3,5,2,0,0,1,1,0,0,0,0,4.86454E+20,5.88157E+21,8.79776E+15,5.30834E+16
101783,101784,4,0,11,0,2016,8,17,4,3,5,3,0,0,1,1,0,0,0,0,4.85024E+20,5.88262E+21,8.77636E+15,5.30928E+16
101784,101785,4,0,11,0,2016,9,18,6,3,1,5,0,0,0,1,0,0,0,0,4.87344E+20,5.88078E+21,8.81108E+15,5.30764E+16
101785,101786,4,0,11,0,2016,9,17,4,3,0,7,0,0,0,1,0,0,0,0,4.89573E+20,5.88066E+21,8.84435E+15,5.30753E+16
101786,101787,4,0,11,0,2016,9,16,7,2,5,3,0,0,0,1,0,1,0,0,4.7516E+20,5.89109E+21,8.62842E+15,5.31686E+16
101787,101788,4,0,12,0,2016,9,11,4,3,5,3,0,0,1,1,0,0,0,0,4.73103E+20,5.93329E+21,8.59406E+15,5.35478E+16
101788,101789,4,0,11,0,2016,9,21,6,3,5,2,2,0,1,1,0,0,0,0,4.86218E+20,5.88058E+21,8.79429E+15,5.30745E+16
101789,101790,4,0,11,0,2016,9,10,5,3,5,3,0,0,1,1,0,0,0,0,4.95422E+20,5.87919E+21,8.93169E+15,5.30622E+16
101790,101791,4,0,11,0,2016,9,11,3,3,5,2,0,0,1,1,0,0,0,0,4.87353E+20,5.88062E+21,8.81122E+15,5.30749E+16
101791,101792,4,0,12,0,2016,9,7,2,3,5,3,0,0,1,1,0,0,0,0,4.717E+20,5.9347E+21,8.57276E+15,5.35605E+16
101792,101793,4,0,11,0,2016,9,7,5,3,2,2,0,0,0,1,0,0,0,0,4.89488E+20,5.8813E+21,8.84306E+15,5.30811E+16
101793,101794,4,0,11,0,2016,8,16,2,2,8,1,0,0,0,1,0,0,0,0,4.91741E+20,5.87809E+21,8.87678E+15,5.30522E+16
101794,101795,4,0,11,0,2016,10,14,1,3,5,2,0,0,0,1,0,0,0,0,4.91308E+20,5.88308E+21,8.87018E+15,5.30971E+16
101795,101796,4,0,11,0,2016,9,5,3,3,5,2,2,0,1,1,0,0,0,0,4.93406E+20,5.87888E+21,8.90161E+15,5.30594E+16
101796,101797,4,0,11,0,2016,9,20,2,3,6,4,2,0,0,0,1,1,0,0,4.83345E+20,5.88465E+21,8.75119E+15,5.3111E+16
101797,101798,4,0,11,0,2016,9,15,6,3,5,3,0,0,0,1,0,0,0,0,4.74157E+20,5.89284E+21,8.61327E+15,5.31843E+16
101798,101799,4,0,11,0,2016,9,10,3,3,0,4,0,0,0,1,1,0,0,0,4.75134E+20,5.89106E+21,8.62802E+15,5.31684E+16
101799,101800,4,0,11,0,2016,9,14,6,3,2,6,0,0,0,1,0,0,0,0,4.91904E+20,5.88103E+21,8.87914E+15,5.30787E+16
101800,101801,4,0,11,0,2016,9,10,5,3,6,4,0,0,0,1,1,0,0,0,4.88379E+20,5.88039E+21,8.82655E+15,5.30729E+16
101801,101802,4,0,11,0,2016,9,12,4,3,6,4,0,0,1,0,1,0,0,0,4.86818E+20,5.88003E+21,8.80326E+15,5.30696E+16
101802,101803,4,0,11,0,2016,9,19,3,3,6,4,1,0,1,0,1,0,0,0,4.86718E+20,5.8811E+21,8.80172E+15,5.30792E+16
101803,101804,4,0,11,0,2016,9,14,2,2,5,3,0,0,1,1,0,0,0,0,4.85525E+20,5.88072E+21,8.78394E+15,5.30757E+16
101804,101805,4,0,12,0,2016,9,18,5,2,6,4,0,0,0,1,1,0,0,0,4.7508E+20,5.93821E+21,8.6235E+15,5.35921E+16
101805,101806,4,0,11,0,2016,8,11,4,3,2,2,0,0,0,1,0,1,0,0,4.90392E+20,5.88145E+21,8.85656E+15,5.30825E+16
101806,101807,4,0,11,0,2016,8,16,4,2,0,1,0,0,1,0,0,0,0,0,4.87926E+20,5.88163E+21,8.81974E+15,5.3084E+16
101807,101808,4,0,11,0,2016,8,16,1,3,2,7,0,0,0,1,0,0,0,0,4.89612E+20,5.87741E+21,8.84505E+15,5.30461E+16
101808,101809,4,0,11,0,2016,8,1,1,3,0,1,2,0,1,0,0,0,0,0,4.77357E+20,5.89195E+21,8.66121E+15,5.31764E+16
101809,101810,4,0,11,0,2016,10,18,7,3,0,7,0,0,1,0,0,0,0,0,4.89725E+20,5.88025E+21,8.84663E+15,5.30716E+16
101810,101811,4,0,11,0,2016,9,22,2,3,5,3,2,0,0,1,0,0,0,0,4.91148E+20,5.87919E+21,8.86791E+15,5.30621E+16
101811,101812,4,0,11,0,2016,9,15,7,3,4,6,0,0,0,0,0,0,0,1,4.87575E+20,5.88134E+21,8.8145E+15,5.30814E+16
101812,101813,4,0,11,0,2016,9,16,4,3,6,4,0,0,1,0,1,0,0,0,4.87333E+20,5.8791E+21,8.81099E+15,5.30613E+16
101813,101814,4,0,12,0,2016,9,20,3,3,3,6,1,0,0,1,0,0,0,0,4.73364E+20,5.93568E+21,8.5978E+15,5.35693E+16
101814,101815,4,0,11,0,2016,9,17,2,3,5,2,0,0,1,1,0,0,0,0,4.92751E+20,5.88323E+21,8.89174E+15,5.30985E+16
101815,101816,4,0,11,0,2016,9,7,3,3,1,1,0,0,0,1,0,0,1,0,4.80963E+20,5.88736E+21,8.71544E+15,5.31353E+16
101816,101817,4,0,11,0,2016,9,10,7,3,5,3,0,1,0,1,0,0,0,0,4.71677E+20,5.89496E+21,8.57597E+15,5.32032E+16
101817,101818,4,0,11,0,2016,8,17,4,3,5,2,0,0,0,1,0,1,0,0,4.83623E+20,5.88134E+21,8.7555E+15,5.30813E+16
101818,101819,4,0,12,0,2016,9,12,7,3,5,3,0,0,0,1,0,1,0,0,4.73174E+20,5.93231E+21,8.59521E+15,5.3539E+16
101819,101820,4,0,11,0,2016,9,16,5,3,5,2,0,0,1,0,0,0,0,1,4.93089E+20,5.87885E+21,8.89688E+15,5.30591E+16
101820,101821,4,0,11,0,2016,9,22,4,3,5,3,2,0,1,1,0,0,0,0,4.94262E+20,5.87892E+21,8.91438E+15,5.30598E+16
101821,101822,4,0,12,0,2016,9,14,2,3,0,7,0,0,0,1,0,0,0,0,4.72582E+20,5.93185E+21,8.58632E+15,5.35348E+16
101822,101823,4,0,12,0,2016,9,20,7,3,5,3,1,0,1,1,0,0,0,0,4.73426E+20,5.93143E+21,8.59908E+15,5.35311E+16
101823,101824,4,0,11,0,2016,8,20,4,3,1,5,0,0,1,1,0,0,0,0,4.86659E+20,5.8796E+21,8.8009E+15,5.30657E+16
101824,101825,4,0,11,0,2016,9,17,1,3,5,3,0,0,1,1,0,0,0,0,4.85435E+20,5.88285E+21,8.78249E+15,5.30949E+16
101825,101826,4,0,11,0,2016,9,13,5,3,4,6,0,0,1,1,0,0,0,0,4.84201E+20,5.88488E+21,8.76396E+15,5.31131E+16
101826,101827,4,0,12,0,2016,8,10,3,3,2,6,0,0,0,1,0,0,0,0,4.7228E+20,5.93379E+21,8.5816E+15,5.35523E+16
101827,101828,4,0,11,0,2016,8,16,7,3,2,7,0,0,0,1,0,0,0,1,4.92817E+20,5.88146E+21,8.89276E+15,5.30825E+16
101828,101829,4,0,11,0,2016,9,7,6,2,1,1,0,0,0,0,0,0,0,1,4.83338E+20,5.88145E+21,8.75125E+15,5.30823E+16
101829,101830,4,0,11,0,2016,8,16,5,3,3,6,0,0,0,1,0,0,1,0,4.85919E+20,5.88111E+21,8.7898E+15,5.30793E+16
101830,101831,4,0,12,0,2016,9,22,6,3,3,5,2,0,1,1,0,0,0,0,4.71772E+20,5.93342E+21,8.57395E+15,5.35489E+16
101831,101832,4,0,11,0,2016,9,7,6,3,9,7,0,0,0,1,0,0,0,0,4.72186E+20,5.8962E+21,8.58348E+15,5.32143E+16
101832,101833,4,0,11,0,2016,9,14,4,3,5,3,0,0,1,1,0,0,0,0,4.86266E+20,5.88274E+21,8.79491E+15,5.3094E+16
101833,101834,4,0,11,0,2016,9,16,3,3,5,2,0,0,1,1,0,0,0,0,4.86995E+20,5.88046E+21,8.80588E+15,5.30734E+16
101834,101835,4,0,11,0,2016,9,18,2,3,5,2,1,0,1,1,0,0,0,0,4.83733E+20,5.88542E+21,8.75695E+15,5.31179E+16
101835,101836,4,0,11,0,2016,9,15,6,3,5,3,0,0,1,1,0,0,0,0,4.82632E+20,5.8782E+21,8.74089E+15,5.30531E+16
101836,101837,4,0,11,0,2016,8,13,4,3,3,2,0,0,1,1,0,0,0,0,4.87578E+20,5.88354E+21,8.81446E+15,5.31012E+16
101837,101838,4,0,12,0,2016,9,15,6,3,0,7,0,0,1,0,0,0,0,0,4.73579E+20,5.93578E+21,8.60102E+15,5.35702E+16
101838,101839,4,0,11,0,2016,9,7,4,3,5,3,0,0,1,0,0,0,0,1,4.81905E+20,5.87854E+21,8.73002E+15,5.3056E+16
101839,101840,4,0,11,0,2016,9,21,7,2,6,4,2,0,0,1,1,0,0,0,4.86492E+20,5.88119E+21,8.79834E+15,5.308E+16
101840,101841,4,0,11,0,2016,8,15,3,2,4,6,0,0,1,0,0,0,0,1,4.85447E+20,5.88931E+21,8.78238E+15,5.3153E+16
101841,101842,4,0,11,0,2016,8,12,6,3,4,6,0,0,1,0,0,0,0,0,4.87268E+20,5.88056E+21,8.80996E+15,5.30743E+16
101842,101843,4,0,11,0,2016,9,7,5,2,4,7,0,0,0,1,0,0,0,0,4.80189E+20,5.89005E+21,8.70371E+15,5.31595E+16
101843,101844,4,0,11,0,2016,9,18,5,3,1,7,0,0,1,1,0,0,0,0,4.90069E+20,5.8819E+21,8.85173E+15,5.30865E+16
101844,101845,4,0,11,0,2016,9,20,5,3,5,3,2,0,1,1,0,0,0,0,4.88501E+20,5.88098E+21,8.82835E+15,5.30782E+16
101845,101846,4,0,11,0,2016,8,15,3,3,5,3,0,0,1,0,0,0,0,0,4.89424E+20,5.88183E+21,8.84209E+15,5.30859E+16
101846,101847,4,0,11,0,2016,8,17,6,3,0,1,0,0,1,0,0,0,0,0,4.95255E+20,5.87943E+21,8.9292E+15,5.30643E+16
101847,101848,4,0,11,0,2016,9,20,5,2,5,3,2,1,1,1,0,0,0,0,4.87605E+20,5.88116E+21,8.81497E+15,5.30797E+16
101848,101849,4,0,11,0,2016,9,21,6,3,5,3,2,0,0,1,0,0,0,0,4.89958E+20,5.88474E+21,8.84998E+15,5.3112E+16
101849,101850,4,0,11,0,2016,9,15,5,3,3,6,0,0,1,0,0,0,0,0,4.84408E+20,5.88131E+21,8.76723E+15,5.3081E+16
101850,101851,4,0,11,0,2016,9,7,4,3,5,3,0,0,1,1,0,0,0,0,4.95906E+20,5.88128E+21,8.93888E+15,5.3081E+16
101851,101852,4,0,11,0,2016,9,15,4,3,0,7,0,0,1,0,0,0,0,0,4.84421E+20,5.88129E+21,8.76743E+15,5.30808E+16
101852,101853,4,0,11,0,2016,9,9,6,3,5,3,0,0,1,1,0,0,0,0,4.86383E+20,5.8786E+21,8.79683E+15,5.30567E+16
101853,101854,4,0,11,0,2016,9,9,2,3,6,4,0,0,0,0,1,0,0,1,4.92375E+20,5.87903E+21,8.88623E+15,5.30607E+16
101854,101855,4,0,11,0,2016,8,7,3,3,1,5,0,0,1,1,0,0,0,0,4.71408E+20,5.89497E+21,8.57194E+15,5.32033E+16
101855,101856,4,0,11,0,2016,9,5,6,2,1,5,2,0,1,1,0,0,0,0,4.85897E+20,5.88232E+21,8.78941E+15,5.30902E+16
101856,101857,4,0,12,0,2016,9,13,3,3,5,2,0,0,1,0,0,0,0,1,4.73291E+20,5.93595E+21,8.59667E+15,5.35718E+16
101857,101858,4,0,11,0,2016,9,18,7,2,5,2,0,0,1,1,0,0,0,0,4.87318E+20,5.88028E+21,8.81072E+15,5.30718E+16
101858,101859,4,0,11,0,2016,9,13,4,3,0,7,0,0,0,1,0,0,0,0,4.85679E+20,5.88307E+21,8.78613E+15,5.30969E+16
101859,101860,4,0,12,0,2016,9,17,5,3,4,6,0,0,0,1,0,1,0,0,4.72566E+20,5.93453E+21,8.58584E+15,5.35589E+16
101860,101861,4,0,12,0,2016,9,15,4,3,5,3,0,0,1,1,0,0,0,0,4.72967E+20,5.93704E+21,8.59168E+15,5.35815E+16
101861,101862,4,0,11,0,2016,9,8,3,3,5,3,0,0,1,0,0,0,0,1,4.87308E+20,5.88053E+21,8.81055E+15,5.30741E+16
101862,101863,4,0,11,0,2016,9,14,3,3,5,2,0,0,1,0,0,0,1,0,4.85808E+20,5.8808E+21,8.78816E+15,5.30765E+16
101863,101864,4,0,11,0,2016,9,12,2,3,5,3,0,0,1,1,0,0,0,0,4.9179E+20,5.88123E+21,8.87744E+15,5.30805E+16
101864,101865,4,0,11,0,2016,9,14,6,3,2,6,0,0,0,1,0,0,0,0,4.83159E+20,5.88624E+21,8.74833E+15,5.31253E+16
101865,101866,4,0,11,0,2016,9,10,3,3,0,7,0,0,1,0,0,0,0,1,4.80943E+20,5.8904E+21,8.71497E+15,5.31626E+16