FID,OBJECTID,ULAND,UREGBEZ,UKREIS,UGEMEINDE,UJAHR,UMONAT,USTUNDE,UWOCHENTAG,UKATEGORIE,UART,UTYP1,ULICHTVERH,IstStrasse,IstRad,IstPKW,IstFuss,IstKrad,IstGkfz,IstSonstig,LINREFX,LINREFY,XGCSWGS84,YGCSWGS84
101866,101867,4,0,11,0,2016,9,12,3,2,4,1,0,0,0,1,0,0,0,0,4.9524E+20,5.87885E+21,8.92897E+15,5.30591E+16
101867,101868,4,0,11,0,2016,9,17,5,3,2,2,0,0,0,1,0,0,0,0,4.7414E+20,5.89285E+21,8.61301E+15,5.31843E+16
101868,101869,4,0,11,0,2016,9,17,1,3,5,3,0,0,1,1,0,0,0,0,4.83649E+20,5.88552E+21,8.75568E+15,5.31189E+16
101869,101870,4,0,11,0,2016,8,17,2,3,6,7,0,0,0,1,1,0,0,0,4.7194E+20,5.89584E+21,8.57983E+15,5.32111E+16
101870,101871,4,0,11,0,2016,10,15,2,3,0,3,0,0,1,0,0,0,0,1,4.92378E+20,5.87907E+21,8.88626E+15,5.30611E+16
101871,101872,4,0,11,0,2016,9,13,3,2,2,6,0,0,0,1,0,0,0,0,4.88527E+20,5.88121E+21,8.82873E+15,5.30802E+16
101872,101873,4,0,11,0,2016,9,13,6,3,5,2,0,0,0,1,0,0,0,1,4.8387E+20,5.88522E+21,8.75901E+15,5.31161E+16
101873,101874,4,0,11,0,2016,9,16,5,3,1,7,0,0,1,0,0,0,1,0,4.81959E+20,5.87684E+21,8.73092E+15,5.30408E+16
101874,101875,4,0,11,0,2016,9,23,4,3,0,1,2,0,1,0,0,0,0,0,4.88467E+20,5.88035E+21,8.82786E+15,5.30725E+16
101875,101876,4,0,12,0,2016,9,13,2,3,5,2,0,1,1,1,0,0,0,0,4.73006E+20,5.93189E+21,8.59272E+15,5.35353E+16
101876,101877,4,0,11,0,2016,9,16,1,3,9,1,0,1,0,1,0,0,0,0,4.81028E+20,5.88455E+21,8.71657E+15,5.311E+16
101877,101878,4,0,11,0,2016,8,12,4,3,5,3,0,0,0,1,0,0,0,1,4.89448E+20,5.88216E+21,8.84244E+15,5.30888E+16
101878,101879,4,0,11,0,2016,9,16,2,2,0,5,0,0,1,1,0,0,0,0,4.87826E+20,5.88118E+21,8.81825E+15,5.30799E+16
101879,101880,4,0,11,0,2016,9,10,5,3,5,2,0,0,0,1,0,0,0,1,4.82602E+20,5.88704E+21,8.73996E+15,5.31325E+16
101880,101881,4,0,11,0,2016,8,6,4,2,1,7,0,0,0,1,0,1,0,0,4.87458E+20,5.87854E+21,8.81288E+15,5.30562E+16
101881,101882,4,0,11,0,2016,8,17,4,3,5,2,0,0,1,1,0,0,0,0,4.84081E+20,5.88199E+21,8.76231E+15,5.30871E+16
101882,101883,4,0,11,0,2016,8,21,1,2,0,7,2,0,0,1,1,0,0,0,4.8647E+20,5.87851E+21,8.79814E+15,5.30559E+16
101883,101884,4,0,12,0,2016,8,20,7,3,5,3,0,0,1,1,0,0,0,0,4.73319E+20,5.93125E+21,8.59748E+15,5.35295E+16
101884,101885,4,0,11,0,2016,10,9,7,3,5,2,0,0,1,1,0,0,0,0,4.92852E+20,5.88466E+21,8.89322E+15,5.31113E+16
101885,101886,4,0,11,0,2016,9,10,7,3,2,6,0,1,0,1,0,0,0,0,4.87984E+20,5.88189E+21,8.82059E+15,5.30863E+16
101886,101887,4,0,11,0,2016,10,7,2,3,6,4,1,0,0,0,1,0,0,1,4.90797E+20,5.8798E+21,8.86266E+15,5.30676E+16
101887,101888,4,0,11,0,2016,10,7,4,3,5,3,1,0,1,0,0,0,0,1,4.90043E+20,5.88394E+21,8.85127E+15,5.31048E+16
101888,101889,4,0,11,0,2016,11,12,4,3,5,2,0,1,1,0,0,0,0,1,4.8512E+20,5.88336E+21,8.77776E+15,5.30994E+16
101889,101890,4,0,12,0,2016,11,6,5,2,0,7,1,1,0,0,0,0,1,0,4.71652E+20,5.9282E+21,8.57261E+15,5.3502E+16
101890,101891,4,0,11,0,2016,10,10,6,3,5,7,0,0,0,1,0,0,0,1,4.84772E+20,5.88443E+21,8.77252E+15,5.31091E+16
101891,101892,4,0,11,0,2016,11,16,4,3,0,1,2,1,1,0,0,0,0,0,4.86706E+20,5.88444E+21,8.80141E+15,5.31092E+16
101892,101893,4,0,12,0,2016,10,7,3,3,5,2,1,1,0,1,0,0,0,1,4.7432E+20,5.93769E+21,8.61206E+15,5.35874E+16
101893,101894,4,0,11,0,2016,10,14,2,3,2,6,0,0,0,1,0,0,0,0,4.89195E+20,5.88149E+21,8.83869E+15,5.30828E+16
101894,101895,4,0,11,0,2016,10,14,1,3,0,7,0,1,1,0,0,0,0,0,4.86924E+20,5.87963E+21,8.80486E+15,5.3066E+16
101895,101896,4,0,12,0,2016,10,14,5,3,5,3,0,1,1,1,0,0,0,0,4.72177E+20,5.93355E+21,8.58005E+15,5.35501E+16
101896,101897,4,0,12,0,2016,10,7,3,3,7,1,0,0,1,0,0,0,0,0,4.72631E+20,5.93202E+21,8.58704E+15,5.35364E+16
101897,101898,4,0,11,0,2016,10,8,3,3,5,3,0,0,1,0,0,0,0,1,4.90667E+20,5.88109E+21,8.86068E+15,5.30792E+16
101898,101899,4,0,11,0,2016,11,15,5,3,5,3,0,1,1,1,0,0,0,0,4.8554E+20,5.88225E+21,8.78408E+15,5.30895E+16
101899,101900,4,0,11,0,2016,11,20,1,3,2,6,2,1,0,1,0,0,0,0,4.8592E+20,5.88024E+21,8.78986E+15,5.30715E+16
101900,101901,4,0,11,0,2016,10,16,7,3,2,6,0,1,0,1,0,0,0,0,4.91283E+20,5.87942E+21,8.86992E+15,5.30642E+16
101901,101902,4,0,11,0,2016,10,22,3,3,3,7,2,0,1,0,0,0,0,0,4.90957E+20,5.88293E+21,8.86495E+15,5.30958E+16
101902,101903,4,0,12,0,2016,11,12,3,2,3,2,0,1,1,1,0,0,0,0,4.71704E+20,5.9347E+21,8.57282E+15,5.35605E+16
101903,101904,4,0,11,0,2016,10,16,7,3,3,6,0,0,0,1,0,0,0,0,4.72446E+20,5.89268E+21,8.58769E+15,5.31828E+16
101904,101905,4,0,11,0,2016,10,13,6,3,5,3,0,0,1,1,0,0,0,0,4.87909E+20,5.88125E+21,8.8195E+15,5.30805E+16
101905,101906,4,0,11,0,2016,11,16,3,3,5,2,1,1,0,1,0,1,0,0,4.74799E+20,5.89112E+21,8.62301E+15,5.31688E+16
101906,101907,4,0,11,0,2016,11,7,3,3,2,6,0,1,0,1,0,0,0,0,4.86555E+20,5.88162E+21,8.79926E+15,5.30839E+16
101907,101908,4,0,11,0,2016,10,4,1,3,0,1,2,1,1,0,0,0,0,0,4.76581E+20,5.89199E+21,8.6496E+15,5.31767E+16
101908,101909,4,0,11,0,2016,11,7,2,3,0,7,0,1,1,0,0,0,0,0,4.86409E+20,5.88078E+21,8.79712E+15,5.30763E+16
101909,101910,4,0,12,0,2016,10,21,6,3,2,6,2,1,0,1,0,1,0,0,4.74162E+20,5.93691E+21,8.60974E+15,5.35804E+16
101910,101911,4,0,11,0,2016,10,17,7,2,3,6,0,0,1,0,0,0,0,1,4.86665E+20,5.87989E+21,8.80098E+15,5.30684E+16
101911,101912,4,0,11,0,2016,10,15,5,3,5,3,0,1,1,1,0,0,0,0,4.75669E+20,5.89139E+21,8.636E+15,5.31713E+16
101912,101913,4,0,11,0,2016,10,20,6,3,5,3,2,1,0,1,0,0,0,1,4.88238E+20,5.88167E+21,8.8244E+15,5.30844E+16
101913,101914,4,0,11,0,2016,10,7,3,3,5,3,0,0,1,1,0,0,0,0,4.85843E+20,5.8821E+21,8.78863E+15,5.30881E+16
101914,101915,4,0,11,0,2016,10,21,3,3,3,6,2,1,1,1,0,0,0,0,4.81069E+20,5.87924E+21,8.71751E+15,5.30623E+16
101915,101916,4,0,12,0,2016,11,18,3,3,5,3,2,0,1,1,0,0,0,0,4.72919E+20,5.9371E+21,8.59094E+15,5.35821E+16
101916,101917,4,0,11,0,2016,11,13,7,3,5,2,0,1,0,1,0,0,0,0,4.91305E+20,5.88308E+21,8.87015E+15,5.30971E+16
101917,101918,4,0,11,0,2016,11,10,6,3,4,6,0,1,1,0,0,0,0,0,4.86588E+20,5.88038E+21,8.79982E+15,5.30728E+16
101918,101919,4,0,11,0,2016,10,8,6,2,0,4,0,0,1,0,0,0,0,1,4.91666E+20,5.88119E+21,8.87558E+15,5.30801E+16
101919,101920,4,0,12,0,2016,10,14,2,3,4,6,0,0,0,1,0,1,0,0,4.72312E+20,5.93E+21,8.5824E+15,5.35182E+16
101920,101921,4,0,11,0,2016,11,12,3,3,5,2,0,1,0,1,0,0,0,1,4.84014E+20,5.88508E+21,8.76116E+15,5.31149E+16
101921,101922,4,0,11,0,2016,10,14,2,3,5,2,0,1,1,1,0,0,0,0,4.92255E+20,5.88037E+21,8.8844E+15,5.30727E+16
101922,101923,4,0,11,0,2016,10,13,7,3,2,6,0,0,0,1,0,0,0,1,4.88973E+20,5.87622E+21,8.83556E+15,5.30354E+16
101923,101924,4,0,12,0,2016,11,0,1,3,8,1,2,0,0,1,0,0,0,0,4.72166E+20,5.93308E+21,8.57994E+15,5.35459E+16
101924,101925,4,0,12,0,2016,10,13,2,2,6,4,0,0,0,1,1,0,0,0,4.75143E+20,5.93123E+21,8.625E+15,5.35294E+16
101925,101926,4,0,12,0,2016,10,11,5,2,4,6,0,0,0,0,0,0,1,1,4.74727E+20,5.93819E+21,8.61817E+15,5.35919E+16
101926,101927,4,0,11,0,2016,10,15,5,3,2,6,0,0,0,1,0,0,0,0,4.88746E+20,5.88091E+21,8.832E+15,5.30775E+16
101927,101928,4,0,12,0,2016,11,2,4,3,5,3,2,1,0,1,0,0,1,0,4.7296E+20,5.93703E+21,8.59158E+15,5.35814E+16
101928,101929,4,0,11,0,2016,11,13,6,3,0,5,0,0,0,1,0,0,0,1,4.96616E+20,5.87623E+21,8.94954E+15,5.30356E+16
101929,101930,4,0,11,0,2016,11,17,5,3,6,4,2,1,1,0,1,0,0,0,4.87844E+20,5.88148E+21,8.81852E+15,5.30827E+16
101930,101931,4,0,12,0,2016,10,13,4,3,3,6,0,0,0,1,0,1,0,0,4.72593E+20,5.93492E+21,8.58621E+15,5.35624E+16
101931,101932,4,0,11,0,2016,10,14,6,3,0,1,0,1,0,0,0,1,0,0,4.84286E+20,5.87905E+21,8.76551E+15,5.30608E+16
101932,101933,4,0,11,0,2016,10,8,3,3,2,6,0,0,0,1,0,0,0,0,4.8932E+20,5.87746E+21,8.8407E+15,5.30465E+16
101933,101934,4,0,11,0,2016,11,11,3,2,5,3,0,1,0,1,0,0,0,0,4.95607E+20,5.87999E+21,8.93443E+15,5.30693E+16
101934,101935,4,0,11,0,2016,11,12,7,3,5,3,0,1,0,1,0,0,0,0,4.85287E+20,5.87937E+21,8.78044E+15,5.30636E+16
101935,101936,4,0,11,0,2016,11,19,5,3,2,6,2,1,0,1,0,0,0,0,4.84829E+20,5.88249E+21,8.77346E+15,5.30917E+16
101936,101937,4,0,12,0,2016,10,6,4,3,2,6,1,1,0,1,0,0,0,0,4.73874E+20,5.93341E+21,8.60569E+15,5.3549E+16
101937,101938,4,0,12,0,2016,10,22,7,3,0,1,2,0,1,0,0,0,0,0,4.72895E+20,5.93001E+21,8.59119E+15,5.35183E+16
101938,101939,4,0,11,0,2016,11,9,3,3,2,6,0,1,0,1,0,0,0,0,4.8756E+20,5.88349E+21,8.8142E+15,5.31007E+16
101939,101940,4,0,11,0,2016,10,19,3,2,6,4,2,1,0,1,1,0,0,0,4.81126E+20,5.8919E+21,8.71762E+15,5.31761E+16
101940,101941,4,0,11,0,2016,10,8,2,3,1,5,0,1,0,1,0,0,0,0,4.88149E+20,5.87554E+21,8.82329E+15,5.30293E+16
101941,101942,4,0,11,0,2016,10,14,6,3,2,6,0,1,0,1,0,0,0,0,4.85143E+20,5.87999E+21,8.77827E+15,5.30692E+16
101942,101943,4,0,12,0,2016,11,14,6,3,2,6,0,1,0,1,0,0,0,0,4.73637E+20,5.92678E+21,8.60266E+15,5.34893E+16
101943,101944,4,0,12,0,2016,11,7,7,3,8,1,0,1,0,1,0,0,0,0,4.69186E+20,5.93964E+21,8.53431E+15,5.36046E+16
101944,101945,4,0,11,0,2016,10,19,2,3,3,6,2,0,0,1,0,1,0,0,4.86162E+20,5.88263E+21,8.79335E+15,5.3093E+16
101945,101946,4,0,11,0,2016,10,9,5,3,3,6,0,0,0,1,0,0,1,0,4.85277E+20,5.87996E+21,8.78026E+15,5.3069E+16
101946,101947,4,0,11,0,2016,11,20,4,3,5,3,2,1,1,1,0,0,0,0,4.87089E+20,5.88144E+21,8.80725E+15,5.30823E+16
101947,101948,4,0,11,0,2016,11,11,6,3,6,4,0,0,0,1,1,0,0,0,4.92694E+20,5.8815E+21,8.89093E+15,5.30829E+16
101948,101949,4,0,12,0,2016,10,16,5,3,5,3,0,0,0,1,0,0,0,0,4.73559E+20,5.92881E+21,8.60132E+15,5.35076E+16
101949,101950,4,0,11,0,2016,11,11,4,3,0,7,0,1,0,0,0,0,0,1,4.90761E+20,5.87982E+21,8.86211E+15,5.30678E+16
101950,101951,4,0,11,0,2016,10,13,4,3,0,7,0,0,0,0,0,0,0,1,4.9124E+20,5.8806E+21,8.86925E+15,5.30748E+16
101951,101952,4,0,11,0,2016,10,8,2,3,2,2,0,1,0,1,0,0,0,0,4.88265E+20,5.8817E+21,8.8248E+15,5.30846E+16
101952,101953,4,0,11,0,2016,10,14,1,2,6,4,0,0,1,0,1,0,0,0,4.85771E+20,5.88379E+21,8.78747E+15,5.31034E+16
101953,101954,4,0,11,0,2016,10,8,6,3,5,3,0,1,0,1,0,1,0,0,4.88134E+20,5.87636E+21,8.82303E+15,5.30366E+16
101954,101955,4,0,11,0,2016,10,16,3,3,0,7,0,0,1,0,0,0,0,1,4.87736E+20,5.87547E+21,8.81714E+15,5.30287E+16
101955,101956,4,0,11,0,2016,10,18,6,3,2,6,2,1,0,1,0,0,0,0,4.85973E+20,5.88188E+21,8.79056E+15,5.30862E+16
101956,101957,4,0,11,0,2016,11,19,6,3,2,6,2,1,0,1,0,0,0,0,4.97396E+20,5.87787E+21,8.96116E+15,5.30503E+16
101957,101958,4,0,11,0,2016,11,9,2,3,2,6,0,1,0,1,0,0,0,0,4.87089E+20,5.88142E+21,8.80724E+15,5.30821E+16
101958,101959,4,0,11,0,2016,11,0,7,3,5,3,2,1,0,1,0,0,0,0,4.86087E+20,5.8815E+21,8.79229E+15,5.30828E+16
101959,101960,4,0,11,0,2016,10,16,2,3,2,6,0,0,0,1,0,0,0,0,4.84449E+20,5.88507E+21,8.76767E+15,5.31148E+16
101960,101961,4,0,11,0,2016,10,20,1,3,2,6,2,0,0,1,0,0,0,0,4.94716E+20,5.88176E+21,8.92111E+15,5.30852E+16
101961,101962,4,0,11,0,2016,10,20,4,3,2,6,0,0,0,1,0,0,0,0,4.86193E+20,5.88212E+21,8.79385E+15,5.30883E+16
101962,101963,4,0,12,0,2016,10,15,3,3,6,4,0,1,0,1,1,0,0,0,4.71671E+20,5.93366E+21,8.5724E+15,5.3551E+16
101963,101964,4,0,11,0,2016,11,22,4,3,6,4,2,0,1,0,1,0,0,0,4.88701E+20,5.88184E+21,8.8313E+15,5.30859E+16
101964,101965,4,0,11,0,2016,11,12,5,3,5,2,0,1,1,1,0,0,0,0,4.91334E+20,5.88233E+21,8.8706E+15,5.30903E+16
101965,101966,4,0,12,0,2016,10,17,5,3,0,1,0,0,1,0,0,0,0,0,4.72583E+20,5.93103E+21,8.5864E+15,5.35274E+16
101966,101967,4,0,11,0,2016,11,11,4,2,0,1,0,1,1,0,0,0,0,0,4.88686E+20,5.88183E+21,8.83108E+15,5.30858E+16
101967,101968,4,0,11,0,2016,10,17,2,3,3,2,0,0,0,1,0,0,0,0,4.68058E+20,5.89519E+21,8.52177E+15,5.32051E+16
101968,101969,4,0,11,0,2016,10,11,7,3,5,3,0,1,0,1,0,0,0,1,4.86989E+20,5.88134E+21,8.80576E+15,5.30814E+16
101969,101970,4,0,11,0,2016,10,17,5,3,2,6,0,1,0,1,0,0,0,0,4.87201E+20,5.88031E+21,8.80896E+15,5.30722E+16
101970,101971,4,0,11,0,2016,10,6,6,3,2,6,2,0,0,1,0,0,0,0,4.86472E+20,5.88353E+21,8.79795E+15,5.3101E+16
101971,101972,4,0,12,0,2016,10,21,3,3,5,3,2,1,0,1,0,1,0,0,4.72451E+20,5.9342E+21,8.58414E+15,5.3556E+16
101972,101973,4,0,11,0,2016,10,18,3,3,5,2,0,0,1,1,0,0,0,0,4.85873E+20,5.88043E+21,8.78915E+15,5.30731E+16
101973,101974,4,0,11,0,2016,11,8,4,3,5,3,0,1,1,0,1,0,0,0,4.87769E+20,5.88158E+21,8.81739E+15,5.30835E+16
101974,101975,4,0,11,0,2016,11,13,1,3,2,6,0,1,0,1,0,0,0,0,4.83735E+20,5.8846E+21,8.75701E+15,5.31106E+16
101975,101976,4,0,11,0,2016,11,15,6,3,5,3,1,0,0,1,0,0,0,0,4.81013E+20,5.88731E+21,8.7162E+15,5.31349E+16
101976,101977,4,0,11,0,2016,10,15,6,3,0,7,0,0,0,1,1,0,0,0,4.87339E+20,5.88258E+21,8.81094E+15,5.30925E+16
101977,101978,4,0,11,0,2016,10,14,3,3,5,3,0,1,0,1,0,0,0,1,4.9193E+20,5.8762E+21,8.87965E+15,5.30352E+16
101978,101979,4,0,12,0,2016,11,8,3,3,0,7,0,0,0,1,1,0,0,0,4.76091E+20,5.93214E+21,8.63923E+15,5.35376E+16
101979,101980,4,0,11,0,2016,10,12,7,3,0,7,0,0,0,1,0,0,0,0,4.92945E+20,5.87741E+21,8.89476E+15,5.30461E+16
101980,101981,4,0,11,0,2016,10,9,4,3,2,6,0,1,0,1,0,0,0,0,4.87292E+20,5.88141E+21,8.81028E+15,5.3082E+16
101981,101982,4,0,11,0,2016,10,7,3,3,1,5,0,0,0,1,0,0,0,0,4.85023E+20,5.88262E+21,8.77636E+15,5.30928E+16
101982,101983,4,0,12,0,2016,11,20,5,3,6,4,2,1,0,1,1,0,0,0,4.75077E+20,5.93821E+21,8.62345E+15,5.35921E+16
101983,101984,4,0,11,0,2016,11,22,1,3,5,3,2,1,0,1,0,0,0,0,4.71397E+20,5.89417E+21,8.57185E+15,5.31961E+16
101984,101985,4,0,11,0,2016,10,12,7,3,2,6,0,0,0,1,0,0,0,0,4.83028E+20,5.88643E+21,8.74636E+15,5.3127E+16
101985,101986,4,0,11,0,2016,10,7,3,3,5,3,1,1,0,1,0,0,0,1,4.84357E+20,5.88168E+21,8.76645E+15,5.30843E+16
101986,101987,4,0,11,0,2016,11,13,4,3,2,6,0,1,0,1,0,0,0,0,4.9343E+20,5.88048E+21,8.90194E+15,5.30737E+16
101987,101988,4,0,11,0,2016,10,20,6,3,4,2,2,0,1,1,0,0,0,0,4.71185E+20,5.89253E+21,8.56882E+15,5.31813E+16
101988,101989,4,0,11,0,2016,10,18,5,2,0,1,1,1,1,0,0,0,0,0,4.90873E+20,5.8795E+21,8.86379E+15,5.30649E+16
101989,101990,4,0,11,0,2016,11,6,3,3,5,3,1,1,1,1,0,0,0,0,4.73633E+20,5.89182E+21,8.60551E+15,5.31751E+16
101990,101991,4,0,11,0,2016,11,10,3,3,5,3,0,0,1,1,0,0,0,0,4.88906E+20,5.8814E+21,8.83437E+15,5.30819E+16
101991,101992,4,0,11,0,2016,10,4,2,3,1,5,2,1,0,1,0,0,0,0,4.87339E+20,5.88258E+21,8.81094E+15,5.30925E+16
101992,101993,4,0,11,0,2016,10,16,7,3,5,7,0,0,0,1,0,0,0,0,4.9344E+20,5.88023E+21,8.90209E+15,5.30715E+16
101993,101994,4,0,11,0,2016,10,7,5,3,0,1,1,1,0,0,0,1,0,0,4.93466E+20,5.88638E+21,8.90235E+15,5.31268E+16
101994,101995,4,0,11,0,2016,10,15,6,3,0,7,0,1,0,1,1,0,0,0,4.87712E+20,5.88164E+21,8.81655E+15,5.30841E+16
101995,101996,4,0,11,0,2016,10,14,3,3,2,6,0,0,0,1,0,0,0,0,4.90393E+20,5.88023E+21,8.85662E+15,5.30715E+16
101996,101997,4,0,11,0,2016,10,7,3,3,2,7,0,0,0,0,0,1,0,1,4.89147E+20,5.88148E+21,8.83798E+15,5.30827E+16
101997,101998,4,0,11,0,2016,11,15,3,3,2,6,0,0,0,1,0,0,0,1,4.79561E+20,5.89109E+21,8.69425E+15,5.31688E+16
101998,101999,4,0,11,0,2016,11,12,7,3,5,2,0,1,1,1,0,0,0,0,4.89096E+20,5.87649E+21,8.83739E+15,5.30378E+16
101999,102000,4,0,11,0,2016,11,12,6,3,5,2,0,0,0,1,0,0,0,1,4.82684E+20,5.88723E+21,8.74118E+15,5.31342E+16
102000,102001,4,0,11,0,2016,10,16,5,3,2,6,0,0,0,1,0,1,0,0,4.85764E+20,5.8823E+21,8.78742E+15,5.309E+16
102001,102002,4,0,11,0,2016,10,16,6,3,0,7,0,0,1,1,0,0,0,0,4.92837E+20,5.88142E+21,8.89307E+15,5.30822E+16
102002,102003,4,0,11,0,2016,10,4,7,3,4,1,2,1,0,1,0,0,1,0,4.84544E+20,5.88149E+21,8.76925E+15,5.30826E+16
102003,102004,4,0,11,0,2016,10,12,2,2,2,6,0,0,0,1,0,0,0,1,4.82158E+20,5.8771E+21,8.73387E+15,5.30432E+16
102004,102005,4,0,11,0,2016,11,17,3,3,5,3,1,1,1,1,0,0,0,0,4.91866E+20,5.88356E+21,8.87851E+15,5.31014E+16
102005,102006,4,0,11,0,2016,10,17,2,3,5,3,2,1,1,1,0,0,0,0,4.85637E+20,5.88305E+21,8.7855E+15,5.30967E+16
102006,102007,4,0,11,0,2016,10,20,7,3,6,4,2,0,0,1,1,0,0,0,4.87276E+20,5.88137E+21,8.81005E+15,5.30816E+16
102007,102008,4,0,11,0,2016,11,21,1,3,6,4,2,0,0,1,1,0,0,0,4.96217E+20,5.87967E+21,8.94354E+15,5.30665E+16
102008,102009,4,0,11,0,2016,10,16,5,3,0,1,0,1,0,1,0,1,0,0,4.87117E+20,5.88338E+21,8.80759E+15,5.30997E+16
102009,102010,4,0,11,0,2016,11,14,2,3,0,7,0,0,0,0,0,0,0,1,4.82768E+20,5.8777E+21,8.74295E+15,5.30485E+16
102010,102011,4,0,11,0,2016,11,14,3,2,6,4,0,1,0,1,1,0,0,0,4.93277E+20,5.87725E+21,8.89971E+15,5.30447E+16
102011,102012,4,0,11,0,2016,10,19,7,2,7,7,2,0,1,0,0,0,0,0,4.89147E+20,5.87983E+21,8.83803E+15,5.30679E+16
102012,102013,4,0,11,0,2016,11,12,2,3,5,7,0,1,0,1,0,0,0,1,4.86108E+20,5.88149E+21,8.79259E+15,5.30827E+16
102013,102014,4,0,11,0,2016,10,9,3,3,1,5,0,0,1,1,0,0,0,0,4.91018E+20,5.88312E+21,8.86586E+15,5.30975E+16
102014,102015,4,0,11,0,2016,10,13,6,3,5,3,0,1,0,1,0,0,0,0,4.88299E+20,5.87643E+21,8.8255E+15,5.30372E+16
102015,102016,4,0,11,0,2016,10,23,6,3,1,6,2,0,0,1,0,0,0,0,4.8259E+20,5.8875E+21,8.73976E+15,5.31366E+16
102016,102017,4,0,11,0,2016,11,9,2,3,2,6,0,0,0,1,0,0,0,1,4.86257E+20,5.88286E+21,8.79476E+15,5.3095E+16
102017,102018,4,0,11,0,2016,11,18,5,3,5,3,1,0,0,1,0,0,0,0,4.82564E+20,5.88741E+21,8.73937E+15,5.31358E+16
102018,102019,4,0,12,0,2016,11,9,6,3,0,7,0,1,1,1,0,0,0,0,4.72762E+20,5.93664E+21,8.58862E+15,5.35779E+16
102019,102020,4,0,11,0,2016,11,7,5,3,3,6,0,0,1,0,0,0,1,0,4.86974E+20,5.87958E+21,8.80561E+15,5.30655E+16
102020,102021,4,0,12,0,2016,10,10,4,3,0,7,0,0,1,1,0,0,0,0,4.73126E+20,5.93482E+21,8.59427E+15,5.35615E+16
102021,102022,4,0,11,0,2016,11,8,3,3,5,7,1,1,0,1,0,0,0,1,4.86364E+20,5.88197E+21,8.79641E+15,5.3087E+16
102022,102023,4,0,11,0,2016,10,20,3,3,5,3,2,0,1,1,0,0,0,0,4.91639E+20,5.88145E+21,8.87518E+15,5.30824E+16
102023,102024,4,0,11,0,2016,10,6,2,2,5,3,2,1,1,1,0,0,0,0,4.74956E+20,5.89239E+21,8.62526E+15,5.31803E+16
102024,102025,4,0,11,0,2016,10,14,6,3,0,1,0,1,1,0,0,0,0,0,4.91854E+20,5.88107E+21,8.87839E+15,5.30791E+16
102025,102026,4,0,11,0,2016,11,10,6,3,6,4,0,0,0,0,1,0,0,1,4.81247E+20,5.89164E+21,8.71944E+15,5.31738E+16
102026,102027,4,0,11,0,2016,11,8,7,3,2,6,0,0,0,1,0,0,0,0,4.92497E+20,5.88442E+21,8.88791E+15,5.31091E+16
102027,102028,4,0,11,0,2016,10,6,2,3,4,2,2,0,1,0,0,0,0,0,4.93531E+20,5.87759E+21,8.9035E+15,5.30478E+16
102028,102029,4,0,11,0,2016,10,12,5,3,5,3,0,1,0,1,0,0,0,0,4.82632E+20,5.8782E+21,8.74089E+15,5.3053E+16
102029,102030,4,0,11,0,2016,11,17,4,3,6,4,2,1,0,1,1,0,0,0,4.90828E+20,5.88022E+21,8.8631E+15,5.30714E+16
102030,102031,4,0,11,0,2016,11,7,6,3,5,3,0,1,1,0,0,0,0,1,4.88988E+20,5.88049E+21,8.83563E+15,5.30738E+16
102031,102032,4,0,11,0,2016,10,14,2,3,5,3,0,0,1,0,0,0,0,1,4.86742E+20,5.87939E+21,8.80216E+15,5.30638E+16
102032,102033,4,0,11,0,2016,10,16,5,3,0,5,0,0,1,0,0,0,0,1,4.86857E+20,5.8836E+21,8.8037E+15,5.31017E+16
102033,102034,4,0,11,0,2016,10,11,5,3,0,7,0,0,0,0,0,0,0,1,4.95968E+20,5.88083E+21,8.93982E+15,5.30769E+16
102034,102035,4,0,11,0,2016,11,17,4,3,2,6,1,1,0,1,0,0,1,0,4.817E+20,5.8867E+21,8.7265E+15,5.31294E+16
102035,102036,4,0,11,0,2016,11,5,6,3,5,3,2,0,0,1,0,0,0,1,4.83434E+20,5.88562E+21,8.75246E+15,5.31198E+16
102036,102037,4,0,11,0,2016,11,18,5,3,5,3,2,1,0,1,0,1,0,0,4.79896E+20,5.89102E+21,8.69927E+15,5.31682E+16
102037,102038,4,0,11,0,2016,10,20,4,3,0,1,2,0,1,0,0,0,0,0,4.87027E+20,5.88165E+21,8.80631E+15,5.30841E+16
102038,102039,4,0,11,0,2016,10,17,3,2,8,1,0,0,0,1,1,0,0,0,4.69892E+20,5.89349E+21,8.54939E+15,5.31899E+16
102039,102040,4,0,11,0,2016,10,19,1,3,2,6,2,0,0,1,0,0,0,0,4.86621E+20,5.88107E+21,8.80028E+15,5.30789E+16
102040,102041,4,0,11,0,2016,10,13,6,3,5,3,0,1,1,1,0,0,0,0,4.86934E+20,5.88214E+21,8.80491E+15,5.30885E+16
102041,102042,4,0,12,0,2016,10,9,4,3,2,6,0,0,0,1,0,0,0,0,4.73375E+20,5.93686E+21,8.59786E+15,5.35799E+16
102042,102043,4,0,11,0,2016,10,13,3,3,5,3,0,0,1,1,0,0,0,0,4.88277E+20,5.88169E+21,8.82497E+15,5.30846E+16
102043,102044,4,0,11,0,2016,11,16,6,3,6,4,2,0,0,1,1,0,0,0,4.74539E+20,5.89236E+21,8.61903E+15,5.318E+16