FID,OBJECTID,ULAND,UREGBEZ,UKREIS,UGEMEINDE,UJAHR,UMONAT,USTUNDE,UWOCHENTAG,UKATEGORIE,UART,UTYP1,ULICHTVERH,IstStrasse,IstRad,IstPKW,IstFuss,IstKrad,IstGkfz,IstSonstig,LINREFX,LINREFY,XGCSWGS84,YGCSWGS84
102221,102222,4,0,11,0,2016,10,13,5,3,5,3,0,1,0,1,0,1,0,0,4.95993E+20,5.88087E+21,8.94018E+15,5.30773E+16
102222,102223,4,0,11,0,2016,10,10,6,2,6,4,0,1,0,1,1,0,0,0,4.88318E+20,5.87626E+21,8.82579E+15,5.30357E+16
102223,102224,4,0,12,0,2016,10,17,3,3,2,6,0,0,1,1,0,0,0,0,4.72599E+20,5.93505E+21,8.58629E+15,5.35636E+16
102224,102225,4,0,12,0,2016,10,15,2,3,0,1,0,1,1,0,0,0,0,0,4.72805E+20,5.93503E+21,8.58941E+15,5.35634E+16
102225,102226,4,0,11,0,2016,11,9,4,3,5,2,0,0,0,1,0,0,1,0,4.96903E+20,5.87606E+21,8.95382E+15,5.30341E+16
102226,102227,4,0,11,0,2016,10,13,2,3,0,1,0,0,1,0,0,0,0,0,4.90381E+20,5.88216E+21,8.85638E+15,5.30888E+16
102227,102228,4,0,11,0,2016,10,17,1,3,6,4,0,0,0,1,1,0,0,0,4.87392E+20,5.88154E+21,8.81177E+15,5.30832E+16
102228,102229,4,0,12,0,2016,10,17,5,3,5,3,0,1,1,1,0,0,0,0,4.72858E+20,5.93455E+21,8.59025E+15,5.35591E+16
102229,102230,4,0,11,0,2016,10,19,4,3,0,1,2,1,0,1,0,0,0,0,4.78372E+20,5.89117E+21,8.67646E+15,5.31695E+16
102230,102231,4,0,11,0,2016,10,14,2,3,5,3,0,0,1,1,0,0,0,0,4.8906E+20,5.88507E+21,8.83655E+15,5.3115E+16
102231,102232,4,0,11,0,2016,11,15,5,3,5,2,0,0,0,1,0,0,0,0,4.74568E+20,5.89281E+21,8.61942E+15,5.31841E+16
102232,102233,4,0,11,0,2016,11,22,1,3,4,6,2,1,0,1,0,0,0,0,4.81943E+20,5.87682E+21,8.73069E+15,5.30406E+16
102233,102234,4,0,11,0,2016,10,18,7,3,4,2,2,1,0,1,0,0,0,0,4.94392E+20,5.8802E+21,8.91629E+15,5.30713E+16
102234,102235,4,0,11,0,2016,10,16,3,3,2,6,0,1,0,1,0,0,0,0,4.88135E+20,5.88071E+21,8.82289E+15,5.30758E+16
102235,102236,4,0,11,0,2016,11,16,4,3,5,2,1,1,0,1,0,0,0,0,4.94009E+20,5.88147E+21,8.91056E+15,5.30826E+16
102236,102237,4,0,11,0,2016,10,15,6,3,2,6,0,0,0,1,0,0,0,0,4.89055E+20,5.87986E+21,8.83666E+15,5.30681E+16
102237,102238,4,0,11,0,2016,10,18,4,2,6,4,1,0,0,1,1,0,0,0,4.82423E+20,5.88715E+21,8.73728E+15,5.31334E+16
102238,102239,4,0,11,0,2016,11,17,3,3,2,6,2,1,0,1,0,0,0,0,4.9225E+20,5.88108E+21,8.8843E+15,5.30791E+16
102239,102240,4,0,11,0,2016,11,6,3,3,5,2,1,1,1,1,0,0,0,0,4.93361E+20,5.87887E+21,8.90094E+15,5.30593E+16
102240,102241,4,0,12,0,2016,10,9,1,3,5,2,0,0,0,1,0,0,0,0,4.74408E+20,5.93583E+21,8.61355E+15,5.35707E+16
102241,102242,4,0,12,0,2016,10,14,6,3,5,3,0,1,1,1,0,0,0,0,4.7354E+20,5.92766E+21,8.60112E+15,5.34972E+16
102242,102243,4,0,11,0,2016,10,11,6,3,0,1,0,1,1,0,0,0,0,0,4.93055E+20,5.88111E+21,8.89633E+15,5.30794E+16
102243,102244,4,0,11,0,2016,10,8,3,3,1,5,1,1,1,1,0,0,0,0,4.89479E+20,5.88288E+21,8.84288E+15,5.30953E+16
102244,102245,4,0,11,0,2016,10,17,2,3,2,6,0,0,0,1,0,0,0,0,4.9751E+20,5.87866E+21,8.96285E+15,5.30574E+16
102245,102246,4,0,11,0,2016,11,18,3,2,5,3,2,0,1,1,0,0,0,0,4.84841E+20,5.88461E+21,8.77354E+15,5.31108E+16
102246,102247,4,0,11,0,2016,11,1,7,2,8,1,2,0,0,1,0,0,0,0,4.93368E+20,5.88611E+21,8.90089E+15,5.31244E+16
102247,102248,4,0,11,0,2016,11,19,6,3,4,6,2,1,1,1,0,0,0,0,4.88745E+20,5.8809E+21,8.83199E+15,5.30775E+16
102248,102249,4,0,11,0,2016,10,6,5,3,5,3,2,1,1,1,0,0,0,0,4.82182E+20,5.87675E+21,8.73426E+15,5.304E+16
102249,102250,4,0,11,0,2016,10,17,6,3,0,3,0,0,1,1,0,0,0,0,4.71066E+20,5.89259E+21,8.56704E+15,5.31819E+16
102250,102251,4,0,11,0,2016,10,12,1,3,5,2,0,1,1,1,0,0,0,0,4.88289E+20,5.88166E+21,8.82515E+15,5.30843E+16
102251,102252,4,0,11,0,2016,11,16,3,3,6,4,2,1,1,0,1,0,0,0,4.89086E+20,5.88199E+21,8.83705E+15,5.30873E+16
102252,102253,4,0,11,0,2016,10,12,2,3,3,6,0,0,0,1,0,0,1,0,4.85942E+20,5.88114E+21,8.79013E+15,5.30796E+16
102253,102254,4,0,11,0,2016,11,16,1,2,9,1,2,1,0,1,0,0,0,0,4.7432E+20,5.89397E+21,8.61562E+15,5.31944E+16
102254,102255,4,0,11,0,2016,11,13,6,3,3,6,0,0,1,1,0,0,0,0,4.92861E+20,5.88308E+21,8.89338E+15,5.30971E+16
102255,102256,4,0,11,0,2016,10,12,6,3,5,3,0,0,1,0,0,0,0,0,4.8629E+20,5.88202E+21,8.7953E+15,5.30875E+16
102256,102257,4,0,11,0,2016,10,6,3,3,5,3,1,1,0,0,0,1,0,1,4.92201E+20,5.87766E+21,8.88366E+15,5.30484E+16
102257,102258,4,0,11,0,2016,11,15,3,3,2,6,0,1,0,1,0,0,0,0,4.8937E+20,5.8822E+21,8.84127E+15,5.30892E+16
102258,102259,4,0,11,0,2016,10,17,3,3,3,6,0,0,0,1,0,0,0,1,4.87174E+20,5.88151E+21,8.80851E+15,5.30829E+16
102259,102260,4,0,11,0,2016,11,8,2,3,5,3,0,1,1,1,0,0,0,0,4.8796E+20,5.88163E+21,8.82024E+15,5.3084E+16
102260,102261,4,0,12,0,2016,10,18,2,3,5,3,2,0,0,1,0,1,0,0,4.72141E+20,5.93344E+21,8.57952E+15,5.35491E+16
102261,102262,4,0,11,0,2016,10,17,7,3,6,4,0,0,0,1,0,0,0,1,4.8978E+20,5.87964E+21,8.84748E+15,5.30661E+16
102262,102263,4,0,11,0,2016,11,10,2,3,5,3,0,0,1,1,0,0,0,0,4.84158E+20,5.88526E+21,8.7633E+15,5.31165E+16
102263,102264,4,0,11,0,2016,10,14,3,3,5,2,0,0,1,1,0,0,0,0,4.80809E+20,5.88935E+21,8.71302E+15,5.31532E+16
102264,102265,4,0,12,0,2016,10,7,5,3,6,4,1,0,0,1,1,0,0,0,4.73831E+20,5.93054E+21,8.60526E+15,5.35232E+16
102265,102266,4,0,11,0,2016,10,11,6,1,2,6,0,0,0,1,0,1,0,0,4.86304E+20,5.87981E+21,8.79559E+15,5.30676E+16
102266,102267,4,0,11,0,2016,11,18,2,3,5,2,2,0,1,1,0,0,0,0,4.88524E+20,5.88032E+21,8.82871E+15,5.30722E+16
102267,102268,4,0,11,0,2016,11,6,5,3,2,6,2,1,0,1,0,0,0,1,4.87605E+20,5.88116E+21,8.81496E+15,5.30797E+16
102268,102269,4,0,11,0,2016,11,12,6,3,5,3,0,0,1,1,0,0,0,0,4.86228E+20,5.88004E+21,8.79446E+15,5.30697E+16
102269,102270,4,0,11,0,2016,11,11,5,3,2,6,0,1,0,1,0,0,0,0,4.85911E+20,5.88108E+21,8.78968E+15,5.3079E+16
102270,102271,4,0,12,0,2016,10,9,4,3,5,3,0,0,0,1,0,0,0,0,4.7245E+20,5.93432E+21,8.58412E+15,5.3557E+16
102271,102272,4,0,11,0,2016,11,17,3,3,2,2,2,1,0,1,0,0,0,0,4.92762E+20,5.88129E+21,8.89194E+15,5.30811E+16
102272,102273,4,0,11,0,2016,10,16,3,3,5,2,0,0,1,1,0,0,0,0,4.94409E+20,5.87717E+21,8.9166E+15,5.3044E+16
102273,102274,4,0,11,0,2016,10,9,2,3,0,7,0,1,0,0,0,0,0,1,4.82558E+20,5.88739E+21,8.73928E+15,5.31356E+16
102274,102275,4,0,11,0,2016,10,6,6,3,5,3,2,1,1,1,0,0,0,0,4.92792E+20,5.8778E+21,8.89248E+15,5.30497E+16
102275,102276,4,0,11,0,2016,10,12,6,3,4,1,0,1,1,1,0,0,0,0,4.93293E+20,5.88523E+21,8.89979E+15,5.31165E+16
102276,102277,4,0,11,0,2016,11,15,6,3,0,1,0,0,1,0,0,0,0,0,4.90011E+20,5.88402E+21,8.85079E+15,5.31056E+16
102277,102278,4,0,11,0,2016,11,16,2,3,3,6,0,0,0,1,0,0,0,1,4.81595E+20,5.87866E+21,8.72539E+15,5.30572E+16
102278,102279,4,0,11,0,2016,11,5,7,3,6,4,2,1,0,0,1,0,0,1,4.85431E+20,5.88285E+21,8.78243E+15,5.30949E+16
102279,102280,4,0,11,0,2016,10,18,6,3,0,3,1,1,0,1,0,1,0,0,4.83939E+20,5.88208E+21,8.76019E+15,5.3088E+16
102280,102281,4,0,12,0,2016,11,12,7,3,5,3,0,1,0,1,0,1,0,0,4.73168E+20,5.93228E+21,8.59513E+15,5.35388E+16
102281,102282,4,0,11,0,2016,10,9,2,2,5,3,0,0,1,1,0,0,0,0,4.82632E+20,5.87821E+21,8.74089E+15,5.30531E+16
102282,102283,4,0,11,0,2016,10,16,5,3,5,2,0,0,0,1,0,0,0,0,4.86166E+20,5.88376E+21,8.79337E+15,5.31031E+16
102283,102284,4,0,11,0,2016,10,11,5,3,5,2,0,0,1,1,0,0,0,0,4.87611E+20,5.88271E+21,8.815E+15,5.30937E+16
102284,102285,4,0,11,0,2016,11,10,4,3,6,4,0,1,1,0,1,0,0,0,4.87199E+20,5.88294E+21,8.80882E+15,5.30958E+16
102285,102286,4,0,11,0,2016,11,8,6,3,5,3,0,0,1,1,0,0,0,0,4.83589E+20,5.88562E+21,8.75478E+15,5.31198E+16
102286,102287,4,0,12,0,2016,11,16,4,3,2,6,2,1,0,1,0,0,0,0,4.73688E+20,5.93143E+21,8.60305E+15,5.35311E+16
102287,102288,4,0,11,0,2016,10,7,4,3,1,6,1,0,0,1,0,0,0,0,4.90369E+20,5.88145E+21,8.85622E+15,5.30825E+16
102288,102289,4,0,11,0,2016,10,19,3,2,6,4,2,0,0,1,1,0,0,0,4.88237E+20,5.88168E+21,8.82439E+15,5.30844E+16
102289,102290,4,0,11,0,2016,10,13,1,3,0,3,0,0,0,1,1,0,0,0,4.90678E+20,5.87781E+21,8.86093E+15,5.30497E+16
102290,102291,4,0,11,0,2016,10,16,6,3,3,6,0,1,1,0,0,0,0,0,4.89674E+20,5.88244E+21,8.84581E+15,5.30913E+16
102291,102292,4,0,11,0,2016,10,8,4,3,5,3,1,1,1,1,0,0,0,0,4.8642E+20,5.88191E+21,8.79725E+15,5.30864E+16
102292,102293,4,0,11,0,2016,10,15,2,2,0,1,0,1,0,0,0,1,0,0,4.83915E+20,5.8774E+21,8.76007E+15,5.30458E+16
102293,102294,4,0,11,0,2016,11,14,6,3,2,2,0,0,0,1,0,0,0,1,4.89681E+20,5.88418E+21,8.84586E+15,5.31069E+16
102294,102295,4,0,11,0,2016,11,9,2,3,0,7,0,1,1,0,0,0,0,0,4.89766E+20,5.88196E+21,8.8472E+15,5.3087E+16
102295,102296,4,0,12,0,2016,10,3,1,2,9,1,2,1,0,1,0,0,0,0,4.75745E+20,5.92989E+21,8.63419E+15,5.35174E+16
102296,102297,4,0,12,0,2016,10,16,7,3,2,6,0,1,0,1,0,0,0,0,4.73214E+20,5.93595E+21,8.5955E+15,5.35717E+16
102297,102298,4,0,12,0,2016,10,18,3,3,2,7,2,1,0,1,0,0,0,0,4.72586E+20,5.93514E+21,8.5861E+15,5.35644E+16
102298,102299,4,0,12,0,2016,10,17,3,3,5,3,0,1,0,1,0,0,0,0,4.73003E+20,5.9313E+21,8.59272E+15,5.35299E+16
102299,102300,4,0,11,0,2016,11,13,4,3,2,6,0,1,0,1,0,0,0,0,4.90918E+20,5.88018E+21,8.86445E+15,5.3071E+16
102300,102301,4,0,11,0,2016,10,19,7,3,0,6,2,0,1,0,0,0,0,0,4.8721E+20,5.88211E+21,8.80903E+15,5.30883E+16
102301,102302,4,0,12,0,2016,11,12,3,3,2,6,0,1,0,1,0,0,0,0,4.73654E+20,5.93143E+21,8.60253E+15,5.35312E+16
102302,102303,4,0,11,0,2016,12,3,1,3,8,1,2,2,0,1,0,0,0,0,4.89875E+20,5.87984E+21,8.84889E+15,5.30679E+16
102303,102304,4,0,11,0,2016,11,16,4,3,5,7,1,0,0,1,0,0,0,1,4.86138E+20,5.8815E+21,8.79306E+15,5.30828E+16
102304,102305,4,0,11,0,2016,12,13,6,2,0,1,0,2,1,0,0,0,0,0,4.74011E+20,5.89242E+21,8.61112E+15,5.31805E+16
102305,102306,6,4,31,13,2016,1,18,7,3,5,3,2,1,1,1,0,0,0,0,4.61547E+20,5.49377E+21,8.4679E+15,4.95953E+16
102306,102307,4,0,11,0,2016,11,18,6,3,6,4,2,0,0,1,1,0,0,0,4.79852E+20,5.89103E+21,8.69861E+15,5.31683E+16
102307,102308,4,0,11,0,2016,12,18,6,3,5,2,2,0,0,1,0,0,0,0,4.9344E+20,5.88023E+21,8.90208E+15,5.30715E+16
102308,102309,4,0,12,0,2016,12,12,3,3,2,6,0,1,0,1,0,0,0,0,4.73383E+20,5.93716E+21,8.59795E+15,5.35826E+16
102309,102310,4,0,11,0,2016,12,9,2,3,5,3,0,1,1,1,0,0,0,0,4.87838E+20,5.88088E+21,8.81846E+15,5.30773E+16
102310,102311,4,0,11,0,2016,12,11,6,3,2,6,0,0,0,1,0,0,0,1,4.80763E+20,5.88845E+21,8.71239E+15,5.31451E+16
102311,102312,4,0,11,0,2016,12,16,3,3,6,4,1,0,0,1,1,0,0,0,4.71817E+20,5.89531E+21,8.57803E+15,5.32064E+16
102312,102313,4,0,11,0,2016,11,18,2,3,6,3,2,0,0,1,1,0,0,0,4.87581E+20,5.88135E+21,8.81459E+15,5.30815E+16
102313,102314,6,5,31,5,2016,1,7,4,2,6,2,2,1,0,1,1,0,0,0,4.76211E+20,5.60238E+21,8.66405E+15,5.05728E+16
102314,102315,6,4,37,6,2016,1,17,2,3,6,4,2,1,0,1,1,0,0,0,4.9934E+20,5.50177E+21,8.99086E+15,4.96685E+16
102315,102316,4,0,12,0,2016,12,11,5,3,5,3,0,1,1,0,0,0,0,1,4.72763E+20,5.93667E+21,8.58863E+15,5.35782E+16
102316,102317,4,0,11,0,2016,11,18,3,3,6,4,2,1,0,1,1,0,0,0,4.80916E+20,5.89235E+21,8.71444E+15,5.31802E+16
102317,102318,4,0,12,0,2016,12,21,4,3,2,6,2,0,0,1,0,0,0,0,4.71618E+20,5.93343E+21,8.57163E+15,5.3549E+16
102318,102319,4,0,11,0,2016,11,16,2,3,9,4,1,1,1,0,1,0,0,0,4.86635E+20,5.88103E+21,8.80048E+15,5.30786E+16
102319,102320,4,0,11,0,2016,11,7,6,3,4,6,1,1,1,0,0,0,0,0,4.92629E+20,5.88306E+21,8.88992E+15,5.30969E+16
102320,102321,4,0,11,0,2016,12,7,6,3,5,3,2,1,0,1,0,0,1,0,4.91253E+20,5.87942E+21,8.86947E+15,5.30642E+16
102321,102322,4,0,11,0,2016,12,1,7,3,5,2,2,1,0,1,0,0,0,1,4.86136E+20,5.8815E+21,8.79302E+15,5.30828E+16
102322,102323,4,0,11,0,2016,12,1,1,3,5,3,2,1,0,1,0,0,0,0,4.71107E+20,5.89398E+21,8.56752E+15,5.31944E+16
102323,102324,4,0,11,0,2016,12,8,5,3,5,2,0,1,1,1,0,0,0,0,4.85985E+20,5.87826E+21,8.7909E+15,5.30537E+16
102324,102325,4,0,11,0,2016,12,15,4,3,5,2,0,0,1,0,0,0,1,0,4.97267E+20,5.87693E+21,8.95923E+15,5.30419E+16
102325,102326,4,0,11,0,2016,12,17,3,3,5,2,2,1,0,1,0,0,0,0,4.8939E+20,5.87682E+21,8.84175E+15,5.30408E+16
102326,102327,4,0,11,0,2016,11,11,2,3,3,6,0,0,0,1,0,0,1,0,4.8678E+20,5.88407E+21,8.80253E+15,5.31059E+16
102327,102328,6,4,11,0,2016,1,18,3,2,6,4,2,1,0,1,1,0,0,0,4.74377E+20,5.52294E+21,8.64352E+15,4.98583E+16
102328,102329,6,4,31,5,2016,1,10,2,3,2,6,0,0,0,1,0,0,0,1,4.60589E+20,5.49885E+21,8.45413E+15,4.96409E+16
102329,102330,4,0,11,0,2016,11,7,6,3,5,3,2,1,0,0,0,1,0,0,4.80783E+20,5.89117E+21,8.71253E+15,5.31696E+16
102330,102331,4,0,11,0,2016,12,16,5,3,2,6,2,1,0,1,0,0,0,0,4.97279E+20,5.87683E+21,8.95942E+15,5.30409E+16
102331,102332,4,0,11,0,2016,11,19,2,3,0,1,2,0,1,0,0,0,0,0,4.88141E+20,5.88048E+21,8.82299E+15,5.30737E+16
102332,102333,4,0,11,0,2016,12,16,3,3,1,5,2,0,1,1,0,0,0,0,4.88419E+20,5.88101E+21,8.82712E+15,5.30785E+16
102333,102334,4,0,11,0,2016,12,17,5,3,5,2,2,0,1,1,0,0,0,0,4.89597E+20,5.87736E+21,8.84482E+15,5.30456E+16
102334,102335,4,0,11,0,2016,12,14,2,3,5,2,0,0,0,1,0,0,0,0,4.85808E+20,5.8808E+21,8.78816E+15,5.30765E+16
102335,102336,4,0,11,0,2016,12,17,2,3,2,6,2,0,0,1,0,0,0,0,4.87139E+20,5.88154E+21,8.80799E+15,5.30832E+16
102336,102337,4,0,11,0,2016,12,23,5,3,5,7,2,0,0,1,0,0,0,0,4.82158E+20,5.87711E+21,8.73388E+15,5.30432E+16
102337,102338,6,4,11,0,2016,1,3,6,2,5,2,2,1,0,1,0,0,0,0,4.73457E+20,5.52557E+21,8.63054E+15,4.9882E+16
102338,102339,6,5,33,4,2016,1,17,7,3,5,3,2,1,0,1,0,0,0,0,4.29656E+20,5.59336E+21,8.00838E+15,5.0488E+16
102339,102340,4,0,11,0,2016,11,21,6,3,2,6,2,1,0,1,0,0,0,0,4.8018E+20,5.89013E+21,8.70357E+15,5.31601E+16
102340,102341,4,0,11,0,2016,12,18,6,3,5,1,2,0,1,1,0,0,0,0,4.92881E+20,5.87789E+21,8.8938E+15,5.30505E+16
102341,102342,4,0,11,0,2016,12,12,3,3,5,3,0,0,0,1,0,0,0,0,4.87706E+20,5.88009E+21,8.81651E+15,5.30702E+16
102342,102343,4,0,11,0,2016,12,12,3,3,9,1,0,1,0,1,0,0,0,0,4.92121E+20,5.88147E+21,8.88237E+15,5.30827E+16
102343,102344,6,4,35,3,2016,1,10,3,3,9,1,0,1,0,0,0,0,1,0,5.19909E+20,5.55892E+21,9.27886E+15,5.01822E+16
102344,102345,6,4,38,2,2016,1,13,1,3,9,7,0,1,0,1,0,0,0,0,4.78993E+20,5.54257E+21,8.70666E+15,5.00351E+16
102345,102346,4,0,11,0,2016,11,17,6,2,5,3,2,0,1,1,0,0,0,0,4.90942E+20,5.8841E+21,8.8647E+15,5.31063E+16
102346,102347,4,0,11,0,2016,12,23,7,3,9,7,2,1,0,0,0,1,0,0,4.86362E+20,5.88281E+21,8.79634E+15,5.30945E+16
102347,102348,4,0,11,0,2016,11,15,2,3,6,4,0,0,0,1,1,0,0,0,4.93725E+20,5.88021E+21,8.90634E+15,5.30714E+16
102348,102349,4,0,11,0,2016,12,17,2,3,4,6,2,1,0,1,0,0,0,0,4.95033E+20,5.88233E+21,8.92584E+15,5.30904E+16
102349,102350,4,0,11,0,2016,12,21,5,3,6,7,2,0,0,1,1,0,0,0,4.97105E+20,5.87796E+21,8.95681E+15,5.30511E+16
102350,102351,4,0,12,0,2016,12,17,4,2,2,6,2,0,0,1,0,0,0,0,4.72831E+20,5.93546E+21,8.58976E+15,5.35673E+16
102351,102352,6,4,31,20,2016,1,9,5,3,5,3,0,0,0,1,0,0,0,0,4.70825E+20,5.48799E+21,8.59672E+15,4.95438E+16
102352,102353,4,0,11,0,2016,12,11,2,3,5,3,0,1,0,1,0,0,0,0,4.89875E+20,5.87984E+21,8.84889E+15,5.3068E+16
102353,102354,4,0,11,0,2016,11,17,4,3,0,7,2,0,0,0,0,1,0,0,4.80222E+20,5.89156E+21,8.7041E+15,5.3173E+16
102354,102355,4,0,12,0,2016,12,20,6,3,2,6,2,0,0,1,0,0,0,0,4.74312E+20,5.93771E+21,8.61194E+15,5.35876E+16
102355,102356,6,5,33,13,2016,1,17,7,2,1,5,2,1,0,1,0,0,0,0,4.44771E+20,5.58845E+21,8.22215E+15,5.04455E+16
102356,102357,4,0,11,0,2016,11,9,6,3,5,3,0,1,0,1,0,0,0,0,4.86397E+20,5.88192E+21,8.7969E+15,5.30866E+16
102357,102358,4,0,11,0,2016,12,18,6,3,2,6,2,0,0,1,0,0,0,0,4.8419E+20,5.88493E+21,8.7638E+15,5.31136E+16
102358,102359,4,0,11,0,2016,12,14,4,3,6,4,0,1,0,1,1,0,0,0,4.80713E+20,5.88866E+21,8.71163E+15,5.31469E+16
102359,102360,4,0,12,0,2016,12,8,2,3,2,6,0,1,0,1,0,0,0,0,4.73383E+20,5.93734E+21,8.59794E+15,5.35842E+16
102360,102361,4,0,11,0,2016,12,14,6,3,5,3,0,0,1,0,0,1,0,0,4.79765E+20,5.89106E+21,8.6973E+15,5.31685E+16
102361,102362,4,0,11,0,2016,12,8,5,3,5,3,0,0,1,0,0,0,0,0,4.88755E+20,5.88186E+21,8.83211E+15,5.30861E+16
102362,102363,4,0,11,0,2016,12,15,6,3,1,7,1,1,0,1,0,0,0,0,4.86722E+20,5.88096E+21,8.80178E+15,5.30779E+16
102363,102364,6,4,12,0,2016,1,22,4,3,0,7,2,1,0,0,0,0,0,1,4.7158E+20,5.55019E+21,8.60259E+15,5.01032E+16
102364,102365,6,5,31,5,2016,1,8,2,3,2,6,0,2,0,1,0,0,0,0,4.78092E+20,5.60514E+21,8.69045E+15,5.05978E+16
102365,102366,4,0,11,0,2016,12,19,7,3,0,7,2,0,1,0,0,0,0,0,4.93995E+20,5.8802E+21,8.91037E+15,5.30712E+16
102366,102367,4,0,11,0,2016,12,11,6,3,6,4,0,0,0,1,1,0,0,0,4.86638E+20,5.88167E+21,8.8005E+15,5.30843E+16
102367,102368,4,0,11,0,2016,11,7,4,3,0,7,1,1,1,1,0,0,0,0,4.86084E+20,5.88214E+21,8.79221E+15,5.30885E+16
102368,102369,4,0,11,0,2016,11,6,4,3,5,3,2,0,0,1,0,0,0,0,4.91265E+20,5.87944E+21,8.86964E+15,5.30643E+16
102369,102370,4,0,11,0,2016,12,10,6,3,0,1,0,2,1,0,0,0,0,0,4.8966E+20,5.88411E+21,8.84554E+15,5.31063E+16
102370,102371,6,4,33,12,2016,1,13,7,3,5,3,0,1,0,1,0,0,0,0,4.5824E+20,5.53778E+21,8.41741E+15,4.99909E+16
102371,102372,4,0,11,0,2016,11,21,6,3,8,1,2,1,0,1,0,0,0,0,4.71269E+20,5.89511E+21,8.56985E+15,5.32045E+16
102372,102373,4,0,11,0,2016,12,14,3,3,5,2,0,1,1,1,0,0,0,0,4.94859E+20,5.87888E+21,8.92329E+15,5.30594E+16
102373,102374,4,0,11,0,2016,12,14,2,3,0,7,0,0,0,0,0,0,0,1,4.81065E+20,5.89152E+21,8.71671E+15,5.31727E+16
102374,102375,4,0,12,0,2016,12,17,5,3,5,2,2,1,0,1,0,0,0,0,4.73166E+20,5.93135E+21,8.59517E+15,5.35303E+16
102375,102376,4,0,11,0,2016,12,17,4,3,2,6,2,0,0,1,0,0,0,0,4.88838E+20,5.88089E+21,8.83337E+15,5.30774E+16
102376,102377,4,0,11,0,2016,12,8,3,3,5,2,2,0,1,1,0,0,0,0,4.87645E+20,5.87846E+21,8.81566E+15,5.30555E+16
102377,102378,4,0,11,0,2016,11,13,2,3,5,3,0,0,0,1,0,0,0,0,4.96398E+20,5.87665E+21,8.94628E+15,5.30394E+16
102378,102379,6,5,33,4,2016,1,13,3,3,5,2,0,1,0,1,0,0,0,0,4.29511E+20,5.59541E+21,8.00594E+15,5.05064E+16
102379,102380,6,4,11,0,2016,1,19,2,2,4,1,2,1,0,1,0,0,0,1,4.75642E+20,5.52668E+21,8.66089E+15,4.98921E+16
102380,102381,4,0,11,0,2016,11,14,6,3,5,3,0,0,0,1,0,1,0,0,4.84226E+20,5.88105E+21,8.76453E+15,5.30787E+16
102381,102382,4,0,11,0,2016,12,20,5,3,0,2,2,1,1,1,0,0,0,0,4.8996E+20,5.88021E+21,8.85015E+15,5.30712E+16
102382,102383,4,0,11,0,2016,11,14,3,2,6,4,0,0,0,1,1,0,0,0,4.92811E+20,5.87838E+21,8.89274E+15,5.30549E+16
102383,102384,4,0,11,0,2016,12,12,4,3,6,4,0,0,0,1,1,0,0,0,4.80562E+20,5.88914E+21,8.70933E+15,5.31513E+16
102384,102385,4,0,11,0,2016,11,14,2,2,4,6,0,1,0,1,0,0,0,0,4.84335E+20,5.88517E+21,8.76595E+15,5.31157E+16
102385,102386,4,0,11,0,2016,12,9,4,3,2,6,0,0,0,1,0,0,0,0,4.90092E+20,5.88048E+21,8.85211E+15,5.30737E+16
102386,102387,4,0,11,0,2016,11,9,2,2,5,3,0,0,1,1,0,0,0,0,4.87908E+20,5.87655E+21,8.81966E+15,5.30383E+16
102387,102388,6,4,33,12,2016,1,11,4,3,1,3,0,1,0,1,0,0,0,0,4.61424E+20,5.53716E+21,8.46189E+15,4.99855E+16
102388,102389,6,4,12,0,2016,1,6,2,3,5,3,2,1,0,1,0,0,1,0,4.76812E+20,5.55064E+21,8.67572E+15,5.01076E+16
102389,102390,4,0,11,0,2016,12,8,6,3,0,1,0,0,0,0,0,0,0,1,4.91661E+20,5.88141E+21,8.8755E+15,5.30821E+16
102390,102391,4,0,11,0,2016,11,17,3,3,4,2,2,0,1,1,0,0,0,0,4.89547E+20,5.87994E+21,8.84399E+15,5.30688E+16
102391,102392,4,0,11,0,2016,12,7,5,2,6,4,2,0,0,0,1,0,0,1,4.8847E+20,5.88117E+21,8.82787E+15,5.30799E+16
102392,102393,4,0,11,0,2016,11,7,2,3,2,6,1,0,0,1,0,0,0,0,4.8677E+20,5.88403E+21,8.80238E+15,5.31056E+16
102393,102394,4,0,11,0,2016,11,8,6,3,0,3,0,0,1,1,0,0,0,0,4.9249E+20,5.87972E+21,8.88793E+15,5.30669E+16
102394,102395,4,0,11,0,2016,12,14,7,2,2,6,0,0,0,1,0,0,0,0,4.85403E+20,5.87997E+21,8.78214E+15,5.3069E+16
102395,102396,4,0,11,0,2016,12,20,7,3,5,3,2,1,0,1,0,0,0,0,4.95799E+20,5.88239E+21,8.93728E+15,5.30909E+16
102396,102397,4,0,11,0,2016,12,15,5,3,2,6,0,0,0,1,0,0,0,0,4.85841E+20,5.88323E+21,8.78853E+15,5.30983E+16
102397,102398,4,0,11,0,2016,12,16,3,3,6,4,2,0,0,1,1,0,0,0,4.87361E+20,5.88136E+21,8.81131E+15,5.30815E+16
102398,102399,4,0,11,0,2016,12,6,3,3,6,4,2,2,0,1,1,0,0,0,4.9342E+20,5.88063E+21,8.90178E+15,5.30751E+16