FID,OBJECTID,ULAND,UREGBEZ,UKREIS,UGEMEINDE,UJAHR,UMONAT,USTUNDE,UWOCHENTAG,UKATEGORIE,UART,UTYP1,ULICHTVERH,IstStrasse,IstRad,IstPKW,IstFuss,IstKrad,IstGkfz,IstSonstig,LINREFX,LINREFY,XGCSWGS84,YGCSWGS84
102399,102400,4,0,11,0,2016,11,15,2,3,1,5,0,0,0,0,0,0,1,1,4.84861E+20,5.88072E+21,8.77403E+15,5.30758E+16
102400,102401,6,6,34,5,2016,1,18,3,2,6,4,2,1,0,1,1,0,0,0,5.19198E+20,5.66474E+21,9.27438E+15,5.11338E+16
102401,102402,6,5,31,5,2016,1,21,1,3,2,7,2,0,0,1,0,0,0,0,4.7661E+20,5.60397E+21,8.66959E+15,5.05872E+16
102402,102403,4,0,11,0,2016,11,14,6,3,0,7,0,0,0,0,1,0,0,1,4.86139E+20,5.88375E+21,8.79297E+15,5.3103E+16
102403,102404,4,0,11,0,2016,12,12,1,3,6,4,0,1,0,1,1,0,0,0,4.85815E+20,5.88037E+21,8.78827E+15,5.30726E+16
102404,102405,4,0,11,0,2016,12,18,5,3,6,4,2,1,0,1,1,0,0,0,4.74905E+20,5.89205E+21,8.62452E+15,5.31772E+16
102405,102406,4,0,11,0,2016,11,13,2,3,1,7,0,0,0,1,0,0,0,0,4.86495E+20,5.87985E+21,8.79845E+15,5.3068E+16
102406,102407,4,0,11,0,2016,11,10,2,3,2,6,0,0,0,1,0,0,0,1,4.85593E+20,5.88371E+21,8.78481E+15,5.31026E+16
102407,102408,4,0,11,0,2016,12,19,3,3,0,1,2,0,1,0,0,0,0,0,4.87161E+20,5.88056E+21,8.80836E+15,5.30744E+16
102408,102409,4,0,11,0,2016,12,9,5,3,5,3,0,1,1,1,0,0,0,0,4.86923E+20,5.87963E+21,8.80485E+15,5.3066E+16
102409,102410,4,0,12,0,2016,11,15,5,3,2,6,0,0,0,1,0,0,0,0,4.73116E+20,5.93233E+21,8.59434E+15,5.35391E+16
102410,102411,4,0,11,0,2016,12,17,6,3,2,2,2,0,0,1,0,0,0,0,4.86066E+20,5.87883E+21,8.79209E+15,5.30588E+16
102411,102412,4,0,11,0,2016,12,17,3,2,6,4,2,1,0,1,1,0,0,0,4.86832E+20,5.87972E+21,8.80349E+15,5.30668E+16
102412,102413,4,0,11,0,2016,12,16,3,3,6,4,2,1,0,1,1,0,0,0,4.97202E+20,5.87779E+21,8.95826E+15,5.30496E+16
102413,102414,4,0,11,0,2016,12,17,5,3,5,3,2,1,1,1,0,0,0,0,4.90125E+20,5.87977E+21,8.85263E+15,5.30673E+16
102414,102415,6,4,31,13,2016,1,1,3,3,8,1,2,1,0,1,0,0,0,0,4.61952E+20,5.49342E+21,8.47353E+15,4.95922E+16
102415,102416,6,4,12,0,2016,1,6,6,3,2,6,2,0,0,1,0,0,0,0,4.67557E+20,5.55011E+21,8.54634E+15,5.01023E+16
102416,102417,6,6,35,15,2016,1,12,7,2,5,3,0,1,1,1,0,0,0,0,4.91615E+20,5.67948E+21,8.87982E+15,5.12666E+16
102417,102418,4,0,11,0,2016,11,15,5,3,0,7,0,1,0,0,0,1,0,1,4.76392E+20,5.89022E+21,8.6469E+15,5.31609E+16
102418,102419,4,0,11,0,2016,12,14,7,3,5,3,0,0,1,1,0,0,0,0,4.73967E+20,5.89185E+21,8.61051E+15,5.31754E+16
102419,102420,4,0,11,0,2016,12,21,2,3,2,6,2,1,0,1,0,0,0,0,4.86833E+20,5.88173E+21,8.80341E+15,5.30848E+16
102420,102421,4,0,11,0,2016,12,17,5,3,6,4,2,0,0,1,1,0,0,0,4.70325E+20,5.89302E+21,8.55591E+15,5.31857E+16
102421,102422,4,0,11,0,2016,12,11,4,3,6,4,0,0,0,1,1,0,0,0,4.87028E+20,5.88106E+21,8.80635E+15,5.30788E+16
102422,102423,6,5,32,23,2016,1,15,5,3,3,6,0,1,0,1,0,1,0,0,4.64732E+20,5.60156E+21,8.50204E+15,5.05649E+16
102423,102424,4,0,11,0,2016,12,1,1,2,9,1,2,1,0,1,0,0,0,0,4.8804E+20,5.8753E+21,8.82168E+15,5.30271E+16
102424,102425,4,0,11,0,2016,11,12,4,3,5,3,0,0,0,1,0,1,0,0,4.87729E+20,5.88041E+21,8.81684E+15,5.3073E+16
102425,102426,4,0,11,0,2016,12,21,6,3,0,1,2,1,0,1,0,0,0,0,4.84642E+20,5.87935E+21,8.77082E+15,5.30635E+16
102426,102427,6,5,32,20,2016,1,16,7,3,2,2,0,1,0,1,0,0,0,0,4.52716E+20,5.6114E+21,8.33113E+15,5.06525E+16
102427,102428,4,0,11,0,2016,12,10,2,3,5,3,0,1,0,1,0,0,0,0,4.91674E+20,5.88141E+21,8.8757E+15,5.30821E+16
102428,102429,4,0,11,0,2016,12,16,2,3,4,2,1,0,0,1,0,0,0,0,4.89362E+20,5.87623E+21,8.84135E+15,5.30355E+16
102429,102430,4,0,12,0,2016,11,15,4,3,2,6,1,1,0,1,0,0,0,0,4.73046E+20,5.93429E+21,8.5931E+15,5.35568E+16
102430,102431,6,6,31,9,2016,1,7,6,3,8,1,2,0,0,1,0,0,0,0,5.46693E+20,5.60181E+21,9.65931E+15,5.05664E+16
102431,102432,6,4,13,0,2016,1,7,7,2,5,3,1,1,1,1,0,0,0,0,4.8472E+20,5.54835E+21,8.7864E+15,5.00872E+16
102432,102433,4,0,11,0,2016,11,9,5,3,0,4,0,0,1,0,1,0,0,0,4.74748E+20,5.8914E+21,8.62223E+15,5.31714E+16
102433,102434,4,0,11,0,2016,12,13,6,3,3,6,0,1,0,1,0,1,0,0,4.78974E+20,5.89178E+21,8.68542E+15,5.3175E+16
102434,102435,4,0,11,0,2016,12,11,4,3,5,3,0,1,1,1,0,0,0,0,4.8659E+20,5.88013E+21,8.79986E+15,5.30704E+16
102435,102436,4,0,11,0,2016,12,14,3,3,6,4,0,0,0,0,1,0,0,1,4.82476E+20,5.87757E+21,8.73859E+15,5.30474E+16
102436,102437,4,0,11,0,2016,12,13,6,3,0,7,0,1,1,1,0,0,0,0,4.87291E+20,5.88135E+21,8.81027E+15,5.30815E+16
102437,102438,4,0,12,0,2016,12,6,4,3,5,2,2,0,1,1,0,0,0,0,4.73389E+20,5.93578E+21,8.59816E+15,5.35702E+16
102438,102439,4,0,11,0,2016,11,14,1,3,5,3,0,0,0,1,0,0,0,0,4.74534E+20,5.89226E+21,8.61895E+15,5.31791E+16
102439,102440,6,4,11,0,2016,1,17,4,3,6,4,2,0,0,1,1,0,0,0,4.73871E+20,5.52424E+21,8.6364E+15,4.987E+16
102440,102441,6,6,11,0,2016,1,16,2,3,5,3,1,1,0,1,0,0,0,0,5.3703E+20,5.68473E+21,9.5313E+15,5.13126E+16
102441,102442,4,0,11,0,2016,12,11,7,3,0,1,0,2,0,0,0,1,0,0,4.67574E+20,5.89567E+21,8.51448E+15,5.32093E+16
102442,102443,4,0,11,0,2016,12,17,6,3,4,6,2,1,1,0,0,0,0,0,4.83336E+20,5.87951E+21,8.75132E+15,5.30649E+16
102443,102444,4,0,11,0,2016,11,15,4,2,2,6,0,0,0,1,0,0,0,0,4.75005E+20,5.89267E+21,8.62597E+15,5.31828E+16
102444,102445,4,0,12,0,2016,11,7,3,3,5,2,2,2,1,1,0,0,0,0,4.74104E+20,5.93806E+21,8.60877E+15,5.35908E+16
102445,102446,4,0,12,0,2016,12,9,5,2,5,3,0,0,1,1,0,0,0,0,4.74077E+20,5.93583E+21,8.60854E+15,5.35707E+16
102446,102447,4,0,11,0,2016,11,10,2,3,2,6,0,1,0,1,0,0,0,0,4.88181E+20,5.88157E+21,8.82355E+15,5.30835E+16
102447,102448,4,0,11,0,2016,11,8,5,3,1,6,0,0,0,1,0,0,0,1,4.82442E+20,5.88832E+21,8.73749E+15,5.3144E+16
102448,102449,4,0,11,0,2016,11,19,5,3,5,3,2,1,1,1,0,0,0,0,4.904E+20,5.88022E+21,8.85672E+15,5.30714E+16
102449,102450,4,0,11,0,2016,12,17,6,3,5,3,2,0,1,1,0,0,0,0,4.95984E+20,5.87982E+21,8.94007E+15,5.30679E+16
102450,102451,4,0,11,0,2016,12,11,4,3,5,2,0,1,1,1,0,0,0,0,4.89486E+20,5.8813E+21,8.84304E+15,5.30811E+16
102451,102452,4,0,11,0,2016,12,8,2,2,5,3,1,1,1,1,0,0,0,0,4.88288E+20,5.88169E+21,8.82514E+15,5.30845E+16
102452,102453,4,0,11,0,2016,12,7,6,3,2,7,2,1,0,1,0,0,1,0,4.85787E+20,5.8805E+21,8.78785E+15,5.30738E+16
102453,102454,4,0,12,0,2016,12,9,3,3,2,6,0,0,0,1,0,0,0,0,4.72524E+20,5.93438E+21,8.58522E+15,5.35576E+16
102454,102455,4,0,11,0,2016,11,14,7,3,0,7,0,0,0,0,0,0,0,1,4.82575E+20,5.87839E+21,8.74003E+15,5.30547E+16
102455,102456,6,4,35,14,2016,1,7,4,3,5,3,2,1,1,1,0,0,0,0,4.93918E+20,5.55335E+21,8.91489E+15,5.01323E+16
102456,102457,6,4,11,0,2016,1,15,2,3,5,3,0,1,1,1,0,0,0,0,4.74669E+20,5.52816E+21,8.64723E+15,4.99053E+16
102457,102458,4,0,12,0,2016,12,7,5,2,6,4,2,1,0,1,1,0,0,0,4.72534E+20,5.93439E+21,8.58537E+15,5.35577E+16
102458,102459,4,0,11,0,2016,11,16,3,3,4,6,0,0,1,0,0,0,0,0,4.85739E+20,5.8807E+21,8.78713E+15,5.30756E+16
102459,102460,4,0,12,0,2016,12,17,4,3,5,2,2,0,1,1,0,0,0,0,4.73997E+20,5.93754E+21,8.60719E+15,5.35861E+16
102460,102461,4,0,11,0,2016,11,11,2,3,2,6,0,0,0,1,0,0,0,0,4.91932E+20,5.88356E+21,8.8795E+15,5.31014E+16
102461,102462,4,0,11,0,2016,11,10,5,3,2,6,0,0,0,1,0,0,1,0,4.87024E+20,5.88046E+21,8.80632E+15,5.30734E+16
102462,102463,4,0,11,0,2016,12,10,6,3,1,7,0,0,0,1,0,1,0,0,4.84962E+20,5.88468E+21,8.77534E+15,5.31114E+16
102463,102464,4,0,11,0,2016,12,17,7,3,2,6,2,1,0,1,0,0,0,0,4.85934E+20,5.88151E+21,8.79001E+15,5.30829E+16
102464,102465,4,0,11,0,2016,12,17,3,3,2,6,2,0,0,1,0,0,0,0,4.8899E+20,5.87636E+21,8.8358E+15,5.30367E+16
102465,102466,4,0,11,0,2016,12,11,3,3,5,3,0,0,1,1,0,0,0,0,4.91985E+20,5.88144E+21,8.88034E+15,5.30824E+16
102466,102467,6,4,35,19,2016,1,13,3,3,2,6,0,1,0,1,0,0,0,1,4.86228E+20,5.55486E+21,8.80724E+15,5.01458E+16
102467,102468,6,4,32,8,2016,1,9,1,3,8,1,0,1,0,1,0,0,0,0,4.70066E+20,5.52408E+21,8.58345E+15,4.98684E+16
102468,102469,4,0,11,0,2016,11,19,5,3,8,1,2,0,0,1,0,0,0,0,4.67204E+20,5.89699E+21,8.50879E+15,5.32212E+16
102469,102470,4,0,12,0,2016,12,20,1,3,3,6,2,1,0,1,0,0,0,0,4.73249E+20,5.93139E+21,8.59642E+15,5.35307E+16
102470,102471,4,0,11,0,2016,12,10,5,3,5,7,0,0,1,0,0,0,0,1,4.87232E+20,5.88092E+21,8.80941E+15,5.30776E+16
102471,102472,4,0,11,0,2016,12,20,4,3,2,6,2,1,0,1,0,0,0,0,4.97107E+20,5.87796E+21,8.95684E+15,5.30511E+16
102472,102473,4,0,11,0,2016,12,15,3,3,6,4,0,1,0,1,1,0,0,0,4.86219E+20,5.88379E+21,8.79416E+15,5.31034E+16
102473,102474,4,0,11,0,2016,11,15,7,3,6,4,0,0,0,1,1,0,0,0,4.78974E+20,5.89178E+21,8.68542E+15,5.3175E+16
102474,102475,6,4,12,0,2016,1,18,3,3,6,2,2,1,0,1,1,0,0,0,4.73946E+20,5.54977E+21,8.6357E+15,5.00996E+16
102475,102476,6,4,32,3,2016,1,7,2,3,5,2,2,1,1,1,0,0,0,0,4.72023E+20,5.51159E+21,8.61158E+15,4.97562E+16
102476,102477,4,0,12,0,2016,11,7,4,2,6,4,0,0,0,1,1,0,0,0,4.73885E+20,5.93054E+21,8.60608E+15,5.35232E+16
102477,102478,4,0,11,0,2016,12,18,5,3,2,6,2,1,0,1,0,0,0,0,4.86646E+20,5.88103E+21,8.80066E+15,5.30786E+16
102478,102479,4,0,12,0,2016,11,13,2,3,5,3,0,0,0,1,0,0,0,0,4.73818E+20,5.92978E+21,8.60514E+15,5.35163E+16
102479,102480,4,0,11,0,2016,12,19,3,3,2,6,2,0,0,1,0,0,0,0,4.86659E+20,5.87916E+21,8.80092E+15,5.30617E+16
102480,102481,4,0,12,0,2016,11,15,4,3,2,6,0,0,0,1,0,0,0,0,4.7465E+20,5.93706E+21,8.6171E+15,5.35817E+16
102481,102482,4,0,12,0,2016,12,16,5,3,5,3,1,1,0,1,0,0,0,0,4.73007E+20,5.92737E+21,8.59312E+15,5.34946E+16
102482,102483,4,0,11,0,2016,12,15,2,3,6,4,0,0,0,1,1,0,0,0,4.87389E+20,5.87882E+21,8.81183E+15,5.30587E+16
102483,102484,4,0,12,0,2016,12,1,2,3,5,3,2,0,0,1,0,0,0,1,4.72488E+20,5.93473E+21,8.58464E+15,5.35607E+16
102484,102485,4,0,11,0,2016,12,8,5,3,0,7,0,1,0,1,0,0,0,0,4.92591E+20,5.87847E+21,8.88945E+15,5.30557E+16
102485,102486,6,4,12,0,2016,1,4,6,3,5,3,2,0,0,1,0,0,0,0,4.76971E+20,5.55198E+21,8.67786E+15,5.01197E+16
102486,102487,6,5,33,13,2016,1,18,7,3,9,1,2,1,0,1,0,0,0,0,4.34901E+20,5.58581E+21,8.08362E+15,5.04207E+16
102487,102488,4,0,12,0,2016,11,8,4,3,2,6,0,0,0,1,0,0,0,1,4.72808E+20,5.93109E+21,8.58979E+15,5.3528E+16
102488,102489,4,0,12,0,2016,12,9,6,3,5,3,0,0,0,1,0,0,0,0,4.72514E+20,5.93253E+21,8.58523E+15,5.35409E+16
102489,102490,4,0,12,0,2016,12,16,7,3,5,3,2,0,0,1,0,0,0,0,4.73562E+20,5.93081E+21,8.60119E+15,5.35255E+16
102490,102491,4,0,11,0,2016,12,16,5,3,5,3,2,0,0,1,0,0,0,0,4.86402E+20,5.88047E+21,8.79704E+15,5.30736E+16
102491,102492,4,0,12,0,2016,12,17,7,3,3,6,2,0,0,1,0,0,0,0,4.7449E+20,5.93119E+21,8.61516E+15,5.3529E+16
102492,102493,4,0,11,0,2016,11,13,2,3,5,3,0,0,1,1,0,0,0,0,4.89987E+20,5.87655E+21,8.85067E+15,5.30383E+16
102493,102494,4,0,12,0,2016,12,0,2,3,8,1,2,1,0,1,0,0,0,0,4.74333E+20,5.92885E+21,8.61297E+15,5.3508E+16
102494,102495,4,0,12,0,2016,12,15,5,3,0,7,0,1,0,1,0,0,0,0,4.73014E+20,5.93623E+21,8.59246E+15,5.35743E+16
102495,102496,4,0,11,0,2016,12,10,5,3,5,3,0,1,0,1,0,0,0,0,4.89488E+20,5.88213E+21,8.84304E+15,5.30885E+16
102496,102497,6,4,38,2,2016,1,21,5,2,6,4,2,1,0,1,1,0,0,0,4.78578E+20,5.54181E+21,8.70092E+15,5.00282E+16
102497,102498,4,0,11,0,2016,12,6,2,3,5,3,2,1,1,0,0,0,0,1,4.86066E+20,5.88042E+21,8.79202E+15,5.30731E+16
102498,102499,4,0,11,0,2016,12,14,1,3,8,1,1,1,0,1,0,0,0,0,4.93825E+20,5.88141E+21,8.90781E+15,5.30822E+16
102499,102500,4,0,12,0,2016,11,11,4,3,2,6,0,1,0,1,0,0,0,0,4.73701E+20,5.93142E+21,8.60323E+15,5.35311E+16
102500,102501,4,0,11,0,2016,12,18,7,3,5,2,2,0,0,1,0,0,0,0,4.94011E+20,5.88146E+21,8.91059E+15,5.30826E+16
102501,102502,6,4,34,1,2016,1,18,7,3,6,2,2,1,0,1,1,0,0,0,4.72018E+20,5.56438E+21,8.60767E+15,5.0231E+16
102502,102503,4,0,12,0,2016,11,8,4,3,5,3,0,0,1,1,0,0,0,0,4.73227E+20,5.93635E+21,8.59566E+15,5.35753E+16
102503,102504,4,0,11,0,2016,12,14,6,3,5,3,0,0,1,1,0,0,0,0,4.87354E+20,5.8812E+21,8.81122E+15,5.30801E+16
102504,102505,4,0,11,0,2016,12,13,4,3,3,4,0,1,1,1,1,0,0,0,4.85521E+20,5.87983E+21,8.78391E+15,5.30678E+16
102505,102506,4,0,12,0,2016,12,14,2,2,0,7,0,0,1,0,0,0,0,0,4.7284E+20,5.9306E+21,8.59032E+15,5.35236E+16
102506,102507,4,0,11,0,2016,12,4,6,3,5,2,2,1,1,1,0,0,0,0,4.94004E+20,5.87755E+21,8.91055E+15,5.30474E+16
102507,102508,4,0,11,0,2016,12,11,4,3,5,3,0,1,0,1,0,0,0,1,4.81382E+20,5.88757E+21,8.7217E+15,5.31372E+16
102508,102509,4,0,11,0,2016,11,20,7,2,5,2,2,1,1,1,0,0,0,0,4.87094E+20,5.88145E+21,8.80733E+15,5.30823E+16
102509,102510,6,4,31,13,2016,1,12,4,3,5,3,0,1,1,1,0,0,0,0,4.61806E+20,5.4943E+21,8.47143E+15,4.96E+16
102510,102511,6,4,12,0,2016,1,7,2,2,6,2,2,1,0,1,1,0,0,0,4.7399E+20,5.55171E+21,8.63618E+15,5.01171E+16
102511,102512,4,0,11,0,2016,12,7,6,3,5,2,0,0,1,1,0,0,0,0,4.74788E+20,5.89203E+21,8.62277E+15,5.3177E+16
102512,102513,4,0,11,0,2016,12,16,6,3,3,6,1,0,1,1,0,0,0,0,4.95141E+20,5.88307E+21,8.92744E+15,5.3097E+16
102513,102514,4,0,12,0,2016,12,14,6,3,2,6,0,1,0,1,0,0,0,0,4.73337E+20,5.92871E+21,8.59797E+15,5.35067E+16
102514,102515,6,5,31,5,2016,1,16,5,2,5,3,1,1,0,1,0,1,0,0,4.76012E+20,5.60326E+21,8.66119E+15,5.05807E+16
102515,102516,6,5,31,5,2016,1,11,2,3,6,2,0,1,0,1,1,0,0,0,4.79062E+20,5.6059E+21,8.70411E+15,5.06046E+16
102516,102517,4,0,11,0,2016,12,16,7,2,0,1,1,0,1,0,1,0,0,0,4.86343E+20,5.87959E+21,8.79619E+15,5.30656E+16
102517,102518,4,0,11,0,2016,12,9,6,3,5,3,0,0,1,1,0,0,0,0,4.87915E+20,5.87781E+21,8.81972E+15,5.30497E+16
102518,102519,4,0,11,0,2016,11,15,4,3,5,3,0,0,1,1,0,0,0,0,4.85662E+20,5.87915E+21,8.78605E+15,5.30616E+16
102519,102520,4,0,11,0,2016,12,17,6,3,5,7,2,0,0,1,0,0,0,0,4.83338E+20,5.8847E+21,8.75108E+15,5.31114E+16
102520,102521,6,4,31,20,2016,1,11,7,2,5,3,0,1,1,1,0,0,0,0,4.69327E+20,5.48703E+21,8.57608E+15,4.95351E+16
102521,102522,4,0,12,0,2016,11,11,4,2,8,1,0,0,0,0,0,1,0,0,4.72955E+20,5.93294E+21,8.59185E+15,5.35447E+16
102522,102523,4,0,11,0,2016,12,15,3,3,5,3,0,1,0,0,0,0,1,1,4.80603E+20,5.88281E+21,8.71033E+15,5.30944E+16
102523,102524,4,0,11,0,2016,12,12,2,3,5,3,0,1,1,1,0,0,0,0,4.84963E+20,5.88084E+21,8.77554E+15,5.30768E+16
102524,102525,4,0,11,0,2016,12,17,6,3,5,2,2,1,0,1,0,0,0,1,4.86484E+20,5.88044E+21,8.79825E+15,5.30733E+16
102525,102526,4,0,11,0,2016,12,13,3,3,5,3,0,1,0,1,0,0,0,0,4.89116E+20,5.88117E+21,8.83752E+15,5.30799E+16
102526,102527,4,0,11,0,2016,11,11,7,3,6,4,0,1,0,1,1,0,0,0,4.87625E+20,5.88171E+21,8.81524E+15,5.30847E+16
102527,102528,6,6,35,15,2016,1,17,3,2,5,2,2,1,1,1,0,0,0,0,4.95398E+20,5.67851E+21,8.93405E+15,5.12579E+16
102528,102529,6,4,37,13,2016,1,7,2,2,3,6,2,1,0,1,0,0,0,1,4.86733E+20,5.50422E+21,8.81606E+15,4.96904E+16
102529,102530,4,0,11,0,2016,11,14,4,3,5,2,0,0,1,0,0,0,0,1,4.86021E+20,5.88247E+21,8.79125E+15,5.30915E+16
102530,102531,4,0,12,0,2016,12,15,5,3,5,3,0,1,1,1,0,0,0,0,4.73196E+20,5.9291E+21,8.59582E+15,5.35102E+16
102531,102532,4,0,11,0,2016,11,8,3,3,2,6,1,1,0,0,0,0,0,1,4.83524E+20,5.8857E+21,8.75381E+15,5.31205E+16
102532,102533,4,0,11,0,2016,12,13,4,3,5,3,0,0,1,1,0,0,0,0,4.85385E+20,5.87978E+21,8.78189E+15,5.30673E+16
102533,102534,4,0,12,0,2016,11,14,1,3,5,3,0,0,1,1,0,0,0,0,4.75702E+20,5.93915E+21,8.63282E+15,5.36006E+16
102534,102535,4,0,11,0,2016,11,16,4,3,0,1,1,0,0,0,0,0,0,1,4.81709E+20,5.88669E+21,8.72663E+15,5.31293E+16
102535,102536,4,0,12,0,2016,11,11,3,3,2,6,0,2,0,1,0,0,0,0,4.73315E+20,5.93595E+21,8.59703E+15,5.35718E+16
102536,102537,4,0,11,0,2016,12,1,5,3,1,1,2,0,1,1,0,0,0,0,4.88195E+20,5.88091E+21,8.82379E+15,5.30775E+16
102537,102538,4,0,12,0,2016,11,16,1,2,5,3,1,1,1,1,0,0,0,0,4.72998E+20,5.92971E+21,8.59277E+15,5.35156E+16
102538,102539,4,0,11,0,2016,11,8,4,2,1,6,0,0,1,0,0,0,0,0,4.81782E+20,5.87723E+21,8.72826E+15,5.30443E+16
102539,102540,4,0,11,0,2016,12,15,7,3,5,3,0,0,1,1,0,0,0,0,4.89482E+20,5.87995E+21,8.84302E+15,5.3069E+16
102540,102541,4,0,11,0,2016,12,14,7,3,0,2,0,1,0,1,0,0,0,1,4.878E+20,5.87815E+21,8.81798E+15,5.30527E+16
102541,102542,4,0,11,0,2016,12,16,5,3,5,3,2,1,1,1,0,0,0,0,4.71652E+20,5.89362E+21,8.57571E+15,5.31912E+16
102542,102543,4,0,12,0,2016,12,17,3,3,8,1,2,0,0,0,0,1,0,0,4.71938E+20,5.92791E+21,8.57695E+15,5.34994E+16
102543,102544,4,0,11,0,2016,12,20,3,3,5,3,2,1,0,1,0,0,0,0,4.85156E+20,5.87883E+21,8.7785E+15,5.30588E+16
102544,102545,4,0,11,0,2016,11,5,7,3,0,7,2,1,1,0,0,0,0,0,4.86658E+20,5.87916E+21,8.8009E+15,5.30617E+16
102545,102546,6,6,34,14,2016,1,21,3,3,4,1,2,1,0,1,0,0,1,0,5.38426E+20,5.66249E+21,9.54894E+15,5.11126E+16
102546,102547,6,6,31,9,2016,1,5,2,3,8,1,2,1,0,1,0,0,0,0,5.48801E+20,5.60052E+21,9.6889E+15,5.05546E+16
102547,102548,4,0,11,0,2016,11,17,4,2,6,4,2,0,0,1,1,0,0,0,4.90272E+20,5.88142E+21,8.85476E+15,5.30821E+16
102548,102549,4,0,11,0,2016,12,0,1,3,9,1,2,1,0,1,0,0,0,0,4.81976E+20,5.88737E+21,8.73059E+15,5.31355E+16
102549,102550,4,0,11,0,2016,12,17,5,3,6,4,1,1,0,1,1,0,0,0,4.82347E+20,5.87734E+21,8.73668E+15,5.30453E+16
102550,102551,4,0,11,0,2016,11,14,2,3,1,6,0,0,0,1,0,0,0,1,4.89823E+20,5.88057E+21,8.8481E+15,5.30746E+16
102551,102552,4,0,11,0,2016,12,21,3,3,2,6,2,0,0,1,0,0,0,0,4.86408E+20,5.88209E+21,8.79705E+15,5.30881E+16
102552,102553,4,0,11,0,2016,12,21,5,3,9,1,2,1,0,1,0,0,0,0,4.86437E+20,5.88157E+21,8.79751E+15,5.30834E+16
102553,102554,4,0,11,0,2016,12,14,2,2,5,3,0,1,1,1,0,0,0,0,4.88969E+20,5.8766E+21,8.83548E+15,5.30388E+16
102554,102555,4,0,11,0,2016,12,9,2,3,0,1,0,1,1,0,0,0,0,0,4.86942E+20,5.88213E+21,8.80503E+15,5.30885E+16
102555,102556,4,0,12,0,2016,11,19,4,3,0,7,1,0,1,0,0,0,0,0,4.731E+20,5.93472E+21,8.59388E+15,5.35607E+16
102556,102557,4,0,11,0,2016,12,13,6,3,0,3,2,0,0,1,0,0,0,0,4.95471E+20,5.87941E+21,8.93241E+15,5.30642E+16
102557,102558,4,0,11,0,2016,12,12,3,2,5,3,0,0,0,1,0,1,0,0,4.88708E+20,5.8816E+21,8.83142E+15,5.30838E+16
102558,102559,4,0,11,0,2016,12,18,5,3,2,6,2,1,0,1,0,0,0,0,4.95265E+20,5.88025E+21,8.92933E+15,5.30717E+16
102559,102560,4,0,11,0,2016,12,10,3,3,2,6,0,0,1,1,0,0,0,0,4.8693E+20,5.88214E+21,8.80484E+15,5.30886E+16
102560,102561,4,0,11,0,2016,11,22,7,3,5,3,2,1,0,1,0,0,0,0,4.87166E+20,5.88152E+21,8.8084E+15,5.3083E+16
102561,102562,6,4,32,4,2016,1,16,3,3,5,3,1,1,0,1,0,0,0,0,4.87452E+20,5.52734E+21,8.82528E+15,4.98983E+16
102562,102563,6,4,14,0,2016,1,7,6,3,5,3,2,0,0,1,0,0,0,0,4.45991E+20,5.54759E+21,8.24517E+15,5.00781E+16
102563,102564,6,4,31,2,2016,1,11,1,2,5,3,0,0,1,1,0,0,0,0,4.69032E+20,5.50582E+21,8.57053E+15,4.97041E+16
102564,102565,4,0,11,0,2016,11,11,4,3,8,1,0,0,1,0,0,0,0,0,4.93242E+20,5.88639E+21,8.899E+15,5.31269E+16
102565,102566,4,0,11,0,2016,12,14,7,3,6,4,0,0,1,0,1,0,0,0,4.86564E+20,5.8801E+21,8.79947E+15,5.30702E+16
102566,102567,4,0,11,0,2016,12,2,2,3,0,1,2,1,1,0,0,0,0,0,4.91334E+20,5.88232E+21,8.8706E+15,5.30902E+16
102567,102568,4,0,11,0,2016,12,15,5,3,3,7,1,0,0,0,0,0,0,1,4.90834E+20,5.875E+21,8.86335E+15,5.30244E+16
102568,102569,4,0,11,0,2016,12,9,4,3,3,6,0,0,1,0,0,0,0,0,4.88386E+20,5.88181E+21,8.8266E+15,5.30856E+16
102569,102570,6,5,32,21,2016,1,14,5,3,5,2,0,1,0,1,0,0,0,0,4.58775E+20,5.60023E+21,8.41808E+15,5.05525E+16
102570,102571,4,0,11,0,2016,12,9,2,3,2,6,0,1,0,1,0,0,0,0,4.71671E+20,5.89355E+21,8.576E+15,5.31905E+16
102571,102572,4,0,11,0,2016,11,11,4,3,5,2,0,1,1,0,0,0,0,1,4.67799E+20,5.89578E+21,8.51783E+15,5.32104E+16
102572,102573,4,0,12,0,2016,12,11,6,3,4,2,0,0,1,1,0,0,0,0,4.72156E+20,5.93327E+21,8.57976E+15,5.35476E+16
102573,102574,6,4,35,3,2016,1,19,7,2,4,6,2,2,0,1,0,1,0,0,5.19296E+20,5.56273E+21,9.27046E+15,5.02164E+16
102574,102575,4,0,11,0,2016,11,16,4,3,5,2,0,0,1,1,0,0,0,0,4.91332E+20,5.88296E+21,8.87055E+15,5.3096E+16
102575,102576,4,0,11,0,2016,12,20,6,3,1,5,2,0,1,1,0,0,0,0,4.88164E+20,5.8804E+21,8.82334E+15,5.3073E+16
102576,102577,6,4,31,11,2016,1,2,6,2,1,5,2,1,1,0,0,0,1,0,4.73132E+20,5.49939E+21,8.62783E+15,4.96465E+16