FID,OBJECTID,ULAND,UREGBEZ,UKREIS,UGEMEINDE,UJAHR,UMONAT,USTUNDE,UWOCHENTAG,UKATEGORIE,UART,UTYP1,ULICHTVERH,IstStrasse,IstRad,IstPKW,IstFuss,IstKrad,IstGkfz,IstSonstig,LINREFX,LINREFY,XGCSWGS84,YGCSWGS84
102577,102578,6,6,11,0,2016,1,9,7,3,5,3,0,0,0,1,0,0,0,1,5.34688E+20,5.68525E+21,9.49775E+15,5.13175E+16
102578,102579,4,0,11,0,2016,11,17,3,3,1,5,2,0,1,1,0,0,0,0,4.88742E+20,5.88129E+21,8.83194E+15,5.3081E+16
102579,102580,4,0,11,0,2016,12,17,6,3,5,3,2,0,0,1,0,0,0,1,4.85377E+20,5.88353E+21,8.78159E+15,5.3101E+16
102580,102581,4,0,12,0,2016,12,13,4,3,0,1,0,1,1,0,0,0,0,0,4.73114E+20,5.93567E+21,8.59401E+15,5.35692E+16
102581,102582,4,0,11,0,2016,12,16,3,3,6,4,2,1,0,1,1,0,0,0,4.83828E+20,5.88516E+21,8.75838E+15,5.31156E+16
102582,102583,4,0,11,0,2016,12,17,6,3,5,3,2,1,1,1,0,0,0,0,4.90296E+20,5.88078E+21,8.85514E+15,5.30764E+16
102583,102584,6,4,12,0,2016,1,10,4,2,6,2,0,0,1,0,1,0,0,0,4.78643E+20,5.55234E+21,8.70123E+15,5.01229E+16
102584,102585,6,5,35,8,2016,1,9,2,3,8,1,0,2,0,1,0,0,0,0,5.24195E+20,5.60166E+21,9.34163E+15,5.05663E+16
102585,102586,4,0,11,0,2016,12,12,7,3,0,5,0,0,1,1,0,0,0,0,4.94882E+20,5.879E+21,8.92363E+15,5.30604E+16
102586,102587,4,0,11,0,2016,12,7,6,3,2,2,0,0,0,1,0,0,0,0,4.91851E+20,5.88109E+21,8.87835E+15,5.30792E+16
102587,102588,4,0,11,0,2016,11,18,4,3,0,7,2,0,1,0,0,0,1,0,4.87235E+20,5.87932E+21,8.80951E+15,5.30632E+16
102588,102589,4,0,12,0,2016,11,6,3,3,5,3,2,0,1,1,0,0,0,0,4.73576E+20,5.93147E+21,8.60134E+15,5.35315E+16
102589,102590,4,0,12,0,2016,12,17,5,3,5,6,2,0,1,1,0,0,0,0,4.7217E+20,5.93286E+21,8.58002E+15,5.35439E+16
102590,102591,6,4,14,0,2016,1,4,6,2,6,4,2,0,0,1,1,0,0,0,4.45957E+20,5.54815E+21,8.24461E+15,5.00832E+16
102591,102592,4,0,11,0,2016,11,16,3,3,5,3,1,0,1,0,0,0,0,1,4.86666E+20,5.88281E+21,8.80088E+15,5.30946E+16
102592,102593,4,0,11,0,2016,12,12,3,3,1,5,0,1,1,1,0,0,0,0,4.85186E+20,5.88331E+21,8.77875E+15,5.3099E+16
102593,102594,4,0,11,0,2016,12,5,2,3,5,3,2,1,1,0,0,0,0,1,4.9439E+20,5.88018E+21,8.91626E+15,5.30711E+16
102594,102595,4,0,11,0,2016,12,14,5,3,6,4,0,0,0,1,1,0,0,0,4.86518E+20,5.87961E+21,8.79881E+15,5.30658E+16
102595,102596,4,0,11,0,2016,12,8,4,3,2,6,0,0,0,1,0,0,0,0,4.93191E+20,5.88559E+21,8.89825E+15,5.31197E+16
102596,102597,4,0,11,0,2016,12,17,3,3,5,2,1,1,1,1,0,0,0,0,4.91331E+20,5.88227E+21,8.87056E+15,5.30898E+16
102597,102598,4,0,11,0,2016,11,18,7,3,2,6,0,1,0,1,0,0,0,0,4.89612E+20,5.87741E+21,8.84505E+15,5.30461E+16
102598,102599,6,4,12,0,2016,1,15,3,2,0,7,0,0,0,0,0,0,0,1,4.78848E+20,5.55288E+21,8.70407E+15,5.01278E+16
102599,102600,4,0,11,0,2016,12,18,4,3,0,7,2,1,1,0,0,0,0,0,4.87474E+20,5.88253E+21,8.81295E+15,5.30921E+16
102600,102601,4,0,11,0,2016,12,9,2,3,5,3,0,1,0,1,0,0,0,0,4.81044E+20,5.8915E+21,8.7164E+15,5.31725E+16
102601,102602,4,0,11,0,2016,12,7,6,3,4,6,1,1,1,1,0,0,0,0,4.69223E+20,5.89386E+21,8.53934E+15,5.31932E+16
102602,102603,4,0,11,0,2016,12,13,4,3,5,3,0,0,1,0,0,0,0,1,4.89673E+20,5.88044E+21,8.84586E+15,5.30733E+16
102603,102604,4,0,12,0,2016,11,22,6,3,6,4,2,1,0,1,1,0,0,0,4.73218E+20,5.92904E+21,8.59615E+15,5.35096E+16
102604,102605,6,6,31,9,2016,1,7,4,2,6,4,2,1,0,1,1,0,0,0,5.47141E+20,5.60192E+21,9.66565E+15,5.05673E+16
102605,102606,6,4,12,0,2016,1,8,2,3,5,3,0,1,0,1,0,0,0,1,4.77872E+20,5.55164E+21,8.69049E+15,5.01166E+16
102606,102607,4,0,12,0,2016,12,14,5,3,2,6,0,1,0,1,0,0,0,0,4.72737E+20,5.9343E+21,8.58845E+15,5.35568E+16
102607,102608,4,0,11,0,2016,11,8,3,3,6,4,0,0,0,1,1,0,0,0,4.86034E+20,5.88408E+21,8.79139E+15,5.3106E+16
102608,102609,4,0,12,0,2016,12,22,4,3,5,3,2,0,0,1,0,0,0,0,4.72653E+20,5.93241E+21,8.58734E+15,5.35399E+16
102609,102610,4,0,11,0,2016,11,11,1,3,0,3,0,1,0,1,0,1,0,0,4.73104E+20,5.89291E+21,8.5975E+15,5.31848E+16
102610,102611,4,0,11,0,2016,11,17,3,3,5,3,2,0,0,1,0,0,0,1,4.85898E+20,5.88273E+21,8.78941E+15,5.30939E+16
102611,102612,4,0,11,0,2016,12,5,6,3,1,7,2,1,0,1,0,0,0,0,4.94266E+20,5.87925E+21,8.91443E+15,5.30627E+16
102612,102613,4,0,11,0,2016,12,13,7,3,0,7,0,1,1,0,0,0,0,0,4.85932E+20,5.8819E+21,8.78996E+15,5.30864E+16
102613,102614,4,0,11,0,2016,12,8,3,3,2,6,2,0,0,1,0,0,0,0,4.86579E+20,5.88168E+21,8.79962E+15,5.30844E+16
102614,102615,4,0,11,0,2016,12,10,3,3,2,6,0,2,0,1,0,0,0,0,4.87736E+20,5.88106E+21,8.81692E+15,5.30789E+16
102615,102616,4,0,12,0,2016,11,13,6,3,5,2,0,1,1,1,0,0,0,0,4.7371E+20,5.93057E+21,8.60344E+15,5.35234E+16
102616,102617,6,4,39,12,2016,1,12,3,3,6,4,0,1,0,1,1,0,0,0,4.28994E+20,5.5393E+21,8.00918E+15,5.00018E+16
102617,102618,6,4,12,0,2016,1,2,1,3,8,1,2,1,0,1,0,0,0,0,4.77182E+20,5.55002E+21,8.68094E+15,5.0102E+16
102618,102619,4,0,11,0,2016,11,17,3,3,0,2,2,0,1,0,0,1,0,0,4.87043E+20,5.882E+21,8.80654E+15,5.30873E+16
102619,102620,4,0,12,0,2016,12,16,7,2,6,4,1,0,0,1,1,0,0,0,4.73326E+20,5.93198E+21,8.59753E+15,5.3536E+16
102620,102621,4,0,11,0,2016,12,6,5,3,5,3,2,0,1,1,0,0,0,0,4.92699E+20,5.88186E+21,8.891E+15,5.30862E+16
102621,102622,4,0,11,0,2016,11,17,2,3,2,6,2,0,0,1,0,0,0,0,4.96257E+20,5.87875E+21,8.94415E+15,5.30583E+16
102622,102623,4,0,11,0,2016,12,8,3,3,5,3,0,0,1,1,0,0,0,0,4.86078E+20,5.88066E+21,8.79219E+15,5.30753E+16
102623,102624,6,4,11,0,2016,1,15,2,3,5,3,0,1,0,1,0,0,0,0,4.7612E+20,5.52408E+21,8.66769E+15,4.98687E+16
102624,102625,4,0,11,0,2016,11,14,3,2,6,4,0,0,0,1,1,0,0,0,4.92798E+20,5.88111E+21,8.89248E+15,5.30794E+16
102625,102626,4,0,11,0,2016,12,18,5,3,6,4,2,1,0,1,1,0,0,0,4.81778E+20,5.88668E+21,8.72767E+15,5.31292E+16
102626,102627,4,0,11,0,2016,11,8,3,3,2,6,0,0,0,1,0,0,0,0,4.88168E+20,5.88097E+21,8.82337E+15,5.30781E+16
102627,102628,4,0,11,0,2016,12,3,4,3,0,7,2,0,1,0,0,0,0,0,4.88118E+20,5.88059E+21,8.82264E+15,5.30747E+16
102628,102629,4,0,11,0,2016,11,9,3,3,1,5,0,0,1,1,0,0,0,0,4.92433E+20,5.87926E+21,8.88708E+15,5.30628E+16
102629,102630,4,0,12,0,2016,12,20,5,3,5,3,2,1,0,1,0,0,0,0,4.73828E+20,5.93055E+21,8.60522E+15,5.35233E+16
102630,102631,4,0,12,0,2016,12,7,2,3,5,3,0,2,1,1,0,0,0,0,4.7317E+20,5.93021E+21,8.59532E+15,5.35201E+16
102631,102632,4,0,12,0,2016,12,17,2,3,5,3,2,1,1,1,0,0,0,0,4.75369E+20,5.93095E+21,8.62844E+15,5.35269E+16
102632,102633,4,0,11,0,2016,12,10,5,3,6,4,0,0,0,1,1,0,0,0,4.87022E+20,5.8828E+21,8.80619E+15,5.30945E+16
102633,102634,6,4,33,12,2016,1,13,3,3,6,4,0,1,0,0,1,0,0,1,4.56937E+20,5.53802E+21,8.39921E+15,4.9993E+16
102634,102635,6,4,12,0,2016,1,15,6,3,9,7,0,0,0,1,0,0,0,0,4.76815E+20,5.55221E+21,8.67568E+15,5.01217E+16
102635,102636,6,6,35,15,2016,1,8,7,2,6,2,2,0,0,1,1,0,0,0,4.91441E+20,5.67935E+21,8.87732E+15,5.12654E+16
102636,102637,4,0,12,0,2016,11,9,2,3,5,3,0,1,0,1,0,0,0,1,4.7545E+20,5.93132E+21,8.62963E+15,5.35303E+16
102637,102638,4,0,12,0,2016,12,5,6,3,1,5,2,0,0,1,0,0,0,0,4.69197E+20,5.93968E+21,8.53448E+15,5.3605E+16
102638,102639,4,0,12,0,2016,12,2,1,3,5,3,2,1,1,1,0,0,0,0,4.71495E+20,5.93404E+21,8.56971E+15,5.35545E+16
102639,102640,4,0,11,0,2016,12,12,5,3,5,3,0,0,0,1,0,0,0,1,4.95453E+20,5.87671E+21,8.93219E+15,5.30399E+16
102640,102641,4,0,11,0,2016,12,17,7,2,6,4,2,1,0,1,1,0,0,0,4.89661E+20,5.88242E+21,8.84562E+15,5.30911E+16
102641,102642,4,0,11,0,2016,12,19,4,3,2,6,2,0,0,1,0,0,0,0,4.86105E+20,5.88181E+21,8.79254E+15,5.30856E+16
102642,102643,6,5,31,5,2016,1,17,5,3,5,3,2,1,1,1,0,0,0,0,4.77172E+20,5.60295E+21,8.67759E+15,5.0578E+16
102643,102644,6,4,33,2,2016,1,11,3,3,4,1,0,1,0,1,0,0,0,0,4.52975E+20,5.53632E+21,8.34414E+15,4.99773E+16
102644,102645,4,0,11,0,2016,12,13,5,3,2,6,0,1,0,1,0,0,0,0,4.85013E+20,5.88327E+21,8.77617E+15,5.30986E+16
102645,102646,4,0,11,0,2016,12,7,2,3,5,3,1,0,1,1,0,0,0,0,4.85975E+20,5.88324E+21,8.79054E+15,5.30985E+16
102646,102647,4,0,11,0,2016,12,17,2,3,3,1,0,1,1,1,0,0,0,0,4.88362E+20,5.88111E+21,8.82626E+15,5.30793E+16
102647,102648,4,0,12,0,2016,11,14,4,3,2,6,0,0,0,0,0,0,1,0,4.74735E+20,5.93702E+21,8.61838E+15,5.35814E+16
102648,102649,4,0,12,0,2016,12,16,7,3,2,6,2,1,0,1,0,0,0,0,4.73365E+20,5.93672E+21,8.59771E+15,5.35787E+16
102649,102650,6,4,12,0,2016,1,17,7,3,6,2,2,1,0,1,1,0,0,0,4.7798E+20,5.54988E+21,8.6921E+15,5.01007E+16
102650,102651,4,0,11,0,2016,11,17,2,3,2,6,2,0,0,1,0,0,0,0,4.86314E+20,5.88323E+21,8.7956E+15,5.30983E+16
102651,102652,4,0,11,0,2016,12,12,6,3,2,6,1,0,0,1,0,0,0,0,4.9696E+20,5.87868E+21,8.95465E+15,5.30576E+16
102652,102653,4,0,11,0,2016,12,18,4,3,0,1,2,0,1,0,0,0,0,0,4.87819E+20,5.88093E+21,8.81816E+15,5.30777E+16
102653,102654,4,0,11,0,2016,12,7,3,3,5,2,2,0,1,1,0,0,0,0,4.89849E+20,5.88453E+21,8.84836E+15,5.31101E+16
102654,102655,4,0,11,0,2016,12,8,6,3,5,3,0,0,0,1,0,1,0,0,4.90943E+20,5.88016E+21,8.86482E+15,5.30709E+16
102655,102656,4,0,12,0,2016,12,18,4,3,5,2,2,1,1,0,0,0,0,1,4.72322E+20,5.9339E+21,8.58222E+15,5.35532E+16
102656,102657,4,0,11,0,2016,11,13,6,3,5,2,0,0,0,0,0,0,1,0,4.90945E+20,5.87487E+21,8.86499E+15,5.30233E+16
102657,102658,6,6,35,6,2016,1,11,4,3,5,3,0,1,0,1,0,0,0,0,4.86603E+20,5.65285E+21,8.80896E+15,5.1027E+16
102658,102659,6,4,14,0,2016,1,15,2,3,6,2,0,1,0,1,1,0,0,0,4.45538E+20,5.54703E+21,8.23892E+15,5.00731E+16
102659,102660,4,0,12,0,2016,12,8,6,3,6,4,0,0,0,1,1,0,0,0,4.73377E+20,5.93709E+21,8.59787E+15,5.3582E+16
102660,102661,4,0,11,0,2016,12,6,6,3,5,3,1,1,1,1,0,0,0,0,4.91938E+20,5.87903E+21,8.87971E+15,5.30607E+16
102661,102662,4,0,11,0,2016,11,8,4,2,1,7,0,0,1,1,0,0,1,0,4.88785E+20,5.881E+21,8.83259E+15,5.30783E+16
102662,102663,4,0,12,0,2016,11,19,3,3,0,1,2,1,1,0,0,0,0,0,4.71818E+20,5.93364E+21,8.57462E+15,5.35509E+16
102663,102664,4,0,11,0,2016,12,11,5,3,3,6,0,0,0,1,0,0,0,0,4.89593E+20,5.88066E+21,8.84466E+15,5.30753E+16
102664,102665,4,0,11,0,2016,11,13,1,3,2,6,0,1,0,1,0,0,0,0,4.88755E+20,5.88258E+21,8.83208E+15,5.30926E+16
102665,102666,6,4,35,14,2016,1,12,5,3,5,3,0,0,0,1,0,1,0,0,4.94954E+20,5.55427E+21,8.92939E+15,5.01407E+16
102666,102667,6,6,35,11,2016,1,13,4,2,5,2,0,1,0,1,0,0,0,0,4.85861E+20,5.65573E+21,8.79827E+15,5.10529E+16
102667,102668,6,4,12,0,2016,1,6,2,2,5,2,1,1,0,1,0,1,0,0,4.74397E+20,5.54831E+21,8.64211E+15,5.00865E+16
102668,102669,6,5,31,5,2016,1,18,3,3,0,7,2,0,1,1,0,0,0,0,4.76412E+20,5.60289E+21,8.66685E+15,5.05775E+16
102669,102670,6,4,12,0,2016,1,11,2,3,6,3,0,0,0,1,1,0,0,0,4.7715E+20,5.54935E+21,8.68053E+15,5.0096E+16
102670,102671,6,5,31,14,2016,1,14,2,2,6,7,0,1,0,0,1,0,1,0,4.82254E+20,5.59842E+21,8.74958E+15,5.05374E+16
102671,102672,6,4,12,0,2016,1,12,7,3,2,6,0,1,0,1,0,0,0,0,4.76511E+20,5.55284E+21,8.67138E+15,5.01273E+16
102672,102673,6,4,31,3,2016,1,19,3,2,5,3,2,1,1,1,0,0,0,0,4.61342E+20,5.50472E+21,8.46399E+15,4.96938E+16
102673,102674,6,4,12,0,2016,1,22,6,3,4,6,2,1,0,1,0,0,0,0,4.72671E+20,5.5504E+21,8.61783E+15,5.01052E+16
102674,102675,6,4,34,1,2016,1,17,5,3,5,3,2,1,0,1,0,0,0,0,4.72627E+20,5.56291E+21,8.61631E+15,5.02177E+16
102675,102676,6,4,14,0,2016,1,15,3,3,2,6,0,1,0,1,0,0,0,0,4.44308E+20,5.5474E+21,8.22167E+15,5.00763E+16
102676,102677,6,4,12,0,2016,1,7,2,3,5,2,2,1,0,1,0,0,0,1,4.75594E+20,5.54933E+21,8.65877E+15,5.00958E+16
102677,102678,6,4,13,0,2016,1,16,5,3,5,3,0,0,1,0,0,0,0,1,4.82527E+20,5.54796E+21,8.75577E+15,5.00836E+16
102678,102679,6,4,37,9,2016,1,0,7,3,6,7,2,0,0,1,1,0,0,0,4.99351E+20,5.51552E+21,8.99098E+15,4.97921E+16
102679,102680,6,6,33,3,2016,1,6,2,3,5,3,0,2,0,1,0,0,0,0,5.29074E+20,5.67833E+21,9.41663E+15,5.12556E+16
102680,102681,6,4,37,11,2016,1,12,2,3,6,4,0,1,0,1,1,0,0,0,5.00169E+20,5.50327E+21,9.00234E+15,4.9682E+16
102681,102682,6,4,13,0,2016,1,15,1,3,6,2,0,1,0,1,1,0,0,0,4.85799E+20,5.54883E+21,8.80147E+15,5.00916E+16
102682,102683,6,4,14,0,2016,1,8,4,3,5,2,0,0,0,1,0,0,0,0,4.45983E+20,5.54773E+21,8.24503E+15,5.00794E+16
102683,102684,6,4,12,0,2016,1,5,6,3,6,2,2,1,0,1,1,0,0,0,4.72713E+20,5.55007E+21,8.61844E+15,5.01022E+16
102684,102685,6,4,31,2,2016,1,9,3,3,2,6,0,1,0,1,0,0,0,0,4.71104E+20,5.50454E+21,8.59935E+15,4.96927E+16
102685,102686,6,4,12,0,2016,1,19,6,3,6,4,2,0,0,1,1,0,0,0,4.76211E+20,5.55399E+21,8.66711E+15,5.01376E+16
102686,102687,6,4,32,23,2016,1,21,2,3,5,3,2,1,0,1,0,0,0,0,4.71049E+20,5.52771E+21,8.59686E+15,4.99011E+16
102687,102688,6,4,32,8,2016,1,17,5,3,5,2,1,1,0,1,0,0,0,0,4.67779E+20,5.52414E+21,8.55162E+15,4.98688E+16
102688,102689,6,4,11,0,2016,1,19,5,3,1,3,2,0,1,1,0,0,0,0,4.77144E+20,5.52734E+21,8.68175E+15,4.9898E+16
102689,102690,6,4,14,0,2016,1,8,6,2,0,7,0,0,1,1,0,0,0,0,4.49186E+20,5.5396E+21,8.29087E+15,5.00065E+16
102690,102691,6,4,34,5,2016,1,16,6,3,6,7,1,1,0,1,1,0,0,0,4.62162E+20,5.55899E+21,8.47002E+15,5.01819E+16
102691,102692,6,5,31,14,2016,1,16,4,3,1,7,0,1,0,1,0,0,0,0,4.81526E+20,5.59929E+21,8.73927E+15,5.05453E+16
102692,102693,6,5,35,11,2016,1,13,4,3,6,6,0,1,0,1,1,0,0,0,5.28486E+20,5.61032E+21,9.40289E+15,5.06441E+16
102693,102694,6,6,33,3,2016,1,13,2,2,3,6,0,1,0,1,0,0,0,0,5.29005E+20,5.67794E+21,9.41562E+15,5.1252E+16
102694,102695,6,6,35,2,2016,1,15,4,2,8,1,0,2,0,1,1,0,0,0,5.00562E+20,5.6928E+21,9.00808E+15,5.13865E+16
102695,102696,6,6,36,6,2016,1,6,6,3,4,1,2,2,0,1,0,0,0,0,5.50602E+20,5.67099E+21,9.72408E+15,5.11881E+16
102696,102697,6,4,11,0,2016,1,11,6,3,0,7,0,0,0,1,0,0,0,0,4.75383E+20,5.52529E+21,8.65736E+15,4.98795E+16
102697,102698,6,6,35,12,2016,1,14,2,3,5,3,0,1,0,1,0,0,0,0,4.98287E+20,5.64665E+21,8.9756E+15,5.09715E+16
102698,102699,6,5,32,23,2016,1,7,4,2,6,4,2,1,0,1,1,0,0,0,4.65145E+20,5.60031E+21,8.50798E+15,5.05537E+16
102699,102700,6,4,12,0,2016,1,14,3,3,2,6,0,0,0,1,0,0,0,0,4.72596E+20,5.55309E+21,8.61659E+15,5.01294E+16
102700,102701,6,4,34,5,2016,1,18,5,3,6,2,2,0,0,1,1,0,0,0,4.6213E+20,5.55901E+21,8.46958E+15,5.01821E+16
102701,102702,6,6,36,6,2016,1,9,6,2,5,3,0,2,0,1,0,0,1,0,5.51537E+20,5.67185E+21,9.73758E+15,5.11957E+16
102702,102703,6,4,12,0,2016,1,20,6,3,6,4,2,1,0,1,1,0,0,0,4.82247E+20,5.55592E+21,8.75149E+15,5.01552E+16
102703,102704,6,4,37,13,2016,1,12,4,2,6,4,0,1,0,1,1,0,0,0,4.88541E+20,5.50667E+21,8.84105E+15,4.97125E+16
102704,102705,6,6,35,11,2016,1,18,2,3,5,3,2,1,0,1,0,0,0,0,4.84806E+20,5.65565E+21,8.78322E+15,5.10522E+16
102705,102706,6,5,32,12,2016,1,16,3,2,6,7,0,0,0,1,1,0,0,0,4.51078E+20,5.61499E+21,8.30748E+15,5.06847E+16
102706,102707,6,4,12,0,2016,1,8,2,3,1,5,0,0,0,1,0,0,0,0,4.69723E+20,5.5502E+21,8.57662E+15,5.01033E+16
102707,102708,6,4,35,14,2016,1,18,2,3,5,2,2,0,0,1,0,0,0,0,4.94265E+20,5.55296E+21,8.91976E+15,5.01289E+16
102708,102709,6,6,11,0,2016,1,8,3,3,4,1,0,2,0,1,0,0,0,0,5.29637E+20,5.68487E+21,9.42525E+15,5.13144E+16
102709,102710,6,4,11,0,2016,1,15,2,3,2,6,0,0,0,1,0,0,0,1,4.73076E+20,5.51814E+21,8.62575E+15,4.98151E+16
102710,102711,6,6,35,11,2016,1,5,6,2,5,3,2,1,0,1,0,0,0,0,4.84661E+20,5.65595E+21,8.78114E+15,5.10548E+16
102711,102712,6,4,36,3,2016,1,16,5,3,5,2,1,1,0,1,0,0,0,0,4.68986E+20,5.55447E+21,8.56597E+15,5.01416E+16
102712,102713,6,4,32,10,2016,1,10,5,3,5,3,0,1,1,1,0,0,0,0,4.94739E+20,5.52426E+21,8.92678E+15,4.98707E+16
102713,102714,6,4,34,2,2016,1,7,4,2,6,2,2,1,0,1,1,0,0,0,4.75101E+20,5.56929E+21,8.65058E+15,5.02752E+16
102714,102715,6,4,35,25,2016,1,7,2,3,2,6,0,1,0,1,0,0,0,0,5.37397E+20,5.57712E+21,9.52558E+15,5.0345E+16
102715,102716,6,6,34,9,2016,1,7,2,3,6,2,0,0,0,1,1,0,0,0,5.27681E+20,5.65309E+21,9.39474E+15,5.10287E+16
102716,102717,6,4,12,0,2016,1,2,2,3,0,1,2,2,1,0,0,0,0,0,4.78854E+20,5.55217E+21,8.7042E+15,5.01214E+16
102717,102718,6,4,35,7,2016,1,10,2,3,5,2,0,0,0,1,0,0,0,0,4.99231E+20,5.55614E+21,8.98923E+15,5.01575E+16
102718,102719,6,4,33,13,2016,1,12,5,3,5,3,0,0,0,1,0,1,0,0,4.61592E+20,5.51695E+21,8.46625E+15,4.98037E+16
102719,102720,6,4,14,0,2016,1,11,6,3,1,5,0,1,0,1,0,0,0,0,4.48994E+20,5.53984E+21,8.28815E+15,5.00087E+16
102720,102721,6,4,33,12,2016,1,10,3,3,4,6,0,1,0,1,0,0,0,0,4.59565E+20,5.53684E+21,8.436E+15,4.99826E+16
102721,102722,6,4,39,8,2016,1,18,6,3,0,7,2,0,0,1,0,0,0,0,4.46898E+20,5.56375E+21,8.25558E+15,5.02236E+16
102722,102723,6,4,38,9,2016,1,6,2,3,5,3,2,1,0,1,0,1,0,0,4.777E+20,5.54513E+21,8.68847E+15,5.00581E+16
102723,102724,6,4,36,7,2016,1,7,5,2,6,2,2,1,0,1,1,0,0,0,4.59903E+20,5.54867E+21,8.43948E+15,5.00889E+16
102724,102725,6,4,14,0,2016,1,16,3,3,4,7,0,1,0,1,0,1,0,0,4.46814E+20,5.54644E+21,8.25683E+15,5.00678E+16
102725,102726,6,4,14,0,2016,1,13,7,3,2,6,0,1,0,1,0,0,0,0,4.45403E+20,5.54737E+21,8.23698E+15,5.00761E+16
102726,102727,6,6,31,7,2016,1,11,3,2,8,1,0,1,0,0,0,1,0,0,5.55819E+20,5.62503E+21,9.79166E+15,5.07744E+16
102727,102728,6,4,38,13,2016,1,9,6,3,5,3,0,1,0,1,0,0,0,0,4.97976E+20,5.544E+21,8.97172E+15,5.00483E+16
102728,102729,6,4,38,2,2016,1,19,5,3,5,3,2,1,1,1,0,0,0,0,4.77858E+20,5.54185E+21,8.69086E+15,5.00286E+16
102729,102730,6,4,12,0,2016,1,9,3,3,4,1,0,0,1,1,0,0,0,0,4.74947E+20,5.55209E+21,8.64955E+15,5.01205E+16
102730,102731,6,4,34,7,2016,1,13,2,3,2,6,0,1,0,1,0,0,0,0,4.65953E+20,5.57276E+21,8.52188E+15,5.0306E+16
102731,102732,6,4,11,0,2016,1,18,2,3,5,3,2,0,0,1,0,1,0,0,4.76264E+20,5.52415E+21,8.66969E+15,4.98693E+16
102732,102733,6,4,38,5,2016,1,22,1,3,0,7,2,1,0,1,0,1,0,0,4.86237E+20,5.54526E+21,8.80772E+15,5.00595E+16
102733,102734,6,4,36,3,2016,1,17,4,2,0,2,1,0,1,1,0,0,0,0,4.68737E+20,5.55349E+21,8.56257E+15,5.01328E+16
102734,102735,6,4,12,0,2016,1,6,6,3,5,3,2,1,0,1,0,0,0,1,4.76491E+20,5.54886E+21,8.67134E+15,5.00915E+16
102735,102736,6,5,31,8,2016,1,7,3,3,5,3,2,1,0,1,0,0,1,0,4.93775E+20,5.59153E+21,8.91227E+15,5.04757E+16
102736,102737,6,4,35,19,2016,1,9,6,3,0,7,0,2,1,0,0,0,0,0,4.87693E+20,5.55468E+21,8.82775E+15,5.01443E+16
102737,102738,6,4,34,2,2016,1,22,2,2,5,3,2,1,0,1,0,0,0,0,4.73961E+20,5.56687E+21,8.63474E+15,5.02534E+16
102738,102739,6,4,35,14,2016,1,8,5,3,5,3,0,0,1,1,0,0,0,0,4.92131E+20,5.55331E+21,8.8899E+15,5.0132E+16
102739,102740,6,4,14,0,2016,1,17,3,3,6,7,0,0,1,0,0,0,0,1,4.4552E+20,5.54415E+21,8.23906E+15,5.00471E+16
102740,102741,6,4,39,13,2016,1,6,5,3,4,6,2,1,1,1,0,0,0,0,4.23516E+20,5.5375E+21,7.93311E+15,4.99849E+16
102741,102742,6,4,12,0,2016,1,11,6,3,5,3,0,1,0,1,0,0,0,0,4.6396E+20,5.5494E+21,8.49612E+15,5.00957E+16
102742,102743,6,4,31,11,2016,1,17,2,3,6,4,1,1,0,1,1,0,0,0,4.73532E+20,5.49806E+21,8.63345E+15,4.96345E+16
102743,102744,6,4,12,0,2016,1,7,5,3,6,2,1,0,0,0,1,0,0,1,4.75013E+20,5.54895E+21,8.65068E+15,5.00923E+16
102744,102745,6,5,31,5,2016,1,9,7,3,8,6,0,1,1,1,0,0,0,0,4.7796E+20,5.60268E+21,8.68873E+15,5.05756E+16
102745,102746,6,4,35,28,2016,1,7,6,3,8,1,1,2,0,1,0,0,0,0,5.30644E+20,5.58393E+21,9.43124E+15,5.04066E+16
102746,102747,6,4,35,19,2016,1,13,4,3,5,3,0,0,0,1,0,0,0,0,4.88359E+20,5.55349E+21,8.83711E+15,5.01335E+16
102747,102748,6,4,12,0,2016,1,18,5,3,2,6,2,1,0,1,0,0,0,0,4.70468E+20,5.55181E+21,8.58691E+15,5.01178E+16
102748,102749,6,4,34,8,2016,1,9,6,3,1,3,0,1,1,1,0,0,0,0,4.69985E+20,5.56162E+21,8.57938E+15,5.0206E+16
102749,102750,6,4,40,12,2016,1,15,2,3,6,4,0,1,0,1,1,0,0,0,4.82578E+20,5.56468E+21,8.75571E+15,5.0234E+16
102750,102751,6,4,12,0,2016,1,11,3,3,5,3,0,0,0,1,0,0,0,0,4.79741E+20,5.5529E+21,8.71656E+15,5.0128E+16
102751,102752,6,4,35,18,2016,1,14,5,3,6,7,0,0,0,0,1,0,0,1,5.15321E+20,5.55795E+21,9.21455E+15,5.01735E+16
102752,102753,6,4,34,2,2016,1,6,6,3,8,1,2,2,0,1,0,0,0,0,4.73149E+20,5.5664E+21,8.62339E+15,5.02491E+16
102753,102754,6,5,31,9,2016,1,19,6,3,1,7,2,0,0,1,0,0,0,0,4.73115E+20,5.59156E+21,8.62111E+15,5.04754E+16
102754,102755,6,6,32,3,2016,1,6,4,2,5,3,2,1,1,1,0,0,0,0,5.5488E+20,5.64746E+21,9.78171E+15,5.09761E+16