FID,OBJECTID,ULAND,UREGBEZ,UKREIS,UGEMEINDE,UJAHR,UMONAT,USTUNDE,UWOCHENTAG,UKATEGORIE,UART,UTYP1,ULICHTVERH,IstStrasse,IstRad,IstPKW,IstFuss,IstKrad,IstGkfz,IstSonstig,LINREFX,LINREFY,XGCSWGS84,YGCSWGS84
102755,102756,6,5,32,6,2016,1,19,6,3,8,1,2,1,0,1,0,0,0,0,4.50147E+20,5.62069E+21,8.29353E+15,5.07358E+16
102756,102757,6,5,31,5,2016,1,17,3,3,2,6,1,0,0,1,0,0,0,0,4.79875E+20,5.60451E+21,8.71568E+15,5.05921E+16
102757,102758,6,4,12,0,2016,1,6,4,3,6,2,2,1,0,1,1,0,0,0,4.71904E+20,5.54944E+21,8.60717E+15,5.00966E+16
102758,102759,6,4,31,2,2016,1,7,2,2,5,2,2,1,0,1,0,1,0,0,4.72429E+20,5.50398E+21,8.61776E+15,4.96877E+16
102759,102760,6,4,38,8,2016,1,12,3,3,5,3,0,0,1,1,0,0,0,0,4.88213E+20,5.55226E+21,8.83511E+15,5.01225E+16
102760,102761,6,4,14,0,2016,1,10,2,2,6,2,0,0,0,1,1,0,0,0,4.45328E+20,5.54855E+21,8.23576E+15,5.00867E+16
102761,102762,6,4,40,23,2016,1,18,2,3,5,3,2,2,0,1,0,0,0,0,4.78919E+20,5.56849E+21,8.7042E+15,5.02682E+16
102762,102763,6,6,31,15,2016,1,13,1,3,4,6,0,2,0,1,0,0,0,0,5.52423E+20,5.61011E+21,9.74138E+15,5.06405E+16
102763,102764,6,5,31,5,2016,1,7,3,2,2,6,1,1,1,1,0,0,0,0,4.76682E+20,5.60235E+21,8.6707E+15,5.05726E+16
102764,102765,6,5,33,15,2016,1,10,6,3,0,3,0,1,0,0,0,1,0,1,4.43275E+20,5.58293E+21,8.20192E+15,5.03957E+16
102765,102766,6,4,12,0,2016,1,6,5,3,0,1,2,1,1,0,0,0,0,0,4.7308E+20,5.55747E+21,8.62306E+15,5.01689E+16
102766,102767,6,6,33,28,2016,1,17,5,3,2,6,2,1,0,1,0,0,0,0,5.128E+20,5.68546E+21,9.18368E+15,5.13203E+16
102767,102768,6,4,33,10,2016,1,17,4,3,6,4,2,1,0,1,1,0,0,0,4.61021E+20,5.5405E+21,8.45594E+15,5.00155E+16
102768,102769,6,4,12,0,2016,1,8,3,3,6,4,0,0,0,1,1,0,0,0,4.76556E+20,5.55286E+21,8.67201E+15,5.01275E+16
102769,102770,6,4,33,3,2016,1,17,2,3,6,4,1,0,0,1,1,0,0,0,4.65131E+20,5.52785E+21,8.51444E+15,4.9902E+16
102770,102771,6,5,34,14,2016,1,14,2,3,5,3,0,0,1,1,0,0,0,0,4.83703E+20,5.63198E+21,8.76855E+15,5.08393E+16
102771,102772,6,5,34,4,2016,1,17,3,2,6,4,2,1,0,1,1,0,0,0,4.6664E+20,5.64024E+21,8.52546E+15,5.09128E+16
102772,102773,6,4,12,0,2016,1,11,2,3,2,6,0,1,0,1,0,0,0,0,4.78792E+20,5.54977E+21,8.70346E+15,5.00998E+16
102773,102774,6,5,31,5,2016,1,23,2,3,5,3,2,0,0,1,0,0,0,0,4.78119E+20,5.60221E+21,8.69101E+15,5.05714E+16
102774,102775,6,4,12,0,2016,1,23,7,3,0,4,2,1,0,1,1,0,0,0,4.75403E+20,5.55128E+21,8.65598E+15,5.01133E+16
102775,102776,6,5,31,9,2016,1,15,3,3,5,3,0,0,1,1,0,0,0,0,4.76125E+20,5.59403E+21,8.66338E+15,5.04978E+16
102776,102777,6,4,40,4,2016,1,9,6,3,8,1,0,2,0,1,0,0,0,0,5.01457E+20,5.56702E+21,9.02044E+15,5.02553E+16
102777,102778,6,4,34,1,2016,1,11,5,3,0,7,0,0,0,0,0,0,0,1,4.70777E+20,5.56498E+21,8.59022E+15,5.02363E+16
102778,102779,6,4,32,23,2016,1,19,3,3,6,7,2,1,0,1,1,0,0,0,4.69052E+20,5.52926E+21,8.56893E+15,4.99149E+16
102779,102780,6,6,31,13,2016,1,12,2,3,8,7,0,1,0,1,0,0,0,0,5.57508E+20,5.60636E+21,9.81271E+15,5.06063E+16
102780,102781,6,6,33,26,2016,1,11,2,3,6,7,0,0,0,1,1,0,0,0,5.33311E+20,5.68945E+21,9.47838E+15,5.13553E+16
102781,102782,6,4,11,0,2016,1,14,4,2,6,4,0,0,0,1,1,0,0,0,4.74429E+20,5.52278E+21,8.64425E+15,4.98569E+16
102782,102783,6,6,11,0,2016,1,14,6,3,4,6,0,1,1,1,0,0,0,0,5.31979E+20,5.68461E+21,9.45883E+15,5.13119E+16
102783,102784,6,5,32,12,2016,1,0,6,3,8,7,2,1,0,1,0,0,0,0,4.51404E+20,5.61425E+21,8.31219E+15,5.0678E+16
102784,102785,6,4,12,0,2016,1,16,2,2,6,2,2,1,0,1,1,0,0,0,4.82311E+20,5.55591E+21,8.75238E+15,5.01551E+16
102785,102786,6,4,12,0,2016,1,19,2,3,2,6,2,0,0,1,0,0,0,0,4.76471E+20,5.55292E+21,8.67081E+15,5.01281E+16
102786,102787,6,4,14,0,2016,1,5,1,3,2,6,2,2,0,1,0,0,0,1,4.47084E+20,5.54832E+21,8.26033E+15,5.00848E+16
102787,102788,6,6,11,0,2016,1,17,4,3,5,3,2,2,0,1,0,0,0,0,5.37763E+20,5.68442E+21,9.54179E+15,5.13098E+16
102788,102789,6,4,13,0,2016,1,8,6,3,1,5,1,1,0,1,0,0,0,0,4.83242E+20,5.55038E+21,8.76565E+15,5.01054E+16
102789,102790,6,4,35,14,2016,1,13,2,3,5,3,0,1,0,1,0,0,0,0,4.95187E+20,5.55443E+21,8.93264E+15,5.01421E+16
102790,102791,6,4,11,0,2016,1,16,6,3,5,3,0,0,0,1,0,0,0,1,4.74475E+20,5.52003E+21,8.64507E+15,4.98322E+16
102791,102792,6,4,11,0,2016,1,6,2,3,9,1,2,1,0,1,0,0,0,0,4.71374E+20,5.5244E+21,8.60163E+15,4.98713E+16
102792,102793,6,4,38,12,2016,1,8,5,3,5,3,0,2,1,1,0,0,0,0,4.87264E+20,5.53702E+21,8.82235E+15,4.99854E+16
102793,102794,6,4,12,0,2016,1,13,1,3,5,2,0,1,0,1,0,0,0,0,4.75186E+20,5.56054E+21,8.65234E+15,5.01965E+16
102794,102795,6,4,12,0,2016,1,15,5,3,2,6,0,0,1,1,0,0,0,0,4.77237E+20,5.55245E+21,8.68155E+15,5.01239E+16
102795,102796,6,5,35,11,2016,1,10,6,3,5,3,0,0,0,1,0,0,0,0,5.28409E+20,5.60898E+21,9.40169E+15,5.0632E+16
102796,102797,6,4,38,2,2016,1,14,6,3,3,6,0,1,0,1,0,0,0,0,4.77952E+20,5.54242E+21,8.69213E+15,5.00337E+16
102797,102798,6,4,33,12,2016,1,7,4,3,6,4,1,0,0,1,1,0,0,0,4.588E+20,5.53627E+21,8.42538E+15,4.99773E+16
102798,102799,6,6,32,2,2016,1,6,4,3,6,4,2,1,0,1,1,0,0,0,5.48084E+20,5.63582E+21,9.68338E+15,5.08721E+16
102799,102800,6,6,34,3,2016,1,14,1,2,6,4,0,1,0,1,1,0,0,0,5.30526E+20,5.6643E+21,9.43625E+15,5.11294E+16
102800,102801,6,6,36,6,2016,1,12,3,3,5,2,0,0,0,1,0,0,0,1,5.52508E+20,5.67224E+21,9.75153E+15,5.11992E+16
102801,102802,6,4,14,0,2016,1,12,3,2,8,7,0,0,0,1,0,0,0,0,4.42312E+20,5.5483E+21,8.19364E+15,5.00842E+16
102802,102803,6,4,35,19,2016,1,7,5,3,1,5,2,0,1,1,0,0,0,0,4.88294E+20,5.55475E+21,8.83616E+15,5.01449E+16
102803,102804,6,4,40,2,2016,1,0,6,3,1,6,2,0,0,1,0,0,0,0,4.80733E+20,5.581E+21,8.72901E+15,5.03807E+16
102804,102805,6,6,31,17,2016,1,15,6,3,5,3,0,0,0,1,0,0,0,0,5.51453E+20,5.59914E+21,9.72614E+15,5.0542E+16
102805,102806,6,5,33,9,2016,1,7,3,3,6,4,1,2,0,1,1,0,0,0,4.33429E+20,5.5829E+21,8.06341E+15,5.03943E+16
102806,102807,6,4,12,0,2016,1,8,4,3,1,7,0,1,0,1,0,0,0,1,4.75903E+20,5.55353E+21,8.66283E+15,5.01335E+16
102807,102808,6,4,38,2,2016,1,11,1,3,0,5,0,1,0,1,0,1,0,0,4.77592E+20,5.54119E+21,8.68718E+15,5.00226E+16
102808,102809,6,4,36,7,2016,1,7,3,3,2,6,2,2,0,1,0,0,0,0,4.61293E+20,5.54856E+21,8.45892E+15,5.0088E+16
102809,102810,6,4,12,0,2016,1,10,2,3,5,3,0,0,1,1,0,0,0,0,4.72716E+20,5.55007E+21,8.61848E+15,5.01022E+16
102810,102811,6,4,33,12,2016,1,9,2,3,0,2,0,0,0,1,0,0,1,0,4.59148E+20,5.5393E+21,8.42993E+15,5.00046E+16
102811,102812,6,4,14,0,2016,1,5,7,3,8,1,2,1,0,1,0,0,0,0,4.41808E+20,5.54993E+21,8.18634E+15,5.00988E+16
102812,102813,6,5,31,5,2016,1,17,2,3,5,3,2,1,1,1,0,0,0,0,4.77391E+20,5.6042E+21,8.68061E+15,5.05893E+16
102813,102814,6,4,40,8,2016,1,11,6,2,6,4,0,1,0,1,1,0,0,0,4.82948E+20,5.576E+21,8.76039E+15,5.03359E+16
102814,102815,6,4,12,0,2016,1,18,5,3,1,5,2,1,1,1,0,0,0,0,4.79338E+20,5.55295E+21,8.71093E+15,5.01284E+16
102815,102816,6,4,38,4,2016,1,8,5,2,0,1,0,2,1,0,0,0,0,0,4.96478E+20,5.54696E+21,8.95078E+15,5.00749E+16
102816,102817,6,4,38,1,2016,1,12,2,3,6,4,0,0,0,1,1,0,0,0,4.84736E+20,5.54065E+21,8.78693E+15,5.0018E+16
102817,102818,6,4,31,20,2016,1,10,6,3,3,6,0,0,1,1,0,0,0,0,4.69494E+20,5.48766E+21,8.57835E+15,4.95408E+16
102818,102819,6,6,11,0,2016,1,16,5,3,0,2,0,1,0,1,0,0,0,1,5.34166E+20,5.68496E+21,9.49023E+15,5.13149E+16
102819,102820,6,4,37,13,2016,1,17,5,3,6,7,2,0,0,0,1,0,0,1,4.88559E+20,5.5066E+21,8.8413E+15,4.97118E+16
102820,102821,6,4,34,1,2016,1,18,4,3,5,3,2,0,1,1,0,0,0,0,4.72309E+20,5.56451E+21,8.61174E+15,5.02321E+16
102821,102822,6,4,35,12,2016,1,0,1,3,8,1,2,1,0,1,0,0,0,0,5.07678E+20,5.56208E+21,9.1076E+15,5.02108E+16
102822,102823,6,5,31,5,2016,1,17,3,3,2,5,2,0,0,1,0,0,0,0,4.76492E+20,5.60321E+21,8.66797E+15,5.05803E+16
102823,102824,6,4,12,0,2016,1,6,2,2,6,4,2,2,0,1,1,0,0,0,4.81518E+20,5.55233E+21,8.74145E+15,5.01229E+16
102824,102825,6,4,36,3,2016,1,7,2,3,2,2,1,1,0,1,0,0,0,1,4.68142E+20,5.55489E+21,8.55413E+15,5.01453E+16
102825,102826,6,6,35,7,2016,1,14,6,2,8,1,0,2,0,1,0,0,0,1,4.79167E+20,5.68895E+21,8.70085E+15,5.13514E+16
102826,102827,6,6,11,0,2016,1,7,2,3,5,2,1,1,0,1,0,0,1,0,5.37218E+20,5.68434E+21,9.53396E+15,5.13092E+16
102827,102828,6,5,34,14,2016,1,14,6,3,2,6,0,0,0,1,0,0,0,0,4.84576E+20,5.62825E+21,8.7811E+15,5.08058E+16
102828,102829,6,4,31,20,2016,1,17,1,3,6,4,2,1,0,1,1,0,0,0,4.69554E+20,5.48695E+21,8.57922E+15,4.95344E+16
102829,102830,6,4,34,1,2016,1,17,5,3,7,7,2,1,1,1,0,0,0,0,4.71825E+20,5.56582E+21,8.60486E+15,5.02439E+16
102830,102831,6,4,38,11,2016,1,16,3,2,6,4,1,1,0,1,1,0,0,0,4.91921E+20,5.53897E+21,8.88726E+15,5.0003E+16
102831,102832,6,4,33,12,2016,1,17,1,3,1,5,2,1,0,1,0,0,0,0,4.59355E+20,5.53837E+21,8.43291E+15,4.99963E+16
102832,102833,6,4,40,12,2016,1,6,3,3,0,1,2,1,1,1,0,0,0,0,4.83812E+20,5.56426E+21,8.77303E+15,5.02303E+16
102833,102834,6,4,33,10,2016,1,15,1,3,5,3,0,0,0,1,0,0,0,0,4.59606E+20,5.53964E+21,8.43627E+15,5.00077E+16
102834,102835,6,4,11,0,2016,1,11,2,3,5,3,0,0,1,1,0,0,0,0,4.73688E+20,5.52405E+21,8.63386E+15,4.98683E+16
102835,102836,6,4,12,0,2016,1,21,1,3,5,2,2,0,1,0,0,0,0,1,4.77688E+20,5.5512E+21,8.68794E+15,5.01126E+16
102836,102837,6,4,13,0,2016,1,10,4,3,1,5,0,0,0,1,0,0,0,0,4.84602E+20,5.54923E+21,8.78472E+15,5.00951E+16
102837,102838,6,4,12,0,2016,1,12,6,3,9,1,0,1,0,1,0,0,0,1,4.75827E+20,5.55099E+21,8.66192E+15,5.01107E+16
102838,102839,6,4,14,0,2016,1,17,2,3,6,4,2,1,0,1,1,0,0,0,4.44459E+20,5.54774E+21,8.22374E+15,5.00793E+16
102839,102840,6,6,31,20,2016,1,17,6,3,5,3,2,0,0,1,0,0,0,0,5.50783E+20,5.60053E+21,9.71688E+15,5.05545E+16
102840,102841,6,4,36,6,2016,1,17,1,2,6,4,2,1,0,1,1,0,0,0,4.53356E+20,5.54093E+21,8.3489E+15,5.00189E+16
102841,102842,6,5,34,11,2016,1,8,5,3,8,1,0,2,0,1,0,0,0,0,4.91233E+20,5.63001E+21,8.87553E+15,5.08218E+16
102842,102843,6,6,33,13,2016,1,12,5,3,1,5,0,1,0,1,0,0,0,0,5.27378E+20,5.70505E+21,9.39439E+15,5.14959E+16
102843,102844,6,4,13,0,2016,1,8,6,3,5,2,2,1,1,1,0,0,0,0,4.82653E+20,5.55051E+21,8.75741E+15,5.01066E+16
102844,102845,6,4,40,5,2016,1,11,6,3,2,2,0,1,0,1,0,0,0,0,4.76791E+20,5.58634E+21,8.67324E+15,5.04286E+16
102845,102846,6,4,33,10,2016,1,6,4,3,8,1,2,0,0,0,0,0,1,0,4.63697E+20,5.54165E+21,8.49318E+15,5.0026E+16
102846,102847,6,4,13,0,2016,1,7,4,2,6,4,2,1,0,1,1,0,0,0,4.86029E+20,5.54809E+21,8.80472E+15,5.00849E+16
102847,102848,6,4,13,0,2016,1,7,5,3,5,3,1,0,1,1,0,0,0,0,4.82228E+20,5.54846E+21,8.75156E+15,5.00882E+16
102848,102849,6,5,34,11,2016,1,8,7,3,4,1,0,2,0,1,0,0,0,0,4.9566E+20,5.62968E+21,8.93839E+15,5.08188E+16
102849,102850,6,4,38,9,2016,1,17,4,3,5,2,2,2,0,1,0,0,0,0,4.78185E+20,5.54368E+21,8.69532E+15,5.0045E+16
102850,102851,6,4,35,17,2016,1,5,5,3,8,1,2,2,0,1,0,0,0,0,5.01301E+20,5.55726E+21,9.01822E+15,5.01676E+16
102851,102852,6,6,36,6,2016,1,7,6,3,5,1,2,2,0,1,0,0,0,0,5.50267E+20,5.67234E+21,9.71946E+15,5.12002E+16
102852,102853,6,4,14,0,2016,1,15,2,3,5,3,0,1,0,1,1,0,0,0,4.44816E+20,5.54596E+21,8.22898E+15,5.00634E+16
102853,102854,6,5,31,5,2016,1,12,5,2,6,4,0,0,0,1,1,0,0,0,4.77041E+20,5.60435E+21,8.67565E+15,5.05906E+16
102854,102855,6,5,31,5,2016,1,17,7,2,6,4,2,1,0,1,1,0,0,0,4.7722E+20,5.60436E+21,8.67818E+15,5.05907E+16
102855,102856,6,4,12,0,2016,1,23,3,2,6,4,2,0,0,1,1,0,0,0,4.74378E+20,5.54831E+21,8.64184E+15,5.00865E+16
102856,102857,6,4,36,5,2016,1,7,5,3,0,3,1,0,1,1,0,0,0,0,4.63588E+20,5.54662E+21,8.49119E+15,5.00708E+16
102857,102858,6,6,11,0,2016,1,17,5,3,8,1,2,1,0,1,0,0,0,0,5.34895E+20,5.6814E+21,9.50034E+15,5.12829E+16
102858,102859,6,5,32,23,2016,1,7,6,2,6,4,1,1,0,1,1,0,0,0,4.64936E+20,5.60201E+21,8.50486E+15,5.05689E+16
102859,102860,6,6,33,6,2016,1,7,4,3,8,6,1,1,0,0,0,1,0,1,5.17997E+20,5.67665E+21,9.25782E+15,5.12409E+16
102860,102861,6,6,35,22,2016,1,15,7,3,0,7,0,0,1,0,0,0,0,0,4.71711E+20,5.68232E+21,8.5943E+15,5.12915E+16
102861,102862,6,4,12,0,2016,1,2,7,3,1,1,2,2,0,1,0,0,0,0,4.74329E+20,5.55637E+21,8.64061E+15,5.0159E+16
102862,102863,6,6,33,23,2016,1,7,3,3,6,4,0,2,0,1,1,0,0,0,5.25926E+20,5.6804E+21,9.37167E+15,5.12743E+16
102863,102864,6,4,14,0,2016,1,13,2,3,5,3,0,0,0,0,0,1,1,0,4.48689E+20,5.54202E+21,8.28361E+15,5.00283E+16
102864,102865,6,4,32,19,2016,1,11,2,3,6,4,0,2,0,1,1,0,0,0,4.87602E+20,5.52008E+21,8.8276E+15,4.9833E+16
102865,102866,6,4,13,0,2016,1,11,5,2,6,4,0,0,0,0,1,1,0,0,4.83635E+20,5.55024E+21,8.77116E+15,5.01042E+16
102866,102867,6,4,12,0,2016,1,16,5,3,2,6,1,1,0,1,0,0,0,0,4.71437E+20,5.5511E+21,8.60053E+15,5.01115E+16
102867,102868,6,4,11,0,2016,1,2,5,3,8,1,2,1,0,1,0,0,0,0,4.74326E+20,5.52399E+21,8.64273E+15,4.98678E+16
102868,102869,6,4,38,1,2016,1,10,4,3,5,3,0,1,1,1,0,0,0,0,4.84089E+20,5.54092E+21,8.7779E+15,5.00204E+16
102869,102870,6,4,12,0,2016,1,17,7,3,6,4,1,0,0,1,1,0,0,0,4.76778E+20,5.55123E+21,8.67521E+15,5.01128E+16
102870,102871,6,6,33,9,2016,1,11,2,2,5,3,0,1,0,1,0,0,0,0,5.36064E+20,5.68904E+21,9.51788E+15,5.13515E+16
102871,102872,6,4,12,0,2016,1,17,2,3,5,3,2,0,1,1,0,0,0,0,4.73932E+20,5.55046E+21,8.63547E+15,5.01059E+16
102872,102873,6,4,14,0,2016,1,18,1,3,6,2,1,1,0,1,1,0,0,0,4.48545E+20,5.54814E+21,8.28078E+15,5.00833E+16
102873,102874,6,5,31,13,2016,1,20,4,2,5,3,2,1,0,1,0,0,0,0,4.79363E+20,5.61071E+21,8.70811E+15,5.06479E+16
102874,102875,6,4,14,0,2016,1,18,6,3,6,4,2,0,0,1,1,0,0,0,4.45835E+20,5.54697E+21,8.24307E+15,5.00726E+16
102875,102876,6,4,13,0,2016,1,7,2,3,2,6,0,0,0,1,0,0,0,1,4.82273E+20,5.55112E+21,8.75208E+15,5.01121E+16
102876,102877,6,4,12,0,2016,1,15,5,3,6,6,0,1,1,0,1,0,0,0,4.83355E+20,5.55341E+21,8.7671E+15,5.01327E+16
102877,102878,6,4,32,18,2016,1,16,3,3,5,3,0,0,0,1,0,0,0,0,4.71575E+20,5.5163E+21,8.60502E+15,4.97985E+16
102878,102879,6,4,12,0,2016,1,21,2,3,6,2,2,2,0,1,1,0,0,0,4.75748E+20,5.55512E+21,8.66056E+15,5.01478E+16
102879,102880,6,4,35,14,2016,1,14,2,3,6,4,0,0,0,1,1,0,0,0,4.91828E+20,5.55311E+21,8.88566E+15,5.01302E+16
102880,102881,6,4,12,0,2016,1,10,7,3,0,3,0,0,0,1,0,0,0,1,4.67589E+20,5.54995E+21,8.54681E+15,5.01009E+16
102881,102882,6,4,13,0,2016,1,15,2,3,2,6,0,1,0,1,0,0,0,0,4.83359E+20,5.5494E+21,8.76733E+15,5.00967E+16
102882,102883,6,4,12,0,2016,1,20,5,3,5,3,2,1,1,1,0,0,0,0,4.75269E+20,5.55202E+21,8.65405E+15,5.01199E+16
102883,102884,6,4,35,19,2016,1,17,5,3,6,4,1,1,0,1,1,0,0,0,4.89365E+20,5.55336E+21,8.85119E+15,5.01324E+16
102884,102885,6,5,32,12,2016,1,13,3,3,6,4,0,1,0,1,1,0,0,0,4.53516E+20,5.61666E+21,8.34178E+15,5.06999E+16
102885,102886,6,4,11,0,2016,1,13,7,3,5,2,0,0,1,1,0,0,0,0,4.74393E+20,5.5256E+21,8.64357E+15,4.98823E+16
102886,102887,6,4,12,0,2016,1,7,2,3,6,6,1,0,1,0,1,0,0,0,4.73892E+20,5.55026E+21,8.63491E+15,5.01041E+16
102887,102888,6,4,12,0,2016,1,17,4,3,5,7,2,0,0,1,0,0,0,1,4.76588E+20,5.54809E+21,8.67275E+15,5.00846E+16
102888,102889,6,4,37,13,2016,1,15,6,3,9,1,0,2,0,1,0,0,0,0,4.878E+20,5.50593E+21,8.8308E+15,4.97058E+16
102889,102890,6,4,12,0,2016,1,7,2,3,5,2,1,1,0,1,0,0,0,0,4.74521E+20,5.55123E+21,8.64365E+15,5.01127E+16
102890,102891,6,4,12,0,2016,1,17,5,3,2,6,2,1,0,1,0,0,0,0,4.77995E+20,5.55287E+21,8.69213E+15,5.01277E+16
102891,102892,6,6,36,4,2016,1,11,7,2,1,7,0,0,0,1,0,0,0,0,5.54691E+20,5.67873E+21,9.78377E+15,5.12573E+16
102892,102893,6,5,31,5,2016,1,16,5,2,6,4,2,1,0,1,1,0,0,0,4.76582E+20,5.60331E+21,8.66923E+15,5.05812E+16
102893,102894,6,6,35,11,2016,1,2,7,3,1,5,2,1,0,1,0,0,0,0,4.87053E+20,5.65629E+21,8.81527E+15,5.1058E+16
102894,102895,6,4,35,10,2016,1,18,5,2,0,1,2,1,0,0,0,1,0,0,5.13271E+20,5.56083E+21,9.18595E+15,5.01995E+16
102895,102896,6,4,39,11,2016,1,11,7,3,2,6,0,0,0,1,0,0,0,0,4.51057E+20,5.55689E+21,8.31477E+15,5.01622E+16
102896,102897,6,4,12,0,2016,1,14,5,3,5,2,0,0,0,1,0,0,0,0,4.79765E+20,5.55413E+21,8.71683E+15,5.0139E+16
102897,102898,6,4,35,23,2016,1,10,6,2,5,3,0,1,1,1,0,0,0,0,5.01223E+20,5.55465E+21,9.01712E+15,5.01441E+16
102898,102899,6,4,38,4,2016,1,12,6,3,0,7,0,1,0,1,0,0,0,0,4.97579E+20,5.54607E+21,8.96617E+15,5.00669E+16
102899,102900,6,4,38,11,2016,1,20,4,3,5,2,2,1,0,1,0,0,0,0,4.90677E+20,5.54115E+21,8.86985E+15,5.00225E+16
102900,102901,6,4,12,0,2016,1,5,4,3,5,3,2,1,0,1,0,0,0,0,4.69868E+20,5.54452E+21,8.5791E+15,5.00522E+16
102901,102902,6,4,37,1,2016,1,22,5,3,0,6,2,1,1,1,0,0,0,0,5.0011E+20,5.50935E+21,9.00153E+15,4.97366E+16
102902,102903,6,4,38,9,2016,1,9,7,3,2,6,0,1,0,1,0,0,0,0,4.7812E+20,5.54476E+21,8.69436E+15,5.00548E+16
102903,102904,6,4,12,0,2016,1,19,3,3,3,6,2,0,1,1,0,0,0,0,4.76649E+20,5.5509E+21,8.67342E+15,5.01099E+16
102904,102905,6,5,33,17,2016,1,18,2,2,6,4,2,0,0,1,1,0,0,0,4.47994E+20,5.59272E+21,8.26694E+15,5.04842E+16
102905,102906,6,4,31,13,2016,1,15,5,3,2,6,0,0,0,1,0,0,0,0,4.6279E+20,5.49372E+21,8.4851E+15,4.95949E+16
102906,102907,6,6,34,27,2016,1,16,5,2,1,5,1,1,0,1,0,1,0,0,5.12225E+20,5.65544E+21,9.17441E+15,5.10504E+16
102907,102908,6,4,38,13,2016,1,14,5,3,5,3,0,2,0,1,0,0,0,0,4.95571E+20,5.54434E+21,8.93814E+15,5.00513E+16
102908,102909,6,5,34,18,2016,1,19,6,3,5,3,2,1,0,1,0,0,0,0,5.01299E+20,5.63076E+21,9.01844E+15,5.08285E+16
102909,102910,6,5,33,9,2016,1,14,3,3,1,7,0,0,0,1,0,0,0,0,4.3316E+20,5.58312E+21,8.0596E+15,5.03963E+16
102910,102911,6,4,12,0,2016,1,16,4,3,6,4,2,1,0,1,1,0,0,0,4.78352E+20,5.55478E+21,8.69702E+15,5.01448E+16
102911,102912,6,4,40,3,2016,1,14,7,3,4,6,0,0,0,1,0,0,0,0,4.80405E+20,5.5602E+21,8.72547E+15,5.01936E+16
102912,102913,6,4,34,11,2016,1,16,3,3,2,6,0,2,0,1,0,0,0,0,4.66798E+20,5.57613E+21,8.53345E+15,5.03364E+16
102913,102914,6,4,13,0,2016,1,20,2,3,5,3,2,0,0,1,0,0,0,0,4.8365E+20,5.54948E+21,8.7714E+15,5.00974E+16
102914,102915,6,4,33,12,2016,1,7,2,3,6,4,2,0,0,1,1,0,0,0,4.58766E+20,5.53862E+21,8.42466E+15,4.99985E+16
102915,102916,6,6,32,2,2016,1,12,7,2,0,1,0,1,1,1,0,0,0,0,5.47664E+20,5.63542E+21,9.67737E+15,5.08685E+16
102916,102917,6,4,12,0,2016,1,7,2,3,5,2,1,1,1,1,0,0,0,0,4.7456E+20,5.54798E+21,8.64441E+15,5.00836E+16
102917,102918,6,6,35,12,2016,1,9,5,3,6,7,0,1,0,1,1,0,0,0,4.98462E+20,5.64673E+21,8.97809E+15,5.09722E+16
102918,102919,6,4,12,0,2016,1,10,5,3,5,3,0,0,1,1,0,0,0,0,4.75061E+20,5.54793E+21,8.65141E+15,5.00831E+16
102919,102920,6,4,39,11,2016,1,8,5,3,2,1,1,0,0,1,0,0,0,0,4.51173E+20,5.55629E+21,8.31647E+15,5.01568E+16
102920,102921,6,4,33,12,2016,1,15,4,3,5,3,0,1,1,1,0,0,0,0,4.56949E+20,5.53631E+21,8.39957E+15,4.99775E+16
102921,102922,6,4,12,0,2016,1,20,5,3,3,6,2,0,0,1,0,0,0,0,4.80226E+20,5.54995E+21,8.7235E+15,5.01015E+16
102922,102923,6,4,14,0,2016,1,12,3,3,1,2,0,0,0,1,0,0,0,0,4.43102E+20,5.54738E+21,8.20481E+15,5.0076E+16
102923,102924,6,6,34,22,2016,2,11,6,2,5,2,0,0,1,1,0,0,0,0,5.12777E+20,5.63989E+21,9.18173E+15,5.09105E+16
102924,102925,6,6,31,9,2016,2,13,5,2,6,4,0,1,0,1,1,0,0,0,5.485E+20,5.60088E+21,9.6847E+15,5.05578E+16
102925,102926,6,4,40,2,2016,2,19,4,3,4,6,2,0,0,1,0,1,0,0,4.8217E+20,5.57913E+21,8.74931E+15,5.0364E+16
102926,102927,6,4,33,6,2016,2,8,3,3,6,3,0,0,0,1,1,0,0,0,4.6283E+20,5.53019E+21,8.48217E+15,4.99229E+16
102927,102928,6,4,35,29,2016,2,18,2,3,5,3,2,0,0,1,0,0,0,0,5.21367E+20,5.56691E+21,9.29973E+15,5.02539E+16
102928,102929,6,4,35,22,2016,1,22,6,2,0,7,2,0,1,0,0,0,0,0,4.86269E+20,5.56034E+21,8.80763E+15,5.01951E+16
102929,102930,6,4,32,23,2016,1,18,7,3,5,3,2,0,0,1,0,0,0,0,4.69795E+20,5.52828E+21,8.57935E+15,4.99061E+16
102930,102931,6,6,33,17,2016,1,18,7,3,6,7,2,1,0,1,1,0,0,0,5.37873E+20,5.68073E+21,9.54297E+15,5.12767E+16
102931,102932,6,6,33,22,2016,2,9,7,3,5,3,0,1,0,1,0,0,0,0,5.41535E+20,5.70484E+21,9.59829E+15,5.14932E+16
102932,102933,6,4,14,0,2016,1,22,6,3,1,5,2,0,0,1,0,1,0,0,4.45478E+20,5.54539E+21,8.23831E+15,5.00583E+16
102933,102934,6,4,13,0,2016,1,19,3,3,5,3,1,0,0,1,0,0,0,0,4.8311E+20,5.54834E+21,8.76389E+15,5.00871E+16