FID,OBJECTID,ULAND,UREGBEZ,UKREIS,UGEMEINDE,UJAHR,UMONAT,USTUNDE,UWOCHENTAG,UKATEGORIE,UART,UTYP1,ULICHTVERH,IstStrasse,IstRad,IstPKW,IstFuss,IstKrad,IstGkfz,IstSonstig,LINREFX,LINREFY,XGCSWGS84,YGCSWGS84
102934,102935,6,4,12,0,2016,2,16,6,3,2,6,1,1,0,1,0,0,0,0,4.68912E+20,5.55281E+21,8.56508E+15,5.01267E+16
102935,102936,6,4,37,13,2016,1,6,4,3,5,3,2,0,0,1,0,0,0,0,4.87811E+20,5.5061E+21,8.83094E+15,4.97073E+16
102936,102937,6,4,11,0,2016,1,19,7,3,5,3,2,1,0,1,0,0,0,0,4.76128E+20,5.52417E+21,8.6678E+15,4.98694E+16
102937,102938,6,4,12,0,2016,2,20,3,3,5,3,2,1,0,1,0,0,0,0,4.79196E+20,5.55192E+21,8.709E+15,5.01192E+16
102938,102939,6,4,33,12,2016,2,10,6,3,5,3,0,1,1,1,0,0,0,0,4.59021E+20,5.538E+21,8.42829E+15,4.99929E+16
102939,102940,6,5,31,12,2016,2,9,4,3,5,3,0,0,0,1,0,0,0,0,4.75914E+20,5.59803E+21,8.66014E+15,5.05337E+16
102940,102941,6,4,12,0,2016,2,18,2,3,2,6,2,0,0,1,0,0,0,0,4.73912E+20,5.55074E+21,8.63517E+15,5.01083E+16
102941,102942,6,4,32,7,2016,2,19,2,3,6,4,2,0,0,1,1,0,0,0,4.86859E+20,5.51318E+21,8.8175E+15,4.97709E+16
102942,102943,6,4,36,7,2016,1,14,6,3,6,4,0,0,0,1,1,0,0,0,4.61024E+20,5.54835E+21,8.45517E+15,5.00861E+16
102943,102944,6,4,35,22,2016,1,0,7,3,1,1,2,2,0,1,0,0,0,0,4.86141E+20,5.56021E+21,8.80584E+15,5.01939E+16
102944,102945,6,4,13,0,2016,1,21,3,3,3,6,2,0,0,1,0,0,0,0,4.86842E+20,5.54805E+21,8.81607E+15,5.00846E+16
102945,102946,6,4,38,12,2016,1,4,7,3,5,3,2,0,0,1,0,0,0,0,4.8716E+20,5.53653E+21,8.82091E+15,4.9981E+16
102946,102947,6,4,33,4,2016,2,14,7,3,6,6,0,0,1,0,1,0,0,0,4.62907E+20,5.51119E+21,8.48508E+15,4.9752E+16
102947,102948,6,4,11,0,2016,1,18,4,3,5,3,2,0,1,1,0,0,0,0,4.75097E+20,5.52662E+21,8.6533E+15,4.98915E+16
102948,102949,6,4,38,11,2016,1,16,7,2,5,3,1,1,0,1,0,0,0,0,4.91734E+20,5.54441E+21,8.88454E+15,5.00519E+16
102949,102950,6,4,12,0,2016,1,18,5,3,0,3,2,0,1,1,0,0,0,0,4.79374E+20,5.55061E+21,8.71156E+15,5.01074E+16
102950,102951,6,4,12,0,2016,1,19,3,3,1,5,2,0,1,1,0,0,0,0,4.74035E+20,5.55188E+21,8.63681E+15,5.01186E+16
102951,102952,6,4,40,3,2016,1,4,1,2,8,1,2,1,0,1,0,0,0,0,4.81746E+20,5.56122E+21,8.74422E+15,5.02029E+16
102952,102953,6,4,32,20,2016,1,14,7,3,5,3,0,1,1,1,0,0,0,0,4.82191E+20,5.52324E+21,8.75221E+15,4.98613E+16
102953,102954,6,4,12,0,2016,1,17,3,2,5,3,2,0,0,1,0,1,0,0,4.82621E+20,5.55327E+21,8.75684E+15,5.01314E+16
102954,102955,6,4,35,23,2016,1,8,6,2,4,5,0,0,0,1,0,0,0,1,5.0136E+20,5.55413E+21,9.01904E+15,5.01394E+16
102955,102956,6,4,13,0,2016,2,9,6,3,5,3,0,1,0,1,0,0,0,1,4.84335E+20,5.54968E+21,8.78097E+15,5.00992E+16
102956,102957,6,4,12,0,2016,2,8,5,3,3,2,0,0,1,1,0,0,0,1,4.75603E+20,5.55171E+21,8.65874E+15,5.01172E+16
102957,102958,6,4,11,0,2016,1,8,4,3,1,7,1,1,1,1,0,0,0,0,4.75262E+20,5.52377E+21,8.65578E+15,4.98658E+16
102958,102959,6,4,35,14,2016,1,11,7,3,8,1,0,2,0,1,0,0,0,0,4.95782E+20,5.55287E+21,8.94099E+15,5.0128E+16
102959,102960,6,4,11,0,2016,1,13,5,3,5,3,0,0,0,1,0,0,0,1,4.75519E+20,5.52608E+21,8.65921E+15,4.98866E+16
102960,102961,6,4,12,0,2016,1,15,3,3,3,6,0,0,0,1,0,0,0,0,4.77658E+20,5.55333E+21,8.6874E+15,5.01317E+16
102961,102962,6,4,12,0,2016,2,15,6,3,6,2,0,0,0,0,1,0,1,0,4.77998E+20,5.55285E+21,8.69218E+15,5.01275E+16
102962,102963,6,4,40,2,2016,2,0,5,3,5,2,2,0,0,1,0,0,0,0,4.81851E+20,5.57986E+21,8.74479E+15,5.03705E+16
102963,102964,6,6,35,3,2016,2,4,4,3,9,1,2,1,0,1,0,0,0,0,5.089E+20,5.6629E+21,9.12715E+15,5.11175E+16
102964,102965,6,4,40,3,2016,2,14,3,3,6,4,0,1,0,1,1,0,0,0,4.81268E+20,5.55925E+21,8.73762E+15,5.01851E+16
102965,102966,6,4,38,11,2016,2,12,5,3,1,7,0,1,0,1,0,0,0,0,4.91085E+20,5.54171E+21,8.87553E+15,5.00277E+16
102966,102967,6,6,33,3,2016,2,7,3,3,5,3,1,1,0,1,0,0,0,0,5.30299E+20,5.67904E+21,9.43425E+15,5.12619E+16
102967,102968,6,4,35,14,2016,1,10,7,3,6,4,0,2,0,1,1,0,0,0,4.92658E+20,5.55436E+21,8.89725E+15,5.01414E+16
102968,102969,6,4,35,14,2016,1,18,1,3,0,1,2,1,0,0,0,1,0,0,4.94135E+20,5.55312E+21,8.91794E+15,5.01303E+16
102969,102970,6,6,34,22,2016,1,9,5,3,5,3,0,0,0,1,0,0,0,0,5.16715E+20,5.63999E+21,9.23776E+15,5.09113E+16
102970,102971,6,4,37,11,2016,2,19,1,3,1,5,2,0,0,1,0,0,0,0,5.00542E+20,5.50289E+21,9.00752E+15,4.96785E+16
102971,102972,6,4,32,23,2016,1,7,3,3,6,3,0,0,0,1,1,0,0,0,4.70132E+20,5.52826E+21,8.58405E+15,4.9906E+16
102972,102973,6,4,34,5,2016,2,6,6,2,6,4,2,1,0,1,1,0,0,0,4.62384E+20,5.55883E+21,8.47315E+15,5.01805E+16
102973,102974,6,4,13,0,2016,2,16,4,3,2,6,0,0,0,1,0,0,0,0,4.84668E+20,5.548E+21,8.78569E+15,5.00841E+16
102974,102975,6,4,33,12,2016,2,18,4,2,5,3,2,0,1,1,0,0,0,0,4.58709E+20,5.53611E+21,8.42414E+15,4.99759E+16
102975,102976,6,4,33,12,2016,2,19,3,3,6,4,2,1,0,1,1,0,0,0,4.57883E+20,5.53683E+21,8.41253E+15,4.99823E+16
102976,102977,6,4,38,12,2016,2,16,2,3,0,6,0,0,1,0,0,0,0,1,4.8751E+20,5.53599E+21,8.82581E+15,4.99761E+16
102977,102978,6,4,32,18,2016,1,8,6,2,5,2,0,0,0,1,0,1,0,0,4.71699E+20,5.51709E+21,8.60669E+15,4.98056E+16
102978,102979,6,5,35,16,2016,1,16,6,2,5,3,0,0,0,1,0,0,0,0,5.08632E+20,5.59428E+21,9.12171E+15,5.05004E+16
102979,102980,6,4,37,6,2016,1,16,3,3,3,3,0,0,1,1,0,0,0,0,4.99749E+20,5.50158E+21,8.99652E+15,4.96668E+16
102980,102981,6,4,38,2,2016,1,17,7,3,5,2,2,1,1,1,0,0,0,0,4.78188E+20,5.54134E+21,8.6955E+15,5.00239E+16
102981,102982,6,6,33,3,2016,2,3,7,3,5,3,2,0,0,1,0,0,0,0,5.27845E+20,5.67892E+21,9.39907E+15,5.1261E+16
102982,102983,6,4,14,0,2016,1,23,6,3,2,6,2,0,0,1,0,0,0,0,4.45531E+20,5.54713E+21,8.23881E+15,5.00739E+16
102983,102984,6,4,34,8,2016,2,15,2,3,6,4,0,0,0,1,1,0,0,0,4.67472E+20,5.56265E+21,8.54409E+15,5.02151E+16
102984,102985,6,4,40,2,2016,1,10,6,3,4,2,0,0,1,1,0,0,0,0,4.82718E+20,5.57902E+21,8.75702E+15,5.0363E+16
102985,102986,6,6,11,0,2016,1,19,6,3,5,3,2,2,1,1,0,0,0,0,5.35948E+20,5.68578E+21,9.51589E+15,5.13222E+16
102986,102987,6,4,12,0,2016,1,17,7,3,5,2,2,1,0,1,0,0,0,0,4.73471E+20,5.5481E+21,8.62918E+15,5.00845E+16
102987,102988,6,6,11,0,2016,2,10,7,3,6,7,0,0,0,1,1,0,0,0,5.33178E+20,5.684E+21,9.47597E+15,5.13064E+16
102988,102989,6,4,13,0,2016,1,18,6,3,1,5,2,0,0,1,0,0,0,0,4.83558E+20,5.54918E+21,8.77012E+15,5.00947E+16
102989,102990,6,5,32,6,2016,1,13,3,3,3,6,0,0,0,1,0,0,0,0,4.49844E+20,5.62042E+21,8.28927E+15,5.07334E+16
102990,102991,6,4,33,8,2016,2,17,6,3,6,4,1,0,0,1,1,0,0,0,4.69925E+20,5.53894E+21,8.58034E+15,5.0002E+16
102991,102992,6,6,33,26,2016,1,15,4,3,6,4,0,0,0,0,1,0,0,1,5.31707E+20,5.68851E+21,9.45527E+15,5.1347E+16
102992,102993,6,4,14,0,2016,2,18,3,3,5,3,2,1,0,1,0,0,0,0,4.45498E+20,5.54471E+21,8.23868E+15,5.00521E+16
102993,102994,6,4,12,0,2016,2,13,2,3,0,7,0,0,0,1,0,0,0,0,4.78353E+20,5.54982E+21,8.69733E+15,5.01002E+16
102994,102995,6,4,33,10,2016,2,17,2,2,6,4,1,0,0,1,1,0,0,0,4.60374E+20,5.54023E+21,8.44693E+15,5.00131E+16
102995,102996,6,5,34,10,2016,1,9,6,3,5,3,0,0,0,1,0,0,0,0,4.71086E+20,5.6246E+21,8.58994E+15,5.07724E+16
102996,102997,6,4,14,0,2016,1,15,6,2,8,5,0,0,0,1,0,0,1,1,4.49026E+20,5.5399E+21,8.2886E+15,5.00092E+16
102997,102998,6,4,33,7,2016,1,13,3,3,5,2,0,0,0,1,0,0,0,0,4.65004E+20,5.54461E+21,8.51115E+15,5.00528E+16
102998,102999,6,6,31,15,2016,1,13,7,3,5,2,0,0,0,1,0,0,0,0,5.54278E+20,5.61334E+21,9.76808E+15,5.06694E+16
102999,103000,6,6,36,3,2016,1,13,6,3,2,6,0,0,0,1,0,0,0,0,5.72611E+20,5.67055E+21,1.00389E+16,5.11817E+16
103000,103001,6,4,36,8,2016,2,11,7,3,0,6,0,0,0,1,0,0,0,1,4.6193E+20,5.55254E+21,8.46743E+15,5.01239E+16
103001,103002,6,4,38,6,2016,1,10,4,3,2,6,0,0,0,1,0,0,0,1,4.75017E+20,5.53878E+21,8.65139E+15,5.00008E+16
103002,103003,6,4,14,0,2016,1,2,6,3,9,1,2,1,0,1,0,0,0,0,4.47788E+20,5.54161E+21,8.27109E+15,5.00245E+16
103003,103004,6,4,35,14,2016,1,19,3,3,0,7,2,0,0,1,0,0,0,1,4.95792E+20,5.5529E+21,8.94112E+15,5.01283E+16
103004,103005,6,4,13,0,2016,2,16,5,3,5,3,1,1,1,1,0,0,0,0,4.8218E+20,5.55071E+21,8.75078E+15,5.01083E+16
103005,103006,6,4,34,8,2016,1,7,4,3,2,2,0,1,1,1,0,0,0,0,4.68922E+20,5.56263E+21,8.56441E+15,5.0215E+16
103006,103007,6,4,14,0,2016,1,13,6,3,5,3,0,0,0,1,0,0,0,0,4.53127E+20,5.54539E+21,8.34516E+15,5.0059E+16
103007,103008,6,6,35,3,2016,1,22,5,3,5,2,2,0,0,1,0,0,0,0,5.07621E+20,5.66187E+21,9.10886E+15,5.11083E+16
103008,103009,6,4,13,0,2016,1,17,6,3,2,6,2,1,0,1,0,0,0,0,4.81824E+20,5.55115E+21,8.74579E+15,5.01123E+16
103009,103010,6,6,11,0,2016,1,16,2,3,5,3,0,0,0,1,0,0,0,0,5.35508E+20,5.68477E+21,9.50947E+15,5.13131E+16
103010,103011,6,4,12,0,2016,2,13,5,3,6,2,0,1,0,1,1,0,0,0,4.7919E+20,5.55192E+21,8.70891E+15,5.01191E+16
103011,103012,6,4,40,3,2016,1,13,4,2,7,7,0,0,0,1,1,0,0,0,4.80072E+20,5.5574E+21,8.72096E+15,5.01685E+16
103012,103013,6,4,36,12,2016,1,19,6,3,5,3,2,0,0,1,0,0,0,0,4.65926E+20,5.55244E+21,8.52333E+15,5.01232E+16
103013,103014,6,6,35,3,2016,1,16,5,3,6,4,0,0,0,1,1,0,0,0,5.08397E+20,5.66299E+21,9.11997E+15,5.11183E+16
103014,103015,6,4,35,25,2016,1,12,5,3,0,1,0,1,0,0,0,1,0,0,5.37337E+20,5.57719E+21,9.52475E+15,5.03456E+16
103015,103016,6,6,11,0,2016,1,20,2,3,6,4,2,0,0,1,1,0,0,0,5.34988E+20,5.68524E+21,9.50206E+15,5.13174E+16
103016,103017,6,4,40,3,2016,2,19,5,3,6,7,2,1,0,1,1,0,0,0,4.81481E+20,5.55961E+21,8.74058E+15,5.01884E+16
103017,103018,6,4,12,0,2016,2,13,4,3,6,7,0,1,1,0,1,0,0,0,4.76885E+20,5.55112E+21,8.67672E+15,5.01119E+16
103018,103019,6,4,34,1,2016,2,16,3,3,6,2,1,1,0,1,1,0,0,0,4.72257E+20,5.56459E+21,8.611E+15,5.02329E+16
103019,103020,6,4,12,0,2016,2,18,2,3,6,4,2,1,0,1,1,0,0,0,4.83954E+20,5.55409E+21,8.77546E+15,5.01389E+16
103020,103021,6,4,33,3,2016,1,14,6,3,2,6,0,0,0,1,0,0,0,0,4.65134E+20,5.52825E+21,8.51446E+15,4.99056E+16
103021,103022,6,4,12,0,2016,1,13,6,3,6,2,0,0,0,1,1,0,0,0,4.79449E+20,5.55109E+21,8.71258E+15,5.01117E+16
103022,103023,6,5,31,5,2016,1,18,7,3,5,3,2,1,0,1,0,0,0,0,4.76894E+20,5.60428E+21,8.67359E+15,5.059E+16
103023,103024,6,4,38,9,2016,1,13,5,3,5,3,0,0,1,1,0,0,0,0,4.78175E+20,5.54431E+21,8.69514E+15,5.00506E+16
103024,103025,6,4,35,7,2016,2,16,7,3,0,6,0,0,0,1,0,0,0,1,5.00807E+20,5.55575E+21,9.0113E+15,5.01539E+16
103025,103026,6,4,12,0,2016,1,0,6,3,5,2,2,0,1,1,0,0,0,0,4.76369E+20,5.55077E+21,8.66953E+15,5.01087E+16
103026,103027,6,4,34,8,2016,2,2,1,3,6,7,2,0,0,1,1,0,0,0,4.71708E+20,5.56099E+21,8.60358E+15,5.02004E+16
103027,103028,6,4,14,0,2016,1,19,2,3,6,4,2,0,0,1,1,0,0,0,4.45391E+20,5.54863E+21,8.23662E+15,5.00874E+16
103028,103029,6,4,31,20,2016,2,20,6,3,5,2,2,0,0,1,0,1,0,0,4.69325E+20,5.48703E+21,8.57605E+15,4.95351E+16
103029,103030,6,4,13,0,2016,1,19,2,3,5,3,2,1,0,1,0,0,0,0,4.82477E+20,5.54996E+21,8.75497E+15,5.01016E+16
103030,103031,6,6,34,26,2016,2,13,6,3,4,1,0,0,1,0,0,0,0,1,5.17895E+20,5.63579E+21,9.25434E+15,5.08736E+16
103031,103032,6,4,33,5,2016,2,10,5,3,5,3,0,0,0,1,0,0,0,0,4.51555E+20,5.53756E+21,8.32419E+15,4.99884E+16
103032,103033,6,4,40,3,2016,2,18,4,3,5,2,2,0,0,1,0,0,0,0,4.80973E+20,5.55949E+21,8.73347E+15,5.01873E+16
103033,103034,6,5,34,4,2016,2,19,3,2,6,4,2,1,0,1,1,0,0,0,4.66974E+20,5.64009E+21,8.53023E+15,5.09115E+16
103034,103035,6,4,31,16,2016,2,19,2,3,2,5,2,0,0,1,0,0,0,0,4.68007E+20,5.49981E+21,8.55679E+15,4.965E+16
103035,103036,6,4,33,3,2016,1,7,6,3,5,3,1,2,1,0,0,0,0,1,4.6501E+20,5.52818E+21,8.51273E+15,4.99049E+16
103036,103037,6,4,12,0,2016,1,11,6,2,6,4,0,1,1,0,1,0,0,0,4.74064E+20,5.55047E+21,8.63731E+15,5.01059E+16
103037,103038,6,4,11,0,2016,1,18,7,3,5,2,2,1,1,1,0,0,0,0,4.7393E+20,5.5226E+21,8.63732E+15,4.98553E+16
103038,103039,6,4,11,0,2016,2,13,7,3,0,7,0,0,0,1,0,1,0,0,4.75423E+20,5.52869E+21,8.65771E+15,4.99101E+16
103039,103040,6,4,12,0,2016,1,10,6,3,3,6,0,0,1,1,0,0,0,0,4.76275E+20,5.55073E+21,8.6682E+15,5.01083E+16
103040,103041,6,4,12,0,2016,1,17,2,3,1,5,1,0,1,0,0,0,0,1,4.70085E+20,5.54797E+21,8.58186E+15,5.00832E+16
103041,103042,6,5,34,11,2016,2,11,6,3,6,4,0,0,0,1,1,0,0,0,4.94469E+20,5.63056E+21,8.92146E+15,5.08267E+16
103042,103043,6,4,12,0,2016,2,11,3,2,0,3,0,0,0,1,0,0,0,1,4.67648E+20,5.54999E+21,8.54763E+15,5.01013E+16
103043,103044,6,6,34,22,2016,1,11,1,3,5,3,0,0,0,1,0,0,0,0,5.12244E+20,5.63988E+21,9.17415E+15,5.09104E+16
103044,103045,6,4,12,0,2016,1,15,6,3,5,3,0,0,0,1,0,0,0,0,4.75503E+20,5.5506E+21,8.65743E+15,5.01071E+16
103045,103046,6,4,12,0,2016,1,15,2,3,5,3,0,0,0,1,0,0,0,0,4.73495E+20,5.5481E+21,8.62952E+15,5.00845E+16
103046,103047,6,5,32,23,2016,2,17,4,3,4,6,2,1,1,1,0,1,0,0,4.65711E+20,5.6031E+21,8.51571E+15,5.05788E+16
103047,103048,6,4,14,0,2016,2,7,2,3,5,3,1,1,0,1,0,0,0,1,4.50256E+20,5.53925E+21,8.30585E+15,5.00035E+16
103048,103049,6,4,32,4,2016,2,11,2,2,5,3,0,0,0,0,0,1,1,0,4.88929E+20,5.52814E+21,8.84582E+15,4.99056E+16
103049,103050,6,4,35,14,2016,1,5,6,3,1,6,2,0,0,1,0,1,0,0,4.9563E+20,5.55243E+21,8.93886E+15,5.01241E+16
103050,103051,6,4,12,0,2016,1,19,6,3,5,3,2,0,1,0,0,0,0,0,4.76813E+20,5.55217E+21,8.67565E+15,5.01213E+16
103051,103052,6,4,12,0,2016,1,7,2,3,6,7,0,1,0,1,1,0,0,0,4.79027E+20,5.5526E+21,8.7066E+15,5.01252E+16
103052,103053,6,4,31,11,2016,1,10,7,2,5,3,0,0,1,1,0,0,0,0,4.72506E+20,5.49854E+21,8.61921E+15,4.96388E+16
103053,103054,6,4,36,7,2016,2,12,7,3,6,7,0,0,0,0,1,0,0,1,4.56885E+20,5.55091E+21,8.39703E+15,5.01089E+16
103054,103055,6,4,38,6,2016,1,7,2,3,5,3,1,1,1,1,0,0,0,0,4.75984E+20,5.53754E+21,8.66497E+15,4.99897E+16
103055,103056,6,4,40,5,2016,1,12,4,2,2,6,0,0,0,1,0,0,0,0,4.77695E+20,5.58671E+21,8.68595E+15,5.0432E+16
103056,103057,6,4,12,0,2016,1,1,6,3,8,1,2,0,0,1,0,0,0,0,4.78029E+20,5.55297E+21,8.6926E+15,5.01286E+16
103057,103058,6,4,34,8,2016,1,9,5,3,5,3,0,1,1,1,0,0,0,0,4.68822E+20,5.56243E+21,8.56303E+15,5.02133E+16
103058,103059,6,4,34,8,2016,1,16,2,3,2,6,0,0,1,1,0,0,0,0,4.68049E+20,5.5626E+21,8.55218E+15,5.02147E+16
103059,103060,6,4,39,2,2016,2,7,5,3,6,2,0,1,0,0,1,0,0,1,4.31873E+20,5.5563E+21,8.04632E+15,5.0155E+16
103060,103061,6,4,35,6,2016,2,17,6,3,5,3,0,0,1,1,0,0,0,0,4.93817E+20,5.5584E+21,8.91341E+15,5.01778E+16
103061,103062,6,4,12,0,2016,2,12,5,3,6,4,0,1,0,1,1,0,0,0,4.74734E+20,5.55296E+21,8.64652E+15,5.01283E+16
103062,103063,6,4,32,10,2016,1,15,4,2,5,3,0,0,0,1,0,1,0,0,4.94378E+20,5.5241E+21,8.92177E+15,4.98693E+16
103063,103064,6,4,11,0,2016,1,17,6,3,4,1,1,0,0,1,0,0,0,0,4.75088E+20,5.52773E+21,8.6531E+15,4.99014E+16
103064,103065,6,4,36,8,2016,1,7,5,3,6,4,1,1,0,0,1,0,0,1,4.61203E+20,5.55306E+21,8.45721E+15,5.01285E+16
103065,103066,6,4,40,2,2016,1,16,2,2,6,4,1,1,1,1,1,0,0,0,4.81901E+20,5.57976E+21,8.74551E+15,5.03696E+16
103066,103067,6,4,12,0,2016,2,17,6,3,3,5,1,0,1,1,0,0,0,0,4.71609E+20,5.54929E+21,8.60307E+15,5.00952E+16
103067,103068,6,4,40,23,2016,2,18,5,2,6,4,2,1,0,1,1,0,0,0,4.78043E+20,5.5722E+21,8.69169E+15,5.03015E+16
103068,103069,6,6,11,0,2016,2,15,4,3,3,6,0,1,0,1,0,0,0,0,5.35046E+20,5.68565E+21,9.50292E+15,5.1321E+16
103069,103070,6,4,35,10,2016,2,9,3,3,2,6,0,0,0,1,0,0,0,0,5.13298E+20,5.56064E+21,9.18632E+15,5.01978E+16
103070,103071,6,6,35,2,2016,2,13,2,3,8,1,0,1,0,1,0,0,0,0,5.02659E+20,5.6911E+21,9.0382E+15,5.13711E+16
103071,103072,6,5,31,5,2016,1,17,6,3,2,6,2,0,0,1,0,0,0,0,4.75179E+20,5.6039E+21,8.64938E+15,5.05864E+16
103072,103073,6,4,37,6,2016,1,9,6,3,1,5,0,0,0,1,0,0,0,1,4.99104E+20,5.50077E+21,8.98759E+15,4.96595E+16
103073,103074,6,4,12,0,2016,1,19,7,2,6,4,2,1,0,1,1,0,0,0,4.74492E+20,5.54832E+21,8.64344E+15,5.00866E+16
103074,103075,6,4,11,0,2016,2,19,3,3,5,3,2,1,1,1,0,0,0,0,4.75779E+20,5.52562E+21,8.66286E+15,4.98825E+16
103075,103076,6,6,11,0,2016,1,11,6,3,0,7,0,2,0,1,0,0,0,0,5.33339E+20,5.68413E+21,9.4783E+15,5.13075E+16
103076,103077,6,6,31,9,2016,1,19,1,2,8,1,2,1,0,1,0,0,0,0,5.47834E+20,5.60004E+21,9.67519E+15,5.05504E+16
103077,103078,6,5,34,10,2016,1,17,5,2,6,4,0,0,0,1,1,0,0,0,4.70475E+20,5.62413E+21,8.58131E+15,5.07682E+16
103078,103079,6,4,31,21,2016,1,15,2,3,0,7,0,0,0,1,1,0,0,0,4.87205E+20,5.49136E+21,8.82302E+15,4.95747E+16
103079,103080,6,6,34,2,2016,2,8,6,3,5,3,0,1,0,1,0,0,0,1,5.27236E+20,5.67481E+21,9.39003E+15,5.1224E+16
103080,103081,6,4,14,0,2016,2,17,4,3,5,3,1,0,0,1,0,0,0,0,4.4546E+20,5.54654E+21,8.23789E+15,5.00687E+16
103081,103082,6,5,35,1,2016,2,13,4,3,5,3,0,0,0,1,0,0,0,0,5.1923E+20,5.62166E+21,9.27257E+15,5.07464E+16
103082,103083,6,5,31,5,2016,2,14,3,3,5,3,0,0,0,0,0,0,0,1,4.72953E+20,5.59809E+21,8.61836E+15,5.05341E+16
103083,103084,6,4,35,12,2016,2,12,2,3,4,6,0,0,0,1,0,0,1,0,5.10274E+20,5.5622E+21,9.14399E+15,5.02119E+16
103084,103085,6,4,36,7,2016,1,7,6,2,1,7,2,1,0,1,0,0,0,1,4.61363E+20,5.54897E+21,8.45986E+15,5.00917E+16
103085,103086,6,6,34,5,2016,1,18,6,3,1,1,2,1,0,1,0,0,0,0,5.19649E+20,5.6642E+21,9.2808E+15,5.11289E+16
103086,103087,6,4,12,0,2016,1,7,1,3,8,1,2,1,0,1,0,0,0,0,4.75333E+20,5.55274E+21,8.65491E+15,5.01264E+16
103087,103088,6,4,39,4,2016,1,17,7,2,8,1,1,1,0,0,0,0,0,1,4.25759E+20,5.53908E+21,7.96409E+15,4.99994E+16
103088,103089,6,6,33,3,2016,2,10,7,2,5,3,0,0,1,1,0,0,0,0,5.29313E+20,5.67884E+21,9.4201E+15,5.12601E+16
103089,103090,6,4,11,0,2016,1,16,6,3,5,3,0,0,0,1,0,0,0,0,4.74928E+20,5.52473E+21,8.65106E+15,4.98745E+16
103090,103091,6,4,12,0,2016,1,10,1,3,5,3,0,0,0,1,0,0,0,0,4.76523E+20,5.55281E+21,8.67155E+15,5.01271E+16
103091,103092,6,6,34,11,2016,2,15,7,3,5,3,0,0,0,1,0,0,0,0,5.35254E+20,5.65387E+21,9.50279E+15,5.10353E+16
103092,103093,6,4,11,0,2016,1,12,6,3,1,5,0,0,1,1,0,0,0,0,4.7477E+20,5.52423E+21,8.6489E+15,4.98699E+16
103093,103094,6,4,34,8,2016,1,20,1,3,5,3,2,1,0,1,0,0,0,1,4.68899E+20,5.56236E+21,8.56411E+15,5.02126E+16
103094,103095,6,4,33,12,2016,2,7,6,3,0,1,0,1,0,0,0,1,0,0,4.5986E+20,5.53661E+21,8.44014E+15,4.99804E+16
103095,103096,6,4,13,0,2016,1,17,5,3,2,6,2,0,0,1,0,0,0,0,4.80784E+20,5.54659E+21,8.73148E+15,5.00712E+16
103096,103097,6,5,31,5,2016,2,14,3,3,1,5,0,0,0,1,0,0,0,0,4.79136E+20,5.60573E+21,8.70518E+15,5.06031E+16
103097,103098,6,4,12,0,2016,2,17,2,3,3,2,0,0,1,1,0,0,0,0,4.77017E+20,5.54995E+21,8.67863E+15,5.01014E+16
103098,103099,6,4,31,13,2016,2,4,2,3,5,3,2,1,0,1,0,0,0,1,4.57573E+20,5.50073E+21,8.41216E+15,4.96576E+16
103099,103100,6,4,36,6,2016,1,15,6,3,5,3,0,0,1,1,0,0,0,0,4.53334E+20,5.54094E+21,8.34859E+15,5.0019E+16
103100,103101,6,4,38,13,2016,1,8,6,2,6,3,0,0,0,1,1,0,0,0,4.98441E+20,5.54324E+21,8.97823E+15,5.00414E+16
103101,103102,6,4,36,7,2016,1,18,1,3,6,4,2,1,0,1,1,0,0,0,4.55982E+20,5.54591E+21,8.38498E+15,5.00639E+16
103102,103103,6,4,40,2,2016,1,14,7,3,5,3,0,0,0,1,0,0,0,0,4.82145E+20,5.58282E+21,8.74879E+15,5.03971E+16
103103,103104,6,5,32,23,2016,2,16,7,3,0,7,0,0,0,1,0,1,0,0,4.63108E+20,5.60097E+21,8.47916E+15,5.05595E+16
103104,103105,6,4,32,2,2016,1,10,4,3,5,3,0,0,1,1,0,0,0,0,4.96762E+20,5.53397E+21,8.95486E+15,4.99581E+16
103105,103106,6,4,38,6,2016,1,0,6,3,5,3,2,0,0,1,0,0,0,0,4.76934E+20,5.53679E+21,8.67826E+15,4.9983E+16
103106,103107,6,4,33,12,2016,1,20,5,3,5,3,2,0,0,1,0,0,0,0,4.56364E+20,5.53672E+21,8.39137E+15,4.99812E+16
103107,103108,6,4,14,0,2016,2,19,5,3,9,1,2,1,0,1,0,0,0,0,4.43991E+20,5.54832E+21,8.21711E+15,5.00845E+16
103108,103109,6,4,31,20,2016,1,7,4,3,6,4,0,0,0,1,1,0,0,0,4.68878E+20,5.48694E+21,8.56988E+15,4.95343E+16
103109,103110,6,4,38,10,2016,1,14,6,2,3,6,0,2,0,1,0,0,0,0,4.88232E+20,5.54575E+21,8.83557E+15,5.00639E+16
103110,103111,6,4,33,10,2016,1,7,5,3,5,2,2,1,1,0,0,0,1,0,4.59605E+20,5.53964E+21,8.43626E+15,5.00077E+16
103111,103112,6,4,31,20,2016,1,14,1,3,5,3,0,1,0,1,0,0,0,0,4.69467E+20,5.48773E+21,8.57796E+15,4.95414E+16