FID,OBJECTID,ULAND,UREGBEZ,UKREIS,UGEMEINDE,UJAHR,UMONAT,USTUNDE,UWOCHENTAG,UKATEGORIE,UART,UTYP1,ULICHTVERH,IstStrasse,IstRad,IstPKW,IstFuss,IstKrad,IstGkfz,IstSonstig,LINREFX,LINREFY,XGCSWGS84,YGCSWGS84
103112,103113,6,5,31,3,2016,1,18,5,2,5,3,2,0,0,1,0,0,0,1,4.85275E+20,5.6056E+21,8.79193E+15,5.06021E+16
103113,103114,6,4,34,8,2016,1,23,6,3,0,1,2,2,0,0,0,1,0,0,4.68956E+20,5.56273E+21,8.56487E+15,5.0216E+16
103114,103115,6,4,31,5,2016,1,19,1,2,5,3,2,1,1,1,0,0,0,0,4.61495E+20,5.49935E+21,8.46664E+15,4.96455E+16
103115,103116,6,4,12,0,2016,2,9,5,3,1,7,0,0,0,1,0,0,0,1,4.74605E+20,5.54833E+21,8.64501E+15,5.00867E+16
103116,103117,6,4,33,12,2016,1,12,4,3,3,6,0,0,1,1,0,0,0,0,4.58628E+20,5.53809E+21,8.42279E+15,4.99937E+16
103117,103118,6,4,36,5,2016,1,12,6,3,5,3,0,0,0,1,0,0,0,0,4.64037E+20,5.54663E+21,8.49746E+15,5.00708E+16
103118,103119,6,4,33,10,2016,1,7,5,3,6,4,1,1,0,1,1,0,0,0,4.60628E+20,5.53984E+21,8.45051E+15,5.00095E+16
103119,103120,6,4,31,2,2016,1,18,1,3,3,5,2,1,0,1,0,0,0,0,4.72538E+20,5.50362E+21,8.61929E+15,4.96845E+16
103120,103121,6,4,12,0,2016,2,13,6,3,2,2,0,0,0,1,0,0,0,0,4.76774E+20,5.55082E+21,8.67518E+15,5.01092E+16
103121,103122,6,4,33,12,2016,1,18,1,2,5,3,2,1,1,1,0,0,0,0,4.56494E+20,5.53677E+21,8.39317E+15,4.99817E+16
103122,103123,6,4,35,15,2016,2,12,5,3,5,3,0,1,0,1,0,0,0,0,5.0676E+20,5.55696E+21,9.09465E+15,5.01648E+16
103123,103124,6,4,12,0,2016,2,17,4,3,5,3,1,0,0,1,0,1,0,0,4.78539E+20,5.5541E+21,8.69969E+15,5.01387E+16
103124,103125,6,4,38,8,2016,2,17,3,3,5,7,2,0,0,0,0,1,0,1,4.89579E+20,5.55228E+21,8.85422E+15,5.01227E+16
103125,103126,6,5,32,6,2016,1,23,6,3,9,1,2,2,0,1,0,0,0,0,4.49653E+20,5.62124E+21,8.28647E+15,5.07408E+16
103126,103127,6,4,11,0,2016,1,22,1,3,8,1,2,1,0,1,0,0,0,0,4.71395E+20,5.52434E+21,8.60193E+15,4.98708E+16
103127,103128,6,4,33,3,2016,1,10,5,3,5,3,0,0,0,1,0,0,0,0,4.64948E+20,5.52738E+21,8.51193E+15,4.98978E+16
103128,103129,6,4,11,0,2016,2,16,1,3,5,3,0,0,1,1,0,0,0,0,4.76141E+20,5.52431E+21,8.66797E+15,4.98707E+16
103129,103130,6,4,35,14,2016,2,15,1,3,5,3,0,0,0,1,0,0,0,0,4.93737E+20,5.55127E+21,8.9124E+15,5.01137E+16
103130,103131,6,4,33,2,2016,1,16,1,3,5,3,0,1,0,1,0,0,0,0,4.53901E+20,5.53689E+21,8.35699E+15,4.99826E+16
103131,103132,6,4,32,4,2016,2,16,6,3,1,5,0,0,1,1,0,0,0,0,4.88191E+20,5.52705E+21,8.83557E+15,4.98957E+16
103132,103133,6,4,12,0,2016,2,22,4,3,5,3,2,0,0,1,0,1,0,0,4.77862E+20,5.5565E+21,8.69006E+15,5.01603E+16
103133,103134,6,4,35,14,2016,2,9,4,3,6,4,0,0,0,1,1,0,0,0,4.94459E+20,5.55364E+21,8.92246E+15,5.01349E+16
103134,103135,6,4,35,23,2016,2,12,2,2,5,3,0,0,0,1,0,0,0,1,5.01624E+20,5.55439E+21,9.02273E+15,5.01417E+16
103135,103136,6,4,32,4,2016,2,15,2,3,5,3,0,0,1,0,0,0,1,0,4.89352E+20,5.527E+21,8.85175E+15,4.98953E+16
103136,103137,6,4,13,0,2016,1,9,5,3,2,6,0,1,0,1,0,0,0,0,4.81453E+20,5.55059E+21,8.74063E+15,5.01072E+16
103137,103138,6,4,38,12,2016,1,17,6,3,5,3,2,1,1,1,0,0,0,0,4.87767E+20,5.53502E+21,8.82942E+15,4.99674E+16
103138,103139,6,4,33,10,2016,2,17,5,2,3,3,2,1,1,1,0,0,0,0,4.5961E+20,5.53965E+21,8.43633E+15,5.00078E+16
103139,103140,6,4,38,9,2016,2,14,4,3,5,3,0,1,0,1,0,0,0,0,4.78042E+20,5.54416E+21,8.6933E+15,5.00493E+16
103140,103141,6,4,37,4,2016,2,11,3,3,6,7,0,0,0,1,1,0,0,0,5.02298E+20,5.51847E+21,9.03195E+15,4.98187E+16
103141,103142,6,4,36,8,2016,2,10,2,3,2,6,0,0,0,1,0,0,0,0,4.61892E+20,5.55384E+21,8.46676E+15,5.01355E+16
103142,103143,6,4,13,0,2016,1,20,5,3,2,6,2,0,0,1,0,0,0,0,4.81565E+20,5.5504E+21,8.7422E+15,5.01055E+16
103143,103144,6,5,32,23,2016,1,14,6,2,5,3,0,1,0,1,0,1,0,0,4.63521E+20,5.60359E+21,8.48474E+15,5.05831E+16
103144,103145,6,4,11,0,2016,1,22,7,2,6,4,2,1,0,1,1,0,0,0,4.73657E+20,5.52617E+21,8.63328E+15,4.98873E+16
103145,103146,6,4,12,0,2016,2,16,7,3,5,3,0,0,0,1,0,0,0,0,4.73636E+20,5.55604E+21,8.63093E+15,5.0156E+16
103146,103147,6,4,38,13,2016,1,11,6,3,1,5,0,0,1,1,0,0,0,0,4.97957E+20,5.5434E+21,8.97146E+15,5.00429E+16
103147,103148,6,4,33,11,2016,1,18,1,3,4,6,2,0,1,0,0,0,0,0,4.64168E+20,5.51986E+21,8.50178E+15,4.98301E+16
103148,103149,6,4,33,6,2016,2,13,6,3,2,6,0,1,1,0,0,0,0,1,4.63657E+20,5.52916E+21,8.4938E+15,4.99137E+16
103149,103150,6,4,12,0,2016,1,20,4,3,5,3,2,0,1,1,0,0,0,0,4.7767E+20,5.55541E+21,8.68745E+15,5.01505E+16
103150,103151,6,4,12,0,2016,2,21,3,3,2,4,2,1,0,1,1,0,0,0,4.64947E+20,5.54762E+21,8.51008E+15,5.00799E+16
103151,103152,6,4,35,25,2016,2,7,2,3,2,1,1,1,0,1,0,1,0,0,5.38609E+20,5.57822E+21,9.54273E+15,5.03548E+16
103152,103153,6,4,12,0,2016,1,7,5,3,0,3,1,1,0,1,0,1,0,0,4.69801E+20,5.55043E+21,8.57769E+15,5.01053E+16
103153,103154,6,4,36,3,2016,1,6,6,3,6,3,2,0,0,1,1,0,0,0,4.69106E+20,5.55453E+21,8.56764E+15,5.01422E+16
103154,103155,6,5,31,8,2016,1,17,1,3,5,3,2,1,0,1,0,0,0,0,4.91977E+20,5.5917E+21,8.88693E+15,5.04772E+16
103155,103156,6,6,31,17,2016,1,2,7,2,9,1,2,0,0,1,0,0,1,0,5.5223E+20,5.59745E+21,9.73687E+15,5.05267E+16
103156,103157,6,4,36,7,2016,2,16,7,3,3,2,0,0,0,1,0,1,0,0,4.60874E+20,5.54816E+21,8.4531E+15,5.00844E+16
103157,103158,6,4,35,6,2016,1,14,7,3,6,4,0,0,0,1,1,0,0,0,4.94466E+20,5.55811E+21,8.9225E+15,5.01751E+16
103158,103159,6,4,34,1,2016,1,18,7,3,6,4,2,1,0,1,1,0,0,0,4.7352E+20,5.56334E+21,8.62881E+15,5.02216E+16
103159,103160,6,5,33,17,2016,2,16,7,3,5,2,0,0,0,1,0,1,0,0,4.48934E+20,5.59235E+21,8.28025E+15,5.04809E+16
103160,103161,6,6,11,0,2016,1,19,7,2,4,7,2,1,1,1,0,0,0,0,5.35042E+20,5.68575E+21,9.50288E+15,5.13219E+16
103161,103162,6,4,33,11,2016,1,8,4,3,2,6,0,1,0,1,0,0,0,0,4.64192E+20,5.52171E+21,8.50194E+15,4.98467E+16
103162,103163,6,4,35,17,2016,1,17,5,3,2,6,2,1,0,1,0,0,0,0,5.03186E+20,5.5581E+21,9.04462E+15,5.01751E+16
103163,103164,6,6,31,17,2016,1,13,5,3,9,1,0,0,0,0,0,1,0,0,5.50038E+20,5.59839E+21,9.70608E+15,5.05353E+16
103164,103165,6,5,31,5,2016,1,18,5,3,5,2,2,1,0,1,0,0,0,0,4.79086E+20,5.60477E+21,8.70451E+15,5.05945E+16
103165,103166,6,4,14,0,2016,1,13,7,3,3,6,0,0,0,1,0,0,0,0,4.45006E+20,5.54644E+21,8.23156E+15,5.00677E+16
103166,103167,6,4,32,23,2016,2,14,5,3,5,3,0,1,0,1,0,0,0,0,4.72052E+20,5.52739E+21,8.61085E+15,4.98983E+16
103167,103168,6,4,32,23,2016,2,13,3,2,0,1,0,0,1,0,0,0,0,0,4.71427E+20,5.53108E+21,8.60187E+15,4.99314E+16
103168,103169,6,5,35,19,2016,1,19,3,3,5,3,2,1,0,1,0,0,0,1,5.31686E+20,5.60809E+21,9.44796E+15,5.06239E+16
103169,103170,6,6,34,9,2016,1,13,5,3,4,2,0,1,0,1,0,0,0,0,5.28586E+20,5.65266E+21,9.4076E+15,5.10248E+16
103170,103171,6,4,14,0,2016,1,17,3,3,5,2,2,0,0,1,0,0,0,0,4.44162E+20,5.54436E+21,8.22008E+15,5.00489E+16
103171,103172,6,5,32,23,2016,1,15,5,3,5,3,0,0,0,1,0,0,0,0,4.65034E+20,5.6007E+21,8.50637E+15,5.05572E+16
103172,103173,6,4,14,0,2016,1,17,7,3,5,3,1,1,0,1,0,0,0,0,4.42049E+20,5.54657E+21,8.19023E+15,5.00686E+16
103173,103174,6,4,36,3,2016,2,17,6,3,5,2,1,1,0,1,0,0,0,0,4.67658E+20,5.55577E+21,8.54728E+15,5.01532E+16
103174,103175,6,4,32,10,2016,2,17,5,3,2,6,2,1,0,1,0,0,0,0,4.944E+20,5.5241E+21,8.92207E+15,4.98692E+16
103175,103176,6,4,32,23,2016,2,23,4,3,5,3,2,0,0,1,0,0,0,0,4.71053E+20,5.52772E+21,8.59691E+15,4.99011E+16
103176,103177,6,4,31,16,2016,2,16,3,3,1,7,1,0,0,1,0,0,0,0,4.68179E+20,5.50018E+21,8.55915E+15,4.96533E+16
103177,103178,6,4,12,0,2016,2,18,2,3,2,6,2,0,1,0,0,0,0,1,4.83054E+20,5.55373E+21,8.76288E+15,5.01356E+16
103178,103179,6,4,12,0,2016,1,10,5,3,3,6,0,0,0,1,0,1,0,0,4.75262E+20,5.5606E+21,8.6534E+15,5.0197E+16
103179,103180,6,4,14,0,2016,1,9,5,3,5,2,0,0,1,1,0,0,0,0,4.46682E+20,5.54723E+21,8.25487E+15,5.00749E+16
103180,103181,6,4,12,0,2016,1,21,7,3,2,6,2,1,0,1,0,0,0,0,4.7566E+20,5.55624E+21,8.65925E+15,5.01578E+16
103181,103182,6,5,31,13,2016,2,10,7,3,9,7,0,0,0,1,0,0,0,0,4.79317E+20,5.61254E+21,8.70734E+15,5.06644E+16
103182,103183,6,4,36,8,2016,2,7,1,3,5,3,2,0,0,1,0,1,0,0,4.60697E+20,5.55496E+21,8.44993E+15,5.01455E+16
103183,103184,6,4,32,20,2016,2,14,5,3,1,5,0,0,0,1,0,1,0,0,4.82574E+20,5.52295E+21,8.75756E+15,4.98587E+16
103184,103185,6,5,32,12,2016,2,12,4,3,5,2,0,0,0,1,0,0,0,0,4.51023E+20,5.6145E+21,8.30677E+15,5.06802E+16
103185,103186,6,4,33,12,2016,2,16,2,3,2,6,0,0,0,1,0,0,0,0,4.56852E+20,5.53608E+21,8.39824E+15,4.99755E+16
103186,103187,6,6,34,9,2016,2,19,6,3,5,3,2,0,0,1,0,0,0,0,5.29441E+20,5.65307E+21,9.41983E+15,5.10284E+16
103187,103188,6,4,13,0,2016,2,14,4,3,5,3,0,0,0,1,0,0,1,0,4.81938E+20,5.55081E+21,8.74741E+15,5.01093E+16
103188,103189,6,4,40,2,2016,2,12,4,3,5,3,0,1,0,1,0,0,0,0,4.80726E+20,5.57875E+21,8.72902E+15,5.03605E+16
103189,103190,6,4,11,0,2016,2,15,3,3,5,3,0,1,0,1,0,0,0,0,4.7351E+20,5.52386E+21,8.63139E+15,4.98666E+16
103190,103191,6,6,31,9,2016,2,17,2,2,0,1,1,1,0,0,0,1,0,0,5.48798E+20,5.60233E+21,9.6891E+15,5.05709E+16
103191,103192,6,5,33,9,2016,2,14,5,3,2,6,0,0,0,1,0,0,0,0,4.33741E+20,5.58295E+21,8.06779E+15,5.03949E+16
103192,103193,6,4,14,0,2016,2,12,4,3,6,7,0,1,0,0,1,0,0,1,4.46566E+20,5.5461E+21,8.25341E+15,5.00648E+16
103193,103194,6,4,12,0,2016,2,15,6,3,5,3,0,0,0,1,0,0,0,0,4.70981E+20,5.54943E+21,8.59427E+15,5.00964E+16
103194,103195,6,4,32,7,2016,2,17,7,3,6,7,1,1,0,1,1,0,0,0,4.8661E+20,5.51368E+21,8.81403E+15,4.97755E+16
103195,103196,6,4,34,2,2016,2,17,6,3,5,3,0,0,0,1,0,0,0,0,4.73736E+20,5.56716E+21,8.63157E+15,5.0256E+16
103196,103197,6,4,31,2,2016,2,15,4,3,5,3,0,0,1,1,0,0,0,0,4.71656E+20,5.50205E+21,8.60718E+15,4.96703E+16
103197,103198,6,4,36,1,2016,2,2,1,2,0,6,2,0,0,1,0,0,0,0,4.62269E+20,5.55775E+21,8.47164E+15,5.01708E+16
103198,103199,6,4,14,0,2016,2,7,6,3,6,6,0,0,0,1,1,0,0,0,4.54457E+20,5.54435E+21,8.36387E+15,5.00497E+16
103199,103200,6,4,34,2,2016,2,7,5,3,6,4,2,0,0,1,1,0,0,0,4.76953E+20,5.56716E+21,8.6767E+15,5.02561E+16
103200,103201,6,4,12,0,2016,2,15,4,3,3,2,0,1,1,1,0,0,0,0,4.75589E+20,5.55167E+21,8.65856E+15,5.01168E+16
103201,103202,6,4,11,0,2016,2,12,3,3,6,6,0,1,0,1,1,0,0,0,4.75924E+20,5.52545E+21,8.66488E+15,4.9881E+16
103202,103203,6,4,13,0,2016,2,11,1,3,6,4,0,0,0,1,1,0,0,0,4.82159E+20,5.55113E+21,8.75048E+15,5.01121E+16
103203,103204,6,4,32,4,2016,2,8,6,3,1,7,0,0,0,1,0,0,0,0,4.87862E+20,5.5271E+21,8.831E+15,4.98962E+16
103204,103205,6,6,33,9,2016,2,10,3,3,5,3,0,0,1,1,0,0,0,0,5.36362E+20,5.68893E+21,9.52215E+15,5.13505E+16
103205,103206,6,4,34,1,2016,2,20,2,3,5,3,2,1,0,1,0,0,0,0,4.71428E+20,5.56536E+21,8.59933E+15,5.02397E+16
103206,103207,6,4,12,0,2016,2,4,1,3,6,4,2,1,0,1,1,0,0,0,4.81459E+20,5.55363E+21,8.74057E+15,5.01346E+16
103207,103208,6,4,14,0,2016,2,17,5,3,3,6,0,0,0,1,0,0,1,0,4.45134E+20,5.54622E+21,8.23338E+15,5.00658E+16
103208,103209,6,4,11,0,2016,2,13,4,2,0,4,0,1,0,0,1,0,0,1,4.75299E+20,5.52457E+21,8.65625E+15,4.9873E+16
103209,103210,6,4,12,0,2016,2,15,6,3,2,6,0,0,0,1,0,0,0,0,4.76816E+20,5.55159E+21,8.67572E+15,5.01161E+16
103210,103211,6,4,12,0,2016,2,9,3,3,6,2,0,0,0,1,1,0,0,0,4.76655E+20,5.55256E+21,8.67341E+15,5.01248E+16
103211,103212,6,4,14,0,2016,2,11,6,3,0,2,0,1,0,1,0,0,0,1,4.45251E+20,5.54789E+21,8.23478E+15,5.00808E+16
103212,103213,6,4,12,0,2016,2,16,7,2,0,7,0,0,0,0,0,0,0,1,4.76427E+20,5.56094E+21,8.6697E+15,5.02001E+16
103213,103214,6,4,36,10,2016,2,15,5,3,0,7,0,0,0,0,0,0,0,1,4.62814E+20,5.55245E+21,8.4798E+15,5.01231E+16
103214,103215,6,4,38,4,2016,2,12,4,3,5,3,0,1,1,1,0,0,0,0,4.97452E+20,5.5471E+21,8.96439E+15,5.00762E+16
103215,103216,6,5,33,9,2016,2,17,5,3,2,6,1,1,0,1,0,0,0,0,4.33059E+20,5.58197E+21,8.05837E+15,5.0386E+16
103216,103217,6,4,12,0,2016,2,18,3,3,6,4,0,0,1,0,1,0,0,0,4.77213E+20,5.55235E+21,8.68123E+15,5.01229E+16
103217,103218,6,4,36,3,2016,2,19,7,3,3,2,2,1,0,1,0,0,0,0,4.68887E+20,5.55343E+21,8.56467E+15,5.01323E+16
103218,103219,6,4,38,13,2016,2,19,4,2,6,4,2,1,0,1,1,0,0,0,4.99137E+20,5.54274E+21,8.98795E+15,5.00369E+16
103219,103220,6,6,31,17,2016,2,9,6,3,2,6,0,0,0,1,0,0,0,0,5.51091E+20,5.59971E+21,9.72112E+15,5.05471E+16
103220,103221,6,4,32,23,2016,2,7,3,3,1,5,0,0,1,1,0,0,0,0,4.69773E+20,5.52852E+21,8.57904E+15,4.99083E+16
103221,103222,6,4,34,8,2016,2,15,6,3,0,3,0,0,0,1,0,1,0,0,4.67458E+20,5.56265E+21,8.54388E+15,5.02151E+16
103222,103223,6,4,39,15,2016,2,14,6,3,2,6,0,1,0,1,0,0,0,0,4.3974E+20,5.5548E+21,8.15667E+15,5.01424E+16
103223,103224,6,6,34,14,2016,2,16,5,3,5,3,0,1,0,1,0,0,0,0,5.3807E+20,5.66384E+21,9.54401E+15,5.11248E+16
103224,103225,6,5,34,7,2016,2,9,7,2,0,1,0,0,0,1,0,0,0,0,4.66601E+20,5.62944E+21,8.5259E+15,5.08157E+16
103225,103226,6,4,33,12,2016,2,13,5,3,1,7,0,0,0,1,0,0,0,0,4.60299E+20,5.5371E+21,8.44621E+15,4.99849E+16
103226,103227,6,4,34,1,2016,2,19,4,3,3,2,2,1,0,1,0,0,0,1,4.73328E+20,5.56344E+21,8.6261E+15,5.02225E+16
103227,103228,6,6,35,11,2016,2,11,5,3,3,6,0,0,1,1,0,0,0,0,4.85298E+20,5.65607E+21,8.79023E+15,5.10559E+16
103228,103229,6,4,34,12,2016,2,16,3,3,5,3,0,0,0,1,0,1,0,0,4.69424E+20,5.57266E+21,8.57064E+15,5.03052E+16
103229,103230,6,5,34,17,2016,2,8,7,3,5,2,0,0,0,1,0,0,0,0,4.90539E+20,5.64017E+21,8.86543E+15,5.09131E+16
103230,103231,6,4,14,0,2016,2,7,4,3,1,7,0,0,0,1,0,0,0,0,4.43796E+20,5.54432E+21,8.21497E+15,5.00486E+16
103231,103232,6,4,32,8,2016,2,6,4,3,6,2,2,1,0,1,1,0,0,0,4.68589E+20,5.52323E+21,8.56297E+15,4.98606E+16
103232,103233,6,4,35,14,2016,2,8,3,3,2,6,0,1,0,1,0,0,0,0,4.92537E+20,5.55027E+21,8.89564E+15,5.01047E+16
103233,103234,6,4,33,6,2016,2,12,5,3,2,6,0,0,0,1,0,0,0,0,4.62298E+20,5.52976E+21,8.47481E+15,4.9919E+16
103234,103235,6,4,38,1,2016,2,15,3,3,5,3,0,1,0,1,0,0,0,0,4.84798E+20,5.54173E+21,8.78775E+15,5.00277E+16
103235,103236,6,4,31,20,2016,2,16,4,3,5,3,0,1,1,1,0,0,0,0,4.6974E+20,5.48796E+21,8.58171E+15,4.95435E+16
103236,103237,6,4,35,14,2016,2,15,7,3,6,7,0,1,0,1,1,0,0,0,4.93423E+20,5.55508E+21,8.90795E+15,5.01479E+16
103237,103238,6,4,31,22,2016,2,13,5,3,5,3,0,0,0,0,0,1,0,1,4.71282E+20,5.50794E+21,8.60156E+15,4.97232E+16
103238,103239,6,4,34,2,2016,2,11,3,3,2,7,0,0,0,1,0,0,0,0,4.74567E+20,5.56716E+21,8.64322E+15,5.02561E+16
103239,103240,6,4,12,0,2016,2,8,2,3,4,6,0,0,1,0,0,0,0,0,4.76465E+20,5.55151E+21,8.67082E+15,5.01154E+16
103240,103241,6,6,33,13,2016,2,11,6,3,5,3,0,1,0,1,0,0,0,0,5.27104E+20,5.70497E+21,9.39043E+15,5.14952E+16
103241,103242,6,4,11,0,2016,2,10,4,3,3,6,0,0,0,1,0,0,0,0,4.74864E+20,5.52413E+21,8.65022E+15,4.9869E+16
103242,103243,6,4,35,14,2016,2,11,4,3,5,2,0,0,1,1,0,0,0,0,4.94223E+20,5.55371E+21,8.91917E+15,5.01356E+16
103243,103244,6,4,14,0,2016,2,12,2,3,5,3,0,0,0,1,0,0,0,1,4.45984E+20,5.54773E+21,8.24505E+15,5.00794E+16
103244,103245,6,4,38,6,2016,2,17,2,3,5,2,0,0,1,1,0,0,0,0,4.74827E+20,5.53779E+21,8.64881E+15,4.99919E+16
103245,103246,6,4,13,0,2016,2,18,5,3,6,4,2,0,0,1,1,0,0,0,4.83811E+20,5.54908E+21,8.77367E+15,5.00938E+16
103246,103247,6,5,31,5,2016,2,18,4,2,6,4,2,1,0,1,1,0,0,0,4.78516E+20,5.60259E+21,8.6966E+15,5.05748E+16
103247,103248,6,4,12,0,2016,2,13,6,3,6,2,0,0,0,1,1,0,0,0,4.77365E+20,5.55446E+21,8.68322E+15,5.01419E+16
103248,103249,6,4,34,1,2016,2,11,3,3,6,4,0,0,0,1,1,0,0,0,4.72161E+20,5.56453E+21,8.60966E+15,5.02323E+16
103249,103250,6,5,31,5,2016,2,15,6,2,5,3,0,1,1,1,0,0,0,0,4.77033E+20,5.60435E+21,8.67553E+15,5.05906E+16
103250,103251,6,4,32,8,2016,2,7,6,3,0,7,0,0,1,1,0,0,0,1,4.68299E+20,5.52423E+21,8.55885E+15,4.98696E+16
103251,103252,6,4,40,2,2016,2,7,2,3,2,6,0,0,0,1,0,0,0,0,4.82394E+20,5.57854E+21,8.75249E+15,5.03587E+16
103252,103253,6,4,12,0,2016,2,21,5,3,0,3,2,0,0,1,0,0,0,1,4.67588E+20,5.54994E+21,8.5468E+15,5.01009E+16
103253,103254,6,4,33,12,2016,2,13,4,3,0,7,0,0,0,0,0,0,0,1,4.56205E+20,5.53501E+21,8.38933E+15,4.99659E+16
103254,103255,6,4,33,12,2016,2,10,7,3,6,7,0,0,0,1,1,0,0,0,4.5814E+20,5.53797E+21,8.41599E+15,4.99926E+16
103255,103256,6,4,37,6,2016,2,14,7,3,2,2,0,1,0,1,0,0,0,0,4.99548E+20,5.5015E+21,8.99373E+15,4.96661E+16
103256,103257,6,4,31,2,2016,2,12,6,3,4,2,0,0,1,1,0,0,0,0,4.72911E+20,5.50233E+21,8.62456E+15,4.96729E+16
103257,103258,6,4,32,18,2016,2,13,3,3,5,3,0,0,0,1,0,0,0,0,4.7104E+20,5.5171E+21,8.59753E+15,4.98056E+16
103258,103259,6,4,12,0,2016,2,20,1,2,0,7,2,0,0,1,0,1,0,0,4.77453E+20,5.55293E+21,8.68456E+15,5.01282E+16
103259,103260,6,4,31,20,2016,2,21,6,3,5,2,2,0,0,1,0,1,0,0,4.68819E+20,5.48733E+21,8.56903E+15,4.95378E+16
103260,103261,6,4,33,12,2016,2,11,5,2,5,3,0,0,1,1,0,0,0,0,4.58727E+20,5.53819E+21,8.42416E+15,4.99946E+16
103261,103262,6,4,14,0,2016,2,8,3,3,4,6,0,1,1,1,0,0,0,0,4.46909E+20,5.54795E+21,8.25794E+15,5.00814E+16
103262,103263,6,4,31,17,2016,2,7,2,3,5,3,0,0,0,1,0,1,0,0,4.81858E+20,5.49484E+21,8.74891E+15,4.96059E+16
103263,103264,6,4,13,0,2016,2,11,7,3,5,3,0,1,1,1,0,0,0,0,4.82255E+20,5.55072E+21,8.75183E+15,5.01085E+16
103264,103265,6,4,12,0,2016,2,18,5,3,6,4,2,0,0,1,1,0,0,0,4.77298E+20,5.55735E+21,8.68212E+15,5.01679E+16
103265,103266,6,6,36,3,2016,2,21,3,2,5,3,2,1,0,1,0,0,0,0,5.71606E+20,5.67007E+21,1.00244E+16,5.11776E+16
103266,103267,6,6,36,16,2016,2,10,6,3,5,3,0,0,0,0,0,0,0,1,5.6015E+20,5.68806E+21,9.86355E+15,5.13406E+16
103267,103268,6,4,31,2,2016,2,8,3,2,5,7,0,0,0,1,0,1,0,0,4.72925E+20,5.50228E+21,8.62476E+15,4.96725E+16
103268,103269,6,4,34,8,2016,2,7,6,3,1,6,0,0,1,1,0,0,0,0,4.69241E+20,5.56161E+21,8.56896E+15,5.02059E+16
103269,103270,6,4,12,0,2016,2,12,6,3,3,6,0,1,1,1,0,0,0,0,4.75142E+20,5.55249E+21,8.65225E+15,5.01241E+16
103270,103271,6,6,11,0,2016,2,12,7,3,0,3,0,0,0,1,0,0,0,1,5.34685E+20,5.68524E+21,9.49771E+15,5.13174E+16
103271,103272,6,6,31,14,2016,2,16,5,3,5,3,0,0,0,1,0,1,0,0,5.34159E+20,5.59462E+21,9.48168E+15,5.05025E+16
103272,103273,6,4,14,0,2016,2,15,3,2,6,4,0,0,0,0,1,0,0,1,4.48431E+20,5.54822E+21,8.27918E+15,5.0084E+16
103273,103274,6,4,33,12,2016,2,13,3,3,2,6,0,0,0,1,0,0,0,0,4.58213E+20,5.53629E+21,8.4172E+15,4.99774E+16
103274,103275,6,4,13,0,2016,2,14,7,3,5,3,0,0,0,1,0,0,0,0,4.83434E+20,5.54922E+21,8.76839E+15,5.0095E+16
103275,103276,6,4,12,0,2016,2,9,5,3,2,2,0,0,0,1,0,1,0,0,4.7604E+20,5.55105E+21,8.6649E+15,5.01112E+16
103276,103277,6,5,31,14,2016,2,17,5,3,8,1,0,0,0,1,0,0,0,1,4.82231E+20,5.59721E+21,8.74931E+15,5.05266E+16
103277,103278,6,4,13,0,2016,2,13,3,3,5,3,0,1,1,1,0,0,0,0,4.82359E+20,5.5509E+21,8.75328E+15,5.01101E+16
103278,103279,6,4,12,0,2016,2,11,3,3,3,6,0,1,1,1,0,0,0,0,4.73409E+20,5.55591E+21,8.62777E+15,5.01548E+16
103279,103280,6,4,38,11,2016,2,21,6,3,5,3,2,0,0,1,0,0,0,0,4.91894E+20,5.54108E+21,8.88684E+15,5.0022E+16
103280,103281,6,6,31,15,2016,2,15,3,2,8,1,0,0,1,0,0,0,0,0,5.5555E+20,5.61244E+21,9.78594E+15,5.06611E+16
103281,103282,6,4,38,1,2016,2,7,5,2,6,4,0,0,0,1,1,0,0,0,4.83878E+20,5.54009E+21,8.77499E+15,5.00129E+16
103282,103283,6,4,35,14,2016,2,17,5,3,4,7,0,0,0,1,0,0,1,0,4.95606E+20,5.55234E+21,8.93854E+15,5.01233E+16
103283,103284,6,4,12,0,2016,2,14,3,3,6,4,0,1,0,1,1,0,0,0,4.76408E+20,5.55251E+21,8.66995E+15,5.01244E+16
103284,103285,6,4,34,8,2016,2,18,5,3,6,2,2,0,0,1,1,0,0,0,4.6812E+20,5.56259E+21,8.55317E+15,5.02146E+16
103285,103286,6,4,12,0,2016,2,9,5,3,0,6,0,0,0,1,0,1,0,0,4.75014E+20,5.55208E+21,8.65049E+15,5.01205E+16
103286,103287,6,4,36,8,2016,2,15,3,2,6,4,0,0,0,1,1,0,0,0,4.60603E+20,5.55366E+21,8.44875E+15,5.01339E+16
103287,103288,6,4,12,0,2016,2,9,5,3,5,3,0,0,1,1,0,0,0,0,4.82323E+20,5.55574E+21,8.75255E+15,5.01537E+16
103288,103289,6,4,38,3,2016,2,14,4,3,5,7,0,0,1,1,0,0,0,0,4.76394E+20,5.53416E+21,8.67089E+15,4.99594E+16
103289,103290,6,4,35,14,2016,2,8,3,2,5,3,0,1,0,1,0,1,0,0,4.93913E+20,5.55335E+21,8.91483E+15,5.01324E+16
103290,103291,6,4,31,4,2016,2,16,2,3,0,1,0,0,1,0,0,0,0,0,4.80538E+20,5.49147E+21,8.7308E+15,4.95755E+16