FID,OBJECTID,ULAND,UREGBEZ,UKREIS,UGEMEINDE,UJAHR,UMONAT,USTUNDE,UWOCHENTAG,UKATEGORIE,UART,UTYP1,ULICHTVERH,IstStrasse,IstRad,IstPKW,IstFuss,IstKrad,IstGkfz,IstSonstig,LINREFX,LINREFY,XGCSWGS84,YGCSWGS84
103291,103292,6,4,12,0,2016,2,20,5,3,5,3,2,0,1,1,0,0,0,0,4.74915E+20,5.55169E+21,8.64912E+15,5.01169E+16
103292,103293,6,4,12,0,2016,2,8,3,3,1,5,0,1,1,1,0,0,1,0,4.78582E+20,5.5523E+21,8.70038E+15,5.01225E+16
103293,103294,6,6,33,3,2016,2,11,7,3,5,3,0,0,0,1,0,0,0,0,5.26932E+20,5.6775E+21,9.38588E+15,5.12482E+16
103294,103295,6,4,12,0,2016,2,2,7,3,9,1,2,1,0,1,0,0,0,0,4.80197E+20,5.5501E+21,8.72309E+15,5.01028E+16
103295,103296,6,6,31,11,2016,2,12,6,3,0,3,0,0,1,1,0,0,0,0,5.38205E+20,5.6045E+21,9.53974E+15,5.05912E+16
103296,103297,6,5,32,1,2016,2,11,5,3,0,7,0,1,0,1,0,0,0,0,4.62303E+20,5.60376E+21,8.46752E+15,5.05845E+16
103297,103298,6,4,33,12,2016,2,13,3,3,4,6,0,0,0,1,0,0,0,0,4.57089E+20,5.53698E+21,8.40144E+15,4.99836E+16
103298,103299,6,4,14,0,2016,2,10,1,3,5,2,0,0,0,1,0,0,0,0,4.44713E+20,5.54676E+21,8.22742E+15,5.00706E+16
103299,103300,6,4,32,21,2016,2,10,6,3,5,3,0,0,0,1,0,0,0,0,5.00171E+20,5.52991E+21,9.00238E+15,4.99216E+16
103300,103301,6,6,34,4,2016,2,12,2,3,2,6,0,1,0,1,0,0,0,1,5.23134E+20,5.6477E+21,9.32954E+15,5.09804E+16
103301,103302,6,4,31,5,2016,2,15,2,3,5,3,0,0,0,1,0,0,0,0,4.61709E+20,5.49935E+21,8.4696E+15,4.96454E+16
103302,103303,6,4,12,0,2016,2,11,6,3,0,7,0,0,0,1,0,0,0,0,4.70206E+20,5.54449E+21,8.58382E+15,5.0052E+16
103303,103304,6,4,14,0,2016,2,10,4,3,2,6,0,0,0,1,0,0,0,1,4.45973E+20,5.54789E+21,8.24487E+15,5.00808E+16
103304,103305,6,4,40,2,2016,2,17,4,3,6,3,0,0,0,1,1,0,0,0,4.81457E+20,5.57844E+21,8.73932E+15,5.03578E+16
103305,103306,6,4,35,17,2016,2,21,3,2,8,6,2,1,0,1,0,0,0,1,5.03339E+20,5.55779E+21,9.04676E+15,5.01723E+16
103306,103307,6,4,33,8,2016,2,13,2,3,0,4,0,0,0,1,1,0,0,0,4.68997E+20,5.53602E+21,8.56761E+15,4.99757E+16
103307,103308,6,4,12,0,2016,2,14,5,3,8,6,0,0,0,1,0,0,0,0,4.76395E+20,5.54946E+21,8.66996E+15,5.00969E+16
103308,103309,6,4,11,0,2016,2,14,3,3,2,6,0,1,0,1,0,0,0,0,4.73482E+20,5.52589E+21,8.63086E+15,4.98849E+16
103309,103310,6,4,14,0,2016,2,16,6,3,3,6,0,1,1,0,0,0,0,1,4.45751E+20,5.54865E+21,8.24166E+15,5.00876E+16
103310,103311,6,4,38,1,2016,2,11,7,3,5,3,0,1,1,1,0,0,0,0,4.84723E+20,5.54061E+21,8.78676E+15,5.00176E+16
103311,103312,6,5,32,21,2016,2,12,6,3,2,2,0,0,0,1,0,0,0,0,4.58229E+20,5.59768E+21,8.41065E+15,5.05296E+16
103312,103313,6,6,11,0,2016,2,13,2,3,3,6,0,1,0,1,0,0,0,0,5.36014E+20,5.68482E+21,9.51673E+15,5.13135E+16
103313,103314,6,6,32,3,2016,2,15,1,3,5,3,0,0,0,1,0,0,0,0,5.55664E+20,5.64774E+21,9.79292E+15,5.09785E+16
103314,103315,6,5,32,1,2016,2,20,6,3,5,3,2,0,0,1,0,1,0,0,4.59075E+20,5.60544E+21,8.42174E+15,5.05995E+16
103315,103316,6,4,37,1,2016,2,15,3,3,6,7,0,1,0,1,1,0,0,0,5.00187E+20,5.50959E+21,9.00259E+15,4.97388E+16
103316,103317,6,4,13,0,2016,2,19,7,3,5,2,2,1,0,1,0,0,0,0,4.83843E+20,5.5506E+21,8.77406E+15,5.01074E+16
103317,103318,6,4,11,0,2016,2,8,3,3,2,6,0,1,0,1,0,0,0,0,4.7436E+20,5.52245E+21,8.64331E+15,4.98539E+16
103318,103319,6,6,31,9,2016,2,16,6,3,2,6,0,0,1,0,0,0,0,1,5.48387E+20,5.60053E+21,9.68306E+15,5.05547E+16
103319,103320,6,4,12,0,2016,2,17,2,3,0,5,1,1,1,1,0,0,0,0,4.71535E+20,5.54929E+21,8.60203E+15,5.00952E+16
103320,103321,6,5,35,11,2016,2,16,3,3,6,7,0,0,0,1,1,0,0,0,5.28215E+20,5.60974E+21,9.39901E+15,5.06389E+16
103321,103322,6,4,34,1,2016,2,7,2,3,7,7,0,0,0,1,0,0,0,1,4.71095E+20,5.565E+21,8.59468E+15,5.02364E+16
103322,103323,6,4,11,0,2016,2,1,1,3,8,5,2,1,0,1,0,0,0,1,4.75298E+20,5.52892E+21,8.65595E+15,4.99122E+16
103323,103324,6,4,12,0,2016,2,16,5,3,0,1,0,0,1,1,0,0,0,0,4.79219E+20,5.55282E+21,8.70927E+15,5.01273E+16
103324,103325,6,4,11,0,2016,2,19,3,3,2,6,2,0,0,1,0,0,0,0,4.73206E+20,5.52339E+21,8.62719E+15,4.98624E+16
103325,103326,6,4,12,0,2016,2,13,6,3,0,5,0,0,1,1,0,0,0,0,4.75658E+20,5.55193E+21,8.65951E+15,5.01191E+16
103326,103327,6,4,12,0,2016,2,17,2,2,6,4,0,0,0,1,1,0,0,0,4.72811E+20,5.55872E+21,8.6192E+15,5.01801E+16
103327,103328,6,6,11,0,2016,2,14,6,3,5,3,0,0,0,1,0,0,0,0,5.37161E+20,5.68238E+21,9.53293E+15,5.12916E+16
103328,103329,6,4,12,0,2016,2,20,2,3,5,3,2,0,0,1,0,0,0,1,4.72905E+20,5.55714E+21,8.62063E+15,5.01659E+16
103329,103330,6,4,13,0,2016,2,12,7,3,5,3,0,0,0,1,0,0,0,0,4.83464E+20,5.55012E+21,8.76877E+15,5.01031E+16
103330,103331,6,6,11,0,2016,2,5,4,3,5,2,2,1,0,1,0,0,0,0,5.35872E+20,5.68128E+21,9.51434E+15,5.12817E+16
103331,103332,6,4,11,0,2016,2,17,3,3,1,5,1,1,1,1,0,0,0,0,4.75256E+20,5.52615E+21,8.65555E+15,4.98872E+16
103332,103333,6,5,33,9,2016,2,10,5,3,6,7,0,0,0,1,1,0,0,0,4.34378E+20,5.5835E+21,8.07666E+15,5.03999E+16
103333,103334,6,4,12,0,2016,2,12,2,3,5,2,0,0,0,1,0,0,1,0,4.82445E+20,5.552E+21,8.75443E+15,5.012E+16
103334,103335,6,4,33,12,2016,2,12,5,3,2,6,0,0,0,1,0,0,0,0,4.601E+20,5.53833E+21,8.44331E+15,4.99959E+16
103335,103336,6,4,12,0,2016,2,18,6,3,2,2,2,0,0,1,0,0,0,0,4.77393E+20,5.55129E+21,8.68381E+15,5.01134E+16
103336,103337,6,4,12,0,2016,2,15,5,3,5,3,0,0,1,1,0,0,0,0,4.76822E+20,5.55212E+21,8.67577E+15,5.01209E+16
103337,103338,6,4,32,10,2016,2,16,7,3,2,6,1,0,0,1,0,0,0,0,4.94383E+20,5.52411E+21,8.92184E+15,4.98693E+16
103338,103339,6,4,14,0,2016,2,14,4,3,5,2,0,0,0,1,0,0,0,1,4.45827E+20,5.54718E+21,8.24292E+15,5.00744E+16
103339,103340,6,6,33,13,2016,2,9,3,2,0,1,0,1,1,0,0,0,0,0,5.26688E+20,5.70463E+21,9.38442E+15,5.14922E+16
103340,103341,6,4,12,0,2016,2,6,5,3,5,2,2,1,0,0,0,1,0,1,4.74232E+20,5.55048E+21,8.63965E+15,5.0106E+16
103341,103342,6,6,11,0,2016,2,15,2,3,1,5,0,1,0,1,0,0,0,0,5.32801E+20,5.68173E+21,9.47035E+15,5.1286E+16
103342,103343,6,4,31,20,2016,2,19,7,3,5,2,1,0,0,1,0,0,0,0,4.68899E+20,5.48713E+21,8.57016E+15,4.9536E+16
103343,103344,6,6,11,0,2016,2,22,4,3,1,5,2,1,0,1,0,0,0,0,5.36551E+20,5.68228E+21,9.52418E+15,5.12906E+16
103344,103345,6,4,35,10,2016,2,19,4,3,5,3,2,0,1,1,0,0,0,0,5.13302E+20,5.56063E+21,9.18638E+15,5.01977E+16
103345,103346,6,5,32,14,2016,2,14,3,3,5,3,0,0,0,1,0,0,0,0,4.69809E+20,5.59669E+21,8.5741E+15,5.05214E+16
103346,103347,6,4,40,8,2016,2,11,2,3,5,3,0,0,1,1,0,0,0,0,4.82574E+20,5.57546E+21,8.75517E+15,5.0331E+16
103347,103348,6,4,12,0,2016,2,12,5,3,2,6,0,0,0,1,1,0,0,0,4.76303E+20,5.55249E+21,8.66849E+15,5.01241E+16
103348,103349,6,4,35,4,2016,2,13,3,3,5,3,0,1,0,1,0,0,0,0,5.22679E+20,5.57958E+21,9.3189E+15,5.03679E+16
103349,103350,6,4,40,24,2016,2,8,7,2,6,2,0,0,0,1,1,0,0,0,4.90276E+20,5.58609E+21,8.8631E+15,5.04268E+16
103350,103351,6,4,34,5,2016,2,18,3,3,6,4,2,1,0,1,1,0,0,0,4.62383E+20,5.55883E+21,8.47314E+15,5.01805E+16
103351,103352,6,4,31,6,2016,2,10,3,3,5,3,0,1,0,1,0,0,1,0,4.67164E+20,5.50208E+21,8.54493E+15,4.96703E+16
103352,103353,6,4,31,5,2016,2,12,5,3,5,3,0,1,0,1,0,0,0,0,4.60582E+20,5.49946E+21,8.45398E+15,4.96464E+16
103353,103354,6,4,38,6,2016,2,7,2,3,4,7,0,0,0,1,0,0,0,1,4.76836E+20,5.53595E+21,8.67695E+15,4.99754E+16
103354,103355,6,4,33,10,2016,2,19,2,3,6,4,2,0,0,1,1,0,0,0,4.60308E+20,5.53929E+21,8.44611E+15,5.00046E+16
103355,103356,6,4,12,0,2016,2,16,6,3,1,5,0,0,0,1,0,0,0,0,4.67537E+20,5.55011E+21,8.54606E+15,5.01023E+16
103356,103357,6,4,11,0,2016,2,13,4,3,0,3,0,0,1,1,0,0,0,0,4.74327E+20,5.52478E+21,8.6427E+15,4.98749E+16
103357,103358,6,4,40,2,2016,2,6,4,3,5,3,1,1,0,1,0,0,0,0,4.81726E+20,5.579E+21,8.74307E+15,5.03627E+16
103358,103359,6,6,11,0,2016,2,13,2,3,1,2,0,1,0,1,0,0,0,1,5.33867E+20,5.6879E+21,9.48623E+15,5.13413E+16
103359,103360,6,5,32,1,2016,2,15,2,3,5,2,0,1,0,1,0,0,0,0,4.6296E+20,5.60384E+21,8.47679E+15,5.05853E+16
103360,103361,6,4,11,0,2016,2,6,5,3,5,3,2,0,1,0,0,0,1,0,4.74519E+20,5.52617E+21,8.64528E+15,4.98874E+16
103361,103362,6,5,32,6,2016,2,7,3,3,6,4,1,0,0,1,1,0,0,0,4.49872E+20,5.62088E+21,8.28962E+15,5.07375E+16
103362,103363,6,4,12,0,2016,2,18,6,3,2,6,2,0,0,1,0,0,0,0,4.74214E+20,5.55141E+21,8.63933E+15,5.01144E+16
103363,103364,6,4,38,6,2016,2,11,2,3,2,6,0,0,0,1,0,0,0,0,4.76765E+20,5.53683E+21,8.6759E+15,4.99833E+16
103364,103365,6,4,12,0,2016,2,1,7,3,6,4,2,1,0,1,1,0,0,0,4.78108E+20,5.55288E+21,8.69372E+15,5.01277E+16
103365,103366,6,5,31,10,2016,2,16,6,3,5,3,0,0,0,1,0,0,0,0,4.99154E+20,5.59901E+21,8.98806E+15,5.05431E+16
103366,103367,6,4,38,3,2016,2,18,2,2,0,1,2,1,0,0,0,1,0,0,4.75275E+20,5.53493E+21,8.65524E+15,4.99662E+16
103367,103368,6,5,33,8,2016,2,17,7,2,5,3,0,0,0,1,0,1,0,0,4.40251E+20,5.57313E+21,8.16093E+15,5.03073E+16
103368,103369,6,4,12,0,2016,2,0,7,3,2,6,2,0,0,1,0,0,0,0,4.77875E+20,5.55163E+21,8.69053E+15,5.01165E+16
103369,103370,6,4,12,0,2016,2,13,6,3,5,3,0,1,1,1,0,0,0,0,4.76608E+20,5.55266E+21,8.67275E+15,5.01257E+16
103370,103371,6,4,31,7,2016,2,14,2,3,1,7,0,1,1,1,0,0,0,0,4.84076E+20,5.49976E+21,8.77941E+15,4.96501E+16
103371,103372,6,4,12,0,2016,2,14,1,3,5,3,0,0,0,1,0,0,0,0,4.71589E+20,5.55012E+21,8.60273E+15,5.01027E+16
103372,103373,6,4,32,8,2016,2,16,6,3,5,3,0,0,0,1,0,0,0,0,4.68589E+20,5.52318E+21,8.56297E+15,4.98602E+16
103373,103374,6,4,12,0,2016,2,23,4,3,5,3,2,0,1,1,0,0,0,0,4.66748E+20,5.55141E+21,8.53492E+15,5.0114E+16
103374,103375,6,4,14,0,2016,2,8,3,3,2,2,0,1,0,1,0,0,0,0,4.42748E+20,5.54674E+21,8.19998E+15,5.00702E+16
103375,103376,6,4,34,2,2016,2,9,2,2,6,2,0,0,0,1,1,0,0,0,4.75072E+20,5.56935E+21,8.65016E+15,5.02758E+16
103376,103377,6,5,33,7,2016,2,17,7,3,5,3,1,1,1,1,0,0,0,0,4.31339E+20,5.58795E+21,8.03309E+15,5.04396E+16
103377,103378,6,4,37,2,2016,2,9,5,3,5,3,0,1,0,1,0,1,0,0,4.98197E+20,5.4906E+21,8.97506E+15,4.9568E+16
103378,103379,6,4,31,20,2016,2,15,3,3,5,3,0,1,1,1,0,0,0,0,4.70151E+20,5.48735E+21,8.58744E+15,4.95381E+16
103379,103380,6,6,11,0,2016,2,10,6,3,3,3,0,0,0,1,0,0,0,1,5.34684E+20,5.68524E+21,9.49769E+15,5.13174E+16
103380,103381,6,4,33,12,2016,2,15,2,3,5,3,0,1,0,1,0,0,0,0,4.59891E+20,5.53656E+21,8.44057E+15,4.998E+16
103381,103382,6,4,12,0,2016,2,20,6,3,5,3,2,1,0,1,0,0,0,0,4.75868E+20,5.56016E+21,8.66191E+15,5.01931E+16
103382,103383,6,4,11,0,2016,2,13,7,3,1,5,0,0,1,1,0,0,0,0,4.74381E+20,5.52254E+21,8.6436E+15,4.98547E+16
103383,103384,6,4,12,0,2016,2,10,4,3,5,2,0,0,1,1,0,0,0,0,4.75807E+20,5.55129E+21,8.66163E+15,5.01134E+16
103384,103385,6,4,31,20,2016,2,7,3,2,6,4,0,0,0,1,1,0,0,0,4.69632E+20,5.48712E+21,8.58029E+15,4.95359E+16
103385,103386,6,4,12,0,2016,2,18,5,3,2,6,1,0,0,1,0,0,0,0,4.70178E+20,5.5506E+21,8.58296E+15,5.01069E+16
103386,103387,6,4,12,0,2016,2,9,4,3,6,4,0,0,1,0,1,0,0,0,4.75483E+20,5.55185E+21,8.65706E+15,5.01184E+16
103387,103388,6,4,33,12,2016,2,14,3,2,6,4,0,1,0,1,1,0,0,0,4.55332E+20,5.53445E+21,8.37724E+15,4.99607E+16
103388,103389,6,4,12,0,2016,2,11,7,3,8,1,0,1,0,1,0,0,0,0,4.73861E+20,5.55643E+21,8.63406E+15,5.01595E+16
103389,103390,6,4,11,0,2016,2,12,5,3,5,3,0,0,0,1,0,0,0,1,4.72564E+20,5.52433E+21,8.6182E+15,4.98708E+16
103390,103391,6,4,11,0,2016,2,7,3,3,5,3,0,0,1,1,0,0,0,0,4.75504E+20,5.5231E+21,8.65919E+15,4.98598E+16
103391,103392,6,6,31,17,2016,2,11,6,3,1,1,0,0,0,1,0,0,0,0,5.52338E+20,5.5971E+21,9.73835E+15,5.05236E+16
103392,103393,6,5,34,14,2016,2,18,2,3,3,1,1,0,0,1,0,1,0,0,4.82974E+20,5.62814E+21,8.75837E+15,5.08048E+16
103393,103394,6,4,34,1,2016,2,15,5,3,4,6,0,0,1,0,0,0,0,0,4.71892E+20,5.56391E+21,8.60594E+15,5.02267E+16
103394,103395,6,4,12,0,2016,2,12,4,3,6,4,0,0,1,0,1,0,0,0,4.79094E+20,5.55259E+21,8.70754E+15,5.01252E+16
103395,103396,6,6,11,0,2016,2,15,2,3,6,4,0,0,0,1,1,0,0,0,5.34666E+20,5.68688E+21,9.49759E+15,5.13322E+16
103396,103397,6,4,38,13,2016,2,11,5,3,5,3,0,0,0,1,0,0,0,0,4.97613E+20,5.54439E+21,8.96665E+15,5.00518E+16
103397,103398,6,4,12,0,2016,2,20,1,3,2,6,2,0,0,1,0,0,0,0,4.77893E+20,5.55222E+21,8.69075E+15,5.01218E+16
103398,103399,6,4,31,5,2016,2,15,2,3,5,2,0,0,0,1,0,1,0,0,4.606E+20,5.49886E+21,8.45429E+15,4.9641E+16
103399,103400,6,5,32,23,2016,2,17,7,3,6,4,0,0,0,0,1,0,0,1,4.66083E+20,5.60352E+21,8.52093E+15,5.05826E+16
103400,103401,6,4,14,0,2016,2,18,5,3,2,6,2,0,0,1,0,0,0,0,4.45967E+20,5.54799E+21,8.24478E+15,5.00817E+16
103401,103402,6,4,12,0,2016,2,2,1,3,6,2,2,1,0,1,1,0,0,0,4.77851E+20,5.5513E+21,8.69022E+15,5.01136E+16
103402,103403,6,6,31,16,2016,2,4,5,2,9,1,2,2,0,0,0,0,0,1,5.45247E+20,5.5844E+21,9.63678E+15,5.04099E+16
103403,103404,6,4,38,9,2016,2,22,4,3,6,2,2,0,0,1,1,0,0,0,4.77703E+20,5.54513E+21,8.6885E+15,5.0058E+16
103404,103405,6,4,40,2,2016,2,7,3,3,6,4,1,1,0,1,1,0,0,0,4.81295E+20,5.5793E+21,8.73701E+15,5.03655E+16
103405,103406,6,4,12,0,2016,2,5,2,3,5,3,2,0,0,1,0,0,0,0,4.67548E+20,5.54772E+21,8.54642E+15,5.00808E+16
103406,103407,6,6,35,2,2016,2,10,7,3,2,2,0,0,0,1,0,0,0,1,4.99911E+20,5.69212E+21,8.99872E+15,5.13804E+16
103407,103408,6,4,12,0,2016,2,22,7,3,2,6,2,1,0,1,0,0,0,0,4.74614E+20,5.54833E+21,8.64515E+15,5.00867E+16
103408,103409,6,5,31,5,2016,2,9,4,2,5,3,0,1,0,0,0,0,0,1,4.77987E+20,5.60396E+21,8.68904E+15,5.05872E+16
103409,103410,6,4,33,12,2016,2,1,1,2,4,7,2,1,0,1,0,0,0,0,4.58107E+20,5.53796E+21,8.41554E+15,4.99925E+16
103410,103411,6,4,38,3,2016,2,11,2,3,6,4,0,0,0,1,0,0,0,1,4.75583E+20,5.53567E+21,8.65949E+15,4.99728E+16
103411,103412,6,4,31,16,2016,2,14,6,2,5,2,0,0,0,1,0,1,0,0,4.68764E+20,5.49942E+21,8.56731E+15,4.96465E+16
103412,103413,6,4,39,3,2016,2,22,4,2,1,5,2,0,1,1,0,0,0,0,4.36317E+20,5.54553E+21,8.11032E+15,5.00586E+16
103413,103414,6,5,31,5,2016,2,18,3,3,6,7,2,0,1,0,1,0,0,0,4.76779E+20,5.60364E+21,8.672E+15,5.05842E+16
103414,103415,6,4,38,3,2016,2,14,2,3,3,6,0,0,0,1,0,0,0,0,4.76417E+20,5.53436E+21,8.6712E+15,4.99612E+16
103415,103416,6,6,34,1,2016,2,19,1,3,5,3,2,1,0,1,0,0,0,0,5.197E+20,5.65535E+21,9.28105E+15,5.10494E+16
103416,103417,6,4,39,12,2016,2,14,5,3,5,3,0,0,0,1,0,0,0,0,4.2899E+20,5.5393E+21,8.00913E+15,5.00018E+16
103417,103418,6,4,12,0,2016,2,18,2,3,6,4,1,1,0,1,1,0,0,0,4.76517E+20,5.54862E+21,8.67172E+15,5.00893E+16
103418,103419,6,4,14,0,2016,2,15,4,3,5,3,0,0,0,1,0,0,0,1,4.45787E+20,5.54757E+21,8.24232E+15,5.0078E+16
103419,103420,6,4,32,8,2016,2,13,4,3,1,5,0,1,1,1,0,0,0,0,4.69155E+20,5.52262E+21,8.5709E+15,4.98552E+16
103420,103421,6,4,36,12,2016,2,8,3,2,6,2,0,1,0,0,1,0,0,1,4.66287E+20,5.55358E+21,8.52828E+15,5.01335E+16
103421,103422,6,4,33,12,2016,2,18,2,3,2,6,2,1,0,1,0,0,0,0,4.59032E+20,5.53711E+21,8.42854E+15,4.9985E+16
103422,103423,6,4,38,9,2016,2,18,5,3,5,2,1,0,0,1,0,0,0,0,4.77942E+20,5.54475E+21,8.69186E+15,5.00546E+16
103423,103424,6,6,34,8,2016,2,18,2,3,5,3,2,1,0,1,0,0,0,0,5.32912E+20,5.67234E+21,9.47108E+15,5.12015E+16
103424,103425,6,5,34,12,2016,2,18,7,3,5,3,2,1,0,1,0,0,0,1,4.8204E+20,5.63551E+21,8.74476E+15,5.0871E+16
103425,103426,6,6,35,3,2016,2,19,7,3,4,6,2,1,0,1,0,0,0,0,5.06811E+20,5.66218E+21,9.0973E+15,5.11111E+16
103426,103427,6,5,33,3,2016,2,15,5,3,5,3,0,0,0,1,0,0,0,0,4.47305E+20,5.57291E+21,8.26001E+15,5.0306E+16
103427,103428,6,6,36,3,2016,2,10,7,3,6,2,0,1,0,1,1,0,0,0,5.72639E+20,5.67098E+21,1.00394E+16,5.11856E+16
103428,103429,6,4,37,11,2016,2,14,1,3,5,3,0,0,1,1,0,0,0,0,5.00956E+20,5.50355E+21,9.01326E+15,4.96845E+16
103429,103430,6,5,34,18,2016,2,18,6,3,0,7,1,0,1,0,1,0,0,0,5.01117E+20,5.63045E+21,9.01585E+15,5.08258E+16
103430,103431,6,4,12,0,2016,2,19,4,3,3,2,2,0,1,0,0,0,0,1,4.77082E+20,5.55175E+21,8.67943E+15,5.01175E+16
103431,103432,6,4,13,0,2016,2,9,3,3,5,3,0,1,0,1,0,0,0,1,4.83503E+20,5.55039E+21,8.76931E+15,5.01056E+16
103432,103433,6,4,13,0,2016,2,21,7,3,2,6,2,1,0,1,0,0,0,0,4.83712E+20,5.54809E+21,8.77233E+15,5.00848E+16
103433,103434,6,4,34,1,2016,2,18,5,3,3,7,1,0,0,1,0,0,0,0,4.72556E+20,5.56363E+21,8.61526E+15,5.02242E+16
103434,103435,6,4,38,13,2016,2,16,2,3,6,4,0,1,0,1,1,0,0,0,4.97843E+20,5.54395E+21,8.96987E+15,5.00478E+16
103435,103436,6,4,40,8,2016,2,14,6,3,0,7,0,0,0,0,0,0,0,1,4.82641E+20,5.57398E+21,8.75617E+15,5.03176E+16
103436,103437,6,4,14,0,2016,2,20,7,3,5,3,2,1,0,1,0,0,0,0,4.52413E+20,5.54545E+21,8.33518E+15,5.00594E+16
103437,103438,6,4,12,0,2016,2,0,6,3,0,1,2,0,0,0,0,1,0,0,4.78532E+20,5.55498E+21,8.69953E+15,5.01467E+16
103438,103439,6,4,12,0,2016,2,6,6,3,2,6,1,0,0,1,0,0,1,0,4.75396E+20,5.55062E+21,8.65593E+15,5.01073E+16
103439,103440,6,4,13,0,2016,2,2,7,3,8,1,2,0,0,1,0,0,0,0,4.862E+20,5.55278E+21,8.80693E+15,5.01271E+16
103440,103441,6,6,33,15,2016,2,12,6,3,6,4,0,0,0,1,0,0,0,1,5.44819E+20,5.68154E+21,9.64265E+15,5.12834E+16
103441,103442,6,4,12,0,2016,2,17,7,3,2,6,2,1,0,1,0,0,0,0,4.71347E+20,5.55107E+21,8.59927E+15,5.01112E+16
103442,103443,6,4,13,0,2016,2,14,7,3,5,3,0,0,1,1,0,0,0,0,4.83695E+20,5.55041E+21,8.77199E+15,5.01057E+16
103443,103444,6,4,32,23,2016,2,22,4,3,5,6,2,0,0,1,0,0,0,0,4.72392E+20,5.52758E+21,8.61557E+15,4.98999E+16
103444,103445,6,4,38,9,2016,2,14,2,3,5,3,0,1,0,1,0,0,0,0,4.77295E+20,5.54427E+21,8.68286E+15,5.00503E+16
103445,103446,6,5,35,9,2016,2,12,2,3,1,7,0,1,0,1,0,0,0,0,4.99649E+20,5.61971E+21,8.99503E+15,5.07292E+16
103446,103447,6,4,33,10,2016,2,11,6,3,5,3,0,0,0,1,0,0,1,0,4.62742E+20,5.54254E+21,8.47976E+15,5.0034E+16
103447,103448,6,4,12,0,2016,2,3,7,3,6,4,2,0,0,1,1,0,0,0,4.76465E+20,5.552E+21,8.67079E+15,5.01197E+16
103448,103449,6,4,31,13,2016,2,20,5,3,5,3,2,0,0,1,0,0,0,0,4.61629E+20,5.49448E+21,8.46897E+15,4.96016E+16
103449,103450,6,4,39,2,2016,2,17,3,3,6,4,1,1,0,1,1,0,0,0,4.33507E+20,5.5545E+21,8.06951E+15,5.0139E+16
103450,103451,6,5,34,14,2016,2,9,4,3,4,6,0,0,1,1,0,0,0,0,4.84983E+20,5.62799E+21,8.78689E+15,5.08035E+16
103451,103452,6,4,12,0,2016,2,11,1,3,5,3,0,1,0,1,0,0,0,1,4.78462E+20,5.55159E+21,8.69874E+15,5.01162E+16
103452,103453,6,5,32,11,2016,2,11,7,3,3,7,0,0,0,1,0,0,0,0,4.45622E+20,5.62636E+21,8.22858E+15,5.07864E+16
103453,103454,6,5,31,5,2016,2,8,4,3,5,3,0,0,0,1,0,0,0,0,4.75178E+20,5.60375E+21,8.64937E+15,5.05851E+16
103454,103455,6,4,12,0,2016,2,11,5,3,5,2,0,0,0,1,0,0,0,0,4.71246E+20,5.548E+21,8.59808E+15,5.00835E+16
103455,103456,6,4,12,0,2016,2,13,7,3,3,6,0,1,0,1,0,0,0,0,4.77403E+20,5.55126E+21,8.68395E+15,5.01132E+16
103456,103457,6,4,31,13,2016,2,9,7,3,5,3,0,0,1,1,0,0,0,0,4.61578E+20,5.49463E+21,8.46825E+15,4.9603E+16
103457,103458,6,5,31,18,2016,2,13,4,3,0,7,0,0,0,1,1,0,0,0,4.75486E+20,5.60848E+21,8.65341E+15,5.06277E+16
103458,103459,6,4,35,2,2016,2,7,4,3,1,7,1,0,1,0,0,0,0,1,5.26072E+20,5.56899E+21,9.36587E+15,5.02725E+16
103459,103460,6,5,32,23,2016,2,16,3,3,2,6,0,1,0,1,0,0,0,1,4.66568E+20,5.59946E+21,8.52814E+15,5.05462E+16
103460,103461,6,4,40,5,2016,2,9,2,3,5,3,0,0,0,1,0,0,0,0,4.77891E+20,5.587E+21,8.68869E+15,5.04346E+16
103461,103462,6,4,34,1,2016,2,11,5,2,0,7,0,0,0,0,0,0,0,1,4.72554E+20,5.56427E+21,8.61519E+15,5.023E+16
103462,103463,6,4,11,0,2016,2,10,1,2,0,1,0,1,0,0,0,1,0,0,4.754E+20,5.52872E+21,8.65738E+15,4.99104E+16
103463,103464,6,4,36,8,2016,2,15,7,3,5,3,0,1,0,1,0,1,0,0,4.60833E+20,5.55497E+21,8.45182E+15,5.01456E+16
103464,103465,6,4,12,0,2016,2,19,7,3,6,7,2,1,0,1,1,0,0,0,4.75847E+20,5.5507E+21,8.66222E+15,5.01081E+16
103465,103466,6,4,31,16,2016,3,17,5,3,5,3,0,0,1,1,0,0,0,0,4.68398E+20,5.50092E+21,8.56213E+15,4.966E+16
103466,103467,6,4,12,0,2016,3,17,4,3,3,2,0,0,1,1,0,0,0,0,4.76061E+20,5.55105E+21,8.66519E+15,5.01112E+16
103467,103468,6,5,31,7,2016,3,18,7,2,5,1,2,0,1,1,0,0,0,0,4.74021E+20,5.60402E+21,8.63301E+15,5.05876E+16
103468,103469,6,4,40,5,2016,3,13,3,3,0,3,0,1,1,0,0,0,0,1,4.75697E+20,5.58771E+21,8.65774E+15,5.04409E+16