FID,OBJECTID,ULAND,UREGBEZ,UKREIS,UGEMEINDE,UJAHR,UMONAT,USTUNDE,UWOCHENTAG,UKATEGORIE,UART,UTYP1,ULICHTVERH,IstStrasse,IstRad,IstPKW,IstFuss,IstKrad,IstGkfz,IstSonstig,LINREFX,LINREFY,XGCSWGS84,YGCSWGS84
103469,103470,6,4,14,0,2016,3,9,1,3,2,6,0,0,0,1,0,0,0,0,4.42479E+20,5.54659E+21,8.19623E+15,5.00688E+16
103470,103471,6,4,14,0,2016,3,17,6,3,6,4,0,0,0,1,1,0,0,0,4.44875E+20,5.54702E+21,8.22965E+15,5.00729E+16
103471,103472,6,4,12,0,2016,3,14,5,2,6,4,0,0,0,0,1,1,0,0,4.77936E+20,5.55231E+21,8.69134E+15,5.01226E+16
103472,103473,6,4,40,2,2016,3,11,3,2,8,1,0,0,0,1,0,0,0,0,4.81312E+20,5.57897E+21,8.73726E+15,5.03625E+16
103473,103474,6,4,12,0,2016,3,20,4,3,5,3,2,0,1,1,0,0,0,0,4.77983E+20,5.55272E+21,8.69198E+15,5.01263E+16
103474,103475,6,6,35,4,2016,3,18,4,2,5,2,0,0,0,1,0,1,0,0,4.72088E+20,5.65307E+21,8.60198E+15,5.10285E+16
103475,103476,6,6,11,0,2016,3,11,3,3,1,7,0,0,0,1,0,0,0,0,5.37213E+20,5.68434E+21,9.53389E+15,5.13092E+16
103476,103477,6,4,32,21,2016,3,8,6,3,5,3,0,0,0,1,0,0,0,0,5.01992E+20,5.52643E+21,9.02773E+15,4.98903E+16
103477,103478,6,6,11,0,2016,3,10,6,3,5,3,0,0,0,1,0,0,0,1,5.34689E+20,5.68525E+21,9.49777E+15,5.13175E+16
103478,103479,6,4,38,1,2016,3,17,6,3,5,3,0,0,0,1,0,1,0,0,4.8399E+20,5.53987E+21,8.77656E+15,5.00109E+16
103479,103480,6,4,40,2,2016,3,7,2,3,2,6,0,0,0,1,0,0,0,0,4.816E+20,5.57845E+21,8.74133E+15,5.03578E+16
103480,103481,6,4,12,0,2016,3,14,4,3,5,2,0,0,1,1,0,0,0,0,4.75995E+20,5.55397E+21,8.66409E+15,5.01375E+16
103481,103482,6,4,33,12,2016,3,9,3,3,5,3,0,0,0,1,0,0,0,0,4.5885E+20,5.53652E+21,8.42606E+15,4.99796E+16
103482,103483,6,4,12,0,2016,3,19,7,3,5,2,2,0,0,1,0,0,0,0,4.69617E+20,5.55035E+21,8.57514E+15,5.01046E+16
103483,103484,6,4,12,0,2016,3,18,2,2,6,7,1,0,0,1,1,0,0,0,4.74837E+20,5.55267E+21,8.64797E+15,5.01257E+16
103484,103485,6,4,34,8,2016,3,11,1,3,1,7,0,0,0,1,0,0,0,0,4.71041E+20,5.56099E+21,8.59424E+15,5.02004E+16
103485,103486,6,4,12,0,2016,3,15,6,3,5,7,0,0,0,1,0,1,0,0,4.7658E+20,5.55127E+21,8.67244E+15,5.01133E+16
103486,103487,6,4,12,0,2016,3,15,5,2,6,6,0,0,1,0,1,0,0,0,4.76883E+20,5.5511E+21,8.67669E+15,5.01117E+16
103487,103488,6,4,33,12,2016,3,7,3,3,5,3,0,0,0,1,0,0,0,0,4.60254E+20,5.53525E+21,8.44577E+15,4.99683E+16
103488,103489,6,4,11,0,2016,3,18,4,3,2,6,2,0,0,1,0,0,0,0,4.75013E+20,5.52604E+21,8.65216E+15,4.98863E+16
103489,103490,6,4,12,0,2016,3,5,6,3,6,4,2,2,0,1,1,0,0,0,4.78135E+20,5.55473E+21,8.69399E+15,5.01444E+16
103490,103491,6,6,36,1,2016,3,14,3,3,5,2,0,0,1,0,0,0,0,0,5.67416E+20,5.67973E+21,9.96628E+15,5.12649E+16
103491,103492,6,4,36,3,2016,3,20,3,2,8,1,2,0,1,0,0,0,0,0,4.6727E+20,5.55564E+21,8.54186E+15,5.01521E+16
103492,103493,6,5,31,5,2016,3,8,6,3,5,3,0,0,1,0,0,0,0,1,4.77503E+20,5.60238E+21,8.6823E+15,5.05729E+16
103493,103494,6,4,12,0,2016,3,11,4,3,5,3,0,0,0,1,0,0,0,0,4.76958E+20,5.5504E+21,8.67779E+15,5.01054E+16
103494,103495,6,5,31,5,2016,3,19,3,3,5,3,1,0,0,1,0,0,0,0,4.75157E+20,5.60354E+21,8.64909E+15,5.05832E+16
103495,103496,6,4,12,0,2016,3,13,5,3,5,3,0,0,1,1,0,0,0,0,4.78173E+20,5.55296E+21,8.69463E+15,5.01284E+16
103496,103497,6,4,38,1,2016,3,15,4,3,0,3,0,0,0,0,0,1,0,1,4.84186E+20,5.53974E+21,8.77929E+15,5.00098E+16
103497,103498,6,4,12,0,2016,3,14,6,3,6,4,0,0,0,1,1,0,0,0,4.70597E+20,5.54828E+21,8.58899E+15,5.0086E+16
103498,103499,6,4,36,5,2016,3,20,3,3,5,3,2,1,0,1,0,0,0,0,4.63837E+20,5.54488E+21,8.49483E+15,5.00551E+16
103499,103500,6,6,31,9,2016,3,10,4,3,0,1,0,1,0,0,0,1,0,0,5.45698E+20,5.59949E+21,9.64497E+15,5.05455E+16
103500,103501,6,4,12,0,2016,3,18,6,3,3,7,2,1,0,1,0,0,0,0,4.7714E+20,5.54922E+21,8.6804E+15,5.00948E+16
103501,103502,6,6,35,17,2016,3,13,6,3,8,1,0,0,0,1,0,0,0,0,4.91986E+20,5.64844E+21,8.88582E+15,5.09875E+16
103502,103503,6,4,12,0,2016,3,7,3,3,0,2,0,0,1,1,0,0,0,0,4.77454E+20,5.55396E+21,8.6845E+15,5.01374E+16
103503,103504,6,6,33,15,2016,3,16,5,3,5,3,0,0,0,1,0,1,0,0,5.44038E+20,5.68102E+21,9.63139E+15,5.12788E+16
103504,103505,6,4,12,0,2016,3,11,4,3,0,1,0,0,0,0,0,1,0,0,4.83461E+20,5.55215E+21,8.76864E+15,5.01213E+16
103505,103506,6,5,31,5,2016,3,15,2,3,5,3,0,1,0,1,0,0,0,0,4.78777E+20,5.60615E+21,8.70007E+15,5.06069E+16
103506,103507,6,6,35,11,2016,3,9,5,3,5,3,0,0,0,1,0,0,0,0,4.82687E+20,5.6551E+21,8.75303E+15,5.10471E+16
103507,103508,6,4,35,14,2016,3,14,4,3,2,6,0,0,0,1,0,0,0,0,4.94189E+20,5.55466E+21,8.91868E+15,5.01441E+16
103508,103509,6,4,12,0,2016,3,13,6,2,5,3,0,0,0,1,0,1,0,0,4.7658E+20,5.55127E+21,8.67243E+15,5.01133E+16
103509,103510,6,4,37,6,2016,3,15,3,3,3,6,0,1,0,1,0,0,0,0,4.99723E+20,5.50107E+21,8.99616E+15,4.96622E+16
103510,103511,6,5,31,2,2016,3,15,1,3,1,7,0,0,1,1,0,0,0,0,4.72423E+20,5.6071E+21,8.61021E+15,5.06151E+16
103511,103512,6,5,34,16,2016,3,20,7,3,5,3,2,0,0,1,0,0,0,0,5.08106E+20,5.63296E+21,9.11515E+15,5.08483E+16
103512,103513,6,6,33,3,2016,3,0,7,3,5,2,2,0,0,1,0,0,0,0,5.27183E+20,5.67748E+21,9.38948E+15,5.12481E+16
103513,103514,6,4,14,0,2016,3,8,2,3,6,2,0,1,0,1,1,0,0,0,4.47179E+20,5.54548E+21,8.26205E+15,5.00593E+16
103514,103515,6,5,32,23,2016,3,12,4,3,5,2,0,1,0,1,0,0,0,0,4.63375E+20,5.60101E+21,8.48293E+15,5.05598E+16
103515,103516,6,4,14,0,2016,3,20,4,3,2,7,2,0,0,1,0,0,0,0,4.4597E+20,5.54303E+21,8.24551E+15,5.00371E+16
103516,103517,6,4,11,0,2016,3,19,5,3,2,6,2,0,0,1,0,0,0,1,4.73585E+20,5.51787E+21,8.63285E+15,4.98127E+16
103517,103518,6,5,31,5,2016,3,18,4,3,5,3,2,0,0,1,0,0,0,1,4.75853E+20,5.60219E+21,8.65901E+15,5.05712E+16
103518,103519,6,4,37,6,2016,3,21,6,3,6,2,2,1,0,1,1,0,0,0,4.99531E+20,5.50055E+21,8.99351E+15,4.96575E+16
103519,103520,6,4,32,15,2016,3,7,3,3,5,3,0,0,1,1,0,0,0,0,4.90134E+20,5.5301E+21,8.86255E+15,4.99232E+16
103520,103521,6,4,12,0,2016,3,16,1,3,2,6,0,0,0,1,0,0,0,0,4.70727E+20,5.55082E+21,8.59062E+15,5.01089E+16
103521,103522,6,4,12,0,2016,3,6,6,3,1,5,1,0,1,0,0,0,0,1,4.67919E+20,5.55108E+21,8.55133E+15,5.01111E+16
103522,103523,6,4,12,0,2016,3,13,5,3,2,6,0,0,0,1,0,0,0,0,4.78213E+20,5.55154E+21,8.69526E+15,5.01157E+16
103523,103524,6,4,12,0,2016,3,12,2,3,5,3,0,1,1,0,0,1,0,0,4.76168E+20,5.54974E+21,8.66677E+15,5.00994E+16
103524,103525,6,5,31,5,2016,3,16,4,2,6,4,0,0,0,1,1,0,0,0,4.74988E+20,5.60065E+21,8.6469E+15,5.05573E+16
103525,103526,6,4,11,0,2016,3,8,6,3,5,2,0,0,1,1,0,0,0,0,4.75233E+20,5.52371E+21,8.65537E+15,4.98653E+16
103526,103527,6,4,38,2,2016,3,13,4,3,5,3,0,0,1,1,0,0,0,0,4.7892E+20,5.53903E+21,8.70584E+15,5.00032E+16
103527,103528,6,4,12,0,2016,3,17,3,2,5,3,0,0,1,1,0,0,0,0,4.76631E+20,5.55062E+21,8.6732E+15,5.01073E+16
103528,103529,6,4,33,10,2016,3,11,6,3,6,4,0,0,0,1,1,0,0,0,4.60641E+20,5.54037E+21,8.45064E+15,5.00144E+16
103529,103530,6,4,11,0,2016,3,7,5,3,4,6,0,0,0,1,0,0,0,0,4.75826E+20,5.53136E+21,8.66315E+15,4.99341E+16
103530,103531,6,4,12,0,2016,3,9,2,3,5,3,0,0,1,1,0,0,0,0,4.77256E+20,5.5526E+21,8.68181E+15,5.01252E+16
103531,103532,6,4,33,10,2016,3,6,4,3,8,1,2,1,0,1,0,0,1,0,4.64093E+20,5.54186E+21,8.49868E+15,5.00279E+16
103532,103533,6,4,11,0,2016,3,10,4,3,0,3,0,0,0,1,0,0,0,1,4.7478E+20,5.52452E+21,8.64902E+15,4.98726E+16
103533,103534,6,4,12,0,2016,3,12,3,3,5,3,0,0,1,1,0,0,0,0,4.76778E+20,5.55122E+21,8.67522E+15,5.01128E+16
103534,103535,6,4,33,7,2016,3,16,6,3,5,3,0,0,0,1,0,0,0,0,4.66375E+20,5.54577E+21,8.5302E+15,5.00632E+16
103535,103536,6,4,38,13,2016,3,12,6,3,1,5,0,0,0,1,0,0,0,0,4.97163E+20,5.54286E+21,8.96038E+15,5.0038E+16
103536,103537,6,4,34,6,2016,3,17,6,3,5,3,0,0,0,1,0,0,0,0,4.67107E+20,5.55933E+21,8.53926E+15,5.01852E+16
103537,103538,6,6,35,3,2016,3,12,2,3,2,6,0,0,0,1,0,0,0,1,5.07292E+20,5.66227E+21,9.10418E+15,5.11118E+16
103538,103539,6,4,12,0,2016,3,8,4,3,2,6,0,0,0,1,0,0,0,0,4.77492E+20,5.55197E+21,8.68516E+15,5.01195E+16
103539,103540,6,6,31,9,2016,3,17,1,3,8,1,0,0,0,1,0,0,0,0,5.44848E+20,5.60034E+21,9.63307E+15,5.05533E+16
103540,103541,6,6,34,21,2016,3,7,6,3,3,6,0,0,0,1,0,0,0,1,5.20198E+20,5.63175E+21,9.28684E+15,5.08371E+16
103541,103542,6,4,38,2,2016,3,8,5,3,5,2,0,0,1,1,0,0,0,0,4.78482E+20,5.54133E+21,8.6996E+15,5.00239E+16
103542,103543,6,4,32,23,2016,3,18,2,3,5,3,2,1,0,1,0,0,0,0,4.72027E+20,5.52765E+21,8.61048E+15,4.99005E+16
103543,103544,6,4,14,0,2016,3,13,3,3,6,6,0,0,0,1,1,0,0,0,4.45757E+20,5.54828E+21,8.2418E+15,5.00843E+16
103544,103545,6,4,38,9,2016,3,19,6,3,6,4,2,1,0,1,1,0,0,0,4.77005E+20,5.54401E+21,8.67882E+15,5.00479E+16
103545,103546,6,6,11,0,2016,3,12,3,2,5,3,0,0,0,1,0,0,0,0,5.32231E+20,5.68519E+21,9.46249E+15,5.13171E+16
103546,103547,6,4,38,6,2016,3,18,6,3,6,4,0,0,0,0,1,1,0,0,4.76286E+20,5.53758E+21,8.66917E+15,4.99901E+16
103547,103548,6,4,11,0,2016,3,7,3,3,3,2,0,2,1,1,0,0,0,0,4.74043E+20,5.52571E+21,8.63869E+15,4.98832E+16
103548,103549,6,4,35,14,2016,3,7,6,3,5,3,0,0,0,1,0,1,0,0,4.93887E+20,5.55114E+21,8.9145E+15,5.01124E+16
103549,103550,6,4,11,0,2016,3,16,4,3,6,4,0,0,0,1,1,0,0,0,4.76453E+20,5.52598E+21,8.67222E+15,4.98857E+16
103550,103551,6,4,11,0,2016,3,17,2,3,0,7,0,0,1,0,1,0,0,0,4.74963E+20,5.52425E+21,8.65158E+15,4.98702E+16
103551,103552,6,4,38,2,2016,3,7,6,3,3,6,0,0,1,1,0,0,0,0,4.78303E+20,5.53913E+21,8.69723E+15,5.00041E+16
103552,103553,6,4,32,2,2016,3,17,6,3,1,5,0,0,0,1,0,0,0,1,4.96716E+20,5.53443E+21,8.95421E+15,4.99622E+16
103553,103554,6,5,35,1,2016,3,19,2,2,0,1,2,0,1,0,0,0,0,0,5.19533E+20,5.62307E+21,9.27694E+15,5.07591E+16
103554,103555,6,4,12,0,2016,3,15,4,3,0,3,0,0,0,1,0,0,0,1,4.67495E+20,5.5501E+21,8.54548E+15,5.01022E+16
103555,103556,6,6,34,22,2016,3,12,2,3,5,3,0,0,1,1,0,0,0,0,5.16373E+20,5.63935E+21,9.23286E+15,5.09056E+16
103556,103557,6,4,14,0,2016,3,8,5,3,2,6,0,0,0,1,0,0,0,0,4.48493E+20,5.53991E+21,8.28116E+15,5.00093E+16
103557,103558,6,6,35,3,2016,3,14,2,3,2,6,0,0,0,1,0,0,0,0,5.09293E+20,5.66331E+21,9.13278E+15,5.11212E+16
103558,103559,6,4,13,0,2016,3,13,3,3,2,6,0,0,0,1,0,0,0,0,4.83453E+20,5.5503E+21,8.76861E+15,5.01047E+16
103559,103560,6,4,38,11,2016,3,22,6,3,1,1,2,1,0,1,0,0,0,0,4.9228E+20,5.54028E+21,8.89225E+15,5.00148E+16
103560,103561,6,6,11,0,2016,3,15,4,3,6,4,0,0,0,1,1,0,0,0,5.3437E+20,5.68762E+21,9.49341E+15,5.13388E+16
103561,103562,6,4,39,7,2016,3,17,2,3,5,3,0,1,0,1,0,0,0,0,4.45392E+20,5.56835E+21,8.23381E+15,5.02648E+16
103562,103563,6,5,33,17,2016,3,16,5,3,6,4,0,0,0,1,1,0,0,0,4.46631E+20,5.59445E+21,8.24749E+15,5.04996E+16
103563,103564,6,4,12,0,2016,3,19,3,2,6,4,2,1,1,0,1,0,0,0,4.66232E+20,5.55115E+21,8.52772E+15,5.01116E+16
103564,103565,6,4,11,0,2016,3,5,5,3,2,6,2,0,0,0,0,1,0,1,4.72701E+20,5.52908E+21,8.61977E+15,4.99134E+16
103565,103566,6,4,12,0,2016,3,7,3,3,6,4,0,0,1,0,1,0,0,0,4.79226E+20,5.55303E+21,8.70935E+15,5.01291E+16
103566,103567,6,4,35,29,2016,3,18,6,3,5,3,2,1,0,1,0,0,0,0,5.22745E+20,5.56806E+21,9.31913E+15,5.02643E+16
103567,103568,6,4,33,8,2016,3,15,2,3,2,6,0,0,0,1,0,0,0,0,4.68103E+20,5.53668E+21,8.5551E+15,4.99816E+16
103568,103569,6,4,38,4,2016,3,10,7,3,6,4,0,0,0,1,1,0,0,0,4.97452E+20,5.54677E+21,8.96439E+15,5.00732E+16
103569,103570,6,4,40,3,2016,3,7,5,3,5,2,0,0,1,1,0,0,0,0,4.81267E+20,5.55925E+21,8.7376E+15,5.01851E+16
103570,103571,6,4,38,4,2016,3,16,2,3,5,3,0,0,0,1,0,1,0,0,4.96008E+20,5.54713E+21,8.94421E+15,5.00764E+16
103571,103572,6,4,12,0,2016,3,16,3,3,0,5,0,0,1,1,0,0,0,0,4.76177E+20,5.55067E+21,8.66684E+15,5.01078E+16
103572,103573,6,4,12,0,2016,3,14,4,3,5,2,0,0,0,1,0,0,0,1,4.73337E+20,5.55131E+21,8.62708E+15,5.01135E+16
103573,103574,6,6,31,15,2016,3,11,5,3,3,2,0,0,1,1,0,0,0,0,5.53957E+20,5.61426E+21,9.76368E+15,5.06777E+16
103574,103575,6,4,11,0,2016,3,16,3,3,4,6,0,0,0,1,0,1,0,1,4.7496E+20,5.52247E+21,8.65166E+15,4.98541E+16
103575,103576,6,4,35,7,2016,3,13,5,3,5,3,0,0,0,1,0,0,0,0,4.98292E+20,5.55613E+21,8.9761E+15,5.01574E+16
103576,103577,6,4,37,6,2016,3,8,3,3,5,2,0,0,0,1,0,0,0,0,4.99934E+20,5.50179E+21,8.99909E+15,4.96686E+16
103577,103578,6,4,31,20,2016,3,11,6,3,1,5,0,0,0,1,0,0,0,0,4.69092E+20,5.48845E+21,8.57272E+15,4.95479E+16
103578,103579,6,4,12,0,2016,3,9,2,3,2,6,0,0,0,0,0,0,0,1,4.77653E+20,5.55932E+21,8.68698E+15,5.01856E+16
103579,103580,6,4,31,5,2016,3,7,6,3,1,2,0,0,0,1,0,0,0,1,4.61312E+20,5.49936E+21,8.4641E+15,4.96455E+16
103580,103581,6,4,34,7,2016,3,9,3,3,5,3,0,0,0,1,0,0,0,0,4.65394E+20,5.57283E+21,8.51403E+15,5.03066E+16
103581,103582,6,4,14,0,2016,3,9,1,3,5,3,0,0,0,1,0,0,0,0,4.42604E+20,5.54666E+21,8.19797E+15,5.00694E+16
103582,103583,6,6,11,0,2016,3,15,6,3,2,6,0,0,0,1,0,0,0,0,5.37372E+20,5.68255E+21,9.53598E+15,5.1293E+16
103583,103584,6,4,40,12,2016,3,8,5,3,5,3,0,0,0,1,0,0,0,0,4.82979E+20,5.56484E+21,8.76133E+15,5.02355E+16
103584,103585,6,4,38,11,2016,3,16,2,3,5,2,0,0,0,1,0,0,1,0,4.90443E+20,5.53721E+21,8.86669E+15,4.99872E+16
103585,103586,6,6,36,4,2016,3,10,3,3,0,1,0,0,0,0,0,1,0,0,5.53807E+20,5.67606E+21,9.77069E+15,5.12334E+16
103586,103587,6,6,34,5,2016,3,15,4,3,0,7,0,0,0,1,1,0,0,0,5.19186E+20,5.66489E+21,9.27422E+15,5.11351E+16
103587,103588,6,4,11,0,2016,3,10,3,3,0,1,0,1,0,1,0,1,0,0,4.7452E+20,5.52294E+21,8.64551E+15,4.98583E+16
103588,103589,6,6,11,0,2016,3,18,5,3,5,3,2,0,1,1,0,0,0,0,5.37678E+20,5.68241E+21,9.54036E+15,5.12917E+16
103589,103590,6,4,35,14,2016,3,15,6,3,5,3,0,1,0,1,0,0,0,0,4.95097E+20,5.55276E+21,8.9314E+15,5.01271E+16
103590,103591,6,5,32,6,2016,3,14,6,3,3,6,0,0,0,1,0,0,0,0,4.49842E+20,5.62042E+21,8.28926E+15,5.07334E+16
103591,103592,6,4,38,12,2016,3,17,2,3,5,3,0,0,0,1,0,0,0,0,4.88387E+20,5.53534E+21,8.83806E+15,4.99703E+16
103592,103593,6,4,13,0,2016,3,13,7,3,2,6,0,0,0,1,0,0,0,0,4.81387E+20,5.55043E+21,8.73971E+15,5.01058E+16
103593,103594,6,4,36,4,2016,3,23,2,3,5,2,2,1,0,1,0,0,0,0,4.59419E+20,5.54482E+21,8.43311E+15,5.00543E+16
103594,103595,6,4,38,2,2016,3,8,3,3,2,6,0,0,0,1,0,0,1,0,4.78737E+20,5.54258E+21,8.70309E+15,5.00351E+16
103595,103596,6,5,31,8,2016,3,12,6,2,4,2,0,0,1,1,0,0,0,0,4.92266E+20,5.59164E+21,8.89101E+15,5.04767E+16
103596,103597,6,4,38,11,2016,3,13,1,3,5,2,0,0,0,1,0,0,0,0,4.90681E+20,5.54278E+21,8.86987E+15,5.00372E+16
103597,103598,6,4,12,0,2016,3,16,6,3,6,2,0,0,0,0,1,1,0,0,4.77534E+20,5.55116E+21,8.68579E+15,5.01123E+16
103598,103599,6,5,32,6,2016,3,14,5,3,5,3,0,0,0,1,0,0,0,0,4.502E+20,5.62024E+21,8.29435E+15,5.07318E+16
103599,103600,6,4,38,12,2016,3,8,2,3,0,2,0,0,0,1,1,0,0,0,4.87522E+20,5.5364E+21,8.82596E+15,4.99798E+16
103600,103601,6,4,38,2,2016,3,19,3,3,6,4,2,1,0,1,1,0,0,0,4.79503E+20,5.53891E+21,8.71399E+15,5.00022E+16
103601,103602,6,5,31,18,2016,3,15,5,2,5,3,0,0,0,1,0,0,0,1,4.77412E+20,5.60958E+21,8.68057E+15,5.06377E+16
103602,103603,6,4,40,5,2016,3,18,4,3,5,3,0,0,0,1,0,0,0,0,4.76402E+20,5.58648E+21,8.66776E+15,5.04299E+16
103603,103604,6,4,11,0,2016,3,8,3,3,6,4,0,1,0,1,1,0,0,0,4.73514E+20,5.52383E+21,8.63146E+15,4.98663E+16
103604,103605,6,5,33,9,2016,3,10,5,3,2,6,0,0,0,1,0,0,0,0,4.33074E+20,5.58198E+21,8.05859E+15,5.03861E+16
103605,103606,6,4,12,0,2016,3,10,6,3,8,1,0,0,0,1,0,0,0,0,4.82541E+20,5.55343E+21,8.75571E+15,5.01329E+16
103606,103607,6,6,33,28,2016,3,11,4,3,6,4,0,0,0,1,1,0,0,0,5.12486E+20,5.68572E+21,9.17918E+15,5.13227E+16
103607,103608,6,4,40,8,2016,3,16,2,3,6,4,0,0,0,1,1,0,0,0,4.82626E+20,5.57602E+21,8.75587E+15,5.03361E+16
103608,103609,6,4,12,0,2016,3,17,5,3,5,3,0,0,0,1,0,0,0,0,4.65401E+20,5.54761E+21,8.51642E+15,5.00798E+16
103609,103610,6,4,31,16,2016,3,14,3,3,6,6,0,1,0,1,1,0,0,0,4.68782E+20,5.50107E+21,8.56743E+15,4.96614E+16
103610,103611,6,4,14,0,2016,3,19,5,3,4,6,2,1,0,1,0,0,0,0,4.44101E+20,5.5479E+21,8.21871E+15,5.00808E+16
103611,103612,6,4,11,0,2016,3,16,3,3,6,4,0,0,1,0,1,0,0,0,4.75339E+20,5.52509E+21,8.65676E+15,4.98777E+16
103612,103613,6,6,35,15,2016,3,14,5,3,3,5,0,0,0,1,0,1,0,0,4.91376E+20,5.68113E+21,8.87635E+15,5.12815E+16
103613,103614,6,4,38,2,2016,3,17,4,3,1,5,0,0,0,1,0,1,0,0,4.77998E+20,5.54135E+21,8.69285E+15,5.00241E+16
103614,103615,6,4,31,20,2016,3,11,2,3,5,3,0,0,0,1,0,0,0,0,4.68722E+20,5.48603E+21,8.5678E+15,4.95261E+16
103615,103616,6,6,33,3,2016,3,13,5,3,1,7,0,0,0,1,0,0,0,0,5.28584E+20,5.67783E+21,9.40957E+15,5.12511E+16
103616,103617,6,4,31,21,2016,3,10,3,2,0,1,0,0,1,0,0,0,0,1,4.87721E+20,5.49062E+21,8.83019E+15,4.95681E+16
103617,103618,6,4,13,0,2016,3,15,5,3,5,2,0,1,0,1,0,0,0,0,4.81598E+20,5.55073E+21,8.74265E+15,5.01085E+16
103618,103619,6,4,12,0,2016,3,11,3,3,5,3,0,1,0,1,0,0,0,0,4.73993E+20,5.55176E+21,8.63622E+15,5.01175E+16
103619,103620,6,4,36,8,2016,3,7,2,3,5,2,0,0,0,0,0,0,0,1,4.60724E+20,5.55436E+21,8.45036E+15,5.01401E+16
103620,103621,6,4,31,4,2016,3,11,7,3,8,1,0,0,0,1,0,0,0,0,4.80194E+20,5.49084E+21,8.72607E+15,4.95699E+16
103621,103622,6,4,32,17,2016,3,15,5,3,8,1,0,0,0,1,0,0,0,0,4.92113E+20,5.51744E+21,8.89038E+15,4.98093E+16
103622,103623,6,4,31,13,2016,3,9,2,3,3,2,0,0,1,1,0,0,0,0,4.61633E+20,5.49446E+21,8.46903E+15,4.96015E+16
103623,103624,6,4,33,12,2016,3,14,3,3,3,7,0,0,0,1,0,0,1,0,4.59541E+20,5.53669E+21,8.43568E+15,4.99812E+16
103624,103625,6,4,12,0,2016,3,10,4,3,2,6,0,0,0,1,0,0,0,0,4.76106E+20,5.54968E+21,8.66591E+15,5.00989E+16
103625,103626,6,4,12,0,2016,3,12,7,2,1,5,0,0,1,1,0,0,0,0,4.73971E+20,5.55018E+21,8.63602E+15,5.01033E+16
103626,103627,6,5,32,23,2016,3,19,2,3,5,2,2,1,0,1,0,0,0,0,4.66376E+20,5.5987E+21,8.52549E+15,5.05392E+16
103627,103628,6,5,31,5,2016,3,15,4,3,0,3,0,0,0,1,0,1,0,0,4.7618E+20,5.60437E+21,8.66349E+15,5.05907E+16
103628,103629,6,4,31,7,2016,3,18,5,3,5,2,1,0,1,1,0,0,0,0,4.84278E+20,5.49981E+21,8.78219E+15,4.96506E+16
103629,103630,6,4,33,12,2016,3,12,3,3,5,2,0,0,0,1,0,0,0,0,4.58173E+20,5.53798E+21,8.41646E+15,4.99927E+16
103630,103631,6,4,36,3,2016,3,19,5,3,2,6,2,1,0,1,0,0,0,0,4.6922E+20,5.55353E+21,8.56932E+15,5.01332E+16
103631,103632,6,4,38,12,2016,3,15,3,3,5,2,0,0,0,1,0,0,0,0,4.8805E+20,5.53488E+21,8.83337E+15,4.99661E+16
103632,103633,6,4,36,11,2016,3,19,1,3,9,1,2,0,0,1,0,0,0,0,4.65842E+20,5.55604E+21,8.52183E+15,5.01556E+16
103633,103634,6,4,14,0,2016,3,5,6,3,4,6,1,0,1,1,0,0,0,0,4.46325E+20,5.54759E+21,8.24983E+15,5.00781E+16
103634,103635,6,4,32,11,2016,3,14,5,3,6,7,0,0,0,1,1,0,0,0,4.87121E+20,5.52479E+21,8.82076E+15,4.98754E+16
103635,103636,6,5,31,5,2016,3,10,2,2,5,3,0,0,1,1,0,0,0,0,4.7677E+20,5.60227E+21,8.67195E+15,5.05719E+16
103636,103637,6,4,14,0,2016,2,9,2,3,2,6,0,0,0,1,0,0,0,0,4.5038E+20,5.54503E+21,8.30683E+15,5.00555E+16
103637,103638,6,4,35,14,2016,3,20,5,3,5,3,2,0,0,1,0,1,0,0,4.9416E+20,5.55383E+21,8.91827E+15,5.01367E+16
103638,103639,6,4,39,15,2016,3,18,4,2,8,1,0,0,0,1,0,0,0,0,4.39691E+20,5.55557E+21,8.15586E+15,5.01493E+16
103639,103640,6,6,36,16,2016,3,21,3,3,0,1,2,0,0,0,0,1,0,0,5.59751E+20,5.68843E+21,9.85788E+15,5.1344E+16
103640,103641,6,6,11,0,2016,3,8,5,2,6,4,0,0,0,1,1,0,0,0,5.3587E+20,5.68583E+21,9.51476E+15,5.13226E+16
103641,103642,6,6,34,27,2016,3,21,5,3,8,1,2,1,0,1,0,0,0,0,5.11487E+20,5.65954E+21,9.164E+15,5.10873E+16
103642,103643,6,4,38,1,2016,3,12,6,3,5,3,0,0,1,1,0,0,0,0,4.84724E+20,5.54062E+21,8.78676E+15,5.00177E+16
103643,103644,6,4,35,28,2016,3,9,3,1,3,3,0,0,0,1,0,1,0,0,5.32956E+20,5.57357E+21,9.46287E+15,5.03133E+16
103644,103645,6,4,13,0,2016,3,19,5,2,1,5,2,0,0,1,0,1,0,0,4.83478E+20,5.54949E+21,8.76899E+15,5.00975E+16
103645,103646,6,6,11,0,2016,3,15,5,3,1,5,0,0,1,1,0,0,0,0,5.30359E+20,5.68423E+21,9.43555E+15,5.13085E+16
103646,103647,6,4,11,0,2016,3,17,2,3,1,5,0,0,1,1,0,0,0,0,4.75299E+20,5.52539E+21,8.65619E+15,4.98804E+16
103647,103648,6,4,38,9,2016,3,12,4,3,2,6,0,0,0,1,0,0,0,0,4.76819E+20,5.54458E+21,8.67619E+15,5.00531E+16