FID,OBJECTID,ULAND,UREGBEZ,UKREIS,UGEMEINDE,UJAHR,UMONAT,USTUNDE,UWOCHENTAG,UKATEGORIE,UART,UTYP1,ULICHTVERH,IstStrasse,IstRad,IstPKW,IstFuss,IstKrad,IstGkfz,IstSonstig,LINREFX,LINREFY,XGCSWGS84,YGCSWGS84
103648,103649,6,5,34,14,2016,3,14,1,2,5,3,0,0,0,1,0,1,0,0,4.8256E+20,5.63145E+21,8.75234E+15,5.08345E+16
103649,103650,6,4,11,0,2016,3,12,6,2,3,6,0,0,1,1,0,0,0,0,4.73899E+20,5.52589E+21,8.63666E+15,4.98848E+16
103650,103651,6,4,32,8,2016,3,7,5,3,6,4,0,0,0,1,1,0,0,0,4.69772E+20,5.52347E+21,8.57941E+15,4.98629E+16
103651,103652,6,4,36,3,2016,3,16,2,3,5,3,0,1,1,0,0,0,0,1,4.69472E+20,5.55486E+21,8.57274E+15,5.01452E+16
103652,103653,6,4,13,0,2016,2,9,2,3,5,2,0,0,1,1,0,0,0,0,4.82374E+20,5.55047E+21,8.75351E+15,5.01062E+16
103653,103654,6,4,39,14,2016,3,15,5,3,9,1,0,1,0,1,0,0,0,0,4.30924E+20,5.54817E+21,8.03451E+15,5.00818E+16
103654,103655,6,6,36,3,2016,3,13,3,3,0,1,0,0,1,0,0,0,0,0,5.71821E+20,5.67201E+21,1.00279E+16,5.1195E+16
103655,103656,6,4,35,25,2016,3,16,3,3,2,6,0,0,0,1,0,0,0,1,5.37065E+20,5.57756E+21,9.52096E+15,5.03489E+16
103656,103657,6,4,35,14,2016,3,7,6,3,5,3,0,0,0,1,0,0,0,0,4.93493E+20,5.55175E+21,8.90898E+15,5.01179E+16
103657,103658,6,4,38,6,2016,3,7,4,3,5,2,0,0,1,1,0,0,0,0,4.76431E+20,5.53755E+21,8.67121E+15,4.99898E+16
103658,103659,6,4,14,0,2016,3,13,1,3,5,3,0,1,0,1,0,0,0,0,4.49616E+20,5.5429E+21,8.29644E+15,5.00363E+16
103659,103660,6,4,11,0,2016,3,10,5,3,0,5,0,0,1,1,0,0,0,0,4.75532E+20,5.52884E+21,8.65922E+15,4.99115E+16
103660,103661,6,4,31,2,2016,3,14,2,2,5,3,0,0,1,1,0,0,0,0,4.71804E+20,5.50309E+21,8.60916E+15,4.96797E+16
103661,103662,6,4,35,26,2016,3,13,4,2,2,6,0,0,0,1,0,0,0,0,4.89181E+20,5.56104E+21,8.8484E+15,5.02014E+16
103662,103663,6,4,37,13,2016,3,13,1,3,5,3,0,1,1,1,0,0,0,0,4.89595E+20,5.50597E+21,8.8557E+15,4.97062E+16
103663,103664,6,6,33,15,2016,3,14,5,3,6,7,0,0,0,1,1,0,0,0,5.44397E+20,5.68119E+21,9.63656E+15,5.12803E+16
103664,103665,6,4,33,12,2016,3,13,5,3,2,6,0,0,0,1,0,0,0,1,4.56488E+20,5.53795E+21,8.39295E+15,4.99923E+16
103665,103666,6,4,38,11,2016,3,9,1,3,5,2,0,0,0,1,0,0,0,0,4.90489E+20,5.53852E+21,8.86729E+15,4.9999E+16
103666,103667,6,4,12,0,2016,2,14,2,3,6,2,0,0,0,0,1,0,0,1,4.74476E+20,5.55815E+21,8.64255E+15,5.0175E+16
103667,103668,6,4,39,4,2016,3,18,5,2,6,1,1,1,0,1,1,0,0,0,4.26154E+20,5.53812E+21,7.96978E+15,4.99908E+16
103668,103669,6,4,34,2,2016,3,1,4,2,8,1,2,1,0,1,0,0,0,0,4.75067E+20,5.56509E+21,8.65038E+15,5.02375E+16
103669,103670,6,5,33,15,2016,3,3,1,3,1,1,2,0,0,1,0,0,0,0,4.42624E+20,5.58256E+21,8.19282E+15,5.03923E+16
103670,103671,6,4,34,8,2016,3,16,5,2,6,2,0,0,0,1,1,0,0,0,4.71479E+20,5.56101E+21,8.60037E+15,5.02005E+16
103671,103672,6,4,11,0,2016,2,13,2,3,5,3,0,0,1,1,0,0,0,0,4.74658E+20,5.52346E+21,8.64739E+15,4.98631E+16
103672,103673,6,4,32,4,2016,3,9,5,3,9,1,0,0,0,1,0,0,0,0,4.88936E+20,5.52814E+21,8.84592E+15,4.99056E+16
103673,103674,6,4,11,0,2016,3,17,3,3,3,6,0,0,0,1,0,0,0,0,4.73298E+20,5.52588E+21,8.6283E+15,4.98847E+16
103674,103675,6,4,11,0,2016,2,19,2,2,6,6,2,1,1,0,1,0,0,0,4.76703E+20,5.52268E+21,8.6759E+15,4.98561E+16
103675,103676,6,4,11,0,2016,3,12,5,3,2,6,0,0,0,1,0,0,1,0,4.73513E+20,5.51821E+21,8.63181E+15,4.98157E+16
103676,103677,6,4,33,12,2016,3,18,2,3,0,1,2,0,1,0,0,0,0,0,4.58809E+20,5.53859E+21,8.42527E+15,4.99982E+16
103677,103678,6,6,35,11,2016,3,21,7,3,5,3,2,0,0,1,0,0,0,0,4.85527E+20,5.65632E+21,8.79349E+15,5.10583E+16
103678,103679,6,4,38,1,2016,3,18,1,3,2,6,2,1,0,1,0,0,0,0,4.85214E+20,5.5401E+21,8.79363E+15,5.0013E+16
103679,103680,6,4,34,5,2016,2,13,2,3,6,4,0,1,0,1,1,0,0,0,4.61741E+20,5.55923E+21,8.46411E+15,5.0184E+16
103680,103681,6,4,13,0,2016,3,9,4,2,0,3,0,0,0,1,0,1,0,0,4.824E+20,5.55076E+21,8.75387E+15,5.01088E+16
103681,103682,6,4,31,20,2016,3,15,5,3,6,4,0,0,1,0,1,0,0,0,4.69617E+20,5.48732E+21,8.58006E+15,4.95377E+16
103682,103683,6,4,38,11,2016,3,16,3,3,1,5,0,0,0,1,0,0,0,0,4.91737E+20,5.54442E+21,8.88457E+15,5.0052E+16
103683,103684,6,4,34,1,2016,2,8,2,3,1,7,0,0,0,1,0,0,0,0,4.75291E+20,5.56225E+21,8.6537E+15,5.02119E+16
103684,103685,6,4,31,20,2016,3,11,5,3,3,6,0,1,1,1,0,0,0,0,4.69322E+20,5.48725E+21,8.57599E+15,4.95371E+16
103685,103686,6,4,32,18,2016,3,15,3,3,5,3,0,1,1,1,0,0,0,0,4.71667E+20,5.51633E+21,8.6063E+15,4.97987E+16
103686,103687,6,6,34,22,2016,3,9,1,3,8,1,0,0,0,1,0,0,0,0,5.133E+20,5.64E+21,9.18917E+15,5.09115E+16
103687,103688,6,4,12,0,2016,3,19,6,3,2,6,2,0,0,1,0,0,0,0,4.74462E+20,5.54885E+21,8.64297E+15,5.00913E+16
103688,103689,6,4,33,12,2016,3,11,5,3,2,2,0,0,0,1,0,1,0,0,4.58574E+20,5.53618E+21,8.42225E+15,4.99765E+16
103689,103690,6,4,33,12,2016,3,16,1,3,2,6,0,1,0,0,0,1,0,1,4.58075E+20,5.53822E+21,8.41507E+15,4.99948E+16
103690,103691,6,6,35,18,2016,3,17,1,3,5,3,0,0,1,1,0,0,0,0,4.97575E+20,5.68735E+21,8.96518E+15,5.13374E+16
103691,103692,6,5,31,18,2016,3,15,6,3,5,3,0,0,0,1,0,1,0,0,4.76915E+20,5.60883E+21,8.67359E+15,5.06308E+16
103692,103693,6,4,35,14,2016,3,15,5,2,6,7,0,0,0,1,1,0,0,0,4.92215E+20,5.55206E+21,8.89109E+15,5.01207E+16
103693,103694,6,6,36,1,2016,3,13,7,2,6,4,0,0,1,0,1,0,0,0,5.67091E+20,5.68027E+21,9.96172E+15,5.12698E+16
103694,103695,6,4,36,6,2016,2,9,2,3,1,5,0,0,0,1,0,0,0,0,4.5309E+20,5.54008E+21,8.34529E+15,5.00112E+16
103695,103696,6,6,33,16,2016,3,18,4,3,5,3,0,0,0,1,0,1,0,0,5.20656E+20,5.70352E+21,9.29747E+15,5.14824E+16
103696,103697,6,4,36,7,2016,3,19,3,3,5,3,2,1,1,1,0,0,0,0,4.61391E+20,5.54909E+21,8.46023E+15,5.00928E+16
103697,103698,6,4,12,0,2016,3,19,5,3,5,3,2,0,1,1,0,0,0,0,4.76625E+20,5.55017E+21,8.67314E+15,5.01033E+16
103698,103699,6,4,31,14,2016,3,19,5,3,6,4,2,1,0,1,1,0,0,0,4.78132E+20,5.50668E+21,8.69667E+15,4.97122E+16
103699,103700,6,4,34,2,2016,3,7,6,3,5,2,0,0,1,1,0,0,0,0,4.7554E+20,5.56751E+21,8.65684E+15,5.02592E+16
103700,103701,6,5,32,6,2016,3,7,2,3,5,3,0,0,0,1,0,0,0,0,4.50843E+20,5.62513E+21,8.3028E+15,5.07759E+16
103701,103702,6,4,36,4,2016,3,14,4,3,0,7,0,0,0,1,0,0,0,0,4.59554E+20,5.54074E+21,8.43543E+15,5.00176E+16
103702,103703,6,6,35,15,2016,3,14,7,2,0,1,0,0,0,0,0,1,0,0,4.90386E+20,5.68129E+21,8.86215E+15,5.12829E+16
103703,103704,6,4,35,14,2016,3,8,5,3,5,3,0,0,1,1,0,0,0,0,4.96583E+20,5.54973E+21,8.95222E+15,5.00998E+16
103704,103705,6,4,12,0,2016,3,21,7,3,5,3,2,0,1,1,0,0,0,0,4.73597E+20,5.55129E+21,8.63072E+15,5.01132E+16
103705,103706,6,4,36,7,2016,2,17,2,2,5,3,0,0,0,1,0,1,0,0,4.60896E+20,5.54931E+21,8.45329E+15,5.00948E+16
103706,103707,6,4,33,12,2016,3,12,5,3,5,3,0,0,0,1,0,0,0,0,4.60587E+20,5.53711E+21,8.45023E+15,4.9985E+16
103707,103708,6,4,14,0,2016,3,19,3,3,1,5,2,0,1,1,0,0,0,0,4.45642E+20,5.54876E+21,8.24011E+15,5.00886E+16
103708,103709,6,4,38,1,2016,3,15,3,3,5,3,0,0,0,1,0,0,0,0,4.85166E+20,5.53917E+21,8.793E+15,5.00047E+16
103709,103710,6,4,40,5,2016,2,17,2,3,5,3,0,0,1,1,0,0,0,0,4.75968E+20,5.58643E+21,8.66165E+15,5.04294E+16
103710,103711,6,5,32,23,2016,3,10,5,2,0,7,0,0,0,1,0,0,0,0,4.65999E+20,5.59889E+21,8.52016E+15,5.05409E+16
103711,103712,6,5,33,17,2016,3,10,4,2,0,7,0,0,0,1,0,0,0,0,4.47091E+20,5.59291E+21,8.25419E+15,5.04858E+16
103712,103713,6,4,32,8,2016,3,15,3,3,0,7,0,0,0,1,0,0,0,0,4.6983E+20,5.52289E+21,8.58027E+15,4.98577E+16
103713,103714,6,4,14,0,2016,3,18,4,3,5,3,2,1,1,1,0,0,0,0,4.47004E+20,5.54542E+21,8.25961E+15,5.00587E+16
103714,103715,6,6,31,9,2016,3,13,6,3,6,4,0,0,0,1,1,0,0,0,5.48615E+20,5.59999E+21,9.68621E+15,5.05498E+16
103715,103716,6,4,31,5,2016,3,6,4,3,1,5,1,0,1,1,0,0,0,0,4.60626E+20,5.49877E+21,8.45466E+15,4.96402E+16
103716,103717,6,4,38,2,2016,3,14,7,2,5,3,0,0,0,1,0,1,0,0,4.78636E+20,5.53922E+21,8.70187E+15,5.00049E+16
103717,103718,6,4,14,0,2016,3,8,5,2,5,2,0,0,0,1,0,0,0,0,4.44126E+20,5.54797E+21,8.21904E+15,5.00814E+16
103718,103719,6,4,31,20,2016,3,15,7,3,5,3,0,0,0,1,0,0,0,0,4.71132E+20,5.48786E+21,8.60097E+15,4.95426E+16
103719,103720,6,5,32,12,2016,2,7,2,3,6,4,0,0,0,0,1,0,0,1,4.51002E+20,5.61377E+21,8.30657E+15,5.06737E+16
103720,103721,6,4,14,0,2016,3,9,4,3,2,6,0,1,0,1,0,0,1,0,4.45958E+20,5.54815E+21,8.24462E+15,5.00831E+16
103721,103722,6,4,12,0,2016,3,11,7,3,2,6,0,0,0,1,0,1,0,0,4.76498E+20,5.54876E+21,8.67144E+15,5.00907E+16
103722,103723,6,5,32,23,2016,3,8,4,3,5,3,0,1,1,1,0,0,0,0,4.6474E+20,5.60086E+21,8.50221E+15,5.05586E+16
103723,103724,6,4,31,2,2016,3,14,7,3,7,7,0,0,0,1,0,0,0,0,4.70082E+20,5.5032E+21,8.58528E+15,4.96806E+16
103724,103725,6,4,12,0,2016,3,12,5,3,0,7,0,0,0,0,0,0,0,1,4.69113E+20,5.54434E+21,8.56857E+15,5.00505E+16
103725,103726,6,5,31,12,2016,3,8,4,2,5,3,0,0,0,1,0,1,0,0,4.75473E+20,5.59846E+21,8.65389E+15,5.05376E+16
103726,103727,6,4,32,8,2016,3,16,5,3,5,3,0,0,1,1,0,0,0,0,4.68602E+20,5.52375E+21,8.56311E+15,4.98654E+16
103727,103728,6,4,32,10,2016,2,9,2,3,5,3,0,0,1,1,0,0,0,0,4.94567E+20,5.52602E+21,8.92437E+15,4.98865E+16
103728,103729,6,4,12,0,2016,3,11,4,3,6,6,0,1,0,1,1,0,0,0,4.75649E+20,5.54904E+21,8.65956E+15,5.00931E+16
103729,103730,6,4,36,1,2016,3,17,3,3,5,3,0,0,1,1,0,0,0,0,4.64121E+20,5.55438E+21,8.4979E+15,5.01406E+16
103730,103731,6,5,32,23,2016,3,17,2,3,0,7,0,0,0,1,0,0,0,1,4.62842E+20,5.60005E+21,8.4755E+15,5.05512E+16
103731,103732,6,4,34,10,2016,3,21,7,3,1,5,2,0,0,1,0,0,0,0,4.70063E+20,5.55737E+21,8.58081E+15,5.01678E+16
103732,103733,6,4,14,0,2016,3,13,4,3,5,3,0,0,0,1,0,0,0,0,4.45442E+20,5.54662E+21,8.23762E+15,5.00694E+16
103733,103734,6,4,33,3,2016,3,23,7,1,6,1,2,0,0,1,1,0,0,0,4.64741E+20,5.52797E+21,8.509E+15,4.99031E+16
103734,103735,6,4,40,8,2016,2,12,2,3,5,3,0,0,0,1,0,0,0,0,4.82456E+20,5.57609E+21,8.75347E+15,5.03367E+16
103735,103736,6,4,12,0,2016,3,15,4,3,5,3,0,0,0,1,0,1,0,0,4.70546E+20,5.54807E+21,8.5883E+15,5.00841E+16
103736,103737,6,4,33,10,2016,3,9,5,3,2,6,0,0,0,1,0,0,0,0,4.63959E+20,5.54134E+21,8.49686E+15,5.00232E+16
103737,103738,6,6,11,0,2016,3,14,7,3,6,4,0,0,0,1,1,0,0,0,5.36076E+20,5.68573E+21,9.51772E+15,5.13217E+16
103738,103739,6,4,13,0,2016,4,10,2,3,5,3,0,0,0,1,0,0,0,0,4.83461E+20,5.55012E+21,8.76873E+15,5.01031E+16
103739,103740,6,6,34,13,2016,4,13,7,3,9,1,0,0,0,0,0,1,0,1,5.37312E+20,5.66068E+21,9.53284E+15,5.10964E+16
103740,103741,6,4,33,12,2016,3,16,7,3,5,3,0,0,1,1,0,0,0,0,4.58272E+20,5.53826E+21,8.41781E+15,4.99952E+16
103741,103742,6,4,38,2,2016,3,10,4,3,0,7,0,1,0,1,0,0,1,0,4.82298E+20,5.53675E+21,8.75309E+15,4.99829E+16
103742,103743,6,4,34,8,2016,3,23,3,3,5,3,2,0,0,1,0,0,0,0,4.69933E+20,5.56141E+21,8.57867E+15,5.02041E+16
103743,103744,6,4,11,0,2016,4,10,6,3,6,4,0,0,0,1,1,0,0,0,4.74446E+20,5.52337E+21,8.64444E+15,4.98622E+16
103744,103745,6,4,14,0,2016,3,16,2,3,0,3,0,0,0,1,0,0,0,1,4.45048E+20,5.54788E+21,8.23194E+15,5.00806E+16
103745,103746,6,5,31,5,2016,3,8,3,3,7,7,0,0,1,0,0,0,0,0,4.77044E+20,5.60435E+21,8.67569E+15,5.05906E+16
103746,103747,6,4,35,14,2016,3,7,5,3,5,3,0,0,1,0,0,0,0,1,4.94379E+20,5.55465E+21,8.92133E+15,5.0144E+16
103747,103748,6,4,36,5,2016,3,16,4,2,5,3,0,1,1,1,0,0,0,0,4.63503E+20,5.54432E+21,8.49021E+15,5.005E+16
103748,103749,6,4,12,0,2016,3,17,6,3,0,2,0,0,1,1,0,0,0,0,4.76436E+20,5.55409E+21,8.67025E+15,5.01386E+16
103749,103750,6,4,35,17,2016,3,9,6,3,8,1,0,1,0,1,0,0,0,0,5.01605E+20,5.55753E+21,9.02247E+15,5.01699E+16
103750,103751,6,4,33,6,2016,3,21,2,3,5,3,2,0,0,1,0,0,0,0,4.62524E+20,5.52896E+21,8.47804E+15,4.99118E+16
103751,103752,6,6,35,15,2016,3,14,3,3,1,7,0,0,0,1,0,0,0,1,4.89984E+20,5.68035E+21,8.85641E+15,5.12744E+16
103752,103753,6,4,12,0,2016,3,22,3,3,5,3,2,0,0,1,0,0,0,0,4.82552E+20,5.55456E+21,8.75581E+15,5.0143E+16
103753,103754,6,4,33,6,2016,4,11,6,3,5,3,0,0,0,1,0,1,0,0,4.63474E+20,5.52938E+21,8.49123E+15,4.99156E+16
103754,103755,6,4,12,0,2016,3,9,2,3,6,4,0,0,0,1,1,0,0,0,4.69713E+20,5.54859E+21,8.57662E+15,5.00888E+16
103755,103756,6,4,12,0,2016,3,9,3,2,5,3,0,0,1,1,0,0,0,0,4.75901E+20,5.55156E+21,8.66293E+15,5.01158E+16
103756,103757,6,4,38,2,2016,3,8,5,2,0,3,0,0,1,1,0,0,0,0,4.78068E+20,5.54247E+21,8.69376E+15,5.00341E+16
103757,103758,6,4,33,12,2016,3,10,4,3,5,3,0,0,0,1,0,1,0,0,4.59278E+20,5.53615E+21,8.43206E+15,4.99763E+16
103758,103759,6,4,14,0,2016,3,20,5,3,5,2,2,1,0,1,0,0,0,0,4.45992E+20,5.54757E+21,8.24518E+15,5.0078E+16
103759,103760,6,4,11,0,2016,4,11,2,3,3,6,0,0,0,1,0,0,1,0,4.74455E+20,5.52324E+21,8.64458E+15,4.98611E+16
103760,103761,6,4,35,15,2016,4,7,4,3,5,3,0,0,1,1,0,0,0,1,5.06591E+20,5.5566E+21,9.09228E+15,5.01616E+16
103761,103762,6,4,37,11,2016,3,14,1,3,5,3,0,0,0,1,0,1,0,0,5.00475E+20,5.50264E+21,9.00658E+15,4.96763E+16
103762,103763,6,4,11,0,2016,3,14,7,3,5,3,0,0,0,1,0,0,0,0,4.73965E+20,5.52525E+21,8.63763E+15,4.9879E+16
103763,103764,6,4,11,0,2016,4,8,3,3,5,3,0,1,0,1,0,0,0,0,4.75331E+20,5.52826E+21,8.65645E+15,4.99062E+16
103764,103765,6,5,32,18,2016,3,19,3,3,6,4,2,1,0,1,1,0,0,0,4.6211E+20,5.5964E+21,8.46554E+15,5.05183E+16
103765,103766,6,5,31,5,2016,4,14,1,3,5,2,0,0,0,1,0,0,0,0,4.78699E+20,5.60323E+21,8.69914E+15,5.05806E+16
103766,103767,6,4,34,1,2016,3,5,3,3,5,2,1,1,0,1,0,0,0,0,4.7225E+20,5.56459E+21,8.6109E+15,5.02328E+16
103767,103768,6,4,32,12,2016,4,16,1,3,1,5,0,0,1,1,0,0,0,0,4.81779E+20,5.53151E+21,8.74609E+15,4.99357E+16
103768,103769,6,4,35,14,2016,3,22,5,3,5,3,2,0,0,1,0,0,0,1,4.94884E+20,5.55265E+21,8.92843E+15,5.01261E+16
103769,103770,6,4,35,21,2016,3,18,2,3,0,1,2,0,0,1,0,0,0,0,4.90651E+20,5.56301E+21,8.86896E+15,5.02192E+16
103770,103771,6,4,12,0,2016,3,22,5,3,6,4,2,1,0,1,1,0,0,0,4.77129E+20,5.55164E+21,8.6801E+15,5.01166E+16
103771,103772,6,4,34,1,2016,4,16,2,3,1,5,0,0,1,1,0,0,0,0,4.72643E+20,5.56375E+21,8.61648E+15,5.02253E+16
103772,103773,6,5,31,15,2016,4,10,4,2,8,7,0,0,0,0,0,0,0,1,4.924E+20,5.6123E+21,8.89246E+15,5.06625E+16
103773,103774,6,4,11,0,2016,3,19,7,3,6,4,2,0,0,1,1,0,0,0,4.77454E+20,5.5272E+21,8.68607E+15,4.98968E+16
103774,103775,6,5,32,23,2016,4,9,3,3,0,1,0,1,0,0,0,1,0,0,4.65898E+20,5.60364E+21,8.5183E+15,5.05837E+16
103775,103776,6,4,12,0,2016,4,16,7,3,5,7,0,0,1,0,0,0,0,1,4.68207E+20,5.55187E+21,8.55529E+15,5.01182E+16
103776,103777,6,6,35,15,2016,3,7,7,3,2,6,0,0,0,1,0,0,0,0,4.91472E+20,5.68129E+21,8.87772E+15,5.12828E+16
103777,103778,6,4,33,12,2016,3,16,5,3,5,3,0,1,0,1,0,0,0,0,4.59122E+20,5.53858E+21,8.42964E+15,4.99982E+16
103778,103779,6,4,32,23,2016,3,13,4,3,2,6,0,0,0,1,0,0,0,0,4.71081E+20,5.52758E+21,8.59732E+15,4.98999E+16
103779,103780,6,4,12,0,2016,4,15,6,3,5,3,0,0,0,1,0,0,0,0,4.67364E+20,5.54979E+21,8.54367E+15,5.00995E+16
103780,103781,6,4,31,13,2016,3,21,5,3,9,7,2,1,0,1,0,0,0,0,4.57086E+20,5.50064E+21,8.40542E+15,4.96568E+16
103781,103782,6,5,34,14,2016,4,9,2,3,6,4,0,1,0,1,1,0,0,0,4.82608E+20,5.63255E+21,8.75297E+15,5.08444E+16
103782,103783,6,4,36,12,2016,3,16,5,2,0,5,1,1,1,1,0,0,0,0,4.65223E+20,5.55415E+21,8.51334E+15,5.01386E+16
103783,103784,6,4,35,6,2016,4,13,6,3,5,3,0,0,0,1,0,1,0,0,4.93759E+20,5.55834E+21,8.9126E+15,5.01773E+16
103784,103785,6,4,14,0,2016,4,11,3,3,0,1,0,1,0,0,0,1,0,0,4.44155E+20,5.54436E+21,8.21997E+15,5.00489E+16
103785,103786,6,4,38,6,2016,3,9,7,3,5,3,0,0,0,1,0,0,0,0,4.75832E+20,5.53781E+21,8.66282E+15,4.99921E+16
103786,103787,6,4,12,0,2016,4,17,2,3,5,3,0,0,1,1,0,0,0,0,4.73276E+20,5.55325E+21,8.62609E+15,5.01309E+16
103787,103788,6,4,12,0,2016,3,15,4,3,5,3,0,0,0,1,0,0,0,0,4.69061E+20,5.54989E+21,8.56739E+15,5.01005E+16
103788,103789,6,4,31,20,2016,4,22,7,3,5,3,2,0,0,1,0,1,0,0,4.6895E+20,5.48714E+21,8.57086E+15,4.95361E+16
103789,103790,6,5,31,12,2016,3,22,7,3,0,1,2,0,0,1,0,0,0,0,4.75414E+20,5.59759E+21,8.65311E+15,5.05297E+16
103790,103791,6,4,40,1,2016,3,15,4,3,4,6,0,1,0,1,0,0,0,0,4.96209E+20,5.56885E+21,8.9468E+15,5.02717E+16
103791,103792,6,4,31,20,2016,3,19,3,3,9,1,0,0,0,1,0,0,0,0,4.72075E+20,5.48918E+21,8.6139E+15,4.95546E+16
103792,103793,6,4,34,1,2016,4,13,6,3,2,3,0,0,0,1,0,0,0,0,4.72321E+20,5.56359E+21,8.61198E+15,5.02238E+16
103793,103794,6,4,12,0,2016,3,18,2,3,2,6,2,0,0,1,0,0,0,0,4.78403E+20,5.55274E+21,8.69785E+15,5.01265E+16
103794,103795,6,4,14,0,2016,3,8,3,3,0,5,0,0,1,1,0,0,0,0,4.49821E+20,5.53985E+21,8.2997E+15,5.00088E+16
103795,103796,6,6,32,18,2016,3,11,5,3,5,3,0,0,0,1,0,0,0,0,5.54409E+20,5.64892E+21,9.77521E+15,5.09893E+16
103796,103797,6,4,32,21,2016,3,6,4,3,1,5,0,0,1,1,0,0,0,0,5.00636E+20,5.52992E+21,9.00886E+15,4.99217E+16
103797,103798,6,4,12,0,2016,3,17,6,2,0,3,0,0,0,0,0,1,0,1,4.78794E+20,5.55283E+21,8.70332E+15,5.01274E+16
103798,103799,6,4,12,0,2016,3,19,2,3,2,6,2,0,0,1,0,0,0,0,4.77687E+20,5.5512E+21,8.68793E+15,5.01127E+16
103799,103800,6,4,12,0,2016,4,16,3,3,5,3,0,1,0,1,0,0,0,0,4.763E+20,5.55128E+21,8.66853E+15,5.01133E+16
103800,103801,6,4,12,0,2016,3,18,5,3,2,6,2,0,0,1,0,0,0,0,4.77353E+20,5.55189E+21,8.68322E+15,5.01188E+16
103801,103802,6,4,12,0,2016,4,13,2,3,6,4,0,0,0,1,1,0,0,0,4.77965E+20,5.55246E+21,8.69174E+15,5.0124E+16
103802,103803,6,4,38,9,2016,3,8,4,3,2,6,0,0,0,1,0,0,0,0,4.77162E+20,5.5451E+21,8.68095E+15,5.00577E+16
103803,103804,6,4,12,0,2016,3,9,6,3,1,5,0,0,1,1,0,0,0,0,4.78927E+20,5.55227E+21,8.70521E+15,5.01223E+16
103804,103805,6,6,36,4,2016,3,14,6,3,0,1,0,1,1,0,0,0,0,0,5.52776E+20,5.67848E+21,9.75629E+15,5.12552E+16
103805,103806,6,4,12,0,2016,3,19,3,3,2,6,0,0,0,1,0,1,0,0,4.78668E+20,5.55272E+21,8.70156E+15,5.01263E+16
103806,103807,6,6,35,18,2016,3,6,2,1,8,1,1,0,0,1,0,1,0,0,4.93458E+20,5.68425E+21,8.90614E+15,5.13095E+16
103807,103808,6,4,14,0,2016,3,14,5,3,5,3,0,1,0,1,0,0,0,0,4.50252E+20,5.53909E+21,8.30581E+15,5.00021E+16
103808,103809,6,4,38,9,2016,3,16,2,3,5,3,0,0,0,1,0,0,0,0,4.76729E+20,5.54459E+21,8.67493E+15,5.00532E+16
103809,103810,6,6,36,16,2016,3,15,3,3,1,1,0,1,0,1,0,1,0,0,5.60196E+20,5.68839E+21,9.86426E+15,5.13436E+16
103810,103811,6,4,33,6,2016,3,15,5,3,5,3,0,0,0,1,0,0,0,0,4.63987E+20,5.52877E+21,8.49843E+15,4.99102E+16
103811,103812,6,4,14,0,2016,3,17,2,3,5,3,0,0,0,1,0,0,0,0,4.47274E+20,5.54742E+21,8.26312E+15,5.00767E+16
103812,103813,6,4,33,7,2016,3,13,4,2,2,6,0,0,0,1,0,0,0,0,4.66204E+20,5.5447E+21,8.5279E+15,5.00536E+16
103813,103814,6,4,12,0,2016,3,16,5,3,5,3,0,1,0,1,0,1,0,0,4.8055E+20,5.55158E+21,8.72794E+15,5.01162E+16
103814,103815,6,6,33,23,2016,4,10,2,3,2,6,0,1,0,1,0,1,0,0,5.25494E+20,5.68075E+21,9.3655E+15,5.12775E+16
103815,103816,6,4,12,0,2016,4,18,2,3,3,6,0,0,0,1,0,1,0,0,4.78343E+20,5.55276E+21,8.69701E+15,5.01266E+16
103816,103817,6,4,14,0,2016,3,17,5,3,5,3,0,0,0,1,0,0,0,0,4.4581E+20,5.54728E+21,8.24268E+15,5.00754E+16
103817,103818,6,4,12,0,2016,3,13,1,3,1,5,0,1,0,1,0,0,0,0,4.69888E+20,5.54449E+21,8.57938E+15,5.00519E+16
103818,103819,6,4,38,10,2016,3,13,7,3,2,6,0,0,0,1,0,0,0,0,4.89845E+20,5.54696E+21,8.85808E+15,5.00748E+16
103819,103820,6,4,11,0,2016,3,15,3,3,5,3,0,0,1,1,0,0,0,0,4.74438E+20,5.51903E+21,8.64462E+15,4.98232E+16
103820,103821,6,4,38,9,2016,4,17,1,3,5,3,0,0,1,0,0,1,0,0,4.78045E+20,5.5443E+21,8.69333E+15,5.00506E+16
103821,103822,6,5,31,5,2016,3,21,4,3,2,6,2,0,0,1,0,0,0,1,4.77326E+20,5.60374E+21,8.67971E+15,5.05851E+16
103822,103823,6,4,38,5,2016,3,6,5,3,4,6,2,1,1,0,0,0,0,0,4.85504E+20,5.54514E+21,8.79749E+15,5.00584E+16
103823,103824,6,4,35,29,2016,4,9,2,3,5,3,0,1,0,1,0,1,0,0,5.20494E+20,5.56683E+21,9.28748E+15,5.02533E+16
103824,103825,6,4,35,14,2016,4,10,4,2,5,3,0,0,0,1,0,1,0,0,4.97436E+20,5.55028E+21,8.96414E+15,5.01047E+16
103825,103826,6,4,40,3,2016,3,12,7,3,1,5,0,0,0,1,0,1,0,0,4.81271E+20,5.55864E+21,8.73769E+15,5.01797E+16