FID,OBJECTID,ULAND,UREGBEZ,UKREIS,UGEMEINDE,UJAHR,UMONAT,USTUNDE,UWOCHENTAG,UKATEGORIE,UART,UTYP1,ULICHTVERH,IstStrasse,IstRad,IstPKW,IstFuss,IstKrad,IstGkfz,IstSonstig,LINREFX,LINREFY,XGCSWGS84,YGCSWGS84
103826,103827,6,4,13,0,2016,4,18,2,3,6,6,0,1,1,0,1,0,0,0,4.81361E+20,5.55107E+21,8.73932E+15,5.01116E+16
103827,103828,6,4,31,13,2016,4,9,4,3,1,5,0,0,0,1,0,1,0,0,4.61605E+20,5.49412E+21,8.46867E+15,4.95984E+16
103828,103829,6,4,13,0,2016,3,20,7,3,5,3,2,0,0,1,0,0,0,0,4.86359E+20,5.5483E+21,8.80931E+15,5.00868E+16
103829,103830,6,4,33,8,2016,3,11,7,3,1,5,0,0,1,1,0,0,0,0,4.69118E+20,5.53636E+21,8.56928E+15,4.99788E+16
103830,103831,6,4,36,5,2016,4,11,3,3,5,3,0,1,0,1,0,0,0,1,4.63495E+20,5.54432E+21,8.4901E+15,5.005E+16
103831,103832,6,4,12,0,2016,3,8,2,3,2,6,0,0,0,1,0,0,0,0,4.69223E+20,5.5445E+21,8.5701E+15,5.0052E+16
103832,103833,6,5,31,5,2016,4,13,7,3,6,4,0,0,1,0,1,0,0,0,4.76984E+20,5.60392E+21,8.67487E+15,5.05867E+16
103833,103834,6,4,31,20,2016,3,10,5,3,3,6,0,1,0,1,0,0,0,0,4.68493E+20,5.48623E+21,8.56461E+15,4.95279E+16
103834,103835,6,5,32,23,2016,4,19,2,3,1,7,1,1,0,1,0,0,0,0,4.63623E+20,5.5977E+21,8.48674E+15,5.05301E+16
103835,103836,6,4,13,0,2016,3,18,4,3,6,7,0,0,0,1,1,0,0,0,4.83161E+20,5.55026E+21,8.76453E+15,5.01044E+16
103836,103837,6,6,11,0,2016,4,18,6,3,5,3,0,0,1,0,0,0,0,1,5.36073E+20,5.68159E+21,9.51725E+15,5.12845E+16
103837,103838,6,4,38,2,2016,3,7,2,3,5,2,0,1,1,1,0,0,0,0,4.78187E+20,5.54196E+21,8.69545E+15,5.00295E+16
103838,103839,6,4,13,0,2016,4,3,3,3,8,1,2,1,0,1,0,0,0,0,4.81617E+20,5.55059E+21,8.74293E+15,5.01073E+16
103839,103840,6,6,31,6,2016,3,20,7,3,5,1,2,0,0,1,0,0,0,0,5.50092E+20,5.59317E+21,9.70613E+15,5.04883E+16
103840,103841,6,4,12,0,2016,4,14,2,3,6,4,0,0,0,1,1,0,0,0,4.76533E+20,5.55084E+21,8.67181E+15,5.01094E+16
103841,103842,6,4,12,0,2016,3,13,4,3,0,7,0,0,0,1,0,0,0,0,4.80526E+20,5.55457E+21,8.72747E+15,5.0143E+16
103842,103843,6,4,12,0,2016,3,13,6,3,3,6,0,0,0,1,0,1,0,0,4.77014E+20,5.55167E+21,8.67848E+15,5.01168E+16
103843,103844,6,4,14,0,2016,3,12,6,3,6,6,0,1,0,1,1,0,0,0,4.45538E+20,5.54704E+21,8.23891E+15,5.00731E+16
103844,103845,6,4,33,12,2016,3,15,4,3,1,2,0,1,0,1,0,1,0,1,4.56924E+20,5.53695E+21,8.39915E+15,4.99833E+16
103845,103846,6,4,11,0,2016,4,9,7,3,5,3,0,0,0,1,0,0,0,0,4.74246E+20,5.52441E+21,8.64159E+15,4.98715E+16
103846,103847,6,4,39,3,2016,3,19,7,3,6,6,1,0,0,1,1,0,0,0,4.36891E+20,5.54169E+21,8.11896E+15,5.00242E+16
103847,103848,6,6,31,15,2016,3,13,5,3,2,2,0,0,0,1,0,0,0,0,5.5387E+20,5.61312E+21,9.76227E+15,5.06675E+16
103848,103849,6,4,38,6,2016,3,16,4,3,1,1,0,1,0,1,0,1,0,0,4.75377E+20,5.53794E+21,8.65647E+15,4.99932E+16
103849,103850,6,4,12,0,2016,4,9,6,3,5,3,0,0,0,1,0,0,0,0,4.74613E+20,5.55016E+21,8.64501E+15,5.01032E+16
103850,103851,6,4,32,18,2016,3,19,2,2,5,2,2,0,1,1,0,0,0,0,4.71858E+20,5.51614E+21,8.60896E+15,4.97971E+16
103851,103852,6,4,11,0,2016,3,6,5,3,3,3,0,0,1,1,0,0,0,0,4.75019E+20,5.52618E+21,8.65225E+15,4.98875E+16
103852,103853,6,4,35,19,2016,3,11,4,3,7,7,0,0,0,0,0,0,0,1,4.87971E+20,5.55381E+21,8.83167E+15,5.01364E+16
103853,103854,6,6,34,14,2016,3,17,6,3,1,7,0,0,0,1,0,0,0,0,5.38038E+20,5.66386E+21,9.54355E+15,5.11249E+16
103854,103855,6,4,40,3,2016,3,23,6,3,5,3,2,0,0,1,0,1,0,0,4.81318E+20,5.55866E+21,8.73834E+15,5.01798E+16
103855,103856,6,4,34,1,2016,3,15,2,2,6,7,0,1,0,1,1,0,0,0,4.72761E+20,5.56494E+21,8.61806E+15,5.0236E+16
103856,103857,6,4,34,2,2016,3,21,3,3,5,3,2,1,0,1,0,0,0,0,4.74437E+20,5.5676E+21,8.64138E+15,5.026E+16
103857,103858,6,4,11,0,2016,4,11,1,3,5,3,0,0,1,1,0,0,0,0,4.7547E+20,5.52905E+21,8.65834E+15,4.99133E+16
103858,103859,6,4,35,14,2016,3,17,3,3,5,3,0,0,1,1,0,0,0,0,4.92337E+20,5.55294E+21,8.89279E+15,5.01286E+16
103859,103860,6,4,33,14,2016,4,11,6,2,5,3,0,0,0,1,0,1,0,0,4.57365E+20,5.53038E+21,8.40603E+15,4.99243E+16
103860,103861,6,4,11,0,2016,3,10,2,3,5,3,0,0,1,0,0,0,1,0,4.74405E+20,5.51872E+21,8.64418E+15,4.98204E+16
103861,103862,6,4,12,0,2016,3,8,3,3,6,2,0,0,0,1,1,0,0,0,4.72731E+20,5.55007E+21,8.6187E+15,5.01022E+16
103862,103863,6,4,38,2,2016,3,10,5,3,5,3,0,0,1,0,0,0,0,1,4.76635E+20,5.54088E+21,8.67384E+15,5.00197E+16
103863,103864,6,4,31,20,2016,3,15,4,2,3,6,0,0,1,0,0,0,1,0,4.6906E+20,5.48793E+21,8.57232E+15,4.95432E+16
103864,103865,6,4,12,0,2016,4,17,2,3,2,2,0,0,0,1,0,0,0,0,4.76757E+20,5.5508E+21,8.67495E+15,5.0109E+16
103865,103866,6,4,12,0,2016,3,17,1,3,0,7,0,0,1,1,0,0,0,0,4.77574E+20,5.55276E+21,8.68625E+15,5.01266E+16
103866,103867,6,5,31,5,2016,3,20,7,3,0,7,2,0,0,0,0,0,0,1,4.79154E+20,5.60296E+21,8.70559E+15,5.05782E+16
103867,103868,6,4,12,0,2016,4,20,3,3,3,2,2,1,1,1,0,0,0,0,4.77678E+20,5.5509E+21,8.68781E+15,5.011E+16
103868,103869,6,5,34,14,2016,3,11,3,3,5,3,0,1,1,0,0,0,0,1,4.82742E+20,5.62798E+21,8.75509E+15,5.08033E+16
103869,103870,6,4,40,2,2016,4,5,1,3,1,1,2,0,0,1,0,0,0,0,4.81831E+20,5.57854E+21,8.74458E+15,5.03586E+16
103870,103871,6,4,40,2,2016,3,23,5,3,6,6,2,1,0,1,1,0,0,0,4.81901E+20,5.58345E+21,8.74533E+15,5.04028E+16
103871,103872,6,4,33,9,2016,4,12,2,3,0,1,0,0,1,0,0,0,0,0,4.61611E+20,5.53341E+21,8.46487E+15,4.99518E+16
103872,103873,6,5,32,23,2016,3,14,5,3,2,6,0,1,0,1,0,0,0,0,4.64812E+20,5.60098E+21,8.50322E+15,5.05596E+16
103873,103874,6,6,31,9,2016,3,5,5,3,9,1,2,1,0,1,0,0,0,0,5.46751E+20,5.60188E+21,9.66013E+15,5.05669E+16
103874,103875,6,5,31,8,2016,3,8,4,2,5,3,0,0,1,1,0,0,0,0,4.93013E+20,5.59151E+21,8.90154E+15,5.04755E+16
103875,103876,6,4,12,0,2016,3,16,5,2,5,2,1,1,1,1,0,0,0,0,4.75432E+20,5.55056E+21,8.65643E+15,5.01068E+16
103876,103877,6,4,38,5,2016,4,12,2,2,0,7,0,0,0,1,0,0,0,0,4.85603E+20,5.54404E+21,8.79891E+15,5.00485E+16
103877,103878,6,6,31,9,2016,4,14,4,3,3,2,0,1,1,1,0,0,0,0,5.48712E+20,5.60014E+21,9.6876E+15,5.05512E+16
103878,103879,6,5,31,5,2016,3,16,6,2,6,7,0,0,0,1,1,0,0,0,4.77931E+20,5.60409E+21,8.68824E+15,5.05883E+16
103879,103880,6,5,32,23,2016,4,14,3,2,2,6,0,0,0,1,0,0,0,0,4.66929E+20,5.60369E+21,8.53286E+15,5.05842E+16
103880,103881,6,6,11,0,2016,4,17,7,2,2,6,0,0,0,1,0,0,0,0,5.33641E+20,5.68288E+21,9.4825E+15,5.12962E+16
103881,103882,6,4,12,0,2016,3,15,7,3,6,7,0,0,0,0,1,0,0,1,4.71619E+20,5.55194E+21,8.603E+15,5.0119E+16
103882,103883,6,5,35,1,2016,3,16,5,2,6,7,0,1,0,0,1,0,0,1,5.18813E+20,5.62269E+21,9.26671E+15,5.07557E+16
103883,103884,6,4,12,0,2016,4,18,1,3,5,7,0,0,1,1,0,0,0,0,4.76213E+20,5.55101E+21,8.66733E+15,5.01109E+16
103884,103885,6,4,12,0,2016,3,12,4,3,0,7,0,0,1,1,0,0,0,0,4.76169E+20,5.55114E+21,8.6667E+15,5.0112E+16
103885,103886,6,4,36,3,2016,4,11,6,2,5,3,0,0,1,1,0,0,0,0,4.68693E+20,5.55351E+21,8.56195E+15,5.0133E+16
103886,103887,6,5,32,23,2016,3,10,2,3,5,3,0,0,0,1,0,1,0,0,4.6717E+20,5.59864E+21,8.5367E+15,5.05388E+16
103887,103888,6,4,36,12,2016,4,12,3,3,5,3,0,1,1,1,0,0,0,0,4.66244E+20,5.55394E+21,8.52764E+15,5.01367E+16
103888,103889,6,4,12,0,2016,3,12,5,3,5,3,0,0,1,1,0,0,0,0,4.73535E+20,5.55001E+21,8.62994E+15,5.01017E+16
103889,103890,6,5,31,7,2016,4,15,7,3,0,7,0,0,1,1,0,0,0,0,4.73908E+20,5.60382E+21,8.63144E+15,5.05857E+16
103890,103891,6,4,14,0,2016,4,18,3,3,1,2,1,1,0,1,0,0,0,1,4.48978E+20,5.54107E+21,8.28778E+15,5.00197E+16
103891,103892,6,6,35,22,2016,3,3,6,3,8,7,2,1,0,1,0,0,0,0,4.71322E+20,5.68205E+21,8.58875E+15,5.12891E+16
103892,103893,6,4,12,0,2016,4,8,2,3,1,5,0,0,1,1,0,0,0,0,4.75803E+20,5.55432E+21,8.66138E+15,5.01406E+16
103893,103894,6,5,34,2,2016,4,16,7,3,6,7,0,0,0,1,1,0,0,0,4.59817E+20,5.62834E+21,8.42973E+15,5.08054E+16
103894,103895,6,4,33,8,2016,3,21,7,3,6,7,2,0,1,0,1,0,0,0,4.70426E+20,5.53864E+21,8.58735E+15,4.99993E+16
103895,103896,6,4,36,5,2016,3,16,4,3,5,3,0,1,0,1,0,0,0,0,4.61395E+20,5.54312E+21,8.46089E+15,5.00391E+16
103896,103897,6,4,35,29,2016,3,7,3,3,0,7,0,1,0,1,0,0,0,0,5.21609E+20,5.56792E+21,9.30318E+15,5.02631E+16
103897,103898,6,4,38,11,2016,4,18,6,2,5,3,0,0,1,1,0,0,0,0,4.91324E+20,5.54254E+21,8.87886E+15,5.00351E+16
103898,103899,6,5,32,22,2016,3,16,2,3,5,3,0,0,0,1,0,0,0,0,4.64111E+20,5.58685E+21,8.49468E+15,5.04326E+16
103899,103900,6,6,36,14,2016,3,7,3,3,2,6,0,0,0,1,0,0,0,1,5.68525E+20,5.6653E+21,9.97942E+15,5.11351E+16
103900,103901,6,6,33,13,2016,3,12,5,3,4,5,0,0,0,1,0,0,0,0,5.27761E+20,5.70588E+21,9.39997E+15,5.15033E+16
103901,103902,6,4,40,3,2016,3,16,4,3,5,3,0,0,1,1,0,0,0,0,4.80316E+20,5.55996E+21,8.72424E+15,5.01915E+16
103902,103903,6,6,33,3,2016,3,11,6,3,5,2,0,0,0,1,0,0,0,0,5.29114E+20,5.67868E+21,9.41723E+15,5.12587E+16
103903,103904,6,4,33,10,2016,3,20,6,3,9,1,2,1,0,1,0,0,0,0,4.63954E+20,5.54097E+21,8.49683E+15,5.002E+16
103904,103905,6,4,12,0,2016,4,18,2,3,5,3,0,1,0,1,0,0,0,0,4.76134E+20,5.5519E+21,8.66617E+15,5.01189E+16
103905,103906,6,4,12,0,2016,3,13,4,2,6,7,0,0,1,0,1,0,0,0,4.74008E+20,5.55026E+21,8.63654E+15,5.0104E+16
103906,103907,6,4,38,4,2016,3,18,6,3,5,3,0,0,1,1,0,0,0,0,4.95785E+20,5.54735E+21,8.9411E+15,5.00784E+16
103907,103908,6,4,12,0,2016,3,22,6,3,2,7,2,0,0,1,0,1,0,0,4.76706E+20,5.55123E+21,8.67421E+15,5.01129E+16
103908,103909,6,4,12,0,2016,3,20,3,3,5,3,2,0,0,1,0,0,0,0,4.7042E+20,5.54511E+21,8.58677E+15,5.00576E+16
103909,103910,6,5,32,21,2016,3,17,3,3,5,3,0,0,0,1,0,0,0,0,4.57678E+20,5.59863E+21,8.40277E+15,5.05381E+16
103910,103911,6,5,32,23,2016,4,16,6,3,6,3,0,0,0,1,1,0,0,0,4.63754E+20,5.60342E+21,8.48804E+15,5.05816E+16
103911,103912,6,5,33,9,2016,3,1,1,3,0,1,2,0,1,0,0,0,0,0,4.34574E+20,5.58233E+21,8.07963E+15,5.03894E+16
103912,103913,6,4,12,0,2016,3,16,3,3,2,6,0,0,0,1,0,0,0,0,4.77479E+20,5.55451E+21,8.68483E+15,5.01424E+16
103913,103914,6,4,31,5,2016,3,2,5,3,9,1,2,0,0,1,0,0,0,0,4.62411E+20,5.49838E+21,8.47941E+15,4.96368E+16
103914,103915,6,4,33,7,2016,3,19,4,3,6,7,1,0,0,1,1,0,0,0,4.65495E+20,5.54466E+21,8.51801E+15,5.00532E+16
103915,103916,6,4,13,0,2016,3,8,5,3,5,2,0,0,1,1,0,0,0,0,4.81844E+20,5.55042E+21,8.74611E+15,5.01057E+16
103916,103917,6,6,11,0,2016,4,10,2,2,2,6,0,0,0,1,0,0,0,0,5.2897E+20,5.68348E+21,9.41555E+15,5.13019E+16
103917,103918,6,5,32,12,2016,4,7,4,3,8,1,0,1,0,1,0,0,0,0,4.492E+20,5.61406E+21,8.28102E+15,5.06762E+16
103918,103919,6,5,31,5,2016,3,12,7,3,5,3,0,0,0,1,0,0,0,0,4.7753E+20,5.60492E+21,8.68253E+15,5.05957E+16
103919,103920,6,6,32,2,2016,3,13,6,2,6,4,0,0,0,1,1,0,0,0,5.50356E+20,5.63515E+21,9.71558E+15,5.08658E+16
103920,103921,6,5,32,23,2016,3,21,2,3,5,3,2,1,1,1,0,0,0,0,4.64979E+20,5.60183E+21,8.50549E+15,5.05673E+16
103921,103922,6,4,14,0,2016,3,16,6,3,6,4,0,0,1,0,1,0,0,0,4.45579E+20,5.54784E+21,8.23937E+15,5.00803E+16
103922,103923,6,4,12,0,2016,3,1,1,3,5,3,2,0,0,1,0,0,0,0,4.76761E+20,5.55258E+21,8.6749E+15,5.0125E+16
103923,103924,6,4,11,0,2016,3,12,3,2,6,4,0,0,0,1,1,0,0,0,4.74191E+20,5.5171E+21,8.64132E+15,4.98058E+16
103924,103925,6,4,35,19,2016,4,22,1,3,1,6,2,1,0,1,0,0,0,1,4.85394E+20,5.55498E+21,8.79557E+15,5.01468E+16
103925,103926,6,4,35,7,2016,3,18,5,3,2,6,1,0,0,1,0,0,0,0,5.01324E+20,5.55682E+21,9.01854E+15,5.01636E+16
103926,103927,6,4,11,0,2016,3,7,5,3,5,3,0,1,0,1,0,0,0,0,4.75942E+20,5.52731E+21,8.66502E+15,4.98977E+16
103927,103928,6,4,31,16,2016,4,8,2,3,5,2,0,0,0,1,0,0,0,1,4.68219E+20,5.50106E+21,8.55963E+15,4.96613E+16
103928,103929,6,4,35,14,2016,4,13,4,3,5,3,0,0,0,1,0,0,0,0,4.93369E+20,5.55162E+21,8.90725E+15,5.01168E+16
103929,103930,6,4,13,0,2016,3,11,6,3,5,2,0,0,1,0,0,0,1,0,4.83004E+20,5.54919E+21,8.76237E+15,5.00948E+16
103930,103931,6,4,14,0,2016,4,9,2,3,0,4,0,0,0,1,1,0,0,0,4.48614E+20,5.54817E+21,8.28174E+15,5.00836E+16
103931,103932,6,4,12,0,2016,4,21,7,3,6,4,2,0,0,1,1,0,0,0,4.77179E+20,5.55122E+21,8.68082E+15,5.01127E+16
103932,103933,6,4,35,28,2016,3,8,7,3,5,3,0,1,0,1,0,0,0,0,5.32955E+20,5.58499E+21,9.46386E+15,5.0416E+16
103933,103934,6,4,33,8,2016,3,14,5,3,5,3,0,0,1,1,0,0,0,0,4.69633E+20,5.53904E+21,8.57624E+15,5.00029E+16
103934,103935,6,4,38,11,2016,4,9,3,3,6,4,0,1,0,1,1,0,0,0,4.9047E+20,5.53858E+21,8.86702E+15,4.99994E+16
103935,103936,6,5,31,5,2016,3,12,3,3,1,7,0,0,0,1,0,0,0,0,4.79274E+20,5.60337E+21,8.70725E+15,5.05819E+16
103936,103937,6,4,36,5,2016,4,16,1,3,5,7,0,0,0,1,1,0,0,0,4.63714E+20,5.5471E+21,8.49289E+15,5.00751E+16
103937,103938,6,4,31,5,2016,3,15,5,3,5,3,0,0,1,1,0,0,0,0,4.60266E+20,5.5012E+21,8.44942E+15,4.9662E+16
103938,103939,6,6,31,9,2016,4,19,2,3,6,4,0,0,0,1,1,0,0,0,5.45867E+20,5.59984E+21,9.6474E+15,5.05487E+16
103939,103940,6,5,33,7,2016,3,10,4,3,6,6,0,1,0,1,1,0,0,0,4.3173E+20,5.59145E+21,8.03796E+15,5.04711E+16
103940,103941,6,6,32,2,2016,4,16,6,2,6,7,0,0,0,1,1,0,0,0,5.50061E+20,5.63543E+21,9.71142E+15,5.08684E+16
103941,103942,6,4,14,0,2016,4,13,3,3,5,3,0,1,1,1,0,0,0,0,4.50207E+20,5.54545E+21,8.30436E+15,5.00593E+16
103942,103943,6,4,12,0,2016,3,18,6,3,6,4,0,0,0,0,1,0,0,1,4.68984E+20,5.55234E+21,8.56612E+15,5.01225E+16
103943,103944,6,4,12,0,2016,4,18,2,3,0,7,0,0,1,1,0,0,0,0,4.77564E+20,5.54994E+21,8.68628E+15,5.01013E+16
103944,103945,6,4,12,0,2016,3,11,4,3,6,4,0,0,0,1,1,0,0,0,4.79471E+20,5.55289E+21,8.71279E+15,5.01279E+16
103945,103946,6,5,31,5,2016,3,14,7,3,6,7,0,0,0,1,1,0,0,0,4.72824E+20,5.59817E+21,8.61652E+15,5.05349E+16
103946,103947,6,4,31,13,2016,3,18,4,2,5,3,0,0,1,1,0,0,0,0,4.61501E+20,5.49389E+21,8.46726E+15,4.95964E+16
103947,103948,6,4,33,10,2016,3,14,3,3,5,3,0,0,0,1,0,1,0,0,4.59799E+20,5.53936E+21,8.43899E+15,5.00052E+16
103948,103949,6,4,31,13,2016,4,10,6,2,1,3,0,1,1,1,0,0,0,0,4.61786E+20,5.49397E+21,8.47119E+15,4.95971E+16
103949,103950,6,4,38,2,2016,3,20,1,3,5,2,2,0,0,1,0,0,0,0,4.78188E+20,5.54133E+21,8.6955E+15,5.00239E+16
103950,103951,6,4,39,11,2016,3,19,4,3,5,3,0,1,0,1,0,0,0,0,4.48617E+20,5.55874E+21,8.28036E+15,5.01786E+16
103951,103952,6,4,12,0,2016,4,11,6,2,6,4,0,1,0,1,1,0,0,0,4.72307E+20,5.55473E+21,8.61243E+15,5.01442E+16
103952,103953,6,4,35,10,2016,3,15,1,3,3,2,0,0,1,1,0,0,0,0,5.1307E+20,5.5611E+21,9.18314E+15,5.0202E+16
103953,103954,6,4,12,0,2016,4,19,3,3,3,2,2,1,0,1,0,1,0,0,4.748E+20,5.54836E+21,8.64774E+15,5.00869E+16
103954,103955,6,4,12,0,2016,3,12,5,3,5,3,0,0,1,0,0,0,0,0,4.77052E+20,5.55168E+21,8.67901E+15,5.01169E+16
103955,103956,6,4,38,6,2016,3,10,4,3,5,3,0,0,0,1,0,0,0,0,4.77306E+20,5.53686E+21,8.68345E+15,4.99836E+16
103956,103957,6,4,38,9,2016,3,13,6,3,6,4,0,0,1,0,1,0,0,0,4.78317E+20,5.54457E+21,8.69712E+15,5.0053E+16
103957,103958,6,4,39,11,2016,3,6,6,3,5,2,0,1,0,1,0,0,0,0,4.51223E+20,5.55741E+21,8.31703E+15,5.01669E+16
103958,103959,6,4,11,0,2016,3,17,3,3,5,3,0,0,1,1,0,0,0,0,4.74976E+20,5.52589E+21,8.65166E+15,4.98849E+16
103959,103960,6,4,13,0,2016,3,20,2,3,5,3,1,1,0,1,0,0,0,0,4.83653E+20,5.54948E+21,8.77144E+15,5.00974E+16
103960,103961,6,4,40,8,2016,3,17,1,3,5,3,0,0,0,1,0,0,0,0,4.82566E+20,5.57564E+21,8.75505E+15,5.03326E+16
103961,103962,6,4,38,2,2016,3,15,3,3,5,3,0,0,1,1,0,0,0,0,4.78391E+20,5.54213E+21,8.69829E+15,5.00311E+16
103962,103963,6,4,12,0,2016,4,13,1,3,6,6,0,0,1,1,1,0,0,0,4.7799E+20,5.55282E+21,8.69207E+15,5.01272E+16
103963,103964,6,6,31,15,2016,3,15,5,3,6,7,0,0,0,1,1,0,0,0,5.54571E+20,5.61396E+21,9.77232E+15,5.0675E+16
103964,103965,6,5,34,11,2016,3,16,4,3,5,7,0,1,0,1,0,1,0,0,4.94223E+20,5.62997E+21,8.91799E+15,5.08214E+16
103965,103966,6,4,12,0,2016,3,9,5,3,5,3,0,1,1,1,0,0,0,0,4.79269E+20,5.55261E+21,8.70998E+15,5.01254E+16
103966,103967,6,4,39,2,2016,4,19,2,3,8,1,0,0,0,0,0,1,0,0,4.33326E+20,5.55451E+21,8.06697E+15,5.0139E+16
103967,103968,6,4,12,0,2016,3,18,3,3,5,3,0,0,0,1,0,0,0,0,4.67364E+20,5.54979E+21,8.54368E+15,5.00994E+16
103968,103969,6,6,35,11,2016,3,12,5,3,5,3,0,0,0,1,0,0,0,1,4.86245E+20,5.6563E+21,8.80373E+15,5.10581E+16
103969,103970,6,4,11,0,2016,3,12,4,2,3,3,0,0,0,1,0,0,0,1,4.74459E+20,5.5197E+21,8.64487E+15,4.98292E+16
103970,103971,6,4,12,0,2016,4,12,2,3,9,1,0,1,0,0,0,1,0,0,4.77981E+20,5.55268E+21,8.69195E+15,5.0126E+16
103971,103972,6,4,13,0,2016,3,15,5,3,4,6,0,0,0,1,0,0,0,0,4.82665E+20,5.55005E+21,8.75761E+15,5.01024E+16
103972,103973,6,4,13,0,2016,3,16,1,3,2,6,0,1,0,1,0,0,0,0,4.81755E+20,5.55041E+21,8.74486E+15,5.01056E+16
103973,103974,6,4,12,0,2016,3,13,6,3,5,3,0,0,1,1,0,0,0,0,4.72651E+20,5.5566E+21,8.6171E+15,5.0161E+16
103974,103975,6,4,12,0,2016,4,7,3,3,3,2,0,1,1,1,0,0,0,0,4.81955E+20,5.55336E+21,8.74752E+15,5.01322E+16
103975,103976,6,4,40,2,2016,3,15,3,2,5,3,0,0,0,1,0,1,0,0,4.81168E+20,5.57826E+21,8.73527E+15,5.03562E+16
103976,103977,6,4,32,18,2016,4,17,1,3,2,6,0,0,0,1,0,1,0,0,4.72025E+20,5.51727E+21,8.61121E+15,4.98072E+16
103977,103978,6,5,33,3,2016,3,9,4,3,5,3,0,0,0,1,0,0,0,0,4.48402E+20,5.57047E+21,8.27575E+15,5.02841E+16
103978,103979,6,4,31,19,2016,3,20,5,3,5,3,2,1,0,1,0,0,0,0,4.81958E+20,5.49709E+21,8.75019E+15,4.96261E+16
103979,103980,6,4,33,12,2016,4,12,2,3,3,7,0,0,0,1,0,0,0,0,4.58201E+20,5.53629E+21,8.41704E+15,4.99775E+16
103980,103981,6,4,31,13,2016,4,11,7,3,1,6,0,0,0,1,0,0,0,0,4.62305E+20,5.49354E+21,8.47842E+15,4.95933E+16
103981,103982,6,6,35,15,2016,4,16,3,3,1,2,0,1,0,1,0,1,0,0,4.909E+20,5.68027E+21,8.86954E+15,5.12737E+16
103982,103983,6,5,34,14,2016,4,17,4,3,5,2,0,0,1,1,0,0,0,0,4.83253E+20,5.63117E+21,8.76219E+15,5.0832E+16
103983,103984,6,4,12,0,2016,3,11,6,3,3,6,0,0,0,1,0,0,0,0,4.73885E+20,5.55639E+21,8.63439E+15,5.01591E+16
103984,103985,6,4,31,16,2016,4,9,3,3,5,3,0,1,0,1,0,0,0,1,4.68368E+20,5.50065E+21,8.56172E+15,4.96576E+16
103985,103986,6,6,36,1,2016,4,14,7,3,0,7,0,0,1,0,0,0,0,0,5.6862E+20,5.68112E+21,9.98381E+15,5.12772E+16
103986,103987,6,4,31,15,2016,3,4,5,3,8,1,2,1,0,1,0,0,0,0,4.83494E+20,5.50439E+21,8.77115E+15,4.96918E+16
103987,103988,6,4,12,0,2016,4,19,1,3,5,3,0,0,1,1,0,0,0,0,4.77432E+20,5.55495E+21,8.68414E+15,5.01464E+16
103988,103989,6,4,13,0,2016,3,16,4,3,5,3,0,1,0,1,0,0,0,0,4.84549E+20,5.54904E+21,8.78398E+15,5.00935E+16
103989,103990,6,4,13,0,2016,4,16,6,2,0,7,0,0,0,1,0,0,0,0,4.81848E+20,5.55115E+21,8.74612E+15,5.01123E+16
103990,103991,6,5,31,5,2016,3,12,7,3,5,3,0,0,0,1,0,0,0,0,4.76894E+20,5.60428E+21,8.67358E+15,5.059E+16
103991,103992,6,4,13,0,2016,4,21,3,3,5,2,2,1,0,1,0,0,0,0,4.83445E+20,5.54919E+21,8.76854E+15,5.00947E+16
103992,103993,6,4,12,0,2016,4,4,2,3,6,4,2,1,0,0,1,0,0,1,4.76012E+20,5.55045E+21,8.66454E+15,5.01058E+16
103993,103994,6,4,12,0,2016,3,14,4,3,5,3,0,0,0,1,0,0,0,0,4.74008E+20,5.54995E+21,8.63656E+15,5.01012E+16
103994,103995,6,4,38,5,2016,3,8,6,3,2,6,0,0,0,1,0,0,0,0,4.88473E+20,5.54428E+21,8.83899E+15,5.00507E+16
103995,103996,6,4,12,0,2016,3,4,6,3,6,4,2,0,0,1,1,0,0,0,4.79977E+20,5.55126E+21,8.71995E+15,5.01133E+16
103996,103997,6,6,34,3,2016,4,18,1,3,5,7,0,0,0,1,0,0,0,0,5.30873E+20,5.66488E+21,9.44125E+15,5.11346E+16
103997,103998,6,5,31,5,2016,4,11,5,3,5,3,0,0,1,1,0,0,0,0,4.74866E+20,5.60393E+21,8.64496E+15,5.05868E+16
103998,103999,6,6,34,22,2016,4,10,2,3,5,3,0,0,0,1,0,0,0,0,5.12821E+20,5.63945E+21,9.18235E+15,5.09066E+16
103999,104000,6,4,39,4,2016,4,14,6,2,5,2,0,0,0,1,0,0,0,0,4.26906E+20,5.53969E+21,7.97997E+15,5.0005E+16
104000,104001,6,5,34,5,2016,4,11,6,3,5,3,0,0,1,1,0,0,0,0,4.61644E+20,5.63738E+21,8.4547E+15,5.08868E+16
104001,104002,6,4,12,0,2016,4,15,5,3,6,4,0,0,1,0,1,0,0,0,4.74435E+20,5.55167E+21,8.64242E+15,5.01167E+16
104002,104003,6,4,12,0,2016,4,22,3,2,5,2,2,1,0,1,0,0,0,0,4.74798E+20,5.56015E+21,8.64694E+15,5.0193E+16
104003,104004,6,4,40,2,2016,4,7,4,3,1,5,0,0,1,1,0,0,0,0,4.8208E+20,5.57931E+21,8.74804E+15,5.03656E+16
104004,104005,6,4,32,18,2016,4,10,3,3,6,2,0,0,0,1,1,0,0,0,4.71848E+20,5.51716E+21,8.60876E+15,4.98062E+16