FID,OBJECTID,ULAND,UREGBEZ,UKREIS,UGEMEINDE,UJAHR,UMONAT,USTUNDE,UWOCHENTAG,UKATEGORIE,UART,UTYP1,ULICHTVERH,IstStrasse,IstRad,IstPKW,IstFuss,IstKrad,IstGkfz,IstSonstig,LINREFX,LINREFY,XGCSWGS84,YGCSWGS84
104005,104006,6,5,32,6,2016,4,7,4,3,2,6,0,0,0,1,0,1,0,0,4.50056E+20,5.62075E+21,8.29224E+15,5.07364E+16
104006,104007,6,5,31,5,2016,4,16,4,3,5,3,0,0,0,1,0,0,0,1,4.78273E+20,5.60525E+21,8.693E+15,5.05987E+16
104007,104008,6,4,38,2,2016,4,17,2,2,1,5,0,0,0,1,0,1,0,0,4.77508E+20,5.5421E+21,8.68596E+15,5.00308E+16
104008,104009,6,5,32,14,2016,4,11,7,3,0,7,0,0,0,0,0,1,0,0,4.73288E+20,5.59515E+21,8.62329E+15,5.05077E+16
104009,104010,6,4,14,0,2016,4,13,5,2,5,2,0,0,0,1,0,1,0,0,4.45992E+20,5.54757E+21,8.24518E+15,5.0078E+16
104010,104011,6,4,40,5,2016,4,13,6,3,6,7,0,0,0,1,1,0,0,0,4.76659E+20,5.5875E+21,8.67132E+15,5.0439E+16
104011,104012,6,4,35,14,2016,4,8,6,3,1,5,0,0,0,1,0,0,1,0,4.95546E+20,5.55072E+21,8.93771E+15,5.01087E+16
104012,104013,6,4,11,0,2016,4,15,5,3,5,3,0,0,1,1,0,0,0,0,4.75292E+20,5.52558E+21,8.65608E+15,4.98821E+16
104013,104014,6,4,12,0,2016,4,17,3,3,5,3,0,1,1,1,0,0,0,0,4.75128E+20,5.5527E+21,8.65204E+15,5.0126E+16
104014,104015,6,5,31,5,2016,4,13,4,2,5,2,0,0,0,1,0,1,0,0,4.76867E+20,5.6024E+21,8.67331E+15,5.05731E+16
104015,104016,6,4,14,0,2016,4,11,2,3,1,6,0,0,0,1,0,0,0,0,4.44441E+20,5.54721E+21,8.22356E+15,5.00746E+16
104016,104017,6,4,40,2,2016,4,8,4,3,5,2,0,0,0,1,0,1,0,1,4.81582E+20,5.57836E+21,8.74109E+15,5.0357E+16
104017,104018,6,4,38,2,2016,4,17,2,3,5,3,0,0,0,1,0,1,0,0,4.78187E+20,5.54183E+21,8.69546E+15,5.00284E+16
104018,104019,6,5,33,8,2016,4,9,7,3,6,7,0,1,0,1,1,0,0,0,4.39885E+20,5.57396E+21,8.15566E+15,5.03147E+16
104019,104020,6,6,33,9,2016,4,11,6,3,5,3,0,0,0,1,0,0,0,0,5.36686E+20,5.68909E+21,9.52682E+15,5.13519E+16
104020,104021,6,4,12,0,2016,4,18,5,3,1,7,0,0,0,1,1,0,0,0,4.64545E+20,5.54981E+21,8.50426E+15,5.00995E+16
104021,104022,6,5,32,6,2016,4,15,4,3,8,1,0,0,0,0,0,1,0,0,4.50214E+20,5.62037E+21,8.29453E+15,5.0733E+16
104022,104023,6,4,34,8,2016,4,18,1,3,6,4,0,0,1,0,1,0,0,0,4.66989E+20,5.56266E+21,8.53731E+15,5.02152E+16
104023,104024,6,4,38,6,2016,4,16,5,3,5,3,0,0,0,1,0,0,0,0,4.76507E+20,5.53706E+21,8.6723E+15,4.99854E+16
104024,104025,6,4,12,0,2016,4,21,3,3,5,3,2,0,0,1,0,0,0,1,4.76535E+20,5.55083E+21,8.67183E+15,5.01093E+16
104025,104026,6,4,12,0,2016,4,14,3,3,5,3,0,0,1,1,0,0,0,0,4.75927E+20,5.55384E+21,8.66315E+15,5.01363E+16
104026,104027,6,4,12,0,2016,4,8,2,3,2,7,0,0,1,0,0,0,0,1,4.76669E+20,5.55213E+21,8.67364E+15,5.01209E+16
104027,104028,6,4,14,0,2016,4,15,3,3,5,3,0,0,1,1,0,0,0,0,4.44809E+20,5.54663E+21,8.22878E+15,5.00694E+16
104028,104029,6,4,38,12,2016,4,14,2,3,5,3,0,0,0,1,0,0,0,0,4.85545E+20,5.53611E+21,8.7984E+15,4.99772E+16
104029,104030,6,4,13,0,2016,4,12,7,3,5,3,0,0,0,1,0,0,0,0,4.82179E+20,5.55071E+21,8.75077E+15,5.01083E+16
104030,104031,6,4,12,0,2016,4,17,6,3,2,2,0,0,0,1,0,0,0,0,4.76865E+20,5.55207E+21,8.67638E+15,5.01204E+16
104031,104032,6,4,12,0,2016,4,15,5,3,2,6,0,0,0,1,0,0,0,1,4.76138E+20,5.5511E+21,8.66627E+15,5.01117E+16
104032,104033,6,4,36,6,2016,4,19,1,3,5,3,0,0,0,1,0,0,0,1,4.5367E+20,5.54014E+21,8.35338E+15,5.00118E+16
104033,104034,6,4,33,3,2016,4,17,5,3,1,6,0,0,0,1,0,0,0,0,4.6525E+20,5.52948E+21,8.51596E+15,4.99167E+16
104034,104035,6,4,34,1,2016,4,13,2,3,0,7,0,0,0,1,0,0,0,0,4.7332E+20,5.56345E+21,8.626E+15,5.02226E+16
104035,104036,6,4,12,0,2016,4,14,1,3,5,2,0,0,0,1,0,0,0,0,4.77756E+20,5.55544E+21,8.68865E+15,5.01508E+16
104036,104037,6,4,12,0,2016,4,19,6,3,5,3,0,0,1,1,0,0,0,0,4.77549E+20,5.55114E+21,8.686E+15,5.01121E+16
104037,104038,6,4,31,16,2016,4,12,6,3,1,5,0,0,1,1,0,0,0,0,4.69222E+20,5.49946E+21,8.57366E+15,4.96469E+16
104038,104039,6,4,12,0,2016,4,7,5,3,3,6,0,0,1,1,0,0,0,0,4.70752E+20,5.54987E+21,8.59104E+15,5.01004E+16
104039,104040,6,4,33,10,2016,4,17,2,3,0,7,0,0,0,1,0,1,0,0,4.60752E+20,5.53955E+21,8.45228E+15,5.0007E+16
104040,104041,6,4,40,2,2016,4,17,7,3,1,5,0,0,0,1,0,0,0,0,4.81891E+20,5.57987E+21,8.74535E+15,5.03707E+16
104041,104042,6,4,14,0,2016,4,12,6,2,6,4,0,0,0,1,1,0,0,0,4.41779E+20,5.54667E+21,8.18645E+15,5.00694E+16
104042,104043,6,4,38,11,2016,4,9,6,3,1,6,0,0,0,1,0,0,0,0,4.90521E+20,5.54317E+21,8.86762E+15,5.00407E+16
104043,104044,6,4,33,6,2016,4,13,6,3,1,7,0,1,1,1,0,0,0,0,4.62972E+20,5.52988E+21,8.48419E+15,4.99202E+16
104044,104045,6,4,12,0,2016,4,16,5,3,3,6,0,0,0,1,0,0,0,0,4.76532E+20,5.55085E+21,8.67179E+15,5.01094E+16
104045,104046,6,4,31,16,2016,4,10,1,3,5,3,0,0,1,1,0,0,0,0,4.68696E+20,5.5E+21,8.56632E+15,4.96517E+16
104046,104047,6,5,33,7,2016,4,12,4,3,0,7,0,0,0,1,0,0,0,0,4.31561E+20,5.59111E+21,8.03565E+15,5.04679E+16
104047,104048,6,4,12,0,2016,4,16,4,3,9,1,0,0,0,1,0,0,0,0,4.75617E+20,5.55416E+21,8.65879E+15,5.01391E+16
104048,104049,6,4,36,8,2016,4,16,2,3,2,2,0,0,0,1,0,0,0,0,4.60218E+20,5.55488E+21,8.44322E+15,5.01448E+16
104049,104050,6,4,34,1,2016,4,18,6,2,5,3,0,0,1,0,0,0,0,1,4.77237E+20,5.56374E+21,8.68088E+15,5.02254E+16
104050,104051,6,6,31,9,2016,4,16,6,2,5,3,0,0,1,1,0,0,0,0,5.47441E+20,5.60043E+21,9.66969E+15,5.05539E+16
104051,104052,6,4,12,0,2016,4,15,5,3,0,3,0,0,0,1,0,1,0,0,4.78933E+20,5.55473E+21,8.70516E+15,5.01444E+16
104052,104053,6,4,12,0,2016,4,8,3,3,4,6,0,0,0,1,0,0,1,0,4.72962E+20,5.55092E+21,8.62187E+15,5.011E+16
104053,104054,6,5,35,1,2016,4,7,4,3,2,6,0,0,0,1,0,0,0,0,5.18582E+20,5.62234E+21,9.26341E+15,5.07525E+16
104054,104055,6,4,35,14,2016,4,10,3,3,0,7,0,0,0,1,0,0,0,1,4.94183E+20,5.55351E+21,8.91861E+15,5.01338E+16
104055,104056,6,4,38,1,2016,4,17,4,3,0,7,0,1,0,1,0,0,0,0,4.84383E+20,5.53934E+21,8.78206E+15,5.00062E+16
104056,104057,6,4,12,0,2016,4,18,4,3,6,4,0,0,0,0,1,1,0,0,4.69692E+20,5.55038E+21,8.57617E+15,5.01049E+16
104057,104058,6,4,12,0,2016,4,18,3,2,5,3,0,1,1,1,0,0,0,0,4.7511E+20,5.54781E+21,8.65211E+15,5.0082E+16
104058,104059,6,4,12,0,2016,4,17,5,3,2,2,0,0,0,0,0,1,0,1,4.77485E+20,5.55084E+21,8.68513E+15,5.01094E+16
104059,104060,6,4,38,6,2016,4,17,3,3,2,6,0,0,0,1,0,0,0,0,4.7711E+20,5.53769E+21,8.68066E+15,4.99911E+16
104060,104061,6,4,36,3,2016,4,13,4,3,5,3,0,1,0,1,0,0,0,0,4.68591E+20,5.55345E+21,8.56052E+15,5.01325E+16
104061,104062,6,4,39,4,2016,4,15,4,3,1,7,0,1,0,1,0,0,0,0,4.26356E+20,5.53756E+21,7.97271E+15,4.99859E+16
104062,104063,6,4,12,0,2016,4,9,4,3,0,2,0,0,1,1,0,0,0,0,4.78652E+20,5.55235E+21,8.70136E+15,5.0123E+16
104063,104064,6,4,31,11,2016,4,14,2,2,3,2,0,0,1,0,0,0,1,0,4.72383E+20,5.49853E+21,8.6175E+15,4.96387E+16
104064,104065,6,5,34,4,2016,4,17,6,3,2,2,0,0,0,1,0,1,0,0,4.63041E+20,5.64198E+21,8.4741E+15,5.09283E+16
104065,104066,6,5,31,5,2016,4,9,5,3,5,3,0,0,1,1,0,0,0,0,4.78506E+20,5.60539E+21,8.69628E+15,5.06E+16
104066,104067,6,6,35,3,2016,4,17,5,2,8,1,0,0,0,0,0,1,0,0,5.06749E+20,5.66205E+21,9.09641E+15,5.11099E+16
104067,104068,6,6,36,16,2016,4,12,3,2,0,1,0,0,0,0,0,1,0,0,5.59222E+20,5.68806E+21,9.85024E+15,5.13407E+16
104068,104069,6,6,35,15,2016,4,14,3,3,5,3,0,0,0,1,0,0,0,0,4.92361E+20,5.68065E+21,8.89048E+15,5.12772E+16
104069,104070,6,4,13,0,2016,4,20,2,3,0,3,0,0,1,1,0,0,0,0,4.84213E+20,5.54942E+21,8.77927E+15,5.00968E+16
104070,104071,6,4,14,0,2016,4,17,3,2,0,2,0,0,0,0,0,1,0,0,4.45382E+20,5.54769E+21,8.23663E+15,5.0079E+16
104071,104072,6,4,31,5,2016,4,8,4,3,2,6,0,0,0,1,0,0,0,0,4.61745E+20,5.49913E+21,8.47011E+15,4.96435E+16
104072,104073,6,4,38,6,2016,4,10,2,3,0,5,0,0,0,1,0,0,0,1,4.76226E+20,5.53804E+21,8.66831E+15,4.99942E+16
104073,104074,6,6,11,0,2016,4,15,7,3,5,3,0,0,0,1,0,0,0,0,5.33069E+20,5.68401E+21,9.4744E+15,5.13064E+16
104074,104075,6,4,14,0,2016,4,6,6,3,5,7,0,0,0,1,0,0,0,0,4.47584E+20,5.54932E+21,8.26719E+15,5.00938E+16
104075,104076,6,4,12,0,2016,4,17,1,3,1,5,0,0,0,1,0,0,0,1,4.77743E+20,5.55132E+21,8.68871E+15,5.01137E+16
104076,104077,6,4,35,12,2016,4,13,2,3,1,6,0,0,0,1,0,0,0,0,5.09709E+20,5.56161E+21,9.13606E+15,5.02066E+16
104077,104078,6,4,35,7,2016,4,10,6,3,6,2,0,0,0,1,1,0,0,0,4.98782E+20,5.5573E+21,8.98294E+15,5.01679E+16
104078,104079,6,4,33,12,2016,4,16,1,3,0,7,0,0,1,0,0,0,0,0,4.58069E+20,5.53793E+21,8.41501E+15,4.99922E+16
104079,104080,6,4,12,0,2016,4,19,3,3,5,3,0,0,1,1,0,0,0,0,4.79801E+20,5.55039E+21,8.71754E+15,5.01054E+16
104080,104081,6,4,11,0,2016,4,7,2,3,2,6,0,0,0,1,0,0,0,0,4.74437E+20,5.52295E+21,8.64435E+15,4.98584E+16
104081,104082,6,4,32,11,2016,4,10,2,3,5,3,0,0,0,1,0,1,0,0,4.86496E+20,5.52567E+21,8.81203E+15,4.98832E+16
104082,104083,6,4,12,0,2016,4,17,7,3,2,2,0,1,1,1,0,0,0,0,4.77903E+20,5.55225E+21,8.69088E+15,5.01221E+16
104083,104084,6,6,32,3,2016,4,2,6,2,1,5,2,0,1,1,0,0,0,0,5.56708E+20,5.64683E+21,9.80765E+15,5.09703E+16
104084,104085,6,4,11,0,2016,4,13,5,3,5,3,0,0,0,1,0,0,0,0,4.74053E+20,5.52522E+21,8.63886E+15,4.98789E+16
104085,104086,6,4,12,0,2016,4,14,7,2,5,3,0,0,0,1,0,0,0,0,4.68651E+20,5.54422E+21,8.56212E+15,5.00494E+16
104086,104087,6,5,32,23,2016,4,17,5,3,5,3,0,0,0,1,0,0,0,0,4.62836E+20,5.59986E+21,8.47544E+15,5.05495E+16
104087,104088,6,4,11,0,2016,4,19,5,3,1,6,1,0,0,1,0,0,0,0,4.75435E+20,5.52572E+21,8.65805E+15,4.98834E+16
104088,104089,6,4,14,0,2016,4,14,7,3,5,3,0,0,1,0,0,1,0,0,4.54644E+20,5.54777E+21,8.36607E+15,5.00804E+16
104089,104090,6,4,38,10,2016,4,7,5,3,5,3,0,0,0,1,0,1,0,0,4.90551E+20,5.54748E+21,8.86794E+15,5.00796E+16
104090,104091,6,4,38,9,2016,4,7,3,3,3,6,0,0,1,1,0,0,0,0,4.77528E+20,5.54492E+21,8.68608E+15,5.00561E+16
104091,104092,6,5,32,23,2016,4,14,2,2,2,2,0,0,0,0,0,1,0,0,4.6328E+20,5.59951E+21,8.48173E+15,5.05463E+16
104092,104093,6,4,35,14,2016,4,11,7,2,6,2,0,1,0,1,1,0,0,0,4.94122E+20,5.55294E+21,8.91776E+15,5.01287E+16
104093,104094,6,4,13,0,2016,4,17,6,2,6,7,0,0,0,1,1,0,0,0,4.84183E+20,5.54976E+21,8.77884E+15,5.00999E+16
104094,104095,6,4,36,6,2016,4,16,6,3,2,6,0,0,0,1,0,1,0,0,4.53372E+20,5.54093E+21,8.34913E+15,5.00189E+16
104095,104096,6,5,33,9,2016,4,13,5,3,5,3,0,0,0,1,0,1,0,0,4.36211E+20,5.58291E+21,8.10254E+15,5.03948E+16
104096,104097,6,6,35,3,2016,4,17,3,2,6,4,0,0,0,1,1,0,0,0,5.07744E+20,5.66264E+21,9.11064E+15,5.11152E+16
104097,104098,6,4,39,15,2016,4,15,5,3,5,3,0,0,0,1,0,0,0,0,4.443E+20,5.55832E+21,8.21997E+15,5.01745E+16
104098,104099,6,4,13,0,2016,4,10,7,3,6,7,0,0,0,1,1,0,0,0,4.82403E+20,5.55075E+21,8.7539E+15,5.01088E+16
104099,104100,6,6,11,0,2016,4,9,4,3,5,3,0,0,0,1,0,0,0,0,5.32584E+20,5.68764E+21,9.46779E+15,5.13391E+16
104100,104101,6,4,12,0,2016,4,8,4,3,6,2,0,0,0,1,1,0,0,0,4.73577E+20,5.55041E+21,8.6305E+15,5.01053E+16
104101,104102,6,4,12,0,2016,4,9,4,3,6,4,0,0,1,0,1,0,0,0,4.78146E+20,5.55198E+21,8.6943E+15,5.01197E+16
104102,104103,6,4,40,5,2016,4,11,2,2,5,2,0,0,0,1,0,1,0,0,4.75475E+20,5.58786E+21,8.65461E+15,5.04422E+16
104103,104104,6,4,34,1,2016,4,8,6,3,4,2,0,1,1,1,0,0,0,0,4.71727E+20,5.56432E+21,8.60359E+15,5.02304E+16
104104,104105,6,4,32,15,2016,4,10,2,3,5,3,0,0,1,1,0,0,0,0,4.90265E+20,5.53029E+21,8.86437E+15,4.99249E+16
104105,104106,6,4,12,0,2016,4,1,1,3,2,6,2,1,0,1,0,0,0,0,4.78014E+20,5.55083E+21,8.69252E+15,5.01093E+16
104106,104107,6,6,35,11,2016,4,22,6,3,5,2,2,0,0,1,0,0,0,0,4.8476E+20,5.65654E+21,8.78253E+15,5.10602E+16
104107,104108,6,4,32,8,2016,4,18,6,2,5,2,0,0,1,1,0,0,0,0,4.68676E+20,5.52422E+21,8.5641E+15,4.98695E+16
104108,104109,6,4,12,0,2016,4,10,5,3,6,4,0,0,0,1,1,0,0,0,4.73119E+20,5.55565E+21,8.62372E+15,5.01525E+16
104109,104110,6,6,11,0,2016,4,19,3,3,5,3,0,0,0,1,0,0,0,0,5.31692E+20,5.68613E+21,9.45483E+15,5.13256E+16
104110,104111,6,4,32,10,2016,4,3,3,3,0,3,2,0,1,0,0,0,0,0,4.94494E+20,5.52603E+21,8.92335E+15,4.98866E+16
104111,104112,6,4,38,5,2016,4,15,4,3,5,3,0,1,0,1,0,0,0,0,4.8583E+20,5.54519E+21,8.80204E+15,5.00589E+16
104112,104113,6,4,12,0,2016,4,8,4,3,2,6,0,0,0,1,0,0,0,1,4.76472E+20,5.55097E+21,8.67095E+15,5.01105E+16
104113,104114,6,4,32,4,2016,4,11,2,3,6,4,0,0,0,1,1,0,0,0,4.88742E+20,5.52744E+21,8.84323E+15,4.98993E+16
104114,104115,6,4,35,14,2016,4,14,7,3,5,3,0,0,1,1,0,0,0,0,4.94527E+20,5.55315E+21,8.92342E+15,5.01305E+16
104115,104116,6,4,14,0,2016,4,18,5,3,4,7,0,0,0,0,0,1,0,1,4.50169E+20,5.53896E+21,8.30468E+15,5.00009E+16
104116,104117,6,4,13,0,2016,4,16,3,3,0,3,0,0,1,1,0,0,0,0,4.84718E+20,5.54835E+21,8.78638E+15,5.00872E+16
104117,104118,6,5,31,5,2016,4,15,6,2,6,4,0,0,0,1,1,0,0,0,4.77996E+20,5.60201E+21,8.68928E+15,5.05696E+16
104118,104119,6,4,12,0,2016,4,9,5,3,0,3,0,0,0,1,0,0,0,1,4.74631E+20,5.55023E+21,8.64526E+15,5.01038E+16
104119,104120,6,4,39,8,2016,4,19,3,3,4,1,0,1,0,1,0,0,0,0,4.46715E+20,5.5618E+21,8.2533E+15,5.0206E+16
104120,104121,6,5,32,23,2016,4,20,4,3,5,3,1,0,0,1,0,0,0,0,4.63968E+20,5.60366E+21,8.49105E+15,5.05837E+16
104121,104122,6,4,14,0,2016,4,7,2,3,2,6,0,0,1,1,0,0,0,0,4.45309E+20,5.54598E+21,8.23586E+15,5.00636E+16
104122,104123,6,4,32,4,2016,4,12,4,3,2,6,0,0,0,1,0,0,0,1,4.89157E+20,5.5281E+21,8.849E+15,4.99052E+16
104123,104124,6,6,35,15,2016,4,12,7,3,0,1,0,1,0,0,0,1,0,0,4.91018E+20,5.68021E+21,8.87124E+15,5.12732E+16
104124,104125,6,6,35,15,2016,4,3,6,3,9,1,2,0,0,1,0,0,0,0,4.90724E+20,5.67975E+21,8.86703E+15,5.1269E+16
104125,104126,6,4,13,0,2016,4,15,7,2,1,1,0,0,0,1,0,1,0,0,4.85698E+20,5.54862E+21,8.80006E+15,5.00897E+16
104126,104127,6,4,39,15,2016,4,17,5,2,1,7,0,0,0,1,0,0,0,0,4.44092E+20,5.55728E+21,8.21721E+15,5.01651E+16
104127,104128,6,4,12,0,2016,4,17,3,3,5,2,0,0,1,1,0,0,0,0,4.78498E+20,5.55123E+21,8.69927E+15,5.01129E+16
104128,104129,6,4,31,2,2016,4,8,2,3,1,2,0,0,0,1,0,0,0,0,4.72043E+20,5.50206E+21,8.61254E+15,4.96704E+16
104129,104130,6,4,38,8,2016,4,18,7,3,0,5,0,0,0,1,0,0,0,0,4.87488E+20,5.55217E+21,8.82498E+15,5.01217E+16
104130,104131,6,6,33,26,2016,4,13,6,3,5,3,0,1,0,1,0,0,0,0,5.32657E+20,5.69019E+21,9.46905E+15,5.1362E+16
104131,104132,6,4,12,0,2016,4,9,2,3,2,2,0,0,0,1,0,1,0,0,4.78269E+20,5.55155E+21,8.69604E+15,5.01158E+16
104132,104133,6,4,14,0,2016,4,17,3,3,5,2,0,0,0,1,0,0,0,0,4.45873E+20,5.54578E+21,8.24376E+15,5.00618E+16
104133,104134,6,4,40,12,2016,4,7,2,3,6,7,0,0,0,0,1,0,0,1,4.82499E+20,5.56676E+21,8.75451E+15,5.02527E+16
104134,104135,6,4,14,0,2016,4,16,7,3,5,3,0,0,1,1,0,0,0,0,4.43432E+20,5.54749E+21,8.20942E+15,5.0077E+16
104135,104136,6,4,12,0,2016,4,17,6,3,0,1,0,0,0,0,0,1,0,0,4.75532E+20,5.55602E+21,8.65748E+15,5.01559E+16
104136,104137,6,4,36,8,2016,4,18,5,3,5,2,0,0,0,1,0,0,0,0,4.61351E+20,5.55477E+21,8.45909E+15,5.01439E+16
104137,104138,6,4,12,0,2016,4,12,7,3,5,3,0,0,0,0,0,0,0,1,4.73977E+20,5.54826E+21,8.63624E+15,5.0086E+16
104138,104139,6,4,31,5,2016,4,11,5,3,0,7,0,0,0,0,0,1,1,0,4.61199E+20,5.49987E+21,8.46248E+15,4.96501E+16
104139,104140,6,4,32,14,2016,4,10,2,3,1,5,0,0,1,1,0,0,0,0,4.78128E+20,5.51907E+21,8.69592E+15,4.98237E+16
104140,104141,6,6,32,2,2016,4,2,1,3,6,7,2,1,0,1,1,0,0,0,5.49426E+20,5.63501E+21,9.70234E+15,5.08646E+16
104141,104142,6,5,31,11,2016,4,11,7,2,5,3,0,1,0,1,0,0,0,0,4.85425E+20,5.59253E+21,8.79455E+15,5.04846E+16
104142,104143,6,4,12,0,2016,4,7,6,3,6,4,0,1,0,1,1,0,0,0,4.74291E+20,5.55974E+21,8.63985E+15,5.01893E+16
104143,104144,6,4,31,11,2016,4,12,6,1,0,7,0,0,1,0,0,0,0,1,4.72975E+20,5.49824E+21,8.62572E+15,4.96361E+16
104144,104145,6,4,12,0,2016,4,10,5,3,6,7,0,0,0,1,1,0,0,1,4.68329E+20,5.55012E+21,8.55714E+15,5.01025E+16
104145,104146,6,4,34,1,2016,4,16,3,3,0,7,0,0,1,0,0,1,0,0,4.71824E+20,5.56322E+21,8.60504E+15,5.02205E+16
104146,104147,6,4,31,13,2016,4,19,5,2,2,6,0,0,0,1,0,1,0,0,4.5642E+20,5.4999E+21,8.39628E+15,4.96501E+16
104147,104148,6,4,38,2,2016,4,7,3,3,0,7,0,0,1,0,0,0,0,1,4.80216E+20,5.53898E+21,8.72393E+15,5.00028E+16
104148,104149,6,4,38,10,2016,4,17,6,3,0,7,0,0,0,1,0,0,0,1,4.91077E+20,5.54754E+21,8.87528E+15,5.008E+16
104149,104150,6,4,33,6,2016,4,22,6,3,4,6,2,0,0,1,0,0,0,0,4.62107E+20,5.53097E+21,8.47203E+15,4.99299E+16
104150,104151,6,4,33,12,2016,4,12,5,3,1,7,0,0,1,1,0,0,0,0,4.59122E+20,5.53867E+21,8.42962E+15,4.9999E+16
104151,104152,6,4,12,0,2016,4,14,7,3,5,2,0,0,1,1,0,0,0,0,4.77187E+20,5.54926E+21,8.68105E+15,5.00952E+16
104152,104153,6,4,36,4,2016,4,13,5,3,0,7,0,0,0,0,1,0,0,1,4.58271E+20,5.54042E+21,8.41755E+15,5.00146E+16
104153,104154,6,4,40,2,2016,4,20,2,3,1,1,1,0,0,1,0,0,0,1,4.81386E+20,5.57862E+21,8.73832E+15,5.03594E+16
104154,104155,6,4,38,2,2016,4,7,6,3,5,3,0,1,1,1,0,0,0,0,4.76389E+20,5.54184E+21,8.67035E+15,5.00284E+16
104155,104156,6,4,33,10,2016,4,19,6,3,2,6,0,0,0,1,0,0,0,0,4.59584E+20,5.53963E+21,8.43597E+15,5.00076E+16
104156,104157,6,4,12,0,2016,4,9,5,3,5,3,0,0,1,1,0,0,0,0,4.77108E+20,5.55513E+21,8.67959E+15,5.0148E+16
104157,104158,6,4,32,15,2016,4,14,3,2,6,6,0,0,0,1,1,0,0,0,4.89868E+20,5.52965E+21,8.85886E+15,4.99191E+16
104158,104159,6,4,31,20,2016,4,18,4,3,1,5,0,0,1,1,0,0,0,0,4.69661E+20,5.48794E+21,8.58063E+15,4.95433E+16
104159,104160,6,4,33,6,2016,4,7,3,3,5,3,0,0,0,1,0,0,0,0,4.63205E+20,5.53078E+21,8.48734E+15,4.99282E+16
104160,104161,6,5,32,11,2016,4,16,4,2,0,1,0,0,0,0,0,1,0,0,4.43884E+20,5.62154E+21,8.20466E+15,5.07429E+16
104161,104162,6,6,11,0,2016,4,12,4,3,1,5,0,0,0,1,0,0,0,0,5.30975E+20,5.68425E+21,9.44439E+15,5.13088E+16
104162,104163,6,4,31,5,2016,4,17,2,3,1,5,0,0,1,1,0,0,0,0,4.60974E+20,5.49868E+21,8.45949E+15,4.96394E+16
104163,104164,6,4,35,14,2016,4,18,7,3,0,7,0,0,0,1,0,0,0,0,4.96643E+20,5.54906E+21,8.95307E+15,5.00938E+16
104164,104165,6,4,36,1,2016,4,19,4,3,8,7,0,0,0,1,0,0,0,0,4.64468E+20,5.5539E+21,8.5028E+15,5.01363E+16
104165,104166,6,6,33,13,2016,4,19,4,3,4,1,0,0,0,1,0,1,0,0,5.27434E+20,5.70489E+21,9.39518E+15,5.14944E+16
104166,104167,6,6,35,11,2016,4,6,4,3,6,2,1,0,0,1,1,0,0,0,4.84811E+20,5.65566E+21,8.7833E+15,5.10523E+16
104167,104168,6,4,33,12,2016,4,21,2,3,1,1,2,0,0,1,0,0,0,0,4.58169E+20,5.5377E+21,8.41643E+15,4.99902E+16
104168,104169,6,4,32,14,2016,4,12,6,3,0,4,0,0,0,1,1,0,0,0,4.78393E+20,5.51922E+21,8.69959E+15,4.9825E+16
104169,104170,6,5,31,18,2016,4,18,5,3,5,3,0,0,0,1,0,0,0,0,4.76923E+20,5.60897E+21,8.6737E+15,5.06321E+16
104170,104171,6,4,11,0,2016,4,18,5,2,5,3,0,0,0,1,0,0,0,0,4.74459E+20,5.52318E+21,8.64464E+15,4.98605E+16
104171,104172,6,6,31,9,2016,4,16,3,3,5,3,0,0,1,1,0,0,0,0,5.48433E+20,5.59851E+21,9.68345E+15,5.05366E+16
104172,104173,6,6,36,7,2016,4,17,3,3,6,4,0,0,0,1,1,0,0,0,5.74385E+20,5.67296E+21,1.00647E+16,5.12032E+16
104173,104174,6,4,13,0,2016,4,17,2,3,0,7,0,0,0,1,0,0,0,0,4.82751E+20,5.54971E+21,8.75882E+15,5.00994E+16
104174,104175,6,4,31,20,2016,4,16,4,3,0,7,0,0,0,1,1,0,0,1,4.69642E+20,5.48766E+21,8.58039E+15,4.95408E+16
104175,104176,6,4,38,2,2016,4,8,2,3,1,5,0,0,1,1,0,0,0,0,4.78189E+20,5.54114E+21,8.69552E+15,5.00221E+16
104176,104177,6,6,11,0,2016,4,16,7,3,5,2,0,1,0,1,0,0,0,0,5.37265E+20,5.68263E+21,9.53446E+15,5.12937E+16
104177,104178,6,4,14,0,2016,4,13,6,3,3,7,0,0,0,1,0,1,0,0,4.48031E+20,5.5427E+21,8.27433E+15,5.00344E+16
104178,104179,6,4,33,8,2016,4,14,5,3,5,3,0,0,0,1,0,0,0,0,4.69777E+20,5.53724E+21,8.5784E+15,4.99867E+16
104179,104180,6,4,32,11,2016,4,17,4,3,5,2,0,0,0,1,0,1,0,0,4.88998E+20,5.52433E+21,8.8469E+15,4.98712E+16
104180,104181,6,4,35,2,2016,4,12,7,2,6,2,0,0,0,0,1,0,0,1,5.26701E+20,5.56884E+21,9.37468E+15,5.02711E+16
104181,104182,6,4,13,0,2016,4,18,5,2,6,7,0,0,0,1,1,0,0,0,4.83155E+20,5.55026E+21,8.76445E+15,5.01044E+16
104182,104183,6,4,38,2,2016,4,16,7,3,7,1,0,0,0,0,0,1,0,0,4.82243E+20,5.53671E+21,8.75232E+15,4.99825E+16