FID,OBJECTID,ULAND,UREGBEZ,UKREIS,UGEMEINDE,UJAHR,UMONAT,USTUNDE,UWOCHENTAG,UKATEGORIE,UART,UTYP1,ULICHTVERH,IstStrasse,IstRad,IstPKW,IstFuss,IstKrad,IstGkfz,IstSonstig,LINREFX,LINREFY,XGCSWGS84,YGCSWGS84
104183,104184,6,6,31,20,2016,4,14,3,2,6,3,0,0,0,1,1,0,0,0,5.50279E+20,5.60063E+21,9.70978E+15,5.05555E+16
104184,104185,6,4,12,0,2016,4,8,3,3,5,3,0,0,1,1,0,0,0,0,4.7189E+20,5.55355E+21,8.60668E+15,5.01336E+16
104185,104186,6,4,11,0,2016,4,16,2,3,3,6,0,0,0,1,0,1,0,0,4.74924E+20,5.52638E+21,8.65091E+15,4.98893E+16
104186,104187,6,4,32,2,2016,4,10,2,3,5,3,0,0,1,1,0,0,0,0,4.96406E+20,5.53435E+21,8.94989E+15,4.99615E+16
104187,104188,6,4,12,0,2016,4,16,7,3,3,6,0,0,0,1,0,0,0,0,4.75383E+20,5.55064E+21,8.65573E+15,5.01075E+16
104188,104189,6,6,33,3,2016,4,7,6,3,5,2,0,0,0,1,0,1,0,0,5.30368E+20,5.67899E+21,9.43523E+15,5.12614E+16
104189,104190,6,4,33,7,2016,4,12,5,3,1,3,0,0,0,1,0,0,0,0,4.67284E+20,5.54412E+21,8.54303E+15,5.00484E+16
104190,104191,6,4,38,5,2016,4,11,7,3,6,7,0,0,0,1,1,0,0,0,4.8602E+20,5.54522E+21,8.80469E+15,5.00591E+16
104191,104192,6,6,31,6,2016,4,17,5,2,5,3,0,0,1,1,0,0,0,0,5.50228E+20,5.58716E+21,9.70725E+15,5.04343E+16
104192,104193,6,4,33,1,2016,4,11,2,3,5,3,0,0,0,1,0,0,0,0,4.61932E+20,5.51393E+21,8.47126E+15,4.97766E+16
104193,104194,6,4,12,0,2016,4,17,1,3,5,3,0,0,0,1,0,0,0,0,4.76454E+20,5.55035E+21,8.67073E+15,5.01049E+16
104194,104195,6,4,38,10,2016,4,10,5,3,5,3,0,0,1,1,0,0,0,0,4.89561E+20,5.54685E+21,8.85411E+15,5.00738E+16
104195,104196,6,4,12,0,2016,4,14,3,3,1,5,0,0,1,1,0,0,0,0,4.77018E+20,5.55094E+21,8.67859E+15,5.01103E+16
104196,104197,6,5,34,14,2016,4,7,2,2,6,4,0,0,0,1,1,0,0,0,4.82763E+20,5.6316E+21,8.75522E+15,5.08358E+16
104197,104198,6,4,40,2,2016,4,7,7,3,0,7,0,1,0,1,0,0,1,0,4.82254E+20,5.57906E+21,8.7505E+15,5.03633E+16
104198,104199,6,4,13,0,2016,4,13,6,3,6,4,0,0,0,1,1,0,0,0,4.82654E+20,5.55008E+21,8.75744E+15,5.01027E+16
104199,104200,6,4,34,1,2016,4,16,6,3,0,7,0,0,0,0,0,0,0,1,4.7195E+20,5.56354E+21,8.60679E+15,5.02234E+16
104200,104201,6,5,31,9,2016,4,12,6,3,5,3,0,0,0,1,0,0,0,1,4.76551E+20,5.59429E+21,8.66936E+15,5.05001E+16
104201,104202,6,4,33,9,2016,4,14,5,2,5,3,0,0,1,1,0,0,0,0,4.60385E+20,5.53253E+21,8.44787E+15,4.99438E+16
104202,104203,6,4,31,7,2016,4,0,7,3,5,3,2,0,0,1,0,0,1,0,4.84613E+20,5.49992E+21,8.78683E+15,4.96516E+16
104203,104204,6,6,33,20,2016,4,15,4,3,5,2,0,0,0,1,0,0,0,1,5.37938E+20,5.68532E+21,9.54439E+15,5.13179E+16
104204,104205,6,4,12,0,2016,4,9,4,3,6,7,0,0,1,0,1,0,0,0,4.77059E+20,5.55031E+21,8.6792E+15,5.01046E+16
104205,104206,6,5,31,11,2016,4,15,2,3,0,7,0,0,0,0,0,1,0,0,4.873E+20,5.59683E+21,8.82085E+15,5.05233E+16
104206,104207,6,4,34,1,2016,4,13,6,2,6,6,0,1,0,1,1,0,0,0,4.71894E+20,5.56348E+21,8.606E+15,5.02228E+16
104207,104208,6,5,31,5,2016,4,17,6,3,5,3,0,0,1,0,0,0,0,1,4.77038E+20,5.60299E+21,8.67569E+15,5.05784E+16
104208,104209,6,4,12,0,2016,4,12,5,3,6,4,0,0,0,1,1,0,0,0,4.76389E+20,5.5511E+21,8.66977E+15,5.01117E+16
104209,104210,6,5,32,23,2016,4,16,3,3,1,6,0,0,0,0,0,1,0,1,4.61015E+20,5.59966E+21,8.44975E+15,5.05475E+16
104210,104211,6,6,11,0,2016,4,13,6,3,6,4,0,1,0,1,1,0,0,0,5.3019E+20,5.68458E+21,9.43315E+15,5.13117E+16
104211,104212,6,4,11,0,2016,4,14,6,3,2,6,0,0,0,1,0,0,0,0,4.74054E+20,5.51667E+21,8.63945E+15,4.98019E+16
104212,104213,6,4,12,0,2016,4,13,5,3,1,1,0,0,0,1,0,0,0,0,4.70934E+20,5.5509E+21,8.5935E+15,5.01097E+16
104213,104214,6,4,12,0,2016,4,14,2,3,1,5,0,0,1,1,0,0,0,0,4.72579E+20,5.55685E+21,8.61608E+15,5.01633E+16
104214,104215,6,6,31,9,2016,4,12,5,3,5,3,0,0,0,1,0,0,0,0,5.48431E+20,5.59852E+21,9.68342E+15,5.05366E+16
104215,104216,6,4,34,6,2016,4,15,3,3,4,6,0,0,0,1,0,1,0,0,4.66707E+20,5.5574E+21,8.53382E+15,5.01679E+16
104216,104217,6,4,38,6,2016,4,9,4,3,6,7,0,0,0,1,0,0,0,1,4.76596E+20,5.53752E+21,8.6735E+15,4.99895E+16
104217,104218,6,4,38,6,2016,4,8,4,3,5,2,0,0,1,0,0,0,1,0,4.76031E+20,5.53826E+21,8.66558E+15,4.99962E+16
104218,104219,6,4,12,0,2016,4,17,1,3,6,7,0,0,0,1,1,0,0,0,4.73051E+20,5.55258E+21,8.623E+15,5.01249E+16
104219,104220,6,4,33,8,2016,4,16,6,3,2,6,0,0,0,1,0,0,0,0,4.69804E+20,5.5369E+21,8.5788E+15,4.99837E+16
104220,104221,6,6,11,0,2016,4,17,5,3,5,3,0,0,1,1,0,0,0,0,5.32527E+20,5.68787E+21,9.46699E+15,5.13412E+16
104221,104222,6,4,12,0,2016,4,8,2,3,2,6,0,0,0,1,0,0,0,0,4.74752E+20,5.55152E+21,8.64686E+15,5.01154E+16
104222,104223,6,4,14,0,2016,4,15,3,3,5,2,0,0,0,1,0,1,0,0,4.45824E+20,5.54711E+21,8.24289E+15,5.00738E+16
104223,104224,6,4,12,0,2016,4,8,2,3,6,7,0,0,0,1,1,0,0,0,4.75963E+20,5.55446E+21,8.66361E+15,5.01419E+16
104224,104225,6,6,11,0,2016,4,14,3,3,5,3,0,0,1,1,0,0,0,0,5.32961E+20,5.68426E+21,9.47288E+15,5.13087E+16
104225,104226,6,4,36,9,2016,4,11,2,3,5,2,0,0,1,1,0,0,0,0,4.61219E+20,5.5481E+21,8.45792E+15,5.00839E+16
104226,104227,6,4,14,0,2016,4,22,7,3,6,4,2,1,0,1,1,0,0,0,4.43284E+20,5.54744E+21,8.20735E+15,5.00765E+16
104227,104228,6,6,31,11,2016,4,19,4,3,0,7,0,0,0,1,0,1,0,0,5.41083E+20,5.60278E+21,9.5802E+15,5.05755E+16
104228,104229,6,4,35,14,2016,4,18,3,3,0,1,0,0,1,0,0,0,0,0,4.92847E+20,5.55357E+21,8.89991E+15,5.01343E+16
104229,104230,6,4,32,4,2016,4,13,4,3,2,2,0,1,0,1,0,0,0,0,4.89381E+20,5.52907E+21,8.8521E+15,4.99139E+16
104230,104231,6,4,34,6,2016,4,15,1,3,5,2,0,0,0,1,0,0,0,0,4.66799E+20,5.55919E+21,8.53496E+15,5.0184E+16
104231,104232,6,4,12,0,2016,4,20,1,3,6,7,1,0,0,1,1,0,0,0,4.7878E+20,5.55235E+21,8.70315E+15,5.0123E+16
104232,104233,6,5,31,5,2016,4,11,6,3,5,3,0,0,1,0,0,0,0,1,4.77402E+20,5.60402E+21,8.68077E+15,5.05876E+16
104233,104234,6,4,33,6,2016,4,7,7,3,5,3,0,0,1,1,0,0,0,0,4.62511E+20,5.52527E+21,8.47821E+15,4.98787E+16
104234,104235,6,6,33,28,2016,4,13,5,2,1,5,0,0,0,1,0,1,0,0,5.12744E+20,5.68546E+21,9.18288E+15,5.13203E+16
104235,104236,6,4,12,0,2016,4,16,3,3,6,4,0,0,0,1,1,0,0,0,4.77302E+20,5.54974E+21,8.68262E+15,5.00995E+16
104236,104237,6,6,35,11,2016,4,11,2,2,6,7,0,0,0,1,1,0,0,0,4.85318E+20,5.65631E+21,8.79051E+15,5.10581E+16
104237,104238,6,4,31,2,2016,4,21,2,3,4,6,2,0,1,1,0,0,0,0,4.72668E+20,5.50212E+21,8.62121E+15,4.9671E+16
104238,104239,6,4,32,23,2016,4,13,7,3,0,3,0,0,0,1,0,0,0,0,4.71155E+20,5.52742E+21,8.59836E+15,4.98985E+16
104239,104240,6,4,35,25,2016,4,14,6,3,5,3,0,0,0,1,0,0,0,0,5.38124E+20,5.57764E+21,9.53585E+15,5.03496E+16
104240,104241,6,4,33,2,2016,4,15,6,3,5,3,0,0,0,1,1,0,0,1,4.54219E+20,5.53828E+21,8.36126E+15,4.99951E+16
104241,104242,6,5,31,14,2016,4,16,5,3,6,7,0,0,0,1,1,0,0,0,4.81053E+20,5.59902E+21,8.7326E+15,5.05428E+16
104242,104243,6,4,12,0,2016,4,8,6,3,5,3,0,0,0,1,0,0,0,1,4.73481E+20,5.55162E+21,8.62908E+15,5.01163E+16
104243,104244,6,5,31,14,2016,4,22,5,3,8,1,2,0,0,1,0,0,0,0,4.79584E+20,5.59788E+21,8.71193E+15,5.05325E+16
104244,104245,6,4,33,4,2016,4,12,7,3,5,3,0,0,0,1,0,0,0,0,4.62962E+20,5.51102E+21,8.48585E+15,4.97505E+16
104245,104246,6,4,32,18,2016,4,9,5,2,5,3,0,0,1,1,0,0,0,0,4.71366E+20,5.51667E+21,8.60208E+15,4.98018E+16
104246,104247,6,5,31,5,2016,4,13,2,3,0,2,0,0,1,1,0,0,0,0,4.77932E+20,5.60354E+21,8.68829E+15,5.05833E+16
104247,104248,6,5,32,23,2016,4,21,7,3,5,2,2,1,0,1,0,0,0,0,4.64341E+20,5.60124E+21,8.49655E+15,5.0562E+16
104248,104249,6,4,13,0,2016,4,7,6,3,5,3,0,1,1,1,0,0,0,0,4.84814E+20,5.54895E+21,8.78769E+15,5.00926E+16
104249,104250,6,4,36,8,2016,4,18,6,3,0,7,0,0,0,1,0,0,0,0,4.60477E+20,5.55412E+21,8.44694E+15,5.0138E+16
104250,104251,6,6,33,20,2016,4,18,5,3,5,3,0,0,0,1,0,0,0,0,5.38172E+20,5.68482E+21,9.54769E+15,5.13134E+16
104251,104252,6,4,12,0,2016,4,13,2,3,3,6,0,0,1,1,0,0,0,0,4.78261E+20,5.55167E+21,8.69593E+15,5.01169E+16
104252,104253,6,4,33,10,2016,4,15,5,3,2,6,0,0,0,1,0,0,0,0,4.64121E+20,5.54201E+21,8.49906E+15,5.00293E+16
104253,104254,6,4,14,0,2016,4,9,4,3,1,5,0,0,0,1,0,0,0,0,4.43312E+20,5.54821E+21,8.20764E+15,5.00835E+16
104254,104255,6,4,12,0,2016,4,9,4,3,1,5,0,0,1,1,0,0,0,0,4.76494E+20,5.55081E+21,8.67127E+15,5.01091E+16
104255,104256,6,4,31,11,2016,4,19,4,3,5,3,1,0,0,1,0,0,0,0,4.74018E+20,5.49843E+21,8.64016E+15,4.96379E+16
104256,104257,6,6,34,14,2016,4,17,3,3,2,6,0,1,0,1,0,0,0,0,5.37523E+20,5.66433E+21,9.53623E+15,5.11292E+16
104257,104258,6,4,14,0,2016,4,7,5,2,5,3,0,0,1,1,0,0,0,0,4.43346E+20,5.54831E+21,8.2081E+15,5.00843E+16
104258,104259,6,4,14,0,2016,4,17,2,2,5,3,0,1,0,1,0,0,0,0,4.45481E+20,5.54583E+21,8.23829E+15,5.00622E+16
104259,104260,6,4,32,18,2016,5,18,3,3,8,6,0,0,1,1,0,0,0,0,4.71659E+20,5.51752E+21,8.6061E+15,4.98094E+16
104260,104261,6,5,33,8,2016,4,15,7,3,8,1,0,0,0,0,0,1,0,0,4.41919E+20,5.57276E+21,8.18441E+15,5.03041E+16
104261,104262,6,4,32,20,2016,4,11,6,3,1,5,0,0,0,1,0,0,0,0,4.81536E+20,5.52372E+21,8.74308E+15,4.98656E+16
104262,104263,6,4,14,0,2016,4,22,6,3,5,3,2,0,0,1,0,1,0,0,4.44364E+20,5.54733E+21,8.22246E+15,5.00756E+16
104263,104264,6,4,33,6,2016,4,0,7,3,8,1,2,0,0,1,1,0,0,0,4.63116E+20,5.5298E+21,8.4862E+15,4.99195E+16
104264,104265,6,5,32,12,2016,4,11,4,3,6,4,0,1,0,1,1,0,0,0,4.50858E+20,5.61464E+21,8.30441E+15,5.06815E+16
104265,104266,6,4,12,0,2016,5,14,2,3,1,5,0,0,0,1,1,0,0,1,4.77167E+20,5.54931E+21,8.68077E+15,5.00956E+16
104266,104267,6,4,31,19,2016,4,12,5,3,6,4,0,0,0,1,1,0,0,0,4.82638E+20,5.49687E+21,8.75961E+15,4.96241E+16
104267,104268,6,4,12,0,2016,4,13,4,3,5,3,0,1,0,1,0,1,0,0,4.77056E+20,5.55179E+21,8.67907E+15,5.01179E+16
104268,104269,6,4,13,0,2016,4,16,2,3,0,7,0,1,1,0,0,0,0,0,4.82566E+20,5.55029E+21,8.75621E+15,5.01046E+16
104269,104270,6,4,31,2,2016,4,9,6,3,0,3,0,0,1,0,0,0,0,1,4.72234E+20,5.50271E+21,8.61514E+15,4.96763E+16
104270,104271,6,5,31,8,2016,4,13,6,3,6,4,0,0,0,1,1,0,0,0,4.95662E+20,5.59465E+21,8.93883E+15,5.05038E+16
104271,104272,6,4,33,11,2016,5,13,3,3,2,1,0,0,1,1,0,0,0,0,4.63819E+20,5.52002E+21,8.49691E+15,4.98315E+16
104272,104273,6,4,12,0,2016,4,11,7,2,3,6,0,0,0,1,0,1,0,0,4.7381E+20,5.55644E+21,8.63335E+15,5.01596E+16
104273,104274,6,5,31,5,2016,4,0,5,2,5,3,2,0,0,1,0,0,0,0,4.78139E+20,5.60382E+21,8.6912E+15,5.05859E+16
104274,104275,6,4,12,0,2016,4,17,6,3,5,3,0,0,0,1,0,0,0,0,4.72076E+20,5.55146E+21,8.60944E+15,5.01148E+16
104275,104276,6,4,12,0,2016,4,7,6,2,2,6,0,0,1,0,0,1,0,0,4.83306E+20,5.55351E+21,8.76641E+15,5.01336E+16
104276,104277,6,4,33,12,2016,4,11,4,3,3,6,0,1,1,1,0,0,0,0,4.57744E+20,5.53801E+21,8.41047E+15,4.99929E+16
104277,104278,6,4,11,0,2016,5,9,2,3,5,3,0,0,0,1,0,1,0,0,4.75078E+20,5.52324E+21,8.65325E+15,4.9861E+16
104278,104279,6,4,33,12,2016,4,17,5,3,1,5,0,0,1,1,0,0,0,0,4.58412E+20,5.53667E+21,8.41993E+15,4.99809E+16
104279,104280,6,4,32,4,2016,5,11,2,3,6,2,0,0,0,1,1,0,0,0,4.88457E+20,5.52755E+21,8.83927E+15,4.99002E+16
104280,104281,6,6,35,15,2016,4,14,5,2,0,1,0,0,1,0,0,0,0,0,4.90508E+20,5.68059E+21,8.86392E+15,5.12766E+16
104281,104282,6,4,12,0,2016,4,0,1,3,5,7,2,0,0,1,0,0,0,0,4.77402E+20,5.55125E+21,8.68394E+15,5.01131E+16
104282,104283,6,4,12,0,2016,4,16,4,3,0,4,0,0,0,1,1,1,0,0,4.76905E+20,5.55011E+21,8.67706E+15,5.01028E+16
104283,104284,6,4,38,1,2016,4,9,6,3,2,6,0,0,0,1,0,0,0,0,4.8516E+20,5.53996E+21,8.79289E+15,5.00118E+16
104284,104285,6,4,35,25,2016,4,17,3,3,5,2,0,0,0,1,0,1,0,0,5.37286E+20,5.57772E+21,9.52409E+15,5.03504E+16
104285,104286,6,4,34,1,2016,4,16,6,2,2,6,0,0,1,1,0,0,0,0,4.71928E+20,5.56288E+21,8.60652E+15,5.02174E+16
104286,104287,6,4,38,10,2016,4,21,6,3,5,2,2,0,1,1,0,0,0,0,4.88952E+20,5.54618E+21,8.84562E+15,5.00678E+16
104287,104288,6,4,38,6,2016,5,17,2,2,5,2,0,0,1,1,0,0,0,0,4.7507E+20,5.53788E+21,8.65219E+15,4.99927E+16
104288,104289,6,4,12,0,2016,4,18,4,3,1,7,0,0,0,0,0,1,0,1,4.73007E+20,5.55192E+21,8.62242E+15,5.01189E+16
104289,104290,6,4,40,8,2016,5,7,2,2,5,3,0,0,1,1,0,0,0,0,4.82307E+20,5.57682E+21,8.75134E+15,5.03432E+16
104290,104291,6,5,33,9,2016,4,16,5,3,2,6,0,0,0,1,0,0,0,0,4.3165E+20,5.58306E+21,8.03836E+15,5.03956E+16
104291,104292,6,6,34,9,2016,4,17,7,3,8,1,0,0,0,0,0,1,0,0,5.27698E+20,5.65534E+21,9.39515E+15,5.10489E+16
104292,104293,6,4,12,0,2016,4,16,4,3,2,6,0,0,0,1,0,0,0,0,4.84031E+20,5.55395E+21,8.77654E+15,5.01376E+16
104293,104294,6,4,38,9,2016,4,10,3,3,5,2,0,0,0,1,0,0,1,0,4.75273E+20,5.54461E+21,8.65459E+15,5.00533E+16
104294,104295,6,6,31,9,2016,4,12,6,3,6,4,0,0,0,1,1,0,0,0,5.46809E+20,5.60206E+21,9.66098E+15,5.05686E+16
104295,104296,6,4,12,0,2016,4,17,2,3,2,6,0,1,0,1,0,0,0,0,4.72123E+20,5.54944E+21,8.61024E+15,5.00966E+16
104296,104297,6,4,38,5,2016,5,13,3,3,6,4,0,0,0,1,1,0,0,0,4.84642E+20,5.5448E+21,8.78545E+15,5.00553E+16
104297,104298,6,4,32,8,2016,5,17,1,3,0,6,0,0,1,1,0,0,0,0,4.68611E+20,5.52259E+21,8.56333E+15,4.98549E+16
104298,104299,6,6,11,0,2016,4,13,5,3,5,3,0,0,0,1,0,0,0,1,5.37131E+20,5.6843E+21,9.53271E+15,5.13088E+16
104299,104300,6,4,31,20,2016,4,14,7,3,3,6,0,0,1,0,0,0,0,0,4.6935E+20,5.48741E+21,8.57637E+15,4.95385E+16
104300,104301,6,4,40,18,2016,4,22,7,2,0,1,2,0,1,0,0,0,0,0,4.78146E+20,5.57809E+21,8.69279E+15,5.03544E+16
104301,104302,6,4,35,21,2016,5,3,1,3,9,1,2,0,0,1,0,0,0,0,4.91853E+20,5.56325E+21,8.88579E+15,5.02213E+16
104302,104303,6,4,38,11,2016,5,13,1,3,1,5,0,0,1,1,0,0,0,0,4.91546E+20,5.54158E+21,8.88197E+15,5.00264E+16
104303,104304,6,4,13,0,2016,4,10,5,3,6,6,0,0,1,0,1,0,0,0,4.8351E+20,5.55025E+21,8.7694E+15,5.01043E+16
104304,104305,6,6,11,0,2016,4,12,7,3,5,3,0,0,0,1,0,0,0,0,5.33008E+20,5.68251E+21,9.47339E+15,5.1293E+16
104305,104306,6,4,12,0,2016,4,18,7,3,0,1,0,0,1,0,0,0,0,0,4.74547E+20,5.55039E+21,8.64406E+15,5.01052E+16
104306,104307,6,4,12,0,2016,4,12,4,2,6,4,0,0,0,1,1,0,0,0,4.81917E+20,5.55228E+21,8.74704E+15,5.01224E+16
104307,104308,6,4,38,6,2016,4,7,3,3,5,3,0,1,1,1,0,0,0,0,4.75025E+20,5.53879E+21,8.65151E+15,5.00009E+16
104308,104309,6,4,12,0,2016,4,19,5,3,5,3,0,0,0,1,0,0,0,0,4.71298E+20,5.55105E+21,8.59858E+15,5.0111E+16
104309,104310,6,4,12,0,2016,4,13,5,3,0,1,0,1,0,0,0,1,0,0,4.77155E+20,5.55218E+21,8.68042E+15,5.01214E+16
104310,104311,6,4,35,14,2016,4,7,2,3,2,6,0,1,1,0,0,0,0,1,4.96026E+20,5.54983E+21,8.94444E+15,5.01007E+16
104311,104312,6,4,11,0,2016,5,10,3,3,2,6,0,0,0,1,0,0,0,0,4.72898E+20,5.52606E+21,8.62273E+15,4.98863E+16
104312,104313,6,4,14,0,2016,4,18,7,3,6,4,0,0,0,1,1,0,0,0,4.41513E+20,5.54628E+21,8.18279E+15,5.00659E+16
104313,104314,6,4,13,0,2016,4,5,5,3,5,3,1,0,1,1,0,0,0,0,4.83159E+20,5.55031E+21,8.7645E+15,5.01048E+16
104314,104315,6,4,12,0,2016,4,18,6,3,5,3,0,0,1,1,0,0,0,0,4.75721E+20,5.56037E+21,8.65985E+15,5.0195E+16
104315,104316,6,4,14,0,2016,4,18,6,3,0,6,0,0,1,0,0,0,0,1,4.45872E+20,5.54868E+21,8.24335E+15,5.00879E+16
104316,104317,6,4,33,9,2016,4,19,4,2,6,4,0,0,0,1,1,0,0,0,4.61107E+20,5.53341E+21,8.45786E+15,4.99517E+16
104317,104318,6,4,12,0,2016,5,14,2,3,2,6,0,0,0,1,0,0,0,0,4.76988E+20,5.55194E+21,8.67811E+15,5.01192E+16
104318,104319,6,4,40,2,2016,4,18,5,3,1,6,0,0,0,1,0,0,0,0,4.81525E+20,5.58041E+21,8.74019E+15,5.03754E+16
104319,104320,6,4,12,0,2016,4,17,4,3,2,6,0,0,1,1,0,0,0,0,4.76812E+20,5.55064E+21,8.67572E+15,5.01076E+16
104320,104321,6,6,31,15,2016,4,15,4,3,0,7,0,0,0,0,1,1,0,0,5.55069E+20,5.61256E+21,9.77917E+15,5.06623E+16
104321,104322,6,4,12,0,2016,4,18,4,3,5,2,0,0,1,1,0,0,0,0,4.77249E+20,5.55161E+21,8.68178E+15,5.01163E+16
104322,104323,6,4,12,0,2016,5,16,2,3,5,3,0,0,0,1,0,1,0,0,4.67011E+20,5.55015E+21,8.53871E+15,5.01027E+16
104323,104324,6,4,12,0,2016,4,19,5,3,0,1,0,0,0,1,0,1,0,0,4.79989E+20,5.55124E+21,8.72012E+15,5.0113E+16
104324,104325,6,4,39,3,2016,4,19,5,3,0,7,0,0,0,1,1,0,0,0,4.34696E+20,5.54164E+21,8.08833E+15,5.00235E+16
104325,104326,6,6,36,4,2016,4,12,4,2,1,7,0,1,0,1,1,0,0,0,5.54669E+20,5.67873E+21,9.78345E+15,5.12573E+16
104326,104327,6,6,11,0,2016,4,14,2,3,0,1,0,0,1,0,0,0,0,0,5.31371E+20,5.68121E+21,9.44981E+15,5.12814E+16
104327,104328,6,5,32,23,2016,5,13,3,3,2,6,0,0,0,1,0,1,0,0,4.6648E+20,5.59908E+21,8.52693E+15,5.05427E+16
104328,104329,6,4,12,0,2016,4,17,7,3,0,7,0,0,0,1,0,0,0,0,4.75385E+20,5.55449E+21,8.65552E+15,5.01421E+16
104329,104330,6,4,12,0,2016,4,19,5,3,5,2,0,0,1,1,0,0,0,0,4.73944E+20,5.5525E+21,8.63549E+15,5.01242E+16
104330,104331,6,4,37,11,2016,4,13,6,3,5,3,0,0,0,1,0,0,0,0,4.99934E+20,5.50283E+21,8.99909E+15,4.9678E+16
104331,104332,6,4,11,0,2016,4,18,6,2,5,3,0,0,1,1,0,0,0,0,4.75663E+20,5.52513E+21,8.66127E+15,4.98781E+16
104332,104333,6,4,12,0,2016,4,17,4,3,6,7,0,0,0,1,1,0,0,0,4.81918E+20,5.55456E+21,8.74694E+15,5.0143E+16
104333,104334,6,6,34,22,2016,5,15,2,3,6,2,0,0,0,1,1,0,0,0,5.12868E+20,5.64006E+21,9.18303E+15,5.09121E+16
104334,104335,6,4,12,0,2016,4,16,4,3,6,7,0,1,0,1,1,0,0,0,4.7641E+20,5.5507E+21,8.6701E+15,5.01081E+16
104335,104336,6,6,31,9,2016,4,17,5,3,1,7,0,0,0,1,0,0,0,1,5.48286E+20,5.60054E+21,9.68163E+15,5.05548E+16
104336,104337,6,4,32,20,2016,5,14,2,3,1,7,0,0,0,1,0,0,0,0,4.85054E+20,5.52431E+21,8.79201E+15,4.9871E+16
104337,104338,6,4,12,0,2016,4,8,5,3,6,2,0,0,0,1,1,0,0,0,4.78159E+20,5.55039E+21,8.69457E+15,5.01054E+16
104338,104339,6,4,38,9,2016,4,17,1,3,5,3,0,0,0,1,0,0,0,0,4.77128E+20,5.54432E+21,8.68051E+15,5.00507E+16
104339,104340,6,4,35,3,2016,5,16,2,2,5,3,0,0,0,1,0,1,0,0,5.19796E+20,5.56144E+21,9.2774E+15,5.02049E+16
104340,104341,6,4,38,6,2016,4,0,2,2,8,7,2,0,0,1,0,0,0,0,4.75157E+20,5.53829E+21,8.65338E+15,4.99964E+16
104341,104342,6,4,12,0,2016,4,15,5,2,6,4,0,0,0,1,1,0,0,0,4.76434E+20,5.55153E+21,8.67038E+15,5.01155E+16
104342,104343,6,5,32,17,2016,4,17,6,3,5,2,0,0,0,1,0,1,0,0,4.55268E+20,5.61466E+21,8.36684E+15,5.06821E+16
104343,104344,6,4,38,6,2016,4,10,3,3,2,6,0,0,0,1,0,0,0,0,4.76762E+20,5.53683E+21,8.67586E+15,4.99833E+16
104344,104345,6,4,34,7,2016,5,13,2,3,5,3,0,0,1,1,0,0,0,0,4.65495E+20,5.57248E+21,8.51548E+15,5.03034E+16
104345,104346,6,4,31,2,2016,5,12,2,2,5,2,0,0,0,1,0,1,0,0,4.70528E+20,5.50269E+21,8.5915E+15,4.96761E+16
104346,104347,6,4,11,0,2016,4,7,5,3,2,6,0,0,0,1,0,0,0,0,4.76207E+20,5.52685E+21,8.66874E+15,4.98936E+16
104347,104348,6,4,14,0,2016,4,7,7,3,5,3,0,1,0,1,0,0,0,0,4.49747E+20,5.54008E+21,8.29864E+15,5.00109E+16
104348,104349,6,4,11,0,2016,4,18,4,2,8,1,0,0,0,1,0,0,0,0,4.75496E+20,5.52824E+21,8.65875E+15,4.99061E+16
104349,104350,6,4,38,1,2016,4,19,3,3,0,7,0,0,1,0,0,0,0,0,4.83815E+20,5.53926E+21,8.77413E+15,5.00055E+16
104350,104351,6,6,11,0,2016,4,7,5,3,5,3,0,1,1,1,0,0,0,0,5.32584E+20,5.68764E+21,9.46778E+15,5.13391E+16
104351,104352,6,4,32,23,2016,4,16,4,3,5,3,0,0,0,1,0,0,0,0,4.70368E+20,5.52542E+21,8.58755E+15,4.98805E+16
104352,104353,6,4,32,18,2016,4,6,3,3,5,3,0,1,0,1,0,1,0,0,4.71643E+20,5.51673E+21,8.60594E+15,4.98024E+16
104353,104354,6,4,40,1,2016,4,11,6,3,5,3,0,0,1,1,0,0,0,0,4.97431E+20,5.56854E+21,8.96395E+15,5.0269E+16
104354,104355,6,4,12,0,2016,5,13,1,3,0,1,0,0,1,0,0,0,0,0,4.7709E+20,5.55017E+21,8.67964E+15,5.01033E+16
104355,104356,6,4,31,7,2016,5,11,1,2,0,7,0,0,0,0,0,0,0,1,4.83291E+20,5.50148E+21,8.76845E+15,4.96657E+16
104356,104357,6,4,11,0,2016,4,14,5,3,2,6,0,0,0,1,0,0,0,0,4.75189E+20,5.52579E+21,8.65463E+15,4.9884E+16
104357,104358,6,6,35,11,2016,4,18,7,2,0,5,0,0,1,1,0,0,0,0,4.85793E+20,5.65651E+21,8.79728E+15,5.106E+16
104358,104359,6,4,38,2,2016,4,14,7,3,5,3,0,1,1,1,0,0,0,0,4.78189E+20,5.54099E+21,8.69553E+15,5.00208E+16
104359,104360,6,4,35,17,2016,4,12,4,3,2,6,0,1,0,1,0,0,1,1,5.02027E+20,5.55766E+21,9.02839E+15,5.01712E+16
104360,104361,6,4,37,11,2016,4,16,4,2,6,4,0,0,0,1,1,0,0,0,5.0015E+20,5.50303E+21,9.00207E+15,4.96798E+16
104361,104362,6,4,33,12,2016,4,9,3,3,6,7,0,0,0,0,1,0,1,0,4.57957E+20,5.53826E+21,8.41342E+15,4.99952E+16