FID,OBJECTID,ULAND,UREGBEZ,UKREIS,UGEMEINDE,UJAHR,UMONAT,USTUNDE,UWOCHENTAG,UKATEGORIE,UART,UTYP1,ULICHTVERH,IstStrasse,IstRad,IstPKW,IstFuss,IstKrad,IstGkfz,IstSonstig,LINREFX,LINREFY,XGCSWGS84,YGCSWGS84
104362,104363,6,4,12,0,2016,4,17,5,3,3,6,0,0,0,1,0,1,0,0,4.73762E+20,5.55643E+21,8.63268E+15,5.01595E+16
104363,104364,6,4,11,0,2016,4,16,5,3,5,2,0,0,1,1,0,0,0,0,4.75596E+20,5.52559E+21,8.66031E+15,4.98822E+16
104364,104365,6,6,11,0,2016,4,20,4,3,5,3,1,0,0,1,0,0,0,0,5.31039E+20,5.68616E+21,9.44547E+15,5.13259E+16
104365,104366,6,4,40,12,2016,4,8,2,3,5,3,0,0,0,1,0,1,0,0,4.83858E+20,5.56558E+21,8.77363E+15,5.02422E+16
104366,104367,6,4,31,2,2016,5,8,3,3,2,6,0,0,0,1,0,0,0,0,4.7265E+20,5.50209E+21,8.62095E+15,4.96708E+16
104367,104368,6,4,36,11,2016,4,12,7,3,5,3,0,0,0,1,0,0,0,0,4.66377E+20,5.55513E+21,8.52941E+15,5.01474E+16
104368,104369,6,4,32,18,2016,4,19,2,3,4,6,0,1,1,1,0,0,0,0,4.68449E+20,5.51603E+21,8.56161E+15,4.97959E+16
104369,104370,6,4,36,5,2016,5,15,3,2,1,5,0,0,0,1,0,1,0,0,4.62869E+20,5.54595E+21,8.4812E+15,5.00647E+16
104370,104371,6,4,35,14,2016,5,19,1,3,0,2,0,0,0,0,0,1,0,0,4.93336E+20,5.55095E+21,8.9068E+15,5.01107E+16
104371,104372,6,6,35,3,2016,4,14,5,3,0,1,0,0,0,0,1,0,0,1,5.08329E+20,5.66296E+21,9.119E+15,5.11181E+16
104372,104373,6,5,33,13,2016,4,7,6,3,6,4,0,0,0,1,1,0,0,0,4.36254E+20,5.58564E+21,8.1027E+15,5.04193E+16
104373,104374,6,4,31,2,2016,4,19,7,3,5,3,0,0,0,1,0,0,0,0,4.70519E+20,5.50269E+21,8.59138E+15,4.9676E+16
104374,104375,6,4,14,0,2016,4,7,3,3,5,3,0,0,1,1,0,0,0,0,4.45836E+20,5.5452E+21,8.24333E+15,5.00566E+16
104375,104376,6,4,12,0,2016,5,9,2,3,5,3,0,0,0,1,0,0,0,0,4.6906E+20,5.54989E+21,8.56738E+15,5.01005E+16
104376,104377,6,4,36,8,2016,4,14,5,3,6,4,0,0,0,1,1,0,0,0,4.60464E+20,5.55453E+21,8.4467E+15,5.01417E+16
104377,104378,6,4,38,9,2016,4,7,4,3,5,3,1,0,1,1,0,0,0,0,4.77134E+20,5.54472E+21,8.68058E+15,5.00544E+16
104378,104379,6,5,34,4,2016,4,20,2,3,5,3,1,1,1,1,0,0,0,0,4.66184E+20,5.6407E+21,8.51894E+15,5.09169E+16
104379,104380,6,4,38,2,2016,4,13,5,3,2,6,0,0,0,1,0,0,0,1,4.78187E+20,5.54234E+21,8.69542E+15,5.00329E+16
104380,104381,6,4,38,8,2016,4,15,5,3,0,5,0,0,1,1,0,0,0,0,4.89034E+20,5.55109E+21,8.84663E+15,5.0112E+16
104381,104382,6,4,35,19,2016,4,13,6,3,5,3,0,0,1,1,0,0,0,0,4.89591E+20,5.55373E+21,8.85435E+15,5.01357E+16
104382,104383,6,4,38,6,2016,4,8,5,3,2,6,0,0,0,1,0,0,0,0,4.76792E+20,5.53682E+21,8.67628E+15,4.99832E+16
104383,104384,6,4,12,0,2016,4,17,6,3,6,4,0,0,1,0,1,0,0,0,4.74992E+20,5.55138E+21,8.65022E+15,5.01142E+16
104384,104385,6,4,12,0,2016,4,3,6,3,1,1,2,0,0,1,0,0,0,0,4.72027E+20,5.55505E+21,8.60848E+15,5.0147E+16
104385,104386,6,4,13,0,2016,4,14,3,3,6,2,0,0,0,1,1,0,0,0,4.83154E+20,5.55051E+21,8.76441E+15,5.01066E+16
104386,104387,6,4,11,0,2016,5,19,2,3,5,3,0,0,1,1,0,0,0,0,4.76775E+20,5.52821E+21,8.67656E+15,4.99059E+16
104387,104388,6,4,31,20,2016,4,10,5,3,2,6,0,0,1,0,0,0,1,0,4.69762E+20,5.48665E+21,8.58212E+15,4.95317E+16
104388,104389,6,4,38,1,2016,5,17,2,3,5,3,0,0,1,1,0,0,0,0,4.84633E+20,5.54145E+21,8.78546E+15,5.00251E+16
104389,104390,6,4,38,10,2016,4,19,5,2,0,1,0,0,1,0,0,0,0,0,4.89496E+20,5.54673E+21,8.85321E+15,5.00727E+16
104390,104391,6,4,12,0,2016,4,20,1,3,9,1,1,1,0,1,0,0,0,0,4.6927E+20,5.54832E+21,8.57044E+15,5.00864E+16
104391,104392,6,4,33,12,2016,4,5,3,3,6,4,2,1,0,0,1,0,0,1,4.5599E+20,5.53801E+21,8.38599E+15,4.99928E+16
104392,104393,6,4,38,9,2016,4,21,6,3,6,2,2,0,0,1,1,0,0,0,4.77817E+20,5.5446E+21,8.69013E+15,5.00533E+16
104393,104394,6,6,31,22,2016,5,15,2,2,5,3,0,0,1,1,0,0,0,0,5.63373E+20,5.61913E+21,9.89776E+15,5.07205E+16
104394,104395,6,4,11,0,2016,5,17,1,3,2,6,0,0,0,1,0,0,0,0,4.74781E+20,5.52452E+21,8.64903E+15,4.98725E+16
104395,104396,6,4,38,2,2016,5,18,2,3,5,3,0,0,0,1,0,0,0,0,4.79141E+20,5.54192E+21,8.70877E+15,5.00292E+16
104396,104397,6,4,14,0,2016,4,8,4,3,1,5,0,0,1,1,0,0,0,0,4.45001E+20,5.5481E+21,8.23126E+15,5.00826E+16
104397,104398,6,4,32,19,2016,5,6,2,3,5,3,0,0,0,1,0,1,0,0,4.87294E+20,5.52025E+21,8.82332E+15,4.98346E+16
104398,104399,6,4,34,8,2016,4,10,5,3,6,7,0,0,0,0,1,0,0,1,4.69931E+20,5.56117E+21,8.57867E+15,5.0202E+16
104399,104400,6,5,31,14,2016,4,3,1,3,8,1,2,0,0,1,0,0,0,0,4.81297E+20,5.59856E+21,8.73606E+15,5.05387E+16
104400,104401,6,4,37,2,2016,4,18,4,3,2,6,0,0,0,1,0,0,0,0,4.99102E+20,5.4929E+21,8.98757E+15,4.95887E+16
104401,104402,6,4,33,5,2016,4,8,3,3,5,3,0,0,1,1,0,0,0,0,4.51644E+20,5.5384E+21,8.32532E+15,4.9996E+16
104402,104403,6,6,31,9,2016,4,20,6,3,0,3,0,0,0,1,0,0,0,1,5.44608E+20,5.60153E+21,9.62984E+15,5.0564E+16
104403,104404,6,4,33,8,2016,4,13,2,3,5,3,0,0,1,1,0,0,0,0,4.69613E+20,5.53895E+21,8.57599E+15,5.00021E+16
104404,104405,6,5,33,9,2016,5,23,2,3,9,1,2,0,0,1,0,0,0,0,4.36123E+20,5.58316E+21,8.10127E+15,5.0397E+16
104405,104406,6,4,32,23,2016,5,10,1,3,5,3,0,0,0,1,0,1,0,0,4.7202E+20,5.52765E+21,8.61038E+15,4.99006E+16
104406,104407,6,5,32,12,2016,5,17,1,2,0,7,0,0,0,0,0,1,0,0,4.51243E+20,5.61602E+21,8.30968E+15,5.06939E+16
104407,104408,6,4,34,1,2016,4,19,5,3,5,3,0,0,1,1,0,0,0,0,4.72238E+20,5.5642E+21,8.61077E+15,5.02293E+16
104408,104409,6,4,31,20,2016,4,20,7,3,8,1,1,0,0,1,0,0,0,0,4.70433E+20,5.48911E+21,8.59121E+15,4.95538E+16
104409,104410,6,4,36,7,2016,4,14,7,3,4,6,0,1,0,1,0,0,0,0,4.61523E+20,5.54896E+21,8.46209E+15,5.00917E+16
104410,104411,6,4,12,0,2016,4,7,3,3,6,4,0,1,0,0,1,1,0,0,4.66192E+20,5.55108E+21,8.52718E+15,5.0111E+16
104411,104412,6,6,36,6,2016,4,8,4,3,2,6,0,0,0,1,0,0,0,0,5.50105E+20,5.67259E+21,9.71719E+15,5.12025E+16
104412,104413,6,4,13,0,2016,5,10,2,2,6,6,0,0,1,0,1,0,0,0,4.83012E+20,5.5503E+21,8.76245E+15,5.01047E+16
104413,104414,6,4,34,1,2016,4,8,5,3,4,2,0,0,1,1,0,0,0,0,4.71524E+20,5.5653E+21,8.60068E+15,5.02392E+16
104414,104415,6,4,12,0,2016,4,15,7,3,5,3,0,0,0,1,0,0,0,0,4.77902E+20,5.55293E+21,8.69084E+15,5.01282E+16
104415,104416,6,4,12,0,2016,4,16,7,3,1,5,0,0,1,1,0,0,0,0,4.74026E+20,5.55566E+21,8.63642E+15,5.01526E+16
104416,104417,6,6,33,3,2016,4,20,4,2,5,3,0,0,0,0,0,0,1,1,5.31119E+20,5.67676E+21,9.4458E+15,5.12414E+16
104417,104418,6,4,33,8,2016,4,13,3,2,2,6,0,0,1,1,0,0,0,0,4.70534E+20,5.54014E+21,8.58873E+15,5.00128E+16
104418,104419,6,4,12,0,2016,4,17,5,3,2,6,0,0,0,1,0,0,0,0,4.70569E+20,5.55243E+21,8.58828E+15,5.01233E+16
104419,104420,6,4,33,8,2016,4,4,2,3,5,3,2,0,0,1,0,0,1,0,4.69025E+20,5.53925E+21,8.56776E+15,5.00047E+16
104420,104421,6,4,32,18,2016,5,10,3,2,5,3,0,1,1,1,0,0,0,0,4.7187E+20,5.5163E+21,8.60913E+15,4.97985E+16
104421,104422,6,4,14,0,2016,4,20,7,3,0,2,1,0,0,1,0,0,0,1,4.49077E+20,5.54099E+21,8.28916E+15,5.00191E+16
104422,104423,6,4,35,10,2016,4,13,5,2,5,3,0,0,1,0,0,0,0,0,5.09327E+20,5.55917E+21,9.13065E+15,5.01846E+16
104423,104424,6,4,12,0,2016,4,23,6,2,9,1,2,0,0,1,0,0,0,0,4.67612E+20,5.55063E+21,8.54707E+15,5.01071E+16
104424,104425,6,4,14,0,2016,4,17,6,3,5,3,0,0,0,1,0,0,0,0,4.49052E+20,5.54101E+21,8.28882E+15,5.00193E+16
104425,104426,6,4,12,0,2016,4,7,3,3,0,2,0,1,0,0,0,1,0,0,4.72916E+20,5.54806E+21,8.62143E+15,5.00842E+16
104426,104427,6,4,12,0,2016,5,9,2,3,6,4,0,0,0,1,1,0,0,0,4.73984E+20,5.55007E+21,8.63622E+15,5.01023E+16
104427,104428,6,4,32,18,2016,4,15,5,3,5,3,0,0,1,0,0,0,0,0,4.71485E+20,5.51723E+21,8.60371E+15,4.98069E+16
104428,104429,6,4,38,8,2016,4,18,4,3,5,3,0,1,1,1,0,0,0,0,4.88279E+20,5.55241E+21,8.83603E+15,5.01238E+16
104429,104430,6,4,33,6,2016,4,11,2,2,3,6,0,0,1,1,0,0,0,0,4.63076E+20,5.52927E+21,8.4857E+15,4.99147E+16
104430,104431,6,4,11,0,2016,4,7,5,3,5,2,0,0,1,1,0,0,0,0,4.7443E+20,5.51783E+21,8.64459E+15,4.98123E+16
104431,104432,6,4,12,0,2016,4,11,5,3,1,5,0,0,1,1,0,0,0,0,4.76988E+20,5.55035E+21,8.6782E+15,5.0105E+16
104432,104433,6,6,32,1,2016,4,7,5,3,5,3,0,1,0,1,0,0,0,0,5.46701E+20,5.65502E+21,9.66619E+15,5.10448E+16
104433,104434,6,4,38,8,2016,4,19,4,3,4,6,0,0,0,1,0,1,0,0,4.88189E+20,5.55226E+21,8.83477E+15,5.01224E+16
104434,104435,6,5,32,23,2016,4,20,2,3,6,6,1,1,0,1,1,0,0,0,4.64761E+20,5.60147E+21,8.50245E+15,5.05641E+16
104435,104436,6,6,31,9,2016,5,8,3,3,1,7,1,0,0,1,0,0,0,1,5.48274E+20,5.60053E+21,9.68146E+15,5.05547E+16
104436,104437,6,4,12,0,2016,4,21,7,3,5,3,2,0,0,1,0,1,0,0,4.77575E+20,5.55454E+21,8.68617E+15,5.01427E+16
104437,104438,6,4,32,19,2016,4,15,5,2,6,4,0,0,0,1,1,0,0,0,4.88012E+20,5.51926E+21,8.83332E+15,4.98256E+16
104438,104439,6,4,12,0,2016,4,7,6,3,5,2,0,0,0,1,0,1,0,0,4.79274E+20,5.55271E+21,8.71005E+15,5.01262E+16
104439,104440,6,4,12,0,2016,4,7,6,3,2,7,0,0,0,0,0,1,0,1,4.74735E+20,5.55159E+21,8.64662E+15,5.0116E+16
104440,104441,6,4,12,0,2016,4,20,3,3,5,3,0,0,0,1,0,0,0,0,4.73513E+20,5.55041E+21,8.62961E+15,5.01053E+16
104441,104442,6,4,11,0,2016,5,12,2,3,5,2,0,0,0,1,0,0,0,0,4.76333E+20,5.52227E+21,8.67077E+15,4.98524E+16
104442,104443,6,5,34,21,2016,4,13,5,3,5,3,0,0,0,1,0,0,0,0,4.81023E+20,5.6392E+21,8.73011E+15,5.09041E+16
104443,104444,6,4,32,10,2016,5,13,2,3,8,7,0,0,1,0,0,0,0,0,4.94664E+20,5.52393E+21,8.92575E+15,4.98678E+16
104444,104445,6,5,35,1,2016,4,22,5,3,1,5,2,0,0,1,0,0,0,1,5.19094E+20,5.62337E+21,9.27072E+15,5.07618E+16
104445,104446,6,6,33,28,2016,4,23,1,3,6,7,2,0,0,1,1,0,0,0,5.11792E+20,5.68621E+21,9.16925E+15,5.1327E+16
104446,104447,6,6,35,12,2016,4,13,4,3,5,3,0,0,1,1,0,0,0,0,4.97843E+20,5.64663E+21,8.96928E+15,5.09713E+16
104447,104448,6,4,32,18,2016,4,20,6,3,5,2,2,0,0,1,0,0,0,0,4.71888E+20,5.51717E+21,8.60931E+15,4.98063E+16
104448,104449,6,6,31,9,2016,4,12,3,3,2,2,0,0,0,1,0,0,0,0,5.48444E+20,5.60128E+21,9.68396E+15,5.05614E+16
104449,104450,6,4,33,12,2016,4,9,5,3,5,3,0,0,0,1,0,0,0,0,4.58727E+20,5.53818E+21,8.42416E+15,4.99945E+16
104450,104451,6,4,40,3,2016,4,18,6,3,0,7,0,0,1,1,0,0,0,0,4.80731E+20,5.55863E+21,8.73013E+15,5.01796E+16
104451,104452,6,6,31,9,2016,4,9,3,3,0,7,0,1,0,0,0,1,0,0,5.49238E+20,5.60005E+21,9.69501E+15,5.05503E+16
104452,104453,6,4,12,0,2016,4,17,3,3,5,3,0,0,1,1,0,0,0,0,4.75644E+20,5.55212E+21,8.6593E+15,5.01208E+16
104453,104454,6,4,38,11,2016,5,14,2,2,5,3,0,0,1,1,0,0,0,0,4.90506E+20,5.53899E+21,8.86751E+15,5.00031E+16
104454,104455,6,4,31,13,2016,5,17,2,2,5,2,2,0,0,1,0,0,0,0,4.63546E+20,5.4933E+21,8.49561E+15,4.95912E+16
104455,104456,6,4,33,10,2016,4,14,5,3,5,3,0,0,1,1,0,0,0,0,4.59609E+20,5.53964E+21,8.43632E+15,5.00077E+16
104456,104457,6,5,33,9,2016,4,4,7,3,9,1,2,1,0,1,0,0,0,0,4.32837E+20,5.58339E+21,8.055E+15,5.03987E+16
104457,104458,6,4,38,13,2016,4,14,4,3,0,6,0,0,1,1,0,0,0,0,4.96918E+20,5.54317E+21,8.95696E+15,5.00408E+16
104458,104459,6,5,32,23,2016,4,19,3,3,5,3,0,1,0,1,0,0,0,0,4.64342E+20,5.60124E+21,8.49655E+15,5.0562E+16
104459,104460,6,4,12,0,2016,4,16,5,3,6,7,0,0,0,1,0,0,0,1,4.69112E+20,5.54434E+21,8.56856E+15,5.00505E+16
104460,104461,6,4,33,10,2016,4,17,2,3,2,6,0,1,0,1,0,0,0,0,4.63624E+20,5.54167E+21,8.49215E+15,5.00263E+16
104461,104462,6,4,34,1,2016,5,14,3,3,5,2,0,0,1,1,0,0,0,0,4.72665E+20,5.56379E+21,8.61679E+15,5.02256E+16
104462,104463,6,5,33,17,2016,4,12,6,3,2,6,0,0,0,1,0,0,0,0,4.48883E+20,5.59278E+21,8.27947E+15,5.04848E+16
104463,104464,6,4,36,3,2016,5,10,1,3,3,6,0,0,1,1,0,0,0,0,4.69418E+20,5.5537E+21,8.57208E+15,5.01347E+16
104464,104465,6,4,36,4,2016,5,17,1,3,2,6,0,0,0,1,0,0,0,0,4.59454E+20,5.54439E+21,8.43365E+15,5.00504E+16
104465,104466,6,5,31,12,2016,4,8,5,3,5,3,0,0,1,1,0,0,0,0,4.77026E+20,5.59728E+21,8.67588E+15,5.0527E+16
104466,104467,6,6,32,3,2016,4,7,7,3,5,3,0,0,0,1,0,0,0,0,5.55257E+20,5.64733E+21,9.78706E+15,5.09749E+16
104467,104468,6,4,11,0,2016,4,8,7,3,0,1,0,1,0,0,0,1,0,0,4.75329E+20,5.52826E+21,8.65642E+15,4.99062E+16
104468,104469,6,4,36,6,2016,4,17,4,3,6,4,0,0,0,1,1,0,0,0,4.54496E+20,5.54054E+21,8.36486E+15,5.00154E+16
104469,104470,6,5,31,5,2016,4,15,3,3,6,4,0,0,0,0,1,0,0,1,4.76567E+20,5.60332E+21,8.66903E+15,5.05813E+16
104470,104471,6,4,12,0,2016,4,12,5,3,5,3,0,0,1,1,0,0,0,0,4.69901E+20,5.55023E+21,8.57911E+15,5.01035E+16
104471,104472,6,4,11,0,2016,4,14,5,3,0,7,0,0,0,1,1,0,0,0,4.75013E+20,5.52411E+21,8.65228E+15,4.98689E+16
104472,104473,6,6,11,0,2016,4,14,1,3,5,2,0,0,1,1,0,0,0,0,5.32767E+20,5.68528E+21,9.47019E+15,5.13179E+16
104473,104474,6,4,40,2,2016,5,7,3,2,6,4,0,0,0,1,1,0,0,0,4.81371E+20,5.5793E+21,8.73807E+15,5.03655E+16
104474,104475,6,4,14,0,2016,4,7,7,3,1,5,0,0,0,1,0,0,0,1,4.44102E+20,5.54657E+21,8.21892E+15,5.00688E+16
104475,104476,6,5,31,18,2016,4,10,4,3,5,3,0,0,0,1,0,0,0,0,4.77468E+20,5.60942E+21,8.68138E+15,5.06362E+16
104476,104477,6,4,12,0,2016,4,18,6,3,5,3,0,0,1,1,0,0,0,0,4.73593E+20,5.55158E+21,8.63065E+15,5.01159E+16
104477,104478,6,4,13,0,2016,4,7,6,3,6,4,1,0,1,0,1,0,0,0,4.83277E+20,5.54974E+21,8.76617E+15,5.00996E+16
104478,104479,6,4,12,0,2016,4,12,3,3,2,6,0,0,0,1,0,0,0,0,4.76473E+20,5.55161E+21,8.67092E+15,5.01163E+16
104479,104480,6,5,34,20,2016,5,13,1,2,9,1,0,0,0,0,0,1,0,0,4.81748E+20,5.62239E+21,8.74126E+15,5.0753E+16
104480,104481,6,6,33,9,2016,4,19,4,3,2,2,0,0,0,1,0,1,0,0,5.36331E+20,5.68894E+21,9.52171E+15,5.13506E+16
104481,104482,6,5,31,14,2016,4,1,7,3,5,3,2,0,0,1,0,0,0,0,4.8258E+20,5.59845E+21,8.75418E+15,5.05377E+16
104482,104483,6,4,38,12,2016,4,13,7,3,5,3,0,1,0,1,0,0,0,0,4.85575E+20,5.53659E+21,8.7988E+15,4.99815E+16
104483,104484,6,4,12,0,2016,4,7,3,3,5,3,0,1,1,1,0,0,0,0,4.77281E+20,5.55227E+21,8.68218E+15,5.01223E+16
104484,104485,6,4,36,5,2016,4,19,4,3,5,3,0,0,0,1,0,0,0,0,4.61396E+20,5.54312E+21,8.46091E+15,5.00391E+16
104485,104486,6,4,12,0,2016,5,15,2,3,5,3,0,0,1,1,0,0,0,0,4.6721E+20,5.54963E+21,8.54153E+15,5.00981E+16
104486,104487,6,4,38,11,2016,4,13,5,3,5,3,0,0,1,1,0,0,0,0,4.91907E+20,5.5448E+21,8.88694E+15,5.00554E+16
104487,104488,6,4,36,8,2016,4,20,4,3,5,5,0,0,0,1,0,0,0,0,4.6112E+20,5.5532E+21,8.45602E+15,5.01297E+16
104488,104489,6,4,13,0,2016,4,17,1,3,2,6,0,0,0,1,0,0,0,0,4.81387E+20,5.55043E+21,8.73971E+15,5.01058E+16
104489,104490,6,4,12,0,2016,4,11,7,3,0,2,0,0,1,0,0,0,1,0,4.79164E+20,5.55105E+21,8.7086E+15,5.01114E+16
104490,104491,6,4,14,0,2016,4,9,4,2,5,3,0,0,1,1,0,0,0,0,4.47325E+20,5.54641E+21,8.26397E+15,5.00677E+16
104491,104492,6,4,38,4,2016,4,14,6,3,0,2,0,0,0,1,0,1,0,0,4.97816E+20,5.54603E+21,8.96948E+15,5.00665E+16
104492,104493,6,4,37,11,2016,4,12,3,2,2,6,0,0,0,1,0,1,0,0,5.00359E+20,5.50256E+21,9.00497E+15,4.96756E+16
104493,104494,6,6,34,27,2016,5,19,2,2,6,7,0,0,0,1,1,0,0,0,5.12334E+20,5.6555E+21,9.17597E+15,5.10509E+16
104494,104495,6,5,31,5,2016,4,11,4,3,1,5,0,1,0,1,0,0,0,0,4.75803E+20,5.60444E+21,8.65816E+15,5.05914E+16
104495,104496,6,4,32,16,2016,5,18,2,2,6,4,0,0,0,1,1,0,0,0,4.81522E+20,5.51985E+21,8.74308E+15,4.98308E+16
104496,104497,6,4,12,0,2016,5,9,2,3,2,6,0,0,1,0,0,0,0,1,4.76128E+20,5.55183E+21,8.66608E+15,5.01182E+16
104497,104498,6,4,31,3,2016,4,11,5,3,5,3,0,0,0,1,0,0,0,0,4.60386E+20,5.50351E+21,8.45086E+15,4.96829E+16
104498,104499,6,4,40,5,2016,5,12,2,3,6,7,0,0,0,1,1,0,0,0,4.75595E+20,5.58805E+21,8.65629E+15,5.04439E+16
104499,104500,6,4,13,0,2016,4,5,1,3,1,5,1,0,0,1,0,0,0,0,4.8626E+20,5.55274E+21,8.80777E+15,5.01267E+16
104500,104501,6,4,14,0,2016,4,7,4,3,5,3,0,0,1,1,0,0,0,0,4.46036E+20,5.54687E+21,8.2459E+15,5.00716E+16
104501,104502,6,4,12,0,2016,4,12,1,3,6,4,0,0,0,1,1,0,0,0,4.73682E+20,5.55116E+21,8.63191E+15,5.01121E+16
104502,104503,6,5,32,6,2016,4,11,6,3,2,6,0,0,0,1,0,0,0,0,4.49967E+20,5.62108E+21,8.29093E+15,5.07393E+16
104503,104504,6,6,35,15,2016,4,18,2,3,1,6,0,1,0,1,0,0,0,0,4.90722E+20,5.67923E+21,8.86701E+15,5.12643E+16
104504,104505,6,6,34,14,2016,4,14,6,3,6,4,0,0,0,1,1,0,0,0,5.38502E+20,5.66415E+21,9.55022E+15,5.11275E+16
104505,104506,6,4,31,16,2016,5,10,2,2,5,3,0,0,0,1,0,0,0,1,4.68829E+20,5.50089E+21,8.5681E+15,4.96598E+16
104506,104507,6,4,33,6,2016,5,11,2,3,2,6,0,0,1,1,0,0,0,0,4.62908E+20,5.52992E+21,8.48329E+15,4.99205E+16
104507,104508,6,4,13,0,2016,4,18,4,3,2,6,0,0,0,1,0,0,0,1,4.82666E+20,5.55005E+21,8.75761E+15,5.01024E+16
104508,104509,6,4,12,0,2016,4,16,7,3,5,2,0,0,1,1,0,0,0,0,4.77364E+20,5.55297E+21,8.6833E+15,5.01285E+16
104509,104510,6,4,13,0,2016,4,12,7,3,2,6,0,1,0,1,0,0,0,0,4.83022E+20,5.54867E+21,8.76265E+15,5.00901E+16
104510,104511,6,4,31,7,2016,4,17,4,3,4,1,0,0,0,1,0,0,0,0,4.84749E+20,5.5E+21,8.78871E+15,4.96524E+16
104511,104512,6,4,12,0,2016,4,12,4,3,6,4,0,0,0,1,1,0,0,0,4.78278E+20,5.558E+21,8.6958E+15,5.01738E+16
104512,104513,6,4,31,2,2016,4,17,1,3,9,1,0,0,0,1,1,0,0,0,4.72141E+20,5.50156E+21,8.61394E+15,4.96659E+16
104513,104514,6,4,40,3,2016,4,7,4,3,5,3,0,0,1,1,0,0,0,0,4.81101E+20,5.55851E+21,8.73531E+15,5.01785E+16
104514,104515,6,6,11,0,2016,4,7,2,3,5,3,0,1,0,1,0,0,0,0,5.35854E+20,5.68617E+21,9.51457E+15,5.13257E+16
104515,104516,6,4,33,12,2016,4,9,6,3,6,4,0,0,0,1,1,0,0,0,4.57938E+20,5.538E+21,8.41317E+15,4.99928E+16
104516,104517,6,4,35,21,2016,5,13,2,3,4,7,0,0,1,1,0,0,0,0,4.93141E+20,5.56316E+21,8.90385E+15,5.02205E+16
104517,104518,6,4,12,0,2016,5,18,1,3,2,6,0,0,0,1,0,0,0,0,4.77769E+20,5.55185E+21,8.68904E+15,5.01184E+16
104518,104519,6,4,35,10,2016,5,14,1,3,1,1,0,0,0,1,0,1,0,0,5.1344E+20,5.56085E+21,9.18831E+15,5.01997E+16
104519,104520,6,4,12,0,2016,4,16,4,3,5,2,0,0,0,1,0,0,0,0,4.74514E+20,5.55123E+21,8.64355E+15,5.01128E+16
104520,104521,6,4,40,19,2016,4,18,7,2,5,3,0,0,0,1,0,0,0,0,5.01555E+20,5.57721E+21,9.02186E+15,5.03469E+16
104521,104522,6,4,34,5,2016,4,15,7,3,6,4,0,1,0,1,1,0,0,0,4.62383E+20,5.55883E+21,8.47314E+15,5.01805E+16
104522,104523,6,4,11,0,2016,4,23,3,3,5,3,2,1,0,1,0,0,0,0,4.73689E+20,5.52402E+21,8.63387E+15,4.9868E+16
104523,104524,6,4,40,22,2016,4,12,4,3,5,3,0,0,0,1,0,1,0,0,4.81345E+20,5.58601E+21,8.73737E+15,5.04258E+16
104524,104525,6,4,12,0,2016,4,7,5,3,3,2,0,0,0,1,0,1,0,0,4.75527E+20,5.55607E+21,8.6574E+15,5.01564E+16
104525,104526,6,6,35,20,2016,4,15,5,2,5,3,0,0,0,1,0,1,0,0,5.08638E+20,5.69472E+21,9.12418E+15,5.14036E+16
104526,104527,6,4,35,6,2016,5,15,1,3,0,7,0,0,0,1,0,0,0,1,4.96942E+20,5.56023E+21,8.95716E+15,5.01942E+16
104527,104528,6,4,34,1,2016,5,13,3,3,0,7,0,0,0,1,0,0,0,0,4.7218E+20,5.56536E+21,8.60987E+15,5.02398E+16
104528,104529,6,4,31,13,2016,5,16,2,3,2,2,0,0,0,1,0,0,0,0,4.62323E+20,5.49318E+21,8.47869E+15,4.95901E+16
104529,104530,6,4,34,10,2016,5,12,4,3,6,4,0,0,0,1,1,0,0,0,4.69944E+20,5.55718E+21,8.57917E+15,5.01661E+16
104530,104531,6,4,38,2,2016,5,19,5,2,5,3,0,0,1,1,0,0,0,0,4.81542E+20,5.53632E+21,8.74256E+15,4.99789E+16
104531,104532,6,4,14,0,2016,5,19,6,2,1,2,0,0,0,1,0,0,0,1,4.48169E+20,5.54156E+21,8.27641E+15,5.00241E+16
104532,104533,6,4,11,0,2016,5,8,2,3,5,3,0,0,0,1,0,0,0,0,4.73726E+20,5.52297E+21,8.63445E+15,4.98586E+16
104533,104534,6,4,14,0,2016,5,8,6,3,3,2,0,0,0,1,0,1,0,0,4.45125E+20,5.54788E+21,8.23302E+15,5.00807E+16
104534,104535,6,4,33,6,2016,5,13,6,3,2,7,0,0,1,1,0,0,0,0,4.62586E+20,5.52924E+21,8.47887E+15,4.99144E+16
104535,104536,6,4,14,0,2016,5,16,7,2,2,6,0,0,1,0,0,0,0,0,4.45469E+20,5.54783E+21,8.23783E+15,5.00802E+16
104536,104537,6,4,13,0,2016,5,11,2,3,1,5,0,0,1,1,0,0,0,0,4.83077E+20,5.54955E+21,8.76339E+15,5.0098E+16
104537,104538,6,4,31,2,2016,5,11,2,3,5,3,0,0,1,1,0,0,0,0,4.72329E+20,5.50423E+21,8.61635E+15,4.96899E+16
104538,104539,6,4,38,2,2016,5,17,5,3,5,3,0,0,1,1,0,0,0,0,4.81199E+20,5.53658E+21,8.73777E+15,4.99813E+16
104539,104540,6,4,38,10,2016,5,16,5,3,0,7,0,0,0,1,1,0,0,0,4.90188E+20,5.54676E+21,8.86288E+15,5.00731E+16