FID,OBJECTID,ULAND,UREGBEZ,UKREIS,UGEMEINDE,UJAHR,UMONAT,USTUNDE,UWOCHENTAG,UKATEGORIE,UART,UTYP1,ULICHTVERH,IstStrasse,IstRad,IstPKW,IstFuss,IstKrad,IstGkfz,IstSonstig,LINREFX,LINREFY,XGCSWGS84,YGCSWGS84
104540,104541,6,4,33,7,2016,5,17,7,3,5,3,2,0,0,1,0,1,0,0,4.66395E+20,5.54614E+21,8.53045E+15,5.00666E+16
104541,104542,6,4,31,20,2016,5,22,4,2,0,7,2,0,0,0,1,0,1,0,4.69873E+20,5.48801E+21,8.58355E+15,4.9544E+16
104542,104543,6,4,32,10,2016,5,19,5,3,0,3,0,0,0,1,0,1,0,0,4.95122E+20,5.52402E+21,8.93212E+15,4.98685E+16
104543,104544,6,4,14,0,2016,5,12,6,3,6,7,0,0,0,0,1,0,0,1,4.41615E+20,5.54898E+21,8.1838E+15,5.00902E+16
104544,104545,6,6,35,3,2016,5,12,2,3,6,4,0,0,0,1,1,0,0,0,5.05287E+20,5.66227E+21,9.07553E+15,5.11119E+16
104545,104546,6,4,12,0,2016,5,8,6,3,3,2,0,0,1,0,0,0,0,1,4.75176E+20,5.55223E+21,8.65275E+15,5.01218E+16
104546,104547,6,5,32,21,2016,5,12,6,3,1,7,0,0,0,1,1,0,0,0,4.57093E+20,5.6007E+21,8.39428E+15,5.05566E+16
104547,104548,6,4,13,0,2016,5,1,7,3,1,6,2,0,0,1,0,0,0,0,4.84618E+20,5.54799E+21,8.78499E+15,5.0084E+16
104548,104549,6,4,34,2,2016,5,15,5,3,3,3,0,0,1,1,0,0,0,0,4.74789E+20,5.56827E+21,8.64626E+15,5.0266E+16
104549,104550,6,6,31,2,2016,5,15,5,2,0,1,0,0,1,0,0,0,0,0,5.51673E+20,5.61687E+21,9.73172E+15,5.07014E+16
104550,104551,6,4,13,0,2016,5,12,6,3,0,2,0,0,1,0,0,0,0,1,4.82614E+20,5.54934E+21,8.75692E+15,5.00961E+16
104551,104552,6,5,31,12,2016,5,9,4,3,5,3,0,0,0,1,0,0,0,1,4.75912E+20,5.59803E+21,8.66011E+15,5.05337E+16
104552,104553,6,4,13,0,2016,5,12,6,2,4,6,0,0,0,1,0,0,0,0,4.8727E+20,5.54792E+21,8.82207E+15,5.00834E+16
104553,104554,6,6,33,26,2016,5,9,1,3,0,7,0,0,1,0,0,0,0,0,5.3201E+20,5.68831E+21,9.4596E+15,5.13451E+16
104554,104555,6,4,13,0,2016,5,16,3,3,6,6,0,0,0,0,1,0,1,0,4.83069E+20,5.55024E+21,8.76324E+15,5.01041E+16
104555,104556,6,6,35,11,2016,5,14,6,3,8,2,0,0,0,1,0,0,0,0,4.85329E+20,5.65605E+21,8.79067E+15,5.10558E+16
104556,104557,6,4,13,0,2016,5,18,6,3,0,7,0,0,0,0,0,1,0,0,4.83244E+20,5.55065E+21,8.76567E+15,5.01079E+16
104557,104558,6,4,32,23,2016,5,17,6,3,2,6,0,1,0,1,0,1,0,0,4.71679E+20,5.52772E+21,8.60563E+15,4.99012E+16
104558,104559,6,4,12,0,2016,5,18,5,3,5,3,0,0,0,1,0,0,0,0,4.69612E+20,5.55034E+21,8.57506E+15,5.01046E+16
104559,104560,6,4,14,0,2016,5,19,2,3,5,3,0,0,0,1,0,0,0,0,4.47452E+20,5.54966E+21,8.2653E+15,5.00969E+16
104560,104561,6,4,32,19,2016,5,19,5,3,5,2,0,0,1,1,0,0,0,0,4.87871E+20,5.51934E+21,8.83136E+15,4.98264E+16
104561,104562,6,6,31,13,2016,5,14,5,2,0,1,0,0,1,0,0,0,0,0,5.62804E+20,5.60315E+21,9.887E+15,5.05769E+16
104562,104563,6,4,12,0,2016,5,19,6,3,1,5,0,0,1,1,0,0,0,0,4.78432E+20,5.55937E+21,8.69788E+15,5.01861E+16
104563,104564,6,5,31,5,2016,5,16,3,3,6,4,0,0,0,1,1,0,0,1,4.7612E+20,5.60473E+21,8.66261E+15,5.0594E+16
104564,104565,6,6,11,0,2016,5,20,1,3,2,6,0,0,0,1,0,0,0,0,5.32425E+20,5.68132E+21,9.46492E+15,5.12823E+16
104565,104566,6,4,11,0,2016,5,10,3,3,5,2,0,0,0,1,0,1,0,0,4.7548E+20,5.52416E+21,8.65878E+15,4.98693E+16
104566,104567,6,6,31,9,2016,5,18,2,3,2,6,0,0,0,1,0,0,0,0,5.47859E+20,5.60037E+21,9.67558E+15,5.05533E+16
104567,104568,6,4,11,0,2016,5,13,4,3,5,3,0,0,1,0,0,0,0,1,4.75554E+20,5.52568E+21,8.65972E+15,4.9883E+16
104568,104569,6,5,31,5,2016,5,16,5,3,1,5,0,0,1,1,0,0,0,0,4.7716E+20,5.60313E+21,8.67741E+15,5.05796E+16
104569,104570,6,4,12,0,2016,5,17,6,3,3,6,0,0,1,1,0,0,0,0,4.77344E+20,5.54936E+21,8.68323E+15,5.00961E+16
104570,104571,6,5,32,1,2016,5,19,5,2,6,7,0,0,1,0,1,0,0,0,4.58736E+20,5.60539E+21,8.41695E+15,5.05989E+16
104571,104572,6,4,12,0,2016,5,15,4,3,2,7,0,0,0,0,0,1,0,1,4.80237E+20,5.54988E+21,8.72366E+15,5.01009E+16
104572,104573,6,4,36,3,2016,5,20,5,2,8,1,1,0,1,0,0,0,0,0,4.69451E+20,5.55499E+21,8.57243E+15,5.01464E+16
104573,104574,6,4,12,0,2016,5,18,6,3,5,2,0,0,1,1,0,0,0,0,4.76387E+20,5.55043E+21,8.66979E+15,5.01056E+16
104574,104575,6,5,31,5,2016,5,16,3,3,8,1,0,0,0,0,0,1,0,0,4.78605E+20,5.60398E+21,8.69777E+15,5.05873E+16
104575,104576,6,4,38,5,2016,5,14,1,3,0,7,0,0,1,0,0,0,0,0,4.84754E+20,5.54513E+21,8.78701E+15,5.00583E+16
104576,104577,6,4,38,1,2016,5,15,3,3,0,7,0,0,1,1,0,0,0,0,4.86157E+20,5.54087E+21,8.80677E+15,5.002E+16
104577,104578,6,4,12,0,2016,5,12,7,3,1,7,0,0,0,1,0,0,0,0,4.67008E+20,5.55159E+21,8.53854E+15,5.01156E+16
104578,104579,6,5,31,5,2016,5,11,2,3,2,6,0,0,0,1,0,0,0,0,4.76932E+20,5.60313E+21,8.67419E+15,5.05797E+16
104579,104580,6,4,32,23,2016,5,17,7,3,5,3,0,0,1,1,0,0,0,0,4.71927E+20,5.52709E+21,8.60914E+15,4.98955E+16
104580,104581,6,4,34,1,2016,5,15,4,2,0,2,0,0,0,1,0,1,0,0,4.75471E+20,5.56218E+21,8.65623E+15,5.02113E+16
104581,104582,6,5,31,5,2016,5,15,4,2,5,2,0,0,0,1,0,1,0,0,4.77494E+20,5.60462E+21,8.68204E+15,5.0593E+16
104582,104583,6,4,12,0,2016,5,9,6,3,5,3,0,0,1,1,0,0,0,0,4.78053E+20,5.5515E+21,8.69303E+15,5.01154E+16
104583,104584,6,6,11,0,2016,5,20,2,3,1,5,0,0,1,1,0,0,0,0,5.30817E+20,5.68482E+21,9.44216E+15,5.13139E+16
104584,104585,6,4,36,3,2016,5,8,6,3,6,4,0,0,1,0,1,0,0,0,4.70353E+20,5.55421E+21,8.58512E+15,5.01394E+16
104585,104586,6,5,34,11,2016,5,17,6,3,5,3,0,0,1,1,0,0,0,0,4.94212E+20,5.63036E+21,8.91782E+15,5.08249E+16
104586,104587,6,4,12,0,2016,5,21,7,3,6,2,2,0,0,0,1,0,0,1,4.7465E+20,5.55659E+21,8.64509E+15,5.0161E+16
104587,104588,6,4,36,12,2016,5,18,2,3,0,7,0,0,0,1,1,1,0,0,4.66014E+20,5.55214E+21,8.52459E+15,5.01205E+16
104588,104589,6,6,32,3,2016,5,18,2,3,6,7,0,0,0,1,1,0,0,0,5.55748E+20,5.64699E+21,9.794E+15,5.09718E+16
104589,104590,6,5,31,3,2016,5,12,3,3,5,3,0,0,1,1,0,0,0,0,4.84446E+20,5.60619E+21,8.78019E+15,5.06074E+16
104590,104591,6,5,34,7,2016,5,18,6,3,6,4,0,0,0,1,1,0,0,0,4.68155E+20,5.63377E+21,8.54758E+15,5.08547E+16
104591,104592,6,6,11,0,2016,5,18,2,3,5,3,0,0,1,1,0,0,0,0,5.3802E+20,5.68413E+21,9.54545E+15,5.13072E+16
104592,104593,6,4,12,0,2016,5,22,7,3,1,3,2,0,0,1,0,0,0,0,4.7774E+20,5.54904E+21,8.68879E+15,5.00932E+16
104593,104594,6,4,12,0,2016,5,7,2,3,5,3,0,0,1,1,0,0,0,0,4.71349E+20,5.54929E+21,8.59943E+15,5.00952E+16
104594,104595,6,4,14,0,2016,5,13,2,3,6,4,0,0,0,1,1,0,0,0,4.45328E+20,5.54324E+21,8.23652E+15,5.00389E+16
104595,104596,6,6,33,20,2016,5,7,6,3,5,3,0,0,0,0,0,0,0,1,5.38115E+20,5.68509E+21,9.54691E+15,5.13158E+16
104596,104597,6,6,35,15,2016,5,18,3,3,0,7,0,0,1,1,0,0,0,0,4.92417E+20,5.68054E+21,8.89128E+15,5.12762E+16
104597,104598,6,5,31,5,2016,5,16,4,3,6,2,0,0,0,1,1,0,0,0,4.76834E+20,5.60382E+21,8.67276E+15,5.05858E+16
104598,104599,6,4,11,0,2016,5,23,6,3,5,3,2,0,0,1,0,0,0,0,4.73896E+20,5.52611E+21,8.63661E+15,4.98868E+16
104599,104600,6,4,35,25,2016,5,21,2,2,6,4,2,0,0,1,1,0,0,0,5.38037E+20,5.57817E+21,9.53468E+15,5.03544E+16
104600,104601,6,4,12,0,2016,5,17,6,3,6,2,0,1,0,1,1,0,0,0,4.74738E+20,5.54755E+21,8.64692E+15,5.00797E+16
104601,104602,6,6,33,20,2016,5,10,5,3,5,3,0,0,0,1,0,0,0,0,5.38115E+20,5.68509E+21,9.54691E+15,5.13159E+16
104602,104603,6,4,14,0,2016,5,18,2,3,2,6,0,0,0,1,0,0,0,0,4.44281E+20,5.54745E+21,8.22128E+15,5.00767E+16
104603,104604,6,4,12,0,2016,5,11,7,3,0,1,0,0,1,0,0,0,0,0,4.83439E+20,5.5527E+21,8.76831E+15,5.01263E+16
104604,104605,6,4,34,1,2016,5,7,5,3,5,3,0,0,0,1,0,0,0,0,4.72238E+20,5.5646E+21,8.61074E+15,5.02329E+16
104605,104606,6,6,36,3,2016,5,17,4,3,2,2,0,0,0,1,0,0,0,0,5.73265E+20,5.67026E+21,1.00482E+16,5.1179E+16
104606,104607,6,4,37,2,2016,5,20,6,3,5,3,0,0,1,1,0,0,0,0,4.97998E+20,5.49055E+21,8.97231E+15,4.95676E+16
104607,104608,6,6,11,0,2016,5,17,5,3,5,3,0,0,0,1,0,0,0,0,5.30535E+20,5.68035E+21,9.43774E+15,5.12736E+16
104608,104609,6,5,31,18,2016,5,17,1,3,5,3,0,0,0,1,0,0,0,0,4.74195E+20,5.60774E+21,8.63522E+15,5.0621E+16
104609,104610,6,6,36,13,2016,5,17,4,3,1,5,0,0,0,1,0,0,0,0,5.81923E+20,5.67081E+21,1.01721E+16,5.11828E+16
104610,104611,6,4,11,0,2016,5,19,6,3,1,5,0,0,0,1,0,0,0,0,4.76256E+20,5.5241E+21,8.66959E+15,4.98688E+16
104611,104612,6,4,34,1,2016,5,4,1,3,8,7,2,0,0,1,0,0,0,0,4.73355E+20,5.56319E+21,8.6265E+15,5.02203E+16
104612,104613,6,4,11,0,2016,5,16,6,3,6,4,0,1,0,0,1,1,0,0,4.72686E+20,5.52546E+21,8.61981E+15,4.98809E+16
104613,104614,6,4,12,0,2016,5,16,5,3,6,4,0,0,0,1,1,0,0,0,4.7557E+20,5.55064E+21,8.65835E+15,5.01075E+16
104614,104615,6,4,33,6,2016,5,7,5,2,0,2,0,0,1,0,0,0,1,0,4.63444E+20,5.53054E+21,8.49069E+15,4.99261E+16
104615,104616,6,5,33,9,2016,5,15,4,3,6,4,0,0,0,0,1,1,0,0,4.33427E+20,5.58293E+21,8.06338E+15,5.03946E+16
104616,104617,6,6,36,16,2016,5,17,6,3,6,7,0,0,0,1,1,0,0,0,5.60023E+20,5.68799E+21,9.86172E+15,5.13401E+16
104617,104618,6,6,35,15,2016,5,12,3,2,5,3,0,1,0,1,0,1,0,0,4.92223E+20,5.68071E+21,8.8885E+15,5.12777E+16
104618,104619,6,4,36,6,2016,5,12,1,3,0,1,0,0,1,0,0,0,0,0,4.53629E+20,5.53969E+21,8.35285E+15,5.00077E+16
104619,104620,6,4,38,11,2016,5,7,3,3,5,3,0,0,0,1,0,0,0,0,4.91906E+20,5.54431E+21,8.88694E+15,5.0051E+16
104620,104621,6,6,33,9,2016,5,13,3,3,5,2,0,0,1,1,0,0,0,0,5.36929E+20,5.68918E+21,9.53031E+15,5.13527E+16
104621,104622,6,4,35,10,2016,5,18,1,3,5,3,0,0,0,1,0,0,0,0,5.1363E+20,5.56064E+21,9.19097E+15,5.01978E+16
104622,104623,6,4,12,0,2016,5,14,3,3,6,7,0,0,0,0,1,0,0,1,4.75479E+20,5.559E+21,8.65655E+15,5.01827E+16
104623,104624,6,4,40,8,2016,5,20,6,3,9,1,0,1,0,1,0,0,0,0,4.8143E+20,5.57445E+21,8.73914E+15,5.03219E+16
104624,104625,6,5,32,21,2016,5,9,5,3,5,3,0,0,1,1,0,0,0,0,4.59289E+20,5.6004E+21,8.42531E+15,5.05541E+16
104625,104626,6,4,12,0,2016,5,20,4,3,2,6,0,0,0,1,0,1,0,0,4.77084E+20,5.55174E+21,8.67946E+15,5.01175E+16
104626,104627,6,4,14,0,2016,5,8,4,3,5,3,0,0,1,1,0,0,0,0,4.49741E+20,5.54008E+21,8.29855E+15,5.00109E+16
104627,104628,6,6,35,11,2016,5,15,6,3,5,2,0,0,0,1,0,0,0,0,4.85527E+20,5.65632E+21,8.79349E+15,5.10583E+16
104628,104629,6,4,38,8,2016,5,12,2,2,5,2,0,0,1,1,0,0,0,0,4.88612E+20,5.55215E+21,8.8407E+15,5.01215E+16
104629,104630,6,4,14,0,2016,5,10,3,3,0,5,0,0,0,1,0,0,0,1,4.45628E+20,5.54877E+21,8.23992E+15,5.00887E+16
104630,104631,6,5,32,6,2016,5,15,1,3,3,6,0,0,1,1,0,0,0,0,4.50788E+20,5.61861E+21,8.3029E+15,5.07172E+16
104631,104632,6,5,34,14,2016,5,14,3,3,5,2,0,0,1,1,0,0,0,0,4.83625E+20,5.63193E+21,8.76744E+15,5.08389E+16
104632,104633,6,4,12,0,2016,5,16,7,3,6,4,0,0,1,0,1,0,0,0,4.78764E+20,5.55243E+21,8.70292E+15,5.01237E+16
104633,104634,6,4,12,0,2016,5,12,2,2,1,5,0,0,0,1,0,1,0,0,4.7327E+20,5.55284E+21,8.62603E+15,5.01272E+16
104634,104635,6,4,14,0,2016,5,22,1,3,6,7,2,0,0,1,1,0,0,0,4.50148E+20,5.54931E+21,8.30303E+15,5.00939E+16
104635,104636,6,4,40,12,2016,5,12,7,3,0,6,0,0,1,1,0,0,0,0,4.84973E+20,5.56233E+21,8.78939E+15,5.0213E+16
104636,104637,6,4,40,24,2016,5,11,4,3,1,7,0,0,0,1,0,0,0,1,4.86245E+20,5.58263E+21,8.80648E+15,5.03956E+16
104637,104638,6,4,13,0,2016,5,18,1,3,6,4,0,0,0,1,1,0,0,0,4.84019E+20,5.55024E+21,8.77653E+15,5.01042E+16
104638,104639,6,4,38,11,2016,5,13,4,3,0,5,0,0,1,1,0,0,0,0,4.91677E+20,5.54135E+21,8.88381E+15,5.00244E+16
104639,104640,6,4,13,0,2016,5,18,4,3,5,2,0,0,0,1,0,0,0,0,4.83424E+20,5.54885E+21,8.76827E+15,5.00917E+16
104640,104641,6,4,38,3,2016,5,19,6,3,5,3,0,0,0,1,0,1,0,0,4.76734E+20,5.53508E+21,8.67558E+15,4.99676E+16
104641,104642,6,4,38,11,2016,5,17,2,3,2,6,0,0,0,1,0,0,0,0,4.90951E+20,5.53997E+21,8.8737E+15,5.0012E+16
104642,104643,6,4,31,13,2016,5,15,6,3,5,3,0,0,1,1,0,0,0,0,4.6089E+20,5.49362E+21,8.45882E+15,4.95939E+16
104643,104644,6,4,12,0,2016,5,13,7,3,6,7,0,0,0,1,1,0,0,0,4.79753E+20,5.55312E+21,8.71672E+15,5.013E+16
104644,104645,6,4,12,0,2016,5,9,2,3,3,2,0,0,1,1,0,0,0,0,4.73761E+20,5.55239E+21,8.63294E+15,5.01232E+16
104645,104646,6,4,36,1,2016,5,14,1,2,7,7,0,0,0,1,1,0,0,0,4.61472E+20,5.55586E+21,8.46068E+15,5.01537E+16
104646,104647,6,4,12,0,2016,5,17,4,3,4,6,0,0,1,1,0,0,0,0,4.6684E+20,5.55013E+21,8.53632E+15,5.01025E+16
104647,104648,6,4,12,0,2016,5,16,4,3,8,1,0,0,0,1,0,0,0,0,4.63836E+20,5.54981E+21,8.49435E+15,5.00994E+16
104648,104649,6,4,38,10,2016,5,21,6,3,0,7,2,0,1,0,0,0,0,0,4.90172E+20,5.54749E+21,8.86264E+15,5.00796E+16
104649,104650,6,4,12,0,2016,5,11,6,3,2,6,0,0,1,1,0,0,0,0,4.78127E+20,5.55197E+21,8.69404E+15,5.01196E+16
104650,104651,6,4,12,0,2016,5,10,4,3,3,2,0,0,0,1,0,0,0,0,4.71298E+20,5.55105E+21,8.59858E+15,5.0111E+16
104651,104652,6,4,38,11,2016,5,20,6,3,5,3,0,0,0,1,0,1,0,0,4.92156E+20,5.54024E+21,8.89052E+15,5.00144E+16
104652,104653,6,4,34,2,2016,5,17,2,3,5,3,0,0,1,1,0,0,0,0,4.74558E+20,5.56715E+21,8.6431E+15,5.02559E+16
104653,104654,6,4,12,0,2016,5,12,6,3,2,6,0,0,0,1,0,0,0,0,4.75064E+20,5.55093E+21,8.65127E+15,5.01101E+16
104654,104655,6,6,31,9,2016,5,21,6,3,9,1,2,0,0,1,0,0,0,0,5.49447E+20,5.59845E+21,9.69775E+15,5.05359E+16
104655,104656,6,6,35,11,2016,5,12,7,3,0,3,0,0,0,1,0,0,0,0,4.84731E+20,5.65581E+21,8.78215E+15,5.10536E+16
104656,104657,6,4,34,1,2016,5,23,5,3,2,6,2,1,0,1,0,0,0,0,4.7187E+20,5.56403E+21,8.60562E+15,5.02277E+16
104657,104658,6,4,12,0,2016,5,17,4,3,6,2,0,0,0,1,1,0,0,0,4.75624E+20,5.5512E+21,8.65907E+15,5.01126E+16
104658,104659,6,4,36,6,2016,5,11,6,3,0,7,0,0,1,0,0,0,0,0,4.53824E+20,5.53899E+21,8.35567E+15,5.00014E+16
104659,104660,6,4,31,13,2016,5,21,1,3,0,1,0,0,0,1,0,0,0,0,4.5668E+20,5.49844E+21,8.40004E+15,4.9637E+16
104660,104661,6,4,14,0,2016,5,9,3,3,3,2,0,0,0,1,0,0,0,1,4.45503E+20,5.54752E+21,8.23835E+15,5.00775E+16
104661,104662,6,6,11,0,2016,5,10,6,3,6,7,0,0,1,0,1,0,0,0,5.34391E+20,5.68787E+21,9.49374E+15,5.13411E+16
104662,104663,6,6,31,9,2016,5,10,5,3,6,7,0,0,0,1,1,0,0,0,5.45035E+20,5.59886E+21,9.63554E+15,5.054E+16
104663,104664,6,4,12,0,2016,5,10,4,3,5,3,0,0,1,1,0,0,0,0,4.72976E+20,5.55288E+21,8.62192E+15,5.01276E+16
104664,104665,6,4,12,0,2016,5,7,5,3,3,6,0,0,1,1,0,0,0,0,4.66735E+20,5.55079E+21,8.53479E+15,5.01084E+16
104665,104666,6,4,34,7,2016,5,0,7,3,8,7,2,0,0,1,0,0,0,0,4.64041E+20,5.57221E+21,8.49509E+15,5.03009E+16
104666,104667,6,4,40,1,2016,5,9,5,3,4,6,0,0,0,1,0,0,0,0,4.96705E+20,5.57221E+21,8.95374E+15,5.0302E+16
104667,104668,6,4,12,0,2016,5,15,4,3,3,6,0,0,1,1,0,0,0,0,4.77237E+20,5.55442E+21,8.68145E+15,5.01415E+16
104668,104669,6,4,35,9,2016,5,18,6,3,5,3,0,0,1,1,0,0,0,0,5.1026E+20,5.55423E+21,9.14358E+15,5.01402E+16
104669,104670,6,4,13,0,2016,5,4,3,3,5,3,2,0,0,1,0,0,0,0,4.84427E+20,5.54952E+21,8.78227E+15,5.00977E+16
104670,104671,6,5,35,1,2016,5,5,1,3,1,5,1,0,0,1,0,0,0,0,5.19786E+20,5.62331E+21,9.28054E+15,5.07612E+16
104671,104672,6,4,12,0,2016,5,8,3,3,6,4,0,0,1,0,1,0,0,0,4.78323E+20,5.55278E+21,8.69673E+15,5.01268E+16
104672,104673,6,4,12,0,2016,5,5,1,3,5,3,0,0,0,1,0,0,0,0,4.713E+20,5.54944E+21,8.59873E+15,5.00965E+16
104673,104674,6,4,14,0,2016,5,14,6,3,2,6,0,1,0,1,0,0,0,0,4.4561E+20,5.54879E+21,8.23966E+15,5.00889E+16
104674,104675,6,4,12,0,2016,5,19,4,3,8,1,0,0,1,0,0,0,0,0,4.72882E+20,5.5498E+21,8.62082E+15,5.00998E+16
104675,104676,6,4,11,0,2016,5,8,4,3,5,3,0,0,0,1,0,1,0,0,4.73629E+20,5.52628E+21,8.63289E+15,4.98883E+16
104676,104677,6,4,12,0,2016,5,18,4,3,2,6,0,0,0,1,0,0,0,0,4.76417E+20,5.55303E+21,8.67005E+15,5.01291E+16
104677,104678,6,4,31,2,2016,5,17,6,3,5,3,0,0,1,1,0,0,0,0,4.71797E+20,5.50436E+21,8.60897E+15,4.96911E+16
104678,104679,6,4,31,11,2016,5,16,2,3,6,6,0,0,0,1,1,0,0,0,4.72785E+20,5.498E+21,8.62311E+15,4.96339E+16
104679,104680,6,4,12,0,2016,5,7,3,3,1,5,0,0,0,1,0,0,0,1,4.64968E+20,5.54726E+21,8.51041E+15,5.00766E+16
104680,104681,6,4,40,8,2016,5,15,6,2,6,2,0,0,0,1,1,0,0,0,4.82611E+20,5.57589E+21,8.75566E+15,5.03348E+16
104681,104682,6,4,12,0,2016,5,9,4,3,6,7,0,0,1,0,1,0,0,0,4.77959E+20,5.55234E+21,8.69167E+15,5.01229E+16
104682,104683,6,4,33,12,2016,5,16,6,3,8,1,0,0,0,1,0,0,0,0,4.60348E+20,5.5354E+21,8.44707E+15,4.99696E+16
104683,104684,6,4,12,0,2016,5,9,3,3,0,2,0,0,1,1,0,0,0,0,4.78507E+20,5.55167E+21,8.69936E+15,5.01169E+16
104684,104685,6,4,33,8,2016,5,18,1,3,4,6,0,0,1,1,0,0,0,0,4.68039E+20,5.53562E+21,8.5543E+15,4.99721E+16
104685,104686,6,5,32,6,2016,5,16,3,3,5,3,0,0,1,1,0,0,0,0,4.49827E+20,5.62035E+21,8.28904E+15,5.07327E+16
104686,104687,6,4,12,0,2016,5,17,1,3,2,6,0,0,0,1,0,0,0,1,4.74684E+20,5.55137E+21,8.64591E+15,5.0114E+16
104687,104688,6,4,12,0,2016,5,8,7,2,4,6,0,0,0,1,0,0,0,0,4.77811E+20,5.55334E+21,8.68954E+15,5.01318E+16
104688,104689,6,4,34,1,2016,5,17,4,3,5,3,0,0,1,1,0,0,0,0,4.72846E+20,5.56403E+21,8.61931E+15,5.02278E+16
104689,104690,6,4,32,12,2016,5,7,4,3,3,6,0,0,0,1,0,0,0,1,4.81944E+20,5.52995E+21,8.74847E+15,4.99217E+16
104690,104691,6,4,33,8,2016,5,17,6,3,1,5,0,0,1,0,0,0,0,1,4.68097E+20,5.53641E+21,8.55504E+15,4.99791E+16
104691,104692,6,4,31,16,2016,5,11,2,3,6,4,0,0,0,0,1,0,0,1,4.69069E+20,5.49939E+21,8.57154E+15,4.96463E+16
104692,104693,6,4,13,0,2016,5,16,6,2,5,2,0,1,1,0,0,0,1,0,4.83346E+20,5.54941E+21,8.76715E+15,5.00967E+16
104693,104694,6,4,33,4,2016,5,13,6,3,5,3,0,0,1,1,0,0,0,0,4.62901E+20,5.51149E+21,8.48495E+15,4.97547E+16
104694,104695,6,4,31,17,2016,5,17,7,3,5,2,0,0,1,1,0,0,0,0,4.80612E+20,5.49305E+21,8.73175E+15,4.95897E+16
104695,104696,6,4,12,0,2016,5,18,2,3,3,2,0,0,1,1,0,0,0,0,4.78999E+20,5.55076E+21,8.7063E+15,5.01087E+16
104696,104697,6,4,12,0,2016,5,0,1,3,6,4,2,0,0,1,1,0,0,0,4.74513E+20,5.55171E+21,8.6435E+15,5.01171E+16
104697,104698,6,6,35,3,2016,5,17,4,3,5,3,0,0,1,1,0,0,0,0,5.08694E+20,5.66292E+21,9.12422E+15,5.11177E+16
104698,104699,6,4,36,11,2016,5,13,3,2,0,5,0,0,1,0,0,0,1,0,4.66744E+20,5.5551E+21,8.53455E+15,5.01472E+16
104699,104700,6,4,38,12,2016,5,19,7,3,5,2,0,0,0,1,0,1,0,0,4.85969E+20,5.536E+21,8.80431E+15,4.99762E+16
104700,104701,6,4,37,13,2016,5,15,2,3,5,2,0,0,0,1,0,0,0,0,4.88545E+20,5.50667E+21,8.84111E+15,4.97125E+16
104701,104702,6,4,12,0,2016,5,11,1,3,6,7,0,0,0,1,1,0,0,0,4.83565E+20,5.55163E+21,8.77012E+15,5.01167E+16
104702,104703,6,5,35,18,2016,5,15,6,3,6,4,0,0,0,1,1,0,0,0,5.13652E+20,5.60258E+21,9.1928E+15,5.0575E+16
104703,104704,6,6,31,8,2016,5,18,4,2,5,3,0,0,1,1,0,0,0,0,5.40155E+20,5.58587E+21,9.56529E+15,5.04235E+16
104704,104705,6,4,39,15,2016,5,7,4,3,1,7,0,0,0,1,0,1,0,0,4.41442E+20,5.55633E+21,8.18025E+15,5.01563E+16
104705,104706,6,4,33,4,2016,5,13,6,2,3,2,0,0,1,1,0,0,0,0,4.64557E+20,5.51175E+21,8.50793E+15,4.97571E+16
104706,104707,6,4,35,10,2016,5,18,2,3,2,6,0,0,0,1,0,0,0,0,5.12809E+20,5.56068E+21,9.17946E+15,5.01982E+16
104707,104708,6,4,12,0,2016,5,12,6,2,5,2,0,0,1,1,0,0,0,0,4.76286E+20,5.55368E+21,8.66818E+15,5.01349E+16
104708,104709,6,5,31,5,2016,5,9,6,3,0,3,0,0,1,0,0,0,0,1,4.77184E+20,5.6031E+21,8.67774E+15,5.05794E+16
104709,104710,6,4,32,16,2016,5,17,7,3,3,6,0,0,1,1,0,0,0,0,4.81769E+20,5.51981E+21,8.7465E+15,4.98305E+16
104710,104711,6,4,34,1,2016,5,11,5,3,6,4,0,0,0,0,1,0,0,1,4.73272E+20,5.56348E+21,8.62532E+15,5.02229E+16
104711,104712,6,4,35,28,2016,5,19,4,3,0,7,0,0,1,1,0,0,0,0,5.33326E+20,5.5744E+21,9.46813E+15,5.03208E+16
104712,104713,6,6,31,20,2016,5,11,6,3,5,3,0,0,1,1,0,0,0,0,5.50396E+20,5.601E+21,9.71148E+15,5.05588E+16
104713,104714,6,4,12,0,2016,5,11,3,3,0,3,0,1,1,1,0,0,0,0,4.76372E+20,5.55066E+21,8.66957E+15,5.01078E+16
104714,104715,6,4,12,0,2016,5,17,6,3,5,2,0,0,0,1,0,1,0,0,4.82479E+20,5.55478E+21,8.75478E+15,5.0145E+16
104715,104716,6,4,33,8,2016,5,18,1,3,5,7,0,0,1,1,0,0,0,0,4.70149E+20,5.53874E+21,8.58348E+15,5.00002E+16
104716,104717,6,4,38,2,2016,5,15,4,3,6,4,0,0,1,0,1,0,0,0,4.81507E+20,5.53651E+21,8.74206E+15,4.99807E+16
104717,104718,6,4,36,3,2016,5,23,6,3,1,7,2,0,0,1,0,0,0,0,4.69859E+20,5.55353E+21,8.57826E+15,5.01333E+16
104718,104719,6,4,33,4,2016,5,10,1,3,4,3,0,0,0,1,0,1,0,0,4.63094E+20,5.51108E+21,8.48768E+15,4.97511E+16