FID,OBJECTID,ULAND,UREGBEZ,UKREIS,UGEMEINDE,UJAHR,UMONAT,USTUNDE,UWOCHENTAG,UKATEGORIE,UART,UTYP1,ULICHTVERH,IstStrasse,IstRad,IstPKW,IstFuss,IstKrad,IstGkfz,IstSonstig,LINREFX,LINREFY,XGCSWGS84,YGCSWGS84
104719,104720,6,4,40,3,2016,5,18,2,3,0,1,0,0,0,0,0,1,0,0,4.80706E+20,5.55742E+21,8.72984E+15,5.01687E+16
104720,104721,6,4,37,11,2016,5,16,6,3,6,4,0,1,0,1,1,0,0,0,5.00208E+20,5.50317E+21,9.00289E+15,4.9681E+16
104721,104722,6,4,12,0,2016,5,17,5,3,0,3,0,0,0,1,0,1,0,0,4.74518E+20,5.55156E+21,8.64358E+15,5.01157E+16
104722,104723,6,4,33,12,2016,5,22,5,3,5,3,2,1,1,1,0,0,0,0,4.59767E+20,5.53678E+21,8.43881E+15,4.9982E+16
104723,104724,6,4,38,12,2016,5,11,4,3,6,6,0,0,0,1,1,0,0,0,4.87656E+20,5.53609E+21,8.82784E+15,4.9977E+16
104724,104725,6,4,36,5,2016,5,16,6,3,0,6,0,0,1,0,0,0,0,1,4.64323E+20,5.54688E+21,8.50143E+15,5.00732E+16
104725,104726,6,4,12,0,2016,5,8,3,3,2,6,0,0,1,0,0,0,0,0,4.757E+20,5.55192E+21,8.66009E+15,5.0119E+16
104726,104727,6,5,31,11,2016,5,15,1,3,5,3,0,0,0,1,0,1,0,0,4.87115E+20,5.5969E+21,8.81823E+15,5.05239E+16
104727,104728,6,4,38,11,2016,5,14,3,3,5,3,0,0,1,0,0,0,0,0,4.91698E+20,5.54155E+21,8.88409E+15,5.00262E+16
104728,104729,6,4,12,0,2016,5,18,1,3,5,2,0,0,1,0,0,1,0,0,4.79188E+20,5.55081E+21,8.70894E+15,5.01091E+16
104729,104730,6,4,36,1,2016,5,21,3,3,5,2,1,0,0,1,0,0,0,0,4.64469E+20,5.55406E+21,8.5028E+15,5.01377E+16
104730,104731,6,4,36,9,2016,5,14,6,3,0,1,0,1,1,0,0,0,0,0,4.61965E+20,5.54848E+21,8.46832E+15,5.00874E+16
104731,104732,6,5,32,3,2016,5,16,5,3,6,4,0,0,0,1,1,0,0,0,4.5698E+20,5.59647E+21,8.39317E+15,5.05186E+16
104732,104733,6,4,12,0,2016,5,7,4,3,0,7,0,0,1,0,0,0,0,0,4.77705E+20,5.55278E+21,8.68809E+15,5.01269E+16
104733,104734,6,4,32,2,2016,5,9,4,3,2,6,0,0,0,1,0,1,0,0,4.96844E+20,5.534E+21,8.956E+15,4.99583E+16
104734,104735,6,5,35,16,2016,5,14,5,3,1,1,0,0,1,1,0,0,0,0,5.09188E+20,5.59457E+21,9.12956E+15,5.0503E+16
104735,104736,6,4,37,6,2016,5,20,3,3,6,7,1,0,0,1,1,0,0,0,4.98808E+20,5.49715E+21,8.98349E+15,4.96269E+16
104736,104737,6,4,36,1,2016,5,15,1,2,5,3,0,0,0,1,0,1,0,0,4.61735E+20,5.55754E+21,8.46419E+15,5.01688E+16
104737,104738,6,4,33,2,2016,5,13,3,3,0,7,0,0,0,0,0,0,1,0,4.53857E+20,5.53793E+21,8.35625E+15,4.99919E+16
104738,104739,6,5,34,7,2016,5,19,7,3,5,2,0,0,0,1,0,1,0,0,4.68049E+20,5.63388E+21,8.54606E+15,5.08558E+16
104739,104740,6,4,32,8,2016,5,14,1,3,0,2,0,0,0,1,0,1,0,0,4.69824E+20,5.52289E+21,8.58018E+15,4.98577E+16
104740,104741,6,4,38,3,2016,5,16,7,3,2,6,0,0,1,1,0,0,0,0,4.76172E+20,5.53487E+21,8.66775E+15,4.99657E+16
104741,104742,6,4,36,4,2016,5,8,4,3,5,3,0,0,1,1,0,0,0,0,4.58416E+20,5.54101E+21,8.41952E+15,5.002E+16
104742,104743,6,4,32,1,2016,5,13,4,3,5,3,0,0,0,1,0,0,0,1,4.71723E+20,5.51012E+21,8.60752E+15,4.97429E+16
104743,104744,6,5,33,9,2016,5,15,5,3,0,1,0,0,1,0,0,0,0,0,4.33405E+20,5.58154E+21,8.06333E+15,5.03821E+16
104744,104745,6,4,40,3,2016,5,15,2,3,2,6,0,0,0,1,0,0,0,0,4.8123E+20,5.55896E+21,8.73709E+15,5.01825E+16
104745,104746,6,6,35,20,2016,5,14,4,2,1,7,0,0,0,0,0,1,0,1,5.06552E+20,5.69508E+21,9.09421E+15,5.14069E+16
104746,104747,6,5,34,2,2016,5,20,4,2,0,3,0,0,1,0,0,0,0,1,4.60209E+20,5.62869E+21,8.43526E+15,5.08086E+16
104747,104748,6,4,14,0,2016,5,1,5,2,0,7,2,0,1,0,0,0,0,0,4.45826E+20,5.54831E+21,8.24275E+15,5.00846E+16
104748,104749,6,4,32,4,2016,5,15,2,3,4,1,0,0,0,1,0,0,0,0,4.89783E+20,5.52791E+21,8.85772E+15,4.99035E+16
104749,104750,6,6,33,3,2016,5,11,3,3,5,3,0,1,0,1,0,0,0,0,5.29052E+20,5.67786E+21,9.41627E+15,5.12513E+16
104750,104751,6,4,31,13,2016,5,11,6,3,0,7,0,0,1,1,0,0,0,0,4.5741E+20,5.50073E+21,8.4099E+15,4.96576E+16
104751,104752,6,4,33,10,2016,5,15,7,3,2,6,0,0,0,1,0,0,0,1,4.59377E+20,5.53947E+21,8.4331E+15,5.00062E+16
104752,104753,6,4,11,0,2016,5,9,2,3,5,3,0,0,1,1,0,0,0,0,4.73727E+20,5.52297E+21,8.63447E+15,4.98586E+16
104753,104754,6,4,32,6,2016,5,11,1,2,5,3,0,0,0,1,0,0,0,0,4.74372E+20,5.53302E+21,8.64278E+15,4.99489E+16
104754,104755,6,6,35,15,2016,5,13,3,2,5,3,0,0,0,1,0,1,0,0,4.90942E+20,5.68081E+21,8.87013E+15,5.12786E+16
104755,104756,6,4,31,13,2016,5,9,4,3,5,3,0,0,1,1,0,0,0,0,4.61492E+20,5.49413E+21,8.4671E+15,4.95985E+16
104756,104757,6,4,14,0,2016,5,2,5,3,6,7,2,0,0,0,1,0,0,1,4.43748E+20,5.54678E+21,8.21394E+15,5.00707E+16
104757,104758,6,4,32,14,2016,5,14,2,3,2,6,0,0,0,1,0,1,0,0,4.77681E+20,5.51882E+21,8.68972E+15,4.98214E+16
104758,104759,6,4,12,0,2016,5,9,6,2,6,7,0,0,0,1,1,0,0,0,4.70083E+20,5.5483E+21,8.5818E+15,5.00862E+16
104759,104760,6,6,33,1,2016,5,7,5,3,1,1,0,0,0,1,0,0,1,0,5.29013E+20,5.69109E+21,9.41679E+15,5.13703E+16
104760,104761,6,4,33,1,2016,5,18,7,3,5,2,0,0,0,1,0,1,0,0,4.61914E+20,5.51364E+21,8.47105E+15,4.9774E+16
104761,104762,6,4,36,10,2016,5,19,5,3,5,1,0,0,1,1,0,0,0,0,4.63523E+20,5.55201E+21,8.48976E+15,5.01192E+16
104762,104763,6,4,12,0,2016,5,8,6,3,2,6,0,0,0,1,0,0,0,0,4.66323E+20,5.55072E+21,8.52904E+15,5.01078E+16
104763,104764,6,5,34,14,2016,5,10,6,2,5,3,0,0,0,1,0,0,0,0,4.78201E+20,5.62874E+21,8.6906E+15,5.081E+16
104764,104765,6,5,31,5,2016,5,17,6,3,2,6,0,0,0,1,0,0,0,0,4.75597E+20,5.60397E+21,8.65528E+15,5.05872E+16
104765,104766,6,4,38,11,2016,5,18,5,3,5,3,0,0,0,1,0,0,0,1,4.90949E+20,5.53829E+21,8.87372E+15,4.99969E+16
104766,104767,6,4,37,5,2016,5,17,1,3,0,2,0,0,0,1,0,0,0,1,4.97463E+20,5.50831E+21,8.96479E+15,4.97273E+16
104767,104768,6,5,35,1,2016,5,13,4,3,5,3,0,0,0,1,0,1,0,0,5.19603E+20,5.62221E+21,9.27789E+15,5.07513E+16
104768,104769,6,4,13,0,2016,5,14,5,3,1,5,0,0,0,1,0,1,0,0,4.82498E+20,5.55046E+21,8.75525E+15,5.01061E+16
104769,104770,6,4,13,0,2016,5,20,5,3,5,3,0,0,1,1,0,0,0,0,4.85801E+20,5.55349E+21,8.80132E+15,5.01335E+16
104770,104771,6,4,36,7,2016,5,1,1,3,8,1,2,0,0,1,0,0,0,0,4.5506E+20,5.54543E+21,8.37216E+15,5.00595E+16
104771,104772,6,4,14,0,2016,5,18,3,3,3,2,0,0,1,1,0,0,0,0,4.44191E+20,5.54564E+21,8.22029E+15,5.00604E+16
104772,104773,6,4,11,0,2016,5,19,6,3,5,3,0,1,0,1,0,0,0,0,4.75388E+20,5.52566E+21,8.65741E+15,4.98828E+16
104773,104774,6,6,35,2,2016,5,19,5,2,8,1,0,0,1,0,0,0,0,0,5.01126E+20,5.69206E+21,9.01617E+15,5.13798E+16
104774,104775,6,4,33,1,2016,5,6,5,3,5,2,0,0,0,1,0,0,0,0,4.62452E+20,5.5146E+21,8.47843E+15,4.97827E+16
104775,104776,6,4,33,8,2016,5,19,4,3,3,6,0,0,1,1,0,0,0,0,4.70523E+20,5.54057E+21,8.58856E+15,5.00167E+16
104776,104777,6,4,12,0,2016,5,19,5,3,5,3,0,0,0,1,0,0,0,1,4.7278E+20,5.55685E+21,8.6189E+15,5.01633E+16
104777,104778,6,4,39,17,2016,5,22,3,3,6,7,2,0,0,0,1,0,0,1,4.39803E+20,5.5428E+21,8.15944E+15,5.00344E+16
104778,104779,6,6,31,9,2016,5,1,4,3,8,6,2,0,0,1,0,0,0,0,5.493E+20,5.59988E+21,9.69586E+15,5.05488E+16
104779,104780,6,4,12,0,2016,5,17,5,3,0,7,0,0,1,0,0,0,0,0,4.77759E+20,5.5528E+21,8.68884E+15,5.0127E+16
104780,104781,6,4,38,9,2016,5,14,3,2,6,4,0,0,0,1,1,0,0,0,4.75975E+20,5.54456E+21,8.66441E+15,5.00528E+16
104781,104782,6,5,31,3,2016,5,19,7,2,8,1,0,0,0,1,0,0,0,0,4.851E+20,5.6063E+21,8.78942E+15,5.06084E+16
104782,104783,6,4,12,0,2016,5,10,3,3,6,4,0,0,0,1,1,0,0,0,4.74913E+20,5.55415E+21,8.64894E+15,5.0139E+16
104783,104784,6,4,14,0,2016,5,13,6,3,0,6,0,0,0,1,0,1,0,0,4.45412E+20,5.54434E+21,8.23754E+15,5.00488E+16
104784,104785,6,4,13,0,2016,5,20,4,3,5,3,0,0,1,1,0,0,0,0,4.83185E+20,5.54938E+21,8.7649E+15,5.00964E+16
104785,104786,6,4,32,23,2016,5,12,4,3,5,3,0,0,1,0,0,0,1,0,4.69783E+20,5.5284E+21,8.57918E+15,4.99072E+16
104786,104787,6,5,31,12,2016,5,16,4,3,5,3,0,0,0,1,0,0,0,0,4.75362E+20,5.5971E+21,8.65241E+15,5.05253E+16
104787,104788,6,6,11,0,2016,5,23,5,3,5,2,2,0,1,1,0,0,0,0,5.31192E+20,5.68095E+21,9.44721E+15,5.1279E+16
104788,104789,6,4,40,2,2016,5,12,2,2,5,3,0,0,0,1,0,1,0,0,4.81446E+20,5.57845E+21,8.73917E+15,5.03579E+16
104789,104790,6,4,38,8,2016,5,12,3,3,5,3,0,0,0,1,0,0,0,1,4.89298E+20,5.55169E+21,8.85031E+15,5.01173E+16
104790,104791,6,5,31,11,2016,5,16,3,3,0,1,0,0,1,0,0,0,0,0,4.8986E+20,5.59336E+21,8.85705E+15,5.04921E+16
104791,104792,6,4,14,0,2016,5,11,2,3,2,6,0,0,0,1,0,0,0,0,4.45952E+20,5.54827E+21,8.24452E+15,5.00842E+16
104792,104793,6,4,12,0,2016,5,15,7,3,0,1,0,0,1,1,0,0,0,0,4.78736E+20,5.55257E+21,8.70252E+15,5.0125E+16
104793,104794,6,5,35,11,2016,5,10,3,3,6,4,0,1,0,0,1,0,0,1,5.27875E+20,5.60946E+21,9.39418E+15,5.06363E+16
104794,104795,6,4,31,22,2016,5,15,2,3,5,3,0,1,0,1,0,1,0,0,4.71914E+20,5.5089E+21,8.61026E+15,4.97319E+16
104795,104796,6,4,34,1,2016,5,19,2,3,5,2,0,1,0,1,0,0,0,0,4.71913E+20,5.56426E+21,8.60621E+15,5.02298E+16
104796,104797,6,4,13,0,2016,5,10,6,3,5,3,0,0,1,1,0,0,0,0,4.83501E+20,5.54992E+21,8.76929E+15,5.01013E+16
104797,104798,6,4,12,0,2016,5,22,4,3,0,1,2,0,1,0,0,0,0,0,4.77546E+20,5.55118E+21,8.68596E+15,5.01125E+16
104798,104799,6,4,36,5,2016,5,19,4,3,5,3,0,0,1,1,0,0,0,0,4.62798E+20,5.54572E+21,8.48023E+15,5.00626E+16
104799,104800,6,4,31,9,2016,5,18,6,2,9,1,0,0,1,0,0,0,0,0,4.89916E+20,5.4975E+21,8.86036E+15,4.963E+16
104800,104801,6,4,40,8,2016,5,20,1,3,5,3,0,0,0,1,0,1,0,0,4.82691E+20,5.57633E+21,8.75676E+15,5.03388E+16
104801,104802,6,4,33,6,2016,5,8,3,3,5,3,0,0,1,1,0,0,0,0,4.64019E+20,5.52859E+21,8.49889E+15,4.99086E+16
104802,104803,6,4,36,6,2016,5,18,6,3,6,4,0,0,0,1,1,0,0,0,4.5431E+20,5.54057E+21,8.36226E+15,5.00157E+16
104803,104804,6,6,34,16,2016,5,10,6,3,5,3,0,0,0,1,0,0,0,0,5.15487E+20,5.65324E+21,9.22085E+15,5.10305E+16
104804,104805,6,4,37,6,2016,5,8,3,3,0,1,0,1,0,0,0,1,0,0,4.99154E+20,5.5008E+21,8.98828E+15,4.96598E+16
104805,104806,6,5,31,11,2016,5,19,2,3,5,3,0,0,0,1,0,0,0,0,4.88039E+20,5.59489E+21,8.83132E+15,5.05059E+16
104806,104807,6,4,31,17,2016,5,7,4,3,1,7,0,0,0,1,0,1,0,0,4.80614E+20,5.49344E+21,8.73176E+15,4.95932E+16
104807,104808,6,4,32,11,2016,5,14,4,3,6,7,0,0,0,1,1,0,0,0,4.88191E+20,5.52471E+21,8.83565E+15,4.98747E+16
104808,104809,6,5,34,16,2016,5,19,2,3,0,7,0,0,1,0,0,0,0,0,5.075E+20,5.63247E+21,9.10653E+15,5.08439E+16
104809,104810,6,4,34,2,2016,5,7,4,3,5,3,0,0,0,1,0,0,0,0,4.74759E+20,5.56627E+21,8.64598E+15,5.02481E+16
104810,104811,6,4,40,17,2016,5,16,4,3,6,7,0,0,0,1,1,0,0,0,4.84297E+20,5.5702E+21,8.77959E+15,5.02837E+16
104811,104812,6,4,31,2,2016,5,9,6,3,5,3,0,0,1,1,0,0,0,0,4.72566E+20,5.50344E+21,8.61969E+15,4.96828E+16
104812,104813,6,4,36,3,2016,5,16,7,3,2,6,0,0,0,1,0,0,0,0,4.69024E+20,5.55444E+21,8.56651E+15,5.01414E+16
104813,104814,6,5,32,23,2016,5,10,3,3,6,4,0,1,0,1,1,0,0,0,4.64667E+20,5.60106E+21,8.50115E+15,5.05604E+16
104814,104815,6,5,33,4,2016,5,13,5,2,8,1,0,0,0,0,0,0,0,1,4.32062E+20,5.59882E+21,8.04129E+15,5.05374E+16
104815,104816,6,6,11,0,2016,5,20,6,3,6,2,0,0,0,1,1,0,0,0,5.35792E+20,5.68588E+21,9.51366E+15,5.13231E+16
104816,104817,6,4,31,20,2016,5,17,4,3,5,3,0,0,0,1,0,0,0,0,4.69349E+20,5.48741E+21,8.57636E+15,4.95385E+16
104817,104818,6,4,31,2,2016,5,17,6,3,2,6,0,0,0,1,0,0,0,0,4.71901E+20,5.50484E+21,8.61037E+15,4.96954E+16
104818,104819,6,6,35,11,2016,5,16,2,3,5,3,0,0,0,1,0,0,0,0,4.85525E+20,5.65633E+21,8.79345E+15,5.10583E+16
104819,104820,6,5,35,1,2016,5,16,6,2,0,1,0,0,1,0,0,0,0,0,5.19521E+20,5.62197E+21,9.2767E+15,5.07492E+16
104820,104821,6,4,11,0,2016,5,19,7,3,1,5,0,0,0,1,0,1,0,0,4.74027E+20,5.5227E+21,8.63866E+15,4.98562E+16
104821,104822,6,5,34,18,2016,5,16,4,2,0,1,0,0,1,0,0,0,0,0,5.03087E+20,5.62931E+21,9.04382E+15,5.08155E+16
104822,104823,6,5,31,16,2016,5,17,6,3,5,3,0,0,0,1,0,0,0,0,4.87425E+20,5.60517E+21,8.82232E+15,5.05983E+16
104823,104824,6,4,37,11,2016,5,11,7,3,2,6,0,0,0,1,0,0,0,0,5.0044E+20,5.50429E+21,9.0061E+15,4.96911E+16
104824,104825,6,4,38,5,2016,5,15,5,3,0,7,0,0,1,1,0,0,0,0,4.86147E+20,5.5446E+21,8.80649E+15,5.00535E+16
104825,104826,6,4,12,0,2016,5,12,3,3,0,3,0,1,1,0,0,0,0,1,4.82499E+20,5.55343E+21,8.75512E+15,5.01328E+16
104826,104827,6,4,34,1,2016,5,13,7,2,5,3,0,0,0,1,0,1,0,0,4.72626E+20,5.5629E+21,8.6163E+15,5.02177E+16
104827,104828,6,4,33,9,2016,5,9,4,2,1,2,0,0,1,1,0,0,0,0,4.6063E+20,5.5329E+21,8.45125E+15,4.99471E+16
104828,104829,6,5,31,5,2016,5,11,6,3,5,2,0,0,1,1,0,0,0,0,4.75685E+20,5.60182E+21,8.65666E+15,5.05678E+16
104829,104830,6,4,38,6,2016,5,19,2,3,1,5,0,0,1,1,0,0,0,0,4.75821E+20,5.53758E+21,8.66269E+15,4.99901E+16
104830,104831,6,6,34,3,2016,5,19,7,3,5,3,0,0,1,1,0,0,0,0,5.29535E+20,5.66503E+21,9.42215E+15,5.1136E+16
104831,104832,6,6,32,2,2016,5,18,3,3,4,6,0,1,0,1,0,1,0,0,5.50892E+20,5.63718E+21,9.72347E+15,5.08841E+16
104832,104833,6,4,14,0,2016,5,22,1,3,2,6,2,0,0,1,0,0,0,0,4.45347E+20,5.5479E+21,8.23612E+15,5.00808E+16
104833,104834,6,6,11,0,2016,5,12,2,3,5,3,0,1,1,1,0,0,0,0,5.2994E+20,5.68664E+21,9.42975E+15,5.13302E+16
104834,104835,6,4,14,0,2016,5,16,6,3,5,3,0,0,1,1,0,0,0,0,4.49444E+20,5.54065E+21,8.29433E+15,5.00161E+16
104835,104836,6,4,12,0,2016,5,9,4,2,5,2,0,0,0,1,0,0,0,1,4.78038E+20,5.54699E+21,8.69308E+15,5.00747E+16
104836,104837,6,5,34,14,2016,5,23,4,3,4,7,2,0,0,0,0,1,0,1,4.83356E+20,5.62506E+21,8.76394E+15,5.07771E+16
104837,104838,6,4,14,0,2016,5,11,6,3,1,5,0,0,0,1,0,0,0,0,4.47461E+20,5.54598E+21,8.26593E+15,5.00638E+16
104838,104839,6,4,32,4,2016,5,14,7,3,5,3,0,0,0,1,0,0,0,0,4.88726E+20,5.52698E+21,8.84303E+15,4.98951E+16
104839,104840,6,4,35,17,2016,5,11,4,3,0,7,0,0,0,1,0,0,0,0,5.01628E+20,5.55876E+21,9.0228E+15,5.01811E+16
104840,104841,6,6,11,0,2016,5,10,3,3,5,3,0,0,0,1,0,0,0,0,5.379E+20,5.68219E+21,9.54352E+15,5.12898E+16
104841,104842,6,5,31,5,2016,5,18,5,3,6,7,0,0,0,1,1,0,0,0,4.7674E+20,5.6036E+21,8.67145E+15,5.05838E+16
104842,104843,6,4,40,5,2016,5,15,2,2,8,1,0,0,0,0,0,1,0,0,4.76502E+20,5.58706E+21,8.66913E+15,5.0435E+16
104843,104844,6,6,33,2,2016,5,12,7,3,5,2,0,0,0,1,0,1,0,0,5.31123E+20,5.72169E+21,9.44981E+15,5.16453E+16
104844,104845,6,4,14,0,2016,5,13,3,3,2,1,0,1,0,1,0,1,0,0,4.45829E+20,5.54827E+21,8.2428E+15,5.00842E+16
104845,104846,6,6,11,0,2016,5,10,6,3,7,1,0,0,0,0,0,1,0,0,5.35839E+20,5.68578E+21,9.51433E+15,5.13222E+16
104846,104847,6,4,12,0,2016,5,11,1,3,5,3,0,0,0,1,0,1,0,0,4.71296E+20,5.55105E+21,8.59855E+15,5.0111E+16
104847,104848,6,4,40,12,2016,5,13,2,3,1,5,0,0,0,1,0,1,0,0,4.83851E+20,5.56442E+21,8.77357E+15,5.02318E+16
104848,104849,6,4,12,0,2016,5,11,6,3,1,5,0,0,1,1,0,0,0,0,4.77103E+20,5.55189E+21,8.67972E+15,5.01188E+16
104849,104850,6,6,34,22,2016,5,12,4,3,4,6,0,0,1,0,0,1,0,0,5.17033E+20,5.6401E+21,9.24228E+15,5.09123E+16
104850,104851,6,6,33,9,2016,5,11,3,3,2,2,0,0,0,1,0,0,0,1,5.36144E+20,5.68871E+21,9.519E+15,5.13485E+16
104851,104852,6,6,33,20,2016,5,19,5,3,5,3,1,0,0,1,0,0,0,0,5.3799E+20,5.68514E+21,9.54511E+15,5.13163E+16
104852,104853,6,6,36,8,2016,5,13,7,2,6,4,0,0,0,1,1,0,0,0,5.65393E+20,5.67359E+21,9.93617E+15,5.121E+16
104853,104854,6,4,35,14,2016,5,12,3,3,0,7,0,1,0,1,0,0,0,0,4.96464E+20,5.54929E+21,8.95057E+15,5.00959E+16
104854,104855,6,4,31,5,2016,5,10,6,3,5,3,0,0,1,0,0,0,0,1,4.60583E+20,5.49947E+21,8.454E+15,4.96465E+16
104855,104856,6,4,14,0,2016,5,7,6,3,5,3,0,0,0,1,0,0,0,0,4.43865E+20,5.54433E+21,8.21593E+15,5.00486E+16
104856,104857,6,4,11,0,2016,5,15,3,3,5,3,0,1,1,1,0,0,0,0,4.76128E+20,5.52417E+21,8.6678E+15,4.98694E+16
104857,104858,6,4,11,0,2016,5,21,1,3,2,6,2,1,1,1,0,0,0,0,4.73632E+20,5.5243E+21,8.63306E+15,4.98706E+16
104858,104859,6,4,36,6,2016,5,9,3,3,6,7,0,1,0,1,1,0,0,0,4.53817E+20,5.54012E+21,8.35543E+15,5.00116E+16
104859,104860,6,4,32,19,2016,5,19,2,3,6,4,0,0,0,1,1,0,0,0,4.87508E+20,5.51971E+21,8.82631E+15,4.98297E+16
104860,104861,6,6,34,22,2016,5,12,6,3,1,5,0,0,0,1,0,0,0,0,5.17449E+20,5.64058E+21,9.24823E+15,5.09166E+16
104861,104862,6,4,12,0,2016,5,14,3,3,2,6,0,1,0,1,0,0,1,0,4.75451E+20,5.54927E+21,8.65678E+15,5.00952E+16
104862,104863,6,4,14,0,2016,5,16,6,3,6,7,0,0,0,1,1,0,0,0,4.51975E+20,5.54799E+21,8.32873E+15,5.00822E+16
104863,104864,6,6,32,18,2016,5,14,3,3,4,1,0,1,0,1,0,0,0,0,5.51271E+20,5.65071E+21,9.73076E+15,5.10057E+16
104864,104865,6,4,12,0,2016,5,19,1,3,5,2,1,1,1,1,0,0,0,0,4.73332E+20,5.55706E+21,8.62661E+15,5.01651E+16
104865,104866,6,6,32,2,2016,5,12,1,2,0,1,0,0,1,0,0,0,0,0,5.51333E+20,5.63467E+21,9.72939E+15,5.08614E+16
104866,104867,6,4,36,5,2016,5,8,4,3,3,6,0,0,0,1,0,0,0,1,4.63885E+20,5.54623E+21,8.49537E+15,5.00672E+16
104867,104868,6,6,11,0,2016,5,12,3,3,1,5,0,0,1,1,0,0,0,0,5.33707E+20,5.68476E+21,9.48363E+15,5.13131E+16
104868,104869,6,4,14,0,2016,5,19,5,3,0,1,0,0,0,0,0,1,0,0,4.45529E+20,5.54981E+21,8.23839E+15,5.00981E+16
104869,104870,6,4,12,0,2016,5,19,7,2,0,1,0,1,1,0,0,0,0,0,4.75808E+20,5.55035E+21,8.6617E+15,5.01049E+16
104870,104871,6,4,36,11,2016,5,7,3,2,5,3,0,1,1,1,0,0,0,0,4.67168E+20,5.55568E+21,8.54043E+15,5.01524E+16
104871,104872,6,4,12,0,2016,5,21,5,3,5,3,0,0,1,1,0,0,0,0,4.83593E+20,5.552E+21,8.77049E+15,5.01201E+16
104872,104873,6,4,12,0,2016,5,12,3,3,1,5,0,1,1,1,0,0,0,0,4.77104E+20,5.55194E+21,8.67973E+15,5.01193E+16
104873,104874,6,4,13,0,2016,5,8,6,3,2,6,0,0,0,1,0,0,0,0,4.82808E+20,5.55004E+21,8.75961E+15,5.01024E+16
104874,104875,6,4,14,0,2016,5,9,3,3,5,3,0,0,1,1,0,0,0,0,4.45674E+20,5.5444E+21,8.24118E+15,5.00494E+16
104875,104876,6,4,13,0,2016,5,12,5,3,5,3,0,0,1,1,0,0,0,0,4.82122E+20,5.55034E+21,8.75E+15,5.0105E+16
104876,104877,6,4,12,0,2016,5,3,1,3,5,3,2,0,1,1,0,0,0,0,4.77417E+20,5.55272E+21,8.68406E+15,5.01263E+16
104877,104878,6,4,12,0,2016,5,19,3,3,5,3,0,0,0,1,0,0,0,1,4.67364E+20,5.54979E+21,8.54367E+15,5.00994E+16
104878,104879,6,4,12,0,2016,5,18,5,3,4,6,0,0,1,0,0,0,0,0,4.68065E+20,5.54995E+21,8.55346E+15,5.0101E+16
104879,104880,6,6,11,0,2016,5,12,7,3,2,6,0,0,0,1,0,0,0,0,5.32581E+20,5.68057E+21,9.46709E+15,5.12756E+16
104880,104881,6,4,35,14,2016,5,13,5,3,1,5,0,0,0,1,0,0,0,0,4.92365E+20,5.55344E+21,8.89317E+15,5.01332E+16
104881,104882,6,5,32,5,2016,5,18,7,3,8,1,0,0,0,1,0,0,0,0,4.5133E+20,5.63185E+21,8.30882E+15,5.08363E+16
104882,104883,6,4,12,0,2016,5,15,3,3,9,1,0,0,1,0,0,0,0,0,4.73259E+20,5.55572E+21,8.62567E+15,5.01531E+16
104883,104884,6,4,12,0,2016,5,19,5,3,1,5,0,0,1,1,0,0,0,0,4.71154E+20,5.55009E+21,8.59665E+15,5.01024E+16
104884,104885,6,5,34,14,2016,5,18,2,2,0,7,0,0,1,0,0,0,0,0,4.83986E+20,5.62635E+21,8.77281E+15,5.07887E+16
104885,104886,6,4,38,9,2016,5,11,7,3,5,3,0,0,1,1,0,0,0,0,4.80421E+20,5.54555E+21,8.72646E+15,5.00619E+16
104886,104887,6,6,32,2,2016,5,7,3,3,5,3,0,1,0,1,0,0,0,0,5.49076E+20,5.63518E+21,9.69739E+15,5.08662E+16
104887,104888,6,6,31,9,2016,5,20,2,3,5,3,1,0,0,1,0,0,0,0,5.47753E+20,5.59999E+21,9.67404E+15,5.05499E+16
104888,104889,6,4,35,10,2016,5,14,7,3,4,6,0,0,0,1,0,0,0,1,5.12911E+20,5.56154E+21,9.18093E+15,5.02059E+16
104889,104890,6,5,31,14,2016,5,10,4,3,1,5,0,0,0,1,0,1,0,0,4.80859E+20,5.59879E+21,8.72988E+15,5.05408E+16
104890,104891,6,4,32,22,2016,5,13,7,3,3,2,0,0,1,1,0,0,0,0,4.73896E+20,5.51138E+21,8.6376E+15,4.97544E+16
104891,104892,6,4,14,0,2016,5,13,4,3,0,7,0,0,1,0,0,0,0,0,4.48777E+20,5.53969E+21,8.28515E+15,5.00073E+16
104892,104893,6,4,12,0,2016,5,7,3,3,5,2,0,0,1,1,0,0,0,0,4.75643E+20,5.5515E+21,8.65932E+15,5.01153E+16
104893,104894,6,4,12,0,2016,5,9,5,3,0,3,0,1,0,1,0,1,0,0,4.76117E+20,5.55095E+21,8.66599E+15,5.01103E+16
104894,104895,6,4,14,0,2016,5,14,1,3,3,6,0,0,0,1,0,1,0,0,4.45961E+20,5.5481E+21,8.24467E+15,5.00827E+16
104895,104896,6,4,14,0,2016,5,7,2,3,0,3,0,1,0,1,0,1,0,0,4.4278E+20,5.54782E+21,8.20025E+15,5.00798E+16
104896,104897,6,5,31,5,2016,5,19,1,3,4,6,0,0,0,1,0,0,0,0,4.77774E+20,5.60385E+21,8.68604E+15,5.05861E+16
104897,104898,6,4,40,5,2016,5,12,7,3,5,2,0,0,1,1,0,0,0,0,4.77421E+20,5.58719E+21,8.68206E+15,5.04363E+16