FID,OBJECTID,ULAND,UREGBEZ,UKREIS,UGEMEINDE,UJAHR,UMONAT,USTUNDE,UWOCHENTAG,UKATEGORIE,UART,UTYP1,ULICHTVERH,IstStrasse,IstRad,IstPKW,IstFuss,IstKrad,IstGkfz,IstSonstig,LINREFX,LINREFY,XGCSWGS84,YGCSWGS84
105076,105077,6,4,35,1,2016,6,1,1,3,1,7,2,1,0,1,0,0,0,0,5.25122E+20,5.563E+21,9.35214E+15,5.02186E+16
105077,105078,6,4,12,0,2016,6,15,4,3,3,6,0,0,0,1,0,1,0,0,4.81776E+20,5.55238E+21,8.74506E+15,5.01233E+16
105078,105079,6,4,33,4,2016,6,20,5,2,5,3,0,0,1,1,0,0,0,0,4.6301E+20,5.51028E+21,8.48658E+15,4.97439E+16
105079,105080,6,4,14,0,2016,6,22,6,2,0,7,2,0,1,0,0,0,0,0,4.42389E+20,5.54655E+21,8.19498E+15,5.00685E+16
105080,105081,6,5,31,5,2016,6,16,4,3,2,6,0,0,0,1,0,0,0,0,4.76697E+20,5.6041E+21,8.6708E+15,5.05883E+16
105081,105082,6,4,34,1,2016,6,14,6,3,2,6,0,0,0,1,0,0,0,0,4.72021E+20,5.56441E+21,8.60771E+15,5.02312E+16
105082,105083,6,4,38,6,2016,6,13,3,3,2,6,0,0,0,0,0,0,0,1,4.75875E+20,5.53768E+21,8.66344E+15,4.9991E+16
105083,105084,6,4,33,1,2016,6,17,5,3,0,3,0,0,0,1,0,1,0,0,4.61832E+20,5.51509E+21,8.46977E+15,4.9787E+16
105084,105085,6,4,14,0,2016,6,7,6,3,5,3,0,0,0,1,0,0,0,0,4.42788E+20,5.54781E+21,8.20037E+15,5.00798E+16
105085,105086,6,4,12,0,2016,6,0,7,3,1,5,2,0,1,1,0,0,0,0,4.68779E+20,5.55206E+21,8.56327E+15,5.012E+16
105086,105087,6,4,12,0,2016,5,18,3,3,5,3,0,0,1,1,0,0,0,0,4.69149E+20,5.5525E+21,8.56841E+15,5.01239E+16
105087,105088,6,4,14,0,2016,6,8,6,3,5,3,0,0,1,1,0,0,0,0,4.46565E+20,5.54686E+21,8.25329E+15,5.00716E+16
105088,105089,6,4,12,0,2016,6,22,7,3,3,6,2,0,0,1,0,1,0,0,4.75159E+20,5.55139E+21,8.65256E+15,5.01142E+16
105089,105090,6,4,40,8,2016,6,16,2,3,5,3,0,0,0,1,0,0,0,0,4.82358E+20,5.57528E+21,8.75214E+15,5.03293E+16
105090,105091,6,5,34,14,2016,6,14,2,3,5,3,0,1,0,1,0,0,0,0,4.8419E+20,5.62596E+21,8.77572E+15,5.07852E+16
105091,105092,6,4,13,0,2016,6,9,6,3,5,3,0,0,0,1,0,0,0,0,4.84341E+20,5.54935E+21,8.78107E+15,5.00962E+16
105092,105093,6,4,40,2,2016,6,15,6,3,0,7,0,0,0,0,0,0,0,1,4.81115E+20,5.57978E+21,8.73445E+15,5.03698E+16
105093,105094,6,4,38,9,2016,6,13,4,3,1,5,0,0,0,1,0,0,0,0,4.78574E+20,5.54466E+21,8.7007E+15,5.00538E+16
105094,105095,6,4,35,14,2016,6,9,6,3,5,2,0,0,1,1,0,0,0,0,4.93247E+20,5.55416E+21,8.9055E+15,5.01396E+16
105095,105096,6,5,34,14,2016,6,13,5,3,5,2,0,1,1,1,0,0,0,0,4.8387E+20,5.63222E+21,8.7709E+15,5.08415E+16
105096,105097,6,4,12,0,2016,6,15,6,3,0,6,0,0,0,0,0,1,1,0,4.72951E+20,5.55731E+21,8.62126E+15,5.01674E+16
105097,105098,6,4,11,0,2016,6,13,7,3,0,1,0,0,1,0,0,0,0,0,4.75409E+20,5.52879E+21,8.6575E+15,4.9911E+16
105098,105099,6,4,12,0,2016,5,20,3,3,6,4,0,0,1,0,1,0,0,0,4.77619E+20,5.55277E+21,8.68689E+15,5.01267E+16
105099,105100,6,4,12,0,2016,6,16,7,3,2,6,0,0,0,1,0,0,0,0,4.73096E+20,5.54768E+21,8.62396E+15,5.00808E+16
105100,105101,6,4,40,8,2016,6,14,2,3,0,3,0,0,0,1,0,1,0,0,4.83021E+20,5.57616E+21,8.76142E+15,5.03373E+16
105101,105102,6,4,12,0,2016,6,8,2,3,5,3,0,0,0,1,0,0,0,0,4.71336E+20,5.54929E+21,8.59924E+15,5.00952E+16
105102,105103,6,6,34,9,2016,6,20,1,2,6,4,0,0,0,1,1,0,0,0,5.29053E+20,5.65394E+21,9.41436E+15,5.10363E+16
105103,105104,6,4,12,0,2016,6,20,5,3,3,6,1,0,0,1,0,1,0,0,4.76761E+20,5.55258E+21,8.67489E+15,5.0125E+16
105104,105105,6,6,33,1,2016,6,21,4,3,0,1,0,0,1,0,0,0,0,0,5.27104E+20,5.68999E+21,9.38928E+15,5.13605E+16
105105,105106,6,4,36,8,2016,6,7,5,3,0,3,1,1,0,1,0,1,0,0,4.61054E+20,5.55372E+21,8.45505E+15,5.01344E+16
105106,105107,6,4,12,0,2016,6,21,6,3,5,3,0,0,0,1,0,0,0,0,4.82701E+20,5.55345E+21,8.75796E+15,5.0133E+16
105107,105108,6,4,12,0,2016,6,6,5,2,5,3,0,0,1,1,0,0,0,0,4.70451E+20,5.55072E+21,8.58676E+15,5.0108E+16
105108,105109,6,6,36,3,2016,6,14,4,3,2,6,0,0,0,1,0,0,0,0,5.72194E+20,5.67107E+21,1.0033E+16,5.11865E+16
105109,105110,6,4,35,17,2016,6,17,5,2,2,6,0,0,0,1,0,0,0,0,5.02589E+20,5.55769E+21,9.03626E+15,5.01714E+16
105110,105111,6,4,12,0,2016,6,14,6,3,6,4,0,0,0,1,1,0,0,0,4.78019E+20,5.55286E+21,8.69247E+15,5.01275E+16
105111,105112,6,5,31,5,2016,6,22,6,3,5,3,2,0,0,1,0,1,0,0,4.77052E+20,5.60435E+21,8.6758E+15,5.05906E+16
105112,105113,6,4,38,13,2016,5,18,3,3,5,3,0,0,1,0,0,0,0,0,4.98256E+20,5.54343E+21,8.97564E+15,5.00431E+16
105113,105114,6,4,12,0,2016,6,18,7,3,6,2,0,0,0,0,1,0,0,1,4.77287E+20,5.54981E+21,8.68241E+15,5.01001E+16
105114,105115,6,4,33,12,2016,6,12,2,3,5,3,0,0,1,1,0,0,0,0,4.58726E+20,5.53819E+21,8.42416E+15,4.99946E+16
105115,105116,6,4,35,19,2016,6,9,3,3,4,7,0,0,1,1,0,0,0,0,4.88752E+20,5.55613E+21,8.84254E+15,5.01573E+16
105116,105117,6,4,12,0,2016,6,12,2,3,2,2,0,0,0,1,0,0,0,1,4.75045E+20,5.55384E+21,8.65081E+15,5.01363E+16
105117,105118,6,4,12,0,2016,6,22,1,3,0,6,2,1,0,1,0,1,0,0,4.77707E+20,5.55115E+21,8.68822E+15,5.01122E+16
105118,105119,6,4,32,10,2016,6,10,5,3,1,5,0,0,1,1,0,0,0,0,4.95308E+20,5.52411E+21,8.9347E+15,4.98694E+16
105119,105120,6,4,12,0,2016,6,10,4,3,4,7,0,0,0,1,0,0,0,1,4.74456E+20,5.56019E+21,8.64214E+15,5.01933E+16
105120,105121,6,4,35,6,2016,6,9,4,3,0,7,0,1,0,1,0,0,0,1,4.93611E+20,5.55874E+21,8.91051E+15,5.01808E+16
105121,105122,6,4,12,0,2016,6,11,6,3,6,7,0,0,1,0,1,0,0,0,4.76869E+20,5.55131E+21,8.67648E+15,5.01136E+16
105122,105123,6,6,32,7,2016,6,13,3,3,5,3,0,0,0,1,0,0,0,0,5.51108E+20,5.63061E+21,9.72563E+15,5.08249E+16
105123,105124,6,4,38,6,2016,6,19,6,2,5,2,0,0,0,1,0,0,0,0,4.7693E+20,5.53679E+21,8.67821E+15,4.9983E+16
105124,105125,6,4,35,19,2016,6,20,3,3,5,3,0,0,1,1,0,0,0,0,4.88613E+20,5.55411E+21,8.84065E+15,5.01391E+16
105125,105126,6,4,34,1,2016,6,18,4,3,1,5,0,0,0,1,0,0,0,0,4.73722E+20,5.56324E+21,8.63164E+15,5.02207E+16
105126,105127,6,5,33,13,2016,6,20,3,3,4,6,0,0,1,1,0,0,0,0,4.37787E+20,5.58544E+21,8.12431E+15,5.04177E+16
105127,105128,6,4,12,0,2016,6,13,6,2,6,4,0,0,0,1,1,0,0,0,4.65321E+20,5.5481E+21,8.51526E+15,5.00842E+16
105128,105129,6,4,40,1,2016,5,18,3,2,5,3,0,0,1,1,0,0,0,0,4.95655E+20,5.57083E+21,8.93901E+15,5.02895E+16
105129,105130,6,4,12,0,2016,6,6,6,3,5,3,0,0,1,1,0,0,0,0,4.72184E+20,5.55306E+21,8.61083E+15,5.01291E+16
105130,105131,6,6,11,0,2016,6,9,1,3,8,1,0,0,0,1,0,0,0,1,5.33805E+20,5.68653E+21,9.4852E+15,5.1329E+16
105131,105132,6,4,34,1,2016,6,7,3,3,5,3,0,0,1,1,0,0,0,0,4.73342E+20,5.56427E+21,8.62624E+15,5.023E+16
105132,105133,6,5,32,5,2016,6,9,4,3,5,3,0,0,0,1,0,1,0,0,4.51532E+20,5.63104E+21,8.3118E+15,5.08291E+16
105133,105134,6,4,12,0,2016,6,14,2,3,2,7,0,0,0,1,0,0,0,0,4.74686E+20,5.54834E+21,8.64614E+15,5.00867E+16
105134,105135,6,4,33,5,2016,6,10,1,3,8,1,0,0,0,1,0,0,0,0,4.52937E+20,5.5368E+21,8.34356E+15,4.99817E+16
105135,105136,6,4,12,0,2016,6,11,4,3,6,4,0,0,0,1,1,0,0,0,4.77983E+20,5.55275E+21,8.69198E+15,5.01266E+16
105136,105137,6,6,32,19,2016,6,9,4,3,0,6,0,0,0,0,0,1,1,0,5.59606E+20,5.63004E+21,9.84617E+15,5.0819E+16
105137,105138,6,4,11,0,2016,6,19,6,3,5,3,0,0,1,1,0,0,0,0,4.72661E+20,5.52629E+21,8.6194E+15,4.98883E+16
105138,105139,6,5,33,6,2016,6,14,3,3,5,3,0,0,0,1,0,0,0,0,4.31233E+20,5.58423E+21,8.03229E+15,5.04061E+16
105139,105140,6,5,33,17,2016,6,13,6,3,2,7,0,0,0,0,0,1,0,1,4.4926E+20,5.59248E+21,8.28482E+15,5.04821E+16
105140,105141,6,4,38,2,2016,6,11,4,3,1,7,0,0,0,1,0,0,0,0,4.82318E+20,5.53677E+21,8.75336E+15,4.9983E+16
105141,105142,6,4,34,1,2016,6,9,3,2,5,3,0,0,1,0,0,0,0,1,4.74368E+20,5.56382E+21,8.64065E+15,5.0226E+16
105142,105143,6,6,33,20,2016,6,7,4,3,6,4,0,0,0,1,1,0,0,0,5.40188E+20,5.68404E+21,9.57654E+15,5.13062E+16
105143,105144,6,4,37,11,2016,6,16,6,3,4,6,0,1,1,0,0,1,0,0,5.00197E+20,5.50377E+21,9.00273E+15,4.96865E+16
105144,105145,6,4,12,0,2016,6,14,7,3,1,5,0,0,0,1,0,0,0,0,4.7762E+20,5.5554E+21,8.68674E+15,5.01504E+16
105145,105146,6,4,12,0,2016,6,14,2,3,3,6,0,0,1,0,0,0,0,0,4.78419E+20,5.55282E+21,8.69807E+15,5.01272E+16
105146,105147,6,4,14,0,2016,6,16,4,3,5,2,0,1,0,1,0,0,1,0,4.48022E+20,5.54593E+21,8.27377E+15,5.00634E+16
105147,105148,6,6,33,23,2016,6,8,6,3,6,4,0,0,0,1,1,0,0,0,5.26255E+20,5.68023E+21,9.37638E+15,5.12728E+16
105148,105149,6,4,12,0,2016,6,20,7,3,6,4,0,0,0,1,1,0,0,0,4.76169E+20,5.55069E+21,8.66672E+15,5.0108E+16
105149,105150,6,6,31,9,2016,6,16,6,2,6,4,0,0,0,1,1,0,0,0,5.48741E+20,5.60202E+21,9.68824E+15,5.0568E+16
105150,105151,6,4,37,9,2016,6,7,2,3,0,1,0,1,0,0,0,1,0,0,4.99974E+20,5.51703E+21,8.99964E+15,4.98057E+16
105151,105152,6,4,14,0,2016,6,18,5,3,5,3,0,0,1,1,0,0,0,0,4.44211E+20,5.54756E+21,8.22029E+15,5.00777E+16
105152,105153,6,4,14,0,2016,6,12,4,3,2,6,0,1,0,1,0,1,0,0,4.44588E+20,5.54697E+21,8.22565E+15,5.00724E+16
105153,105154,6,6,35,2,2016,6,13,6,3,1,5,0,0,0,1,0,0,0,0,5.00945E+20,5.69214E+21,9.01358E+15,5.13805E+16
105154,105155,6,5,33,18,2016,6,11,7,3,0,1,0,0,0,0,0,0,1,0,4.56075E+20,5.58793E+21,8.38141E+15,5.04417E+16
105155,105156,6,5,32,17,2016,5,18,3,3,5,3,0,0,1,1,0,0,0,0,4.58691E+20,5.61638E+21,8.41508E+15,5.06977E+16
105156,105157,6,4,12,0,2016,6,5,7,3,6,7,0,0,0,1,1,0,0,0,4.78633E+20,5.55233E+21,8.7011E+15,5.01229E+16
105157,105158,6,4,12,0,2016,6,11,1,2,5,3,0,0,0,1,0,0,0,0,4.71778E+20,5.54891E+21,8.60545E+15,5.00918E+16
105158,105159,6,4,32,18,2016,5,11,3,3,5,3,0,0,1,1,0,0,0,0,4.70722E+20,5.51662E+21,8.59314E+15,4.98013E+16
105159,105160,6,6,35,11,2016,6,13,7,3,1,6,0,0,0,1,0,0,0,0,4.85304E+20,5.65606E+21,8.79031E+15,5.10559E+16
105160,105161,6,4,12,0,2016,6,18,1,3,2,6,0,0,0,1,0,0,0,0,4.77045E+20,5.55168E+21,8.67893E+15,5.01169E+16
105161,105162,6,4,35,14,2016,6,15,2,2,5,3,0,1,1,1,0,0,0,0,4.91638E+20,5.55313E+21,8.88301E+15,5.01303E+16
105162,105163,6,4,12,0,2016,6,15,5,3,6,4,0,0,0,1,1,0,0,0,4.7414E+20,5.54791E+21,8.63854E+15,5.00829E+16
105163,105164,6,5,33,9,2016,6,12,4,2,1,5,0,0,0,1,0,0,0,0,4.3294E+20,5.58211E+21,8.05668E+15,5.03873E+16
105164,105165,6,4,13,0,2016,6,1,4,3,5,2,2,0,0,1,0,0,0,0,4.84255E+20,5.54989E+21,8.77984E+15,5.01011E+16
105165,105166,6,4,38,13,2016,6,13,6,3,5,3,0,0,0,1,0,0,0,0,4.98087E+20,5.54331E+21,8.97329E+15,5.00421E+16
105166,105167,6,6,33,9,2016,6,16,3,2,9,1,0,0,1,0,0,0,0,0,5.37215E+20,5.69281E+21,9.53481E+15,5.13853E+16
105167,105168,6,6,33,17,2016,6,14,6,3,8,1,0,0,0,0,0,0,0,1,5.38906E+20,5.68101E+21,9.55782E+15,5.12791E+16
105168,105169,6,4,33,6,2016,5,13,3,3,5,2,0,0,0,1,0,0,0,0,4.63989E+20,5.52877E+21,8.49845E+15,4.99102E+16
105169,105170,6,4,38,9,2016,6,15,7,3,5,3,0,0,1,1,0,0,0,0,4.78333E+20,5.54475E+21,8.69732E+15,5.00546E+16
105170,105171,6,4,12,0,2016,6,19,1,3,1,5,0,0,1,1,0,0,0,0,4.76639E+20,5.5514E+21,8.67326E+15,5.01144E+16
105171,105172,6,4,36,5,2016,6,13,3,3,0,7,0,0,1,1,0,0,0,0,4.62597E+20,5.54596E+21,8.47739E+15,5.00647E+16
105172,105173,6,4,38,12,2016,6,16,4,3,1,5,0,0,0,1,0,0,0,0,4.87934E+20,5.53562E+21,8.83173E+15,4.99728E+16
105173,105174,6,4,12,0,2016,6,10,2,3,6,7,0,0,1,1,1,0,0,0,4.75434E+20,5.54985E+21,8.6565E+15,5.01004E+16
105174,105175,6,4,34,2,2016,6,11,1,3,5,3,0,1,0,1,0,0,0,0,4.74758E+20,5.56627E+21,8.64596E+15,5.02481E+16
105175,105176,6,4,12,0,2016,6,18,4,2,2,6,0,0,0,1,0,0,0,0,4.78438E+20,5.55413E+21,8.69827E+15,5.0139E+16
105176,105177,6,4,11,0,2016,6,12,2,3,0,2,0,0,1,1,0,0,0,0,4.75399E+20,5.52882E+21,8.65736E+15,4.99113E+16
105177,105178,6,4,13,0,2016,6,14,1,3,6,7,0,0,0,1,1,0,0,0,4.82154E+20,5.54817E+21,8.75054E+15,5.00855E+16
105178,105179,6,6,34,22,2016,6,15,5,3,0,1,0,0,1,0,0,0,1,0,5.16129E+20,5.64105E+21,9.22947E+15,5.09208E+16
105179,105180,6,4,14,0,2016,6,2,4,3,1,1,2,0,0,1,0,0,0,0,4.45762E+20,5.54986E+21,8.24164E+15,5.00985E+16
105180,105181,6,4,12,0,2016,6,6,4,3,0,7,0,1,1,1,0,0,0,0,4.67089E+20,5.54948E+21,8.53985E+15,5.00967E+16
105181,105182,6,4,38,4,2016,6,6,6,3,5,3,0,0,0,1,0,0,0,1,4.96222E+20,5.54718E+21,8.9472E+15,5.00769E+16
105182,105183,6,4,14,0,2016,6,5,3,3,5,2,0,0,1,1,0,0,0,0,4.43302E+20,5.54741E+21,8.20762E+15,5.00763E+16
105183,105184,6,4,12,0,2016,6,12,6,3,1,5,0,0,1,1,0,0,0,0,4.7494E+20,5.5521E+21,8.64944E+15,5.01206E+16
105184,105185,6,6,35,3,2016,6,14,6,2,0,7,0,0,0,0,0,0,0,1,5.07622E+20,5.66256E+21,9.10889E+15,5.11145E+16
105185,105186,6,4,35,10,2016,6,11,3,3,1,6,0,0,0,1,0,0,0,0,5.12988E+20,5.55986E+21,9.18195E+15,5.01908E+16
105186,105187,6,4,32,3,2016,6,9,4,3,1,5,0,1,0,1,0,0,0,0,4.72067E+20,5.512E+21,8.61216E+15,4.97598E+16
105187,105188,6,4,32,23,2016,6,16,2,3,2,2,0,0,0,1,0,0,0,0,4.72186E+20,5.52734E+21,8.61272E+15,4.98978E+16
105188,105189,6,4,12,0,2016,6,15,4,3,0,5,0,1,1,1,0,0,0,0,4.76449E+20,5.55146E+21,8.6706E+15,5.01149E+16
105189,105190,6,4,12,0,2016,6,8,4,3,5,3,0,1,1,1,0,0,0,0,4.77391E+20,5.55055E+21,8.68383E+15,5.01068E+16
105190,105191,6,4,38,11,2016,6,14,6,3,0,2,0,0,0,1,0,1,0,0,4.90474E+20,5.53855E+21,8.86708E+15,4.99992E+16
105191,105192,6,4,11,0,2016,6,19,4,3,5,2,0,1,1,1,0,0,0,0,4.74175E+20,5.52491E+21,8.64057E+15,4.9876E+16
105192,105193,6,4,34,8,2016,6,17,6,2,2,6,0,1,1,0,0,0,0,1,4.69866E+20,5.56388E+21,8.57754E+15,5.02263E+16
105193,105194,6,4,13,0,2016,6,15,3,3,5,3,0,0,1,1,0,0,0,0,4.82999E+20,5.54878E+21,8.76233E+15,5.0091E+16
105194,105195,6,4,38,11,2016,6,7,6,3,1,7,0,0,1,1,0,0,0,0,4.91552E+20,5.53998E+21,8.8821E+15,5.00121E+16
105195,105196,6,4,35,10,2016,6,5,3,3,5,3,0,0,1,1,0,0,0,0,5.12915E+20,5.56053E+21,9.18095E+15,5.01968E+16
105196,105197,6,4,11,0,2016,6,8,4,3,1,5,0,0,0,0,0,1,0,1,4.71062E+20,5.52082E+21,8.59756E+15,4.98391E+16
105197,105198,6,5,32,14,2016,6,8,6,3,6,7,0,0,0,1,1,0,0,0,4.69885E+20,5.59643E+21,8.5752E+15,5.05191E+16
105198,105199,6,4,38,10,2016,6,21,7,3,5,3,1,0,0,1,0,0,0,0,4.90079E+20,5.54713E+21,8.86134E+15,5.00763E+16
105199,105200,6,4,38,2,2016,6,16,1,3,2,6,0,0,0,1,0,0,0,0,4.78189E+20,5.54053E+21,8.69556E+15,5.00167E+16
105200,105201,6,4,32,8,2016,6,1,2,3,8,1,2,1,0,0,0,1,0,0,4.70133E+20,5.52402E+21,8.58439E+15,4.98679E+16
105201,105202,6,4,36,12,2016,6,22,5,3,0,1,2,0,1,0,0,0,0,0,4.66374E+20,5.55337E+21,8.52951E+15,5.01316E+16
105202,105203,6,4,33,8,2016,6,19,5,3,0,7,0,0,0,1,0,0,0,1,4.69016E+20,5.53906E+21,8.56765E+15,5.0003E+16
105203,105204,6,4,38,1,2016,6,9,6,3,6,3,0,0,0,1,1,0,0,0,4.84615E+20,5.54071E+21,8.78524E+15,5.00185E+16
105204,105205,6,4,32,4,2016,6,23,3,3,5,3,2,1,0,1,0,0,0,0,4.88805E+20,5.52785E+21,8.84411E+15,4.9903E+16
105205,105206,6,4,35,14,2016,6,15,6,3,2,7,0,0,0,1,0,0,0,0,4.94881E+20,5.55288E+21,8.92838E+15,5.01281E+16
105206,105207,6,6,11,0,2016,6,19,4,3,5,3,0,1,0,1,0,0,0,0,5.31039E+20,5.68617E+21,9.44547E+15,5.13259E+16
105207,105208,6,6,32,7,2016,6,11,5,3,5,3,0,0,1,0,0,0,0,1,5.50988E+20,5.6316E+21,9.72406E+15,5.08339E+16
105208,105209,6,4,12,0,2016,6,13,7,3,2,6,0,0,0,1,0,0,0,0,4.76676E+20,5.55094E+21,8.6738E+15,5.01103E+16
105209,105210,6,5,31,12,2016,5,14,3,3,5,3,0,0,1,0,0,0,1,0,4.75914E+20,5.59803E+21,8.66014E+15,5.05337E+16
105210,105211,6,4,36,8,2016,6,11,7,3,5,3,0,0,1,1,0,0,0,0,4.61686E+20,5.55238E+21,8.46403E+15,5.01225E+16
105211,105212,6,4,38,6,2016,6,16,1,2,5,3,0,0,1,1,0,0,0,0,4.75072E+20,5.53775E+21,8.65222E+15,4.99916E+16
105212,105213,6,4,11,0,2016,6,12,2,3,4,7,0,0,1,1,0,0,0,0,4.77195E+20,5.52728E+21,8.68246E+15,4.98975E+16
105213,105214,6,5,31,5,2016,6,12,2,3,5,3,0,1,1,1,0,0,0,0,4.78684E+20,5.6037E+21,8.6989E+15,5.05848E+16
105214,105215,6,6,11,0,2016,6,18,7,3,5,2,0,0,1,1,0,0,0,0,5.35726E+20,5.68267E+21,9.51239E+15,5.12942E+16
105215,105216,6,4,12,0,2016,6,18,5,3,6,4,0,0,0,1,1,0,0,0,4.83355E+20,5.55208E+21,8.76716E+15,5.01207E+16
105216,105217,6,6,33,15,2016,6,22,4,2,6,4,2,0,0,0,1,0,0,1,5.43062E+20,5.68152E+21,9.61745E+15,5.12834E+16
105217,105218,6,4,39,15,2016,6,16,4,3,6,2,0,1,0,1,1,0,0,0,4.39643E+20,5.55435E+21,8.15538E+15,5.01383E+16
105218,105219,6,4,14,0,2016,6,17,5,3,5,2,0,0,0,1,0,0,0,0,4.46729E+20,5.54388E+21,8.25599E+15,5.00448E+16
105219,105220,6,4,13,0,2016,6,7,3,3,1,5,0,0,1,1,0,0,0,0,4.8214E+20,5.54999E+21,8.75026E+15,5.01019E+16
105220,105221,6,4,12,0,2016,6,7,6,3,5,3,0,0,1,0,0,0,0,1,4.67589E+20,5.54995E+21,8.54681E+15,5.01009E+16
105221,105222,6,6,32,2,2016,5,12,2,3,6,7,0,0,0,1,1,0,0,0,5.50056E+20,5.63543E+21,9.71136E+15,5.08684E+16
105222,105223,6,4,12,0,2016,6,7,6,3,5,2,0,0,1,1,0,0,0,0,4.73164E+20,5.55435E+21,8.62445E+15,5.01408E+16
105223,105224,6,4,34,8,2016,6,8,4,3,1,5,0,1,1,1,0,0,0,0,4.69342E+20,5.56234E+21,8.57031E+15,5.02125E+16
105224,105225,6,4,14,0,2016,6,21,5,3,5,3,2,1,0,1,0,0,0,0,4.45514E+20,5.54736E+21,8.23853E+15,5.0076E+16
105225,105226,6,4,36,11,2016,6,10,7,1,8,1,0,0,0,1,0,0,0,0,4.66799E+20,5.55567E+21,8.53526E+15,5.01523E+16
105226,105227,6,5,33,6,2016,5,17,2,2,6,4,0,0,0,1,1,0,0,0,4.31298E+20,5.58495E+21,8.03307E+15,5.04126E+16
105227,105228,6,4,35,10,2016,6,17,7,3,2,6,0,0,0,1,0,0,0,1,5.12454E+20,5.56113E+21,9.17451E+15,5.02022E+16
105228,105229,6,4,35,3,2016,6,20,1,3,9,1,0,1,0,1,0,0,0,0,5.19239E+20,5.56276E+21,9.26967E+15,5.02167E+16
105229,105230,6,4,39,1,2016,6,18,2,3,5,2,0,0,0,1,0,0,0,0,4.32844E+20,5.56492E+21,8.05839E+15,5.02326E+16
105230,105231,6,4,12,0,2016,6,14,1,3,5,3,0,0,1,1,0,0,0,0,4.77053E+20,5.55179E+21,8.67903E+15,5.01179E+16
105231,105232,6,4,34,1,2016,6,19,5,3,5,3,0,0,1,1,0,0,0,0,4.73596E+20,5.56301E+21,8.62989E+15,5.02187E+16
105232,105233,6,4,36,3,2016,6,14,4,3,9,1,0,0,1,0,0,0,0,0,4.68616E+20,5.55456E+21,8.56078E+15,5.01424E+16
105233,105234,6,4,34,1,2016,6,19,4,3,2,6,0,1,0,1,0,0,0,0,4.7198E+20,5.56342E+21,8.60721E+15,5.02223E+16
105234,105235,6,4,12,0,2016,6,7,5,3,5,3,0,1,1,1,0,0,0,0,4.67477E+20,5.5498E+21,8.54526E+15,5.00996E+16
105235,105236,6,4,12,0,2016,6,15,3,3,6,7,0,0,0,1,1,0,0,0,4.67757E+20,5.54988E+21,8.54916E+15,5.01003E+16
105236,105237,6,4,38,9,2016,6,6,6,3,0,3,0,0,0,1,0,1,0,0,4.82198E+20,5.54527E+21,8.7513E+15,5.00594E+16
105237,105238,6,4,32,22,2016,6,15,3,3,5,3,0,0,0,1,0,0,0,0,4.73664E+20,5.5117E+21,8.63436E+15,4.97572E+16
105238,105239,6,4,40,2,2016,6,16,4,3,3,6,0,1,0,1,0,1,0,0,4.81912E+20,5.57952E+21,8.74567E+15,5.03675E+16
105239,105240,6,4,38,8,2016,6,11,2,3,6,7,0,0,0,1,1,0,0,0,4.88141E+20,5.55239E+21,8.8341E+15,5.01237E+16
105240,105241,6,4,40,18,2016,6,7,4,3,5,3,0,1,0,1,0,0,0,0,4.78183E+20,5.58073E+21,8.69317E+15,5.03783E+16
105241,105242,6,4,32,11,2016,6,22,1,3,8,1,2,1,0,1,0,0,0,0,4.87133E+20,5.52523E+21,8.82091E+15,4.98794E+16
105242,105243,6,4,32,8,2016,6,12,3,2,4,6,0,0,1,1,0,0,0,0,4.68473E+20,5.52411E+21,8.56128E+15,4.98686E+16
105243,105244,6,4,31,3,2016,6,17,4,2,2,2,0,0,0,1,0,1,0,0,4.58983E+20,5.50389E+21,8.43137E+15,4.96861E+16
105244,105245,6,4,38,10,2016,6,16,2,3,0,2,0,0,1,1,0,0,0,0,4.8909E+20,5.54632E+21,8.84755E+15,5.00691E+16
105245,105246,6,4,40,3,2016,6,21,1,3,5,3,0,0,0,1,0,0,0,0,4.81875E+20,5.55876E+21,8.74614E+15,5.01808E+16
105246,105247,6,4,12,0,2016,6,8,4,3,6,4,0,0,0,1,1,0,0,0,4.76746E+20,5.55269E+21,8.67467E+15,5.0126E+16
105247,105248,6,4,33,8,2016,6,8,4,3,2,6,0,1,0,1,0,0,0,0,4.69984E+20,5.54011E+21,8.58107E+15,5.00125E+16
105248,105249,6,4,12,0,2016,6,6,5,3,5,3,0,1,0,1,0,1,0,0,4.76441E+20,5.5495E+21,8.67061E+15,5.00973E+16
105249,105250,6,4,12,0,2016,6,7,3,3,3,2,0,0,1,0,0,0,0,1,4.74429E+20,5.55168E+21,8.64233E+15,5.01169E+16
105250,105251,6,4,34,2,2016,6,7,6,3,6,7,0,0,0,1,1,0,0,0,4.73989E+20,5.56775E+21,8.63508E+15,5.02614E+16
105251,105252,6,5,31,5,2016,6,12,3,3,3,6,0,0,1,1,0,0,0,0,4.76359E+20,5.60256E+21,8.66613E+15,5.05744E+16
105252,105253,6,4,33,4,2016,6,22,4,3,5,3,2,0,1,1,0,0,0,0,4.62902E+20,5.51174E+21,8.48494E+15,4.9757E+16
105253,105254,6,4,12,0,2016,6,21,5,3,5,3,1,1,0,1,0,0,0,0,4.83398E+20,5.55283E+21,8.76773E+15,5.01275E+16
105254,105255,6,4,12,0,2016,6,20,7,3,5,3,0,0,1,1,0,0,0,0,4.75019E+20,5.55077E+21,8.65064E+15,5.01086E+16