FID,OBJECTID,ULAND,UREGBEZ,UKREIS,UGEMEINDE,UJAHR,UMONAT,USTUNDE,UWOCHENTAG,UKATEGORIE,UART,UTYP1,ULICHTVERH,IstStrasse,IstRad,IstPKW,IstFuss,IstKrad,IstGkfz,IstSonstig,LINREFX,LINREFY,XGCSWGS84,YGCSWGS84
105255,105256,6,4,14,0,2016,5,14,2,2,6,4,0,1,0,1,1,0,0,0,4.50496E+20,5.5391E+21,8.30921E+15,5.00021E+16
105256,105257,6,4,12,0,2016,6,9,5,3,5,2,0,1,0,1,0,0,1,0,4.82999E+20,5.55142E+21,8.76221E+15,5.01148E+16
105257,105258,6,4,40,4,2016,6,0,7,3,5,3,2,1,0,1,0,0,0,0,5.06659E+20,5.56885E+21,9.09344E+15,5.02718E+16
105258,105259,6,5,34,14,2016,6,16,4,3,2,2,0,1,0,1,0,0,0,0,4.83228E+20,5.62748E+21,8.762E+15,5.07988E+16
105259,105260,6,4,12,0,2016,6,21,5,3,2,6,2,1,0,1,0,0,0,0,4.75272E+20,5.55202E+21,8.6541E+15,5.01199E+16
105260,105261,6,4,32,19,2016,6,22,7,2,7,1,2,0,0,0,0,1,0,0,4.87326E+20,5.52128E+21,8.82373E+15,4.98438E+16
105261,105262,6,4,12,0,2016,6,6,3,3,5,2,0,0,0,1,0,0,0,0,4.76958E+20,5.5504E+21,8.67779E+15,5.01054E+16
105262,105263,6,4,33,10,2016,6,13,6,3,6,7,0,0,0,1,1,0,0,0,4.60449E+20,5.54003E+21,8.44799E+15,5.00113E+16
105263,105264,6,4,12,0,2016,6,17,6,3,1,5,0,0,1,1,0,0,0,0,4.82341E+20,5.55631E+21,8.75278E+15,5.01587E+16
105264,105265,6,5,32,23,2016,6,14,4,3,6,4,0,0,0,1,1,0,0,0,4.64373E+20,5.60069E+21,8.49704E+15,5.05571E+16
105265,105266,6,4,11,0,2016,6,19,5,3,2,6,0,0,0,1,0,0,0,0,4.74565E+20,5.5218E+21,8.64621E+15,4.98481E+16
105266,105267,6,6,33,3,2016,6,6,7,3,5,3,0,0,0,1,0,0,0,0,5.30021E+20,5.67796E+21,9.43018E+15,5.12522E+16
105267,105268,6,4,12,0,2016,5,16,2,3,6,4,0,1,0,1,1,0,0,0,4.73734E+20,5.5557E+21,8.63233E+15,5.01529E+16
105268,105269,6,4,40,8,2016,6,19,7,3,5,3,0,0,1,1,0,0,0,0,4.81787E+20,5.57512E+21,8.74412E+15,5.03279E+16
105269,105270,6,4,33,8,2016,6,11,1,3,4,6,0,0,0,1,0,0,0,0,4.68483E+20,5.53643E+21,8.56041E+15,4.99793E+16
105270,105271,6,4,34,9,2016,6,17,2,2,6,7,0,0,0,1,1,0,0,0,4.60064E+20,5.56902E+21,8.43958E+15,5.0272E+16
105271,105272,6,4,14,0,2016,6,20,1,3,2,6,1,1,0,1,0,1,0,0,4.44571E+20,5.54715E+21,8.22539E+15,5.00741E+16
105272,105273,6,4,33,5,2016,6,16,1,3,4,3,0,0,1,0,0,0,0,0,4.51697E+20,5.53742E+21,8.32619E+15,4.99871E+16
105273,105274,6,6,31,15,2016,6,14,2,3,6,4,0,0,0,1,1,0,0,0,5.54261E+20,5.61361E+21,9.76789E+15,5.06718E+16
105274,105275,6,4,12,0,2016,6,16,5,3,1,5,0,0,1,1,0,0,0,0,4.7135E+20,5.55189E+21,8.59925E+15,5.01186E+16
105275,105276,6,6,36,3,2016,6,16,4,3,2,2,0,0,0,1,0,0,0,0,5.74096E+20,5.67128E+21,1.00603E+16,5.11882E+16
105276,105277,6,4,35,23,2016,6,12,4,2,3,6,0,0,0,1,0,0,1,0,5.00468E+20,5.55538E+21,9.00655E+15,5.01506E+16
105277,105278,6,4,11,0,2016,6,21,5,3,1,5,1,0,1,1,0,0,0,0,4.75759E+20,5.52463E+21,8.66264E+15,4.98736E+16
105278,105279,6,6,35,15,2016,6,10,6,2,5,3,0,0,0,1,0,0,0,0,4.91256E+20,5.68088E+21,8.87463E+15,5.12792E+16
105279,105280,6,4,12,0,2016,5,0,2,3,0,7,2,1,0,0,0,1,0,0,4.74875E+20,5.54837E+21,8.64878E+15,5.00871E+16
105280,105281,6,4,40,7,2016,6,12,7,3,5,3,0,0,1,1,0,0,0,0,4.8956E+20,5.57408E+21,8.85335E+15,5.03187E+16
105281,105282,6,4,33,7,2016,6,16,1,3,8,1,0,1,0,0,0,1,0,0,4.63016E+20,5.54246E+21,8.48359E+15,5.00333E+16
105282,105283,6,4,36,3,2016,6,8,3,3,0,3,0,0,1,0,0,0,0,0,4.67716E+20,5.55643E+21,8.54803E+15,5.01592E+16
105283,105284,6,4,36,5,2016,6,13,2,3,5,3,0,0,0,1,0,1,0,0,4.64284E+20,5.54697E+21,8.50087E+15,5.0074E+16
105284,105285,6,4,11,0,2016,6,1,1,3,0,1,2,1,1,0,0,0,0,0,4.73199E+20,5.52924E+21,8.62669E+15,4.99149E+16
105285,105286,6,4,31,5,2016,6,18,5,3,5,3,0,0,0,1,0,0,0,0,4.60841E+20,5.49879E+21,8.45763E+15,4.96404E+16
105286,105287,6,4,12,0,2016,6,11,4,2,0,5,0,0,0,1,0,0,0,1,4.73657E+20,5.55652E+21,8.63119E+15,5.01603E+16
105287,105288,6,5,31,5,2016,5,18,3,2,0,3,0,0,0,1,0,1,0,0,4.76861E+20,5.60408E+21,8.67313E+15,5.05882E+16
105288,105289,6,4,38,6,2016,6,15,5,3,0,7,0,0,1,0,0,0,0,0,4.76236E+20,5.53759E+21,8.66848E+15,4.99902E+16
105289,105290,6,4,12,0,2016,6,21,3,3,1,5,2,0,1,1,0,0,0,0,4.78583E+20,5.55117E+21,8.70046E+15,5.01124E+16
105290,105291,6,4,12,0,2016,6,20,5,3,1,5,0,0,1,1,0,0,0,0,4.76773E+20,5.55253E+21,8.67507E+15,5.01246E+16
105291,105292,6,4,14,0,2016,6,19,4,3,0,4,0,1,0,0,1,1,0,0,4.42963E+20,5.54735E+21,8.20288E+15,5.00757E+16
105292,105293,6,6,32,2,2016,5,11,3,3,4,1,0,0,0,1,0,1,0,0,5.5419E+20,5.63548E+21,9.77011E+15,5.08685E+16
105293,105294,6,4,35,19,2016,6,16,5,3,5,3,0,0,0,1,0,1,0,0,4.88639E+20,5.55372E+21,8.84103E+15,5.01356E+16
105294,105295,6,4,32,23,2016,6,15,3,3,0,3,0,0,1,1,0,0,0,0,4.71528E+20,5.53087E+21,8.60329E+15,4.99295E+16
105295,105296,6,4,12,0,2016,6,7,6,3,5,3,0,0,1,1,0,0,0,0,4.72122E+20,5.54907E+21,8.61026E+15,5.00932E+16
105296,105297,6,4,12,0,2016,5,13,2,3,1,5,0,1,0,1,0,0,0,0,4.77117E+20,5.55119E+21,8.67996E+15,5.01126E+16
105297,105298,6,4,12,0,2016,6,15,6,3,2,6,0,0,0,1,0,0,0,0,4.76288E+20,5.55127E+21,8.66836E+15,5.01132E+16
105298,105299,6,4,12,0,2016,6,15,3,3,2,6,0,0,0,1,0,0,0,1,4.70795E+20,5.55393E+21,8.59133E+15,5.01369E+16
105299,105300,6,4,31,5,2016,6,9,4,3,6,4,0,0,0,1,1,0,0,0,4.60619E+20,5.49895E+21,8.45454E+15,4.96419E+16
105300,105301,6,4,35,10,2016,6,18,2,2,6,4,0,0,0,1,1,0,0,0,5.1709E+20,5.56132E+21,9.23948E+15,5.02039E+16
105301,105302,6,4,11,0,2016,6,13,4,3,5,3,0,0,1,1,0,0,0,0,4.76323E+20,5.52527E+21,8.67045E+15,4.98794E+16
105302,105303,6,6,11,0,2016,5,15,3,3,5,2,0,0,1,1,0,0,0,0,5.37708E+20,5.68221E+21,9.54076E+15,5.12899E+16
105303,105304,6,4,34,1,2016,6,0,5,3,5,3,2,1,0,1,0,0,0,0,4.71946E+20,5.56383E+21,8.6067E+15,5.0226E+16
105304,105305,6,4,11,0,2016,6,6,3,3,5,3,0,0,1,1,0,0,0,0,4.75207E+20,5.52813E+21,8.65474E+15,4.99051E+16
105305,105306,6,4,36,9,2016,6,13,6,3,0,1,0,0,1,0,0,0,0,0,4.6146E+20,5.5475E+21,8.46136E+15,5.00785E+16
105306,105307,6,4,13,0,2016,6,7,3,3,2,6,0,0,0,1,0,0,0,1,4.80525E+20,5.54614E+21,8.72788E+15,5.00672E+16
105307,105308,6,4,38,11,2016,6,7,6,3,5,3,0,0,0,1,0,0,0,1,4.91451E+20,5.54125E+21,8.88066E+15,5.00235E+16
105308,105309,6,5,33,9,2016,6,17,2,2,0,7,0,0,1,1,0,0,0,0,4.34063E+20,5.58268E+21,8.07237E+15,5.03925E+16
105309,105310,6,5,32,12,2016,6,18,2,3,2,2,0,1,0,1,0,0,0,0,4.50662E+20,5.61586E+21,8.30148E+15,5.06925E+16
105310,105311,6,6,11,0,2016,5,7,3,3,6,4,0,0,0,1,1,0,0,0,5.33915E+20,5.68612E+21,9.48674E+15,5.13254E+16
105311,105312,6,4,40,3,2016,6,16,5,3,6,4,0,0,0,1,1,0,0,0,4.81904E+20,5.5621E+21,8.74639E+15,5.02108E+16
105312,105313,6,4,32,22,2016,6,21,5,3,5,2,1,0,1,1,0,0,0,0,4.74428E+20,5.51299E+21,8.64488E+15,4.97688E+16
105313,105314,6,4,35,14,2016,6,22,7,2,2,7,2,1,0,1,0,0,0,0,4.95511E+20,5.55201E+21,8.93721E+15,5.01203E+16
105314,105315,6,6,31,9,2016,6,18,1,3,6,4,0,0,0,1,1,0,0,0,5.49524E+20,5.59967E+21,9.69899E+15,5.05468E+16
105315,105316,6,6,31,9,2016,6,16,6,3,5,2,0,0,1,1,0,0,0,0,5.48233E+20,5.60009E+21,9.68082E+15,5.05507E+16
105316,105317,6,4,32,22,2016,6,18,2,3,5,3,0,1,1,1,0,0,0,0,4.73753E+20,5.51349E+21,8.63547E+15,4.97733E+16
105317,105318,6,4,13,0,2016,6,19,5,3,5,2,0,0,0,1,0,1,0,0,4.82283E+20,5.55044E+21,8.75224E+15,5.0106E+16
105318,105319,6,4,14,0,2016,5,7,3,2,4,6,0,0,1,1,0,0,0,0,4.50289E+20,5.53878E+21,8.30637E+15,4.99993E+16
105319,105320,6,4,32,19,2016,6,14,5,2,2,6,0,0,0,1,0,1,0,0,4.8804E+20,5.52002E+21,8.8337E+15,4.98325E+16
105320,105321,6,4,35,14,2016,6,13,7,3,1,5,0,0,1,1,0,0,0,0,4.93782E+20,5.55335E+21,8.913E+15,5.01324E+16
105321,105322,6,6,33,3,2016,5,14,2,3,0,1,0,0,1,0,0,0,0,0,5.28939E+20,5.67799E+21,9.41467E+15,5.12526E+16
105322,105323,6,4,14,0,2016,5,16,3,3,0,7,2,1,1,0,0,0,0,1,4.43151E+20,5.54788E+21,8.20543E+15,5.00805E+16
105323,105324,6,4,32,8,2016,6,11,5,3,5,3,0,1,0,1,0,0,0,0,4.67376E+20,5.52408E+21,8.54603E+15,4.98683E+16
105324,105325,6,4,12,0,2016,6,14,7,3,1,6,0,0,0,1,0,0,0,0,4.77855E+20,5.55024E+21,8.69033E+15,5.0104E+16
105325,105326,6,6,34,14,2016,5,13,2,3,4,6,0,1,0,1,0,1,0,0,5.38449E+20,5.66376E+21,9.54941E+15,5.1124E+16
105326,105327,6,5,32,15,2016,6,19,7,3,1,5,0,1,1,1,0,0,0,0,4.67699E+20,5.60404E+21,8.54371E+15,5.05874E+16
105327,105328,6,4,36,3,2016,6,14,7,3,3,6,0,0,0,1,0,1,0,0,4.66913E+20,5.55688E+21,8.53675E+15,5.01632E+16
105328,105329,6,5,32,23,2016,6,13,2,2,6,4,0,0,0,1,1,0,0,0,4.65071E+20,5.60012E+21,8.50695E+15,5.05519E+16
105329,105330,6,5,33,3,2016,6,13,7,3,6,2,0,0,0,1,1,0,0,0,4.47089E+20,5.57183E+21,8.25713E+15,5.02962E+16
105330,105331,6,4,12,0,2016,6,7,5,3,5,3,0,0,1,1,0,0,0,0,4.7652E+20,5.54846E+21,8.67177E+15,5.0088E+16
105331,105332,6,5,33,9,2016,6,18,4,3,2,6,0,0,0,1,0,0,0,0,4.37873E+20,5.58028E+21,8.12637E+15,5.03713E+16
105332,105333,6,4,13,0,2016,5,18,3,3,5,3,0,0,1,1,0,0,0,0,4.83129E+20,5.54911E+21,8.76414E+15,5.0094E+16
105333,105334,6,4,40,8,2016,6,13,5,3,6,4,0,0,0,1,1,0,0,0,4.82941E+20,5.57601E+21,8.76029E+15,5.0336E+16
105334,105335,6,6,34,22,2016,6,20,3,3,5,3,0,0,1,1,0,0,0,0,5.1358E+20,5.6404E+21,9.19318E+15,5.09151E+16
105335,105336,6,6,11,0,2016,6,6,6,2,5,3,0,0,0,1,0,1,0,0,5.37969E+20,5.68168E+21,9.54445E+15,5.12852E+16
105336,105337,6,6,33,2,2016,5,16,2,3,1,5,0,0,1,1,0,0,0,0,5.31516E+20,5.72E+21,9.45534E+15,5.16301E+16
105337,105338,6,4,38,11,2016,6,17,4,3,5,3,0,0,1,1,0,0,0,0,4.90395E+20,5.53797E+21,8.866E+15,4.9994E+16
105338,105339,6,4,11,0,2016,6,9,2,2,0,1,0,0,1,0,0,0,0,0,4.74193E+20,5.51835E+21,8.64126E+15,4.9817E+16
105339,105340,6,4,38,2,2016,6,19,5,3,5,1,0,0,1,1,0,0,0,0,4.77712E+20,5.54065E+21,8.6889E+15,5.00177E+16
105340,105341,6,4,35,19,2016,6,17,7,3,5,3,0,0,1,1,0,0,0,0,4.88158E+20,5.55568E+21,8.83424E+15,5.01532E+16
105341,105342,6,4,12,0,2016,6,16,7,3,5,3,0,1,0,1,0,0,0,0,4.77342E+20,5.55561E+21,8.68283E+15,5.01523E+16
105342,105343,6,4,12,0,2016,6,8,4,3,5,3,0,0,1,1,0,0,0,0,4.72232E+20,5.55266E+21,8.61153E+15,5.01255E+16
105343,105344,6,4,12,0,2016,6,15,4,3,3,2,0,1,0,1,0,0,1,0,4.74712E+20,5.55392E+21,8.64614E+15,5.0137E+16
105344,105345,6,4,38,7,2016,6,11,6,2,5,3,0,0,0,1,0,1,0,0,5.00207E+20,5.53978E+21,9.00289E+15,5.00103E+16
105345,105346,6,4,12,0,2016,6,16,6,3,6,4,0,0,0,0,1,1,0,0,4.69133E+20,5.55007E+21,8.56838E+15,5.01021E+16
105346,105347,6,4,39,13,2016,6,20,3,3,4,6,1,1,1,1,0,0,0,0,4.23757E+20,5.53877E+21,7.93622E+15,4.99964E+16
105347,105348,6,4,31,18,2016,6,12,6,3,6,6,0,0,0,1,1,0,0,0,4.88728E+20,5.47211E+21,8.84463E+15,4.94016E+16
105348,105349,6,4,14,0,2016,6,11,1,3,5,5,0,0,1,1,0,0,0,0,4.50176E+20,5.53998E+21,8.30464E+15,5.00101E+16
105349,105350,6,4,13,0,2016,6,18,1,3,5,2,0,0,1,1,0,0,0,0,4.82405E+20,5.55109E+21,8.75392E+15,5.01118E+16
105350,105351,6,4,14,0,2016,6,18,3,2,8,7,0,0,0,1,1,0,0,0,4.45601E+20,5.54792E+21,8.23966E+15,5.0081E+16
105351,105352,6,4,34,1,2016,6,18,7,3,3,6,0,1,0,1,0,1,0,0,4.72124E+20,5.56451E+21,8.60914E+15,5.02321E+16
105352,105353,6,4,12,0,2016,6,18,4,3,1,1,0,1,1,1,0,0,0,0,4.77234E+20,5.54987E+21,8.68167E+15,5.01006E+16
105353,105354,6,4,37,13,2016,6,11,4,3,0,1,0,1,0,1,0,1,0,0,4.90272E+20,5.50752E+21,8.86505E+15,4.97201E+16
105354,105355,6,4,31,20,2016,6,17,7,3,0,7,0,1,0,0,0,1,0,1,4.70708E+20,5.48801E+21,8.5951E+15,4.9544E+16
105355,105356,6,4,11,0,2016,6,15,4,3,0,7,0,1,0,1,0,1,0,0,4.74984E+20,5.52296E+21,8.65196E+15,4.98586E+16
105356,105357,6,4,38,9,2016,6,11,6,3,2,7,0,0,0,1,0,0,0,0,4.78275E+20,5.54475E+21,8.69651E+15,5.00546E+16
105357,105358,6,6,33,22,2016,6,19,6,2,5,3,0,0,1,1,0,0,0,0,5.41459E+20,5.70484E+21,9.5972E+15,5.14932E+16
105358,105359,6,4,34,1,2016,6,23,3,3,5,2,2,1,0,1,0,0,0,0,4.71912E+20,5.56426E+21,8.60619E+15,5.02298E+16
105359,105360,6,5,31,11,2016,6,8,6,3,0,3,0,0,1,1,0,0,0,0,4.8746E+20,5.59552E+21,8.82314E+15,5.05115E+16
105360,105361,6,4,12,0,2016,6,2,1,3,2,6,2,0,0,1,0,0,0,0,4.77722E+20,5.55176E+21,8.68838E+15,5.01176E+16
105361,105362,6,4,12,0,2016,6,16,1,3,0,7,0,0,0,0,0,0,0,1,4.72932E+20,5.55099E+21,8.62144E+15,5.01106E+16
105362,105363,6,4,11,0,2016,6,17,4,3,2,6,0,1,0,1,0,0,0,0,4.74618E+20,5.52561E+21,8.6467E+15,4.98824E+16
105363,105364,6,4,38,8,2016,6,17,6,3,4,6,0,0,1,1,0,0,0,0,4.89704E+20,5.55257E+21,8.85596E+15,5.01252E+16
105364,105365,6,4,11,0,2016,6,10,4,3,5,3,0,0,1,1,0,0,0,0,4.74495E+20,5.52584E+21,8.64497E+15,4.98844E+16
105365,105366,6,5,33,9,2016,6,20,2,2,8,1,1,1,0,1,0,0,0,0,4.35387E+20,5.58143E+21,8.09121E+15,5.03814E+16
105366,105367,6,4,38,2,2016,6,9,6,3,1,7,0,0,0,1,1,0,0,0,4.80932E+20,5.53838E+21,8.73394E+15,4.99974E+16
105367,105368,6,6,35,2,2016,6,12,2,3,8,1,0,0,0,1,0,0,0,0,4.99843E+20,5.69179E+21,8.99775E+15,5.13773E+16
105368,105369,6,4,12,0,2016,6,17,5,3,1,5,0,0,1,1,0,0,0,0,4.77081E+20,5.5489E+21,8.67959E+15,5.00919E+16
105369,105370,6,4,31,20,2016,6,20,1,3,0,7,1,1,0,1,0,0,0,0,4.69021E+20,5.48793E+21,8.57178E+15,4.95432E+16
105370,105371,6,4,32,19,2016,6,18,6,3,5,3,0,0,1,1,0,0,0,0,4.8804E+20,5.51994E+21,8.8337E+15,4.98318E+16
105371,105372,6,4,38,10,2016,6,8,6,2,0,7,0,1,0,0,0,1,1,0,4.89468E+20,5.54669E+21,8.85282E+15,5.00724E+16
105372,105373,6,4,14,0,2016,6,23,5,2,6,4,2,0,1,0,1,0,0,0,4.45284E+20,5.54789E+21,8.23524E+15,5.00808E+16
105373,105374,6,4,38,2,2016,6,20,1,3,5,3,0,0,1,1,0,0,0,0,4.8169E+20,5.53676E+21,8.7446E+15,4.99829E+16
105374,105375,6,6,32,2,2016,6,12,3,2,0,1,0,0,1,0,0,0,0,0,5.49452E+20,5.63579E+21,9.70281E+15,5.08716E+16
105375,105376,6,4,32,8,2016,6,12,5,3,5,7,0,0,1,1,0,0,0,0,4.69488E+20,5.52272E+21,8.57553E+15,4.98561E+16
105376,105377,6,4,38,6,2016,6,7,4,3,5,2,0,0,1,0,0,0,0,0,4.75262E+20,5.53705E+21,8.65493E+15,4.99853E+16
105377,105378,6,4,31,14,2016,6,16,6,2,6,7,0,0,0,1,1,0,0,0,4.81047E+20,5.50717E+21,8.73708E+15,4.97167E+16
105378,105379,6,6,34,14,2016,6,11,4,3,0,1,0,0,1,0,0,0,0,0,5.38557E+20,5.66437E+21,9.55103E+15,5.11295E+16
105379,105380,6,4,14,0,2016,6,15,2,2,1,5,0,0,0,1,0,1,0,0,4.49943E+20,5.53947E+21,8.30146E+15,5.00055E+16
105380,105381,6,4,38,9,2016,6,17,2,2,2,6,0,0,1,1,0,0,0,0,4.78181E+20,5.54451E+21,8.69522E+15,5.00525E+16
105381,105382,6,4,37,1,2016,6,12,5,3,0,1,0,0,0,1,0,0,0,0,5.00781E+20,5.50833E+21,9.01084E+15,4.97275E+16
105382,105383,6,4,35,18,2016,6,5,7,3,0,1,2,1,0,0,0,0,0,1,5.13419E+20,5.55996E+21,9.18799E+15,5.01917E+16
105383,105384,6,4,14,0,2016,6,9,7,3,0,7,0,1,1,1,0,0,0,0,4.45569E+20,5.54784E+21,8.23924E+15,5.00803E+16
105384,105385,6,4,12,0,2016,6,16,4,3,5,3,0,0,0,1,0,0,0,1,4.67589E+20,5.54994E+21,8.5468E+15,5.01009E+16
105385,105386,6,4,38,11,2016,6,12,4,3,5,3,0,1,0,1,0,0,0,0,4.89825E+20,5.53878E+21,8.85802E+15,5.00012E+16
105386,105387,6,4,33,11,2016,6,20,6,3,5,3,0,0,0,1,0,1,0,0,4.63886E+20,5.52046E+21,8.49779E+15,4.98355E+16
105387,105388,6,6,31,9,2016,6,9,5,3,5,2,0,0,0,1,0,0,0,0,5.42528E+20,5.60089E+21,9.6004E+15,5.05584E+16
105388,105389,6,4,34,6,2016,6,18,4,3,5,3,0,1,0,1,0,1,0,0,4.65243E+20,5.55855E+21,8.51321E+15,5.01781E+16
105389,105390,6,6,31,15,2016,6,19,6,3,6,7,0,0,1,0,1,0,0,0,5.54E+20,5.61376E+21,9.76421E+15,5.06731E+16
105390,105391,6,4,38,11,2016,6,18,4,3,5,3,0,0,1,1,0,0,0,0,4.9109E+20,5.53878E+21,8.87567E+15,5.00013E+16
105391,105392,6,4,13,0,2016,6,19,2,3,2,6,0,1,0,1,0,0,0,0,4.82475E+20,5.55048E+21,8.75493E+15,5.01063E+16
105392,105393,6,4,38,2,2016,6,14,2,3,5,3,0,0,0,1,0,0,0,0,4.77468E+20,5.54064E+21,8.68549E+15,5.00176E+16
105393,105394,6,4,36,7,2016,6,8,5,3,4,6,0,0,1,1,0,0,0,0,4.59008E+20,5.55172E+21,8.42664E+15,5.01163E+16
105394,105395,6,4,12,0,2016,6,13,1,3,5,3,0,0,0,1,0,1,0,0,4.83081E+20,5.55228E+21,8.76332E+15,5.01225E+16
105395,105396,6,4,32,15,2016,6,9,7,3,5,3,0,0,0,1,0,0,0,0,4.908E+20,5.53032E+21,8.87182E+15,4.99252E+16
105396,105397,6,4,38,5,2016,6,16,7,3,0,7,0,1,1,1,0,0,0,0,4.84607E+20,5.54421E+21,8.78499E+15,5.005E+16
105397,105398,6,4,12,0,2016,6,17,4,3,0,7,0,0,1,0,0,0,0,0,4.77077E+20,5.55138E+21,8.67939E+15,5.01142E+16
105398,105399,6,4,34,1,2016,6,18,4,3,0,7,0,1,1,0,0,0,0,0,4.72569E+20,5.5637E+21,8.61545E+15,5.02249E+16
105399,105400,6,4,35,14,2016,6,12,6,3,5,3,0,0,1,1,0,0,0,0,4.91631E+20,5.55818E+21,8.88279E+15,5.01758E+16
105400,105401,6,4,12,0,2016,6,7,6,3,5,3,0,0,0,1,0,0,0,0,4.78068E+20,5.55147E+21,8.69324E+15,5.01151E+16
105401,105402,6,4,31,11,2016,6,19,3,3,1,1,0,0,1,1,0,0,0,0,4.73891E+20,5.50005E+21,8.63829E+15,4.96524E+16
105402,105403,6,4,33,8,2016,6,12,6,2,8,1,0,0,0,1,0,0,0,0,4.69528E+20,5.53637E+21,8.575E+15,4.99789E+16
105403,105404,6,4,13,0,2016,6,20,1,2,5,3,0,0,1,0,0,0,0,1,4.81058E+20,5.55073E+21,8.7351E+15,5.01085E+16
105404,105405,6,6,11,0,2016,6,13,1,3,5,3,0,0,0,1,0,0,0,0,5.31558E+20,5.6844E+21,9.45276E+15,5.131E+16
105405,105406,6,4,12,0,2016,6,23,3,2,3,4,2,1,0,1,1,0,0,0,4.76534E+20,5.55084E+21,8.67182E+15,5.01094E+16
105406,105407,6,5,31,5,2016,6,12,6,3,4,6,0,0,1,0,0,1,0,0,4.77016E+20,5.60408E+21,8.67532E+15,5.05882E+16
105407,105408,6,4,40,8,2016,6,17,3,3,0,7,0,0,1,1,0,0,0,0,4.8239E+20,5.57607E+21,8.75255E+15,5.03365E+16
105408,105409,6,4,31,2,2016,6,15,4,3,0,7,0,0,1,0,1,0,0,0,4.72129E+20,5.50482E+21,8.61354E+15,4.96953E+16
105409,105410,6,4,12,0,2016,6,19,2,3,5,3,0,1,0,1,0,0,0,0,4.67274E+20,5.54975E+21,8.54242E+15,5.00991E+16
105410,105411,6,4,31,11,2016,6,18,6,3,5,7,0,0,1,1,0,0,0,0,4.73504E+20,5.49823E+21,8.63305E+15,4.9636E+16
105411,105412,6,4,32,11,2016,6,9,5,3,5,3,0,0,1,1,0,0,0,0,4.8794E+20,5.5239E+21,8.83218E+15,4.98674E+16
105412,105413,6,4,38,9,2016,6,13,1,3,5,2,0,0,1,1,0,0,0,0,4.78198E+20,5.54369E+21,8.6955E+15,5.00451E+16
105413,105414,6,4,12,0,2016,6,19,3,3,6,4,0,1,0,1,1,0,0,0,4.77756E+20,5.55186E+21,8.68886E+15,5.01186E+16
105414,105415,6,4,32,8,2016,6,12,7,3,1,5,0,0,0,1,0,1,0,0,4.6796E+20,5.52327E+21,8.55421E+15,4.9861E+16
105415,105416,6,4,31,20,2016,6,22,7,3,5,3,2,0,0,1,0,0,0,0,4.68898E+20,5.48713E+21,8.57015E+15,4.9536E+16
105416,105417,6,5,32,23,2016,6,13,4,3,6,2,0,1,0,1,1,0,0,0,4.63796E+20,5.59994E+21,8.48897E+15,5.05502E+16
105417,105418,6,4,12,0,2016,6,23,6,3,0,1,2,1,1,0,0,0,0,0,4.81067E+20,5.55435E+21,8.73504E+15,5.01411E+16
105418,105419,6,4,39,12,2016,6,23,6,3,1,5,2,0,1,1,0,0,0,0,4.28715E+20,5.53945E+21,8.00525E+15,5.00031E+16
105419,105420,6,4,33,2,2016,6,17,3,2,0,2,0,0,0,1,0,1,0,0,4.53891E+20,5.53772E+21,8.35676E+15,4.999E+16
105420,105421,6,5,31,5,2016,6,17,5,3,5,7,0,0,1,1,0,0,0,0,4.77139E+20,5.60403E+21,8.67706E+15,5.05878E+16
105421,105422,6,6,34,14,2016,6,11,1,2,0,1,0,0,1,0,0,0,0,0,5.38064E+20,5.6638E+21,9.54391E+15,5.11244E+16
105422,105423,6,6,11,0,2016,6,12,3,3,5,3,0,0,0,1,0,0,0,0,5.3764E+20,5.68217E+21,9.53979E+15,5.12896E+16
105423,105424,6,4,34,12,2016,6,17,1,3,0,6,0,0,1,1,0,0,0,0,4.70244E+20,5.57045E+21,8.58233E+15,5.02855E+16
105424,105425,6,4,35,14,2016,6,1,4,3,9,1,2,1,0,1,0,0,0,0,4.98496E+20,5.55388E+21,8.97895E+15,5.01372E+16
105425,105426,6,5,31,5,2016,6,12,6,3,3,6,0,0,0,1,0,0,0,1,4.76229E+20,5.60305E+21,8.66427E+15,5.05788E+16
105426,105427,6,4,11,0,2016,6,7,4,3,5,3,0,0,0,1,0,0,0,0,4.74164E+20,5.52248E+21,8.64059E+15,4.98542E+16
105427,105428,6,4,33,6,2016,6,19,7,3,5,3,0,0,1,1,0,0,0,0,4.6325E+20,5.52963E+21,8.48808E+15,4.99179E+16
105428,105429,6,4,35,6,2016,6,12,3,3,0,7,0,1,0,0,0,1,0,1,4.93755E+20,5.55838E+21,8.91254E+15,5.01776E+16
105429,105430,6,4,35,14,2016,6,14,6,3,1,5,0,1,0,1,0,1,0,0,4.96476E+20,5.54944E+21,8.95073E+15,5.00972E+16
105430,105431,6,5,32,7,2016,6,18,2,2,0,1,0,1,0,0,0,1,0,0,4.45283E+20,5.61095E+21,8.22606E+15,5.06479E+16
105431,105432,6,4,13,0,2016,6,12,5,3,6,6,0,0,0,1,1,0,0,0,4.8354E+20,5.55017E+21,8.76984E+15,5.01036E+16
105432,105433,6,4,40,9,2016,6,4,1,3,1,1,1,0,0,1,0,0,0,0,5.13835E+20,5.58561E+21,9.19475E+15,5.04224E+16
105433,105434,6,4,31,2,2016,6,20,5,2,0,6,0,0,0,0,0,1,0,0,4.76422E+20,5.5036E+21,8.67314E+15,4.96845E+16