FID,OBJECTID,ULAND,UREGBEZ,UKREIS,UGEMEINDE,UJAHR,UMONAT,USTUNDE,UWOCHENTAG,UKATEGORIE,UART,UTYP1,ULICHTVERH,IstStrasse,IstRad,IstPKW,IstFuss,IstKrad,IstGkfz,IstSonstig,LINREFX,LINREFY,XGCSWGS84,YGCSWGS84
105434,105435,6,5,31,5,2016,6,9,3,3,5,6,0,0,0,1,0,0,0,0,4.77313E+20,5.60455E+21,8.67948E+15,5.05924E+16
105435,105436,6,4,36,3,2016,6,9,6,3,0,6,0,0,0,1,0,0,0,1,4.6937E+20,5.55364E+21,8.57141E+15,5.01342E+16
105436,105437,6,4,38,13,2016,6,7,4,3,0,3,0,0,0,1,0,1,0,0,4.98683E+20,5.54299E+21,8.9816E+15,5.00393E+16
105437,105438,6,4,12,0,2016,6,8,2,3,5,3,0,0,0,1,0,0,1,0,4.7457E+20,5.55745E+21,8.64391E+15,5.01687E+16
105438,105439,6,4,40,8,2016,6,16,2,3,3,2,0,0,1,1,0,0,0,0,4.82885E+20,5.57579E+21,8.75952E+15,5.03339E+16
105439,105440,6,6,11,0,2016,6,9,5,3,3,6,0,0,0,1,0,1,0,0,5.30952E+20,5.68429E+21,9.44406E+15,5.13091E+16
105440,105441,6,4,12,0,2016,6,8,2,3,1,7,0,0,1,1,0,0,0,0,4.75516E+20,5.55612E+21,8.65725E+15,5.01568E+16
105441,105442,6,4,33,12,2016,6,13,2,3,2,6,0,0,0,1,0,1,0,0,4.59061E+20,5.53678E+21,8.42897E+15,4.99819E+16
105442,105443,6,4,12,0,2016,6,12,5,3,2,6,0,0,0,1,0,0,0,0,4.75822E+20,5.55186E+21,8.6618E+15,5.01185E+16
105443,105444,6,4,36,3,2016,6,12,1,3,5,3,0,0,0,0,0,1,0,1,4.70037E+20,5.55448E+21,8.58068E+15,5.01418E+16
105444,105445,6,5,31,11,2016,6,19,5,3,5,3,0,0,1,1,0,0,0,0,4.87629E+20,5.59536E+21,8.82553E+15,5.051E+16
105445,105446,6,6,11,0,2016,6,12,3,3,5,3,0,0,1,1,0,0,0,0,5.36841E+20,5.68391E+21,9.52851E+15,5.13053E+16
105446,105447,6,4,35,7,2016,6,8,5,3,5,3,0,0,0,1,0,0,0,0,4.98521E+20,5.55664E+21,8.9793E+15,5.0162E+16
105447,105448,6,4,35,17,2016,6,6,7,3,9,1,0,1,0,1,0,0,0,0,5.03432E+20,5.55784E+21,9.04807E+15,5.01727E+16
105448,105449,6,6,31,9,2016,6,18,3,3,8,1,0,0,1,0,0,0,0,0,5.4922E+20,5.60003E+21,9.69475E+15,5.05501E+16
105449,105450,6,4,34,1,2016,6,15,4,3,2,6,0,0,0,1,0,0,0,0,4.71878E+20,5.56401E+21,8.60574E+15,5.02276E+16
105450,105451,6,4,12,0,2016,6,10,2,3,5,3,0,1,0,1,0,1,0,0,4.7738E+20,5.54891E+21,8.68376E+15,5.0092E+16
105451,105452,6,4,33,12,2016,6,7,2,3,2,6,0,0,0,1,0,0,0,0,4.56192E+20,5.53499E+21,8.38916E+15,4.99656E+16
105452,105453,6,4,36,8,2016,6,14,5,3,9,1,0,0,0,1,0,0,0,0,4.61049E+20,5.55371E+21,8.45498E+15,5.01343E+16
105453,105454,6,4,35,14,2016,6,6,1,2,9,7,0,1,0,1,0,0,0,0,4.98553E+20,5.55356E+21,8.97975E+15,5.01342E+16
105454,105455,6,4,12,0,2016,6,9,3,2,5,2,0,0,1,1,0,0,0,0,4.75677E+20,5.55192E+21,8.65977E+15,5.0119E+16
105455,105456,6,5,33,9,2016,6,4,6,2,0,7,2,0,0,1,0,0,0,0,4.32865E+20,5.58252E+21,8.05555E+15,5.03909E+16
105456,105457,6,4,34,9,2016,6,12,7,3,8,7,0,1,0,1,0,0,0,0,4.61071E+20,5.56783E+21,8.45385E+15,5.02613E+16
105457,105458,6,4,14,0,2016,6,8,6,3,2,2,0,0,0,1,0,0,0,0,4.43972E+20,5.54434E+21,8.21743E+15,5.00487E+16
105458,105459,6,4,12,0,2016,6,19,7,3,2,6,0,0,0,1,0,0,0,0,4.70972E+20,5.54943E+21,8.59414E+15,5.00964E+16
105459,105460,6,4,12,0,2016,6,18,4,3,5,3,0,0,0,1,0,1,0,0,4.76949E+20,5.55432E+21,8.67741E+15,5.01406E+16
105460,105461,6,4,13,0,2016,6,14,3,3,2,6,0,1,0,1,0,0,0,0,4.81366E+20,5.55055E+21,8.73942E+15,5.0107E+16
105461,105462,6,5,35,11,2016,6,16,5,3,6,7,0,0,0,1,1,0,0,0,5.27967E+20,5.60946E+21,9.39548E+15,5.06364E+16
105462,105463,6,4,13,0,2016,6,14,6,3,5,3,0,0,1,1,0,0,0,0,4.83052E+20,5.54849E+21,8.76309E+15,5.00885E+16
105463,105464,6,6,35,15,2016,6,20,2,3,5,3,2,1,0,1,0,0,0,0,4.90802E+20,5.68104E+21,8.86812E+15,5.12806E+16
105464,105465,6,4,33,6,2016,6,13,4,3,0,7,0,0,1,1,0,0,0,0,4.64026E+20,5.52859E+21,8.49898E+15,4.99086E+16
105465,105466,6,4,32,20,2016,6,8,6,3,5,3,0,0,1,0,0,0,0,0,4.8264E+20,5.52332E+21,8.75846E+15,4.98621E+16
105466,105467,6,5,35,4,2016,6,11,7,2,6,4,0,0,0,1,1,0,0,0,5.31504E+20,5.58767E+21,9.44365E+15,5.04402E+16
105467,105468,6,4,12,0,2016,6,1,3,3,0,7,2,1,0,1,0,0,0,0,4.77896E+20,5.55315E+21,8.69074E+15,5.01302E+16
105468,105469,6,4,36,3,2016,6,13,6,3,5,3,0,0,1,1,0,0,0,0,4.68694E+20,5.55351E+21,8.56196E+15,5.0133E+16
105469,105470,6,4,13,0,2016,6,8,3,2,5,3,0,1,1,1,0,0,0,0,4.8759E+20,5.54784E+21,8.82655E+15,5.00827E+16
105470,105471,6,4,36,12,2016,6,12,3,3,5,3,0,1,0,1,0,0,0,1,4.65929E+20,5.55244E+21,8.52337E+15,5.01232E+16
105471,105472,6,6,11,0,2016,6,11,5,3,5,2,0,0,0,1,0,0,0,0,5.32586E+20,5.68764E+21,9.46781E+15,5.13391E+16
105472,105473,6,4,38,5,2016,6,15,6,3,5,3,0,0,1,1,0,0,0,0,4.8569E+20,5.54421E+21,8.80012E+15,5.005E+16
105473,105474,6,4,12,0,2016,6,19,3,2,0,1,0,1,0,0,0,1,0,0,4.67481E+20,5.55037E+21,8.54526E+15,5.01047E+16
105474,105475,6,4,12,0,2016,6,9,5,3,0,7,0,0,1,0,0,0,0,0,4.67637E+20,5.55064E+21,8.54742E+15,5.01072E+16
105475,105476,6,4,11,0,2016,6,16,6,3,5,2,0,0,0,1,0,1,0,0,4.74797E+20,5.52444E+21,8.64926E+15,4.98718E+16
105476,105477,6,6,11,0,2016,6,11,2,3,6,6,0,0,1,0,1,0,0,0,5.34668E+20,5.68501E+21,9.49744E+15,5.13153E+16
105477,105478,6,5,31,6,2016,6,6,6,3,0,7,0,0,0,1,0,0,0,1,4.9932E+20,5.60637E+21,8.99039E+15,5.06092E+16
105478,105479,6,4,12,0,2016,6,12,1,3,1,5,0,0,1,1,0,0,0,0,4.77675E+20,5.55089E+21,8.68778E+15,5.01099E+16
105479,105480,6,4,14,0,2016,6,10,7,3,3,6,0,0,1,1,0,0,0,0,4.50135E+20,5.53872E+21,8.30422E+15,4.99987E+16
105480,105481,6,4,12,0,2016,6,18,3,2,5,7,0,1,1,1,0,0,0,0,4.69331E+20,5.5495E+21,8.5712E+15,5.00969E+16
105481,105482,6,4,12,0,2016,6,19,5,2,6,4,0,0,0,1,1,1,0,0,4.70025E+20,5.55053E+21,8.58082E+15,5.01063E+16
105482,105483,6,5,34,17,2016,6,22,2,3,1,3,2,1,0,1,0,0,0,0,4.89208E+20,5.64135E+21,8.84645E+15,5.09237E+16
105483,105484,6,4,12,0,2016,6,9,5,3,2,6,0,0,0,1,0,0,0,0,4.75871E+20,5.56015E+21,8.66196E+15,5.01931E+16
105484,105485,6,5,32,12,2016,6,14,1,3,5,3,0,0,1,1,0,0,0,0,4.50443E+20,5.61461E+21,8.29855E+15,5.06812E+16
105485,105486,6,4,33,8,2016,6,14,5,3,5,7,0,0,1,1,0,0,0,0,4.68416E+20,5.53759E+21,8.55939E+15,4.99898E+16
105486,105487,6,4,14,0,2016,6,12,5,3,4,1,0,0,0,1,0,1,0,0,4.43452E+20,5.5465E+21,8.20984E+15,5.00681E+16
105487,105488,6,4,39,9,2016,6,12,1,3,1,1,0,0,0,1,0,1,0,0,4.34574E+20,5.54339E+21,8.08633E+15,5.00392E+16
105488,105489,6,4,14,0,2016,6,21,7,3,2,6,1,1,0,1,0,0,0,0,4.50191E+20,5.54554E+21,8.30413E+15,5.00601E+16
105489,105490,6,4,32,14,2016,6,10,5,3,2,6,0,0,0,1,0,0,0,0,4.77611E+20,5.51869E+21,8.68876E+15,4.98202E+16
105490,105491,6,4,12,0,2016,6,15,3,3,5,3,0,1,1,1,0,0,0,0,4.76963E+20,5.55432E+21,8.67762E+15,5.01407E+16
105491,105492,6,4,12,0,2016,6,13,5,3,1,7,0,1,1,1,0,0,0,0,4.77414E+20,5.54985E+21,8.68419E+15,5.01005E+16
105492,105493,6,6,34,14,2016,6,18,4,3,5,3,0,0,1,1,0,0,0,0,5.3812E+20,5.66474E+21,9.54481E+15,5.11329E+16
105493,105494,6,4,12,0,2016,6,8,2,3,4,2,0,0,1,1,0,0,0,0,4.78324E+20,5.55182E+21,8.6968E+15,5.01182E+16
105494,105495,6,4,35,14,2016,6,13,2,3,5,3,0,0,1,1,0,0,0,0,4.94862E+20,5.55152E+21,8.92813E+15,5.01159E+16
105495,105496,6,4,12,0,2016,6,17,5,3,2,6,0,0,0,1,0,0,0,0,4.76561E+20,5.551E+21,8.67218E+15,5.01108E+16
105496,105497,6,4,12,0,2016,6,23,6,3,5,3,2,1,1,1,0,0,0,0,4.66999E+20,5.55019E+21,8.53854E+15,5.01031E+16
105497,105498,6,4,14,0,2016,6,17,7,3,3,6,0,1,0,1,0,1,0,0,4.44434E+20,5.54722E+21,8.22345E+15,5.00747E+16
105498,105499,6,5,34,14,2016,6,19,7,3,5,2,0,0,0,1,0,0,0,0,4.83769E+20,5.63048E+21,8.76955E+15,5.08258E+16
105499,105500,6,4,13,0,2016,6,13,4,3,5,3,0,0,1,1,0,0,0,0,4.83129E+20,5.54911E+21,8.76413E+15,5.0094E+16
105500,105501,6,4,12,0,2016,6,7,3,3,5,3,0,1,0,1,0,0,0,0,4.75558E+20,5.5502E+21,8.65821E+15,5.01036E+16
105501,105502,6,4,12,0,2016,6,17,5,3,6,7,0,0,0,1,1,0,0,0,4.77263E+20,5.5528E+21,8.68191E+15,5.0127E+16
105502,105503,6,5,31,5,2016,6,7,6,3,6,4,0,0,0,0,1,0,0,1,4.79039E+20,5.60589E+21,8.7038E+15,5.06045E+16
105503,105504,6,4,14,0,2016,6,12,2,3,6,4,0,0,0,1,1,0,0,0,4.45404E+20,5.54736E+21,8.237E+15,5.0076E+16
105504,105505,6,4,31,13,2016,6,11,4,3,3,2,0,0,1,0,0,0,0,0,4.60751E+20,5.49419E+21,8.45684E+15,4.9599E+16
105505,105506,6,4,12,0,2016,6,15,2,3,2,6,0,1,0,1,0,0,0,1,4.81178E+20,5.55213E+21,8.73671E+15,5.01211E+16
105506,105507,6,4,36,7,2016,6,23,6,2,0,1,2,0,1,0,0,0,0,0,4.60125E+20,5.54756E+21,8.44269E+15,5.00789E+16
105507,105508,6,4,11,0,2016,6,10,3,3,5,3,0,0,1,1,0,0,0,0,4.73972E+20,5.52298E+21,8.63788E+15,4.98586E+16
105508,105509,6,4,12,0,2016,6,14,5,3,5,3,0,0,0,1,0,0,0,0,4.76858E+20,5.55304E+21,8.67622E+15,5.01291E+16
105509,105510,6,4,35,22,2016,6,16,4,2,1,5,0,0,1,1,0,0,0,0,4.8582E+20,5.56015E+21,8.80134E+15,5.01933E+16
105510,105511,6,4,37,11,2016,6,14,2,3,1,3,0,0,0,1,0,1,0,0,4.99898E+20,5.50272E+21,8.99859E+15,4.9677E+16
105511,105512,6,5,31,5,2016,6,22,2,3,5,3,2,1,0,1,0,0,0,0,4.75977E+20,5.60287E+21,8.66071E+15,5.05772E+16
105512,105513,6,4,38,2,2016,6,22,5,3,1,5,2,0,0,1,0,0,0,0,4.81751E+20,5.53653E+21,8.74546E+15,4.99808E+16
105513,105514,6,4,12,0,2016,6,15,6,3,5,3,0,1,0,1,0,0,0,0,4.70817E+20,5.54831E+21,8.59207E+15,5.00863E+16
105514,105515,6,4,11,0,2016,6,19,7,3,5,3,0,0,1,1,0,0,0,0,4.74432E+20,5.52496E+21,8.64415E+15,4.98765E+16
105515,105516,6,4,12,0,2016,6,19,4,3,0,7,0,0,0,1,1,0,0,0,4.79402E+20,5.55101E+21,8.71192E+15,5.0111E+16
105516,105517,6,4,11,0,2016,6,17,3,3,3,2,0,0,1,1,0,0,0,0,4.75691E+20,5.52493E+21,8.66168E+15,4.98763E+16
105517,105518,6,4,12,0,2016,6,13,5,2,6,7,0,1,0,1,1,0,0,0,4.77559E+20,5.5516E+21,8.68612E+15,5.01162E+16
105518,105519,6,4,12,0,2016,6,15,6,3,2,6,0,0,0,1,0,0,0,0,4.74166E+20,5.55787E+21,8.63823E+15,5.01725E+16
105519,105520,6,4,14,0,2016,6,10,2,3,6,7,0,0,0,0,0,0,0,1,4.45503E+20,5.54796E+21,8.23829E+15,5.00814E+16
105520,105521,6,4,31,20,2016,6,8,6,3,5,3,0,0,0,1,0,0,1,0,4.70567E+20,5.48903E+21,8.59307E+15,4.95532E+16
105521,105522,6,4,13,0,2016,6,20,1,3,1,5,0,1,0,1,0,0,0,0,4.81539E+20,5.55093E+21,8.74182E+15,5.01104E+16
105522,105523,6,4,14,0,2016,6,23,7,3,4,6,2,1,1,1,0,0,0,0,4.4554E+20,5.54701E+21,8.23894E+15,5.00729E+16
105523,105524,6,4,12,0,2016,6,20,3,3,0,3,0,1,1,0,0,0,0,1,4.78089E+20,5.55218E+21,8.6935E+15,5.01215E+16
105524,105525,6,4,12,0,2016,6,21,6,3,0,1,0,1,0,0,0,1,0,0,4.75862E+20,5.55038E+21,8.66246E+15,5.01052E+16
105525,105526,6,6,33,26,2016,6,16,3,3,0,6,0,1,1,0,0,0,0,1,5.32279E+20,5.68896E+21,9.46352E+15,5.1351E+16
105526,105527,6,4,40,5,2016,6,12,5,3,0,6,0,0,1,0,0,0,0,1,4.76631E+20,5.58713E+21,8.67094E+15,5.04357E+16
105527,105528,6,4,12,0,2016,6,17,7,2,6,7,0,0,0,1,1,0,0,0,4.71931E+20,5.55461E+21,8.60717E+15,5.0143E+16
105528,105529,6,4,11,0,2016,6,7,3,3,2,6,0,0,0,1,0,0,0,0,4.72546E+20,5.52498E+21,8.6179E+15,4.98766E+16
105529,105530,6,4,12,0,2016,6,11,6,3,5,3,0,0,1,1,0,0,0,0,4.7741E+20,5.55313E+21,8.68393E+15,5.013E+16
105530,105531,6,4,31,20,2016,6,11,7,3,8,1,0,0,0,1,0,0,0,0,4.69855E+20,5.48958E+21,8.58318E+15,4.9558E+16
105531,105532,6,4,38,3,2016,6,13,3,3,5,3,0,0,1,1,0,0,0,0,4.76752E+20,5.53521E+21,8.67582E+15,4.99688E+16
105532,105533,6,6,35,20,2016,6,6,5,3,3,2,0,0,1,1,0,0,0,0,5.07672E+20,5.69469E+21,9.11029E+15,5.14034E+16
105533,105534,6,6,35,11,2016,6,7,6,3,6,4,0,0,0,1,1,0,0,0,4.86025E+20,5.65891E+21,8.80049E+15,5.10815E+16
105534,105535,6,4,13,0,2016,6,15,2,3,2,6,0,0,0,1,0,0,0,0,4.81387E+20,5.55043E+21,8.73972E+15,5.01058E+16
105535,105536,6,4,35,23,2016,6,11,5,3,5,3,0,0,1,1,0,0,0,0,5.01913E+20,5.55433E+21,9.02677E+15,5.01412E+16
105536,105537,6,4,11,0,2016,6,18,1,3,5,3,0,0,0,1,1,0,0,1,4.75196E+20,5.52938E+21,8.65449E+15,4.99163E+16
105537,105538,6,4,12,0,2016,6,17,7,3,3,6,0,0,1,1,0,0,0,0,4.74546E+20,5.5504E+21,8.64405E+15,5.01053E+16
105538,105539,6,4,34,1,2016,6,14,3,3,5,3,0,0,0,1,0,0,0,0,4.70542E+20,5.56525E+21,8.58691E+15,5.02386E+16
105539,105540,6,6,35,12,2016,6,15,5,3,3,6,0,1,0,0,0,0,0,1,4.98229E+20,5.64645E+21,8.97477E+15,5.09696E+16
105540,105541,6,4,11,0,2016,6,10,4,3,5,3,0,0,0,1,0,1,0,0,4.75184E+20,5.52371E+21,8.6547E+15,4.98653E+16
105541,105542,6,6,34,26,2016,6,4,2,3,8,1,2,0,0,1,0,0,0,0,5.15112E+20,5.6368E+21,9.21482E+15,5.08826E+16
105542,105543,6,4,38,9,2016,6,8,5,3,5,3,0,0,0,1,0,0,0,0,4.77919E+20,5.54334E+21,8.69162E+15,5.00419E+16
105543,105544,6,5,31,5,2016,6,9,2,2,5,3,0,0,1,1,0,0,0,0,4.7718E+20,5.6031E+21,8.6777E+15,5.05794E+16
105544,105545,6,4,40,3,2016,6,10,3,3,5,3,0,1,1,1,0,0,0,0,4.8168E+20,5.5592E+21,8.7434E+15,5.01848E+16
105545,105546,6,4,34,8,2016,6,12,5,3,3,2,0,1,0,1,0,0,0,1,4.6882E+20,5.56243E+21,8.563E+15,5.02132E+16
105546,105547,6,4,36,7,2016,6,23,2,2,8,1,2,1,0,1,0,0,0,0,4.60184E+20,5.54833E+21,8.44343E+15,5.00859E+16
105547,105548,6,4,34,11,2016,6,14,6,3,2,6,0,0,0,1,0,0,0,0,4.65543E+20,5.57612E+21,8.51582E+15,5.03361E+16
105548,105549,6,4,13,0,2016,6,17,2,3,6,7,0,0,0,1,1,0,0,0,4.83036E+20,5.55009E+21,8.76279E+15,5.01028E+16
105549,105550,6,4,13,0,2016,6,14,5,3,4,6,0,0,1,0,0,0,0,0,4.81166E+20,5.55038E+21,8.73662E+15,5.01054E+16
105550,105551,6,4,34,2,2016,6,21,1,3,5,3,0,0,0,1,0,0,0,0,4.74846E+20,5.56561E+21,8.64725E+15,5.02421E+16
105551,105552,6,4,31,5,2016,6,11,5,3,3,2,0,0,1,0,0,0,0,1,4.60411E+20,5.49857E+21,8.4517E+15,4.96384E+16
105552,105553,6,5,32,12,2016,6,13,3,3,5,2,0,0,0,1,0,1,0,0,4.51051E+20,5.61498E+21,8.3071E+15,5.06846E+16
105553,105554,6,4,34,1,2016,6,12,5,3,5,2,0,0,0,1,0,0,0,0,4.72242E+20,5.56459E+21,8.6108E+15,5.02329E+16
105554,105555,6,4,38,13,2016,6,18,4,3,5,3,0,0,1,1,0,0,0,0,4.97894E+20,5.54313E+21,8.97059E+15,5.00404E+16
105555,105556,6,6,34,7,2016,6,13,2,2,4,1,0,1,0,1,0,0,0,0,5.24763E+20,5.66943E+21,9.35424E+15,5.11758E+16
105556,105557,6,4,35,14,2016,6,10,2,3,2,6,0,0,1,1,0,0,0,0,4.93999E+20,5.55381E+21,8.91603E+15,5.01365E+16
105557,105558,6,6,33,26,2016,6,16,5,3,2,6,0,0,0,1,0,0,0,0,5.33183E+20,5.68919E+21,9.47652E+15,5.1353E+16
105558,105559,6,6,11,0,2016,6,20,6,3,6,6,0,0,1,0,1,0,0,0,5.34362E+20,5.68488E+21,9.49304E+15,5.13142E+16
105559,105560,6,4,13,0,2016,6,13,7,3,1,5,0,0,1,1,0,0,0,0,4.82733E+20,5.54907E+21,8.75859E+15,5.00936E+16
105560,105561,6,4,12,0,2016,6,9,5,3,6,4,0,1,0,1,1,0,0,0,4.78692E+20,5.55181E+21,8.70194E+15,5.01182E+16
105561,105562,6,4,31,3,2016,6,23,1,2,7,7,2,0,0,0,0,1,0,0,4.58602E+20,5.50488E+21,8.42597E+15,4.9695E+16
105562,105563,6,5,32,14,2016,6,15,5,3,4,6,0,0,0,1,0,0,0,0,4.68119E+20,5.59512E+21,8.5504E+15,5.05072E+16
105563,105564,6,4,32,15,2016,6,14,3,3,0,7,0,0,1,1,0,0,0,1,4.92304E+20,5.52971E+21,8.89279E+15,4.99197E+16
105564,105565,6,4,31,3,2016,6,17,5,2,1,6,0,1,0,1,0,1,0,0,4.60791E+20,5.50414E+21,8.4564E+15,4.96885E+16
105565,105566,6,4,34,10,2016,6,9,4,3,0,7,0,0,1,0,0,0,0,0,4.70297E+20,5.55767E+21,8.58407E+15,5.01705E+16
105566,105567,6,6,35,11,2016,6,12,2,2,6,2,0,0,0,1,1,0,0,0,4.85933E+20,5.65661E+21,8.79927E+15,5.10608E+16
105567,105568,6,5,31,2,2016,6,15,1,3,5,3,0,0,1,1,0,0,0,0,4.69875E+20,5.61356E+21,8.57367E+15,5.06731E+16
105568,105569,6,4,36,7,2016,6,15,5,3,5,3,0,0,0,1,0,1,0,0,4.59939E+20,5.54841E+21,8.44001E+15,5.00866E+16
105569,105570,6,4,11,0,2016,6,14,7,3,2,6,0,1,0,1,0,0,0,0,4.75116E+20,5.52685E+21,8.65355E+15,4.98936E+16
105570,105571,6,6,36,16,2016,6,7,6,3,0,3,0,1,1,1,0,0,0,0,5.59462E+20,5.68803E+21,9.85368E+15,5.13404E+16
105571,105572,6,4,34,7,2016,6,13,7,3,5,3,0,0,0,1,0,0,0,0,4.64557E+20,5.57313E+21,8.50225E+15,5.03092E+16
105572,105573,6,4,12,0,2016,6,14,4,3,5,2,0,0,1,1,0,0,0,0,4.7639E+20,5.55135E+21,8.66977E+15,5.01139E+16
105573,105574,6,4,33,8,2016,6,16,3,3,2,6,0,0,0,1,0,0,0,0,4.68646E+20,5.53642E+21,8.56269E+15,4.99793E+16
105574,105575,6,4,12,0,2016,6,7,5,3,2,6,0,0,0,1,0,0,0,0,4.74952E+20,5.56073E+21,8.64905E+15,5.01982E+16
105575,105576,6,4,11,0,2016,6,13,6,3,5,7,0,0,1,1,0,0,0,0,4.75644E+20,5.52526E+21,8.661E+15,4.98792E+16
105576,105577,6,4,12,0,2016,6,22,2,2,6,2,2,1,0,1,1,0,0,0,4.67777E+20,5.55057E+21,8.54938E+15,5.01065E+16
105577,105578,6,4,12,0,2016,6,17,4,3,2,6,0,0,1,1,0,0,0,0,4.74025E+20,5.55746E+21,8.63629E+15,5.01688E+16
105578,105579,6,4,33,7,2016,6,12,3,3,3,5,0,1,1,1,0,0,0,0,4.6669E+20,5.54524E+21,8.53464E+15,5.00585E+16
105579,105580,6,4,35,17,2016,6,16,4,3,5,3,0,1,0,1,0,0,0,0,5.03449E+20,5.55844E+21,9.0483E+15,5.01781E+16
105580,105581,6,4,13,0,2016,6,17,6,3,2,6,0,0,0,1,0,0,0,0,4.8264E+20,5.55011E+21,8.75726E+15,5.0103E+16
105581,105582,6,4,12,0,2016,6,12,2,2,3,6,0,0,1,1,0,0,0,0,4.73631E+20,5.55603E+21,8.63087E+15,5.01559E+16
105582,105583,6,4,33,6,2016,6,17,4,3,5,3,0,0,1,1,0,0,0,0,4.63131E+20,5.5298E+21,8.48641E+15,4.99195E+16
105583,105584,6,4,38,13,2016,6,16,2,3,5,3,0,1,1,1,0,0,0,0,4.97822E+20,5.54335E+21,8.96959E+15,5.00424E+16
105584,105585,6,5,32,6,2016,6,9,6,3,1,5,0,0,0,1,0,0,0,0,4.49878E+20,5.61933E+21,8.28991E+15,5.07236E+16
105585,105586,6,4,11,0,2016,6,14,7,3,0,7,0,0,1,0,0,0,0,0,4.74815E+20,5.52861E+21,8.64924E+15,4.99093E+16
105586,105587,6,6,33,9,2016,6,17,3,3,6,7,0,0,0,0,1,0,0,1,5.378E+20,5.69341E+21,9.54326E+15,5.13907E+16
105587,105588,6,6,35,3,2016,6,16,6,2,6,7,0,0,0,1,1,0,0,0,5.07532E+20,5.662E+21,9.1076E+15,5.11094E+16
105588,105589,6,4,33,6,2016,6,9,3,3,2,6,0,1,0,1,0,0,0,0,4.63078E+20,5.52928E+21,8.48573E+15,4.99148E+16
105589,105590,6,4,14,0,2016,6,18,4,3,4,6,0,0,0,1,0,0,0,0,4.48631E+20,5.54798E+21,8.28201E+15,5.00818E+16
105590,105591,6,4,38,8,2016,6,10,6,3,6,4,0,0,0,1,1,0,0,0,4.89371E+20,5.54998E+21,8.85138E+15,5.0102E+16
105591,105592,6,4,12,0,2016,6,21,2,3,3,6,2,1,0,0,0,1,0,1,4.78228E+20,5.55155E+21,8.69548E+15,5.01158E+16
105592,105593,6,6,11,0,2016,6,20,5,3,1,5,0,0,1,1,0,0,0,0,5.33597E+20,5.68429E+21,9.48201E+15,5.13089E+16
105593,105594,6,4,39,11,2016,6,11,1,3,5,3,0,0,0,1,0,1,0,0,4.51078E+20,5.55693E+21,8.31505E+15,5.01625E+16
105594,105595,6,6,34,15,2016,6,10,7,3,6,7,0,0,0,1,1,0,0,0,5.43E+20,5.65763E+21,9.6137E+15,5.10686E+16
105595,105596,6,4,33,11,2016,6,12,6,3,4,6,0,0,1,0,0,0,0,1,4.64186E+20,5.51955E+21,8.50205E+15,4.98273E+16
105596,105597,6,4,12,0,2016,6,0,1,3,5,3,2,0,1,1,0,0,0,0,4.77991E+20,5.55283E+21,8.69209E+15,5.01273E+16
105597,105598,6,4,38,8,2016,6,12,7,3,0,2,0,0,0,1,0,1,0,0,4.88459E+20,5.55244E+21,8.83855E+15,5.01241E+16
105598,105599,6,6,33,13,2016,6,10,6,3,6,4,0,0,0,1,1,0,0,0,5.26621E+20,5.70486E+21,9.38347E+15,5.14942E+16
105599,105600,6,4,33,11,2016,6,23,3,3,2,1,2,0,0,1,0,0,0,0,4.64724E+20,5.51814E+21,8.50966E+15,4.98147E+16
105600,105601,6,4,14,0,2016,6,19,4,3,1,1,0,0,1,1,0,0,0,0,4.43373E+20,5.54602E+21,8.2088E+15,5.00638E+16
105601,105602,6,4,36,1,2016,6,16,4,3,6,4,0,1,0,1,1,0,0,0,4.64685E+20,5.55424E+21,8.50581E+15,5.01393E+16
105602,105603,6,6,11,0,2016,6,15,1,2,5,3,0,0,1,1,0,0,0,0,5.35551E+20,5.68645E+21,9.51025E+15,5.13282E+16
105603,105604,6,4,12,0,2016,6,17,5,3,0,1,0,0,1,0,0,0,0,0,4.70077E+20,5.55289E+21,8.58136E+15,5.01275E+16
105604,105605,6,4,12,0,2016,6,14,5,3,6,2,0,0,0,0,1,0,0,1,4.67258E+20,5.55004E+21,8.54217E+15,5.01017E+16
105605,105606,6,4,37,3,2016,6,23,1,3,1,7,2,0,0,1,0,0,0,0,4.89852E+20,5.51397E+21,8.85905E+15,4.97781E+16
105606,105607,6,5,35,17,2016,6,17,5,3,5,3,0,0,0,1,0,0,0,0,5.18704E+20,5.61118E+21,9.26458E+15,5.06521E+16
105607,105608,6,5,34,14,2016,6,16,3,3,5,2,0,0,1,1,0,0,0,0,4.83027E+20,5.62792E+21,8.75913E+15,5.08028E+16
105608,105609,6,4,36,12,2016,6,10,4,3,5,3,0,1,0,1,0,0,0,1,4.65902E+20,5.554E+21,8.52286E+15,5.01372E+16
105609,105610,6,4,38,9,2016,6,14,4,3,5,3,0,0,1,1,0,0,0,0,4.78322E+20,5.54443E+21,8.69719E+15,5.00518E+16
105610,105611,6,4,34,8,2016,6,8,2,3,2,6,0,1,0,1,0,0,0,0,4.67339E+20,5.56263E+21,8.54223E+15,5.02149E+16
105611,105612,6,5,31,5,2016,6,13,2,3,2,6,0,1,0,1,0,0,0,0,4.76702E+20,5.6041E+21,8.67087E+15,5.05883E+16
105612,105613,6,4,12,0,2016,6,16,4,3,5,3,0,1,0,1,0,0,0,0,4.67363E+20,5.54979E+21,8.54366E+15,5.00995E+16