FID,OBJECTID,ULAND,UREGBEZ,UKREIS,UGEMEINDE,UJAHR,UMONAT,USTUNDE,UWOCHENTAG,UKATEGORIE,UART,UTYP1,ULICHTVERH,IstStrasse,IstRad,IstPKW,IstFuss,IstKrad,IstGkfz,IstSonstig,LINREFX,LINREFY,XGCSWGS84,YGCSWGS84
105791,105792,6,4,12,0,2016,6,9,4,3,5,3,0,0,1,1,0,0,0,0,4.66339E+20,5.55073E+21,8.52925E+15,5.01079E+16
105792,105793,6,4,11,0,2016,7,9,4,3,2,6,0,0,0,1,0,1,0,0,4.74056E+20,5.51667E+21,8.63947E+15,4.9802E+16
105793,105794,6,4,12,0,2016,7,18,2,3,1,5,0,0,0,1,0,1,0,0,4.76405E+20,5.5514E+21,8.66998E+15,5.01143E+16
105794,105795,6,4,40,8,2016,6,6,2,3,5,3,0,0,0,1,0,0,0,1,4.83028E+20,5.5754E+21,8.76155E+15,5.03305E+16
105795,105796,6,4,38,10,2016,7,23,5,3,5,3,2,0,0,1,0,0,0,0,4.89529E+20,5.5466E+21,8.85368E+15,5.00716E+16
105796,105797,6,4,31,20,2016,6,13,3,3,5,3,0,0,1,1,0,0,0,0,4.69502E+20,5.48724E+21,8.57849E+15,4.9537E+16
105797,105798,6,4,12,0,2016,6,10,4,3,5,3,0,0,0,1,0,0,0,1,4.71673E+20,5.54929E+21,8.60396E+15,5.00952E+16
105798,105799,6,5,34,4,2016,6,8,2,2,6,3,0,0,0,1,1,0,0,0,4.66598E+20,5.64027E+21,8.52487E+15,5.09131E+16
105799,105800,6,4,35,19,2016,7,15,6,3,5,3,0,0,1,1,0,0,0,0,4.90655E+20,5.5535E+21,8.86925E+15,5.01336E+16
105800,105801,6,4,33,8,2016,7,10,7,2,5,3,0,1,1,1,0,0,0,0,4.67937E+20,5.53574E+21,8.55287E+15,4.99731E+16
105801,105802,6,4,11,0,2016,7,12,1,3,2,6,0,0,0,1,0,0,0,0,4.7441E+20,5.52267E+21,8.64399E+15,4.98559E+16
105802,105803,6,5,32,11,2016,7,15,6,3,2,6,0,0,0,1,0,0,0,0,4.446E+20,5.62145E+21,8.21483E+15,5.07422E+16
105803,105804,6,4,11,0,2016,7,18,5,3,5,3,0,0,0,1,0,0,0,0,4.75287E+20,5.52578E+21,8.65599E+15,4.98839E+16
105804,105805,6,6,31,9,2016,7,7,4,2,5,3,0,0,1,1,0,0,0,0,5.48709E+20,5.59962E+21,9.68748E+15,5.05464E+16
105805,105806,6,4,33,12,2016,6,7,3,3,3,2,0,0,1,1,0,0,0,0,4.56072E+20,5.538E+21,8.38714E+15,4.99927E+16
105806,105807,6,4,12,0,2016,6,18,4,3,2,7,0,0,0,1,0,0,0,0,4.73017E+20,5.55072E+21,8.62265E+15,5.01081E+16
105807,105808,6,4,12,0,2016,7,21,3,3,5,3,1,0,0,1,0,1,0,0,4.64272E+20,5.55008E+21,8.50041E+15,5.01019E+16
105808,105809,6,4,12,0,2016,7,7,2,3,3,2,0,0,1,1,0,0,0,0,4.75913E+20,5.55161E+21,8.66308E+15,5.01162E+16
105809,105810,6,4,36,4,2016,7,13,5,3,5,2,0,0,1,0,0,0,0,0,4.58045E+20,5.53914E+21,8.41454E+15,5.00031E+16
105810,105811,6,4,12,0,2016,6,16,5,3,6,2,0,0,0,1,1,0,0,0,4.78151E+20,5.55471E+21,8.69421E+15,5.01442E+16
105811,105812,6,4,35,14,2016,7,6,3,3,5,2,0,0,1,1,0,0,0,0,4.97332E+20,5.55058E+21,8.96269E+15,5.01074E+16
105812,105813,6,4,11,0,2016,7,11,1,3,5,3,0,0,0,1,0,0,0,0,4.77017E+20,5.52395E+21,8.68019E+15,4.98675E+16
105813,105814,6,4,33,6,2016,6,8,3,3,0,7,0,0,1,0,0,0,0,1,4.63682E+20,5.52906E+21,8.49415E+15,4.99128E+16
105814,105815,6,4,33,6,2016,7,18,7,3,4,6,0,0,0,1,0,0,0,0,4.63234E+20,5.532E+21,8.48763E+15,4.99393E+16
105815,105816,6,4,12,0,2016,6,13,5,3,5,2,0,0,1,1,0,0,0,0,4.77675E+20,5.55061E+21,8.68779E+15,5.01073E+16
105816,105817,6,4,37,6,2016,7,7,3,3,2,6,0,0,0,1,0,0,0,1,4.99341E+20,5.50036E+21,8.99087E+15,4.96558E+16
105817,105818,6,4,11,0,2016,7,13,1,3,0,1,0,0,0,1,0,0,0,0,4.73202E+20,5.52339E+21,8.62714E+15,4.98623E+16
105818,105819,6,4,33,4,2016,7,10,6,3,5,2,0,0,0,1,0,0,0,1,4.63033E+20,5.51106E+21,8.48683E+15,4.97508E+16
105819,105820,6,4,35,14,2016,6,17,3,2,5,3,0,0,0,1,0,1,0,0,4.9697E+20,5.55172E+21,8.95762E+15,5.01177E+16
105820,105821,6,4,12,0,2016,6,17,4,3,5,3,0,0,0,1,0,0,0,0,4.70168E+20,5.54811E+21,8.58301E+15,5.00845E+16
105821,105822,6,4,40,18,2016,7,7,3,2,0,3,0,0,0,1,0,1,0,0,4.74342E+20,5.57938E+21,8.63924E+15,5.03659E+16
105822,105823,6,4,12,0,2016,7,12,2,3,6,4,0,0,0,1,1,0,0,0,4.76676E+20,5.55437E+21,8.67359E+15,5.01411E+16
105823,105824,6,4,31,13,2016,7,16,5,3,4,6,0,0,0,0,0,0,0,1,4.59458E+20,5.49608E+21,8.43876E+15,4.96159E+16
105824,105825,6,4,32,15,2016,7,9,7,2,5,3,0,0,1,1,0,0,0,0,4.90676E+20,5.52996E+21,8.87011E+15,4.99219E+16
105825,105826,6,4,12,0,2016,6,20,5,3,0,2,0,0,1,1,0,0,0,0,4.77433E+20,5.54947E+21,8.68448E+15,5.00971E+16
105826,105827,6,4,11,0,2016,6,22,3,3,9,1,2,1,0,1,0,0,0,0,4.7137E+20,5.52443E+21,8.60157E+15,4.98716E+16
105827,105828,6,4,12,0,2016,6,13,4,3,8,1,0,0,0,1,0,0,0,0,4.75611E+20,5.54932E+21,8.65901E+15,5.00956E+16
105828,105829,6,4,31,20,2016,6,16,2,2,0,7,0,0,1,0,0,0,0,0,4.69914E+20,5.48834E+21,8.58409E+15,4.95469E+16
105829,105830,6,4,12,0,2016,6,10,4,2,3,2,0,0,1,1,0,0,0,0,4.77391E+20,5.55332E+21,8.68366E+15,5.01317E+16
105830,105831,6,4,38,11,2016,7,15,6,3,2,6,0,0,0,1,0,0,0,0,4.9115E+20,5.53834E+21,8.87652E+15,4.99973E+16
105831,105832,6,5,33,9,2016,6,12,2,3,6,7,0,0,0,1,1,0,0,0,4.33473E+20,5.58191E+21,8.06421E+15,5.03854E+16
105832,105833,6,4,12,0,2016,6,7,4,3,5,3,0,0,0,1,0,0,0,0,4.77717E+20,5.55176E+21,8.68831E+15,5.01177E+16
105833,105834,6,4,38,11,2016,7,8,6,2,5,2,0,0,1,1,0,0,0,0,4.92281E+20,5.53918E+21,8.89228E+15,5.00049E+16
105834,105835,6,4,11,0,2016,7,12,3,3,2,6,0,0,0,1,0,0,0,0,4.74113E+20,5.51876E+21,8.64013E+15,4.98207E+16
105835,105836,6,4,12,0,2016,7,11,2,3,6,4,0,0,0,1,1,0,0,0,4.76634E+20,5.5514E+21,8.67318E+15,5.01144E+16
105836,105837,6,5,31,5,2016,7,16,4,2,5,2,0,0,0,1,0,0,0,0,4.79085E+20,5.60477E+21,8.70451E+15,5.05945E+16
105837,105838,6,4,12,0,2016,7,19,7,3,1,5,0,0,1,1,0,0,0,0,4.8218E+20,5.55515E+21,8.75058E+15,5.01483E+16
105838,105839,6,6,33,15,2016,7,10,5,2,5,2,0,0,0,1,0,1,0,0,5.401E+20,5.68179E+21,9.57502E+15,5.1286E+16
105839,105840,6,6,33,23,2016,7,15,4,3,5,3,0,0,0,1,0,1,0,0,5.23943E+20,5.6816E+21,9.34333E+15,5.12852E+16
105840,105841,6,4,14,0,2016,6,14,2,3,1,7,0,0,1,1,0,0,0,0,4.45315E+20,5.54437E+21,8.23618E+15,5.00491E+16
105841,105842,6,4,11,0,2016,6,15,4,3,3,6,0,0,1,1,0,0,0,0,4.7491E+20,5.52546E+21,8.65077E+15,4.9881E+16
105842,105843,6,4,33,6,2016,6,16,2,2,4,6,0,0,0,1,0,0,0,0,4.62221E+20,5.52989E+21,8.47372E+15,4.99202E+16
105843,105844,6,4,31,7,2016,7,13,6,3,6,4,0,0,0,0,1,1,0,0,4.83999E+20,5.49943E+21,8.77834E+15,4.96472E+16
105844,105845,6,5,34,21,2016,7,18,7,3,0,7,0,0,0,0,0,0,0,1,4.84034E+20,5.6375E+21,8.773E+15,5.0889E+16
105845,105846,6,4,11,0,2016,7,9,1,3,1,5,0,0,1,1,0,0,0,0,4.76026E+20,5.52338E+21,8.66643E+15,4.98624E+16
105846,105847,6,4,38,11,2016,7,15,6,3,6,7,0,0,0,1,1,0,0,0,4.92062E+20,5.53948E+21,8.88922E+15,5.00076E+16
105847,105848,6,4,12,0,2016,7,14,5,3,1,5,0,0,0,1,0,1,0,0,4.76871E+20,5.55161E+21,8.67649E+15,5.01163E+16
105848,105849,6,4,35,14,2016,7,19,7,3,8,1,0,0,0,1,0,0,0,0,4.97412E+20,5.55011E+21,8.9638E+15,5.01032E+16
105849,105850,6,4,14,0,2016,7,11,6,3,0,4,0,0,0,0,1,1,0,0,4.49278E+20,5.54574E+21,8.29135E+15,5.00618E+16
105850,105851,6,4,12,0,2016,7,21,5,3,1,3,1,0,0,1,0,1,0,0,4.75468E+20,5.55123E+21,8.65689E+15,5.01128E+16
105851,105852,6,4,31,16,2016,7,12,4,3,3,6,0,0,1,1,0,0,0,0,4.68798E+20,5.50042E+21,8.56771E+15,4.96555E+16
105852,105853,6,4,14,0,2016,6,14,2,3,4,6,0,0,0,0,0,1,0,1,4.44943E+20,5.54899E+21,8.23032E+15,5.00907E+16
105853,105854,6,6,11,0,2016,6,9,4,3,2,6,0,0,0,1,0,0,0,0,5.31631E+20,5.68548E+21,9.4539E+15,5.13198E+16
105854,105855,6,5,34,14,2016,6,6,2,3,0,7,0,0,1,1,0,0,0,0,4.8319E+20,5.62631E+21,8.76152E+15,5.07883E+16
105855,105856,6,4,32,19,2016,7,6,6,3,5,3,0,0,1,1,0,0,0,0,4.87976E+20,5.52046E+21,8.83279E+15,4.98364E+16
105856,105857,6,6,32,2,2016,7,7,6,3,8,7,0,0,0,1,0,0,0,0,5.49174E+20,5.63329E+21,9.69853E+15,5.08492E+16
105857,105858,6,4,12,0,2016,6,10,5,3,0,1,0,0,1,0,0,0,0,0,4.77083E+20,5.54917E+21,8.6796E+15,5.00943E+16
105858,105859,6,4,38,9,2016,7,4,1,3,1,5,1,0,0,1,0,0,0,0,4.77317E+20,5.54469E+21,8.68314E+15,5.00541E+16
105859,105860,6,4,40,8,2016,7,11,6,3,4,2,0,0,1,1,0,0,0,0,4.82373E+20,5.57578E+21,8.75232E+15,5.03339E+16
105860,105861,6,4,12,0,2016,7,16,4,3,5,3,0,0,1,1,0,0,0,0,4.77703E+20,5.55278E+21,8.68806E+15,5.01268E+16
105861,105862,6,4,13,0,2016,6,8,2,3,6,4,0,0,0,1,1,0,0,0,4.82911E+20,5.54965E+21,8.76106E+15,5.00988E+16
105862,105863,6,4,38,11,2016,6,7,4,2,4,6,0,0,0,1,0,0,0,0,4.90755E+20,5.5428E+21,8.87091E+15,5.00374E+16
105863,105864,6,6,11,0,2016,7,7,3,3,5,3,0,0,1,0,0,0,0,1,5.32716E+20,5.68441E+21,9.46938E+15,5.13101E+16
105864,105865,6,4,32,23,2016,7,13,2,3,5,3,0,0,0,1,0,0,0,0,4.71532E+20,5.53087E+21,8.60335E+15,4.99296E+16
105865,105866,6,4,33,3,2016,7,11,4,2,5,3,0,0,0,1,0,1,0,0,4.65831E+20,5.52742E+21,8.52423E+15,4.98982E+16
105866,105867,6,4,12,0,2016,6,20,2,3,5,3,0,0,0,1,0,0,0,0,4.67367E+20,5.54979E+21,8.54371E+15,5.00994E+16
105867,105868,6,4,34,1,2016,6,23,4,3,9,7,2,0,1,0,0,0,0,0,4.71772E+20,5.56429E+21,8.60423E+15,5.02301E+16
105868,105869,6,6,35,15,2016,7,7,3,3,5,3,0,0,1,1,0,0,0,0,4.90952E+20,5.68083E+21,8.87027E+15,5.12787E+16
105869,105870,6,4,11,0,2016,7,18,2,3,5,3,0,0,1,0,0,0,0,0,4.74363E+20,5.5232E+21,8.64331E+15,4.98606E+16
105870,105871,6,6,31,10,2016,6,21,2,2,8,1,1,0,0,1,0,0,0,0,5.65191E+20,5.58921E+21,9.91827E+15,5.04512E+16
105871,105872,6,4,34,1,2016,7,9,5,2,4,2,0,0,1,1,0,0,0,0,4.74286E+20,5.56308E+21,8.63956E+15,5.02194E+16
105872,105873,6,4,12,0,2016,6,18,5,3,2,7,0,0,1,1,0,0,0,0,4.73576E+20,5.55014E+21,8.63051E+15,5.01029E+16
105873,105874,6,5,31,18,2016,7,14,2,3,5,3,0,0,0,1,0,0,0,0,4.77388E+20,5.60966E+21,8.68023E+15,5.06383E+16
105874,105875,6,4,31,7,2016,7,20,1,2,6,6,0,0,0,0,1,0,0,1,4.84713E+20,5.50006E+21,8.78822E+15,4.96529E+16
105875,105876,6,4,12,0,2016,6,17,2,2,0,3,0,0,0,0,0,1,0,0,4.74264E+20,5.55074E+21,8.64009E+15,5.01084E+16
105876,105877,6,4,36,10,2016,6,10,4,3,5,3,0,0,1,1,0,0,0,0,4.63488E+20,5.55198E+21,8.48927E+15,5.01189E+16
105877,105878,6,4,38,1,2016,7,9,3,3,4,6,0,0,0,1,0,0,0,0,4.84848E+20,5.54076E+21,8.7885E+15,5.00189E+16
105878,105879,6,4,38,13,2016,7,7,2,3,5,3,0,0,1,1,0,0,0,0,4.97907E+20,5.54331E+21,8.97077E+15,5.00421E+16
105879,105880,6,4,33,1,2016,7,14,5,3,1,5,0,0,1,1,0,0,0,0,4.61913E+20,5.51361E+21,8.47103E+15,4.97737E+16
105880,105881,6,4,33,12,2016,7,20,7,3,5,2,0,0,1,1,0,0,0,0,4.58368E+20,5.53806E+21,8.41917E+15,4.99934E+16
105881,105882,6,4,12,0,2016,6,17,5,3,5,3,0,0,1,1,0,0,0,0,4.76422E+20,5.55069E+21,8.67026E+15,5.0108E+16
105882,105883,6,4,35,14,2016,7,11,5,3,6,7,0,0,0,1,1,0,0,0,4.95633E+20,5.55531E+21,8.93888E+15,5.015E+16
105883,105884,6,4,11,0,2016,7,17,5,2,3,3,0,0,1,1,0,0,0,0,4.74205E+20,5.51888E+21,8.6414E+15,4.98218E+16
105884,105885,6,4,36,5,2016,7,13,7,3,9,1,0,0,0,1,0,0,0,0,4.63451E+20,5.54643E+21,8.48928E+15,5.0069E+16
105885,105886,6,4,12,0,2016,6,12,5,3,6,1,0,0,0,1,1,0,0,0,4.77675E+20,5.55144E+21,8.68775E+15,5.01148E+16
105886,105887,6,4,12,0,2016,7,20,1,3,5,3,0,0,0,0,0,1,0,1,4.77265E+20,5.5526E+21,8.68194E+15,5.01252E+16
105887,105888,6,4,12,0,2016,6,17,2,3,2,6,0,0,1,1,0,0,0,0,4.74699E+20,5.55198E+21,8.64609E+15,5.01195E+16
105888,105889,6,4,31,11,2016,6,13,4,3,5,3,0,0,1,1,0,0,0,0,4.74252E+20,5.49899E+21,8.64336E+15,4.96429E+16
105889,105890,6,4,32,4,2016,6,14,4,3,5,3,0,0,1,1,0,0,0,0,4.88949E+20,5.52742E+21,8.84613E+15,4.98991E+16
105890,105891,6,4,40,8,2016,7,15,6,3,1,5,0,0,0,1,0,0,0,0,4.82365E+20,5.57576E+21,8.75222E+15,5.03336E+16
105891,105892,6,5,35,15,2016,7,20,6,3,1,7,0,0,0,1,0,0,0,0,5.3906E+20,5.61365E+21,9.55278E+15,5.06734E+16
105892,105893,6,4,36,3,2016,7,7,4,3,8,1,0,1,0,0,0,1,0,0,4.68199E+20,5.55478E+21,8.55493E+15,5.01444E+16
105893,105894,6,5,32,23,2016,7,11,7,3,1,6,0,0,0,1,0,0,0,0,4.64528E+20,5.60015E+21,8.49928E+15,5.05522E+16
105894,105895,6,4,14,0,2016,7,19,5,2,4,6,0,0,1,0,0,0,0,0,4.42617E+20,5.547E+21,8.1981E+15,5.00725E+16
105895,105896,6,4,34,8,2016,7,14,4,3,5,3,0,0,1,1,0,0,0,0,4.68455E+20,5.56201E+21,8.55792E+15,5.02095E+16
105896,105897,6,4,12,0,2016,6,14,2,3,1,5,0,0,1,1,0,0,0,0,4.76467E+20,5.55424E+21,8.67068E+15,5.014E+16
105897,105898,6,4,11,0,2016,6,9,4,3,2,6,0,0,0,1,0,0,0,0,4.7363E+20,5.51823E+21,8.63344E+15,4.9816E+16
105898,105899,6,6,31,9,2016,6,13,2,3,5,3,0,0,1,1,0,0,0,0,5.45564E+20,5.59905E+21,9.64303E+15,5.05416E+16
105899,105900,6,4,12,0,2016,6,16,2,3,2,6,0,0,0,1,0,0,0,1,4.78929E+20,5.55472E+21,8.70511E+15,5.01443E+16
105900,105901,6,4,32,8,2016,6,14,4,2,0,1,0,0,0,0,0,1,0,0,4.70465E+20,5.52104E+21,8.58924E+15,4.9841E+16
105901,105902,6,5,31,6,2016,6,11,2,3,0,1,0,0,0,0,0,1,0,0,4.97118E+20,5.60442E+21,8.95928E+15,5.05917E+16
105902,105903,6,4,40,2,2016,7,10,6,3,3,2,0,0,1,1,0,0,0,0,4.82208E+20,5.57903E+21,8.74985E+15,5.03631E+16
105903,105904,6,6,11,0,2016,7,13,6,3,1,5,0,0,1,1,0,0,0,0,5.34839E+20,5.6868E+21,9.50007E+15,5.13314E+16
105904,105905,6,4,12,0,2016,7,13,6,2,1,6,0,0,0,1,0,1,0,0,4.7343E+20,5.55038E+21,8.62844E+15,5.01051E+16
105905,105906,6,4,12,0,2016,7,9,5,1,6,2,0,0,0,1,1,0,0,0,4.78737E+20,5.54934E+21,8.70271E+15,5.00959E+16
105906,105907,6,4,33,12,2016,7,21,6,2,6,4,1,0,0,1,1,0,0,0,4.56961E+20,5.53804E+21,8.39954E+15,4.99931E+16
105907,105908,6,4,32,18,2016,7,7,4,3,1,5,0,0,1,1,0,0,0,0,4.71392E+20,5.51656E+21,8.60246E+15,4.98008E+16
105908,105909,6,4,12,0,2016,6,22,2,3,6,7,2,0,0,0,1,0,0,1,4.77062E+20,5.55123E+21,8.67919E+15,5.01129E+16
105909,105910,6,4,32,8,2016,6,19,4,3,2,6,0,0,0,1,0,0,0,0,4.69772E+20,5.52347E+21,8.57941E+15,4.98629E+16
105910,105911,6,4,11,0,2016,7,13,4,3,3,6,0,0,0,1,0,1,0,0,4.74317E+20,5.52406E+21,8.64261E+15,4.98684E+16
105911,105912,6,4,31,17,2016,7,11,2,3,5,3,0,0,1,1,0,0,0,0,4.81175E+20,5.49465E+21,8.73945E+15,4.96041E+16
105912,105913,6,4,36,12,2016,6,8,2,2,5,2,0,0,1,1,0,0,0,0,4.65478E+20,5.55413E+21,8.51691E+15,5.01384E+16
105913,105914,6,4,32,22,2016,7,11,5,3,0,7,0,0,0,1,0,0,0,0,4.7482E+20,5.51338E+21,8.6503E+15,4.97723E+16
105914,105915,6,4,11,0,2016,7,18,3,3,5,3,0,0,1,1,0,0,0,0,4.74196E+20,5.51862E+21,8.64129E+15,4.98195E+16
105915,105916,6,4,36,8,2016,7,16,6,3,5,3,0,0,0,1,0,0,0,0,4.61447E+20,5.55297E+21,8.46063E+15,5.01277E+16
105916,105917,6,4,12,0,2016,7,19,5,3,1,5,0,0,1,1,0,0,0,0,4.77234E+20,5.54987E+21,8.68168E+15,5.01006E+16
105917,105918,6,4,12,0,2016,7,11,2,3,0,7,0,0,1,0,0,0,0,1,4.745E+20,5.55034E+21,8.64341E+15,5.01048E+16
105918,105919,6,4,14,0,2016,7,11,1,3,0,5,0,0,1,1,0,0,0,0,4.42505E+20,5.54713E+21,8.19652E+15,5.00736E+16
105919,105920,6,4,12,0,2016,7,18,3,2,3,2,0,0,1,0,0,1,0,0,4.74391E+20,5.5519E+21,8.64179E+15,5.01188E+16
105920,105921,6,4,14,0,2016,7,15,2,3,0,6,0,0,0,0,0,1,0,1,4.4591E+20,5.54873E+21,8.24387E+15,5.00884E+16
105921,105922,6,5,34,14,2016,7,14,1,3,6,5,0,0,0,1,1,0,0,0,4.83736E+20,5.62823E+21,8.76918E+15,5.08056E+16
105922,105923,6,4,11,0,2016,7,13,4,3,0,6,0,0,1,0,0,0,0,1,4.74398E+20,5.51855E+21,8.6441E+15,4.98189E+16
105923,105924,6,4,40,8,2016,7,0,7,3,1,6,2,0,0,1,0,0,0,0,4.81875E+20,5.57716E+21,8.74525E+15,5.03462E+16
105924,105925,6,6,35,14,2016,7,14,4,3,0,7,0,0,0,0,0,0,0,1,4.70524E+20,5.64593E+21,8.58026E+15,5.09642E+16
105925,105926,6,5,31,15,2016,7,18,1,2,4,1,0,0,1,1,0,0,0,0,4.93736E+20,5.61504E+21,8.91132E+15,5.06871E+16
105926,105927,6,4,32,1,2016,7,15,6,3,1,6,0,0,0,1,0,0,0,0,4.69668E+20,5.50947E+21,8.57906E+15,4.97369E+16
105927,105928,6,4,12,0,2016,7,8,3,3,3,2,0,0,0,1,0,1,0,0,4.75291E+20,5.55098E+21,8.65444E+15,5.01105E+16
105928,105929,6,4,12,0,2016,7,22,3,3,2,7,2,0,1,1,0,0,0,0,4.74139E+20,5.55245E+21,8.63822E+15,5.01238E+16
105929,105930,6,4,38,11,2016,7,5,5,3,5,2,0,1,1,1,0,0,0,0,4.91721E+20,5.54441E+21,8.88435E+15,5.00519E+16
105930,105931,6,4,12,0,2016,7,22,3,3,5,3,2,0,1,1,0,0,0,0,4.74578E+20,5.55237E+21,8.64437E+15,5.0123E+16
105931,105932,6,4,13,0,2016,7,14,2,3,5,3,0,0,1,1,0,0,0,0,4.83286E+20,5.54915E+21,8.76633E+15,5.00944E+16
105932,105933,6,4,35,14,2016,7,10,1,3,1,5,0,0,1,0,0,0,1,0,4.94346E+20,5.55187E+21,8.92091E+15,5.0119E+16
105933,105934,6,4,35,14,2016,7,8,3,3,4,2,0,0,0,1,0,0,0,0,4.96106E+20,5.55456E+21,8.94551E+15,5.01433E+16
105934,105935,6,4,11,0,2016,7,20,7,3,9,1,0,1,0,1,0,0,0,0,4.71369E+20,5.52445E+21,8.60155E+15,4.98718E+16
105935,105936,6,4,39,4,2016,7,11,4,3,5,3,0,0,1,1,0,0,0,0,4.26315E+20,5.53763E+21,7.97212E+15,4.99865E+16
105936,105937,6,4,12,0,2016,7,18,3,3,3,2,0,0,1,1,0,0,0,0,4.80094E+20,5.55035E+21,8.72163E+15,5.01051E+16
105937,105938,6,4,36,11,2016,7,20,2,3,5,3,0,0,1,1,0,0,0,0,4.66351E+20,5.55578E+21,8.52898E+15,5.01533E+16
105938,105939,6,4,40,3,2016,7,0,5,3,5,3,2,0,1,1,0,0,0,0,4.81683E+20,5.5592E+21,8.74344E+15,5.01847E+16
105939,105940,6,4,33,8,2016,7,13,7,3,4,3,0,0,0,1,0,0,0,0,4.69014E+20,5.53603E+21,8.56786E+15,4.99758E+16
105940,105941,6,4,12,0,2016,7,19,2,3,6,3,0,0,1,0,1,0,0,0,4.75462E+20,5.55093E+21,8.65683E+15,5.01101E+16
105941,105942,6,4,32,16,2016,7,15,5,3,6,7,0,0,0,1,1,0,0,0,4.8234E+20,5.51944E+21,8.75446E+15,4.98272E+16
105942,105943,6,6,36,6,2016,7,17,3,2,8,1,0,0,1,0,0,0,0,0,5.50862E+20,5.67195E+21,9.72793E+15,5.11967E+16
105943,105944,6,4,40,1,2016,7,0,6,3,6,7,2,0,0,1,1,0,0,0,4.99217E+20,5.57068E+21,8.98901E+15,5.02883E+16
105944,105945,6,4,12,0,2016,7,19,2,3,5,3,0,0,0,1,0,1,0,0,4.71304E+20,5.54824E+21,8.59887E+15,5.00857E+16
105945,105946,6,4,13,0,2016,7,14,3,3,2,6,0,0,0,1,0,0,0,0,4.82752E+20,5.55052E+21,8.7588E+15,5.01067E+16
105946,105947,6,4,37,1,2016,7,21,6,3,5,3,2,0,1,0,0,0,0,1,5.00202E+20,5.51004E+21,9.00281E+15,4.97428E+16
105947,105948,6,4,40,2,2016,7,14,1,3,2,1,0,0,1,0,0,0,0,1,4.81458E+20,5.5793E+21,8.7393E+15,5.03654E+16
105948,105949,6,6,11,0,2016,7,18,2,2,0,6,0,0,1,1,0,0,0,0,5.32798E+20,5.68768E+21,9.47086E+15,5.13395E+16
105949,105950,6,6,32,1,2016,7,15,2,3,5,3,0,0,1,1,0,0,0,0,5.46795E+20,5.65539E+21,9.66757E+15,5.10481E+16
105950,105951,6,4,12,0,2016,7,12,3,3,3,6,0,0,0,1,0,0,0,1,4.77181E+20,5.54925E+21,8.68097E+15,5.00951E+16
105951,105952,6,4,12,0,2016,7,6,2,3,4,2,0,0,1,1,0,0,0,0,4.76368E+20,5.55077E+21,8.66951E+15,5.01087E+16
105952,105953,6,4,12,0,2016,7,21,5,2,5,3,2,0,0,1,0,0,0,0,4.81995E+20,5.55622E+21,8.74794E+15,5.01579E+16
105953,105954,6,4,33,4,2016,7,10,7,3,5,2,0,0,0,1,0,0,0,1,4.65621E+20,5.51302E+21,8.52259E+15,4.97686E+16
105954,105955,6,5,34,4,2016,7,15,5,3,5,3,0,0,0,1,0,0,1,0,4.66501E+20,5.64027E+21,8.52349E+15,5.09131E+16
105955,105956,6,4,31,16,2016,7,6,3,3,0,7,2,0,1,0,0,0,0,0,4.68688E+20,5.50136E+21,8.56611E+15,4.96639E+16
105956,105957,6,5,34,4,2016,7,16,6,2,0,7,0,0,0,1,0,0,0,0,4.66956E+20,5.64056E+21,8.52993E+15,5.09157E+16
105957,105958,6,4,13,0,2016,7,13,5,3,2,6,0,1,0,1,0,0,1,0,4.83207E+20,5.55039E+21,8.76516E+15,5.01055E+16
105958,105959,6,4,12,0,2016,7,15,2,3,7,7,0,0,0,0,1,1,0,0,4.72653E+20,5.54944E+21,8.61765E+15,5.00966E+16
105959,105960,6,4,33,11,2016,7,9,2,2,9,1,0,0,0,0,0,0,0,1,4.63952E+20,5.5205E+21,8.49871E+15,4.98359E+16
105960,105961,6,4,12,0,2016,7,13,3,3,5,3,0,0,1,1,0,0,0,0,4.76763E+20,5.55335E+21,8.67488E+15,5.01319E+16
105961,105962,6,6,33,28,2016,7,15,2,2,5,2,0,0,0,1,0,1,0,0,5.08837E+20,5.68717E+21,9.12685E+15,5.13358E+16
105962,105963,6,4,14,0,2016,7,19,2,3,4,6,0,0,1,1,0,0,0,0,4.50835E+20,5.54508E+21,8.31318E+15,5.0056E+16
105963,105964,6,4,38,1,2016,7,18,2,3,5,3,0,0,0,1,0,1,0,0,4.85259E+20,5.5412E+21,8.79421E+15,5.00229E+16
105964,105965,6,4,12,0,2016,7,16,3,3,5,3,0,0,1,1,0,0,0,0,4.7682E+20,5.55212E+21,8.67575E+15,5.01209E+16
105965,105966,6,6,11,0,2016,7,10,2,3,5,7,0,0,0,1,0,0,0,1,5.30878E+20,5.68467E+21,9.44303E+15,5.13125E+16
105966,105967,6,6,11,0,2016,7,23,4,3,8,1,2,1,0,1,0,0,0,0,5.37679E+20,5.68807E+21,9.54097E+15,5.13426E+16
105967,105968,6,5,32,21,2016,7,23,7,3,1,7,2,0,0,1,0,1,0,0,4.58308E+20,5.59678E+21,8.41187E+15,5.05215E+16
105968,105969,6,4,31,2,2016,7,7,5,3,5,3,0,0,1,1,0,0,0,0,4.72434E+20,5.50339E+21,8.61787E+15,4.96824E+16
105969,105970,6,4,31,20,2016,7,8,3,3,2,6,0,0,0,1,0,1,0,0,4.70835E+20,5.48679E+21,8.59694E+15,4.9533E+16