FID,OBJECTID,ULAND,UREGBEZ,UKREIS,UGEMEINDE,UJAHR,UMONAT,USTUNDE,UWOCHENTAG,UKATEGORIE,UART,UTYP1,ULICHTVERH,IstStrasse,IstRad,IstPKW,IstFuss,IstKrad,IstGkfz,IstSonstig,LINREFX,LINREFY,XGCSWGS84,YGCSWGS84
105970,105971,6,4,35,1,2016,7,11,4,3,6,7,0,0,0,1,1,0,0,0,5.24915E+20,5.56364E+21,9.34928E+15,5.02244E+16
105971,105972,6,4,31,13,2016,7,14,6,3,3,6,0,0,1,1,0,0,0,0,4.6153E+20,5.49364E+21,8.46768E+15,4.95942E+16
105972,105973,6,4,12,0,2016,7,20,5,3,4,2,0,0,0,1,0,0,0,0,4.76516E+20,5.55283E+21,8.67145E+15,5.01272E+16
105973,105974,6,4,11,0,2016,7,17,2,3,2,6,0,0,0,1,0,0,0,0,4.76168E+20,5.52223E+21,8.66847E+15,4.9852E+16
105974,105975,6,6,35,2,2016,7,21,1,2,0,7,1,0,1,0,0,0,0,1,4.99042E+20,5.69059E+21,8.98624E+15,5.13666E+16
105975,105976,6,4,12,0,2016,7,12,3,3,6,4,0,0,1,0,1,0,0,0,4.77075E+20,5.55136E+21,8.67936E+15,5.01141E+16
105976,105977,6,6,32,20,2016,7,12,2,3,5,3,0,0,0,1,0,0,0,0,5.72525E+20,5.64452E+21,1.00324E+16,5.09477E+16
105977,105978,6,4,12,0,2016,7,11,1,3,5,3,0,0,1,1,0,0,0,0,4.7766E+20,5.55253E+21,8.68747E+15,5.01246E+16
105978,105979,6,4,33,10,2016,7,17,4,3,4,2,0,0,0,1,0,0,0,0,4.61024E+20,5.54049E+21,8.45597E+15,5.00155E+16
105979,105980,6,4,33,12,2016,7,19,7,3,8,1,0,1,0,1,0,0,0,0,4.5935E+20,5.53886E+21,8.43278E+15,5.00007E+16
105980,105981,6,4,32,8,2016,7,16,4,3,5,3,0,0,1,1,0,0,0,0,4.69785E+20,5.52339E+21,8.5796E+15,4.98622E+16
105981,105982,6,4,31,20,2016,7,7,1,3,5,3,2,0,1,1,0,0,0,0,4.61374E+20,5.49399E+21,8.46548E+15,4.95973E+16
105982,105983,6,6,11,0,2016,7,13,7,3,5,3,0,0,0,1,0,1,0,0,5.37571E+20,5.68392E+21,9.53897E+15,5.13054E+16
105983,105984,6,4,12,0,2016,7,17,4,3,3,6,0,0,1,1,0,0,0,0,4.76017E+20,5.55232E+21,8.6645E+15,5.01226E+16
105984,105985,6,5,32,21,2016,7,19,7,3,2,6,0,0,0,0,0,1,0,0,4.58342E+20,5.59867E+21,8.41213E+15,5.05385E+16
105985,105986,6,4,38,6,2016,7,21,4,3,0,7,1,0,0,1,0,0,0,0,4.76929E+20,5.53675E+21,8.6782E+15,4.99826E+16
105986,105987,6,4,34,1,2016,7,1,7,3,4,6,2,1,0,1,0,0,0,0,4.72496E+20,5.5655E+21,8.6143E+15,5.02411E+16
105987,105988,6,5,32,23,2016,7,9,3,3,2,6,0,0,0,1,0,0,0,0,4.64529E+20,5.60015E+21,8.4993E+15,5.05522E+16
105988,105989,6,4,40,8,2016,7,12,4,3,5,3,0,1,0,1,0,0,0,0,4.82685E+20,5.57685E+21,8.75665E+15,5.03435E+16
105989,105990,6,4,36,3,2016,7,9,7,3,8,7,0,0,0,1,0,0,0,0,4.68136E+20,5.55697E+21,8.55387E+15,5.01641E+16
105990,105991,6,4,33,5,2016,7,13,6,3,1,5,0,0,1,1,0,0,0,0,4.51036E+20,5.53834E+21,8.31685E+15,4.99954E+16
105991,105992,6,4,34,1,2016,7,7,5,3,5,3,0,1,0,1,0,0,0,0,4.72192E+20,5.56466E+21,8.61009E+15,5.02335E+16
105992,105993,6,6,36,16,2016,7,13,3,3,2,2,0,0,0,1,0,0,0,0,5.60037E+20,5.68807E+21,9.86194E+15,5.13408E+16
105993,105994,6,4,39,8,2016,7,12,2,2,4,2,0,0,0,1,0,1,0,0,4.46577E+20,5.56265E+21,8.25124E+15,5.02137E+16
105994,105995,6,4,14,0,2016,7,15,7,3,3,2,0,0,0,1,0,0,0,1,4.45826E+20,5.54705E+21,8.24294E+15,5.00732E+16
105995,105996,6,6,11,0,2016,7,8,3,3,5,3,0,0,0,1,0,0,0,0,5.33176E+20,5.68603E+21,9.47613E+15,5.13246E+16
105996,105997,6,4,12,0,2016,7,20,6,3,2,1,0,1,0,1,0,0,0,0,4.67181E+20,5.55002E+21,8.5411E+15,5.01015E+16
105997,105998,6,6,31,15,2016,7,16,1,2,0,7,0,0,0,1,0,0,0,0,5.55225E+20,5.61215E+21,9.78131E+15,5.06586E+16
105998,105999,6,4,31,20,2016,7,17,4,2,8,1,0,0,0,1,0,0,0,0,4.67674E+20,5.48739E+21,8.55321E+15,4.95383E+16
105999,106000,6,6,35,3,2016,7,1,3,3,0,1,2,0,0,1,0,0,0,0,5.08699E+20,5.66292E+21,9.12428E+15,5.11177E+16
106000,106001,6,4,40,4,2016,7,16,2,3,5,3,0,0,0,1,0,0,0,0,5.07859E+20,5.56878E+21,9.11028E+15,5.02711E+16
106001,106002,6,4,40,4,2016,7,10,5,3,0,1,0,1,0,0,0,1,0,0,5.07948E+20,5.57123E+21,9.11158E+15,5.02931E+16
106002,106003,6,4,35,7,2016,7,17,5,3,0,2,0,0,1,1,0,0,0,0,4.98556E+20,5.55673E+21,8.97978E+15,5.01628E+16
106003,106004,6,6,34,14,2016,7,12,3,3,5,3,0,0,0,1,0,1,0,0,5.38534E+20,5.6644E+21,9.5507E+15,5.11298E+16
106004,106005,6,4,38,5,2016,7,13,7,3,5,2,0,0,1,1,0,0,0,0,4.85688E+20,5.54517E+21,8.80005E+15,5.00586E+16
106005,106006,6,4,32,18,2016,7,16,2,3,1,5,0,0,0,1,0,0,0,1,4.72289E+20,5.51811E+21,8.61481E+15,4.98148E+16
106006,106007,6,4,33,12,2016,7,7,5,3,1,5,0,0,1,1,0,0,0,0,4.59235E+20,5.53777E+21,8.4313E+15,4.99908E+16
106007,106008,6,4,12,0,2016,7,15,3,3,3,6,0,0,0,1,0,0,0,0,4.73909E+20,5.55606E+21,8.63475E+15,5.01562E+16
106008,106009,6,4,11,0,2016,7,6,6,2,8,1,1,0,0,1,0,0,0,0,4.75893E+20,5.52509E+21,8.66448E+15,4.98777E+16
106009,106010,6,6,11,0,2016,7,11,2,3,2,6,0,0,0,1,0,0,0,0,5.35444E+20,5.68591E+21,9.50866E+15,5.13234E+16
106010,106011,6,4,34,1,2016,7,12,2,3,3,6,0,0,1,1,0,0,0,0,4.72469E+20,5.56338E+21,8.61407E+15,5.02219E+16
106011,106012,6,4,35,19,2016,7,15,3,3,6,7,0,0,0,1,1,0,0,0,4.90525E+20,5.55322E+21,8.86743E+15,5.01311E+16
106012,106013,6,4,32,8,2016,7,16,2,3,6,4,0,0,0,0,1,0,0,1,4.68614E+20,5.52263E+21,8.56337E+15,4.98553E+16
106013,106014,6,4,35,17,2016,7,17,5,3,2,6,0,0,0,1,0,0,0,1,5.02587E+20,5.55769E+21,9.03622E+15,5.01714E+16
106014,106015,6,5,31,5,2016,7,22,6,3,1,5,2,0,0,1,0,0,0,0,4.78291E+20,5.60446E+21,8.69331E+15,5.05916E+16
106015,106016,6,5,34,14,2016,7,13,5,3,1,2,0,0,0,1,0,1,0,0,4.8248E+20,5.62663E+21,8.75143E+15,5.07912E+16
106016,106017,6,4,32,5,2016,7,18,3,2,4,2,0,0,1,1,0,0,0,0,4.88724E+20,5.53277E+21,8.84284E+15,4.99472E+16
106017,106018,6,6,32,9,2016,7,0,6,3,5,3,2,0,0,1,0,0,0,0,5.71073E+20,5.6375E+21,1.00104E+16,5.08848E+16
106018,106019,6,5,31,11,2016,7,20,5,3,5,3,0,0,1,1,0,0,0,0,4.87709E+20,5.59552E+21,8.82665E+15,5.05115E+16
106019,106020,6,4,38,9,2016,7,18,3,3,5,3,0,0,0,1,0,0,0,0,4.76903E+20,5.54439E+21,8.67737E+15,5.00513E+16
106020,106021,6,4,33,10,2016,7,23,6,3,2,2,2,1,0,1,0,0,0,0,4.59914E+20,5.53977E+21,8.44056E+15,5.00089E+16
106021,106022,6,4,13,0,2016,7,8,2,3,0,7,0,0,1,0,0,0,0,1,4.84391E+20,5.55149E+21,8.78168E+15,5.01155E+16
106022,106023,6,4,31,20,2016,7,12,2,3,0,1,0,0,1,0,0,0,0,0,4.69036E+20,5.48676E+21,8.57208E+15,4.95327E+16
106023,106024,6,4,34,2,2016,7,7,3,3,5,3,0,0,0,1,0,0,0,0,4.76635E+20,5.5669E+21,8.67226E+15,5.02538E+16
106024,106025,6,4,40,2,2016,7,23,2,3,9,1,2,0,0,0,0,1,0,0,4.81647E+20,5.57792E+21,8.74201E+15,5.03531E+16
106025,106026,6,4,14,0,2016,7,12,7,3,3,6,0,0,0,1,0,0,0,1,4.45403E+20,5.54737E+21,8.23698E+15,5.00761E+16
106026,106027,6,4,14,0,2016,7,13,4,3,2,6,0,0,0,1,0,1,0,0,4.45379E+20,5.54903E+21,8.2364E+15,5.00911E+16
106027,106028,6,5,35,7,2016,7,21,6,3,8,1,1,0,0,0,0,1,0,0,5.22945E+20,5.59659E+21,9.32368E+15,5.05208E+16
106028,106029,6,5,31,5,2016,7,18,4,3,5,2,0,0,0,1,0,0,0,0,4.76753E+20,5.60335E+21,8.67165E+15,5.05816E+16
106029,106030,6,4,33,11,2016,7,14,3,3,5,3,0,0,1,1,0,0,0,0,4.64145E+20,5.52065E+21,8.50138E+15,4.98372E+16
106030,106031,6,4,33,12,2016,7,15,4,3,5,3,0,0,1,1,0,0,0,0,4.57725E+20,5.53822E+21,8.41018E+15,4.99948E+16
106031,106032,6,4,35,2,2016,7,13,7,3,6,4,0,0,0,0,1,0,0,1,5.26096E+20,5.56916E+21,9.36622E+15,5.0274E+16
106032,106033,6,6,35,15,2016,7,11,5,3,2,6,0,0,0,1,0,1,0,0,4.93561E+20,5.67886E+21,8.90772E+15,5.1261E+16
106033,106034,6,4,35,28,2016,7,14,5,2,6,4,0,1,0,1,1,0,0,0,5.35906E+20,5.57326E+21,9.50426E+15,5.03103E+16
106034,106035,6,4,14,0,2016,7,9,5,2,3,2,0,0,0,1,0,1,0,0,4.50802E+20,5.54927E+21,8.31217E+15,5.00936E+16
106035,106036,6,4,12,0,2016,7,11,5,3,0,7,0,1,0,1,0,0,0,0,4.69585E+20,5.54714E+21,8.57493E+15,5.00757E+16
106036,106037,6,4,12,0,2016,7,20,2,3,1,5,0,0,1,1,0,0,0,0,4.76305E+20,5.5541E+21,8.66841E+15,5.01387E+16
106037,106038,6,6,31,9,2016,7,13,2,3,5,3,0,0,0,1,0,1,0,0,5.48554E+20,5.60035E+21,9.6854E+15,5.05531E+16
106038,106039,6,4,35,10,2016,7,22,3,3,5,3,2,1,1,1,0,0,0,0,5.12822E+20,5.56135E+21,9.17968E+15,5.02042E+16
106039,106040,6,4,31,2,2016,7,8,2,3,5,3,0,0,1,1,0,0,0,0,4.72903E+20,5.50472E+21,8.62429E+15,4.96944E+16
106040,106041,6,4,13,0,2016,7,10,7,3,5,3,0,0,0,1,0,0,0,0,4.82481E+20,5.54995E+21,8.75504E+15,5.01016E+16
106041,106042,6,4,38,2,2016,7,19,4,3,5,2,0,0,1,1,0,0,0,0,4.78184E+20,5.54134E+21,8.69544E+15,5.0024E+16
106042,106043,6,5,32,11,2016,7,15,4,3,5,7,0,0,0,1,0,1,0,0,4.43854E+20,5.62159E+21,8.20422E+15,5.07434E+16
106043,106044,6,4,32,16,2016,7,9,7,3,0,1,0,1,1,0,0,0,0,0,4.81967E+20,5.51991E+21,8.74926E+15,4.98314E+16
106044,106045,6,4,33,12,2016,7,16,4,3,5,3,0,0,1,1,0,0,0,0,4.59E+20,5.53703E+21,8.4281E+15,4.99842E+16
106045,106046,6,4,38,13,2016,7,20,7,3,6,4,0,0,1,0,1,0,0,0,4.98299E+20,5.54343E+21,8.97624E+15,5.00432E+16
106046,106047,6,4,13,0,2016,7,15,5,3,5,3,0,0,1,0,0,0,0,0,4.82731E+20,5.54955E+21,8.75854E+15,5.00979E+16
106047,106048,6,4,40,5,2016,7,13,3,3,5,3,0,0,0,1,0,0,0,0,4.77696E+20,5.58675E+21,8.68595E+15,5.04324E+16
106048,106049,6,4,40,9,2016,7,12,3,2,8,1,0,0,0,0,0,1,0,0,5.13837E+20,5.58618E+21,9.1948E+15,5.04275E+16
106049,106050,6,4,33,5,2016,7,13,2,3,4,6,0,0,0,1,0,0,0,1,4.52178E+20,5.53769E+21,8.33286E+15,4.99896E+16
106050,106051,6,5,32,6,2016,7,17,3,3,5,3,0,0,1,1,0,0,0,0,4.49815E+20,5.62041E+21,8.28887E+15,5.07333E+16
106051,106052,6,4,33,6,2016,7,14,2,3,5,3,0,0,1,1,0,0,0,0,4.63632E+20,5.52919E+21,8.49344E+15,4.99139E+16
106052,106053,6,4,12,0,2016,7,17,7,3,1,7,0,0,0,1,1,1,0,0,4.74794E+20,5.55224E+21,8.6474E+15,5.01219E+16
106053,106054,6,4,35,21,2016,7,19,3,2,8,1,0,0,0,1,0,1,0,0,4.92991E+20,5.56715E+21,8.90168E+15,5.02564E+16
106054,106055,6,5,31,5,2016,7,3,7,3,5,3,2,1,0,1,0,0,0,0,4.76744E+20,5.60255E+21,8.67157E+15,5.05744E+16
106055,106056,6,4,33,12,2016,7,11,4,3,8,1,0,1,0,0,0,1,0,0,4.5789E+20,5.53762E+21,8.41254E+15,4.99894E+16
106056,106057,6,4,32,4,2016,7,18,3,3,5,3,0,0,0,1,0,1,0,0,4.87452E+20,5.52734E+21,8.82528E+15,4.98983E+16
106057,106058,6,4,33,4,2016,7,16,2,3,2,2,0,0,0,1,0,1,0,0,4.63269E+20,5.51042E+21,8.49016E+15,4.97452E+16
106058,106059,6,4,14,0,2016,7,18,4,3,5,3,0,0,1,1,0,0,0,0,4.45829E+20,5.5452E+21,8.24324E+15,5.00566E+16
106059,106060,6,4,11,0,2016,7,15,3,3,5,3,0,0,1,1,0,0,0,0,4.73274E+20,5.52591E+21,8.62797E+15,4.9885E+16
106060,106061,6,4,40,3,2016,7,17,6,3,0,7,0,0,1,1,0,0,0,0,4.81108E+20,5.5585E+21,8.73542E+15,5.01784E+16
106061,106062,6,4,14,0,2016,7,11,2,3,5,3,0,0,0,1,0,0,0,0,4.48586E+20,5.5478E+21,8.2814E+15,5.00803E+16
106062,106063,6,4,31,11,2016,7,18,2,2,0,1,0,0,1,0,0,0,0,0,4.72467E+20,5.49824E+21,8.61869E+15,4.96361E+16
106063,106064,6,4,13,0,2016,7,22,3,3,3,6,2,0,0,1,0,0,0,0,4.82857E+20,5.55051E+21,8.76027E+15,5.01066E+16
106064,106065,6,4,12,0,2016,7,18,6,3,5,2,0,1,1,1,0,0,0,0,4.78428E+20,5.55479E+21,8.69809E+15,5.01449E+16
106065,106066,6,4,12,0,2016,7,7,4,3,2,2,0,0,0,1,0,0,0,0,4.82601E+20,5.55559E+21,8.75645E+15,5.01522E+16
106066,106067,6,6,34,1,2016,7,9,2,3,0,7,0,0,1,0,0,0,0,0,5.19045E+20,5.65546E+21,9.27171E+15,5.10504E+16
106067,106068,6,6,33,13,2016,7,14,2,2,0,1,0,0,0,0,0,1,0,0,5.26988E+20,5.70491E+21,9.38877E+15,5.14946E+16
106068,106069,6,4,32,10,2016,7,15,3,3,1,5,0,0,0,1,0,1,0,0,4.94023E+20,5.52388E+21,8.91683E+15,4.98673E+16
106069,106070,6,6,31,7,2016,7,10,2,3,5,3,0,0,0,1,0,1,0,0,5.56263E+20,5.62373E+21,9.79776E+15,5.07626E+16
106070,106071,6,4,11,0,2016,7,15,5,3,1,5,0,0,1,1,0,0,0,0,4.74404E+20,5.51876E+21,8.64417E+15,4.98208E+16
106071,106072,6,4,14,0,2016,7,9,6,3,6,4,0,0,0,1,1,0,0,0,4.46307E+20,5.54789E+21,8.24953E+15,5.00808E+16
106072,106073,6,4,14,0,2016,7,16,4,2,0,2,0,0,1,0,0,0,0,0,4.42622E+20,5.54667E+21,8.19822E+15,5.00695E+16
106073,106074,6,4,34,11,2016,7,9,3,3,6,4,0,0,0,1,1,0,0,0,4.66576E+20,5.57581E+21,8.53037E+15,5.03334E+16
106074,106075,6,4,12,0,2016,7,7,5,3,6,4,0,0,0,1,1,0,0,0,4.67292E+20,5.55006E+21,8.54264E+15,5.01019E+16
106075,106076,6,4,12,0,2016,7,8,6,3,2,6,0,0,1,0,0,0,0,0,4.77658E+20,5.55205E+21,8.68748E+15,5.01203E+16
106076,106077,6,4,13,0,2016,7,11,2,3,0,4,0,0,0,0,1,0,0,1,4.83165E+20,5.55029E+21,8.76459E+15,5.01046E+16
106077,106078,6,4,36,4,2016,7,7,5,3,5,3,0,0,0,1,0,0,1,0,4.59606E+20,5.54387E+21,8.43582E+15,5.00458E+16
106078,106079,6,4,33,5,2016,7,8,2,3,2,6,0,0,1,0,0,0,0,0,4.5256E+20,5.53511E+21,8.33851E+15,4.99665E+16
106079,106080,6,4,40,2,2016,7,13,3,3,2,6,0,0,0,1,0,0,0,0,4.8197E+20,5.57961E+21,8.74648E+15,5.03683E+16
106080,106081,6,5,31,5,2016,7,19,2,3,9,1,0,0,1,0,0,0,0,0,4.75703E+20,5.60245E+21,8.65687E+15,5.05734E+16
106081,106082,6,4,12,0,2016,7,19,7,3,0,7,0,0,0,0,0,0,0,1,4.74591E+20,5.55038E+21,8.64468E+15,5.01051E+16
106082,106083,6,4,12,0,2016,7,12,4,3,2,6,0,0,0,1,0,0,0,0,4.78261E+20,5.55292E+21,8.69586E+15,5.01281E+16
106083,106084,6,4,13,0,2016,7,14,6,3,5,2,0,0,0,1,0,0,0,1,4.83081E+20,5.5498E+21,8.76343E+15,5.01002E+16
106084,106085,6,4,38,9,2016,7,7,4,2,6,4,0,0,1,0,1,0,0,0,4.78588E+20,5.5437E+21,8.70095E+15,5.00452E+16
106085,106086,6,5,35,13,2016,7,19,3,3,5,3,0,0,0,1,0,0,0,0,5.02241E+20,5.61057E+21,9.03169E+15,5.0647E+16
106086,106087,6,5,31,5,2016,7,16,2,3,5,3,0,0,1,1,0,0,0,0,4.78841E+20,5.60313E+21,8.70116E+15,5.05797E+16
106087,106088,6,4,38,9,2016,7,0,5,3,0,4,2,1,0,1,1,1,0,0,4.7638E+20,5.54453E+21,8.67006E+15,5.00526E+16
106088,106089,6,4,13,0,2016,7,11,6,3,5,2,0,0,1,1,0,0,0,0,4.83091E+20,5.55043E+21,8.76354E+15,5.01059E+16
106089,106090,6,4,14,0,2016,7,10,4,3,0,7,0,0,0,0,0,0,0,1,4.47482E+20,5.54918E+21,8.26578E+15,5.00925E+16
106090,106091,6,4,31,13,2016,7,10,3,3,5,3,0,0,1,1,0,0,0,0,4.62559E+20,5.49364E+21,8.48191E+15,4.95942E+16
106091,106092,6,4,12,0,2016,7,13,5,3,5,3,0,0,1,0,0,1,0,0,4.74481E+20,5.55169E+21,8.64305E+15,5.01169E+16
106092,106093,6,4,12,0,2016,7,16,5,3,2,6,0,0,0,1,0,0,1,0,4.77961E+20,5.54788E+21,8.69195E+15,5.00827E+16
106093,106094,6,4,12,0,2016,7,19,2,3,1,5,0,0,1,0,0,0,0,1,4.76663E+20,5.55137E+21,8.6736E+15,5.01141E+16
106094,106095,6,6,35,3,2016,7,0,1,3,5,3,2,0,0,1,0,0,0,0,5.07732E+20,5.66201E+21,9.11046E+15,5.11095E+16
106095,106096,6,4,33,8,2016,7,9,3,3,5,3,0,0,1,0,0,0,0,0,4.69774E+20,5.53903E+21,8.57822E+15,5.00028E+16
106096,106097,6,4,36,8,2016,7,17,2,3,3,6,0,0,0,1,0,1,0,0,4.6083E+20,5.55366E+21,8.45193E+15,5.01339E+16
106097,106098,6,4,11,0,2016,7,20,7,3,4,2,0,0,0,1,0,0,0,0,4.73757E+20,5.52478E+21,8.63477E+15,4.98749E+16
106098,106099,6,4,31,20,2016,7,17,4,3,1,5,0,0,0,1,0,1,0,0,4.69858E+20,5.48797E+21,8.58335E+15,4.95436E+16
106099,106100,6,4,31,3,2016,7,14,7,3,5,3,0,0,0,1,0,0,0,0,4.60475E+20,5.50407E+21,8.45203E+15,4.96879E+16
106100,106101,6,4,12,0,2016,7,21,4,3,5,3,0,0,1,0,0,1,0,0,4.7757E+20,5.55202E+21,8.68625E+15,5.012E+16
106101,106102,6,4,35,19,2016,7,16,7,3,5,3,0,0,1,0,0,0,0,0,4.88964E+20,5.5535E+21,8.84558E+15,5.01336E+16
106102,106103,6,4,12,0,2016,7,19,5,3,4,2,0,0,1,1,0,0,0,0,4.76135E+20,5.5519E+21,8.66617E+15,5.01189E+16
106103,106104,6,4,33,13,2016,7,18,3,3,6,4,0,0,0,1,1,0,0,0,4.61651E+20,5.51759E+21,8.46701E+15,4.98095E+16
106104,106105,6,4,34,1,2016,7,15,7,2,0,3,0,0,0,1,0,1,0,0,4.73472E+20,5.5633E+21,8.62813E+15,5.02213E+16
106105,106106,6,4,12,0,2016,7,16,3,3,1,5,0,0,0,1,0,0,0,0,4.82719E+20,5.55632E+21,8.75807E+15,5.01588E+16
106106,106107,6,6,35,19,2016,7,17,3,3,4,1,0,1,0,1,0,0,0,0,4.94376E+20,5.67471E+21,8.91947E+15,5.12237E+16
106107,106108,6,4,31,20,2016,7,19,7,3,3,6,0,0,1,1,0,0,0,0,4.71052E+20,5.48849E+21,8.59981E+15,4.95484E+16
106108,106109,6,4,37,7,2016,7,10,5,2,6,4,0,0,1,0,1,0,0,0,4.90499E+20,5.51E+21,8.86814E+15,4.97424E+16
106109,106110,6,4,38,10,2016,7,9,5,3,0,2,0,1,1,0,0,0,0,1,4.89089E+20,5.54632E+21,8.84754E+15,5.00691E+16
106110,106111,6,6,31,10,2016,7,17,3,3,5,3,0,0,0,1,0,1,0,0,5.65527E+20,5.58933E+21,9.92302E+15,5.04523E+16
106111,106112,6,4,12,0,2016,7,11,2,3,3,6,0,0,0,1,0,0,1,0,4.71448E+20,5.54391E+21,8.60122E+15,5.00468E+16
106112,106113,6,6,34,22,2016,7,15,7,3,2,2,0,0,0,1,0,1,0,0,5.13297E+20,5.63993E+21,9.18914E+15,5.09109E+16
106113,106114,6,5,33,5,2016,7,14,3,3,5,3,0,0,1,1,0,0,0,0,4.33255E+20,5.59611E+21,8.05861E+15,5.05131E+16
106114,106115,6,4,14,0,2016,7,22,6,3,6,4,2,1,0,1,1,0,0,0,4.45785E+20,5.54862E+21,8.24213E+15,5.00873E+16
106115,106116,6,6,32,15,2016,7,16,3,3,0,7,0,0,1,0,0,0,0,0,5.4315E+20,5.62797E+21,9.61233E+15,5.08019E+16
106116,106117,6,5,32,1,2016,7,20,3,3,5,3,0,0,1,1,0,0,0,0,4.61986E+20,5.60412E+21,8.463E+15,5.05878E+16
106117,106118,6,4,12,0,2016,7,0,2,3,1,5,2,0,1,1,0,0,0,0,4.78225E+20,5.55204E+21,8.69541E+15,5.01202E+16
106118,106119,6,4,40,14,2016,7,11,5,3,8,1,0,1,0,1,0,0,0,0,4.992E+20,5.56741E+21,8.98877E+15,5.02588E+16
106119,106120,6,4,12,0,2016,7,20,6,3,2,6,0,0,0,1,0,1,0,0,4.73631E+20,5.55966E+21,8.63061E+15,5.01886E+16
106120,106121,6,4,12,0,2016,7,21,2,3,6,7,1,0,1,0,1,0,0,0,4.77874E+20,5.55212E+21,8.69049E+15,5.01209E+16
106121,106122,6,4,13,0,2016,7,13,4,3,2,6,0,1,0,1,0,0,0,0,4.83433E+20,5.54921E+21,8.76837E+15,5.00949E+16
106122,106123,6,5,32,23,2016,7,16,3,3,5,2,0,0,1,0,0,0,0,0,4.64705E+20,5.60073E+21,8.50173E+15,5.05574E+16
106123,106124,6,6,35,15,2016,7,0,1,3,8,7,2,0,0,1,0,0,0,0,4.92098E+20,5.68012E+21,8.88672E+15,5.12724E+16
106124,106125,6,4,12,0,2016,7,17,4,3,5,3,0,0,1,0,0,0,0,0,4.71825E+20,5.55195E+21,8.60589E+15,5.01191E+16
106125,106126,6,6,34,22,2016,7,2,7,3,8,1,2,0,0,1,0,0,0,0,5.16713E+20,5.63999E+21,9.23772E+15,5.09113E+16
106126,106127,6,4,12,0,2016,7,18,3,2,6,4,0,0,0,1,1,0,0,0,4.70462E+20,5.55072E+21,8.58692E+15,5.0108E+16
106127,106128,6,4,37,1,2016,7,19,6,3,1,7,0,0,0,1,0,0,0,0,5.01354E+20,5.51183E+21,9.0188E+15,4.97589E+16
106128,106129,6,6,11,0,2016,7,15,2,3,5,2,0,0,1,1,0,0,0,0,5.34851E+20,5.68678E+21,9.50025E+15,5.13312E+16
106129,106130,6,4,38,2,2016,7,9,2,3,5,2,0,0,1,1,0,0,0,0,4.77792E+20,5.53925E+21,8.69009E+15,5.00052E+16
106130,106131,6,4,35,14,2016,7,12,3,3,4,6,0,0,0,1,0,0,0,1,4.94654E+20,5.551E+21,8.92523E+15,5.01112E+16
106131,106132,6,4,12,0,2016,7,1,1,2,4,3,2,0,1,1,0,0,0,0,4.75433E+20,5.55433E+21,8.6562E+15,5.01407E+16
106132,106133,6,5,31,15,2016,7,7,5,3,8,1,0,1,0,1,0,0,0,0,4.92314E+20,5.61148E+21,8.89127E+15,5.06551E+16
106133,106134,6,4,12,0,2016,7,13,6,3,5,2,0,0,1,0,0,0,0,1,4.77435E+20,5.54947E+21,8.68451E+15,5.0097E+16
106134,106135,6,4,12,0,2016,7,23,4,2,1,5,2,0,1,1,0,0,0,0,4.77667E+20,5.5492E+21,8.68777E+15,5.00946E+16
106135,106136,6,4,32,10,2016,7,19,3,3,0,7,0,1,0,1,0,1,0,0,4.94036E+20,5.52606E+21,8.91697E+15,4.98869E+16
106136,106137,6,6,32,18,2016,7,18,5,3,5,3,0,0,0,1,0,1,0,0,5.51762E+20,5.64901E+21,9.73752E+15,5.09903E+16
106137,106138,6,4,12,0,2016,7,12,5,2,3,6,0,1,1,0,0,0,0,1,4.71372E+20,5.55232E+21,8.59952E+15,5.01225E+16
106138,106139,6,4,12,0,2016,7,19,2,3,5,2,0,0,0,1,0,1,0,0,4.74523E+20,5.55123E+21,8.64368E+15,5.01127E+16
106139,106140,6,4,38,2,2016,7,19,3,3,1,5,0,0,0,1,0,1,0,0,4.77259E+20,5.54228E+21,8.68248E+15,5.00324E+16
106140,106141,6,4,31,3,2016,7,12,6,3,6,7,0,0,0,1,1,0,0,0,4.60393E+20,5.50415E+21,8.45089E+15,4.96886E+16
106141,106142,6,4,14,0,2016,7,18,2,3,3,2,0,0,1,0,0,0,0,1,4.45791E+20,5.54759E+21,8.24236E+15,5.00781E+16
106142,106143,6,4,40,2,2016,7,11,2,3,5,3,0,0,0,1,0,0,0,0,4.8185E+20,5.57985E+21,8.74478E+15,5.03705E+16
106143,106144,6,4,36,7,2016,7,23,3,2,1,1,2,0,0,1,0,0,0,0,4.59623E+20,5.54693E+21,8.43574E+15,5.00733E+16
106144,106145,6,4,12,0,2016,7,16,1,3,0,2,0,0,1,1,0,0,0,0,4.77674E+20,5.5506E+21,8.68778E+15,5.01073E+16
106145,106146,6,4,14,0,2016,7,14,4,3,6,7,0,0,1,0,1,0,0,0,4.43743E+20,5.54763E+21,8.21375E+15,5.00782E+16
106146,106147,6,4,12,0,2016,7,15,6,3,3,2,0,0,1,0,0,0,0,1,4.76869E+20,5.55207E+21,8.67644E+15,5.01204E+16
106147,106148,6,4,12,0,2016,7,20,4,3,1,5,0,0,0,1,0,1,0,0,4.78689E+20,5.55181E+21,8.70191E+15,5.01182E+16