FID,OBJECTID,ULAND,UREGBEZ,UKREIS,UGEMEINDE,UJAHR,UMONAT,USTUNDE,UWOCHENTAG,UKATEGORIE,UART,UTYP1,ULICHTVERH,IstStrasse,IstRad,IstPKW,IstFuss,IstKrad,IstGkfz,IstSonstig,LINREFX,LINREFY,XGCSWGS84,YGCSWGS84
106148,106149,6,4,33,12,2016,7,16,3,3,1,7,0,0,1,0,0,0,0,1,4.57988E+20,5.53791E+21,8.41389E+15,4.9992E+16
106149,106150,6,6,32,2,2016,7,9,3,2,6,7,0,0,0,1,1,0,0,0,5.51019E+20,5.63442E+21,9.72489E+15,5.08592E+16
106150,106151,6,4,38,2,2016,7,18,5,2,5,3,0,0,1,1,0,0,0,0,4.77957E+20,5.53949E+21,8.69238E+15,5.00073E+16
106151,106152,6,6,11,0,2016,7,18,5,3,2,6,0,0,0,1,0,0,0,0,5.30139E+20,5.68458E+21,9.43242E+15,5.13117E+16
106152,106153,6,4,35,10,2016,7,19,1,3,8,1,0,0,0,1,0,0,0,0,5.10401E+20,5.55958E+21,9.1457E+15,5.01883E+16
106153,106154,6,4,36,10,2016,7,15,3,2,5,2,0,0,1,1,0,0,0,0,4.63804E+20,5.55224E+21,8.49367E+15,5.01213E+16
106154,106155,6,4,12,0,2016,7,20,1,2,5,2,0,0,0,1,0,1,0,0,4.76167E+20,5.55069E+21,8.6667E+15,5.0108E+16
106155,106156,6,4,39,9,2016,7,16,7,2,5,3,0,0,1,1,0,0,0,0,4.34344E+20,5.54347E+21,8.08311E+15,5.00399E+16
106156,106157,6,4,11,0,2016,7,18,2,3,3,2,0,0,1,1,0,0,0,0,4.74441E+20,5.52295E+21,8.64441E+15,4.98584E+16
106157,106158,6,5,32,1,2016,7,8,3,3,5,3,0,0,0,1,0,0,0,0,4.62472E+20,5.60459E+21,8.46982E+15,5.0592E+16
106158,106159,6,4,12,0,2016,7,2,1,2,1,1,2,0,1,1,0,0,0,0,4.78326E+20,5.55217E+21,8.69681E+15,5.01214E+16
106159,106160,6,4,38,6,2016,7,13,7,3,0,7,0,0,0,0,0,1,0,0,4.75748E+20,5.53816E+21,8.66164E+15,4.99953E+16
106160,106161,6,6,35,6,2016,7,16,4,3,1,6,0,0,0,1,0,0,0,0,4.86547E+20,5.6547E+21,8.8081E+15,5.10437E+16
106161,106162,6,4,12,0,2016,7,23,6,3,5,3,2,0,1,0,0,0,0,0,4.78272E+20,5.55207E+21,8.69606E+15,5.01205E+16
106162,106163,6,4,38,11,2016,7,20,4,2,6,4,0,0,0,1,1,0,0,0,4.92444E+20,5.54483E+21,8.89445E+15,5.00557E+16
106163,106164,6,4,37,4,2016,7,18,7,3,3,6,0,0,1,1,0,0,0,0,5.02738E+20,5.51824E+21,9.03806E+15,4.98166E+16
106164,106165,6,4,14,0,2016,7,15,3,3,4,6,0,0,1,1,0,0,0,0,4.43412E+20,5.54607E+21,8.20934E+15,5.00642E+16
106165,106166,6,4,31,22,2016,7,17,7,3,5,3,0,0,1,1,0,0,0,0,4.7161E+20,5.50834E+21,8.60609E+15,4.97268E+16
106166,106167,6,4,40,9,2016,7,17,5,3,5,2,0,0,0,1,0,0,0,0,4.84706E+20,5.54216E+21,8.78645E+15,5.00315E+16
106167,106168,6,5,31,5,2016,7,10,2,3,3,7,0,0,1,0,0,0,1,0,4.76975E+20,5.60395E+21,8.67475E+15,5.0587E+16
106168,106169,6,4,35,25,2016,7,2,1,3,1,1,2,0,1,1,0,0,0,0,5.38335E+20,5.57766E+21,9.53883E+15,5.03498E+16
106169,106170,6,4,38,6,2016,7,15,7,3,5,3,0,0,0,1,0,0,0,0,4.76295E+20,5.53769E+21,8.6693E+15,4.99911E+16
106170,106171,6,4,14,0,2016,7,14,3,3,5,2,0,0,0,1,0,0,0,0,4.42374E+20,5.547E+21,8.1947E+15,5.00725E+16
106171,106172,6,4,12,0,2016,7,13,6,3,5,3,0,0,1,1,0,0,0,0,4.70911E+20,5.54943E+21,8.59329E+15,5.00964E+16
106172,106173,6,4,14,0,2016,7,11,3,3,5,3,0,0,0,1,0,1,0,0,4.45937E+20,5.54846E+21,8.24429E+15,5.0086E+16
106173,106174,6,6,35,15,2016,7,20,2,3,7,5,0,0,1,0,0,0,0,0,4.83988E+20,5.67613E+21,8.77064E+15,5.12363E+16
106174,106175,6,4,33,11,2016,7,16,4,2,2,2,0,0,0,1,0,0,0,0,4.63842E+20,5.52012E+21,8.49721E+15,4.98324E+16
106175,106176,6,5,32,21,2016,7,14,7,3,5,6,0,0,0,1,0,0,0,1,4.57342E+20,5.59898E+21,8.39799E+15,5.05412E+16
106176,106177,6,4,12,0,2016,7,16,3,2,8,1,0,0,0,1,0,1,0,0,4.73979E+20,5.55618E+21,8.63573E+15,5.01572E+16
106177,106178,6,4,11,0,2016,7,16,5,3,2,6,0,0,0,1,0,0,0,0,4.74056E+20,5.51667E+21,8.63948E+15,4.9802E+16
106178,106179,6,5,33,7,2016,7,0,2,3,5,3,0,0,1,1,0,0,0,0,4.316E+20,5.58794E+21,8.03676E+15,5.04395E+16
106179,106180,6,4,38,5,2016,7,12,1,3,5,3,0,0,0,1,0,1,0,0,4.90537E+20,5.54341E+21,8.86785E+15,5.00429E+16
106180,106181,6,4,34,1,2016,7,14,7,3,2,6,0,0,0,1,0,0,0,1,4.71935E+20,5.56382E+21,8.60655E+15,5.02259E+16
106181,106182,6,4,34,8,2016,7,8,1,3,2,6,0,0,0,1,0,0,1,0,4.70877E+20,5.56032E+21,8.59199E+15,5.01943E+16
106182,106183,6,4,12,0,2016,7,21,4,2,5,3,1,0,1,0,0,0,0,0,4.76485E+20,5.55081E+21,8.67114E+15,5.01091E+16
106183,106184,6,4,37,12,2016,7,7,3,2,0,1,0,0,0,0,0,1,0,0,4.9323E+20,5.49601E+21,8.90628E+15,4.96166E+16
106184,106185,6,4,12,0,2016,7,22,3,2,5,3,2,0,1,1,0,0,0,0,4.75867E+20,5.55328E+21,8.66234E+15,5.01313E+16
106185,106186,6,4,34,8,2016,7,15,6,3,2,6,0,0,0,1,0,1,0,0,4.68916E+20,5.56237E+21,8.56434E+15,5.02127E+16
106186,106187,6,4,14,0,2016,7,7,2,2,5,3,0,0,0,1,0,1,0,0,4.47728E+20,5.54149E+21,8.27027E+15,5.00235E+16
106187,106188,6,5,33,10,2016,7,8,2,3,5,3,0,0,0,1,0,0,0,1,4.4849E+20,5.5963E+21,8.27344E+15,5.05164E+16
106188,106189,6,5,33,9,2016,7,18,2,3,0,7,0,0,0,1,0,1,0,0,4.33346E+20,5.58246E+21,8.06233E+15,5.03904E+16
106189,106190,6,4,40,9,2016,7,10,1,3,5,3,0,0,0,1,0,0,0,0,5.16482E+20,5.58512E+21,9.23199E+15,5.04179E+16
106190,106191,6,4,12,0,2016,7,13,5,3,5,3,0,0,0,1,0,0,0,0,4.77032E+20,5.55226E+21,8.6787E+15,5.01222E+16
106191,106192,6,4,11,0,2016,7,16,6,3,5,3,0,0,0,1,0,0,0,0,4.73578E+20,5.52353E+21,8.63236E+15,4.98636E+16
106192,106193,6,5,33,9,2016,7,7,2,3,5,3,0,0,0,1,0,0,0,0,4.35588E+20,5.58381E+21,8.09363E+15,5.04028E+16
106193,106194,6,4,11,0,2016,7,21,1,3,0,1,0,0,1,0,0,0,0,0,4.74748E+20,5.51821E+21,8.64899E+15,4.98158E+16
106194,106195,6,4,38,12,2016,7,16,5,3,5,2,0,0,1,0,0,0,0,0,4.85966E+20,5.53771E+21,8.80421E+15,4.99915E+16
106195,106196,6,6,11,0,2016,7,10,6,3,1,1,0,1,1,1,0,0,0,0,5.31595E+20,5.68534E+21,9.45337E+15,5.13185E+16
106196,106197,6,6,33,28,2016,7,22,4,3,6,4,2,0,0,1,1,0,0,0,5.11733E+20,5.686E+21,9.16839E+15,5.13252E+16
106197,106198,6,4,38,10,2016,7,7,3,3,2,6,0,0,0,1,0,0,1,0,4.88602E+20,5.54598E+21,8.84074E+15,5.0066E+16
106198,106199,6,4,35,14,2016,7,14,6,3,6,7,0,0,1,0,1,0,0,0,4.94403E+20,5.554E+21,8.92167E+15,5.01382E+16
106199,106200,6,4,13,0,2016,7,17,2,3,5,2,0,0,1,1,0,0,0,0,4.86186E+20,5.54851E+21,8.80689E+15,5.00887E+16
106200,106201,6,4,34,2,2016,7,11,5,2,5,3,0,1,0,1,0,0,0,0,4.74367E+20,5.56699E+21,8.64044E+15,5.02545E+16
106201,106202,6,4,31,2,2016,7,17,2,3,1,6,0,0,1,1,0,0,0,0,4.72263E+20,5.50286E+21,8.61553E+15,4.96776E+16
106202,106203,6,4,14,0,2016,7,11,2,3,6,7,0,0,0,1,1,0,0,0,4.45329E+20,5.5479E+21,8.23587E+15,5.00808E+16
106203,106204,6,5,34,21,2016,7,16,1,3,0,7,0,0,0,0,0,1,0,0,4.75615E+20,5.64058E+21,8.6531E+15,5.09164E+16
106204,106205,6,4,35,19,2016,7,10,7,3,5,3,0,0,1,1,0,0,0,0,4.86222E+20,5.55486E+21,8.80717E+15,5.01458E+16
106205,106206,6,4,12,0,2016,7,16,4,3,0,1,0,0,1,0,0,0,0,0,4.71297E+20,5.54913E+21,8.59871E+15,5.00938E+16
106206,106207,6,4,33,6,2016,7,8,3,3,5,3,0,0,1,1,0,0,0,0,4.62827E+20,5.53018E+21,8.48213E+15,4.99228E+16
106207,106208,6,6,34,4,2016,7,18,3,3,5,2,0,0,0,1,0,0,0,0,5.2383E+20,5.6475E+21,9.33945E+15,5.09786E+16
106208,106209,6,6,35,2,2016,7,1,1,3,8,7,2,0,0,1,1,0,0,0,5.00919E+20,5.69215E+21,9.01321E+15,5.13806E+16
106209,106210,6,4,40,2,2016,7,9,3,3,0,1,0,0,0,1,0,0,0,0,4.81975E+20,5.57988E+21,8.74653E+15,5.03707E+16
106210,106211,6,5,31,5,2016,8,9,3,3,5,2,0,1,0,1,0,1,0,0,4.76414E+20,5.60344E+21,8.66685E+15,5.05824E+16
106211,106212,6,4,38,6,2016,8,16,6,3,5,3,0,0,1,1,0,0,0,0,4.77108E+20,5.53766E+21,8.68064E+15,4.99908E+16
106212,106213,6,4,12,0,2016,8,21,3,3,5,2,2,1,0,1,0,0,0,0,4.77751E+20,5.55186E+21,8.68878E+15,5.01186E+16
106213,106214,6,4,12,0,2016,7,14,2,3,6,4,0,0,0,1,1,0,0,0,4.74244E+20,5.55667E+21,8.6394E+15,5.01617E+16
106214,106215,6,4,31,13,2016,8,16,5,3,1,7,0,0,0,1,0,0,0,0,4.62776E+20,5.49282E+21,8.485E+15,4.95868E+16
106215,106216,6,6,11,0,2016,7,16,6,3,6,4,0,0,0,1,1,0,0,0,5.35088E+20,5.68589E+21,9.50356E+15,5.13232E+16
106216,106217,6,4,14,0,2016,7,10,7,3,0,1,0,1,0,0,0,1,0,0,4.45951E+20,5.54889E+21,8.24442E+15,5.00898E+16
106217,106218,6,4,38,13,2016,8,8,2,2,1,5,0,0,0,1,0,1,0,0,4.97999E+20,5.54413E+21,8.97206E+15,5.00495E+16
106218,106219,6,4,40,9,2016,7,2,1,3,4,6,2,0,0,1,0,0,0,0,5.13868E+20,5.58613E+21,9.19523E+15,5.0427E+16
106219,106220,6,4,38,6,2016,8,10,3,3,6,7,0,1,0,1,0,0,0,1,4.75921E+20,5.53801E+21,8.66406E+15,4.9994E+16
106220,106221,6,5,31,8,2016,8,18,6,3,5,3,0,0,0,1,0,1,0,0,4.93815E+20,5.59125E+21,8.91284E+15,5.04732E+16
106221,106222,6,4,12,0,2016,7,14,2,3,5,3,0,0,0,1,0,0,0,0,4.79721E+20,5.54904E+21,8.71649E+15,5.00933E+16
106222,106223,6,5,31,6,2016,8,14,1,3,0,7,0,0,0,0,0,1,0,0,5.24559E+20,5.60097E+21,9.34672E+15,5.05601E+16
106223,106224,6,4,12,0,2016,8,17,4,3,2,6,0,0,0,1,0,0,0,0,4.74654E+20,5.55134E+21,8.6455E+15,5.01138E+16
106224,106225,6,4,31,2,2016,7,10,6,3,5,3,0,0,1,1,0,0,0,0,4.71862E+20,5.50456E+21,8.60986E+15,4.96929E+16
106225,106226,6,4,12,0,2016,7,17,5,3,0,7,0,0,0,1,1,0,0,0,4.70163E+20,5.54452E+21,8.58322E+15,5.00522E+16
106226,106227,6,4,32,18,2016,8,8,2,3,6,4,0,0,0,1,1,0,0,0,4.71547E+20,5.51701E+21,8.60458E+15,4.98049E+16
106227,106228,6,4,12,0,2016,7,21,7,3,6,4,0,0,1,0,1,0,0,0,4.73239E+20,5.55216E+21,8.62565E+15,5.01211E+16
106228,106229,6,4,31,16,2016,7,20,4,3,5,3,0,0,0,1,0,0,0,0,4.68094E+20,5.50016E+21,8.55797E+15,4.96532E+16
106229,106230,6,4,38,13,2016,8,18,5,2,5,3,0,1,1,1,0,0,0,0,4.97892E+20,5.54312E+21,8.97056E+15,5.00404E+16
106230,106231,6,5,32,6,2016,7,19,1,2,0,7,0,0,1,0,0,0,0,0,4.49513E+20,5.62108E+21,8.2845E+15,5.07393E+16
106231,106232,6,4,34,8,2016,8,20,7,3,0,7,1,0,0,0,0,1,0,0,4.69347E+20,5.56409E+21,8.57025E+15,5.02281E+16
106232,106233,6,4,38,1,2016,7,19,3,3,6,7,0,0,0,0,1,1,0,0,4.84741E+20,5.53907E+21,8.78706E+15,5.00038E+16
106233,106234,6,4,32,18,2016,8,20,4,3,5,3,0,0,0,1,0,0,0,0,4.7136E+20,5.5177E+21,8.60193E+15,4.9811E+16
106234,106235,6,4,12,0,2016,8,17,5,3,5,3,0,1,0,1,0,0,0,1,4.7208E+20,5.55255E+21,8.60941E+15,5.01245E+16
106235,106236,6,4,37,2,2016,8,19,7,2,8,1,0,0,0,0,0,1,0,0,4.98255E+20,5.48973E+21,8.97587E+15,4.95602E+16
106236,106237,6,6,35,11,2016,8,19,4,2,0,7,0,1,0,0,0,1,0,0,4.89676E+20,5.65808E+21,8.85264E+15,5.10741E+16
106237,106238,6,4,13,0,2016,7,13,2,3,0,7,0,0,1,0,0,0,0,0,4.81888E+20,5.55138E+21,8.74667E+15,5.01144E+16
106238,106239,6,4,12,0,2016,7,19,5,3,0,5,1,1,0,1,0,0,0,1,4.76643E+20,5.54992E+21,8.6734E+15,5.0101E+16
106239,106240,6,4,12,0,2016,7,13,1,3,5,3,0,0,0,1,0,0,0,1,4.75115E+20,5.5478E+21,8.65218E+15,5.00819E+16
106240,106241,6,4,35,14,2016,8,18,7,3,5,3,0,0,1,1,0,0,0,0,4.91862E+20,5.55339E+21,8.88613E+15,5.01326E+16
106241,106242,6,4,31,20,2016,7,6,7,3,8,1,0,0,0,0,0,1,0,0,4.7105E+20,5.4878E+21,8.59984E+15,4.95421E+16
106242,106243,6,5,34,11,2016,7,0,4,3,0,1,2,0,0,0,0,1,0,0,4.89893E+20,5.6298E+21,8.85652E+15,5.08199E+16
106243,106244,6,4,32,11,2016,7,15,1,3,5,3,0,0,0,1,0,0,0,0,4.87823E+20,5.52471E+21,8.83053E+15,4.98747E+16
106244,106245,6,4,40,19,2016,7,16,3,2,6,7,0,0,0,1,1,0,0,0,5.06201E+20,5.57728E+21,9.08716E+15,5.03476E+16
106245,106246,6,6,31,20,2016,7,12,5,3,1,5,0,0,0,1,0,1,0,0,5.50461E+20,5.601E+21,9.71239E+15,5.05587E+16
106246,106247,6,4,33,10,2016,8,14,3,3,5,3,0,1,0,1,0,0,0,0,4.60904E+20,5.54041E+21,8.45431E+15,5.00147E+16
106247,106248,6,4,12,0,2016,8,11,2,3,2,6,0,0,0,1,0,0,0,0,4.77641E+20,5.552E+21,8.68724E+15,5.01198E+16
106248,106249,6,4,12,0,2016,8,14,6,3,6,6,0,0,0,1,1,0,0,0,4.7991E+20,5.55487E+21,8.71882E+15,5.01457E+16
106249,106250,6,4,13,0,2016,8,20,3,3,6,4,0,1,0,1,1,0,0,0,4.83339E+20,5.55015E+21,8.76703E+15,5.01034E+16
106250,106251,6,6,11,0,2016,7,21,5,3,0,1,1,1,0,0,0,1,0,0,5.31402E+20,5.68495E+21,9.45058E+15,5.1315E+16
106251,106252,6,4,12,0,2016,8,7,2,2,1,5,0,0,1,1,0,0,0,0,4.69842E+20,5.55005E+21,8.5783E+15,5.0102E+16
106252,106253,6,4,36,1,2016,8,15,6,3,5,2,0,0,1,0,0,0,0,0,4.65213E+20,5.55396E+21,8.51321E+15,5.01369E+16
106253,106254,6,4,33,6,2016,7,14,7,3,8,1,0,0,0,1,0,0,0,0,4.62829E+20,5.53019E+21,8.48216E+15,4.99229E+16
106254,106255,6,4,33,6,2016,8,14,4,3,2,6,0,1,0,1,0,0,0,1,4.62441E+20,5.53009E+21,8.47676E+15,4.9922E+16
106255,106256,6,4,13,0,2016,7,19,3,3,9,1,0,1,0,1,0,0,0,0,4.86582E+20,5.54818E+21,8.81243E+15,5.00858E+16
106256,106257,6,4,32,4,2016,7,15,1,3,2,7,0,0,0,1,0,0,0,0,4.8849E+20,5.52689E+21,8.83975E+15,4.98943E+16
106257,106258,6,4,14,0,2016,7,17,6,3,1,6,0,0,0,1,0,0,0,0,4.42751E+20,5.54674E+21,8.20002E+15,5.00702E+16
106258,106259,6,4,31,20,2016,7,8,3,3,3,6,0,0,1,1,0,0,0,0,4.69334E+20,5.48859E+21,8.57606E+15,4.95492E+16
106259,106260,6,4,35,6,2016,8,5,2,3,8,7,1,1,0,0,0,1,0,1,4.94318E+20,5.55853E+21,8.92042E+15,5.01789E+16
106260,106261,6,4,11,0,2016,8,15,3,3,2,6,0,1,0,1,0,0,0,0,4.74365E+20,5.52561E+21,8.64317E+15,4.98823E+16
106261,106262,6,5,32,11,2016,8,18,6,3,0,2,0,0,0,1,0,1,0,0,4.40384E+20,5.62454E+21,8.15457E+15,5.07696E+16
106262,106263,6,4,12,0,2016,7,17,2,3,6,7,0,0,0,1,1,0,0,0,4.797E+20,5.55378E+21,8.71594E+15,5.01359E+16
106263,106264,6,4,13,0,2016,8,7,4,3,5,3,0,1,1,1,0,0,0,0,4.82683E+20,5.54944E+21,8.75788E+15,5.0097E+16
106264,106265,6,4,38,2,2016,7,15,6,2,5,3,0,0,1,1,0,0,0,0,4.78095E+20,5.54032E+21,8.69425E+15,5.00148E+16
106265,106266,6,4,13,0,2016,7,17,7,2,6,4,0,0,0,1,1,0,0,0,4.82246E+20,5.55088E+21,8.7517E+15,5.01099E+16
106266,106267,6,4,12,0,2016,7,11,2,3,6,4,0,0,0,1,1,0,0,0,4.76384E+20,5.55111E+21,8.66971E+15,5.01118E+16
106267,106268,6,4,40,2,2016,7,15,1,3,5,3,0,0,0,1,0,0,1,0,4.81422E+20,5.57884E+21,8.73881E+15,5.03614E+16
106268,106269,6,4,37,7,2016,7,10,6,3,1,5,0,0,0,1,0,1,0,0,4.8971E+20,5.51041E+21,8.85717E+15,4.97461E+16
106269,106270,6,4,12,0,2016,7,11,7,3,5,3,0,1,1,1,0,0,0,0,4.73334E+20,5.55556E+21,8.62674E+15,5.01517E+16
106270,106271,6,4,35,14,2016,7,10,2,3,5,2,0,0,0,1,0,0,0,0,4.9617E+20,5.55521E+21,8.9464E+15,5.01491E+16
106271,106272,6,4,12,0,2016,8,9,2,3,5,2,0,0,1,0,0,0,0,0,4.78451E+20,5.55253E+21,8.69854E+15,5.01246E+16
106272,106273,6,5,32,12,2016,8,10,3,3,6,4,0,1,0,1,1,0,0,0,4.50858E+20,5.61464E+21,8.30441E+15,5.06815E+16
106273,106274,6,5,31,5,2016,8,15,5,3,6,7,0,0,0,1,1,0,0,0,4.77128E+20,5.60376E+21,8.67691E+15,5.05853E+16
106274,106275,6,4,12,0,2016,7,17,2,3,5,3,0,0,1,0,0,0,1,0,4.76813E+20,5.55064E+21,8.67574E+15,5.01076E+16
106275,106276,6,4,13,0,2016,8,15,7,3,2,6,0,0,0,1,0,0,0,0,4.85809E+20,5.54881E+21,8.80161E+15,5.00914E+16
106276,106277,6,6,35,3,2016,8,14,4,3,4,6,0,1,0,1,0,0,0,0,5.10546E+20,5.66308E+21,9.15068E+15,5.11191E+16
106277,106278,6,4,12,0,2016,7,11,2,3,5,3,0,0,1,1,0,0,0,0,4.64383E+20,5.54902E+21,8.50207E+15,5.00924E+16
106278,106279,6,4,33,3,2016,7,12,6,3,1,5,0,0,0,1,0,0,0,0,4.65106E+20,5.5272E+21,8.51415E+15,4.98962E+16
106279,106280,6,4,14,0,2016,7,9,5,3,6,7,0,0,1,1,1,0,0,0,4.45409E+20,5.54729E+21,8.23707E+15,5.00753E+16
106280,106281,6,4,31,2,2016,8,14,2,3,4,6,0,0,1,0,0,0,0,0,4.72347E+20,5.50641E+21,8.61645E+15,4.97096E+16
106281,106282,6,4,35,18,2016,8,16,7,3,5,3,0,0,1,1,0,0,0,0,5.15259E+20,5.55776E+21,9.21368E+15,5.01719E+16
106282,106283,6,6,35,3,2016,7,8,7,3,6,4,0,0,0,1,1,0,0,0,5.05529E+20,5.66202E+21,9.07898E+15,5.11096E+16
106283,106284,6,4,38,11,2016,8,16,2,3,5,3,0,0,1,1,0,0,0,0,4.91981E+20,5.54378E+21,8.88799E+15,5.00462E+16
106284,106285,6,6,11,0,2016,7,6,7,3,9,1,0,1,0,1,0,0,0,0,5.35318E+20,5.68237E+21,9.50651E+15,5.12915E+16
106285,106286,6,4,14,0,2016,7,15,4,3,0,2,0,0,0,1,0,0,0,1,4.45819E+20,5.54712E+21,8.24282E+15,5.00739E+16
106286,106287,6,4,12,0,2016,8,12,5,3,5,3,0,1,0,1,0,1,0,0,4.7974E+20,5.5529E+21,8.71655E+15,5.0128E+16
106287,106288,6,6,34,5,2016,8,16,7,3,5,3,0,0,1,1,0,0,0,0,5.1896E+20,5.6646E+21,9.27098E+15,5.11325E+16
106288,106289,6,4,34,1,2016,8,6,4,3,5,3,0,1,0,1,0,0,0,0,4.7248E+20,5.56292E+21,8.61425E+15,5.02178E+16
106289,106290,6,4,12,0,2016,7,6,5,3,3,6,0,0,0,1,0,1,0,0,4.7688E+20,5.55142E+21,8.67663E+15,5.01145E+16
106290,106291,6,4,34,10,2016,7,14,1,3,4,7,0,0,1,1,0,0,0,0,4.69927E+20,5.55738E+21,8.57891E+15,5.01678E+16
106291,106292,6,6,34,9,2016,8,14,6,2,5,3,0,0,1,1,0,0,0,0,5.27719E+20,5.65527E+21,9.39544E+15,5.10483E+16
106292,106293,6,4,33,8,2016,7,10,7,3,2,7,0,0,0,1,0,1,0,0,4.68214E+20,5.5369E+21,8.55663E+15,4.99836E+16
106293,106294,6,4,35,6,2016,7,20,3,3,6,4,0,0,0,1,1,0,0,0,4.94279E+20,5.5595E+21,8.91986E+15,5.01877E+16
106294,106295,6,4,31,22,2016,7,21,1,3,1,1,2,0,0,1,0,1,0,0,4.7204E+20,5.50765E+21,8.6121E+15,4.97207E+16
106295,106296,6,4,11,0,2016,7,0,3,3,0,1,2,0,1,0,0,0,0,0,4.74545E+20,5.5178E+21,8.6462E+15,4.98121E+16
106296,106297,6,4,11,0,2016,7,9,4,3,5,3,0,0,1,1,0,0,0,0,4.71503E+20,5.52384E+21,8.60347E+15,4.98663E+16
106297,106298,6,4,38,10,2016,8,10,5,3,5,3,0,0,0,1,0,0,0,0,4.90043E+20,5.54745E+21,8.86084E+15,5.00792E+16
106298,106299,6,4,33,1,2016,7,6,1,3,1,7,0,0,0,1,0,0,0,1,4.62011E+20,5.51417E+21,8.47234E+15,4.97788E+16
106299,106300,6,4,34,1,2016,8,16,7,3,0,7,0,0,0,0,0,0,0,1,4.72249E+20,5.56459E+21,8.61089E+15,5.02328E+16
106300,106301,6,6,34,24,2016,7,18,3,2,6,2,0,0,0,1,1,0,0,0,5.46609E+20,5.66301E+21,9.6659E+15,5.11167E+16
106301,106302,6,4,40,8,2016,8,14,4,3,3,6,0,1,1,1,0,0,0,0,4.82508E+20,5.57632E+21,8.7542E+15,5.03387E+16
106302,106303,6,4,34,1,2016,7,11,5,3,2,6,0,0,0,1,0,0,0,1,4.72162E+20,5.56366E+21,8.60974E+15,5.02244E+16
106303,106304,6,4,38,12,2016,8,14,3,3,1,7,0,1,0,1,0,0,0,0,4.8794E+20,5.53535E+21,8.83183E+15,4.99704E+16
106304,106305,6,4,12,0,2016,8,12,2,2,3,6,0,0,1,1,0,0,0,0,4.83582E+20,5.55207E+21,8.77034E+15,5.01207E+16
106305,106306,6,4,12,0,2016,8,15,6,3,2,6,0,0,0,1,0,0,0,0,4.75187E+20,5.55985E+21,8.65239E+15,5.01904E+16
106306,106307,6,6,31,8,2016,7,8,7,2,8,7,0,0,0,1,0,0,0,0,5.40387E+20,5.58396E+21,9.56834E+15,5.04063E+16
106307,106308,6,4,35,14,2016,8,11,4,3,5,3,0,0,0,0,0,1,0,1,4.95613E+20,5.55191E+21,8.93864E+15,5.01194E+16
106308,106309,6,4,11,0,2016,7,14,2,3,5,3,0,0,0,1,0,0,0,0,4.75126E+20,5.53095E+21,8.65342E+15,4.99304E+16
106309,106310,6,4,12,0,2016,7,17,3,3,2,6,0,1,0,1,0,0,0,0,4.72998E+20,5.55073E+21,8.62238E+15,5.01082E+16
106310,106311,6,4,35,14,2016,7,20,1,2,5,3,0,0,0,1,0,0,0,0,4.93916E+20,5.55352E+21,8.91488E+15,5.01339E+16
106311,106312,6,4,12,0,2016,7,18,6,3,5,3,0,0,0,1,0,0,0,0,4.72108E+20,5.5489E+21,8.61007E+15,5.00917E+16
106312,106313,6,4,37,6,2016,7,19,7,3,4,6,0,0,0,1,0,0,0,0,5.00015E+20,5.50075E+21,9.00021E+15,4.96593E+16
106313,106314,6,6,31,9,2016,7,22,3,3,3,6,2,0,1,0,0,0,0,1,5.48599E+20,5.59986E+21,9.68596E+15,5.05487E+16
106314,106315,6,4,36,6,2016,7,19,5,3,6,2,0,1,1,0,1,0,0,1,4.5415E+20,5.54034E+21,8.36005E+15,5.00136E+16
106315,106316,6,5,32,23,2016,8,14,3,3,5,3,0,1,0,1,0,1,0,0,4.64846E+20,5.6006E+21,8.50373E+15,5.05563E+16
106316,106317,6,4,11,0,2016,8,17,6,3,1,3,0,1,0,1,0,1,0,0,4.75387E+20,5.52566E+21,8.65739E+15,4.98829E+16
106317,106318,6,4,12,0,2016,8,13,3,3,5,3,0,1,0,1,0,0,0,0,4.82712E+20,5.55331E+21,8.7581E+15,5.01318E+16
106318,106319,6,6,35,11,2016,7,18,2,2,3,6,0,0,1,0,0,0,0,1,4.83123E+20,5.65512E+21,8.75924E+15,5.10474E+16
106319,106320,6,4,11,0,2016,7,13,6,3,2,6,0,0,0,1,0,0,0,0,4.75563E+20,5.52484E+21,8.6599E+15,4.98755E+16
106320,106321,6,4,11,0,2016,7,17,7,2,5,3,0,0,1,1,0,0,0,0,4.72844E+20,5.52199E+21,8.62226E+15,4.98497E+16
106321,106322,6,4,14,0,2016,7,13,2,3,2,6,0,0,0,0,0,1,0,0,4.5051E+20,5.53907E+21,8.30941E+15,5.00019E+16
106322,106323,6,4,39,12,2016,8,12,2,2,5,3,0,0,1,0,0,0,1,0,4.29259E+20,5.53897E+21,8.01293E+15,4.99989E+16
106323,106324,6,4,12,0,2016,8,11,5,3,6,4,0,0,0,0,1,0,0,1,4.73594E+20,5.55835E+21,8.63019E+15,5.01768E+16
106324,106325,6,4,11,0,2016,8,14,7,3,2,6,0,0,0,1,0,0,0,0,4.74003E+20,5.52575E+21,8.63813E+15,4.98836E+16
106325,106326,6,6,32,3,2016,8,6,4,3,5,3,0,1,0,1,0,0,0,0,5.55777E+20,5.64646E+21,9.79433E+15,5.0967E+16
106326,106327,6,6,11,0,2016,8,16,3,3,5,3,0,0,1,1,0,0,0,0,5.3109E+20,5.68401E+21,9.44602E+15,5.13065E+16