FID,OBJECTID,ULAND,UREGBEZ,UKREIS,UGEMEINDE,UJAHR,UMONAT,USTUNDE,UWOCHENTAG,UKATEGORIE,UART,UTYP1,ULICHTVERH,IstStrasse,IstRad,IstPKW,IstFuss,IstKrad,IstGkfz,IstSonstig,LINREFX,LINREFY,XGCSWGS84,YGCSWGS84
106327,106328,6,5,32,22,2016,8,18,6,3,5,3,0,0,0,1,0,1,0,0,4.64297E+20,5.58743E+21,8.49724E+15,5.04378E+16
106328,106329,6,4,39,15,2016,7,8,2,3,5,3,0,0,0,1,0,0,0,0,4.38753E+20,5.554E+21,8.14298E+15,5.01351E+16
106329,106330,6,4,12,0,2016,8,8,4,3,9,1,0,1,0,0,0,1,0,0,4.73885E+20,5.55644E+21,8.63439E+15,5.01596E+16
106330,106331,6,4,40,18,2016,7,15,6,3,5,3,0,0,0,1,0,1,0,0,4.77901E+20,5.58036E+21,8.68922E+15,5.03749E+16
106331,106332,6,4,35,10,2016,8,15,2,3,0,4,0,0,0,1,1,0,0,0,5.12778E+20,5.56127E+21,9.17905E+15,5.02035E+16
106332,106333,6,4,14,0,2016,7,5,7,2,0,7,2,0,0,0,1,0,0,1,4.44953E+20,5.54787E+21,8.23062E+15,5.00806E+16
106333,106334,6,4,12,0,2016,7,18,4,3,3,2,0,0,1,1,0,0,0,0,4.75736E+20,5.5519E+21,8.6606E+15,5.01189E+16
106334,106335,6,6,34,24,2016,8,14,5,3,5,3,0,0,1,1,0,0,0,0,5.45855E+20,5.66331E+21,9.65517E+15,5.11195E+16
106335,106336,6,4,35,14,2016,7,21,1,2,0,1,1,0,1,0,0,0,0,0,4.93062E+20,5.55162E+21,8.90296E+15,5.01168E+16
106336,106337,6,4,34,12,2016,8,14,7,3,0,1,0,0,1,1,0,0,0,0,4.68901E+20,5.57285E+21,8.56327E+15,5.03069E+16
106337,106338,6,4,31,11,2016,8,19,4,3,6,7,0,0,0,1,1,0,0,0,4.74186E+20,5.4989E+21,8.64246E+15,4.96421E+16
106338,106339,6,6,34,14,2016,7,15,5,3,1,7,0,0,0,1,0,0,0,0,5.38657E+20,5.66482E+21,9.5525E+15,5.11336E+16
106339,106340,6,4,35,2,2016,7,16,1,2,6,7,0,0,0,1,1,0,0,0,5.25619E+20,5.57063E+21,9.35962E+15,5.02872E+16
106340,106341,6,4,13,0,2016,8,15,2,3,5,2,0,0,1,1,0,0,0,0,4.84896E+20,5.5513E+21,8.78874E+15,5.01138E+16
106341,106342,6,4,13,0,2016,8,15,6,3,2,6,0,0,0,1,0,0,0,0,4.83558E+20,5.55014E+21,8.77008E+15,5.01033E+16
106342,106343,6,4,12,0,2016,7,15,5,3,6,7,0,0,1,0,1,0,0,0,4.76372E+20,5.55137E+21,8.66952E+15,5.01141E+16
106343,106344,6,4,14,0,2016,7,11,1,3,1,3,0,0,0,1,0,1,0,0,4.46017E+20,5.54706E+21,8.2456E+15,5.00734E+16
106344,106345,6,4,31,2,2016,8,13,7,3,6,3,0,0,0,1,1,0,0,1,4.7257E+20,5.5034E+21,8.61975E+15,4.96825E+16
106345,106346,6,4,11,0,2016,7,16,7,3,5,3,0,0,1,1,0,0,0,0,4.74887E+20,5.51854E+21,8.6509E+15,4.98187E+16
106346,106347,6,4,33,12,2016,7,7,4,3,5,3,0,0,1,1,0,0,0,0,4.5773E+20,5.53821E+21,8.41025E+15,4.99947E+16
106347,106348,6,4,32,1,2016,8,12,5,3,5,3,0,0,1,1,0,0,0,0,4.72492E+20,5.50977E+21,8.61823E+15,4.97398E+16
106348,106349,6,4,14,0,2016,7,16,1,3,0,6,0,0,1,0,1,0,0,0,4.45124E+20,5.54765E+21,8.23303E+15,5.00786E+16
106349,106350,6,4,36,6,2016,7,21,3,3,5,3,2,0,0,1,0,0,0,0,4.54142E+20,5.54034E+21,8.35994E+15,5.00136E+16
106350,106351,6,4,40,8,2016,7,12,5,3,5,3,0,0,1,1,0,0,0,0,4.85277E+20,5.57486E+21,8.79317E+15,5.03256E+16
106351,106352,6,4,31,8,2016,8,21,3,3,4,6,0,0,0,1,0,0,0,0,4.80181E+20,5.48646E+21,8.72612E+15,4.95305E+16
106352,106353,6,4,12,0,2016,8,12,2,3,5,3,0,0,1,1,0,0,0,0,4.77051E+20,5.55178E+21,8.679E+15,5.01179E+16
106353,106354,6,4,12,0,2016,8,17,6,3,6,7,0,0,0,1,1,0,0,0,4.78294E+20,5.55603E+21,8.69614E+15,5.01561E+16
106354,106355,6,5,31,5,2016,8,17,3,2,4,3,0,0,1,1,0,0,0,0,4.77628E+20,5.60374E+21,8.68398E+15,5.05851E+16
106355,106356,6,4,36,7,2016,7,11,2,2,0,5,0,0,0,1,0,0,0,0,4.59886E+20,5.54815E+21,8.43929E+15,5.00842E+16
106356,106357,6,4,12,0,2016,7,7,3,3,5,3,0,0,1,1,0,0,0,0,4.78776E+20,5.55194E+21,8.70312E+15,5.01194E+16
106357,106358,6,4,33,6,2016,7,19,7,3,5,3,0,0,1,0,0,0,0,1,4.6325E+20,5.52964E+21,8.48808E+15,4.9918E+16
106358,106359,6,5,35,14,2016,8,19,4,3,0,1,0,1,1,0,0,0,0,0,5.15782E+20,5.61816E+21,9.22354E+15,5.0715E+16
106359,106360,6,6,11,0,2016,7,16,3,3,2,2,0,0,1,1,0,0,0,0,5.33139E+20,5.68828E+21,9.4758E+15,5.13448E+16
106360,106361,6,5,31,5,2016,7,1,7,3,1,5,2,1,0,1,0,0,0,0,4.79842E+20,5.60642E+21,8.71511E+15,5.06093E+16
106361,106362,6,6,11,0,2016,7,12,6,3,5,3,0,0,1,1,0,0,0,0,5.35463E+20,5.68613E+21,9.50896E+15,5.13253E+16
106362,106363,6,4,31,20,2016,7,15,3,3,5,3,0,0,1,1,0,0,0,0,4.69643E+20,5.48685E+21,8.58047E+15,4.95335E+16
106363,106364,6,4,35,10,2016,8,13,3,3,0,7,0,1,1,0,0,0,0,0,5.1601E+20,5.5609E+21,9.22433E+15,5.02001E+16
106364,106365,6,4,37,11,2016,8,14,6,2,5,3,0,0,0,1,0,1,0,0,5.0001E+20,5.50281E+21,9.00014E+15,4.96778E+16
106365,106366,6,4,32,23,2016,8,10,3,3,8,1,0,1,0,1,0,0,0,0,4.72285E+20,5.52714E+21,8.61411E+15,4.9896E+16
106366,106367,6,4,35,9,2016,7,19,2,3,0,3,0,0,0,1,0,1,0,0,5.07941E+20,5.55426E+21,9.11112E+15,5.01405E+16
106367,106368,6,6,31,13,2016,8,17,5,3,5,3,0,1,1,1,0,0,0,0,5.59486E+20,5.60462E+21,9.84037E+15,5.05904E+16
106368,106369,6,6,34,24,2016,7,16,6,3,1,1,0,0,0,1,0,0,0,1,5.45474E+20,5.66292E+21,9.64968E+15,5.1116E+16
106369,106370,6,4,39,12,2016,7,18,7,3,5,3,0,0,1,1,0,0,0,0,4.29255E+20,5.53898E+21,8.01289E+15,4.99989E+16
106370,106371,6,4,38,2,2016,8,20,2,3,0,3,0,0,0,1,0,1,0,0,4.79499E+20,5.53891E+21,8.71392E+15,5.00021E+16
106371,106372,6,5,33,9,2016,7,17,7,3,5,3,0,1,0,1,0,0,0,0,4.35431E+20,5.5814E+21,8.09184E+15,5.03812E+16
106372,106373,6,4,12,0,2016,7,21,6,3,1,5,1,0,1,0,0,0,0,1,4.7711E+20,5.55202E+21,8.67982E+15,5.012E+16
106373,106374,6,4,38,6,2016,7,17,7,3,5,3,0,0,0,1,0,0,0,0,4.761E+20,5.53791E+21,8.66656E+15,4.9993E+16
106374,106375,6,4,35,14,2016,7,18,2,3,5,3,0,0,0,1,0,0,0,0,4.96169E+20,5.55521E+21,8.94637E+15,5.01491E+16
106375,106376,6,5,32,17,2016,8,9,3,3,5,3,0,1,0,1,0,0,0,1,4.56373E+20,5.61539E+21,8.38239E+15,5.06887E+16
106376,106377,6,4,36,12,2016,8,18,6,3,2,6,0,0,0,1,0,0,0,0,4.65997E+20,5.55213E+21,8.52435E+15,5.01204E+16
106377,106378,6,4,11,0,2016,7,7,2,3,8,1,0,0,0,1,0,0,0,0,4.73499E+20,5.51801E+21,8.63165E+15,4.98139E+16
106378,106379,6,4,13,0,2016,8,18,7,3,5,3,0,0,0,1,0,0,0,0,4.82487E+20,5.55048E+21,8.7551E+15,5.01063E+16
106379,106380,6,6,34,22,2016,8,15,4,3,0,1,0,1,0,0,0,1,0,0,5.16848E+20,5.64027E+21,9.23965E+15,5.09139E+16
106380,106381,6,4,33,7,2016,7,17,6,3,5,3,0,0,0,1,0,0,0,0,4.67061E+20,5.54503E+21,8.53985E+15,5.00566E+16
106381,106382,6,4,14,0,2016,7,19,5,3,6,4,0,1,0,0,1,0,0,1,4.44558E+20,5.54622E+21,8.22533E+15,5.00657E+16
106382,106383,6,4,40,2,2016,8,8,2,3,6,4,0,0,0,0,1,0,0,1,4.80597E+20,5.57849E+21,8.72723E+15,5.03582E+16
106383,106384,6,4,12,0,2016,7,12,7,3,4,6,0,0,0,1,0,1,0,0,4.76519E+20,5.55282E+21,8.67149E+15,5.01272E+16
106384,106385,6,4,38,12,2016,7,16,4,2,2,2,0,0,0,1,0,1,0,0,4.85894E+20,5.53641E+21,8.80325E+15,4.99799E+16
106385,106386,6,4,38,9,2016,8,16,5,3,5,3,0,1,0,1,0,0,0,0,4.76841E+20,5.54378E+21,8.67655E+15,5.00459E+16
106386,106387,6,4,40,2,2016,7,12,1,3,5,3,0,0,1,1,0,0,0,0,4.81663E+20,5.58054E+21,8.74212E+15,5.03766E+16
106387,106388,6,4,12,0,2016,8,11,5,3,5,3,0,1,1,1,0,0,0,0,4.77207E+20,5.5492E+21,8.68134E+15,5.00946E+16
106388,106389,6,4,31,2,2016,7,18,2,3,4,6,0,0,1,0,0,0,0,0,4.72352E+20,5.50414E+21,8.61668E+15,4.96891E+16
106389,106390,6,4,11,0,2016,8,12,7,3,2,6,0,0,0,1,0,0,0,0,4.742E+20,5.52565E+21,8.64087E+15,4.98827E+16
106390,106391,6,4,38,13,2016,8,16,4,3,5,3,0,1,1,1,0,0,0,0,4.97869E+20,5.54348E+21,8.97024E+15,5.00436E+16
106391,106392,6,4,12,0,2016,7,17,5,3,5,3,0,0,1,1,0,0,0,0,4.7634E+20,5.55075E+21,8.66912E+15,5.01086E+16
106392,106393,6,4,11,0,2016,7,18,1,3,0,1,0,0,0,0,0,1,0,0,4.74786E+20,5.52949E+21,8.64879E+15,4.99173E+16
106393,106394,6,5,31,6,2016,8,14,7,3,4,1,0,0,1,1,0,0,0,0,4.96317E+20,5.60465E+21,8.94797E+15,5.05938E+16
106394,106395,6,5,35,1,2016,7,10,7,3,2,6,0,0,0,1,0,0,0,0,5.19031E+20,5.62235E+21,9.26978E+15,5.07526E+16
106395,106396,6,4,35,14,2016,7,19,4,3,3,6,0,0,0,1,0,1,0,0,4.97083E+20,5.55183E+21,8.9592E+15,5.01187E+16
106396,106397,6,5,33,9,2016,7,0,7,3,6,4,2,0,0,0,1,0,0,1,4.33209E+20,5.58192E+21,8.0605E+15,5.03856E+16
106397,106398,6,4,37,9,2016,7,12,3,2,5,3,0,0,1,0,0,1,0,0,4.99509E+20,5.51601E+21,8.99318E+15,4.97966E+16
106398,106399,6,5,32,15,2016,7,17,5,2,6,4,0,0,0,1,1,0,0,0,4.69006E+20,5.60277E+21,8.56227E+15,5.05761E+16
106399,106400,6,5,32,23,2016,8,13,3,2,6,4,0,1,0,1,1,0,0,0,4.64656E+20,5.60125E+21,8.50099E+15,5.05621E+16
106400,106401,6,6,11,0,2016,7,19,7,3,1,7,0,0,0,1,0,0,0,0,5.32629E+20,5.68492E+21,9.46818E+15,5.13146E+16
106401,106402,6,4,34,6,2016,8,18,7,2,9,7,0,0,0,0,0,1,0,0,4.67631E+20,5.55876E+21,8.54665E+15,5.01801E+16
106402,106403,6,6,11,0,2016,7,18,3,3,6,4,0,0,0,1,1,0,0,0,5.3507E+20,5.68518E+21,9.50322E+15,5.13168E+16
106403,106404,6,4,40,2,2016,8,16,4,3,6,3,0,0,0,1,1,0,0,0,4.81561E+20,5.57921E+21,8.74075E+15,5.03647E+16
106404,106405,6,4,38,5,2016,7,13,5,3,5,2,0,0,1,1,0,0,0,0,4.85678E+20,5.54418E+21,8.79995E+15,5.00498E+16
106405,106406,6,4,38,12,2016,8,6,3,3,5,3,0,1,0,1,0,1,0,0,4.87901E+20,5.53547E+21,8.83128E+15,4.99715E+16
106406,106407,6,4,12,0,2016,8,13,2,2,5,3,0,0,1,1,0,0,0,0,4.74585E+20,5.54769E+21,8.64477E+15,5.00809E+16
106407,106408,6,4,12,0,2016,8,19,6,3,1,5,0,0,1,1,0,0,0,0,4.6906E+20,5.55178E+21,8.56723E+15,5.01175E+16
106408,106409,6,4,33,4,2016,7,16,7,3,1,5,0,0,1,1,0,0,0,0,4.62765E+20,5.51199E+21,8.48303E+15,4.97592E+16
106409,106410,6,5,34,14,2016,8,12,4,3,0,7,0,1,1,0,0,0,0,0,4.82584E+20,5.6275E+21,8.75287E+15,5.0799E+16
106410,106411,6,4,12,0,2016,7,9,3,3,2,6,0,0,0,1,0,0,0,1,4.7405E+20,5.55773E+21,8.63661E+15,5.01712E+16
106411,106412,6,4,14,0,2016,7,17,7,2,5,3,0,0,0,1,0,0,0,0,4.49704E+20,5.53951E+21,8.29811E+15,5.00058E+16
106412,106413,6,4,13,0,2016,7,7,6,3,5,3,0,0,0,1,0,0,0,0,4.84431E+20,5.54829E+21,8.78237E+15,5.00867E+16
106413,106414,6,4,33,8,2016,7,14,3,3,1,7,0,0,0,1,0,0,0,0,4.69529E+20,5.53965E+21,8.57475E+15,5.00084E+16
106414,106415,6,6,11,0,2016,8,18,3,3,1,5,0,0,1,1,0,0,0,0,5.31508E+20,5.68173E+21,9.45181E+15,5.1286E+16
106415,106416,6,4,40,2,2016,8,7,6,3,5,3,0,1,0,1,0,1,0,0,4.80323E+20,5.58102E+21,8.72324E+15,5.03809E+16
106416,106417,6,4,33,6,2016,7,12,2,3,5,3,0,0,1,1,0,0,0,0,4.61811E+20,5.53067E+21,8.46794E+15,4.99271E+16
106417,106418,6,4,12,0,2016,8,16,6,3,2,6,0,0,0,1,0,0,0,0,4.77994E+20,5.55286E+21,8.69213E+15,5.01276E+16
106418,106419,6,4,12,0,2016,8,13,3,3,1,1,0,1,0,1,0,0,1,0,4.74009E+20,5.55767E+21,8.63604E+15,5.01707E+16
106419,106420,6,4,33,12,2016,7,9,2,1,5,3,0,0,1,1,0,0,0,0,4.60157E+20,5.53765E+21,8.44417E+15,4.99899E+16
106420,106421,6,4,11,0,2016,7,16,6,3,5,3,0,0,1,1,0,0,0,0,4.74144E+20,5.52476E+21,8.64015E+15,4.98746E+16
106421,106422,6,4,38,2,2016,7,17,7,3,2,6,0,0,0,1,0,0,0,0,4.78805E+20,5.53921E+21,8.70423E+15,5.00048E+16
106422,106423,6,6,11,0,2016,7,9,2,3,6,4,0,0,0,1,1,0,0,0,5.32189E+20,5.68523E+21,9.4619E+15,5.13175E+16
106423,106424,6,6,36,9,2016,8,12,2,3,8,1,0,0,1,0,0,0,0,0,5.64121E+20,5.69214E+21,9.92129E+15,5.13768E+16
106424,106425,6,4,14,0,2016,8,16,5,3,0,3,0,1,0,1,0,1,0,0,4.46351E+20,5.54532E+21,8.25051E+15,5.00577E+16
106425,106426,6,4,33,12,2016,7,16,2,3,2,6,0,0,0,1,0,0,0,0,4.5817E+20,5.53689E+21,8.41653E+15,4.99829E+16
106426,106427,6,4,12,0,2016,8,23,7,3,5,3,2,0,0,1,0,0,0,0,4.76624E+20,5.55104E+21,8.67307E+15,5.01111E+16
106427,106428,6,6,11,0,2016,8,15,4,3,0,1,0,1,0,0,0,1,0,0,5.3175E+20,5.68539E+21,9.4556E+15,5.13189E+16
106428,106429,6,4,38,1,2016,7,15,6,3,5,2,0,0,0,1,0,0,0,0,4.86191E+20,5.54099E+21,8.80723E+15,5.00211E+16
106429,106430,6,4,36,12,2016,7,18,5,3,1,5,0,0,1,1,0,0,0,0,4.66496E+20,5.55309E+21,8.53124E+15,5.01291E+16
106430,106431,6,4,36,7,2016,8,8,2,3,6,4,0,0,1,0,1,0,0,0,4.60347E+20,5.54831E+21,8.44571E+15,5.00857E+16
106431,106432,6,4,12,0,2016,8,9,4,3,3,2,0,1,1,0,0,0,0,1,4.74521E+20,5.55761E+21,8.64322E+15,5.01701E+16
106432,106433,6,4,38,9,2016,7,13,6,3,5,3,0,0,0,1,0,1,0,0,4.78181E+20,5.54355E+21,8.69528E+15,5.00438E+16
106433,106434,6,4,35,2,2016,8,18,2,2,0,7,0,0,0,0,0,1,0,0,5.26353E+20,5.57426E+21,9.37018E+15,5.03198E+16
106434,106435,6,4,14,0,2016,7,15,7,3,0,1,0,0,1,0,0,0,0,0,4.44708E+20,5.54606E+21,8.22745E+15,5.00643E+16
106435,106436,6,4,13,0,2016,7,17,4,3,1,5,0,0,1,1,0,0,0,0,4.84108E+20,5.54972E+21,8.77779E+15,5.00995E+16
106436,106437,6,4,11,0,2016,8,14,5,3,2,6,0,0,0,1,0,0,0,0,4.73628E+20,5.52627E+21,8.63287E+15,4.98883E+16
106437,106438,6,4,14,0,2016,7,23,7,3,1,3,2,1,1,1,0,0,0,0,4.43047E+20,5.54404E+21,8.20455E+15,5.0046E+16
106438,106439,6,4,38,6,2016,8,13,7,3,0,5,0,0,0,1,0,1,0,0,4.7693E+20,5.53727E+21,8.67818E+15,4.99873E+16
106439,106440,6,4,34,1,2016,8,6,4,3,5,3,0,1,0,1,0,0,0,0,4.72242E+20,5.5646E+21,8.61079E+15,5.02329E+16
106440,106441,6,4,32,23,2016,7,2,5,2,8,1,2,0,0,1,0,0,0,0,4.71247E+20,5.53089E+21,8.59938E+15,4.99297E+16
106441,106442,6,4,34,1,2016,7,17,1,3,2,6,0,0,0,1,0,0,0,0,4.7338E+20,5.56329E+21,8.62684E+15,5.02212E+16
106442,106443,6,5,31,5,2016,8,15,2,3,0,7,0,0,1,1,0,0,0,0,4.77066E+20,5.60384E+21,8.67603E+15,5.0586E+16
106443,106444,6,6,11,0,2016,8,23,6,3,0,7,2,0,1,0,0,0,0,0,5.37372E+20,5.68253E+21,9.53598E+15,5.12929E+16
106444,106445,6,4,33,6,2016,7,15,7,3,1,7,0,0,0,1,0,0,0,0,4.63371E+20,5.52896E+21,8.48984E+15,4.99119E+16
106445,106446,6,5,35,1,2016,8,20,4,3,0,1,1,1,1,0,0,0,0,0,5.18392E+20,5.62223E+21,9.26071E+15,5.07516E+16
106446,106447,6,4,40,2,2016,8,13,7,2,0,1,0,0,1,0,0,0,0,0,4.81784E+20,5.57923E+21,8.74388E+15,5.03649E+16
106447,106448,6,4,34,12,2016,7,2,7,2,1,5,2,0,0,1,0,1,0,0,4.68987E+20,5.57191E+21,8.56456E+15,5.02985E+16
106448,106449,6,4,40,8,2016,7,16,4,3,4,7,0,0,0,1,0,1,0,0,4.82417E+20,5.57596E+21,8.75293E+15,5.03355E+16
106449,106450,6,4,32,2,2016,8,15,5,3,5,3,0,0,1,1,0,0,0,0,4.96793E+20,5.53414E+21,8.95529E+15,4.99596E+16
106450,106451,6,4,14,0,2016,7,18,7,3,6,7,0,0,0,1,1,0,0,0,4.46177E+20,5.54819E+21,8.24768E+15,5.00835E+16
106451,106452,6,4,39,3,2016,7,18,3,2,0,1,0,0,0,0,0,1,0,0,4.32067E+20,5.5412E+21,8.05172E+15,5.00192E+16
106452,106453,6,4,40,13,2016,7,6,5,2,5,3,0,0,0,1,0,1,0,0,5.15367E+20,5.57696E+21,9.21598E+15,5.03446E+16
106453,106454,6,5,34,5,2016,8,17,3,3,8,6,0,1,0,1,0,0,0,1,4.56E+20,5.63476E+21,8.37478E+15,5.08629E+16
106454,106455,6,4,12,0,2016,8,18,2,3,1,1,0,0,0,1,0,1,0,0,4.75912E+20,5.55003E+21,8.66318E+15,5.0102E+16
106455,106456,6,4,12,0,2016,8,16,6,3,1,5,0,0,1,1,0,0,0,0,4.76169E+20,5.55155E+21,8.66668E+15,5.01157E+16
106456,106457,6,4,35,6,2016,8,14,3,3,5,3,0,1,0,1,0,0,0,0,4.93516E+20,5.55856E+21,8.90919E+15,5.01792E+16
106457,106458,6,4,12,0,2016,7,2,1,3,5,3,2,1,0,1,0,0,0,0,4.73274E+20,5.55893E+21,8.62567E+15,5.0182E+16
106458,106459,6,4,12,0,2016,7,17,3,3,5,3,0,0,1,1,0,0,0,0,4.72648E+20,5.55068E+21,8.61749E+15,5.01078E+16
106459,106460,6,4,12,0,2016,7,20,6,3,5,3,0,0,0,1,0,0,0,0,4.76521E+20,5.55282E+21,8.67152E+15,5.01271E+16
106460,106461,6,4,38,10,2016,7,13,7,3,1,5,0,0,1,1,0,0,0,0,4.88878E+20,5.54642E+21,8.84458E+15,5.007E+16
106461,106462,6,5,32,23,2016,7,16,3,3,8,1,0,0,0,1,0,0,0,0,4.65204E+20,5.60063E+21,8.50878E+15,5.05565E+16
106462,106463,6,4,34,2,2016,8,1,7,3,0,7,2,0,1,0,0,0,0,0,4.74621E+20,5.56685E+21,8.64401E+15,5.02532E+16
106463,106464,6,4,11,0,2016,8,13,7,3,2,6,0,1,0,1,0,0,0,0,4.74413E+20,5.5256E+21,8.64385E+15,4.98822E+16
106464,106465,6,4,12,0,2016,8,9,2,2,6,4,0,0,0,0,1,0,0,1,4.76877E+20,5.55086E+21,8.67661E+15,5.01095E+16
106465,106466,6,6,34,9,2016,8,15,3,3,3,7,0,0,1,1,0,0,0,0,5.28272E+20,5.65299E+21,9.40315E+15,5.10277E+16
106466,106467,6,4,13,0,2016,8,20,3,3,2,6,1,0,0,1,0,1,0,0,4.83777E+20,5.54788E+21,8.77325E+15,5.0083E+16
106467,106468,6,6,11,0,2016,8,6,2,2,5,2,1,0,0,1,0,1,0,0,5.30737E+20,5.68146E+21,9.44074E+15,5.12837E+16
106468,106469,6,4,13,0,2016,8,13,1,3,1,5,0,0,0,1,0,1,0,0,4.83128E+20,5.54915E+21,8.76412E+15,5.00943E+16
106469,106470,6,4,14,0,2016,8,19,5,3,3,6,0,1,0,1,0,0,0,1,4.45019E+20,5.54788E+21,8.23153E+15,5.00806E+16
106470,106471,6,5,34,19,2016,8,20,5,3,5,3,1,1,0,1,0,1,0,0,4.63071E+20,5.63193E+21,8.47554E+15,5.08379E+16
106471,106472,6,4,38,6,2016,8,13,6,2,5,3,0,0,1,1,0,0,0,0,4.76035E+20,5.53726E+21,8.6657E+15,4.99872E+16
106472,106473,6,4,38,11,2016,8,17,1,3,5,3,0,0,0,1,0,0,0,0,4.91908E+20,5.5443E+21,8.88697E+15,5.0051E+16
106473,106474,6,4,40,2,2016,8,14,7,3,1,7,0,0,0,1,0,1,0,0,4.81466E+20,5.5793E+21,8.73941E+15,5.03654E+16
106474,106475,6,4,11,0,2016,8,17,6,3,3,2,0,0,1,1,0,0,0,0,4.74988E+20,5.52588E+21,8.65183E+15,4.98848E+16
106475,106476,6,4,35,19,2016,8,17,1,3,5,3,0,1,1,1,0,0,0,0,4.89297E+20,5.55348E+21,8.85024E+15,5.01334E+16
106476,106477,6,6,31,7,2016,8,18,1,3,4,1,0,0,0,1,0,0,0,0,5.58091E+20,5.62366E+21,9.82366E+15,5.07618E+16
106477,106478,6,4,14,0,2016,8,12,1,3,5,3,0,1,1,1,0,0,0,0,4.41636E+20,5.5473E+21,8.18435E+15,5.00751E+16
106478,106479,6,4,34,1,2016,8,20,1,3,5,2,0,0,0,1,0,1,0,0,4.73061E+20,5.56365E+21,8.62235E+15,5.02244E+16
106479,106480,6,6,11,0,2016,8,14,5,3,4,6,0,0,0,1,0,1,0,0,5.32017E+20,5.68667E+21,9.45955E+15,5.13304E+16
106480,106481,6,4,14,0,2016,8,17,5,2,2,6,0,0,0,1,0,1,0,0,4.45982E+20,5.54773E+21,8.24501E+15,5.00794E+16
106481,106482,6,6,32,4,2016,8,21,4,3,5,3,1,0,0,1,0,0,0,0,5.3606E+20,5.62536E+21,9.51148E+15,5.07789E+16
106482,106483,6,4,31,2,2016,8,13,6,3,5,3,0,0,1,1,0,0,0,0,4.71601E+20,5.50216E+21,8.60642E+15,4.96713E+16
106483,106484,6,4,12,0,2016,8,7,4,3,2,6,0,0,0,1,0,0,0,0,4.80324E+20,5.55169E+21,8.72478E+15,5.01171E+16
106484,106485,6,6,32,2,2016,8,12,6,3,1,5,0,0,1,1,0,0,0,0,5.49208E+20,5.63475E+21,9.69921E+15,5.08623E+16
106485,106486,6,4,38,10,2016,8,9,6,2,5,3,0,0,1,1,0,0,0,0,4.8895E+20,5.54646E+21,8.84559E+15,5.00703E+16
106486,106487,6,4,12,0,2016,8,10,7,3,8,7,0,0,0,1,0,0,0,0,4.70727E+20,5.54827E+21,8.59081E+15,5.0086E+16
106487,106488,6,4,14,0,2016,8,15,7,3,2,6,0,1,0,1,0,0,0,0,4.44159E+20,5.54435E+21,8.22003E+15,5.00489E+16
106488,106489,6,5,31,7,2016,8,6,5,2,1,5,0,0,0,1,0,0,0,0,4.73516E+20,5.60338E+21,8.62592E+15,5.05817E+16
106489,106490,6,4,37,6,2016,8,11,2,3,5,2,0,0,0,1,0,1,0,0,4.99339E+20,5.50083E+21,8.99084E+15,4.966E+16
106490,106491,6,5,33,9,2016,8,8,4,3,2,7,0,0,0,1,0,0,0,1,4.3281E+20,5.58236E+21,8.05481E+15,5.03895E+16
106491,106492,6,4,14,0,2016,8,13,3,3,6,2,0,0,0,1,1,0,0,0,4.44191E+20,5.54396E+21,8.22054E+15,5.00453E+16
106492,106493,6,4,38,1,2016,8,8,5,2,6,2,0,0,0,1,1,0,0,0,4.84013E+20,5.53985E+21,8.77687E+15,5.00107E+16
106493,106494,6,4,14,0,2016,8,10,4,3,6,4,0,0,0,1,1,0,0,0,4.45131E+20,5.54777E+21,8.23311E+15,5.00796E+16
106494,106495,6,6,32,2,2016,8,11,5,3,6,6,0,0,0,1,1,0,0,0,5.49958E+20,5.63507E+21,9.70991E+15,5.08652E+16
106495,106496,6,4,38,11,2016,8,17,4,3,5,2,0,0,1,1,0,0,0,0,4.90968E+20,5.53994E+21,8.87394E+15,5.00117E+16
106496,106497,6,4,12,0,2016,8,17,6,3,5,3,0,0,0,1,0,1,0,0,4.75148E+20,5.55969E+21,8.65187E+15,5.01889E+16
106497,106498,6,4,40,3,2016,8,16,3,3,6,4,0,0,0,1,1,0,0,0,4.81601E+20,5.55956E+21,8.74226E+15,5.0188E+16
106498,106499,6,5,34,4,2016,8,15,6,3,4,6,0,0,1,1,0,0,0,0,4.67327E+20,5.63976E+21,8.53529E+15,5.09085E+16
106499,106500,6,4,38,2,2016,8,18,7,2,6,4,0,0,0,1,1,0,0,0,4.78017E+20,5.54023E+21,8.69317E+15,5.0014E+16
106500,106501,6,4,12,0,2016,8,16,7,3,5,3,0,1,1,1,0,0,0,0,4.77963E+20,5.55257E+21,8.69171E+15,5.0125E+16
106501,106502,6,6,33,13,2016,8,13,2,3,2,2,0,0,0,1,0,0,0,0,5.26987E+20,5.7049E+21,9.38874E+15,5.14946E+16
106502,106503,6,4,14,0,2016,8,22,3,3,0,1,2,0,0,0,0,1,0,0,4.4512E+20,5.54677E+21,8.23311E+15,5.00707E+16
106503,106504,6,4,33,6,2016,8,8,4,3,5,3,0,0,0,1,0,0,0,1,4.63186E+20,5.52853E+21,8.48729E+15,4.9908E+16
106504,106505,6,6,11,0,2016,8,17,3,3,4,6,0,0,1,1,0,0,0,0,5.33841E+20,5.68406E+21,9.48548E+15,5.13068E+16
106505,106506,6,4,38,13,2016,8,20,3,3,0,7,0,0,1,1,0,0,0,0,4.98211E+20,5.54335E+21,8.97502E+15,5.00425E+16