FID,OBJECTID,ULAND,UREGBEZ,UKREIS,UGEMEINDE,UJAHR,UMONAT,USTUNDE,UWOCHENTAG,UKATEGORIE,UART,UTYP1,ULICHTVERH,IstStrasse,IstRad,IstPKW,IstFuss,IstKrad,IstGkfz,IstSonstig,LINREFX,LINREFY,XGCSWGS84,YGCSWGS84
106506,106507,6,4,12,0,2016,8,22,2,3,2,6,2,0,0,1,0,0,0,0,4.67367E+20,5.55007E+21,8.54369E+15,5.0102E+16
106507,106508,6,5,31,5,2016,8,17,1,3,2,1,0,0,0,1,0,0,0,0,4.75496E+20,5.60382E+21,8.65387E+15,5.05858E+16
106508,106509,6,4,31,20,2016,8,9,4,3,2,6,0,0,0,1,0,0,0,0,4.68009E+20,5.48604E+21,8.55795E+15,4.95262E+16
106509,106510,6,4,12,0,2016,8,7,3,3,2,2,0,0,0,1,0,0,0,0,4.78935E+20,5.55473E+21,8.70518E+15,5.01444E+16
106510,106511,6,5,31,8,2016,8,19,3,2,5,3,0,0,0,1,0,0,0,0,4.92406E+20,5.5896E+21,8.89301E+15,5.04583E+16
106511,106512,6,4,35,21,2016,8,20,5,3,5,2,0,0,1,1,0,0,0,0,4.91297E+20,5.56365E+21,8.87799E+15,5.0225E+16
106512,106513,6,4,33,12,2016,8,12,2,3,5,3,0,0,1,0,0,0,0,1,4.6067E+20,5.53709E+21,8.45138E+15,4.99848E+16
106513,106514,6,4,37,9,2016,8,19,7,3,3,2,0,0,0,1,0,1,0,0,4.99736E+20,5.51651E+21,8.99634E+15,4.98011E+16
106514,106515,6,4,38,10,2016,8,14,2,2,5,3,0,0,1,1,0,0,0,0,4.90087E+20,5.54704E+21,8.86146E+15,5.00756E+16
106515,106516,6,4,14,0,2016,8,17,6,3,5,2,0,0,1,1,0,0,0,0,4.45584E+20,5.54882E+21,8.23929E+15,5.00891E+16
106516,106517,6,4,12,0,2016,8,19,3,3,3,6,0,0,0,1,0,1,0,0,4.76316E+20,5.55125E+21,8.66874E+15,5.0113E+16
106517,106518,6,4,36,11,2016,8,15,3,3,5,3,0,0,0,1,0,1,0,0,4.66758E+20,5.55497E+21,8.53475E+15,5.01461E+16
106518,106519,6,5,35,16,2016,8,17,1,2,6,7,0,1,0,1,1,0,0,0,5.08155E+20,5.59365E+21,9.11497E+15,5.04948E+16
106519,106520,6,4,11,0,2016,8,16,1,3,0,1,0,0,1,0,0,0,0,0,4.76587E+20,5.52676E+21,8.67403E+15,4.98928E+16
106520,106521,6,4,12,0,2016,8,3,5,3,9,1,2,0,0,1,0,0,0,0,4.73965E+20,5.55762E+21,8.63543E+15,5.01702E+16
106521,106522,6,4,13,0,2016,8,13,5,3,8,1,0,0,0,1,0,0,0,0,4.81715E+20,5.54848E+21,8.74439E+15,5.00883E+16
106522,106523,6,5,31,5,2016,8,15,5,3,2,6,0,0,0,1,0,0,0,0,4.78565E+20,5.60329E+21,8.69724E+15,5.05811E+16
106523,106524,6,4,31,16,2016,8,11,6,2,5,3,0,1,1,1,0,0,0,0,4.67953E+20,5.50014E+21,8.55602E+15,4.9653E+16
106524,106525,6,4,36,4,2016,8,1,1,3,0,1,2,0,1,0,0,0,0,0,4.59328E+20,5.54349E+21,8.43199E+15,5.00423E+16
106525,106526,6,4,12,0,2016,8,10,5,3,6,6,0,0,0,0,1,0,0,1,4.71131E+20,5.5502E+21,8.59631E+15,5.01033E+16
106526,106527,6,4,34,1,2016,8,18,2,3,5,2,0,0,1,1,0,0,0,0,4.71963E+20,5.56347E+21,8.60698E+15,5.02227E+16
106527,106528,6,4,12,0,2016,8,17,6,3,5,3,0,0,1,1,0,0,0,0,4.76782E+20,5.55095E+21,8.67528E+15,5.01103E+16
106528,106529,6,4,32,10,2016,8,17,1,3,1,3,0,0,1,1,0,0,0,0,4.94345E+20,5.52413E+21,8.9213E+15,4.98695E+16
106529,106530,6,4,12,0,2016,8,17,3,3,8,1,0,0,0,1,0,0,0,0,4.76886E+20,5.55153E+21,8.6767E+15,5.01155E+16
106530,106531,6,4,34,8,2016,8,13,7,2,5,3,0,0,1,1,0,0,0,0,4.69574E+20,5.55972E+21,8.57379E+15,5.01889E+16
106531,106532,6,4,37,11,2016,8,22,1,3,0,1,2,0,1,0,0,0,0,0,4.99948E+20,5.50294E+21,8.99928E+15,4.9679E+16
106532,106533,6,4,40,8,2016,8,14,1,2,5,3,0,0,1,0,0,0,0,1,4.79869E+20,5.57541E+21,8.71716E+15,5.03304E+16
106533,106534,6,6,31,18,2016,8,17,1,3,5,2,0,0,0,1,0,0,0,0,5.43142E+20,5.58832E+21,9.60762E+15,5.04453E+16
106534,106535,6,4,38,6,2016,8,6,5,3,0,7,0,0,0,1,0,0,0,0,4.7607E+20,5.53723E+21,8.66619E+15,4.9987E+16
106535,106536,6,4,12,0,2016,8,16,5,3,5,3,0,0,0,1,0,0,0,0,4.76428E+20,5.55815E+21,8.6699E+15,5.01751E+16
106536,106537,6,4,12,0,2016,8,11,4,3,5,2,0,0,1,1,0,0,0,0,4.67544E+20,5.54986E+21,8.54618E+15,5.01001E+16
106537,106538,6,5,33,14,2016,8,0,5,3,9,1,2,0,0,1,0,0,0,0,4.47194E+20,5.57647E+21,8.25796E+15,5.03379E+16
106538,106539,6,5,31,5,2016,8,21,6,3,1,6,2,0,0,1,0,0,0,0,4.75222E+20,5.60387E+21,8.64999E+15,5.05862E+16
106539,106540,6,4,11,0,2016,8,9,4,3,5,3,0,0,0,1,0,1,0,0,4.76555E+20,5.5248E+21,8.67371E+15,4.98752E+16
106540,106541,6,4,14,0,2016,8,19,6,3,1,7,0,0,0,1,0,1,0,0,4.44166E+20,5.54768E+21,8.21964E+15,5.00788E+16
106541,106542,6,4,35,19,2016,8,15,3,3,6,4,0,0,0,1,1,0,0,0,4.85861E+20,5.55539E+21,8.80209E+15,5.01506E+16
106542,106543,6,4,31,11,2016,8,8,6,2,5,3,0,0,1,1,0,0,0,0,4.73907E+20,5.49712E+21,8.63871E+15,4.96261E+16
106543,106544,6,4,35,14,2016,8,11,7,3,5,3,0,0,1,1,0,0,0,0,4.94386E+20,5.55332E+21,8.92145E+15,5.01321E+16
106544,106545,6,6,36,16,2016,8,7,6,2,3,6,0,0,1,0,0,0,0,1,5.59778E+20,5.68837E+21,9.85826E+15,5.13434E+16
106545,106546,6,4,36,9,2016,8,13,1,2,0,1,0,0,1,0,0,0,0,0,4.6102E+20,5.54815E+21,8.45514E+15,5.00843E+16
106546,106547,6,4,11,0,2016,8,13,1,3,5,3,0,0,0,1,0,0,0,0,4.76112E+20,5.52221E+21,8.66769E+15,4.98518E+16
106547,106548,6,6,32,2,2016,8,17,7,3,0,7,0,1,0,1,0,0,0,0,5.50224E+20,5.63513E+21,9.71369E+15,5.08657E+16
106548,106549,6,4,31,2,2016,8,17,5,3,4,3,0,0,0,1,0,0,0,0,4.72671E+20,5.50343E+21,8.62116E+15,4.96828E+16
106549,106550,6,4,12,0,2016,8,18,4,3,4,6,0,0,1,0,0,0,0,0,4.78102E+20,5.55033E+21,8.69378E+15,5.01048E+16
106550,106551,6,4,40,5,2016,8,17,4,2,6,3,0,0,0,1,1,0,0,0,4.76375E+20,5.58648E+21,8.66737E+15,5.04298E+16
106551,106552,6,4,12,0,2016,8,15,6,3,1,5,0,0,1,1,0,0,0,0,4.77954E+20,5.5515E+21,8.69164E+15,5.01153E+16
106552,106553,6,4,33,5,2016,8,18,3,3,2,7,1,0,1,1,0,0,0,0,4.51239E+20,5.53832E+21,8.31969E+15,4.99952E+16
106553,106554,6,4,35,14,2016,8,13,6,3,7,4,0,0,0,1,1,0,0,0,4.94228E+20,5.55313E+21,8.91924E+15,5.01304E+16
106554,106555,6,4,34,8,2016,8,12,7,3,2,6,0,0,0,1,0,0,0,0,4.69864E+20,5.56168E+21,8.57768E+15,5.02065E+16
106555,106556,6,4,11,0,2016,8,14,7,3,5,3,0,1,0,1,0,0,0,0,4.75186E+20,5.52318E+21,8.65476E+15,4.98605E+16
106556,106557,6,4,35,10,2016,8,17,2,3,1,5,0,0,1,1,0,0,0,0,5.13491E+20,5.56092E+21,9.18903E+15,5.02003E+16
106557,106558,6,4,35,2,2016,8,17,3,3,5,2,0,0,0,0,0,1,0,1,5.25834E+20,5.56811E+21,9.36247E+15,5.02646E+16
106558,106559,6,4,12,0,2016,8,18,7,3,5,3,0,0,1,1,0,0,0,0,4.77569E+20,5.55202E+21,8.68623E+15,5.012E+16
106559,106560,6,4,13,0,2016,8,12,7,3,3,6,0,1,1,1,0,0,0,0,4.83224E+20,5.54972E+21,8.76543E+15,5.00995E+16
106560,106561,6,5,33,9,2016,8,22,4,2,9,1,2,0,0,1,0,0,0,0,4.35473E+20,5.58179E+21,8.09236E+15,5.03846E+16
106561,106562,6,4,38,1,2016,8,15,2,3,0,7,0,0,0,1,0,0,0,0,4.83742E+20,5.54074E+21,8.77305E+15,5.00188E+16
106562,106563,6,4,32,23,2016,8,21,4,3,5,3,2,0,1,1,0,0,0,0,4.7179E+20,5.52653E+21,8.60727E+15,4.98905E+16
106563,106564,6,4,38,9,2016,8,8,3,3,0,2,0,1,0,1,0,1,0,0,4.82004E+20,5.54542E+21,8.74857E+15,5.00608E+16
106564,106565,6,4,31,2,2016,8,9,4,2,5,3,0,0,1,1,0,0,0,0,4.7243E+20,5.50397E+21,8.61778E+15,4.96877E+16
106565,106566,6,4,35,14,2016,8,18,4,2,0,7,0,0,0,1,1,0,0,0,4.93005E+20,5.55125E+21,8.90217E+15,5.01134E+16
106566,106567,6,4,12,0,2016,8,17,3,3,3,2,0,0,1,1,0,0,0,0,4.7768E+20,5.55086E+21,8.68784E+15,5.01096E+16
106567,106568,6,5,31,5,2016,8,13,2,3,5,3,0,0,1,1,0,0,0,0,4.79283E+20,5.60548E+21,8.70727E+15,5.06009E+16
106568,106569,6,4,12,0,2016,8,4,5,2,5,3,2,0,0,0,0,1,0,1,4.73916E+20,5.55631E+21,8.63484E+15,5.01585E+16
106569,106570,6,4,33,8,2016,8,8,2,3,5,3,0,0,0,1,0,0,0,0,4.69444E+20,5.53832E+21,8.57367E+15,4.99964E+16
106570,106571,6,4,12,0,2016,8,18,5,3,0,4,0,0,1,1,1,0,0,0,4.76577E+20,5.55694E+21,8.67205E+15,5.01642E+16
106571,106572,6,4,31,2,2016,8,19,7,3,8,1,0,0,0,1,0,0,0,0,4.75867E+20,5.50488E+21,8.66537E+15,4.9696E+16
106572,106573,6,4,40,2,2016,8,13,2,3,5,3,0,0,1,1,0,0,0,0,4.82732E+20,5.5783E+21,8.75726E+15,5.03565E+16
106573,106574,6,4,12,0,2016,8,10,6,3,5,3,0,0,0,1,0,0,0,0,4.72411E+20,5.55141E+21,8.61412E+15,5.01143E+16
106574,106575,6,5,34,4,2016,8,20,1,3,4,6,0,0,0,0,0,1,0,0,4.62773E+20,5.64023E+21,8.47047E+15,5.09125E+16
106575,106576,6,4,34,8,2016,8,17,3,3,5,3,0,0,0,1,0,0,0,0,4.70563E+20,5.55987E+21,8.58763E+15,5.01903E+16
106576,106577,6,4,12,0,2016,8,17,4,3,5,3,0,0,1,1,0,0,0,0,4.8258E+20,5.5552E+21,8.75618E+15,5.01488E+16
106577,106578,6,4,13,0,2016,8,8,3,3,2,6,0,0,0,1,0,0,1,1,4.8312E+20,5.55042E+21,8.76395E+15,5.01058E+16
106578,106579,6,6,35,3,2016,8,16,2,3,5,3,0,0,0,1,0,0,0,0,5.08995E+20,5.66321E+21,9.12852E+15,5.11203E+16
106579,106580,6,6,33,1,2016,8,12,1,3,5,3,0,0,1,1,0,0,0,0,5.27479E+20,5.69086E+21,9.39475E+15,5.13683E+16
106580,106581,6,4,12,0,2016,8,12,5,3,5,3,0,0,0,1,0,0,0,0,4.7241E+20,5.55141E+21,8.61412E+15,5.01143E+16
106581,106582,6,4,11,0,2016,8,9,6,3,2,6,0,1,1,1,0,0,0,0,4.74223E+20,5.52477E+21,8.64126E+15,4.98748E+16
106582,106583,6,5,34,7,2016,8,17,1,3,6,7,0,0,0,0,1,0,0,1,4.70621E+20,5.63278E+21,8.58269E+15,5.0846E+16
106583,106584,6,4,40,5,2016,8,11,3,3,6,7,0,0,0,1,1,0,0,0,4.77596E+20,5.58507E+21,8.68464E+15,5.04173E+16
106584,106585,6,4,32,19,2016,8,1,7,3,0,7,2,0,0,0,0,0,0,1,4.87961E+20,5.5205E+21,8.83258E+15,4.98368E+16
106585,106586,6,4,38,6,2016,8,17,1,3,0,2,0,1,0,1,0,1,0,0,4.76702E+20,5.53756E+21,8.67498E+15,4.99899E+16
106586,106587,6,5,34,15,2016,8,4,1,3,7,1,2,0,0,1,0,0,0,1,4.78979E+20,5.64288E+21,8.70083E+15,5.09372E+16
106587,106588,6,4,40,16,2016,8,16,5,3,9,1,0,0,0,1,0,0,0,0,4.99237E+20,5.58504E+21,8.98926E+15,5.04174E+16
106588,106589,6,4,38,2,2016,8,13,4,3,6,7,0,1,1,0,1,0,0,0,4.78188E+20,5.54151E+21,8.69549E+15,5.00255E+16
106589,106590,6,6,11,0,2016,8,4,1,2,8,1,2,0,0,1,0,0,0,0,5.34109E+20,5.68475E+21,9.48939E+15,5.1313E+16
106590,106591,6,4,38,2,2016,8,11,1,3,5,3,0,0,1,1,0,0,0,0,4.78184E+20,5.54158E+21,8.69543E+15,5.00261E+16
106591,106592,6,6,34,8,2016,8,17,5,3,0,7,0,0,1,0,0,0,0,0,5.33586E+20,5.67244E+21,9.48074E+15,5.12024E+16
106592,106593,6,4,12,0,2016,8,11,5,3,0,1,0,0,1,0,0,0,0,0,4.75961E+20,5.55092E+21,8.66381E+15,5.01101E+16
106593,106594,6,4,11,0,2016,8,18,6,3,5,3,0,0,1,1,0,0,0,0,4.74179E+20,5.51834E+21,8.64106E+15,4.98169E+16
106594,106595,6,5,31,5,2016,8,18,6,3,5,2,0,0,1,1,0,0,0,0,4.77681E+20,5.60517E+21,8.68465E+15,5.0598E+16
106595,106596,6,6,35,11,2016,8,12,6,3,2,7,0,0,1,1,0,0,0,0,4.85549E+20,5.65612E+21,8.79381E+15,5.10564E+16
106596,106597,6,4,12,0,2016,8,18,7,3,8,1,0,0,0,1,0,1,0,0,4.75402E+20,5.55422E+21,8.65577E+15,5.01397E+16
106597,106598,6,4,14,0,2016,8,20,7,3,5,3,1,1,0,1,0,0,0,0,4.42554E+20,5.54403E+21,8.19767E+15,5.00458E+16
106598,106599,6,4,35,14,2016,8,12,5,3,5,3,0,0,0,1,0,1,0,0,4.94505E+20,5.55424E+21,8.92311E+15,5.01404E+16
106599,106600,6,4,33,8,2016,8,23,2,3,5,3,2,0,1,1,0,0,0,0,4.69278E+20,5.53888E+21,8.57131E+15,5.00014E+16
106600,106601,6,4,40,8,2016,8,18,4,3,0,1,0,0,1,0,0,0,0,0,4.82821E+20,5.57605E+21,8.75861E+15,5.03363E+16
106601,106602,6,4,32,8,2016,8,15,4,3,4,6,0,0,0,1,0,1,0,0,4.68851E+20,5.52408E+21,8.56655E+15,4.98684E+16
106602,106603,6,4,11,0,2016,8,8,6,2,3,2,0,0,1,1,0,0,0,0,4.7275E+20,5.52408E+21,8.6208E+15,4.98685E+16
106603,106604,6,4,12,0,2016,8,6,3,3,0,7,0,0,1,1,0,0,0,0,4.77578E+20,5.55455E+21,8.68621E+15,5.01428E+16
106604,106605,6,5,32,1,2016,8,19,3,3,5,3,0,0,1,1,0,0,0,0,4.62976E+20,5.60437E+21,8.47695E+15,5.059E+16
106605,106606,6,4,35,25,2016,8,14,4,3,0,3,0,0,0,1,0,1,0,0,5.37342E+20,5.57718E+21,9.52482E+15,5.03455E+16
106606,106607,6,4,36,3,2016,8,12,6,3,5,2,0,0,1,0,0,0,0,1,4.67851E+20,5.55589E+21,8.54997E+15,5.01544E+16
106607,106608,6,4,34,2,2016,8,14,3,3,3,2,0,0,1,0,0,0,0,0,4.75354E+20,5.56734E+21,8.65425E+15,5.02577E+16
106608,106609,6,4,35,10,2016,8,11,6,2,2,7,0,0,1,0,0,0,1,0,5.16012E+20,5.56091E+21,9.22436E+15,5.02002E+16
106609,106610,6,6,35,11,2016,8,18,7,3,5,3,0,0,0,1,0,0,0,0,4.85169E+20,5.65613E+21,8.78838E+15,5.10565E+16
106610,106611,6,4,12,0,2016,8,16,7,2,4,6,0,1,0,1,0,0,0,0,4.75904E+20,5.54818E+21,8.66318E+15,5.00854E+16
106611,106612,6,4,12,0,2016,8,7,4,2,1,1,0,0,1,1,0,0,0,0,4.78611E+20,5.55401E+21,8.70069E+15,5.01379E+16
106612,106613,6,4,33,3,2016,8,7,2,2,4,6,0,0,1,1,0,0,1,0,4.65638E+20,5.52751E+21,8.52154E+15,4.9899E+16
106613,106614,6,5,32,7,2016,8,17,3,3,8,7,0,0,0,0,0,1,0,0,4.44927E+20,5.61034E+21,8.22111E+15,5.06423E+16
106614,106615,6,4,33,11,2016,8,18,4,3,0,6,0,0,0,1,0,1,0,0,4.64142E+20,5.52027E+21,8.50137E+15,4.98338E+16
106615,106616,6,5,33,9,2016,8,20,3,3,6,4,1,0,0,0,1,0,0,1,4.37374E+20,5.58069E+21,8.11927E+15,5.0375E+16
106616,106617,6,4,32,23,2016,8,22,3,3,0,1,2,0,1,0,0,0,0,0,4.73039E+20,5.52697E+21,8.62462E+15,4.98945E+16
106617,106618,6,4,13,0,2016,8,20,2,3,6,4,1,0,0,1,1,0,0,0,4.83108E+20,5.54969E+21,8.76381E+15,5.00993E+16
106618,106619,6,4,36,2,2016,8,17,2,2,1,1,0,0,0,1,0,0,0,1,4.54413E+20,5.55402E+21,8.36209E+15,5.01366E+16
106619,106620,6,4,12,0,2016,8,1,5,3,5,3,2,0,0,1,0,0,0,0,4.75464E+20,5.552E+21,8.65678E+15,5.01198E+16
106620,106621,6,4,35,14,2016,8,15,7,3,0,1,0,0,1,0,0,0,0,0,4.93056E+20,5.55145E+21,8.90287E+15,5.01153E+16
106621,106622,6,4,11,0,2016,8,2,6,2,9,1,2,0,0,1,0,0,0,0,4.74754E+20,5.52292E+21,8.64876E+15,4.98582E+16
106622,106623,6,4,11,0,2016,8,9,2,2,5,2,0,0,0,1,0,1,0,0,4.73776E+20,5.51827E+21,8.63547E+15,4.98163E+16
106623,106624,6,4,31,7,2016,8,12,7,3,0,6,0,0,1,0,0,0,0,1,4.84434E+20,5.50054E+21,8.78434E+15,4.96572E+16
106624,106625,6,6,36,14,2016,8,11,1,2,5,3,0,0,0,1,0,1,0,0,5.68321E+20,5.66391E+21,9.97624E+15,5.11226E+16
106625,106626,6,6,11,0,2016,8,13,6,3,5,3,0,0,1,1,0,0,0,0,5.3451E+20,5.68721E+21,9.49539E+15,5.13351E+16
106626,106627,6,5,34,3,2016,8,11,3,2,1,5,0,0,0,1,0,1,0,0,4.64155E+20,5.62256E+21,8.49185E+15,5.07537E+16
106627,106628,6,4,13,0,2016,8,11,3,3,5,3,0,0,0,1,0,0,0,0,4.84718E+20,5.54835E+21,8.78638E+15,5.00872E+16
106628,106629,6,4,38,2,2016,8,9,2,3,5,7,0,0,0,1,0,1,0,0,4.77968E+20,5.54038E+21,8.69248E+15,5.00153E+16
106629,106630,6,4,12,0,2016,8,10,1,3,5,3,0,0,1,1,0,0,0,0,4.81997E+20,5.55224E+21,8.74816E+15,5.01221E+16
106630,106631,6,4,12,0,2016,8,19,5,3,0,6,0,0,0,0,0,1,0,1,4.78217E+20,5.55154E+21,8.69532E+15,5.01157E+16
106631,106632,6,4,33,12,2016,8,11,5,3,5,3,0,0,1,1,0,0,0,0,4.58943E+20,5.53766E+21,8.42724E+15,4.99899E+16
106632,106633,6,4,34,2,2016,8,9,6,3,9,3,0,1,0,1,0,0,1,0,4.74597E+20,5.56775E+21,8.6436E+15,5.02613E+16
106633,106634,6,4,31,20,2016,8,22,1,3,5,2,2,0,1,1,0,0,0,0,4.69453E+20,5.48791E+21,8.57775E+15,4.9543E+16
106634,106635,6,4,33,8,2016,8,21,7,3,5,3,2,0,0,1,0,0,0,0,4.68962E+20,5.53842E+21,8.56694E+15,4.99973E+16
106635,106636,6,6,35,16,2016,8,14,1,2,4,1,0,0,1,1,0,0,0,0,4.89371E+20,5.67294E+21,8.84784E+15,5.12077E+16
106636,106637,6,4,12,0,2016,8,12,6,3,5,2,0,0,1,1,0,0,0,0,4.77189E+20,5.54926E+21,8.68107E+15,5.00952E+16
106637,106638,6,4,31,2,2016,8,23,1,3,3,6,2,0,1,1,0,0,0,0,4.72599E+20,5.50448E+21,8.62009E+15,4.96922E+16
106638,106639,6,4,33,6,2016,8,10,3,3,5,3,0,0,1,1,0,0,0,0,4.63261E+20,5.52882E+21,8.48831E+15,4.99106E+16
106639,106640,6,4,14,0,2016,8,4,1,3,8,7,2,0,0,0,0,1,0,0,4.45844E+20,5.54821E+21,8.24302E+15,5.00837E+16
106640,106641,6,4,40,9,2016,8,18,1,3,9,1,0,1,0,1,0,0,0,0,5.14005E+20,5.58601E+21,9.19717E+15,5.0426E+16
106641,106642,6,5,33,17,2016,8,17,1,3,6,6,0,0,0,1,1,0,0,0,4.47636E+20,5.59266E+21,8.26192E+15,5.04835E+16
106642,106643,6,4,39,12,2016,8,6,5,3,1,1,0,0,0,1,0,0,0,0,4.28236E+20,5.53875E+21,7.9987E+15,4.99968E+16
106643,106644,6,4,11,0,2016,8,14,5,3,5,3,0,0,1,1,0,0,0,0,4.74516E+20,5.52634E+21,8.64522E+15,4.98889E+16
106644,106645,6,4,40,8,2016,8,10,4,3,0,7,0,0,1,1,0,0,0,0,4.80475E+20,5.57581E+21,8.72565E+15,5.0334E+16
106645,106646,6,4,33,12,2016,8,7,6,2,0,1,0,1,1,0,0,0,0,0,4.58049E+20,5.53763E+21,8.41476E+15,4.99895E+16
106646,106647,6,4,12,0,2016,8,15,4,3,5,2,0,0,0,1,0,0,0,0,4.76517E+20,5.55283E+21,8.67146E+15,5.01272E+16
106647,106648,6,4,14,0,2016,8,12,6,3,5,3,0,0,0,1,0,0,0,0,4.50091E+20,5.53917E+21,8.30355E+15,5.00028E+16
106648,106649,6,4,34,1,2016,8,15,6,3,1,6,0,0,0,1,0,0,0,0,4.71908E+20,5.56423E+21,8.60614E+15,5.02296E+16
106649,106650,6,4,12,0,2016,8,16,7,3,3,6,0,0,1,1,0,0,0,0,4.77968E+20,5.55257E+21,8.69177E+15,5.0125E+16
106650,106651,6,4,14,0,2016,8,16,7,2,5,3,0,1,0,1,0,1,0,0,4.4577E+20,5.54832E+21,8.24197E+15,5.00847E+16
106651,106652,6,5,31,3,2016,8,18,4,3,5,3,0,0,0,1,0,0,0,1,4.82595E+20,5.60778E+21,8.75395E+15,5.06216E+16
106652,106653,6,6,11,0,2016,8,11,6,2,5,3,0,0,1,1,0,0,0,0,5.34952E+20,5.68216E+21,9.50123E+15,5.12897E+16
106653,106654,6,4,34,1,2016,8,12,1,2,0,7,0,1,1,0,0,0,0,0,4.71868E+20,5.56401E+21,8.6056E+15,5.02276E+16
106654,106655,6,5,31,7,2016,8,16,1,3,5,7,0,0,1,1,0,0,0,0,4.74307E+20,5.6036E+21,8.63708E+15,5.05838E+16
106655,106656,6,4,32,2,2016,8,13,5,3,0,1,0,0,1,0,0,0,0,0,4.95862E+20,5.53443E+21,8.94231E+15,4.99622E+16
106656,106657,6,4,32,6,2016,8,10,5,3,6,4,0,0,0,1,1,0,0,0,4.7428E+20,5.53332E+21,8.64147E+15,4.99517E+16
106657,106658,6,4,33,12,2016,8,13,4,3,5,6,0,1,1,0,0,0,0,0,4.6032E+20,5.5376E+21,8.44644E+15,4.99894E+16
106658,106659,6,4,31,16,2016,8,14,4,2,0,1,0,0,0,0,0,1,0,0,4.68147E+20,5.49938E+21,8.55878E+15,4.96461E+16
106659,106660,6,4,12,0,2016,8,9,6,3,5,3,0,0,1,1,0,0,0,0,4.78559E+20,5.55263E+21,8.70004E+15,5.01255E+16
106660,106661,6,4,31,20,2016,8,17,3,3,5,3,0,0,0,1,0,0,0,0,4.68903E+20,5.48671E+21,8.57024E+15,4.95322E+16
106661,106662,6,4,33,4,2016,8,14,6,3,5,3,0,0,1,1,0,0,0,0,4.63247E+20,5.51257E+21,8.48965E+15,4.97645E+16
106662,106663,6,4,38,10,2016,8,21,7,3,5,3,2,0,1,1,0,0,0,0,4.90087E+20,5.54704E+21,8.86146E+15,5.00756E+16
106663,106664,6,4,12,0,2016,8,12,7,3,6,7,0,1,1,0,1,0,0,0,4.77084E+20,5.55146E+21,8.67948E+15,5.0115E+16
106664,106665,6,4,14,0,2016,8,17,1,3,6,4,0,0,0,1,1,0,0,0,4.45513E+20,5.54859E+21,8.23834E+15,5.00871E+16
106665,106666,6,6,31,9,2016,8,18,3,3,5,3,0,0,1,1,0,0,0,0,5.47358E+20,5.60018E+21,9.66849E+15,5.05516E+16
106666,106667,6,6,31,9,2016,8,18,4,3,1,5,0,0,0,1,0,0,0,0,5.5069E+20,5.60569E+21,9.71627E+15,5.06009E+16
106667,106668,6,4,14,0,2016,8,16,3,3,2,6,0,0,0,1,0,0,0,0,4.49872E+20,5.5397E+21,8.30044E+15,5.00075E+16
106668,106669,6,4,13,0,2016,8,22,1,3,5,2,2,0,0,1,0,1,0,0,4.82083E+20,5.55043E+21,8.74945E+15,5.01059E+16
106669,106670,6,4,33,12,2016,8,4,4,1,5,3,2,0,1,0,0,0,1,0,4.595E+20,5.53621E+21,8.43515E+15,4.99769E+16
106670,106671,6,4,12,0,2016,8,19,2,3,5,3,0,0,1,1,0,0,0,0,4.75269E+20,5.55202E+21,8.65405E+15,5.01199E+16
106671,106672,6,4,31,5,2016,8,11,4,3,5,3,0,0,0,1,0,1,0,0,4.61635E+20,5.49978E+21,8.46853E+15,4.96494E+16
106672,106673,6,5,31,11,2016,8,7,4,2,4,6,0,0,1,1,0,0,0,0,4.87611E+20,5.59674E+21,8.82523E+15,5.05225E+16
106673,106674,6,4,12,0,2016,8,16,3,3,5,3,0,0,0,1,0,0,0,0,4.75888E+20,5.55183E+21,8.66273E+15,5.01182E+16
106674,106675,6,5,31,5,2016,8,20,2,3,1,7,0,0,1,1,0,0,0,0,4.76751E+20,5.60425E+21,8.67156E+15,5.05897E+16
106675,106676,6,5,31,5,2016,8,5,5,3,1,7,2,0,0,1,0,0,0,0,4.76294E+20,5.60432E+21,8.66511E+15,5.05903E+16
106676,106677,6,4,33,8,2016,8,17,2,2,0,1,0,0,1,1,0,0,0,0,4.69776E+20,5.5385E+21,8.57829E+15,4.99981E+16
106677,106678,6,4,32,10,2016,8,12,7,3,5,2,0,0,1,0,0,0,0,1,4.95647E+20,5.52442E+21,8.93943E+15,4.98722E+16
106678,106679,6,4,12,0,2016,8,0,1,2,4,1,2,0,0,1,0,0,0,0,4.74515E+20,5.55118E+21,8.64356E+15,5.01123E+16
106679,106680,6,4,13,0,2016,8,14,6,3,4,6,0,0,1,0,0,0,0,0,4.83052E+20,5.55044E+21,8.763E+15,5.0106E+16
106680,106681,6,4,12,0,2016,8,17,2,3,5,2,0,0,1,0,1,0,0,1,4.77399E+20,5.55448E+21,8.6837E+15,5.01421E+16
106681,106682,6,5,35,11,2016,8,17,1,3,3,2,0,0,1,1,0,0,0,0,5.27912E+20,5.60936E+21,9.3947E+15,5.06355E+16
106682,106683,6,4,39,8,2016,8,17,1,3,5,3,0,0,0,1,0,1,0,0,4.47539E+20,5.56415E+21,8.26452E+15,5.02272E+16
106683,106684,6,4,12,0,2016,8,19,5,3,5,3,0,0,1,1,0,0,0,0,4.82088E+20,5.55338E+21,8.74938E+15,5.01324E+16