FID,OBJECTID,ULAND,UREGBEZ,UKREIS,UGEMEINDE,UJAHR,UMONAT,USTUNDE,UWOCHENTAG,UKATEGORIE,UART,UTYP1,ULICHTVERH,IstStrasse,IstRad,IstPKW,IstFuss,IstKrad,IstGkfz,IstSonstig,LINREFX,LINREFY,XGCSWGS84,YGCSWGS84
106863,106864,6,4,12,0,2016,9,8,5,3,2,6,0,0,0,1,0,0,0,0,4.76694E+20,5.55091E+21,8.67406E+15,5.011E+16
106864,106865,6,4,34,1,2016,8,1,1,3,1,5,2,0,1,1,0,0,0,0,4.7158E+20,5.56339E+21,8.6016E+15,5.0222E+16
106865,106866,6,4,12,0,2016,8,15,4,3,0,3,0,0,1,0,0,0,0,1,4.73649E+20,5.55966E+21,8.63087E+15,5.01886E+16
106866,106867,6,6,35,15,2016,8,16,4,3,2,6,0,0,0,1,0,0,0,0,4.90389E+20,5.6802E+21,8.86222E+15,5.12731E+16
106867,106868,6,4,12,0,2016,8,14,5,3,5,2,0,0,0,1,0,0,0,0,4.77584E+20,5.55595E+21,8.68621E+15,5.01553E+16
106868,106869,6,4,35,17,2016,8,12,3,3,5,3,0,0,1,1,0,0,0,0,5.02907E+20,5.55824E+21,9.04072E+15,5.01764E+16
106869,106870,6,4,40,4,2016,8,11,3,3,5,3,0,0,1,1,0,0,0,0,5.07643E+20,5.57091E+21,9.10729E+15,5.02902E+16
106870,106871,6,4,14,0,2016,8,17,2,3,2,6,0,0,0,1,0,0,0,0,4.46799E+20,5.54535E+21,8.25677E+15,5.00581E+16
106871,106872,6,5,33,17,2016,8,12,4,2,0,1,0,0,0,0,0,1,0,0,4.4738E+20,5.59265E+21,8.2583E+15,5.04835E+16
106872,106873,6,4,14,0,2016,8,9,3,3,0,4,0,0,0,0,1,0,0,1,4.48264E+20,5.54153E+21,8.27775E+15,5.00238E+16
106873,106874,6,4,35,26,2016,8,8,4,3,7,5,0,0,0,1,0,0,0,0,4.88151E+20,5.56214E+21,8.83394E+15,5.02113E+16
106874,106875,6,5,33,11,2016,9,10,5,3,5,3,0,0,1,1,0,0,0,0,4.39385E+20,5.59846E+21,8.14468E+15,5.0535E+16
106875,106876,6,4,31,20,2016,8,9,1,2,3,2,0,0,1,1,0,0,0,0,4.6935E+20,5.48865E+21,8.57628E+15,4.95497E+16
106876,106877,6,4,35,14,2016,8,8,4,3,6,4,0,0,0,1,1,0,0,0,4.93895E+20,5.55335E+21,8.91458E+15,5.01324E+16
106877,106878,6,6,34,1,2016,8,17,4,2,8,1,0,0,1,1,0,0,0,0,5.17181E+20,5.65781E+21,9.24522E+15,5.10716E+16
106878,106879,6,6,31,15,2016,8,16,3,3,5,3,0,0,1,1,0,0,0,0,5.54204E+20,5.61345E+21,9.76706E+15,5.06704E+16
106879,106880,6,4,14,0,2016,8,12,3,3,6,2,0,0,0,1,1,0,0,0,4.44926E+20,5.54831E+21,8.23018E+15,5.00845E+16
106880,106881,6,4,11,0,2016,8,9,3,3,2,6,0,0,0,1,0,0,0,0,4.76528E+20,5.52681E+21,8.67321E+15,4.98932E+16
106881,106882,6,4,33,6,2016,8,17,3,3,5,3,0,0,1,1,0,0,0,0,4.62513E+20,5.52912E+21,8.47787E+15,4.99133E+16
106882,106883,6,4,12,0,2016,8,20,2,3,1,5,0,0,1,1,0,0,0,0,4.77244E+20,5.55519E+21,8.6815E+15,5.01485E+16
106883,106884,6,5,31,13,2016,8,15,3,3,5,3,0,0,0,1,0,1,0,0,4.79219E+20,5.61101E+21,8.70604E+15,5.06506E+16
106884,106885,6,4,32,10,2016,8,5,2,2,0,7,0,0,0,1,0,1,0,0,4.92293E+20,5.52448E+21,8.89275E+15,4.98727E+16
106885,106886,6,4,32,20,2016,8,9,2,3,0,7,0,0,0,0,0,0,0,1,4.80861E+20,5.52372E+21,8.73369E+15,4.98656E+16
106886,106887,6,4,13,0,2016,8,10,7,2,5,3,0,0,0,1,0,1,0,0,4.84842E+20,5.54882E+21,8.7881E+15,5.00914E+16
106887,106888,6,4,31,13,2016,8,16,4,3,5,3,0,0,1,1,0,0,0,0,4.62051E+20,5.49439E+21,8.47482E+15,4.96009E+16
106888,106889,6,4,31,13,2016,9,19,5,3,5,7,0,0,0,1,0,0,0,0,4.62849E+20,5.49335E+21,8.48596E+15,4.95916E+16
106889,106890,6,6,36,6,2016,8,8,2,3,6,6,0,0,0,1,1,0,0,0,5.50423E+20,5.67197E+21,9.72166E+15,5.11969E+16
106890,106891,6,5,33,9,2016,8,3,7,2,9,1,2,0,0,0,0,1,0,0,4.33558E+20,5.58036E+21,8.06567E+15,5.03715E+16
106891,106892,6,6,11,0,2016,8,12,4,3,5,3,0,0,0,1,0,1,0,0,5.37196E+20,5.68246E+21,9.53345E+15,5.12923E+16
106892,106893,6,4,13,0,2016,8,13,7,3,5,3,0,0,0,1,0,0,0,0,4.84012E+20,5.54953E+21,8.77645E+15,5.00978E+16
106893,106894,6,6,31,15,2016,8,12,3,3,8,6,0,0,0,1,0,0,0,0,5.54058E+20,5.61371E+21,9.76503E+15,5.06727E+16
106894,106895,6,4,38,2,2016,8,19,3,2,4,6,0,0,0,1,0,1,0,0,4.8083E+20,5.53846E+21,8.73253E+15,4.99982E+16
106895,106896,6,4,11,0,2016,8,12,2,3,3,2,0,0,1,1,0,0,0,0,4.73207E+20,5.52339E+21,8.62721E+15,4.98624E+16
106896,106897,6,6,31,12,2016,8,8,2,3,4,6,0,0,0,1,0,0,1,0,5.68012E+20,5.60268E+21,9.96045E+15,5.05721E+16
106897,106898,6,4,32,8,2016,8,21,2,3,4,7,1,1,0,1,0,0,0,0,4.69154E+20,5.52454E+21,8.57072E+15,4.98725E+16
106898,106899,6,4,12,0,2016,8,9,5,3,0,7,0,0,1,0,0,0,0,0,4.72386E+20,5.55283E+21,8.61367E+15,5.01271E+16
106899,106900,6,4,33,7,2016,8,15,7,3,1,6,0,0,1,1,0,0,0,0,4.66157E+20,5.54565E+21,8.52717E+15,5.00621E+16
106900,106901,6,6,32,3,2016,8,18,6,2,0,7,0,0,1,0,0,0,0,0,5.5714E+20,5.64519E+21,9.81354E+15,5.09555E+16
106901,106902,6,6,31,4,2016,9,12,6,3,5,3,0,0,1,1,0,0,0,0,5.56165E+20,5.58959E+21,9.7912E+15,5.04556E+16
106902,106903,6,4,12,0,2016,8,8,4,3,5,2,0,0,1,1,0,0,0,0,4.73113E+20,5.55306E+21,8.62383E+15,5.01292E+16
106903,106904,6,6,33,8,2016,8,19,4,3,5,3,0,0,1,1,0,0,0,0,5.34689E+20,5.68024E+21,9.49728E+15,5.12724E+16
106904,106905,6,4,38,2,2016,8,8,7,3,0,5,0,0,1,1,0,0,0,0,4.78188E+20,5.54157E+21,8.69548E+15,5.0026E+16
106905,106906,6,4,34,1,2016,8,9,6,3,1,2,0,0,1,1,0,0,0,0,4.73972E+20,5.56316E+21,8.63515E+15,5.022E+16
106906,106907,6,4,35,14,2016,8,14,3,2,2,6,0,0,0,1,0,1,0,0,4.95073E+20,5.55152E+21,8.93108E+15,5.01159E+16
106907,106908,6,4,31,13,2016,9,9,6,2,5,3,0,0,1,1,0,0,0,0,4.61757E+20,5.49392E+21,8.47079E+15,4.95967E+16
106908,106909,6,4,12,0,2016,8,11,3,2,3,6,0,0,0,0,0,1,0,1,4.77152E+20,5.55171E+21,8.68041E+15,5.01172E+16
106909,106910,6,6,11,0,2016,8,19,1,3,6,2,0,0,0,1,1,0,0,0,5.3067E+20,5.68366E+21,9.43996E+15,5.13034E+16
106910,106911,6,4,14,0,2016,8,19,4,3,4,6,0,0,1,1,0,0,0,0,4.45546E+20,5.5454E+21,8.23926E+15,5.00584E+16
106911,106912,6,4,40,8,2016,8,11,2,3,1,6,0,0,0,1,0,0,0,0,4.82503E+20,5.57627E+21,8.75413E+15,5.03383E+16
106912,106913,6,4,12,0,2016,8,16,5,3,5,3,0,0,1,1,0,0,0,0,4.74008E+20,5.54995E+21,8.63655E+15,5.01012E+16
106913,106914,6,4,14,0,2016,8,13,6,3,5,3,0,0,1,1,0,0,0,0,4.45463E+20,5.54371E+21,8.23833E+15,5.00432E+16
106914,106915,6,4,39,15,2016,8,16,4,3,2,6,0,1,0,1,0,0,0,0,4.4191E+20,5.55634E+21,8.18679E+15,5.01564E+16
106915,106916,6,6,35,2,2016,8,13,4,2,5,3,0,0,1,1,0,0,0,0,5.0329E+20,5.69192E+21,9.04728E+15,5.13786E+16
106916,106917,6,4,11,0,2016,9,13,5,3,0,7,0,0,1,0,0,0,0,0,4.75766E+20,5.52469E+21,8.66274E+15,4.98742E+16
106917,106918,6,4,31,11,2016,8,13,1,3,0,7,0,0,1,0,0,0,0,0,4.73782E+20,5.49755E+21,8.63695E+15,4.96299E+16
106918,106919,6,4,12,0,2016,8,12,4,3,2,6,0,0,0,1,0,0,0,0,4.78494E+20,5.55165E+21,8.69919E+15,5.01167E+16
106919,106920,6,4,12,0,2016,9,21,5,3,6,4,2,0,0,0,1,0,0,1,4.77834E+20,5.55463E+21,8.68979E+15,5.01435E+16
106920,106921,6,4,12,0,2016,8,12,3,3,6,4,0,0,1,0,1,0,0,0,4.76735E+20,5.55135E+21,8.6746E+15,5.01139E+16
106921,106922,6,4,36,1,2016,8,16,4,3,0,1,0,0,1,1,0,0,0,0,4.64439E+20,5.55445E+21,8.50235E+15,5.01412E+16
106922,106923,6,4,33,8,2016,8,9,2,3,5,3,0,0,1,1,0,0,0,0,4.68946E+20,5.53618E+21,8.56689E+15,4.99771E+16
106923,106924,6,4,12,0,2016,8,12,5,3,0,6,0,0,0,1,0,1,0,0,4.77104E+20,5.5517E+21,8.67975E+15,5.01171E+16
106924,106925,6,4,38,1,2016,8,16,4,3,5,2,0,0,1,0,0,0,0,1,4.83883E+20,5.54034E+21,8.77504E+15,5.00151E+16
106925,106926,6,5,31,5,2016,8,20,2,3,5,3,2,0,0,1,0,0,0,0,4.78073E+20,5.60513E+21,8.69018E+15,5.05977E+16
106926,106927,6,4,34,8,2016,8,19,4,3,8,6,0,0,1,1,0,0,0,0,4.71143E+20,5.55886E+21,8.59582E+15,5.01813E+16
106927,106928,6,4,31,16,2016,9,20,5,3,4,6,0,0,1,1,0,0,0,0,4.69123E+20,5.5E+21,8.57224E+15,4.96517E+16
106928,106929,6,4,12,0,2016,8,19,1,3,2,6,1,0,0,0,0,1,0,0,4.748E+20,5.54561E+21,8.64793E+15,5.00622E+16
106929,106930,6,6,11,0,2016,8,17,4,3,0,1,0,0,0,0,0,1,0,0,5.35095E+20,5.68644E+21,9.5037E+15,5.13282E+16
106930,106931,6,6,34,1,2016,8,22,2,3,6,7,2,0,0,1,1,0,0,0,5.19074E+20,5.6554E+21,9.27211E+15,5.10498E+16
106931,106932,6,4,12,0,2016,8,16,3,3,6,4,0,0,0,1,1,0,0,0,4.67229E+20,5.55003E+21,8.54176E+15,5.01017E+16
106932,106933,6,4,32,16,2016,8,8,3,3,0,6,0,0,0,1,0,0,1,0,4.81785E+20,5.52035E+21,8.7467E+15,4.98353E+16
106933,106934,6,6,11,0,2016,8,8,4,3,1,5,0,0,0,1,0,0,0,0,5.3297E+20,5.68551E+21,9.47312E+15,5.13199E+16
106934,106935,6,4,32,23,2016,8,12,5,3,5,3,0,0,0,1,0,0,0,0,4.70238E+20,5.52799E+21,8.58554E+15,4.99036E+16
106935,106936,6,4,14,0,2016,8,13,2,3,3,6,0,0,1,0,0,0,0,1,4.45808E+20,5.54736E+21,8.24263E+15,5.0076E+16
106936,106937,6,5,33,3,2016,8,15,3,3,0,7,0,0,0,0,0,1,0,0,4.47506E+20,5.57224E+21,8.26293E+15,5.03E+16
106937,106938,6,4,12,0,2016,8,8,3,3,0,1,0,0,0,0,0,1,0,0,4.7718E+20,5.55002E+21,8.68091E+15,5.0102E+16
106938,106939,6,4,31,10,2016,8,18,3,3,5,3,0,0,1,1,0,0,0,0,4.62503E+20,5.50725E+21,8.47984E+15,4.97166E+16
106939,106940,6,4,12,0,2016,8,18,2,2,6,2,0,0,0,1,1,0,0,0,4.761E+20,5.5539E+21,8.66556E+15,5.01369E+16
106940,106941,6,4,33,12,2016,8,7,4,2,6,4,0,0,0,1,1,0,0,0,4.57299E+20,5.53722E+21,8.40435E+15,4.99857E+16
106941,106942,6,4,31,20,2016,9,15,5,3,5,3,0,0,1,1,0,0,0,0,4.69463E+20,5.48773E+21,8.5779E+15,4.95414E+16
106942,106943,6,6,35,8,2016,8,11,2,3,3,3,0,0,1,0,0,0,0,1,4.9972E+20,5.70639E+21,8.99597E+15,5.15087E+16
106943,106944,6,6,11,0,2016,8,1,7,2,0,7,2,0,1,0,0,0,0,0,5.34708E+20,5.68604E+21,9.49812E+15,5.13246E+16
106944,106945,6,6,11,0,2016,8,18,4,3,5,3,0,0,1,1,0,0,0,0,5.33907E+20,5.68403E+21,9.48643E+15,5.13066E+16
106945,106946,6,4,12,0,2016,8,15,7,3,2,6,0,0,0,1,0,1,0,0,4.77061E+20,5.55169E+21,8.67915E+15,5.0117E+16
106946,106947,6,4,12,0,2016,8,8,2,3,5,3,0,0,1,0,0,0,0,0,4.74907E+20,5.55644E+21,8.64871E+15,5.01596E+16
106947,106948,6,6,33,3,2016,8,17,3,2,5,3,0,0,1,1,0,0,0,0,5.29027E+20,5.67868E+21,9.41599E+15,5.12588E+16
106948,106949,6,4,12,0,2016,8,11,1,3,5,3,0,0,1,1,0,0,0,0,4.77223E+20,5.55245E+21,8.68137E+15,5.01238E+16
106949,106950,6,5,31,12,2016,9,17,5,3,5,2,0,0,1,1,0,0,0,0,4.75997E+20,5.59717E+21,8.66137E+15,5.0526E+16
106950,106951,6,5,34,14,2016,8,21,2,2,5,3,2,0,0,1,0,1,0,0,4.83732E+20,5.63079E+21,8.76901E+15,5.08286E+16
106951,106952,6,4,12,0,2016,8,19,2,3,4,7,0,0,0,1,0,1,0,0,4.77119E+20,5.55076E+21,8.68001E+15,5.01087E+16
106952,106953,6,5,33,6,2016,8,18,3,3,5,3,0,0,0,1,0,1,0,0,4.32408E+20,5.58509E+21,8.04866E+15,5.0414E+16
106953,106954,6,4,40,17,2016,8,17,2,3,9,7,0,0,0,1,0,0,0,0,4.86793E+20,5.57146E+21,8.81457E+15,5.02951E+16
106954,106955,6,4,35,14,2016,8,16,2,3,6,2,0,0,0,1,1,0,0,0,4.94192E+20,5.55377E+21,8.91872E+15,5.01362E+16
106955,106956,6,4,32,11,2016,8,10,7,3,5,3,0,0,0,1,0,0,0,0,4.89233E+20,5.52409E+21,8.85017E+15,4.98692E+16
106956,106957,6,4,34,1,2016,8,11,6,3,5,3,0,0,1,1,0,0,0,0,4.7349E+20,5.56331E+21,8.62838E+15,5.02214E+16
106957,106958,6,4,12,0,2016,8,14,2,3,5,3,0,0,0,1,0,0,0,0,4.75503E+20,5.55106E+21,8.65739E+15,5.01113E+16
106958,106959,6,4,33,12,2016,9,5,6,3,5,3,2,0,1,1,0,0,0,0,4.58727E+20,5.53818E+21,8.42416E+15,4.99945E+16
106959,106960,6,6,32,3,2016,8,10,3,2,5,2,0,0,0,1,0,0,0,0,5.55964E+20,5.64641E+21,9.79699E+15,5.09666E+16
106960,106961,6,4,14,0,2016,8,17,4,3,0,6,0,0,0,0,0,1,0,1,4.48968E+20,5.54766E+21,8.28675E+15,5.0079E+16
106961,106962,6,4,36,5,2016,8,14,2,3,0,7,0,0,1,1,0,0,0,0,4.62564E+20,5.5467E+21,8.47687E+15,5.00714E+16
106962,106963,6,4,11,0,2016,8,7,5,3,2,6,0,0,0,1,0,0,0,0,4.74004E+20,5.52626E+21,8.63811E+15,4.98882E+16
106963,106964,6,4,12,0,2016,8,23,6,3,9,1,2,0,0,1,0,0,0,0,4.74166E+20,5.55789E+21,8.63823E+15,5.01726E+16
106964,106965,6,4,34,8,2016,8,19,4,3,5,2,0,0,1,1,0,0,0,0,4.68116E+20,5.56259E+21,8.55311E+15,5.02146E+16
106965,106966,6,4,12,0,2016,8,7,6,3,5,3,0,0,1,0,0,0,0,0,4.70898E+20,5.54457E+21,8.59348E+15,5.00527E+16
106966,106967,6,5,32,23,2016,9,20,6,3,6,7,2,0,0,0,1,1,0,0,4.63978E+20,5.60025E+21,8.49152E+15,5.05531E+16
106967,106968,6,4,12,0,2016,8,11,4,2,1,5,0,0,1,1,0,0,0,0,4.77127E+20,5.55286E+21,8.67999E+15,5.01276E+16
106968,106969,6,4,12,0,2016,9,11,5,3,5,3,0,0,0,1,0,0,0,0,4.76474E+20,5.55183E+21,8.67093E+15,5.01183E+16
106969,106970,6,4,34,12,2016,8,10,1,3,2,6,0,0,0,1,0,0,0,0,4.70328E+20,5.57244E+21,8.58335E+15,5.03034E+16
106970,106971,6,4,12,0,2016,8,9,4,3,6,4,0,0,0,1,1,0,0,0,4.67619E+20,5.55012E+21,8.54721E+15,5.01025E+16
106971,106972,6,4,14,0,2016,8,14,4,3,5,2,0,0,1,1,0,0,0,0,4.49904E+20,5.53962E+21,8.30089E+15,5.00068E+16
106972,106973,6,4,11,0,2016,8,14,5,2,6,4,0,0,0,1,1,0,0,0,4.7469E+20,5.51761E+21,8.64823E+15,4.98104E+16
106973,106974,6,5,31,1,2016,8,13,4,2,6,4,0,0,1,0,1,0,0,0,4.87004E+20,5.61376E+21,8.81607E+15,5.06755E+16
106974,106975,6,4,40,16,2016,8,20,3,3,5,3,0,0,0,1,0,0,0,0,4.98638E+20,5.58652E+21,8.98083E+15,5.04307E+16
106975,106976,6,4,14,0,2016,8,16,2,3,5,2,0,0,0,1,0,0,0,0,4.50341E+20,5.54925E+21,8.30574E+15,5.00934E+16
106976,106977,6,4,32,10,2016,8,8,4,3,4,3,0,0,0,1,0,1,0,0,4.94268E+20,5.52511E+21,8.92021E+15,4.98784E+16
106977,106978,6,5,32,11,2016,9,20,5,3,2,2,0,0,0,1,0,0,0,0,4.44249E+20,5.62134E+21,8.20987E+15,5.07411E+16
106978,106979,6,4,11,0,2016,8,16,2,3,3,6,0,0,1,0,0,0,0,0,4.76222E+20,5.52438E+21,8.66909E+15,4.98714E+16
106979,106980,6,5,31,5,2016,8,9,3,3,5,3,0,0,0,1,0,0,0,0,4.76869E+20,5.6024E+21,8.67334E+15,5.05731E+16
106980,106981,6,4,38,13,2016,8,13,4,3,5,3,0,0,0,1,0,0,0,0,4.97947E+20,5.54339E+21,8.97133E+15,5.00428E+16
106981,106982,6,4,38,5,2016,9,10,5,3,5,7,0,0,1,1,0,0,0,0,4.85676E+20,5.54491E+21,8.79989E+15,5.00563E+16
106982,106983,6,4,32,19,2016,8,19,1,3,5,3,0,0,0,1,0,1,0,0,4.88242E+20,5.51955E+21,8.83652E+15,4.98283E+16
106983,106984,6,4,11,0,2016,8,17,4,3,4,6,0,0,0,1,0,0,0,0,4.71416E+20,5.52504E+21,8.60217E+15,4.98771E+16
106984,106985,6,4,13,0,2016,8,19,4,3,6,4,0,0,1,0,1,0,0,0,4.83251E+20,5.55038E+21,8.76579E+15,5.01054E+16
106985,106986,6,4,12,0,2016,8,11,2,3,2,7,0,0,0,1,0,1,0,1,4.76593E+20,5.55245E+21,8.67255E+15,5.01238E+16
106986,106987,6,5,33,3,2016,8,19,3,3,0,7,0,0,0,0,0,1,0,0,4.47518E+20,5.57225E+21,8.2631E+15,5.03E+16
106987,106988,6,4,12,0,2016,8,17,3,3,5,3,0,0,1,1,0,0,0,0,4.78325E+20,5.55277E+21,8.69677E+15,5.01268E+16
106988,106989,6,4,33,12,2016,8,18,3,3,6,4,0,0,0,1,1,0,0,0,4.57968E+20,5.53804E+21,8.41359E+15,4.99932E+16
106989,106990,6,4,12,0,2016,8,12,2,3,1,5,0,0,1,1,0,0,0,0,4.77191E+20,5.5544E+21,8.6808E+15,5.01414E+16
106990,106991,6,5,34,14,2016,8,17,4,3,5,3,0,0,1,1,0,0,0,0,4.82765E+20,5.62782E+21,8.75542E+15,5.08018E+16
106991,106992,6,4,34,8,2016,8,22,2,2,9,7,2,0,1,0,0,0,0,0,4.70572E+20,5.56088E+21,8.58767E+15,5.01994E+16
106992,106993,6,5,31,5,2016,8,16,1,3,2,2,0,0,0,1,0,0,0,0,4.75726E+20,5.60404E+21,8.6571E+15,5.05878E+16
106993,106994,6,4,13,0,2016,8,19,7,3,5,3,0,0,0,1,0,1,0,0,4.84903E+20,5.55206E+21,8.78882E+15,5.01206E+16
106994,106995,6,6,33,3,2016,8,19,7,3,5,3,0,0,1,1,0,0,0,0,5.28653E+20,5.67804E+21,9.41058E+15,5.1253E+16
106995,106996,6,4,31,13,2016,9,23,6,3,5,3,2,0,0,1,0,0,0,0,4.61539E+20,5.49474E+21,8.46769E+15,4.96041E+16
106996,106997,6,4,38,10,2016,9,17,6,3,5,3,0,0,0,1,0,0,0,0,4.90392E+20,5.54711E+21,8.86573E+15,5.00762E+16
106997,106998,6,4,35,14,2016,9,7,4,3,2,6,0,0,0,1,0,1,0,0,4.94594E+20,5.55316E+21,8.92437E+15,5.01307E+16
106998,106999,6,4,12,0,2016,9,7,4,3,5,3,0,0,1,0,0,0,0,0,4.7609E+20,5.55151E+21,8.66557E+15,5.01154E+16
106999,107000,6,4,12,0,2016,9,11,7,3,1,5,0,0,0,1,0,0,0,0,4.79262E+20,5.56121E+21,8.70941E+15,5.02027E+16
107000,107001,6,4,38,12,2016,9,17,7,3,5,3,0,0,0,1,0,0,0,1,4.84706E+20,5.53555E+21,8.78672E+15,4.99721E+16
107001,107002,6,4,12,0,2016,9,10,6,3,5,3,0,0,1,1,0,0,0,0,4.77961E+20,5.55271E+21,8.69168E+15,5.01262E+16
107002,107003,6,4,32,8,2016,9,18,5,3,5,3,0,0,1,0,0,0,0,1,4.67805E+20,5.52347E+21,8.55204E+15,4.98627E+16
107003,107004,6,5,31,5,2016,9,8,5,3,3,6,0,0,0,1,0,0,0,0,4.77198E+20,5.60436E+21,8.67787E+15,5.05907E+16
107004,107005,6,4,38,5,2016,9,11,5,3,5,3,0,0,1,1,0,0,0,0,4.85753E+20,5.54518E+21,8.80096E+15,5.00587E+16
107005,107006,6,4,40,23,2016,9,18,2,3,5,3,0,0,0,1,0,1,0,0,4.78309E+20,5.57265E+21,8.6954E+15,5.03056E+16
107006,107007,6,4,32,23,2016,9,16,1,3,9,1,0,0,1,0,0,0,0,0,4.71172E+20,5.52777E+21,8.59857E+15,4.99016E+16
107007,107008,6,4,38,10,2016,9,20,3,3,1,7,2,0,0,1,0,0,0,0,4.89454E+20,5.5471E+21,8.85261E+15,5.0076E+16
107008,107009,6,4,37,8,2016,9,12,1,3,8,1,0,1,0,0,0,1,0,0,5.05308E+20,5.49158E+21,9.07342E+15,4.95768E+16
107009,107010,6,4,32,8,2016,9,12,1,3,0,7,0,1,0,0,0,1,0,0,4.69584E+20,5.52165E+21,8.57694E+15,4.98465E+16
107010,107011,6,4,12,0,2016,9,16,6,3,2,6,0,0,0,1,0,0,0,0,4.67642E+20,5.54416E+21,8.54803E+15,5.00489E+16
107011,107012,6,4,37,1,2016,9,15,6,3,6,4,0,0,0,1,1,0,0,0,5.00384E+20,5.50983E+21,9.00533E+15,4.9741E+16
107012,107013,6,4,40,18,2016,9,13,5,3,0,6,0,0,0,0,0,1,0,1,4.781E+20,5.57916E+21,8.69209E+15,5.03641E+16
107013,107014,6,4,38,1,2016,9,18,3,3,6,4,0,0,0,1,1,0,0,0,4.84794E+20,5.53954E+21,8.78778E+15,5.00079E+16
107014,107015,6,4,12,0,2016,9,14,5,3,5,2,0,0,0,1,0,0,0,0,4.70026E+20,5.55291E+21,8.58065E+15,5.01277E+16
107015,107016,6,5,33,5,2016,9,10,2,3,7,7,0,0,1,0,0,0,0,1,4.3291E+20,5.59632E+21,8.05371E+15,5.0515E+16
107016,107017,6,4,36,3,2016,9,16,3,3,3,6,0,0,0,1,0,0,0,0,4.69001E+20,5.55418E+21,8.56621E+15,5.01391E+16
107017,107018,6,4,11,0,2016,9,18,1,3,5,2,0,0,0,1,0,0,0,0,4.76458E+20,5.52649E+21,8.67226E+15,4.98903E+16
107018,107019,6,4,40,3,2016,9,19,3,2,0,6,1,0,1,0,0,0,0,1,4.81043E+20,5.55973E+21,8.73444E+15,5.01894E+16
107019,107020,6,4,12,0,2016,9,14,6,3,5,3,0,0,1,1,0,0,0,0,4.73966E+20,5.55147E+21,8.63587E+15,5.01149E+16
107020,107021,6,6,35,15,2016,9,13,3,2,5,3,0,0,0,1,0,1,0,0,4.91548E+20,5.68054E+21,8.87883E+15,5.12761E+16
107021,107022,6,4,33,12,2016,9,12,5,3,0,7,0,0,0,1,0,1,0,0,4.59695E+20,5.53639E+21,8.43785E+15,4.99785E+16
107022,107023,6,4,12,0,2016,9,13,4,3,3,6,0,0,0,1,0,1,0,0,4.7533E+20,5.55467E+21,8.65474E+15,5.01438E+16
107023,107024,6,4,11,0,2016,9,16,2,3,5,3,0,0,1,1,0,0,0,0,4.74731E+20,5.52569E+21,8.64826E+15,4.98831E+16
107024,107025,6,5,34,14,2016,9,19,5,3,6,1,0,0,1,0,1,0,0,0,4.83862E+20,5.62859E+21,8.77095E+15,5.08088E+16
107025,107026,6,4,33,7,2016,9,15,3,3,1,5,0,0,1,0,0,0,0,1,4.67101E+20,5.54603E+21,8.54032E+15,5.00656E+16
107026,107027,6,6,34,18,2016,9,10,5,3,6,7,0,0,0,1,1,0,0,0,5.21744E+20,5.67618E+21,9.31146E+15,5.12366E+16
107027,107028,6,4,12,0,2016,9,12,2,3,0,7,0,0,1,0,0,0,0,1,4.7441E+20,5.55005E+21,8.64217E+15,5.01022E+16
107028,107029,6,4,12,0,2016,9,17,3,3,0,6,0,0,1,0,0,1,0,0,4.78461E+20,5.55159E+21,8.69873E+15,5.01162E+16
107029,107030,6,5,32,23,2016,9,11,2,3,0,6,0,0,0,0,0,1,0,1,4.67106E+20,5.59887E+21,8.53578E+15,5.05408E+16
107030,107031,6,5,31,12,2016,9,2,1,3,8,1,2,0,0,0,0,1,0,0,4.75478E+20,5.5984E+21,8.65396E+15,5.0537E+16
107031,107032,6,4,33,12,2016,9,16,3,3,9,1,0,0,0,1,0,0,0,0,4.56577E+20,5.53656E+21,8.39436E+15,4.99798E+16
107032,107033,6,4,39,15,2016,9,16,6,3,6,6,0,0,0,1,1,0,0,0,4.39489E+20,5.55492E+21,8.15313E+15,5.01434E+16
107033,107034,6,5,33,9,2016,9,17,3,3,0,7,0,0,0,1,1,0,0,0,4.37977E+20,5.58106E+21,8.1277E+15,5.03783E+16
107034,107035,6,4,12,0,2016,9,11,4,3,2,2,0,0,0,1,0,0,1,0,4.81247E+20,5.55196E+21,8.73767E+15,5.01196E+16
107035,107036,6,4,40,19,2016,9,16,2,3,5,3,0,0,0,1,0,0,0,0,5.08405E+20,5.57905E+21,9.11818E+15,5.03634E+16
107036,107037,6,4,32,9,2016,9,11,2,3,5,3,0,0,1,0,0,0,0,1,4.87447E+20,5.51715E+21,8.82555E+15,4.98067E+16
107037,107038,6,5,31,5,2016,9,16,7,3,5,2,0,0,0,1,0,1,0,0,4.76034E+20,5.60414E+21,8.66144E+15,5.05887E+16
107038,107039,6,6,34,22,2016,9,5,1,3,1,5,2,0,0,1,0,0,0,0,5.16575E+20,5.64069E+21,9.2358E+15,5.09176E+16
107039,107040,6,4,34,1,2016,9,19,7,3,6,4,0,0,0,1,1,0,0,0,4.72939E+20,5.56346E+21,8.62065E+15,5.02227E+16
107040,107041,6,6,35,11,2016,9,10,2,3,5,2,0,0,0,1,0,0,0,0,4.8593E+20,5.65662E+21,8.79923E+15,5.10609E+16