FID,OBJECTID,ULAND,UREGBEZ,UKREIS,UGEMEINDE,UJAHR,UMONAT,USTUNDE,UWOCHENTAG,UKATEGORIE,UART,UTYP1,ULICHTVERH,IstStrasse,IstRad,IstPKW,IstFuss,IstKrad,IstGkfz,IstSonstig,LINREFX,LINREFY,XGCSWGS84,YGCSWGS84
107041,107042,6,4,12,0,2016,9,16,3,3,6,6,0,0,0,1,1,0,0,0,4.77968E+20,5.55258E+21,8.69178E+15,5.01251E+16
107042,107043,6,4,12,0,2016,9,17,1,3,3,6,0,0,1,1,0,0,0,0,4.77103E+20,5.55188E+21,8.67972E+15,5.01187E+16
107043,107044,6,6,33,6,2016,9,15,1,3,5,3,0,1,0,1,0,0,0,1,5.16472E+20,5.68019E+21,9.23613E+15,5.12728E+16
107044,107045,6,6,31,9,2016,9,10,3,2,8,1,0,0,0,1,0,0,0,0,5.47269E+20,5.59905E+21,9.66708E+15,5.05414E+16
107045,107046,6,4,37,11,2016,9,17,7,2,2,6,0,0,0,1,0,0,0,0,4.99911E+20,5.50283E+21,8.99876E+15,4.9678E+16
107046,107047,6,4,34,1,2016,9,16,6,3,2,6,0,0,0,1,0,1,0,0,4.72608E+20,5.5637E+21,8.61599E+15,5.02249E+16
107047,107048,6,6,11,0,2016,9,5,3,2,1,5,2,0,0,0,0,1,1,0,5.34908E+20,5.68106E+21,9.5005E+15,5.12798E+16
107048,107049,6,4,33,12,2016,9,19,6,2,4,6,0,0,1,1,0,0,0,0,4.59943E+20,5.53679E+21,8.44128E+15,4.99821E+16
107049,107050,6,4,12,0,2016,9,22,4,3,0,6,2,0,1,1,0,0,0,0,4.75956E+20,5.54999E+21,8.6638E+15,5.01017E+16
107050,107051,6,4,36,6,2016,9,4,1,3,8,1,2,0,0,1,0,0,0,0,4.53099E+20,5.54017E+21,8.3454E+15,5.0012E+16
107051,107052,6,4,31,20,2016,9,18,7,3,5,3,0,0,0,1,0,1,0,0,4.68646E+20,5.4865E+21,8.56671E+15,4.95303E+16
107052,107053,6,4,37,11,2016,9,13,6,3,6,7,0,0,0,0,1,0,0,1,5.00563E+20,5.5021E+21,9.0078E+15,4.96715E+16
107053,107054,6,5,32,15,2016,9,18,5,3,2,6,0,0,0,1,0,1,0,0,4.67861E+20,5.60384E+21,8.54601E+15,5.05856E+16
107054,107055,6,4,34,8,2016,9,9,3,3,1,5,0,0,1,1,0,0,0,0,4.68701E+20,5.56232E+21,8.56133E+15,5.02122E+16
107055,107056,6,6,11,0,2016,9,17,5,3,0,2,0,0,0,0,0,1,0,0,5.37584E+20,5.68235E+21,9.539E+15,5.12913E+16
107056,107057,6,4,38,5,2016,9,8,5,3,5,3,0,0,1,1,0,0,0,0,4.8511E+20,5.54502E+21,8.79199E+15,5.00572E+16
107057,107058,6,4,37,13,2016,9,8,6,3,5,3,0,0,0,1,0,0,0,0,4.88547E+20,5.50667E+21,8.84113E+15,4.97125E+16
107058,107059,6,6,11,0,2016,9,16,3,3,6,6,0,0,1,0,1,0,0,0,5.34855E+20,5.68678E+21,9.5003E+15,5.13312E+16
107059,107060,6,5,32,23,2016,9,10,6,3,5,3,0,0,1,0,0,0,0,1,4.64814E+20,5.60082E+21,8.50326E+15,5.05582E+16
107060,107061,6,4,34,6,2016,9,14,5,3,5,3,0,0,1,1,0,0,0,0,4.66003E+20,5.55806E+21,8.52391E+15,5.01738E+16
107061,107062,6,6,35,3,2016,9,15,4,2,4,6,0,0,1,1,0,0,0,0,5.09475E+20,5.66378E+21,9.1354E+15,5.11254E+16
107062,107063,6,4,31,2,2016,9,8,2,3,2,6,0,0,0,1,0,0,0,0,4.71839E+20,5.50579E+21,8.60946E+15,4.97039E+16
107063,107064,6,4,32,4,2016,9,4,1,2,0,7,2,0,1,0,0,0,0,0,4.88579E+20,5.52789E+21,8.84096E+15,4.99033E+16
107064,107065,6,4,12,0,2016,9,17,6,3,5,2,0,0,0,1,0,0,0,0,4.69616E+20,5.55035E+21,8.57512E+15,5.01046E+16
107065,107066,6,4,11,0,2016,9,20,6,3,0,7,2,0,1,0,0,0,0,0,4.75892E+20,5.52791E+21,8.66429E+15,4.99031E+16
107066,107067,6,5,31,12,2016,9,6,5,3,3,2,0,0,1,1,0,0,0,0,4.77009E+20,5.59741E+21,8.67562E+15,5.05282E+16
107067,107068,6,4,11,0,2016,9,17,3,3,1,5,0,0,1,1,0,0,0,0,4.75197E+20,5.52224E+21,8.65498E+15,4.9852E+16
107068,107069,6,4,38,2,2016,9,8,5,2,0,1,0,0,0,0,0,1,0,0,4.78225E+20,5.54264E+21,8.69594E+15,5.00356E+16
107069,107070,6,4,12,0,2016,9,7,5,3,0,7,0,0,1,0,0,0,0,0,4.77893E+20,5.55222E+21,8.69075E+15,5.01218E+16
107070,107071,6,4,12,0,2016,9,8,2,3,3,2,0,0,1,1,0,0,0,0,4.64731E+20,5.54808E+21,8.50702E+15,5.0084E+16
107071,107072,6,4,12,0,2016,9,8,3,3,3,6,0,0,1,0,0,0,0,0,4.75681E+20,5.55549E+21,8.6596E+15,5.01511E+16
107072,107073,6,4,33,12,2016,9,4,2,3,5,3,2,0,1,1,0,0,0,0,4.58874E+20,5.53858E+21,8.42617E+15,4.99981E+16
107073,107074,6,4,32,18,2016,9,9,1,3,1,5,0,1,0,1,0,0,0,0,4.68168E+20,5.51584E+21,8.55771E+15,4.97941E+16
107074,107075,6,4,31,20,2016,9,8,3,3,5,3,0,0,1,0,0,0,0,0,4.69147E+20,5.48765E+21,8.57354E+15,4.95407E+16
107075,107076,6,4,33,12,2016,9,14,2,2,0,1,0,0,0,0,0,1,0,0,4.58726E+20,5.53819E+21,8.42416E+15,4.99946E+16
107076,107077,6,5,32,14,2016,9,19,1,3,5,3,0,0,1,1,0,0,0,0,4.67839E+20,5.59498E+21,8.54647E+15,5.05059E+16
107077,107078,6,4,38,11,2016,9,12,3,3,5,2,0,0,1,0,0,0,0,0,4.92084E+20,5.54098E+21,8.8895E+15,5.00211E+16
107078,107079,6,5,31,5,2016,9,17,1,3,5,3,0,0,0,1,0,0,0,0,4.77178E+20,5.60295E+21,8.67767E+15,5.0578E+16
107079,107080,6,4,12,0,2016,9,10,6,2,5,3,0,0,0,1,0,1,0,0,4.70122E+20,5.55058E+21,8.58217E+15,5.01067E+16
107080,107081,6,5,31,5,2016,9,5,5,2,5,3,2,0,0,1,0,0,0,0,4.76124E+20,5.60221E+21,8.66284E+15,5.05713E+16
107081,107082,6,4,14,0,2016,9,13,2,2,6,4,0,0,0,1,1,0,0,0,4.45564E+20,5.54576E+21,8.23946E+15,5.00616E+16
107082,107083,6,4,11,0,2016,9,10,2,3,5,3,0,0,0,1,0,0,0,0,4.72562E+20,5.52433E+21,8.61816E+15,4.98708E+16
107083,107084,6,4,12,0,2016,9,9,3,3,3,6,0,0,1,1,0,0,0,0,4.76479E+20,5.55166E+21,8.671E+15,5.01167E+16
107084,107085,6,6,11,0,2016,9,10,1,3,3,5,0,0,0,1,0,0,0,0,5.34884E+20,5.6865E+21,9.50069E+15,5.13287E+16
107085,107086,6,4,12,0,2016,9,13,7,3,0,1,0,0,0,0,0,1,0,0,4.70624E+20,5.54208E+21,8.58985E+15,5.00303E+16
107086,107087,6,4,33,3,2016,9,17,3,3,2,2,0,0,1,1,0,0,0,0,4.67659E+20,5.53092E+21,8.54939E+15,4.99298E+16
107087,107088,6,4,38,2,2016,9,16,6,3,5,3,0,0,0,1,0,0,0,0,4.77605E+20,5.54135E+21,8.68735E+15,5.0024E+16
107088,107089,6,4,13,0,2016,9,9,3,3,2,6,0,0,0,1,0,0,0,0,4.83354E+20,5.55062E+21,8.76721E+15,5.01076E+16
107089,107090,6,6,34,8,2016,9,18,4,3,0,1,0,0,0,0,0,1,0,0,5.33129E+20,5.67234E+21,9.47419E+15,5.12015E+16
107090,107091,6,4,12,0,2016,9,12,6,3,3,6,0,0,1,0,0,1,0,0,4.72606E+20,5.54803E+21,8.61709E+15,5.00839E+16
107091,107092,6,4,12,0,2016,9,21,3,3,5,3,2,0,0,1,0,0,0,0,4.67047E+20,5.55117E+21,8.53912E+15,5.01119E+16
107092,107093,6,6,36,1,2016,9,10,4,3,2,6,0,0,0,1,0,0,0,0,5.67628E+20,5.68009E+21,9.96938E+15,5.12681E+16
107093,107094,6,6,34,27,2016,9,16,4,2,8,1,0,0,0,0,0,1,0,0,5.12649E+20,5.65563E+21,9.18046E+15,5.10521E+16
107094,107095,6,4,34,10,2016,9,17,2,3,5,3,0,0,0,1,0,0,0,0,4.69003E+20,5.5583E+21,8.56589E+15,5.01761E+16
107095,107096,6,4,34,8,2016,9,13,2,2,5,3,0,0,1,1,0,0,0,0,4.70229E+20,5.55868E+21,8.58304E+15,5.01796E+16
107096,107097,6,4,11,0,2016,9,18,3,3,5,2,0,0,1,1,0,0,0,0,4.75545E+20,5.52435E+21,8.65968E+15,4.98711E+16
107097,107098,6,5,32,11,2016,9,3,1,3,1,5,2,1,0,1,0,1,0,0,4.42004E+20,5.62237E+21,8.17788E+15,5.07502E+16
107098,107099,6,4,35,6,2016,9,13,7,3,0,7,0,0,1,1,0,0,0,0,4.94906E+20,5.55831E+21,8.92866E+15,5.01769E+16
107099,107100,6,4,32,23,2016,9,12,3,3,2,6,0,0,0,1,0,1,0,0,4.7034E+20,5.52826E+21,8.58695E+15,4.9906E+16
107100,107101,6,6,11,0,2016,9,5,7,3,4,6,2,0,0,1,0,0,0,0,5.37767E+20,5.68442E+21,9.54185E+15,5.13098E+16
107101,107102,6,6,33,13,2016,9,12,6,2,5,2,0,0,0,1,0,1,0,0,5.26867E+20,5.70485E+21,9.38701E+15,5.14942E+16
107102,107103,6,4,32,18,2016,9,14,6,3,5,3,0,0,1,1,0,0,0,0,4.70886E+20,5.51698E+21,8.5954E+15,4.98046E+16
107103,107104,6,4,12,0,2016,9,11,3,2,5,3,0,0,0,1,0,0,0,1,4.75141E+20,5.55167E+21,8.65228E+15,5.01167E+16
107104,107105,6,4,33,6,2016,9,16,6,3,0,6,0,0,1,0,0,0,0,1,4.63045E+20,5.53002E+21,8.48519E+15,4.99214E+16
107105,107106,6,4,34,2,2016,9,15,5,2,2,6,0,0,0,1,0,0,0,0,4.74777E+20,5.56823E+21,8.6461E+15,5.02656E+16
107106,107107,6,4,38,7,2016,9,18,4,2,5,3,0,0,1,1,0,0,0,0,4.99531E+20,5.54013E+21,8.99345E+15,5.00135E+16
107107,107108,6,4,33,5,2016,9,7,2,3,5,3,0,0,0,1,0,0,0,0,4.52824E+20,5.53628E+21,8.34205E+15,4.9977E+16
107108,107109,6,4,33,10,2016,9,14,2,3,6,4,0,0,0,1,1,0,0,0,4.60842E+20,5.54049E+21,8.45344E+15,5.00154E+16
107109,107110,6,4,36,1,2016,9,18,7,3,5,3,0,0,0,1,0,0,0,0,4.64378E+20,5.554E+21,8.50153E+15,5.01371E+16
107110,107111,6,4,14,0,2016,9,12,7,2,6,7,0,0,0,1,1,0,0,0,4.5061E+20,5.54508E+21,8.31004E+15,5.00559E+16
107111,107112,6,4,35,18,2016,9,8,7,3,5,3,0,0,0,1,0,1,0,0,5.15461E+20,5.55791E+21,9.21651E+15,5.01732E+16
107112,107113,6,6,33,3,2016,9,16,6,3,5,3,0,0,1,1,0,0,0,0,5.28866E+20,5.67803E+21,9.41363E+15,5.12529E+16
107113,107114,6,4,36,1,2016,9,15,6,2,6,4,0,0,0,1,1,0,0,0,4.6432E+20,5.55438E+21,8.50068E+15,5.01406E+16
107114,107115,6,4,36,5,2016,9,18,5,3,5,3,0,0,0,1,0,0,0,0,4.63723E+20,5.5448E+21,8.49324E+15,5.00544E+16
107115,107116,6,4,38,6,2016,9,14,4,3,5,3,0,0,1,1,0,0,0,0,4.75722E+20,5.53783E+21,8.66129E+15,4.99923E+16
107116,107117,6,4,33,6,2016,9,13,2,3,5,3,0,0,1,1,0,0,0,0,4.62523E+20,5.52991E+21,8.47793E+15,4.99204E+16
107117,107118,6,4,12,0,2016,9,22,7,2,0,1,2,0,1,0,0,0,0,0,4.74798E+20,5.54853E+21,8.6477E+15,5.00885E+16
107118,107119,6,4,37,11,2016,9,17,7,2,1,7,0,0,0,1,0,0,1,0,5.06805E+20,5.50703E+21,9.0944E+15,4.97158E+16
107119,107120,6,5,33,9,2016,9,17,4,3,2,6,0,0,0,1,0,0,0,0,4.33449E+20,5.58211E+21,8.06384E+15,5.03873E+16
107120,107121,6,4,33,8,2016,9,18,3,3,5,3,0,0,1,1,0,0,0,0,4.68999E+20,5.53892E+21,8.56742E+15,5.00018E+16
107121,107122,6,4,11,0,2016,9,18,7,3,2,6,0,0,1,1,0,0,0,0,4.7538E+20,5.52558E+21,8.6573E+15,4.98821E+16
107122,107123,6,6,31,17,2016,9,10,7,3,5,3,0,0,0,1,0,0,0,0,5.50658E+20,5.59917E+21,9.71493E+15,5.05423E+16
107123,107124,6,4,39,11,2016,9,14,6,2,6,4,0,0,0,1,1,0,0,0,4.51269E+20,5.55687E+21,8.31773E+15,5.0162E+16
107124,107125,6,4,38,1,2016,9,12,3,3,8,7,0,0,0,1,0,0,0,0,4.84394E+20,5.54121E+21,8.78213E+15,5.0023E+16
107125,107126,6,4,13,0,2016,9,17,5,3,5,3,0,0,0,1,0,1,0,0,4.82744E+20,5.55092E+21,8.75867E+15,5.01103E+16
107126,107127,6,4,36,12,2016,9,13,3,3,5,1,0,0,0,1,0,1,0,0,4.65754E+20,5.55347E+21,8.52083E+15,5.01325E+16
107127,107128,6,5,34,11,2016,9,16,2,3,0,7,0,0,1,1,0,0,0,0,4.94368E+20,5.62994E+21,8.92005E+15,5.08212E+16
107128,107129,6,6,35,20,2016,9,18,7,3,4,6,0,0,0,1,0,1,0,0,5.07926E+20,5.69538E+21,9.11396E+15,5.14096E+16
107129,107130,6,4,34,2,2016,9,15,3,3,2,6,0,0,1,1,0,0,0,0,4.74574E+20,5.56715E+21,8.64332E+15,5.0256E+16
107130,107131,6,4,12,0,2016,9,10,6,3,0,1,0,0,0,0,0,1,0,0,4.72724E+20,5.55535E+21,8.61822E+15,5.01498E+16
107131,107132,6,4,12,0,2016,9,6,3,3,0,7,0,0,1,1,0,0,0,0,4.75471E+20,5.55616E+21,8.65662E+15,5.01572E+16
107132,107133,6,6,11,0,2016,9,17,4,3,5,3,0,0,1,0,0,0,0,1,5.34441E+20,5.68576E+21,9.49426E+15,5.13221E+16
107133,107134,6,4,12,0,2016,9,18,2,3,6,7,0,0,1,0,1,0,0,0,4.78492E+20,5.55298E+21,8.69908E+15,5.01287E+16
107134,107135,6,6,11,0,2016,9,8,2,3,5,3,0,0,0,1,0,1,0,0,5.3081E+20,5.68027E+21,9.44167E+15,5.1273E+16
107135,107136,6,4,12,0,2016,9,16,3,3,2,6,0,0,0,1,0,0,0,0,4.76426E+20,5.55302E+21,8.67017E+15,5.01289E+16
107136,107137,6,4,12,0,2016,9,15,1,3,1,5,0,0,1,1,0,0,0,0,4.77188E+20,5.55228E+21,8.68089E+15,5.01223E+16
107137,107138,6,4,12,0,2016,9,17,2,3,3,6,0,0,0,1,0,1,0,0,4.81501E+20,5.55331E+21,8.74117E+15,5.01317E+16
107138,107139,6,4,12,0,2016,9,10,3,2,2,7,0,0,0,1,0,1,0,0,4.82884E+20,5.55194E+21,8.76059E+15,5.01195E+16
107139,107140,6,4,35,14,2016,9,9,2,3,5,3,0,0,0,1,0,0,0,0,4.93883E+20,5.55248E+21,8.91443E+15,5.01245E+16
107140,107141,6,4,34,7,2016,9,11,7,3,5,3,0,0,0,1,0,0,0,0,4.64515E+20,5.57334E+21,8.50164E+15,5.03111E+16
107141,107142,6,4,33,12,2016,9,13,3,3,5,3,0,0,0,0,0,1,0,1,4.58388E+20,5.53766E+21,8.41949E+15,4.99898E+16
107142,107143,6,4,11,0,2016,9,23,6,3,2,6,2,0,0,1,0,0,0,0,4.74412E+20,5.52361E+21,8.64395E+15,4.98644E+16
107143,107144,6,4,12,0,2016,9,11,3,3,5,3,0,0,1,0,0,0,0,1,4.76283E+20,5.55401E+21,8.66812E+15,5.01379E+16
107144,107145,6,4,34,1,2016,9,15,4,3,2,6,0,0,0,1,0,0,0,0,4.72027E+20,5.56436E+21,8.6078E+15,5.02307E+16
107145,107146,6,4,40,3,2016,9,11,2,3,5,3,0,0,1,1,0,0,0,0,4.81645E+20,5.56009E+21,8.74286E+15,5.01927E+16
107146,107147,6,4,32,15,2016,9,19,2,3,5,3,0,0,0,1,0,0,0,0,4.90067E+20,5.52948E+21,8.86164E+15,4.99176E+16
107147,107148,6,6,31,9,2016,9,17,1,3,8,1,0,0,1,0,0,0,0,0,5.42732E+20,5.60051E+21,9.60323E+15,5.0555E+16
107148,107149,6,4,32,11,2016,9,9,7,3,0,2,0,0,1,1,0,0,0,0,4.87613E+20,5.52477E+21,8.8276E+15,4.98752E+16
107149,107150,6,4,39,15,2016,9,17,7,3,5,3,0,0,1,1,0,0,0,0,4.38522E+20,5.55418E+21,8.13972E+15,5.01367E+16
107150,107151,6,4,39,16,2016,9,15,6,2,4,1,0,0,0,1,0,0,0,0,4.50591E+20,5.56542E+21,8.30714E+15,5.02388E+16
107151,107152,6,4,31,2,2016,9,16,6,3,3,3,0,0,1,1,0,0,0,0,4.72775E+20,5.50282E+21,8.62263E+15,4.96773E+16
107152,107153,6,5,34,5,2016,9,10,7,3,5,3,0,0,0,1,0,0,0,0,4.60816E+20,5.63559E+21,8.44312E+15,5.08707E+16
107153,107154,6,6,31,9,2016,9,14,3,2,5,2,0,0,0,1,0,1,0,0,5.45636E+20,5.60021E+21,9.64418E+15,5.05521E+16
107154,107155,6,4,12,0,2016,9,20,7,3,4,7,2,0,0,1,0,0,0,0,4.82485E+20,5.55343E+21,8.75493E+15,5.01328E+16
107155,107156,6,4,34,8,2016,9,18,6,3,5,3,0,0,1,1,0,0,0,0,4.70516E+20,5.55957E+21,8.58699E+15,5.01876E+16
107156,107157,6,4,12,0,2016,9,18,3,3,1,5,0,0,0,1,0,0,0,0,4.77757E+20,5.55042E+21,8.68895E+15,5.01056E+16
107157,107158,6,4,33,12,2016,9,7,6,3,3,6,0,0,1,1,0,0,0,0,4.6002E+20,5.53518E+21,8.44251E+15,4.99677E+16
107158,107159,6,4,34,1,2016,9,18,4,3,2,6,0,0,0,1,0,0,0,0,4.72477E+20,5.56337E+21,8.61419E+15,5.02219E+16
107159,107160,6,4,12,0,2016,9,14,7,3,6,7,0,0,1,0,1,0,0,0,4.76046E+20,5.55393E+21,8.66481E+15,5.01371E+16
107160,107161,6,4,32,19,2016,9,1,7,3,7,7,2,0,0,1,0,0,0,0,4.87765E+20,5.51837E+21,8.82992E+15,4.98177E+16
107161,107162,6,4,38,2,2016,9,15,6,3,2,6,0,0,0,1,0,0,0,0,4.78006E+20,5.54022E+21,8.69303E+15,5.00139E+16
107162,107163,6,4,14,0,2016,9,18,4,3,9,6,0,0,0,1,0,0,0,0,4.48371E+20,5.54147E+21,8.27925E+15,5.00233E+16
107163,107164,6,4,38,13,2016,9,11,3,3,5,3,0,0,0,1,0,0,0,0,4.97995E+20,5.54327E+21,8.972E+15,5.00417E+16
107164,107165,6,5,33,9,2016,9,16,5,3,5,3,0,0,0,1,0,1,0,0,4.32807E+20,5.58205E+21,8.05482E+15,5.03867E+16
107165,107166,6,5,32,6,2016,9,14,5,3,7,7,0,0,0,0,0,0,0,1,4.49419E+20,5.62147E+21,8.28311E+15,5.07428E+16
107166,107167,6,4,35,14,2016,9,13,2,3,6,7,0,0,0,0,1,0,0,1,4.91997E+20,5.55372E+21,8.88801E+15,5.01357E+16
107167,107168,6,4,31,2,2016,9,20,7,2,3,2,1,0,1,1,0,0,0,0,4.72613E+20,5.50373E+21,8.62033E+15,4.96855E+16
107168,107169,6,4,12,0,2016,9,11,3,3,6,4,0,0,0,1,1,0,0,0,4.79074E+20,5.55261E+21,8.70725E+15,5.01254E+16
107169,107170,6,4,12,0,2016,9,19,6,2,4,3,0,0,0,1,0,1,0,0,4.81851E+20,5.55433E+21,8.74602E+15,5.01409E+16
107170,107171,6,4,32,3,2016,9,15,5,3,5,3,0,0,0,1,0,0,0,0,4.71928E+20,5.51095E+21,8.61031E+15,4.97503E+16
107171,107172,6,4,40,3,2016,9,16,4,3,5,2,0,0,0,1,0,1,0,0,4.81366E+20,5.55929E+21,8.73899E+15,5.01855E+16
107172,107173,6,4,13,0,2016,9,0,1,3,5,3,2,0,0,1,0,0,0,0,4.84286E+20,5.5496E+21,8.78029E+15,5.00984E+16
107173,107174,6,4,33,7,2016,9,21,7,3,6,4,2,0,0,1,1,0,0,0,4.66331E+20,5.54584E+21,8.52958E+15,5.00639E+16
107174,107175,6,5,35,11,2016,9,12,6,3,5,7,0,0,1,1,0,0,0,0,5.27961E+20,5.60918E+21,9.39537E+15,5.06338E+16
107175,107176,6,4,38,8,2016,9,18,6,3,6,4,0,0,0,1,1,0,0,0,4.8843E+20,5.55215E+21,8.83815E+15,5.01214E+16
107176,107177,6,4,14,0,2016,9,6,4,3,5,3,0,0,1,1,0,0,0,0,4.45076E+20,5.54634E+21,8.23255E+15,5.00668E+16
107177,107178,6,4,32,10,2016,9,18,3,3,0,1,0,0,0,0,0,1,0,0,4.94725E+20,5.52455E+21,8.92659E+15,4.98734E+16
107178,107179,6,4,12,0,2016,9,8,5,3,0,3,0,0,1,1,0,0,0,0,4.73943E+20,5.5514E+21,8.63555E+15,5.01143E+16
107179,107180,6,6,11,0,2016,9,8,2,2,0,1,0,0,1,0,0,0,0,0,5.35311E+20,5.68592E+21,9.50676E+15,5.13235E+16
107180,107181,6,4,12,0,2016,9,10,3,3,6,2,0,0,0,1,1,0,0,0,4.7796E+20,5.55538E+21,8.6915E+15,5.01502E+16
107181,107182,6,5,34,11,2016,9,18,7,3,8,7,0,0,0,0,0,1,0,0,4.94182E+20,5.62956E+21,8.91741E+15,5.08178E+16
107182,107183,6,4,40,18,2016,9,20,3,3,5,3,2,0,0,1,0,1,0,0,4.78486E+20,5.58022E+21,8.69745E+15,5.03736E+16
107183,107184,6,4,12,0,2016,9,6,6,3,3,6,1,0,0,1,0,1,0,0,4.76294E+20,5.55352E+21,8.66831E+15,5.01335E+16
107184,107185,6,4,38,10,2016,9,19,3,3,0,7,0,0,1,1,0,0,0,0,4.89569E+20,5.54712E+21,8.85422E+15,5.00763E+16
107185,107186,6,4,35,14,2016,9,1,7,2,2,6,2,0,1,1,0,0,0,0,4.92538E+20,5.5529E+21,8.8956E+15,5.01283E+16
107186,107187,6,4,38,11,2016,9,21,6,3,2,6,2,0,0,1,0,0,0,0,4.90736E+20,5.54161E+21,8.87066E+15,5.00267E+16
107187,107188,6,4,14,0,2016,9,17,4,3,5,3,0,0,1,1,0,0,0,0,4.4507E+20,5.54795E+21,8.23224E+15,5.00813E+16
107188,107189,6,6,11,0,2016,9,16,2,3,5,3,0,0,0,1,0,1,0,0,5.3557E+20,5.68463E+21,9.51034E+15,5.13119E+16
107189,107190,6,4,11,0,2016,9,17,2,3,6,4,0,0,0,1,1,0,0,0,4.74921E+20,5.5229E+21,8.65109E+15,4.9858E+16
107190,107191,6,4,12,0,2016,9,8,3,3,3,6,0,0,1,0,0,0,0,0,4.7567E+20,5.55201E+21,8.65966E+15,5.01199E+16
107191,107192,6,4,36,1,2016,9,19,2,2,9,1,1,0,1,0,0,0,0,0,4.6451E+20,5.55491E+21,8.50329E+15,5.01453E+16
107192,107193,6,5,32,23,2016,9,15,7,3,2,6,0,0,0,1,0,0,0,0,4.64941E+20,5.60244E+21,8.50491E+15,5.05728E+16
107193,107194,6,4,33,6,2016,9,17,3,3,5,3,0,0,1,1,0,0,0,0,4.62214E+20,5.53005E+21,8.47361E+15,4.99217E+16
107194,107195,6,4,38,13,2016,9,9,6,3,5,3,0,0,0,1,0,0,0,0,5.0048E+20,5.54318E+21,9.00671E+15,5.0041E+16
107195,107196,6,4,12,0,2016,9,19,3,3,6,4,0,0,0,1,1,0,0,0,4.73945E+20,5.55027E+21,8.63566E+15,5.01041E+16
107196,107197,6,4,40,3,2016,9,13,4,2,2,6,0,0,1,1,0,0,0,0,4.81009E+20,5.55947E+21,8.73397E+15,5.01872E+16
107197,107198,6,4,11,0,2016,9,13,2,3,3,2,0,0,0,0,0,0,1,1,4.74454E+20,5.51971E+21,8.6448E+15,4.98293E+16
107198,107199,6,4,40,21,2016,9,14,2,2,6,7,0,0,0,0,1,0,1,0,4.8886E+20,5.57631E+21,8.84346E+15,5.03388E+16
107199,107200,6,4,12,0,2016,9,9,3,3,2,6,0,0,0,1,0,0,0,0,4.77248E+20,5.55254E+21,8.68171E+15,5.01247E+16
107200,107201,6,4,13,0,2016,9,14,4,3,8,7,0,0,0,1,0,0,0,0,4.84685E+20,5.54801E+21,8.78592E+15,5.00841E+16
107201,107202,6,4,40,21,2016,9,21,4,3,6,6,2,0,0,0,1,0,0,1,4.88741E+20,5.57655E+21,8.84177E+15,5.03409E+16
107202,107203,6,4,38,9,2016,9,15,2,3,5,3,0,0,0,1,0,0,0,0,4.7775E+20,5.54334E+21,8.68926E+15,5.00419E+16
107203,107204,6,4,39,15,2016,9,18,2,3,0,7,0,0,1,0,0,0,0,0,4.40886E+20,5.55527E+21,8.17264E+15,5.01467E+16
107204,107205,6,4,11,0,2016,9,18,3,3,1,5,0,0,1,1,0,0,0,0,4.75119E+20,5.52352E+21,8.65381E+15,4.98636E+16
107205,107206,6,4,38,6,2016,9,14,1,3,1,5,0,0,1,1,0,0,0,0,4.76369E+20,5.53704E+21,8.67037E+15,4.99852E+16
107206,107207,6,5,35,16,2016,9,15,6,3,0,7,0,0,1,1,0,0,0,0,5.08843E+20,5.59467E+21,9.1247E+15,5.05039E+16
107207,107208,6,4,35,14,2016,9,5,3,3,3,6,0,0,0,1,0,0,0,0,4.95732E+20,5.55287E+21,8.94029E+15,5.0128E+16
107208,107209,6,4,32,8,2016,9,16,7,3,2,6,0,0,1,1,0,0,0,0,4.70257E+20,5.52357E+21,8.58616E+15,4.98638E+16
107209,107210,6,4,38,12,2016,9,12,6,3,5,3,0,0,1,1,0,0,0,0,4.86639E+20,5.539E+21,8.81356E+15,5.00032E+16
107210,107211,6,4,32,18,2016,9,19,3,3,5,3,0,0,1,1,0,0,0,0,4.71355E+20,5.51522E+21,8.60204E+15,4.97888E+16
107211,107212,6,4,33,12,2016,9,8,6,3,2,7,0,0,0,1,0,0,0,0,4.56674E+20,5.53648E+21,8.39572E+15,4.99791E+16
107212,107213,6,4,40,8,2016,9,10,4,3,5,3,0,0,1,1,0,0,0,0,4.83293E+20,5.57626E+21,8.76523E+15,5.03382E+16
107213,107214,6,5,33,9,2016,9,16,6,2,0,7,0,0,0,1,0,1,0,0,4.32857E+20,5.58336E+21,8.05528E+15,5.03984E+16
107214,107215,6,4,31,15,2016,9,4,7,3,6,7,2,0,0,0,1,0,0,1,4.84064E+20,5.50316E+21,8.7791E+15,4.96807E+16
107215,107216,6,4,38,11,2016,9,7,6,3,0,6,0,0,1,0,0,0,0,0,4.91948E+20,5.54146E+21,8.88759E+15,5.00254E+16
107216,107217,6,4,14,0,2016,9,15,7,2,5,2,0,0,0,1,0,0,0,1,4.45975E+20,5.54773E+21,8.24493E+15,5.00794E+16
107217,107218,6,6,11,0,2016,9,14,6,3,6,4,0,0,0,1,1,0,0,0,5.37101E+20,5.68369E+21,9.53221E+15,5.13033E+16
107218,107219,6,5,33,12,2016,9,10,7,3,6,6,0,0,0,1,1,0,0,0,4.42669E+20,5.59515E+21,8.19152E+15,5.05055E+16
107219,107220,6,4,34,1,2016,9,18,6,3,5,3,0,0,0,1,0,0,0,0,4.7661E+20,5.56372E+21,8.6721E+15,5.02252E+16