FID,OBJECTID,ULAND,UREGBEZ,UKREIS,UGEMEINDE,UJAHR,UMONAT,USTUNDE,UWOCHENTAG,UKATEGORIE,UART,UTYP1,ULICHTVERH,IstStrasse,IstRad,IstPKW,IstFuss,IstKrad,IstGkfz,IstSonstig,LINREFX,LINREFY,XGCSWGS84,YGCSWGS84
107220,107221,6,5,31,5,2016,9,13,6,3,2,6,0,0,0,1,0,0,0,0,4.77932E+20,5.60207E+21,8.68837E+15,5.05701E+16
107221,107222,6,4,32,19,2016,9,18,5,3,2,6,0,0,0,1,0,0,0,0,4.88047E+20,5.51987E+21,8.8338E+15,4.98312E+16
107222,107223,6,4,33,2,2016,9,16,4,3,5,3,0,0,1,1,0,0,0,0,4.54187E+20,5.5374E+21,8.36092E+15,4.99872E+16
107223,107224,6,4,12,0,2016,9,2,1,2,6,4,2,0,0,1,1,0,0,0,4.75962E+20,5.55088E+21,8.66382E+15,5.01097E+16
107224,107225,6,4,14,0,2016,9,21,6,3,5,3,2,0,1,1,0,0,0,0,4.48444E+20,5.53977E+21,8.28049E+15,5.0008E+16
107225,107226,6,4,36,9,2016,9,16,6,3,1,6,0,0,1,1,0,0,0,0,4.61936E+20,5.54769E+21,8.468E+15,5.00803E+16
107226,107227,6,4,13,0,2016,9,11,4,3,6,2,0,0,0,1,1,0,0,0,4.85188E+20,5.5481E+21,8.79295E+15,5.0085E+16
107227,107228,6,4,33,8,2016,9,16,3,3,1,5,0,0,1,1,0,0,0,0,4.68849E+20,5.53508E+21,8.56563E+15,4.99672E+16
107228,107229,6,6,34,19,2016,9,11,5,3,3,6,0,0,1,1,0,0,0,0,5.32468E+20,5.6338E+21,9.46127E+15,5.08549E+16
107229,107230,6,4,12,0,2016,9,7,2,3,5,3,0,0,1,1,0,0,0,0,4.7413E+20,5.54813E+21,8.63839E+15,5.00849E+16
107230,107231,6,4,12,0,2016,9,13,3,3,5,2,0,0,1,1,0,0,0,0,4.77443E+20,5.54974E+21,8.68459E+15,5.00995E+16
107231,107232,6,4,34,9,2016,9,11,3,3,1,7,0,0,0,1,0,0,0,0,4.61334E+20,5.56459E+21,8.45787E+15,5.02322E+16
107232,107233,6,4,14,0,2016,9,15,5,2,1,5,0,0,1,1,0,0,0,0,4.44755E+20,5.54431E+21,8.22836E+15,5.00485E+16
107233,107234,6,4,12,0,2016,9,1,1,3,6,4,2,0,0,1,1,0,0,0,4.77686E+20,5.55094E+21,8.68792E+15,5.01103E+16
107234,107235,6,4,14,0,2016,9,18,6,3,5,2,0,0,0,1,0,1,0,0,4.53938E+20,5.5431E+21,8.35677E+15,5.00384E+16
107235,107236,6,4,34,8,2016,9,12,3,2,5,3,0,0,0,0,0,0,0,1,4.70082E+20,5.56156E+21,8.58076E+15,5.02054E+16
107236,107237,6,4,12,0,2016,9,13,6,3,4,6,0,0,1,0,0,1,0,0,4.73954E+20,5.55692E+21,8.63532E+15,5.01639E+16
107237,107238,6,6,33,3,2016,9,16,3,3,5,2,0,0,1,0,0,1,0,0,5.32194E+20,5.67848E+21,9.46135E+15,5.12568E+16
107238,107239,6,4,12,0,2016,9,20,4,3,0,4,1,0,1,0,1,0,0,0,4.67879E+20,5.54981E+21,8.55087E+15,5.00996E+16
107239,107240,6,4,12,0,2016,9,10,2,3,6,4,0,0,1,0,1,0,0,0,4.77927E+20,5.55551E+21,8.69103E+15,5.01514E+16
107240,107241,6,6,35,8,2016,9,7,2,3,5,3,0,0,0,1,0,0,0,0,5.0113E+20,5.7027E+21,9.01626E+15,5.14755E+16
107241,107242,6,4,12,0,2016,9,8,3,3,5,3,0,0,1,1,0,0,0,0,4.75867E+20,5.55328E+21,8.66234E+15,5.01313E+16
107242,107243,6,4,13,0,2016,9,18,1,3,2,6,0,0,0,1,0,0,0,0,4.81783E+20,5.55114E+21,8.74522E+15,5.01122E+16
107243,107244,6,4,14,0,2016,9,18,6,2,4,6,0,0,1,1,0,0,0,0,4.44013E+20,5.54736E+21,8.21755E+15,5.00759E+16
107244,107245,6,5,34,14,2016,9,16,3,3,2,6,0,0,0,1,0,0,0,1,4.8366E+20,5.6267E+21,8.76817E+15,5.07918E+16
107245,107246,6,4,12,0,2016,9,10,7,2,6,4,0,0,0,1,1,0,0,0,4.75195E+20,5.55425E+21,8.65288E+15,5.014E+16
107246,107247,6,6,31,9,2016,9,8,2,3,6,4,0,0,0,1,1,0,0,0,5.48117E+20,5.59888E+21,9.67904E+15,5.05399E+16
107247,107248,6,4,13,0,2016,9,7,6,3,5,3,0,0,1,1,0,0,0,0,4.83181E+20,5.54938E+21,8.76485E+15,5.00964E+16
107248,107249,6,4,31,2,2016,9,21,3,3,7,7,2,0,1,0,1,0,0,0,4.72603E+20,5.5052E+21,8.62008E+15,4.96987E+16
107249,107250,6,4,37,6,2016,9,14,6,3,5,3,0,0,0,1,0,1,0,0,4.99288E+20,5.5012E+21,8.99014E+15,4.96633E+16
107250,107251,6,4,39,8,2016,9,13,3,3,6,3,0,0,0,1,1,0,0,0,4.48283E+20,5.56261E+21,8.27515E+15,5.02134E+16
107251,107252,6,6,31,9,2016,9,10,4,3,3,2,0,0,0,1,0,0,0,1,5.47842E+20,5.60035E+21,9.67535E+15,5.05532E+16
107252,107253,6,4,36,4,2016,9,9,2,3,5,3,0,0,0,1,0,1,0,0,4.58557E+20,5.54044E+21,8.42154E+15,5.00148E+16
107253,107254,6,4,34,5,2016,9,16,2,3,1,5,0,0,0,1,1,0,0,0,4.62207E+20,5.55859E+21,8.4707E+15,5.01783E+16
107254,107255,6,4,32,4,2016,9,0,1,3,0,1,2,0,1,0,0,0,0,0,4.89306E+20,5.52766E+21,8.85109E+15,4.99012E+16
107255,107256,6,4,12,0,2016,9,16,6,3,5,3,0,0,1,1,0,0,0,0,4.73099E+20,5.54766E+21,8.62402E+15,5.00806E+16
107256,107257,6,6,35,8,2016,9,11,7,2,0,1,0,0,0,0,0,1,0,0,4.97471E+20,5.70509E+21,8.96356E+15,5.1497E+16
107257,107258,6,4,35,12,2016,9,18,6,3,5,7,0,0,0,1,0,0,0,0,5.0992E+20,5.56146E+21,9.13901E+15,5.02052E+16
107258,107259,6,4,32,8,2016,9,17,6,3,2,2,0,0,1,0,0,0,0,1,4.68083E+20,5.52398E+21,8.55587E+15,4.98674E+16
107259,107260,6,5,34,14,2016,9,13,6,3,5,2,0,0,1,1,0,0,0,0,4.83066E+20,5.62779E+21,8.75969E+15,5.08016E+16
107260,107261,6,4,34,2,2016,9,19,5,3,5,3,1,0,0,1,0,1,0,0,4.73898E+20,5.56693E+21,8.63386E+15,5.0254E+16
107261,107262,6,5,31,5,2016,9,13,2,2,5,3,0,0,1,1,0,0,0,0,4.7614E+20,5.60276E+21,8.66303E+15,5.05762E+16
107262,107263,6,4,32,16,2016,9,14,3,3,6,7,0,0,0,0,1,0,0,1,4.81704E+20,5.52029E+21,8.74558E+15,4.98348E+16
107263,107264,6,5,33,9,2016,9,10,6,3,5,3,0,0,1,0,0,0,0,1,4.32755E+20,5.58094E+21,8.05429E+15,5.03767E+16
107264,107265,6,4,11,0,2016,9,14,6,3,2,7,0,0,0,0,0,1,0,1,4.74414E+20,5.51827E+21,8.64434E+15,4.98163E+16
107265,107266,6,4,38,2,2016,9,17,4,3,0,4,0,0,0,0,1,1,0,0,4.78187E+20,5.5419E+21,8.69545E+15,5.0029E+16
107266,107267,6,4,12,0,2016,9,18,4,3,5,2,1,0,1,1,0,0,0,0,4.7565E+20,5.55209E+21,8.65939E+15,5.01206E+16
107267,107268,6,4,39,15,2016,9,16,2,3,1,5,0,0,1,1,0,0,0,0,4.38417E+20,5.55357E+21,8.13835E+15,5.01312E+16
107268,107269,6,4,33,12,2016,9,5,4,3,0,7,2,0,1,1,0,0,0,0,4.56084E+20,5.53797E+21,8.38731E+15,4.99925E+16
107269,107270,6,4,12,0,2016,9,18,4,3,5,3,0,0,1,1,0,0,0,0,4.69162E+20,5.5525E+21,8.56859E+15,5.01239E+16
107270,107271,6,6,34,3,2016,9,11,3,3,5,3,0,1,0,1,0,0,0,0,5.30635E+20,5.66446E+21,9.43782E+15,5.11308E+16
107271,107272,6,4,36,10,2016,9,4,7,3,9,1,2,0,0,1,0,0,0,0,4.63113E+20,5.55312E+21,8.48391E+15,5.01292E+16
107272,107273,6,4,14,0,2016,9,12,5,3,5,3,0,0,1,1,0,0,0,0,4.45814E+20,5.54724E+21,8.24273E+15,5.0075E+16
107273,107274,6,4,14,0,2016,9,15,5,3,3,5,0,0,0,1,0,0,0,0,4.46872E+20,5.54538E+21,8.25778E+15,5.00583E+16
107274,107275,6,4,12,0,2016,9,18,5,3,5,3,0,0,1,1,0,0,0,0,4.68326E+20,5.55198E+21,8.55694E+15,5.01192E+16
107275,107276,6,5,31,4,2016,9,15,6,3,5,3,0,0,0,1,0,0,0,0,4.82428E+20,5.60325E+21,8.7518E+15,5.05809E+16
107276,107277,6,4,38,11,2016,9,17,4,3,5,3,0,0,0,1,0,1,0,0,4.90969E+20,5.53941E+21,8.87397E+15,5.00069E+16
107277,107278,6,4,12,0,2016,9,20,4,3,1,5,2,0,0,1,0,0,0,0,4.77968E+20,5.55258E+21,8.69178E+15,5.01251E+16
107278,107279,6,4,33,9,2016,9,13,7,3,9,1,0,0,0,1,0,0,0,0,4.60427E+20,5.53305E+21,8.44841E+15,4.99485E+16
107279,107280,6,4,34,8,2016,9,8,2,3,0,4,0,0,1,0,1,0,0,0,4.70944E+20,5.56028E+21,8.59293E+15,5.0194E+16
107280,107281,6,4,33,5,2016,9,7,4,3,5,3,0,0,1,1,0,0,0,0,4.51016E+20,5.53835E+21,8.31657E+15,4.99955E+16
107281,107282,6,4,32,19,2016,9,14,2,2,0,1,0,0,0,1,0,1,0,0,4.87603E+20,5.52008E+21,8.82761E+15,4.9833E+16
107282,107283,6,4,34,1,2016,9,6,3,3,5,3,2,0,1,1,0,0,0,0,4.71494E+20,5.56454E+21,8.60031E+15,5.02324E+16
107283,107284,6,4,12,0,2016,9,14,5,3,2,6,0,0,0,1,0,0,0,0,4.74446E+20,5.55811E+21,8.64213E+15,5.01746E+16
107284,107285,6,4,12,0,2016,9,14,5,3,1,7,0,0,0,1,1,0,0,0,4.75919E+20,5.55038E+21,8.66325E+15,5.01052E+16
107285,107286,6,4,36,3,2016,9,18,1,3,5,2,1,0,1,1,0,0,0,0,4.67794E+20,5.55611E+21,8.54916E+15,5.01563E+16
107286,107287,6,4,12,0,2016,9,20,4,3,5,3,2,0,1,1,0,0,0,0,4.78382E+20,5.55269E+21,8.69757E+15,5.01261E+16
107287,107288,6,4,31,20,2016,9,8,3,2,1,5,0,0,0,1,0,0,0,0,4.69867E+20,5.48727E+21,8.58353E+15,4.95373E+16
107288,107289,6,5,34,14,2016,9,11,7,3,6,1,0,0,0,1,1,0,0,0,4.81946E+20,5.62422E+21,8.74397E+15,5.07694E+16
107289,107290,6,4,12,0,2016,9,14,4,3,0,1,0,0,1,0,0,0,0,0,4.77886E+20,5.55282E+21,8.69062E+15,5.01272E+16
107290,107291,6,4,14,0,2016,9,21,6,3,9,1,2,0,0,1,0,1,0,0,4.41624E+20,5.5466E+21,8.18428E+15,5.00688E+16
107291,107292,6,6,11,0,2016,9,21,4,3,1,5,2,0,1,1,0,0,0,0,5.36513E+20,5.68199E+21,9.5236E+15,5.12881E+16
107292,107293,6,5,33,8,2016,9,18,1,3,6,4,0,0,0,1,1,0,0,0,4.40138E+20,5.57343E+21,8.1593E+15,5.031E+16
107293,107294,6,4,40,2,2016,9,0,3,3,5,3,2,0,1,1,0,0,0,0,4.81065E+20,5.57895E+21,8.73379E+15,5.03623E+16
107294,107295,6,4,14,0,2016,9,13,7,3,1,5,0,0,1,1,0,0,0,0,4.45092E+20,5.54596E+21,8.23283E+15,5.00634E+16
107295,107296,6,4,12,0,2016,9,8,5,3,6,4,0,0,0,1,1,0,0,0,4.74082E+20,5.55564E+21,8.63721E+15,5.01524E+16
107296,107297,6,4,38,2,2016,9,8,5,3,5,3,0,0,1,1,0,0,0,0,4.78161E+20,5.54251E+21,8.69506E+15,5.00345E+16
107297,107298,6,4,12,0,2016,9,14,1,2,3,6,0,0,1,1,0,0,0,0,4.75569E+20,5.55675E+21,8.65795E+15,5.01625E+16
107298,107299,6,5,34,14,2016,9,13,3,3,2,6,0,0,0,1,0,0,0,0,4.8294E+20,5.63165E+21,8.75773E+15,5.08363E+16
107299,107300,6,4,14,0,2016,9,14,6,3,5,7,0,0,0,1,0,0,0,1,4.44148E+20,5.54773E+21,8.21938E+15,5.00793E+16
107300,107301,6,5,34,4,2016,9,15,1,3,2,2,0,0,0,1,0,0,0,0,4.6695E+20,5.6401E+21,8.52988E+15,5.09116E+16
107301,107302,6,6,31,10,2016,9,19,7,3,2,6,2,0,0,1,0,0,0,0,5.65369E+20,5.58923E+21,9.92077E+15,5.04514E+16
107302,107303,6,4,12,0,2016,9,11,5,3,5,2,0,0,1,1,0,0,0,0,4.76569E+20,5.55352E+21,8.67215E+15,5.01334E+16
107303,107304,6,4,34,1,2016,9,17,6,3,4,6,0,0,1,1,0,0,0,0,4.73479E+20,5.56424E+21,8.62816E+15,5.02297E+16
107304,107305,6,6,11,0,2016,9,17,1,3,1,1,0,0,0,1,0,0,0,0,5.30901E+20,5.6805E+21,9.443E+15,5.1275E+16
107305,107306,6,4,36,5,2016,9,17,3,2,0,7,0,0,1,1,0,0,0,0,4.63527E+20,5.54621E+21,8.49036E+15,5.0067E+16
107306,107307,6,4,34,11,2016,9,16,7,3,3,6,0,0,1,0,0,0,0,1,4.67021E+20,5.57801E+21,8.53642E+15,5.03533E+16
107307,107308,6,4,12,0,2016,9,8,5,3,2,6,0,0,0,1,0,0,0,0,4.8319E+20,5.55271E+21,8.76483E+15,5.01264E+16
107308,107309,6,4,12,0,2016,9,2,6,3,8,1,2,0,0,1,0,0,0,0,4.73397E+20,5.55313E+21,8.62779E+15,5.01298E+16
107309,107310,6,4,36,7,2016,9,10,5,3,0,7,0,0,1,1,0,0,0,0,4.60548E+20,5.54817E+21,8.44854E+15,5.00845E+16
107310,107311,6,4,13,0,2016,9,13,2,3,2,6,0,0,1,1,0,0,0,0,4.8375E+20,5.54999E+21,8.77277E+15,5.0102E+16
107311,107312,6,4,38,7,2016,9,17,1,3,5,3,0,0,0,1,0,1,0,0,4.99023E+20,5.54021E+21,8.98636E+15,5.00142E+16
107312,107313,6,4,33,7,2016,9,14,4,2,5,3,0,0,1,1,0,0,0,0,4.66372E+20,5.54467E+21,8.53025E+15,5.00534E+16
107313,107314,6,4,35,14,2016,9,6,3,2,6,2,1,0,0,1,1,0,0,0,4.94232E+20,5.55314E+21,8.91929E+15,5.01305E+16
107314,107315,6,4,12,0,2016,9,18,5,3,1,5,0,0,1,1,0,0,0,0,4.76624E+20,5.55142E+21,8.67304E+15,5.01145E+16
107315,107316,6,4,32,16,2016,9,21,6,3,7,7,2,0,1,0,0,0,0,0,4.81797E+20,5.51915E+21,8.74692E+15,4.98245E+16
107316,107317,6,4,38,5,2016,9,20,4,3,0,7,1,0,1,0,0,0,0,0,4.85747E+20,5.54434E+21,8.80091E+15,5.00512E+16
107317,107318,6,4,12,0,2016,9,7,4,3,2,7,0,0,0,1,0,1,0,0,4.77381E+20,5.55135E+21,8.68363E+15,5.0114E+16
107318,107319,6,4,14,0,2016,9,13,6,3,5,3,0,0,1,0,0,0,0,0,4.45482E+20,5.54784E+21,8.23801E+15,5.00803E+16
107319,107320,6,4,38,9,2016,9,20,2,3,5,2,2,0,1,1,0,0,0,0,4.8174E+20,5.54543E+21,8.74489E+15,5.00609E+16
107320,107321,6,6,31,15,2016,9,16,4,3,8,1,0,0,0,1,0,0,0,0,5.54777E+20,5.6142E+21,9.77527E+15,5.06771E+16
107321,107322,6,4,12,0,2016,9,10,4,3,5,3,0,0,0,1,0,0,0,0,4.67633E+20,5.55065E+21,8.54736E+15,5.01072E+16
107322,107323,6,4,34,1,2016,9,17,4,3,5,3,0,0,1,1,0,0,0,0,4.73527E+20,5.56331E+21,8.6289E+15,5.02214E+16
107323,107324,6,4,12,0,2016,9,17,2,3,8,1,0,0,0,1,0,1,0,0,4.76035E+20,5.55091E+21,8.66484E+15,5.01099E+16
107324,107325,6,4,38,9,2016,9,17,1,3,5,3,0,0,0,1,0,0,0,0,4.77711E+20,5.54459E+21,8.68865E+15,5.00532E+16
107325,107326,6,5,31,5,2016,9,17,4,3,5,3,0,0,1,1,0,0,0,0,4.74866E+20,5.60394E+21,8.64496E+15,5.05868E+16
107326,107327,6,4,12,0,2016,9,7,4,3,1,6,0,0,1,0,0,0,0,1,4.74255E+20,5.55616E+21,8.6396E+15,5.01571E+16
107327,107328,6,5,31,5,2016,9,14,3,3,2,6,0,0,0,1,0,0,0,0,4.75273E+20,5.60149E+21,8.65086E+15,5.05648E+16
107328,107329,6,4,12,0,2016,9,16,6,3,5,3,0,0,1,1,0,0,0,0,4.74458E+20,5.55679E+21,8.64239E+15,5.01628E+16
107329,107330,6,4,12,0,2016,9,17,5,3,1,5,0,0,1,1,0,0,0,0,4.76847E+20,5.55125E+21,8.67618E+15,5.0113E+16
107330,107331,6,4,14,0,2016,9,19,5,3,6,2,2,0,0,1,1,0,0,0,4.4579E+20,5.54861E+21,8.24221E+15,5.00873E+16
107331,107332,6,4,34,1,2016,9,8,4,3,5,3,0,0,0,0,0,1,0,1,4.72437E+20,5.56428E+21,8.61356E+15,5.023E+16
107332,107333,6,6,34,13,2016,9,14,4,3,5,3,0,0,0,1,0,0,0,0,5.32164E+20,5.6593E+21,9.45921E+15,5.10843E+16
107333,107334,6,4,12,0,2016,9,10,6,3,5,6,0,0,0,1,0,0,0,0,4.73502E+20,5.55226E+21,8.62933E+15,5.0122E+16
107334,107335,6,6,11,0,2016,9,22,4,3,2,7,2,0,0,1,0,1,0,0,5.35851E+20,5.6857E+21,9.51448E+15,5.13215E+16
107335,107336,6,4,32,21,2016,9,21,2,3,5,3,2,0,0,1,0,0,1,0,5.00466E+20,5.53002E+21,9.00649E+15,4.99226E+16
107336,107337,6,4,36,1,2016,9,8,4,2,5,2,0,0,1,1,0,0,0,0,4.64674E+20,5.55478E+21,8.5056E+15,5.01442E+16
107337,107338,6,4,33,12,2016,9,12,2,3,5,2,0,0,1,1,0,0,0,0,4.60333E+20,5.53683E+21,8.4467E+15,4.99825E+16
107338,107339,6,4,36,5,2016,9,8,3,3,0,1,0,0,0,1,0,1,0,0,4.6366E+20,5.54692E+21,8.49216E+15,5.00735E+16
107339,107340,6,6,35,22,2016,9,21,7,3,8,1,2,0,1,0,0,0,0,0,4.77104E+20,5.68156E+21,8.67169E+15,5.12849E+16
107340,107341,6,4,32,6,2016,9,7,5,3,5,3,0,0,1,1,0,0,0,0,4.73808E+20,5.53344E+21,8.63488E+15,4.99528E+16
107341,107342,6,4,38,11,2016,9,7,3,3,5,2,0,0,0,1,0,0,0,1,4.90692E+20,5.54271E+21,8.87002E+15,5.00366E+16
107342,107343,6,4,12,0,2016,9,15,6,3,6,7,0,0,1,0,1,0,0,0,4.76981E+20,5.54909E+21,8.67818E+15,5.00936E+16
107343,107344,6,6,11,0,2016,9,10,5,3,5,2,0,0,1,0,0,0,0,1,5.30987E+20,5.68137E+21,9.44431E+15,5.12828E+16
107344,107345,6,4,39,14,2016,9,17,5,2,0,1,0,0,0,0,1,1,0,0,4.35499E+20,5.5515E+21,8.09788E+15,5.01123E+16
107345,107346,6,4,36,11,2016,9,15,5,3,1,5,0,0,0,1,0,1,0,0,4.66406E+20,5.55572E+21,8.52976E+15,5.01528E+16
107346,107347,6,6,33,3,2016,9,18,4,3,5,3,0,0,1,1,0,0,0,0,5.27844E+20,5.67892E+21,9.39905E+15,5.1261E+16
107347,107348,6,4,12,0,2016,9,14,6,2,2,2,0,0,0,1,0,1,0,0,4.75958E+20,5.55086E+21,8.66377E+15,5.01095E+16
107348,107349,6,4,13,0,2016,9,10,1,2,6,4,0,0,0,1,1,0,0,0,4.82021E+20,5.55059E+21,8.74857E+15,5.01073E+16
107349,107350,6,4,33,12,2016,9,11,3,3,3,6,0,0,1,0,0,0,0,0,4.57969E+20,5.53818E+21,8.4136E+15,4.99944E+16
107350,107351,6,4,11,0,2016,9,15,7,3,5,3,0,0,1,1,0,0,0,0,4.73989E+20,5.52577E+21,8.63794E+15,4.98838E+16
107351,107352,6,4,38,5,2016,9,15,5,3,5,3,0,0,1,1,0,0,0,0,4.8615E+20,5.54525E+21,8.80651E+15,5.00593E+16
107352,107353,6,4,38,6,2016,9,9,5,2,5,2,0,0,1,1,0,0,0,0,4.75182E+20,5.53855E+21,8.65372E+15,4.99988E+16
107353,107354,6,4,31,16,2016,9,11,1,2,5,3,0,1,1,1,0,0,0,0,4.68109E+20,5.50016E+21,8.55819E+15,4.96532E+16
107354,107355,6,4,35,14,2016,9,20,3,3,2,6,0,0,0,1,0,0,0,0,4.95101E+20,5.55176E+21,8.93147E+15,5.0118E+16
107355,107356,6,4,35,14,2016,9,7,5,3,6,2,0,0,0,1,1,0,0,0,4.9391E+20,5.55335E+21,8.91479E+15,5.01324E+16
107356,107357,6,4,40,4,2016,9,12,1,3,5,3,0,0,0,1,0,0,0,0,5.02218E+20,5.57053E+21,9.03113E+15,5.02869E+16
107357,107358,6,4,38,5,2016,9,15,4,3,2,5,0,0,0,1,0,0,0,0,4.8577E+20,5.54518E+21,8.8012E+15,5.00588E+16
107358,107359,6,6,11,0,2016,9,7,2,3,0,7,0,0,1,0,0,0,0,1,5.34483E+20,5.68586E+21,9.49486E+15,5.1323E+16
107359,107360,6,4,12,0,2016,9,9,6,3,5,3,0,0,1,1,0,0,0,0,4.76465E+20,5.55151E+21,8.67082E+15,5.01154E+16
107360,107361,6,4,38,11,2016,9,17,1,3,5,3,0,0,0,1,0,0,0,0,4.91926E+20,5.54001E+21,8.88731E+15,5.00124E+16
107361,107362,6,4,14,0,2016,9,12,2,3,1,5,0,0,0,1,0,0,1,0,4.45601E+20,5.54792E+21,8.23967E+15,5.00811E+16
107362,107363,6,4,36,3,2016,9,12,7,3,5,3,0,0,0,1,0,0,0,0,4.69111E+20,5.55346E+21,8.56781E+15,5.01326E+16
107363,107364,6,4,34,1,2016,9,8,5,3,6,7,0,0,0,1,1,0,0,0,4.73752E+20,5.56397E+21,8.63202E+15,5.02273E+16
107364,107365,6,6,33,23,2016,9,13,6,3,5,3,0,0,1,1,0,0,0,0,5.26233E+20,5.68015E+21,9.37606E+15,5.12721E+16
107365,107366,6,4,31,2,2016,9,20,4,3,0,1,2,0,1,0,0,0,0,0,4.72286E+20,5.50381E+21,8.61579E+15,4.96862E+16
107366,107367,6,4,31,2,2016,9,7,5,3,5,3,0,0,1,1,0,0,0,0,4.71591E+20,5.50385E+21,8.60615E+15,4.96865E+16
107367,107368,6,4,12,0,2016,9,13,2,3,6,4,0,0,0,0,1,1,0,0,4.74361E+20,5.55185E+21,8.64137E+15,5.01183E+16
107368,107369,6,5,31,8,2016,9,14,1,3,5,2,0,0,0,1,0,1,0,0,4.96332E+20,5.59099E+21,8.94832E+15,5.04709E+16
107369,107370,6,6,36,3,2016,9,16,3,2,5,3,0,0,0,0,0,1,0,1,5.71716E+20,5.67054E+21,1.00261E+16,5.11818E+16
107370,107371,6,4,12,0,2016,9,17,4,3,2,6,0,0,0,1,0,1,0,0,4.72992E+20,5.55077E+21,8.62229E+15,5.01086E+16
107371,107372,6,6,11,0,2016,9,12,2,3,5,3,0,0,1,1,0,0,0,0,5.35355E+20,5.6855E+21,9.50735E+15,5.13197E+16
107372,107373,6,4,12,0,2016,9,14,6,2,6,7,0,0,1,0,1,0,0,0,4.76737E+20,5.55267E+21,8.67455E+15,5.01258E+16
107373,107374,6,4,33,5,2016,9,10,1,3,5,3,0,0,0,1,0,1,0,0,4.51017E+20,5.53835E+21,8.31659E+15,4.99954E+16
107374,107375,6,5,31,5,2016,9,14,6,3,5,3,0,0,1,1,0,0,0,0,4.76505E+20,5.60403E+21,8.6681E+15,5.05877E+16
107375,107376,6,4,35,29,2016,9,8,5,2,5,3,0,0,0,0,0,1,0,1,5.21278E+20,5.56797E+21,9.29854E+15,5.02635E+16
107376,107377,6,4,32,11,2016,9,13,6,3,6,7,0,0,0,0,1,0,0,1,4.87683E+20,5.52459E+21,8.82858E+15,4.98736E+16
107377,107378,6,4,31,2,2016,9,10,4,3,5,2,0,0,0,1,0,0,0,0,4.71829E+20,5.50606E+21,8.6093E+15,4.97064E+16
107378,107379,6,6,35,9,2016,9,11,2,2,6,4,0,0,1,0,1,0,0,0,5.10058E+20,5.66747E+21,9.14384E+15,5.11586E+16
107379,107380,6,6,32,9,2016,9,13,3,2,5,3,0,0,0,1,0,1,0,0,5.71029E+20,5.63774E+21,1.00098E+16,5.08869E+16
107380,107381,6,4,12,0,2016,9,7,4,3,5,3,0,0,1,1,0,0,0,0,4.76054E+20,5.55426E+21,8.6649E+15,5.01401E+16
107381,107382,6,4,14,0,2016,9,22,2,3,0,1,2,0,0,0,0,1,0,0,4.44413E+20,5.5481E+21,8.22303E+15,5.00826E+16
107382,107383,6,6,36,16,2016,9,8,3,3,0,7,0,1,0,0,0,1,0,0,5.59753E+20,5.68843E+21,9.85791E+15,5.1344E+16
107383,107384,6,4,12,0,2016,9,17,6,3,4,6,0,0,1,1,0,0,0,0,4.77676E+20,5.55226E+21,8.68771E+15,5.01222E+16
107384,107385,6,4,32,20,2016,9,11,5,3,6,7,0,0,0,1,1,0,0,0,4.84727E+20,5.52437E+21,8.78745E+15,4.98716E+16
107385,107386,6,4,40,8,2016,9,14,5,3,5,5,0,0,0,1,0,1,0,0,4.82657E+20,5.57608E+21,8.7563E+15,5.03366E+16
107386,107387,6,4,34,9,2016,9,16,4,3,5,3,0,0,0,1,0,0,1,0,4.60893E+20,5.5683E+21,8.45129E+15,5.02655E+16
107387,107388,6,4,12,0,2016,9,17,6,3,3,2,0,0,0,1,0,1,0,0,4.77964E+20,5.55237E+21,8.69174E+15,5.01231E+16
107388,107389,6,4,33,7,2016,9,14,5,3,4,1,0,0,0,0,0,1,0,1,4.67538E+20,5.54428E+21,8.54658E+15,5.00499E+16
107389,107390,6,4,33,8,2016,9,16,6,3,2,2,0,0,0,1,0,0,0,1,4.6875E+20,5.53783E+21,8.56403E+15,4.9992E+16
107390,107391,6,5,35,9,2016,9,8,4,3,5,3,0,0,0,1,0,1,0,0,4.99902E+20,5.61968E+21,8.99862E+15,5.07289E+16
107391,107392,6,4,12,0,2016,9,18,6,3,0,1,0,0,1,0,0,0,0,0,4.77237E+20,5.5513E+21,8.68163E+15,5.01135E+16
107392,107393,6,4,38,8,2016,9,11,2,3,5,3,0,0,1,1,0,0,0,0,4.89925E+20,5.54935E+21,8.85913E+15,5.00963E+16
107393,107394,6,5,33,7,2016,9,13,3,3,0,1,0,0,0,0,0,1,0,0,4.31753E+20,5.58825E+21,8.03887E+15,5.04423E+16
107394,107395,6,4,34,6,2016,9,7,3,3,5,7,0,0,0,1,0,0,0,1,4.6756E+20,5.55897E+21,8.54563E+15,5.01821E+16
107395,107396,6,4,11,0,2016,9,15,6,3,2,6,0,0,0,1,0,0,0,0,4.74014E+20,5.5257E+21,8.63828E+15,4.98832E+16
107396,107397,6,5,34,14,2016,9,8,5,3,4,6,0,0,1,1,0,0,0,0,4.83834E+20,5.63214E+21,8.7704E+15,5.08408E+16
107397,107398,6,4,12,0,2016,9,8,5,3,2,6,0,0,0,1,0,0,0,0,4.73019E+20,5.55615E+21,8.62229E+15,5.0157E+16