FID,OBJECTID,ULAND,UREGBEZ,UKREIS,UGEMEINDE,UJAHR,UMONAT,USTUNDE,UWOCHENTAG,UKATEGORIE,UART,UTYP1,ULICHTVERH,IstStrasse,IstRad,IstPKW,IstFuss,IstKrad,IstGkfz,IstSonstig,LINREFX,LINREFY,XGCSWGS84,YGCSWGS84
107398,107399,6,5,31,17,2016,9,10,7,3,5,3,0,0,0,1,0,0,0,0,4.81088E+20,5.61148E+21,8.73246E+15,5.06549E+16
107399,107400,6,4,34,1,2016,9,13,4,2,1,5,0,0,0,1,0,1,0,0,4.71232E+20,5.56517E+21,8.59659E+15,5.0238E+16
107400,107401,6,6,34,14,2016,9,7,6,3,3,5,0,1,0,0,0,0,0,1,5.37531E+20,5.66434E+21,9.53636E+15,5.11293E+16
107401,107402,6,6,36,16,2016,9,13,1,2,5,3,0,0,0,1,0,0,0,0,5.61504E+20,5.68827E+21,9.88303E+15,5.13424E+16
107402,107403,6,5,32,18,2016,9,18,3,3,6,7,0,0,0,1,1,0,0,0,4.61674E+20,5.59612E+21,8.45942E+15,5.05158E+16
107403,107404,6,4,35,19,2016,9,13,7,3,5,2,0,0,1,1,0,0,0,0,4.88393E+20,5.55468E+21,8.83755E+15,5.01443E+16
107404,107405,6,4,36,5,2016,9,15,2,2,0,7,0,0,1,0,0,0,0,0,4.63265E+20,5.54629E+21,8.4867E+15,5.00678E+16
107405,107406,6,4,40,8,2016,9,19,3,2,5,3,2,0,1,1,0,0,0,0,4.82017E+20,5.57696E+21,8.74727E+15,5.03445E+16
107406,107407,6,6,11,0,2016,9,10,7,3,5,3,0,0,1,1,0,0,0,0,5.35063E+20,5.68647E+21,9.50326E+15,5.13285E+16
107407,107408,6,4,36,5,2016,9,15,5,2,1,1,0,0,1,1,0,0,0,0,4.63563E+20,5.54501E+21,8.49098E+15,5.00563E+16
107408,107409,6,4,38,4,2016,9,14,5,3,5,3,0,0,1,1,0,0,0,0,4.97292E+20,5.54655E+21,8.96216E+15,5.00713E+16
107409,107410,6,5,33,9,2016,9,20,7,3,5,3,2,1,0,1,0,0,0,0,4.33374E+20,5.58218E+21,8.06277E+15,5.03879E+16
107410,107411,6,4,14,0,2016,9,10,2,3,6,4,0,0,0,0,1,0,0,1,4.45685E+20,5.54785E+21,8.24084E+15,5.00804E+16
107411,107412,6,6,32,3,2016,9,17,6,3,5,3,0,0,0,1,0,0,0,0,5.56052E+20,5.64609E+21,9.79818E+15,5.09637E+16
107412,107413,6,4,32,4,2016,9,15,1,3,5,3,0,0,0,1,0,0,0,0,4.88728E+20,5.52698E+21,8.84306E+15,4.98951E+16
107413,107414,6,4,33,14,2016,9,10,7,3,5,3,0,0,0,1,0,0,0,1,4.57137E+20,5.53099E+21,8.40278E+15,4.99298E+16
107414,107415,6,6,32,16,2016,9,17,4,3,5,3,0,0,0,1,0,0,0,0,5.67092E+20,5.63379E+21,9.95312E+15,5.08519E+16
107415,107416,6,4,38,11,2016,9,11,6,2,6,4,0,0,1,0,1,0,0,0,4.91732E+20,5.54375E+21,8.88452E+15,5.00459E+16
107416,107417,6,4,33,12,2016,9,15,4,3,5,3,0,0,1,1,0,0,0,0,4.60235E+20,5.53524E+21,8.4455E+15,4.99682E+16
107417,107418,6,5,32,18,2016,9,12,5,3,2,7,0,0,0,0,0,1,0,1,4.61739E+20,5.59613E+21,8.46034E+15,5.05159E+16
107418,107419,6,6,32,2,2016,9,15,4,3,5,3,0,0,1,1,0,0,0,0,5.50531E+20,5.6351E+21,9.71806E+15,5.08654E+16
107419,107420,6,4,12,0,2016,9,15,6,3,5,3,0,0,0,1,0,1,0,0,4.75243E+20,5.55383E+21,8.65358E+15,5.01362E+16
107420,107421,6,4,36,4,2016,9,7,5,3,5,2,0,0,0,1,0,0,0,0,4.58798E+20,5.54076E+21,8.42488E+15,5.00178E+16
107421,107422,6,4,13,0,2016,9,15,2,3,1,5,0,0,1,1,0,0,0,0,4.8378E+20,5.55013E+21,8.77319E+15,5.01032E+16
107422,107423,6,4,14,0,2016,9,22,7,3,6,4,2,1,0,1,1,0,0,0,4.4616E+20,5.5482E+21,8.24743E+15,5.00836E+16
107423,107424,6,4,14,0,2016,9,14,3,3,6,4,0,0,0,0,1,0,0,1,4.45842E+20,5.54688E+21,8.24318E+15,5.00718E+16
107424,107425,6,4,13,0,2016,9,8,2,3,2,6,0,0,1,1,0,0,0,0,4.82541E+20,5.54954E+21,8.75589E+15,5.00979E+16
107425,107426,6,4,12,0,2016,9,9,6,3,3,2,0,0,0,0,0,1,0,1,4.74907E+20,5.56007E+21,8.64846E+15,5.01923E+16
107426,107427,6,4,32,18,2016,9,14,6,3,5,3,0,0,1,0,0,0,0,1,4.70984E+20,5.51698E+21,8.59676E+15,4.98045E+16
107427,107428,6,4,33,8,2016,9,19,4,2,0,1,0,1,0,0,0,1,0,0,4.69026E+20,5.53927E+21,8.56776E+15,5.00049E+16
107428,107429,6,4,31,11,2016,9,13,4,3,5,3,0,0,1,0,0,0,0,1,4.72459E+20,5.49967E+21,8.61848E+15,4.9649E+16
107429,107430,6,4,39,3,2016,9,22,6,3,9,1,2,0,0,1,0,0,0,0,4.39494E+20,5.54403E+21,8.15493E+15,5.00455E+16
107430,107431,6,4,39,3,2016,9,14,2,3,5,3,0,0,0,1,0,0,0,1,4.36215E+20,5.54153E+21,8.10956E+15,5.00227E+16
107431,107432,6,4,12,0,2016,9,13,3,3,5,3,0,0,0,1,0,0,0,0,4.73393E+20,5.54938E+21,8.628E+15,5.00961E+16
107432,107433,6,4,12,0,2016,9,12,4,3,2,6,0,0,0,1,0,0,0,0,4.75092E+20,5.54914E+21,8.65177E+15,5.0094E+16
107433,107434,6,4,39,8,2016,9,12,3,3,1,7,0,0,0,1,0,0,0,0,4.52437E+20,5.56334E+21,8.33328E+15,5.02203E+16
107434,107435,6,4,34,12,2016,9,14,6,3,6,4,0,0,0,1,1,0,0,0,4.69293E+20,5.57252E+21,8.5688E+15,5.0304E+16
107435,107436,6,4,14,0,2016,9,14,4,3,3,2,0,0,1,1,0,0,0,0,4.4596E+20,5.54688E+21,8.24483E+15,5.00718E+16
107436,107437,6,4,12,0,2016,9,7,2,3,6,2,0,0,0,1,1,0,0,0,4.78677E+20,5.55183E+21,8.70174E+15,5.01183E+16
107437,107438,6,4,13,0,2016,9,13,7,3,0,7,0,0,0,1,0,0,0,0,4.8155E+20,5.54855E+21,8.74209E+15,5.00889E+16
107438,107439,6,4,12,0,2016,9,11,3,3,2,6,0,0,0,1,0,0,0,1,4.75177E+20,5.55426E+21,8.65262E+15,5.014E+16
107439,107440,6,4,12,0,2016,9,16,4,2,5,3,0,0,1,1,0,0,0,0,4.77267E+20,5.5498E+21,8.68214E+15,5.01E+16
107440,107441,6,4,13,0,2016,9,17,2,3,3,6,0,0,0,1,0,0,0,1,4.83221E+20,5.54992E+21,8.76538E+15,5.01013E+16
107441,107442,6,4,34,5,2016,9,15,6,3,0,6,0,0,0,1,0,0,0,1,4.62152E+20,5.55899E+21,8.46989E+15,5.01819E+16
107442,107443,6,4,14,0,2016,9,7,4,3,5,2,0,0,1,1,0,0,0,0,4.45788E+20,5.54763E+21,8.24231E+15,5.00784E+16
107443,107444,6,5,33,9,2016,9,17,5,3,2,6,0,0,0,1,0,0,0,0,4.3433E+20,5.58047E+21,8.07651E+15,5.03726E+16
107444,107445,6,4,33,8,2016,9,9,4,3,2,6,0,0,0,1,0,0,0,0,4.69635E+20,5.53737E+21,8.57641E+15,4.99879E+16
107445,107446,6,4,38,12,2016,9,6,4,3,5,2,1,0,1,1,0,0,0,0,4.87919E+20,5.53541E+21,8.83153E+15,4.99709E+16
107446,107447,6,4,34,1,2016,9,7,6,3,5,2,0,0,0,1,0,0,0,0,4.73078E+20,5.56253E+21,8.62266E+15,5.02144E+16
107447,107448,6,4,40,12,2016,9,7,2,3,5,3,0,0,1,1,0,0,0,0,4.84225E+20,5.5632E+21,8.77887E+15,5.02207E+16
107448,107449,6,4,12,0,2016,9,23,3,2,5,3,2,0,1,1,0,0,0,0,4.74165E+20,5.54864E+21,8.63884E+15,5.00894E+16
107449,107450,6,4,33,12,2016,9,13,2,3,5,2,0,0,0,1,0,1,0,0,4.58727E+20,5.53818E+21,8.42416E+15,4.99946E+16
107450,107451,6,5,33,10,2016,9,16,3,3,5,3,0,0,1,1,0,0,0,0,4.48319E+20,5.5958E+21,8.2711E+15,5.05119E+16
107451,107452,6,4,13,0,2016,9,14,4,3,6,7,0,0,1,0,1,0,0,0,4.83276E+20,5.54967E+21,8.76617E+15,5.00991E+16
107452,107453,6,4,12,0,2016,9,12,5,3,5,7,0,0,0,1,0,0,0,1,4.7647E+20,5.5507E+21,8.67094E+15,5.01081E+16
107453,107454,6,4,12,0,2016,9,8,4,3,4,6,0,0,1,0,0,0,0,0,4.67408E+20,5.54933E+21,8.54433E+15,5.00953E+16
107454,107455,6,4,35,14,2016,9,8,4,3,5,3,0,0,1,1,0,0,0,0,4.93178E+20,5.55044E+21,8.90459E+15,5.01061E+16
107455,107456,6,5,34,5,2016,9,7,4,3,8,1,0,0,0,1,0,1,0,0,4.594E+20,5.64E+21,8.42252E+15,5.09102E+16
107456,107457,6,5,32,6,2016,9,13,6,3,6,4,0,0,0,1,1,0,0,0,4.49815E+20,5.62041E+21,8.28887E+15,5.07333E+16
107457,107458,6,4,14,0,2016,9,15,1,3,0,6,0,0,0,1,0,1,0,0,4.45701E+20,5.5487E+21,8.24095E+15,5.00881E+16
107458,107459,6,4,31,20,2016,9,16,3,3,5,3,0,0,1,1,0,0,0,0,4.70723E+20,5.4875E+21,8.59534E+15,4.95394E+16
107459,107460,6,4,12,0,2016,9,13,7,3,5,3,0,0,1,1,0,0,0,0,4.76462E+20,5.55411E+21,8.67061E+15,5.01387E+16
107460,107461,6,4,12,0,2016,9,8,4,3,5,3,0,0,1,1,0,0,0,0,4.72927E+20,5.55536E+21,8.62106E+15,5.01499E+16
107461,107462,6,4,38,9,2016,9,8,5,3,5,2,0,0,0,1,0,0,0,0,4.78266E+20,5.54368E+21,8.69646E+15,5.0045E+16
107462,107463,6,4,12,0,2016,9,21,7,3,2,6,2,1,0,1,0,0,0,0,4.71885E+20,5.55122E+21,8.60679E+15,5.01126E+16
107463,107464,6,4,11,0,2016,9,12,2,3,5,3,0,0,0,1,0,0,0,0,4.74953E+20,5.52579E+21,8.65134E+15,4.9884E+16
107464,107465,6,4,32,4,2016,9,13,6,3,3,2,0,0,1,1,0,0,0,0,4.89247E+20,5.52811E+21,8.85026E+15,4.99052E+16
107465,107466,6,4,31,2,2016,9,17,1,2,1,3,0,0,0,1,0,1,0,0,4.72721E+20,5.5057E+21,8.62169E+15,4.97032E+16
107466,107467,6,4,12,0,2016,9,13,7,3,5,3,0,0,0,1,0,1,0,0,4.77737E+20,5.55188E+21,8.68859E+15,5.01187E+16
107467,107468,6,4,31,20,2016,9,8,4,3,5,3,0,0,1,1,0,0,0,0,4.69144E+20,5.48765E+21,8.5735E+15,4.95407E+16
107468,107469,6,6,11,0,2016,9,7,2,3,6,7,0,0,0,1,1,0,0,0,5.31082E+20,5.68025E+21,9.44557E+15,5.12728E+16
107469,107470,6,5,34,14,2016,9,20,6,3,9,1,2,0,0,0,0,1,0,0,4.8375E+20,5.63202E+21,8.76922E+15,5.08397E+16
107470,107471,6,4,35,26,2016,9,12,1,3,6,4,0,0,0,1,1,0,0,0,4.88417E+20,5.56278E+21,8.83765E+15,5.02171E+16
107471,107472,6,4,35,14,2016,9,12,2,3,5,2,0,0,0,1,0,0,0,1,4.95454E+20,5.55519E+21,8.93637E+15,5.01489E+16
107472,107473,6,4,36,4,2016,9,17,7,3,0,1,0,0,1,0,0,0,0,0,4.59116E+20,5.54114E+21,8.42928E+15,5.00212E+16
107473,107474,6,4,12,0,2016,9,23,4,3,3,6,2,0,0,1,0,0,0,0,4.76277E+20,5.55584E+21,8.66791E+15,5.01543E+16
107474,107475,6,4,37,11,2016,9,15,6,3,5,3,0,0,1,0,0,0,0,0,5.00308E+20,5.50473E+21,9.00428E+15,4.96951E+16
107475,107476,6,4,31,13,2016,9,19,5,3,0,1,1,0,1,0,0,0,0,0,4.62895E+20,5.49374E+21,8.48655E+15,4.95951E+16
107476,107477,6,4,12,0,2016,9,7,2,3,5,3,0,0,1,1,0,0,0,0,4.67549E+20,5.55146E+21,8.54612E+15,5.01145E+16
107477,107478,6,4,12,0,2016,9,19,7,3,6,2,1,1,0,1,1,0,0,0,4.77952E+20,5.55235E+21,8.69157E+15,5.0123E+16
107478,107479,6,4,12,0,2016,9,13,3,3,3,6,0,0,0,1,0,0,0,1,4.77167E+20,5.54999E+21,8.68073E+15,5.01017E+16
107479,107480,6,4,31,20,2016,9,20,2,3,7,5,2,0,0,1,0,0,0,0,4.70318E+20,5.48875E+21,8.58964E+15,4.95507E+16
107480,107481,6,4,37,11,2016,9,11,4,3,9,1,0,0,0,1,0,0,0,0,5.00743E+20,5.50346E+21,9.0103E+15,4.96836E+16
107481,107482,6,4,31,13,2016,9,11,6,3,5,2,0,0,1,0,0,0,0,1,4.65245E+20,5.49443E+21,8.51902E+15,4.96014E+16
107482,107483,6,6,35,15,2016,9,12,3,3,6,4,0,0,0,0,1,0,0,1,4.90463E+20,5.6805E+21,8.86328E+15,5.12757E+16
107483,107484,6,4,35,21,2016,9,13,6,3,6,2,0,0,0,0,1,0,0,1,4.90834E+20,5.56412E+21,8.87149E+15,5.02292E+16
107484,107485,6,4,35,26,2016,9,11,4,3,3,6,0,0,1,0,0,0,0,1,4.8724E+20,5.56048E+21,8.82123E+15,5.01964E+16
107485,107486,6,4,36,7,2016,9,11,6,3,0,1,0,0,1,0,0,0,0,0,4.60839E+20,5.5487E+21,8.45256E+15,5.00892E+16
107486,107487,6,4,14,0,2016,9,9,3,3,2,6,0,0,0,1,0,0,0,0,4.52539E+20,5.54591E+21,8.33689E+15,5.00635E+16
107487,107488,6,4,12,0,2016,9,10,2,3,5,2,0,0,1,0,0,0,0,1,4.76618E+20,5.55296E+21,8.67287E+15,5.01284E+16
107488,107489,6,4,32,23,2016,9,7,3,3,5,3,0,0,0,1,0,0,0,0,4.70853E+20,5.52788E+21,8.59411E+15,4.99026E+16
107489,107490,6,4,12,0,2016,9,9,4,3,0,2,0,0,1,0,0,0,0,1,4.75733E+20,5.5519E+21,8.66056E+15,5.01189E+16
107490,107491,6,4,31,20,2016,9,15,2,2,6,7,0,0,0,1,1,1,0,0,4.68918E+20,5.48816E+21,8.57034E+15,4.95452E+16
107491,107492,6,4,12,0,2016,9,17,5,3,9,1,0,0,0,0,0,1,0,0,4.71039E+20,5.54456E+21,8.59545E+15,5.00527E+16
107492,107493,6,6,35,3,2016,9,16,4,2,2,6,0,0,0,1,0,0,0,0,5.08671E+20,5.66293E+21,9.12388E+15,5.11178E+16
107493,107494,6,4,14,0,2016,9,6,3,3,9,1,0,0,0,1,0,0,0,0,4.42184E+20,5.54905E+21,8.19174E+15,5.00909E+16
107494,107495,6,4,31,3,2016,9,10,4,3,6,6,0,0,0,1,1,0,0,0,4.60901E+20,5.50403E+21,8.45794E+15,4.96876E+16
107495,107496,6,6,35,15,2016,9,8,5,2,5,3,0,0,0,1,0,1,0,0,4.90398E+20,5.68027E+21,8.86235E+15,5.12737E+16
107496,107497,6,4,11,0,2016,9,16,2,2,5,3,0,0,1,1,0,0,0,0,4.73965E+20,5.5183E+21,8.6381E+15,4.98166E+16
107497,107498,6,6,35,3,2016,9,16,3,2,5,3,0,0,0,1,0,1,0,0,5.07586E+20,5.66239E+21,9.10837E+15,5.11129E+16
107498,107499,6,4,36,3,2016,9,7,2,3,6,4,0,0,0,0,1,0,0,1,4.6908E+20,5.55455E+21,8.56728E+15,5.01424E+16
107499,107500,6,4,32,8,2016,9,17,3,3,3,6,0,0,1,1,0,0,0,0,4.68031E+20,5.52313E+21,8.55522E+15,4.98597E+16
107500,107501,6,5,33,9,2016,9,16,5,3,8,1,0,0,0,0,0,1,0,0,4.33377E+20,5.58085E+21,8.06305E+15,5.03759E+16
107501,107502,6,4,38,2,2016,9,16,2,2,5,2,0,0,1,1,0,0,0,0,4.7848E+20,5.54133E+21,8.69958E+15,5.00239E+16
107502,107503,6,5,33,11,2016,9,18,3,3,0,3,0,0,1,1,0,0,0,0,4.44488E+20,5.60004E+21,8.21644E+15,5.05497E+16
107503,107504,6,4,34,5,2016,9,16,3,2,6,7,0,0,0,1,1,0,0,0,4.61933E+20,5.55953E+21,8.46676E+15,5.01867E+16
107504,107505,6,4,14,0,2016,9,23,5,3,6,6,2,0,0,1,1,0,0,0,4.4966E+20,5.5408E+21,8.29733E+15,5.00174E+16
107505,107506,6,6,33,22,2016,9,12,4,2,5,3,0,0,0,1,0,1,0,0,5.41576E+20,5.70477E+21,9.59888E+15,5.14926E+16
107506,107507,6,4,12,0,2016,9,10,5,2,1,5,0,0,0,1,0,1,0,0,4.75581E+20,5.55895E+21,8.65798E+15,5.01822E+16
107507,107508,6,4,12,0,2016,9,13,7,3,5,2,0,0,1,1,0,0,0,0,4.77546E+20,5.55118E+21,8.68596E+15,5.01124E+16
107508,107509,6,4,31,2,2016,9,17,4,3,1,5,0,0,0,1,0,0,0,0,4.72728E+20,5.50529E+21,8.62181E+15,4.96995E+16
107509,107510,6,4,14,0,2016,9,21,5,3,5,3,2,0,0,1,0,0,0,0,4.50175E+20,5.53917E+21,8.30472E+15,5.00028E+16
107510,107511,6,4,12,0,2016,9,8,1,2,5,3,0,0,1,1,0,0,0,0,4.74528E+20,5.55054E+21,8.6438E+15,5.01066E+16
107511,107512,6,5,32,23,2016,9,11,3,3,2,7,0,0,0,0,0,1,1,0,4.65002E+20,5.60073E+21,8.50593E+15,5.05574E+16
107512,107513,6,4,11,0,2016,9,16,7,3,5,3,0,0,0,1,0,1,0,0,4.74017E+20,5.52233E+21,8.63855E+15,4.98528E+16
107513,107514,6,4,39,4,2016,9,18,4,2,5,3,0,0,0,1,0,1,0,0,4.25401E+20,5.53743E+21,7.95941E+15,4.99845E+16
107514,107515,6,4,12,0,2016,9,8,6,3,5,3,0,0,1,0,0,0,0,0,4.77241E+20,5.55575E+21,8.68141E+15,5.01536E+16
107515,107516,6,5,33,9,2016,9,18,7,3,0,7,0,0,1,1,0,0,0,0,4.33027E+20,5.58232E+21,8.05787E+15,5.03891E+16
107516,107517,6,4,38,13,2016,9,15,4,3,5,2,0,0,1,1,0,0,0,0,4.98799E+20,5.54266E+21,8.98322E+15,5.00362E+16
107517,107518,6,4,39,3,2016,9,14,5,3,5,2,0,0,1,1,0,0,0,0,4.36992E+20,5.54264E+21,8.12023E+15,5.00327E+16
107518,107519,6,4,34,1,2016,9,23,7,3,5,2,2,1,1,1,0,0,0,0,4.72982E+20,5.56357E+21,8.62125E+15,5.02237E+16
107519,107520,6,4,33,6,2016,9,13,2,3,5,7,0,0,0,1,0,0,1,0,4.63564E+20,5.53067E+21,8.49235E+15,4.99273E+16
107520,107521,6,4,14,0,2016,9,18,5,3,0,6,0,0,0,1,0,1,0,0,4.4333E+20,5.54428E+21,8.20847E+15,5.00481E+16
107521,107522,6,4,36,8,2016,9,0,1,3,5,3,2,0,1,1,0,0,0,0,4.58881E+20,5.55551E+21,8.42445E+15,5.01504E+16
107522,107523,6,4,35,12,2016,9,19,7,3,0,1,2,0,0,0,0,1,0,0,5.09791E+20,5.56543E+21,9.1373E+15,5.0241E+16
107523,107524,6,4,38,7,2016,9,7,4,3,0,7,0,0,0,1,0,0,0,1,4.9967E+20,5.54074E+21,8.99539E+15,5.0019E+16
107524,107525,6,4,39,12,2016,9,9,6,3,5,3,0,0,1,0,0,0,0,1,4.30754E+20,5.53992E+21,8.03362E+15,5.00075E+16
107525,107526,6,4,13,0,2016,9,18,3,3,5,2,0,0,1,1,0,0,0,0,4.81633E+20,5.55061E+21,8.74315E+15,5.01074E+16
107526,107527,6,4,33,8,2016,9,15,5,3,3,6,0,0,0,1,0,1,0,0,4.69969E+20,5.53984E+21,8.58088E+15,5.00101E+16
107527,107528,6,4,12,0,2016,9,14,2,3,2,2,0,0,0,1,0,0,0,0,4.72067E+20,5.5528E+21,8.6092E+15,5.01268E+16
107528,107529,6,4,12,0,2016,10,8,4,3,3,6,0,0,1,0,0,0,0,0,4.764E+20,5.55139E+21,8.66992E+15,5.01143E+16
107529,107530,6,4,12,0,2016,10,12,7,3,3,2,0,1,1,1,0,0,0,0,4.7697E+20,5.55109E+21,8.67791E+15,5.01116E+16
107530,107531,6,4,12,0,2016,10,18,1,2,4,7,1,1,0,1,0,1,0,0,4.68155E+20,5.55156E+21,8.55458E+15,5.01154E+16
107531,107532,6,4,11,0,2016,10,7,3,3,0,7,0,0,1,1,0,0,0,0,4.74979E+20,5.52293E+21,8.65189E+15,4.98582E+16
107532,107533,6,6,32,3,2016,10,6,6,3,9,1,2,1,0,1,0,0,0,0,5.54712E+20,5.64763E+21,9.77934E+15,5.09776E+16
107533,107534,6,4,12,0,2016,10,15,5,3,5,3,0,0,0,1,0,1,0,0,4.7807E+20,5.55139E+21,8.69327E+15,5.01144E+16
107534,107535,6,5,32,23,2016,9,19,4,3,8,7,1,0,1,0,0,0,0,0,4.64993E+20,5.6007E+21,8.5058E+15,5.05572E+16
107535,107536,6,4,31,13,2016,10,7,4,3,6,4,0,0,0,1,1,0,0,0,4.60734E+20,5.49399E+21,8.45663E+15,4.95972E+16
107536,107537,6,4,31,11,2016,10,15,3,3,2,6,0,0,1,0,0,0,0,1,4.73319E+20,5.49865E+21,8.63046E+15,4.96398E+16
107537,107538,6,4,13,0,2016,9,11,6,3,0,6,0,1,0,1,0,1,0,0,4.83725E+20,5.54808E+21,8.7725E+15,5.00847E+16
107538,107539,6,4,38,10,2016,10,9,4,3,5,3,0,0,0,1,0,0,0,0,4.89857E+20,5.54776E+21,8.85823E+15,5.0082E+16
107539,107540,6,5,34,14,2016,10,17,3,3,5,3,0,0,1,0,0,0,0,0,4.83878E+20,5.62832E+21,8.7712E+15,5.08064E+16
107540,107541,6,4,11,0,2016,9,14,6,3,0,7,0,1,1,0,1,0,0,0,4.74062E+20,5.51851E+21,8.63944E+15,4.98185E+16
107541,107542,6,4,33,8,2016,9,13,5,3,5,3,0,0,0,1,0,0,0,0,4.68411E+20,5.53759E+21,8.55932E+15,4.99898E+16
107542,107543,6,4,33,2,2016,9,14,5,3,3,2,0,0,1,1,0,0,0,0,4.55984E+20,5.53657E+21,8.38608E+15,4.99798E+16
107543,107544,6,4,35,14,2016,9,12,5,2,5,7,0,0,1,1,0,0,0,0,4.9413E+20,5.5528E+21,8.91787E+15,5.01274E+16
107544,107545,6,4,34,2,2016,10,15,5,3,6,4,0,0,0,1,1,0,0,0,4.74337E+20,5.56778E+21,8.63995E+15,5.02616E+16
107545,107546,6,4,36,9,2016,9,13,4,3,0,1,0,0,1,1,0,0,0,0,4.62295E+20,5.54777E+21,8.47301E+15,5.0081E+16
107546,107547,6,4,33,6,2016,10,16,4,1,5,3,0,0,1,1,0,0,0,0,4.63101E+20,5.52832E+21,8.48613E+15,4.99062E+16
107547,107548,6,4,31,20,2016,9,12,6,2,0,1,0,0,0,0,0,1,0,0,4.68621E+20,5.4879E+21,8.56625E+15,4.95429E+16
107548,107549,6,4,35,10,2016,10,7,3,3,6,3,1,0,0,1,1,0,0,0,5.1159E+20,5.55936E+21,9.16235E+15,5.01863E+16
107549,107550,6,4,36,3,2016,9,15,6,3,2,6,0,0,0,1,0,0,0,0,4.67744E+20,5.55582E+21,8.54848E+15,5.01537E+16
107550,107551,6,5,31,5,2016,10,13,2,3,3,2,0,0,1,1,0,0,0,0,4.76039E+20,5.60141E+21,8.66168E+15,5.05641E+16
107551,107552,6,4,12,0,2016,10,15,2,3,0,7,0,0,1,0,0,0,0,0,4.77096E+20,5.55182E+21,8.67962E+15,5.01181E+16
107552,107553,6,4,35,14,2016,9,20,5,3,6,4,1,0,0,1,1,0,0,0,4.94325E+20,5.55339E+21,8.92059E+15,5.01327E+16
107553,107554,6,4,35,14,2016,10,18,5,3,5,3,0,0,0,1,0,0,0,0,4.91925E+20,5.55398E+21,8.88701E+15,5.0138E+16
107554,107555,6,4,35,19,2016,10,19,7,2,0,7,1,1,0,1,0,1,0,0,4.88355E+20,5.55422E+21,8.83705E+15,5.01401E+16
107555,107556,6,4,39,8,2016,10,12,4,3,1,5,0,0,0,1,0,1,0,0,4.47585E+20,5.56394E+21,8.26519E+15,5.02253E+16
107556,107557,6,6,36,6,2016,10,5,1,3,4,1,2,1,0,1,0,0,0,0,5.51547E+20,5.67204E+21,9.73775E+15,5.11975E+16
107557,107558,6,6,33,9,2016,10,10,3,2,6,4,0,0,0,1,1,0,0,0,5.36651E+20,5.68897E+21,9.52631E+15,5.13508E+16
107558,107559,6,4,31,2,2016,9,17,6,3,2,6,0,0,0,1,0,0,0,0,4.73075E+20,5.50195E+21,8.62686E+15,4.96695E+16
107559,107560,6,4,12,0,2016,10,9,4,2,2,6,0,0,0,1,0,0,0,1,4.71114E+20,5.55363E+21,8.59582E+15,5.01342E+16
107560,107561,6,4,33,8,2016,9,13,6,3,4,7,0,1,0,1,0,0,0,0,4.69374E+20,5.53615E+21,8.57287E+15,4.99769E+16
107561,107562,6,4,11,0,2016,10,10,4,3,3,2,0,0,1,1,0,0,0,0,4.75648E+20,5.52669E+21,8.66097E+15,4.98921E+16
107562,107563,6,4,12,0,2016,10,13,1,3,4,6,0,0,1,1,0,0,0,0,4.79697E+20,5.55371E+21,8.7159E+15,5.01353E+16
107563,107564,6,4,34,1,2016,10,14,2,3,2,6,0,0,0,1,0,0,0,0,4.71597E+20,5.56476E+21,8.60175E+15,5.02343E+16
107564,107565,6,5,35,1,2016,10,10,7,3,5,3,0,0,0,1,0,0,0,0,5.19605E+20,5.62221E+21,9.27791E+15,5.07513E+16
107565,107566,6,4,12,0,2016,9,13,5,3,8,1,0,0,0,1,0,0,0,0,4.83032E+20,5.55569E+21,8.76249E+15,5.01532E+16
107566,107567,6,4,14,0,2016,10,7,4,2,5,2,0,0,0,1,0,1,0,0,4.48983E+20,5.54106E+21,8.28784E+15,5.00197E+16
107567,107568,6,6,35,2,2016,10,20,7,2,9,1,2,1,0,1,0,0,0,0,5.02778E+20,5.69105E+21,9.03991E+15,5.13707E+16
107568,107569,6,4,38,10,2016,10,11,1,2,0,7,0,1,0,0,0,1,0,0,4.88374E+20,5.54433E+21,8.83761E+15,5.00511E+16
107569,107570,6,4,12,0,2016,10,9,3,3,0,1,0,0,0,0,0,1,0,0,4.79775E+20,5.55349E+21,8.71701E+15,5.01333E+16
107570,107571,6,4,33,11,2016,9,16,6,3,6,7,0,0,0,1,1,0,0,0,4.64782E+20,5.51796E+21,8.51049E+15,4.98131E+16
107571,107572,6,4,12,0,2016,10,20,7,3,5,3,2,1,0,1,0,0,0,0,4.7444E+20,5.55821E+21,8.64205E+15,5.01756E+16
107572,107573,6,4,35,14,2016,10,22,6,3,5,3,2,0,1,0,0,0,0,1,4.95196E+20,5.55294E+21,8.93279E+15,5.01286E+16
107573,107574,6,5,31,8,2016,9,17,5,2,0,7,1,0,0,1,0,0,0,0,4.88138E+20,5.5877E+21,8.83296E+15,5.04412E+16
107574,107575,6,4,12,0,2016,10,18,6,3,1,5,0,0,0,1,0,0,0,0,4.83033E+20,5.55458E+21,8.76255E+15,5.01432E+16
107575,107576,6,5,34,14,2016,10,17,1,3,6,7,0,0,0,1,1,0,0,0,4.84052E+20,5.62861E+21,8.77366E+15,5.0809E+16
107576,107577,6,4,31,5,2016,10,13,2,3,5,3,0,0,1,1,0,0,0,0,4.60866E+20,5.49871E+21,8.45799E+15,4.96397E+16