FID,OBJECTID,ULAND,UREGBEZ,UKREIS,UGEMEINDE,UJAHR,UMONAT,USTUNDE,UWOCHENTAG,UKATEGORIE,UART,UTYP1,ULICHTVERH,IstStrasse,IstRad,IstPKW,IstFuss,IstKrad,IstGkfz,IstSonstig,LINREFX,LINREFY,XGCSWGS84,YGCSWGS84
107577,107578,6,4,13,0,2016,10,5,6,3,3,6,2,0,1,1,0,0,0,0,4.84723E+20,5.55106E+21,8.78634E+15,5.01116E+16
107578,107579,6,4,35,14,2016,9,9,5,3,6,2,0,0,0,1,1,0,0,0,4.9684E+20,5.55035E+21,8.95582E+15,5.01054E+16
107579,107580,6,4,32,18,2016,10,11,6,3,1,5,0,0,0,1,0,0,1,0,4.72693E+20,5.5181E+21,8.62043E+15,4.98147E+16
107580,107581,6,4,12,0,2016,10,18,4,3,2,6,0,0,0,1,0,0,0,0,4.72312E+20,5.55056E+21,8.6128E+15,5.01067E+16
107581,107582,6,4,37,4,2016,10,12,3,3,6,6,0,0,0,1,1,0,0,0,5.01051E+20,5.51842E+21,9.01461E+15,4.98182E+16
107582,107583,6,4,38,6,2016,10,9,7,3,5,3,0,1,0,1,0,0,0,0,4.767E+20,5.53772E+21,8.67495E+15,4.99914E+16
107583,107584,6,4,12,0,2016,9,12,6,3,5,3,0,0,0,1,0,0,0,0,4.67364E+20,5.54979E+21,8.54367E+15,5.00994E+16
107584,107585,6,4,37,3,2016,10,17,1,2,0,1,0,0,1,0,0,0,0,0,4.9356E+20,5.5122E+21,8.91058E+15,4.97622E+16
107585,107586,6,4,38,9,2016,10,19,3,3,6,2,2,1,0,1,1,0,0,0,4.7898E+20,5.54461E+21,8.70637E+15,5.00534E+16
107586,107587,6,6,35,15,2016,9,7,4,3,2,6,0,0,1,0,0,0,0,1,4.89891E+20,5.6804E+21,8.85508E+15,5.12748E+16
107587,107588,6,4,11,0,2016,10,13,5,3,2,6,0,0,0,1,0,0,0,1,4.74411E+20,5.51841E+21,8.64428E+15,4.98176E+16
107588,107589,6,5,33,9,2016,9,16,3,2,2,6,0,0,0,1,0,1,0,0,4.32241E+20,5.5814E+21,8.04697E+15,5.03807E+16
107589,107590,6,4,14,0,2016,10,12,3,3,6,6,0,0,0,0,1,0,0,1,4.42364E+20,5.5481E+21,8.1944E+15,5.00824E+16
107590,107591,6,5,32,23,2016,9,19,6,3,3,6,1,0,0,1,0,0,0,0,4.64216E+20,5.60078E+21,8.49482E+15,5.05578E+16
107591,107592,6,4,32,8,2016,10,17,3,2,5,3,0,0,1,1,0,0,0,0,4.68387E+20,5.52405E+21,8.56009E+15,4.98681E+16
107592,107593,6,4,12,0,2016,9,9,6,3,3,6,0,0,0,1,0,0,1,0,4.74925E+20,5.5513E+21,8.64929E+15,5.01135E+16
107593,107594,6,4,34,5,2016,10,7,4,2,0,7,0,0,1,1,0,0,0,0,4.62051E+20,5.55901E+21,8.46847E+15,5.01821E+16
107594,107595,6,6,33,20,2016,9,7,3,2,5,3,0,1,1,0,0,0,0,1,5.39111E+20,5.68601E+21,9.5613E+15,5.13241E+16
107595,107596,6,4,40,8,2016,10,8,3,3,4,6,0,0,0,1,0,0,0,0,4.8329E+20,5.57561E+21,8.76522E+15,5.03323E+16
107596,107597,6,4,38,11,2016,10,15,7,3,2,6,0,1,0,1,0,0,0,0,4.91639E+20,5.53874E+21,8.88334E+15,5.00009E+16
107597,107598,6,4,12,0,2016,9,18,6,3,6,4,1,0,0,1,1,0,0,0,4.72267E+20,5.55282E+21,8.61201E+15,5.01269E+16
107598,107599,6,4,35,10,2016,10,12,4,3,2,6,0,0,0,1,0,0,0,0,5.1324E+20,5.55963E+21,9.18548E+15,5.01887E+16
107599,107600,6,4,32,19,2016,10,15,1,3,5,3,0,0,1,1,0,0,0,0,4.85005E+20,5.52111E+21,8.79146E+15,4.98422E+16
107600,107601,6,4,32,22,2016,10,17,3,3,1,5,0,1,1,1,0,0,0,0,4.73738E+20,5.51331E+21,8.63528E+15,4.97717E+16
107601,107602,6,4,36,7,2016,9,18,6,3,6,4,1,0,0,0,1,0,0,1,4.60347E+20,5.54831E+21,8.44571E+15,5.00857E+16
107602,107603,6,5,33,14,2016,9,8,4,3,0,3,0,0,0,1,0,1,0,0,4.47308E+20,5.5768E+21,8.25951E+15,5.03409E+16
107603,107604,6,4,40,3,2016,10,22,5,3,0,1,2,0,1,0,0,0,0,0,4.80719E+20,5.55958E+21,8.72992E+15,5.01881E+16
107604,107605,6,6,33,8,2016,9,13,3,3,0,3,0,0,0,1,0,0,0,1,5.34826E+20,5.67554E+21,9.49879E+15,5.12301E+16
107605,107606,6,4,14,0,2016,10,17,3,3,3,7,0,0,0,1,0,1,0,0,4.47751E+20,5.5457E+21,8.27001E+15,5.00613E+16
107606,107607,6,5,31,5,2016,9,17,5,3,2,6,0,0,0,1,0,0,0,0,4.76685E+20,5.60409E+21,8.67064E+15,5.05882E+16
107607,107608,6,4,35,25,2016,10,7,4,3,6,2,0,0,0,1,1,0,0,0,5.37291E+20,5.57785E+21,9.52417E+15,5.03516E+16
107608,107609,6,4,31,20,2016,10,13,3,3,0,3,0,0,0,1,0,0,0,1,4.68943E+20,5.48876E+21,8.57064E+15,4.95506E+16
107609,107610,6,4,12,0,2016,9,9,6,2,5,3,0,0,0,1,0,1,0,0,4.82762E+20,5.55213E+21,8.75887E+15,5.01211E+16
107610,107611,6,4,14,0,2016,10,18,1,2,9,1,2,0,0,1,0,0,0,0,4.49366E+20,5.54073E+21,8.29324E+15,5.00168E+16
107611,107612,6,4,32,23,2016,10,18,2,3,2,6,1,0,0,1,0,0,0,1,4.72264E+20,5.52705E+21,8.61382E+15,4.98952E+16
107612,107613,6,4,12,0,2016,10,18,7,3,5,3,2,0,1,1,0,0,0,0,4.73661E+20,5.5498E+21,8.63172E+15,5.00999E+16
107613,107614,6,4,14,0,2016,9,20,4,3,3,6,2,0,0,1,0,0,0,0,4.44724E+20,5.54675E+21,8.22758E+15,5.00704E+16
107614,107615,6,5,31,14,2016,10,17,3,3,2,6,0,0,0,1,0,0,0,0,4.82031E+20,5.59822E+21,8.74645E+15,5.05356E+16
107615,107616,6,6,34,9,2016,9,13,5,2,6,4,0,0,0,1,1,0,0,0,5.28125E+20,5.65353E+21,9.4011E+15,5.10326E+16
107616,107617,6,4,14,0,2016,9,7,4,3,6,4,0,0,0,1,1,0,0,0,4.45675E+20,5.54785E+21,8.24071E+15,5.00804E+16
107617,107618,6,4,12,0,2016,9,6,4,3,6,4,2,0,0,1,1,0,0,0,4.67725E+20,5.55076E+21,8.54864E+15,5.01082E+16
107618,107619,6,4,31,21,2016,10,13,5,3,6,4,0,0,0,1,1,0,0,0,4.87753E+20,5.49063E+21,8.83062E+15,4.95681E+16
107619,107620,6,4,13,0,2016,10,10,3,3,1,5,0,0,1,1,0,0,0,0,4.82652E+20,5.55008E+21,8.75742E+15,5.01027E+16
107620,107621,6,6,32,6,2016,9,22,5,2,1,5,2,0,0,1,0,0,0,0,5.59647E+20,5.6368E+21,9.84785E+15,5.08797E+16
107621,107622,6,4,32,15,2016,10,20,1,3,6,4,2,0,0,1,1,0,0,0,4.89552E+20,5.52944E+21,8.85446E+15,4.99172E+16
107622,107623,6,5,32,6,2016,10,9,2,3,6,7,0,0,0,1,1,0,0,0,4.49847E+20,5.62042E+21,8.28932E+15,5.07334E+16
107623,107624,6,4,33,6,2016,10,11,7,3,5,3,0,1,1,1,0,0,0,0,4.62802E+20,5.52982E+21,8.48182E+15,4.99196E+16
107624,107625,6,4,12,0,2016,9,16,4,3,2,6,0,0,0,1,0,0,0,0,4.73582E+20,5.55667E+21,8.63014E+15,5.01617E+16
107625,107626,6,4,36,1,2016,10,11,4,3,5,2,0,0,1,1,0,0,0,0,4.64701E+20,5.55513E+21,8.50595E+15,5.01474E+16
107626,107627,6,4,32,22,2016,10,12,7,3,0,1,0,1,1,0,0,0,0,0,4.77174E+20,5.5119E+21,8.68308E+15,4.97591E+16
107627,107628,6,4,32,4,2016,10,13,1,3,0,1,0,0,0,0,0,1,0,0,4.89167E+20,5.52857E+21,8.84912E+15,4.99094E+16
107628,107629,6,4,12,0,2016,10,13,3,3,0,7,0,0,1,0,0,0,0,0,4.77564E+20,5.55095E+21,8.68622E+15,5.01104E+16
107629,107630,6,5,31,5,2016,10,19,4,2,6,4,2,0,0,1,1,0,0,0,4.77919E+20,5.60543E+21,8.688E+15,5.06004E+16
107630,107631,6,4,32,16,2016,10,12,7,3,8,1,0,1,0,0,0,1,0,0,4.81561E+20,5.51984E+21,8.74361E+15,4.98307E+16
107631,107632,6,4,13,0,2016,10,15,3,2,5,3,0,0,1,0,0,0,0,0,4.8357E+20,5.54999E+21,8.77026E+15,5.01019E+16
107632,107633,6,4,40,2,2016,10,2,1,3,2,6,2,0,0,1,0,0,0,0,4.81727E+20,5.579E+21,8.74309E+15,5.03628E+16
107633,107634,6,4,13,0,2016,10,17,3,3,6,4,0,0,0,1,1,0,0,0,4.84383E+20,5.54943E+21,8.78165E+15,5.00969E+16
107634,107635,6,4,14,0,2016,9,18,5,3,2,6,0,0,0,1,0,0,0,0,4.45964E+20,5.54804E+21,8.24472E+15,5.00822E+16
107635,107636,6,5,31,5,2016,10,12,7,3,3,2,0,0,1,1,0,0,0,0,4.77773E+20,5.60384E+21,8.68603E+15,5.05861E+16
107636,107637,6,5,31,5,2016,10,23,2,3,5,2,2,0,0,1,0,0,0,0,4.76938E+20,5.60313E+21,8.67427E+15,5.05796E+16
107637,107638,6,4,12,0,2016,10,20,6,2,5,3,2,0,0,1,0,1,0,0,4.78227E+20,5.55291E+21,8.69538E+15,5.0128E+16
107638,107639,6,4,12,0,2016,9,12,4,2,6,2,0,0,0,1,1,0,0,0,4.74455E+20,5.55222E+21,8.64266E+15,5.01217E+16
107639,107640,6,4,31,5,2016,10,13,6,3,6,2,0,0,0,1,1,0,0,0,4.62339E+20,5.49883E+21,8.47838E+15,4.96409E+16
107640,107641,6,4,14,0,2016,9,21,3,3,1,5,2,0,0,1,0,1,0,0,4.4312E+20,5.54788E+21,8.20499E+15,5.00804E+16
107641,107642,6,4,12,0,2016,10,9,4,3,6,3,0,0,0,1,0,0,0,1,4.76266E+20,5.55587E+21,8.66776E+15,5.01546E+16
107642,107643,6,4,33,6,2016,10,6,3,3,5,2,1,1,0,1,0,1,0,0,4.63495E+20,5.53151E+21,8.49132E+15,4.99349E+16
107643,107644,6,4,33,12,2016,10,11,7,2,5,3,0,1,1,1,0,0,0,0,4.58057E+20,5.5383E+21,8.4148E+15,4.99955E+16
107644,107645,6,4,12,0,2016,9,17,6,3,3,6,0,0,1,0,0,0,0,0,4.78913E+20,5.55254E+21,8.705E+15,5.01247E+16
107645,107646,6,5,32,6,2016,10,14,4,3,5,3,0,0,0,1,0,0,0,0,4.50415E+20,5.62469E+21,8.29679E+15,5.07719E+16
107646,107647,6,4,31,22,2016,10,23,1,3,5,3,2,0,0,1,0,1,0,0,4.72017E+20,5.50851E+21,8.61172E+15,4.97285E+16
107647,107648,6,4,31,11,2016,10,15,3,3,0,7,0,0,1,0,0,0,1,0,4.71998E+20,5.49839E+21,8.61219E+15,4.96374E+16
107648,107649,6,4,36,3,2016,9,13,5,3,5,3,0,0,0,1,0,1,0,0,4.69671E+20,5.5546E+21,8.57554E+15,5.01429E+16
107649,107650,6,4,12,0,2016,10,20,7,3,6,4,2,0,0,1,1,0,0,0,4.73141E+20,5.54807E+21,8.62457E+15,5.00843E+16
107650,107651,6,6,11,0,2016,10,15,6,3,2,7,0,0,0,1,0,0,1,0,5.30783E+20,5.68673E+21,9.44184E+15,5.1331E+16
107651,107652,6,4,12,0,2016,9,10,4,3,5,3,0,0,1,1,0,0,0,0,4.74814E+20,5.55135E+21,8.64774E+15,5.01139E+16
107652,107653,6,4,12,0,2016,10,8,5,3,6,2,0,0,0,0,1,0,0,1,4.67805E+20,5.55056E+21,8.54977E+15,5.01064E+16
107653,107654,6,4,14,0,2016,9,18,3,3,3,6,0,0,0,1,0,0,0,0,4.45957E+20,5.54816E+21,8.2446E+15,5.00833E+16
107654,107655,6,6,11,0,2016,10,2,2,3,5,3,2,1,0,1,0,0,0,0,5.37758E+20,5.68442E+21,9.54171E+15,5.13098E+16
107655,107656,6,4,12,0,2016,9,12,6,3,3,2,0,0,1,1,0,0,0,0,4.73725E+20,5.54963E+21,8.63263E+15,5.00984E+16
107656,107657,6,4,38,1,2016,10,14,4,3,5,2,0,0,0,1,0,0,0,0,4.85094E+20,5.53964E+21,8.79197E+15,5.00089E+16
107657,107658,6,6,31,9,2016,10,16,1,2,6,4,0,0,0,1,1,0,0,0,5.45091E+20,5.59879E+21,9.63633E+15,5.05393E+16
107658,107659,6,4,33,12,2016,10,7,3,2,5,3,0,0,0,1,0,1,0,0,4.60458E+20,5.53455E+21,8.44869E+15,4.9962E+16
107659,107660,6,4,12,0,2016,9,13,5,3,3,6,0,0,1,1,0,0,0,0,4.67036E+20,5.5504E+21,8.53904E+15,5.0105E+16
107660,107661,6,4,12,0,2016,9,17,4,3,3,2,0,0,1,1,0,0,0,0,4.72618E+20,5.55068E+21,8.61707E+15,5.01077E+16
107661,107662,6,4,12,0,2016,9,18,4,3,5,3,0,0,1,1,0,0,0,0,4.73834E+20,5.54742E+21,8.6343E+15,5.00785E+16
107662,107663,6,4,12,0,2016,10,19,3,3,5,2,2,0,0,1,0,0,0,0,4.83543E+20,5.55377E+21,8.76972E+15,5.01359E+16
107663,107664,6,4,12,0,2016,9,12,5,3,5,3,0,0,1,1,0,0,0,0,4.67137E+20,5.55105E+21,8.5404E+15,5.01108E+16
107664,107665,6,4,12,0,2016,9,14,4,2,0,7,0,0,0,0,0,1,0,0,4.67991E+20,5.54849E+21,8.55255E+15,5.00878E+16
107665,107666,6,4,34,1,2016,10,9,5,3,2,6,0,0,0,1,0,0,0,0,4.74237E+20,5.56356E+21,8.63884E+15,5.02236E+16
107666,107667,6,4,13,0,2016,9,14,3,3,5,3,0,0,0,1,0,0,0,0,4.81992E+20,5.55067E+21,8.74817E+15,5.0108E+16
107667,107668,6,4,12,0,2016,9,17,5,3,6,6,0,0,0,1,1,0,0,0,4.71844E+20,5.55298E+21,8.60607E+15,5.01284E+16
107668,107669,6,4,14,0,2016,10,22,2,3,5,3,2,1,0,1,0,1,0,0,4.47027E+20,5.54226E+21,8.26038E+15,5.00303E+16
107669,107670,6,4,11,0,2016,9,23,6,3,2,6,2,0,0,1,0,0,0,0,4.75224E+20,5.52761E+21,8.655E+15,4.99003E+16
107670,107671,6,4,12,0,2016,10,18,2,3,3,2,1,0,1,1,0,0,0,0,4.78794E+20,5.55283E+21,8.70332E+15,5.01274E+16
107671,107672,6,4,12,0,2016,9,19,5,2,7,7,2,0,0,0,0,1,0,0,4.75716E+20,5.54942E+21,8.66048E+15,5.00966E+16
107672,107673,6,4,12,0,2016,9,9,4,3,0,2,0,0,0,1,0,1,0,0,4.75678E+20,5.55192E+21,8.65978E+15,5.01191E+16
107673,107674,6,4,33,7,2016,10,12,5,3,5,7,0,0,1,1,0,0,0,0,4.67523E+20,5.54421E+21,8.54637E+15,5.00493E+16
107674,107675,6,5,31,12,2016,10,12,7,3,0,2,0,1,0,1,0,0,0,0,4.76862E+20,5.59739E+21,8.67355E+15,5.0528E+16
107675,107676,6,4,12,0,2016,10,16,3,3,6,4,0,0,0,1,1,0,0,0,4.75521E+20,5.55898E+21,8.65714E+15,5.01825E+16
107676,107677,6,6,32,9,2016,10,16,3,3,5,3,0,1,0,1,0,0,0,0,5.70646E+20,5.63757E+21,1.00043E+16,5.08855E+16
107677,107678,6,4,37,11,2016,9,16,5,3,5,2,0,0,1,1,0,0,0,0,5.00079E+20,5.50281E+21,9.0011E+15,4.96778E+16
107678,107679,6,4,31,3,2016,10,12,1,3,5,7,0,1,0,1,0,0,0,0,4.61258E+20,5.50463E+21,8.46283E+15,4.96929E+16
107679,107680,6,4,40,2,2016,10,19,2,3,0,2,2,0,0,1,1,0,0,0,4.81153E+20,5.57906E+21,8.73502E+15,5.03633E+16
107680,107681,6,6,32,2,2016,10,15,6,3,3,5,0,1,0,1,0,0,0,1,5.49732E+20,5.63621E+21,9.70685E+15,5.08754E+16
107681,107682,6,4,12,0,2016,10,6,1,2,6,4,2,0,0,1,1,0,0,0,4.77877E+20,5.55012E+21,8.69064E+15,5.01029E+16
107682,107683,6,4,11,0,2016,10,7,2,3,0,2,1,0,1,1,0,0,0,0,4.74667E+20,5.52346E+21,8.64752E+15,4.98631E+16
107683,107684,6,4,38,5,2016,10,12,7,3,6,4,0,1,0,1,1,0,0,0,4.86028E+20,5.54521E+21,8.8048E+15,5.00591E+16
107684,107685,6,4,12,0,2016,9,11,4,3,0,7,0,0,0,0,0,1,0,0,4.76503E+20,5.55124E+21,8.67136E+15,5.01129E+16
107685,107686,6,6,11,0,2016,10,13,4,3,6,4,0,0,1,0,1,0,0,0,5.34603E+20,5.68497E+21,9.49651E+15,5.13149E+16
107686,107687,6,4,36,9,2016,10,4,7,3,3,6,2,1,1,1,0,0,0,0,4.62069E+20,5.54758E+21,8.46987E+15,5.00793E+16
107687,107688,6,5,31,10,2016,10,6,1,3,8,1,2,1,0,0,0,0,0,1,4.98564E+20,5.60004E+21,8.97973E+15,5.05523E+16
107688,107689,6,4,36,3,2016,10,8,3,3,2,2,0,0,0,1,0,0,0,0,4.68108E+20,5.55494E+21,8.55365E+15,5.01458E+16
107689,107690,6,4,37,6,2016,9,11,5,3,6,4,0,0,0,1,1,0,0,0,4.99414E+20,5.5007E+21,8.99188E+15,4.96588E+16
107690,107691,6,4,12,0,2016,10,17,7,3,6,4,0,1,0,1,1,0,0,0,4.71238E+20,5.55102E+21,8.59775E+15,5.01108E+16
107691,107692,6,4,11,0,2016,10,16,6,3,5,3,0,0,0,1,0,0,0,0,4.75038E+20,5.52239E+21,8.65274E+15,4.98534E+16
107692,107693,6,4,11,0,2016,9,19,4,3,1,7,1,0,0,1,0,1,0,0,4.73969E+20,5.52298E+21,8.63785E+15,4.98587E+16
107693,107694,6,4,33,5,2016,10,8,6,3,5,3,0,0,1,1,0,0,0,0,4.5184E+20,5.53852E+21,8.32804E+15,4.99971E+16
107694,107695,6,4,12,0,2016,9,19,3,3,6,4,2,0,0,1,1,0,0,0,4.73271E+20,5.55066E+21,8.62621E+15,5.01076E+16
107695,107696,6,4,12,0,2016,10,18,4,3,2,6,1,0,0,1,0,1,0,0,4.76655E+20,5.55152E+21,8.67348E+15,5.01155E+16
107696,107697,6,4,11,0,2016,9,8,4,3,0,5,0,0,1,1,0,0,0,0,4.74884E+20,5.52517E+21,8.65043E+15,4.98784E+16
107697,107698,6,4,32,15,2016,10,6,6,3,5,3,2,1,0,1,0,1,0,0,4.89453E+20,5.52923E+21,8.85309E+15,4.99153E+16
107698,107699,6,4,12,0,2016,10,16,4,3,2,6,0,0,0,1,0,0,0,0,4.75019E+20,5.55131E+21,8.65061E+15,5.01135E+16
107699,107700,6,4,13,0,2016,10,20,2,3,2,2,2,1,0,1,0,0,0,0,4.86377E+20,5.54829E+21,8.80957E+15,5.00867E+16
107700,107701,6,5,31,5,2016,9,7,6,3,2,6,0,0,0,1,0,0,0,0,4.77266E+20,5.60435E+21,8.67883E+15,5.05906E+16
107701,107702,6,4,11,0,2016,9,16,6,3,5,3,0,0,1,1,0,0,0,0,4.75766E+20,5.52408E+21,8.66277E+15,4.98687E+16
107702,107703,6,4,35,14,2016,10,17,7,3,5,3,0,1,0,1,0,0,0,0,4.95796E+20,5.55396E+21,8.94117E+15,5.01379E+16
107703,107704,6,4,11,0,2016,10,11,3,3,2,6,0,0,0,1,0,0,0,0,4.74305E+20,5.52412E+21,8.64243E+15,4.9869E+16
107704,107705,6,4,39,7,2016,10,16,6,3,5,3,0,0,0,1,0,0,0,0,4.42916E+20,5.56348E+21,8.19981E+15,5.02208E+16
107705,107706,6,4,37,11,2016,10,13,5,3,5,3,0,0,1,1,0,0,0,0,5.00054E+20,5.50207E+21,9.00075E+15,4.96712E+16
107706,107707,6,4,12,0,2016,9,15,3,3,2,2,0,0,1,1,0,0,0,0,4.76225E+20,5.55398E+21,8.6673E+15,5.01376E+16
107707,107708,6,4,12,0,2016,10,14,3,3,5,3,0,0,0,1,0,1,0,0,4.73254E+20,5.54782E+21,8.62616E+15,5.0082E+16
107708,107709,6,4,11,0,2016,9,12,5,3,0,1,0,0,1,0,0,0,0,0,4.75049E+20,5.52629E+21,8.65266E+15,4.98885E+16
107709,107710,6,4,12,0,2016,10,17,2,3,4,6,0,0,0,1,0,0,0,0,4.76814E+20,5.55064E+21,8.67575E+15,5.01075E+16
107710,107711,6,6,33,23,2016,9,16,6,3,2,2,0,0,0,1,0,0,0,0,5.26293E+20,5.67986E+21,9.37689E+15,5.12695E+16
107711,107712,6,4,32,2,2016,10,19,4,3,2,6,1,0,0,1,0,1,0,0,4.96754E+20,5.53345E+21,8.95475E+15,4.99534E+16
107712,107713,6,5,31,11,2016,10,16,3,2,5,3,0,0,0,1,0,1,0,0,4.87124E+20,5.59757E+21,8.81833E+15,5.05299E+16
107713,107714,6,4,35,19,2016,9,19,5,2,0,3,2,0,0,0,0,1,0,1,4.88036E+20,5.55436E+21,8.83256E+15,5.01414E+16
107714,107715,6,4,11,0,2016,9,17,4,2,1,5,0,0,1,1,0,0,0,0,4.76057E+20,5.52472E+21,8.66678E+15,4.98744E+16
107715,107716,6,4,11,0,2016,10,13,2,3,0,1,0,1,0,0,0,1,0,0,4.74974E+20,5.52581E+21,8.65163E+15,4.98842E+16
107716,107717,6,5,33,4,2016,9,16,6,3,5,3,0,0,1,1,0,0,0,0,4.30609E+20,5.59779E+21,8.02099E+15,5.05279E+16
107717,107718,6,4,38,9,2016,9,16,6,3,1,7,0,0,0,1,0,0,0,0,4.79151E+20,5.54379E+21,8.70881E+15,5.0046E+16
107718,107719,6,4,32,18,2016,10,18,4,3,5,3,0,0,1,0,0,0,0,1,4.71545E+20,5.51702E+21,8.60455E+15,4.9805E+16
107719,107720,6,4,35,17,2016,10,13,7,3,5,7,0,1,0,1,0,0,0,1,5.01469E+20,5.5586E+21,9.02057E+15,5.01796E+16
107720,107721,6,4,32,2,2016,10,7,3,3,5,2,0,0,0,1,0,1,0,0,4.95743E+20,5.53454E+21,8.94064E+15,4.99631E+16
107721,107722,6,6,35,11,2016,9,11,5,3,6,1,0,0,0,1,1,0,0,0,4.85611E+20,5.65644E+21,8.79468E+15,5.10593E+16
107722,107723,6,6,34,8,2016,9,7,4,3,6,4,1,0,0,1,1,0,0,0,5.33422E+20,5.67321E+21,9.47847E+15,5.12093E+16
107723,107724,6,4,31,7,2016,10,5,5,3,5,3,2,0,1,1,0,0,0,0,4.82576E+20,5.49852E+21,8.75868E+15,4.9639E+16
107724,107725,6,4,12,0,2016,9,19,3,3,5,3,0,0,0,1,0,0,0,0,4.72479E+20,5.55318E+21,8.61495E+15,5.01302E+16
107725,107726,6,4,12,0,2016,10,6,3,3,3,7,2,1,0,1,0,1,0,0,4.75407E+20,5.5506E+21,8.65608E+15,5.01072E+16
107726,107727,6,4,35,25,2016,9,9,5,3,5,3,0,0,0,1,0,0,0,0,5.3773E+20,5.57765E+21,9.53032E+15,5.03497E+16
107727,107728,6,4,38,2,2016,10,20,2,3,5,2,2,0,0,1,0,0,0,0,4.78188E+20,5.54134E+21,8.6955E+15,5.0024E+16
107728,107729,6,4,36,9,2016,9,12,6,2,5,7,0,0,1,1,0,0,0,0,4.62325E+20,5.54738E+21,8.47346E+15,5.00775E+16
107729,107730,6,5,33,9,2016,10,11,1,3,5,3,0,0,0,1,0,1,0,0,4.32795E+20,5.58205E+21,8.05465E+15,5.03867E+16
107730,107731,6,4,12,0,2016,10,15,2,3,2,6,0,0,0,1,0,0,0,0,4.77684E+20,5.55123E+21,8.68789E+15,5.01129E+16
107731,107732,6,6,11,0,2016,9,11,4,3,5,3,0,0,0,1,0,0,1,0,5.3261E+20,5.68067E+21,9.46751E+15,5.12764E+16
107732,107733,6,5,31,8,2016,10,17,5,3,5,3,0,0,0,1,0,0,0,0,4.92093E+20,5.59127E+21,8.88857E+15,5.04734E+16
107733,107734,6,4,39,17,2016,9,17,4,3,1,5,0,0,1,1,0,0,0,0,4.39667E+20,5.5435E+21,8.15744E+15,5.00407E+16
107734,107735,6,4,12,0,2016,9,13,3,3,5,3,0,0,1,1,0,0,0,0,4.82608E+20,5.55221E+21,8.7567E+15,5.01219E+16
107735,107736,6,4,35,25,2016,10,19,3,3,4,1,2,0,0,1,0,1,0,0,5.37291E+20,5.57787E+21,9.52417E+15,5.03517E+16
107736,107737,6,4,38,2,2016,9,11,5,3,2,6,0,0,0,1,0,0,0,0,4.776E+20,5.54131E+21,8.6873E+15,5.00237E+16
107737,107738,6,4,11,0,2016,10,12,1,3,5,3,0,0,0,1,0,0,0,0,4.75671E+20,5.5237E+21,8.66147E+15,4.98652E+16
107738,107739,6,4,35,1,2016,10,6,2,3,0,1,2,0,1,0,0,0,0,0,5.24081E+20,5.56478E+21,9.33765E+15,5.02347E+16
107739,107740,6,4,33,11,2016,10,22,7,2,0,1,2,0,0,0,0,1,0,0,4.6418E+20,5.51998E+21,8.50193E+15,4.98312E+16
107740,107741,6,4,38,2,2016,9,23,4,3,5,3,2,0,0,1,0,0,0,0,4.78394E+20,5.54214E+21,8.69832E+15,5.00311E+16
107741,107742,6,4,13,0,2016,10,9,4,3,6,4,0,0,1,0,1,0,0,0,4.82485E+20,5.55048E+21,8.75506E+15,5.01063E+16
107742,107743,6,5,33,9,2016,9,13,6,3,3,6,0,1,0,1,0,1,0,0,4.33189E+20,5.58238E+21,8.06013E+15,5.03897E+16
107743,107744,6,6,32,2,2016,10,21,7,3,5,1,2,1,0,1,0,0,0,0,5.5146E+20,5.63493E+21,9.73124E+15,5.08638E+16
107744,107745,6,4,12,0,2016,10,16,3,3,6,6,2,0,1,0,1,0,0,0,4.77149E+20,5.55216E+21,8.68035E+15,5.01213E+16
107745,107746,6,4,38,11,2016,9,16,5,2,1,5,0,0,1,1,0,0,0,0,4.91463E+20,5.5428E+21,8.88078E+15,5.00375E+16
107746,107747,6,4,12,0,2016,10,8,7,3,3,6,0,0,0,0,0,1,0,1,4.75375E+20,5.55109E+21,8.65559E+15,5.01116E+16
107747,107748,6,5,33,9,2016,9,12,6,3,2,6,0,1,0,1,0,0,0,0,4.33584E+20,5.58489E+21,8.06524E+15,5.04123E+16
107748,107749,6,4,38,6,2016,10,17,3,3,5,3,0,0,1,1,0,0,0,0,4.75138E+20,5.53813E+21,8.65313E+15,4.9995E+16
107749,107750,6,4,14,0,2016,10,18,7,2,6,4,1,1,0,1,1,0,0,0,4.4807E+20,5.54077E+21,8.27514E+15,5.0017E+16
107750,107751,6,4,14,0,2016,10,0,3,3,2,6,2,0,0,1,0,0,0,0,4.44163E+20,5.54769E+21,8.2196E+15,5.00788E+16
107751,107752,6,4,34,1,2016,9,7,5,3,6,7,0,0,0,0,1,0,0,1,4.7193E+20,5.56514E+21,8.60639E+15,5.02378E+16
107752,107753,6,5,31,5,2016,10,11,7,3,6,4,0,0,1,0,1,0,0,0,4.76736E+20,5.60371E+21,8.67138E+15,5.05849E+16
107753,107754,6,5,34,14,2016,10,16,2,3,2,6,0,0,0,1,0,0,0,0,4.83949E+20,5.62979E+21,8.77214E+15,5.08196E+16