FID,OBJECTID,ULAND,UREGBEZ,UKREIS,UGEMEINDE,UJAHR,UMONAT,USTUNDE,UWOCHENTAG,UKATEGORIE,UART,UTYP1,ULICHTVERH,IstStrasse,IstRad,IstPKW,IstFuss,IstKrad,IstGkfz,IstSonstig,LINREFX,LINREFY,XGCSWGS84,YGCSWGS84
107754,107755,6,4,12,0,2016,10,13,6,3,3,6,0,0,1,0,0,0,0,1,4.80578E+20,5.55153E+21,8.72834E+15,5.01157E+16
107755,107756,6,4,38,2,2016,9,16,4,3,2,6,0,0,0,1,0,0,0,1,4.78192E+20,5.54075E+21,8.69558E+15,5.00187E+16
107756,107757,6,4,40,2,2016,10,13,6,3,4,3,0,0,1,1,0,0,0,0,4.81171E+20,5.57898E+21,8.73527E+15,5.03626E+16
107757,107758,6,4,12,0,2016,10,8,4,3,6,4,0,0,0,1,1,0,0,0,4.7581E+20,5.55129E+21,8.66167E+15,5.01133E+16
107758,107759,6,6,31,15,2016,10,19,2,2,5,3,2,0,0,1,0,1,0,0,5.53912E+20,5.61324E+21,9.76289E+15,5.06685E+16
107759,107760,6,6,11,0,2016,9,16,6,3,5,2,0,0,1,1,0,0,0,0,5.34339E+20,5.68485E+21,9.49271E+15,5.13139E+16
107760,107761,6,4,36,8,2016,9,14,6,3,6,7,0,0,0,1,1,0,0,0,4.58753E+20,5.55602E+21,8.42261E+15,5.0155E+16
107761,107762,6,4,12,0,2016,10,13,7,3,2,1,0,1,0,1,0,0,0,0,4.7525E+20,5.55219E+21,8.65377E+15,5.01214E+16
107762,107763,6,4,38,6,2016,10,18,3,3,6,7,0,0,1,0,1,0,0,0,4.75132E+20,5.53811E+21,8.65304E+15,4.99948E+16
107763,107764,6,4,38,6,2016,9,10,4,3,5,3,0,0,1,1,0,0,0,0,4.77458E+20,5.53676E+21,8.68558E+15,4.99828E+16
107764,107765,6,4,35,26,2016,10,8,5,2,5,2,0,0,1,0,0,0,1,0,4.88578E+20,5.5608E+21,8.83996E+15,5.01993E+16
107765,107766,6,4,12,0,2016,9,13,3,3,4,6,0,0,1,1,0,0,0,0,4.7431E+20,5.55033E+21,8.64076E+15,5.01047E+16
107766,107767,6,6,36,6,2016,10,7,6,3,5,3,1,1,1,1,0,0,0,0,5.49903E+20,5.67169E+21,9.71417E+15,5.11944E+16
107767,107768,6,4,34,1,2016,9,9,4,3,0,3,0,0,0,1,0,0,0,1,4.72666E+20,5.56417E+21,8.61678E+15,5.02291E+16
107768,107769,6,5,35,11,2016,10,7,5,3,7,7,0,0,0,1,1,0,0,0,5.28188E+20,5.60963E+21,9.39862E+15,5.06378E+16
107769,107770,6,4,37,11,2016,9,15,3,3,6,4,0,0,0,0,1,1,0,0,5.00408E+20,5.50273E+21,9.00565E+15,4.96771E+16
107770,107771,6,4,12,0,2016,10,22,2,3,5,7,2,1,0,1,0,0,0,0,4.82553E+20,5.55456E+21,8.75583E+15,5.0143E+16
107771,107772,6,4,35,10,2016,9,9,6,3,6,4,0,0,0,1,1,0,0,0,5.10025E+20,5.559E+21,9.14041E+15,5.01831E+16
107772,107773,6,4,11,0,2016,10,17,4,3,5,2,0,0,1,0,0,0,0,1,4.74131E+20,5.5169E+21,8.64049E+15,4.9804E+16
107773,107774,6,4,12,0,2016,10,10,7,3,0,7,0,1,1,0,0,0,0,0,4.76485E+20,5.54921E+21,8.67124E+15,5.00947E+16
107774,107775,6,4,40,8,2016,10,13,3,3,3,6,0,0,0,1,0,1,0,0,4.82241E+20,5.5753E+21,8.75049E+15,5.03295E+16
107775,107776,6,4,35,9,2016,9,19,5,2,1,5,0,0,1,1,0,0,0,0,5.08244E+20,5.55423E+21,9.11537E+15,5.01402E+16
107776,107777,6,4,40,2,2016,9,12,4,3,0,7,0,0,0,1,1,0,0,0,4.82163E+20,5.57915E+21,8.74921E+15,5.03642E+16
107777,107778,6,4,11,0,2016,9,15,3,3,0,6,0,0,0,1,0,0,0,1,4.74E+20,5.52237E+21,8.63831E+15,4.98532E+16
107778,107779,6,4,38,11,2016,10,14,3,3,5,3,0,0,1,1,0,0,0,0,4.9026E+20,5.53889E+21,8.86408E+15,5.00022E+16
107779,107780,6,4,35,3,2016,9,18,5,2,8,1,0,0,0,0,0,1,0,0,5.19961E+20,5.55945E+21,9.27961E+15,5.01869E+16
107780,107781,6,5,32,3,2016,10,0,2,3,0,7,2,0,0,0,0,1,0,0,4.56742E+20,5.59598E+21,8.38986E+15,5.05142E+16
107781,107782,6,4,40,5,2016,9,17,6,3,0,5,0,0,0,1,0,0,0,0,4.75486E+20,5.58786E+21,8.65477E+15,5.04422E+16
107782,107783,6,4,12,0,2016,10,9,1,3,5,3,0,0,0,1,0,0,0,1,4.72233E+20,5.55266E+21,8.61154E+15,5.01255E+16
107783,107784,6,4,37,11,2016,10,16,2,3,5,3,0,0,0,1,0,0,0,0,4.99669E+20,5.50286E+21,8.99541E+15,4.96782E+16
107784,107785,6,4,37,4,2016,9,16,5,3,5,3,0,0,1,0,0,0,0,0,5.03273E+20,5.52058E+21,9.04551E+15,4.98376E+16
107785,107786,6,4,12,0,2016,10,4,1,3,8,1,2,1,0,1,0,0,0,0,4.65186E+20,5.5485E+21,8.51334E+15,5.00878E+16
107786,107787,6,4,40,19,2016,9,15,6,3,6,7,0,1,0,1,1,0,0,0,5.03378E+20,5.57836E+21,9.04748E+15,5.03573E+16
107787,107788,6,6,11,0,2016,10,12,2,3,2,7,0,0,0,1,0,0,0,0,5.34688E+20,5.68525E+21,9.49776E+15,5.13175E+16
107788,107789,6,4,32,15,2016,9,13,5,3,0,7,0,0,1,1,0,0,0,0,4.8987E+20,5.53012E+21,8.85888E+15,4.99234E+16
107789,107790,6,5,34,4,2016,9,13,4,3,5,3,0,0,0,1,0,0,0,0,4.67299E+20,5.63963E+21,8.5349E+15,5.09074E+16
107790,107791,6,4,33,7,2016,10,12,5,3,5,3,0,0,0,1,0,0,0,0,4.67547E+20,5.54427E+21,8.5467E+15,5.00498E+16
107791,107792,6,4,14,0,2016,9,16,6,3,0,7,0,0,0,0,0,0,0,1,4.45828E+20,5.54786E+21,8.24285E+15,5.00805E+16
107792,107793,6,4,34,1,2016,10,13,3,3,3,2,0,0,0,1,0,0,0,0,4.7256E+20,5.56364E+21,8.61532E+15,5.02243E+16
107793,107794,6,5,34,10,2016,9,15,5,2,5,3,0,0,0,1,0,0,1,0,4.71082E+20,5.6246E+21,8.58989E+15,5.07725E+16
107794,107795,6,4,40,8,2016,10,13,1,3,2,6,0,0,0,1,0,0,0,0,4.82446E+20,5.57606E+21,8.75334E+15,5.03364E+16
107795,107796,6,4,11,0,2016,10,16,2,3,6,4,0,0,0,0,1,0,0,1,4.74403E+20,5.51838E+21,8.64418E+15,4.98173E+16
107796,107797,6,4,35,14,2016,10,18,7,3,1,5,1,0,0,1,1,0,0,0,4.92091E+20,5.5583E+21,8.88924E+15,5.01768E+16
107797,107798,6,4,31,3,2016,9,13,4,3,5,3,0,0,0,0,0,1,1,0,4.61422E+20,5.50492E+21,8.46508E+15,4.96955E+16
107798,107799,6,4,39,8,2016,10,14,6,2,6,7,0,0,0,1,1,0,0,0,4.47816E+20,5.56339E+21,8.2685E+15,5.02203E+16
107799,107800,6,4,12,0,2016,10,15,7,3,0,2,0,0,1,1,0,0,0,0,4.76817E+20,5.55064E+21,8.6758E+15,5.01075E+16
107800,107801,6,4,33,10,2016,9,6,4,3,5,3,2,0,1,1,0,0,0,0,4.59922E+20,5.53976E+21,8.44067E+15,5.00088E+16
107801,107802,6,6,11,0,2016,10,20,4,3,5,3,2,0,0,1,0,0,0,0,5.34787E+20,5.68694E+21,9.49934E+15,5.13327E+16
107802,107803,6,4,14,0,2016,9,14,6,3,5,3,0,1,0,1,0,0,0,0,4.47651E+20,5.54159E+21,8.26918E+15,5.00243E+16
107803,107804,6,4,12,0,2016,10,12,7,3,5,3,0,1,0,1,0,1,0,0,4.76782E+20,5.55095E+21,8.67528E+15,5.01103E+16
107804,107805,6,4,13,0,2016,10,14,3,3,5,2,0,0,1,1,0,0,0,0,4.83874E+20,5.55008E+21,8.77451E+15,5.01028E+16
107805,107806,6,4,31,13,2016,9,12,5,3,3,6,0,0,1,1,0,0,0,0,4.62777E+20,5.4933E+21,8.48497E+15,4.95912E+16
107806,107807,6,6,33,15,2016,10,11,7,3,2,6,0,0,0,1,0,0,0,0,5.44023E+20,5.6816E+21,9.63124E+15,5.12841E+16
107807,107808,6,4,37,11,2016,10,19,6,2,5,2,1,0,0,1,0,1,0,0,5.00401E+20,5.50269E+21,9.00556E+15,4.96768E+16
107808,107809,6,4,12,0,2016,9,13,4,3,2,6,0,0,1,1,0,0,0,0,4.81144E+20,5.55286E+21,8.7362E+15,5.01276E+16
107809,107810,6,4,31,2,2016,10,13,6,3,5,3,0,0,1,1,0,0,0,0,4.71937E+20,5.50485E+21,8.61088E+15,4.96955E+16
107810,107811,6,4,35,14,2016,9,13,3,3,0,7,0,0,1,1,0,0,0,0,4.92716E+20,5.55297E+21,8.89809E+15,5.01289E+16
107811,107812,6,4,12,0,2016,10,15,4,3,2,6,0,0,0,1,0,0,0,0,4.77654E+20,5.55198E+21,8.68742E+15,5.01197E+16
107812,107813,6,4,35,10,2016,10,13,3,3,3,6,0,0,1,1,0,0,0,0,5.12721E+20,5.56097E+21,9.17825E+15,5.02008E+16
107813,107814,6,6,11,0,2016,10,16,7,3,2,6,0,0,0,1,0,0,0,0,5.36549E+20,5.68095E+21,9.52402E+15,5.12787E+16
107814,107815,6,6,33,17,2016,10,9,2,3,5,3,0,1,0,1,0,0,0,0,5.37529E+20,5.68079E+21,9.53805E+15,5.12772E+16
107815,107816,6,4,36,10,2016,10,17,6,3,6,4,1,0,0,1,1,0,0,0,4.62785E+20,5.55232E+21,8.4794E+15,5.01219E+16
107816,107817,6,4,12,0,2016,10,16,1,2,6,4,0,0,0,1,1,0,0,0,4.7084E+20,5.54816E+21,8.59241E+15,5.0085E+16
107817,107818,6,4,11,0,2016,10,18,6,3,0,5,1,0,1,1,0,0,0,0,4.75268E+20,5.52397E+21,8.65585E+15,4.98676E+16
107818,107819,6,4,12,0,2016,10,17,4,3,6,4,0,0,1,0,1,0,0,0,4.76839E+20,5.55121E+21,8.67607E+15,5.01127E+16
107819,107820,6,4,35,26,2016,10,9,6,3,5,3,0,0,0,1,0,0,0,0,4.89482E+20,5.56129E+21,8.85262E+15,5.02037E+16
107820,107821,6,4,14,0,2016,10,11,4,3,6,4,0,0,0,1,1,0,0,0,4.45642E+20,5.54784E+21,8.24025E+15,5.00804E+16
107821,107822,6,4,13,0,2016,10,18,6,3,5,2,0,0,0,1,0,0,0,0,4.84544E+20,5.54976E+21,8.78389E+15,5.00999E+16
107822,107823,6,4,12,0,2016,10,1,3,3,8,1,2,1,0,1,0,0,0,0,4.77839E+20,5.55461E+21,8.68986E+15,5.01433E+16
107823,107824,6,4,12,0,2016,10,14,5,3,3,6,0,0,1,0,0,0,0,1,4.76756E+20,5.55083E+21,8.67493E+15,5.01092E+16
107824,107825,6,4,32,1,2016,10,17,6,3,6,4,0,0,0,1,1,0,0,0,4.72464E+20,5.51022E+21,8.61781E+15,4.97438E+16
107825,107826,6,4,36,3,2016,10,8,5,3,5,3,0,1,0,1,0,0,0,0,4.69006E+20,5.55418E+21,8.56627E+15,5.01391E+16
107826,107827,6,4,34,6,2016,10,3,4,3,0,1,2,1,0,0,0,1,0,0,4.64408E+20,5.55917E+21,8.50146E+15,5.01837E+16
107827,107828,6,5,35,1,2016,10,12,1,3,6,6,0,0,0,0,1,0,0,1,5.18561E+20,5.62121E+21,9.26306E+15,5.07424E+16
107828,107829,6,5,32,9,2016,10,17,4,3,6,4,0,0,0,1,1,0,0,0,4.53331E+20,5.62962E+21,8.33752E+15,5.08165E+16
107829,107830,6,5,33,17,2016,10,14,1,3,5,2,0,0,0,1,0,1,0,0,4.49374E+20,5.59227E+21,8.28645E+15,5.04802E+16
107830,107831,6,5,34,14,2016,10,14,4,3,8,1,0,1,0,1,0,0,0,0,4.83816E+20,5.62729E+21,8.77035E+15,5.07971E+16
107831,107832,6,4,35,26,2016,10,16,6,3,5,3,0,0,0,1,0,1,0,0,4.87348E+20,5.56055E+21,8.82273E+15,5.0197E+16
107832,107833,6,4,12,0,2016,10,17,4,3,6,4,0,0,0,0,1,0,0,1,4.77077E+20,5.55137E+21,8.67938E+15,5.01142E+16
107833,107834,6,4,32,23,2016,10,7,4,3,2,6,0,0,0,1,0,0,0,0,4.72386E+20,5.52758E+21,8.61549E+15,4.98999E+16
107834,107835,6,4,12,0,2016,10,17,5,3,2,6,1,1,0,1,0,0,0,0,4.77111E+20,5.5572E+21,8.67951E+15,5.01666E+16
107835,107836,6,4,13,0,2016,10,13,6,3,5,3,0,1,0,1,0,0,0,0,4.88405E+20,5.54764E+21,8.83794E+15,5.00809E+16
107836,107837,6,4,11,0,2016,10,7,3,3,5,3,2,1,1,0,0,0,0,0,4.75016E+20,5.52578E+21,8.65222E+15,4.98839E+16
107837,107838,6,4,40,2,2016,10,12,6,3,5,3,0,0,0,1,0,0,0,0,4.82012E+20,5.57842E+21,8.74712E+15,5.03576E+16
107838,107839,6,5,32,1,2016,10,17,4,3,5,3,0,0,0,1,0,0,0,0,4.63253E+20,5.60398E+21,8.48091E+15,5.05866E+16
107839,107840,6,4,33,8,2016,10,15,1,3,5,3,0,0,1,1,0,0,0,0,4.6899E+20,5.53892E+21,8.56729E+15,5.00018E+16
107840,107841,6,4,11,0,2016,10,11,7,3,2,6,0,0,0,1,0,0,0,0,4.75408E+20,5.52879E+21,8.65749E+15,4.99109E+16
107841,107842,6,4,36,3,2016,10,21,5,3,5,2,2,0,0,1,0,0,0,0,4.68983E+20,5.55448E+21,8.56592E+15,5.01417E+16
107842,107843,6,4,12,0,2016,10,15,7,3,4,6,0,1,0,1,0,0,0,1,4.71385E+20,5.55083E+21,8.59982E+15,5.0109E+16
107843,107844,6,4,11,0,2016,10,13,4,3,5,3,0,0,1,1,0,0,0,0,4.75116E+20,5.52354E+21,8.65375E+15,4.98637E+16
107844,107845,6,4,13,0,2016,10,18,2,3,2,6,2,1,0,1,0,0,0,0,4.81387E+20,5.55043E+21,8.73971E+15,5.01059E+16
107845,107846,6,4,31,20,2016,10,7,6,3,5,3,0,0,0,1,0,0,0,0,4.68721E+20,5.48603E+21,8.56779E+15,4.95261E+16
107846,107847,6,4,12,0,2016,10,14,5,3,5,2,0,0,1,1,0,0,0,0,4.7545E+20,5.55184E+21,8.65659E+15,5.01183E+16
107847,107848,6,4,40,8,2016,10,8,6,2,6,7,0,0,0,1,1,0,0,0,4.85128E+20,5.57765E+21,8.79096E+15,5.03508E+16
107848,107849,6,4,38,13,2016,10,6,4,3,5,3,2,0,0,1,0,1,0,0,4.98524E+20,5.54301E+21,8.97939E+15,5.00393E+16
107849,107850,6,4,12,0,2016,10,15,5,3,5,3,0,1,0,1,0,1,0,0,4.70638E+20,5.54826E+21,8.58957E+15,5.00859E+16
107850,107851,6,4,12,0,2016,10,17,5,3,5,3,0,0,0,1,0,0,0,0,4.72123E+20,5.55463E+21,8.60986E+15,5.01432E+16
107851,107852,6,4,31,2,2016,10,13,6,3,2,7,0,0,1,1,0,0,0,0,4.72521E+20,5.50223E+21,8.61916E+15,4.9672E+16
107852,107853,6,4,14,0,2016,10,16,3,3,5,2,0,0,0,1,0,0,0,0,4.49631E+20,5.5404E+21,8.29698E+15,5.00138E+16
107853,107854,6,4,12,0,2016,10,20,7,3,6,1,2,0,0,1,1,0,0,0,4.71678E+20,5.54789E+21,8.60413E+15,5.00826E+16
107854,107855,6,5,34,14,2016,10,2,7,3,1,5,2,0,1,1,0,0,0,0,4.84648E+20,5.62825E+21,8.78213E+15,5.08058E+16
107855,107856,6,4,12,0,2016,10,13,7,3,5,3,0,1,0,1,0,0,0,0,4.76024E+20,5.55142E+21,8.66466E+15,5.01145E+16
107856,107857,6,4,13,0,2016,10,13,2,3,6,2,0,1,0,1,1,0,0,0,4.83511E+20,5.55025E+21,8.76943E+15,5.01043E+16
107857,107858,6,5,35,17,2016,10,11,6,3,1,5,0,0,0,1,0,0,0,1,5.22657E+20,5.61646E+21,9.32082E+15,5.06996E+16
107858,107859,6,4,12,0,2016,10,12,5,3,5,3,0,1,0,1,0,1,0,0,4.77124E+20,5.55009E+21,8.68011E+15,5.01027E+16
107859,107860,6,4,14,0,2016,10,6,3,2,6,4,1,0,0,1,1,0,0,0,4.53202E+20,5.54599E+21,8.34613E+15,5.00644E+16
107860,107861,6,4,12,0,2016,10,19,6,3,6,5,1,0,0,1,1,0,0,0,4.66934E+20,5.55141E+21,8.53753E+15,5.0114E+16
107861,107862,6,5,31,14,2016,10,7,6,2,6,4,1,0,0,1,1,0,0,0,4.80277E+20,5.59882E+21,8.72166E+15,5.0541E+16
107862,107863,6,4,13,0,2016,10,20,3,3,5,3,2,1,1,1,0,0,0,0,4.85713E+20,5.54895E+21,8.80026E+15,5.00926E+16
107863,107864,6,4,33,6,2016,10,10,7,2,5,7,0,0,1,1,0,0,0,0,4.61321E+20,5.52829E+21,8.46134E+15,4.99057E+16
107864,107865,6,4,14,0,2016,10,19,6,3,3,2,1,0,0,1,0,0,0,1,4.45036E+20,5.54788E+21,8.23178E+15,5.00806E+16
107865,107866,6,4,12,0,2016,10,7,6,3,6,1,1,1,0,1,1,0,0,0,4.76276E+20,5.55384E+21,8.66803E+15,5.01363E+16
107866,107867,6,4,12,0,2016,10,3,7,3,5,3,2,1,0,1,0,0,0,1,4.74897E+20,5.55247E+21,8.64883E+15,5.01239E+16
107867,107868,6,6,36,4,2016,10,10,3,3,8,7,0,1,0,1,0,0,0,0,5.55053E+20,5.67898E+21,9.78898E+15,5.12595E+16
107868,107869,6,4,12,0,2016,10,18,2,3,5,3,2,1,1,1,0,0,0,0,4.67948E+20,5.55018E+21,8.55181E+15,5.0103E+16
107869,107870,6,4,12,0,2016,10,12,6,3,2,3,0,0,0,1,0,0,1,1,4.707E+20,5.55344E+21,8.59004E+15,5.01324E+16
107870,107871,6,4,12,0,2016,10,14,1,3,5,3,0,0,0,1,0,0,0,0,4.7974E+20,5.5529E+21,8.71655E+15,5.0128E+16
107871,107872,6,4,12,0,2016,10,0,3,2,5,3,2,1,0,1,0,0,0,0,4.67589E+20,5.54994E+21,8.54681E+15,5.01009E+16
107872,107873,6,4,38,2,2016,10,13,6,3,0,5,0,0,0,1,0,0,0,0,4.79021E+20,5.54166E+21,8.7071E+15,5.00269E+16
107873,107874,6,4,11,0,2016,10,8,4,3,2,6,0,0,0,1,0,0,0,0,4.74693E+20,5.52487E+21,8.64779E+15,4.98757E+16
107874,107875,6,4,38,2,2016,10,9,4,3,5,2,0,0,0,1,0,0,0,0,4.78633E+20,5.53922E+21,8.70183E+15,5.00049E+16
107875,107876,6,4,12,0,2016,10,13,5,3,2,6,0,1,0,1,0,1,0,0,4.7732E+20,5.54933E+21,8.6829E+15,5.00958E+16
107876,107877,6,4,12,0,2016,10,17,6,3,5,3,1,0,1,1,0,0,0,0,4.81968E+20,5.55225E+21,8.74775E+15,5.01222E+16
107877,107878,6,4,38,9,2016,10,13,3,3,5,3,0,0,0,1,0,0,0,0,4.82202E+20,5.54526E+21,8.75135E+15,5.00594E+16
107878,107879,6,6,34,14,2016,10,16,5,2,6,7,0,0,0,1,1,0,0,0,5.38663E+20,5.66371E+21,9.55246E+15,5.11236E+16
107879,107880,6,6,33,13,2016,10,16,4,3,3,2,0,1,1,1,0,0,0,0,5.26475E+20,5.70457E+21,9.38134E+15,5.14916E+16
107880,107881,6,4,32,23,2016,10,11,6,3,2,6,0,0,0,1,0,1,0,0,4.72299E+20,5.52621E+21,8.61437E+15,4.98877E+16
107881,107882,6,4,12,0,2016,10,7,6,3,5,3,2,1,1,1,0,0,0,0,4.77309E+20,5.55176E+21,8.68261E+15,5.01176E+16
107882,107883,6,4,12,0,2016,10,15,7,3,5,2,0,1,0,1,0,1,0,0,4.83704E+20,5.552E+21,8.77205E+15,5.012E+16
107883,107884,6,4,38,10,2016,10,8,3,3,0,7,0,1,1,0,0,0,0,0,4.90463E+20,5.54737E+21,8.8667E+15,5.00785E+16
107884,107885,6,4,34,2,2016,10,18,5,3,5,3,2,0,1,1,0,0,0,0,4.73899E+20,5.56693E+21,8.63387E+15,5.0254E+16
107885,107886,6,4,12,0,2016,10,13,2,3,2,6,0,1,0,1,0,0,0,0,4.72565E+20,5.55064E+21,8.61633E+15,5.01074E+16
107886,107887,6,6,34,9,2016,10,12,5,3,5,3,0,0,0,1,0,0,0,0,5.28547E+20,5.65348E+21,9.40712E+15,5.10322E+16
107887,107888,6,4,12,0,2016,10,17,5,3,4,6,1,1,1,1,0,0,0,0,4.76393E+20,5.55067E+21,8.66986E+15,5.01078E+16
107888,107889,6,4,11,0,2016,10,10,1,3,5,3,0,0,0,1,0,0,0,0,4.75651E+20,5.5267E+21,8.661E+15,4.98922E+16
107889,107890,6,4,31,17,2016,10,14,1,3,0,4,0,0,0,0,1,0,0,1,4.78244E+20,5.49694E+21,8.69877E+15,4.96246E+16
107890,107891,6,4,12,0,2016,10,7,3,2,6,7,0,1,0,0,1,0,0,1,4.71294E+20,5.54944E+21,8.59865E+15,5.00965E+16
107891,107892,6,4,34,1,2016,10,13,6,3,2,6,0,0,0,1,0,0,0,1,4.7267E+20,5.56377E+21,8.61686E+15,5.02255E+16
107892,107893,6,4,39,10,2016,10,17,4,3,9,1,0,0,0,1,0,0,0,0,4.15233E+20,5.5454E+21,7.81585E+15,5.00549E+16
107893,107894,6,4,38,5,2016,10,9,4,3,5,2,0,0,0,1,0,0,0,0,4.84972E+20,5.5444E+21,8.79008E+15,5.00517E+16
107894,107895,6,4,12,0,2016,10,13,5,3,6,4,0,0,0,1,1,0,0,0,4.76248E+20,5.55301E+21,8.66769E+15,5.01289E+16
107895,107896,6,4,12,0,2016,10,18,5,3,3,2,2,0,1,1,0,0,0,0,4.76427E+20,5.55257E+21,8.67023E+15,5.01249E+16
107896,107897,6,4,11,0,2016,10,20,6,3,5,3,2,1,0,1,0,0,0,1,4.75136E+20,5.52694E+21,8.65382E+15,4.98944E+16
107897,107898,6,4,35,18,2016,10,18,3,3,6,2,1,0,0,1,1,0,0,0,5.13755E+20,5.56027E+21,9.19271E+15,5.01944E+16
107898,107899,6,5,35,11,2016,10,7,5,3,1,5,0,0,1,1,0,0,0,0,5.28154E+20,5.60929E+21,9.39811E+15,5.06348E+16
107899,107900,6,4,12,0,2016,10,15,3,3,5,3,0,1,1,1,0,0,0,0,4.74236E+20,5.5521E+21,8.63959E+15,5.01206E+16
107900,107901,6,5,33,9,2016,10,2,7,3,7,1,2,1,0,1,0,0,0,0,4.38137E+20,5.58107E+21,8.12994E+15,5.03784E+16
107901,107902,6,6,36,4,2016,10,19,7,3,5,3,2,0,1,1,0,0,0,0,5.54615E+20,5.6787E+21,9.78267E+15,5.1257E+16
107902,107903,6,6,11,0,2016,10,8,5,3,6,4,0,0,1,0,1,0,0,0,5.32505E+20,5.68497E+21,9.4664E+15,5.13151E+16
107903,107904,6,4,12,0,2016,10,22,5,3,2,2,2,1,0,0,0,1,0,1,4.77693E+20,5.55144E+21,8.688E+15,5.01148E+16
107904,107905,6,4,12,0,2016,10,23,3,3,6,4,2,1,0,1,1,0,0,0,4.75607E+20,5.55066E+21,8.65887E+15,5.01077E+16
107905,107906,6,4,12,0,2016,10,4,1,3,8,7,2,0,0,1,0,0,0,0,4.81227E+20,5.55406E+21,8.7373E+15,5.01385E+16
107906,107907,6,4,12,0,2016,10,11,3,3,2,6,0,0,1,1,0,0,0,0,4.73925E+20,5.55046E+21,8.63537E+15,5.01058E+16
107907,107908,6,4,36,3,2016,10,14,5,3,5,3,0,0,1,1,0,0,0,0,4.68539E+20,5.55359E+21,8.55978E+15,5.01337E+16
107908,107909,6,4,34,8,2016,10,7,4,3,5,3,1,1,1,1,0,0,0,0,4.71661E+20,5.56054E+21,8.60296E+15,5.01963E+16
107909,107910,6,4,11,0,2016,10,15,5,2,6,4,0,1,0,1,1,0,0,0,4.76954E+20,5.52803E+21,8.67907E+15,4.99042E+16
107910,107911,6,4,14,0,2016,10,19,5,3,6,2,2,0,0,1,1,0,0,0,4.45204E+20,5.54609E+21,8.23437E+15,5.00645E+16
107911,107912,6,4,11,0,2016,10,19,3,2,5,3,2,0,0,1,0,0,1,0,4.72566E+20,5.52433E+21,8.61822E+15,4.98708E+16
107912,107913,6,4,40,12,2016,10,14,7,2,3,2,0,0,1,1,0,0,0,0,4.84392E+20,5.56538E+21,8.78112E+15,5.02404E+16
107913,107914,6,5,31,5,2016,10,16,7,3,5,3,0,0,0,1,0,0,0,0,4.78022E+20,5.60212E+21,8.68964E+15,5.05706E+16
107914,107915,6,4,12,0,2016,10,14,7,3,2,6,0,1,0,1,0,0,0,0,4.77919E+20,5.55284E+21,8.69107E+15,5.01273E+16
107915,107916,6,4,12,0,2016,10,21,2,3,5,3,2,1,1,1,0,0,0,0,4.72713E+20,5.55328E+21,8.61822E+15,5.01312E+16
107916,107917,6,4,14,0,2016,10,10,5,3,5,3,0,0,0,1,0,1,0,0,4.45312E+20,5.54556E+21,8.23597E+15,5.00598E+16
107917,107918,6,4,12,0,2016,10,0,7,3,6,2,2,1,0,1,1,0,0,0,4.77992E+20,5.55285E+21,8.6921E+15,5.01274E+16
107918,107919,6,4,34,1,2016,10,13,4,2,2,6,0,0,0,1,0,0,0,1,4.73325E+20,5.56291E+21,8.6261E+15,5.02177E+16
107919,107920,6,4,12,0,2016,10,15,2,3,3,2,0,1,0,1,0,0,1,0,4.78844E+20,5.55288E+21,8.70402E+15,5.01277E+16
107920,107921,6,4,13,0,2016,10,5,5,2,5,2,2,0,0,1,0,1,0,0,4.86565E+20,5.54819E+21,8.8122E+15,5.00858E+16
107921,107922,6,4,38,8,2016,10,8,5,3,5,3,0,1,1,1,0,0,0,0,4.8807E+20,5.55224E+21,8.83311E+15,5.01222E+16
107922,107923,6,4,12,0,2016,10,7,5,3,5,3,0,0,1,0,0,0,0,0,4.75899E+20,5.55156E+21,8.6629E+15,5.01158E+16
107923,107924,6,4,11,0,2016,10,13,3,3,5,3,0,0,1,1,0,0,0,0,4.7577E+20,5.52473E+21,8.66278E+15,4.98745E+16
107924,107925,6,6,31,20,2016,10,16,7,3,5,6,0,0,0,1,0,0,0,0,5.50968E+20,5.60659E+21,9.72032E+15,5.0609E+16
107925,107926,6,4,34,5,2016,10,17,4,3,0,7,0,1,1,0,0,0,0,0,4.62764E+20,5.55943E+21,8.47842E+15,5.01859E+16
107926,107927,6,4,14,0,2016,10,15,6,3,6,4,0,0,0,1,1,0,0,0,4.45179E+20,5.54918E+21,8.23359E+15,5.00923E+16
107927,107928,6,4,37,7,2016,10,15,6,3,8,1,0,1,0,1,0,0,0,0,4.90458E+20,5.50972E+21,8.86757E+15,4.97399E+16
107928,107929,6,4,11,0,2016,10,15,7,3,1,6,0,0,1,1,0,0,0,0,4.75265E+20,5.52378E+21,8.65581E+15,4.98659E+16
107929,107930,6,4,35,29,2016,10,11,3,3,5,3,0,1,0,1,0,1,0,0,5.20442E+20,5.56645E+21,9.28672E+15,5.02498E+16
107930,107931,6,4,31,13,2016,10,9,5,3,6,4,0,0,0,1,1,0,0,0,4.56986E+20,5.50125E+21,8.40398E+15,4.96623E+16
107931,107932,6,6,33,3,2016,10,11,2,3,5,3,0,0,0,1,0,0,0,0,5.26942E+20,5.67845E+21,9.38609E+15,5.12568E+16