FID,OBJECTID,ULAND,UREGBEZ,UKREIS,UGEMEINDE,UJAHR,UMONAT,USTUNDE,UWOCHENTAG,UKATEGORIE,UART,UTYP1,ULICHTVERH,IstStrasse,IstRad,IstPKW,IstFuss,IstKrad,IstGkfz,IstSonstig,LINREFX,LINREFY,XGCSWGS84,YGCSWGS84
107932,107933,6,4,12,0,2016,10,14,5,3,0,7,0,0,1,1,0,0,0,0,4.75627E+20,5.55416E+21,8.65893E+15,5.01392E+16
107933,107934,6,4,31,16,2016,10,18,5,3,5,3,1,1,0,1,0,1,0,0,4.68537E+20,5.49984E+21,8.56413E+15,4.96503E+16
107934,107935,6,4,11,0,2016,10,19,1,2,5,3,2,0,1,1,0,0,0,0,4.72617E+20,5.52523E+21,8.61888E+15,4.98788E+16
107935,107936,6,4,12,0,2016,10,21,1,3,5,3,2,0,0,1,0,0,0,0,4.70524E+20,5.54799E+21,8.58799E+15,5.00834E+16
107936,107937,6,4,38,6,2016,10,15,3,2,5,2,0,0,0,1,0,0,0,0,4.7693E+20,5.53679E+21,8.67821E+15,4.9983E+16
107937,107938,6,4,12,0,2016,10,13,6,3,2,6,0,0,0,1,0,0,0,0,4.73027E+20,5.55311E+21,8.62262E+15,5.01296E+16
107938,107939,6,4,34,1,2016,10,13,4,3,5,3,0,1,1,1,0,0,0,0,4.71577E+20,5.56558E+21,8.6014E+15,5.02417E+16
107939,107940,6,6,11,0,2016,10,13,6,3,5,3,0,0,0,1,0,0,0,0,5.3258E+20,5.68377E+21,9.46737E+15,5.13043E+16
107940,107941,6,6,35,20,2016,10,17,6,3,5,3,1,1,0,1,0,0,0,0,5.05506E+20,5.69466E+21,9.07916E+15,5.14031E+16
107941,107942,6,4,11,0,2016,10,8,3,2,6,4,0,0,0,1,1,0,0,0,4.74697E+20,5.51859E+21,8.64826E+15,4.98192E+16
107942,107943,6,4,31,2,2016,10,14,5,3,6,4,0,0,0,1,1,0,0,0,4.72222E+20,5.5051E+21,8.61482E+15,4.96978E+16
107943,107944,6,4,36,7,2016,10,14,2,3,5,3,0,1,0,1,0,0,0,0,4.5966E+20,5.54684E+21,8.43626E+15,5.00725E+16
107944,107945,6,4,12,0,2016,10,12,5,3,2,6,0,0,0,1,0,1,0,0,4.78067E+20,5.55137E+21,8.69323E+15,5.01141E+16
107945,107946,6,4,35,10,2016,10,5,5,3,5,1,2,1,1,1,0,0,0,0,5.13559E+20,5.56091E+21,9.18998E+15,5.02002E+16
107946,107947,6,4,40,3,2016,10,8,3,3,2,6,0,1,0,0,0,1,0,1,4.80879E+20,5.55783E+21,8.73224E+15,5.01723E+16
107947,107948,6,4,31,22,2016,10,18,1,3,5,3,1,0,0,1,0,0,0,0,4.71449E+20,5.50753E+21,8.60392E+15,4.97196E+16
107948,107949,6,5,32,11,2016,10,18,3,3,5,2,2,0,0,1,0,1,0,0,4.44651E+20,5.62146E+21,8.21555E+15,5.07422E+16
107949,107950,6,4,32,20,2016,10,11,6,3,5,3,0,0,0,1,0,0,0,0,4.81641E+20,5.52348E+21,8.74456E+15,4.98634E+16
107950,107951,6,4,34,2,2016,10,6,4,3,6,7,2,0,0,1,1,0,0,0,4.74093E+20,5.56671E+21,8.63661E+15,5.0252E+16
107951,107952,6,4,35,12,2016,10,12,5,3,9,1,0,1,0,1,0,0,0,0,5.07888E+20,5.56344E+21,9.11058E+15,5.02231E+16
107952,107953,6,4,40,8,2016,10,6,3,3,6,2,2,0,0,0,1,0,0,1,4.83144E+20,5.57577E+21,8.76316E+15,5.03338E+16
107953,107954,6,4,38,2,2016,10,15,6,3,1,5,0,0,1,1,0,0,0,0,4.78901E+20,5.53966E+21,8.70555E+15,5.00089E+16
107954,107955,6,4,36,7,2016,10,19,4,3,2,6,1,0,0,1,0,0,0,0,4.61293E+20,5.54856E+21,8.45891E+15,5.0088E+16
107955,107956,6,5,32,4,2016,10,8,5,3,9,7,0,1,0,1,0,0,0,0,4.42519E+20,5.61502E+21,8.18634E+15,5.06842E+16
107956,107957,6,6,35,2,2016,10,6,6,1,6,4,2,1,0,1,1,0,0,0,5.00317E+20,5.69224E+21,9.00456E+15,5.13814E+16
107957,107958,6,5,34,4,2016,10,11,3,2,6,7,0,1,0,1,1,0,0,0,4.66667E+20,5.64017E+21,8.52586E+15,5.09122E+16
107958,107959,6,4,32,23,2016,10,13,5,3,5,3,0,0,0,1,0,1,0,0,4.71165E+20,5.52725E+21,8.59851E+15,4.98969E+16
107959,107960,6,4,40,8,2016,10,11,5,3,5,3,0,1,0,1,0,0,0,0,4.82241E+20,5.5753E+21,8.75049E+15,5.03295E+16
107960,107961,6,4,33,12,2016,10,19,3,3,5,3,2,0,1,1,0,0,0,0,4.60462E+20,5.53455E+21,8.44875E+15,4.9962E+16
107961,107962,6,4,40,8,2016,10,9,1,2,5,3,0,0,1,1,0,0,0,0,4.82391E+20,5.5765E+21,8.75254E+15,5.03403E+16
107962,107963,6,4,13,0,2016,10,16,7,3,5,2,0,0,0,1,0,1,0,0,4.81581E+20,5.5504E+21,8.74243E+15,5.01055E+16
107963,107964,6,4,36,3,2016,10,7,5,3,5,3,2,0,1,1,0,0,0,0,4.68778E+20,5.55468E+21,8.56304E+15,5.01435E+16
107964,107965,6,4,35,14,2016,10,16,7,3,0,6,0,0,0,1,0,0,0,0,4.95569E+20,5.55195E+21,8.93801E+15,5.01198E+16
107965,107966,6,5,33,12,2016,10,17,4,2,5,3,0,0,0,1,0,0,0,1,4.41823E+20,5.59477E+21,8.17966E+15,5.0502E+16
107966,107967,6,4,11,0,2016,10,9,5,3,3,2,0,0,0,1,0,0,0,1,4.74781E+20,5.52489E+21,8.64901E+15,4.98758E+16
107967,107968,6,4,33,7,2016,10,21,5,3,4,1,2,1,0,1,0,0,0,0,4.67091E+20,5.54606E+21,8.54018E+15,5.00659E+16
107968,107969,6,6,35,11,2016,10,5,5,2,2,6,2,0,1,1,0,0,0,0,4.86037E+20,5.65668E+21,8.80074E+15,5.10615E+16
107969,107970,6,4,34,7,2016,10,8,5,3,5,7,0,0,1,1,0,0,0,0,4.64505E+20,5.57213E+21,8.50162E+15,5.03002E+16
107970,107971,6,4,33,9,2016,10,16,3,3,2,6,0,1,0,1,0,0,1,0,4.60948E+20,5.5315E+21,8.45583E+15,4.99346E+16
107971,107972,6,4,12,0,2016,10,12,7,3,3,2,0,0,1,1,0,0,0,0,4.70128E+20,5.55058E+21,8.58226E+15,5.01067E+16
107972,107973,6,5,34,21,2016,10,6,7,3,1,1,2,0,0,1,0,0,0,0,4.84607E+20,5.63996E+21,8.78104E+15,5.09111E+16
107973,107974,6,4,39,8,2016,10,15,7,3,8,1,0,1,0,0,0,1,0,0,4.47873E+20,5.56368E+21,8.26926E+15,5.0223E+16
107974,107975,6,4,11,0,2016,10,8,2,3,0,7,0,1,0,0,0,1,0,0,4.74291E+20,5.51837E+21,8.64262E+15,4.98172E+16
107975,107976,6,4,34,7,2016,10,13,5,2,6,4,0,0,0,0,1,0,0,1,4.64567E+20,5.57288E+21,8.50241E+15,5.0307E+16
107976,107977,6,4,33,7,2016,10,14,5,2,2,1,0,1,0,1,0,1,0,0,4.66474E+20,5.54557E+21,8.53161E+15,5.00614E+16
107977,107978,6,4,32,22,2016,10,12,1,3,5,3,0,0,1,1,0,0,0,0,4.74461E+20,5.51239E+21,8.64538E+15,4.97635E+16
107978,107979,6,5,33,9,2016,10,4,2,3,5,3,2,0,0,0,0,1,0,1,4.33309E+20,5.58493E+21,8.06137E+15,5.04127E+16
107979,107980,6,6,35,15,2016,10,20,6,2,5,3,2,0,0,1,0,0,0,0,4.92362E+20,5.68065E+21,8.8905E+15,5.12771E+16
107980,107981,6,4,38,12,2016,10,6,4,3,6,7,2,0,0,1,1,0,0,0,4.87332E+20,5.53681E+21,8.82329E+15,4.99834E+16
107981,107982,6,4,12,0,2016,10,15,6,2,3,2,0,0,0,1,0,1,0,0,4.78785E+20,5.55283E+21,8.70319E+15,5.01274E+16
107982,107983,6,6,11,0,2016,10,15,2,2,5,3,0,0,1,1,0,0,0,0,5.33687E+20,5.68288E+21,9.48317E+15,5.12962E+16
107983,107984,6,4,38,12,2016,10,19,7,2,6,2,2,0,0,1,1,0,0,0,4.85629E+20,5.53581E+21,8.79958E+15,4.99745E+16
107984,107985,6,4,14,0,2016,10,15,6,3,1,5,0,0,0,1,0,1,0,0,4.4523E+20,5.54676E+21,8.23464E+15,5.00706E+16
107985,107986,6,6,35,2,2016,10,11,6,3,2,6,0,1,0,1,0,0,0,0,5.00113E+20,5.69227E+21,9.00162E+15,5.13817E+16
107986,107987,6,4,35,28,2016,10,21,7,3,5,3,2,1,0,1,0,0,0,0,5.33337E+20,5.57409E+21,9.46827E+15,5.0318E+16
107987,107988,6,4,31,20,2016,10,14,3,3,5,3,0,0,1,1,0,0,0,0,4.69314E+20,5.48701E+21,8.57591E+15,4.95349E+16
107988,107989,6,4,33,8,2016,10,15,2,3,2,6,0,1,0,1,0,0,0,0,4.68611E+20,5.53793E+21,8.56208E+15,4.99929E+16
107989,107990,6,4,34,8,2016,10,8,5,3,6,7,0,0,1,0,1,0,0,0,4.70291E+20,5.56107E+21,8.58372E+15,5.02011E+16
107990,107991,6,4,12,0,2016,10,16,1,3,2,6,0,0,0,1,0,0,0,0,4.77917E+20,5.54876E+21,8.69128E+15,5.00907E+16
107991,107992,6,4,35,28,2016,10,12,6,3,5,3,0,0,0,1,0,0,0,0,5.32744E+20,5.57311E+21,9.45985E+15,5.03092E+16
107992,107993,6,4,32,4,2016,10,14,4,3,5,3,0,0,1,1,0,0,0,0,4.88266E+20,5.52742E+21,8.83661E+15,4.98991E+16
107993,107994,6,4,34,1,2016,10,12,6,3,3,6,0,0,0,1,0,1,0,0,4.72578E+20,5.56366E+21,8.61557E+15,5.02245E+16
107994,107995,6,5,34,14,2016,10,17,4,3,0,7,0,0,1,0,0,0,0,1,4.83752E+20,5.63202E+21,8.76924E+15,5.08397E+16
107995,107996,6,6,31,20,2016,10,20,5,3,2,2,2,0,0,1,0,0,0,0,5.50902E+20,5.60043E+21,9.71854E+15,5.05536E+16
107996,107997,6,4,39,8,2016,10,21,6,2,0,1,2,0,0,0,0,1,0,0,4.46423E+20,5.56626E+21,8.24858E+15,5.0246E+16
107997,107998,6,4,31,20,2016,10,6,3,3,9,6,1,0,0,1,0,1,0,0,4.68061E+20,5.48691E+21,8.55859E+15,4.95339E+16
107998,107999,6,5,32,23,2016,10,23,5,3,8,7,2,0,0,0,0,1,0,0,4.63438E+20,5.60392E+21,8.48353E+15,5.0586E+16
107999,108000,6,5,32,11,2016,10,16,5,3,2,6,0,0,0,1,0,0,0,0,4.44597E+20,5.62145E+21,8.21478E+15,5.07422E+16
108000,108001,6,6,31,9,2016,10,11,5,3,1,7,0,1,0,1,0,0,0,0,5.46767E+20,5.60168E+21,9.66033E+15,5.05652E+16
108001,108002,6,4,13,0,2016,10,19,2,3,3,6,2,1,0,1,0,0,0,0,4.83158E+20,5.55026E+21,8.76449E+15,5.01044E+16
108002,108003,6,4,36,2,2016,10,17,6,2,0,1,0,1,1,0,0,0,0,0,4.54045E+20,5.55578E+21,8.35673E+15,5.01525E+16
108003,108004,6,4,34,11,2016,10,5,7,3,5,2,2,1,0,1,0,0,0,1,4.66678E+20,5.57574E+21,8.53181E+15,5.03328E+16
108004,108005,6,4,31,2,2016,10,20,3,3,5,3,2,0,0,1,0,0,0,0,4.7294E+20,5.50224E+21,8.62497E+15,4.96721E+16
108005,108006,6,6,35,15,2016,10,18,4,3,5,2,1,0,0,1,0,0,0,0,4.90438E+20,5.68005E+21,8.86293E+15,5.12717E+16
108006,108007,6,4,39,8,2016,10,10,1,2,0,7,0,0,1,0,0,0,0,0,4.48333E+20,5.56338E+21,8.27575E+15,5.02203E+16
108007,108008,6,4,31,20,2016,10,12,5,3,1,5,0,0,1,1,0,0,0,0,4.68521E+20,5.48843E+21,8.56483E+15,4.95477E+16
108008,108009,6,6,11,0,2016,10,14,4,3,0,2,0,1,0,1,1,0,0,0,5.34774E+20,5.68552E+21,9.49901E+15,5.13199E+16
108009,108010,6,4,36,5,2016,10,16,1,3,3,6,0,0,1,1,0,0,0,0,4.624E+20,5.54337E+21,8.4749E+15,5.00414E+16
108010,108011,6,4,36,3,2016,10,0,2,3,8,1,2,0,0,1,0,0,0,0,4.69723E+20,5.55423E+21,8.57631E+15,5.01395E+16
108011,108012,6,4,38,11,2016,10,15,6,3,0,7,0,0,1,0,0,0,0,0,4.91303E+20,5.54163E+21,8.87857E+15,5.00269E+16
108012,108013,6,4,32,8,2016,10,19,4,3,5,7,2,0,0,1,0,0,1,0,4.70464E+20,5.52389E+21,8.589E+15,4.98667E+16
108013,108014,6,4,12,0,2016,10,15,3,3,2,6,0,0,0,1,0,0,0,0,4.70465E+20,5.54507E+21,8.58739E+15,5.00572E+16
108014,108015,6,4,14,0,2016,10,8,4,3,6,7,1,1,0,1,1,0,0,0,4.44816E+20,5.54764E+21,8.22873E+15,5.00784E+16
108015,108016,6,4,38,1,2016,10,6,6,3,5,3,2,1,0,1,0,0,0,0,4.84304E+20,5.53954E+21,8.78095E+15,5.00079E+16
108016,108017,6,4,33,12,2016,10,16,3,3,5,3,0,0,1,1,0,0,0,0,4.60231E+20,5.53693E+21,8.44527E+15,4.99834E+16
108017,108018,6,4,31,20,2016,10,7,5,2,6,2,0,0,0,1,1,0,0,0,4.70511E+20,5.4875E+21,8.5924E+15,4.95394E+16
108018,108019,6,4,12,0,2016,10,13,2,3,5,3,0,0,1,1,0,0,0,0,4.75844E+20,5.55227E+21,8.66208E+15,5.01222E+16
108019,108020,6,4,35,14,2016,10,15,7,3,5,2,0,0,0,1,0,0,0,0,4.95864E+20,5.55546E+21,8.94211E+15,5.01513E+16
108020,108021,6,4,11,0,2016,10,9,7,3,3,6,0,0,0,1,0,0,0,0,4.7358E+20,5.52352E+21,8.63239E+15,4.98635E+16
108021,108022,6,4,12,0,2016,10,18,5,3,5,3,1,0,1,1,0,0,0,0,4.66315E+20,5.55072E+21,8.52893E+15,5.01077E+16
108022,108023,6,6,31,9,2016,10,17,1,3,5,3,0,0,0,1,0,0,0,0,5.48332E+20,5.60058E+21,9.68229E+15,5.05551E+16
108023,108024,6,6,33,3,2016,10,11,2,3,5,3,0,0,0,1,0,0,0,0,5.29051E+20,5.67786E+21,9.41627E+15,5.12513E+16
108024,108025,6,6,31,11,2016,10,14,6,1,5,3,0,0,0,1,0,0,0,0,5.36181E+20,5.60467E+21,9.51116E+15,5.05928E+16
108025,108026,6,4,40,23,2016,10,17,4,3,0,1,0,1,0,0,0,1,0,0,4.78918E+20,5.56848E+21,8.70418E+15,5.02681E+16
108026,108027,6,5,35,15,2016,10,17,3,3,1,7,1,1,0,1,0,1,0,0,5.39789E+20,5.61384E+21,9.56312E+15,5.0675E+16
108027,108028,6,4,12,0,2016,10,19,4,3,5,3,0,1,0,1,0,0,0,0,4.74949E+20,5.55285E+21,8.64952E+15,5.01273E+16
108028,108029,6,4,35,14,2016,10,14,5,3,1,5,0,0,0,1,0,0,0,0,4.94071E+20,5.55352E+21,8.91705E+15,5.01339E+16
108029,108030,6,6,32,3,2016,10,14,2,3,5,3,0,0,0,1,0,0,0,0,5.5553E+20,5.64789E+21,9.79103E+15,5.09799E+16
108030,108031,6,4,34,7,2016,10,17,7,3,9,7,0,0,0,1,0,0,0,0,4.66831E+20,5.57211E+21,8.53427E+15,5.03002E+16
108031,108032,6,5,32,23,2016,10,15,7,3,6,7,0,0,0,1,1,0,0,0,4.64541E+20,5.60045E+21,8.49944E+15,5.05549E+16
108032,108033,6,4,34,1,2016,10,15,7,3,5,3,0,1,1,1,0,0,0,0,4.7205E+20,5.56447E+21,8.60812E+15,5.02318E+16
108033,108034,6,4,39,13,2016,10,18,1,3,6,4,2,0,0,1,1,0,0,0,4.24082E+20,5.53717E+21,7.94107E+15,4.9982E+16
108034,108035,6,4,12,0,2016,10,23,5,3,5,3,2,0,0,1,0,0,0,0,4.82479E+20,5.55478E+21,8.75478E+15,5.0145E+16
108035,108036,6,4,12,0,2016,10,8,4,3,5,7,0,0,0,1,0,0,0,0,4.78895E+20,5.54844E+21,8.70498E+15,5.00878E+16
108036,108037,6,4,31,11,2016,10,18,7,3,1,5,2,1,0,1,0,0,0,1,4.73171E+20,5.49851E+21,8.62842E+15,4.96386E+16
108037,108038,6,4,14,0,2016,10,20,3,3,6,4,2,0,0,1,1,0,0,0,4.41694E+20,5.54674E+21,8.18525E+15,5.00701E+16
108038,108039,6,4,35,1,2016,10,13,1,2,0,7,0,0,0,1,0,0,0,0,5.25093E+20,5.56303E+21,9.35173E+15,5.02189E+16
108039,108040,6,4,35,14,2016,10,19,5,3,5,3,2,0,0,1,0,0,0,0,4.93757E+20,5.55116E+21,8.91269E+15,5.01126E+16
108040,108041,6,4,12,0,2016,10,19,4,3,5,3,2,1,1,1,0,0,0,0,4.79773E+20,5.55312E+21,8.717E+15,5.013E+16
108041,108042,6,4,13,0,2016,10,12,4,3,2,2,0,0,1,1,0,0,0,0,4.83159E+20,5.5504E+21,8.76449E+15,5.01056E+16
108042,108043,6,4,39,11,2016,10,20,2,2,6,2,2,1,0,1,1,0,0,0,4.50965E+20,5.55676E+21,8.3135E+15,5.0161E+16
108043,108044,6,4,33,3,2016,10,1,7,3,6,6,2,0,0,1,1,0,0,0,4.67255E+20,5.53062E+21,8.54378E+15,4.99271E+16
108044,108045,6,4,14,0,2016,10,16,6,3,0,7,0,0,0,1,0,0,0,1,4.45565E+20,5.54884E+21,8.23903E+15,5.00893E+16
108045,108046,6,4,13,0,2016,10,10,5,3,5,2,0,1,1,1,0,0,0,0,4.81868E+20,5.55042E+21,8.74645E+15,5.01057E+16
108046,108047,6,4,40,4,2016,10,22,7,3,9,1,2,1,0,1,0,0,0,0,5.08282E+20,5.56982E+21,9.11624E+15,5.02805E+16
108047,108048,6,6,31,9,2016,10,13,3,2,0,7,0,1,1,0,0,0,0,0,5.48428E+20,5.59993E+21,9.68356E+15,5.05493E+16
108048,108049,6,4,31,5,2016,10,1,1,3,5,3,2,1,0,1,0,0,0,0,4.60473E+20,5.49992E+21,8.45243E+15,4.96506E+16
108049,108050,6,4,12,0,2016,10,11,4,3,5,3,0,1,0,1,0,0,0,0,4.74963E+20,5.55642E+21,8.64949E+15,5.01595E+16
108050,108051,6,4,32,23,2016,10,3,1,3,5,3,2,0,0,1,0,0,0,1,4.72041E+20,5.52642E+21,8.61077E+15,4.98895E+16
108051,108052,6,4,38,11,2016,10,18,2,2,4,6,2,0,1,1,0,0,0,0,4.91328E+20,5.54462E+21,8.87886E+15,5.00538E+16
108052,108053,6,4,38,6,2016,10,16,6,3,0,6,0,0,0,1,1,0,0,0,4.75399E+20,5.53768E+21,8.65679E+15,4.99909E+16
108053,108054,6,5,31,5,2016,10,15,4,3,1,3,0,0,0,1,0,0,0,0,4.79172E+20,5.60316E+21,8.70582E+15,5.058E+16
108054,108055,6,4,40,16,2016,10,15,2,2,0,3,0,0,1,1,0,0,0,0,5.01198E+20,5.5849E+21,9.01686E+15,5.04161E+16
108055,108056,6,4,12,0,2016,10,15,6,3,1,5,0,0,1,1,0,0,0,0,4.76099E+20,5.55118E+21,8.66571E+15,5.01124E+16
108056,108057,6,4,40,15,2016,10,11,4,3,2,6,0,0,0,1,0,0,1,1,4.79293E+20,5.592E+21,8.70815E+15,5.04796E+16
108057,108058,6,6,34,22,2016,10,17,6,3,5,3,0,0,1,1,0,0,0,0,5.13299E+20,5.63993E+21,9.18916E+15,5.09109E+16
108058,108059,6,4,13,0,2016,10,7,5,2,6,4,2,1,1,0,1,0,0,0,4.82631E+20,5.55014E+21,8.75712E+15,5.01032E+16
108059,108060,6,4,14,0,2016,10,6,3,3,2,6,1,1,0,1,0,0,0,0,4.44208E+20,5.54759E+21,8.22025E+15,5.0078E+16
108060,108061,6,4,14,0,2016,10,12,4,3,6,4,0,0,1,0,1,0,0,0,4.44656E+20,5.54729E+21,8.22655E+15,5.00753E+16
108061,108062,6,4,33,10,2016,10,15,1,3,2,6,0,0,0,1,0,0,0,0,4.59177E+20,5.53932E+21,8.43032E+15,5.00048E+16
108062,108063,6,4,12,0,2016,10,18,4,3,1,5,1,0,1,1,0,0,0,0,4.79322E+20,5.55293E+21,8.7107E+15,5.01283E+16
108063,108064,6,4,12,0,2016,10,16,4,3,6,7,0,0,1,0,1,0,0,0,4.78268E+20,5.55207E+21,8.696E+15,5.01204E+16
108064,108065,6,4,35,12,2016,10,13,1,2,4,6,0,0,1,1,0,0,0,0,5.09707E+20,5.56214E+21,9.13605E+15,5.02114E+16
108065,108066,6,4,33,10,2016,10,16,2,3,2,6,0,0,0,1,0,0,0,0,4.59537E+20,5.53959E+21,8.43532E+15,5.00073E+16
108066,108067,6,4,34,1,2016,10,13,6,3,6,4,0,0,1,0,1,0,0,0,4.74214E+20,5.56315E+21,8.63855E+15,5.022E+16
108067,108068,6,5,31,5,2016,10,13,3,3,6,7,0,0,0,1,1,0,0,0,4.77061E+20,5.60385E+21,8.67597E+15,5.05861E+16
108068,108069,6,4,36,11,2016,10,11,3,3,9,1,0,0,0,1,0,0,0,0,4.66295E+20,5.55611E+21,8.52817E+15,5.01563E+16
108069,108070,6,4,12,0,2016,10,20,4,3,6,4,2,1,0,1,1,0,0,0,4.76749E+20,5.55081E+21,8.67483E+15,5.01091E+16
108070,108071,6,4,13,0,2016,10,9,5,3,5,3,0,1,1,1,0,0,0,0,4.81661E+20,5.55113E+21,8.74352E+15,5.01121E+16
108071,108072,6,6,35,15,2016,10,17,2,3,5,3,0,1,0,1,0,0,0,0,4.90383E+20,5.68004E+21,8.86215E+15,5.12716E+16
108072,108073,6,4,12,0,2016,10,8,4,3,5,2,0,1,1,1,0,0,0,0,4.75998E+20,5.55088E+21,8.66433E+15,5.01097E+16
108073,108074,6,6,36,6,2016,10,15,4,3,4,6,0,1,0,0,0,0,1,1,5.51546E+20,5.67204E+21,9.73774E+15,5.11974E+16
108074,108075,6,4,13,0,2016,10,15,5,2,8,1,0,1,0,1,0,0,0,0,4.83676E+20,5.55024E+21,8.77173E+15,5.01042E+16
108075,108076,6,6,35,15,2016,10,12,2,2,3,1,0,1,1,1,0,0,0,0,4.90738E+20,5.6803E+21,8.86722E+15,5.1274E+16
108076,108077,6,4,12,0,2016,10,9,4,3,0,3,0,1,1,1,0,0,0,0,4.7658E+20,5.5527E+21,8.67235E+15,5.01261E+16
108077,108078,6,6,36,16,2016,10,13,4,2,0,1,0,1,1,0,0,0,0,0,5.59525E+20,5.68825E+21,9.85461E+15,5.13424E+16
108078,108079,6,4,33,12,2016,10,10,2,3,5,2,0,0,0,1,0,0,0,0,4.59424E+20,5.53875E+21,8.43383E+15,4.99997E+16
108079,108080,6,4,32,9,2016,10,16,1,3,5,3,0,0,0,1,0,1,0,0,4.87183E+20,5.5165E+21,8.82189E+15,4.98008E+16
108080,108081,6,4,35,14,2016,10,14,1,3,5,3,0,0,0,1,0,0,0,0,4.93259E+20,5.55113E+21,8.90572E+15,5.01124E+16
108081,108082,6,4,36,12,2016,10,12,5,3,5,3,0,0,0,0,0,1,0,1,4.66551E+20,5.55335E+21,8.53199E+15,5.01314E+16
108082,108083,6,4,33,7,2016,10,13,7,2,9,7,0,0,0,1,0,0,0,0,4.66299E+20,5.54452E+21,8.52925E+15,5.0052E+16
108083,108084,6,4,36,3,2016,10,11,3,3,0,6,0,1,0,0,0,1,0,0,4.67892E+20,5.55583E+21,8.55055E+15,5.01538E+16
108084,108085,6,6,11,0,2016,10,7,4,3,5,3,0,1,0,1,0,0,0,0,5.31591E+20,5.68163E+21,9.45299E+15,5.12852E+16
108085,108086,6,4,12,0,2016,10,11,4,3,5,3,0,0,1,1,0,0,0,0,4.78358E+20,5.55274E+21,8.69723E+15,5.01265E+16
108086,108087,6,5,31,12,2016,10,16,2,3,2,6,0,0,0,1,0,0,0,0,4.75907E+20,5.59804E+21,8.66003E+15,5.05338E+16
108087,108088,6,5,32,11,2016,10,8,7,3,8,7,0,1,0,1,0,0,0,0,4.47142E+20,5.62216E+21,8.25075E+15,5.07488E+16
108088,108089,6,5,33,2,2016,10,8,6,3,5,3,0,0,0,1,0,0,0,0,4.40452E+20,5.57935E+21,8.16277E+15,5.03632E+16
108089,108090,6,4,14,0,2016,10,16,1,3,5,3,0,0,1,0,0,1,0,0,4.43368E+20,5.5483E+21,8.2084E+15,5.00843E+16
108090,108091,6,4,36,1,2016,10,14,7,3,0,1,0,0,1,0,0,0,0,0,4.64647E+20,5.55493E+21,8.50521E+15,5.01456E+16
108091,108092,6,4,38,11,2016,10,3,7,2,1,5,2,0,0,1,0,1,0,0,4.91271E+20,5.54132E+21,8.87814E+15,5.00241E+16
108092,108093,6,4,35,14,2016,10,13,7,2,5,3,0,1,0,1,0,0,0,0,4.93918E+20,5.55336E+21,8.9149E+15,5.01324E+16
108093,108094,6,4,35,14,2016,10,13,1,3,5,3,0,0,0,1,0,1,0,0,4.92927E+20,5.55085E+21,8.90108E+15,5.01099E+16
108094,108095,6,4,12,0,2016,10,8,4,3,3,6,0,1,1,0,0,0,0,1,4.77967E+20,5.55256E+21,8.69177E+15,5.01248E+16
108095,108096,6,4,38,2,2016,10,11,4,3,5,2,0,0,1,1,0,0,0,0,4.78188E+20,5.5415E+21,8.69549E+15,5.00254E+16
108096,108097,6,4,35,3,2016,10,17,1,3,2,6,2,0,0,1,0,0,0,0,5.18449E+20,5.56333E+21,9.25862E+15,5.02219E+16
108097,108098,6,4,12,0,2016,10,20,1,3,0,7,2,0,1,0,0,0,0,0,4.69624E+20,5.55035E+21,8.57522E+15,5.01046E+16
108098,108099,6,5,31,3,2016,10,15,6,3,0,1,0,0,0,0,0,1,0,0,4.85029E+20,5.60557E+21,8.78846E+15,5.06018E+16
108099,108100,6,5,31,5,2016,10,15,3,3,2,6,0,0,0,1,0,1,0,0,4.77654E+20,5.60477E+21,8.68429E+15,5.05944E+16
108100,108101,6,4,12,0,2016,10,22,6,3,2,6,1,0,0,1,0,0,0,0,4.67281E+20,5.55005E+21,8.54249E+15,5.01018E+16
108101,108102,6,5,31,8,2016,11,18,6,2,1,5,2,1,0,1,0,1,0,0,4.9247E+20,5.5916E+21,8.89388E+15,5.04764E+16
108102,108103,6,4,13,0,2016,11,5,6,3,6,4,2,1,0,1,1,0,0,0,4.83165E+20,5.55032E+21,8.76458E+15,5.01049E+16
108103,108104,6,4,12,0,2016,11,19,5,3,3,6,2,0,1,1,0,0,0,0,4.80299E+20,5.54948E+21,8.72455E+15,5.00973E+16
108104,108105,6,6,11,0,2016,10,16,2,3,6,4,1,0,1,0,1,0,0,0,5.33457E+20,5.68779E+21,9.48032E+15,5.13404E+16
108105,108106,6,4,11,0,2016,11,15,1,3,6,4,0,0,0,1,1,0,0,0,4.74405E+20,5.51878E+21,8.64418E+15,4.98209E+16
108106,108107,6,4,34,8,2016,11,18,4,3,3,3,2,1,1,1,0,0,0,0,4.69946E+20,5.56375E+21,8.57867E+15,5.02252E+16
108107,108108,6,4,34,8,2016,10,17,2,3,8,7,0,0,0,1,0,0,0,0,4.70399E+20,5.5589E+21,8.58541E+15,5.01815E+16