FID,OBJECTID,ULAND,UREGBEZ,UKREIS,UGEMEINDE,UJAHR,UMONAT,USTUNDE,UWOCHENTAG,UKATEGORIE,UART,UTYP1,ULICHTVERH,IstStrasse,IstRad,IstPKW,IstFuss,IstKrad,IstGkfz,IstSonstig,LINREFX,LINREFY,XGCSWGS84,YGCSWGS84
108108,108109,6,4,31,2,2016,11,13,1,3,2,6,0,0,0,1,0,0,0,0,4.72668E+20,5.50343E+21,8.62111E+15,4.96828E+16
108109,108110,6,4,38,13,2016,11,13,3,3,5,3,0,1,1,1,0,0,0,0,4.98131E+20,5.5431E+21,8.97389E+15,5.00402E+16
108110,108111,6,4,12,0,2016,11,18,3,3,6,4,2,0,0,1,1,0,0,0,4.79582E+20,5.55207E+21,8.71438E+15,5.01205E+16
108111,108112,6,4,31,20,2016,11,16,2,2,9,1,1,0,0,1,0,0,0,0,4.68015E+20,5.48712E+21,8.55795E+15,4.95358E+16
108112,108113,6,4,14,0,2016,11,16,2,3,6,4,1,0,0,1,1,0,0,0,4.42071E+20,5.54657E+21,8.19054E+15,5.00686E+16
108113,108114,6,4,14,0,2016,11,12,3,3,5,3,0,1,1,1,0,0,0,0,4.44318E+20,5.54777E+21,8.22176E+15,5.00796E+16
108114,108115,6,4,12,0,2016,11,17,5,1,0,1,1,0,1,0,0,0,0,0,4.83474E+20,5.5518E+21,8.76884E+15,5.01182E+16
108115,108116,6,4,38,1,2016,11,11,5,3,1,5,0,1,0,1,0,0,0,0,4.84593E+20,5.54035E+21,8.78495E+15,5.00152E+16
108116,108117,6,4,11,0,2016,11,18,3,3,2,6,2,1,0,1,0,0,0,0,4.74508E+20,5.52607E+21,8.64513E+15,4.98865E+16
108117,108118,6,5,31,5,2016,11,12,1,3,5,3,0,0,0,1,0,0,0,0,4.78981E+20,5.60334E+21,8.70311E+15,5.05815E+16
108118,108119,6,6,35,3,2016,11,12,3,3,5,3,0,1,0,1,0,0,0,0,5.0846E+20,5.66059E+21,9.12082E+15,5.10967E+16
108119,108120,6,4,12,0,2016,10,8,2,3,5,2,0,0,1,1,0,0,0,0,4.76378E+20,5.55137E+21,8.66961E+15,5.01141E+16
108120,108121,6,6,11,0,2016,11,19,7,2,6,4,2,1,0,1,1,0,0,0,5.34886E+20,5.68675E+21,9.50074E+15,5.1331E+16
108121,108122,6,4,38,9,2016,11,18,3,3,5,3,2,1,0,1,0,0,0,0,4.78111E+20,5.54491E+21,8.69422E+15,5.00561E+16
108122,108123,6,4,35,10,2016,11,17,4,3,5,3,2,1,0,1,0,0,0,0,5.12679E+20,5.55974E+21,9.17762E+15,5.01897E+16
108123,108124,6,4,11,0,2016,10,0,2,3,4,2,2,0,0,1,0,0,0,0,4.73775E+20,5.51827E+21,8.63546E+15,4.98163E+16
108124,108125,6,4,34,1,2016,11,13,3,3,1,5,0,1,1,1,0,0,0,0,4.74971E+20,5.5633E+21,8.64915E+15,5.02214E+16
108125,108126,6,4,32,9,2016,11,7,5,3,5,2,2,1,0,1,0,0,0,0,4.87511E+20,5.51612E+21,8.82647E+15,4.97974E+16
108126,108127,6,4,11,0,2016,11,16,3,3,2,6,1,0,0,1,0,0,0,0,4.74359E+20,5.52561E+21,8.64309E+15,4.98823E+16
108127,108128,6,4,33,10,2016,11,16,2,3,5,3,1,0,0,1,0,1,0,0,4.60839E+20,5.5405E+21,8.4534E+15,5.00155E+16
108128,108129,6,4,14,0,2016,11,11,2,3,2,6,0,0,0,1,0,0,0,0,4.45973E+20,5.54789E+21,8.24487E+15,5.00809E+16
108129,108130,6,4,12,0,2016,11,18,5,3,6,7,2,0,0,0,1,0,0,1,4.76448E+20,5.55273E+21,8.67051E+15,5.01264E+16
108130,108131,6,4,38,9,2016,11,12,3,3,8,1,0,2,0,1,0,0,0,0,4.78186E+20,5.54296E+21,8.69537E+15,5.00385E+16
108131,108132,6,4,12,0,2016,11,16,7,3,5,3,1,1,0,1,0,0,0,0,4.71297E+20,5.55105E+21,8.59857E+15,5.0111E+16
108132,108133,6,5,32,23,2016,11,8,4,3,2,6,1,1,0,1,0,1,0,0,4.65295E+20,5.60058E+21,8.51007E+15,5.05561E+16
108133,108134,6,5,31,5,2016,11,21,5,3,4,3,2,1,1,1,0,0,0,0,4.76803E+20,5.60384E+21,8.67233E+15,5.0586E+16
108134,108135,6,4,36,6,2016,11,21,3,2,6,4,2,1,0,1,1,0,0,0,4.53334E+20,5.54094E+21,8.3486E+15,5.0019E+16
108135,108136,6,4,13,0,2016,11,7,6,3,5,3,0,1,0,1,0,0,0,0,4.83693E+20,5.55041E+21,8.77197E+15,5.01057E+16
108136,108137,6,4,12,0,2016,11,16,5,3,2,6,0,1,0,1,0,0,0,0,4.77059E+20,5.55171E+21,8.67911E+15,5.01172E+16
108137,108138,6,4,40,8,2016,11,8,5,3,2,6,0,1,0,1,0,0,0,0,4.82145E+20,5.57586E+21,8.74911E+15,5.03346E+16
108138,108139,6,4,32,4,2016,11,13,3,3,5,3,0,0,1,1,0,0,0,0,4.8889E+20,5.52752E+21,8.8453E+15,4.99E+16
108139,108140,6,4,32,19,2016,11,6,4,2,6,4,2,1,0,1,1,0,0,0,4.86109E+20,5.52154E+21,8.80679E+15,4.98461E+16
108140,108141,6,4,31,11,2016,11,17,3,2,6,4,2,1,0,1,1,0,0,0,4.73953E+20,5.49886E+21,8.63922E+15,4.96417E+16
108141,108142,6,4,33,12,2016,11,13,5,3,6,7,0,0,0,0,1,0,0,1,4.58095E+20,5.53816E+21,8.41535E+15,4.99943E+16
108142,108143,6,4,38,2,2016,11,10,3,3,5,2,0,0,0,1,0,1,0,0,4.78189E+20,5.54083E+21,8.69553E+15,5.00194E+16
108143,108144,6,5,35,18,2016,11,8,3,3,9,1,0,2,0,1,0,0,0,0,5.13569E+20,5.60291E+21,9.19164E+15,5.05779E+16
108144,108145,6,4,11,0,2016,11,15,5,3,2,6,0,0,0,1,0,0,0,0,4.75028E+20,5.52614E+21,8.65236E+15,4.98872E+16
108145,108146,6,4,32,3,2016,11,8,3,3,5,3,0,1,0,1,0,0,0,1,4.72008E+20,5.51125E+21,8.6114E+15,4.97531E+16
108146,108147,6,4,12,0,2016,11,13,4,3,8,1,0,1,0,1,0,0,0,0,4.75155E+20,5.54601E+21,8.65285E+15,5.00659E+16
108147,108148,6,4,12,0,2016,11,14,7,3,3,6,0,1,0,1,0,0,0,0,4.78058E+20,5.55129E+21,8.69311E+15,5.01134E+16
108148,108149,6,4,14,0,2016,11,15,5,3,2,6,0,1,0,1,0,0,0,0,4.44388E+20,5.5481E+21,8.22269E+15,5.00826E+16
108149,108150,6,4,12,0,2016,11,14,6,3,4,7,0,1,0,1,0,0,0,0,4.75835E+20,5.55385E+21,8.66186E+15,5.01364E+16
108150,108151,6,4,35,19,2016,11,13,5,3,5,3,0,0,0,1,0,0,0,0,4.88961E+20,5.5535E+21,8.84554E+15,5.01336E+16
108151,108152,6,4,33,1,2016,11,17,5,2,4,6,2,1,0,0,0,1,0,1,4.61255E+20,5.51517E+21,8.46174E+15,4.97877E+16
108152,108153,6,5,31,5,2016,10,14,2,2,6,4,0,0,0,1,1,0,0,0,4.76585E+20,5.60386E+21,8.66924E+15,5.05862E+16
108153,108154,6,4,11,0,2016,11,7,3,3,5,3,1,1,1,1,0,0,0,0,4.73357E+20,5.51818E+21,8.62965E+15,4.98154E+16
108154,108155,6,6,34,14,2016,11,9,4,3,6,3,0,1,0,1,1,0,0,0,5.3793E+20,5.66491E+21,9.54211E+15,5.11344E+16
108155,108156,6,6,33,23,2016,11,11,5,3,9,1,0,1,0,1,0,0,0,0,5.27855E+20,5.68022E+21,9.39931E+15,5.12726E+16
108156,108157,6,4,31,2,2016,11,11,3,3,1,5,0,1,0,1,0,0,0,0,4.70711E+20,5.50368E+21,8.59396E+15,4.96849E+16
108157,108158,6,4,37,11,2016,11,10,4,2,0,1,0,1,1,0,0,0,0,0,5.01212E+20,5.50243E+21,9.0168E+15,4.96744E+16
108158,108159,6,4,38,11,2016,11,17,7,3,5,2,2,1,0,1,0,0,0,0,4.90677E+20,5.54115E+21,8.86985E+15,5.00225E+16
108159,108160,6,4,33,2,2016,11,15,2,2,6,4,0,0,0,1,1,0,0,0,4.54018E+20,5.53713E+21,8.35859E+15,4.99847E+16
108160,108161,6,4,14,0,2016,11,15,5,3,2,6,0,1,0,1,0,0,0,0,4.4439E+20,5.5481E+21,8.22271E+15,5.00826E+16
108161,108162,6,4,14,0,2016,11,5,2,3,5,2,2,0,0,1,0,0,0,0,4.45992E+20,5.54757E+21,8.24518E+15,5.0078E+16
108162,108163,6,4,12,0,2016,11,12,6,2,6,2,0,1,0,1,1,0,0,0,4.76466E+20,5.55199E+21,8.6708E+15,5.01197E+16
108163,108164,6,4,38,6,2016,11,15,5,3,5,2,0,0,0,1,0,0,1,0,4.7517E+20,5.53856E+21,8.65354E+15,4.99988E+16
108164,108165,6,4,14,0,2016,10,7,2,3,4,7,0,0,0,1,0,0,0,1,4.46136E+20,5.54576E+21,8.24745E+15,5.00617E+16
108165,108166,6,5,31,5,2016,11,17,7,3,3,2,2,1,0,1,0,0,0,0,4.75107E+20,5.60338E+21,8.6484E+15,5.05818E+16
108166,108167,6,4,31,2,2016,11,15,3,3,2,6,0,2,0,1,0,0,0,0,4.72429E+20,5.50398E+21,8.61776E+15,4.96877E+16
108167,108168,6,4,31,11,2016,11,16,4,3,5,3,1,1,0,1,0,0,0,1,4.73696E+20,5.4989E+21,8.63567E+15,4.96421E+16
108168,108169,6,4,40,2,2016,10,15,2,2,0,1,0,0,0,1,0,0,0,0,4.81406E+20,5.57993E+21,8.73853E+15,5.03711E+16
108169,108170,6,4,31,11,2016,11,13,3,3,5,2,0,1,0,1,0,1,0,0,4.72446E+20,5.49827E+21,8.61839E+15,4.96363E+16
108170,108171,6,4,33,13,2016,11,17,5,3,5,3,2,1,0,0,0,1,0,1,4.61595E+20,5.51695E+21,8.46629E+15,4.98037E+16
108171,108172,6,4,12,0,2016,11,19,3,3,2,6,2,0,0,1,0,0,0,0,4.76659E+20,5.55054E+21,8.67359E+15,5.01067E+16
108172,108173,6,4,33,5,2016,11,11,2,2,5,3,0,0,1,1,0,0,0,0,4.52456E+20,5.53861E+21,8.33663E+15,4.99979E+16
108173,108174,6,4,12,0,2016,11,12,2,3,8,1,0,0,0,1,0,0,1,0,4.68329E+20,5.55158E+21,8.55702E+15,5.01156E+16
108174,108175,6,4,12,0,2016,11,12,3,3,6,2,0,1,0,1,1,0,0,0,4.67006E+20,5.5502E+21,8.53863E+15,5.01031E+16
108175,108176,6,4,40,8,2016,10,15,2,3,6,4,0,0,0,1,1,0,0,0,4.82388E+20,5.57585E+21,8.75253E+15,5.03345E+16
108176,108177,6,4,35,14,2016,11,9,7,3,5,2,0,1,0,1,0,0,0,0,4.92969E+20,5.55164E+21,8.90165E+15,5.0117E+16
108177,108178,6,4,14,0,2016,11,8,3,3,5,3,0,0,0,1,0,0,0,0,4.46243E+20,5.54621E+21,8.24888E+15,5.00657E+16
108178,108179,6,5,34,14,2016,11,14,2,3,2,6,0,0,0,1,0,0,0,1,4.79983E+20,5.63105E+21,8.71577E+15,5.08309E+16
108179,108180,6,4,14,0,2016,11,12,5,2,6,3,0,1,0,1,1,0,0,0,4.45737E+20,5.54785E+21,8.24158E+15,5.00804E+16
108180,108181,6,4,12,0,2016,11,12,2,3,6,4,0,0,1,0,1,0,0,0,4.74766E+20,5.55227E+21,8.647E+15,5.01221E+16
108181,108182,6,4,12,0,2016,11,17,3,3,5,3,2,1,0,1,0,0,1,0,4.75094E+20,5.55973E+21,8.6511E+15,5.01893E+16
108182,108183,6,4,12,0,2016,11,9,6,3,3,6,0,1,0,1,0,1,0,0,4.76488E+20,5.55289E+21,8.67106E+15,5.01278E+16
108183,108184,6,4,38,10,2016,11,18,5,3,5,3,2,0,1,1,0,0,0,0,4.88987E+20,5.54677E+21,8.8461E+15,5.00731E+16
108184,108185,6,5,34,18,2016,11,13,5,3,5,3,0,1,0,1,0,0,0,1,5.00973E+20,5.62985E+21,9.01382E+15,5.08203E+16
108185,108186,6,4,12,0,2016,10,14,2,2,6,4,0,0,1,0,1,0,0,0,4.77898E+20,5.55151E+21,8.69086E+15,5.01154E+16
108186,108187,6,5,33,9,2016,11,18,6,3,5,3,2,1,0,1,0,0,0,0,4.33295E+20,5.58191E+21,8.06171E+15,5.03855E+16
108187,108188,6,4,33,7,2016,11,18,3,3,2,6,2,1,0,1,0,0,0,0,4.66424E+20,5.5458E+21,8.53088E+15,5.00636E+16
108188,108189,6,4,32,15,2016,11,19,4,3,2,6,2,1,0,1,0,0,0,0,4.89368E+20,5.52904E+21,8.85191E+15,4.99137E+16
108189,108190,6,5,34,7,2016,10,16,2,3,6,4,0,0,0,1,1,0,0,0,4.69355E+20,5.63337E+21,8.56467E+15,5.08512E+16
108190,108191,6,4,32,18,2016,11,12,3,2,5,3,0,1,0,1,0,0,0,1,4.72302E+20,5.51652E+21,8.61511E+15,4.98005E+16
108191,108192,6,5,31,5,2016,11,12,5,3,1,5,0,1,0,1,0,0,0,0,4.77933E+20,5.60363E+21,8.68829E+15,5.05841E+16
108192,108193,6,6,33,17,2016,11,8,3,3,6,7,0,0,0,1,1,0,0,0,5.37817E+20,5.68068E+21,9.54216E+15,5.12762E+16
108193,108194,6,5,33,14,2016,11,15,3,3,7,7,0,1,0,1,0,0,0,0,4.48467E+20,5.58035E+21,8.27531E+15,5.0373E+16
108194,108195,6,4,33,10,2016,11,1,1,2,5,3,2,0,0,1,0,0,0,0,4.60085E+20,5.54001E+21,8.44292E+15,5.0011E+16
108195,108196,6,4,11,0,2016,11,7,2,3,6,4,1,0,0,0,1,0,0,1,4.75129E+20,5.53104E+21,8.65346E+15,4.99312E+16
108196,108197,6,4,34,1,2016,11,16,5,3,2,6,0,0,0,1,0,0,0,0,4.71758E+20,5.56456E+21,8.60401E+15,5.02325E+16
108197,108198,6,5,34,14,2016,11,14,3,3,5,3,0,1,1,1,0,0,0,0,4.83752E+20,5.63202E+21,8.76924E+15,5.08397E+16
108198,108199,6,5,33,9,2016,11,12,6,3,6,7,0,0,0,1,1,0,0,0,4.35551E+20,5.57992E+21,8.09377E+15,5.03678E+16
108199,108200,6,4,34,2,2016,11,13,5,3,5,3,0,0,1,1,0,0,0,0,4.75352E+20,5.56732E+21,8.65423E+15,5.02575E+16
108200,108201,6,6,34,9,2016,11,13,4,3,9,1,0,1,0,0,0,1,0,0,5.28997E+20,5.6535E+21,9.41353E+15,5.10324E+16
108201,108202,6,4,35,14,2016,11,12,3,3,1,5,0,1,0,1,0,0,0,0,4.95683E+20,5.55061E+21,8.93963E+15,5.01077E+16
108202,108203,6,4,14,0,2016,11,13,6,3,3,6,0,0,0,1,0,1,0,0,4.44437E+20,5.54726E+21,8.2235E+15,5.0075E+16
108203,108204,6,4,36,3,2016,11,18,3,2,6,4,2,0,0,1,1,0,0,0,4.70086E+20,5.55433E+21,8.58138E+15,5.01405E+16
108204,108205,6,4,33,12,2016,11,17,4,3,3,6,2,1,0,1,0,0,0,0,4.59586E+20,5.53629E+21,8.43635E+15,4.99776E+16
108205,108206,6,4,40,8,2016,11,12,3,3,0,7,0,1,0,1,0,0,0,1,4.82712E+20,5.57489E+21,8.75713E+15,5.03258E+16
108206,108207,6,6,32,2,2016,11,22,4,3,2,6,2,1,0,1,0,0,0,0,5.49928E+20,5.63458E+21,9.70942E+15,5.08608E+16
108207,108208,6,4,36,6,2016,11,12,3,3,5,3,0,0,1,1,0,0,0,0,4.53596E+20,5.54039E+21,8.35231E+15,5.0014E+16
108208,108209,6,4,36,5,2016,11,16,5,3,4,6,1,0,1,1,0,0,0,0,4.6328E+20,5.54653E+21,8.48688E+15,5.00699E+16
108209,108210,6,5,31,5,2016,11,16,2,3,2,6,1,1,0,1,0,0,0,0,4.76877E+20,5.60425E+21,8.67334E+15,5.05897E+16
108210,108211,6,4,12,0,2016,11,18,4,3,6,4,2,1,1,0,1,0,0,0,4.76882E+20,5.55109E+21,8.67668E+15,5.01116E+16
108211,108212,6,4,13,0,2016,11,12,6,3,6,7,0,0,0,1,1,0,0,0,4.83357E+20,5.55006E+21,8.76728E+15,5.01026E+16
108212,108213,6,4,13,0,2016,11,22,5,3,5,2,2,0,0,1,0,0,0,0,4.82828E+20,5.54927E+21,8.75991E+15,5.00954E+16
108213,108214,6,4,32,23,2016,11,9,6,3,5,3,0,1,0,1,0,0,0,0,4.72135E+20,5.52736E+21,8.61201E+15,4.9898E+16
108214,108215,6,4,32,18,2016,11,14,5,3,5,3,0,0,1,0,0,1,0,0,4.71313E+20,5.51653E+21,8.60137E+15,4.98005E+16
108215,108216,6,4,12,0,2016,11,21,5,3,6,7,1,0,0,1,1,0,0,0,4.67713E+20,5.55003E+21,8.54854E+15,5.01017E+16
108216,108217,6,4,31,5,2016,11,17,3,3,5,3,2,1,1,1,0,0,0,0,4.6058E+20,5.49946E+21,8.45395E+15,4.96464E+16
108217,108218,6,4,37,13,2016,11,17,6,3,5,3,2,1,0,1,0,1,0,0,4.89926E+20,5.50465E+21,8.86031E+15,4.96943E+16
108218,108219,6,4,31,2,2016,11,14,5,3,6,1,0,0,0,1,1,0,0,0,4.72616E+20,5.50344E+21,8.6204E+15,4.96829E+16
108219,108220,6,6,32,11,2016,11,20,4,3,0,7,2,1,0,1,0,0,0,1,5.40203E+20,5.63132E+21,9.57088E+15,5.08322E+16
108220,108221,6,6,31,9,2016,11,13,3,3,2,6,0,0,0,1,0,0,0,0,5.5037E+20,5.60037E+21,9.71102E+15,5.05531E+16
108221,108222,6,5,34,14,2016,11,13,5,3,0,7,0,0,0,0,0,0,0,1,4.82948E+20,5.62634E+21,8.75809E+15,5.07886E+16
108222,108223,6,6,35,15,2016,11,20,2,2,5,2,2,1,0,1,0,1,0,0,4.9243E+20,5.67989E+21,8.89149E+15,5.12703E+16
108223,108224,6,4,11,0,2016,11,10,4,3,5,3,0,1,0,1,0,0,0,0,4.73577E+20,5.52353E+21,8.63235E+15,4.98636E+16
108224,108225,6,4,31,20,2016,10,14,2,3,2,6,0,0,0,1,0,0,0,0,4.69764E+20,5.48665E+21,8.58215E+15,4.95317E+16
108225,108226,6,4,36,12,2016,11,19,6,3,5,3,2,1,0,1,0,0,0,0,4.65927E+20,5.55243E+21,8.52334E+15,5.01232E+16
108226,108227,6,4,12,0,2016,11,8,7,3,1,5,0,0,1,1,0,0,0,0,4.70313E+20,5.54452E+21,8.58532E+15,5.00522E+16
108227,108228,6,4,12,0,2016,11,16,5,3,5,7,1,1,1,1,0,0,0,0,4.65552E+20,5.5472E+21,8.51857E+15,5.0076E+16
108228,108229,6,4,11,0,2016,11,12,2,3,2,6,0,0,0,1,0,0,0,0,4.76297E+20,5.52524E+21,8.67009E+15,4.98791E+16
108229,108230,6,4,12,0,2016,11,6,3,3,9,1,2,1,0,1,0,0,0,0,4.74413E+20,5.55141E+21,8.64212E+15,5.01144E+16
108230,108231,6,4,11,0,2016,11,18,6,3,1,5,2,1,1,1,0,0,0,0,4.74985E+20,5.52294E+21,8.65198E+15,4.98584E+16
108231,108232,6,4,12,0,2016,11,17,5,3,2,6,1,0,0,1,0,0,0,0,4.70774E+20,5.55161E+21,8.59121E+15,5.0116E+16
108232,108233,6,5,35,16,2016,11,7,4,2,8,1,0,1,0,1,0,0,0,0,5.09596E+20,5.59491E+21,9.13532E+15,5.05061E+16
108233,108234,6,4,13,0,2016,10,10,2,3,6,4,0,0,0,0,1,0,0,1,4.8291E+20,5.55011E+21,8.76103E+15,5.0103E+16
108234,108235,6,4,12,0,2016,11,16,6,3,4,6,1,0,0,1,0,0,0,0,4.74468E+20,5.55156E+21,8.64289E+15,5.01157E+16
108235,108236,6,5,33,2,2016,10,19,2,3,6,4,2,0,0,1,1,0,0,0,4.40299E+20,5.5792E+21,8.16064E+15,5.03618E+16
108236,108237,6,4,12,0,2016,11,19,6,2,6,4,2,0,0,0,1,0,0,1,4.70563E+20,5.54812E+21,8.58853E+15,5.00846E+16
108237,108238,6,6,32,2,2016,11,13,2,3,8,1,0,1,0,1,0,0,0,0,5.51507E+20,5.63581E+21,9.73202E+15,5.08717E+16
108238,108239,6,6,35,11,2016,11,9,4,2,2,1,0,1,1,1,0,0,0,0,4.85393E+20,5.65633E+21,8.79157E+15,5.10583E+16
108239,108240,6,4,31,13,2016,10,16,2,3,2,6,0,0,0,1,0,0,0,0,4.62344E+20,5.49356E+21,8.47894E+15,4.95934E+16
108240,108241,6,4,12,0,2016,11,22,6,3,5,3,2,1,1,1,0,0,0,0,4.78207E+20,5.55289E+21,8.6951E+15,5.01278E+16
108241,108242,6,4,12,0,2016,11,13,3,3,5,3,0,0,1,1,0,0,0,0,4.76636E+20,5.55458E+21,8.67302E+15,5.0143E+16
108242,108243,6,4,12,0,2016,11,13,7,3,6,2,0,0,0,1,1,0,0,0,4.77637E+20,5.55049E+21,8.68727E+15,5.01062E+16
108243,108244,6,4,11,0,2016,11,8,2,3,5,3,0,0,1,1,0,0,0,0,4.75193E+20,5.52308E+21,8.65485E+15,4.98596E+16
108244,108245,6,4,12,0,2016,11,7,3,3,5,3,0,1,1,0,0,0,0,1,4.75999E+20,5.5557E+21,8.66404E+15,5.01531E+16
108245,108246,6,4,38,7,2016,11,19,6,3,0,6,2,0,1,1,0,0,0,0,5.02099E+20,5.54212E+21,9.02931E+15,5.00313E+16
108246,108247,6,4,14,0,2016,11,7,4,3,5,2,0,0,1,1,0,0,0,0,4.45549E+20,5.54885E+21,8.23881E+15,5.00894E+16
108247,108248,6,5,33,2,2016,11,8,4,3,0,5,0,1,0,1,0,1,0,0,4.40404E+20,5.57887E+21,8.16218E+15,5.03589E+16
108248,108249,6,5,33,9,2016,11,13,2,3,6,4,0,1,0,1,1,0,0,0,4.34048E+20,5.58303E+21,8.0721E+15,5.03957E+16
108249,108250,6,4,12,0,2016,11,22,6,3,6,4,2,1,0,1,1,0,0,0,4.77969E+20,5.5526E+21,8.69179E+15,5.01252E+16
108250,108251,6,4,12,0,2016,11,18,2,3,6,4,2,1,0,1,1,0,0,0,4.76408E+20,5.55421E+21,8.66986E+15,5.01396E+16
108251,108252,6,4,32,4,2016,11,7,4,2,5,3,1,1,0,1,0,1,0,0,4.88757E+20,5.52771E+21,8.84344E+15,4.99016E+16
108252,108253,6,4,33,12,2016,11,15,3,3,5,7,0,1,0,1,0,0,0,0,4.60536E+20,5.53699E+21,8.44952E+15,4.99839E+16
108253,108254,6,6,11,0,2016,11,13,4,3,0,1,0,1,1,0,0,0,0,0,5.3814E+20,5.68271E+21,9.54701E+15,5.12945E+16
108254,108255,6,4,12,0,2016,11,13,2,3,6,4,0,0,0,1,1,0,0,0,4.82418E+20,5.55342E+21,8.75399E+15,5.01327E+16
108255,108256,6,4,31,11,2016,11,12,4,3,8,1,0,1,0,0,0,1,0,0,4.73598E+20,5.49972E+21,8.63426E+15,4.96494E+16
108256,108257,6,4,33,5,2016,10,16,2,3,5,3,0,0,0,1,0,0,0,0,4.53452E+20,5.53503E+21,8.35096E+15,4.99658E+16
108257,108258,6,4,14,0,2016,11,22,4,3,4,2,2,1,0,1,0,0,0,0,4.45992E+20,5.54757E+21,8.24518E+15,5.0078E+16
108258,108259,6,4,37,11,2016,11,8,3,3,2,7,0,0,0,1,0,0,0,0,5.00994E+20,5.50347E+21,9.01378E+15,4.96838E+16
108259,108260,6,4,12,0,2016,11,15,7,3,3,2,0,0,1,1,0,0,0,0,4.76816E+20,5.55064E+21,8.67578E+15,5.01075E+16
108260,108261,6,4,35,28,2016,11,10,2,3,6,4,0,0,0,1,1,0,0,0,5.32463E+20,5.57341E+21,9.45592E+15,5.03119E+16
108261,108262,6,4,13,0,2016,11,15,4,3,5,3,0,1,1,1,0,0,0,0,4.8245E+20,5.54855E+21,8.75467E+15,5.00889E+16
108262,108263,6,4,13,0,2016,11,19,4,3,5,3,2,1,1,1,0,0,0,0,4.86573E+20,5.54819E+21,8.81231E+15,5.00858E+16
108263,108264,6,4,12,0,2016,11,18,2,3,2,6,2,1,0,1,0,0,0,0,4.75947E+20,5.55E+21,8.66366E+15,5.01018E+16
108264,108265,6,4,11,0,2016,11,15,6,3,3,7,0,0,0,1,0,0,0,0,4.7373E+20,5.52396E+21,8.63445E+15,4.98675E+16
108265,108266,6,5,32,1,2016,11,18,4,3,2,6,2,1,0,1,0,0,0,0,4.62946E+20,5.60376E+21,8.47659E+15,5.05846E+16
108266,108267,6,4,12,0,2016,11,18,5,3,0,6,2,0,0,1,0,0,0,1,4.77731E+20,5.55043E+21,8.68859E+15,5.01057E+16
108267,108268,6,4,33,12,2016,11,16,3,3,5,3,2,1,1,1,0,0,0,0,4.57878E+20,5.53686E+21,8.41246E+15,4.99826E+16
108268,108269,6,4,12,0,2016,11,12,4,3,3,2,0,0,0,1,0,0,0,0,4.73824E+20,5.54618E+21,8.63425E+15,5.00673E+16
108269,108270,6,4,12,0,2016,11,19,4,3,6,2,2,1,0,1,1,0,0,0,4.70748E+20,5.55002E+21,8.59097E+15,5.01017E+16
108270,108271,6,4,35,10,2016,11,9,3,3,5,3,0,0,0,1,0,0,0,0,5.11134E+20,5.55926E+21,9.15596E+15,5.01855E+16
108271,108272,6,4,12,0,2016,11,14,4,3,3,2,0,1,0,1,0,1,0,0,4.763E+20,5.55128E+21,8.66853E+15,5.01133E+16
108272,108273,6,4,39,8,2016,11,7,3,3,0,7,0,0,1,1,0,0,0,0,4.4713E+20,5.56307E+21,8.25893E+15,5.02175E+16
108273,108274,6,4,12,0,2016,11,9,4,3,0,1,0,0,0,0,0,1,0,0,4.76812E+20,5.55239E+21,8.67561E+15,5.01233E+16
108274,108275,6,4,12,0,2016,11,16,2,3,6,4,0,0,1,0,1,0,0,0,4.76803E+20,5.55099E+21,8.67557E+15,5.01107E+16
108275,108276,6,4,14,0,2016,11,18,4,3,6,4,2,1,0,0,1,0,0,1,4.43269E+20,5.54775E+21,8.2071E+15,5.00793E+16
108276,108277,6,6,33,29,2016,11,18,6,3,6,7,2,0,0,1,1,0,0,0,5.19297E+20,5.68546E+21,9.27692E+15,5.13201E+16
108277,108278,6,4,12,0,2016,11,8,5,3,5,3,0,1,1,1,0,0,0,0,4.8357E+20,5.55164E+21,8.77019E+15,5.01168E+16
108278,108279,6,4,38,9,2016,11,8,6,3,2,6,1,1,0,1,0,0,0,0,4.78978E+20,5.54458E+21,8.70635E+15,5.00532E+16
108279,108280,6,4,11,0,2016,11,16,4,3,1,6,0,1,0,1,0,1,0,0,4.73953E+20,5.52597E+21,8.63742E+15,4.98856E+16
108280,108281,6,4,12,0,2016,11,13,4,3,5,3,0,1,1,1,0,0,0,0,4.75537E+20,5.55019E+21,8.65792E+15,5.01035E+16
108281,108282,6,5,31,5,2016,10,11,2,3,2,2,0,0,1,0,0,1,0,0,4.77063E+20,5.60385E+21,8.676E+15,5.05861E+16
108282,108283,6,6,35,3,2016,10,18,2,3,6,4,1,0,0,0,1,0,0,1,5.09348E+20,5.6631E+21,9.13357E+15,5.11193E+16
108283,108284,6,4,11,0,2016,11,13,2,3,2,6,0,0,0,1,0,0,0,0,4.7497E+20,5.52579E+21,8.65158E+15,4.9884E+16
108284,108285,6,6,34,22,2016,11,8,4,3,6,4,0,1,0,1,1,0,0,0,5.13614E+20,5.64037E+21,9.19366E+15,5.09148E+16