FID,OBJECTID,ULAND,UREGBEZ,UKREIS,UGEMEINDE,UJAHR,UMONAT,USTUNDE,UWOCHENTAG,UKATEGORIE,UART,UTYP1,ULICHTVERH,IstStrasse,IstRad,IstPKW,IstFuss,IstKrad,IstGkfz,IstSonstig,LINREFX,LINREFY,XGCSWGS84,YGCSWGS84
108462,108463,6,4,34,5,2016,11,13,3,2,1,5,0,0,0,0,0,0,0,1,4.61928E+20,5.55907E+21,8.46675E+15,5.01826E+16
108463,108464,6,4,33,12,2016,11,15,2,2,6,4,0,0,0,1,1,0,0,0,4.58053E+20,5.53763E+21,8.41482E+15,4.99895E+16
108464,108465,6,5,34,19,2016,11,9,6,2,8,1,0,1,0,1,0,0,0,0,4.63764E+20,5.62996E+21,8.48557E+15,5.08203E+16
108465,108466,6,4,12,0,2016,11,7,5,3,5,2,0,1,1,1,0,0,0,0,4.75045E+20,5.55129E+21,8.65097E+15,5.01133E+16
108466,108467,6,6,11,0,2016,11,15,4,3,0,4,0,0,0,0,1,0,0,1,5.34898E+20,5.68543E+21,9.50079E+15,5.13191E+16
108467,108468,6,4,33,12,2016,11,17,6,3,5,2,2,0,1,1,0,0,0,0,4.60149E+20,5.53672E+21,8.44416E+15,4.99814E+16
108468,108469,6,4,12,0,2016,11,18,5,3,6,2,2,1,0,0,1,0,0,1,4.77028E+20,5.55537E+21,8.67847E+15,5.01501E+16
108469,108470,6,4,36,3,2016,11,14,2,2,5,2,0,0,0,1,0,0,0,0,4.70176E+20,5.55425E+21,8.58265E+15,5.01397E+16
108470,108471,6,4,34,1,2016,11,17,4,2,6,4,2,0,0,1,1,0,0,0,4.73237E+20,5.56377E+21,8.62481E+15,5.02255E+16
108471,108472,6,4,35,14,2016,12,15,6,3,6,4,0,1,0,1,1,0,0,0,4.9574E+20,5.55053E+21,8.94043E+15,5.0107E+16
108472,108473,6,4,33,10,2016,12,21,5,3,5,3,2,0,0,1,0,0,0,0,4.61036E+20,5.53967E+21,8.45622E+15,5.00081E+16
108473,108474,6,4,12,0,2016,12,15,6,3,3,6,0,0,1,0,0,1,0,0,4.77364E+20,5.55083E+21,8.68344E+15,5.01093E+16
108474,108475,6,6,32,18,2016,11,7,4,2,0,1,0,0,0,0,0,1,0,0,5.50999E+20,5.6494E+21,9.7267E+15,5.0994E+16
108475,108476,6,4,35,14,2016,11,19,1,3,6,7,2,0,0,1,1,0,0,0,4.95448E+20,5.55522E+21,8.93628E+15,5.01492E+16
108476,108477,6,4,12,0,2016,11,21,1,2,0,1,2,0,1,0,0,0,0,0,4.75103E+20,5.55636E+21,8.65145E+15,5.0159E+16
108477,108478,6,5,31,5,2016,11,12,6,3,6,4,0,0,1,0,1,0,0,0,4.76431E+20,5.60346E+21,8.66709E+15,5.05826E+16
108478,108479,6,4,12,0,2016,11,13,5,2,6,2,0,0,0,1,1,0,0,0,4.77927E+20,5.55551E+21,8.69103E+15,5.01514E+16
108479,108480,6,4,40,3,2016,12,15,7,3,6,7,0,0,0,1,1,0,0,0,4.84086E+20,5.56E+21,8.77706E+15,5.0192E+16
108480,108481,6,4,34,1,2016,11,21,3,3,6,4,2,0,0,1,1,0,0,0,4.73322E+20,5.56329E+21,8.62603E+15,5.02212E+16
108481,108482,6,6,33,20,2016,11,11,1,3,1,5,0,0,0,1,0,0,0,0,5.3861E+20,5.68609E+21,9.55412E+15,5.13248E+16
108482,108483,6,4,35,10,2016,11,8,4,3,2,6,0,0,0,1,0,0,0,0,5.13591E+20,5.5606E+21,9.19042E+15,5.01975E+16
108483,108484,6,5,33,9,2016,11,14,4,3,5,3,0,0,0,1,0,0,0,1,4.35511E+20,5.58362E+21,8.09258E+15,5.04011E+16
108484,108485,6,4,12,0,2016,11,18,1,3,5,3,2,0,0,1,0,0,0,0,4.78323E+20,5.55102E+21,8.69684E+15,5.0111E+16
108485,108486,6,4,11,0,2016,11,15,1,3,5,3,0,0,0,1,0,0,0,0,4.73653E+20,5.5242E+21,8.63336E+15,4.98696E+16
108486,108487,6,4,32,2,2016,11,11,4,3,2,6,0,0,1,1,0,0,0,0,4.96752E+20,5.53421E+21,8.95472E+15,4.99603E+16
108487,108488,6,5,33,9,2016,12,20,5,3,2,6,2,0,0,1,0,0,0,0,4.33136E+20,5.58204E+21,8.05944E+15,5.03866E+16
108488,108489,6,6,33,8,2016,11,13,4,2,6,4,0,0,0,1,1,0,0,0,5.33492E+20,5.67771E+21,9.47989E+15,5.12498E+16
108489,108490,6,4,11,0,2016,12,7,6,3,3,2,0,0,1,1,0,0,0,0,4.73293E+20,5.52438E+21,8.62834E+15,4.98712E+16
108490,108491,6,4,31,13,2016,11,14,4,3,5,3,0,0,0,1,0,0,0,0,4.61454E+20,5.49505E+21,8.46648E+15,4.96068E+16
108491,108492,6,4,31,4,2016,11,16,3,2,0,1,0,0,0,0,0,1,0,0,4.79651E+20,5.49145E+21,8.71854E+15,4.95753E+16
108492,108493,6,4,38,3,2016,11,15,1,3,5,3,0,0,1,1,0,0,0,0,4.76384E+20,5.53407E+21,8.67075E+15,4.99585E+16
108493,108494,6,4,40,8,2016,11,20,1,3,5,3,2,1,0,1,0,0,0,0,4.81979E+20,5.57552E+21,8.7468E+15,5.03315E+16
108494,108495,6,4,36,7,2016,11,12,6,3,6,6,0,0,0,1,1,0,0,0,4.60282E+20,5.54847E+21,8.44479E+15,5.00872E+16
108495,108496,6,4,12,0,2016,11,9,5,3,6,7,0,1,0,0,1,0,0,1,4.75914E+20,5.55083E+21,8.66315E+15,5.01093E+16
108496,108497,6,4,31,5,2016,12,21,7,2,6,4,2,0,0,1,1,0,0,0,4.60688E+20,5.4993E+21,8.45546E+15,4.96449E+16
108497,108498,6,4,32,19,2016,11,11,3,3,6,7,0,0,0,1,1,0,0,0,4.8798E+20,5.52012E+21,8.83285E+15,4.98334E+16
108498,108499,6,4,33,12,2016,11,4,1,3,2,2,2,0,0,1,0,0,0,0,4.58507E+20,5.53812E+21,8.4211E+15,4.99939E+16
108499,108500,6,4,33,12,2016,11,4,4,3,6,4,2,1,0,0,1,0,0,1,4.59203E+20,5.53917E+21,8.4307E+15,5.00035E+16
108500,108501,6,6,11,0,2016,11,7,4,3,5,3,0,0,1,1,0,0,0,0,5.35053E+20,5.6858E+21,9.50304E+15,5.13224E+16
108501,108502,6,4,35,14,2016,11,8,4,3,5,3,0,0,1,1,0,0,0,0,4.94687E+20,5.55215E+21,8.92568E+15,5.01215E+16
108502,108503,6,6,11,0,2016,11,19,5,2,5,3,2,0,1,1,0,0,0,0,5.33858E+20,5.68473E+21,9.48579E+15,5.13129E+16
108503,108504,6,5,34,14,2016,11,14,6,3,5,3,0,1,1,1,0,0,0,0,4.83469E+20,5.62822E+21,8.76539E+15,5.08055E+16
108504,108505,6,5,34,4,2016,11,2,1,2,0,7,2,0,0,1,0,0,0,0,4.64092E+20,5.64202E+21,8.48904E+15,5.09287E+16
108505,108506,6,4,35,14,2016,11,6,4,3,5,3,2,0,1,1,0,0,0,0,4.95577E+20,5.54902E+21,8.93817E+15,5.00934E+16
108506,108507,6,4,11,0,2016,11,14,3,3,2,6,0,0,0,1,0,0,0,0,4.74374E+20,5.5238E+21,8.64342E+15,4.9866E+16
108507,108508,6,4,13,0,2016,11,7,5,3,5,2,0,0,1,1,0,0,0,0,4.8281E+20,5.54807E+21,8.75972E+15,5.00846E+16
108508,108509,6,4,31,2,2016,11,3,1,3,0,1,2,1,1,0,0,0,0,0,4.72431E+20,5.50445E+21,8.61776E+15,4.96919E+16
108509,108510,6,4,13,0,2016,11,17,5,3,0,7,1,0,0,1,0,1,0,0,4.83453E+20,5.54905E+21,8.76867E+15,5.00935E+16
108510,108511,6,4,12,0,2016,11,16,5,3,2,6,2,1,0,1,0,0,0,0,4.76932E+20,5.55164E+21,8.67734E+15,5.01165E+16
108511,108512,6,4,31,2,2016,12,13,7,2,0,7,0,1,1,0,0,0,0,0,4.72431E+20,5.50293E+21,8.61786E+15,4.96783E+16
108512,108513,6,4,40,2,2016,11,12,3,3,5,3,0,0,0,1,0,0,0,1,4.82291E+20,5.5827E+21,8.75085E+15,5.03961E+16
108513,108514,6,4,12,0,2016,11,14,7,3,3,6,0,0,0,1,0,0,0,0,4.70775E+20,5.54252E+21,8.59193E+15,5.00343E+16
108514,108515,6,4,14,0,2016,11,12,3,3,0,3,0,1,0,1,0,1,0,0,4.46705E+20,5.54726E+21,8.25519E+15,5.00752E+16
108515,108516,6,4,13,0,2016,11,11,5,2,6,4,0,0,0,1,1,0,0,0,4.86221E+20,5.5485E+21,8.80738E+15,5.00886E+16
108516,108517,6,4,35,19,2016,11,13,5,3,0,7,0,0,0,0,0,0,0,1,4.88341E+20,5.55432E+21,8.83684E+15,5.0141E+16
108517,108518,6,4,33,6,2016,11,9,1,3,8,1,0,1,0,1,0,0,0,0,4.62521E+20,5.52943E+21,8.47795E+15,4.9916E+16
108518,108519,6,6,33,8,2016,12,22,5,3,5,3,2,1,0,1,0,0,0,0,5.33215E+20,5.67774E+21,9.47592E+15,5.125E+16
108519,108520,6,6,11,0,2016,12,20,6,3,1,5,2,0,1,1,0,0,0,0,5.36814E+20,5.68663E+21,9.5284E+15,5.13298E+16
108520,108521,6,4,13,0,2016,11,9,3,3,5,2,0,1,1,1,0,0,0,0,4.81662E+20,5.55113E+21,8.74352E+15,5.01121E+16
108521,108522,6,4,12,0,2016,12,13,5,3,5,3,0,0,0,1,0,1,0,0,4.7433E+20,5.5527E+21,8.64087E+15,5.0126E+16
108522,108523,6,4,33,6,2016,12,17,7,3,6,4,1,0,0,1,1,0,0,0,4.62597E+20,5.53029E+21,8.47893E+15,4.99238E+16
108523,108524,6,6,36,6,2016,12,8,6,3,5,3,1,1,0,1,0,0,0,0,5.50362E+20,5.67217E+21,9.72081E+15,5.11987E+16
108524,108525,6,4,13,0,2016,11,13,3,3,2,6,0,0,0,1,0,0,0,0,4.81739E+20,5.55041E+21,8.74464E+15,5.01056E+16
108525,108526,6,4,40,8,2016,11,11,3,3,6,4,0,0,0,1,1,0,0,0,4.82828E+20,5.57601E+21,8.7587E+15,5.0336E+16
108526,108527,6,6,35,22,2016,11,4,7,3,8,1,2,1,0,1,0,0,0,0,4.72824E+20,5.68263E+21,8.61023E+15,5.12943E+16
108527,108528,6,4,13,0,2016,11,7,3,3,5,3,1,0,1,1,0,0,0,0,4.83529E+20,5.54923E+21,8.76971E+15,5.00951E+16
108528,108529,6,4,12,0,2016,11,10,5,3,6,7,0,0,0,1,1,0,0,0,4.67091E+20,5.5512E+21,8.53973E+15,5.01121E+16
108529,108530,6,6,33,6,2016,11,13,5,3,8,1,0,1,0,1,0,0,0,0,5.17728E+20,5.6812E+21,9.25419E+15,5.12818E+16
108530,108531,6,4,36,8,2016,11,17,1,2,6,7,2,0,0,1,1,0,0,0,4.60702E+20,5.55508E+21,8.44999E+15,5.01466E+16
108531,108532,6,6,32,19,2016,11,10,3,3,5,3,0,0,0,1,0,0,0,0,5.59674E+20,5.63008E+21,9.84715E+15,5.08193E+16
108532,108533,6,4,12,0,2016,12,22,5,3,0,7,2,0,1,0,0,0,0,0,4.74382E+20,5.55183E+21,8.64166E+15,5.01182E+16
108533,108534,6,4,14,0,2016,11,14,4,3,5,3,0,0,0,1,0,0,0,0,4.4975E+20,5.54008E+21,8.29868E+15,5.00109E+16
108534,108535,6,6,11,0,2016,12,15,6,3,2,6,0,0,0,1,0,0,0,0,5.32298E+20,5.68444E+21,9.46338E+15,5.13103E+16
108535,108536,6,4,13,0,2016,11,11,3,1,5,2,0,0,0,1,0,1,0,0,4.84375E+20,5.54984E+21,8.78153E+15,5.01006E+16
108536,108537,6,4,33,8,2016,11,19,3,3,5,3,2,0,1,1,0,0,0,0,4.68518E+20,5.53659E+21,8.5609E+15,4.99808E+16
108537,108538,6,6,35,15,2016,11,12,7,3,5,3,0,1,0,1,0,0,0,0,4.90681E+20,5.6809E+21,8.86639E+15,5.12793E+16
108538,108539,6,4,14,0,2016,11,16,7,2,6,4,1,0,0,1,1,0,0,0,4.4536E+20,5.54426E+21,8.23682E+15,5.00481E+16
108539,108540,6,4,14,0,2016,11,13,7,3,5,3,0,1,0,1,0,0,0,0,4.48045E+20,5.54187E+21,8.27464E+15,5.00269E+16
108540,108541,6,4,14,0,2016,11,16,7,3,6,7,2,0,0,1,1,0,0,0,4.45689E+20,5.54771E+21,8.24093E+15,5.00792E+16
108541,108542,6,4,12,0,2016,11,11,5,3,5,3,0,0,1,1,0,0,0,0,4.78385E+20,5.55155E+21,8.69767E+15,5.01158E+16
108542,108543,6,6,34,7,2016,11,5,5,3,5,3,2,1,0,1,0,0,0,0,5.2536E+20,5.66965E+21,9.3628E+15,5.11777E+16
108543,108544,6,4,13,0,2016,11,13,7,3,5,3,0,0,1,1,0,0,0,0,4.82382E+20,5.54838E+21,8.75372E+15,5.00875E+16
108544,108545,6,4,13,0,2016,11,12,7,3,2,6,0,1,0,1,0,0,0,0,4.8296E+20,5.54977E+21,8.76174E+15,5.00999E+16
108545,108546,6,4,14,0,2016,11,12,3,3,0,2,0,0,0,0,1,0,0,1,4.458E+20,5.54861E+21,8.24235E+15,5.00873E+16
108546,108547,6,4,36,1,2016,11,15,4,3,5,3,0,0,1,1,0,0,0,0,4.64747E+20,5.55395E+21,8.5067E+15,5.01367E+16
108547,108548,6,6,11,0,2016,12,13,6,3,5,3,0,0,0,1,0,0,0,0,5.32627E+20,5.68432E+21,9.46809E+15,5.13093E+16
108548,108549,6,4,13,0,2016,11,14,3,3,2,6,0,0,0,1,0,0,0,1,4.83488E+20,5.54871E+21,8.76917E+15,5.00904E+16
108549,108550,6,4,33,13,2016,11,9,3,3,1,5,0,0,0,1,0,0,0,0,4.61245E+20,5.51667E+21,8.46146E+15,4.98013E+16
108550,108551,6,4,12,0,2016,11,15,5,2,1,5,0,0,0,1,0,0,0,0,4.76877E+20,5.55205E+21,8.67655E+15,5.01203E+16
108551,108552,6,4,12,0,2016,11,18,7,3,6,7,2,0,0,1,1,0,0,0,4.78238E+20,5.55204E+21,8.69559E+15,5.01202E+16
108552,108553,6,4,32,23,2016,11,14,5,3,2,6,0,0,0,1,0,0,0,0,4.71598E+20,5.52774E+21,8.60451E+15,4.99013E+16
108553,108554,6,6,35,11,2016,11,13,5,3,2,6,0,1,0,1,0,0,0,0,4.85975E+20,5.65676E+21,8.79986E+15,5.10622E+16
108554,108555,6,4,33,6,2016,12,13,7,3,5,2,0,0,0,1,0,0,0,0,4.6296E+20,5.53105E+21,8.48391E+15,4.99307E+16
108555,108556,6,4,12,0,2016,11,14,2,3,5,3,0,0,0,1,0,0,0,0,4.70988E+20,5.54943E+21,8.59437E+15,5.00964E+16
108556,108557,6,4,11,0,2016,11,7,5,3,1,7,0,0,0,1,0,0,0,0,4.77112E+20,5.52734E+21,8.6813E+15,4.9898E+16
108557,108558,6,6,36,11,2016,11,15,5,3,6,4,0,1,0,1,1,0,0,0,5.65545E+20,5.65818E+21,9.93554E+15,5.10714E+16
108558,108559,6,4,12,0,2016,11,16,2,3,6,6,2,0,0,0,1,0,0,1,4.77245E+20,5.55734E+21,8.68137E+15,5.01678E+16
108559,108560,6,4,12,0,2016,11,19,7,3,8,7,2,0,0,1,0,0,0,0,4.73653E+20,5.55633E+21,8.63115E+15,5.01586E+16
108560,108561,6,4,13,0,2016,11,21,3,3,8,7,2,0,0,1,0,0,0,0,4.83165E+20,5.55022E+21,8.76458E+15,5.0104E+16
108561,108562,6,4,12,0,2016,11,14,4,3,3,6,0,0,0,1,0,0,0,0,4.67482E+20,5.55037E+21,8.54527E+15,5.01047E+16
108562,108563,6,4,12,0,2016,11,7,3,3,5,3,1,1,1,1,0,0,0,0,4.76108E+20,5.55621E+21,8.66553E+15,5.01576E+16
108563,108564,6,4,12,0,2016,11,13,2,3,5,3,0,0,1,1,0,0,0,0,4.7311E+20,5.55566E+21,8.62361E+15,5.01525E+16
108564,108565,6,4,39,4,2016,11,15,5,3,0,7,0,0,1,0,0,0,0,1,4.24973E+20,5.53964E+21,7.95302E+15,5.00044E+16
108565,108566,6,4,32,19,2016,11,13,6,3,5,3,0,1,0,1,0,1,0,0,4.88037E+20,5.52E+21,8.83365E+15,4.98323E+16
108566,108567,6,4,32,23,2016,11,16,7,3,5,3,2,0,0,1,0,0,0,0,4.71989E+20,5.52726E+21,8.60999E+15,4.98971E+16
108567,108568,6,4,38,10,2016,11,22,5,3,5,2,2,1,1,1,0,0,0,0,4.90396E+20,5.54711E+21,8.86578E+15,5.00762E+16
108568,108569,6,4,12,0,2016,12,22,5,3,2,6,2,0,0,1,0,0,0,0,4.74591E+20,5.54894E+21,8.64478E+15,5.00922E+16
108569,108570,6,5,34,11,2016,12,16,7,3,0,7,2,0,0,1,0,0,0,1,4.94319E+20,5.63004E+21,8.91935E+15,5.08221E+16
108570,108571,6,4,12,0,2016,11,18,3,3,2,6,2,1,0,1,0,0,0,0,4.77608E+20,5.54962E+21,8.68692E+15,5.00984E+16
108571,108572,6,4,12,0,2016,11,12,2,3,3,6,0,0,0,1,0,0,0,1,4.74177E+20,5.55609E+21,8.63851E+15,5.01564E+16
108572,108573,6,4,12,0,2016,11,2,7,3,6,7,2,0,0,1,1,0,0,0,4.77639E+20,5.5517E+21,8.68722E+15,5.01171E+16
108573,108574,6,4,12,0,2016,11,15,3,3,5,3,0,0,1,1,0,0,0,0,4.81924E+20,5.55336E+21,8.74709E+15,5.01322E+16
108574,108575,6,6,35,11,2016,11,4,7,3,1,5,2,1,0,1,0,0,0,0,4.90235E+20,5.65801E+21,8.86062E+15,5.10735E+16
108575,108576,6,4,12,0,2016,11,16,3,2,1,5,0,0,1,1,0,0,0,0,4.76748E+20,5.55263E+21,8.67471E+15,5.01254E+16
108576,108577,6,4,38,11,2016,11,17,5,2,4,1,2,0,0,1,0,0,0,1,4.90633E+20,5.5383E+21,8.86931E+15,4.9997E+16
108577,108578,6,4,34,1,2016,11,8,5,3,1,6,0,1,1,1,0,0,0,0,4.72675E+20,5.56391E+21,8.61692E+15,5.02267E+16
108578,108579,6,4,32,4,2016,11,11,7,3,3,3,0,0,1,1,0,0,0,0,4.88731E+20,5.5272E+21,8.8431E+15,4.98971E+16
108579,108580,6,4,12,0,2016,12,10,5,3,5,3,0,0,0,1,0,0,0,1,4.77751E+20,5.55186E+21,8.68878E+15,5.01186E+16
108580,108581,6,6,34,5,2016,12,22,6,3,1,2,2,1,0,1,0,0,0,1,5.19361E+20,5.66343E+21,9.27664E+15,5.1122E+16
108581,108582,6,4,12,0,2016,11,12,3,3,5,2,0,0,1,1,0,0,0,0,4.76304E+20,5.55332E+21,8.66845E+15,5.01317E+16
108582,108583,6,4,12,0,2016,11,22,2,3,2,6,2,0,0,1,0,0,0,0,4.77828E+20,5.55461E+21,8.6897E+15,5.01433E+16
108583,108584,6,4,34,1,2016,11,23,7,2,6,4,2,0,0,1,1,0,0,0,4.732E+20,5.56353E+21,8.62431E+15,5.02234E+16
108584,108585,6,4,35,10,2016,11,16,7,2,2,6,1,0,0,1,0,0,0,0,5.12637E+20,5.5611E+21,9.17707E+15,5.02019E+16
108585,108586,6,4,34,5,2016,11,9,5,3,6,7,0,0,0,1,1,0,0,0,4.62019E+20,5.55917E+21,8.468E+15,5.01835E+16
108586,108587,6,4,31,11,2016,11,7,5,3,5,3,1,0,1,1,0,0,0,0,4.73773E+20,5.49975E+21,8.63668E+15,4.96497E+16
108587,108588,6,4,40,2,2016,11,15,7,3,1,4,0,0,0,1,1,1,0,0,4.81083E+20,5.57841E+21,8.73407E+15,5.03575E+16
108588,108589,6,4,34,1,2016,11,13,5,2,6,7,0,0,0,1,1,0,0,0,4.72382E+20,5.56418E+21,8.61279E+15,5.02292E+16
108589,108590,6,5,32,12,2016,11,10,5,3,2,7,0,1,0,1,0,0,1,0,4.4826E+20,5.61372E+21,8.26777E+15,5.0673E+16
108590,108591,6,4,40,2,2016,11,18,7,3,6,2,2,0,0,0,1,0,0,1,4.8199E+20,5.57994E+21,8.74675E+15,5.03712E+16
108591,108592,6,4,13,0,2016,11,6,3,3,8,7,2,0,0,1,0,0,0,0,4.86346E+20,5.55112E+21,8.80903E+15,5.01121E+16
108592,108593,6,4,12,0,2016,12,9,5,3,6,4,0,0,1,0,1,0,0,0,4.77251E+20,5.55138E+21,8.68182E+15,5.01142E+16
108593,108594,6,4,12,0,2016,11,17,4,3,3,2,2,0,1,1,0,0,0,0,4.76303E+20,5.55333E+21,8.66844E+15,5.01318E+16
108594,108595,6,4,39,14,2016,12,7,6,2,5,3,2,0,0,1,0,1,0,0,4.37125E+20,5.54856E+21,8.12111E+15,5.0086E+16
108595,108596,6,4,12,0,2016,11,10,3,3,5,3,0,0,0,1,0,0,0,0,4.771E+20,5.55184E+21,8.67968E+15,5.01183E+16
108596,108597,6,4,32,8,2016,11,11,7,3,6,4,0,0,0,1,1,0,0,0,4.69734E+20,5.52292E+21,8.57892E+15,4.98579E+16
108597,108598,6,5,35,1,2016,11,20,7,3,5,3,2,0,1,1,0,0,0,0,5.18501E+20,5.62238E+21,9.26227E+15,5.07529E+16
108598,108599,6,5,32,6,2016,11,11,5,3,6,4,0,1,0,0,1,0,0,1,4.50037E+20,5.62048E+21,8.29201E+15,5.0734E+16
108599,108600,6,4,12,0,2016,11,0,7,3,6,3,2,0,0,1,1,0,0,0,4.82853E+20,5.5554E+21,8.75999E+15,5.01506E+16
108600,108601,6,5,34,14,2016,12,11,7,3,6,4,0,0,0,1,1,0,0,0,4.8374E+20,5.62926E+21,8.76919E+15,5.08148E+16
108601,108602,6,4,12,0,2016,11,15,2,3,5,3,0,0,1,1,0,0,0,0,4.77739E+20,5.549E+21,8.68879E+15,5.00928E+16
108602,108603,6,5,34,14,2016,11,15,7,3,5,3,0,0,0,1,0,0,0,0,4.83687E+20,5.6321E+21,8.76832E+15,5.08404E+16
108603,108604,6,4,12,0,2016,11,13,3,3,1,5,0,0,0,1,0,1,0,0,4.73379E+20,5.55079E+21,8.6277E+15,5.01088E+16
108604,108605,6,4,12,0,2016,11,17,4,3,1,5,2,0,1,1,0,0,0,0,4.77277E+20,5.55443E+21,8.682E+15,5.01417E+16
108605,108606,6,4,11,0,2016,11,19,3,3,2,6,2,0,0,1,0,0,0,0,4.73102E+20,5.52596E+21,8.62558E+15,4.98854E+16
108606,108607,6,4,12,0,2016,11,11,2,3,2,6,0,0,0,1,0,0,0,0,4.7743E+20,5.55328E+21,8.6842E+15,5.01313E+16
108607,108608,6,4,40,12,2016,11,14,5,3,5,3,0,0,0,1,0,0,0,0,4.82576E+20,5.56468E+21,8.75569E+15,5.0234E+16
108608,108609,6,5,34,14,2016,11,14,7,3,5,7,0,0,0,1,0,0,0,0,4.82167E+20,5.62458E+21,8.74709E+15,5.07727E+16
108609,108610,6,4,12,0,2016,11,20,3,3,2,6,2,0,0,1,0,0,1,0,4.76454E+20,5.5541E+21,8.67051E+15,5.01387E+16
108610,108611,6,4,11,0,2016,12,17,5,3,2,6,2,0,0,1,0,0,0,0,4.73861E+20,5.52527E+21,8.63618E+15,4.98792E+16
108611,108612,6,4,12,0,2016,11,10,4,3,6,2,0,0,0,0,1,0,0,1,4.71978E+20,5.5525E+21,8.60799E+15,5.01241E+16
108612,108613,6,4,38,11,2016,12,17,6,3,5,2,2,1,1,1,0,0,0,0,4.91425E+20,5.53856E+21,8.88035E+15,4.99993E+16
108613,108614,6,6,33,13,2016,11,11,3,3,4,6,0,1,1,1,0,0,0,0,5.27429E+20,5.70533E+21,9.39515E+15,5.14985E+16
108614,108615,6,4,11,0,2016,11,7,2,2,6,4,2,2,0,1,1,0,0,0,4.74671E+20,5.52838E+21,8.64726E+15,4.99073E+16
108615,108616,6,5,31,5,2016,11,16,7,3,7,1,1,0,0,1,0,0,0,0,4.75073E+20,5.60332E+21,8.64792E+15,5.05813E+16
108616,108617,6,4,40,3,2016,11,8,5,3,5,3,0,0,1,1,0,0,0,0,4.81705E+20,5.56091E+21,8.74366E+15,5.02001E+16
108617,108618,6,4,32,10,2016,11,19,5,3,1,7,2,1,0,1,0,0,0,0,4.95268E+20,5.52431E+21,8.93415E+15,4.98712E+16
108618,108619,6,4,12,0,2016,12,13,7,3,5,3,0,0,1,0,0,0,0,0,4.76875E+20,5.55138E+21,8.67657E+15,5.01142E+16
108619,108620,6,6,31,17,2016,12,7,7,2,9,1,0,2,0,0,0,0,1,0,5.52255E+20,5.60023E+21,9.73761E+15,5.05517E+16
108620,108621,6,6,11,0,2016,11,13,2,3,1,3,0,0,1,0,0,0,0,1,5.30685E+20,5.68456E+21,9.44025E+15,5.13116E+16
108621,108622,6,5,34,14,2016,11,14,7,3,2,6,0,0,0,1,0,0,0,0,4.83997E+20,5.62918E+21,8.77284E+15,5.08141E+16
108622,108623,6,4,12,0,2016,11,15,3,3,5,2,0,0,1,0,0,0,0,1,4.76955E+20,5.55041E+21,8.67773E+15,5.01055E+16
108623,108624,6,4,12,0,2016,11,13,4,3,5,2,0,0,0,1,0,1,0,0,4.75888E+20,5.55183E+21,8.66272E+15,5.01182E+16
108624,108625,6,6,11,0,2016,11,19,3,3,5,3,2,1,1,1,0,0,0,0,5.31135E+20,5.68109E+21,9.4464E+15,5.12803E+16
108625,108626,6,4,32,10,2016,11,11,5,3,5,3,0,0,1,1,0,0,0,0,4.9423E+20,5.5242E+21,8.9197E+15,4.98702E+16
108626,108627,6,5,34,18,2016,11,18,6,2,6,2,2,0,0,1,1,0,0,0,5.00888E+20,5.62929E+21,9.0126E+15,5.08153E+16
108627,108628,6,4,12,0,2016,11,15,6,3,5,3,0,0,0,1,0,1,0,0,4.70398E+20,5.54516E+21,8.58646E+15,5.0058E+16
108628,108629,6,4,32,3,2016,11,17,5,3,5,3,2,1,0,1,0,1,0,0,4.72464E+20,5.51173E+21,8.61769E+15,4.97574E+16
108629,108630,6,6,36,3,2016,11,12,6,3,6,4,0,0,0,1,1,0,0,0,5.74585E+20,5.6707E+21,1.00671E+16,5.11829E+16
108630,108631,6,4,32,22,2016,11,12,5,3,0,7,0,0,1,0,0,0,0,1,4.73748E+20,5.51115E+21,8.63556E+15,4.97523E+16
108631,108632,6,4,31,13,2016,11,19,5,3,5,3,2,1,0,1,0,1,0,0,4.6256E+20,5.49363E+21,8.48193E+15,4.95941E+16
108632,108633,6,4,12,0,2016,12,21,7,3,2,6,2,0,0,1,0,0,0,0,4.76812E+20,5.55084E+21,8.67571E+15,5.01094E+16
108633,108634,6,6,31,9,2016,12,7,7,3,0,1,0,2,0,1,0,0,0,0,5.45897E+20,5.59847E+21,9.64765E+15,5.05364E+16
108634,108635,6,6,36,16,2016,11,7,2,2,5,3,0,1,0,1,0,1,0,0,5.60353E+20,5.68794E+21,9.86645E+15,5.13395E+16
108635,108636,6,6,31,12,2016,11,0,7,3,9,1,2,0,0,1,0,0,0,0,5.67242E+20,5.60212E+21,9.94947E+15,5.05671E+16
108636,108637,6,4,34,6,2016,11,11,3,2,6,4,0,0,0,1,1,0,0,0,4.645E+20,5.5592E+21,8.50276E+15,5.01839E+16
108637,108638,6,4,32,23,2016,11,18,5,3,5,2,2,0,0,1,0,0,0,0,4.7219E+20,5.52619E+21,8.61286E+15,4.98874E+16
108638,108639,6,6,31,9,2016,11,16,5,3,2,2,1,1,0,1,0,0,0,1,5.48756E+20,5.60005E+21,9.6882E+15,5.05503E+16