FID,OBJECTID,ULAND,UREGBEZ,UKREIS,UGEMEINDE,UJAHR,UMONAT,USTUNDE,UWOCHENTAG,UKATEGORIE,UART,UTYP1,ULICHTVERH,IstStrasse,IstRad,IstPKW,IstFuss,IstKrad,IstGkfz,IstSonstig,LINREFX,LINREFY,XGCSWGS84,YGCSWGS84
108639,108640,6,6,11,0,2016,11,16,6,3,6,6,0,0,1,0,1,0,0,0,5.35179E+20,5.68488E+21,9.50476E+15,5.13141E+16
108640,108641,6,4,11,0,2016,12,13,5,3,5,3,0,0,0,1,0,0,0,0,4.74953E+20,5.52579E+21,8.65134E+15,4.9884E+16
108641,108642,6,4,38,11,2016,12,7,6,3,2,7,2,0,0,1,0,0,0,0,4.91546E+20,5.54352E+21,8.88193E+15,5.00439E+16
108642,108643,6,4,36,6,2016,11,12,3,3,5,2,0,1,1,1,0,0,0,0,4.53389E+20,5.54024E+21,8.34944E+15,5.00127E+16
108643,108644,6,6,32,3,2016,11,16,2,3,6,7,0,0,0,1,1,0,0,0,5.55944E+20,5.64668E+21,9.79674E+15,5.0969E+16
108644,108645,6,4,35,6,2016,11,11,6,3,0,7,0,0,0,0,1,0,0,1,4.94145E+20,5.55949E+21,8.91798E+15,5.01875E+16
108645,108646,6,6,32,18,2016,12,11,5,3,5,3,0,0,0,1,0,0,0,0,5.51063E+20,5.6498E+21,9.72767E+15,5.09975E+16
108646,108647,6,5,31,12,2016,12,18,7,3,6,4,2,0,0,1,1,0,0,0,4.75967E+20,5.59736E+21,8.66094E+15,5.05277E+16
108647,108648,6,4,34,1,2016,12,23,6,3,0,1,2,1,1,0,0,0,0,0,4.75132E+20,5.56293E+21,8.65143E+15,5.0218E+16
108648,108649,6,4,36,4,2016,11,16,3,2,5,3,1,0,1,0,0,0,0,1,4.5831E+20,5.54023E+21,8.41812E+15,5.0013E+16
108649,108650,6,4,39,8,2016,11,12,2,3,0,1,0,0,0,0,0,1,0,0,4.47659E+20,5.56372E+21,8.26626E+15,5.02233E+16
108650,108651,6,4,14,0,2016,11,7,6,2,6,4,1,1,0,1,1,0,0,0,4.42816E+20,5.54733E+21,8.20083E+15,5.00755E+16
108651,108652,6,4,32,19,2016,11,9,3,2,6,7,0,0,0,0,1,1,0,0,4.85589E+20,5.52122E+21,8.79957E+15,4.98432E+16
108652,108653,6,4,33,7,2016,11,8,5,3,2,6,0,0,0,1,0,0,0,0,4.64541E+20,5.54423E+21,8.50472E+15,5.00493E+16
108653,108654,6,6,32,15,2016,11,21,5,3,9,7,2,0,0,1,0,0,1,1,5.38168E+20,5.62909E+21,9.54176E+15,5.08123E+16
108654,108655,6,4,14,0,2016,11,11,6,3,5,3,0,0,1,1,0,0,0,0,4.4802E+20,5.54593E+21,8.27375E+15,5.00634E+16
108655,108656,6,4,12,0,2016,11,16,3,3,5,3,1,0,1,1,0,0,0,0,4.76411E+20,5.5525E+21,8.67E+15,5.01243E+16
108656,108657,6,4,39,13,2016,12,12,5,3,1,7,0,0,1,1,0,0,0,0,4.23593E+20,5.53737E+21,7.9342E+15,4.99838E+16
108657,108658,6,4,32,23,2016,11,20,4,3,0,1,2,0,0,0,0,1,0,0,4.6965E+20,5.52874E+21,8.5773E+15,4.99103E+16
108658,108659,6,4,34,2,2016,12,16,6,3,5,3,1,1,0,1,0,0,0,0,4.74662E+20,5.5663E+21,8.64461E+15,5.02484E+16
108659,108660,6,4,33,6,2016,11,18,3,3,6,4,2,0,0,1,1,0,0,0,4.6214E+20,5.53004E+21,8.47259E+15,4.99215E+16
108660,108661,6,4,13,0,2016,11,20,6,3,0,3,2,1,0,1,0,0,0,1,4.82479E+20,5.54995E+21,8.75501E+15,5.01016E+16
108661,108662,6,4,14,0,2016,11,16,6,3,0,6,1,0,0,1,0,0,0,1,4.44468E+20,5.54756E+21,8.22388E+15,5.00777E+16
108662,108663,6,4,33,6,2016,11,18,5,3,4,6,2,0,1,0,0,1,0,0,4.62812E+20,5.53011E+21,8.48194E+15,4.99222E+16
108663,108664,6,4,35,14,2016,11,13,4,3,9,1,0,1,0,1,0,0,0,0,4.96613E+20,5.55483E+21,8.95259E+15,5.01457E+16
108664,108665,6,6,11,0,2016,12,15,7,3,2,6,0,0,0,1,0,1,0,0,5.314E+20,5.68054E+21,9.45015E+15,5.12753E+16
108665,108666,6,4,33,14,2016,11,9,5,2,4,6,0,0,1,1,0,0,0,0,4.56843E+20,5.52625E+21,8.39921E+15,4.98871E+16
108666,108667,6,5,33,9,2016,11,11,4,3,6,7,0,1,0,1,1,0,0,0,4.33228E+20,5.58211E+21,8.06073E+15,5.03873E+16
108667,108668,6,6,35,12,2016,12,14,7,2,6,6,0,0,0,1,1,0,0,0,4.97846E+20,5.64695E+21,8.96932E+15,5.09742E+16
108668,108669,6,4,13,0,2016,11,11,6,3,5,3,0,0,1,1,0,0,0,0,4.83268E+20,5.55043E+21,8.76601E+15,5.01059E+16
108669,108670,6,4,12,0,2016,11,23,6,3,6,2,2,0,0,1,1,0,0,0,4.72222E+20,5.55265E+21,8.61139E+15,5.01254E+16
108670,108671,6,4,37,11,2016,11,14,3,3,2,6,0,0,0,1,0,0,0,0,5.00174E+20,5.50331E+21,9.00241E+15,4.96823E+16
108671,108672,6,4,11,0,2016,11,19,4,3,1,7,2,0,0,1,0,1,0,0,4.74458E+20,5.52313E+21,8.64463E+15,4.986E+16
108672,108673,6,4,31,11,2016,12,17,6,3,2,6,2,0,0,1,0,0,0,0,4.72388E+20,5.49893E+21,8.61755E+15,4.96423E+16
108673,108674,6,5,34,14,2016,11,20,3,3,0,7,2,0,0,1,1,0,0,0,4.84097E+20,5.62971E+21,8.77425E+15,5.08189E+16
108674,108675,6,4,38,13,2016,11,18,2,3,5,2,2,0,1,1,0,0,0,0,4.98072E+20,5.54285E+21,8.97308E+15,5.00379E+16
108675,108676,6,4,12,0,2016,11,16,6,2,6,4,1,0,0,1,1,0,0,0,4.75141E+20,5.55248E+21,8.65223E+15,5.01241E+16
108676,108677,6,4,35,14,2016,11,16,5,3,5,2,0,0,0,1,0,0,0,0,4.94385E+20,5.55332E+21,8.92143E+15,5.01321E+16
108677,108678,6,5,33,6,2016,11,9,4,2,9,7,0,1,0,1,0,0,0,0,4.30238E+20,5.5861E+21,8.01794E+15,5.04228E+16
108678,108679,6,4,35,26,2016,12,11,7,3,0,3,0,2,1,1,0,0,0,0,4.87148E+20,5.56045E+21,8.81994E+15,5.01961E+16
108679,108680,6,5,31,5,2016,12,9,7,3,1,1,0,2,0,1,0,0,0,0,4.78685E+20,5.60371E+21,8.69892E+15,5.05849E+16
108680,108681,6,4,38,6,2016,11,7,2,3,6,4,0,0,0,1,1,0,0,0,4.75807E+20,5.53745E+21,8.66251E+15,4.99889E+16
108681,108682,6,4,12,0,2016,11,18,6,3,2,6,2,1,0,1,0,0,0,0,4.77049E+20,5.55168E+21,8.67897E+15,5.01169E+16
108682,108683,6,4,11,0,2016,11,11,3,3,0,7,0,0,0,1,1,0,0,0,4.75914E+20,5.52441E+21,8.66481E+15,4.98716E+16
108683,108684,6,6,36,6,2016,11,7,4,2,6,4,2,0,0,0,1,0,1,0,5.48774E+20,5.67364E+21,9.69828E+15,5.1212E+16
108684,108685,6,5,33,3,2016,11,16,2,3,0,7,2,0,0,1,0,0,0,0,4.4731E+20,5.57217E+21,8.26019E+15,5.02993E+16
108685,108686,6,4,38,11,2016,11,13,2,3,2,6,0,0,0,1,0,0,0,0,4.90499E+20,5.53898E+21,8.86742E+15,5.00031E+16
108686,108687,6,4,11,0,2016,11,8,6,3,2,6,0,1,0,1,0,1,0,0,4.73895E+20,5.52526E+21,8.63666E+15,4.98792E+16
108687,108688,6,6,34,22,2016,11,10,3,3,5,3,0,0,0,1,0,0,0,0,5.12771E+20,5.63987E+21,9.18166E+15,5.09104E+16
108688,108689,6,4,35,25,2016,11,7,4,3,6,4,2,0,0,0,1,0,0,1,5.37013E+20,5.57755E+21,9.52023E+15,5.03488E+16
108689,108690,6,4,14,0,2016,11,14,2,3,6,7,0,0,0,1,1,0,0,0,4.45864E+20,5.54786E+21,8.24335E+15,5.00805E+16
108690,108691,6,4,36,5,2016,11,16,2,2,0,7,1,0,0,1,0,0,0,0,4.62974E+20,5.54604E+21,8.48265E+15,5.00655E+16
108691,108692,6,4,12,0,2016,11,12,5,3,3,6,0,0,0,1,0,1,0,0,4.8095E+20,5.554E+21,8.73343E+15,5.01379E+16
108692,108693,6,4,34,1,2016,11,17,6,3,6,2,2,1,0,1,1,0,0,0,4.73049E+20,5.56364E+21,8.62218E+15,5.02243E+16
108693,108694,6,4,12,0,2016,11,17,6,2,0,1,0,0,0,0,0,1,0,0,4.75844E+20,5.54875E+21,8.6623E+15,5.00905E+16
108694,108695,6,5,33,9,2016,11,7,4,3,6,7,1,1,0,1,1,0,0,0,4.33766E+20,5.58216E+21,8.06829E+15,5.03878E+16
108695,108696,6,4,38,6,2016,12,18,5,3,6,2,2,0,0,1,1,0,0,0,4.75912E+20,5.53735E+21,8.66397E+15,4.9988E+16
108696,108697,6,4,14,0,2016,12,11,6,2,8,1,0,0,0,1,0,0,0,0,4.52862E+20,5.55087E+21,8.34077E+15,5.01082E+16
108697,108698,6,4,31,4,2016,11,20,2,3,9,1,2,0,0,1,0,0,0,0,4.78085E+20,5.48984E+21,8.69696E+15,4.95608E+16
108698,108699,6,6,34,2,2016,11,13,6,3,5,2,0,1,1,1,0,0,0,0,5.31389E+20,5.67347E+21,9.44938E+15,5.12118E+16
108699,108700,6,4,14,0,2016,11,10,2,3,6,7,0,0,1,0,1,0,0,0,4.45713E+20,5.54802E+21,8.24122E+15,5.0082E+16
108700,108701,6,6,36,3,2016,11,9,4,3,5,3,0,0,0,1,0,0,0,0,5.71531E+20,5.67075E+21,1.00235E+16,5.11837E+16
108701,108702,6,6,11,0,2016,11,10,4,3,6,4,0,1,0,0,1,0,0,1,5.3466E+20,5.68501E+21,9.49733E+15,5.13154E+16
108702,108703,6,4,12,0,2016,11,13,6,2,1,5,0,0,1,1,0,0,0,0,4.74884E+20,5.54808E+21,8.64893E+15,5.00844E+16
108703,108704,6,6,11,0,2016,11,15,4,3,0,7,0,0,1,1,0,0,0,0,5.34123E+20,5.68476E+21,9.4896E+15,5.13131E+16
108704,108705,6,4,37,11,2016,11,18,6,3,1,5,2,0,1,1,0,0,0,0,5.00069E+20,5.50237E+21,9.00096E+15,4.96739E+16
108705,108706,6,4,31,11,2016,12,19,5,3,6,4,2,0,0,1,1,0,0,0,4.73567E+20,5.49885E+21,8.63388E+15,4.96416E+16
108706,108707,6,4,40,9,2016,12,8,6,3,1,2,1,1,0,1,0,1,0,0,5.1474E+20,5.58551E+21,9.20749E+15,5.04214E+16
108707,108708,6,4,12,0,2016,11,23,2,3,3,6,2,1,1,1,0,0,0,0,4.74524E+20,5.55094E+21,8.6437E+15,5.01102E+16
108708,108709,6,4,40,5,2016,11,16,2,3,2,6,0,0,0,1,0,0,0,0,4.77209E+20,5.58602E+21,8.67914E+15,5.04257E+16
108709,108710,6,6,35,11,2016,11,16,6,2,6,4,1,1,0,1,1,0,0,0,4.86094E+20,5.65664E+21,8.80156E+15,5.10611E+16
108710,108711,6,4,35,19,2016,11,13,6,3,5,3,0,1,0,1,0,0,0,0,4.88577E+20,5.55343E+21,8.84017E+15,5.0133E+16
108711,108712,6,4,14,0,2016,11,20,4,2,9,1,2,1,0,1,0,0,0,0,4.49251E+20,5.53901E+21,8.29185E+15,5.00013E+16
108712,108713,6,4,14,0,2016,11,18,4,3,3,6,1,1,0,1,0,1,0,0,4.48451E+20,5.53988E+21,8.28058E+15,5.0009E+16
108713,108714,6,4,31,20,2016,12,13,2,3,5,3,0,1,0,1,0,0,0,0,4.69495E+20,5.48696E+21,8.57841E+15,4.95345E+16
108714,108715,6,4,11,0,2016,12,14,7,3,3,6,0,0,0,1,0,0,0,0,4.75177E+20,5.5242E+21,8.65456E+15,4.98697E+16
108715,108716,6,4,38,3,2016,12,17,3,2,6,2,2,1,0,1,1,0,0,0,4.76394E+20,5.53442E+21,8.67087E+15,4.99616E+16
108716,108717,6,4,12,0,2016,12,16,7,3,4,7,1,1,0,1,0,0,0,0,4.81284E+20,5.55332E+21,8.73813E+15,5.01318E+16
108717,108718,6,4,36,4,2016,12,13,3,3,6,4,0,0,0,1,1,0,0,0,4.58542E+20,5.54031E+21,8.42135E+15,5.00137E+16
108718,108719,6,4,11,0,2016,12,19,4,3,5,3,2,1,1,1,0,0,0,0,4.74442E+20,5.52295E+21,8.64441E+15,4.98584E+16
108719,108720,6,6,31,2,2016,12,17,7,2,0,7,2,1,1,0,0,0,0,0,5.51282E+20,5.61657E+21,9.72614E+15,5.06987E+16
108720,108721,6,4,12,0,2016,12,8,5,3,2,7,0,0,1,1,0,0,0,0,4.79367E+20,5.55297E+21,8.71133E+15,5.01286E+16
108721,108722,6,5,32,11,2016,12,17,1,3,4,4,2,1,0,1,1,0,0,0,4.42062E+20,5.62392E+21,8.17847E+15,5.07641E+16
108722,108723,6,4,37,10,2016,12,23,4,2,9,1,2,1,0,1,0,0,0,0,5.06196E+20,5.51469E+21,9.08607E+15,4.97846E+16
108723,108724,6,4,14,0,2016,12,7,2,3,6,4,0,0,0,1,1,0,0,0,4.42683E+20,5.54873E+21,8.19876E+15,5.0088E+16
108724,108725,6,6,33,3,2016,12,15,6,3,5,3,0,1,0,1,0,0,0,0,5.28123E+20,5.67788E+21,9.40297E+15,5.12515E+16
108725,108726,6,4,31,20,2016,12,16,5,3,6,4,1,0,0,1,1,0,0,0,4.68461E+20,5.48642E+21,8.56416E+15,4.95296E+16
108726,108727,6,4,11,0,2016,12,18,2,3,2,6,2,0,0,1,0,0,0,0,4.75232E+20,5.52759E+21,8.65511E+15,4.99001E+16
108727,108728,6,4,31,2,2016,12,11,3,3,5,2,0,0,0,1,0,0,0,0,4.71826E+20,5.50607E+21,8.60925E+15,4.97065E+16
108728,108729,6,6,11,0,2016,12,2,6,3,6,6,2,0,0,0,1,0,0,1,5.35598E+20,5.68461E+21,9.51074E+15,5.13117E+16
108729,108730,6,4,40,3,2016,12,12,3,3,5,3,0,1,0,1,0,0,0,0,4.80427E+20,5.55982E+21,8.72581E+15,5.01903E+16
108730,108731,6,4,11,0,2016,12,18,4,3,0,1,2,1,1,0,0,0,0,0,4.75618E+20,5.52432E+21,8.6607E+15,4.98708E+16
108731,108732,6,5,33,9,2016,12,21,6,3,6,3,2,0,0,1,1,0,0,0,4.3338E+20,5.58133E+21,8.06301E+15,5.03802E+16
108732,108733,6,6,35,2,2016,12,13,5,2,5,2,0,1,0,1,0,1,0,0,4.99505E+20,5.69136E+21,8.99289E+15,5.13735E+16
108733,108734,6,4,33,10,2016,12,12,4,3,5,3,0,1,0,1,0,0,0,0,4.61076E+20,5.54029E+21,8.45672E+15,5.00136E+16
108734,108735,6,4,36,5,2016,12,18,6,3,6,4,2,0,0,1,1,0,0,0,4.63053E+20,5.54611E+21,8.48376E+15,5.00661E+16
108735,108736,6,4,40,8,2016,12,9,3,3,2,6,0,1,0,1,0,0,0,0,4.82351E+20,5.5757E+21,8.75202E+15,5.03332E+16
108736,108737,6,4,13,0,2016,12,13,4,3,6,4,0,0,0,0,1,1,0,0,4.87542E+20,5.54811E+21,8.82586E+15,5.00851E+16
108737,108738,6,4,31,16,2016,12,16,5,3,2,6,2,1,0,1,0,0,0,0,4.67998E+20,5.50015E+21,8.55664E+15,4.9653E+16
108738,108739,6,4,36,4,2016,12,16,2,3,5,2,2,1,0,1,0,0,0,0,4.59419E+20,5.5448E+21,8.43312E+15,5.00541E+16
108739,108740,6,4,31,2,2016,12,17,3,2,5,3,2,1,1,1,0,0,0,0,4.72505E+20,5.50301E+21,8.61888E+15,4.9679E+16
108740,108741,6,4,12,0,2016,12,14,6,3,5,3,0,0,0,1,0,0,0,0,4.76813E+20,5.55064E+21,8.67574E+15,5.01076E+16
108741,108742,6,6,35,3,2016,12,15,1,3,2,6,0,1,0,1,0,0,0,0,5.0704E+20,5.66209E+21,9.10057E+15,5.11102E+16
108742,108743,6,6,31,9,2016,12,18,3,3,1,7,2,1,0,1,0,1,0,0,5.48302E+20,5.60062E+21,9.68187E+15,5.05555E+16
108743,108744,6,4,36,3,2016,12,16,6,3,5,2,1,1,1,1,0,0,0,0,4.67484E+20,5.55659E+21,8.54477E+15,5.01606E+16
108744,108745,6,4,12,0,2016,12,17,4,3,6,4,2,0,0,1,1,0,0,0,4.77395E+20,5.55129E+21,8.68384E+15,5.01135E+16
108745,108746,6,4,35,14,2016,12,7,3,3,2,2,1,1,0,1,0,0,0,0,4.95557E+20,5.55442E+21,8.93783E+15,5.0142E+16
108746,108747,6,4,33,2,2016,12,16,6,3,0,7,1,1,0,1,0,0,0,0,4.53847E+20,5.53768E+21,8.35614E+15,4.99897E+16
108747,108748,6,6,31,4,2016,12,9,3,1,6,6,0,1,0,1,1,0,0,0,5.5441E+20,5.58682E+21,9.76608E+15,5.04309E+16
108748,108749,6,4,12,0,2016,12,16,4,3,0,7,1,1,0,0,0,1,0,0,4.77487E+20,5.55227E+21,8.68507E+15,5.01223E+16
108749,108750,6,5,31,5,2016,12,15,5,3,2,6,0,1,0,1,0,0,0,0,4.78152E+20,5.60331E+21,8.69141E+15,5.05813E+16
108750,108751,6,5,31,5,2016,12,15,2,3,1,4,0,1,1,1,1,0,0,0,4.76295E+20,5.60218E+21,8.66525E+15,5.05711E+16
108751,108752,6,4,32,15,2016,12,9,2,3,5,3,0,0,1,1,0,0,0,0,4.90218E+20,5.53074E+21,8.8637E+15,4.99289E+16
108752,108753,6,4,12,0,2016,12,14,7,3,6,4,0,1,0,1,1,0,0,0,4.76482E+20,5.56076E+21,8.67048E+15,5.01986E+16
108753,108754,6,4,12,0,2016,12,19,3,3,5,3,2,1,1,1,0,0,0,0,4.77685E+20,5.55154E+21,8.68788E+15,5.01157E+16
108754,108755,6,4,32,20,2016,12,2,7,2,8,1,2,0,0,1,0,0,0,0,4.82981E+20,5.5233E+21,8.76321E+15,4.98619E+16
108755,108756,6,4,35,21,2016,12,18,2,3,2,2,2,0,0,1,0,0,0,0,4.90412E+20,5.56513E+21,8.86555E+15,5.02383E+16
108756,108757,6,4,12,0,2016,12,17,3,3,3,6,2,1,1,1,0,0,0,0,4.82685E+20,5.5533E+21,8.75773E+15,5.01317E+16
108757,108758,6,4,12,0,2016,12,18,7,3,3,2,2,0,1,1,0,0,0,0,4.7606E+20,5.55105E+21,8.66518E+15,5.01112E+16
108758,108759,6,4,36,1,2016,12,12,5,3,2,6,0,1,0,1,0,0,0,0,4.63436E+20,5.55659E+21,8.4881E+15,5.01604E+16
108759,108760,6,6,32,2,2016,12,13,2,2,2,7,0,1,0,0,0,1,0,1,5.49536E+20,5.63565E+21,9.70399E+15,5.08704E+16
108760,108761,6,4,14,0,2016,12,10,4,3,0,6,0,2,0,0,0,1,0,0,4.42813E+20,5.546E+21,8.20099E+15,5.00635E+16
108761,108762,6,5,32,12,2016,12,13,6,3,2,6,0,0,0,1,0,0,0,0,4.51047E+20,5.61467E+21,8.30709E+15,5.06818E+16
108762,108763,6,6,31,9,2016,12,6,2,3,2,2,0,0,0,1,0,0,0,1,5.42875E+20,5.60158E+21,9.60538E+15,5.05646E+16
108763,108764,6,4,39,8,2016,12,9,7,3,6,4,0,0,0,1,1,0,0,0,4.47543E+20,5.56415E+21,8.26458E+15,5.02272E+16
108764,108765,6,4,32,15,2016,12,13,3,3,5,3,0,1,0,1,0,0,0,1,4.90708E+20,5.52975E+21,8.87057E+15,4.99201E+16
108765,108766,6,6,33,17,2016,12,18,6,2,5,3,2,0,0,1,0,1,0,0,5.36863E+20,5.68104E+21,9.52853E+15,5.12795E+16
108766,108767,6,4,14,0,2016,12,16,2,3,2,6,1,0,0,1,0,0,0,0,4.48098E+20,5.54865E+21,8.27447E+15,5.00878E+16
108767,108768,6,4,11,0,2016,12,16,4,3,3,2,2,0,0,1,0,0,0,0,4.75176E+20,5.5242E+21,8.65455E+15,4.98697E+16
108768,108769,6,4,35,14,2016,12,15,7,2,6,4,0,0,0,1,1,0,0,0,4.96994E+20,5.55174E+21,8.95796E+15,5.01179E+16
108769,108770,6,4,32,23,2016,12,10,5,3,3,2,0,0,0,1,0,0,1,0,4.72186E+20,5.52718E+21,8.61273E+15,4.98964E+16
108770,108771,6,4,31,20,2016,12,10,1,3,5,3,0,1,0,1,0,0,0,0,4.70008E+20,5.48798E+21,8.58542E+15,4.95437E+16
108771,108772,6,4,11,0,2016,12,8,4,3,6,7,1,0,1,0,1,0,0,0,4.76565E+20,5.52594E+21,8.67377E+15,4.98854E+16
108772,108773,6,4,12,0,2016,12,9,4,3,5,3,0,0,0,1,0,0,0,0,4.7241E+20,5.55141E+21,8.61411E+15,5.01143E+16
108773,108774,6,6,35,15,2016,12,19,5,3,5,3,2,1,0,1,0,0,0,0,4.90382E+20,5.68004E+21,8.86212E+15,5.12716E+16
108774,108775,6,4,31,13,2016,12,12,1,3,5,3,0,0,0,1,0,0,0,0,4.61487E+20,5.49414E+21,8.46704E+15,4.95986E+16
108775,108776,6,5,32,23,2016,12,8,1,3,4,5,0,2,0,1,0,0,0,0,4.65628E+20,5.60364E+21,8.51449E+15,5.05837E+16
108776,108777,6,5,35,1,2016,12,17,7,3,5,3,0,1,0,1,0,0,0,0,5.19606E+20,5.62221E+21,9.27792E+15,5.07513E+16
108777,108778,6,5,31,12,2016,12,20,3,3,1,5,2,1,0,1,0,0,0,0,4.75464E+20,5.59683E+21,8.65387E+15,5.05229E+16
108778,108779,6,4,31,16,2016,12,7,5,3,5,3,1,0,0,1,0,1,0,0,4.68308E+20,5.50065E+21,8.5609E+15,4.96576E+16
108779,108780,6,4,12,0,2016,12,22,2,3,2,7,2,0,0,1,0,0,0,0,4.76791E+20,5.5507E+21,8.67542E+15,5.01081E+16
108780,108781,6,4,38,6,2016,12,15,6,3,6,4,0,0,0,1,1,0,0,0,4.7697E+20,5.53752E+21,8.67872E+15,4.99896E+16
108781,108782,6,4,14,0,2016,12,16,2,3,6,3,1,0,0,0,1,0,0,1,4.42214E+20,5.54652E+21,8.19255E+15,5.00681E+16
108782,108783,6,5,31,8,2016,12,16,4,3,5,3,0,1,0,1,0,0,0,0,4.95208E+20,5.59485E+21,8.93243E+15,5.05056E+16
108783,108784,6,4,14,0,2016,12,12,6,3,6,7,0,1,0,1,1,0,0,0,4.4407E+20,5.54505E+21,8.21868E+15,5.00551E+16
108784,108785,6,4,32,23,2016,12,15,4,3,3,6,0,1,0,1,0,0,0,0,4.71976E+20,5.52726E+21,8.6098E+15,4.98971E+16
108785,108786,6,4,34,3,2016,12,18,5,3,1,2,2,0,0,1,0,0,0,0,4.57373E+20,5.56279E+21,8.40253E+15,5.02157E+16
108786,108787,6,6,31,2,2016,12,14,4,3,5,3,0,1,0,1,0,0,0,0,5.51134E+20,5.61728E+21,9.72414E+15,5.07051E+16
108787,108788,6,4,40,5,2016,12,20,6,3,9,7,2,1,0,1,0,0,0,0,4.75163E+20,5.58692E+21,8.65028E+15,5.04337E+16
108788,108789,6,4,14,0,2016,12,9,2,3,6,4,0,1,0,1,1,0,0,0,4.45651E+20,5.5484E+21,8.24029E+15,5.00854E+16
108789,108790,6,4,12,0,2016,12,16,4,2,6,4,2,0,0,1,1,0,0,0,4.73962E+20,5.54825E+21,8.63603E+15,5.0086E+16
108790,108791,6,4,40,17,2016,12,13,4,3,2,6,0,0,0,1,0,0,0,0,4.8591E+20,5.56953E+21,8.80226E+15,5.02777E+16
108791,108792,6,4,38,9,2016,12,17,6,2,6,2,2,1,0,1,1,0,0,0,4.77712E+20,5.54491E+21,8.68864E+15,5.00561E+16
108792,108793,6,4,33,12,2016,12,16,5,2,5,3,0,0,1,1,0,0,0,0,4.58172E+20,5.53798E+21,8.41644E+15,4.99927E+16
108793,108794,6,6,11,0,2016,12,15,2,3,5,3,0,0,0,1,0,0,0,0,5.32554E+20,5.6821E+21,9.46684E+15,5.12893E+16
108794,108795,6,4,13,0,2016,12,17,2,3,1,5,2,0,1,1,0,0,0,0,4.84078E+20,5.54913E+21,8.7774E+15,5.00942E+16
108795,108796,6,4,12,0,2016,12,19,6,3,2,1,2,1,0,1,0,0,0,0,4.74998E+20,5.54844E+21,8.6505E+15,5.00877E+16
108796,108797,6,4,14,0,2016,12,19,3,3,6,2,2,1,0,1,1,0,0,0,4.45124E+20,5.54788E+21,8.233E+15,5.00807E+16
108797,108798,6,4,14,0,2016,12,19,5,3,5,2,2,0,1,1,0,0,0,0,4.44109E+20,5.54797E+21,8.21881E+15,5.00813E+16
108798,108799,6,4,12,0,2016,12,12,2,3,5,3,0,0,1,1,0,0,0,0,4.76246E+20,5.55518E+21,8.66753E+15,5.01484E+16
108799,108800,6,4,38,2,2016,12,8,4,3,2,2,0,0,0,1,0,0,0,0,4.78469E+20,5.54133E+21,8.69942E+15,5.00239E+16
108800,108801,6,4,35,14,2016,12,11,4,3,0,7,0,1,1,0,0,0,0,1,4.959E+20,5.55436E+21,8.94263E+15,5.01415E+16
108801,108802,6,6,34,1,2016,12,12,1,3,3,3,0,1,0,1,0,0,0,0,5.19701E+20,5.65536E+21,9.28106E+15,5.10494E+16
108802,108803,6,4,31,5,2016,12,21,2,3,5,3,2,0,0,1,0,0,0,0,4.6162E+20,5.49879E+21,8.46842E+15,4.96405E+16
108803,108804,6,4,32,18,2016,12,12,5,3,2,6,0,0,0,1,0,0,0,0,4.71204E+20,5.51692E+21,8.59982E+15,4.98041E+16
108804,108805,6,4,32,10,2016,12,17,2,3,6,4,2,1,0,1,1,0,0,0,4.94701E+20,5.52414E+21,8.92625E+15,4.98697E+16
108805,108806,6,4,11,0,2016,12,22,6,3,4,7,2,1,0,1,0,0,0,1,4.74781E+20,5.52452E+21,8.64903E+15,4.98725E+16
108806,108807,6,4,36,7,2016,12,10,1,3,5,3,0,0,0,1,0,0,0,0,4.59939E+20,5.54841E+21,8.44E+15,5.00866E+16
108807,108808,6,4,12,0,2016,12,11,3,3,5,3,0,0,1,1,0,0,0,0,4.76401E+20,5.55306E+21,8.66983E+15,5.01293E+16
108808,108809,6,4,34,1,2016,12,17,7,3,6,4,2,0,0,0,1,0,0,1,4.73488E+20,5.56331E+21,8.62836E+15,5.02214E+16
108809,108810,6,4,12,0,2016,12,18,5,3,5,3,2,1,1,0,0,0,0,0,4.77956E+20,5.55237E+21,8.69163E+15,5.01232E+16
108810,108811,6,4,12,0,2016,12,17,2,3,5,2,2,1,0,1,0,0,0,0,4.73471E+20,5.5481E+21,8.62918E+15,5.00845E+16
108811,108812,6,6,32,16,2016,12,14,3,3,5,3,0,0,0,1,0,0,0,0,5.67094E+20,5.63379E+21,9.95315E+15,5.08519E+16
108812,108813,6,4,13,0,2016,12,17,4,3,6,4,1,0,0,1,1,0,0,0,4.84415E+20,5.54982E+21,8.78208E+15,5.01004E+16
108813,108814,6,4,33,2,2016,12,18,6,3,5,3,2,0,1,1,0,0,0,0,4.53746E+20,5.53757E+21,8.35474E+15,4.99887E+16
108814,108815,6,4,14,0,2016,12,22,1,3,5,2,2,0,0,1,0,0,0,0,4.4424E+20,5.54753E+21,8.2207E+15,5.00775E+16
108815,108816,6,5,32,22,2016,12,8,1,3,1,1,0,1,0,1,0,0,0,0,4.64842E+20,5.58693E+21,8.50497E+15,5.04333E+16