FID,OBJECTID,ULAND,UREGBEZ,UKREIS,UGEMEINDE,UJAHR,UMONAT,USTUNDE,UWOCHENTAG,UKATEGORIE,UART,UTYP1,ULICHTVERH,IstStrasse,IstRad,IstPKW,IstFuss,IstKrad,IstGkfz,IstSonstig,LINREFX,LINREFY,XGCSWGS84,YGCSWGS84
108993,108994,6,4,14,0,2016,12,19,5,3,9,7,2,1,0,1,0,0,0,0,4.42031E+20,5.54712E+21,8.18989E+15,5.00735E+16
108994,108995,6,4,12,0,2016,12,8,3,3,5,3,2,0,1,1,0,0,0,0,4.78854E+20,5.55288E+21,8.70415E+15,5.01278E+16
108995,108996,6,4,33,6,2016,12,11,5,3,0,7,0,1,1,0,0,0,0,1,4.63875E+20,5.52904E+21,8.49684E+15,4.99126E+16
108996,108997,8,1,11,0,2016,1,5,2,3,5,3,2,1,0,1,0,0,0,0,5.16935E+20,5.4099E+21,9.23081E+15,4.88419E+16
108997,108998,8,3,27,46,2016,1,20,4,2,6,4,2,1,0,1,1,0,0,0,4.80248E+20,5.32473E+21,8.73483E+15,4.80755E+16
108998,108999,8,2,16,43,2016,1,9,3,3,5,3,0,1,0,1,0,0,0,0,4.41752E+20,5.41219E+21,8.20586E+15,4.886E+16
108999,109000,8,2,16,7,2016,1,10,7,2,5,3,0,1,0,1,0,0,0,1,4.36141E+20,5.39395E+21,8.1322E+15,4.86953E+16
109000,109001,8,1,19,67,2016,1,6,6,3,6,6,2,1,0,1,1,0,0,0,5.38761E+20,5.40614E+21,9.5279E+15,4.88071E+16
109001,109002,6,4,37,13,2016,12,12,1,3,4,6,0,1,0,1,0,0,0,0,4.86292E+20,5.50349E+21,8.80997E+15,4.96838E+16
109002,109003,6,4,35,14,2016,12,16,6,3,2,6,1,1,0,1,0,0,0,0,4.94016E+20,5.55327E+21,8.91628E+15,5.01316E+16
109003,109004,6,4,12,0,2016,12,17,5,3,0,6,2,1,0,1,0,0,0,1,4.77144E+20,5.55005E+21,8.6804E+15,5.01023E+16
109004,109005,6,4,12,0,2016,12,13,3,3,1,7,0,0,0,1,0,0,0,1,4.76363E+20,5.55059E+21,8.66945E+15,5.01071E+16
109005,109006,6,4,39,8,2016,12,9,5,3,6,2,0,0,0,1,1,0,0,0,4.46787E+20,5.56612E+21,8.2537E+15,5.02449E+16
109006,109007,8,4,26,21,2016,1,9,3,3,8,1,0,0,1,0,0,0,0,0,5.58768E+20,5.32718E+21,9.78928E+15,4.80952E+16
109007,109008,6,4,13,0,2016,12,15,3,3,5,3,0,0,0,1,0,0,0,0,4.8311E+20,5.55042E+21,8.7638E+15,5.01058E+16
109008,109009,8,2,36,46,2016,1,4,1,3,9,1,2,1,0,1,0,0,0,0,4.8344E+20,5.41879E+21,8.77395E+15,4.89218E+16
109009,109010,8,2,16,43,2016,1,6,4,3,8,1,2,1,0,1,0,0,0,0,4.42789E+20,5.41357E+21,8.2198E+15,4.88724E+16
109010,109011,6,6,35,2,2016,12,11,4,2,6,7,0,0,1,0,1,0,0,0,5.00355E+20,5.69223E+21,9.00511E+15,5.13813E+16
109011,109012,8,1,21,0,2016,1,15,7,3,6,2,0,1,1,1,1,0,0,0,5.15983E+20,5.44353E+21,9.21915E+15,4.91444E+16
109012,109013,6,4,12,0,2016,12,19,7,3,2,6,2,0,0,1,0,0,0,0,4.7682E+20,5.55064E+21,8.67584E+15,5.01075E+16
109013,109014,8,1,17,26,2016,1,7,3,2,6,4,1,1,0,1,1,0,0,0,5.48303E+20,5.39488E+21,9.65652E+15,4.8705E+16
109014,109015,6,6,11,0,2016,12,14,6,3,9,7,0,1,0,1,0,0,0,0,5.37508E+20,5.68757E+21,9.53846E+15,5.13382E+16
109015,109016,6,4,39,14,2016,12,0,5,3,8,1,2,2,0,1,0,0,0,0,4.35266E+20,5.55138E+21,8.09465E+15,5.01112E+16
109016,109017,6,4,11,0,2016,12,9,3,3,5,2,0,0,1,1,0,0,0,0,4.77204E+20,5.52788E+21,8.68255E+15,4.99028E+16
109017,109018,6,4,40,2,2016,12,18,5,3,7,1,2,0,0,1,0,0,0,0,4.81524E+20,5.58041E+21,8.74016E+15,5.03755E+16
109018,109019,8,3,36,81,2016,1,7,3,3,5,3,1,1,1,1,0,0,0,0,4.11388E+20,5.278E+21,7.82007E+15,4.76493E+16
109019,109020,6,6,35,2,2016,12,11,3,2,6,4,0,0,0,1,1,0,0,0,5.00461E+20,5.69233E+21,9.00662E+15,5.13822E+16
109020,109021,6,4,12,0,2016,12,15,4,3,5,3,0,0,0,1,0,0,0,0,4.67166E+20,5.55001E+21,8.54089E+15,5.01015E+16
109021,109022,8,3,15,6,2016,1,14,2,3,5,3,0,1,0,0,0,1,0,1,4.00826E+20,5.31215E+21,7.67165E+15,4.79549E+16
109022,109023,6,4,40,16,2016,12,0,6,3,6,7,2,1,0,0,1,0,0,1,5.00549E+20,5.58469E+21,9.00773E+15,5.04142E+16
109023,109024,6,6,36,3,2016,12,18,2,3,0,3,2,0,0,1,0,0,0,1,5.73323E+20,5.67141E+21,1.00492E+16,5.11894E+16
109024,109025,6,4,12,0,2016,12,12,4,3,2,6,0,0,0,1,0,0,0,0,4.73827E+20,5.54971E+21,8.63404E+15,5.00991E+16
109025,109026,6,4,40,2,2016,12,5,7,2,1,5,2,1,1,1,0,0,0,0,4.80258E+20,5.58092E+21,8.72233E+15,5.038E+16
109026,109027,8,4,25,72,2016,1,10,2,3,0,1,0,2,0,0,0,1,0,0,5.83166E+20,5.37177E+21,1.01257E+16,4.84936E+16
109027,109028,6,4,39,7,2016,12,6,6,3,9,1,2,1,0,1,0,0,0,0,4.45019E+20,5.56828E+21,8.22859E+15,5.02641E+16
109028,109029,6,4,31,2,2016,12,15,5,3,0,7,0,1,0,1,0,0,0,0,4.72224E+20,5.50273E+21,8.615E+15,4.96765E+16
109029,109030,6,4,36,12,2016,12,16,2,3,1,5,0,0,1,1,0,0,0,0,4.65324E+20,5.55437E+21,8.51474E+15,5.01405E+16
109030,109031,6,6,33,3,2016,12,13,3,3,0,7,0,0,0,1,0,0,0,0,5.28722E+20,5.6783E+21,9.41158E+15,5.12553E+16
109031,109032,6,5,32,22,2016,12,12,5,3,4,6,0,0,0,1,0,0,0,1,4.61326E+20,5.58934E+21,8.4552E+15,5.04548E+16
109032,109033,8,3,35,43,2016,1,20,3,3,5,2,2,0,1,1,0,0,0,0,5.12627E+20,5.27876E+21,9.16817E+15,4.76621E+16
109033,109034,8,1,16,78,2016,1,11,7,2,6,4,0,1,0,1,1,0,0,0,5.10002E+20,5.39438E+21,9.13594E+15,4.87024E+16
109034,109035,6,6,31,9,2016,12,16,7,3,2,2,1,1,0,1,0,0,0,0,5.48199E+20,5.60333E+21,9.68076E+15,5.05799E+16
109035,109036,6,4,12,0,2016,12,4,2,2,6,4,2,0,0,1,1,0,0,0,4.77679E+20,5.55136E+21,8.6878E+15,5.0114E+16
109036,109037,6,4,12,0,2016,12,15,4,3,5,3,0,0,0,1,0,1,0,0,4.74665E+20,5.55176E+21,8.64563E+15,5.01176E+16
109037,109038,8,2,25,14,2016,1,19,2,3,5,2,2,1,0,0,0,1,0,1,5.2282E+20,5.48419E+21,9.31523E+15,4.95099E+16
109038,109039,6,4,12,0,2016,12,14,5,3,0,7,0,1,0,1,0,0,0,0,4.80897E+20,5.55231E+21,8.73277E+15,5.01228E+16
109039,109040,6,5,31,5,2016,12,12,6,2,3,6,0,0,1,0,0,0,0,1,4.76439E+20,5.60347E+21,8.66721E+15,5.05827E+16
109040,109041,8,1,18,48,2016,1,15,2,3,3,2,0,0,1,1,0,0,0,0,5.13739E+20,5.41571E+21,9.18745E+15,4.88941E+16
109041,109042,8,2,22,0,2016,1,11,3,2,5,3,0,1,0,1,0,0,0,1,4.64682E+20,5.48404E+21,8.51216E+15,4.95079E+16
109042,109043,8,2,22,0,2016,1,15,7,3,1,6,0,1,0,1,0,0,0,0,4.61324E+20,5.48302E+21,8.46587E+15,4.94986E+16
109043,109044,8,2,12,0,2016,1,22,6,2,0,7,2,0,1,0,0,0,0,0,4.57369E+20,5.4278E+21,8.41713E+15,4.90016E+16
109044,109045,8,1,28,7,2016,1,18,2,3,6,4,2,1,0,1,1,0,0,0,5.55733E+20,5.48232E+21,9.76957E+15,4.94909E+16
109045,109046,8,3,11,0,2016,1,15,3,2,1,1,0,0,0,1,0,0,0,0,4.11158E+20,5.31621E+21,7.80917E+15,4.79931E+16
109046,109047,8,4,21,0,2016,1,12,7,3,3,6,0,1,0,1,0,1,0,0,5.7273E+20,5.36057E+21,9.9825E+15,4.83941E+16
109047,109048,8,3,37,62,2016,1,16,6,2,8,1,0,1,0,1,0,0,0,0,4.53578E+20,5.27665E+21,8.38196E+15,4.76416E+16
109048,109049,6,6,35,3,2016,12,18,6,3,6,4,2,0,0,1,1,0,0,0,5.08712E+20,5.66289E+21,9.12448E+15,5.11174E+16
109049,109050,8,3,35,75,2016,1,16,1,3,5,3,0,0,0,1,0,1,0,0,4.88717E+20,5.28834E+21,8.84948E+15,4.77483E+16
109050,109051,8,3,11,0,2016,1,20,4,3,7,1,2,1,0,0,0,1,0,0,4.11794E+20,5.3168E+21,7.81757E+15,4.79984E+16
109051,109052,8,1,19,8,2016,1,18,3,3,6,2,2,1,0,1,1,0,0,0,5.3153E+20,5.42246E+21,9.43069E+15,4.89543E+16
109052,109053,8,1,28,7,2016,1,15,7,3,6,7,0,1,0,1,1,0,0,0,5.55907E+20,5.48273E+21,9.77204E+15,4.94946E+16
109053,109054,6,4,13,0,2016,12,14,7,3,2,6,0,0,0,1,0,0,0,0,4.85185E+20,5.54811E+21,8.79292E+15,5.00851E+16
109054,109055,6,5,31,6,2016,12,16,1,3,4,6,1,1,0,1,0,0,0,0,4.97217E+20,5.60397E+21,8.96069E+15,5.05877E+16
109055,109056,6,4,12,0,2016,12,11,5,3,5,2,0,0,1,1,0,0,0,0,4.74475E+20,5.55815E+21,8.64254E+15,5.0175E+16
109056,109057,6,4,12,0,2016,12,18,5,3,5,3,2,1,0,1,0,0,0,0,4.7394E+20,5.54977E+21,8.63562E+15,5.00996E+16
109057,109058,6,6,34,9,2016,12,9,1,3,8,1,0,1,0,1,0,0,0,0,5.26685E+20,5.65105E+21,9.38038E+15,5.10104E+16
109058,109059,6,4,32,8,2016,12,15,6,3,5,3,0,0,0,1,0,0,0,0,4.68421E+20,5.52343E+21,8.56061E+15,4.98625E+16
109059,109060,6,4,12,0,2016,12,8,5,3,6,7,0,1,0,1,1,0,0,0,4.70481E+20,5.55073E+21,8.58718E+15,5.01081E+16
109060,109061,6,6,35,11,2016,12,15,3,3,5,3,0,0,0,1,0,0,0,0,4.86947E+20,5.65628E+21,8.81375E+15,5.10579E+16
109061,109062,6,4,12,0,2016,12,11,5,3,2,6,0,0,0,1,0,0,0,0,4.757E+20,5.54992E+21,8.66022E+15,5.0101E+16
109062,109063,8,1,16,19,2016,1,22,4,2,6,7,2,0,0,1,1,0,0,0,5.21869E+20,5.39875E+21,9.29746E+15,4.87414E+16
109063,109064,6,5,31,5,2016,12,21,4,3,0,1,2,0,1,0,0,0,0,0,4.73465E+20,5.60024E+21,8.62542E+15,5.05535E+16
109064,109065,8,1,18,48,2016,1,15,7,3,5,3,0,1,1,1,0,0,0,0,5.16158E+20,5.4184E+21,9.22055E+15,4.89183E+16
109065,109066,6,4,11,0,2016,12,17,4,3,0,1,2,1,0,0,0,1,0,0,4.72652E+20,5.52396E+21,8.61945E+15,4.98674E+16
109066,109067,6,4,40,4,2016,12,4,7,3,9,1,2,1,0,1,0,0,0,0,5.07523E+20,5.57099E+21,9.1056E+15,5.0291E+16
109067,109068,8,1,15,28,2016,1,12,3,3,6,4,0,1,0,1,1,0,0,0,5.00853E+20,5.40483E+21,9.01162E+15,4.87964E+16
109068,109069,6,4,12,0,2016,12,16,6,3,5,3,1,0,1,1,0,0,0,0,4.73404E+20,5.55134E+21,8.62802E+15,5.01137E+16
109069,109070,6,4,34,8,2016,12,10,5,3,0,7,0,1,0,0,0,0,0,1,4.70475E+20,5.55887E+21,8.58646E+15,5.01813E+16
109070,109071,6,4,36,3,2016,12,6,2,3,5,3,2,0,0,1,0,0,0,0,4.68782E+20,5.55469E+21,8.5631E+15,5.01436E+16
109071,109072,6,4,38,6,2016,12,18,3,3,5,3,2,0,0,1,0,0,0,0,4.75481E+20,5.53792E+21,8.65793E+15,4.99931E+16
109072,109073,6,4,33,12,2016,12,12,5,3,5,2,0,0,0,1,0,0,0,0,4.60334E+20,5.53683E+21,8.44672E+15,4.99825E+16
109073,109074,6,4,38,11,2016,12,11,3,3,1,5,0,0,0,1,0,0,0,0,4.91929E+20,5.54101E+21,8.88734E+15,5.00213E+16
109074,109075,6,4,34,1,2016,12,13,5,3,5,3,0,0,0,1,0,0,0,0,4.73166E+20,5.56382E+21,8.6238E+15,5.02259E+16
109075,109076,8,4,25,72,2016,1,14,3,3,5,3,0,2,1,1,0,0,0,0,5.83164E+20,5.37178E+21,1.01257E+16,4.84936E+16
109076,109077,6,4,13,0,2016,12,12,3,3,0,3,0,0,1,0,0,0,0,1,4.85333E+20,5.54814E+21,8.79498E+15,5.00854E+16
109077,109078,6,4,38,2,2016,12,16,4,3,5,1,1,1,0,1,0,0,0,0,4.77959E+20,5.54015E+21,8.69237E+15,5.00132E+16
109078,109079,8,4,15,14,2016,1,17,2,3,1,5,2,1,0,1,0,0,0,0,5.26081E+20,5.37488E+21,9.35325E+15,4.85265E+16
109079,109080,6,4,34,1,2016,12,16,6,3,3,2,0,0,1,1,0,0,0,0,4.72929E+20,5.5636E+21,8.62051E+15,5.0224E+16
109080,109081,6,4,12,0,2016,12,13,2,3,2,7,0,0,1,1,0,0,0,0,4.69578E+20,5.5502E+21,8.5746E+15,5.01033E+16
109081,109082,8,2,11,0,2016,1,17,2,3,2,6,2,0,0,1,0,0,0,0,4.40812E+20,5.40365E+21,8.19427E+15,4.8783E+16
109082,109083,6,4,14,0,2016,12,20,4,3,0,7,2,0,0,0,0,0,0,1,4.43158E+20,5.54785E+21,8.20553E+15,5.00802E+16
109083,109084,8,3,15,6,2016,1,20,3,3,6,2,2,1,0,1,1,0,0,0,4.03039E+20,5.30776E+21,7.70227E+15,4.79159E+16
109084,109085,8,1,11,0,2016,1,17,7,3,1,7,2,1,0,1,0,0,0,0,5.16081E+20,5.40544E+21,9.21899E+15,4.88017E+16
109085,109086,6,4,12,0,2016,12,16,6,3,6,6,0,0,0,1,1,0,0,0,4.75562E+20,5.55245E+21,8.65813E+15,5.01238E+16
109086,109087,6,4,12,0,2016,12,15,2,3,6,6,0,0,0,1,1,0,0,0,4.7054E+20,5.54457E+21,8.58848E+15,5.00527E+16
109087,109088,6,4,32,8,2016,12,11,4,3,8,1,0,0,0,0,0,1,0,0,4.69269E+20,5.52257E+21,8.57249E+15,4.98547E+16
109088,109089,8,2,12,0,2016,1,14,2,3,6,7,0,1,0,1,1,0,0,0,4.58242E+20,5.42838E+21,8.42901E+15,4.90069E+16
109089,109090,6,4,31,20,2016,12,16,6,3,5,3,1,1,1,0,0,0,0,1,4.70374E+20,5.48791E+21,8.59048E+15,4.95431E+16
109090,109091,8,1,21,0,2016,1,7,2,3,5,3,2,1,0,1,0,0,0,0,5.15194E+20,5.44276E+21,9.2083E+15,4.91375E+16
109091,109092,8,2,31,0,2016,1,5,3,2,4,2,2,1,0,1,0,0,0,0,4.75977E+20,5.41488E+21,8.6723E+15,4.88864E+16
109092,109093,8,3,26,74,2016,1,21,7,3,5,3,2,1,0,1,0,0,0,0,4.65482E+20,5.32282E+21,8.53674E+15,4.80577E+16
109093,109094,8,3,15,39,2016,1,14,6,2,8,1,0,0,1,0,0,0,0,0,4.44264E+20,5.30845E+21,8.25388E+15,4.7927E+16
109094,109095,6,4,40,3,2016,12,16,2,3,5,3,2,0,1,1,0,0,0,0,4.8074E+20,5.55745E+21,8.73032E+15,5.01689E+16
109095,109096,6,4,34,8,2016,12,14,6,3,8,1,0,0,0,1,0,0,0,0,4.6872E+20,5.56191E+21,8.56164E+15,5.02085E+16
109096,109097,6,6,34,9,2016,12,13,5,3,5,3,0,1,0,1,0,0,0,0,5.29027E+20,5.65294E+21,9.41391E+15,5.10273E+16
109097,109098,6,4,34,1,2016,12,17,3,2,6,4,2,0,0,1,1,0,0,0,4.72563E+20,5.56426E+21,8.61532E+15,5.02299E+16
109098,109099,8,3,15,74,2016,1,16,1,3,3,6,0,0,1,0,0,0,0,1,3.96421E+20,5.29604E+21,7.61654E+15,4.78094E+16
109099,109100,8,3,11,0,2016,1,18,4,2,6,4,2,1,0,0,1,0,0,1,4.10952E+20,5.31664E+21,7.80632E+15,4.79968E+16
109100,109101,8,1,15,45,2016,1,15,2,3,2,6,0,0,0,1,0,0,0,0,4.99962E+20,5.39458E+21,8.99948E+15,4.87042E+16
109101,109102,8,4,16,41,2016,1,13,4,3,5,3,0,1,0,1,0,1,0,0,5.03326E+20,5.37466E+21,9.04505E+15,4.8525E+16
109102,109103,8,2,26,105,2016,1,17,3,2,5,3,2,1,0,1,0,0,0,0,4.71551E+20,5.47733E+21,8.60752E+15,4.94479E+16
109103,109104,8,2,11,0,2016,1,18,7,2,6,2,2,1,0,1,1,0,0,0,4.43987E+20,5.40116E+21,8.23782E+15,4.8761E+16
109104,109105,8,1,21,0,2016,1,7,6,3,1,1,0,0,0,1,0,0,0,0,5.16647E+20,5.44524E+21,9.22833E+15,4.91598E+16
109105,109106,6,4,12,0,2016,12,8,1,3,9,1,0,0,0,1,0,0,0,0,4.78001E+20,5.55295E+21,8.69221E+15,5.01284E+16
109106,109107,6,5,34,14,2016,12,22,6,2,0,1,2,1,1,0,0,0,0,0,4.81754E+20,5.62786E+21,8.74107E+15,5.08022E+16
109107,109108,6,4,12,0,2016,12,15,5,3,5,3,0,1,1,1,0,0,0,0,4.71669E+20,5.55185E+21,8.60371E+15,5.01183E+16
109108,109109,6,4,36,7,2016,12,17,3,3,6,4,2,0,1,0,1,0,0,0,4.60291E+20,5.54719E+21,8.44505E+15,5.00757E+16
109109,109110,6,6,35,11,2016,12,14,5,3,2,6,0,0,0,1,0,0,0,0,4.85244E+20,5.65609E+21,8.78945E+15,5.10562E+16
109110,109111,8,1,11,0,2016,1,15,4,3,0,4,0,1,0,0,1,0,0,1,5.13943E+20,5.40448E+21,9.18984E+15,4.87932E+16
109111,109112,6,4,35,14,2016,12,14,3,3,1,2,0,0,0,1,0,0,0,0,4.93908E+20,5.55558E+21,8.91472E+15,5.01524E+16
109112,109113,6,4,33,10,2016,12,7,4,3,2,6,1,0,0,1,0,0,0,0,4.59152E+20,5.5393E+21,8.42998E+15,5.00046E+16
109113,109114,6,4,32,8,2016,12,10,7,2,6,4,0,1,0,1,1,0,0,0,4.67936E+20,5.52417E+21,8.55381E+15,4.98691E+16
109114,109115,8,1,11,0,2016,1,19,3,2,0,7,2,1,1,0,0,0,0,1,5.11921E+20,5.40228E+21,9.16224E+15,4.87734E+16
109115,109116,6,6,35,3,2016,12,16,4,2,5,2,1,0,0,1,0,1,0,0,5.08192E+20,5.66306E+21,9.11705E+15,5.1119E+16
109116,109117,8,1,25,65,2016,1,23,7,3,5,3,2,1,0,1,0,0,0,0,5.1685E+20,5.44917E+21,9.23128E+15,4.91951E+16
109117,109118,6,4,14,0,2016,12,22,7,3,4,7,2,0,0,1,0,0,0,0,4.45972E+20,5.54791E+21,8.24486E+15,5.0081E+16
109118,109119,8,1,18,79,2016,1,20,3,3,5,3,2,1,0,1,0,0,0,1,5.09021E+20,5.4231E+21,9.12323E+15,4.89608E+16
109119,109120,6,6,33,26,2016,12,19,6,3,5,2,2,0,0,1,0,0,0,0,5.32486E+20,5.68903E+21,9.46649E+15,5.13516E+16
109120,109121,6,4,39,14,2016,12,7,5,3,9,7,2,2,0,0,0,0,1,0,4.33734E+20,5.55025E+21,8.07342E+15,5.01008E+16
109121,109122,6,4,35,2,2016,12,10,3,3,2,6,0,0,0,1,0,0,0,0,5.25966E+20,5.57078E+21,9.3645E+15,5.02886E+16
109122,109123,6,5,32,20,2016,12,18,5,3,8,1,2,2,0,1,0,0,0,0,4.5257E+20,5.60817E+21,8.32948E+15,5.06235E+16
109123,109124,8,4,15,93,2016,1,8,3,2,0,1,0,2,1,0,0,0,0,0,5.25126E+20,5.36652E+21,9.3398E+15,4.84513E+16
109124,109125,6,4,37,1,2016,12,11,3,2,6,4,0,0,0,1,1,0,0,0,5.00185E+20,5.51003E+21,9.00257E+15,4.97428E+16
109125,109126,6,4,33,12,2016,12,7,4,3,5,3,2,0,0,1,0,0,0,1,4.61047E+20,5.53492E+21,8.45687E+15,4.99654E+16
109126,109127,8,3,26,52,2016,1,10,2,2,6,4,0,1,0,1,1,0,0,0,4.50235E+20,5.3308E+21,8.3312E+15,4.81285E+16
109127,109128,6,4,35,29,2016,12,16,6,3,6,7,0,0,0,1,1,0,0,0,5.20845E+20,5.56734E+21,9.29242E+15,5.02578E+16
109128,109129,6,4,12,0,2016,12,18,2,3,5,3,2,0,1,1,0,0,0,0,4.75354E+20,5.56028E+21,8.65472E+15,5.01942E+16
109129,109130,8,1,28,139,2016,1,14,2,3,5,3,0,1,0,1,0,0,0,0,5.51172E+20,5.49046E+21,9.70765E+15,4.95646E+16
109130,109131,6,4,12,0,2016,12,10,4,3,1,5,0,0,1,1,0,0,0,0,4.77135E+20,5.55007E+21,8.68028E+15,5.01024E+16
109131,109132,8,3,11,0,2016,1,19,3,3,3,6,2,0,1,0,0,0,0,1,4.11968E+20,5.31591E+21,7.82009E+15,4.79904E+16
109132,109133,6,6,36,6,2016,12,9,6,3,5,2,0,1,0,1,0,0,0,0,5.50782E+20,5.67221E+21,9.72682E+15,5.1199E+16
109133,109134,6,4,40,2,2016,12,9,5,3,6,4,0,1,0,1,1,0,0,0,4.81563E+20,5.57929E+21,8.74077E+15,5.03654E+16
109134,109135,6,4,32,23,2016,12,14,2,3,5,3,0,0,1,1,0,0,0,0,4.69718E+20,5.52839E+21,8.57828E+15,4.99071E+16
109135,109136,6,4,40,12,2016,12,23,3,2,5,3,2,2,0,1,0,1,0,0,4.7967E+20,5.56581E+21,8.71488E+15,5.02441E+16
109136,109137,6,6,31,9,2016,12,14,5,3,5,3,0,0,0,1,0,0,0,0,5.45516E+20,5.5984E+21,9.64228E+15,5.05357E+16
109137,109138,8,3,35,43,2016,1,12,3,3,5,3,0,1,1,1,0,0,0,0,5.11409E+20,5.28008E+21,9.15199E+15,4.7674E+16
109138,109139,8,1,18,48,2016,1,16,7,3,3,7,0,1,0,1,0,0,0,0,5.13796E+20,5.41578E+21,9.18823E+15,4.88948E+16
109139,109140,6,4,34,7,2016,12,11,7,3,2,6,0,1,0,1,0,0,0,0,4.66078E+20,5.57272E+21,8.52364E+15,5.03056E+16
109140,109141,6,4,12,0,2016,12,18,2,3,6,7,2,0,0,1,1,0,0,0,4.79996E+20,5.55253E+21,8.72016E+15,5.01247E+16
109141,109142,6,4,33,10,2016,12,18,4,3,2,6,2,1,0,1,0,1,0,0,4.6301E+20,5.54249E+21,8.4835E+15,5.00336E+16
109142,109143,8,2,31,0,2016,1,14,2,3,4,7,0,0,0,1,0,0,0,0,4.77949E+20,5.41565E+21,8.69917E+15,4.88934E+16
109143,109144,6,5,34,8,2016,12,12,6,3,5,2,0,0,0,1,0,0,0,1,4.91732E+20,5.62343E+21,8.88278E+15,5.07626E+16
109144,109145,8,1,18,48,2016,1,13,2,3,5,4,0,0,0,1,1,0,0,0,5.12695E+20,5.41735E+21,9.17325E+15,4.8909E+16
109145,109146,8,2,26,105,2016,1,16,3,3,5,3,2,1,0,1,0,1,0,0,4.70546E+20,5.47811E+21,8.59359E+15,4.9455E+16
109146,109147,8,2,31,0,2016,1,14,7,3,0,7,0,1,0,0,0,0,0,1,4.78108E+20,5.41564E+21,8.70134E+15,4.88933E+16
109147,109148,8,2,21,0,2016,1,2,6,3,0,1,2,1,1,0,0,0,0,0,4.7389E+20,5.47218E+21,8.64013E+15,4.94017E+16
109148,109149,6,4,35,6,2016,12,5,1,3,1,1,2,0,0,1,0,0,0,0,4.94487E+20,5.55838E+21,8.9228E+15,5.01776E+16
109149,109150,6,5,32,11,2016,12,9,6,3,2,2,0,0,0,1,0,0,0,1,4.44735E+20,5.62145E+21,8.21673E+15,5.07422E+16
109150,109151,8,1,11,0,2016,1,10,5,3,2,6,0,1,0,1,0,0,0,0,5.13149E+20,5.40118E+21,9.17893E+15,4.87635E+16
109151,109152,8,1,11,0,2016,1,17,1,3,6,7,2,1,0,1,1,0,0,0,5.12424E+20,5.40833E+21,9.16928E+15,4.88279E+16
109152,109153,8,4,36,81,2016,1,21,6,3,5,3,2,0,1,1,0,0,0,0,5.61841E+20,5.28107E+21,9.82394E+15,4.768E+16
109153,109154,6,4,11,0,2016,12,20,6,3,5,3,2,0,0,1,0,0,0,0,4.73518E+20,5.52387E+21,8.6315E+15,4.98666E+16
109154,109155,6,5,34,11,2016,12,10,4,3,0,5,0,1,0,0,0,1,0,1,4.94554E+20,5.63077E+21,8.92268E+15,5.08286E+16
109155,109156,8,1,11,0,2016,1,5,2,3,5,3,2,1,0,1,0,0,0,0,5.11009E+20,5.40243E+21,9.14984E+15,4.87748E+16
109156,109157,8,3,15,6,2016,1,17,4,3,5,3,2,1,0,1,0,0,0,0,4.03549E+20,5.30741E+21,7.70918E+15,4.79127E+16
109157,109158,8,1,19,79,2016,1,0,3,3,4,2,2,1,0,1,0,0,0,0,5.2206E+20,5.40779E+21,9.30053E+15,4.88227E+16
109158,109159,8,1,35,31,2016,1,11,7,3,5,3,0,1,1,1,0,0,0,0,5.95793E+20,5.3788E+21,1.02982E+16,4.8555E+16
109159,109160,6,4,13,0,2016,12,22,7,3,0,7,2,0,1,1,0,0,0,0,4.82704E+20,5.55051E+21,8.75813E+15,5.01066E+16
109160,109161,6,4,34,12,2016,12,19,1,3,2,6,2,1,0,1,0,0,0,0,4.68505E+20,5.57381E+21,8.55763E+15,5.03156E+16
109161,109162,6,4,13,0,2016,12,17,5,2,5,2,1,0,0,1,0,1,0,0,4.8311E+20,5.54834E+21,8.7639E+15,5.00871E+16
109162,109163,6,4,12,0,2016,12,7,5,3,6,4,2,1,1,0,1,0,0,0,4.79248E+20,5.55185E+21,8.70973E+15,5.01186E+16
109163,109164,6,4,32,11,2016,12,14,3,3,5,3,0,0,0,1,0,0,0,0,4.87037E+20,5.52533E+21,8.81957E+15,4.98802E+16
109164,109165,6,4,38,5,2016,12,9,5,3,5,3,0,0,1,1,0,0,0,0,4.85185E+20,5.54511E+21,8.79303E+15,5.00581E+16
109165,109166,6,4,36,3,2016,12,17,5,3,5,2,2,1,0,1,0,0,0,0,4.69925E+20,5.55465E+21,8.5791E+15,5.01433E+16
109166,109167,6,4,33,14,2016,12,16,3,3,9,1,1,0,0,1,0,0,0,0,4.57479E+20,5.53038E+21,8.40761E+15,4.99243E+16
109167,109168,8,2,12,0,2016,1,18,1,3,2,6,2,1,0,1,0,0,0,0,4.59953E+20,5.42715E+21,8.45252E+15,4.8996E+16
109168,109169,8,1,16,33,2016,1,13,4,3,3,6,0,1,1,1,0,0,0,0,5.33363E+20,5.38772E+21,9.4529E+15,4.86416E+16
109169,109170,6,4,33,12,2016,12,17,4,3,5,3,2,0,0,1,0,0,0,0,4.5801E+20,5.5375E+21,8.41424E+15,4.99884E+16