FID,OBJECTID,ULAND,UREGBEZ,UKREIS,UGEMEINDE,UJAHR,UMONAT,USTUNDE,UWOCHENTAG,UKATEGORIE,UART,UTYP1,ULICHTVERH,IstStrasse,IstRad,IstPKW,IstFuss,IstKrad,IstGkfz,IstSonstig,LINREFX,LINREFY,XGCSWGS84,YGCSWGS84
109348,109349,8,3,16,56,2016,1,18,5,2,6,7,2,1,0,1,1,0,0,0,4.22233E+20,5.32702E+21,7.95563E+15,4.80917E+16
109349,109350,8,2,12,0,2016,1,17,5,2,0,7,2,1,1,0,0,0,0,0,4.56408E+20,5.42805E+21,8.40396E+15,4.90038E+16
109350,109351,8,1,16,33,2016,1,13,5,3,5,3,0,0,1,1,0,0,0,0,5.33251E+20,5.38825E+21,9.45142E+15,4.86464E+16
109351,109352,8,1,19,20,2016,1,19,4,2,3,2,2,1,1,1,0,0,0,0,5.20681E+20,5.40665E+21,9.2817E+15,4.88125E+16
109352,109353,8,2,12,0,2016,1,8,2,3,4,6,0,1,1,1,0,0,0,0,4.52034E+20,5.43081E+21,8.34384E+15,4.90283E+16
109353,109354,8,3,15,74,2016,1,11,3,3,6,4,0,0,0,1,1,0,0,0,3.97062E+20,5.29574E+21,7.62517E+15,4.78068E+16
109354,109355,8,4,16,41,2016,1,10,6,2,0,1,0,2,1,0,0,0,0,0,5.03462E+20,5.37681E+21,9.04691E+15,4.85444E+16
109355,109356,8,3,37,65,2016,1,20,5,2,6,4,2,1,0,1,1,0,0,0,4.48242E+20,5.27516E+21,8.31109E+15,4.76278E+16
109356,109357,8,2,12,0,2016,1,8,5,3,2,6,0,2,1,1,0,0,0,0,4.5637E+20,5.42806E+21,8.40345E+15,4.90039E+16
109357,109358,8,1,15,3,2016,1,19,6,3,5,3,2,1,0,1,0,0,0,0,5.0085E+20,5.39274E+21,9.01155E+15,4.86877E+16
109358,109359,8,3,36,91,2016,1,8,5,3,5,2,0,0,0,1,0,0,0,0,3.97789E+20,5.27187E+21,7.64047E+15,4.75921E+16
109359,109360,8,1,26,66,2016,1,8,5,3,0,1,0,2,1,0,0,0,0,0,5.36846E+20,5.44946E+21,9.50575E+15,4.91969E+16
109360,109361,8,4,37,31,2016,1,23,4,3,8,1,2,2,0,1,0,0,0,0,5.15112E+20,5.34585E+21,9.20364E+15,4.82657E+16
109361,109362,8,1,11,0,2016,1,17,4,2,6,4,2,1,0,0,1,0,0,1,5.09011E+20,5.40686E+21,9.12274E+15,4.88146E+16
109362,109363,8,1,36,65,2016,1,17,2,2,6,4,2,0,0,1,1,0,0,0,5.58752E+20,5.40564E+21,9.80007E+15,4.88009E+16
109363,109364,8,2,31,0,2016,1,20,3,3,5,3,2,1,0,1,0,0,0,0,4.78696E+20,5.41615E+21,8.70933E+15,4.8898E+16
109364,109365,8,3,26,74,2016,1,17,6,3,5,3,2,1,0,1,0,0,0,0,4.64043E+20,5.32233E+21,8.51748E+15,4.80532E+16
109365,109366,8,3,35,63,2016,1,7,5,3,5,3,2,0,1,1,0,0,0,0,4.98135E+20,5.28789E+21,8.97512E+15,4.77444E+16
109366,109367,8,1,18,48,2016,1,12,3,2,5,3,0,0,1,1,0,0,0,0,5.14514E+20,5.41561E+21,9.19801E+15,4.88933E+16
109367,109368,8,4,36,82,2016,1,10,5,3,2,6,0,0,0,1,0,0,0,0,5.46643E+20,5.29423E+21,9.62287E+15,4.77998E+16
109368,109369,8,2,31,0,2016,1,8,2,3,6,4,1,1,0,1,1,0,0,0,4.76158E+20,5.41544E+21,8.67474E+15,4.88914E+16
109369,109370,8,1,35,19,2016,1,8,5,3,2,6,0,1,0,1,0,0,0,0,5.84209E+20,5.39239E+21,1.0144E+16,4.86789E+16
109370,109371,8,1,11,0,2016,1,15,2,3,6,3,0,1,0,1,1,0,0,0,5.16343E+20,5.40533E+21,9.22255E+15,4.88007E+16
109371,109372,8,2,26,32,2016,1,1,1,3,2,6,2,1,0,1,0,0,0,0,4.66403E+20,5.4632E+21,8.53769E+15,4.93206E+16
109372,109373,8,3,11,0,2016,1,18,2,3,1,5,2,1,1,1,0,0,0,0,4.13666E+20,5.31639E+21,7.84275E+15,4.7995E+16
109373,109374,8,3,16,11,2016,1,18,4,2,6,3,2,1,0,1,1,0,0,0,4.14313E+20,5.33E+21,7.84869E+15,4.81174E+16
109374,109375,8,1,18,48,2016,1,9,2,3,9,1,0,1,0,1,0,0,0,0,5.11934E+20,5.41691E+21,9.16286E+15,4.8905E+16
109375,109376,8,1,11,0,2016,1,7,2,2,6,4,1,1,0,1,1,0,0,0,5.11264E+20,5.40876E+21,9.15349E+15,4.88318E+16
109376,109377,8,2,31,0,2016,1,21,7,3,1,6,2,0,0,1,0,0,0,0,4.76689E+20,5.41547E+21,8.68198E+15,4.88918E+16
109377,109378,8,2,37,40,2016,1,23,6,3,1,7,2,1,0,1,1,0,0,0,4.7424E+20,5.3652E+21,8.6517E+15,4.84394E+16
109378,109379,8,3,35,43,2016,1,0,5,2,0,1,2,1,1,0,0,0,0,0,5.11421E+20,5.28116E+21,9.15218E+15,4.76837E+16
109379,109380,8,1,11,0,2016,1,17,3,3,2,6,2,1,0,1,0,0,0,1,5.08668E+20,5.39722E+21,9.11787E+15,4.87279E+16
109380,109381,8,1,16,33,2016,1,6,6,3,5,3,2,1,1,0,0,0,0,1,5.34213E+20,5.38725E+21,9.4644E+15,4.86374E+16
109381,109382,8,2,25,58,2016,1,22,2,3,8,1,2,1,1,0,0,0,0,0,5.10756E+20,5.46623E+21,9.14809E+15,4.93487E+16
109382,109383,8,1,21,0,2016,1,18,5,2,5,3,2,1,1,1,0,0,0,0,5.14265E+20,5.44112E+21,9.19551E+15,4.91227E+16
109383,109384,8,1,18,48,2016,1,0,1,2,5,3,2,1,0,1,0,0,0,0,5.13746E+20,5.41571E+21,9.18753E+15,4.88941E+16
109384,109385,8,4,35,16,2016,1,18,6,3,6,4,2,1,0,1,1,0,0,0,5.3E+20,5.28227E+21,9.39981E+15,4.76931E+16
109385,109386,8,1,16,78,2016,1,11,6,2,0,2,0,1,1,0,0,0,0,0,5.12026E+20,5.39327E+21,9.16341E+15,4.86923E+16
109386,109387,8,3,17,152,2016,1,10,5,3,5,3,0,0,0,1,0,0,0,0,4.0843E+20,5.34844E+21,7.76569E+15,4.82825E+16
109387,109388,8,3,11,0,2016,1,13,2,3,4,2,0,1,1,0,0,0,0,1,4.13616E+20,5.31628E+21,7.8421E+15,4.7994E+16
109388,109389,8,2,15,7,2016,1,12,5,3,1,7,0,0,0,1,0,0,0,0,4.79467E+20,5.43183E+21,8.71905E+15,4.9039E+16
109389,109390,8,2,12,0,2016,1,11,7,2,0,7,0,0,1,0,1,0,0,0,4.5642E+20,5.4284E+21,8.40409E+15,4.9007E+16
109390,109391,8,1,36,65,2016,1,23,6,3,9,1,2,1,0,1,0,0,0,0,5.59025E+20,5.40566E+21,9.80379E+15,4.88012E+16
109391,109392,8,1,16,19,2016,1,15,6,3,4,6,0,0,0,1,0,0,0,0,5.19787E+20,5.39885E+21,9.26914E+15,4.87424E+16
109392,109393,8,3,35,43,2016,1,14,5,3,6,2,0,1,0,1,1,0,0,0,5.12296E+20,5.28066E+21,9.16383E+15,4.76792E+16
109393,109394,8,3,35,63,2016,1,8,2,3,6,6,0,0,0,0,1,0,0,1,4.96835E+20,5.28844E+21,8.95778E+15,4.77493E+16
109394,109395,8,2,22,0,2016,1,18,5,2,5,3,2,1,0,1,0,1,0,0,4.61257E+20,5.48195E+21,8.46505E+15,4.9489E+16
109395,109396,8,2,31,0,2016,1,6,4,3,3,6,2,1,0,1,0,0,0,0,4.77516E+20,5.41569E+21,8.69326E+15,4.88937E+16
109396,109397,8,3,36,91,2016,1,15,3,3,4,6,0,1,1,1,0,0,0,0,3.95434E+20,5.2744E+21,7.60855E+15,4.76145E+16
109397,109398,8,2,22,0,2016,1,8,2,3,1,6,0,1,0,1,0,0,0,0,4.66049E+20,5.48092E+21,8.53131E+15,4.948E+16
109398,109399,8,1,21,0,2016,1,17,5,2,6,4,2,1,0,1,1,0,0,0,5.15582E+20,5.44306E+21,9.21364E+15,4.91401E+16
109399,109400,8,4,35,34,2016,1,12,7,3,0,7,0,1,1,0,0,0,0,0,5.28694E+20,5.28478E+21,9.38256E+15,4.77158E+16
109400,109401,8,4,21,0,2016,1,8,6,2,0,1,0,2,1,0,0,0,0,0,5.69774E+20,5.35652E+21,9.9419E+15,4.8358E+16
109401,109402,8,3,11,0,2016,1,13,5,3,0,1,0,0,1,0,0,0,0,0,4.13904E+20,5.31715E+21,7.84578E+15,4.80019E+16
109402,109403,8,2,12,0,2016,1,15,5,3,5,3,0,1,0,1,0,1,0,0,4.60778E+20,5.42765E+21,8.46376E+15,4.90005E+16
109403,109404,8,1,11,0,2016,1,17,5,3,2,6,2,0,0,1,0,0,0,0,5.11747E+20,5.40041E+21,9.15983E+15,4.87566E+16
109404,109405,8,1,18,48,2016,1,5,4,2,6,2,2,1,0,1,1,0,0,0,5.14773E+20,5.41536E+21,9.20154E+15,4.8891E+16
109405,109406,8,2,12,0,2016,1,7,2,3,5,3,1,1,1,1,0,0,0,0,4.55736E+20,5.43098E+21,8.39446E+15,4.90301E+16
109406,109407,8,3,11,0,2016,1,7,3,3,6,4,2,1,0,0,1,0,0,1,4.11302E+20,5.31957E+21,7.81041E+15,4.80232E+16
109407,109408,8,1,18,54,2016,1,10,5,2,5,3,0,0,0,1,0,0,0,1,5.17894E+20,5.42263E+21,9.24443E+15,4.89563E+16
109408,109409,8,2,21,0,2016,1,12,4,3,2,6,0,1,0,1,0,0,0,0,4.76807E+20,5.47219E+21,8.68033E+15,4.94019E+16
109409,109410,8,3,17,89,2016,1,7,3,3,0,7,2,0,0,1,0,0,0,1,4.31775E+20,5.37579E+21,8.07586E+15,4.85315E+16
109410,109411,8,1,25,74,2016,1,18,5,3,2,6,2,1,0,1,0,0,0,0,5.09249E+20,5.43975E+21,9.12673E+15,4.91105E+16
109411,109412,8,2,12,0,2016,1,18,5,3,2,7,2,1,0,1,0,0,0,0,4.54985E+20,5.42882E+21,8.38442E+15,4.90106E+16
109412,109413,8,1,25,102,2016,1,18,5,2,6,4,2,1,0,1,1,0,0,0,5.21019E+20,5.44424E+21,9.28825E+15,4.91506E+16
109413,109414,8,4,21,0,2016,1,7,4,3,2,6,0,1,0,1,0,0,0,0,5.71388E+20,5.36079E+21,9.96442E+15,4.83962E+16
109414,109415,8,1,11,0,2016,1,9,4,3,0,3,0,1,1,1,0,0,0,0,5.13309E+20,5.40231E+21,9.18114E+15,4.87736E+16
109415,109416,8,1,27,14,2016,1,15,2,2,6,4,0,1,0,1,1,0,0,0,5.76988E+20,5.44415E+21,1.00557E+16,4.91454E+16
109416,109417,8,2,25,116,2016,1,16,3,3,6,7,1,0,0,1,1,0,0,0,4.98359E+20,5.46918E+21,8.9774E+15,4.93753E+16
109417,109418,8,3,16,11,2016,1,18,6,2,5,3,2,1,0,1,0,0,0,0,4.15538E+20,5.32887E+21,7.86536E+15,4.81075E+16
109418,109419,8,3,17,96,2016,1,14,5,3,2,6,0,1,0,1,0,0,0,0,4.22221E+20,5.36911E+21,7.94772E+15,4.84703E+16
109419,109420,8,1,16,49,2016,1,15,3,3,2,6,0,0,0,1,0,0,0,0,5.25286E+20,5.38546E+21,9.34312E+15,4.86217E+16
109420,109421,8,3,35,75,2016,1,18,6,3,2,6,2,1,0,1,0,0,0,0,4.88913E+20,5.2889E+21,8.85207E+15,4.77533E+16
109421,109422,8,3,11,0,2016,1,18,5,3,5,3,2,1,1,1,0,0,0,0,4.12804E+20,5.31675E+21,7.83112E+15,4.79981E+16
109422,109423,8,2,26,9,2016,1,6,5,3,0,1,2,2,0,0,0,1,0,0,4.66508E+20,5.47148E+21,8.53844E+15,4.93951E+16
109423,109424,8,1,11,0,2016,1,7,6,3,0,1,0,2,0,0,0,1,0,0,5.19934E+20,5.40358E+21,9.27138E+15,4.87849E+16
109424,109425,8,3,11,0,2016,1,8,2,3,5,3,0,1,0,1,0,1,0,0,4.10213E+20,5.31474E+21,7.79681E+15,4.79797E+16
109425,109426,8,2,12,0,2016,1,5,4,2,5,3,2,1,1,1,0,0,0,0,4.54021E+20,5.42845E+21,8.37129E+15,4.90072E+16
109426,109427,8,1,16,78,2016,1,8,2,3,2,6,0,1,0,1,0,0,0,0,5.10407E+20,5.39441E+21,9.14144E+15,4.87026E+16
109427,109428,8,3,36,91,2016,1,9,1,2,5,3,0,1,1,1,0,0,0,0,3.96563E+20,5.2725E+21,7.62401E+15,4.75977E+16
109428,109429,8,2,22,0,2016,1,11,7,3,5,3,0,0,1,1,0,0,0,0,4.62091E+20,5.481E+21,8.47665E+15,4.94805E+16
109429,109430,8,2,22,0,2016,1,16,6,3,5,3,0,0,1,1,0,0,0,0,4.6338E+20,5.47753E+21,8.49477E+15,4.94493E+16
109430,109431,8,3,11,0,2016,1,17,5,3,6,7,1,1,0,1,1,0,0,0,4.12346E+20,5.3145E+21,7.82544E+15,4.79778E+16
109431,109432,8,4,36,55,2016,1,18,2,3,4,2,2,1,0,1,0,0,0,0,5.76311E+20,5.29795E+21,1.00197E+16,4.78303E+16
109432,109433,8,2,22,0,2016,1,8,2,3,5,3,0,1,0,1,0,1,0,0,4.61489E+20,5.48286E+21,8.46817E+15,4.94972E+16
109433,109434,8,1,21,0,2016,1,9,5,3,6,4,0,0,0,0,1,0,0,1,5.16432E+20,5.44293E+21,9.22529E+15,4.9139E+16
109434,109435,8,2,26,106,2016,1,23,2,3,8,1,2,1,0,1,0,0,0,0,4.98258E+20,5.46244E+21,8.97604E+15,4.93147E+16
109435,109436,8,1,18,48,2016,1,9,5,3,0,1,0,2,1,0,0,0,0,0,5.14115E+20,5.41462E+21,9.19254E+15,4.88844E+16
109436,109437,8,1,11,0,2016,1,10,2,3,5,3,0,0,0,1,0,0,0,1,5.14274E+20,5.40494E+21,9.19436E+15,4.87973E+16
109437,109438,8,2,22,0,2016,1,8,1,3,5,3,0,1,0,1,0,0,0,0,4.61971E+20,5.48101E+21,8.47499E+15,4.94806E+16
109438,109439,8,1,17,19,2016,1,17,7,3,6,2,2,1,0,1,1,0,0,0,5.52165E+20,5.39495E+21,9.70903E+15,4.87054E+16
109439,109440,8,1,16,15,2016,1,7,6,3,4,6,0,2,0,1,0,0,0,0,5.23057E+20,5.39331E+21,9.31331E+15,4.86924E+16
109440,109441,8,3,11,0,2016,1,16,5,3,5,2,0,0,1,1,0,0,0,0,4.12489E+20,5.31514E+21,7.82722E+15,4.79836E+16
109441,109442,8,3,16,11,2016,1,20,2,3,5,3,2,1,1,1,0,0,0,0,4.14623E+20,5.33013E+21,7.85282E+15,4.81187E+16
109442,109443,8,2,21,0,2016,1,7,5,3,5,5,2,0,1,1,0,0,0,0,4.76401E+20,5.46968E+21,8.67488E+15,4.93794E+16
109443,109444,8,2,26,82,2016,1,21,4,3,9,1,2,1,0,1,0,0,0,0,4.76614E+20,5.48049E+21,8.67718E+15,4.94766E+16
109444,109445,8,3,26,27,2016,1,8,3,3,6,2,1,1,0,1,1,0,0,0,4.62257E+20,5.30898E+21,8.49468E+15,4.7933E+16
109445,109446,8,1,17,60,2016,1,20,5,3,5,3,2,1,0,1,0,0,0,0,5.425E+20,5.38891E+21,9.57705E+15,4.86518E+16
109446,109447,8,3,11,0,2016,1,5,7,3,0,1,2,1,1,0,0,0,0,0,4.12833E+20,5.31535E+21,7.83179E+15,4.79855E+16
109447,109448,8,4,25,71,2016,1,20,6,3,5,3,2,1,0,1,0,0,0,0,5.51294E+20,5.37127E+21,9.69427E+15,4.84925E+16
109448,109449,8,3,11,0,2016,1,16,5,3,0,7,0,0,1,1,0,0,0,0,4.13653E+20,5.31711E+21,7.84242E+15,4.80015E+16
109449,109450,8,4,15,61,2016,1,17,1,2,6,4,2,1,1,0,1,0,0,0,5.14791E+20,5.37229E+21,9.20024E+15,4.85035E+16
109450,109451,8,4,35,57,2016,1,14,6,3,3,6,0,0,1,0,0,0,0,1,5.44072E+20,5.28077E+21,9.58717E+15,4.76788E+16
109451,109452,8,3,17,96,2016,1,13,5,2,6,2,0,0,0,1,1,0,0,0,4.23177E+20,5.3688E+21,7.9607E+15,4.84677E+16
109452,109453,8,2,12,0,2016,1,9,5,3,5,3,0,1,1,1,0,0,0,0,4.51769E+20,5.42807E+21,8.34054E+15,4.90036E+16
109453,109454,8,1,18,79,2016,1,5,5,3,2,6,2,1,0,1,0,1,0,0,5.07531E+20,5.42118E+21,9.10285E+15,4.89435E+16
109454,109455,8,2,12,0,2016,1,18,4,3,1,7,2,0,0,1,0,0,0,0,4.58895E+20,5.43155E+21,8.43761E+15,4.90355E+16
109455,109456,8,3,17,65,2016,1,6,3,1,6,4,2,1,0,1,1,0,0,0,4.14203E+20,5.35506E+21,7.84214E+15,4.83429E+16
109456,109457,8,4,17,16,2016,1,9,6,3,1,1,0,2,0,1,0,0,0,1,4.84669E+20,5.34205E+21,8.79355E+15,4.82315E+16
109457,109458,8,2,12,0,2016,1,11,5,3,5,3,0,1,1,1,0,0,0,0,4.56357E+20,5.42464E+21,8.40363E+15,4.89731E+16
109458,109459,8,1,15,3,2016,1,17,6,3,0,3,2,1,0,1,0,0,0,1,5.00496E+20,5.39281E+21,9.00674E+15,4.86884E+16
109459,109460,8,1,21,0,2016,1,18,5,3,2,6,2,1,0,1,0,0,0,0,5.1482E+20,5.44339E+21,9.2032E+15,4.91432E+16
109460,109461,8,3,36,50,2016,1,12,2,2,5,3,0,1,1,1,0,0,0,0,3.99248E+20,5.27347E+21,7.65949E+15,4.76068E+16
109461,109462,8,3,27,50,2016,1,8,4,2,5,3,0,1,1,0,0,0,0,1,4.86551E+20,5.31515E+21,8.81974E+15,4.79895E+16
109462,109463,8,4,21,0,2016,1,8,3,2,6,4,1,1,0,1,1,0,0,0,5.72453E+20,5.36054E+21,9.97876E+15,4.83939E+16
109463,109464,8,1,19,79,2016,1,9,2,3,6,4,0,0,0,1,1,0,0,0,5.22746E+20,5.40865E+21,9.30994E+15,4.88304E+16
109464,109465,8,2,25,74,2016,1,20,3,2,8,1,2,1,0,1,0,0,0,0,5.05241E+20,5.46508E+21,9.07214E+15,4.93384E+16
109465,109466,8,1,35,16,2016,1,11,5,2,0,1,0,2,1,0,0,0,0,0,5.9195E+20,5.38573E+21,1.02476E+16,4.86179E+16
109466,109467,8,1,11,0,2016,1,7,5,3,2,6,1,0,0,1,0,0,0,0,5.15344E+20,5.40605E+21,9.20897E+15,4.88073E+16
109467,109468,8,1,15,3,2016,1,7,4,3,2,7,1,1,0,1,0,0,0,1,5.00319E+20,5.39229E+21,9.00433E+15,4.86836E+16
109468,109469,8,1,36,88,2016,1,18,2,3,6,4,2,1,0,1,1,0,0,0,5.78161E+20,5.40928E+21,1.0065E+16,4.88316E+16
109469,109470,8,3,36,45,2016,1,8,3,3,6,7,0,1,0,1,1,0,0,0,3.99306E+20,5.28562E+21,7.65747E+15,4.77161E+16
109470,109471,8,3,27,49,2016,1,17,6,2,6,4,2,1,0,1,1,0,0,0,4.72426E+20,5.32442E+21,8.62983E+15,4.80725E+16
109471,109472,8,2,12,0,2016,1,12,5,3,0,7,0,1,0,0,1,0,0,1,4.55693E+20,5.42875E+21,8.39412E+15,4.901E+16
109472,109473,8,1,19,79,2016,1,7,3,3,5,3,0,1,0,1,0,0,0,0,5.22833E+20,5.40732E+21,9.31104E+15,4.88184E+16
109473,109474,8,4,37,76,2016,1,17,5,3,5,3,2,1,0,1,0,0,1,0,5.25623E+20,5.32223E+21,9.34385E+15,4.80528E+16
109474,109475,8,2,31,0,2016,1,7,2,3,6,4,2,1,0,1,1,0,0,0,4.77031E+20,5.41553E+21,8.68665E+15,4.88923E+16
109475,109476,8,1,16,19,2016,1,16,5,3,5,3,1,1,1,1,0,0,0,0,5.21696E+20,5.39809E+21,9.29507E+15,4.87354E+16
109476,109477,8,1,11,0,2016,1,18,2,3,5,2,2,0,1,1,0,0,0,0,5.17522E+20,5.40911E+21,9.23877E+15,4.88347E+16
109477,109478,8,2,26,41,2016,1,13,1,3,5,3,0,1,1,1,0,0,0,0,4.76687E+20,5.46582E+21,8.67904E+15,4.93447E+16
109478,109479,8,2,15,17,2016,1,10,7,3,0,3,0,0,1,1,0,0,0,0,4.55517E+20,5.42147E+21,8.39251E+15,4.89445E+16
109479,109480,8,2,15,97,2016,1,12,6,3,0,3,0,1,0,1,0,1,0,0,4.81275E+20,5.43924E+21,8.74346E+15,4.91057E+16
109480,109481,8,1,19,8,2016,1,17,2,2,6,4,1,1,0,1,1,0,0,0,5.31639E+20,5.42144E+21,9.43209E+15,4.89451E+16
109481,109482,8,3,25,1,2016,1,17,6,2,9,1,2,2,0,1,0,0,0,0,4.54953E+20,5.34572E+21,8.39302E+15,4.82631E+16
109482,109483,8,2,26,96,2016,1,14,7,3,4,1,0,1,0,1,0,1,0,0,4.76439E+20,5.48837E+21,8.6743E+15,4.95475E+16
109483,109484,8,3,17,57,2016,1,7,4,3,5,3,0,0,0,1,0,0,0,0,4.12633E+20,5.38038E+21,7.81567E+15,4.85705E+16
109484,109485,8,1,35,19,2016,1,16,1,2,4,6,0,2,0,1,0,0,0,0,5.84568E+20,5.3943E+21,1.01492E+16,4.8696E+16
109485,109486,8,1,36,19,2016,1,15,6,3,4,1,0,2,0,1,0,0,0,0,5.82304E+20,5.42637E+21,1.01249E+16,4.89847E+16
109486,109487,8,1,11,0,2016,1,22,3,3,5,3,2,1,0,1,0,1,0,0,5.07639E+20,5.39891E+21,9.10391E+15,4.87431E+16
109487,109488,8,2,22,0,2016,1,15,2,3,5,3,0,0,1,1,0,0,0,0,4.679E+20,5.48442E+21,8.55657E+15,4.95115E+16
109488,109489,8,1,15,45,2016,1,18,2,2,6,2,2,1,0,1,1,0,0,0,5.00976E+20,5.3946E+21,9.01327E+15,4.87044E+16
109489,109490,8,1,17,26,2016,1,7,2,3,0,7,1,0,0,1,0,0,0,0,5.46809E+20,5.39464E+21,9.6362E+15,4.8703E+16
109490,109491,8,2,15,64,2016,1,12,4,3,1,5,0,0,0,1,0,0,0,0,4.7878E+20,5.45185E+21,8.7086E+15,4.92191E+16
109491,109492,8,4,36,64,2016,1,5,7,3,8,1,2,2,0,1,0,0,0,0,5.45609E+20,5.29204E+21,9.60884E+15,4.77801E+16
109492,109493,8,1,36,65,2016,1,9,7,3,0,1,0,2,1,0,0,0,0,0,5.59238E+20,5.40568E+21,9.8067E+15,4.88013E+16
109493,109494,8,1,35,16,2016,1,19,6,3,2,6,2,0,0,1,0,0,0,0,5.91628E+20,5.38595E+21,1.02433E+16,4.86199E+16
109494,109495,8,2,26,98,2016,1,16,5,3,5,2,0,0,1,1,0,0,0,0,4.7776E+20,5.46041E+21,8.69412E+15,4.9296E+16
109495,109496,8,3,11,0,2016,1,11,2,2,6,2,0,0,0,1,1,0,0,0,4.11208E+20,5.31829E+21,7.80941E+15,4.80117E+16
109496,109497,8,3,11,0,2016,1,15,4,3,5,3,0,0,0,1,0,0,0,0,4.14435E+20,5.31545E+21,7.85324E+15,4.79866E+16
109497,109498,8,1,35,19,2016,1,16,6,2,6,4,1,2,0,1,1,0,0,0,5.84824E+20,5.39179E+21,1.01522E+16,4.86734E+16
109498,109499,8,3,35,43,2016,1,8,2,3,2,6,0,1,0,1,0,0,0,0,5.14103E+20,5.28006E+21,9.18787E+15,4.76738E+16
109499,109500,8,2,12,0,2016,1,18,2,2,2,2,2,0,0,1,0,1,0,0,4.56881E+20,5.42797E+21,8.41045E+15,4.90031E+16
109500,109501,8,1,11,0,2016,1,9,2,3,0,4,0,0,0,0,1,0,0,1,5.16001E+20,5.4038E+21,9.21784E+15,4.8787E+16
109501,109502,8,3,11,0,2016,1,3,7,2,5,3,2,1,1,1,0,0,0,0,4.14471E+20,5.31842E+21,7.85312E+15,4.80134E+16
109502,109503,8,1,11,0,2016,1,5,7,3,0,7,2,2,0,1,0,0,0,0,5.18834E+20,5.40204E+21,9.25632E+15,4.87711E+16
109503,109504,8,1,21,0,2016,1,7,6,3,6,2,0,0,0,1,1,0,0,0,5.16559E+20,5.44459E+21,9.22709E+15,4.91539E+16
109504,109505,8,1,21,0,2016,1,9,4,3,5,3,0,0,0,1,0,0,1,0,5.1224E+20,5.44793E+21,9.16796E+15,4.9184E+16
109505,109506,8,1,21,0,2016,1,8,5,3,2,6,0,0,0,1,0,0,0,0,5.15358E+20,5.44099E+21,9.21049E+15,4.91216E+16
109506,109507,8,2,22,0,2016,1,12,2,3,6,4,0,0,1,0,1,0,0,0,4.61202E+20,5.482E+21,8.46428E+15,4.94894E+16
109507,109508,8,3,25,69,2016,1,17,6,3,5,3,1,2,0,1,0,0,0,0,4.68558E+20,5.33545E+21,8.57709E+15,4.81715E+16
109508,109509,8,2,21,0,2016,1,16,7,3,5,2,1,1,0,1,0,0,0,0,4.75069E+20,5.47143E+21,8.65642E+15,4.9395E+16
109509,109510,8,1,25,26,2016,1,13,2,2,1,5,0,0,0,1,0,0,1,0,4.90261E+20,5.44243E+21,8.86649E+15,4.91346E+16
109510,109511,8,4,37,100,2016,1,1,1,3,9,1,2,2,0,1,0,0,0,0,5.37693E+20,5.31924E+21,9.50555E+15,4.80253E+16
109511,109512,8,2,22,0,2016,1,7,7,2,9,1,0,2,0,0,0,0,0,1,4.68032E+20,5.4761E+21,8.55907E+15,4.94367E+16
109512,109513,8,4,15,61,2016,1,23,6,3,6,4,2,0,0,1,1,0,0,0,5.14819E+20,5.36999E+21,9.20053E+15,4.84829E+16
109513,109514,8,3,17,65,2016,1,12,5,3,9,1,0,0,1,0,0,0,0,0,4.13993E+20,5.35503E+21,7.8393E+15,4.83426E+16
109514,109515,8,1,11,0,2016,1,10,4,3,5,3,0,2,0,1,0,0,0,0,5.1407E+20,5.39997E+21,9.19142E+15,4.87525E+16
109515,109516,8,1,11,0,2016,1,12,5,3,5,2,0,0,1,1,0,0,0,0,5.11939E+20,5.40297E+21,9.16251E+15,4.87796E+16
109516,109517,8,1,25,5,2016,1,16,2,3,5,3,0,1,0,1,0,0,0,0,5.16444E+20,5.45721E+21,9.22603E+15,4.92674E+16
109517,109518,8,3,17,21,2016,1,1,6,3,6,4,2,1,0,1,1,0,0,0,4.27338E+20,5.3717E+21,8.01648E+15,4.84942E+16
109518,109519,8,2,21,0,2016,1,4,7,3,3,6,2,0,1,1,0,0,0,0,4.75097E+20,5.47346E+21,8.65668E+15,4.94133E+16
109519,109520,8,3,35,43,2016,1,12,4,3,5,3,0,1,0,1,0,0,0,0,5.1314E+20,5.2793E+21,9.17503E+15,4.76669E+16
109520,109521,8,1,25,65,2016,1,11,1,2,6,4,0,1,0,1,1,0,0,0,5.17851E+20,5.44974E+21,9.24504E+15,4.92002E+16
109521,109522,8,2,22,0,2016,1,17,1,3,5,3,2,0,0,1,0,0,0,0,4.67358E+20,5.482E+21,8.54929E+15,4.94898E+16
109522,109523,8,1,19,8,2016,1,16,1,3,1,1,2,2,0,1,0,0,0,0,5.32106E+20,5.42249E+21,9.43856E+15,4.89545E+16
109523,109524,8,3,11,0,2016,1,11,6,2,4,2,0,0,1,1,0,0,0,0,4.12145E+20,5.31877E+21,7.82187E+15,4.80162E+16
109524,109525,8,4,26,21,2016,1,7,3,3,2,6,0,0,0,1,0,0,0,0,5.59027E+20,5.32764E+21,9.79281E+15,4.80993E+16
109525,109526,8,3,11,0,2016,1,16,2,3,1,7,0,0,1,1,0,0,0,0,4.13501E+20,5.31672E+21,7.84046E+15,4.7998E+16
109526,109527,8,1,18,48,2016,1,14,2,3,1,6,0,0,0,1,0,0,0,0,5.13119E+20,5.41625E+21,9.179E+15,4.8899E+16