FID,OBJECTID,ULAND,UREGBEZ,UKREIS,UGEMEINDE,UJAHR,UMONAT,USTUNDE,UWOCHENTAG,UKATEGORIE,UART,UTYP1,ULICHTVERH,IstStrasse,IstRad,IstPKW,IstFuss,IstKrad,IstGkfz,IstSonstig,LINREFX,LINREFY,XGCSWGS84,YGCSWGS84
109705,109706,8,3,17,57,2016,1,11,2,3,5,3,0,0,0,1,0,0,0,0,4.12628E+20,5.38038E+21,7.8156E+15,4.85704E+16
109706,109707,8,1,35,32,2016,1,7,2,3,9,1,2,2,0,1,0,0,0,0,5.73028E+20,5.39079E+21,9.99182E+15,4.86659E+16
109707,109708,8,1,11,0,2016,1,15,2,3,2,6,0,1,0,1,0,0,0,0,5.09057E+20,5.40684E+21,9.12337E+15,4.88145E+16
109708,109709,8,3,36,105,2016,1,10,2,3,5,3,0,0,0,1,0,0,0,0,4.00512E+20,5.26672E+21,7.67784E+15,4.75463E+16
109709,109710,8,2,16,43,2016,1,5,2,3,5,3,2,0,1,1,0,0,0,0,4.40772E+20,5.41397E+21,8.19224E+15,4.88759E+16
109710,109711,8,1,16,35,2016,1,18,2,3,2,6,2,1,0,1,0,1,0,0,5.2725E+20,5.39222E+21,9.37022E+15,4.86825E+16
109711,109712,8,3,17,65,2016,1,19,7,2,4,6,2,1,0,1,0,0,0,1,4.14893E+20,5.35465E+21,7.85152E+15,4.83393E+16
109712,109713,8,1,18,78,2016,1,13,7,3,2,2,0,1,0,1,0,0,0,0,5.13567E+20,5.41953E+21,9.18523E+15,4.89286E+16
109713,109714,8,1,25,5,2016,1,7,6,3,6,2,1,1,0,1,1,0,0,0,5.15341E+20,5.45301E+21,9.21071E+15,4.92297E+16
109714,109715,8,2,12,0,2016,1,19,5,3,2,4,1,0,0,1,1,0,0,0,4.54284E+20,5.42886E+21,8.37484E+15,4.90109E+16
109715,109716,8,2,26,49,2016,1,13,2,3,3,7,0,0,0,1,0,0,1,0,4.86717E+20,5.46349E+21,8.8172E+15,4.9324E+16
109716,109717,8,1,17,24,2016,1,16,6,3,6,5,2,2,0,1,1,0,0,0,5.61018E+20,5.3859E+21,9.82801E+15,4.86232E+16
109717,109718,8,3,36,69,2016,1,5,1,3,8,1,2,2,0,1,0,0,0,0,4.08964E+20,5.26937E+21,7.78958E+15,4.75713E+16
109718,109719,8,2,31,0,2016,1,19,7,3,6,4,2,1,0,1,1,0,0,0,4.77647E+20,5.41524E+21,8.69506E+15,4.88897E+16
109719,109720,8,2,15,9,2016,1,17,7,3,5,3,2,1,1,1,0,0,0,0,4.70297E+20,5.44135E+21,8.59289E+15,4.91242E+16
109720,109721,8,4,17,2,2016,1,9,6,2,0,7,0,1,0,1,0,0,0,0,4.88955E+20,5.34744E+21,8.85112E+15,4.82801E+16
109721,109722,8,3,11,0,2016,1,7,5,3,5,3,2,0,0,1,0,0,0,1,4.09689E+20,5.31703E+21,7.78931E+15,4.80002E+16
109722,109723,8,4,35,16,2016,1,11,3,3,5,3,0,1,1,1,0,0,0,0,5.35886E+20,5.27807E+21,9.4779E+15,4.7655E+16
109723,109724,8,4,16,25,2016,1,12,4,3,6,7,0,1,0,1,1,0,0,0,5.03921E+20,5.36099E+21,9.05297E+15,4.8402E+16
109724,109725,8,3,17,65,2016,1,7,2,3,5,2,1,0,0,1,0,1,0,0,4.1434E+20,5.35453E+21,7.84408E+15,4.83381E+16
109725,109726,8,2,26,96,2016,1,15,7,3,0,2,0,1,0,1,0,0,0,0,4.7605E+20,5.4888E+21,8.66889E+15,4.95513E+16
109726,109727,8,4,21,0,2016,1,18,6,3,5,3,2,1,0,1,0,0,0,0,5.73125E+20,5.36208E+21,9.98811E+15,4.84076E+16
109727,109728,8,1,11,0,2016,1,17,6,3,2,6,2,0,0,1,0,0,0,0,5.09677E+20,5.39694E+21,9.13158E+15,4.87254E+16
109728,109729,8,1,11,0,2016,1,19,4,3,6,4,2,0,0,1,1,0,0,0,5.1704E+20,5.40867E+21,9.23218E+15,4.88308E+16
109729,109730,8,1,16,33,2016,1,16,5,2,5,3,0,0,1,1,0,0,0,0,5.34267E+20,5.3872E+21,9.46512E+15,4.86369E+16
109730,109731,8,1,36,65,2016,1,15,2,2,0,1,0,2,1,0,0,0,0,0,5.59495E+20,5.40557E+21,9.81018E+15,4.88002E+16
109731,109732,8,1,36,9,2016,1,16,6,3,4,1,1,2,0,1,0,0,0,0,5.68874E+20,5.40808E+21,9.93831E+15,4.88219E+16
109732,109733,8,3,27,50,2016,1,14,6,3,6,6,0,2,0,1,1,0,0,0,4.85156E+20,5.31429E+21,8.80107E+15,4.79818E+16
109733,109734,8,3,35,75,2016,1,13,4,3,2,6,0,0,0,1,0,0,0,0,4.87929E+20,5.28946E+21,8.83893E+15,4.77584E+16
109734,109735,8,2,26,18,2016,1,15,1,3,5,3,0,1,0,1,0,0,0,0,4.73619E+20,5.47165E+21,8.63643E+15,4.9397E+16
109735,109736,8,2,31,0,2016,1,19,7,3,1,6,2,0,0,1,0,0,0,0,4.76033E+20,5.41543E+21,8.67304E+15,4.88913E+16
109736,109737,8,1,17,15,2016,1,7,6,3,1,1,1,1,0,1,0,0,0,0,5.58684E+20,5.39544E+21,9.7977E+15,4.87093E+16
109737,109738,8,3,11,0,2016,1,17,3,2,0,5,2,1,1,1,0,0,0,0,4.14277E+20,5.31768E+21,7.85068E+15,4.80067E+16
109738,109739,8,1,19,79,2016,1,11,3,3,2,2,0,0,0,1,0,0,0,1,5.22458E+20,5.40818E+21,9.30598E+15,4.88262E+16
109739,109740,8,3,11,0,2016,1,9,2,3,5,3,0,2,1,1,0,0,0,1,4.13336E+20,5.31535E+21,7.83853E+15,4.79856E+16
109740,109741,8,3,11,0,2016,1,11,6,3,5,1,0,0,0,1,0,0,0,0,4.10009E+20,5.31679E+21,7.79364E+15,4.79981E+16
109741,109742,8,2,22,0,2016,1,18,3,3,2,6,1,0,0,1,0,0,0,0,4.64048E+20,5.48236E+21,8.50356E+15,4.94928E+16
109742,109743,8,4,15,53,2016,1,11,4,3,5,3,0,1,0,1,0,0,0,1,5.36315E+20,5.3619E+21,9.49072E+15,4.84092E+16
109743,109744,8,2,15,82,2016,1,16,6,3,5,2,0,0,0,1,0,0,0,0,4.89453E+20,5.43967E+21,8.85548E+15,4.91098E+16
109744,109745,8,3,27,49,2016,1,10,5,3,4,6,0,1,0,1,0,0,0,0,4.72234E+20,5.32446E+21,8.62725E+15,4.80728E+16
109745,109746,8,1,11,0,2016,1,13,3,3,5,3,0,0,0,1,0,0,0,0,5.15589E+20,5.40412E+21,9.21224E+15,4.87899E+16
109746,109747,8,2,15,17,2016,1,0,5,3,4,6,2,1,0,1,0,0,0,0,4.59566E+20,5.41989E+21,8.44796E+15,4.89306E+16
109747,109748,8,1,11,0,2016,1,11,6,2,6,4,0,0,0,1,1,0,0,0,5.18702E+20,5.40077E+21,9.25447E+15,4.87597E+16
109748,109749,8,3,27,50,2016,2,6,3,3,5,3,2,0,1,1,0,0,0,0,4.86879E+20,5.31359E+21,8.82419E+15,4.79755E+16
109749,109750,8,1,18,80,2016,1,13,6,2,6,4,0,0,0,1,1,0,0,0,5.06579E+20,5.4112E+21,9.08968E+15,4.88537E+16
109750,109751,8,1,11,0,2016,2,7,3,3,4,6,1,0,1,1,0,0,0,0,5.10309E+20,5.40992E+21,9.1405E+15,4.88422E+16
109751,109752,8,3,11,0,2016,2,9,2,3,5,2,0,1,1,0,0,0,0,1,4.10112E+20,5.31694E+21,7.795E+15,4.79995E+16
109752,109753,8,3,17,96,2016,1,14,1,3,4,1,0,1,0,1,0,0,0,0,4.21729E+20,5.36833E+21,7.9412E+15,4.84632E+16
109753,109754,8,1,18,11,2016,1,11,4,3,5,3,0,0,0,1,0,0,0,0,5.04719E+20,5.40743E+21,9.06429E+15,4.88198E+16
109754,109755,8,3,11,0,2016,1,17,7,3,0,1,2,1,1,0,0,0,0,0,4.14247E+20,5.31633E+21,7.85054E+15,4.79945E+16
109755,109756,8,3,17,96,2016,1,19,3,3,5,3,2,0,1,1,0,0,0,0,4.2142E+20,5.37048E+21,7.93662E+15,4.84825E+16
109756,109757,8,4,26,21,2016,1,15,6,3,2,6,0,0,0,1,0,0,0,0,5.59029E+20,5.32715E+21,9.79278E+15,4.80949E+16
109757,109758,8,1,25,39,2016,1,20,6,3,5,3,2,0,0,1,0,0,0,0,5.11638E+20,5.45821E+21,9.16001E+15,4.92766E+16
109758,109759,8,1,27,75,2016,1,18,4,3,9,1,2,0,0,1,0,0,0,0,5.71227E+20,5.46861E+21,9.98102E+15,4.9366E+16
109759,109760,8,4,21,0,2016,1,16,3,3,2,6,0,0,0,1,0,0,0,0,5.74897E+20,5.36419E+21,1.00124E+16,4.84264E+16
109760,109761,8,1,11,0,2016,1,15,3,3,5,7,0,0,0,1,0,1,0,0,5.14075E+20,5.40311E+21,9.1916E+15,4.87809E+16
109761,109762,8,1,36,19,2016,1,13,5,3,5,3,0,1,0,1,0,1,0,0,5.81184E+20,5.42473E+21,1.01093E+16,4.89702E+16
109762,109763,8,3,11,0,2016,2,6,3,3,5,3,2,0,1,1,0,0,0,0,4.10259E+20,5.31574E+21,7.79722E+15,4.79886E+16
109763,109764,8,4,15,61,2016,2,14,2,3,5,3,0,0,1,1,0,0,0,0,5.12914E+20,5.37131E+21,9.1748E+15,4.84948E+16
109764,109765,8,2,22,0,2016,2,11,2,3,5,3,0,0,0,1,0,0,0,0,4.62088E+20,5.48101E+21,8.47661E+15,4.94805E+16
109765,109766,8,1,19,20,2016,1,20,1,2,4,6,2,1,0,1,0,0,0,0,5.19428E+20,5.4101E+21,9.26479E+15,4.88436E+16
109766,109767,8,4,36,64,2016,1,13,3,2,6,1,0,0,0,1,1,0,0,0,5.4545E+20,5.29249E+21,9.60676E+15,4.77841E+16
109767,109768,8,2,15,108,2016,1,18,7,2,6,4,2,1,0,1,1,0,0,0,4.49307E+20,5.42435E+21,8.30735E+15,4.897E+16
109768,109769,8,3,11,0,2016,1,12,3,3,5,3,0,0,0,1,0,0,0,0,4.14763E+20,5.31748E+21,7.85723E+15,4.80049E+16
109769,109770,8,3,35,43,2016,1,7,6,3,1,5,2,0,1,1,0,0,0,0,5.12943E+20,5.27927E+21,9.17241E+15,4.76667E+16
109770,109771,8,2,22,0,2016,1,12,3,3,5,3,0,0,0,1,0,0,0,0,4.63567E+20,5.47766E+21,8.49733E+15,4.94505E+16
109771,109772,8,3,36,91,2016,1,12,4,3,2,6,0,0,0,1,0,0,0,0,3.9638E+20,5.27148E+21,7.62183E+15,4.75885E+16
109772,109773,8,1,15,45,2016,1,5,6,3,5,2,2,1,0,1,0,0,0,0,4.98357E+20,5.39384E+21,8.97768E+15,4.86976E+16
109773,109774,8,2,25,109,2016,2,11,3,3,5,3,0,1,0,1,0,0,0,0,5.26472E+20,5.49216E+21,9.36621E+15,4.95815E+16
109774,109775,8,3,17,96,2016,2,20,2,2,6,4,2,0,0,1,1,0,0,0,4.2308E+20,5.37074E+21,7.95903E+15,4.84851E+16
109775,109776,8,1,28,115,2016,2,12,2,3,6,1,0,0,0,0,1,0,0,1,5.47585E+20,5.49704E+21,9.65886E+15,4.9624E+16
109776,109777,8,4,25,33,2016,1,10,7,3,6,4,0,0,0,1,1,0,0,0,5.54096E+20,5.34668E+21,9.72902E+15,4.8271E+16
109777,109778,8,1,17,26,2016,1,19,7,3,5,2,2,1,1,1,0,0,0,0,5.48725E+20,5.39435E+21,9.6622E+15,4.87002E+16
109778,109779,8,3,17,89,2016,1,22,6,3,9,7,2,0,0,0,0,1,0,0,4.26722E+20,5.37753E+21,8.00712E+15,4.85466E+16
109779,109780,8,2,22,0,2016,1,10,3,3,1,7,0,0,0,0,0,1,0,1,4.64579E+20,5.48395E+21,8.51073E+15,4.95072E+16
109780,109781,8,3,35,63,2016,1,10,4,3,2,6,0,0,0,1,0,0,0,0,4.95602E+20,5.28877E+21,8.94132E+15,4.77523E+16
109781,109782,8,2,26,96,2016,1,13,6,2,5,3,0,0,1,1,0,0,0,0,4.75993E+20,5.48839E+21,8.66813E+15,4.95477E+16
109782,109783,8,3,17,65,2016,1,20,5,3,5,3,2,0,1,1,0,0,0,0,4.16122E+20,5.35462E+21,7.86812E+15,4.83392E+16
109783,109784,8,2,22,0,2016,2,16,3,3,2,6,0,0,0,1,0,0,0,0,4.61754E+20,5.47979E+21,8.47212E+15,4.94696E+16
109784,109785,8,3,17,89,2016,1,8,5,3,5,2,1,1,0,1,0,0,0,0,4.31672E+20,5.37563E+21,8.0745E+15,4.85301E+16
109785,109786,8,1,16,27,2016,2,17,2,3,6,7,2,0,0,1,1,0,0,0,5.33768E+20,5.39395E+21,9.4589E+15,4.86977E+16
109786,109787,8,3,11,0,2016,1,10,3,1,6,3,0,0,0,1,1,0,0,0,4.14407E+20,5.31669E+21,7.85262E+15,4.79977E+16
109787,109788,8,3,11,0,2016,1,16,6,3,5,3,0,0,1,1,0,0,0,0,4.14494E+20,5.31536E+21,7.85405E+15,4.79859E+16
109788,109789,8,1,36,82,2016,1,7,5,2,6,2,1,0,0,1,1,0,0,0,5.87239E+20,5.41456E+21,1.01898E+16,4.88778E+16
109789,109790,8,2,21,0,2016,1,15,3,3,6,7,0,0,1,0,1,0,0,0,4.76738E+20,5.47561E+21,8.67917E+15,4.94327E+16
109790,109791,8,3,17,97,2016,1,14,4,2,7,7,0,0,1,0,0,0,0,0,4.25242E+20,5.36514E+21,7.98929E+15,4.8435E+16
109791,109792,8,2,12,0,2016,1,13,6,3,2,6,0,0,0,1,0,0,0,0,4.59413E+20,5.42722E+21,8.44513E+15,4.89965E+16
109792,109793,8,3,17,122,2016,1,19,5,3,4,2,2,1,1,1,0,0,0,0,4.17749E+20,5.36729E+21,7.88758E+15,4.84534E+16
109793,109794,8,1,11,0,2016,1,13,3,3,2,6,0,0,0,1,0,0,0,1,5.17303E+20,5.40517E+21,9.23562E+15,4.87992E+16
109794,109795,8,1,35,19,2016,1,16,5,3,1,6,0,1,0,1,0,0,0,0,5.85564E+20,5.39352E+21,1.01626E+16,4.86889E+16
109795,109796,8,1,11,0,2016,1,13,6,3,2,6,0,0,0,1,0,0,0,0,5.16973E+20,5.40299E+21,9.23104E+15,4.87797E+16
109796,109797,8,1,11,0,2016,1,7,3,3,6,3,1,1,0,0,1,0,0,1,5.15397E+20,5.39489E+21,9.20929E+15,4.87068E+16
109797,109798,8,4,16,36,2016,2,17,3,3,5,2,1,0,1,1,0,0,0,0,4.95337E+20,5.36986E+21,8.93689E+15,4.84819E+16
109798,109799,8,1,25,24,2016,1,13,5,3,0,6,0,0,0,1,0,0,0,0,5.23368E+20,5.44294E+21,9.32038E+15,4.91388E+16
109799,109800,8,2,15,9,2016,1,10,3,3,2,6,0,0,0,1,0,0,0,0,4.71037E+20,5.44222E+21,8.60297E+15,4.91322E+16
109800,109801,8,4,21,0,2016,1,18,5,3,6,4,2,1,0,1,1,0,0,0,5.71264E+20,5.36281E+21,9.96308E+15,4.84144E+16
109801,109802,8,3,16,36,2016,1,17,4,3,5,3,2,0,1,1,0,0,0,0,4.11501E+20,5.32628E+21,7.81168E+15,4.80837E+16
109802,109803,8,1,25,26,2016,1,15,6,3,0,1,0,0,1,0,0,0,0,0,4.931E+20,5.44212E+21,8.90541E+15,4.91319E+16
109803,109804,8,4,25,72,2016,2,18,3,2,6,6,2,0,0,1,1,0,0,0,5.84122E+20,5.37164E+21,1.01386E+16,4.84922E+16
109804,109805,8,1,11,0,2016,2,7,2,3,5,7,0,0,1,1,0,0,0,0,5.12556E+20,5.40355E+21,9.17092E+15,4.87848E+16
109805,109806,8,1,25,21,2016,1,16,4,3,6,7,0,0,0,1,1,0,0,0,5.23676E+20,5.44741E+21,9.32487E+15,4.91791E+16
109806,109807,8,3,17,96,2016,1,12,7,3,4,6,0,0,0,1,0,0,0,0,4.2284E+20,5.36997E+21,7.95593E+15,4.84781E+16
109807,109808,8,4,15,61,2016,1,21,3,2,0,1,2,1,1,0,0,0,0,0,5.15136E+20,5.36877E+21,9.20478E+15,4.84719E+16
109808,109809,8,1,11,0,2016,1,10,3,3,6,7,0,0,0,1,1,0,0,0,5.13311E+20,5.40231E+21,9.18116E+15,4.87737E+16
109809,109810,8,1,15,50,2016,1,14,6,3,6,7,0,0,0,1,1,0,0,0,4.90663E+20,5.39967E+21,8.87297E+15,4.875E+16
109810,109811,8,1,21,0,2016,1,8,5,3,6,4,0,1,0,1,1,0,0,0,5.13193E+20,5.44358E+21,9.1809E+15,4.91449E+16
109811,109812,8,3,11,0,2016,2,18,3,3,2,1,2,0,0,1,0,0,0,0,4.10404E+20,5.31648E+21,7.79901E+15,4.79953E+16
109812,109813,8,4,15,61,2016,2,16,2,3,0,5,0,0,0,1,0,0,0,0,5.14915E+20,5.37283E+21,9.20194E+15,4.85085E+16
109813,109814,8,2,16,9,2016,2,18,2,2,0,7,2,0,1,0,0,0,0,0,4.47278E+20,5.42117E+21,8.28004E+15,4.89412E+16
109814,109815,8,1,11,0,2016,1,16,1,3,6,4,0,1,0,0,1,0,0,1,5.15839E+20,5.41016E+21,9.21588E+15,4.88442E+16
109815,109816,8,3,25,49,2016,2,18,3,2,6,7,2,0,0,1,1,0,0,0,4.72369E+20,5.33404E+21,8.62844E+15,4.8159E+16
109816,109817,8,4,36,55,2016,2,10,2,3,6,6,0,1,0,1,1,0,0,0,5.76584E+20,5.29755E+21,1.00232E+16,4.78267E+16
109817,109818,8,3,11,0,2016,2,0,2,3,1,6,2,0,0,1,0,0,1,0,4.13624E+20,5.32048E+21,7.84136E+15,4.80318E+16
109818,109819,8,2,15,103,2016,1,0,1,3,5,3,2,1,0,1,0,0,0,0,4.6755E+20,5.44399E+21,8.55503E+15,4.91479E+16
109819,109820,8,1,16,56,2016,1,7,4,3,6,4,2,1,0,1,1,0,0,0,5.30777E+20,5.39568E+21,9.41838E+15,4.87134E+16
109820,109821,8,2,26,68,2016,1,10,7,2,5,3,0,0,0,1,0,1,0,0,4.68978E+20,5.46036E+21,8.57334E+15,4.92952E+16
109821,109822,8,3,17,1,2016,1,7,3,3,6,6,1,0,0,1,1,0,0,0,4.31419E+20,5.38683E+21,8.06922E+15,4.86308E+16
109822,109823,8,4,16,48,2016,1,10,6,3,0,1,0,2,1,0,0,0,0,0,4.96135E+20,5.37565E+21,8.94765E+15,4.8534E+16
109823,109824,8,2,22,0,2016,2,12,3,3,2,6,0,0,0,1,0,0,0,0,4.62951E+20,5.48139E+21,8.48849E+15,4.9484E+16
109824,109825,8,3,15,47,2016,2,10,2,3,4,2,0,0,1,0,0,0,0,0,4.15905E+20,5.32234E+21,7.87158E+15,4.80488E+16
109825,109826,8,1,19,79,2016,2,7,2,3,5,2,2,1,1,1,0,0,0,0,5.2159E+20,5.41139E+21,9.29433E+15,4.88551E+16
109826,109827,8,3,37,66,2016,1,18,7,2,0,1,2,1,1,0,0,0,0,0,4.30283E+20,5.26837E+21,8.07315E+15,4.7565E+16
109827,109828,8,1,16,19,2016,1,12,7,3,6,7,0,0,0,1,1,0,0,0,5.22342E+20,5.39859E+21,9.30388E+15,4.874E+16
109828,109829,8,3,15,131,2016,1,12,3,3,5,3,0,0,0,1,0,0,0,0,4.04846E+20,5.30829E+21,7.72633E+15,4.79209E+16
109829,109830,8,3,16,11,2016,1,16,6,3,6,1,0,0,0,1,1,0,0,0,4.14833E+20,5.33027E+21,7.85562E+15,4.812E+16
109830,109831,8,2,12,0,2016,1,11,3,3,5,3,0,0,1,1,0,0,0,0,4.56557E+20,5.42456E+21,8.40637E+15,4.89724E+16
109831,109832,8,1,27,59,2016,1,18,7,3,5,3,2,1,0,1,0,0,0,0,5.50749E+20,5.439E+21,9.69525E+15,4.91017E+16
109832,109833,8,3,11,0,2016,1,7,3,3,5,3,0,0,1,0,0,0,0,0,4.11873E+20,5.31432E+21,7.81913E+15,4.79761E+16
109833,109834,8,3,25,45,2016,1,10,6,3,2,6,0,0,0,1,0,0,0,0,4.68626E+20,5.34911E+21,8.577E+15,4.82944E+16
109834,109835,8,3,17,1,2016,1,10,3,2,5,7,0,0,0,1,0,1,0,0,4.3202E+20,5.38648E+21,8.07743E+15,4.86277E+16
109835,109836,8,3,16,24,2016,1,17,4,3,6,4,1,0,0,1,1,0,0,0,4.0855E+20,5.33398E+21,7.77042E+15,4.81525E+16
109836,109837,8,2,12,0,2016,1,16,6,3,0,6,0,0,0,0,0,0,0,1,4.5688E+20,5.42803E+21,8.41042E+15,4.90036E+16
109837,109838,8,2,37,45,2016,1,7,5,3,8,1,1,1,0,1,0,0,0,0,4.61677E+20,5.35977E+21,8.48235E+15,4.83899E+16
109838,109839,8,2,35,46,2016,1,12,5,3,6,4,0,1,0,1,1,0,0,0,4.78932E+20,5.37737E+21,8.71452E+15,4.8549E+16
109839,109840,8,1,11,0,2016,2,6,2,2,5,2,2,1,1,0,0,0,0,1,5.11802E+20,5.40113E+21,9.1606E+15,4.8763E+16
109840,109841,8,3,35,43,2016,1,16,2,2,0,1,0,1,1,0,0,0,0,0,5.11323E+20,5.2822E+21,9.1509E+15,4.76931E+16
109841,109842,8,1,19,79,2016,1,16,5,2,4,6,0,1,0,1,0,1,0,0,5.22093E+20,5.41092E+21,9.30115E+15,4.88509E+16
109842,109843,8,2,11,0,2016,1,8,3,2,0,1,0,2,1,0,0,0,0,0,4.44482E+20,5.40002E+21,8.24472E+15,4.87507E+16
109843,109844,8,4,21,0,2016,1,17,5,3,6,2,2,1,0,1,1,0,0,0,5.71139E+20,5.35952E+21,9.96084E+15,4.83848E+16
109844,109845,8,3,11,0,2016,1,19,4,3,0,3,2,0,1,0,0,0,0,0,4.14506E+20,5.31543E+21,7.85419E+15,4.79865E+16
109845,109846,8,1,17,26,2016,1,15,6,2,6,4,0,0,0,1,1,0,0,0,5.45533E+20,5.39519E+21,9.61891E+15,4.87081E+16
109846,109847,8,1,36,65,2016,1,19,4,3,0,7,2,1,0,1,1,0,0,0,5.60273E+20,5.40499E+21,9.82069E+15,4.8795E+16
109847,109848,8,3,36,50,2016,1,18,4,3,5,3,2,0,1,1,0,0,0,0,3.99247E+20,5.27347E+21,7.65949E+15,4.76068E+16
109848,109849,8,2,22,0,2016,1,15,6,2,5,5,0,0,1,1,0,0,0,0,4.62836E+20,5.48036E+21,8.48701E+15,4.94747E+16
109849,109850,8,4,36,82,2016,1,14,2,3,6,4,0,0,0,1,1,0,0,0,5.47584E+20,5.29603E+21,9.63564E+15,4.78159E+16
109850,109851,8,1,18,76,2016,1,10,5,3,1,6,0,0,0,1,0,0,0,0,5.04474E+20,5.42309E+21,9.06111E+15,4.89607E+16
109851,109852,8,4,15,61,2016,1,15,5,3,2,6,0,1,0,1,0,0,0,0,5.15177E+20,5.37101E+21,9.20542E+15,4.8492E+16
109852,109853,8,3,35,21,2016,2,7,3,2,8,7,0,0,0,0,0,1,0,0,4.92082E+20,5.30139E+21,8.89413E+15,4.78658E+16
109853,109854,8,1,19,8,2016,1,15,6,3,6,4,0,0,0,1,1,0,0,0,5.31567E+20,5.42146E+21,9.43111E+15,4.89453E+16
109854,109855,8,1,11,0,2016,2,13,3,3,6,3,0,0,0,0,1,0,1,0,5.19649E+20,5.4001E+21,9.26733E+15,4.87536E+16
109855,109856,8,3,17,96,2016,1,13,1,3,0,1,0,1,0,0,0,1,0,0,4.21732E+20,5.36936E+21,7.94106E+15,4.84725E+16
109856,109857,8,1,18,49,2016,1,19,4,3,6,1,2,0,0,1,1,0,0,0,5.19386E+20,5.42117E+21,9.26475E+15,4.89432E+16
109857,109858,8,3,15,115,2016,1,15,7,3,2,6,0,0,0,1,0,0,0,0,4.08184E+20,5.32192E+21,7.7681E+15,4.8044E+16
109858,109859,8,3,37,96,2016,1,15,3,3,4,2,0,0,0,1,0,0,0,0,4.20659E+20,5.26719E+21,7.94545E+15,4.75532E+16
109859,109860,8,4,36,64,2016,1,15,6,3,2,6,0,0,0,1,0,0,0,0,5.45459E+20,5.2919E+21,9.60682E+15,4.77788E+16
109860,109861,8,4,21,0,2016,1,13,3,3,5,3,0,0,0,1,0,0,1,0,5.75058E+20,5.36309E+21,1.00144E+16,4.84165E+16
109861,109862,8,4,37,53,2016,1,12,2,3,5,3,0,0,0,1,0,0,0,0,5.28875E+20,5.31973E+21,9.38731E+15,4.80302E+16
109862,109863,8,1,17,26,2016,1,20,5,3,5,3,2,1,0,1,0,0,0,0,5.48078E+20,5.39508E+21,9.65349E+15,4.87069E+16
109863,109864,8,3,11,0,2016,2,0,3,3,8,1,2,0,0,1,0,0,0,0,4.11587E+20,5.32349E+21,7.81341E+15,4.80585E+16
109864,109865,8,4,15,61,2016,2,8,2,3,5,3,0,0,0,1,0,0,0,0,5.16463E+20,5.37033E+21,9.2228E+15,4.84859E+16
109865,109866,8,2,26,101,2016,2,7,2,3,5,2,1,1,0,1,0,0,0,0,4.87106E+20,5.46047E+21,8.82265E+15,4.92968E+16
109866,109867,8,2,12,0,2016,1,18,1,3,5,3,2,1,1,1,0,0,0,0,4.55034E+20,5.4285E+21,8.38513E+15,4.90077E+16
109867,109868,8,1,11,0,2016,1,15,4,3,2,2,0,0,0,1,0,0,0,1,5.13882E+20,5.40602E+21,9.18907E+15,4.8807E+16
109868,109869,8,2,15,90,2016,1,10,7,3,5,3,0,0,0,1,0,0,0,0,4.65139E+20,5.43378E+21,8.52285E+15,4.90559E+16
109869,109870,8,3,16,9,2016,1,8,3,3,8,7,0,0,1,0,0,0,0,0,4.1703E+20,5.32465E+21,7.88622E+15,4.80697E+16
109870,109871,8,4,15,61,2016,1,18,6,3,2,6,2,0,0,1,0,0,0,0,5.1575E+20,5.37157E+21,9.21319E+15,4.84971E+16
109871,109872,8,1,15,28,2016,1,13,3,3,2,6,0,0,0,1,0,0,0,1,5.01544E+20,5.40273E+21,9.02102E+15,4.87776E+16
109872,109873,8,2,15,17,2016,1,16,4,2,5,2,1,0,1,1,0,0,0,0,4.56597E+20,5.42164E+21,8.40723E+15,4.89461E+16
109873,109874,8,2,22,0,2016,2,11,3,3,5,3,0,0,0,1,0,0,0,0,4.61824E+20,5.48234E+21,8.47285E+15,4.94925E+16
109874,109875,8,2,35,85,2016,1,17,5,3,4,2,2,1,0,1,0,0,0,0,4.82234E+20,5.39455E+21,8.75853E+15,4.87037E+16
109875,109876,8,2,31,0,2016,2,8,3,2,6,4,0,0,0,1,1,0,0,0,4.81433E+20,5.41736E+21,8.74661E+15,4.89089E+16
109876,109877,8,3,17,40,2016,2,20,2,3,2,6,2,0,0,1,0,0,0,0,4.32824E+20,5.34768E+21,8.09457E+15,4.82788E+16
109877,109878,8,1,36,65,2016,2,18,2,3,6,4,2,0,0,0,1,0,0,1,5.5851E+20,5.40567E+21,9.79679E+15,4.88013E+16
109878,109879,8,1,11,0,2016,1,22,1,3,0,3,2,1,0,1,0,0,0,1,5.10779E+20,5.39684E+21,9.14656E+15,4.87245E+16
109879,109880,8,1,18,48,2016,1,13,7,3,0,5,0,1,1,1,0,0,0,0,5.13529E+20,5.4157E+21,9.18457E+15,4.88941E+16
109880,109881,8,3,11,0,2016,1,7,3,3,1,5,1,0,1,1,0,0,0,0,4.15215E+20,5.31931E+21,7.86293E+15,4.80215E+16
109881,109882,8,3,17,26,2016,1,8,6,3,6,6,0,0,0,1,1,0,0,0,4.1167E+20,5.34526E+21,7.81E+15,4.82544E+16
109882,109883,8,1,18,48,2016,1,16,3,3,6,7,0,0,1,0,1,0,0,0,5.14254E+20,5.41561E+21,9.19446E+15,4.88932E+16