FID,OBJECTID,ULAND,UREGBEZ,UKREIS,UGEMEINDE,UJAHR,UMONAT,USTUNDE,UWOCHENTAG,UKATEGORIE,UART,UTYP1,ULICHTVERH,IstStrasse,IstRad,IstPKW,IstFuss,IstKrad,IstGkfz,IstSonstig,LINREFX,LINREFY,XGCSWGS84,YGCSWGS84
109883,109884,8,2,31,0,2016,1,17,4,3,6,2,2,0,0,1,1,0,0,0,4.78442E+20,5.41596E+21,8.70588E+15,4.88962E+16
109884,109885,8,2,15,106,2016,1,13,6,2,8,1,0,0,1,0,0,0,0,0,4.64366E+20,5.45551E+21,8.51034E+15,4.92513E+16
109885,109886,8,2,26,85,2016,1,13,5,3,5,3,0,1,0,1,0,0,0,0,4.9104E+20,5.45518E+21,8.87689E+15,4.92493E+16
109886,109887,8,2,26,56,2016,1,14,5,3,5,5,0,1,0,1,0,1,0,0,4.85105E+20,5.47135E+21,8.79473E+15,4.93946E+16
109887,109888,8,4,21,0,2016,1,10,2,3,4,2,0,1,1,1,0,0,0,0,5.7139E+20,5.3602E+21,9.96434E+15,4.83909E+16
109888,109889,8,4,36,64,2016,2,10,3,1,5,3,0,0,1,0,0,0,1,0,5.45347E+20,5.29056E+21,9.60518E+15,4.77668E+16
109889,109890,8,1,16,49,2016,2,9,2,3,9,7,0,0,0,1,0,0,0,0,5.25516E+20,5.38623E+21,9.34628E+15,4.86286E+16
109890,109891,8,2,12,0,2016,1,12,3,3,5,3,0,0,1,1,0,0,0,0,4.58839E+20,5.42725E+21,8.43729E+15,4.89968E+16
109891,109892,8,3,11,0,2016,1,16,6,3,4,2,0,0,1,1,0,0,0,0,4.12055E+20,5.31718E+21,7.82098E+15,4.80019E+16
109892,109893,8,1,15,29,2016,1,19,5,3,6,2,2,1,0,1,1,0,0,0,4.97536E+20,5.39891E+21,8.96648E+15,4.87432E+16
109893,109894,8,1,36,65,2016,1,15,3,3,6,4,0,0,0,1,1,0,0,0,5.58887E+20,5.40596E+21,9.80195E+15,4.88039E+16
109894,109895,8,2,26,96,2016,1,7,4,2,0,3,1,0,1,1,0,0,0,0,4.76451E+20,5.48817E+21,8.67447E+15,4.95457E+16
109895,109896,8,2,12,0,2016,1,10,6,3,0,1,0,1,0,0,0,1,0,0,4.57896E+20,5.4282E+21,8.4243E+15,4.90052E+16
109896,109897,8,2,26,59,2016,1,12,5,3,1,5,0,1,1,1,0,0,0,0,4.64968E+20,5.46002E+21,8.51823E+15,4.92919E+16
109897,109898,8,4,17,23,2016,1,16,2,3,6,7,0,0,0,1,1,0,0,0,4.91834E+20,5.35287E+21,8.88982E+15,4.83289E+16
109898,109899,8,1,11,0,2016,1,19,5,3,9,1,2,1,0,1,0,0,0,0,5.1525E+20,5.40402E+21,9.20763E+15,4.8789E+16
109899,109900,8,4,15,61,2016,1,10,5,3,5,3,0,0,1,0,0,0,0,0,5.15895E+20,5.37144E+21,9.21515E+15,4.84959E+16
109900,109901,8,3,25,49,2016,2,14,3,3,2,2,0,0,0,1,0,0,0,0,4.73418E+20,5.33354E+21,8.64258E+15,4.81545E+16
109901,109902,8,1,18,67,2016,1,8,6,2,6,4,0,1,0,1,1,0,0,0,5.05781E+20,5.41363E+21,9.07885E+15,4.88756E+16
109902,109903,8,4,35,16,2016,2,14,2,1,3,2,0,0,1,1,0,0,0,0,5.37773E+20,5.27731E+21,9.50296E+15,4.76481E+16
109903,109904,8,1,11,0,2016,1,13,5,2,5,7,0,1,0,1,0,0,0,0,5.11429E+20,5.39752E+21,9.15542E+15,4.87306E+16
109904,109905,8,1,28,131,2016,1,16,3,3,2,2,0,1,0,1,0,0,0,0,5.36351E+20,5.51385E+21,9.50488E+15,4.9776E+16
109905,109906,8,4,15,50,2016,1,19,5,3,5,3,2,1,0,1,0,0,0,0,5.20448E+20,5.37662E+21,9.27703E+15,4.85423E+16
109906,109907,8,2,26,32,2016,1,9,4,3,4,2,0,0,0,1,0,0,0,0,4.67076E+20,5.46493E+21,8.54681E+15,4.93362E+16
109907,109908,8,1,21,0,2016,1,14,6,3,2,6,0,0,0,1,0,0,0,0,5.16306E+20,5.44157E+21,9.2235E+15,4.91268E+16
109908,109909,8,2,15,7,2016,2,15,3,3,1,5,0,0,0,1,0,0,0,0,4.76122E+20,5.43212E+21,8.67327E+15,4.90415E+16
109909,109910,8,1,11,0,2016,2,7,2,3,2,6,0,0,0,1,0,0,0,1,5.14715E+20,5.40933E+21,9.20053E+15,4.88368E+16
109910,109911,8,1,27,8,2016,1,7,4,2,5,3,2,1,0,1,0,1,0,0,5.7383E+20,5.46123E+21,1.00155E+16,4.92994E+16
109911,109912,8,3,35,43,2016,1,22,7,3,1,5,2,1,1,1,0,0,0,0,5.13092E+20,5.28026E+21,9.17441E+15,4.76756E+16
109912,109913,8,4,16,41,2016,1,17,3,2,5,3,1,0,1,1,0,0,0,0,5.03792E+20,5.37273E+21,9.05134E+15,4.85077E+16
109913,109914,8,4,16,41,2016,1,9,2,3,0,7,0,1,1,0,0,0,0,0,5.04344E+20,5.37371E+21,9.05882E+15,4.85165E+16
109914,109915,8,4,35,16,2016,1,12,4,3,3,2,0,1,0,1,0,1,0,0,5.36742E+20,5.27897E+21,9.48938E+15,4.76631E+16
109915,109916,8,3,11,0,2016,2,12,3,3,6,1,0,0,1,0,1,0,0,0,4.14206E+20,5.31638E+21,7.84999E+15,4.7995E+16
109916,109917,8,4,15,61,2016,2,22,2,3,0,1,2,0,0,0,0,1,0,0,5.16052E+20,5.37163E+21,9.21728E+15,4.84976E+16
109917,109918,8,2,22,0,2016,2,12,2,3,6,4,0,0,0,1,1,0,0,0,4.63065E+20,5.48075E+21,8.49012E+15,4.94783E+16
109918,109919,8,1,16,77,2016,1,18,1,3,5,3,0,1,0,1,0,1,0,0,5.15823E+20,5.38918E+21,9.21486E+15,4.86555E+16
109919,109920,8,2,11,0,2016,1,12,7,2,0,7,0,0,0,0,0,1,0,0,4.41039E+20,5.40347E+21,8.1974E+15,4.87815E+16
109920,109921,8,3,11,0,2016,1,11,3,3,5,3,0,0,1,1,0,0,1,0,4.14912E+20,5.31748E+21,7.85923E+15,4.8005E+16
109921,109922,8,3,27,38,2016,1,9,6,3,9,1,0,2,0,1,0,0,0,0,4.96428E+20,5.31267E+21,8.95215E+15,4.79673E+16
109922,109923,8,3,16,11,2016,2,16,2,3,1,7,0,0,0,1,0,0,0,0,4.1624E+20,5.32859E+21,7.87485E+15,4.8105E+16
109923,109924,8,2,35,55,2016,1,5,1,3,1,1,2,1,0,1,0,0,0,0,4.72892E+20,5.39708E+21,8.6314E+15,4.87261E+16
109924,109925,8,1,16,33,2016,1,16,4,3,2,6,0,0,0,1,0,0,0,0,5.33531E+20,5.38728E+21,9.45515E+15,4.86377E+16
109925,109926,8,2,26,76,2016,1,13,7,3,5,3,0,0,0,1,0,0,0,0,4.75083E+20,5.46638E+21,8.65693E+15,4.93497E+16
109926,109927,8,3,17,89,2016,1,12,3,3,2,6,0,1,0,1,0,0,0,0,4.30771E+20,5.37562E+21,8.0623E+15,4.85299E+16
109927,109928,8,4,21,0,2016,1,12,6,3,2,6,0,0,0,1,0,0,0,0,5.69165E+20,5.35708E+21,9.93378E+15,4.83631E+16
109928,109929,8,4,15,61,2016,1,12,2,3,5,2,0,0,0,1,0,0,0,0,5.15535E+20,5.37228E+21,9.21031E+15,4.85035E+16
109929,109930,8,2,21,0,2016,2,10,3,3,5,7,0,0,0,1,0,0,0,1,4.76999E+20,5.47284E+21,8.68293E+15,4.94078E+16
109930,109931,8,3,17,65,2016,2,9,2,3,2,6,0,1,0,1,0,0,0,0,4.1244E+20,5.35586E+21,7.81818E+15,4.83498E+16
109931,109932,8,1,21,0,2016,2,7,2,3,1,7,2,1,1,1,0,0,0,0,5.1673E+20,5.44273E+21,9.22936E+15,4.91372E+16
109932,109933,8,4,16,41,2016,1,20,7,3,6,2,2,1,0,1,1,0,0,0,4.99474E+20,5.3718E+21,8.99288E+15,4.84993E+16
109933,109934,8,1,16,78,2016,1,23,7,3,8,1,2,1,0,1,0,0,0,0,5.09208E+20,5.39334E+21,9.12513E+15,4.8693E+16
109934,109935,8,3,16,11,2016,1,18,6,2,5,2,2,1,1,1,0,0,0,0,4.15516E+20,5.32845E+21,7.86515E+15,4.81037E+16
109935,109936,8,1,27,8,2016,1,12,3,3,0,1,0,0,1,0,0,0,0,0,5.70555E+20,5.46073E+21,9.97038E+15,4.92952E+16
109936,109937,8,2,21,0,2016,1,13,4,3,0,7,0,0,0,0,0,1,0,1,4.78278E+20,5.46868E+21,8.70079E+15,4.93704E+16
109937,109938,8,2,26,85,2016,1,19,6,3,8,7,2,0,1,0,0,0,0,0,4.92577E+20,5.45417E+21,8.89802E+15,4.92402E+16
109938,109939,8,1,15,21,2016,1,14,3,3,2,6,0,0,0,1,0,0,0,1,4.88975E+20,5.38302E+21,8.85046E+15,4.86001E+16
109939,109940,8,2,22,0,2016,1,15,4,3,5,3,0,0,1,1,0,0,0,0,4.61309E+20,5.48216E+21,8.46575E+15,4.94908E+16
109940,109941,8,2,25,58,2016,1,16,5,3,0,1,0,1,0,0,0,1,0,0,5.08041E+20,5.46536E+21,9.11069E+15,4.93409E+16
109941,109942,8,2,22,0,2016,2,10,3,3,5,3,0,0,1,1,0,0,0,0,4.61875E+20,5.48228E+21,8.47356E+15,4.94919E+16
109942,109943,8,2,21,0,2016,1,20,5,3,5,3,2,0,0,1,0,0,0,0,4.74982E+20,5.47357E+21,8.65509E+15,4.94143E+16
109943,109944,8,1,15,3,2016,2,18,2,3,9,5,2,0,0,1,0,1,0,0,5.00777E+20,5.39119E+21,9.01055E+15,4.86738E+16
109944,109945,8,2,31,0,2016,1,12,3,3,5,2,0,0,0,1,0,0,0,0,4.76109E+20,5.41631E+21,8.67403E+15,4.88993E+16
109945,109946,8,2,12,0,2016,1,13,6,3,5,3,0,0,1,1,0,0,0,0,4.59659E+20,5.42821E+21,8.4484E+15,4.90055E+16
109946,109947,8,4,35,16,2016,1,21,4,3,5,3,2,0,0,1,0,0,0,0,5.3537E+20,5.27813E+21,9.47103E+15,4.76556E+16
109947,109948,8,1,16,20,2016,1,18,3,3,6,7,2,0,0,1,1,0,0,0,5.27022E+20,5.38135E+21,9.3664E+15,4.85846E+16
109948,109949,8,2,22,0,2016,1,13,4,3,1,1,0,0,0,1,0,0,0,0,4.60722E+20,5.48207E+21,8.45765E+15,4.949E+16
109949,109950,8,2,12,0,2016,1,16,6,2,6,2,0,0,0,1,1,0,0,0,4.52252E+20,5.43127E+21,8.34676E+15,4.90325E+16
109950,109951,8,2,15,9,2016,1,0,4,3,1,6,2,0,0,1,0,0,0,0,4.69762E+20,5.44112E+21,8.58558E+15,4.91222E+16
109951,109952,8,4,21,0,2016,1,17,3,3,1,6,2,0,0,1,0,0,0,0,5.72457E+20,5.36054E+21,9.97881E+15,4.83939E+16
109952,109953,8,3,35,43,2016,1,9,2,3,5,3,0,1,1,1,0,0,0,0,5.10978E+20,5.28122E+21,9.14628E+15,4.76842E+16
109953,109954,8,3,27,10,2016,1,11,2,3,5,3,0,1,0,1,0,0,0,0,4.8067E+20,5.32842E+21,8.74032E+15,4.81088E+16
109954,109955,8,3,36,50,2016,2,7,3,3,5,3,2,0,1,0,0,0,1,0,3.9901E+20,5.27342E+21,7.65634E+15,4.76063E+16
109955,109956,8,4,21,0,2016,1,12,4,3,1,6,0,0,0,1,0,0,0,0,5.7308E+20,5.36133E+21,9.98737E+15,4.84009E+16
109956,109957,8,3,35,43,2016,1,10,5,3,5,3,0,0,1,0,0,0,0,0,5.13324E+20,5.27901E+21,9.17747E+15,4.76644E+16
109957,109958,8,2,16,43,2016,1,14,4,3,0,2,0,0,0,1,1,0,0,0,4.42088E+20,5.412E+21,8.21046E+15,4.88582E+16
109958,109959,8,1,19,85,2016,1,13,6,3,2,6,0,0,0,1,0,0,0,0,5.28724E+20,5.41358E+21,9.39173E+15,4.88745E+16
109959,109960,8,1,21,0,2016,2,13,3,3,2,6,0,0,0,1,0,0,0,0,5.1542E+20,5.44334E+21,9.21143E+15,4.91427E+16
109960,109961,8,4,17,22,2016,1,16,1,1,0,7,0,0,0,0,0,0,0,1,4.83204E+20,5.35E+21,8.77351E+15,4.8303E+16
109961,109962,8,1,25,65,2016,1,14,4,2,8,1,0,1,1,0,0,0,0,0,5.16037E+20,5.44912E+21,9.22011E+15,4.91947E+16
109962,109963,8,3,15,43,2016,1,21,7,3,7,1,2,1,0,1,0,0,0,0,4.04965E+20,5.32281E+21,7.72472E+15,4.80515E+16
109963,109964,8,4,16,41,2016,1,18,3,3,0,2,2,0,1,1,0,0,0,0,5.0429E+20,5.37404E+21,9.05809E+15,4.85195E+16
109964,109965,8,3,17,96,2016,1,15,2,3,5,3,0,0,1,1,0,0,0,0,4.22304E+20,5.36808E+21,7.94903E+15,4.84611E+16
109965,109966,8,4,15,61,2016,1,11,4,2,6,4,0,1,0,0,1,0,1,0,5.16231E+20,5.37258E+21,9.21974E+15,4.85061E+16
109966,109967,8,2,37,4,2016,2,14,3,3,6,7,0,0,0,0,1,0,0,1,4.52655E+20,5.37329E+21,8.35895E+15,4.85109E+16
109967,109968,8,4,15,50,2016,1,17,4,3,5,3,2,0,0,1,0,0,0,0,5.21185E+20,5.37672E+21,9.28703E+15,4.85432E+16
109968,109969,8,3,16,56,2016,2,14,3,3,1,5,0,0,1,1,0,0,0,0,4.22591E+20,5.32712E+21,7.96042E+15,4.80927E+16
109969,109970,8,4,15,50,2016,2,16,2,3,5,3,0,0,0,1,0,1,0,0,5.21185E+20,5.37672E+21,9.28703E+15,4.85432E+16
109970,109971,8,2,31,0,2016,2,17,2,3,6,7,0,1,0,1,1,0,0,0,4.7568E+20,5.41657E+21,8.66815E+15,4.89016E+16
109971,109972,8,2,15,7,2016,1,5,1,3,8,1,2,1,0,1,0,0,0,0,4.78954E+20,5.43146E+21,8.71206E+15,4.90357E+16
109972,109973,8,1,15,3,2016,1,15,4,3,5,3,0,0,0,1,0,0,0,0,5.00121E+20,5.39154E+21,9.00164E+15,4.86769E+16
109973,109974,8,2,26,32,2016,1,21,7,3,8,1,2,1,0,1,0,0,0,0,4.67174E+20,5.46532E+21,8.54812E+15,4.93397E+16
109974,109975,8,3,17,11,2016,1,16,3,2,5,3,0,0,1,1,0,0,0,0,4.28701E+20,5.3546E+21,8.03783E+15,4.83405E+16
109975,109976,8,4,16,41,2016,1,20,6,3,5,3,2,0,0,1,0,1,0,0,5.03385E+20,5.37454E+21,9.04584E+15,4.85239E+16
109976,109977,8,1,15,3,2016,1,16,3,3,5,3,0,0,1,1,0,0,0,0,4.98246E+20,5.39175E+21,8.97618E+15,4.86788E+16
109977,109978,8,2,22,0,2016,2,19,3,3,5,3,2,0,0,1,0,0,0,0,4.6187E+20,5.48266E+21,8.47345E+15,4.94954E+16
109978,109979,8,2,26,28,2016,1,15,5,3,6,7,0,0,0,0,1,0,0,1,4.71894E+20,5.48346E+21,8.61181E+15,4.95031E+16
109979,109980,8,3,36,91,2016,2,15,2,3,5,3,0,0,1,1,0,0,0,0,3.96503E+20,5.27178E+21,7.62339E+15,4.75911E+16
109980,109981,8,1,19,84,2016,2,17,2,3,3,6,1,0,0,1,0,0,0,0,5.4587E+20,5.41405E+21,9.62561E+15,4.88777E+16
109981,109982,8,3,35,75,2016,1,13,7,3,5,3,0,0,1,1,0,0,0,0,4.88472E+20,5.28878E+21,8.84619E+15,4.77523E+16
109982,109983,8,1,15,28,2016,1,13,7,3,6,7,0,0,0,1,1,0,0,0,4.99775E+20,5.40374E+21,8.99694E+15,4.87867E+16
109983,109984,8,2,36,50,2016,1,8,3,3,8,1,0,2,0,1,0,0,0,0,4.8678E+20,5.42421E+21,8.81936E+15,4.89707E+16
109984,109985,8,4,15,50,2016,2,16,2,3,6,4,0,0,0,1,1,0,0,0,5.19879E+20,5.37683E+21,9.26933E+15,4.85442E+16
109985,109986,8,2,16,43,2016,2,21,2,3,1,7,2,0,0,1,0,1,0,0,4.42484E+20,5.41194E+21,8.21587E+15,4.88578E+16
109986,109987,8,1,11,0,2016,1,16,1,3,5,2,0,1,0,1,0,0,0,0,5.07457E+20,5.39784E+21,9.10142E+15,4.87335E+16
109987,109988,8,1,18,48,2016,1,10,7,3,4,2,0,0,0,1,0,0,0,0,5.1398E+20,5.4148E+21,9.1907E+15,4.8886E+16
109988,109989,8,3,36,69,2016,1,15,3,3,5,2,0,0,1,1,0,0,0,0,4.08221E+20,5.26899E+21,7.7798E+15,4.75678E+16
109989,109990,8,3,27,9,2016,1,12,6,2,4,1,0,0,0,1,0,0,0,0,4.82414E+20,5.33543E+21,8.76347E+15,4.81719E+16
109990,109991,8,1,11,0,2016,1,8,3,3,2,6,0,1,0,1,0,0,0,1,5.13733E+20,5.40852E+21,9.18712E+15,4.88295E+16
109991,109992,8,2,16,43,2016,1,10,4,3,5,3,0,0,0,1,0,0,0,0,4.42044E+20,5.41125E+21,8.20997E+15,4.88515E+16
109992,109993,8,2,12,0,2016,1,9,6,3,5,3,0,1,1,1,0,0,0,0,4.52219E+20,5.43038E+21,8.34641E+15,4.90244E+16
109993,109994,8,2,22,0,2016,1,13,5,3,1,5,0,0,0,1,0,0,0,1,4.6074E+20,5.48206E+21,8.4579E+15,4.94899E+16
109994,109995,8,2,15,59,2016,1,12,5,3,2,6,0,1,0,1,0,0,0,0,4.85315E+20,5.43459E+21,8.79897E+15,4.9064E+16
109995,109996,8,3,17,118,2016,1,15,2,3,6,4,0,0,0,0,1,1,0,0,4.35782E+20,5.38532E+21,8.12866E+15,4.86177E+16
109996,109997,8,1,11,0,2016,2,7,4,3,9,1,0,0,0,1,0,0,0,0,5.15651E+20,5.40738E+21,9.21322E+15,4.88192E+16
109997,109998,8,3,15,64,2016,2,12,7,1,8,1,0,0,0,1,0,0,0,0,4.20857E+20,5.3127E+21,7.93979E+15,4.79627E+16
109998,109999,8,1,18,48,2016,2,18,2,3,0,7,2,1,0,1,0,0,0,0,5.1421E+20,5.41593E+21,9.19387E+15,4.88961E+16
109999,110000,8,1,11,0,2016,2,9,3,3,5,3,0,1,0,1,0,0,0,0,5.10781E+20,5.40655E+21,9.14684E+15,4.88119E+16
110000,110001,8,2,22,0,2016,2,11,6,2,1,5,0,0,1,1,0,0,0,0,4.64301E+20,5.48517E+21,8.50678E+15,4.95181E+16
110001,110002,8,2,26,96,2016,2,6,4,3,2,6,2,1,0,1,0,0,0,0,4.74861E+20,5.48946E+21,8.65241E+15,4.95572E+16
110002,110003,8,1,11,0,2016,2,13,7,3,3,2,0,0,1,1,0,0,0,0,5.17717E+20,5.40233E+21,9.24114E+15,4.87737E+16
110003,110004,8,1,19,91,2016,2,16,3,3,6,7,0,1,0,1,1,0,0,0,5.28466E+20,5.40582E+21,9.38767E+15,4.88047E+16
110004,110005,8,2,22,0,2016,2,16,7,3,2,6,0,1,0,1,0,0,0,0,4.6186E+20,5.48234E+21,8.47334E+15,4.94925E+16
110005,110006,8,2,22,0,2016,2,13,6,3,5,5,0,0,1,1,0,0,0,0,4.63547E+20,5.48312E+21,8.49656E+15,4.94996E+16
110006,110007,8,1,11,0,2016,2,4,6,3,0,1,2,0,1,0,0,0,0,0,5.11805E+20,5.39574E+21,9.16048E+15,4.87146E+16
110007,110008,8,1,11,0,2016,2,16,5,3,2,6,0,0,0,1,0,0,0,0,5.13187E+20,5.4017E+21,9.17945E+15,4.87682E+16
110008,110009,8,2,22,0,2016,2,15,5,3,5,3,0,0,0,1,0,0,0,0,4.61414E+20,5.48365E+21,8.46705E+15,4.95043E+16
110009,110010,8,4,36,49,2016,2,9,3,3,6,2,0,0,0,1,1,0,0,0,5.77767E+20,5.2824E+21,1.00363E+16,4.76903E+16
110010,110011,8,1,11,0,2016,2,15,6,3,2,6,0,0,0,1,0,0,0,1,5.07455E+20,5.39783E+21,9.10139E+15,4.87335E+16
110011,110012,8,2,22,0,2016,2,13,5,3,5,2,0,1,0,1,0,0,0,0,4.64793E+20,5.47764E+21,8.51425E+15,4.94504E+16
110012,110013,8,2,22,0,2016,2,18,5,3,1,6,2,0,0,1,0,0,0,1,4.64628E+20,5.48294E+21,8.5115E+15,4.9498E+16
110013,110014,8,1,36,44,2016,2,10,6,3,5,3,0,1,0,1,0,0,0,0,5.57546E+20,5.40767E+21,9.78394E+15,4.88194E+16
110014,110015,8,2,26,9,2016,2,10,5,2,3,5,0,0,1,1,0,0,0,0,4.65539E+20,5.47292E+21,8.52496E+15,4.9408E+16
110015,110016,8,2,26,95,2016,2,10,4,2,5,3,0,1,0,1,0,1,0,0,4.73925E+20,5.4618E+21,8.64128E+15,4.93084E+16
110016,110017,8,4,36,82,2016,2,8,6,3,0,5,0,1,0,1,0,1,0,0,5.47897E+20,5.29485E+21,9.63969E+15,4.78052E+16
110017,110018,8,1,36,88,2016,2,13,7,3,2,2,0,0,0,1,0,0,0,0,5.7811E+20,5.40989E+21,1.00645E+16,4.88371E+16
110018,110019,8,1,18,80,2016,2,6,6,3,4,2,2,0,1,1,0,0,0,0,5.09263E+20,5.40866E+21,9.12622E+15,4.88309E+16
110019,110020,8,3,25,49,2016,2,10,5,3,6,4,0,0,0,1,1,0,0,0,4.73356E+20,5.33259E+21,8.64181E+15,4.8146E+16
110020,110021,8,3,35,43,2016,2,20,4,3,0,7,2,0,1,0,0,0,0,0,5.13334E+20,5.28014E+21,9.17763E+15,4.76745E+16
110021,110022,8,2,16,24,2016,2,17,5,3,5,3,2,1,1,1,0,0,0,0,4.45038E+20,5.40875E+21,8.25111E+15,4.88293E+16
110022,110023,8,3,27,25,2016,2,4,3,2,1,7,2,1,0,1,0,0,0,0,4.80245E+20,5.30987E+21,8.73547E+15,4.79418E+16
110023,110024,8,3,37,49,2016,2,11,5,3,4,1,0,2,0,1,0,0,0,0,4.24952E+20,5.27957E+21,8.00039E+15,4.76652E+16
110024,110025,8,2,15,9,2016,2,18,5,3,6,2,2,1,0,1,1,0,0,0,4.69801E+20,5.43609E+21,8.58648E+15,4.9077E+16
110025,110026,8,3,11,0,2016,2,18,7,3,2,6,2,0,0,1,0,0,0,0,4.10446E+20,5.31568E+21,7.79974E+15,4.79882E+16
110026,110027,8,1,18,48,2016,2,17,2,3,2,6,1,1,0,1,0,0,0,0,5.1367E+20,5.41544E+21,9.18649E+15,4.88917E+16
110027,110028,8,1,35,19,2016,2,17,3,3,1,6,1,1,0,1,0,0,0,0,5.84506E+20,5.39259E+21,1.01481E+16,4.86806E+16
110028,110029,8,4,21,0,2016,2,15,6,3,4,2,0,0,1,1,0,0,0,0,5.70477E+20,5.35718E+21,9.95151E+15,4.83639E+16
110029,110030,8,1,15,3,2016,2,11,6,2,3,6,0,0,0,1,0,1,0,0,5.02647E+20,5.39078E+21,9.03596E+15,4.867E+16
110030,110031,8,2,12,0,2016,2,20,5,2,5,3,2,0,1,1,0,0,0,0,4.54036E+20,5.42849E+21,8.37149E+15,4.90076E+16
110031,110032,8,1,36,65,2016,2,21,4,2,5,2,2,1,1,1,0,0,0,0,5.5895E+20,5.4058E+21,9.8028E+15,4.88024E+16
110032,110033,8,2,31,0,2016,2,23,3,3,5,3,2,1,0,1,0,0,0,0,4.80684E+20,5.41513E+21,8.7365E+15,4.88888E+16
110033,110034,8,3,11,0,2016,2,18,5,3,2,6,2,1,0,1,0,0,0,0,4.14074E+20,5.3159E+21,7.84831E+15,4.79906E+16
110034,110035,8,2,12,0,2016,2,14,7,3,6,7,0,0,0,1,1,0,0,0,4.5616E+20,5.42882E+21,8.40049E+15,4.90107E+16
110035,110036,8,1,16,14,2016,2,10,2,3,5,3,0,0,0,1,0,1,0,0,5.28446E+20,5.39559E+21,9.38669E+15,4.87127E+16
110036,110037,8,4,36,49,2016,2,6,2,3,5,3,2,2,0,1,0,0,1,0,5.77765E+20,5.28241E+21,1.00363E+16,4.76904E+16
110037,110038,8,2,36,40,2016,2,16,6,3,5,3,0,0,0,1,0,1,0,0,4.85307E+20,5.42086E+21,8.79936E+15,4.89405E+16
110038,110039,8,2,12,0,2016,2,12,6,3,1,5,0,0,0,1,0,0,0,1,4.55375E+20,5.42693E+21,8.38996E+15,4.89937E+16
110039,110040,8,4,35,67,2016,2,12,2,3,6,7,0,0,0,1,1,0,0,0,5.31932E+20,5.29005E+21,9.42613E+15,4.7763E+16
110040,110041,8,2,22,0,2016,2,14,5,3,1,6,0,0,0,1,0,0,0,0,4.61123E+20,5.48524E+21,8.46288E+15,4.95186E+16
110041,110042,8,2,31,0,2016,2,16,5,2,6,4,0,1,0,1,1,0,0,0,4.77303E+20,5.41568E+21,8.69035E+15,4.88936E+16
110042,110043,8,2,16,28,2016,2,9,5,2,5,3,0,0,0,1,0,0,0,0,4.2537E+20,5.39676E+21,7.98535E+15,4.87194E+16
110043,110044,8,4,35,16,2016,2,7,6,3,5,3,2,1,1,1,0,0,0,0,5.36602E+20,5.2786E+21,9.48747E+15,4.76598E+16
110044,110045,8,2,12,0,2016,2,10,7,2,6,4,0,0,0,1,1,0,0,0,4.54232E+20,5.43259E+21,8.37371E+15,4.90445E+16
110045,110046,8,1,15,28,2016,2,15,2,3,5,2,0,1,0,1,0,0,0,0,5.01057E+20,5.40384E+21,9.0144E+15,4.87876E+16
110046,110047,8,3,35,100,2016,2,4,2,2,6,6,2,0,0,1,1,0,0,0,4.88792E+20,5.28747E+21,8.8505E+15,4.77405E+16
110047,110048,8,2,15,17,2016,2,12,6,3,2,6,0,0,1,1,0,0,0,0,4.5647E+20,5.4212E+21,8.40555E+15,4.89422E+16
110048,110049,8,2,22,0,2016,2,17,4,2,6,4,0,0,0,1,1,0,0,0,4.63146E+20,5.48385E+21,8.49096E+15,4.95061E+16
110049,110050,8,4,25,141,2016,2,18,6,2,6,7,2,0,0,1,1,0,0,0,5.67393E+20,5.36339E+21,9.91086E+15,4.842E+16
110050,110051,8,1,19,44,2016,2,5,3,3,1,5,2,1,1,1,0,0,0,0,5.42905E+20,5.42623E+21,9.58645E+15,4.89875E+16
110051,110052,8,2,26,41,2016,2,12,4,3,0,7,0,0,0,0,1,0,0,1,4.77396E+20,5.4663E+21,8.68878E+15,4.9349E+16
110052,110053,8,2,31,0,2016,2,15,5,3,2,6,0,1,0,1,0,0,0,0,4.77439E+20,5.41538E+21,8.69222E+15,4.88909E+16
110053,110054,8,3,11,0,2016,2,9,7,3,5,3,0,0,1,0,0,0,0,0,4.17907E+20,5.315E+21,7.89985E+15,4.7983E+16
110054,110055,8,4,25,72,2016,2,15,6,3,4,7,0,0,1,1,0,0,0,0,5.83165E+20,5.37178E+21,1.01257E+16,4.84936E+16
110055,110056,8,2,12,0,2016,2,11,7,2,0,7,0,0,0,0,0,0,0,1,4.54995E+20,5.42887E+21,8.38456E+15,4.90111E+16
110056,110057,8,1,16,71,2016,2,17,3,3,5,2,0,1,1,1,0,0,0,0,5.27845E+20,5.39225E+21,9.3783E+15,4.86826E+16
110057,110058,8,4,15,62,2016,2,16,1,3,4,6,0,0,1,1,0,0,0,0,5.19842E+20,5.37793E+21,9.26889E+15,4.85542E+16
110058,110059,8,2,25,14,2016,2,7,6,2,9,1,1,2,0,1,0,0,0,0,5.25996E+20,5.48278E+21,9.35901E+15,4.94971E+16
110059,110060,8,1,27,14,2016,2,14,5,2,5,3,0,1,0,1,0,0,0,0,5.79219E+20,5.4432E+21,1.00861E+16,4.91365E+16
110060,110061,8,1,36,42,2016,2,11,5,3,5,3,0,1,0,1,0,0,0,0,5.51651E+20,5.40476E+21,9.70327E+15,4.87937E+16