FID,OBJECTID,ULAND,UREGBEZ,UKREIS,UGEMEINDE,UJAHR,UMONAT,USTUNDE,UWOCHENTAG,UKATEGORIE,UART,UTYP1,ULICHTVERH,IstStrasse,IstRad,IstPKW,IstFuss,IstKrad,IstGkfz,IstSonstig,LINREFX,LINREFY,XGCSWGS84,YGCSWGS84
110061,110062,8,1,16,16,2016,2,16,4,3,0,1,0,0,1,0,0,0,0,0,5.3322E+20,5.38575E+21,9.4508E+15,4.8624E+16
110062,110063,8,1,18,48,2016,2,15,6,2,6,4,0,0,0,1,1,0,0,0,5.15278E+20,5.4151E+21,9.20841E+15,4.88887E+16
110063,110064,8,1,28,7,2016,2,18,5,2,5,3,2,1,1,0,0,0,0,1,5.55871E+20,5.48285E+21,9.77155E+15,4.94957E+16
110064,110065,8,2,12,0,2016,2,16,4,3,5,3,0,0,1,1,0,0,0,0,4.55037E+20,5.4288E+21,8.38514E+15,4.90104E+16
110065,110066,8,1,28,139,2016,2,11,3,3,5,3,0,1,0,1,0,0,0,0,5.50985E+20,5.49076E+21,9.70511E+15,4.95673E+16
110066,110067,8,4,16,41,2016,2,8,6,3,5,3,0,1,0,1,0,0,0,0,5.02653E+20,5.37639E+21,9.03594E+15,4.85406E+16
110067,110068,8,1,16,80,2016,2,13,7,3,5,3,0,0,0,1,0,0,0,0,5.1902E+20,5.3975E+21,9.25864E+15,4.87302E+16
110068,110069,8,1,15,45,2016,2,15,6,2,0,7,0,0,0,1,0,0,0,1,5.01997E+20,5.39437E+21,9.02715E+15,4.87024E+16
110069,110070,8,3,36,69,2016,2,11,5,3,5,2,0,0,1,1,0,0,0,0,4.04645E+20,5.26783E+21,7.73251E+15,4.75569E+16
110070,110071,8,2,12,0,2016,2,13,4,3,0,5,0,1,1,1,0,0,0,0,4.56426E+20,5.42875E+21,8.40413E+15,4.90101E+16
110071,110072,8,2,11,0,2016,2,10,7,3,5,3,0,1,1,1,0,0,0,0,4.38651E+20,5.39868E+21,8.16561E+15,4.87381E+16
110072,110073,8,1,27,14,2016,2,23,6,3,0,7,2,0,1,0,0,0,0,0,5.76576E+20,5.44418E+21,1.005E+16,4.91457E+16
110073,110074,8,4,25,72,2016,2,10,5,3,5,3,0,0,0,1,0,0,0,0,5.83017E+20,5.37204E+21,1.01237E+16,4.8496E+16
110074,110075,8,4,35,57,2016,2,12,4,3,8,6,0,0,0,1,0,0,0,0,5.44784E+20,5.27653E+21,9.59623E+15,4.76406E+16
110075,110076,8,1,27,76,2016,2,17,5,3,6,4,1,1,0,0,1,0,0,1,5.53311E+20,5.44021E+21,9.73052E+15,4.91124E+16
110076,110077,8,4,16,41,2016,2,18,3,3,1,7,2,1,0,1,0,0,0,0,5.03477E+20,5.37439E+21,9.04709E+15,4.85226E+16
110077,110078,8,1,11,0,2016,2,12,6,3,2,2,0,0,0,1,0,0,0,0,5.06845E+20,5.39842E+21,9.0931E+15,4.87388E+16
110078,110079,8,1,25,5,2016,2,6,5,2,5,2,2,1,1,1,0,0,0,0,5.1561E+20,5.45123E+21,9.21434E+15,4.92136E+16
110079,110080,8,3,16,49,2016,2,18,6,3,5,3,2,1,0,1,0,0,0,0,4.04827E+20,5.33895E+21,7.71926E+15,4.81966E+16
110080,110081,8,1,11,0,2016,2,12,6,3,2,6,0,0,0,1,0,0,0,0,5.1569E+20,5.40594E+21,9.21368E+15,4.88062E+16
110081,110082,8,2,12,0,2016,2,17,5,3,0,2,0,0,1,1,0,0,0,0,4.56729E+20,5.42885E+21,8.40827E+15,4.90111E+16
110082,110083,8,1,21,0,2016,2,19,4,3,3,6,2,1,0,1,0,0,0,0,5.15442E+20,5.44425E+21,9.21176E+15,4.91509E+16
110083,110084,8,2,11,0,2016,2,11,3,3,0,7,0,1,0,1,0,0,0,0,4.40625E+20,5.40373E+21,8.19172E+15,4.87837E+16
110084,110085,8,2,12,0,2016,2,19,5,2,6,4,1,1,0,1,1,0,0,0,4.5671E+20,5.4278E+21,8.40813E+15,4.90016E+16
110085,110086,8,1,19,91,2016,2,18,5,3,6,4,2,1,0,1,1,0,0,0,5.2683E+20,5.40671E+21,9.36545E+15,4.88128E+16
110086,110087,8,2,26,98,2016,2,21,7,2,0,7,2,0,0,1,0,0,0,0,4.7616E+20,5.45842E+21,8.67223E+15,4.9278E+16
110087,110088,8,3,11,0,2016,2,18,3,3,4,1,2,1,1,0,0,0,0,0,4.12027E+20,5.31768E+21,7.82051E+15,4.80064E+16
110088,110089,8,3,27,50,2016,2,19,5,3,8,1,2,1,0,1,0,0,0,0,4.88359E+20,5.31464E+21,8.84398E+15,4.79849E+16
110089,110090,8,1,19,76,2016,2,5,5,2,6,2,2,1,0,1,1,0,0,0,5.41672E+20,5.4062E+21,9.56755E+15,4.88074E+16
110090,110091,8,2,26,84,2016,2,12,7,3,3,6,0,0,0,1,0,1,0,0,4.70122E+20,5.46994E+21,8.58835E+15,4.93814E+16
110091,110092,8,3,36,57,2016,2,0,1,3,6,7,2,0,0,0,1,0,0,1,4.07946E+20,5.27747E+21,7.77435E+15,4.76441E+16
110092,110093,8,3,36,91,2016,2,17,2,3,5,3,1,1,0,1,0,0,0,0,3.95856E+20,5.27218E+21,7.61469E+15,4.75946E+16
110093,110094,8,2,12,0,2016,2,14,2,3,0,7,0,0,1,0,0,0,0,0,4.56327E+20,5.4287E+21,8.40279E+15,4.90096E+16
110094,110095,8,2,15,9,2016,2,9,5,3,1,7,0,0,1,1,0,0,0,0,4.70468E+20,5.44156E+21,8.59521E+15,4.91262E+16
110095,110096,8,1,36,9,2016,2,17,4,2,6,4,2,1,0,1,1,0,0,0,5.67454E+20,5.40806E+21,9.91896E+15,4.88218E+16
110096,110097,8,3,17,65,2016,2,15,7,3,7,7,0,0,0,1,1,0,0,0,4.11623E+20,5.35271E+21,7.80781E+15,4.83214E+16
110097,110098,8,3,36,91,2016,2,19,6,3,2,6,2,0,0,1,0,0,0,0,3.94683E+20,5.27273E+21,7.59896E+15,4.75995E+16
110098,110099,8,2,22,0,2016,2,1,7,3,5,3,2,0,0,1,0,0,0,0,4.6454E+20,5.48504E+21,8.5101E+15,4.9517E+16
110099,110100,8,1,16,19,2016,2,18,3,2,5,3,2,1,1,1,0,0,0,0,5.20211E+20,5.39947E+21,9.27494E+15,4.87479E+16
110100,110101,8,3,16,56,2016,2,13,1,3,5,3,0,1,0,1,0,0,0,0,4.2292E+20,5.32729E+21,7.9648E+15,4.80942E+16
110101,110102,8,1,18,11,2016,2,7,5,2,6,4,2,0,0,0,1,0,0,1,5.05727E+20,5.40746E+21,9.07802E+15,4.88201E+16
110102,110103,8,1,36,29,2016,2,11,6,3,4,2,0,1,0,1,0,0,0,0,5.69417E+20,5.41193E+21,9.94636E+15,4.88565E+16
110103,110104,8,3,11,0,2016,2,2,1,3,2,6,2,0,0,1,0,0,0,0,4.15043E+20,5.32068E+21,7.86034E+15,4.80337E+16
110104,110105,8,2,26,97,2016,2,16,6,3,0,3,0,0,1,1,0,0,0,0,4.85788E+20,5.46745E+21,8.80428E+15,4.93596E+16
110105,110106,8,1,36,50,2016,2,7,4,3,3,2,1,0,1,1,0,0,0,0,5.80837E+20,5.4036E+21,1.01004E+16,4.87801E+16
110106,110107,8,2,25,32,2016,2,14,7,3,2,1,0,1,0,1,0,0,0,0,5.34828E+20,5.49611E+21,9.48215E+15,4.96165E+16
110107,110108,8,3,35,75,2016,2,18,6,3,2,6,2,0,0,1,0,0,0,1,4.88594E+20,5.28881E+21,8.84782E+15,4.77525E+16
110108,110109,8,1,15,15,2016,2,18,3,3,5,2,2,1,0,1,0,0,0,0,4.93739E+20,5.38779E+21,8.91501E+15,4.86431E+16
110109,110110,8,2,22,0,2016,2,20,7,3,5,3,2,1,0,1,0,0,0,0,4.62082E+20,5.48518E+21,8.47613E+15,4.9518E+16
110110,110111,8,2,21,0,2016,2,21,6,2,0,1,2,0,1,0,0,0,0,0,4.77187E+20,5.47144E+21,8.6856E+15,4.93953E+16
110111,110112,8,1,18,70,2016,2,13,5,3,6,4,0,0,0,1,1,0,0,0,5.16978E+20,5.42627E+21,9.23207E+15,4.89891E+16
110112,110113,8,1,17,19,2016,2,15,5,3,5,3,0,1,1,1,0,0,0,0,5.51988E+20,5.39409E+21,9.70651E+15,4.86977E+16
110113,110114,8,1,11,0,2016,2,6,4,3,5,3,2,1,1,1,0,0,0,0,5.17792E+20,5.40241E+21,9.24215E+15,4.87745E+16
110114,110115,8,1,15,3,2016,2,7,6,3,5,2,0,1,1,1,0,0,0,0,5.00794E+20,5.39169E+21,9.01078E+15,4.86783E+16
110115,110116,8,1,16,77,2016,2,16,5,3,5,3,0,1,0,1,0,0,0,0,5.16246E+20,5.39219E+21,9.22071E+15,4.86826E+16
110116,110117,8,1,16,19,2016,2,16,5,3,4,1,1,1,0,1,0,0,0,0,5.20698E+20,5.39781E+21,9.28148E+15,4.8733E+16
110117,110118,8,1,35,31,2016,2,13,4,3,5,3,0,1,0,1,0,0,0,0,5.94392E+20,5.37888E+21,1.02792E+16,4.85559E+16
110118,110119,8,3,17,145,2016,2,16,6,3,9,1,0,0,0,1,0,0,0,0,4.41931E+20,5.3491E+21,8.21711E+15,4.82925E+16
110119,110120,8,1,35,32,2016,2,17,7,2,5,3,2,1,1,0,0,0,0,1,5.77936E+20,5.39364E+21,1.0059E+16,4.86909E+16
110120,110121,8,1,18,53,2016,2,11,6,3,5,3,0,0,0,1,0,0,0,0,5.15139E+20,5.42737E+21,9.20698E+15,4.8999E+16
110121,110122,8,3,37,96,2016,2,13,5,3,6,4,0,0,0,1,1,0,0,0,4.20803E+20,5.26731E+21,7.94734E+15,4.75544E+16
110122,110123,8,4,16,41,2016,2,15,4,3,0,7,0,1,1,0,0,0,0,0,5.03746E+20,5.37455E+21,9.05074E+15,4.8524E+16
110123,110124,8,1,15,28,2016,2,12,5,3,5,2,0,1,0,1,0,0,0,0,5.02224E+20,5.40409E+21,9.03028E+15,4.87898E+16
110124,110125,8,3,25,45,2016,2,17,3,3,5,3,1,1,0,1,0,1,0,0,4.6677E+20,5.3492E+21,8.55197E+15,4.82951E+16
110125,110126,8,4,26,70,2016,2,13,5,3,6,4,0,0,0,1,1,0,0,0,5.6541E+20,5.34204E+21,9.88076E+15,4.82282E+16
110126,110127,8,1,11,0,2016,2,12,5,3,5,2,0,1,0,0,0,1,0,1,5.12345E+20,5.40119E+21,9.16798E+15,4.87636E+16
110127,110128,8,2,12,0,2016,2,10,7,3,2,6,0,0,0,1,0,0,0,0,4.54949E+20,5.4288E+21,8.38393E+15,4.90105E+16
110128,110129,8,2,12,0,2016,2,23,1,3,0,7,2,0,1,0,0,0,0,0,4.52659E+20,5.42782E+21,8.35274E+15,4.90014E+16
110129,110130,8,3,11,0,2016,2,8,6,3,4,6,0,1,0,1,0,0,0,0,4.14846E+20,5.31694E+21,7.85845E+15,4.80001E+16
110130,110131,8,2,12,0,2016,2,10,2,3,4,2,0,1,0,1,0,0,0,0,4.59031E+20,5.42833E+21,8.4398E+15,4.90065E+16
110131,110132,8,1,11,0,2016,2,9,7,3,5,3,0,0,0,1,0,0,0,0,5.15248E+20,5.403E+21,9.20755E+15,4.87798E+16
110132,110133,8,1,15,3,2016,2,13,6,3,5,3,0,0,1,1,0,0,0,0,5.00709E+20,5.39335E+21,9.00963E+15,4.86932E+16
110133,110134,8,3,11,0,2016,2,14,5,3,0,1,0,0,1,0,0,0,0,0,4.17732E+20,5.31503E+21,7.8975E+15,4.79833E+16
110134,110135,8,2,11,0,2016,2,14,4,2,5,3,0,1,1,1,0,0,0,0,4.39974E+20,5.4034E+21,8.18291E+15,4.87807E+16
110135,110136,8,2,12,0,2016,2,11,3,2,6,4,0,1,0,1,1,0,0,0,4.55199E+20,5.43097E+21,8.38711E+15,4.903E+16
110136,110137,8,3,11,0,2016,2,19,5,3,1,1,2,1,0,1,0,0,0,0,4.10188E+20,5.31546E+21,7.79632E+15,4.79861E+16
110137,110138,8,4,36,81,2016,2,4,4,3,5,3,2,1,0,0,0,0,0,1,5.62514E+20,5.28291E+21,9.83317E+15,4.76966E+16
110138,110139,8,1,18,7,2016,2,11,7,3,5,7,0,0,0,1,0,0,0,0,5.10243E+20,5.42723E+21,9.14003E+15,4.89978E+16
110139,110140,8,1,25,13,2016,2,15,1,2,0,1,0,0,0,0,0,1,0,0,5.07612E+20,5.43624E+21,9.10424E+15,4.9079E+16
110140,110141,8,2,37,40,2016,2,21,2,3,4,3,2,1,0,1,0,0,0,0,4.77314E+20,5.36712E+21,8.69316E+15,4.84568E+16
110141,110142,8,2,25,109,2016,2,14,2,3,5,3,0,1,0,1,0,0,0,0,5.26257E+20,5.49148E+21,9.36319E+15,4.95753E+16
110142,110143,8,2,15,7,2016,2,10,6,3,3,6,0,0,1,1,0,0,0,0,4.76602E+20,5.43135E+21,8.67989E+15,4.90346E+16
110143,110144,8,1,28,7,2016,2,9,4,3,5,3,0,0,1,1,0,0,0,0,5.55739E+20,5.48229E+21,9.76966E+15,4.94907E+16
110144,110145,8,2,26,95,2016,2,15,5,3,6,4,0,1,0,0,1,0,0,1,4.74038E+20,5.46122E+21,8.64287E+15,4.93031E+16
110145,110146,8,2,22,0,2016,2,12,5,3,5,3,0,0,0,1,0,0,0,0,4.62107E+20,5.48314E+21,8.47668E+15,4.94997E+16
110146,110147,8,2,12,0,2016,2,14,5,3,5,3,0,1,1,1,0,0,0,0,4.55996E+20,5.42895E+21,8.39824E+15,4.90118E+16
110147,110148,8,4,26,21,2016,2,21,4,3,5,2,2,1,1,1,0,0,0,0,5.57824E+20,5.32675E+21,9.77654E+15,4.80914E+16
110148,110149,8,3,17,151,2016,2,13,6,3,5,5,0,0,0,1,0,0,0,0,4.12343E+20,5.36817E+21,7.81429E+15,4.84606E+16
110149,110150,8,1,17,26,2016,2,15,7,3,8,1,0,0,0,1,0,0,0,0,5.46565E+20,5.39502E+21,9.63292E+15,4.87065E+16
110150,110151,8,1,18,19,2016,2,1,1,3,6,7,2,0,0,1,1,0,0,0,5.05562E+20,5.4055E+21,9.07575E+15,4.88025E+16
110151,110152,8,2,22,0,2016,2,16,2,3,2,2,0,1,0,1,0,0,1,0,4.63521E+20,5.48425E+21,8.4961E+15,4.95098E+16
110152,110153,8,2,15,109,2016,2,0,6,3,0,6,2,0,1,0,0,0,0,1,4.60971E+20,5.43547E+21,8.46563E+15,4.90708E+16
110153,110154,8,1,25,65,2016,2,11,4,3,1,6,0,1,0,1,0,0,0,0,5.16257E+20,5.44906E+21,9.22313E+15,4.91941E+16
110154,110155,8,3,17,65,2016,2,19,6,3,5,2,2,0,0,1,0,0,0,0,4.15723E+20,5.35406E+21,7.86284E+15,4.83341E+16
110155,110156,8,1,11,0,2016,2,19,3,3,6,7,2,1,0,1,1,0,0,0,5.17285E+20,5.40685E+21,9.23544E+15,4.88144E+16
110156,110157,8,2,22,0,2016,2,11,7,3,5,3,0,0,1,1,0,0,0,0,4.69663E+20,5.47623E+21,8.58155E+15,4.9438E+16
110157,110158,8,2,12,0,2016,2,14,6,3,5,3,0,0,1,1,0,0,0,0,4.55561E+20,5.4289E+21,8.39229E+15,4.90114E+16
110158,110159,8,3,17,57,2016,2,15,7,2,9,1,0,1,0,1,0,0,0,0,4.14013E+20,5.37387E+21,7.83572E+15,4.85121E+16
110159,110160,8,3,15,132,2016,2,9,6,3,5,3,0,1,0,1,0,0,0,0,4.09036E+20,5.32372E+21,7.77913E+15,4.80603E+16
110160,110161,8,1,16,47,2016,2,11,7,3,5,3,0,0,0,0,0,1,0,1,5.20065E+20,5.39274E+21,9.27263E+15,4.86874E+16
110161,110162,8,1,11,0,2016,2,20,3,3,0,7,2,1,0,1,0,0,0,1,5.17141E+20,5.4041E+21,9.23337E+15,4.87896E+16
110162,110163,8,1,11,0,2016,2,20,1,3,2,4,2,0,0,1,1,0,0,0,5.16202E+20,5.40514E+21,9.22062E+15,4.8799E+16
110163,110164,8,2,31,0,2016,2,19,6,2,6,4,2,0,0,1,1,0,0,0,4.77022E+20,5.41533E+21,8.68653E+15,4.88905E+16
110164,110165,8,2,15,108,2016,2,19,5,3,7,6,2,0,0,1,0,0,0,0,4.50711E+20,5.42538E+21,8.32639E+15,4.89793E+16
110165,110166,8,4,25,71,2016,2,7,4,3,5,3,1,1,0,1,0,0,0,0,5.518E+20,5.37105E+21,9.70109E+15,4.84905E+16
110166,110167,8,1,18,48,2016,2,7,4,3,6,2,2,1,0,1,1,0,0,0,5.13974E+20,5.41498E+21,9.19062E+15,4.88876E+16
110167,110168,8,1,25,65,2016,2,8,6,3,3,6,0,0,1,1,0,0,0,0,5.16091E+20,5.44756E+21,9.22079E+15,4.91806E+16
110168,110169,8,4,15,61,2016,2,11,4,3,0,1,0,0,1,0,0,0,0,0,5.15441E+20,5.37111E+21,9.209E+15,4.84929E+16
110169,110170,8,1,21,0,2016,2,23,4,3,6,2,2,1,0,1,1,0,0,0,5.15104E+20,5.44277E+21,9.20707E+15,4.91376E+16
110170,110171,8,3,11,0,2016,2,15,6,3,1,5,0,0,1,1,0,0,0,0,4.13761E+20,5.31637E+21,7.84402E+15,4.79948E+16
110171,110172,8,1,21,0,2016,2,18,7,3,4,2,2,1,0,1,0,0,0,0,5.15984E+20,5.44519E+21,9.21923E+15,4.91594E+16
110172,110173,8,1,18,79,2016,2,11,6,3,3,2,0,0,1,0,0,0,1,0,5.1042E+20,5.42249E+21,9.14233E+15,4.89552E+16
110173,110174,8,3,16,9,2016,2,19,5,3,5,3,2,0,0,1,0,0,0,0,4.15919E+20,5.32473E+21,7.8713E+15,4.80703E+16
110174,110175,8,2,12,0,2016,2,16,4,2,4,2,0,1,0,1,0,0,0,0,4.5954E+20,5.43246E+21,8.44635E+15,4.90437E+16
110175,110176,8,3,36,50,2016,2,8,3,3,5,3,0,1,1,1,0,0,0,0,4.00037E+20,5.27453E+21,7.66975E+15,4.76165E+16
110176,110177,8,3,35,43,2016,2,8,5,3,5,3,0,1,1,0,0,0,0,0,5.1268E+20,5.27837E+21,9.16888E+15,4.76586E+16
110177,110178,8,3,37,22,2016,2,8,4,3,6,4,0,1,0,0,1,0,0,1,4.50323E+20,5.29616E+21,8.33639E+15,4.78169E+16
110178,110179,8,4,35,30,2016,2,15,5,3,0,1,0,0,1,0,0,0,0,0,5.41809E+20,5.27187E+21,9.55619E+15,4.75989E+16
110179,110180,8,4,36,82,2016,2,16,4,3,5,3,0,1,1,1,0,0,0,0,5.47772E+20,5.29598E+21,9.63814E+15,4.78154E+16
110180,110181,8,3,35,43,2016,2,7,4,3,6,7,2,1,0,1,1,0,0,0,5.12183E+20,5.28144E+21,9.16234E+15,4.76863E+16
110181,110182,8,4,15,61,2016,2,14,3,3,5,3,0,1,1,1,0,0,0,0,5.14745E+20,5.36951E+21,9.19952E+15,4.84786E+16
110182,110183,8,1,11,0,2016,2,0,6,3,5,3,2,0,0,1,0,0,0,0,5.15994E+20,5.39842E+21,9.21753E+15,4.87386E+16
110183,110184,8,3,17,96,2016,2,14,4,3,0,2,0,1,1,1,0,0,0,0,4.21852E+20,5.36892E+21,7.94276E+15,4.84685E+16
110184,110185,8,1,21,0,2016,2,8,4,3,6,4,0,1,0,1,1,0,0,0,5.15877E+20,5.44461E+21,9.21774E+15,4.91541E+16
110185,110186,8,4,15,19,2016,2,20,6,3,9,1,2,0,0,0,0,1,0,0,5.1837E+20,5.36955E+21,9.24857E+15,4.84789E+16
110186,110187,8,1,11,0,2016,2,13,6,3,0,2,0,0,1,0,0,0,0,0,5.13037E+20,5.40362E+21,9.17747E+15,4.87855E+16
110187,110188,8,2,12,0,2016,2,17,5,3,5,3,2,0,1,1,0,0,0,0,4.57867E+20,5.43039E+21,8.42367E+15,4.9025E+16
110188,110189,8,2,25,58,2016,2,16,4,2,4,1,1,0,0,1,0,0,0,0,5.07656E+20,5.4654E+21,9.1054E+15,4.93412E+16
110189,110190,8,2,12,0,2016,2,21,3,3,5,2,2,1,1,1,0,0,0,0,4.57371E+20,5.42862E+21,8.41708E+15,4.9009E+16
110190,110191,8,2,12,0,2016,2,17,5,3,5,3,2,1,1,1,0,0,0,0,4.54344E+20,5.42976E+21,8.37555E+15,4.90191E+16
110191,110192,8,1,16,19,2016,2,14,7,3,1,6,0,0,0,1,0,1,0,0,5.21723E+20,5.39698E+21,9.29538E+15,4.87255E+16
110192,110193,8,1,11,0,2016,2,0,1,3,2,6,2,0,0,1,0,0,0,0,5.13223E+20,5.40899E+21,9.18018E+15,4.88337E+16
110193,110194,8,1,16,19,2016,2,18,7,3,5,3,2,0,0,1,0,0,0,0,5.2633E+20,5.39672E+21,9.358E+15,4.87229E+16
110194,110195,8,3,36,50,2016,2,16,7,2,5,3,0,0,1,1,0,0,0,0,4.00507E+20,5.27528E+21,7.67583E+15,4.76233E+16
110195,110196,8,2,21,0,2016,2,3,2,3,1,1,2,0,0,1,0,1,0,0,4.76882E+20,5.4715E+21,8.68141E+15,4.93958E+16
110196,110197,8,2,15,7,2016,2,13,6,2,2,2,0,0,0,0,0,1,0,0,4.7615E+20,5.43187E+21,8.67367E+15,4.90392E+16
110197,110198,8,2,16,33,2016,2,15,2,2,9,7,0,1,1,0,0,0,0,0,4.46677E+20,5.41344E+21,8.27283E+15,4.88716E+16
110198,110199,8,2,26,37,2016,2,11,5,2,5,3,0,1,1,1,0,0,0,0,4.65709E+20,5.46686E+21,8.52782E+15,4.93535E+16
110199,110200,8,3,17,96,2016,2,16,4,3,5,3,0,1,1,1,0,0,0,0,4.24623E+20,5.36858E+21,7.98031E+15,4.84658E+16
110200,110201,8,3,36,50,2016,2,7,6,3,5,3,1,0,0,1,0,1,0,0,3.99242E+20,5.27297E+21,7.65953E+15,4.76023E+16
110201,110202,8,1,16,33,2016,2,22,7,3,5,3,2,0,0,1,0,0,0,0,5.32865E+20,5.38841E+21,9.4462E+15,4.86479E+16
110202,110203,8,3,36,50,2016,2,11,7,3,5,3,0,0,1,1,0,0,0,0,4.0196E+20,5.27693E+21,7.6948E+15,4.76383E+16
110203,110204,8,3,17,96,2016,2,14,4,3,2,6,0,1,0,1,0,0,0,0,4.20771E+20,5.37008E+21,7.92792E+15,4.84788E+16
110204,110205,8,1,36,65,2016,2,9,6,3,2,2,0,0,0,1,0,0,0,0,5.60595E+20,5.40483E+21,9.82505E+15,4.87935E+16
110205,110206,8,3,16,11,2016,2,16,4,3,2,6,0,1,0,1,0,0,0,0,4.12679E+20,5.33106E+21,7.82651E+15,4.81268E+16
110206,110207,8,1,19,8,2016,2,7,4,3,6,7,2,0,0,0,1,0,0,1,5.32086E+20,5.42089E+21,9.43815E+15,4.89401E+16
110207,110208,8,2,26,96,2016,2,14,6,3,2,2,0,0,0,1,0,0,0,0,4.76092E+20,5.48827E+21,8.6695E+15,4.95466E+16
110208,110209,8,1,18,46,2016,2,7,4,3,5,3,1,1,1,1,0,0,0,0,5.13563E+20,5.41133E+21,9.1849E+15,4.88548E+16
110209,110210,8,2,21,0,2016,2,15,5,2,6,7,0,1,0,1,1,0,0,0,4.77361E+20,5.47469E+21,8.68781E+15,4.94245E+16
110210,110211,8,3,11,0,2016,2,20,7,3,6,1,2,1,0,0,1,0,0,1,4.13893E+20,5.31644E+21,7.84577E+15,4.79955E+16
110211,110212,8,3,11,0,2016,2,8,6,3,3,2,0,1,1,0,0,0,0,1,4.1453E+20,5.31602E+21,7.85439E+15,4.79918E+16
110212,110213,8,1,11,0,2016,2,0,3,3,4,6,2,1,0,1,0,0,0,0,5.12423E+20,5.40197E+21,9.16907E+15,4.87706E+16
110213,110214,8,3,25,49,2016,2,15,7,3,6,4,0,0,0,1,1,0,0,0,4.7193E+20,5.33516E+21,8.62246E+15,4.81691E+16
110214,110215,8,2,21,0,2016,2,18,6,3,3,7,2,0,1,1,0,0,0,0,4.76679E+20,5.47338E+21,8.67849E+15,4.94127E+16
110215,110216,8,1,19,8,2016,2,19,5,3,6,2,2,0,0,1,1,0,0,0,5.31451E+20,5.42082E+21,9.42948E+15,4.89395E+16
110216,110217,8,3,15,74,2016,2,5,4,3,1,6,2,1,0,1,0,0,0,0,3.94427E+20,5.29606E+21,7.58991E+15,4.78092E+16
110217,110218,8,1,11,0,2016,2,0,4,2,9,1,2,0,0,1,0,0,0,0,5.14229E+20,5.40536E+21,9.19377E+15,4.88011E+16
110218,110219,8,1,15,21,2016,2,11,6,3,0,7,0,0,0,1,0,0,0,0,4.9352E+20,5.38071E+21,8.91214E+15,4.85794E+16
110219,110220,8,3,15,73,2016,2,18,4,2,6,4,2,1,0,1,1,0,0,0,4.12466E+20,5.31311E+21,7.82733E+15,4.79653E+16
110220,110221,8,1,16,49,2016,2,8,4,3,6,4,0,0,0,1,1,0,0,0,5.25209E+20,5.38462E+21,9.34202E+15,4.86141E+16
110221,110222,8,3,11,0,2016,2,12,6,2,0,1,0,0,1,0,0,0,0,0,4.10099E+20,5.31718E+21,7.79477E+15,4.80016E+16
110222,110223,8,1,15,41,2016,2,6,7,3,9,7,2,0,0,1,0,0,0,0,4.95259E+20,5.40165E+21,8.93548E+15,4.87678E+16
110223,110224,8,2,12,0,2016,2,19,6,2,3,2,2,0,0,1,0,0,0,1,4.56435E+20,5.42805E+21,8.40434E+15,4.90038E+16
110224,110225,8,2,12,0,2016,2,13,7,3,1,5,0,1,0,1,0,0,0,0,4.5334E+20,5.42745E+21,8.36209E+15,4.89982E+16
110225,110226,8,1,25,65,2016,2,13,6,3,5,3,0,0,0,1,0,1,0,0,5.16121E+20,5.44649E+21,9.22117E+15,4.9171E+16
110226,110227,8,4,16,36,2016,2,11,5,3,5,3,0,1,0,1,0,0,0,1,4.95268E+20,5.36957E+21,8.93597E+15,4.84793E+16
110227,110228,8,4,21,0,2016,2,17,4,3,3,7,0,0,1,1,0,0,0,0,5.73742E+20,5.36155E+21,9.99634E+15,4.84028E+16
110228,110229,8,3,11,0,2016,2,12,4,3,6,4,0,1,1,0,1,0,0,0,4.13863E+20,5.31629E+21,7.84541E+15,4.79941E+16
110229,110230,8,3,35,43,2016,2,1,3,3,8,7,2,1,0,1,0,0,0,0,5.13259E+20,5.27829E+21,9.17658E+15,4.76579E+16
110230,110231,8,4,36,49,2016,2,18,5,3,5,2,2,2,0,1,0,0,0,0,5.77765E+20,5.28241E+21,1.00363E+16,4.76904E+16
110231,110232,8,3,11,0,2016,2,16,4,3,5,3,0,1,0,1,0,1,0,0,4.09647E+20,5.31645E+21,7.78887E+15,4.79949E+16
110232,110233,8,1,15,28,2016,2,2,7,3,6,4,2,1,0,1,1,0,0,0,5.01211E+20,5.40547E+21,9.01649E+15,4.88022E+16
110233,110234,8,3,11,0,2016,2,16,6,3,4,2,0,1,1,1,0,0,0,0,4.09808E+20,5.31706E+21,7.7909E+15,4.80005E+16
110234,110235,8,1,28,131,2016,2,21,2,3,1,5,2,1,0,1,0,0,0,0,5.41187E+20,5.51358E+21,9.57201E+15,4.97733E+16
110235,110236,8,1,11,0,2016,2,19,6,3,2,6,2,0,0,1,0,0,0,0,5.11714E+20,5.4099E+21,9.15965E+15,4.8842E+16
110236,110237,8,2,25,91,2016,2,14,5,3,4,1,0,1,0,1,0,0,0,0,5.22937E+20,5.4756E+21,9.31635E+15,4.94327E+16
110237,110238,8,1,19,20,2016,2,19,4,3,5,3,2,0,1,1,0,0,0,0,5.19361E+20,5.40905E+21,9.26383E+15,4.88342E+16
110238,110239,8,2,16,43,2016,2,5,3,2,1,5,2,1,0,1,0,1,0,0,4.38324E+20,5.41253E+21,8.15908E+15,4.88627E+16