FID,OBJECTID,ULAND,UREGBEZ,UKREIS,UGEMEINDE,UJAHR,UMONAT,USTUNDE,UWOCHENTAG,UKATEGORIE,UART,UTYP1,ULICHTVERH,IstStrasse,IstRad,IstPKW,IstFuss,IstKrad,IstGkfz,IstSonstig,LINREFX,LINREFY,XGCSWGS84,YGCSWGS84
110417,110418,8,1,35,25,2016,2,15,6,2,8,1,0,1,0,1,0,0,0,0,5.80893E+20,5.39782E+21,1.01E+16,4.87282E+16
110418,110419,8,4,37,76,2016,2,14,7,3,5,3,0,1,0,1,0,0,0,0,5.24952E+20,5.32217E+21,9.33484E+15,4.80523E+16
110419,110420,8,3,35,100,2016,2,20,4,2,2,6,2,1,0,1,0,1,0,0,4.88179E+20,5.28629E+21,8.84236E+15,4.77298E+16
110420,110421,8,4,21,0,2016,2,9,3,3,2,6,0,0,0,1,0,0,0,0,5.72545E+20,5.36055E+21,9.98E+15,4.8394E+16
110421,110422,8,2,21,0,2016,2,8,5,3,2,6,0,0,0,1,0,0,0,0,4.76555E+20,5.4714E+21,8.6769E+15,4.93948E+16
110422,110423,8,4,26,21,2016,2,21,7,3,6,4,2,1,0,1,1,0,0,0,5.57347E+20,5.32777E+21,9.77028E+15,4.81006E+16
110423,110424,8,1,17,19,2016,2,17,7,3,5,3,0,1,0,1,0,0,0,0,5.50992E+20,5.39371E+21,9.69293E+15,4.86944E+16
110424,110425,8,1,19,85,2016,2,8,2,2,8,1,0,0,0,1,0,0,0,0,5.28938E+20,5.41373E+21,9.39466E+15,4.88758E+16
110425,110426,8,1,17,26,2016,2,15,4,3,5,3,0,0,0,1,0,0,0,0,5.48233E+20,5.39306E+21,9.65537E+15,4.86887E+16
110426,110427,8,3,17,96,2016,2,13,4,3,6,2,0,0,0,1,1,0,0,0,4.22046E+20,5.36912E+21,7.94535E+15,4.84704E+16
110427,110428,8,4,35,47,2016,2,7,6,2,5,3,0,1,0,1,0,0,0,0,5.1322E+20,5.2942E+21,9.17655E+15,4.7801E+16
110428,110429,8,3,25,45,2016,2,7,5,3,2,6,0,0,0,1,0,0,0,0,4.68949E+20,5.34784E+21,8.58145E+15,4.8283E+16
110429,110430,8,1,18,81,2016,2,17,2,3,5,3,0,0,1,1,0,0,0,0,5.18564E+20,5.41243E+21,9.25312E+15,4.88645E+16
110430,110431,8,1,26,46,2016,2,22,6,3,8,1,2,2,0,0,0,1,0,0,5.49659E+20,5.45879E+21,9.68277E+15,4.92799E+16
110431,110432,8,2,12,0,2016,2,12,4,3,5,7,0,0,1,1,0,0,0,0,4.55702E+20,5.42884E+21,8.39423E+15,4.90108E+16
110432,110433,8,3,11,0,2016,2,8,4,3,1,6,0,1,0,1,0,0,0,0,4.13928E+20,5.31713E+21,7.84611E+15,4.80016E+16
110433,110434,8,2,16,43,2016,2,13,3,3,6,4,0,1,0,0,1,0,0,1,4.41295E+20,5.41227E+21,8.19961E+15,4.88606E+16
110434,110435,8,1,21,0,2016,2,16,2,3,5,3,0,0,1,1,0,0,0,0,5.14327E+20,5.44467E+21,9.19648E+15,4.91546E+16
110435,110436,8,4,15,61,2016,2,7,3,3,4,6,0,0,1,1,0,0,0,0,5.15534E+20,5.37319E+21,9.21034E+15,4.85116E+16
110436,110437,8,1,21,0,2016,2,12,2,3,8,7,0,1,0,1,1,0,0,0,5.16301E+20,5.44127E+21,9.22342E+15,4.9124E+16
110437,110438,8,1,18,48,2016,2,17,5,3,6,7,1,0,0,1,1,0,0,0,5.13622E+20,5.4157E+21,9.18585E+15,4.88941E+16
110438,110439,8,4,15,61,2016,2,12,7,3,2,6,0,0,0,1,0,0,0,0,5.11888E+20,5.37104E+21,9.16091E+15,4.84924E+16
110439,110440,8,4,16,41,2016,2,20,6,3,1,5,0,1,0,0,0,1,0,1,5.06412E+20,5.37404E+21,9.08683E+15,4.85194E+16
110440,110441,8,1,11,0,2016,2,8,4,3,5,3,0,0,0,1,0,0,0,0,5.13536E+20,5.40435E+21,9.1843E+15,4.8792E+16
110441,110442,8,3,17,96,2016,2,9,3,3,0,1,0,1,0,0,0,1,0,0,4.22765E+20,5.36988E+21,7.95493E+15,4.84773E+16
110442,110443,8,1,16,78,2016,2,19,3,2,0,7,2,1,1,0,0,0,0,0,5.09307E+20,5.39455E+21,9.1265E+15,4.87039E+16
110443,110444,8,3,35,75,2016,2,12,3,3,0,3,0,0,0,1,0,1,0,0,4.89231E+20,5.28864E+21,8.85633E+15,4.77511E+16
110444,110445,8,1,19,79,2016,2,15,2,3,5,2,0,1,0,1,0,0,0,0,5.24998E+20,5.40976E+21,9.34068E+15,4.88403E+16
110445,110446,8,4,26,21,2016,2,16,4,3,1,1,0,1,1,1,0,0,0,0,5.59155E+20,5.32783E+21,9.79457E+15,4.8101E+16
110446,110447,8,3,36,91,2016,2,14,3,3,2,6,0,1,0,1,0,1,0,0,3.9564E+20,5.27193E+21,7.61187E+15,4.75923E+16
110447,110448,8,2,15,9,2016,2,17,4,3,4,1,0,0,0,1,0,1,0,0,4.70414E+20,5.44137E+21,8.59448E+15,4.91245E+16
110448,110449,8,1,21,0,2016,2,12,3,3,5,3,0,1,0,1,0,0,0,0,5.16176E+20,5.4416E+21,9.22172E+15,4.9127E+16
110449,110450,8,1,19,86,2016,2,15,2,2,4,3,0,1,0,1,0,1,0,0,5.34886E+20,5.40529E+21,9.47505E+15,4.87997E+16
110450,110451,8,3,11,0,2016,2,22,3,3,2,1,2,0,0,1,0,0,0,0,4.14158E+20,5.32077E+21,7.84846E+15,4.80344E+16
110451,110452,8,1,19,79,2016,2,15,2,3,5,3,0,1,0,1,0,0,0,0,5.2185E+20,5.40773E+21,9.29767E+15,4.88222E+16
110452,110453,8,1,16,49,2016,2,21,5,3,2,6,2,0,0,1,0,0,0,0,5.24158E+20,5.385E+21,9.32779E+15,4.86176E+16
110453,110454,8,3,37,96,2016,2,15,7,3,4,2,0,1,0,1,0,0,0,0,4.20436E+20,5.26702E+21,7.94252E+15,4.75517E+16
110454,110455,8,4,21,0,2016,2,9,3,3,4,2,0,1,0,1,0,0,0,0,5.73553E+20,5.36147E+21,9.99378E+15,4.84021E+16
110455,110456,8,2,15,100,2016,2,18,3,2,5,2,2,1,1,0,0,0,0,1,4.73714E+20,5.45029E+21,8.63914E+15,4.92048E+16
110456,110457,8,1,11,0,2016,2,7,3,3,6,7,1,0,1,0,1,0,0,0,5.15814E+20,5.40562E+21,9.21536E+15,4.88034E+16
110457,110458,8,3,36,50,2016,2,16,3,3,5,3,0,0,0,1,0,0,0,0,3.99244E+20,5.27262E+21,7.65964E+15,4.75992E+16
110458,110459,8,3,17,129,2016,2,13,5,3,0,7,0,0,1,0,0,0,0,0,4.30043E+20,5.35065E+21,8.0566E+15,4.83052E+16
110459,110460,8,1,25,24,2016,2,20,6,2,6,2,2,1,0,1,1,0,0,0,5.23192E+20,5.44413E+21,9.31804E+15,4.91496E+16
110460,110461,8,3,17,96,2016,2,12,5,3,5,3,0,0,0,1,0,0,0,0,4.20399E+20,5.37069E+21,7.92278E+15,4.84843E+16
110461,110462,8,1,19,85,2016,2,8,6,3,5,3,0,1,0,1,0,0,0,0,5.27959E+20,5.41301E+21,9.38126E+15,4.88695E+16
110462,110463,8,4,26,45,2016,2,12,7,3,0,6,0,1,0,1,0,0,0,0,5.31533E+20,5.32824E+21,9.42359E+15,4.81067E+16
110463,110464,8,4,35,16,2016,2,11,4,3,1,7,0,0,0,1,0,0,0,0,5.32377E+20,5.2799E+21,9.4313E+15,4.76717E+16
110464,110465,8,4,17,2,2016,2,15,7,3,2,6,0,1,0,1,0,0,0,0,4.88864E+20,5.34531E+21,8.84996E+15,4.82609E+16
110465,110466,8,2,26,29,2016,2,14,3,3,9,7,0,2,1,0,0,0,0,0,4.85719E+20,5.4818E+21,8.80281E+15,4.94887E+16
110466,110467,8,1,16,19,2016,2,7,2,3,5,3,1,1,1,1,0,0,0,0,5.23509E+20,5.39833E+21,9.31973E+15,4.87376E+16
110467,110468,8,3,35,75,2016,2,7,6,3,2,6,0,1,0,1,0,0,0,1,4.88987E+20,5.28937E+21,8.85305E+15,4.77576E+16
110468,110469,8,3,17,1,2016,2,8,5,3,5,3,0,0,0,1,0,1,0,0,4.3154E+20,5.38691E+21,8.07085E+15,4.86315E+16
110469,110470,8,1,18,48,2016,2,13,6,3,3,6,0,0,0,1,0,0,0,0,5.13244E+20,5.41568E+21,9.18069E+15,4.8894E+16
110470,110471,8,3,16,11,2016,2,8,4,3,2,6,0,0,0,1,0,0,0,0,4.14478E+20,5.32888E+21,7.85113E+15,4.81074E+16
110471,110472,8,1,15,45,2016,2,14,2,3,3,3,0,0,0,1,0,0,0,0,5.01435E+20,5.39465E+21,9.0195E+15,4.87049E+16
110472,110473,8,3,11,0,2016,2,9,3,3,2,6,0,0,0,1,0,0,0,0,4.13205E+20,5.31999E+21,7.83583E+15,4.80273E+16
110473,110474,8,1,15,41,2016,2,11,2,3,0,3,0,0,1,1,0,0,0,0,4.95803E+20,5.40238E+21,8.94288E+15,4.87744E+16
110474,110475,8,2,26,63,2016,2,15,5,3,2,6,0,0,0,1,0,1,0,0,4.70577E+20,5.47116E+21,8.59453E+15,4.93924E+16
110475,110476,8,3,36,50,2016,2,0,7,3,6,2,2,1,0,1,1,0,0,0,3.99772E+20,5.27382E+21,7.66639E+15,4.76101E+16
110476,110477,8,3,35,43,2016,2,16,4,3,5,3,0,0,1,1,0,0,0,0,5.13065E+20,5.27912E+21,9.17402E+15,4.76653E+16
110477,110478,8,3,11,0,2016,2,0,3,3,5,3,2,0,1,1,0,0,0,0,4.13674E+20,5.31668E+21,7.84279E+15,4.79975E+16
110478,110479,8,2,26,96,2016,2,17,5,3,2,6,1,0,0,1,0,0,0,0,4.7505E+20,5.48858E+21,8.65507E+15,4.95493E+16
110479,110480,8,3,26,74,2016,2,12,7,3,6,4,0,0,1,0,1,0,0,0,4.59451E+20,5.32309E+21,8.45579E+15,4.80598E+16
110480,110481,8,3,11,0,2016,2,9,3,3,3,2,0,0,1,1,0,0,0,0,4.14043E+20,5.3157E+21,7.84793E+15,4.79888E+16
110481,110482,8,3,16,11,2016,2,14,4,3,5,3,0,0,0,1,0,0,0,0,4.15985E+20,5.32884E+21,7.87138E+15,4.81073E+16
110482,110483,8,3,27,50,2016,2,10,6,1,6,7,0,0,0,1,1,0,0,0,4.866E+20,5.31478E+21,8.82041E+15,4.79862E+16
110483,110484,8,1,15,45,2016,2,12,2,2,5,3,0,0,0,1,0,0,0,0,5.01306E+20,5.39578E+21,9.01775E+15,4.87151E+16
110484,110485,8,1,18,48,2016,2,13,6,3,1,5,0,1,1,1,0,0,0,0,5.15114E+20,5.41559E+21,9.2062E+15,4.8893E+16
110485,110486,8,1,18,73,2016,2,7,4,3,0,7,0,1,1,0,0,0,0,0,4.96754E+20,5.42255E+21,8.95566E+15,4.89559E+16
110486,110487,8,2,31,0,2016,2,13,4,3,2,6,0,0,0,1,0,1,0,0,4.77228E+20,5.41553E+21,8.68934E+15,4.88923E+16
110487,110488,8,1,15,42,2016,2,4,3,3,1,7,2,1,0,1,0,0,0,1,4.96414E+20,5.40602E+21,8.95116E+15,4.88071E+16
110488,110489,8,1,11,0,2016,2,8,2,3,5,3,0,1,0,1,0,0,0,1,5.11891E+20,5.40269E+21,9.16186E+15,4.87771E+16
110489,110490,8,2,15,108,2016,2,11,3,3,2,2,0,0,0,1,0,0,0,0,4.47448E+20,5.42374E+21,8.28202E+15,4.89643E+16
110490,110491,8,4,21,0,2016,2,17,1,3,2,6,2,1,0,1,0,0,0,0,5.71753E+20,5.36058E+21,9.96931E+15,4.83943E+16
110491,110492,8,1,16,77,2016,2,19,5,2,0,1,1,0,1,0,0,0,0,0,5.16485E+20,5.39129E+21,9.22392E+15,4.86745E+16
110492,110493,8,3,26,74,2016,2,17,7,3,5,3,0,1,0,1,0,0,0,0,4.60644E+20,5.32269E+21,8.47183E+15,4.80563E+16
110493,110494,8,3,16,9,2016,2,15,6,3,4,1,0,1,0,1,0,0,0,0,4.18343E+20,5.32501E+21,7.90378E+15,4.80731E+16
110494,110495,8,3,11,0,2016,2,14,6,3,5,3,0,1,0,1,0,1,0,0,4.12756E+20,5.31622E+21,7.83059E+15,4.79933E+16
110495,110496,8,1,15,37,2016,2,8,4,3,6,4,0,1,0,1,1,0,0,0,4.92223E+20,5.38538E+21,8.89447E+15,4.86215E+16
110496,110497,8,3,35,80,2016,2,1,3,2,8,1,2,0,0,1,0,0,0,0,4.776E+20,5.29249E+21,8.70095E+15,4.77854E+16
110497,110498,8,1,17,26,2016,2,20,3,3,5,3,2,1,0,1,0,0,0,0,5.48239E+20,5.39521E+21,9.65569E+15,4.8708E+16
110498,110499,8,4,15,59,2016,2,11,1,3,2,7,0,1,0,1,0,0,0,0,5.16809E+20,5.36753E+21,9.22736E+15,4.84607E+16
110499,110500,8,2,12,0,2016,2,15,3,3,6,4,0,0,0,1,1,0,0,0,4.55743E+20,5.42842E+21,8.39483E+15,4.90071E+16
110500,110501,8,3,36,81,2016,2,18,1,2,6,4,2,1,0,1,1,0,0,0,4.11973E+20,5.278E+21,7.82785E+15,4.76494E+16
110501,110502,8,1,11,0,2016,2,11,5,2,6,4,0,0,0,1,1,0,0,0,5.12978E+20,5.40223E+21,9.17663E+15,4.87729E+16
110502,110503,8,3,36,8,2016,2,7,5,3,6,7,0,0,0,1,1,0,0,0,3.9545E+20,5.27563E+21,7.60847E+15,4.76256E+16
110503,110504,8,1,16,77,2016,2,17,5,2,2,6,0,0,0,1,0,0,0,1,5.16684E+20,5.3899E+21,9.22657E+15,4.86619E+16
110504,110505,8,3,16,11,2016,2,8,7,3,5,3,1,1,1,1,0,0,0,0,4.13948E+20,5.33062E+21,7.84365E+15,4.8123E+16
110505,110506,8,4,15,50,2016,2,14,3,3,5,2,0,1,1,1,0,0,0,0,5.21667E+20,5.37607E+21,9.29352E+15,4.85374E+16
110506,110507,8,2,36,40,2016,2,11,3,3,2,6,0,1,0,1,0,0,0,0,4.89229E+20,5.42257E+21,8.85286E+15,4.8956E+16
110507,110508,8,4,16,41,2016,2,15,2,3,6,7,0,0,0,1,1,0,0,0,5.02222E+20,5.37461E+21,9.0301E+15,4.85246E+16
110508,110509,8,2,26,84,2016,2,12,3,3,5,3,0,0,1,1,0,0,0,0,4.6925E+20,5.47064E+21,8.57628E+15,4.93877E+16
110509,110510,8,3,35,43,2016,2,13,1,3,0,1,0,1,0,0,0,1,0,0,5.14002E+20,5.28024E+21,9.18653E+15,4.76754E+16
110510,110511,8,1,11,0,2016,2,8,4,3,3,7,0,1,0,1,0,0,0,0,5.15274E+20,5.40324E+21,9.20793E+15,4.8782E+16
110511,110512,8,3,36,50,2016,2,9,3,3,5,3,0,1,1,1,0,0,0,0,3.99422E+20,5.27372E+21,7.66176E+15,4.76091E+16
110512,110513,8,1,15,21,2016,2,13,3,3,5,3,0,1,1,1,0,0,0,0,4.89756E+20,5.38266E+21,8.86106E+15,4.85969E+16
110513,110514,8,2,16,7,2016,2,16,3,3,6,6,0,0,0,1,1,0,0,0,4.35785E+20,5.39454E+21,8.12726E+15,4.87006E+16
110514,110515,8,3,26,74,2016,2,16,1,3,5,2,0,1,0,1,0,0,0,0,4.60202E+20,5.32251E+21,8.46592E+15,4.80546E+16
110515,110516,8,4,15,90,2016,2,7,4,3,4,1,0,2,0,1,0,0,0,0,5.24414E+20,5.35448E+21,9.32948E+15,4.83431E+16
110516,110517,8,3,11,0,2016,2,10,5,2,6,2,0,0,0,1,1,0,0,0,4.17361E+20,5.31525E+21,7.89249E+15,4.79852E+16
110517,110518,8,1,16,49,2016,2,21,6,3,2,6,2,1,0,1,0,0,0,0,5.252E+20,5.38616E+21,9.34199E+15,4.8628E+16
110518,110519,8,3,15,108,2016,2,22,7,3,0,1,2,1,1,0,0,0,0,0,4.04974E+20,5.30427E+21,7.72894E+15,4.78847E+16
110519,110520,8,4,16,36,2016,2,13,4,3,5,3,0,0,0,1,0,0,0,0,4.95934E+20,5.36964E+21,8.94498E+15,4.84798E+16
110520,110521,8,3,11,0,2016,2,12,7,3,2,6,0,0,0,1,0,0,0,1,4.12183E+20,5.31739E+21,7.82266E+15,4.80038E+16
110521,110522,8,2,15,17,2016,2,14,3,3,5,3,0,0,0,1,0,0,0,0,4.57248E+20,5.42049E+21,8.41625E+15,4.89359E+16
110522,110523,8,3,17,96,2016,2,11,7,3,5,3,0,1,0,1,0,0,0,0,4.22682E+20,5.36905E+21,7.95396E+15,4.84699E+16
110523,110524,8,3,17,65,2016,3,8,3,3,2,2,0,0,0,1,0,0,0,0,4.17448E+20,5.35476E+21,7.88598E+15,4.83406E+16
110524,110525,8,2,11,0,2016,3,18,4,3,2,6,2,0,0,1,0,0,0,0,4.41218E+20,5.40502E+21,8.19961E+15,4.87954E+16
110525,110526,8,1,27,14,2016,3,20,5,3,4,2,2,1,0,1,0,0,0,0,5.77002E+20,5.44482E+21,1.0056E+16,4.91513E+16
110526,110527,8,1,11,0,2016,2,15,2,3,5,3,0,1,0,1,0,0,0,0,5.14018E+20,5.40473E+21,9.19088E+15,4.87954E+16
110527,110528,8,3,16,14,2016,2,13,6,2,0,1,0,0,1,0,0,0,0,0,4.25659E+20,5.33026E+21,8.00107E+15,4.81212E+16
110528,110529,8,3,16,11,2016,3,8,6,3,5,3,0,1,1,1,0,0,0,0,4.14482E+20,5.3294E+21,7.85108E+15,4.81121E+16
110529,110530,8,1,36,50,2016,3,16,3,3,5,3,0,0,0,1,0,0,0,0,5.80824E+20,5.4036E+21,1.01002E+16,4.87801E+16
110530,110531,8,3,11,0,2016,3,20,5,3,1,7,2,1,1,1,0,0,0,0,4.13966E+20,5.3154E+21,7.84697E+15,4.79861E+16
110531,110532,8,4,37,100,2016,3,16,4,3,6,6,0,1,1,0,1,0,0,0,5.37051E+20,5.31798E+21,9.49683E+15,4.8014E+16
110532,110533,8,4,21,0,2016,3,16,5,3,3,2,0,1,1,1,0,0,0,0,5.71375E+20,5.36058E+21,9.9642E+15,4.83943E+16
110533,110534,8,4,25,84,2016,2,6,2,2,0,7,2,0,0,0,0,0,0,1,5.5839E+20,5.37712E+21,9.79111E+15,4.85444E+16
110534,110535,8,2,12,0,2016,3,7,6,3,5,3,0,0,1,1,0,0,0,0,4.55403E+20,5.42721E+21,8.39032E+15,4.89962E+16
110535,110536,8,1,11,0,2016,2,9,2,3,6,4,0,0,0,0,1,1,0,0,5.16218E+20,5.39843E+21,9.22058E+15,4.87387E+16
110536,110537,8,2,15,111,2016,2,11,7,3,2,6,0,0,0,1,0,0,0,0,4.5772E+20,5.4442E+21,8.42021E+15,4.91492E+16
110537,110538,8,3,16,11,2016,2,6,6,3,6,4,2,0,0,1,1,0,0,0,4.15352E+20,5.32902E+21,7.86283E+15,4.81089E+16
110538,110539,8,2,12,0,2016,2,5,7,3,2,6,2,0,0,1,0,0,1,0,4.61963E+20,5.42976E+21,8.47976E+15,4.90196E+16
110539,110540,8,2,26,98,2016,3,12,6,3,1,7,0,0,0,1,0,0,0,0,4.78124E+20,5.46051E+21,8.69913E+15,4.92969E+16
110540,110541,8,4,36,82,2016,2,17,1,3,0,7,0,0,0,1,0,0,0,0,5.48445E+20,5.29499E+21,9.64703E+15,4.78064E+16
110541,110542,8,2,35,85,2016,2,14,7,3,5,3,0,1,0,1,0,0,0,0,4.78122E+20,5.39469E+21,8.70264E+15,4.87049E+16
110542,110543,8,3,36,91,2016,2,6,6,2,5,3,2,0,1,1,0,0,0,0,3.96292E+20,5.27196E+21,7.62054E+15,4.75928E+16
110543,110544,8,2,36,68,2016,2,14,7,2,6,4,0,0,0,1,1,0,0,0,4.8607E+20,5.41275E+21,8.81006E+15,4.88675E+16
110544,110545,8,3,11,0,2016,3,12,6,3,0,2,0,1,1,0,0,0,0,1,4.13624E+20,5.3188E+21,7.8417E+15,4.80167E+16
110545,110546,8,1,35,32,2016,3,8,3,3,1,6,0,1,0,1,0,0,0,0,5.78525E+20,5.39365E+21,1.0067E+16,4.8691E+16
110546,110547,8,3,11,0,2016,3,15,5,3,3,2,0,1,1,1,0,0,0,0,4.13097E+20,5.31773E+21,7.83484E+15,4.80069E+16
110547,110548,8,4,21,0,2016,3,15,4,2,6,7,0,1,0,0,1,0,1,0,5.7351E+20,5.36146E+21,9.99319E+15,4.8402E+16
110548,110549,8,1,16,33,2016,2,8,2,3,2,2,0,0,0,1,0,0,0,0,5.31863E+20,5.38893E+21,9.43262E+15,4.86526E+16
110549,110550,8,1,21,0,2016,3,15,6,3,2,6,0,1,0,1,0,0,0,0,5.15297E+20,5.44664E+21,9.20987E+15,4.91724E+16
110550,110551,8,2,26,107,2016,2,14,7,3,9,1,0,0,0,1,0,0,0,0,4.73644E+20,5.48394E+21,8.63595E+15,4.95075E+16
110551,110552,8,3,11,0,2016,2,23,6,3,6,7,2,0,0,1,1,0,0,0,4.1352E+20,5.31611E+21,7.84084E+15,4.79924E+16
110552,110553,8,2,22,0,2016,2,14,7,3,5,5,0,0,0,1,0,0,0,0,4.63011E+20,5.48268E+21,8.4892E+15,4.94956E+16
110553,110554,8,1,35,19,2016,3,9,3,3,2,1,0,1,0,1,0,0,0,0,5.85579E+20,5.39356E+21,1.01628E+16,4.86893E+16
110554,110555,8,3,17,89,2016,3,9,3,3,9,7,0,0,0,1,0,0,0,0,4.31668E+20,5.37755E+21,8.07413E+15,4.85473E+16
110555,110556,8,2,11,0,2016,3,17,4,2,6,4,0,1,0,1,1,0,0,0,4.39458E+20,5.39866E+21,8.17658E+15,4.8738E+16
110556,110557,8,1,19,20,2016,3,16,3,3,0,1,0,0,1,0,0,0,0,0,5.19161E+20,5.40918E+21,9.26111E+15,4.88353E+16
110557,110558,8,1,11,0,2016,3,11,6,2,8,7,0,0,0,1,0,0,0,0,5.17848E+20,5.40219E+21,9.24292E+15,4.87724E+16
110558,110559,8,1,16,19,2016,3,8,6,3,5,3,0,0,0,1,0,0,0,0,5.21825E+20,5.39859E+21,9.29685E+15,4.874E+16
110559,110560,8,1,19,8,2016,3,12,7,2,6,4,0,0,0,1,1,0,0,0,5.32045E+20,5.42058E+21,9.43757E+15,4.89373E+16
110560,110561,8,3,11,0,2016,2,14,6,3,6,4,0,0,0,0,1,0,0,1,4.11484E+20,5.31456E+21,7.81387E+15,4.79782E+16
110561,110562,8,1,16,20,2016,3,16,3,3,1,7,0,0,0,1,0,0,0,0,5.26542E+20,5.38265E+21,9.35998E+15,4.85964E+16
110562,110563,8,3,16,56,2016,3,17,3,3,5,3,0,0,0,1,0,0,0,0,4.22921E+20,5.32729E+21,7.96481E+15,4.80942E+16
110563,110564,8,1,28,7,2016,3,9,4,3,5,3,0,1,0,1,0,0,0,0,5.55573E+20,5.48301E+21,9.76746E+15,4.94972E+16
110564,110565,8,3,17,96,2016,2,11,1,3,5,3,0,0,0,1,0,1,0,0,4.2139E+20,5.36983E+21,7.93634E+15,4.84766E+16
110565,110566,8,1,25,56,2016,3,16,5,3,2,6,0,0,0,1,0,0,0,1,5.10309E+20,5.4357E+21,9.14116E+15,4.9074E+16
110566,110567,8,2,31,0,2016,2,12,6,3,3,7,0,0,0,0,0,1,0,1,4.7838E+20,5.41527E+21,8.70506E+15,4.889E+16
110567,110568,8,3,17,96,2016,3,7,6,3,0,1,0,2,0,0,0,1,0,0,4.21872E+20,5.36792E+21,7.94322E+15,4.84596E+16
110568,110569,8,2,22,0,2016,2,18,1,3,5,2,2,0,0,1,0,0,0,0,4.63161E+20,5.48068E+21,8.49146E+15,4.94777E+16
110569,110570,8,1,21,0,2016,3,23,5,3,9,1,2,1,0,1,0,0,0,0,5.14325E+20,5.44467E+21,9.19645E+15,4.91547E+16
110570,110571,8,4,16,41,2016,3,7,6,3,3,2,0,0,1,0,0,0,0,0,5.04206E+20,5.37389E+21,9.05696E+15,4.85181E+16
110571,110572,8,2,22,0,2016,2,13,6,3,5,7,0,0,0,1,0,0,0,0,4.61813E+20,5.48076E+21,8.47284E+15,4.94783E+16
110572,110573,8,2,21,0,2016,2,9,7,3,5,5,0,0,1,1,0,0,0,0,4.76889E+20,5.47593E+21,8.68124E+15,4.94356E+16
110573,110574,8,3,26,74,2016,3,17,4,3,2,6,1,1,0,1,0,0,0,0,4.61285E+20,5.32425E+21,8.4803E+15,4.80703E+16
110574,110575,8,3,15,74,2016,3,7,3,3,5,2,0,0,0,0,0,1,1,0,3.96768E+20,5.29661E+21,7.62103E+15,4.78146E+16
110575,110576,8,1,18,48,2016,3,9,4,3,0,7,0,1,1,0,0,0,0,0,5.13053E+20,5.41521E+21,9.17807E+15,4.88897E+16
110576,110577,8,1,19,8,2016,3,12,5,3,5,3,0,1,0,1,0,0,0,0,5.31399E+20,5.41818E+21,9.42857E+15,4.89157E+16
110577,110578,8,2,15,17,2016,2,17,1,3,6,6,0,0,1,0,1,0,0,0,4.59646E+20,5.41986E+21,8.44905E+15,4.89303E+16
110578,110579,8,2,26,84,2016,2,14,6,3,3,5,0,0,1,1,0,0,0,0,4.68885E+20,5.47038E+21,8.57129E+15,4.93854E+16
110579,110580,8,3,15,74,2016,3,7,6,3,5,3,0,0,1,1,0,0,0,0,3.96745E+20,5.29499E+21,7.6211E+15,4.78E+16
110580,110581,8,1,16,47,2016,3,9,3,2,0,7,0,0,0,0,0,0,0,1,5.2028E+20,5.39239E+21,9.27552E+15,4.86843E+16
110581,110582,8,2,31,0,2016,3,15,5,3,9,1,0,1,0,1,0,0,0,0,4.82749E+20,5.41517E+21,8.76467E+15,4.88892E+16
110582,110583,8,3,26,74,2016,3,16,4,3,5,3,0,1,1,1,0,0,0,0,4.59241E+20,5.32334E+21,8.45294E+15,4.8062E+16
110583,110584,8,4,25,75,2016,3,18,5,2,1,7,2,2,0,1,0,1,0,0,5.67811E+20,5.37705E+21,9.91873E+15,4.85429E+16
110584,110585,8,1,15,21,2016,3,15,3,3,5,3,0,0,1,1,0,0,0,0,4.90297E+20,5.38211E+21,8.86841E+15,4.8592E+16
110585,110586,8,2,31,0,2016,3,16,5,3,5,3,0,1,0,1,0,0,0,0,4.78985E+20,5.41604E+21,8.71327E+15,4.8897E+16
110586,110587,8,2,21,0,2016,2,7,6,3,5,3,0,0,1,1,0,0,0,0,4.76859E+20,5.47508E+21,8.68087E+15,4.94279E+16
110587,110588,8,1,11,0,2016,3,23,3,3,5,3,2,1,0,1,0,0,0,0,5.14071E+20,5.39997E+21,9.19144E+15,4.87525E+16
110588,110589,8,3,17,40,2016,3,17,4,3,5,3,0,1,1,1,0,0,0,0,4.32353E+20,5.34731E+21,8.08828E+15,4.82754E+16
110589,110590,8,3,36,50,2016,3,7,3,3,5,3,0,0,0,1,0,1,0,0,3.99066E+20,5.27303E+21,7.65718E+15,4.76028E+16
110590,110591,8,3,36,50,2016,3,12,5,3,5,3,0,1,1,1,0,0,0,0,3.99261E+20,5.27346E+21,7.65967E+15,4.76067E+16
110591,110592,8,1,18,18,2016,3,14,4,3,5,2,0,0,0,1,0,0,0,0,5.11476E+20,5.43054E+21,9.15699E+15,4.90277E+16
110592,110593,8,2,22,0,2016,3,19,6,3,5,3,1,1,0,1,0,0,0,0,4.61043E+20,5.48161E+21,8.46212E+15,4.94859E+16
110593,110594,8,1,17,18,2016,2,9,1,2,2,7,0,0,0,1,0,0,0,0,5.39752E+20,5.39651E+21,9.54047E+15,4.87204E+16
110594,110595,8,2,16,15,2016,2,16,7,3,5,2,0,0,1,0,0,0,0,0,4.49415E+20,5.40654E+21,8.31103E+15,4.88097E+16