FID,OBJECTID,ULAND,UREGBEZ,UKREIS,UGEMEINDE,UJAHR,UMONAT,USTUNDE,UWOCHENTAG,UKATEGORIE,UART,UTYP1,ULICHTVERH,IstStrasse,IstRad,IstPKW,IstFuss,IstKrad,IstGkfz,IstSonstig,LINREFX,LINREFY,XGCSWGS84,YGCSWGS84
110595,110596,8,1,18,11,2016,2,13,6,3,2,6,0,0,0,1,0,0,0,1,5.03975E+20,5.40852E+21,9.05417E+15,4.88297E+16
110596,110597,8,1,18,48,2016,2,14,7,3,5,3,0,0,1,1,0,0,0,0,5.15726E+20,5.41411E+21,9.21449E+15,4.88798E+16
110597,110598,8,2,12,0,2016,3,15,6,3,5,3,0,1,1,0,0,0,0,1,4.59425E+20,5.42995E+21,8.44502E+15,4.90211E+16
110598,110599,8,1,11,0,2016,3,19,3,3,2,6,2,1,0,1,0,0,0,0,5.13922E+20,5.40435E+21,9.18955E+15,4.8792E+16
110599,110600,8,2,21,0,2016,3,6,5,2,5,7,2,0,0,1,0,1,0,0,4.76147E+20,5.47267E+21,8.6712E+15,4.94062E+16
110600,110601,8,4,26,21,2016,3,19,5,3,6,1,2,1,0,1,1,0,0,0,5.58805E+20,5.3273E+21,9.78979E+15,4.80962E+16
110601,110602,8,3,17,65,2016,3,13,4,3,2,6,0,1,0,1,0,0,0,0,4.13846E+20,5.35321E+21,7.83769E+15,4.83262E+16
110602,110603,8,1,19,8,2016,3,21,6,3,8,1,2,1,0,1,0,0,0,0,5.31844E+20,5.42233E+21,9.43496E+15,4.89531E+16
110603,110604,8,1,25,94,2016,3,17,7,3,5,3,0,1,0,1,0,0,0,0,5.14335E+20,5.43653E+21,9.19631E+15,4.90815E+16
110604,110605,8,1,36,88,2016,2,20,2,3,4,1,2,2,0,1,0,0,0,0,5.80639E+20,5.41452E+21,1.00998E+16,4.88784E+16
110605,110606,8,1,36,65,2016,3,20,6,3,2,1,2,0,0,1,0,0,0,0,5.58303E+20,5.40512E+21,9.79388E+15,4.87963E+16
110606,110607,8,1,27,14,2016,2,16,1,3,8,1,0,0,1,0,0,0,0,0,5.76606E+20,5.44287E+21,1.00502E+16,4.91339E+16
110607,110608,8,1,36,19,2016,2,1,7,3,0,1,2,0,1,0,0,0,0,0,5.82102E+20,5.42429E+21,1.01217E+16,4.8966E+16
110608,110609,8,1,36,65,2016,2,12,6,3,2,6,0,0,0,1,0,0,0,0,5.58824E+20,5.40542E+21,9.80103E+15,4.8799E+16
110609,110610,8,1,19,67,2016,2,19,7,3,6,4,2,0,0,1,1,0,0,0,5.38903E+20,5.40609E+21,9.52983E+15,4.88066E+16
110610,110611,8,2,22,0,2016,3,16,6,3,1,6,0,1,0,1,0,0,0,0,4.64607E+20,5.47889E+21,8.51158E+15,4.94616E+16
110611,110612,8,4,35,16,2016,2,20,2,2,5,3,2,1,0,1,0,1,0,0,5.35581E+20,5.27918E+21,9.47393E+15,4.7665E+16
110612,110613,8,1,16,33,2016,2,14,1,2,0,7,0,0,1,0,0,0,0,0,5.3328E+20,5.38865E+21,9.45185E+15,4.86501E+16
110613,110614,8,1,15,3,2016,3,10,6,3,5,3,0,0,0,1,0,0,0,0,4.99034E+20,5.39245E+21,8.98688E+15,4.86851E+16
110614,110615,8,1,15,3,2016,3,15,7,3,0,7,0,1,0,0,0,0,0,1,5.00354E+20,5.39066E+21,9.00481E+15,4.8669E+16
110615,110616,8,1,19,67,2016,2,18,6,3,5,3,2,0,0,1,0,0,0,0,5.37446E+20,5.40554E+21,9.50994E+15,4.88017E+16
110616,110617,8,1,18,78,2016,2,4,7,2,9,1,2,0,0,1,0,0,0,0,5.13167E+20,5.41976E+21,9.17977E+15,4.89307E+16
110617,110618,8,3,11,0,2016,3,10,3,3,2,1,0,0,0,1,0,0,0,0,4.14494E+20,5.31695E+21,7.85373E+15,4.80001E+16
110618,110619,8,1,19,76,2016,2,12,6,3,5,3,0,0,0,1,0,0,0,0,5.41542E+20,5.40628E+21,9.56579E+15,4.88081E+16
110619,110620,8,1,18,48,2016,2,12,7,3,3,3,0,0,0,1,0,0,0,0,5.13804E+20,5.41588E+21,9.18834E+15,4.88957E+16
110620,110621,8,4,35,57,2016,2,13,2,3,6,4,0,1,0,0,1,1,0,0,5.44304E+20,5.27927E+21,9.59012E+15,4.76653E+16
110621,110622,8,2,12,0,2016,3,8,3,3,4,6,0,0,1,0,0,0,0,0,4.55994E+20,5.42827E+21,8.39828E+15,4.90057E+16
110622,110623,8,1,18,19,2016,3,10,4,2,4,1,0,1,0,1,0,0,0,1,5.05394E+20,5.40572E+21,9.07346E+15,4.88044E+16
110623,110624,8,1,18,73,2016,3,11,5,3,5,3,0,1,1,1,0,0,0,0,4.97211E+20,5.41953E+21,8.96192E+15,4.89287E+16
110624,110625,8,1,15,28,2016,2,10,1,3,4,2,0,0,0,1,0,0,0,0,5.00729E+20,5.40396E+21,9.00993E+15,4.87886E+16
110625,110626,8,1,18,3,2016,3,5,5,3,0,1,2,0,0,1,0,0,0,0,5.10308E+20,5.41707E+21,9.14066E+15,4.89064E+16
110626,110627,8,4,15,61,2016,3,8,6,3,5,2,0,0,1,1,0,0,0,0,5.1633E+20,5.37302E+21,9.2211E+15,4.85101E+16
110627,110628,8,2,22,0,2016,3,17,5,3,5,3,0,1,1,1,0,0,0,0,4.62205E+20,5.48171E+21,8.47816E+15,4.94868E+16
110628,110629,8,4,35,16,2016,2,7,2,3,1,5,0,1,1,1,0,0,0,0,5.34929E+20,5.27826E+21,9.46516E+15,4.76567E+16
110629,110630,8,3,15,111,2016,3,16,4,3,9,1,0,1,0,0,0,1,0,0,4.02841E+20,5.30028E+21,7.70131E+15,4.78485E+16
110630,110631,8,2,12,0,2016,3,8,3,2,5,2,0,0,1,0,0,0,1,0,4.56348E+20,5.42778E+21,8.40317E+15,4.90013E+16
110631,110632,8,3,35,63,2016,3,7,5,3,5,3,0,0,0,1,0,0,0,1,4.97558E+20,5.28802E+21,8.96742E+15,4.77455E+16
110632,110633,8,1,16,33,2016,3,15,4,3,3,2,0,1,0,1,0,1,0,0,5.32725E+20,5.38809E+21,9.44426E+15,4.8645E+16
110633,110634,8,1,11,0,2016,2,1,1,3,5,3,2,0,0,1,0,0,0,0,5.11698E+20,5.4099E+21,9.15943E+15,4.8842E+16
110634,110635,8,1,16,77,2016,2,15,7,2,8,1,0,0,0,0,0,1,0,0,5.15094E+20,5.39202E+21,9.20506E+15,4.8681E+16
110635,110636,8,1,19,20,2016,2,13,6,3,2,6,0,0,0,1,0,0,0,0,5.20959E+20,5.40726E+21,9.28551E+15,4.8818E+16
110636,110637,8,1,11,0,2016,3,13,4,3,2,6,0,1,0,1,0,0,0,0,5.12679E+20,5.40782E+21,9.17274E+15,4.88232E+16
110637,110638,8,1,11,0,2016,2,17,1,3,2,6,0,0,0,1,0,0,0,0,5.12872E+20,5.40929E+21,9.17541E+15,4.88364E+16
110638,110639,8,1,19,8,2016,2,18,6,2,6,4,2,0,0,1,1,0,0,0,5.32263E+20,5.42245E+21,9.44069E+15,4.89541E+16
110639,110640,8,3,16,11,2016,3,16,6,3,1,6,0,0,0,1,0,0,0,0,4.14318E+20,5.33003E+21,7.84874E+15,4.81178E+16
110640,110641,8,4,25,20,2016,2,18,2,3,4,2,2,1,0,1,0,0,0,0,5.58539E+20,5.36257E+21,9.7911E+15,4.84136E+16
110641,110642,8,2,22,0,2016,3,15,5,3,1,6,0,1,0,1,0,0,0,0,4.61821E+20,5.48232E+21,8.4728E+15,4.94924E+16
110642,110643,8,4,25,108,2016,2,4,2,3,9,1,2,1,0,0,0,0,0,1,5.54621E+20,5.36022E+21,9.73785E+15,4.83928E+16
110643,110644,8,3,11,0,2016,3,5,4,3,0,1,2,0,1,0,0,0,0,0,4.1334E+20,5.31867E+21,7.83792E+15,4.80155E+16
110644,110645,8,3,17,89,2016,3,16,5,3,5,3,0,1,0,1,0,0,0,0,4.29555E+20,5.37531E+21,8.04588E+15,4.85269E+16
110645,110646,8,2,12,0,2016,2,19,2,3,1,5,2,1,1,1,0,0,0,0,4.53317E+20,5.43111E+21,8.36136E+15,4.90311E+16
110646,110647,8,2,15,103,2016,3,17,6,3,5,3,0,1,0,1,0,1,0,0,4.66578E+20,5.4435E+21,8.54173E+15,4.91434E+16
110647,110648,8,1,11,0,2016,2,0,1,3,9,1,2,0,0,1,0,0,0,0,5.14485E+20,5.39841E+21,9.19701E+15,4.87385E+16
110648,110649,8,1,16,8,2016,2,13,7,3,6,4,0,0,0,1,1,0,0,0,5.20142E+20,5.37998E+21,9.27306E+15,4.85726E+16
110649,110650,8,1,16,33,2016,2,9,6,3,5,2,0,0,1,0,0,0,0,1,5.33602E+20,5.38857E+21,9.45621E+15,4.86492E+16
110650,110651,8,1,15,45,2016,2,8,7,3,5,2,0,0,0,1,0,0,0,0,5.0236E+20,5.39478E+21,9.03208E+15,4.87061E+16
110651,110652,8,2,26,95,2016,3,7,6,3,0,1,0,2,1,0,0,0,0,0,4.75193E+20,5.46007E+21,8.65883E+15,4.92928E+16
110652,110653,8,4,15,61,2016,2,15,2,3,5,3,0,1,0,1,0,0,0,0,5.12009E+20,5.37144E+21,9.16255E+15,4.8496E+16
110653,110654,8,1,15,29,2016,2,14,7,2,6,4,0,0,1,0,1,0,0,0,4.975E+20,5.39872E+21,8.96599E+15,4.87415E+16
110654,110655,8,3,15,74,2016,3,15,6,3,6,1,0,1,0,1,1,0,0,0,3.96964E+20,5.29598E+21,7.62379E+15,4.7809E+16
110655,110656,8,4,16,41,2016,2,14,2,3,6,7,0,1,0,0,1,0,0,1,5.03097E+20,5.37426E+21,9.04194E+15,4.85214E+16
110656,110657,8,2,15,21,2016,3,18,5,3,5,3,1,0,0,1,0,0,0,0,4.69078E+20,5.44503E+21,8.5759E+15,4.91574E+16
110657,110658,8,3,16,11,2016,3,21,4,2,0,1,2,1,1,0,0,0,0,0,4.17068E+20,5.33123E+21,7.88545E+15,4.81289E+16
110658,110659,8,1,17,19,2016,2,20,2,3,2,6,2,2,0,0,0,1,0,1,5.52105E+20,5.39372E+21,9.70805E+15,4.86943E+16
110659,110660,8,1,21,0,2016,3,19,6,3,5,3,2,1,1,1,0,0,0,0,5.13825E+20,5.44213E+21,9.18952E+15,4.91319E+16
110660,110661,8,1,11,0,2016,2,16,7,3,5,3,0,0,1,0,0,0,0,0,5.11756E+20,5.40099E+21,9.15996E+15,4.87618E+16
110661,110662,8,1,15,3,2016,2,14,6,3,2,6,0,0,0,1,0,0,0,0,5.00217E+20,5.39154E+21,9.00295E+15,4.86769E+16
110662,110663,8,1,11,0,2016,2,13,7,3,0,2,0,0,0,1,0,0,0,1,5.12535E+20,5.40326E+21,9.17064E+15,4.87822E+16
110663,110664,8,3,26,74,2016,2,10,2,2,6,2,0,1,0,1,1,0,0,0,4.643E+20,5.32249E+21,8.52091E+15,4.80547E+16
110664,110665,8,2,35,85,2016,3,10,3,3,0,1,0,0,0,0,0,1,0,0,4.82208E+20,5.39451E+21,8.75818E+15,4.87034E+16
110665,110666,8,4,36,9,2016,3,10,3,3,6,7,0,2,0,0,1,0,0,1,5.56224E+20,5.30779E+21,9.75257E+15,4.79209E+16
110666,110667,8,4,37,88,2016,2,1,7,3,1,1,2,0,1,1,0,0,0,0,5.19178E+20,5.30798E+21,9.25672E+15,4.79249E+16
110667,110668,8,1,17,26,2016,3,11,5,3,6,4,0,0,0,1,1,0,0,0,5.47305E+20,5.39542E+21,9.64302E+15,4.871E+16
110668,110669,8,1,16,49,2016,3,17,6,2,5,3,1,1,1,1,0,0,0,0,5.2456E+20,5.38583E+21,9.33329E+15,4.8625E+16
110669,110670,8,1,19,20,2016,3,7,7,3,5,3,0,1,0,1,0,0,0,0,5.20041E+20,5.40681E+21,9.27298E+15,4.8814E+16
110670,110671,8,1,11,0,2016,2,17,6,3,5,2,0,0,0,1,0,0,0,1,5.12839E+20,5.40853E+21,9.17494E+15,4.88296E+16
110671,110672,8,4,37,104,2016,2,14,6,3,5,3,0,0,0,1,0,0,0,1,5.16245E+20,5.32486E+21,9.2181E+15,4.80768E+16
110672,110673,8,3,26,12,2016,2,20,2,3,8,1,2,2,0,1,0,0,0,0,4.65468E+20,5.31526E+21,8.53717E+15,4.79897E+16
110673,110674,8,2,21,0,2016,3,15,3,3,2,6,0,0,0,1,0,0,0,0,4.76651E+20,5.47339E+21,8.6781E+15,4.94127E+16
110674,110675,8,4,26,73,2016,3,7,3,3,8,1,0,2,0,1,0,0,0,0,5.64192E+20,5.33594E+21,9.86344E+15,4.81734E+16
110675,110676,8,1,16,33,2016,3,13,5,3,2,6,0,1,0,1,0,0,0,1,5.33432E+20,5.38821E+21,9.45388E+15,4.8646E+16
110676,110677,8,4,25,39,2016,2,13,7,3,4,6,0,0,0,1,0,1,0,0,5.60394E+20,5.35514E+21,9.81509E+15,4.83466E+16
110677,110678,8,1,16,49,2016,3,14,5,3,2,2,0,1,0,1,0,0,0,0,5.25236E+20,5.38462E+21,9.34239E+15,4.86142E+16
110678,110679,8,4,15,61,2016,2,17,5,3,2,6,0,0,0,1,0,0,0,0,5.14437E+20,5.37267E+21,9.19546E+15,4.8507E+16
110679,110680,8,3,17,41,2016,3,15,6,3,0,1,0,1,1,0,0,0,0,0,4.38451E+20,5.34821E+21,8.17033E+15,4.82841E+16
110680,110681,8,3,26,12,2016,2,17,2,3,4,2,0,2,0,1,0,0,0,0,4.62184E+20,5.31095E+21,8.49354E+15,4.79507E+16
110681,110682,8,2,15,100,2016,3,18,5,3,2,2,2,1,0,1,0,0,0,0,4.73781E+20,5.45093E+21,8.64001E+15,4.92106E+16
110682,110683,8,3,35,100,2016,2,14,5,3,9,7,0,1,0,1,0,0,0,0,4.87957E+20,5.28638E+21,8.83939E+15,4.77307E+16
110683,110684,8,4,21,0,2016,3,12,6,3,6,4,0,0,0,0,1,0,0,1,5.73114E+20,5.36092E+21,9.98775E+15,4.83972E+16
110684,110685,8,3,17,96,2016,2,5,5,2,5,3,2,1,0,0,0,1,1,0,4.20453E+20,5.37017E+21,7.9236E+15,4.84796E+16
110685,110686,8,4,36,81,2016,2,14,6,3,5,3,0,0,0,1,0,0,0,0,5.62071E+20,5.28212E+21,9.82715E+15,4.76895E+16
110686,110687,8,3,11,0,2016,3,12,4,3,1,5,0,1,0,1,0,0,0,0,4.15139E+20,5.32088E+21,7.86159E+15,4.80356E+16
110687,110688,8,2,22,0,2016,3,14,3,3,5,3,0,0,1,1,0,0,0,0,4.62515E+20,5.48455E+21,8.48217E+15,4.95124E+16
110688,110689,8,4,25,17,2016,3,7,3,3,5,3,0,2,0,1,0,0,1,0,5.56264E+20,5.36817E+21,9.76111E+15,4.84641E+16
110689,110690,8,1,15,3,2016,3,11,5,3,1,6,0,0,0,1,0,0,0,0,5.00449E+20,5.39046E+21,9.0061E+15,4.86672E+16
110690,110691,8,4,17,2,2016,2,11,7,3,5,3,0,0,0,1,0,0,0,0,4.88796E+20,5.34594E+21,8.84902E+15,4.82666E+16
110691,110692,8,3,16,11,2016,2,17,5,2,5,3,0,0,0,1,0,0,0,0,4.1391E+20,5.33057E+21,7.84316E+15,4.81225E+16
110692,110693,8,3,16,13,2016,3,7,6,3,0,3,1,1,0,1,0,0,0,1,4.03547E+20,5.33513E+21,7.70291E+15,4.81621E+16
110693,110694,8,3,17,57,2016,2,11,2,3,8,1,0,0,1,0,0,0,0,0,4.1516E+20,5.37988E+21,7.85001E+15,4.85663E+16
110694,110695,8,2,12,0,2016,3,13,5,3,2,2,0,1,0,1,0,0,0,0,4.52858E+20,5.43132E+21,8.35505E+15,4.9033E+16
110695,110696,8,2,12,0,2016,3,17,4,2,6,4,0,0,0,0,1,0,0,1,4.55199E+20,5.43117E+21,8.3871E+15,4.90318E+16
110696,110697,8,3,17,57,2016,3,20,5,2,5,3,2,1,0,1,0,1,0,0,4.132E+20,5.38292E+21,7.82281E+15,4.85933E+16
110697,110698,8,1,36,19,2016,2,19,2,3,8,1,2,2,0,1,0,0,0,0,5.83396E+20,5.42447E+21,1.01395E+16,4.89675E+16
110698,110699,8,1,17,49,2016,3,15,6,2,5,3,0,0,0,1,0,1,0,0,5.56147E+20,5.39256E+21,9.76282E+15,4.86835E+16
110699,110700,8,3,17,96,2016,2,15,2,3,5,3,0,0,1,1,0,0,0,0,4.22802E+20,5.36864E+21,7.95567E+15,4.84662E+16
110700,110701,8,2,26,95,2016,3,12,4,3,0,1,0,0,0,0,0,1,0,0,4.74378E+20,5.46091E+21,8.64758E+15,4.93004E+16
110701,110702,8,2,22,0,2016,3,22,3,3,5,3,2,1,0,1,0,0,0,0,4.61109E+20,5.48185E+21,8.46301E+15,4.9488E+16
110702,110703,8,3,15,76,2016,3,16,5,3,6,6,0,0,0,1,1,0,0,0,3.92415E+20,5.29646E+21,7.56294E+15,4.78125E+16
110703,110704,8,4,17,8,2016,3,8,3,3,8,1,0,2,0,1,0,0,0,0,4.95198E+20,5.35137E+21,8.93523E+15,4.83155E+16
110704,110705,8,2,22,0,2016,3,7,6,3,5,3,0,1,1,1,0,0,0,0,4.66688E+20,5.4816E+21,8.54007E+15,4.94861E+16
110705,110706,8,4,15,61,2016,2,10,7,3,5,3,0,0,0,1,0,0,0,1,5.16206E+20,5.37094E+21,9.21935E+15,4.84913E+16
110706,110707,8,4,35,66,2016,2,15,6,2,4,6,0,0,1,1,0,0,0,0,5.19589E+20,5.28734E+21,9.26128E+15,4.77391E+16
110707,110708,8,3,11,0,2016,2,22,5,3,5,3,2,1,0,1,0,0,0,0,4.10328E+20,5.31619E+21,7.79806E+15,4.79927E+16
110708,110709,8,4,35,59,2016,2,13,6,3,6,4,0,0,0,1,1,0,0,0,5.1226E+20,5.29062E+21,9.16362E+15,4.77688E+16
110709,110710,8,2,15,17,2016,3,13,6,3,0,3,0,0,1,0,0,0,0,1,4.55689E+20,5.42043E+21,8.39497E+15,4.89352E+16
110710,110711,8,3,17,57,2016,2,15,2,3,5,3,0,0,1,1,0,0,0,0,4.12463E+20,5.38062E+21,7.8133E+15,4.85725E+16
110711,110712,8,2,12,0,2016,3,12,5,3,5,1,0,1,1,0,0,0,0,0,4.5575E+20,5.42859E+21,8.39491E+15,4.90086E+16
110712,110713,8,2,26,84,2016,3,13,4,3,6,2,0,0,0,1,1,0,0,0,4.69132E+20,5.46993E+21,8.57471E+15,4.93813E+16
110713,110714,8,1,19,79,2016,3,8,6,3,2,6,1,1,0,1,0,0,0,0,5.23107E+20,5.40862E+21,9.31484E+15,4.88301E+16
110714,110715,8,3,11,0,2016,2,7,5,3,5,1,0,1,1,1,0,0,0,0,4.11198E+20,5.3154E+21,7.80987E+15,4.79857E+16
110715,110716,8,4,26,87,2016,2,8,6,3,2,6,0,0,0,1,0,0,0,1,5.70947E+20,5.32456E+21,9.95239E+15,4.80704E+16
110716,110717,8,3,11,0,2016,2,14,2,3,4,2,0,0,0,1,0,0,0,0,4.12221E+20,5.31744E+21,7.82316E+15,4.80042E+16
110717,110718,8,3,36,69,2016,2,12,7,3,1,5,0,0,0,1,0,1,0,0,4.08573E+20,5.26822E+21,7.78463E+15,4.7561E+16
110718,110719,8,4,21,0,2016,2,13,6,3,6,4,0,0,0,1,1,0,0,0,5.70746E+20,5.36215E+21,9.95597E+15,4.84085E+16
110719,110720,8,3,11,0,2016,2,11,5,3,1,5,0,1,1,1,0,0,0,0,4.1286E+20,5.31684E+21,7.83185E+15,4.79989E+16
110720,110721,8,4,26,21,2016,2,19,6,2,6,4,2,0,0,1,1,0,0,0,5.59681E+20,5.32887E+21,9.80178E+15,4.81103E+16
110721,110722,8,2,26,85,2016,3,15,6,3,2,6,0,1,0,1,0,0,0,0,4.90664E+20,5.45537E+21,8.87172E+15,4.92511E+16
110722,110723,8,3,11,0,2016,2,10,2,3,5,2,0,0,1,1,0,0,0,0,4.15071E+20,5.31771E+21,7.86131E+15,4.8007E+16
110723,110724,8,2,12,0,2016,3,16,5,3,5,3,0,0,0,1,0,1,0,0,4.5982E+20,5.42709E+21,8.45071E+15,4.89954E+16
110724,110725,8,1,15,21,2016,3,15,6,3,5,3,0,1,1,1,0,0,0,0,4.9031E+20,5.38313E+21,8.86857E+15,4.86012E+16
110725,110726,8,1,16,19,2016,3,22,7,3,2,6,2,0,0,1,0,0,0,0,5.2356E+20,5.39775E+21,9.3204E+15,4.87323E+16
110726,110727,8,3,36,50,2016,2,7,5,3,5,3,1,1,1,1,0,0,0,0,3.99497E+20,5.27381E+21,7.66273E+15,4.76099E+16
110727,110728,8,2,15,7,2016,3,19,3,3,5,3,2,1,0,1,0,1,0,0,4.78818E+20,5.43151E+21,8.71019E+15,4.90361E+16
110728,110729,8,4,16,41,2016,3,21,3,2,4,2,2,1,1,1,0,0,0,0,5.03567E+20,5.37442E+21,9.0483E+15,4.85229E+16
110729,110730,8,2,12,0,2016,3,6,3,3,5,2,1,0,0,1,0,1,0,0,4.55707E+20,5.43272E+21,8.39387E+15,4.90457E+16
110730,110731,8,3,35,75,2016,3,7,3,3,5,3,0,1,0,1,0,0,0,0,4.90301E+20,5.28918E+21,8.87058E+15,4.77559E+16
110731,110732,8,1,15,3,2016,3,11,5,3,6,7,0,0,0,1,1,0,0,0,5.00459E+20,5.39045E+21,9.00623E+15,4.86671E+16
110732,110733,8,3,26,74,2016,2,9,7,3,5,3,0,0,0,1,0,0,0,0,4.66859E+20,5.32289E+21,8.55522E+15,4.80585E+16
110733,110734,8,1,11,0,2016,3,18,5,3,6,4,2,1,0,1,1,0,0,0,5.13042E+20,5.40349E+21,9.17755E+15,4.87843E+16
110734,110735,8,4,15,61,2016,3,21,6,3,6,4,2,1,0,1,1,0,0,0,5.13001E+20,5.37152E+21,9.17598E+15,4.84967E+16
110735,110736,8,4,21,0,2016,2,6,6,3,6,2,1,0,0,1,1,0,0,0,5.72269E+20,5.35682E+21,9.97564E+15,4.83604E+16
110736,110737,8,2,22,0,2016,3,5,4,3,5,3,2,1,0,1,0,0,0,0,4.6434E+20,5.48434E+21,8.50741E+15,4.95106E+16
110737,110738,8,2,12,0,2016,3,10,3,3,5,2,0,0,1,1,0,0,0,0,4.56271E+20,5.42594E+21,8.40232E+15,4.89848E+16
110738,110739,8,3,25,61,2016,3,7,3,3,5,3,0,1,0,1,0,0,0,0,4.75062E+20,5.35421E+21,8.66347E+15,4.83406E+16
110739,110740,8,3,25,49,2016,2,21,7,3,9,1,2,1,0,1,0,0,0,0,4.78854E+20,5.33778E+21,8.71546E+15,4.81929E+16
110740,110741,8,4,16,36,2016,2,7,6,3,6,2,0,0,0,1,1,0,0,0,4.95464E+20,5.36934E+21,8.93862E+15,4.84772E+16
110741,110742,8,2,12,0,2016,2,16,5,3,6,2,0,0,0,1,1,0,0,0,4.54966E+20,5.4275E+21,8.38432E+15,4.89988E+16
110742,110743,8,4,16,41,2016,2,17,6,3,2,6,0,0,0,1,0,0,0,0,5.03776E+20,5.37261E+21,9.05112E+15,4.85066E+16
110743,110744,8,3,15,6,2016,3,16,6,3,0,3,0,1,1,1,0,0,0,0,4.03664E+20,5.30683E+21,7.71084E+15,4.79076E+16
110744,110745,8,2,31,0,2016,2,18,2,3,1,6,1,0,0,1,0,0,0,0,4.7723E+20,5.41553E+21,8.68936E+15,4.88923E+16
110745,110746,8,2,12,0,2016,3,17,5,3,5,3,0,1,0,1,0,0,0,0,4.61998E+20,5.4275E+21,8.48044E+15,4.89992E+16
110746,110747,8,3,25,49,2016,2,2,7,3,1,5,2,0,0,1,0,0,0,0,4.71119E+20,5.3353E+21,8.61156E+15,4.81703E+16
110747,110748,8,2,12,0,2016,2,18,5,3,6,2,2,0,0,1,1,0,0,0,4.55692E+20,5.42792E+21,8.39419E+15,4.90026E+16
110748,110749,8,3,17,96,2016,3,9,6,3,2,6,0,0,0,1,0,0,0,0,4.23008E+20,5.37092E+21,7.95803E+15,4.84867E+16
110749,110750,8,2,26,37,2016,2,19,2,3,5,3,2,0,0,1,0,0,0,0,4.66722E+20,5.46826E+21,8.54165E+15,4.93661E+16
110750,110751,8,1,36,79,2016,3,19,5,2,6,4,2,1,0,0,1,0,0,1,5.60209E+20,5.40179E+21,9.81934E+15,4.87662E+16
110751,110752,8,2,26,96,2016,2,0,5,3,0,3,2,0,0,1,0,1,0,0,4.73856E+20,5.48804E+21,8.6386E+15,4.95444E+16
110752,110753,8,2,26,37,2016,2,14,2,3,5,3,0,0,0,1,0,0,1,0,4.66587E+20,5.4685E+21,8.53978E+15,4.93683E+16
110753,110754,8,2,21,0,2016,3,12,4,3,5,3,0,1,1,1,0,0,0,0,4.77673E+20,5.47538E+21,8.69208E+15,4.94307E+16
110754,110755,8,3,36,91,2016,3,10,5,3,1,5,0,1,0,1,0,0,0,1,3.96273E+20,5.27196E+21,7.62029E+15,4.75928E+16
110755,110756,8,2,37,28,2016,3,20,3,2,6,2,2,1,0,1,1,0,0,0,4.55926E+20,5.36875E+21,8.40372E+15,4.84703E+16
110756,110757,8,2,21,0,2016,3,18,6,3,1,6,2,1,0,1,0,0,0,0,4.77412E+20,5.4675E+21,8.68893E+15,4.93598E+16
110757,110758,8,3,17,65,2016,2,10,7,3,5,2,0,0,0,1,1,0,0,0,4.16143E+20,5.35474E+21,7.86837E+15,4.83403E+16
110758,110759,8,3,35,63,2016,2,16,6,3,5,3,0,0,1,1,0,0,0,0,4.98492E+20,5.28714E+21,8.97989E+15,4.77376E+16
110759,110760,8,2,21,0,2016,2,15,5,3,2,6,0,0,0,1,0,0,0,0,4.75504E+20,5.47373E+21,8.66227E+15,4.94158E+16
110760,110761,8,3,26,74,2016,2,12,6,3,5,3,0,0,0,1,0,0,0,0,4.58689E+20,5.32282E+21,8.44558E+15,4.80574E+16
110761,110762,8,2,35,46,2016,3,10,6,3,5,5,0,0,0,1,0,0,0,1,4.80006E+20,5.37685E+21,8.72911E+15,4.85444E+16
110762,110763,8,2,25,58,2016,2,9,2,3,2,6,0,0,0,1,0,0,0,0,5.08446E+20,5.46583E+21,9.11628E+15,4.93451E+16
110763,110764,8,1,35,19,2016,3,18,5,3,2,6,2,1,0,1,0,0,0,0,5.85427E+20,5.39358E+21,1.01608E+16,4.86894E+16
110764,110765,8,2,15,106,2016,3,7,4,3,5,3,0,1,1,1,0,0,0,0,4.67406E+20,5.45403E+21,8.55224E+15,4.92382E+16
110765,110766,8,2,15,17,2016,3,15,4,3,5,3,0,1,0,1,0,0,0,0,4.54357E+20,5.42059E+21,8.37676E+15,4.89366E+16
110766,110767,8,1,19,85,2016,2,19,2,3,6,4,2,1,0,1,1,0,0,0,5.294E+20,5.41392E+21,9.40098E+15,4.88776E+16
110767,110768,8,1,28,139,2016,3,15,6,3,5,3,0,1,1,1,0,0,0,0,5.50917E+20,5.49115E+21,9.70422E+15,4.95708E+16
110768,110769,8,3,17,146,2016,2,12,6,3,5,3,0,0,0,1,0,0,0,0,4.30244E+20,5.35537E+21,8.05853E+15,4.83476E+16
110769,110770,8,2,22,0,2016,2,17,5,3,6,7,0,0,1,0,1,0,0,0,4.62578E+20,5.48108E+21,8.48337E+15,4.94812E+16
110770,110771,8,3,17,114,2016,2,7,6,3,0,1,0,0,0,0,0,1,0,0,4.05901E+20,5.34659E+21,7.73201E+15,4.82655E+16
110771,110772,8,2,21,0,2016,2,17,2,3,5,2,0,0,1,1,0,0,0,0,4.76927E+20,5.4739E+21,8.68188E+15,4.94174E+16
110772,110773,8,2,12,0,2016,3,0,3,3,4,6,2,0,1,0,0,0,0,0,4.56457E+20,5.42841E+21,8.4046E+15,4.9007E+16