FID,OBJECTID,ULAND,UREGBEZ,UKREIS,UGEMEINDE,UJAHR,UMONAT,USTUNDE,UWOCHENTAG,UKATEGORIE,UART,UTYP1,ULICHTVERH,IstStrasse,IstRad,IstPKW,IstFuss,IstKrad,IstGkfz,IstSonstig,LINREFX,LINREFY,XGCSWGS84,YGCSWGS84
110773,110774,8,3,15,15,2016,2,8,7,3,5,3,0,0,1,1,0,0,0,0,3.9513E+20,5.32054E+21,7.59334E+15,4.80295E+16
110774,110775,8,1,11,0,2016,3,12,5,3,5,3,0,0,1,1,0,0,0,0,5.13399E+20,5.40438E+21,9.18243E+15,4.87923E+16
110775,110776,8,1,11,0,2016,3,16,6,3,5,3,0,1,1,1,0,0,0,0,5.12579E+20,5.40173E+21,9.17118E+15,4.87684E+16
110776,110777,8,4,36,64,2016,3,7,6,3,0,6,0,2,1,1,0,0,0,0,5.46112E+20,5.29306E+21,9.61566E+15,4.77892E+16
110777,110778,8,2,26,9,2016,2,12,5,3,5,3,0,0,1,1,0,0,0,0,4.66382E+20,5.47163E+21,8.53669E+15,4.93965E+16
110778,110779,8,3,17,65,2016,2,6,6,3,4,6,1,1,0,1,0,0,0,0,4.15308E+20,5.35408E+21,7.85725E+15,4.83342E+16
110779,110780,8,1,18,80,2016,3,6,6,3,5,2,0,1,0,1,0,0,0,0,5.08562E+20,5.40797E+21,9.11665E+15,4.88247E+16
110780,110781,8,1,19,84,2016,3,21,7,3,8,1,2,1,0,1,0,0,0,0,5.46528E+20,5.41396E+21,9.63456E+15,4.88768E+16
110781,110782,8,1,25,27,2016,2,13,5,3,0,3,0,0,0,1,0,0,0,0,5.19485E+20,5.44498E+21,9.26724E+15,4.91573E+16
110782,110783,8,3,17,41,2016,2,12,6,2,6,4,0,0,0,1,1,0,0,0,4.37868E+20,5.34815E+21,8.16248E+15,4.82835E+16
110783,110784,8,2,21,0,2016,2,13,2,3,1,5,0,0,1,1,0,0,0,0,4.77681E+20,5.47267E+21,8.69234E+15,4.94063E+16
110784,110785,8,1,36,19,2016,3,17,3,3,5,3,0,1,0,1,0,0,0,0,5.83097E+20,5.42433E+21,1.01353E+16,4.89663E+16
110785,110786,8,3,27,6,2016,3,12,3,2,0,7,0,1,0,0,0,0,1,0,4.86718E+20,5.32596E+21,8.82164E+15,4.80868E+16
110786,110787,8,1,11,0,2016,3,18,5,3,2,6,2,1,1,0,0,1,0,0,5.11595E+20,5.40668E+21,9.15793E+15,4.8813E+16
110787,110788,8,2,12,0,2016,2,18,7,3,5,3,2,0,1,0,0,0,0,0,4.55636E+20,5.42616E+21,8.39362E+15,4.89868E+16
110788,110789,8,1,11,0,2016,3,6,5,3,5,2,1,1,1,1,0,0,0,0,5.11933E+20,5.4009E+21,9.16238E+15,4.8761E+16
110789,110790,8,1,19,85,2016,2,15,5,3,2,6,0,0,0,1,0,0,0,0,5.31201E+20,5.4127E+21,9.42545E+15,4.88665E+16
110790,110791,8,3,27,50,2016,3,12,6,2,5,3,0,0,0,1,0,1,0,0,4.86854E+20,5.3164E+21,8.82376E+15,4.80008E+16
110791,110792,8,4,37,78,2016,3,12,1,3,5,3,0,0,0,1,0,0,0,0,5.0861E+20,5.31455E+21,9.11539E+15,4.79842E+16
110792,110793,8,1,19,20,2016,3,22,7,3,9,1,2,0,0,1,0,0,0,0,5.21074E+20,5.4056E+21,9.28699E+15,4.8803E+16
110793,110794,8,2,22,0,2016,3,9,2,3,5,3,0,0,1,1,0,0,0,0,4.63155E+20,5.481E+21,8.49134E+15,4.94805E+16
110794,110795,8,2,15,84,2016,3,12,5,3,6,7,0,0,0,1,1,0,0,0,4.72737E+20,5.4479E+21,8.62589E+15,4.91833E+16
110795,110796,8,2,16,15,2016,3,19,2,2,6,5,2,0,0,1,1,0,0,0,4.50751E+20,5.40428E+21,8.32949E+15,4.87896E+16
110796,110797,8,1,11,0,2016,3,13,3,2,6,4,0,0,0,0,1,0,0,1,5.12301E+20,5.4028E+21,9.16744E+15,4.87781E+16
110797,110798,8,1,21,0,2016,3,21,6,3,6,7,2,0,0,1,1,0,0,0,5.08991E+20,5.44791E+21,9.12338E+15,4.91839E+16
110798,110799,8,1,16,80,2016,3,15,3,3,6,3,0,1,0,1,1,0,0,0,5.21659E+20,5.39562E+21,9.29443E+15,4.87133E+16
110799,110800,8,1,11,0,2016,3,11,1,3,5,3,0,0,0,1,0,0,0,0,5.0915E+20,5.40271E+21,9.12454E+15,4.87773E+16
110800,110801,8,2,15,96,2016,3,14,3,3,1,5,0,1,1,0,0,0,0,1,4.63856E+20,5.41877E+21,8.50662E+15,4.89208E+16
110801,110802,8,2,12,0,2016,3,18,5,3,1,5,1,0,1,1,0,0,0,0,4.55603E+20,5.42845E+21,8.39291E+15,4.90073E+16
110802,110803,8,1,15,45,2016,3,16,3,2,6,4,0,0,0,1,1,0,0,0,5.00776E+20,5.39718E+21,9.01056E+15,4.87276E+16
110803,110804,8,3,17,1,2016,3,16,5,2,5,2,0,0,1,0,0,0,0,1,4.31779E+20,5.38706E+21,8.07407E+15,4.86328E+16
110804,110805,8,2,22,0,2016,3,16,4,3,5,3,0,0,1,1,0,0,0,0,4.61862E+20,5.48115E+21,8.47348E+15,4.94818E+16
110805,110806,8,1,17,18,2016,3,7,2,3,3,7,0,1,1,1,0,0,0,0,5.39375E+20,5.39628E+21,9.53532E+15,4.87183E+16
110806,110807,8,2,22,0,2016,3,16,4,3,5,5,0,0,0,1,0,1,0,0,4.64043E+20,5.4784E+21,8.50384E+15,4.94572E+16
110807,110808,8,1,11,0,2016,3,10,3,3,0,7,0,0,0,0,0,1,0,0,5.19315E+20,5.40194E+21,9.26286E+15,4.87702E+16
110808,110809,8,2,16,24,2016,3,7,5,3,5,3,0,0,1,1,0,0,0,0,4.452E+20,5.40909E+21,8.25327E+15,4.88323E+16
110809,110810,8,2,22,0,2016,3,6,4,2,5,3,1,0,0,1,0,0,0,0,4.61599E+20,5.48127E+21,8.46984E+15,4.94829E+16
110810,110811,8,1,25,65,2016,3,22,2,3,5,3,2,1,0,0,0,1,0,1,5.16163E+20,5.44963E+21,9.22187E+15,4.91992E+16
110811,110812,8,2,26,18,2016,3,8,4,3,5,3,0,0,0,1,0,1,0,0,4.72963E+20,5.47274E+21,8.62731E+15,4.94068E+16
110812,110813,8,4,21,0,2016,3,12,2,2,8,1,0,0,0,1,0,0,0,0,5.72459E+20,5.36056E+21,9.97884E+15,4.8394E+16
110813,110814,8,1,16,80,2016,3,13,6,3,5,2,0,0,0,1,0,0,0,0,5.20438E+20,5.39697E+21,9.2779E+15,4.87254E+16
110814,110815,8,1,16,49,2016,3,13,3,3,5,3,0,1,1,1,0,0,0,0,5.24572E+20,5.38455E+21,9.33337E+15,4.86135E+16
110815,110816,8,4,26,66,2016,3,11,7,2,6,7,0,0,0,1,1,0,0,0,5.84049E+20,5.32488E+21,1.01283E+16,4.80716E+16
110816,110817,8,1,17,19,2016,3,6,5,2,5,3,0,0,0,1,0,1,0,0,5.51021E+20,5.39384E+21,9.69334E+15,4.86955E+16
110817,110818,8,1,16,19,2016,3,19,3,3,1,5,2,0,0,1,0,1,0,0,5.22123E+20,5.39859E+21,9.30089E+15,4.87399E+16
110818,110819,8,2,26,18,2016,3,8,4,3,5,3,0,0,0,1,0,1,0,0,4.73106E+20,5.4717E+21,8.62935E+15,4.93974E+16
110819,110820,8,1,21,0,2016,3,8,2,3,1,5,0,0,0,1,0,0,0,1,5.13683E+20,5.44433E+21,9.18764E+15,4.91517E+16
110820,110821,8,2,12,0,2016,3,10,4,3,2,7,0,0,0,1,0,0,1,0,4.59793E+20,5.43037E+21,8.45002E+15,4.90249E+16
110821,110822,8,1,15,28,2016,3,16,6,3,6,7,0,0,0,1,1,0,0,0,5.01403E+20,5.4074E+21,9.01912E+15,4.88196E+16
110822,110823,8,4,37,76,2016,3,15,1,3,5,3,0,0,0,1,0,0,0,0,5.24622E+20,5.32157E+21,9.33037E+15,4.80469E+16
110823,110824,8,1,18,48,2016,3,16,7,3,1,7,0,0,0,1,0,0,0,0,5.11663E+20,5.41462E+21,9.15909E+15,4.88844E+16
110824,110825,8,1,15,3,2016,3,7,6,3,6,4,1,0,0,1,1,0,0,0,5.01458E+20,5.39259E+21,9.0198E+15,4.86863E+16
110825,110826,8,2,22,0,2016,3,16,3,3,5,3,0,1,0,1,0,0,0,0,4.63874E+20,5.48653E+21,8.50077E+15,4.95303E+16
110826,110827,8,4,21,0,2016,3,13,2,3,2,6,0,0,0,1,0,0,0,0,5.71237E+20,5.35955E+21,9.96216E+15,4.8385E+16
110827,110828,8,1,19,79,2016,3,20,2,3,6,2,2,0,0,1,1,0,0,0,5.23049E+20,5.4087E+21,9.31406E+15,4.88308E+16
110828,110829,8,1,11,0,2016,3,18,6,3,5,3,2,0,1,1,0,0,0,0,5.12482E+20,5.40135E+21,9.16985E+15,4.8765E+16
110829,110830,8,4,21,0,2016,3,16,1,3,1,6,0,0,0,1,0,0,0,0,5.72911E+20,5.36088E+21,9.98501E+15,4.83969E+16
110830,110831,8,1,11,0,2016,3,10,7,3,2,6,0,0,0,1,0,0,0,0,5.13528E+20,5.40902E+21,9.18434E+15,4.8834E+16
110831,110832,8,1,15,28,2016,3,14,5,3,6,7,0,0,0,1,1,0,0,0,5.0119E+20,5.40531E+21,9.0162E+15,4.88008E+16
110832,110833,8,2,31,0,2016,3,13,3,3,5,3,0,1,0,1,0,1,0,0,4.77875E+20,5.4152E+21,8.69818E+15,4.88894E+16
110833,110834,8,2,22,0,2016,3,13,2,2,5,7,0,0,1,1,0,0,0,0,4.60871E+20,5.48209E+21,8.45971E+15,4.94902E+16
110834,110835,8,1,18,48,2016,3,18,2,3,0,7,2,0,1,1,0,0,0,0,5.13501E+20,5.41572E+21,9.18419E+15,4.88942E+16
110835,110836,8,4,21,0,2016,3,11,2,3,2,6,0,0,0,1,0,0,0,0,5.74209E+20,5.36151E+21,1.00026E+16,4.84023E+16
110836,110837,8,1,36,65,2016,3,10,5,3,6,4,0,0,0,1,1,0,0,0,5.58518E+20,5.40485E+21,9.79678E+15,4.87939E+16
110837,110838,8,3,11,0,2016,3,16,3,3,0,7,0,1,1,0,0,0,0,0,4.141E+20,5.3161E+21,7.84862E+15,4.79925E+16
110838,110839,8,2,21,0,2016,3,9,2,3,0,7,0,0,1,0,0,0,0,0,4.79351E+20,5.47244E+21,8.71538E+15,4.94043E+16
110839,110840,8,4,15,61,2016,3,16,2,3,2,6,0,0,0,1,0,1,0,0,5.14867E+20,5.36925E+21,9.20116E+15,4.84762E+16
110840,110841,8,1,16,33,2016,3,11,2,3,4,5,0,0,1,1,0,0,0,0,5.33915E+20,5.38858E+21,9.46047E+15,4.86493E+16
110841,110842,8,2,12,0,2016,3,20,4,3,6,4,2,0,0,1,1,0,0,0,4.54759E+20,5.42636E+21,8.38161E+15,4.89885E+16
110842,110843,8,3,36,45,2016,3,18,7,2,6,7,0,0,0,1,1,0,0,0,3.99403E+20,5.28523E+21,7.65886E+15,4.77126E+16
110843,110844,8,4,15,73,2016,3,16,1,3,1,5,0,0,1,1,0,0,0,0,5.17349E+20,5.35102E+21,9.23399E+15,4.83122E+16
110844,110845,8,1,11,0,2016,3,16,7,3,3,7,0,0,0,1,0,0,0,0,5.17421E+20,5.40442E+21,9.23719E+15,4.87925E+16
110845,110846,8,2,15,96,2016,3,16,2,3,6,7,0,0,0,1,1,0,0,0,4.63523E+20,5.41884E+21,8.50207E+15,4.89214E+16
110846,110847,8,1,35,19,2016,3,16,5,3,2,6,0,0,0,1,0,0,0,0,5.85445E+20,5.39592E+21,1.01615E+16,4.87104E+16
110847,110848,8,1,16,49,2016,3,12,2,3,2,6,0,0,0,1,0,0,0,0,5.24816E+20,5.3872E+21,9.33685E+15,4.86373E+16
110848,110849,8,4,15,59,2016,3,14,2,3,5,3,0,0,0,1,0,0,0,0,5.16806E+20,5.36835E+21,9.22736E+15,4.84681E+16
110849,110850,8,1,11,0,2016,3,7,6,3,5,3,0,0,0,1,0,0,0,0,5.08681E+20,5.40638E+21,9.11824E+15,4.88104E+16
110850,110851,8,1,15,45,2016,3,13,3,3,0,1,0,1,1,0,0,0,0,0,4.97038E+20,5.39647E+21,8.95973E+15,4.87212E+16
110851,110852,8,3,35,75,2016,3,13,7,3,0,1,0,0,1,0,0,0,0,0,4.88914E+20,5.2885E+21,8.85209E+15,4.77498E+16
110852,110853,8,2,12,0,2016,3,20,3,2,0,7,2,0,1,0,0,0,0,0,4.55999E+20,5.42882E+21,8.39829E+15,4.90107E+16
110853,110854,8,1,11,0,2016,3,11,6,3,4,7,0,0,0,1,0,1,0,0,5.131E+20,5.40331E+21,9.17833E+15,4.87827E+16
110854,110855,8,4,15,61,2016,3,15,2,3,5,3,0,0,0,1,0,0,0,0,5.14995E+20,5.37262E+21,9.20301E+15,4.85065E+16
110855,110856,8,1,11,0,2016,3,15,2,3,9,7,0,0,0,1,0,0,0,0,5.13226E+20,5.40324E+21,9.18004E+15,4.8782E+16
110856,110857,8,1,11,0,2016,3,20,6,3,5,3,2,0,1,1,0,0,0,0,5.17123E+20,5.40866E+21,9.23331E+15,4.88307E+16
110857,110858,8,3,27,50,2016,3,8,7,1,6,4,0,0,0,1,1,0,0,0,4.86497E+20,5.31418E+21,8.81906E+15,4.79808E+16
110858,110859,8,4,15,53,2016,3,2,1,3,9,1,2,0,0,1,0,0,0,0,5.37679E+20,5.3615E+21,9.50912E+15,4.84055E+16
110859,110860,8,1,36,88,2016,3,13,3,3,6,3,0,1,0,1,1,0,0,0,5.80274E+20,5.41035E+21,1.0094E+16,4.88409E+16
110860,110861,8,1,11,0,2016,3,20,7,3,2,6,0,0,0,1,0,0,0,0,5.15257E+20,5.40377E+21,9.20771E+15,4.87868E+16
110861,110862,8,2,25,14,2016,3,7,5,2,5,3,1,0,0,1,0,0,0,1,5.17645E+20,5.48119E+21,9.24361E+15,4.94831E+16
110862,110863,8,1,17,60,2016,3,16,4,3,5,3,0,0,1,0,0,0,0,1,5.42253E+20,5.38791E+21,9.5736E+15,4.86428E+16
110863,110864,8,1,11,0,2016,3,17,2,3,8,1,0,0,0,0,0,1,0,0,5.08481E+20,5.40613E+21,9.1155E+15,4.88081E+16
110864,110865,8,1,15,42,2016,3,17,4,2,0,3,0,0,0,1,0,0,0,1,4.96232E+20,5.40646E+21,8.94868E+15,4.88111E+16
110865,110866,8,3,37,96,2016,3,15,2,3,5,3,0,0,1,1,0,0,0,0,4.20806E+20,5.26731E+21,7.94739E+15,4.75544E+16
110866,110867,8,1,11,0,2016,3,7,6,3,2,2,0,0,0,1,0,0,0,0,5.18574E+20,5.40294E+21,9.25283E+15,4.87792E+16
110867,110868,8,3,37,2,2016,3,17,2,2,6,4,0,0,0,1,1,0,0,0,4.34028E+20,5.2708E+21,8.12258E+15,4.75873E+16
110868,110869,8,2,15,9,2016,3,7,3,3,6,4,0,0,0,1,1,0,0,0,4.70306E+20,5.44134E+21,8.59301E+15,4.91242E+16
110869,110870,8,3,17,26,2016,3,17,7,3,5,3,0,0,1,1,0,0,0,0,4.12049E+20,5.3463E+21,7.81489E+15,4.82638E+16
110870,110871,8,3,36,6,2016,3,7,2,3,6,7,0,0,0,1,1,0,0,0,3.90109E+20,5.28506E+21,7.53503E+15,4.77096E+16
110871,110872,8,1,25,65,2016,3,17,5,2,0,1,0,0,0,0,0,1,0,0,5.16206E+20,5.44827E+21,9.2224E+15,4.9187E+16
110872,110873,8,1,21,0,2016,3,0,3,1,8,1,2,0,0,1,0,0,0,0,5.1441E+20,5.44528E+21,9.19765E+15,4.91602E+16
110873,110874,8,1,21,0,2016,3,23,5,3,5,2,2,0,0,1,0,0,0,0,5.16437E+20,5.44504E+21,9.22544E+15,4.9158E+16
110874,110875,8,1,36,65,2016,3,7,4,3,1,5,0,0,1,1,0,0,0,0,5.60442E+20,5.4055E+21,9.82306E+15,4.87995E+16
110875,110876,8,1,11,0,2016,3,14,2,3,5,3,0,1,0,1,0,1,0,0,5.14958E+20,5.40911E+21,9.20384E+15,4.88348E+16
110876,110877,8,4,21,0,2016,3,13,4,3,5,3,0,0,0,1,0,0,0,0,5.69267E+20,5.35696E+21,9.93514E+15,4.8362E+16
110877,110878,8,3,36,81,2016,3,11,2,3,6,7,0,1,0,0,1,0,0,1,4.11917E+20,5.27812E+21,7.82709E+15,4.76505E+16
110878,110879,8,1,11,0,2016,3,15,6,2,2,6,0,0,0,1,0,1,0,0,5.1378E+20,5.40231E+21,9.18755E+15,4.87736E+16
110879,110880,8,1,18,48,2016,3,15,5,3,5,2,0,0,1,1,0,0,0,0,5.15312E+20,5.41567E+21,9.2089E+15,4.88938E+16
110880,110881,8,3,37,96,2016,3,7,3,3,5,2,0,0,1,0,0,0,0,0,4.211E+20,5.26766E+21,7.95123E+15,4.75576E+16
110881,110882,8,3,35,43,2016,3,9,2,3,5,3,0,0,0,1,0,0,0,0,5.13354E+20,5.27914E+21,9.17788E+15,4.76655E+16
110882,110883,8,1,11,0,2016,3,14,2,3,1,5,0,0,1,1,0,0,0,0,5.08005E+20,5.40701E+21,9.10905E+15,4.8816E+16
110883,110884,8,1,17,19,2016,3,7,4,3,6,4,0,0,0,1,1,0,0,0,5.51913E+20,5.39351E+21,9.70543E+15,4.86924E+16
110884,110885,8,3,15,47,2016,3,19,1,3,1,5,2,0,0,1,0,0,1,1,4.16802E+20,5.32063E+21,7.88395E+15,4.80336E+16
110885,110886,8,1,11,0,2016,3,18,2,3,2,6,2,0,0,1,0,0,0,0,5.11437E+20,5.41063E+21,9.15589E+15,4.88485E+16
110886,110887,8,1,16,19,2016,3,10,4,3,5,3,0,0,1,0,0,0,0,1,5.23507E+20,5.39833E+21,9.31971E+15,4.87376E+16
110887,110888,8,4,26,38,2016,3,16,5,3,0,5,0,0,0,1,0,0,0,1,5.61266E+20,5.31518E+21,9.82111E+15,4.7987E+16
110888,110889,8,2,12,0,2016,3,17,1,3,4,6,0,0,1,0,0,0,0,0,4.57573E+20,5.42814E+21,8.41989E+15,4.90047E+16
110889,110890,8,4,35,34,2016,3,16,6,3,2,6,0,0,0,1,0,0,0,0,5.30739E+20,5.28479E+21,9.40984E+15,4.77158E+16
110890,110891,8,1,17,26,2016,3,11,2,2,4,1,0,0,1,1,0,0,0,0,5.4843E+20,5.39515E+21,9.65828E+15,4.87075E+16
110891,110892,8,1,16,19,2016,3,11,5,3,1,6,0,0,0,1,0,0,0,0,5.22668E+20,5.39823E+21,9.3083E+15,4.87367E+16
110892,110893,8,3,11,0,2016,3,7,3,3,1,6,0,0,0,1,0,0,0,0,4.10403E+20,5.31697E+21,7.79889E+15,4.79998E+16
110893,110894,8,1,25,65,2016,3,8,2,3,4,2,0,0,0,1,0,0,0,0,5.16728E+20,5.44701E+21,9.22951E+15,4.91757E+16
110894,110895,8,3,35,43,2016,3,18,2,2,5,3,1,0,1,1,0,0,0,0,5.10575E+20,5.28102E+21,9.1409E+15,4.76825E+16
110895,110896,8,4,17,31,2016,3,9,2,2,6,7,0,0,0,1,1,0,0,0,4.97168E+20,5.35691E+21,8.96176E+15,4.83654E+16
110896,110897,8,4,15,78,2016,3,12,5,3,0,7,0,0,1,0,0,0,0,0,5.2952E+20,5.37117E+21,9.39956E+15,4.84929E+16
110897,110898,8,3,11,0,2016,3,22,7,3,4,6,2,0,1,0,0,0,0,0,4.13355E+20,5.31759E+21,7.83834E+15,4.80058E+16
110898,110899,8,2,22,0,2016,3,0,1,3,5,3,2,0,0,1,0,0,0,0,4.61163E+20,5.4818E+21,8.46377E+15,4.94876E+16
110899,110900,8,1,28,7,2016,3,14,3,3,2,6,0,1,0,1,0,0,0,0,5.55872E+20,5.4821E+21,9.77147E+15,4.94889E+16
110900,110901,8,4,21,0,2016,3,18,6,3,4,2,2,0,1,1,0,0,0,0,5.7148E+20,5.36241E+21,9.96594E+15,4.84108E+16
110901,110902,8,1,11,0,2016,3,9,5,3,5,3,0,0,0,1,0,0,0,0,5.11636E+20,5.41027E+21,9.1586E+15,4.88453E+16
110902,110903,8,1,15,3,2016,3,9,4,3,5,3,0,0,0,1,0,0,0,0,4.99024E+20,5.39245E+21,8.98674E+15,4.86851E+16
110903,110904,8,4,15,19,2016,3,15,1,3,0,7,0,0,0,0,0,1,0,1,5.19038E+20,5.3709E+21,9.25767E+15,4.8491E+16
110904,110905,8,4,21,0,2016,3,20,6,3,4,2,2,0,0,1,0,1,0,0,5.74519E+20,5.36187E+21,1.00069E+16,4.84056E+16
110905,110906,8,1,11,0,2016,3,16,5,3,3,7,0,0,0,1,0,0,0,1,5.14172E+20,5.40739E+21,9.19306E+15,4.88193E+16
110906,110907,8,3,36,91,2016,3,10,1,3,4,6,0,0,0,1,0,0,0,0,3.96413E+20,5.27218E+21,7.62209E+15,4.75947E+16
110907,110908,8,3,27,18,2016,3,18,2,3,5,3,0,0,1,1,0,0,0,0,4.73515E+20,5.30768E+21,8.64549E+15,4.79219E+16
110908,110909,8,3,26,12,2016,3,9,5,3,5,3,0,0,0,1,0,0,0,0,4.60872E+20,5.31115E+21,8.47595E+15,4.79525E+16
110909,110910,8,3,15,6,2016,3,7,2,3,0,2,0,0,1,1,0,0,0,0,4.02556E+20,5.30819E+21,7.69572E+15,4.79196E+16
110910,110911,8,3,17,96,2016,3,16,5,3,5,3,0,0,1,0,0,0,0,1,4.22545E+20,5.37446E+21,7.95111E+15,4.85185E+16
110911,110912,8,3,11,0,2016,3,5,7,3,0,1,2,0,1,0,0,0,0,0,4.13987E+20,5.31659E+21,7.84701E+15,4.79969E+16
110912,110913,8,1,27,14,2016,3,16,3,3,2,2,0,1,0,1,0,0,0,0,5.78383E+20,5.44505E+21,1.0075E+16,4.91533E+16
110913,110914,8,1,11,0,2016,3,14,5,3,2,6,0,0,0,1,0,0,0,0,5.11188E+20,5.40631E+21,9.15238E+15,4.88097E+16
110914,110915,8,2,12,0,2016,3,10,3,3,6,4,0,0,1,0,1,0,0,0,4.5569E+20,5.42852E+21,8.3941E+15,4.9008E+16
110915,110916,8,1,11,0,2016,3,17,5,3,5,3,1,0,0,1,0,0,0,0,5.12165E+20,5.40212E+21,9.16557E+15,4.87719E+16
110916,110917,8,1,11,0,2016,3,15,4,2,0,7,0,0,0,0,0,1,0,1,5.07081E+20,5.40782E+21,9.09646E+15,4.88233E+16
110917,110918,8,3,15,76,2016,3,17,1,3,3,3,0,0,0,1,0,1,0,0,3.92378E+20,5.29657E+21,7.56242E+15,4.78135E+16
110918,110919,8,1,11,0,2016,3,20,4,2,1,1,2,0,0,1,0,0,1,0,5.18485E+20,5.40122E+21,9.25154E+15,4.87637E+16
110919,110920,8,3,15,41,2016,3,21,2,3,9,6,2,2,0,1,0,0,0,1,4.26153E+20,5.3199E+21,8.00949E+15,4.80281E+16
110920,110921,8,3,17,26,2016,3,16,5,3,4,6,0,0,0,1,0,0,0,0,4.13386E+20,5.34718E+21,7.83273E+15,4.82719E+16
110921,110922,8,1,11,0,2016,3,17,4,3,2,2,0,0,0,1,0,0,0,0,5.14474E+20,5.40795E+21,9.1972E+15,4.88244E+16
110922,110923,8,3,36,50,2016,3,10,2,3,2,6,0,0,0,1,0,0,0,0,3.99104E+20,5.27409E+21,7.65744E+15,4.76123E+16
110923,110924,8,3,17,96,2016,3,16,5,3,4,2,0,0,0,1,0,0,0,0,4.21548E+20,5.36877E+21,7.93867E+15,4.84671E+16
110924,110925,8,3,36,91,2016,3,12,2,3,5,3,0,0,0,1,0,0,0,0,3.95702E+20,5.27521E+21,7.61191E+15,4.76219E+16
110925,110926,8,2,12,0,2016,3,15,7,2,6,2,0,0,0,1,1,0,0,0,4.57897E+20,5.42823E+21,8.4243E+15,4.90055E+16
110926,110927,8,4,15,61,2016,3,19,4,3,4,6,2,0,0,1,0,0,0,0,5.15143E+20,5.37158E+21,9.20498E+15,4.84972E+16
110927,110928,8,1,19,79,2016,3,19,3,3,2,1,2,0,0,1,0,0,0,0,5.21955E+20,5.41206E+21,9.29934E+15,4.88611E+16
110928,110929,8,1,11,0,2016,3,7,4,3,1,5,0,0,1,1,0,0,0,0,5.10667E+20,5.40659E+21,9.1453E+15,4.88122E+16
110929,110930,8,2,12,0,2016,3,19,1,2,5,3,2,1,0,1,0,0,0,0,4.60334E+20,5.42966E+21,8.45748E+15,4.90186E+16
110930,110931,8,1,11,0,2016,3,7,4,3,0,3,0,0,0,1,0,1,0,0,5.12559E+20,5.40848E+21,9.17113E+15,4.88291E+16
110931,110932,8,3,36,45,2016,3,16,5,3,6,7,0,0,0,1,1,0,0,0,3.99009E+20,5.28037E+21,7.65473E+15,4.76688E+16
110932,110933,8,2,15,94,2016,3,0,1,3,9,1,2,0,0,0,0,1,0,0,4.85874E+20,5.43851E+21,8.80649E+15,4.90993E+16
110933,110934,8,3,37,96,2016,3,7,6,2,5,3,1,0,1,1,0,0,0,0,4.20438E+20,5.26702E+21,7.94254E+15,4.75517E+16
110934,110935,8,4,16,41,2016,3,9,4,3,5,3,0,0,1,1,0,0,0,0,5.04291E+20,5.37388E+21,9.0581E+15,4.8518E+16
110935,110936,8,3,11,0,2016,3,15,3,3,5,2,0,0,1,1,0,0,0,0,4.14177E+20,5.31569E+21,7.84973E+15,4.79888E+16
110936,110937,8,1,21,0,2016,3,8,2,3,5,3,0,0,0,1,0,0,0,0,5.16801E+20,5.44415E+21,9.23039E+15,4.915E+16
110937,110938,8,3,11,0,2016,3,11,2,3,3,2,0,0,1,0,0,0,1,0,4.14615E+20,5.31776E+21,7.85519E+15,4.80075E+16
110938,110939,8,2,26,41,2016,3,5,1,3,5,3,2,1,0,1,0,0,0,0,4.77357E+20,5.46648E+21,8.68823E+15,4.93507E+16
110939,110940,8,4,37,104,2016,3,10,3,3,5,3,0,0,0,1,0,0,0,0,5.16531E+20,5.32719E+21,9.22203E+15,4.80978E+16
110940,110941,8,3,11,0,2016,3,13,5,2,6,4,0,0,0,1,1,0,0,0,4.14041E+20,5.31787E+21,7.84747E+15,4.80083E+16
110941,110942,8,1,36,42,2016,3,17,1,3,5,3,0,0,0,1,0,0,0,0,5.51651E+20,5.40476E+21,9.70327E+15,4.87937E+16
110942,110943,8,3,35,43,2016,3,0,6,3,0,7,2,0,0,0,0,1,0,0,5.1275E+20,5.27813E+21,9.16979E+15,4.76564E+16
110943,110944,8,1,18,79,2016,3,21,2,3,4,2,2,0,0,1,0,0,0,0,5.08607E+20,5.42135E+21,9.11755E+15,4.8945E+16
110944,110945,8,4,15,78,2016,3,19,4,3,5,2,2,0,0,1,0,1,0,0,5.28209E+20,5.3717E+21,9.38185E+15,4.84978E+16
110945,110946,8,2,31,0,2016,3,10,3,3,5,3,0,0,0,1,0,0,0,0,4.78727E+20,5.4151E+21,8.7098E+15,4.88885E+16
110946,110947,8,1,15,28,2016,3,13,2,2,6,4,0,0,0,1,1,0,0,0,5.01258E+20,5.40526E+21,9.01713E+15,4.88004E+16
110947,110948,8,2,26,18,2016,3,17,1,3,5,3,0,0,0,1,0,0,0,0,4.731E+20,5.4717E+21,8.62927E+15,4.93974E+16
110948,110949,8,3,11,0,2016,3,8,2,3,0,3,0,0,0,0,0,0,1,1,4.105E+20,5.31761E+21,7.80006E+15,4.80055E+16
110949,110950,8,3,11,0,2016,3,12,5,3,1,6,0,0,0,1,0,0,0,1,4.13149E+20,5.31548E+21,7.836E+15,4.79867E+16
110950,110951,8,3,11,0,2016,3,18,2,3,0,1,0,0,1,0,0,0,0,0,4.14448E+20,5.31671E+21,7.85316E+15,4.7998E+16