FID,OBJECTID,ULAND,UREGBEZ,UKREIS,UGEMEINDE,UJAHR,UMONAT,USTUNDE,UWOCHENTAG,UKATEGORIE,UART,UTYP1,ULICHTVERH,IstStrasse,IstRad,IstPKW,IstFuss,IstKrad,IstGkfz,IstSonstig,LINREFX,LINREFY,XGCSWGS84,YGCSWGS84
110951,110952,8,2,15,9,2016,3,5,1,3,6,4,2,1,0,1,1,0,0,0,4.68012E+20,5.44143E+21,8.56157E+15,4.91249E+16
110952,110953,8,3,11,0,2016,3,16,2,3,6,5,0,0,0,1,1,0,0,0,4.09845E+20,5.31555E+21,7.79171E+15,4.79869E+16
110953,110954,8,2,12,0,2016,3,0,1,3,5,2,2,0,1,1,0,0,0,0,4.56537E+20,5.42843E+21,8.40569E+15,4.90072E+16
110954,110955,8,4,36,55,2016,3,17,3,3,4,6,0,1,0,1,0,0,0,0,5.72516E+20,5.30018E+21,9.96934E+15,4.78509E+16
110955,110956,8,2,12,0,2016,3,11,7,3,5,2,0,0,1,1,0,0,0,0,4.59213E+20,5.43112E+21,8.442E+15,4.90316E+16
110956,110957,8,1,25,39,2016,3,12,1,3,5,3,0,0,0,1,0,0,0,0,5.11532E+20,5.45888E+21,9.15857E+15,4.92826E+16
110957,110958,8,3,36,84,2016,3,7,6,3,4,2,0,0,0,1,0,1,0,0,4.04513E+20,5.27742E+21,7.72867E+15,4.76432E+16
110958,110959,8,1,15,3,2016,3,18,2,3,6,4,1,0,0,1,1,0,0,0,5.01518E+20,5.39171E+21,9.02062E+15,4.86784E+16
110959,110960,8,3,35,75,2016,3,15,4,3,5,3,0,0,0,1,0,0,0,0,4.87987E+20,5.29081E+21,8.83966E+15,4.77705E+16
110960,110961,8,2,11,0,2016,3,15,1,3,4,6,0,1,0,1,0,0,0,1,4.41731E+20,5.4031E+21,8.20686E+15,4.87782E+16
110961,110962,8,2,15,108,2016,3,10,2,3,0,1,0,0,1,0,0,0,0,0,4.49536E+20,5.4247E+21,8.31042E+15,4.89731E+16
110962,110963,8,3,11,0,2016,3,14,5,3,3,6,0,0,1,1,0,0,0,0,4.13898E+20,5.31772E+21,7.84559E+15,4.8007E+16
110963,110964,8,2,12,0,2016,3,14,2,3,5,3,0,0,1,1,0,0,0,0,4.52214E+20,5.42737E+21,8.34671E+15,4.89974E+16
110964,110965,8,2,31,0,2016,3,20,7,3,5,3,2,0,0,1,0,0,0,0,4.77648E+20,5.41517E+21,8.69508E+15,4.88891E+16
110965,110966,8,1,17,26,2016,3,7,3,3,4,2,0,0,0,1,0,0,0,0,5.47213E+20,5.39489E+21,9.64172E+15,4.87052E+16
110966,110967,8,3,25,49,2016,3,9,4,3,2,6,0,0,0,1,0,0,0,0,4.71683E+20,5.33419E+21,8.61921E+15,4.81603E+16
110967,110968,8,1,28,7,2016,3,7,3,3,6,7,2,1,0,0,1,0,0,1,5.56046E+20,5.48245E+21,9.77391E+15,4.94921E+16
110968,110969,8,3,11,0,2016,3,9,5,3,5,3,0,0,0,1,0,0,1,0,4.1175E+20,5.32113E+21,7.81608E+15,4.80374E+16
110969,110970,8,2,25,58,2016,3,11,7,3,4,1,0,0,0,1,0,1,0,0,5.08339E+20,5.46582E+21,9.11481E+15,4.9345E+16
110970,110971,8,1,19,42,2016,3,13,1,3,5,3,0,0,1,1,0,0,0,0,5.29266E+20,5.41522E+21,9.39924E+15,4.88892E+16
110971,110972,8,1,17,24,2016,3,13,3,3,0,7,0,1,1,0,0,0,0,0,5.61926E+20,5.38534E+21,9.84025E+15,4.8618E+16
110972,110973,8,3,11,0,2016,3,14,6,3,2,1,0,0,0,1,0,1,0,0,4.14478E+20,5.31845E+21,7.85322E+15,4.80136E+16
110973,110974,8,3,17,41,2016,3,13,4,3,6,6,0,0,1,0,1,0,0,0,4.38074E+20,5.34816E+21,8.16526E+15,4.82836E+16
110974,110975,8,4,21,0,2016,3,15,3,2,6,4,0,0,0,0,1,0,0,1,5.7331E+20,5.36092E+21,9.9904E+15,4.83972E+16
110975,110976,8,1,36,88,2016,3,18,1,3,4,2,2,1,0,1,0,1,0,0,5.8111E+20,5.41325E+21,1.0106E+16,4.88669E+16
110976,110977,8,4,16,41,2016,3,9,3,3,2,6,0,0,1,1,0,0,0,0,5.04392E+20,5.37435E+21,9.05949E+15,4.85222E+16
110977,110978,8,2,12,0,2016,3,17,2,3,5,3,0,0,1,1,0,0,0,0,4.55403E+20,5.42721E+21,8.39032E+15,4.89962E+16
110978,110979,8,3,11,0,2016,3,18,5,2,6,4,1,0,0,1,1,0,0,0,4.11561E+20,5.31589E+21,7.81463E+15,4.79902E+16
110979,110980,8,2,36,71,2016,3,14,2,3,0,7,0,0,1,0,0,0,0,1,4.68639E+20,5.42102E+21,8.57173E+15,4.89413E+16
110980,110981,8,2,26,66,2016,3,13,7,2,0,7,0,0,0,0,0,1,0,0,4.95842E+20,5.46779E+21,8.94274E+15,4.93628E+16
110981,110982,8,1,15,21,2016,3,16,3,3,0,7,0,0,0,0,1,0,0,1,4.89501E+20,5.38185E+21,8.85762E+15,4.85896E+16
110982,110983,8,1,25,65,2016,3,22,1,3,0,7,2,0,0,1,0,0,0,0,5.16625E+20,5.44793E+21,9.22813E+15,4.9184E+16
110983,110984,8,4,16,41,2016,3,21,3,3,0,3,2,0,1,1,0,0,0,0,5.03627E+20,5.37414E+21,9.04912E+15,4.85203E+16
110984,110985,8,2,37,40,2016,3,16,5,3,0,7,0,0,0,1,0,1,0,0,4.7708E+20,5.36607E+21,8.69005E+15,4.84474E+16
110985,110986,8,3,17,57,2016,3,18,4,3,5,3,2,1,0,1,0,0,0,0,4.13209E+20,5.37322E+21,7.82497E+15,4.85061E+16
110986,110987,8,4,16,41,2016,3,10,3,3,3,7,0,0,0,1,0,1,0,1,5.03671E+20,5.37346E+21,9.04971E+15,4.85142E+16
110987,110988,8,1,19,85,2016,3,16,1,2,6,1,0,0,1,0,1,0,0,0,5.29109E+20,5.41389E+21,9.397E+15,4.88773E+16
110988,110989,8,4,16,41,2016,3,7,3,3,5,3,0,0,1,1,0,0,0,0,5.03807E+20,5.37296E+21,9.05155E+15,4.85097E+16
110989,110990,8,2,12,0,2016,3,8,2,3,6,2,0,0,0,1,1,0,0,0,4.60829E+20,5.42761E+21,8.46446E+15,4.90001E+16
110990,110991,8,2,31,0,2016,3,12,5,2,0,7,0,0,1,0,0,0,0,0,4.75799E+20,5.41386E+21,8.66994E+15,4.88772E+16
110991,110992,8,2,26,40,2016,3,19,2,2,1,5,2,0,1,1,0,0,0,0,4.74828E+20,5.49529E+21,8.65157E+15,4.96096E+16
110992,110993,8,2,36,76,2016,3,12,2,3,4,7,0,1,0,1,0,1,0,0,4.71767E+20,5.42323E+21,8.6143E+15,4.89614E+16
110993,110994,8,1,17,42,2016,3,14,1,3,5,3,0,0,0,1,0,0,0,0,5.54695E+20,5.3937E+21,9.74325E+15,4.86939E+16
110994,110995,8,1,18,54,2016,3,11,1,3,1,5,0,0,1,1,0,0,0,0,5.18971E+20,5.42365E+21,9.25919E+15,4.89655E+16
110995,110996,8,2,12,0,2016,3,8,6,3,6,4,0,0,0,1,1,0,0,0,4.53774E+20,5.42857E+21,8.3679E+15,4.90083E+16
110996,110997,8,1,18,48,2016,3,2,1,3,5,3,2,0,0,1,0,0,0,0,5.13949E+20,5.41447E+21,9.19027E+15,4.8883E+16
110997,110998,8,2,37,28,2016,3,14,6,3,6,4,0,0,0,1,1,0,0,0,4.56257E+20,5.36878E+21,8.40819E+15,4.84707E+16
110998,110999,8,1,17,19,2016,3,18,2,3,2,6,0,0,0,1,0,0,0,0,5.51804E+20,5.39457E+21,9.70408E+15,4.8702E+16
110999,111000,8,3,17,57,2016,3,7,4,3,5,3,0,0,1,1,0,0,0,0,4.13717E+20,5.37998E+21,7.83043E+15,4.8567E+16
111000,111001,8,3,11,0,2016,3,8,3,2,6,4,0,0,1,0,1,0,0,0,4.13993E+20,5.31614E+21,7.84718E+15,4.79928E+16
111001,111002,8,1,16,19,2016,3,7,2,3,5,3,0,0,0,1,0,1,0,0,5.24986E+20,5.39742E+21,9.33977E+15,4.87293E+16
111002,111003,8,2,26,103,2016,3,9,2,3,5,7,0,0,1,0,0,0,0,1,4.72307E+20,5.45721E+21,8.61934E+15,4.9267E+16
111003,111004,8,3,27,46,2016,3,7,3,3,6,2,1,0,0,1,1,0,0,0,4.80075E+20,5.32517E+21,8.73248E+15,4.80795E+16
111004,111005,8,2,22,0,2016,3,17,7,3,5,3,0,0,1,1,0,0,0,0,4.61324E+20,5.4822E+21,8.46595E+15,4.94912E+16
111005,111006,8,1,15,45,2016,3,19,1,3,2,6,1,0,0,1,0,0,0,0,5.00248E+20,5.39506E+21,9.00337E+15,4.87086E+16
111006,111007,8,2,26,76,2016,3,17,6,3,8,7,0,0,0,1,0,0,0,0,4.75158E+20,5.46553E+21,8.65802E+15,4.9342E+16
111007,111008,8,3,16,11,2016,3,10,4,3,1,6,0,0,0,0,0,0,0,1,4.14471E+20,5.3289E+21,7.85103E+15,4.81076E+16
111008,111009,8,3,26,12,2016,3,10,3,3,5,3,0,1,0,1,0,0,0,0,4.61566E+20,5.3111E+21,8.48525E+15,4.79521E+16
111009,111010,8,1,16,11,2016,3,21,1,3,5,3,2,0,0,1,0,0,0,0,5.29354E+20,5.37944E+21,9.3979E+15,4.85674E+16
111010,111011,8,3,17,31,2016,3,19,3,3,5,3,2,1,0,1,0,0,0,0,4.18245E+20,5.36176E+21,7.89537E+15,4.84037E+16
111011,111012,8,2,21,0,2016,3,18,2,3,6,2,2,1,0,1,1,0,0,0,4.76599E+20,5.46963E+21,8.67761E+15,4.93789E+16
111012,111013,8,2,36,38,2016,3,12,5,3,1,5,0,0,0,1,0,1,0,0,4.8623E+20,5.42708E+21,8.81176E+15,4.89965E+16
111013,111014,8,2,21,0,2016,3,11,2,2,3,7,0,0,0,1,0,1,0,0,4.76698E+20,5.47339E+21,8.67875E+15,4.94127E+16
111014,111015,8,3,11,0,2016,3,18,4,3,5,3,1,0,0,1,1,0,0,0,4.15211E+20,5.3176E+21,7.86321E+15,4.80061E+16
111015,111016,8,2,26,13,2016,3,12,3,3,1,6,0,1,0,1,0,0,0,0,4.99128E+20,5.47909E+21,8.98797E+15,4.94645E+16
111016,111017,8,3,26,52,2016,3,11,7,3,6,4,0,1,0,1,1,0,0,0,4.50426E+20,5.33045E+21,8.33381E+15,4.81254E+16
111017,111018,8,2,26,6,2016,3,12,2,2,4,6,0,0,1,1,0,0,1,0,4.84057E+20,5.46642E+21,8.78048E+15,4.93503E+16
111018,111019,8,2,26,98,2016,3,9,5,3,1,3,0,0,0,0,0,1,0,1,4.77973E+20,5.46E+21,8.69708E+15,4.92923E+16
111019,111020,8,2,22,0,2016,3,14,2,3,5,3,0,0,1,1,0,0,0,0,4.64108E+20,5.48335E+21,8.50428E+15,4.95017E+16
111020,111021,8,3,17,96,2016,3,13,7,3,0,7,0,0,1,0,0,0,0,0,4.22085E+20,5.3707E+21,7.94558E+15,4.84846E+16
111021,111022,8,2,22,0,2016,3,23,5,3,5,3,2,0,0,1,0,0,0,1,4.61416E+20,5.48437E+21,8.46701E+15,4.95107E+16
111022,111023,8,2,11,0,2016,3,10,7,3,6,2,0,0,0,1,1,0,0,0,4.44147E+20,5.40103E+21,8.24003E+15,4.87598E+16
111023,111024,8,1,16,19,2016,3,14,3,3,2,2,0,1,0,1,0,0,0,0,5.25241E+20,5.39697E+21,9.34321E+15,4.87253E+16
111024,111025,8,1,35,19,2016,3,7,6,2,0,7,0,0,0,1,0,1,0,0,5.83856E+20,5.39289E+21,1.01393E+16,4.86834E+16
111025,111026,8,2,15,17,2016,3,12,4,3,0,7,0,0,0,1,0,0,0,0,4.57062E+20,5.42133E+21,8.41362E+15,4.89434E+16
111026,111027,8,3,16,9,2016,3,7,3,3,5,3,0,1,1,1,0,0,0,0,4.16821E+20,5.32464E+21,7.88342E+15,4.80696E+16
111027,111028,8,3,11,0,2016,3,15,7,3,1,6,0,0,0,1,0,0,0,0,4.10843E+20,5.31648E+21,7.80488E+15,4.79954E+16
111028,111029,8,3,15,74,2016,3,10,3,3,6,7,0,0,0,1,1,0,0,0,3.97001E+20,5.29597E+21,7.62429E+15,4.78089E+16
111029,111030,8,2,22,0,2016,3,20,2,3,1,5,2,1,1,1,0,0,0,0,4.62913E+20,5.48267E+21,8.48785E+15,4.94956E+16
111030,111031,8,2,26,36,2016,3,8,5,3,0,3,0,0,0,1,0,0,0,0,4.68722E+20,5.48048E+21,8.56824E+15,4.94762E+16
111031,111032,8,2,22,0,2016,3,16,2,3,6,4,0,0,0,1,1,0,0,0,4.62974E+20,5.47876E+21,8.48906E+15,4.94604E+16
111032,111033,8,1,36,65,2016,3,14,7,3,5,2,0,0,0,1,0,0,0,0,5.5841E+20,5.405E+21,9.79532E+15,4.87953E+16
111033,111034,8,1,35,16,2016,3,13,7,3,2,6,0,0,0,1,0,0,0,0,5.9166E+20,5.38714E+21,1.0244E+16,4.86306E+16
111034,111035,8,2,35,46,2016,3,15,4,3,6,7,0,0,0,1,1,0,0,0,4.79665E+20,5.37765E+21,8.72444E+15,4.85516E+16
111035,111036,8,1,19,85,2016,3,11,3,3,0,7,0,0,1,1,0,0,0,0,5.29637E+20,5.41346E+21,9.40417E+15,4.88734E+16
111036,111037,8,3,11,0,2016,3,18,3,3,2,1,1,1,0,1,0,0,0,0,4.15449E+20,5.31567E+21,7.86678E+15,4.79887E+16
111037,111038,8,3,11,0,2016,3,17,7,3,2,6,0,0,0,1,0,0,0,0,4.13648E+20,5.31711E+21,7.84235E+15,4.80014E+16
111038,111039,8,3,11,0,2016,3,16,3,3,0,7,0,1,1,0,0,0,0,0,4.13186E+20,5.31678E+21,7.83623E+15,4.79985E+16
111039,111040,8,2,26,96,2016,3,16,5,3,0,2,0,0,0,1,0,0,0,1,4.75789E+20,5.48877E+21,8.66528E+15,4.9551E+16
111040,111041,8,1,15,34,2016,3,15,1,2,6,4,0,0,1,0,1,0,0,0,4.83341E+20,5.37561E+21,8.77434E+15,4.85334E+16
111041,111042,8,2,31,0,2016,3,14,4,3,5,2,0,0,0,1,0,0,0,0,4.76471E+20,5.4153E+21,8.67901E+15,4.88902E+16
111042,111043,8,3,35,43,2016,3,15,3,3,6,4,0,1,0,1,1,0,0,0,5.13457E+20,5.27984E+21,9.17927E+15,4.76718E+16
111043,111044,8,1,15,24,2016,3,12,2,3,1,1,0,0,1,1,0,0,0,0,5.00705E+20,5.38738E+21,9.00956E+15,4.86395E+16
111044,111045,8,2,22,0,2016,3,11,2,3,1,7,0,0,0,1,0,1,0,0,4.61417E+20,5.48298E+21,8.46716E+15,4.94982E+16
111045,111046,8,2,35,46,2016,3,22,7,3,5,3,2,0,0,1,0,0,0,0,4.79598E+20,5.37625E+21,8.7236E+15,4.85391E+16
111046,111047,8,2,22,0,2016,3,18,3,3,1,6,1,0,0,1,0,0,0,0,4.62947E+20,5.48618E+21,8.48799E+15,4.95271E+16
111047,111048,8,2,15,17,2016,3,17,2,3,6,4,0,0,0,1,1,0,0,0,4.56506E+20,5.42177E+21,8.40598E+15,4.89473E+16
111048,111049,8,2,26,85,2016,3,20,7,3,5,2,2,0,0,1,0,0,0,0,4.92203E+20,5.4544E+21,8.89288E+15,4.92423E+16
111049,111050,8,2,22,0,2016,3,7,3,3,9,7,0,1,0,0,0,1,0,0,4.67935E+20,5.47607E+21,8.55773E+15,4.94364E+16
111050,111051,8,2,26,41,2016,3,17,5,3,1,5,0,0,1,1,0,0,0,0,4.76113E+20,5.46448E+21,8.67123E+15,4.93326E+16
111051,111052,8,1,11,0,2016,3,10,1,3,5,2,0,0,1,1,0,0,0,0,5.11837E+20,5.40339E+21,9.16114E+15,4.87834E+16
111052,111053,8,1,25,5,2016,3,19,6,3,0,1,2,0,1,0,0,0,0,0,5.15435E+20,5.4524E+21,9.21198E+15,4.92242E+16
111053,111054,8,1,11,0,2016,3,11,2,3,5,2,0,0,0,1,0,1,0,0,5.13019E+20,5.40652E+21,9.17732E+15,4.88115E+16
111054,111055,8,2,22,0,2016,3,20,4,3,5,3,2,0,1,1,0,0,0,0,4.60816E+20,5.48827E+21,8.45833E+15,4.95458E+16
111055,111056,8,2,12,0,2016,3,13,3,2,6,4,0,1,1,0,1,0,0,0,4.56795E+20,5.42878E+21,8.40918E+15,4.90104E+16
111056,111057,8,1,11,0,2016,3,7,2,3,0,7,0,0,1,0,0,0,0,0,5.11537E+20,5.4068E+21,9.15714E+15,4.8814E+16
111057,111058,8,2,21,0,2016,3,14,7,3,2,6,0,1,0,1,0,0,0,0,4.7726E+20,5.46784E+21,8.68682E+15,4.93629E+16
111058,111059,8,1,16,71,2016,3,17,1,3,5,3,0,0,0,1,0,0,0,0,5.27743E+20,5.39234E+21,9.37692E+15,4.86835E+16
111059,111060,8,2,15,21,2016,3,11,2,3,0,7,0,0,1,0,0,0,0,0,4.69429E+20,5.44455E+21,8.58075E+15,4.9153E+16
111060,111061,8,2,12,0,2016,3,17,5,3,2,6,0,0,0,1,0,0,0,0,4.58533E+20,5.42887E+21,8.43294E+15,4.90114E+16
111061,111062,8,2,11,0,2016,3,20,6,3,4,7,2,0,1,1,0,0,0,0,4.41071E+20,5.40472E+21,8.19765E+15,4.87927E+16
111062,111063,8,1,21,0,2016,3,18,7,3,6,3,1,0,0,1,1,0,0,0,5.15607E+20,5.44418E+21,9.21402E+15,4.91503E+16
111063,111064,8,4,15,61,2016,3,17,1,2,0,1,0,0,1,0,0,0,0,0,5.1638E+20,5.37086E+21,9.2217E+15,4.84907E+16
111064,111065,8,1,18,46,2016,3,20,4,2,6,2,2,0,0,1,1,0,0,0,5.13697E+20,5.41148E+21,9.18673E+15,4.88561E+16
111065,111066,8,1,28,7,2016,3,11,3,3,2,6,0,0,0,1,0,1,0,0,5.55577E+20,5.48301E+21,9.76752E+15,4.94972E+16
111066,111067,8,1,18,10,2016,3,16,6,3,0,7,0,0,0,0,0,1,0,0,5.06813E+20,5.4315E+21,9.09322E+15,4.90363E+16
111067,111068,8,2,36,40,2016,3,14,5,3,2,2,0,0,1,0,0,1,0,0,4.8582E+20,5.42052E+21,8.80637E+15,4.89374E+16
111068,111069,8,3,16,17,2016,3,13,7,2,0,7,0,0,1,0,0,0,0,0,4.09395E+20,5.34146E+21,7.78018E+15,4.82199E+16
111069,111070,8,1,36,65,2016,3,11,4,2,6,7,0,0,0,1,1,0,0,0,5.65246E+20,5.40435E+21,9.8883E+15,4.87887E+16
111070,111071,8,1,11,0,2016,3,6,6,3,5,3,2,0,1,1,0,0,0,0,5.16262E+20,5.4064E+21,9.22149E+15,4.88104E+16
111071,111072,8,3,15,131,2016,3,17,3,3,2,6,0,0,0,1,0,0,0,0,4.05697E+20,5.30847E+21,7.73768E+15,4.79226E+16
111072,111073,8,2,12,0,2016,3,20,5,3,0,1,2,0,0,0,0,1,0,0,4.56873E+20,5.4272E+21,8.41042E+15,4.89962E+16
111073,111074,8,1,17,26,2016,3,12,5,2,6,4,0,0,0,0,1,0,0,1,5.49845E+20,5.39488E+21,9.67749E+15,4.8705E+16
111074,111075,8,4,36,55,2016,3,7,6,1,0,7,0,0,1,0,0,0,0,0,5.76227E+20,5.2985E+21,1.00186E+16,4.78353E+16
111075,111076,8,3,17,96,2016,3,13,1,2,0,1,0,0,0,0,0,1,0,0,4.20621E+20,5.36924E+21,7.92606E+15,4.84713E+16
111076,111077,8,1,36,88,2016,3,13,4,2,2,6,0,0,1,1,0,0,0,0,5.78582E+20,5.41008E+21,1.00709E+16,4.88387E+16
111077,111078,8,1,19,79,2016,3,16,3,3,5,3,0,0,0,1,0,1,0,0,5.22065E+20,5.41217E+21,9.30085E+15,4.88621E+16
111078,111079,8,1,16,49,2016,3,7,6,3,5,7,0,0,1,1,0,0,0,0,5.25733E+20,5.38754E+21,9.34931E+15,4.86404E+16
111079,111080,8,1,16,78,2016,3,14,4,3,5,3,0,1,0,1,0,0,0,1,5.10647E+20,5.3951E+21,9.14473E+15,4.87088E+16
111080,111081,8,4,15,50,2016,3,15,5,3,5,2,0,0,1,1,0,0,0,0,5.20601E+20,5.37718E+21,9.27914E+15,4.85474E+16
111081,111082,8,2,36,71,2016,3,10,3,3,0,7,0,0,0,1,0,0,0,0,4.6844E+20,5.42307E+21,8.56885E+15,4.89598E+16
111082,111083,8,1,15,21,2016,3,12,5,3,6,4,0,0,0,1,1,0,0,0,4.93219E+20,5.38089E+21,8.90806E+15,4.85811E+16
111083,111084,8,3,26,74,2016,3,8,2,3,8,1,0,0,0,0,0,0,0,1,4.62799E+20,5.32452E+21,8.50059E+15,4.80728E+16
111084,111085,8,3,11,0,2016,3,11,2,3,9,1,0,0,1,0,0,0,0,0,4.13852E+20,5.3161E+21,7.84529E+15,4.79924E+16
111085,111086,8,1,15,45,2016,3,15,3,3,2,6,0,0,0,1,0,0,0,0,5.00501E+20,5.39453E+21,9.00681E+15,4.87038E+16
111086,111087,8,2,12,0,2016,3,7,5,3,5,3,0,0,1,0,0,0,0,0,4.60184E+20,5.42722E+21,8.45567E+15,4.89966E+16
111087,111088,8,3,16,56,2016,3,7,4,3,5,3,0,0,1,1,0,0,0,0,4.22877E+20,5.3272E+21,7.96424E+15,4.80934E+16
111088,111089,8,4,15,78,2016,3,9,3,3,0,3,0,0,0,1,0,0,0,1,5.29698E+20,5.37115E+21,9.40196E+15,4.84928E+16
111089,111090,8,4,16,49,2016,3,16,6,2,0,7,0,0,0,1,0,0,0,0,4.88925E+20,5.37069E+21,8.85011E+15,4.84893E+16
111090,111091,8,3,26,74,2016,3,9,5,3,5,3,0,0,0,1,0,0,0,1,4.65139E+20,5.3237E+21,8.53207E+15,4.80656E+16
111091,111092,8,2,15,109,2016,3,8,3,3,4,2,0,0,0,1,0,1,0,0,4.62085E+20,5.43953E+21,8.48051E+15,4.91074E+16
111092,111093,8,1,36,65,2016,3,14,5,3,1,7,0,0,0,0,0,0,1,1,5.57489E+20,5.40795E+21,9.7832E+15,4.88219E+16
111093,111094,8,4,21,0,2016,3,19,1,3,4,2,2,0,0,1,0,0,0,1,5.73558E+20,5.36147E+21,9.99384E+15,4.84021E+16
111094,111095,8,2,26,85,2016,3,19,2,2,6,2,2,0,0,1,1,0,0,0,4.88503E+20,5.45773E+21,8.84195E+15,4.92723E+16
111095,111096,8,1,36,88,2016,3,20,5,3,2,6,2,0,0,1,0,0,0,0,5.80305E+20,5.41051E+21,1.00945E+16,4.88424E+16
111096,111097,8,2,26,105,2016,3,13,6,3,0,6,0,0,0,1,0,0,0,0,4.70539E+20,5.47812E+21,8.5935E+15,4.9455E+16
111097,111098,8,1,19,67,2016,3,8,7,3,5,3,0,0,1,1,0,0,0,0,5.39101E+20,5.4062E+21,9.53254E+15,4.88076E+16
111098,111099,8,1,11,0,2016,3,11,2,3,5,3,0,0,0,1,0,0,0,0,5.11797E+20,5.40326E+21,9.16059E+15,4.87822E+16
111099,111100,8,2,26,98,2016,3,17,4,3,3,6,0,0,1,1,0,0,0,0,4.76123E+20,5.45925E+21,8.67167E+15,4.92856E+16
111100,111101,8,3,11,0,2016,3,10,6,3,1,3,0,0,0,1,0,0,0,0,4.11592E+20,5.32154E+21,7.81389E+15,4.80411E+16
111101,111102,8,2,21,0,2016,3,7,7,3,0,1,0,0,1,0,0,0,0,0,4.76025E+20,5.46966E+21,8.6697E+15,4.93792E+16
111102,111103,8,3,11,0,2016,3,13,5,3,9,7,0,0,1,0,1,0,0,0,4.13705E+20,5.31613E+21,7.84332E+15,4.79926E+16
111103,111104,8,1,18,19,2016,3,9,2,3,5,3,0,0,1,1,0,0,0,0,5.05431E+20,5.40574E+21,9.07396E+15,4.88046E+16
111104,111105,8,1,35,19,2016,3,15,5,3,5,3,0,0,1,1,0,0,0,0,5.84826E+20,5.39263E+21,1.01524E+16,4.86809E+16
111105,111106,8,1,28,39,2016,3,22,6,3,6,1,2,0,0,1,1,0,0,0,5.23533E+20,5.51184E+21,9.32673E+15,4.97585E+16
111106,111107,8,4,26,21,2016,3,11,7,3,0,4,0,0,0,1,0,0,0,1,5.59285E+20,5.32609E+21,9.79607E+15,4.80853E+16
111107,111108,8,2,12,0,2016,3,9,2,3,2,6,0,0,0,1,0,0,0,0,4.56736E+20,5.42885E+21,8.40836E+15,4.9011E+16
111108,111109,8,1,35,16,2016,3,14,5,3,1,7,0,0,0,1,0,0,0,0,5.91704E+20,5.38604E+21,1.02444E+16,4.86207E+16
111109,111110,8,1,36,88,2016,3,16,6,3,5,3,0,0,1,1,0,0,0,0,5.81277E+20,5.41302E+21,1.01082E+16,4.88648E+16
111110,111111,8,1,19,61,2016,3,19,7,3,5,3,2,0,0,1,0,0,0,0,5.38543E+20,5.41451E+21,9.52572E+15,4.88824E+16
111111,111112,8,3,36,81,2016,3,20,1,3,5,3,2,0,0,1,0,0,0,0,4.10399E+20,5.27779E+21,7.80694E+15,4.76473E+16
111112,111113,8,1,35,19,2016,3,16,4,3,2,4,0,0,0,1,1,1,0,0,5.84164E+20,5.39148E+21,1.01432E+16,4.86707E+16
111113,111114,8,1,25,86,2016,3,15,3,3,6,4,0,0,0,1,1,0,0,0,5.04177E+20,5.44318E+21,9.05728E+15,4.91415E+16
111114,111115,8,1,17,2,2016,3,14,6,3,5,2,0,0,0,1,0,0,0,0,5.41592E+20,5.38719E+21,9.56455E+15,4.86364E+16
111115,111116,8,2,26,55,2016,3,9,5,3,1,6,0,0,0,1,0,0,0,1,4.97257E+20,5.46027E+21,8.96227E+15,4.92952E+16
111116,111117,8,1,35,15,2016,3,8,4,3,4,2,0,0,0,1,0,0,0,0,5.71033E+20,5.38833E+21,9.96431E+15,4.8644E+16
111117,111118,8,1,19,20,2016,3,6,5,3,5,3,0,0,1,1,0,0,0,0,5.20861E+20,5.40683E+21,9.28416E+15,4.88141E+16
111118,111119,8,1,19,79,2016,3,20,6,3,8,1,2,0,0,0,0,1,0,0,5.24645E+20,5.40966E+21,9.33587E+15,4.88394E+16
111119,111120,8,2,26,37,2016,3,17,5,3,5,3,0,0,0,1,0,1,0,0,4.66364E+20,5.46886E+21,8.53667E+15,4.93715E+16
111120,111121,8,3,35,43,2016,3,19,7,3,5,3,2,0,0,1,0,1,0,0,5.12016E+20,5.28034E+21,9.16008E+15,4.76764E+16
111121,111122,8,2,22,0,2016,3,16,4,3,5,3,0,0,1,1,0,0,0,0,4.63426E+20,5.4778E+21,8.49538E+15,4.94518E+16
111122,111123,8,3,16,11,2016,3,9,3,2,5,3,0,0,1,1,0,0,0,0,4.15706E+20,5.32913E+21,7.86757E+15,4.81099E+16
111123,111124,8,1,18,46,2016,3,14,5,1,2,6,0,0,1,1,0,0,0,0,5.13473E+20,5.41404E+21,9.18376E+15,4.88791E+16
111124,111125,8,4,26,74,2016,3,13,6,3,1,1,0,0,0,1,0,1,0,0,5.55424E+20,5.32609E+21,9.74423E+15,4.80857E+16
111125,111126,8,3,11,0,2016,3,19,1,3,4,1,2,0,1,0,0,0,0,1,4.10653E+20,5.31667E+21,7.80231E+15,4.79971E+16
111126,111127,8,1,27,14,2016,3,15,4,3,5,3,0,0,0,1,0,0,0,0,5.78908E+20,5.44262E+21,1.00817E+16,4.91313E+16
111127,111128,8,1,16,70,2016,3,9,3,3,0,1,0,0,0,0,0,1,0,0,5.40059E+20,5.38524E+21,9.54355E+15,4.86189E+16
111128,111129,8,1,15,24,2016,3,17,6,3,6,4,0,0,0,1,1,0,0,0,5.00451E+20,5.38789E+21,9.00613E+15,4.86441E+16