FID,OBJECTID,ULAND,UREGBEZ,UKREIS,UGEMEINDE,UJAHR,UMONAT,USTUNDE,UWOCHENTAG,UKATEGORIE,UART,UTYP1,ULICHTVERH,IstStrasse,IstRad,IstPKW,IstFuss,IstKrad,IstGkfz,IstSonstig,LINREFX,LINREFY,XGCSWGS84,YGCSWGS84
111129,111130,8,2,31,0,2016,3,10,5,2,4,2,0,0,0,1,0,0,0,0,4.79178E+20,5.41571E+21,8.71593E+15,4.8894E+16
111130,111131,8,4,37,101,2016,3,15,3,3,5,3,0,0,1,1,0,0,0,0,5.22379E+20,5.32312E+21,9.30035E+15,4.8061E+16
111131,111132,8,3,35,99,2016,3,16,5,3,5,3,0,0,0,0,0,1,0,1,4.94887E+20,5.29783E+21,8.93168E+15,4.78338E+16
111132,111133,8,2,21,0,2016,3,12,3,2,3,6,0,0,1,0,0,0,0,0,4.7679E+20,5.47462E+21,8.67995E+15,4.94238E+16
111133,111134,8,3,11,0,2016,3,15,7,2,0,1,0,0,1,0,0,0,0,0,4.13184E+20,5.31675E+21,7.83621E+15,4.79981E+16
111134,111135,8,1,19,8,2016,3,13,4,3,6,4,0,1,0,1,1,0,0,0,5.30863E+20,5.42185E+21,9.42153E+15,4.89488E+16
111135,111136,8,1,11,0,2016,3,8,6,3,5,3,0,0,0,1,0,0,0,0,5.12888E+20,5.40509E+21,9.1755E+15,4.87987E+16
111136,111137,8,2,31,0,2016,3,13,3,3,5,3,0,0,0,1,0,0,0,0,4.75986E+20,5.41607E+21,8.67235E+15,4.88971E+16
111137,111138,8,1,15,41,2016,3,18,5,3,5,2,0,0,0,1,0,0,0,0,4.9314E+20,5.40232E+21,8.90663E+15,4.87739E+16
111138,111139,8,4,36,64,2016,3,13,2,3,5,3,0,0,1,1,0,0,0,0,5.4492E+20,5.29114E+21,9.59955E+15,4.77721E+16
111139,111140,8,3,16,56,2016,3,16,2,2,3,3,0,0,1,1,0,0,0,0,4.22121E+20,5.32719E+21,7.95408E+15,4.80932E+16
111140,111141,8,2,12,0,2016,3,12,4,3,4,2,0,0,0,1,0,0,0,1,4.51907E+20,5.42848E+21,8.34238E+15,4.90074E+16
111141,111142,8,4,15,50,2016,3,11,3,3,5,3,0,0,1,0,0,0,0,0,5.21475E+20,5.37687E+21,9.29096E+15,4.85446E+16
111142,111143,8,3,36,69,2016,3,17,6,3,4,3,0,0,1,1,0,0,0,0,4.09687E+20,5.2714E+21,7.79878E+15,4.75897E+16
111143,111144,8,3,16,20,2016,3,7,5,3,6,4,0,0,0,1,1,0,0,0,4.08474E+20,5.33855E+21,7.76841E+15,4.81936E+16
111144,111145,8,2,12,0,2016,3,17,3,3,5,3,0,0,0,1,0,0,0,0,4.59106E+20,5.42943E+21,8.44072E+15,4.90164E+16
111145,111146,8,1,15,44,2016,3,18,5,2,0,1,0,0,1,0,0,0,0,0,5.04372E+20,5.38983E+21,9.05937E+15,4.86615E+16
111146,111147,8,1,15,3,2016,3,18,5,3,2,6,0,0,0,1,0,0,0,0,4.97315E+20,5.39285E+21,8.96351E+15,4.86887E+16
111147,111148,8,3,17,98,2016,3,11,2,3,0,7,0,0,0,1,0,0,1,0,4.38199E+20,5.36937E+21,8.16382E+15,4.84744E+16
111148,111149,8,2,26,84,2016,3,0,2,3,4,2,2,1,1,1,0,0,0,0,4.68868E+20,5.4707E+21,8.57101E+15,4.93882E+16
111149,111150,8,2,12,0,2016,3,11,6,3,0,1,0,0,1,0,0,0,0,0,4.5574E+20,5.4285E+21,8.39479E+15,4.90078E+16
111150,111151,8,2,12,0,2016,3,8,7,3,2,2,0,0,0,1,0,1,0,0,4.55876E+20,5.42946E+21,8.39654E+15,4.90165E+16
111151,111152,8,2,12,0,2016,3,19,5,3,5,3,2,0,0,1,0,0,0,0,4.6044E+20,5.42727E+21,8.45917E+15,4.89971E+16
111152,111153,8,1,11,0,2016,3,17,2,2,6,2,0,0,0,1,1,0,0,0,5.11938E+20,5.40224E+21,9.16249E+15,4.87731E+16
111153,111154,8,1,25,65,2016,3,16,4,3,4,2,0,0,0,1,0,1,0,0,5.14718E+20,5.4493E+21,9.20201E+15,4.91963E+16
111154,111155,8,2,16,49,2016,3,11,4,2,6,4,0,0,0,1,1,0,0,0,4.39418E+20,5.40269E+21,8.17544E+15,4.87743E+16
111155,111156,8,1,25,65,2016,3,11,6,3,2,6,0,0,0,1,0,0,0,0,5.16845E+20,5.44917E+21,9.23121E+15,4.91951E+16
111156,111157,8,2,22,0,2016,3,15,5,3,5,3,0,0,0,1,0,0,0,0,4.62625E+20,5.47828E+21,8.48429E+15,4.9456E+16
111157,111158,8,4,17,2,2016,3,11,7,3,5,7,0,0,0,1,0,0,0,0,4.88899E+20,5.34523E+21,8.85043E+15,4.82602E+16
111158,111159,8,1,28,131,2016,3,13,2,3,8,1,0,0,0,1,0,0,0,0,5.3861E+20,5.50849E+21,9.53573E+15,4.97277E+16
111159,111160,8,1,11,0,2016,3,18,5,3,5,3,2,0,0,1,0,0,0,1,5.14517E+20,5.40406E+21,9.19764E+15,4.87894E+16
111160,111161,8,1,16,47,2016,3,14,1,3,1,6,0,0,0,1,0,0,0,0,5.2051E+20,5.39268E+21,9.27866E+15,4.86868E+16
111161,111162,8,2,16,63,2016,3,4,2,3,0,7,2,0,0,1,0,0,0,0,4.33807E+20,5.40375E+21,8.09891E+15,4.87832E+16
111162,111163,8,1,11,0,2016,3,3,5,3,1,7,2,0,0,1,0,0,0,0,5.1513E+20,5.40273E+21,9.20594E+15,4.87774E+16
111163,111164,8,2,15,9,2016,3,15,6,3,5,3,0,0,0,1,0,0,0,0,4.66907E+20,5.43732E+21,8.54676E+15,4.90878E+16
111164,111165,8,1,21,0,2016,3,15,7,3,5,3,0,0,0,1,0,0,0,0,5.1473E+20,5.44073E+21,9.20186E+15,4.91193E+16
111165,111166,8,4,21,0,2016,3,16,1,3,0,3,0,0,1,1,0,0,0,0,5.73824E+20,5.362E+21,9.99753E+15,4.84068E+16
111166,111167,8,1,19,75,2016,3,21,4,3,5,3,2,0,1,1,0,0,0,0,5.37418E+20,5.42779E+21,9.5116E+15,4.90019E+16
111167,111168,8,1,18,79,2016,3,15,6,3,1,5,0,0,0,1,0,0,0,1,5.09416E+20,5.42311E+21,9.12864E+15,4.89609E+16
111168,111169,8,2,26,31,2016,3,15,5,3,5,3,0,0,1,1,0,0,0,0,4.74413E+20,5.4933E+21,8.64596E+15,4.95918E+16
111169,111170,8,3,26,74,2016,3,17,7,3,1,5,0,0,0,1,0,1,0,0,4.64366E+20,5.32276E+21,8.52178E+15,4.80571E+16
111170,111171,8,2,21,0,2016,3,2,4,3,5,5,2,0,1,1,0,0,0,0,4.74851E+20,5.47264E+21,8.65334E+15,4.94059E+16
111171,111172,8,3,11,0,2016,3,18,3,2,0,1,0,0,0,0,0,1,0,0,4.04263E+20,5.31679E+21,7.71664E+15,4.79973E+16
111172,111173,8,1,11,0,2016,3,9,5,3,5,7,0,0,0,1,0,0,1,0,5.11832E+20,5.39525E+21,9.16083E+15,4.87102E+16
111173,111174,8,1,16,19,2016,3,9,3,3,3,2,0,0,0,1,0,1,0,0,5.21403E+20,5.401E+21,9.29123E+15,4.87617E+16
111174,111175,8,1,16,78,2016,3,14,7,3,2,6,0,0,0,1,0,0,0,0,5.12003E+20,5.39369E+21,9.16312E+15,4.86961E+16
111175,111176,8,3,17,100,2016,3,15,1,3,5,2,0,0,0,1,0,1,0,0,4.24196E+20,5.36765E+21,7.9747E+15,4.84574E+16
111176,111177,8,1,19,8,2016,3,11,4,3,0,2,0,0,0,1,1,0,0,0,5.31712E+20,5.42165E+21,9.43311E+15,4.8947E+16
111177,111178,8,1,25,65,2016,3,17,3,2,5,3,0,0,1,1,0,0,0,0,5.1707E+20,5.45001E+21,9.23433E+15,4.92027E+16
111178,111179,8,1,16,78,2016,3,17,6,3,5,3,0,0,1,1,0,0,0,0,5.10304E+20,5.3943E+21,9.14004E+15,4.87017E+16
111179,111180,8,1,17,26,2016,3,17,4,3,0,6,0,0,0,1,0,0,0,0,5.47863E+20,5.39549E+21,9.65063E+15,4.87106E+16
111180,111181,8,4,16,41,2016,3,15,5,3,3,6,0,0,0,0,0,1,0,1,5.02632E+20,5.37574E+21,9.03565E+15,4.85348E+16
111181,111182,8,2,36,72,2016,3,7,3,3,6,7,0,0,0,1,1,0,0,0,4.6541E+20,5.41036E+21,8.52854E+15,4.88453E+16
111182,111183,8,4,35,59,2016,3,21,4,3,1,5,2,0,0,1,0,1,0,0,5.11171E+20,5.29079E+21,9.1491E+15,4.77704E+16
111183,111184,8,3,36,50,2016,3,20,2,3,0,1,2,0,1,0,0,0,0,0,4.02246E+20,5.27643E+21,7.69871E+15,4.76339E+16
111184,111185,8,3,16,51,2016,3,17,2,3,5,3,0,0,0,1,0,0,0,0,3.98366E+20,5.33519E+21,7.63324E+15,4.81618E+16
111185,111186,8,2,36,40,2016,3,13,4,3,4,2,0,1,0,1,0,1,0,0,4.88923E+20,5.42219E+21,8.84869E+15,4.89525E+16
111186,111187,8,3,17,40,2016,3,6,3,3,5,2,0,0,1,0,0,0,0,0,4.32931E+20,5.34775E+21,8.09599E+15,4.82794E+16
111187,111188,8,3,26,74,2016,3,17,6,3,0,2,0,0,0,0,0,1,0,0,4.59242E+20,5.32334E+21,8.45296E+15,4.8062E+16
111188,111189,8,4,15,61,2016,3,0,3,3,0,1,2,0,1,0,0,0,0,0,5.14061E+20,5.37184E+21,9.19034E+15,4.84995E+16
111189,111190,8,4,15,61,2016,3,10,6,3,5,3,0,0,0,1,0,1,0,0,5.16477E+20,5.37357E+21,9.22311E+15,4.8515E+16
111190,111191,8,3,35,43,2016,3,18,5,2,6,4,0,0,0,1,1,0,0,0,5.11134E+20,5.28163E+21,9.14837E+15,4.7688E+16
111191,111192,8,2,15,106,2016,3,17,3,3,5,3,0,0,0,1,0,0,0,0,4.64573E+20,5.45242E+21,8.51346E+15,4.92235E+16
111192,111193,8,4,21,0,2016,3,6,4,2,6,7,0,0,0,1,1,0,0,0,5.74346E+20,5.3621E+21,1.00046E+16,4.84076E+16
111193,111194,8,2,26,95,2016,3,18,1,3,1,5,2,0,0,1,0,0,0,0,4.74059E+20,5.46067E+21,8.64321E+15,4.92982E+16
111194,111195,8,2,26,68,2016,3,15,2,2,0,7,0,0,1,0,0,0,0,0,4.67643E+20,5.46054E+21,8.55497E+15,4.92967E+16
111195,111196,8,4,15,89,2016,3,13,4,2,1,7,0,0,0,1,0,0,0,0,5.19654E+20,5.35653E+21,9.26534E+15,4.83616E+16
111196,111197,8,2,22,0,2016,3,17,6,2,5,3,0,0,0,1,0,1,0,0,4.61766E+20,5.4841E+21,8.47187E+15,4.95083E+16
111197,111198,8,1,36,65,2016,3,17,7,3,6,7,0,0,0,1,1,0,0,0,5.58237E+20,5.40561E+21,9.79305E+15,4.88008E+16
111198,111199,8,1,11,0,2016,3,20,2,3,5,3,2,0,1,1,0,0,0,0,5.07827E+20,5.39654E+21,9.10642E+15,4.87218E+16
111199,111200,8,1,18,50,2016,3,8,4,3,5,3,0,0,0,1,0,1,0,0,5.06597E+20,5.41683E+21,9.09002E+15,4.89043E+16
111200,111201,8,4,16,41,2016,3,16,4,3,5,3,0,0,0,1,0,0,0,1,5.03998E+20,5.37221E+21,9.05412E+15,4.8503E+16
111201,111202,8,1,21,0,2016,3,11,6,3,3,6,0,0,0,1,0,0,0,1,5.15332E+20,5.44632E+21,9.21033E+15,4.91695E+16
111202,111203,8,2,36,40,2016,3,3,7,3,9,1,2,0,0,1,0,0,0,0,4.88666E+20,5.42219E+21,8.84518E+15,4.89525E+16
111203,111204,8,3,15,31,2016,3,8,5,3,5,2,0,0,0,1,0,0,0,0,4.44729E+20,5.31042E+21,8.25985E+15,4.79447E+16
111204,111205,8,1,18,67,2016,3,12,2,3,6,4,0,0,0,1,1,0,0,0,5.05515E+20,5.41373E+21,9.07521E+15,4.88765E+16
111205,111206,8,3,35,75,2016,3,17,4,2,0,1,0,0,0,0,0,1,0,0,4.87958E+20,5.29093E+21,8.83928E+15,4.77716E+16
111206,111207,8,1,35,15,2016,3,13,6,3,2,6,0,0,0,1,0,0,0,0,5.75172E+20,5.38634E+21,1.00201E+16,4.86256E+16
111207,111208,8,1,11,0,2016,3,17,1,3,2,7,0,0,0,1,0,0,0,0,5.15852E+20,5.406E+21,9.21589E+15,4.88068E+16
111208,111209,8,2,15,59,2016,3,11,2,3,1,5,0,0,0,1,0,0,0,0,4.85232E+20,5.43469E+21,8.79783E+15,4.90649E+16
111209,111210,8,3,35,43,2016,3,12,4,2,3,6,0,0,1,0,0,0,0,0,5.13335E+20,5.27909E+21,9.17762E+15,4.76651E+16
111210,111211,8,3,17,1,2016,3,9,6,1,6,2,0,0,0,0,1,0,1,0,4.31295E+20,5.38658E+21,8.06758E+15,4.86285E+16
111211,111212,8,1,21,0,2016,3,18,7,3,4,2,2,0,0,1,0,1,0,0,5.16823E+20,5.44209E+21,9.23061E+15,4.91314E+16
111212,111213,8,4,15,78,2016,3,0,1,3,1,1,2,0,0,1,0,1,0,0,5.28962E+20,5.37155E+21,9.39203E+15,4.84964E+16
111213,111214,8,1,18,48,2016,3,19,4,3,4,3,2,0,0,1,0,1,0,0,5.12703E+20,5.41732E+21,9.17336E+15,4.89087E+16
111214,111215,8,1,27,76,2016,3,11,3,2,3,3,0,0,0,1,0,1,0,0,5.51199E+20,5.43927E+21,9.70145E+15,4.91041E+16
111215,111216,8,1,18,70,2016,3,14,6,3,5,3,0,0,1,1,0,0,0,0,5.20111E+20,5.42333E+21,9.27475E+15,4.89626E+16
111216,111217,8,2,21,0,2016,3,19,5,3,5,2,2,0,1,1,0,0,0,0,4.77612E+20,5.47388E+21,8.69133E+15,4.94172E+16
111217,111218,8,3,16,20,2016,3,23,7,2,9,1,2,0,0,1,0,0,0,0,4.07576E+20,5.33884E+21,7.75627E+15,4.8196E+16
111218,111219,8,1,35,19,2016,3,17,4,2,0,1,0,0,1,0,0,0,0,0,5.84001E+20,5.3926E+21,1.01412E+16,4.86808E+16
111219,111220,8,2,12,0,2016,3,14,5,3,1,5,0,0,0,1,0,0,0,0,4.54245E+20,5.42918E+21,8.37426E+15,4.90138E+16
111220,111221,8,3,37,38,2016,3,16,7,2,6,4,0,0,0,1,1,0,0,0,4.30381E+20,5.27665E+21,8.07315E+15,4.76395E+16
111221,111222,8,1,19,20,2016,3,7,2,3,5,3,0,0,1,0,0,0,0,0,5.19976E+20,5.40652E+21,9.27209E+15,4.88114E+16
111222,111223,8,3,17,65,2016,3,19,3,3,0,3,1,0,1,1,0,0,0,0,4.20222E+20,5.35346E+21,7.92365E+15,4.83293E+16
111223,111224,8,3,26,12,2016,3,7,4,3,5,3,0,0,0,1,0,0,0,0,4.62875E+20,5.31138E+21,8.50275E+15,4.79547E+16
111224,111225,8,4,36,49,2016,3,6,6,3,5,3,1,0,1,1,0,0,0,0,5.78399E+20,5.28281E+21,1.00448E+16,4.76939E+16
111225,111226,8,3,15,132,2016,3,14,1,3,5,3,0,0,1,1,0,0,0,0,4.09274E+20,5.32309E+21,7.78247E+15,4.80546E+16
111226,111227,8,1,16,19,2016,3,9,4,3,6,7,0,0,0,0,1,0,0,1,5.228E+20,5.39891E+21,9.31012E+15,4.87428E+16
111227,111228,8,1,19,87,2016,3,14,3,3,5,3,0,0,1,1,0,0,0,0,5.28858E+20,5.42518E+21,9.39439E+15,4.89789E+16
111228,111229,8,1,15,4,2016,3,17,6,3,6,7,0,0,0,1,1,0,0,0,4.87352E+20,5.37434E+21,8.82871E+15,4.85221E+16
111229,111230,8,1,11,0,2016,3,10,4,3,0,3,0,0,0,1,0,1,0,0,5.11747E+20,5.40298E+21,9.1599E+15,4.87797E+16
111230,111231,8,3,37,2,2016,3,16,5,3,5,3,0,0,0,1,0,0,0,0,4.35766E+20,5.27228E+21,8.14548E+15,4.76007E+16
111231,111232,8,2,21,0,2016,3,14,3,3,4,2,0,0,0,1,0,0,0,0,4.76949E+20,5.46933E+21,8.68245E+15,4.93763E+16
111232,111233,8,3,17,1,2016,3,16,4,3,5,3,0,0,0,1,0,0,0,0,4.3133E+20,5.38676E+21,8.06802E+15,4.86301E+16
111233,111234,8,1,11,0,2016,3,14,6,3,6,4,0,0,0,1,1,0,0,0,5.09856E+20,5.41016E+21,9.13433E+15,4.88443E+16
111234,111235,8,2,12,0,2016,3,19,3,3,5,2,2,0,1,0,0,0,0,1,4.60644E+20,5.42731E+21,8.46195E+15,4.89974E+16
111235,111236,8,3,16,9,2016,3,17,4,3,5,3,0,0,1,1,0,0,0,0,4.17218E+20,5.32459E+21,7.88876E+15,4.80692E+16
111236,111237,8,1,15,15,2016,3,7,4,3,2,6,0,0,0,1,0,0,0,0,4.93208E+20,5.38736E+21,8.9078E+15,4.86393E+16
111237,111238,8,1,15,46,2016,3,12,3,3,5,3,0,0,0,1,0,0,0,0,5.08912E+20,5.39013E+21,9.12103E+15,4.86642E+16
111238,111239,8,3,11,0,2016,3,12,4,3,6,4,0,0,0,1,1,0,0,0,4.11326E+20,5.31547E+21,7.81158E+15,4.79864E+16
111239,111240,8,4,15,90,2016,3,13,3,2,9,1,0,0,0,1,0,0,0,0,5.27895E+20,5.35255E+21,9.37633E+15,4.83256E+16
111240,111241,8,4,15,61,2016,3,19,6,3,0,1,2,0,1,0,0,0,0,0,5.16467E+20,5.37254E+21,9.22294E+15,4.85058E+16
111241,111242,8,3,25,49,2016,3,9,5,2,5,2,0,0,0,1,0,0,0,0,4.73251E+20,5.33309E+21,8.64036E+15,4.81505E+16
111242,111243,8,2,12,0,2016,3,13,3,3,2,2,0,0,1,0,0,0,0,1,4.55576E+20,5.42547E+21,8.39287E+15,4.89806E+16
111243,111244,8,3,11,0,2016,3,18,4,3,3,6,0,0,1,1,0,0,0,0,4.15559E+20,5.3159E+21,7.8682E+15,4.79908E+16
111244,111245,8,1,17,26,2016,3,20,1,3,8,6,2,0,0,1,0,0,0,0,5.49854E+20,5.39698E+21,9.67786E+15,4.87239E+16
111245,111246,8,2,22,0,2016,3,19,2,3,5,3,1,0,1,1,0,0,0,0,4.61927E+20,5.48499E+21,8.47401E+15,4.95163E+16
111246,111247,8,3,26,74,2016,3,14,2,3,3,2,0,0,1,1,0,0,0,0,4.63552E+20,5.3232E+21,8.51081E+15,4.80611E+16
111247,111248,8,2,26,96,2016,3,22,2,3,0,7,2,0,1,0,0,0,1,0,4.74704E+20,5.48855E+21,8.65029E+15,4.9549E+16
111248,111249,8,2,26,96,2016,3,7,4,3,5,3,1,0,1,1,0,0,0,0,4.7585E+20,5.48522E+21,8.66635E+15,4.95191E+16
111249,111250,8,3,15,28,2016,3,14,6,2,6,4,0,0,0,1,1,0,0,0,4.08867E+20,5.31215E+21,7.77932E+15,4.79562E+16
111250,111251,8,2,16,43,2016,3,20,7,3,2,5,2,0,0,1,0,1,0,0,4.42989E+20,5.41282E+21,8.22263E+15,4.88657E+16
111251,111252,8,3,11,0,2016,3,18,5,3,3,6,0,0,0,1,0,1,0,0,4.14712E+20,5.31639E+21,7.85676E+15,4.79952E+16
111252,111253,8,1,16,19,2016,3,15,2,2,6,6,0,0,1,0,1,0,0,0,5.22671E+20,5.39933E+21,9.30839E+15,4.87466E+16
111253,111254,8,2,11,0,2016,3,10,4,3,0,6,0,0,0,1,0,0,0,1,4.43931E+20,5.40135E+21,8.23704E+15,4.87627E+16
111254,111255,8,1,28,7,2016,3,17,6,3,0,3,0,0,0,1,0,0,0,0,5.56706E+20,5.48157E+21,9.7829E+15,4.94842E+16
111255,111256,8,4,26,11,2016,3,17,7,3,0,1,0,0,1,0,0,0,0,0,5.51232E+20,5.33633E+21,9.68918E+15,4.81781E+16
111256,111257,8,4,25,139,2016,3,17,2,2,4,7,0,0,0,1,0,0,0,0,5.48679E+20,5.36581E+21,9.65823E+15,4.84436E+16
111257,111258,8,3,11,0,2016,3,9,4,3,5,3,0,0,1,1,0,0,0,0,4.13888E+20,5.31674E+21,7.84565E+15,4.79982E+16
111258,111259,8,1,18,19,2016,3,20,7,3,6,4,2,0,0,0,1,0,0,1,5.04664E+20,5.40496E+21,9.06352E+15,4.87976E+16
111259,111260,8,3,36,50,2016,3,11,1,2,0,1,0,0,0,0,0,1,0,0,3.99632E+20,5.27387E+21,7.66452E+15,4.76104E+16
111260,111261,8,1,11,0,2016,3,16,4,3,6,7,0,0,0,1,1,0,0,0,5.17435E+20,5.40257E+21,9.2373E+15,4.87759E+16
111261,111262,8,3,11,0,2016,3,13,4,2,0,7,0,0,0,0,1,0,0,1,4.14188E+20,5.31635E+21,7.84974E+15,4.79947E+16
111262,111263,8,2,16,15,2016,3,19,6,3,5,3,2,0,1,0,0,1,0,0,4.50315E+20,5.40589E+21,8.32336E+15,4.8804E+16
111263,111264,8,1,27,14,2016,3,13,7,3,5,3,0,0,1,1,0,0,0,0,5.78071E+20,5.44317E+21,1.00703E+16,4.91364E+16
111264,111265,8,4,21,0,2016,3,14,1,2,0,1,0,0,0,0,0,1,0,0,5.70779E+20,5.35978E+21,9.95602E+15,4.83872E+16
111265,111266,8,4,35,36,2016,3,11,3,3,1,5,0,0,0,1,0,0,0,0,5.19715E+20,5.28336E+21,9.26279E+15,4.77033E+16
111266,111267,8,2,35,84,2016,3,8,4,3,5,3,0,1,0,1,0,0,0,0,4.77448E+20,5.39411E+21,8.69351E+15,4.86997E+16
111267,111268,8,1,19,67,2016,3,8,6,3,6,4,0,0,0,1,1,0,0,0,5.36841E+20,5.40507E+21,9.50165E+15,4.87975E+16
111268,111269,8,2,12,0,2016,3,17,5,3,0,7,0,0,1,0,0,0,0,0,4.56736E+20,5.42771E+21,8.40849E+15,4.90008E+16
111269,111270,8,3,26,74,2016,3,11,7,3,1,7,0,0,0,1,0,0,0,0,4.63095E+20,5.32571E+21,8.50446E+15,4.80836E+16
111270,111271,8,2,26,18,2016,3,8,4,3,5,3,0,0,0,1,0,0,0,0,4.73503E+20,5.47242E+21,8.63478E+15,4.94039E+16
111271,111272,8,3,36,91,2016,3,11,3,3,5,3,0,0,0,1,0,0,1,0,3.94994E+20,5.27347E+21,7.60291E+15,4.76061E+16
111272,111273,8,2,31,0,2016,3,9,4,2,1,5,0,0,0,1,0,0,0,0,4.76245E+20,5.4154E+21,8.67592E+15,4.88911E+16
111273,111274,8,4,25,20,2016,3,13,3,1,6,4,0,1,0,0,1,0,1,0,5.58003E+20,5.36248E+21,9.78385E+15,4.84128E+16
111274,111275,8,1,16,19,2016,3,18,3,3,2,6,1,0,0,1,0,0,0,0,5.24084E+20,5.39858E+21,9.32757E+15,4.87398E+16
111275,111276,8,1,15,3,2016,3,17,6,3,3,2,0,0,0,1,0,1,0,0,5.01239E+20,5.39225E+21,9.01684E+15,4.86833E+16
111276,111277,8,4,26,21,2016,3,6,3,3,2,3,0,0,1,1,0,0,0,0,5.58974E+20,5.32742E+21,9.79207E+15,4.80973E+16
111277,111278,8,1,25,110,2016,3,7,3,3,5,3,0,0,1,1,0,0,0,0,5.28367E+20,5.44266E+21,9.38889E+15,4.91361E+16
111278,111279,8,1,16,19,2016,3,15,6,3,6,4,0,0,0,1,1,0,0,0,5.23189E+20,5.39841E+21,9.31539E+15,4.87383E+16
111279,111280,8,3,11,0,2016,3,12,7,2,5,3,0,0,1,1,0,0,0,0,4.15031E+20,5.32068E+21,7.86018E+15,4.80337E+16
111280,111281,8,1,17,12,2016,3,7,4,3,6,7,0,0,0,0,1,0,0,1,5.44988E+20,5.38782E+21,9.61071E+15,4.86418E+16
111281,111282,8,4,15,53,2016,3,17,5,3,6,3,0,0,0,1,1,0,0,0,5.37498E+20,5.36209E+21,9.50673E+15,4.84109E+16
111282,111283,8,2,31,0,2016,3,16,3,3,5,3,0,0,1,1,0,0,0,0,4.77178E+20,5.41573E+21,8.68864E+15,4.88941E+16
111283,111284,8,2,21,0,2016,3,12,4,3,0,5,0,0,0,1,0,0,0,0,4.76884E+20,5.47421E+21,8.68126E+15,4.94202E+16
111284,111285,8,4,21,0,2016,3,15,2,3,2,6,0,0,0,1,0,0,0,0,5.71627E+20,5.36177E+21,9.96781E+15,4.8405E+16
111285,111286,8,3,16,9,2016,3,18,2,3,5,3,0,0,0,1,0,1,0,0,4.18217E+20,5.32443E+21,7.90219E+15,4.80679E+16
111286,111287,8,2,15,103,2016,3,12,4,2,9,6,0,0,0,1,0,1,0,0,4.67346E+20,5.44297E+21,8.55231E+15,4.91387E+16
111287,111288,8,3,27,50,2016,3,16,3,3,6,3,0,0,0,1,1,0,0,0,4.87195E+20,5.31346E+21,8.82843E+15,4.79743E+16
111288,111289,8,3,26,74,2016,3,5,6,3,4,2,2,0,0,1,0,0,0,0,4.59175E+20,5.32507E+21,8.45189E+15,4.80776E+16
111289,111290,8,3,15,95,2016,3,15,7,3,5,3,0,0,0,1,0,0,0,0,4.28017E+20,5.31895E+21,8.03465E+15,4.80198E+16
111290,111291,8,3,16,11,2016,3,15,5,3,6,4,0,0,0,1,1,0,0,0,4.13943E+20,5.33072E+21,7.84357E+15,4.81239E+16
111291,111292,8,1,19,67,2016,3,15,2,2,2,6,0,0,0,1,0,1,0,0,5.38347E+20,5.40603E+21,9.52225E+15,4.88061E+16
111292,111293,8,1,35,19,2016,3,18,3,1,6,4,1,0,0,1,1,0,0,0,5.85338E+20,5.39541E+21,1.01599E+16,4.87059E+16
111293,111294,8,2,15,99,2016,3,13,4,3,5,3,0,0,1,1,0,0,0,0,4.63359E+20,5.44674E+21,8.49731E+15,4.91724E+16
111294,111295,8,4,25,33,2016,3,15,6,3,5,3,0,0,1,1,0,0,0,0,5.52128E+20,5.3487E+21,9.70274E+15,4.82894E+16
111295,111296,8,3,35,43,2016,3,16,5,3,5,3,0,0,1,1,0,0,0,0,5.14478E+20,5.27962E+21,9.19286E+15,4.76698E+16
111296,111297,8,2,22,0,2016,3,12,3,3,2,6,0,0,0,1,0,0,1,0,4.64399E+20,5.47808E+21,8.50879E+15,4.94543E+16
111297,111298,8,2,12,0,2016,3,17,4,3,5,3,0,0,1,0,0,1,0,0,4.54573E+20,5.42824E+21,8.37886E+15,4.90054E+16
111298,111299,8,2,26,59,2016,3,15,2,3,6,7,0,0,0,1,1,0,0,0,4.65399E+20,5.46065E+21,8.52409E+15,4.92976E+16
111299,111300,8,2,31,0,2016,3,7,6,3,2,6,0,0,0,1,0,0,0,0,4.78509E+20,5.41581E+21,8.70679E+15,4.88949E+16
111300,111301,8,1,15,44,2016,3,16,7,3,5,2,0,0,0,1,0,1,0,0,5.04423E+20,5.38925E+21,9.06006E+15,4.86563E+16
111301,111302,8,1,11,0,2016,3,11,2,3,2,6,0,0,0,1,0,0,0,0,5.09534E+20,5.39734E+21,9.12964E+15,4.8729E+16
111302,111303,8,4,17,10,2016,3,7,3,3,0,1,0,0,1,0,0,0,0,0,5.06989E+20,5.34355E+21,9.09414E+15,4.82452E+16
111303,111304,8,2,16,7,2016,3,19,4,3,5,3,2,0,0,1,0,1,0,0,4.36402E+20,5.39475E+21,8.13562E+15,4.87025E+16
111304,111305,8,1,21,0,2016,3,17,6,3,2,6,0,0,0,1,0,0,0,0,5.14891E+20,5.44285E+21,9.20416E+15,4.91383E+16
111305,111306,8,2,12,0,2016,3,16,5,3,5,3,0,0,0,1,0,0,0,0,4.56787E+20,5.42421E+21,8.40956E+15,4.89693E+16
111306,111307,8,4,17,44,2016,3,15,7,3,5,3,0,0,0,1,0,0,0,0,4.97762E+20,5.33689E+21,8.96989E+15,4.81852E+16