FID,OBJECTID,ULAND,UREGBEZ,UKREIS,UGEMEINDE,UJAHR,UMONAT,USTUNDE,UWOCHENTAG,UKATEGORIE,UART,UTYP1,ULICHTVERH,IstStrasse,IstRad,IstPKW,IstFuss,IstKrad,IstGkfz,IstSonstig,LINREFX,LINREFY,XGCSWGS84,YGCSWGS84
111307,111308,8,1,28,7,2016,3,7,2,2,0,6,0,0,0,0,0,0,0,1,5.55708E+20,5.48208E+21,9.7692E+15,4.94888E+16
111308,111309,8,1,11,0,2016,3,5,3,3,6,4,2,1,0,0,1,1,0,0,5.1154E+20,5.40911E+21,9.15726E+15,4.88349E+16
111309,111310,8,2,26,96,2016,3,11,7,2,5,2,0,0,0,1,0,1,0,0,4.76331E+20,5.48869E+21,8.67277E+15,4.95503E+16
111310,111311,8,1,19,67,2016,3,10,6,3,8,2,0,0,0,1,0,0,0,0,5.38383E+20,5.40588E+21,9.52273E+15,4.88047E+16
111311,111312,8,3,11,0,2016,4,14,1,3,5,3,0,0,1,1,0,0,0,0,4.14307E+20,5.3194E+21,7.85072E+15,4.80222E+16
111312,111313,8,1,15,45,2016,3,10,5,3,2,6,0,0,0,1,0,0,0,0,5.04829E+20,5.39713E+21,9.06566E+15,4.87272E+16
111313,111314,8,4,25,39,2016,3,10,4,2,7,1,0,0,1,0,0,0,0,0,5.6617E+20,5.35298E+21,9.8927E+15,4.83266E+16
111314,111315,8,1,25,78,2016,3,11,4,3,5,3,0,1,0,1,0,0,0,0,5.17867E+20,5.45441E+21,9.24547E+15,4.92422E+16
111315,111316,8,3,37,62,2016,3,13,7,3,4,1,0,0,0,1,0,1,0,0,4.55117E+20,5.27777E+21,8.40232E+15,4.76518E+16
111316,111317,8,3,35,79,2016,4,18,7,3,2,2,0,0,0,1,0,0,0,0,4.99772E+20,5.29898E+21,8.99695E+15,4.78442E+16
111317,111318,8,2,12,0,2016,3,15,3,3,0,4,0,0,0,0,1,0,0,1,4.52619E+20,5.42711E+21,8.35228E+15,4.89951E+16
111318,111319,8,1,11,0,2016,3,2,5,3,5,3,2,0,0,1,0,0,0,0,5.18269E+20,5.40395E+21,9.24873E+15,4.87883E+16
111319,111320,8,3,25,49,2016,3,1,1,3,0,7,2,0,1,0,0,0,0,0,4.72476E+20,5.33467E+21,8.62985E+15,4.81647E+16
111320,111321,8,1,25,26,2016,3,15,2,3,5,3,0,0,1,1,0,0,0,0,4.93124E+20,5.4422E+21,8.90574E+15,4.91326E+16
111321,111322,8,1,15,15,2016,4,14,7,3,5,3,0,0,1,1,0,0,0,0,4.93182E+20,5.38816E+21,8.90744E+15,4.86465E+16
111322,111323,8,1,21,0,2016,4,5,6,2,2,6,2,1,0,1,0,1,0,0,5.16302E+20,5.44374E+21,9.22353E+15,4.91462E+16
111323,111324,8,1,18,27,2016,3,12,6,3,5,3,0,1,0,1,0,0,0,0,5.02804E+20,5.41231E+21,9.03823E+15,4.88638E+16
111324,111325,8,1,11,0,2016,4,14,1,3,5,3,0,0,0,1,0,1,0,0,5.07841E+20,5.39838E+21,9.10665E+15,4.87384E+16
111325,111326,8,1,16,47,2016,3,0,6,3,0,1,2,0,1,0,0,0,0,0,5.20723E+20,5.39204E+21,9.28153E+15,4.8681E+16
111326,111327,8,2,22,0,2016,4,16,1,3,5,3,0,0,0,0,0,1,0,1,4.62014E+20,5.48095E+21,8.4756E+15,4.948E+16
111327,111328,8,3,17,65,2016,3,18,4,3,5,2,0,0,0,1,0,0,0,0,4.12784E+20,5.35568E+21,7.82285E+15,4.83483E+16
111328,111329,8,4,37,104,2016,3,17,3,3,5,2,0,0,0,1,0,0,0,0,5.16504E+20,5.32572E+21,9.22161E+15,4.80845E+16
111329,111330,8,3,36,100,2016,3,15,7,2,5,3,0,0,0,0,0,1,0,1,3.97835E+20,5.27898E+21,7.63942E+15,4.76562E+16
111330,111331,8,2,31,0,2016,4,18,7,3,5,3,0,0,0,1,0,0,0,0,4.75508E+20,5.41658E+21,8.6658E+15,4.89016E+16
111331,111332,8,1,27,76,2016,3,21,3,3,1,1,2,0,0,1,0,0,0,0,5.53564E+20,5.43882E+21,9.7338E+15,4.90999E+16
111332,111333,8,2,15,7,2016,3,15,1,3,6,4,0,0,0,1,1,0,0,0,4.78128E+20,5.43176E+21,8.70073E+15,4.90384E+16
111333,111334,8,3,35,63,2016,4,16,6,3,5,3,0,0,1,1,0,0,0,0,4.98392E+20,5.28722E+21,8.97855E+15,4.77384E+16
111334,111335,8,4,36,64,2016,3,6,5,2,8,7,1,0,0,0,0,1,0,0,5.45384E+20,5.29333E+21,9.60597E+15,4.77918E+16
111335,111336,8,4,36,81,2016,3,16,5,3,5,3,0,0,1,1,0,0,0,0,5.61991E+20,5.28121E+21,9.82596E+15,4.76813E+16
111336,111337,8,4,16,36,2016,4,21,7,3,9,7,2,0,0,1,0,0,0,0,4.88152E+20,5.36712E+21,8.83974E+15,4.84571E+16
111337,111338,8,1,16,19,2016,4,21,7,2,0,1,2,0,1,0,0,0,0,0,5.24531E+20,5.39994E+21,9.33373E+15,4.8752E+16
111338,111339,8,2,16,17,2016,3,19,7,2,5,3,1,0,0,1,0,1,0,0,4.51417E+20,5.40138E+21,8.33889E+15,4.87635E+16
111339,111340,8,1,25,102,2016,4,10,7,3,5,3,0,0,0,1,0,0,0,0,5.23635E+20,5.4452E+21,9.32417E+15,4.91592E+16
111340,111341,8,4,36,55,2016,3,6,1,2,6,6,2,0,0,0,1,0,0,1,5.71026E+20,5.29621E+21,9.94878E+15,4.78154E+16
111341,111342,8,1,19,90,2016,3,3,1,3,9,1,2,0,0,1,0,0,0,0,5.3068E+20,5.40651E+21,9.41788E+15,4.88108E+16
111342,111343,8,3,11,0,2016,3,14,5,3,5,3,0,0,0,1,0,0,0,0,4.10416E+20,5.31648E+21,7.79917E+15,4.79953E+16
111343,111344,8,3,11,0,2016,4,14,6,3,5,3,0,0,1,1,0,0,0,0,4.10413E+20,5.31567E+21,7.7993E+15,4.79881E+16
111344,111345,8,4,16,15,2016,3,12,5,3,0,7,0,0,1,0,0,0,0,0,5.08009E+20,5.36731E+21,9.10833E+15,4.84589E+16
111345,111346,8,4,36,64,2016,3,13,5,3,6,7,0,0,0,1,1,0,0,0,5.45788E+20,5.29345E+21,9.61138E+15,4.77928E+16
111346,111347,8,1,15,28,2016,3,13,3,3,5,3,0,0,0,1,0,0,0,1,5.01141E+20,5.40378E+21,9.01554E+15,4.8787E+16
111347,111348,8,2,15,106,2016,3,15,7,3,0,7,0,0,1,0,0,0,0,0,4.63945E+20,5.45569E+21,8.50455E+15,4.92529E+16
111348,111349,8,4,21,0,2016,3,12,5,2,6,7,0,0,0,0,1,0,0,1,5.73782E+20,5.36132E+21,9.99685E+15,4.84007E+16
111349,111350,8,2,12,0,2016,3,16,5,3,5,3,0,1,0,1,0,0,0,1,4.60426E+20,5.42625E+21,8.45908E+15,4.89878E+16
111350,111351,8,1,11,0,2016,3,14,5,3,2,6,0,0,0,1,0,0,0,0,5.11522E+20,5.40922E+21,9.15702E+15,4.88359E+16
111351,111352,8,2,12,0,2016,3,9,4,3,1,5,0,1,1,1,0,0,0,0,4.54976E+20,5.42905E+21,8.38428E+15,4.90127E+16
111352,111353,8,1,18,48,2016,3,20,1,3,0,1,1,0,1,0,0,0,0,0,5.14394E+20,5.41527E+21,9.19637E+15,4.88902E+16
111353,111354,8,2,26,3,2016,3,17,5,2,4,2,0,0,0,1,0,0,0,1,4.6588E+20,5.45988E+21,8.53077E+15,4.92907E+16
111354,111355,8,1,19,8,2016,3,13,5,3,8,1,0,0,0,0,0,1,0,0,5.31645E+20,5.4218E+21,9.4322E+15,4.89483E+16
111355,111356,8,2,31,0,2016,4,11,6,2,6,4,0,1,0,0,1,0,0,1,4.81464E+20,5.41839E+21,8.74699E+15,4.89181E+16
111356,111357,8,2,26,85,2016,3,11,4,3,5,6,0,1,0,1,0,0,0,1,4.9111E+20,5.45495E+21,8.87784E+15,4.92473E+16
111357,111358,8,4,25,33,2016,3,11,5,3,6,7,0,0,0,0,1,0,0,1,5.54812E+20,5.34596E+21,9.73858E+15,4.82645E+16
111358,111359,8,3,35,43,2016,3,15,3,3,2,6,0,0,0,1,0,0,0,0,5.13151E+20,5.2783E+21,9.17515E+15,4.7658E+16
111359,111360,8,4,15,59,2016,3,17,2,2,5,3,0,0,1,1,0,0,0,0,5.16839E+20,5.36907E+21,9.22784E+15,4.84745E+16
111360,111361,8,1,17,49,2016,3,14,7,3,5,3,0,0,1,1,0,0,0,0,5.55545E+20,5.39243E+21,9.75463E+15,4.86824E+16
111361,111362,8,4,17,79,2016,3,8,5,3,5,3,0,0,0,1,0,0,1,0,5.00874E+20,5.34528E+21,9.01178E+15,4.82608E+16
111362,111363,8,2,37,74,2016,4,10,1,3,6,6,0,0,0,1,1,0,0,0,4.67857E+20,5.37095E+21,8.56496E+15,4.84909E+16
111363,111364,8,1,25,102,2016,3,17,5,3,2,6,0,1,0,1,0,0,0,0,5.21763E+20,5.44411E+21,9.29844E+15,4.91494E+16
111364,111365,8,4,15,61,2016,3,12,4,3,5,3,0,1,0,1,0,0,0,1,5.13371E+20,5.37207E+21,9.18101E+15,4.85016E+16
111365,111366,8,1,16,19,2016,3,17,4,3,6,3,0,0,0,1,1,0,0,0,5.22096E+20,5.3981E+21,9.30051E+15,4.87356E+16
111366,111367,8,3,35,1,2016,3,16,7,3,8,1,0,0,0,0,0,1,0,0,4.88904E+20,5.29893E+21,8.85169E+15,4.78436E+16
111367,111368,8,3,35,75,2016,4,12,7,3,0,7,0,0,0,0,1,0,0,1,4.89159E+20,5.29172E+21,8.85529E+15,4.77787E+16
111368,111369,8,2,21,0,2016,3,16,3,3,5,3,0,0,0,1,0,1,0,0,4.74495E+20,5.47172E+21,8.6485E+15,4.93976E+16
111369,111370,8,1,11,0,2016,3,14,5,3,5,7,0,0,0,1,0,0,0,1,5.09231E+20,5.39672E+21,9.12552E+15,4.87234E+16
111370,111371,8,3,35,28,2016,3,17,7,3,1,5,0,0,0,1,0,0,1,0,4.84539E+20,5.28763E+21,8.79376E+15,4.77419E+16
111371,111372,8,3,35,97,2016,3,16,5,3,1,5,0,0,1,1,0,0,0,0,4.85355E+20,5.29558E+21,8.80438E+15,4.78134E+16
111372,111373,8,3,15,50,2016,3,9,3,3,8,1,0,0,0,0,0,1,0,0,3.9919E+20,5.30326E+21,7.65182E+15,4.78748E+16
111373,111374,8,4,35,16,2016,3,20,4,2,5,3,2,0,1,1,0,0,0,0,5.36682E+20,5.27976E+21,9.48864E+15,4.76702E+16
111374,111375,8,2,31,0,2016,3,1,2,3,5,3,2,0,0,1,0,0,0,0,4.77292E+20,5.4157E+21,8.6902E+15,4.88939E+16
111375,111376,8,2,15,106,2016,4,12,6,3,8,3,0,1,0,1,0,0,0,0,4.64503E+20,5.45488E+21,8.51229E+15,4.92456E+16
111376,111377,8,3,27,50,2016,3,19,5,2,8,7,2,0,0,1,0,0,0,0,4.85503E+20,5.3165E+21,8.80566E+15,4.80016E+16
111377,111378,8,1,15,41,2016,4,18,1,2,8,7,0,0,0,0,0,1,0,0,4.94417E+20,5.40192E+21,8.92401E+15,4.87703E+16
111378,111379,8,3,11,0,2016,3,16,4,3,1,6,0,1,0,1,0,0,0,0,4.13728E+20,5.32034E+21,7.84277E+15,4.80305E+16
111379,111380,8,4,16,36,2016,3,11,3,3,5,3,0,0,0,1,0,1,0,0,4.95756E+20,5.36911E+21,8.94257E+15,4.84751E+16
111380,111381,8,4,37,105,2016,3,22,7,2,6,7,2,0,0,1,1,0,0,0,5.19872E+20,5.32366E+21,9.26674E+15,4.80659E+16
111381,111382,8,2,21,0,2016,4,12,7,2,6,7,0,0,0,1,1,0,0,0,4.75652E+20,5.46943E+21,8.66458E+15,4.9377E+16
111382,111383,8,1,19,20,2016,3,19,3,3,0,7,0,0,1,0,0,0,0,0,5.20408E+20,5.40694E+21,9.27798E+15,4.88151E+16
111383,111384,8,4,35,57,2016,3,14,1,3,8,7,0,0,1,0,0,0,0,0,5.44829E+20,5.27631E+21,9.59681E+15,4.76386E+16
111384,111385,8,1,25,58,2016,3,19,1,3,5,3,0,0,0,1,0,0,0,0,5.09195E+20,5.44314E+21,9.12607E+15,4.9141E+16
111385,111386,8,3,35,75,2016,4,18,6,2,5,3,0,0,0,1,0,0,0,0,4.88452E+20,5.28986E+21,8.84589E+15,4.7762E+16
111386,111387,8,4,17,8,2016,3,10,5,3,2,6,0,0,0,1,0,0,0,0,4.9341E+20,5.35193E+21,8.91111E+15,4.83205E+16
111387,111388,8,3,36,50,2016,3,0,1,3,6,4,2,0,0,1,1,0,0,0,3.98794E+20,5.2725E+21,7.65368E+15,4.7598E+16
111388,111389,8,1,16,19,2016,3,14,2,3,5,3,0,0,0,1,0,0,0,0,5.23309E+20,5.39807E+21,9.31701E+15,4.87352E+16
111389,111390,8,1,11,0,2016,4,14,7,2,5,3,0,0,1,1,0,0,0,0,5.12016E+20,5.40243E+21,9.16354E+15,4.87747E+16
111390,111391,8,1,11,0,2016,4,11,6,3,6,7,0,0,0,0,1,0,1,0,5.17179E+20,5.40276E+21,9.23383E+15,4.87776E+16
111391,111392,8,3,26,74,2016,3,11,5,2,5,2,0,0,1,1,0,0,0,0,4.64937E+20,5.32312E+21,8.5294E+15,4.80604E+16
111392,111393,8,4,21,0,2016,4,13,7,3,2,6,0,0,0,1,0,0,0,0,5.72392E+20,5.36055E+21,9.97793E+15,4.8394E+16
111393,111394,8,1,21,0,2016,4,17,7,3,3,6,0,0,0,1,0,0,0,0,5.15588E+20,5.44392E+21,9.21375E+15,4.91479E+16
111394,111395,8,1,18,81,2016,3,11,7,3,2,6,0,0,0,1,0,1,0,0,5.1639E+20,5.41267E+21,9.22349E+15,4.88668E+16
111395,111396,8,1,11,0,2016,3,11,1,3,5,3,0,0,1,1,0,0,0,0,5.1208E+20,5.40335E+21,9.16444E+15,4.8783E+16
111396,111397,8,2,31,0,2016,3,20,5,3,5,3,2,1,0,1,0,0,0,0,4.78387E+20,5.41578E+21,8.70513E+15,4.88946E+16
111397,111398,8,3,11,0,2016,4,13,6,3,5,3,0,0,0,1,0,0,0,0,4.1417E+20,5.32072E+21,7.84864E+15,4.8034E+16
111398,111399,8,3,35,43,2016,3,16,5,3,5,3,0,0,1,1,0,0,0,0,5.1333E+20,5.27877E+21,9.17754E+15,4.76622E+16
111399,111400,8,3,17,57,2016,3,11,5,3,0,7,0,0,1,0,0,0,0,0,4.12876E+20,5.37957E+21,7.81913E+15,4.85632E+16
111400,111401,8,3,15,76,2016,3,17,5,3,5,3,0,0,0,1,0,1,0,0,3.9456E+20,5.30314E+21,7.58995E+15,4.78729E+16
111401,111402,8,1,15,45,2016,4,18,7,2,0,7,0,0,1,1,0,0,0,0,4.95527E+20,5.39361E+21,8.93922E+15,4.86955E+16
111402,111403,8,1,27,76,2016,3,17,7,2,3,3,0,0,1,1,0,0,0,0,5.53652E+20,5.43862E+21,9.73497E+15,4.90981E+16
111403,111404,8,2,15,106,2016,3,5,5,3,0,7,2,1,1,0,0,0,0,0,4.66299E+20,5.45406E+21,8.53703E+15,4.92384E+16
111404,111405,8,1,16,49,2016,3,7,5,3,5,3,1,1,0,1,0,1,0,0,5.25461E+20,5.38468E+21,9.34545E+15,4.86147E+16
111405,111406,8,2,21,0,2016,4,13,6,3,5,3,0,0,1,1,0,0,0,0,4.76131E+20,5.47268E+21,8.67098E+15,4.94063E+16
111406,111407,8,2,22,0,2016,3,15,4,3,2,7,0,1,0,1,1,0,0,0,4.63596E+20,5.48345E+21,8.49721E+15,4.95026E+16
111407,111408,8,3,25,69,2016,3,11,7,3,4,5,0,0,0,1,0,0,0,0,4.68787E+20,5.33521E+21,8.58019E+15,4.81694E+16
111408,111409,8,3,15,6,2016,3,18,5,3,5,3,0,0,0,1,0,0,0,0,4.03339E+20,5.30779E+21,7.70629E+15,4.79161E+16
111409,111410,8,4,17,13,2016,3,15,3,2,9,1,0,0,0,0,0,1,0,0,5.12913E+20,5.35713E+21,9.17435E+15,4.83672E+16
111410,111411,8,4,21,0,2016,3,7,4,3,2,6,0,0,0,1,0,1,0,0,5.7343E+20,5.3626E+21,9.99232E+15,4.84123E+16
111411,111412,8,3,35,22,2016,3,23,2,3,1,5,2,0,1,1,0,0,0,0,4.83044E+20,5.30027E+21,8.77332E+15,4.78556E+16
111412,111413,8,1,16,78,2016,3,19,7,3,9,1,2,0,0,0,0,1,0,0,5.10555E+20,5.39036E+21,9.14335E+15,4.86662E+16
111413,111414,8,3,15,76,2016,3,14,5,3,5,3,0,0,0,1,0,0,0,1,3.95489E+20,5.3035E+21,7.60229E+15,4.78763E+16
111414,111415,8,2,26,82,2016,4,15,1,3,6,6,0,0,0,1,1,0,0,0,4.75318E+20,5.48066E+21,8.65927E+15,4.94781E+16
111415,111416,8,1,11,0,2016,3,18,3,3,1,5,0,0,0,1,0,0,0,0,5.16213E+20,5.40536E+21,9.22078E+15,4.8801E+16
111416,111417,8,1,16,79,2016,3,17,7,3,3,6,0,0,1,0,0,0,0,1,5.36359E+20,5.37509E+21,9.49247E+15,4.85279E+16
111417,111418,8,3,36,50,2016,3,12,5,2,3,6,0,0,1,1,0,0,0,0,4.01068E+20,5.27599E+21,7.68315E+15,4.76297E+16
111418,111419,8,1,17,24,2016,3,7,5,2,4,6,0,0,0,1,0,0,0,0,5.61691E+20,5.38571E+21,9.83711E+15,4.86214E+16
111419,111420,8,4,35,36,2016,3,19,4,3,0,1,0,0,1,0,0,0,0,0,5.21085E+20,5.28206E+21,9.28099E+15,4.76916E+16
111420,111421,8,1,18,48,2016,3,23,4,3,5,3,2,1,0,1,0,0,0,0,5.14215E+20,5.41593E+21,9.19395E+15,4.88961E+16
111421,111422,8,3,17,96,2016,3,15,7,3,5,3,0,0,0,1,0,1,0,0,4.21969E+20,5.36951E+21,7.94424E+15,4.84739E+16
111422,111423,8,2,12,0,2016,3,20,3,3,1,2,2,0,1,1,0,0,0,0,4.5555E+20,5.42599E+21,8.39246E+15,4.89853E+16
111423,111424,8,4,25,71,2016,3,22,4,3,5,3,2,0,0,1,0,0,0,0,5.5119E+20,5.37091E+21,9.69282E+15,4.84892E+16
111424,111425,8,3,26,12,2016,3,3,1,3,4,6,2,0,0,1,0,0,0,0,4.63494E+20,5.31195E+21,8.51099E+15,4.79598E+16
111425,111426,8,2,12,0,2016,3,15,2,2,1,5,0,0,1,1,0,0,0,0,4.60333E+20,5.43087E+21,8.45736E+15,4.90294E+16
111426,111427,8,1,27,76,2016,4,17,6,3,2,6,0,0,0,1,0,0,0,0,5.57415E+20,5.44313E+21,9.78716E+15,4.91383E+16
111427,111428,8,3,11,0,2016,3,16,5,3,5,3,0,0,0,1,0,0,0,0,4.13058E+20,5.32029E+21,7.8338E+15,4.80299E+16
111428,111429,8,1,16,49,2016,4,22,1,3,5,3,2,0,0,1,0,0,0,0,5.25477E+20,5.38602E+21,9.34574E+15,4.86267E+16
111429,111430,8,2,15,9,2016,4,20,7,3,0,1,1,0,0,0,0,1,0,0,4.69042E+20,5.44068E+21,8.57574E+15,4.91182E+16
111430,111431,8,3,25,49,2016,3,17,4,3,4,6,0,0,0,0,0,1,0,1,4.71107E+20,5.33571E+21,8.61136E+15,4.8174E+16
111431,111432,8,1,11,0,2016,3,17,4,3,0,3,0,0,0,1,0,0,0,1,5.12052E+20,5.40342E+21,9.16406E+15,4.87837E+16
111432,111433,8,3,17,96,2016,3,17,7,3,1,5,0,0,0,1,0,1,0,0,4.22438E+20,5.36959E+21,7.95056E+15,4.84747E+16
111433,111434,8,3,17,1,2016,4,14,7,3,0,7,0,0,1,0,0,0,0,0,4.31321E+20,5.38676E+21,8.06791E+15,4.86301E+16
111434,111435,8,1,36,44,2016,3,16,3,3,5,3,0,0,0,1,0,0,0,0,5.58707E+20,5.40746E+21,9.79972E+15,4.88173E+16
111435,111436,8,2,22,0,2016,3,20,1,3,5,3,2,0,0,1,0,0,0,0,4.62364E+20,5.48262E+21,8.48027E+15,4.9495E+16
111436,111437,8,4,16,11,2016,4,2,6,3,1,1,2,0,0,1,0,0,0,1,5.04263E+20,5.36585E+21,9.05765E+15,4.84458E+16
111437,111438,8,4,37,31,2016,3,15,5,3,5,2,0,0,0,1,0,1,0,0,5.16478E+20,5.34409E+21,9.22197E+15,4.82498E+16
111438,111439,8,3,15,47,2016,3,12,5,2,0,1,0,0,1,0,0,0,0,0,4.15707E+20,5.32175E+21,7.86904E+15,4.80435E+16
111439,111440,8,4,16,41,2016,4,15,7,3,0,7,0,0,1,0,0,0,0,0,5.02074E+20,5.37076E+21,9.02808E+15,4.84899E+16
111440,111441,8,1,16,80,2016,4,19,7,3,0,1,0,0,1,0,0,0,0,0,5.18014E+20,5.39719E+21,9.24495E+15,4.87275E+16
111441,111442,8,1,16,35,2016,3,12,7,2,5,3,0,0,1,1,0,0,0,0,5.266E+20,5.39144E+21,9.36133E+15,4.86754E+16
111442,111443,8,1,11,0,2016,3,13,1,3,5,3,0,0,0,1,0,0,0,0,5.11661E+20,5.40283E+21,9.15873E+15,4.87784E+16
111443,111444,8,2,26,63,2016,3,17,5,2,1,5,0,1,1,1,0,0,0,0,4.70445E+20,5.47057E+21,8.59276E+15,4.93871E+16
111444,111445,8,3,25,49,2016,3,17,5,3,2,6,0,0,0,1,0,0,0,0,4.70612E+20,5.33623E+21,8.60467E+15,4.81786E+16
111445,111446,8,3,17,65,2016,4,15,6,2,5,3,0,0,1,1,0,0,0,0,4.14049E+20,5.3553E+21,7.84001E+15,4.83451E+16
111446,111447,8,1,16,77,2016,3,10,5,2,8,1,0,0,1,0,0,0,0,1,5.15237E+20,5.38926E+21,9.20689E+15,4.86562E+16
111447,111448,8,3,11,0,2016,3,7,5,2,2,1,0,0,0,1,0,1,0,0,4.10404E+20,5.31686E+21,7.79893E+15,4.79987E+16
111448,111449,8,1,17,24,2016,3,21,3,3,6,7,2,0,1,0,1,0,0,0,5.60682E+20,5.38555E+21,9.8234E+15,4.86201E+16
111449,111450,8,1,11,0,2016,3,17,7,3,6,7,0,0,0,1,1,0,0,0,5.12856E+20,5.40227E+21,9.17497E+15,4.87733E+16
111450,111451,8,2,12,0,2016,3,19,5,3,5,2,2,0,1,1,0,0,0,0,4.57792E+20,5.4291E+21,8.42278E+15,4.90133E+16
111451,111452,8,2,12,0,2016,3,13,5,2,0,7,0,0,1,0,0,0,0,0,4.55815E+20,5.42874E+21,8.39578E+15,4.901E+16
111452,111453,8,1,11,0,2016,3,16,5,3,5,3,0,0,0,1,0,0,0,0,5.07629E+20,5.39865E+21,9.10376E+15,4.87408E+16
111453,111454,8,2,16,43,2016,3,20,4,3,1,5,2,0,0,1,0,1,0,0,4.41918E+20,5.41232E+21,8.20811E+15,4.88612E+16
111454,111455,8,3,17,65,2016,3,12,7,3,5,2,0,0,0,1,0,0,0,0,4.15794E+20,5.35483E+21,7.86365E+15,4.83411E+16
111455,111456,8,2,12,0,2016,3,11,5,2,6,4,0,0,0,0,1,0,0,1,4.59366E+20,5.43137E+21,8.44407E+15,4.90338E+16
111456,111457,8,3,17,65,2016,3,14,3,2,5,3,0,0,0,1,0,1,0,0,4.13266E+20,5.35492E+21,7.82952E+15,4.83415E+16
111457,111458,8,1,19,20,2016,3,6,5,3,5,3,0,0,0,1,0,0,0,0,5.20029E+20,5.40569E+21,9.27277E+15,4.88039E+16
111458,111459,8,2,35,46,2016,4,18,6,3,8,1,2,0,1,0,0,0,0,0,4.79877E+20,5.37788E+21,8.7273E+15,4.85537E+16
111459,111460,8,2,35,79,2016,3,14,4,2,0,7,0,1,1,0,0,0,0,0,4.6673E+20,5.40029E+21,8.54736E+15,4.87547E+16
111460,111461,8,2,12,0,2016,3,11,5,2,5,3,0,0,1,1,0,0,0,0,4.60576E+20,5.43234E+21,8.46054E+15,4.90427E+16
111461,111462,8,3,36,50,2016,3,17,3,3,5,3,0,0,0,1,0,0,0,0,3.99241E+20,5.27297E+21,7.65952E+15,4.76023E+16
111462,111463,8,1,11,0,2016,3,6,3,3,2,6,1,1,0,1,0,1,0,0,5.12404E+20,5.40202E+21,9.16882E+15,4.87711E+16
111463,111464,8,4,15,61,2016,3,20,6,2,6,4,2,1,0,1,1,0,0,0,5.17053E+20,5.37331E+21,9.2309E+15,4.85126E+16
111464,111465,8,2,26,98,2016,3,12,5,3,5,3,0,0,1,1,0,0,0,0,4.77728E+20,5.46019E+21,8.69369E+15,4.9294E+16
111465,111466,8,3,11,0,2016,4,4,1,3,8,1,2,0,0,1,0,0,0,0,4.15035E+20,5.32056E+21,7.86027E+15,4.80327E+16
111466,111467,8,4,21,0,2016,3,14,5,2,4,6,0,0,1,1,0,0,0,0,5.73884E+20,5.36676E+21,9.99918E+15,4.84497E+16
111467,111468,8,4,15,61,2016,3,14,4,3,4,6,0,0,1,0,0,0,0,1,5.1512E+20,5.37005E+21,9.20461E+15,4.84834E+16
111468,111469,8,1,17,26,2016,3,13,4,3,9,1,0,0,1,0,0,0,0,0,5.46752E+20,5.39257E+21,9.63519E+15,4.86844E+16
111469,111470,8,3,15,102,2016,3,17,7,3,7,7,0,0,1,0,0,0,0,1,4.38818E+20,5.29688E+21,8.18261E+15,4.78224E+16
111470,111471,8,3,35,43,2016,4,10,7,2,0,1,0,0,1,0,0,0,0,0,5.13235E+20,5.27849E+21,9.17626E+15,4.76597E+16
111471,111472,8,2,22,0,2016,3,9,3,3,6,7,0,0,0,1,1,0,0,0,4.61393E+20,5.48211E+21,8.46691E+15,4.94904E+16
111472,111473,8,3,36,91,2016,3,19,4,3,5,3,2,0,0,1,0,0,0,0,3.95695E+20,5.27522E+21,7.61183E+15,4.7622E+16
111473,111474,8,3,17,41,2016,3,17,1,3,5,2,0,0,1,1,0,0,0,0,4.38167E+20,5.34842E+21,8.16647E+15,4.8286E+16
111474,111475,8,1,17,26,2016,3,20,2,3,1,7,2,0,0,1,0,0,0,0,5.48106E+20,5.39538E+21,9.65391E+15,4.87096E+16
111475,111476,8,3,35,43,2016,3,21,4,3,3,6,2,0,0,1,0,0,0,0,5.13433E+20,5.27927E+21,9.17893E+15,4.76666E+16
111476,111477,8,3,15,6,2016,3,14,2,3,5,3,0,1,0,1,0,0,0,0,4.03339E+20,5.30779E+21,7.70629E+15,4.79161E+16
111477,111478,8,3,35,75,2016,3,12,6,3,5,3,0,1,0,1,0,0,0,1,4.89063E+20,5.28838E+21,8.85409E+15,4.77487E+16
111478,111479,8,2,21,0,2016,4,11,6,3,5,3,0,1,1,1,0,0,0,0,4.76221E+20,5.46979E+21,8.67239E+15,4.93803E+16
111479,111480,8,2,16,39,2016,3,14,5,3,8,7,0,0,1,0,0,0,0,0,4.44511E+20,5.41538E+21,8.24303E+15,4.88889E+16
111480,111481,8,2,22,0,2016,4,14,1,3,5,3,0,0,1,1,0,0,0,0,4.63881E+20,5.48584E+21,8.50092E+15,4.95241E+16
111481,111482,8,3,11,0,2016,3,17,4,3,1,6,0,0,0,1,0,0,0,0,4.13654E+20,5.31907E+21,7.84204E+15,4.80191E+16
111482,111483,8,4,25,33,2016,3,19,3,3,3,6,0,0,0,0,0,1,0,1,5.54166E+20,5.34673E+21,9.72997E+15,4.82715E+16
111483,111484,8,3,15,43,2016,3,14,7,3,5,2,0,0,0,1,0,1,0,0,4.03715E+20,5.32249E+21,7.70801E+15,4.80484E+16
111484,111485,8,2,25,58,2016,4,12,7,3,5,3,0,0,0,1,0,0,0,1,5.07704E+20,5.46599E+21,9.10606E+15,4.93466E+16