FID,OBJECTID,ULAND,UREGBEZ,UKREIS,UGEMEINDE,UJAHR,UMONAT,USTUNDE,UWOCHENTAG,UKATEGORIE,UART,UTYP1,ULICHTVERH,IstStrasse,IstRad,IstPKW,IstFuss,IstKrad,IstGkfz,IstSonstig,LINREFX,LINREFY,XGCSWGS84,YGCSWGS84
111485,111486,8,1,19,79,2016,3,2,3,2,8,1,2,1,0,1,0,0,0,0,5.22116E+20,5.40739E+21,9.30128E+15,4.88191E+16
111486,111487,8,1,36,88,2016,3,22,1,3,4,2,2,0,0,1,0,0,0,0,5.8032E+20,5.40983E+21,1.00946E+16,4.88363E+16
111487,111488,8,3,35,43,2016,4,11,6,3,2,6,0,0,0,1,0,1,0,0,5.12319E+20,5.2802E+21,9.16411E+15,4.76751E+16
111488,111489,8,4,21,0,2016,3,12,5,3,5,3,0,0,1,1,0,0,0,0,5.70228E+20,5.3622E+21,9.94898E+15,4.8409E+16
111489,111490,8,2,15,9,2016,3,9,5,3,5,3,0,0,0,1,0,0,0,0,4.7112E+20,5.4426E+21,8.60408E+15,4.91355E+16
111490,111491,8,1,11,0,2016,4,15,7,3,2,6,0,0,0,1,0,0,0,0,5.16171E+20,5.40313E+21,9.22012E+15,4.8781E+16
111491,111492,8,1,15,3,2016,4,21,6,3,0,1,2,0,0,0,0,1,0,0,5.01086E+20,5.39224E+21,9.01475E+15,4.86832E+16
111492,111493,8,2,15,64,2016,3,11,5,3,5,3,0,0,1,1,0,0,0,0,4.81938E+20,5.44729E+21,8.75218E+15,4.91781E+16
111493,111494,8,1,11,0,2016,4,19,1,2,5,2,0,0,1,1,0,0,0,0,5.15216E+20,5.40287E+21,9.20711E+15,4.87787E+16
111494,111495,8,3,11,0,2016,3,10,7,3,0,7,0,0,1,0,0,0,0,1,4.14094E+20,5.31805E+21,7.84814E+15,4.80099E+16
111495,111496,8,1,21,0,2016,4,14,7,3,5,3,0,0,0,1,0,1,0,0,5.1637E+20,5.44444E+21,9.2245E+15,4.91525E+16
111496,111497,8,4,36,9,2016,3,13,7,3,8,7,0,0,0,1,0,0,0,0,5.50595E+20,5.30577E+21,9.677E+15,4.79033E+16
111497,111498,8,2,12,0,2016,3,22,5,2,5,3,2,1,0,1,0,1,0,0,4.57624E+20,5.42836E+21,8.42055E+15,4.90067E+16
111498,111499,8,3,11,0,2016,4,12,6,3,6,2,0,0,0,1,1,0,0,0,4.14772E+20,5.31905E+21,7.85703E+15,4.80191E+16
111499,111500,8,4,15,50,2016,3,17,5,3,8,6,0,1,1,1,0,0,0,0,5.21033E+20,5.37545E+21,9.2849E+15,4.85318E+16
111500,111501,8,1,26,11,2016,3,19,5,3,6,1,1,0,0,1,1,0,0,0,5.31848E+20,5.44747E+21,9.437E+15,4.91792E+16
111501,111502,8,1,11,0,2016,3,15,3,3,3,6,0,0,0,1,0,0,0,0,5.13697E+20,5.4042E+21,9.18649E+15,4.87907E+16
111502,111503,8,3,11,0,2016,3,19,6,2,4,6,2,0,1,0,0,0,0,0,4.15559E+20,5.31583E+21,7.86822E+15,4.79902E+16
111503,111504,8,1,16,80,2016,4,15,7,3,6,4,0,0,0,1,1,0,0,0,5.18588E+20,5.39872E+21,9.25283E+15,4.87412E+16
111504,111505,8,2,22,0,2016,3,17,6,3,5,3,0,0,0,1,0,0,0,0,4.62927E+20,5.47817E+21,8.48846E+15,4.9455E+16
111505,111506,8,4,16,25,2016,3,11,7,3,1,6,0,0,0,1,0,0,0,0,5.02893E+20,5.36164E+21,9.03909E+15,4.84079E+16
111506,111507,8,2,22,0,2016,3,21,5,3,4,6,2,1,0,1,0,0,0,0,4.60712E+20,5.4821E+21,8.45751E+15,4.94903E+16
111507,111508,8,1,18,71,2016,3,10,5,3,5,3,0,0,0,1,0,0,0,0,5.09749E+20,5.4208E+21,9.13312E+15,4.89401E+16
111508,111509,8,2,26,41,2016,4,19,6,2,5,3,0,0,1,1,0,0,0,0,4.76037E+20,5.46493E+21,8.67015E+15,4.93367E+16
111509,111510,8,2,22,0,2016,3,7,4,3,5,3,0,0,1,1,0,0,0,0,4.62147E+20,5.48161E+21,8.47737E+15,4.9486E+16
111510,111511,8,1,26,60,2016,3,12,5,3,0,6,0,0,0,1,0,0,1,0,5.45026E+20,5.46128E+21,9.61936E+15,4.93026E+16
111511,111512,8,3,35,75,2016,3,15,3,3,3,6,0,0,0,1,0,0,0,0,4.88722E+20,5.29578E+21,8.84934E+15,4.78152E+16
111512,111513,8,4,15,14,2016,3,15,2,3,5,3,0,0,0,1,0,0,0,0,5.25432E+20,5.3751E+21,9.34447E+15,4.85285E+16
111513,111514,8,1,36,88,2016,3,14,6,3,5,3,0,1,0,1,0,0,0,0,5.79435E+20,5.40904E+21,1.00823E+16,4.88293E+16
111514,111515,8,1,25,6,2016,3,13,5,3,9,1,0,0,0,1,0,0,0,0,5.07491E+20,5.45405E+21,9.1029E+15,4.92392E+16
111515,111516,8,2,35,85,2016,4,16,1,2,0,3,0,0,1,1,0,0,0,0,4.82452E+20,5.39556E+21,8.76145E+15,4.87128E+16
111516,111517,8,3,36,57,2016,3,19,4,3,5,3,0,0,1,1,0,0,0,0,4.08866E+20,5.27766E+21,7.78657E+15,4.76459E+16
111517,111518,8,1,15,3,2016,3,11,4,3,5,3,0,1,0,1,0,0,0,0,5.0089E+20,5.39112E+21,9.01208E+15,4.86731E+16
111518,111519,8,2,12,0,2016,3,15,7,3,4,2,0,0,1,1,0,0,0,0,4.60703E+20,5.42778E+21,8.46272E+15,4.90017E+16
111519,111520,8,1,18,27,2016,3,17,5,3,0,2,0,0,1,1,0,0,0,0,5.02842E+20,5.41244E+21,9.03875E+15,4.88649E+16
111520,111521,8,2,12,0,2016,3,8,5,3,0,6,0,1,0,1,0,1,0,0,4.6171E+20,5.42745E+21,8.47652E+15,4.89987E+16
111521,111522,8,1,11,0,2016,3,15,5,3,5,2,0,0,0,1,0,0,0,0,5.18108E+20,5.4028E+21,9.24647E+15,4.87779E+16
111522,111523,8,2,12,0,2016,3,11,4,3,6,4,0,1,0,1,1,0,0,0,4.60128E+20,5.42487E+21,8.45514E+15,4.89754E+16
111523,111524,8,2,12,0,2016,3,14,7,3,6,4,0,0,0,0,1,0,0,1,4.53224E+20,5.42889E+21,8.36033E+15,4.90111E+16
111524,111525,8,1,18,70,2016,3,19,5,3,0,1,0,0,1,0,0,0,0,0,5.20192E+20,5.42349E+21,9.27586E+15,4.8964E+16
111525,111526,8,3,11,0,2016,3,1,3,3,4,2,2,1,0,1,0,0,0,0,4.1118E+20,5.31519E+21,7.80968E+15,4.79838E+16
111526,111527,8,3,25,49,2016,3,15,4,2,6,4,0,0,0,1,1,0,0,0,4.72481E+20,5.33456E+21,8.62992E+15,4.81637E+16
111527,111528,8,2,31,0,2016,3,15,2,3,0,7,0,0,1,0,0,0,0,0,4.75857E+20,5.41474E+21,8.67068E+15,4.88851E+16
111528,111529,8,2,15,17,2016,4,13,6,3,5,3,0,0,1,1,0,0,0,0,4.5677E+20,5.42106E+21,8.40966E+15,4.8941E+16
111529,111530,8,1,18,11,2016,3,17,5,3,5,2,1,0,1,1,0,0,0,0,5.05324E+20,5.4078E+21,9.07253E+15,4.88231E+16
111530,111531,8,1,35,19,2016,4,16,1,3,5,3,0,0,0,1,0,0,0,0,5.84824E+20,5.39263E+21,1.01524E+16,4.86809E+16
111531,111532,8,2,31,0,2016,3,16,7,2,6,4,0,0,0,1,1,0,0,0,4.78748E+20,5.41512E+21,8.71009E+15,4.88886E+16
111532,111533,8,2,16,7,2016,4,21,7,3,4,6,2,1,0,1,0,0,0,0,4.37602E+20,5.39668E+21,8.15164E+15,4.87201E+16
111533,111534,8,1,18,48,2016,3,11,3,3,6,4,0,0,0,1,1,0,0,0,5.13805E+20,5.41585E+21,9.18834E+15,4.88955E+16
111534,111535,8,3,17,96,2016,4,14,7,3,6,4,0,0,0,1,1,0,0,0,4.22139E+20,5.36865E+21,7.94669E+15,4.84662E+16
111535,111536,8,2,16,15,2016,3,16,3,3,2,2,0,0,0,1,0,0,0,0,4.48362E+20,5.40775E+21,8.29653E+15,4.88206E+16
111536,111537,8,2,15,100,2016,3,20,1,3,1,1,2,0,0,1,0,0,0,0,4.74797E+20,5.45219E+21,8.65389E+15,4.9222E+16
111537,111538,8,1,15,45,2016,3,17,2,3,8,1,0,0,0,1,0,0,0,0,4.98583E+20,5.39673E+21,8.98073E+15,4.87236E+16
111538,111539,8,1,11,0,2016,4,12,7,3,2,6,0,0,0,1,0,0,0,0,5.1581E+20,5.406E+21,9.21532E+15,4.88068E+16
111539,111540,8,1,11,0,2016,4,17,6,3,5,3,0,0,0,1,0,0,0,0,5.10975E+20,5.39707E+21,9.14924E+15,4.87265E+16
111540,111541,8,1,18,11,2016,3,15,5,2,0,4,0,0,1,0,1,0,0,0,5.03283E+20,5.40945E+21,9.04474E+15,4.8838E+16
111541,111542,8,4,17,44,2016,4,1,7,2,0,1,2,0,0,1,0,0,0,0,4.97268E+20,5.33136E+21,8.96328E+15,4.81355E+16
111542,111543,8,1,25,47,2016,4,11,7,3,0,7,0,0,0,0,0,0,0,1,4.9547E+20,5.45031E+21,8.93781E+15,4.92056E+16
111543,111544,8,1,17,25,2016,3,13,6,3,0,1,0,1,0,0,0,1,0,0,5.56159E+20,5.3911E+21,9.76279E+15,4.86704E+16
111544,111545,8,4,16,41,2016,3,22,7,3,5,2,2,0,0,1,0,1,0,0,5.0319E+20,5.37655E+21,9.04322E+15,4.85421E+16
111545,111546,8,2,26,98,2016,3,14,5,3,5,3,0,0,0,1,0,0,0,0,4.77723E+20,5.45923E+21,8.69367E+15,4.92854E+16
111546,111547,8,1,25,65,2016,3,6,5,3,4,2,2,1,1,1,0,0,0,0,5.1644E+20,5.44894E+21,9.22563E+15,4.9193E+16
111547,111548,8,2,12,0,2016,4,8,6,3,5,3,0,1,1,1,0,0,0,0,4.56904E+20,5.4273E+21,8.41082E+15,4.89971E+16
111548,111549,8,2,12,0,2016,3,11,4,2,0,5,0,1,0,0,0,1,0,0,4.5688E+20,5.42786E+21,8.41044E+15,4.90021E+16
111549,111550,8,3,27,56,2016,3,10,5,3,8,7,0,0,0,1,0,0,0,0,4.85277E+20,5.31928E+21,8.80252E+15,4.80266E+16
111550,111551,8,1,17,26,2016,3,18,5,3,6,4,1,0,1,0,1,0,0,0,5.48537E+20,5.39493E+21,9.65971E+15,4.87055E+16
111551,111552,8,3,26,74,2016,3,18,5,3,4,5,0,0,0,1,0,0,0,0,4.65734E+20,5.32407E+21,8.54003E+15,4.8069E+16
111552,111553,8,3,27,17,2016,4,14,6,2,0,7,0,0,0,0,0,0,1,0,4.78309E+20,5.3301E+21,8.70852E+15,4.81238E+16
111553,111554,8,4,16,22,2016,3,13,5,3,2,6,0,0,1,1,0,0,0,0,5.10418E+20,5.37546E+21,9.14112E+15,4.85322E+16
111554,111555,8,1,16,71,2016,3,9,5,3,5,3,0,0,1,1,0,0,0,0,5.28367E+20,5.39141E+21,9.38533E+15,4.86751E+16
111555,111556,8,1,28,115,2016,3,0,6,2,8,1,2,0,0,1,0,0,0,0,5.49977E+20,5.49487E+21,9.69169E+15,4.96043E+16
111556,111557,8,2,12,0,2016,3,18,5,3,0,7,0,1,1,0,0,0,0,0,4.55815E+20,5.42874E+21,8.39579E+15,4.901E+16
111557,111558,8,1,16,72,2016,3,21,5,3,0,1,2,0,1,0,0,0,0,0,5.30456E+20,5.39352E+21,9.41386E+15,4.8694E+16
111558,111559,8,2,26,95,2016,3,15,4,3,1,7,0,1,1,0,0,0,0,1,4.75194E+20,5.46007E+21,8.65885E+15,4.92928E+16
111559,111560,8,2,22,0,2016,3,11,7,3,5,3,0,0,0,1,0,0,0,0,4.61466E+20,5.48135E+21,8.46799E+15,4.94836E+16
111560,111561,8,1,15,45,2016,3,14,5,3,6,7,0,0,0,1,1,0,0,0,5.01379E+20,5.39464E+21,9.01875E+15,4.87048E+16
111561,111562,8,3,17,57,2016,3,15,3,3,5,3,0,0,0,1,0,0,0,0,4.13328E+20,5.38013E+21,7.82513E+15,4.85682E+16
111562,111563,8,3,17,65,2016,3,18,4,3,2,6,1,0,0,1,0,0,0,1,4.17916E+20,5.35473E+21,7.8923E+15,4.83404E+16
111563,111564,8,3,17,96,2016,3,21,2,3,6,7,2,1,0,1,1,0,0,0,4.22234E+20,5.36876E+21,7.94795E+15,4.84671E+16
111564,111565,8,2,37,28,2016,4,17,4,3,6,4,0,0,0,1,1,0,0,0,4.56839E+20,5.36765E+21,8.41619E+15,4.84605E+16
111565,111566,8,1,16,78,2016,4,18,4,3,5,3,0,0,0,1,0,0,1,0,5.10997E+20,5.39481E+21,9.14948E+15,4.87062E+16
111566,111567,8,1,16,78,2016,4,9,3,3,5,2,0,0,0,1,0,0,0,0,5.13812E+20,5.39302E+21,9.18767E+15,4.86901E+16
111567,111568,8,3,35,100,2016,4,16,4,2,5,3,0,0,1,0,0,0,0,1,4.88541E+20,5.28655E+21,8.84717E+15,4.77323E+16
111568,111569,8,1,15,44,2016,4,3,7,3,1,1,2,0,0,1,0,0,0,1,5.04916E+20,5.39089E+21,9.06678E+15,4.86711E+16
111569,111570,8,2,26,85,2016,4,16,6,3,0,2,0,0,1,1,0,0,0,0,4.90772E+20,5.45544E+21,8.87319E+15,4.92517E+16
111570,111571,8,1,21,0,2016,4,18,5,2,5,3,0,0,1,1,0,0,0,0,5.15627E+20,5.4426E+21,9.21424E+15,4.9136E+16
111571,111572,8,1,27,25,2016,4,17,3,3,5,3,0,0,0,1,0,1,0,0,5.56128E+20,5.42751E+21,9.76735E+15,4.8998E+16
111572,111573,8,1,16,80,2016,4,9,6,3,0,7,0,0,1,1,0,0,0,0,5.22403E+20,5.39572E+21,9.30455E+15,4.87141E+16
111573,111574,8,1,11,0,2016,4,13,2,3,2,6,0,0,0,1,0,0,0,0,5.07439E+20,5.39693E+21,9.10114E+15,4.87254E+16
111574,111575,8,3,17,65,2016,4,3,5,3,9,1,2,0,0,1,0,0,0,0,4.13668E+20,5.35331E+21,7.83527E+15,4.8327E+16
111575,111576,8,2,26,84,2016,4,15,4,3,1,1,0,0,0,1,0,0,0,0,4.69793E+20,5.46978E+21,8.58384E+15,4.938E+16
111576,111577,8,1,11,0,2016,4,7,2,3,5,3,0,0,0,1,0,1,0,0,5.18662E+20,5.40315E+21,9.25403E+15,4.87811E+16
111577,111578,8,2,12,0,2016,4,16,1,3,2,6,0,0,0,1,0,0,0,0,4.60002E+20,5.42718E+21,8.45319E+15,4.89962E+16
111578,111579,8,3,11,0,2016,4,17,3,3,5,3,0,1,0,1,0,1,0,0,4.02718E+20,5.31361E+21,7.69666E+15,4.79684E+16
111579,111580,8,1,16,80,2016,4,17,3,3,1,6,0,1,0,1,0,0,0,0,5.21688E+20,5.39563E+21,9.29482E+15,4.87133E+16
111580,111581,8,3,35,43,2016,4,17,4,3,5,2,0,0,1,1,0,0,0,0,5.1333E+20,5.27877E+21,9.17754E+15,4.76622E+16
111581,111582,8,1,15,24,2016,4,13,3,3,5,2,0,0,1,1,0,0,0,0,5.00452E+20,5.38789E+21,9.00614E+15,4.86441E+16
111582,111583,8,3,35,43,2016,4,18,4,2,0,1,0,0,1,0,0,0,0,0,5.12964E+20,5.28595E+21,9.17288E+15,4.77268E+16
111583,111584,8,4,21,0,2016,4,13,6,3,2,6,0,0,0,1,0,0,0,0,5.73405E+20,5.36245E+21,9.99195E+15,4.84109E+16
111584,111585,8,2,15,17,2016,4,14,6,3,0,7,0,0,1,0,1,0,0,0,4.54986E+20,5.4228E+21,8.3851E+15,4.89565E+16
111585,111586,8,1,25,39,2016,4,16,5,3,5,3,0,0,1,1,0,0,0,0,5.1162E+20,5.45896E+21,9.15978E+15,4.92833E+16
111586,111587,8,1,18,48,2016,4,18,3,3,2,7,0,1,0,1,0,0,0,1,5.13665E+20,5.41558E+21,9.18642E+15,4.8893E+16
111587,111588,8,4,25,33,2016,4,16,5,2,5,3,0,0,1,1,0,0,0,0,5.55185E+20,5.34485E+21,9.74345E+15,4.82545E+16
111588,111589,8,3,16,43,2016,4,13,5,3,5,3,0,0,1,1,0,0,0,0,4.11549E+20,5.33111E+21,7.81132E+15,4.81271E+16
111589,111590,8,4,21,0,2016,4,14,1,3,6,4,0,0,1,0,1,0,0,0,5.71891E+20,5.36041E+21,9.97114E+15,4.83927E+16
111590,111591,8,1,11,0,2016,4,13,1,3,2,6,0,0,0,1,0,0,0,0,5.12253E+20,5.40293E+21,9.16679E+15,4.87792E+16
111591,111592,8,3,11,0,2016,4,8,3,3,3,6,0,0,1,0,0,0,0,0,4.1386E+20,5.31595E+21,7.84543E+15,4.7991E+16
111592,111593,8,1,11,0,2016,4,17,3,3,0,1,1,1,1,1,0,0,0,0,5.17087E+20,5.41001E+21,9.23288E+15,4.88428E+16
111593,111594,8,3,26,74,2016,4,16,4,3,2,6,0,0,0,1,0,0,0,0,4.60802E+20,5.32465E+21,8.47378E+15,4.80739E+16
111594,111595,8,1,16,19,2016,4,8,4,3,1,2,0,1,0,1,0,1,0,0,5.22056E+20,5.39854E+21,9.29998E+15,4.87395E+16
111595,111596,8,4,15,61,2016,4,6,5,3,5,3,0,1,1,1,0,0,0,0,5.16871E+20,5.37313E+21,9.22843E+15,4.85111E+16
111596,111597,8,3,15,13,2016,4,18,5,3,6,4,0,0,0,1,1,0,0,0,4.04577E+20,5.32487E+21,7.71905E+15,4.807E+16
111597,111598,8,3,35,75,2016,4,13,1,2,6,2,0,0,0,1,1,0,0,0,4.88849E+20,5.28788E+21,8.85125E+15,4.77442E+16
111598,111599,8,2,12,0,2016,4,10,7,2,3,6,0,0,1,1,0,0,0,0,4.54085E+20,5.42938E+21,8.37206E+15,4.90156E+16
111599,111600,8,2,12,0,2016,4,12,3,3,4,2,0,0,0,1,0,0,0,0,4.60722E+20,5.42711E+21,8.46304E+15,4.89956E+16
111600,111601,8,1,11,0,2016,4,18,3,3,5,7,0,1,0,1,0,1,0,0,5.08816E+20,5.39683E+21,9.11988E+15,4.87244E+16
111601,111602,8,2,26,13,2016,4,11,4,3,2,6,0,0,0,1,0,0,0,1,4.98344E+20,5.47926E+21,8.97715E+15,4.9466E+16
111602,111603,8,1,11,0,2016,4,21,4,3,0,1,2,0,1,0,0,0,0,0,5.12089E+20,5.40882E+21,9.16473E+15,4.88323E+16
111603,111604,8,4,26,14,2016,4,17,2,3,5,3,0,0,0,1,0,0,0,1,5.48679E+20,5.3175E+21,9.65268E+15,4.80089E+16
111604,111605,8,1,25,65,2016,4,18,7,3,6,6,0,1,0,1,1,0,0,0,5.16545E+20,5.44894E+21,9.22708E+15,4.9193E+16
111605,111606,8,3,11,0,2016,4,7,6,3,1,1,0,0,0,1,0,0,0,0,4.14805E+20,5.31656E+21,7.85797E+15,4.79966E+16
111606,111607,8,3,36,50,2016,4,8,5,3,0,7,0,0,0,1,1,0,0,0,3.9949E+20,5.27368E+21,7.66267E+15,4.76087E+16
111607,111608,8,2,12,0,2016,4,15,7,3,6,4,0,0,1,0,1,0,0,0,4.5305E+20,5.42901E+21,8.35794E+15,4.90122E+16
111608,111609,8,2,26,95,2016,4,20,1,2,5,3,2,0,0,1,0,1,0,0,4.73899E+20,5.46195E+21,8.64091E+15,4.93097E+16
111609,111610,8,3,25,53,2016,4,14,6,3,2,6,0,0,0,1,0,0,0,0,4.5737E+20,5.34255E+21,8.42591E+15,4.82347E+16
111610,111611,8,2,21,0,2016,4,17,3,3,1,1,0,1,0,1,0,1,0,0,4.77749E+20,5.47375E+21,8.69322E+15,4.9416E+16
111611,111612,8,4,26,13,2016,4,18,2,3,5,2,0,0,1,1,0,0,0,0,5.45016E+20,5.32333E+21,9.6042E+15,4.80617E+16
111612,111613,8,1,11,0,2016,4,11,2,3,2,6,0,0,0,1,0,0,0,0,5.10326E+20,5.40277E+21,9.14055E+15,4.87778E+16
111613,111614,8,2,12,0,2016,4,10,6,3,0,7,0,0,1,0,0,0,0,0,4.59355E+20,5.42824E+21,8.44424E+15,4.90057E+16
111614,111615,8,2,25,117,2016,4,8,4,3,6,7,0,0,0,1,1,0,0,0,5.14593E+20,5.47075E+21,9.20109E+15,4.93893E+16
111615,111616,8,1,11,0,2016,4,9,4,3,3,6,0,0,0,1,0,0,0,0,5.14411E+20,5.40802E+21,9.19634E+15,4.8825E+16
111616,111617,8,4,26,97,2016,4,16,2,2,8,6,0,0,0,0,0,1,0,0,5.35113E+20,5.33386E+21,9.47214E+15,4.8157E+16
111617,111618,8,3,17,93,2016,4,13,4,3,0,7,0,0,1,0,0,0,0,0,4.41988E+20,5.35155E+21,8.21754E+15,4.83145E+16
111618,111619,8,4,37,53,2016,4,14,6,3,1,5,0,0,0,1,0,0,0,0,5.28328E+20,5.31979E+21,9.37998E+15,4.80308E+16
111619,111620,8,2,26,84,2016,4,12,6,3,6,7,0,0,0,1,1,0,0,0,4.69118E+20,5.47028E+21,8.57449E+15,4.93844E+16
111620,111621,8,1,25,26,2016,4,14,5,3,2,6,0,0,0,1,0,0,0,0,4.95731E+20,5.4429E+21,8.94147E+15,4.9139E+16
111621,111622,8,1,19,20,2016,4,23,3,3,5,3,2,1,1,1,0,0,0,0,5.21252E+20,5.40696E+21,9.28949E+15,4.88153E+16
111622,111623,8,1,11,0,2016,4,13,6,3,5,3,0,0,0,1,0,0,0,0,5.15629E+20,5.40706E+21,9.2129E+15,4.88163E+16
111623,111624,8,4,37,104,2016,4,20,1,2,9,7,2,0,0,0,0,1,0,0,5.17066E+20,5.32468E+21,9.22911E+15,4.80751E+16
111624,111625,8,1,25,26,2016,4,16,5,3,0,3,0,0,0,1,0,1,0,0,4.93563E+20,5.44238E+21,8.91176E+15,4.91342E+16
111625,111626,8,1,36,42,2016,4,7,3,3,5,3,0,0,1,1,0,0,0,0,5.50574E+20,5.40517E+21,9.68866E+15,4.87975E+16
111626,111627,8,4,21,0,2016,4,10,2,3,0,7,0,0,1,0,0,0,0,0,5.72697E+20,5.35985E+21,9.98194E+15,4.83876E+16
111627,111628,8,1,19,20,2016,4,21,6,2,0,1,2,0,0,1,0,0,0,0,5.19354E+20,5.40756E+21,9.26366E+15,4.88207E+16
111628,111629,8,4,36,64,2016,4,12,1,3,2,6,0,0,1,1,0,0,0,0,5.46333E+20,5.29268E+21,9.61856E+15,4.77858E+16
111629,111630,8,2,22,0,2016,4,17,4,3,5,3,0,0,0,1,0,1,0,0,4.62183E+20,5.48104E+21,8.47792E+15,4.94808E+16
111630,111631,8,2,16,43,2016,4,13,1,3,2,6,0,0,0,1,0,1,0,0,4.43156E+20,5.41297E+21,8.22489E+15,4.88671E+16
111631,111632,8,4,21,0,2016,4,16,2,3,2,6,0,0,0,1,0,0,0,0,5.72923E+20,5.36084E+21,9.98516E+15,4.83965E+16
111632,111633,8,3,17,1,2016,4,21,4,3,6,4,2,0,0,0,1,1,0,0,4.31501E+20,5.38613E+21,8.07045E+15,4.86245E+16
111633,111634,8,4,16,36,2016,4,11,6,3,0,7,0,0,0,0,1,0,1,0,4.9656E+20,5.36993E+21,8.95345E+15,4.84825E+16
111634,111635,8,2,12,0,2016,4,10,6,3,5,3,0,0,1,1,0,0,0,0,4.5504E+20,5.42989E+21,8.38506E+15,4.90203E+16
111635,111636,8,1,19,44,2016,4,16,5,3,2,6,0,0,0,1,0,0,0,1,5.473E+20,5.4249E+21,9.64636E+15,4.89752E+16
111636,111637,8,1,18,11,2016,4,9,3,3,0,7,0,0,1,1,0,0,0,0,5.04732E+20,5.40738E+21,9.06446E+15,4.88194E+16
111637,111638,8,4,15,61,2016,4,16,5,3,3,2,0,0,0,1,0,1,0,0,5.15842E+20,5.37128E+21,9.21443E+15,4.84944E+16
111638,111639,8,3,35,75,2016,4,17,5,3,0,1,0,0,1,0,0,0,0,0,4.87899E+20,5.28985E+21,8.83852E+15,4.77619E+16
111639,111640,8,3,36,50,2016,4,7,5,2,5,3,0,0,1,1,0,0,0,0,4.00955E+20,5.27303E+21,7.6823E+15,4.76031E+16
111640,111641,8,4,17,79,2016,4,18,1,3,5,2,0,0,0,1,0,1,0,0,5.01308E+20,5.34452E+21,9.01762E+15,4.82539E+16
111641,111642,8,3,36,81,2016,4,21,7,3,8,1,2,0,0,1,0,0,0,0,4.12582E+20,5.27971E+21,7.83563E+15,4.76648E+16
111642,111643,8,2,26,96,2016,4,14,5,3,2,7,0,0,0,1,0,0,0,0,4.73207E+20,5.48816E+21,8.62962E+15,4.95454E+16
111643,111644,8,2,26,9,2016,4,18,4,2,5,3,0,0,0,1,0,1,0,0,4.66315E+20,5.47204E+21,8.53573E+15,4.94001E+16
111644,111645,8,1,11,0,2016,4,19,2,3,2,6,0,0,0,1,0,0,0,0,5.07986E+20,5.39825E+21,9.10861E+15,4.87372E+16
111645,111646,8,1,16,33,2016,4,0,1,3,5,3,2,0,1,1,0,0,0,0,5.33357E+20,5.38695E+21,9.45275E+15,4.86347E+16
111646,111647,8,3,36,19,2016,4,16,3,2,3,2,0,1,1,1,0,0,0,0,3.94177E+20,5.27686E+21,7.59124E+15,4.76365E+16
111647,111648,8,4,15,61,2016,4,19,2,3,2,6,0,0,0,1,0,0,0,0,5.15684E+20,5.37232E+21,9.21233E+15,4.85038E+16
111648,111649,8,3,16,11,2016,4,18,4,2,6,4,0,0,1,0,1,0,0,0,4.14565E+20,5.32975E+21,7.85212E+15,4.81153E+16
111649,111650,8,1,11,0,2016,4,14,4,3,2,6,0,0,0,1,0,1,0,0,5.18624E+20,5.40344E+21,9.25352E+15,4.87837E+16
111650,111651,8,2,22,0,2016,4,12,5,3,1,3,0,0,0,1,0,0,1,0,4.60573E+20,5.48765E+21,8.45504E+15,4.95402E+16
111651,111652,8,3,11,0,2016,4,8,1,3,4,2,0,0,0,1,0,0,0,0,4.14578E+20,5.31917E+21,7.85441E+15,4.80201E+16
111652,111653,8,2,12,0,2016,4,16,7,2,6,4,0,0,0,1,1,0,0,0,4.53209E+20,5.42889E+21,8.36013E+15,4.90111E+16
111653,111654,8,2,36,30,2016,4,11,3,2,1,6,0,0,0,1,0,0,0,0,4.75909E+20,5.41785E+21,8.6712E+15,4.89131E+16
111654,111655,8,4,15,59,2016,4,16,2,3,5,3,0,0,0,1,0,0,0,0,5.16572E+20,5.36836E+21,9.22419E+15,4.84681E+16
111655,111656,8,2,12,0,2016,4,6,3,2,5,3,2,1,1,1,0,0,0,0,4.54943E+20,5.42928E+21,8.38381E+15,4.90148E+16
111656,111657,8,3,37,65,2016,4,17,2,3,5,3,0,0,1,1,0,0,0,0,4.47929E+20,5.27519E+21,8.30693E+15,4.7628E+16
111657,111658,8,1,11,0,2016,4,12,4,3,5,3,0,0,0,1,0,0,0,0,5.0763E+20,5.39865E+21,9.10378E+15,4.87408E+16
111658,111659,8,1,18,3,2016,4,13,7,3,0,7,0,0,0,1,0,1,0,0,5.10806E+20,5.41647E+21,9.14745E+15,4.89011E+16
111659,111660,8,2,22,0,2016,4,13,1,3,5,3,0,0,0,1,0,0,0,0,4.6349E+20,5.48306E+21,8.49578E+15,4.94991E+16
111660,111661,8,3,17,96,2016,4,10,6,2,5,3,0,0,0,1,0,0,0,0,4.22335E+20,5.36799E+21,7.94947E+15,4.84603E+16
111661,111662,8,1,18,48,2016,4,8,5,2,6,6,0,1,1,0,1,0,0,0,5.14758E+20,5.41447E+21,9.2013E+15,4.8883E+16
111662,111663,8,2,15,109,2016,4,11,3,2,5,3,0,1,1,1,0,0,0,0,4.64568E+20,5.4402E+21,8.51447E+15,4.91137E+16