FID,OBJECTID,ULAND,UREGBEZ,UKREIS,UGEMEINDE,UJAHR,UMONAT,USTUNDE,UWOCHENTAG,UKATEGORIE,UART,UTYP1,ULICHTVERH,IstStrasse,IstRad,IstPKW,IstFuss,IstKrad,IstGkfz,IstSonstig,LINREFX,LINREFY,XGCSWGS84,YGCSWGS84
111663,111664,8,3,35,75,2016,4,17,2,3,1,6,0,0,0,1,0,0,0,0,4.88054E+20,5.28957E+21,8.8406E+15,4.77594E+16
111664,111665,8,1,36,88,2016,4,18,6,3,5,3,0,0,1,1,0,0,0,0,5.79472E+20,5.40907E+21,1.00829E+16,4.88295E+16
111665,111666,8,4,35,30,2016,4,1,1,3,0,7,2,0,1,0,0,0,0,0,5.40027E+20,5.27263E+21,9.53254E+15,4.76059E+16
111666,111667,8,2,21,0,2016,4,7,4,3,5,3,0,0,1,0,0,0,0,1,4.77313E+20,5.47091E+21,8.68738E+15,4.93904E+16
111667,111668,8,1,11,0,2016,4,7,4,3,5,2,0,1,1,1,0,0,0,0,5.07454E+20,5.39784E+21,9.10138E+15,4.87335E+16
111668,111669,8,3,26,74,2016,4,5,2,3,5,3,1,0,0,1,0,0,0,0,4.65657E+20,5.3238E+21,8.53902E+15,4.80666E+16
111669,111670,8,3,16,11,2016,4,17,4,3,5,3,0,0,0,1,0,1,0,0,4.14485E+20,5.33004E+21,7.85099E+15,4.81179E+16
111670,111671,8,2,16,9,2016,4,9,4,2,0,7,0,0,1,0,0,0,0,0,4.47225E+20,5.42138E+21,8.27928E+15,4.89431E+16
111671,111672,8,4,35,59,2016,4,13,3,3,0,3,0,0,0,1,0,1,0,0,5.14051E+20,5.28918E+21,9.18748E+15,4.77558E+16
111672,111673,8,3,17,96,2016,4,11,2,3,6,2,0,1,0,1,1,0,0,0,4.23732E+20,5.37055E+21,7.96789E+15,4.84834E+16
111673,111674,8,1,15,44,2016,4,4,7,2,0,7,2,0,1,0,0,0,0,0,5.04765E+20,5.39086E+21,9.06472E+15,4.86708E+16
111674,111675,8,2,26,31,2016,4,15,6,3,0,1,0,0,0,0,0,1,0,0,4.7438E+20,5.49296E+21,8.64552E+15,4.95887E+16
111675,111676,8,1,16,78,2016,4,19,5,2,5,3,1,0,1,1,0,0,0,0,5.09509E+20,5.39476E+21,9.12925E+15,4.87058E+16
111676,111677,8,1,28,7,2016,4,16,3,3,6,7,0,0,0,1,1,0,0,0,5.56133E+20,5.48246E+21,9.77511E+15,4.94921E+16
111677,111678,8,1,16,78,2016,4,16,6,3,0,7,0,0,1,1,0,0,0,0,5.12369E+20,5.39114E+21,9.16802E+15,4.86732E+16
111678,111679,8,3,36,105,2016,4,15,1,2,0,1,0,0,0,0,0,1,0,0,4.0214E+20,5.26557E+21,7.69972E+15,4.75362E+16
111679,111680,8,2,22,0,2016,4,17,5,3,3,6,0,0,0,1,0,1,0,0,4.62176E+20,5.48412E+21,8.47753E+15,4.95085E+16
111680,111681,8,1,36,50,2016,4,16,4,3,6,6,0,0,0,1,1,0,0,0,5.80441E+20,5.40331E+21,1.00949E+16,4.87776E+16
111681,111682,8,2,12,0,2016,4,9,1,3,6,4,0,0,1,0,1,0,0,0,4.55222E+20,5.43118E+21,8.3874E+15,4.90319E+16
111682,111683,8,3,11,0,2016,4,17,3,3,5,3,1,1,1,0,0,0,1,0,4.10262E+20,5.31574E+21,7.79725E+15,4.79886E+16
111683,111684,8,3,16,11,2016,4,12,2,3,5,2,0,0,1,1,0,0,0,0,4.14639E+20,5.32944E+21,7.85317E+15,4.81125E+16
111684,111685,8,3,11,0,2016,4,17,4,2,9,6,0,0,0,0,0,1,0,0,4.1156E+20,5.32252E+21,7.81325E+15,4.80498E+16
111685,111686,8,1,17,26,2016,4,13,3,3,5,3,0,0,0,1,0,0,0,0,5.48641E+20,5.39457E+21,9.66109E+15,4.87023E+16
111686,111687,8,4,25,33,2016,4,13,6,3,1,5,0,0,1,0,0,0,1,0,5.51497E+20,5.34823E+21,9.69418E+15,4.82852E+16
111687,111688,8,2,22,0,2016,4,12,6,3,6,7,0,0,0,0,1,0,0,1,4.6203E+20,5.48979E+21,8.47497E+15,4.95595E+16
111688,111689,8,1,16,77,2016,4,15,5,3,2,6,0,0,0,1,0,0,0,0,5.14524E+20,5.39168E+21,9.1973E+15,4.8678E+16
111689,111690,8,1,18,63,2016,4,17,3,3,2,6,0,1,0,1,0,0,0,0,5.14876E+20,5.42233E+21,9.20319E+15,4.89537E+16
111690,111691,8,4,26,21,2016,4,16,5,2,6,4,0,0,0,1,1,0,0,0,5.58967E+20,5.32679E+21,9.79189E+15,4.80917E+16
111691,111692,8,2,26,9,2016,4,15,5,3,4,7,0,0,1,1,0,0,0,0,4.66508E+20,5.47148E+21,8.53844E+15,4.93951E+16
111692,111693,8,4,21,0,2016,4,11,1,2,5,3,0,0,0,1,0,1,0,0,5.70647E+20,5.36112E+21,9.95446E+15,4.83993E+16
111693,111694,8,1,11,0,2016,4,18,1,2,6,4,0,0,0,1,1,0,0,0,5.16193E+20,5.41033E+21,9.2207E+15,4.88457E+16
111694,111695,8,3,11,0,2016,4,8,3,3,5,2,0,0,1,1,0,0,0,0,4.12981E+20,5.31637E+21,7.83356E+15,4.79947E+16
111695,111696,8,3,11,0,2016,4,15,2,3,5,3,0,0,0,1,0,1,0,0,4.09835E+20,5.31583E+21,7.79152E+15,4.79894E+16
111696,111697,8,3,11,0,2016,4,8,4,3,5,3,0,1,1,1,0,0,0,0,4.14957E+20,5.31803E+21,7.85972E+15,4.80099E+16
111697,111698,8,4,37,31,2016,4,15,3,3,0,1,0,0,1,0,0,0,0,0,5.15489E+20,5.34577E+21,9.2087E+15,4.8265E+16
111698,111699,8,2,22,0,2016,4,5,5,3,6,4,2,0,0,1,1,0,0,0,4.61678E+20,5.48238E+21,8.47083E+15,4.94929E+16
111699,111700,8,3,36,50,2016,4,17,1,3,5,3,0,0,0,1,0,1,0,0,3.99328E+20,5.27465E+21,7.66029E+15,4.76174E+16
111700,111701,8,3,11,0,2016,4,10,7,3,1,5,0,0,0,1,0,0,0,0,4.14038E+20,5.31613E+21,7.84778E+15,4.79927E+16
111701,111702,8,2,12,0,2016,4,8,3,3,0,3,0,1,1,1,0,0,0,0,4.57338E+20,5.42859E+21,8.41663E+15,4.90087E+16
111702,111703,8,3,11,0,2016,4,15,2,3,0,7,0,0,1,1,0,0,0,0,4.14052E+20,5.31676E+21,7.84784E+15,4.79983E+16
111703,111704,8,1,28,115,2016,4,13,4,3,6,4,0,0,0,1,1,0,0,0,5.48445E+20,5.4973E+21,9.67079E+15,4.96263E+16
111704,111705,8,4,26,21,2016,4,15,3,3,1,5,0,0,1,1,0,0,0,0,5.59831E+20,5.32835E+21,9.80371E+15,4.81056E+16
111705,111706,8,3,11,0,2016,4,18,2,3,1,6,0,0,0,1,0,0,0,0,4.12223E+20,5.31871E+21,7.82294E+15,4.80156E+16
111706,111707,8,1,28,115,2016,4,12,7,3,0,1,0,0,1,0,0,0,0,0,5.48257E+20,5.49722E+21,9.66818E+15,4.96256E+16
111707,111708,8,3,11,0,2016,4,13,6,3,5,3,0,0,1,1,0,0,0,0,4.11225E+20,5.31831E+21,7.80963E+15,4.80119E+16
111708,111709,8,1,11,0,2016,4,8,5,3,5,3,0,1,0,1,0,1,0,0,5.11608E+20,5.40104E+21,9.15795E+15,4.87623E+16
111709,111710,8,2,16,43,2016,4,16,3,3,5,2,0,1,0,1,0,0,0,0,4.41607E+20,5.41312E+21,8.20374E+15,4.88683E+16
111710,111711,8,2,15,17,2016,4,17,2,3,0,7,0,0,1,0,0,0,0,0,4.52966E+20,5.41896E+21,8.35795E+15,4.89218E+16
111711,111712,8,1,28,7,2016,4,13,6,3,3,7,0,0,0,1,0,0,0,0,5.55448E+20,5.48305E+21,9.76573E+15,4.94975E+16
111712,111713,8,2,22,0,2016,4,20,7,2,6,4,1,0,0,1,1,0,0,0,4.61345E+20,5.47763E+21,8.46669E+15,4.94501E+16
111713,111714,8,2,35,85,2016,4,18,1,3,6,2,0,0,0,1,1,0,0,0,4.80785E+20,5.39574E+21,8.73878E+15,4.87144E+16
111714,111715,8,3,36,91,2016,4,7,6,3,5,2,0,0,0,1,0,0,0,1,3.94329E+20,5.27215E+21,7.59438E+15,4.75942E+16
111715,111716,8,2,22,0,2016,4,15,3,3,2,6,0,0,0,1,0,0,0,0,4.644E+20,5.48458E+21,8.50821E+15,4.95128E+16
111716,111717,8,2,25,14,2016,4,16,2,2,0,7,0,0,1,0,0,0,0,1,5.23396E+20,5.48504E+21,9.32323E+15,4.95176E+16
111717,111718,8,2,12,0,2016,4,13,6,3,2,6,0,0,0,1,0,0,0,0,4.55056E+20,5.42928E+21,8.38535E+15,4.90148E+16
111718,111719,8,1,28,7,2016,4,16,4,3,4,6,0,0,0,1,0,0,0,0,5.56684E+20,5.48239E+21,9.78272E+15,4.94915E+16
111719,111720,8,4,21,0,2016,4,16,3,3,4,2,0,0,1,1,0,0,0,0,5.70749E+20,5.36221E+21,9.95602E+15,4.8409E+16
111720,111721,8,2,21,0,2016,4,8,2,3,5,5,0,0,1,1,0,0,0,0,4.75552E+20,5.47406E+21,8.66291E+15,4.94188E+16
111721,111722,8,3,11,0,2016,4,20,4,3,5,3,2,0,0,1,0,0,0,1,4.10417E+20,5.31648E+21,7.79918E+15,4.79954E+16
111722,111723,8,1,11,0,2016,4,9,7,3,5,2,0,0,0,1,0,0,0,0,5.12385E+20,5.40331E+21,9.1686E+15,4.87826E+16
111723,111724,8,2,26,20,2016,4,8,6,3,5,3,0,0,1,1,0,0,0,0,4.90827E+20,5.463E+21,8.87378E+15,4.93197E+16
111724,111725,8,4,37,104,2016,4,3,4,3,6,1,2,1,0,1,1,0,0,0,5.15472E+20,5.32647E+21,9.20778E+15,4.80913E+16
111725,111726,8,1,21,0,2016,4,15,3,3,2,6,0,0,0,1,0,0,0,0,5.1489E+20,5.44285E+21,9.20415E+15,4.91383E+16
111726,111727,8,1,15,3,2016,4,7,6,3,0,1,0,0,0,0,0,1,0,0,5.01298E+20,5.39136E+21,9.01763E+15,4.86753E+16
111727,111728,8,3,26,74,2016,4,15,1,3,4,6,0,0,1,0,0,0,0,1,4.59858E+20,5.32504E+21,8.46107E+15,4.80774E+16
111728,111729,8,2,16,7,2016,4,9,5,3,5,2,0,1,0,1,0,0,0,0,4.35111E+20,5.39334E+21,8.1183E+15,4.86897E+16
111729,111730,8,1,25,65,2016,4,21,4,2,6,4,2,0,0,1,1,0,0,0,5.16248E+20,5.44884E+21,9.223E+15,4.91922E+16
111730,111731,8,3,17,127,2016,4,11,1,3,5,3,0,0,0,1,0,0,0,0,4.21302E+20,5.35142E+21,7.9386E+15,4.83111E+16
111731,111732,8,1,21,0,2016,4,16,4,3,1,6,0,0,0,1,0,0,0,0,5.14352E+20,5.44436E+21,9.19682E+15,4.91519E+16
111732,111733,8,4,25,81,2016,4,21,3,3,5,3,2,0,0,1,0,0,0,0,5.47839E+20,5.34237E+21,9.64422E+15,4.82327E+16
111733,111734,8,2,16,43,2016,4,3,1,3,6,4,2,0,0,0,1,0,0,1,4.42085E+20,5.41155E+21,8.21049E+15,4.88542E+16
111734,111735,8,2,21,0,2016,4,9,2,3,2,6,0,0,1,0,0,0,0,0,4.76548E+20,5.47322E+21,8.6767E+15,4.94112E+16
111735,111736,8,3,11,0,2016,4,8,4,2,0,1,0,1,1,0,0,0,0,0,4.14117E+20,5.31622E+21,7.84883E+15,4.79935E+16
111736,111737,8,4,17,10,2016,4,19,6,3,5,3,1,0,0,1,0,0,0,0,5.06864E+20,5.3435E+21,9.09246E+15,4.82447E+16
111737,111738,8,2,12,0,2016,4,16,6,3,1,5,0,0,1,1,0,0,0,0,4.53351E+20,5.42891E+21,8.36207E+15,4.90113E+16
111738,111739,8,4,37,88,2016,4,7,4,3,2,2,0,0,0,1,0,0,0,0,5.19545E+20,5.3077E+21,9.26163E+15,4.79224E+16
111739,111740,8,1,18,48,2016,4,18,3,3,0,1,1,1,1,0,0,0,0,0,5.13588E+20,5.41486E+21,9.18535E+15,4.88865E+16
111740,111741,8,4,15,61,2016,4,23,5,3,0,1,2,0,0,0,0,1,0,0,5.13015E+20,5.37412E+21,9.17625E+15,4.852E+16
111741,111742,8,2,15,9,2016,4,17,5,3,2,6,0,0,0,1,0,0,0,0,4.70616E+20,5.44226E+21,8.59719E+15,4.91325E+16
111742,111743,8,4,21,0,2016,4,15,1,3,0,1,0,0,0,0,0,1,0,0,5.74114E+20,5.3619E+21,1.00014E+16,4.84059E+16
111743,111744,8,1,11,0,2016,4,0,1,3,2,4,2,0,0,1,1,0,0,0,5.1171E+20,5.40109E+21,9.15934E+15,4.87627E+16
111744,111745,8,3,11,0,2016,4,12,3,3,0,7,0,0,1,1,0,0,0,0,4.16842E+20,5.31525E+21,7.88552E+15,4.79852E+16
111745,111746,8,2,21,0,2016,4,19,2,3,0,6,1,1,0,1,0,0,0,1,4.75777E+20,5.47258E+21,8.66611E+15,4.94054E+16
111746,111747,8,1,11,0,2016,4,16,2,3,3,6,0,0,1,1,0,0,0,0,5.12525E+20,5.40001E+21,9.1704E+15,4.8753E+16
111747,111748,8,1,21,0,2016,4,2,1,3,5,3,2,0,0,1,0,0,0,0,5.15186E+20,5.44316E+21,9.20821E+15,4.91411E+16
111748,111749,8,3,36,50,2016,4,18,3,2,0,7,0,1,1,0,0,0,0,0,3.99326E+20,5.27299E+21,7.66065E+15,4.76025E+16
111749,111750,8,2,22,0,2016,4,12,2,3,5,3,0,0,1,1,0,0,0,0,4.62193E+20,5.4817E+21,8.478E+15,4.94868E+16
111750,111751,8,3,11,0,2016,4,17,4,3,6,1,0,0,1,0,1,0,0,0,4.13668E+20,5.31667E+21,7.84271E+15,4.79975E+16
111751,111752,8,4,36,64,2016,4,11,4,2,5,3,0,0,0,0,0,1,0,1,5.42799E+20,5.29196E+21,9.57132E+15,4.77796E+16
111752,111753,8,2,15,105,2016,4,18,5,3,2,6,0,0,0,1,0,0,0,0,4.57985E+20,5.44272E+21,8.424E+15,4.91359E+16
111753,111754,8,3,26,3,2016,4,19,1,3,1,5,0,0,0,1,0,0,0,0,4.71356E+20,5.31532E+21,8.61609E+15,4.79906E+16
111754,111755,8,2,12,0,2016,4,11,7,2,6,4,0,0,0,0,1,0,0,1,4.55574E+20,5.42876E+21,8.39248E+15,4.90101E+16
111755,111756,8,2,31,0,2016,4,11,3,3,3,6,0,0,0,1,0,0,0,0,4.77221E+20,5.41544E+21,8.68925E+15,4.88915E+16
111756,111757,8,2,22,0,2016,4,17,2,3,5,5,0,1,1,1,0,0,0,0,4.63886E+20,5.48322E+21,8.50123E+15,4.95006E+16
111757,111758,8,1,18,79,2016,4,21,4,3,8,7,2,0,0,0,0,1,0,0,5.06887E+20,5.42278E+21,9.09407E+15,4.89579E+16
111758,111759,8,4,16,6,2016,4,11,3,3,9,1,0,0,0,0,0,1,0,0,4.98556E+20,5.36091E+21,8.98049E+15,4.84013E+16
111759,111760,8,4,16,41,2016,4,23,3,3,5,3,2,1,0,1,0,0,0,0,5.03846E+20,5.37442E+21,9.05209E+15,4.85229E+16
111760,111761,8,2,15,109,2016,4,16,5,2,6,4,0,0,0,0,1,0,0,1,4.61337E+20,5.43462E+21,8.47073E+15,4.90632E+16
111761,111762,8,2,12,0,2016,4,1,7,3,1,5,2,0,0,1,0,1,0,0,4.60115E+20,5.42654E+21,8.4548E+15,4.89904E+16
111762,111763,8,2,22,0,2016,4,13,1,3,5,3,0,0,0,1,0,0,0,0,4.6104E+20,5.48161E+21,8.46209E+15,4.94859E+16
111763,111764,8,3,17,96,2016,4,0,6,3,8,7,2,0,1,1,0,0,0,0,4.2254E+20,5.36915E+21,7.95202E+15,4.84707E+16
111764,111765,8,2,16,7,2016,4,16,3,3,0,1,0,1,1,0,0,0,0,0,4.36277E+20,5.39451E+21,8.13396E+15,4.87004E+16
111765,111766,8,2,22,0,2016,4,17,2,3,5,3,0,0,0,1,0,0,0,1,4.6073E+20,5.48282E+21,8.45768E+15,4.94967E+16
111766,111767,8,1,11,0,2016,4,10,2,3,6,7,0,0,0,1,1,0,0,0,5.14483E+20,5.40165E+21,9.19709E+15,4.87677E+16
111767,111768,8,2,16,17,2016,4,17,6,3,5,3,0,0,0,1,0,0,0,0,4.51671E+20,5.40257E+21,8.34221E+15,4.87742E+16
111768,111769,8,1,15,48,2016,4,16,4,2,6,4,0,0,0,1,1,0,0,0,5.09794E+20,5.38714E+21,9.13294E+15,4.86372E+16
111769,111770,8,3,35,75,2016,4,20,3,3,5,3,2,0,0,1,0,0,0,0,4.88271E+20,5.29073E+21,8.84346E+15,4.77698E+16
111770,111771,8,2,21,0,2016,4,8,2,3,5,3,0,0,0,1,0,0,0,0,4.73948E+20,5.47508E+21,8.64073E+15,4.94278E+16
111771,111772,8,3,11,0,2016,4,15,4,3,5,3,0,0,0,1,0,0,0,0,4.11449E+20,5.31569E+21,7.81318E+15,4.79884E+16
111772,111773,8,4,35,34,2016,4,7,6,3,0,1,0,0,1,0,0,0,0,0,5.28513E+20,5.28393E+21,9.38009E+15,4.77082E+16
111773,111774,8,2,22,0,2016,4,9,6,3,6,2,0,0,0,1,1,0,0,0,4.62825E+20,5.48609E+21,8.4863E+15,4.95263E+16
111774,111775,8,4,36,64,2016,4,18,4,3,6,4,0,0,0,1,1,0,0,0,5.4548E+20,5.29172E+21,9.60708E+15,4.77773E+16
111775,111776,8,1,18,49,2016,4,7,3,3,6,7,0,0,0,1,1,0,0,0,5.18662E+20,5.4196E+21,9.25479E+15,4.8929E+16
111776,111777,8,2,12,0,2016,4,8,2,3,5,3,0,0,1,0,0,0,0,0,4.54294E+20,5.42912E+21,8.37495E+15,4.90133E+16
111777,111778,8,1,16,16,2016,4,22,7,3,0,7,2,0,0,1,0,0,0,0,5.33403E+20,5.38641E+21,9.45334E+15,4.86299E+16
111778,111779,8,2,12,0,2016,4,10,6,3,6,7,0,0,0,0,1,0,0,1,4.53153E+20,5.42883E+21,8.35937E+15,4.90106E+16
111779,111780,8,4,35,16,2016,4,17,4,3,5,7,0,0,0,1,0,1,0,0,5.35202E+20,5.27975E+21,9.46893E+15,4.76702E+16
111780,111781,8,1,28,115,2016,4,17,3,3,6,1,0,1,1,0,1,0,0,0,5.4797E+20,5.49693E+21,9.66417E+15,4.9623E+16
111781,111782,8,2,16,15,2016,4,17,2,2,5,3,0,0,1,1,0,0,0,0,4.50399E+20,5.40586E+21,8.32451E+15,4.88037E+16
111782,111783,8,1,18,48,2016,4,16,6,2,5,3,0,0,1,1,0,0,0,0,5.14037E+20,5.4164E+21,9.19154E+15,4.89004E+16
111783,111784,8,3,15,115,2016,4,13,1,3,0,1,0,0,0,1,0,0,0,0,4.08005E+20,5.32075E+21,7.76594E+15,4.80334E+16
111784,111785,8,1,16,15,2016,4,19,4,3,5,3,0,0,0,1,0,0,0,0,5.23773E+20,5.3934E+21,9.32305E+15,4.86932E+16
111785,111786,8,2,15,106,2016,4,13,1,2,5,3,0,0,1,1,0,0,0,0,4.67204E+20,5.45471E+21,8.54941E+15,4.92443E+16
111786,111787,8,3,17,57,2016,4,10,3,3,5,3,0,0,0,1,0,0,0,0,4.12905E+20,5.38034E+21,7.81937E+15,4.85701E+16
111787,111788,8,4,25,72,2016,4,21,2,2,5,3,2,0,0,1,0,1,0,0,5.82867E+20,5.37166E+21,1.01216E+16,4.84926E+16
111788,111789,8,2,12,0,2016,4,14,4,3,2,6,0,0,0,1,0,0,0,0,4.53607E+20,5.42977E+21,8.36547E+15,4.90191E+16
111789,111790,8,4,25,72,2016,4,18,4,3,5,3,0,0,0,1,0,0,0,0,5.82937E+20,5.37221E+21,1.01227E+16,4.84975E+16
111790,111791,8,1,18,79,2016,4,9,3,3,4,2,0,0,0,1,0,0,0,0,5.10201E+20,5.42251E+21,9.13934E+15,4.89554E+16
111791,111792,8,4,15,61,2016,4,7,5,3,5,3,0,0,1,1,0,0,0,0,5.15553E+20,5.37153E+21,9.21053E+15,4.84967E+16
111792,111793,8,1,11,0,2016,4,16,6,3,0,1,0,0,1,0,0,0,0,0,5.11724E+20,5.40071E+21,9.15953E+15,4.87593E+16
111793,111794,8,2,15,17,2016,4,9,5,3,0,7,0,1,0,1,0,0,0,0,4.5459E+20,5.42245E+21,8.37974E+15,4.89533E+16
111794,111795,8,1,16,19,2016,4,17,4,3,0,7,0,0,0,1,0,0,0,0,5.2037E+20,5.39923E+21,9.27709E+15,4.87457E+16
111795,111796,8,4,37,104,2016,4,15,1,3,8,1,0,0,0,0,0,1,0,0,5.15475E+20,5.32599E+21,9.2078E+15,4.8087E+16
111796,111797,8,1,15,3,2016,4,15,1,3,5,3,0,0,0,1,0,0,0,0,4.9972E+20,5.39276E+21,8.99619E+15,4.86879E+16
111797,111798,8,3,36,50,2016,4,13,3,2,5,3,0,0,1,1,0,0,0,0,4.00433E+20,5.27499E+21,7.67491E+15,4.76207E+16
111798,111799,8,1,19,67,2016,4,19,2,3,5,3,1,0,0,1,0,0,0,0,5.38063E+20,5.40597E+21,9.51838E+15,4.88056E+16
111799,111800,8,2,15,102,2016,4,15,4,2,3,2,0,0,0,1,0,1,0,0,4.55016E+20,5.43577E+21,8.38407E+15,4.90731E+16
111800,111801,8,3,27,49,2016,4,15,3,3,5,3,0,0,0,1,0,0,0,1,4.72049E+20,5.3245E+21,8.62476E+15,4.80732E+16
111801,111802,8,1,28,126,2016,4,17,5,2,5,3,0,0,0,1,0,0,0,1,5.6536E+20,5.48112E+21,9.9023E+15,4.94792E+16
111802,111803,8,2,26,68,2016,4,11,7,3,5,3,0,0,0,1,0,0,0,0,4.65855E+20,5.46151E+21,8.53029E+15,4.93054E+16
111803,111804,8,2,12,0,2016,4,14,1,3,5,3,0,0,0,1,0,0,0,0,4.57435E+20,5.42882E+21,8.41792E+15,4.90108E+16
111804,111805,8,4,16,25,2016,4,16,6,3,5,3,0,0,0,1,0,0,0,0,5.01604E+20,5.36074E+21,9.02167E+15,4.83998E+16
111805,111806,8,2,26,41,2016,4,14,7,3,5,3,0,0,0,1,0,0,0,0,4.76171E+20,5.46571E+21,8.67195E+15,4.93437E+16
111806,111807,8,2,26,60,2016,4,0,3,3,5,3,2,0,0,1,0,1,0,0,4.76825E+20,5.46386E+21,8.68105E+15,4.9327E+16
111807,111808,8,1,16,19,2016,4,8,2,3,5,3,0,0,0,1,0,0,1,0,5.24131E+20,5.39839E+21,9.3282E+15,4.8738E+16
111808,111809,8,4,17,79,2016,4,16,1,3,1,7,0,0,0,1,0,0,0,0,5.00975E+20,5.34029E+21,9.01312E+15,4.82158E+16
111809,111810,8,3,17,65,2016,4,22,7,3,5,3,2,0,0,1,0,0,0,0,4.15666E+20,5.35182E+21,7.86253E+15,4.83139E+16
111810,111811,8,2,12,0,2016,4,17,3,3,5,3,0,1,0,1,0,1,0,0,4.61091E+20,5.42726E+21,8.46806E+15,4.8997E+16
111811,111812,8,1,15,45,2016,4,15,2,3,2,6,0,0,0,1,0,0,0,0,4.99824E+20,5.39488E+21,8.99761E+15,4.8707E+16
111812,111813,8,3,17,96,2016,4,19,3,3,5,3,1,1,1,1,0,0,0,0,4.21722E+20,5.36931E+21,7.94093E+15,4.8472E+16
111813,111814,8,1,36,65,2016,4,4,7,3,9,1,2,0,0,1,0,0,0,1,5.57079E+20,5.4046E+21,9.77715E+15,4.87917E+16
111814,111815,8,3,15,15,2016,4,20,6,3,5,2,2,0,0,1,0,1,0,0,3.95289E+20,5.32103E+21,7.59534E+15,4.80339E+16
111815,111816,8,4,15,61,2016,4,11,4,3,2,6,0,0,0,1,0,0,0,0,5.15661E+20,5.37233E+21,9.21201E+15,4.85039E+16
111816,111817,8,2,12,0,2016,4,21,3,3,5,3,2,1,0,1,0,0,0,0,4.53579E+20,5.43107E+21,8.36495E+15,4.90308E+16
111817,111818,8,1,11,0,2016,4,16,2,3,5,2,0,0,0,1,0,1,0,0,5.12794E+20,5.40453E+21,9.1742E+15,4.87937E+16
111818,111819,8,4,25,72,2016,4,13,6,3,1,5,0,0,1,1,0,0,0,0,5.82517E+20,5.3724E+21,1.0117E+16,4.84993E+16
111819,111820,8,3,11,0,2016,4,17,1,2,5,2,0,0,1,1,0,0,0,0,4.12028E+20,5.31474E+21,7.82113E+15,4.79799E+16
111820,111821,8,3,17,110,2016,4,18,3,2,4,5,0,0,1,1,0,0,0,0,4.30083E+20,5.38089E+21,8.05209E+15,4.85772E+16
111821,111822,8,1,16,49,2016,4,9,4,3,5,3,0,0,0,1,0,0,0,0,5.25459E+20,5.38468E+21,9.34542E+15,4.86146E+16
111822,111823,8,3,11,0,2016,4,10,2,3,1,6,0,0,0,1,0,0,0,0,4.12511E+20,5.31443E+21,7.82767E+15,4.79772E+16
111823,111824,8,2,26,32,2016,4,15,4,3,2,6,0,0,0,1,0,0,0,1,4.66091E+20,5.46521E+21,8.53322E+15,4.93387E+16
111824,111825,8,2,25,58,2016,4,8,6,3,6,2,0,1,0,1,1,0,0,0,5.09271E+20,5.46522E+21,9.12762E+15,4.93396E+16
111825,111826,8,1,16,49,2016,4,15,5,3,0,2,0,1,1,1,0,0,0,0,5.25301E+20,5.38534E+21,9.34332E+15,4.86206E+16
111826,111827,8,2,12,0,2016,4,21,3,3,5,3,2,1,1,1,0,0,0,0,4.55616E+20,5.43095E+21,8.39282E+15,4.90299E+16
111827,111828,8,1,18,46,2016,4,23,6,3,5,3,2,0,0,1,0,0,0,0,5.13968E+20,5.41218E+21,9.19045E+15,4.88624E+16
111828,111829,8,4,15,59,2016,4,13,5,2,5,3,0,0,0,1,0,1,0,0,5.16822E+20,5.36803E+21,9.22756E+15,4.84652E+16
111829,111830,8,3,11,0,2016,4,16,5,3,3,6,0,0,1,1,0,0,0,0,4.13439E+20,5.31755E+21,7.83947E+15,4.80054E+16
111830,111831,8,3,17,96,2016,4,9,3,2,0,6,0,0,0,1,0,0,0,1,4.2174E+20,5.36788E+21,7.94144E+15,4.84592E+16
111831,111832,8,3,36,81,2016,4,13,7,3,5,3,0,0,0,1,0,0,0,0,4.11486E+20,5.27752E+21,7.82147E+15,4.7645E+16
111832,111833,8,1,11,0,2016,4,11,7,3,5,3,0,1,0,1,0,0,0,0,5.12552E+20,5.4084E+21,9.17103E+15,4.88285E+16
111833,111834,8,1,17,26,2016,4,13,3,3,6,2,0,0,0,1,1,0,0,0,5.47268E+20,5.39366E+21,9.64233E+15,4.86942E+16
111834,111835,8,3,15,98,2016,4,15,2,2,5,1,0,0,1,1,0,0,0,0,4.0763E+20,5.3128E+21,7.76263E+15,4.79618E+16
111835,111836,8,2,26,98,2016,4,11,4,3,5,3,0,1,0,1,0,0,0,0,4.78298E+20,5.46002E+21,8.70154E+15,4.92925E+16
111836,111837,8,3,11,0,2016,4,12,2,3,2,6,0,0,0,1,0,0,0,0,4.11904E+20,5.31523E+21,7.81936E+15,4.79843E+16
111837,111838,8,2,22,0,2016,4,11,4,3,5,3,0,0,0,1,0,0,0,0,4.61465E+20,5.48135E+21,8.46798E+15,4.94836E+16
111838,111839,8,2,22,0,2016,4,16,6,2,8,1,0,0,0,0,0,1,0,0,4.68927E+20,5.47624E+21,8.5714E+15,4.9438E+16
111839,111840,8,1,16,19,2016,4,11,5,3,5,3,0,0,0,1,0,0,0,0,5.22236E+20,5.39866E+21,9.30244E+15,4.87405E+16
111840,111841,8,1,18,79,2016,4,15,3,2,5,2,0,0,1,1,0,0,0,0,5.10249E+20,5.42119E+21,9.13996E+15,4.89436E+16