FID,OBJECTID,ULAND,UREGBEZ,UKREIS,UGEMEINDE,UJAHR,UMONAT,USTUNDE,UWOCHENTAG,UKATEGORIE,UART,UTYP1,ULICHTVERH,IstStrasse,IstRad,IstPKW,IstFuss,IstKrad,IstGkfz,IstSonstig,LINREFX,LINREFY,XGCSWGS84,YGCSWGS84
112196,112197,8,2,12,0,2016,4,20,4,3,0,7,0,0,1,0,0,0,0,0,4.59158E+20,5.42991E+21,8.44138E+15,4.90207E+16
112197,112198,8,3,16,11,2016,4,13,3,3,5,3,0,0,1,1,0,0,0,0,4.12672E+20,5.33107E+21,7.82642E+15,4.81268E+16
112198,112199,8,3,16,20,2016,4,12,2,3,0,7,0,1,1,1,0,0,0,0,4.08276E+20,5.33806E+21,7.76585E+15,4.81892E+16
112199,112200,8,3,11,0,2016,4,19,5,3,6,1,0,0,0,1,1,0,0,0,4.13583E+20,5.31654E+21,7.8416E+15,4.79963E+16
112200,112201,8,1,26,11,2016,4,17,4,2,5,3,0,0,1,1,0,0,0,0,5.29657E+20,5.44787E+21,9.40696E+15,4.91829E+16
112201,112202,8,3,11,0,2016,4,12,3,2,6,4,0,0,0,0,1,0,0,1,4.13501E+20,5.31657E+21,7.84049E+15,4.79966E+16
112202,112203,8,2,21,0,2016,4,16,4,3,4,6,0,0,1,1,0,0,0,0,4.7863E+20,5.47334E+21,8.70539E+15,4.94124E+16
112203,112204,8,4,36,82,2016,4,15,5,2,6,4,0,0,0,1,1,0,0,0,5.47402E+20,5.29551E+21,9.63315E+15,4.78112E+16
112204,112205,8,3,15,84,2016,4,16,3,3,6,7,0,0,0,1,1,0,0,0,4.17208E+20,5.30481E+21,7.89243E+15,4.78913E+16
112205,112206,8,1,35,19,2016,4,16,5,3,6,4,0,0,0,1,1,0,0,0,5.83945E+20,5.39035E+21,1.014E+16,4.86605E+16
112206,112207,8,1,36,19,2016,4,13,6,3,5,3,0,0,1,1,0,0,0,0,5.82664E+20,5.42349E+21,1.01293E+16,4.89588E+16
112207,112208,8,1,28,139,2016,4,21,7,3,9,1,2,0,0,1,0,0,0,0,5.51203E+20,5.49065E+21,9.70811E+15,4.95663E+16
112208,112209,8,2,16,43,2016,4,19,2,3,5,3,1,1,0,0,0,1,0,1,4.4262E+20,5.41287E+21,8.2176E+15,4.88661E+16
112209,112210,8,3,35,43,2016,4,13,7,3,0,7,0,1,1,0,0,0,0,0,5.12883E+20,5.28012E+21,9.17162E+15,4.76743E+16
112210,112211,8,2,26,95,2016,4,17,4,3,5,3,0,0,1,1,0,0,0,0,4.74023E+20,5.4607E+21,8.64271E+15,4.92985E+16
112211,112212,8,2,12,0,2016,4,6,3,3,5,2,0,0,0,1,0,0,0,0,4.54283E+20,5.42887E+21,8.37481E+15,4.90111E+16
112212,112213,8,2,15,109,2016,4,15,2,3,5,3,0,0,1,0,0,0,0,1,4.63922E+20,5.44014E+21,8.50562E+15,4.91131E+16
112213,112214,8,3,11,0,2016,4,9,5,3,0,7,0,0,1,0,0,0,1,0,4.14516E+20,5.31616E+21,7.85418E+15,4.7993E+16
112214,112215,8,1,16,4,2016,4,14,4,3,6,4,0,0,0,1,1,0,0,0,5.28404E+20,5.39652E+21,9.38618E+15,4.87211E+16
112215,112216,8,1,15,45,2016,4,6,5,2,2,2,0,0,1,1,0,0,0,0,5.00776E+20,5.39508E+21,9.01054E+15,4.87087E+16
112216,112217,8,1,35,16,2016,4,16,6,3,9,7,0,0,0,1,0,0,0,0,5.90966E+20,5.38588E+21,1.02343E+16,4.86193E+16
112217,112218,8,4,36,55,2016,4,8,6,3,4,6,0,0,1,0,0,0,0,0,5.76653E+20,5.29747E+21,1.00242E+16,4.7826E+16
112218,112219,8,4,35,16,2016,4,14,1,3,0,7,0,0,1,0,0,0,0,0,5.38948E+20,5.27978E+21,9.51883E+15,4.76703E+16
112219,112220,8,1,16,33,2016,4,11,7,3,5,3,0,0,1,1,0,0,0,0,5.33347E+20,5.38678E+21,9.45261E+15,4.86332E+16
112220,112221,8,1,16,19,2016,4,13,2,2,3,6,0,0,0,1,0,1,0,0,5.23291E+20,5.39825E+21,9.31677E+15,4.87368E+16
112221,112222,8,2,22,0,2016,4,6,7,3,5,3,0,1,0,1,0,0,0,0,4.62636E+20,5.48303E+21,8.48399E+15,4.94988E+16
112222,112223,8,2,12,0,2016,4,19,3,2,3,6,0,0,1,0,0,0,0,0,4.56368E+20,5.42862E+21,8.40335E+15,4.9009E+16
112223,112224,8,2,15,17,2016,4,14,2,3,5,3,0,0,0,1,0,1,0,0,4.56639E+20,5.42137E+21,8.40784E+15,4.89437E+16
112224,112225,8,1,16,50,2016,4,5,4,3,5,3,1,0,1,1,0,0,0,0,5.26999E+20,5.38923E+21,9.3666E+15,4.86555E+16
112225,112226,8,3,27,50,2016,4,6,4,3,5,3,0,0,0,1,0,0,0,0,4.86626E+20,5.31369E+21,8.82079E+15,4.79764E+16
112226,112227,8,1,15,15,2016,4,18,5,3,5,3,0,0,1,1,0,0,0,0,4.92928E+20,5.38823E+21,8.90399E+15,4.86471E+16
112227,112228,8,3,26,5,2016,4,15,6,3,5,3,0,0,0,1,0,1,0,0,4.65177E+20,5.29804E+21,8.53465E+15,4.78347E+16
112228,112229,8,2,12,0,2016,4,12,2,3,5,2,0,0,1,1,0,0,0,0,4.5577E+20,5.42883E+21,8.39516E+15,4.90108E+16
112229,112230,8,4,35,24,2016,4,20,5,2,0,7,1,0,1,0,0,0,0,0,5.26941E+20,5.27881E+21,9.35882E+15,4.76622E+16
112230,112231,8,2,37,54,2016,4,15,3,2,9,1,0,0,0,0,0,1,0,0,4.66456E+20,5.37428E+21,8.54573E+15,4.85207E+16
112231,112232,8,2,37,28,2016,4,12,2,3,6,4,0,0,0,1,1,0,0,0,4.55889E+20,5.36949E+21,8.40314E+15,4.8477E+16
112232,112233,8,1,28,139,2016,4,15,5,2,0,1,0,0,1,0,0,0,0,0,5.51668E+20,5.49028E+21,9.71448E+15,4.95629E+16
112233,112234,8,2,35,46,2016,4,7,3,3,5,3,0,0,0,1,0,0,0,0,4.81342E+20,5.37642E+21,8.74723E+15,4.85406E+16
112234,112235,8,2,35,46,2016,4,12,2,3,4,1,0,1,0,1,0,0,0,0,4.78929E+20,5.37737E+21,8.71449E+15,4.85491E+16
112235,112236,8,1,21,0,2016,4,15,5,3,0,4,0,0,0,0,1,0,0,1,5.15936E+20,5.44327E+21,9.2185E+15,4.9142E+16
112236,112237,8,3,17,96,2016,4,16,4,3,4,6,0,0,1,0,0,0,0,0,4.22323E+20,5.36993E+21,7.94895E+15,4.84777E+16
112237,112238,8,1,15,4,2016,4,17,5,3,0,3,0,0,0,1,0,1,0,0,4.87906E+20,5.37274E+21,8.83627E+15,4.85077E+16
112238,112239,8,2,26,56,2016,4,15,2,2,5,3,0,0,0,1,0,0,0,0,4.85612E+20,5.46982E+21,8.80177E+15,4.93809E+16
112239,112240,8,3,11,0,2016,4,13,5,3,2,2,0,0,1,1,0,0,0,0,4.13168E+20,5.31561E+21,7.83623E+15,4.79879E+16
112240,112241,8,4,36,81,2016,4,16,5,3,0,1,0,0,1,0,0,0,0,0,5.61644E+20,5.28188E+21,9.82142E+15,4.76874E+16
112241,112242,8,2,31,0,2016,4,17,3,3,0,3,0,0,0,1,0,0,0,1,4.77533E+20,5.41519E+21,8.69351E+15,4.88892E+16
112242,112243,8,1,25,49,2016,4,21,5,3,8,1,2,0,0,1,0,1,0,0,5.00211E+20,5.44988E+21,9.0029E+15,4.92017E+16
112243,112244,8,2,31,0,2016,4,23,6,3,6,4,2,0,0,1,1,0,0,0,4.7817E+20,5.41527E+21,8.7022E+15,4.889E+16
112244,112245,8,1,21,0,2016,4,10,6,2,5,3,0,0,1,1,0,0,0,0,5.16267E+20,5.44362E+21,9.22305E+15,4.91452E+16
112245,112246,8,3,17,57,2016,4,23,4,3,0,7,2,0,1,0,0,0,0,0,4.13984E+20,5.37843E+21,7.83438E+15,4.8553E+16
112246,112247,8,2,36,4,2016,4,21,6,3,6,7,2,0,0,1,1,0,0,0,4.732E+20,5.41321E+21,8.63453E+15,4.88713E+16
112247,112248,8,2,16,7,2016,4,17,4,2,5,3,0,0,1,1,0,0,0,0,4.35198E+20,5.39335E+21,8.11948E+15,4.86898E+16
112248,112249,8,1,11,0,2016,4,8,5,2,6,4,0,0,0,0,1,0,0,1,5.1353E+20,5.40452E+21,9.18423E+15,4.87935E+16
112249,112250,8,2,36,70,2016,4,10,1,3,5,3,0,0,1,1,0,0,0,0,4.68764E+20,5.41687E+21,8.57376E+15,4.89039E+16
112250,112251,8,3,11,0,2016,4,15,4,3,0,7,0,0,1,0,0,0,0,0,4.13341E+20,5.31535E+21,7.8386E+15,4.79856E+16
112251,112252,8,2,26,68,2016,4,18,2,3,5,3,0,0,0,1,0,0,0,0,4.6853E+20,5.461E+21,8.56713E+15,4.93009E+16
112252,112253,8,2,15,17,2016,4,11,5,3,6,7,0,0,1,0,1,0,0,0,4.56609E+20,5.42109E+21,8.40745E+15,4.89412E+16
112253,112254,8,2,12,0,2016,4,16,4,3,2,6,0,0,0,1,0,0,0,0,4.62113E+20,5.42883E+21,8.48189E+15,4.90112E+16
112254,112255,8,4,36,64,2016,4,17,5,3,0,7,0,0,1,0,0,0,0,0,5.46342E+20,5.29139E+21,9.61855E+15,4.77742E+16
112255,112256,8,2,26,82,2016,4,7,3,3,1,5,0,0,0,1,0,0,0,1,4.74913E+20,5.47969E+21,8.65375E+15,4.94693E+16
112256,112257,8,1,25,38,2016,4,12,5,3,6,7,0,0,0,1,1,0,0,0,4.99757E+20,5.43449E+21,8.99667E+15,4.90633E+16
112257,112258,8,1,19,85,2016,4,10,6,3,6,7,0,0,0,0,1,0,0,1,5.29169E+20,5.41382E+21,9.39781E+15,4.88766E+16
112258,112259,8,1,19,79,2016,4,23,7,3,8,1,2,0,0,1,0,0,0,0,5.2567E+20,5.41201E+21,9.34998E+15,4.88605E+16
112259,112260,8,2,12,0,2016,4,18,2,3,5,2,0,1,1,1,0,0,0,0,4.58415E+20,5.42727E+21,8.43148E+15,4.89969E+16
112260,112261,8,3,11,0,2016,4,12,7,3,1,6,0,1,0,1,0,0,0,0,4.11902E+20,5.31523E+21,7.81934E+15,4.79843E+16
112261,112262,8,2,26,85,2016,4,12,3,3,3,6,0,0,1,1,0,0,0,0,4.91201E+20,5.45569E+21,8.87908E+15,4.92539E+16
112262,112263,8,2,21,0,2016,4,14,2,3,2,6,0,0,0,1,0,0,0,1,4.77062E+20,5.47255E+21,8.68382E+15,4.94052E+16
112263,112264,8,1,16,19,2016,4,16,4,3,6,4,0,0,0,1,1,0,0,0,5.2291E+20,5.39939E+21,9.31165E+15,4.87471E+16
112264,112265,8,4,21,0,2016,4,15,7,2,3,7,0,1,0,1,0,0,0,1,5.72872E+20,5.36098E+21,9.9845E+15,4.83977E+16
112265,112266,8,2,12,0,2016,4,16,4,2,6,4,0,0,0,1,1,0,0,0,4.54132E+20,5.4305E+21,8.37257E+15,4.90257E+16
112266,112267,8,2,26,18,2016,4,13,3,3,5,3,0,0,0,1,0,0,0,1,4.73084E+20,5.47318E+21,8.62894E+15,4.94107E+16
112267,112268,8,2,22,0,2016,4,16,2,3,1,6,0,0,0,1,0,0,0,0,4.60806E+20,5.48229E+21,8.45878E+15,4.9492E+16
112268,112269,8,2,35,46,2016,4,13,5,3,4,2,0,0,0,0,0,1,0,1,4.80402E+20,5.37626E+21,8.7345E+15,4.85391E+16
112269,112270,8,1,21,0,2016,4,12,4,3,6,4,0,0,0,1,1,0,0,0,5.16906E+20,5.44454E+21,9.23185E+15,4.91535E+16
112270,112271,8,4,26,21,2016,4,13,5,3,5,3,0,0,0,1,0,0,0,0,5.58843E+20,5.32619E+21,9.79015E+15,4.80863E+16
112271,112272,8,1,18,18,2016,4,17,6,2,6,4,0,0,0,1,1,0,0,0,5.11415E+20,5.4305E+21,9.15615E+15,4.90273E+16
112272,112273,8,1,11,0,2016,4,12,7,3,2,6,0,1,0,1,0,0,0,0,5.12701E+20,5.40809E+21,9.17305E+15,4.88257E+16
112273,112274,8,1,15,45,2016,4,16,2,3,6,6,0,0,0,1,1,0,0,0,4.99983E+20,5.39537E+21,8.99976E+15,4.87113E+16
112274,112275,8,2,22,0,2016,4,0,7,3,5,2,2,0,0,1,0,0,0,0,4.61502E+20,5.48249E+21,8.46838E+15,4.94938E+16
112275,112276,8,2,22,0,2016,4,10,3,3,5,3,0,0,1,1,0,0,0,0,4.62646E+20,5.48285E+21,8.48414E+15,4.94971E+16
112276,112277,8,2,22,0,2016,4,16,2,3,6,4,0,0,0,1,1,0,0,0,4.61409E+20,5.48234E+21,8.46712E+15,4.94924E+16
112277,112278,8,3,16,56,2016,4,18,4,3,5,3,0,0,1,1,0,0,0,0,4.22501E+20,5.32692E+21,7.95924E+15,4.80908E+16
112278,112279,8,1,11,0,2016,4,15,5,3,5,7,0,0,0,1,0,1,0,0,5.11324E+20,5.39568E+21,9.15394E+15,4.87141E+16
112279,112280,8,1,11,0,2016,4,18,5,3,5,3,0,0,1,1,0,0,0,0,5.17004E+20,5.4104E+21,9.23176E+15,4.88463E+16
112280,112281,8,1,16,33,2016,4,10,6,3,4,6,0,0,0,1,0,1,0,0,5.33712E+20,5.38769E+21,9.45764E+15,4.86413E+16
112281,112282,8,4,15,61,2016,4,13,6,3,0,5,0,0,0,1,0,1,0,0,5.14715E+20,5.37536E+21,9.19933E+15,4.85312E+16
112282,112283,8,3,11,0,2016,4,12,1,2,3,1,0,0,0,1,0,1,0,0,4.14254E+20,5.31946E+21,7.85001E+15,4.80227E+16
112283,112284,8,2,15,7,2016,4,14,3,3,5,3,0,0,1,1,0,0,0,0,4.76717E+20,5.43529E+21,8.68123E+15,4.907E+16
112284,112285,8,2,22,0,2016,4,13,2,2,6,4,0,0,0,0,1,0,0,1,4.61637E+20,5.48363E+21,8.47013E+15,4.95041E+16
112285,112286,8,1,11,0,2016,4,20,4,2,6,4,1,0,0,0,1,0,0,1,5.09135E+20,5.40684E+21,9.12443E+15,4.88145E+16
112286,112287,8,1,21,0,2016,4,11,5,3,5,3,0,0,0,1,0,0,0,0,5.15994E+20,5.44104E+21,9.21921E+15,4.9122E+16
112287,112288,8,3,15,76,2016,4,11,4,3,5,3,0,0,1,0,0,0,1,0,3.9187E+20,5.29661E+21,7.55562E+15,4.78137E+16
112288,112289,8,4,36,82,2016,4,15,4,1,6,4,0,0,1,0,1,0,0,0,5.47878E+20,5.2942E+21,9.63936E+15,4.77993E+16
112289,112290,8,3,11,0,2016,4,11,4,3,1,5,0,0,1,1,0,0,0,0,4.10712E+20,5.31463E+21,7.80352E+15,4.79787E+16
112290,112291,8,2,21,0,2016,4,15,2,3,5,3,0,0,1,1,0,0,0,0,4.75842E+20,5.46955E+21,8.66719E+15,4.93782E+16
112291,112292,8,2,35,7,2016,4,9,5,2,0,3,0,0,0,1,1,0,0,1,4.84389E+20,5.39704E+21,8.78773E+15,4.87262E+16
112292,112293,8,2,25,58,2016,4,9,4,3,5,3,0,0,0,1,0,0,1,0,5.09064E+20,5.46525E+21,9.12477E+15,4.93399E+16
112293,112294,8,4,25,79,2016,4,20,5,3,1,6,2,0,0,1,0,0,0,0,5.55107E+20,5.37359E+21,9.74618E+15,4.8513E+16
112294,112295,8,2,12,0,2016,4,18,3,3,0,7,0,0,0,1,1,0,0,0,4.59352E+20,5.43143E+21,8.44388E+15,4.90344E+16
112295,112296,8,2,21,0,2016,4,18,2,3,4,2,0,0,1,1,0,0,0,0,4.7621E+20,5.47188E+21,8.67212E+15,4.93991E+16
112296,112297,8,4,17,31,2016,4,18,5,3,6,4,0,0,0,1,1,0,0,0,4.96154E+20,5.35469E+21,8.9481E+15,4.83454E+16
112297,112298,8,2,15,46,2016,4,7,3,3,5,3,0,0,1,1,0,0,0,0,4.50823E+20,5.41415E+21,8.32929E+15,4.88784E+16
112298,112299,8,2,12,0,2016,4,15,2,3,9,7,0,0,0,0,0,1,0,0,4.5853E+20,5.42886E+21,8.4329E+15,4.90113E+16
112299,112300,8,1,19,85,2016,4,18,5,2,0,7,0,0,1,0,0,0,0,0,5.30792E+20,5.41502E+21,9.42004E+15,4.88874E+16
112300,112301,8,2,26,106,2016,4,19,6,2,0,7,0,0,1,0,0,0,0,0,5.01705E+20,5.46164E+21,9.02346E+15,4.93075E+16
112301,112302,8,3,11,0,2016,4,16,4,3,1,6,0,0,0,1,0,0,0,0,4.13087E+20,5.31659E+21,7.83494E+15,4.79967E+16
112302,112303,8,2,22,0,2016,4,17,1,3,6,3,0,0,0,1,1,0,0,0,4.6264E+20,5.48303E+21,8.48404E+15,4.94988E+16
112303,112304,8,2,12,0,2016,4,22,4,3,5,3,2,0,1,1,0,0,0,0,4.55335E+20,5.42801E+21,8.38931E+15,4.90034E+16
112304,112305,8,2,12,0,2016,4,0,3,3,2,5,2,0,0,1,0,1,0,0,4.59738E+20,5.42713E+21,8.44958E+15,4.89958E+16
112305,112306,8,1,36,88,2016,4,15,2,3,3,6,0,0,1,1,0,0,0,0,5.78259E+20,5.40927E+21,1.00664E+16,4.88315E+16
112306,112307,8,2,26,96,2016,4,15,5,3,4,2,0,0,1,1,0,0,0,0,4.75332E+20,5.48636E+21,8.65912E+15,4.95294E+16
112307,112308,8,4,21,0,2016,4,15,4,2,5,3,0,0,1,1,0,0,0,0,5.73091E+20,5.36133E+21,9.98751E+15,4.84009E+16
112308,112309,8,4,16,36,2016,4,10,5,3,4,2,0,0,0,1,0,1,0,0,4.96254E+20,5.36946E+21,8.94931E+15,4.84782E+16
112309,112310,8,2,16,49,2016,4,16,3,3,2,6,0,0,1,1,0,0,0,0,4.38602E+20,5.40131E+21,8.16454E+15,4.87618E+16
112310,112311,8,1,19,76,2016,4,19,5,3,1,1,0,0,0,1,0,0,1,0,5.41388E+20,5.40641E+21,9.5637E+15,4.88093E+16
112311,112312,8,1,18,80,2016,4,15,7,3,5,2,0,1,0,1,0,0,0,0,5.06816E+20,5.41122E+21,9.09292E+15,4.88539E+16
112312,112313,8,1,17,19,2016,4,12,2,2,4,3,0,0,0,1,0,0,0,0,5.50193E+20,5.39408E+21,9.68212E+15,4.86977E+16
112313,112314,8,1,19,8,2016,4,14,5,3,2,6,0,0,0,1,0,0,0,0,5.31989E+20,5.4203E+21,9.43678E+15,4.89348E+16
112314,112315,8,1,16,76,2016,4,10,6,2,0,1,0,0,1,0,0,0,0,0,5.28897E+20,5.40303E+21,9.39334E+15,4.87796E+16
112315,112316,8,1,15,21,2016,4,2,7,1,9,7,2,1,0,1,0,0,0,0,4.9262E+20,5.3805E+21,8.89995E+15,4.85775E+16
112316,112317,8,2,16,43,2016,4,7,2,3,6,3,0,0,0,1,1,0,0,0,4.4163E+20,5.41246E+21,8.20416E+15,4.88623E+16
112317,112318,8,3,36,91,2016,4,5,4,2,5,3,2,0,1,1,0,0,0,0,3.96987E+20,5.27213E+21,7.62974E+15,4.75944E+16
112318,112319,8,3,36,69,2016,4,13,7,3,5,3,0,1,0,1,0,0,0,0,4.04969E+20,5.26738E+21,7.73691E+15,4.75529E+16
112319,112320,8,2,36,40,2016,4,20,4,3,6,4,0,0,0,1,1,0,0,0,4.88709E+20,5.42158E+21,8.84579E+15,4.8947E+16
112320,112321,8,1,17,33,2016,4,12,3,3,6,7,0,0,0,0,1,0,0,1,5.58872E+20,5.38755E+21,9.79913E+15,4.86383E+16
112321,112322,8,1,19,79,2016,4,7,2,3,0,1,0,1,0,0,0,1,0,0,5.22447E+20,5.40941E+21,9.3059E+15,4.88372E+16
112322,112323,8,2,22,0,2016,4,22,5,3,3,6,2,0,1,1,0,0,0,0,4.64982E+20,5.48398E+21,8.5163E+15,4.95074E+16
112323,112324,8,1,15,41,2016,4,15,4,3,4,7,0,0,0,1,0,0,0,0,4.95093E+20,5.40121E+21,8.93323E+15,4.87638E+16
112324,112325,8,4,36,81,2016,4,18,4,3,5,2,0,0,1,1,0,0,0,0,5.60072E+20,5.28299E+21,9.80064E+15,4.76975E+16
112325,112326,8,1,16,19,2016,4,7,6,2,6,4,0,0,0,1,1,0,0,0,5.26826E+20,5.39717E+21,9.36477E+15,4.87269E+16
112326,112327,8,4,36,55,2016,4,14,6,3,9,1,0,0,0,1,0,1,0,0,5.74257E+20,5.30027E+21,9.99262E+15,4.78515E+16
112327,112328,8,4,37,59,2016,4,14,1,3,2,2,0,0,0,1,0,0,0,0,5.12506E+20,5.32377E+21,9.16787E+15,4.80671E+16
112328,112329,8,2,16,43,2016,4,10,7,3,5,3,0,1,1,1,0,0,0,0,4.41254E+20,5.4118E+21,8.19913E+15,4.88564E+16
112329,112330,8,1,25,56,2016,4,16,3,3,5,7,0,0,0,1,0,1,0,0,5.11151E+20,5.43585E+21,9.15269E+15,4.90754E+16
112330,112331,8,1,18,80,2016,4,7,2,3,2,6,0,0,0,1,0,0,0,0,5.06921E+20,5.41117E+21,9.09435E+15,4.88535E+16
112331,112332,8,2,26,98,2016,4,11,7,2,5,3,0,1,0,1,0,0,0,0,4.766E+20,5.45937E+21,8.67823E+15,4.92867E+16
112332,112333,8,1,19,8,2016,4,5,3,3,5,3,2,0,1,1,0,0,0,0,5.31897E+20,5.42159E+21,9.43562E+15,4.89464E+16
112333,112334,8,1,16,68,2016,4,6,2,3,5,3,1,0,1,1,0,0,0,0,5.26514E+20,5.38937E+21,9.36003E+15,4.86568E+16
112334,112335,8,1,16,56,2016,4,15,4,2,0,1,0,0,1,0,0,0,0,0,5.31434E+20,5.39479E+21,9.42725E+15,4.87054E+16
112335,112336,8,4,36,69,2016,4,19,4,3,6,7,0,0,0,1,1,0,0,0,5.52974E+20,5.29383E+21,9.70736E+15,4.77957E+16
112336,112337,8,3,35,43,2016,4,9,6,3,3,6,0,0,1,0,0,0,1,0,5.13394E+20,5.28098E+21,9.17846E+15,4.76821E+16
112337,112338,8,4,16,41,2016,4,9,5,3,3,6,0,0,1,0,0,0,0,0,5.04544E+20,5.37491E+21,9.06154E+15,4.85273E+16
112338,112339,8,1,18,46,2016,4,7,3,3,5,3,0,0,1,1,0,0,0,0,5.14338E+20,5.41211E+21,9.19548E+15,4.88618E+16
112339,112340,8,1,16,33,2016,4,15,2,2,0,1,0,1,1,0,0,0,0,0,5.33696E+20,5.38975E+21,9.45758E+15,4.86599E+16
112340,112341,8,1,18,48,2016,5,12,3,3,5,2,0,0,0,1,0,0,0,0,5.13748E+20,5.41606E+21,9.18757E+15,4.88973E+16
112341,112342,8,2,21,0,2016,4,12,5,3,0,7,0,0,0,1,0,0,0,0,4.7689E+20,5.46979E+21,8.6816E+15,4.93803E+16
112342,112343,8,1,19,8,2016,4,14,7,2,8,1,0,0,0,1,0,0,0,0,5.32892E+20,5.42164E+21,9.44922E+15,4.89468E+16
112343,112344,8,4,21,0,2016,4,14,7,3,2,6,0,0,0,1,0,0,0,0,5.72296E+20,5.36076E+21,9.97668E+15,4.83959E+16
112344,112345,8,2,37,40,2016,4,20,4,2,1,5,2,1,0,0,0,1,1,0,4.77904E+20,5.3673E+21,8.70113E+15,4.84585E+16
112345,112346,8,1,11,0,2016,5,16,2,3,2,6,0,0,0,1,0,0,0,0,5.09574E+20,5.39736E+21,9.13019E+15,4.87292E+16
112346,112347,8,2,16,43,2016,5,7,2,3,5,2,0,0,1,1,0,0,0,0,4.41839E+20,5.4109E+21,8.20723E+15,4.88483E+16
112347,112348,8,2,22,0,2016,4,16,3,2,6,4,0,0,0,1,1,0,0,0,4.61553E+20,5.48201E+21,8.46914E+15,4.94895E+16
112348,112349,8,3,36,50,2016,4,9,6,3,1,5,0,0,0,1,0,0,0,0,3.99412E+20,5.27335E+21,7.66171E+15,4.76058E+16
112349,112350,8,4,26,87,2016,5,14,2,3,5,3,0,0,1,1,0,0,0,0,5.70932E+20,5.32469E+21,9.95221E+15,4.80715E+16
112350,112351,8,3,27,50,2016,5,16,2,3,2,6,0,0,0,1,0,0,0,0,4.87328E+20,5.31341E+21,8.83021E+15,4.79739E+16
112351,112352,8,1,16,49,2016,4,6,7,3,8,1,1,0,0,1,0,0,0,0,5.25048E+20,5.38545E+21,9.33988E+15,4.86216E+16
112352,112353,8,2,11,0,2016,4,8,6,3,5,3,0,0,0,1,0,0,0,0,4.44349E+20,5.40047E+21,8.24285E+15,4.87548E+16
112353,112354,8,2,15,66,2016,4,18,3,3,5,3,0,0,1,1,0,0,0,0,4.61467E+20,5.45477E+21,8.47057E+15,4.92445E+16
112354,112355,8,3,17,96,2016,4,8,4,3,5,3,0,0,1,1,0,0,0,0,4.2028E+20,5.36864E+21,7.92156E+15,4.84658E+16
112355,112356,8,3,35,75,2016,5,19,1,3,1,1,0,1,0,1,0,0,0,1,4.9156E+20,5.28941E+21,8.88739E+15,4.7758E+16
112356,112357,8,1,36,88,2016,4,14,6,3,2,2,0,0,0,1,0,0,0,0,5.81038E+20,5.41251E+21,1.01049E+16,4.88602E+16
112357,112358,8,4,25,72,2016,4,19,6,3,0,7,0,1,1,0,0,0,0,1,5.8378E+20,5.37293E+21,1.01342E+16,4.85039E+16
112358,112359,8,3,17,65,2016,4,14,4,3,2,6,0,0,0,1,0,0,0,0,4.16579E+20,5.35499E+21,7.87421E+15,4.83426E+16
112359,112360,8,3,35,43,2016,5,22,1,3,5,3,2,0,1,1,0,0,0,0,5.13225E+20,5.2799E+21,9.17617E+15,4.76723E+16
112360,112361,8,1,27,76,2016,4,9,6,2,8,1,0,0,0,1,0,0,0,0,5.50318E+20,5.43673E+21,9.68907E+15,4.90813E+16
112361,112362,8,2,12,0,2016,5,20,2,3,5,3,1,0,0,1,0,0,0,0,4.52104E+20,5.43108E+21,8.34477E+15,4.90308E+16
112362,112363,8,2,15,97,2016,4,3,3,3,8,1,2,1,0,1,0,0,0,0,4.80284E+20,5.44289E+21,8.7297E+15,4.91385E+16
112363,112364,8,3,11,0,2016,4,17,6,3,5,7,0,0,1,0,0,1,0,0,4.11722E+20,5.31684E+21,7.8166E+15,4.79988E+16
112364,112365,8,3,17,146,2016,5,9,2,3,5,3,0,0,0,1,0,0,0,1,4.30783E+20,5.35528E+21,8.06581E+15,4.83469E+16
112365,112366,8,1,17,26,2016,4,18,5,3,2,6,0,0,0,1,0,0,0,0,5.47394E+20,5.39541E+21,9.64424E+15,4.871E+16
112366,112367,8,1,19,91,2016,4,6,6,2,6,2,0,0,0,1,1,0,0,0,5.2721E+20,5.40672E+21,9.37062E+15,4.88129E+16
112367,112368,8,2,12,0,2016,4,8,3,3,2,6,0,1,0,1,0,0,0,0,4.59886E+20,5.43232E+21,8.4511E+15,4.90424E+16
112368,112369,8,3,17,118,2016,4,13,4,3,5,3,0,0,0,1,0,0,0,0,4.34441E+20,5.38515E+21,8.1105E+15,4.8616E+16
112369,112370,8,3,17,1,2016,5,20,1,2,0,7,0,1,1,0,0,0,0,0,4.31542E+20,5.38637E+21,8.07097E+15,4.86266E+16
112370,112371,8,1,19,20,2016,4,4,6,3,5,3,2,0,0,1,0,0,0,0,5.19768E+20,5.40803E+21,9.26932E+15,4.88249E+16
112371,112372,8,2,12,0,2016,4,16,5,3,5,3,0,0,1,0,0,0,0,1,4.58756E+20,5.42935E+21,8.43594E+15,4.90156E+16
112372,112373,8,4,16,22,2016,4,18,7,3,5,3,0,0,0,1,0,0,0,0,5.10914E+20,5.37491E+21,9.14782E+15,4.85272E+16
112373,112374,8,4,37,104,2016,5,19,2,3,0,2,1,0,0,1,0,1,0,0,5.17457E+20,5.32637E+21,9.23443E+15,4.80903E+16