FID,OBJECTID,ULAND,UREGBEZ,UKREIS,UGEMEINDE,UJAHR,UMONAT,USTUNDE,UWOCHENTAG,UKATEGORIE,UART,UTYP1,ULICHTVERH,IstStrasse,IstRad,IstPKW,IstFuss,IstKrad,IstGkfz,IstSonstig,LINREFX,LINREFY,XGCSWGS84,YGCSWGS84
112374,112375,8,3,16,56,2016,5,8,2,3,2,6,0,0,0,1,0,0,0,0,4.236E+20,5.32871E+21,7.97368E+15,4.81071E+16
112375,112376,8,1,16,19,2016,4,13,5,3,1,7,0,1,1,1,0,0,0,0,5.23012E+20,5.39957E+21,9.31304E+15,4.87488E+16
112376,112377,8,1,36,88,2016,4,21,3,3,8,1,2,0,0,1,0,0,0,0,5.81049E+20,5.41077E+21,1.01047E+16,4.88446E+16
112377,112378,8,3,11,0,2016,4,10,4,2,0,1,0,1,1,0,0,0,0,0,4.14659E+20,5.31544E+21,7.85624E+15,4.79865E+16
112378,112379,8,1,19,20,2016,4,14,6,2,5,3,0,0,0,1,0,1,0,0,5.19702E+20,5.40684E+21,9.26837E+15,4.88142E+16
112379,112380,8,1,21,0,2016,5,7,3,1,5,2,0,0,1,0,0,0,1,0,5.15269E+20,5.4463E+21,9.20946E+15,4.91693E+16
112380,112381,8,2,25,82,2016,4,18,5,3,1,6,0,0,0,1,0,0,0,0,5.35065E+20,5.48322E+21,9.48429E+15,4.95006E+16
112381,112382,8,1,16,78,2016,4,15,7,3,0,7,0,0,0,1,0,1,0,0,5.12391E+20,5.39366E+21,9.16839E+15,4.86958E+16
112382,112383,8,4,16,41,2016,4,18,7,3,0,2,0,1,0,1,0,1,0,0,5.06674E+20,5.37483E+21,9.0904E+15,4.85266E+16
112383,112384,8,3,11,0,2016,4,14,4,3,5,3,0,0,1,0,0,0,0,0,4.1197E+20,5.31773E+21,7.81974E+15,4.80068E+16
112384,112385,8,3,11,0,2016,5,16,2,3,5,3,0,0,1,0,0,0,0,0,4.14726E+20,5.31806E+21,7.85662E+15,4.80102E+16
112385,112386,8,1,16,19,2016,4,14,5,3,9,1,0,1,1,0,0,0,0,0,5.25231E+20,5.39664E+21,9.34305E+15,4.87222E+16
112386,112387,8,1,35,19,2016,4,15,3,2,6,4,0,0,0,1,1,0,0,0,5.84766E+20,5.39246E+21,1.01516E+16,4.86795E+16
112387,112388,8,2,35,46,2016,4,14,4,3,1,6,0,1,0,1,0,0,0,0,4.80268E+20,5.37663E+21,8.73266E+15,4.85425E+16
112388,112389,8,1,36,42,2016,4,21,6,1,5,3,2,0,0,1,0,1,0,0,5.49364E+20,5.4051E+21,9.67218E+15,4.8797E+16
112389,112390,8,1,16,80,2016,5,12,3,3,6,4,0,0,0,1,1,0,0,0,5.21994E+20,5.39534E+21,9.29898E+15,4.87107E+16
112390,112391,8,3,11,0,2016,4,12,6,3,5,2,0,0,1,1,0,0,0,0,4.04282E+20,5.31976E+21,7.71623E+15,4.80239E+16
112391,112392,8,2,12,0,2016,4,18,5,3,2,2,0,0,0,1,0,0,0,0,4.53081E+20,5.42878E+21,8.3584E+15,4.90101E+16
112392,112393,8,1,11,0,2016,4,23,7,2,6,2,2,1,0,1,1,0,0,0,5.13295E+20,5.40191E+21,9.18093E+15,4.87701E+16
112393,112394,8,3,37,126,2016,4,8,7,3,5,2,0,0,1,1,0,0,0,0,4.41292E+20,5.27477E+21,8.21865E+15,4.76236E+16
112394,112395,8,2,36,40,2016,4,15,4,3,2,6,0,0,0,1,0,0,0,0,4.88285E+20,5.42174E+21,8.84E+15,4.89485E+16
112395,112396,8,3,16,14,2016,5,18,1,3,6,7,0,0,1,0,1,0,0,0,4.24762E+20,5.32968E+21,7.98911E+15,4.81159E+16
112396,112397,8,1,27,14,2016,5,18,2,2,5,3,0,0,1,1,0,0,0,0,5.75716E+20,5.4436E+21,1.00381E+16,4.91406E+16
112397,112398,8,1,21,0,2016,4,15,3,2,5,3,0,0,1,1,0,0,0,0,5.15819E+20,5.44275E+21,9.21687E+15,4.91373E+16
112398,112399,8,3,11,0,2016,4,16,6,3,3,2,0,0,1,1,0,0,0,0,4.14098E+20,5.31611E+21,7.84858E+15,4.79925E+16
112399,112400,8,4,26,21,2016,5,9,2,3,6,7,0,0,0,1,1,0,0,0,5.58781E+20,5.32765E+21,9.78951E+15,4.80994E+16
112400,112401,8,1,19,44,2016,5,10,2,3,5,3,0,0,0,1,0,1,0,0,5.44297E+20,5.42502E+21,9.60534E+15,4.89765E+16
112401,112402,8,1,19,79,2016,4,7,3,3,6,4,0,1,0,1,1,0,0,0,5.2273E+20,5.40807E+21,9.30968E+15,4.88252E+16
112402,112403,8,2,22,0,2016,4,13,4,3,5,3,0,0,0,1,0,1,0,0,4.61955E+20,5.47746E+21,8.47513E+15,4.94486E+16
112403,112404,8,1,11,0,2016,5,10,3,3,0,4,0,0,0,0,1,0,0,1,5.13631E+20,5.40864E+21,9.18573E+15,4.88306E+16
112404,112405,8,3,11,0,2016,4,5,6,3,1,5,1,0,0,1,0,0,0,0,4.14037E+20,5.31794E+21,7.84741E+15,4.8009E+16
112405,112406,8,4,21,0,2016,5,21,2,3,5,3,2,0,0,1,0,1,0,0,5.70646E+20,5.36112E+21,9.95444E+15,4.83993E+16
112406,112407,8,1,19,91,2016,4,15,5,3,5,3,0,0,1,1,0,0,0,0,5.2716E+20,5.4063E+21,9.36992E+15,4.88091E+16
112407,112408,8,1,11,0,2016,4,11,7,3,0,7,0,0,0,1,1,0,0,0,5.07912E+20,5.39601E+21,9.10756E+15,4.87171E+16
112408,112409,8,1,18,48,2016,4,1,6,3,0,6,2,0,0,1,0,0,0,1,5.11692E+20,5.41736E+21,9.15956E+15,4.8909E+16
112409,112410,8,2,21,0,2016,4,15,4,3,1,3,0,1,0,1,0,1,0,0,4.764E+20,5.46968E+21,8.67487E+15,4.93793E+16
112410,112411,8,3,16,56,2016,5,20,1,3,5,3,2,1,0,1,0,0,0,0,4.2292E+20,5.32728E+21,7.9648E+15,4.80942E+16
112411,112412,8,1,18,48,2016,4,11,6,3,2,7,0,0,1,1,0,0,0,0,5.1437E+20,5.41561E+21,9.19605E+15,4.88933E+16
112412,112413,8,1,19,44,2016,5,9,2,3,9,1,0,0,0,1,0,0,0,0,5.47737E+20,5.42538E+21,9.65239E+15,4.89795E+16
112413,112414,8,1,19,79,2016,4,8,3,2,6,4,0,1,0,1,1,0,0,0,5.22572E+20,5.40816E+21,9.30754E+15,4.8826E+16
112414,112415,8,2,37,28,2016,4,15,6,3,5,3,0,0,0,1,0,0,0,0,4.56174E+20,5.36905E+21,8.40704E+15,4.84731E+16
112415,112416,8,4,36,64,2016,5,15,2,3,5,3,0,0,0,1,0,0,0,0,5.45546E+20,5.29084E+21,9.60788E+15,4.77693E+16
112416,112417,8,3,11,0,2016,5,11,2,3,1,6,0,0,1,1,0,0,0,0,4.13511E+20,5.31697E+21,7.84054E+15,4.80002E+16
112417,112418,8,1,15,3,2016,4,14,5,3,1,5,0,0,1,1,0,0,0,0,5.00821E+20,5.39154E+21,9.01115E+15,4.86769E+16
112418,112419,8,3,11,0,2016,5,19,2,3,8,1,0,0,1,0,0,0,0,0,4.13524E+20,5.3161E+21,7.8409E+15,4.79924E+16
112419,112420,8,1,15,3,2016,4,16,5,3,1,3,0,0,1,1,0,0,0,0,5.00723E+20,5.39301E+21,9.00983E+15,4.86901E+16
112420,112421,8,4,36,64,2016,4,8,6,2,0,1,0,0,1,0,0,0,0,0,5.44496E+20,5.28933E+21,9.5937E+15,4.77558E+16
112421,112422,8,1,18,79,2016,4,13,6,3,5,3,0,0,1,1,0,0,0,0,5.09117E+20,5.42284E+21,9.12454E+15,4.89584E+16
112422,112423,8,1,18,48,2016,4,14,3,3,0,7,0,0,0,1,1,0,0,0,5.19827E+20,5.4175E+21,9.27058E+15,4.89101E+16
112423,112424,8,2,16,7,2016,4,13,4,3,5,3,0,0,1,1,0,0,0,0,4.3609E+20,5.39501E+21,8.13134E+15,4.87048E+16
112424,112425,8,2,12,0,2016,5,20,1,3,6,4,1,0,1,0,1,0,0,0,4.54973E+20,5.42882E+21,8.38427E+15,4.90106E+16
112425,112426,8,1,17,24,2016,4,19,6,3,4,2,0,0,0,1,0,1,0,0,5.60632E+20,5.38636E+21,9.82284E+15,4.86274E+16
112426,112427,8,3,37,96,2016,4,13,7,3,5,3,0,0,0,1,0,0,0,0,4.19656E+20,5.26685E+21,7.93218E+15,4.75501E+16
112427,112428,8,2,12,0,2016,5,18,2,3,5,2,0,0,1,1,0,0,0,0,4.54363E+20,5.42833E+21,8.37598E+15,4.90061E+16
112428,112429,8,1,11,0,2016,4,9,5,3,6,7,0,1,0,0,0,0,0,1,5.13454E+20,5.40324E+21,9.18315E+15,4.8782E+16
112429,112430,8,1,16,78,2016,4,15,3,3,5,3,0,0,0,1,0,0,0,0,5.13826E+20,5.39298E+21,9.18786E+15,4.86897E+16
112430,112431,8,2,12,0,2016,4,9,4,3,3,6,0,0,1,1,0,0,0,0,4.55047E+20,5.42996E+21,8.38515E+15,4.90208E+16
112431,112432,8,1,19,20,2016,5,14,3,2,0,7,0,1,0,0,1,0,0,1,5.20336E+20,5.40627E+21,9.27698E+15,4.88091E+16
112432,112433,8,1,15,45,2016,4,13,3,3,2,6,0,0,0,1,0,0,0,1,5.01955E+20,5.39433E+21,9.02656E+15,4.8702E+16
112433,112434,8,1,26,11,2016,4,11,4,3,8,1,0,0,1,0,0,0,0,0,5.31495E+20,5.4465E+21,9.43207E+15,4.91705E+16
112434,112435,8,1,16,20,2016,4,13,6,3,5,3,0,0,0,1,0,0,0,0,5.26243E+20,5.38248E+21,9.35592E+15,4.85949E+16
112435,112436,8,2,15,108,2016,4,8,5,3,4,6,0,1,1,0,0,0,0,0,4.49432E+20,5.42454E+21,8.30902E+15,4.89717E+16
112436,112437,8,3,37,116,2016,4,16,7,3,6,4,0,0,0,1,1,0,0,0,4.174E+20,5.27632E+21,7.90042E+15,4.7635E+16
112437,112438,8,1,11,0,2016,4,11,5,2,0,1,0,1,0,0,0,1,0,0,5.14621E+20,5.40405E+21,9.19905E+15,4.87893E+16
112438,112439,8,1,18,48,2016,5,17,2,3,5,3,0,0,1,1,0,0,0,0,5.12475E+20,5.41556E+21,9.17019E+15,4.88929E+16
112439,112440,8,1,11,0,2016,4,11,3,3,0,2,0,0,0,1,0,0,0,1,5.14397E+20,5.40409E+21,9.19601E+15,4.87896E+16
112440,112441,8,1,19,67,2016,4,10,4,3,5,3,0,0,0,1,0,0,0,0,5.40401E+20,5.4085E+21,9.55047E+15,4.88281E+16
112441,112442,8,1,11,0,2016,5,16,3,3,3,6,0,0,0,1,0,1,0,0,5.12699E+20,5.40802E+21,9.17301E+15,4.8825E+16
112442,112443,8,2,35,46,2016,4,11,6,3,4,2,0,0,0,1,0,0,0,0,4.7985E+20,5.37798E+21,8.72694E+15,4.85546E+16
112443,112444,8,4,16,41,2016,5,17,2,3,5,3,0,0,1,1,0,0,0,0,5.04134E+20,5.37737E+21,9.05602E+15,4.85494E+16
112444,112445,8,1,36,21,2016,4,9,5,3,2,2,0,1,0,1,0,0,0,0,5.76748E+20,5.4081E+21,1.00456E+16,4.88212E+16
112445,112446,8,4,36,10,2016,4,18,6,3,2,6,0,0,0,1,0,0,0,0,5.66748E+20,5.3067E+21,9.89325E+15,4.79101E+16
112446,112447,8,3,35,79,2016,4,18,7,2,0,1,0,0,1,0,0,0,0,0,5.01027E+20,5.29999E+21,9.01373E+15,4.78532E+16
112447,112448,8,1,16,77,2016,4,18,6,3,5,3,0,0,0,1,0,0,0,0,5.15973E+20,5.39088E+21,9.21695E+15,4.86708E+16
112448,112449,8,1,17,55,2016,4,8,4,3,0,1,0,0,0,0,0,1,0,0,5.44632E+20,5.3967E+21,9.60683E+15,4.87217E+16
112449,112450,8,2,26,76,2016,5,20,1,3,0,7,1,0,0,0,0,0,0,1,4.75183E+20,5.46657E+21,8.6583E+15,4.93514E+16
112450,112451,8,2,22,0,2016,4,10,5,3,5,3,0,0,0,1,0,0,0,0,4.6141E+20,5.48437E+21,8.46692E+15,4.95107E+16
112451,112452,8,4,25,141,2016,4,16,6,3,0,3,0,0,0,1,0,1,0,0,5.68006E+20,5.36286E+21,9.91907E+15,4.84152E+16
112452,112453,8,3,26,74,2016,4,15,7,3,0,7,0,0,1,0,0,0,0,0,4.59836E+20,5.32306E+21,8.46096E+15,4.80596E+16
112453,112454,8,1,17,26,2016,4,14,4,3,1,3,0,0,1,0,0,0,0,1,5.46989E+20,5.39484E+21,9.63867E+15,4.87049E+16
112454,112455,8,1,18,48,2016,5,8,2,3,5,3,0,0,0,1,0,0,0,0,5.1605E+20,5.41818E+21,9.21907E+15,4.89164E+16
112455,112456,8,4,36,64,2016,4,11,2,3,2,6,0,1,0,1,0,0,0,0,5.46287E+20,5.29277E+21,9.61797E+15,4.77867E+16
112456,112457,8,1,11,0,2016,5,16,3,3,1,5,0,0,0,1,0,0,0,1,5.14151E+20,5.40356E+21,9.19264E+15,4.87849E+16
112457,112458,8,2,26,60,2016,4,17,6,2,5,3,0,0,0,1,0,1,0,0,4.76964E+20,5.46367E+21,8.68298E+15,4.93253E+16
112458,112459,8,4,15,39,2016,5,16,2,3,0,7,0,0,0,1,0,0,0,1,5.2966E+20,5.37429E+21,9.40168E+15,4.8521E+16
112459,112460,8,2,35,46,2016,5,13,2,3,2,6,0,0,0,1,0,0,0,0,4.7971E+20,5.37726E+21,8.72508E+15,4.85481E+16
112460,112461,8,4,17,31,2016,4,19,6,3,8,1,0,0,0,0,0,1,0,0,4.98877E+20,5.35249E+21,8.98485E+15,4.83256E+16
112461,112462,8,1,16,72,2016,4,23,6,1,8,1,2,0,0,0,0,1,0,0,5.3113E+20,5.39351E+21,9.42302E+15,4.86939E+16
112462,112463,8,4,36,55,2016,4,1,2,3,8,1,2,1,0,1,0,0,0,0,5.77201E+20,5.29688E+21,1.00314E+16,4.78207E+16
112463,112464,8,1,16,19,2016,4,7,4,3,6,4,0,0,0,1,1,0,0,0,5.2348E+20,5.39615E+21,9.31922E+15,4.87179E+16
112464,112465,8,2,22,0,2016,5,13,1,3,2,6,0,0,0,1,0,0,0,0,4.6207E+20,5.48147E+21,8.47632E+15,4.94847E+16
112465,112466,8,1,11,0,2016,4,15,6,3,2,6,0,0,0,1,0,0,0,0,5.13222E+20,5.40341E+21,9.17999E+15,4.87835E+16
112466,112467,8,4,21,0,2016,4,11,2,3,2,6,0,0,0,1,0,0,0,0,5.70418E+20,5.36388E+21,9.95183E+15,4.84241E+16
112467,112468,8,1,11,0,2016,4,8,6,3,6,4,0,0,0,0,1,0,0,1,5.09E+20,5.39718E+21,9.12238E+15,4.87275E+16
112468,112469,8,1,18,71,2016,5,21,2,3,5,3,2,0,0,1,0,0,0,0,5.10289E+20,5.41916E+21,9.14046E+15,4.89253E+16
112469,112470,8,4,25,14,2016,4,16,2,3,5,3,0,0,0,1,0,1,0,0,5.7275E+20,5.37029E+21,9.98446E+15,4.84815E+16
112470,112471,8,2,26,95,2016,4,9,6,2,5,3,0,0,1,1,0,0,0,0,4.73477E+20,5.46174E+21,8.63513E+15,4.93078E+16
112471,112472,8,2,35,85,2016,5,16,2,3,5,2,0,0,1,1,0,0,0,0,4.8278E+20,5.39338E+21,8.766E+15,4.86932E+16
112472,112473,8,4,21,0,2016,4,12,4,3,5,3,0,0,0,1,0,0,0,0,5.74219E+20,5.36179E+21,1.00028E+16,4.84049E+16
112473,112474,8,1,11,0,2016,4,10,6,3,2,6,0,0,0,1,0,0,1,0,5.08054E+20,5.39924E+21,9.10956E+15,4.87461E+16
112474,112475,8,4,17,25,2016,4,19,2,3,0,1,1,0,1,0,0,0,0,0,4.87399E+20,5.35375E+21,8.82997E+15,4.83368E+16
112475,112476,8,4,36,64,2016,4,18,3,2,0,7,0,1,1,0,0,0,0,0,5.45302E+20,5.29082E+21,9.60461E+15,4.77691E+16
112476,112477,8,2,22,0,2016,5,16,1,3,6,7,0,0,1,0,1,0,0,0,4.62193E+20,5.48158E+21,8.47801E+15,4.94857E+16
112477,112478,8,4,37,76,2016,4,11,5,3,5,2,0,0,0,1,0,0,0,0,5.24561E+20,5.32172E+21,9.32956E+15,4.80483E+16
112478,112479,8,3,15,47,2016,4,10,5,3,5,3,0,0,1,1,0,0,0,0,4.15348E+20,5.32104E+21,7.86436E+15,4.80371E+16
112479,112480,8,3,17,121,2016,4,15,7,2,8,1,0,0,0,0,0,1,0,0,4.26519E+20,5.34326E+21,8.01037E+15,4.82383E+16
112480,112481,8,2,31,0,2016,5,5,2,3,2,6,0,0,0,1,0,0,0,0,4.78268E+20,5.41524E+21,8.70354E+15,4.88897E+16
112481,112482,8,4,25,33,2016,4,21,4,3,5,3,2,0,0,1,0,1,0,0,5.542E+20,5.34829E+21,9.73063E+15,4.82855E+16
112482,112483,8,4,17,79,2016,4,16,4,3,5,3,0,0,0,1,0,0,0,0,5.00945E+20,5.33987E+21,9.01272E+15,4.8212E+16
112483,112484,8,4,17,2,2016,4,13,2,2,1,5,0,1,1,1,0,0,0,0,4.91561E+20,5.3469E+21,8.88626E+15,4.82752E+16
112484,112485,8,4,35,16,2016,4,16,3,2,5,3,0,1,1,1,0,0,0,0,5.36797E+20,5.27871E+21,9.49009E+15,4.76607E+16
112485,112486,8,4,36,9,2016,4,7,5,3,8,6,0,0,0,1,0,0,0,0,5.52677E+20,5.30793E+21,9.70512E+15,4.79226E+16
112486,112487,8,2,15,108,2016,5,9,3,3,6,7,0,1,0,1,1,0,0,0,4.49363E+20,5.42373E+21,8.30818E+15,4.89644E+16
112487,112488,8,2,26,85,2016,4,9,5,3,6,4,0,1,0,1,1,0,0,0,4.92269E+20,5.45576E+21,8.89376E+15,4.92546E+16
112488,112489,8,4,16,11,2016,4,16,6,3,2,2,0,0,0,1,0,1,0,0,5.0442E+20,5.36628E+21,9.05978E+15,4.84497E+16
112489,112490,8,3,17,57,2016,4,11,7,3,5,3,0,0,1,1,0,0,0,0,4.13702E+20,5.38404E+21,7.8294E+15,4.86034E+16
112490,112491,8,4,16,41,2016,4,12,3,3,5,7,0,1,1,1,0,0,0,0,5.04221E+20,5.3737E+21,9.05716E+15,4.85164E+16
112491,112492,8,1,17,19,2016,5,19,2,3,2,6,0,0,0,1,0,0,0,0,5.52175E+20,5.3946E+21,9.70911E+15,4.87023E+16
112492,112493,8,4,16,41,2016,4,7,2,3,5,3,0,0,0,1,0,0,0,0,5.05826E+20,5.37536E+21,9.07891E+15,4.85313E+16
112493,112494,8,4,16,41,2016,4,9,3,3,0,7,0,1,0,1,0,1,0,0,5.0447E+20,5.37354E+21,9.06052E+15,4.85149E+16
112494,112495,8,1,11,0,2016,5,17,3,3,3,6,0,1,0,1,0,0,1,0,5.13593E+20,5.4043E+21,9.18507E+15,4.87915E+16
112495,112496,8,2,22,0,2016,4,17,6,3,5,3,0,0,1,1,0,0,0,0,4.60634E+20,5.48886E+21,8.45576E+15,4.9551E+16
112496,112497,8,4,15,61,2016,4,13,2,3,5,3,0,1,0,1,0,0,0,0,5.15768E+20,5.36979E+21,9.21338E+15,4.84811E+16
112497,112498,8,4,15,61,2016,4,15,3,3,4,6,0,1,0,1,0,0,0,0,5.14718E+20,5.37322E+21,9.19929E+15,4.85119E+16
112498,112499,8,1,17,26,2016,5,19,3,3,5,3,0,0,0,1,0,0,0,0,5.46795E+20,5.39487E+21,9.63604E+15,4.87051E+16
112499,112500,8,2,22,0,2016,4,7,6,3,5,3,0,0,1,1,0,0,0,0,4.6224E+20,5.47877E+21,8.47893E+15,4.94604E+16
112500,112501,8,2,15,7,2016,4,11,5,3,5,3,0,1,0,1,0,0,0,0,4.77996E+20,5.43201E+21,8.69891E+15,4.90406E+16
112501,112502,8,4,16,15,2016,4,14,6,3,4,2,0,0,0,1,0,0,0,0,5.07822E+20,5.36753E+21,9.10581E+15,4.84608E+16
112502,112503,8,3,11,0,2016,4,2,7,3,5,3,2,0,0,1,0,0,0,0,4.14359E+20,5.3178E+21,7.85175E+15,4.80077E+16
112503,112504,8,4,35,47,2016,4,17,3,2,5,3,0,1,0,0,0,1,0,1,5.1308E+20,5.29424E+21,9.17467E+15,4.78014E+16
112504,112505,8,1,21,0,2016,5,20,1,3,8,7,0,0,0,1,0,0,0,0,5.16252E+20,5.4434E+21,9.22284E+15,4.91432E+16
112505,112506,8,1,16,68,2016,5,15,2,3,4,2,0,0,1,1,0,0,0,0,5.26096E+20,5.38869E+21,9.35431E+15,4.86507E+16
112506,112507,8,4,15,53,2016,4,15,2,3,9,1,0,1,0,1,0,0,0,0,5.38207E+20,5.35632E+21,9.51578E+15,4.83589E+16
112507,112508,8,2,22,0,2016,4,15,6,3,4,2,0,0,1,1,0,0,0,0,4.60879E+20,5.48186E+21,8.45985E+15,4.94881E+16
112508,112509,8,3,35,43,2016,5,14,2,3,1,5,0,0,1,1,0,0,0,0,5.13805E+20,5.28022E+21,9.18392E+15,4.76752E+16
112509,112510,8,2,26,84,2016,5,18,2,3,1,6,0,0,0,1,0,0,0,0,4.6857E+20,5.46982E+21,8.56698E+15,4.93802E+16
112510,112511,8,3,35,75,2016,4,10,6,3,5,3,0,0,1,1,0,0,0,0,4.87835E+20,5.29002E+21,8.83767E+15,4.77634E+16
112511,112512,8,3,35,43,2016,5,13,2,3,6,4,0,0,0,1,1,0,0,0,5.13117E+20,5.27923E+21,9.17472E+15,4.76663E+16
112512,112513,8,1,27,9,2016,4,16,5,3,1,1,0,0,1,1,0,0,0,0,5.57984E+20,5.45039E+21,9.79601E+15,4.92036E+16
112513,112514,8,3,27,54,2016,4,19,6,2,0,1,0,0,0,0,0,1,0,0,4.8363E+20,5.31661E+21,8.78055E+15,4.80026E+16
112514,112515,8,2,37,40,2016,4,14,7,3,2,6,0,0,0,1,0,0,0,0,4.75772E+20,5.36812E+21,8.67224E+15,4.84658E+16
112515,112516,8,4,36,82,2016,4,15,5,3,2,6,0,0,0,1,0,0,0,1,5.4824E+20,5.29594E+21,9.6444E+15,4.7815E+16
112516,112517,8,3,27,49,2016,4,14,3,3,5,3,0,1,0,1,0,0,0,1,4.73079E+20,5.32425E+21,8.63861E+15,4.8071E+16
112517,112518,8,1,15,45,2016,5,13,1,2,4,6,0,0,1,1,0,0,0,0,5.01926E+20,5.39491E+21,9.02618E+15,4.87072E+16
112518,112519,8,4,35,16,2016,4,11,5,3,5,3,0,0,1,1,0,0,0,0,5.36501E+20,5.27775E+21,9.48606E+15,4.76521E+16
112519,112520,8,1,16,71,2016,5,8,2,3,5,3,0,0,1,1,0,0,0,0,5.28136E+20,5.39104E+21,9.38217E+15,4.86718E+16
112520,112521,8,3,27,50,2016,4,14,2,3,5,3,0,0,0,1,0,0,1,0,4.87238E+20,5.31467E+21,8.82897E+15,4.79852E+16
112521,112522,8,2,22,0,2016,4,13,6,2,1,5,0,0,0,1,0,0,0,0,4.66882E+20,5.48279E+21,8.54264E+15,4.94969E+16
112522,112523,8,2,26,84,2016,5,14,2,3,2,6,0,0,0,1,0,0,1,0,4.66893E+20,5.47292E+21,8.54363E+15,4.94081E+16
112523,112524,8,4,16,41,2016,4,20,4,3,4,6,0,0,0,1,0,0,0,0,5.05641E+20,5.3752E+21,9.0764E+15,4.85299E+16
112524,112525,8,3,17,57,2016,4,14,2,3,5,2,0,0,0,1,0,0,0,0,4.14537E+20,5.3796E+21,7.84163E+15,4.85637E+16
112525,112526,8,3,26,74,2016,4,0,3,3,7,7,2,1,1,0,0,0,0,0,4.59813E+20,5.32288E+21,8.46066E+15,4.80579E+16
112526,112527,8,4,26,87,2016,4,17,5,3,0,4,0,0,0,1,1,0,0,0,5.69965E+20,5.3251E+21,9.9393E+15,4.80753E+16
112527,112528,8,4,26,13,2016,4,19,5,2,6,4,0,0,0,1,1,0,0,0,5.4538E+20,5.32382E+21,9.60912E+15,4.8066E+16
112528,112529,8,3,17,57,2016,4,9,2,3,5,3,0,0,0,1,0,0,1,0,4.12421E+20,5.38195E+21,7.81247E+15,4.85845E+16
112529,112530,8,3,26,12,2016,4,12,3,3,5,3,0,1,0,1,0,0,0,0,4.63318E+20,5.31227E+21,8.5086E+15,4.79627E+16
112530,112531,8,1,11,0,2016,5,15,1,3,2,6,0,1,0,1,0,0,0,0,5.12959E+20,5.40715E+21,9.17652E+15,4.88172E+16
112531,112532,8,4,15,61,2016,4,7,5,3,5,3,0,0,1,1,0,0,0,0,5.15076E+20,5.37271E+21,9.20412E+15,4.85073E+16
112532,112533,8,1,15,3,2016,5,19,2,3,5,3,0,0,0,1,0,0,0,1,5.01511E+20,5.39366E+21,9.02054E+15,4.8696E+16
112533,112534,8,2,26,13,2016,5,14,2,3,2,6,0,0,0,1,0,0,0,0,4.98897E+20,5.47976E+21,8.98477E+15,4.94705E+16
112534,112535,8,4,15,14,2016,4,15,4,3,2,6,0,0,0,1,0,0,0,0,5.24624E+20,5.37534E+21,9.33353E+15,4.85307E+16
112535,112536,8,3,16,9,2016,4,14,2,2,0,7,0,0,0,1,0,0,0,0,4.16396E+20,5.32502E+21,7.87764E+15,4.8073E+16
112536,112537,8,3,17,57,2016,4,12,3,3,5,2,0,0,0,1,0,1,0,0,4.12511E+20,5.38011E+21,7.81406E+15,4.85679E+16
112537,112538,8,1,21,0,2016,5,9,3,2,6,7,0,0,0,1,1,0,0,0,5.16127E+20,5.44267E+21,9.22109E+15,4.91366E+16
112538,112539,8,2,21,0,2016,4,8,5,3,5,3,0,0,1,1,0,0,0,0,4.7476E+20,5.47412E+21,8.65198E+15,4.94193E+16
112539,112540,8,3,17,65,2016,4,15,6,3,5,3,0,0,1,0,0,1,0,0,4.14826E+20,5.35421E+21,7.85071E+15,4.83353E+16
112540,112541,8,2,26,41,2016,4,12,7,3,5,3,0,0,0,1,0,0,0,0,4.77253E+20,5.46625E+21,8.68681E+15,4.93485E+16
112541,112542,8,2,12,0,2016,4,15,5,2,0,7,0,0,0,0,0,0,0,1,4.54716E+20,5.42761E+21,8.38088E+15,4.89997E+16
112542,112543,8,2,25,58,2016,4,11,7,3,2,2,0,0,0,1,0,0,0,0,5.10785E+20,5.46669E+21,9.14851E+15,4.93528E+16
112543,112544,8,2,26,28,2016,5,12,2,2,5,3,0,0,1,1,0,0,0,0,4.71715E+20,5.48392E+21,8.6093E+15,4.95072E+16
112544,112545,8,3,36,50,2016,4,11,4,3,8,1,0,1,1,0,0,0,0,0,4.01886E+20,5.27666E+21,7.69388E+15,4.76359E+16
112545,112546,8,3,16,56,2016,4,13,2,3,1,7,0,1,0,1,0,0,0,0,4.22532E+20,5.3275E+21,7.95955E+15,4.8096E+16
112546,112547,8,3,15,74,2016,4,23,3,3,6,4,2,1,0,1,1,0,0,0,3.97491E+20,5.29588E+21,7.63086E+15,4.78081E+16
112547,112548,8,3,26,74,2016,4,7,5,3,6,4,0,0,0,1,1,0,0,0,4.59866E+20,5.32589E+21,8.46109E+15,4.8085E+16
112548,112549,8,1,15,3,2016,5,21,3,3,2,6,2,1,0,1,0,0,0,0,5.00719E+20,5.39297E+21,9.00977E+15,4.86897E+16
112549,112550,8,2,16,43,2016,4,16,6,3,5,3,0,0,1,1,0,0,0,0,4.41338E+20,5.412E+21,8.20024E+15,4.88582E+16
112550,112551,8,1,36,65,2016,4,16,5,3,5,3,0,1,0,1,0,0,0,0,5.56705E+20,5.40404E+21,9.77198E+15,4.87868E+16
112551,112552,8,3,17,1,2016,4,11,6,3,2,6,0,0,0,1,0,1,0,0,4.31606E+20,5.38695E+21,8.07174E+15,4.86319E+16