FID,OBJECTID,ULAND,UREGBEZ,UKREIS,UGEMEINDE,UJAHR,UMONAT,USTUNDE,UWOCHENTAG,UKATEGORIE,UART,UTYP1,ULICHTVERH,IstStrasse,IstRad,IstPKW,IstFuss,IstKrad,IstGkfz,IstSonstig,LINREFX,LINREFY,XGCSWGS84,YGCSWGS84
112552,112553,8,2,22,0,2016,4,18,7,3,2,2,0,0,0,1,0,0,0,0,4.60759E+20,5.48869E+21,8.4575E+15,4.95495E+16
112553,112554,8,3,26,74,2016,4,11,5,3,3,6,0,0,0,1,0,1,0,0,4.59341E+20,5.32446E+21,8.45418E+15,4.80721E+16
112554,112555,8,2,12,0,2016,4,5,3,3,5,3,2,1,1,1,0,0,0,0,4.55038E+20,5.4299E+21,8.38504E+15,4.90203E+16
112555,112556,8,4,36,55,2016,4,10,7,3,0,7,0,0,1,0,0,0,0,0,5.80291E+20,5.29585E+21,1.00724E+16,4.7811E+16
112556,112557,8,3,26,52,2016,4,8,5,3,6,7,0,1,0,1,1,0,0,0,4.52001E+20,5.33088E+21,8.35492E+15,4.81294E+16
112557,112558,8,1,11,0,2016,5,11,2,3,3,6,0,0,0,1,0,1,0,0,5.1317E+20,5.40345E+21,9.17929E+15,4.87839E+16
112558,112559,8,3,16,11,2016,4,17,2,3,0,7,0,0,0,1,0,1,0,0,4.13941E+20,5.33062E+21,7.84356E+15,4.81231E+16
112559,112560,8,2,12,0,2016,4,12,3,2,2,6,0,0,0,0,0,0,0,1,4.58366E+20,5.42913E+21,8.43062E+15,4.90137E+16
112560,112561,8,1,11,0,2016,5,18,2,2,6,4,0,0,1,0,1,0,0,0,5.11699E+20,5.40119E+21,9.1592E+15,4.87636E+16
112561,112562,8,3,15,70,2016,4,19,2,2,8,1,0,1,1,0,0,0,0,0,4.48421E+20,5.30085E+21,8.31042E+15,4.78589E+16
112562,112563,8,2,31,0,2016,4,7,3,3,5,3,0,1,0,1,0,0,0,0,4.75496E+20,5.41337E+21,8.66583E+15,4.88728E+16
112563,112564,8,1,11,0,2016,5,13,3,3,0,1,0,1,1,0,0,0,0,0,5.15272E+20,5.4037E+21,9.20791E+15,4.87861E+16
112564,112565,8,2,16,43,2016,4,19,6,3,0,7,1,0,1,0,0,0,0,0,4.4161E+20,5.41202E+21,8.20395E+15,4.88584E+16
112565,112566,8,3,27,50,2016,5,17,2,3,4,2,0,0,1,1,0,0,0,0,4.86911E+20,5.31451E+21,8.82459E+15,4.79838E+16
112566,112567,8,1,19,91,2016,4,14,5,3,8,1,0,0,0,1,0,0,0,0,5.28061E+20,5.40576E+21,9.38215E+15,4.88042E+16
112567,112568,8,3,17,129,2016,4,16,6,2,9,1,0,0,0,0,0,1,0,0,4.28888E+20,5.35184E+21,8.04083E+15,4.83157E+16
112568,112569,8,3,17,31,2016,4,18,5,3,0,1,0,0,1,0,0,0,0,0,4.18464E+20,5.35752E+21,7.89915E+15,4.83656E+16
112569,112570,8,3,15,47,2016,4,18,2,3,0,3,0,0,1,1,0,0,0,0,4.15505E+20,5.32154E+21,7.86638E+15,4.80415E+16
112570,112571,8,2,21,0,2016,4,0,3,3,5,7,2,0,1,1,0,0,0,0,4.78403E+20,5.47335E+21,8.70227E+15,4.94124E+16
112571,112572,8,4,26,70,2016,4,11,7,3,0,3,0,0,1,1,0,0,0,0,5.65505E+20,5.3421E+21,9.88204E+15,4.82288E+16
112572,112573,8,3,16,56,2016,4,11,5,3,5,3,0,1,1,1,0,0,0,0,4.22111E+20,5.3272E+21,7.95395E+15,4.80933E+16
112573,112574,8,1,11,0,2016,5,8,2,3,5,3,0,0,0,1,0,0,0,0,5.12193E+20,5.40386E+21,9.166E+15,4.87876E+16
112574,112575,8,2,12,0,2016,4,7,2,3,2,6,0,0,0,1,0,0,0,0,4.52198E+20,5.42944E+21,8.34625E+15,4.9016E+16
112575,112576,8,2,15,17,2016,4,19,6,2,6,7,0,0,0,1,1,0,0,0,4.56034E+20,5.4163E+21,8.40012E+15,4.88981E+16
112576,112577,8,3,35,75,2016,4,11,4,2,5,2,0,0,0,1,0,0,0,0,4.90777E+20,5.28881E+21,8.87695E+15,4.77526E+16
112577,112578,8,2,12,0,2016,4,8,6,3,3,6,0,0,1,1,0,0,0,0,4.55599E+20,5.42648E+21,8.39308E+15,4.89896E+16
112578,112579,8,2,26,32,2016,5,17,2,3,5,3,0,0,1,1,0,0,0,0,4.67674E+20,5.46405E+21,8.55511E+15,4.93283E+16
112579,112580,8,3,26,6,2016,4,11,4,2,1,5,0,0,1,1,0,0,0,0,4.58681E+20,5.30865E+21,8.44685E+15,4.79298E+16
112580,112581,8,3,17,127,2016,4,14,6,3,5,3,0,0,0,1,0,1,0,0,4.21183E+20,5.35236E+21,7.93682E+15,4.83195E+16
112581,112582,8,3,16,9,2016,4,17,5,3,5,3,0,0,1,1,0,0,0,0,4.1699E+20,5.32442E+21,7.88573E+15,4.80676E+16
112582,112583,8,2,12,0,2016,4,13,2,3,0,7,0,0,1,1,0,0,0,0,4.55694E+20,5.4283E+21,8.39417E+15,4.9006E+16
112583,112584,8,2,21,0,2016,4,17,3,3,1,1,0,0,1,1,0,0,0,0,4.76906E+20,5.47509E+21,8.68152E+15,4.9428E+16
112584,112585,8,4,21,0,2016,4,11,7,3,5,3,0,0,1,1,0,0,0,0,5.74336E+20,5.36245E+21,1.00045E+16,4.84108E+16
112585,112586,8,3,16,2,2016,4,12,5,3,5,3,0,1,0,1,0,1,0,0,4.06825E+20,5.33039E+21,7.74801E+15,4.81199E+16
112586,112587,8,2,22,0,2016,4,13,7,3,6,7,0,0,0,1,1,0,0,0,4.63878E+20,5.48323E+21,8.50112E+15,4.95006E+16
112587,112588,8,2,21,0,2016,5,11,2,3,5,3,0,0,1,0,0,0,0,1,4.76878E+20,5.47133E+21,8.68136E+15,4.93943E+16
112588,112589,8,3,26,5,2016,4,19,4,2,5,3,0,0,0,1,0,1,0,0,4.67723E+20,5.3015E+21,8.56843E+15,4.7866E+16
112589,112590,8,2,12,0,2016,4,7,2,3,5,3,0,0,0,1,0,0,0,0,4.53456E+20,5.4287E+21,8.36353E+15,4.90094E+16
112590,112591,8,2,22,0,2016,4,10,3,3,2,6,0,0,0,1,0,0,0,0,4.60184E+20,5.48869E+21,8.44955E+15,4.95495E+16
112591,112592,8,2,22,0,2016,4,11,2,3,6,5,0,0,0,1,1,0,0,0,4.65848E+20,5.48184E+21,8.52845E+15,4.94882E+16
112592,112593,8,2,22,0,2016,4,9,3,3,5,7,0,1,0,1,0,0,0,1,4.6431E+20,5.48076E+21,8.50731E+15,4.94784E+16
112593,112594,8,3,11,0,2016,4,14,5,3,6,4,0,0,1,0,1,0,0,0,4.14109E+20,5.31617E+21,7.84872E+15,4.79931E+16
112594,112595,8,2,21,0,2016,5,8,3,3,3,2,0,0,1,1,0,0,0,0,4.76733E+20,5.47458E+21,8.67917E+15,4.94234E+16
112595,112596,8,2,31,0,2016,4,16,5,3,4,6,0,0,0,1,0,0,0,0,4.82293E+20,5.41557E+21,8.75843E+15,4.88928E+16
112596,112597,8,1,27,103,2016,4,11,7,2,5,3,0,0,0,1,0,0,0,0,5.73107E+20,5.43865E+21,1.00015E+16,4.90963E+16
112597,112598,8,1,11,0,2016,5,14,2,3,2,6,0,0,0,1,0,0,0,0,5.12405E+20,5.40285E+21,9.16885E+15,4.87785E+16
112598,112599,8,2,22,0,2016,4,16,2,3,3,6,0,0,0,1,0,0,1,0,4.61615E+20,5.48246E+21,8.46994E+15,4.94935E+16
112599,112600,8,1,11,0,2016,5,16,3,3,0,4,0,0,0,0,1,0,0,1,5.11996E+20,5.40118E+21,9.16324E+15,4.87636E+16
112600,112601,8,1,27,14,2016,4,4,5,2,0,1,2,0,1,0,0,0,0,0,5.78474E+20,5.44207E+21,1.00756E+16,4.91264E+16
112601,112602,8,4,26,97,2016,5,16,3,3,3,2,0,1,1,1,0,0,0,0,5.34785E+20,5.33435E+21,9.46778E+15,4.81614E+16
112602,112603,8,4,37,104,2016,5,12,6,3,6,4,0,0,0,1,1,0,0,0,5.15981E+20,5.32598E+21,9.2146E+15,4.80869E+16
112603,112604,8,3,11,0,2016,5,11,7,3,1,1,0,0,1,1,0,0,0,0,4.12888E+20,5.31506E+21,7.83258E+15,4.79829E+16
112604,112605,8,1,11,0,2016,5,10,1,3,5,3,0,0,0,1,0,0,0,0,5.07902E+20,5.40674E+21,9.10763E+15,4.88136E+16
112605,112606,8,2,36,40,2016,5,18,5,3,0,7,0,0,1,0,0,0,0,0,4.89155E+20,5.422E+21,8.85187E+15,4.89509E+16
112606,112607,8,3,26,17,2016,5,21,1,3,1,5,1,0,1,1,0,0,0,0,4.41662E+20,5.32232E+21,8.21716E+15,4.80515E+16
112607,112608,8,1,15,28,2016,5,8,4,3,4,6,0,0,1,1,0,0,0,0,5.01049E+20,5.40383E+21,9.01428E+15,4.87874E+16
112608,112609,8,1,11,0,2016,5,7,2,3,2,6,0,0,0,1,0,0,0,0,5.12076E+20,5.40383E+21,9.1644E+15,4.87874E+16
112609,112610,8,3,16,11,2016,5,8,4,3,5,3,0,0,0,1,0,0,1,0,4.14571E+20,5.32988E+21,7.85218E+15,4.81165E+16
112610,112611,8,1,19,86,2016,5,10,7,3,5,3,0,0,1,1,0,0,0,0,5.35872E+20,5.40536E+21,9.48849E+15,4.88002E+16
112611,112612,8,2,16,17,2016,5,11,1,3,0,7,0,0,1,0,0,0,0,1,4.51327E+20,5.40152E+21,8.33766E+15,4.87647E+16
112612,112613,8,2,35,7,2016,5,11,7,3,3,5,0,0,1,0,0,0,0,1,4.84014E+20,5.39855E+21,8.78257E+15,4.87397E+16
112613,112614,8,2,12,0,2016,5,15,6,3,2,1,0,0,0,1,0,0,0,0,4.55918E+20,5.43023E+21,8.39703E+15,4.90234E+16
112614,112615,8,3,15,6,2016,5,15,4,3,5,3,0,0,0,1,0,0,0,0,4.03205E+20,5.3083E+21,7.70438E+15,4.79207E+16
112615,112616,8,2,26,103,2016,5,17,5,3,4,6,0,0,0,1,0,1,0,0,4.70218E+20,5.45787E+21,8.59058E+15,4.92729E+16
112616,112617,8,3,26,74,2016,5,15,1,2,1,6,0,0,0,1,0,1,0,0,4.62123E+20,5.32482E+21,8.4915E+15,4.80755E+16
112617,112618,8,2,12,0,2016,5,13,6,3,1,3,0,0,0,1,0,0,0,1,4.52236E+20,5.43098E+21,8.34658E+15,4.90299E+16
112618,112619,8,2,12,0,2016,5,6,6,3,5,3,0,0,1,1,0,0,0,0,4.51255E+20,5.429E+21,8.3334E+15,4.9012E+16
112619,112620,8,2,21,0,2016,5,13,5,2,5,3,0,0,1,1,0,0,0,0,4.76637E+20,5.47394E+21,8.67788E+15,4.94177E+16
112620,112621,8,3,26,74,2016,5,2,1,3,6,7,2,0,0,1,1,0,0,0,4.65382E+20,5.32313E+21,8.53538E+15,4.80605E+16
112621,112622,8,2,12,0,2016,5,11,6,3,5,7,0,0,1,0,0,1,0,0,4.55791E+20,5.42639E+21,8.39571E+15,4.89889E+16
112622,112623,8,1,11,0,2016,5,9,4,3,2,6,0,0,0,1,0,0,0,0,5.11833E+20,5.4015E+21,9.16103E+15,4.87664E+16
112623,112624,8,1,11,0,2016,5,21,2,3,5,2,2,0,0,1,0,1,0,0,5.126E+20,5.40326E+21,9.17153E+15,4.87822E+16
112624,112625,8,3,36,91,2016,5,15,4,3,0,7,0,0,1,0,0,0,0,0,3.94306E+20,5.27203E+21,7.59411E+15,4.7593E+16
112625,112626,8,1,19,20,2016,5,20,7,3,2,6,0,0,0,0,0,1,0,0,5.20107E+20,5.40696E+21,9.27389E+15,4.88153E+16
112626,112627,8,2,12,0,2016,5,14,1,2,0,1,0,0,1,0,0,0,0,0,4.61363E+20,5.4275E+21,8.47176E+15,4.89992E+16
112627,112628,8,4,21,0,2016,5,12,6,2,5,3,0,0,1,1,0,0,0,0,5.72915E+20,5.36488E+21,9.98575E+15,4.84328E+16
112628,112629,8,2,12,0,2016,5,21,6,3,4,2,1,0,1,1,0,0,0,0,4.55244E+20,5.42927E+21,8.38792E+15,4.90147E+16
112629,112630,8,3,11,0,2016,5,14,4,3,2,6,0,0,0,1,0,0,0,0,4.12352E+20,5.3145E+21,7.82552E+15,4.79778E+16
112630,112631,8,2,26,38,2016,5,23,5,3,1,5,2,0,1,1,0,0,0,0,4.71306E+20,5.47999E+21,8.60394E+15,4.94719E+16
112631,112632,8,3,16,12,2016,5,13,1,3,0,1,0,0,1,0,0,0,0,0,4.03431E+20,5.33312E+21,7.7018E+15,4.8144E+16
112632,112633,8,1,36,88,2016,5,17,6,3,6,2,0,0,0,1,1,0,0,0,5.80853E+20,5.41067E+21,1.0102E+16,4.88437E+16
112633,112634,8,4,35,35,2016,5,16,3,3,1,1,0,1,1,1,0,0,0,0,5.4146E+20,5.28146E+21,9.55244E+15,4.76852E+16
112634,112635,8,4,17,79,2016,5,16,6,3,5,3,0,0,1,1,0,0,0,0,4.99234E+20,5.34562E+21,8.98968E+15,4.82638E+16
112635,112636,8,1,11,0,2016,5,19,1,2,0,7,0,0,1,0,0,0,0,0,5.20034E+20,5.40396E+21,9.27275E+15,4.87883E+16
112636,112637,8,1,11,0,2016,5,18,4,3,2,6,0,0,0,1,0,0,0,0,5.17214E+20,5.40688E+21,9.23448E+15,4.88146E+16
112637,112638,8,2,15,21,2016,5,2,1,2,6,1,2,0,0,1,1,0,0,0,4.69595E+20,5.44453E+21,8.58303E+15,4.91529E+16
112638,112639,8,4,16,41,2016,5,9,6,3,1,6,0,0,1,0,0,0,0,1,5.04288E+20,5.37401E+21,9.05807E+15,4.85192E+16
112639,112640,8,3,36,50,2016,5,6,4,3,0,1,0,0,0,0,0,1,0,0,4.00876E+20,5.27578E+21,7.68063E+15,4.76279E+16
112640,112641,8,2,12,0,2016,5,16,5,2,0,6,0,0,1,0,0,0,0,0,4.57196E+20,5.42846E+21,8.4147E+15,4.90076E+16
112641,112642,8,1,26,20,2016,5,14,6,2,5,3,0,0,0,0,0,1,0,1,5.50195E+20,5.47219E+21,9.69183E+15,4.94004E+16
112642,112643,8,4,21,0,2016,5,15,3,3,5,2,0,1,1,1,0,0,0,0,5.71738E+20,5.3613E+21,9.96922E+15,4.84008E+16
112643,112644,8,4,16,41,2016,5,16,6,2,6,4,0,0,1,0,1,0,0,0,5.04058E+20,5.37433E+21,9.05495E+15,4.85221E+16
112644,112645,8,2,31,0,2016,5,14,7,2,6,4,0,0,0,1,1,0,0,0,4.76616E+20,5.41515E+21,8.68101E+15,4.88889E+16
112645,112646,8,4,36,82,2016,5,12,7,3,5,3,0,0,0,1,0,1,0,0,5.4662E+20,5.29417E+21,9.62256E+15,4.77992E+16
112646,112647,8,2,16,7,2016,5,20,5,2,0,7,0,0,1,0,0,0,0,0,4.35934E+20,5.39731E+21,8.12887E+15,4.87256E+16
112647,112648,8,1,16,56,2016,5,13,4,3,6,4,0,0,0,1,1,0,0,0,5.30407E+20,5.3955E+21,9.41334E+15,4.87118E+16
112648,112649,8,1,35,19,2016,5,13,1,2,0,1,0,0,1,0,0,0,0,0,5.85725E+20,5.39464E+21,1.0165E+16,4.86989E+16
112649,112650,8,4,15,61,2016,5,12,6,3,2,6,0,0,0,1,0,0,0,0,5.15882E+20,5.37101E+21,9.21496E+15,4.8492E+16
112650,112651,8,2,12,0,2016,5,8,4,3,4,6,0,0,1,1,0,0,0,0,4.52788E+20,5.42758E+21,8.35453E+15,4.89993E+16
112651,112652,8,1,35,16,2016,5,13,5,2,5,3,0,0,1,1,0,0,0,0,5.91169E+20,5.3869E+21,1.02373E+16,4.86285E+16
112652,112653,8,1,25,65,2016,5,18,6,3,3,6,0,0,1,0,0,0,0,1,5.17173E+20,5.44971E+21,9.23574E+15,4.92E+16
112653,112654,8,4,16,25,2016,5,18,3,3,5,3,0,0,0,1,1,0,0,0,5.03738E+20,5.36148E+21,9.0505E+15,4.84065E+16
112654,112655,8,1,19,91,2016,5,11,7,3,4,2,0,0,1,1,0,0,0,0,5.28389E+20,5.40647E+21,9.38667E+15,4.88106E+16
112655,112656,8,4,15,14,2016,5,19,6,3,5,3,0,0,0,1,0,1,0,0,5.25894E+20,5.37479E+21,9.3507E+15,4.85257E+16
112656,112657,8,2,26,96,2016,5,0,7,3,2,6,2,0,1,1,0,0,0,0,4.75998E+20,5.48839E+21,8.66819E+15,4.95477E+16
112657,112658,8,4,36,64,2016,5,21,7,3,0,7,2,0,1,0,0,0,0,0,5.46185E+20,5.29262E+21,9.61659E+15,4.77853E+16
112658,112659,8,1,25,1,2016,5,13,5,3,9,1,0,0,1,0,0,0,0,0,5.21792E+20,5.4369E+21,9.29845E+15,4.90846E+16
112659,112660,8,3,15,108,2016,5,14,1,3,4,6,0,0,0,1,0,0,0,0,4.04167E+20,5.30353E+21,7.71831E+15,4.78779E+16
112660,112661,8,1,11,0,2016,5,20,4,3,5,3,1,0,0,1,0,0,0,0,5.13463E+20,5.40437E+21,9.1833E+15,4.87921E+16
112661,112662,8,1,11,0,2016,5,17,2,3,2,6,0,0,0,1,0,1,0,0,5.14875E+20,5.40942E+21,9.20272E+15,4.88376E+16
112662,112663,8,2,26,41,2016,5,11,4,3,5,3,0,0,0,1,0,0,0,1,4.7635E+20,5.46582E+21,8.67441E+15,4.93447E+16
112663,112664,8,1,18,48,2016,5,13,7,3,5,3,0,0,0,1,0,0,0,0,5.14845E+20,5.4179E+21,9.20261E+15,4.89139E+16
112664,112665,8,1,11,0,2016,5,8,2,3,2,6,0,0,0,1,0,0,0,0,5.13172E+20,5.40665E+21,9.17942E+15,4.88127E+16
112665,112666,8,2,26,31,2016,5,13,4,3,5,3,0,0,0,1,0,1,0,0,4.74415E+20,5.49331E+21,8.64598E+15,4.95919E+16
112666,112667,8,1,21,0,2016,5,14,5,3,5,3,0,0,1,1,0,0,0,0,5.16966E+20,5.44332E+21,9.23262E+15,4.91425E+16
112667,112668,8,3,37,126,2016,5,9,3,3,6,4,0,0,0,1,1,0,0,0,4.40774E+20,5.27473E+21,8.21176E+15,4.76233E+16
112668,112669,8,1,18,48,2016,5,14,7,3,5,3,0,0,1,1,0,0,0,0,5.12507E+20,5.41506E+21,9.17061E+15,4.88884E+16
112669,112670,8,3,37,65,2016,5,11,6,3,5,3,0,0,0,1,0,0,1,0,4.48861E+20,5.27567E+21,8.31926E+15,4.76324E+16
112670,112671,8,2,22,0,2016,5,16,7,3,5,3,0,0,0,1,0,0,0,0,4.61187E+20,5.48212E+21,8.46407E+15,4.94905E+16
112671,112672,8,1,18,48,2016,5,22,6,2,0,7,2,0,1,0,0,0,0,0,5.19494E+20,5.41719E+21,9.26602E+15,4.89073E+16
112672,112673,8,1,19,67,2016,5,14,5,3,6,7,0,0,0,1,1,0,0,0,5.37978E+20,5.4059E+21,9.51722E+15,4.88049E+16
112673,112674,8,3,15,64,2016,5,15,1,3,6,4,0,0,1,0,1,0,0,0,4.22942E+20,5.31269E+21,7.96773E+15,4.79629E+16
112674,112675,8,1,18,81,2016,5,16,6,3,2,6,0,0,0,1,0,1,0,0,5.19489E+20,5.41325E+21,9.26577E+15,4.88719E+16
112675,112676,8,1,11,0,2016,5,11,4,3,5,3,0,0,1,0,0,0,0,1,5.12277E+20,5.40306E+21,9.16711E+15,4.87804E+16
112676,112677,8,4,36,81,2016,5,12,1,3,0,3,0,0,0,1,0,1,0,0,5.62039E+20,5.28186E+21,9.82669E+15,4.76872E+16
112677,112678,8,2,26,96,2016,5,13,4,3,3,6,0,0,0,1,0,1,0,0,4.74953E+20,5.48838E+21,8.65375E+15,4.95475E+16
112678,112679,8,1,18,48,2016,5,8,7,3,5,3,0,0,0,1,0,1,0,0,5.12505E+20,5.415E+21,9.17059E+15,4.88878E+16
112679,112680,8,1,28,14,2016,5,19,1,3,6,4,0,0,1,0,1,0,0,0,5.48169E+20,5.48229E+21,9.66514E+15,4.94913E+16
112680,112681,8,3,36,103,2016,5,17,6,3,6,4,0,0,0,1,1,0,0,0,4.14526E+20,5.28487E+21,7.8605E+15,4.77116E+16
112681,112682,8,1,26,58,2016,5,1,1,2,8,1,2,0,0,0,0,1,0,0,5.43717E+20,5.45345E+21,9.60049E+15,4.92323E+16
112682,112683,8,3,35,79,2016,5,18,6,3,4,6,0,0,0,1,0,1,0,0,5.02212E+20,5.30047E+21,9.02957E+15,4.78576E+16
112683,112684,8,2,21,0,2016,5,15,7,3,1,6,0,0,1,1,0,0,0,0,4.77545E+20,5.47345E+21,8.69042E+15,4.94133E+16
112684,112685,8,1,18,18,2016,5,15,6,3,1,6,0,0,0,1,0,0,0,0,5.11299E+20,5.4312E+21,9.15458E+15,4.90336E+16
112685,112686,8,2,25,58,2016,5,10,4,3,0,7,0,0,0,1,0,0,0,0,5.10871E+20,5.4674E+21,9.14971E+15,4.93593E+16
112686,112687,8,1,19,20,2016,5,10,5,3,1,1,0,0,1,1,0,0,0,0,5.19061E+20,5.40705E+21,9.25965E+15,4.88162E+16
112687,112688,8,3,11,0,2016,5,13,1,3,0,1,0,0,1,0,0,0,0,0,4.14027E+20,5.31494E+21,7.84787E+15,4.7982E+16
112688,112689,8,1,17,24,2016,5,16,6,3,5,3,0,0,1,1,0,0,0,0,5.61986E+20,5.3857E+21,9.84111E+15,4.86213E+16
112689,112690,8,4,37,100,2016,5,17,3,3,4,5,0,0,1,1,0,0,0,0,5.37113E+20,5.31716E+21,9.49759E+15,4.80066E+16
112690,112691,8,4,35,59,2016,5,14,7,2,0,7,0,0,0,0,0,1,0,0,5.14987E+20,5.2903E+21,9.20001E+15,4.77659E+16
112691,112692,8,1,26,46,2016,5,19,1,3,1,5,0,0,0,1,0,1,0,0,5.50105E+20,5.45861E+21,9.68889E+15,4.92782E+16
112692,112693,8,3,35,97,2016,5,21,6,3,5,3,2,0,0,1,0,0,0,0,4.85097E+20,5.29721E+21,8.80088E+15,4.78281E+16
112693,112694,8,2,26,12,2016,5,19,4,2,3,7,0,0,1,1,0,0,0,0,4.76619E+20,5.47775E+21,8.67741E+15,4.9452E+16
112694,112695,8,1,19,8,2016,5,19,5,3,2,1,0,0,1,1,0,0,0,0,5.31266E+20,5.41888E+21,9.42681E+15,4.89221E+16
112695,112696,8,3,35,43,2016,5,15,3,3,2,6,0,1,0,1,0,0,0,0,5.13452E+20,5.2793E+21,9.17918E+15,4.76669E+16
112696,112697,8,2,26,41,2016,5,13,4,2,0,6,0,0,0,1,0,0,0,1,4.76752E+20,5.46585E+21,8.67993E+15,4.93449E+16
112697,112698,8,1,18,73,2016,5,14,5,3,6,6,0,0,1,0,1,0,0,0,4.97858E+20,5.41897E+21,8.97076E+15,4.89237E+16
112698,112699,8,1,16,49,2016,5,17,6,3,3,6,0,0,1,0,0,0,0,0,5.22409E+20,5.38753E+21,9.30419E+15,4.86404E+16
112699,112700,8,3,35,75,2016,5,13,6,3,0,1,0,0,1,0,0,0,0,0,4.88199E+20,5.29112E+21,8.8425E+15,4.77733E+16
112700,112701,8,4,26,21,2016,5,10,7,3,1,7,0,0,0,1,0,0,0,0,5.58585E+20,5.32734E+21,9.78685E+15,4.80966E+16
112701,112702,8,3,35,43,2016,5,23,6,3,1,5,2,0,1,1,0,0,0,0,5.13309E+20,5.27972E+21,9.17729E+15,4.76707E+16
112702,112703,8,4,36,64,2016,5,17,1,3,4,2,0,0,1,1,0,0,0,0,5.43902E+20,5.29195E+21,9.58605E+15,4.77794E+16
112703,112704,8,2,21,0,2016,5,12,4,2,5,7,0,0,0,1,0,1,0,0,4.75851E+20,5.46846E+21,8.66738E+15,4.93684E+16
112704,112705,8,1,18,48,2016,5,13,5,3,1,6,0,0,0,1,0,1,0,0,5.14849E+20,5.41592E+21,9.20259E+15,4.8896E+16
112705,112706,8,3,17,65,2016,5,15,3,3,2,6,0,0,0,1,0,0,0,0,4.15023E+20,5.35487E+21,7.85324E+15,4.83413E+16
112706,112707,8,1,18,79,2016,5,13,7,3,6,7,0,0,0,1,1,0,0,0,5.10341E+20,5.42257E+21,9.14126E+15,4.89559E+16
112707,112708,8,3,35,43,2016,5,14,6,3,2,2,0,0,0,1,0,1,0,0,5.13633E+20,5.27995E+21,9.18162E+15,4.76728E+16
112708,112709,8,2,16,23,2016,5,18,7,3,4,6,0,0,0,1,0,1,0,0,4.373E+20,5.40801E+21,8.14581E+15,4.88219E+16
112709,112710,8,4,25,72,2016,5,17,7,3,0,1,0,0,1,0,0,0,0,0,5.82729E+20,5.37181E+21,1.01198E+16,4.84939E+16
112710,112711,8,1,16,77,2016,5,8,6,3,0,7,0,0,0,1,0,1,0,0,5.18076E+20,5.39193E+21,9.24556E+15,4.86802E+16
112711,112712,8,1,17,18,2016,5,21,5,3,1,6,2,0,1,1,0,0,0,0,5.38476E+20,5.39597E+21,9.52307E+15,4.87156E+16
112712,112713,8,2,35,46,2016,5,11,1,3,0,1,0,0,1,0,0,0,0,0,4.7904E+20,5.37689E+21,8.71602E+15,4.85448E+16
112713,112714,8,3,35,79,2016,5,4,6,3,9,1,2,0,0,1,0,0,0,0,5.00308E+20,5.30046E+21,9.00412E+15,4.78575E+16
112714,112715,8,2,12,0,2016,5,15,7,3,3,6,0,0,0,1,0,0,0,0,4.55002E+20,5.42824E+21,8.38472E+15,4.90054E+16
112715,112716,8,4,16,41,2016,5,13,7,3,2,6,0,0,0,1,0,1,0,0,5.05267E+20,5.37521E+21,9.07134E+15,4.853E+16
112716,112717,8,1,16,16,2016,5,11,5,2,0,1,0,0,1,0,0,0,0,0,5.33017E+20,5.3851E+21,9.44799E+15,4.86181E+16
112717,112718,8,1,15,28,2016,5,11,4,3,6,4,0,0,0,1,1,0,0,0,5.01136E+20,5.40475E+21,9.01547E+15,4.87957E+16
112718,112719,8,4,35,59,2016,5,16,1,3,6,7,0,0,1,0,1,0,0,0,5.14584E+20,5.28868E+21,9.19457E+15,4.77514E+16
112719,112720,8,2,22,0,2016,5,21,4,3,0,2,1,0,1,1,0,0,0,0,4.61508E+20,5.48181E+21,8.46853E+15,4.94877E+16
112720,112721,8,3,16,11,2016,5,8,3,2,0,3,0,0,1,1,0,0,0,0,4.14488E+20,5.3298E+21,7.85108E+15,4.81157E+16
112721,112722,8,1,16,33,2016,5,11,7,3,5,3,0,0,0,1,0,1,0,0,5.34436E+20,5.38785E+21,9.46747E+15,4.86428E+16
112722,112723,8,1,25,63,2016,5,18,1,3,3,2,0,0,1,1,0,0,0,0,5.25608E+20,5.45902E+21,9.35211E+15,4.92834E+16
112723,112724,8,2,12,0,2016,5,14,7,3,6,4,0,0,0,0,1,1,0,0,4.58626E+20,5.42982E+21,8.43411E+15,4.90199E+16
112724,112725,8,1,11,0,2016,5,11,6,3,2,6,0,0,0,1,0,0,0,0,5.13446E+20,5.40328E+21,9.18304E+15,4.87824E+16
112725,112726,8,2,22,0,2016,5,16,4,3,6,4,0,0,0,1,1,0,0,0,4.61718E+20,5.48412E+21,8.47121E+15,4.95085E+16
112726,112727,8,1,15,41,2016,5,13,5,2,0,7,0,0,1,0,0,0,0,0,4.93312E+20,5.40264E+21,8.90897E+15,4.87767E+16
112727,112728,8,2,26,84,2016,5,2,1,3,4,3,2,0,0,1,0,0,0,0,4.68238E+20,5.47135E+21,8.56229E+15,4.9394E+16
112728,112729,8,1,11,0,2016,5,20,6,3,2,6,0,0,0,1,0,0,0,0,5.13183E+20,5.40122E+21,9.17939E+15,4.87639E+16
112729,112730,8,1,11,0,2016,5,16,4,3,6,4,0,0,0,1,1,0,0,0,5.12464E+20,5.40883E+21,9.16984E+15,4.88323E+16