FID,OBJECTID,ULAND,UREGBEZ,UKREIS,UGEMEINDE,UJAHR,UMONAT,USTUNDE,UWOCHENTAG,UKATEGORIE,UART,UTYP1,ULICHTVERH,IstStrasse,IstRad,IstPKW,IstFuss,IstKrad,IstGkfz,IstSonstig,LINREFX,LINREFY,XGCSWGS84,YGCSWGS84
112730,112731,8,2,22,0,2016,5,17,4,2,1,6,0,0,0,1,0,0,0,1,4.65325E+20,5.47442E+21,8.52187E+15,4.94215E+16
112731,112732,8,1,11,0,2016,5,14,6,2,5,2,0,0,1,1,0,0,0,0,5.14227E+20,5.4036E+21,9.19368E+15,4.87853E+16
112732,112733,8,1,11,0,2016,5,7,4,3,5,3,0,0,0,1,0,0,0,0,5.12715E+20,5.40847E+21,9.17325E+15,4.8829E+16
112733,112734,8,4,21,0,2016,5,9,1,2,5,3,0,0,1,1,0,0,0,0,5.72204E+20,5.36039E+21,9.97536E+15,4.83925E+16
112734,112735,8,2,21,0,2016,5,13,4,2,3,2,0,0,0,1,0,1,0,0,4.78586E+20,5.47085E+21,8.70492E+15,4.939E+16
112735,112736,8,1,16,77,2016,5,16,7,2,6,4,0,0,0,1,1,0,0,0,5.16008E+20,5.38878E+21,9.21735E+15,4.86519E+16
112736,112737,8,1,21,0,2016,5,16,1,3,4,3,0,0,1,1,0,0,0,0,5.17168E+20,5.44306E+21,9.23538E+15,4.91401E+16
112737,112738,8,3,27,50,2016,5,17,6,3,5,3,0,0,1,1,0,0,0,0,4.85962E+20,5.31478E+21,8.81186E+15,4.79862E+16
112738,112739,8,1,11,0,2016,5,17,6,3,3,6,0,0,0,1,0,1,0,0,5.13632E+20,5.4032E+21,9.18556E+15,4.87817E+16
112739,112740,8,2,16,43,2016,5,21,4,3,0,7,2,0,1,0,0,0,0,0,4.42076E+20,5.4121E+21,8.21028E+15,4.88591E+16
112740,112741,8,1,15,48,2016,5,15,5,3,1,5,0,0,0,1,0,1,0,0,5.10268E+20,5.38779E+21,9.1394E+15,4.86431E+16
112741,112742,8,2,26,84,2016,5,11,1,3,5,3,0,0,1,1,0,0,0,0,4.69138E+20,5.47097E+21,8.57472E+15,4.93906E+16
112742,112743,8,1,11,0,2016,5,12,6,3,2,6,0,0,0,1,0,0,0,0,5.13604E+20,5.40872E+21,9.18536E+15,4.88313E+16
112743,112744,8,4,36,55,2016,5,18,3,3,2,6,0,1,0,1,0,0,0,0,5.76279E+20,5.29851E+21,1.00193E+16,4.78354E+16
112744,112745,8,3,26,74,2016,5,0,6,3,8,1,2,0,0,1,0,0,0,0,4.60274E+20,5.32401E+21,8.46675E+15,4.80681E+16
112745,112746,8,4,16,25,2016,5,19,7,2,8,1,0,0,0,0,0,1,0,0,5.0662E+20,5.35835E+21,9.0894E+15,4.83782E+16
112746,112747,8,1,19,20,2016,5,11,1,3,6,4,0,0,0,1,1,0,0,0,5.19826E+20,5.40696E+21,9.27006E+15,4.88153E+16
112747,112748,8,3,26,3,2016,5,11,6,3,5,3,0,0,1,1,0,0,0,0,4.6506E+20,5.31856E+21,8.53144E+15,4.80193E+16
112748,112749,8,3,17,57,2016,5,16,6,3,2,6,0,0,0,1,0,1,0,0,4.12684E+20,5.38098E+21,7.81624E+15,4.85759E+16
112749,112750,8,2,15,7,2016,5,16,4,3,5,3,0,0,1,1,0,0,0,0,4.78692E+20,5.4307E+21,8.70851E+15,4.90288E+16
112750,112751,8,1,15,44,2016,5,11,5,3,5,3,0,0,1,1,0,0,0,0,5.04421E+20,5.38938E+21,9.06004E+15,4.86575E+16
112751,112752,8,4,36,82,2016,5,15,5,3,0,1,0,0,1,0,0,0,0,0,5.48409E+20,5.29541E+21,9.64658E+15,4.78102E+16
112752,112753,8,3,36,50,2016,5,12,3,2,5,3,0,0,1,1,0,0,0,0,3.98921E+20,5.27308E+21,7.65524E+15,4.76032E+16
112753,112754,8,3,17,57,2016,5,21,6,3,6,7,2,0,0,0,1,0,0,1,4.12171E+20,5.38068E+21,7.80934E+15,4.8573E+16
112754,112755,8,2,16,7,2016,5,15,7,2,8,1,0,0,0,0,0,1,0,0,4.4008E+20,5.38767E+21,8.18663E+15,4.86392E+16
112755,112756,8,3,37,96,2016,5,12,7,1,0,7,0,0,1,1,1,0,0,1,4.20846E+20,5.26715E+21,7.94794E+15,4.7553E+16
112756,112757,8,1,11,0,2016,5,17,5,3,3,6,0,0,1,1,0,0,0,0,5.15915E+20,5.40192E+21,9.2166E+15,4.87701E+16
112757,112758,8,1,16,78,2016,5,0,4,2,5,3,2,0,0,1,0,0,1,0,5.13602E+20,5.39306E+21,9.18482E+15,4.86904E+16
112758,112759,8,4,21,0,2016,5,13,1,3,6,7,0,0,1,0,1,0,0,0,5.72439E+20,5.36049E+21,9.97855E+15,4.83934E+16
112759,112760,8,2,15,108,2016,5,10,4,3,2,6,0,0,0,1,0,0,0,0,4.49991E+20,5.42527E+21,8.31658E+15,4.89783E+16
112760,112761,8,4,35,16,2016,5,14,4,3,5,3,0,0,0,1,0,1,0,0,5.36011E+20,5.27803E+21,9.47955E+15,4.76547E+16
112761,112762,8,3,36,14,2016,5,6,3,2,8,1,0,0,0,1,0,0,0,0,3.92474E+20,5.28158E+21,7.5674E+15,4.76786E+16
112762,112763,8,1,16,80,2016,5,23,7,3,6,1,2,0,0,1,1,0,0,0,5.20035E+20,5.39585E+21,9.27236E+15,4.87154E+16
112763,112764,8,2,15,17,2016,5,10,4,3,5,3,0,0,0,1,0,0,0,0,4.56532E+20,5.42203E+21,8.4063E+15,4.89497E+16
112764,112765,8,4,36,81,2016,5,17,4,3,0,6,0,0,0,1,0,0,0,0,5.62473E+20,5.28169E+21,9.83244E+15,4.76855E+16
112765,112766,8,3,11,0,2016,5,16,3,3,4,6,0,1,1,1,0,0,0,0,4.13912E+20,5.31644E+21,7.84603E+15,4.79955E+16
112766,112767,8,1,16,16,2016,5,16,7,3,5,3,0,0,1,1,0,0,0,0,5.33315E+20,5.38478E+21,9.452E+15,4.86152E+16
112767,112768,8,3,17,78,2016,5,16,6,2,0,1,0,0,1,0,0,0,0,0,4.33721E+20,5.34527E+21,8.10704E+15,4.82571E+16
112768,112769,8,2,11,0,2016,5,16,7,3,5,3,0,0,1,1,0,0,0,0,4.42102E+20,5.40315E+21,8.2119E+15,4.87786E+16
112769,112770,8,3,27,50,2016,5,13,7,3,0,1,0,0,1,0,0,0,0,0,4.86553E+20,5.31577E+21,8.81975E+15,4.79951E+16
112770,112771,8,4,35,29,2016,5,6,4,3,4,2,0,1,0,1,0,0,0,0,5.44107E+20,5.27281E+21,9.58684E+15,4.76072E+16
112771,112772,8,2,26,37,2016,5,19,1,3,5,3,0,0,0,1,0,0,0,0,4.66721E+20,5.46826E+21,8.54164E+15,4.93661E+16
112772,112773,8,1,15,28,2016,5,13,4,3,2,2,0,0,0,1,0,0,0,0,5.008E+20,5.40484E+21,9.01089E+15,4.87966E+16
112773,112774,8,4,21,0,2016,5,9,1,3,4,2,0,0,0,1,0,0,0,0,5.73074E+20,5.36092E+21,9.98721E+15,4.83972E+16
112774,112775,8,2,12,0,2016,5,20,4,3,5,3,0,0,0,1,0,0,0,0,4.57876E+20,5.42846E+21,8.42399E+15,4.90076E+16
112775,112776,8,1,15,3,2016,5,20,7,2,5,2,0,0,1,1,0,0,0,0,5.01004E+20,5.39112E+21,9.01364E+15,4.86732E+16
112776,112777,8,1,17,49,2016,5,18,1,3,0,1,0,0,1,0,0,0,0,0,5.55464E+20,5.39279E+21,9.75357E+15,4.86857E+16
112777,112778,8,1,36,88,2016,5,1,7,2,5,3,2,0,0,1,0,0,0,0,5.82524E+20,5.40845E+21,1.01243E+16,4.88235E+16
112778,112779,8,3,17,97,2016,5,16,6,2,5,3,0,0,1,1,0,0,0,0,4.25623E+20,5.36477E+21,7.9945E+15,4.84317E+16
112779,112780,8,1,28,7,2016,5,11,7,3,3,5,0,0,1,1,0,0,0,0,5.56669E+20,5.48185E+21,9.78242E+15,4.94867E+16
112780,112781,8,3,27,50,2016,5,22,7,3,5,3,2,0,0,1,0,0,0,0,4.8842E+20,5.31358E+21,8.84484E+15,4.79754E+16
112781,112782,8,4,35,29,2016,5,19,5,3,0,1,0,0,1,0,0,0,0,0,5.42274E+20,5.27074E+21,9.56226E+15,4.75887E+16
112782,112783,8,4,26,70,2016,5,13,4,3,4,1,0,0,0,0,0,1,0,1,5.61494E+20,5.34033E+21,9.82779E+15,4.82132E+16
112783,112784,8,2,25,2,2016,5,18,1,3,0,1,0,0,1,1,0,0,0,0,4.99066E+20,5.46684E+21,8.98713E+15,4.93543E+16
112784,112785,8,4,25,72,2016,5,18,5,2,5,3,0,0,0,1,0,1,0,0,5.82555E+20,5.37202E+21,1.01175E+16,4.84959E+16
112785,112786,8,1,11,0,2016,5,17,4,2,5,7,0,0,0,1,1,0,0,0,5.15899E+20,5.40604E+21,9.21654E+15,4.88071E+16
112786,112787,8,4,25,33,2016,5,14,1,3,0,1,0,0,1,0,0,0,0,0,5.47141E+20,5.34673E+21,9.6353E+15,4.82721E+16
112787,112788,8,2,16,7,2016,5,16,4,3,0,3,0,0,0,1,0,1,0,0,4.35381E+20,5.3959E+21,8.12157E+15,4.87128E+16
112788,112789,8,1,15,3,2016,5,12,7,3,5,3,0,0,0,1,0,0,0,0,5.01299E+20,5.39323E+21,9.01765E+15,4.86922E+16
112789,112790,8,1,16,78,2016,5,18,1,2,6,4,0,1,0,1,1,0,0,0,5.12405E+20,5.39279E+21,9.16855E+15,4.86881E+16
112790,112791,8,3,11,0,2016,5,19,6,3,2,6,0,0,0,1,0,1,0,0,4.11262E+20,5.31533E+21,7.81074E+15,4.79851E+16
112791,112792,8,1,18,3,2016,5,17,4,3,6,7,0,0,0,1,1,0,0,0,5.1004E+20,5.41669E+21,9.137E+15,4.8903E+16
112792,112793,8,4,21,0,2016,5,15,4,3,5,3,0,0,1,1,0,0,0,0,5.71E+20,5.36216E+21,9.9594E+15,4.84086E+16
112793,112794,8,4,16,41,2016,5,12,5,3,2,6,0,0,1,1,0,0,0,0,5.05138E+20,5.37295E+21,9.06957E+15,4.85096E+16
112794,112795,8,4,15,61,2016,5,8,5,3,1,5,0,0,0,1,0,0,0,0,5.1563E+20,5.37009E+21,9.21151E+15,4.84838E+16
112795,112796,8,1,36,19,2016,5,19,4,3,8,1,0,0,0,0,0,1,0,0,5.87723E+20,5.4231E+21,1.01983E+16,4.89546E+16
112796,112797,8,4,16,41,2016,5,17,4,3,2,6,0,0,0,1,0,0,0,0,5.04203E+20,5.37458E+21,9.05693E+15,4.85243E+16
112797,112798,8,2,21,0,2016,5,17,1,2,0,1,0,0,1,0,0,0,0,0,4.74823E+20,5.47555E+21,8.65277E+15,4.94321E+16
112798,112799,8,4,15,61,2016,5,18,5,3,1,7,0,0,0,1,0,0,0,0,5.14983E+20,5.37401E+21,9.2029E+15,4.8519E+16
112799,112800,8,1,11,0,2016,5,8,4,3,2,6,0,0,0,1,0,0,0,0,5.13424E+20,5.40437E+21,9.18278E+15,4.87922E+16
112800,112801,8,4,16,25,2016,5,16,1,3,5,3,0,0,1,1,0,0,0,0,5.03544E+20,5.36109E+21,9.04788E+15,4.8403E+16
112801,112802,8,1,16,19,2016,5,11,1,3,0,1,0,0,0,0,0,1,0,0,5.20759E+20,5.39786E+21,9.28231E+15,4.87334E+16
112802,112803,8,2,12,0,2016,5,11,6,2,0,7,0,0,0,0,0,0,0,1,4.54706E+20,5.42752E+21,8.38076E+15,4.89989E+16
112803,112804,8,1,28,137,2016,5,17,4,3,5,2,0,0,0,1,0,0,0,1,5.59871E+20,5.49283E+21,9.82831E+15,4.95851E+16
112804,112805,8,3,36,57,2016,5,10,4,3,5,3,0,0,0,1,0,0,0,0,4.07601E+20,5.27759E+21,7.76973E+15,4.76451E+16
112805,112806,8,3,11,0,2016,5,10,3,3,5,3,0,0,0,0,0,0,0,1,4.141E+20,5.3161E+21,7.84861E+15,4.79925E+16
112806,112807,8,2,12,0,2016,5,14,6,2,0,3,0,0,0,0,0,0,0,1,4.61456E+20,5.4275E+21,8.47303E+15,4.89992E+16
112807,112808,8,1,28,7,2016,5,19,7,3,0,1,0,0,1,0,0,0,0,0,5.56062E+20,5.48259E+21,9.77416E+15,4.94934E+16
112808,112809,8,3,17,96,2016,5,10,7,3,5,7,0,0,0,1,0,0,0,0,4.21565E+20,5.36937E+21,7.93879E+15,4.84726E+16
112809,112810,8,2,12,0,2016,5,7,6,3,6,7,0,0,1,0,1,0,0,0,4.56947E+20,5.4286E+21,8.41127E+15,4.90088E+16
112810,112811,8,3,17,65,2016,5,12,7,2,0,4,0,0,1,0,1,0,0,0,4.16375E+20,5.35451E+21,7.87155E+15,4.83382E+16
112811,112812,8,1,15,41,2016,5,15,1,3,5,3,0,0,0,1,0,0,0,0,4.95885E+20,5.40197E+21,8.944E+15,4.87707E+16
112812,112813,8,2,15,66,2016,5,2,6,3,0,7,2,0,1,0,0,0,0,0,4.6074E+20,5.449E+21,8.46115E+15,4.91926E+16
112813,112814,8,1,27,102,2016,5,19,4,2,0,7,0,0,0,1,1,0,0,0,5.89664E+20,5.43407E+21,1.02272E+16,4.9053E+16
112814,112815,8,3,35,43,2016,5,17,4,3,5,6,0,0,0,1,0,1,0,0,5.11725E+20,5.28048E+21,9.15622E+15,4.76776E+16
112815,112816,8,3,35,43,2016,5,19,5,2,6,4,0,0,1,0,1,0,0,0,5.13334E+20,5.27893E+21,9.1776E+15,4.76637E+16
112816,112817,8,2,12,0,2016,5,0,3,3,5,3,2,0,0,1,0,1,0,0,4.55469E+20,5.42814E+21,8.39111E+15,4.90046E+16
112817,112818,8,1,11,0,2016,5,13,7,3,2,6,0,0,0,1,0,0,0,0,5.12684E+20,5.4081E+21,9.17281E+15,4.88257E+16
112818,112819,8,2,31,0,2016,5,16,6,3,8,7,0,0,0,1,0,0,0,0,4.78327E+20,5.41497E+21,8.70435E+15,4.88873E+16
112819,112820,8,1,25,1,2016,5,19,7,3,5,3,0,0,0,1,0,1,0,0,5.20996E+20,5.4354E+21,9.28746E+15,4.90711E+16
112820,112821,8,3,15,76,2016,5,13,7,2,0,1,0,0,1,0,0,0,0,0,3.92737E+20,5.29754E+21,7.56697E+15,4.78222E+16
112821,112822,8,3,17,65,2016,5,2,5,3,8,7,2,0,0,0,0,1,0,0,4.16455E+20,5.35472E+21,7.87259E+15,4.83402E+16
112822,112823,8,3,27,46,2016,5,22,4,3,9,1,2,0,0,1,0,0,0,0,4.80534E+20,5.32453E+21,8.73867E+15,4.80738E+16
112823,112824,8,2,26,9,2016,5,17,1,3,0,7,0,0,0,1,0,0,0,0,4.62232E+20,5.46995E+21,8.47966E+15,4.93811E+16
112824,112825,8,3,15,4,2016,5,20,5,2,5,3,1,0,1,1,0,0,0,0,3.94404E+20,5.29416E+21,7.59006E+15,4.77921E+16
112825,112826,8,1,11,0,2016,5,15,4,3,6,7,0,0,0,1,1,0,0,0,5.13209E+20,5.40325E+21,9.17981E+15,4.87821E+16
112826,112827,8,4,15,61,2016,5,15,1,3,1,1,0,0,0,1,0,0,0,0,5.15812E+20,5.37459E+21,9.21415E+15,4.85242E+16
112827,112828,8,1,21,0,2016,5,13,4,3,6,4,0,0,0,1,1,0,0,0,5.15887E+20,5.4446E+21,9.21788E+15,4.9154E+16
112828,112829,8,3,27,55,2016,5,13,4,3,4,6,0,0,0,1,0,0,0,0,4.79698E+20,5.32016E+21,8.72766E+15,4.80344E+16
112829,112830,8,1,15,28,2016,5,8,4,3,2,6,0,0,0,1,0,0,0,0,5.01151E+20,5.40474E+21,9.01567E+15,4.87957E+16
112830,112831,8,3,35,43,2016,5,13,1,3,3,5,0,0,0,1,0,0,0,0,5.13068E+20,5.27917E+21,9.17407E+15,4.76658E+16
112831,112832,8,1,18,60,2016,5,12,4,3,5,3,0,0,1,0,0,0,0,1,5.23412E+20,5.42972E+21,9.32022E+15,4.90199E+16
112832,112833,8,3,26,74,2016,5,7,4,2,6,4,0,0,0,1,1,0,0,0,4.65224E+20,5.32293E+21,8.53327E+15,4.80587E+16
112833,112834,8,2,36,30,2016,5,6,3,2,6,4,0,0,0,1,1,0,0,0,4.75959E+20,5.41807E+21,8.67187E+15,4.89151E+16
112834,112835,8,1,11,0,2016,5,18,7,3,2,6,0,0,0,1,0,0,0,0,5.12745E+20,5.40737E+21,9.17362E+15,4.88191E+16
112835,112836,8,2,31,0,2016,5,17,6,3,0,1,0,0,1,0,0,0,0,0,4.78394E+20,5.4159E+21,8.70522E+15,4.88957E+16
112836,112837,8,1,25,65,2016,5,17,7,3,0,7,0,0,0,1,0,1,0,0,5.14448E+20,5.44954E+21,9.19832E+15,4.91985E+16
112837,112838,8,3,11,0,2016,5,2,5,2,6,4,2,0,0,1,1,0,0,0,4.10502E+20,5.31761E+21,7.80008E+15,4.80056E+16
112838,112839,8,1,18,48,2016,5,18,4,3,0,2,0,0,0,1,0,1,0,0,5.13982E+20,5.4148E+21,9.19072E+15,4.8886E+16
112839,112840,8,3,17,96,2016,5,12,4,3,0,7,0,0,0,0,0,1,1,0,4.20367E+20,5.36927E+21,7.92261E+15,4.84716E+16
112840,112841,8,2,22,0,2016,5,19,1,3,0,7,0,0,1,0,0,0,0,0,4.65615E+20,5.47443E+21,8.52588E+15,4.94216E+16
112841,112842,8,3,16,36,2016,5,20,5,2,0,7,0,0,0,0,0,0,0,1,4.13069E+20,5.3262E+21,7.83275E+15,4.80832E+16
112842,112843,8,1,11,0,2016,5,22,4,3,0,1,2,0,0,0,0,1,0,0,5.11753E+20,5.40716E+21,9.1601E+15,4.88173E+16
112843,112844,8,3,27,50,2016,5,22,1,3,5,3,2,0,0,1,0,0,0,0,4.86498E+20,5.31418E+21,8.81906E+15,4.79808E+16
112844,112845,8,1,18,79,2016,5,17,4,3,6,7,0,0,0,1,1,0,0,0,5.09532E+20,5.42311E+21,9.13022E+15,4.89608E+16
112845,112846,8,1,11,0,2016,5,18,7,3,9,7,0,0,0,1,0,0,0,0,5.18205E+20,5.40177E+21,9.24775E+15,4.87687E+16
112846,112847,8,2,26,13,2016,5,17,6,3,5,2,0,0,0,0,0,1,0,1,4.9856E+20,5.47915E+21,8.98013E+15,4.9465E+16
112847,112848,8,1,11,0,2016,5,18,7,3,3,6,0,0,0,1,0,1,0,0,5.11096E+20,5.40177E+21,9.151E+15,4.87688E+16
112848,112849,8,1,15,3,2016,5,19,1,3,5,3,0,0,1,1,0,0,0,0,5.01087E+20,5.39246E+21,9.01477E+15,4.86852E+16
112849,112850,8,2,22,0,2016,5,16,6,3,6,2,0,0,0,1,1,0,0,0,4.61324E+20,5.48192E+21,8.46597E+15,4.94887E+16
112850,112851,8,1,19,79,2016,5,19,7,3,5,3,0,0,0,1,0,1,0,0,5.23021E+20,5.40821E+21,9.31365E+15,4.88265E+16
112851,112852,8,3,11,0,2016,5,0,5,3,6,4,2,0,0,1,1,0,0,0,4.09702E+20,5.31669E+21,7.78956E+15,4.79971E+16
112852,112853,8,1,18,47,2016,5,19,4,3,5,2,0,0,1,1,0,0,0,0,5.08493E+20,5.4271E+21,9.11611E+15,4.89967E+16
112853,112854,8,3,17,96,2016,5,21,4,3,0,7,2,0,1,1,0,0,0,0,4.22098E+20,5.36901E+21,7.94607E+15,4.84694E+16
112854,112855,8,2,22,0,2016,5,0,1,2,6,4,2,0,0,0,1,0,0,1,4.60799E+20,5.48247E+21,8.45868E+15,4.94936E+16
112855,112856,8,3,11,0,2016,5,12,5,3,5,2,0,0,1,0,0,0,0,0,4.1081E+20,5.31797E+21,7.80415E+15,4.80088E+16
112856,112857,8,4,36,64,2016,5,12,3,2,6,6,0,0,1,0,1,0,0,0,5.43054E+20,5.29224E+21,9.57475E+15,4.77821E+16
112857,112858,8,3,15,74,2016,5,14,7,3,8,1,0,0,0,1,0,0,0,0,3.9735E+20,5.29541E+21,7.62909E+15,4.78038E+16
112858,112859,8,1,11,0,2016,5,12,1,3,3,7,0,0,0,1,0,0,0,0,5.12709E+20,5.40919E+21,9.17319E+15,4.88355E+16
112859,112860,8,2,16,43,2016,5,20,6,3,5,3,1,0,0,1,0,0,0,0,4.42048E+20,5.41134E+21,8.21001E+15,4.88523E+16
112860,112861,8,1,18,48,2016,5,14,4,3,5,3,0,0,1,1,0,0,0,0,5.12905E+20,5.41582E+21,9.17607E+15,4.88952E+16
112861,112862,8,3,17,57,2016,5,12,4,3,6,7,0,0,0,1,1,0,0,0,4.13064E+20,5.37943E+21,7.82171E+15,4.8562E+16
112862,112863,8,1,17,49,2016,5,16,4,3,4,2,0,0,1,1,0,0,0,0,5.56032E+20,5.39248E+21,9.76125E+15,4.86828E+16
112863,112864,8,3,16,56,2016,5,12,4,3,5,3,0,0,1,1,0,0,0,0,4.22154E+20,5.32697E+21,7.95457E+15,4.80912E+16
112864,112865,8,2,31,0,2016,5,18,5,3,6,4,0,0,0,1,1,0,0,0,4.75781E+20,5.41529E+21,8.6696E+15,4.88901E+16
112865,112866,8,2,36,40,2016,5,13,3,3,5,3,0,1,0,1,0,1,0,0,4.89306E+20,5.42226E+21,8.85393E+15,4.89532E+16
112866,112867,8,2,16,9,2016,5,12,6,3,2,6,0,0,0,1,0,0,0,0,4.47322E+20,5.42125E+21,8.28063E+15,4.89419E+16
112867,112868,8,3,11,0,2016,5,12,7,3,2,2,0,0,0,1,0,1,0,0,4.12639E+20,5.31783E+21,7.82868E+15,4.80078E+16
112868,112869,8,3,26,74,2016,5,15,1,3,2,7,0,0,0,1,0,0,0,0,4.62123E+20,5.32482E+21,8.49149E+15,4.80756E+16
112869,112870,8,1,16,80,2016,5,17,4,3,5,3,0,0,0,1,0,0,0,0,5.19264E+20,5.39499E+21,9.26184E+15,4.87077E+16
112870,112871,8,2,22,0,2016,5,19,3,3,6,4,1,0,0,1,1,0,0,0,4.61476E+20,5.48106E+21,8.46816E+15,4.9481E+16
112871,112872,8,1,11,0,2016,5,8,4,3,3,6,0,0,1,1,0,0,0,0,5.12449E+20,5.40191E+21,9.16943E+15,4.87701E+16
112872,112873,8,2,26,59,2016,5,18,4,3,5,3,0,0,1,1,0,0,0,0,4.6522E+20,5.46048E+21,8.52165E+15,4.92961E+16
112873,112874,8,2,25,14,2016,5,15,5,2,0,1,0,0,0,1,0,1,0,0,5.27564E+20,5.48223E+21,9.38062E+15,4.94921E+16
112874,112875,8,4,15,61,2016,5,16,5,3,6,6,2,1,1,0,1,0,0,0,5.12415E+20,5.37168E+21,9.16806E+15,4.84981E+16
112875,112876,8,2,21,0,2016,5,15,3,3,3,2,0,1,1,1,0,0,0,0,4.77692E+20,5.47298E+21,8.69248E+15,4.94091E+16
112876,112877,8,2,12,0,2016,5,6,6,3,5,3,0,1,0,1,0,0,0,0,4.52609E+20,5.4271E+21,8.35214E+15,4.8995E+16
112877,112878,8,4,37,31,2016,5,16,3,2,5,3,0,0,1,1,1,0,0,0,5.16604E+20,5.3438E+21,9.22366E+15,4.82472E+16
112878,112879,8,1,16,33,2016,5,22,7,3,4,2,2,0,0,1,0,0,0,0,5.31915E+20,5.38907E+21,9.43334E+15,4.86538E+16
112879,112880,8,3,16,14,2016,5,15,2,2,7,7,0,0,1,0,0,0,0,0,4.23463E+20,5.33446E+21,7.9708E+15,4.81588E+16
112880,112881,8,1,19,79,2016,5,15,6,3,4,3,0,0,0,1,0,0,0,0,5.24237E+20,5.40898E+21,9.33027E+15,4.88333E+16
112881,112882,8,3,27,50,2016,5,7,2,3,1,5,0,0,1,1,0,0,0,0,4.87024E+20,5.31597E+21,8.82605E+15,4.79969E+16
112882,112883,8,3,17,110,2016,5,15,7,3,9,1,0,0,0,1,0,0,0,0,4.2714E+20,5.38123E+21,8.01214E+15,4.85799E+16
112883,112884,8,2,22,0,2016,5,15,5,3,1,5,0,0,1,1,0,0,0,0,4.61549E+20,5.48016E+21,8.46926E+15,4.94728E+16
112884,112885,8,1,16,77,2016,5,19,5,3,5,3,0,1,0,1,0,0,0,0,5.16336E+20,5.38927E+21,9.22182E+15,4.86563E+16
112885,112886,8,3,11,0,2016,5,19,2,2,3,6,0,0,0,1,0,0,0,0,4.1449E+20,5.3161E+21,7.85385E+15,4.79925E+16
112886,112887,8,2,16,15,2016,5,13,3,2,5,3,0,1,0,1,0,1,0,0,4.49854E+20,5.40584E+21,8.31708E+15,4.88035E+16
112887,112888,8,2,35,85,2016,5,11,6,3,6,7,0,1,0,1,1,0,0,0,4.80819E+20,5.39569E+21,8.73924E+15,4.8714E+16
112888,112889,8,1,16,19,2016,5,6,5,3,5,3,0,0,0,1,0,0,0,0,5.2134E+20,5.39826E+21,9.29023E+15,4.8737E+16
112889,112890,8,1,15,28,2016,5,15,5,3,2,6,0,1,0,1,0,0,0,0,5.0065E+20,5.40489E+21,9.00885E+15,4.8797E+16
112890,112891,8,2,16,43,2016,5,14,3,3,5,3,0,0,1,1,0,0,0,0,4.41579E+20,5.41144E+21,8.20361E+15,4.88532E+16
112891,112892,8,2,31,0,2016,5,18,6,2,1,7,0,1,1,1,0,0,0,0,4.78722E+20,5.41597E+21,8.70969E+15,4.88963E+16
112892,112893,8,1,15,41,2016,5,13,5,3,5,3,0,1,0,1,0,0,0,0,4.92751E+20,5.40263E+21,8.90134E+15,4.87766E+16
112893,112894,8,4,36,55,2016,5,17,3,2,6,4,0,0,0,0,1,0,0,1,5.75976E+20,5.29773E+21,1.00152E+16,4.78284E+16
112894,112895,8,1,16,80,2016,5,16,7,2,3,2,0,0,1,1,0,0,0,0,5.19493E+20,5.39407E+21,9.26491E+15,4.86994E+16
112895,112896,8,3,11,0,2016,5,23,2,3,0,1,2,1,1,0,0,0,0,0,4.13538E+20,5.3164E+21,7.84103E+15,4.79951E+16
112896,112897,8,1,18,48,2016,5,16,6,3,2,6,0,0,0,1,0,0,0,0,5.14511E+20,5.41592E+21,9.19798E+15,4.88961E+16
112897,112898,8,3,17,47,2016,5,22,7,3,6,2,2,0,0,1,1,0,0,0,4.21461E+20,5.36122E+21,7.93892E+15,4.83993E+16
112898,112899,8,2,21,0,2016,5,8,4,2,4,6,0,0,1,0,0,0,0,0,4.74904E+20,5.47274E+21,8.65406E+15,4.94068E+16
112899,112900,8,1,11,0,2016,5,19,5,3,4,1,2,1,0,1,0,0,0,0,5.17379E+20,5.40481E+21,9.23664E+15,4.87961E+16
112900,112901,8,3,11,0,2016,5,20,2,3,5,3,1,0,1,1,0,0,0,0,4.14204E+20,5.31816E+21,7.84959E+15,4.80109E+16
112901,112902,8,2,15,17,2016,5,0,3,3,5,3,2,1,1,1,0,0,0,0,4.56614E+20,5.42162E+21,8.40747E+15,4.8946E+16
112902,112903,8,2,26,96,2016,5,16,6,3,5,3,0,0,0,1,0,0,0,0,4.79793E+20,5.48424E+21,8.72087E+15,4.95105E+16
112903,112904,8,4,37,86,2016,5,8,4,3,5,3,0,0,0,1,0,0,0,0,5.28593E+20,5.31097E+21,9.38295E+15,4.79514E+16
112904,112905,8,4,35,30,2016,5,15,3,3,2,6,0,0,1,1,0,0,0,0,5.41459E+20,5.27219E+21,9.55155E+15,4.76018E+16
112905,112906,8,2,22,0,2016,5,7,4,3,4,2,0,0,0,1,0,0,0,0,4.61366E+20,5.4866E+21,8.46609E+15,4.95308E+16
112906,112907,8,3,37,126,2016,5,10,5,3,5,3,0,1,0,1,0,0,0,0,4.42918E+20,5.2739E+21,8.2404E+15,4.7616E+16
112907,112908,8,4,35,16,2016,5,15,3,3,0,7,0,0,1,0,0,0,0,0,5.36248E+20,5.27876E+21,9.48277E+15,4.76612E+16