FID,OBJECTID,ULAND,UREGBEZ,UKREIS,UGEMEINDE,UJAHR,UMONAT,USTUNDE,UWOCHENTAG,UKATEGORIE,UART,UTYP1,ULICHTVERH,IstStrasse,IstRad,IstPKW,IstFuss,IstKrad,IstGkfz,IstSonstig,LINREFX,LINREFY,XGCSWGS84,YGCSWGS84
112908,112909,8,3,35,63,2016,5,19,7,3,1,5,0,1,1,1,0,0,0,0,4.96926E+20,5.288E+21,8.95899E+15,4.77453E+16
112909,112910,8,3,15,50,2016,5,5,7,3,8,1,1,1,0,1,0,0,0,0,3.9885E+20,5.30327E+21,7.64727E+15,4.78748E+16
112910,112911,8,2,22,0,2016,5,15,4,3,5,3,0,0,1,1,0,0,0,0,4.61882E+20,5.48469E+21,8.47341E+15,4.95137E+16
112911,112912,8,2,12,0,2016,5,9,2,3,0,1,0,0,1,1,0,0,0,0,4.61544E+20,5.42749E+21,8.47425E+15,4.89991E+16
112912,112913,8,2,12,0,2016,5,19,3,3,4,6,0,0,1,0,0,0,0,0,4.52469E+20,5.42829E+21,8.35008E+15,4.90056E+16
112913,112914,8,4,36,64,2016,5,15,4,3,0,7,0,1,1,0,0,0,0,0,5.46121E+20,5.29227E+21,9.61569E+15,4.77821E+16
112914,112915,8,4,21,0,2016,5,16,3,3,5,3,0,0,1,1,0,0,0,0,5.73121E+20,5.361E+21,9.98785E+15,4.8398E+16
112915,112916,8,2,22,0,2016,5,13,4,3,1,7,0,0,0,1,0,1,0,0,4.63222E+20,5.47794E+21,8.49255E+15,4.9453E+16
112916,112917,8,2,15,9,2016,5,14,5,3,3,6,0,0,0,1,1,0,0,0,4.65666E+20,5.43921E+21,8.52961E+15,4.91048E+16
112917,112918,8,3,36,14,2016,5,9,5,3,1,5,0,1,1,0,0,0,0,1,3.92221E+20,5.27885E+21,7.56471E+15,4.76541E+16
112918,112919,8,2,15,17,2016,5,16,3,3,5,2,0,0,0,1,0,0,0,0,4.55412E+20,5.42116E+21,8.3911E+15,4.89417E+16
112919,112920,8,3,37,22,2016,5,15,3,3,5,3,0,0,1,1,0,0,0,0,4.4987E+20,5.29591E+21,8.33036E+15,4.78146E+16
112920,112921,8,2,26,41,2016,5,1,7,3,5,3,2,1,0,1,0,0,0,0,4.76904E+20,5.46637E+21,8.682E+15,4.93496E+16
112921,112922,8,2,26,38,2016,5,7,4,2,5,5,0,0,1,1,0,0,0,0,4.71923E+20,5.48002E+21,8.61246E+15,4.94722E+16
112922,112923,8,2,12,0,2016,5,12,2,3,0,7,0,0,0,1,0,0,0,1,4.61606E+20,5.42609E+21,8.47522E+15,4.89865E+16
112923,112924,8,2,11,0,2016,5,22,3,3,0,7,2,0,1,0,0,0,0,0,4.40593E+20,5.40427E+21,8.1912E+15,4.87886E+16
112924,112925,8,4,35,59,2016,5,15,4,3,8,2,0,1,1,0,0,0,0,1,5.12481E+20,5.29013E+21,9.16656E+15,4.77644E+16
112925,112926,8,3,35,63,2016,5,17,3,3,0,1,0,0,1,0,0,0,0,0,4.95409E+20,5.28893E+21,8.93875E+15,4.77537E+16
112926,112927,8,1,18,11,2016,5,13,6,3,4,7,0,0,0,1,0,0,0,0,5.04071E+20,5.4076E+21,9.05546E+15,4.88214E+16
112927,112928,8,2,22,0,2016,5,11,4,3,5,3,0,0,0,1,0,1,0,0,4.62527E+20,5.48107E+21,8.48267E+15,4.94811E+16
112928,112929,8,2,15,7,2016,5,21,5,3,5,3,2,1,0,1,0,0,0,0,4.78129E+20,5.43209E+21,8.70074E+15,4.90413E+16
112929,112930,8,3,36,91,2016,5,15,5,3,8,7,0,1,0,1,0,0,0,0,3.96007E+20,5.27446E+21,7.61615E+15,4.76152E+16
112930,112931,8,2,16,28,2016,5,7,3,3,4,6,0,0,0,1,0,1,0,0,4.26506E+20,5.39599E+21,8.00093E+15,4.87126E+16
112931,112932,8,2,26,59,2016,5,17,6,3,5,3,0,1,1,1,0,0,0,0,4.64773E+20,5.45956E+21,8.51558E+15,4.92878E+16
112932,112933,8,3,35,43,2016,5,18,3,3,2,6,0,0,0,1,0,0,0,0,5.13437E+20,5.27927E+21,9.17898E+15,4.76667E+16
112933,112934,8,1,15,28,2016,5,10,7,3,6,4,0,0,0,1,1,0,0,0,4.98899E+20,5.40109E+21,8.98502E+15,4.87629E+16
112934,112935,8,2,31,0,2016,5,8,2,3,2,6,0,0,0,1,0,0,0,0,4.77796E+20,5.4161E+21,8.69705E+15,4.88974E+16
112935,112936,8,1,18,47,2016,5,9,6,3,5,3,0,1,0,1,0,0,0,0,5.0832E+20,5.42722E+21,9.11375E+15,4.89978E+16
112936,112937,8,3,25,49,2016,5,8,2,3,6,4,0,0,0,1,1,0,0,0,4.72521E+20,5.33446E+21,8.63047E+15,4.81628E+16
112937,112938,8,1,15,21,2016,5,10,7,3,0,7,0,0,1,0,0,0,0,0,4.91275E+20,5.38265E+21,8.88166E+15,4.85969E+16
112938,112939,8,2,31,0,2016,5,18,2,3,1,1,0,0,0,1,0,0,0,0,4.77893E+20,5.41524E+21,8.69841E+15,4.88897E+16
112939,112940,8,1,18,73,2016,5,12,3,2,5,3,0,1,1,0,0,0,0,0,4.96288E+20,5.42241E+21,8.94929E+15,4.89546E+16
112940,112941,8,3,27,46,2016,5,12,3,3,5,3,0,0,0,1,0,0,0,0,4.79868E+20,5.32388E+21,8.72976E+15,4.80679E+16
112941,112942,8,1,15,15,2016,5,0,6,3,1,1,2,0,0,1,0,0,1,0,4.92767E+20,5.38718E+21,8.90182E+15,4.86376E+16
112942,112943,8,3,17,40,2016,5,18,2,3,5,3,0,0,1,1,0,0,0,0,4.31267E+20,5.34908E+21,8.07336E+15,4.82912E+16
112943,112944,8,2,16,43,2016,5,13,4,3,0,7,0,0,0,0,0,0,0,1,4.41598E+20,5.41176E+21,8.20381E+15,4.88561E+16
112944,112945,8,2,12,0,2016,5,18,5,2,4,2,0,0,1,1,0,0,0,0,4.55883E+20,5.42762E+21,8.39683E+15,4.89999E+16
112945,112946,8,4,37,44,2016,5,15,4,2,5,3,0,0,1,1,0,0,0,0,5.32599E+20,5.32306E+21,9.43751E+15,4.806E+16
112946,112947,8,1,36,19,2016,5,12,3,3,0,1,0,1,1,0,0,0,0,0,5.81114E+20,5.42381E+21,1.01081E+16,4.89619E+16
112947,112948,8,2,21,0,2016,5,12,6,3,2,6,0,0,0,1,0,0,0,0,4.77195E+20,5.47128E+21,8.68572E+15,4.93938E+16
112948,112949,8,4,26,21,2016,5,15,4,2,5,3,0,0,1,1,0,0,0,0,5.59703E+20,5.32926E+21,9.80213E+15,4.81138E+16
112949,112950,8,3,27,50,2016,5,16,3,3,6,6,0,0,0,1,1,0,0,0,4.85999E+20,5.3139E+21,8.81238E+15,4.79783E+16
112950,112951,8,1,11,0,2016,5,10,7,3,5,2,0,0,0,1,0,0,0,0,5.16935E+20,5.4099E+21,9.23081E+15,4.88419E+16
112951,112952,8,2,26,41,2016,5,7,2,3,0,7,0,1,1,0,0,0,0,1,4.76125E+20,5.46388E+21,8.67142E+15,4.93272E+16
112952,112953,8,1,15,3,2016,5,9,6,3,1,5,0,1,1,1,0,0,0,0,5.0172E+20,5.39198E+21,9.02337E+15,4.86808E+16
112953,112954,8,4,17,2,2016,5,22,7,2,6,4,2,1,0,1,1,0,0,0,4.89461E+20,5.34668E+21,8.85797E+15,4.82732E+16
112954,112955,8,2,26,98,2016,5,19,7,3,5,3,0,0,1,1,0,0,0,0,4.77169E+20,5.45992E+21,8.68602E+15,4.92916E+16
112955,112956,8,2,15,66,2016,5,19,4,3,0,7,0,0,1,0,0,0,0,0,4.60314E+20,5.45392E+21,8.45483E+15,4.92367E+16
112956,112957,8,2,26,96,2016,5,10,7,3,5,3,0,0,1,1,0,0,0,0,4.76395E+20,5.4891E+21,8.67364E+15,4.9554E+16
112957,112958,8,2,15,9,2016,5,11,4,3,5,3,0,0,0,1,0,1,0,0,4.69908E+20,5.44085E+21,8.58759E+15,4.91198E+16
112958,112959,8,2,16,43,2016,5,6,5,3,5,3,0,1,1,1,0,0,0,0,4.40068E+20,5.41337E+21,8.18273E+15,4.88704E+16
112959,112960,8,4,16,41,2016,5,16,4,3,0,1,0,0,1,0,0,0,0,0,5.04341E+20,5.37371E+21,9.05879E+15,4.85165E+16
112960,112961,8,2,26,37,2016,5,19,2,3,2,6,0,0,0,1,0,0,0,0,4.6628E+20,5.46967E+21,8.53545E+15,4.93788E+16
112961,112962,8,1,35,15,2016,5,21,3,3,5,3,2,0,0,1,0,0,0,0,5.7578E+20,5.38607E+21,1.00283E+16,4.86231E+16
112962,112963,8,2,26,85,2016,5,8,6,3,2,6,0,0,1,1,0,0,0,0,4.92743E+20,5.45312E+21,8.90032E+15,4.92308E+16
112963,112964,8,4,16,41,2016,5,19,4,3,5,3,0,1,1,1,0,0,0,0,5.04533E+20,5.37655E+21,9.06141E+15,4.8542E+16
112964,112965,8,3,26,74,2016,5,11,3,3,5,3,0,0,1,1,0,0,0,0,4.58968E+20,5.32265E+21,8.44934E+15,4.80558E+16
112965,112966,8,3,36,50,2016,5,15,5,3,3,6,0,1,1,1,0,0,0,0,3.99446E+20,5.27371E+21,7.66207E+15,4.7609E+16
112966,112967,8,2,26,84,2016,5,9,7,3,1,7,0,0,1,1,0,0,0,0,4.68864E+20,5.47071E+21,8.57096E+15,4.93883E+16
112967,112968,8,3,35,28,2016,5,6,7,3,9,1,1,1,0,1,0,0,0,0,4.84732E+20,5.28768E+21,8.79633E+15,4.77423E+16
112968,112969,8,2,12,0,2016,5,21,4,3,5,3,1,1,0,1,0,0,0,0,4.60354E+20,5.42989E+21,8.45774E+15,4.90206E+16
112969,112970,8,2,22,0,2016,5,16,2,3,5,3,0,1,1,1,0,0,0,0,4.61927E+20,5.48499E+21,8.47401E+15,4.95163E+16
112970,112971,8,1,35,16,2016,5,18,3,2,0,3,0,0,0,0,0,1,0,1,5.90811E+20,5.38194E+21,1.02314E+16,4.8584E+16
112971,112972,8,3,17,5,2016,5,19,3,3,4,1,0,0,1,1,0,0,0,0,4.24264E+20,5.37695E+21,7.97393E+15,4.85411E+16
112972,112973,8,2,22,0,2016,5,17,2,3,3,6,0,0,0,1,0,1,0,0,4.6054E+20,5.4858E+21,8.45476E+15,4.95236E+16
112973,112974,8,1,35,19,2016,5,16,3,2,0,2,0,0,0,0,0,1,0,0,5.8691E+20,5.39424E+21,1.01811E+16,4.86951E+16
112974,112975,8,4,15,61,2016,5,6,4,2,5,7,0,0,1,1,0,0,0,0,5.1479E+20,5.37216E+21,9.20022E+15,4.85024E+16
112975,112976,8,2,12,0,2016,5,8,4,3,6,7,0,0,1,0,1,0,0,0,4.55758E+20,5.42874E+21,8.395E+15,4.901E+16
112976,112977,8,3,35,75,2016,5,14,5,3,2,5,0,1,0,1,0,0,0,1,4.92105E+20,5.2887E+21,8.89467E+15,4.77516E+16
112977,112978,8,2,12,0,2016,5,10,4,3,0,7,0,0,1,0,0,0,0,0,4.57636E+20,5.42877E+21,8.42068E+15,4.90104E+16
112978,112979,8,1,11,0,2016,5,7,7,3,4,1,0,1,0,1,0,0,0,0,5.11063E+20,5.39969E+21,9.15051E+15,4.87501E+16
112979,112980,8,2,22,0,2016,5,16,2,3,2,6,0,0,0,1,0,0,0,0,4.62438E+20,5.47816E+21,8.48172E+15,4.94549E+16
112980,112981,8,1,28,7,2016,5,13,3,3,0,3,0,0,1,0,0,0,1,0,5.55206E+20,5.48308E+21,9.76241E+15,4.94978E+16
112981,112982,8,3,16,56,2016,5,8,3,3,5,3,0,1,0,1,0,1,0,0,4.23264E+20,5.32674E+21,7.96952E+15,4.80893E+16
112982,112983,8,1,11,0,2016,5,20,6,3,6,7,1,1,0,1,1,0,0,0,5.13189E+20,5.4037E+21,9.17955E+15,4.87861E+16
112983,112984,8,3,17,65,2016,5,1,2,3,0,7,2,0,1,0,0,0,0,0,4.12968E+20,5.35556E+21,7.82536E+15,4.83472E+16
112984,112985,8,1,36,65,2016,5,14,4,3,5,3,0,0,0,1,0,0,0,0,5.58348E+20,5.40474E+21,9.79444E+15,4.87929E+16
112985,112986,8,2,25,109,2016,5,17,5,2,4,1,0,1,0,1,0,0,0,0,5.25972E+20,5.49268E+21,9.35932E+15,4.95861E+16
112986,112987,8,3,35,75,2016,5,10,5,3,2,6,0,1,0,1,0,0,0,0,4.88367E+20,5.29004E+21,8.84477E+15,4.77636E+16
112987,112988,8,4,15,61,2016,5,2,4,3,0,1,2,0,1,0,0,0,0,0,5.15948E+20,5.37036E+21,9.21582E+15,4.84862E+16
112988,112989,8,1,28,126,2016,5,15,3,2,3,2,0,0,1,1,0,0,0,0,5.65355E+20,5.4821E+21,9.90239E+15,4.9488E+16
112989,112990,8,2,15,106,2016,5,10,6,3,2,6,0,1,0,1,0,0,0,0,4.66676E+20,5.45466E+21,8.54215E+15,4.92438E+16
112990,112991,8,1,36,88,2016,5,16,4,3,0,6,0,0,1,0,0,0,0,1,5.78883E+20,5.40855E+21,1.00747E+16,4.88249E+16
112991,112992,8,1,27,76,2016,5,8,5,2,0,1,0,0,1,0,0,0,0,0,5.54406E+20,5.44058E+21,9.74557E+15,4.91156E+16
112992,112993,8,3,35,75,2016,5,15,5,3,5,3,0,1,0,1,0,0,0,0,4.88285E+20,5.29019E+21,8.84366E+15,4.77649E+16
112993,112994,8,1,19,68,2016,5,16,3,3,2,6,0,1,0,1,0,0,0,0,5.26516E+20,5.41294E+21,9.36158E+15,4.88689E+16
112994,112995,8,3,16,56,2016,5,15,3,3,7,1,0,0,1,0,0,0,0,0,4.22802E+20,5.3272E+21,7.96323E+15,4.80934E+16
112995,112996,8,4,36,52,2016,5,10,6,3,2,6,0,1,0,1,0,0,0,0,5.66714E+20,5.2913E+21,9.89043E+15,4.77716E+16
112996,112997,8,2,22,0,2016,5,17,2,3,5,3,0,0,1,1,0,0,0,0,4.6433E+20,5.48514E+21,8.50719E+15,4.95178E+16
112997,112998,8,3,16,11,2016,5,12,3,3,5,3,0,1,0,1,0,0,0,0,4.14668E+20,5.32916E+21,7.85362E+15,4.811E+16
112998,112999,8,1,11,0,2016,5,11,6,3,5,3,0,1,1,1,0,0,0,0,5.16674E+20,5.40696E+21,9.22713E+15,4.88154E+16
112999,113000,8,3,17,57,2016,5,12,2,2,5,3,0,0,1,0,0,0,1,0,4.1269E+20,5.38101E+21,7.8163E+15,4.85761E+16
113000,113001,8,2,22,0,2016,5,12,7,3,1,5,0,0,0,1,0,0,0,0,4.6331E+20,5.48292E+21,8.4933E+15,4.94978E+16
113001,113002,8,1,19,85,2016,5,17,5,3,2,6,0,0,1,0,0,0,0,1,5.28265E+20,5.41271E+21,9.3854E+15,4.88667E+16
113002,113003,8,4,15,14,2016,5,18,4,3,0,1,0,0,1,0,0,0,0,0,5.27571E+20,5.37432E+21,9.37339E+15,4.85214E+16
113003,113004,8,2,22,0,2016,5,13,2,3,5,5,0,0,1,1,0,0,0,0,4.64148E+20,5.48473E+21,8.50471E+15,4.95141E+16
113004,113005,8,1,18,60,2016,5,8,3,3,1,7,0,0,0,0,0,1,0,1,5.2484E+20,5.43119E+21,9.33984E+15,4.90331E+16
113005,113006,8,2,15,21,2016,5,16,6,3,2,6,0,0,0,1,0,0,0,0,4.69246E+20,5.44455E+21,8.57824E+15,4.9153E+16
113006,113007,8,3,35,63,2016,5,20,4,3,4,6,0,0,1,0,0,0,0,0,4.98779E+20,5.28795E+21,8.98371E+15,4.7745E+16
113007,113008,8,3,15,108,2016,5,9,3,3,5,3,0,1,0,1,0,0,0,1,4.04466E+20,5.30403E+21,7.72219E+15,4.78825E+16
113008,113009,8,2,22,0,2016,5,9,2,3,5,5,0,0,1,1,0,0,0,0,4.6771E+20,5.4844E+21,8.55395E+15,4.95114E+16
113009,113010,8,3,35,43,2016,5,21,4,3,0,1,1,0,1,0,0,0,0,0,5.14411E+20,5.27942E+21,9.19197E+15,4.7668E+16
113010,113011,8,3,11,0,2016,5,21,3,3,0,1,2,0,1,0,0,0,0,0,4.16732E+20,5.31545E+21,7.88401E+15,4.79869E+16
113011,113012,8,4,26,21,2016,5,19,6,3,5,3,0,1,1,1,0,0,0,0,5.59656E+20,5.32668E+21,9.80113E+15,4.80906E+16
113012,113013,8,2,26,18,2016,5,9,2,3,5,3,0,0,1,1,0,0,0,0,4.73234E+20,5.47213E+21,8.63109E+15,4.94013E+16
113013,113014,8,1,11,0,2016,5,13,6,3,4,6,0,1,0,1,0,0,1,0,5.06315E+20,5.40655E+21,9.08602E+15,4.88119E+16
113014,113015,8,2,22,0,2016,5,20,7,3,4,2,0,0,0,1,0,0,0,0,4.63356E+20,5.48446E+21,8.49379E+15,4.95117E+16
113015,113016,8,1,35,31,2016,5,8,4,3,5,3,0,0,0,1,0,0,0,0,5.96129E+20,5.37919E+21,1.03028E+16,4.85585E+16
113016,113017,8,3,35,63,2016,5,8,4,2,4,6,0,0,1,0,0,0,0,0,4.978E+20,5.28767E+21,8.97065E+15,4.77424E+16
113017,113018,8,2,15,9,2016,5,10,2,3,0,6,0,0,0,0,0,0,0,1,4.71655E+20,5.44115E+21,8.61152E+15,4.91225E+16
113018,113019,8,1,18,3,2016,5,18,3,3,5,3,0,1,1,1,0,0,0,0,5.10074E+20,5.41669E+21,9.13746E+15,4.89031E+16
113019,113020,8,2,15,84,2016,5,13,6,3,5,3,0,0,0,1,0,0,0,0,4.72022E+20,5.44721E+21,8.61612E+15,4.91771E+16
113020,113021,8,3,27,54,2016,5,18,4,3,5,3,0,0,0,1,0,0,0,0,4.83226E+20,5.31672E+21,8.77512E+15,4.80036E+16
113021,113022,8,3,11,0,2016,5,13,3,2,3,6,0,0,0,1,0,0,0,1,4.14066E+20,5.32072E+21,7.84723E+15,4.8034E+16
113022,113023,8,1,35,19,2016,5,14,4,2,6,4,0,0,0,1,1,0,0,0,5.85038E+20,5.39215E+21,1.01552E+16,4.86766E+16
113023,113024,8,3,26,74,2016,5,16,5,3,4,6,0,1,0,1,0,0,0,0,4.61355E+20,5.3243E+21,8.48123E+15,4.80708E+16
113024,113025,8,2,26,12,2016,5,10,7,3,5,3,0,0,1,1,0,0,0,0,4.75992E+20,5.47678E+21,8.66882E+15,4.94432E+16
113025,113026,8,1,28,131,2016,5,19,4,3,5,1,0,0,0,1,0,1,0,0,5.38608E+20,5.50816E+21,9.53566E+15,4.97247E+16
113026,113027,8,1,27,14,2016,5,7,4,2,3,6,0,1,1,1,0,0,0,0,5.78295E+20,5.44291E+21,1.00733E+16,4.9134E+16
113027,113028,8,2,15,108,2016,5,14,2,3,1,2,0,0,0,1,0,1,0,0,4.48221E+20,5.42354E+21,8.29261E+15,4.89626E+16
113028,113029,8,1,18,11,2016,5,9,3,3,6,7,0,1,0,0,1,0,0,1,5.0456E+20,5.40893E+21,9.06214E+15,4.88333E+16
113029,113030,8,3,25,72,2016,5,12,4,3,5,3,0,0,1,1,0,0,0,0,4.70952E+20,5.32898E+21,8.60973E+15,4.81134E+16
113030,113031,8,3,11,0,2016,5,13,3,3,1,5,0,0,0,1,0,1,0,0,4.09834E+20,5.31583E+21,7.79151E+15,4.79894E+16
113031,113032,8,1,25,1,2016,5,11,4,3,5,3,0,0,0,1,0,0,0,0,5.21022E+20,5.43534E+21,9.28782E+15,4.90706E+16
113032,113033,8,1,19,85,2016,5,14,5,3,5,3,0,0,1,1,0,0,0,0,5.28825E+20,5.41365E+21,9.39311E+15,4.88751E+16
113033,113034,8,3,17,65,2016,5,16,5,3,1,7,0,1,1,0,0,0,0,1,4.1493E+20,5.35458E+21,7.85204E+15,4.83387E+16
113034,113035,8,1,16,19,2016,5,14,3,2,5,3,0,1,0,1,0,1,0,0,5.2336E+20,5.39659E+21,9.31762E+15,4.87219E+16
113035,113036,8,3,11,0,2016,5,13,3,3,6,4,0,0,0,1,1,0,0,0,4.14116E+20,5.31609E+21,7.84883E+15,4.79924E+16
113036,113037,8,4,25,33,2016,5,15,6,2,0,1,0,0,0,1,0,0,0,0,5.46836E+20,5.34696E+21,9.63122E+15,4.82741E+16
113037,113038,8,2,15,17,2016,5,12,2,3,0,6,0,0,1,1,0,0,0,0,4.5573E+20,5.42176E+21,8.39538E+15,4.89471E+16
113038,113039,8,1,11,0,2016,5,20,3,3,5,3,0,0,1,1,0,0,0,0,5.12741E+20,5.40888E+21,9.17361E+15,4.88328E+16
113039,113040,8,3,11,0,2016,5,11,3,3,5,2,0,0,1,1,0,0,0,0,4.13144E+20,5.31562E+21,7.8359E+15,4.7988E+16
113040,113041,8,1,11,0,2016,5,14,6,3,0,1,0,1,1,0,0,0,0,0,5.12457E+20,5.4015E+21,9.16952E+15,4.87664E+16
113041,113042,8,2,12,0,2016,5,20,2,3,2,6,0,0,0,1,0,1,0,0,4.55363E+20,5.42871E+21,8.38961E+15,4.90096E+16
113042,113043,8,1,11,0,2016,5,2,3,2,0,1,2,0,1,0,0,0,0,0,5.11847E+20,5.40147E+21,9.16122E+15,4.87661E+16
113043,113044,8,2,12,0,2016,5,11,3,3,6,4,0,0,0,1,1,0,0,0,4.58953E+20,5.42889E+21,8.43868E+15,4.90116E+16
113044,113045,8,4,36,81,2016,5,15,5,2,0,1,0,1,0,0,0,1,0,0,5.62546E+20,5.28159E+21,9.83341E+15,4.76846E+16
113045,113046,8,1,25,5,2016,5,18,4,3,5,3,0,0,0,1,0,0,0,0,5.15932E+20,5.45363E+21,9.21885E+15,4.92353E+16
113046,113047,8,1,19,55,2016,5,19,5,3,0,1,0,0,0,0,0,1,0,0,5.43205E+20,5.40509E+21,9.58831E+15,4.87973E+16
113047,113048,8,3,16,11,2016,5,17,5,2,5,3,0,1,1,1,0,0,0,0,4.15793E+20,5.32855E+21,7.86886E+15,4.81046E+16
113048,113049,8,1,11,0,2016,5,16,3,1,6,4,0,1,0,0,1,0,0,1,5.12527E+20,5.4029E+21,9.17051E+15,4.87789E+16
113049,113050,8,2,12,0,2016,5,20,6,3,5,3,0,0,1,0,0,0,0,0,4.57086E+20,5.42864E+21,8.41317E+15,4.90091E+16
113050,113051,8,2,12,0,2016,5,7,3,3,2,6,0,1,0,1,0,0,0,0,4.54266E+20,5.42886E+21,8.37459E+15,4.90109E+16
113051,113052,8,4,25,33,2016,5,5,6,3,5,3,1,1,1,1,0,0,0,0,5.52527E+20,5.34851E+21,9.7081E+15,4.82876E+16
113052,113053,8,1,36,66,2016,5,15,2,3,5,3,0,0,0,1,0,0,0,0,5.55957E+20,5.41496E+21,9.76328E+15,4.88851E+16
113053,113054,8,4,36,64,2016,5,18,5,3,2,1,0,1,1,1,0,0,0,0,5.43807E+20,5.29191E+21,9.58476E+15,4.77791E+16
113054,113055,8,2,16,52,2016,5,22,7,2,0,1,2,0,1,0,0,0,0,0,4.4107E+20,5.41608E+21,8.196E+15,4.88949E+16
113055,113056,8,1,19,20,2016,5,13,5,3,5,3,0,0,1,1,0,0,0,0,5.19097E+20,5.40693E+21,9.26013E+15,4.88151E+16
113056,113057,8,1,25,65,2016,5,11,4,2,9,1,0,0,0,1,0,0,0,0,5.16352E+20,5.44903E+21,9.22444E+15,4.91939E+16
113057,113058,8,1,18,79,2016,5,13,5,3,6,6,0,1,0,1,1,0,0,0,5.0983E+20,5.42194E+21,9.13426E+15,4.89503E+16
113058,113059,8,3,15,15,2016,5,14,5,3,6,7,0,1,0,1,1,0,0,0,3.95071E+20,5.32064E+21,7.59252E+15,4.80305E+16
113059,113060,8,3,17,96,2016,5,16,4,3,6,4,0,1,0,1,1,0,0,0,4.21418E+20,5.36985E+21,7.93671E+15,4.84769E+16
113060,113061,8,1,11,0,2016,5,19,3,3,2,6,0,0,1,1,0,0,0,0,5.13375E+20,5.402E+21,9.18203E+15,4.87709E+16
113061,113062,8,2,12,0,2016,5,8,6,3,5,3,0,1,0,1,0,1,0,0,4.55676E+20,5.42923E+21,8.39382E+15,4.90144E+16
113062,113063,8,3,17,96,2016,5,17,4,3,6,6,0,1,1,0,1,0,0,0,4.22714E+20,5.36893E+21,7.95442E+15,4.84688E+16
113063,113064,8,2,12,0,2016,5,13,3,3,5,3,0,1,1,0,0,0,0,1,4.55948E+20,5.42589E+21,8.39791E+15,4.89843E+16
113064,113065,8,4,16,41,2016,5,5,6,2,5,3,1,1,1,1,0,0,0,0,5.0429E+20,5.37405E+21,9.05809E+15,4.85195E+16
113065,113066,8,1,36,88,2016,5,16,2,3,1,1,0,0,1,1,0,0,0,0,5.79305E+20,5.40901E+21,1.00806E+16,4.8829E+16
113066,113067,8,4,35,59,2016,5,7,5,3,0,7,0,1,1,0,0,0,0,0,5.12694E+20,5.29031E+21,9.1694E+15,4.7766E+16
113067,113068,8,2,12,0,2016,5,19,7,3,2,7,0,0,0,1,0,1,0,0,4.57443E+20,5.42885E+21,8.41803E+15,4.90111E+16
113068,113069,8,1,21,0,2016,5,13,4,3,0,1,0,0,0,0,0,1,0,0,5.16117E+20,5.44261E+21,9.22095E+15,4.91361E+16
113069,113070,8,1,28,115,2016,5,7,2,2,6,4,0,0,0,1,1,0,0,0,5.48524E+20,5.49723E+21,9.67187E+15,4.96257E+16
113070,113071,8,1,11,0,2016,5,17,3,3,0,1,0,1,1,0,1,0,0,0,5.12569E+20,5.40922E+21,9.17128E+15,4.88359E+16
113071,113072,8,3,17,153,2016,5,18,4,2,5,3,1,1,1,1,0,0,0,0,4.21628E+20,5.39112E+21,7.93555E+15,4.86682E+16
113072,113073,8,3,17,57,2016,5,13,4,3,8,7,0,0,1,0,0,0,0,0,4.13552E+20,5.37869E+21,7.82848E+15,4.85553E+16
113073,113074,8,1,21,0,2016,5,13,2,3,3,2,0,0,0,1,0,0,0,1,5.16251E+20,5.4434E+21,9.22282E+15,4.91432E+16
113074,113075,8,1,11,0,2016,5,14,3,3,5,3,0,1,0,1,0,0,0,0,5.07242E+20,5.39761E+21,9.09849E+15,4.87314E+16
113075,113076,8,1,17,14,2016,5,15,6,2,8,6,0,0,1,1,0,0,0,0,5.51696E+20,5.38414E+21,9.7013E+15,4.86082E+16
113076,113077,8,3,17,1,2016,5,10,4,3,5,3,0,0,1,1,0,0,0,0,4.30713E+20,5.38653E+21,8.05969E+15,4.8628E+16
113077,113078,8,2,12,0,2016,5,6,3,2,5,3,0,0,0,1,0,1,0,0,4.57818E+20,5.4289E+21,8.42315E+15,4.90116E+16
113078,113079,8,3,35,43,2016,5,7,6,3,5,3,0,1,1,1,0,0,0,0,5.12941E+20,5.27911E+21,9.17237E+15,4.76652E+16
113079,113080,8,1,36,9,2016,5,8,7,3,5,3,0,0,0,1,0,0,0,0,5.68087E+20,5.40694E+21,9.92739E+15,4.88117E+16
113080,113081,8,3,36,69,2016,5,21,7,3,9,1,2,0,0,1,0,0,0,0,4.11399E+20,5.27471E+21,7.82087E+15,4.76197E+16
113081,113082,8,1,17,26,2016,5,15,4,3,0,2,0,0,1,1,0,0,0,0,5.4844E+20,5.39441E+21,9.65834E+15,4.87008E+16
113082,113083,8,1,19,85,2016,5,14,2,3,2,6,0,0,0,1,0,1,0,0,5.29441E+20,5.41403E+21,9.40154E+15,4.88785E+16
113083,113084,8,1,11,0,2016,5,6,3,2,1,7,0,0,1,1,0,0,0,0,5.08031E+20,5.39613E+21,9.10918E+15,4.87182E+16
113084,113085,8,2,15,9,2016,5,19,3,2,0,7,0,0,0,0,1,0,1,0,4.67845E+20,5.44102E+21,8.55931E+15,4.91212E+16
113085,113086,8,1,17,33,2016,5,7,4,3,5,3,0,0,0,1,0,0,0,1,5.59315E+20,5.38715E+21,9.80508E+15,4.86346E+16