FID,OBJECTID,ULAND,UREGBEZ,UKREIS,UGEMEINDE,UJAHR,UMONAT,USTUNDE,UWOCHENTAG,UKATEGORIE,UART,UTYP1,ULICHTVERH,IstStrasse,IstRad,IstPKW,IstFuss,IstKrad,IstGkfz,IstSonstig,LINREFX,LINREFY,XGCSWGS84,YGCSWGS84
113086,113087,8,1,17,26,2016,5,11,5,3,5,3,0,0,0,1,0,0,0,0,5.48351E+20,5.39434E+21,9.65712E+15,4.87002E+16
113087,113088,8,3,36,50,2016,5,15,5,3,5,3,0,1,1,1,0,0,0,0,4.01121E+20,5.27603E+21,7.68384E+15,4.76302E+16
113088,113089,8,1,16,80,2016,5,16,4,3,5,6,0,0,1,0,0,1,0,0,5.17577E+20,5.39824E+21,9.23906E+15,4.87369E+16
113089,113090,8,3,11,0,2016,5,14,5,3,6,7,0,1,1,0,1,0,0,0,4.13249E+20,5.3169E+21,7.83705E+15,4.79995E+16
113090,113091,8,1,18,73,2016,5,13,7,2,6,4,0,0,0,1,1,0,0,0,4.9747E+20,5.41977E+21,8.96545E+15,4.89308E+16
113091,113092,8,1,16,19,2016,5,14,4,2,6,7,0,0,0,1,1,0,0,0,5.22635E+20,5.39888E+21,9.30788E+15,4.87425E+16
113092,113093,8,1,19,93,2016,5,15,2,3,6,7,0,0,0,1,1,0,0,0,5.23933E+20,5.40631E+21,9.32596E+15,4.88093E+16
113093,113094,8,4,26,97,2016,5,20,2,3,6,4,0,0,1,0,1,0,0,0,5.37233E+20,5.33383E+21,9.50065E+15,4.81566E+16
113094,113095,8,3,11,0,2016,5,8,4,3,5,2,0,0,1,0,0,0,1,0,4.13506E+20,5.31525E+21,7.84082E+15,4.79847E+16
113095,113096,8,2,26,96,2016,5,7,3,3,5,2,0,0,0,1,0,0,0,0,4.75098E+20,5.48756E+21,8.6558E+15,4.95402E+16
113096,113097,8,4,35,24,2016,5,15,5,3,0,7,0,1,1,0,0,0,0,0,5.27207E+20,5.27917E+21,9.36239E+15,4.76653E+16
113097,113098,8,1,15,28,2016,5,19,4,3,1,7,0,0,0,1,0,0,0,0,5.02391E+20,5.4043E+21,9.03256E+15,4.87917E+16
113098,113099,8,1,17,24,2016,5,12,5,3,5,3,0,0,0,1,0,1,0,0,5.61856E+20,5.38568E+21,9.83935E+15,4.86211E+16
113099,113100,8,3,11,0,2016,5,19,5,3,5,3,1,1,0,1,0,0,0,0,4.15222E+20,5.31768E+21,7.86333E+15,4.80068E+16
113100,113101,8,3,15,132,2016,5,17,4,3,5,3,0,0,1,1,0,0,0,0,4.09395E+20,5.32245E+21,7.78423E+15,4.80489E+16
113101,113102,8,4,21,0,2016,5,10,2,3,4,6,0,0,1,1,0,0,0,0,5.73766E+20,5.3612E+21,9.9966E+15,4.83996E+16
113102,113103,8,1,19,79,2016,5,18,6,3,5,3,0,0,1,1,0,0,0,0,5.2332E+20,5.41279E+21,9.31799E+15,4.88677E+16
113103,113104,8,3,11,0,2016,5,13,4,3,0,1,0,0,1,0,0,0,0,0,4.10958E+20,5.31642E+21,7.80644E+15,4.79949E+16
113104,113105,8,2,26,96,2016,5,16,3,3,5,3,0,1,1,1,0,0,0,0,4.76759E+20,5.48797E+21,8.67874E+15,4.95439E+16
113105,113106,8,3,26,52,2016,5,12,6,2,6,2,0,1,0,1,1,0,0,0,4.50206E+20,5.33039E+21,8.33086E+15,4.81249E+16
113106,113107,8,1,19,20,2016,5,12,2,3,2,6,0,0,0,1,0,0,0,0,5.21066E+20,5.40775E+21,9.28699E+15,4.88224E+16
113107,113108,8,4,15,50,2016,5,15,2,2,0,7,0,0,0,0,0,1,0,1,5.21389E+20,5.37831E+21,9.28987E+15,4.85575E+16
113108,113109,8,2,26,85,2016,5,17,3,3,5,3,0,1,0,1,0,1,0,0,4.88094E+20,5.45458E+21,8.83642E+15,4.92439E+16
113109,113110,8,3,26,5,2016,5,15,6,3,5,3,0,1,0,1,0,0,0,0,4.65421E+20,5.2985E+21,8.53788E+15,4.78389E+16
113110,113111,8,1,19,4,2016,5,19,2,3,0,1,0,0,0,0,0,1,0,0,5.41789E+20,5.4178E+21,9.57033E+15,4.89118E+16
113111,113112,8,4,16,41,2016,5,9,2,2,0,1,0,0,1,0,0,0,0,0,5.03425E+20,5.37307E+21,9.04637E+15,4.85107E+16
113112,113113,8,2,22,0,2016,5,15,3,3,1,5,0,1,0,1,0,0,0,0,4.62997E+20,5.48031E+21,8.48922E+15,4.94743E+16
113113,113114,8,4,16,41,2016,5,18,5,3,0,1,0,1,1,0,0,0,0,0,5.04613E+20,5.37315E+21,9.06246E+15,4.85114E+16
113114,113115,8,1,11,0,2016,5,22,4,3,0,7,2,0,0,1,1,0,0,0,5.14079E+20,5.40454E+21,9.1917E+15,4.87937E+16
113115,113116,8,1,16,33,2016,5,10,5,3,8,1,0,0,0,1,0,0,0,0,5.34468E+20,5.38783E+21,9.4679E+15,4.86426E+16
113116,113117,8,2,37,28,2016,5,15,4,3,5,3,0,0,1,1,0,0,0,0,4.56626E+20,5.36876E+21,8.41318E+15,4.84705E+16
113117,113118,8,1,15,45,2016,5,17,2,2,0,7,0,0,0,1,0,1,0,0,5.00548E+20,5.39443E+21,9.00744E+15,4.87029E+16
113118,113119,8,3,37,2,2016,5,11,2,2,0,1,0,0,1,0,0,0,0,0,4.33138E+20,5.27046E+21,8.11079E+15,4.75841E+16
113119,113120,8,1,19,84,2016,5,19,6,3,4,6,0,0,0,0,0,0,1,1,5.46407E+20,5.41371E+21,9.63289E+15,4.88746E+16
113120,113121,8,2,35,84,2016,5,16,4,2,9,1,0,0,0,1,0,0,0,0,4.78528E+20,5.39421E+21,8.70818E+15,4.87006E+16
113121,113122,8,2,22,0,2016,5,16,3,3,1,6,0,1,0,1,0,0,0,0,4.62318E+20,5.48416E+21,8.47949E+15,4.95089E+16
113122,113123,8,3,11,0,2016,5,13,6,3,3,6,0,1,0,1,0,0,0,0,4.10575E+20,5.31773E+21,7.80104E+15,4.80066E+16
113123,113124,8,1,17,15,2016,5,14,2,3,8,1,0,0,0,0,0,1,0,0,5.59991E+20,5.3959E+21,9.81553E+15,4.87132E+16
113124,113125,8,4,16,41,2016,5,11,5,2,6,4,0,0,0,1,1,0,0,0,5.04383E+20,5.37385E+21,9.05935E+15,4.85178E+16
113125,113126,8,1,11,0,2016,5,7,4,3,6,7,0,0,1,0,1,0,0,0,5.13428E+20,5.40325E+21,9.18279E+15,4.87821E+16
113126,113127,8,4,16,41,2016,5,18,5,3,0,1,0,1,1,0,0,0,0,0,5.0368E+20,5.37432E+21,9.04983E+15,4.8522E+16
113127,113128,8,1,18,73,2016,5,19,7,3,1,5,0,0,0,1,0,1,0,0,4.97847E+20,5.41927E+21,8.97061E+15,4.89264E+16
113128,113129,8,1,11,0,2016,5,13,4,3,2,6,0,0,0,1,0,0,0,1,5.15172E+20,5.40688E+21,9.20667E+15,4.88147E+16
113129,113130,8,1,16,79,2016,5,12,5,3,6,7,0,0,0,1,0,0,0,1,5.33783E+20,5.37911E+21,9.45789E+15,4.85642E+16
113130,113131,8,2,31,0,2016,5,16,4,2,0,1,0,0,1,0,0,0,0,0,4.79261E+20,5.41838E+21,8.71693E+15,4.8918E+16
113131,113132,8,1,16,16,2016,5,19,2,2,4,3,0,0,1,1,0,0,0,0,5.33436E+20,5.38531E+21,9.4537E+15,4.862E+16
113132,113133,8,3,36,91,2016,5,14,2,3,5,3,0,0,1,1,0,0,0,0,3.96438E+20,5.27212E+21,7.62244E+15,4.75942E+16
113133,113134,8,1,19,91,2016,5,8,6,2,5,7,0,1,1,0,0,0,0,1,5.28378E+20,5.40642E+21,9.38651E+15,4.88102E+16
113134,113135,8,2,26,95,2016,5,10,4,3,5,3,0,0,0,1,0,1,0,0,4.73476E+20,5.46182E+21,8.63511E+15,4.93086E+16
113135,113136,8,2,22,0,2016,5,13,3,2,0,7,0,1,1,0,0,0,0,0,4.64084E+20,5.47825E+21,8.50443E+15,4.94558E+16
113136,113137,8,2,26,41,2016,5,16,5,3,5,3,0,0,0,0,0,1,0,1,4.76781E+20,5.46691E+21,8.68027E+15,4.93545E+16
113137,113138,8,1,18,48,2016,5,21,7,3,2,6,2,0,0,1,0,1,0,0,5.13861E+20,5.41594E+21,9.18911E+15,4.88962E+16
113138,113139,8,3,35,55,2016,5,17,7,3,9,7,0,0,1,0,0,0,0,0,4.97123E+20,5.28469E+21,8.96164E+15,4.77156E+16
113139,113140,8,1,11,0,2016,5,0,4,3,5,2,2,0,1,1,0,0,0,0,5.12306E+20,5.40653E+21,9.16762E+15,4.88116E+16
113140,113141,8,1,15,45,2016,5,13,2,3,5,3,0,0,0,1,0,1,0,0,4.99463E+20,5.39483E+21,8.9927E+15,4.87065E+16
113141,113142,8,3,35,63,2016,5,14,2,3,1,5,0,0,1,1,0,0,0,0,4.97562E+20,5.28811E+21,8.96747E+15,4.77464E+16
113142,113143,8,1,15,45,2016,5,17,2,3,5,3,0,0,0,1,0,0,0,0,4.99629E+20,5.39518E+21,8.99496E+15,4.87096E+16
113143,113144,8,3,35,43,2016,5,17,2,3,0,1,0,0,1,0,0,0,0,0,5.13005E+20,5.27833E+21,9.17321E+15,4.76582E+16
113144,113145,8,2,26,96,2016,5,13,4,3,3,6,0,0,0,1,0,1,0,0,4.76029E+20,5.48517E+21,8.66882E+15,4.95186E+16
113145,113146,8,2,22,0,2016,5,18,3,3,2,6,0,1,0,1,0,0,0,0,4.61566E+20,5.48246E+21,8.46926E+15,4.94936E+16
113146,113147,8,1,11,0,2016,5,12,4,3,5,3,0,0,1,1,0,0,0,0,5.14759E+20,5.40441E+21,9.20095E+15,4.87925E+16
113147,113148,8,2,26,98,2016,5,17,5,3,5,3,0,1,0,1,0,1,0,0,4.76583E+20,5.46004E+21,8.67795E+15,4.92927E+16
113148,113149,8,3,11,0,2016,5,12,6,3,5,3,0,1,0,1,0,0,0,1,4.14946E+20,5.31689E+21,7.8598E+15,4.79997E+16
113149,113150,8,1,11,0,2016,5,6,2,2,5,3,0,0,1,0,0,0,0,1,5.16724E+20,5.40317E+21,9.22765E+15,4.87813E+16
113150,113151,8,1,15,3,2016,5,18,6,3,5,3,0,0,1,1,0,0,0,0,5.01727E+20,5.3932E+21,9.02347E+15,4.86918E+16
113151,113152,8,2,22,0,2016,5,12,3,3,5,3,0,0,1,1,0,0,0,0,4.61618E+20,5.48366E+21,8.46987E+15,4.95044E+16
113152,113153,8,2,26,32,2016,5,13,1,3,2,6,0,0,0,0,0,1,0,0,4.67069E+20,5.46493E+21,8.54671E+15,4.93362E+16
113153,113154,8,1,17,24,2016,5,11,2,3,0,7,0,1,0,1,0,0,0,0,5.62119E+20,5.38639E+21,9.84302E+15,4.86275E+16
113154,113155,8,4,25,33,2016,5,23,2,3,5,3,2,1,0,1,0,1,0,0,5.53801E+20,5.34794E+21,9.72521E+15,4.82824E+16
113155,113156,8,1,16,19,2016,5,5,5,3,5,2,1,1,1,1,0,0,0,0,5.20467E+20,5.39899E+21,9.2784E+15,4.87436E+16
113156,113157,8,1,17,26,2016,5,21,6,3,1,1,2,0,1,1,0,0,0,0,5.47229E+20,5.39488E+21,9.64194E+15,4.87051E+16
113157,113158,8,2,11,0,2016,5,14,2,3,6,4,0,0,0,1,1,0,0,0,4.42445E+20,5.40383E+21,8.21648E+15,4.87848E+16
113158,113159,8,4,35,16,2016,5,16,6,3,2,6,0,0,0,1,0,0,0,0,5.35835E+20,5.27772E+21,9.47719E+15,4.76518E+16
113159,113160,8,1,11,0,2016,5,14,3,3,5,3,0,0,1,1,0,0,0,0,5.11964E+20,5.40935E+21,9.16303E+15,4.8837E+16
113160,113161,8,1,18,48,2016,5,19,2,3,4,1,0,1,0,1,0,0,0,1,5.17075E+20,5.41534E+21,9.23294E+15,4.88908E+16
113161,113162,8,4,17,2,2016,5,11,7,3,2,2,0,0,0,1,0,0,0,0,4.88653E+20,5.34645E+21,8.84709E+15,4.82711E+16
113162,113163,8,4,25,104,2016,5,15,6,3,5,2,0,0,0,0,0,1,0,1,5.51292E+20,5.34276E+21,9.69075E+15,4.8236E+16
113163,113164,8,1,16,33,2016,5,17,5,3,5,3,0,0,0,1,0,1,0,0,5.32211E+20,5.38858E+21,9.43732E+15,4.86494E+16
113164,113165,8,3,37,2,2016,5,11,7,2,6,7,0,0,0,1,1,0,0,0,4.34975E+20,5.27157E+21,8.13506E+15,4.75943E+16
113165,113166,8,3,36,50,2016,5,20,7,3,2,6,0,0,0,1,0,0,0,0,4.01114E+20,5.27603E+21,7.68375E+15,4.76301E+16
113166,113167,8,4,37,76,2016,5,16,4,3,8,7,0,0,0,0,0,1,0,0,5.25015E+20,5.3221E+21,9.33568E+15,4.80517E+16
113167,113168,8,3,36,50,2016,5,13,7,3,5,3,0,0,0,1,0,0,0,0,3.99326E+20,5.27465E+21,7.66026E+15,4.76174E+16
113168,113169,8,1,16,78,2016,5,21,6,3,2,6,2,0,0,1,0,0,0,0,5.12838E+20,5.39323E+21,9.17444E+15,4.8692E+16
113169,113170,8,1,27,73,2016,5,21,2,3,4,6,2,1,0,1,0,1,0,0,5.84252E+20,5.44658E+21,1.01557E+16,4.91662E+16
113170,113171,8,4,25,104,2016,5,15,6,3,0,1,0,0,0,0,0,1,0,0,5.50935E+20,5.34313E+21,9.686E+15,4.82393E+16
113171,113172,8,2,31,0,2016,5,15,2,3,4,3,0,1,0,1,0,0,0,0,4.7978E+20,5.41471E+21,8.72419E+15,4.8885E+16
113172,113173,8,2,26,12,2016,5,14,1,2,8,1,0,0,1,0,0,0,0,0,4.76683E+20,5.47707E+21,8.67833E+15,4.94459E+16
113173,113174,8,3,35,43,2016,5,17,7,3,0,7,0,0,1,0,0,0,0,0,5.12845E+20,5.28017E+21,9.17112E+15,4.76748E+16
113174,113175,8,3,37,96,2016,5,23,6,3,5,3,2,0,0,1,0,0,0,0,4.20437E+20,5.26702E+21,7.94253E+15,4.75517E+16
113175,113176,8,4,36,55,2016,5,7,4,2,5,3,0,0,0,0,0,1,0,1,5.75505E+20,5.29813E+21,1.00089E+16,4.78321E+16
113176,113177,8,3,15,113,2016,5,10,7,3,6,4,0,0,0,1,1,0,0,0,4.41496E+20,5.3066E+21,8.21707E+15,4.791E+16
113177,113178,8,1,16,19,2016,5,5,6,3,6,3,0,0,1,0,1,0,0,0,5.19655E+20,5.4001E+21,9.2674E+15,4.87536E+16
113178,113179,8,4,15,78,2016,5,0,3,2,2,2,2,0,0,1,0,1,0,0,5.28408E+20,5.37162E+21,9.38454E+15,4.8497E+16
113179,113180,8,2,22,0,2016,5,16,1,3,2,6,0,0,0,1,0,0,0,0,4.64329E+20,5.48375E+21,8.50731E+15,4.95053E+16
113180,113181,8,3,37,96,2016,5,19,2,3,2,6,1,1,0,1,0,0,0,0,4.20246E+20,5.26669E+21,7.94005E+15,4.75488E+16
113181,113182,8,1,15,10,2016,5,18,6,2,0,1,0,0,1,0,0,0,0,0,4.86981E+20,5.38863E+21,8.82324E+15,4.86506E+16
113182,113183,8,1,11,0,2016,5,18,4,3,0,7,0,0,0,0,0,1,0,0,5.16938E+20,5.4099E+21,9.23084E+15,4.88418E+16
113183,113184,8,2,26,28,2016,5,9,1,3,5,3,0,0,1,1,0,0,0,0,4.71721E+20,5.48392E+21,8.60939E+15,4.95073E+16
113184,113185,8,3,35,43,2016,5,18,6,3,1,5,0,0,1,1,0,0,0,0,5.1334E+20,5.2788E+21,9.17767E+15,4.76625E+16
113185,113186,8,4,26,124,2016,5,19,4,2,5,3,0,0,0,1,0,1,0,0,5.41337E+20,5.3343E+21,9.55587E+15,4.81606E+16
113186,113187,8,3,15,74,2016,5,10,7,3,6,4,0,0,0,1,1,0,0,0,3.97463E+20,5.29589E+21,7.63049E+15,4.78082E+16
113187,113188,8,1,11,0,2016,5,22,6,2,4,6,2,0,0,1,0,1,0,0,5.09598E+20,5.39773E+21,9.13052E+15,4.87325E+16
113188,113189,8,2,31,0,2016,5,16,3,3,1,6,0,0,0,1,0,0,0,0,4.775E+20,5.41538E+21,8.69305E+15,4.88909E+16
113189,113190,8,2,22,0,2016,5,15,1,3,1,5,0,0,0,1,0,1,0,0,4.60864E+20,5.48255E+21,8.45956E+15,4.94944E+16
113190,113191,8,1,36,19,2016,5,17,2,3,0,3,0,0,1,1,0,0,0,0,5.826E+20,5.42353E+21,1.01284E+16,4.89592E+16
113191,113192,8,3,35,43,2016,5,9,2,3,5,3,0,1,0,1,0,0,0,0,5.11415E+20,5.28009E+21,9.15206E+15,4.76741E+16
113192,113193,8,4,25,39,2016,5,18,4,3,3,1,0,0,1,0,1,0,0,0,5.66168E+20,5.35262E+21,9.89262E+15,4.83233E+16
113193,113194,8,1,11,0,2016,5,18,6,3,6,7,0,0,0,1,1,0,0,0,5.14623E+20,5.40684E+21,9.19919E+15,4.88144E+16
113194,113195,8,2,21,0,2016,5,16,1,2,5,3,0,0,1,1,0,0,0,0,4.76935E+20,5.46969E+21,8.68223E+15,4.93795E+16
113195,113196,8,3,35,43,2016,5,10,6,3,0,1,0,0,1,0,0,0,0,0,5.12595E+20,5.28108E+21,9.16781E+15,4.7683E+16
113196,113197,8,4,21,0,2016,5,16,4,3,6,4,0,0,0,1,1,0,0,0,5.72652E+20,5.36071E+21,9.98147E+15,4.83954E+16
113197,113198,8,3,15,64,2016,5,14,7,3,5,3,0,0,1,1,0,0,0,0,4.21788E+20,5.31344E+21,7.95213E+15,4.79695E+16
113198,113199,8,1,11,0,2016,5,7,6,2,0,1,0,0,0,0,0,1,0,0,5.11694E+20,5.40115E+21,9.15912E+15,4.87632E+16
113199,113200,8,1,25,26,2016,5,19,3,3,0,7,0,0,1,1,0,0,0,0,4.93201E+20,5.44255E+21,8.90679E+15,4.91357E+16
113200,113201,8,2,21,0,2016,5,16,3,3,1,5,0,0,0,1,0,0,0,0,4.7536E+20,5.47267E+21,8.66035E+15,4.94062E+16
113201,113202,8,2,21,0,2016,5,12,1,3,3,5,0,0,1,1,0,0,0,0,4.76994E+20,5.47298E+21,8.68285E+15,4.94091E+16
113202,113203,8,1,19,91,2016,5,21,2,2,0,7,2,1,1,0,0,0,0,0,5.26775E+20,5.40659E+21,9.36469E+15,4.88117E+16
113203,113204,8,3,17,96,2016,5,13,2,3,5,3,0,1,1,1,0,0,0,0,4.20916E+20,5.37325E+21,7.92928E+15,4.85074E+16
113204,113205,8,4,16,36,2016,5,12,4,2,5,3,0,0,1,1,0,0,0,0,4.95177E+20,5.3696E+21,8.93473E+15,4.84795E+16
113205,113206,8,4,15,61,2016,5,14,5,3,5,3,0,0,0,1,0,0,0,1,5.16141E+20,5.37066E+21,9.21845E+15,4.84888E+16
113206,113207,8,1,19,8,2016,5,1,2,3,0,1,2,0,0,0,0,1,0,0,5.32339E+20,5.41979E+21,9.44152E+15,4.89302E+16
113207,113208,8,3,17,65,2016,5,13,6,3,1,5,0,0,1,1,0,0,0,0,4.13131E+20,5.35643E+21,7.82738E+15,4.83551E+16
113208,113209,8,1,19,20,2016,5,9,3,2,6,4,0,1,0,0,1,0,0,1,5.1986E+20,5.40755E+21,9.27056E+15,4.88206E+16
113209,113210,8,1,18,48,2016,5,18,2,3,2,6,0,1,0,1,0,0,0,0,5.14417E+20,5.41497E+21,9.19666E+15,4.88876E+16
113210,113211,8,3,17,1,2016,5,15,6,3,0,7,0,0,1,0,0,0,0,0,4.32031E+20,5.38599E+21,8.07766E+15,4.86233E+16
113211,113212,8,3,37,90,2016,5,17,4,3,0,7,0,0,1,0,0,0,0,1,4.22352E+20,5.27272E+21,7.96698E+15,4.76032E+16
113212,113213,8,4,16,41,2016,5,18,5,3,2,6,0,0,1,1,0,0,0,0,5.03138E+20,5.37544E+21,9.0425E+15,4.8532E+16
113213,113214,8,1,19,8,2016,5,16,3,2,0,1,0,1,0,0,0,1,0,0,5.31796E+20,5.42136E+21,9.43422E+15,4.89444E+16
113214,113215,8,1,18,46,2016,5,17,3,2,3,6,0,0,1,0,0,0,0,0,5.13314E+20,5.41216E+21,9.18153E+15,4.88623E+16
113215,113216,8,2,15,109,2016,5,10,1,3,2,6,0,0,1,0,0,0,0,0,4.62098E+20,5.4393E+21,8.48072E+15,4.91054E+16
113216,113217,8,1,17,51,2016,5,6,2,3,0,1,0,0,1,0,0,0,0,0,5.43195E+20,5.39534E+21,9.58716E+15,4.87096E+16
113217,113218,8,2,37,4,2016,5,13,7,3,8,1,0,0,1,0,0,0,0,0,4.52774E+20,5.37142E+21,8.36078E+15,4.84942E+16
113218,113219,8,3,35,43,2016,5,16,4,3,3,6,0,0,1,0,0,0,0,0,5.13349E+20,5.27915E+21,9.1778E+15,4.76656E+16
113219,113220,8,2,31,0,2016,5,18,7,3,3,1,0,0,0,1,0,1,0,0,4.77029E+20,5.41534E+21,8.68663E+15,4.88906E+16
113220,113221,8,4,15,61,2016,5,18,5,3,5,3,0,0,1,1,0,0,0,0,5.14738E+20,5.37191E+21,9.19951E+15,4.85001E+16
113221,113222,8,1,16,78,2016,5,18,2,3,5,3,0,0,0,1,0,0,0,0,5.13634E+20,5.39302E+21,9.18526E+15,4.869E+16
113222,113223,8,3,36,50,2016,5,0,6,3,5,2,2,0,0,1,0,0,0,0,3.99256E+20,5.27546E+21,7.65915E+15,4.76247E+16
113223,113224,8,1,18,48,2016,5,15,3,3,6,4,0,1,0,1,1,0,0,0,5.13988E+20,5.41621E+21,9.19085E+15,4.88986E+16
113224,113225,8,2,25,14,2016,5,19,2,3,6,7,0,0,0,0,1,1,0,0,5.24214E+20,5.48529E+21,9.33455E+15,4.95197E+16
113225,113226,8,2,15,46,2016,5,0,1,3,5,3,2,0,0,1,0,0,0,0,4.50804E+20,5.41517E+21,8.3289E+15,4.88875E+16
113226,113227,8,4,36,82,2016,5,18,2,2,6,3,0,1,0,1,1,0,0,0,5.47511E+20,5.29497E+21,9.63455E+15,4.78063E+16
113227,113228,8,1,18,79,2016,5,12,1,2,0,7,0,0,1,0,0,0,0,0,5.09914E+20,5.42186E+21,9.13541E+15,4.89496E+16
113228,113229,8,1,11,0,2016,5,11,2,3,5,3,0,1,0,1,0,1,1,0,5.12522E+20,5.40722E+21,9.17058E+15,4.88179E+16
113229,113230,8,2,36,75,2016,5,19,7,3,4,3,0,0,0,1,0,0,0,0,4.8252E+20,5.42245E+21,8.76123E+15,4.89547E+16
113230,113231,8,3,11,0,2016,5,19,6,3,5,2,0,0,1,1,0,0,0,0,4.12034E+20,5.31475E+21,7.82121E+15,4.798E+16
113231,113232,8,3,35,43,2016,5,13,4,3,8,7,0,0,1,0,0,0,0,0,5.13806E+20,5.28023E+21,9.18392E+15,4.76753E+16
113232,113233,8,2,26,96,2016,5,19,7,3,6,4,0,0,0,1,1,0,0,0,4.7556E+20,5.48899E+21,8.66211E+15,4.9553E+16
113233,113234,8,3,36,91,2016,5,22,5,2,0,7,2,0,1,0,0,0,0,0,3.96565E+20,5.2725E+21,7.62403E+15,4.75977E+16
113234,113235,8,4,35,16,2016,5,15,3,3,0,1,0,0,1,0,0,0,0,0,5.34973E+20,5.27866E+21,9.46578E+15,4.76604E+16
113235,113236,8,3,17,96,2016,5,10,2,2,1,7,0,1,1,1,0,0,0,0,4.22985E+20,5.3686E+21,7.95815E+15,4.84658E+16
113236,113237,8,2,22,0,2016,5,16,2,3,6,7,0,0,0,1,1,0,0,0,4.62735E+20,5.47941E+21,8.48569E+15,4.94662E+16
113237,113238,8,1,18,46,2016,5,1,1,2,8,1,2,0,0,1,0,0,0,0,5.13164E+20,5.41359E+21,9.17952E+15,4.88752E+16
113238,113239,8,3,11,0,2016,5,18,6,2,5,3,0,0,1,1,0,0,0,0,4.13732E+20,5.31678E+21,7.84355E+15,4.79985E+16
113239,113240,8,3,35,75,2016,5,9,4,3,6,7,0,0,0,1,1,0,0,0,4.89069E+20,5.28836E+21,8.85417E+15,4.77485E+16
113240,113241,8,3,27,50,2016,5,14,5,2,5,3,0,0,1,1,0,0,0,0,4.87219E+20,5.31457E+21,8.82871E+15,4.79843E+16
113241,113242,8,2,22,0,2016,5,17,3,3,4,2,0,0,1,0,0,0,0,1,4.64201E+20,5.47967E+21,8.5059E+15,4.94687E+16
113242,113243,8,3,11,0,2016,5,11,6,3,2,6,0,0,0,1,0,1,0,0,4.12589E+20,5.31537E+21,7.82852E+15,4.79857E+16
113243,113244,8,3,17,1,2016,5,12,4,3,5,3,0,0,0,1,0,1,0,0,4.31351E+20,5.3866E+21,8.06833E+15,4.86287E+16
113244,113245,8,2,26,96,2016,5,12,7,3,5,2,0,0,1,1,0,0,0,0,4.75904E+20,5.48606E+21,8.66704E+15,4.95267E+16
113245,113246,8,3,17,5,2016,5,16,3,3,0,3,0,0,0,0,0,1,1,0,4.2387E+20,5.37679E+21,7.96863E+15,4.85396E+16
113246,113247,8,1,35,20,2016,5,18,1,3,5,2,0,0,0,1,0,1,0,0,5.86024E+20,5.38652E+21,1.01674E+16,4.86259E+16
113247,113248,8,3,11,0,2016,5,8,2,3,6,4,0,1,0,1,1,0,0,0,4.12055E+20,5.31634E+21,7.82116E+15,4.79943E+16
113248,113249,8,1,28,7,2016,5,15,1,2,0,1,0,0,1,1,0,0,0,0,5.53819E+20,5.48489E+21,9.74349E+15,4.95142E+16
113249,113250,8,1,11,0,2016,5,16,2,3,1,5,0,1,0,1,0,0,0,0,5.17285E+20,5.39912E+21,9.23512E+15,4.87449E+16
113250,113251,8,3,11,0,2016,5,17,6,3,5,3,0,0,0,1,0,1,0,0,4.1874E+20,5.31435E+21,7.91113E+15,4.79773E+16
113251,113252,8,3,17,57,2016,5,10,4,2,2,2,0,0,0,1,0,0,0,0,4.14545E+20,5.3796E+21,7.84173E+15,4.85637E+16
113252,113253,8,3,26,74,2016,5,8,5,3,5,2,0,0,0,1,0,0,0,0,4.58996E+20,5.32519E+21,8.44948E+15,4.80787E+16
113253,113254,8,1,18,48,2016,5,13,3,3,2,6,0,1,0,1,0,0,1,0,5.12063E+20,5.41573E+21,9.16457E+15,4.88944E+16
113254,113255,8,2,12,0,2016,5,19,3,3,6,7,0,0,1,0,1,0,0,0,4.55938E+20,5.42874E+21,8.39746E+15,4.90099E+16
113255,113256,8,1,27,14,2016,5,13,1,3,0,7,0,0,0,0,0,1,0,0,5.79094E+20,5.44347E+21,1.00844E+16,4.91389E+16
113256,113257,8,4,36,52,2016,5,17,1,3,5,3,0,0,1,1,0,0,0,0,5.65441E+20,5.29335E+21,9.87375E+15,4.77902E+16
113257,113258,8,3,11,0,2016,5,9,2,3,3,2,0,1,0,1,0,0,0,1,4.14662E+20,5.31881E+21,7.8556E+15,4.80168E+16
113258,113259,8,2,26,84,2016,5,14,7,3,5,3,0,0,0,1,0,1,0,0,4.68927E+20,5.47087E+21,8.57181E+15,4.93897E+16
113259,113260,8,3,11,0,2016,5,15,4,3,5,3,0,0,0,1,0,0,0,0,4.1142E+20,5.32209E+21,7.81146E+15,4.80459E+16
113260,113261,8,1,25,58,2016,5,12,1,3,5,3,0,0,0,1,0,0,0,0,5.09186E+20,5.44305E+21,9.12595E+15,4.91402E+16
113261,113262,8,4,25,141,2016,5,14,1,2,5,3,0,0,1,1,0,0,0,0,5.67042E+20,5.36361E+21,9.90616E+15,4.84221E+16
113262,113263,8,3,11,0,2016,5,8,2,3,0,7,0,1,1,0,0,0,0,1,4.14153E+20,5.3163E+21,7.84929E+15,4.79942E+16
113263,113264,8,3,36,91,2016,5,15,4,2,0,1,0,0,1,0,0,0,0,0,3.94962E+20,5.2717E+21,7.60291E+15,4.75902E+16