FID,OBJECTID,ULAND,UREGBEZ,UKREIS,UGEMEINDE,UJAHR,UMONAT,USTUNDE,UWOCHENTAG,UKATEGORIE,UART,UTYP1,ULICHTVERH,IstStrasse,IstRad,IstPKW,IstFuss,IstKrad,IstGkfz,IstSonstig,LINREFX,LINREFY,XGCSWGS84,YGCSWGS84
113264,113265,8,3,17,151,2016,5,15,5,3,0,7,0,0,1,0,0,0,0,0,4.12602E+20,5.36813E+21,7.81781E+15,4.84603E+16
113265,113266,8,4,37,100,2016,5,4,1,3,8,1,2,0,0,1,0,0,0,0,5.36774E+20,5.31745E+21,9.49306E+15,4.80093E+16
113266,113267,8,2,12,0,2016,5,13,6,3,1,6,0,0,1,1,0,0,0,0,4.54313E+20,5.42885E+21,8.37523E+15,4.90109E+16
113267,113268,8,3,17,57,2016,5,20,5,3,5,3,1,0,0,1,0,0,0,0,4.13215E+20,5.37321E+21,7.82504E+15,4.8506E+16
113268,113269,8,1,18,53,2016,5,15,3,3,6,4,0,0,0,1,1,0,0,0,5.15245E+20,5.42706E+21,9.20841E+15,4.89963E+16
113269,113270,8,1,11,0,2016,5,13,3,1,6,4,0,0,0,1,1,0,0,0,5.18574E+20,5.40361E+21,9.25286E+15,4.87852E+16
113270,113271,8,4,21,0,2016,5,6,1,3,5,3,0,0,1,1,0,0,0,0,5.723E+20,5.36053E+21,9.97669E+15,4.83938E+16
113271,113272,8,2,26,32,2016,5,8,7,3,5,3,0,0,1,1,0,0,0,0,4.67646E+20,5.46394E+21,8.55474E+15,4.93273E+16
113272,113273,8,2,25,58,2016,5,9,6,3,5,3,0,0,0,1,0,0,0,0,5.07923E+20,5.46621E+21,9.10909E+15,4.93486E+16
113273,113274,8,3,11,0,2016,5,15,4,3,0,7,0,0,1,0,0,0,0,0,4.13863E+20,5.31629E+21,7.8454E+15,4.79941E+16
113274,113275,8,2,22,0,2016,5,5,7,3,5,3,1,0,0,1,0,0,0,0,4.62322E+20,5.48123E+21,8.47982E+15,4.94826E+16
113275,113276,8,3,17,96,2016,5,16,5,2,6,4,0,0,0,0,1,1,0,0,4.22759E+20,5.36878E+21,7.95505E+15,4.84674E+16
113276,113277,8,2,21,0,2016,5,14,6,3,5,3,0,0,1,1,0,0,0,0,4.7684E+20,5.47215E+21,8.68078E+15,4.94016E+16
113277,113278,8,2,22,0,2016,5,16,7,3,1,5,0,0,0,1,0,0,0,0,4.61783E+20,5.48542E+21,8.47197E+15,4.95202E+16
113278,113279,8,3,36,50,2016,5,15,5,3,6,4,0,0,0,1,1,0,0,0,3.99347E+20,5.27448E+21,7.66059E+15,4.76159E+16
113279,113280,8,3,11,0,2016,5,10,1,3,0,7,0,0,1,0,0,0,0,1,4.13286E+20,5.3165E+21,7.83762E+15,4.79959E+16
113280,113281,8,2,26,18,2016,5,18,6,3,5,3,0,0,1,1,0,0,0,0,4.73008E+20,5.47231E+21,8.62795E+15,4.94029E+16
113281,113282,8,1,16,77,2016,5,15,3,3,1,5,0,1,0,1,0,0,0,0,5.16501E+20,5.39159E+21,9.22415E+15,4.86771E+16
113282,113283,8,2,12,0,2016,5,17,2,3,5,3,0,1,1,1,0,0,0,0,4.55996E+20,5.42895E+21,8.39824E+15,4.90118E+16
113283,113284,8,1,25,65,2016,5,21,1,2,0,1,2,1,1,0,0,0,0,0,5.1615E+20,5.44856E+21,9.22164E+15,4.91896E+16
113284,113285,8,2,15,21,2016,5,17,7,3,5,3,0,0,1,1,0,0,0,0,4.69977E+20,5.44375E+21,8.58832E+15,4.91459E+16
113285,113286,8,2,21,0,2016,5,16,6,3,1,6,0,0,0,1,0,0,0,0,4.7601E+20,5.47287E+21,8.6693E+15,4.94081E+16
113286,113287,8,2,12,0,2016,5,16,4,2,6,4,0,0,0,0,1,0,0,1,4.63851E+20,5.42811E+21,8.50573E+15,4.90048E+16
113287,113288,8,2,15,9,2016,5,7,7,3,2,6,0,0,0,1,0,0,0,0,4.68804E+20,5.44235E+21,8.57234E+15,4.91332E+16
113288,113289,8,3,11,0,2016,5,9,5,3,6,6,0,0,0,1,1,0,0,0,4.14084E+20,5.31598E+21,7.84842E+15,4.79913E+16
113289,113290,8,4,21,0,2016,5,19,3,3,5,3,0,0,1,1,0,0,0,0,5.73964E+20,5.36118E+21,9.99928E+15,4.83994E+16
113290,113291,8,1,19,91,2016,5,12,1,3,4,6,0,0,1,1,0,0,0,0,5.28806E+20,5.40713E+21,9.3924E+15,4.88164E+16
113291,113292,8,2,12,0,2016,5,8,2,3,0,7,0,0,0,0,1,0,0,1,4.5515E+20,5.42881E+21,8.38668E+15,4.90106E+16
113292,113293,8,1,19,20,2016,5,17,1,2,5,2,0,0,1,1,0,0,0,0,5.19343E+20,5.40662E+21,9.26347E+15,4.88122E+16
113293,113294,8,2,22,0,2016,5,12,2,3,2,6,0,1,0,1,0,0,0,1,4.64237E+20,5.47909E+21,8.50646E+15,4.94634E+16
113294,113295,8,1,36,9,2016,5,10,1,2,6,4,0,0,0,1,1,0,0,0,5.67436E+20,5.40785E+21,9.91868E+15,4.88199E+16
113295,113296,8,2,15,9,2016,5,15,6,3,2,6,0,0,0,0,0,1,0,1,4.69153E+20,5.44079E+21,8.57725E+15,4.91192E+16
113296,113297,8,2,26,84,2016,5,8,4,3,6,7,0,0,0,1,1,0,0,0,4.69158E+20,5.47007E+21,8.57506E+15,4.93826E+16
113297,113298,8,2,12,0,2016,5,8,7,3,5,3,0,0,0,1,0,1,0,0,4.5737E+20,5.42781E+21,8.41714E+15,4.90017E+16
113298,113299,8,2,12,0,2016,5,5,5,2,0,7,2,1,1,0,0,0,0,0,4.59813E+20,5.42521E+21,8.4508E+15,4.89785E+16
113299,113300,8,3,36,50,2016,5,15,3,3,6,4,0,0,0,1,1,0,0,0,3.99393E+20,5.27433E+21,7.66123E+15,4.76146E+16
113300,113301,8,1,18,48,2016,5,21,1,3,5,3,1,1,0,1,0,0,0,0,5.13807E+20,5.41571E+21,9.18838E+15,4.88942E+16
113301,113302,8,3,35,21,2016,5,16,1,2,0,7,0,0,1,0,0,0,0,0,4.92027E+20,5.30063E+21,8.89341E+15,4.78589E+16
113302,113303,8,2,12,0,2016,5,5,2,2,0,1,2,1,0,1,0,0,0,0,4.56688E+20,5.4289E+21,8.4077E+15,4.90115E+16
113303,113304,8,2,26,63,2016,5,10,4,2,1,5,0,0,1,1,0,0,0,0,4.70054E+20,5.47113E+21,8.58734E+15,4.93921E+16
113304,113305,8,2,21,0,2016,5,18,5,3,6,7,0,0,1,0,1,0,0,0,4.76111E+20,5.47185E+21,8.67076E+15,4.93988E+16
113305,113306,8,2,15,47,2016,5,18,1,2,0,1,0,0,0,0,0,1,0,0,4.58886E+20,5.41309E+21,8.43935E+15,4.88694E+16
113306,113307,8,2,15,17,2016,5,16,6,3,5,3,0,0,1,1,0,0,0,0,4.56378E+20,5.421E+21,8.40432E+15,4.89404E+16
113307,113308,8,2,22,0,2016,5,16,4,3,4,5,0,0,1,1,0,0,0,0,4.6298E+20,5.48037E+21,8.48899E+15,4.94748E+16
113308,113309,8,2,21,0,2016,5,13,5,3,5,3,0,0,0,1,0,0,0,0,4.76769E+20,5.47398E+21,8.6797E+15,4.94181E+16
113309,113310,8,1,15,21,2016,5,11,3,3,5,3,0,1,0,1,0,1,0,0,4.91182E+20,5.38012E+21,8.88046E+15,4.85741E+16
113310,113311,8,2,15,17,2016,5,18,6,3,0,1,0,0,1,0,0,0,0,0,4.54068E+20,5.41964E+21,8.37292E+15,4.8928E+16
113311,113312,8,2,22,0,2016,5,17,4,2,8,1,0,0,0,0,0,1,0,0,4.63762E+20,5.4776E+21,8.50003E+15,4.945E+16
113312,113313,8,2,26,65,2016,5,20,5,3,0,3,0,0,1,0,0,0,0,1,4.78378E+20,5.4578E+21,8.70276E+15,4.92726E+16
113313,113314,8,1,15,3,2016,5,17,3,3,0,1,0,1,1,0,0,0,0,0,4.98601E+20,5.39197E+21,8.98099E+15,4.86807E+16
113314,113315,8,2,22,0,2016,5,17,3,3,1,6,0,0,0,1,0,0,0,0,4.64305E+20,5.48375E+21,8.50698E+15,4.95054E+16
113315,113316,8,1,17,14,2016,5,12,1,3,0,3,0,0,1,1,0,0,0,0,5.54249E+20,5.38492E+21,9.73603E+15,4.8615E+16
113316,113317,8,3,35,28,2016,5,12,1,3,4,1,0,0,0,1,0,0,0,0,4.83839E+20,5.2875E+21,8.78443E+15,4.77407E+16
113317,113318,8,2,12,0,2016,5,7,2,2,4,2,0,1,1,1,0,0,0,0,4.59749E+20,5.42713E+21,8.44973E+15,4.89957E+16
113318,113319,8,2,12,0,2016,5,12,4,3,5,3,0,0,0,1,0,0,0,0,4.55387E+20,5.4324E+21,8.38953E+15,4.90428E+16
113319,113320,8,2,22,0,2016,5,15,5,3,1,6,0,0,0,1,0,0,0,0,4.62305E+20,5.48476E+21,8.47925E+15,4.95143E+16
113320,113321,8,2,12,0,2016,5,16,1,3,2,6,0,0,0,1,0,0,0,0,4.59513E+20,5.42821E+21,8.4464E+15,4.90055E+16
113321,113322,8,2,12,0,2016,5,12,6,3,5,3,0,0,1,1,0,0,0,0,4.54884E+20,5.42962E+21,8.38295E+15,4.90178E+16
113322,113323,8,1,11,0,2016,5,16,3,2,6,4,0,1,0,0,1,0,0,1,5.16827E+20,5.40664E+21,9.2292E+15,4.88125E+16
113323,113324,8,1,11,0,2016,5,11,3,3,0,1,0,0,1,0,0,0,0,0,5.08444E+20,5.40617E+21,9.115E+15,4.88085E+16
113324,113325,8,3,35,100,2016,5,19,1,3,0,7,0,0,1,0,0,0,0,0,4.88051E+20,5.28712E+21,8.84063E+15,4.77374E+16
113325,113326,8,1,18,48,2016,5,8,3,3,0,1,0,0,1,0,0,0,0,0,5.1292E+20,5.41505E+21,9.17624E+15,4.88883E+16
113326,113327,8,1,15,3,2016,5,18,1,3,5,3,0,0,0,1,0,0,0,0,5.00759E+20,5.39289E+21,9.01031E+15,4.86891E+16
113327,113328,8,3,17,152,2016,5,14,1,3,0,7,0,0,1,0,0,0,0,0,4.09091E+20,5.35024E+21,7.7742E+15,4.82988E+16
113328,113329,8,2,31,0,2016,5,14,2,3,2,6,0,0,0,1,0,0,0,1,4.7729E+20,5.41571E+21,8.69017E+15,4.88939E+16
113329,113330,8,2,12,0,2016,5,13,7,3,3,6,0,0,0,1,0,1,0,0,4.55124E+20,5.42879E+21,8.38633E+15,4.90104E+16
113330,113331,8,2,15,17,2016,5,10,4,2,5,3,0,0,1,1,0,0,0,0,4.56381E+20,5.421E+21,8.40435E+15,4.89404E+16
113331,113332,8,2,12,0,2016,5,14,7,3,4,6,0,0,0,1,0,0,0,0,4.58156E+20,5.42907E+21,8.42777E+15,4.90131E+16
113332,113333,8,2,26,107,2016,5,13,5,3,2,6,0,0,0,1,0,0,0,0,4.7368E+20,5.48409E+21,8.63644E+15,4.95089E+16
113333,113334,8,1,25,110,2016,5,9,1,2,1,5,0,0,1,1,0,0,0,0,5.24304E+20,5.44405E+21,9.33328E+15,4.91488E+16
113334,113335,8,1,35,20,2016,5,12,6,3,0,6,0,0,0,1,0,1,0,0,5.86287E+20,5.38588E+21,1.01708E+16,4.86201E+16
113335,113336,8,1,11,0,2016,5,15,3,3,2,7,0,1,0,1,0,0,0,0,5.18512E+20,5.40114E+21,9.2519E+15,4.8763E+16
113336,113337,8,2,36,46,2016,5,16,2,3,5,3,0,1,0,1,0,0,0,0,4.83754E+20,5.41771E+21,8.77828E+15,4.89121E+16
113337,113338,8,1,11,0,2016,5,7,1,3,5,3,0,1,0,1,0,0,0,0,5.12249E+20,5.40336E+21,9.16674E+15,4.87831E+16
113338,113339,8,1,35,20,2016,5,16,6,3,3,1,0,0,1,0,0,0,0,0,5.85657E+20,5.38632E+21,1.01624E+16,4.8624E+16
113339,113340,8,2,12,0,2016,5,17,4,3,0,2,0,0,1,0,0,0,0,0,4.58377E+20,5.42832E+21,8.43086E+15,4.90063E+16
113340,113341,8,1,36,65,2016,5,17,7,3,6,1,0,0,0,1,1,0,0,0,5.62852E+20,5.40668E+21,9.85606E+15,4.881E+16
113341,113342,8,1,18,1,2016,5,5,7,3,0,7,0,0,0,0,1,0,1,0,5.25043E+20,5.41906E+21,9.34187E+15,4.8924E+16
113342,113343,8,1,27,14,2016,5,17,6,2,8,1,0,0,1,0,0,0,0,0,5.76978E+20,5.4425E+21,1.00552E+16,4.91305E+16
113343,113344,8,2,16,2,2016,5,8,4,2,5,3,0,0,0,1,0,1,0,0,4.44295E+20,5.42275E+21,8.23909E+15,4.89552E+16
113344,113345,8,1,18,54,2016,5,12,7,3,2,6,0,0,0,1,0,1,0,0,5.19401E+20,5.42363E+21,9.26506E+15,4.89653E+16
113345,113346,8,2,22,0,2016,5,15,5,3,0,3,0,0,0,1,0,0,0,1,4.61518E+20,5.48171E+21,8.46868E+15,4.94868E+16
113346,113347,8,1,11,0,2016,5,4,1,3,8,1,2,0,0,1,0,0,0,0,5.13009E+20,5.40854E+21,9.17725E+15,4.88297E+16
113347,113348,8,4,35,59,2016,5,14,3,3,5,3,0,0,1,1,0,0,0,0,5.11647E+20,5.29151E+21,9.15547E+15,4.77768E+16
113348,113349,8,2,22,0,2016,5,18,2,3,5,3,0,0,0,1,0,1,0,0,4.66082E+20,5.48428E+21,8.53147E+15,4.95102E+16
113349,113350,8,1,11,0,2016,5,16,1,3,2,6,0,0,0,1,0,0,0,0,5.17101E+20,5.40333E+21,9.2328E+15,4.87827E+16
113350,113351,8,1,27,14,2016,5,15,6,2,8,1,0,0,0,1,0,0,0,0,5.74492E+20,5.44715E+21,1.0022E+16,4.91727E+16
113351,113352,8,4,25,71,2016,5,20,4,2,0,1,1,0,1,0,0,0,0,0,5.46335E+20,5.36942E+21,9.62695E+15,4.84762E+16
113352,113353,8,2,15,107,2016,5,12,5,3,8,7,0,0,0,1,0,0,0,0,4.63686E+20,5.45621E+21,8.50094E+15,4.92576E+16
113353,113354,8,2,26,3,2016,5,18,3,2,4,6,0,0,1,1,0,0,0,0,4.63963E+20,5.46172E+21,8.50424E+15,4.93072E+16
113354,113355,8,1,11,0,2016,5,20,1,3,5,3,0,0,1,1,0,0,0,0,5.1493E+20,5.40364E+21,9.20325E+15,4.87856E+16
113355,113356,8,3,17,56,2016,5,16,1,3,0,7,0,0,1,0,0,0,0,0,4.34717E+20,5.38271E+21,8.11463E+15,4.85941E+16
113356,113357,8,2,26,32,2016,5,15,2,3,2,6,0,0,0,1,0,0,0,0,4.67828E+20,5.46373E+21,8.55725E+15,4.93255E+16
113357,113358,8,3,17,34,2016,5,17,3,3,6,3,0,0,1,0,1,0,0,0,4.26524E+20,5.36276E+21,8.00704E+15,4.84137E+16
113358,113359,8,1,11,0,2016,5,12,1,3,1,7,0,0,1,1,0,0,0,0,5.20754E+20,5.40251E+21,9.28247E+15,4.87752E+16
113359,113360,8,2,26,85,2016,5,7,2,2,5,3,0,1,0,1,0,1,0,0,4.93528E+20,5.45387E+21,8.91109E+15,4.92376E+16
113360,113361,8,1,11,0,2016,5,21,1,3,5,3,1,0,0,1,0,0,0,0,5.18469E+20,5.40188E+21,9.25134E+15,4.87697E+16
113361,113362,8,1,26,46,2016,5,18,6,3,0,6,0,0,0,1,0,1,0,0,5.49399E+20,5.45929E+21,9.67925E+15,4.92843E+16
113362,113363,8,1,15,3,2016,5,17,4,3,6,2,0,0,0,1,1,0,0,0,5.00578E+20,5.39269E+21,9.00785E+15,4.86873E+16
113363,113364,8,1,16,49,2016,5,17,7,3,6,4,0,0,0,1,1,0,0,0,5.23421E+20,5.38551E+21,9.31782E+15,4.86223E+16
113364,113365,8,2,12,0,2016,5,16,5,3,5,2,0,0,1,1,0,0,0,0,4.56844E+20,5.42856E+21,8.40988E+15,4.90084E+16
113365,113366,8,1,11,0,2016,5,16,3,3,5,3,0,1,0,1,0,0,0,0,5.10998E+20,5.40052E+21,9.14964E+15,4.87576E+16
113366,113367,8,2,15,9,2016,5,17,3,3,5,3,0,0,0,1,0,0,0,0,4.70636E+20,5.44228E+21,8.59747E+15,4.91326E+16
113367,113368,8,1,11,0,2016,5,16,1,3,6,7,0,0,0,1,1,0,0,0,5.12411E+20,5.39947E+21,9.16883E+15,4.87481E+16
113368,113369,8,2,15,64,2016,5,15,1,2,0,7,0,0,0,1,1,1,0,0,4.81847E+20,5.44737E+21,8.75091E+15,4.91789E+16
113369,113370,8,2,22,0,2016,5,16,2,3,6,6,0,0,0,1,1,0,0,0,4.61735E+20,5.48145E+21,8.4717E+15,4.94845E+16
113370,113371,8,1,16,33,2016,5,22,7,3,0,1,2,0,1,0,0,0,0,0,5.30683E+20,5.38822E+21,9.41656E+15,4.86463E+16
113371,113372,8,1,19,8,2016,5,16,4,3,1,7,0,0,0,1,0,0,0,0,5.31386E+20,5.42287E+21,9.42875E+15,4.8958E+16
113372,113373,8,1,16,19,2016,5,16,7,3,5,2,0,0,1,0,0,1,0,0,5.2386E+20,5.39781E+21,9.32448E+15,4.87329E+16
113373,113374,8,2,16,28,2016,5,12,5,3,3,6,0,0,1,1,0,0,0,0,4.2566E+20,5.39415E+21,7.98976E+15,4.8696E+16
113374,113375,8,1,11,0,2016,5,17,1,2,4,6,0,0,1,1,0,0,0,0,5.15008E+20,5.4021E+21,9.20426E+15,4.87717E+16
113375,113376,8,1,25,13,2016,5,19,6,3,0,7,0,0,1,0,0,0,0,0,5.04416E+20,5.43689E+21,9.06048E+15,4.90848E+16
113376,113377,8,1,18,48,2016,5,18,4,2,5,3,0,0,1,1,0,0,0,0,5.15092E+20,5.4175E+21,9.20597E+15,4.89102E+16
113377,113378,8,1,36,88,2016,5,10,5,2,3,2,0,0,1,0,0,1,0,0,5.80983E+20,5.41306E+21,1.01042E+16,4.88652E+16
113378,113379,8,4,36,69,2016,5,14,7,2,8,1,0,1,1,0,0,0,0,0,5.5109E+20,5.29204E+21,9.682E+15,4.77797E+16
113379,113380,8,1,21,0,2016,5,13,6,3,1,5,0,0,0,1,0,0,0,0,5.13717E+20,5.44462E+21,9.18812E+15,4.91542E+16
113380,113381,8,1,16,78,2016,5,16,4,3,2,6,0,0,0,1,0,0,0,0,5.14688E+20,5.39338E+21,9.19959E+15,4.86933E+16
113381,113382,8,1,21,0,2016,5,16,5,3,2,6,0,0,0,1,0,0,0,0,5.1495E+20,5.44414E+21,9.20501E+15,4.91499E+16
113382,113383,8,4,36,64,2016,5,9,2,2,5,2,0,1,1,1,0,0,0,0,5.45775E+20,5.29322E+21,9.61117E+15,4.77907E+16
113383,113384,8,1,18,46,2016,5,17,3,3,6,4,0,0,0,1,1,0,0,0,5.14114E+20,5.41132E+21,9.19241E+15,4.88547E+16
113384,113385,8,4,36,81,2016,5,0,7,2,8,1,2,0,1,0,0,0,0,0,5.60519E+20,5.28292E+21,9.80659E+15,4.76969E+16
113385,113386,8,2,35,60,2016,5,22,1,3,1,1,2,1,0,1,0,0,0,0,4.77932E+20,5.37927E+21,8.70087E+15,4.85661E+16
113386,113387,8,1,16,49,2016,5,11,7,3,5,3,0,0,1,1,0,0,0,0,5.25519E+20,5.38439E+21,9.34622E+15,4.8612E+16
113387,113388,8,1,21,0,2016,5,2,6,3,6,7,2,0,0,1,1,0,0,0,5.15298E+20,5.44664E+21,9.20987E+15,4.91724E+16
113388,113389,8,1,16,19,2016,5,18,4,2,6,4,0,0,0,1,1,0,0,0,5.22023E+20,5.39794E+21,9.29951E+15,4.87341E+16
113389,113390,8,1,11,0,2016,5,17,7,3,8,1,0,0,0,0,0,1,0,0,5.17286E+20,5.40749E+21,9.23548E+15,4.88202E+16
113390,113391,8,1,21,0,2016,5,10,5,3,3,6,0,0,0,1,0,0,1,0,5.16119E+20,5.44641E+21,9.22113E+15,4.91703E+16
113391,113392,8,4,16,41,2016,5,5,7,3,5,3,1,1,0,1,0,0,1,0,5.04325E+20,5.3747E+21,9.05858E+15,4.85254E+16
113392,113393,8,1,19,79,2016,5,11,6,3,3,6,0,0,0,1,0,1,0,0,5.22093E+20,5.40858E+21,9.30103E+15,4.88298E+16
113393,113394,8,4,36,64,2016,5,21,2,3,1,5,2,1,1,1,0,0,0,0,5.45157E+20,5.29196E+21,9.60279E+15,4.77794E+16
113394,113395,8,2,21,0,2016,5,2,2,3,0,1,2,1,0,0,0,1,0,0,4.75906E+20,5.47303E+21,8.66785E+15,4.94095E+16
113395,113396,8,4,36,3,2016,5,11,7,3,0,3,0,0,0,1,0,1,0,0,5.80758E+20,5.3055E+21,1.00805E+16,4.78977E+16
113396,113397,8,4,26,100,2016,5,17,2,3,8,6,0,1,0,1,0,0,0,0,5.68857E+20,5.31345E+21,9.92255E+15,4.79707E+16
113397,113398,8,4,35,47,2016,5,12,2,2,1,1,0,0,0,0,0,1,0,1,5.12362E+20,5.29519E+21,9.16512E+15,4.781E+16
113398,113399,8,4,35,57,2016,5,17,7,2,3,6,0,0,1,0,0,0,0,0,5.50691E+20,5.27714E+21,9.67493E+15,4.76457E+16
113399,113400,8,2,35,8,2016,5,12,1,2,0,7,0,0,1,0,0,0,0,0,4.80483E+20,5.40201E+21,8.73438E+15,4.87708E+16
113400,113401,8,1,11,0,2016,5,16,7,3,2,6,0,0,0,1,0,1,0,0,5.13886E+20,5.40609E+21,9.18913E+15,4.88076E+16
113401,113402,8,1,19,79,2016,5,11,6,3,2,6,0,0,0,1,0,0,0,0,5.23224E+20,5.4086E+21,9.31644E+15,4.88299E+16
113402,113403,8,1,16,80,2016,5,13,4,3,5,3,0,0,1,1,0,0,0,0,5.18921E+20,5.39762E+21,9.2573E+15,4.87314E+16
113403,113404,8,4,37,78,2016,5,8,6,3,6,7,0,0,0,1,1,0,0,0,5.08455E+20,5.31569E+21,9.11333E+15,4.79944E+16
113404,113405,8,1,18,48,2016,5,10,5,3,1,5,0,0,0,1,0,0,0,0,5.15152E+20,5.41636E+21,9.20674E+15,4.89E+16
113405,113406,8,4,21,0,2016,5,7,3,2,5,3,0,1,1,1,0,0,0,0,5.70774E+20,5.36199E+21,9.95633E+15,4.84071E+16
113406,113407,8,2,26,18,2016,5,13,2,3,4,6,0,1,1,1,0,0,0,0,4.7314E+20,5.47215E+21,8.62978E+15,4.94015E+16
113407,113408,8,2,12,0,2016,5,17,2,3,5,3,0,1,1,1,0,0,0,0,4.55227E+20,5.42735E+21,8.38789E+15,4.89974E+16
113408,113409,8,4,25,135,2016,5,19,7,3,5,3,0,0,1,0,0,0,0,0,5.69868E+20,5.37494E+21,9.94625E+15,4.85237E+16
113409,113410,8,1,19,67,2016,5,17,6,3,6,4,0,0,0,1,1,0,0,0,5.39029E+20,5.40581E+21,9.53153E+15,4.88041E+16
113410,113411,8,1,16,53,2016,5,6,4,3,5,2,0,0,0,1,0,0,0,0,5.38722E+20,5.38813E+21,9.52569E+15,4.8645E+16
113411,113412,8,1,18,81,2016,5,16,6,3,0,1,0,0,1,0,0,0,0,0,5.20033E+20,5.41322E+21,9.27319E+15,4.88716E+16
113412,113413,8,1,11,0,2016,5,23,4,3,5,3,2,0,1,1,0,0,0,0,5.13259E+20,5.4034E+21,9.18049E+15,4.87835E+16
113413,113414,8,4,36,64,2016,5,21,6,2,0,1,2,0,1,1,0,0,0,0,5.461E+20,5.29242E+21,9.61543E+15,4.77835E+16
113414,113415,8,1,18,48,2016,5,14,5,3,1,7,0,0,0,1,0,1,0,0,5.12684E+20,5.41723E+21,9.1731E+15,4.89079E+16
113415,113416,8,3,11,0,2016,5,12,3,2,6,4,0,0,0,1,1,0,0,0,4.14031E+20,5.31763E+21,7.84739E+15,4.80062E+16
113416,113417,8,4,21,0,2016,5,12,7,3,6,4,0,0,1,0,1,0,0,0,5.73402E+20,5.36144E+21,9.99173E+15,4.84018E+16
113417,113418,8,2,11,0,2016,5,15,2,2,5,2,0,1,1,1,0,0,0,0,4.42894E+20,5.40302E+21,8.2227E+15,4.87776E+16
113418,113419,8,3,37,126,2016,5,7,7,3,8,1,0,1,0,1,0,0,0,0,4.46717E+20,5.27603E+21,8.29068E+15,4.76355E+16
113419,113420,8,1,19,20,2016,5,9,3,3,4,6,0,0,0,1,0,0,0,0,5.20671E+20,5.40662E+21,9.28156E+15,4.88122E+16
113420,113421,8,2,26,98,2016,5,15,6,3,5,3,0,0,0,1,0,0,0,0,4.76256E+20,5.46098E+21,8.67339E+15,4.93011E+16
113421,113422,8,3,36,91,2016,5,19,1,3,2,7,0,0,0,1,0,0,0,0,3.94569E+20,5.27177E+21,7.59767E+15,4.75907E+16
113422,113423,8,1,17,26,2016,5,19,7,3,0,1,0,0,0,0,0,1,0,0,5.47923E+20,5.39475E+21,9.65136E+15,4.87039E+16
113423,113424,8,2,11,0,2016,5,20,4,3,0,1,0,0,1,0,0,0,0,0,4.46593E+20,5.40292E+21,8.27306E+15,4.8777E+16
113424,113425,8,3,36,8,2016,5,12,7,3,5,3,0,0,0,1,0,0,0,0,3.96269E+20,5.27604E+21,7.61926E+15,4.76294E+16
113425,113426,8,2,22,0,2016,5,12,7,3,0,5,0,0,0,1,0,0,0,1,4.61995E+20,5.48097E+21,8.47533E+15,4.94802E+16
113426,113427,8,2,12,0,2016,5,5,3,3,5,3,0,0,1,1,0,0,0,0,4.55034E+20,5.43354E+21,8.38457E+15,4.90531E+16
113427,113428,8,3,17,56,2016,5,20,4,3,5,3,0,0,0,1,0,0,0,0,4.34553E+20,5.38296E+21,8.11236E+15,4.85963E+16
113428,113429,8,2,15,99,2016,5,13,6,3,5,3,0,0,1,1,0,0,0,0,4.63864E+20,5.44671E+21,8.50425E+15,4.91721E+16
113429,113430,8,1,16,49,2016,5,12,5,3,2,6,0,0,0,1,0,0,0,0,5.2494E+20,5.38621E+21,9.33846E+15,4.86284E+16
113430,113431,8,1,28,115,2016,5,15,4,3,5,3,0,0,0,1,0,1,0,0,5.48434E+20,5.49727E+21,9.67064E+15,4.96261E+16
113431,113432,8,1,11,0,2016,5,11,3,3,6,4,0,0,0,1,1,0,0,0,5.12851E+20,5.40339E+21,9.17494E+15,4.87834E+16
113432,113433,8,2,22,0,2016,5,12,3,3,0,7,0,0,1,0,0,0,0,0,4.68802E+20,5.47898E+21,8.56946E+15,4.94626E+16
113433,113434,8,3,37,51,2016,5,10,6,3,6,7,0,0,0,1,1,0,0,0,4.37783E+20,5.28685E+21,8.17023E+15,4.7732E+16
113434,113435,8,2,26,76,2016,5,9,3,3,5,3,0,0,1,1,0,0,0,0,4.75306E+20,5.46509E+21,8.66007E+15,4.9338E+16
113435,113436,8,3,11,0,2016,5,23,2,3,5,3,2,0,0,1,0,0,0,1,4.13267E+20,5.31694E+21,7.83728E+15,4.79999E+16
113436,113437,8,3,16,9,2016,5,16,4,3,5,3,0,0,1,1,0,0,0,0,4.18371E+20,5.3244E+21,7.90427E+15,4.80676E+16
113437,113438,8,1,18,49,2016,5,18,6,3,0,1,0,0,1,0,0,0,0,0,5.1711E+20,5.41946E+21,9.2336E+15,4.89278E+16
113438,113439,8,4,15,80,2016,5,15,5,2,0,1,0,0,1,0,0,0,0,0,5.11756E+20,5.37324E+21,9.15918E+15,4.85121E+16
113439,113440,8,1,25,65,2016,5,17,4,3,1,1,0,0,0,1,1,0,0,0,5.18931E+20,5.45109E+21,9.25993E+15,4.92123E+16
113440,113441,8,4,26,97,2016,5,12,2,2,5,3,0,0,1,1,0,0,0,0,5.35745E+20,5.33309E+21,9.48058E+15,4.815E+16
113441,113442,8,1,36,68,2016,5,17,3,3,5,3,0,0,0,1,0,0,0,0,5.98366E+20,5.4304E+21,1.03454E+16,4.90186E+16