FID,OBJECTID,ULAND,UREGBEZ,UKREIS,UGEMEINDE,UJAHR,UMONAT,USTUNDE,UWOCHENTAG,UKATEGORIE,UART,UTYP1,ULICHTVERH,IstStrasse,IstRad,IstPKW,IstFuss,IstKrad,IstGkfz,IstSonstig,LINREFX,LINREFY,XGCSWGS84,YGCSWGS84
113442,113443,8,3,25,53,2016,5,13,6,2,1,5,0,0,1,1,0,0,0,0,4.56769E+20,5.34083E+21,8.41799E+15,4.82192E+16
113443,113444,8,2,12,0,2016,5,19,2,3,0,6,0,0,1,1,0,0,0,0,4.56733E+20,5.42885E+21,8.40833E+15,4.9011E+16
113444,113445,8,1,16,47,2016,5,7,2,3,5,3,0,1,0,1,0,0,0,0,5.20066E+20,5.39273E+21,9.27263E+15,4.86873E+16
113445,113446,8,2,15,108,2016,5,20,7,2,0,1,0,1,1,0,0,0,0,0,4.46189E+20,5.4244E+21,8.26474E+15,4.89701E+16
113446,113447,8,4,26,70,2016,5,15,5,2,2,6,0,0,0,1,0,1,0,0,5.63695E+20,5.34089E+21,9.85749E+15,4.82181E+16
113447,113448,8,1,19,55,2016,5,9,4,2,5,3,0,0,0,1,0,1,0,0,5.44336E+20,5.40433E+21,9.60363E+15,4.87904E+16
113448,113449,8,2,26,85,2016,5,8,2,3,5,2,0,1,0,1,0,1,0,0,4.90682E+20,5.45558E+21,8.87196E+15,4.92529E+16
113449,113450,8,1,11,0,2016,5,12,6,3,2,6,0,0,0,1,0,0,0,0,5.14432E+20,5.40877E+21,9.19665E+15,4.88317E+16
113450,113451,8,1,18,46,2016,5,10,4,3,5,2,0,0,0,1,0,0,0,0,5.14461E+20,5.41198E+21,9.19716E+15,4.88606E+16
113451,113452,8,1,18,81,2016,5,18,5,3,5,3,0,0,0,1,0,0,0,0,5.16428E+20,5.41295E+21,9.22402E+15,4.88693E+16
113452,113453,8,3,11,0,2016,5,14,5,3,5,3,0,1,1,0,0,0,0,0,4.12362E+20,5.31415E+21,7.82573E+15,4.79747E+16
113453,113454,8,1,25,102,2016,5,12,3,3,1,1,0,1,1,1,0,0,0,0,5.2175E+20,5.44457E+21,9.29828E+15,4.91536E+16
113454,113455,8,3,35,43,2016,5,13,2,3,5,3,0,0,0,1,0,0,0,0,5.13793E+20,5.28098E+21,9.18378E+15,4.7682E+16
113455,113456,8,2,15,17,2016,5,12,1,3,0,1,0,0,1,0,0,0,0,0,4.59738E+20,5.41839E+21,8.45046E+15,4.89171E+16
113456,113457,8,3,35,43,2016,5,13,7,2,0,1,0,0,1,0,0,0,0,0,5.13795E+20,5.28094E+21,9.18381E+15,4.76817E+16
113457,113458,8,1,19,79,2016,5,16,3,3,5,3,0,0,1,0,0,0,0,1,5.21853E+20,5.40772E+21,9.29771E+15,4.8822E+16
113458,113459,8,3,11,0,2016,5,21,6,3,6,2,1,0,0,1,1,0,0,0,4.12458E+20,5.31849E+21,7.82612E+15,4.80137E+16
113459,113460,8,4,35,52,2016,5,2,1,2,2,1,2,1,1,1,0,0,0,0,5.21791E+20,5.29038E+21,9.29081E+15,4.77664E+16
113460,113461,8,1,19,90,2016,5,15,7,3,1,7,0,1,1,0,0,0,0,1,5.32267E+20,5.40604E+21,9.43945E+15,4.88065E+16
113461,113462,8,1,17,38,2016,5,17,4,3,5,3,0,0,1,1,0,0,0,0,5.47229E+20,5.39747E+21,9.64222E+15,4.87284E+16
113462,113463,8,1,25,5,2016,5,16,5,3,0,2,0,0,0,0,0,1,0,0,5.15776E+20,5.45247E+21,9.21666E+15,4.92248E+16
113463,113464,8,4,25,108,2016,5,18,7,3,8,1,0,0,1,0,0,0,0,0,5.53125E+20,5.35998E+21,9.71762E+15,4.83907E+16
113464,113465,8,2,22,0,2016,5,13,7,3,5,2,0,0,0,1,0,1,0,0,4.64769E+20,5.47815E+21,8.51389E+15,4.9455E+16
113465,113466,8,2,22,0,2016,5,18,5,3,6,4,0,0,0,1,1,0,0,0,4.68499E+20,5.47859E+21,8.56531E+15,4.94592E+16
113466,113467,8,1,28,115,2016,5,11,1,2,0,1,0,1,1,0,0,0,0,0,5.47986E+20,5.49638E+21,9.66433E+15,4.96181E+16
113467,113468,8,3,15,15,2016,5,14,7,3,5,3,0,0,1,1,0,0,0,0,3.95937E+20,5.31946E+21,7.60441E+15,4.802E+16
113468,113469,8,1,17,19,2016,5,17,3,3,1,6,0,0,0,1,0,0,1,0,5.51986E+20,5.39419E+21,9.7065E+15,4.86986E+16
113469,113470,8,2,21,0,2016,5,15,6,3,4,2,0,0,1,1,0,0,0,0,4.77233E+20,5.47281E+21,8.68616E+15,4.94076E+16
113470,113471,8,3,35,63,2016,5,9,1,3,5,3,0,0,0,1,0,0,0,1,4.95177E+20,5.28921E+21,8.93565E+15,4.77562E+16
113471,113472,8,1,16,19,2016,5,18,7,3,0,1,0,1,1,0,0,0,0,0,5.23181E+20,5.3981E+21,9.31527E+15,4.87355E+16
113472,113473,8,1,17,19,2016,5,7,4,3,1,7,0,0,0,1,0,0,0,0,5.5152E+20,5.39336E+21,9.70006E+15,4.86912E+16
113473,113474,8,3,35,79,2016,5,17,7,3,6,7,0,0,0,1,1,0,0,0,5.00554E+20,5.29968E+21,9.0074E+15,4.78504E+16
113474,113475,8,2,16,17,2016,5,12,7,2,5,3,0,0,1,1,0,0,0,0,4.51866E+20,5.40274E+21,8.34484E+15,4.87758E+16
113475,113476,8,2,12,0,2016,5,18,3,3,6,4,0,0,0,0,1,0,0,1,4.59371E+20,5.43136E+21,8.44414E+15,4.90338E+16
113476,113477,8,3,16,14,2016,5,17,2,3,1,7,0,0,0,1,0,0,0,0,4.24858E+20,5.33004E+21,7.99034E+15,4.81192E+16
113477,113478,8,3,11,0,2016,5,11,4,3,3,2,0,0,1,1,0,0,0,0,4.15764E+20,5.31563E+21,7.87101E+15,4.79884E+16
113478,113479,8,2,25,60,2016,5,20,6,2,0,1,1,0,1,0,0,0,0,0,5.13896E+20,5.48995E+21,9.19216E+15,4.9562E+16
113479,113480,8,1,15,3,2016,5,19,5,2,0,1,0,0,1,0,0,0,0,0,5.00192E+20,5.39254E+21,9.00261E+15,4.86859E+16
113480,113481,8,3,11,0,2016,5,7,4,2,4,6,0,0,1,1,0,0,0,0,4.12397E+20,5.31652E+21,7.82571E+15,4.7996E+16
113481,113482,8,1,11,0,2016,5,22,5,3,0,7,2,0,1,0,0,0,0,0,5.16374E+20,5.40477E+21,9.22295E+15,4.87957E+16
113482,113483,8,4,35,16,2016,5,8,6,3,0,5,0,0,0,1,0,0,0,1,5.35382E+20,5.27776E+21,9.47116E+15,4.76523E+16
113483,113484,8,1,16,16,2016,5,19,4,2,0,1,0,0,1,0,0,0,0,0,5.34506E+20,5.38444E+21,9.46815E+15,4.86121E+16
113484,113485,8,1,11,0,2016,5,13,3,3,5,3,0,0,0,1,0,0,0,0,5.15211E+20,5.40402E+21,9.20709E+15,4.8789E+16
113485,113486,8,2,21,0,2016,5,12,3,3,5,3,0,0,1,1,0,0,0,0,4.78664E+20,5.47343E+21,8.70586E+15,4.94132E+16
113486,113487,8,2,31,0,2016,5,18,2,3,6,4,0,0,0,1,1,0,0,0,4.80197E+20,5.41472E+21,8.72988E+15,4.88851E+16
113487,113488,8,2,12,0,2016,5,15,4,3,6,7,0,0,0,0,1,0,1,0,4.53131E+20,5.42787E+21,8.35918E+15,4.90019E+16
113488,113489,8,1,18,48,2016,5,16,6,3,5,2,0,0,1,1,0,0,0,0,5.12582E+20,5.41754E+21,9.17172E+15,4.89107E+16
113489,113490,8,1,16,71,2016,5,17,5,3,6,4,0,0,1,0,1,0,0,0,5.27032E+20,5.39032E+21,9.36712E+15,4.86654E+16
113490,113491,8,4,15,50,2016,5,11,5,2,5,3,0,0,1,1,0,0,0,0,5.22707E+20,5.37557E+21,9.30759E+15,4.85328E+16
113491,113492,8,1,16,80,2016,5,20,4,3,1,6,0,0,0,1,0,0,0,1,5.2005E+20,5.39585E+21,9.27257E+15,4.87154E+16
113492,113493,8,4,15,50,2016,5,18,2,2,5,3,0,0,1,1,0,0,0,0,5.21338E+20,5.37632E+21,9.28908E+15,4.85396E+16
113493,113494,8,1,25,69,2016,5,20,3,2,9,1,0,0,0,0,0,1,0,0,5.21511E+20,5.45659E+21,9.29565E+15,4.92617E+16
113494,113495,8,1,15,21,2016,5,18,4,3,5,3,0,0,1,1,0,0,0,0,4.9031E+20,5.38258E+21,8.86858E+15,4.85962E+16
113495,113496,8,4,35,16,2016,5,6,2,3,5,3,0,1,0,1,0,1,0,0,5.36475E+20,5.27875E+21,9.4858E+15,4.76611E+16
113496,113497,8,2,12,0,2016,5,16,3,3,0,6,0,0,0,1,0,0,0,0,4.5872E+20,5.42932E+21,8.43544E+15,4.90154E+16
113497,113498,8,3,35,75,2016,5,18,6,3,0,3,0,0,0,1,0,1,0,0,4.8895E+20,5.28889E+21,8.85257E+15,4.77533E+16
113498,113499,8,2,15,64,2016,5,10,2,3,8,1,0,1,0,1,0,0,0,0,4.79359E+20,5.45251E+21,8.71652E+15,4.9225E+16
113499,113500,8,1,18,76,2016,5,15,2,3,5,3,0,0,0,1,0,1,0,0,5.04123E+20,5.42328E+21,9.05632E+15,4.89624E+16
113500,113501,8,1,11,0,2016,5,14,6,3,0,1,0,1,1,0,0,0,0,0,5.13085E+20,5.40364E+21,9.17814E+15,4.87857E+16
113501,113502,8,1,15,24,2016,5,10,4,3,5,3,0,0,0,1,0,0,0,0,5.00935E+20,5.3882E+21,9.0127E+15,4.86469E+16
113502,113503,8,2,21,0,2016,5,16,5,3,1,6,0,0,0,1,0,1,0,0,4.77701E+20,5.47275E+21,8.69261E+15,4.9407E+16
113503,113504,8,1,11,0,2016,5,10,4,2,0,1,0,0,0,0,0,1,0,0,5.17376E+20,5.40483E+21,9.23659E+15,4.87962E+16
113504,113505,8,3,27,36,2016,5,18,2,2,0,1,0,0,0,0,0,1,0,0,4.91772E+20,5.31808E+21,8.88966E+15,4.80159E+16
113505,113506,8,2,12,0,2016,5,12,1,3,8,5,0,0,0,1,0,0,0,0,4.60798E+20,5.42783E+21,8.46401E+15,4.90022E+16
113506,113507,8,3,27,18,2016,5,12,7,3,5,3,0,0,0,1,0,0,0,1,4.75181E+20,5.30775E+21,8.66779E+15,4.79226E+16
113507,113508,8,1,19,8,2016,5,17,3,3,4,6,0,0,1,1,0,0,0,0,5.3426E+20,5.42112E+21,9.46786E+15,4.89421E+16
113508,113509,8,2,36,40,2016,5,18,6,3,5,3,0,0,1,0,0,0,0,0,4.88983E+20,5.42226E+21,8.84952E+15,4.89532E+16
113509,113510,8,3,37,66,2016,5,23,1,3,9,1,2,1,0,1,0,0,0,0,4.30177E+20,5.27016E+21,8.07147E+15,4.75811E+16
113510,113511,8,1,18,48,2016,5,15,7,3,0,7,0,0,0,1,0,1,0,0,5.15446E+20,5.41505E+21,9.2107E+15,4.88882E+16
113511,113512,8,1,11,0,2016,5,22,4,3,3,7,2,0,0,1,0,0,0,1,5.12766E+20,5.40832E+21,9.17394E+15,4.88277E+16
113512,113513,8,3,17,96,2016,5,10,6,3,0,5,0,0,1,1,0,0,0,0,4.21967E+20,5.36951E+21,7.94421E+15,4.84739E+16
113513,113514,8,1,35,19,2016,5,14,2,3,5,3,0,0,0,1,0,0,0,0,5.84538E+20,5.39139E+21,1.01482E+16,4.86699E+16
113514,113515,8,1,16,78,2016,5,18,2,3,0,1,0,0,0,0,0,1,0,1,5.10249E+20,5.39284E+21,9.13926E+15,4.86885E+16
113515,113516,8,2,12,0,2016,5,21,7,3,5,3,2,1,0,1,0,0,0,0,4.55377E+20,5.42877E+21,8.38979E+15,4.90102E+16
113516,113517,8,4,15,61,2016,5,16,5,3,0,1,0,0,0,0,0,1,0,0,5.15117E+20,5.37294E+21,9.20468E+15,4.85094E+16
113517,113518,8,1,11,0,2016,5,12,4,3,5,3,0,0,0,1,0,0,0,0,5.10859E+20,5.40251E+21,9.1478E+15,4.87755E+16
113518,113519,8,1,15,3,2016,5,0,5,2,9,1,2,0,0,1,0,0,0,0,4.99128E+20,5.39285E+21,8.98815E+15,4.86887E+16
113519,113520,8,1,21,0,2016,5,2,1,2,0,7,2,0,1,0,0,0,0,0,5.17791E+20,5.4432E+21,9.24393E+15,4.91414E+16
113520,113521,8,3,15,64,2016,5,10,7,3,5,3,0,0,0,1,0,0,0,0,4.21492E+20,5.31395E+21,7.94807E+15,4.79741E+16
113521,113522,8,1,15,3,2016,5,17,3,3,5,3,0,0,1,1,0,0,0,0,5.0029E+20,5.39154E+21,9.00393E+15,4.86769E+16
113522,113523,8,2,12,0,2016,5,8,4,3,9,7,0,0,0,1,0,0,0,0,4.52401E+20,5.42759E+21,8.34923E+15,4.89994E+16
113523,113524,8,4,36,82,2016,5,12,4,3,4,2,0,0,0,1,0,1,0,0,5.48137E+20,5.29542E+21,9.64296E+15,4.78103E+16
113524,113525,8,3,17,31,2016,5,9,1,3,5,3,0,0,0,1,0,1,0,0,4.17227E+20,5.35827E+21,7.88231E+15,4.83722E+16
113525,113526,8,1,15,45,2016,5,13,7,3,5,3,0,0,0,1,0,0,0,0,4.97005E+20,5.39666E+21,8.95928E+15,4.87229E+16
113526,113527,8,1,11,0,2016,5,17,4,2,5,3,0,0,1,1,0,0,0,0,5.10897E+20,5.41079E+21,9.14854E+15,4.885E+16
113527,113528,8,1,19,86,2016,5,11,5,3,4,6,0,0,0,1,0,0,0,0,5.36046E+20,5.40521E+21,9.49084E+15,4.87988E+16
113528,113529,8,3,37,2,2016,5,18,7,3,6,4,0,0,0,0,1,1,0,0,4.34075E+20,5.27086E+21,8.1232E+15,4.75878E+16
113529,113530,8,2,22,0,2016,5,14,7,2,5,3,0,0,1,1,0,0,0,0,4.61622E+20,5.4837E+21,8.46992E+15,4.95047E+16
113530,113531,8,3,11,0,2016,5,18,3,3,5,3,0,0,1,1,0,0,0,0,4.13397E+20,5.31659E+21,7.8391E+15,4.79967E+16
113531,113532,8,2,15,17,2016,5,21,4,3,6,7,1,0,0,0,1,0,1,0,4.54059E+20,5.4219E+21,8.37254E+15,4.89483E+16
113532,113533,8,4,35,59,2016,5,18,4,2,5,3,0,0,1,1,0,0,0,0,5.1281E+20,5.28992E+21,9.17094E+15,4.77625E+16
113533,113534,8,4,15,61,2016,5,14,6,3,0,1,0,0,1,0,0,0,0,0,5.13954E+20,5.37039E+21,9.18884E+15,4.84865E+16
113534,113535,8,1,11,0,2016,5,18,4,3,3,6,0,0,0,1,0,0,0,1,5.13468E+20,5.40329E+21,9.18333E+15,4.87824E+16
113535,113536,8,1,11,0,2016,5,17,3,3,5,3,0,0,0,1,0,0,0,0,5.13535E+20,5.40435E+21,9.18429E+15,4.8792E+16
113536,113537,8,3,37,126,2016,5,13,6,3,3,6,0,0,0,1,0,0,0,0,4.45717E+20,5.27591E+21,8.27739E+15,4.76343E+16
113537,113538,8,2,25,58,2016,5,18,2,3,6,1,0,0,0,0,1,0,0,1,5.07771E+20,5.46538E+21,9.10698E+15,4.93411E+16
113538,113539,8,4,15,50,2016,5,18,6,3,0,1,0,0,1,0,0,0,0,0,5.20867E+20,5.3763E+21,9.2827E+15,4.85395E+16
113539,113540,8,2,35,46,2016,5,17,3,3,5,3,0,0,1,1,0,0,0,0,4.78892E+20,5.37752E+21,8.71397E+15,4.85504E+16
113540,113541,8,3,11,0,2016,5,8,2,3,5,3,0,1,0,1,0,0,0,1,4.11887E+20,5.32136E+21,7.81788E+15,4.80394E+16
113541,113542,8,2,25,32,2016,5,17,4,3,1,2,0,0,0,1,0,0,0,0,5.34276E+20,5.4959E+21,9.47449E+15,4.96147E+16
113542,113543,8,1,19,67,2016,5,21,6,2,8,1,2,0,0,0,0,1,0,0,5.37838E+20,5.40667E+21,9.51538E+15,4.88119E+16
113543,113544,8,4,36,82,2016,5,12,3,3,5,3,0,1,1,1,0,0,0,0,5.47892E+20,5.29598E+21,9.63974E+15,4.78154E+16
113544,113545,8,4,25,33,2016,5,17,2,2,5,3,0,0,1,1,0,0,0,0,5.53285E+20,5.34828E+21,9.7183E+15,4.82855E+16
113545,113546,8,1,36,65,2016,5,7,3,3,6,7,0,0,1,0,1,0,0,0,5.58534E+20,5.40527E+21,9.79705E+15,4.87976E+16
113546,113547,8,2,37,24,2016,5,18,6,2,4,2,0,0,0,0,0,1,1,0,4.79455E+20,5.35934E+21,8.7225E+15,4.83869E+16
113547,113548,8,2,12,0,2016,5,15,2,3,5,3,0,0,0,1,0,0,0,0,4.55783E+20,5.42897E+21,8.39532E+15,4.9012E+16
113548,113549,8,1,17,19,2016,5,17,2,3,1,1,0,0,1,1,0,0,0,0,5.51119E+20,5.3936E+21,9.69465E+15,4.86934E+16
113549,113550,8,4,35,16,2016,5,7,5,3,1,7,0,0,1,0,0,0,0,1,5.326E+20,5.27903E+21,9.43422E+15,4.76639E+16
113550,113551,8,4,21,0,2016,5,13,3,3,6,2,0,1,0,1,1,0,0,0,5.73771E+20,5.36119E+21,9.99667E+15,4.83996E+16
113551,113552,8,2,22,0,2016,5,9,5,3,5,3,0,0,0,1,0,1,0,0,4.62641E+20,5.48296E+21,8.48406E+15,4.94981E+16
113552,113553,8,3,17,73,2016,5,19,2,3,5,3,0,0,0,1,0,1,0,0,4.11841E+20,5.34913E+21,7.81151E+15,4.82893E+16
113553,113554,8,1,36,44,2016,5,17,1,3,5,3,0,1,1,1,0,0,0,0,5.58478E+20,5.40848E+21,9.79675E+15,4.88265E+16
113554,113555,8,3,26,12,2016,5,15,5,3,2,6,0,0,1,1,0,0,0,0,4.62702E+20,5.31094E+21,8.50047E+15,4.79507E+16
113555,113556,8,3,36,69,2016,5,14,3,3,1,6,0,0,0,1,0,0,0,1,4.05359E+20,5.26734E+21,7.74211E+15,4.75525E+16
113556,113557,8,3,35,43,2016,5,17,2,3,6,7,0,0,0,0,1,0,0,1,5.1306E+20,5.27832E+21,9.17393E+15,4.76581E+16
113557,113558,8,2,12,0,2016,5,17,1,3,0,7,0,1,0,0,0,1,0,0,4.54311E+20,5.42927E+21,8.37516E+15,4.90146E+16
113558,113559,8,3,35,2,2016,5,8,7,3,0,1,0,1,0,0,0,1,0,0,5.05124E+20,5.28448E+21,9.06831E+15,4.77137E+16
113559,113560,8,1,19,90,2016,5,12,3,3,6,3,0,0,0,1,1,0,0,0,5.32133E+20,5.40589E+21,9.43762E+15,4.88051E+16
113560,113561,8,3,11,0,2016,5,14,6,3,1,1,0,0,0,1,0,0,0,0,4.10769E+20,5.31635E+21,7.80392E+15,4.79942E+16
113561,113562,8,2,25,91,2016,5,9,2,2,9,1,0,1,0,1,0,0,0,0,5.22936E+20,5.4756E+21,9.31632E+15,4.94327E+16
113562,113563,8,1,11,0,2016,5,9,2,3,6,2,0,1,0,1,1,0,0,0,5.123E+20,5.4028E+21,9.16742E+15,4.87781E+16
113563,113564,8,1,28,58,2016,5,11,7,3,3,5,0,0,1,1,0,0,0,0,5.59076E+20,5.48256E+21,9.81576E+15,4.94928E+16
113564,113565,8,3,11,0,2016,5,12,3,3,5,3,0,0,1,1,0,0,0,0,4.1123E+20,5.31689E+21,7.80999E+15,4.79992E+16
113565,113566,8,1,25,5,2016,5,18,5,3,5,3,0,0,1,0,0,0,0,0,5.15383E+20,5.4533E+21,9.21131E+15,4.92323E+16
113566,113567,8,4,26,97,2016,5,15,7,3,5,3,0,0,1,1,0,0,0,0,5.35006E+20,5.3308E+21,9.47045E+15,4.81295E+16
113567,113568,8,2,21,0,2016,5,14,7,2,4,2,0,0,0,1,0,0,0,0,4.76958E+20,5.47167E+21,8.68244E+15,4.93972E+16
113568,113569,8,2,21,0,2016,5,18,4,3,5,3,0,0,0,1,0,0,0,1,4.76413E+20,5.47265E+21,8.67487E+15,4.94061E+16
113569,113570,8,3,17,65,2016,5,19,7,3,0,1,0,0,1,0,0,0,0,0,4.15033E+20,5.35505E+21,7.85333E+15,4.83429E+16
113570,113571,8,1,18,73,2016,5,10,3,1,5,3,0,0,0,1,0,0,0,1,4.97086E+20,5.41967E+21,8.96022E+15,4.893E+16
113571,113572,8,2,22,0,2016,5,10,6,3,5,3,0,0,0,1,0,0,0,1,4.63494E+20,5.48631E+21,8.49553E+15,4.95283E+16
113572,113573,8,3,36,45,2016,5,0,1,3,5,2,2,1,0,1,0,0,0,0,3.99253E+20,5.28566E+21,7.65675E+15,4.77165E+16
113573,113574,8,1,16,19,2016,5,15,7,3,5,3,0,1,1,1,0,0,0,0,5.19791E+20,5.39885E+21,9.2692E+15,4.87423E+16
113574,113575,8,2,31,0,2016,5,12,3,3,6,5,0,1,0,1,1,0,0,0,4.7712E+20,5.41545E+21,8.68786E+15,4.88915E+16
113575,113576,8,3,36,50,2016,5,10,7,3,4,6,0,0,1,0,0,0,0,0,3.98706E+20,5.27434E+21,7.65208E+15,4.76145E+16
113576,113577,8,2,26,28,2016,5,16,7,2,2,6,0,1,0,1,0,1,0,0,4.73199E+20,5.48414E+21,8.62979E+15,4.95093E+16
113577,113578,8,2,12,0,2016,5,16,3,3,2,6,0,0,1,0,0,0,0,1,4.55646E+20,5.42875E+21,8.39347E+15,4.90101E+16
113578,113579,8,2,22,0,2016,5,15,4,3,6,7,0,0,0,1,1,0,0,0,4.62808E+20,5.48605E+21,8.48609E+15,4.9526E+16
113579,113580,8,2,12,0,2016,5,13,6,3,5,2,0,0,1,1,0,0,0,0,4.58398E+20,5.43121E+21,8.43085E+15,4.90324E+16
113580,113581,8,4,15,14,2016,5,14,4,3,2,6,0,0,0,1,0,0,0,0,5.25789E+20,5.37484E+21,9.34928E+15,4.85262E+16
113581,113582,8,2,31,0,2016,5,16,3,2,0,1,0,1,0,0,0,1,0,0,4.78941E+20,5.41689E+21,8.71263E+15,4.89046E+16
113582,113583,8,4,36,94,2016,5,18,2,3,4,6,0,0,0,1,0,1,0,0,5.69703E+20,5.28305E+21,9.92899E+15,4.76971E+16
113583,113584,8,3,36,8,2016,5,12,4,3,2,6,0,0,0,1,0,0,0,0,3.95502E+20,5.27558E+21,7.60916E+15,4.76251E+16
113584,113585,8,1,11,0,2016,5,8,7,3,5,3,0,0,0,1,0,0,0,0,5.08657E+20,5.39592E+21,9.11769E+15,4.87163E+16
113585,113586,8,2,31,0,2016,5,18,3,3,1,3,0,0,1,1,0,0,0,0,4.75896E+20,5.41373E+21,8.67127E+15,4.88761E+16
113586,113587,8,2,26,85,2016,5,13,3,2,9,1,0,0,0,1,0,0,0,0,4.89011E+20,5.4584E+21,8.84891E+15,4.92782E+16
113587,113588,8,2,15,17,2016,5,5,2,3,5,3,1,1,0,1,0,0,0,0,4.56263E+20,5.42097E+21,8.40274E+15,4.89401E+16
113588,113589,8,2,22,0,2016,5,15,4,3,2,6,0,0,0,1,0,0,0,0,4.61133E+20,5.48524E+21,8.46301E+15,4.95185E+16
113589,113590,8,1,18,48,2016,5,10,6,3,5,3,0,0,1,1,0,0,0,0,5.1319E+20,5.41591E+21,9.17996E+15,4.8896E+16
113590,113591,8,4,15,78,2016,5,12,5,3,0,1,0,0,1,0,0,0,0,0,5.3429E+20,5.37012E+21,9.46403E+15,4.84833E+16
113591,113592,8,2,22,0,2016,5,20,3,3,5,3,1,0,0,1,0,0,0,0,4.61203E+20,5.482E+21,8.4643E+15,4.94894E+16
113592,113593,8,4,15,14,2016,5,19,2,3,6,4,0,0,0,1,1,0,0,0,5.25456E+20,5.37519E+21,9.34479E+15,4.85293E+16
113593,113594,8,1,27,14,2016,5,18,3,2,0,7,0,0,1,0,0,0,0,0,5.76696E+20,5.44427E+21,1.00517E+16,4.91465E+16
113594,113595,8,3,17,96,2016,5,23,6,3,0,7,2,0,1,0,0,0,0,0,4.2185E+20,5.36892E+21,7.94273E+15,4.84686E+16
113595,113596,8,1,36,42,2016,5,16,2,3,6,4,0,0,0,1,1,0,0,0,5.50454E+20,5.40506E+21,9.68701E+15,4.87964E+16
113596,113597,8,2,22,0,2016,5,8,3,3,5,5,0,0,1,1,0,0,0,0,4.64075E+20,5.47706E+21,8.5044E+15,4.94451E+16
113597,113598,8,3,37,126,2016,5,17,6,3,5,3,0,0,0,1,0,0,0,0,4.45448E+20,5.27604E+21,8.2738E+15,4.76355E+16
113598,113599,8,2,15,107,2016,5,5,2,3,5,3,1,1,0,1,0,0,0,0,4.63719E+20,5.45543E+21,8.50146E+15,4.92506E+16
113599,113600,8,2,22,0,2016,5,9,4,3,2,2,0,0,0,1,0,0,1,0,4.60502E+20,5.48154E+21,8.45467E+15,4.94852E+16
113600,113601,8,1,25,69,2016,5,7,2,3,6,6,1,0,0,1,1,0,0,0,5.24302E+20,5.45389E+21,9.33384E+15,4.92373E+16
113601,113602,8,1,11,0,2016,5,16,6,3,6,7,0,0,0,0,1,0,0,1,5.11464E+20,5.40098E+21,9.15599E+15,4.87617E+16
113602,113603,8,2,22,0,2016,5,12,3,2,0,7,0,1,1,0,0,0,0,0,4.67724E+20,5.48283E+21,8.55427E+15,4.94972E+16
113603,113604,8,2,12,0,2016,5,17,5,2,4,6,0,0,1,0,0,0,0,0,4.57522E+20,5.42871E+21,8.41913E+15,4.90098E+16
113604,113605,8,2,21,0,2016,5,8,3,3,5,3,0,1,1,1,0,0,0,0,4.74318E+20,5.47179E+21,8.64605E+15,4.93982E+16
113605,113606,8,3,27,46,2016,5,5,2,3,4,2,1,1,0,1,0,1,0,0,4.79142E+20,5.32379E+21,8.72002E+15,4.8067E+16
113606,113607,8,2,25,75,2016,5,17,1,3,1,6,0,1,0,1,0,0,0,0,5.30946E+20,5.47544E+21,9.42679E+15,4.94309E+16
113607,113608,8,3,35,63,2016,5,16,7,3,0,1,0,0,1,0,0,0,0,0,4.97125E+20,5.28784E+21,8.96164E+15,4.77439E+16
113608,113609,8,1,19,20,2016,5,16,3,3,3,2,0,0,1,1,0,0,0,0,5.19919E+20,5.40678E+21,9.27132E+15,4.88137E+16
113609,113610,8,2,12,0,2016,5,20,6,2,2,6,0,0,0,0,0,1,0,0,4.51589E+20,5.43163E+21,8.33766E+15,4.90356E+16
113610,113611,8,4,17,79,2016,5,10,1,2,0,1,0,0,0,1,0,0,0,0,5.00102E+20,5.34754E+21,9.00137E+15,4.82811E+16
113611,113612,8,1,18,73,2016,5,20,7,3,5,3,0,0,0,1,0,1,0,0,4.97858E+20,5.41897E+21,8.97076E+15,4.89237E+16
113612,113613,8,2,12,0,2016,5,2,3,3,7,1,2,1,0,1,0,0,0,0,4.55211E+20,5.4343E+21,8.38691E+15,4.90599E+16
113613,113614,8,1,21,0,2016,5,17,5,3,0,7,0,0,1,0,0,0,0,0,5.15766E+20,5.44294E+21,9.21616E+15,4.91391E+16
113614,113615,8,1,16,42,2016,5,17,2,3,5,3,0,0,1,1,0,0,0,0,5.17039E+20,5.38204E+21,9.23107E+15,4.85912E+16
113615,113616,8,2,12,0,2016,5,5,7,3,0,1,0,0,0,0,0,1,0,0,4.51469E+20,5.43574E+21,8.33552E+15,4.90726E+16
113616,113617,8,4,16,22,2016,5,14,5,2,0,7,0,0,1,0,0,0,0,0,5.10309E+20,5.37602E+21,9.13966E+15,4.85372E+16
113617,113618,8,2,15,102,2016,5,13,3,3,4,2,0,1,0,1,0,0,0,0,4.55733E+20,5.4386E+21,8.39358E+15,4.90987E+16
113618,113619,8,2,16,24,2016,5,12,5,3,1,5,0,0,1,1,0,0,0,0,4.47285E+20,5.40851E+21,8.28177E+15,4.88273E+16
113619,113620,8,1,28,139,2016,5,14,1,2,5,3,0,0,1,1,0,0,0,0,5.50581E+20,5.49111E+21,9.69957E+15,4.95705E+16